停留所名,事業者名,バス系統
岩石,新潟交通観光バス（株）,勝木（営）-府屋中町-雷線
遅ノ郷,新潟交通観光バス（株）,勝木（営）-府屋中町-雷線
杉平,新潟交通観光バス（株）,勝木（営）-府屋中町-雷線
府屋中町,村上市,寒川〜府屋中町線
府屋中町,新潟交通観光バス（株）,"大毎-勝木（営）-府屋中町線, 勝木（営）-府屋中町-雷線, 勝木（営）-府屋中町-中継線"
府屋上町,新潟交通観光バス（株）,"勝木（営）-府屋中町-雷線, 勝木（営）-府屋中町-中継線"
山北中学校前,新潟交通観光バス（株）,"勝木（営）-府屋中町-雷線, 勝木（営）-府屋中町-中継線"
堀ノ内,新潟交通観光バス（株）,"勝木（営）-府屋中町-雷線, 勝木（営）-府屋中町-中継線"
温出,新潟交通観光バス（株）,"勝木（営）-府屋中町-雷線, 勝木（営）-府屋中町-中継線"
山北支所前,村上市,寒川〜府屋中町線
山北支所前,新潟交通観光バス（株）,"大毎-勝木（営）-府屋中町線, 勝木（営）-府屋中町-雷線, 勝木（営）-府屋中町-中継線"
府屋駅前,村上市,寒川〜府屋中町線
府屋駅前,新潟交通観光バス（株）,"大毎-勝木（営）-府屋中町線, 勝木（営）-府屋中町-雷線, 勝木（営）-府屋中町-中継線"
小俣,新潟交通観光バス（株）,勝木（営）-府屋中町-雷線
日本国麓郵便局前,新潟交通観光バス（株）,勝木（営）-府屋中町-雷線
塔ノ下,新潟交通観光バス（株）,勝木（営）-府屋中町-中継線
大代,新潟交通観光バス（株）,勝木（営）-府屋中町-雷線
雷,新潟交通観光バス（株）,勝木（営）-府屋中町-雷線
碁石,村上市,寒川〜府屋中町線
碁石,新潟交通観光バス（株）,"大毎-勝木（営）-府屋中町線, 勝木（営）-府屋中町-雷線, 勝木（営）-府屋中町-中継線"
福祉センター前,村上市,寒川〜府屋中町線
福祉センター前,新潟交通観光バス（株）,"大毎-勝木（営）-府屋中町線, 勝木（営）-府屋中町-雷線, 勝木（営）-府屋中町-中継線"
勝木駅前,新潟交通観光バス（株）,"大毎-勝木（営）-府屋中町線, 勝木（営）-府屋中町-雷線, 勝木（営）-府屋中町-中継線"
山北徳洲会病院前,村上市,寒川〜府屋中町線
山北徳洲会病院前,新潟交通観光バス（株）,"大毎-勝木（営）-府屋中町線, 勝木（営）-府屋中町-雷線, 勝木（営）-府屋中町-中継線"
勝木三差路,新潟交通観光バス（株）,"大毎-勝木（営）-府屋中町線, 勝木（営）-府屋中町-中継線"
勝木中町,新潟交通観光バス（株）,"大毎-勝木（営）-府屋中町線, 勝木（営）-府屋中町-中継線"
さんぽく小学校,新潟交通観光バス（株）,"大毎-勝木（営）-府屋中町線, 勝木（営）-府屋中町-中継線"
荒川口,新潟交通観光バス（株）,勝木（営）-府屋中町-中継線
勝木営業所,新潟交通観光バス（株）,"大毎-勝木（営）-府屋中町線, 勝木（営）-府屋中町-中継線"
寝屋,村上市,寒川〜府屋中町線
興屋,新潟交通観光バス（株）,勝木（営）-府屋中町-中継線
半太平,新潟交通観光バス（株）,勝木（営）-府屋中町-中継線
荒川口上,新潟交通観光バス（株）,勝木（営）-府屋中町-中継線
立島,新潟交通観光バス（株）,大毎-勝木（営）-府屋中町線
上大蔵,新潟交通観光バス（株）,大毎-勝木（営）-府屋中町線
鵜泊,村上市,寒川〜府屋中町線
朴平,新潟交通観光バス（株）,勝木（営）-府屋中町-中継線
中継,新潟交通観光バス（株）,勝木（営）-府屋中町-中継線
長坂,新潟交通観光バス（株）,大毎-勝木（営）-府屋中町線
板屋沢,新潟交通観光バス（株）,大毎-勝木（営）-府屋中町線
下大鳥入口,新潟交通観光バス（株）,大毎-勝木（営）-府屋中町線
赤谷前,新潟交通観光バス（株）,大毎-勝木（営）-府屋中町線
下大鳥,新潟交通観光バス（株）,大毎-勝木（営）-府屋中町線
田中前,新潟交通観光バス（株）,大毎-勝木（営）-府屋中町線
上大鳥,新潟交通観光バス（株）,大毎-勝木（営）-府屋中町線
芦谷,村上市,寒川〜府屋中町線
中津原,新潟交通観光バス（株）,大毎-勝木（営）-府屋中町線
寒川,村上市,寒川〜府屋中町線
寒川,新潟交通観光バス（株）,村上-馬下　寒川-府屋線
北中,新潟交通観光バス（株）,"大毎-勝木（営）-府屋中町線, 村上-北中線"
北中上,新潟交通観光バス（株）,"大毎-勝木（営）-府屋中町線, 村上-北中線"
脇川,新潟交通観光バス（株）,村上-馬下　寒川-府屋線
大毎下,新潟交通観光バス（株）,大毎-勝木（営）-府屋中町線
大毎宮前,新潟交通観光バス（株）,村上-北中線
大毎,新潟交通観光バス（株）,大毎-勝木（営）-府屋中町線
大沢入口,新潟交通観光バス（株）,村上-北中線
今川,新潟交通観光バス（株）,村上-馬下　寒川-府屋線
板貝,新潟交通観光バス（株）,村上-馬下　寒川-府屋線
中小屋,新潟交通観光バス（株）,村上-北中線
葡萄,新潟交通観光バス（株）,村上-北中線
葡萄入口,新潟交通観光バス（株）,村上-北中線
笹川,新潟交通観光バス（株）,村上-馬下　寒川-府屋線
桑川漁港入口,新潟交通観光バス（株）,村上-馬下　寒川-府屋線
桑川駅前,新潟交通観光バス（株）,村上-馬下　寒川-府屋線
浜新保,新潟交通観光バス（株）,村上-馬下　寒川-府屋線
大行鉱泉前,新潟交通観光バス（株）,村上-北中線
下大行,新潟交通観光バス（株）,村上-北中線
大行,新潟交通観光バス（株）,村上-北中線
馬下,新潟交通観光バス（株）,村上-馬下　寒川-府屋線
大須戸,新潟交通観光バス（株）,村上-大須戸
塩野町車庫前,新潟交通観光バス（株）,"村上-北中線, 村上-塩野町車庫前, 村上-大須戸"
食堂IRORI前,新潟交通観光バス（株）,村上-岩沢-高根線
雲上橋,新潟交通観光バス（株）,村上-岩沢-高根線
高根グランド前,新潟交通観光バス（株）,村上-岩沢-高根線
高根,新潟交通観光バス（株）,村上-岩沢-高根線
竜門寺前,新潟交通観光バス（株）,"村上-北中線, 村上-塩野町車庫前, 村上-大須戸"
塩野町郵便局前,新潟交通観光バス（株）,"村上-北中線, 村上-塩野町車庫前, 村上-大須戸"
早川,新潟交通観光バス（株）,村上-馬下　寒川-府屋線
荒沢入口,新潟交通観光バス（株）,村上-岩沢-高根線
塩野町,新潟交通観光バス（株）,"村上-北中線, 村上-塩野町車庫前, 村上-大須戸"
北大平,新潟交通観光バス（株）,村上-岩沢-高根線
松岡,新潟交通観光バス（株）,"村上-北中線, 村上-塩野町車庫前, 村上-大須戸"
早川駅前,新潟交通観光バス（株）,村上-馬下　寒川-府屋線
早稲田,新潟交通観光バス（株）,"村上-北中線, 村上-塩野町車庫前, 村上-大須戸"
早稲田三差路,新潟交通観光バス（株）,"村上-北中線, 村上-塩野町車庫前, 村上-大須戸"
吉浦,新潟交通観光バス（株）,村上-馬下　寒川-府屋線
関口上通前,新潟交通観光バス（株）,村上-岩沢-高根線
板屋越,新潟交通観光バス（株）,"村上-北中線, 村上-塩野町車庫前"
関口,新潟交通観光バス（株）,"村上-大須戸, 村上-岩沢-高根線"
板屋越三差路,新潟交通観光バス（株）,"村上-北中線, 村上-塩野町車庫前"
関口診療所前,新潟交通観光バス（株）,"村上-大須戸, 村上-岩沢-高根線"
村上市ごみ処理場前,新潟交通観光バス（株）,"村上-北中線, 村上-塩野町車庫前"
桧原上通,新潟交通観光バス（株）,"村上-北中線, 村上-塩野町車庫前"
柏尾,新潟交通観光バス（株）,村上-馬下　寒川-府屋線
桧原中通,新潟交通観光バス（株）,"村上-北中線, 村上-塩野町車庫前"
桧原,新潟交通観光バス（株）,"村上-北中線, 村上-塩野町車庫前"
黒田,新潟交通観光バス（株）,"村上-大須戸, 村上-岩沢-高根線"
猿沢上町,新潟交通観光バス（株）,"村上-北中線, 村上-塩野町車庫前"
猿沢,新潟交通観光バス（株）,"村上-北中線, 村上-塩野町車庫前"
朝日みどり小学校前,新潟交通観光バス（株）,"村上-大須戸, 村上-岩沢-高根線"
猿沢学校前,新潟交通観光バス（株）,"村上-北中線, 村上-塩野町車庫前"
上野,新潟交通観光バス（株）,"村上-北中線, 村上-塩野町車庫前"
中原,新潟交通観光バス（株）,"村上-大須戸, 村上-岩沢-高根線"
間島,新潟交通観光バス（株）,村上-馬下　寒川-府屋線
森林研究所前,新潟交通観光バス（株）,"村上-北中線, 村上-塩野町車庫前"
朝日支所前,新潟交通観光バス（株）,"村上-大須戸, 村上-岩沢-高根線"
野村,新潟交通観光バス（株）,"村上-大須戸, 村上-岩沢-高根線"
野潟,新潟交通観光バス（株）,村上-馬下　寒川-府屋線
鵜渡路,新潟交通観光バス（株）,"村上-北中線, 村上-塩野町車庫前"
河端道,新潟交通観光バス（株）,"村上-大須戸, 村上-岩沢-高根線"
布部,新潟交通観光バス（株）,"村上-布部-縄文の里朝日線, 村上営業所-村上総合病院・新町-縄文の里朝日"
上布部,新潟交通観光バス（株）,"村上-布部-縄文の里朝日線, 村上営業所-村上総合病院・新町-縄文の里朝日"
新屋,新潟交通観光バス（株）,"村上-布部-縄文の里朝日線, 村上営業所-村上総合病院・新町-縄文の里朝日"
大月,新潟交通観光バス（株）,村上-馬下　寒川-府屋線
岩沢,新潟交通観光バス（株）,"村上-大須戸, 村上-岩沢-高根線"
三面小学校前,新潟交通観光バス（株）,"村上-布部-縄文の里朝日線, 村上営業所-村上総合病院・新町-縄文の里朝日"
中新保,新潟交通観光バス（株）,"村上-布部-縄文の里朝日線, 村上営業所-村上総合病院・新町-縄文の里朝日"
宮ノ下,新潟交通観光バス（株）,"村上-北中線, 村上-塩野町車庫前"
堀野入口,新潟交通観光バス（株）,"村上-布部-縄文の里朝日線, 村上営業所-村上総合病院・新町-縄文の里朝日"
下新保,新潟交通観光バス（株）,"村上-大須戸, 村上-岩沢-高根線"
上中島,新潟交通観光バス（株）,"村上-布部-縄文の里朝日線, 村上営業所-村上総合病院・新町-縄文の里朝日"
高田入口,新潟交通観光バス（株）,"村上-大須戸, 村上-岩沢-高根線"
石住,新潟交通観光バス（株）,"村上-布部-縄文の里朝日線, 村上営業所-村上総合病院・新町-縄文の里朝日"
上十川,新潟交通観光バス（株）,"村上-大須戸, 村上-岩沢-高根線"
布部茸センター前,新潟交通観光バス（株）,"村上-布部-縄文の里朝日線, 村上営業所-村上総合病院・新町-縄文の里朝日"
岩ケ崎,新潟交通観光バス（株）,村上-馬下　寒川-府屋線
新開,新潟交通観光バス（株）,"村上-布部-縄文の里朝日線, 村上営業所-村上総合病院・新町-縄文の里朝日"
小川国道,新潟交通観光バス（株）,"村上-北中線, 村上-塩野町車庫前"
十川,新潟交通観光バス（株）,"村上-大須戸, 村上-岩沢-高根線"
千縄,新潟交通観光バス（株）,"村上-布部-縄文の里朝日線, 村上営業所-村上総合病院・新町-縄文の里朝日"
茎太,新潟交通観光バス（株）,"村上-布部-縄文の里朝日線, 村上営業所-村上総合病院・新町-縄文の里朝日"
小川,新潟交通観光バス（株）,村上-塩野町車庫前
大場沢東,新潟交通観光バス（株）,"村上-布部-縄文の里朝日線, 村上営業所-村上総合病院・新町-縄文の里朝日"
小川小学校前,新潟交通観光バス（株）,"村上-大須戸, 村上-岩沢-高根線, 村上-布部-縄文の里朝日線, 村上営業所-村上総合病院・新町-縄文の里朝日"
大場沢,新潟交通観光バス（株）,"村上-布部-縄文の里朝日線, 村上営業所-村上総合病院・新町-縄文の里朝日"
大場沢西,新潟交通観光バス（株）,"村上-布部-縄文の里朝日線, 村上営業所-村上総合病院・新町-縄文の里朝日"
古渡路,新潟交通観光バス（株）,村上-大須戸
古渡路（国道）,新潟交通観光バス（株）,"村上-北中線, 村上-岩沢-高根線, 村上-布部-縄文の里朝日線, 村上営業所-村上総合病院・新町-縄文の里朝日"
岩崩,新潟交通観光バス（株）,"村上-布部-縄文の里朝日線, 村上営業所-村上総合病院・新町-縄文の里朝日"
四日市,新潟交通観光バス（株）,"村上-塩野町車庫前, 村上-大須戸"
三面発電所,新潟交通観光バス（株）,"村上-布部-縄文の里朝日線, 村上営業所-村上総合病院・新町-縄文の里朝日"
縄文の里朝日,新潟交通観光バス（株）,"村上-布部-縄文の里朝日線, 村上営業所-村上総合病院・新町-縄文の里朝日"
四日市（国道）,新潟交通観光バス（株）,"村上-北中線, 村上-岩沢-高根線, 村上-布部-縄文の里朝日線, 村上営業所-村上総合病院・新町-縄文の里朝日"
天神岡,新潟交通観光バス（株）,"村上-北中線, 村上-岩沢-高根線, 村上-布部-縄文の里朝日線, 村上営業所-村上総合病院・新町-縄文の里朝日"
瀬波中町,村上市,せなみ巡回バス
松波町,村上市,せなみ巡回バス
瀬波上町,村上市,せなみ巡回バス
山辺里,新潟交通観光バス（株）,"村上-塩野町車庫前, 村上-大須戸"
瀬波地域コミュニティセンター前,村上市,せなみ巡回バス
瀬波地域コミュニティセンター前,新潟交通観光バス（株）,村上-馬下　寒川-府屋線
片町三差路,村上市,まちなか循環バス大回り
片町三差路,新潟交通観光バス（株）,"村上-塩野町車庫前, 村上-大須戸, 村上-布部-縄文の里朝日線"
片町,村上市,まちなか循環バス大回り
片町,新潟交通観光バス（株）,"村上-塩野町車庫前, 村上-大須戸, 村上-布部-縄文の里朝日線"
秋葉神社前,村上市,まちなか循環バス大回り
秋葉神社前,新潟交通観光バス（株）,"村上-塩野町車庫前, 村上-大須戸, 村上-布部-縄文の里朝日線"
加賀町,村上市,まちなか循環バス大回り
山辺里（国道）,新潟交通観光バス（株）,"村上-北中線, 村上-岩沢-高根線, 村上-布部-縄文の里朝日線, 村上営業所-村上総合病院・新町-縄文の里朝日"
泉町,新潟交通観光バス（株）,"村上-塩野町車庫前, 村上-大須戸, 村上-布部-縄文の里朝日線"
上片町,村上市,まちなか循環バス大回り
上片町,新潟交通観光バス（株）,"村上-塩野町車庫前, 村上-大須戸, 村上-布部-縄文の里朝日線"
中等教育学校前,村上市,せなみ巡回バス
中等教育学校前,新潟交通観光バス（株）,村上-馬下　寒川-府屋線
イヨボヤ会館,村上市,まちなか循環バス大回り
はまなす病院前,村上市,せなみ巡回バス
小助島,新潟交通観光バス（株）,"村上-塩野町車庫前, 村上-大須戸, 村上-布部-縄文の里朝日線"
石原,村上市,まちなか循環バス大回り
石原,新潟交通観光バス（株）,村上-布部-縄文の里朝日線
塩町,村上市,まちなか循環バス大回り
村上小町郵便局前,村上市,まちなか循環バス小回り
鍛冶町（北線）,村上市,まちなか循環バス大回り
塩町稲荷神社前,村上市,まちなか循環バス大回り
小町,村上市,まちなか循環バス小回り
三之町,村上市,まちなか循環バス大回り
しぶや小児科前,村上市,まちなか循環バス大回り
しぶや小児科前,新潟交通観光バス（株）,"下関-新町-村上線, 村上営業所-村上総合病院・新町-縄文の里朝日"
村上小学校前,村上市,まちなか循環バス小回り
村上保健所前,村上市,まちなか循環バス大回り
村上保健所前,新潟交通観光バス（株）,"村上-塩野町車庫前, 村上-大須戸, 村上-布部-縄文の里朝日線"
大欠,村上市,"まちなか循環バス大回り, せなみ巡回バス"
大欠,新潟交通観光バス（株）,"下関-新町-村上線, 村上-北中線, 村上-塩野町車庫前, 村上-大須戸, 村上-岩沢-高根線, 村上営業所-村上総合病院・新町-縄文の里朝日, 村上-松喜和-小岩内線, 村上-瀬波温泉-岩船駅線, 村上-馬下　寒川-府屋線"
新町（国道）,村上市,まちなか循環バス大回り
新町（国道）,新潟交通観光バス（株）,"村上-北中線, 村上-岩沢-高根線, 村上営業所-村上総合病院・新町-縄文の里朝日"
大町,村上市,まちなか循環バス小回り
鍛冶町,村上市,まちなか循環バス小回り
鍛治町,新潟交通観光バス（株）,"村上-松喜和-小岩内線, 村上-瀬波温泉-岩船駅線, 村上-馬下　寒川-府屋線"
肴町上通,新潟交通観光バス（株）,"村上-松喜和-小岩内線, 村上-瀬波温泉-岩船駅線, 村上-馬下　寒川-府屋線"
小国町,村上市,まちなか循環バス小回り
小国町,新潟交通観光バス（株）,"村上-松喜和-小岩内線, 村上-瀬波温泉-岩船駅線, 村上-馬下　寒川-府屋線"
あかまつ荘前,村上市,せなみ巡回バス
村上市役所,村上市,まちなか循環バス小回り
新町,村上市,まちなか循環バス大回り
新町,新潟交通観光バス（株）,"下関-新町-村上線, 村上営業所-村上総合病院・新町-縄文の里朝日"
安良町,村上市,まちなか循環バス小回り
安良町,新潟交通観光バス（株）,"村上-松喜和-小岩内線, 村上-瀬波温泉-岩船駅線, 村上-馬下　寒川-府屋線"
二之町,村上市,まちなか循環バス大回り
二之町,新潟交通観光バス（株）,"下関-新町-村上線, 村上営業所-村上総合病院・新町-縄文の里朝日"
肴町弁天坂,村上市,まちなか循環バス小回り
はまなす荘,さくら交通（株）,新潟空港・瀬波温泉ミニライナー（直行便）
肴町,村上市,"まちなか循環バス大回り, せなみ巡回バス"
肴町,新潟交通観光バス（株）,"下関-新町-村上線, 村上-北中線, 村上-塩野町車庫前, 村上-大須戸, 村上-岩沢-高根線, 村上-布部-縄文の里朝日線, 村上営業所-村上総合病院・新町-縄文の里朝日, 村上-松喜和-小岩内線, 村上-瀬波温泉-岩船駅線, 村上-馬下　寒川-府屋線"
緑町,村上市,"まちなか循環バス大回り, せなみ巡回バス"
緑町,新潟交通観光バス（株）,"下関-新町-村上線, 村上-北中線, 村上-塩野町車庫前, 村上-大須戸, 村上-岩沢-高根線, 村上営業所-村上総合病院・新町-縄文の里朝日, 村上-松喜和-小岩内線, 村上-瀬波温泉-岩船駅線, 村上-馬下　寒川-府屋線"
中央図書館前,村上市,まちなか循環バス小回り
ニューハートピア新潟瀬波,さくら交通（株）,新潟空港・瀬波温泉ミニライナー（直行便）
村上税務署前,村上市,まちなか循環バス大回り
上町,村上市,"まちなか循環バス大回り, まちなか循環バス小回り"
上町,新潟交通観光バス（株）,"下関-新町-村上線, 村上営業所-村上総合病院・新町-縄文の里朝日, 村上-松喜和-小岩内線, 村上-瀬波温泉-岩船駅線, 村上-馬下　寒川-府屋線"
旧病院前（花）,新潟交通観光バス（株）,"村上-塩野町車庫前, 村上-大須戸, 村上-布部-縄文の里朝日線, 村上営業所-村上総合病院・新町-縄文の里朝日, 村上-松喜和-小岩内線, 村上-瀬波温泉-岩船駅線, 村上-馬下　寒川-府屋線"
長井町,村上市,まちなか循環バス小回り
NTT前,村上市,まちなか循環バス大回り
NTT前,新潟交通観光バス（株）,"下関-新町-村上線, 村上営業所-村上総合病院・新町-縄文の里朝日, 村上-松喜和-小岩内線, 村上-瀬波温泉-岩船駅線, 村上-馬下　寒川-府屋線"
飯野,村上市,まちなか循環バス大回り
村上駅前,村上市,"まちなか循環バス大回り, まちなか循環バス小回り, せなみ巡回バス"
村上駅前,新潟交通観光バス（株）,"下関-新町-村上線, 村上-北中線, 村上-塩野町車庫前, 村上-大須戸, 村上-岩沢-高根線, 村上-布部-縄文の里朝日線, 村上営業所-村上総合病院・新町-縄文の里朝日, 村上-松喜和-小岩内線, 村上-瀬波温泉-岩船駅線, 村上-馬下　寒川-府屋線"
旧病院前,村上市,"まちなか循環バス大回り, まちなか循環バス小回り, せなみ巡回バス"
村上営業所,村上市,"まちなか循環バス大回り, まちなか循環バス小回り, せなみ巡回バス"
村上営業所,新潟交通観光バス（株）,"下関-新町-村上線, 村上-北中線, 村上-塩野町車庫前, 村上-大須戸, 村上-岩沢-高根線, 村上-布部-縄文の里朝日線, 村上営業所-村上総合病院・新町-縄文の里朝日, 村上-松喜和-小岩内線, 村上-瀬波温泉-岩船駅線, 村上-馬下　寒川-府屋線"
旧病院前（P）,新潟交通観光バス（株）,"下関-新町-村上線, 村上-北中線, 村上-岩沢-高根線, 村上営業所-村上総合病院・新町-縄文の里朝日"
田口,新潟交通観光バス（株）,"下関-新町-村上線, 村上-北中線, 村上-岩沢-高根線"
営林署前,新潟交通観光バス（株）,"村上-松喜和-小岩内線, 村上-瀬波温泉-岩船駅線"
羽黒町,村上市,まちなか循環バス小回り
村上高校奨学会館前,村上市,まちなか循環バス大回り
瀬波温泉なぎさ通り,村上市,せなみ巡回バス
村上高校前,村上市,"まちなか循環バス大回り, まちなか循環バス小回り"
村上高校前,新潟交通観光バス（株）,"村上-北中線, 村上-岩沢-高根線"
村上総合病院前,村上市,"まちなか循環バス大回り, せなみ巡回バス"
村上総合病院前,新潟交通観光バス（株）,"下関-新町-村上線, 村上-北中線, 村上-塩野町車庫前, 村上-大須戸, 村上-岩沢-高根線, 村上営業所-村上総合病院・新町-縄文の里朝日, 村上-松喜和-小岩内線, 村上-瀬波温泉-岩船駅線, 村上-馬下　寒川-府屋線"
静雲荘,さくら交通（株）,新潟空港・瀬波温泉ミニライナー（直行便）
松山妙智会前,新潟交通観光バス（株）,"村上-松喜和-小岩内線, 村上-瀬波温泉-岩船駅線"
瀬波病院,村上市,せなみ巡回バス
県営南町住宅前,村上市,まちなか循環バス小回り
村上警察署前,村上市,まちなか循環バス大回り
南町,村上市,まちなか循環バス小回り
牛沢,新潟交通観光バス（株）,"下関-新町-村上線, 村上-北中線, 村上-岩沢-高根線"
山居町二丁目,村上市,"まちなか循環バス大回り, まちなか循環バス小回り"
山居町二丁目,新潟交通観光バス（株）,"村上-北中線, 村上-岩沢-高根線"
瀬波温泉入口,新潟交通観光バス（株）,"村上-松喜和-小岩内線, 村上-瀬波温泉-岩船駅線"
山居町一丁目,村上市,"まちなか循環バス大回り, まちなか循環バス小回り"
龍泉,さくら交通（株）,新潟空港・瀬波温泉ミニライナー（直行便）
はぎのや,さくら交通（株）,新潟空港・瀬波温泉ミニライナー（直行便）
吉田や,さくら交通（株）,新潟空港・瀬波温泉ミニライナー（直行便）
瀬波温泉前,村上市,せなみ巡回バス
瀬波温泉前,新潟交通観光バス（株）,"村上-松喜和-小岩内線, 村上-瀬波温泉-岩船駅線"
大和屋旅館,さくら交通（株）,新潟空港・瀬波温泉ミニライナー（直行便）
汐美荘,さくら交通（株）,新潟空港・瀬波温泉ミニライナー（直行便）
瀬波海岸前,新潟交通観光バス（株）,"村上-松喜和-小岩内線, 村上-瀬波温泉-岩船駅線"
大観荘せなみの湯,さくら交通（株）,新潟空港・瀬波温泉ミニライナー（直行便）
磐舟,さくら交通（株）,新潟空港・瀬波温泉ミニライナー（直行便）
瀬波三丁目,新潟交通観光バス（株）,"村上-松喜和-小岩内線, 村上-瀬波温泉-岩船駅線"
村上IC入口,新潟交通観光バス（株）,"下関-新町-村上線, 村上-北中線, 村上-岩沢-高根線"
岩船港鮮魚センター前,新潟交通観光バス（株）,"村上-松喜和-小岩内線, 村上-瀬波温泉-岩船駅線"
上助渕,新潟交通観光バス（株）,下関-新町-村上線
瀬波ビューホテル,さくら交通（株）,新潟空港・瀬波温泉ミニライナー（直行便）
諸上寺公園入口,新潟交通観光バス（株）,"村上-松喜和-小岩内線, 村上-瀬波温泉-岩船駅線"
山屋,新潟交通観光バス（株）,下関-新町-村上線
岩船三日市,新潟交通観光バス（株）,"村上-松喜和-小岩内線, 村上-瀬波温泉-岩船駅線"
岩船神社前,新潟交通観光バス（株）,"村上-松喜和-小岩内線, 村上-瀬波温泉-岩船駅線"
里本庄,新潟交通観光バス（株）,下関-新町-村上線
岩船下大町,新潟交通観光バス（株）,"村上-松喜和-小岩内線, 村上-瀬波温泉-岩船駅線"
岩船上大町,新潟交通観光バス（株）,"村上-松喜和-小岩内線, 村上-瀬波温泉-岩船駅線"
岩船上町,新潟交通観光バス（株）,"村上-松喜和-小岩内線, 村上-瀬波温泉-岩船駅線"
殿岡,新潟交通観光バス（株）,下関-新町-村上線
岩船連絡所前,新潟交通観光バス（株）,"村上-松喜和-小岩内線, 村上-瀬波温泉-岩船駅線"
新飯田,新潟交通観光バス（株）,村上-瀬波温泉-岩船駅線
岩船中学前,新潟交通観光バス（株）,"村上-松喜和-小岩内線, 村上-瀬波温泉-岩船駅線"
八日市,新潟交通観光バス（株）,"村上-松喜和-小岩内線, 村上-瀬波温泉-岩船駅線"
岩船駅前,新潟交通観光バス（株）,村上-瀬波温泉-岩船駅線
小出,新潟交通観光バス（株）,下関-新町-村上線
松喜和,新潟交通観光バス（株）,村上-松喜和-小岩内線
有明,新潟交通観光バス（株）,下関-新町-村上線
南田中,新潟交通観光バス（株）,村上-松喜和-小岩内線
桃川下,新潟交通観光バス（株）,下関-新町-村上線
北新保,新潟交通観光バス（株）,村上-松喜和-小岩内線
桃川中,新潟交通観光バス（株）,下関-新町-村上線
桃川上,新潟交通観光バス（株）,下関-新町-村上線
長松,新潟交通観光バス（株）,村上-松喜和-小岩内線
河内,新潟交通観光バス（株）,下関-新町-村上線
塩谷新町,新潟交通観光バス（株）,村上-松喜和-小岩内線
塩谷,新潟交通観光バス（株）,村上-松喜和-小岩内線
北新保口,新潟交通観光バス（株）,村上-松喜和-小岩内線
平林小学校前,新潟交通観光バス（株）,村上-松喜和-小岩内線
塩谷口,新潟交通観光バス（株）,村上-松喜和-小岩内線
福田,新潟交通観光バス（株）,村上-松喜和-小岩内線
下牛屋,新潟交通観光バス（株）,村上-松喜和-小岩内線
牛屋,新潟交通観光バス（株）,村上-松喜和-小岩内線
平林駅前,新潟交通観光バス（株）,村上-松喜和-小岩内線
宿田,新潟交通観光バス（株）,村上-松喜和-小岩内線
平林,新潟交通観光バス（株）,村上-松喜和-小岩内線
中束,新潟交通観光バス（株）,下関-中束-朴坂線
蛇喰,新潟交通観光バス（株）,下関-中束-朴坂線
平林局前,新潟交通観光バス（株）,村上-松喜和-小岩内線
つづら山,新潟交通観光バス（株）,村上-松喜和-小岩内線
南中,新潟交通観光バス（株）,下関-中束-朴坂線
蕨野,新潟交通観光バス（株）,下関-中束-朴坂線
宮ノ前,新潟交通観光バス（株）,下関-中束-朴坂線
農協スタンド前,新潟交通観光バス（株）,"下関-新町-村上線, 下関-中束-朴坂線"
朴坂,新潟交通観光バス（株）,下関-中束-朴坂線
上野,新潟交通観光バス（株）,下関-中束-朴坂線
荒川堤防前,新潟交通観光バス（株）,村上-松喜和-小岩内線
波走,新潟交通観光バス（株）,下関-中束-朴坂線
小和田,新潟交通観光バス（株）,下関-中束-朴坂線
女川保育園前,新潟交通観光バス（株）,"下関-新町-村上線, 下関-中束-朴坂線"
湯ノ沢,新潟交通観光バス（株）,村上-松喜和-小岩内線
上野新,新潟交通観光バス（株）,"下関-新町-村上線, 下関-中束-朴坂線, 下関-高瀬-桂入口　上野新線"
川部,新潟交通観光バス（株）,村上-松喜和-小岩内線
深沢,新潟交通観光バス（株）,"下関-新町-村上線, 下関-中束-朴坂線"
坂町駅前,新潟交通観光バス（株）,下関-坂町線
上野原,新潟交通観光バス（株）,"下関-新町-村上線, 下関-中束-朴坂線"
藤沢,新潟交通観光バス（株）,下関-坂町線
きのと観光物産館,胎内市,くるっと胎内
高野新田,新潟交通観光バス（株）,村上-松喜和-小岩内線
坂町郵便局前,新潟交通観光バス（株）,下関-坂町線
下鍛冶屋交差点南,新潟交通観光バス（株）,下関-坂町線
桂入口,新潟交通観光バス（株）,下関-高瀬-桂入口　上野新線
小岩内,新潟交通観光バス（株）,村上-松喜和-小岩内線
下鍛冶屋,新潟交通観光バス（株）,下関-坂町線
坂町病院前,新潟交通観光バス（株）,下関-坂町線
荒島開発センター前,新潟交通観光バス（株）,下関-坂町線
春木山,新潟交通観光バス（株）,下関-坂町線
平内新・松ヶ丘,新潟交通観光バス（株）,"下関-新町-村上線, 下関-中束-朴坂線"
花立,新潟交通観光バス（株）,下関-坂町線
荒島,新潟交通観光バス（株）,下関-坂町線
荒川土地改良区前,新潟交通観光バス（株）,下関-坂町線
平内新,新潟交通観光バス（株）,下関-高瀬-桂入口　上野新線
高田,新潟交通観光バス（株）,下関-高瀬-桂入口　上野新線
松ヶ丘,新潟交通観光バス（株）,下関-高瀬-桂入口　上野新線
大島,新潟交通観光バス（株）,"下関-坂町線, 下関-幾地線"
小見,新潟交通観光バス（株）,"下関-新町-村上線, 下関-中束-朴坂線, 下関-高瀬-桂入口　上野新線"
高田橋,新潟交通観光バス（株）,"下関-坂町線, 下関-幾地線"
滝原,新潟交通観光バス（株）,下関-高瀬-桂入口　上野新線
大島駅前,新潟交通観光バス（株）,下関-幾地線
橋場,新潟交通観光バス（株）,"下関-坂町線, 下関-幾地線"
松平,新潟交通観光バス（株）,下関-高瀬-桂入口　上野新線
平木田駅前,胎内市,くるっと胎内
下土沢,新潟交通観光バス（株）,下関-幾地線
勝蔵,新潟交通観光バス（株）,"下関-坂町線, 下関-幾地線"
上土沢集落センター前,新潟交通観光バス（株）,下関-鍬江沢線
湯沢入口,新潟交通観光バス（株）,"下関-高瀬-鷹ノ巣線, 下関-高瀬-桂入口　上野新線"
辰田新,新潟交通観光バス（株）,"下関-新町-村上線, 下関-中束-朴坂線, 下関-坂町線, 下関-幾地線, 下関-鍬江沢線"
下関商工会前,新潟交通観光バス（株）,"下関-新町-村上線, 下関-中束-朴坂線, 下関-坂町線, 下関-幾地線, 下関-鍬江沢線"
下関営業所,新潟交通観光バス（株）,"下関-新町-村上線, 下関-中束-朴坂線, 下関-坂町線, 下関-高瀬-鷹ノ巣線, 下関-上関-金俣線, 下関-高瀬-桂入口　上野新線, 下関-幾地線, 下関-鍬江沢線"
勝蔵公会堂前,新潟交通観光バス（株）,下関-鍬江沢線
南赤谷,新潟交通観光バス（株）,下関-鍬江沢線
関川村役場前,新潟交通観光バス（株）,"下関-中束-朴坂線, 下関-坂町線, 下関-高瀬-鷹ノ巣線, 下関-上関-金俣線, 下関-高瀬-桂入口　上野新線, 下関-幾地線, 下関-鍬江沢線"
上土沢,新潟交通観光バス（株）,"下関-幾地線, 下関-鍬江沢線"
ケアハウス関川,新潟交通観光バス（株）,"下関-高瀬-鷹ノ巣線, 下関-高瀬-桂入口　上野新線"
沢,新潟交通観光バス（株）,"下関-高瀬-鷹ノ巣線, 下関-高瀬-桂入口　上野新線"
関川公民館前,新潟交通観光バス（株）,"下関-高瀬-鷹ノ巣線, 下関-上関-金俣線, 下関-高瀬-桂入口　上野新線"
上関,新潟交通観光バス（株）,"下関-高瀬-鷹ノ巣線, 下関-上関-金俣線, 下関-高瀬-桂入口　上野新線"
沢入口,新潟交通観光バス（株）,"下関-高瀬-鷹ノ巣線, 下関-高瀬-桂入口　上野新線"
高瀬入口,新潟交通観光バス（株）,"下関-高瀬-鷹ノ巣線, 下関-高瀬-桂入口　上野新線"
高瀬,新潟交通観光バス（株）,"下関-高瀬-鷹ノ巣線, 下関-高瀬-桂入口　上野新線"
雲母温泉湯元前,新潟交通観光バス（株）,"下関-高瀬-鷹ノ巣線, 下関-上関-金俣線"
鍬江沢,新潟交通観光バス（株）,下関-鍬江沢線
鍬江沢入口,新潟交通観光バス（株）,"下関-幾地線, 下関-鍬江沢線"
雲母,新潟交通観光バス（株）,"下関-高瀬-鷹ノ巣線, 下関-上関-金俣線"
山本,新潟交通観光バス（株）,下関-幾地線
雲母温泉前,新潟交通観光バス（株）,"下関-高瀬-鷹ノ巣線, 下関-上関-金俣線"
下川口,新潟交通観光バス（株）,"下関-高瀬-鷹ノ巣線, 下関-上関-金俣線"
鷹ノ巣駐車場前,新潟交通観光バス（株）,下関-高瀬-鷹ノ巣線
荒川台,新潟交通観光バス（株）,下関-高瀬-鷹ノ巣線
鷹ノ巣,新潟交通観光バス（株）,下関-高瀬-鷹ノ巣線
上川口,新潟交通観光バス（株）,下関-上関-金俣線
蔵田島,新潟交通観光バス（株）,下関-上関-金俣線
樽ケ橋遊園,胎内市,くるっと胎内
幾地,新潟交通観光バス（株）,下関-幾地線
久保,新潟交通観光バス（株）,下関-上関-金俣線
安角,新潟交通観光バス（株）,下関-上関-金俣線
本町通り商店街,胎内市,くるっと胎内
中条駅西口,胎内市,くるっと胎内
大石入口,新潟交通観光バス（株）,下関-上関-金俣線
大石,新潟交通観光バス（株）,下関-上関-金俣線
金俣上,新潟交通観光バス（株）,下関-上関-金俣線
金俣,新潟交通観光バス（株）,下関-上関-金俣線
下端町,新潟交通観光バス（株）,新発田-藤塚浜-金竜橋線
藤塚浜,新潟交通観光バス（株）,新発田-藤塚浜-金竜橋線
藤塚浜上町,新潟交通観光バス（株）,新発田-藤塚浜-金竜橋線
上新町,新潟交通観光バス（株）,新発田-藤塚浜-金竜橋線
道楽の郷前,新潟交通観光バス（株）,新発田-藤塚浜-金竜橋線
藤塚浜学校前,新潟交通観光バス（株）,新発田-藤塚浜-金竜橋線
須貝医院前,新潟交通観光バス（株）,新発田-藤塚浜-金竜橋線
六筋山,新潟交通観光バス（株）,新発田-藤塚浜-金竜橋線
ロイヤル胎内パークホテル,胎内市,くるっと胎内
長峰沢,新潟交通観光バス（株）,新発田-藤塚浜-金竜橋線
稲荷岡,新潟交通観光バス（株）,新発田-藤塚浜-金竜橋線
浜山,聖籠町,はまなす号
次第浜,聖籠町,はまなす号
紫雲寺地区公民館前,新潟交通観光バス（株）,新発田-藤塚浜-金竜橋線
次第浜西,聖籠町,はまなす号
次第浜国道口,聖籠町,はまなす号
亀塚下通,聖籠町,はまなす号
長者館,新潟交通観光バス（株）,新発田-藤塚浜-金竜橋線
雨池,聖籠町,はまなす号
亀塚公園前,聖籠町,はまなす号
長島,新潟交通観光バス（株）,新発田-藤塚浜-金竜橋線
宮下,聖籠町,はまなす号
上荒沢,新発田市,新発田市コミュニティバス　上荒沢行き
網代浜北,聖籠町,はまなす号
小川,新潟交通観光バス（株）,新発田-藤塚浜-金竜橋線
大中島,新潟交通観光バス（株）,新発田-藤塚浜-金竜橋線
網代浜西,聖籠町,はまなす号
亀代郵便局,聖籠町,はまなす号
網代浜中,聖籠町,はまなす号
JAPANサッカーカレッジ,聖籠町,はまなす号
米子,新潟交通観光バス（株）,新発田-藤塚浜-金竜橋線
溝足,新発田市,新発田市コミュニティバス　上荒沢行き
二本木釜杭,新潟交通観光バス（株）,新発田-藤塚浜-金竜橋線
熊出,新発田市,新発田市コミュニティバス　熊出行き
下中山,新発田市,新発田市コミュニティバス　上荒沢行き
茨島,聖籠町,はまなす号
紫雲寺橋,新潟交通観光バス（株）,新発田-藤塚浜-金竜橋線
高山寺,新潟交通観光バス（株）,新発田-藤塚浜-金竜橋線
下中山下,新発田市,新発田市コミュニティバス　上荒沢行き
上新田,聖籠町,はまなす号
河岸場,新潟交通観光バス（株）,新発田-藤塚浜-金竜橋線
古川,新潟交通観光バス（株）,新発田-藤塚浜-金竜橋線
横山,新発田市,新発田市コミュニティバス　上荒沢行き
八万刈入口,聖籠町,はまなす号
金竜橋,新潟交通観光バス（株）,新発田-藤塚浜-金竜橋線
下寺内,新発田市,新発田市コミュニティバス　上荒沢行き
四ツ屋,聖籠町,さくら号
山下,聖籠町,はまなす号
開発センター,聖籠町,さくら号
川尻,新潟交通観光バス（株）,新発田-藤塚浜-金竜橋線
太郎代浜,新潟交通（株）,空港・松浜線
太郎代浜,新潟交通観光バス（株）,"E26　空港・松浜線＜浜谷町・物見山・下山経由＞　太郎代浜ゆき, E26M　空港・松浜線＜県庁前経由＞　美咲合同庁舎ゆき"
太郎代浜,新潟市,北区　区バス　太郎代・新富町〜北区役所・文化会館前
聖籠中学校,聖籠町,"さくらんぼ号, さくら号"
道賀新田,聖籠町,さくら号
上寺内口,新発田市,新発田市コミュニティバス　上荒沢行き
蓮潟,聖籠町,はまなす号
太郎代自治会館,新潟市,北区　区バス　太郎代・新富町〜北区役所・文化会館前
真野北,聖籠町,さくら号
押廻,新潟交通観光バス（株）,新発田-藤塚浜-金竜橋線
太郎代,新潟交通（株）,空港・松浜線
太郎代,新潟交通観光バス（株）,"E26　空港・松浜線＜浜谷町・物見山・下山経由＞　太郎代浜ゆき, E26M　空港・松浜線＜県庁前経由＞　美咲合同庁舎ゆき"
真野西,聖籠町,さくら号
東港タクシー,新潟市,北区　区バス　太郎代・新富町〜北区役所・文化会館前
上大谷内,聖籠町,さくら号
菅谷コミュニティセンター,新発田市,新発田市コミュニティバス　上荒沢行き
小出口,新発田市,新発田市コミュニティバス　上荒沢行き
上寺内,新発田市,新発田市コミュニティバス　熊出行き
本村,聖籠町,"はまなす号, さくら号"
太郎代上通,新潟市,北区　区バス　太郎代・新富町〜北区役所・文化会館前
旧埋蔵文化財センター,新潟市,北区　区バス　太郎代・新富町〜北区役所・文化会館前
太郎代入口,新潟交通（株）,空港・松浜線
太郎代入口,新潟交通観光バス（株）,"E26　空港・松浜線＜浜谷町・物見山・下山経由＞　太郎代浜ゆき, E26M　空港・松浜線＜県庁前経由＞　美咲合同庁舎ゆき"
桃山,聖籠町,さくら号
菅谷,新発田市,新発田市コミュニティバス　上荒沢行き
桃山入口,聖籠町,さくら号
山倉小学校,聖籠町,さくら号
免許センター,新潟交通（株）,免許センター線
太郎代,新潟市,北区　区バス　太郎代・新富町〜北区役所・文化会館前
山倉小学校2,聖籠町,"さくらんぼ号, さくら号"
山ノ口,聖籠町,"はまなす号, さくら号"
甚兵衛橋,聖籠町,さくら号
苔沼,聖籠町,さくら号
佐久間医院,聖籠町,"はまなす号, さくらんぼ号, さくら号"
菅谷下（菅谷診療所）,新発田市,新発田市コミュニティバス　上荒沢行き
丸潟,聖籠町,さくら号
太郎代観音,新潟市,北区　区バス　太郎代・新富町〜北区役所・文化会館前
聖籠町役場,聖籠町,"はまなす号, さくらんぼ号, さくら号"
長畑,新潟交通観光バス（株）,新発田-藤塚浜-金竜橋線
小出,新発田市,新発田市コミュニティバス　熊出行き
しあわせ荘前,新潟市,北区　区バス　太郎代・新富町〜北区役所・文化会館前
諏訪山,聖籠町,"はまなす号, さくらんぼ号"
島見浜,新潟交通（株）,空港・松浜線
島見浜,新潟交通観光バス（株）,"E26　空港・松浜線＜浜谷町・物見山・下山経由＞　太郎代浜ゆき, E26M　空港・松浜線＜県庁前経由＞　美咲合同庁舎ゆき"
島見浜,新潟市,北区　区バス　太郎代・新富町〜北区役所・文化会館前
島見上通,新潟交通（株）,空港・松浜線
島見上通,新潟交通観光バス（株）,"E26　空港・松浜線＜浜谷町・物見山・下山経由＞　太郎代浜ゆき, E26M　空港・松浜線＜県庁前経由＞　美咲合同庁舎ゆき"
島見上通,新潟市,"北区　区バス　太郎代・新富町〜北区役所・文化会館前, 北区　区バス　冬季臨時便　太夫浜〜南浜中学前"
保健センター,聖籠町,"さくらんぼ号, さくら号"
山倉,聖籠町,さくら号
新潟聖籠病院,聖籠町,"さくらんぼ号, さくら号"
手の外科病院前,聖籠町,"はまなす号, さくらんぼ号"
南浜連絡所,新潟市,"北区　区バス　太郎代・新富町〜北区役所・文化会館前, 北区　区バス　冬季臨時便　太夫浜〜南浜中学前"
七葉中学校前,新発田市,"新発田市コミュニティバス　上荒沢行き, 新発田市コミュニティバス　熊出行き"
別條,聖籠町,さくらんぼ号
プラント聖籠,聖籠町,"さくらんぼ号, さくら号"
島見西,新潟市,"北区　区バス　太郎代・新富町〜北区役所・文化会館前, 北区　区バス　冬季臨時便　太夫浜〜南浜中学前"
上館,新発田市,"新発田市コミュニティバス　上荒沢行き, 新発田市コミュニティバス　熊出行き"
ざぶーん,聖籠町,さくら号
蓮野,新潟交通（株）,免許センター線
本諏訪山,聖籠町,さくら号
中田町,新潟交通観光バス（株）,新発田-藤塚浜-金竜橋線
島見町,新潟交通（株）,空港・松浜線
島見町,新潟交通観光バス（株）,E24　空港・松浜線＜浜谷町・下山・島見町経由＞　北部営業所ゆき
島見町,新潟市,"北区　区バス　太郎代・新富町〜北区役所・文化会館前, 北区　区バス　冬季臨時便　太夫浜〜南浜中学前"
新潟医療福祉大学入口,新潟交通（株）,"空港・松浜線, 芋黒線"
新潟医療福祉大学入口,新潟交通観光バス（株）,"E25　空港・松浜線＜浜谷町・物見山・下山経由＞　新潟医療福祉大学ゆき, E26　空港・松浜線＜浜谷町・物見山・下山経由＞　太郎代浜ゆき, E26M　空港・松浜線＜県庁前経由＞　美咲合同庁舎ゆき"
新潟医療福祉大学入口,新潟市,"北区　区バス　太郎代・新富町〜北区役所・文化会館前, 北区　区バス　冬季臨時便　太夫浜〜南浜中学前"
聖籠,聖籠町,はまなす号
杉谷内公会堂,聖籠町,さくらんぼ号
JA聖籠,聖籠町,さくらんぼ号
新潟医療福祉大学,新潟交通（株）,"空港・松浜線, 芋黒線"
新潟医療福祉大学,新潟交通観光バス（株）,E25　空港・松浜線＜浜谷町・物見山・下山経由＞　新潟医療福祉大学ゆき
下石川公会堂,新発田市,新発田市コミュニティバス　熊出行き
北部営業所,新潟交通（株）,空港・松浜線
北部営業所,新潟交通観光バス（株）,E24　空港・松浜線＜浜谷町・下山・島見町経由＞　北部営業所ゆき
弁天潟入口,聖籠町,さくらんぼ号
小舟町,新潟交通観光バス（株）,新発田-藤塚浜-金竜橋線
滝,新発田市,新発田市コミュニティバス　上荒沢行き
蓮野,聖籠町,さくらんぼ号
新富町入口,新潟交通（株）,"空港・松浜線, 芋黒線"
新富町入口,新潟交通観光バス（株）,"E25　空港・松浜線＜浜谷町・物見山・下山経由＞　新潟医療福祉大学ゆき, E26　空港・松浜線＜浜谷町・物見山・下山経由＞　太郎代浜ゆき, E26M　空港・松浜線＜県庁前経由＞　美咲合同庁舎ゆき"
新富町入口,新潟市,"北区　区バス　太郎代・新富町〜北区役所・文化会館前, 北区　区バス　冬季臨時便　太夫浜〜南浜中学前"
杉谷内,聖籠町,さくらんぼ号
下石川,新発田市,新発田市コミュニティバス　熊出行き
八幡,聖籠町,さくらんぼ号
南浜中学前,新潟交通（株）,空港・松浜線
南浜中学前,新潟交通観光バス（株）,E24　空港・松浜線＜浜谷町・下山・島見町経由＞　北部営業所ゆき
南浜中学前,新潟市,"北区　区バス　太郎代・新富町〜北区役所・文化会館前, 北区　区バス　冬季臨時便　太夫浜〜南浜中学前"
敬和学園高校前,新潟交通（株）,"空港・松浜線, 芋黒線"
敬和学園高校前,新潟交通観光バス（株）,"E25　空港・松浜線＜浜谷町・物見山・下山経由＞　新潟医療福祉大学ゆき, E26　空港・松浜線＜浜谷町・物見山・下山経由＞　太郎代浜ゆき, E26M　空港・松浜線＜県庁前経由＞　美咲合同庁舎ゆき"
杉谷内入口,聖籠町,さくらんぼ号
聖籠IC,聖籠町,さくらんぼ号
黒岩・七葉小前,新発田市,"新発田市コミュニティバス　上荒沢行き, 新発田市コミュニティバス　熊出行き"
横大夫,聖籠町,はまなす号
蓮野多目的運動場,聖籠町,さくらんぼ号
三日市（七中側）,新発田市,"新発田市コミュニティバス　上荒沢行き, 新発田市コミュニティバス　熊出行き"
太夫浜新町二丁目,新潟市,北区　区バス　冬季臨時便　太夫浜〜南浜中学前
太夫浜新町二丁目,アイ・ケーアライアンス（株）,北区　おらってのバス（太夫浜→松浜方面→新崎駅北口、葛塚ルート）
三日市,新発田市,"新発田市コミュニティバス　上荒沢行き, 新発田市コミュニティバス　熊出行き"
加治川,新潟交通（株）,空港・松浜線
加治川,新潟交通観光バス（株）,E24　空港・松浜線＜浜谷町・下山・島見町経由＞　北部営業所ゆき
加治川,新潟市,北区　区バス　太郎代・新富町〜北区役所・文化会館前
太夫浜霊苑前,新潟交通（株）,空港・松浜線
太夫浜霊苑前,新潟交通観光バス（株）,"E25　空港・松浜線＜浜谷町・物見山・下山経由＞　新潟医療福祉大学ゆき, E26　空港・松浜線＜浜谷町・物見山・下山経由＞　太郎代浜ゆき, E26M　空港・松浜線＜県庁前経由＞　美咲合同庁舎ゆき"
陽光ニュータウン,新潟交通（株）,空港・松浜線
陽光ニュータウン,新潟交通観光バス（株）,E25　空港・松浜線＜浜谷町・物見山・下山経由＞　新潟医療福祉大学ゆき
陽光ニュータウン,新潟市,北区　区バス　冬季臨時便　太夫浜〜南浜中学前
陽光ニュータウン,アイ・ケーアライアンス（株）,北区　おらってのバス（太夫浜→松浜方面→新崎駅北口、葛塚ルート）
追分,聖籠町,さくらんぼ号
太陽の村前,新潟交通（株）,空港・松浜線
太陽の村前,新潟交通観光バス（株）,"E25　空港・松浜線＜浜谷町・物見山・下山経由＞　新潟医療福祉大学ゆき, E26　空港・松浜線＜浜谷町・物見山・下山経由＞　太郎代浜ゆき, E26M　空港・松浜線＜県庁前経由＞　美咲合同庁舎ゆき"
太夫浜新町一丁目,新潟交通（株）,空港・松浜線
太夫浜新町一丁目,新潟交通観光バス（株）,E25　空港・松浜線＜浜谷町・物見山・下山経由＞　新潟医療福祉大学ゆき
太夫浜新町一丁目,新潟市,北区　区バス　冬季臨時便　太夫浜〜南浜中学前
太夫浜新町一丁目,アイ・ケーアライアンス（株）,北区　おらってのバス（太夫浜→松浜方面→新崎駅北口、葛塚ルート）
中川下,新発田市,新発田市コミュニティバス　熊出行き
白勢町,新潟市,北区　区バス　太郎代・新富町〜北区役所・文化会館前
中の橋,聖籠町,はまなす号
大夫興野橋,聖籠町,さくらんぼ号
城北町二丁目,新潟交通観光バス（株）,新発田-藤塚浜-金竜橋線
太夫浜,新潟交通（株）,空港・松浜線
太夫浜,新潟交通観光バス（株）,"E25　空港・松浜線＜浜谷町・物見山・下山経由＞　新潟医療福祉大学ゆき, E26　空港・松浜線＜浜谷町・物見山・下山経由＞　太郎代浜ゆき, E26M　空港・松浜線＜県庁前経由＞　美咲合同庁舎ゆき"
太夫浜,新潟市,北区　区バス　冬季臨時便　太夫浜〜南浜中学前
太夫浜,アイ・ケーアライアンス（株）,北区　おらってのバス（太夫浜→松浜方面→新崎駅北口、葛塚ルート）
島潟,新発田市,"新発田市コミュニティバス　上荒沢行き, 新発田市コミュニティバス　熊出行き"
二本松上,聖籠町,さくらんぼ号
中曽根町1丁目,新発田市,あやめバス
上島潟,新発田市,"新発田市コミュニティバス　上荒沢行き, 新発田市コミュニティバス　熊出行き"
加治,新発田市,"新発田市コミュニティバス　上荒沢行き, 新発田市コミュニティバス　熊出行き"
城北町3丁目,新発田市,あやめバス
大夫興野,聖籠町,さくらんぼ号
中曽根町,新発田市,あやめバス
中妻,新発田市,"新発田市コミュニティバス　上荒沢行き, 新発田市コミュニティバス　熊出行き"
城北町ニュータウン,新発田市,あやめバス
中川,新発田市,新発田市コミュニティバス　熊出行き
花立,新発田市,新発田市コミュニティバス　熊出行き
上石川,新発田市,新発田市コミュニティバス　熊出行き
太夫浜上,新潟交通（株）,空港・松浜線
太夫浜上,新潟交通観光バス（株）,"E25　空港・松浜線＜浜谷町・物見山・下山経由＞　新潟医療福祉大学ゆき, E26　空港・松浜線＜浜谷町・物見山・下山経由＞　太郎代浜ゆき, E26M　空港・松浜線＜県庁前経由＞　美咲合同庁舎ゆき"
太夫浜上,新潟市,北区　区バス　冬季臨時便　太夫浜〜南浜中学前
太夫浜上,アイ・ケーアライアンス（株）,北区　おらってのバス（太夫浜→松浜方面→新崎駅北口、葛塚ルート）
三菱ガス化学前,新潟交通（株）,空港・松浜線
三菱ガス化学前,新潟交通観光バス（株）,E25　空港・松浜線＜浜谷町・物見山・下山経由＞　新潟医療福祉大学ゆき
市営住宅前,アイ・ケーアライアンス（株）,北区　おらってのバス（太夫浜→松浜方面→新崎駅北口、葛塚ルート）
舟入,聖籠町,はまなす号
松浜みなと,アイ・ケーアライアンス（株）,北区　おらってのバス（太夫浜→松浜方面→新崎駅北口、葛塚ルート）
麓,新発田市,新発田市コミュニティバス　上荒沢行き
本三賀,聖籠町,さくらんぼ号
城北町1丁目,新発田市,あやめバス
城北町一丁目,新潟交通観光バス（株）,新発田-藤塚浜-金竜橋線
藤寄上通,聖籠町,さくらんぼ号
コモタウン,新発田市,あやめバス
舟入町2丁目,新発田市,あやめバス
二本松,聖籠町,さくらんぼ号
舟入町,新発田市,あやめバス
南浜病院前,新潟交通（株）,空港・松浜線
南浜病院前,新潟交通観光バス（株）,E24　空港・松浜線＜浜谷町・下山・島見町経由＞　北部営業所ゆき
コモタウン前,聖籠町,はまなす号
浦山入口,聖籠町,さくらんぼ号
笹山東,新潟市,北区　区バス　太郎代・新富町〜北区役所・文化会館前
〆切（JA倉庫前）,新発田市,"新発田市コミュニティバス　上荒沢行き, 新発田市コミュニティバス　熊出行き"
松浜中学前,新潟交通（株）,空港・松浜線
松浜中学前,新潟交通観光バス（株）,"E20M　空港・松浜線　美咲合同庁舎ゆき, E23　空港・松浜線＜浜谷町・物見山・下山経由＞　新潟競馬場ゆき, E24　空港・松浜線＜浜谷町・下山・島見町経由＞　北部営業所ゆき, E25　空港・松浜線＜浜谷町・物見山・下山経由＞　新潟医療福祉大学ゆき, E26　空港・松浜線＜浜谷町・物見山・下山経由＞　太郎代浜ゆき, E26M　空港・松浜線＜県庁前経由＞　美咲合同庁舎ゆき, E27　空港・松浜線＜南高校前経由＞　江南高校前ゆき"
松浜中学前,アイ・ケーアライアンス（株）,北区　おらってのバス（太夫浜→松浜方面→新崎駅北口、葛塚ルート）
緑町,新発田市,あやめバス
松浜病院前,新潟交通（株）,空港・松浜線
松浜病院前,新潟交通観光バス（株）,"E25　空港・松浜線＜浜谷町・物見山・下山経由＞　新潟医療福祉大学ゆき, E26　空港・松浜線＜浜谷町・物見山・下山経由＞　太郎代浜ゆき, E26M　空港・松浜線＜県庁前経由＞　美咲合同庁舎ゆき"
松浜病院,アイ・ケーアライアンス（株）,北区　おらってのバス（太夫浜→松浜方面→新崎駅北口、葛塚ルート）
藤寄公会堂,聖籠町,さくらんぼ号
〆切（国道沿い）,新発田市,"新発田市コミュニティバス　上荒沢行き, 新発田市コミュニティバス　熊出行き"
新栄町2丁目,新発田市,あやめバス
外畑（県道）,聖籠町,さくらんぼ号
能力開発短大前,新発田市,"新発田市コミュニティバス　上荒沢行き, 新発田市コミュニティバス　熊出行き"
松浜小学校前,新潟交通（株）,空港・松浜線
松浜小学校前,新潟交通観光バス（株）,"E20M　空港・松浜線　美咲合同庁舎ゆき, E23　空港・松浜線＜浜谷町・物見山・下山経由＞　新潟競馬場ゆき, E24　空港・松浜線＜浜谷町・下山・島見町経由＞　北部営業所ゆき, E25　空港・松浜線＜浜谷町・物見山・下山経由＞　新潟医療福祉大学ゆき, E26　空港・松浜線＜浜谷町・物見山・下山経由＞　太郎代浜ゆき, E26M　空港・松浜線＜県庁前経由＞　美咲合同庁舎ゆき, E27　空港・松浜線＜南高校前経由＞　江南高校前ゆき"
松浜小学校前,アイ・ケーアライアンス（株）,北区　おらってのバス（太夫浜→松浜方面→新崎駅北口、葛塚ルート）
笹山,新潟市,北区　区バス　太郎代・新富町〜北区役所・文化会館前
北中江,新発田市,新発田市コミュニティバス　熊出行き
船江町一丁目,新潟交通（株）,空港・松浜線
船江町一丁目,新潟交通観光バス（株）,E21　空港・松浜線＜浜谷町経由＞　船江町二丁目ゆき
平和台団地前,新潟交通（株）,空港・松浜線
平和台団地前,新潟交通観光バス（株）,E21　空港・松浜線＜浜谷町経由＞　船江町二丁目ゆき
新発田城址公園,新発田市,あやめバス
船江町二丁目,新潟交通（株）,空港・松浜線
船江町二丁目,新潟交通観光バス（株）,E21　空港・松浜線＜浜谷町経由＞　船江町二丁目ゆき
生涯学習センター前,新発田市,あやめバス
泰叟寺前,新潟交通（株）,空港・松浜線
泰叟寺前,新潟交通観光バス（株）,E21　空港・松浜線＜浜谷町経由＞　船江町二丁目ゆき
松浜二丁目,新潟交通（株）,空港・松浜線
松浜二丁目,新潟交通観光バス（株）,"E20M　空港・松浜線　美咲合同庁舎ゆき, E23　空港・松浜線＜浜谷町・物見山・下山経由＞　新潟競馬場ゆき, E24　空港・松浜線＜浜谷町・下山・島見町経由＞　北部営業所ゆき, E25　空港・松浜線＜浜谷町・物見山・下山経由＞　新潟医療福祉大学ゆき, E26　空港・松浜線＜浜谷町・物見山・下山経由＞　太郎代浜ゆき, E26M　空港・松浜線＜県庁前経由＞　美咲合同庁舎ゆき, E27　空港・松浜線＜南高校前経由＞　江南高校前ゆき"
競馬場北口,新潟交通（株）,"空港・松浜線, 芋黒線"
競馬場北口,新潟交通観光バス（株）,"E23　空港・松浜線＜浜谷町・物見山・下山経由＞　新潟競馬場ゆき, E24　空港・松浜線＜浜谷町・下山・島見町経由＞　北部営業所ゆき"
小皀,新発田市,"新発田市コミュニティバス　上荒沢行き, 新発田市コミュニティバス　熊出行き"
舟入町一丁目,聖籠町,はまなす号
山ノ下海浜公園前,新潟交通（株）,空港・松浜線
山ノ下海浜公園前,新潟交通観光バス（株）,E21　空港・松浜線＜浜谷町経由＞　船江町二丁目ゆき
西新発田高校前,新発田市,"あやめバス, 新発田市コミュニティバス　上荒沢行き, 川東コミュニティバス　南俣方面行き, 川東コミュニティバス　三光方面行き"
太夫浜入口,新潟交通（株）,空港・松浜線
太夫浜入口,新潟交通観光バス（株）,E25　空港・松浜線＜浜谷町・物見山・下山経由＞　新潟医療福祉大学ゆき
カルチャーセンター入口,新発田市,あやめバス
佐々木駅前,新潟交通（株）,大形線
佐々木駅前,新潟交通観光バス（株）,E46　大形線＜一日市・木崎経由＞　新発田営業所ゆき
平和町東,新潟交通（株）,空港・松浜線
平和町東,新潟交通観光バス（株）,E21　空港・松浜線＜浜谷町経由＞　船江町二丁目ゆき
新発田郵便局前,新発田市,あやめバス
新発田郵便局前,新潟交通観光バス（株）,新発田-藤塚浜-金竜橋線
曽根,新潟交通（株）,大形線
曽根,新潟交通観光バス（株）,E46　大形線＜一日市・木崎経由＞　新発田営業所ゆき
高浜・あやめの湯,新発田市,"川東コミュニティバス　川東小行き, 川東コミュニティバス　宮古木村中方面行き, 川東コミュニティバス　南俣方面行き, 川東コミュニティバス　三光方面行き"
天尾重建前,聖籠町,さくらんぼ号
上中沢入口,新潟交通（株）,大形線
上中沢入口,新潟交通観光バス（株）,E46　大形線＜一日市・木崎経由＞　新発田営業所ゆき
片田,新発田市,新発田市コミュニティバス　熊出行き
山の上,アイ・ケーアライアンス（株）,北区　おらってのバス（太夫浜→松浜方面→新崎駅北口、葛塚ルート）
新潟空港,新潟交通（株）,"空港・松浜線, 空港リムジン線"
新潟空港,新潟交通観光バス（株）,E22　空港・松浜線＜浜谷町経由＞　新潟空港ゆき
新潟空港,さくら交通（株）,"佐渡汽船・新潟空港ミニライナー（直行便）, 新潟空港・瀬波温泉ミニライナー（直行便）"
中央高校前,新発田市,"新発田市コミュニティバス　上荒沢行き, 川東コミュニティバス　南俣方面行き, 川東コミュニティバス　三光方面行き"
中央高校前,新潟交通（株）,大形線
中央高校,聖籠町,さくらんぼ号
中央高校前,新潟交通観光バス（株）,E46　大形線＜一日市・木崎経由＞　新発田営業所ゆき
新栄町1丁目,新発田市,あやめバス
太田川橋,新潟交通（株）,大形線
太田川橋,新潟交通観光バス（株）,E46　大形線＜一日市・木崎経由＞　新発田営業所ゆき
競馬場厩舎前,新潟交通（株）,"空港・松浜線, 芋黒線"
競馬場厩舎前,新潟交通観光バス（株）,E23　空港・松浜線＜浜谷町・物見山・下山経由＞　新潟競馬場ゆき
敬和学園大学前,新潟交通（株）,大形線
敬和学園大学前,新潟交通観光バス（株）,E46　大形線＜一日市・木崎経由＞　新発田営業所ゆき
本町四丁目,新潟交通（株）,空港・松浜線
本町四丁目,新潟交通観光バス（株）,"E20M　空港・松浜線　美咲合同庁舎ゆき, E23　空港・松浜線＜浜谷町・物見山・下山経由＞　新潟競馬場ゆき, E24　空港・松浜線＜浜谷町・下山・島見町経由＞　北部営業所ゆき, E25　空港・松浜線＜浜谷町・物見山・下山経由＞　新潟医療福祉大学ゆき, E26　空港・松浜線＜浜谷町・物見山・下山経由＞　太郎代浜ゆき, E26M　空港・松浜線＜県庁前経由＞　美咲合同庁舎ゆき, E27　空港・松浜線＜南高校前経由＞　江南高校前ゆき"
本町四丁目,アイ・ケーアライアンス（株）,北区　おらってのバス（太夫浜→松浜方面→新崎駅北口、葛塚ルート）
カトリック教会前,新発田市,あやめバス
新栄町,新潟交通（株）,大形線
新栄町,新潟交通観光バス（株）,E46　大形線＜一日市・木崎経由＞　新発田営業所ゆき
松港橋,新潟交通（株）,空港・松浜線
松港橋,新潟交通観光バス（株）,"E20M　空港・松浜線　美咲合同庁舎ゆき, E23　空港・松浜線＜浜谷町・物見山・下山経由＞　新潟競馬場ゆき, E24　空港・松浜線＜浜谷町・下山・島見町経由＞　北部営業所ゆき, E25　空港・松浜線＜浜谷町・物見山・下山経由＞　新潟医療福祉大学ゆき, E26　空港・松浜線＜浜谷町・物見山・下山経由＞　太郎代浜ゆき, E26M　空港・松浜線＜県庁前経由＞　美咲合同庁舎ゆき, E27　空港・松浜線＜南高校前経由＞　江南高校前ゆき"
松港橋,アイ・ケーアライアンス（株）,北区　おらってのバス（太夫浜→松浜方面→新崎駅北口、葛塚ルート）
自動車学校前,新発田市,あやめバス
自動車学校前,新潟交通（株）,大形線
自動車学校前,新潟交通観光バス（株）,E46　大形線＜一日市・木崎経由＞　新発田営業所ゆき
食品団地前,新発田市,"川東コミュニティバス　川東小行き, 川東コミュニティバス　宮古木村中方面行き, 川東コミュニティバス　南俣方面行き, 川東コミュニティバス　三光方面行き"
蔵光保育所前,新発田市,新発田市コミュニティバス　熊出行き
商業高校前,新発田市,"新発田市コミュニティバス　熊出行き, 川東コミュニティバス　川東小行き, 川東コミュニティバス　宮古木村中方面行き, 川東コミュニティバス　南俣方面行き, 川東コミュニティバス　三光方面行き"
住吉町,新発田市,あやめバス
松浜,新潟交通（株）,空港・松浜線
松浜,新潟交通観光バス（株）,"E20M　空港・松浜線　美咲合同庁舎ゆき, E23　空港・松浜線＜浜谷町・物見山・下山経由＞　新潟競馬場ゆき, E24　空港・松浜線＜浜谷町・下山・島見町経由＞　北部営業所ゆき, E27　空港・松浜線＜南高校前経由＞　江南高校前ゆき"
住吉町,新潟交通（株）,大形線
住吉町,聖籠町,はまなす号
住吉町,新潟交通観光バス（株）,"E46　大形線＜一日市・木崎経由＞　新発田営業所ゆき, 新発田-北蓑口-飯島線"
本町三丁目,新発田市,"新発田市コミュニティバス　上荒沢行き, 新発田市コミュニティバス　熊出行き"
下岡田,新発田市,"川東コミュニティバス　川東小行き, 川東コミュニティバス　宮古木村中方面行き, 川東コミュニティバス　上板山・荒清水・小戸方面行き, 川東コミュニティバス　南俣方面行き, 川東コミュニティバス　三光方面行き"
佐々木駅,聖籠町,さくらんぼ号
西園町一丁目西,新潟交通（株）,大形線
西園町一丁目西,聖籠町,はまなす号
西園町一丁目西,新潟交通観光バス（株）,"E46　大形線＜一日市・木崎経由＞　新発田営業所ゆき, 新発田-北蓑口-飯島線"
西園町一丁目東,新潟交通（株）,大形線
西園町一丁目東,聖籠町,はまなす号
西園町一丁目東,新潟交通観光バス（株）,"E46　大形線＜一日市・木崎経由＞　新発田営業所ゆき, 新発田-北蓑口-飯島線"
船江町西,新潟交通（株）,空港・松浜線
船江町西,新潟交通観光バス（株）,E21　空港・松浜線＜浜谷町経由＞　船江町二丁目ゆき
オフト新潟前,新潟交通（株）,"空港・松浜線, 大形線, 芋黒線"
オフト新潟前,新潟交通観光バス（株）,"E44　大形線＜下木戸・大形本町・一日市経由＞　新潟競馬場ゆき, E23　空港・松浜線＜浜谷町・物見山・下山経由＞　新潟競馬場ゆき"
藤寄下通,聖籠町,さくらんぼ号
神明前,新潟交通（株）,大形線
神明前,聖籠町,はまなす号
神明前,新潟交通観光バス（株）,"E46　大形線＜一日市・木崎経由＞　新発田営業所ゆき, 新発田-北蓑口-飯島線"
松栄町,新潟交通（株）,空港・松浜線
松栄町,新潟交通観光バス（株）,"E23　空港・松浜線＜浜谷町・物見山・下山経由＞　新潟競馬場ゆき, E24　空港・松浜線＜浜谷町・下山・島見町経由＞　北部営業所ゆき"
本町一丁目,アイ・ケーアライアンス（株）,北区　おらってのバス（太夫浜→松浜方面→新崎駅北口、葛塚ルート）
東新町4丁目,新発田市,"川東コミュニティバス　川東小行き, 川東コミュニティバス　宮古木村中方面行き, 川東コミュニティバス　南俣方面行き, 川東コミュニティバス　三光方面行き"
蔵光,新発田市,新発田市コミュニティバス　熊出行き
東新町2丁目,新発田市,あやめバス
松浜新町入口,アイ・ケーアライアンス（株）,北区　おらってのバス（太夫浜→松浜方面→新崎駅北口、葛塚ルート）
本町二丁目,新発田市,"新発田市コミュニティバス　上荒沢行き, 新発田市コミュニティバス　熊出行き"
藤寄道,新潟交通（株）,大形線
藤寄道,新潟交通観光バス（株）,E46　大形線＜一日市・木崎経由＞　新発田営業所ゆき
新屋敷,アイ・ケーアライアンス（株）,北区　おらってのバス（太夫浜→松浜方面→新崎駅北口、葛塚ルート）
下山,新潟交通（株）,空港・松浜線
下山,新潟交通観光バス（株）,"E20M　空港・松浜線　美咲合同庁舎ゆき, E23　空港・松浜線＜浜谷町・物見山・下山経由＞　新潟競馬場ゆき, E24　空港・松浜線＜浜谷町・下山・島見町経由＞　北部営業所ゆき, E25　空港・松浜線＜浜谷町・物見山・下山経由＞　新潟医療福祉大学ゆき, E26　空港・松浜線＜浜谷町・物見山・下山経由＞　太郎代浜ゆき, E26M　空港・松浜線＜県庁前経由＞　美咲合同庁舎ゆき, E27　空港・松浜線＜南高校前経由＞　江南高校前ゆき"
本町一丁目,新潟交通（株）,空港・松浜線
本町一丁目,新潟交通観光バス（株）,"E20M　空港・松浜線　美咲合同庁舎ゆき, E23　空港・松浜線＜浜谷町・物見山・下山経由＞　新潟競馬場ゆき, E24　空港・松浜線＜浜谷町・下山・島見町経由＞　北部営業所ゆき, E25　空港・松浜線＜浜谷町・物見山・下山経由＞　新潟医療福祉大学ゆき, E26　空港・松浜線＜浜谷町・物見山・下山経由＞　太郎代浜ゆき, E26M　空港・松浜線＜県庁前経由＞　美咲合同庁舎ゆき, E27　空港・松浜線＜南高校前経由＞　江南高校前ゆき"
石川小路,新発田市,あやめバス
石川小路,新潟交通（株）,大形線
石川小路,聖籠町,はまなす号
石川小路,新潟交通観光バス（株）,"E46　大形線＜一日市・木崎経由＞　新発田営業所ゆき, 新発田-藤塚浜-金竜橋線, 新発田-北蓑口-飯島線"
岡田大日堂前,新発田市,"川東コミュニティバス　川東小行き, 川東コミュニティバス　宮古木村中方面行き, 川東コミュニティバス　上板山・荒清水・小戸方面行き, 川東コミュニティバス　南俣方面行き, 川東コミュニティバス　三光方面行き"
引越,新潟市,北区　区バス　太郎代・新富町〜北区役所・文化会館前
臨港二丁目,新潟交通（株）,"臨港線, 空港・松浜線"
臨港二丁目,新潟交通観光バス（株）,E26M　空港・松浜線＜県庁前経由＞　美咲合同庁舎ゆき
ボランティアセンター前,新発田市,あやめバス
こらぼ家前,アイ・ケーアライアンス（株）,北区　おらってのバス（太夫浜→松浜方面→新崎駅北口、葛塚ルート）
桑名病院前,新潟市,東区　区バス　松崎ルート
中町,新発田市,あやめバス
東新町1丁目,新発田市,"あやめバス, 川東コミュニティバス　川東小行き, 川東コミュニティバス　宮古木村中方面行き, 川東コミュニティバス　南俣方面行き, 川東コミュニティバス　三光方面行き"
本町二丁目,新潟交通（株）,空港・松浜線
本町二丁目,新潟交通観光バス（株）,"E20M　空港・松浜線　美咲合同庁舎ゆき, E23　空港・松浜線＜浜谷町・物見山・下山経由＞　新潟競馬場ゆき, E24　空港・松浜線＜浜谷町・下山・島見町経由＞　北部営業所ゆき, E25　空港・松浜線＜浜谷町・物見山・下山経由＞　新潟医療福祉大学ゆき, E26　空港・松浜線＜浜谷町・物見山・下山経由＞　太郎代浜ゆき, E26M　空港・松浜線＜県庁前経由＞　美咲合同庁舎ゆき, E27　空港・松浜線＜南高校前経由＞　江南高校前ゆき"
安全橋,新発田市,"川東コミュニティバス　川東小行き, 川東コミュニティバス　宮古木村中方面行き, 川東コミュニティバス　上板山・荒清水・小戸方面行き, 川東コミュニティバス　南俣方面行き, 川東コミュニティバス　三光方面行き"
浄化センター前,新潟交通（株）,空港・松浜線
浄化センター前,新潟交通観光バス（株）,"E20M　空港・松浜線　美咲合同庁舎ゆき, E23　空港・松浜線＜浜谷町・物見山・下山経由＞　新潟競馬場ゆき, E24　空港・松浜線＜浜谷町・下山・島見町経由＞　北部営業所ゆき, E25　空港・松浜線＜浜谷町・物見山・下山経由＞　新潟医療福祉大学ゆき, E26　空港・松浜線＜浜谷町・物見山・下山経由＞　太郎代浜ゆき, E26M　空港・松浜線＜県庁前経由＞　美咲合同庁舎ゆき, E27　空港・松浜線＜南高校前経由＞　江南高校前ゆき"
藤寄,聖籠町,さくらんぼ号
住吉小学校前,新潟交通観光バス（株）,新発田-北蓑口-飯島線
三軒屋町,アイ・ケーアライアンス（株）,北区　おらってのバス（太夫浜→松浜方面→新崎駅北口、葛塚ルート）
北浜谷町,新潟交通（株）,空港・松浜線
北浜谷町,新潟交通観光バス（株）,E21　空港・松浜線＜浜谷町経由＞　船江町二丁目ゆき
隣保館前,新発田市,あやめバス
牛海道中央公園,新潟市,東区　区バス　松崎ルート
上町,新発田市,あやめバス
東港入口,新潟交通（株）,大形線
東港入口,新潟交通観光バス（株）,E46　大形線＜一日市・木崎経由＞　新発田営業所ゆき
新潟競馬場前,新潟交通（株）,"空港・松浜線, 大形線, 芋黒線"
新潟競馬場前,新潟交通観光バス（株）,"E44　大形線＜下木戸・大形本町・一日市経由＞　新潟競馬場ゆき, E23　空港・松浜線＜浜谷町・物見山・下山経由＞　新潟競馬場ゆき"
下山小学校前,新潟交通（株）,空港・松浜線
下山小学校前,新潟交通観光バス（株）,"E20M　空港・松浜線　美咲合同庁舎ゆき, E23　空港・松浜線＜浜谷町・物見山・下山経由＞　新潟競馬場ゆき, E24　空港・松浜線＜浜谷町・下山・島見町経由＞　北部営業所ゆき, E25　空港・松浜線＜浜谷町・物見山・下山経由＞　新潟医療福祉大学ゆき, E26　空港・松浜線＜浜谷町・物見山・下山経由＞　太郎代浜ゆき, E26M　空港・松浜線＜県庁前経由＞　美咲合同庁舎ゆき, E27　空港・松浜線＜南高校前経由＞　江南高校前ゆき"
臨港町三丁目,新潟交通（株）,"臨港線, 空港・松浜線"
臨港町三丁目,新潟交通観光バス（株）,E26M　空港・松浜線＜県庁前経由＞　美咲合同庁舎ゆき
中央町,新発田市,"あやめバス, 松浦地区デマンド乗合タクシー「まつうら号」, 豊浦地域コミュニティバス「本田・天王号」"
中央町,新潟交通（株）,大形線
中央町,聖籠町,はまなす号
中央町,新潟交通観光バス（株）,"E46　大形線＜一日市・木崎経由＞　新発田営業所ゆき, 新発田-藤塚浜-金竜橋線, 新発田-小戸入り口-赤谷六軒町線, 新発田-北蓑口-飯島線"
富塚町一丁目,新潟交通観光バス（株）,新発田-北蓑口-飯島線
中央商店街,新発田市,"あやめバス, 松浦地区デマンド乗合タクシー「まつうら号」, 豊浦地域コミュニティバス「本田・天王号」"
西名目所,アイ・ケーアライアンス（株）,北区　おらってのバス（太夫浜→松浜方面→新崎駅北口、葛塚ルート）
御幸町3丁目,新発田市,あやめバス
空港入口,新潟交通（株）,空港・松浜線
空港入口,新潟交通観光バス（株）,"E20M　空港・松浜線　美咲合同庁舎ゆき, E22　空港・松浜線＜浜谷町経由＞　新潟空港ゆき, E23　空港・松浜線＜浜谷町・物見山・下山経由＞　新潟競馬場ゆき, E24　空港・松浜線＜浜谷町・下山・島見町経由＞　北部営業所ゆき, E25　空港・松浜線＜浜谷町・物見山・下山経由＞　新潟医療福祉大学ゆき, E26　空港・松浜線＜浜谷町・物見山・下山経由＞　太郎代浜ゆき, E26M　空港・松浜線＜県庁前経由＞　美咲合同庁舎ゆき, E27　空港・松浜線＜南高校前経由＞　江南高校前ゆき"
桑名病院入口,新潟交通（株）,空港・松浜線
桑名病院入口,新潟交通観光バス（株）,"E20M　空港・松浜線　美咲合同庁舎ゆき, E22　空港・松浜線＜浜谷町経由＞　新潟空港ゆき, E23　空港・松浜線＜浜谷町・物見山・下山経由＞　新潟競馬場ゆき, E24　空港・松浜線＜浜谷町・下山・島見町経由＞　北部営業所ゆき, E25　空港・松浜線＜浜谷町・物見山・下山経由＞　新潟医療福祉大学ゆき, E26　空港・松浜線＜浜谷町・物見山・下山経由＞　太郎代浜ゆき, E26M　空港・松浜線＜県庁前経由＞　美咲合同庁舎ゆき, E27　空港・松浜線＜南高校前経由＞　江南高校前ゆき"
中道山,新潟交通（株）,空港・松浜線
中道山,新潟交通観光バス（株）,"E20M　空港・松浜線　美咲合同庁舎ゆき, E22　空港・松浜線＜浜谷町経由＞　新潟空港ゆき, E23　空港・松浜線＜浜谷町・物見山・下山経由＞　新潟競馬場ゆき, E24　空港・松浜線＜浜谷町・下山・島見町経由＞　北部営業所ゆき, E25　空港・松浜線＜浜谷町・物見山・下山経由＞　新潟医療福祉大学ゆき, E26　空港・松浜線＜浜谷町・物見山・下山経由＞　太郎代浜ゆき, E26M　空港・松浜線＜県庁前経由＞　美咲合同庁舎ゆき, E27　空港・松浜線＜南高校前経由＞　江南高校前ゆき"
中道山,新潟市,東区　区バス　松崎ルート
打越,新発田市,新発田市コミュニティバス　熊出行き
駅前通,新発田市,"あやめバス, 新発田市コミュニティバス　上荒沢行き, 新発田市コミュニティバス　熊出行き, 川東コミュニティバス　川東小行き, 川東コミュニティバス　宮古木村中方面行き, 川東コミュニティバス　三光方面行き, 松浦地区デマンド乗合タクシー「まつうら号」, 豊浦地域コミュニティバス「本田・天王号」"
駅前通（新発田）,新潟交通（株）,大形線
駅前通,聖籠町,はまなす号
新発田駅前通,新潟交通観光バス（株）,"E46　大形線＜一日市・木崎経由＞　新発田営業所ゆき, 新発田-藤塚浜-金竜橋線, 新発田-小戸入り口-赤谷六軒町線, 新発田-北蓑口-飯島線"
河渡新町,新潟交通（株）,空港・松浜線
河渡新町,新潟交通観光バス（株）,"E20M　空港・松浜線　美咲合同庁舎ゆき, E22　空港・松浜線＜浜谷町経由＞　新潟空港ゆき, E23　空港・松浜線＜浜谷町・物見山・下山経由＞　新潟競馬場ゆき, E24　空港・松浜線＜浜谷町・下山・島見町経由＞　北部営業所ゆき, E25　空港・松浜線＜浜谷町・物見山・下山経由＞　新潟医療福祉大学ゆき, E26　空港・松浜線＜浜谷町・物見山・下山経由＞　太郎代浜ゆき, E26M　空港・松浜線＜県庁前経由＞　美咲合同庁舎ゆき, E27　空港・松浜線＜南高校前経由＞　江南高校前ゆき"
御幸町2丁目,新発田市,あやめバス
上中江,新発田市,"新発田市コミュニティバス　熊出行き, 川東コミュニティバス　川東小行き, 川東コミュニティバス　三光方面行き"
大栄町,新発田市,"あやめバス, 松浦地区デマンド乗合タクシー「まつうら号」, 豊浦地域コミュニティバス「本田・天王号」"
大栄町,新潟交通観光バス（株）,新発田-小戸入り口-赤谷六軒町線
臨港病院前,新潟交通（株）,"西堀通線, 臨港線"
臨港病院前,新潟市,東区　区バス　松崎ルート
物見山,新潟交通（株）,空港・松浜線
物見山,新潟交通観光バス（株）,"E20M　空港・松浜線　美咲合同庁舎ゆき, E22　空港・松浜線＜浜谷町経由＞　新潟空港ゆき, E23　空港・松浜線＜浜谷町・物見山・下山経由＞　新潟競馬場ゆき, E24　空港・松浜線＜浜谷町・下山・島見町経由＞　北部営業所ゆき, E25　空港・松浜線＜浜谷町・物見山・下山経由＞　新潟医療福祉大学ゆき, E26　空港・松浜線＜浜谷町・物見山・下山経由＞　太郎代浜ゆき, E26M　空港・松浜線＜県庁前経由＞　美咲合同庁舎ゆき, E27　空港・松浜線＜南高校前経由＞　江南高校前ゆき"
新発田病院,新発田市,あやめバス
堀割,新潟交通（株）,大形線
堀割,新潟交通観光バス（株）,E46　大形線＜一日市・木崎経由＞　新発田営業所ゆき
五斗入口,新発田市,"新発田市コミュニティバス　熊出行き, 川東コミュニティバス　川東小行き, 川東コミュニティバス　三光方面行き"
住吉町5丁目,新発田市,あやめバス
新元島町,アイ・ケーアライアンス（株）,北区　おらってのバス（太夫浜→松浜方面→新崎駅北口、葛塚ルート）
敦賀,新発田市,"川東コミュニティバス　川東小行き, 川東コミュニティバス　宮古木村中方面行き, 川東コミュニティバス　上板山・荒清水・小戸方面行き, 川東コミュニティバス　南俣方面行き, 川東コミュニティバス　三光方面行き"
桃山町二丁目,新潟交通（株）,"西堀通線, 臨港線, 空港・松浜線"
桃山町二丁目,新潟交通観光バス（株）,E26M　空港・松浜線＜県庁前経由＞　美咲合同庁舎ゆき
桃山町二丁目,新潟市,東区　区バス　松崎ルート
東姫田,新発田市,川東コミュニティバス　川東小行き
浜谷町,新潟交通（株）,空港・松浜線
浜谷町,新潟交通観光バス（株）,"E20M　空港・松浜線　美咲合同庁舎ゆき, E21　空港・松浜線＜浜谷町経由＞　船江町二丁目ゆき, E22　空港・松浜線＜浜谷町経由＞　新潟空港ゆき, E23　空港・松浜線＜浜谷町・物見山・下山経由＞　新潟競馬場ゆき, E24　空港・松浜線＜浜谷町・下山・島見町経由＞　北部営業所ゆき, E25　空港・松浜線＜浜谷町・物見山・下山経由＞　新潟医療福祉大学ゆき, E26　空港・松浜線＜浜谷町・物見山・下山経由＞　太郎代浜ゆき, E26M　空港・松浜線＜県庁前経由＞　美咲合同庁舎ゆき, E27　空港・松浜線＜南高校前経由＞　江南高校前ゆき"
浜谷町,新潟市,東区　区バス　松崎ルート
臨港町,新潟交通（株）,"西堀通線, 臨港線"
諏訪神社前,新潟交通観光バス（株）,新発田-小戸入り口-赤谷六軒町線
新発田駅,新発田市,"あやめバス, 新発田市コミュニティバス　上荒沢行き, 新発田市コミュニティバス　熊出行き, 川東コミュニティバス　川東小行き, 川東コミュニティバス　宮古木村中方面行き, 川東コミュニティバス　南俣方面行き, 川東コミュニティバス　三光方面行き, 松浦地区デマンド乗合タクシー「まつうら号」, 豊浦地域コミュニティバス「本田・天王号」"
新発田駅前,新潟交通（株）,大形線
新発田駅前,聖籠町,はまなす号
新発田駅前,新潟交通観光バス（株）,"E46　大形線＜一日市・木崎経由＞　新発田営業所ゆき, 新発田-藤塚浜-金竜橋線, 新発田-小戸入り口-赤谷六軒町線, 新発田-北蓑口-飯島線"
下山スポーツセンター,新潟交通（株）,河渡線
笠柳,新潟交通（株）,大形線
笠柳,新潟交通観光バス（株）,E46　大形線＜一日市・木崎経由＞　新発田営業所ゆき
大栄町2丁目,新発田市,あやめバス
太平,新潟市,東区　区バス　松崎ルート
住吉町4丁目,新発田市,あやめバス
伊藤薬舗前,新発田市,松浦地区デマンド乗合タクシー「まつうら号」
西姫田,新発田市,"川東コミュニティバス　川東小行き, 川東コミュニティバス　宮古木村中方面行き, 川東コミュニティバス　南俣方面行き, 川東コミュニティバス　三光方面行き"
イオンモール,新発田市,"あやめバス, 松浦地区デマンド乗合タクシー「まつうら号」, 豊浦地域コミュニティバス「本田・天王号」"
西新発田駅前,新潟交通観光バス（株）,新発田-北蓑口-飯島線
幸栄一丁目,新潟市,東区　区バス　河渡ルート
宝町,新潟交通（株）,空港・松浜線
宝町,新潟交通観光バス（株）,"E20M　空港・松浜線　美咲合同庁舎ゆき, E21　空港・松浜線＜浜谷町経由＞　船江町二丁目ゆき, E22　空港・松浜線＜浜谷町経由＞　新潟空港ゆき, E23　空港・松浜線＜浜谷町・物見山・下山経由＞　新潟競馬場ゆき, E24　空港・松浜線＜浜谷町・下山・島見町経由＞　北部営業所ゆき, E25　空港・松浜線＜浜谷町・物見山・下山経由＞　新潟医療福祉大学ゆき, E26　空港・松浜線＜浜谷町・物見山・下山経由＞　太郎代浜ゆき, E26M　空港・松浜線＜県庁前経由＞　美咲合同庁舎ゆき, E27　空港・松浜線＜南高校前経由＞　江南高校前ゆき"
宝町,新潟市,"東区　区バス　河渡ルート, 東区　区バス　松崎ルート"
山ノ下,新潟交通（株）,"西堀通線, 臨港線"
田中医院前,新発田市,松浦地区デマンド乗合タクシー「まつうら号」
木崎川尻,新潟交通（株）,大形線
木崎川尻,新潟交通観光バス（株）,E46　大形線＜一日市・木崎経由＞　新発田営業所ゆき
入船みなとタワー前,新潟交通（株）,西堀通線
太平二丁目,新潟交通（株）,河渡線
尾山ニュータウン前,新潟交通（株）,芋黒線
尾山ニュータウン,アイ・ケーアライアンス（株）,北区　おらってのバス（太夫浜→松浜方面→新崎駅北口、葛塚ルート）
上の町,新発田市,川東コミュニティバス　三光方面行き
内島見,新潟交通（株）,大形線
内島見,新潟交通観光バス（株）,E46　大形線＜一日市・木崎経由＞　新発田営業所ゆき
内島見,新潟市,北区　区バス　太郎代・新富町〜北区役所・文化会館前
桃山町一丁目,新潟交通（株）,"西堀通線, 臨港線, 空港・松浜線"
桃山町一丁目,新潟交通観光バス（株）,E26M　空港・松浜線＜県庁前経由＞　美咲合同庁舎ゆき
桃山町一丁目,新潟市,東区　区バス　松崎ルート
津島屋三丁目,新潟交通（株）,大形線
津島屋三丁目,新潟交通観光バス（株）,E42　大形線＜下木戸・大形本町経由＞　津島屋ゆき
上三光,新発田市,川東コミュニティバス　三光方面行き
向陽,新潟市,東区　区バス　松崎ルート
西新発田駅前,新発田市,"あやめバス, 豊浦地域コミュニティバス「本田・天王号」"
下三光,新発田市,"新発田市コミュニティバス　熊出行き, 川東コミュニティバス　川東小行き, 川東コミュニティバス　三光方面行き"
山ノ下中学前,新潟交通（株）,空港・松浜線
山ノ下中学前,新潟交通観光バス（株）,"E20M　空港・松浜線　美咲合同庁舎ゆき, E21　空港・松浜線＜浜谷町経由＞　船江町二丁目ゆき, E22　空港・松浜線＜浜谷町経由＞　新潟空港ゆき, E23　空港・松浜線＜浜谷町・物見山・下山経由＞　新潟競馬場ゆき, E24　空港・松浜線＜浜谷町・下山・島見町経由＞　北部営業所ゆき, E25　空港・松浜線＜浜谷町・物見山・下山経由＞　新潟医療福祉大学ゆき, E26　空港・松浜線＜浜谷町・物見山・下山経由＞　太郎代浜ゆき, E26M　空港・松浜線＜県庁前経由＞　美咲合同庁舎ゆき, E27　空港・松浜線＜南高校前経由＞　江南高校前ゆき"
山の下中学前,新潟市,"東区　区バス　河渡ルート, 東区　区バス　松崎ルート"
じゅんさい池,新潟市,東区　区バス　河渡ルート
西新発田駅,新発田市,松浦地区デマンド乗合タクシー「まつうら号」
中地区コミュニティセンター入口,新潟市,東区　区バス　河渡ルート
樋ノ入入口,新潟交通（株）,"大形線, 芋黒線"
樋ノ入入口,新潟交通観光バス（株）,E44　大形線＜下木戸・大形本町・一日市経由＞　新潟競馬場ゆき
農業高校前,新発田市,"あやめバス, 新発田市コミュニティバス　上荒沢行き, 松浦地区デマンド乗合タクシー「まつうら号」, 豊浦地域コミュニティバス「本田・天王号」"
木崎中学前,新潟交通（株）,大形線
木崎中学前,新潟交通観光バス（株）,E46　大形線＜一日市・木崎経由＞　新発田営業所ゆき
自衛隊官舎前,新潟交通観光バス（株）,新発田-北蓑口-飯島線
向陽三丁目,新潟交通（株）,河渡線
聾学校入口,新潟市,東区　区バス　河渡ルート
木崎小グラウンド前,新潟交通（株）,芋黒線
木崎小グラウンド前,アイ・ケーアライアンス（株）,北区　おらってのバス（太夫浜→松浜方面→新崎駅北口、葛塚ルート）
山ノ下郵便局前,新潟交通（株）,"西堀通線, 臨港線"
新発田高校前,新潟交通観光バス（株）,新発田-小戸入り口-赤谷六軒町線
秋葉一丁目,新潟交通（株）,"西堀通線, 臨港線, 空港・松浜線"
秋葉一丁目,新潟市,"東区　区バス　河渡ルート, 東区　区バス　松崎ルート"
秋葉一丁目,新潟交通観光バス（株）,"E20M　空港・松浜線　美咲合同庁舎ゆき, E21　空港・松浜線＜浜谷町経由＞　船江町二丁目ゆき, E22　空港・松浜線＜浜谷町経由＞　新潟空港ゆき, E23　空港・松浜線＜浜谷町・物見山・下山経由＞　新潟競馬場ゆき, E24　空港・松浜線＜浜谷町・下山・島見町経由＞　北部営業所ゆき, E25　空港・松浜線＜浜谷町・物見山・下山経由＞　新潟医療福祉大学ゆき, E26　空港・松浜線＜浜谷町・物見山・下山経由＞　太郎代浜ゆき, E26M　空港・松浜線＜県庁前経由＞　美咲合同庁舎ゆき, E27　空港・松浜線＜南高校前経由＞　江南高校前ゆき"
北陽,新潟交通（株）,芋黒線
北陽,アイ・ケーアライアンス（株）,北区　おらってのバス（太夫浜→松浜方面→新崎駅北口、葛塚ルート）
津島屋,新潟交通（株）,大形線
津島屋,新潟交通観光バス（株）,E42　大形線＜下木戸・大形本町経由＞　津島屋ゆき
津島屋七丁目,新潟交通（株）,大形線
津島屋七丁目,新潟交通観光バス（株）,E42　大形線＜下木戸・大形本町経由＞　津島屋ゆき
向陽二丁目,新潟交通（株）,河渡線
新発田高校前,新発田市,新発田市コミュニティバス　熊出行き
入船営業所,新潟交通（株）,"東堀通線, 西堀通線, 八千代橋線, 柳都大橋線"
新発田営業所（新発田高校前）,新発田市,"あやめバス, 川東コミュニティバス　川東小行き, 川東コミュニティバス　宮古木村中方面行き, 川東コミュニティバス　上板山・荒清水・小戸方面行き, 川東コミュニティバス　三光方面行き"
新発田営業所,新発田市,豊浦地域コミュニティバス「本田・天王号」
新発田営業所,新潟交通（株）,大形線
新発田営業所,聖籠町,はまなす号
新発田営業所,新潟交通観光バス（株）,"E46　大形線＜一日市・木崎経由＞　新発田営業所ゆき, 新発田-藤塚浜-金竜橋線, 新発田-小戸入り口-赤谷六軒町線, 新発田-北蓑口-飯島線"
諏訪町三丁目西,新発田市,松浦地区デマンド乗合タクシー「まつうら号」
木崎小学校前,新潟交通（株）,大形線
木崎小学校前,新潟交通観光バス（株）,E46　大形線＜一日市・木崎経由＞　新発田営業所ゆき
有楽一丁目,新潟交通（株）,河渡線
希望ヶ丘メディカルタウン,新潟市,東区　区バス　松崎ルート
上楠川,新発田市,川東コミュニティバス　三光方面行き
有楽,新潟市,東区　区バス　松崎ルート
新発田地域振興局前,新潟交通観光バス（株）,新発田-小戸入り口-赤谷六軒町線
ひばり荘前,新潟交通（株）,西堀通線
北葉町,新潟交通（株）,"西堀通線, 臨港線, 空港・松浜線"
北葉町,新潟交通観光バス（株）,"E20M　空港・松浜線　美咲合同庁舎ゆき, E21　空港・松浜線＜浜谷町経由＞　船江町二丁目ゆき, E22　空港・松浜線＜浜谷町経由＞　新潟空港ゆき, E23　空港・松浜線＜浜谷町・物見山・下山経由＞　新潟競馬場ゆき, E24　空港・松浜線＜浜谷町・下山・島見町経由＞　北部営業所ゆき, E25　空港・松浜線＜浜谷町・物見山・下山経由＞　新潟医療福祉大学ゆき, E26　空港・松浜線＜浜谷町・物見山・下山経由＞　太郎代浜ゆき, E27　空港・松浜線＜南高校前経由＞　江南高校前ゆき"
北葉町,新潟市,東区　区バス　河渡ルート
津島屋七丁目南,新潟交通（株）,"河渡線, 大形線"
津島屋七丁目南,新潟交通観光バス（株）,E42　大形線＜下木戸・大形本町経由＞　津島屋ゆき
新日本海フェリー,新潟交通（株）,臨港線
飯島村中,新潟交通観光バス（株）,新発田-北蓑口-飯島線
錦町,新潟市,東区　区バス　松崎ルート
飯島,新潟交通観光バス（株）,新発田-北蓑口-飯島線
窪田町東,新潟交通（株）,西堀通線
下石喜,新発田市,"川東コミュニティバス　川東小行き, 川東コミュニティバス　宮古木村中方面行き, 川東コミュニティバス　上板山・荒清水・小戸方面行き, 川東コミュニティバス　南俣方面行き, 川東コミュニティバス　三光方面行き"
尾山団地前,アイ・ケーアライアンス（株）,北区　おらってのバス（太夫浜→松浜方面→新崎駅北口、葛塚ルート）
末広橋,新潟交通（株）,"西堀通線, 臨港線, 空港・松浜線"
佐々木中学前,新潟交通観光バス（株）,新発田-北蓑口-飯島線
山の下庁舎前,新潟市,東区　区バス　河渡ルート
入船町六丁目,新潟交通（株）,"東堀通線, 西堀通線, 八千代橋線, 柳都大橋線"
藤見町,新潟交通（株）,河渡線
下楠川三叉路,新発田市,"川東コミュニティバス　川東小行き, 川東コミュニティバス　三光方面行き"
河渡北,新潟交通（株）,河渡線
河渡北,新潟市,東区　区バス　河渡ルート
南楯,新発田市,"川東コミュニティバス　川東小行き, 川東コミュニティバス　三光方面行き"
窪田町西,新潟交通（株）,西堀通線
競馬場入口,新潟交通（株）,"大形線, 芋黒線"
競馬場入口,新潟交通観光バス（株）,"E44　大形線＜下木戸・大形本町・一日市経由＞　新潟競馬場ゆき, E46　大形線＜一日市・木崎経由＞　新発田営業所ゆき"
蛇塚,新発田市,松浦地区デマンド乗合タクシー「まつうら号」
末広橋,新潟交通観光バス（株）,"E20M　空港・松浜線　美咲合同庁舎ゆき, E21　空港・松浜線＜浜谷町経由＞　船江町二丁目ゆき, E22　空港・松浜線＜浜谷町経由＞　新潟空港ゆき, E23　空港・松浜線＜浜谷町・物見山・下山経由＞　新潟競馬場ゆき, E24　空港・松浜線＜浜谷町・下山・島見町経由＞　北部営業所ゆき, E25　空港・松浜線＜浜谷町・物見山・下山経由＞　新潟医療福祉大学ゆき, E26　空港・松浜線＜浜谷町・物見山・下山経由＞　太郎代浜ゆき, E27　空港・松浜線＜南高校前経由＞　江南高校前ゆき"
末広橋,新潟交通（株）,臨港線
フレスポ赤道前,新潟市,東区　区バス　松崎ルート
入船町五丁目,新潟交通（株）,"東堀通線, 柳都大橋線"
下楠川,新発田市,"川東コミュニティバス　川東小行き, 川東コミュニティバス　三光方面行き"
藤見中学前,新潟交通（株）,河渡線
JFE前,新潟交通（株）,河渡線
杉原,新潟交通観光バス（株）,新発田-小戸入り口-赤谷六軒町線
北蓑口,新潟交通観光バス（株）,新発田-北蓑口-飯島線
濁川,アイ・ケーアライアンス（株）,北区　おらってのバス（太夫浜→松浜方面→新崎駅北口、葛塚ルート）
リハビリテーション病院前,新発田市,"松浦地区デマンド乗合タクシー「まつうら号」, 豊浦地域コミュニティバス「本田・天王号」"
石喜,新発田市,"川東コミュニティバス　川東小行き, 川東コミュニティバス　宮古木村中方面行き, 川東コミュニティバス　上板山・荒清水・小戸方面行き, 川東コミュニティバス　南俣方面行き, 川東コミュニティバス　三光方面行き"
豊浦病院前,新発田市,あやめバス
附船町一丁目,新潟交通（株）,"西堀通線, 八千代橋線"
東特別支援学校前,新潟交通（株）,"河渡線, 大形線"
東特別支援学校前,新潟交通観光バス（株）,E42　大形線＜下木戸・大形本町経由＞　津島屋ゆき
大山二丁目,新潟交通（株）,河渡線
木伏,新潟交通（株）,大形線
木伏,新潟交通観光バス（株）,"E44　大形線＜下木戸・大形本町・一日市経由＞　新潟競馬場ゆき, E46　大形線＜一日市・木崎経由＞　新発田営業所ゆき"
浮洲町,新潟交通（株）,西堀通線
河渡二丁目,新潟交通（株）,河渡線
河渡二丁目,新潟市,東区　区バス　河渡ルート
松崎一丁目,新潟市,東区　区バス　松崎ルート
長者町南,新潟交通（株）,河渡線
河渡南,新潟交通（株）,河渡線
舟江診療所前,新潟交通（株）,柳都大橋線
送信所前,新潟交通（株）,河渡線
海老ヶ瀬木工団地,新潟交通（株）,河渡線
川東小,新発田市,"川東コミュニティバス　川東小行き, 川東コミュニティバス　宮古木村中方面行き, 川東コミュニティバス　上板山・荒清水・小戸方面行き, 川東コミュニティバス　南俣方面行き, 川東コミュニティバス　三光方面行き"
河渡,新潟交通（株）,河渡線
松崎大橋,新潟交通（株）,河渡線
下松崎,新潟交通（株）,河渡線
松崎,新潟交通（株）,河渡線
下高関,新発田市,川東コミュニティバス　川東小行き
鴎橋,新潟市,東区　区バス　松崎ルート
河渡東,新潟交通（株）,河渡線
寿小路,新潟交通（株）,"西堀通線, 八千代橋線"
紡績口,新潟交通（株）,"臨港線, 空港・松浜線, 河渡線"
紡績口,新潟交通観光バス（株）,"E20M　空港・松浜線　美咲合同庁舎ゆき, E21　空港・松浜線＜浜谷町経由＞　船江町二丁目ゆき, E22　空港・松浜線＜浜谷町経由＞　新潟空港ゆき, E23　空港・松浜線＜浜谷町・物見山・下山経由＞　新潟競馬場ゆき, E24　空港・松浜線＜浜谷町・下山・島見町経由＞　北部営業所ゆき, E25　空港・松浜線＜浜谷町・物見山・下山経由＞　新潟医療福祉大学ゆき, E26　空港・松浜線＜浜谷町・物見山・下山経由＞　太郎代浜ゆき, E27　空港・松浜線＜南高校前経由＞　江南高校前ゆき"
入船町二丁目,新潟交通（株）,東堀通線
鳥屋,新潟市,北区　区バス　太郎代・新富町〜北区役所・文化会館前
稲荷町,新潟交通（株）,柳都大橋線
五十公野,新潟交通観光バス（株）,新発田-小戸入り口-赤谷六軒町線
げんき村,アイ・ケーアライアンス（株）,北区　おらってのバス（太夫浜→松浜方面→新崎駅北口、葛塚ルート）
二ツ堂,新発田市,豊浦地域コミュニティバス「本田・天王号」
大形中学前,新潟交通（株）,大形線
大形中学前,新潟交通観光バス（株）,E42　大形線＜下木戸・大形本町経由＞　津島屋ゆき
河渡ショッピングセンター,新潟市,東区　区バス　河渡ルート
横七番町二丁目,新潟交通（株）,"西堀通線, 八千代橋線"
尾山,新潟交通（株）,大形線
尾山,新潟交通観光バス（株）,"E44　大形線＜下木戸・大形本町・一日市経由＞　新潟競馬場ゆき, E46　大形線＜一日市・木崎経由＞　新発田営業所ゆき"
新潟リハビリテーション病院,アイ・ケーアライアンス（株）,北区　おらってのバス（太夫浜→松浜方面→新崎駅北口、葛塚ルート）
下島公園前,新潟交通（株）,柳都大橋線
本町通十四番町,新潟交通（株）,"西堀通線, 八千代橋線"
荒町,新発田市,豊浦地域コミュニティバス「本田・天王号」
虎丸大橋,新発田市,川東コミュニティバス　南俣方面行き
北埠頭,新潟交通（株）,"臨港線, 空港・松浜線, 河渡線"
北埠頭,新潟交通観光バス（株）,"E20M　空港・松浜線　美咲合同庁舎ゆき, E21　空港・松浜線＜浜谷町経由＞　船江町二丁目ゆき, E22　空港・松浜線＜浜谷町経由＞　新潟空港ゆき, E23　空港・松浜線＜浜谷町・物見山・下山経由＞　新潟競馬場ゆき, E24　空港・松浜線＜浜谷町・下山・島見町経由＞　北部営業所ゆき, E25　空港・松浜線＜浜谷町・物見山・下山経由＞　新潟医療福祉大学ゆき, E26　空港・松浜線＜浜谷町・物見山・下山経由＞　太郎代浜ゆき, E27　空港・松浜線＜南高校前経由＞　江南高校前ゆき"
下虎丸,新発田市,川東コミュニティバス　南俣方面行き
五十公野支所前,新潟交通観光バス（株）,新発田-小戸入り口-赤谷六軒町線
赤坂町二丁目,新潟交通（株）,柳都大橋線
松崎ショッピングセンター,新潟市,東区　区バス　松崎ルート
歴史博物館前,新潟交通（株）,"新潟市観光循環バス, 東堀通線, 観光循環線"
東堀通十二番町,新潟交通（株）,"西堀通線, 八千代橋線"
築上山,アイ・ケーアライアンス（株）,北区　おらってのバス（太夫浜→松浜方面→新崎駅北口、葛塚ルート）
濁川中学前,新潟交通（株）,大形線
濁川中学前,新潟交通観光バス（株）,"E44　大形線＜下木戸・大形本町・一日市経由＞　新潟競馬場ゆき, E46　大形線＜一日市・木崎経由＞　新発田営業所ゆき"
濁川中学前,アイ・ケーアライアンス（株）,北区　おらってのバス（太夫浜→松浜方面→新崎駅北口、葛塚ルート）
ベイシア前,新潟市,北区　区バス　太郎代・新富町〜北区役所・文化会館前
ベイシア前,アイ・ケーアライアンス（株）,北区　おらってのバス（太夫浜→松浜方面→新崎駅北口、葛塚ルート）
新潟県港湾資料室,新潟交通（株）,みなと循環
湊町通四の町,新潟交通（株）,東堀通線
佐渡汽船,新潟交通（株）,佐渡汽船線
佐渡汽船,さくら交通（株）,佐渡汽船・新潟空港ミニライナー（直行便）
つくし野二丁目,アイ・ケーアライアンス（株）,北区　おらってのバス（太夫浜→松浜方面→新崎駅北口、葛塚ルート）
旧小澤家住宅入口,新潟交通（株）,"新潟市観光循環バス, 観光循環線"
五菜堀,新潟交通（株）,"東堀通線, みなと循環"
湊町通二の町,新潟交通（株）,"東堀通線, 柳都大橋線, みなと循環"
東中学前,新潟交通観光バス（株）,新発田-小戸入り口-赤谷六軒町線
西堀通十番町,新潟交通（株）,"西堀通線, 八千代橋線, みなと循環"
海老ヶ瀬本村,新潟交通（株）,大形線
海老ヶ瀬本村,新潟交通観光バス（株）,E42　大形線＜下木戸・大形本町経由＞　津島屋ゆき
東部営業所,新潟交通（株）,"大形線, 牡丹山線"
東荒町,新発田市,松浦地区デマンド乗合タクシー「まつうら号」
中央埠頭,新潟交通（株）,"臨港線, 空港・松浜線, 河渡線"
中央埠頭,新潟交通観光バス（株）,"E20M　空港・松浜線　美咲合同庁舎ゆき, E21　空港・松浜線＜浜谷町経由＞　船江町二丁目ゆき, E22　空港・松浜線＜浜谷町経由＞　新潟空港ゆき, E23　空港・松浜線＜浜谷町・物見山・下山経由＞　新潟競馬場ゆき, E24　空港・松浜線＜浜谷町・下山・島見町経由＞　北部営業所ゆき, E25　空港・松浜線＜浜谷町・物見山・下山経由＞　新潟医療福祉大学ゆき, E26　空港・松浜線＜浜谷町・物見山・下山経由＞　太郎代浜ゆき, E27　空港・松浜線＜南高校前経由＞　江南高校前ゆき"
つくし野入口,アイ・ケーアライアンス（株）,北区　おらってのバス（太夫浜→松浜方面→新崎駅北口、葛塚ルート）
新崎,新潟交通（株）,大形線
新崎,新潟交通観光バス（株）,"E44　大形線＜下木戸・大形本町・一日市経由＞　新潟競馬場ゆき, E46　大形線＜一日市・木崎経由＞　新発田営業所ゆき"
新崎,アイ・ケーアライアンス（株）,北区　おらってのバス（太夫浜→松浜方面→新崎駅北口、葛塚ルート）
七軒町,新潟交通観光バス（株）,新発田-小戸入り口-赤谷六軒町線
下羽津,新発田市,"川東コミュニティバス　上板山・荒清水・小戸方面行き, 川東コミュニティバス　南俣方面行き"
温泉病院,新発田市,川東コミュニティバス　南俣方面行き
豊照町,新潟交通（株）,"柳都大橋線, みなと循環"
神宮前,新潟交通（株）,"浜浦町線, 信濃町線, 有明線, 西小針線"
水上バス乗り場・朱鷺メッセ前,新潟交通（株）,みなと循環
芋黒,新潟交通（株）,芋黒線
切梅,新発田市,豊浦地域コミュニティバス「本田・天王号」
大形保育園前,新潟交通（株）,大形線
大形保育園前,新潟交通観光バス（株）,E42　大形線＜下木戸・大形本町経由＞　津島屋ゆき
中木戸,新潟市,東区　区バス　河渡ルート
西堀通八番町,新潟交通（株）,"西堀通線, 八千代橋線, みなと循環"
赤道下木戸,新潟交通（株）,"大形線, 牡丹山線"
大形本町一丁目,新潟市,東区　区バス　松崎ルート
新崎駅前,新潟交通（株）,大形線
新崎駅前,新潟交通観光バス（株）,"E44　大形線＜下木戸・大形本町・一日市経由＞　新潟競馬場ゆき, E46　大形線＜一日市・木崎経由＞　新発田営業所ゆき"
北方文化博物館新潟分館前,新潟交通（株）,"新潟市観光循環バス, 観光循環線"
東区役所,新潟市,東区　区バス　松崎ルート
朱鷺メッセ,新潟交通（株）,佐渡汽船線
西大畑坂上（砂丘館入口）,新潟交通（株）,新潟市観光循環バス
東堀通九番町,新潟交通（株）,東堀通線
上木戸新町,新潟交通（株）,"大形線, 牡丹山線"
上木戸新町,新潟交通観光バス（株）,"E40M　大形線＜学校町経由＞　信濃町ゆき, E42　大形線＜下木戸・大形本町経由＞　津島屋ゆき, E43　大形線＜下木戸・一日市経由＞　大江山連絡所前ゆき, E44　大形線＜下木戸・大形本町・一日市経由＞　新潟競馬場ゆき, E45　大形線＜一日市・早通駅前経由＞　豊栄駅前ゆき, E46　大形線＜一日市・木崎経由＞　新発田営業所ゆき, E47　大形線＜万代シテイ・南高校前経由＞　江南高校前ゆき"
大友,新発田市,川東コミュニティバス　宮古木村中方面行き
万代高校前,新潟交通（株）,"臨港線, 空港・松浜線, 河渡線, みなと循環"
万代高校前,新潟交通観光バス（株）,E20M　空港・松浜線　美咲合同庁舎ゆき
西大畑,新潟交通（株）,浜浦町線
西大畑坂上,新潟交通（株）,"浜浦町線, 信濃町線, 有明線, 西小針線, 観光循環線"
秣川岸通,新潟交通（株）,佐渡汽船線
寺山橋,新潟交通（株）,大形線
寺山橋,新潟交通観光バス（株）,"E40M　大形線＜学校町経由＞　信濃町ゆき, E42　大形線＜下木戸・大形本町経由＞　津島屋ゆき, E43　大形線＜下木戸・一日市経由＞　大江山連絡所前ゆき, E44　大形線＜下木戸・大形本町・一日市経由＞　新潟競馬場ゆき, E45　大形線＜一日市・早通駅前経由＞　豊栄駅前ゆき, E46　大形線＜一日市・木崎経由＞　新発田営業所ゆき, E47　大形線＜万代シテイ・南高校前経由＞　江南高校前ゆき"
五十公野団地前,新潟交通観光バス（株）,新発田-小戸入り口-赤谷六軒町線
本間新田,新発田市,川東コミュニティバス　南俣方面行き
万国橋,新潟交通（株）,"空港・松浜線, 河渡線, みなと循環"
万国橋,新潟交通観光バス（株）,"E21　空港・松浜線＜浜谷町経由＞　船江町二丁目ゆき, E22　空港・松浜線＜浜谷町経由＞　新潟空港ゆき, E23　空港・松浜線＜浜谷町・物見山・下山経由＞　新潟競馬場ゆき, E24　空港・松浜線＜浜谷町・下山・島見町経由＞　北部営業所ゆき, E25　空港・松浜線＜浜谷町・物見山・下山経由＞　新潟医療福祉大学ゆき, E26　空港・松浜線＜浜谷町・物見山・下山経由＞　太郎代浜ゆき, E27　空港・松浜線＜南高校前経由＞　江南高校前ゆき"
下木戸,新潟交通（株）,"大形線, 牡丹山線, 江南区　大江山地区バス　江54一日市大江山線"
下木戸,新潟交通観光バス（株）,"E40M　大形線＜学校町経由＞　信濃町ゆき, E42　大形線＜下木戸・大形本町経由＞　津島屋ゆき, E43　大形線＜下木戸・一日市経由＞　大江山連絡所前ゆき, E44　大形線＜下木戸・大形本町・一日市経由＞　新潟競馬場ゆき, E45　大形線＜一日市・早通駅前経由＞　豊栄駅前ゆき, E46　大形線＜一日市・木崎経由＞　新発田営業所ゆき, E47　大形線＜万代シテイ・南高校前経由＞　江南高校前ゆき"
下木戸,新潟市,東区　区バス　河渡ルート
上木戸,新潟市,東区　区バス　松崎ルート
太斉,新発田市,松浦地区デマンド乗合タクシー「まつうら号」
南浜通,新潟交通（株）,"浜浦町線, 信濃町線, 有明線, 西小針線"
附属学校前,新潟交通（株）,"浜浦町線, 信濃町線, 有明線, 西小針線, 空港・松浜線"
附属学校前,新潟交通観光バス（株）,E26M　空港・松浜線＜県庁前経由＞　美咲合同庁舎ゆき
大形本町三丁目,新潟交通（株）,大形線
大形本町三丁目,新潟交通観光バス（株）,"E40M　大形線＜学校町経由＞　信濃町ゆき, E42　大形線＜下木戸・大形本町経由＞　津島屋ゆき, E43　大形線＜下木戸・一日市経由＞　大江山連絡所前ゆき, E44　大形線＜下木戸・大形本町・一日市経由＞　新潟競馬場ゆき, E45　大形線＜一日市・早通駅前経由＞　豊栄駅前ゆき, E46　大形線＜一日市・木崎経由＞　新発田営業所ゆき, E47　大形線＜万代シテイ・南高校前経由＞　江南高校前ゆき"
泰平橋東詰,新潟交通（株）,大形線
泰平橋東詰,新潟交通観光バス（株）,"E44　大形線＜下木戸・大形本町・一日市経由＞　新潟競馬場ゆき, E45　大形線＜一日市・早通駅前経由＞　豊栄駅前ゆき, E46　大形線＜一日市・木崎経由＞　新発田営業所ゆき"
附属学校入口,新潟交通（株）,"浜浦町線, 空港・松浜線"
附属学校入口,新潟交通観光バス（株）,E26M　空港・松浜線＜県庁前経由＞　美咲合同庁舎ゆき
山木戸,新潟交通（株）,大形線
山木戸,新潟交通観光バス（株）,"E40M　大形線＜学校町経由＞　信濃町ゆき, E42　大形線＜下木戸・大形本町経由＞　津島屋ゆき, E43　大形線＜下木戸・一日市経由＞　大江山連絡所前ゆき, E44　大形線＜下木戸・大形本町・一日市経由＞　新潟競馬場ゆき, E45　大形線＜一日市・早通駅前経由＞　豊栄駅前ゆき, E46　大形線＜一日市・木崎経由＞　新発田営業所ゆき, E47　大形線＜万代シテイ・南高校前経由＞　江南高校前ゆき"
古町花街入口,新潟交通（株）,"新潟市観光循環バス, 観光循環線"
ピアBandai,新潟交通（株）,"新潟市観光循環バス, 観光循環線, みなと循環"
大形本町,新潟交通（株）,大形線
大形本町,新潟交通観光バス（株）,"E40M　大形線＜学校町経由＞　信濃町ゆき, E42　大形線＜下木戸・大形本町経由＞　津島屋ゆき, E43　大形線＜下木戸・一日市経由＞　大江山連絡所前ゆき, E44　大形線＜下木戸・大形本町・一日市経由＞　新潟競馬場ゆき, E45　大形線＜一日市・早通駅前経由＞　豊栄駅前ゆき, E46　大形線＜一日市・木崎経由＞　新発田営業所ゆき, E47　大形線＜万代シテイ・南高校前経由＞　江南高校前ゆき"
中上木戸,新潟交通（株）,牡丹山線
護国神社前,新潟交通（株）,"浜浦町線, 信濃町線, 有明線, 西小針線"
上木戸本町,新潟交通（株）,牡丹山線
護国神社入口,新潟交通（株）,"新潟市観光循環バス, 観光循環線"
堀切,新発田市,"川東コミュニティバス　上板山・荒清水・小戸方面行き, 川東コミュニティバス　南俣方面行き"
牡丹山二丁目,新潟交通（株）,牡丹山線
牡丹山二丁目,新潟市,東区　区バス　河渡ルート
東堀通七番町,新潟交通（株）,東堀通線
新崎駅北口,アイ・ケーアライアンス（株）,北区　おらってのバス（太夫浜→松浜方面→新崎駅北口、葛塚ルート）
水族館前,新潟交通（株）,"新潟市観光循環バス, 浜浦町線, 観光循環線"
なぎさ荘前,新潟交通（株）,浜浦町線
豊栄病院,新潟市,北区　区バス　太郎代・新富町〜北区役所・文化会館前
豊栄病院,アイ・ケーアライアンス（株）,北区　おらってのバス（太夫浜→松浜方面→新崎駅北口、葛塚ルート）
久保,新発田市,松浦地区デマンド乗合タクシー「まつうら号」
一日市,新潟交通（株）,"大形線, 江南区　大江山地区バス　江54一日市大江山線"
一日市,新潟交通観光バス（株）,"E40M　大形線＜学校町経由＞　信濃町ゆき, E43　大形線＜下木戸・一日市経由＞　大江山連絡所前ゆき, E44　大形線＜下木戸・大形本町・一日市経由＞　新潟競馬場ゆき, E45　大形線＜一日市・早通駅前経由＞　豊栄駅前ゆき, E46　大形線＜一日市・木崎経由＞　新発田営業所ゆき, E47　大形線＜万代シテイ・南高校前経由＞　江南高校前ゆき"
県立大学前,新潟交通（株）,大形線
県立大学前,新潟交通観光バス（株）,"E40M　大形線＜学校町経由＞　信濃町ゆき, E43　大形線＜下木戸・一日市経由＞　大江山連絡所前ゆき, E44　大形線＜下木戸・大形本町・一日市経由＞　新潟競馬場ゆき, E45　大形線＜一日市・早通駅前経由＞　豊栄駅前ゆき, E46　大形線＜一日市・木崎経由＞　新発田営業所ゆき, E47　大形線＜万代シテイ・南高校前経由＞　江南高校前ゆき"
古町,蒲原鉄道（株）,五泉・村松線
古町,新潟交通観光バス（株）,"S2　鳥屋野線, E40M　大形線＜学校町経由＞　信濃町ゆき, W70M　大野・白根線＜（快速）白根・大野仲町・学校町経由＞　新潟駅前ゆき, W70　大野・白根線＜白根・大野仲町経由＞　新潟駅前ゆき, W74　大野・白根線＜（急行）県庁前・古町経由＞　新潟駅前ゆき, W80　味方・月潟線＜大野仲町・味方経由＞　月潟ゆき, E20M　空港・松浜線　美咲合同庁舎ゆき"
牡丹山神社前,新潟交通（株）,牡丹山線
ピアBandai前,新潟交通（株）,"佐渡汽船線, みなと循環"
古町,新潟交通（株）,"浜浦町線, 信濃町線, 西堀通線, 八千代橋線, 鳥屋野線, 女池線, 長潟線, 有明線, 西小針線, 寺尾線, 大堀線, 小新線, 大野・白根線, 味方線, 空港・松浜線, 河渡線, 大形線, 牡丹山線, 竹尾線, 石山線, BRT（萬代橋）線, 佐渡汽船線, みなと循環"
池ノ端,新発田市,豊浦地域コミュニティバス「本田・天王号」
中山木戸,新潟交通（株）,大形線
中山木戸,新潟交通観光バス（株）,"E40M　大形線＜学校町経由＞　信濃町ゆき, E42　大形線＜下木戸・大形本町経由＞　津島屋ゆき, E43　大形線＜下木戸・一日市経由＞　大江山連絡所前ゆき, E44　大形線＜下木戸・大形本町・一日市経由＞　新潟競馬場ゆき, E45　大形線＜一日市・早通駅前経由＞　豊栄駅前ゆき, E46　大形線＜一日市・木崎経由＞　新発田営業所ゆき, E47　大形線＜万代シテイ・南高校前経由＞　江南高校前ゆき"
柳が丘団地,新潟交通（株）,大形線
柳が丘団地,新潟交通観光バス（株）,"E40M　大形線＜学校町経由＞　信濃町ゆき, E43　大形線＜下木戸・一日市経由＞　大江山連絡所前ゆき, E44　大形線＜下木戸・大形本町・一日市経由＞　新潟競馬場ゆき, E45　大形線＜一日市・早通駅前経由＞　豊栄駅前ゆき, E46　大形線＜一日市・木崎経由＞　新発田営業所ゆき, E47　大形線＜万代シテイ・南高校前経由＞　江南高校前ゆき"
石動一丁目,新潟交通（株）,芋黒線
本町,新潟交通（株）,"新潟市観光循環バス, 浜浦町線, 信濃町線, 鳥屋野線, 女池線, 長潟線, 有明線, 西小針線, 寺尾線, 大堀線, 小新線, 大野・白根線, 味方線, 空港・松浜線, 河渡線, 大形線, 牡丹山線, 竹尾線, 石山線, BRT（萬代橋）線, 佐渡汽船線, 観光循環線, みなと循環"
本町,新潟交通観光バス（株）,"S2　鳥屋野線, E40M　大形線＜学校町経由＞　信濃町ゆき, W70M　大野・白根線＜（快速）白根・大野仲町・学校町経由＞　新潟駅前ゆき, W70　大野・白根線＜白根・大野仲町経由＞　新潟駅前ゆき, W74　大野・白根線＜（急行）県庁前・古町経由＞　新潟駅前ゆき, W80　味方・月潟線＜大野仲町・味方経由＞　月潟ゆき, E20M　空港・松浜線　美咲合同庁舎ゆき"
旭町通二番町,新潟交通（株）,"浜浦町線, 空港・松浜線, 白山青陵ライン"
旭町通二番町,新潟交通観光バス（株）,E26M　空港・松浜線＜県庁前経由＞　美咲合同庁舎ゆき
宮浦中学前,新潟交通（株）,"空港・松浜線, 河渡線"
宮浦中学前,新潟交通観光バス（株）,"E21　空港・松浜線＜浜谷町経由＞　船江町二丁目ゆき, E22　空港・松浜線＜浜谷町経由＞　新潟空港ゆき, E23　空港・松浜線＜浜谷町・物見山・下山経由＞　新潟競馬場ゆき, E24　空港・松浜線＜浜谷町・下山・島見町経由＞　北部営業所ゆき, E25　空港・松浜線＜浜谷町・物見山・下山経由＞　新潟医療福祉大学ゆき, E26　空港・松浜線＜浜谷町・物見山・下山経由＞　太郎代浜ゆき, E27　空港・松浜線＜南高校前経由＞　江南高校前ゆき"
牡丹山三差路,新潟交通（株）,"牡丹山線, 竹尾線"
柳都大橋,新潟交通（株）,佐渡汽船線
万代テラス,新潟交通（株）,みなと循環
山木戸六丁目,新潟交通（株）,"牡丹山線, 竹尾線"
逢谷内,新潟交通（株）,牡丹山線
逢谷内,新潟市,東区　区バス　松崎ルート
東上木戸,新潟交通（株）,牡丹山線
早通駅前,新潟交通（株）,大形線
早通駅前,新潟交通観光バス（株）,E45　大形線＜一日市・早通駅前経由＞　豊栄駅前ゆき
田貝,新発田市,川東コミュニティバス　南俣方面行き
礎町,新潟交通（株）,"浜浦町線, 信濃町線, 鳥屋野線, 女池線, 長潟線, 有明線, 西小針線, 寺尾線, 大堀線, 小新線, 大野・白根線, 味方線, BRT（萬代橋）線"
礎町,新潟交通観光バス（株）,"S2　鳥屋野線, W70M　大野・白根線＜（快速）白根・大野仲町・学校町経由＞　新潟駅前ゆき, W70　大野・白根線＜白根・大野仲町経由＞　新潟駅前ゆき, W74　大野・白根線＜（急行）県庁前・古町経由＞　新潟駅前ゆき, W80　味方・月潟線＜大野仲町・味方経由＞　月潟ゆき"
牡丹山四丁目,新潟交通（株）,竹尾線
牡丹山四丁目,新潟市,東区　区バス　河渡ルート
沼垂四ツ角,新潟交通（株）,"臨港線, 空港・松浜線, 河渡線, みなと循環"
沼垂四ツ角,新潟交通観光バス（株）,E20M　空港・松浜線　美咲合同庁舎ゆき
大伝,新発田市,豊浦地域コミュニティバス「本田・天王号」
下中ノ目,新発田市,豊浦地域コミュニティバス「本田・天王号」
新津屋小路,新潟交通（株）,みなと循環
岡本小路,新潟交通（株）,"浜浦町線, 空港・松浜線, 白山青陵ライン"
岡本小路,新潟交通観光バス（株）,E26M　空港・松浜線＜県庁前経由＞　美咲合同庁舎ゆき
東堀通六番町,新潟交通（株）,"東堀通線, 観光循環線"
新潟青陵大学前,新潟交通（株）,"浜浦町線, 白山青陵ライン"
東堀通六番町（マンガの家入口）,新潟交通（株）,新潟市観光循環バス
天ノ原,新潟交通観光バス（株）,新発田-小戸入り口-赤谷六軒町線
東新潟中学前,新潟交通（株）,大形線
東新潟中学前,新潟交通観光バス（株）,"E40M　大形線＜学校町経由＞　信濃町ゆき, E42　大形線＜下木戸・大形本町経由＞　津島屋ゆき, E43　大形線＜下木戸・一日市経由＞　大江山連絡所前ゆき, E44　大形線＜下木戸・大形本町・一日市経由＞　新潟競馬場ゆき, E45　大形線＜一日市・早通駅前経由＞　豊栄駅前ゆき, E46　大形線＜一日市・木崎経由＞　新発田営業所ゆき, E47　大形線＜万代シテイ・南高校前経由＞　江南高校前ゆき"
新崎鉄工団地前,新潟交通（株）,大形線
新崎鉄工団地前,新潟交通観光バス（株）,E45　大形線＜一日市・早通駅前経由＞　豊栄駅前ゆき
豊栄ショッピングセンター,新潟交通（株）,芋黒線
豊栄ショッピングセンター,アイ・ケーアライアンス（株）,北区　おらってのバス（太夫浜→松浜方面→新崎駅北口、葛塚ルート）
東中通,新潟交通（株）,"信濃町線, 鳥屋野線, 女池線, 長潟線, 有明線, 西小針線, 寺尾線, 大堀線, 小新線, 大野・白根線, 味方線, 空港・松浜線, 河渡線, 大形線, 牡丹山線, 竹尾線, 石山線, BRT（萬代橋）線, 佐渡汽船線"
東中通,新潟交通観光バス（株）,"S2　鳥屋野線, E40M　大形線＜学校町経由＞　信濃町ゆき, W70M　大野・白根線＜（快速）白根・大野仲町・学校町経由＞　新潟駅前ゆき, W70　大野・白根線＜白根・大野仲町経由＞　新潟駅前ゆき, W74　大野・白根線＜（急行）県庁前・古町経由＞　新潟駅前ゆき, W80　味方・月潟線＜大野仲町・味方経由＞　月潟ゆき, E20M　空港・松浜線　美咲合同庁舎ゆき"
木戸中学前,新潟交通（株）,"竹尾線, はなみずき線"
木戸中学前,新潟市,東区　区バス　松崎ルート
豊栄駅北口,新潟交通（株）,芋黒線
豊栄駅北口,新潟市,北区　区バス　太郎代・新富町〜北区役所・文化会館前
豊栄駅北口,アイ・ケーアライアンス（株）,北区　おらってのバス（太夫浜→松浜方面→新崎駅北口、葛塚ルート）
牡丹山五丁目,新潟交通（株）,"竹尾線, はなみずき線"
西堀通四番町,新潟交通（株）,"西堀通線, 八千代橋線"
寺山,新潟交通（株）,牡丹山線
東地区総合庁舎前,新潟交通（株）,"臨港線, 空港・松浜線, 河渡線, みなと循環"
東地区総合庁舎前,新潟交通観光バス（株）,E20M　空港・松浜線　美咲合同庁舎ゆき
豊栄駅前,新潟交通（株）,"大形線, 芋黒線"
豊栄駅前,新潟交通観光バス（株）,"E45　大形線＜一日市・早通駅前経由＞　豊栄駅前ゆき, 白玉の湯華鳳-急行-豊栄駅前線"
豊栄駅南口,新潟市,北区　区バス　太郎代・新富町〜北区役所・文化会館前
豊栄駅南口,アイ・ケーアライアンス（株）,北区　おらってのバス（太夫浜→松浜方面→新崎駅北口、葛塚ルート）
上大友,新発田市,川東コミュニティバス　宮古木村中方面行き
山木戸五丁目,新潟交通（株）,"牡丹山線, 竹尾線"
豊栄駅,月岡温泉観光協会,シャトルバス
新津記念館前,新潟交通（株）,"新潟市観光循環バス, 観光循環線"
水道町一丁目,新潟交通（株）,"浜浦町線, 信濃町線, 有明線, 西小針線, 空港・松浜線, 白山青陵ライン"
水道町一丁目,新潟交通観光バス（株）,E26M　空港・松浜線＜県庁前経由＞　美咲合同庁舎ゆき
北高校前,新潟交通（株）,"牡丹山線, 石山線"
上羽津,新発田市,川東コミュニティバス　上板山・荒清水・小戸方面行き
早通南二丁目,新潟交通（株）,大形線
早通南二丁目,新潟交通観光バス（株）,E45　大形線＜一日市・早通駅前経由＞　豊栄駅前ゆき
新潟日報メディアシップ,新潟交通（株）,"新潟市観光循環バス, 柳都大橋線, 空港・松浜線, 河渡線, 佐渡汽船線, 観光循環線, みなと循環"
新潟日報メディアシップ,新潟交通観光バス（株）,"E21　空港・松浜線＜浜谷町経由＞　船江町二丁目ゆき, E22　空港・松浜線＜浜谷町経由＞　新潟空港ゆき, E23　空港・松浜線＜浜谷町・物見山・下山経由＞　新潟競馬場ゆき, E24　空港・松浜線＜浜谷町・下山・島見町経由＞　北部営業所ゆき, E25　空港・松浜線＜浜谷町・物見山・下山経由＞　新潟医療福祉大学ゆき, E26　空港・松浜線＜浜谷町・物見山・下山経由＞　太郎代浜ゆき, E27　空港・松浜線＜南高校前経由＞　江南高校前ゆき"
牡丹山十字路,新潟交通（株）,"竹尾線, はなみずき線"
山木戸三丁目,新潟交通（株）,"牡丹山線, 竹尾線"
本所,新潟交通（株）,大形線
本所,新潟交通観光バス（株）,E43　大形線＜下木戸・一日市経由＞　大江山連絡所前ゆき
新崎団地前,新潟交通（株）,大形線
新崎団地前,新潟交通観光バス（株）,E45　大形線＜一日市・早通駅前経由＞　豊栄駅前ゆき
山木戸二丁目,新潟交通（株）,"牡丹山線, 竹尾線"
本町通五番町,新潟交通（株）,八千代橋線
松波町一丁目,新潟交通（株）,"浜浦町線, 信濃町線, 有明線, 西小針線, 空港・松浜線"
松波町一丁目,新潟交通観光バス（株）,E26M　空港・松浜線＜県庁前経由＞　美咲合同庁舎ゆき
万代シテイ,蒲原鉄道（株）,五泉・村松線
万代シテイ,新潟交通（株）,"新潟市観光循環バス, 浜浦町線, 信濃町線, 八千代橋線, 柳都大橋線, 新大病院線, 鳥屋野線, 上所線, 女池線, 長潟線, 京王団地線, 亀田・横越線, 有明線, 西小針線, 寺尾線, 大堀線, 小新線, 大野・白根線, 味方線, 空港・松浜線, 河渡線, 大形線, 牡丹山線, 竹尾線, 石山線, BRT（萬代橋）線, 佐渡汽船線, 観光循環線, みなと循環, 江南区　大江山地区バス　江54一日市大江山線, 江南区　大江山地区バス　江55岡山大江山線, 江南区　両川地域バス　江52亀田酒屋線"
万代シテイ,新潟交通観光バス（株）,"S90　万代シテイ-横越-水原, S91急（急行）万代シテイ-曙町-水原, S92急（急行）万代シテイ-横雲バイパス-水原, S93急（急行）万代シテイ-曙町-保田車庫前, 新潟駅・万代シテイ⇒水原・瓢湖　方面行, S94　万代シテイ-沢海-秋葉区役所前, S95　万代シテイ-沢海-京ヶ瀬営業所, S96　万代シテイ-二本木-秋葉区役所前, S97, S2　鳥屋野線, E40M　大形線＜学校町経由＞　信濃町ゆき, E42　大形線＜下木戸・大形本町経由＞　津島屋ゆき, E43　大形線＜下木戸・一日市経由＞　大江山連絡所前ゆき, E44　大形線＜下木戸・大形本町・一日市経由＞　新潟競馬場ゆき, E45　大形線＜一日市・早通駅前経由＞　豊栄駅前ゆき, E46　大形線＜一日市・木崎経由＞　新発田営業所ゆき, E47　大形線＜万代シテイ・南高校前経由＞　江南高校前ゆき, W70M　大野・白根線＜（快速）白根・大野仲町・学校町経由＞　新潟駅前ゆき, W70　大野・白根線＜白根・大野仲町経由＞　新潟駅前ゆき, W74　大野・白根線＜（急行）県庁前・古町経由＞　新潟駅前ゆき, W80　味方・月潟線＜大野仲町・味方経由＞　月潟ゆき, E20M　空港・松浜線　美咲合同庁舎ゆき, E21　空港・松浜線＜浜谷町経由＞　船江町二丁目ゆき, E22　空港・松浜線＜浜谷町経由＞　新潟空港ゆき, E23　空港・松浜線＜浜谷町・物見山・下山経由＞　新潟競馬場ゆき, E24　空港・松浜線＜浜谷町・下山・島見町経由＞　北部営業所ゆき, E25　空港・松浜線＜浜谷町・物見山・下山経由＞　新潟医療福祉大学ゆき, E26　空港・松浜線＜浜谷町・物見山・下山経由＞　太郎代浜ゆき, E27　空港・松浜線＜南高校前経由＞　江南高校前ゆき"
月見橋,新潟交通（株）,"牡丹山線, 竹尾線"
新潟大学病院,新潟交通（株）,"新大病院線, 市民病院線, 白山青陵ライン"
柳原団地前,新潟交通（株）,芋黒線
蒲原町,新潟交通（株）,"京王団地線, 亀田・横越線, 大形線, 牡丹山線, 竹尾線, 石山線"
蒲原町,新潟交通観光バス（株）,"S90　万代シテイ-横越-水原, S91急（急行）万代シテイ-曙町-水原, S92急（急行）万代シテイ-横雲バイパス-水原, S93急（急行）万代シテイ-曙町-保田車庫前, 新潟駅・万代シテイ⇒水原・瓢湖　方面行, S94　万代シテイ-沢海-秋葉区役所前, S95　万代シテイ-沢海-京ヶ瀬営業所, S96　万代シテイ-二本木-秋葉区役所前, S97, E40M　大形線＜学校町経由＞　信濃町ゆき, E42　大形線＜下木戸・大形本町経由＞　津島屋ゆき, E43　大形線＜下木戸・一日市経由＞　大江山連絡所前ゆき, E44　大形線＜下木戸・大形本町・一日市経由＞　新潟競馬場ゆき, E45　大形線＜一日市・早通駅前経由＞　豊栄駅前ゆき, E46　大形線＜一日市・木崎経由＞　新発田営業所ゆき, E47　大形線＜万代シテイ・南高校前経由＞　江南高校前ゆき"
牡丹山一丁目,新潟交通（株）,はなみずき線
牡丹山一丁目,新潟市,東区　区バス　河渡ルート
南県営住宅前,新潟交通（株）,大形線
南県営住宅前,新潟交通観光バス（株）,E45　大形線＜一日市・早通駅前経由＞　豊栄駅前ゆき
東堀通四番町,新潟交通（株）,東堀通線
石動,新潟交通（株）,"牡丹山線, 石山線"
牡丹山小学校入口,新潟交通（株）,竹尾線
市役所前,蒲原鉄道（株）,五泉・村松線
万代町,新潟交通（株）,"臨港線, 空港・松浜線, 河渡線, みなと循環"
万代町,新潟交通観光バス（株）,E20M　空港・松浜線　美咲合同庁舎ゆき
中ノ目新田,新発田市,豊浦地域コミュニティバス「本田・天王号」
白新町,新潟交通（株）,大形線
白新町,新潟交通観光バス（株）,E45　大形線＜一日市・早通駅前経由＞　豊栄駅前ゆき
中山,新潟交通（株）,竹尾線
佐々川,新発田市,松浦地区デマンド乗合タクシー「まつうら号」
新潟中央高校前,新潟交通（株）,"信濃町線, 鳥屋野線, 有明線, 西小針線, 大野・白根線, 味方線, 空港・松浜線, 河渡線, 大形線, 牡丹山線, 竹尾線, 石山線"
新潟中央高校前,新潟交通観光バス（株）,"E40M　大形線＜学校町経由＞　信濃町ゆき, W70M　大野・白根線＜（快速）白根・大野仲町・学校町経由＞　新潟駅前ゆき, W80　味方・月潟線＜大野仲町・味方経由＞　月潟ゆき, E20M　空港・松浜線　美咲合同庁舎ゆき"
兄弟堀,新潟交通（株）,大形線
兄弟堀,新潟交通観光バス（株）,E45　大形線＜一日市・早通駅前経由＞　豊栄駅前ゆき
明石二丁目,新潟交通（株）,"亀田・横越線, 牡丹山線, 竹尾線"
明石二丁目,新潟交通観光バス（株）,"S91急（急行）万代シテイ-曙町-水原, S93急（急行）万代シテイ-曙町-保田車庫前, 新潟駅・万代シテイ⇒水原・瓢湖　方面行"
内竹口,新潟交通観光バス（株）,新発田-小戸入り口-赤谷六軒町線
沼垂白山,新潟交通（株）,"京王団地線, 亀田・横越線, 牡丹山線, 竹尾線, 石山線"
沼垂白山,新潟交通観光バス（株）,"S90　万代シテイ-横越-水原, 新潟駅・万代シテイ⇒水原・瓢湖　方面行, S94　万代シテイ-沢海-秋葉区役所前, S95　万代シテイ-沢海-京ヶ瀬営業所, S96　万代シテイ-二本木-秋葉区役所前, S97"
青木整形外科医院前,新潟市,北区　区バス　太郎代・新富町〜北区役所・文化会館前
西堀通二番町,新潟交通（株）,西堀通線
学校町一番町,新潟交通（株）,"市民病院線, 有明線, 西小針線"
川端町四丁目,新潟交通（株）,新大病院線
上大川前通三番町,新潟交通（株）,新大病院線
早通南四丁目,新潟交通（株）,大形線
早通南四丁目,新潟交通観光バス（株）,E45　大形線＜一日市・早通駅前経由＞　豊栄駅前ゆき
はなみずき,新潟交通（株）,"竹尾線, はなみずき線"
はなみずき,新潟市,東区　区バス　松崎ルート
市役所前,新潟交通観光バス（株）,"S2　鳥屋野線, E40M　大形線＜学校町経由＞　信濃町ゆき, W70M　大野・白根線＜（快速）白根・大野仲町・学校町経由＞　新潟駅前ゆき, W70　大野・白根線＜白根・大野仲町経由＞　新潟駅前ゆき, W74　大野・白根線＜（急行）県庁前・古町経由＞　新潟駅前ゆき, W80　味方・月潟線＜大野仲町・味方経由＞　月潟ゆき, E20M　空港・松浜線　美咲合同庁舎ゆき"
乙次,新発田市,豊浦地域コミュニティバス「本田・天王号」
岡山跨線橋,新潟交通（株）,牡丹山線
岡山跨線橋,新潟市,東区　区バス　松崎ルート
新井郷,新潟交通（株）,大形線
新井郷,新潟交通観光バス（株）,E45　大形線＜一日市・早通駅前経由＞　豊栄駅前ゆき
学校町三番町,新潟交通（株）,"信濃町線, 市民病院線, 鳥屋野線, 有明線, 西小針線, 大野・白根線, 味方線, 空港・松浜線, 河渡線, 大形線, 牡丹山線, 竹尾線, 石山線"
学校町三番町,新潟交通観光バス（株）,"E40M　大形線＜学校町経由＞　信濃町ゆき, W70M　大野・白根線＜（快速）白根・大野仲町・学校町経由＞　新潟駅前ゆき, W80　味方・月潟線＜大野仲町・味方経由＞　月潟ゆき, E20M　空港・松浜線　美咲合同庁舎ゆき"
松波町三丁目,新潟交通（株）,"浜浦町線, 信濃町線, 有明線, 西小針線, 空港・松浜線"
松波町三丁目,新潟交通観光バス（株）,E26M　空港・松浜線＜県庁前経由＞　美咲合同庁舎ゆき
北区役所前,新潟交通（株）,大形線
北区役所前,新潟交通観光バス（株）,E45　大形線＜一日市・早通駅前経由＞　豊栄駅前ゆき
ふれあいセンター,新発田市,川東コミュニティバス　南俣方面行き
駅前通,新潟交通（株）,"浜浦町線, 信濃町線, 八千代橋線, 柳都大橋線, 新大病院線, 鳥屋野線, 水島町線, 上所線, 女池線, 長潟線, 京王団地線, 亀田・横越線, 有明線, 西小針線, 寺尾線, 大堀線, 小新線, 大野・白根線, 味方線, 臨港線, 空港・松浜線, 河渡線, 大形線, 牡丹山線, 竹尾線, 石山線, BRT（萬代橋）線, 佐渡汽船線"
駅前通,新潟交通観光バス（株）,"S90　万代シテイ-横越-水原, S91急（急行）万代シテイ-曙町-水原, S92急（急行）万代シテイ-横雲バイパス-水原, S93急（急行）万代シテイ-曙町-保田車庫前, 新潟駅・万代シテイ⇒水原・瓢湖　方面行, S94　万代シテイ-沢海-秋葉区役所前, S95　万代シテイ-沢海-京ヶ瀬営業所, S96　万代シテイ-二本木-秋葉区役所前, S97, S2　鳥屋野線, E40M　大形線＜学校町経由＞　信濃町ゆき, E47　大形線＜万代シテイ・南高校前経由＞　江南高校前ゆき, W70M　大野・白根線＜（快速）白根・大野仲町・学校町経由＞　新潟駅前ゆき, W70　大野・白根線＜白根・大野仲町経由＞　新潟駅前ゆき, W74　大野・白根線＜（急行）県庁前・古町経由＞　新潟駅前ゆき, W80　味方・月潟線＜大野仲町・味方経由＞　月潟ゆき, E21　空港・松浜線＜浜谷町経由＞　船江町二丁目ゆき, E22　空港・松浜線＜浜谷町経由＞　新潟空港ゆき, E23　空港・松浜線＜浜谷町・物見山・下山経由＞　新潟競馬場ゆき, E24　空港・松浜線＜浜谷町・下山・島見町経由＞　北部営業所ゆき, E25　空港・松浜線＜浜谷町・物見山・下山経由＞　新潟医療福祉大学ゆき, E26　空港・松浜線＜浜谷町・物見山・下山経由＞　太郎代浜ゆき"
万代一丁目,新潟交通（株）,"八千代橋線, 柳都大橋線, 新大病院線, 水島町線, 上所線, 空港・松浜線, 河渡線"
万代一丁目,新潟交通観光バス（株）,"E21　空港・松浜線＜浜谷町経由＞　船江町二丁目ゆき, E22　空港・松浜線＜浜谷町経由＞　新潟空港ゆき, E23　空港・松浜線＜浜谷町・物見山・下山経由＞　新潟競馬場ゆき, E24　空港・松浜線＜浜谷町・下山・島見町経由＞　北部営業所ゆき, E25　空港・松浜線＜浜谷町・物見山・下山経由＞　新潟医療福祉大学ゆき, E26　空港・松浜線＜浜谷町・物見山・下山経由＞　太郎代浜ゆき"
明石一丁目,新潟交通（株）,"長潟線, 京王団地線, 亀田・横越線, 大形線, 牡丹山線, 竹尾線, 石山線"
明石一丁目,新潟交通観光バス（株）,"S90　万代シテイ-横越-水原, S91急（急行）万代シテイ-曙町-水原, S92急（急行）万代シテイ-横雲バイパス-水原, S93急（急行）万代シテイ-曙町-保田車庫前, 新潟駅・万代シテイ⇒水原・瓢湖　方面行, S94　万代シテイ-沢海-秋葉区役所前, S95　万代シテイ-沢海-京ヶ瀬営業所, S96　万代シテイ-二本木-秋葉区役所前, S97, E40M　大形線＜学校町経由＞　信濃町ゆき, E42　大形線＜下木戸・大形本町経由＞　津島屋ゆき, E43　大形線＜下木戸・一日市経由＞　大江山連絡所前ゆき, E44　大形線＜下木戸・大形本町・一日市経由＞　新潟競馬場ゆき, E45　大形線＜一日市・早通駅前経由＞　豊栄駅前ゆき, E46　大形線＜一日市・木崎経由＞　新発田営業所ゆき, E47　大形線＜万代シテイ・南高校前経由＞　江南高校前ゆき"
大形駅前,新潟交通（株）,"牡丹山線, 石山線"
須戸大橋,新潟交通（株）,大形線
須戸大橋,新潟交通観光バス（株）,E45　大形線＜一日市・早通駅前経由＞　豊栄駅前ゆき
乗廻,新発田市,豊浦地域コミュニティバス「本田・天王号」
新潟商業高校前,新潟交通（株）,"信濃町線, 市民病院線, 鳥屋野線, 有明線, 西小針線, 大野・白根線, 味方線, 空港・松浜線, 河渡線, 大形線, 牡丹山線, 竹尾線, 石山線"
新潟商業高校前,新潟交通観光バス（株）,"E40M　大形線＜学校町経由＞　信濃町ゆき, W70M　大野・白根線＜（快速）白根・大野仲町・学校町経由＞　新潟駅前ゆき, W80　味方・月潟線＜大野仲町・味方経由＞　月潟ゆき, E20M　空港・松浜線　美咲合同庁舎ゆき"
須戸入口,新潟交通（株）,大形線
須戸入口,新潟交通観光バス（株）,E45　大形線＜一日市・早通駅前経由＞　豊栄駅前ゆき
六日町,新発田市,松浦地区デマンド乗合タクシー「まつうら号」
白山公園前,新潟交通（株）,"新潟市観光循環バス, 東堀通線, 鳥屋野線, 女池線, 長潟線, 大野・白根線, 観光循環線"
白山公園前,新潟交通観光バス（株）,"S2　鳥屋野線, W74　大野・白根線＜（急行）県庁前・古町経由＞　新潟駅前ゆき"
東堀通一番町,新潟交通（株）,東堀通線
花園町,新潟交通（株）,"長潟線, 石山線"
市営住宅前,新潟交通（株）,"竹尾線, はなみずき線"
市営住宅前,新潟市,東区　区バス　河渡ルート
上大川前通二番町,新潟交通（株）,新大病院線
市役所前,新潟交通（株）,"県庁線, 信濃町線, 東堀通線, 西堀通線, 新大病院線, 市民病院線, 鳥屋野線, 女池線, 長潟線, 有明線, 西小針線, 寺尾線, 大堀線, 小新線, 大野・白根線, 味方線, 空港・松浜線, 河渡線, 大形線, 牡丹山線, 竹尾線, 石山線, BRT（萬代橋）線, 佐渡汽船線, 江南区　両川地域バス　江51曽川酒屋線"
弁天二丁目,新潟交通（株）,"八千代橋線, 柳都大橋線, 新大病院線, 水島町線, 上所線, 空港・松浜線, 河渡線"
弁天二丁目,新潟交通観光バス（株）,"E21　空港・松浜線＜浜谷町経由＞　船江町二丁目ゆき, E22　空港・松浜線＜浜谷町経由＞　新潟空港ゆき, E23　空港・松浜線＜浜谷町・物見山・下山経由＞　新潟競馬場ゆき, E24　空港・松浜線＜浜谷町・下山・島見町経由＞　北部営業所ゆき, E25　空港・松浜線＜浜谷町・物見山・下山経由＞　新潟医療福祉大学ゆき, E26　空港・松浜線＜浜谷町・物見山・下山経由＞　太郎代浜ゆき"
川端町二丁目,新潟交通（株）,新大病院線
下土地亀,新潟交通（株）,大形線
下土地亀,新潟交通観光バス（株）,E45　大形線＜一日市・早通駅前経由＞　豊栄駅前ゆき
木戸病院,新潟交通（株）,"竹尾線, はなみずき線"
木戸病院,新潟市,東区　区バス　松崎ルート
光桂寺前,新潟交通（株）,大形線
光桂寺前,新潟交通観光バス（株）,E43　大形線＜下木戸・一日市経由＞　大江山連絡所前ゆき
新潟万代病院前,新潟交通（株）,"八千代橋線, 新大病院線, 上所線, 空港・松浜線, 河渡線, 大形線"
新潟万代病院前,新潟交通観光バス（株）,"E47　大形線＜万代シテイ・南高校前経由＞　江南高校前ゆき, E27　空港・松浜線＜南高校前経由＞　江南高校前ゆき"
中山五丁目,新潟交通（株）,はなみずき線
中山五丁目,新潟市,東区　区バス　河渡ルート
葛塚仲町,新潟交通（株）,"大形線, 芋黒線"
葛塚仲町,新潟交通観光バス（株）,E45　大形線＜一日市・早通駅前経由＞　豊栄駅前ゆき
白山浦,新潟交通（株）,"寺尾線, 大堀線, 小新線, 大野・白根線, BRT（萬代橋）線"
白山浦,新潟交通観光バス（株）,W70　大野・白根線＜白根・大野仲町経由＞　新潟駅前ゆき
新潟高校前,新潟交通（株）,"信濃町線, 市民病院線, 鳥屋野線, 有明線, 西小針線, 大野・白根線, 味方線, 空港・松浜線, 河渡線, 大形線, 牡丹山線, 竹尾線, 石山線"
新潟高校前,新潟交通観光バス（株）,"E40M　大形線＜学校町経由＞　信濃町ゆき, W70M　大野・白根線＜（快速）白根・大野仲町・学校町経由＞　新潟駅前ゆき, W80　味方・月潟線＜大野仲町・味方経由＞　月潟ゆき, E20M　空港・松浜線　美咲合同庁舎ゆき"
金衛町一丁目,新潟交通（株）,"浜浦町線, 信濃町線, 有明線, 西小針線, 空港・松浜線"
金衛町一丁目,新潟交通観光バス（株）,E26M　空港・松浜線＜県庁前経由＞　美咲合同庁舎ゆき
竹尾インター前,新潟交通（株）,竹尾線
陸上競技場前,新潟交通（株）,"県庁線, 市民病院線, 佐渡汽船線"
上羽津田屋,新発田市,川東コミュニティバス　上板山・荒清水・小戸方面行き
新潟駅前,蒲原鉄道（株）,五泉・村松線
新潟駅前,新潟交通（株）,"新潟市観光循環バス, 浜浦町線, 信濃町線, 八千代橋線, 柳都大橋線, 新大病院線, 鳥屋野線, 水島町線, 上所線, 女池線, 長潟線, 京王団地線, 亀田・横越線, 有明線, 西小針線, 寺尾線, 大堀線, 小新線, 大野・白根線, 味方線, 臨港線, 空港・松浜線, 河渡線, 大形線, 牡丹山線, 竹尾線, 石山線, BRT（萬代橋）線, 佐渡汽船線, 観光循環線, 江南区　両川地域バス　江51曽川酒屋線, 江南区　両川地域バス　江52亀田酒屋線"
新潟駅前,新潟交通観光バス（株）,"S90　万代シテイ-横越-水原, S91急（急行）万代シテイ-曙町-水原, S92急（急行）万代シテイ-横雲バイパス-水原, S93急（急行）万代シテイ-曙町-保田車庫前, 新潟駅・万代シテイ⇒水原・瓢湖　方面行, S94　万代シテイ-沢海-秋葉区役所前, S95　万代シテイ-沢海-京ヶ瀬営業所, S96　万代シテイ-二本木-秋葉区役所前, S97, S2　鳥屋野線, E42　大形線＜下木戸・大形本町経由＞　津島屋ゆき, E43　大形線＜下木戸・一日市経由＞　大江山連絡所前ゆき, E44　大形線＜下木戸・大形本町・一日市経由＞　新潟競馬場ゆき, E45　大形線＜一日市・早通駅前経由＞　豊栄駅前ゆき, E46　大形線＜一日市・木崎経由＞　新発田営業所ゆき, W70M　大野・白根線＜（快速）白根・大野仲町・学校町経由＞　新潟駅前ゆき, W70　大野・白根線＜白根・大野仲町経由＞　新潟駅前ゆき, W74　大野・白根線＜（急行）県庁前・古町経由＞　新潟駅前ゆき, W80　味方・月潟線＜大野仲町・味方経由＞　月潟ゆき, E21　空港・松浜線＜浜谷町経由＞　船江町二丁目ゆき, E22　空港・松浜線＜浜谷町経由＞　新潟空港ゆき, E23　空港・松浜線＜浜谷町・物見山・下山経由＞　新潟競馬場ゆき, E24　空港・松浜線＜浜谷町・下山・島見町経由＞　北部営業所ゆき, E25　空港・松浜線＜浜谷町・物見山・下山経由＞　新潟医療福祉大学ゆき, E26　空港・松浜線＜浜谷町・物見山・下山経由＞　太郎代浜ゆき"
総合福祉会館前,新潟交通（株）,水島町線
小友旧公会堂前,新発田市,松浦地区デマンド乗合タクシー「まつうら号」
竹尾二丁目,新潟交通（株）,竹尾線
竹尾神社前,新潟交通（株）,竹尾線
他門,新潟交通（株）,大形線
他門,新潟交通観光バス（株）,E45　大形線＜一日市・早通駅前経由＞　豊栄駅前ゆき
丑首,新潟交通観光バス（株）,新発田-小戸入り口-赤谷六軒町線
長峰,新発田市,川東コミュニティバス　南俣方面行き
福島村中,新発田市,豊浦地域コミュニティバス「本田・天王号」
北区役所・文化会館前,新潟市,北区　区バス　太郎代・新富町〜北区役所・文化会館前
北区役所・文化会館前,アイ・ケーアライアンス（株）,北区　おらってのバス（太夫浜→松浜方面→新崎駅北口、葛塚ルート）
金衛町二丁目,新潟交通（株）,"浜浦町線, 信濃町線, 有明線, 西小針線"
白山駅前,新潟交通（株）,"寺尾線, 大堀線, 小新線, 大野・白根線, BRT（萬代橋）線, 白山青陵ライン"
白山駅前,新潟交通観光バス（株）,W70　大野・白根線＜白根・大野仲町経由＞　新潟駅前ゆき
東児池,新潟交通（株）,石山線
八幡新田,新発田市,松浦地区デマンド乗合タクシー「まつうら号」
新潟LOTS,新潟交通（株）,"上所線, 空港・松浜線, 河渡線, 大形線"
新潟LOTS,新潟交通観光バス（株）,"E47　大形線＜万代シテイ・南高校前経由＞　江南高校前ゆき, E27　空港・松浜線＜南高校前経由＞　江南高校前ゆき"
関屋本村,新潟交通（株）,"信濃町線, 市民病院線, 鳥屋野線, 有明線, 西小針線, 大野・白根線, 味方線, 空港・松浜線, 河渡線, 大形線, 牡丹山線, 竹尾線, 石山線"
関屋本村,新潟交通観光バス（株）,"E40M　大形線＜学校町経由＞　信濃町ゆき, W70M　大野・白根線＜（快速）白根・大野仲町・学校町経由＞　新潟駅前ゆき, W80　味方・月潟線＜大野仲町・味方経由＞　月潟ゆき, E20M　空港・松浜線　美咲合同庁舎ゆき"
本馬越,新潟交通（株）,はなみずき線
本馬越,新潟市,東区　区バス　河渡ルート
馬越,新潟交通（株）,"京王団地線, 亀田・横越線, 石山線, 江南区　大江山地区バス　江55岡山大江山線"
馬越,新潟交通観光バス（株）,"S90　万代シテイ-横越-水原, 新潟駅・万代シテイ⇒水原・瓢湖　方面行, S94　万代シテイ-沢海-秋葉区役所前, S95　万代シテイ-沢海-京ヶ瀬営業所, S96　万代シテイ-二本木-秋葉区役所前, S97"
他門大橋,新潟交通（株）,大形線
他門大橋,新潟交通観光バス（株）,E45　大形線＜一日市・早通駅前経由＞　豊栄駅前ゆき
水島町,新潟交通（株）,水島町線
笹口,新潟市,東区　区バス　河渡ルート
新潟駅南口,新潟交通（株）,"県庁線, 女池線, 長潟線, スポーツ公園線, 有明線, 西小針線, 大堀線, 大野・白根線, はなみずき線, 石山線, 空港リムジン線, 免許センター線, 江南区　大江山地区バス　江53南長潟大江山線"
新潟駅南口,新潟交通観光バス（株）,W73　大野・白根線＜江南高校前経由＞　新潟駅南口ゆき
新潟駅南口,新潟市,東区　区バス　河渡ルート
福島,新発田市,豊浦地域コミュニティバス「本田・天王号」
中田屋,新発田市,川東コミュニティバス　上板山・荒清水・小戸方面行き
幸西三丁目,新潟交通（株）,"上所線, 空港・松浜線, 河渡線, 大形線"
幸西三丁目,新潟交通観光バス（株）,"E47　大形線＜万代シテイ・南高校前経由＞　江南高校前ゆき, E27　空港・松浜線＜南高校前経由＞　江南高校前ゆき"
三ツ椡,新発田市,豊浦地域コミュニティバス「本田・天王号」
高校通,新潟交通（株）,"寺尾線, 大堀線, 小新線, 大野・白根線, BRT（萬代橋）線"
高校通,新潟交通観光バス（株）,W70　大野・白根線＜白根・大野仲町経由＞　新潟駅前ゆき
浜浦町一丁目,新潟交通（株）,"浜浦町線, 信濃町線, 有明線, 西小針線"
岡山,新潟交通（株）,"石山線, 江南区　大江山地区バス　江55岡山大江山線"
岡山,新潟市,東区　区バス　松崎ルート
竹尾,新潟交通（株）,竹尾線
がんセンター前,蒲原鉄道（株）,五泉・村松線
がんセンター前,新潟交通（株）,"県庁線, 市民病院線, 佐渡汽船線"
卸新町東,新潟交通（株）,竹尾線
東中島三丁目,新潟交通（株）,石山線
笹口,新潟交通（株）,"長潟線, はなみずき線, 石山線"
笹口,新潟市,東区　区バス　河渡ルート
車野,新発田市,川東コミュニティバス　宮古木村中方面行き
南俣,新発田市,川東コミュニティバス　南俣方面行き
浜浦町二丁目,新潟交通（株）,"浜浦町線, 信濃町線, 有明線, 西小針線"
八幡集落開発センター前,新発田市,松浦地区デマンド乗合タクシー「まつうら号」
昭和町,新潟交通（株）,"信濃町線, 市民病院線, 鳥屋野線, 有明線, 西小針線, 大野・白根線, 味方線, 空港・松浜線, 河渡線, 大形線, 牡丹山線, 竹尾線, 石山線"
昭和町,新潟交通観光バス（株）,"E40M　大形線＜学校町経由＞　信濃町ゆき, W70M　大野・白根線＜（快速）白根・大野仲町・学校町経由＞　新潟駅前ゆき, W80　味方・月潟線＜大野仲町・味方経由＞　月潟ゆき, E20M　空港・松浜線　美咲合同庁舎ゆき, E26M　空港・松浜線＜県庁前経由＞　美咲合同庁舎ゆき"
BSN前,新潟交通（株）,"県庁線, 市民病院線, 佐渡汽船線"
新岡山,新潟交通（株）,石山線
新岡山,新潟市,東区　区バス　松崎ルート
幸町,新潟交通（株）,水島町線
宮前通,新潟交通（株）,"寺尾線, 大堀線, 小新線, 大野・白根線, BRT（萬代橋）線"
宮前通,新潟交通観光バス（株）,W70　大野・白根線＜白根・大野仲町経由＞　新潟駅前ゆき
浦新田公会堂,新発田市,松浦地区デマンド乗合タクシー「まつうら号」
笹口二丁目,新潟交通（株）,"県庁線, 女池線, 長潟線, スポーツ公園線, 有明線, 西小針線, 大堀線, 大野・白根線, はなみずき線, 石山線"
笹口二丁目,新潟交通観光バス（株）,W73　大野・白根線＜江南高校前経由＞　新潟駅南口ゆき
下江口,新潟交通（株）,"大形線, 江南区　大江山地区バス　江54一日市大江山線"
下江口,新潟交通観光バス（株）,E43　大形線＜下木戸・一日市経由＞　大江山連絡所前ゆき
川岸町三丁目,新潟交通（株）,"県庁線, 市民病院線, 佐渡汽船線"
東中島二丁目,新潟交通（株）,石山線
南高校前,新潟交通（株）,"鳥屋野線, 水島町線, 上所線, 女池線, 長潟線, 有明線, 西小針線, 大堀線, 大野・白根線, 空港・松浜線, 河渡線, 大形線"
南高校前,新潟交通観光バス（株）,"S2　鳥屋野線, E47　大形線＜万代シテイ・南高校前経由＞　江南高校前ゆき, W74　大野・白根線＜（急行）県庁前・古町経由＞　新潟駅前ゆき, E27　空港・松浜線＜南高校前経由＞　江南高校前ゆき"
浜松町,新潟交通（株）,"信濃町線, 有明線, 西小針線, 河渡線, 大形線, 牡丹山線, 竹尾線, 石山線"
浜松町,新潟交通観光バス（株）,E40M　大形線＜学校町経由＞　信濃町ゆき
米山,新潟交通（株）,"県庁線, 女池線, 長潟線, 有明線, 西小針線, 大堀線, 大野・白根線, 石山線"
米山,新潟交通観光バス（株）,W73　大野・白根線＜江南高校前経由＞　新潟駅南口ゆき
宮古木十字路,新発田市,川東コミュニティバス　宮古木村中方面行き
千歳大橋西,新潟交通（株）,"市民病院線, 鳥屋野線, 有明線, 西小針線, 大野・白根線, 味方線, 空港・松浜線"
千歳大橋西,新潟交通観光バス（株）,"W70M　大野・白根線＜（快速）白根・大野仲町・学校町経由＞　新潟駅前ゆき, W80　味方・月潟線＜大野仲町・味方経由＞　月潟ゆき, E20M　空港・松浜線　美咲合同庁舎ゆき, E26M　空港・松浜線＜県庁前経由＞　美咲合同庁舎ゆき"
轟,新発田市,豊浦地域コミュニティバス「本田・天王号」
荒清水,新発田市,川東コミュニティバス　上板山・荒清水・小戸方面行き
猿が馬場二丁目,新潟交通（株）,石山線
猿が馬場二丁目,新潟市,東区　区バス　松崎ルート
文京町,新潟交通（株）,"浜浦町線, 信濃町線, 有明線, 西小針線, 青山線"
NOCプラザ,新潟交通（株）,竹尾線
卸新町二丁目,新潟交通（株）,竹尾線
北越高校前,新潟交通（株）,"県庁線, 女池線, 長潟線, 有明線, 西小針線, 大堀線, 大野・白根線, 石山線"
北越高校前,新潟交通観光バス（株）,W73　大野・白根線＜江南高校前経由＞　新潟駅南口ゆき
ユニゾンプラザ前,新潟交通（株）,"鳥屋野線, 水島町線, 上所線, 大野・白根線"
ユニゾンプラザ前,新潟交通観光バス（株）,"S2　鳥屋野線, W74　大野・白根線＜（急行）県庁前・古町経由＞　新潟駅前ゆき"
紫竹,新潟交通（株）,"京王団地線, 亀田・横越線, 石山線"
紫竹,新潟交通観光バス（株）,"S90　万代シテイ-横越-水原, 新潟駅・万代シテイ⇒水原・瓢湖　方面行, S94　万代シテイ-沢海-秋葉区役所前, S95　万代シテイ-沢海-京ヶ瀬営業所, S96　万代シテイ-二本木-秋葉区役所前, S97"
石山団地,新潟交通（株）,石山線
山立,新発田市,川東コミュニティバス　宮古木村中方面行き
堀の内,新潟交通（株）,"県庁線, 女池線, 長潟線, 有明線, 西小針線, 大堀線, 大野・白根線, 石山線"
堀の内,新潟交通観光バス（株）,W73　大野・白根線＜江南高校前経由＞　新潟駅南口ゆき
近江口,新潟交通（株）,"鳥屋野線, 水島町線"
近江口,新潟交通観光バス（株）,S2　鳥屋野線
信濃町,新潟交通（株）,"浜浦町線, 信濃町線, 有明線, 西小針線, 河渡線, 大形線, 牡丹山線, 竹尾線, 石山線, 青山線"
信濃町,新潟交通観光バス（株）,E40M　大形線＜学校町経由＞　信濃町ゆき
猿が馬場一丁目,新潟交通（株）,石山線
猿が馬場一丁目,新潟市,東区　区バス　松崎ルート
第一高校前,新潟交通（株）,"寺尾線, 大堀線, 小新線, 千歳大橋線, 大野・白根線, 味方線, BRT（萬代橋）線"
第一高校前,新潟交通観光バス（株）,"W70M　大野・白根線＜（快速）白根・大野仲町・学校町経由＞　新潟駅前ゆき, W70　大野・白根線＜白根・大野仲町経由＞　新潟駅前ゆき, W80　味方・月潟線＜大野仲町・味方経由＞　月潟ゆき"
平成通,新潟交通（株）,上所線
西野入口,新潟交通（株）,"石山線, 江南区　大江山地区バス　江55岡山大江山線"
湯浅商店前,新発田市,松浦地区デマンド乗合タクシー「まつうら号」
鳥屋野十字路,新潟交通（株）,"県庁線, 女池線, 長潟線, 有明線, 西小針線, 大堀線, 大野・白根線, 空港・松浜線, 河渡線, 大形線, 石山線"
鳥屋野十字路,新潟交通観光バス（株）,"E47　大形線＜万代シテイ・南高校前経由＞　江南高校前ゆき, W73　大野・白根線＜江南高校前経由＞　新潟駅南口ゆき, E27　空港・松浜線＜南高校前経由＞　江南高校前ゆき"
堀割橋西詰,新潟交通（株）,"有明線, 青山線"
新光町,新潟交通（株）,"鳥屋野線, 水島町線"
新光町,新潟交通観光バス（株）,S2　鳥屋野線
笹口大通,新潟交通（株）,"長潟線, スポーツ公園線, 石山線"
下場,新潟交通（株）,石山線
集落センター前,新発田市,川東コミュニティバス　上板山・荒清水・小戸方面行き
上江口,新潟交通（株）,"大形線, 江南区　大江山地区バス　江54一日市大江山線"
上江口,新潟交通観光バス（株）,E43　大形線＜下木戸・一日市経由＞　大江山連絡所前ゆき
有明台,新潟交通（株）,"浜浦町線, 信濃町線, 西小針線, 青山線"
石山第二団地,新潟交通（株）,石山線
石山第二団地,新潟市,東区　区バス　松崎ルート
鐙,新潟交通（株）,"長潟線, スポーツ公園線, 石山線"
上新田,新発田市,川東コミュニティバス　上板山・荒清水・小戸方面行き
上所小学校前,新潟交通（株）,県庁線
浦（上方）,新発田市,松浦地区デマンド乗合タクシー「まつうら号」
大崎公会堂前,新発田市,松浦地区デマンド乗合タクシー「まつうら号」
県庁東,蒲原鉄道（株）,五泉・村松線
県庁東,新潟交通（株）,"鳥屋野線, 水島町線, 大野・白根線"
県庁東,新潟交通観光バス（株）,"S2　鳥屋野線, W74　大野・白根線＜（急行）県庁前・古町経由＞　新潟駅前ゆき"
上所上,新潟交通（株）,上所線
東関屋,新潟交通（株）,"寺尾線, 大堀線, 小新線, 千歳大橋線, 大野・白根線, BRT（萬代橋）線"
東関屋,新潟交通観光バス（株）,W70　大野・白根線＜白根・大野仲町経由＞　新潟駅前ゆき
中野山四丁目,新潟交通（株）,石山線
中野山四丁目,新潟市,東区　区バス　松崎ルート
江南小学校前,新潟交通（株）,石山線
浦山町,新潟交通（株）,"有明線, 青山線"
南地区センター前,新潟交通（株）,県庁線
江南二丁目,新潟交通（株）,石山線
中野山東,新潟交通（株）,石山線
中野山東,新潟市,東区　区バス　松崎ルート
大渕団地,新潟交通（株）,"石山線, 江南区　大江山地区バス　江55岡山大江山線"
宮古木村中,新発田市,川東コミュニティバス　宮古木村中方面行き
堀の内南,新潟交通（株）,"女池線, 大野・白根線, 空港・松浜線, 河渡線, 大形線, 石山線"
堀の内南,新潟交通観光バス（株）,"E47　大形線＜万代シテイ・南高校前経由＞　江南高校前ゆき, W73　大野・白根線＜江南高校前経由＞　新潟駅南口ゆき, E27　空港・松浜線＜南高校前経由＞　江南高校前ゆき"
松浦農村環境改善センター,新発田市,松浦地区デマンド乗合タクシー「まつうら号」
鳥屋野中学入口,新潟交通（株）,県庁線
県庁前,新潟交通（株）,"県庁線, 市民病院線, 鳥屋野線, 水島町線, 有明線, 西小針線, 大堀線, 千歳大橋線, 大野・白根線, 空港・松浜線, 佐渡汽船線, 江南区　両川地域バス　江51曽川酒屋線"
県庁前,新潟交通観光バス（株）,"S2　鳥屋野線, W74　大野・白根線＜（急行）県庁前・古町経由＞　新潟駅前ゆき, E20M　空港・松浜線　美咲合同庁舎ゆき, E26M　空港・松浜線＜県庁前経由＞　美咲合同庁舎ゆき"
県庁,蒲原鉄道（株）,五泉・村松線
県庁,新潟交通（株）,"県庁線, 市民病院線, 佐渡汽船線"
米倉江口道,新潟交通観光バス（株）,新発田-小戸入り口-赤谷六軒町線
板山,新発田市,川東コミュニティバス　上板山・荒清水・小戸方面行き
関屋大川前,新潟交通（株）,"寺尾線, 大堀線, 小新線, 千歳大橋線, 大野・白根線, BRT（萬代橋）線"
関屋大川前,新潟交通観光バス（株）,W70　大野・白根線＜白根・大野仲町経由＞　新潟駅前ゆき
出来島,新潟交通（株）,"県庁線, 市民病院線"
有明大橋西詰,新潟交通（株）,西小針線
青山六丁目,新潟交通（株）,"有明線, 青山線"
中野山五丁目,新潟交通（株）,石山線
中野山五丁目,新潟市,東区　区バス　松崎ルート
南紫竹一丁目,新潟交通（株）,"京王団地線, 亀田・横越線, 石山線"
南紫竹一丁目,新潟交通観光バス（株）,"S90　万代シテイ-横越-水原, 新潟駅・万代シテイ⇒水原・瓢湖　方面行, S94　万代シテイ-沢海-秋葉区役所前, S95　万代シテイ-沢海-京ヶ瀬営業所, S96　万代シテイ-二本木-秋葉区役所前, S97"
石山六丁目,新潟交通（株）,石山線
石山六丁目,新潟市,東区　区バス　松崎ルート
東明二丁目,新潟交通（株）,石山線
浦山三区,新潟交通（株）,"西小針線, 青山線"
紫竹山,新潟交通（株）,"長潟線, スポーツ公園線, 石山線"
上近江,新潟交通（株）,県庁線
浦山六区,新潟交通（株）,"西小針線, 青山線"
帝石前,新潟交通（株）,"有明線, 青山線"
上近江二丁目,新潟交通（株）,上所線
和合町,新潟交通（株）,"女池線, 大野・白根線, 空港・松浜線, 河渡線, 大形線, 石山線"
和合町,新潟交通観光バス（株）,"E47　大形線＜万代シテイ・南高校前経由＞　江南高校前ゆき, W73　大野・白根線＜江南高校前経由＞　新潟駅南口ゆき, E27　空港・松浜線＜南高校前経由＞　江南高校前ゆき"
下大渕,新潟交通（株）,"石山線, 江南区　大江山地区バス　江55岡山大江山線"
石山駅入口北,新潟交通（株）,石山線
石山駅入口北,新潟市,東区　区バス　松崎ルート
粟山,新潟交通（株）,石山線
粟山,新潟市,東区　区バス　松崎ルート
三百地,新潟交通（株）,"大形線, 江南区　大江山地区バス　江54一日市大江山線"
三百地,新潟交通観光バス（株）,E43　大形線＜下木戸・一日市経由＞　大江山連絡所前ゆき
南紫竹二丁目,新潟交通（株）,亀田・横越線
南紫竹二丁目,新潟交通観光バス（株）,"S90　万代シテイ-横越-水原, 新潟駅・万代シテイ⇒水原・瓢湖　方面行, S94　万代シテイ-沢海-秋葉区役所前, S95　万代シテイ-沢海-京ヶ瀬営業所, S96　万代シテイ-二本木-秋葉区役所前, S97"
石山中学前,新潟交通（株）,石山線
弁天橋,新潟交通（株）,"長潟線, スポーツ公園線, 石山線"
青山二丁目,新潟交通（株）,"浜浦町線, 信濃町線, 青山線"
浦山十区,新潟交通（株）,"西小針線, 青山線"
米倉,新潟交通観光バス（株）,新発田-小戸入り口-赤谷六軒町線
出来島変電所前,新潟交通（株）,"県庁線, 鳥屋野線, 水島町線, 有明線, 西小針線, 大堀線, 千歳大橋線, 大野・白根線, 空港・松浜線"
出来島変電所前,新潟交通観光バス（株）,"S2　鳥屋野線, W74　大野・白根線＜（急行）県庁前・古町経由＞　新潟駅前ゆき, E20M　空港・松浜線　美咲合同庁舎ゆき, E26M　空港・松浜線＜県庁前経由＞　美咲合同庁舎ゆき"
聖園病院前,新潟交通（株）,"有明線, 青山線"
聖園病院前,新潟市,西区バス　坂井輪ルート（Qバス）
大渕小学校前,新潟交通（株）,"石山線, 江南区　大江山地区バス　江55岡山大江山線"
天王,新発田市,豊浦地域コミュニティバス「本田・天王号」
女池桜木町,新潟交通（株）,"女池線, 大野・白根線, 空港・松浜線, 河渡線, 大形線, 石山線"
女池桜木町,新潟交通観光バス（株）,"E47　大形線＜万代シテイ・南高校前経由＞　江南高校前ゆき, W73　大野・白根線＜江南高校前経由＞　新潟駅南口ゆき, E27　空港・松浜線＜南高校前経由＞　江南高校前ゆき"
山二ツ大曲,新潟交通（株）,亀田・横越線
山二ツ大曲,新潟交通観光バス（株）,"S90　万代シテイ-横越-水原, 新潟駅・万代シテイ⇒水原・瓢湖　方面行, S94　万代シテイ-沢海-秋葉区役所前, S95　万代シテイ-沢海-京ヶ瀬営業所, S96　万代シテイ-二本木-秋葉区役所前, S97"
松岡入口三叉路,新発田市,松浦地区デマンド乗合タクシー「まつうら号」
石山出張所前,新潟交通（株）,石山線
青山本村,新潟交通（株）,"浜浦町線, 信濃町線, 寺尾線, 大堀線, BRT（萬代橋）線, 青山線"
石山駅入口南,新潟交通（株）,石山線
石山駅入口南,新潟市,東区　区バス　松崎ルート
青山,新潟交通（株）,"寺尾線, 大堀線, 小新線, 千歳大橋線, 大野・白根線, 味方線, BRT（萬代橋）線, 青山線, 西区バス　中野小屋ルート, 西区　西53　住民バス　内野上新町バス"
青山,新潟交通観光バス（株）,"W72　大野・白根線＜ときめき経由＞　大野仲町ゆき, W80　味方・月潟線＜大野仲町・味方経由＞　月潟ゆき, W81　味方・月潟線＜大野仲町・木場・味方経由＞　潟東営業所ゆき"
高志中等教育学校前,新潟交通（株）,京王団地線
美咲合同庁舎,新潟交通（株）,"県庁線, 水島町線, 有明線, 西小針線, 大堀線, 千歳大橋線, 空港・松浜線"
美咲合同庁舎,新潟交通観光バス（株）,"E20M　空港・松浜線　美咲合同庁舎ゆき, E26M　空港・松浜線＜県庁前経由＞　美咲合同庁舎ゆき"
上山,新潟交通（株）,"西小針線, 青山線"
上山,新潟市,西区バス　坂井輪ルート（Qバス）
有明福祉タウン,新潟交通（株）,有明線
有明福祉タウン,新潟市,西区バス　坂井輪ルート（Qバス）
上板山,新発田市,川東コミュニティバス　上板山・荒清水・小戸方面行き
上山学校前,新潟交通（株）,市民病院線
盲学校入口,新潟交通（株）,亀田・横越線
盲学校入口,新潟交通観光バス（株）,"S90　万代シテイ-横越-水原, 新潟駅・万代シテイ⇒水原・瓢湖　方面行, S94　万代シテイ-沢海-秋葉区役所前, S95　万代シテイ-沢海-京ヶ瀬営業所, S96　万代シテイ-二本木-秋葉区役所前, S97"
女池北,新潟交通（株）,上所線
石山,新潟交通（株）,石山線
松岡開拓線入口,新発田市,松浦地区デマンド乗合タクシー「まつうら号」
山二ツ,新潟交通（株）,"亀田・横越線, 石山線"
山二ツ,新潟交通観光バス（株）,"S90　万代シテイ-横越-水原, 新潟駅・万代シテイ⇒水原・瓢湖　方面行, S94　万代シテイ-沢海-秋葉区役所前, S95　万代シテイ-沢海-京ヶ瀬営業所, S96　万代シテイ-二本木-秋葉区役所前, S97"
京王団地,新潟交通（株）,京王団地線
東青山,新潟交通（株）,"小新線, 大野・白根線, 味方線"
東青山,新潟交通観光バス（株）,"W70M　大野・白根線＜（快速）白根・大野仲町・学校町経由＞　新潟駅前ゆき, W70　大野・白根線＜白根・大野仲町経由＞　新潟駅前ゆき, W72　大野・白根線＜ときめき経由＞　大野仲町ゆき, W80　味方・月潟線＜大野仲町・味方経由＞　月潟ゆき, W81　味方・月潟線＜大野仲町・木場・味方経由＞　潟東営業所ゆき"
大渕,新潟交通（株）,"大形線, 石山線, 江南区　大江山地区バス　江54一日市大江山線, 江南区　大江山地区バス　江55岡山大江山線"
大渕,新潟交通観光バス（株）,E43　大形線＜下木戸・一日市経由＞　大江山連絡所前ゆき
原の台,新潟交通（株）,"長潟線, スポーツ公園線, 石山線"
青山稲荷前,新潟交通（株）,"浜浦町線, 信濃町線, 寺尾線, 大堀線, BRT（萬代橋）線, 青山線"
八万,新発田市,豊浦地域コミュニティバス「本田・天王号」
有明西,新潟交通（株）,有明線
有明西,新潟市,西区バス　坂井輪ルート（Qバス）
東青山二丁目,新潟交通（株）,小新線
松美台,新潟交通（株）,西小針線
松美台,新潟市,西区バス　坂井輪ルート（Qバス）
青山一丁目,新潟交通（株）,"寺尾線, 大堀線, 小新線, BRT（萬代橋）線, 青山線"
女池二丁目,新潟交通（株）,"女池線, 大野・白根線, 空港・松浜線, 河渡線, 大形線, 石山線"
女池二丁目,新潟交通観光バス（株）,"E47　大形線＜万代シテイ・南高校前経由＞　江南高校前ゆき, W73　大野・白根線＜江南高校前経由＞　新潟駅南口ゆき, E27　空港・松浜線＜南高校前経由＞　江南高校前ゆき"
平島二丁目,新潟交通（株）,"大野・白根線, 味方線"
平島二丁目,新潟交通観光バス（株）,"W70　大野・白根線＜白根・大野仲町経由＞　新潟駅前ゆき, W72　大野・白根線＜ときめき経由＞　大野仲町ゆき, W80　味方・月潟線＜大野仲町・味方経由＞　月潟ゆき, W81　味方・月潟線＜大野仲町・木場・味方経由＞　潟東営業所ゆき"
松岡公会堂前,新発田市,松浦地区デマンド乗合タクシー「まつうら号」
網川原,新潟交通（株）,"鳥屋野線, 水島町線, 大野・白根線"
網川原,新潟交通観光バス（株）,"S2　鳥屋野線, W74　大野・白根線＜（急行）県庁前・古町経由＞　新潟駅前ゆき"
新潟盲学校前,新潟交通（株）,石山線
水道遊園前,新潟交通（株）,"浜浦町線, 信濃町線, 寺尾線, 大堀線, BRT（萬代橋）線, 青山線"
国立西新潟中央病院前,新潟交通（株）,有明線
国立西新潟中央病院前,新潟市,西区バス　坂井輪ルート（Qバス）
北谷内,新潟交通（株）,"長潟線, スポーツ公園線, 石山線"
大江山連絡所前,新潟交通（株）,"長潟線, 大形線, 石山線, 江南区　大江山地区バス　江53南長潟大江山線, 江南区　大江山地区バス　江54一日市大江山線, 江南区　大江山地区バス　江55岡山大江山線"
大江山連絡所前,新潟交通観光バス（株）,E43　大形線＜下木戸・一日市経由＞　大江山連絡所前ゆき
上車野,新発田市,川東コミュニティバス　上板山・荒清水・小戸方面行き
女池西,新潟交通（株）,"上所線, 女池線, 大野・白根線, 石山線"
女池西,新潟交通観光バス（株）,W73　大野・白根線＜江南高校前経由＞　新潟駅南口ゆき
中之通,新発田市,豊浦地域コミュニティバス「本田・天王号」
瑞波丁字路,新発田市,松浦地区デマンド乗合タクシー「まつうら号」
小針十字路,新潟交通（株）,西小針線
小針十字路,新潟市,西区バス　坂井輪ルート（Qバス）
平島公園前,新潟交通（株）,小新線
女池インター前,蒲原鉄道（株）,五泉・村松線
女池インター前,新潟交通（株）,市民病院線
桜が丘,新潟交通（株）,"京王団地線, 石山線"
女池西二丁目,新潟交通（株）,"上所線, 女池線, 大野・白根線, 石山線"
女池西二丁目,新潟交通観光バス（株）,W73　大野・白根線＜江南高校前経由＞　新潟駅南口ゆき
東青山一丁目,新潟交通（株）,"浜浦町線, 信濃町線, 大堀線, 小新線, BRT（萬代橋）線"
野球場科学館前,新潟交通（株）,"女池線, 大野・白根線, 空港・松浜線, 河渡線, 大形線, 石山線"
野球場科学館前,新潟交通観光バス（株）,"E47　大形線＜万代シテイ・南高校前経由＞　江南高校前ゆき, W73　大野・白根線＜江南高校前経由＞　新潟駅南口ゆき, E27　空港・松浜線＜南高校前経由＞　江南高校前ゆき"
平島,新潟交通（株）,"大野・白根線, 味方線"
平島,新潟交通観光バス（株）,"W70M　大野・白根線＜（快速）白根・大野仲町・学校町経由＞　新潟駅前ゆき, W70　大野・白根線＜白根・大野仲町経由＞　新潟駅前ゆき, W72　大野・白根線＜ときめき経由＞　大野仲町ゆき, W80　味方・月潟線＜大野仲町・味方経由＞　月潟ゆき, W81　味方・月潟線＜大野仲町・木場・味方経由＞　潟東営業所ゆき"
真砂町,新潟交通（株）,有明線
真砂町,新潟市,西区バス　坂井輪ルート（Qバス）
山潟小学校前,新潟交通（株）,"長潟線, スポーツ公園線, 石山線"
大槻,新潟交通観光バス（株）,新発田-小戸入り口-赤谷六軒町線
女池上山一丁目,新潟交通（株）,"上所線, 女池線, 大野・白根線, 石山線"
女池上山一丁目,新潟交通観光バス（株）,W73　大野・白根線＜江南高校前経由＞　新潟駅南口ゆき
姥が山寺浦,新潟交通（株）,"京王団地線, 石山線"
小針小学校前,新潟交通（株）,寺尾線
小針二丁目,新潟交通（株）,"浜浦町線, 信濃町線, 大堀線, 小新線, BRT（萬代橋）線"
新潟刑務所前,新潟交通（株）,"亀田・横越線, 江南区　両川地域バス　江52亀田酒屋線"
新潟刑務所前,新潟交通観光バス（株）,"S90　万代シテイ-横越-水原, 新潟駅・万代シテイ⇒水原・瓢湖　方面行, S94　万代シテイ-沢海-秋葉区役所前, S95　万代シテイ-沢海-京ヶ瀬営業所, S96　万代シテイ-二本木-秋葉区役所前, S97"
女池神明,新潟交通（株）,"上所線, 女池線, 大野・白根線"
女池神明,新潟交通観光バス（株）,W73　大野・白根線＜江南高校前経由＞　新潟駅南口ゆき
小針駅前,新潟市,西区バス　坂井輪ルート（Qバス）
月岡駅前,新発田市,豊浦地域コミュニティバス「本田・天王号」
下鳥屋野,新潟交通（株）,"鳥屋野線, 水島町線, 大野・白根線"
下鳥屋野,新潟交通観光バス（株）,"S2　鳥屋野線, W74　大野・白根線＜（急行）県庁前・古町経由＞　新潟駅前ゆき"
小針中学前,新潟交通（株）,小新線
松海ヶ丘,新潟交通（株）,有明線
松海が丘,新潟市,西区バス　坂井輪ルート（Qバス）
女池愛宕,新潟交通（株）,"上所線, 女池線"
弁天橋姥が山,新潟交通（株）,"京王団地線, 石山線"
江南高校前,新潟交通（株）,"女池線, 大野・白根線, 空港・松浜線, 河渡線, 大形線, 石山線"
江南高校前,新潟交通観光バス（株）,"E47　大形線＜万代シテイ・南高校前経由＞　江南高校前ゆき, W73　大野・白根線＜江南高校前経由＞　新潟駅南口ゆき, E27　空港・松浜線＜南高校前経由＞　江南高校前ゆき"
小針自由が丘,新潟交通（株）,西小針線
新潟医療センター前,新潟交通（株）,"浜浦町線, 信濃町線, 大堀線, 小新線, BRT（萬代橋）線"
小針南台一,新潟交通（株）,寺尾線
下本田,新発田市,豊浦地域コミュニティバス「本田・天王号」
荒川新田,新発田市,松浦地区デマンド乗合タクシー「まつうら号」
小針三丁目,新潟交通（株）,小新線
松山,新潟交通（株）,"長潟線, 江南区　大江山地区バス　江53南長潟大江山線"
宮本橋,新潟交通（株）,"長潟線, スポーツ公園線, 京王団地線"
新潟医療センター西,新潟市,西区バス　坂井輪ルート（Qバス）
上新栄町地蔵前,新潟交通（株）,有明線
上新栄町地蔵前,新潟市,西区バス　坂井輪ルート（Qバス）
小針南台,新潟交通（株）,寺尾線
鳥屋野,新潟交通（株）,"鳥屋野線, 水島町線"
鳥屋野,新潟交通観光バス（株）,S2　鳥屋野線
小針四丁目,新潟交通（株）,"浜浦町線, 信濃町線, 小新線, BRT（萬代橋）線"
小針四丁目,新潟市,西区バス　坂井輪ルート（Qバス）
中央卸売市場前,フィールド観光（株）,江南区　横越地区住民バス「横バス」北ルート
西小針,新潟交通（株）,西小針線
中ノ通,阿賀野市,神山線
とやの中央病院前,新潟交通（株）,"市民病院線, 女池線, 石山線"
小針五丁目,新潟交通（株）,"大堀線, 小新線"
松山,フィールド観光（株）,江南区　横越地区住民バス「横バス」北ルート
寺地,新潟交通（株）,"大野・白根線, 味方線"
寺地,新潟交通観光バス（株）,"W70M　大野・白根線＜（快速）白根・大野仲町・学校町経由＞　新潟駅前ゆき, W70　大野・白根線＜白根・大野仲町経由＞　新潟駅前ゆき, W72　大野・白根線＜ときめき経由＞　大野仲町ゆき, W80　味方・月潟線＜大野仲町・味方経由＞　月潟ゆき, W81　味方・月潟線＜大野仲町・木場・味方経由＞　潟東営業所ゆき"
南長潟,新潟交通（株）,"長潟線, スポーツ公園線, 京王団地線, 江南区　大江山地区バス　江53南長潟大江山線"
亀田中島,新潟交通（株）,"亀田・横越線, 江南区　両川地域バス　江52亀田酒屋線"
亀田中島,新潟交通観光バス（株）,"S90　万代シテイ-横越-水原, 新潟駅・万代シテイ⇒水原・瓢湖　方面行, S94　万代シテイ-沢海-秋葉区役所前, S95　万代シテイ-沢海-京ヶ瀬営業所, S96　万代シテイ-二本木-秋葉区役所前, S97"
西山,新潟交通（株）,"長潟線, 江南区　大江山地区バス　江53南長潟大江山線"
上新栄町,新潟交通（株）,有明線
上新栄町,新潟市,西区バス　坂井輪ルート（Qバス）
高田,阿賀野市,神山線
本田,新発田市,豊浦地域コミュニティバス「本田・天王号」
日和が丘,新潟交通（株）,西小針線
五十嵐中学前,新潟交通（株）,有明線
五十嵐中学前,新潟市,西区バス　坂井輪ルート（Qバス）
剣龍峡線入口,新発田市,松浦地区デマンド乗合タクシー「まつうら号」
蔵岡,フィールド観光（株）,江南区　横越地区住民バス「横バス」北ルート
川崎,新発田市,豊浦地域コミュニティバス「本田・天王号」
中央インター前,蒲原鉄道（株）,五泉・村松線
小新ポンプ場前,新潟交通（株）,"浜浦町線, 信濃町線, BRT（萬代橋）線"
小新ポンプ場前,新潟市,西区バス　坂井輪ルート（Qバス）
西郵便局前,新潟交通（株）,寺尾線
小戸入口,新潟交通観光バス（株）,新発田-小戸入り口-赤谷六軒町線
小針六丁目,新潟交通（株）,"大堀線, 小新線"
美の里団地,新潟交通（株）,長潟線
上沼公民館前,新潟交通（株）,"市民病院線, 女池線, 石山線"
長潟本村,新潟交通（株）,スポーツ公園線
小杉5丁目,フィールド観光（株）,江南区　横越地区住民バス「横バス」北ルート
飯山新［佐藤モータース前］,阿賀野市,神山線
小針七丁目,新潟交通（株）,"大堀線, 小新線"
茗荷谷,新潟交通（株）,"長潟線, 江南区　大江山地区バス　江53南長潟大江山線"
小針六丁目南,新潟交通（株）,小新線
寺尾台,新潟交通（株）,西小針線
新潟科学技術学園前,新潟交通（株）,有明線
新潟科学技術学園前,新潟市,西区バス　坂井輪ルート（Qバス）
保育園前,新発田市,松浦地区デマンド乗合タクシー「まつうら号」
小新四丁目,新潟交通（株）,"浜浦町線, 信濃町線, BRT（萬代橋）線"
小新四丁目,新潟市,西区バス　坂井輪ルート（Qバス）
平成大橋西詰,新潟交通（株）,"水島町線, 大野・白根線"
平成大橋西詰,新潟交通観光バス（株）,W73　大野・白根線＜江南高校前経由＞　新潟駅南口ゆき
スポーツ公園前,新潟交通（株）,スポーツ公園線
白玉の湯華鳳,新潟交通観光バス（株）,白玉の湯華鳳-急行-豊栄駅前線
坂井輪小学校前,新潟交通（株）,大堀線
華鳳,月岡温泉観光協会,シャトルバス
月岡足湯前,新発田市,"松浦地区デマンド乗合タクシー「まつうら号」, 豊浦地域コミュニティバス「本田・天王号」"
月岡カリオンパーク入口,新発田市,豊浦地域コミュニティバス「本田・天王号」
寺尾,新潟交通（株）,寺尾線
小新本村,新潟市,西区バス　坂井輪ルート（Qバス）
寺地西,新潟交通（株）,"水島町線, 大野・白根線"
寺地西,新潟交通観光バス（株）,W72　大野・白根線＜ときめき経由＞　大野仲町ゆき
ビッグスワン前,新潟交通（株）,スポーツ公園線
飯山新［神社前］,阿賀野市,神山線
高美町,新潟交通（株）,"市民病院線, 女池線, 石山線"
月岡新湯前,新潟交通観光バス（株）,白玉の湯華鳳-急行-豊栄駅前線
小針八丁目,新潟交通（株）,小新線
興野,新発田市,豊浦地域コミュニティバス「本田・天王号」
新湯,月岡温泉観光協会,シャトルバス
清心学園前,新潟交通（株）,有明線
清心学園前,新潟市,西区バス　坂井輪ルート（Qバス）
平山,フィールド観光（株）,江南区　横越地区住民バス「横バス」北ルート
泉慶,月岡温泉観光協会,シャトルバス
済生会病院,新潟交通（株）,"信濃町線, 水島町線"
済生会病院,新潟市,西区バス　坂井輪ルート（Qバス）
白玉の温泉慶前,新潟交通観光バス（株）,白玉の湯華鳳-急行-豊栄駅前線
寺尾公園前,新潟交通（株）,西小針線
丸山小学校前,新潟交通（株）,"長潟線, 江南区　大江山地区バス　江53南長潟大江山線"
天寿園前,新潟交通（株）,スポーツ公園線
小杉下スクールバス停,フィールド観光（株）,江南区　横越地区住民バス「横バス」北ルート
福寿団地,新潟交通（株）,"亀田・横越線, 江南区　両川地域バス　江52亀田酒屋線"
福寿団地,新潟交通観光バス（株）,"S90　万代シテイ-横越-水原, S94　万代シテイ-沢海-秋葉区役所前, S95　万代シテイ-沢海-京ヶ瀬営業所, S96　万代シテイ-二本木-秋葉区役所前, S97"
福寿団地前,新潟交通観光バス（株）,新潟駅・万代シテイ⇒水原・瓢湖　方面行
仲町,月岡温泉観光協会,シャトルバス
済生会病院前,新潟交通（株）,"浜浦町線, 信濃町線, 水島町線, 大野・白根線, BRT（萬代橋）線"
済生会病院前,新潟交通観光バス（株）,W72　大野・白根線＜ときめき経由＞　大野仲町ゆき
下山田,新潟交通（株）,"大野・白根線, 味方線"
下山田,新潟交通観光バス（株）,"W70M　大野・白根線＜（快速）白根・大野仲町・学校町経由＞　新潟駅前ゆき, W70　大野・白根線＜白根・大野仲町経由＞　新潟駅前ゆき, W80　味方・月潟線＜大野仲町・味方経由＞　月潟ゆき, W81　味方・月潟線＜大野仲町・木場・味方経由＞　潟東営業所ゆき"
月岡仲町,新発田市,松浦地区デマンド乗合タクシー「まつうら号」
月岡仲町,新潟交通観光バス（株）,白玉の湯華鳳-急行-豊栄駅前線
藤屋,阿賀野市,神山線
亀田公園前,フィールド観光（株）,江南区　横越地区住民バス「横バス」北ルート
大島,新潟交通（株）,鳥屋野線
大島,新潟交通観光バス（株）,S2　鳥屋野線
いくとぴあ食花前,新潟交通（株）,スポーツ公園線
小戸下,新発田市,川東コミュニティバス　上板山・荒清水・小戸方面行き
小戸下,新潟交通観光バス（株）,新発田-小戸入り口-赤谷六軒町線
環境公社前,新潟交通（株）,小新線
亀田インター,新潟交通（株）,"長潟線, 京王団地線"
旧湯,月岡温泉観光協会,シャトルバス
月岡旧湯前,新潟交通観光バス（株）,白玉の湯華鳳-急行-豊栄駅前線
白鳥の里,新潟市,西区バス　坂井輪ルート（Qバス）
西総合スポーツセンター前,新潟交通（株）,有明線
西総合スポーツセンター前,新潟市,西区バス　坂井輪ルート（Qバス）
産業振興センター前,新潟交通（株）,スポーツ公園線
丸山,新潟交通（株）,"長潟線, 江南区　大江山地区バス　江53南長潟大江山線"
丸山小学校,フィールド観光（株）,江南区　横越地区住民バス「横バス」北ルート
寺尾新町東,新潟交通（株）,西小針線
寺尾新町東,新潟市,西区バス　坂井輪ルート（Qバス）
坂井東二丁目,新潟交通（株）,大堀線
小川でんき前,新発田市,松浦地区デマンド乗合タクシー「まつうら号」
五十嵐一の町,新潟交通（株）,有明線
亀田駅東口,フィールド観光（株）,江南区　横越地区住民バス「横バス」北ルート
寺尾駅入口,新潟市,西区バス　坂井輪ルート（Qバス）
寺尾駅前通,新潟交通（株）,寺尾線
田家地蔵様前,新発田市,松浦地区デマンド乗合タクシー「まつうら号」
小戸,新発田市,川東コミュニティバス　上板山・荒清水・小戸方面行き
小戸,新潟交通観光バス（株）,新発田-小戸入り口-赤谷六軒町線
上高田［旧松川商店前］,阿賀野市,神山線
亀田駅西口,新潟交通（株）,"長潟線, 亀田・横越線, 江南区　大江山地区バス　江53南長潟大江山線, 江南区　両川地域バス　江52亀田酒屋線"
亀田駅西口,新潟交通観光バス（株）,"S90　万代シテイ-横越-水原, 新潟駅・万代シテイ⇒水原・瓢湖　方面行, S94　万代シテイ-沢海-秋葉区役所前, S95　万代シテイ-沢海-京ヶ瀬営業所, S96　万代シテイ-二本木-秋葉区役所前, S97"
亀田駅西口,新潟市,江南区　区バス　アスパーク亀田〜市民病院
亀田駅,さくら交通（株）,新潟市江南区・住民バス（カナリア号）
鳥屋野潟公園前,新潟交通（株）,"市民病院線, 女池線, スポーツ公園線, 石山線"
鳥屋野潟公園前,新潟市,江南区　区バス　アスパーク亀田〜市民病院
親松,新潟交通（株）,鳥屋野線
親松,新潟交通観光バス（株）,S2　鳥屋野線
北山,新潟交通（株）,"長潟線, 江南区　大江山地区バス　江53南長潟大江山線"
工業高校入口,新潟交通（株）,小新線
工業高校入口,新潟市,西区バス　坂井輪ルート（Qバス）
寺尾新町西,新潟交通（株）,西小針線
寺尾新町西,新潟市,西区バス　坂井輪ルート（Qバス）
亀田駅前,新潟交通（株）,"長潟線, 亀田・横越線, 江南区　大江山地区バス　江53南長潟大江山線, 江南区　両川地域バス　江52亀田酒屋線"
亀田駅前,新潟交通観光バス（株）,"S90　万代シテイ-横越-水原, 新潟駅・万代シテイ⇒水原・瓢湖　方面行, S94　万代シテイ-沢海-秋葉区役所前, S95　万代シテイ-沢海-京ヶ瀬営業所, S96　万代シテイ-二本木-秋葉区役所前, S97"
うぐいす公園スクールバス停,フィールド観光（株）,江南区　横越地区住民バス「横バス」北ルート
稲葉,新潟交通（株）,"長潟線, 江南区　大江山地区バス　江53南長潟大江山線"
東京学館前,新潟交通（株）,"市民病院線, 女池線, 石山線"
東京学館前,新潟市,江南区　区バス　アスパーク亀田〜市民病院
五十嵐一の町西,新潟交通（株）,有明線
市民病院西,新潟交通（株）,スポーツ公園線
藤山,フィールド観光（株）,江南区　横越地区住民バス「横バス」北ルート
亀田第一病院前,新潟市,江南区　区バス　アスパーク亀田〜市民病院
寺地西団地前,新潟交通（株）,"浜浦町線, 信濃町線, 水島町線, 大野・白根線, BRT（萬代橋）線"
寺地西団地前,新潟交通観光バス（株）,W72　大野・白根線＜ときめき経由＞　大野仲町ゆき
下道上が丘,新潟交通（株）,西小針線
下道上が丘,新潟市,西区バス　坂井輪ルート（Qバス）
しらとり団地,阿賀野市,神山線
五十嵐東一丁目,新潟交通（株）,有明線
五十嵐東一丁目,新潟市,西区バス　坂井輪ルート（Qバス）
西区役所前,新潟交通（株）,寺尾線
西区役所前,新潟市,西区バス　坂井輪ルート（Qバス）
うぐいすタウン入口,フィールド観光（株）,江南区　横越地区住民バス「横バス」北ルート
青木たばこ店,新発田市,松浦地区デマンド乗合タクシー「まつうら号」
亀田第一病院,さくら交通（株）,新潟市江南区・住民バス（カナリア号）
イオンモール新潟南,新潟交通（株）,"長潟線, 京王団地線"
イオンモール新潟南,新潟市,江南区　区バス　アスパーク亀田〜市民病院
イオンモール新潟南,さくら交通（株）,新潟市江南区・住民バス（カナリア号）
新潟市民病院,蒲原鉄道（株）,五泉・村松線
新潟市民病院,新潟交通（株）,"市民病院線, 女池線, スポーツ公園線, 石山線"
新潟市民病院,新潟市,江南区　区バス　アスパーク亀田〜市民病院
小杉保育園,フィールド観光（株）,江南区　横越地区住民バス「横バス」北ルート
山田堤付,新潟交通（株）,"大野・白根線, 味方線"
山田堤付,新潟交通観光バス（株）,"W70　大野・白根線＜白根・大野仲町経由＞　新潟駅前ゆき, W80　味方・月潟線＜大野仲町・味方経由＞　月潟ゆき, W81　味方・月潟線＜大野仲町・木場・味方経由＞　潟東営業所ゆき"
見城地蔵様前,新発田市,松浦地区デマンド乗合タクシー「まつうら号」
坂井東三丁目,新潟交通（株）,大堀線
亀田下町,新潟交通（株）,"長潟線, 亀田・横越線, 江南区　大江山地区バス　江53南長潟大江山線"
亀田下町,新潟交通観光バス（株）,"S90　万代シテイ-横越-水原, 新潟駅・万代シテイ⇒水原・瓢湖　方面行, S94　万代シテイ-沢海-秋葉区役所前, S95　万代シテイ-沢海-京ヶ瀬営業所, S96　万代シテイ-二本木-秋葉区役所前"
亀田下町,新潟市,江南区　区バス　アスパーク亀田〜市民病院
西部営業所,新潟交通（株）,"浜浦町線, 信濃町線, 水島町線, 大野・白根線, BRT（萬代橋）線"
西部営業所,新潟交通観光バス（株）,W72　大野・白根線＜ときめき経由＞　大野仲町ゆき
旭三丁目,新潟交通（株）,"長潟線, 亀田・横越線, 江南区　大江山地区バス　江53南長潟大江山線, 江南区　両川地域バス　江52亀田酒屋線"
旭三丁目,新潟交通観光バス（株）,S97
旭3丁目,新潟市,江南区　区バス　アスパーク亀田〜市民病院
旭三丁目,さくら交通（株）,新潟市江南区・住民バス（カナリア号）
榎センター前,阿賀野市,神山線
ときめき,新潟交通（株）,大野・白根線
ときめき,新潟交通観光バス（株）,W72　大野・白根線＜ときめき経由＞　大野仲町ゆき
グリーン団地前,新潟交通（株）,有明線
市民病院南,新潟交通（株）,"市民病院線, 女池線, スポーツ公園線, 石山線"
上道上が丘,新潟交通（株）,西小針線
上道上が丘,新潟市,西区バス　坂井輪ルート（Qバス）
坂井輪郵便局前,新潟交通（株）,寺尾線
五十嵐二の町東,新潟交通（株）,有明線
上飯塚［船場橋脇］,阿賀野市,神山線
太右衛門新田,新潟交通（株）,"鳥屋野線, 江南区　両川地域バス　江51曽川酒屋線"
太右衛門新田,新潟交通観光バス（株）,S2　鳥屋野線
小新中学前,新潟交通（株）,小新線
小新中学前,新潟市,西区バス　坂井輪ルート（Qバス）
五月町,さくら交通（株）,新潟市江南区・住民バス（カナリア号）
鍋潟新田,新潟市,江南区　区バス　アスパーク亀田〜市民病院
下坂井,新潟交通（株）,寺尾線
アピタ亀田店,さくら交通（株）,新潟市江南区・住民バス（カナリア号）
鵜の子,新潟交通（株）,"長潟線, 亀田・横越線, 江南区　大江山地区バス　江53南長潟大江山線, 江南区　両川地域バス　江52亀田酒屋線"
鵜の子,新潟交通観光バス（株）,S97
鵜ノ子,新潟市,江南区　区バス　アスパーク亀田〜市民病院
下早通,新潟市,江南区　区バス　アスパーク亀田〜市民病院
亀田仲町,新潟交通（株）,亀田・横越線
亀田仲町,新潟交通観光バス（株）,"S90　万代シテイ-横越-水原, 新潟駅・万代シテイ⇒水原・瓢湖　方面行, S94　万代シテイ-沢海-秋葉区役所前, S95　万代シテイ-沢海-京ヶ瀬営業所, S96　万代シテイ-二本木-秋葉区役所前"
亀田仲町,新潟市,江南区　区バス　アスパーク亀田〜市民病院
新荒川公会堂前,新発田市,松浦地区デマンド乗合タクシー「まつうら号」
鐘木鍋潟,新潟市,江南区　区バス　アスパーク亀田〜市民病院
小杉3丁目,フィールド観光（株）,江南区　横越地区住民バス「横バス」北ルート
伊野商店,新発田市,松浦地区デマンド乗合タクシー「まつうら号」
坂井東小学校入口,新潟交通（株）,"大堀線, 西区バス　中野小屋ルート"
坂井輪幼稚園前,新潟市,西区バス　坂井輪ルート（Qバス）
下早通,新潟交通（株）,長潟線
新大入口,新潟交通（株）,"有明線, 西小針線"
高齢者コミセン前,阿賀野市,"神山線, 折居大日線"
上西野,阿賀野市,神山線
山田小学校前,新潟交通（株）,大野・白根線
山田小学校前,新潟交通観光バス（株）,W72　大野・白根線＜ときめき経由＞　大野仲町ゆき
中山田,新潟交通（株）,"大野・白根線, 味方線"
中山田,新潟交通観光バス（株）,"W70　大野・白根線＜白根・大野仲町経由＞　新潟駅前ゆき, W80　味方・月潟線＜大野仲町・味方経由＞　月潟ゆき, W81　味方・月潟線＜大野仲町・木場・味方経由＞　潟東営業所ゆき"
南部営業所,新潟交通（株）,"長潟線, 京王団地線"
南部営業所,さくら交通（株）,新潟市江南区・住民バス（カナリア号）
道場山,新潟交通（株）,寺尾線
神山小学校前,阿賀野市,神山線
長潟,新潟市,江南区　区バス　アスパーク亀田〜市民病院
新大国道口,新潟交通（株）,"西小針線, 寺尾線, 大堀線"
早通,新潟交通（株）,長潟線
小新大通団地,新潟交通（株）,小新線
小新大通団地,新潟市,西区バス　坂井輪ルート（Qバス）
新通小学校前,新潟交通（株）,大堀線
江南警察署前,新潟交通（株）,"長潟線, 江南区　大江山地区バス　江53南長潟大江山線"
江南警察署前,新潟市,江南区　区バス　アスパーク亀田〜市民病院
上坂井,新潟交通（株）,寺尾線
立仏公民館前,新潟交通（株）,大野・白根線
立仏公民館前,新潟交通観光バス（株）,W72　大野・白根線＜ときめき経由＞　大野仲町ゆき
亀田工業団地入口,新潟交通（株）,長潟線
亀田工業団地入口,新潟市,江南区　区バス　アスパーク亀田〜市民病院
下山内,新潟交通観光バス（株）,新発田-小戸入り口-赤谷六軒町線
五十嵐団地前,新潟交通（株）,有明線
小杉上スクールバス停,フィールド観光（株）,江南区　横越地区住民バス「横バス」北ルート
亀貝,新潟市,西区バス　坂井輪ルート（Qバス）
坂井村上下,新潟交通（株）,大堀線
宮忠商店前,新発田市,松浦地区デマンド乗合タクシー「まつうら号」
小新南,新潟交通（株）,小新線
亀田上町,新潟交通（株）,亀田・横越線
亀田上町,新潟交通観光バス（株）,"S90　万代シテイ-横越-水原, 新潟駅・万代シテイ⇒水原・瓢湖　方面行, S94　万代シテイ-沢海-秋葉区役所前, S95　万代シテイ-沢海-京ヶ瀬営業所, S96　万代シテイ-二本木-秋葉区役所前"
亀田上町,新潟市,江南区　区バス　アスパーク亀田〜市民病院
山内,新潟交通観光バス（株）,新発田-小戸入り口-赤谷六軒町線
上高田［旧バス停］,阿賀野市,神山線
西坂井,新潟交通（株）,寺尾線
江南区役所,新潟交通（株）,"亀田・横越線, 江南区　両川地域バス　江52亀田酒屋線"
江南区役所,新潟交通観光バス（株）,S97
江南区役所,新潟市,江南区　区バス　アスパーク亀田〜市民病院
江南区役所,さくら交通（株）,新潟市江南区・住民バス（カナリア号）
曽野木団地入口,新潟交通（株）,"鳥屋野線, スポーツ公園線"
神山郵便局前,阿賀野市,"神山線, 折居大日線"
祖父興野,新潟交通（株）,"鳥屋野線, 江南区　両川地域バス　江51曽川酒屋線"
祖父興野,新潟交通観光バス（株）,S2　鳥屋野線
亀貝東,新潟交通（株）,小新線
上飯塚,阿賀野市,神山線
曽野木一丁目,新潟交通（株）,"鳥屋野線, スポーツ公園線"
祖父興野東,新潟交通（株）,"鳥屋野線, スポーツ公園線"
新大正門,新潟交通（株）,"西小針線, 寺尾線, 大堀線"
新大工学部前,新潟交通（株）,西小針線
鍋潟宮前,新潟市,江南区　区バス　アスパーク亀田〜市民病院
江南区福祉センター,新潟市,江南区　区バス　アスパーク亀田〜市民病院
坂井,新潟交通（株）,"有明線, 西小針線, 寺尾線, 大堀線"
亀貝中央（いっぺこ〜と）,新潟交通（株）,小新線
いっぺこ〜と（亀貝中央）,新潟市,西区バス　坂井輪ルート（Qバス）
滝沢,新発田市,豊浦地域コミュニティバス「本田・天王号」
新大中門,新潟交通（株）,"西小針線, 寺尾線, 大堀線"
五十嵐二の町,新潟交通（株）,"有明線, 西小針線"
坂井村上,新潟交通（株）,大堀線
中早通,新潟交通（株）,長潟線
曽野木団地,新潟交通（株）,"鳥屋野線, スポーツ公園線"
曽野木団地,新潟市,江南区　区バス　アスパーク亀田〜市民病院
新潟ふるさと村,新潟交通（株）,"大野・白根線, 味方線"
新潟ふるさと村,新潟交通観光バス（株）,"W70M　大野・白根線＜（快速）白根・大野仲町・学校町経由＞　新潟駅前ゆき, W70　大野・白根線＜白根・大野仲町経由＞　新潟駅前ゆき, W73　大野・白根線＜江南高校前経由＞　新潟駅南口ゆき, W74　大野・白根線＜（急行）県庁前・古町経由＞　新潟駅前ゆき, W80　味方・月潟線＜大野仲町・味方経由＞　月潟ゆき, W81　味方・月潟線＜大野仲町・木場・味方経由＞　潟東営業所ゆき"
滝沢センター前,阿賀野市,"神山線, 折居大日線"
新大西門,新潟交通（株）,"西小針線, 寺尾線, 大堀線"
上高関センター前,阿賀野市,"神山線, 折居大日線"
大野郷屋,新潟交通（株）,"西小針線, 寺尾線, 大堀線"
五十嵐二の町南,新潟交通（株）,西小針線
亀田NTT前,新潟交通（株）,亀田・横越線
亀田NTT前,新潟交通観光バス（株）,"S90　万代シテイ-横越-水原, 新潟駅・万代シテイ⇒水原・瓢湖　方面行, S94　万代シテイ-沢海-秋葉区役所前, S95　万代シテイ-沢海-京ヶ瀬営業所"
流通センター二丁目,新潟交通（株）,小新線
流通センター二丁目,新潟市,西区バス　坂井輪ルート（Qバス）
焼鮒団地北,新潟交通（株）,大野・白根線
焼鮒団地北,新潟交通観光バス（株）,W72　大野・白根線＜ときめき経由＞　大野仲町ゆき
泥潟,新潟交通（株）,"亀田・横越線, 江南区　両川地域バス　江52亀田酒屋線"
泥潟,新潟交通観光バス（株）,S97
早通二丁目,さくら交通（株）,新潟市江南区・住民バス（カナリア号）
往来橋,新潟交通（株）,"有明線, 西小針線"
新通橋,新潟交通（株）,"有明線, 西小針線, 寺尾線, 大堀線"
下俵柳,新潟交通（株）,"鳥屋野線, スポーツ公園線, 江南区　両川地域バス　江51曽川酒屋線"
下俵柳,新潟交通観光バス（株）,S2　鳥屋野線
流通センター会館前,新潟交通（株）,小新線
流通センター会館前,新潟市,西区バス　坂井輪ルート（Qバス）
曽野木ニュータウン,新潟交通（株）,"鳥屋野線, スポーツ公園線"
曾野木ニュータウン,新潟市,江南区　区バス　アスパーク亀田〜市民病院
こばやし歯科医院前,阿賀野市,"神山線, 折居大日線"
新大南,新潟交通（株）,西小針線
流通センター四丁目,新潟交通（株）,小新線
流通センター四丁目,新潟市,西区バス　坂井輪ルート（Qバス）
上飯塚［交差点］,阿賀野市,神山線
早通一丁目,さくら交通（株）,新潟市江南区・住民バス（カナリア号）
熊堂,阿賀野市,"神山線, 折居大日線"
駒林六区,阿賀野市,駒林線
袋津,新潟交通（株）,亀田・横越線
袋津,新潟交通観光バス（株）,"S90　万代シテイ-横越-水原, 新潟駅・万代シテイ⇒水原・瓢湖　方面行, S94　万代シテイ-沢海-秋葉区役所前, S95　万代シテイ-沢海-京ヶ瀬営業所"
中居分館前,新発田市,松浦地区デマンド乗合タクシー「まつうら号」
神山駅前,阿賀野市,"神山線, 折居大日線"
亀田中学前,新潟交通（株）,亀田・横越線
亀田中学前,新潟市,江南区　区バス　アスパーク亀田〜市民病院
亀田中学前,新潟交通観光バス（株）,S96　万代シテイ-二本木-秋葉区役所前
焼鮒団地南,新潟交通（株）,大野・白根線
焼鮒団地南,新潟交通観光バス（株）,W72　大野・白根線＜ときめき経由＞　大野仲町ゆき
西警察署前,新潟交通（株）,小新線
西警察署前,新潟市,西区バス　坂井輪ルート（Qバス）
丸潟,新潟市,江南区　区バス　アスパーク亀田〜市民病院
内野一番町,新潟交通（株）,"西小針線, 寺尾線, 大堀線"
乙金渕センター前,阿賀野市,駒林線
下善久,新潟交通（株）,"大野・白根線, 味方線"
下善久,新潟交通観光バス（株）,"W70　大野・白根線＜白根・大野仲町経由＞　新潟駅前ゆき, W80　味方・月潟線＜大野仲町・味方経由＞　月潟ゆき, W81　味方・月潟線＜大野仲町・木場・味方経由＞　潟東営業所ゆき"
西坂井団地,新潟交通（株）,"有明線, 西小針線, 寺尾線, 大堀線, 黒鳥線, 西区バス　中野小屋ルート"
早通学校前,新潟交通（株）,"亀田・横越線, 江南区　両川地域バス　江52亀田酒屋線"
早通学校前,新潟交通観光バス（株）,S97
法柳新田（丁字路）,阿賀野市,駒林線
村岡公会堂前,阿賀野市,"神山線, 折居大日線"
船居・沖ノ館,阿賀野市,神山線
沖,阿賀野市,神山線
曙町,新潟交通（株）,亀田・横越線
曙町,新潟交通観光バス（株）,"S90　万代シテイ-横越-水原, S91急（急行）万代シテイ-曙町-水原, S93急（急行）万代シテイ-曙町-保田車庫前, 新潟駅・万代シテイ⇒水原・瓢湖　方面行, S94　万代シテイ-沢海-秋葉区役所前, S95　万代シテイ-沢海-京ヶ瀬営業所"
俵柳,新潟交通（株）,"鳥屋野線, スポーツ公園線, 江南区　両川地域バス　江51曽川酒屋線"
俵柳,新潟交通観光バス（株）,S2　鳥屋野線
上蔵野,阿賀野市,"神山線, 折居大日線"
早通小学校前,さくら交通（株）,新潟市江南区・住民バス（カナリア号）
法柳新田,阿賀野市,駒林線
曽野木ニュータウン南,新潟市,江南区　区バス　アスパーク亀田〜市民病院
ひらせいホームセンター,フィールド観光（株）,江南区　横越地区住民バス「横バス」北ルート
文理高校前,新潟交通（株）,"大堀線, 黒鳥線, 西区バス　中野小屋ルート"
花水入口,新発田市,松浦地区デマンド乗合タクシー「まつうら号」
長起,阿賀野市,"神山線, 折居大日線"
駒林五区,阿賀野市,駒林線
横越東町2丁目,フィールド観光（株）,江南区　横越地区住民バス「横バス」北ルート
城山,新潟交通（株）,亀田・横越線
城山,新潟市,江南区　区バス　アスパーク亀田〜市民病院
城山,新潟交通観光バス（株）,S96　万代シテイ-二本木-秋葉区役所前
川根谷内入口,新潟交通（株）,亀田・横越線
川根谷内入口,新潟交通観光バス（株）,"S90　万代シテイ-横越-水原, S91急（急行）万代シテイ-曙町-水原, S93急（急行）万代シテイ-曙町-保田車庫前, 新潟駅・万代シテイ⇒水原・瓢湖　方面行, S94　万代シテイ-沢海-秋葉区役所前, S95　万代シテイ-沢海-京ヶ瀬営業所"
新通南,新潟交通（株）,"有明線, 西小針線, 寺尾線, 大堀線, 黒鳥線, 西区バス　中野小屋ルート"
茜ヶ丘公園,フィールド観光（株）,江南区　横越地区住民バス「横バス」北ルート
早通四丁目,さくら交通（株）,新潟市江南区・住民バス（カナリア号）
島田,阿賀野市,神山線
善久,新潟交通（株）,"大野・白根線, 味方線"
善久,新潟交通観光バス（株）,"W70M　大野・白根線＜（快速）白根・大野仲町・学校町経由＞　新潟駅前ゆき, W70　大野・白根線＜白根・大野仲町経由＞　新潟駅前ゆき, W73　大野・白根線＜江南高校前経由＞　新潟駅南口ゆき, W74　大野・白根線＜（急行）県庁前・古町経由＞　新潟駅前ゆき, W80　味方・月潟線＜大野仲町・味方経由＞　月潟ゆき, W81　味方・月潟線＜大野仲町・木場・味方経由＞　潟東営業所ゆき"
内野小学校前,新潟交通（株）,"有明線, 西小針線"
内野駅南口,新潟交通（株）,"大堀線, 黒鳥線"
内野二番町,新潟交通（株）,"西小針線, 寺尾線, 大堀線"
金渕下,阿賀野市,駒林線
千原［旧バス停］,阿賀野市,"神山線, 折居大日線"
内野駅前,新潟交通（株）,"有明線, 西小針線"
信楽園病院,新潟交通（株）,"有明線, 西小針線, 寺尾線, 大堀線, 黒鳥線, 西区バス　中野小屋ルート"
新浦,新潟市,江南区　区バス　アスパーク亀田〜市民病院
早通宮前,新潟交通（株）,"亀田・横越線, 江南区　両川地域バス　江52亀田酒屋線"
早通宮前,新潟交通観光バス（株）,S97
アスパーク亀田,新潟市,江南区　区バス　アスパーク亀田〜市民病院
アスパーク亀田,さくら交通（株）,新潟市江南区・住民バス（カナリア号）
下一分,阿賀野市,"神山線, 折居大日線"
本明,阿賀野市,神山線
駒林四区,阿賀野市,駒林線
横越東町会館,フィールド観光（株）,江南区　横越地区住民バス「横バス」北ルート
内野四ツ角,新潟交通（株）,"有明線, 西小針線, 寺尾線, 大堀線, 黒鳥線, 西区　西53　住民バス　内野上新町バス"
曽川,新潟交通（株）,"鳥屋野線, スポーツ公園線, 江南区　両川地域バス　江51曽川酒屋線"
曽川,新潟交通観光バス（株）,S2　鳥屋野線
茜ヶ丘吉田医院前,フィールド観光（株）,江南区　横越地区住民バス「横バス」北ルート
豆田［共同作業場前］,阿賀野市,神山線
金渕公会堂前,阿賀野市,駒林線
黒埼市民会館前,新潟交通（株）,大野・白根線
黒埼市民会館前,新潟交通観光バス（株）,W72　大野・白根線＜ときめき経由＞　大野仲町ゆき
横越出張所,フィールド観光（株）,"江南区　横越地区住民バス「横バス」北ルート, 江南区　横越地区住民バス「横バス」南ルート"
塚田公会堂前,阿賀野市,神山線
川根谷内,新潟交通（株）,亀田・横越線
川根谷内,新潟交通観光バス（株）,"S90　万代シテイ-横越-水原, S91急（急行）万代シテイ-曙町-水原, S93急（急行）万代シテイ-曙町-保田車庫前, 新潟駅・万代シテイ⇒水原・瓢湖　方面行, S94　万代シテイ-沢海-秋葉区役所前, S95　万代シテイ-沢海-京ヶ瀬営業所"
法柳,阿賀野市,駒林線
中々山,新潟交通観光バス（株）,新発田-小戸入り口-赤谷六軒町線
駒林特別支援学校最寄り,阿賀野市,駒林線
本明・島田センター前,阿賀野市,神山線
折居,阿賀野市,折居大日線
豆田,阿賀野市,神山線
下一分センター前,阿賀野市,"神山線, 折居大日線"
横越中学校北ルート,フィールド観光（株）,江南区　横越地区住民バス「横バス」北ルート
早通三丁目,さくら交通（株）,新潟市江南区・住民バス（カナリア号）
曽野木連絡所前,新潟交通（株）,鳥屋野線
曽野木連絡所前,新潟市,江南区　区バス　アスパーク亀田〜市民病院
大地前,さくら交通（株）,新潟市江南区・住民バス（カナリア号）
天野一丁目,新潟交通（株）,鳥屋野線
嘉木,新潟交通（株）,鳥屋野線
嘉木,新潟市,江南区　区バス　アスパーク亀田〜市民病院
内野七番町,新潟交通（株）,"大堀線, 黒鳥線"
内野四番町,新潟交通（株）,"有明線, 西小針線, 寺尾線, 大堀線, 黒鳥線"
横越農協前,新潟交通（株）,亀田・横越線
横越農協前,新潟交通観光バス（株）,"S90　万代シテイ-横越-水原, S91急（急行）万代シテイ-曙町-水原, S93急（急行）万代シテイ-曙町-保田車庫前, 新潟駅・万代シテイ⇒水原・瓢湖　方面行, S94　万代シテイ-沢海-秋葉区役所前, S95　万代シテイ-沢海-京ヶ瀬営業所"
横越中学校南ルート,フィールド観光（株）,江南区　横越地区住民バス「横バス」南ルート
新天野,新潟交通（株）,鳥屋野線
新天野,新潟市,江南区　区バス　アスパーク亀田〜市民病院
槙尾,新潟交通（株）,"大堀線, 黒鳥線, 西区バス　中野小屋ルート"
下一分［公園前］,阿賀野市,"神山線, 折居大日線"
沖通センター前,阿賀野市,神山線
西川橋,新潟交通（株）,"大堀線, 黒鳥線"
北場,新潟交通（株）,黒鳥線
金渕,阿賀野市,駒林線
信濃川大橋西詰,新潟交通（株）,"スポーツ公園線, 大野・白根線, 味方線"
信濃川大橋西詰,新潟交通観光バス（株）,"W70　大野・白根線＜白根・大野仲町経由＞　新潟駅前ゆき, W72　大野・白根線＜ときめき経由＞　大野仲町ゆき, W80　味方・月潟線＜大野仲町・味方経由＞　月潟ゆき, W81　味方・月潟線＜大野仲町・木場・味方経由＞　潟東営業所ゆき"
駒林二区,阿賀野市,駒林線
沖通,阿賀野市,神山線
緒立温泉前,新潟交通（株）,黒鳥線
横越,新潟交通（株）,亀田・横越線
横越,新潟交通観光バス（株）,"S90　万代シテイ-横越-水原, S91急（急行）万代シテイ-曙町-水原, S93急（急行）万代シテイ-曙町-保田車庫前, 新潟駅・万代シテイ⇒水原・瓢湖　方面行, S94　万代シテイ-沢海-秋葉区役所前, S95　万代シテイ-沢海-京ヶ瀬営業所"
内野中島,新潟交通（株）,"有明線, 西小針線, 寺尾線, 大堀線, 黒鳥線"
上新町公民館前,新潟交通（株）,"寺尾線, 西区　西53　住民バス　内野上新町バス"
駒林三区センター前,阿賀野市,駒林線
高山橋,新潟交通（株）,"大堀線, 西区バス　中野小屋ルート"
千原,阿賀野市,神山線
天神堂［涌井商店前］,阿賀野市,"神山線, 折居大日線"
横越小学校,フィールド観光（株）,江南区　横越地区住民バス「横バス」南ルート
黒鳥,新潟交通（株）,黒鳥線
大野新田町,新潟交通（株）,"スポーツ公園線, 大野・白根線, 味方線, 黒鳥線"
大野新田町,新潟交通観光バス（株）,"W70　大野・白根線＜白根・大野仲町経由＞　新潟駅前ゆき, W72　大野・白根線＜ときめき経由＞　大野仲町ゆき, W80　味方・月潟線＜大野仲町・味方経由＞　月潟ゆき, W81　味方・月潟線＜大野仲町・木場・味方経由＞　潟東営業所ゆき"
広通江橋,新潟交通（株）,"有明線, 西小針線, 寺尾線, 大堀線, 黒鳥線"
駒林一区センター前,阿賀野市,駒林線
沢口センター前,阿賀野市,神山線
天神堂［菅原神社前］,阿賀野市,神山線
プラント5,フィールド観光（株）,江南区　横越地区住民バス「横バス」南ルート
西内野小学校前,新潟交通（株）,"寺尾線, 西区　西53　住民バス　内野上新町バス"
深堀,阿賀野市,駒林線
大野下町,新潟交通（株）,"スポーツ公園線, 大野・白根線, 黒鳥線"
大野下町,新潟交通観光バス（株）,W72　大野・白根線＜ときめき経由＞　大野仲町ゆき
五十嵐中島,新潟交通（株）,"有明線, 西小針線, 寺尾線, 大堀線, 黒鳥線"
天神堂公会堂前,阿賀野市,神山線
泉,阿賀野市,折居大日線
鳥原新田,新潟交通（株）,黒鳥線
上一分,阿賀野市,神山線
下山屋,阿賀野市,神山線
高山神社前,新潟交通（株）,"大堀線, 西区バス　中野小屋ルート"
下郷,新潟交通（株）,亀田・横越線
下郷,新潟交通観光バス（株）,S96　万代シテイ-二本木-秋葉区役所前
女堂,阿賀野市,折居大日線
大野仲町,新潟交通（株）,"スポーツ公園線, 大野・白根線, 味方線, 黒鳥線"
大野仲町,新潟交通観光バス（株）,"W70M　大野・白根線＜（快速）白根・大野仲町・学校町経由＞　新潟駅前ゆき, W70　大野・白根線＜白根・大野仲町経由＞　新潟駅前ゆき, W73　大野・白根線＜江南高校前経由＞　新潟駅南口ゆき, W74　大野・白根線＜（急行）県庁前・古町経由＞　新潟駅前ゆき, W80　味方・月潟線＜大野仲町・味方経由＞　月潟ゆき, W81　味方・月潟線＜大野仲町・木場・味方経由＞　潟東営業所ゆき"
下福岡入口,阿賀野市,折居大日線
中浜団地入口,新潟交通（株）,"寺尾線, 西区　西53　住民バス　内野上新町バス"
横越堤防,新潟交通（株）,亀田・横越線
横越堤防,新潟交通観光バス（株）,"S94　万代シテイ-沢海-秋葉区役所前, S95　万代シテイ-沢海-京ヶ瀬営業所"
新潟西高校前,新潟交通（株）,"有明線, 西小針線, 寺尾線, 大堀線, 黒鳥線, 西区　西53　住民バス　内野上新町バス"
新田,新潟交通（株）,黒鳥線
曽郷センター前,阿賀野市,駒林線
発久,阿賀野市,折居大日線
大野仲町,新潟交通観光バス（株）,W72　大野・白根線＜ときめき経由＞　大野仲町ゆき
発久センター前,阿賀野市,折居大日線
横越体育センター,フィールド観光（株）,江南区　横越地区住民バス「横バス」南ルート
横越上町2丁目,フィールド観光（株）,江南区　横越地区住民バス「横バス」南ルート
両川工業団地前,新潟交通（株）,"亀田・横越線, 江南区　両川地域バス　江52亀田酒屋線"
両川工業団地前,新潟交通観光バス（株）,S97
赤谷車庫前,新潟交通観光バス（株）,新発田-小戸入り口-赤谷六軒町線
西新町,新潟交通（株）,"有明線, 西小針線, 寺尾線, 大堀線, 黒鳥線, 西区　西53　住民バス　内野上新町バス"
上一分［自治会館前］,阿賀野市,折居大日線
堤・小栗山センター前,阿賀野市,"神山線, 折居大日線"
黒埼出張所前,新潟交通（株）,"味方線, 黒鳥線"
黒埼出張所前,新潟交通観光バス（株）,"W80　味方・月潟線＜大野仲町・味方経由＞　月潟ゆき, W81　味方・月潟線＜大野仲町・木場・味方経由＞　潟東営業所ゆき"
発久［市村自動車前］,阿賀野市,"神山線, 折居大日線"
笹岡［木村屋パン店前］,阿賀野市,神山線
新中浜,新潟交通（株）,"有明線, 西小針線, 寺尾線, 大堀線, 黒鳥線"
金巻興野,新潟交通（株）,黒鳥線
緑岡四,阿賀野市,駒林線
横越上町3丁目,フィールド観光（株）,江南区　横越地区住民バス「横バス」南ルート
大野新町,新潟交通（株）,"味方線, 黒鳥線"
大野新町,新潟交通観光バス（株）,"W80　味方・月潟線＜大野仲町・味方経由＞　月潟ゆき, W81　味方・月潟線＜大野仲町・木場・味方経由＞　潟東営業所ゆき"
二本木,新潟交通（株）,亀田・横越線
二本木,新潟交通観光バス（株）,S96　万代シテイ-二本木-秋葉区役所前
鷲の木桜町,新潟市,南区　区バス　北部ルート
市立図書館,阿賀野市,"駒林線, 前山線"
笹岡［渡辺建築近く交差点］,阿賀野市,"神山線, 折居大日線"
下黒瀬,阿賀野市,駒林線
湯沢,阿賀野市,折居大日線
京和荘,阿賀野市,"駒林線, 前山線"
二本木2丁目,フィールド観光（株）,江南区　横越地区住民バス「横バス」南ルート
笹岡［渡辺スタンド前］,阿賀野市,"神山線, 折居大日線"
京ヶ瀬薬局前,阿賀野市,駒林線
笠木小学校前,新潟交通（株）,"大堀線, 西区バス　中野小屋ルート"
猫山,阿賀野市,駒林線
下黒瀬,新潟交通（株）,亀田・横越線
下黒瀬,新潟交通観光バス（株）,"S90　万代シテイ-横越-水原, S91急（急行）万代シテイ-曙町-水原, S93急（急行）万代シテイ-曙町-保田車庫前, 新潟駅・万代シテイ⇒水原・瓢湖　方面行"
和田,新潟交通（株）,"鳥屋野線, 江南区　両川地域バス　江51曽川酒屋線"
和田,新潟交通観光バス（株）,S2　鳥屋野線
北本町,阿賀野市,"神山線, 折居大日線"
みそら野,阿賀野市,駒林線
中谷内,新潟交通（株）,"亀田・横越線, 江南区　両川地域バス　江52亀田酒屋線"
中谷内,新潟交通観光バス（株）,S97
中権寺,新潟交通（株）,"有明線, 西小針線, 寺尾線, 大堀線, 黒鳥線, 赤塚線, 西区　西52　住民バス　コミュニティ佐潟バス"
天野,新潟交通（株）,"鳥屋野線, 江南区　両川地域バス　江51曽川酒屋線"
天野,新潟交通観光バス（株）,S2　鳥屋野線
蒔田,阿賀野市,大室線
善徳,新潟交通（株）,"亀田・横越線, 江南区　両川地域バス　江52亀田酒屋線"
善徳,新潟交通観光バス（株）,S97
不動橋,新潟交通観光バス（株）,新発田-小戸入り口-赤谷六軒町線
顕了寺前,フィールド観光（株）,江南区　横越地区住民バス「横バス」南ルート
緑岡公園前,阿賀野市,駒林線
京ヶ瀬小学校前,阿賀野市,駒林線
下塩俵,新潟市,南区　区バス　北部ルート
城,阿賀野市,駒林線
和田倉庫前,新潟交通（株）,"鳥屋野線, 江南区　両川地域バス　江51曽川酒屋線"
和田倉庫前,新潟交通観光バス（株）,S2　鳥屋野線
中谷内宮前,新潟交通（株）,"亀田・横越線, 江南区　両川地域バス　江52亀田酒屋線"
中谷内宮前,新潟交通観光バス（株）,S97
四ツ郷屋,新潟交通（株）,"赤塚線, 西区　西52　住民バス　コミュニティ佐潟バス"
蒔田センター前,阿賀野市,大室線
二本木1丁目,フィールド観光（株）,江南区　横越地区住民バス「横バス」南ルート
京ヶ瀬支所,阿賀野市,"駒林線, 前山線"
上山口,新潟交通（株）,亀田・横越線
上山口,新潟交通観光バス（株）,"S90　万代シテイ-横越-水原, S91急（急行）万代シテイ-曙町-水原, S92急（急行）万代シテイ-横雲バイパス-水原, S93急（急行）万代シテイ-曙町-保田車庫前, 新潟駅・万代シテイ⇒水原・瓢湖　方面行"
和田堤防,新潟交通（株）,鳥屋野線
和田堤防,新潟交通観光バス（株）,S2　鳥屋野線
中山口,新潟交通（株）,亀田・横越線
中山口,新潟交通観光バス（株）,"S90　万代シテイ-横越-水原, S91急（急行）万代シテイ-曙町-水原, S92急（急行）万代シテイ-横雲バイパス-水原, S93急（急行）万代シテイ-曙町-保田車庫前, 新潟駅・万代シテイ⇒水原・瓢湖　方面行"
下山口,阿賀野市,駒林線
下山口,新潟交通（株）,亀田・横越線
下山口,新潟交通観光バス（株）,"S90　万代シテイ-横越-水原, S91急（急行）万代シテイ-曙町-水原, S92急（急行）万代シテイ-横雲バイパス-水原, S93急（急行）万代シテイ-曙町-保田車庫前, 新潟駅・万代シテイ⇒水原・瓢湖　方面行"
下黒瀬（神社裏）,阿賀野市,駒林線
笹神中学校前,阿賀野市,"神山線, 折居大日線"
大通一丁目,新潟交通（株）,大野・白根線
大通一丁目,新潟交通観光バス（株）,"W70M　大野・白根線＜（快速）白根・大野仲町・学校町経由＞　新潟駅前ゆき, W70　大野・白根線＜白根・大野仲町経由＞　新潟駅前ゆき, W73　大野・白根線＜江南高校前経由＞　新潟駅南口ゆき, W74　大野・白根線＜（急行）県庁前・古町経由＞　新潟駅前ゆき"
大通一丁目（国道）,新潟市,南区　区バス　北部ルート
山崎センター前,阿賀野市,"神山線, 折居大日線"
京ヶ瀬支所前,新潟交通（株）,亀田・横越線
京ヶ瀬支所前,新潟交通観光バス（株）,"S90　万代シテイ-横越-水原, S91急（急行）万代シテイ-曙町-水原, S92急（急行）万代シテイ-横雲バイパス-水原, S93急（急行）万代シテイ-曙町-保田車庫前, 新潟駅・万代シテイ⇒水原・瓢湖　方面行"
舞潟,新潟交通（株）,"鳥屋野線, 江南区　両川地域バス　江51曽川酒屋線"
舞潟,新潟交通観光バス（株）,S2　鳥屋野線
旧真柄医院前,新潟市,南区　区バス　北部ルート
緑岡団地前,新潟交通（株）,亀田・横越線
緑岡団地前,新潟交通観光バス（株）,"S90　万代シテイ-横越-水原, S91急（急行）万代シテイ-曙町-水原, S92急（急行）万代シテイ-横雲バイパス-水原, S93急（急行）万代シテイ-曙町-保田車庫前, 新潟駅・万代シテイ⇒水原・瓢湖　方面行"
上舞潟,新潟交通（株）,"鳥屋野線, 江南区　両川地域バス　江51曽川酒屋線"
上舞潟,新潟交通観光バス（株）,S2　鳥屋野線
酒屋,蒲原鉄道（株）,五泉・村松線
上和田,新潟交通（株）,"鳥屋野線, 江南区　両川地域バス　江51曽川酒屋線"
上和田,新潟交通観光バス（株）,S2　鳥屋野線
内野営業所,新潟交通（株）,"有明線, 西小針線, 寺尾線, 大堀線, 黒鳥線, 赤塚線, 西区　西52　住民バス　コミュニティ佐潟バス"
下条元町,新潟交通（株）,亀田・横越線
下条元町,新潟交通観光バス（株）,"S90　万代シテイ-横越-水原, S91急（急行）万代シテイ-曙町-水原, S92急（急行）万代シテイ-横雲バイパス-水原, S93急（急行）万代シテイ-曙町-保田車庫前, 新潟駅・万代シテイ⇒水原・瓢湖　方面行"
水原商工会館前,阿賀野市,"駒林線, 五頭温泉郷線, 江端線, 寺社線, 神山線, 折居大日線, 千唐仁線, 前山線, 大室線, 分田線"
上和田堤防,新潟交通（株）,鳥屋野線
上和田堤防,新潟交通観光バス（株）,S2　鳥屋野線
水原下町,阿賀野市,"駒林線, 五頭温泉郷線, 江端線, 寺社線, 神山線, 折居大日線, 千唐仁線, 前山線, 大室線, 分田線"
水原下町,新潟交通（株）,亀田・横越線
水原下町,新潟交通観光バス（株）,"S90　万代シテイ-横越-水原, S91急（急行）万代シテイ-曙町-水原, S92急（急行）万代シテイ-横雲バイパス-水原, S93急（急行）万代シテイ-曙町-保田車庫前, 新潟駅・万代シテイ⇒水原・瓢湖　方面行, 五泉高校・旧五泉車庫線, 阿賀野市役所〜保田〜石間中線"
中黒瀬,新潟交通（株）,亀田・横越線
中黒瀬,新潟交通観光バス（株）,"S90　万代シテイ-横越-水原, S91急（急行）万代シテイ-曙町-水原, S93急（急行）万代シテイ-曙町-保田車庫前, 新潟駅・万代シテイ⇒水原・瓢湖　方面行"
水原上町,阿賀野市,"五頭温泉郷線, 神山線, 折居大日線"
水原上町,新潟交通観光バス（株）,新潟駅・万代シテイ⇒水原・瓢湖　方面行
永田医院前,阿賀野市,"神山線, 折居大日線"
南町［国道沿い］,阿賀野市,神山線
おぎんど橋,フィールド観光（株）,江南区　横越地区住民バス「横バス」南ルート
水原代官所前,阿賀野市,五頭温泉郷線
元町,阿賀野市,"駒林線, 五頭温泉郷線, 江端線, 寺社線, 神山線, 折居大日線, 千唐仁線, 前山線, 大室線, 分田線"
田山,新潟交通（株）,亀田・横越線
田山,新潟交通観光バス（株）,"S90　万代シテイ-横越-水原, S91急（急行）万代シテイ-曙町-水原, S92急（急行）万代シテイ-横雲バイパス-水原, S93急（急行）万代シテイ-曙町-保田車庫前, 新潟駅・万代シテイ⇒水原・瓢湖　方面行"
田山,阿賀野市,駒林線
飯森杉,新潟交通（株）,亀田・横越線
飯森杉,新潟交通観光バス（株）,"S90　万代シテイ-横越-水原, S91急（急行）万代シテイ-曙町-水原, S92急（急行）万代シテイ-横雲バイパス-水原, S93急（急行）万代シテイ-曙町-保田車庫前, 新潟駅・万代シテイ⇒水原・瓢湖　方面行"
中野,新潟交通（株）,亀田・横越線
中野,新潟交通観光バス（株）,S96　万代シテイ-二本木-秋葉区役所前
小里,新潟交通（株）,亀田・横越線
小里,新潟交通観光バス（株）,"S90　万代シテイ-横越-水原, S91急（急行）万代シテイ-曙町-水原, S92急（急行）万代シテイ-横雲バイパス-水原, S93急（急行）万代シテイ-曙町-保田車庫前, 新潟駅・万代シテイ⇒水原・瓢湖　方面行"
小里,阿賀野市,駒林線
田山（小泉自動車裏）,阿賀野市,駒林線
水原仲町,新潟交通（株）,亀田・横越線
水原仲町,新潟交通観光バス（株）,"S90　万代シテイ-横越-水原, S91急（急行）万代シテイ-曙町-水原, S92急（急行）万代シテイ-横雲バイパス-水原, S93急（急行）万代シテイ-曙町-保田車庫前, 新潟駅・万代シテイ⇒水原・瓢湖　方面行, 五泉高校・旧五泉車庫線, 阿賀野市役所〜保田〜石間中線"
水原中町,阿賀野市,"駒林線, 江端線, 寺社線, 千唐仁線, 前山線, 大室線, 分田線"
大通二丁目,新潟市,南区　区バス　北部ルート
下谷内,新潟交通（株）,"赤塚線, 西区　西52　住民バス　コミュニティ佐潟バス"
下黒瀬（三差路）,阿賀野市,駒林線
シンパシー前,阿賀野市,駒林線
笹神郵便局前,阿賀野市,"五頭温泉郷線, 大室線"
上黒瀬センター前,阿賀野市,駒林線
勝屋,阿賀野市,折居大日線
小柳真柄医院前,新潟市,南区　区バス　北部ルート
蒔田［旧バス停］,阿賀野市,"五頭温泉郷線, 大室線"
新橋［お地蔵様前］,阿賀野市,神山線
上黒瀬,新潟交通（株）,亀田・横越線
上黒瀬,新潟交通観光バス（株）,"S90　万代シテイ-横越-水原, S91急（急行）万代シテイ-曙町-水原, S92急（急行）万代シテイ-横雲バイパス-水原, S93急（急行）万代シテイ-曙町-保田車庫前, 新潟駅・万代シテイ⇒水原・瓢湖　方面行"
ささかみ農協前,阿賀野市,"五頭温泉郷線, 折居大日線, 大室線"
沢海新田,新潟交通（株）,亀田・横越線
沢海新田,新潟交通観光バス（株）,"S94　万代シテイ-沢海-秋葉区役所前, S95　万代シテイ-沢海-京ヶ瀬営業所"
笠木,新潟交通（株）,"大堀線, 西区バス　中野小屋ルート"
酒屋三方,新潟交通（株）,"亀田・横越線, 江南区　両川地域バス　江52亀田酒屋線"
酒屋三方,新潟交通観光バス（株）,S97
赤谷,新潟交通観光バス（株）,新発田-小戸入り口-赤谷六軒町線
下鷲の木,新潟市,南区　区バス　北部ルート
木津5丁目,フィールド観光（株）,江南区　横越地区住民バス「横バス」南ルート
酒屋小学校前,新潟交通（株）,"鳥屋野線, 江南区　両川地域バス　江51曽川酒屋線"
酒屋小学校前,新潟交通観光バス（株）,S2　鳥屋野線
木津下スクールバス停,フィールド観光（株）,江南区　横越地区住民バス「横バス」南ルート
水原,新潟交通（株）,亀田・横越線
水原,新潟交通観光バス（株）,"S90　万代シテイ-横越-水原, S91急（急行）万代シテイ-曙町-水原, S92急（急行）万代シテイ-横雲バイパス-水原, S93急（急行）万代シテイ-曙町-保田車庫前, 新潟駅・万代シテイ⇒水原・瓢湖　方面行, 五泉高校・旧五泉車庫線, 阿賀野市役所〜保田〜石間中線"
白鳥の湖瓢湖前,阿賀野市,五頭温泉郷線
五頭タクシー前,阿賀野市,"駒林線, 五頭温泉郷線, 江端線, 寺社線, 神山線, 折居大日線, 千唐仁線, 前山線, 大室線, 分田線"
木津3丁目,フィールド観光（株）,江南区　横越地区住民バス「横バス」南ルート
花ノ牧,新潟交通（株）,鳥屋野線
花ノ牧,新潟交通観光バス（株）,S2　鳥屋野線
水原駅前,阿賀野市,五頭温泉郷線
金巻,新潟交通（株）,味方線
金巻,新潟交通観光バス（株）,"W80　味方・月潟線＜大野仲町・味方経由＞　月潟ゆき, W81　味方・月潟線＜大野仲町・木場・味方経由＞　潟東営業所ゆき"
笹神支所,阿賀野市,"五頭温泉郷線, 神山線, 折居大日線, 大室線"
瓢湖市営駐車場脇,阿賀野市,大室線
瓢湖前,新潟交通観光バス（株）,新潟駅・万代シテイ⇒水原・瓢湖　方面行
水原駅自転車置場前,阿賀野市,"駒林線, 江端線, 神山線, 前山線"
水原駅前通,阿賀野市,"駒林線, 五頭温泉郷線, 寺社線, 神山線, 折居大日線, 千唐仁線, 前山線, 大室線, 分田線"
赤水,阿賀野市,"五頭温泉郷線, 大室線"
旭町,阿賀野市,"駒林線, 江端線, 寺社線, 千唐仁線, 前山線, 大室線, 分田線"
両川農協前,新潟交通（株）,"亀田・横越線, 江南区　両川地域バス　江52亀田酒屋線"
両川農協前,新潟交通観光バス（株）,S97
木場宮前,新潟交通（株）,味方線
木場宮前,新潟交通観光バス（株）,W81　味方・月潟線＜大野仲町・木場・味方経由＞　潟東営業所ゆき
赤谷連絡所前,新潟交通観光バス（株）,新発田-小戸入り口-赤谷六軒町線
赤谷連絡所,阿賀町,三川駅〜赤谷コミュニティーワゴン
谷内,新潟交通（株）,"赤塚線, 西区　西52　住民バス　コミュニティ佐潟バス"
獺ケ通団地,新潟市,南区　区バス　大鷲ルート
水原小学校前,新潟交通（株）,亀田・横越線
水原小学校前,新潟交通観光バス（株）,"S90　万代シテイ-横越-水原, S91急（急行）万代シテイ-曙町-水原, S92急（急行）万代シテイ-横雲バイパス-水原, S93急（急行）万代シテイ-曙町-保田車庫前, 新潟駅・万代シテイ⇒水原・瓢湖　方面行, 五泉高校・旧五泉車庫線, 阿賀野市役所〜保田〜石間中線"
リズム・ハウス瓢湖前,阿賀野市,"五頭温泉郷線, 大室線"
笹岡小学校,阿賀野市,"五頭温泉郷線, 大室線"
本田医院前,阿賀野市,"駒林線, 五頭温泉郷線, 江端線, 寺社線, 神山線, 折居大日線, 千唐仁線, 前山線, 大室線, 分田線"
酒屋車庫,新潟交通（株）,"鳥屋野線, 亀田・横越線, 江南区　両川地域バス　江51曽川酒屋線, 江南区　両川地域バス　江52亀田酒屋線"
酒屋車庫,新潟交通観光バス（株）,"S97, S2　鳥屋野線"
下条町,阿賀野市,"駒林線, 前山線"
獺ケ通,新潟市,南区　区バス　大鷲ルート
田島,新潟交通（株）,"大堀線, 西区バス　中野小屋ルート"
沢海下スクールバス停,フィールド観光（株）,江南区　横越地区住民バス「横バス」南ルート
横山,阿賀野市,"五頭温泉郷線, 大室線"
水原岡山町,新潟交通（株）,亀田・横越線
水原岡山町,新潟交通観光バス（株）,"S90　万代シテイ-横越-水原, S91急（急行）万代シテイ-曙町-水原, S92急（急行）万代シテイ-横雲バイパス-水原, S93急（急行）万代シテイ-曙町-保田車庫前, 新潟駅・万代シテイ⇒水原・瓢湖　方面行, 五泉高校・旧五泉車庫線, 阿賀野市役所〜保田〜石間中線"
窪川原,阿賀野市,前山線
鷲の木新田,新潟市,南区　区バス　北部ルート
木津上入口,フィールド観光（株）,江南区　横越地区住民バス「横バス」南ルート
あがの市民病院前,阿賀野市,"駒林線, 五頭温泉郷線, 江端線, 寺社線, 神山線, 折居大日線, 千唐仁線, 前山線, 大室線, 分田線"
酒屋郵便局前,新潟交通（株）,"亀田・横越線, 江南区　両川地域バス　江52亀田酒屋線"
酒屋郵便局前,新潟交通観光バス（株）,S97
杉並,阿賀野市,"駒林線, 神山線, 前山線"
新津第二中学前,新潟交通（株）,亀田・横越線
新津第二中学前,新潟交通観光バス（株）,S96　万代シテイ-二本木-秋葉区役所前
上須走,阿賀野市,"五頭温泉郷線, 大室線"
若葉公園前,阿賀野市,江端線
下沢海,新潟交通（株）,亀田・横越線
下沢海,新潟交通観光バス（株）,"S94　万代シテイ-沢海-秋葉区役所前, S95　万代シテイ-沢海-京ヶ瀬営業所"
阿賀野市役所,阿賀野市,"駒林線, 五頭温泉郷線, 江端線, 寺社線, 神山線, 折居大日線, 千唐仁線, 前山線, 大室線, 分田線"
阿賀野市役所,新潟交通観光バス（株）,"五泉高校・旧五泉車庫線, 阿賀野市役所〜保田〜石間中線"
下須走,阿賀野市,"五頭温泉郷線, 大室線"
木津上スクールバス停,フィールド観光（株）,江南区　横越地区住民バス「横バス」南ルート
荻川駅前,フィールド観光（株）,江南区　横越地区住民バス「横バス」南ルート
木場,新潟交通（株）,味方線
木場,新潟交通観光バス（株）,W81　味方・月潟線＜大野仲町・木場・味方経由＞　潟東営業所ゆき
中鷲の木,新潟市,"南区　区バス　北部ルート, 南区　区バス　大鷲ルート"
中島,阿賀野市,大室線
大通小学校前,新潟交通（株）,大野・白根線
大通小学校前,新潟交通観光バス（株）,"W70M　大野・白根線＜（快速）白根・大野仲町・学校町経由＞　新潟駅前ゆき, W70　大野・白根線＜白根・大野仲町経由＞　新潟駅前ゆき, W73　大野・白根線＜江南高校前経由＞　新潟駅南口ゆき, W74　大野・白根線＜（急行）県庁前・古町経由＞　新潟駅前ゆき"
岡山町,阿賀野市,"駒林線, 千唐仁線, 前山線, 分田線"
中須走,阿賀野市,"五頭温泉郷線, 大室線"
鷲の木寺前,新潟市,南区　区バス　北部ルート
若葉町15組,阿賀野市,江端線
京ヶ島下,阿賀野市,前山線
阿賀野高校前,阿賀野市,"五頭温泉郷線, 江端線, 寺社線, 神山線, 折居大日線, 大室線"
阿賀野高校前,新潟交通（株）,亀田・横越線
阿賀野高校前,新潟交通観光バス（株）,"S90　万代シテイ-横越-水原, S91急（急行）万代シテイ-曙町-水原, S92急（急行）万代シテイ-横雲バイパス-水原, S93急（急行）万代シテイ-曙町-保田車庫前, 新潟駅・万代シテイ⇒水原・瓢湖　方面行, 五泉高校・旧五泉車庫線, 阿賀野市役所〜保田〜石間中線"
酒屋,新潟交通（株）,鳥屋野線
酒屋,新潟交通観光バス（株）,S2　鳥屋野線
すぎはら医院前,阿賀野市,"駒林線, 江端線, 神山線, 千唐仁線, 前山線"
赤谷六軒町,新潟交通観光バス（株）,新発田-小戸入り口-赤谷六軒町線
沢海2丁目,フィールド観光（株）,江南区　横越地区住民バス「横バス」南ルート
中島三差路,新潟交通（株）,亀田・横越線
中島三差路,新潟交通観光バス（株）,"S90　万代シテイ-横越-水原, S91急（急行）万代シテイ-曙町-水原, S92急（急行）万代シテイ-横雲バイパス-水原, S93急（急行）万代シテイ-曙町-保田車庫前, 新潟駅・万代シテイ⇒水原・瓢湖　方面行"
木山小学校前,新潟交通（株）,"赤塚線, 西区　西52　住民バス　コミュニティ佐潟バス"
炊出,阿賀野市,折居大日線
木場川前,新潟交通（株）,味方線
木場川前,新潟交通観光バス（株）,"W80　味方・月潟線＜大野仲町・味方経由＞　月潟ゆき, W81　味方・月潟線＜大野仲町・木場・味方経由＞　潟東営業所ゆき"
中島五,阿賀野市,寺社線
中塩俵公民館前,新潟市,南区　区バス　北部ルート
スイミングスクール前,阿賀野市,"千唐仁線, 分田線"
中島,新潟交通（株）,亀田・横越線
中島,新潟交通観光バス（株）,"S93急（急行）万代シテイ-曙町-保田車庫前, 五泉高校・旧五泉車庫線, 阿賀野市役所〜保田〜石間中線"
大通地域生活センター前,新潟市,南区　区バス　北部ルート
荻島,新潟交通（株）,亀田・横越線
荻島,新潟交通観光バス（株）,S96　万代シテイ-二本木-秋葉区役所前
白鳥荘,阿賀野市,"駒林線, 前山線"
木場駅跡,新潟交通（株）,味方線
木場駅跡,新潟交通観光バス（株）,W80　味方・月潟線＜大野仲町・味方経由＞　月潟ゆき
京ヶ島上,阿賀野市,"駒林線, 前山線"
緑町,阿賀野市,"千唐仁線, 分田線"
北方文化博物館,フィールド観光（株）,江南区　横越地区住民バス「横バス」南ルート
京ヶ島川前,阿賀野市,前山線
上沢海博物館前,新潟交通（株）,亀田・横越線
上沢海博物館前,新潟交通観光バス（株）,"S94　万代シテイ-沢海-秋葉区役所前, S95　万代シテイ-沢海-京ヶ瀬営業所"
あそか苑前,新潟交通（株）,"大堀線, 西区バス　中野小屋ルート"
水原中学校前,阿賀野市,"駒林線, 江端線, 神山線"
覚路津,新潟交通（株）,鳥屋野線
覚路津,新潟交通観光バス（株）,S2　鳥屋野線
ブルワリー前,阿賀野市,大室線
金屋下,阿賀野市,"五頭温泉郷線, 折居大日線, 大室線"
東山,新潟交通（株）,"赤塚線, 西区　西52　住民バス　コミュニティ佐潟バス"
かねこ歯科医院前,阿賀野市,"千唐仁線, 分田線"
押切,阿賀野市,大室線
沢海ふれあい広場,フィールド観光（株）,江南区　横越地区住民バス「横バス」南ルート
恩田医院,阿賀野市,"神山線, 折居大日線, 前山線, 大室線"
水原中学前,新潟交通（株）,亀田・横越線
水原中学前,新潟交通観光バス（株）,"S93急（急行）万代シテイ-曙町-保田車庫前, 五泉高校・旧五泉車庫線, 阿賀野市役所〜保田〜石間中線"
大通ニュータウン,新潟交通（株）,大野・白根線
大通ニュータウン,新潟交通観光バス（株）,"W70M　大野・白根線＜（快速）白根・大野仲町・学校町経由＞　新潟駅前ゆき, W70　大野・白根線＜白根・大野仲町経由＞　新潟駅前ゆき, W73　大野・白根線＜江南高校前経由＞　新潟駅南口ゆき"
大通南,新潟交通（株）,大野・白根線
大通南,新潟交通観光バス（株）,"W70M　大野・白根線＜（快速）白根・大野仲町・学校町経由＞　新潟駅前ゆき, W70　大野・白根線＜白根・大野仲町経由＞　新潟駅前ゆき, W73　大野・白根線＜江南高校前経由＞　新潟駅南口ゆき, W74　大野・白根線＜（急行）県庁前・古町経由＞　新潟駅前ゆき"
大通南（国道）,新潟市,南区　区バス　北部ルート
月崎,阿賀野市,前山線
大友,新潟交通（株）,"大堀線, 西区バス　中野小屋ルート"
次郎丸,阿賀野市,五頭温泉郷線
境新田,阿賀野市,寺社線
上鷲の木,新潟市,"南区　区バス　北部ルート, 南区　区バス　大鷲ルート"
西酒屋,新潟市,南区　区バス　大鷲ルート
結学校前,新潟交通（株）,亀田・横越線
結学校前,新潟交通観光バス（株）,S96　万代シテイ-二本木-秋葉区役所前
板井下,新潟交通（株）,味方線
板井下,新潟交通観光バス（株）,"W80　味方・月潟線＜大野仲町・味方経由＞　月潟ゆき, W81　味方・月潟線＜大野仲町・木場・味方経由＞　潟東営業所ゆき"
山崎,新潟交通（株）,"赤塚線, 西区　西52　住民バス　コミュニティ佐潟バス"
大野地,阿賀野市,寺社線
五頭の里団地前,阿賀野市,"折居大日線, 大室線"
七島,阿賀野市,前山線
大通黄金,新潟市,"南区　区バス　北部ルート, 南区　区バス　白根・さつき野駅ルート"
関屋,阿賀野市,"駒林線, 前山線"
原センター前,阿賀野市,大室線
大野,阿賀野市,江端線
大野,新潟交通（株）,亀田・横越線
大野,新潟交通観光バス（株）,"S93急（急行）万代シテイ-曙町-保田車庫前, 五泉高校・旧五泉車庫線, 阿賀野市役所〜保田〜石間中線"
中野小屋,新潟交通（株）,"大堀線, 西区バス　中野小屋ルート"
大通黄金四丁目,新潟交通（株）,大野・白根線
大通黄金四丁目,新潟交通観光バス（株）,"W70M　大野・白根線＜（快速）白根・大野仲町・学校町経由＞　新潟駅前ゆき, W70　大野・白根線＜白根・大野仲町経由＞　新潟駅前ゆき, W73　大野・白根線＜江南高校前経由＞　新潟駅南口ゆき"
大通黄金四丁目,新潟市,南区　区バス　白根・さつき野駅ルート
畑江,阿賀野市,折居大日線
上鷲の木宮前,新潟市,"南区　区バス　北部ルート, 南区　区バス　大鷲ルート"
白根大通病院前,新潟交通（株）,大野・白根線
白根大通病院前,新潟交通観光バス（株）,W74　大野・白根線＜（急行）県庁前・古町経由＞　新潟駅前ゆき
白根大通病院前,新潟市,南区　区バス　白根・さつき野駅ルート
前山十字路,阿賀野市,"駒林線, 前山線"
前山丁字路,阿賀野市,"駒林線, 前山線"
松橋ふれあいセンター前,新潟市,南区　区バス　北部ルート
関屋［新潟交通バス停跡地］,阿賀野市,前山線
やまびこ荘,阿賀野市,折居大日線
うるおいの湯前,阿賀野市,折居大日線
満願寺水門,新潟交通（株）,亀田・横越線
満願寺水門,新潟交通観光バス（株）,"S94　万代シテイ-沢海-秋葉区役所前, S95　万代シテイ-沢海-京ヶ瀬営業所"
尾崎,新潟交通（株）,"大堀線, 西区バス　中野小屋ルート"
結,新潟交通（株）,亀田・横越線
結,新潟交通観光バス（株）,S96　万代シテイ-二本木-秋葉区役所前
市野山,阿賀野市,"駒林線, 江端線, 神山線, 折居大日線, 前山線, 大室線"
水原野球場前,阿賀野市,"千唐仁線, 分田線"
里下,阿賀野市,寺社線
上中野目,阿賀野市,江端線
ウオロク水原店,阿賀野市,"江端線, 神山線, 前山線, 大室線"
旧笠巻治療所前,新潟市,"南区　区バス　北部ルート, 南区　区バス　大鷲ルート"
板井公民館前,新潟交通（株）,味方線
板井公民館前,新潟交通観光バス（株）,"W80　味方・月潟線＜大野仲町・味方経由＞　月潟ゆき, W81　味方・月潟線＜大野仲町・木場・味方経由＞　潟東営業所ゆき"
宮下,阿賀野市,"折居大日線, 大室線"
赤塚連絡所前,新潟交通（株）,"赤塚線, 西区　西52　住民バス　コミュニティ佐潟バス"
羽黒［公民館前］,阿賀野市,五頭温泉郷線
下大郷,新潟市,南区　区バス　大鷲ルート
松橋,新潟市,南区　区バス　北部ルート
川口,蒲原鉄道（株）,五泉・村松線
大通黄金七丁目,新潟交通（株）,大野・白根線
大通黄金七丁目,新潟交通観光バス（株）,"W70M　大野・白根線＜（快速）白根・大野仲町・学校町経由＞　新潟駅前ゆき, W70　大野・白根線＜白根・大野仲町経由＞　新潟駅前ゆき, W73　大野・白根線＜江南高校前経由＞　新潟駅南口ゆき"
大通黄金七丁目,新潟市,南区　区バス　白根・さつき野駅ルート
京ヶ瀬営業所,新潟交通（株）,亀田・横越線
京ヶ瀬営業所,新潟交通観光バス（株）,"S95　万代シテイ-沢海-京ヶ瀬営業所, 京ヶ瀬営業所-中新田-新津線"
やまびこ荘入口,阿賀野市,"五頭温泉郷線, 折居大日線"
里上,阿賀野市,寺社線
箸木免,阿賀野市,"駒林線, 前山線"
下里下,阿賀野市,"駒林線, 前山線"
里金田,阿賀野市,寺社線
出湯温泉,阿賀野市,"五頭温泉郷線, 折居大日線"
下里上,阿賀野市,"駒林線, 前山線"
国際情報大学前,新潟交通（株）,"赤塚線, 西区　西52　住民バス　コミュニティ佐潟バス"
京ヶ瀬駅前,阿賀野市,"駒林線, 前山線"
赤塚下,新潟交通（株）,"赤塚線, 西区　西52　住民バス　コミュニティ佐潟バス"
かただ公園前,新潟交通（株）,"赤塚線, 西区　西52　住民バス　コミュニティ佐潟バス"
堀越農協前,新潟交通（株）,亀田・横越線
堀越農協前,新潟交通観光バス（株）,"S93急（急行）万代シテイ-曙町-保田車庫前, 五泉高校・旧五泉車庫線, 阿賀野市役所〜保田〜石間中線"
庄ケ宮センター前,阿賀野市,"江端線, 寺社線"
出湯保育園前,阿賀野市,"五頭温泉郷線, 折居大日線"
堀越小学校前,阿賀野市,寺社線
おおはくちょう橋,新潟交通（株）,"赤塚線, 西区　西52　住民バス　コミュニティ佐潟バス"
庄ケ宮,阿賀野市,寺社線
保古野木,新潟交通（株）,"大堀線, 西区バス　中野小屋ルート"
鷲巻地域生活センター前,新潟市,"南区　区バス　北部ルート, 南区　区バス　大鷲ルート"
川口,新潟交通（株）,亀田・横越線
川口,新潟交通観光バス（株）,S96　万代シテイ-二本木-秋葉区役所前
野地城,阿賀野市,"江端線, 寺社線"
宮嶋,阿賀野市,"折居大日線, 大室線"
三枚潟,新潟交通（株）,鳥屋野線
三枚潟,新潟交通観光バス（株）,S2　鳥屋野線
三枚潟,新潟市,南区　区バス　白根・さつき野駅ルート
大郷地域生活センター前,新潟市,"南区　区バス　大鷲ルート, 南区　区バス　白根・さつき野駅ルート"
大鷲小学校,新潟市,南区　区バス　大鷲ルート
大鷲駐在所前,新潟市,"南区　区バス　大鷲ルート, 南区　区バス　白根・さつき野駅ルート"
鷲巻本村,新潟市,"南区　区バス　大鷲ルート, 南区　区バス　白根・さつき野駅ルート"
長割,新潟市,南区　区バス　白根・さつき野駅ルート
満願寺,新潟交通（株）,亀田・横越線
満願寺,新潟交通観光バス（株）,"S94　万代シテイ-沢海-秋葉区役所前, S95　万代シテイ-沢海-京ヶ瀬営業所"
東笠巻新田（改善センター前）,新潟市,"南区　区バス　大鷲ルート, 南区　区バス　白根・さつき野駅ルート"
中潟下,阿賀野市,前山線
赤塚駅前,新潟交通（株）,"大堀線, 赤塚線, 西区バス　中野小屋ルート, 西区　西52　住民バス　コミュニティ佐潟バス"
上塩俵,新潟交通（株）,大野・白根線
上塩俵,新潟交通観光バス（株）,"W70M　大野・白根線＜（快速）白根・大野仲町・学校町経由＞　新潟駅前ゆき, W70　大野・白根線＜白根・大野仲町経由＞　新潟駅前ゆき, W73　大野・白根線＜江南高校前経由＞　新潟駅南口ゆき, W74　大野・白根線＜（急行）県庁前・古町経由＞　新潟駅前ゆき"
上塩俵（国道）,新潟市,南区　区バス　白根・さつき野駅ルート
中潟センター前,阿賀野市,前山線
赤塚,新潟交通（株）,"赤塚線, 西区　西52　住民バス　コミュニティ佐潟バス"
七浦,阿賀野市,"五頭温泉郷線, 折居大日線"
大郷,新潟市,"南区　区バス　大鷲ルート, 南区　区バス　白根・さつき野駅ルート"
中潟,阿賀野市,"千唐仁線, 分田線"
下里新道,阿賀野市,"駒林線, 前山線"
阿賀浦橋東詰,新潟交通（株）,亀田・横越線
阿賀浦橋東詰,新潟交通観光バス（株）,"S95　万代シテイ-沢海-京ヶ瀬営業所, 京ヶ瀬営業所-中新田-新津線"
福田,阿賀野市,江端線
上小中山,阿賀野市,"五頭温泉郷線, 折居大日線"
七石センター前,阿賀野市,寺社線
赤塚小学校前,新潟交通（株）,"赤塚線, 西区　西52　住民バス　コミュニティ佐潟バス"
明田,新潟交通（株）,"大堀線, 西区バス　中野小屋ルート"
さつき野駅,新潟市,南区　区バス　白根・さつき野駅ルート
上塩俵,新潟市,"南区　区バス　北部ルート, 南区　区バス　白根・さつき野駅ルート"
東笠巻新田,新潟市,"南区　区バス　大鷲ルート, 南区　区バス　白根・さつき野駅ルート"
北上二丁目,新潟交通（株）,亀田・横越線
北上二丁目,新潟交通観光バス（株）,S96　万代シテイ-二本木-秋葉区役所前
今板牛平,阿賀野市,"五頭温泉郷線, 折居大日線"
小見郷屋,新潟交通（株）,"大堀線, 西区バス　中野小屋ルート"
居宿,新潟交通（株）,味方線
居宿,新潟交通観光バス（株）,"W80　味方・月潟線＜大野仲町・味方経由＞　月潟ゆき, W81　味方・月潟線＜大野仲町・木場・味方経由＞　潟東営業所ゆき"
牧ノ島,新潟交通観光バス（株）,"五泉高校・旧五泉車庫線, 阿賀野市役所〜保田〜石間中線"
小境,阿賀野市,江端線
牧の島,新潟交通（株）,亀田・横越線
牧の島,新潟交通観光バス（株）,S93急（急行）万代シテイ-曙町-保田車庫前
境新,阿賀野市,寺社線
牧島,阿賀野市,寺社線
中大郷,新潟市,"南区　区バス　大鷲ルート, 南区　区バス　白根・さつき野駅ルート"
北上三丁目,新潟交通（株）,亀田・横越線
北上三丁目,新潟交通観光バス（株）,S96　万代シテイ-二本木-秋葉区役所前
根岸小学校前,新潟市,"南区　区バス　北部ルート, 南区　区バス　白根・さつき野駅ルート"
境新センター前,阿賀野市,寺社線
越前浜,新潟交通観光バス（株）,"巻駅前-間手橋・稲島・大原-角田妙光寺入口線, 巻-横山バイパス・大原ー海水浴場線"
大室,阿賀野市,大室線
堀越下,阿賀野市,江端線
山寺,阿賀野市,"五頭温泉郷線, 折居大日線"
東笠巻,新潟市,"南区　区バス　大鷲ルート, 南区　区バス　白根・さつき野駅ルート"
三ツ屋,新潟交通（株）,鳥屋野線
三ツ屋,新潟交通観光バス（株）,S2　鳥屋野線
堀越,新潟交通（株）,亀田・横越線
中新田,新潟交通（株）,亀田・横越線
中新田,新潟交通観光バス（株）,"S94　万代シテイ-沢海-秋葉区役所前, S95　万代シテイ-沢海-京ヶ瀬営業所, 京ヶ瀬営業所-中新田-新津線"
堀越,阿賀野市,江端線
町村,阿賀野市,寺社線
坂町,阿賀野市,寺社線
下山崎,新潟市,"南区　区バス　北部ルート, 南区　区バス　白根・さつき野駅ルート"
今板温泉,阿賀野市,"五頭温泉郷線, 折居大日線"
大室公会堂入口,阿賀野市,大室線
嘉瀬島公会堂前,阿賀野市,"駒林線, 前山線"
下興野,新潟交通（株）,亀田・横越線
下興野,新潟交通観光バス（株）,S96　万代シテイ-二本木-秋葉区役所前
堀越,新潟交通観光バス（株）,"S93急（急行）万代シテイ-曙町-保田車庫前, 五泉高校・旧五泉車庫線, 阿賀野市役所〜保田〜石間中線"
粕島,阿賀野市,"駒林線, 前山線"
横垣,新潟市,"南区　区バス　大鷲ルート, 南区　区バス　白根・さつき野駅ルート"
小島,阿賀野市,"駒林線, 前山線"
西笠巻新田,新潟市,"南区　区バス　大鷲ルート, 南区　区バス　白根・さつき野駅ルート"
川前,阿賀野市,"駒林線, 前山線"
大倉,新潟交通（株）,味方線
大倉,新潟交通観光バス（株）,"W80　味方・月潟線＜大野仲町・味方経由＞　月潟ゆき, W81　味方・月潟線＜大野仲町・木場・味方経由＞　潟東営業所ゆき"
中新田駐在所前,新潟交通（株）,亀田・横越線
中新田駐在所前,新潟交通観光バス（株）,"S94　万代シテイ-沢海-秋葉区役所前, 京ヶ瀬営業所-中新田-新津線"
旧フードショップヤマガ裏,阿賀野市,江端線
大原神社前,新潟交通観光バス（株）,"巻駅前-間手橋・稲島・大原-角田妙光寺入口線, 巻-横山バイパス・大原ー海水浴場線"
十二神,阿賀野市,大室線
堀越外城,阿賀野市,寺社線
青少年研修センター前,新潟交通観光バス（株）,"巻駅前-間手橋・稲島・大原-角田妙光寺入口線, 巻-横山バイパス・大原ー海水浴場線"
根岸地域生活センター前,新潟市,"南区　区バス　北部ルート, 南区　区バス　白根・さつき野駅ルート"
角田,新潟交通観光バス（株）,"巻駅前-間手橋・稲島・大原-角田妙光寺入口線, 巻-横山バイパス・大原ー海水浴場線"
善道町,新潟交通（株）,亀田・横越線
善導町,新潟交通観光バス（株）,S96　万代シテイ-二本木-秋葉区役所前
川前［阿賀野アスコン前］,阿賀野市,"千唐仁線, 分田線"
大安寺本村,さくら交通（株）,秋葉区路線バス（下新線）
上堀越,新潟交通（株）,亀田・横越線
上堀越,新潟交通観光バス（株）,"S93急（急行）万代シテイ-曙町-保田車庫前, 五泉高校・旧五泉車庫線, 阿賀野市役所〜保田〜石間中線"
福井,阿賀野市,大室線
堀越上自転車置場前,阿賀野市,江端線
松野尾,新潟交通観光バス（株）,"巻駅前-間手橋・稲島・大原-角田妙光寺入口線, 巻-横山バイパス・大原ー海水浴場線"
新津工業高校前,新潟交通（株）,亀田・横越線
新津工業高校前,新潟交通観光バス（株）,"S94　万代シテイ-沢海-秋葉区役所前, 京ヶ瀬営業所-中新田-新津線"
新津工業高校前,さくら交通（株）,秋葉区路線バス（下新線）
山崎興野,新潟市,"南区　区バス　北部ルート, 南区　区バス　白根・さつき野駅ルート"
水ケ曽根,阿賀野市,千唐仁線
下越病院,新潟交通（株）,亀田・横越線
下越病院,新潟交通観光バス（株）,"S94　万代シテイ-沢海-秋葉区役所前, 京ヶ瀬営業所-中新田-新津線"
西岡,阿賀野市,千唐仁線
深川,さくら交通（株）,秋葉区路線バス（下新線）
大秋公会堂前,新潟交通（株）,鳥屋野線
大秋公会堂前,新潟交通観光バス（株）,S2　鳥屋野線
越御堂,阿賀野市,寺社線
追分,新潟交通観光バス（株）,"巻駅前-間手橋・稲島・大原-角田妙光寺入口線, 巻-横山バイパス・大原ー海水浴場線"
山崎興野,新潟交通（株）,大野・白根線
山崎興野,新潟交通観光バス（株）,"W70M　大野・白根線＜（快速）白根・大野仲町・学校町経由＞　新潟駅前ゆき, W70　大野・白根線＜白根・大野仲町経由＞　新潟駅前ゆき, W73　大野・白根線＜江南高校前経由＞　新潟駅南口ゆき, W74　大野・白根線＜（急行）県庁前・古町経由＞　新潟駅前ゆき"
鷲巻農協前,新潟市,"南区　区バス　大鷲ルート, 南区　区バス　白根・さつき野駅ルート"
福井公会堂前,阿賀野市,大室線
切梅新田,阿賀野市,江端線
大安寺,さくら交通（株）,秋葉区路線バス（下新線）
山王,新潟交通（株）,味方線
山王,新潟交通観光バス（株）,"W80　味方・月潟線＜大野仲町・味方経由＞　月潟ゆき, W81　味方・月潟線＜大野仲町・木場・味方経由＞　潟東営業所ゆき"
村杉温泉,阿賀野市,"五頭温泉郷線, 折居大日線"
角田妙光寺入口,新潟交通観光バス（株）,"巻駅前-間手橋・稲島・大原-角田妙光寺入口線, 巻-横山バイパス・大原ー海水浴場線"
西岡センター前,阿賀野市,千唐仁線
美幸町二丁目,新潟市,秋葉区　区バス　新津駅西口から新津駅東口
新津駅,泉観光バス（株）,金津線
新津駅,新潟交通（株）,亀田・横越線
新津駅,新潟交通観光バス（株）,"S94　万代シテイ-沢海-秋葉区役所前, S96　万代シテイ-二本木-秋葉区役所前, 京ヶ瀬営業所-中新田-新津線, 五泉-大関-新津線, 潟東・白根-臼井-新津線, 潟東・白根-矢代田-新津線, SW2→SW2　新津駅-臼井-白根-臼井-新津駅, SW2→SW4　新津駅-臼井-白根-矢代田-新津駅, SW4→SW4　新津駅-矢代田-白根-矢代田-新津駅, SW4→SW2　新津駅-矢代田-白根-臼井-新津駅"
新津駅東口,新潟市,秋葉区　区バス　新津駅西口から新津駅東口
新津駅,さくら交通（株）,秋葉区路線バス（下新線）
新津駅西口,新潟市,秋葉区　区バス　新津駅西口から新津駅東口
熊居新田,阿賀野市,江端線
下六郷,さくら交通（株）,秋葉区路線バス（下新線）
上大郷,新潟市,"南区　区バス　大鷲ルート, 南区　区バス　白根・さつき野駅ルート"
第五中学校前,さくら交通（株）,秋葉区路線バス（下新線）
上江端二,阿賀野市,江端線
原中屋,阿賀野市,江端線
貝喰集会所前,阿賀野市,大室線
金沢町二丁目,新潟交通（株）,亀田・横越線
金沢町二丁目,新潟交通観光バス（株）,"S94　万代シテイ-沢海-秋葉区役所前, 京ヶ瀬営業所-中新田-新津線"
金沢町二丁目,さくら交通（株）,秋葉区路線バス（下新線）
新町,新潟交通（株）,亀田・横越線
新町,さくら交通（株）,秋葉区路線バス（下新線）
新町,新潟交通観光バス（株）,"S94　万代シテイ-沢海-秋葉区役所前, 京ヶ瀬営業所-中新田-新津線"
大秋橋,新潟交通（株）,鳥屋野線
大秋橋,新潟交通観光バス（株）,S2　鳥屋野線
西松野尾,新潟交通観光バス（株）,"巻駅前-間手橋・稲島・大原-角田妙光寺入口線, 巻-横山バイパス・大原ー海水浴場線"
東金沢,さくら交通（株）,秋葉区路線バス（下新線）
金沢町一丁目,新潟交通（株）,亀田・横越線
金沢町一丁目,新潟交通観光バス（株）,"S94　万代シテイ-沢海-秋葉区役所前, 京ヶ瀬営業所-中新田-新津線"
金沢町一丁目,さくら交通（株）,秋葉区路線バス（下新線）
分田下,阿賀野市,"千唐仁線, 分田線"
吉田新田,新潟交通（株）,味方線
吉田新田,新潟交通観光バス（株）,"W80　味方・月潟線＜大野仲町・味方経由＞　月潟ゆき, W81　味方・月潟線＜大野仲町・木場・味方経由＞　潟東営業所ゆき"
上福岡センター前,阿賀野市,千唐仁線
上六郷,さくら交通（株）,秋葉区路線バス（下新線）
高井興野,新潟市,"南区　区バス　北部ルート, 南区　区バス　白根・さつき野駅ルート"
旧寺社小学校前,阿賀野市,寺社線
原中屋,新潟交通（株）,亀田・横越線
原中屋,新潟交通観光バス（株）,"S93急（急行）万代シテイ-曙町-保田車庫前, 五泉高校・旧五泉車庫線, 阿賀野市役所〜保田〜石間中線"
本町二丁目,泉観光バス（株）,金津線
本町二丁目,新潟交通（株）,亀田・横越線
（新津）本町二丁目,新潟交通観光バス（株）,"S94　万代シテイ-沢海-秋葉区役所前, S96　万代シテイ-二本木-秋葉区役所前, 五泉-大関-新津線, 潟東・白根-臼井-新津線, 潟東・白根-矢代田-新津線, SW2→SW2　新津駅-臼井-白根-臼井-新津駅, SW2→SW4　新津駅-臼井-白根-矢代田-新津駅, SW4→SW4　新津駅-矢代田-白根-矢代田-新津駅, SW4→SW2　新津駅-矢代田-白根-臼井-新津駅"
本町二丁目,新潟市,秋葉区　区バス　新津駅西口から新津駅東口
分田三,阿賀野市,江端線
山本新センター前,阿賀野市,寺社線
分田自転車置場前,阿賀野市,江端線
分田改善センター前,阿賀野市,"江端線, 千唐仁線, 分田線"
金沢団地東,さくら交通（株）,秋葉区路線バス（下新線）
上江端センター前,阿賀野市,江端線
分田五［農機具格納庫前］,阿賀野市,千唐仁線
上綱木入口,阿賀町,三川駅〜赤谷コミュニティーワゴン
金沢団地西,さくら交通（株）,秋葉区路線バス（下新線）
松山,新潟交通観光バス（株）,"巻駅前-間手橋・稲島・大原-角田妙光寺入口線, 巻-横山バイパス・大原ー海水浴場線"
貝喰,阿賀野市,大室線
新大日,阿賀野市,折居大日線
小戸三方,新潟交通観光バス（株）,"潟東・白根-臼井-新津線, SW2→SW2　新津駅-臼井-白根-臼井-新津駅, SW2→SW4　新津駅-臼井-白根-矢代田-新津駅, SW4→SW2　新津駅-矢代田-白根-臼井-新津駅"
上江端二［神明社前］,阿賀野市,江端線
北田中,新潟交通観光バス（株）,"W70M　大野・白根線＜（快速）白根・大野仲町・学校町経由＞　新潟駅前ゆき, W70　大野・白根線＜白根・大野仲町経由＞　新潟駅前ゆき, W73　大野・白根線＜江南高校前経由＞　新潟駅南口ゆき, W74　大野・白根線＜（急行）県庁前・古町経由＞　新潟駅前ゆき"
本町三丁目,新潟交通観光バス（株）,"五泉-大関-新津線, 潟東・白根-矢代田-新津線, SW4→SW4　新津駅-矢代田-白根-矢代田-新津駅, SW4→SW2　新津駅-矢代田-白根-臼井-新津駅"
本町三丁目,泉観光バス（株）,金津線
本町三丁目,新潟市,秋葉区　区バス　新津駅西口から新津駅東口
分田五［JA分田支店前］,阿賀野市,"江端線, 分田線"
下赤渋,新潟市,"南区　区バス　大鷲ルート, 南区　区バス　白根・さつき野駅ルート"
高井東,新潟市,"南区　区バス　北部ルート, 南区　区バス　白根・さつき野駅ルート"
海水浴場入口,新潟交通観光バス（株）,巻-横山バイパス・大原ー海水浴場線
上江端一,阿賀野市,江端線
大鹿宮前,新潟交通観光バス（株）,"潟東・白根-臼井-新津線, SW2→SW2　新津駅-臼井-白根-臼井-新津駅, SW2→SW4　新津駅-臼井-白根-矢代田-新津駅, SW4→SW2　新津駅-矢代田-白根-臼井-新津駅"
寺社（柴田屋商店街前）,阿賀野市,寺社線
本町四丁目,泉観光バス（株）,金津線
本町四丁目,新潟市,秋葉区　区バス　新津駅西口から新津駅東口
本町四丁目,新潟交通観光バス（株）,"五泉-大関-新津線, 潟東・白根-矢代田-新津線"
大鹿,新潟交通観光バス（株）,"潟東・白根-臼井-新津線, SW2→SW2　新津駅-臼井-白根-臼井-新津駅, SW2→SW4　新津駅-臼井-白根-矢代田-新津駅, SW4→SW2　新津駅-矢代田-白根-臼井-新津駅"
上綱木農協前,阿賀町,三川駅〜赤谷コミュニティーワゴン
小合東小学校前,新潟交通観光バス（株）,"潟東・白根-臼井-新津線, SW2→SW2　新津駅-臼井-白根-臼井-新津駅, SW2→SW4　新津駅-臼井-白根-矢代田-新津駅, SW4→SW2　新津駅-矢代田-白根-臼井-新津駅"
北田中,新潟交通（株）,大野・白根線
大鹿寺前,新潟交通観光バス（株）,"潟東・白根-臼井-新津線, SW2→SW2　新津駅-臼井-白根-臼井-新津駅, SW2→SW4　新津駅-臼井-白根-矢代田-新津駅, SW4→SW2　新津駅-矢代田-白根-臼井-新津駅"
下西笠巻,新潟市,"南区　区バス　大鷲ルート, 南区　区バス　白根・さつき野駅ルート"
新津温泉前,新潟交通観光バス（株）,五泉-大関-新津線
山谷,新潟交通（株）,亀田・横越線
山谷,新潟交通観光バス（株）,"S94　万代シテイ-沢海-秋葉区役所前, S96　万代シテイ-二本木-秋葉区役所前, 潟東・白根-臼井-新津線, SW2→SW2　新津駅-臼井-白根-臼井-新津駅, SW2→SW4　新津駅-臼井-白根-矢代田-新津駅, SW4→SW2　新津駅-矢代田-白根-臼井-新津駅"
天神,新潟交通観光バス（株）,"潟東・白根-臼井-新津線, SW2→SW2　新津駅-臼井-白根-臼井-新津駅, SW2→SW4　新津駅-臼井-白根-矢代田-新津駅, SW4→SW2　新津駅-矢代田-白根-臼井-新津駅"
滝谷本町,新潟交通観光バス（株）,五泉-大関-新津線
山先,新潟交通観光バス（株）,五泉-大関-新津線
寺社,新潟交通（株）,亀田・横越線
寺社,新潟交通観光バス（株）,"S93急（急行）万代シテイ-曙町-保田車庫前, 五泉高校・旧五泉車庫線, 阿賀野市役所〜保田〜石間中線"
小合農協前,新潟交通観光バス（株）,"潟東・白根-臼井-新津線, SW2→SW2　新津駅-臼井-白根-臼井-新津駅, SW2→SW4　新津駅-臼井-白根-矢代田-新津駅, SW4→SW2　新津駅-矢代田-白根-臼井-新津駅"
上綱木,阿賀町,"三川地域　福祉バス綱木（白崎方面〜診療所みかわ〜やまぶきの里）, 三川駅〜赤谷コミュニティーワゴン"
蕨曽根,新潟交通（株）,鳥屋野線
蕨曽根,新潟交通観光バス（株）,S2　鳥屋野線
寺社三,阿賀野市,寺社線
吉江,新潟交通（株）,味方線
吉江,新潟交通観光バス（株）,"W80　味方・月潟線＜大野仲町・味方経由＞　月潟ゆき, W81　味方・月潟線＜大野仲町・木場・味方経由＞　潟東営業所ゆき"
分田七［塚野酒店前］,阿賀野市,"江端線, 分田線"
古田二丁目,新潟市,秋葉区　区バス　新津駅西口から新津駅東口
大日,阿賀野市,折居大日線
二本松,阿賀野市,"安田地域循環線A線, 大室線"
分田八下,阿賀野市,千唐仁線
根岸,新潟市,"南区　区バス　北部ルート, 南区　区バス　白根・さつき野駅ルート"
ショッピングセンターパルス前,新潟市,秋葉区　区バス　新津駅西口から新津駅東口
分田八上,阿賀野市,千唐仁線
根岸,新潟交通（株）,大野・白根線
根岸,新潟交通観光バス（株）,"W70M　大野・白根線＜（快速）白根・大野仲町・学校町経由＞　新潟駅前ゆき, W70　大野・白根線＜白根・大野仲町経由＞　新潟駅前ゆき, W73　大野・白根線＜江南高校前経由＞　新潟駅南口ゆき, W74　大野・白根線＜（急行）県庁前・古町経由＞　新潟駅前ゆき"
中西笠巻,新潟市,南区　区バス　大鷲ルート
新津医療センター病院前,新潟市,秋葉区　区バス　新津駅西口から新津駅東口
秋葉一丁目,新潟交通観光バス（株）,五泉-大関-新津線
滝谷入口,新潟交通観光バス（株）,五泉-大関-新津線
分田七［2］,阿賀野市,"江端線, 分田線"
新郷屋,さくら交通（株）,秋葉区路線バス（下新線）
寺社二,阿賀野市,寺社線
田家寺前,泉観光バス（株）,金津線
田家寺前,新潟交通観光バス（株）,"潟東・白根-矢代田-新津線, SW2→SW4　新津駅-臼井-白根-矢代田-新津駅, SW4→SW4　新津駅-矢代田-白根-矢代田-新津駅, SW4→SW2　新津駅-矢代田-白根-臼井-新津駅"
田家寺前,新潟市,秋葉区　区バス　新津駅西口から新津駅東口
上寺社,新潟交通（株）,亀田・横越線
上寺社,新潟交通観光バス（株）,"S93急（急行）万代シテイ-曙町-保田車庫前, 五泉高校・旧五泉車庫線, 阿賀野市役所〜保田〜石間中線"
中綱木,阿賀町,三川駅〜赤谷コミュニティーワゴン
秋葉区文化会館前,新潟市,秋葉区　区バス　新津駅西口から新津駅東口
滝谷,新潟交通観光バス（株）,五泉-大関-新津線
川根,新潟交通観光バス（株）,"潟東・白根-臼井-新津線, SW2→SW2　新津駅-臼井-白根-臼井-新津駅, SW2→SW4　新津駅-臼井-白根-矢代田-新津駅, SW4→SW2　新津駅-矢代田-白根-臼井-新津駅"
味方学校前,新潟交通（株）,味方線
味方学校前,新潟交通観光バス（株）,"W80　味方・月潟線＜大野仲町・味方経由＞　月潟ゆき, W81　味方・月潟線＜大野仲町・木場・味方経由＞　潟東営業所ゆき"
田家一丁目,新潟市,秋葉区　区バス　新津駅西口から新津駅東口
秋葉区役所・総合体育館前,新潟市,秋葉区　区バス　新津駅西口から新津駅東口
秋葉区役所前,新潟交通（株）,亀田・横越線
秋葉区役所前,新潟交通観光バス（株）,"S94　万代シテイ-沢海-秋葉区役所前, S96　万代シテイ-二本木-秋葉区役所前"
滝谷入口,新潟交通観光バス（株）,五泉-大関-新津線
上西笠巻,新潟市,南区　区バス　大鷲ルート
千都ハイツ前,阿賀野市,寺社線
寺社二［国道東側］,阿賀野市,寺社線
布目,新潟交通観光バス（株）,"巻駅前-間手橋・稲島・大原-角田妙光寺入口線, 巻-横山バイパス・大原ー海水浴場線"
滝谷,新潟交通観光バス（株）,五泉-大関-新津線
三ヶ宇（北）,新潟市,"南区　区バス　北部ルート, 南区　区バス　白根・さつき野駅ルート"
保坂,新潟交通（株）,大野・白根線
保坂,新潟交通観光バス（株）,"W70M　大野・白根線＜（快速）白根・大野仲町・学校町経由＞　新潟駅前ゆき, W70　大野・白根線＜白根・大野仲町経由＞　新潟駅前ゆき, W73　大野・白根線＜江南高校前経由＞　新潟駅南口ゆき, W74　大野・白根線＜（急行）県庁前・古町経由＞　新潟駅前ゆき"
新座下,阿賀野市,千唐仁線
旧安田高校前,阿賀野市,寺社線
小合小学校前,新潟交通観光バス（株）,"潟東・白根-臼井-新津線, SW2→SW2　新津駅-臼井-白根-臼井-新津駅, SW2→SW4　新津駅-臼井-白根-矢代田-新津駅, SW4→SW2　新津駅-矢代田-白根-臼井-新津駅"
羽多屋,阿賀野市,安田地域循環線A線
新座集会所前,阿賀野市,千唐仁線
程島ショッピングセンター前,新潟市,秋葉区　区バス　新津駅西口から新津駅東口
三ヶ宇,新潟市,"南区　区バス　北部ルート, 南区　区バス　白根・さつき野駅ルート"
田家,泉観光バス（株）,金津線
田家,新潟交通観光バス（株）,"潟東・白根-矢代田-新津線, SW2→SW4　新津駅-臼井-白根-矢代田-新津駅, SW4→SW4　新津駅-矢代田-白根-矢代田-新津駅, SW4→SW2　新津駅-矢代田-白根-臼井-新津駅"
めんつう本社脇,阿賀野市,寺社線
東福寺前,新潟市,南区　区バス　大鷲ルート
庵地小路［丸三安田瓦工業前］,阿賀野市,寺社線
嶋瀬,阿賀野市,"江端線, 千唐仁線, 分田線"
中山［THK前］,阿賀野市,安田地域循環線A線
出戸,新潟交通観光バス（株）,"潟東・白根-臼井-新津線, SW2→SW2　新津駅-臼井-白根-臼井-新津駅, SW2→SW4　新津駅-臼井-白根-矢代田-新津駅, SW4→SW2　新津駅-矢代田-白根-臼井-新津駅"
草水,新潟交通観光バス（株）,五泉-大関-新津線
得雲荘前,新潟交通観光バス（株）,"巻駅前-間手橋・稲島・大原-角田妙光寺入口線, 巻-横山バイパス・大原ー海水浴場線"
タウン403前,新潟市,秋葉区　区バス　新津駅西口から新津駅東口
大曲,新潟交通（株）,亀田・横越線
大曲,新潟交通観光バス（株）,"S93急（急行）万代シテイ-曙町-保田車庫前, 五泉高校・旧五泉車庫線, 阿賀野市役所〜保田〜石間中線"
臼井仲町,新潟交通観光バス（株）,"潟東・白根-臼井-新津線, SW2→SW2　新津駅-臼井-白根-臼井-新津駅, SW2→SW4　新津駅-臼井-白根-矢代田-新津駅, SW4→SW2　新津駅-矢代田-白根-臼井-新津駅"
市新,さくら交通（株）,秋葉区路線バス（下新線）
物見山団地,阿賀野市,寺社線
庵地［加藤園芸前］,阿賀野市,"安田地域循環線A線, 大室線"
小蔵子三方,新潟交通観光バス（株）,"潟東・白根-臼井-新津線, SW2→SW2　新津駅-臼井-白根-臼井-新津駅, SW2→SW4　新津駅-臼井-白根-矢代田-新津駅, SW4→SW2　新津駅-矢代田-白根-臼井-新津駅"
小蔵子三方,新潟市,南区　区バス　大鷲ルート
子成場,新潟交通（株）,鳥屋野線
子成場,新潟交通観光バス（株）,"S2　鳥屋野線, 潟東・白根-臼井-新津線, SW2→SW2　新津駅-臼井-白根-臼井-新津駅, SW2→SW4　新津駅-臼井-白根-矢代田-新津駅, SW4→SW2　新津駅-矢代田-白根-臼井-新津駅"
籠田集会所前,阿賀野市,安田地域循環線A線
神屋,新潟市,"南区　区バス　北部ルート, 南区　区バス　白根・さつき野駅ルート"
味方下,新潟交通（株）,味方線
味方下,新潟交通観光バス（株）,"W80　味方・月潟線＜大野仲町・味方経由＞　月潟ゆき, W81　味方・月潟線＜大野仲町・木場・味方経由＞　潟東営業所ゆき"
臼井南,新潟交通観光バス（株）,"潟東・白根-臼井-新津線, SW2→SW2　新津駅-臼井-白根-臼井-新津駅, SW2→SW4　新津駅-臼井-白根-矢代田-新津駅, SW4→SW2　新津駅-矢代田-白根-臼井-新津駅"
千唐仁集会所前,阿賀野市,"千唐仁線, 分田線"
程島,泉観光バス（株）,金津線
程島,新潟交通観光バス（株）,"潟東・白根-矢代田-新津線, SW2→SW4　新津駅-臼井-白根-矢代田-新津駅, SW4→SW4　新津駅-矢代田-白根-矢代田-新津駅, SW4→SW2　新津駅-矢代田-白根-臼井-新津駅"
中山,阿賀野市,安田地域循環線A線
ツベタ,阿賀野市,安田地域循環線A線
高坪,新潟交通観光バス（株）,五泉-大関-新津線
朝捲,新潟交通観光バス（株）,"潟東・白根-臼井-新津線, SW2→SW2　新津駅-臼井-白根-臼井-新津駅, SW2→SW4　新津駅-臼井-白根-矢代田-新津駅, SW4→SW2　新津駅-矢代田-白根-臼井-新津駅"
朝捲,新潟市,南区　区バス　大鷲ルート
小浮本村下［県道沿い］,阿賀野市,千唐仁線
庵地小路［めんつうテクノ前］,阿賀野市,寺社線
仁箇,新潟交通観光バス（株）,"巻駅前-間手橋・稲島・大原-角田妙光寺入口線, 巻-横山バイパス・大原ー海水浴場線"
コミセンツベタ前,阿賀野市,安田地域循環線A線
下綱木,阿賀町,"三川地域　福祉バス綱木（白崎方面〜診療所みかわ〜やまぶきの里）, 三川駅〜赤谷コミュニティーワゴン"
小浮本村下［五十嵐理容店前］,阿賀野市,"江端線, 分田線"
小屋場,新潟市,秋葉区　区バス　新津駅西口から新津駅東口
千唐仁,阿賀野市,千唐仁線
浦興野,新潟交通（株）,鳥屋野線
浦興野,新潟交通観光バス（株）,S2　鳥屋野線
安田温泉やすらぎ前,阿賀野市,寺社線
中村,泉観光バス（株）,金津線
中村,新潟交通観光バス（株）,"潟東・白根-矢代田-新津線, SW2→SW4　新津駅-臼井-白根-矢代田-新津駅, SW4→SW4　新津駅-矢代田-白根-矢代田-新津駅, SW4→SW2　新津駅-矢代田-白根-臼井-新津駅"
野田センター前,阿賀野市,千唐仁線
庵地［五十嵐瓦工業前］,阿賀野市,"安田地域循環線A線, 寺社線, 大室線"
阿賀野病院前,阿賀野市,安田地域循環線A線
一ノ堰,新潟交通観光バス（株）,五泉-大関-新津線
十五間,新潟市,"南区　区バス　北部ルート, 南区　区バス　白根・さつき野駅ルート"
小浮本村上［鈴木商店前］,阿賀野市,"江端線, 分田線"
十五間,新潟交通（株）,大野・白根線
十五間,新潟交通観光バス（株）,"W70M　大野・白根線＜（快速）白根・大野仲町・学校町経由＞　新潟駅前ゆき, W70　大野・白根線＜白根・大野仲町経由＞　新潟駅前ゆき, W73　大野・白根線＜江南高校前経由＞　新潟駅南口ゆき, W74　大野・白根線＜（急行）県庁前・古町経由＞　新潟駅前ゆき"
千刈町,阿賀野市,千唐仁線
福永［福永橋寄り］,阿賀野市,安田地域循環線A線
岩野,阿賀野市,安田地域循環線A線
千刈団地前,新潟交通（株）,亀田・横越線
千刈団地前,新潟交通観光バス（株）,"S93急（急行）万代シテイ-曙町-保田車庫前, 五泉高校・旧五泉車庫線, 阿賀野市役所〜保田〜石間中線"
旧大和小学校入口,阿賀野市,"江端線, 分田線"
旧山手小学校前,阿賀野市,安田地域循環線A線
庵地［猿田彦神社前］,阿賀野市,"寺社線, 大室線, 分田線"
健康センター前,新潟交通（株）,味方線
健康センター前,新潟交通観光バス（株）,"W80　味方・月潟線＜大野仲町・味方経由＞　月潟ゆき, W81　味方・月潟線＜大野仲町・木場・味方経由＞　潟東営業所ゆき"
鯵潟,新潟市,"南区　区バス　北部ルート, 南区　区バス　白根・さつき野駅ルート"
稲島,新潟交通観光バス（株）,巻駅前-間手橋・稲島・大原-角田妙光寺入口線
浦町,阿賀野市,千唐仁線
東島,泉観光バス（株）,金津線
東島,新潟交通観光バス（株）,"潟東・白根-矢代田-新津線, SW2→SW4　新津駅-臼井-白根-矢代田-新津駅, SW4→SW4　新津駅-矢代田-白根-矢代田-新津駅, SW4→SW2　新津駅-矢代田-白根-臼井-新津駅"
東島,新潟市,秋葉区　区バス　新津駅西口から新津駅東口
下新,さくら交通（株）,秋葉区路線バス（下新線）
安田小学校前,阿賀野市,"安田地域循環線A線, 安田地域循環線B線, 寺社線, 大室線"
吉田東伍記念博物館前,阿賀野市,"安田地域循環線A線, 安田地域循環線B線, 寺社線, 大室線"
横山,新潟交通観光バス（株）,"巻駅前-間手橋・稲島・大原-角田妙光寺入口線, 巻-横山バイパス・大原ー海水浴場線"
福永［消防車庫前］,阿賀野市,安田地域循環線A線
鯵潟陽向台,新潟交通（株）,大野・白根線
鯵潟陽向台,新潟交通観光バス（株）,"W70M　大野・白根線＜（快速）白根・大野仲町・学校町経由＞　新潟駅前ゆき, W70　大野・白根線＜白根・大野仲町経由＞　新潟駅前ゆき, W73　大野・白根線＜江南高校前経由＞　新潟駅南口ゆき, W74　大野・白根線＜（急行）県庁前・古町経由＞　新潟駅前ゆき"
小浮新田下,阿賀野市,"江端線, 分田線"
安田公民館入口,阿賀野市,"安田地域循環線A線, 安田地域循環線B線"
住吉公民館前,阿賀野市,分田線
保田四ツ角,新潟交通（株）,亀田・横越線
保田四ツ角,新潟交通観光バス（株）,"S93急（急行）万代シテイ-曙町-保田車庫前, 五泉高校・旧五泉車庫線, 阿賀野市役所〜保田〜石間中線"
笹川邸入口,新潟交通（株）,味方線
笹川邸入口,新潟交通観光バス（株）,"W80　味方・月潟線＜大野仲町・味方経由＞　月潟ゆき, W81　味方・月潟線＜大野仲町・木場・味方経由＞　潟東営業所ゆき"
保田,阿賀野市,"千唐仁線, 分田線"
小口,新潟交通観光バス（株）,五泉-大関-新津線
片町,阿賀野市,分田線
六軒町,阿賀野市,"江端線, 分田線"
小浮新田上,阿賀野市,"江端線, 分田線"
丸山十字路,阿賀野市,安田地域循環線A線
下古川,新潟交通観光バス（株）,"潟東・白根-臼井-新津線, SW2→SW2　新津駅-臼井-白根-臼井-新津駅, SW2→SW4　新津駅-臼井-白根-矢代田-新津駅, SW4→SW2　新津駅-矢代田-白根-臼井-新津駅"
下古川,新潟市,南区　区バス　大鷲ルート
梅ノ木,新潟市,秋葉区　区バス　新津駅西口から新津駅東口
安田支所,阿賀野市,"安田地域循環線A線, 安田地域循環線B線, 江端線, 寺社線, 千唐仁線, 大室線, 分田線"
朝日,泉観光バス（株）,金津線
朝日,新潟交通観光バス（株）,"潟東・白根-矢代田-新津線, SW2→SW4　新津駅-臼井-白根-矢代田-新津駅, SW4→SW4　新津駅-矢代田-白根-矢代田-新津駅, SW4→SW2　新津駅-矢代田-白根-臼井-新津駅"
朝日・新潟薬科大学入口,新潟市,秋葉区　区バス　新津駅西口から新津駅東口
保田横町,新潟交通（株）,亀田・横越線
保田横町,新潟交通観光バス（株）,"S93急（急行）万代シテイ-曙町-保田車庫前, 五泉高校・旧五泉車庫線, 阿賀野市役所〜保田〜石間中線"
四ツ興野上,新潟市,"南区　区バス　北部ルート, 南区　区バス　白根・さつき野駅ルート"
安田郵便局前,阿賀野市,"安田地域循環線B線, 江端線, 大室線"
大関,新潟交通観光バス（株）,五泉-大関-新津線
福永,阿賀野市,安田地域循環線A線
朝日橋,泉観光バス（株）,金津線
白根農協前,新潟交通（株）,大野・白根線
白根農協前,新潟交通観光バス（株）,"W70M　大野・白根線＜（快速）白根・大野仲町・学校町経由＞　新潟駅前ゆき, W70　大野・白根線＜白根・大野仲町経由＞　新潟駅前ゆき, W73　大野・白根線＜江南高校前経由＞　新潟駅南口ゆき, W74　大野・白根線＜（急行）県庁前・古町経由＞　新潟駅前ゆき"
竜下,阿賀野市,"安田地域循環線B線, 寺社線"
丸山,阿賀野市,安田地域循環線A線
浦浜,ウエスト観光バス（株）,浦浜線6-1・6-2・6-3・6-4
七軒町,新潟市,"南区　区バス　北部ルート, 南区　区バス　白根・さつき野駅ルート"
下学校町集会所前,阿賀野市,"安田地域循環線B線, 寺社線"
横町,阿賀野市,"安田地域循環線B線, 江端線, 大室線"
下興野,新潟交通（株）,鳥屋野線
（小須戸）下興野,新潟交通観光バス（株）,S2　鳥屋野線
保田学校前,新潟交通（株）,亀田・横越線
保田学校前,新潟交通観光バス（株）,"S93急（急行）万代シテイ-曙町-保田車庫前, 五泉高校・旧五泉車庫線, 阿賀野市役所〜保田〜石間中線"
古津駅前,新潟交通観光バス（株）,"潟東・白根-矢代田-新津線, SW2→SW4　新津駅-臼井-白根-矢代田-新津駅, SW4→SW4　新津駅-矢代田-白根-矢代田-新津駅, SW4→SW2　新津駅-矢代田-白根-臼井-新津駅"
古津駅前,新潟市,秋葉区　区バス　新津駅西口から新津駅東口
竹野町下,新潟交通観光バス（株）,"巻駅前-間手橋・稲島・大原-角田妙光寺入口線, 巻-横山バイパス・大原ー海水浴場線"
安田中学校前,阿賀野市,"安田地域循環線A線, 江端線, 寺社線, 千唐仁線, 分田線"
白根下,新潟交通（株）,味方線
白根下,新潟交通観光バス（株）,"W80　味方・月潟線＜大野仲町・味方経由＞　月潟ゆき, W81　味方・月潟線＜大野仲町・木場・味方経由＞　潟東営業所ゆき"
朝日観音入口,泉観光バス（株）,金津線
古川三方,新潟交通観光バス（株）,"潟東・白根-臼井-新津線, SW2→SW2　新津駅-臼井-白根-臼井-新津駅, SW2→SW4　新津駅-臼井-白根-矢代田-新津駅, SW4→SW2　新津駅-矢代田-白根-臼井-新津駅"
古川三方,新潟市,南区　区バス　大鷲ルート
竹野町農協前,新潟交通観光バス（株）,巻駅前-間手橋・稲島・大原-角田妙光寺入口線
上古川,新潟交通観光バス（株）,"潟東・白根-臼井-新津線, SW2→SW2　新津駅-臼井-白根-臼井-新津駅, SW2→SW4　新津駅-臼井-白根-矢代田-新津駅, SW4→SW2　新津駅-矢代田-白根-臼井-新津駅"
上古川,新潟市,南区　区バス　大鷲ルート
竜玄,新潟市,秋葉区　区バス　新津駅西口から新津駅東口
中南郷,阿賀野市,大室線
沢田センター前,阿賀野市,"安田地域循環線B線, 寺社線"
おおや整形外科前,新潟市,南区バス　まちなか循環ルート　ぐるりん号
金津コミセン前,新潟市,秋葉区　区バス　新津駅西口から新津駅東口
能登一丁目,新潟市,"南区　区バス　北部ルート, 南区　区バス　白根・さつき野駅ルート, 南区バス　まちなか循環ルート　ぐるりん号"
消防署前,新潟交通観光バス（株）,巻-横山バイパス・大原ー海水浴場線
能登（東）,新潟市,南区バス　まちなか循環ルート　ぐるりん号
古川宮前,新潟交通観光バス（株）,"潟東・白根-臼井-新津線, SW2→SW2　新津駅-臼井-白根-臼井-新津駅, SW2→SW4　新津駅-臼井-白根-矢代田-新津駅, SW4→SW2　新津駅-矢代田-白根-臼井-新津駅"
古川宮前,新潟市,南区　区バス　大鷲ルート
竹野町中,新潟交通観光バス（株）,巻駅前-間手橋・稲島・大原-角田妙光寺入口線
新関駅前,新潟交通観光バス（株）,五泉-大関-新津線
イオン白根店前,新潟交通観光バス（株）,新潟市南区　月潟住民バス
イオン白根店前,新潟市,"南区　区バス　北部ルート, 南区　区バス　大鷲ルート, 南区　区バス　新飯田・茨曽根ルート, 南区　区バス　白根・さつき野駅ルート, 南区　区バス　庄瀬ルート, 南区バス　まちなか循環ルート　ぐるりん号"
能登,新潟交通（株）,大野・白根線
能登,新潟交通観光バス（株）,"W70M　大野・白根線＜（快速）白根・大野仲町・学校町経由＞　新潟駅前ゆき, W70　大野・白根線＜白根・大野仲町経由＞　新潟駅前ゆき, W73　大野・白根線＜江南高校前経由＞　新潟駅南口ゆき, W74　大野・白根線＜（急行）県庁前・古町経由＞　新潟駅前ゆき, 潟東・白根-臼井-新津線, 潟東・白根-矢代田-新津線, SW2→SW2　新津駅-臼井-白根-臼井-新津駅, SW2→SW4　新津駅-臼井-白根-矢代田-新津駅, SW4→SW4　新津駅-矢代田-白根-矢代田-新津駅, SW4→SW2　新津駅-矢代田-白根-臼井-新津駅, 白根-庄瀬-加茂線, 新潟市南区　月潟住民バス"
能登,新潟市,"南区　区バス　北部ルート, 南区　区バス　大鷲ルート, 南区　区バス　新飯田・茨曽根ルート, 南区　区バス　白根・さつき野駅ルート, 南区　区バス　庄瀬ルート"
砂山センター前,阿賀野市,"安田地域循環線B線, 大室線"
宝珠温泉あかまつ荘,阿賀野市,"安田地域循環線A線, 江端線, 寺社線, 千唐仁線, 大室線, 分田線"
白根東町一丁目,新潟市,南区バス　まちなか循環ルート　ぐるりん号
保田車庫前,新潟交通（株）,亀田・横越線
保田車庫前,新潟交通観光バス（株）,"S93急（急行）万代シテイ-曙町-保田車庫前, 五泉高校・旧五泉車庫線"
原町,新潟交通観光バス（株）,阿賀野市役所〜保田〜石間中線
桔梗ヶ丘,新潟交通観光バス（株）,巻-横山バイパス・大原ー海水浴場線
かさはらクリニック前,新潟市,南区バス　まちなか循環ルート　ぐるりん号
原町センター前,阿賀野市,安田地域循環線A線
古川宮前（南）,新潟市,南区バス　まちなか循環ルート　ぐるりん号
うららこすど,新潟市,秋葉区　区バス　新津駅西口から新津駅東口
魚町,新潟交通（株）,大野・白根線
魚町,新潟交通観光バス（株）,"W70M　大野・白根線＜（快速）白根・大野仲町・学校町経由＞　新潟駅前ゆき, W70　大野・白根線＜白根・大野仲町経由＞　新潟駅前ゆき, W73　大野・白根線＜江南高校前経由＞　新潟駅南口ゆき, W74　大野・白根線＜（急行）県庁前・古町経由＞　新潟駅前ゆき, 潟東・白根-臼井-新津線, 潟東・白根-矢代田-新津線, SW2→SW2　新津駅-臼井-白根-臼井-新津駅, SW2→SW4　新津駅-臼井-白根-矢代田-新津駅, SW4→SW4　新津駅-矢代田-白根-矢代田-新津駅, SW4→SW2　新津駅-矢代田-白根-臼井-新津駅, 白根-庄瀬-加茂線, 新潟市南区　月潟住民バス"
魚町,新潟市,"南区　区バス　大鷲ルート, 南区　区バス　新飯田・茨曽根ルート, 南区　区バス　庄瀬ルート, 南区バス　まちなか循環ルート　ぐるりん号"
南区役所,新潟交通観光バス（株）,新潟市南区　月潟住民バス
南区役所,新潟市,"南区　区バス　北部ルート, 南区　区バス　大鷲ルート, 南区　区バス　新飯田・茨曽根ルート, 南区　区バス　白根・さつき野駅ルート, 南区　区バス　庄瀬ルート, 南区バス　まちなか循環ルート　ぐるりん号"
白根さいとう眼科前,新潟市,南区バス　まちなか循環ルート　ぐるりん号
外谷,阿賀野市,"安田地域循環線B線, 寺社線"
にししろね保育園前,新潟交通（株）,味方線
にししろね保育園前,新潟交通観光バス（株）,"W80　味方・月潟線＜大野仲町・味方経由＞　月潟ゆき, W81　味方・月潟線＜大野仲町・木場・味方経由＞　潟東営業所ゆき"
馬場内科前,新潟市,南区バス　まちなか循環ルート　ぐるりん号
窪田団地前,新潟交通観光バス（株）,五泉-大関-新津線
サントピアワールド前,阿賀野市,寺社線
安田新栄町団地,阿賀野市,"安田地域循環線B線, 大室線"
新潟市美術館入口,新潟交通観光バス（株）,"潟東・白根-矢代田-新津線, SW2→SW4　新津駅-臼井-白根-矢代田-新津駅, SW4→SW4　新津駅-矢代田-白根-矢代田-新津駅, SW4→SW2　新津駅-矢代田-白根-臼井-新津駅"
白根小学校入口,新潟市,南区バス　まちなか循環ルート　ぐるりん号
新栄町,新潟交通観光バス（株）,五泉高校・旧五泉車庫線
竹野町,新潟交通観光バス（株）,巻駅前-間手橋・稲島・大原-角田妙光寺入口線
白根小学校前,新潟交通観光バス（株）,"潟東・白根-臼井-新津線, 潟東・白根-矢代田-新津線, SW2→SW2　新津駅-臼井-白根-臼井-新津駅, SW2→SW4　新津駅-臼井-白根-矢代田-新津駅, SW4→SW4　新津駅-矢代田-白根-矢代田-新津駅, SW4→SW2　新津駅-矢代田-白根-臼井-新津駅, 白根-庄瀬-加茂線"
久保［西潟板金店前］,阿賀野市,安田地域循環線A線
うでこき,新潟交通（株）,鳥屋野線
うでこき,新潟交通観光バス（株）,S2　鳥屋野線
巻郷土資料館前,新潟交通観光バス（株）,巻-横山バイパス・大原ー海水浴場線
古岐入口,新潟交通観光バス（株）,三川駅-三川温泉-古岐線
古岐入口,阿賀町,三川駅〜赤谷コミュニティーワゴン
新谷入口,新潟交通観光バス（株）,三川駅-三川温泉-古岐線
新谷入口,阿賀町,"三川地域　福祉バス綱木（白崎方面〜診療所みかわ〜やまぶきの里）, 三川駅〜赤谷コミュニティーワゴン"
白根高校前,新潟交通観光バス（株）,"潟東・白根-矢代田-新津線, SW2→SW4　新津駅-臼井-白根-矢代田-新津駅, SW4→SW4　新津駅-矢代田-白根-矢代田-新津駅, SW4→SW2　新津駅-矢代田-白根-臼井-新津駅"
白根高校前,新潟市,"南区　区バス　北部ルート, 南区　区バス　白根・さつき野駅ルート, 南区　区バス　庄瀬ルート, 南区バス　まちなか循環ルート　ぐるりん号"
蓑口,新潟交通観光バス（株）,"潟東・白根-臼井-新津線, 潟東・白根-矢代田-新津線, SW2→SW2　新津駅-臼井-白根-臼井-新津駅, SW2→SW4　新津駅-臼井-白根-矢代田-新津駅, SW4→SW4　新津駅-矢代田-白根-矢代田-新津駅, SW4→SW2　新津駅-矢代田-白根-臼井-新津駅"
蓑口,新潟市,"南区　区バス　北部ルート, 南区　区バス　白根・さつき野駅ルート, 南区　区バス　庄瀬ルート"
川手,阿賀野市,"安田地域循環線B線, 大室線"
古岐,新潟交通観光バス（株）,三川駅-三川温泉-古岐線
古岐,阿賀町,"三川地域　福祉バス綱木（白崎方面〜診療所みかわ〜やまぶきの里）, 三川駅〜赤谷コミュニティーワゴン"
五の町,新潟交通（株）,大野・白根線
五の町,新潟交通観光バス（株）,"W70M　大野・白根線＜（快速）白根・大野仲町・学校町経由＞　新潟駅前ゆき, W70　大野・白根線＜白根・大野仲町経由＞　新潟駅前ゆき, W73　大野・白根線＜江南高校前経由＞　新潟駅南口ゆき, W74　大野・白根線＜（急行）県庁前・古町経由＞　新潟駅前ゆき, 潟東・白根-臼井-新津線, 潟東・白根-矢代田-新津線, SW2→SW2　新津駅-臼井-白根-臼井-新津駅, SW2→SW4　新津駅-臼井-白根-矢代田-新津駅, SW4→SW4　新津駅-矢代田-白根-矢代田-新津駅, SW4→SW2　新津駅-矢代田-白根-臼井-新津駅, 白根-庄瀬-加茂線, 新潟市南区　月潟住民バス"
五の町,新潟市,"南区　区バス　大鷲ルート, 南区　区バス　新飯田・茨曽根ルート, 南区　区バス　庄瀬ルート, 南区バス　まちなか循環ルート　ぐるりん号"
和泉,新潟交通観光バス（株）,"潟東・白根-矢代田-新津線, SW2→SW4　新津駅-臼井-白根-矢代田-新津駅, SW4→SW4　新津駅-矢代田-白根-矢代田-新津駅, SW4→SW2　新津駅-矢代田-白根-臼井-新津駅"
和泉,新潟市,南区　区バス　庄瀬ルート
うでこき,新潟市,秋葉区　区バス　新津駅西口から新津駅東口
割町,泉観光バス（株）,金津線
和泉（西）,新潟市,南区バス　まちなか循環ルート　ぐるりん号
中央通六（北）,新潟交通観光バス（株）,新潟市南区　月潟住民バス
中央通六（北）,新潟市,"南区　区バス　北部ルート, 南区　区バス　大鷲ルート, 南区　区バス　新飯田・茨曽根ルート, 南区　区バス　白根・さつき野駅ルート, 南区　区バス　庄瀬ルート"
白根中,新潟交通（株）,味方線
白根中,新潟交通観光バス（株）,"W80　味方・月潟線＜大野仲町・味方経由＞　月潟ゆき, W81　味方・月潟線＜大野仲町・木場・味方経由＞　潟東営業所ゆき"
美術館・植物園前,新潟市,秋葉区　区バス　新津駅西口から新津駅東口
中央通六,新潟交通観光バス（株）,"潟東・白根-臼井-新津線, 潟東・白根-矢代田-新津線, SW2→SW2　新津駅-臼井-白根-臼井-新津駅, SW2→SW4　新津駅-臼井-白根-矢代田-新津駅, SW4→SW4　新津駅-矢代田-白根-矢代田-新津駅, SW4→SW2　新津駅-矢代田-白根-臼井-新津駅"
中央通六,新潟市,"南区　区バス　北部ルート, 南区　区バス　白根・さつき野駅ルート, 南区　区バス　庄瀬ルート"
横町,新潟交通（株）,大野・白根線
横町,新潟交通観光バス（株）,"W70M　大野・白根線＜（快速）白根・大野仲町・学校町経由＞　新潟駅前ゆき, W70　大野・白根線＜白根・大野仲町経由＞　新潟駅前ゆき, W73　大野・白根線＜江南高校前経由＞　新潟駅南口ゆき, W74　大野・白根線＜（急行）県庁前・古町経由＞　新潟駅前ゆき, 潟東・白根-臼井-新津線, 潟東・白根-矢代田-新津線, SW2→SW2　新津駅-臼井-白根-臼井-新津駅, SW2→SW4　新津駅-臼井-白根-矢代田-新津駅, SW4→SW4　新津駅-矢代田-白根-矢代田-新津駅, SW4→SW2　新津駅-矢代田-白根-臼井-新津駅, 白根-茨曽根-新生町-燕線, 白根-月潟-新生町-燕線, 白根-漆山-巻線, 白根-庄瀬-加茂線"
横町,新潟市,"南区　区バス　大鷲ルート, 南区　区バス　庄瀬ルート"
北谷内,新潟交通観光バス（株）,"潟東・白根-矢代田-新津線, SW2→SW4　新津駅-臼井-白根-矢代田-新津駅, SW4→SW4　新津駅-矢代田-白根-矢代田-新津駅, SW4→SW2　新津駅-矢代田-白根-臼井-新津駅"
北谷内,新潟市,南区　区バス　庄瀬ルート
久保公民館前,阿賀野市,安田地域循環線A線
船越,新潟交通観光バス（株）,五泉-大関-新津線
巻高校前,新潟市,西蒲区バス　巻駅前〜巻高校前〜新飯田橋
皐月町,新潟市,南区バス　まちなか循環ルート　ぐるりん号
三の町,新潟交通観光バス（株）,"白根-茨曽根-新生町-燕線, 白根-月潟-新生町-燕線, 白根-漆山-巻線, 新潟市南区　月潟住民バス"
三の町,新潟市,"南区　区バス　新飯田・茨曽根ルート, 南区バス　まちなか循環ルート　ぐるりん号"
小須戸五丁目,新潟交通（株）,鳥屋野線
小須戸五丁目,新潟交通観光バス（株）,S2　鳥屋野線
久保,新潟交通観光バス（株）,阿賀野市役所〜保田〜石間中線
新谷,新潟交通観光バス（株）,三川駅-三川温泉-古岐線
新谷,阿賀町,"三川地域　福祉バス綱木（白崎方面〜診療所みかわ〜やまぶきの里）, 三川駅〜赤谷コミュニティーワゴン"
白根第一中学入口,新潟市,南区バス　まちなか循環ルート　ぐるりん号
南郷,新潟交通観光バス（株）,五泉高校・旧五泉車庫線
ガンギ屋前,新潟市,南区バス　まちなか循環ルート　ぐるりん号
職業安定所前,新潟交通観光バス（株）,巻-横山バイパス・大原ー海水浴場線
安田インター前,阿賀野市,"安田地域循環線B線, 大室線"
安田インター前,蒲原鉄道（株）,五泉・村松線
久保［消防車庫前］,阿賀野市,安田地域循環線A線
蒲ヶ沢,新潟交通観光バス（株）,"潟東・白根-矢代田-新津線, SW2→SW4　新津駅-臼井-白根-矢代田-新津駅, SW4→SW4　新津駅-矢代田-白根-矢代田-新津駅, SW4→SW2　新津駅-矢代田-白根-臼井-新津駅"
新潟白根総合病院,新潟交通観光バス（株）,新潟市南区　月潟住民バス
新潟白根総合病院,新潟市,"南区　区バス　北部ルート, 南区　区バス　大鷲ルート, 南区　区バス　新飯田・茨曽根ルート, 南区　区バス　白根・さつき野駅ルート, 南区　区バス　庄瀬ルート, 南区バス　まちなか循環ルート　ぐるりん号"
白根健生病院前,新潟交通観光バス（株）,白根-庄瀬-加茂線
小須戸四丁目,新潟交通（株）,鳥屋野線
小須戸四丁目,新潟交通観光バス（株）,S2　鳥屋野線
小須戸四丁目,新潟市,秋葉区　区バス　新津駅西口から新津駅東口
しろねカイトタウン前,新潟交通観光バス（株）,新潟市南区　月潟住民バス
しろねカイトタウン前,新潟市,"南区　区バス　北部ルート, 南区　区バス　大鷲ルート, 南区　区バス　新飯田・茨曽根ルート, 南区　区バス　庄瀬ルート, 南区バス　まちなか循環ルート　ぐるりん号"
間手橋,新潟交通観光バス（株）,巻駅前-間手橋・稲島・大原-角田妙光寺入口線
間手橋,ウエスト観光バス（株）,浦浜線6-1・6-2・6-3・6-4
白根上,新潟交通（株）,味方線
白根上,新潟交通観光バス（株）,"W80　味方・月潟線＜大野仲町・味方経由＞　月潟ゆき, W81　味方・月潟線＜大野仲町・木場・味方経由＞　潟東営業所ゆき"
塩谷,泉観光バス（株）,金津線
南小学校前,新潟交通観光バス（株）,巻駅前-間手橋・稲島・大原-角田妙光寺入口線
巻南小学校前,ウエスト観光バス（株）,浦浜線6-1・6-2・6-3・6-4
白根桜町,新潟交通（株）,大野・白根線
白根桜町,新潟交通観光バス（株）,"W70M　大野・白根線＜（快速）白根・大野仲町・学校町経由＞　新潟駅前ゆき, W70　大野・白根線＜白根・大野仲町経由＞　新潟駅前ゆき, W73　大野・白根線＜江南高校前経由＞　新潟駅南口ゆき, W74　大野・白根線＜（急行）県庁前・古町経由＞　新潟駅前ゆき, 潟東・白根-臼井-新津線, 潟東・白根-矢代田-新津線, 白根-茨曽根-新生町-燕線, 白根-月潟-新生町-燕線, 白根-漆山-巻線, 白根-庄瀬-加茂線"
旧赤坂小学校前,阿賀野市,安田地域循環線A線
番屋上,新潟交通観光バス（株）,白根-漆山-巻線
じょんのび館,ウエスト観光バス（株）,浦浜線6-1・6-2・6-3・6-4
下六野瀬,新潟交通観光バス（株）,阿賀野市役所〜保田〜石間中線
下条,新潟交通観光バス（株）,五泉-大関-新津線
鍋潟,新潟交通観光バス（株）,"潟東・白根-矢代田-新津線, SW2→SW4　新津駅-臼井-白根-矢代田-新津駅, SW4→SW4　新津駅-矢代田-白根-矢代田-新津駅, SW4→SW2　新津駅-矢代田-白根-臼井-新津駅"
南新町,新潟交通観光バス（株）,新潟市南区　月潟住民バス
南新町,新潟市,"南区　区バス　北部ルート, 南区　区バス　大鷲ルート, 南区　区バス　新飯田・茨曽根ルート, 南区　区バス　庄瀬ルート"
大原下,新潟交通観光バス（株）,白根-漆山-巻線
番屋下,新潟交通観光バス（株）,白根-漆山-巻線
堀山,新潟交通観光バス（株）,巻駅前-間手橋・稲島・大原-角田妙光寺入口線
堀山,新潟市,西蒲区バス　巻駅前〜巻高校前〜新飯田橋
堀山,ウエスト観光バス（株）,浦浜線6-1・6-2・6-3・6-4
一の町,新潟交通観光バス（株）,"白根-茨曽根-新生町-燕線, 白根-月潟-新生町-燕線, 白根-漆山-巻線, 新潟市南区　月潟住民バス"
一の町,新潟市,"南区　区バス　新飯田・茨曽根ルート, 南区バス　まちなか循環ルート　ぐるりん号"
小須戸二丁目,新潟交通（株）,鳥屋野線
小須戸二丁目,新潟交通観光バス（株）,S2　鳥屋野線
小須戸二丁目,新潟市,秋葉区　区バス　新津駅西口から新津駅東口
巻本町通,新潟交通観光バス（株）,"白根-漆山-巻線, 巻駅前-間手橋・稲島・大原-角田妙光寺入口線, 巻-横山バイパス・大原ー海水浴場線, 巻駅前-六分-新潟経営大学"
巻本町通,新潟市,西蒲区バス　巻駅前〜巻高校前〜新飯田橋
巻本町通,ウエスト観光バス（株）,"栄町線4-1・4-2, 間瀬線5-1・5-2・5-3・5-4, 浦浜線6-1・6-2・6-3・6-4"
東六区中央,新潟交通観光バス（株）,巻-横山バイパス・大原ー海水浴場線
白根カルチャーセンター,新潟市,"南区　区バス　北部ルート, 南区　区バス　大鷲ルート"
茨島,新潟交通観光バス（株）,白根-漆山-巻線
白根学習館,新潟交通観光バス（株）,新潟市南区　月潟住民バス
白根学習館,新潟市,"南区　区バス　北部ルート, 南区　区バス　大鷲ルート, 南区　区バス　新飯田・茨曽根ルート, 南区　区バス　庄瀬ルート, 南区バス　まちなか循環ルート　ぐるりん号"
小須戸一丁目,新潟交通観光バス（株）,"潟東・白根-矢代田-新津線, SW2→SW4　新津駅-臼井-白根-矢代田-新津駅, SW4→SW4　新津駅-矢代田-白根-矢代田-新津駅, SW4→SW2　新津駅-矢代田-白根-臼井-新津駅"
巻駅前,新潟交通観光バス（株）,"白根-漆山-巻線, 巻駅前-間手橋・稲島・大原-角田妙光寺入口線, 巻-横山バイパス・大原ー海水浴場線, 巻駅前-六分-新潟経営大学"
巻駅前,新潟市,西蒲区バス　巻駅前〜巻高校前〜新飯田橋
巻駅前,ウエスト観光バス（株）,"栄町線4-1・4-2, 間瀬線5-1・5-2・5-3・5-4, 浦浜線6-1・6-2・6-3・6-4"
赤坂工業団地前,阿賀野市,安田地域循環線B線
峰岡公民館前,ウエスト観光バス（株）,浦浜線6-1・6-2・6-3・6-4
三本木新田,新潟交通観光バス（株）,五泉-大関-新津線
大原上,新潟交通観光バス（株）,白根-漆山-巻線
福井,ウエスト観光バス（株）,浦浜線6-1・6-2・6-3・6-4
新保,阿賀野市,"安田地域循環線B線, 大室線"
新保,新潟交通観光バス（株）,五泉高校・旧五泉車庫線
諏訪ノ木,新潟交通観光バス（株）,"白根-茨曽根-新生町-燕線, 白根-月潟-新生町-燕線, 白根-漆山-巻線, 新潟市南区　月潟住民バス"
諏訪の木,新潟市,"南区　区バス　新飯田・茨曽根ルート, 南区バス　まちなか循環ルート　ぐるりん号"
日の出町,新潟交通（株）,大野・白根線
日の出町,新潟交通観光バス（株）,"W70M　大野・白根線＜（快速）白根・大野仲町・学校町経由＞　新潟駅前ゆき, W70　大野・白根線＜白根・大野仲町経由＞　新潟駅前ゆき, W73　大野・白根線＜江南高校前経由＞　新潟駅南口ゆき, W74　大野・白根線＜（急行）県庁前・古町経由＞　新潟駅前ゆき, 潟東・白根-臼井-新津線, 潟東・白根-矢代田-新津線, 白根-庄瀬-加茂線"
日の出町,新潟市,南区バス　まちなか循環ルート　ぐるりん号
潟東営業所,新潟交通（株）,"大野・白根線, 味方線"
潟東営業所,新潟交通観光バス（株）,"W70M　大野・白根線＜（快速）白根・大野仲町・学校町経由＞　新潟駅前ゆき, W70　大野・白根線＜白根・大野仲町経由＞　新潟駅前ゆき, W73　大野・白根線＜江南高校前経由＞　新潟駅南口ゆき, W74　大野・白根線＜（急行）県庁前・古町経由＞　新潟駅前ゆき, W81　味方・月潟線＜大野仲町・木場・味方経由＞　潟東営業所ゆき, 潟東・白根-臼井-新津線, 潟東・白根-矢代田-新津線, 白根-漆山-巻線, 白根-庄瀬-加茂線"
六野瀬［消防車庫前］,阿賀野市,安田地域循環線A線
小須戸出張所前,新潟交通観光バス（株）,"潟東・白根-矢代田-新津線, SW2→SW4　新津駅-臼井-白根-矢代田-新津駅, SW4→SW4　新津駅-矢代田-白根-矢代田-新津駅, SW4→SW2　新津駅-矢代田-白根-臼井-新津駅"
マーケットシティ白根前,新潟交通観光バス（株）,新潟市南区　月潟住民バス
マーケットシティ白根前,新潟市,"南区　区バス　北部ルート, 南区　区バス　大鷲ルート, 南区　区バス　新飯田・茨曽根ルート, 南区　区バス　庄瀬ルート, 南区バス　まちなか循環ルート　ぐるりん号"
金津寺前,泉観光バス（株）,金津線
金津寺前,新潟市,秋葉区　区バス　新津駅西口から新津駅東口
井随口,新潟交通（株）,"大野・白根線, 味方線"
井随口,新潟交通観光バス（株）,"W70M　大野・白根線＜（快速）白根・大野仲町・学校町経由＞　新潟駅前ゆき, W70　大野・白根線＜白根・大野仲町経由＞　新潟駅前ゆき, W73　大野・白根線＜江南高校前経由＞　新潟駅南口ゆき, W74　大野・白根線＜（急行）県庁前・古町経由＞　新潟駅前ゆき, W81　味方・月潟線＜大野仲町・木場・味方経由＞　潟東営業所ゆき, 潟東・白根-臼井-新津線, 潟東・白根-矢代田-新津線, 白根-漆山-巻線, 白根-庄瀬-加茂線"
神明町,新潟市,西蒲区バス　巻駅前〜巻高校前〜新飯田橋
神明町,ウエスト観光バス（株）,"栄町線4-1・4-2, 間瀬線5-1・5-2・5-3・5-4, 浦浜線6-1・6-2・6-3・6-4"
神明町,新潟交通観光バス（株）,"白根-漆山-巻線, 巻駅前-間手橋・稲島・大原-角田妙光寺入口線, 巻-横山バイパス・大原ー海水浴場線, 巻駅前-六分-新潟経営大学"
小須戸出張所,新潟市,秋葉区　区バス　新津駅西口から新津駅東口
上六野瀬,新潟交通観光バス（株）,阿賀野市役所〜保田〜石間中線
小須戸神社前,新潟交通（株）,鳥屋野線
小須戸神社前,新潟交通観光バス（株）,"S2　鳥屋野線, 潟東・白根-矢代田-新津線, SW2→SW4　新津駅-臼井-白根-矢代田-新津駅, SW4→SW4　新津駅-矢代田-白根-矢代田-新津駅, SW4→SW2　新津駅-矢代田-白根-臼井-新津駅"
六野瀬,阿賀野市,安田地域循環線B線
鷲ノ木,ウエスト観光バス（株）,浦浜線6-1・6-2・6-3・6-4
千日下,新潟交通（株）,味方線
千日下,新潟交通観光バス（株）,"W80　味方・月潟線＜大野仲町・味方経由＞　月潟ゆき, W81　味方・月潟線＜大野仲町・木場・味方経由＞　潟東営業所ゆき"
小須戸中学前,新潟交通観光バス（株）,"潟東・白根-矢代田-新津線, SW2→SW4　新津駅-臼井-白根-矢代田-新津駅, SW4→SW4　新津駅-矢代田-白根-矢代田-新津駅, SW4→SW2　新津駅-矢代田-白根-臼井-新津駅"
諏訪の木上,新潟市,南区　区バス　新飯田・茨曽根ルート
メディカルセンター病院前,新潟交通観光バス（株）,"白根-漆山-巻線, 巻駅前-六分-新潟経営大学"
メディカルセンター病院前,新潟市,西蒲区バス　巻駅前〜巻高校前〜新飯田橋
メディカルセンター病院前,ウエスト観光バス（株）,"栄町線4-1・4-2, 浦浜線6-1・6-2・6-3・6-4"
田中,新潟交通観光バス（株）,白根-庄瀬-加茂線
富月橋,新潟交通観光バス（株）,白根-茨曽根-新生町-燕線
峰岡,ウエスト観光バス（株）,浦浜線6-1・6-2・6-3・6-4
緑が丘病院前,新潟交通（株）,"大野・白根線, 味方線"
緑が丘病院前,新潟交通観光バス（株）,"W70M　大野・白根線＜（快速）白根・大野仲町・学校町経由＞　新潟駅前ゆき, W70　大野・白根線＜白根・大野仲町経由＞　新潟駅前ゆき, W73　大野・白根線＜江南高校前経由＞　新潟駅南口ゆき, W74　大野・白根線＜（急行）県庁前・古町経由＞　新潟駅前ゆき, W80　味方・月潟線＜大野仲町・味方経由＞　月潟ゆき, 潟東・白根-臼井-新津線, 潟東・白根-矢代田-新津線, 白根-漆山-巻線, 白根-庄瀬-加茂線"
新津南高校前,新潟交通観光バス（株）,"潟東・白根-矢代田-新津線, SW2→SW4　新津駅-臼井-白根-矢代田-新津駅, SW4→SW4　新津駅-矢代田-白根-矢代田-新津駅, SW4→SW2　新津駅-矢代田-白根-臼井-新津駅"
浦梨,新潟交通観光バス（株）,白根-庄瀬-加茂線
三本木橋際,新潟交通観光バス（株）,五泉-大関-新津線
小林小学校前,新潟交通観光バス（株）,白根-庄瀬-加茂線
新保,新潟交通観光バス（株）,"潟東・白根-矢代田-新津線, SW2→SW4　新津駅-臼井-白根-矢代田-新津駅, SW4→SW4　新津駅-矢代田-白根-矢代田-新津駅, SW4→SW2　新津駅-矢代田-白根-臼井-新津駅"
新保センター前,阿賀野市,安田地域循環線B線
けやき病院前,新潟交通観光バス（株）,白根-漆山-巻線
地域振興局巻庁舎前,新潟交通観光バス（株）,"白根-漆山-巻線, 巻駅前-六分-新潟経営大学"
地域振興局巻庁舎前,新潟市,西蒲区バス　巻駅前〜巻高校前〜新飯田橋
地域振興局巻庁舎前,ウエスト観光バス（株）,"栄町線4-1・4-2, 浦浜線6-1・6-2・6-3・6-4"
鼠新田,新潟交通観光バス（株）,"潟東・白根-矢代田-新津線, SW2→SW4　新津駅-臼井-白根-矢代田-新津駅, SW4→SW4　新津駅-矢代田-白根-矢代田-新津駅, SW4→SW2　新津駅-矢代田-白根-臼井-新津駅"
鼠新田,新潟市,南区　区バス　庄瀬ルート
戸石,新潟交通観光バス（株）,"潟東・白根-矢代田-新津線, SW2→SW4　新津駅-臼井-白根-矢代田-新津駅, SW4→SW4　新津駅-矢代田-白根-矢代田-新津駅, SW4→SW2　新津駅-矢代田-白根-臼井-新津駅"
巻自動車学校前,新潟交通観光バス（株）,"白根-漆山-巻線, 巻駅前-六分-新潟経営大学"
巻自動車学校前,新潟市,西蒲区バス　巻駅前〜巻高校前〜新飯田橋
巻自動車学校前,ウエスト観光バス（株）,栄町線4-1・4-2
三本木二丁目,五泉市,ふれあいバス
愛宕神社前,ウエスト観光バス（株）,間瀬線5-1・5-2・5-3・5-4
下木山,新潟交通観光バス（株）,白根-庄瀬-加茂線
中金津,泉観光バス（株）,金津線
中金津,新潟市,秋葉区　区バス　新津駅西口から新津駅東口
潟東小学校前,新潟交通観光バス（株）,白根-漆山-巻線
木滑下,新潟交通観光バス（株）,新潟市南区　月潟住民バス
三本木,新潟交通観光バス（株）,五泉-大関-新津線
千日,新潟交通（株）,味方線
千日,新潟交通観光バス（株）,"W80　味方・月潟線＜大野仲町・味方経由＞　月潟ゆき, 白根-月潟-新生町-燕線, 新潟市南区　月潟住民バス"
舟戸,ウエスト観光バス（株）,浦浜線6-1・6-2・6-3・6-4
小須戸小学校前,新潟市,秋葉区　区バス　新津駅西口から新津駅東口
今井,新潟交通観光バス（株）,白根-漆山-巻線
原信巻店前,ウエスト観光バス（株）,"栄町線4-1・4-2, 間瀬線5-1・5-2・5-3・5-4"
白山,ウエスト観光バス（株）,浦浜線6-1・6-2・6-3・6-4
戸石公会堂前,新潟市,南区　区バス　庄瀬ルート
国見,新潟交通観光バス（株）,白根-漆山-巻線
水島町,五泉市,ふれあいバス
兎谷,新潟市,秋葉区　区バス　新津駅西口から新津駅東口
下赤坂,阿賀野市,"安田地域循環線A線, 安田地域循環線B線"
赤鏥,ウエスト観光バス（株）,間瀬線5-1・5-2・5-3・5-4
戸頭下,新潟市,南区　区バス　新飯田・茨曽根ルート
河井,新潟交通観光バス（株）,"白根-漆山-巻線, 巻駅前-六分-新潟経営大学"
河井,新潟市,西蒲区バス　巻駅前〜巻高校前〜新飯田橋
河井,ウエスト観光バス（株）,栄町線4-1・4-2
粟島公園入口,新潟交通観光バス（株）,五泉-大関-新津線
中木山,新潟交通観光バス（株）,白根-庄瀬-加茂線
金津・石油の里前,新潟市,秋葉区　区バス　新津駅西口から新津駅東口
金津,泉観光バス（株）,金津線
渡場,阿賀野市,安田地域循環線B線
古館,新潟交通観光バス（株）,三川駅-三川温泉-古岐線
古舘,阿賀町,"三川地域　福祉バス綱木（白崎方面〜診療所みかわ〜やまぶきの里）, 三川駅〜赤谷コミュニティーワゴン"
赤坂,新潟交通観光バス（株）,阿賀野市役所〜保田〜石間中線
曲,新潟交通（株）,味方線
曲,新潟交通観光バス（株）,"W80　味方・月潟線＜大野仲町・味方経由＞　月潟ゆき, 白根-月潟-新生町-燕線, 新潟市南区　月潟住民バス"
矢代田駅前,新潟交通観光バス（株）,"潟東・白根-矢代田-新津線, SW2→SW4　新津駅-臼井-白根-矢代田-新津駅, SW4→SW4　新津駅-矢代田-白根-矢代田-新津駅, SW4→SW2　新津駅-矢代田-白根-臼井-新津駅"
矢代田駅前,新潟市,秋葉区　区バス　新津駅西口から新津駅東口
上赤坂,阿賀野市,"安田地域循環線A線, 安田地域循環線B線"
論瀬新田,新潟交通観光バス（株）,五泉高校・旧五泉車庫線
矢代田西口,新潟交通観光バス（株）,"潟東・白根-矢代田-新津線, SW2→SW4　新津駅-臼井-白根-矢代田-新津駅, SW4→SW4　新津駅-矢代田-白根-矢代田-新津駅, SW4→SW2　新津駅-矢代田-白根-臼井-新津駅"
伊勢の川,五泉市,ふれあいバス
漆山五ノ丁,新潟交通観光バス（株）,"白根-漆山-巻線, 巻駅前-六分-新潟経営大学"
漆山五ノ丁,新潟市,西蒲区バス　巻駅前〜巻高校前〜新飯田橋
巻・潟東インター前,新潟交通観光バス（株）,白根-漆山-巻線
北五泉駅前通り,五泉市,ふれあいバス
論瀬十字路,蒲原鉄道（株）,五泉・村松線
論瀬十字路,新潟交通観光バス（株）,五泉高校・旧五泉車庫線
五泉高校前,五泉市,ふれあいバス
五泉高校,新潟交通観光バス（株）,五泉高校・旧五泉車庫線
上八枚,新潟市,南区　区バス　庄瀬ルート
馬堀,ウエスト観光バス（株）,栄町線4-1・4-2
馬堀,新潟交通観光バス（株）,"白根-漆山-巻線, 巻駅前-六分-新潟経営大学"
馬堀,新潟市,西蒲区バス　巻駅前〜巻高校前〜新飯田橋
戸頭,新潟交通観光バス（株）,白根-茨曽根-新生町-燕線
横川浜,新潟市,秋葉区　区バス　新津駅西口から新津駅東口
漆山七ノ丁,新潟交通観光バス（株）,"白根-漆山-巻線, 巻駅前-六分-新潟経営大学"
漆山七ノ丁,新潟市,西蒲区バス　巻駅前〜巻高校前〜新飯田橋
下草水,阿賀野市,"安田地域循環線A線, 安田地域循環線B線"
善願橋東詰,新潟交通観光バス（株）,五泉高校・旧五泉車庫線
漆山三ノ丁,新潟交通観光バス（株）,"白根-漆山-巻線, 巻駅前-六分-新潟経営大学"
漆山三ノ丁,新潟市,西蒲区バス　巻駅前〜巻高校前〜新飯田橋
北五泉駅,五泉市,ふれあいバス
リオンドール巻店前,ウエスト観光バス（株）,間瀬線5-1・5-2・5-3・5-4
上木山,新潟交通観光バス（株）,白根-庄瀬-加茂線
巻東中学前,ウエスト観光バス（株）,浦浜線6-1・6-2・6-3・6-4
白山町,新潟交通観光バス（株）,"白根-漆山-巻線, 巻駅前-六分-新潟経営大学"
白山町,新潟市,西蒲区バス　巻駅前〜巻高校前〜新飯田橋
漆山一ノ丁,新潟交通観光バス（株）,"白根-漆山-巻線, 巻駅前-六分-新潟経営大学"
漆山一ノ丁,新潟市,西蒲区バス　巻駅前〜巻高校前〜新飯田橋
上草水,阿賀野市,"安田地域循環線A線, 安田地域循環線B線"
善願橋西詰,新潟交通観光バス（株）,五泉高校・旧五泉車庫線
本町六丁目,五泉市,ふれあいバス
本町六丁目,新潟交通観光バス（株）,五泉-大関-新津線
上曲,新潟交通（株）,味方線
上曲,新潟交通観光バス（株）,"W80　味方・月潟線＜大野仲町・味方経由＞　月潟ゆき, 白根-月潟-新生町-燕線, 新潟市南区　月潟住民バス"
草水,新潟交通観光バス（株）,阿賀野市役所〜保田〜石間中線
漆山八ノ丁,新潟交通観光バス（株）,"白根-漆山-巻線, 巻駅前-六分-新潟経営大学"
漆山八ノ丁,新潟市,西蒲区バス　巻駅前〜巻高校前〜新飯田橋
五泉中央病院前,五泉市,ふれあいバス
五泉中央病院前,新潟交通観光バス（株）,五泉高校・旧五泉車庫線
ラポルテ五泉,五泉市,ふれあいバス
戸頭上,新潟市,南区　区バス　新飯田・茨曽根ルート
戸頭団地前,新潟交通観光バス（株）,白根-茨曽根-新生町-燕線
木滑上,新潟交通観光バス（株）,新潟市南区　月潟住民バス
樋曽,ウエスト観光バス（株）,間瀬線5-1・5-2・5-3・5-4
赤鏥西,ウエスト観光バス（株）,間瀬線5-1・5-2・5-3・5-4
五泉市役所,五泉市,ふれあいバス
五泉市役所,新潟交通観光バス（株）,五泉高校・旧五泉車庫線
巻・潟東インター駐車場,新潟交通観光バス（株）,"白根-漆山-巻線, 巻駅前-六分-新潟経営大学"
巻潟東インター駐車場,新潟市,西蒲区バス　巻駅前〜巻高校前〜新飯田橋
下蔵主,新潟交通観光バス（株）,白根-庄瀬-加茂線
太田新田,蒲原鉄道（株）,五泉・村松線
太田新田,新潟交通観光バス（株）,五泉高校・旧五泉車庫線
松ヶ丘入口,新潟市,秋葉区　区バス　新津駅西口から新津駅東口
戸頭団地,新潟市,南区　区バス　新飯田・茨曽根ルート
本町四丁目,五泉市,ふれあいバス
本町四丁目,新潟交通観光バス（株）,五泉-大関-新津線
次郎右エ門興野,新潟市,南区　区バス　庄瀬ルート
中馬堀,ウエスト観光バス（株）,栄町線4-1・4-2
小松,阿賀野市,"安田地域循環線A線, 安田地域循環線B線"
薬師堂前,ウエスト観光バス（株）,間瀬線5-1・5-2・5-3・5-4
橋場,新潟交通観光バス（株）,阿賀野市役所〜保田〜石間中線
細越,新潟交通観光バス（株）,三川駅-三川温泉-古岐線
細越,阿賀町,"三川地域　福祉バス綱木（白崎方面〜診療所みかわ〜やまぶきの里）, 三川駅〜赤谷コミュニティーワゴン"
いわむろや前,ウエスト観光バス（株）,間瀬線5-1・5-2・5-3・5-4
安尻,ウエスト観光バス（株）,間瀬線5-1・5-2・5-3・5-4
東本町,新潟交通観光バス（株）,五泉高校・旧五泉車庫線
本町三丁目,五泉市,ふれあいバス
本町三丁目,新潟交通観光バス（株）,"五泉高校・旧五泉車庫線, 五泉-大関-新津線"
郷屋川二丁目,五泉市,ふれあいバス
郷屋川二丁目,蒲原鉄道（株）,五泉・村松線
三川学習館前,新潟交通観光バス（株）,三川駅-三川温泉-古岐線
三川学習館,阿賀町,三川駅〜赤谷コミュニティーワゴン
農村公園前,新潟交通観光バス（株）,新潟市南区　月潟住民バス
間瀬本村,ウエスト観光バス（株）,間瀬線5-1・5-2・5-3・5-4
は〜とふる五泉館前,五泉市,ふれあいバス
小松下,新潟交通観光バス（株）,阿賀野市役所〜保田〜石間中線
小松［諏訪公園前］,阿賀野市,"安田地域循環線A線, 安田地域循環線B線"
釣浜,阿賀町,三川地域　福祉バス（石間方面〜診療所みかわ〜谷沢方面〜やまぶきの里）
石戸（集会所前）,阿賀町,三川地域　福祉バス（石間方面〜診療所みかわ〜谷沢方面〜やまぶきの里）
上蔵主,新潟交通観光バス（株）,白根-庄瀬-加茂線
細越下,新潟交通観光バス（株）,三川駅-三川温泉-古岐線
細越下,阿賀町,"三川地域　福祉バス綱木（白崎方面〜診療所みかわ〜やまぶきの里）, 三川駅〜赤谷コミュニティーワゴン"
本町二丁目,五泉市,ふれあいバス
本町二丁目,新潟交通観光バス（株）,"五泉高校・旧五泉車庫線, 五泉-大関-新津線"
小松上,新潟交通観光バス（株）,阿賀野市役所〜保田〜石間中線
岩室,ウエスト観光バス（株）,間瀬線5-1・5-2・5-3・5-4
天ヶ沢,新潟市,秋葉区　区バス　新津駅西口から新津駅東口
東萱場下,新潟市,南区　区バス　新飯田・茨曽根ルート
十二原,ウエスト観光バス（株）,栄町線4-1・4-2
熊渡,阿賀町,三川地域　福祉バス（石間方面〜診療所みかわ〜谷沢方面〜やまぶきの里）
間瀬新村,ウエスト観光バス（株）,間瀬線5-1・5-2・5-3・5-4
十二道島,新潟市,南区　区バス　庄瀬ルート
本町一丁目（五泉）,蒲原鉄道（株）,五泉・村松線
吉沢一丁目,五泉市,ふれあいバス
石間（集会所前）,阿賀町,三川地域　福祉バス（石間方面〜診療所みかわ〜谷沢方面〜やまぶきの里）
橋本,ウエスト観光バス（株）,間瀬線5-1・5-2・5-3・5-4
吉沢,新潟交通観光バス（株）,"五泉高校・旧五泉車庫線, 五泉-大関-新津線"
石間中,新潟交通観光バス（株）,阿賀野市役所〜保田〜石間中線
東長嶋下,新潟交通観光バス（株）,新潟市南区　月潟住民バス
五泉駅前通,新潟交通観光バス（株）,"五泉高校・旧五泉車庫線, 五泉-大関-新津線"
平潟三方口,新潟交通観光バス（株）,白根-庄瀬-加茂線
平潟新田,新潟交通観光バス（株）,白根-庄瀬-加茂線
本町一丁目,新潟交通観光バス（株）,"五泉高校・旧五泉車庫線, 五泉-大関-新津線"
下和納,ウエスト観光バス（株）,間瀬線5-1・5-2・5-3・5-4
赤海,新潟交通観光バス（株）,"五泉高校・旧五泉車庫線, 五泉-大関-新津線"
五泉駅前,新潟交通観光バス（株）,"五泉高校・旧五泉車庫線, 五泉-大関-新津線"
間瀬隧道,ウエスト観光バス（株）,間瀬線5-1・5-2・5-3・5-4
本町一丁目,五泉市,ふれあいバス
駅前一丁目,五泉市,ふれあいバス
西萱場,新潟交通（株）,味方線
西萱場,新潟交通観光バス（株）,"W80　味方・月潟線＜大野仲町・味方経由＞　月潟ゆき, 白根-月潟-新生町-燕線, 新潟市南区　月潟住民バス"
岩室温泉,ウエスト観光バス（株）,間瀬線5-1・5-2・5-3・5-4
三川温泉入口,新潟交通観光バス（株）,三川駅-三川温泉-古岐線
三川温泉入口,阿賀町,"三川地域　福祉バス綱木（白崎方面〜診療所みかわ〜やまぶきの里）, 三川駅〜赤谷コミュニティーワゴン"
打越,新潟交通観光バス（株）,巻駅前-六分-新潟経営大学
打越,新潟市,西蒲区バス　巻駅前〜巻高校前〜新飯田橋
東赤海,新潟交通観光バス（株）,"五泉高校・旧五泉車庫線, 五泉-大関-新津線"
五泉駅,五泉市,ふれあいバス
花の湯館坂下,新潟市,秋葉区　区バス　新津駅西口から新津駅東口
旧五泉車庫,新潟交通観光バス（株）,"五泉高校・旧五泉車庫線, 五泉-大関-新津線"
間瀬小学校前,ウエスト観光バス（株）,間瀬線5-1・5-2・5-3・5-4
東長嶋上,新潟交通観光バス（株）,新潟市南区　月潟住民バス
蜘手興野,新潟市,南区　区バス　庄瀬ルート
上五十沢,新潟交通観光バス（株）,三川駅-三川温泉-古岐線
上五十沢,阿賀町,"三川地域　福祉バス綱木（白崎方面〜診療所みかわ〜やまぶきの里）, 三川駅〜赤谷コミュニティーワゴン"
並岡,ウエスト観光バス（株）,栄町線4-1・4-2
花の湯館前,新潟市,秋葉区　区バス　新津駅西口から新津駅東口
リハビリテーション病院前,ウエスト観光バス（株）,間瀬線5-1・5-2・5-3・5-4
萱場,新潟交通観光バス（株）,白根-茨曽根-新生町-燕線
南本町二丁目,五泉市,ふれあいバス
取上（四季前）,阿賀町,三川地域　福祉バス（石間方面〜診療所みかわ〜谷沢方面〜やまぶきの里）
中五十沢,新潟交通観光バス（株）,三川駅-三川温泉-古岐線
中五十沢,阿賀町,"三川地域　福祉バス綱木（白崎方面〜診療所みかわ〜やまぶきの里）, 三川駅〜赤谷コミュニティーワゴン"
下道潟,新潟交通観光バス（株）,白根-庄瀬-加茂線
下五十沢,新潟交通観光バス（株）,三川駅-三川温泉-古岐線
下五十沢,阿賀町,"三川地域　福祉バス綱木（白崎方面〜診療所みかわ〜やまぶきの里）, 三川駅〜赤谷コミュニティーワゴン"
鎌倉,新潟市,秋葉区　区バス　新津駅西口から新津駅東口
鋳物師興野,新潟市,南区　区バス　庄瀬ルート
道上,新潟交通観光バス（株）,巻駅前-六分-新潟経営大学
道上,新潟市,西蒲区バス　巻駅前〜巻高校前〜新飯田橋
間瀬,ウエスト観光バス（株）,間瀬線5-1・5-2・5-3・5-4
南本町三丁目,五泉市,ふれあいバス
西長島,ウエスト観光バス（株）,間瀬線5-1・5-2・5-3・5-4
月潟,新潟交通（株）,味方線
月潟,新潟交通観光バス（株）,"W80　味方・月潟線＜大野仲町・味方経由＞　月潟ゆき, 白根-月潟-新生町-燕線, 新潟市南区　月潟住民バス"
月潟中,新潟交通観光バス（株）,"白根-月潟-新生町-燕線, 新潟市南区　月潟住民バス"
馬堀上組,ウエスト観光バス（株）,栄町線4-1・4-2
月潟出張所前,新潟交通観光バス（株）,新潟市南区　月潟住民バス
上道潟,新潟交通観光バス（株）,白根-庄瀬-加茂線
五十沢入口,新潟交通観光バス（株）,三川駅-三川温泉-古岐線
五十沢入口,阿賀町,"三川地域　福祉バス綱木（白崎方面〜診療所みかわ〜やまぶきの里）, 三川駅〜赤谷コミュニティーワゴン"
岩室中学前,ウエスト観光バス（株）,間瀬線5-1・5-2・5-3・5-4
和納六区,ウエスト観光バス（株）,間瀬線5-1・5-2・5-3・5-4
東萱場上,新潟市,南区　区バス　新飯田・茨曽根ルート
西中,ウエスト観光バス（株）,間瀬線5-1・5-2・5-3・5-4
福島,新潟交通観光バス（株）,巻駅前-六分-新潟経営大学
福島,新潟市,西蒲区バス　巻駅前〜巻高校前〜新飯田橋
菱潟第2,新潟市,南区　区バス　庄瀬ルート
今泉,蒲原鉄道（株）,五泉・村松線
今泉,五泉市,ふれあいバス
岩室出張所前,ウエスト観光バス（株）,間瀬線5-1・5-2・5-3・5-4
和納農協前,ウエスト観光バス（株）,間瀬線5-1・5-2・5-3・5-4
河間,新潟交通観光バス（株）,巻駅前-六分-新潟経営大学
河間,新潟市,西蒲区バス　巻駅前〜巻高校前〜新飯田橋
和納大島,ウエスト観光バス（株）,間瀬線5-1・5-2・5-3・5-4
上川口,阿賀町,三川駅〜赤谷コミュニティーワゴン
上川口,新潟交通観光バス（株）,三川駅-三川温泉-古岐線
長谷（集会所前）,阿賀町,三川地域　福祉バス（石間方面〜診療所みかわ〜谷沢方面〜やまぶきの里）
沖新保,新潟交通観光バス（株）,白根-庄瀬-加茂線
沖新保,新潟市,南区　区バス　東部ルート
川口本村入口,阿賀町,三川地域　福祉バス綱木（白崎方面〜診療所みかわ〜やまぶきの里）
下茨,新潟市,南区　区バス　新飯田・茨曽根ルート
和納新田,ウエスト観光バス（株）,間瀬線5-1・5-2・5-3・5-4
菱潟新田,新潟市,南区　区バス　庄瀬ルート
和納三区,ウエスト観光バス（株）,間瀬線5-1・5-2・5-3・5-4
丸潟,新潟市,南区　区バス　東部ルート
栄町,ウエスト観光バス（株）,栄町線4-1・4-2
月潟上,新潟交通観光バス（株）,"白根-月潟-新生町-燕線, 新潟市南区　月潟住民バス"
川口,新潟交通観光バス（株）,三川駅-三川温泉-古岐線
川口,阿賀町,"三川地域　福祉バス綱木（白崎方面〜診療所みかわ〜やまぶきの里）, 三川駅〜赤谷コミュニティーワゴン"
菱潟第1,新潟市,南区　区バス　庄瀬ルート
下茨東,新潟市,南区　区バス　東部ルート
茨曽根,新潟交通観光バス（株）,白根-茨曽根-新生町-燕線
飯島,新潟交通観光バス（株）,白根-庄瀬-加茂線
飯島,新潟市,南区　区バス　東部ルート
駅前通,ウエスト観光バス（株）,間瀬線5-1・5-2・5-3・5-4
道潟,新潟市,南区　区バス　東部ルート
岩室駅前,ウエスト観光バス（株）,間瀬線5-1・5-2・5-3・5-4
庄瀬小学校前,新潟市,南区　区バス　庄瀬ルート
中村,五泉市,ふれあいバス
しなの園,新潟市,南区　区バス　庄瀬ルート
川口入口,新潟交通観光バス（株）,三川駅-三川温泉-古岐線
川口入口,阿賀町,三川駅〜赤谷コミュニティーワゴン
水沢公民館,阿賀町,鹿瀬地域　福祉バス（日出谷方面〜鹿瀬診療所〜津川方面）
田上駅前,新潟交通観光バス（株）,幸町-穀町・田上町役場-湯っ多里館前
田上駅前,新潟市,南区　区バス　東部ルート
岩谷,阿賀町,三川地域　福祉バス（石間方面〜診療所みかわ〜谷沢方面〜やまぶきの里）
大別当下,新潟交通観光バス（株）,白根-月潟-新生町-燕線
大別當下,新潟交通観光バス（株）,新潟市南区　月潟住民バス
茨曽根支所前,新潟交通観光バス（株）,白根-茨曽根-新生町-燕線
夏渡戸,阿賀町,鹿瀬地域　福祉バス（日出谷方面〜鹿瀬診療所〜津川方面）
茨曽根小学校前,新潟市,"南区　区バス　新飯田・茨曽根ルート, 南区　区バス　東部ルート"
水沢入口,阿賀町,鹿瀬コミュニティーバス
水沢下,阿賀町,鹿瀬コミュニティーバス
中之口出張所前,新潟交通観光バス（株）,巻駅前-六分-新潟経営大学
中之口出張所前,新潟市,西蒲区バス　巻駅前〜巻高校前〜新飯田橋
湯っ多里館,新潟交通観光バス（株）,幸町-穀町・田上町役場-湯っ多里館前
庄瀬本村,新潟交通観光バス（株）,白根-庄瀬-加茂線
庄瀬本村,新潟市,"南区　区バス　東部ルート, 南区　区バス　庄瀬ルート"
中村観音堂前,阿賀町,"鹿瀬地域　福祉バス（日出谷方面〜鹿瀬診療所〜津川方面）, 鹿瀬コミュニティーバス"
門田,新潟交通観光バス（株）,巻駅前-六分-新潟経営大学
門田,新潟市,西蒲区バス　巻駅前〜巻高校前〜新飯田橋
庄瀬四つ角,新潟交通観光バス（株）,白根-庄瀬-加茂線
庄瀬四ツ角,新潟市,"南区　区バス　東部ルート, 南区　区バス　庄瀬ルート"
吉津,阿賀町,三川地域　福祉バス（石間方面〜診療所みかわ〜谷沢方面〜やまぶきの里）
デンカ鏡田工場前,五泉市,ふれあいバス
下横場,新潟市,南区　区バス　東部ルート
大別当上,新潟交通観光バス（株）,白根-月潟-新生町-燕線
大別當上,新潟交通観光バス（株）,新潟市南区　月潟住民バス
庄瀬保育所前,新潟交通観光バス（株）,白根-庄瀬-加茂線
庄瀬保育所前,新潟市,南区　区バス　庄瀬ルート
上茨,新潟市,"南区　区バス　新飯田・茨曽根ルート, 南区　区バス　東部ルート"
針ヶ曽根,新潟交通観光バス（株）,白根-月潟-新生町-燕線
湯田上,新潟交通観光バス（株）,幸町-穀町・田上町役場-湯っ多里館前
六分,新潟交通観光バス（株）,巻駅前-六分-新潟経営大学
六分,新潟市,西蒲区バス　巻駅前〜巻高校前〜新飯田橋
三川支所前,新潟交通観光バス（株）,"三川駅-三川温泉-古岐線, 三川支所前-黒岩上村-小花地線"
三川支所前,阿賀町,三川駅〜赤谷コミュニティーワゴン
三川支所,阿賀町,"三川地域　福祉バス綱木（白崎方面〜診療所みかわ〜やまぶきの里）, 三川地域　福祉バス（黒岩・谷沢方面〜診療所みかわ）, 三川地域　福祉バス（石間方面〜診療所みかわ〜谷沢方面〜やまぶきの里）"
弥彦体育館,燕市・弥彦村,弥彦・燕広域循環バス「やひこ号」
清水,新潟市,"南区　区バス　新飯田・茨曽根ルート, 南区　区バス　東部ルート"
徳瀬,阿賀町,"鹿瀬地域　福祉バス（日出谷方面〜鹿瀬診療所〜津川方面）, 鹿瀬コミュニティーバス"
庄瀬上,新潟交通観光バス（株）,白根-庄瀬-加茂線
庄瀬上,新潟市,南区　区バス　庄瀬ルート
清水,新潟交通観光バス（株）,"白根-茨曽根-新生町-燕線, 巻駅前-六分-新潟経営大学"
歯科診療所（インター）,阿賀町,"三川地域　福祉バス綱木（白崎方面〜診療所みかわ〜やまぶきの里）, 三川地域　福祉バス（黒岩・谷沢方面〜診療所みかわ）, 三川地域　福祉バス（石間方面〜診療所みかわ〜谷沢方面〜やまぶきの里）"
旧六分郵便局前,新潟交通観光バス（株）,白根-月潟-新生町-燕線
旧六分郵便局前,新潟市,西蒲区バス　巻駅前〜巻高校前〜新飯田橋
実川島,阿賀町,"鹿瀬地域　福祉バス（豊実・深戸方面〜鹿瀬診療所〜津川方面）, 鹿瀬コミュニティーバス"
三川郵便局前,新潟交通観光バス（株）,"三川駅-三川温泉-古岐線, 三川支所前-黒岩上村-小花地線"
三川郵便局前,阿賀町,"三川地域　福祉バス綱木（白崎方面〜診療所みかわ〜やまぶきの里）, 三川地域　福祉バス（黒岩・谷沢方面〜診療所みかわ）, 三川地域　福祉バス（石間方面〜診療所みかわ〜谷沢方面〜やまぶきの里）, 三川駅〜赤谷コミュニティーワゴン"
町営診療所みかわ,阿賀町,"三川地域　福祉バス綱木（白崎方面〜診療所みかわ〜やまぶきの里）, 三川地域　福祉バス（黒岩・谷沢方面〜診療所みかわ）, 三川地域　福祉バス（石間方面〜診療所みかわ〜谷沢方面〜やまぶきの里）"
上野,新潟交通観光バス（株）,幸町-穀町・田上町役場-湯っ多里館前
赤湯,阿賀町,"鹿瀬地域　福祉バス（日出谷方面〜鹿瀬診療所〜津川方面）, 鹿瀬地域　福祉バス（豊実・深戸方面〜鹿瀬診療所〜津川方面）"
三川駅前,新潟交通観光バス（株）,"三川駅-三川温泉-古岐線, 三川支所前-黒岩上村-小花地線, 津川営業所-県立津川病院　小花地-三川駅前線"
三川駅前,阿賀町,"三川地域　福祉バス綱木（白崎方面〜診療所みかわ〜やまぶきの里）, 三川地域　福祉バス（黒岩・谷沢方面〜診療所みかわ）, 三川地域　福祉バス（石間方面〜診療所みかわ〜谷沢方面〜やまぶきの里）, 三川駅〜赤谷コミュニティーワゴン"
平瀬公民館前,阿賀町,鹿瀬地域　福祉バス（日出谷方面〜鹿瀬診療所〜津川方面）
下吉上,新潟市,"南区　区バス　新飯田・茨曽根ルート, 南区　区バス　東部ルート"
森宅裏（当麻）,阿賀町,鹿瀬地域　福祉バス（日出谷方面〜鹿瀬診療所〜津川方面）
真木,新潟交通観光バス（株）,白根-庄瀬-加茂線
角神温泉,阿賀町,"鹿瀬地域　福祉バス（日出谷方面〜鹿瀬診療所〜津川方面）, 鹿瀬コミュニティーバス"
庄瀬1,新潟市,南区　区バス　庄瀬ルート
東蒲農協前,阿賀町,鹿瀬コミュニティーバス
吉上,新潟交通観光バス（株）,白根-茨曽根-新生町-燕線
庚,新潟交通観光バス（株）,巻駅前-六分-新潟経営大学
弥彦神社（宮司宅前）,燕市・弥彦村,弥彦・燕広域循環バス「やひこ号」
巴山組本社前,阿賀町,鹿瀬地域　福祉バス（日出谷方面〜鹿瀬診療所〜津川方面）
日出谷駅前,阿賀町,鹿瀬コミュニティーバス
日出谷駅,阿賀町,鹿瀬地域　福祉バス（日出谷方面〜鹿瀬診療所〜津川方面）
高野宮,新潟市,西蒲区バス　巻駅前〜巻高校前〜新飯田橋
柳新田,阿賀町,津川地域　福祉バス（柳新田・払川・奥田方面）
角神旅行村,阿賀町,鹿瀬コミュニティーバス
本田上,新潟交通観光バス（株）,幸町-穀町・田上町役場-湯っ多里館前
長場,新潟交通観光バス（株）,白根-月潟-新生町-燕線
長場,新潟市,西蒲区バス　巻駅前〜巻高校前〜新飯田橋
本田屋,五泉市,ふれあいバス
上吉上,新潟市,"南区　区バス　新飯田・茨曽根ルート, 南区　区バス　東部ルート"
県信前,燕市・弥彦村,弥彦・燕広域循環バス「やひこ号」
古川,新潟交通観光バス（株）,白根-庄瀬-加茂線
グランド入口,阿賀町,鹿瀬コミュニティーバス
古川新田,新潟市,南区　区バス　庄瀬ルート
須田東芝前,新潟交通観光バス（株）,巻駅前-六分-新潟経営大学
ヤホール,燕市・弥彦村,弥彦・燕広域循環バス「やひこ号」
田上,新潟交通観光バス（株）,幸町-穀町・田上町役場-湯っ多里館前
小花地,新潟交通観光バス（株）,"三川支所前-黒岩上村-小花地線, 津川営業所-県立津川病院　小花地-三川駅前線"
小花地,阿賀町,"三川地域　福祉バス（黒岩・谷沢方面〜診療所みかわ）, 三川地域　福祉バス（石間方面〜診療所みかわ〜谷沢方面〜やまぶきの里）"
鹿瀬小学校前,阿賀町,鹿瀬地域　福祉バス（日出谷方面〜鹿瀬診療所〜津川方面）
たいまつ食品前,五泉市,ふれあいバス
荒沢多目的センター,阿賀町,鹿瀬地域　福祉バス（豊実・深戸方面〜鹿瀬診療所〜津川方面）
庚戸,新潟交通観光バス（株）,白根-茨曽根-新生町-燕線
弥彦駅,燕市・弥彦村,弥彦・燕広域循環バス「やひこ号」
稲荷前,阿賀町,"まちなか巡回バス, 鹿瀬コミュニティーバス"
村松ショッピングセンター前,五泉市,ふれあいバス
深戸三叉路,阿賀町,鹿瀬地域　福祉バス（豊実・深戸方面〜鹿瀬診療所〜津川方面）
ビジョンよしだ,燕市・弥彦村,弥彦・燕広域循環バス「やひこ号」
田部鉄工倉庫前,阿賀町,"まちなか巡回バス, 鹿瀬地域　福祉バス（日出谷方面〜鹿瀬診療所〜津川方面）, 鹿瀬地域　福祉バス（豊実・深戸方面〜鹿瀬診療所〜津川方面）"
電工前,阿賀町,鹿瀬コミュニティーバス
田上町役場,新潟交通観光バス（株）,幸町-穀町・田上町役場-湯っ多里館前
鹿瀬診療所前,阿賀町,"まちなか巡回バス, 鹿瀬地域　福祉バス（日出谷方面〜鹿瀬診療所〜津川方面）, 鹿瀬地域　福祉バス（豊実・深戸方面〜鹿瀬診療所〜津川方面）"
揚川発電所前,新潟交通観光バス（株）,"三川支所前-黒岩上村-小花地線, 津川営業所-県立津川病院　小花地-三川駅前線"
長場集会所前,新潟市,西蒲区バス　巻駅前〜巻高校前〜新飯田橋
村松駅,五泉市,ふれあいバス
村松駅前,蒲原鉄道（株）,五泉・村松線
吉田本所（マルイ吉田店前）,燕市・弥彦村,弥彦・燕広域循環バス「やひこ号」
井田中,燕市・弥彦村,弥彦・燕広域循環バス「やひこ号」
下中村,新潟市,"南区　区バス　新飯田・茨曽根ルート, 南区　区バス　東部ルート"
原ヶ崎,新潟交通観光バス（株）,幸町-穀町・田上町役場-湯っ多里館前
新飯田果樹観光園前,新潟交通観光バス（株）,白根-茨曽根-新生町-燕線
兎,新潟交通観光バス（株）,白根-庄瀬-加茂線
兎新田,新潟市,南区　区バス　庄瀬ルート
愛宕原,五泉市,ふれあいバス
大野積,越後交通（株）,長岡駅前〜大野積
さくらアリーナ前,五泉市,ふれあいバス
清川高原保養センター,阿賀町,"上川地域　福祉バス（七名・三宝分方面）, 上川地域　福祉バス（東山・小出方面）, 上川地域　福祉バス（神谷・広谷・日野川方面）, 鹿瀬地域　福祉バス（日出谷方面〜鹿瀬診療所〜津川方面）, 鹿瀬地域　福祉バス（豊実・深戸方面〜鹿瀬診療所〜津川方面）, 津川地域　福祉バス（津川病院〜やまぶきの里〜津川商店街〜保養センター）, 津川地域　福祉バス（やまぶきの里〜津川病院〜津川商店街〜保養センター）, 津川地域　福祉バス（田沢・西・大牧方面）, 津川地域　福祉バス（雲和田・芦沢・上ノ山方面）, 津川地域　福祉バス（八ツ田・天満方面）, 津川地域　福祉バス（柳新田・払川・奥田方面）"
鹿瀬駅前,阿賀町,"鹿瀬地域　福祉バス（日出谷方面〜鹿瀬診療所〜津川方面）, 鹿瀬地域　福祉バス（豊実・深戸方面〜鹿瀬診療所〜津川方面）"
後須田,新潟交通観光バス（株）,巻駅前-六分-新潟経営大学
矢楯,燕市・弥彦村,弥彦・燕広域循環バス「やひこ号」
村松泉町,五泉市,ふれあいバス
上中村,新潟市,"南区　区バス　新飯田・茨曽根ルート, 南区　区バス　東部ルート"
吉田東町（いわぶち整形外科前）,燕市・弥彦村,弥彦・燕広域循環バス「やひこ号」
村松公園前,五泉市,ふれあいバス
三叉路,五泉市,ふれあいバス
須田中学前,新潟交通観光バス（株）,巻駅前-六分-新潟経営大学
南部郷厚生病院前,五泉市,ふれあいバス
城跡公園前,五泉市,ふれあいバス
村松下町,五泉市,ふれあいバス
池の尻,越後交通（株）,長岡駅前〜大野積
潟浦新,新潟交通観光バス（株）,白根-月潟-新生町-燕線
潟浦新,新潟市,西蒲区バス　巻駅前〜巻高校前〜新飯田橋
学校町二丁目,五泉市,ふれあいバス
小花地入口,新潟交通観光バス（株）,"三川支所前-黒岩上村-小花地線, 津川営業所-県立津川病院　小花地-三川駅前線"
鹿瀬支所前,阿賀町,"まちなか巡回バス, 鹿瀬地域　福祉バス（日出谷方面〜鹿瀬診療所〜津川方面）, 鹿瀬地域　福祉バス（豊実・深戸方面〜鹿瀬診療所〜津川方面）"
鹿瀬支所玄関前,阿賀町,鹿瀬コミュニティーバス
村松支所,五泉市,ふれあいバス
学校町一丁目,五泉市,ふれあいバス
新飯田保育園前,新潟交通観光バス（株）,白根-茨曽根-新生町-燕線
城下,五泉市,ふれあいバス
農協前,燕市・弥彦村,弥彦・燕広域循環バス「やひこ号」
新飯田保育園前,新潟市,"南区　区バス　新飯田・茨曽根ルート, 南区　区バス　東部ルート"
羽生田駅前,新潟交通観光バス（株）,幸町-穀町・田上町役場-湯っ多里館前
樋ノ口（ひらせい吉田店前）,燕市・弥彦村,弥彦・燕広域循環バス「やひこ号」
田中,阿賀町,"まちなか巡回バス, 鹿瀬地域　福祉バス（日出谷方面〜鹿瀬診療所〜津川方面）, 鹿瀬地域　福祉バス（豊実・深戸方面〜鹿瀬診療所〜津川方面）, 鹿瀬コミュニティーバス"
五反田,新潟交通観光バス（株）,"白根-庄瀬-加茂線, 巻駅前-六分-新潟経営大学"
村松仲町,五泉市,ふれあいバス
黒岩上村,新潟交通観光バス（株）,"三川支所前-黒岩上村-小花地線, 津川営業所-県立津川病院　小花地-三川駅前線"
黒岩上村,阿賀町,"三川地域　福祉バス（黒岩・谷沢方面〜診療所みかわ）, 三川地域　福祉バス（石間方面〜診療所みかわ〜谷沢方面〜やまぶきの里）"
佐藤様宅前交差点,阿賀町,津川地域　福祉バス（田沢・西・大牧方面）
大牧,阿賀町,津川地域　福祉バス（田沢・西・大牧方面）
弥彦村役場,燕市・弥彦村,弥彦・燕広域循環バス「やひこ号」
村松上町,五泉市,ふれあいバス
京ノ瀬（旧山の家前）,阿賀町,津川地域　福祉バス（田沢・西・大牧方面）
三川海洋センター前,新潟交通観光バス（株）,"三川支所前-黒岩上村-小花地線, 津川営業所-県立津川病院　小花地-三川駅前線"
三嶋神社前,阿賀町,"まちなか巡回バス, 鹿瀬地域　福祉バス（日出谷方面〜鹿瀬診療所〜津川方面）, 鹿瀬地域　福祉バス（豊実・深戸方面〜鹿瀬診療所〜津川方面）, 鹿瀬コミュニティーバス"
潟浦新中,新潟交通観光バス（株）,白根-月潟-新生町-燕線
潟浦新中,新潟市,西蒲区バス　巻駅前〜巻高校前〜新飯田橋
菱潟入口,阿賀町,鹿瀬コミュニティーバス
加茂新田,新潟交通観光バス（株）,"白根-庄瀬-加茂線, 巻駅前-六分-新潟経営大学"
城町,五泉市,ふれあいバス
矢作,燕市・弥彦村,弥彦・燕広域循環バス「やひこ号」
さくらニュータウン,五泉市,ふれあいバス
新生町,新潟交通観光バス（株）,"白根-茨曽根-新生町-燕線, 白根-月潟-新生町-燕線"
羽生田,新潟交通観光バス（株）,幸町-穀町・田上町役場-湯っ多里館前
春日町,五泉市,ふれあいバス
西村松,五泉市,ふれあいバス
関崎,新潟交通観光バス（株）,"白根-茨曽根-新生町-燕線, 白根-月潟-新生町-燕線"
旧鹿瀬中学前,阿賀町,"まちなか巡回バス, 鹿瀬地域　福祉バス（日出谷方面〜鹿瀬診療所〜津川方面）, 鹿瀬地域　福祉バス（豊実・深戸方面〜鹿瀬診療所〜津川方面）, 鹿瀬コミュニティーバス"
麦生野,阿賀町,鹿瀬地域　福祉バス（豊実・深戸方面〜鹿瀬診療所〜津川方面）
県立吉田病院,燕市,燕市循環バス「スワロー号」
県立吉田病院,燕市・弥彦村,弥彦・燕広域循環バス「やひこ号」
新飯田学校前,新潟交通観光バス（株）,白根-茨曽根-新生町-燕線
新飯田小学校前,新潟市,"南区　区バス　新飯田・茨曽根ルート, 南区　区バス　東部ルート"
角島,阿賀町,津川地域　福祉バス（田沢・西・大牧方面）
吉田駅,燕市,燕市循環バス「スワロー号」
吉田駅,燕市・弥彦村,弥彦・燕広域循環バス「やひこ号」
住寺堀,新潟交通観光バス（株）,"白根-庄瀬-加茂線, 巻駅前-六分-新潟経営大学"
津川駅,阿賀町,"上川地域　福祉バス（七名・三宝分方面）, 上川地域　福祉バス（東山・小出方面）, 上川地域　福祉バス（蝉・漆沢方面）, 上川地域　福祉バス（中山方面）, 上川地域　福祉バス（神谷・広谷・日野川方面）, 津川地域　福祉バス（やまぶきの里〜津川病院〜津川商店街〜保養センター）"
金沢三叉路,越後交通（株）,長岡駅前〜大野積
津川駅前,新潟交通観光バス（株）,"津川駅前-県立病院-室谷線, 西-津川駅-県立津川病院線, 津川駅-津川営業　線"
津川駅前,阿賀町,"津川地域　福祉バス（田沢・西・大牧方面）, 鹿瀬コミュニティーバス"
鹿瀬下村,阿賀町,"まちなか巡回バス, 鹿瀬地域　福祉バス（日出谷方面〜鹿瀬診療所〜津川方面）, 鹿瀬地域　福祉バス（豊実・深戸方面〜鹿瀬診療所〜津川方面）, 鹿瀬コミュニティーバス"
次新,新潟交通観光バス（株）,"白根-茨曽根-新生町-燕線, 白根-月潟-新生町-燕線"
堀内医院前,新潟交通観光バス（株）,"白根-庄瀬-加茂線, 巻駅前-六分-新潟経営大学"
羽生田神社前,新潟交通観光バス（株）,幸町-穀町・田上町役場-湯っ多里館前
谷沢神社前,新潟交通観光バス（株）,"三川支所前-黒岩上村-小花地線, 津川営業所-県立津川病院　小花地-三川駅前線"
谷沢神社前,阿賀町,"三川地域　福祉バス（黒岩・谷沢方面〜診療所みかわ）, 三川地域　福祉バス（石間方面〜診療所みかわ〜谷沢方面〜やまぶきの里）"
花園町,新潟交通観光バス（株）,"白根-茨曽根-新生町-燕線, 白根-月潟-新生町-燕線"
燕中等前,新潟交通観光バス（株）,"白根-茨曽根-新生町-燕線, 白根-月潟-新生町-燕線"
高屋,越後交通（株）,長岡駅前〜大野積
きりん橋,新潟交通観光バス（株）,"津川駅前-県立病院-室谷線, 西-津川駅-県立津川病院線, 津川駅-津川営業　線, 津川営業所-県立津川病院　小花地-三川駅前線"
麒麟橋,阿賀町,"まちなか巡回バス, 三川地域　福祉バス綱木（白崎方面〜診療所みかわ〜やまぶきの里）, 三川地域　福祉バス（石間方面〜診療所みかわ〜谷沢方面〜やまぶきの里）, 上川地域　福祉バス（七名・三宝分方面）, 上川地域　福祉バス（東山・小出方面）, 上川地域　福祉バス（蝉・漆沢方面）, 上川地域　福祉バス（中山方面）, 上川地域　福祉バス（神谷・広谷・日野川方面）, 鹿瀬地域　福祉バス（日出谷方面〜鹿瀬診療所〜津川方面）, 鹿瀬地域　福祉バス（豊実・深戸方面〜鹿瀬診療所〜津川方面）, 津川地域　福祉バス（津川病院〜やまぶきの里〜津川商店街〜保養センター）, 津川地域　福祉バス（やまぶきの里〜津川病院〜津川商店街〜保養センター）, 津川地域　福祉バス（田沢・西・大牧方面）, 津川地域　福祉バス（雲和田・芦沢・上ノ山方面）, 津川地域　福祉バス（八ツ田・天満方面）, 津川地域　福祉バス（柳新田・払川・奥田方面）, 鹿瀬コミュニティーバス"
鹿瀬一本杉,阿賀町,"まちなか巡回バス, 鹿瀬地域　福祉バス（日出谷方面〜鹿瀬診療所〜津川方面）, 鹿瀬地域　福祉バス（豊実・深戸方面〜鹿瀬診療所〜津川方面）, 鹿瀬コミュニティーバス"
峰見,燕市・弥彦村,弥彦・燕広域循環バス「やひこ号」
菱潟駐車場,阿賀町,鹿瀬地域　福祉バス（豊実・深戸方面〜鹿瀬診療所〜津川方面）
谷沢入口,新潟交通観光バス（株）,"三川支所前-黒岩上村-小花地線, 津川営業所-県立津川病院　小花地-三川駅前線"
谷沢入口,阿賀町,"三川地域　福祉バス（黒岩・谷沢方面〜診療所みかわ）, 三川地域　福祉バス（石間方面〜診療所みかわ〜谷沢方面〜やまぶきの里）"
下町,新潟交通観光バス（株）,"津川駅前-県立病院-室谷線, 西-津川駅-県立津川病院線, 津川駅-津川営業　線, 津川営業所-県立津川病院　小花地-三川駅前線"
下町,阿賀町,"まちなか巡回バス, 三川地域　福祉バス綱木（白崎方面〜診療所みかわ〜やまぶきの里）, 三川地域　福祉バス（石間方面〜診療所みかわ〜谷沢方面〜やまぶきの里）, 上川地域　福祉バス（七名・三宝分方面）, 上川地域　福祉バス（東山・小出方面）, 上川地域　福祉バス（蝉・漆沢方面）, 上川地域　福祉バス（中山方面）, 上川地域　福祉バス（神谷・広谷・日野川方面）, 鹿瀬地域　福祉バス（日出谷方面〜鹿瀬診療所〜津川方面）, 鹿瀬地域　福祉バス（豊実・深戸方面〜鹿瀬診療所〜津川方面）, 津川地域　福祉バス（津川病院〜やまぶきの里〜津川商店街〜保養センター）, 津川地域　福祉バス（やまぶきの里〜津川病院〜津川商店街〜保養センター）, 津川地域　福祉バス（田沢・西・大牧方面）, 津川地域　福祉バス（雲和田・芦沢・上ノ山方面）, 津川地域　福祉バス（八ツ田・天満方面）, 津川地域　福祉バス（柳新田・払川・奥田方面）, 鹿瀬コミュニティーバス"
谷沢下村,新潟交通観光バス（株）,"三川支所前-黒岩上村-小花地線, 津川営業所-県立津川病院　小花地-三川駅前線"
谷沢下村,阿賀町,"三川地域　福祉バス（黒岩・谷沢方面〜診療所みかわ）, 三川地域　福祉バス（石間方面〜診療所みかわ〜谷沢方面〜やまぶきの里）"
谷沢川向,新潟交通観光バス（株）,"三川支所前-黒岩上村-小花地線, 津川営業所-県立津川病院　小花地-三川駅前線"
谷沢川向,阿賀町,三川地域　福祉バス（石間方面〜診療所みかわ〜谷沢方面〜やまぶきの里）
きりん山温泉,阿賀町,"まちなか巡回バス, 鹿瀬地域　福祉バス（日出谷方面〜鹿瀬診療所〜津川方面）, 鹿瀬地域　福祉バス（豊実・深戸方面〜鹿瀬診療所〜津川方面）, 鹿瀬コミュニティーバス"
住吉神社前,阿賀町,"まちなか巡回バス, 三川地域　福祉バス綱木（白崎方面〜診療所みかわ〜やまぶきの里）, 三川地域　福祉バス（石間方面〜診療所みかわ〜谷沢方面〜やまぶきの里）, 上川地域　福祉バス（七名・三宝分方面）, 上川地域　福祉バス（東山・小出方面）, 上川地域　福祉バス（蝉・漆沢方面）, 上川地域　福祉バス（中山方面）, 上川地域　福祉バス（神谷・広谷・日野川方面）, 鹿瀬地域　福祉バス（日出谷方面〜鹿瀬診療所〜津川方面）, 鹿瀬地域　福祉バス（豊実・深戸方面〜鹿瀬診療所〜津川方面）, 津川地域　福祉バス（津川病院〜やまぶきの里〜津川商店街〜保養センター）, 津川地域　福祉バス（やまぶきの里〜津川病院〜津川商店街〜保養センター）, 津川地域　福祉バス（田沢・西・大牧方面）, 津川地域　福祉バス（雲和田・芦沢・上ノ山方面）, 津川地域　福祉バス（八ツ田・天満方面）, 津川地域　福祉バス（柳新田・払川・奥田方面）, 鹿瀬コミュニティーバス"
西,新潟交通観光バス（株）,西-津川駅-県立津川病院線
西,阿賀町,津川地域　福祉バス（田沢・西・大牧方面）
新飯田橋,新潟交通観光バス（株）,"白根-茨曽根-新生町-燕線, 白根-月潟-新生町-燕線"
新飯田橋,新潟市,西蒲区バス　巻駅前〜巻高校前〜新飯田橋
仲町,新潟交通観光バス（株）,"津川駅前-県立病院-室谷線, 西-津川駅-県立津川病院線, 津川駅-津川営業　線, 津川営業所-県立津川病院　小花地-三川駅前線"
仲町,阿賀町,"まちなか巡回バス, 三川地域　福祉バス綱木（白崎方面〜診療所みかわ〜やまぶきの里）, 三川地域　福祉バス（石間方面〜診療所みかわ〜谷沢方面〜やまぶきの里）, 上川地域　福祉バス（七名・三宝分方面）, 上川地域　福祉バス（東山・小出方面）, 上川地域　福祉バス（蝉・漆沢方面）, 上川地域　福祉バス（中山方面）, 上川地域　福祉バス（神谷・広谷・日野川方面）, 鹿瀬地域　福祉バス（日出谷方面〜鹿瀬診療所〜津川方面）, 鹿瀬地域　福祉バス（豊実・深戸方面〜鹿瀬診療所〜津川方面）, 津川地域　福祉バス（津川病院〜やまぶきの里〜津川商店街〜保養センター）, 津川地域　福祉バス（やまぶきの里〜津川病院〜津川商店街〜保養センター）, 津川地域　福祉バス（田沢・西・大牧方面）, 津川地域　福祉バス（雲和田・芦沢・上ノ山方面）, 津川地域　福祉バス（八ツ田・天満方面）, 津川地域　福祉バス（柳新田・払川・奥田方面）, 鹿瀬コミュニティーバス"
新飯田横町,新潟交通観光バス（株）,白根-茨曽根-新生町-燕線
新飯田横町,新潟市,"南区　区バス　新飯田・茨曽根ルート, 南区　区バス　東部ルート"
清水沢団地前,新潟交通観光バス（株）,幸町-穀町・田上町役場-湯っ多里館前
支援センター,燕市・弥彦村,弥彦・燕広域循環バス「やひこ号」
植木屋前,阿賀町,"まちなか巡回バス, 三川地域　福祉バス綱木（白崎方面〜診療所みかわ〜やまぶきの里）, 三川地域　福祉バス（石間方面〜診療所みかわ〜谷沢方面〜やまぶきの里）, 上川地域　福祉バス（七名・三宝分方面）, 上川地域　福祉バス（東山・小出方面）, 上川地域　福祉バス（蝉・漆沢方面）, 上川地域　福祉バス（中山方面）, 上川地域　福祉バス（神谷・広谷・日野川方面）, 鹿瀬地域　福祉バス（日出谷方面〜鹿瀬診療所〜津川方面）, 鹿瀬地域　福祉バス（豊実・深戸方面〜鹿瀬診療所〜津川方面）, 津川地域　福祉バス（津川病院〜やまぶきの里〜津川商店街〜保養センター）, 津川地域　福祉バス（やまぶきの里〜津川病院〜津川商店街〜保養センター）, 津川地域　福祉バス（田沢・西・大牧方面）, 津川地域　福祉バス（雲和田・芦沢・上ノ山方面）, 津川地域　福祉バス（八ツ田・天満方面）, 津川地域　福祉バス（柳新田・払川・奥田方面）, 鹿瀬コミュニティーバス"
内川,越後交通（株）,長岡駅前〜大野積
新飯田仲町,新潟市,"南区　区バス　新飯田・茨曽根ルート, 南区　区バス　東部ルート"
吉田産業会館,燕市,燕市循環バス「スワロー号」
吉田産業会館,燕市・弥彦村,弥彦・燕広域循環バス「やひこ号」
馬取公民館,阿賀町,鹿瀬地域　福祉バス（豊実・深戸方面〜鹿瀬診療所〜津川方面）
上町,阿賀町,"まちなか巡回バス, 三川地域　福祉バス綱木（白崎方面〜診療所みかわ〜やまぶきの里）, 三川地域　福祉バス（石間方面〜診療所みかわ〜谷沢方面〜やまぶきの里）, 上川地域　福祉バス（七名・三宝分方面）, 上川地域　福祉バス（東山・小出方面）, 上川地域　福祉バス（蝉・漆沢方面）, 上川地域　福祉バス（中山方面）, 上川地域　福祉バス（神谷・広谷・日野川方面）, 鹿瀬地域　福祉バス（日出谷方面〜鹿瀬診療所〜津川方面）, 鹿瀬地域　福祉バス（豊実・深戸方面〜鹿瀬診療所〜津川方面）, 津川地域　福祉バス（津川病院〜やまぶきの里〜津川商店街〜保養センター）, 津川地域　福祉バス（やまぶきの里〜津川病院〜津川商店街〜保養センター）, 津川地域　福祉バス（田沢・西・大牧方面）, 津川地域　福祉バス（雲和田・芦沢・上ノ山方面）, 津川地域　福祉バス（八ツ田・天満方面）, 津川地域　福祉バス（柳新田・払川・奥田方面）, 鹿瀬コミュニティーバス"
上町,新潟交通観光バス（株）,"津川駅前-県立病院-室谷線, 西-津川駅-県立津川病院線, 津川駅-津川営業　線, 津川営業所-県立津川病院　小花地-三川駅前線"
新飯田下町,新潟市,"南区　区バス　新飯田・茨曽根ルート, 南区　区バス　東部ルート"
上新田,新潟市,南区　区バス　新飯田・茨曽根ルート
豊美駅,阿賀町,鹿瀬コミュニティーバス
豊実駅前,阿賀町,鹿瀬地域　福祉バス（豊実・深戸方面〜鹿瀬診療所〜津川方面）
夢の木はうす,燕市・弥彦村,弥彦・燕広域循環バス「やひこ号」
新町,新潟市,南区　区バス　新飯田・茨曽根ルート
道心沢,新潟交通観光バス（株）,幸町-穀町・田上町役場-湯っ多里館前
林美容院前,阿賀町,"まちなか巡回バス, 三川地域　福祉バス綱木（白崎方面〜診療所みかわ〜やまぶきの里）, 三川地域　福祉バス（石間方面〜診療所みかわ〜谷沢方面〜やまぶきの里）, 上川地域　福祉バス（七名・三宝分方面）, 上川地域　福祉バス（東山・小出方面）, 上川地域　福祉バス（蝉・漆沢方面）, 上川地域　福祉バス（中山方面）, 上川地域　福祉バス（神谷・広谷・日野川方面）, 鹿瀬地域　福祉バス（日出谷方面〜鹿瀬診療所〜津川方面）, 鹿瀬地域　福祉バス（豊実・深戸方面〜鹿瀬診療所〜津川方面）, 津川地域　福祉バス（津川病院〜やまぶきの里〜津川商店街〜保養センター）, 津川地域　福祉バス（やまぶきの里〜津川病院〜津川商店街〜保養センター）, 津川地域　福祉バス（田沢・西・大牧方面）, 津川地域　福祉バス（雲和田・芦沢・上ノ山方面）, 津川地域　福祉バス（八ツ田・天満方面）, 津川地域　福祉バス（柳新田・払川・奥田方面）, 鹿瀬コミュニティーバス"
新飯田新町,新潟交通観光バス（株）,東三条-下須頃-新飯田線
県立病院前,新潟交通観光バス（株）,"津川駅前-県立病院-室谷線, 西-津川駅-県立津川病院線, 津川営業所-県立津川病院　小花地-三川駅前線"
県立病院前,阿賀町,"まちなか巡回バス, 鹿瀬地域　福祉バス（日出谷方面〜鹿瀬診療所〜津川方面）, 鹿瀬地域　福祉バス（豊実・深戸方面〜鹿瀬診療所〜津川方面）, 津川地域　福祉バス（津川病院〜やまぶきの里〜津川商店街〜保養センター）, 鹿瀬コミュニティーバス"
西燕駅,燕市,燕市循環バス「スワロー号」
県立津川病院,新潟交通観光バス（株）,"津川駅前-県立病院-室谷線, 西-津川駅-県立津川病院線, 津川営業所-県立津川病院　小花地-三川駅前線"
県立津川病院,阿賀町,"まちなか巡回バス, 三川地域　福祉バス綱木（白崎方面〜診療所みかわ〜やまぶきの里）, 三川地域　福祉バス（石間方面〜診療所みかわ〜谷沢方面〜やまぶきの里）, 上川地域　福祉バス（柴倉方面　）, 上川地域　福祉バス（七名・三宝分方面）, 上川地域　福祉バス（黒谷・小手茂・明谷沢方面）, 上川地域　福祉バス（東山・小出方面）, 上川地域　福祉バス（蝉・漆沢方面）, 上川地域　福祉バス（中山方面）, 上川地域　福祉バス（神谷・広谷・日野川方面）, 鹿瀬地域　福祉バス（日出谷方面〜鹿瀬診療所〜津川方面）, 鹿瀬地域　福祉バス（豊実・深戸方面〜鹿瀬診療所〜津川方面）, 津川地域　福祉バス（津川病院〜やまぶきの里〜津川商店街〜保養センター）, 津川地域　福祉バス（やまぶきの里〜津川病院〜津川商店街〜保養センター）, 津川地域　福祉バス（田沢・西・大牧方面）, 津川地域　福祉バス（雲和田・芦沢・上ノ山方面）, 津川地域　福祉バス（八ツ田・天満方面）, 津川地域　福祉バス（柳新田・払川・奥田方面）, 鹿瀬コミュニティーバス"
中浜,越後交通（株）,長岡駅前〜大野積
温泉入口,新潟交通観光バス（株）,"津川駅前-県立病院-室谷線, 西-津川駅-県立津川病院線, 津川駅-津川営業　線, 津川営業所-県立津川病院　小花地-三川駅前線"
温泉入口,阿賀町,"まちなか巡回バス, 三川地域　福祉バス綱木（白崎方面〜診療所みかわ〜やまぶきの里）, 三川地域　福祉バス（石間方面〜診療所みかわ〜谷沢方面〜やまぶきの里）, 上川地域　福祉バス（七名・三宝分方面）, 上川地域　福祉バス（東山・小出方面）, 上川地域　福祉バス（蝉・漆沢方面）, 上川地域　福祉バス（中山方面）, 上川地域　福祉バス（神谷・広谷・日野川方面）, 鹿瀬地域　福祉バス（日出谷方面〜鹿瀬診療所〜津川方面）, 鹿瀬地域　福祉バス（豊実・深戸方面〜鹿瀬診療所〜津川方面）, 津川地域　福祉バス（津川病院〜やまぶきの里〜津川商店街〜保養センター）, 津川地域　福祉バス（やまぶきの里〜津川病院〜津川商店街〜保養センター）, 津川地域　福祉バス（田沢・西・大牧方面）, 津川地域　福祉バス（雲和田・芦沢・上ノ山方面）, 津川地域　福祉バス（八ツ田・天満方面）, 津川地域　福祉バス（柳新田・払川・奥田方面）, 鹿瀬コミュニティーバス"
芦沢,阿賀町,"まちなか巡回バス, 津川地域　福祉バス（雲和田・芦沢・上ノ山方面）"
諏訪の木,新潟交通観光バス（株）,"白根-庄瀬-加茂線, 巻駅前-六分-新潟経営大学"
村山ポンプ小屋,燕市・弥彦村,弥彦・燕広域循環バス「やひこ号」
大島小学校前,新潟交通観光バス（株）,東三条-下須頃-新飯田線
代官島,新潟交通観光バス（株）,東三条-下須頃-新飯田線
渡辺医院・原町,阿賀町,"まちなか巡回バス, 三川地域　福祉バス綱木（白崎方面〜診療所みかわ〜やまぶきの里）, 三川地域　福祉バス（石間方面〜診療所みかわ〜谷沢方面〜やまぶきの里）, 上川地域　福祉バス（柴倉方面　）, 上川地域　福祉バス（七名・三宝分方面）, 上川地域　福祉バス（黒谷・小手茂・明谷沢方面）, 上川地域　福祉バス（東山・小出方面）, 上川地域　福祉バス（蝉・漆沢方面）, 上川地域　福祉バス（中山方面）, 上川地域　福祉バス（神谷・広谷・日野川方面）, 鹿瀬地域　福祉バス（日出谷方面〜鹿瀬診療所〜津川方面）, 鹿瀬地域　福祉バス（豊実・深戸方面〜鹿瀬診療所〜津川方面）, 津川地域　福祉バス（津川病院〜やまぶきの里〜津川商店街〜保養センター）, 津川地域　福祉バス（やまぶきの里〜津川病院〜津川商店街〜保養センター）, 津川地域　福祉バス（田沢・西・大牧方面）, 津川地域　福祉バス（雲和田・芦沢・上ノ山方面）, 津川地域　福祉バス（八ツ田・天満方面）, 津川地域　福祉バス（柳新田・払川・奥田方面）, 鹿瀬コミュニティーバス"
上ノ山①,阿賀町,まちなか巡回バス
阿賀黎明中高前,新潟交通観光バス（株）,"津川駅前-県立病院-室谷線, 津川駅-津川営業　線, 津川営業所-県立津川病院　小花地-三川駅前線"
阿賀黎明高前,阿賀町,"まちなか巡回バス, 津川地域　福祉バス（田沢・西・大牧方面）, 津川地域　福祉バス（八ツ田・天満方面）, 鹿瀬コミュニティーバス"
さくらの湯,燕市・弥彦村,弥彦・燕広域循環バス「やひこ号」
川船,新潟交通観光バス（株）,幸町-穀町・田上町役場-湯っ多里館前
阿賀津川中学校,阿賀町,鹿瀬コミュニティーバス
上ノ山（福祉バス停）,阿賀町,津川地域　福祉バス（雲和田・芦沢・上ノ山方面）
旧消防署前,阿賀町,まちなか巡回バス
上ノ山②,阿賀町,まちなか巡回バス
阿賀町役場正面玄関,阿賀町,"上川地域　福祉バス（柴倉方面　）, 上川地域　福祉バス（七名・三宝分方面）, 上川地域　福祉バス（黒谷・小手茂・明谷沢方面）, 上川地域　福祉バス（東山・小出方面）, 上川地域　福祉バス（蝉・漆沢方面）, 上川地域　福祉バス（中山方面）, 上川地域　福祉バス（神谷・広谷・日野川方面）, 鹿瀬地域　福祉バス（日出谷方面〜鹿瀬診療所〜津川方面）, 鹿瀬地域　福祉バス（豊実・深戸方面〜鹿瀬診療所〜津川方面）, 津川地域　福祉バス（津川病院〜やまぶきの里〜津川商店街〜保養センター）, 津川地域　福祉バス（やまぶきの里〜津川病院〜津川商店街〜保養センター）, 津川地域　福祉バス（田沢・西・大牧方面）, 津川地域　福祉バス（八ツ田・天満方面）, 鹿瀬コミュニティーバス"
荒谷,越後交通（株）,長岡駅前〜大野積
阿賀町役場,阿賀町,まちなか巡回バス
消防署前,新潟交通観光バス（株）,"津川駅前-県立病院-室谷線, 津川駅-津川営業　線, 津川営業所-県立津川病院　小花地-三川駅前線"
大戸,燕市・弥彦村,弥彦・燕広域循環バス「やひこ号」
やまぶきの里,阿賀町,"まちなか巡回バス, 三川地域　福祉バス綱木（白崎方面〜診療所みかわ〜やまぶきの里）, 三川地域　福祉バス（石間方面〜診療所みかわ〜谷沢方面〜やまぶきの里）, 上川地域　福祉バス（柴倉方面　）, 上川地域　福祉バス（七名・三宝分方面）, 上川地域　福祉バス（黒谷・小手茂・明谷沢方面）, 上川地域　福祉バス（東山・小出方面）, 上川地域　福祉バス（蝉・漆沢方面）, 上川地域　福祉バス（中山方面）, 上川地域　福祉バス（神谷・広谷・日野川方面）, 鹿瀬地域　福祉バス（日出谷方面〜鹿瀬診療所〜津川方面）, 鹿瀬地域　福祉バス（豊実・深戸方面〜鹿瀬診療所〜津川方面）, 津川地域　福祉バス（津川病院〜やまぶきの里〜津川商店街〜保養センター）, 津川地域　福祉バス（やまぶきの里〜津川病院〜津川商店街〜保養センター）, 津川地域　福祉バス（田沢・西・大牧方面）, 津川地域　福祉バス（雲和田・芦沢・上ノ山方面）, 津川地域　福祉バス（八ツ田・天満方面）, 津川地域　福祉バス（柳新田・払川・奥田方面）, 鹿瀬コミュニティーバス"
上ノ山③,阿賀町,まちなか巡回バス
吉田西太田［ウオロク吉田店前］,燕市,燕市循環バス「スワロー号」
吉田西太田（ウオロク吉田店前）,燕市・弥彦村,弥彦・燕広域循環バス「やひこ号」
燕市役所,燕市,燕市循環バス「スワロー号」
加茂暁星高校,新潟交通観光バス（株）,"白根-庄瀬-加茂線, 巻駅前-六分-新潟経営大学, 加茂駅前-加茂暁星高校-新潟経営大学"
坂田暁星高校前,新潟交通観光バス（株）,"加茂駅前-加茂暁星高校-新潟経営大学, 幸町-穀町・田上町役場-湯っ多里館前"
平堀（熊野神社前）,阿賀町,津川地域　福祉バス（田沢・西・大牧方面）
大島諏訪神社前,新潟交通観光バス（株）,東三条-下須頃-新飯田線
下村入口,新潟交通観光バス（株）,"津川駅前-県立病院-室谷線, 津川駅-津川営業　線, 津川営業所-県立津川病院　小花地-三川駅前線"
下村入口,阿賀町,津川地域　福祉バス（八ツ田・天満方面）
新潟経営大学,新潟交通観光バス（株）,"白根-庄瀬-加茂線, 巻駅前-六分-新潟経営大学, 加茂駅前-加茂暁星高校-新潟経営大学"
離石,阿賀町,鹿瀬地域　福祉バス（豊実・深戸方面〜鹿瀬診療所〜津川方面）
奥田,阿賀町,津川地域　福祉バス（柳新田・払川・奥田方面）
倉ノ平（消防車庫前）,阿賀町,津川地域　福祉バス（田沢・西・大牧方面）
鴨原,燕市・弥彦村,弥彦・燕広域循環バス「やひこ号」
市坂,越後交通（株）,長岡駅前〜大野積
津川営業所,新潟交通観光バス（株）,"津川駅前-県立病院-室谷線, 津川駅-津川営業　線, 津川営業所-県立津川病院　小花地-三川駅前線"
新交前,阿賀町,津川地域　福祉バス（八ツ田・天満方面）
平成園前,新潟交通観光バス（株）,"白根-庄瀬-加茂線, 巻駅前-六分-新潟経営大学"
平堀（農村公園前）,阿賀町,津川地域　福祉バス（田沢・西・大牧方面）
学校町,新潟交通観光バス（株）,"白根-庄瀬-加茂線, 巻駅前-六分-新潟経営大学, 加茂駅前-加茂暁星高校-新潟経営大学, 幸町-穀町・田上町役場-湯っ多里館前"
徳根,阿賀町,鹿瀬地域　福祉バス（豊実・深戸方面〜鹿瀬診療所〜津川方面）
廿六木三［原信燕店付近］,燕市,燕市循環バス「スワロー号」
加茂警察署前,越後交通（株）,"東三条駅〜加茂駅前, 東三条駅〜三条東高校〜加茂駅前, 東三条駅〜保内公園〜加茂駅前"
新渡,阿賀町,鹿瀬地域　福祉バス（豊実・深戸方面〜鹿瀬診療所〜津川方面）
大島,新潟交通観光バス（株）,東三条-下須頃-新飯田線
長辰,燕市,燕市循環バス「スワロー号」
長辰,燕市・弥彦村,弥彦・燕広域循環バス「やひこ号」
平堀,新潟交通観光バス（株）,津川駅前-県立病院-室谷線
平堀,阿賀町,津川地域　福祉バス（八ツ田・天満方面）
新潟みらい阿賀支店,阿賀町,"上川地域　福祉バス（柴倉方面　）, 上川地域　福祉バス（七名・三宝分方面）, 上川地域　福祉バス（黒谷・小手茂・明谷沢方面）, 上川地域　福祉バス（東山・小出方面）, 上川地域　福祉バス（蝉・漆沢方面）, 上川地域　福祉バス（中山方面）, 上川地域　福祉バス（神谷・広谷・日野川方面）"
燕駅,燕市,燕市循環バス「スワロー号」
燕駅前,新潟交通観光バス（株）,"白根-茨曽根-新生町-燕線, 白根-月潟-新生町-燕線, 大島-井土巻-燕線"
燕駅前,越後交通（株）,"燕駅前〜分水駅前, 東三条駅前〜燕駅前"
野積橋,越後交通（株）,長岡駅前〜大野積
加茂高校前,新潟交通観光バス（株）,"白根-庄瀬-加茂線, 巻駅前-六分-新潟経営大学"
柳川若宮神社,三条市,循環バス「ぐるっとさん」井栗線
燕労災病院,燕市,燕市循環バス「スワロー号」
三貫地ふれあいセンター,三条市,循環バス「ぐるっとさん」井栗線
常浪,新潟交通観光バス（株）,津川駅前-県立病院-室谷線
常浪,阿賀町,津川地域　福祉バス（八ツ田・天満方面）
本町,新潟交通観光バス（株）,大島-井土巻-燕線
朝日町［明道メタル前］,燕市,燕市循環バス「スワロー号」
燕本町通り,越後交通（株）,"燕駅前〜分水駅前, 東三条駅前〜燕駅前"
加茂病院前,新潟交通観光バス（株）,"白根-庄瀬-加茂線, 巻駅前-六分-新潟経営大学, 加茂駅前-加茂暁星高校-新潟経営大学, 幸町-穀町・田上町役場-湯っ多里館前"
加茂病院前,越後交通（株）,"東三条駅〜加茂駅前, 東三条駅〜三条東高校〜加茂駅前, 東三条駅〜保内公園〜加茂駅前"
柳川緑地（公園）,三条市,循環バス「ぐるっとさん」井栗線
千刈,越後交通（株）,"東三条駅〜加茂駅前, 東三条駅〜三条東高校〜加茂駅前, 東三条駅〜保内公園〜加茂駅前"
燕図書館,越後交通（株）,"燕駅前〜分水駅前, 東三条駅前〜燕駅前"
新川口,越後交通（株）,長岡駅前〜大野積
てまりの湯,燕市,燕市循環バス「スワロー号」
てまりの湯,燕市・弥彦村,弥彦・燕広域循環バス「やひこ号」
穀町（燕）,越後交通（株）,"燕駅前〜分水駅前, 東三条駅前〜燕駅前"
幸町,新潟交通観光バス（株）,"白根-庄瀬-加茂線, 巻駅前-六分-新潟経営大学, 幸町-穀町・田上町役場-湯っ多里館前"
平石,阿賀町,津川地域　福祉バス（八ツ田・天満方面）
八木山（会館前）,阿賀町,津川地域　福祉バス（田沢・西・大牧方面）
木場小路,越後交通（株）,"燕駅前〜分水駅前, 東三条駅前〜燕駅前"
青海通,新潟交通観光バス（株）,"白根-庄瀬-加茂線, 巻駅前-六分-新潟経営大学, 加茂駅前-加茂暁星高校-新潟経営大学, 幸町-穀町・田上町役場-湯っ多里館前"
三貫地日吉神社,三条市,循環バス「ぐるっとさん」井栗線
道の駅国上,燕市,燕市循環バス「スワロー号」
道の駅国上,燕市・弥彦村,弥彦・燕広域循環バス「やひこ号」
広沢（会館前）,阿賀町,津川地域　福祉バス（八ツ田・天満方面）
雲和田（会館前）,阿賀町,津川地域　福祉バス（雲和田・芦沢・上ノ山方面）
幸町（三条）,越後交通（株）,"東三条駅〜加茂駅前, 東三条駅〜三条東高校〜加茂駅前, 東三条駅〜保内公園〜加茂駅前"
須戸・柳場,三条市,循環バス「ぐるっとさん」井栗線
燕仲町,越後交通（株）,"燕駅前〜分水駅前, 東三条駅前〜燕駅前"
加茂小学校前,新潟交通観光バス（株）,"白根-庄瀬-加茂線, 巻駅前-六分-新潟経営大学, 加茂駅前-加茂暁星高校-新潟経営大学, 幸町-穀町・田上町役場-湯っ多里館前"
加茂小学校前,越後交通（株）,"東三条駅〜加茂駅前, 東三条駅〜三条東高校〜加茂駅前, 東三条駅〜保内公園〜加茂駅前"
寿町,新潟交通観光バス（株）,"白根-庄瀬-加茂線, 巻駅前-六分-新潟経営大学, 幸町-穀町・田上町役場-湯っ多里館前"
つぼみ保育園,越後交通（株）,"燕駅前〜分水駅前, 東三条駅前〜燕駅前"
コロニー前,越後交通（株）,"東三条駅前〜地場産〜寺泊車庫前, 東三条駅前〜八王寺〜寺泊車庫前, 長岡駅前〜大野積"
福取（林道入口）,阿賀町,津川地域　福祉バス（八ツ田・天満方面）
中央橋南口,新潟交通観光バス（株）,大島-井土巻-燕線
水道町4丁目北,越後交通（株）,"燕駅前〜分水駅前, 東三条駅前〜燕駅前"
穀町（加茂）,越後交通（株）,"東三条駅〜加茂駅前, 東三条駅〜三条東高校〜加茂駅前, 東三条駅〜保内公園〜加茂駅前"
穀町,新潟交通観光バス（株）,"白根-庄瀬-加茂線, 巻駅前-六分-新潟経営大学, 幸町-穀町・田上町役場-湯っ多里館前"
大島三方,新潟交通観光バス（株）,東三条-下須頃-新飯田線
越後交通（株）三条営業所,三条市,"循環バス「ぐるっとさん」上林線, 循環バス「ぐるっとさん」井栗線"
三条営業所,越後交通（株）,東三条駅前〜三条営業所
天満,新潟交通観光バス（株）,津川駅前-県立病院-室谷線
天満,阿賀町,津川地域　福祉バス（八ツ田・天満方面）
旭町,越後交通（株）,"東三条駅〜加茂駅前, 東三条駅〜三条東高校〜加茂駅前, 東三条駅〜保内公園〜加茂駅前"
加茂駅前,越後交通（株）,"東三条駅〜加茂駅前, 東三条駅〜三条東高校〜加茂駅前, 東三条駅〜保内公園〜加茂駅前"
加茂駅前,新潟交通観光バス（株）,加茂駅前-加茂暁星高校-新潟経営大学
加茂駅,新潟交通観光バス（株）,白根-庄瀬-加茂線
駅前通,越後交通（株）,"東三条駅〜加茂駅前, 東三条駅〜三条東高校〜加茂駅前, 東三条駅〜保内公園〜加茂駅前"
白山,三条市,循環バス「ぐるっとさん」井栗線
八ツ田,阿賀町,津川地域　福祉バス（八ツ田・天満方面）
下栗林,三条市,循環バス「ぐるっとさん」上林線
水道町4丁目南,越後交通（株）,"燕駅前〜分水駅前, 東三条駅前〜燕駅前"
井土巻神社前,新潟交通観光バス（株）,大島-井土巻-燕線
大郷町,越後交通（株）,"東三条駅〜加茂駅前, 東三条駅〜三条東高校〜加茂駅前, 東三条駅〜保内公園〜加茂駅前"
白岩,越後交通（株）,"東三条駅前〜地場産〜寺泊車庫前, 東三条駅前〜八王寺〜寺泊車庫前, 長岡駅前〜大野積"
花立（会館前）,阿賀町,津川地域　福祉バス（八ツ田・天満方面）
下井土巻,新潟交通観光バス（株）,大島-井土巻-燕線
野村,新潟交通観光バス（株）,津川駅前-県立病院-室谷線
東町,新潟交通観光バス（株）,大島-井土巻-燕線
栗林中央,三条市,循環バス「ぐるっとさん」上林線
白山上,三条市,循環バス「ぐるっとさん」井栗線
水道町3丁目,越後交通（株）,"燕駅前〜分水駅前, 東三条駅前〜燕駅前"
大島中学前,新潟交通観光バス（株）,東三条-下須頃-新飯田線
東町［チャレンジャー燕三条店］,燕市,燕市循環バス「スワロー号」
県央大橋東詰,越後交通（株）,東三条駅前〜地場産〜寺泊車庫前
野村（諏訪神社前）,阿賀町,津川地域　福祉バス（八ツ田・天満方面）
粟生津駅,燕市,燕市循環バス「スワロー号」
渡部,越後交通（株）,"東三条駅前〜地場産〜寺泊車庫前, 東三条駅前〜八王寺〜寺泊車庫前"
下条（三条）,越後交通（株）,"東三条駅〜加茂駅前, 東三条駅〜三条東高校〜加茂駅前, 東三条駅〜保内公園〜加茂駅前"
井土巻2丁目,越後交通（株）,東三条駅前〜地場産〜寺泊車庫前
栄,新潟交通観光バス（株）,津川駅前-県立病院-室谷線
栄,阿賀町,"上川地域　福祉バス（七名・三宝分方面）, 上川地域　福祉バス（東山・小出方面）, 上川地域　福祉バス（神谷・広谷・日野川方面）"
金属工業団地,越後交通（株）,東三条駅前〜三条営業所
渡部橋,越後交通（株）,"東三条駅前〜地場産〜寺泊車庫前, 東三条駅前〜八王寺〜寺泊車庫前"
大曲七番組,越後交通（株）,"燕駅前〜分水駅前, 東三条駅前〜燕駅前"
寺泊文化センター前,越後交通（株）,"東三条駅前〜地場産〜寺泊車庫前, 東三条駅前〜八王寺〜寺泊車庫前, 長岡駅前〜大野積"
上林小学校,三条市,循環バス「ぐるっとさん」上林線
金属工業団地入口,越後交通（株）,東三条駅前〜三条営業所
払川,阿賀町,津川地域　福祉バス（柳新田・払川・奥田方面）
北野,三条市,循環バス「ぐるっとさん」井栗線
大島病院前,新潟交通観光バス（株）,"東三条-下須頃-新飯田線, 大島-井土巻-燕線"
渡部入口,越後交通（株）,"東三条駅前〜地場産〜寺泊車庫前, 東三条駅前〜八王寺〜寺泊車庫前"
長木入口,新潟交通観光バス（株）,津川駅前-県立病院-室谷線
長木入口,阿賀町,"上川地域　福祉バス（七名・三宝分方面）, 上川地域　福祉バス（東山・小出方面）, 上川地域　福祉バス（神谷・広谷・日野川方面）"
県央大橋西詰,越後交通（株）,"燕駅前〜分水駅前, 東三条駅前〜燕駅前, 東三条駅前〜地場産〜寺泊車庫前"
井土巻,燕市,燕市循環バス「スワロー号」
地場産センター前,三条市,"循環バス「ぐるっとさん」燕三条ライン, 循環バス「ぐるっとさん」三条循環線"
地場産センター前,越後交通（株）,東三条駅前〜地場産〜寺泊車庫前
坂井町,越後交通（株）,"東三条駅前〜地場産〜寺泊車庫前, 東三条駅前〜八王寺〜寺泊車庫前, 長岡駅前〜大野積"
太田,燕市,燕市循環バス「スワロー号」
石港,越後交通（株）,"東三条駅前〜地場産〜寺泊車庫前, 東三条駅前〜八王寺〜寺泊車庫前"
下須頃入口,新潟交通観光バス（株）,東三条-下須頃-新飯田線
三条商工会議所前,三条市,循環バス「ぐるっとさん」三条循環線
福島（三条）,越後交通（株）,"東三条駅〜加茂駅前, 東三条駅〜三条東高校〜加茂駅前, 東三条駅〜保内公園〜加茂駅前"
燕三条駅,燕市,燕市循環バス「スワロー号」
大曲,越後交通（株）,"燕駅前〜分水駅前, 東三条駅前〜燕駅前, 東三条駅前〜地場産〜寺泊車庫前"
源八新田,越後交通（株）,"東三条駅前〜地場産〜寺泊車庫前, 東三条駅前〜八王寺〜寺泊車庫前"
石上3丁目,三条市,循環バス「ぐるっとさん」上林線
九島下,新潟交通観光バス（株）,津川駅前-県立病院-室谷線
九島下,阿賀町,"上川地域　福祉バス（七名・三宝分方面）, 上川地域　福祉バス（東山・小出方面）, 上川地域　福祉バス（神谷・広谷・日野川方面）"
燕三条駅前,越後交通（株）,東三条駅前〜地場産〜寺泊車庫前
燕三条駅前,新潟交通観光バス（株）,東三条-下須頃-新飯田線
燕三条駅前,三条市,"循環バス「ぐるっとさん」燕三条ライン, 循環バス「ぐるっとさん」三条循環線"
魚の市場通り,越後交通（株）,"東三条駅前〜地場産〜寺泊車庫前, 東三条駅前〜八王寺〜寺泊車庫前, 長岡駅前〜大野積"
八幡神社,三条市,井栗地区コミュニティバス
日吉神社,三条市,井栗地区コミュニティバス
竹ケ花,越後交通（株）,"東三条駅前〜地場産〜寺泊車庫前, 東三条駅前〜八王寺〜寺泊車庫前"
井栗日吉神社前,三条市,循環バス「ぐるっとさん」井栗線
大曲上口,越後交通（株）,"燕駅前〜分水駅前, 東三条駅前〜燕駅前, 東三条駅前〜地場産〜寺泊車庫前"
明田川商店,三条市,井栗地区コミュニティバス
井栗集会場,三条市,井栗地区コミュニティバス
井栗郵便局,三条市,井栗地区コミュニティバス
中島［農協前］,燕市,燕市循環バス「スワロー号」
田沢（会館前）,阿賀町,津川地域　福祉バス（田沢・西・大牧方面）
中島,越後交通（株）,"東三条駅前〜地場産〜寺泊車庫前, 東三条駅前〜八王寺〜寺泊車庫前"
勘兵衛茶屋,三条市,井栗地区コミュニティバス
石上2丁目,三条市,循環バス「ぐるっとさん」上林線
上田町（寺泊）,越後交通（株）,"東三条駅前〜地場産〜寺泊車庫前, 東三条駅前〜八王寺〜寺泊車庫前, 長岡駅前〜大野積"
田辺太左衛門,三条市,井栗地区コミュニティバス
宮の浦,越後交通（株）,"東三条駅〜加茂駅前, 東三条駅〜三条東高校〜加茂駅前, 東三条駅〜保内公園〜加茂駅前"
第四中学校入口,三条市,循環バス「ぐるっとさん」井栗線
九島,新潟交通観光バス（株）,津川駅前-県立病院-室谷線
九島,阿賀町,"上川地域　福祉バス（七名・三宝分方面）, 上川地域　福祉バス（東山・小出方面）, 上川地域　福祉バス（神谷・広谷・日野川方面）"
文化建設西側,三条市,井栗地区コミュニティバス
大町（寺泊）,越後交通（株）,"東三条駅前〜地場産〜寺泊車庫前, 東三条駅前〜八王寺〜寺泊車庫前, 長岡駅前〜大野積"
保内中央,越後交通（株）,"東三条駅〜加茂駅前, 東三条駅〜三条東高校〜加茂駅前, 東三条駅〜保内公園〜加茂駅前"
大学・専門学校前,三条市,"循環バス「ぐるっとさん」燕三条ライン, 循環バス「ぐるっとさん」三条循環線"
中島入口（分水）,越後交通（株）,"東三条駅前〜地場産〜寺泊車庫前, 東三条駅前〜八王寺〜寺泊車庫前"
八王寺三叉路,越後交通（株）,"燕駅前〜分水駅前, 東三条駅前〜地場産〜寺泊車庫前, 東三条駅前〜八王寺〜寺泊車庫前"
JA井栗支所前,三条市,井栗地区コミュニティバス
西潟,三条市,循環バス「ぐるっとさん」井栗線
西潟,越後交通（株）,"東三条駅〜加茂駅前, 東三条駅〜三条東高校〜加茂駅前, 東三条駅〜保内公園〜加茂駅前"
鶴田,三条市,循環バス「ぐるっとさん」井栗線
鶴田,越後交通（株）,"東三条駅〜加茂駅前, 東三条駅〜三条東高校〜加茂駅前, 東三条駅〜保内公園〜加茂駅前"
井栗小学校前,三条市,循環バス「ぐるっとさん」井栗線
井栗小学校前,越後交通（株）,"東三条駅〜加茂駅前, 東三条駅〜三条東高校〜加茂駅前, 東三条駅〜保内公園〜加茂駅前"
八王寺中央,越後交通（株）,"東三条駅前〜燕駅前, 東三条駅前〜八王寺〜寺泊車庫前"
三条総合病院,三条市,井栗地区コミュニティバス
三条総合病院前,越後交通（株）,東三条駅前〜三条営業所
西鶴田,三条市,循環バス「ぐるっとさん」井栗線
西鶴田,越後交通（株）,"東三条駅〜加茂駅前, 東三条駅〜三条東高校〜加茂駅前, 東三条駅〜保内公園〜加茂駅前"
石上,三条市,循環バス「ぐるっとさん」三条循環線
三条病院入口,越後交通（株）,東三条駅前〜三条営業所
鶴田メディカル,三条市,井栗地区コミュニティバス
三柳,越後交通（株）,"東三条駅〜加茂駅前, 東三条駅〜三条東高校〜加茂駅前, 東三条駅〜保内公園〜加茂駅前"
佐渡汽船入口,越後交通（株）,"東三条駅前〜地場産〜寺泊車庫前, 東三条駅前〜八王寺〜寺泊車庫前, 長岡駅前〜大野積"
下須頃,三条市,循環バス「ぐるっとさん」燕三条ライン
下須頃,越後交通（株）,東三条駅前〜地場産〜寺泊車庫前
下須頃,新潟交通観光バス（株）,東三条-下須頃-新飯田線
保内工業団地入口,越後交通（株）,"東三条駅〜加茂駅前, 東三条駅〜三条東高校〜加茂駅前"
消防本部,三条市,"循環バス「ぐるっとさん」嵐北・嵐南線, 循環バス「ぐるっとさん」三条循環線, 循環バス「ぐるっとさん」上林線"
イオン三条店,三条市,井栗地区コミュニティバス
八王寺橋西詰,越後交通（株）,"東三条駅前〜燕駅前, 東三条駅前〜八王寺〜寺泊車庫前"
九島上,新潟交通観光バス（株）,津川駅前-県立病院-室谷線
九島上,阿賀町,"上川地域　福祉バス（七名・三宝分方面）, 上川地域　福祉バス（東山・小出方面）, 上川地域　福祉バス（神谷・広谷・日野川方面）"
ホームセンタームサシ三条店前,三条市,循環バス「ぐるっとさん」三条循環線
第三中学校グランド前,三条市,"循環バス「ぐるっとさん」嵐北・嵐南線, 循環バス「ぐるっとさん」三条循環線, 循環バス「ぐるっとさん」上林線"
塚野目,越後交通（株）,"東三条駅〜加茂駅前, 東三条駅〜三条東高校〜加茂駅前, 東三条駅〜保内公園〜加茂駅前"
マルイ,三条市,井栗地区コミュニティバス
保内公園前,越後交通（株）,東三条駅〜保内公園〜加茂駅前
三条警察署,三条市,循環バス「ぐるっとさん」嵐北・嵐南線
上保内踏切,越後交通（株）,"東三条駅〜加茂駅前, 東三条駅〜三条東高校〜加茂駅前"
寺泊新道,越後交通（株）,長岡駅前〜大野積
荒町2丁目,三条市,循環バス「ぐるっとさん」嵐北・嵐南線
二ノ関,越後交通（株）,長岡駅前〜大野積
寺泊車庫前,越後交通（株）,"東三条駅前〜地場産〜寺泊車庫前, 東三条駅前〜八王寺〜寺泊車庫前, 長岡駅前〜大野積"
分水保健福祉センター,燕市,燕市循環バス「スワロー号」
新堀,越後交通（株）,"東三条駅前〜地場産〜寺泊車庫前, 東三条駅前〜八王寺〜寺泊車庫前"
八王寺橋東詰,越後交通（株）,"東三条駅前〜燕駅前, 東三条駅前〜八王寺〜寺泊車庫前"
保内踏切,越後交通（株）,東三条駅〜保内公園〜加茂駅前
大門,新潟交通観光バス（株）,津川駅前-県立病院-室谷線
大門,阿賀町,"上川地域　福祉バス（七名・三宝分方面）, 上川地域　福祉バス（東山・小出方面）, 上川地域　福祉バス（神谷・広谷・日野川方面）"
保内小学校グランド前,越後交通（株）,東三条駅〜保内公園〜加茂駅前
保内駅入口,越後交通（株）,東三条駅〜保内公園〜加茂駅前
三条東高校,三条市,"循環バス「ぐるっとさん」三条循環線, 循環バス「ぐるっとさん」井栗線"
三条東高校,越後交通（株）,東三条駅〜三条東高校〜加茂駅前
柳山,越後交通（株）,"燕駅前〜分水駅前, 東三条駅前〜地場産〜寺泊車庫前, 東三条駅前〜八王寺〜寺泊車庫前"
上須頃郵便局前,三条市,"循環バス「ぐるっとさん」燕三条ライン, 循環バス「ぐるっとさん」三条循環線"
上須頃郵便局前,越後交通（株）,東三条駅前〜地場産〜寺泊車庫前
上須頃郵便局前,新潟交通観光バス（株）,東三条-下須頃-新飯田線
塚野目入口,越後交通（株）,"東三条駅〜加茂駅前, 東三条駅〜三条東高校〜加茂駅前, 東三条駅〜保内公園〜加茂駅前, 東三条駅前〜三条営業所"
体育文化会館,三条市,循環バス「ぐるっとさん」嵐北・嵐南線
寺泊支所,越後交通（株）,長岡駅前〜大野積
上須頃,越後交通（株）,"東三条駅前〜燕駅前, 東三条駅前〜八王寺〜寺泊車庫前"
第二中学校前,三条市,循環バス「ぐるっとさん」嵐北・嵐南線
三条市役所,三条市,"循環バス「ぐるっとさん」嵐北・嵐南線, 循環バス「ぐるっとさん」三条循環線, 循環バス「ぐるっとさん」上林線, 井栗地区コミュニティバス"
ウオロク,三条市,井栗地区コミュニティバス
三条地域振興局,三条市,循環バス「ぐるっとさん」嵐北・嵐南線
競馬場前,新潟交通観光バス（株）,東三条-下須頃-新飯田線
三条防災ステーション,三条市,循環バス「ぐるっとさん」燕三条ライン
三条防災ステーション,越後交通（株）,"東三条駅前〜燕駅前, 東三条駅前〜地場産〜寺泊車庫前"
東裏館,三条市,"循環バス「ぐるっとさん」燕三条ライン, 循環バス「ぐるっとさん」上林線"
寺泊水族館前,越後交通（株）,長岡駅前〜大野積
小出入口,新潟交通観光バス（株）,津川駅前-県立病院-室谷線
小出入口,阿賀町,"上川地域　福祉バス（七名・三宝分方面）, 上川地域　福祉バス（東山・小出方面）, 上川地域　福祉バス（神谷・広谷・日野川方面）"
裏館コミュニティセンター,三条市,"循環バス「ぐるっとさん」嵐北・嵐南線, 循環バス「ぐるっとさん」燕三条ライン, 循環バス「ぐるっとさん」上林線"
野中観音寺,阿賀町,上川地域　福祉バス（東山・小出方面）
瑞雲橋東詰,越後交通（株）,"東三条駅前〜燕駅前, 東三条駅前〜地場産〜寺泊車庫前"
瑞雲橋東詰,新潟交通観光バス（株）,東三条-下須頃-新飯田線
瑞雲橋東詰,三条市,循環バス「ぐるっとさん」燕三条ライン
小池下口,越後交通（株）,"燕駅前〜分水駅前, 東三条駅前〜地場産〜寺泊車庫前, 東三条駅前〜八王寺〜寺泊車庫前"
三条郵便局,三条市,"循環バス「ぐるっとさん」嵐北・嵐南線, 循環バス「ぐるっとさん」燕三条ライン, 循環バス「ぐるっとさん」三条循環線, 循環バス「ぐるっとさん」上林線"
吉,越後交通（株）,長岡駅前〜大野積
野中才中央,越後交通（株）,"東三条駅前〜地場産〜寺泊車庫前, 東三条駅前〜八王寺〜寺泊車庫前"
興野入口,三条市,循環バス「ぐるっとさん」嵐北・嵐南線
興野入口,越後交通（株）,"東三条駅〜加茂駅前, 東三条駅〜三条東高校〜加茂駅前, 東三条駅〜保内公園〜加茂駅前, 東三条駅前〜三条営業所"
金子接骨医院,三条市,井栗地区コミュニティバス
北入蔵1丁目,三条市,循環バス「ぐるっとさん」三条循環線
興野3丁目,越後交通（株）,東三条駅前〜三条営業所
草野医院,三条市,井栗地区コミュニティバス
北三条駅,三条市,"循環バス「ぐるっとさん」嵐北・嵐南線, 循環バス「ぐるっとさん」燕三条ライン, 循環バス「ぐるっとさん」上林線, 循環バス「ぐるっとさん」三高・県央工業ライナー, 井栗地区コミュニティバス"
林町,三条市,"循環バス「ぐるっとさん」燕三条ライン, 循環バス「ぐるっとさん」三条循環線"
鍛冶道場,三条市,"循環バス「ぐるっとさん」嵐北・嵐南線, 循環バス「ぐるっとさん」燕三条ライン"
三条東病院,三条市,"循環バス「ぐるっとさん」三条循環線, 循環バス「ぐるっとさん」井栗線"
東北電力,三条市,循環バス「ぐるっとさん」嵐北・嵐南線
小池上口,越後交通（株）,"燕駅前〜分水駅前, 東三条駅前〜地場産〜寺泊車庫前, 東三条駅前〜八王寺〜寺泊車庫前"
寺泊中学校前,越後交通（株）,長岡駅前〜大野積
興野2丁目,三条市,"循環バス「ぐるっとさん」燕三条ライン, 循環バス「ぐるっとさん」三条循環線"
興野1丁目,三条市,"循環バス「ぐるっとさん」燕三条ライン, 循環バス「ぐるっとさん」三条循環線"
上川中学校前,新潟交通観光バス（株）,津川駅前-県立病院-室谷線
旧上川中前,阿賀町,"上川地域　福祉バス（七名・三宝分方面）, 上川地域　福祉バス（東山・小出方面）, 上川地域　福祉バス（神谷・広谷・日野川方面）"
中川内科医院前,三条市,循環バス「ぐるっとさん」三条循環線
中川内科医院前,越後交通（株）,"県央工業高校〜東三条駅〜八木ヶ鼻温泉, 東三条駅前〜八木ヶ鼻温泉"
本町6丁目,三条市,"循環バス「ぐるっとさん」燕三条ライン, 循環バス「ぐるっとさん」嵐南コース"
本町6丁目,越後交通（株）,"東三条駅前〜燕駅前, 東三条駅前〜地場産〜寺泊車庫前, 東三条駅前〜八王寺〜寺泊車庫前, 東三条駅前〜本町〜済生会病院, 栄庁舎〜東三条駅前, 長岡駅前〜東三条駅前"
本町六丁目,新潟交通観光バス（株）,東三条-下須頃-新飯田線
横田下口,越後交通（株）,"燕駅前〜分水駅前, 東三条駅前〜地場産〜寺泊車庫前, 東三条駅前〜八王寺〜寺泊車庫前"
上川診療所,阿賀町,"上川地域　福祉バス（柴倉方面　）, 上川地域　福祉バス（七名・三宝分方面）, 上川地域　福祉バス（黒谷・小手茂・明谷沢方面）, 上川地域　福祉バス（東山・小出方面）, 上川地域　福祉バス（蝉・漆沢方面）, 上川地域　福祉バス（中山方面）, 上川地域　福祉バス（神谷・広谷・日野川方面）"
ハローワーク入口,三条市,循環バス「ぐるっとさん」井栗線
中央公民館,三条市,"循環バス「ぐるっとさん」嵐北・嵐南線, 循環バス「ぐるっとさん」燕三条ライン, 循環バス「ぐるっとさん」上林線"
三之町病院,三条市,井栗地区コミュニティバス
東三条1丁目,三条市,"循環バス「ぐるっとさん」嵐北・嵐南線, 循環バス「ぐるっとさん」燕三条ライン, 循環バス「ぐるっとさん」三条循環線"
本町5丁目,三条市,"循環バス「ぐるっとさん」燕三条ライン, 循環バス「ぐるっとさん」嵐南コース"
本町5丁目,越後交通（株）,"東三条駅前〜燕駅前, 東三条駅前〜地場産〜寺泊車庫前, 東三条駅前〜八王寺〜寺泊車庫前, 東三条駅前〜本町〜済生会病院, 栄庁舎〜東三条駅前, 長岡駅前〜東三条駅前"
本町五丁目,新潟交通観光バス（株）,東三条-下須頃-新飯田線
牧野集落センター入口,阿賀町,上川地域　福祉バス（東山・小出方面）
パルム前,三条市,"循環バス「ぐるっとさん」嵐北・嵐南線, 循環バス「ぐるっとさん」嵐南コース"
野中才入口,越後交通（株）,"東三条駅前〜地場産〜寺泊車庫前, 東三条駅前〜八王寺〜寺泊車庫前"
合川,新潟交通観光バス（株）,津川駅前-県立病院-室谷線
合川,阿賀町,"上川地域　福祉バス（七名・三宝分方面）, 上川地域　福祉バス（東山・小出方面）, 上川地域　福祉バス（神谷・広谷・日野川方面）"
北入蔵3丁目,三条市,循環バス「ぐるっとさん」三条循環線
神明町,三条市,"循環バス「ぐるっとさん」嵐北・嵐南線, 循環バス「ぐるっとさん」嵐南コース"
神明町,越後交通（株）,"東三条駅前〜栄庁舎, 東三条駅前〜燕駅前, 東三条駅前〜四日町〜済生会病院, 東三条駅前〜地場産〜寺泊車庫前, 東三条駅前〜八王寺〜寺泊車庫前, 東三条駅前〜本町〜済生会病院, 栄庁舎〜東三条駅前, 長岡駅前〜東三条駅前"
神明町,新潟交通観光バス（株）,東三条-下須頃-新飯田線
横田中央,越後交通（株）,"燕駅前〜分水駅前, 東三条駅前〜地場産〜寺泊車庫前, 東三条駅前〜八王寺〜寺泊車庫前"
杉山額縁店,三条市,井栗地区コミュニティバス
テクノスクール入口,三条市,循環バス「ぐるっとさん」三条循環線
御蔵橋北詰,三条市,"循環バス「ぐるっとさん」嵐北・嵐南線, 循環バス「ぐるっとさん」上林線, 循環バス「ぐるっとさん」三高・県央工業ライナー"
一ノ木戸,三条市,"循環バス「ぐるっとさん」嵐北・嵐南線, 循環バス「ぐるっとさん」嵐南コース"
一ノ木戸,越後交通（株）,"東三条駅前〜栄庁舎, 東三条駅前〜燕駅前, 東三条駅前〜四日町〜済生会病院, 東三条駅前〜地場産〜寺泊車庫前, 東三条駅前〜八王寺〜寺泊車庫前, 東三条駅前〜本町〜済生会病院, 栄庁舎〜東三条駅前, 長岡駅前〜東三条駅前"
一ノ木戸,新潟交通観光バス（株）,東三条-下須頃-新飯田線
分水駅,燕市,燕市循環バス「スワロー号」
分水駅前,越後交通（株）,"燕駅前〜分水駅前, 東三条駅前〜地場産〜寺泊車庫前, 東三条駅前〜八王寺〜寺泊車庫前, 長岡駅前〜高見工業団地〜分水駅前, 長岡駅前〜分水駅前"
東三条駅前,三条市,"循環バス「ぐるっとさん」嵐北・嵐南線, 循環バス「ぐるっとさん」燕三条ライン, 循環バス「ぐるっとさん」嵐南コース, 循環バス「ぐるっとさん」三条循環線, 循環バス「ぐるっとさん」井栗線"
東三条駅前,越後交通（株）,"県央工業高校〜東三条駅〜八木ヶ鼻温泉, 東三条駅〜加茂駅前, 東三条駅〜三条東高校〜加茂駅前, 東三条駅〜保内公園〜加茂駅前, 東三条駅前〜栄庁舎, 東三条駅前〜燕駅前, 東三条駅前〜三条営業所, 東三条駅前〜四日町〜済生会病院, 東三条駅前〜地場産〜寺泊車庫前, 東三条駅前〜八王寺〜寺泊車庫前, 東三条駅前〜八木ヶ鼻温泉, 東三条駅前〜本町〜済生会病院, 栄庁舎〜東三条駅前, 長岡駅前〜東三条駅前"
東三条駅前,新潟交通観光バス（株）,東三条-下須頃-新飯田線
グッデイいきいきサポートセンター前,三条市,循環バス「ぐるっとさん」三条循環線
法崎,越後交通（株）,長岡駅前〜大野積
本町3丁目（三条）,越後交通（株）,"東三条駅前〜燕駅前, 東三条駅前〜地場産〜寺泊車庫前, 東三条駅前〜八王寺〜寺泊車庫前, 東三条駅前〜本町〜済生会病院, 栄庁舎〜東三条駅前, 長岡駅前〜東三条駅前"
本町三丁目,新潟交通観光バス（株）,東三条-下須頃-新飯田線
本町4丁目,三条市,循環バス「ぐるっとさん」嵐南コース
本町4丁目,越後交通（株）,"東三条駅前〜燕駅前, 東三条駅前〜地場産〜寺泊車庫前, 東三条駅前〜八王寺〜寺泊車庫前, 東三条駅前〜本町〜済生会病院, 長岡駅前〜東三条駅前"
本町四丁目,新潟交通観光バス（株）,東三条-下須頃-新飯田線
東三条駅,三条市,"高校生通学ライナーバス　路線1, 井栗地区コミュニティバス"
一ノ木戸商店街,三条市,"循環バス「ぐるっとさん」嵐北・嵐南線, 循環バス「ぐるっとさん」嵐南コース"
一ノ木戸商店街,越後交通（株）,"東三条駅前〜栄庁舎, 東三条駅前〜燕駅前, 東三条駅前〜四日町〜済生会病院, 東三条駅前〜地場産〜寺泊車庫前, 東三条駅前〜八王寺〜寺泊車庫前, 東三条駅前〜本町〜済生会病院, 栄庁舎〜東三条駅前, 長岡駅前〜東三条駅前"
一ノ木戸商店街,新潟交通観光バス（株）,東三条-下須頃-新飯田線
本町1丁目,三条市,循環バス「ぐるっとさん」嵐南コース
本町1丁目,越後交通（株）,"東三条駅前〜栄庁舎, 東三条駅前〜燕駅前, 東三条駅前〜四日町〜済生会病院, 東三条駅前〜地場産〜寺泊車庫前, 東三条駅前〜八王寺〜寺泊車庫前, 東三条駅前〜本町〜済生会病院, 栄庁舎〜東三条駅前, 長岡駅前〜東三条駅前"
本町一丁目,新潟交通観光バス（株）,東三条-下須頃-新飯田線
柳沢,三条市,循環バス「ぐるっとさん」三条循環線
横田上口,越後交通（株）,"燕駅前〜分水駅前, 東三条駅前〜地場産〜寺泊車庫前, 東三条駅前〜八王寺〜寺泊車庫前"
牧野不動尊入口,阿賀町,上川地域　福祉バス（東山・小出方面）
常盤橋北詰,越後交通（株）,"東三条駅前〜栄庁舎, 東三条駅前〜四日町〜済生会病院"
島田三叉路,三条市,循環バス「ぐるっとさん」嵐南コース
島田三叉路,越後交通（株）,"東三条駅前〜燕駅前, 東三条駅前〜八王寺〜寺泊車庫前, 東三条駅前〜本町〜済生会病院, 栄庁舎〜東三条駅前, 長岡駅前〜東三条駅前"
サンファーム三条,三条市,循環バス「ぐるっとさん」三条循環線
下坂井,三条市,高校生通学ライナーバス　路線1
下坂井,越後交通（株）,"県央工業高校〜東三条駅〜八木ヶ鼻温泉, 東三条駅前〜八木ヶ鼻温泉"
分水学校町［マルイ分水店前］,燕市,燕市循環バス「スワロー号」
地蔵堂仲町,越後交通（株）,"燕駅前〜分水駅前, 東三条駅前〜地場産〜寺泊車庫前, 東三条駅前〜八王寺〜寺泊車庫前, 長岡駅前〜高見工業団地〜分水駅前, 長岡駅前〜分水駅前"
由利,三条市,"循環バス「ぐるっとさん」嵐北・嵐南線, 循環バス「ぐるっとさん」上林線, 循環バス「ぐるっとさん」三高・県央工業ライナー"
上川支所前,新潟交通観光バス（株）,津川駅前-県立病院-室谷線
上川支所,阿賀町,"上川地域　福祉バス（柴倉方面　）, 上川地域　福祉バス（七名・三宝分方面）, 上川地域　福祉バス（黒谷・小手茂・明谷沢方面）, 上川地域　福祉バス（東山・小出方面）, 上川地域　福祉バス（蝉・漆沢方面）, 上川地域　福祉バス（中山方面）, 上川地域　福祉バス（神谷・広谷・日野川方面）"
分水消防署前,越後交通（株）,"東三条駅前〜地場産〜寺泊車庫前, 東三条駅前〜八王寺〜寺泊車庫前"
地蔵堂本町二丁目,燕市,燕市循環バス「スワロー号」
済生会病院,三条市,"循環バス「ぐるっとさん」嵐南コース, 循環バス「ぐるっとさん」三条循環線, 井栗地区コミュニティバス"
済生会病院,越後交通（株）,"東三条駅前〜燕駅前, 東三条駅前〜四日町〜済生会病院, 東三条駅前〜八王寺〜寺泊車庫前, 東三条駅前〜本町〜済生会病院, 長岡駅前〜東三条駅前"
柳沢諏訪神社前,三条市,循環バス「ぐるっとさん」三条循環線
分水交番前,越後交通（株）,"燕駅前〜分水駅前, 東三条駅前〜地場産〜寺泊車庫前, 東三条駅前〜八王寺〜寺泊車庫前, 長岡駅前〜高見工業団地〜分水駅前, 長岡駅前〜分水駅前"
島田2丁目,三条市,循環バス「ぐるっとさん」嵐南コース
熊ノ森寺前,越後交通（株）,"燕駅前〜分水駅前, 東三条駅前〜地場産〜寺泊車庫前, 東三条駅前〜八王寺〜寺泊車庫前"
直江町1丁目,越後交通（株）,"東三条駅前〜燕駅前, 東三条駅前〜八王寺〜寺泊車庫前, 東三条駅前〜本町〜済生会病院, 栄庁舎〜東三条駅前, 長岡駅前〜東三条駅前"
三竹,三条市,高校生通学ライナーバス　路線1
三竹,越後交通（株）,"県央工業高校〜東三条駅〜八木ヶ鼻温泉, 東三条駅前〜八木ヶ鼻温泉"
西四日町3丁目,三条市,循環バス「ぐるっとさん」嵐南コース
西四日町3丁目,越後交通（株）,東三条駅前〜四日町〜済生会病院
榎本内科クリニック前,三条市,循環バス「ぐるっとさん」嵐南コース
太田,新潟交通観光バス（株）,津川駅前-県立病院-室谷線
太田,阿賀町,"上川地域　福祉バス（蝉・漆沢方面）, 上川地域　福祉バス（神谷・広谷・日野川方面）"
西四日町1丁目,三条市,循環バス「ぐるっとさん」嵐南コース
西四日町1丁目,越後交通（株）,東三条駅前〜四日町〜済生会病院
北四日町,三条市,循環バス「ぐるっとさん」嵐南コース
北四日町,越後交通（株）,東三条駅前〜四日町〜済生会病院
東岐会館,阿賀町,上川地域　福祉バス（東山・小出方面）
条南町,越後交通（株）,東三条駅前〜四日町〜済生会病院
熊ノ森支所前,越後交通（株）,"燕駅前〜分水駅前, 東三条駅前〜地場産〜寺泊車庫前, 東三条駅前〜八王寺〜寺泊車庫前"
南新保,越後交通（株）,"東三条駅前〜栄庁舎, 東三条駅前〜四日町〜済生会病院"
四日町郵便局,越後交通（株）,東三条駅前〜栄庁舎
分水上町,越後交通（株）,"燕駅前〜分水駅前, 東三条駅前〜地場産〜寺泊車庫前, 東三条駅前〜八王寺〜寺泊車庫前, 長岡駅前〜高見工業団地〜分水駅前, 長岡駅前〜分水駅前"
直江町2丁目,越後交通（株）,"栄庁舎〜東三条駅前, 長岡駅前〜東三条駅前"
中小企業大学校入口,三条市,循環バス「ぐるっとさん」三条循環線
双川橋,越後交通（株）,長岡駅前〜大野積
熊ノ森,越後交通（株）,"燕駅前〜分水駅前, 東三条駅前〜地場産〜寺泊車庫前, 東三条駅前〜八王寺〜寺泊車庫前"
西大崎1丁目,越後交通（株）,"県央工業高校〜東三条駅〜八木ヶ鼻温泉, 東三条駅前〜八木ヶ鼻温泉"
杉の子工房前,三条市,"循環バス「ぐるっとさん」嵐南コース, 循環バス「ぐるっとさん」三条循環線"
第二つくし保育園入口,三条市,循環バス「ぐるっとさん」三条循環線
四日町市場前,三条市,循環バス「ぐるっとさん」嵐南コース
四日町市場前,越後交通（株）,東三条駅前〜四日町〜済生会病院
西四日町4丁目,三条市,循環バス「ぐるっとさん」嵐南コース
西四日町4丁目,越後交通（株）,東三条駅前〜四日町〜済生会病院
本成寺黒門,三条市,"循環バス「ぐるっとさん」嵐北・嵐南線, 循環バス「ぐるっとさん」嵐南コース, 循環バス「ぐるっとさん」上林線, 循環バス「ぐるっとさん」三高・県央工業ライナー"
長坂入口,阿賀町,上川地域　福祉バス（東山・小出方面）
石畑,阿賀町,上川地域　福祉バス（七名・三宝分方面）
西大崎2丁目,三条市,循環バス「ぐるっとさん」三条循環線
分水新町,越後交通（株）,"燕駅前〜分水駅前, 東三条駅前〜地場産〜寺泊車庫前, 東三条駅前〜八王寺〜寺泊車庫前, 長岡駅前〜高見工業団地〜分水駅前, 長岡駅前〜分水駅前"
北越工業前,越後交通（株）,"燕駅前〜分水駅前, 東三条駅前〜地場産〜寺泊車庫前, 東三条駅前〜八王寺〜寺泊車庫前"
三条駅前,越後交通（株）,"東三条駅前〜栄庁舎, 東三条駅前〜四日町〜済生会病院"
寺泊農協前,越後交通（株）,長岡駅前〜大野積
星野歯科医院前,三条市,循環バス「ぐるっとさん」三条循環線
西大崎,越後交通（株）,"県央工業高校〜東三条駅〜八木ヶ鼻温泉, 東三条駅前〜八木ヶ鼻温泉"
勤労青少年ホームソレイユ,三条市,循環バス「ぐるっとさん」嵐南コース
勤労青少年ホームソレイユ,越後交通（株）,東三条駅前〜栄庁舎
笈ケ島,越後交通（株）,"燕駅前〜分水駅前, 東三条駅前〜地場産〜寺泊車庫前, 東三条駅前〜八王寺〜寺泊車庫前"
竹森入口,越後交通（株）,長岡駅前〜大野積
寺泊駅前,越後交通（株）,長岡駅前〜大野積
芹田開発センター,阿賀町,上川地域　福祉バス（蝉・漆沢方面）
直江町3丁目,越後交通（株）,"栄庁舎〜東三条駅前, 長岡駅前〜東三条駅前"
桜木町中央,三条市,"循環バス「ぐるっとさん」嵐北・嵐南線, 循環バス「ぐるっとさん」上林線, 循環バス「ぐるっとさん」三高・県央工業ライナー"
大崎郵便局前,越後交通（株）,"県央工業高校〜東三条駅〜八木ヶ鼻温泉, 東三条駅前〜八木ヶ鼻温泉"
嵐南公民館,三条市,循環バス「ぐるっとさん」嵐南コース
諏訪2丁目,三条市,循環バス「ぐるっとさん」三条循環線
さとう栄整形外科前,三条市,"循環バス「ぐるっとさん」嵐南コース, 循環バス「ぐるっとさん」三条循環線"
松ヶ丘,阿賀町,"上川地域　福祉バス（蝉・漆沢方面）, 上川地域　福祉バス（神谷・広谷・日野川方面）"
松ヶ丘,新潟交通観光バス（株）,津川駅前-県立病院-室谷線
公園下口,越後交通（株）,"長岡駅前〜高見工業団地〜分水駅前, 長岡駅前〜分水駅前"
県央工業高校,三条市,"循環バス「ぐるっとさん」三高・県央工業ライナー, 高校生通学ライナーバス　路線1"
県央工業高校,越後交通（株）,県央工業高校〜東三条駅〜八木ヶ鼻温泉
芹田,新潟交通観光バス（株）,津川駅前-県立病院-室谷線
芹田,阿賀町,上川地域　福祉バス（神谷・広谷・日野川方面）
漆島,越後交通（株）,"県央工業高校〜東三条駅〜八木ヶ鼻温泉, 東三条駅前〜八木ヶ鼻温泉"
桜木町,三条市,"循環バス「ぐるっとさん」嵐北・嵐南線, 循環バス「ぐるっとさん」上林線, 循環バス「ぐるっとさん」三高・県央工業ライナー"
松ヶ丘集落センター,阿賀町,上川地域　福祉バス（蝉・漆沢方面）
敦ケ曽根,越後交通（株）,長岡駅前〜大野積
東本成寺,三条市,"循環バス「ぐるっとさん」嵐北・嵐南線, 循環バス「ぐるっとさん」嵐南コース, 循環バス「ぐるっとさん」三条循環線, 循環バス「ぐるっとさん」上林線, 循環バス「ぐるっとさん」三高・県央工業ライナー"
高出集落センター,阿賀町,上川地域　福祉バス（蝉・漆沢方面）
南四日町4丁目,三条市,循環バス「ぐるっとさん」嵐南コース
南四日町4丁目,越後交通（株）,東三条駅前〜栄庁舎
三条高校,三条市,"循環バス「ぐるっとさん」嵐北・嵐南線, 循環バス「ぐるっとさん」上林線, 循環バス「ぐるっとさん」三高・県央工業ライナー, 高校生通学ライナーバス　路線1"
三条高校,越後交通（株）,県央工業高校〜東三条駅〜八木ヶ鼻温泉
市民プール,三条市,"循環バス「ぐるっとさん」嵐北・嵐南線, 循環バス「ぐるっとさん」嵐南コース, 循環バス「ぐるっとさん」三条循環線, 循環バス「ぐるっとさん」上林線, 循環バス「ぐるっとさん」三高・県央工業ライナー"
あまの整形外科前,三条市,"循環バス「ぐるっとさん」嵐北・嵐南線, 循環バス「ぐるっとさん」嵐南コース, 循環バス「ぐるっとさん」三条循環線, 循環バス「ぐるっとさん」上林線, 循環バス「ぐるっとさん」三高・県央工業ライナー"
大川津,越後交通（株）,"長岡駅前〜高見工業団地〜分水駅前, 長岡駅前〜分水駅前"
高谷,新潟交通観光バス（株）,津川駅前-県立病院-室谷線
高谷,阿賀町,"上川地域　福祉バス（蝉・漆沢方面）, 上川地域　福祉バス（神谷・広谷・日野川方面）"
月岡入口,三条市,循環バス「ぐるっとさん」三条循環線
土場,越後交通（株）,"栄庁舎〜東三条駅前, 長岡駅前〜東三条駅前"
西川小学校,阿賀町,"上川地域　福祉バス（蝉・漆沢方面）, 上川地域　福祉バス（神谷・広谷・日野川方面）"
西川小学校前,新潟交通観光バス（株）,津川駅前-県立病院-室谷線
小山（加藤静雄様宅前）,阿賀町,上川地域　福祉バス（蝉・漆沢方面）
総合福祉センター,三条市,"循環バス「ぐるっとさん」嵐北・嵐南線, 循環バス「ぐるっとさん」嵐南コース, 循環バス「ぐるっとさん」三条循環線"
中新田,越後交通（株）,"県央工業高校〜東三条駅〜八木ヶ鼻温泉, 東三条駅前〜八木ヶ鼻温泉"
公園入口,越後交通（株）,"長岡駅前〜高見工業団地〜分水駅前, 長岡駅前〜分水駅前"
総合福祉センター前,越後交通（株）,東三条駅前〜栄庁舎
月岡保育所前,三条市,循環バス「ぐるっとさん」三条循環線
高出入口,新潟交通観光バス（株）,津川駅前-県立病院-室谷線
高出入口,阿賀町,"上川地域　福祉バス（蝉・漆沢方面）, 上川地域　福祉バス（神谷・広谷・日野川方面）"
西中,三条市,循環バス「ぐるっとさん」三条循環線
西中（三条）,越後交通（株）,東三条駅前〜栄庁舎
月岡寺前,三条市,循環バス「ぐるっとさん」三条循環線
八田蟹,新潟交通観光バス（株）,津川駅前-県立病院-室谷線
八田蟹,阿賀町,"上川地域　福祉バス（蝉・漆沢方面）, 上川地域　福祉バス（神谷・広谷・日野川方面）"
岩井田集会所,阿賀町,上川地域　福祉バス（蝉・漆沢方面）
三階原（今井様宅前）,阿賀町,上川地域　福祉バス（蝉・漆沢方面）
本成寺中学校グランド前,三条市,循環バス「ぐるっとさん」三条循環線
西鱈田小学校入口,三条市,循環バス「ぐるっとさん」三条循環線
水源地,越後交通（株）,"県央工業高校〜東三条駅〜八木ヶ鼻温泉, 東三条駅前〜八木ヶ鼻温泉"
月岡西小路,三条市,循環バス「ぐるっとさん」三条循環線
白金団地,三条市,循環バス「ぐるっとさん」三条循環線
本成寺公民館,三条市,循環バス「ぐるっとさん」三条循環線
丸山入口,越後交通（株）,"長岡駅前〜高見工業団地〜分水駅前, 長岡駅前〜分水駅前"
八田蟹中,阿賀町,上川地域　福祉バス（蝉・漆沢方面）
東山集落センター,阿賀町,上川地域　福祉バス（東山・小出方面）
粟瀬公民館,阿賀町,上川地域　福祉バス（七名・三宝分方面）
栃堀,新潟交通観光バス（株）,津川駅前-県立病院-室谷線
栃掘,阿賀町,上川地域　福祉バス（神谷・広谷・日野川方面）
東鱈田,越後交通（株）,東三条駅前〜栄庁舎
如法寺団地入口,三条市,循環バス「ぐるっとさん」三条循環線
猪子場,越後交通（株）,"栄庁舎〜東三条駅前, 長岡駅前〜東三条駅前"
栃堀宮前,新潟交通観光バス（株）,津川駅前-県立病院-室谷線
栃掘宮前,阿賀町,上川地域　福祉バス（神谷・広谷・日野川方面）
篭場,越後交通（株）,"県央工業高校〜東三条駅〜八木ヶ鼻温泉, 東三条駅前〜八木ヶ鼻温泉"
如法寺,三条市,循環バス「ぐるっとさん」三条循環線
粟瀬,阿賀町,上川地域　福祉バス（七名・三宝分方面）
西鱈田,越後交通（株）,東三条駅前〜栄庁舎
明谷沢（波田野様車庫前）,阿賀町,上川地域　福祉バス（黒谷・小手茂・明谷沢方面）
広瀬②,阿賀町,上川地域　福祉バス（神谷・広谷・日野川方面）
曽根,越後交通（株）,"栄庁舎〜東三条駅前, 長岡駅前〜東三条駅前"
広瀬,新潟交通観光バス（株）,津川駅前-県立病院-室谷線
相高島,阿賀町,上川地域　福祉バス（七名・三宝分方面）
みかぐら荘前,阿賀町,上川地域　福祉バス（蝉・漆沢方面）
高齢者生活福祉センター,阿賀町,上川地域　福祉バス（七名・三宝分方面）
広瀬①,阿賀町,上川地域　福祉バス（神谷・広谷・日野川方面）
信条小学校,越後交通（株）,"長岡駅前〜高見工業団地〜分水駅前, 長岡駅前〜分水駅前"
金子,越後交通（株）,東三条駅前〜栄庁舎
面倉,阿賀町,上川地域　福祉バス（東山・小出方面）
中町,越後交通（株）,"長岡駅前〜高見工業団地〜分水駅前, 長岡駅前〜分水駅前"
高岡,三条市,高校生通学ライナーバス　路線1
高岡,越後交通（株）,"県央工業高校〜東三条駅〜八木ヶ鼻温泉, 東三条駅前〜八木ヶ鼻温泉"
町軽井,越後交通（株）,長岡駅前〜大野積
中条新田上口,越後交通（株）,"長岡駅前〜高見工業団地〜分水駅前, 長岡駅前〜分水駅前"
漆沢（清野八十八様宅前）,阿賀町,上川地域　福祉バス（蝉・漆沢方面）
福岡,三条市,高校生通学ライナーバス　路線1
福岡,越後交通（株）,"県央工業高校〜東三条駅〜八木ヶ鼻温泉, 東三条駅前〜八木ヶ鼻温泉"
漆沢（江川明様宅前）,阿賀町,上川地域　福祉バス（蝉・漆沢方面）
袋,越後交通（株）,東三条駅前〜栄庁舎
善久寺,越後交通（株）,"栄庁舎〜東三条駅前, 長岡駅前〜東三条駅前"
安用,阿賀町,上川地域　福祉バス（七名・三宝分方面）
真の代,越後交通（株）,"長岡駅前〜高見工業団地〜分水駅前, 長岡駅前〜分水駅前"
大浦中央,三条市,高校生通学ライナーバス　路線1
大浦中央,越後交通（株）,"県央工業高校〜東三条駅〜八木ヶ鼻温泉, 東三条駅前〜八木ヶ鼻温泉"
ポエム入口,越後交通（株）,栄庁舎〜東三条駅前
中央小学校,越後交通（株）,栄庁舎〜東三条駅前
小手茂（OM建設様前）,阿賀町,上川地域　福祉バス（黒谷・小手茂・明谷沢方面）
栄中学校,越後交通（株）,栄庁舎〜東三条駅前
真の代新田,越後交通（株）,"長岡駅前〜高見工業団地〜分水駅前, 長岡駅前〜分水駅前"
黒谷（佐藤様宅前）,阿賀町,上川地域　福祉バス（黒谷・小手茂・明谷沢方面）
小手茂（玉木様宅前）,阿賀町,上川地域　福祉バス（黒谷・小手茂・明谷沢方面）
田尻,越後交通（株）,長岡駅前〜大野積
島潟,三条市,高校生通学ライナーバス　路線1
島潟,越後交通（株）,"県央工業高校〜東三条駅〜八木ヶ鼻温泉, 東三条駅前〜八木ヶ鼻温泉"
楢山,新潟交通観光バス（株）,津川駅前-県立病院-室谷線
楢山,阿賀町,上川地域　福祉バス（神谷・広谷・日野川方面）
栄庁舎前,越後交通（株）,"東三条駅前〜栄庁舎, 栄庁舎〜東三条駅前"
三ツ屋（三条）,越後交通（株）,東三条駅前〜栄庁舎
浦新田,越後交通（株）,東三条駅前〜栄庁舎
押手,阿賀町,上川地域　福祉バス（七名・三宝分方面）
蝉集会所,阿賀町,上川地域　福祉バス（蝉・漆沢方面）
黒谷（谷地）,阿賀町,上川地域　福祉バス（黒谷・小手茂・明谷沢方面）
荻島入口,越後交通（株）,長岡駅前〜東三条駅前
滝谷,三条市,高校生通学ライナーバス　路線1
滝谷（三条）,越後交通（株）,"県央工業高校〜東三条駅〜八木ヶ鼻温泉, 東三条駅前〜八木ヶ鼻温泉"
入蔵,越後交通（株）,東三条駅前〜栄庁舎
岩渕,越後交通（株）,東三条駅前〜栄庁舎
中山区内入口,阿賀町,上川地域　福祉バス（中山方面）
下岩方,越後交通（株）,長岡駅前〜大野積
入蔵新田,越後交通（株）,東三条駅前〜栄庁舎
島崎下町下,越後交通（株）,"長岡駅前〜小島谷駅前, 立川綜合病院〜長岡駅前〜小島谷駅前"
北野三叉路,越後交通（株）,"長岡駅前〜小島谷駅前, 立川綜合病院〜長岡駅前〜小島谷駅前"
千把野,越後交通（株）,長岡駅前〜東三条駅前
中条下口,越後交通（株）,"長岡駅前〜高見工業団地〜分水駅前, 長岡駅前〜分水駅前"
吉野屋,越後交通（株）,東三条駅前〜栄庁舎
島崎,越後交通（株）,"長岡駅前〜小島谷駅前, 立川綜合病院〜長岡駅前〜小島谷駅前"
蔵内,越後交通（株）,東三条駅前〜栄庁舎
長沢駅跡,三条市,"高校生通学ライナーバス　路線1, 高校生通学ライナーバス　路線2"
長沢駅跡,越後交通（株）,"県央工業高校〜東三条駅〜八木ヶ鼻温泉, 長沢駅跡〜福沢, 東三条駅前〜八木ヶ鼻温泉"
宮村,越後交通（株）,"長岡駅前〜高見工業団地〜分水駅前, 長岡駅前〜分水駅前"
北野（長岡）,越後交通（株）,"長岡駅前〜小島谷駅前, 立川綜合病院〜長岡駅前〜小島谷駅前"
七名（黒倉）,阿賀町,上川地域　福祉バス（七名・三宝分方面）
中条郵便局前,越後交通（株）,"長岡駅前〜高見工業団地〜分水駅前, 長岡駅前〜分水駅前"
鍵取,新潟交通観光バス（株）,津川駅前-県立病院-室谷線
鍵取,阿賀町,上川地域　福祉バス（神谷・広谷・日野川方面）
七福荘,阿賀町,上川地域　福祉バス（七名・三宝分方面）
和島支所前,越後交通（株）,"長岡駅前〜小島谷駅前, 立川綜合病院〜長岡駅前〜小島谷駅前"
下荻堀,三条市,"高校生通学ライナーバス　路線1, 高校生通学ライナーバス　路線2"
下荻堀,越後交通（株）,"県央工業高校〜東三条駅〜八木ヶ鼻温泉, 長沢駅跡〜福沢, 東三条駅前〜八木ヶ鼻温泉"
中条中若,越後交通（株）,"長岡駅前〜高見工業団地〜分水駅前, 長岡駅前〜分水駅前"
帯織局前,越後交通（株）,東三条駅前〜栄庁舎
小島谷駅前,越後交通（株）,"長岡駅前〜小島谷駅前, 立川綜合病院〜長岡駅前〜小島谷駅前"
上沼入口,越後交通（株）,"長岡駅前〜高見工業団地〜分水駅前, 長岡駅前〜分水駅前"
矢田（三条）,越後交通（株）,東三条駅前〜栄庁舎
丸渕,阿賀町,上川地域　福祉バス（七名・三宝分方面）
帯織中央,越後交通（株）,東三条駅前〜栄庁舎
大面小学校,越後交通（株）,東三条駅前〜栄庁舎
しらさぎ森林公園,越後交通（株）,東三条駅前〜栄庁舎
帯織駅前,越後交通（株）,東三条駅前〜栄庁舎
下田庁舎前,三条市,"高校生通学ライナーバス　路線1, 高校生通学ライナーバス　路線2"
下田庁舎前,越後交通（株）,"県央工業高校〜東三条駅〜八木ヶ鼻温泉, 長沢駅跡〜福沢, 東三条駅前〜八木ヶ鼻温泉"
中条入口,越後交通（株）,"長岡駅前〜高見工業団地〜分水駅前, 長岡駅前〜分水駅前"
荒巻,越後交通（株）,"長岡駅前〜小島谷駅前, 立川綜合病院〜長岡駅前〜小島谷駅前"
岩方,越後交通（株）,長岡駅前〜大野積
北潟,越後交通（株）,東三条駅前〜栄庁舎
松ヶ崎入口,越後交通（株）,"長岡駅前〜高見工業団地〜分水駅前, 長岡駅前〜分水駅前"
しらさぎ荘,越後交通（株）,東三条駅前〜栄庁舎
釈迦塚入口,越後交通（株）,長岡駅前〜東三条駅前
大面,越後交通（株）,東三条駅前〜栄庁舎
下田中学校前,三条市,高校生通学ライナーバス　路線1
下田中学校前,越後交通（株）,"県央工業高校〜東三条駅〜八木ヶ鼻温泉, 東三条駅前〜八木ヶ鼻温泉"
原入口,三条市,高校生通学ライナーバス　路線2
原入口,越後交通（株）,長沢駅跡〜福沢
中之河内,越後交通（株）,"長岡駅前〜小島谷駅前, 立川綜合病院〜長岡駅前〜小島谷駅前"
坂井,越後交通（株）,長岡駅前〜東三条駅前
馬越,越後交通（株）,長岡駅前〜大野積
柏木,阿賀町,上川地域　福祉バス（柴倉方面　）
桑切,三条市,高校生通学ライナーバス　路線2
桑切,越後交通（株）,長沢駅跡〜福沢
当之浦,越後交通（株）,長岡駅前〜大野積
名古津,新潟交通観光バス（株）,津川駅前-県立病院-室谷線
名古津,阿賀町,上川地域　福祉バス（神谷・広谷・日野川方面）
大寺,越後交通（株）,出雲崎車庫〜大寺
下笹岡,三条市,高校生通学ライナーバス　路線1
下笹岡,越後交通（株）,"県央工業高校〜東三条駅〜八木ヶ鼻温泉, 東三条駅前〜八木ヶ鼻温泉"
長沢小学校前,三条市,高校生通学ライナーバス　路線2
長沢小学校前,越後交通（株）,長沢駅跡〜福沢
滝谷入口,越後交通（株）,長岡駅前〜大野積
良寛歌碑,越後交通（株）,"長岡駅前〜小島谷駅前, 立川綜合病院〜長岡駅前〜小島谷駅前"
興野,越後交通（株）,"長岡駅前〜高見工業団地〜分水駅前, 長岡駅前〜分水駅前"
塩之入,越後交通（株）,"長岡駅前〜小島谷駅前, 立川綜合病院〜長岡駅前〜小島谷駅前"
笹岡中央,三条市,高校生通学ライナーバス　路線1
笹岡中央,越後交通（株）,"県央工業高校〜東三条駅〜八木ヶ鼻温泉, 東三条駅前〜八木ヶ鼻温泉"
下長沢,三条市,高校生通学ライナーバス　路線2
下長沢,越後交通（株）,長沢駅跡〜福沢
今町下口,越後交通（株）,長岡駅前〜東三条駅前
志保の里荘,越後交通（株）,"長岡駅前〜小島谷駅前, 立川綜合病院〜長岡駅前〜小島谷駅前"
塩之入三叉路,越後交通（株）,長岡駅前〜大野積
長沢中央,三条市,高校生通学ライナーバス　路線2
長沢中央,越後交通（株）,長沢駅跡〜福沢
乙茂,越後交通（株）,出雲崎車庫〜大寺
長沢入口,三条市,高校生通学ライナーバス　路線2
長沢入口,越後交通（株）,長沢駅跡〜福沢
古戸,三条市,高校生通学ライナーバス　路線2
古戸,越後交通（株）,長沢駅跡〜福沢
笹岡上口,三条市,高校生通学ライナーバス　路線1
笹岡上口,越後交通（株）,"県央工業高校〜東三条駅〜八木ヶ鼻温泉, 東三条駅前〜八木ヶ鼻温泉"
末宝下口,越後交通（株）,"長岡駅前〜高見工業団地〜分水駅前, 長岡駅前〜分水駅前"
中野西,越後交通（株）,"長岡駅前〜高見工業団地〜分水駅前, 長岡駅前〜分水駅前"
稲島参道,越後交通（株）,"長岡駅前〜高見工業団地〜分水駅前, 長岡駅前〜分水駅前"
中野入口,越後交通（株）,"長岡駅前〜高見工業団地〜分水駅前, 長岡駅前〜分水駅前"
今町小学校入口,越後交通（株）,長岡駅前〜東三条駅前
下駒込,三条市,高校生通学ライナーバス　路線2
下駒込,越後交通（株）,長沢駅跡〜福沢
今町5丁目北,見附市,見附市コミュニティバス
室谷,新潟交通観光バス（株）,津川駅前-県立病院-室谷線
室谷,阿賀町,上川地域　福祉バス（神谷・広谷・日野川方面）
笹岡宮前,三条市,高校生通学ライナーバス　路線1
笹岡宮前,越後交通（株）,"県央工業高校〜東三条駅〜八木ヶ鼻温泉, 東三条駅前〜八木ヶ鼻温泉"
今町6丁目,見附市,見附市コミュニティバス
今町6丁目,越後交通（株）,長岡駅前〜東三条駅前
鶴ケ曽根,越後交通（株）,"長岡駅前〜高見工業団地〜分水駅前, 長岡駅前〜分水駅前"
本与板,越後交通（株）,"長岡駅前〜小島谷駅前, 長岡駅前〜大野積, 立川綜合病院〜長岡駅前〜小島谷駅前"
今町5丁目,見附市,見附市コミュニティバス
今町5丁目,越後交通（株）,"向陵高校〜長岡駅〜今町5丁目, 長岡駅前〜今町5丁目"
笹巻,三条市,高校生通学ライナーバス　路線2
笹巻,越後交通（株）,長沢駅跡〜福沢
中之島中央小学校前,越後交通（株）,"長岡駅前〜高見工業団地〜分水駅前, 長岡駅前〜分水駅前"
畜産研究センター,三条市,高校生通学ライナーバス　路線1
畜産研究センター前,越後交通（株）,"県央工業高校〜東三条駅〜八木ヶ鼻温泉, 東三条駅前〜八木ヶ鼻温泉"
永島,三条市,高校生通学ライナーバス　路線1
永島,越後交通（株）,"県央工業高校〜東三条駅〜八木ヶ鼻温泉, 東三条駅前〜八木ヶ鼻温泉"
今町3丁目,見附市,見附市コミュニティバス
今町3丁目,越後交通（株）,"向陵高校〜長岡駅〜今町5丁目, 長岡駅前〜今町5丁目"
今町神社前,見附市,見附市コミュニティバス
今町神社前,越後交通（株）,長岡駅前〜東三条駅前
柴倉,阿賀町,上川地域　福祉バス（柴倉方面　）
駒込中央,三条市,高校生通学ライナーバス　路線2
駒込中央,越後交通（株）,長沢駅跡〜福沢
今町1丁目,越後交通（株）,長岡駅前〜東三条駅前
与板警察署前,越後交通（株）,"長岡駅前〜三ツ郷屋・河根川〜与板, 長岡駅前〜日赤病院・河根川〜与板, 長岡駅前〜関原〜与板, 長岡駅前〜小島谷駅前, 長岡駅前〜大野積, 立川綜合病院〜長岡駅前〜小島谷駅前"
今町十字路,越後交通（株）,長岡駅前〜東三条駅前
中之島支所前,越後交通（株）,"長岡駅前〜高見工業団地〜分水駅前, 長岡駅前〜分水駅前"
稲荷町,越後交通（株）,"長岡駅前〜三ツ郷屋・河根川〜与板, 長岡駅前〜日赤病院・河根川〜与板, 長岡駅前〜関原〜与板, 長岡駅前〜小島谷駅前, 長岡駅前〜大野積, 立川綜合病院〜長岡駅前〜小島谷駅前"
棚鱗,三条市,高校生通学ライナーバス　路線1
棚鱗,越後交通（株）,"県央工業高校〜東三条駅〜八木ヶ鼻温泉, 東三条駅前〜八木ヶ鼻温泉"
道の駅パティオにいがた,見附市,見附市コミュニティバス
道の駅パティオにいがた,越後交通（株）,長岡駅前〜今町5丁目
今町4丁目,越後交通（株）,"向陵高校〜長岡駅〜今町5丁目, 長岡駅前〜今町5丁目"
芝野,見附市,見附市コミュニティバス
今町南,見附市,見附市コミュニティバス
駒込集落開発センター前,三条市,高校生通学ライナーバス　路線2
駒込集落開発センター前,越後交通（株）,長沢駅跡〜福沢
上新田北,越後交通（株）,長岡駅前〜東三条駅前
沢田,越後交通（株）,出雲崎車庫〜大寺
荒沢,三条市,高校生通学ライナーバス　路線1
荒沢,越後交通（株）,"県央工業高校〜東三条駅〜八木ヶ鼻温泉, 東三条駅前〜八木ヶ鼻温泉"
片平入口,三条市,高校生通学ライナーバス　路線2
片平入口,越後交通（株）,長沢駅跡〜福沢
ウェルネスタウン,見附市,見附市コミュニティバス
荒沢郵便局前,越後交通（株）,"県央工業高校〜東三条駅〜八木ヶ鼻温泉, 東三条駅前〜八木ヶ鼻温泉"
荒沢郵便局前,三条市,高校生通学ライナーバス　路線1
出雲崎車庫前,越後交通（株）,"出雲崎車庫〜大寺, 柏崎駅前〜出雲崎車庫, 長岡駅前〜日赤病院・福戸〜出雲崎車庫前"
上新田町,見附市,見附市コミュニティバス
上新田町,越後交通（株）,"向陵高校〜長岡駅〜今町5丁目, 長岡駅前〜今町5丁目, 長岡駅前〜東三条駅前"
北新町,越後交通（株）,"長岡駅前〜三ツ郷屋・河根川〜与板, 長岡駅前〜日赤病院・河根川〜与板, 長岡駅前〜関原〜与板, 長岡駅前〜小島谷駅前, 長岡駅前〜大野積, 立川綜合病院〜長岡駅前〜小島谷駅前"
四番組町,越後交通（株）,"向陵高校〜長岡駅〜今町5丁目, 長岡駅前〜今町5丁目, 長岡駅前〜高見工業団地〜分水駅前, 長岡駅前〜東三条駅前, 長岡駅前〜分水駅前"
荒沢上,三条市,高校生通学ライナーバス　路線1
荒沢上,越後交通（株）,"県央工業高校〜東三条駅〜八木ヶ鼻温泉, 東三条駅前〜八木ヶ鼻温泉"
広手三叉路,三条市,高校生通学ライナーバス　路線2
広手三叉路,越後交通（株）,長沢駅跡〜福沢
良寛堂前,越後交通（株）,"出雲崎車庫〜大寺, 柏崎駅前〜出雲崎車庫, 長岡駅前〜日赤病院・福戸〜出雲崎車庫前"
上新田南,見附市,見附市コミュニティバス
上新田南,越後交通（株）,"向陵高校〜長岡駅〜今町5丁目, 長岡駅前〜今町5丁目"
メディカルパーク西,見附市,見附市コミュニティバス
庭月,三条市,高校生通学ライナーバス　路線1
庭月,越後交通（株）,"県央工業高校〜東三条駅〜八木ヶ鼻温泉, 東三条駅前〜八木ヶ鼻温泉"
諸橋轍次記念館,三条市,高校生通学ライナーバス　路線1
諸橋轍次記念館,越後交通（株）,"県央工業高校〜東三条駅〜八木ヶ鼻温泉, 東三条駅前〜八木ヶ鼻温泉"
大沢,三条市,高校生通学ライナーバス　路線2
大沢,越後交通（株）,長沢駅跡〜福沢
駒込上,三条市,高校生通学ライナーバス　路線2
駒込上,越後交通（株）,長沢駅跡〜福沢
メディカルパーク東,見附市,見附市コミュニティバス
二番組町,越後交通（株）,"向陵高校〜長岡駅〜今町5丁目, 長岡駅前〜今町5丁目, 長岡駅前〜高見工業団地〜分水駅前, 長岡駅前〜東三条駅前, 長岡駅前〜分水駅前"
南新町,越後交通（株）,"長岡駅前〜三ツ郷屋・河根川〜与板, 長岡駅前〜日赤病院・河根川〜与板, 長岡駅前〜関原〜与板, 長岡駅前〜小島谷駅前, 長岡駅前〜大野積, 立川綜合病院〜長岡駅前〜小島谷駅前"
良寛記念館入口,越後交通（株）,"出雲崎車庫〜大寺, 長岡駅前〜日赤病院・福戸〜出雲崎車庫前"
神条入口,越後交通（株）,出雲崎車庫〜大寺
福沢,三条市,高校生通学ライナーバス　路線2
福沢,越後交通（株）,長沢駅跡〜福沢
岩船町,越後交通（株）,柏崎駅前〜出雲崎車庫
大平,三条市,高校生通学ライナーバス　路線2
大平,越後交通（株）,長沢駅跡〜福沢
森町農協前,三条市,高校生通学ライナーバス　路線1
森町農協前,越後交通（株）,"県央工業高校〜東三条駅〜八木ヶ鼻温泉, 東三条駅前〜八木ヶ鼻温泉"
見附駅前,見附市,見附市コミュニティバス
柳橋,見附市,見附市コミュニティバス
八木前,三条市,高校生通学ライナーバス　路線1
八木前,越後交通（株）,"県央工業高校〜東三条駅〜八木ヶ鼻温泉, 東三条駅前〜八木ヶ鼻温泉"
伊勢町,越後交通（株）,柏崎駅前〜出雲崎車庫
与板仲町,越後交通（株）,"長岡駅前〜三ツ郷屋・河根川〜与板, 長岡駅前〜日赤病院・河根川〜与板, 長岡駅前〜関原〜与板, 長岡駅前〜小島谷駅前, 長岡駅前〜大野積, 立川綜合病院〜長岡駅前〜小島谷駅前"
中之島文化センター前,越後交通（株）,"向陵高校〜長岡駅〜今町5丁目, 長岡駅前〜今町5丁目, 長岡駅前〜高見工業団地〜分水駅前, 長岡駅前〜東三条駅前, 長岡駅前〜分水駅前"
中部産業団地,見附市,見附市コミュニティバス
見附高校前,見附市,見附市コミュニティバス
八木ヶ鼻温泉,越後交通（株）,"県央工業高校〜東三条駅〜八木ヶ鼻温泉, 東三条駅前〜八木ヶ鼻温泉"
天領の里前,越後交通（株）,柏崎駅前〜出雲崎車庫
中央公民館（出雲崎）,越後交通（株）,"出雲崎車庫〜大寺, 長岡駅前〜日赤病院・福戸〜出雲崎車庫前"
小竹,越後交通（株）,"出雲崎車庫〜大寺, 長岡駅前〜日赤病院・福戸〜出雲崎車庫前"
八木ケ鼻温泉,三条市,高校生通学ライナーバス　路線1
尼瀬2区,越後交通（株）,柏崎駅前〜出雲崎車庫
与板上町,越後交通（株）,"長岡駅前〜三ツ郷屋・河根川〜与板, 長岡駅前〜日赤病院・河根川〜与板, 長岡駅前〜関原〜与板, 長岡駅前〜小島谷駅前, 長岡駅前〜大野積, 立川綜合病院〜長岡駅前〜小島谷駅前"
ふれあいの里入口,越後交通（株）,出雲崎車庫〜大寺
中学校前,越後交通（株）,"出雲崎車庫〜大寺, 長岡駅前〜日赤病院・福戸〜出雲崎車庫前"
本所,見附市,見附市コミュニティバス
本所1丁目,見附市,見附市コミュニティバス
藤山団地,越後交通（株）,"向陵高校〜長岡駅〜今町5丁目, 長岡駅前〜今町5丁目, 長岡駅前〜高見工業団地〜分水駅前, 長岡駅前〜東三条駅前, 長岡駅前〜分水駅前"
上与板,越後交通（株）,"長岡駅前〜三ツ郷屋・河根川〜与板, 長岡駅前〜日赤病院・河根川〜与板, 長岡駅前〜関原〜与板, 長岡駅前〜小島谷駅前, 長岡駅前〜大野積, 立川綜合病院〜長岡駅前〜小島谷駅前"
福島町入口,見附市,見附市コミュニティバス
尼瀬入口,越後交通（株）,柏崎駅前〜出雲崎車庫
与板体育館前,越後交通（株）,長岡駅前〜大野積
江西団地,越後交通（株）,長岡駅前〜大野積
産業団地・イングリッシュガーデン,見附市,見附市コミュニティバス
城山団地,越後交通（株）,"長岡駅前〜三ツ郷屋・河根川〜与板, 長岡駅前〜日赤病院・河根川〜与板, 長岡駅前〜関原〜与板, 長岡駅前〜小島谷駅前, 立川綜合病院〜長岡駅前〜小島谷駅前"
市立病院,見附市,見附市コミュニティバス
市野坪北,見附市,見附市コミュニティバス
図書館前,見附市,見附市コミュニティバス
見附みどり保育園前,見附市,見附市コミュニティバス
ネーブルみつけ前,見附市,見附市コミュニティバス
市役所前,見附市,見附市コミュニティバス
出雲崎駅,越後交通（株）,"出雲崎車庫〜大寺, 長岡駅前〜日赤病院・福戸〜出雲崎車庫前"
出雲崎役場,越後交通（株）,"出雲崎車庫〜大寺, 長岡駅前〜日赤病院・福戸〜出雲崎車庫前"
市野坪,見附市,見附市コミュニティバス
ふぁみりあ前,見附市,見附市コミュニティバス
倉谷,越後交通（株）,"長岡駅前〜三ツ郷屋・河根川〜与板, 長岡駅前〜日赤病院・河根川〜与板, 長岡駅前〜関原〜与板, 長岡駅前〜小島谷駅前, 立川綜合病院〜長岡駅前〜小島谷駅前"
脇川,越後交通（株）,長岡駅前〜大野積
ほっとぴあ前,見附市,見附市コミュニティバス
松本,越後交通（株）,長岡駅前〜日赤病院・福戸〜出雲崎車庫前
蔦都,越後交通（株）,長岡駅前〜大野積
本町3丁目（見附）,越後交通（株）,"（急行）長岡駅前〜百束〜楡原〜栃尾車庫前, （急行）長岡駅前〜百束〜栃尾車庫前"
勝見稲荷前,越後交通（株）,柏崎駅前〜出雲崎車庫
本町十字路,見附市,見附市コミュニティバス
本町十字路,越後交通（株）,"（急行）長岡駅前〜百束〜楡原〜栃尾車庫前, （急行）長岡駅前〜百束〜栃尾車庫前, 長岡駅東口〜麻生田〜上見附車庫前, 長岡駅東口〜耳取〜上見附車庫前, 長岡駅東口〜名木野〜上見附車庫前"
新町1丁目,見附市,見附市コミュニティバス
新町中央,越後交通（株）,"（急行）長岡駅前〜百束〜楡原〜栃尾車庫前, （急行）長岡駅前〜百束〜栃尾車庫前, 長岡駅東口〜麻生田〜上見附車庫前, 長岡駅東口〜耳取〜上見附車庫前, 長岡駅東口〜名木野〜上見附車庫前"
山沢,越後交通（株）,"長岡駅前〜三ツ郷屋・河根川〜与板, 長岡駅前〜日赤病院・河根川〜与板, 長岡駅前〜関原〜与板, 長岡駅前〜小島谷駅前, 立川綜合病院〜長岡駅前〜小島谷駅前"
中央公民館前,越後交通（株）,"長岡駅東口〜麻生田〜上見附車庫前, 長岡駅東口〜耳取〜上見附車庫前, 長岡駅東口〜名木野〜上見附車庫前"
葛巻,越後交通（株）,"（急行）長岡駅前〜百束〜楡原〜栃尾車庫前, （急行）長岡駅前〜百束〜栃尾車庫前"
五百刈,越後交通（株）,"向陵高校〜長岡駅〜今町5丁目, 長岡駅前〜今町5丁目, 長岡駅前〜高見工業団地〜分水駅前, 長岡駅前〜東三条駅前, 長岡駅前〜分水駅前"
新町中央,見附市,見附市コミュニティバス
小釜谷,越後交通（株）,長岡駅前〜日赤病院・福戸〜出雲崎車庫前
南本町,越後交通（株）,"長岡駅東口〜麻生田〜上見附車庫前, 長岡駅東口〜耳取〜上見附車庫前, 長岡駅東口〜名木野〜上見附車庫前"
細越2丁目,越後交通（株）,"（急行）長岡駅前〜百束〜楡原〜栃尾車庫前, （急行）長岡駅前〜百束〜栃尾車庫前"
新町3丁目,見附市,見附市コミュニティバス
上見附車庫前,越後交通（株）,"（急行）長岡駅前〜百束〜楡原〜栃尾車庫前, 長岡駅東口〜麻生田〜上見附車庫前, 長岡駅東口〜耳取〜上見附車庫前, 長岡駅東口〜名木野〜上見附車庫前"
逆谷,越後交通（株）,長岡駅前〜福戸〜蓮花寺
南本町東,見附市,見附市コミュニティバス
李崎,越後交通（株）,長岡駅前〜大野積
葛巻中村,越後交通（株）,"（急行）長岡駅前〜百束〜楡原〜栃尾車庫前, （急行）長岡駅前〜百束〜栃尾車庫前"
槙原公園前,越後交通（株）,"長岡駅前〜三ツ郷屋・河根川〜与板, 長岡駅前〜日赤病院・河根川〜与板, 長岡駅前〜関原〜与板, 長岡駅前〜小島谷駅前, 立川綜合病院〜長岡駅前〜小島谷駅前"
上通小学校前,越後交通（株）,"向陵高校〜長岡駅〜今町5丁目, 長岡駅前〜今町5丁目, 長岡駅前〜高見工業団地〜分水駅前, 長岡駅前〜東三条駅前, 長岡駅前〜分水駅前"
南本町3丁目,見附市,見附市コミュニティバス
南本町3丁目,越後交通（株）,"長岡駅東口〜麻生田〜上見附車庫前, 長岡駅東口〜耳取〜上見附車庫前, 長岡駅東口〜名木野〜上見附車庫前"
庄川,越後交通（株）,"（急行）長岡駅前〜百束〜楡原〜栃尾車庫前, （急行）長岡駅前〜百束〜栃尾車庫前"
石地神社前,越後交通（株）,柏崎駅前〜出雲崎車庫
仲村（与板）,越後交通（株）,"長岡駅前〜三ツ郷屋・河根川〜与板, 長岡駅前〜日赤病院・河根川〜与板, 長岡駅前〜小島谷駅前, 立川綜合病院〜長岡駅前〜小島谷駅前"
南本町2丁目,越後交通（株）,"長岡駅東口〜麻生田〜上見附車庫前, 長岡駅東口〜名木野〜上見附車庫前"
李崎上口,越後交通（株）,長岡駅前〜大野積
嶺崎2丁目,見附市,見附市コミュニティバス
槙原,越後交通（株）,長岡駅前〜関原〜与板
本明,越後交通（株）,"（急行）長岡駅前〜百束〜楡原〜栃尾車庫前, （急行）長岡駅前〜百束〜栃尾車庫前"
コミュニティバス車庫,見附市,見附市コミュニティバス
大口,越後交通（株）,"向陵高校〜長岡駅〜今町5丁目, 長岡駅前〜今町5丁目, 長岡駅前〜高見工業団地〜分水駅前, 長岡駅前〜東三条駅前, 長岡駅前〜分水駅前"
石地局前,越後交通（株）,柏崎駅前〜出雲崎車庫
吉津,越後交通（株）,"長岡駅前〜小島谷駅前, 立川綜合病院〜長岡駅前〜小島谷駅前"
中田（長岡）,越後交通（株）,"長岡駅前〜三ツ郷屋・河根川〜与板, 長岡駅前〜日赤病院・河根川〜与板"
瑞祥橋,見附市,見附市コミュニティバス
瑞祥橋,越後交通（株）,長岡駅東口〜耳取〜上見附車庫前
開運橋入口,越後交通（株）,"（急行）長岡駅前〜百束〜楡原〜栃尾車庫前, （急行）長岡駅前〜百束〜栃尾車庫前"
総合体育館,見附市,見附市コミュニティバス
川袋下口,越後交通（株）,長岡駅前〜大野積
熱田,見附市,見附市コミュニティバス
熱田,越後交通（株）,長岡駅東口〜耳取〜上見附車庫前
グリーンヒル与板,越後交通（株）,長岡駅前〜関原〜与板
広野下口,越後交通（株）,"長岡駅前〜小島谷駅前, 立川綜合病院〜長岡駅前〜小島谷駅前"
石地中央,越後交通（株）,柏崎駅前〜出雲崎車庫
名木野小学校前,見附市,見附市コミュニティバス
名木野小学校前,越後交通（株）,"長岡駅東口〜麻生田〜上見附車庫前, 長岡駅東口〜名木野〜上見附車庫前"
下塩入口,越後交通（株）,"栃尾車庫前〜山葵谷〜葎谷, 栃尾車庫前〜入塩川〜葎谷, 栃尾車庫前〜梅之俣, 栃尾車庫前〜葎谷"
人面農協前,越後交通（株）,"栃尾車庫前〜山葵谷〜葎谷, 栃尾車庫前〜入塩川〜葎谷, 栃尾車庫前〜梅之俣, 栃尾車庫前〜葎谷"
川袋,越後交通（株）,長岡駅前〜大野積
緑町西,見附市,見附市コミュニティバス
緑町,見附市,見附市コミュニティバス
下塩寺前,越後交通（株）,"栃尾車庫前〜山葵谷〜葎谷, 栃尾車庫前〜入塩川〜葎谷, 栃尾車庫前〜梅之俣, 栃尾車庫前〜葎谷"
傍所,越後交通（株）,"（急行）長岡駅前〜百束〜楡原〜栃尾車庫前, （急行）長岡駅前〜百束〜栃尾車庫前"
十二潟,越後交通（株）,"向陵高校〜長岡駅〜今町5丁目, 長岡駅前〜今町5丁目, 長岡駅前〜高見工業団地〜分水駅前, 長岡駅前〜東三条駅前, 長岡駅前〜分水駅前"
広野,越後交通（株）,"長岡駅前〜小島谷駅前, 立川綜合病院〜長岡駅前〜小島谷駅前"
成沢,越後交通（株）,"長岡駅前〜小島谷駅前, 立川綜合病院〜長岡駅前〜小島谷駅前"
宮沢（長岡）,越後交通（株）,"長岡駅前〜福戸〜蓮花寺, 長岡駅前〜関原〜与板"
川袋上口,越後交通（株）,長岡駅前〜大野積
羅石前,越後交通（株）,柏崎駅前〜出雲崎車庫
一本木,越後交通（株）,"長岡駅前〜小島谷駅前, 立川綜合病院〜長岡駅前〜小島谷駅前"
池之内入口,見附市,見附市コミュニティバス
名木野,見附市,見附市コミュニティバス
名木野,越後交通（株）,"長岡駅東口〜麻生田〜上見附車庫前, 長岡駅東口〜名木野〜上見附車庫前"
上条西口,越後交通（株）,"長岡駅前〜日赤病院・福戸〜出雲崎車庫前, 長岡駅前〜福戸〜蓮花寺"
高見工業団地下口,越後交通（株）,長岡駅前〜高見工業団地〜分水駅前
城山入口,越後交通（株）,"栃尾車庫前〜山葵谷〜葎谷, 栃尾車庫前〜入塩川〜葎谷, 栃尾車庫前〜梅之俣, 栃尾車庫前〜葎谷"
上条,越後交通（株）,"長岡駅前〜日赤病院・福戸〜出雲崎車庫前, 長岡駅前〜福戸〜蓮花寺"
太田下口,越後交通（株）,"（急行）長岡駅前〜百束〜楡原〜栃尾車庫前, （急行）長岡駅前〜百束〜栃尾車庫前"
梅之俣,越後交通（株）,栃尾車庫前〜梅之俣
上条入口,越後交通（株）,"長岡駅前〜日赤病院・福戸〜出雲崎車庫前, 長岡駅前〜福戸〜蓮花寺"
瓜生,越後交通（株）,"長岡駅前〜三ツ郷屋・河根川〜与板, 長岡駅前〜日赤病院・河根川〜与板"
三島病院前,越後交通（株）,"長岡駅前〜福戸〜蓮花寺, 長岡駅前〜関原〜与板"
二日町,越後交通（株）,"栃尾車庫前〜山葵谷〜葎谷, 栃尾車庫前〜入塩川〜葎谷, 栃尾車庫前〜梅之俣, 栃尾車庫前〜葎谷"
上塩橋,越後交通（株）,"栃尾車庫前〜山葵谷〜葎谷, 栃尾車庫前〜入塩川〜葎谷, 栃尾車庫前〜梅之俣, 栃尾車庫前〜葎谷"
石地海水浴場,越後交通（株）,柏崎駅前〜出雲崎車庫
大野原,越後交通（株）,"栃尾車庫前〜山葵谷〜葎谷, 栃尾車庫前〜入塩川〜葎谷, 栃尾車庫前〜梅之俣, 栃尾車庫前〜葎谷"
鹿熊,越後交通（株）,"（急行）長岡駅前〜百束〜楡原〜栃尾車庫前, （急行）長岡駅前〜百束〜栃尾車庫前"
気比の宮,越後交通（株）,"長岡駅前〜日赤病院・福戸〜出雲崎車庫前, 長岡駅前〜福戸〜蓮花寺"
高見,越後交通（株）,"向陵高校〜長岡駅〜今町5丁目, 長岡駅前〜今町5丁目, 長岡駅前〜東三条駅前, 長岡駅前〜分水駅前"
高見工業団地前,越後交通（株）,長岡駅前〜高見工業団地〜分水駅前
鳥屋脇,越後交通（株）,長岡駅東口〜耳取〜上見附車庫前
花井,越後交通（株）,"長岡駅前〜小島谷駅前, 長岡駅前〜大野積, 立川綜合病院〜長岡駅前〜小島谷駅前"
上北谷,越後交通（株）,"（急行）長岡駅前〜百束〜楡原〜栃尾車庫前, （急行）長岡駅前〜百束〜栃尾車庫前"
中永,越後交通（株）,"長岡駅前〜日赤病院・福戸〜出雲崎車庫前, 長岡駅前〜福戸〜蓮花寺"
平野俣入口,越後交通（株）,栃尾車庫前〜梅之俣
日の出町,越後交通（株）,"長岡駅前〜日赤病院・福戸〜出雲崎車庫前, 長岡駅前〜福戸〜蓮花寺, 長岡駅前〜関原〜与板"
牛ケ嶺,越後交通（株）,（急行）長岡駅前〜百束〜楡原〜栃尾車庫前
開発センター前,越後交通（株）,"栃尾車庫前〜山葵谷〜葎谷, 栃尾車庫前〜入塩川〜葎谷, 栃尾車庫前〜梅之俣, 栃尾車庫前〜葎谷"
新町橋,越後交通（株）,栃尾車庫前〜梅之俣
長磯,越後交通（株）,柏崎駅前〜出雲崎車庫
二ツ郷屋,越後交通（株）,"栃尾車庫前〜山葵谷〜葎谷, 栃尾車庫前〜入塩川〜葎谷, 栃尾車庫前〜梅之俣, 栃尾車庫前〜葎谷"
塩新町,越後交通（株）,栃尾車庫前〜梅之俣
下河根川,越後交通（株）,"長岡駅前〜三ツ郷屋・河根川〜与板, 長岡駅前〜日赤病院・河根川〜与板"
北谷北部ふるさとセンター前,越後交通（株）,"長岡駅東口〜麻生田〜上見附車庫前, 長岡駅東口〜名木野〜上見附車庫前"
東高見1丁目,越後交通（株）,長岡駅前〜高見工業団地〜分水駅前
百束,越後交通（株）,"（急行）長岡駅前〜百束〜楡原〜栃尾車庫前, （急行）長岡駅前〜百束〜栃尾車庫前"
耳取,越後交通（株）,長岡駅東口〜耳取〜上見附車庫前
福井,越後交通（株）,"（急行）長岡駅前〜百束〜楡原〜栃尾車庫前, （急行）長岡駅前〜百束〜栃尾車庫前"
まごころ学園前,越後交通（株）,"長岡駅東口〜麻生田〜上見附車庫前, 長岡駅東口〜名木野〜上見附車庫前"
宮下町,越後交通（株）,"長岡駅前〜日赤病院・福戸〜出雲崎車庫前, 長岡駅前〜福戸〜蓮花寺, 長岡駅前〜関原〜与板"
上塩小学校前,越後交通（株）,"栃尾車庫前〜山葵谷〜葎谷, 栃尾車庫前〜入塩川〜葎谷, 栃尾車庫前〜葎谷"
新開,越後交通（株）,"長岡駅前〜小島谷駅前, 立川綜合病院〜長岡駅前〜小島谷駅前"
大崎海岸,越後交通（株）,柏崎駅前〜出雲崎車庫
雁島,越後交通（株）,長岡駅前〜大野積
神保,越後交通（株）,（急行）長岡駅前〜百束〜栃尾車庫前
七軒町,越後交通（株）,"（急行）長岡駅前〜百束〜楡原〜栃尾車庫前, （急行）長岡駅前〜百束〜栃尾車庫前"
守門の里,越後交通（株）,（急行）長岡駅前〜百束〜楡原〜栃尾車庫前
タウン堤岡,越後交通（株）,長岡駅前〜高見工業団地〜分水駅前
脇野町,越後交通（株）,"長岡駅前〜日赤病院・福戸〜出雲崎車庫前, 長岡駅前〜福戸〜蓮花寺, 長岡駅前〜関原〜与板"
蓮花寺,越後交通（株）,長岡駅前〜福戸〜蓮花寺
砦関道橋,越後交通（株）,"長岡駅前〜日赤病院・福戸〜出雲崎車庫前, 長岡駅前〜福戸〜蓮花寺"
大崎雪割草の湯前,越後交通（株）,柏崎駅前〜出雲崎車庫
落合橋,越後交通（株）,"栃尾車庫前〜山葵谷〜葎谷, 栃尾車庫前〜入塩川〜葎谷, 栃尾車庫前〜葎谷"
楡原,越後交通（株）,（急行）長岡駅前〜百束〜楡原〜栃尾車庫前
黒条小学校前,越後交通（株）,"向陵高校〜長岡駅〜今町5丁目, 長岡駅前〜今町5丁目, 長岡駅前〜高見工業団地〜分水駅前, 長岡駅前〜東三条駅前, 長岡駅前〜分水駅前"
大野（長岡①）,越後交通（株）,"長岡駅前〜三ツ郷屋・河根川〜与板, 長岡駅前〜日赤病院・河根川〜与板, 長岡駅前〜日赤病院・福戸〜出雲崎車庫前, 長岡駅前〜福戸〜蓮花寺"
三島中学校前,越後交通（株）,長岡駅前〜関原〜与板
滝之口,越後交通（株）,栃尾車庫前〜入塩川〜葎谷
下樫出,越後交通（株）,"栃尾車庫前〜山葵谷〜葎谷, 栃尾車庫前〜入塩川〜葎谷, 栃尾車庫前〜梅之俣, 栃尾車庫前〜葎谷"
大野（長岡②）,越後交通（株）,"（急行）長岡駅前〜百束〜楡原〜栃尾車庫前, （急行）長岡駅前〜百束〜栃尾車庫前"
大崎集落センター,越後交通（株）,柏崎駅前〜出雲崎車庫
道満橋,越後交通（株）,長岡駅前〜大野積
田井,越後交通（株）,"長岡駅東口〜麻生田〜上見附車庫前, 長岡駅東口〜麻生田〜桑探峠〜栃尾車庫前, 長岡駅東口〜干場〜桑探峠〜栃尾車庫前, 長岡駅東口〜豊町〜栃尾車庫前, 長岡駅東口〜耳取〜上見附車庫前, 長岡駅東口〜名木野〜上見附車庫前"
吉崎,越後交通（株）,長岡駅前〜関原〜与板
田井東,越後交通（株）,"長岡駅東口〜麻生田〜桑探峠〜栃尾車庫前, 長岡駅東口〜干場〜桑探峠〜栃尾車庫前, 長岡駅東口〜豊町〜栃尾車庫前"
大崎,越後交通（株）,柏崎駅前〜出雲崎車庫
葎谷口,越後交通（株）,"栃尾車庫前〜山葵谷〜葎谷, 栃尾車庫前〜入塩川〜葎谷, 栃尾車庫前〜葎谷"
三島支所前,越後交通（株）,長岡駅前〜関原〜与板
芹川,越後交通（株）,長岡駅前〜大野積
葎谷,越後交通（株）,"栃尾車庫前〜山葵谷〜葎谷, 栃尾車庫前〜入塩川〜葎谷, 栃尾車庫前〜葎谷"
槙下,越後交通（株）,"長岡駅前〜小島谷駅前, 立川綜合病院〜長岡駅前〜小島谷駅前"
上楡原,越後交通（株）,（急行）長岡駅前〜百束〜楡原〜栃尾車庫前
新保神社前,越後交通（株）,"長岡駅前〜三ツ郷屋・河根川〜与板, 長岡駅前〜日赤病院・河根川〜与板, 長岡駅前〜日赤病院・福戸〜出雲崎車庫前, 長岡駅前〜福戸〜蓮花寺"
上樫出,越後交通（株）,"栃尾車庫前〜山葵谷〜葎谷, 栃尾車庫前〜入塩川〜葎谷, 栃尾車庫前〜梅之俣, 栃尾車庫前〜葎谷"
上岩井栄町,越後交通（株）,長岡駅前〜関原〜与板
下々条,越後交通（株）,"（急行）長岡駅前〜百束〜楡原〜栃尾車庫前, （急行）長岡駅前〜百束〜栃尾車庫前, 向陵高校〜長岡駅〜今町5丁目, 長岡駅前〜今町5丁目, 長岡駅前〜高見工業団地〜分水駅前, 長岡駅前〜東三条駅前, 長岡駅前〜分水駅前"
椿沢,越後交通（株）,"長岡駅東口〜麻生田〜上見附車庫前, 長岡駅東口〜麻生田〜桑探峠〜栃尾車庫前, 長岡駅東口〜干場〜桑探峠〜栃尾車庫前, 長岡駅東口〜豊町〜栃尾車庫前, 長岡駅東口〜耳取〜上見附車庫前, 長岡駅東口〜名木野〜上見附車庫前"
トッピィ前,越後交通（株）,（急行）長岡駅前〜百束〜楡原〜栃尾車庫前
小貫,越後交通（株）,"（急行）長岡駅前〜百束〜栃尾車庫前, 長岡駅東口〜麻生田〜桑探峠〜栃尾車庫前, 長岡駅東口〜干場〜桑探峠〜栃尾車庫前, 長岡駅東口〜豊町〜栃尾車庫前"
上岩井,越後交通（株）,長岡駅前〜関原〜与板
公民館前（槙下）,越後交通（株）,"長岡駅前〜小島谷駅前, 立川綜合病院〜長岡駅前〜小島谷駅前"
向山,越後交通（株）,柏崎駅前〜出雲崎車庫
新栄町,越後交通（株）,（急行）長岡駅前〜百束〜楡原〜栃尾車庫前
吉水,越後交通（株）,"栃尾車庫前〜山葵谷〜葎谷, 栃尾車庫前〜入塩川〜葎谷, 栃尾車庫前〜梅之俣, 栃尾車庫前〜葎谷"
島田入口,越後交通（株）,栃尾車庫前〜入塩川〜葎谷
長浜海水浴場,越後交通（株）,柏崎駅前〜出雲崎車庫
上岩井石井町,越後交通（株）,長岡駅前〜関原〜与板
宝4丁目,越後交通（株）,長岡駅前〜宝4丁目線
新保入口,越後交通（株）,"長岡駅前〜三ツ郷屋・河根川〜与板, 長岡駅前〜日赤病院・河根川〜与板, 長岡駅前〜日赤病院・福戸〜出雲崎車庫前, 長岡駅前〜福戸〜蓮花寺"
下々条3丁目,越後交通（株）,"（急行）長岡駅前〜百束〜楡原〜栃尾車庫前, （急行）長岡駅前〜百束〜栃尾車庫前, 向陵高校〜長岡駅〜今町5丁目, 長岡駅前〜今町5丁目, 長岡駅前〜高見工業団地〜分水駅前, 長岡駅前〜東三条駅前, 長岡駅前〜分水駅前"
山葵谷,越後交通（株）,栃尾車庫前〜山葵谷〜葎谷
警察署前,越後交通（株）,"（急行）長岡駅前〜百束〜楡原〜栃尾車庫前, （急行）長岡駅前〜百束〜栃尾車庫前, 長岡駅東口〜東バイパス〜新榎〜栃尾車庫前, 長岡駅東口〜麻生田〜桑探峠〜栃尾車庫前, 長岡駅東口〜干場〜桑探峠〜栃尾車庫前, 長岡駅東口〜豊町〜栃尾車庫前"
吉水郵便局前,越後交通（株）,"栃尾車庫前〜山葵谷〜葎谷, 栃尾車庫前〜入塩川〜葎谷, 栃尾車庫前〜梅之俣, 栃尾車庫前〜葎谷"
エコトピア寿,越後交通（株）,長岡駅前〜エコトピア寿線
亀崎,越後交通（株）,"長岡駅東口〜麻生田〜上見附車庫前, 長岡駅東口〜麻生田〜桑探峠〜栃尾車庫前, 長岡駅東口〜干場〜桑探峠〜栃尾車庫前, 長岡駅東口〜豊町〜栃尾車庫前, 長岡駅東口〜耳取〜上見附車庫前, 長岡駅東口〜名木野〜上見附車庫前"
坂の下,越後交通（株）,柏崎駅前〜出雲崎車庫
下町,越後交通（株）,長岡駅前〜関原〜与板
巻渕上口,越後交通（株）,"栃尾車庫前〜山葵谷〜葎谷, 栃尾車庫前〜入塩川〜葎谷, 栃尾車庫前〜梅之俣, 栃尾車庫前〜葎谷"
土ケ谷入口,越後交通（株）,"（急行）長岡駅前〜百束〜栃尾車庫前, 長岡駅東口〜麻生田〜桑探峠〜栃尾車庫前, 長岡駅東口〜干場〜桑探峠〜栃尾車庫前, 長岡駅東口〜豊町〜栃尾車庫前"
貞心尼草庵,越後交通（株）,長岡駅東口〜中越高校〜福島・稲保線
槙下上口,越後交通（株）,"長岡駅前〜小島谷駅前, 立川綜合病院〜長岡駅前〜小島谷駅前"
東小学校前,越後交通（株）,"（急行）長岡駅前〜百束〜楡原〜栃尾車庫前, （急行）長岡駅前〜百束〜栃尾車庫前, 長岡駅東口〜東バイパス〜新榎〜栃尾車庫前, 長岡駅東口〜麻生田〜桑探峠〜栃尾車庫前, 長岡駅東口〜干場〜桑探峠〜栃尾車庫前, 長岡駅東口〜豊町〜栃尾車庫前"
衛生センター前,越後交通（株）,長岡駅前〜エコトピア寿線
福島町公民館,越後交通（株）,長岡駅東口〜中越高校〜福島・稲保線
宝3丁目,越後交通（株）,長岡駅前〜宝4丁目線
大荒戸三叉路,越後交通（株）,"長岡駅前〜日赤病院・福戸〜出雲崎車庫前, 長岡駅前〜福戸〜蓮花寺"
巻渕,越後交通（株）,"栃尾車庫前〜山葵谷〜葎谷, 栃尾車庫前〜入塩川〜葎谷, 栃尾車庫前〜梅之俣, 栃尾車庫前〜葎谷"
七日市,越後交通（株）,長岡駅前〜関原〜与板
栃尾車庫前,越後交通（株）,"栃尾車庫前〜栗山沢, 栃尾車庫前〜山葵谷〜葎谷, 栃尾車庫前〜栃堀, 栃尾車庫前〜入塩川〜葎谷, 栃尾車庫前〜梅之俣, 栃尾車庫前〜葎谷, （急行）長岡駅前〜百束〜楡原〜栃尾車庫前, （急行）長岡駅前〜百束〜栃尾車庫前, 長岡駅東口〜昭和通り〜新榎〜栃尾車庫前, 長岡駅東口〜東バイパス〜新榎〜栃尾車庫前, 長岡駅東口〜麻生田〜桑探峠〜栃尾車庫前, 【特急】長岡駅東口〜新榎〜栃尾車庫前, 長岡駅東口〜干場〜桑探峠〜栃尾車庫前, 長岡駅東口〜豊町〜栃尾車庫前"
山田町,越後交通（株）,（急行）長岡駅前〜百束〜栃尾車庫前
大荒戸,越後交通（株）,"長岡駅前〜三ツ郷屋・河根川〜与板, 長岡駅前〜日赤病院・河根川〜与板, 長岡駅前〜福戸〜蓮花寺"
大荒戸,越後交通（株）,長岡駅前〜日赤病院・福戸〜出雲崎車庫前
福島（長岡）,越後交通（株）,長岡駅東口〜中越高校〜福島・稲保線
塩川入口,越後交通（株）,栃尾車庫前〜入塩川〜葎谷
桂,越後交通（株）,"長岡駅東口〜麻生田〜上見附車庫前, 長岡駅東口〜麻生田〜桑探峠〜栃尾車庫前, 長岡駅東口〜干場〜桑探峠〜栃尾車庫前, 長岡駅東口〜豊町〜栃尾車庫前, 長岡駅東口〜耳取〜上見附車庫前, 長岡駅東口〜名木野〜上見附車庫前"
稲保東,越後交通（株）,長岡駅東口〜中越高校〜福島・稲保線
黒条,越後交通（株）,"（急行）長岡駅前〜百束〜楡原〜栃尾車庫前, （急行）長岡駅前〜百束〜栃尾車庫前, 向陵高校〜長岡駅〜今町5丁目, 長岡駅前〜今町5丁目, 長岡駅前〜高見工業団地〜分水駅前, 長岡駅前〜東三条駅前, 長岡駅前〜分水駅前"
槙山,越後交通（株）,"長岡駅前〜小島谷駅前, 立川綜合病院〜長岡駅前〜小島谷駅前"
巻島,越後交通（株）,長岡駅前〜大野積
宝1丁目,越後交通（株）,長岡駅前〜宝4丁目線
七日市入口,越後交通（株）,長岡駅前〜関原〜与板
原,越後交通（株）,"栃尾車庫前〜山葵谷〜葎谷, 栃尾車庫前〜入塩川〜葎谷, 栃尾車庫前〜梅之俣, 栃尾車庫前〜葎谷"
栃尾高校前,越後交通（株）,"（急行）長岡駅前〜百束〜楡原〜栃尾車庫前, （急行）長岡駅前〜百束〜栃尾車庫前, 長岡駅東口〜東バイパス〜新榎〜栃尾車庫前, 長岡駅東口〜麻生田〜桑探峠〜栃尾車庫前, 長岡駅東口〜干場〜桑探峠〜栃尾車庫前, 長岡駅東口〜豊町〜栃尾車庫前"
稲保2丁目,越後交通（株）,長岡駅東口〜中越高校〜福島・稲保線
栃尾市民会館前,越後交通（株）,"栃尾車庫前〜栗山沢, 栃尾車庫前〜山葵谷〜葎谷, 栃尾車庫前〜栃堀, 栃尾車庫前〜入塩川〜葎谷, 栃尾車庫前〜梅之俣, 栃尾車庫前〜葎谷, （急行）長岡駅前〜百束〜楡原〜栃尾車庫前, 長岡駅東口〜昭和通り〜新榎〜栃尾車庫前, 長岡駅東口〜麻生田〜桑探峠〜栃尾車庫前, 長岡駅東口〜干場〜桑探峠〜栃尾車庫前, 長岡駅東口〜豊町〜栃尾車庫前"
寿3丁目,越後交通（株）,長岡駅前〜エコトピア寿線
稲保中央,越後交通（株）,長岡駅東口〜中越高校〜福島・稲保線
高校前,越後交通（株）,"栃尾車庫前〜山葵谷〜葎谷, 栃尾車庫前〜入塩川〜葎谷, 栃尾車庫前〜梅之俣, 栃尾車庫前〜葎谷"
堤町,越後交通（株）,"江陽環状線, 法務局・長岡駅前〜日赤病院・江陽団地, 長岡駅前〜大野積"
新町（栃尾）,越後交通（株）,（急行）長岡駅前〜百束〜栃尾車庫前
稲保1丁目,越後交通（株）,長岡駅東口〜中越高校〜福島・稲保線
蔵王橋西詰,越後交通（株）,"江陽環状線, 長岡駅前〜小島谷駅前, 長岡駅前〜大野積, 立川綜合病院〜長岡駅前〜小島谷駅前"
福戸,越後交通（株）,"長岡駅前〜日赤病院・福戸〜出雲崎車庫前, 長岡駅前〜福戸〜蓮花寺"
加津保,越後交通（株）,"長岡駅東口〜麻生田〜上見附車庫前, 長岡駅東口〜麻生田〜桑探峠〜栃尾車庫前, 長岡駅東口〜干場〜桑探峠〜栃尾車庫前, 長岡駅東口〜豊町〜栃尾車庫前, 長岡駅東口〜耳取〜上見附車庫前, 長岡駅東口〜名木野〜上見附車庫前"
江陽2丁目,越後交通（株）,"江陽環状線, 法務局・長岡駅前〜日赤病院・江陽団地"
金沢橋,越後交通（株）,"栃尾車庫前〜栗山沢, 栃尾車庫前〜山葵谷〜葎谷, 栃尾車庫前〜栃堀, 栃尾車庫前〜入塩川〜葎谷, 栃尾車庫前〜梅之俣, 栃尾車庫前〜葎谷"
精神医療センター前,越後交通（株）,"江陽環状線, 長岡駅前〜エコトピア寿線"
中央公園前,越後交通（株）,"栃尾車庫前〜栗山沢, 栃尾車庫前〜山葵谷〜葎谷, 栃尾車庫前〜栃堀, 栃尾車庫前〜入塩川〜葎谷, 栃尾車庫前〜梅之俣, 栃尾車庫前〜葎谷, （急行）長岡駅前〜百束〜楡原〜栃尾車庫前, （急行）長岡駅前〜百束〜栃尾車庫前, 長岡駅東口〜昭和通り〜新榎〜栃尾車庫前, 長岡駅東口〜東バイパス〜新榎〜栃尾車庫前, 長岡駅東口〜麻生田〜桑探峠〜栃尾車庫前, 【特急】長岡駅東口〜新榎〜栃尾車庫前, 長岡駅東口〜干場〜桑探峠〜栃尾車庫前, 長岡駅東口〜豊町〜栃尾車庫前"
OM製作所,越後交通（株）,"（急行）長岡駅前〜百束〜楡原〜栃尾車庫前, （急行）長岡駅前〜百束〜栃尾車庫前, 向陵高校〜長岡駅〜今町5丁目, 長岡駅前〜今町5丁目, 長岡駅前〜高見工業団地〜分水駅前, 長岡駅前〜東三条駅前, 長岡駅前〜分水駅前"
河根川三叉路,越後交通（株）,"長岡駅前〜三ツ郷屋・河根川〜与板, 長岡駅前〜日赤病院・河根川〜与板"
椎谷,越後交通（株）,柏崎駅前〜出雲崎車庫
北園橋,越後交通（株）,長岡駅前〜宝4丁目線
入塩川,越後交通（株）,栃尾車庫前〜入塩川〜葎谷
渡場町,越後交通（株）,法務局・長岡駅前〜日赤病院・江陽団地
大町（栃尾）,越後交通（株）,長岡駅東口〜東バイパス〜新榎〜栃尾車庫前
江陽団地,越後交通（株）,"江陽環状線, 法務局・長岡駅前〜日赤病院・江陽団地"
出雲橋,越後交通（株）,"栃尾車庫前〜栗山沢, 栃尾車庫前〜栃堀, 長岡駅東口〜昭和通り〜新榎〜栃尾車庫前"
椎谷中央,越後交通（株）,柏崎駅前〜出雲崎車庫
蔵王橋東詰,越後交通（株）,"江陽環状線, 長岡駅前〜エコトピア寿線, 長岡駅前〜小島谷駅前, 長岡駅前〜大野積, 立川綜合病院〜長岡駅前〜小島谷駅前"
小木ノ城登山口,越後交通（株）,長岡駅前〜関原〜与板
本所（栃尾）,越後交通（株）,栃尾車庫前〜入塩川〜葎谷
北中学校,越後交通（株）,"江陽環状線, 長岡駅前〜エコトピア寿線, 長岡駅前〜小島谷駅前, 長岡駅前〜大野積, 長岡駅前〜宝4丁目線, 立川綜合病院〜長岡駅前〜小島谷駅前"
表町3丁目,越後交通（株）,長岡駅東口〜東バイパス〜新榎〜栃尾車庫前
稲葉,越後交通（株）,長岡駅東口〜中越高校〜福島・稲保線
谷内2丁目,越後交通（株）,"長岡駅東口〜昭和通り〜新榎〜栃尾車庫前, 【特急】長岡駅東口〜新榎〜栃尾車庫前"
鳥越（長岡）,越後交通（株）,長岡駅前〜関原〜与板
稲葉西,越後交通（株）,長岡駅東口〜中越高校〜福島・稲保線
浦瀬下口,越後交通（株）,"長岡駅東口〜麻生田〜上見附車庫前, 長岡駅東口〜麻生田〜桑探峠〜栃尾車庫前, 長岡駅東口〜干場〜桑探峠〜栃尾車庫前, 長岡駅東口〜豊町〜栃尾車庫前, 長岡駅東口〜耳取〜上見附車庫前, 長岡駅東口〜名木野〜上見附車庫前"
河根川,越後交通（株）,"長岡駅前〜三ツ郷屋・河根川〜与板, 長岡駅前〜日赤病院・河根川〜与板"
荻野,越後交通（株）,"江陽環状線, 法務局・長岡駅前〜日赤病院・江陽団地"
椎谷入口,越後交通（株）,柏崎駅前〜出雲崎車庫
城岡橋,越後交通（株）,"江陽環状線, （急行）長岡駅前〜百束〜楡原〜栃尾車庫前, （急行）長岡駅前〜百束〜栃尾車庫前, 向陵高校〜長岡駅〜今町5丁目, 長岡駅前〜今町5丁目, 長岡駅前〜エコトピア寿線, 長岡駅前〜高見工業団地〜分水駅前, 長岡駅前〜小島谷駅前, 長岡駅前〜大野積, 長岡駅前〜東三条駅前, 長岡駅前〜分水駅前, 立川綜合病院〜長岡駅前〜小島谷駅前"
長岡北入口,越後交通（株）,"長岡駅前〜日赤病院・福戸〜出雲崎車庫前, 長岡駅前〜福戸〜蓮花寺"
表町9丁目,越後交通（株）,長岡駅東口〜東バイパス〜新榎〜栃尾車庫前
亀貝入口,越後交通（株）,長岡駅東口〜中越高校〜福島・稲保線
下柳,越後交通（株）,"江陽環状線, 法務局・長岡駅前〜日赤病院・江陽団地"
日吉小学校前,越後交通（株）,長岡駅前〜関原〜与板
大野町3丁目,越後交通（株）,長岡駅東口〜昭和通り〜新榎〜栃尾車庫前
亀貝,越後交通（株）,"長岡駅東口〜干場〜桑探峠〜栃尾車庫前, 長岡駅東口〜豊町〜栃尾車庫前, 長岡駅東口〜耳取〜上見附車庫前, 長岡駅東口〜名木野〜上見附車庫前, 長岡駅東口〜中越高校〜福島・稲保線"
富島,越後交通（株）,"長岡駅東口〜干場〜桑探峠〜栃尾車庫前, 長岡駅東口〜豊町〜栃尾車庫前, 長岡駅東口〜耳取〜上見附車庫前, 長岡駅東口〜名木野〜上見附車庫前"
平,越後交通（株）,"栃尾車庫前〜栗山沢, 栃尾車庫前〜栃堀"
寺宝,越後交通（株）,"長岡駅前〜三ツ郷屋・河根川〜与板, 長岡駅前〜日赤病院・河根川〜与板"
鋳物団地,越後交通（株）,"長岡駅東口〜干場〜桑探峠〜栃尾車庫前, 長岡駅東口〜豊町〜栃尾車庫前, 長岡駅東口〜耳取〜上見附車庫前, 長岡駅東口〜名木野〜上見附車庫前"
長岡文化自動車学校前,越後交通（株）,"長岡駅前〜エコトピア寿線, 長岡駅前〜宝4丁目線"
北長岡駅角,越後交通（株）,"江陽環状線, （急行）長岡駅前〜百束〜楡原〜栃尾車庫前, （急行）長岡駅前〜百束〜栃尾車庫前, 向陵高校〜長岡駅〜今町5丁目, 長岡駅前〜今町5丁目, 長岡駅前〜エコトピア寿線, 長岡駅前〜高見工業団地〜分水駅前, 長岡駅前〜小島谷駅前, 長岡駅前〜大野積, 長岡駅前〜東三条駅前, 長岡駅前〜分水駅前, 立川綜合病院〜長岡駅前〜小島谷駅前"
宮関,越後交通（株）,"江陽環状線, 法務局・長岡駅前〜日赤病院・江陽団地"
大野三叉路,越後交通（株）,"長岡駅東口〜昭和通り〜新榎〜栃尾車庫前, 長岡駅東口〜東バイパス〜新榎〜栃尾車庫前, 【特急】長岡駅東口〜新榎〜栃尾車庫前"
新保中央,越後交通（株）,長岡駅東口〜中越高校〜福島・稲保線
浦瀬,越後交通（株）,"長岡駅東口〜麻生田〜上見附車庫前, 長岡駅東口〜麻生田〜桑探峠〜栃尾車庫前, 長岡駅東口〜干場〜桑探峠〜栃尾車庫前, 長岡駅東口〜豊町〜栃尾車庫前, 長岡駅東口〜耳取〜上見附車庫前, 長岡駅東口〜名木野〜上見附車庫前"
鳥越上原,越後交通（株）,長岡駅前〜関原〜与板
天下島,越後交通（株）,"栃尾車庫前〜栗山沢, 栃尾車庫前〜栃堀"
蔵王,越後交通（株）,"長岡駅前〜エコトピア寿線, 長岡駅前〜宝4丁目線"
チャレンジャー北長岡店前,越後交通（株）,"江陽環状線, （急行）長岡駅前〜百束〜楡原〜栃尾車庫前, （急行）長岡駅前〜百束〜栃尾車庫前, 向陵高校〜長岡駅〜今町5丁目, 長岡駅前〜今町5丁目, 長岡駅前〜エコトピア寿線, 長岡駅前〜高見工業団地〜分水駅前, 長岡駅前〜小島谷駅前, 長岡駅前〜大野積, 長岡駅前〜東三条駅前, 長岡駅前〜分水駅前, 立川綜合病院〜長岡駅前〜小島谷駅前"
王番田,越後交通（株）,"長岡駅前〜三ツ郷屋・河根川〜与板, 長岡駅前〜日赤病院・河根川〜与板"
中越高校前,越後交通（株）,長岡駅東口〜中越高校〜福島・稲保線
長岡造形大学,越後交通（株）,"江陽環状線, 法務局・長岡駅前〜日赤病院・江陽団地"
雨池,越後交通（株）,"長岡駅前〜日赤病院・福戸〜出雲崎車庫前, 長岡駅前〜福戸〜蓮花寺"
高浜,越後交通（株）,柏崎駅前〜出雲崎車庫
山本保育園前,越後交通（株）,長岡駅東口〜麻生田〜上見附車庫前
新保保育園前,越後交通（株）,長岡駅東口〜中越高校〜福島・稲保線
新町3丁目（長岡）,越後交通（株）,"長岡駅東口〜耳取〜上見附車庫前, 長岡駅東口〜名木野〜上見附車庫前"
高瀬,越後交通（株）,"長岡駅前〜三ツ郷屋・河根川〜与板, 長岡駅前〜日赤病院・河根川〜与板"
新保2丁目,越後交通（株）,"長岡駅東口〜耳取〜上見附車庫前, 長岡駅東口〜名木野〜上見附車庫前"
小曽根,越後交通（株）,"長岡駅東口〜干場〜桑探峠〜栃尾車庫前, 長岡駅東口〜豊町〜栃尾車庫前, 長岡駅東口〜耳取〜上見附車庫前, 長岡駅東口〜名木野〜上見附車庫前"
小曽根西口,越後交通（株）,"長岡駅東口〜干場〜桑探峠〜栃尾車庫前, 長岡駅東口〜豊町〜栃尾車庫前, 長岡駅東口〜耳取〜上見附車庫前, 長岡駅東口〜名木野〜上見附車庫前"
永田,越後交通（株）,"長岡駅東口〜干場〜桑探峠〜栃尾車庫前, 長岡駅東口〜豊町〜栃尾車庫前, 長岡駅東口〜耳取〜上見附車庫前, 長岡駅東口〜名木野〜上見附車庫前"
新町2丁目,越後交通（株）,"江陽環状線, （急行）長岡駅前〜百束〜楡原〜栃尾車庫前, （急行）長岡駅前〜百束〜栃尾車庫前, 向陵高校〜長岡駅〜今町5丁目, 長岡駅前〜今町5丁目, 長岡駅前〜エコトピア寿線, 長岡駅前〜高見工業団地〜分水駅前, 長岡駅前〜小島谷駅前, 長岡駅前〜大野積, 長岡駅前〜東三条駅前, 長岡駅前〜分水駅前, 立川綜合病院〜長岡駅前〜小島谷駅前, 長岡駅東口〜耳取〜上見附車庫前, 長岡駅東口〜名木野〜上見附車庫前"
県立近代美術館,越後交通（株）,"長岡駅前〜日赤病院・福戸〜出雲崎車庫前, 長岡駅前〜西山〜柏崎駅前, 長岡駅前〜曽地〜柏崎駅前, 法務局・長岡駅前〜日赤病院〜道の駅ながおか花火館, 中央環状線（関東町経由）, 中央環状線（中島経由）"
新保1丁目,越後交通（株）,"長岡駅東口〜干場〜桑探峠〜栃尾車庫前, 長岡駅東口〜耳取〜上見附車庫前, 長岡駅東口〜名木野〜上見附車庫前"
新町小学校前,越後交通（株）,"長岡駅前〜エコトピア寿線, 長岡駅前〜宝4丁目線"
蓮潟,越後交通（株）,"長岡駅前〜日赤病院・福戸〜出雲崎車庫前, 長岡駅前〜福戸〜蓮花寺"
新保,越後交通（株）,"長岡駅東口〜干場〜桑探峠〜栃尾車庫前, 長岡駅東口〜中越高校〜福島・稲保線"
雲出,越後交通（株）,長岡駅前〜関原〜与板
高瀬入口,越後交通（株）,"長岡駅前〜三ツ郷屋・河根川〜与板, 長岡駅前〜日赤病院・河根川〜与板"
ハイブ長岡,越後交通（株）,"江陽環状線, 長岡駅前〜日赤病院・河根川〜与板, 長岡駅前〜日赤病院・福戸〜出雲崎車庫前, 長岡駅前〜西山〜柏崎駅前, 長岡駅前〜曽地〜柏崎駅前, 法務局・長岡駅前〜日赤病院〜道の駅ながおか花火館, 法務局・長岡駅前〜日赤病院・江陽団地, 中央環状線（関東町経由）, 中央環状線（中島経由）"
宮沢（栃尾）,越後交通（株）,"栃尾車庫前〜栗山沢, 栃尾車庫前〜栃堀"
新町1丁目（長岡）,越後交通（株）,"江陽環状線, （急行）長岡駅前〜百束〜楡原〜栃尾車庫前, （急行）長岡駅前〜百束〜栃尾車庫前, 向陵高校〜長岡駅〜今町5丁目, 長岡駅前〜今町5丁目, 長岡駅前〜エコトピア寿線, 長岡駅前〜高見工業団地〜分水駅前, 長岡駅前〜小島谷駅前, 長岡駅前〜大野積, 長岡駅前〜東三条駅前, 長岡駅前〜分水駅前, 立川綜合病院〜長岡駅前〜小島谷駅前, 長岡駅東口〜耳取〜上見附車庫前, 長岡駅東口〜名木野〜上見附車庫前"
麻生田,越後交通（株）,"長岡駅東口〜麻生田〜上見附車庫前, 長岡駅東口〜麻生田〜桑探峠〜栃尾車庫前"
日赤病院前,越後交通（株）,"江陽環状線, 長岡駅前〜日赤病院・河根川〜与板, 長岡駅前〜日赤病院・福戸〜出雲崎車庫前, 長岡駅前〜西山〜柏崎駅前, 長岡駅前〜曽地〜柏崎駅前, 法務局・長岡駅前〜日赤病院〜道の駅ながおか花火館, 法務局・長岡駅前〜日赤病院・江陽団地, 中央環状線（関東町経由）, 中央環状線（中島経由）, 長岡駅前〜関原〜ニュータウン〜越後丘陵公園"
日赤病院前,長岡市,まちなかべんりバス
石内1丁目,越後交通（株）,"長岡駅前〜エコトピア寿線, 長岡駅前〜宝4丁目線"
長岡大橋東詰,越後交通（株）,"中央環状線（関東町経由）, 長岡駅前〜エコトピア寿線"
豊町,越後交通（株）,長岡駅東口〜豊町〜栃尾車庫前
堺神社,越後交通（株）,"長岡駅前〜三ツ郷屋・河根川〜与板, 長岡駅前〜日赤病院・河根川〜与板"
竜泉寺前,越後交通（株）,柏崎駅前〜出雲崎車庫
本津川,越後交通（株）,"長岡駅東口〜昭和通り〜新榎〜栃尾車庫前, 長岡駅東口〜東バイパス〜新榎〜栃尾車庫前, 【特急】長岡駅東口〜新榎〜栃尾車庫前"
麻生田口,越後交通（株）,長岡駅東口〜麻生田〜上見附車庫前
寺島,越後交通（株）,"長岡駅前〜日赤病院・河根川〜与板, 長岡駅前〜日赤病院・福戸〜出雲崎車庫前, 長岡駅前〜福戸〜蓮花寺, 長岡駅前〜関原〜ニュータウン〜越後丘陵公園"
センタープラザ前,長岡市,まちなかべんりバス
センタープラザ前,越後交通（株）,"江陽環状線, 長岡駅〜大手大橋・子育て〜CP, 長岡駅前〜日赤病院・河根川〜与板, 長岡駅前〜日赤病院・福戸〜出雲崎車庫前, 長岡駅前〜西山〜柏崎駅前, 長岡駅前〜曽地〜柏崎駅前, 法務局・長岡駅前〜日赤病院〜道の駅ながおか花火館, 法務局・長岡駅前〜日赤病院・江陽団地, 中央環状線（関東町経由）, 中央環状線（中島経由）, 長岡駅前〜関原〜ニュータウン〜越後丘陵公園"
中島7丁目,越後交通（株）,"中央環状線（中島経由）, 長岡駅前〜エコトピア寿線"
堺公民館,越後交通（株）,"長岡駅前〜三ツ郷屋・河根川〜与板, 長岡駅前〜日赤病院・河根川〜与板"
パルス前,越後交通（株）,長岡駅東口〜豊町〜栃尾車庫前
礼拝,越後交通（株）,長岡駅前〜西山〜柏崎駅前
五庵下,越後交通（株）,"長岡駅前〜関原〜宮本上口, 長岡駅前〜関原〜与板"
東栄（長岡）,越後交通（株）,"長岡駅東口〜干場〜桑探峠〜栃尾車庫前, 長岡駅東口〜中越高校〜福島・稲保線"
昭和通り,越後交通（株）,"江陽環状線, 中央環状線（関東町経由）, （急行）長岡駅前〜百束〜楡原〜栃尾車庫前, （急行）長岡駅前〜百束〜栃尾車庫前, 向陵高校〜長岡駅〜今町5丁目, 長岡駅前〜今町5丁目, 長岡駅前〜エコトピア寿線, 長岡駅前〜高見工業団地〜分水駅前, 長岡駅前〜小島谷駅前, 長岡駅前〜大野積, 長岡駅前〜東三条駅前, 長岡駅前〜分水駅前, 長岡駅前〜宝4丁目線, 立川綜合病院〜長岡駅前〜小島谷駅前, 長岡駅東口〜昭和通り〜新榎〜栃尾車庫前, 長岡駅東口〜耳取〜上見附車庫前, 長岡駅東口〜名木野〜上見附車庫前"
おりなす,越後交通（株）,"栃尾車庫前〜栗山沢, 栃尾車庫前〜栃堀"
堺入口,越後交通（株）,"長岡駅前〜三ツ郷屋・河根川〜与板, 長岡駅前〜日赤病院・河根川〜与板"
本社営業所前,長岡市,まちなかべんりバス
本社営業所前,越後交通（株）,"江陽環状線, 長岡駅〜大手大橋・子育て〜CP, 長岡駅前〜日赤病院・河根川〜与板, 長岡駅前〜日赤病院・福戸〜出雲崎車庫前, 長岡駅前〜西山〜柏崎駅前, 長岡駅前〜曽地〜柏崎駅前, 法務局・長岡駅前〜日赤病院〜道の駅ながおか花火館, 法務局・長岡駅前〜日赤病院・江陽団地, 中央環状線（関東町経由）, 中央環状線（中島経由）"
宮本3丁目,越後交通（株）,長岡駅前〜関原〜宮本上口
宮川,越後交通（株）,柏崎駅前〜出雲崎車庫
東谷局前,越後交通（株）,"栃尾車庫前〜栗山沢, 栃尾車庫前〜栃堀"
中島6丁目,越後交通（株）,"中央環状線（中島経由）, 長岡駅前〜エコトピア寿線"
宮路,越後交通（株）,長岡駅東口〜麻生田〜上見附車庫前
神田町,越後交通（株）,"江陽環状線, 中央環状線（関東町経由）, （急行）長岡駅前〜百束〜楡原〜栃尾車庫前, （急行）長岡駅前〜百束〜栃尾車庫前, 向陵高校〜長岡駅〜今町5丁目, 長岡駅前〜今町5丁目, 長岡駅前〜エコトピア寿線, 長岡駅前〜高見工業団地〜分水駅前, 長岡駅前〜小島谷駅前, 長岡駅前〜大野積, 長岡駅前〜東三条駅前, 長岡駅前〜分水駅前, 長岡駅前〜宝4丁目線, 立川綜合病院〜長岡駅前〜小島谷駅前, 長岡駅東口〜昭和通り〜新榎〜栃尾車庫前, 長岡駅東口〜耳取〜上見附車庫前, 長岡駅東口〜名木野〜上見附車庫前"
宮本4丁目,越後交通（株）,長岡駅前〜関原〜宮本上口
古正寺中央,越後交通（株）,長岡駅前〜日赤病院・河根川〜与板
関原三叉路,越後交通（株）,"長岡駅前〜関原〜宮本上口, 長岡駅前〜関原〜与板, 長岡駅前〜関原〜ニュータウン〜越後丘陵公園, 長岡駅前〜関原〜灰下入口"
西山農協前,越後交通（株）,長岡駅前〜西山〜柏崎駅前
上蓮潟,越後交通（株）,長岡駅前〜日赤病院・河根川〜与板
東北中学校,越後交通（株）,長岡駅東口〜豊町〜栃尾車庫前
関原3丁目,越後交通（株）,"長岡駅前〜関原〜宮本上口, 長岡駅前〜関原〜与板, 長岡駅前〜関原〜ニュータウン〜越後丘陵公園, 長岡駅前〜関原〜灰下入口"
古正寺,越後交通（株）,"長岡駅前〜福戸〜蓮花寺, 長岡駅前〜関原〜ニュータウン〜越後丘陵公園"
子育ての駅千秋,越後交通（株）,長岡駅〜大手大橋・子育て〜CP
中島5丁目,越後交通（株）,"中央環状線（中島経由）, 長岡駅前〜エコトピア寿線"
道の駅ながおか花火館,越後交通（株）,法務局・長岡駅前〜日赤病院〜道の駅ながおか花火館
川崎6丁目,越後交通（株）,長岡駅東口〜麻生田〜上見附車庫前
長岡商業高校前,越後交通（株）,"長岡駅前〜関原〜宮本上口, 長岡駅東口〜麻生田〜上見附車庫前, 長岡駅東口〜昭和通り〜新榎〜栃尾車庫前, 長岡駅東口〜東バイパス〜新榎〜栃尾車庫前, 長岡駅東口〜麻生田〜桑探峠〜栃尾車庫前, 【特急】長岡駅東口〜新榎〜栃尾車庫前"
平柳,越後交通（株）,"長岡駅東口〜麻生田〜上見附車庫前, 長岡駅東口〜昭和通り〜新榎〜栃尾車庫前, 長岡駅東口〜東バイパス〜新榎〜栃尾車庫前, 長岡駅東口〜麻生田〜桑探峠〜栃尾車庫前"
池之端,越後交通（株）,"長岡駅前〜関原〜宮本上口, 長岡駅前〜関原〜与板, 長岡駅前〜関原〜ニュータウン〜越後丘陵公園, 長岡駅前〜関原〜灰下入口"
長嶺入口,越後交通（株）,長岡駅前〜西山〜柏崎駅前
イオン長岡店前,長岡市,まちなかべんりバス
イオン長岡店前,越後交通（株）,"江陽環状線, 長岡駅〜大手大橋・子育て〜CP, 長岡駅前〜日赤病院・河根川〜与板, 長岡駅前〜日赤病院・福戸〜出雲崎車庫前, 長岡駅前〜西山〜柏崎駅前, 長岡駅前〜曽地〜柏崎駅前, 法務局・長岡駅前〜日赤病院〜道の駅ながおか花火館, 法務局・長岡駅前〜日赤病院・江陽団地, 中央環状線（関東町経由）, 中央環状線（中島経由）"
泉中央,越後交通（株）,"栃尾車庫前〜栗山沢, 栃尾車庫前〜栃堀"
神田1丁目,越後交通（株）,"江陽環状線, 中央環状線（関東町経由）, （急行）長岡駅前〜百束〜楡原〜栃尾車庫前, （急行）長岡駅前〜百束〜栃尾車庫前, 向陵高校〜長岡駅〜今町5丁目, 長岡駅前〜今町5丁目, 長岡駅前〜エコトピア寿線, 長岡駅前〜高見工業団地〜分水駅前, 長岡駅前〜小島谷駅前, 長岡駅前〜大野積, 長岡駅前〜東三条駅前, 長岡駅前〜分水駅前, 長岡駅前〜宝4丁目線, 立川綜合病院〜長岡駅前〜小島谷駅前, 長岡駅東口〜昭和通り〜新榎〜栃尾車庫前, 長岡駅東口〜耳取〜上見附車庫前, 長岡駅東口〜名木野〜上見附車庫前"
宮本2丁目,越後交通（株）,長岡駅前〜関原〜宮本上口
中島4丁目,越後交通（株）,"中央環状線（中島経由）, 長岡駅前〜エコトピア寿線"
干場,越後交通（株）,"長岡駅東口〜干場〜桑探峠〜栃尾車庫前, 長岡駅東口〜中越高校〜福島・稲保線"
川崎市営住宅,越後交通（株）,長岡駅東口〜麻生田〜上見附車庫前
東川崎三叉路,越後交通（株）,長岡駅東口〜麻生田〜上見附車庫前
中島小学校前,越後交通（株）,"中央環状線（中島経由）, 長岡駅前〜エコトピア寿線"
関原2丁目,越後交通（株）,"長岡駅前〜関原〜宮本上口, 長岡駅前〜関原〜与板, 長岡駅前〜関原〜ニュータウン〜越後丘陵公園, 長岡駅前〜関原〜灰下入口"
乙吉,越後交通（株）,"長岡駅東口〜麻生田〜上見附車庫前, 長岡駅東口〜麻生田〜桑探峠〜栃尾車庫前"
中島2丁目,越後交通（株）,"中央環状線（中島経由）, 長岡駅前〜エコトピア寿線"
川崎,越後交通（株）,"長岡駅東口〜麻生田〜上見附車庫前, 長岡駅東口〜豊町〜栃尾車庫前"
関原1丁目,越後交通（株）,"長岡駅前〜関原〜宮本上口, 長岡駅前〜関原〜与板, 長岡駅前〜関原〜ニュータウン〜越後丘陵公園, 長岡駅前〜関原〜灰下入口"
大手大橋西詰,越後交通（株）,"中央環状線（関東町経由）, 中央環状線（中島経由）, 長岡駅前〜大手大橋　・長峰〜ニュータウン, 長岡駅前〜大手大橋　・長峰〜県立歴史博物館"
上の原,越後交通（株）,"長岡駅前〜関原〜宮本上口, 長岡駅前〜関原〜与板, 長岡駅前〜関原〜ニュータウン〜越後丘陵公園, 長岡駅前〜関原〜灰下入口"
日越,越後交通（株）,"長岡駅前〜関原〜宮本上口, 長岡駅前〜関原〜与板, 長岡駅前〜関原〜ニュータウン〜越後丘陵公園, 長岡駅前〜関原〜灰下入口"
宮本上口,越後交通（株）,"長岡駅前〜関原〜宮本上口, 長岡駅前〜関原〜灰下入口"
宮本コミュニティセンター前,越後交通（株）,"長岡駅前〜関原〜宮本上口, 長岡駅前〜関原〜灰下入口"
城内町（長岡）,越後交通（株）,"長岡駅東口〜昭和通り〜新榎〜栃尾車庫前, 長岡駅東口〜耳取〜上見附車庫前, 長岡駅東口〜名木野〜上見附車庫前"
川崎学校前,越後交通（株）,"長岡駅東口〜麻生田〜上見附車庫前, 長岡駅東口〜豊町〜栃尾車庫前"
いずみ苑前,越後交通（株）,"栃尾車庫前〜栗山沢, 栃尾車庫前〜栃堀"
関東町,越後交通（株）,"江陽環状線, 中央環状線（関東町経由）, （急行）長岡駅前〜百束〜楡原〜栃尾車庫前, （急行）長岡駅前〜百束〜栃尾車庫前, 向陵高校〜長岡駅〜今町5丁目, 長岡駅前〜今町5丁目, 長岡駅前〜エコトピア寿線, 長岡駅前〜高見工業団地〜分水駅前, 長岡駅前〜小島谷駅前, 長岡駅前〜大野積, 長岡駅前〜東三条駅前, 長岡駅前〜分水駅前, 長岡駅前〜宝4丁目線, 立川綜合病院〜長岡駅前〜小島谷駅前"
日赤3丁目,越後交通（株）,"中央環状線（中島経由）, 長岡駅前〜エコトピア寿線"
今朝白3丁目,越後交通（株）,"長岡駅東口〜麻生田〜上見附車庫前, 長岡駅東口〜干場〜桑探峠〜栃尾車庫前, 長岡駅東口〜豊町〜栃尾車庫前, 長岡駅東口〜中越高校〜福島・稲保線"
川崎入口,越後交通（株）,"長岡駅東口〜麻生田〜上見附車庫前, 長岡駅東口〜豊町〜栃尾車庫前"
長岡西病院前,越後交通（株）,"中央環状線（関東町経由）, 中央環状線（中島経由）"
喜多町,越後交通（株）,"長岡駅前〜三ツ郷屋・河根川〜与板, 長岡駅前〜西山〜柏崎駅前, 長岡駅前〜曽地〜柏崎駅前, 長岡駅前〜関原〜宮本上口, 長岡駅前〜関原〜与板, 長岡駅前〜関原〜ニュータウン〜越後丘陵公園, 長岡駅前〜関原〜灰下入口"
藤の木,越後交通（株）,"長岡駅前〜関原〜宮本上口, 長岡駅前〜関原〜与板, 長岡駅前〜関原〜ニュータウン〜越後丘陵公園, 長岡駅前〜関原〜灰下入口"
上除住宅,越後交通（株）,"長岡駅前〜関原〜宮本上口, 長岡駅前〜関原〜与板, 長岡駅前〜関原〜ニュータウン〜越後丘陵公園, 長岡駅前〜関原〜灰下入口"
日越団地,越後交通（株）,"長岡駅前〜関原〜宮本上口, 長岡駅前〜関原〜与板, 長岡駅前〜関原〜ニュータウン〜越後丘陵公園, 長岡駅前〜関原〜灰下入口"
福住,越後交通（株）,"宮内環状線, 長岡駅東口〜昭和通り〜新榎〜栃尾車庫前, 長岡駅東口〜耳取〜上見附車庫前, 長岡駅東口〜名木野〜上見附車庫前"
大手大橋東詰,越後交通（株）,"江陽環状線, 長岡駅〜大手大橋・子育て〜CP, 長岡駅前〜日赤病院・河根川〜与板, 長岡駅前〜日赤病院・福戸〜出雲崎車庫前, 長岡駅前〜西山〜柏崎駅前, 長岡駅前〜曽地〜柏崎駅前, 法務局・長岡駅前〜日赤病院〜道の駅ながおか花火館, 法務局・長岡駅前〜日赤病院・江陽団地, 中央環状線（中島経由）, 長岡駅前〜大手大橋　・長峰〜ニュータウン, 長岡駅前〜大手大橋　・長峰〜県立歴史博物館, 長岡駅前〜エコトピア寿線"
大手大橋東詰,長岡市,まちなかべんりバス
宮本,越後交通（株）,"長岡駅前〜西山〜柏崎駅前, 長岡駅前〜曽地〜柏崎駅前"
長岡中央綜合病院,越後交通（株）,"長岡駅東口〜麻生田〜上見附車庫前, 長岡駅東口〜昭和通り〜新榎〜栃尾車庫前, 長岡駅東口〜東バイパス〜新榎〜栃尾車庫前, 長岡駅東口〜麻生田〜桑探峠〜栃尾車庫前"
小坂下,越後交通（株）,長岡駅前〜西山〜柏崎駅前
三ツ郷屋,越後交通（株）,"（急行）長岡駅前〜片貝・小粟田〜小千谷車庫前線, 長岡駅前〜三ツ郷屋・河根川〜与板, 長岡駅前〜西山〜柏崎駅前, 長岡駅前〜曽地〜柏崎駅前, 長岡駅前〜関原〜宮本上口, 長岡駅前〜関原〜与板, 長岡駅前〜関原〜ニュータウン〜越後丘陵公園, 長岡駅前〜関原〜灰下入口, 向陵高校〜長岡駅〜今町5丁目"
緑町（長岡）,越後交通（株）,"長岡駅前〜福戸〜蓮花寺, 長岡駅前〜関原〜ニュータウン〜越後丘陵公園, 長岡駅前〜大手大橋　・長峰〜ニュータウン, 長岡駅前〜大手大橋　・長峰〜県立歴史博物館"
宮本新保,越後交通（株）,"長岡駅前〜関原〜宮本上口, 長岡駅前〜関原〜灰下入口"
上除,越後交通（株）,"長岡駅前〜関原〜宮本上口, 長岡駅前〜関原〜与板, 長岡駅前〜関原〜ニュータウン〜越後丘陵公園, 長岡駅前〜関原〜灰下入口"
川崎南公園前,越後交通（株）,"長岡駅東口〜東バイパス〜新榎〜栃尾車庫前, 長岡駅東口〜麻生田〜桑探峠〜栃尾車庫前"
向陵高校,越後交通（株）,"（急行）長岡駅前〜片貝・小粟田〜小千谷車庫前線, 向陵高校〜長岡駅〜今町5丁目"
上田町（長岡）,越後交通（株）,"江陽環状線, 長岡駅〜大手大橋・子育て〜CP, 長岡駅前〜日赤病院・河根川〜与板, 長岡駅前〜日赤病院・福戸〜出雲崎車庫前, 長岡駅前〜西山〜柏崎駅前, 長岡駅前〜曽地〜柏崎駅前, 法務局・長岡駅前〜日赤病院〜道の駅ながおか花火館, 法務局・長岡駅前〜日赤病院・江陽団地, 中央環状線（中島経由）, 長岡駅前〜大手大橋　・長峰〜ニュータウン, 長岡駅前〜大手大橋　・長峰〜県立歴史博物館, 長岡駅前〜エコトピア寿線"
上田町,長岡市,まちなかべんりバス
比礼,越後交通（株）,"長岡駅東口〜昭和通り〜新榎〜栃尾車庫前, 長岡駅東口〜東バイパス〜新榎〜栃尾車庫前, 【特急】長岡駅東口〜新榎〜栃尾車庫前"
スズラン通り,越後交通（株）,"江陽環状線, 中央環状線（関東町経由）, （急行）長岡駅前〜百束〜楡原〜栃尾車庫前, （急行）長岡駅前〜百束〜栃尾車庫前, 向陵高校〜長岡駅〜今町5丁目, 長岡駅前〜今町5丁目, 長岡駅前〜エコトピア寿線, 長岡駅前〜高見工業団地〜分水駅前, 長岡駅前〜小島谷駅前, 長岡駅前〜大野積, 長岡駅前〜東三条駅前, 長岡駅前〜分水駅前, 長岡駅前〜宝4丁目線"
西山,越後交通（株）,長岡駅前〜西山〜柏崎駅前
西長岡,越後交通（株）,"（急行）長岡駅前〜片貝・小粟田〜小千谷車庫前線, 長岡駅前〜三ツ郷屋・河根川〜与板, 長岡駅前〜西山〜柏崎駅前, 長岡駅前〜曽地〜柏崎駅前, 中央環状線（関東町経由）, 中央環状線（中島経由）, 長岡駅前〜関原〜宮本上口, 長岡駅前〜関原〜与板, 長岡駅前〜関原〜ニュータウン〜越後丘陵公園, 長岡駅前〜関原〜灰下入口, 向陵高校〜長岡駅〜今町5丁目"
関原南,越後交通（株）,"長岡駅前〜西山〜柏崎駅前, 長岡駅前〜曽地〜柏崎駅前"
大手通り2丁目,越後交通（株）,"（急行）長岡駅前〜片貝・小粟田〜小千谷車庫前線, 江陽環状線, 長岡駅〜大手大橋・子育て〜CP, 長岡駅前〜三ツ郷屋・河根川〜与板, 長岡駅前〜日赤病院・河根川〜与板, 長岡駅前〜日赤病院・福戸〜出雲崎車庫前, 長岡駅前〜福戸〜蓮花寺, 長岡駅前〜越路中学校前, 長岡駅前〜小国車庫前, 長岡駅前〜西山〜柏崎駅前, 長岡駅前〜曽地〜柏崎駅前, 法務局・長岡駅前〜日赤病院〜道の駅ながおか花火館, 法務局・長岡駅前〜日赤病院・江陽団地, 中央環状線（関東町経由）, 中央環状線（中島経由）, 長岡駅前〜関原〜宮本上口, 長岡駅前〜関原〜与板, 長岡駅前〜関原〜ニュータウン〜越後丘陵公園, 長岡駅前〜大手大橋　・長峰〜ニュータウン, 長岡駅前〜大手大橋　・長峰〜県立歴史博物館, 長岡駅前〜長生橋〜長峰児童公園前, 長岡駅前〜関原〜灰下入口, 向陵高校〜長岡駅〜今町5丁目, 長岡駅前〜エコトピア寿線, 宮内環状線"
大手通り2丁目,長岡市,まちなかべんりバス
長岡駅前（大手口）,越後交通（株）,"（急行）長岡駅前〜片貝・小粟田〜小千谷車庫前線, （急行）長岡駅前〜片貝・坪野〜小千谷車庫前線, 江陽環状線, 長岡〜小千谷〜十日町線, 長岡〜新国道〜小千谷インター線, 長岡駅〜大手大橋・子育て〜CP, 長岡駅前〜三ツ郷屋・河根川〜与板, 長岡駅前〜日赤病院・河根川〜与板, 長岡駅前〜日赤病院・福戸〜出雲崎車庫前, 長岡駅前〜福戸〜蓮花寺, 長岡駅前〜越路中学校前, 長岡駅前〜小国車庫前, 長岡駅前〜西山〜柏崎駅前, 長岡駅前〜曽地〜柏崎駅前, 法務局・長岡駅前〜日赤病院〜道の駅ながおか花火館, 法務局・長岡駅前〜日赤病院・江陽団地, 中央環状線（関東町経由）, 中央環状線（中島経由）, 長岡駅前〜関原〜宮本上口, 長岡駅前〜関原〜与板, 長岡駅前〜関原〜ニュータウン〜越後丘陵公園, 長岡駅前〜大手大橋　・長峰〜ニュータウン, 長岡駅前〜大手大橋　・長峰〜県立歴史博物館, 長岡駅前〜長生橋〜長峰児童公園前, 長岡駅前〜法務局, 長岡駅前〜関原〜灰下入口, （急行）長岡駅前〜百束〜楡原〜栃尾車庫前, （急行）長岡駅前〜百束〜栃尾車庫前, 長岡駅前〜今町5丁目, 長岡駅前〜エコトピア寿線, 長岡駅前〜宮内本町〜長岡駅前線, 長岡駅前〜高見工業団地〜分水駅前, 長岡駅前〜小島谷駅前, 長岡駅前〜大野積, 長岡駅前〜東三条駅前, 長岡駅前〜分水駅前, 長岡駅前〜宝4丁目線, 立川綜合病院〜長岡駅前〜小島谷駅前, 宮内環状線"
長岡駅前,長岡市,まちなかべんりバス
坂田三叉路,越後交通（株）,長岡駅前〜西山〜柏崎駅前
東谷小学校前,越後交通（株）,栃尾車庫前〜栃堀
アオーレ長岡前,越後交通（株）,"（急行）長岡駅前〜片貝・小粟田〜小千谷車庫前線, 江陽環状線, 法務局・長岡駅前〜日赤病院〜道の駅ながおか花火館, 法務局・長岡駅前〜日赤病院・江陽団地, 中央環状線（関東町経由）, 中央環状線（中島経由）, 長岡駅前〜関原〜宮本上口, 長岡駅前〜関原〜与板, 長岡駅前〜関原〜ニュータウン〜越後丘陵公園, 長岡駅前〜関原〜灰下入口, （急行）長岡駅前〜百束〜楡原〜栃尾車庫前, （急行）長岡駅前〜百束〜栃尾車庫前, 長岡駅前〜今町5丁目, 長岡駅前〜エコトピア寿線, 長岡駅前〜宮内本町〜長岡駅前線, 長岡駅前〜高見工業団地〜分水駅前, 長岡駅前〜小島谷駅前, 長岡駅前〜大野積, 長岡駅前〜東三条駅前, 長岡駅前〜分水駅前, 長岡駅前〜宝4丁目線, 立川綜合病院〜長岡駅前〜小島谷駅前, 宮内環状線"
アオーレ長岡,長岡市,まちなかべんりバス
赤谷下口,越後交通（株）,栃尾車庫前〜栗山沢
東坂之上,越後交通（株）,"（急行）長岡駅前〜片貝・小粟田〜小千谷車庫前線, （急行）長岡駅前〜片貝・坪野〜小千谷車庫前線, 長岡〜小千谷〜十日町線, 長岡〜新国道〜小千谷インター線, 長岡駅前〜関原〜宮本上口, 長岡駅前〜宮内本町〜長岡駅前線"
長岡駅東口,越後交通（株）,"宮内環状線, 長岡駅東口〜麻生田〜上見附車庫前, 長岡駅東口〜昭和通り〜新榎〜栃尾車庫前, 長岡駅東口〜東バイパス〜新榎〜栃尾車庫前, 長岡駅東口〜麻生田〜桑探峠〜栃尾車庫前, 長岡駅東口〜試験場〜成願寺線, 長岡駅東口〜長岡地域振興局前線, 長岡駅東口〜悠久山線, 長岡駅東口〜立川総合病院〜高町団地〜柿線, 【特急】長岡駅東口〜新榎〜栃尾車庫前, 長岡駅東口〜干場〜桑探峠〜栃尾車庫前, 長岡駅東口〜豊町〜栃尾車庫前, 長岡駅東口〜耳取〜上見附車庫前, 長岡駅東口〜名木野〜上見附車庫前, 長岡駅東口〜宮内駅前〜高龍神社線, 長岡駅東口〜曲新町〜上下条, 長岡駅東口〜上下条〜滝谷, 長岡駅東口〜栖吉線, 長岡駅東口〜中越高校〜福島・稲保線"
今朝白1丁目,越後交通（株）,"宮内環状線, 長岡駅東口〜麻生田〜上見附車庫前, 長岡駅東口〜昭和通り〜新榎〜栃尾車庫前, 長岡駅東口〜干場〜桑探峠〜栃尾車庫前, 長岡駅東口〜豊町〜栃尾車庫前, 長岡駅東口〜耳取〜上見附車庫前, 長岡駅東口〜名木野〜上見附車庫前, 長岡駅東口〜中越高校〜福島・稲保線"
大島小学校前,越後交通（株）,"長岡駅前〜福戸〜蓮花寺, 長岡駅前〜関原〜ニュータウン〜越後丘陵公園, 長岡駅前〜大手大橋　・長峰〜ニュータウン, 長岡駅前〜大手大橋　・長峰〜県立歴史博物館"
川崎南,越後交通（株）,"長岡駅東口〜東バイパス〜新榎〜栃尾車庫前, 長岡駅東口〜麻生田〜桑探峠〜栃尾車庫前"
地蔵温泉前,越後交通（株）,長岡駅前〜西山〜柏崎駅前
大手高校前,越後交通（株）,"長岡駅前〜関原〜宮本上口, 長岡駅東口〜東バイパス〜新榎〜栃尾車庫前, 長岡駅東口〜麻生田〜桑探峠〜栃尾車庫前, 長岡駅東口〜試験場〜成願寺線, 長岡駅東口〜長岡地域振興局前線, 長岡駅東口〜悠久山線, 【特急】長岡駅東口〜新榎〜栃尾車庫前"
大湊,越後交通（株）,柏崎駅前〜出雲崎車庫
ニュータウンセンター,越後交通（株）,"長岡駅前〜関原〜ニュータウン〜越後丘陵公園, 長岡駅前〜大手大橋　・長峰〜ニュータウン"
長岡地域振興局前,越後交通（株）,"長岡駅前〜関原〜宮本上口, 長岡駅東口〜東バイパス〜新榎〜栃尾車庫前, 長岡駅東口〜麻生田〜桑探峠〜栃尾車庫前, 長岡駅東口〜試験場〜成願寺線, 長岡駅東口〜長岡地域振興局前線, 長岡駅東口〜悠久山線"
長岡インター,越後交通（株）,"長岡駅前〜西山〜柏崎駅前, 長岡駅前〜曽地〜柏崎駅前"
千手3丁目,越後交通（株）,"（急行）長岡駅前〜片貝・小粟田〜小千谷車庫前線, 長岡駅前〜三ツ郷屋・河根川〜与板, 長岡駅前〜福戸〜蓮花寺, 長岡駅前〜越路中学校前, 長岡駅前〜小国車庫前, 長岡駅前〜西山〜柏崎駅前, 長岡駅前〜曽地〜柏崎駅前, 中央環状線（関東町経由）, 中央環状線（中島経由）, 長岡駅前〜関原〜宮本上口, 長岡駅前〜関原〜与板, 長岡駅前〜関原〜ニュータウン〜越後丘陵公園, 長岡駅前〜長生橋〜長峰児童公園前, 長岡駅前〜関原〜灰下入口, 向陵高校〜長岡駅〜今町5丁目, 宮内環状線"
大島4丁目,越後交通（株）,"（急行）長岡駅前〜片貝・小粟田〜小千谷車庫前線, 長岡駅前〜三ツ郷屋・河根川〜与板, 長岡駅前〜西山〜柏崎駅前, 長岡駅前〜曽地〜柏崎駅前, 中央環状線（関東町経由）, 中央環状線（中島経由）, 長岡駅前〜関原〜宮本上口, 長岡駅前〜関原〜与板, 長岡駅前〜関原〜ニュータウン〜越後丘陵公園, 長岡駅前〜関原〜灰下入口, 向陵高校〜長岡駅〜今町5丁目"
長生橋東詰,越後交通（株）,"（急行）長岡駅前〜片貝・小粟田〜小千谷車庫前線, 長岡駅前〜三ツ郷屋・河根川〜与板, 長岡駅前〜福戸〜蓮花寺, 長岡駅前〜越路中学校前, 長岡駅前〜小国車庫前, 長岡駅前〜西山〜柏崎駅前, 長岡駅前〜曽地〜柏崎駅前, 中央環状線（関東町経由）, 中央環状線（中島経由）, 長岡駅前〜関原〜宮本上口, 長岡駅前〜関原〜与板, 長岡駅前〜関原〜ニュータウン〜越後丘陵公園, 長岡駅前〜長生橋〜長峰児童公園前, 長岡駅前〜関原〜灰下入口, 向陵高校〜長岡駅〜今町5丁目"
七日町公民館,越後交通（株）,"長岡駅前〜大手大橋　・長峰〜ニュータウン, 長岡駅前〜大手大橋　・長峰〜県立歴史博物館, 長岡駅前〜長生橋〜長峰児童公園前"
長岡総合支援学校入口,越後交通（株）,"長岡駅前〜西山〜柏崎駅前, 長岡駅前〜曽地〜柏崎駅前"
小向入口,越後交通（株）,栃尾車庫前〜栃堀
四郎丸4丁目,越後交通（株）,"長岡駅前〜関原〜宮本上口, 宮内環状線, 長岡駅東口〜悠久山線, 長岡駅東口〜立川総合病院〜高町団地〜柿線, 長岡駅東口〜宮内駅前〜高龍神社線, 長岡駅東口〜曲新町〜上下条, 長岡駅東口〜上下条〜滝谷, 長岡駅東口〜栖吉線"
稲場,越後交通（株）,"長岡駅前〜西山〜柏崎駅前, 長岡駅前〜曽地〜柏崎駅前, 長岡駅前〜関原〜灰下入口"
南七日町,越後交通（株）,"長岡駅前〜大手大橋　・長峰〜ニュータウン, 長岡駅前〜大手大橋　・長峰〜県立歴史博物館, 長岡駅前〜長生橋〜長峰児童公園前"
大島3丁目,越後交通（株）,"（急行）長岡駅前〜片貝・小粟田〜小千谷車庫前線, 長岡駅前〜三ツ郷屋・河根川〜与板, 長岡駅前〜福戸〜蓮花寺, 長岡駅前〜越路中学校前, 長岡駅前〜小国車庫前, 長岡駅前〜西山〜柏崎駅前, 長岡駅前〜曽地〜柏崎駅前, 中央環状線（関東町経由）, 中央環状線（中島経由）, 長岡駅前〜関原〜宮本上口, 長岡駅前〜関原〜与板, 長岡駅前〜関原〜ニュータウン〜越後丘陵公園, 長岡駅前〜長生橋〜長峰児童公園前, 長岡駅前〜関原〜灰下入口, 向陵高校〜長岡駅〜今町5丁目"
赤谷,越後交通（株）,栃尾車庫前〜栗山沢
長生橋西詰,越後交通（株）,"（急行）長岡駅前〜片貝・小粟田〜小千谷車庫前線, 長岡駅前〜三ツ郷屋・河根川〜与板, 長岡駅前〜福戸〜蓮花寺, 長岡駅前〜越路中学校前, 長岡駅前〜小国車庫前, 長岡駅前〜西山〜柏崎駅前, 長岡駅前〜曽地〜柏崎駅前, 中央環状線（関東町経由）, 中央環状線（中島経由）, 長岡駅前〜関原〜宮本上口, 長岡駅前〜関原〜与板, 長岡駅前〜関原〜ニュータウン〜越後丘陵公園, 長岡駅前〜長生橋〜長峰児童公園前, 長岡駅前〜関原〜灰下入口, 向陵高校〜長岡駅〜今町5丁目"
柏町,越後交通（株）,"（急行）長岡駅前〜片貝・小粟田〜小千谷車庫前線, （急行）長岡駅前〜片貝・坪野〜小千谷車庫前線, 長岡〜小千谷〜十日町線, 長岡〜新国道〜小千谷インター線, 長岡駅前〜宮内本町〜長岡駅前線"
大島本町,越後交通（株）,"長岡駅前〜越路中学校前, 長岡駅前〜小国車庫前, 長岡駅前〜大手大橋　・長峰〜ニュータウン, 長岡駅前〜大手大橋　・長峰〜県立歴史博物館, 長岡駅前〜長生橋〜長峰児童公園前"
希望ヶ丘1丁目,越後交通（株）,"長岡駅前〜大手大橋　・長峰〜ニュータウン, 長岡駅前〜大手大橋　・長峰〜県立歴史博物館, 長岡駅前〜長生橋〜長峰児童公園前"
勝山工業団地前,越後交通（株）,長岡駅前〜西山〜柏崎駅前
栃堀下口,越後交通（株）,栃尾車庫前〜栃堀
青葉台2丁目,越後交通（株）,"長岡駅前〜関原〜ニュータウン〜越後丘陵公園, 長岡駅前〜大手大橋　・長峰〜ニュータウン"
国土交通省前,越後交通（株）,"長岡駅東口〜試験場〜成願寺線, 長岡駅東口〜悠久山線"
西千手2丁目,越後交通（株）,"長岡駅前〜宮内本町〜長岡駅前線, 宮内環状線"
西中学校前,越後交通（株）,"長岡駅前〜大手大橋　・長峰〜ニュータウン, 長岡駅前〜大手大橋　・長峰〜県立歴史博物館, 長岡駅前〜長生橋〜長峰児童公園前"
四郎丸,越後交通（株）,"長岡駅前〜関原〜宮本上口, 宮内環状線, 長岡駅東口〜悠久山線, 長岡駅東口〜立川総合病院〜高町団地〜柿線, 長岡駅東口〜宮内駅前〜高龍神社線, 長岡駅東口〜曲新町〜上下条, 長岡駅東口〜上下条〜滝谷, 長岡駅東口〜栖吉線"
大山2丁目,越後交通（株）,"長岡駅前〜大手大橋　・長峰〜ニュータウン, 長岡駅前〜大手大橋　・長峰〜県立歴史博物館, 長岡駅前〜長生橋〜長峰児童公園前"
学校町,越後交通（株）,長岡駅東口〜悠久山線
赤谷上口,越後交通（株）,栃尾車庫前〜栗山沢
変電所前（長岡）,越後交通（株）,長岡駅東口〜悠久山線
学校町1丁目（長岡）,越後交通（株）,"宮内環状線, 長岡駅東口〜悠久山線, 長岡駅東口〜立川総合病院〜高町団地〜柿線, 長岡駅東口〜栖吉線"
仲村（大積）,越後交通（株）,"長岡駅前〜西山〜柏崎駅前, 長岡駅前〜曽地〜柏崎駅前, 長岡駅前〜関原〜灰下入口"
中沢入口,越後交通（株）,"長岡駅東口〜試験場〜成願寺線, 長岡駅東口〜悠久山線"
中沢三叉路,越後交通（株）,"長岡駅東口〜試験場〜成願寺線, 長岡駅東口〜悠久山線"
西中入口,越後交通（株）,"長岡駅前〜越路中学校前, 長岡駅前〜小国車庫前, 長岡駅前〜大手大橋　・長峰〜ニュータウン, 長岡駅前〜大手大橋　・長峰〜県立歴史博物館, 長岡駅前〜長生橋〜長峰児童公園前"
南町1丁目,長岡市,まちなかべんりバス
南町1丁目,越後交通（株）,"法務局・長岡駅前〜日赤病院〜道の駅ながおか花火館, 法務局・長岡駅前〜日赤病院・江陽団地, 長岡駅前〜法務局"
中沢（長岡）,越後交通（株）,長岡駅東口〜悠久山線
三島谷,越後交通（株）,長岡駅前〜西山〜柏崎駅前
栃堀,越後交通（株）,栃尾車庫前〜栃堀
市場前（長岡）,越後交通（株）,"長岡駅前〜大手大橋　・長峰〜ニュータウン, 長岡駅前〜大手大橋　・長峰〜県立歴史博物館, 長岡駅前〜長生橋〜長峰児童公園前"
市民体育館前,越後交通（株）,"宮内環状線, 長岡駅東口〜立川総合病院〜高町団地〜柿線, 長岡駅東口〜栖吉線"
勝山,越後交通（株）,長岡駅前〜西山〜柏崎駅前
中沢倉庫前,越後交通（株）,"長岡駅東口〜試験場〜成願寺線, 長岡駅東口〜悠久山線"
新産センター公園前,越後交通（株）,"長岡駅前〜大手大橋　・長峰〜ニュータウン, 長岡駅前〜大手大橋　・長峰〜県立歴史博物館, 長岡駅前〜長生橋〜長峰児童公園前"
千手1丁目,越後交通（株）,"（急行）長岡駅前〜片貝・小粟田〜小千谷車庫前線, （急行）長岡駅前〜片貝・坪野〜小千谷車庫前線, 長岡〜小千谷〜十日町線, 長岡〜新国道〜小千谷インター線"
幸町1丁目,越後交通（株）,"長岡駅前〜宮内本町〜長岡駅前線, 宮内環状線"
栖吉小学校前,越後交通（株）,長岡駅東口〜悠久山線
時計台公園前,越後交通（株）,"長岡駅前〜関原〜ニュータウン〜越後丘陵公園, 長岡駅前〜大手大橋　・長峰〜ニュータウン"
新産センター酒販前,越後交通（株）,"長岡駅前〜大手大橋　・長峰〜ニュータウン, 長岡駅前〜大手大橋　・長峰〜県立歴史博物館, 長岡駅前〜長生橋〜長峰児童公園前"
折渡,越後交通（株）,長岡駅前〜西山〜柏崎駅前
長峰団地入口,越後交通（株）,"長岡駅前〜大手大橋　・長峰〜ニュータウン, 長岡駅前〜大手大橋　・長峰〜県立歴史博物館, 長岡駅前〜長生橋〜長峰児童公園前"
市民防災センター前,長岡市,まちなかべんりバス
市民防災センター前,越後交通（株）,"法務局・長岡駅前〜日赤病院〜道の駅ながおか花火館, 法務局・長岡駅前〜日赤病院・江陽団地, 長岡駅前〜法務局"
土合アパート前,越後交通（株）,"長岡駅東口〜宮内駅前〜高龍神社線, 長岡駅東口〜曲新町〜上下条, 長岡駅東口〜上下条〜滝谷"
土合口,越後交通（株）,"宮内環状線, 長岡駅東口〜立川総合病院〜高町団地〜柿線, 長岡駅東口〜栖吉線"
県立歴史博物館,越後交通（株）,長岡駅前〜大手大橋　・長峰〜県立歴史博物館
北山,越後交通（株）,"長岡駅前〜越路中学校前, 長岡駅前〜小国車庫前"
東方,越後交通（株）,"長岡駅前〜西山〜柏崎駅前, 長岡駅前〜曽地〜柏崎駅前, 長岡駅前〜関原〜灰下入口"
長峰団地（長岡）,越後交通（株）,"長岡駅前〜大手大橋　・長峰〜ニュータウン, 長岡駅前〜大手大橋　・長峰〜県立歴史博物館, 長岡駅前〜長生橋〜長峰児童公園前"
陽光台1丁目,越後交通（株）,"長岡駅前〜関原〜ニュータウン〜越後丘陵公園, 長岡駅前〜大手大橋　・長峰〜ニュータウン"
試験場入口,越後交通（株）,"長岡駅東口〜試験場〜成願寺線, 長岡駅東口〜悠久山線"
片貝入口,越後交通（株）,長岡駅東口〜悠久山線
刈羽入口,越後交通（株）,柏崎駅前〜出雲崎車庫
宮原2丁目,越後交通（株）,"（急行）長岡駅前〜片貝・小粟田〜小千谷車庫前線, （急行）長岡駅前〜片貝・坪野〜小千谷車庫前線, 長岡〜小千谷〜十日町線, 長岡〜新国道〜小千谷インター線"
法務局前,越後交通（株）,"法務局・長岡駅前〜日赤病院〜道の駅ながおか花火館, 法務局・長岡駅前〜日赤病院・江陽団地, 長岡駅前〜法務局"
法務局前,長岡市,まちなかべんりバス
帝京長岡中学・高校前,越後交通（株）,"長岡駅東口〜宮内駅前〜高龍神社線, 長岡駅東口〜曲新町〜上下条, 長岡駅東口〜上下条〜滝谷"
幸町（長岡）,越後交通（株）,"長岡駅前〜宮内本町〜長岡駅前線, 宮内環状線"
有栗,越後交通（株）,長岡駅前〜小国車庫前
市立劇場前,越後交通（株）,"長岡駅前〜宮内本町〜長岡駅前線, 宮内環状線"
宮原1丁目,越後交通（株）,長岡駅前〜宮内本町〜長岡駅前線
前田町,越後交通（株）,長岡駅東口〜栖吉線
花園3丁目,越後交通（株）,"宮内環状線, 長岡駅東口〜立川総合病院〜高町団地〜柿線, 長岡駅東口〜栖吉線"
悠久山公園入口,越後交通（株）,"長岡駅東口〜試験場〜成願寺線, 長岡駅東口〜悠久山線"
下山,越後交通（株）,"長岡駅前〜越路中学校前, 長岡駅前〜小国車庫前"
悠遊健康村病院,越後交通（株）,"長岡駅前〜大手大橋　・長峰〜ニュータウン, 長岡駅前〜大手大橋　・長峰〜県立歴史博物館"
成願寺,越後交通（株）,長岡駅東口〜試験場〜成願寺線
陽光台3丁目,越後交通（株）,"長岡駅前〜関原〜ニュータウン〜越後丘陵公園, 長岡駅前〜大手大橋　・長峰〜ニュータウン"
長峰児童公園前,越後交通（株）,"長岡駅前〜大手大橋　・長峰〜ニュータウン, 長岡駅前〜大手大橋　・長峰〜県立歴史博物館, 長岡駅前〜長生橋〜長峰児童公園前"
ポリテクセンター新潟,越後交通（株）,"長岡駅東口〜宮内駅前〜高龍神社線, 長岡駅東口〜曲新町〜上下条, 長岡駅東口〜上下条〜滝谷"
花園団地入口,越後交通（株）,長岡駅東口〜栖吉線
溝橋,越後交通（株）,"（急行）長岡駅前〜片貝・小粟田〜小千谷車庫前線, （急行）長岡駅前〜片貝・坪野〜小千谷車庫前線, 長岡〜小千谷〜十日町線, 長岡〜新国道〜小千谷インター線"
高専前,越後交通（株）,"長岡駅東口〜試験場〜成願寺線, 長岡駅東口〜悠久山線"
大積,越後交通（株）,"長岡駅前〜西山〜柏崎駅前, 長岡駅前〜曽地〜柏崎駅前, 長岡駅前〜関原〜灰下入口"
悠久山,越後交通（株）,"長岡駅東口〜試験場〜成願寺線, 長岡駅東口〜悠久山線"
長倉口,越後交通（株）,長岡駅東口〜栖吉線
成願寺中央,越後交通（株）,長岡駅東口〜試験場〜成願寺線
才津農協前,越後交通（株）,長岡駅前〜小国車庫前
栖吉入口,越後交通（株）,長岡駅東口〜試験場〜成願寺線
花園町,越後交通（株）,"宮内環状線, 長岡駅東口〜栖吉線"
成願寺入口,越後交通（株）,長岡駅東口〜試験場〜成願寺線
十日市,越後交通（株）,長岡駅前〜西山〜柏崎駅前
陽光台4丁目,越後交通（株）,"長岡駅前〜関原〜ニュータウン〜越後丘陵公園, 長岡駅前〜大手大橋　・長峰〜ニュータウン"
技大入口,越後交通（株）,"長岡駅前〜大手大橋　・長峰〜ニュータウン, 長岡駅前〜大手大橋　・長峰〜県立歴史博物館"
才津,越後交通（株）,長岡駅前〜小国車庫前
錦3丁目,越後交通（株）,長岡駅東口〜立川総合病院〜高町団地〜柿線
花園1丁目,越後交通（株）,長岡駅東口〜栖吉線
新陽,越後交通（株）,長岡駅前〜大手大橋　・長峰〜ニュータウン
下来伝口,越後交通（株）,栃尾車庫前〜栗山沢
三和町,越後交通（株）,"長岡駅前〜宮内本町〜長岡駅前線, 宮内環状線"
鉢伏口,越後交通（株）,長岡駅東口〜栖吉線
飛詰,越後交通（株）,"長岡駅東口〜宮内駅前〜高龍神社線, 長岡駅東口〜曲新町〜上下条, 長岡駅東口〜上下条〜滝谷"
宮内7丁目,越後交通（株）,長岡駅前〜宮内本町〜長岡駅前線
刈羽駅入口,越後交通（株）,柏崎駅前〜出雲崎車庫
永盛橋,越後交通（株）,長岡駅前〜越路中学校前
大積1丁目,越後交通（株）,"長岡駅前〜曽地〜柏崎駅前, 長岡駅前〜関原〜灰下入口"
アクアーレ長岡,越後交通（株）,長岡駅前〜大手大橋　・長峰〜ニュータウン
吹谷口,越後交通（株）,栃尾車庫前〜栗山沢
曙2丁目,越後交通（株）,"長岡駅東口〜宮内駅前〜高龍神社線, 長岡駅東口〜曲新町〜上下条, 長岡駅東口〜上下条〜滝谷"
才津原,越後交通（株）,長岡駅前〜小国車庫前
宮内橋,越後交通（株）,"（急行）長岡駅前〜片貝・小粟田〜小千谷車庫前線, （急行）長岡駅前〜片貝・坪野〜小千谷車庫前線, 長岡〜小千谷〜十日町線, 長岡〜新国道〜小千谷インター線, 長岡駅前〜宮内本町〜長岡駅前線, 宮内環状線"
宮内6丁目,越後交通（株）,長岡駅前〜宮内本町〜長岡駅前線
鉢伏1丁目,越後交通（株）,長岡駅東口〜栖吉線
豊田小学校前,越後交通（株）,長岡駅東口〜立川総合病院〜高町団地〜柿線
鉢伏,越後交通（株）,長岡駅東口〜栖吉線
技大前,越後交通（株）,"長岡駅前〜大手大橋　・長峰〜ニュータウン, 長岡駅前〜大手大橋　・長峰〜県立歴史博物館"
大町（長岡）,越後交通（株）,宮内環状線
宮内本町,越後交通（株）,長岡駅前〜宮内本町〜長岡駅前線
鉢伏住宅,越後交通（株）,長岡駅東口〜栖吉線
西宮内,越後交通（株）,"（急行）長岡駅前〜片貝・小粟田〜小千谷車庫前線, （急行）長岡駅前〜片貝・坪野〜小千谷車庫前線"
越後丘陵公園,越後交通（株）,長岡駅前〜関原〜ニュータウン〜越後丘陵公園
要町,越後交通（株）,"（急行）長岡駅前〜片貝・小粟田〜小千谷車庫前線, （急行）長岡駅前〜片貝・坪野〜小千谷車庫前線, 長岡〜小千谷〜十日町線, 長岡〜新国道〜小千谷インター線"
御山町,越後交通（株）,長岡駅東口〜栖吉線
旭岡,越後交通（株）,"宮内環状線, 長岡駅東口〜立川総合病院〜高町団地〜柿線"
宮内小学校前,越後交通（株）,"長岡駅前〜宮内本町〜長岡駅前線, 宮内環状線"
長岡崇徳大学東口,越後交通（株）,"長岡駅前〜大手大橋　・長峰〜ニュータウン, 長岡駅前〜大手大橋　・長峰〜県立歴史博物館"
下来伝,越後交通（株）,栃尾車庫前〜栗山沢
大積2丁目,越後交通（株）,"長岡駅前〜曽地〜柏崎駅前, 長岡駅前〜関原〜灰下入口"
曙1丁目,越後交通（株）,"長岡駅東口〜宮内駅前〜高龍神社線, 長岡駅東口〜曲新町〜上下条, 長岡駅東口〜上下条〜滝谷"
とうりんぼ入口,越後交通（株）,柏崎駅前〜出雲崎車庫
東宮内,越後交通（株）,宮内環状線
少年学院,越後交通（株）,長岡駅東口〜栖吉線
長岡崇徳大学前,越後交通（株）,"長岡駅前〜大手大橋　・長峰〜ニュータウン, 長岡駅前〜大手大橋　・長峰〜県立歴史博物館"
刈羽診療所前,越後交通（株）,柏崎駅前〜出雲崎車庫
今宮橋,越後交通（株）,"（急行）長岡駅前〜片貝・小粟田〜小千谷車庫前線, （急行）長岡駅前〜片貝・坪野〜小千谷車庫前線"
大積3丁目,越後交通（株）,"長岡駅前〜曽地〜柏崎駅前, 長岡駅前〜関原〜灰下入口"
前山町入口,越後交通（株）,長岡駅東口〜栖吉線
富岡,越後交通（株）,長岡駅前〜小国車庫前
飯島,越後交通（株）,長岡駅前〜越路中学校前
柿小学校前,越後交通（株）,長岡駅東口〜立川総合病院〜高町団地〜柿線
立川綜合病院,越後交通（株）,"長岡駅前〜大野積, 長岡駅前〜東三条駅前, 長岡駅前〜分水駅前, 立川綜合病院〜長岡駅前〜小島谷駅前, 宮内環状線, 長岡駅東口〜立川総合病院〜高町団地〜柿線"
公民館前（高畑町）,越後交通（株）,長岡駅東口〜立川総合病院〜高町団地〜柿線
平島2丁目,越後交通（株）,"（急行）長岡駅前〜片貝・小粟田〜小千谷車庫前線, （急行）長岡駅前〜片貝・坪野〜小千谷車庫前線"
原町（長岡）,越後交通（株）,長岡駅東口〜栖吉線
宮内駅前,越後交通（株）,"宮内環状線, 長岡駅東口〜宮内駅前〜高龍神社線, 長岡駅東口〜曲新町〜上下条, 長岡駅東口〜上下条〜滝谷"
刈羽,越後交通（株）,長岡駅前〜西山〜柏崎駅前
宮内3丁目,越後交通（株）,"宮内環状線, 長岡駅東口〜宮内駅前〜高龍神社線, 長岡駅東口〜曲新町〜上下条, 長岡駅東口〜上下条〜滝谷"
栖吉中央,越後交通（株）,長岡駅東口〜栖吉線
吹谷,越後交通（株）,栃尾車庫前〜栗山沢
平島,越後交通（株）,"長岡〜小千谷〜十日町線, 長岡〜新国道〜小千谷インター線"
深沢入口,越後交通（株）,長岡駅前〜小国車庫前
南部体育館,越後交通（株）,"宮内環状線, 長岡駅東口〜宮内駅前〜高龍神社線"
水梨,越後交通（株）,"（急行）長岡駅前〜片貝・小粟田〜小千谷車庫前線, （急行）長岡駅前〜片貝・坪野〜小千谷車庫前線"
栖吉,越後交通（株）,長岡駅東口〜栖吉線
灰下入口,越後交通（株）,"長岡駅前〜曽地〜柏崎駅前, 長岡駅前〜関原〜灰下入口"
篠花入口,越後交通（株）,"越路支所前〜長谷川邸前, 長岡駅前〜越路中学校前"
高畑町,越後交通（株）,長岡駅東口〜立川総合病院〜高町団地〜柿線
柿ケ丘,越後交通（株）,長岡駅東口〜立川総合病院〜高町団地〜柿線
南陽2丁目,越後交通（株）,"（急行）長岡駅前〜片貝・小粟田〜小千谷車庫前線, （急行）長岡駅前〜片貝・坪野〜小千谷車庫前線"
駐在所前（栃尾）,越後交通（株）,栃尾車庫前〜栗山沢
割町新田,越後交通（株）,柏崎駅前〜出雲崎車庫
青山稲荷前,越後交通（株）,柏崎駅前〜出雲崎車庫
平島上口,越後交通（株）,"長岡〜小千谷〜十日町線, 長岡〜新国道〜小千谷インター線"
長岡温泉,越後交通（株）,長岡駅東口〜立川総合病院〜高町団地〜柿線
深沢新田,越後交通（株）,長岡駅前〜小国車庫前
来伝,越後交通（株）,栃尾車庫前〜栗山沢
宮内1丁目,越後交通（株）,"宮内環状線, 長岡駅東口〜曲新町〜上下条, 長岡駅東口〜上下条〜滝谷"
西野,越後交通（株）,"越路支所前〜長谷川邸前, 長岡駅前〜越路中学校前"
曲新町1丁目,越後交通（株）,"宮内環状線, 長岡駅東口〜曲新町〜上下条"
高町団地,越後交通（株）,長岡駅東口〜立川総合病院〜高町団地〜柿線
曲新町,越後交通（株）,"長岡駅東口〜宮内駅前〜高龍神社線, 長岡駅東口〜曲新町〜上下条"
入東小学校前,越後交通（株）,栃尾車庫前〜栗山沢
町田,越後交通（株）,長岡駅東口〜立川総合病院〜高町団地〜柿線
南部工業団地,越後交通（株）,"（急行）長岡駅前〜片貝・小粟田〜小千谷車庫前線, （急行）長岡駅前〜片貝・坪野〜小千谷車庫前線"
荒浜4丁目,越後交通（株）,柏崎駅前〜出雲崎車庫
プラント5入口,越後交通（株）,柏崎駅前〜出雲崎車庫
深沢4丁目,越後交通（株）,長岡駅前〜小国車庫前
千本,越後交通（株）,長岡駅前〜曽地〜柏崎駅前
中沢（越路）,越後交通（株）,"越路支所前〜長谷川邸前, 長岡駅前〜越路中学校前"
荒浜局前,越後交通（株）,柏崎駅前〜出雲崎車庫
田代,越後交通（株）,長岡駅前〜曽地〜柏崎駅前
寒沢,越後交通（株）,栃尾車庫前〜栗山沢
小黒須,越後交通（株）,長岡駅前〜曽地〜柏崎駅前
摂田屋1丁目,越後交通（株）,"長岡駅東口〜宮内駅前〜高龍神社線, 長岡駅東口〜曲新町〜上下条"
小黒須入口,越後交通（株）,長岡駅前〜曽地〜柏崎駅前
深沢小学校,越後交通（株）,長岡駅前〜小国車庫前
南陽1丁目,越後交通（株）,"（急行）長岡駅前〜片貝・小粟田〜小千谷車庫前線, （急行）長岡駅前〜片貝・坪野〜小千谷車庫前線"
東摂田屋,越後交通（株）,"長岡駅東口〜宮内駅前〜高龍神社線, 長岡駅東口〜曲新町〜上下条"
下村,越後交通（株）,長岡駅東口〜立川総合病院〜高町団地〜柿線
豊詰,越後交通（株）,長岡駅東口〜上下条〜滝谷
荒浜2丁目,越後交通（株）,柏崎駅前〜出雲崎車庫
深沢町,越後交通（株）,長岡駅前〜小国車庫前
成沢入口,越後交通（株）,長岡駅前〜曽地〜柏崎駅前
柿入口,越後交通（株）,長岡駅東口〜立川総合病院〜高町団地〜柿線
五十土,越後交通（株）,長岡駅前〜曽地〜柏崎駅前
豊詰東,越後交通（株）,長岡駅東口〜曲新町〜上下条
高町,越後交通（株）,長岡駅前〜西山〜柏崎駅前
松尾,越後交通（株）,栃尾車庫前〜栗山沢
深沢1丁目,越後交通（株）,長岡駅前〜小国車庫前
前島,越後交通（株）,"（急行）長岡駅前〜片貝・小粟田〜小千谷車庫前線, （急行）長岡駅前〜片貝・坪野〜小千谷車庫前線"
農協低温倉庫前,越後交通（株）,長岡駅東口〜上下条〜滝谷
黒川,越後交通（株）,長岡駅前〜曽地〜柏崎駅前
柿,越後交通（株）,長岡駅東口〜立川総合病院〜高町団地〜柿線
NTT前,越後交通（株）,長岡駅東口〜曲新町〜上下条
隅田,越後交通（株）,長岡駅東口〜宮内駅前〜高龍神社線
荒浜1丁目,越後交通（株）,柏崎駅前〜出雲崎車庫
中島入口（長岡）,越後交通（株）,"越路支所前〜長谷川邸前, 長岡駅前〜越路中学校前"
新下条,越後交通（株）,"長岡〜小千谷〜十日町線, 長岡〜新国道〜小千谷インター線"
親沢入口,越後交通（株）,長岡駅前〜小国車庫前
上下条,越後交通（株）,"長岡駅東口〜曲新町〜上下条, 長岡駅東口〜上下条〜滝谷"
曽地,越後交通（株）,"柏崎駅前〜曽地, 長岡駅前〜曽地〜柏崎駅前"
前川駅,越後交通（株）,"（急行）長岡駅前〜片貝・小粟田〜小千谷車庫前線, （急行）長岡駅前〜片貝・坪野〜小千谷車庫前線"
横枕,越後交通（株）,長岡駅東口〜宮内駅前〜高龍神社線
親沢,越後交通（株）,"越路支所前〜長谷川邸前, 長岡駅前〜小国車庫前"
下条入口,越後交通（株）,長岡駅東口〜上下条〜滝谷
荒浜小学校前,越後交通（株）,柏崎駅前〜出雲崎車庫
神谷,越後交通（株）,"越路支所前〜長谷川邸前, 長岡駅前〜越路中学校前"
曽地新田,越後交通（株）,長岡駅前〜曽地〜柏崎駅前
上親沢,越後交通（株）,"越路支所前〜長谷川邸前, 長岡駅前〜小国車庫前"
越路小学校前,越後交通（株）,長岡駅前〜越路中学校前
青島,越後交通（株）,"（急行）長岡駅前〜片貝・小粟田〜小千谷車庫前線, （急行）長岡駅前〜片貝・坪野〜小千谷車庫前線"
栗山沢,越後交通（株）,栃尾車庫前〜栗山沢
上前島,越後交通（株）,"長岡〜小千谷〜十日町線, 長岡〜新国道〜小千谷インター線"
吉井新田,越後交通（株）,柏崎駅前〜曽地
新田橋,越後交通（株）,長岡駅前〜曽地〜柏崎駅前
本条,越後交通（株）,長岡駅前〜越路中学校前
松浜中学校前,越後交通（株）,柏崎駅前〜出雲崎車庫
前川東,越後交通（株）,"（急行）長岡駅前〜片貝・小粟田〜小千谷車庫前線, （急行）長岡駅前〜片貝・坪野〜小千谷車庫前線"
竹花,越後交通（株）,長岡駅東口〜宮内駅前〜高龍神社線
来迎寺農協前,越後交通（株）,"越路支所前〜長谷川邸前, （急行）長岡駅前〜片貝・小粟田〜小千谷車庫前線, （急行）長岡駅前〜片貝・坪野〜小千谷車庫前線, 長岡駅前〜越路中学校前"
長崎新田,越後交通（株）,"長岡駅前〜西山〜柏崎駅前, 長岡駅前〜曽地〜柏崎駅前"
来迎寺駅前,越後交通（株）,"越路支所前〜長谷川邸前, （急行）長岡駅前〜片貝・小粟田〜小千谷車庫前線, （急行）長岡駅前〜片貝・坪野〜小千谷車庫前線, 長岡駅前〜越路中学校前"
松波3丁目,越後交通（株）,柏崎駅前〜出雲崎車庫
越路中学校前,越後交通（株）,"越路支所前〜長谷川邸前, 長岡駅前〜越路中学校前"
免許センター前,越後交通（株）,"（急行）長岡駅前〜片貝・小粟田〜小千谷車庫前線, （急行）長岡駅前〜片貝・坪野〜小千谷車庫前線"
沢下条,越後交通（株）,"越路支所前〜長谷川邸前, 長岡駅前〜小国車庫前"
吉井中央,越後交通（株）,柏崎駅前〜曽地
福祉センター前,越後交通（株）,"越路支所前〜長谷川邸前, 長岡駅前〜越路中学校前"
越路支所前,越後交通（株）,"越路支所前〜長谷川邸前, （急行）長岡駅前〜片貝・小粟田〜小千谷車庫前線, （急行）長岡駅前〜片貝・坪野〜小千谷車庫前線, 長岡駅前〜越路中学校前"
湯沢,越後交通（株）,長岡駅東口〜宮内駅前〜高龍神社線
浦,越後交通（株）,"越路支所前〜長谷川邸前, （急行）長岡駅前〜片貝・小粟田〜小千谷車庫前線, （急行）長岡駅前〜片貝・坪野〜小千谷車庫前線"
はまなす特別支援学校入口,越後交通（株）,柏崎駅前〜出雲崎車庫
石坂団地,越後交通（株）,長岡駅東口〜宮内駅前〜高龍神社線
剣橋,越後交通（株）,"長岡駅前〜西山〜柏崎駅前, 長岡駅前〜曽地〜柏崎駅前"
吉井入口,越後交通（株）,柏崎駅前〜曽地
新片田,越後交通（株）,"長岡〜小千谷〜十日町線, 長岡〜新国道〜小千谷インター線"
片田,越後交通（株）,長岡駅東口〜上下条〜滝谷
山本（柏崎）,越後交通（株）,"長岡駅前〜西山〜柏崎駅前, 長岡駅前〜曽地〜柏崎駅前"
飯塚下口,越後交通（株）,"越路支所前〜長谷川邸前, 長岡駅前〜小国車庫前"
広道,越後交通（株）,長岡駅東口〜宮内駅前〜高龍神社線
稲荷様,越後交通（株）,越路支所前〜長谷川邸前
なごみ橋,越後交通（株）,長岡駅前〜曽地〜柏崎駅前
変電所前（越路）,越後交通（株）,"（急行）長岡駅前〜片貝・小粟田〜小千谷車庫前線, （急行）長岡駅前〜片貝・坪野〜小千谷車庫前線"
西中通,越後交通（株）,長岡駅前〜曽地〜柏崎駅前
浦上,越後交通（株）,越路支所前〜長谷川邸前
松波2丁目,越後交通（株）,柏崎駅前〜出雲崎車庫
飯塚,越後交通（株）,"越路支所前〜長谷川邸前, 長岡駅前〜小国車庫前"
十日町下口,越後交通（株）,長岡駅東口〜上下条〜滝谷
浦上口,越後交通（株）,越路支所前〜長谷川邸前
橋場神社前,越後交通（株）,長岡駅前〜曽地〜柏崎駅前
原町（柏崎）,越後交通（株）,長岡駅前〜西山〜柏崎駅前
松波1丁目,越後交通（株）,柏崎駅前〜出雲崎車庫
橋場,越後交通（株）,長岡駅前〜曽地〜柏崎駅前
矢田（柏崎）,越後交通（株）,柏崎駅前〜曽地
十日町局前,越後交通（株）,長岡駅東口〜上下条〜滝谷
高山,越後交通（株）,"長岡〜小千谷〜十日町線, 長岡〜新国道〜小千谷インター線"
村松,越後交通（株）,長岡駅東口〜宮内駅前〜高龍神社線
春日3丁目,越後交通（株）,長岡駅前〜曽地〜柏崎駅前
村松上口,越後交通（株）,長岡駅東口〜宮内駅前〜高龍神社線
岩塚農協前,越後交通（株）,"越路支所前〜長谷川邸前, 長岡駅前〜小国車庫前"
春日小路,越後交通（株）,"中央循環バス（かざぐるま）, 柏崎駅前〜出雲崎車庫"
小山口,越後交通（株）,長岡駅東口〜上下条〜滝谷
瑞穂中学校入口,越後交通（株）,長岡駅前〜西山〜柏崎駅前
翔洋校前,越後交通（株）,"中央循環バス（かざぐるま）, 柏崎駅前〜出雲崎車庫"
村松回転場,越後交通（株）,長岡駅東口〜宮内駅前〜高龍神社線
春日2丁目,越後交通（株）,長岡駅前〜曽地〜柏崎駅前
十日町上口,越後交通（株）,長岡駅東口〜上下条〜滝谷
与三,越後交通（株）,柏崎駅前〜曽地
ソルトスパ潮風,越後交通（株）,中央循環バス（かざぐるま）
桜木町（柏崎）,越後交通（株）,"中央循環バス（かざぐるま）, 柏崎駅前〜出雲崎車庫"
上十日町,越後交通（株）,"長岡〜小千谷〜十日町線, 長岡〜新国道〜小千谷インター線"
岩田入口,越後交通（株）,"越路支所前〜長谷川邸前, 長岡駅前〜小国車庫前"
八島,越後交通（株）,"（急行）長岡駅前〜片貝・小粟田〜小千谷車庫前線, （急行）長岡駅前〜片貝・坪野〜小千谷車庫前線"
貫木,南越後観光バス（株）,"系統4515, 系統4516・4526"
釜ケ島,越後交通（株）,越路支所前〜長谷川邸前
稲荷山,越後交通（株）,"東循環バス（ひまわり）, 長岡駅前〜曽地〜柏崎駅前"
丸山,越後交通（株）,柏崎駅前〜曽地
潮風公園,越後交通（株）,中央循環バス（かざぐるま）
杉平終点,越後交通（株）,柏崎駅前〜杉平
北園町住宅前,越後交通（株）,中央循環バス（かざぐるま）
北園町,越後交通（株）,柏崎駅前〜出雲崎車庫
リケン小路,越後交通（株）,柏崎駅前〜出雲崎車庫
岩田,越後交通（株）,"越路支所前〜長谷川邸前, 長岡駅前〜小国車庫前"
杉平入口,越後交通（株）,柏崎駅前〜杉平
柳田町,越後交通（株）,東循環バス（ひまわり）
石津,越後交通（株）,越路支所前〜長谷川邸前
リケン前,越後交通（株）,"東循環バス（ひまわり）, 長岡駅前〜曽地〜柏崎駅前"
柏崎温泉,越後交通（株）,"中央循環バス（かざぐるま）, 柏崎駅前〜出雲崎車庫"
松美中央,越後交通（株）,東循環バス（ひまわり）
松美町,越後交通（株）,"東循環バス（ひまわり）, 長岡駅前〜西山〜柏崎駅前"
元気館,越後交通（株）,中央循環バス（かざぐるま）
荒谷,南越後観光バス（株）,"系統4515, 系統4516・4526"
岩野,越後交通（株）,越路支所前〜長谷川邸前
諏訪町3丁目,越後交通（株）,"東循環バス（ひまわり）, 柏崎駅前〜出雲崎車庫, 長岡駅前〜曽地〜柏崎駅前"
片貝5ノ町,越後交通（株）,"（急行）長岡駅前〜片貝・小粟田〜小千谷車庫前線, （急行）長岡駅前〜片貝・坪野〜小千谷車庫前線"
比角保育園前,越後交通（株）,東循環バス（ひまわり）
浄土橋,越後交通（株）,長岡駅東口〜上下条〜滝谷
岩田上口,越後交通（株）,"越路支所前〜長谷川邸前, 長岡駅前〜小国車庫前"
岩野神社前,越後交通（株）,越路支所前〜長谷川邸前
山谷沢,越後交通（株）,"長岡〜小千谷〜十日町線, 長岡〜新国道〜小千谷インター線"
中央町,越後交通（株）,"中央循環バス（かざぐるま）, 柏崎駅前〜出雲崎車庫"
中田（柏崎）,越後交通（株）,柏崎駅前〜曽地
アクアパーク入口,越後交通（株）,中央循環バス（かざぐるま）
北鯖石小学校前,越後交通（株）,柏崎駅前〜曽地
畔屋入口,越後交通（株）,柏崎駅前〜曽地
諏訪町2丁目,越後交通（株）,"東循環バス（ひまわり）, 柏崎駅前〜出雲崎車庫, 長岡駅前〜曽地〜柏崎駅前"
新田畑,越後交通（株）,"東循環バス（ひまわり）, 長岡駅前〜西山〜柏崎駅前"
裁判所前,越後交通（株）,"中央循環バス（かざぐるま）, 東循環バス（ひまわり）, 長岡駅前〜曽地〜柏崎駅前"
北鯖石農協前,越後交通（株）,柏崎駅前〜曽地
鼻田橋,越後交通（株）,柏崎駅前〜杉平
滝谷2丁目,越後交通（株）,長岡駅東口〜上下条〜滝谷
田塚1丁目,越後交通（株）,柏崎駅前〜曽地
柏崎高校東,越後交通（株）,"中央循環バス（かざぐるま）, 柏崎駅前〜出雲崎車庫, 長岡駅前〜曽地〜柏崎駅前"
藤井,越後交通（株）,柏崎駅前〜曽地
長浜,越後交通（株）,柏崎駅前〜曽地
中央町南,越後交通（株）,"中央循環バス（かざぐるま）, 東循環バス（ひまわり）"
畔屋,越後交通（株）,柏崎駅前〜曽地
片貝4ノ町,越後交通（株）,"（急行）長岡駅前〜片貝・小粟田〜小千谷車庫前線, （急行）長岡駅前〜片貝・坪野〜小千谷車庫前線"
シーユース雷音,越後交通（株）,中央循環バス（かざぐるま）
四ツ谷,越後交通（株）,"柏崎駅前〜岡野町車庫・じょんのび村, 柏崎駅前〜久米, 柏崎駅前〜宮平北, 柏崎駅前〜曽地, 柏崎駅前〜柏崎総合医療センター, 柏崎駅前〜野田"
上藤井,越後交通（株）,柏崎駅前〜曽地
諏訪町1丁目,越後交通（株）,"中央循環バス（かざぐるま）, 柏崎駅前〜出雲崎車庫, 長岡駅前〜曽地〜柏崎駅前"
常盤高校前,越後交通（株）,"柏崎駅前〜岡野町車庫・じょんのび村, 柏崎駅前〜久米, 柏崎駅前〜宮平北, 柏崎駅前〜曽地, 柏崎駅前〜柏崎総合医療センター, 柏崎駅前〜野田"
滝谷（長岡）,越後交通（株）,"長岡〜小千谷〜十日町線, 長岡〜新国道〜小千谷インター線"
羽森神社前,越後交通（株）,"柏崎駅前〜岡野町車庫・じょんのび村, 柏崎駅前〜久米, 柏崎駅前〜宮平北, 柏崎駅前〜曽地, 柏崎駅前〜柏崎総合医療センター, 柏崎駅前〜野田"
緑が丘団地入口,越後交通（株）,柏崎駅前〜曽地
東本町3丁目,越後交通（株）,"柏崎駅前〜岡野町車庫・じょんのび村, 柏崎駅前〜久米, 柏崎駅前〜宮平北, 柏崎駅前〜曽地, 柏崎駅前〜柏崎総合医療センター, 柏崎駅前〜野田"
田塚2丁目,越後交通（株）,柏崎駅前〜曽地
東本町2丁目,越後交通（株）,"中央循環バス（かざぐるま）, 東循環バス（ひまわり）, 柏崎駅前〜岡野町車庫・じょんのび村, 柏崎駅前〜久米, 柏崎駅前〜宮平北, 柏崎駅前〜出雲崎車庫, 柏崎駅前〜曽地, 柏崎駅前〜柏崎総合医療センター, 柏崎駅前〜野田, 長岡駅前〜曽地〜柏崎駅前"
中央通長浜,越後交通（株）,"柏崎駅前〜曽地, 長岡駅前〜西山〜柏崎駅前"
東本町1丁目,越後交通（株）,"中央循環バス（かざぐるま）, 東循環バス（ひまわり）, 柏崎駅前〜岡野町車庫・じょんのび村, 柏崎駅前〜久米, 柏崎駅前〜宮平北, 柏崎駅前〜出雲崎車庫, 柏崎駅前〜川内, 柏崎駅前〜曽地, 柏崎駅前〜柏崎総合医療センター, 柏崎駅前〜野田, 柏崎駅南口〜赤坂山公園〜柏崎駅前, 長岡駅前〜曽地〜柏崎駅前"
髙龍神社,越後交通（株）,長岡駅東口〜宮内駅前〜高龍神社線
かしわ荘入口,越後交通（株）,柏崎駅前〜曽地
鼻岳,越後交通（株）,柏崎駅前〜杉平
商工会議所前,越後交通（株）,"中央循環バス（かざぐるま）, 東循環バス（ひまわり）, 柏崎駅前〜岡野町車庫・じょんのび村, 柏崎駅前〜久米, 柏崎駅前〜宮平北, 柏崎駅前〜出雲崎車庫, 柏崎駅前〜川内, 柏崎駅前〜曽地, 柏崎駅前〜柏崎総合医療センター, 柏崎駅前〜野田, 柏崎駅南口〜赤坂山公園〜柏崎駅前, 長岡駅前〜曽地〜柏崎駅前"
日吉町,越後交通（株）,"柏崎駅前〜岡野町車庫・じょんのび村, 柏崎駅前〜久米, 柏崎駅前〜宮平北, 柏崎駅前〜杉平, 柏崎駅前〜曽地, 柏崎駅前〜柏崎総合医療センター, 柏崎駅前〜野田, 柏崎駅南口〜フロンティアパーク〜柏崎駅前, 長岡駅前〜西山〜柏崎駅前"
池津三叉路,越後交通（株）,小千谷車庫前〜池津三叉路
西本町1丁目,越後交通（株）,"中央循環バス（かざぐるま）, 柏崎駅前〜川内, 柏崎駅南口〜赤坂山公園〜柏崎駅前"
常盤高校入口,越後交通（株）,"柏崎駅前〜岡野町車庫・じょんのび村, 柏崎駅前〜久米, 柏崎駅前〜宮平北, 柏崎駅前〜杉平, 柏崎駅前〜曽地, 柏崎駅前〜野田, 柏崎駅南口〜フロンティアパーク〜柏崎駅前, 長岡駅前〜西山〜柏崎駅前"
柏崎営業所入口,越後交通（株）,"柏崎駅前〜岡野町車庫・じょんのび村, 柏崎駅前〜久米, 柏崎駅前〜宮平北, 柏崎駅前〜杉平, 柏崎駅前〜曽地, 柏崎駅前〜柏崎営業所, 柏崎駅前〜柏崎総合医療センター, 柏崎駅前〜野田, 柏崎駅南口〜フロンティアパーク〜柏崎駅前, 長岡駅前〜西山〜柏崎駅前"
滝谷駅前,越後交通（株）,長岡駅東口〜上下条〜滝谷
日吉町南,越後交通（株）,"柏崎駅前〜岡野町車庫・じょんのび村, 柏崎駅前〜久米, 柏崎駅前〜宮平北, 柏崎駅前〜柏崎総合医療センター, 柏崎駅前〜野田"
片貝3ノ町,越後交通（株）,"（急行）長岡駅前〜片貝・小粟田〜小千谷車庫前線, （急行）長岡駅前〜片貝・坪野〜小千谷車庫前線"
東北電力前,越後交通（株）,"柏崎駅前〜岡野町車庫・じょんのび村, 柏崎駅前〜久米, 柏崎駅前〜宮平北, 柏崎駅前〜杉平, 柏崎駅前〜曽地, 柏崎駅前〜柏崎営業所, 柏崎駅前〜柏崎総合医療センター, 柏崎駅前〜野田, 柏崎駅南口〜フロンティアパーク〜柏崎駅前, 長岡駅前〜西山〜柏崎駅前"
西本町2丁目,越後交通（株）,"中央循環バス（かざぐるま）, 柏崎駅前〜川内, 柏崎駅南口〜赤坂山公園〜柏崎駅前"
南町,越後交通（株）,"柏崎駅前〜岡野町車庫・じょんのび村, 柏崎駅前〜久米, 柏崎駅前〜宮平北, 柏崎駅前〜杉平, 柏崎駅前〜曽地, 柏崎駅前〜柏崎営業所, 柏崎駅前〜柏崎総合医療センター, 柏崎駅前〜野田, 柏崎駅南口〜フロンティアパーク〜柏崎駅前, 長岡駅前〜西山〜柏崎駅前"
高倉公民館前,南越後観光バス（株）,"系統4515, 系統4516・4526"
不動沢,越後交通（株）,"越路支所前〜長谷川邸前, 長岡駅前〜小国車庫前"
駅前通交差点,越後交通（株）,"柏崎駅前〜岡野町車庫・じょんのび村, 柏崎駅前〜久米, 柏崎駅前〜宮平北, 柏崎駅前〜出雲崎車庫, 柏崎駅前〜杉平, 柏崎駅前〜川内, 柏崎駅前〜曽地, 柏崎駅前〜柏崎総合医療センター, 柏崎駅前〜野田, 柏崎駅南口〜フロンティアパーク〜柏崎駅前, 柏崎駅南口〜赤坂山公園〜柏崎駅前, 長岡駅前〜曽地〜柏崎駅前"
鏡町,越後交通（株）,東循環バス（ひまわり）
柏崎地域振興局,越後交通（株）,東循環バス（ひまわり）
滝谷1丁目,越後交通（株）,長岡駅東口〜上下条〜滝谷
中村十字路,越後交通（株）,柏崎駅前〜杉平
市民活動センター前,越後交通（株）,"中央循環バス（かざぐるま）, 柏崎駅前〜川内, 柏崎駅南口〜赤坂山公園〜柏崎駅前"
駅前2丁目,越後交通（株）,"中央循環バス（かざぐるま）, 東循環バス（ひまわり）, 柏崎駅前〜岡野町車庫・じょんのび村, 柏崎駅前〜久米, 柏崎駅前〜宮平北, 柏崎駅前〜出雲崎車庫, 柏崎駅前〜杉平, 柏崎駅前〜川内, 柏崎駅前〜曽地, 柏崎駅前〜柏崎総合医療センター, 柏崎駅前〜野田, 柏崎駅南口〜フロンティアパーク〜柏崎駅前, 柏崎駅南口〜赤坂山公園〜柏崎駅前, 長岡駅前〜曽地〜柏崎駅前"
北半田1丁目,越後交通（株）,"柏崎駅前〜野田, 柏崎駅南口〜新潟産業大学・夢の森公園"
濁沢入口,越後交通（株）,長岡駅東口〜宮内駅前〜高龍神社線
岩野入口,越後交通（株）,小千谷車庫前〜池津三叉路
片貝2ノ町,越後交通（株）,"（急行）長岡駅前〜片貝・小粟田〜小千谷車庫前線, （急行）長岡駅前〜片貝・坪野〜小千谷車庫前線"
ガス水道局前,越後交通（株）,柏崎駅前〜柏崎営業所
柏崎地域振興局入口,越後交通（株）,"柏崎駅前〜岡野町車庫・じょんのび村, 柏崎駅前〜久米, 柏崎駅前〜宮平北, 柏崎駅前〜杉平, 柏崎駅前〜柏崎総合医療センター, 柏崎駅前〜野田, 柏崎駅南口〜フロンティアパーク〜柏崎駅前, 柏崎駅南口〜新潟産業大学・夢の森公園"
アルフォーレ,越後交通（株）,"中央循環バス（かざぐるま）, 東循環バス（ひまわり）"
柏崎営業所,越後交通（株）,柏崎駅前〜柏崎営業所
中浜海岸通,越後交通（株）,柏崎駅南口〜赤坂山公園〜柏崎駅前
上滝谷,越後交通（株）,"長岡〜小千谷〜十日町線, 長岡〜新国道〜小千谷インター線"
蓬平,越後交通（株）,長岡駅東口〜宮内駅前〜高龍神社線
港公園プール前,越後交通（株）,柏崎駅南口〜赤坂山公園〜柏崎駅前
柏崎市役所,越後交通（株）,中央循環バス（かざぐるま）
柏崎駅前,越後交通（株）,"中央循環バス（かざぐるま）, 東循環バス（ひまわり）, 柏崎駅前〜岡野町車庫・じょんのび村, 柏崎駅前〜久米, 柏崎駅前〜宮平北, 柏崎駅前〜出雲崎車庫, 柏崎駅前〜杉平, 柏崎駅前〜川内, 柏崎駅前〜曽地, 柏崎駅前〜柏崎営業所, 柏崎駅前〜柏崎総合医療センター, 柏崎駅前〜野田, 柏崎駅南口〜フロンティアパーク〜柏崎駅前, 柏崎駅南口〜赤坂山公園〜柏崎駅前, 長岡駅前〜西山〜柏崎駅前, 長岡駅前〜曽地〜柏崎駅前"
越路西小学校前,越後交通（株）,"越路支所前〜長谷川邸前, 長岡駅前〜小国車庫前"
港入口,越後交通（株）,柏崎駅前〜川内
大鳥居,越後交通（株）,長岡駅東口〜宮内駅前〜高龍神社線
中浜2丁目,越後交通（株）,"柏崎駅前〜川内, 柏崎駅南口〜赤坂山公園〜柏崎駅前"
中浜中央,越後交通（株）,柏崎駅前〜川内
中浜1丁目,越後交通（株）,柏崎駅前〜川内
茨目,越後交通（株）,"柏崎駅前〜岡野町車庫・じょんのび村, 柏崎駅前〜宮平北"
柏崎駅南口,越後交通（株）,"柏崎駅南口〜フロンティアパーク〜柏崎駅前, 柏崎駅南口〜新潟産業大学・夢の森公園, 柏崎駅南口〜赤坂山公園〜柏崎駅前, 柏崎駅南口〜柏崎総合高校前"
濁沢上口,越後交通（株）,長岡駅東口〜宮内駅前〜高龍神社線
赤坂山陸橋前,越後交通（株）,柏崎駅南口〜赤坂山公園〜柏崎駅前
片貝1ノ町,越後交通（株）,"（急行）長岡駅前〜片貝・小粟田〜小千谷車庫前線, （急行）長岡駅前〜片貝・坪野〜小千谷車庫前線"
柏崎総合医療センター,越後交通（株）,"東循環バス（ひまわり）, 柏崎駅前〜岡野町車庫・じょんのび村, 柏崎駅前〜久米, 柏崎駅前〜宮平北, 柏崎駅前〜杉平, 柏崎駅前〜柏崎総合医療センター, 柏崎駅前〜野田, 柏崎駅南口〜新潟産業大学・夢の森公園"
番神堂入口,越後交通（株）,柏崎駅前〜川内
柏崎インター,越後交通（株）,"柏崎駅前〜岡野町車庫・じょんのび村, 柏崎駅前〜宮平北"
コモタウン柏崎,越後交通（株）,東循環バス（ひまわり）
山本入口,越後交通（株）,柏崎駅前〜杉平
田中入口,越後交通（株）,"柏崎駅前〜野田, 柏崎駅南口〜新潟産業大学・夢の森公園"
下田尻西,越後交通（株）,柏崎駅前〜宮平北
穂波町,越後交通（株）,"柏崎駅前〜野田, 柏崎駅南口〜新潟産業大学・夢の森公園"
下田尻中央,越後交通（株）,柏崎駅前〜宮平北
枇杷島,越後交通（株）,"柏崎駅前〜野田, 柏崎駅南口〜赤坂山公園〜柏崎駅前, 柏崎駅南口〜柏崎総合高校前"
赤坂山公園北,越後交通（株）,"柏崎駅前〜川内, 柏崎駅南口〜赤坂山公園〜柏崎駅前"
東中学校前,越後交通（株）,柏崎駅前〜宮平北
東の輪,越後交通（株）,柏崎駅前〜川内
太田小中学校前,越後交通（株）,長岡駅東口〜宮内駅前〜高龍神社線
岩上,越後交通（株）,東循環バス（ひまわり）
北五辺,越後交通（株）,小千谷車庫前〜池津三叉路
平井入口,越後交通（株）,"柏崎駅前〜宮平北, 柏崎駅前〜曽地"
末広町,越後交通（株）,（急行）長岡駅前〜片貝・坪野〜小千谷車庫前線
田中集会所入口,越後交通（株）,東循環バス（ひまわり）
穂波町中央,越後交通（株）,"柏崎駅南口〜フロンティアパーク〜柏崎駅前, 柏崎駅南口〜新潟産業大学・夢の森公園"
荒瀬,越後交通（株）,"越路支所前〜長谷川邸前, 長岡駅前〜小国車庫前"
田中,越後交通（株）,"柏崎駅南口〜フロンティアパーク〜柏崎駅前, 柏崎駅南口〜新潟産業大学・夢の森公園"
関町,越後交通（株）,"柏崎駅前〜野田, 柏崎駅南口〜柏崎総合高校前"
常盤台,越後交通（株）,柏崎駅南口〜赤坂山公園〜柏崎駅前
御野立公園,越後交通（株）,柏崎駅前〜川内
田尻山,越後交通（株）,"柏崎駅前〜岡野町車庫・じょんのび村, 柏崎駅前〜宮平北"
広田駅入口,越後交通（株）,柏崎駅前〜杉平
合同庁舎入口,越後交通（株）,東循環バス（ひまわり）
赤坂山公園,越後交通（株）,"柏崎駅前〜川内, 柏崎駅南口〜赤坂山公園〜柏崎駅前"
市場前（柏崎）,越後交通（株）,"柏崎駅南口〜フロンティアパーク〜柏崎駅前, 柏崎駅南口〜新潟産業大学・夢の森公園"
片貝山屋,越後交通（株）,（急行）長岡駅前〜片貝・小粟田〜小千谷車庫前線
半田コミュニティセンター前,越後交通（株）,東循環バス（ひまわり）
新潟病院前,越後交通（株）,"柏崎駅前〜川内, 柏崎駅南口〜赤坂山公園〜柏崎駅前"
入広瀬駅角,南越後観光バス（株）,"系統4521, 系統4522, 系統4523, 系統4524"
赤坂山デイサービスセンター前,越後交通（株）,柏崎駅南口〜赤坂山公園〜柏崎駅前
五辺中央,越後交通（株）,小千谷車庫前〜池津三叉路
半田小学校入口,越後交通（株）,"柏崎駅前〜杉平, 柏崎駅南口〜フロンティアパーク〜柏崎駅前, 柏崎駅南口〜新潟産業大学・夢の森公園"
山澗入口,越後交通（株）,柏崎駅前〜杉平
西名新田,南越後観光バス（株）,"系統4515, 系統4516・4526"
佐藤池入口,越後交通（株）,"柏崎駅前〜杉平, 柏崎駅南口〜フロンティアパーク〜柏崎駅前, 柏崎駅南口〜新潟産業大学・夢の森公園"
六日市,越後交通（株）,"長岡〜小千谷〜十日町線, 長岡〜新国道〜小千谷インター線"
常盤台中央,越後交通（株）,柏崎駅南口〜赤坂山公園〜柏崎駅前
半田2丁目,越後交通（株）,柏崎駅南口〜フロンティアパーク〜柏崎駅前
新赤坂町入口,越後交通（株）,柏崎駅南口〜赤坂山公園〜柏崎駅前
穴沢,南越後観光バス（株）,"系統4511, 系統4513, 系統4514, 系統4521, 系統4522, 系統4523, 系統4524"
宮場町,越後交通（株）,"柏崎駅前〜野田, 柏崎駅南口〜柏崎総合高校前"
平井,越後交通（株）,"柏崎駅前〜宮平北, 柏崎駅前〜曽地"
厚生病院入口,越後交通（株）,"柏崎駅前〜杉平, 柏崎駅南口〜フロンティアパーク〜柏崎駅前, 柏崎駅南口〜新潟産業大学・夢の森公園"
半田中央,越後交通（株）,"柏崎駅前〜久米, 柏崎駅南口〜新潟産業大学・夢の森公園"
大栃山入口,南越後観光バス（株）,"系統4511, 系統4513, 系統4514, 系統4521, 系統4522, 系統4523, 系統4524"
鏡ケ池,南越後観光バス（株）,"系統4511, 系統4513, 系統4514, 系統4521, 系統4522, 系統4523, 系統4524"
南五辺,越後交通（株）,小千谷車庫前〜池津三叉路
鯨波1丁目,越後交通（株）,柏崎駅前〜川内
鯨波駅前,越後交通（株）,柏崎駅前〜川内
塚山駅前,越後交通（株）,"越路支所前〜長谷川邸前, 長岡駅前〜小国車庫前, 塚山駅前〜小国車庫前"
剣野町,越後交通（株）,柏崎駅南口〜赤坂山公園〜柏崎駅前
鯨波中央,越後交通（株）,柏崎駅前〜川内
入広瀬中央,南越後観光バス（株）,"系統4511, 系統4513, 系統4514"
鯨波3丁目,越後交通（株）,柏崎駅前〜川内
入小島,越後交通（株）,柏崎駅前〜杉平
新赤坂町中央,越後交通（株）,柏崎駅南口〜赤坂山公園〜柏崎駅前
半田西,越後交通（株）,柏崎駅南口〜新潟産業大学・夢の森公園
米山台御殿山公園,越後交通（株）,柏崎駅南口〜赤坂山公園〜柏崎駅前
公民館前（小千谷）,越後交通（株）,小千谷車庫前〜池津三叉路
中潟,越後交通（株）,"長岡〜小千谷〜十日町線, 長岡〜新国道〜小千谷インター線"
米山台2丁目,越後交通（株）,柏崎駅南口〜赤坂山公園〜柏崎駅前
東野名入口,南越後観光バス（株）,"系統4511, 系統4513, 系統4514, 系統4521, 系統4522, 系統4523, 系統4524"
池の峰北,越後交通（株）,"柏崎駅前〜杉平, 柏崎駅南口〜フロンティアパーク〜柏崎駅前, 柏崎駅南口〜新潟産業大学・夢の森公園"
上田尻,越後交通（株）,"柏崎駅前〜岡野町車庫・じょんのび村, 柏崎駅前〜宮平北"
穴沢寺前,南越後観光バス（株）,"系統4511, 系統4513, 系統4514"
総合高校前,越後交通（株）,"柏崎駅前〜野田, 柏崎駅南口〜柏崎総合高校前"
鯨波入口,越後交通（株）,柏崎駅前〜川内
運動広場前,越後交通（株）,柏崎駅南口〜新潟産業大学・夢の森公園
半田団地,越後交通（株）,"柏崎駅前〜久米, 柏崎駅南口〜新潟産業大学・夢の森公園"
鴻の巣,越後交通（株）,（急行）長岡駅前〜片貝・坪野〜小千谷車庫前線
米山台第四公園,越後交通（株）,柏崎駅南口〜赤坂山公園〜柏崎駅前
福山入口,南越後観光バス（株）,"系統4515, 系統4516・4526"
池の峰,越後交通（株）,"柏崎駅前〜杉平, 柏崎駅南口〜フロンティアパーク〜柏崎駅前, 柏崎駅南口〜新潟産業大学・夢の森公園"
塚山農協前,越後交通（株）,"越路支所前〜長谷川邸前, 長岡駅前〜小国車庫前, 塚山駅前〜小国車庫前"
田尻小学校前,越後交通（株）,"柏崎駅前〜岡野町車庫・じょんのび村, 柏崎駅前〜宮平北"
自然休養村センター前,南越後観光バス（株）,"系統4515, 系統4516・4526"
米山台5丁目,越後交通（株）,柏崎駅南口〜赤坂山公園〜柏崎駅前
朝日が丘,越後交通（株）,柏崎駅南口〜フロンティアパーク〜柏崎駅前
六日市上口,越後交通（株）,"長岡〜小千谷〜十日町線, 長岡〜新国道〜小千谷インター線"
佐藤池,越後交通（株）,柏崎駅南口〜新潟産業大学・夢の森公園
小島,越後交通（株）,柏崎駅前〜杉平
大口野,南越後観光バス（株）,"系統4515, 系統4516・4526"
三ツ家（柏崎）,越後交通（株）,"柏崎駅前〜岡野町車庫・じょんのび村, 柏崎駅前〜宮平北"
北高梨,越後交通（株）,小千谷車庫前〜池津三叉路
鯨波小学校前,越後交通（株）,柏崎駅前〜川内
西部工業団地入口,越後交通（株）,（急行）長岡駅前〜片貝・坪野〜小千谷車庫前線
長峰団地（柏崎）,越後交通（株）,"柏崎駅前〜久米, 柏崎駅南口〜新潟産業大学・夢の森公園"
田尻工業団地西口,越後交通（株）,"柏崎駅前〜杉平, 柏崎駅南口〜フロンティアパーク〜柏崎駅前, 柏崎駅南口〜新潟産業大学・夢の森公園"
田子屋三叉路,越後交通（株）,柏崎駅前〜野田
妙見神社前,越後交通（株）,"長岡〜小千谷〜十日町線, 長岡〜新国道〜小千谷インター線"
中道入口,越後交通（株）,"柏崎駅前〜岡野町車庫・じょんのび村, 柏崎駅前〜宮平北"
長谷川邸前,越後交通（株）,"越路支所前〜長谷川邸前, 長岡駅前〜小国車庫前, 塚山駅前〜小国車庫前"
上条駅前,南越後観光バス（株）,"系統4511, 系統4513, 系統4514, 系統4515, 系統4516・4526, 系統4521, 系統4522, 系統4523, 系統4524"
久の崎十字路,越後交通（株）,柏崎駅前〜杉平
向陽町,越後交通（株）,柏崎駅南口〜フロンティアパーク〜柏崎駅前
田尻工業団地東口,越後交通（株）,"柏崎駅前〜杉平, 柏崎駅南口〜フロンティアパーク〜柏崎駅前, 柏崎駅南口〜新潟産業大学・夢の森公園"
南高梨,越後交通（株）,小千谷車庫前〜池津三叉路
向陽神社前,越後交通（株）,柏崎駅南口〜フロンティアパーク〜柏崎駅前
渋川,南越後観光バス（株）,"系統4511, 系統4513, 系統4514, 系統4515, 系統4516・4526, 系統4521, 系統4522, 系統4523, 系統4524"
下軽井川入口,越後交通（株）,柏崎駅南口〜新潟産業大学・夢の森公園
横山,越後交通（株）,"柏崎駅前〜久米, 柏崎駅南口〜新潟産業大学・夢の森公園"
上仲町,越後交通（株）,"長岡駅前〜小国車庫前, 塚山駅前〜小国車庫前"
下軽井川西,越後交通（株）,柏崎駅南口〜フロンティアパーク〜柏崎駅前
川内入口,越後交通（株）,柏崎駅前〜川内
田尻工業団地,越後交通（株）,"柏崎駅南口〜フロンティアパーク〜柏崎駅前, 柏崎駅南口〜新潟産業大学・夢の森公園"
城之組,越後交通（株）,"柏崎駅前〜杉平, 柏崎駅南口〜新潟産業大学・夢の森公園"
北条支所前,越後交通（株）,柏崎駅前〜杉平
和泉小学校前,越後交通（株）,小千谷車庫前〜池津三叉路
下方,越後交通（株）,柏崎駅前〜野田
下軽井川,越後交通（株）,柏崎駅南口〜新潟産業大学・夢の森公園
田尻工業団地入口,越後交通（株）,"柏崎駅南口〜フロンティアパーク〜柏崎駅前, 柏崎駅南口〜新潟産業大学・夢の森公園"
下塚,南越後観光バス（株）,"系統4511, 系統4513, 系統4514, 系統4515, 系統4516・4526, 系統4521, 系統4522, 系統4523, 系統4524"
川内中央,越後交通（株）,柏崎駅前〜川内
田尻工業団地中央,越後交通（株）,"柏崎駅南口〜フロンティアパーク〜柏崎駅前, 柏崎駅南口〜新潟産業大学・夢の森公園"
安田駅前,越後交通（株）,"柏崎駅前〜岡野町車庫・じょんのび村, 柏崎駅前〜宮平北, 柏崎駅前〜杉平, 柏崎駅南口〜新潟産業大学・夢の森公園"
川内神社前,越後交通（株）,柏崎駅前〜川内
小粟田原,越後交通（株）,（急行）長岡駅前〜片貝・小粟田〜小千谷車庫前線
小坂宮ノ下,越後交通（株）,"長岡駅前〜小国車庫前, 塚山駅前〜小国車庫前"
フロンティアパーク東,越後交通（株）,柏崎駅南口〜フロンティアパーク〜柏崎駅前
坪野,越後交通（株）,（急行）長岡駅前〜片貝・坪野〜小千谷車庫前線
藤橋,越後交通（株）,"柏崎駅前〜久米, 柏崎駅南口〜新潟産業大学・夢の森公園"
フロンティアパーク西,越後交通（株）,柏崎駅南口〜フロンティアパーク〜柏崎駅前
北条駅前,越後交通（株）,柏崎駅前〜杉平
長鳥,南越後観光バス（株）,"系統4511, 系統4513, 系統4514, 系統4515, 系統4516・4526, 系統4521, 系統4522, 系統4523, 系統4524"
明後沢入口,越後交通（株）,"柏崎駅前〜岡野町車庫・じょんのび村, 柏崎駅前〜宮平北, 柏崎駅前〜杉平, 柏崎駅南口〜新潟産業大学・夢の森公園"
新潟工科大学,越後交通（株）,柏崎駅南口〜新潟産業大学・夢の森公園
軽井川,越後交通（株）,柏崎駅南口〜新潟産業大学・夢の森公園
上軽井川公会堂前,越後交通（株）,柏崎駅南口〜新潟産業大学・夢の森公園
上方,越後交通（株）,柏崎駅前〜野田
上軽井川,越後交通（株）,柏崎駅南口〜新潟産業大学・夢の森公園
三仏生,越後交通（株）,小千谷車庫前〜池津三叉路
新潟工科大学入口,越後交通（株）,"柏崎駅前〜久米, 柏崎駅南口〜新潟産業大学・夢の森公園"
鷺の島,越後交通（株）,"長岡駅前〜小国車庫前, 塚山駅前〜小国車庫前"
寺沢,越後交通（株）,"小千谷総合病院〜塩谷〜小千谷総合病院, 小千谷総合病院〜岩間木"
南条入口,越後交通（株）,柏崎駅前〜杉平
浦柄三叉路,越後交通（株）,"長岡〜小千谷〜十日町線, 長岡〜新国道〜小千谷インター線"
三仏生中央,越後交通（株）,小千谷車庫前〜池津三叉路
十日市入口,越後交通（株）,柏崎駅前〜杉平
大正橋,越後交通（株）,"小千谷総合病院〜塩谷〜小千谷総合病院, 小千谷総合病院〜岩間木"
浦柄,越後交通（株）,"小千谷総合病院〜塩谷〜小千谷総合病院, 小千谷総合病院〜岩間木"
細野,南越後観光バス（株）,"系統4511, 系統4513, 系統4514, 系統4515, 系統4516・4526, 系統4521, 系統4522, 系統4523, 系統4524"
鳥越（柏崎）,越後交通（株）,"柏崎駅前〜岡野町車庫・じょんのび村, 柏崎駅前〜宮平北, 柏崎駅南口〜新潟産業大学・夢の森公園"
浦柄三叉路,越後交通（株）,"小千谷総合病院〜塩谷〜小千谷総合病院, 小千谷総合病院〜岩間木"
朝日山入口,越後交通（株）,"小千谷総合病院〜塩谷〜小千谷総合病院, 小千谷総合病院〜岩間木"
下南条,越後交通（株）,柏崎駅前〜宮平北
新潟産業大学,越後交通（株）,柏崎駅南口〜新潟産業大学・夢の森公園
女滝,越後交通（株）,"小千谷総合病院〜塩谷〜小千谷総合病院, 小千谷総合病院〜岩間木"
小粟田,越後交通（株）,（急行）長岡駅前〜片貝・小粟田〜小千谷車庫前線
堀入口,越後交通（株）,"柏崎駅前〜久米, 柏崎駅南口〜新潟産業大学・夢の森公園"
堀南,越後交通（株）,柏崎駅南口〜新潟産業大学・夢の森公園
夢の森公園,越後交通（株）,柏崎駅南口〜新潟産業大学・夢の森公園
上林,越後交通（株）,小千谷車庫前〜池津三叉路
堀,越後交通（株）,"柏崎駅前〜久米, 柏崎駅南口〜新潟産業大学・夢の森公園"
白椛,南越後観光バス（株）,"系統4810・4820, 系統4811・4821"
新道農協前,越後交通（株）,柏崎駅前〜野田
南条,越後交通（株）,柏崎駅前〜宮平北
すみれ保育園前,越後交通（株）,小千谷車庫前〜池津三叉路
千谷沢,越後交通（株）,"長岡駅前〜小国車庫前, 塚山駅前〜小国車庫前"
山谷交流センター,越後交通（株）,（急行）長岡駅前〜片貝・坪野〜小千谷車庫前線
大谷内,南越後観光バス（株）,"系統4511, 系統4513, 系統4514, 系統4515, 系統4516・4526, 系統4521, 系統4522, 系統4523, 系統4524"
横渡入口,越後交通（株）,"長岡〜小千谷〜十日町線, 長岡〜新国道〜小千谷インター線"
岩間木農協前,越後交通（株）,"小千谷総合病院〜塩谷〜小千谷総合病院, 小千谷総合病院〜岩間木"
滝之又本村,南越後観光バス（株）,"系統4810・4820, 系統4811・4821"
新道局前,越後交通（株）,柏崎駅前〜野田
千谷公民館前,越後交通（株）,小千谷車庫前〜池津三叉路
山谷東口,越後交通（株）,（急行）長岡駅前〜片貝・坪野〜小千谷車庫前線
岩間木,越後交通（株）,"小千谷総合病院〜塩谷〜小千谷総合病院, 小千谷総合病院〜岩間木"
千谷沢上口,越後交通（株）,"長岡駅前〜小国車庫前, 塚山駅前〜小国車庫前"
すもんこども園前,南越後観光バス（株）,"系統4511, 系統4513, 系統4514, 系統4515, 系統4516・4526, 系統4521, 系統4522, 系統4523, 系統4524"
横渡,越後交通（株）,"小千谷総合病院〜塩谷〜小千谷総合病院, 小千谷総合病院〜岩間木"
工業団地入口,越後交通（株）,（急行）長岡駅前〜片貝・小粟田〜小千谷車庫前線
下加納,越後交通（株）,柏崎駅前〜岡野町車庫・じょんのび村
千谷上口,越後交通（株）,小千谷車庫前〜池津三叉路
滝之又バイタリティーセンター前,南越後観光バス（株）,"系統4810・4820, 系統4811・4821"
駐在所前（柏崎）,越後交通（株）,柏崎駅前〜野田
上南条,越後交通（株）,柏崎駅前〜宮平北
ひ生下口,越後交通（株）,"長岡〜小千谷〜十日町線, 長岡〜新国道〜小千谷インター線"
ひ生下口,越後交通（株）,"小千谷総合病院〜塩谷〜小千谷総合病院, 小千谷総合病院〜岩間木"
宮原,南越後観光バス（株）,"系統4511, 系統4513, 系統4514, 系統4515, 系統4516・4526, 系統4521, 系統4522, 系統4523, 系統4524"
押切,越後交通（株）,"小千谷車庫前〜小国車庫前, 長岡駅前〜小国車庫前, 塚山駅前〜小国車庫前"
昭和橋,越後交通（株）,"小千谷車庫前〜小国車庫前, 長岡駅前〜小国車庫前, 塚山駅前〜小国車庫前"
田代入口,南越後観光バス（株）,"系統4810・4820, 系統4811・4821"
小千谷総合病院,越後交通（株）,"小千谷市内循環バス, 小千谷車庫前〜小国車庫前, 小千谷車庫前〜小千谷総合病院〜十日町車庫前, 小千谷車庫前〜小千谷総合病院・川西〜十日町車庫前, 小千谷車庫前〜池津三叉路, 小千谷総合病院〜塩谷〜小千谷総合病院, 小千谷総合病院〜岩間木, （急行）長岡駅前〜片貝・小粟田〜小千谷車庫前線, 長岡〜小千谷〜十日町線"
小千谷総合病院,小千谷市,"池の平線乗合タクシー, 北山線乗合タクシー"
小千谷総合病院,南越後観光バス（株）,"系統110, 系統120"
南下,越後交通（株）,柏崎駅前〜久米
道ノ木三叉路,越後交通（株）,（急行）長岡駅前〜片貝・坪野〜小千谷車庫前線
七日町,越後交通（株）,"小千谷車庫前〜小国車庫前, 長岡駅前〜小国車庫前, 塚山駅前〜小国車庫前"
須原駅角,南越後観光バス（株）,"系統4511, 系統4513, 系統4514, 系統4515, 系統4516・4526, 系統4521, 系統4522, 系統4523, 系統4524"
ひ生宮前,越後交通（株）,"小千谷総合病院〜塩谷〜小千谷総合病院, 小千谷総合病院〜岩間木, 長岡〜小千谷〜十日町線, 長岡〜新国道〜小千谷インター線"
元学校前,越後交通（株）,小千谷総合病院〜塩谷〜小千谷総合病院
イオン小千谷ショッピングセンター前,越後交通（株）,"小千谷市内循環バス, 小千谷車庫前〜小国車庫前, 小千谷車庫前〜小千谷総合病院〜十日町車庫前, 小千谷車庫前〜小千谷総合病院・川西〜十日町車庫前, 小千谷車庫前〜池津三叉路, 小千谷総合病院〜塩谷〜小千谷総合病院, 小千谷総合病院〜岩間木, （急行）長岡駅前〜片貝・小粟田〜小千谷車庫前線, 長岡〜小千谷〜十日町線"
イオン小千谷ショッピングセンター前,南越後観光バス（株）,"系統110, 系統120"
外山,南越後観光バス（株）,"系統4810・4820, 系統4811・4821"
七日町庚申塚,越後交通（株）,"小千谷車庫前〜小国車庫前, 長岡駅前〜小国車庫前"
千谷川4丁目,越後交通（株）,小千谷車庫前〜池津三叉路
上栗,越後交通（株）,小千谷車庫前〜小国車庫前
蘭木大橋,越後交通（株）,小千谷総合病院〜塩谷〜小千谷総合病院
上南下,越後交通（株）,柏崎駅前〜久米
守門診療所前,南越後観光バス（株）,"系統4513, 系統4516・4526, 系統4523"
ひ生上口,越後交通（株）,"小千谷総合病院〜塩谷〜小千谷総合病院, 小千谷総合病院〜岩間木, 長岡〜小千谷〜十日町線, 長岡〜新国道〜小千谷インター線"
平沢町,越後交通（株）,"小千谷車庫前〜小国車庫前, 小千谷車庫前〜小千谷総合病院〜十日町車庫前, 小千谷車庫前〜小千谷総合病院・川西〜十日町車庫前, （急行）長岡駅前〜片貝・小粟田〜小千谷車庫前線, 長岡〜小千谷〜十日町線"
守門庁舎前,南越後観光バス（株）,"系統4511, 系統4513, 系統4514, 系統4515, 系統4516・4526, 系統4521, 系統4522, 系統4523, 系統4524"
武石入口,越後交通（株）,"小千谷車庫前〜小国車庫前, 長岡駅前〜小国車庫前, 塚山駅前〜小国車庫前"
久之木,越後交通（株）,柏崎駅前〜宮平北
中村,越後交通（株）,小千谷総合病院〜塩谷〜小千谷総合病院
城内2丁目,小千谷市,"池の平線乗合タクシー, 北山線乗合タクシー"
城内2丁目,越後交通（株）,"小千谷市内循環バス, 小千谷車庫前〜小国車庫前, 小千谷車庫前〜小千谷総合病院〜十日町車庫前, 小千谷車庫前〜小千谷総合病院・川西〜十日町車庫前, 小千谷車庫前〜池津三叉路, 小千谷総合病院〜塩谷〜小千谷総合病院, 小千谷総合病院〜岩間木, 長岡〜小千谷〜十日町線"
城内2丁目,南越後観光バス（株）,"系統110, 系統120"
中加納,越後交通（株）,柏崎駅前〜岡野町車庫・じょんのび村
南荷頃,越後交通（株）,小千谷総合病院〜塩谷〜小千谷総合病院
竜雲寺,越後交通（株）,柏崎駅前〜野田
市役所前（小千谷）,越後交通（株）,"小千谷市内循環バス, 小千谷車庫前〜池津三叉路, 小千谷総合病院〜塩谷〜小千谷総合病院, 小千谷総合病院〜岩間木, （急行）長岡駅前〜片貝・小粟田〜小千谷車庫前線, （急行）長岡駅前〜片貝・坪野〜小千谷車庫前線"
市役所前,南越後観光バス（株）,"系統110, 系統120"
サンラックおぢや,越後交通（株）,小千谷市内循環バス
西高校入口,越後交通（株）,"小千谷市内循環バス, 小千谷車庫前〜小国車庫前, 小千谷総合病院〜塩谷〜小千谷総合病院, 小千谷総合病院〜岩間木, （急行）長岡駅前〜片貝・坪野〜小千谷車庫前線"
総合体育館前（小千谷）,越後交通（株）,小千谷市内循環バス
横沢土口,越後交通（株）,"小千谷車庫前〜小国車庫前, 塚山駅前〜小国車庫前"
渋海新橋,越後交通（株）,"小千谷車庫前〜小国車庫前, 長岡駅前〜小国車庫前"
福田,南越後観光バス（株）,"系統4511, 系統4513, 系統4514, 系統4515, 系統4516・4526, 系統4521, 系統4522, 系統4523, 系統4524"
飛岡,越後交通（株）,柏崎駅前〜宮平北
黒滝長泉寺,越後交通（株）,柏崎駅前〜野田
城内4丁目,越後交通（株）,"小千谷市内循環バス, 小千谷車庫前〜小国車庫前, 小千谷総合病院〜塩谷〜小千谷総合病院, 小千谷総合病院〜岩間木"
蘭木,越後交通（株）,小千谷総合病院〜塩谷〜小千谷総合病院
東栄（小千谷）,越後交通（株）,"小千谷総合病院〜塩谷〜小千谷総合病院, 小千谷総合病院〜岩間木, 長岡〜小千谷〜十日町線, 長岡〜新国道〜小千谷インター線"
総合体育館入口,越後交通（株）,"小千谷市内循環バス, 小千谷車庫前〜小国車庫前"
上加納,越後交通（株）,柏崎駅前〜岡野町車庫・じょんのび村
新屋敷,越後交通（株）,柏崎駅前〜久米
城内町（小千谷）,越後交通（株）,"小千谷車庫前〜小千谷総合病院〜十日町車庫前, 小千谷車庫前〜小千谷総合病院・川西〜十日町車庫前, 小千谷車庫前〜池津三叉路, 小千谷総合病院〜塩谷〜小千谷総合病院, 小千谷総合病院〜岩間木, 長岡〜小千谷〜十日町線"
城内町,南越後観光バス（株）,"系統110, 系統120"
サンプラザ前,越後交通（株）,"小千谷市内循環バス, 小千谷車庫前〜小国車庫前, 小千谷車庫前〜小千谷総合病院・川西〜十日町車庫前"
本町東,越後交通（株）,"小千谷市内循環バス, 小千谷車庫前〜岩沢〜十日町車庫前, 小千谷車庫前〜小国車庫前, 小千谷車庫前〜小千谷総合病院〜十日町車庫前, 小千谷車庫前〜小千谷総合病院・川西〜十日町車庫前, 小千谷車庫前〜池津三叉路, 小千谷総合病院〜塩谷〜小千谷総合病院, 小千谷総合病院〜岩間木, 長岡〜小千谷〜十日町線, 長岡〜新国道〜小千谷インター線"
本町東,南越後観光バス（株）,"系統110, 系統120"
山田東口,越後交通（株）,小千谷車庫前〜小国車庫前
本町,小千谷市,"池の平線乗合タクシー, 北山線乗合タクシー"
油新田,越後交通（株）,"小千谷車庫前〜小国車庫前, 長岡〜新国道〜小千谷インター線"
小千谷インター,越後交通（株）,"小千谷車庫前〜小国車庫前, 長岡〜新国道〜小千谷インター線"
本町中央,越後交通（株）,"小千谷市内循環バス, 小千谷車庫前〜岩沢〜十日町車庫前, 小千谷車庫前〜小国車庫前, 小千谷車庫前〜小千谷総合病院〜十日町車庫前, 小千谷車庫前〜小千谷総合病院・川西〜十日町車庫前, 小千谷車庫前〜池津三叉路, 小千谷総合病院〜塩谷〜小千谷総合病院, 小千谷総合病院〜岩間木, （急行）長岡駅前〜片貝・小粟田〜小千谷車庫前線, （急行）長岡駅前〜片貝・坪野〜小千谷車庫前線, 長岡〜小千谷〜十日町線, 長岡〜新国道〜小千谷インター線"
本町中央,南越後観光バス（株）,"系統110, 系統120"
山田西口,越後交通（株）,小千谷車庫前〜小国車庫前
小千谷駅前,越後交通（株）,"小千谷市内循環バス, 小千谷車庫前〜小国車庫前, 小千谷車庫前〜小千谷総合病院・川西〜十日町車庫前"
小千谷駅,小千谷市,"池の平線乗合タクシー, 北山線乗合タクシー"
小千谷駅角,越後交通（株）,"小千谷市内循環バス, 小千谷車庫前〜岩沢〜十日町車庫前, 小千谷車庫前〜小国車庫前, 小千谷車庫前〜小千谷総合病院〜十日町車庫前, 小千谷車庫前〜小千谷総合病院・川西〜十日町車庫前, 小千谷車庫前〜池津三叉路, 小千谷総合病院〜塩谷〜小千谷総合病院, 小千谷総合病院〜岩間木, （急行）長岡駅前〜片貝・小粟田〜小千谷車庫前線, （急行）長岡駅前〜片貝・坪野〜小千谷車庫前線, 長岡〜小千谷〜十日町線, 長岡〜新国道〜小千谷インター線"
小千谷駅角,南越後観光バス（株）,"系統110, 系統120"
土川,越後交通（株）,長岡〜新国道〜小千谷インター線
本町西,越後交通（株）,"小千谷車庫前〜小千谷総合病院〜十日町車庫前, 小千谷車庫前〜池津三叉路, 小千谷総合病院〜塩谷〜小千谷総合病院, 小千谷総合病院〜岩間木, 長岡〜小千谷〜十日町線, 長岡〜新国道〜小千谷インター線"
本町西,南越後観光バス（株）,"系統110, 系統120"
東栄2丁目,小千谷市,池の平線乗合タクシー
東栄2丁目,越後交通（株）,"小千谷市内循環バス, 小千谷車庫前〜岩沢〜十日町車庫前, 小千谷車庫前〜小国車庫前, 小千谷車庫前〜小千谷総合病院〜十日町車庫前, 小千谷車庫前〜小千谷総合病院・川西〜十日町車庫前, 小千谷車庫前〜池津三叉路, 小千谷総合病院〜塩谷〜小千谷総合病院, 小千谷総合病院〜岩間木, 長岡〜小千谷〜十日町線, 長岡〜新国道〜小千谷インター線"
東栄2丁目,南越後観光バス（株）,"系統110, 系統120"
桐沢木ノ下橋,越後交通（株）,"小千谷車庫前〜小国車庫前, 長岡駅前〜小国車庫前"
東栄1丁目,越後交通（株）,"小千谷市内循環バス, 小千谷車庫前〜岩沢〜十日町車庫前, 小千谷車庫前〜小国車庫前, 小千谷車庫前〜小千谷総合病院・川西〜十日町車庫前, 小千谷車庫前〜池津三叉路, 小千谷総合病院〜塩谷〜小千谷総合病院, 長岡〜小千谷〜十日町線, 長岡〜新国道〜小千谷インター線"
東栄1丁目,南越後観光バス（株）,系統110
古町,越後交通（株）,柏崎駅前〜久米
鯖石校前,越後交通（株）,柏崎駅前〜岡野町車庫・じょんのび村
若葉1丁目,越後交通（株）,小千谷市内循環バス
小千谷車庫前,越後交通（株）,"小千谷市内循環バス, 小千谷車庫前〜岩沢〜十日町車庫前, 小千谷車庫前〜小国車庫前, 小千谷車庫前〜小千谷総合病院〜十日町車庫前, 小千谷車庫前〜小千谷総合病院・川西〜十日町車庫前, 小千谷車庫前〜池津三叉路, 小千谷総合病院〜塩谷〜小千谷総合病院, 小千谷総合病院〜岩間木, （急行）長岡駅前〜片貝・小粟田〜小千谷車庫前線, （急行）長岡駅前〜片貝・坪野〜小千谷車庫前線"
小千谷車庫前,南越後観光バス（株）,"系統110, 系統120"
宮の窪,越後交通（株）,柏崎駅前〜野田
横沢,越後交通（株）,"小千谷車庫前〜小国車庫前, 長岡駅前〜小国車庫前, 塚山駅前〜小国車庫前"
平成2丁目,越後交通（株）,小千谷車庫前〜小千谷総合病院・川西〜十日町車庫前
健康センター前,越後交通（株）,"小千谷車庫前〜小国車庫前, 長岡駅前〜小国車庫前"
小国橋,越後交通（株）,"小千谷車庫前〜小国車庫前, 長岡駅前〜小国車庫前"
佐之久,越後交通（株）,柏崎駅前〜宮平北
船岡町,越後交通（株）,"小千谷車庫前〜岩沢〜十日町車庫前, 小千谷車庫前〜小千谷総合病院〜十日町車庫前, 長岡〜小千谷〜十日町線"
若葉2丁目,越後交通（株）,小千谷市内循環バス
塩谷,越後交通（株）,小千谷総合病院〜塩谷〜小千谷総合病院
法坂,越後交通（株）,"小千谷車庫前〜小国車庫前, 長岡駅前〜小国車庫前"
大倉沢,南越後観光バス（株）,"系統4511, 系統4513, 系統4514, 系統4515, 系統4516・4526, 系統4521, 系統4522, 系統4523, 系統4524"
ちぢみの里,越後交通（株）,小千谷市内循環バス
上の山1丁目,越後交通（株）,小千谷車庫前〜小千谷総合病院・川西〜十日町車庫前
上ノ山1丁目,小千谷市,北山線乗合タクシー
上条農協前,越後交通（株）,柏崎駅前〜野田
箕之輪,越後交通（株）,"小千谷車庫前〜小国車庫前, 長岡駅前〜小国車庫前, 塚山駅前〜小国車庫前"
船岡公園前,越後交通（株）,"小千谷車庫前〜岩沢〜十日町車庫前, 小千谷車庫前〜小千谷総合病院〜十日町車庫前, 長岡〜小千谷〜十日町線"
若葉3丁目,越後交通（株）,小千谷市内循環バス
石川入口,越後交通（株）,柏崎駅前〜宮平北
三渕沢,南越後観光バス（株）,"系統4511, 系統4513, 系統4514, 系統4515, 系統4516・4526, 系統4521, 系統4522, 系統4523, 系統4524"
上の山2丁目,越後交通（株）,小千谷車庫前〜小千谷総合病院・川西〜十日町車庫前
芋川入口,越後交通（株）,柏崎駅前〜久米
津山,越後交通（株）,小千谷市内循環バス
市営住宅入口,越後交通（株）,小千谷市内循環バス
市営住宅入口,南越後観光バス（株）,"系統110, 系統120"
上条局前,越後交通（株）,柏崎駅前〜野田
元中子,越後交通（株）,小千谷市内循環バス
上の山三叉路,越後交通（株）,小千谷車庫前〜小千谷総合病院・川西〜十日町車庫前
木津下町,越後交通（株）,小千谷市内循環バス
栄町中央,越後交通（株）,"小千谷車庫前〜岩沢〜十日町車庫前, 小千谷車庫前〜小千谷総合病院〜十日町車庫前, 長岡〜小千谷〜十日町線"
信濃町,越後交通（株）,小千谷市内循環バス
与板,越後交通（株）,柏崎駅前〜岡野町車庫・じょんのび村
栄町,越後交通（株）,"小千谷車庫前〜岩沢〜十日町車庫前, 小千谷車庫前〜小千谷総合病院〜十日町車庫前, 長岡〜小千谷〜十日町線"
上の山入口,越後交通（株）,小千谷車庫前〜小千谷総合病院・川西〜十日町車庫前
上村,越後交通（株）,小千谷市内循環バス
滝ケ鼻,越後交通（株）,"小千谷車庫前〜小国車庫前, 長岡駅前〜小国車庫前, 塚山駅前〜小国車庫前"
木津,越後交通（株）,小千谷市内循環バス
木津,南越後観光バス（株）,"系統110, 系統120"
山本（小千谷）,越後交通（株）,"小千谷車庫前〜岩沢〜十日町車庫前, 小千谷車庫前〜小千谷総合病院〜十日町車庫前, 長岡〜小千谷〜十日町線"
木津上口,南越後観光バス（株）,"系統110, 系統120"
佐水橋,越後交通（株）,柏崎駅前〜野田
西中（小千谷）,越後交通（株）,小千谷市内循環バス
宮平北,越後交通（株）,"柏崎駅前〜岡野町車庫・じょんのび村, 柏崎駅前〜宮平北"
菅原神社前,南越後観光バス（株）,"系統4810・4820, 系統4811・4821"
金沢,越後交通（株）,"小千谷車庫前〜小国車庫前, 長岡駅前〜小国車庫前, 塚山駅前〜小国車庫前"
山本山高原入口,越後交通（株）,"小千谷市内循環バス, 小千谷車庫前〜岩沢〜十日町車庫前, 小千谷車庫前〜小千谷総合病院〜十日町車庫前, 長岡〜小千谷〜十日町線"
田中（魚沼市）,南越後観光バス（株）,"系統4511, 系統4513, 系統4514, 系統4515, 系統4516・4526, 系統4521, 系統4522, 系統4523, 系統4524"
山口神社前,越後交通（株）,柏崎駅前〜野田
大原入口,南越後観光バス（株）,"系統110, 系統120"
佐水,越後交通（株）,柏崎駅前〜久米
久木太,越後交通（株）,柏崎駅前〜宮平北
新町下口,越後交通（株）,"小千谷車庫前〜小国車庫前, 長岡駅前〜小国車庫前, 塚山駅前〜小国車庫前"
相野原,越後交通（株）,"小千谷車庫前〜小国車庫前, 長岡駅前〜小国車庫前, 塚山駅前〜小国車庫前"
新町神社前,越後交通（株）,"小千谷車庫前〜小国車庫前, 長岡駅前〜小国車庫前, 塚山駅前〜小国車庫前"
宮平,越後交通（株）,"柏崎駅前〜岡野町車庫・じょんのび村, 柏崎駅前〜宮平北"
猿橋,越後交通（株）,"小千谷車庫前〜小国車庫前, 長岡駅前〜小国車庫前, 塚山駅前〜小国車庫前"
打越,小千谷市,北山線乗合タクシー
新町上口,越後交通（株）,"小千谷車庫前〜小国車庫前, 長岡駅前〜小国車庫前, 塚山駅前〜小国車庫前"
上佐水,越後交通（株）,柏崎駅前〜久米
吉平,越後交通（株）,"小千谷車庫前〜岩沢〜十日町車庫前, 小千谷車庫前〜小千谷総合病院〜十日町車庫前, 長岡〜小千谷〜十日町線"
金ケ沢,南越後観光バス（株）,"系統4511, 系統4513, 系統4514, 系統4515, 系統4516・4526, 系統4521, 系統4522, 系統4523, 系統4524"
吉谷駐在所前,小千谷市,北山線乗合タクシー
小平尾,南越後観光バス（株）,"系統4810・4820, 系統4811・4821"
上片貝下口,越後交通（株）,"小千谷車庫前〜岩沢〜十日町車庫前, 小千谷車庫前〜小千谷総合病院〜十日町車庫前, 長岡〜小千谷〜十日町線"
四ツ子農協,越後交通（株）,小千谷車庫前〜小千谷総合病院・川西〜十日町車庫前
吉谷小学校前,小千谷市,北山線乗合タクシー
久米,越後交通（株）,柏崎駅前〜久米
小国車庫前,越後交通（株）,"小千谷車庫前〜小国車庫前, 長岡駅前〜小国車庫前, 塚山駅前〜小国車庫前"
天納,南越後観光バス（株）,"系統110, 系統120"
廻谷,越後交通（株）,柏崎駅前〜久米
細越入口,越後交通（株）,柏崎駅前〜久米
水上入口,越後交通（株）,柏崎駅前〜久米
森近,越後交通（株）,柏崎駅前〜岡野町車庫・じょんのび村
上片貝,越後交通（株）,"小千谷車庫前〜岩沢〜十日町車庫前, 小千谷車庫前〜小千谷総合病院〜十日町車庫前, 長岡〜小千谷〜十日町線"
高畑,小千谷市,北山線乗合タクシー
四ツ子,越後交通（株）,小千谷車庫前〜小千谷総合病院・川西〜十日町車庫前
出川,越後交通（株）,柏崎駅前〜野田
下田,南越後観光バス（株）,"系統4511, 系統4513, 系統4514, 系統4515, 系統4516・4526, 系統4521, 系統4522, 系統4523, 系統4524"
牛ケ島,南越後観光バス（株）,"系統110, 系統120"
西小学校前,南越後観光バス（株）,"系統4810・4820, 系統4811・4821"
高橋,越後交通（株）,柏崎駅前〜野田
行兼,越後交通（株）,柏崎駅前〜岡野町車庫・じょんのび村
田屋,越後交通（株）,柏崎駅前〜野田
住吉町,頸城自動車（株）,浜線（柿崎バスターミナル〜鵜の浜線）
住吉町,頸北観光バス（株）,83　山直海線
野田農協前,越後交通（株）,柏崎駅前〜野田
親柄,南越後観光バス（株）,"系統4511, 系統4513, 系統4514, 系統4515, 系統4516・4526, 系統4521, 系統4522, 系統4523, 系統4524, 系統4810・4820, 系統4811・4821"
茶合,小千谷市,北山線乗合タクシー
柿崎バスターミナル,頸城自動車（株）,浜線（柿崎バスターミナル〜鵜の浜線）
柿崎BT,頸北観光バス（株）,83　山直海線
柿崎病院前,頸城自動車（株）,浜線（柿崎バスターミナル〜鵜の浜線）
柿崎病院前,頸北観光バス（株）,83　山直海線
石塚,越後交通（株）,柏崎駅前〜野田
野田中央,越後交通（株）,柏崎駅前〜野田
桐畑入口,頸城自動車（株）,浜線（柿崎バスターミナル〜鵜の浜線）
桐畑入口,頸北観光バス（株）,83　山直海線
大島,南越後観光バス（株）,"系統110, 系統120"
広瀬駅角,南越後観光バス（株）,"系統4511, 系統4513, 系統4514, 系統4515, 系統4516・4526, 系統4521, 系統4522, 系統4523, 系統4524, 系統4810・4820, 系統4811・4821"
山谷入口,頸北観光バス（株）,83　山直海線
新旭町,頸城自動車（株）,浜線（柿崎バスターミナル〜鵜の浜線）
鷲巣,越後交通（株）,"小千谷車庫前〜岩沢〜十日町車庫前, 小千谷車庫前〜小千谷総合病院〜十日町車庫前, 長岡〜小千谷〜十日町線"
郡又入口,小千谷市,北山線乗合タクシー
木沢,越後交通（株）,柏崎駅前〜野田
宮の下,越後交通（株）,柏崎駅前〜岡野町車庫・じょんのび村
柿崎交番前,頸城自動車（株）,浜線（柿崎バスターミナル〜鵜の浜線）
木沢入口,越後交通（株）,柏崎駅前〜野田
二俣,小千谷市,北山線乗合タクシー
塩殿本村,越後交通（株）,"小千谷車庫前〜岩沢〜十日町車庫前, 小千谷車庫前〜小千谷総合病院〜十日町車庫前, 長岡〜小千谷〜十日町線"
並柳,南越後観光バス（株）,"系統4511, 系統4513, 系統4514, 系統4515, 系統4516・4526, 系統4521, 系統4522, 系統4523, 系統4524, 系統4810・4820, 系統4811・4821"
塩殿,越後交通（株）,"小千谷車庫前〜岩沢〜十日町車庫前, 小千谷車庫前〜小千谷総合病院〜十日町車庫前, 長岡〜小千谷〜十日町線"
出羽町民会館前,頸城自動車（株）,浜線（柿崎バスターミナル〜鵜の浜線）
野田,越後交通（株）,柏崎駅前〜野田
臨海住宅前,頸城自動車（株）,浜線（柿崎バスターミナル〜鵜の浜線）
川口駅角,小千谷市,池の平線乗合タクシー
川口駅角,南越後観光バス（株）,"系統110, 系統120"
並柳下口,南越後観光バス（株）,"系統4511, 系統4513, 系統4514, 系統4515, 系統4516・4526, 系統4521, 系統4522, 系統4523, 系統4524, 系統4810・4820, 系統4811・4821"
西之入入口,越後交通（株）,柏崎駅前〜岡野町車庫・じょんのび村
川口1丁目,南越後観光バス（株）,"系統110, 系統120"
柿崎自動車学校前,頸城自動車（株）,浜線（柿崎バスターミナル〜鵜の浜線）
池ケ原,越後交通（株）,小千谷車庫前〜小千谷総合病院・川西〜十日町車庫前
馬正面交差点,頸城自動車（株）,浜線（柿崎バスターミナル〜鵜の浜線）
迯入入口,小千谷市,北山線乗合タクシー
南鯖石農協前,越後交通（株）,柏崎駅前〜岡野町車庫・じょんのび村
萩の谷入口,頸北観光バス（株）,83　山直海線
田島入口,越後交通（株）,柏崎駅前〜岡野町車庫・じょんのび村
直海浜,頸城自動車（株）,浜線（柿崎バスターミナル〜鵜の浜線）
八郎場,南越後観光バス（株）,"系統110, 系統120"
高寺,頸北観光バス（株）,83　山直海線
田尻,南越後観光バス（株）,"系統4810・4820, 系統4811・4821"
中山下口,南越後観光バス（株）,"系統110, 系統120"
川井新田,小千谷市,池の平線乗合タクシー
池中新田,越後交通（株）,小千谷車庫前〜小千谷総合病院・川西〜十日町車庫前
道元,南越後観光バス（株）,"系統4511, 系統4513, 系統4514, 系統4515, 系統4516・4526, 系統4521, 系統4522, 系統4523, 系統4524, 系統4810・4820, 系統4811・4821"
細島,越後交通（株）,"小千谷車庫前〜岩沢〜十日町車庫前, 小千谷車庫前〜小千谷総合病院〜十日町車庫前, 長岡〜小千谷〜十日町線"
三ツ屋東,頸城自動車（株）,浜線（柿崎バスターミナル〜鵜の浜線）
野田（長岡市）,南越後観光バス（株）,"系統110, 系統120"
東中,南越後観光バス（株）,"系統4810・4820, 系統4811・4821"
和南津,南越後観光バス（株）,"系統110, 系統120"
柳ケ崎,頸北観光バス（株）,83　山直海線
山室入口,越後交通（株）,柏崎駅前〜岡野町車庫・じょんのび村
川井本田,小千谷市,池の平線乗合タクシー
三ツ屋坂下,頸城自動車（株）,浜線（柿崎バスターミナル〜鵜の浜線）
中山,南越後観光バス（株）,"系統110, 系統120"
島,南越後観光バス（株）,"系統4511, 系統4513, 系統4514, 系統4515, 系統4516・4526, 系統4521, 系統4522, 系統4523, 系統4524"
真皿,小千谷市,池の平線乗合タクシー
市之沢,小千谷市,北山線乗合タクシー
北堀之内駅前,南越後観光バス（株）,"系統110, 系統120"
下小野学校前,頸北観光バス（株）,83　山直海線
三ツ屋坂上,頸城自動車（株）,浜線（柿崎バスターミナル〜鵜の浜線）
上坪野,越後交通（株）,"小千谷車庫前〜岩沢〜十日町車庫前, 小千谷車庫前〜小千谷総合病院〜十日町車庫前, 長岡〜小千谷〜十日町線"
山室中央,越後交通（株）,柏崎駅前〜岡野町車庫・じょんのび村
川井入口,小千谷市,池の平線乗合タクシー
下倉新田入口,南越後観光バス（株）,"系統4810・4820, 系統4811・4821"
下島,南越後観光バス（株）,"系統110, 系統120"
芹久保,小千谷市,北山線乗合タクシー
上下浜東,頸城自動車（株）,浜線（柿崎バスターミナル〜鵜の浜線）
南小中学校入口,越後交通（株）,小千谷車庫前〜小千谷総合病院・川西〜十日町車庫前
宇賀地小学校入口,南越後観光バス（株）,"系統110, 系統120"
上下浜駅,頸北観光バス（株）,81　吉川西部循環線（上下浜駅前経由）
南小中学校,越後交通（株）,"小千谷車庫前〜岩沢〜十日町車庫前, 小千谷車庫前〜小千谷総合病院〜十日町車庫前, 長岡〜小千谷〜十日町線"
大沢中央,越後交通（株）,柏崎駅前〜岡野町車庫・じょんのび村
押切,南越後観光バス（株）,"系統4511, 系統4513, 系統4514, 系統4515, 系統4516・4526, 系統4521, 系統4522, 系統4523, 系統4524"
内ヶ巻駅前,小千谷市,池の平線乗合タクシー
内ヶ巻,小千谷市,池の平線乗合タクシー
上下浜温泉入口,頸城自動車（株）,浜線（柿崎バスターミナル〜鵜の浜線）
山新田,小千谷市,北山線乗合タクシー
田川,南越後観光バス（株）,"系統110, 系統120"
上下浜西,頸城自動車（株）,浜線（柿崎バスターミナル〜鵜の浜線）
芋坂,越後交通（株）,小千谷車庫前〜小千谷総合病院・川西〜十日町車庫前
坂田西,頸北観光バス（株）,81　吉川西部循環線（上下浜駅前経由）
芋坂,越後交通（株）,"小千谷車庫前〜岩沢〜十日町車庫前, 小千谷車庫前〜小千谷総合病院〜十日町車庫前, 長岡〜小千谷〜十日町線"
坂田東,頸北観光バス（株）,81　吉川西部循環線（上下浜駅前経由）
和長島,南越後観光バス（株）,"系統110, 系統120"
若栃,小千谷市,北山線乗合タクシー
中島寺前,南越後観光バス（株）,"系統4511, 系統4513, 系統4514, 系統4515, 系統4516・4526, 系統4521, 系統4522, 系統4523, 系統4524"
真人沢,越後交通（株）,小千谷車庫前〜小千谷総合病院・川西〜十日町車庫前
百木,頸北観光バス（株）,83　山直海線
雁子浜東,頸城自動車（株）,"上越大通り線（上越妙高駅前〜高田駅前〜鵜の浜・雁子浜東）, 浜線（柿崎バスターミナル〜鵜の浜線）"
下倉,南越後観光バス（株）,"系統4810・4820, 系統4811・4821"
岩沢橋詰,越後交通（株）,"小千谷車庫前〜岩沢〜十日町車庫前, 小千谷車庫前〜小千谷総合病院〜十日町車庫前, 長岡〜小千谷〜十日町線"
雁子浜西,頸城自動車（株）,"上越大通り線（上越妙高駅前〜高田駅前〜鵜の浜・雁子浜東）, 浜線（柿崎バスターミナル〜鵜の浜線）"
長峰西,頸北観光バス（株）,"81　吉川西部循環線（上下浜駅前経由）, 82　吉川西部循環線（くびき駅前経由）"
岩沢不動様,越後交通（株）,"小千谷車庫前〜岩沢〜十日町車庫前, 小千谷車庫前〜小千谷総合病院〜十日町車庫前, 長岡〜小千谷〜十日町線"
中島,南越後観光バス（株）,"系統4511, 系統4513, 系統4514, 系統4515, 系統4516・4526, 系統4521, 系統4522, 系統4523, 系統4524"
下倉入口,南越後観光バス（株）,"系統110, 系統120"
岩沢駅前,越後交通（株）,"小千谷車庫前〜岩沢〜十日町車庫前, 小千谷車庫前〜小千谷総合病院〜十日町車庫前, 長岡〜小千谷〜十日町線"
吉水入口,南越後観光バス（株）,"系統110, 系統120"
長峰温泉,頸北観光バス（株）,"81　吉川西部循環線（上下浜駅前経由）, 82　吉川西部循環線（くびき駅前経由）"
鵜の浜東,頸城自動車（株）,"上越大通り線（上越妙高駅前〜高田駅前〜鵜の浜・雁子浜東）, 浜線（柿崎バスターミナル〜鵜の浜線）"
堀之内上町,南越後観光バス（株）,"系統110, 系統120"
岩沢上口,越後交通（株）,"小千谷車庫前〜岩沢〜十日町車庫前, 小千谷車庫前〜小千谷総合病院〜十日町車庫前, 長岡〜小千谷〜十日町線"
堀之内駅角,南越後観光バス（株）,"系統110, 系統120"
田戸入口,南越後観光バス（株）,"系統110, 系統120"
鵜の浜,頸城自動車（株）,"上越大通り線（上越妙高駅前〜高田駅前〜鵜の浜・雁子浜東）, 浜線（柿崎バスターミナル〜鵜の浜線）"
岡田集落センター前,越後交通（株）,柏崎駅前〜岡野町車庫・じょんのび村
宮原町,南越後観光バス（株）,"系統110, 系統120"
桜町入口,頸北観光バス（株）,83　山直海線
日渡,南越後観光バス（株）,"系統110, 系統120, 系統4810・4820, 系統4811・4821"
羽根川,南越後観光バス（株）,"系統110, 系統120, 系統4511, 系統4513, 系統4514, 系統4515, 系統4516・4526, 系統4521, 系統4522, 系統4523, 系統4524, 系統4810・4820, 系統4811・4821"
小栗山,越後交通（株）,"小千谷車庫前〜岩沢〜十日町車庫前, 小千谷車庫前〜小千谷総合病院〜十日町車庫前, 長岡〜小千谷〜十日町線"
代石,頸北観光バス（株）,"83　山直海線, 84　泉谷・勝穂循環線"
竹直,頸北観光バス（株）,"81　吉川西部循環線（上下浜駅前経由）, 82　吉川西部循環線（くびき駅前経由）"
九戸,頸城自動車（株）,上越大通り線（上越妙高駅前〜高田駅前〜鵜の浜・雁子浜東）
うおぬま眼科,さわやかタクシー,小出まちなか循環線
小出病院正面玄関,さわやかタクシー,小出まちなか循環線
冬井,小千谷市,池の平線乗合タクシー
小出病院東口,南越後観光バス（株）,"系統610・620, 系統611, 系統621, 系統4410・4420"
魚沼市役所前,南越後観光バス（株）,"系統610・620, 系統611, 系統621, 系統4410・4420"
魚沼市役所,さわやかタクシー,小出まちなか循環線
小出病院前,南越後観光バス（株）,"系統110, 系統120, 系統4511, 系統4513, 系統4514, 系統4515, 系統4516・4526, 系統4521, 系統4522, 系統4523, 系統4524, 系統4810・4820, 系統4811・4821"
岡田中央,柏崎交通（株）,高柳町地域内交通「黒姫こーたん号」定時便
岡田中央,越後交通（株）,柏崎駅前〜岡野町車庫・じょんのび村
小出病院前,さわやかタクシー,小出まちなか循環線
下中条,頸北観光バス（株）,84　泉谷・勝穂循環線
赤沢,頸北観光バス（株）,84　泉谷・勝穂循環線
星歯科医院（羽根川）,さわやかタクシー,小出まちなか循環線
潟町駅入口,頸城自動車（株）,上越大通り線（上越妙高駅前〜高田駅前〜鵜の浜・雁子浜東）
石名坂,越後交通（株）,小千谷車庫前〜小千谷総合病院・川西〜十日町車庫前
寺前,越後交通（株）,"小千谷車庫前〜岩沢〜十日町車庫前, 小千谷車庫前〜小千谷総合病院〜十日町車庫前, 長岡〜小千谷〜十日町線"
北山,小千谷市,北山線乗合タクシー
潟町1区,頸城自動車（株）,上越大通り線（上越妙高駅前〜高田駅前〜鵜の浜・雁子浜東）
横町,さわやかタクシー,小出まちなか循環線
横町,南越後観光バス（株）,"系統110, 系統120, 系統610・620, 系統611, 系統621, 系統4410・4420, 系統4511, 系統4513, 系統4514, 系統4515, 系統4516・4526, 系統4521, 系統4522, 系統4523, 系統4524, 系統4810・4820, 系統4811・4821"
小出駅前,南越後観光バス（株）,"系統210・220, 系統211, 系統221, 系統610・620, 系統611, 系統621, 系統4410・4420, 系統4510・4520, 系統4511, 系統4513, 系統4515, 系統4516・4526, 系統4521, 系統4522, 系統4523, 系統4810・4820"
小出駅前,さわやかタクシー,小出まちなか循環線
内雁子,頸北観光バス（株）,"81　吉川西部循環線（上下浜駅前経由）, 82　吉川西部循環線（くびき駅前経由）"
市之口宮前,越後交通（株）,"小千谷車庫前〜岩沢〜十日町車庫前, 小千谷車庫前〜小千谷総合病院〜十日町車庫前, 長岡〜小千谷〜十日町線"
宮医院,さわやかタクシー,小出まちなか循環線
鳥倉団地,頸北観光バス（株）,"83　山直海線, 84　泉谷・勝穂循環線"
上村医院,さわやかタクシー,小出まちなか循環線
サカキヤ駐車場,さわやかタクシー,小出まちなか循環線
大潟中学校入口,頸城自動車（株）,上越大通り線（上越妙高駅前〜高田駅前〜鵜の浜・雁子浜東）
小出営業所前,南越後観光バス（株）,"系統110, 系統120, 系統210・220, 系統211, 系統221, 系統610・620, 系統611, 系統621, 系統4410・4420, 系統4514, 系統4524, 系統4811・4821"
本町,さわやかタクシー,小出まちなか循環線
本町,南越後観光バス（株）,"系統110, 系統120, 系統210・220, 系統211, 系統221, 系統610・620, 系統611, 系統621, 系統4410・4420, 系統4811・4821"
病院入口,越後交通（株）,小千谷車庫前〜小千谷総合病院・川西〜十日町車庫前
上ノ原,南越後観光バス（株）,"系統210・220, 系統211, 系統221"
三番町,南越後観光バス（株）,"系統110, 系統120, 系統210・220, 系統211, 系統221, 系統610・620, 系統611, 系統621, 系統4410・4420, 系統4811・4821"
三番町,さわやかタクシー,小出まちなか循環線
小出上町,南越後観光バス（株）,"系統110, 系統120, 系統210・220, 系統211, 系統221, 系統610・620, 系統611, 系統621, 系統4410・4420, 系統4811・4821"
四番町停留所（菊水前）,さわやかタクシー,小出まちなか循環線
井口新田,南越後観光バス（株）,"系統210・220, 系統211, 系統221"
中島脳外科内科医院,さわやかタクシー,小出まちなか循環線
大潟区総合事務所前,頸城自動車（株）,上越大通り線（上越妙高駅前〜高田駅前〜鵜の浜・雁子浜東）
赤沢東,頸北観光バス（株）,84　泉谷・勝穂循環線
戸屋,小千谷市,池の平線乗合タクシー
小出郵便局,さわやかタクシー,小出まちなか循環線
湯之谷農協前,南越後観光バス（株）,"系統210・220, 系統211, 系統221"
中央街,南越後観光バス（株）,"系統610・620, 系統611, 系統621, 系統4410・4420"
真人中央,越後交通（株）,小千谷車庫前〜小千谷総合病院・川西〜十日町車庫前
廣川医院,さわやかタクシー,小出まちなか循環線
小出商工会館前,さわやかタクシー,小出まちなか循環線
長沢,頸北観光バス（株）,"81　吉川西部循環線（上下浜駅前経由）, 82　吉川西部循環線（くびき駅前経由）"
Aコープ小出店,さわやかタクシー,小出まちなか循環線
泉倉庫前,頸北観光バス（株）,84　泉谷・勝穂循環線
湯之谷中学校前,南越後観光バス（株）,"系統210・220, 系統211, 系統221, 系統310, 系統311・321"
土底東,頸城自動車（株）,上越大通り線（上越妙高駅前〜高田駅前〜鵜の浜・雁子浜東）
塩沢入口,越後交通（株）,柏崎駅前〜岡野町車庫・じょんのび村
佐梨大橋北詰,南越後観光バス（株）,系統4410・4420
町営住宅前,頸北観光バス（株）,"81　吉川西部循環線（上下浜駅前経由）, 82　吉川西部循環線（くびき駅前経由）"
吉田,南越後観光バス（株）,"系統210・220, 系統211, 系統221"
吉川支援学校前,頸北観光バス（株）,"83　山直海線, 84　泉谷・勝穂循環線"
大沢下口,南越後観光バス（株）,"系統210・220, 系統211, 系統221"
干三,越後交通（株）,小千谷車庫前〜小千谷総合病院・川西〜十日町車庫前
泉東,頸北観光バス（株）,84　泉谷・勝穂循環線
泉,頸北観光バス（株）,84　泉谷・勝穂循環線
土底,頸城自動車（株）,上越大通り線（上越妙高駅前〜高田駅前〜鵜の浜・雁子浜東）
大沢,南越後観光バス（株）,"系統210・220, 系統211, 系統221"
小白倉,十日町市,市営バス　川西地域　仙田線
キャンパス白倉前,十日町市,市営バス　川西地域　仙田線
貞観園前,越後交通（株）,柏崎駅前〜岡野町車庫・じょんのび村
福正寺前,頸北観光バス（株）,"81　吉川西部循環線（上下浜駅前経由）, 82　吉川西部循環線（くびき駅前経由）"
岩山入口,越後交通（株）,"小千谷車庫前〜岩沢〜十日町車庫前, 小千谷車庫前〜小千谷総合病院〜十日町車庫前, 長岡〜小千谷〜十日町線"
湯之谷庁舎前,南越後観光バス（株）,"系統210・220, 系統211, 系統221, 系統310, 系統311・321"
原之町,頸北観光バス（株）,"81　吉川西部循環線（上下浜駅前経由）, 82　吉川西部循環線（くびき駅前経由）, 83　山直海線, 84　泉谷・勝穂循環線"
佐梨,南越後観光バス（株）,"系統610・620, 系統611, 系統621"
高柳農協前,越後交通（株）,柏崎駅前〜岡野町車庫・じょんのび村
葎沢,南越後観光バス（株）,"系統210・220, 系統211, 系統221"
魚沼市地域振興センター前,南越後観光バス（株）,系統4410・4420
神田町,頸北観光バス（株）,"81　吉川西部循環線（上下浜駅前経由）, 82　吉川西部循環線（くびき駅前経由）"
高柳小学校,柏崎交通（株）,高柳町地域内交通「黒姫こーたん号」定時便
下町,頸北観光バス（株）,84　泉谷・勝穂循環線
吉川総合センター,頸北観光バス（株）,"81　吉川西部循環線（上下浜駅前経由）, 82　吉川西部循環線（くびき駅前経由）"
吉川小学校,頸北観光バス（株）,"83　山直海線, 84　泉谷・勝穂循環線"
後生寺西,頸北観光バス（株）,84　泉谷・勝穂循環線
上葎沢,南越後観光バス（株）,"系統210・220, 系統211, 系統221"
岡野町,柏崎交通（株）,高柳町地域内交通「黒姫こーたん号」定時便
吉川小学校入口,頸北観光バス（株）,83　山直海線
塩沢,柏崎交通（株）,高柳町地域内交通「黒姫こーたん号」定時便
道の駅ゆのたに前,南越後観光バス（株）,"系統310, 系統311・321, 系統4410・4420"
吉川区総合事務所前,頸北観光バス（株）,"81　吉川西部循環線（上下浜駅前経由）, 82　吉川西部循環線（くびき駅前経由）"
吉川区総合事務所,頸北観光バス（株）,84　泉谷・勝穂循環線
上の島,越後交通（株）,小千谷車庫前〜小千谷総合病院・川西〜十日町車庫前
岡野町車庫前,越後交通（株）,柏崎駅前〜岡野町車庫・じょんのび村
後生寺東,頸北観光バス（株）,84　泉谷・勝穂循環線
吉川区総合事務所下,頸北観光バス（株）,83　山直海線
下小舟津東,頸城自動車（株）,上越大通り線（上越妙高駅前〜高田駅前〜鵜の浜・雁子浜東）
大白倉,十日町市,市営バス　川西地域　仙田線
梶,頸北観光バス（株）,"81　吉川西部循環線（上下浜駅前経由）, 82　吉川西部循環線（くびき駅前経由）"
木の実谷入口,頸北観光バス（株）,"81　吉川西部循環線（上下浜駅前経由）, 82　吉川西部循環線（くびき駅前経由）"
大崩,小千谷市,池の平線乗合タクシー
鳥越三叉路,頸北観光バス（株）,84　泉谷・勝穂循環線
中原,南越後観光バス（株）,"系統610・620, 系統611, 系統621"
吉川中学校前,頸北観光バス（株）,"81　吉川西部循環線（上下浜駅前経由）, 84　泉谷・勝穂循環線"
吉川中学校下,頸北観光バス（株）,83　山直海線
吉川中学校,頸北観光バス（株）,82　吉川西部循環線（くびき駅前経由）
下小舟津,頸城自動車（株）,上越大通り線（上越妙高駅前〜高田駅前〜鵜の浜・雁子浜東）
小出高校,南越後観光バス（株）,"系統4510・4520, 系統4522"
上原,南越後観光バス（株）,系統4410・4420
上小舟津,頸城自動車（株）,上越大通り線（上越妙高駅前〜高田駅前〜鵜の浜・雁子浜東）
山方,頸北観光バス（株）,"81　吉川西部循環線（上下浜駅前経由）, 82　吉川西部循環線（くびき駅前経由）"
新光寺,越後交通（株）,"小千谷車庫前〜岩沢〜十日町車庫前, 小千谷車庫前〜小千谷総合病院〜十日町車庫前, 長岡〜小千谷〜十日町線"
鳥越,頸北観光バス（株）,84　泉谷・勝穂循環線
上沢,越後交通（株）,十日町車庫前〜千手〜上沢
川崎,頸北観光バス（株）,84　泉谷・勝穂循環線
芋川温泉,南越後観光バス（株）,"系統210・220, 系統211, 系統221"
坪野入口,柏崎交通（株）,高柳町地域内交通「黒姫こーたん号」定時便
渋柿東,頸城自動車（株）,上越大通り線（上越妙高駅前〜高田駅前〜鵜の浜・雁子浜東）
小出中学校入口,南越後観光バス（株）,"系統610・620, 系統611, 系統621"
田尻,頸北観光バス（株）,"81　吉川西部循環線（上下浜駅前経由）, 82　吉川西部循環線（くびき駅前経由）"
池の平,小千谷市,池の平線乗合タクシー
渋柿西,頸城自動車（株）,上越大通り線（上越妙高駅前〜高田駅前〜鵜の浜・雁子浜東）
深沢,頸北観光バス（株）,83　山直海線
土尻西,頸北観光バス（株）,84　泉谷・勝穂循環線
芋川,南越後観光バス（株）,"系統210・220, 系統211, 系統221"
小出郷文化会館入口,南越後観光バス（株）,系統4410・4420
中原上口,南越後観光バス（株）,"系統610・620, 系統611, 系統621"
東寺,頸北観光バス（株）,84　泉谷・勝穂循環線
西野島東,頸北観光バス（株）,"81　吉川西部循環線（上下浜駅前経由）, 82　吉川西部循環線（くびき駅前経由）"
下小沢,頸北観光バス（株）,84　泉谷・勝穂循環線
原田,越後交通（株）,"十日町車庫前〜千手〜上沢, 小千谷車庫前〜小千谷総合病院・川西〜十日町車庫前"
犀潟医療センター入口,頸城自動車（株）,上越大通り線（上越妙高駅前〜高田駅前〜鵜の浜・雁子浜東）
東寺東,頸北観光バス（株）,84　泉谷・勝穂循環線
土尻,頸北観光バス（株）,84　泉谷・勝穂循環線
高尾,柏崎交通（株）,高柳町地域内交通「黒姫こーたん号」定時便
じょんのび村,越後交通（株）,柏崎駅前〜岡野町車庫・じょんのび村
じょんのび村,柏崎交通（株）,高柳町地域内交通「黒姫こーたん号」定時便
老人福祉センター,南越後観光バス（株）,"系統610・620, 系統611, 系統621"
宇津野,南越後観光バス（株）,"系統210・220, 系統211, 系統221"
水口,越後交通（株）,"小千谷車庫前〜岩沢〜十日町車庫前, 小千谷車庫前〜小千谷総合病院〜十日町車庫前, 長岡〜小千谷〜十日町線"
西野島南,頸北観光バス（株）,"81　吉川西部循環線（上下浜駅前経由）, 82　吉川西部循環線（くびき駅前経由）"
山中,柏崎交通（株）,高柳町地域内交通「黒姫こーたん号」定時便
干溝,南越後観光バス（株）,系統4410・4420
こども自然王国,柏崎交通（株）,高柳町地域内交通「黒姫こーたん号」定時便
平等寺,頸北観光バス（株）,84　泉谷・勝穂循環線
泉谷西口,頸北観光バス（株）,84　泉谷・勝穂循環線
六万部,頸北観光バス（株）,"81　吉川西部循環線（上下浜駅前経由）, 82　吉川西部循環線（くびき駅前経由）"
犀潟駅前,頸北観光バス（株）,25　犀潟駅線
中村（宇津野）,南越後観光バス（株）,"系統210・220, 系統211, 系統221"
犀潟駅入口,頸城自動車（株）,上越大通り線（上越妙高駅前〜高田駅前〜鵜の浜・雁子浜東）
下原入口,越後交通（株）,"十日町車庫前〜千手〜上沢, 小千谷車庫前〜小千谷総合病院・川西〜十日町車庫前"
泉谷三叉路,頸北観光バス（株）,84　泉谷・勝穂循環線
中谷内,頸北観光バス（株）,83　山直海線
坪野東,頸北観光バス（株）,83　山直海線
岩瀬,十日町市,市営バス　川西地域　仙田線
坪野西,頸北観光バス（株）,83　山直海線
下増田南,頸北観光バス（株）,27　くびき駅線
白倉入口,越後交通（株）,"十日町車庫前〜千手〜上沢, 小千谷車庫前〜小千谷総合病院・川西〜十日町車庫前"
下柳町,頸北観光バス（株）,28　柳町線
折立温泉,南越後観光バス（株）,"系統210・220, 系統211, 系統221, 系統310, 系統311・321"
西ヶ窪東,頸城自動車（株）,上越大通り線（上越妙高駅前〜高田駅前〜鵜の浜・雁子浜東）
町田,頸北観光バス（株）,"81　吉川西部循環線（上下浜駅前経由）, 82　吉川西部循環線（くびき駅前経由）"
野口,越後交通（株）,"十日町車庫前〜千手〜上沢, 小千谷車庫前〜小千谷総合病院・川西〜十日町車庫前"
尾神,頸北観光バス（株）,83　山直海線
中増田北,頸北観光バス（株）,27　くびき駅線
西ヶ窪西,頸城自動車（株）,上越大通り線（上越妙高駅前〜高田駅前〜鵜の浜・雁子浜東）
顕法寺入口,頸北観光バス（株）,83　山直海線
畑ケ崎,頸北観光バス（株）,27　くびき駅線
町田入口,頸北観光バス（株）,82　吉川西部循環線（くびき駅前経由）
赤谷,十日町市,市営バス　川西地域　仙田線
貝の川,越後交通（株）,"小千谷車庫前〜岩沢〜十日町車庫前, 小千谷車庫前〜小千谷総合病院〜十日町車庫前, 長岡〜小千谷〜十日町線"
漆島中央,柏崎交通（株）,高柳町地域内交通「黒姫こーたん号」定時便
橘小学校前,越後交通（株）,"十日町車庫前〜千手〜上沢, 小千谷車庫前〜小千谷総合病院・川西〜十日町車庫前"
原虫野,南越後観光バス（株）,"系統610・620, 系統611, 系統621, 系統4410・4420"
大谷内,頸北観光バス（株）,28　柳町線
夷浜東,頸城自動車（株）,上越大通り線（上越妙高駅前〜高田駅前〜鵜の浜・雁子浜東）
シルバーライン入口,南越後観光バス（株）,"系統310, 系統311・321"
城野腰,頸北観光バス（株）,25　犀潟駅線
大谷内西,頸北観光バス（株）,28　柳町線
山口,頸北観光バス（株）,83　山直海線
高沢入北,頸北観光バス（株）,83　山直海線
柳町,頸北観光バス（株）,28　柳町線
夷浜中,頸城自動車（株）,上越大通り線（上越妙高駅前〜高田駅前〜鵜の浜・雁子浜東）
仁田,越後交通（株）,"十日町車庫前〜千手〜上沢, 小千谷車庫前〜小千谷総合病院・川西〜十日町車庫前"
下中島,頸北観光バス（株）,25　犀潟駅線
中増田南,頸北観光バス（株）,27　くびき駅線
湯中居,南越後観光バス（株）,"系統210・220, 系統211, 系統221"
寺柳,頸北観光バス（株）,28　柳町線
河沢,頸北観光バス（株）,83　山直海線
高沢入南,頸北観光バス（株）,83　山直海線
虫野下口,南越後観光バス（株）,"系統610・620, 系統611, 系統621, 系統4410・4420"
板木,南越後観光バス（株）,系統4410・4420
松橋,頸北観光バス（株）,25　犀潟駅線
夷浜西,頸城自動車（株）,上越大通り線（上越妙高駅前〜高田駅前〜鵜の浜・雁子浜東）
下米岡,頸北観光バス（株）,25　犀潟駅線
岡田,頸北観光バス（株）,28　柳町線
中島北,頸北観光バス（株）,"82　吉川西部循環線（くびき駅前経由）, 27　くびき駅線"
道の駅せんだ,十日町市,市営バス　川西地域　仙田線
遊光寺,頸城自動車（株）,上越大通り線（上越妙高駅前〜高田駅前〜鵜の浜・雁子浜東）
下条（十日町）,越後交通（株）,"小千谷車庫前〜岩沢〜十日町車庫前, 小千谷車庫前〜小千谷総合病院〜十日町車庫前, 長岡〜小千谷〜十日町線"
塩辛入口,越後交通（株）,"十日町車庫前〜千手〜上沢, 小千谷車庫前〜小千谷総合病院・川西〜十日町車庫前"
荻ノ島,柏崎交通（株）,高柳町地域内交通「黒姫こーたん号」定時便
仙田北,十日町市,市営バス　川西地域　仙田線
くびき駅前,頸北観光バス（株）,"82　吉川西部循環線（くびき駅前経由）, 27　くびき駅線"
くびき駅前,くびき野バス（株）,増田線
手宮,頸北観光バス（株）,25　犀潟駅線
虫野上口,南越後観光バス（株）,"系統610・620, 系統611, 系統621, 系統4410・4420"
下池田,頸北観光バス（株）,28　柳町線
吉原,頸北観光バス（株）,83　山直海線
榎井,頸北観光バス（株）,25　犀潟駅線
下荒浜,頸城自動車（株）,上越大通り線（上越妙高駅前〜高田駅前〜鵜の浜・雁子浜東）
矢住,頸北観光バス（株）,27　くびき駅線
榎井東,頸北観光バス（株）,25　犀潟駅線
両毛,くびき野バス（株）,増田線
両毛,頸北観光バス（株）,27　くびき駅線
大湯公園,南越後観光バス（株）,"系統210・220, 系統211, 系統221"
中島南,頸北観光バス（株）,"82　吉川西部循環線（くびき駅前経由）, 27　くびき駅線"
稲場,頸北観光バス（株）,83　山直海線
つつじケ丘入口,頸北観光バス（株）,25　犀潟駅線
村屋,頸北観光バス（株）,83　山直海線
東田中,頸北観光バス（株）,83　山直海線
八千浦中学校前,頸城自動車（株）,上越大通り線（上越妙高駅前〜高田駅前〜鵜の浜・雁子浜東）
下条中央,越後交通（株）,"小千谷車庫前〜岩沢〜十日町車庫前, 小千谷車庫前〜小千谷総合病院〜十日町車庫前, 長岡〜小千谷〜十日町線"
大湯東,南越後観光バス（株）,"系統310, 系統311・321"
十日町入口,南越後観光バス（株）,系統4410・4420
舟津,頸北観光バス（株）,25　犀潟駅線
片津,頸北観光バス（株）,"27　くびき駅線, 28　柳町線"
天ケ崎,頸北観光バス（株）,27　くびき駅線
福平入口,頸北観光バス（株）,83　山直海線
仙田,十日町市,市営バス　川西地域　仙田線
黒井東,頸城自動車（株）,上越大通り線（上越妙高駅前〜高田駅前〜鵜の浜・雁子浜東）
古戦場,頸北観光バス（株）,83　山直海線
両毛東,頸北観光バス（株）,27　くびき駅線
上池田,頸北観光バス（株）,27　くびき駅線
坂田,頸北観光バス（株）,"27　くびき駅線, 28　柳町線"
大湯スキー場前,南越後観光バス（株）,"系統310, 系統311・321"
大湯温泉,南越後観光バス（株）,"系統210・220, 系統211, 系統221, 系統310, 系統311・321"
黒井西,頸城自動車（株）,上越大通り線（上越妙高駅前〜高田駅前〜鵜の浜・雁子浜東）
上増田,くびき野バス（株）,増田線
上増田,頸北観光バス（株）,27　くびき駅線
大湯スキー場南口,南越後観光バス（株）,"系統211, 系統221"
島田西,頸城自動車（株）,南川線（労災病院前〜市村・島田〜海洋センター前・頸城中学校前）
十日町入口,南越後観光バス（株）,"系統610・620, 系統611, 系統621"
栄橋入口,越後交通（株）,"小千谷車庫前〜岩沢〜十日町車庫前, 小千谷車庫前〜小千谷総合病院〜十日町車庫前, 長岡〜小千谷〜十日町線"
啓明寺前,頸北観光バス（株）,27　くびき駅線
宮本,頸北観光バス（株）,25　犀潟駅線
国田,頸北観光バス（株）,83　山直海線
榎井入口,頸城自動車（株）,南川線（労災病院前〜市村・島田〜海洋センター前・頸城中学校前）
大浦新田,南越後観光バス（株）,系統4410・4420
新町（十日町）,越後交通（株）,"十日町車庫前〜千手〜上沢, 小千谷車庫前〜小千谷総合病院・川西〜十日町車庫前"
島田東,頸城自動車（株）,南川線（労災病院前〜市村・島田〜海洋センター前・頸城中学校前）
黒井社宅,頸城自動車（株）,上越大通り線（上越妙高駅前〜高田駅前〜鵜の浜・雁子浜東）
境川,（株）浦佐タクシー,市民バス　浦佐・五箇コース
仙田南,十日町市,市営バス　川西地域　仙田線
川袋,頸北観光バス（株）,83　山直海線
北方,頸城自動車（株）,南川線（労災病院前〜市村・島田〜海洋センター前・頸城中学校前）
北方,頸北観光バス（株）,25　犀潟駅線
大下,頸北観光バス（株）,83　山直海線
日根津,上越市,大池線
日根津,くびき野バス（株）,増田線
明治小学校南門,上越市,大池線
明治小学校南門,頸北観光バス（株）,27　くびき駅線
頸城中学校前,上越市,大池線
頸城中学校前,頸城自動車（株）,南川線（労災病院前〜市村・島田〜海洋センター前・頸城中学校前）
頸城中学校前,頸北観光バス（株）,"25　犀潟駅線, 27　くびき駅線, 28　柳町線"
日根津東,上越市,大池線
善徳寺前,頸北観光バス（株）,83　山直海線
見返橋,南越後観光バス（株）,"系統210・220, 系統211, 系統221"
境川,南越後観光バス（株）,"系統610・620, 系統611, 系統621"
大瀁小学校前,上越市,大池線
大瀁小学校前,頸城自動車（株）,南川線（労災病院前〜市村・島田〜海洋センター前・頸城中学校前）
大瀁小学校前,頸北観光バス（株）,"25　犀潟駅線, 27　くびき駅線, 28　柳町線"
上黒井,頸城自動車（株）,上越大通り線（上越妙高駅前〜高田駅前〜鵜の浜・雁子浜東）
上岩野,頸北観光バス（株）,83　山直海線
いきいきコート前,頸城自動車（株）,南川線（労災病院前〜市村・島田〜海洋センター前・頸城中学校前）
門出局前,柏崎交通（株）,高柳町地域内交通「黒姫こーたん号」定時便
五十嵐,頸城自動車（株）,南川線（労災病院前〜市村・島田〜海洋センター前・頸城中学校前）
門出宮村,柏崎交通（株）,高柳町地域内交通「黒姫こーたん号」定時便
海洋センター前,上越市,大池線
海洋センター前,頸城自動車（株）,南川線（労災病院前〜市村・島田〜海洋センター前・頸城中学校前）
海洋センター前,頸北観光バス（株）,"25　犀潟駅線, 27　くびき駅線, 28　柳町線"
中城,上越市,大池線
下岩野,頸北観光バス（株）,83　山直海線
下千原,頸城自動車（株）,南川線（労災病院前〜市村・島田〜海洋センター前・頸城中学校前）
市之町,頸城自動車（株）,上越大通り線（上越妙高駅前〜高田駅前〜鵜の浜・雁子浜東）
岩山,（株）浦佐タクシー,市民バス　浦佐・五箇コース
岩山入口,南越後観光バス（株）,"系統610・620, 系統611, 系統621"
診療所前,頸城自動車（株）,上越大通り線（上越妙高駅前〜高田駅前〜鵜の浜・雁子浜東）
元町中央,十日町市,市営バス　川西地域　仙田線
百間町十字路,上越市,大池線
百間町十字路,頸城自動車（株）,南川線（労災病院前〜市村・島田〜海洋センター前・頸城中学校前）
栃尾又,南越後観光バス（株）,"系統210・220, 系統211, 系統221, 系統311・321"
中野,上越市,大池線
中野,くびき野バス（株）,増田線
大池いこいの森駅,上越市,大池線
百間町南,頸城自動車（株）,南川線（労災病院前〜市村・島田〜海洋センター前・頸城中学校前）
百間町東,上越市,大池線
仁野分西,上越市,大池線
上新田,越後交通（株）,"小千谷車庫前〜岩沢〜十日町車庫前, 小千谷車庫前〜小千谷総合病院〜十日町車庫前, 長岡〜小千谷〜十日町線"
日本製鉄前,頸城自動車（株）,上越大通り線（上越妙高駅前〜高田駅前〜鵜の浜・雁子浜東）
大蒲生田,上越市,大池線
柿野,上越市,大池線
湯谷,小千谷観光バス（株）,市民バス　三用コース
北四ツ屋,頸城自動車（株）,南川線（労災病院前〜市村・島田〜海洋センター前・頸城中学校前）
町屋,（株）浦佐タクシー,市民バス　浦佐・五箇コース
仁野分南,上越市,大池線
上野小学校前,越後交通（株）,"十日町車庫前〜千手〜上沢, 小千谷車庫前〜小千谷総合病院・川西〜十日町車庫前"
上野小学校,十日町市,市営バス　川西地域　仙田線
直江津港,頸城自動車（株）,"上越大通り線（上越妙高駅前〜高田駅前〜鵜の浜・雁子浜東）, 上越大通り線（福橋東・直江津港〜西城病院前〜中央病院・上越妙高駅前）, 上越妙高駅前・直江津駅前〜直江津港線"
藤尾,上越市,旭線
元町,十日町市,市営バス　川西地域　仙田線
鵜ノ木入口,上越市,大池線
町屋,南越後観光バス（株）,"系統610・620, 系統611, 系統621"
雷土生活改善センター,小千谷観光バス（株）,市民バス　三用コース
ビジター入口,上越市,大池線
芋赤集落センター,小千谷観光バス（株）,市民バス　三用コース
藤沢入口,十日町市,市営バス　川西地域　仙田線
玄僧西,上越市,大池線
中城入口,上越市,大池線
仁野分,上越市,大池線
仁野分,くびき野バス（株）,増田線
日の出町,頸城自動車（株）,南川線（労災病院前〜市村・島田〜海洋センター前・頸城中学校前）
福島,頸城自動車（株）,南川線（労災病院前〜市村・島田〜海洋センター前・頸城中学校前）
橋場,頸城自動車（株）,南川線（労災病院前〜市村・島田〜海洋センター前・頸城中学校前）
玄僧東,上越市,大池線
辻又,（株）浦佐タクシー,市民バス　後山・辻又コース
下吉,頸城自動車（株）,南川線（労災病院前〜市村・島田〜海洋センター前・頸城中学校前）
北福崎,頸城自動車（株）,南川線（労災病院前〜市村・島田〜海洋センター前・頸城中学校前）
南川小学校前,頸城自動車（株）,南川線（労災病院前〜市村・島田〜海洋センター前・頸城中学校前）
港町一丁目,頸城自動車（株）,"上越大通り線（上越妙高駅前〜高田駅前〜鵜の浜・雁子浜東）, 上越大通り線（福橋東・直江津港〜西城病院前〜中央病院・上越妙高駅前）"
港町二丁目,頸城自動車（株）,南川線（労災病院前〜市村・島田〜海洋センター前・頸城中学校前）
雷土新田活性化センター,小千谷観光バス（株）,市民バス　三用コース
松本,頸城自動車（株）,南川線（労災病院前〜市村・島田〜海洋センター前・頸城中学校前）
信越アパート前,頸城自動車（株）,南川線（労災病院前〜市村・島田〜海洋センター前・頸城中学校前）
古城公園,頸城自動車（株）,上越大通り線（福橋東・直江津港〜西城病院前〜中央病院・上越妙高駅前）
高速頸城バス停入口,頸城自動車（株）,南川線（労災病院前〜市村・島田〜海洋センター前・頸城中学校前）
寺前,十日町市,市営バス　川西地域　仙田線
港町三叉路,頸城自動車（株）,南川線（労災病院前〜市村・島田〜海洋センター前・頸城中学校前）
鵜ノ木,上越市,大池線
下三分一西,頸城自動車（株）,南川線（労災病院前〜市村・島田〜海洋センター前・頸城中学校前）
下三分一,頸城自動車（株）,南川線（労災病院前〜市村・島田〜海洋センター前・頸城中学校前）
上野,越後交通（株）,"十日町車庫前〜千手〜上沢, 小千谷車庫前〜小千谷総合病院・川西〜十日町車庫前"
上野,十日町市,市営バス　川西地域　仙田線
雷土新田入口,南越後観光バス（株）,系統4410・4420
上神原,頸城自動車（株）,南川線（労災病院前〜市村・島田〜海洋センター前・頸城中学校前）
佐内入口,頸城自動車（株）,"春日山・佐内線（佐内入口・直江津駅前〜春日山下〜中央病院）, 佐内・直江津循環線（佐内入口〜労災病院前〜直江津駅前）"
北原入口,南越後観光バス（株）,"系統3012, 系統3013, 系統3020, 系統3022, 系統3023"
三分一,頸城自動車（株）,南川線（労災病院前〜市村・島田〜海洋センター前・頸城中学校前）
室島,十日町市,市営バス　川西地域　仙田線
市の沢,南越後観光バス（株）,"系統3012, 系統3013, 系統3020, 系統3022, 系統3023"
竹平,上越市,旭線
川原町,頸城自動車（株）,"上越大通り線（上越妙高駅前〜高田駅前〜鵜の浜・雁子浜東）, 上越大通り線（福橋東・直江津港〜西城病院前〜中央病院・上越妙高駅前）, 富岡線（高田駅前〜謙信公武道館前・富岡〜マルケーバスセンター）, 直江津・浦川原線（浦川原バスターミナル〜青野十文字〜マルケーバスセンター）, 南川線（労災病院前〜市村・島田〜海洋センター前・頸城中学校前）"
日鉄工材前,頸城自動車（株）,上越大通り線（福橋東・直江津港〜西城病院前〜中央病院・上越妙高駅前）
中央二丁目,頸城自動車（株）,"上越大通り線（上越妙高駅前〜高田駅前〜鵜の浜・雁子浜東）, 上越大通り線（福橋東・直江津港〜西城病院前〜中央病院・上越妙高駅前）, 富岡線（高田駅前〜謙信公武道館前・富岡〜マルケーバスセンター）, 春日山・佐内線（佐内入口・直江津駅前〜春日山下〜中央病院）, 佐内・直江津循環線（佐内入口〜労災病院前〜直江津駅前）, 直江津・浦川原線（浦川原バスターミナル〜青野十文字〜マルケーバスセンター）, 南川線（労災病院前〜市村・島田〜海洋センター前・頸城中学校前）, 桑取線（労災病院前〜有間川〜くわどり湯ったり村）"
中条病院前,越後交通（株）,"小千谷車庫前〜岩沢〜十日町車庫前, 小千谷車庫前〜小千谷総合病院〜十日町車庫前, 長岡〜小千谷〜十日町線"
中条病院前,南越後観光バス（株）,"系統3012, 系統3013, 系統3020, 系統3022, 系統3023"
上三分一,頸城自動車（株）,南川線（労災病院前〜市村・島田〜海洋センター前・頸城中学校前）
田麦,上越市,旭線
新保,頸城自動車（株）,南川線（労災病院前〜市村・島田〜海洋センター前・頸城中学校前）
佐内,頸城自動車（株）,"春日山・佐内線（佐内入口・直江津駅前〜春日山下〜中央病院）, 佐内・直江津循環線（佐内入口〜労災病院前〜直江津駅前）"
下神原,頸城自動車（株）,南川線（労災病院前〜市村・島田〜海洋センター前・頸城中学校前）
森本西,上越市,大池線
市村神社前,頸城自動車（株）,南川線（労災病院前〜市村・島田〜海洋センター前・頸城中学校前）
市村,頸城自動車（株）,南川線（労災病院前〜市村・島田〜海洋センター前・頸城中学校前）
うるおいの里みよう前,小千谷観光バス（株）,市民バス　三用コース
板山,上越市,旭線
中央五丁目,頸城自動車（株）,佐内・直江津循環線（佐内入口〜労災病院前〜直江津駅前）
日野宮神社西,頸城自動車（株）,佐内・直江津循環線（佐内入口〜労災病院前〜直江津駅前）
森本東,上越市,大池線
宮の前公園,頸城自動車（株）,"上越大通り線（福橋東・直江津港〜西城病院前〜中央病院・上越妙高駅前）, 富岡線（高田駅前〜謙信公武道館前・富岡〜マルケーバスセンター）, 直江津・浦川原線（浦川原バスターミナル〜青野十文字〜マルケーバスセンター）"
岡沢,頸城自動車（株）,直江津・浦川原線（浦川原バスターミナル〜青野十文字〜マルケーバスセンター）
門前集落センター下,小千谷観光バス（株）,市民バス　三用コース
本屋敷,南越後観光バス（株）,"系統3012, 系統3013, 系統3020, 系統3022, 系統3023"
森本,上越市,大池線
森本,くびき野バス（株）,増田線
中央一丁目,頸城自動車（株）,"上越大通り線（上越妙高駅前〜高田駅前〜鵜の浜・雁子浜東）, 上越大通り線（福橋東・直江津港〜西城病院前〜中央病院・上越妙高駅前）, 富岡線（高田駅前〜謙信公武道館前・富岡〜マルケーバスセンター）, 春日山・佐内線（佐内入口・直江津駅前〜春日山下〜中央病院）, 直江津・浦川原線（浦川原バスターミナル〜青野十文字〜マルケーバスセンター）, 南川線（労災病院前〜市村・島田〜海洋センター前・頸城中学校前）, 桑取線（労災病院前〜有間川〜くわどり湯ったり村）"
直江津橋西詰,頸城自動車（株）,"春日山・佐内線（佐内入口・直江津駅前〜春日山下〜中央病院）, 佐内・直江津循環線（佐内入口〜労災病院前〜直江津駅前）, 桑取線（労災病院前〜有間川〜くわどり湯ったり村）"
第3キャンプ場前,上越市,大池線
屋台会館前,頸城自動車（株）,佐内・直江津循環線（佐内入口〜労災病院前〜直江津駅前）
桐山,十日町市,市営バス　松代地域　桐山線
川西総合体育館前,越後交通（株）,"十日町車庫前〜千手〜上沢, 小千谷車庫前〜小千谷総合病院・川西〜十日町車庫前"
川西中学校,十日町市,市営バス　川西地域　仙田線
春日新田西,頸城自動車（株）,"上越大通り線（福橋東・直江津港〜西城病院前〜中央病院・上越妙高駅前）, 富岡線（高田駅前〜謙信公武道館前・富岡〜マルケーバスセンター）, 直江津・浦川原線（浦川原バスターミナル〜青野十文字〜マルケーバスセンター）"
春日新田東,頸城自動車（株）,"上越大通り線（福橋東・直江津港〜西城病院前〜中央病院・上越妙高駅前）, 直江津・浦川原線（浦川原バスターミナル〜青野十文字〜マルケーバスセンター）"
直江津駅前通り,頸城自動車（株）,"上越大通り線（上越妙高駅前〜高田駅前〜鵜の浜・雁子浜東）, 上越大通り線（福橋東・直江津港〜西城病院前〜中央病院・上越妙高駅前）, 桑取線（労災病院前〜有間川〜くわどり湯ったり村）"
中条新田,越後交通（株）,"小千谷車庫前〜岩沢〜十日町車庫前, 小千谷車庫前〜小千谷総合病院〜十日町車庫前, 長岡〜小千谷〜十日町線"
中条新田,南越後観光バス（株）,"系統3012, 系統3013, 系統3020, 系統3022, 系統3023"
小町橋,頸城自動車（株）,"上越大通り線（福橋東・直江津港〜西城病院前〜中央病院・上越妙高駅前）, 直江津・浦川原線（浦川原バスターミナル〜青野十文字〜マルケーバスセンター）"
安江一丁目,頸城自動車（株）,"上越大通り線（福橋東・直江津港〜西城病院前〜中央病院・上越妙高駅前）, 直江津・浦川原線（浦川原バスターミナル〜青野十文字〜マルケーバスセンター）"
高田,小千谷観光バス（株）,市民バス　三用コース
三ツ屋,頸城自動車（株）,"上越大通り線（福橋東・直江津港〜西城病院前〜中央病院・上越妙高駅前）, 直江津・浦川原線（浦川原バスターミナル〜青野十文字〜マルケーバスセンター）"
上越テクノセンター前,頸城自動車（株）,"上越大通り線（福橋東・直江津港〜西城病院前〜中央病院・上越妙高駅前）, 直江津・浦川原線（浦川原バスターミナル〜青野十文字〜マルケーバスセンター）"
福田,頸城自動車（株）,"上越大通り線（福橋東・直江津港〜西城病院前〜中央病院・上越妙高駅前）, 直江津・浦川原線（浦川原バスターミナル〜青野十文字〜マルケーバスセンター）"
福橋,頸城自動車（株）,"上越大通り線（福橋東・直江津港〜西城病院前〜中央病院・上越妙高駅前）, 直江津・浦川原線（浦川原バスターミナル〜青野十文字〜マルケーバスセンター）"
西本町一丁目,頸城自動車（株）,"富岡線（高田駅前〜謙信公武道館前・富岡〜マルケーバスセンター）, 春日山・佐内線（佐内入口・直江津駅前〜春日山下〜中央病院）, 直江津・浦川原線（浦川原バスターミナル〜青野十文字〜マルケーバスセンター）, 上越病院線（直江津駅前〜上越総合病院）, 南川線（労災病院前〜市村・島田〜海洋センター前・頸城中学校前）, 桑取線（労災病院前〜有間川〜くわどり湯ったり村）"
福橋東,頸城自動車（株）,"上越大通り線（福橋東・直江津港〜西城病院前〜中央病院・上越妙高駅前）, 直江津・浦川原線（浦川原バスターミナル〜青野十文字〜マルケーバスセンター）"
山崎新田火の見,小千谷観光バス（株）,市民バス　三用コース
花ヶ崎,上越市,大池線
上吉野,頸城自動車（株）,直江津・浦川原線（浦川原バスターミナル〜青野十文字〜マルケーバスセンター）
石神,上越市,大池線
嘉勝,南越後観光バス（株）,"系統3012, 系統3013, 系統3020, 系統3022, 系統3023"
多聞橋,南越後観光バス（株）,"系統610・620, 系統611, 系統621"
上千原北,頸城自動車（株）,直江津・浦川原線（浦川原バスターミナル〜青野十文字〜マルケーバスセンター）
大池入口,上越市,大池線
直江津駅前,頸城自動車（株）,"上越大通り線（上越妙高駅前〜高田駅前〜鵜の浜・雁子浜東）, 上越大通り線（福橋東・直江津港〜西城病院前〜中央病院・上越妙高駅前）, 上越妙高駅前・直江津駅前〜直江津港線, 教育大学線（上越モール前・中央病院〜教育大学〜直江津駅前）, 富岡線（高田駅前〜謙信公武道館前・富岡〜マルケーバスセンター）, 春日山・佐内線（佐内入口・直江津駅前〜春日山下〜中央病院）, 佐内・直江津循環線（佐内入口〜労災病院前〜直江津駅前）, 直江津・浦川原線（浦川原バスターミナル〜青野十文字〜マルケーバスセンター）, 上越病院線（直江津駅前〜上越総合病院）, 南川線（労災病院前〜市村・島田〜海洋センター前・頸城中学校前）, 桑取線（労災病院前〜有間川〜くわどり湯ったり村）, 山麓線（直江津駅前〜医療センター病院〜上越妙高駅前）"
頚城大池,上越市,大池線
新三ツ屋,頸城自動車（株）,"春日山・佐内線（佐内入口・直江津駅前〜春日山下〜中央病院）, 佐内・直江津循環線（佐内入口〜労災病院前〜直江津駅前）"
天王町交差点,（株）浦佐タクシー,市民バス　浦佐・五箇コース
天王町,南越後観光バス（株）,"系統611, 系統621, 系統2510, 系統2520"
直江津ショッピングセンター前,頸城自動車（株）,"上越大通り線（上越妙高駅前〜高田駅前〜鵜の浜・雁子浜東）, 上越大通り線（福橋東・直江津港〜西城病院前〜中央病院・上越妙高駅前）, 教育大学線（上越モール前・中央病院〜教育大学〜直江津駅前）, 富岡線（高田駅前〜謙信公武道館前・富岡〜マルケーバスセンター）, 春日山・佐内線（佐内入口・直江津駅前〜春日山下〜中央病院）, 佐内・直江津循環線（佐内入口〜労災病院前〜直江津駅前）, 直江津・浦川原線（浦川原バスターミナル〜青野十文字〜マルケーバスセンター）, 上越病院線（直江津駅前〜上越総合病院）, 謙信公大通り線（直江津ショッピングセンター前〜上越総合病院）, 南川線（労災病院前〜市村・島田〜海洋センター前・頸城中学校前）, 桑取線（労災病院前〜有間川〜くわどり湯ったり村）, 名立線（労災病院前〜コミュニティプラザ前）, 能生線（能生案内所〜名立車庫前〜労災病院前）, 山麓線（直江津駅前〜医療センター病院〜上越妙高駅前）"
東中島,頸城自動車（株）,直江津・浦川原線（浦川原バスターミナル〜青野十文字〜マルケーバスセンター）
山崎新田,南越後観光バス（株）,系統4410・4420
谷地集落センター,小千谷観光バス（株）,市民バス　三用コース
下五貫野,頸城自動車（株）,直江津・浦川原線（浦川原バスターミナル〜青野十文字〜マルケーバスセンター）
清鱗前,（株）浦佐タクシー,市民バス　浦佐・五箇コース
魚沼基幹病院,（株）浦佐タクシー,"市民バス　浦佐・五箇コース, 市民バス　後山・辻又コース"
魚沼基幹病院,やまとタクシー（株）,"市民バス　赤石コース, 市民バス　薮神コース"
魚沼基幹病院,小千谷観光バス（株）,市民バス　三用コース
魚沼基幹病院,南越後観光バス（株）,"系統611, 系統621, 系統2510, 系統2520, 系統4410・4420, 系統3012, 系統3022, 市民バス　大崎コース"
川西診療所,十日町市,市営バス　川西地域　仙田線
乳母嶽神社前,頸城自動車（株）,"名立線（労災病院前〜コミュニティプラザ前）, 能生線（能生案内所〜名立車庫前〜労災病院前）"
五智二丁目東,頸城自動車（株）,"春日山・佐内線（佐内入口・直江津駅前〜春日山下〜中央病院）, 桑取線（労災病院前〜有間川〜くわどり湯ったり村）, 名立線（労災病院前〜コミュニティプラザ前）, 能生線（能生案内所〜名立車庫前〜労災病院前）"
山崎消防小屋,小千谷観光バス（株）,市民バス　三用コース
不動尊,上越市,旭線
多聞橋,南越後観光バス（株）,"系統2510, 系統2520"
ゆきぐに大和病院,（株）浦佐タクシー,"市民バス　浦佐・五箇コース, 市民バス　後山・辻又コース"
ゆきぐに大和病院,やまとタクシー（株）,"市民バス　赤石コース, 市民バス　薮神コース"
ゆきぐに大和病院,小千谷観光バス（株）,市民バス　三用コース
ゆきぐに大和病院,南越後観光バス（株）,市民バス　大崎コース
東雲町（上越市）,頸城自動車（株）,"春日山・佐内線（佐内入口・直江津駅前〜春日山下〜中央病院）, 佐内・直江津循環線（佐内入口〜労災病院前〜直江津駅前）, 桑取線（労災病院前〜有間川〜くわどり湯ったり村）"
梅沢入口,越後交通（株）,"小千谷車庫前〜岩沢〜十日町車庫前, 小千谷車庫前〜小千谷総合病院〜十日町車庫前, 長岡〜小千谷〜十日町線"
梅沢入口,南越後観光バス（株）,"系統3012, 系統3013, 系統3020, 系統3022, 系統3023"
春日新田南,頸城自動車（株）,富岡線（高田駅前〜謙信公武道館前・富岡〜マルケーバスセンター）
五貫野西,頸城自動車（株）,直江津・浦川原線（浦川原バスターミナル〜青野十文字〜マルケーバスセンター）
五智二丁目,頸城自動車（株）,"春日山・佐内線（佐内入口・直江津駅前〜春日山下〜中央病院）, 桑取線（労災病院前〜有間川〜くわどり湯ったり村）, 名立線（労災病院前〜コミュニティプラザ前）, 能生線（能生案内所〜名立車庫前〜労災病院前）"
観音様入口,越後交通（株）,"十日町車庫前〜千手〜上沢, 小千谷車庫前〜小千谷総合病院・川西〜十日町車庫前"
直江津駅南口,頸城自動車（株）,"佐内・直江津循環線（佐内入口〜労災病院前〜直江津駅前）, 名立線（労災病院前〜コミュニティプラザ前）, 能生線（能生案内所〜名立車庫前〜労災病院前）"
北越銀行前,（株）浦佐タクシー,市民バス　浦佐・五箇コース
虫生,頸城自動車（株）,"桑取線（労災病院前〜有間川〜くわどり湯ったり村）, 名立線（労災病院前〜コミュニティプラザ前）, 能生線（能生案内所〜名立車庫前〜労災病院前）"
毘沙門堂前,南越後観光バス（株）,"系統610・620, 系統611, 系統621"
下青野,頸城自動車（株）,直江津・浦川原線（浦川原バスターミナル〜青野十文字〜マルケーバスセンター）
西本町二丁目,頸城自動車（株）,"上越大通り線（上越妙高駅前〜高田駅前〜鵜の浜・雁子浜東）, 上越大通り線（福橋東・直江津港〜西城病院前〜中央病院・上越妙高駅前）, 教育大学線（上越モール前・中央病院〜教育大学〜直江津駅前）, 山麓線（直江津駅前〜医療センター病院〜上越妙高駅前）"
五貫野東,くびき野バス（株）,増田線
名立車庫前,頸城自動車（株）,"名立線（労災病院前〜コミュニティプラザ前）, 能生線（能生案内所〜名立車庫前〜労災病院前）"
御館橋,頸城自動車（株）,"上越大通り線（上越妙高駅前〜高田駅前〜鵜の浜・雁子浜東）, 上越大通り線（福橋東・直江津港〜西城病院前〜中央病院・上越妙高駅前）, 富岡線（高田駅前〜謙信公武道館前・富岡〜マルケーバスセンター）, 佐内・直江津循環線（佐内入口〜労災病院前〜直江津駅前）, 直江津・浦川原線（浦川原バスターミナル〜青野十文字〜マルケーバスセンター）, 上越病院線（直江津駅前〜上越総合病院）, 南川線（労災病院前〜市村・島田〜海洋センター前・頸城中学校前）, 名立線（労災病院前〜コミュニティプラザ前）, 能生線（能生案内所〜名立車庫前〜労災病院前）"
上名柄,頸城自動車（株）,直江津・浦川原線（浦川原バスターミナル〜青野十文字〜マルケーバスセンター）
上名柄,くびき野バス（株）,増田線
茶屋ヶ原,頸城自動車（株）,"名立線（労災病院前〜コミュニティプラザ前）, 能生線（能生案内所〜名立車庫前〜労災病院前）"
五智国分寺裏門,頸城自動車（株）,"春日山・佐内線（佐内入口・直江津駅前〜春日山下〜中央病院）, 桑取線（労災病院前〜有間川〜くわどり湯ったり村）, 名立線（労災病院前〜コミュニティプラザ前）, 能生線（能生案内所〜名立車庫前〜労災病院前）"
蓮の町,頸城自動車（株）,直江津・浦川原線（浦川原バスターミナル〜青野十文字〜マルケーバスセンター）
蓮の町,くびき野バス（株）,増田線
轟入口,南越後観光バス（株）,"系統3012, 系統3013, 系統3020, 系統3022, 系統3023"
五智一丁目,頸城自動車（株）,"教育大学線（上越モール前・中央病院〜教育大学〜直江津駅前）, 謙信公大通り線（直江津ショッピングセンター前〜上越総合病院）, 山麓線（直江津駅前〜医療センター病院〜上越妙高駅前）"
下名柄,くびき野バス（株）,増田線
郷津,頸城自動車（株）,"桑取線（労災病院前〜有間川〜くわどり湯ったり村）, 名立線（労災病院前〜コミュニティプラザ前）, 能生線（能生案内所〜名立車庫前〜労災病院前）"
萌気園前,（株）浦佐タクシー,市民バス　後山・辻又コース
保倉小学校前,頸城自動車（株）,直江津・浦川原線（浦川原バスターミナル〜青野十文字〜マルケーバスセンター）
保倉小学校前,くびき野バス（株）,増田線
魚沼基幹病院入口,南越後観光バス（株）,"系統611, 系統621, 系統2510, 系統2520, 系統4410・4420"
労災病院前,頸城自動車（株）,"上越大通り線（上越妙高駅前〜高田駅前〜鵜の浜・雁子浜東）, 春日山・佐内線（佐内入口・直江津駅前〜春日山下〜中央病院）, 佐内・直江津循環線（佐内入口〜労災病院前〜直江津駅前）, 直江津・浦川原線（浦川原バスターミナル〜青野十文字〜マルケーバスセンター）, 南川線（労災病院前〜市村・島田〜海洋センター前・頸城中学校前）, 桑取線（労災病院前〜有間川〜くわどり湯ったり村）, 名立線（労災病院前〜コミュニティプラザ前）, 能生線（能生案内所〜名立車庫前〜労災病院前）"
小十文字,くびき野バス（株）,増田線
ケアハウス至徳路前,頸城自動車（株）,"佐内・直江津循環線（佐内入口〜労災病院前〜直江津駅前）, 名立線（労災病院前〜コミュニティプラザ前）, 能生線（能生案内所〜名立車庫前〜労災病院前）"
田町駅角,（株）浦佐タクシー,市民バス　浦佐・五箇コース
居多ヶ浜,頸城自動車（株）,"桑取線（労災病院前〜有間川〜くわどり湯ったり村）, 名立線（労災病院前〜コミュニティプラザ前）, 能生線（能生案内所〜名立車庫前〜労災病院前）"
五智老人ホーム前,頸城自動車（株）,"桑取線（労災病院前〜有間川〜くわどり湯ったり村）, 名立線（労災病院前〜コミュニティプラザ前）, 能生線（能生案内所〜名立車庫前〜労災病院前）"
安江,頸城自動車（株）,"春日山・佐内線（佐内入口・直江津駅前〜春日山下〜中央病院）, 佐内・直江津循環線（佐内入口〜労災病院前〜直江津駅前）"
大和郵便局前,南越後観光バス（株）,"系統610・620, 系統611, 系統621"
池の端,くびき野バス（株）,増田線
池の端,頸城自動車（株）,直江津・浦川原線（浦川原バスターミナル〜青野十文字〜マルケーバスセンター）
浦佐駅東口,南越後観光バス（株）,"系統310, 系統311・321, 系統2510, 系統2520, 系統4410・4420, 系統3012, 系統3013, 系統3022, 系統3023"
浦佐駅西口,（株）浦佐タクシー,"市民バス　浦佐・五箇コース, 市民バス　後山・辻又コース"
浦佐駅西口,小千谷観光バス（株）,市民バス　三用コース
浦佐駅西口,南越後観光バス（株）,"系統610・620, 系統611, 系統621"
浦佐大橋東詰,南越後観光バス（株）,系統4410・4420
泊入口,頸城自動車（株）,"名立線（労災病院前〜コミュニティプラザ前）, 能生線（能生案内所〜名立車庫前〜労災病院前）"
くるみ家族園前,くびき野バス（株）,増田線
東雲町二丁目西,頸城自動車（株）,"佐内・直江津循環線（佐内入口〜労災病院前〜直江津駅前）, 名立線（労災病院前〜コミュニティプラザ前）, 能生線（能生案内所〜名立車庫前〜労災病院前）"
鈴懸前,小千谷観光バス（株）,市民バス　三用コース
鈴懸前,南越後観光バス（株）,市民バス　大崎コース
木島町,越後交通（株）,"十日町車庫前〜千手〜上沢, 小千谷車庫前〜小千谷総合病院・川西〜十日町車庫前"
浦佐交番前,（株）浦佐タクシー,市民バス　浦佐・五箇コース
浦佐交番前,やまとタクシー（株）,市民バス　薮神コース
大和庁舎入口,南越後観光バス（株）,"系統2510, 系統2520, 系統4410・4420"
東雲町二丁目,頸城自動車（株）,"上越大通り線（上越妙高駅前〜高田駅前〜鵜の浜・雁子浜東）, 直江津・浦川原線（浦川原バスターミナル〜青野十文字〜マルケーバスセンター）, 南川線（労災病院前〜市村・島田〜海洋センター前・頸城中学校前）"
JAみなみ魚沼浦佐支店,（株）浦佐タクシー,市民バス　浦佐・五箇コース
鈴懸南,（株）浦佐タクシー,市民バス　浦佐・五箇コース
吉浦入口,頸城自動車（株）,"名立線（労災病院前〜コミュニティプラザ前）, 能生線（能生案内所〜名立車庫前〜労災病院前）"
轟,南越後観光バス（株）,"系統3012, 系統3013, 系統3020, 系統3022, 系統3023"
五智国分寺表門,頸城自動車（株）,春日山・佐内線（佐内入口・直江津駅前〜春日山下〜中央病院）
五智三丁目,頸城自動車（株）,"教育大学線（上越モール前・中央病院〜教育大学〜直江津駅前）, 謙信公大通り線（直江津ショッピングセンター前〜上越総合病院）, 山麓線（直江津駅前〜医療センター病院〜上越妙高駅前）"
東中島団地入口,くびき野バス（株）,増田線
春日新田五丁目,頸城自動車（株）,富岡線（高田駅前〜謙信公武道館前・富岡〜マルケーバスセンター）
新潟県信用組合,（株）浦佐タクシー,市民バス　浦佐・五箇コース
新潟県信用組合,やまとタクシー（株）,市民バス　薮神コース
新潟県信用組合,小千谷観光バス（株）,市民バス　三用コース
中条小学校前,越後交通（株）,"小千谷車庫前〜岩沢〜十日町車庫前, 小千谷車庫前〜小千谷総合病院〜十日町車庫前, 長岡〜小千谷〜十日町線"
中条小学校前,南越後観光バス（株）,"系統3012, 系統3013, 系統3020, 系統3022, 系統3023"
浦佐大橋東詰,小千谷観光バス（株）,市民バス　三用コース
東雲町一丁目,頸城自動車（株）,"春日山・佐内線（佐内入口・直江津駅前〜春日山下〜中央病院）, 佐内・直江津循環線（佐内入口〜労災病院前〜直江津駅前）"
下源入,頸城自動車（株）,"春日山・佐内線（佐内入口・直江津駅前〜春日山下〜中央病院）, 佐内・直江津循環線（佐内入口〜労災病院前〜直江津駅前）"
青野十文字,くびき野バス（株）,"増田線, 高田・浦川原線"
青野十文字,頸城自動車（株）,直江津・浦川原線（浦川原バスターミナル〜青野十文字〜マルケーバスセンター）
桐油屋,（株）浦佐タクシー,市民バス　浦佐・五箇コース
中才,頸城自動車（株）,"名立線（労災病院前〜コミュニティプラザ前）, 能生線（能生案内所〜名立車庫前〜労災病院前）"
浦佐田町,南越後観光バス（株）,"系統610・620, 系統611, 系統621"
国府一丁目,頸城自動車（株）,謙信公大通り線（直江津ショッピングセンター前〜上越総合病院）
谷浜東,頸城自動車（株）,"桑取線（労災病院前〜有間川〜くわどり湯ったり村）, 名立線（労災病院前〜コミュニティプラザ前）, 能生線（能生案内所〜名立車庫前〜労災病院前）"
沖立入口,越後交通（株）,"十日町車庫前〜千手〜上沢, 小千谷車庫前〜小千谷総合病院・川西〜十日町車庫前"
青野,頸城自動車（株）,直江津・浦川原線（浦川原バスターミナル〜青野十文字〜マルケーバスセンター）
青野,くびき野バス（株）,高田・浦川原線
魚ノ田川入口,南越後観光バス（株）,"系統3012, 系統3013, 系統3020, 系統3022, 系統3023"
下門前入口,頸城自動車（株）,"春日山・佐内線（佐内入口・直江津駅前〜春日山下〜中央病院）, 佐内・直江津循環線（佐内入口〜労災病院前〜直江津駅前）"
池田美術館前,南越後観光バス（株）,系統4410・4420
莇平車庫,十日町市,市営バス　松代地域　莇平線
美守郵便局前,頸城自動車（株）,直江津・浦川原線（浦川原バスターミナル〜青野十文字〜マルケーバスセンター）
美守郵便局前,くびき野バス（株）,高田・浦川原線
鍋ヶ浦,頸城自動車（株）,"名立線（労災病院前〜コミュニティプラザ前）, 能生線（能生案内所〜名立車庫前〜労災病院前）"
有間川駅前,頸城自動車（株）,"名立線（労災病院前〜コミュニティプラザ前）, 能生線（能生案内所〜名立車庫前〜労災病院前）"
末野新田,くびき野バス（株）,高田・浦川原線
末野新田,頸城自動車（株）,直江津・浦川原線（浦川原バスターミナル〜青野十文字〜マルケーバスセンター）
禎島屋,（株）浦佐タクシー,市民バス　浦佐・五箇コース
栄町一・二丁目,頸城自動車（株）,"春日山・佐内線（佐内入口・直江津駅前〜春日山下〜中央病院）, 佐内・直江津循環線（佐内入口〜労災病院前〜直江津駅前）"
愛宕神社前,頸城自動車（株）,春日山・佐内線（佐内入口・直江津駅前〜春日山下〜中央病院）
焼野,南越後観光バス（株）,"系統3012, 系統3013, 系統3020, 系統3022, 系統3023"
丹原,頸城自動車（株）,"名立線（労災病院前〜コミュニティプラザ前）, 能生線（能生案内所〜名立車庫前〜労災病院前）"
神田入口,頸城自動車（株）,直江津・浦川原線（浦川原バスターミナル〜青野十文字〜マルケーバスセンター）
神田入口,くびき野バス（株）,高田・浦川原線
マルケーバスセンター,頸城自動車（株）,"上越大通り線（上越妙高駅前〜高田駅前〜鵜の浜・雁子浜東）, 上越大通り線（福橋東・直江津港〜西城病院前〜中央病院・上越妙高駅前）, 富岡線（高田駅前〜謙信公武道館前・富岡〜マルケーバスセンター）, 佐内・直江津循環線（佐内入口〜労災病院前〜直江津駅前）, 直江津・浦川原線（浦川原バスターミナル〜青野十文字〜マルケーバスセンター）, 上越病院線（直江津駅前〜上越総合病院）"
浦佐福祉の家,小千谷観光バス（株）,市民バス　三用コース
谷浜中央,頸城自動車（株）,"桑取線（労災病院前〜有間川〜くわどり湯ったり村）, 名立線（労災病院前〜コミュニティプラザ前）, 能生線（能生案内所〜名立車庫前〜労災病院前）"
茗荷沢新田,やまとタクシー（株）,市民バス　赤石コース
茗荷沢新田,南越後観光バス（株）,"系統2510, 系統2520"
新有間川,頸城自動車（株）,"名立線（労災病院前〜コミュニティプラザ前）, 能生線（能生案内所〜名立車庫前〜労災病院前）"
後山下,（株）浦佐タクシー,市民バス　後山・辻又コース
JA東支店,やまとタクシー（株）,市民バス　赤石コース
茗荷沢農協前,南越後観光バス（株）,"系統2510, 系統2520, 系統4410・4420"
末野東,頸城自動車（株）,直江津・浦川原線（浦川原バスターミナル〜青野十文字〜マルケーバスセンター）
末野東,くびき野バス（株）,高田・浦川原線
国府別院前,頸城自動車（株）,"春日山・佐内線（佐内入口・直江津駅前〜春日山下〜中央病院）, 謙信公大通り線（直江津ショッピングセンター前〜上越総合病院）"
うみてらす名立前,上越市,東飛山線
うみてらす名立前,頸城自動車（株）,"名立線（労災病院前〜コミュニティプラザ前）, 能生線（能生案内所〜名立車庫前〜労災病院前）"
川西支所,十日町市,市営バス　川西地域　仙田線
下門前,頸城自動車（株）,富岡線（高田駅前〜謙信公武道館前・富岡〜マルケーバスセンター）
中島,くびき野バス（株）,増田線
飛渡第一小学校前,南越後観光バス（株）,"系統3012, 系統3013, 系統3020, 系統3022, 系統3023"
有間川橋,頸城自動車（株）,桑取線（労災病院前〜有間川〜くわどり湯ったり村）
保倉川橋,頸城自動車（株）,直江津・浦川原線（浦川原バスターミナル〜青野十文字〜マルケーバスセンター）
保倉川橋,くびき野バス（株）,高田・浦川原線
川西支所前,越後交通（株）,"十日町車庫前〜千手〜上沢, 小千谷車庫前〜小千谷総合病院・川西〜十日町車庫前"
コミュニティプラザ前,上越市,東飛山線
コミュニティプラザ前,頸城自動車（株）,名立線（労災病院前〜コミュニティプラザ前）
谷浜駅前,頸城自動車（株）,"桑取線（労災病院前〜有間川〜くわどり湯ったり村）, 名立線（労災病院前〜コミュニティプラザ前）, 能生線（能生案内所〜名立車庫前〜労災病院前）"
大和庁舎,（株）浦佐タクシー,市民バス　浦佐・五箇コース
長浜中,頸城自動車（株）,"桑取線（労災病院前〜有間川〜くわどり湯ったり村）, 名立線（労災病院前〜コミュニティプラザ前）, 能生線（能生案内所〜名立車庫前〜労災病院前）"
中条,越後交通（株）,"小千谷車庫前〜岩沢〜十日町車庫前, 小千谷車庫前〜小千谷総合病院〜十日町車庫前, 長岡〜小千谷〜十日町線"
中条,南越後観光バス（株）,"系統3012, 系統3013, 系統3020, 系統3022, 系統3023"
長浜東,頸城自動車（株）,"桑取線（労災病院前〜有間川〜くわどり湯ったり村）, 名立線（労災病院前〜コミュニティプラザ前）, 能生線（能生案内所〜名立車庫前〜労災病院前）"
清水,十日町市,市営バス　松代地域　桐山線
谷浜西,頸城自動車（株）,"桑取線（労災病院前〜有間川〜くわどり湯ったり村）, 名立線（労災病院前〜コミュニティプラザ前）, 能生線（能生案内所〜名立車庫前〜労災病院前）"
長浜西,頸城自動車（株）,"桑取線（労災病院前〜有間川〜くわどり湯ったり村）, 名立線（労災病院前〜コミュニティプラザ前）, 能生線（能生案内所〜名立車庫前〜労災病院前）"
ゆあみ,東頸バス（株）,大平線
八色原三叉路,南越後観光バス（株）,系統4410・4420
浦佐屋,（株）浦佐タクシー,市民バス　浦佐・五箇コース
浦川原体育館前,頸城自動車（株）,直江津・浦川原線（浦川原バスターミナル〜青野十文字〜マルケーバスセンター）
浦川原体育館前,くびき野バス（株）,高田・浦川原線
国府四丁目,頸城自動車（株）,"教育大学線（上越モール前・中央病院〜教育大学〜直江津駅前）, 山麓線（直江津駅前〜医療センター病院〜上越妙高駅前）"
国府新町,頸城自動車（株）,"春日山・佐内線（佐内入口・直江津駅前〜春日山下〜中央病院）, 謙信公大通り線（直江津ショッピングセンター前〜上越総合病院）"
黒岩商店,やまとタクシー（株）,市民バス　赤石コース
国際情報高校入口,南越後観光バス（株）,市民バス　大崎コース
茗荷沢,南越後観光バス（株）,"系統2510, 系統2520, 系統4410・4420"
飯室,くびき野バス（株）,高田・浦川原線
飯室,頸城自動車（株）,直江津・浦川原線（浦川原バスターミナル〜青野十文字〜マルケーバスセンター）
千原上,くびき野バス（株）,増田線
中条中学校前,越後交通（株）,"小千谷車庫前〜岩沢〜十日町車庫前, 小千谷車庫前〜小千谷総合病院〜十日町車庫前, 長岡〜小千谷〜十日町線"
中条中学校前,南越後観光バス（株）,"系統3012, 系統3013, 系統3020, 系統3022, 系統3023"
日向,頸城自動車（株）,直江津・浦川原線（浦川原バスターミナル〜青野十文字〜マルケーバスセンター）
日向,くびき野バス（株）,高田・浦川原線
有間川上,頸城自動車（株）,桑取線（労災病院前〜有間川〜くわどり湯ったり村）
横川,頸城自動車（株）,直江津・浦川原線（浦川原バスターミナル〜青野十文字〜マルケーバスセンター）
横川,くびき野バス（株）,高田・浦川原線
後山中,（株）浦佐タクシー,市民バス　後山・辻又コース
小谷島（新潟県）,東頸バス（株）,大平線
名立区総合事務所前,上越市,東飛山線
宝台寺,東頸バス（株）,大平線
長者島,上越市,旭線
長者島,東頸バス（株）,大平線
下村,南越後観光バス（株）,"系統3012, 系統3013, 系統3020, 系統3022, 系統3023"
山印内,頸城自動車（株）,直江津・浦川原線（浦川原バスターミナル〜青野十文字〜マルケーバスセンター）
山印内,くびき野バス（株）,高田・浦川原線
浦佐スキー場,南越後観光バス（株）,"系統610・620, 系統611, 系統621"
小脇,十日町市,市営バス　松代地域　伊沢田沢線
印内,頸城自動車（株）,直江津・浦川原線（浦川原バスターミナル〜青野十文字〜マルケーバスセンター）
印内,くびき野バス（株）,高田・浦川原線
下門前中,頸城自動車（株）,富岡線（高田駅前〜謙信公武道館前・富岡〜マルケーバスセンター）
浦川原小学校前,東頸バス（株）,大平線
浦川原小学校前,頸城自動車（株）,直江津・浦川原線（浦川原バスターミナル〜青野十文字〜マルケーバスセンター）
区総合事務所,東頸バス（株）,"安塚線, 大平線"
浦川原区総合事務所前,東頸バス（株）,"安塚線, 大平線"
下猪子田,東頸バス（株）,大平線
浦川原小学校入口,頸城自動車（株）,直江津・浦川原線（浦川原バスターミナル〜青野十文字〜マルケーバスセンター）
浦川原小学校入口,くびき野バス（株）,高田・浦川原線
中猪子田,東頸バス（株）,大平線
発電所通り,越後交通（株）,小千谷車庫前〜小千谷総合病院・川西〜十日町車庫前
釜渕西,東頸バス（株）,"安塚線, 大平線"
山崎（上越市）,東頸バス（株）,大平線
青空市場前,東頸バス（株）,大平線
うらがわら駅前,くびき野バス（株）,高田・浦川原線
うらがわら駅前,東頸バス（株）,"安塚線, 大平線"
うらがわら駅前,頸城自動車（株）,直江津・浦川原線（浦川原バスターミナル〜青野十文字〜マルケーバスセンター）
大平西（新潟県）,東頸バス（株）,大平線
山野田,越後交通（株）,十日町車庫前〜千手〜上沢
JA浦川原支店,東頸バス（株）,"安塚線, 大平線"
教育プラザ前,頸城自動車（株）,"富岡線（高田駅前〜謙信公武道館前・富岡〜マルケーバスセンター）, 謙信公大通り循環線（春日山駅前〜上越総合病院〜春日山駅前）"
下門前南,頸城自動車（株）,謙信公大通り循環線（春日山駅前〜上越総合病院〜春日山駅前）
浦川原バスターミナル,くびき野バス（株）,高田・浦川原線
浦川原バスターミナル,東頸バス（株）,"安塚線, 大平線"
浦川原バスターミナル,頸城自動車（株）,直江津・浦川原線（浦川原バスターミナル〜青野十文字〜マルケーバスセンター）
会沢南・会沢北,十日町市,市営バス　松代地域　桐山線
虫川東,東頸バス（株）,大平線
後山上,（株）浦佐タクシー,市民バス　後山・辻又コース
後山,南越後観光バス（株）,"系統3012, 系統3013, 系統3020, 系統3022, 系統3023"
石橋,頸城自動車（株）,"上越大通り線（上越妙高駅前〜高田駅前〜鵜の浜・雁子浜東）, 上越大通り線（福橋東・直江津港〜西城病院前〜中央病院・上越妙高駅前）, 上越病院線（直江津駅前〜上越総合病院）"
北里学院前,南越後観光バス（株）,系統4410・4420
大平中（新潟県）,東頸バス（株）,大平線
新水,南越後観光バス（株）,"系統3012, 系統3013, 系統3020, 系統3022, 系統3023"
虫川,東頸バス（株）,"安塚線, 大平線"
奥只見ダム,南越後観光バス（株）,"系統310, 系統311・321"
釜渕東,東頸バス（株）,"安塚線, 大平線"
国府新町上,頸城自動車（株）,"春日山・佐内線（佐内入口・直江津駅前〜春日山下〜中央病院）, 謙信公大通り線（直江津ショッピングセンター前〜上越総合病院）"
西戸野,頸城自動車（株）,桑取線（労災病院前〜有間川〜くわどり湯ったり村）
浦佐八色,南越後観光バス（株）,市民バス　大崎コース
沖柳,くびき野バス（株）,高田・浦川原線
上越消防署前,頸城自動車（株）,謙信公大通り循環線（春日山駅前〜上越総合病院〜春日山駅前）
名立駅前,上越市,東飛山線
市の江入口,南越後観光バス（株）,"系統610・620, 系統611, 系統621"
千手入口,越後交通（株）,十日町車庫前〜千手〜上沢
大平（新潟県）,東頸バス（株）,大平線
克雪センター,南越後観光バス（株）,"系統3012, 系統3013, 系統3020, 系統3022, 系統3023"
市野江,やまとタクシー（株）,市民バス　薮神コース
大平中,上越市,旭線
名立中学校前,上越市,東飛山線
太子堂,越後交通（株）,"小千谷車庫前〜岩沢〜十日町車庫前, 小千谷車庫前〜小千谷総合病院〜十日町車庫前, 長岡〜小千谷〜十日町線"
太子堂,南越後観光バス（株）,"系統3012, 系統3013, 系統3020, 系統3022, 系統3023"
虫川大杉駅前,東頸バス（株）,"安塚線, 大平線"
伊豆殿団地,頸城自動車（株）,"春日山・佐内線（佐内入口・直江津駅前〜春日山下〜中央病院）, 謙信公大通り線（直江津ショッピングセンター前〜上越総合病院）"
中門前,頸城自動車（株）,"教育大学線（上越モール前・中央病院〜教育大学〜直江津駅前）, 山麓線（直江津駅前〜医療センター病院〜上越妙高駅前）"
蟹池,頸城自動車（株）,"富岡線（高田駅前〜謙信公武道館前・富岡〜マルケーバスセンター）, 謙信公大通り循環線（春日山駅前〜上越総合病院〜春日山駅前）"
大島コミュニティプラザ前,東頸バス（株）,大平線
寺田,十日町市,市営バス　松代地域　儀明線
えび島集落センター,南越後観光バス（株）,市民バス　大崎コース
総合事務所前,上越市,"旭線, 菖蒲線"
荒金入口,南越後観光バス（株）,"系統2510, 系統2520, 系統4410・4420"
菅沼,南越後観光バス（株）,"系統3012, 系統3013, 系統3020, 系統3022, 系統3023"
大杉入口,東頸バス（株）,"安塚線, 大平線"
芹田集会所,やまとタクシー（株）,市民バス　薮神コース
新光町,頸城自動車（株）,"上越大通り線（上越妙高駅前〜高田駅前〜鵜の浜・雁子浜東）, 上越大通り線（福橋東・直江津港〜西城病院前〜中央病院・上越妙高駅前）, 上越病院線（直江津駅前〜上越総合病院）"
リージョンプラザ,頸城自動車（株）,"富岡線（高田駅前〜謙信公武道館前・富岡〜マルケーバスセンター）, 謙信公大通り循環線（春日山駅前〜上越総合病院〜春日山駅前）, アルカディアシャトル便（春日山駅前〜上越総合病院）"
小学校,上越市,"旭線, 菖蒲線"
さとこ美容室下十字路,やまとタクシー（株）,市民バス　薮神コース
荒金,やまとタクシー（株）,市民バス　赤石コース
ものがたり館入口,頸城自動車（株）,"春日山・佐内線（佐内入口・直江津駅前〜春日山下〜中央病院）, 謙信公大通り線（直江津ショッピングセンター前〜上越総合病院）"
西戸野南,頸城自動車（株）,桑取線（労災病院前〜有間川〜くわどり湯ったり村）
八色原センター,南越後観光バス（株）,市民バス　大崎コース
本郷,くびき野バス（株）,高田・浦川原線
黒土新田・戸田ストアー,やまとタクシー（株）,市民バス　赤石コース
黒土新田中央,南越後観光バス（株）,系統4410・4420
尾崎,越後交通（株）,"小千谷車庫前〜岩沢〜十日町車庫前, 小千谷車庫前〜小千谷総合病院〜十日町車庫前, 長岡〜小千谷〜十日町線"
尾崎,南越後観光バス（株）,"系統3012, 系統3013, 系統3020, 系統3022, 系統3023"
稲葉入口,越後交通（株）,十日町車庫前〜千手〜上沢
春日野一丁目,頸城自動車（株）,"教育大学線（上越モール前・中央病院〜教育大学〜直江津駅前）, 山麓線（直江津駅前〜医療センター病院〜上越妙高駅前）"
仙納,十日町市,市営バス　松代地域　莇平線
細越,上越市,"旭線, 菖蒲線"
枯木又入口,南越後観光バス（株）,"系統3012, 系統3013, 系統3020, 系統3022, 系統3023"
芝峠温泉・雲海,十日町市,市営バス　松代地域　桐山線
大倉入口,南越後観光バス（株）,"系統2510, 系統2520"
中小路消防小屋前,やまとタクシー（株）,市民バス　薮神コース
アルカディアシティ,頸城自動車（株）,アルカディアシャトル便（春日山駅前〜上越総合病院）
藤野（イオン入口）,頸城自動車（株）,"富岡線（高田駅前〜謙信公武道館前・富岡〜マルケーバスセンター）, 謙信公大通り循環線（春日山駅前〜上越総合病院〜春日山駅前）, アルカディアシャトル便（春日山駅前〜上越総合病院）"
岩屋堂,上越市,東飛山線
担い手センター上十字路,やまとタクシー（株）,市民バス　薮神コース
堂島,やまとタクシー（株）,市民バス　赤石コース
一村尾担い手センター,（株）浦佐タクシー,市民バス　後山・辻又コース
上越市役所入口,頸城自動車（株）,"上越大通り線（上越妙高駅前〜高田駅前〜鵜の浜・雁子浜東）, 上越大通り線（福橋東・直江津港〜西城病院前〜中央病院・上越妙高駅前）, 上越病院線（直江津駅前〜上越総合病院）"
春日中学校前,頸城自動車（株）,謙信公大通り循環線（春日山駅前〜上越総合病院〜春日山駅前）
合同庁舎前,頸城自動車（株）,"謙信公大通り循環線（春日山駅前〜上越総合病院〜春日山駅前）, 謙信公大通り線（直江津ショッピングセンター前〜上越総合病院）"
文化会館前,頸城自動車（株）,"謙信公大通り循環線（春日山駅前〜上越総合病院〜春日山駅前）, 謙信公大通り線（直江津ショッピングセンター前〜上越総合病院）"
林泉寺入口東,頸城自動車（株）,"謙信公大通り循環線（春日山駅前〜上越総合病院〜春日山駅前）, 謙信公大通り線（直江津ショッピングセンター前〜上越総合病院）"
春日山公園前,頸城自動車（株）,謙信公大通り循環線（春日山駅前〜上越総合病院〜春日山駅前）
苧島,十日町市,市営バス　松代地域　伊沢田沢線
上越総合病院,頸城自動車（株）,"富岡線（高田駅前〜謙信公武道館前・富岡〜マルケーバスセンター）, 謙信公大通り循環線（春日山駅前〜上越総合病院〜春日山駅前）, 上越病院線（直江津駅前〜上越総合病院）, アルカディアシャトル便（春日山駅前〜上越総合病院）, 謙信公大通り線（直江津ショッピングセンター前〜上越総合病院）"
林泉寺入口,頸城自動車（株）,"春日山・佐内線（佐内入口・直江津駅前〜春日山下〜中央病院）, 謙信公大通り循環線（春日山駅前〜上越総合病院〜春日山駅前）"
薮神中央,南越後観光バス（株）,"系統610・620, 系統611, 系統621"
謙信公大橋西詰,頸城自動車（株）,"謙信公大通り循環線（春日山駅前〜上越総合病院〜春日山駅前）, 上越病院線（直江津駅前〜上越総合病院）, アルカディアシャトル便（春日山駅前〜上越総合病院）, 謙信公大通り線（直江津ショッピングセンター前〜上越総合病院）"
横曽根,くびき野バス（株）,増田線
桐沢センター,やまとタクシー（株）,市民バス　赤石コース
島入口,やまとタクシー（株）,市民バス　赤石コース
あるるん畑前,頸城自動車（株）,"謙信公大通り循環線（春日山駅前〜上越総合病院〜春日山駅前）, 上越病院線（直江津駅前〜上越総合病院）, アルカディアシャトル便（春日山駅前〜上越総合病院）, 謙信公大通り線（直江津ショッピングセンター前〜上越総合病院）"
黒土,やまとタクシー（株）,市民バス　赤石コース
中子,十日町市,市営バス　松代地域　伊沢田沢線
荒山センター,やまとタクシー（株）,市民バス　赤石コース
四日町,越後交通（株）,"小千谷車庫前〜岩沢〜十日町車庫前, 小千谷車庫前〜小千谷総合病院〜十日町車庫前, 長岡〜小千谷〜十日町線"
四日町,南越後観光バス（株）,"系統3012, 系統3013, 系統3020, 系統3022, 系統3023"
市役所,頸城自動車（株）,"上越大通り線（上越妙高駅前〜高田駅前〜鵜の浜・雁子浜東）, 謙信公大通り循環線（春日山駅前〜上越総合病院〜春日山駅前）"
富岡北,頸城自動車（株）,"富岡線（高田駅前〜謙信公武道館前・富岡〜マルケーバスセンター）, 謙信公大通り循環線（春日山駅前〜上越総合病院〜春日山駅前）, アルカディアシャトル便（春日山駅前〜上越総合病院）"
大豆,頸城自動車（株）,"教育大学線（上越モール前・中央病院〜教育大学〜直江津駅前）, 春日山・佐内線（佐内入口・直江津駅前〜春日山下〜中央病院）, 謙信公大通り循環線（春日山駅前〜上越総合病院〜春日山駅前）"
春日山駅前,頸城自動車（株）,"春日山・佐内線（佐内入口・直江津駅前〜春日山下〜中央病院）, 謙信公大通り循環線（春日山駅前〜上越総合病院〜春日山駅前）, アルカディアシャトル便（春日山駅前〜上越総合病院）"
滝沢,十日町市,市営バス　松代地域　伊沢田沢線
春日小学校前,頸城自動車（株）,教育大学線（上越モール前・中央病院〜教育大学〜直江津駅前）
海士ケ島,南越後観光バス（株）,市民バス　大崎コース
吉田山谷,南越後観光バス（株）,"系統3211, 系統3212, 系統3213, 系統3214, 系統3220, 系統3221, 系統3222, 系統3224"
JA薮神支店,やまとタクシー（株）,市民バス　薮神コース
田野倉消防小屋,十日町市,市営バス　松代地域　莇平線
石橋入口,越後交通（株）,十日町車庫前〜千手〜上沢
石橋入口,南越後観光バス（株）,"系統3211, 系統3212, 系統3213, 系統3214, 系統3220, 系統3221, 系統3222, 系統3224"
袖山入口,東頸バス（株）,安塚線
大菅,上越市,東飛山線
ほくほく大島駅前,上越市,"旭線, 菖蒲線"
春日山町三丁目北,頸城自動車（株）,山麓線（直江津駅前〜医療センター病院〜上越妙高駅前）
石橋,南越後観光バス（株）,"系統3211, 系統3212, 系統3213, 系統3214, 系統3220, 系統3221, 系統3222, 系統3224"
船ケ沢新田,やまとタクシー（株）,市民バス　赤石コース
四日町新田,越後交通（株）,"小千谷車庫前〜岩沢〜十日町車庫前, 小千谷車庫前〜小千谷総合病院〜十日町車庫前, 長岡〜小千谷〜十日町線"
四日町新田,南越後観光バス（株）,"系統3012, 系統3013, 系統3020, 系統3022, 系統3023"
大倉下口,やまとタクシー（株）,市民バス　赤石コース
高住,頸城自動車（株）,桑取線（労災病院前〜有間川〜くわどり湯ったり村）
富岡西,頸城自動車（株）,"謙信公大通り循環線（春日山駅前〜上越総合病院〜春日山駅前）, アルカディアシャトル便（春日山駅前〜上越総合病院）"
蓬平,十日町市,市営バス　松代地域　桐山線
富岡十字路,頸城自動車（株）,富岡線（高田駅前〜謙信公武道館前・富岡〜マルケーバスセンター）
木田,頸城自動車（株）,"上越大通り線（上越妙高駅前〜高田駅前〜鵜の浜・雁子浜東）, 上越大通り線（福橋東・直江津港〜西城病院前〜中央病院・上越妙高駅前）"
せせらぎ,やまとタクシー（株）,市民バス　赤石コース
春日山町三丁目中,頸城自動車（株）,山麓線（直江津駅前〜医療センター病院〜上越妙高駅前）
まほろば入口T字路,やまとタクシー（株）,市民バス　薮神コース
中屋敷,頸城自動車（株）,"教育大学線（上越モール前・中央病院〜教育大学〜直江津駅前）, 春日山・佐内線（佐内入口・直江津駅前〜春日山下〜中央病院）, 謙信公大通り循環線（春日山駅前〜上越総合病院〜春日山駅前）"
深沢,上越市,"旭線, 菖蒲線"
春日山駅入口,頸城自動車（株）,春日山・佐内線（佐内入口・直江津駅前〜春日山下〜中央病院）
春日山団地,頸城自動車（株）,"春日山・佐内線（佐内入口・直江津駅前〜春日山下〜中央病院）, 謙信公大通り循環線（春日山駅前〜上越総合病院〜春日山駅前）"
荒屋,くびき野バス（株）,増田線
上正善寺東,くびき野バス（株）,正善寺線
上正善寺,くびき野バス（株）,正善寺線
寺分入口,頸城自動車（株）,"春日山・佐内線（佐内入口・直江津駅前〜春日山下〜中央病院）, 謙信公大通り循環線（春日山駅前〜上越総合病院〜春日山駅前）"
宝田小学校前,上越市,東飛山線
徳合崎,頸城自動車（株）,能生線（能生案内所〜名立車庫前〜労災病院前）
徳合崎,糸魚川バス（株）,16　仙納線
春日山下,頸城自動車（株）,"春日山・佐内線（佐内入口・直江津駅前〜春日山下〜中央病院）, 謙信公大通り循環線（春日山駅前〜上越総合病院〜春日山駅前）"
上正善寺西,くびき野バス（株）,正善寺線
高住上,頸城自動車（株）,桑取線（労災病院前〜有間川〜くわどり湯ったり村）
小泉,南越後観光バス（株）,"系統3211, 系統3212, 系統3213, 系統3214, 系統3220, 系統3221, 系統3222, 系統3224"
松崎（上越市）,東頸バス（株）,安塚線
富岡中央,頸城自動車（株）,富岡線（高田駅前〜謙信公武道館前・富岡〜マルケーバスセンター）
原入口（南魚沼市）,南越後観光バス（株）,"系統2510, 系統2520"
春日山下南,頸城自動車（株）,教育大学線（上越モール前・中央病院〜教育大学〜直江津駅前）
薮神上口,南越後観光バス（株）,"系統610・620, 系統611, 系統621"
名木沢センター,やまとタクシー（株）,市民バス　薮神コース
菅刈,十日町市,市営バス　松代地域　犬伏菅刈線
片桐山,十日町市,市営バス　松代地域　伊沢田沢線
カトレアハイツ前,南越後観光バス（株）,市民バス　大崎コース
春日山町三丁目南,頸城自動車（株）,山麓線（直江津駅前〜医療センター病院〜上越妙高駅前）
原信前,越後交通（株）,"小千谷車庫前〜小千谷総合病院・川西〜十日町車庫前, 長岡〜小千谷〜十日町線"
久田,やまとタクシー（株）,市民バス　薮神コース
名平T字路,十日町市,市営バス　松代地域　儀明線
名平,十日町市,市営バス　松代地域　儀明線
広田,くびき野バス（株）,真砂線
十日町車庫前,越後交通（株）,"十日町車庫前〜千手〜上沢, 小千谷車庫前〜岩沢〜十日町車庫前, 小千谷車庫前〜小千谷総合病院〜十日町車庫前, 小千谷車庫前〜小千谷総合病院・川西〜十日町車庫前, 長岡〜小千谷〜十日町線"
十日町車庫前,南越後観光バス（株）,"系統1810, 系統1811, 系統1812, 系統1820, 系統1821, 系統1822, 系統3012, 系統3013, 系統3020, 系統3022, 系統3023, 系統3211, 系統3212, 系統3213, 系統3214, 系統3215, 系統3216, 系統3220, 系統3221, 系統3222, 系統3224"
孟地,十日町市,市営バス　松代地域　伊沢田沢線
田野倉バス停,十日町市,市営バス　松代地域　莇平線
板尾入口,東頸バス（株）,安塚線
十日町本町7丁目,越後交通（株）,"小千谷車庫前〜岩沢〜十日町車庫前, 小千谷車庫前〜小千谷総合病院〜十日町車庫前, 長岡〜小千谷〜十日町線"
本町7丁目,南越後観光バス（株）,"系統3012, 系統3013, 系統3020, 系統3022, 系統3023"
高志小学校入口,頸城自動車（株）,"上越大通り線（上越妙高駅前〜高田駅前〜鵜の浜・雁子浜東）, 上越大通り線（福橋東・直江津港〜西城病院前〜中央病院・上越妙高駅前）"
上越保健所前,頸城自動車（株）,春日山・佐内線（佐内入口・直江津駅前〜春日山下〜中央病院）
下綱子,頸城自動車（株）,桑取線（労災病院前〜有間川〜くわどり湯ったり村）
穴地新田,南越後観光バス（株）,"系統2510, 系統2520, 市民バス　大崎コース"
富岡小学校前,頸城自動車（株）,富岡線（高田駅前〜謙信公武道館前・富岡〜マルケーバスセンター）
儀明,十日町市,市営バス　松代地域　儀明線
中学校入口,上越市,"旭線, 菖蒲線"
真砂寺前,くびき野バス（株）,真砂線
浅河原,東頸バス（株）,十日町線
浅河原,越後交通（株）,十日町車庫前〜千手〜上沢
浅河原,南越後観光バス（株）,"系統3211, 系統3212, 系統3213, 系統3214, 系統3215, 系統3216, 系統3220, 系統3221, 系統3222, 系統3224"
駒林入口,くびき野バス（株）,真砂線
総合体育館前（十日町）,越後交通（株）,"小千谷車庫前〜岩沢〜十日町車庫前, 小千谷車庫前〜小千谷総合病院〜十日町車庫前, 長岡〜小千谷〜十日町線"
総合体育館前,南越後観光バス（株）,"系統3012, 系統3013, 系統3020, 系統3022, 系統3023, 系統3215, 系統3216"
吉田中学校前,南越後観光バス（株）,"系統3211, 系統3212, 系統3213, 系統3214, 系統3220, 系統3221, 系統3222, 系統3224"
諏訪局前,くびき野バス（株）,真砂線
錦,くびき野バス（株）,"真砂線, 高田・浦川原線"
田沢（新潟県）,東頸バス（株）,十日町線
小橋,くびき野バス（株）,真砂線
谷口,上越市,東飛山線
藤新田東,頸城自動車（株）,春日山・佐内線（佐内入口・直江津駅前〜春日山下〜中央病院）
諏訪小学校前,くびき野バス（株）,真砂線
西浅河原,東頸バス（株）,十日町線
西浅河原,南越後観光バス（株）,"系統3211, 系統3212, 系統3213, 系統3214, 系統3220, 系統3221, 系統3222, 系統3224"
木田新田二丁目,頸城自動車（株）,春日山・佐内線（佐内入口・直江津駅前〜春日山下〜中央病院）
クロステン十日町,越後交通（株）,"十日町車庫前〜千手〜上沢, 小千谷車庫前〜小千谷総合病院・川西〜十日町車庫前"
クロステン十日町前,南越後観光バス（株）,"系統1810, 系統1811, 系統1812, 系統1820, 系統1821, 系統1822, 系統3211, 系統3212, 系統3213, 系統3214, 系統3220, 系統3221, 系統3222, 系統3224"
岩木団地,頸城自動車（株）,教育大学線（上越モール前・中央病院〜教育大学〜直江津駅前）
クロステン,十日町市,市営バス　十日町地域　六箇線
湯咲荘前,南越後観光バス（株）,市民バス　大崎コース
中正善寺,くびき野バス（株）,正善寺線
袋入口,糸魚川バス（株）,16　仙納線
太平（十日町市）,東頸バス（株）,十日町線
北田中入口,くびき野バス（株）,真砂線
九日町神社,やまとタクシー（株）,市民バス　薮神コース
西山寺,頸城自動車（株）,桑取線（労災病院前〜有間川〜くわどり湯ったり村）
藤新田,頸城自動車（株）,山麓線（直江津駅前〜医療センター病院〜上越妙高駅前）
松代田沢,十日町市,市営バス　松代地域　伊沢田沢線
米町,くびき野バス（株）,真砂線
土堰堤,東頸バス（株）,十日町線
中村新田,頸城自動車（株）,富岡線（高田駅前〜謙信公武道館前・富岡〜マルケーバスセンター）
上達,上越市,"旭線, 菖蒲線"
湯の尻（新潟県）,東頸バス（株）,安塚線
樽沢,東頸バス（株）,十日町線
十日町本町6丁目,越後交通（株）,"十日町車庫前〜千手〜上沢, 小千谷車庫前〜岩沢〜十日町車庫前, 小千谷車庫前〜小千谷総合病院〜十日町車庫前, 小千谷車庫前〜小千谷総合病院・川西〜十日町車庫前, 長岡〜小千谷〜十日町線"
本町6丁目,南越後観光バス（株）,"系統1810, 系統1811, 系統1812, 系統1820, 系統1821, 系統1822, 系統3012, 系統3013, 系統3020, 系統3022, 系統3023, 系統3211, 系統3212, 系統3213, 系統3214, 系統3220, 系統3221, 系統3222, 系統3224"
穴地,南越後観光バス（株）,市民バス　大崎コース
木田新田,頸城自動車（株）,春日山・佐内線（佐内入口・直江津駅前〜春日山下〜中央病院）
三和体育館前,くびき野バス（株）,真砂線
西山寺上,頸城自動車（株）,桑取線（労災病院前〜有間川〜くわどり湯ったり村）
穴地入口,南越後観光バス（株）,"系統2510, 系統2520"
妻有ショッピングセンター前,越後交通（株）,"小千谷車庫前〜小千谷総合病院・川西〜十日町車庫前, 長岡〜小千谷〜十日町線"
柳林,くびき野バス（株）,高田・浦川原線
諏訪,くびき野バス（株）,真砂線
市野江,くびき野バス（株）,増田線
高田町六丁目,東頸バス（株）,十日町線
蒲生,十日町市,市営バス　松代地域　儀明線
十日町駅西口入口,越後交通（株）,"小千谷車庫前〜岩沢〜十日町車庫前, 小千谷車庫前〜小千谷総合病院〜十日町車庫前, 長岡〜小千谷〜十日町線"
十日町駅西口入口,南越後観光バス（株）,"系統3012, 系統3013, 系統3020, 系統3022, 系統3023, 系統3215, 系統3216"
米山美容室,やまとタクシー（株）,市民バス　薮神コース
哺木の間,頸城自動車（株）,能生線（能生案内所〜名立車庫前〜労災病院前）
哺木の間,糸魚川バス（株）,16　仙納線
十日町本町5丁目,越後交通（株）,"十日町車庫前〜千手〜上沢, 小千谷車庫前〜岩沢〜十日町車庫前, 小千谷車庫前〜小千谷総合病院〜十日町車庫前, 小千谷車庫前〜小千谷総合病院・川西〜十日町車庫前, 長岡〜小千谷〜十日町線"
本町5丁目,南越後観光バス（株）,"系統1810, 系統1811, 系統1812, 系統1820, 系統1821, 系統1822, 系統3012, 系統3013, 系統3020, 系統3022, 系統3023, 系統3211, 系統3212, 系統3213, 系統3214, 系統3220, 系統3221, 系統3222, 系統3224"
まつだい保育園,十日町市,"市営バス　松代地域　儀明線, 市営バス　松代地域　峠線（星峠・竹所・木和田原線）, 市営バス　松代地域　莇平線, 市営バス　松代地域　伊沢田沢線, 市営バス　松代地域　桐山線, 市営バス　松代地域　犬伏菅刈線"
高田町6丁目,越後交通（株）,十日町車庫前〜千手〜上沢
高田町6丁目,南越後観光バス（株）,"系統3213, 系統3215, 系統3216, 系統3220"
徳合,糸魚川バス（株）,16　仙納線
西岩木,頸城自動車（株）,教育大学線（上越モール前・中央病院〜教育大学〜直江津駅前）
犬伏（新潟県）,東頸バス（株）,十日町線
犬伏,十日町市,市営バス　松代地域　犬伏菅刈線
JA吉田支店前,東頸バス（株）,十日町線
JA吉田支店前,南越後観光バス（株）,"系統3211, 系統3212, 系統3214, 系統3221, 系統3222, 系統3224"
松代高校前,東頸バス（株）,十日町線
高校前,十日町市,市営バス　松代地域　伊沢田沢線
藤巻入口,頸城自動車（株）,"上越大通り線（上越妙高駅前〜高田駅前〜鵜の浜・雁子浜東）, 上越大通り線（福橋東・直江津港〜西城病院前〜中央病院・上越妙高駅前）, 教育大学線（上越モール前・中央病院〜教育大学〜直江津駅前）"
白光岩,南越後観光バス（株）,系統311・321
安塚高校前,東頸バス（株）,安塚線
十日町駅東口,十日町市,市営バス　十日町地域　六箇線
教育大学東,頸城自動車（株）,山麓線（直江津駅前〜医療センター病院〜上越妙高駅前）
JA松代支店,十日町市,市営バス　松代地域　桐山線
十日町駅前,東頸バス（株）,十日町線
十日町駅前,越後交通（株）,"十日町車庫前〜千手〜上沢, 小千谷車庫前〜小千谷総合病院・川西〜十日町車庫前"
十日町駅前,南越後観光バス（株）,"系統1810, 系統1811, 系統1812, 系統3211, 系統3212, 系統3213, 系統3214"
松代東,東頸バス（株）,"浦田線, 十日町線"
柳古新田,南越後観光バス（株）,市民バス　大崎コース
中徳合,糸魚川バス（株）,16　仙納線
病院入口（新潟県）,東頸バス（株）,"浦田線, 十日町線"
猫道入口,やまとタクシー（株）,市民バス　薮神コース
猫道入口,南越後観光バス（株）,"系統610・620, 系統611, 系統621"
松代病院,十日町市,"市営バス　松代地域　儀明線, 市営バス　松代地域　峠線（星峠・竹所・木和田原線）, 市営バス　松代地域　南部線, 市営バス　松代地域　莇平線, 市営バス　松代地域　伊沢田沢線, 市営バス　松代地域　桐山線"
大日,頸城自動車（株）,富岡線（高田駅前〜謙信公武道館前・富岡〜マルケーバスセンター）
松代中央,東頸バス（株）,"浦田線, 十日町線"
本町4丁目,南越後観光バス（株）,"系統1820, 系統1821, 系統1822, 系統3012, 系統3013, 系統3220, 系統3221, 系統3222, 系統3224"
十日町本町4丁目,越後交通（株）,"十日町車庫前〜千手〜上沢, 小千谷車庫前〜岩沢〜十日町車庫前, 小千谷車庫前〜小千谷総合病院〜十日町車庫前, 小千谷車庫前〜小千谷総合病院・川西〜十日町車庫前, 長岡〜小千谷〜十日町線"
銀山平舟付場,南越後観光バス（株）,系統311・321
藤巻,頸城自動車（株）,"教育大学線（上越モール前・中央病院〜教育大学〜直江津駅前）, 春日山・佐内線（佐内入口・直江津駅前〜春日山下〜中央病院）"
見張所前,南越後観光バス（株）,"系統3211, 系統3212, 系統3213, 系統3214, 系統3215, 系統3216, 系統3220, 系統3221, 系統3222, 系統3224"
岩木,頸城自動車（株）,教育大学線（上越モール前・中央病院〜教育大学〜直江津駅前）
今町新田,南越後観光バス（株）,市民バス　大崎コース
駅前通り（新潟県）,東頸バス（株）,十日町線
駅通り,十日町市,市営バス　十日町地域　六箇線
駅通り,南越後観光バス（株）,"系統1810, 系統1811, 系統1812, 系統3211, 系統3212, 系統3213, 系統3214"
駅通り,越後交通（株）,"十日町車庫前〜千手〜上沢, 小千谷車庫前〜小千谷総合病院・川西〜十日町車庫前"
猫道火の見,やまとタクシー（株）,市民バス　薮神コース
細越峠下,南越後観光バス（株）,市民バス　大崎コース
藤巻西,頸城自動車（株）,教育大学線（上越モール前・中央病院〜教育大学〜直江津駅前）
本町3丁目,南越後観光バス（株）,"系統1810, 系統1811, 系統1812, 系統1820, 系統1821, 系統1822, 系統3012, 系統3013, 系統3020, 系統3022, 系統3023, 系統3211, 系統3212, 系統3213, 系統3214, 系統3220, 系統3221, 系統3222, 系統3224"
十日町本町三丁目,東頸バス（株）,十日町線
十日町本町3丁目,越後交通（株）,"十日町車庫前〜千手〜上沢, 小千谷車庫前〜岩沢〜十日町車庫前, 小千谷車庫前〜小千谷総合病院〜十日町車庫前, 小千谷車庫前〜小千谷総合病院・川西〜十日町車庫前, 長岡〜小千谷〜十日町線"
磯部小学校入口,頸城自動車（株）,能生線（能生案内所〜名立車庫前〜労災病院前）
磯部小学校入口,糸魚川バス（株）,16　仙納線
まつだい駅前,東頸バス（株）,"浦田線, 十日町線"
まつだい駅,十日町市,"市営バス　松代地域　儀明線, 市営バス　松代地域　峠線（星峠・竹所・木和田原線）, 市営バス　松代地域　南部線, 市営バス　松代地域　莇平線, 市営バス　松代地域　伊沢田沢線, 市営バス　松代地域　桐山線, 市営バス　松代地域　犬伏菅刈線"
安塚北,東頸バス（株）,安塚線
新土橋,頸城自動車（株）,"上越大通り線（上越妙高駅前〜高田駅前〜鵜の浜・雁子浜東）, 教育大学線（上越モール前・中央病院〜教育大学〜直江津駅前）"
木和田原（上）,十日町市,市営バス　松代地域　峠線（星峠・竹所・木和田原線）
卸団地北,越後交通（株）,小千谷車庫前〜小千谷総合病院・川西〜十日町車庫前
高田町4丁目,越後交通（株）,長岡〜小千谷〜十日町線
田野上,上越市,東飛山線
上越自動車学校前,頸城自動車（株）,教育大学線（上越モール前・中央病院〜教育大学〜直江津駅前）
卸団地入口（新潟県）,東頸バス（株）,十日町線
卸団地入口,越後交通（株）,十日町車庫前〜千手〜上沢
卸団地入口,南越後観光バス（株）,"系統3213, 系統3215, 系統3216, 系統3220"
松代支所前,東頸バス（株）,"浦田線, 十日町線"
松代支所,十日町市,"市営バス　松代地域　儀明線, 市営バス　松代地域　峠線（星峠・竹所・木和田原線）, 市営バス　松代地域　南部線, 市営バス　松代地域　莇平線, 市営バス　松代地域　伊沢田沢線, 市営バス　松代地域　桐山線, 市営バス　松代地域　犬伏菅刈線"
欠下,糸魚川バス（株）,16　仙納線
教育大学,頸城自動車（株）,教育大学線（上越モール前・中央病院〜教育大学〜直江津駅前）
八海山入口,南越後観光バス（株）,市民バス　大崎コース
高田町,十日町市,市営バス　十日町地域　六箇線
高田町,南越後観光バス（株）,"系統1812, 系統1822, 系統3211, 系統3212, 系統3213, 系統3214, 系統3220, 系統3221, 系統3222, 系統3224"
高田町,越後交通（株）,"十日町車庫前〜千手〜上沢, 小千谷車庫前〜小千谷総合病院・川西〜十日町車庫前"
十日町本町2丁目,越後交通（株）,"十日町車庫前〜千手〜上沢, 小千谷車庫前〜岩沢〜十日町車庫前, 小千谷車庫前〜小千谷総合病院・川西〜十日町車庫前, 長岡〜小千谷〜十日町線"
本町2丁目,南越後観光バス（株）,"系統1810, 系統1811, 系統1812, 系統3020, 系統3022, 系統3023, 系統3211, 系統3212, 系統3213, 系統3214"
高田町二丁目,東頸バス（株）,十日町線
土橋,頸城自動車（株）,春日山・佐内線（佐内入口・直江津駅前〜春日山下〜中央病院）
宇津尾入口,くびき野バス（株）,正善寺線
謙信公武道館前,頸城自動車（株）,富岡線（高田駅前〜謙信公武道館前・富岡〜マルケーバスセンター）
下野田,くびき野バス（株）,真砂線
市民プラザ前,頸城自動車（株）,"上越大通り線（上越妙高駅前〜高田駅前〜鵜の浜・雁子浜東）, 上越大通り線（福橋東・直江津港〜西城病院前〜中央病院・上越妙高駅前）, 教育大学線（上越モール前・中央病院〜教育大学〜直江津駅前）"
本町二丁目（十日町市）,東頸バス（株）,十日町線
城山センター,やまとタクシー（株）,市民バス　薮神コース
柳古新田入口,南越後観光バス（株）,市民バス　大崎コース
十日町病院前,越後交通（株）,"十日町車庫前〜千手〜上沢, 小千谷車庫前〜岩沢〜十日町車庫前, 小千谷車庫前〜小千谷総合病院〜十日町車庫前, 小千谷車庫前〜小千谷総合病院・川西〜十日町車庫前, 長岡〜小千谷〜十日町線"
十日町病院前,十日町市,市営バス　十日町地域　六箇線
十日町病院前,南越後観光バス（株）,"系統1812, 系統1822, 系統3012, 系統3013, 系統3020, 系統3022, 系統3023, 系統3211, 系統3212, 系統3213, 系統3214, 系統3215, 系統3216, 系統3220, 系統3221, 系統3222, 系統3224"
十日町病院前,東頸バス（株）,十日町線
安塚小学校前,東頸バス（株）,安塚線
上島入口,頸城自動車（株）,富岡線（高田駅前〜謙信公武道館前・富岡〜マルケーバスセンター）
大崎中央,南越後観光バス（株）,"系統2510, 系統2520"
今町センター,やまとタクシー（株）,市民バス　薮神コース
総合高校入口,東頸バス（株）,十日町線
総合高校入口,越後交通（株）,"十日町車庫前〜千手〜上沢, 小千谷車庫前〜小千谷総合病院・川西〜十日町車庫前"
総合高校入口,南越後観光バス（株）,"系統3211, 系統3212, 系統3213, 系統3214, 系統3215, 系統3216, 系統3220, 系統3221, 系統3222, 系統3224"
北鐙坂,南越後観光バス（株）,"系統3211, 系統3212, 系統3213, 系統3214, 系統3215, 系統3216, 系統3220, 系統3221, 系統3222, 系統3224"
今町,やまとタクシー（株）,市民バス　薮神コース
小池,頸城自動車（株）,桑取線（労災病院前〜有間川〜くわどり湯ったり村）
中の郷,頸城自動車（株）,能生線（能生案内所〜名立車庫前〜労災病院前）
中の郷,糸魚川バス（株）,16　仙納線
下正善寺,くびき野バス（株）,正善寺線
新町,頸城自動車（株）,"上越大通り線（上越妙高駅前〜高田駅前〜鵜の浜・雁子浜東）, 上越大通り線（福橋東・直江津港〜西城病院前〜中央病院・上越妙高駅前）, 教育大学線（上越モール前・中央病院〜教育大学〜直江津駅前）"
大崎学校前,南越後観光バス（株）,"系統2510, 系統2520"
大崎小学校前,南越後観光バス（株）,市民バス　大崎コース
高校入口,越後交通（株）,"小千谷車庫前〜岩沢〜十日町車庫前, 小千谷車庫前〜小千谷総合病院〜十日町車庫前, 長岡〜小千谷〜十日町線"
高校入口,南越後観光バス（株）,"系統1810, 系統1811, 系統1820, 系統1821, 系統3012, 系統3013, 系統3020, 系統3022, 系統3023"
龍谷寺前,南越後観光バス（株）,"系統2510, 系統2520"
今町入口,南越後観光バス（株）,"系統610・620, 系統611, 系統621"
第四銀行前,東頸バス（株）,安塚線
岩木入口,くびき野バス（株）,正善寺線
木和田原,十日町市,市営バス　松代地域　峠線（星峠・竹所・木和田原線）
下野田入口,くびき野バス（株）,真砂線
丸田,上越市,東飛山線
安塚区総合事務所前,東頸バス（株）,安塚線
北本町四丁目,頸城自動車（株）,春日山・佐内線（佐内入口・直江津駅前〜春日山下〜中央病院）
まなびヶ丘団地,くびき野バス（株）,正善寺線
中の郷西,頸城自動車（株）,能生線（能生案内所〜名立車庫前〜労災病院前）
中の郷西,糸魚川バス（株）,16　仙納線
美雪町,東頸バス（株）,十日町線
美雪町,越後交通（株）,"十日町車庫前〜千手〜上沢, 小千谷車庫前〜小千谷総合病院・川西〜十日町車庫前"
美雪町,南越後観光バス（株）,"系統3211, 系統3212, 系統3213, 系統3214, 系統3215, 系統3216, 系統3220, 系統3221, 系統3222, 系統3224"
鐙島保育園前,南越後観光バス（株）,"系統3211, 系統3212, 系統3213, 系統3214, 系統3215, 系統3216, 系統3220, 系統3221, 系統3222, 系統3224"
市役所前（十日町）,越後交通（株）,"小千谷車庫前〜岩沢〜十日町車庫前, 小千谷車庫前〜小千谷総合病院〜十日町車庫前, 長岡〜小千谷〜十日町線"
市役所前,十日町市,市営バス　十日町地域　六箇線
市役所前,南越後観光バス（株）,"系統1812, 系統1822, 系統3012, 系統3013, 系統3020, 系統3022, 系統3023"
保健センター前（上越市）,東頸バス（株）,安塚線
寺村,頸城自動車（株）,富岡線（高田駅前〜謙信公武道館前・富岡〜マルケーバスセンター）
江代,糸魚川バス（株）,16　仙納線
門田,くびき野バス（株）,増田線
本町1丁目,南越後観光バス（株）,"系統1810, 系統1811, 系統1820, 系統1821, 系統3012, 系統3013, 系統3020, 系統3022, 系統3023"
飯北,くびき野バス（株）,正善寺線
飯北（新設）,頸城自動車（株）,山麓線（直江津駅前〜医療センター病院〜上越妙高駅前）
西横山,頸城自動車（株）,桑取線（労災病院前〜有間川〜くわどり湯ったり村）
十日町本町1丁目,越後交通（株）,"小千谷車庫前〜岩沢〜十日町車庫前, 小千谷車庫前〜小千谷総合病院〜十日町車庫前, 長岡〜小千谷〜十日町線"
南中学校,十日町市,市営バス　十日町地域　六箇線
栄町入口,頸城自動車（株）,"上越大通り線（上越妙高駅前〜高田駅前〜鵜の浜・雁子浜東）, 上越大通り線（福橋東・直江津港〜西城病院前〜中央病院・上越妙高駅前）, 教育大学線（上越モール前・中央病院〜教育大学〜直江津駅前）"
濁沢,上越市,東飛山線
大島住宅前,上越市,"旭線, 菖蒲線"
千年（新潟県）,東頸バス（株）,"浦田線, 十日町線"
千年,十日町市,市営バス　松代地域　犬伏菅刈線
名ケ山,東頸バス（株）,十日町線
中村,糸魚川バス（株）,16　仙納線
欠の下五日町病院前,南越後観光バス（株）,"系統610・620, 系統611, 系統621"
北本町三丁目,頸城自動車（株）,春日山・佐内線（佐内入口・直江津駅前〜春日山下〜中央病院）
愛の風公園下,くびき野バス（株）,正善寺線
堂の下（新潟県）,東頸バス（株）,"浦田線, 十日町線"
下田村入口,くびき野バス（株）,高田・浦川原線
欠之下集落開発センター,銀嶺タクシー（株）,市民バス　大巻・泉コース
三和区総合事務所前,くびき野バス（株）,高田・浦川原線
飯入口,くびき野バス（株）,正善寺線
中村,くびき野バス（株）,高田・浦川原線
山本,南越後観光バス（株）,"系統1810, 系統1811, 系統1812, 系統1820, 系統1821, 系統1822"
鐙島小学校前,南越後観光バス（株）,"系統3211, 系統3212, 系統3213, 系統3214, 系統3215, 系統3216, 系統3220, 系統3221, 系統3222, 系統3224"
滝寺,くびき野バス（株）,正善寺線
栄町,頸城自動車（株）,"上越大通り線（上越妙高駅前〜高田駅前〜鵜の浜・雁子浜東）, 教育大学線（上越モール前・中央病院〜教育大学〜直江津駅前）"
水尾,南越後観光バス（株）,"系統2510, 系統2520, 市民バス　大崎コース"
大島,上越市,"旭線, 菖蒲線"
北坪山,上越市,坪山線
城北中学校前,頸城自動車（株）,上越大通り線（福橋東・直江津港〜西城病院前〜中央病院・上越妙高駅前）
野村十文字,くびき野バス（株）,高田・浦川原線
西吉尾,頸城自動車（株）,桑取線（労災病院前〜有間川〜くわどり湯ったり村）
長面,くびき野バス（株）,高田・浦川原線
幸町入口,頸城自動車（株）,春日山・佐内線（佐内入口・直江津駅前〜春日山下〜中央病院）
大洞入口,頸城自動車（株）,能生線（能生案内所〜名立車庫前〜労災病院前）
大洞入口,糸魚川バス（株）,16　仙納線
大洞入口,（株）ツカダ運輸,大洞線
上野田,くびき野バス（株）,高田・浦川原線
杉林入口,くびき野バス（株）,高田・浦川原線
飯小学校前,くびき野バス（株）,正善寺線
戸野目小学校前,くびき野バス（株）,"真砂線, 高田・浦川原線"
旧JA大島支店前,上越市,"旭線, 菖蒲線"
折居,上越市,東飛山線
中野,上越市,菖蒲線
八箇入口,十日町市,市営バス　十日町地域　六箇線
八箇入口,南越後観光バス（株）,"系統1810, 系統1811, 系統1812, 系統1820, 系統1821, 系統1822"
昭和町二丁目西,くびき野バス（株）,正善寺線
稲田三丁目,頸城自動車（株）,富岡線（高田駅前〜謙信公武道館前・富岡〜マルケーバスセンター）
池尻（新潟県）,東頸バス（株）,"浦田線, 十日町線"
池尻,十日町市,市営バス　松代地域　儀明線
星峠,十日町市,市営バス　松代地域　峠線（星峠・竹所・木和田原線）
小杉床屋,南越後観光バス（株）,市民バス　大崎コース
大洞集落入口,（株）ツカダ運輸,大洞線
戸野目十字路,くびき野バス（株）,増田線
幸町,頸城自動車（株）,"上越大通り線（上越妙高駅前〜高田駅前〜鵜の浜・雁子浜東）, 教育大学線（上越モール前・中央病院〜教育大学〜直江津駅前）"
竹所,十日町市,市営バス　松代地域　峠線（星峠・竹所・木和田原線）
五日町・いろは亭,銀嶺タクシー（株）,市民バス　大巻・泉コース
上昭和町入口,くびき野バス（株）,正善寺線
戸野目入口,くびき野バス（株）,"真砂線, 高田・浦川原線"
北本町二丁目,頸城自動車（株）,春日山・佐内線（佐内入口・直江津駅前〜春日山下〜中央病院）
水尾中央,南越後観光バス（株）,"系統2510, 系統2520"
三王,くびき野バス（株）,高田・浦川原線
昭和町二丁目東,くびき野バス（株）,正善寺線
飯,頸城自動車（株）,山麓線（直江津駅前〜医療センター病院〜上越妙高駅前）
仙納下,糸魚川バス（株）,16　仙納線
川治小学校,十日町市,市営バス　十日町地域　六箇線
藤崎,頸城自動車（株）,能生線（能生案内所〜名立車庫前〜労災病院前）
藤崎,糸魚川バス（株）,16　仙納線
五日町,南越後観光バス（株）,"系統610・620, 系統611, 系統621"
折居宮前,上越市,東飛山線
四ヶ所入口,くびき野バス（株）,"増田線, 真砂線, 高田・浦川原線"
上越農協前,くびき野バス（株）,"増田線, 真砂線, 高田・浦川原線"
浦田線入口,東頸バス（株）,浦田線
寺町三丁目,くびき野バス（株）,正善寺線
東本町三丁目,頸城自動車（株）,上越大通り線（福橋東・直江津港〜西城病院前〜中央病院・上越妙高駅前）
池之畑,十日町市,市営バス　松代地域　南部線
五日町駅角,銀嶺タクシー（株）,市民バス　大巻・泉コース
北本町一丁目,くびき野バス（株）,正善寺線
北本町一丁目,頸城自動車（株）,春日山・佐内線（佐内入口・直江津駅前〜春日山下〜中央病院）
川治,南越後観光バス（株）,"系統1810, 系統1811, 系統1812, 系統1820, 系統1821, 系統1822"
稲田二丁目,頸城自動車（株）,富岡線（高田駅前〜謙信公武道館前・富岡〜マルケーバスセンター）
稲田二丁目,くびき野バス（株）,"増田線, 真砂線, 高田・浦川原線"
大島診療所前,上越市,"旭線, 菖蒲線"
水尾上新田,南越後観光バス（株）,"系統2510, 系統2520, 市民バス　大崎コース"
五日町駅前,南越後観光バス（株）,"系統2510, 系統2511・2521, 系統2520"
松代下山,十日町市,市営バス　松代地域　南部線
診療所前（十日町市）,東頸バス（株）,浦田線
仙納,糸魚川バス（株）,16　仙納線
高島,南越後観光バス（株）,"系統3211, 系統3212, 系統3213, 系統3214, 系統3215, 系統3216, 系統3220, 系統3221, 系統3222, 系統3224"
本町七丁目,頸城自動車（株）,"上越大通り線（上越妙高駅前〜高田駅前〜鵜の浜・雁子浜東）, 教育大学線（上越モール前・中央病院〜教育大学〜直江津駅前）, 春日山・佐内線（佐内入口・直江津駅前〜春日山下〜中央病院）"
本町七丁目,くびき野バス（株）,正善寺線
室野中央,東頸バス（株）,浦田線
四辻,くびき野バス（株）,高田・浦川原線
折居上,上越市,東飛山線
北城町一丁目,頸城自動車（株）,富岡線（高田駅前〜謙信公武道館前・富岡〜マルケーバスセンター）
北城町一丁目,くびき野バス（株）,"増田線, 真砂線, 高田・浦川原線"
五日町会館前,南越後観光バス（株）,"系統2510, 系統2511・2521, 系統2520"
赤坂（新潟県）,東頸バス（株）,浦田線
五日町小学校前,銀嶺タクシー（株）,市民バス　大巻・泉コース
五日町小学校前,南越後観光バス（株）,"系統2510, 系統2511・2521, 系統2520"
番町,くびき野バス（株）,高田・浦川原線
御殿山町,頸城自動車（株）,山麓線（直江津駅前〜医療センター病院〜上越妙高駅前）
棚岡,上越市,菖蒲線
旧奴奈川小学校前,東頸バス（株）,浦田線
旧奴奈川小学校,十日町市,市営バス　松代地域　峠線（星峠・竹所・木和田原線）
南坪山,上越市,坪山線
南町（十日町市）,東頸バス（株）,浦田線
高島倉庫前,南越後観光バス（株）,"系統3211, 系統3212, 系統3213, 系統3214, 系統3215, 系統3216, 系統3220, 系統3221, 系統3222, 系統3224"
川治新屋敷,南越後観光バス（株）,"系統1810, 系統1811, 系統1812, 系統1820, 系統1821, 系統1822"
寺尾,南越後観光バス（株）,"系統610・620, 系統611, 系統621"
北城町三丁目,頸城自動車（株）,上越大通り線（福橋東・直江津港〜西城病院前〜中央病院・上越妙高駅前）
本町六丁目,くびき野バス（株）,正善寺線
本町六丁目,頸城自動車（株）,"上越大通り線（上越妙高駅前〜高田駅前〜鵜の浜・雁子浜東）, 教育大学線（上越モール前・中央病院〜教育大学〜直江津駅前）, 春日山・佐内線（佐内入口・直江津駅前〜春日山下〜中央病院）"
南沢,頸城自動車（株）,桑取線（労災病院前〜有間川〜くわどり湯ったり村）
八海通り,銀嶺タクシー（株）,市民バス　大巻・泉コース
八海通り,南越後観光バス（株）,"系統2510, 系統2511・2521, 系統2520"
寺尾上,南越後観光バス（株）,"系統2510, 系統2511・2521, 系統2520"
藤崎西,頸城自動車（株）,能生線（能生案内所〜名立車庫前〜労災病院前）
藤崎西,糸魚川バス（株）,16　仙納線
高田駅前,くびき野バス（株）,"増田線, 宮口線, 真砂線, 高田・浦川原線, 島田線, 清里線, 高田南循環線"
高田駅前,頸城自動車（株）,"上越大通り線（上越妙高駅前〜高田駅前〜鵜の浜・雁子浜東）, 上越大通り線（新井バスターミナル〜上越妙高駅前〜中央病院・悠久の里前）, 春日山・佐内線（佐内入口・直江津駅前〜春日山下〜中央病院）, 中央病院線（高田駅前〜中央病院）"
麓ふれあいセンター,銀嶺タクシー（株）,市民バス　大巻・泉コース
麓ふれあいセンター,南越後観光バス（株）,市民バス　大崎コース
高田駅前案内所,頸城自動車（株）,"上越大通り線（上越妙高駅前〜高田駅前〜鵜の浜・雁子浜東）, 上越大通り線（新井バスターミナル〜上越妙高駅前〜中央病院・悠久の里前）, 富岡線（高田駅前〜謙信公武道館前・富岡〜マルケーバスセンター）, 春日山・佐内線（佐内入口・直江津駅前〜春日山下〜中央病院）, 中央病院線（高田駅前〜中央病院）"
高田駅前案内所,くびき野バス（株）,"増田線, 宮口線, 真砂線, 高田・浦川原線, 島田線, 清里線, 高田南循環線"
麓・かごや商店,南越後観光バス（株）,市民バス　大崎コース
麓,南越後観光バス（株）,"系統2510, 系統2511・2521, 系統2520"
八海橋,南越後観光バス（株）,"系統2510, 系統2511・2521, 系統2520"
西城町十字路,頸城自動車（株）,"上越大通り線（上越妙高駅前〜高田駅前〜鵜の浜・雁子浜東）, 上越大通り線（新井バスターミナル〜上越妙高駅前〜中央病院・悠久の里前）, 上越大通り線（福橋東・直江津港〜西城病院前〜中央病院・上越妙高駅前）, 富岡線（高田駅前〜謙信公武道館前・富岡〜マルケーバスセンター）, 中央病院線（高田駅前〜中央病院）"
西城町十字路,くびき野バス（株）,"増田線, 真砂線, 高田・浦川原線"
知命堂病院前,頸城自動車（株）,"上越大通り線（上越妙高駅前〜高田駅前〜鵜の浜・雁子浜東）, 上越大通り線（新井バスターミナル〜上越妙高駅前〜中央病院・悠久の里前）, 中央病院線（高田駅前〜中央病院）"
西城町一丁目,くびき野バス（株）,"増田線, 真砂線, 高田・浦川原線"
西城町一丁目,頸城自動車（株）,"上越大通り線（新井バスターミナル〜上越妙高駅前〜中央病院・悠久の里前）, 上越大通り線（福橋東・直江津港〜西城病院前〜中央病院・上越妙高駅前）, 富岡線（高田駅前〜謙信公武道館前・富岡〜マルケーバスセンター）, 中央病院線（高田駅前〜中央病院）"
森下,上越市,東飛山線
北城町,頸城自動車（株）,"上越大通り線（新井バスターミナル〜上越妙高駅前〜中央病院・悠久の里前）, 上越大通り線（福橋東・直江津港〜西城病院前〜中央病院・上越妙高駅前）, 富岡線（高田駅前〜謙信公武道館前・富岡〜マルケーバスセンター）, 中央病院線（高田駅前〜中央病院）"
北城町,くびき野バス（株）,"増田線, 真砂線, 高田・浦川原線"
押出下,銀嶺タクシー（株）,市民バス　大巻・泉コース
大洞地蔵堂前,（株）ツカダ運輸,大洞線
百川,頸城自動車（株）,能生線（能生案内所〜名立車庫前〜労災病院前）
百川,糸魚川バス（株）,16　仙納線
高島神社前,南越後観光バス（株）,"系統3211, 系統3212, 系統3213, 系統3214, 系統3215, 系統3216, 系統3220, 系統3221, 系統3222, 系統3224"
六箇入口,十日町市,市営バス　十日町地域　六箇線
六箇入口,南越後観光バス（株）,"系統1810, 系統1811, 系統1812, 系統1820, 系統1821, 系統1822"
本町五丁目,くびき野バス（株）,"増田線, 宮口線, 正善寺線, 真砂線, 高田・浦川原線, 島田線, 清里線, 高田南循環線"
本町五丁目,頸城自動車（株）,"上越大通り線（上越妙高駅前〜高田駅前〜鵜の浜・雁子浜東）, 上越大通り線（新井バスターミナル〜上越妙高駅前〜中央病院・悠久の里前）, 教育大学線（上越モール前・中央病院〜教育大学〜直江津駅前）, 富岡線（高田駅前〜謙信公武道館前・富岡〜マルケーバスセンター）, 春日山・佐内線（佐内入口・直江津駅前〜春日山下〜中央病院）"
鉢本村,南越後観光バス（株）,"系統3211, 系統3212, 系統3215, 系統3216, 系統3220, 系統3221, 系統3222"
仁上学習センター前,上越市,菖蒲線
マリンドリーム能生,頸城自動車（株）,能生線（能生案内所〜名立車庫前〜労災病院前）
マリンドリーム能生,糸魚川バス（株）,16　仙納線
マリンドリーム能生前,（株）ツカダ運輸,大洞線
平方,上越市,坪山線
大渕観音堂,頸城自動車（株）,桑取線（労災病院前〜有間川〜くわどり湯ったり村）
押出上,銀嶺タクシー（株）,市民バス　大巻・泉コース
本町四丁目,くびき野バス（株）,"増田線, 宮口線, 正善寺線, 真砂線, 高田・浦川原線, 島田線, 清里線, 高田南循環線"
本町四丁目,頸城自動車（株）,"上越大通り線（上越妙高駅前〜高田駅前〜鵜の浜・雁子浜東）, 上越大通り線（新井バスターミナル〜上越妙高駅前〜中央病院・悠久の里前）, 教育大学線（上越モール前・中央病院〜教育大学〜直江津駅前）, 富岡線（高田駅前〜謙信公武道館前・富岡〜マルケーバスセンター）, 春日山・佐内線（佐内入口・直江津駅前〜春日山下〜中央病院）"
有線放送前,くびき野バス（株）,宮口線
茨沢,くびき野バス（株）,宮口線
総合技術高校前,頸城自動車（株）,"上越大通り線（新井バスターミナル〜上越妙高駅前〜中央病院・悠久の里前）, 上越大通り線（福橋東・直江津港〜西城病院前〜中央病院・上越妙高駅前）, 中央病院線（高田駅前〜中央病院）"
鉢入山,南越後観光バス（株）,"系統3211, 系統3216, 系統3221"
大洞集落センター前,（株）ツカダ運輸,大洞線
藤塚,くびき野バス（株）,宮口線
西城病院前,くびき野バス（株）,"増田線, 正善寺線, 真砂線, 高田・浦川原線"
西城病院前,頸城自動車（株）,"上越大通り線（上越妙高駅前〜高田駅前〜鵜の浜・雁子浜東）, 上越大通り線（福橋東・直江津港〜西城病院前〜中央病院・上越妙高駅前）, 富岡線（高田駅前〜謙信公武道館前・富岡〜マルケーバスセンター）"
大渕,頸城自動車（株）,桑取線（労災病院前〜有間川〜くわどり湯ったり村）
小屋丸,十日町市,市営バス　松代地域　南部線
鴨島一丁目,くびき野バス（株）,宮口線
小泊東,糸魚川バス（株）,16　仙納線
小泊東,頸城自動車（株）,能生線（能生案内所〜名立車庫前〜労災病院前）
海老,十日町市,市営バス　松代地域　南部線
本町三丁目,くびき野バス（株）,"増田線, 宮口線, 正善寺線, 真砂線, 高田・浦川原線, 島田線, 清里線, 高田南循環線"
本町三丁目,頸城自動車（株）,"上越大通り線（上越妙高駅前〜高田駅前〜鵜の浜・雁子浜東）, 上越大通り線（新井バスターミナル〜上越妙高駅前〜中央病院・悠久の里前）, 教育大学線（上越モール前・中央病院〜教育大学〜直江津駅前）, 富岡線（高田駅前〜謙信公武道館前・富岡〜マルケーバスセンター）, 春日山・佐内線（佐内入口・直江津駅前〜春日山下〜中央病院）"
大貫,頸城自動車（株）,山麓線（直江津駅前〜医療センター病院〜上越妙高駅前）
森,上越市,東飛山線
奈良立,東頸バス（株）,浦田線
上越地域振興局庁舎前,頸城自動車（株）,"上越大通り線（新井バスターミナル〜上越妙高駅前〜中央病院・悠久の里前）, 上越大通り線（福橋東・直江津港〜西城病院前〜中央病院・上越妙高駅前）, 中央病院線（高田駅前〜中央病院）"
黒沢,南越後観光バス（株）,"系統1810, 系統1811, 系統1812, 系統1820, 系統1821, 系統1822"
奥・今成クリーニング,銀嶺タクシー（株）,市民バス　大巻・泉コース
高田城址公園,頸城自動車（株）,"上越大通り線（福橋東・直江津港〜西城病院前〜中央病院・上越妙高駅前）, 教育大学線（上越モール前・中央病院〜教育大学〜直江津駅前）, 春日山・佐内線（佐内入口・直江津駅前〜春日山下〜中央病院）"
高田城址公園,くびき野バス（株）,宮口線
大手町,頸城自動車（株）,"教育大学線（上越モール前・中央病院〜教育大学〜直江津駅前）, 富岡線（高田駅前〜謙信公武道館前・富岡〜マルケーバスセンター）, 春日山・佐内線（佐内入口・直江津駅前〜春日山下〜中央病院）"
大手町,くびき野バス（株）,"増田線, 宮口線, 正善寺線, 真砂線, 高田・浦川原線, 島田線"
新保古新田,くびき野バス（株）,宮口線
小泊,頸城自動車（株）,能生線（能生案内所〜名立車庫前〜労災病院前）
小泊,糸魚川バス（株）,16　仙納線
東城町三丁目,くびき野バス（株）,宮口線
東城町三丁目,頸城自動車（株）,"上越大通り線（新井バスターミナル〜上越妙高駅前〜中央病院・悠久の里前）, 上越大通り線（福橋東・直江津港〜西城病院前〜中央病院・上越妙高駅前）, 教育大学線（上越モール前・中央病院〜教育大学〜直江津駅前）, 春日山・佐内線（佐内入口・直江津駅前〜春日山下〜中央病院）, 中央病院線（高田駅前〜中央病院）"
大手町十字路,頸城自動車（株）,"上越大通り線（上越妙高駅前〜高田駅前〜鵜の浜・雁子浜東）, 上越大通り線（福橋東・直江津港〜西城病院前〜中央病院・上越妙高駅前）, 教育大学線（上越モール前・中央病院〜教育大学〜直江津駅前）, 富岡線（高田駅前〜謙信公武道館前・富岡〜マルケーバスセンター）, 春日山・佐内線（佐内入口・直江津駅前〜春日山下〜中央病院）"
大手町十字路,くびき野バス（株）,"増田線, 宮口線, 正善寺線, 真砂線, 高田・浦川原線, 島田線"
奥,南越後観光バス（株）,"系統610・620, 系統611, 系統621"
上越地域振興局庁舎入口,頸城自動車（株）,"上越大通り線（福橋東・直江津港〜西城病院前〜中央病院・上越妙高駅前）, 教育大学線（上越モール前・中央病院〜教育大学〜直江津駅前）, 春日山・佐内線（佐内入口・直江津駅前〜春日山下〜中央病院）"
上越地域振興局庁舎入口,くびき野バス（株）,宮口線
子安,くびき野バス（株）,宮口線
仁上センター前,上越市,菖蒲線
養鯉場前,（株）ツカダ運輸,大洞線
桂谷入口,上越市,東飛山線
本町二丁目,くびき野バス（株）,"清里線, 高田南循環線"
本町二丁目,頸城自動車（株）,"上越大通り線（上越妙高駅前〜高田駅前〜鵜の浜・雁子浜東）, 上越大通り線（新井バスターミナル〜上越妙高駅前〜中央病院・悠久の里前）"
長森新田・八海農園,銀嶺タクシー（株）,市民バス　大巻・泉コース
鴨島三丁目,頸城自動車（株）,"上越大通り線（新井バスターミナル〜上越妙高駅前〜中央病院・悠久の里前）, 上越大通り線（福橋東・直江津港〜西城病院前〜中央病院・上越妙高駅前）, 教育大学線（上越モール前・中央病院〜教育大学〜直江津駅前）, 春日山・佐内線（佐内入口・直江津駅前〜春日山下〜中央病院）, 中央病院線（高田駅前〜中央病院）"
鴨島三丁目,くびき野バス（株）,"宮口線, 清里線"
大杉,南越後観光バス（株）,"系統2510, 系統2511・2521, 系統2520"
八海山スキー場,南越後観光バス（株）,系統710・720
雄志中学入口,くびき野バス（株）,宮口線
中村,十日町市,市営バス　十日町地域　六箇線
関根学園高校前,頸城自動車（株）,山麓線（直江津駅前〜医療センター病院〜上越妙高駅前）
看護大学,頸城自動車（株）,"上越大通り線（新井バスターミナル〜上越妙高駅前〜中央病院・悠久の里前）, 上越大通り線（福橋東・直江津港〜西城病院前〜中央病院・上越妙高駅前）, 教育大学線（上越モール前・中央病院〜教育大学〜直江津駅前）, 春日山・佐内線（佐内入口・直江津駅前〜春日山下〜中央病院）, 中央病院線（高田駅前〜中央病院）"
看護大学,くびき野バス（株）,"宮口線, 清里線"
南城町三丁目,頸城自動車（株）,上越大通り線（上越妙高駅前〜高田駅前〜鵜の浜・雁子浜東）
南城町三丁目,くびき野バス（株）,島田線
高田高校前,頸城自動車（株）,"上越大通り線（新井バスターミナル〜上越妙高駅前〜中央病院・悠久の里前）, 上越大通り線（福橋東・直江津港〜西城病院前〜中央病院・上越妙高駅前）"
金沢屋商店前,上越市,菖蒲線
大荒戸,十日町市,市営バス　松之山地域　松之山〜三省〜松之山
本新保,くびき野バス（株）,宮口線
小谷北,東頸バス（株）,十日町線
中央病院,くびき野バス（株）,"宮口線, 清里線"
中央病院,頸城自動車（株）,"上越大通り線（新井バスターミナル〜上越妙高駅前〜中央病院・悠久の里前）, 上越大通り線（福橋東・直江津港〜西城病院前〜中央病院・上越妙高駅前）, 教育大学線（上越モール前・中央病院〜教育大学〜直江津駅前）, 春日山・佐内線（佐内入口・直江津駅前〜春日山下〜中央病院）, 中央病院線（高田駅前〜中央病院）"
とよば,頸城自動車（株）,"上越大通り線（新井バスターミナル〜上越妙高駅前〜中央病院・悠久の里前）, 教育大学線（上越モール前・中央病院〜教育大学〜直江津駅前）, 春日山・佐内線（佐内入口・直江津駅前〜春日山下〜中央病院）"
とよば,くびき野バス（株）,"宮口線, 清里線"
別院入口,頸城自動車（株）,"上越大通り線（上越妙高駅前〜高田駅前〜鵜の浜・雁子浜東）, 上越大通り線（新井バスターミナル〜上越妙高駅前〜中央病院・悠久の里前）"
別院入口,くびき野バス（株）,"清里線, 高田南循環線"
真部医院前,（株）ツカダ運輸,"川詰線, 大洞線, 高倉線"
真部外科医院前,糸魚川バス（株）,11　中尾長者温泉線
下川井沢,上越市,坪山線
小谷神社前,十日町市,市営バス　松之山地域　松之山〜三省〜松之山
能生浜,頸城自動車（株）,能生線（能生案内所〜名立車庫前〜労災病院前）
能生浜,糸魚川バス（株）,16　仙納線
水梨堂の前下,十日町市,市営バス　松之山地域　松之山〜三省〜松之山
伊達,南越後観光バス（株）,"系統1810, 系統1811, 系統1812, 系統1820, 系統1821, 系統1822"
能生郵便局前,糸魚川バス（株）,11　中尾長者温泉線
能生郵便局前,（株）ツカダ運輸,"川詰線, 高倉線"
増沢,頸城自動車（株）,桑取線（労災病院前〜有間川〜くわどり湯ったり村）
下原新田公民館,銀嶺タクシー（株）,市民バス　大巻・泉コース
小谷（新潟県）,東頸バス（株）,十日町線
小谷干場前,十日町市,市営バス　松之山地域　松之山〜三省〜松之山
長森集落センター,銀嶺タクシー（株）,市民バス　大巻・泉コース
長森集落センター,南越後観光バス（株）,市民バス　大崎コース
本町一丁目,くびき野バス（株）,"清里線, 高田南循環線"
本町一丁目,頸城自動車（株）,"上越大通り線（上越妙高駅前〜高田駅前〜鵜の浜・雁子浜東）, 上越大通り線（新井バスターミナル〜上越妙高駅前〜中央病院・悠久の里前）"
上越モール前,くびき野バス（株）,"宮口線, 清里線"
上越モール前,頸城自動車（株）,"上越大通り線（新井バスターミナル〜上越妙高駅前〜中央病院・悠久の里前）, 教育大学線（上越モール前・中央病院〜教育大学〜直江津駅前）, 春日山・佐内線（佐内入口・直江津駅前〜春日山下〜中央病院）"
南城町一丁目,くびき野バス（株）,島田線
南城町一丁目,頸城自動車（株）,上越大通り線（上越妙高駅前〜高田駅前〜鵜の浜・雁子浜東）
北平谷,上越市,東飛山線
室川医院前,（株）ツカダ運輸,"川詰線, 大洞線, 高倉線"
室川医院前,糸魚川バス（株）,11　中尾長者温泉線
悠久の里前,頸城自動車（株）,"上越大通り線（新井バスターミナル〜上越妙高駅前〜中央病院・悠久の里前）, 教育大学線（上越モール前・中央病院〜教育大学〜直江津駅前）, 春日山・佐内線（佐内入口・直江津駅前〜春日山下〜中央病院）"
悠久の里前,くびき野バス（株）,"宮口線, 清里線"
ヨーデル金谷前,頸城自動車（株）,山麓線（直江津駅前〜医療センター病院〜上越妙高駅前）
福島（十日町市）,東頸バス（株）,浦田線
稲,くびき野バス（株）,宮口線
四十日公民館前,南越後観光バス（株）,"系統2510, 系統2511・2521, 系統2520"
糸魚川市能生事務所前,（株）ツカダ運輸,"川詰線, 大洞線, 高倉線"
水梨集会所,十日町市,市営バス　松之山地域　松之山〜三省〜松之山
南新町入口,頸城自動車（株）,"上越大通り線（上越妙高駅前〜高田駅前〜鵜の浜・雁子浜東）, 上越大通り線（新井バスターミナル〜上越妙高駅前〜中央病院・悠久の里前）"
南新町入口,くびき野バス（株）,"清里線, 高田南循環線"
山谷入口,十日町市,市営バス　十日町地域　六箇線
能生案内所,頸城自動車（株）,能生線（能生案内所〜名立車庫前〜労災病院前）
能生案内所,糸魚川バス（株）,"01　青海糸魚川線・能生糸魚川線, 11　中尾長者温泉線, 13　能生線（西廻り）, 14　島道線, 16　仙納線"
伊達上口,南越後観光バス（株）,"系統1810, 系統1811, 系統1812, 系統1820, 系統1821, 系統1822"
南本町二丁目,くびき野バス（株）,"島田線, 清里線"
南本町二丁目,頸城自動車（株）,"上越大通り線（上越妙高駅前〜高田駅前〜鵜の浜・雁子浜東）, 上越大通り線（新井バスターミナル〜上越妙高駅前〜中央病院・悠久の里前）"
泉下口,銀嶺タクシー（株）,市民バス　大巻・泉コース
大月交流促進センター,上越市,坪山線
青木新田集落開発センター,銀嶺タクシー（株）,市民バス　大巻・泉コース
栄町,糸魚川バス（株）,"01　青海糸魚川線・能生糸魚川線, 11　中尾長者温泉線, 13　能生線（西廻り）, 14　島道線, 16　仙納線"
野尻入口,くびき野バス（株）,宮口線
大平寺入口,糸魚川バス（株）,"01　青海糸魚川線・能生糸魚川線, 11　中尾長者温泉線, 13　能生線（西廻り）"
土口入口,頸城自動車（株）,桑取線（労災病院前〜有間川〜くわどり湯ったり村）
高校入口,くびき野バス（株）,清里線
四十日新道,南越後観光バス（株）,"系統610・620, 系統611, 系統621"
東城町一丁目,頸城自動車（株）,"上越大通り線（新井バスターミナル〜上越妙高駅前〜中央病院・悠久の里前）, 上越大通り線（福橋東・直江津港〜西城病院前〜中央病院・上越妙高駅前）"
東城町一丁目,くびき野バス（株）,清里線
中手原,南越後観光バス（株）,系統710・720
熊田,上越市,菖蒲線
烏場,上越市,坪山線
南新町,くびき野バス（株）,高田南循環線
魚沼荘,南越後観光バス（株）,"市民バス　大崎コース, 市民バス　城内コース"
桜木,糸魚川バス（株）,"01　青海糸魚川線・能生糸魚川線, 11　中尾長者温泉線, 13　能生線（西廻り）, 14　島道線, 16　仙納線"
土口,頸城自動車（株）,桑取線（労災病院前〜有間川〜くわどり湯ったり村）
医療センター入口,くびき野バス（株）,島田線
泉新田・保育園バス停,銀嶺タクシー（株）,市民バス　大巻・泉コース
山岸歯科医院前,（株）ツカダ運輸,"川詰線, 大洞線, 高倉線"
北田中,南越後観光バス（株）,"系統2510, 系統2511・2521, 系統2520"
北谷,頸城自動車（株）,桑取線（労災病院前〜有間川〜くわどり湯ったり村）
中江十文字,くびき野バス（株）,宮口線
土市学校前,南越後観光バス（株）,"系統1810, 系統1811, 系統1812, 系統1820, 系統1821, 系統1822"
南平谷,上越市,東飛山線
医療センター入口,頸城自動車（株）,"上越大通り線（上越妙高駅前〜高田駅前〜鵜の浜・雁子浜東）, 上越大通り線（新井バスターミナル〜上越妙高駅前〜中央病院・悠久の里前）"
三竹沢,上越市,菖蒲線
下出浦集落開発センター,南越後観光バス（株）,市民バス　城内コース
沖見の里,上越市,坪山線
堺松,十日町市,市営バス　松之山地域　松之山〜三省〜松之山
堺松,東頸バス（株）,十日町線
南高田町,頸城自動車（株）,山麓線（直江津駅前〜医療センター病院〜上越妙高駅前）
南高田町,くびき野バス（株）,高田南循環線
宇津野入口,南越後観光バス（株）,"系統610・620, 系統611, 系統621"
中通り町,頸城自動車（株）,山麓線（直江津駅前〜医療センター病院〜上越妙高駅前）
中通り町,くびき野バス（株）,高田南循環線
山口,南越後観光バス（株）,"系統710・720, 系統711・721"
医療センター病院,くびき野バス（株）,"島田線, 高田南循環線"
医療センター病院,頸城自動車（株）,山麓線（直江津駅前〜医療センター病院〜上越妙高駅前）
山口中,南越後観光バス（株）,"系統710・720, 系統711・721"
能生駅前,糸魚川バス（株）,"01　青海糸魚川線・能生糸魚川線, 11　中尾長者温泉線, 13　能生線（西廻り）, 14　島道線, 16　仙納線"
能生駅,（株）ツカダ運輸,"川詰線, 大洞線, 高倉線"
宇津野・ヒロオートサービス,銀嶺タクシー（株）,市民バス　大巻・泉コース
元屋敷南,くびき野バス（株）,宮口線
土市駅前,南越後観光バス（株）,"系統1810, 系統1811, 系統1812, 系統1820, 系統1821, 系統1822"
今池,くびき野バス（株）,清里線
下原三夜塔,南越後観光バス（株）,"系統710・720, 系統711・721"
姿宮前,南越後観光バス（株）,"系統1811, 系統1821"
老人ホーム前,南越後観光バス（株）,"系統1811, 系統1821"
麻畑,十日町市,市営バス　十日町地域　六箇線
城内診療所,南越後観光バス（株）,市民バス　城内コース
南本町一丁目北,頸城自動車（株）,"上越大通り線（上越妙高駅前〜高田駅前〜鵜の浜・雁子浜東）, 上越大通り線（新井バスターミナル〜上越妙高駅前〜中央病院・悠久の里前）, 山麓線（直江津駅前〜医療センター病院〜上越妙高駅前）"
南本町一丁目北,くびき野バス（株）,島田線
野田（南魚沼市）,南越後観光バス（株）,"系統2510, 系統2511・2521, 系統2520"
八海中学校,南越後観光バス（株）,系統2511・2521
松口（横沢）,十日町市,市営バス　松之山地域　松之山〜上川手・下川手〜松之山
中通町公民館前,くびき野バス（株）,高田南循環線
商業高校前,くびき野バス（株）,高田南循環線
商業高校前,頸城自動車（株）,山麓線（直江津駅前〜医療センター病院〜上越妙高駅前）
上原下,南越後観光バス（株）,"系統710・720, 系統711・721"
土市五区,南越後観光バス（株）,"系統1811, 系統1821"
姿入口,南越後観光バス（株）,"系統1810, 系統1811, 系統1812, 系統1820, 系統1821, 系統1822"
赤倉,十日町市,市営バス　松之山地域　藤倉〜布川〜松之山
松代東山,十日町市,市営バス　松代地域　南部線
切光入口,上越市,高谷・平山線
西谷内,頸城自動車（株）,桑取線（労災病院前〜有間川〜くわどり湯ったり村）
山口入口,南越後観光バス（株）,"系統710・720, 系統711・721"
上出浦橋,南越後観光バス（株）,市民バス　城内コース
能生中学校,糸魚川バス（株）,"11　中尾長者温泉線, 13　能生線（西廻り）, 14　島道線, 16　仙納線"
城内郵便局,南越後観光バス（株）,市民バス　城内コース
高津,くびき野バス（株）,宮口線
松口（梶屋敷）,十日町市,市営バス　松之山地域　松之山〜上川手・下川手〜松之山
商業高校入口,頸城自動車（株）,山麓線（直江津駅前〜医療センター病院〜上越妙高駅前）
上原新田,南越後観光バス（株）,"系統710・720, 系統711・721"
上原十字路,南越後観光バス（株）,"系統710・720, 系統711・721"
巻沢,南越後観光バス（株）,"系統1811, 系統1821"
南本町一丁目,頸城自動車（株）,"上越大通り線（上越妙高駅前〜高田駅前〜鵜の浜・雁子浜東）, 上越大通り線（新井バスターミナル〜上越妙高駅前〜中央病院・悠久の里前）, 山麓線（直江津駅前〜医療センター病院〜上越妙高駅前）"
南本町一丁目,くびき野バス（株）,島田線
大林公園,上越市,坪山線
桜町入口,くびき野バス（株）,清里線
中田原,くびき野バス（株）,高田南循環線
新山（新潟県）,東頸バス（株）,十日町線
新山,十日町市,市営バス　松之山地域　松之山〜三省〜松之山
長島,南越後観光バス（株）,"系統710・720, 系統711・721"
能生インター前,糸魚川バス（株）,"11　中尾長者温泉線, 13　能生線（西廻り）, 14　島道線, 16　仙納線"
上薬師堂,南越後観光バス（株）,"系統710・720, 系統711・721, 市民バス　城内コース"
坪野,十日町市,市営バス　松之山地域　藤倉〜布川〜松之山
下板倉橋,くびき野バス（株）,島田線
三桶入口,十日町市,市営バス　松之山地域　松之山〜上川手・下川手〜松之山
下薬師堂集会所,南越後観光バス（株）,市民バス　城内コース
池舟,上越市,坪山線
丸山三叉路,糸魚川バス（株）,14　島道線
黒倉学校前,十日町市,市営バス　松之山地域　中立山〜大宮〜松之山
木浦東,糸魚川バス（株）,"01　青海糸魚川線・能生糸魚川線, 11　中尾長者温泉線, 13　能生線（西廻り）"
ふるさと村,上越市,坪山線
丸山団地前,糸魚川バス（株）,14　島道線
宮栗,南越後観光バス（株）,"系統1810, 系統1812, 系統1820, 系統1822"
大王,糸魚川バス（株）,14　島道線
泉,上越市,高谷・平山線
下十二の木,くびき野バス（株）,宮口線
新堀新田,南越後観光バス（株）,"系統710・720, 系統711・721, 市民バス　城内コース"
木浦,糸魚川バス（株）,"01　青海糸魚川線・能生糸魚川線, 11　中尾長者温泉線, 13　能生線（西廻り）"
中田原上,くびき野バス（株）,高田南循環線
中中田,くびき野バス（株）,高田南循環線
沢栗,南越後観光バス（株）,"系統610・620, 系統611, 系統621"
川窪,南越後観光バス（株）,"系統2510, 系統2520"
上樫谷,上越市,坪山線
長者原,くびき野バス（株）,清里線
岡村,南越後観光バス（株）,"系統710・720, 系統711・721"
皆口,頸城自動車（株）,桑取線（労災病院前〜有間川〜くわどり湯ったり村）
東山集会所,十日町市,市営バス　松之山地域　藤倉〜布川〜松之山
黒倉西,十日町市,市営バス　松之山地域　中立山〜大宮〜松之山
小田島,上越市,東飛山線
下新田,くびき野バス（株）,島田線
黒倉作業所,十日町市,市営バス　松之山地域　中立山〜大宮〜松之山
切光,上越市,高谷・平山線
木浦地区公民館前,糸魚川バス（株）,11　中尾長者温泉線
光間,十日町市,市営バス　松之山地域　松之山〜上川手・下川手〜松之山
岡集落センター,南越後観光バス（株）,市民バス　城内コース
欠の上,南越後観光バス（株）,"系統2510, 系統2520"
松之山高校前,東頸バス（株）,十日町線
松之山分校前,十日町市,"市営バス　松之山地域　松之山〜上川手・下川手〜松之山, 市営バス　松之山地域　松之山〜三省〜松之山"
鬼舞,糸魚川バス（株）,"01　青海糸魚川線・能生糸魚川線, 11　中尾長者温泉線, 13　能生線（西廻り）"
藤原（新潟県）,東頸バス（株）,浦田線
藤原入口,十日町市,市営バス　松之山地域　中立山〜大宮〜松之山
野際・若宮様,南越後観光バス（株）,市民バス　城内コース
西能生地区公民館前,糸魚川バス（株）,13　能生線（西廻り）
今清水入口,上越市,高谷・平山線
上中田ショッピングセンター,くびき野バス（株）,高田南循環線
荒町,頸城自動車（株）,"上越大通り線（上越妙高駅前〜高田駅前〜鵜の浜・雁子浜東）, 上越大通り線（新井バスターミナル〜上越妙高駅前〜中央病院・悠久の里前）, 山麓線（直江津駅前〜医療センター病院〜上越妙高駅前）"
鷲尾,糸魚川バス（株）,14　島道線
東山,十日町市,市営バス　松之山地域　藤倉〜布川〜松之山
中樫谷,上越市,"高谷・平山線, 坪山線"
東藪野,くびき野バス（株）,清里線
藤原共同車庫,十日町市,市営バス　松之山地域　中立山〜大宮〜松之山
岩ノ原,くびき野バス（株）,宮口線
上十二の木,くびき野バス（株）,宮口線
北方,くびき野バス（株）,宮口線
田麦,十日町市,市営バス　十日町地域　六箇線
宮口下,くびき野バス（株）,宮口線
池田原集落センター,南越後観光バス（株）,市民バス　城内コース
松之山西,十日町市,"市営バス　松之山地域　松之山〜上川手・下川手〜松之山, 市営バス　松之山地域　松之山〜三省〜松之山"
松之山西,東頸バス（株）,十日町線
安養寺,南越後観光バス（株）,"系統1811, 系統1821"
古戸,十日町市,市営バス　松之山地域　松之山〜上川手・下川手〜松之山
下樫谷,上越市,"高谷・平山線, 坪山線"
辰尾,くびき野バス（株）,清里線
下箱井,くびき野バス（株）,島田線
鬼伏大村,糸魚川バス（株）,11　中尾長者温泉線
鬼伏,糸魚川バス（株）,"01　青海糸魚川線・能生糸魚川線, 13　能生線（西廻り）"
柱道,糸魚川バス（株）,14　島道線
妙音寺集落開発センター,南越後観光バス（株）,市民バス　城内コース
上中田,くびき野バス（株）,高田南循環線
まつのやま学園,十日町市,"市営バス　松之山地域　中立山〜大宮〜松之山, 市営バス　松之山地域　天水〜松之山温泉〜松之山, 市営バス　松之山地域　藤倉〜布川〜松之山, 市営バス　松之山地域　松之山〜上川手・下川手〜松之山"
大宮,十日町市,市営バス　松之山地域　中立山〜大宮〜松之山
大宮（新潟県）,東頸バス（株）,浦田線
松之山支所前,東頸バス（株）,十日町線
宮口上,くびき野バス（株）,宮口線
灰塚十字路,くびき野バス（株）,高田南循環線
六箇小学校前（羽根川荘前）,十日町市,市営バス　十日町地域　六箇線
松之山診療所前,東頸バス（株）,十日町線
松之山診療所,十日町市,"市営バス　松之山地域　中立山〜大宮〜松之山, 市営バス　松之山地域　天水〜松之山温泉〜松之山, 市営バス　松之山地域　藤倉〜布川〜松之山, 市営バス　松之山地域　松之山〜上川手・下川手〜松之山, 市営バス　松之山地域　松之山〜三省〜松之山"
黒倉入口,十日町市,市営バス　松之山地域　中立山〜大宮〜松之山
曽根集会所,十日町市,市営バス　松之山地域　中立山〜大宮〜松之山
稲穂ヶ丘団地入口,南越後観光バス（株）,市民バス　城内コース
鶉石,糸魚川バス（株）,13　能生線（西廻り）
五十子平,十日町市,市営バス　松之山地域　藤倉〜布川〜松之山
高倉共同作業所,（株）ツカダ運輸,高倉線
中江橋,くびき野バス（株）,清里線
明福寺前,糸魚川バス（株）,13　能生線（西廻り）
まつのやま学園入口,十日町市,"市営バス　松之山地域　中立山〜大宮〜松之山, 市営バス　松之山地域　松之山〜上川手・下川手〜松之山"
指塩,糸魚川バス（株）,14　島道線
牛ヶ鼻,上越市,菖蒲線
観音寺十字路,十日町市,市営バス　松之山地域　松之山〜上川手・下川手〜松之山
新堀集落センター入口,南越後観光バス（株）,市民バス　城内コース
庄之又,銀嶺タクシー（株）,市民バス　大巻・泉コース
庄の又,南越後観光バス（株）,"系統610・620, 系統611, 系統621"
ろばた館前,上越市,東飛山線
長者原南,くびき野バス（株）,清里線
松之山東,東頸バス（株）,十日町線
松之山東（大武）,十日町市,"市営バス　松之山地域　中立山〜大宮〜松之山, 市営バス　松之山地域　天水〜松之山温泉〜松之山"
灰塚公民館前,くびき野バス（株）,高田南循環線
下稲塚公民館前,くびき野バス（株）,清里線
崩山,糸魚川バス（株）,"01　青海糸魚川線・能生糸魚川線, 11　中尾長者温泉線, 13　能生線（西廻り）"
横畑,頸城自動車（株）,桑取線（労災病院前〜有間川〜くわどり湯ったり村）
小見,糸魚川バス（株）,13　能生線（西廻り）
水堀,南越後観光バス（株）,"系統1810, 系統1812, 系統1820, 系統1822"
鷲尾,上越市,高谷・平山線
観音寺坂下,十日町市,"市営バス　松之山地域　藤倉〜布川〜松之山, 市営バス　松之山地域　松之山〜上川手・下川手〜松之山"
竜光寺前,糸魚川バス（株）,13　能生線（西廻り）
山口,上越市,坪山線
山口,くびき野バス（株）,宮口線
八木,南越後観光バス（株）,"系統710・720, 系統711・721, 市民バス　城内コース"
下稲塚,くびき野バス（株）,清里線
下稲塚,頸南バス（株）,77　三針（清里）線
くわどり湯ったり村,頸城自動車（株）,桑取線（労災病院前〜有間川〜くわどり湯ったり村）
岩平,糸魚川バス（株）,13　能生線（西廻り）
醸す森前,十日町市,市営バス　松之山地域　中立山〜大宮〜松之山
脇野田,頸城自動車（株）,"上越大通り線（上越妙高駅前〜高田駅前〜鵜の浜・雁子浜東）, 上越大通り線（新井バスターミナル〜上越妙高駅前〜中央病院・悠久の里前）, 山麓線（直江津駅前〜医療センター病院〜上越妙高駅前）"
牧区工場団地前,くびき野バス（株）,宮口線
藤原公民館,南越後観光バス（株）,市民バス　城内コース
高舘,十日町市,市営バス　松之山地域　藤倉〜布川〜松之山
二日町,南越後観光バス（株）,"系統710・720, 系統711・721, 市民バス　城内コース"
松野木西,くびき野バス（株）,清里線
濁り又共同車庫,十日町市,市営バス　松之山地域　中立山〜大宮〜松之山
今清水市道,上越市,高谷・平山線
森本,糸魚川バス（株）,13　能生線（西廻り）
兎口温泉,十日町市,市営バス　松之山地域　中立山〜大宮〜松之山
二日町橋詰,南越後観光バス（株）,"系統810, 系統820"
上稲塚,くびき野バス（株）,清里線
上稲塚,頸南バス（株）,77　三針（清里）線
田崎十字路,南越後観光バス（株）,市民バス　城内コース
木浦小学校前,糸魚川バス（株）,11　中尾長者温泉線
山王橋,糸魚川バス（株）,14　島道線
岡野町,頸南バス（株）,77　三針（清里）線
法音寺,南越後観光バス（株）,市民バス　城内コース
二日町,南越後観光バス（株）,"系統810, 系統820"
新屋敷,南越後観光バス（株）,"系統1811, 系統1821"
松野木,くびき野バス（株）,清里線
岡野町,くびき野バス（株）,清里線
清里区総合事務所前,頸南バス（株）,77　三針（清里）線
橋詰,十日町市,市営バス　松之山地域　藤倉〜布川〜松之山
西蒲生田第一,上越市,東飛山線
荒井橋,くびき野バス（株）,宮口線
黒田,くびき野バス（株）,高田南循環線
上越妙高駅前,くびき野バス（株）,高田南循環線
上越妙高駅前（東口）,頸城自動車（株）,"上越大通り線（上越妙高駅前〜高田駅前〜鵜の浜・雁子浜東）, 上越大通り線（新井バスターミナル〜上越妙高駅前〜中央病院・悠久の里前）, 上越妙高駅前・直江津駅前〜直江津港線, 山麓線（直江津駅前〜医療センター病院〜上越妙高駅前）"
島道入口,糸魚川バス（株）,13　能生線（西廻り）
二日町三叉路,南越後観光バス（株）,"系統810, 系統820"
青木,くびき野バス（株）,高田南循環線
落田橋,上越市,坪山線
落田橋,くびき野バス（株）,宮口線
脇野田南,頸城自動車（株）,上越大通り線（新井バスターミナル〜上越妙高駅前〜中央病院・悠久の里前）
島田下新田入口,くびき野バス（株）,島田線
中ノ口,糸魚川バス（株）,14　島道線
岡原,くびき野バス（株）,島田線
君帰り,南越後観光バス（株）,"系統2510, 系統2520"
浦田克雪センター前,東頸バス（株）,浦田線
浦田克雪センター,十日町市,市営バス　松之山地域　中立山〜大宮〜松之山
当間入口,南越後観光バス（株）,"系統1810, 系統1812, 系統1820, 系統1822"
島田,くびき野バス（株）,島田線
清里区総合事務所前,上越市,櫛池線
清里区総合事務所前,くびき野バス（株）,清里線
能生国保診療所前,（株）ツカダ運輸,"川詰線, 大洞線, 高倉線"
上之山共同車庫,十日町市,市営バス　松之山地域　中立山〜大宮〜松之山
国保診療所,糸魚川バス（株）,"13　能生線（西廻り）, 14　島道線"
武士入口,頸南バス（株）,77　三針（清里）線
イオン六日町店,南越後観光バス（株）,系統1010・1020
能生大沢,糸魚川バス（株）,"13　能生線（西廻り）, 14　島道線"
下倉公園入口,（株）ツカダ運輸,高倉線
新田宅院前,十日町市,市営バス　松之山地域　中立山〜大宮〜松之山
国保診療所入口,糸魚川バス（株）,"13　能生線（西廻り）, 14　島道線"
柳島下,くびき野バス（株）,宮口線
貝野本屋敷,南越後観光バス（株）,"系統1811, 系統1821"
不老閣入口,十日町市,"市営バス　松之山地域　中立山〜大宮〜松之山, 市営バス　松之山地域　天水〜松之山温泉〜松之山, 市営バス　松之山地域　松之山〜上川手・下川手〜松之山"
不老閣入口,東頸バス（株）,十日町線
深沢入口,上越市,櫛池線
上新田入口,くびき野バス（株）,島田線
津久野入口,南越後観光バス（株）,"系統810, 系統820"
四ツ屋西,くびき野バス（株）,清里線
荒牧,上越市,櫛池線
国川,上越市,高谷・平山線
朝日入口,くびき野バス（株）,高田南循環線
六日町車庫前,南越後観光バス（株）,"系統910・920, 系統911・921, 系統1010・1020"
中条上,上越市,高谷・平山線
美佐島下村,南越後観光バス（株）,"系統810, 系統820"
茶屋町,頸城自動車（株）,上越大通り線（新井バスターミナル〜上越妙高駅前〜中央病院・悠久の里前）
馬場,南越後観光バス（株）,"系統1810, 系統1812, 系統1820, 系統1822"
西蒲生田第二,上越市,東飛山線
小川下,上越市,高谷・平山線
牧区総合事務所前,上越市,"高谷・平山線, 坪山線"
中江,糸魚川バス（株）,14　島道線
新戸,糸魚川バス（株）,11　中尾長者温泉線
湯の島,東頸バス（株）,浦田線
湯之島ドリーム,十日町市,市営バス　松之山地域　中立山〜大宮〜松之山
中条下,上越市,高谷・平山線
菖蒲三叉路,上越市,菖蒲線
四ツ屋,くびき野バス（株）,清里線
農協前,上越市,"宇津俣線, 高谷・平山線, 坪山線"
柳島,くびき野バス（株）,宮口線
湯山（新潟県）,東頸バス（株）,十日町線
湯山,十日町市,市営バス　松之山地域　天水〜松之山温泉〜松之山
六日町営業所前,南越後観光バス（株）,"系統610・620, 系統611, 系統621, 系統910・920, 系統911・921, 系統1010・1020"
小川上,上越市,高谷・平山線
菖蒲西,上越市,菖蒲線
清里診療所,上越市,櫛池線
清里診療所前,くびき野バス（株）,清里線
大久寺前,南越後観光バス（株）,"系統710・720, 系統711・721"
四ツ屋,頸南バス（株）,77　三針（清里）線
板倉工業団地,くびき野バス（株）,島田線
君帰入口,南越後観光バス（株）,"系統2510, 系統2520"
余川十字路,南越後観光バス（株）,"系統2510, 系統2520"
武士,くびき野バス（株）,清里線
下鰕池,十日町市,市営バス　松之山地域　藤倉〜布川〜松之山
稲増,くびき野バス（株）,島田線
藤後,糸魚川バス（株）,"13　能生線（西廻り）, 14　島道線"
下瀬戸,上越市,東飛山線
馬場,くびき野バス（株）,高田南循環線
下倉,糸魚川バス（株）,14　島道線
下倉,（株）ツカダ運輸,高倉線
菖蒲センター前,上越市,菖蒲線
和田支所前,頸城自動車（株）,上越大通り線（新井バスターミナル〜上越妙高駅前〜中央病院・悠久の里前）
水沢駅前,南越後観光バス（株）,"系統1810, 系統1812, 系統1820, 系統1822"
ほほえみ,十日町市,市営バス　松之山地域　中立山〜大宮〜松之山
寺前（十日町市）,南越後観光バス（株）,"系統1811, 系統1821"
余川三叉路,銀嶺タクシー（株）,市民バス　大巻・泉コース
余川三叉路,南越後観光バス（株）,"系統2510, 系統2520"
西平,糸魚川バス（株）,14　島道線
美佐島,南越後観光バス（株）,"系統810, 系統820"
湯山集会所前,東頸バス（株）,十日町線
湯山集会所,十日町市,市営バス　松之山地域　天水〜松之山温泉〜松之山
清里小学校前,くびき野バス（株）,清里線
牧小学校前,上越市,宇津俣線
牧小学校前,くびき野バス（株）,宮口線
尾瀬口船着場,会津乗合自動車（株）,尾瀬沼山峠〜尾瀬口船着場線
牧中学校,上越市,"宇津俣線, 高谷・平山線, 坪山線"
長生橋西,（株）ツカダ運輸,"川詰線, 高倉線"
南田中,くびき野バス（株）,清里線
下倉入口,糸魚川バス（株）,"13　能生線（西廻り）, 14　島道線"
浦本駅前,糸魚川バス（株）,"01　青海糸魚川線・能生糸魚川線, 13　能生線（西廻り）"
堀之内,南越後観光バス（株）,"系統1811, 系統1821"
槙,糸魚川バス（株）,13　能生線（西廻り）
坂井,南越後観光バス（株）,"系統810, 系統820"
尾花,糸魚川バス（株）,11　中尾長者温泉線
水沢局前,南越後観光バス（株）,"系統1810, 系統1812, 系統1820, 系統1822"
牧地区公民館前,上越市,宇津俣線
コミュニティプラザ,上越市,"高谷・平山線, 坪山線"
牧地区公民館前,くびき野バス（株）,宮口線
二ツ屋入口,十日町市,市営バス　十日町地域　六箇線
豊田（新潟県）,東頸バス（株）,浦田線
豊田,十日町市,市営バス　松之山地域　中立山〜大宮〜松之山
今曽根,頸南バス（株）,77　三針（清里）線
ナステビュウ湯の山,十日町市,市営バス　松之山地域　天水〜松之山温泉〜松之山
ナステビュウ湯の山,東頸バス（株）,十日町線
東川防雪センター,十日町市,市営バス　松之山地域　藤倉〜布川〜松之山
東川,十日町市,市営バス　松之山地域　藤倉〜布川〜松之山
寺脇,上越市,櫛池線
地頭方,くびき野バス（株）,高田南循環線
井の口,糸魚川バス（株）,14　島道線
和田小学校入口,頸城自動車（株）,上越大通り線（新井バスターミナル〜上越妙高駅前〜中央病院・悠久の里前）
菅原,くびき野バス（株）,清里線
余川,南越後観光バス（株）,"系統2510, 系統2520"
鈴倉,上越市,櫛池線
間脇,糸魚川バス（株）,"01　青海糸魚川線・能生糸魚川線, 13　能生線（西廻り）"
よろずや商店前,上越市,菖蒲線
戸狩西,くびき野バス（株）,島田線
カナヤの里入口,くびき野バス（株）,高田南循環線
上鰕池,十日町市,市営バス　松之山地域　藤倉〜布川〜松之山
槙中央,糸魚川バス（株）,13　能生線（西廻り）
津上,南越後観光バス（株）,"系統810, 系統820"
安定所前,南越後観光バス（株）,"系統810, 系統820"
二ツ屋上段,十日町市,市営バス　十日町地域　六箇線
東戸野下,上越市,櫛池線
明了寺前,糸魚川バス（株）,14　島道線
菖蒲高原線入口,上越市,菖蒲線
東戸野上,上越市,櫛池線
芋沢,南越後観光バス（株）,"系統1810, 系統1812, 系統1820, 系統1822"
六日町高校前,南越後観光バス（株）,"系統2510, 系統2520"
戸狩上,くびき野バス（株）,島田線
中浜,糸魚川バス（株）,"01　青海糸魚川線・能生糸魚川線, 13　能生線（西廻り）"
東飛山下,上越市,東飛山線
二ツ屋,十日町市,市営バス　十日町地域　六箇線
上深沢,くびき野バス（株）,清里線
今曽根入口,くびき野バス（株）,清里線
宮中三叉路,南越後観光バス（株）,"系統1811, 系統1821"
小滝,くびき野バス（株）,高田南循環線
寺町入口,頸城自動車（株）,上越大通り線（新井バスターミナル〜上越妙高駅前〜中央病院・悠久の里前）
槙・宮の前,糸魚川バス（株）,13　能生線（西廻り）
長嶺神社前,頸南バス（株）,77　三針（清里）線
稲荷前,くびき野バス（株）,高田南循環線
八幡,南越後観光バス（株）,"系統610・620, 系統611, 系統621, 系統810, 系統820, 系統910・920, 系統911・921, 系統1010・1020"
ふれ愛支援センター,南越後観光バス（株）,市民バス　城内コース
中村,糸魚川バス（株）,14　島道線
中尾長者温泉,糸魚川バス（株）,11　中尾長者温泉線
上ノ原公園入口,銀嶺タクシー（株）,市民バス　大巻・泉コース
田島,上越市,宇津俣線
東川美術館,十日町市,市営バス　松之山地域　藤倉〜布川〜松之山
西中浜,糸魚川バス（株）,"01　青海糸魚川線・能生糸魚川線, 13　能生線（西廻り）"
岩崎入口,南越後観光バス（株）,"系統810, 系統820"
銭淵公園入口,南越後観光バス（株）,市民バス　城内コース
馬屋新田,くびき野バス（株）,清里線
深沢ふれあいセンター,南越後観光バス（株）,市民バス　五十沢・大月コース
東橋,（株）ツカダ運輸,川詰線
長嶺,頸南バス（株）,77　三針（清里）線
窪田井,くびき野バス（株）,島田線
下岡,くびき野バス（株）,島田線
東飛山中,上越市,東飛山線
安吾岩,十日町市,市営バス　松之山地域　天水〜松之山温泉〜松之山
川詰宮前橋,（株）ツカダ運輸,川詰線
昆子入口,上越市,宇津俣線
上田島,くびき野バス（株）,清里線
上門前,くびき野バス（株）,高田南循環線
宮本屋商店前,（株）ツカダ運輸,川詰線
豊原小学校前,くびき野バス（株）,島田線
六日町駅前,銀嶺タクシー（株）,"市民バス　大巻・泉コース, 市民バス　上田・泉田コース"
六日町駅前,（株）魚沼中央トランスポート,"市民バス　石打・竹俣コース, 市民バス　中之島・吉里コース"
六日町駅前,南越後観光バス（株）,"系統610・620, 系統611, 系統621, 系統710・720, 系統711・721, 系統810, 系統820, 系統1010・1020, 系統2410・2420, 系統2510, 系統2520, 系統2710, 系統2711・2721, 系統2720, 市民バス　五十沢・大月コース, 市民バス　城内コース"
礼信寺前,糸魚川バス（株）,14　島道線
小栗山2区集会所,銀嶺タクシー（株）,市民バス　大巻・泉コース
船坂,十日町市,市営バス　十日町地域　六箇線
中宿,糸魚川バス（株）,"01　青海糸魚川線・能生糸魚川線, 13　能生線（西廻り）"
ディスポート前,南越後観光バス（株）,"系統710・720, 系統711・721"
コパル前,南越後観光バス（株）,"系統810, 系統820"
六日町駅角,銀嶺タクシー（株）,"市民バス　大巻・泉コース, 市民バス　上田・泉田コース"
六日町駅角,南越後観光バス（株）,"系統610・620, 系統611, 系統621, 系統710・720, 系統711・721, 系統810, 系統820, 系統910・920, 系統911・921, 系統1010・1020, 系統2510, 系統2520, 系統2710, 系統2711・2721, 系統2720, 市民バス　五十沢・大月コース, 市民バス　城内コース"
松之山温泉,東頸バス（株）,十日町線
塩曽根,くびき野バス（株）,清里線
藤倉集会所前,十日町市,市営バス　松之山地域　藤倉〜布川〜松之山
坂中集会所,十日町市,市営バス　松之山地域　中立山〜大宮〜松之山
上湯集会所,十日町市,市営バス　松之山地域　天水〜松之山温泉〜松之山
松之山温泉入口,十日町市,市営バス　松之山地域　天水〜松之山温泉〜松之山
松之山温泉入口,東頸バス（株）,十日町線
東飛山,上越市,東飛山線
滝の渡,南越後観光バス（株）,"系統1810, 系統1812, 系統1820, 系統1822"
南魚沼市役所,銀嶺タクシー（株）,"市民バス　大巻・泉コース, 市民バス　上田・泉田コース"
南魚沼市役所,（株）魚沼中央トランスポート,"市民バス　石打・竹俣コース, 市民バス　中之島・吉里コース"
南魚沼市役所,南越後観光バス（株）,"市民バス　五十沢・大月コース, 市民バス　城内コース"
溝尾,糸魚川バス（株）,13　能生線（西廻り）
中坪,十日町市,市営バス　松之山地域　天水〜松之山温泉〜松之山
島道,糸魚川バス（株）,14　島道線
ささら,頸南バス（株）,77　三針（清里）線
青田,くびき野バス（株）,高田南循環線
南能生小学校前,糸魚川バス（株）,13　能生線（西廻り）
藤倉（柿の木）,十日町市,市営バス　松之山地域　藤倉〜布川〜松之山
福祉センターしらゆり,銀嶺タクシー（株）,"市民バス　大巻・泉コース, 市民バス　上田・泉田コース"
福祉センターしらゆり,（株）魚沼中央トランスポート,"市民バス　石打・竹俣コース, 市民バス　中之島・吉里コース"
福祉センターしらゆり,南越後観光バス（株）,"市民バス　五十沢・大月コース, 市民バス　城内コース"
田井,くびき野バス（株）,島田線
あらたはま,糸魚川バス（株）,"01　青海糸魚川線・能生糸魚川線, 13　能生線（西廻り）"
馬屋西,くびき野バス（株）,清里線
銀嶺タクシー前,銀嶺タクシー（株）,"市民バス　大巻・泉コース, 市民バス　上田・泉田コース"
温泉入口,南越後観光バス（株）,"系統2710, 系統2711・2721, 系統2720, 市民バス　五十沢・大月コース, 市民バス　城内コース"
西田中,頸城自動車（株）,上越大通り線（新井バスターミナル〜上越妙高駅前〜中央病院・悠久の里前）
小栗山公民館,銀嶺タクシー（株）,市民バス　大巻・泉コース
下新田入口,南越後観光バス（株）,"系統810, 系統820, 市民バス　五十沢・大月コース"
坂戸橋東詰,南越後観光バス（株）,市民バス　城内コース
六日町中央通り,南越後観光バス（株）,"系統910・920, 系統911・921, 系統2410・2420"
藤島眼科医院,銀嶺タクシー（株）,市民バス　上田・泉田コース
宮・小沢歯科医院,南越後観光バス（株）,市民バス　五十沢・大月コース
凌雲閣ホテル前,十日町市,市営バス　松之山地域　天水〜松之山温泉〜松之山
馬屋東,くびき野バス（株）,清里線
小学校入口,南越後観光バス（株）,"系統2710, 系統2711・2721, 系統2720, 市民バス　五十沢・大月コース"
あらたはま西,糸魚川バス（株）,"01　青海糸魚川線・能生糸魚川線, 13　能生線（西廻り）"
神明橋,糸魚川バス（株）,13　能生線（西廻り）
高野,頸南バス（株）,77　三針（清里）線
馬屋センター前,くびき野バス（株）,清里線
棚田下,上越市,櫛池線
南魚沼市民会館,銀嶺タクシー（株）,市民バス　大巻・泉コース
南魚沼市民会館,南越後観光バス（株）,"市民バス　五十沢・大月コース, 市民バス　城内コース"
小原（十日町市）,南越後観光バス（株）,"系統1811, 系統1821"
コメリ・原信,銀嶺タクシー（株）,"市民バス　大巻・泉コース, 市民バス　上田・泉田コース"
コメリ・原信,（株）魚沼中央トランスポート,"市民バス　石打・竹俣コース, 市民バス　中之島・吉里コース"
コメリ・原信,南越後観光バス（株）,"市民バス　五十沢・大月コース, 市民バス　城内コース"
桜滝,上越市,宇津俣線
上百々,妙高市,妙高めぐりん　広島線
小栗山4区集会所入口,銀嶺タクシー（株）,市民バス　大巻・泉コース
小白沢,会津乗合自動車（株）,尾瀬沼山峠〜尾瀬口船着場線
吉田消防小屋,南越後観光バス（株）,市民バス　五十沢・大月コース
上中條,上越市,櫛池線
棚田,上越市,櫛池線
溝尾南,糸魚川バス（株）,13　能生線（西廻り）
桜滝倉庫前,上越市,宇津俣線
高野南,頸南バス（株）,77　三針（清里）線
小栗山5区集会所入口,銀嶺タクシー（株）,市民バス　大巻・泉コース
広島,妙高市,妙高めぐりん　広島線
旧松里保育所前,十日町市,市営バス　松之山地域　天水〜松之山温泉〜松之山
大廻,妙高市,妙高めぐりん　広島線
天水島集会所,十日町市,市営バス　松之山地域　天水〜松之山温泉〜松之山
天水島神社前,十日町市,市営バス　松之山地域　天水〜松之山温泉〜松之山
五十沢小学校前,南越後観光バス（株）,"系統810, 系統820"
梶屋敷四ツ角,糸魚川バス（株）,"01　青海糸魚川線・能生糸魚川線, 07　早川線, 13　能生線（西廻り）"
岩之下センター,マルカ・タクシー（資）,市民バス　栃窪・岩之下コース
中尾鏡ヶ池,十日町市,市営バス　松之山地域　藤倉〜布川〜松之山
田沢本村,南越後観光バス（株）,"系統1810, 系統1812, 系統1820, 系統1822"
上町三叉路,南越後観光バス（株）,"系統2710, 系統2711・2721, 系統2720, 市民バス　五十沢・大月コース"
梶屋敷駅前,糸魚川バス（株）,"01　青海糸魚川線・能生糸魚川線, 07　早川線, 13　能生線（西廻り）"
須川入口,糸魚川バス（株）,13　能生線（西廻り）
下沢田,上越市,上関田線
関根,くびき野バス（株）,島田線
干溝中央,南越後観光バス（株）,"系統1811, 系統1821"
花立,十日町市,市営バス　松之山地域　中立山〜大宮〜松之山
地域振興局前,南越後観光バス（株）,"系統910・920, 系統911・921, 系統2410・2420"
宮・さかいや,南越後観光バス（株）,市民バス　五十沢・大月コース
保健所前,南越後観光バス（株）,系統2410・2420
柳井田,頸城自動車（株）,上越大通り線（新井バスターミナル〜上越妙高駅前〜中央病院・悠久の里前）
上百々入口,妙高市,妙高めぐりん　広島線
南魚沼市民病院,銀嶺タクシー（株）,"市民バス　大巻・泉コース, 市民バス　上田・泉田コース"
南魚沼市民病院,（株）魚沼中央トランスポート,"市民バス　石打・竹俣コース, 市民バス　中之島・吉里コース"
南魚沼市民病院,南越後観光バス（株）,"系統2410・2420, 市民バス　五十沢・大月コース, 市民バス　城内コース"
宮村,南越後観光バス（株）,"系統810, 系統820"
市有東泉田住宅,南越後観光バス（株）,市民バス　五十沢・大月コース
関根入口,くびき野バス（株）,島田線
関根入口,頸南バス（株）,77　三針（清里）線
田伏,糸魚川バス（株）,"01　青海糸魚川線・能生糸魚川線, 07　早川線, 13　能生線（西廻り）"
横町,くびき野バス（株）,島田線
鶯澤,上越市,櫛池線
栗原団地,妙高市,妙高めぐりん　広島線
小川集落センター,南越後観光バス（株）,市民バス　五十沢・大月コース
北野,上越市,櫛池線
広島入口,妙高市,妙高めぐりん　広島線
立壁,糸魚川バス（株）,07　早川線
旧松里小学校前,十日町市,市営バス　松之山地域　天水〜松之山温泉〜松之山
思川・天昌寺入口,（株）魚沼中央トランスポート,市民バス　中之島・吉里コース
北野中,上越市,櫛池線
大和川小学校前,糸魚川バス（株）,"01　青海糸魚川線・能生糸魚川線, 07　早川線, 13　能生線（西廻り）"
清水瀬,南越後観光バス（株）,市民バス　五十沢・大月コース
上村診療所,十日町市,"市営バス　中里地域　東田沢線, 市営バス　中里地域　清田山線"
北新井駅入口,頸城自動車（株）,上越大通り線（新井バスターミナル〜上越妙高駅前〜中央病院・悠久の里前）
中里支所前,十日町市,"市営バス　中里地域　東田沢線, 市営バス　中里地域　清田山線"
中里支所前,南越後観光バス（株）,"系統1810, 系統1812, 系統1820, 系統1822"
鹿渡,南越後観光バス（株）,"系統3910, 系統3912・3922, 系統3913・3923, 系統3914・3924, 系統3921, 系統3925"
市柳橋交差点,妙高市,妙高めぐりん　広島線
栃窪下,マルカ・タクシー（資）,市民バス　栃窪・岩之下コース
梨窪入口,上越市,櫛池線
日の出町,南越後観光バス（株）,"系統810, 系統820"
田屋,上越市,上関田線
須川,糸魚川バス（株）,13　能生線（西廻り）
中立山入山,十日町市,市営バス　松之山地域　中立山〜大宮〜松之山
土沢入口,南越後観光バス（株）,市民バス　五十沢・大月コース
野中,南越後観光バス（株）,"系統810, 系統820"
田麦立入口,十日町市,市営バス　松之山地域　中立山〜大宮〜松之山
棚広,上越市,宇津俣線
柳井田駐在所前,妙高市,妙高めぐりん　広島線
泉田入口,南越後観光バス（株）,"系統2710, 系統2711・2721, 系統2720"
大和川,糸魚川バス（株）,"01　青海糸魚川線・能生糸魚川線, 07　早川線, 13　能生線（西廻り）"
辰ヶ平,十日町市,市営バス　十日町地域　六箇線
天水,十日町市,市営バス　松之山地域　天水〜松之山温泉〜松之山
鹿渡新田,南越後観光バス（株）,"系統3910, 系統3912・3922, 系統3913・3923, 系統3914・3924, 系統3921, 系統3925"
中里アリーナ入口,南越後観光バス（株）,"系統1811, 系統1821"
月岡,妙高市,妙高めぐりん　広島線
小石原入口,上越市,山寺薬師・菰立線
田沢小学校,十日町市,"市営バス　中里地域　東田沢線, 市営バス　中里地域　清田山線"
栃窪センター,マルカ・タクシー（資）,市民バス　栃窪・岩之下コース
サンティック前,南越後観光バス（株）,"系統910・920, 系統911・921"
倉下,上越市,宇津俣線
糸魚川東中学校前,糸魚川バス（株）,07　早川線
めぐみ野保育園前,南越後観光バス（株）,市民バス　五十沢・大月コース
原,上越市,宇津俣線
田中橋,十日町市,市営バス　松之山地域　天水〜松之山温泉〜松之山
中川T字路,南越後観光バス（株）,市民バス　五十沢・大月コース
天水越集会所,十日町市,市営バス　松之山地域　天水〜松之山温泉〜松之山
天水越南,十日町市,市営バス　松之山地域　天水〜松之山温泉〜松之山
栃窪中,マルカ・タクシー（資）,市民バス　栃窪・岩之下コース
舞台入口,南越後観光バス（株）,"系統810, 系統820"
板倉コミュニティプラザ前,上越市,"上関田線, 山寺薬師・菰立線"
板倉コミュニティプラザ前,くびき野バス（株）,島田線
板倉コミュニティプラザ前,頸南バス（株）,"73　新井・板倉線, 77　三針（清里）線"
深瀬,南越後観光バス（株）,"系統810, 系統820"
小川入口,南越後観光バス（株）,"系統810, 系統820, 市民バス　五十沢・大月コース"
保健センター,上越市,"上関田線, 山寺薬師・菰立線"
前川,糸魚川バス（株）,"01　青海糸魚川線・能生糸魚川線, 07　早川線, 13　能生線（西廻り）"
京岡集会所,南越後観光バス（株）,市民バス　五十沢・大月コース
山谷ふれあいセンター,南越後観光バス（株）,市民バス　五十沢・大月コース
東泉田集落センター,南越後観光バス（株）,市民バス　五十沢・大月コース
鹿渡公民館前,南越後観光バス（株）,"系統3910, 系統3912・3922, 系統3913・3923, 系統3914・3924, 系統3921, 系統3925"
畔地新田,南越後観光バス（株）,"系統810, 系統820"
柳井田公民館,妙高市,妙高めぐりん　広島線
竹ヶ花,糸魚川バス（株）,"01　青海糸魚川線・能生糸魚川線, 07　早川線, 13　能生線（西廻り）"
畔地,南越後観光バス（株）,"系統810, 系統820, 市民バス　五十沢・大月コース"
山崎,十日町市,"市営バス　中里地域　東田沢線, 市営バス　中里地域　清田山線"
山崎,南越後観光バス（株）,"系統2310, 系統2320, 系統1810, 系統1811, 系統1812, 系統1820, 系統1821, 系統1822"
梨窪,上越市,櫛池線
丸山橋,十日町市,市営バス　松之山地域　天水〜松之山温泉〜松之山
下米沢,上越市,山寺薬師・菰立線
中原大門橋,十日町市,市営バス　松之山地域　中立山〜大宮〜松之山
山崎神社前,南越後観光バス（株）,"系統2310, 系統2320"
梨平［米屋商店］,上越市,櫛池線
畔地新田,南越後観光バス（株）,市民バス　五十沢・大月コース
押上二丁目,糸魚川バス（株）,"01　青海糸魚川線・能生糸魚川線, 07　早川線, 13　能生線（西廻り）"
吉里集落開発センター,（株）魚沼中央トランスポート,市民バス　中之島・吉里コース
西泉田公民館,銀嶺タクシー（株）,市民バス　上田・泉田コース
板倉中学校,上越市,"上関田線, 山寺薬師・菰立線"
梨平集落センター,上越市,櫛池線
針,上越市,上関田線
針,くびき野バス（株）,島田線
竹俣,（株）魚沼中央トランスポート,市民バス　石打・竹俣コース
針,頸南バス（株）,73　新井・板倉線
中川新田,南越後観光バス（株）,市民バス　五十沢・大月コース
市営吉里団地入口,（株）魚沼中央トランスポート,市民バス　中之島・吉里コース
板倉小学校,上越市,"上関田線, 山寺薬師・菰立線"
板倉中学校前,くびき野バス（株）,島田線
物出,糸魚川バス（株）,13　能生線（西廻り）
田屋,糸魚川バス（株）,07　早川線
片田ふれあいセンター,（株）魚沼中央トランスポート,市民バス　石打・竹俣コース
押上一丁目,糸魚川バス（株）,"01　青海糸魚川線・能生糸魚川線, 04　今井線, 05　根知線, 09　市街地巡回線, 13　能生線（西廻り）"
田麦立集会所,十日町市,市営バス　松之山地域　中立山〜大宮〜松之山
新井北小学校入口,妙高市,妙高めぐりん　広島線
鹿渡駅角,南越後観光バス（株）,"系統3910, 系統3912・3922, 系統3913・3923, 系統3914・3924, 系統3921, 系統3925"
永松・松島屋商店,南越後観光バス（株）,市民バス　五十沢・大月コース
旧宮嶋小学校,上越市,上関田線
農業管理センター前,くびき野バス（株）,島田線
寺町五丁目,糸魚川バス（株）,"01　青海糸魚川線・能生糸魚川線, 04　今井線, 05　根知線, 09　市街地巡回線, 13　能生線（西廻り）"
中里中学校前,南越後観光バス（株）,"系統2310, 系統2320, 系統1810, 系統1811, 系統1812, 系統1820, 系統1821, 系統1822"
えちご押上ひすい海岸駅前,糸魚川バス（株）,"04　今井線, 08　中央大通り線, 09　市街地巡回線"
糸魚川総合病院,糸魚川バス（株）,"01　青海糸魚川線・能生糸魚川線, 02　おうみ巡回線, 03　青海通り線, 04　今井線, 05　根知線, 06　西海線, 07　早川線, 08　中央大通り線, 09　市街地巡回線, 13　能生線（西廻り）"
栗原,頸城自動車（株）,上越大通り線（新井バスターミナル〜上越妙高駅前〜中央病院・悠久の里前）
寺町四丁目,糸魚川バス（株）,"01　青海糸魚川線・能生糸魚川線, 04　今井線, 05　根知線, 09　市街地巡回線, 13　能生線（西廻り）"
針観音堂前,上越市,山寺薬師・菰立線
針観音堂前,頸南バス（株）,73　新井・板倉線
寺町三丁目,糸魚川バス（株）,"01　青海糸魚川線・能生糸魚川線, 04　今井線, 05　根知線, 09　市街地巡回線, 13　能生線（西廻り）"
下大月集落センター,南越後観光バス（株）,市民バス　五十沢・大月コース
三箇局前,南越後観光バス（株）,"系統3910, 系統3912・3922, 系統3913・3923, 系統3914・3924, 系統3921, 系統3925"
荒屋,南越後観光バス（株）,"系統2310, 系統2320, 系統1810, 系統1811, 系統1812, 系統1820, 系統1821, 系統1822"
南押上二丁目,糸魚川バス（株）,"02　おうみ巡回線, 06　西海線, 07　早川線, 08　中央大通り線, 09　市街地巡回線"
竹の俣入口,南越後観光バス（株）,"系統910・920, 系統911・921"
栗原,妙高市,妙高めぐりん　広島線
寺町二丁目,糸魚川バス（株）,"01　青海糸魚川線・能生糸魚川線, 04　今井線, 05　根知線, 09　市街地巡回線, 13　能生線（西廻り）"
竹俣新田,（株）魚沼中央トランスポート,市民バス　石打・竹俣コース
南押上,糸魚川バス（株）,"01　青海糸魚川線・能生糸魚川線, 04　今井線, 05　根知線, 07　早川線, 09　市街地巡回線"
寺町一丁目,糸魚川バス（株）,"01　青海糸魚川線・能生糸魚川線, 02　おうみ巡回線, 03　青海通り線, 04　今井線, 05　根知線, 09　市街地巡回線, 13　能生線（西廻り）"
中島,糸魚川バス（株）,07　早川線
小平,上越市,宇津俣線
正覚寺前,糸魚川バス（株）,"01　青海糸魚川線・能生糸魚川線, 02　おうみ巡回線, 03　青海通り線, 04　今井線, 05　根知線, 09　市街地巡回線, 13　能生線（西廻り）"
さくら園前,くびき野バス（株）,島田線
南押上三丁目,糸魚川バス（株）,"02　おうみ巡回線, 06　西海線, 07　早川線, 08　中央大通り線, 09　市街地巡回線"
中里中学校,十日町市,市営バス　中里地域　清田山線
中里中学校,十日町市,市営バス　中里地域　東田沢線
中里中学校入口,南越後観光バス（株）,"系統2310, 系統2320"
梨平［奈良尾］,上越市,櫛池線
厚田入口,糸魚川バス（株）,"01　青海糸魚川線・能生糸魚川線, 03　青海通り線, 04　今井線, 05　根知線, 07　早川線, 09　市街地巡回線"
塩ノ又,十日町市,市営バス　十日町地域　六箇線
曽根田,上越市,上関田線
曽根田,くびき野バス（株）,島田線
熊川,上越市,山寺薬師・菰立線
畑新田,南越後観光バス（株）,"系統2710, 系統2711・2721, 系統2720"
辰の口,南越後観光バス（株）,"系統3910, 系統3912・3922, 系統3913・3923, 系統3914・3924, 系統3921, 系統3925"
糸魚川地域振興局前,糸魚川バス（株）,"01　青海糸魚川線・能生糸魚川線, 04　今井線, 05　根知線, 06　西海線, 07　早川線"
北越銀行前,糸魚川バス（株）,05　根知線
宇津俣,上越市,宇津俣線
糸魚川地域振興局北,糸魚川バス（株）,"02　おうみ巡回線, 06　西海線, 07　早川線, 08　中央大通り線"
本町十字路,糸魚川バス（株）,"01　青海糸魚川線・能生糸魚川線, 02　おうみ巡回線, 03　青海通り線, 04　今井線, 07　早川線, 09　市街地巡回線, 13　能生線（西廻り）"
東田沢,十日町市,市営バス　中里地域　東田沢線
京岡新田ふれあいセンター,南越後観光バス（株）,市民バス　五十沢・大月コース
四ツ角,糸魚川バス（株）,"01　青海糸魚川線・能生糸魚川線, 02　おうみ巡回線, 03　青海通り線, 04　今井線, 05　根知線, 07　早川線, 09　市街地巡回線, 13　能生線（西廻り）"
栗原上,頸城自動車（株）,上越大通り線（新井バスターミナル〜上越妙高駅前〜中央病院・悠久の里前）
鷹ノ巣,会津乗合自動車（株）,尾瀬沼山峠〜尾瀬口船着場線
国賀,妙高市,妙高めぐりん　広島線
辰の口公民館前,南越後観光バス（株）,"系統3910, 系統3912・3922, 系統3913・3923, 系統3914・3924, 系統3921, 系統3925"
糸魚川駅,糸魚川バス（株）,02　おうみ巡回線
糸魚川東小学校前,糸魚川バス（株）,"02　おうみ巡回線, 06　西海線, 07　早川線, 08　中央大通り線"
横町一丁目,糸魚川バス（株）,"01　青海糸魚川線・能生糸魚川線, 02　おうみ巡回線, 03　青海通り線, 09　市街地巡回線, 13　能生線（西廻り）"
糸魚川駅日本海口,糸魚川バス（株）,"01　青海糸魚川線・能生糸魚川線, 03　青海通り線, 04　今井線, 05　根知線, 07　早川線, 09　市街地巡回線, 13　能生線（西廻り）"
熊川,頸南バス（株）,73　新井・板倉線
平牛入口,糸魚川バス（株）,"03　青海通り線, 09　市街地巡回線"
蛭窪,南越後観光バス（株）,市民バス　五十沢・大月コース
原信前,南越後観光バス（株）,"系統910・920, 系統911・921"
駒返,南越後観光バス（株）,"系統2310, 系統1810, 系統1811, 系統1812"
永松集落センター,南越後観光バス（株）,市民バス　五十沢・大月コース
柵口北,糸魚川バス（株）,13　能生線（西廻り）
ハローワーク前,糸魚川バス（株）,"01　青海糸魚川線・能生糸魚川線, 02　おうみ巡回線, 03　青海通り線, 08　中央大通り線, 09　市街地巡回線, 13　能生線（西廻り）"
ひばの木,糸魚川バス（株）,07　早川線
下平牛,糸魚川バス（株）,"01　青海糸魚川線・能生糸魚川線, 03　青海通り線, 04　今井線, 05　根知線, 06　西海線, 07　早川線, 09　市街地巡回線"
上牧,上越市,宇津俣線
石原橋,南越後観光バス（株）,"系統2310, 系統2320, 系統1810, 系統1811, 系統1812, 系統1820, 系統1821, 系統1822"
横町二丁目,糸魚川バス（株）,"02　おうみ巡回線, 08　中央大通り線, 09　市街地巡回線"
糸魚川駅アルプス口,糸魚川バス（株）,"03　青海通り線, 06　西海線, 07　早川線, 08　中央大通り線, 09　市街地巡回線, 10　美山公園・博物館線"
金城集会所,南越後観光バス（株）,市民バス　五十沢・大月コース
南寺町三丁目,糸魚川バス（株）,"02　おうみ巡回線, 06　西海線, 07　早川線, 08　中央大通り線"
横町五丁目,糸魚川バス（株）,"01　青海糸魚川線・能生糸魚川線, 02　おうみ巡回線, 03　青海通り線, 08　中央大通り線, 09　市街地巡回線, 13　能生線（西廻り）"
京ヶ峰東,糸魚川バス（株）,"03　青海通り線, 09　市街地巡回線"
通り山,南越後観光バス（株）,"系統2310, 系統2320"
六分区,（株）魚沼中央トランスポート,"市民バス　石打・竹俣コース, 市民バス　中之島・吉里コース"
別所,上越市,上関田線
栗原ニュータウン,妙高市,妙高めぐりん　広島線
しまだ医院（ひばの木）,（有）早川観光タクシー,西山線
府殿,上越市,宇津俣線
糸魚川小学校前,糸魚川バス（株）,"04　今井線, 05　根知線, 07　早川線"
堀切,糸魚川バス（株）,07　早川線
糸魚川高校入口,糸魚川バス（株）,"01　青海糸魚川線・能生糸魚川線, 03　青海通り線, 04　今井線, 05　根知線, 06　西海線, 07　早川線, 09　市街地巡回線"
国賀入口,妙高市,妙高めぐりん　広島線
新寺島,糸魚川バス（株）,"01　青海糸魚川線・能生糸魚川線, 02　おうみ巡回線, 03　青海通り線"
南寺町一丁目,糸魚川バス（株）,"02　おうみ巡回線, 03　青海通り線, 06　西海線, 07　早川線, 08　中央大通り線"
島入口,南越後観光バス（株）,"系統910・920, 系統911・921"
稲塚,頸城自動車（株）,上越大通り線（新井バスターミナル〜上越妙高駅前〜中央病院・悠久の里前）
塩沢郵便局,（株）魚沼中央トランスポート,"市民バス　石打・竹俣コース, 市民バス　中之島・吉里コース"
京ヶ峰二丁目（谷村美術館）,糸魚川バス（株）,09　市街地巡回線
ほっとランド,妙高市,妙高めぐりん　広島線
中央二丁目,糸魚川バス（株）,"03　青海通り線, 06　西海線, 07　早川線, 08　中央大通り線"
元ハピー早川店前,（有）早川観光タクシー,西山線
山部入口,上越市,山寺薬師・菰立線
柵口,糸魚川バス（株）,13　能生線（西廻り）
上大月十字路,南越後観光バス（株）,市民バス　五十沢・大月コース
熊川新田,頸南バス（株）,73　新井・板倉線
蓮台寺一丁目,糸魚川バス（株）,"03　青海通り線, 09　市街地巡回線"
京ヶ峰一丁目,糸魚川バス（株）,09　市街地巡回線
卯の木,南越後観光バス（株）,"系統2310, 系統2320, 系統1810, 系統1811, 系統1812, 系統1820, 系統1821, 系統1822"
旭橋々詰,南越後観光バス（株）,"系統2710, 系統2711・2721, 系統2720"
糸魚川市役所入口,糸魚川バス（株）,"06　西海線, 07　早川線, 08　中央大通り線, 09　市街地巡回線, 10　美山公園・博物館線"
糸魚川市役所,糸魚川バス（株）,"03　青海通り線, 09　市街地巡回線"
蓮台寺入口（翡翠園）,糸魚川バス（株）,"03　青海通り線, 09　市街地巡回線"
糸魚川白嶺高校北,糸魚川バス（株）,"06　西海線, 07　早川線, 08　中央大通り線, 09　市街地巡回線, 10　美山公園・博物館線"
一の宮二丁目,糸魚川バス（株）,"03　青海通り線, 09　市街地巡回線"
塩沢庁舎,（株）魚沼中央トランスポート,"市民バス　石打・竹俣コース, 市民バス　中之島・吉里コース"
塩沢庁舎,マルカ・タクシー（資）,市民バス　栃窪・岩之下コース
大崎町公民館,妙高市,妙高めぐりん　広島線
外丸北,南越後観光バス（株）,"系統3910, 系統3912・3922, 系統3913・3923, 系統3914・3924, 系統3921, 系統3925"
豊里,十日町市,市営バス　中里地域　東田沢線
金城の里,銀嶺タクシー（株）,市民バス　上田・泉田コース
長表公民館,銀嶺タクシー（株）,市民バス　上田・泉田コース
上刈,糸魚川バス（株）,"04　今井線, 05　根知線, 06　西海線, 09　市街地巡回線, 10　美山公園・博物館線"
塩沢駅角,南越後観光バス（株）,"系統910・920, 系統911・921"
山部,上越市,山寺薬師・菰立線
青柳下,上越市,櫛池線
泉盛寺,（株）魚沼中央トランスポート,市民バス　石打・竹俣コース
新町北,糸魚川バス（株）,07　早川線
卯の木上口,南越後観光バス（株）,"系統2310, 系統2320, 系統1810, 系統1811, 系統1812, 系統1820, 系統1821, 系統1822"
ショッピングセンター入口,糸魚川バス（株）,"02　おうみ巡回線, 04　今井線, 05　根知線, 08　中央大通り線, 09　市街地巡回線"
平牛,糸魚川バス（株）,06　西海線
長表入口,南越後観光バス（株）,"系統2710, 系統2711・2721, 系統2720"
平ヶ岳入口,会津乗合自動車（株）,尾瀬沼山峠〜尾瀬口船着場線
達野,上越市,上関田線
健康づくりセンターはぴねす,糸魚川バス（株）,02　おうみ巡回線
旧山部小学校,上越市,山寺薬師・菰立線
塩沢商工入口,（株）魚沼中央トランスポート,市民バス　中之島・吉里コース
吉増,頸南バス（株）,73　新井・板倉線
青柳上,上越市,櫛池線
寺島西,糸魚川バス（株）,"01　青海糸魚川線・能生糸魚川線, 02　おうみ巡回線, 03　青海通り線"
下早川郵便局,（有）早川観光タクシー,西山線
新町,糸魚川バス（株）,07　早川線
温泉センター前,糸魚川バス（株）,13　能生線（西廻り）
稲荷様入口,南越後観光バス（株）,"系統2310, 系統2320"
山部上,上越市,山寺薬師・菰立線
須沢臨海公園入口,糸魚川バス（株）,02　おうみ巡回線
高柳,頸城自動車（株）,上越大通り線（新井バスターミナル〜上越妙高駅前〜中央病院・悠久の里前）
高柳,妙高市,妙高めぐりん　広島線
上平牛,糸魚川バス（株）,06　西海線
高柳団地下,妙高市,妙高めぐりん　広島線
姫川港入口,糸魚川バス（株）,02　おうみ巡回線
青柳,上越市,櫛池線
田麦平,糸魚川バス（株）,13　能生線（西廻り）
塩沢上口,南越後観光バス（株）,"系統910・920, 系統911・921"
糸魚川中学校,糸魚川バス（株）,"04　今井線, 05　根知線, 06　西海線"
玉水,糸魚川バス（株）,"04　今井線, 05　根知線, 09　市街地巡回線"
新道,糸魚川バス（株）,07　早川線
早川観光タクシー,（有）早川観光タクシー,西山線
石塚公園前,妙高市,妙高めぐりん　広島線
市之口,頸南バス（株）,73　新井・板倉線
上十日町,（株）魚沼中央トランスポート,市民バス　中之島・吉里コース
早稲田屋酒店,（株）魚沼中央トランスポート,市民バス　石打・竹俣コース
姫川橋詰,糸魚川バス（株）,"01　青海糸魚川線・能生糸魚川線, 02　おうみ巡回線, 03　青海通り線"
須沢児童遊園前,糸魚川バス（株）,02　おうみ巡回線
赤池,上越市,櫛池線
桔梗原,十日町市,市営バス　中里地域　清田山線
揚石医院,アイエムタクシー（株）,岡沢ルート定期運行
揚石医院,新井タクシー（株）,関山ルート（定期運行）
三郎丸,南越後観光バス（株）,"系統2710, 系統2711・2721, 系統2720"
中之宮,上越市,山寺薬師・菰立線
外丸本村,南越後観光バス（株）,"系統3910, 系統3912・3922, 系統3913・3923, 系統3914・3924, 系統3921, 系統3925"
新須沢,糸魚川バス（株）,"01　青海糸魚川線・能生糸魚川線, 02　おうみ巡回線"
下早川小学校入口,糸魚川バス（株）,07　早川線
田沢小学校前,糸魚川バス（株）,01　青海糸魚川線・能生糸魚川線
上米沢入口,頸南バス（株）,73　新井・板倉線
八千川橋,糸魚川バス（株）,02　おうみ巡回線
雲洞公民館,銀嶺タクシー（株）,市民バス　上田・泉田コース
目来,南越後観光バス（株）,"系統910・920, 系統911・921"
美山団地入口,糸魚川バス（株）,10　美山公園・博物館線
十二の木,南越後観光バス（株）,"系統2310, 系統2320, 系統1810, 系統1811, 系統1812, 系統1820, 系統1821, 系統1822"
下羽生,糸魚川バス（株）,06　西海線
高柳団地上,妙高市,妙高めぐりん　広島線
須沢東,糸魚川バス（株）,02　おうみ巡回線
新白土前,糸魚川バス（株）,01　青海糸魚川線・能生糸魚川線
石塚町,妙高市,妙高めぐりん　広島線
須沢南,糸魚川バス（株）,"01　青海糸魚川線・能生糸魚川線, 02　おうみ巡回線, 03　青海通り線"
横道,銀嶺タクシー（株）,市民バス　上田・泉田コース
清長寺集会所,（株）魚沼中央トランスポート,市民バス　石打・竹俣コース
吉木,頸南バス（株）,73　新井・板倉線
新姫川橋,糸魚川バス（株）,"01　青海糸魚川線・能生糸魚川線, 02　おうみ巡回線, 03　青海通り線"
外丸公民館前,南越後観光バス（株）,"系統3910, 系統3912・3922, 系統3913・3923, 系統3914・3924, 系統3921, 系統3925"
滝川原,糸魚川バス（株）,07　早川線
雲洞入口,南越後観光バス（株）,"系統2710, 系統2711・2721, 系統2720"
イチコ入口,アイエムタクシー（株）,岡沢ルート定期運行
イチコ入口,新井タクシー（株）,関山ルート（定期運行）
ほっこり館,（株）ツカダ運輸,きらら青海・玉の木線
ほっこり館前,糸魚川バス（株）,"02　おうみ巡回線, 03　青海通り線"
高道山,南越後観光バス（株）,"系統2310, 系統2320"
大里公民館,（株）魚沼中央トランスポート,市民バス　中之島・吉里コース
新田海,糸魚川バス（株）,01　青海糸魚川線・能生糸魚川線
谷根入口,糸魚川バス（株）,07　早川線
下関田,上越市,上関田線
明星セメント前,糸魚川バス（株）,"04　今井線, 05　根知線, 09　市街地巡回線"
西海小学校前,糸魚川バス（株）,06　西海線
ゆくら妻有,十日町市,市営バス　中里地域　清田山線
今村新田入口,糸魚川バス（株）,"02　おうみ巡回線, 03　青海通り線"
健康センター前,糸魚川バス（株）,"02　おうみ巡回線, 03　青海通り線"
吉木学校前,頸南バス（株）,73　新井・板倉線
下筒方,上越市,上関田線
上段,南越後観光バス（株）,"系統2310, 系統2320, 系統1810, 系統1811, 系統1812, 系統1820, 系統1821, 系統1822, 系統4310・4320"
巻下,南越後観光バス（株）,"系統3910, 系統3912・3922, 系統3913・3923, 系統3914・3924, 系統3921, 系統3925"
新中島,糸魚川バス（株）,01　青海糸魚川線・能生糸魚川線
下町,妙高市,妙高めぐりん　広島線
諏訪町,頸城自動車（株）,上越大通り線（新井バスターミナル〜上越妙高駅前〜中央病院・悠久の里前）
諏訪町,妙高市,妙高めぐりん　広島線
諏訪町,頸南バス（株）,73　新井・板倉線
関川町上,頸南バス（株）,73　新井・板倉線
関川町,妙高市,妙高めぐりん　広島線
関川町下,頸南バス（株）,73　新井・板倉線
外丸郵便局前,南越後観光バス（株）,"系統3910, 系統3912・3922, 系統3913・3923, 系統3914・3924, 系統3921, 系統3925"
鷹羽,十日町市,市営バス　中里地域　東田沢線
宮中,糸魚川バス（株）,07　早川線
岩山,糸魚川バス（株）,07　早川線
東雲町（妙高市）,頸城自動車（株）,上越大通り線（新井バスターミナル〜上越妙高駅前〜中央病院・悠久の里前）
東雲町,妙高市,妙高めぐりん　広島線
坪野入口,糸魚川バス（株）,07　早川線
中村（中）,南越後観光バス（株）,"系統910・920, 系統911・921"
原山団地,糸魚川バス（株）,10　美山公園・博物館線
越,糸魚川バス（株）,07　早川線
越,（有）早川観光タクシー,西山線
五十原,糸魚川バス（株）,07　早川線
ハローワーク前,妙高市,妙高めぐりん　広島線
早川公民館,銀嶺タクシー（株）,市民バス　上田・泉田コース
朝日町ショッピングセンター入口,妙高市,妙高めぐりん　広島線
田海,糸魚川バス（株）,"02　おうみ巡回線, 03　青海通り線"
市之越,十日町市,市営バス　中里地域　東田沢線
切込橋,糸魚川バス（株）,07　早川線
上越国際スキー場前,（株）魚沼中央トランスポート,市民バス　石打・竹俣コース
小木六公民館,（株）魚沼中央トランスポート,市民バス　中之島・吉里コース
早川,南越後観光バス（株）,"系統2710, 系統2711・2721, 系統2720"
朴木沢公民館前,南越後観光バス（株）,"系統2310, 系統2320"
新寺地,糸魚川バス（株）,01　青海糸魚川線・能生糸魚川線
総合福祉会館ふれあい,糸魚川バス（株）,02　おうみ巡回線
朝日町ショッピングセンター入口,頸南バス（株）,73　新井・板倉線
朝日町ショッピングプラザ前,妙高市,"妙高めぐりん　原通線, 妙高めぐりん　矢代線, 妙高めぐりん　広島線"
朝日町ショッピングプラザ前,アイエムタクシー（株）,岡沢ルート定期運行
朝日町ショッピングプラザ前,新井タクシー（株）,関山ルート（定期運行）
朝日町ショッピングプラザ前,NPO法人みずほっと,"みずほっとコミバス　平丸線, みずほっとコミバス　上小沢線"
朝日町ショッピングプラザ前,NPO法人いきいき長沢,コミュニティバス　長沢線
芋川公民館,十日町市,市営バス　中里地域　清田山線
JAえちご上越新井支店,アイエムタクシー（株）,岡沢ルート定期運行
JAえちご上越新井支店,新井タクシー（株）,関山ルート（定期運行）
小島,南越後観光バス（株）,"系統3910, 系統3912・3922, 系統3913・3923, 系統3914・3924, 系統3921, 系統3925"
田海川西,糸魚川バス（株）,02　おうみ巡回線
中町,頸城自動車（株）,上越大通り線（新井バスターミナル〜上越妙高駅前〜中央病院・悠久の里前）
中町,新井タクシー（株）,関山ルート（定期運行）
中町,NPO法人いきいき長沢,コミュニティバス　長沢線
西飛山,糸魚川バス（株）,13　能生線（西廻り）
新井駅前,アイエムタクシー（株）,岡沢ルート定期運行
新井駅前,NPO法人いきいき長沢,コミュニティバス　長沢線
新井駅前,妙高市,妙高めぐりん　矢代線
新井駅,新井タクシー（株）,関山ルート（定期運行）
新井駅前,頸南バス（株）,73　新井・板倉線
上段集落センター前,南越後観光バス（株）,系統4310・4320
栗沢,上越市,上関田線
中村十字路,南越後観光バス（株）,系統911・921
上羽生,糸魚川バス（株）,06　西海線
山添社公園前,糸魚川バス（株）,03　青海通り線
新井バスターミナル,頸南バス（株）,73　新井・板倉線
新井バスターミナル,頸城自動車（株）,上越大通り線（新井バスターミナル〜上越妙高駅前〜中央病院・悠久の里前）
新井バスターミナル,妙高市,"妙高めぐりん　原通線, 妙高めぐりん　矢代線, 妙高めぐりん　広島線, 妙高めぐりん　長沢スクールバス"
新井バスターミナル,アイエムタクシー（株）,岡沢ルート定期運行
バスターミナル,新井タクシー（株）,関山ルート（定期運行）
新井バスターミナル,NPO法人みずほっと,"みずほっとコミバス　平丸線, みずほっとコミバス　上小沢線"
中町,アイエムタクシー（株）,岡沢ルート定期運行
寺地坂上,糸魚川バス（株）,02　おうみ巡回線
いきいきプラザ前,頸城自動車（株）,上越大通り線（新井バスターミナル〜上越妙高駅前〜中央病院・悠久の里前）
いきいきプラザ前,妙高市,"妙高めぐりん　原通線, 妙高めぐりん　矢代線, 妙高めぐりん　広島線"
いきいきプラザ前,NPO法人みずほっと,"みずほっとコミバス　平丸線, みずほっとコミバス　上小沢線"
いきいきプラザ前,NPO法人いきいき長沢,コミュニティバス　長沢線
新名引,糸魚川バス（株）,01　青海糸魚川線・能生糸魚川線
音坂,糸魚川バス（株）,07　早川線
青海中学校入口,糸魚川バス（株）,"02　おうみ巡回線, 03　青海通り線"
田海川東,糸魚川バス（株）,02　おうみ巡回線
名引西,糸魚川バス（株）,01　青海糸魚川線・能生糸魚川線
枝吉集会所,銀嶺タクシー（株）,市民バス　上田・泉田コース
上早川郵便局（音坂）,（有）早川観光タクシー,西山線
フォッサマグナミュージアム,糸魚川バス（株）,10　美山公園・博物館線
きらら青海入口,糸魚川バス（株）,01　青海糸魚川線・能生糸魚川線
白山町入口,妙高市,妙高めぐりん　矢代線
白山町入口,NPO法人みずほっと,"みずほっとコミバス　平丸線, みずほっとコミバス　上小沢線"
名引東,糸魚川バス（株）,02　おうみ巡回線
寺地,糸魚川バス（株）,03　青海通り線
白山町1丁目,妙高市,妙高めぐりん　矢代線
白山町1丁目,NPO法人みずほっと,みずほっとコミバス　平丸線
名引支館前,糸魚川バス（株）,02　おうみ巡回線
道の駅あらい,妙高市,妙高めぐりん　矢代線
白山町2丁目,NPO法人みずほっと,みずほっとコミバス　上小沢線
白山町2丁目,妙高市,"妙高めぐりん　矢代線, 妙高めぐりん　広島線"
大野新田,上越市,上関田線
妙高市役所西口前,新井タクシー（株）,関山ルート（定期運行）
妙高市役所西口前（平成クリニック）,アイエムタクシー（株）,岡沢ルート定期運行
美山公園下,糸魚川バス（株）,"04　今井線, 05　根知線"
青海事務所前,糸魚川バス（株）,02　おうみ巡回線
美山公園,糸魚川バス（株）,10　美山公園・博物館線
宮沢,南越後観光バス（株）,"系統2310, 系統2320"
深田,糸魚川バス（株）,03　青海通り線
上早川小学校前,糸魚川バス（株）,07　早川線
青海駅入口,糸魚川バス（株）,01　青海糸魚川線・能生糸魚川線
上町,頸南バス（株）,73　新井・板倉線
上町,妙高市,"妙高めぐりん　原通線, 妙高めぐりん　矢代線, 妙高めぐりん　広島線"
上町,NPO法人みずほっと,みずほっとコミバス　上小沢線
上町,NPO法人いきいき長沢,コミュニティバス　長沢線
本町一丁目,糸魚川バス（株）,02　おうみ巡回線
藤波歯科医院前,（株）ツカダ運輸,きらら青海・玉の木線
名引,糸魚川バス（株）,03　青海通り線
倉俣郵便局,十日町市,市営バス　中里地域　清田山線
きらら青海前,（株）ツカダ運輸,きらら青海・玉の木線
青海港町,糸魚川バス（株）,01　青海糸魚川線・能生糸魚川線
釜塚,上越市,山寺薬師・菰立線
長者ヶ原考古館前,糸魚川バス（株）,10　美山公園・博物館線
津南小学校,南越後観光バス（株）,"系統3713, 系統3715・3725, 系統3724, 系統3910, 系統3921"
きらら青海,糸魚川バス（株）,02　おうみ巡回線
上越国際スキー場入口,南越後観光バス（株）,系統910・920
中之島入口,南越後観光バス（株）,"系統2710, 系統2711・2721, 系統2720"
津南小学校前,南越後観光バス（株）,"系統2310, 系統2320, 系統1810, 系統1811, 系統1812, 系統1820, 系統1821, 系統1822, 系統4310・4320"
津南駅前,南越後観光バス（株）,"系統3910, 系統3912・3922, 系統3913・3923, 系統3914・3924, 系統3921, 系統3925"
新井小学校入口,妙高市,妙高めぐりん　矢代線
新井小学校入口,NPO法人みずほっと,みずほっとコミバス　平丸線
田町1丁目,新井タクシー（株）,関山ルート（定期運行）
田町1丁目,NPO法人みずほっと,みずほっとコミバス　上小沢線
田町1丁目,NPO法人いきいき長沢,コミュニティバス　長沢線
田町1丁目,頸南バス（株）,73　新井・板倉線
田町1丁目,妙高市,"妙高めぐりん　原通線, 妙高めぐりん　矢代線, 妙高めぐりん　広島線"
田町1丁目,アイエムタクシー（株）,岡沢ルート定期運行
東長森,妙高市,妙高めぐりん　矢代線
青海駅,糸魚川バス（株）,02　おうみ巡回線
青海駅前,（株）ツカダ運輸,きらら青海・玉の木線
中野三叉路,南越後観光バス（株）,系統911・921
上羽生南,糸魚川バス（株）,06　西海線
宮花町,（株）ツカダ運輸,きらら青海・玉の木線
青海小学校前,糸魚川バス（株）,"02　おうみ巡回線, 03　青海通り線"
八竜神社,（株）魚沼中央トランスポート,市民バス　中之島・吉里コース
南田中,（株）魚沼中央トランスポート,市民バス　石打・竹俣コース
南田中,南越後観光バス（株）,系統910・920
白山町3丁目,NPO法人みずほっと,みずほっとコミバス　上小沢線
白山町3丁目,妙高市,"妙高めぐりん　矢代線, 妙高めぐりん　広島線"
田町2丁目,新井タクシー（株）,関山ルート（定期運行）
田町2丁目,NPO法人みずほっと,みずほっとコミバス　上小沢線
田町2丁目,NPO法人いきいき長沢,コミュニティバス　長沢線
田町2丁目,頸南バス（株）,73　新井・板倉線
田町2丁目,妙高市,"妙高めぐりん　原通線, 妙高めぐりん　矢代線, 妙高めぐりん　広島線"
田町2丁目,アイエムタクシー（株）,岡沢ルート定期運行
青海中学校前,糸魚川バス（株）,02　おうみ巡回線
横マクリ,糸魚川バス（株）,02　おうみ巡回線
みなかみの里,NPO法人みずほっと,みずほっとコミバス　上小沢線
青海寺町,糸魚川バス（株）,"02　おうみ巡回線, 03　青海通り線"
西長森,妙高市,妙高めぐりん　矢代線
割野本田,南越後観光バス（株）,"系統3910, 系統3912・3922, 系統3913・3923, 系統3914・3924, 系統3921, 系統3925"
けいなん総合病院,頸南バス（株）,73　新井・板倉線
けいなん総合病院,妙高市,"妙高めぐりん　原通線, 妙高めぐりん　矢代線, 妙高めぐりん　広島線, 妙高めぐりん　長沢スクールバス"
けいなん総合病院,アイエムタクシー（株）,岡沢ルート定期運行
けいなん総合病院,新井タクシー（株）,関山ルート（定期運行）
けいなん総合病院,NPO法人みずほっと,"みずほっとコミバス　平丸線, みずほっとコミバス　上小沢線"
けいなん総合病院,NPO法人いきいき長沢,コミュニティバス　長沢線
八千川地内,糸魚川バス（株）,04　今井線
大沢駅前,（株）魚沼中央トランスポート,市民バス　石打・竹俣コース
姫川駅前,糸魚川バス（株）,05　根知線
北斗町,糸魚川バス（株）,"01　青海糸魚川線・能生糸魚川線, 02　おうみ巡回線, 03　青海通り線"
古川・牧之庵,（株）魚沼中央トランスポート,市民バス　中之島・吉里コース
美守原信,妙高市,妙高めぐりん　原通線
美守原信,NPO法人みずほっと,"みずほっとコミバス　平丸線, みずほっとコミバス　上小沢線"
原信前,アイエムタクシー（株）,岡沢ルート定期運行
原信前,新井タクシー（株）,関山ルート（定期運行）
学校前,NPO法人みずほっと,みずほっとコミバス　平丸線
学校町,妙高市,妙高めぐりん　矢代線
寒い谷,糸魚川バス（株）,07　早川線
頭山,糸魚川バス（株）,04　今井線
長森入口,妙高市,妙高めぐりん　矢代線
小杉,（株）魚沼中央トランスポート,市民バス　中之島・吉里コース
槻岡寺入口,銀嶺タクシー（株）,市民バス　上田・泉田コース
金清坊,南越後観光バス（株）,"系統2710, 系統2711・2721, 系統2720"
古川,南越後観光バス（株）,系統911・921
末広町,妙高市,"妙高めぐりん　矢代線, 妙高めぐりん　広島線"
末広町,NPO法人みずほっと,みずほっとコミバス　上小沢線
文化ホール入口,妙高市,"妙高めぐりん　矢代線, 妙高めぐりん　広島線"
文化ホール入口,NPO法人みずほっと,"みずほっとコミバス　平丸線, みずほっとコミバス　上小沢線"
新井中学校,妙高市,"妙高めぐりん　矢代線, 妙高めぐりん　広島線, 妙高めぐりん　長沢スクールバス"
新井中学校,NPO法人みずほっと,みずほっとコミバス　上小沢線
小出雲十字路,妙高市,妙高めぐりん　原通線
小出雲十字路,アイエムタクシー（株）,岡沢ルート定期運行
小出雲十字路,新井タクシー（株）,関山ルート（定期運行）
小出雲十字路,NPO法人みずほっと,"みずほっとコミバス　平丸線, みずほっとコミバス　上小沢線"
小出雲十字路,NPO法人いきいき長沢,コミュニティバス　長沢線
錦町,妙高市,妙高めぐりん　矢代線
白羽毛,南越後観光バス（株）,"系統2310, 系統2320"
上新保,NPO法人みずほっと,みずほっとコミバス　上小沢線
総合センター前,南越後観光バス（株）,"系統2310, 系統2320, 系統1810, 系統1811, 系統1812, 系統1820, 系統1821, 系統1822, 系統3724, 系統3921, 系統4310・4320"
小出雲3下,新井タクシー（株）,関山ルート（定期運行）
小出雲3丁目下,妙高市,妙高めぐりん　原通線
小出雲3丁目下,NPO法人みずほっと,"みずほっとコミバス　平丸線, みずほっとコミバス　上小沢線"
小出雲3丁目下,NPO法人いきいき長沢,コミュニティバス　長沢線
姫川団地入口,糸魚川バス（株）,05　根知線
西貝屋,上越市,山寺薬師・菰立線
津南中学校,南越後観光バス（株）,"系統3513・3523, 系統3522, 系統3713, 系統3715・3725, 系統3910, 系統3914・3924, 系統3925, 系統4211・4221, 系統4212・4222"
水保,糸魚川バス（株）,06　西海線
釜川橋,十日町市,市営バス　中里地域　清田山線
上関田,上越市,上関田線
電化口,糸魚川バス（株）,"01　青海糸魚川線・能生糸魚川線, 02　おうみ巡回線, 03　青海通り線"
高畑,糸魚川バス（株）,02　おうみ巡回線
至誠会・ふくがくちの里前,糸魚川バス（株）,02　おうみ巡回線
北山発電所入口,（有）早川観光タクシー,西山線
下長崎,南越後観光バス（株）,"系統2710, 系統2711・2721, 系統2720"
病院入口,南越後観光バス（株）,"系統3511・3521, 系統3522, 系統3710・3720, 系統3712・3722, 系統3910, 系統3912・3922, 系統3913・3923, 系統3914・3924, 系統3921, 系統3925, 系統4210・4220, 系統4211・4221"
菰立,上越市,山寺薬師・菰立線
梶屋北,糸魚川バス（株）,04　今井線
陣場下,南越後観光バス（株）,"系統2310, 系統2320, 系統1810, 系統1811, 系統1812, 系統1820, 系統1821, 系統1822, 系統3513・3523, 系統3522, 系統3713, 系統3715・3725, 系統3724, 系統4211・4221, 系統4212・4222, 系統4310・4320"
貝坂入口,南越後観光バス（株）,系統4310・4320
中子公民館,（株）魚沼中央トランスポート,市民バス　中之島・吉里コース
大木六,南越後観光バス（株）,系統911・921
上中,妙高市,妙高めぐりん　矢代線
小出雲3上,新井タクシー（株）,関山ルート（定期運行）
小出雲3丁目上,妙高市,妙高めぐりん　原通線
小出雲3丁目上,NPO法人みずほっと,"みずほっとコミバス　平丸線, みずほっとコミバス　上小沢線"
小出雲3丁目上,NPO法人いきいき長沢,コミュニティバス　長沢線
山中入口,糸魚川バス（株）,06　西海線
一ツ屋,糸魚川バス（株）,05　根知線
陣場下中央,南越後観光バス（株）,"系統3511・3521, 系統3522, 系統3710・3720, 系統3712・3722, 系統3910, 系統3912・3922, 系統3913・3923, 系統3914・3924, 系統3921, 系統3925, 系統4210・4220, 系統4211・4221"
五郎丸消防小屋,（株）魚沼中央トランスポート,市民バス　中之島・吉里コース
津南病院,南越後観光バス（株）,"系統3511・3521, 系統3522, 系統3710・3720, 系統3712・3722, 系統3913・3923, 系統3925, 系統4210・4220, 系統4211・4221"
経塚山入口,アイエムタクシー（株）,岡沢ルート定期運行
高畑支館前,糸魚川バス（株）,02　おうみ巡回線
石曾根,糸魚川バス（株）,"01　青海糸魚川線・能生糸魚川線, 02　おうみ巡回線, 03　青海通り線"
大沢入口,南越後観光バス（株）,系統910・920
掛之下公民館,銀嶺タクシー（株）,市民バス　上田・泉田コース
大窪,（株）魚沼中央トランスポート,市民バス　石打・竹俣コース
下長崎神社前,南越後観光バス（株）,"系統2710, 系統2711・2721, 系統2720"
砂押公民館,（株）魚沼中央トランスポート,市民バス　石打・竹俣コース
三ツ俣,妙高市,妙高めぐりん　矢代線
大平,糸魚川バス（株）,07　早川線
阿部電機商会,銀嶺タクシー（株）,市民バス　上田・泉田コース
津南役場前,南越後観光バス（株）,"系統2310, 系統2320, 系統1810, 系統1811, 系統1812, 系統1820, 系統1821, 系統1822, 系統3511・3521, 系統3513・3523, 系統3522, 系統3710・3720, 系統3712・3722, 系統3713, 系統3715・3725, 系統3724, 系統3912・3922, 系統3913・3923, 系統4210・4220, 系統4211・4221, 系統4212・4222, 系統4310・4320"
北山白山社前交差点,（有）早川観光タクシー,西山線
越後上田郵便局前,南越後観光バス（株）,"系統2710, 系統2711・2721, 系統2720"
旭町,南越後観光バス（株）,"系統3510・3520, 系統3511・3521, 系統3513・3523, 系統3522"
機織,上越市,山寺薬師・菰立線
下東ノ木十字路,（株）魚沼中央トランスポート,市民バス　石打・竹俣コース
一ツ屋裏,糸魚川バス（株）,05　根知線
貝坂公民館前,南越後観光バス（株）,系統4310・4320
地蔵尊,妙高市,妙高めぐりん　矢代線
西野谷,妙高市,妙高めぐりん　矢代線
津南,南越後観光バス（株）,"系統2310, 系統2320, 系統1810, 系統1811, 系統1812, 系統1820, 系統1821, 系統1822, 系統3510・3520, 系統3511・3521, 系統3522, 系統3710・3720, 系統3712・3722, 系統3713, 系統3715・3725, 系統3724, 系統3912・3922, 系統3913・3923, 系統4210・4220, 系統4211・4221, 系統4212・4222, 系統4310・4320"
横地,糸魚川バス（株）,02　おうみ巡回線
間町,妙高市,妙高めぐりん　矢代線
小出雲2丁目,アイエムタクシー（株）,岡沢ルート定期運行
西野谷本田,妙高市,妙高めぐりん　矢代線
坪池集落開発センター,（株）魚沼中央トランスポート,市民バス　中之島・吉里コース
山寺薬師,上越市,山寺薬師・菰立線
園田博様宅前,（有）早川観光タクシー,西山線
寺前（南魚沼市）,南越後観光バス（株）,系統911・921
砂押,南越後観光バス（株）,系統910・920
程島,南越後観光バス（株）,"系統2310, 系統2320"
井沢,糸魚川バス（株）,06　西海線
中等教育学校前,南越後観光バス（株）,"系統3510・3520, 系統3511・3521, 系統3513・3523, 系統3522"
志,妙高市,妙高めぐりん　矢代線
広道,南越後観光バス（株）,"系統2710, 系統2711・2721, 系統2720"
広道公民館,銀嶺タクシー（株）,市民バス　上田・泉田コース
前田原,（株）魚沼中央トランスポート,市民バス　中之島・吉里コース
姫川原,妙高市,妙高めぐりん　原通線
姫川原,新井タクシー（株）,関山ルート（定期運行）
姫川原,NPO法人みずほっと,"みずほっとコミバス　平丸線, みずほっとコミバス　上小沢線"
姫川原,NPO法人いきいき長沢,コミュニティバス　長沢線
梶屋,糸魚川バス（株）,04　今井線
土倉,糸魚川バス（株）,07　早川線
霜越清三様宅前,（有）早川観光タクシー,西山線
重地入口,十日町市,市営バス　中里地域　清田山線
朴の木坂,南越後観光バス（株）,系統4310・4320
一本木,糸魚川バス（株）,05　根知線
一本木入口,糸魚川バス（株）,05　根知線
津南営業所前,南越後観光バス（株）,"系統1810, 系統1811, 系統1812, 系統1820, 系統1821, 系統1822, 系統3912・3922, 系統3913・3923, 系統4310・4320"
窪,妙高市,妙高めぐりん　矢代線
芦ケ崎入口,南越後観光バス（株）,"系統4210・4220, 系統4211・4221, 系統4212・4222"
津南営業所前,南越後観光バス（株）,"系統2310, 系統2320, 系統3710・3720, 系統3711・3721, 系統3712・3722, 系統3713, 系統3715・3725, 系統3724"
釜落,南越後観光バス（株）,"系統3510・3520, 系統3511・3521, 系統3513・3523, 系統3522"
砂場会館前,（有）早川観光タクシー,西山線
中之島小学校入口,南越後観光バス（株）,系統911・921
君沢公民館入口,（株）魚沼中央トランスポート,市民バス　石打・竹俣コース
やすらぎ荘,上越市,山寺薬師・菰立線
矢代局前,妙高市,妙高めぐりん　矢代線
田屋入口,妙高市,妙高めぐりん　矢代線
白岩正広様宅前,（有）早川観光タクシー,西山線
論丸消防小屋,（株）魚沼中央トランスポート,市民バス　中之島・吉里コース
土倉上,糸魚川バス（株）,07　早川線
西野谷新田,妙高市,妙高めぐりん　矢代線
重地,十日町市,市営バス　中里地域　清田山線
田中,糸魚川バス（株）,06　西海線
大沢,糸魚川バス（株）,"01　青海糸魚川線・能生糸魚川線, 02　おうみ巡回線, 03　青海通り線"
上田農村環境改善センター,銀嶺タクシー（株）,市民バス　上田・泉田コース
窪入口,妙高市,妙高めぐりん　矢代線
吉山,南越後観光バス（株）,系統911・921
東山寺,上越市,山寺薬師・菰立線
仙石,南越後観光バス（株）,系統911・921
両善寺北部,妙高市,妙高めぐりん　矢代線
姫川原学校前,妙高市,妙高めぐりん　原通線
姫川原学校前,新井タクシー（株）,関山ルート（定期運行）
姫川原学校前,NPO法人みずほっと,"みずほっとコミバス　平丸線, みずほっとコミバス　上小沢線"
姫川原学校前,NPO法人いきいき長沢,コミュニティバス　長沢線
東の木,南越後観光バス（株）,系統910・920
板橋,アイエムタクシー（株）,岡沢ルート定期運行
三本木新田下,妙高市,妙高めぐりん　矢代線
越渡,南越後観光バス（株）,系統4310・4320
歌地区入口,（株）ツカダ運輸,きらら青海・玉の木線
猿供養寺,上越市,山寺薬師・菰立線
西中,糸魚川バス（株）,04　今井線
芦ケ崎本村,南越後観光バス（株）,"系統4210・4220, 系統4211・4221, 系統4212・4222"
親不知駅前,（株）ツカダ運輸,きらら青海・玉の木線
西野谷入口,妙高市,妙高めぐりん　矢代線
三本木新田,妙高市,妙高めぐりん　矢代線
中条,糸魚川バス（株）,06　西海線
芝野入口（かどや前）,銀嶺タクシー（株）,市民バス　上田・泉田コース
芝野入口,南越後観光バス（株）,"系統2710, 系統2711・2721, 系統2720"
西久々野,上越市,山寺薬師・菰立線
矢代小学校前,妙高市,妙高めぐりん　矢代線
中之島診療所,（株）魚沼中央トランスポート,市民バス　中之島・吉里コース
重地上口,十日町市,市営バス　中里地域　清田山線
丸池新田,（株）魚沼中央トランスポート,市民バス　中之島・吉里コース
糸魚川高等職業訓練校前,糸魚川バス（株）,04　今井線
下舞子,南越後観光バス（株）,系統911・921
両善寺,妙高市,妙高めぐりん　矢代線
道の駅ゆきあかり,南越後観光バス（株）,系統910・920
上久々野入口,上越市,山寺薬師・菰立線
森林組合前,南越後観光バス（株）,"系統3510・3520, 系統3511・3521, 系統3513・3523, 系統3522"
頸城大野駅前,糸魚川バス（株）,05　根知線
歌外波小学校入口前,（株）ツカダ運輸,きらら青海・玉の木線
米原入口,南越後観光バス（株）,系統4310・4320
道平,糸魚川バス（株）,06　西海線
新田,糸魚川バス（株）,07　早川線
原集落開発センター,（株）魚沼中央トランスポート,市民バス　中之島・吉里コース
川上,妙高市,妙高めぐりん　長沢スクールバス
川上,NPO法人みずほっと,みずほっとコミバス　上小沢線
友楽里館,妙高市,妙高めぐりん　矢代線
米原3区,南越後観光バス（株）,系統4310・4320
親不知交流センター前,（株）ツカダ運輸,きらら青海・玉の木線
新井新田入口,妙高市,妙高めぐりん　矢代線
船山新田,南越後観光バス（株）,"系統3510・3520, 系統3511・3521, 系統3513・3523, 系統3522"
道の駅ゆきあかり診療所,（株）魚沼中央トランスポート,市民バス　石打・竹俣コース
釜沢下,糸魚川バス（株）,06　西海線
下一日市・法授寺入口,（株）魚沼中央トランスポート,市民バス　石打・竹俣コース
クアハウス津南,南越後観光バス（株）,"系統2310, 系統2320, 系統3710・3720, 系統3711・3721, 系統3712・3722, 系統3713, 系統3715・3725, 系統3724"
稲葉橋,妙高市,妙高めぐりん　矢代線
小下里,南越後観光バス（株）,"系統2310, 系統2320, 系統3710・3720, 系統3711・3721, 系統3712・3722, 系統3713, 系統3715・3725, 系統3724"
久保田,新井タクシー（株）,関山ルート（定期運行）
ピアパーク入口,（株）ツカダ運輸,きらら青海・玉の木線
中谷内,糸魚川バス（株）,04　今井線
両善寺下,妙高市,妙高めぐりん　矢代線
中宿,妙高市,妙高めぐりん　原通線
中宿,NPO法人みずほっと,"みずほっとコミバス　平丸線, みずほっとコミバス　上小沢線"
中宿,NPO法人いきいき長沢,コミュニティバス　長沢線
上舞子,南越後観光バス（株）,系統911・921
下一日市,南越後観光バス（株）,系統910・920
釜沢,糸魚川バス（株）,06　西海線
外波三叉路,（株）ツカダ運輸,きらら青海・玉の木線
大御堂公民館,（株）魚沼中央トランスポート,市民バス　石打・竹俣コース
菅沼下,妙高市,妙高めぐりん　矢代線
米原公民館,南越後観光バス（株）,系統4310・4320
大野小学校前,糸魚川バス（株）,05　根知線
横新田,銀嶺タクシー（株）,市民バス　上田・泉田コース
横新田,南越後観光バス（株）,"系統2710, 系統2711・2721, 系統2720"
柄沢・来泉寺,（株）魚沼中央トランスポート,市民バス　中之島・吉里コース
高冷地センター,南越後観光バス（株）,系統4310・4320
両善寺中,妙高市,妙高めぐりん　矢代線
釜沢上,糸魚川バス（株）,06　西海線
船山,南越後観光バス（株）,"系統3510・3520, 系統3511・3521, 系統3513・3523, 系統3522"
中里下山,十日町市,市営バス　中里地域　清田山線
東田尻,南越後観光バス（株）,"系統2310, 系統2320"
湯川内下,糸魚川バス（株）,07　早川線
反里,南越後観光バス（株）,"系統2310, 系統2320, 系統3710・3720, 系統3711・3721, 系統3712・3722, 系統3713, 系統3715・3725, 系統3724"
大野地区公民館前,糸魚川バス（株）,05　根知線
小原（南魚沼市）,南越後観光バス（株）,系統911・921
菅沼,妙高市,妙高めぐりん　矢代線
坂井平,妙高市,妙高めぐりん　原通線
坂井平,NPO法人みずほっと,"みずほっとコミバス　平丸線, みずほっとコミバス　上小沢線"
坂井平,NPO法人いきいき長沢,コミュニティバス　長沢線
高床山入口,新井タクシー（株）,関山ルート（定期運行）
真木,糸魚川バス（株）,06　西海線
高棚登口,銀嶺タクシー（株）,市民バス　上田・泉田コース
船山中央,南越後観光バス（株）,"系統3510・3520, 系統3511・3521, 系統3513・3523, 系統3522"
両善寺上,妙高市,妙高めぐりん　矢代線
宮野下公民館,（株）魚沼中央トランスポート,市民バス　石打・竹俣コース
瀬戸口,南越後観光バス（株）,"系統2310, 系統2320"
湯川内,糸魚川バス（株）,07　早川線
上菅沼,妙高市,妙高めぐりん　矢代線
万条新田,南越後観光バス（株）,系統911・921
上一日市,（株）魚沼中央トランスポート,市民バス　石打・竹俣コース
小松沢十字路,銀嶺タクシー（株）,市民バス　上田・泉田コース
藤沢,アイエムタクシー（株）,岡沢ルート定期運行
上長崎,南越後観光バス（株）,"系統2710, 系統2711・2721, 系統2720"
麻苧田,新井タクシー（株）,関山ルート（定期運行）
大井平入口,南越後観光バス（株）,"系統2310, 系統2320, 系統3710・3720, 系統3711・3721, 系統3712・3722, 系統3713, 系統3715・3725, 系統3724"
湯川内センター前,糸魚川バス（株）,07　早川線
小刈,南越後観光バス（株）,系統910・920
菅沼プラント前,妙高市,妙高めぐりん　矢代線
今井,南越後観光バス（株）,"系統2310, 系統2320, 系統3710・3720, 系統3711・3721, 系統3712・3722, 系統3713, 系統3715・3725, 系統3724"
灰雨,南越後観光バス（株）,"系統2310, 系統2320, 系統3710・3720, 系統3711・3721, 系統3712・3722, 系統3713, 系統3715・3725, 系統3724"
台上入口,銀嶺タクシー（株）,市民バス　上田・泉田コース
粟倉,糸魚川バス（株）,06　西海線
子種,南越後観光バス（株）,"系統2310, 系統2320, 系統3710・3720, 系統3711・3721, 系統3712・3722, 系統3713, 系統3715・3725, 系統3724"
赤沢入口,南越後観光バス（株）,"系統4210・4220, 系統4211・4221, 系統4212・4222"
焼山温泉,糸魚川バス（株）,07　早川線
鳥坂発電所前,妙高市,妙高めぐりん　原通線
鳥坂発電所前,NPO法人みずほっと,"みずほっとコミバス　平丸線, みずほっとコミバス　上小沢線"
鳥坂発電所前,NPO法人いきいき長沢,コミュニティバス　長沢線
小坂ふれあいセンター前,糸魚川バス（株）,05　根知線
滝谷村中,銀嶺タクシー（株）,市民バス　上田・泉田コース
西福田,アイエムタクシー（株）,岡沢ルート定期運行
姥島下口,南越後観光バス（株）,系統911・921
姥沢入口,南越後観光バス（株）,"系統2710, 系統2711・2721, 系統2720"
足滝入口,南越後観光バス（株）,"系統2310, 系統2320, 系統3710・3720, 系統3711・3721, 系統3712・3722, 系統3713, 系統3715・3725, 系統3724"
湯川内上,糸魚川バス（株）,07　早川線
堂平,南越後観光バス（株）,系統4310・4320
親不知観光ホテル前,（株）ツカダ運輸,きらら青海・玉の木線
中津,南越後観光バス（株）,"系統3510・3520, 系統3511・3521, 系統3513・3523, 系統3522"
姥台公民館,銀嶺タクシー（株）,市民バス　上田・泉田コース
上郷支所前,南越後観光バス（株）,"系統2310, 系統2320, 系統3710・3720, 系統3711・3721, 系統3712・3722, 系統3713, 系統3715・3725, 系統3724"
姥島新田,南越後観光バス（株）,系統911・921
藤沢上,アイエムタクシー（株）,岡沢ルート定期運行
上大野,糸魚川バス（株）,05　根知線
清田山,十日町市,市営バス　中里地域　清田山線
貝瀬材木自宅前,銀嶺タクシー（株）,市民バス　上田・泉田コース
前新田,南越後観光バス（株）,"系統4210・4220, 系統4211・4221, 系統4212・4222"
伊藤接骨院前,新井タクシー（株）,関山ルート（定期運行）
伊藤接骨院前,アイエムタクシー（株）,岡沢ルート定期運行
逆巻,南越後観光バス（株）,"系統2310, 系統2320, 系統3710・3720, 系統3711・3721, 系統3712・3722, 系統3713, 系統3715・3725, 系統3724"
堀之内,妙高市,妙高めぐりん　原通線
堀之内,NPO法人みずほっと,"みずほっとコミバス　平丸線, みずほっとコミバス　上小沢線"
堀之内,NPO法人いきいき長沢,コミュニティバス　長沢線
二本木駅,アイエムタクシー（株）,岡沢ルート定期運行
二本木駅,新井タクシー（株）,関山ルート（定期運行）
羽倉入口,南越後観光バス（株）,"系統2310, 系統2320, 系統3712・3722, 系統3715・3725"
二本木駅入口,アイエムタクシー（株）,岡沢ルート定期運行
石打下口,南越後観光バス（株）,"系統910・920, 系統911・921"
今田屋米店,（株）魚沼中央トランスポート,市民バス　石打・竹俣コース
倉下入口,南越後観光バス（株）,"系統2310, 系統2320"
赤沢東,南越後観光バス（株）,"系統4210・4220, 系統4211・4221, 系統4212・4222"
角間,南越後観光バス（株）,"系統2310, 系統2320"
赤沢支所前,南越後観光バス（株）,"系統4210・4220, 系統4211・4221, 系統4212・4222"
上神字（上姥沢入口）,銀嶺タクシー（株）,市民バス　上田・泉田コース
まきはたの里,銀嶺タクシー（株）,市民バス　上田・泉田コース
坂本,新井タクシー（株）,関山ルート（定期運行）
上野鉱泉,南越後観光バス（株）,"系統2310, 系統2320"
上野,（株）魚沼中央トランスポート,市民バス　石打・竹俣コース
上野,南越後観光バス（株）,"系統2310, 系統2320"
日曹生協前,アイエムタクシー（株）,岡沢ルート定期運行
源内山,南越後観光バス（株）,系統4310・4320
田代入口,十日町市,市営バス　中里地域　清田山線
中深見本村,南越後観光バス（株）,"系統3510・3520, 系統3511・3521, 系統3513・3523, 系統3522"
上堀之内,妙高市,"妙高めぐりん　原通線, 妙高めぐりん　長沢スクールバス"
上堀之内,NPO法人みずほっと,"みずほっとコミバス　平丸線, みずほっとコミバス　上小沢線"
上堀之内,NPO法人いきいき長沢,コミュニティバス　長沢線
上郷小学校前,南越後観光バス（株）,"系統3710・3720, 系統3711・3721, 系統3712・3722, 系統3713, 系統3715・3725, 系統3724"
妙高ハイツ前,アイエムタクシー（株）,岡沢ルート定期運行
大丸屋隣,（株）魚沼中央トランスポート,市民バス　石打・竹俣コース
小濁入口,NPO法人みずほっと,みずほっとコミバス　上小沢線
清津峡入口,南越後観光バス（株）,"系統2310, 系統2320"
上小沢上,NPO法人みずほっと,みずほっとコミバス　上小沢線
望月医院前,アイエムタクシー（株）,岡沢ルート定期運行
望月医院前,新井タクシー（株）,関山ルート（定期運行）
江端第2,アイエムタクシー（株）,岡沢ルート定期運行
坪山集落センター前,NPO法人みずほっと,みずほっとコミバス　上小沢線
笹倉温泉,糸魚川バス（株）,07　早川線
石打駅角,南越後観光バス（株）,"系統910・920, 系統911・921"
来海沢,糸魚川バス（株）,06　西海線
日曹エンジニアリング前,アイエムタクシー（株）,岡沢ルート定期運行
中郷小学校前,アイエムタクシー（株）,岡沢ルート定期運行
中郷小学校前,新井タクシー（株）,関山ルート（定期運行）
祭の神,十日町市,市営バス　中里地域　清田山線
大濁,NPO法人みずほっと,みずほっとコミバス　上小沢線
沢口バス停,銀嶺タクシー（株）,市民バス　上田・泉田コース
沢口,南越後観光バス（株）,"系統2710, 系統2711・2721, 系統2720"
岡沢,アイエムタクシー（株）,岡沢ルート定期運行
石打郵便局前,南越後観光バス（株）,"系統2310, 系統2320"
山本,糸魚川バス（株）,05　根知線
田代,十日町市,市営バス　中里地域　清田山線
下濁川,NPO法人みずほっと,みずほっとコミバス　上小沢線
金山入口,アイエムタクシー（株）,岡沢ルート定期運行
上小沢東,NPO法人みずほっと,みずほっとコミバス　上小沢線
谷内公民館前,南越後観光バス（株）,"系統4210・4220, 系統4211・4221, 系統4212・4222"
金山第3,アイエムタクシー（株）,岡沢ルート定期運行
除戸,妙高市,妙高めぐりん　原通線
除戸,NPO法人みずほっと,"みずほっとコミバス　平丸線, みずほっとコミバス　上小沢線"
除戸,NPO法人いきいき長沢,コミュニティバス　長沢線
坪山,NPO法人みずほっと,みずほっとコミバス　上小沢線
石打・丸仁,（株）魚沼中央トランスポート,市民バス　石打・竹俣コース
上小沢,NPO法人みずほっと,みずほっとコミバス　上小沢線
桔梗屋前,（株）ツカダ運輸,きらら青海・玉の木線
新明建設,銀嶺タクシー（株）,市民バス　上田・泉田コース
江端第4,アイエムタクシー（株）,岡沢ルート定期運行
上小沢倉庫前,NPO法人みずほっと,みずほっとコミバス　上小沢線
秋成公民館前,南越後観光バス（株）,"系統3510・3520, 系統3511・3521, 系統3513・3523, 系統3522"
宮野原本村,南越後観光バス（株）,"系統3710・3720, 系統3711・3721, 系統3712・3722, 系統3713, 系統3715・3725, 系統3724"
公民館前,NPO法人みずほっと,みずほっとコミバス　上小沢線
金山集会所前,アイエムタクシー（株）,岡沢ルート定期運行
市振小学校前,（株）ツカダ運輸,きらら青海・玉の木線
中郷区総合事務所前,アイエムタクシー（株）,岡沢ルート定期運行
はりまや石打店,（株）魚沼中央トランスポート,市民バス　石打・竹俣コース
石打観光口,南越後観光バス（株）,"系統910・920, 系統911・921, 系統2310, 系統2320"
新井南小学校前,妙高市,"妙高めぐりん　原通線, 妙高めぐりん　長沢スクールバス"
新井南小学校前,NPO法人みずほっと,"みずほっとコミバス　平丸線, みずほっとコミバス　上小沢線"
新井南小学校前,NPO法人いきいき長沢,コミュニティバス　長沢線
市振駅前,（株）ツカダ運輸,きらら青海・玉の木線
岡,南越後観光バス（株）,"系統4210・4220, 系統4211・4221, 系統4212・4222"
秋成駐在所前,南越後観光バス（株）,"系統3510・3520, 系統3511・3521, 系統3513・3523, 系統3522"
玉ノ木,（株）ツカダ運輸,きらら青海・玉の木線
泉農協前,NPO法人みずほっと,みずほっとコミバス　上小沢線
白山神社前,新井タクシー（株）,関山ルート（定期運行）
馬場神社前,NPO法人みずほっと,みずほっとコミバス　上小沢線
原通入口,妙高市,妙高めぐりん　原通線
原通入口,NPO法人みずほっと,"みずほっとコミバス　平丸線, みずほっとコミバス　上小沢線"
原通入口,NPO法人いきいき長沢,コミュニティバス　長沢線
反里口,南越後観光バス（株）,"系統3510・3520, 系統3511・3521, 系統3513・3523, 系統3522"
城原,南越後観光バス（株）,"系統4210・4220, 系統4211・4221, 系統4212・4222"
大滝荘,NPO法人みずほっと,みずほっとコミバス　上小沢線
蟹沢,南越後観光バス（株）,"系統2710, 系統2720"
朴木沢,南越後観光バス（株）,"系統3710・3720, 系統3711・3721, 系統3712・3722, 系統3713, 系統3715・3725, 系統3724"
泉局前,NPO法人みずほっと,みずほっとコミバス　上小沢線
一之沢,銀嶺タクシー（株）,市民バス　上田・泉田コース
木成入口,NPO法人みずほっと,みずほっとコミバス　上小沢線
二本木本村,新井タクシー（株）,関山ルート（定期運行）
克雪センター前,妙高市,妙高めぐりん　原通線
馬場下,NPO法人みずほっと,みずほっとコミバス　上小沢線
石打中央口,南越後観光バス（株）,"系統910・920, 系統911・921, 系統2310, 系統2320"
跡坂,NPO法人みずほっと,みずほっとコミバス　平丸線
跡坂,NPO法人いきいき長沢,コミュニティバス　長沢線
はーとぴあ中郷前,アイエムタクシー（株）,岡沢ルート定期運行
相吉西口,南越後観光バス（株）,"系統4210・4220, 系統4211・4221, 系統4212・4222"
愛広苑前,妙高市,妙高めぐりん　原通線
今新田,南越後観光バス（株）,"系統4210・4220, 系統4211・4221, 系統4212・4222"
二本木本村上,新井タクシー（株）,関山ルート（定期運行）
丸山,南越後観光バス（株）,"系統3510・3520, 系統3511・3521, 系統3513・3523, 系統3522"
五十嵐,（株）魚沼中央トランスポート,市民バス　石打・竹俣コース
和屋,NPO法人みずほっと,みずほっとコミバス　上小沢線
江口,NPO法人みずほっと,みずほっとコミバス　上小沢線
相吉,南越後観光バス（株）,"系統4210・4220, 系統4211・4221, 系統4212・4222"
芦の沢入口,NPO法人みずほっと,みずほっとコミバス　上小沢線
相吉東口,南越後観光バス（株）,"系統4210・4220, 系統4211・4221, 系統4212・4222"
東菅沼,NPO法人みずほっと,みずほっとコミバス　上小沢線
松崎,新井タクシー（株）,関山ルート（定期運行）
小原,妙高市,妙高めぐりん　原通線
松崎上,新井タクシー（株）,関山ルート（定期運行）
小局上,NPO法人みずほっと,みずほっとコミバス　上小沢線
大貝,NPO法人みずほっと,みずほっとコミバス　上小沢線
仁王堂,糸魚川バス（株）,05　根知線
小局下,NPO法人みずほっと,みずほっとコミバス　上小沢線
中子（津南町）,南越後観光バス（株）,"系統4210・4220, 系統4211・4221, 系統4212・4222"
中村入口,糸魚川バス（株）,05　根知線
大原下,妙高市,妙高めぐりん　原通線
仁王堂入口,糸魚川バス（株）,05　根知線
根知駅前,糸魚川バス（株）,05　根知線
根小屋,糸魚川バス（株）,05　根知線
中子中央,南越後観光バス（株）,"系統4210・4220, 系統4211・4221, 系統4212・4222"
東中,糸魚川バス（株）,05　根知線
小池,南越後観光バス（株）,"系統3710・3720, 系統3711・3721, 系統3712・3722, 系統3713, 系統3715・3725, 系統3724"
樽見,NPO法人みずほっと,みずほっとコミバス　平丸線
樽見,NPO法人いきいき長沢,コミュニティバス　長沢線
古町,糸魚川バス（株）,05　根知線
市屋,新井タクシー（株）,関山ルート（定期運行）
中子入口,南越後観光バス（株）,"系統4210・4220, 系統4211・4221, 系統4212・4222"
栗山,糸魚川バス（株）,05　根知線
寺尾,NPO法人ふるさとづくり妙高,コミュニティバス　大鹿・樽本線
山崎,糸魚川バス（株）,05　根知線
大原,妙高市,妙高めぐりん　原通線
大原,NPO法人ふるさとづくり妙高,コミュニティバス　大鹿・樽本線
東橋西,糸魚川バス（株）,05　根知線
坂下,妙高市,妙高めぐりん　原通線
坂下,NPO法人ふるさとづくり妙高,コミュニティバス　大鹿・樽本線
石打ハツカ石口,南越後観光バス（株）,"系統910・920, 系統911・921, 系統2310, 系統2320"
中山入口,南越後観光バス（株）,"系統3510・3520, 系統3511・3521, 系統3513・3523, 系統3522"
下沢,糸魚川バス（株）,05　根知線
祖父竹,NPO法人ふるさとづくり妙高,コミュニティバス　大鹿・樽本線
中原,妙高市,妙高めぐりん　原通線
中原,NPO法人ふるさとづくり妙高,コミュニティバス　大鹿・樽本線
上野,糸魚川バス（株）,05　根知線
加用,南越後観光バス（株）,"系統3710・3720, 系統3711・3721, 系統3712・3722, 系統3713, 系統3715・3725, 系統3724"
今府,NPO法人ふるさとづくり妙高,コミュニティバス　大鹿・樽本線
上市屋,新井タクシー（株）,関山ルート（定期運行）
楡島,NPO法人みずほっと,みずほっとコミバス　平丸線
楡島,NPO法人いきいき長沢,コミュニティバス　長沢線
霧谷橋,NPO法人みずほっと,みずほっとコミバス　平丸線
大沢新田,NPO法人みずほっと,みずほっとコミバス　平丸線
窪田,NPO法人ふるさとづくり妙高,コミュニティバス　大鹿・樽本線
片貝,新井タクシー（株）,関山ルート（定期運行）
井口,糸魚川バス（株）,05　根知線
東関,NPO法人みずほっと,みずほっとコミバス　平丸線
西谷後,南越後観光バス（株）,"系統2710, 系統2720"
大塚,NPO法人ふるさとづくり妙高,コミュニティバス　大鹿・樽本線
太田新田,南越後観光バス（株）,"系統3510・3520, 系統3511・3521, 系統3513・3523, 系統3522"
和泉,糸魚川バス（株）,05　根知線
井口上,糸魚川バス（株）,05　根知線
西田屋,妙高市,妙高めぐりん　原通線
西田屋,NPO法人ふるさとづくり妙高,コミュニティバス　大鹿・樽本線
猿橋下,NPO法人みずほっと,みずほっとコミバス　平丸線
猿橋下,NPO法人いきいき長沢,コミュニティバス　長沢線
猿橋,妙高市,妙高めぐりん　長沢スクールバス
猿橋,NPO法人みずほっと,みずほっとコミバス　平丸線
猿橋,NPO法人いきいき長沢,コミュニティバス　長沢線
福崎,新井タクシー（株）,関山ルート（定期運行）
見玉入口,南越後観光バス（株）,"系統3510・3520, 系統3511・3521, 系統3513・3523, 系統3522"
平丸隧道,NPO法人みずほっと,みずほっとコミバス　平丸線
田中,NPO法人ふるさとづくり妙高,コミュニティバス　大鹿・樽本線
清水入口,南越後観光バス（株）,"系統2710, 系統2720"
見玉,南越後観光バス（株）,"系統3510・3520, 系統3511・3521, 系統3513・3523, 系統3522"
宮野原入口,新井タクシー（株）,関山ルート（定期運行）
根知地区公民館前,糸魚川バス（株）,05　根知線
平丸入口,NPO法人みずほっと,みずほっとコミバス　平丸線
岡十字路,妙高市,妙高めぐりん　原通線
岡十字路,NPO法人ふるさとづくり妙高,コミュニティバス　大鹿・樽本線
長沢原,NPO法人いきいき長沢,コミュニティバス　長沢線
百ノ木,南越後観光バス（株）,"系統3710・3720, 系統3711・3721, 系統3712・3722, 系統3713, 系統3715・3725, 系統3724"
原通コミセン,NPO法人ふるさとづくり妙高,コミュニティバス　大鹿・樽本線
中島集会所,NPO法人ふるさとづくり妙高,コミュニティバス　大鹿・樽本線
上町屋下,糸魚川バス（株）,05　根知線
山崎歯科医院前,新井タクシー（株）,関山ルート（定期運行）
下平丸,NPO法人みずほっと,みずほっとコミバス　平丸線
清水,南越後観光バス（株）,"系統2710, 系統2720"
中島,妙高市,妙高めぐりん　原通線
中島,NPO法人ふるさとづくり妙高,コミュニティバス　大鹿・樽本線
岡,NPO法人ふるさとづくり妙高,コミュニティバス　大鹿・樽本線
上町屋,糸魚川バス（株）,05　根知線
平丸会館前,NPO法人みずほっと,みずほっとコミバス　平丸線
旧民芸品創作館前,NPO法人みずほっと,みずほっとコミバス　平丸線
花房,NPO法人ふるさとづくり妙高,コミュニティバス　大鹿・樽本線
松ヶ峰温泉入口,新井タクシー（株）,関山ルート（定期運行）
ひばり荘前,新井タクシー（株）,関山ルート（定期運行）
橋本,妙高市,妙高めぐりん　原通線
橋本,NPO法人ふるさとづくり妙高,コミュニティバス　大鹿・樽本線
原通郵便局,NPO法人ふるさとづくり妙高,コミュニティバス　大鹿・樽本線
湯之沢入口,南越後観光バス（株）,"系統910・920, 系統911・921, 系統2310, 系統2320"
上平丸中村,NPO法人みずほっと,みずほっとコミバス　平丸線
稲荷山,新井タクシー（株）,関山ルート（定期運行）
上平丸,NPO法人みずほっと,みずほっとコミバス　平丸線
中栗下,NPO法人いきいき長沢,コミュニティバス　長沢線
下中入口,南越後観光バス（株）,"系統910・920, 系統911・921, 系統2310, 系統2320"
大鹿入口,妙高市,妙高めぐりん　原通線
大鹿入口,NPO法人ふるさとづくり妙高,コミュニティバス　大鹿・樽本線
大神堂入口,糸魚川バス（株）,05　根知線
福田,NPO法人ふるさとづくり妙高,コミュニティバス　大鹿・樽本線
大鹿西,妙高市,妙高めぐりん　原通線
大鹿西,NPO法人ふるさとづくり妙高,コミュニティバス　大鹿・樽本線
大鹿,妙高市,妙高めぐりん　原通線
大鹿,NPO法人ふるさとづくり妙高,コミュニティバス　大鹿・樽本線
中村武様宅前（岡）,（有）糸魚川タクシー,夏中・小滝駅線
四ツ屋十字路,NPO法人ふるさとづくり妙高,コミュニティバス　大鹿・樽本線
ふれあいパーク,NPO法人ふるさとづくり妙高,コミュニティバス　大鹿・樽本線
楽町,南越後観光バス（株）,"系統910・920, 系統911・921, 系統2310, 系統2320"
シーサイドバレースキー場前,糸魚川バス（株）,05　根知線
旧小学校前,南越後観光バス（株）,"系統1312・1322, 系統1313"
北沢三,NPO法人ふるさとづくり妙高,コミュニティバス　妙高病院線
葎生,NPO法人ふるさとづくり妙高,コミュニティバス　大鹿・樽本線
文京村前,新井タクシー（株）,関山ルート（定期運行）
湯沢車庫前,南越後観光バス（株）,"系統910・920, 系統911・921, 系統2310, 系統2320"
中栗,NPO法人いきいき長沢,コミュニティバス　長沢線
温泉街入口,南越後観光バス（株）,"系統910・920, 系統911・921, 系統2310, 系統2320"
葎生集会所,NPO法人ふるさとづくり妙高,コミュニティバス　大鹿・樽本線
山口,糸魚川バス（株）,05　根知線
ナルス前,新井タクシー（株）,関山ルート（定期運行）
湯沢医療センター前,南越後観光バス（株）,"系統910・920, 系統911・921, 系統1210・1220, 系統1212・1222, 系統1310・1320, 系統1311・1321, 系統1312・1322, 系統1313, 系統1510・1520, 系統1511, 系統1512・1522, 系統1513・1523, 系統1521, 系統2310, 系統2320"
北沢,妙高市,妙高めぐりん　関・燕温泉線
北沢,新井タクシー（株）,関山ルート（定期運行）
北沢,NPO法人ふるさとづくり妙高,コミュニティバス　妙高病院線
小滝診療所（公民館）,（有）糸魚川タクシー,夏中・小滝駅線
関山ナルス前,妙高市,妙高めぐりん　関・燕温泉線
関山ナルス前,NPO法人ふるさとづくり妙高,"コミュニティバス　大谷・桶海線, コミュニティバス　大鹿・樽本線, コミュニティバス　妙高病院線"
小滝駅,（有）糸魚川タクシー,夏中・小滝駅線
宮の原,NPO法人ふるさとづくり妙高,コミュニティバス　大鹿・樽本線
旧関山駅,NPO法人ふるさとづくり妙高,"コミュニティバス　大谷・桶海線, コミュニティバス　妙高病院線"
葎生入口,NPO法人ふるさとづくり妙高,コミュニティバス　大鹿・樽本線
湯沢駅前,南越後観光バス（株）,"系統910・920, 系統911・921, 系統1210・1220, 系統1212・1222, 系統1310・1320, 系統1311・1321, 系統1312・1322, 系統1313, 系統1510・1520, 系統1511, 系統1512・1522, 系統1513・1523, 系統1521, 系統2310, 系統2320"
湯沢役場前,南越後観光バス（株）,"系統1210・1220, 系統1212・1222, 系統1310・1320, 系統1311・1321, 系統1312・1322, 系統1313, 系統1510・1520, 系統1511, 系統1512・1522, 系統1513・1523, 系統1521"
小島歯科前,NPO法人ふるさとづくり妙高,"コミュニティバス　大谷・桶海線, コミュニティバス　妙高病院線"
山寺上入口,糸魚川バス（株）,05　根知線
小局下,NPO法人いきいき長沢,コミュニティバス　長沢線
関山郵便局,妙高市,妙高めぐりん　関・燕温泉線
関山郵便局,NPO法人ふるさとづくり妙高,"コミュニティバス　大谷・桶海線, コミュニティバス　大鹿・樽本線, コミュニティバス　妙高病院線"
妙高支所,NPO法人ふるさとづくり妙高,"コミュニティバス　大谷・桶海線, コミュニティバス　大鹿・樽本線"
妙高小学校,妙高市,妙高めぐりん　関・燕温泉線
妙高小学校,NPO法人ふるさとづくり妙高,"コミュニティバス　大谷・桶海線, コミュニティバス　大鹿・樽本線, コミュニティバス　妙高病院線"
妙高中学校,妙高市,妙高めぐりん　関・燕温泉線
妙高中学校,NPO法人ふるさとづくり妙高,"コミュニティバス　大谷・桶海線, コミュニティバス　大鹿・樽本線, コミュニティバス　妙高病院線"
関山神社前,妙高市,妙高めぐりん　関・燕温泉線
関山神社前,新井タクシー（株）,関山ルート（定期運行）
関山神社前,NPO法人ふるさとづくり妙高,コミュニティバス　妙高病院線
別所,糸魚川バス（株）,05　根知線
瀬野田地区公民館,（有）糸魚川タクシー,夏中・小滝駅線
関山駅,妙高市,"妙高めぐりん　関・燕温泉線, 妙高めぐりん　妙高山麓線"
関山駅,NPO法人ふるさとづくり妙高,"コミュニティバス　大谷・桶海線, コミュニティバス　大鹿・樽本線, コミュニティバス　妙高病院線"
プールオーロラ前,南越後観光バス（株）,"系統1510・1520, 系統1511, 系統1512・1522, 系統1513・1523, 系統1521"
岩原,南越後観光バス（株）,"系統1510・1520, 系統1511, 系統1512・1522, 系統1513・1523, 系統1521"
小局,NPO法人いきいき長沢,コミュニティバス　長沢線
横町,妙高市,妙高めぐりん　関・燕温泉線
横町,新井タクシー（株）,関山ルート（定期運行）
横町,NPO法人ふるさとづくり妙高,コミュニティバス　妙高病院線
宮林,南越後観光バス（株）,"系統1310・1320, 系統1311・1321, 系統1312・1322, 系統1313, 系統1510・1520, 系統1511, 系統1512・1522, 系統1513・1523, 系統1521"
中央公園入口,南越後観光バス（株）,"系統1510・1520, 系統1511, 系統1512・1522, 系統1513・1523, 系統1521"
高峯,NPO法人ふるさとづくり妙高,コミュニティバス　大谷・桶海線
小原（湯沢町）,南越後観光バス（株）,"系統1210・1220, 系統1212・1222"
東峰地区公民館,（有）糸魚川タクシー,夏中・小滝駅線
旧番場平公民館,NPO法人いきいき長沢,コミュニティバス　長沢線
原新田,南越後観光バス（株）,"系統1310・1320, 系統1311・1321, 系統1312・1322, 系統1313, 系統1510・1520, 系統1511, 系統1512・1522, 系統1513・1523, 系統1521"
岩原中央,南越後観光バス（株）,"系統1510・1520, 系統1511, 系統1512・1522, 系統1513・1523, 系統1521"
湯沢学園入口,南越後観光バス（株）,"系統1510・1520, 系統1511, 系統1512・1522, 系統1513・1523, 系統1521"
谷後,南越後観光バス（株）,"系統1511, 系統1513・1523, 系統1521"
横町南,妙高市,妙高めぐりん　関・燕温泉線
横町南,新井タクシー（株）,関山ルート（定期運行）
横町南,NPO法人ふるさとづくり妙高,コミュニティバス　妙高病院線
滝ノ又入口,南越後観光バス（株）,"系統1510・1520, 系統1511, 系統1512・1522, 系統1513・1523, 系統1521"
下平,NPO法人いきいき長沢,コミュニティバス　長沢線
小坂,南越後観光バス（株）,"系統1510・1520, 系統1511, 系統1512・1522, 系統1513・1523, 系統1521"
湯沢学園,南越後観光バス（株）,"系統1310・1320, 系統1311・1321, 系統1312・1322, 系統1313, 系統1510・1520, 系統1511, 系統1512・1522, 系統1513・1523, 系統1521"
岩原入口,南越後観光バス（株）,"系統1510・1520, 系統1511, 系統1512・1522, 系統1513・1523, 系統1521"
原,南越後観光バス（株）,"系統1510・1520, 系統1511, 系統1512・1522, 系統1513・1523, 系統1521"
添名,南越後観光バス（株）,"系統1310・1320, 系統1311・1321, 系統1313, 系統1510・1520, 系統1511, 系統1512・1522, 系統1513・1523, 系統1521"
上中村,NPO法人ふるさとづくり妙高,コミュニティバス　大谷・桶海線
長沢農協前,NPO法人いきいき長沢,コミュニティバス　長沢線
岩原駅角,南越後観光バス（株）,"系統1310・1320, 系統1311・1321, 系統1313"
中子（湯沢町）,南越後観光バス（株）,"系統1310・1320, 系統1311・1321, 系統1313"
堰場,南越後観光バス（株）,"系統1310・1320, 系統1311・1321, 系統1313"
中村益雄様宅前（夏中）,（有）糸魚川タクシー,夏中・小滝駅線
小野沢,妙高市,妙高めぐりん　関・燕温泉線
小野沢,新井タクシー（株）,関山ルート（定期運行）
小野沢,NPO法人ふるさとづくり妙高,コミュニティバス　妙高病院線
長沢,妙高市,妙高めぐりん　長沢スクールバス
長沢,NPO法人いきいき長沢,コミュニティバス　長沢線
上谷後,南越後観光バス（株）,"系統1511, 系統1513・1523, 系統1521"
田中（湯沢町）,南越後観光バス（株）,"系統1210・1220, 系統1212・1222"
住吉入口,NPO法人ふるさとづくり妙高,コミュニティバス　大谷・桶海線
コメリ前,新井タクシー（株）,関山ルート（定期運行）
原入口（湯沢町）,南越後観光バス（株）,"系統1310・1320, 系統1311・1321, 系統1313"
青少年自然の家入口,妙高市,妙高めぐりん　関・燕温泉線
土樽保育園,南越後観光バス（株）,"系統1310・1320, 系統1311・1321, 系統1313"
ステラタワー神立前,南越後観光バス（株）,"系統1210・1220, 系統1212・1222"
七谷切下,南越後観光バス（株）,"系統1210・1220, 系統1212・1222"
戸沢,南越後観光バス（株）,"系統1210・1220, 系統1212・1222"
綿戸の杉,妙高市,妙高めぐりん　関・燕温泉線
萩原,南越後観光バス（株）,"系統1310・1320, 系統1311・1321, 系統1313"
旭原花の郷,南越後観光バス（株）,"系統1510・1520, 系統1511, 系統1512・1522, 系統1513・1523, 系統1521"
体験工房大源太前,南越後観光バス（株）,"系統1510・1520, 系統1511, 系統1512・1522, 系統1513・1523, 系統1521"
七谷切,南越後観光バス（株）,"系統1210・1220, 系統1212・1222"
旭原,南越後観光バス（株）,"系統1510・1520, 系統1511, 系統1512・1522, 系統1513・1523, 系統1521"
大源太キャニオン,南越後観光バス（株）,"系統1510・1520, 系統1511, 系統1521"
大洞原,妙高市,妙高めぐりん　関・燕温泉線
大洞原,NPO法人ふるさとづくり妙高,コミュニティバス　妙高病院線
もと原,妙高市,妙高めぐりん　関・燕温泉線
土路,NPO法人ふるさとづくり妙高,コミュニティバス　大鹿・樽本線
青少年自然の家前,妙高市,妙高めぐりん　関・燕温泉線
芝原下,南越後観光バス（株）,"系統1210・1220, 系統1212・1222"
直売センターとまと,妙高市,妙高めぐりん　関・燕温泉線
五最,妙高市,妙高めぐりん　関・燕温泉線
土樽郵便局前,南越後観光バス（株）,"系統1310・1320, 系統1311・1321, 系統1313"
妙高カントリー前,妙高市,妙高めぐりん　関・燕温泉線
大谷発電所入口,NPO法人ふるさとづくり妙高,コミュニティバス　大谷・桶海線
芝原,南越後観光バス（株）,"系統1210・1220, 系統1212・1222"
休暇村妙高,妙高市,"妙高めぐりん　関・燕温泉線, 妙高めぐりん　妙高山麓線"
坂口新田,妙高市,妙高めぐりん　関・燕温泉線
坂口新田,NPO法人ふるさとづくり妙高,コミュニティバス　妙高病院線
大久保入口,NPO法人ふるさとづくり妙高,コミュニティバス　大谷・桶海線
中里駅角,南越後観光バス（株）,"系統1310・1320, 系統1311・1321, 系統1313"
大谷入口,NPO法人ふるさとづくり妙高,コミュニティバス　大谷・桶海線
大谷,NPO法人ふるさとづくり妙高,コミュニティバス　大谷・桶海線
ルーデンススキー場前,南越後観光バス（株）,系統1311・1321
関温泉,妙高市,"妙高めぐりん　関・燕温泉線, 妙高めぐりん　妙高山麓線"
古野川原,南越後観光バス（株）,"系統1310・1320, 系統1311・1321, 系統1313"
八木沢口,南越後観光バス（株）,"系統1210・1220, 系統1212・1222"
生活改善センター前,南越後観光バス（株）,系統1311・1321
松川,南越後観光バス（株）,"系統1310・1320, 系統1311・1321, 系統1313"
アパリゾート上越妙高,妙高市,妙高めぐりん　妙高山麓線
燕温泉,妙高市,"妙高めぐりん　関・燕温泉線, 妙高めぐりん　妙高山麓線"
小二俣,妙高市,妙高めぐりん　赤倉線
道の駅みつまた前,南越後観光バス（株）,"系統1210・1220, 系統1212・1222"
山之坊地区公民館,（有）糸魚川タクシー,山之坊・平岩駅線
桶海,NPO法人ふるさとづくり妙高,コミュニティバス　大谷・桶海線
桶海会館前,NPO法人ふるさとづくり妙高,コミュニティバス　大谷・桶海線
山崎幸喜様宅前（国尻）,（有）糸魚川タクシー,山之坊・平岩駅線
二俣下,妙高市,妙高めぐりん　赤倉線
二俣下,NPO法人ふるさとづくり妙高,コミュニティバス　妙高病院線
三俣中央,南越後観光バス（株）,"系統1210・1220, 系統1212・1222"
二俣中,NPO法人ふるさとづくり妙高,コミュニティバス　妙高病院線
下樽本,NPO法人ふるさとづくり妙高,コミュニティバス　大鹿・樽本線
赤倉足湯,妙高市,"妙高めぐりん　赤倉線, 妙高めぐりん　妙高山麓線"
赤倉本通り,妙高市,妙高めぐりん　赤倉線
赤倉公民館前,妙高市,妙高めぐりん　赤倉線
下土樽,南越後観光バス（株）,"系統1310・1320, 系統1311・1321, 系統1313"
赤倉中央通り,妙高市,妙高めぐりん　赤倉線
かぐら三俣スキー場前,南越後観光バス（株）,"系統1210・1220, 系統1212・1222"
二俣上,NPO法人ふるさとづくり妙高,コミュニティバス　妙高病院線
二俣上,妙高市,妙高めぐりん　赤倉線
吉田トキ様宅前（須合）,（有）糸魚川タクシー,山之坊・平岩駅線
赤倉銀座,妙高市,"妙高めぐりん　赤倉線, 妙高めぐりん　妙高山麓線"
平岩診療所,（有）糸魚川タクシー,"木地屋・平岩診療所線, 山之坊・平岩駅線"
赤倉温泉入口,妙高市,妙高めぐりん　赤倉線
土樽,南越後観光バス（株）,"系統1310・1320, 系統1311・1321, 系統1313"
新赤倉中,妙高市,妙高めぐりん　赤倉線
新赤倉下,妙高市,妙高めぐりん　赤倉線
新赤倉中央,妙高市,妙高めぐりん　赤倉線
山荘前,妙高市,妙高めぐりん　赤倉線
田切上（国道）,妙高市,妙高めぐりん　赤倉線
田切下,妙高市,妙高めぐりん　赤倉線
新赤倉上,妙高市,妙高めぐりん　赤倉線
新赤倉三叉路,妙高市,妙高めぐりん　赤倉線
慶応山荘前,妙高市,妙高めぐりん　赤倉線
田切上,NPO法人ふるさとづくり妙高,コミュニティバス　妙高病院線
スカイケーブル,妙高市,妙高めぐりん　妙高山麓線
平岩駅前,小谷村,北小谷線
平岩駅,（有）糸魚川タクシー,"木地屋・平岩診療所線, 山之坊・平岩駅線"
中樽本,NPO法人ふるさとづくり妙高,コミュニティバス　大鹿・樽本線
田切上,妙高市,妙高めぐりん　赤倉線
大所ふれあいセンター,（有）糸魚川タクシー,木地屋・平岩診療所線
ラビットスクエア入口,妙高市,妙高めぐりん　赤倉線
ウィンザー前,妙高市,妙高めぐりん　赤倉線
樽本温泉（集会所）,NPO法人ふるさとづくり妙高,コミュニティバス　大鹿・樽本線
北小学校前,妙高市,妙高めぐりん　赤倉線
オークストリート入口,妙高市,妙高めぐりん　赤倉線
上樽本,NPO法人ふるさとづくり妙高,コミュニティバス　大鹿・樽本線
豊橋下,妙高市,妙高めぐりん　赤倉線
森林公園入口,妙高市,妙高めぐりん　赤倉線
豊橋十字路,妙高市,妙高めぐりん　赤倉線
毛祝坂北,妙高市,妙高めぐりん　赤倉線
田口新田,妙高市,妙高めぐりん　赤倉線
木地屋,（有）糸魚川タクシー,木地屋・平岩診療所線
火の見前,妙高市,妙高めぐりん　赤倉線
新日本電工前,妙高市,妙高めぐりん　赤倉線
妙高高原駅,信濃町,古海・菅川線
妙高高原駅,妙高市,"妙高めぐりん　赤倉線, 妙高めぐりん　杉野沢線"
ふれあい会館前,妙高市,妙高めぐりん　杉野沢線
妙高高原メッセ,妙高市,"妙高めぐりん　赤倉線, 妙高めぐりん　杉野沢線"
ランドマーク妙高高原,妙高市,"妙高めぐりん　杉野沢線, 妙高めぐりん　妙高山麓線"
貝掛温泉,南越後観光バス（株）,"系統1210・1220, 系統1212・1222"
田口南,妙高市,"妙高めぐりん　赤倉線, 妙高めぐりん　杉野沢線"
バンビの森入口,妙高市,妙高めぐりん　杉野沢線
とめき園入口,妙高市,妙高めぐりん　杉野沢線
エビスヤ前,妙高市,妙高めぐりん　杉野沢線
星野町上,妙高市,妙高めぐりん　杉野沢線
妙高病院入口,妙高市,"妙高めぐりん　赤倉線, 妙高めぐりん　杉野沢線"
妙高病院前,妙高市,"妙高めぐりん　赤倉線, 妙高めぐりん　杉野沢線"
妙高病院,NPO法人ふるさとづくり妙高,コミュニティバス　妙高病院線
星野町,妙高市,妙高めぐりん　杉野沢線
いもり池入口,妙高市,"妙高めぐりん　杉野沢線, 妙高めぐりん　妙高山麓線"
中学校前,妙高市,"妙高めぐりん　赤倉線, 妙高めぐりん　杉野沢線"
星野公園入口,妙高市,妙高めぐりん　杉野沢線
妙高温泉,妙高市,"妙高めぐりん　赤倉線, 妙高めぐりん　杉野沢線"
妙高高原体育館,妙高市,妙高めぐりん　杉野沢線
ビジターセンター,妙高市,"妙高めぐりん　杉野沢線, 妙高めぐりん　妙高山麓線"
ビジターセンター入口,妙高市,妙高めぐりん　杉野沢線
関川北,妙高市,妙高めぐりん　杉野沢線
関川宮前,妙高市,妙高めぐりん　杉野沢線
杉ノ原スキー場,妙高市,妙高めぐりん　杉野沢線
関川下町,妙高市,妙高めぐりん　杉野沢線
関川中町,妙高市,妙高めぐりん　杉野沢線
杉ノ原ゴンドラ,妙高市,"妙高めぐりん　杉野沢線, 妙高めぐりん　妙高山麓線"
関川関所前,妙高市,妙高めぐりん　杉野沢線
ペンションビレッジ前,妙高市,妙高めぐりん　杉野沢線
杉野沢入口,妙高市,妙高めぐりん　杉野沢線
杉野沢温泉センター,妙高市,妙高めぐりん　妙高山麓線
杉野沢上,妙高市,妙高めぐりん　杉野沢線
杉野沢温泉センター前,妙高市,妙高めぐりん　杉野沢線
杉野沢西野,妙高市,妙高めぐりん　杉野沢線
杉野沢観光協会前,妙高市,妙高めぐりん　杉野沢線
杉野沢宮前,妙高市,妙高めぐりん　杉野沢線
苗名滝,妙高市,妙高めぐりん　妙高山麓線
二居田代スキー場前,南越後観光バス（株）,"系統1210・1220, 系統1212・1222"
やまどり原,南越後観光バス（株）,"系統1210・1220, 系統1212・1222"
元橋,南越後観光バス（株）,"系統1210・1220, 系統1212・1222"
平標登山口,南越後観光バス（株）,"系統1210・1220, 系統1212・1222"
白樺口,南越後観光バス（株）,"系統1210・1220, 系統1212・1222"
苗場プリンスホテル前,南越後観光バス（株）,系統1212・1222
西武ヴィラ入口,南越後観光バス（株）,"系統1210・1220, 系統1212・1222"
浅貝下,南越後観光バス（株）,"系統1210・1220, 系統1212・1222"
浅貝,南越後観光バス（株）,"系統1210・1220, 系統1212・1222"
浅貝上,南越後観光バス（株）,"系統1210・1220, 系統1212・1222"
西武クリスタル前,南越後観光バス（株）,"系統1210・1220, 系統1212・1222"
藻浦,新潟交通佐渡（株）,内海府線
藻浦入口,新潟交通佐渡（株）,内海府線
二ツ亀,新潟交通佐渡（株）,内海府線
願,新潟交通佐渡（株）,内海府線
鷲崎漁港,新潟交通佐渡（株）,内海府線
大野亀,新潟交通佐渡（株）,内海府線
鷲崎,新潟交通佐渡（株）,内海府線
北鵜島,新潟交通佐渡（株）,内海府線
見立入口,新潟交通佐渡（株）,内海府線
真更川,新潟交通佐渡（株）,内海府線
北小浦,新潟交通佐渡（株）,内海府線
岩谷口,新潟交通佐渡（株）,"内海府線, 海府線"
岩谷口南,新潟交通佐渡（株）,海府線
五十浦,新潟交通佐渡（株）,海府線
関,新潟交通佐渡（株）,海府線
関南,新潟交通佐渡（株）,海府線
虫崎,新潟交通佐渡（株）,内海府線
矢柄,新潟交通佐渡（株）,海府線
大倉,新潟交通佐渡（株）,海府線
小田農協支所前,新潟交通佐渡（株）,海府線
小田,新潟交通佐渡（株）,海府線
黒姫,新潟交通佐渡（株）,内海府線
石名北,新潟交通佐渡（株）,海府線
石名中,新潟交通佐渡（株）,海府線
石名南,新潟交通佐渡（株）,海府線
小野見北,新潟交通佐渡（株）,海府線
歌見北,新潟交通佐渡（株）,内海府線
小野見南,新潟交通佐渡（株）,海府線
歌見,新潟交通佐渡（株）,内海府線
中野坪,新潟交通佐渡（株）,海府線
浦川北,新潟交通佐渡（株）,内海府線
浦川南,新潟交通佐渡（株）,内海府線
北田ノ浦,新潟交通佐渡（株）,海府線
北田ノ浦中山,新潟交通佐渡（株）,海府線
高下北,新潟交通佐渡（株）,海府線
管理センター前,新潟交通佐渡（株）,海府線
高下南,新潟交通佐渡（株）,海府線
入崎,新潟交通佐渡（株）,海府線
千本南,新潟交通佐渡（株）,海府線
平松熊野神社前,新潟交通佐渡（株）,内海府線
平松,新潟交通佐渡（株）,内海府線
入川北,新潟交通佐渡（株）,海府線
入川中,新潟交通佐渡（株）,海府線
入川南,新潟交通佐渡（株）,海府線
安田,新潟交通佐渡（株）,海府線
北立島,新潟交通佐渡（株）,海府線
北立島南,新潟交通佐渡（株）,海府線
北松ヶ崎,新潟交通佐渡（株）,内海府線
家畜市場前,新潟交通佐渡（株）,海府線
北川内,新潟交通佐渡（株）,海府線
馬首,新潟交通佐渡（株）,内海府線
北川内中,新潟交通佐渡（株）,海府線
和木北,新潟交通佐渡（株）,内海府線
北川内南,新潟交通佐渡（株）,海府線
後尾,新潟交通佐渡（株）,海府線
和木南,新潟交通佐渡（株）,内海府線
和木倉庫前,新潟交通佐渡（株）,内海府線
石花北,新潟交通佐渡（株）,海府線
石花南,新潟交通佐渡（株）,海府線
坊ヶ崎,新潟交通佐渡（株）,内海府線
北片辺公民館前,新潟交通佐渡（株）,海府線
北片辺,新潟交通佐渡（株）,海府線
玉崎,新潟交通佐渡（株）,内海府線
南片辺,新潟交通佐渡（株）,海府線
小松,新潟交通佐渡（株）,内海府線
白瀬,新潟交通佐渡（株）,内海府線
小河,新潟交通佐渡（株）,内海府線
北五十里,新潟交通佐渡（株）,内海府線
椿,新潟交通佐渡（株）,内海府線
平根崎,新潟交通佐渡（株）,海府線
戸中公民館前,新潟交通佐渡（株）,海府線
吉住,新潟交通佐渡（株）,内海府線
戸中南,新潟交通佐渡（株）,海府線
戸地北,新潟交通佐渡（株）,海府線
駒坂,新潟交通佐渡（株）,内海府線
戸地,新潟交通佐渡（株）,海府線
浜梅津,新潟交通佐渡（株）,内海府線
平沢北,新潟交通佐渡（株）,内海府線
佐渡中等教育学校前,新潟交通佐渡（株）,"内海府線, 南線, 東海岸線"
平沢,新潟交通佐渡（株）,内海府線
両津文化会館,新潟交通佐渡（株）,"内海府線, 南線, 東海岸線"
船場町,新潟交通佐渡（株）,"内海府線, 南線, 東海岸線"
尖閣湾揚島遊園,新潟交通佐渡（株）,海府線
北狄,新潟交通佐渡（株）,海府線
春日町,新潟交通佐渡（株）,"内海府線, 南線, 東海岸線"
上町十字路,新潟交通佐渡（株）,"本線, 内海府線, 南線, 東海岸線"
両津病院,新潟交通佐渡（株）,"内海府線, 東海岸線"
上町十字路,新潟交通佐渡（株）,横宿線
福浦,新潟交通佐渡（株）,"本線, 横宿線"
外城橋,新潟交通佐渡（株）,"本線, 横宿線"
夷本町,新潟交通佐渡（株）,"本線, 内海府線, 横宿線, 南線, 東海岸線"
海岸通,新潟交通佐渡（株）,"本線, 内海府線, 横宿線"
両津局前,新潟交通佐渡（株）,"南線, 東海岸線"
姫津北,新潟交通佐渡（株）,海府線
野城,新潟交通佐渡（株）,東海岸線
姫津,新潟交通佐渡（株）,海府線
両津港佐渡汽船,新潟交通佐渡（株）,"本線, 内海府線, 南線, 東海岸線"
両津埠頭,新潟交通佐渡（株）,横宿線
姫津南,新潟交通佐渡（株）,海府線
大川,新潟交通佐渡（株）,東海岸線
佐渡市両津支所,新潟交通佐渡（株）,"本線, 内海府線, 横宿線, 南線, 東海岸線"
境,新潟交通佐渡（株）,"本線, 横宿線"
前浜中学校前,新潟交通佐渡（株）,東海岸線
秋津東,新潟交通佐渡（株）,"本線, 横宿線"
若宮通,新潟交通佐渡（株）,"本線, 内海府線, 横宿線, 南線, 東海岸線"
入桑,新潟交通佐渡（株）,東海岸線
尖閣湾達者,新潟交通佐渡（株）,海府線
監督署前,新潟交通佐渡（株）,"本線, 内海府線, 横宿線, 南線, 東海岸線"
水津北,新潟交通佐渡（株）,東海岸線
長江入口,新潟交通佐渡（株）,"本線, 横宿線"
水津,新潟交通佐渡（株）,東海岸線
羽二生,新潟交通佐渡（株）,東海岸線
住吉北,新潟交通佐渡（株）,東海岸線
両尾東,新潟交通佐渡（株）,東海岸線
両尾学校前,新潟交通佐渡（株）,東海岸線
両尾,新潟交通佐渡（株）,東海岸線
住吉公民館前,新潟交通佐渡（株）,東海岸線
椎崎温泉前,新潟交通佐渡（株）,南線
宇賀神社前,新潟交通佐渡（株）,東海岸線
住吉,新潟交通佐渡（株）,東海岸線
秋津,新潟交通佐渡（株）,"本線, 横宿線"
住吉温泉前,新潟交通佐渡（株）,東海岸線
椎泊東,新潟交通佐渡（株）,東海岸線
椎泊公民館前,新潟交通佐渡（株）,東海岸線
野崎,新潟交通佐渡（株）,東海岸線
椎泊西,新潟交通佐渡（株）,東海岸線
河崎学校前,新潟交通佐渡（株）,東海岸線
ファミリーオ佐渡相川,新潟交通佐渡（株）,海府線
風島,新潟交通佐渡（株）,東海岸線
河崎,新潟交通佐渡（株）,東海岸線
青山斎場前,新潟交通佐渡（株）,南線
上小川,新潟交通佐渡（株）,海府線
横山,新潟交通佐渡（株）,"本線, 横宿線"
河崎郵便局前,新潟交通佐渡（株）,東海岸線
河崎民芸館前,新潟交通佐渡（株）,東海岸線
真木,新潟交通佐渡（株）,東海岸線
横山西,新潟交通佐渡（株）,本線
越戸橋,新潟交通佐渡（株）,南線
下小川,新潟交通佐渡（株）,海府線
片野尾西,新潟交通佐渡（株）,東海岸線
三瀬川,新潟交通佐渡（株）,本線
吾潟藤堂前,新潟交通佐渡（株）,南線
片野尾,新潟交通佐渡（株）,東海岸線
吉井学校前,新潟交通佐渡（株）,本線
水渡田,新潟交通佐渡（株）,横宿線
片野尾東,新潟交通佐渡（株）,東海岸線
吉井,新潟交通佐渡（株）,本線
吾潟観音堂前,新潟交通佐渡（株）,南線
本間家能舞台,新潟交通佐渡（株）,南線
大和,新潟交通佐渡（株）,本線
千畳敷入口,新潟交通佐渡（株）,海府線
横谷,新潟交通佐渡（株）,本線
天王下,新潟交通佐渡（株）,南線
旭局前,新潟交通佐渡（株）,横宿線
佐渡金山前,新潟交通佐渡（株）,"本線, 七浦海岸線"
柴町,新潟交通佐渡（株）,海府線
大間,新潟交通佐渡（株）,海府線
金山茶屋前,新潟交通佐渡（株）,"本線, 七浦海岸線"
相川分校前,新潟交通佐渡（株）,"本線, 海府線, 七浦海岸線"
相川博物館前,新潟交通佐渡（株）,"本線, 海府線, 七浦海岸線"
トキの森公園,新潟交通佐渡（株）,南線
相川病院,新潟交通佐渡（株）,海府線
材木町,新潟交通佐渡（株）,"本線, 海府線, 七浦海岸線"
佐渡版画村,新潟交通佐渡（株）,"本線, 七浦海岸線"
貝塚,新潟交通佐渡（株）,本線
内巻,新潟交通佐渡（株）,横宿線
潟上坂上,新潟交通佐渡（株）,南線
相川,新潟交通佐渡（株）,"本線, 海府線, 七浦海岸線"
月布施北,新潟交通佐渡（株）,東海岸線
運動公園前,新潟交通佐渡（株）,本線
月布施南,新潟交通佐渡（株）,東海岸線
潟上,新潟交通佐渡（株）,南線
きらりうむ佐渡,新潟交通佐渡（株）,"本線, 海府線, 七浦海岸線"
新保,新潟交通佐渡（株）,本線
相川下戸,新潟交通佐渡（株）,"本線, 海府線, 七浦海岸線"
行谷,新潟交通佐渡（株）,南線
長畝,新潟交通佐渡（株）,横宿線
御番所橋,新潟交通佐渡（株）,七浦海岸線
海士町,新潟交通佐渡（株）,"本線, 海府線, 七浦海岸線"
野浦北,新潟交通佐渡（株）,東海岸線
金井学校前,新潟交通佐渡（株）,本線
相川中学校前,新潟交通佐渡（株）,七浦海岸線
鹿伏,新潟交通佐渡（株）,七浦海岸線
青木,新潟交通佐渡（株）,南線
野浦南,新潟交通佐渡（株）,東海岸線
春日崎,新潟交通佐渡（株）,七浦海岸線
佐渡病院,新潟交通佐渡（株）,"本線, 七浦海岸線, 小木線, 国仲・金丸線, 金丸線, 赤泊線, 岩首線"
金井,新潟交通佐渡（株）,"本線, 海府線, 七浦海岸線, 小木線, 国仲・金丸線, 金丸線, 赤泊線, 岩首線"
旅行村瓜生屋,新潟交通佐渡（株）,南線
新穂商工会館前,新潟交通佐渡（株）,横宿線
大浦の里前,新潟交通佐渡（株）,七浦海岸線
農業技術センター,新潟交通佐渡（株）,"本線, 海府線, 七浦海岸線, 小木線, 国仲・金丸線, 金丸線, 赤泊線, 岩首線"
竹の花,新潟交通佐渡（株）,"国仲・金丸線, 金丸線"
下新穂,新潟交通佐渡（株）,"国仲・金丸線, 金丸線"
皆川,新潟交通佐渡（株）,"国仲・金丸線, 金丸線, 岩首線"
新穂,新潟交通佐渡（株）,南線
新穂小学校前,新潟交通佐渡（株）,"横宿線, 南線, 国仲・金丸線, 金丸線"
舟下入口,新潟交通佐渡（株）,"国仲・金丸線, 金丸線"
藤津橋,新潟交通佐渡（株）,"本線, 海府線, 七浦海岸線, 小木線, 国仲・金丸線, 金丸線, 赤泊線, 岩首線"
大浦西,新潟交通佐渡（株）,七浦海岸線
泉,新潟交通佐渡（株）,"本線, 海府線, 七浦海岸線, 小木線, 国仲・金丸線, 金丸線, 赤泊線, 岩首線"
大浦,新潟交通佐渡（株）,七浦海岸線
市野沢,新潟交通佐渡（株）,"本線, 海府線, 七浦海岸線, 小木線, 国仲・金丸線, 金丸線, 赤泊線, 岩首線"
根本寺前,新潟交通佐渡（株）,"横宿線, 南線, 国仲・金丸線, 金丸線"
東強清水,新潟交通佐渡（株）,東海岸線
窪田西,新潟交通佐渡（株）,"本線, 海府線, 七浦海岸線"
窪田,新潟交通佐渡（株）,"本線, 海府線, 七浦海岸線"
五十里城ノ下,新潟交通佐渡（株）,"本線, 海府線, 七浦海岸線"
五十里,新潟交通佐渡（株）,"本線, 海府線, 七浦海岸線"
大浦東,新潟交通佐渡（株）,七浦海岸線
窪田東,新潟交通佐渡（株）,"本線, 海府線, 七浦海岸線"
長木,新潟交通佐渡（株）,"本線, 海府線, 七浦海岸線, 小木線, 国仲・金丸線, 金丸線, 赤泊線, 岩首線"
東立島,新潟交通佐渡（株）,東海岸線
紅葉橋,新潟交通佐渡（株）,"本線, 海府線"
沢根学校前,新潟交通佐渡（株）,"本線, 海府線, 七浦海岸線"
至誠堂前,新潟交通佐渡（株）,"本線, 海府線, 七浦海岸線"
セントラルタウン前,新潟交通佐渡（株）,本線
下大野,新潟交通佐渡（株）,"横宿線, 南線, 国仲・金丸線, 金丸線"
東大通,新潟交通佐渡（株）,"本線, 海府線, 七浦海岸線, 小木線, 国仲・金丸線, 金丸線, 赤泊線, 岩首線"
佐和田商工会館前,新潟交通佐渡（株）,本線
佐和田BS,新潟交通佐渡（株）,"本線, 海府線, 南線, 七浦海岸線, 小木線, 国仲・金丸線, 金丸線, 赤泊線, 岩首線"
鍛冶町中原,新潟交通佐渡（株）,"本線, 海府線, 七浦海岸線, 小木線, 国仲・金丸線, 金丸線, 赤泊線, 岩首線"
目黒町,新潟交通佐渡（株）,岩首線
沢根質場,新潟交通佐渡（株）,"本線, 海府線, 七浦海岸線"
河原田諏訪町,新潟交通佐渡（株）,"本線, 海府線, 南線, 七浦海岸線, 小木線, 国仲・金丸線, 金丸線, 赤泊線, 岩首線"
佐渡総合高校前,新潟交通佐渡（株）,"横宿線, 南線, 国仲・金丸線, 金丸線"
河原田本町,新潟交通佐渡（株）,"本線, 海府線, 南線, 七浦海岸線, 小木線, 国仲・金丸線, 金丸線, 赤泊線, 岩首線"
蚫,新潟交通佐渡（株）,東海岸線
高瀬北,新潟交通佐渡（株）,七浦海岸線
野坂,新潟交通佐渡（株）,七浦海岸線
目黒町南,新潟交通佐渡（株）,岩首線
仙道,新潟交通佐渡（株）,"南線, 国仲・金丸線, 金丸線"
八幡町,新潟交通佐渡（株）,"南線, 小木線, 赤泊線"
八幡新町,新潟交通佐渡（株）,"南線, 小木線, 赤泊線"
夫婦岩前,新潟交通佐渡（株）,七浦海岸線
待鶴荘前,新潟交通佐渡（株）,"南線, 国仲・金丸線, 金丸線"
寺田入口,新潟交通佐渡（株）,岩首線
赤玉北,新潟交通佐渡（株）,東海岸線
宮橋,新潟交通佐渡（株）,"国仲・金丸線, 金丸線"
高瀬,新潟交通佐渡（株）,七浦海岸線
赤玉中,新潟交通佐渡（株）,東海岸線
羽二生,新潟交通佐渡（株）,七浦海岸線
金丸,新潟交通佐渡（株）,"国仲・金丸線, 金丸線"
八幡,新潟交通佐渡（株）,"南線, 小木線, 赤泊線"
畑野十字路,新潟交通佐渡（株）,"南線, 国仲・金丸線, 金丸線, 岩首線"
高瀬西,新潟交通佐渡（株）,七浦海岸線
赤玉南,新潟交通佐渡（株）,東海岸線
八幡学校前,新潟交通佐渡（株）,"南線, 小木線, 赤泊線"
落合橋,新潟交通佐渡（株）,"国仲・金丸線, 金丸線"
畑野学校前,新潟交通佐渡（株）,"南線, 国仲・金丸線, 金丸線"
曼荼羅寺前,新潟交通佐渡（株）,七浦海岸線
畑野西町,新潟交通佐渡（株）,"南線, 国仲・金丸線, 金丸線"
坊ヶ浦,新潟交通佐渡（株）,岩首線
八幡温泉前,新潟交通佐渡（株）,"南線, 小木線, 赤泊線"
佐渡博物館前,新潟交通佐渡（株）,"南線, 小木線, 国仲・金丸線, 金丸線, 赤泊線"
宮川,新潟交通佐渡（株）,"南線, 国仲・金丸線, 金丸線"
立間,新潟交通佐渡（株）,東海岸線
諏訪入口,新潟交通佐渡（株）,岩首線
差輪,新潟交通佐渡（株）,七浦海岸線
本光寺前,新潟交通佐渡（株）,"南線, 国仲・金丸線, 金丸線"
橘長手岬,新潟交通佐渡（株）,七浦海岸線
豊岡葛倉,新潟交通佐渡（株）,東海岸線
二見北,新潟交通佐渡（株）,七浦海岸線
三宮,新潟交通佐渡（株）,"南線, 国仲・金丸線, 金丸線"
四日町,新潟交通佐渡（株）,"南線, 小木線, 国仲・金丸線, 金丸線, 赤泊線"
橘,新潟交通佐渡（株）,七浦海岸線
二見,新潟交通佐渡（株）,七浦海岸線
豊岡尾戸,新潟交通佐渡（株）,東海岸線
竹田橋,新潟交通佐渡（株）,"南線, 国仲・金丸線, 金丸線"
稲鯨西,新潟交通佐渡（株）,七浦海岸線
豊岡中央,新潟交通佐渡（株）,東海岸線
長谷,新潟交通佐渡（株）,岩首線
長石,新潟交通佐渡（株）,"南線, 小木線, 国仲・金丸線, 金丸線, 赤泊線"
壇風城前,新潟交通佐渡（株）,"南線, 国仲・金丸線, 金丸線"
二見元村,新潟交通佐渡（株）,七浦海岸線
大膳神社,新潟交通佐渡（株）,南線
稲鯨,新潟交通佐渡（株）,七浦海岸線
小倉白山前,新潟交通佐渡（株）,岩首線
稲鯨東,新潟交通佐渡（株）,七浦海岸線
糸崎,新潟交通佐渡（株）,東海岸線
妙宣寺,新潟交通佐渡（株）,南線
真木山医院前,新潟交通佐渡（株）,"南線, 小木線, 国仲・金丸線, 赤泊線"
吉岡,新潟交通佐渡（株）,"南線, 国仲・金丸線, 金丸線"
小倉鳥越,新潟交通佐渡（株）,岩首線
真野新町,新潟交通佐渡（株）,"南線, 小木線, 国仲・金丸線, 金丸線, 赤泊線"
米郷,新潟交通佐渡（株）,七浦海岸線
新町学校前,新潟交通佐渡（株）,"南線, 国仲・金丸線, 金丸線"
台ヶ鼻灯台,新潟交通佐渡（株）,七浦海岸線
国分寺,新潟交通佐渡（株）,南線
小倉,新潟交通佐渡（株）,岩首線
新町本町,新潟交通佐渡（株）,"南線, 小木線, 赤泊線"
尾畑酒造前,新潟交通佐渡（株）,南線
新町集落センター前,新潟交通佐渡（株）,"南線, 小木線, 赤泊線"
欠向,新潟交通佐渡（株）,岩首線
柿野浦,新潟交通佐渡（株）,"東海岸線, 岩首線"
真野御陵入口,新潟交通佐渡（株）,"南線, 小木線, 赤泊線"
上小倉,新潟交通佐渡（株）,岩首線
豊田,新潟交通佐渡（株）,小木線
真野宮前,新潟交通佐渡（株）,赤泊線
佐渡歴史伝説館,新潟交通佐渡（株）,"南線, 小木線"
出又橋,新潟交通佐渡（株）,岩首線
東鵜島,新潟交通佐渡（株）,"東海岸線, 岩首線"
小河内,新潟交通佐渡（株）,赤泊線
滝脇,新潟交通佐渡（株）,小木線
背合,新潟交通佐渡（株）,小木線
西ヶ平入口,新潟交通佐渡（株）,岩首線
岩首,新潟交通佐渡（株）,"東海岸線, 岩首線"
大須,新潟交通佐渡（株）,小木線
河内入口,新潟交通佐渡（株）,岩首線
小立,新潟交通佐渡（株）,小木線
河内男神下,新潟交通佐渡（株）,岩首線
大立,新潟交通佐渡（株）,小木線
紅葉山,新潟交通佐渡（株）,岩首線
静平,新潟交通佐渡（株）,赤泊線
大立南,新潟交通佐渡（株）,小木線
本行寺前,新潟交通佐渡（株）,"東海岸線, 岩首線"
松ヶ崎東,新潟交通佐渡（株）,"東海岸線, 岩首線"
松ヶ崎西,新潟交通佐渡（株）,"東海岸線, 岩首線"
倉谷,新潟交通佐渡（株）,小木線
竹の沢,新潟交通佐渡（株）,赤泊線
浦ノ河内,新潟交通佐渡（株）,"東海岸線, 岩首線"
丸山柳久保,新潟交通佐渡（株）,岩首線
静平倉庫前,新潟交通佐渡（株）,赤泊線
丸山平泉寺前,新潟交通佐渡（株）,岩首線
河内,新潟交通佐渡（株）,岩首線
多田西,新潟交通佐渡（株）,岩首線
多田,新潟交通佐渡（株）,"前浜線, 東海岸線, 岩首線"
西竜寺入口,新潟交通佐渡（株）,岩首線
田切須,新潟交通佐渡（株）,小木線
川茂峠,新潟交通佐渡（株）,赤泊線
黒根,新潟交通佐渡（株）,前浜線
丸山,新潟交通佐渡（株）,岩首線
下川茂,新潟交通佐渡（株）,赤泊線
上川茂,新潟交通佐渡（株）,赤泊線
田切須南,新潟交通佐渡（株）,小木線
鉄砲鼻,新潟交通佐渡（株）,小木線
ゴールドパーク,新潟交通佐渡（株）,小木線
西三川,新潟交通佐渡（株）,小木線
戦道,新潟交通佐渡（株）,赤泊線
東光寺前,新潟交通佐渡（株）,赤泊線
唐乱木,新潟交通佐渡（株）,前浜線
高崎,新潟交通佐渡（株）,小木線
莚場,新潟交通佐渡（株）,前浜線
向山,新潟交通佐渡（株）,赤泊線
本竜寺前,新潟交通佐渡（株）,前浜線
椿尾,新潟交通佐渡（株）,小木線
浅生,新潟交通佐渡（株）,赤泊線
徳和中央,新潟交通佐渡（株）,赤泊線
小石,新潟交通佐渡（株）,前浜線
高野,新潟交通佐渡（株）,前浜線
腰細川,新潟交通佐渡（株）,前浜線
腰細,新潟交通佐渡（株）,前浜線
鍛冶屋,新潟交通佐渡（株）,赤泊線
小泊,新潟交通佐渡（株）,小木線
清水,新潟交通佐渡（株）,赤泊線
小熊,新潟交通佐渡（株）,前浜線
小泊中山,新潟交通佐渡（株）,小木線
浦津,新潟交通佐渡（株）,"前浜線, 赤泊線"
赤泊漁協前,新潟交通佐渡（株）,"前浜線, 赤泊線"
赤泊中町,新潟交通佐渡（株）,"前浜線, 赤泊線"
村山学校前,新潟交通佐渡（株）,小木線
赤泊埠頭前,新潟交通佐渡（株）,"前浜線, 東海岸線, 赤泊線"
赤泊中学前,新潟交通佐渡（株）,"前浜線, 赤泊線"
村山,新潟交通佐渡（株）,小木線
真浦東,新潟交通佐渡（株）,"前浜線, 赤泊線"
石畑,新潟交通佐渡（株）,小木線
真浦,新潟交通佐渡（株）,"前浜線, 赤泊線"
上山田,新潟交通佐渡（株）,小木線
柳沢,新潟交通佐渡（株）,"前浜線, 赤泊線"
木戸,新潟交通佐渡（株）,小木線
新保東,新潟交通佐渡（株）,"前浜線, 赤泊線"
羽茂本郷,新潟交通佐渡（株）,小木線
一の宮入口,新潟交通佐渡（株）,"前浜線, 小木線, 赤泊線, 宿根木線"
新保,新潟交通佐渡（株）,"前浜線, 赤泊線"
羽茂商工会前,新潟交通佐渡（株）,"前浜線, 小木線, 赤泊線, 宿根木線"
菅原神社入口,新潟交通佐渡（株）,"前浜線, 小木線, 赤泊線, 宿根木線"
羽茂高校前,新潟交通佐渡（株）,"前浜線, 小木線, 赤泊線, 宿根木線"
杉野浦東,新潟交通佐渡（株）,"前浜線, 赤泊線"
杉野浦,新潟交通佐渡（株）,"前浜線, 赤泊線"
杉野浦西,新潟交通佐渡（株）,"前浜線, 赤泊線"
江積,新潟交通佐渡（株）,宿根木線
岡田入口,新潟交通佐渡（株）,"前浜線, 小木線, 赤泊線, 宿根木線"
大杉,新潟交通佐渡（株）,"前浜線, 赤泊線"
三ツ屋,新潟交通佐渡（株）,宿根木線
赤岩,新潟交通佐渡（株）,"前浜線, 赤泊線"
大橋,新潟交通佐渡（株）,"前浜線, 小木線, 赤泊線, 宿根木線"
大石,新潟交通佐渡（株）,"前浜線, 赤泊線"
白木,新潟交通佐渡（株）,宿根木線
大石山田入口,新潟交通佐渡（株）,"前浜線, 赤泊線"
野崎,新潟交通佐渡（株）,"前浜線, 赤泊線"
井尻,新潟交通佐渡（株）,"前浜線, 小木線, 赤泊線, 宿根木線"
大泊,新潟交通佐渡（株）,"前浜線, 赤泊線"
蝦夷塚,新潟交通佐渡（株）,"前浜線, 赤泊線"
太鼓体験交流館,新潟交通佐渡（株）,宿根木線
沢崎,新潟交通佐渡（株）,宿根木線
市振崎,新潟交通佐渡（株）,"前浜線, 小木線, 赤泊線, 宿根木線"
小木温泉前,新潟交通佐渡（株）,"前浜線, 小木線, 赤泊線, 宿根木線"
小木入口,新潟交通佐渡（株）,"前浜線, 小木線, 赤泊線, 宿根木線"
琴平神社前,新潟交通佐渡（株）,宿根木線
深浦,新潟交通佐渡（株）,宿根木線
小木本町,新潟交通佐渡（株）,宿根木線
小木山本町,新潟交通佐渡（株）,"前浜線, 小木線, 赤泊線, 宿根木線"
小木港佐渡汽船,新潟交通佐渡（株）,"前浜線, 小木線, 赤泊線, 宿根木線"
おぎの湯前,新潟交通佐渡（株）,宿根木線
小木,新潟交通佐渡（株）,"前浜線, 小木線, 赤泊線, 宿根木線"
犬神平,新潟交通佐渡（株）,宿根木線
矢島入口,新潟交通佐渡（株）,宿根木線
矢島遊園前,新潟交通佐渡（株）,宿根木線
琴浦入口,新潟交通佐渡（株）,宿根木線
強清水,新潟交通佐渡（株）,宿根木線
宿根木新田,新潟交通佐渡（株）,宿根木線
強清水口,新潟交通佐渡（株）,宿根木線
小木民俗博物館,新潟交通佐渡（株）,宿根木線
琴浦,新潟交通佐渡（株）,宿根木線
粟島浦村役場,粟島浦村,粟島浦村コミュニティバス　県道ルート
汽船乗り場,粟島浦村,粟島浦村コミュニティバス　県道ルート
郵便局,粟島浦村,粟島浦村コミュニティバス　県道ルート
資料館,粟島浦村,粟島浦村コミュニティバス　県道ルート
灯台入口,粟島浦村,粟島浦村コミュニティバス　県道ルート
遊歩道入口,粟島浦村,粟島浦村コミュニティバス　県道ルート
釜谷キャンプ場・海水浴場,粟島浦村,粟島浦村コミュニティバス　県道ルート
釜谷さっこい館前,粟島浦村,粟島浦村コミュニティバス　県道ルート
