停留所名,事業者名,バス系統
田久日,豊岡市,イナカ-竹野海岸線
田久日中,豊岡市,イナカ-竹野海岸線
竹野,豊岡市,イナカ-竹野海岸線
竹野,全但バス（株）,竹野線
宇日,豊岡市,イナカ-竹野海岸線
相谷港,豊岡市,イナカ-竹野海岸線
竹野浜,豊岡市,イナカ-竹野海岸線
竹野浜,全但バス（株）,竹野線
相谷,豊岡市,イナカ-竹野海岸線
相谷,香美町,佐津柴山線
切浜,豊岡市,イナカ-竹野海岸線
竹野上町,豊岡市,イナカ-竹野海岸線
竹野子ども体験村前,豊岡市,イナカ-竹野海岸線
竹野郵便局前,全但バス（株）,竹野線
弁天浜（河川敷駐車場前）,豊岡市,イナカ-竹野海岸線
竹野小学校,豊岡市,イナカ-竹野海岸線
町民会館前,全但バス（株）,竹野線
竹野学校前,全但バス（株）,竹野線
浜須井,豊岡市,イナカ-竹野海岸線
三尾,新温泉町,赤崎循環線
沖浦,香美町,佐津柴山線
今子,香美町,佐津柴山線
臨海センター,香美町,佐津柴山線
日和山,全但バス（株）,"日和山線・八鹿豊岡線, 城崎出石直通便"
竹野新橋,豊岡市,イナカ-竹野海岸線
竹野新橋,全但バス（株）,竹野線
小三尾,新温泉町,赤崎循環線
ミニフレッシュ竹野店前,豊岡市,イナカ-竹野海岸線
訓谷区,香美町,佐津柴山線
佐津駅,香美町,佐津柴山線
上計市場,香美町,佐津柴山線
佐津診療所,香美町,佐津柴山線
浜安木,香美町,佐津柴山線
瀬戸,全但バス（株）,"日和山線・八鹿豊岡線, 城崎出石直通便"
三尾口,新温泉町,赤崎循環線
上計,香美町,佐津柴山線
市役所竹野庁舎,豊岡市,イナカ-竹野海岸線
竹野総合支所,全但バス（株）,竹野線
竹野駅,豊岡市,イナカ-竹野海岸線
竹野駅,全但バス（株）,竹野線
白石弁天浜,香美町,佐津柴山線
奥須井,豊岡市,イナカ-竹野海岸線
津居山,全但バス（株）,"日和山線・八鹿豊岡線, 城崎出石直通便"
浦上,香美町,佐津柴山線
海の文化館,香美町,"香住市街地線, 佐津柴山線"
香住港,香美町,"香住市街地線, 佐津柴山線"
岡見公園下,香美町,"香住市街地線, 佐津柴山線, 長井線"
保安署前,香美町,"香住市街地線, 佐津柴山線"
境［香住区］,香美町,"香住市街地線, 佐津柴山線"
境西,香美町,佐津柴山線
一日市,香美町,"香住市街地線, 佐津柴山線, 長井線"
小島岸壁,全但バス（株）,"日和山線・八鹿豊岡線, 城崎出石直通便"
和田下,全但バス（株）,竹野線
三田浜口,香美町,香住市街地線
若松,香美町,"香住市街地線, 佐津柴山線, 長井線"
香住病院,香美町,"香住市街地線, 佐津柴山線, 長井線"
奥安木,香美町,佐津柴山線
和田,全但バス（株）,竹野線
下浜,香美町,香住市街地線
小島,豊岡市,イナカ-気比三原線
小島,全但バス（株）,"日和山線・八鹿豊岡線, 城崎出石直通便"
山手団地,香美町,香住市街地線
香住高校裏,香美町,香住市街地線
港中学校,豊岡市,イナカ-気比三原線
絹巻神社,豊岡市,イナカ-気比三原線
西港口,香美町,"香住市街地線, 佐津柴山線, 長井線"
赤崎,新温泉町,赤崎循環線
香住高校,香美町,香住市街地線
赤崎地区公民館,新温泉町,赤崎循環線
JA港支店,豊岡市,イナカ-気比三原線
福祉の里前,全但バス（株）,竹野線
中央公民館口,香美町,"香住市街地線, 佐津柴山線, 長井線"
天神浜,豊岡市,イナカ-気比三原線
和田,新温泉町,赤崎循環線
矢田,香美町,香住市街地線
香住小学校前,香美町,"香住市街地線, 佐津柴山線, 長井線"
気比,豊岡市,イナカ-気比三原線
七日市,香美町,香住市街地線
香住駅,香美町,"香住市街地線, 佐津柴山線, 長井線"
田井,新温泉町,赤崎循環線
香住農協前,香美町,"香住市街地線, 佐津柴山線, 長井線"
港コミセン,豊岡市,イナカ-気比三原線
ハローワーク前,香美町,"香住市街地線, 佐津柴山線, 長井線"
指杭,新温泉町,赤崎循環線
須谷,全但バス（株）,竹野線
城崎警察センター,豊岡市,イナカ-気比三原線
城崎警察センター,全但バス（株）,"日和山線・八鹿豊岡線, 城崎出石直通便"
油良口,香美町,"香住市街地線, 佐津柴山線, 長井線"
油良,香美町,長井線
香美町役場,香美町,"香住市街地線, 佐津柴山線, 長井線"
市役所城崎庁舎,豊岡市,イナカ-気比三原線
桃山,全但バス（株）,"日和山線・八鹿豊岡線, 城崎出石直通便"
間室下,香美町,長井線
森団地,香美町,長井線
森郵便局前,香美町,長井線
ジオパーク館,新温泉町,浜坂温泉線
元薬師,全但バス（株）,"日和山線・八鹿豊岡線, 城崎出石直通便"
戎崎,新温泉町,赤崎循環線
浜坂港,新温泉町,居組線
小丸,全但バス（株）,竹野線
城崎中学校,全但バス（株）,"日和山線・八鹿豊岡線, 城崎出石直通便"
レクリエーションセンター,新温泉町,赤崎循環線
東山公園前,全但バス（株）,"日和山線・八鹿豊岡線, 城崎出石直通便"
東山公園,豊岡市,イナカ-気比三原線
浜坂高校,新温泉町,"居組線, 浜坂温泉線"
地蔵湯銀行前,全但バス（株）,"日和山線・八鹿豊岡線, 城崎出石直通便"
一の湯,全但バス（株）,"日和山線・八鹿豊岡線, 城崎出石直通便"
地蔵湯,豊岡市,イナカ-気比三原線
地蔵湯公園前,全但バス（株）,"日和山線・八鹿豊岡線, 城崎出石直通便, 但馬空港線（空港リムジンバス）"
応挙寺口,香美町,長井線
大谿橋,全但バス（株）,"日和山線・八鹿豊岡線, 城崎出石直通便, 但馬空港線（空港リムジンバス）"
四所神社・御所の湯前,全但バス（株）,"日和山線・八鹿豊岡線, 城崎出石直通便"
鴻の湯,全但バス（株）,"日和山線・八鹿豊岡線, 城崎出石直通便"
間室上,香美町,長井線
清富,新温泉町,赤崎循環線
図書館前,新温泉町,赤崎循環線
まんだら湯前,全但バス（株）,"日和山線・八鹿豊岡線, 城崎出石直通便"
鬼神谷,全但バス（株）,竹野線
新温泉町役場,新温泉町,"赤崎循環線, 浜坂温泉線"
城崎温泉駅,豊岡市,イナカ-気比三原線
城崎温泉駅,全但バス（株）,"日和山線・八鹿豊岡線, 城崎出石直通便, 但馬空港線（空港リムジンバス）"
城山公園,新温泉町,居組線
応挙寺,香美町,長井線
浜坂こども園,新温泉町,"赤崎循環線, 浜坂温泉線"
久斗橋,新温泉町,"久斗山線, 赤崎循環線"
芦屋,新温泉町,"居組線, 浜坂温泉線"
浜坂こども園口,新温泉町,"久斗山線, 居組線, 赤崎循環線, 浜坂温泉線"
浜坂北小学校前,新温泉町,"居組線, 赤崎循環線, 浜坂温泉線"
京口,新温泉町,"久斗山線, 居組線, 赤崎循環線, 浜坂温泉線"
轟,全但バス（株）,竹野線
三原（気比三原線）,豊岡市,イナカ-気比三原線
三原口,豊岡市,イナカ-気比三原線
旭町三角,新温泉町,"久斗山線, 居組線, 赤崎循環線, 浜坂温泉線"
対田,新温泉町,"久斗山線, 赤崎循環線"
海水浴場,新温泉町,居組線
浜坂駅,新温泉町,"久斗山線, 居組線, 赤崎循環線, 浜坂温泉線"
ふじっ子,新温泉町,"久斗山線, 赤崎循環線"
守柄北,香美町,長井線
守柄南,香美町,長井線
浜坂B＆G海洋センター,新温泉町,"久斗山線, 赤崎循環線"
加鹿野,香美町,長井線
諸寄,新温泉町,居組線
福富,新温泉町,"久斗山線, 赤崎循環線"
諸寄局下,新温泉町,居組線
福富口,新温泉町,"居組線, 浜坂温泉線"
城崎大橋,全但バス（株）,"日和山線・八鹿豊岡線, 城崎出石直通便, 但馬空港線（空港リムジンバス）"
浜坂病院,新温泉町,"久斗山線, 居組線, 赤崎循環線, 浜坂温泉線"
三谷口,新温泉町,"居組線, 浜坂温泉線"
浜坂東小学校,新温泉町,"久斗山線, 赤崎循環線"
はまさかの里,新温泉町,"居組線, 浜坂温泉線"
釜屋,新温泉町,居組線
新温泉健康福祉事務所,新温泉町,"居組線, 浜坂温泉線"
戸田,新温泉町,"居組線, 浜坂温泉線"
居組,新温泉町,居組線
居組港,新温泉町,居組線
戸田口,新温泉町,"居組線, 浜坂温泉線"
高末,新温泉町,久斗山線
下塚,全但バス（株）,竹野線
三谷,香美町,長井線
辺地,新温泉町,久斗山線
浜坂西小学校前,新温泉町,居組線
矢田川温泉,香美町,長井線
畑上,豊岡市,イナカ-気比三原線
正法庵,新温泉町,久斗山線
七釜温泉,新温泉町,"居組線, 浜坂温泉線"
栃谷七釜温泉口,新温泉町,"居組線, 浜坂温泉線"
大谷口,香美町,長井線
来日,全但バス（株）,"日和山線・八鹿豊岡線, 城崎出石直通便, 但馬空港線（空港リムジンバス）"
藤尾,新温泉町,久斗山線
栃谷,新温泉町,浜坂温泉線
大谷上,香美町,長井線
浅井,香美町,長井線
上来日,全但バス（株）,"日和山線・八鹿豊岡線, 城崎出石直通便, 但馬空港線（空港リムジンバス）"
大味口,新温泉町,久斗山線
大野,香美町,長井線
新市,新温泉町,浜坂温泉線
林,全但バス（株）,竹野線
小原,香美町,長井線
古市,新温泉町,浜坂温泉線
ひのそ,全但バス（株）,"日和山線・八鹿豊岡線, 城崎出石直通便, 但馬空港線（空港リムジンバス）"
境,新温泉町,久斗山線
幸谷,香美町,長井線
用土,新温泉町,浜坂温泉線
上山,全但バス（株）,"日和山線・八鹿豊岡線, 城崎出石直通便, 但馬空港線（空港リムジンバス）"
池ヶ平口,新温泉町,久斗山線
坊岡,全但バス（株）,竹野線
玄武洞,全但バス（株）,"日和山線・八鹿豊岡線, 城崎出石直通便, 但馬空港線（空港リムジンバス）"
中野,香美町,長井線
市場,全但バス（株）,竹野線
藤,香美町,長井線
久斗山,新温泉町,久斗山線
赤石,豊岡市,イナカ-赤石線
金屋口,新温泉町,"伊角線, 浜坂温泉線"
金屋,新温泉町,伊角線
森本,全但バス（株）,竹野線
八原,香美町,長井線
赤石口,豊岡市,イナカ-赤石線
栃谷口,新温泉町,伊角線
神田,新温泉町,伊角線
熊谷,新温泉町,伊角線
数久谷口,新温泉町,伊角線
下鶴井,豊岡市,イナカ-赤石線
仁連寺,新温泉町,伊角線
黒坂,新温泉町,"伊角線, 浜坂温泉線"
奈佐小橋,全但バス（株）,"日和山線・八鹿豊岡線, 城崎出石直通便, 但馬空港線（空港リムジンバス）"
江野,全但バス（株）,竹野線
伊賀谷,全但バス（株）,竹野線
井土下,新温泉町,"伊角線, 浜坂温泉線"
岩熊,全但バス（株）,竹野線
井土,新温泉町,"伊角線, 浜坂温泉線"
クスミ,香美町,村岡境線
境［村岡区］,香美町,"村岡境線, 長井線"
コウノトリ保護増殖センター,豊岡市,イナカ-赤石線
八日市,新温泉町,"伊角線, 浜坂温泉線"
伊角下,新温泉町,伊角線
滝,全但バス（株）,竹野線
新堂,全但バス（株）,竹野線
森津,全但バス（株）,竹野線
森津会館口,全但バス（株）,竹野線
伊角上,新温泉町,伊角線
山田口,香美町,村岡境線
金刀比羅神社,豊岡市,イナカ-赤石線
出合,新温泉町,"伊角線, 海上線, 照来循環線, 八田線, 浜坂温泉線"
下岡,新温泉町,"海上線, 照来循環線, 八田線"
田鶴野コミセン,豊岡市,イナカ-赤石線
一日市,全但バス（株）,"日和山線・八鹿豊岡線, 城崎出石直通便, 但馬空港線（空港リムジンバス）"
夢が丘中学校,新温泉町,"伊角線, 海上線, 春来線, 照来循環線, 八田線, 浜坂温泉線"
野上,豊岡市,イナカ-赤石線
桜公園,全但バス（株）,竹野線
竹田,新温泉町,"海上線, 照来循環線, 八田線"
温泉農協,新温泉町,"伊角線, 海上線, 春来線, 照来循環線, 八田線, 浜坂温泉線"
下の宮,全但バス（株）,団地バス線
細田,新温泉町,照来循環線
田鶴野,豊岡市,イナカ-赤石線
下陰団地前,全但バス（株）,竹野線
竹田橋,新温泉町,"海上線, 照来循環線, 八田線"
薬師湯,新温泉町,"伊角線, 海上線, 春来線, 照来循環線, 八田線, 浜坂温泉線"
長瀬,香美町,村岡境線
森,豊岡市,イナカ-赤石線
宮島,全但バス（株）,"日和山線・八鹿豊岡線, 城崎出石直通便, 但馬空港線（空港リムジンバス）"
下の宮口,全但バス（株）,団地バス線
温泉小学校下,新温泉町,照来循環線
下陰橋,全但バス（株）,竹野線
湯村温泉,新温泉町,"伊角線, 海上線, 春来線, 照来循環線, 八田線, 浜坂温泉線"
湯村温泉,全但バス（株）,湯村温泉線
温泉営農生活センター,新温泉町,照来循環線
栃江,全但バス（株）,奥野線・目坂線
バザールタウン豊岡メガ・フレッシュ館前,豊岡市,コバス北ルート
法花寺,全但バス（株）,団地バス線
湯村郵便局前,新温泉町,照来循環線
船町,豊岡市,イナカ-赤石線
本町,新温泉町,照来循環線
福田,全但バス（株）,"奥野線・目坂線, 竹野線"
法花寺口,全但バス（株）,団地バス線
下陰,全但バス（株）,竹野線
山田,香美町,村岡境線
あさひヶ丘,新温泉町,"海上線, 八田線"
祥雲寺,全但バス（株）,団地バス線
宮島上,全但バス（株）,"日和山線・八鹿豊岡線, 城崎出石直通便, 但馬空港線（空港リムジンバス）"
栄町,全但バス（株）,団地バス線
アルコム前,豊岡市,コバス北ルート
稲負谷,新温泉町,照来循環線
栄町団地,全但バス（株）,団地バス線
北中学校前,全但バス（株）,奥野線・目坂線
鎌田,全但バス（株）,団地バス線
コウノトリの郷公園,全但バス（株）,団地バス線
千原,新温泉町,"海上線, 八田線"
六方排水機場,豊岡市,イナカ-赤石線
卸センター,全但バス（株）,"奥野線・目坂線, 竹野線"
温泉総合支所,新温泉町,浜坂温泉線
原,香美町,村岡境線
郡広域事務所前,新温泉町,照来循環線
庄境,全但バス（株）,団地バス線
千原上,新温泉町,"海上線, 八田線"
歌長下,新温泉町,春来線
歌長下,全但バス（株）,湯村温泉線
小田井,全但バス（株）,"日和山線・八鹿豊岡線, 城崎出石直通便"
小田井郵便局前,豊岡市,イナカ-赤石線
コープデイズ前,豊岡市,"イナカ-赤石線, コバス北ルート"
五荘学校前,全但バス（株）,"奥野線・目坂線, 竹野線"
長寿園前,豊岡市,コバス北ルート
岩井口,全但バス（株）,奥野線・目坂線
寿,全但バス（株）,"日和山線・八鹿豊岡線, 城崎出石直通便"
泉町,新温泉町,照来循環線
鐘尾,新温泉町,"海上線, 八田線"
原診療所,香美町,村岡境線
豊岡郵便局,豊岡市,コバス北ルート
花園,豊岡市,コバス北ルート
花園,全但バス（株）,"奥野線・目坂線, 竹野線"
若松町監督署口,全但バス（株）,"奥野線・目坂線, 竹野線"
豊岡営業所,全但バス（株）,"奥野線・目坂線, 団地バス線, 竹野線, 但馬空港線（空港リムジンバス）"
自衛隊連絡所前,豊岡市,"イナカ-赤石線, コバス北ルート"
法務局安定所前,全但バス（株）,"日和山線・八鹿豊岡線, 城崎出石直通便, 奥野線・目坂線, 竹野線"
一本松,全但バス（株）,"奥野線・目坂線, 団地バス線"
歌長,新温泉町,春来線
歌長,全但バス（株）,湯村温泉線
高屋口,全但バス（株）,団地バス線
梶原,全但バス（株）,"奥野線・目坂線, 団地バス線, 竹野線, 但馬空港線（空港リムジンバス）"
味取,香美町,村岡境線
元町,全但バス（株）,但馬空港線（空港リムジンバス）
大手町,全但バス（株）,"日和山線・八鹿豊岡線, 城崎出石直通便, 奥野線・目坂線, 竹野線"
鐘尾上,新温泉町,"海上線, 八田線"
宮井,全但バス（株）,奥野線・目坂線
上庄境,全但バス（株）,奥野線・目坂線
アイティ前,豊岡市,"イナカ-赤石線, コバス北ルート, コバス南ルート, コバスエクスプレス"
豊岡駅前,全但バス（株）,"日和山線・八鹿豊岡線, 城崎出石直通便, 豊岡出石線（本線：天神橋経由）, 豊岡出石線（神美：森尾口経由）, 中筋線, 奥野線・目坂線, 団地バス線, 竹野線, 但馬空港線（空港リムジンバス）"
豊岡駅,豊岡市,"イナカ-赤石線, コバス北ルート, コバス南ルート, コバスエクスプレス"
豊岡駅,全但バス（株）,"日和山線・八鹿豊岡線, 城崎出石直通便, 豊岡出石線（本線：天神橋経由）, 豊岡出石線（神美：森尾口経由）, 中筋線, 奥野線・目坂線, 団地バス線, 竹野線, 但馬空港線（空港リムジンバス）"
信用金庫大開支店前,豊岡市,"コバス北ルート, コバス南ルート, コバスエクスプレス"
大開,全但バス（株）,"日和山線・八鹿豊岡線, 城崎出石直通便, 豊岡出石線（本線：天神橋経由）, 豊岡出石線（神美：森尾口経由）, 中筋線, 奥野線・目坂線, 団地バス線, 竹野線, 但馬空港線（空港リムジンバス）"
市役所前,豊岡市,"コバス北ルート, コバス南ルート, コバスエクスプレス"
市役所,全但バス（株）,"日和山線・八鹿豊岡線, 城崎出石直通便, 豊岡出石線（本線：天神橋経由）, 豊岡出石線（神美：森尾口経由）, 中筋線, 奥野線・目坂線, 団地バス線, 竹野線, 但馬空港線（空港リムジンバス）"
大開東,豊岡市,"コバス北ルート, コバス南ルート, コバスエクスプレス"
大開東,全但バス（株）,"日和山線・八鹿豊岡線, 城崎出石直通便, 豊岡出石線（本線：天神橋経由）, 豊岡出石線（神美：森尾口経由）, 中筋線, 奥野線・目坂線, 団地バス線, 竹野線, 但馬空港線（空港リムジンバス）"
豊岡駅西口,全但バス（株）,団地バス線
農協会館前,全但バス（株）,"奥野線・目坂線, 団地バス線, 竹野線, 但馬空港線（空港リムジンバス）"
農協会館前（豊岡地区コミュニティーセンター）,豊岡市,"コバス南ルート, コバスエクスプレス"
宵田町,全但バス（株）,"日和山線・八鹿豊岡線, 城崎出石直通便, 豊岡出石線（本線：天神橋経由）, 豊岡出石線（神美：森尾口経由）, 中筋線"
庄,全但バス（株）,奥野線・目坂線
カバンストリート,豊岡市,コバス北ルート
土師谷,全但バス（株）,奥野線・目坂線
奥野,全但バス（株）,奥野線・目坂線
口岩井会館前,全但バス（株）,奥野線・目坂線
戸牧口,全但バス（株）,団地バス線
総合健康ゾーン（ウェルストーク豊岡）,豊岡市,"コバス北ルート, コバス南ルート, コバスエクスプレス"
正法寺下,全但バス（株）,"日和山線・八鹿豊岡線, 豊岡出石線（本線：天神橋経由）, 豊岡出石線（神美：森尾口経由）, 中筋線, 奥野線・目坂線, 団地バス線, 竹野線"
正法寺,全但バス（株）,"日和山線・八鹿豊岡線, 豊岡出石線（本線：天神橋経由）, 豊岡出石線（神美：森尾口経由）, 中筋線, 奥野線・目坂線, 竹野線"
市民会館前,豊岡市,"コバス南ルート, コバスエクスプレス"
中山,新温泉町,照来循環線
吉井,全但バス（株）,奥野線・目坂線
豊田町,豊岡市,コバス北ルート
豊田町,全但バス（株）,"日和山線・八鹿豊岡線, 城崎出石直通便, 豊岡出石線（本線：天神橋経由）, 豊岡出石線（神美：森尾口経由）, 中筋線"
豊田商店街,豊岡市,コバス北ルート
上市場,全但バス（株）,奥野線・目坂線
百合地,全但バス（株）,奥野線・目坂線
正法寺南,全但バス（株）,"日和山線・八鹿豊岡線, 豊岡出石線（本線：天神橋経由）, 豊岡出石線（神美：森尾口経由）, 中筋線, 奥野線・目坂線, 竹野線"
じばさんセンター,豊岡市,コバス北ルート
新町,豊岡市,コバス北ルート
芸術文化観光専門職大学,豊岡市,"コバス南ルート, コバスエクスプレス"
芸術文化観光専門職大学,全但バス（株）,"日和山線・八鹿豊岡線, 但馬空港線（空港リムジンバス）"
市場,全但バス（株）,奥野線・目坂線
野垣,全但バス（株）,奥野線・目坂線
豊岡新町,全但バス（株）,"日和山線・八鹿豊岡線, 城崎出石直通便, 豊岡出石線（本線：天神橋経由）, 豊岡出石線（神美：森尾口経由）, 中筋線"
農政事務所,豊岡市,"コバス南ルート, コバスエクスプレス"
近大前,全但バス（株）,団地バス線
市民グラウンド前,全但バス（株）,"日和山線・八鹿豊岡線, 豊岡出石線（本線：天神橋経由）, 豊岡出石線（神美：森尾口経由）, 中筋線, 奥野線・目坂線, 竹野線"
巌山寺,新温泉町,照来循環線
妙楽寺口,豊岡市,"コバス南ルート, コバスエクスプレス"
豊岡ショッピングセンター前,豊岡市,"コバス南ルート, コバスエクスプレス"
豊岡警察署,全但バス（株）,"日和山線・八鹿豊岡線, 但馬空港線（空港リムジンバス）"
豊岡測候所前,豊岡市,"コバス南ルート, コバスエクスプレス"
健康公園,新温泉町,照来循環線
河谷,全但バス（株）,奥野線・目坂線
奥岩井,全但バス（株）,奥野線・目坂線
京口,全但バス（株）,"日和山線・八鹿豊岡線, 城崎出石直通便, 豊岡出石線（本線：天神橋経由）, 豊岡出石線（神美：森尾口経由）, 中筋線"
戸牧第1団地,全但バス（株）,団地バス線
大谷,全但バス（株）,奥野線・目坂線
桜町,豊岡市,"コバス南ルート, コバスエクスプレス"
千谷下,新温泉町,"海上線, 八田線"
弥栄口,豊岡市,"コバス南ルート, コバスエクスプレス"
戸牧,全但バス（株）,団地バス線
飯野中,新温泉町,照来循環線
昭和町,豊岡市,"コバス南ルート, コバスエクスプレス"
戸牧公民館,全但バス（株）,"日和山線・八鹿豊岡線, 豊岡出石線（本線：天神橋経由）, 豊岡出石線（神美：森尾口経由）, 中筋線, 奥野線・目坂線, 竹野線"
塩津,全但バス（株）,"日和山線・八鹿豊岡線, 城崎出石直通便, 豊岡出石線（本線：天神橋経由）, 豊岡出石線（神美：森尾口経由）, 中筋線"
千谷,新温泉町,"海上線, 八田線"
飯野,新温泉町,照来循環線
戸牧中央,全但バス（株）,団地バス線
妙楽寺,全但バス（株）,"日和山線・八鹿豊岡線, 但馬空港線（空港リムジンバス）"
中の谷,全但バス（株）,奥野線・目坂線
弥栄町,豊岡市,"コバス南ルート, コバスエクスプレス"
八田コミュニティーセンター,新温泉町,"海上線, 八田線"
ドコモショップ豊岡店前,豊岡市,"コバス南ルート, コバスエクスプレス"
八条小学校前,豊岡市,"コバス南ルート, コバスエクスプレス"
桐岡,新温泉町,照来循環線
第2団地,全但バス（株）,団地バス線
御所口,全但バス（株）,奥野線・目坂線
豊岡シルバーステイ,全但バス（株）,"日和山線・八鹿豊岡線, 豊岡出石線（本線：天神橋経由）, 豊岡出石線（神美：森尾口経由）, 中筋線, 奥野線・目坂線, 団地バス線, 竹野線, 但馬空港線（空港リムジンバス）"
大篠岡,全但バス（株）,"城崎出石直通便, 豊岡出石線（神美：森尾口経由）, 奥野線・目坂線"
宮脇,新温泉町,"海上線, 八田線"
江本（神美）,全但バス（株）,"城崎出石直通便, 豊岡出石線（神美：森尾口経由）"
内町下,全但バス（株）,奥野線・目坂線
九日市駐在所前,豊岡市,"コバス南ルート, コバスエクスプレス"
多子下,新温泉町,照来循環線
豊岡病院,全但バス（株）,"日和山線・八鹿豊岡線, 豊岡出石線（本線：天神橋経由）, 豊岡出石線（神美：森尾口経由）, 中筋線, 奥野線・目坂線, 団地バス線, 竹野線, 但馬空港線（空港リムジンバス）"
江本（本線）,全但バス（株）,"城崎出石直通便, 豊岡出石線（本線：天神橋経由）, 中筋線"
フレッシュバザール豊岡九日市店前,豊岡市,"コバス南ルート, コバスエクスプレス"
目坂,全但バス（株）,奥野線・目坂線
中嶋神社,全但バス（株）,奥野線・目坂線
九日市,全但バス（株）,日和山線・八鹿豊岡線
農協センター前,全但バス（株）,"城崎出石直通便, 豊岡出石線（神美：森尾口経由）"
長須,香美町,村岡境線
塩山,新温泉町,照来循環線
木内,全但バス（株）,"城崎出石直通便, 豊岡出石線（神美：森尾口経由）, 奥野線・目坂線"
はばたけ前,豊岡市,"コバス南ルート, コバスエクスプレス"
内町,全但バス（株）,奥野線・目坂線
今森,全但バス（株）,"城崎出石直通便, 豊岡出石線（本線：天神橋経由）, 中筋線"
湯谷,新温泉町,春来線
湯谷,全但バス（株）,湯村温泉線
多子,新温泉町,照来循環線
塩山上,新温泉町,照来循環線
丹土,新温泉町,照来循環線
多子上,新温泉町,照来循環線
丹土西,新温泉町,照来循環線
上町,全但バス（株）,日和山線・八鹿豊岡線
神美小学校,全但バス（株）,奥野線・目坂線
九日市上町,全但バス（株）,但馬空港線（空港リムジンバス）
内山出合,新温泉町,"海上線, 八田線"
中藤口,全但バス（株）,奥藤線
中藤,全但バス（株）,奥藤線
駄坂,全但バス（株）,"城崎出石直通便, 豊岡出石線（神美：森尾口経由）, 奥野線・目坂線"
伏,全但バス（株）,"城崎出石直通便, 豊岡出石線（本線：天神橋経由）, 中筋線"
辻,全但バス（株）,奥野線・目坂線
切畑,新温泉町,照来循環線
森尾口,全但バス（株）,"城崎出石直通便, 豊岡出石線（神美：森尾口経由）, 奥野線・目坂線"
中辻,新温泉町,照来循環線
香住,全但バス（株）,"城崎出石直通便, 豊岡出石線（神美：森尾口経由）, 奥野線・目坂線"
技術大学校,全但バス（株）,但馬空港線（空港リムジンバス）
海上口,新温泉町,"海上線, 八田線"
こうのす団地,全但バス（株）,"城崎出石直通便, 豊岡出石線（神美：森尾口経由）, 奥野線・目坂線"
カバン団地,全但バス（株）,日和山線・八鹿豊岡線
但馬空港,全但バス（株）,但馬空港線（空港リムジンバス）
春来,新温泉町,春来線
稲葉,全但バス（株）,神鍋高原線・通学通勤エクスプレス
春来上,新温泉町,春来線
立石,全但バス（株）,"城崎出石直通便, 豊岡出石線（神美：森尾口経由）"
口藤,全但バス（株）,奥藤線
天神橋,全但バス（株）,"城崎出石直通便, 豊岡出石線（本線：天神橋経由）, 中筋線"
春来口,新温泉町,春来線
東河内,全但バス（株）,神鍋高原線・通学通勤エクスプレス
奥藤,全但バス（株）,奥藤線
水口,全但バス（株）,神鍋高原線・通学通勤エクスプレス
春来口,全但バス（株）,湯村温泉線
豊岡工業団地,全但バス（株）,"城崎出石直通便, 豊岡出石線（神美：森尾口経由）"
高津,香美町,村岡境線
前村,新温泉町,"海上線, 八田線"
佐野,全但バス（株）,日和山線・八鹿豊岡線
長谷下,全但バス（株）,"城崎出石直通便, 豊岡出石線（神美：森尾口経由）"
虫生神社,全但バス（株）,奥藤線
佐野千本,全但バス（株）,但馬空港線（空港リムジンバス）
下加陽,全但バス（株）,中筋線
万劫,全但バス（株）,神鍋高原線・通学通勤エクスプレス
小河江,豊岡市,イナカ-八代線
前村上,新温泉町,"海上線, 八田線"
西気コミュニティーセンター前,全但バス（株）,神鍋高原線・通学通勤エクスプレス
上小河江,豊岡市,イナカ-八代線
虫生,全但バス（株）,奥藤線
上佐野,全但バス（株）,但馬空港線（空港リムジンバス）
丸味区,香美町,射添線
長谷,全但バス（株）,"城崎出石直通便, 豊岡出石線（神美：森尾口経由）"
鉢山口,全但バス（株）,"城崎出石直通便, 豊岡出石線（本線：天神橋経由）"
石橋,新温泉町,"海上線, 八田線"
沖加陽,全但バス（株）,中筋線
石橋上,新温泉町,八田線
納屋,全但バス（株）,日和山線・八鹿豊岡線
山田,全但バス（株）,神鍋高原線・通学通勤エクスプレス
倉見,全但バス（株）,"城崎出石直通便, 豊岡出石線（神美：森尾口経由）"
西栗栖野,全但バス（株）,神鍋高原線・通学通勤エクスプレス
海上,新温泉町,海上線
和佐父区,香美町,射添線
河江大岡口,豊岡市,イナカ-八代線
田中,新温泉町,八田線
子午線前,全但バス（株）,奥藤線
栗栖野会館前,全但バス（株）,神鍋高原線・通学通勤エクスプレス
上納屋,全但バス（株）,日和山線・八鹿豊岡線
栗栖野,全但バス（株）,神鍋高原線・通学通勤エクスプレス
カサノフタ芝生広場,豊岡市,イナカ-八代線
川会,香美町,"射添線, 村岡境線"
土渕,全但バス（株）,中筋線
柤岡口,全但バス（株）,"湯村温泉線, 板仕野線・柤岡線"
神鍋診療所前,全但バス（株）,神鍋高原線・通学通勤エクスプレス
川会,全但バス（株）,板仕野線・柤岡線
神鍋温泉ゆとろぎ前,全但バス（株）,神鍋高原線・通学通勤エクスプレス
太田神鍋,全但バス（株）,神鍋高原線・通学通勤エクスプレス
下安良,全但バス（株）,"城崎出石直通便, 豊岡出石線（神美：森尾口経由）"
奈佐路中,豊岡市,イナカ-八代線
河江,豊岡市,イナカ-八代線
太田,全但バス（株）,奥藤線
赤野,全但バス（株）,奥藤線
上太田,全但バス（株）,奥藤線
東里口,全但バス（株）,奥藤線
射添小学校,香美町,村岡境線
射添小学校,全但バス（株）,板仕野線・柤岡線
木村,全但バス（株）,奥藤線
奈佐路,豊岡市,イナカ-八代線
谷,豊岡市,イナカ-八代線
神鍋口,全但バス（株）,神鍋高原線・通学通勤エクスプレス
上石,全但バス（株）,日和山線・八鹿豊岡線
下引野,全但バス（株）,中筋線
八代,豊岡市,イナカ-八代線
安良,全但バス（株）,"城崎出石直通便, 豊岡出石線（神美：森尾口経由）"
上八代,豊岡市,イナカ-八代線
藤井,豊岡市,イナカ-八代線
猪爪,豊岡市,イナカ-八代線
中,豊岡市,イナカ-八代線
中山,全但バス（株）,奥藤線
万場口,全但バス（株）,神鍋高原線・通学通勤エクスプレス
八代小学校,豊岡市,イナカ-八代線
日向,全但バス（株）,奥藤線
万場,全但バス（株）,神鍋高原線・通学通勤エクスプレス
和田,香美町,村岡境線
和田,全但バス（株）,"秋岡線, 湯村温泉線"
田多地,全但バス（株）,"城崎出石直通便, 豊岡出石線（神美：森尾口経由）"
和田西,香美町,"射添線, 村岡境線"
和田西,全但バス（株）,板仕野線・柤岡線
名色,全但バス（株）,神鍋高原線・通学通勤エクスプレス
入江,香美町,村岡境線
入江,全但バス（株）,"秋岡線, 湯村温泉線, 板仕野線・柤岡線"
全但バス但馬ドーム,全但バス（株）,神鍋高原線・通学通勤エクスプレス
池上,全但バス（株）,日和山線・八鹿豊岡線
峠口,香美町,"射添線, 村岡境線"
峠口,全但バス（株）,"秋岡線, 湯村温泉線"
柤岡下,全但バス（株）,板仕野線・柤岡線
名色中,全但バス（株）,神鍋高原線・通学通勤エクスプレス
引野,全但バス（株）,中筋線
モンゴル博物館前,全但バス（株）,奥藤線
柤岡,全但バス（株）,板仕野線・柤岡線
伊豆,全但バス（株）,"城崎出石直通便, 豊岡出石線（本線：天神橋経由）"
熊波,全但バス（株）,"湯村温泉線, 板仕野線・柤岡線"
青下,新温泉町,八田線
名色駐車場,全但バス（株）,神鍋高原線・通学通勤エクスプレス
下畑山,全但バス（株）,奥藤線
中の郷,全但バス（株）,中筋線
唐川,全但バス（株）,奥藤線
熊波区,香美町,射添線
嶋（神美）,全但バス（株）,"城崎出石直通便, 豊岡出石線（神美：森尾口経由）"
福居,全但バス（株）,"城崎出石直通便, 豊岡出石線（本線：天神橋経由）"
長板口,全但バス（株）,"湯村温泉線, 板仕野線・柤岡線"
畑森,全但バス（株）,奥藤線
畑山,全但バス（株）,奥藤線
嶋（本線）,全但バス（株）,"城崎出石直通便, 豊岡出石線（本線：天神橋経由）"
熊波口,全但バス（株）,秋岡線
堀,全但バス（株）,日和山線・八鹿豊岡線
栃本,全但バス（株）,神鍋高原線・通学通勤エクスプレス
入江ダム,香美町,村岡境線
入江ダム,全但バス（株）,"秋岡線, 湯村温泉線, 板仕野線・柤岡線"
片間,全但バス（株）,江原出石線
日和坂,全但バス（株）,奥藤線
上中の郷（中筋）,全但バス（株）,中筋線
上中の郷（出石）,全但バス（株）,江原出石線
山宮,全但バス（株）,神鍋高原線・通学通勤エクスプレス
用野区,香美町,射添線
溶岩流せせらぎ口,全但バス（株）,神鍋高原線・通学通勤エクスプレス
長板,全但バス（株）,秋岡線
三ツ木,全但バス（株）,江原出石線
府市場,全但バス（株）,日和山線・八鹿豊岡線
大谷,全但バス（株）,江原出石線
市谷,全但バス（株）,"江原出石線, 中筋線"
マックスバリュ日高店前,豊岡市,イナカ-八代線
山本,豊岡市,イナカ-八代線
土居,全但バス（株）,日和山線・八鹿豊岡線
坂津口,全但バス（株）,奥藤線
丸中,全但バス（株）,江原出石線
尾崎,全但バス（株）,江原出石線
鳥居,全但バス（株）,"豊岡出石線（神美：森尾口経由）, 江原出石線"
森井,全但バス（株）,江原出石線
赤花,全但バス（株）,奥藤線
用野,香美町,村岡境線
用野,全但バス（株）,"秋岡線, 湯村温泉線, 板仕野線・柤岡線"
出石神社,全但バス（株）,"豊岡出石線（神美：森尾口経由）, 江原出石線"
頃垣口,全但バス（株）,神鍋高原線・通学通勤エクスプレス
日高東中学校,豊岡市,イナカ-八代線
松岡,全但バス（株）,日和山線・八鹿豊岡線
鳥居,全但バス（株）,"城崎出石直通便, 豊岡出石線（本線：天神橋経由）, 豊岡出石線（神美：森尾口経由）, 江原出石線"
日場,全但バス（株）,奥藤線
上の郷,全但バス（株）,"江原出石線, 中筋線"
上三原,全但バス（株）,奥藤線
鬼子母神,全但バス（株）,奥藤線
石井,全但バス（株）,神鍋高原線・通学通勤エクスプレス
水上,豊岡市,イナカ-八代線
但東中学校,豊岡市,イナカ-河野辺線
但東中学校,全但バス（株）,奥藤線
特別支援学校,全但バス（株）,"豊岡出石線（神美：森尾口経由）, 江原出石線"
鹿田,香美町,村岡境線
鹿田,全但バス（株）,"秋岡線, 湯村温泉線, 板仕野線・柤岡線"
水上,全但バス（株）,"城崎出石直通便, 豊岡出石線（本線：天神橋経由）, 豊岡出石線（神美：森尾口経由）, 江原出石線"
鶴岡,全但バス（株）,"日和山線・八鹿豊岡線, 江原出石線, 中筋線"
十戸,全但バス（株）,神鍋高原線・通学通勤エクスプレス
出合団地,豊岡市,イナカ-河野辺線
出合団地前,全但バス（株）,奥藤線
新町,香美町,"射添線, 村岡境線, 兎塚線"
新町,全但バス（株）,"秋岡線, 湯村温泉線, 板仕野線・柤岡線"
村岡地域局,香美町,"射添線, 村岡境線, 兎塚線"
村岡地域局,全但バス（株）,"秋岡線, 湯村温泉線, 板仕野線・柤岡線"
国分寺,豊岡市,イナカ-八代線
鶴岡新道,全但バス（株）,"日和山線・八鹿豊岡線, 江原出石線, 中筋線"
殿町,香美町,"射添線, 村岡境線, 兎塚線"
殿町（村岡）,全但バス（株）,"秋岡線, 湯村温泉線, ハチ北線, 板仕野線・柤岡線"
社協前,香美町,兎塚線
石寺,全但バス（株）,秋岡線
商店街,香美町,"射添線, 兎塚線"
西中学校,全但バス（株）,神鍋高原線・通学通勤エクスプレス
日吉,全但バス（株）,"日和山線・八鹿豊岡線, 江原出石線, 中筋線"
村岡,香美町,村岡境線
村岡,全但バス（株）,"秋岡線, 湯村温泉線, ハチ北線, 板仕野線・柤岡線"
江原駅西口,豊岡市,"イナカ-八代線, イナカ-三方線"
江原駅西口,全但バス（株）,神鍋高原線・通学通勤エクスプレス
出合,豊岡市,イナカ-河野辺線
出合,全但バス（株）,奥藤線
市役所日高庁舎,豊岡市,"イナカ-八代線, イナカ-三方線"
江原河畔劇場,豊岡市,イナカ-三方線
江原河畔劇場,全但バス（株）,"日和山線・八鹿豊岡線, 江原出石線, 中筋線"
日高健康福祉センター,全但バス（株）,神鍋高原線・通学通勤エクスプレス
江原駅,全但バス（株）,"江原出石線, 中筋線, 神鍋高原線・通学通勤エクスプレス"
庄境,全但バス（株）,神鍋高原線・通学通勤エクスプレス
団地前,全但バス（株）,"豊岡出石線（神美：森尾口経由）, 江原出石線"
村岡小学校,香美町,村岡境線
村岡小学校,全但バス（株）,"秋岡線, 湯村温泉線, 板仕野線・柤岡線"
JA日高支店,豊岡市,"イナカ-八代線, イナカ-三方線"
久斗口,豊岡市,イナカ-三方線
東構,豊岡市,"イナカ-八代線, イナカ-三方線"
小代物産館前,全但バス（株）,秋岡線
桜尾,全但バス（株）,八鹿出石線
村岡病院,香美町,"射添線, 村岡境線, 兎塚線"
村岡病院,全但バス（株）,"秋岡線, 湯村温泉線, ハチ北線, 板仕野線・柤岡線"
出石農協前,全但バス（株）,"城崎出石直通便, 豊岡出石線（本線：天神橋経由）, 豊岡出石線（神美：森尾口経由）, 江原出石線"
福西,全但バス（株）,"秋岡線, 湯村温泉線, ハチ北線"
江原本町,全但バス（株）,"日和山線・八鹿豊岡線, 神鍋高原線・通学通勤エクスプレス"
出石福祉ゾーン,全但バス（株）,"豊岡出石線（本線：天神橋経由）, 豊岡出石線（神美：森尾口経由）, 八鹿出石線, 江原出石線"
村岡高校,香美町,村岡境線
村岡高校,全但バス（株）,"秋岡線, 湯村温泉線, ハチ北線, 板仕野線・柤岡線"
精和園成人寮口,全但バス（株）,八鹿出石線
東溝,全但バス（株）,神鍋高原線・通学通勤エクスプレス
郷野,全但バス（株）,神鍋高原線・通学通勤エクスプレス
細見,全但バス（株）,八鹿出石線
南尾,豊岡市,イナカ-河野辺線
南尾,全但バス（株）,奥藤線
広井,全但バス（株）,秋岡線
日高病院,全但バス（株）,神鍋高原線・通学通勤エクスプレス
日高医療センター,豊岡市,"イナカ-八代線, イナカ-三方線"
ことぶき苑前,全但バス（株）,神鍋高原線・通学通勤エクスプレス
荒木,全但バス（株）,八鹿出石線
出石中学校前,全但バス（株）,"城崎出石直通便, 豊岡出石線（本線：天神橋経由）, 豊岡出石線（神美：森尾口経由）, 江原出石線"
総合グラウンド前,全但バス（株）,"豊岡出石線（本線：天神橋経由）, 豊岡出石線（神美：森尾口経由）, 八鹿出石線, 江原出石線"
静修小学校,豊岡市,イナカ-三方線
静修小学校,全但バス（株）,神鍋高原線・通学通勤エクスプレス
道場口,全但バス（株）,神鍋高原線・通学通勤エクスプレス
久斗下,全但バス（株）,神鍋高原線・通学通勤エクスプレス
宵田,全但バス（株）,日和山線・八鹿豊岡線
矢根,全但バス（株）,奥藤線
久斗,全但バス（株）,神鍋高原線・通学通勤エクスプレス
神水,全但バス（株）,秋岡線
夏栗口,全但バス（株）,神鍋高原線・通学通勤エクスプレス
道場,全但バス（株）,神鍋高原線・通学通勤エクスプレス
沢庵寺口,全但バス（株）,"城崎出石直通便, 豊岡出石線（本線：天神橋経由）, 豊岡出石線（神美：森尾口経由）, 江原出石線"
辺坂,全但バス（株）,神鍋高原線・通学通勤エクスプレス
合橋小学校,豊岡市,イナカ-河野辺線
合橋小学校,全但バス（株）,奥藤線
野,豊岡市,イナカ-三方線
猪子垣,豊岡市,イナカ-三方線
平田,全但バス（株）,八鹿出石線
芝,豊岡市,イナカ-三方線
小谷,豊岡市,イナカ-河野辺線
松枝,全但バス（株）,"豊岡出石線（本線：天神橋経由）, 豊岡出石線（神美：森尾口経由）, 八鹿出石線, 江原出石線"
福住,全但バス（株）,"豊岡出石線（本線：天神橋経由）, 豊岡出石線（神美：森尾口経由）, 八鹿出石線, 江原出石線"
水間口,香美町,小代線
水間口,全但バス（株）,秋岡線
岩中,全但バス（株）,日和山線・八鹿豊岡線
出合市場,全但バス（株）,奥藤線
相田,全但バス（株）,板仕野線・柤岡線
田ノ口口,豊岡市,イナカ-三方線
植村冒険館前,豊岡市,イナカ-三方線
植村冒険館前,全但バス（株）,神鍋高原線・通学通勤エクスプレス
神坂,全但バス（株）,板仕野線・柤岡線
伊府口,豊岡市,イナカ-三方線
出石,全但バス（株）,"城崎出石直通便, 豊岡出石線（本線：天神橋経由）, 豊岡出石線（神美：森尾口経由）, 奥藤線, 八鹿出石線, 江原出石線"
谷垣医院,豊岡市,イナカ-三方線
大糠,全但バス（株）,"秋岡線, 湯村温泉線, ハチ北線"
河畑,豊岡市,イナカ-三方線
荒川,豊岡市,イナカ-三方線
小人町,全但バス（株）,"奥藤線, 八鹿出石線"
正法寺,豊岡市,イナカ-河野辺線
大糠上,香美町,"射添線, 兎塚線"
神坂子育センター,全但バス（株）,板仕野線・柤岡線
金谷,豊岡市,イナカ-三方線
福住小学校,全但バス（株）,八鹿出石線
福見,全但バス（株）,八鹿出石線
広井,豊岡市,イナカ-三方線
神場,香美町,小代線
小代診療所,全但バス（株）,秋岡線
診療所,香美町,小代線
羽尻,豊岡市,イナカ-三方線
赤坂,全但バス（株）,奥藤線
伊府,豊岡市,イナカ-三方線
萩山,全但バス（株）,板仕野線・柤岡線
浅倉,全但バス（株）,日和山線・八鹿豊岡線
小代地域局,全但バス（株）,秋岡線
日高佐田口,豊岡市,イナカ-三方線
猪之谷,香美町,小代線
町営小代地域局,香美町,小代線
寺坂,全但バス（株）,奥藤線
下寺坂,全但バス（株）,奥藤線
三方コミセン,豊岡市,イナカ-三方線
寺河内,全但バス（株）,"秋岡線, 湯村温泉線, ハチ北線"
篠垣,豊岡市,イナカ-三方線
栗山,豊岡市,イナカ-三方線
小代橋,香美町,小代線
赤崎,全但バス（株）,日和山線・八鹿豊岡線
殿新町,豊岡市,イナカ-三方線
小代大谷,全但バス（株）,秋岡線
大谷,香美町,小代線
殿,豊岡市,イナカ-三方線
桐野口,全但バス（株）,奥藤線
日高佐田,豊岡市,イナカ-三方線
栗山新道,豊岡市,イナカ-三方線
おじろん,香美町,小代線
日野辺,全但バス（株）,奥藤線
平田,豊岡市,イナカ-河野辺線
板仕野,全但バス（株）,板仕野線・柤岡線
高井,全但バス（株）,"秋岡線, 湯村温泉線, ハチ北線"
出石警察署前,全但バス（株）,"奥藤線, 八鹿出石線"
上平田,豊岡市,イナカ-河野辺線
小代学校前,香美町,小代線
小代学校前,全但バス（株）,秋岡線
小学校前［小代］,香美町,小代線
耀山,全但バス（株）,"秋岡線, 湯村温泉線, ハチ北線"
上野橋,全但バス（株）,奥藤線
野間谷,香美町,小代線
森山,豊岡市,イナカ-三方線
久須部,香美町,小代線
耀山区,香美町,兎塚線
忠宮下,全但バス（株）,秋岡線
新橋,豊岡市,イナカ-三方線
暮坂,全但バス（株）,八鹿出石線
観音寺,豊岡市,イナカ-三方線
忠宮,全但バス（株）,秋岡線
宿南,全但バス（株）,日和山線・八鹿豊岡線
市原,全但バス（株）,"秋岡線, 湯村温泉線, ハチ北線"
実山,香美町,小代線
経済連前,全但バス（株）,日和山線・八鹿豊岡線
栗尾,豊岡市,イナカ-河野辺線
町,全但バス（株）,日和山線・八鹿豊岡線
門前下,養父市,宿南ふれあい号
上浅間,全但バス（株）,八鹿出石線
平野下,香美町,小代線
貫田口,全但バス（株）,秋岡線
浅間,全但バス（株）,八鹿出石線
門前,養父市,宿南ふれあい号
青渓書院前,養父市,宿南ふれあい号
宿南小学校,養父市,宿南ふれあい号
三谷口,養父市,宿南ふれあい号
宿南こども園,養父市,宿南ふれあい号
知見,豊岡市,イナカ-三方線
貝田,豊岡市,イナカ-河野辺線
青山二又,養父市,宿南ふれあい号
平野上,香美町,小代線
貫田,全但バス（株）,秋岡線
町中,養父市,宿南ふれあい号
青山,養父市,宿南ふれあい号
日影,全但バス（株）,"秋岡線, 湯村温泉線, ハチ北線"
町公会堂前,養父市,宿南ふれあい号
宿口,全但バス（株）,"秋岡線, 湯村温泉線, ハチ北線"
寄宮,全但バス（株）,日和山線・八鹿豊岡線
寄宮,養父市,宿南ふれあい号
茅野,全但バス（株）,秋岡線
薬王寺,豊岡市,イナカ-河野辺線
町営茅野,香美町,小代線
伊佐公民館,養父市,八鹿コミュニティバス
伊佐,養父市,八鹿コミュニティバス
伊佐,全但バス（株）,八鹿出石線
大貝,豊岡市,イナカ-河野辺線
鍛治屋,香美町,小代線
鍛冶屋,全但バス（株）,秋岡線
岩崎,養父市,八鹿コミュニティバス
町営佐坊,香美町,小代線
東垣,全但バス（株）,秋岡線
佐田,豊岡市,イナカ-河野辺線
町営東垣,香美町,小代線
出尾,豊岡市,イナカ-河野辺線
坂本,養父市,八鹿コミュニティバス
坂本,全但バス（株）,八鹿出石線
下小田,全但バス（株）,日和山線・八鹿豊岡線
居望,全但バス（株）,秋岡線
黒田,全但バス（株）,"秋岡線, 湯村温泉線, ハチ北線"
秋岡,全但バス（株）,秋岡線
河野辺,豊岡市,イナカ-河野辺線
石原,豊岡市,イナカ-河野辺線
口三谷,養父市,宿南ふれあい号
大江岩崎口,養父市,八鹿コミュニティバス
大江岩崎口,全但バス（株）,八鹿出石線
久谷,豊岡市,イナカ-河野辺線
作山区,香美町,兎塚線
上小田,養父市,八鹿コミュニティバス
上小田,全但バス（株）,日和山線・八鹿豊岡線
上小田橋,全但バス（株）,八鹿出石線
世賀居,養父市,八鹿コミュニティバス
町営秋岡,香美町,小代線
高橋小学校,豊岡市,イナカ-河野辺線
和池区,香美町,兎塚線
中三谷,養父市,宿南ふれあい号
口大江,養父市,八鹿コミュニティバス
福岡ハチ北口,全但バス（株）,"秋岡線, 湯村温泉線, ハチ北線"
大江公民館前,養父市,八鹿コミュニティバス
大河内,豊岡市,イナカ-河野辺線
兎塚診療所,香美町,兎塚線
三才原,豊岡市,イナカ-河野辺線
奥大江,養父市,八鹿コミュニティバス
久畑,豊岡市,イナカ-河野辺線
福岡横町,全但バス（株）,ハチ北線
森脇区,香美町,兎塚線
奥三谷,養父市,宿南ふれあい号
池ヶ平区,香美町,兎塚線
椿色下,全但バス（株）,石原線
森脇橋,全但バス（株）,ハチ北線
新屋,香美町,小代線
兎塚小学校,全但バス（株）,"秋岡線, 湯村温泉線"
椿色中,全但バス（株）,石原線
森脇橋上,全但バス（株）,ハチ北線
八鹿駅,養父市,八鹿コミュニティバス
八鹿駅,全但バス（株）,"日和山線・八鹿豊岡線, 八鹿出石線, 井坪線, 明延線・若杉線, 若杉線（琴弾トンネル経由）, 和田山中央公園線, 山口生野線, 八鹿建屋線（新井経由）, 石原線, 鉢伏線, 秋岡線, 湯村温泉線"
中村,全但バス（株）,石原線
椿色上,全但バス（株）,石原線
後,豊岡市,イナカ-河野辺線
福岡大野口,全但バス（株）,"秋岡線, 湯村温泉線"
小佐,全但バス（株）,石原線
小佐ふれあい倶楽部前,全但バス（株）,石原線
高坂区,香美町,兎塚線
石原,全但バス（株）,石原線
今井口,全但バス（株）,石原線
大森,全但バス（株）,"日和山線・八鹿豊岡線, 八鹿出石線, 井坪線, 明延線・若杉線, 若杉線（琴弾トンネル経由）, 和田山中央公園線, 山口生野線, 八鹿建屋線（新井経由）, 石原線, 鉢伏線, 秋岡線, 湯村温泉線"
竹部橋,全但バス（株）,ハチ北線
上馬瀬,全但バス（株）,石原線
馬瀬,全但バス（株）,石原線
下馬瀬,全但バス（株）,石原線
岡,全但バス（株）,石原線
東中,豊岡市,イナカ-河野辺線
九鹿,全但バス（株）,石原線
諏訪町,全但バス（株）,"日和山線・八鹿豊岡線, 八鹿出石線, 井坪線, 明延線・若杉線, 若杉線（琴弾トンネル経由）, 和田山中央公園線, 山口生野線, 八鹿建屋線（新井経由）, 石原線, 鉢伏線, 秋岡線, 湯村温泉線"
やぶ市民交流広場前,全但バス（株）,"井坪線, 明延線・若杉線, 和田山中央公園線, 山口生野線, 八鹿建屋線（新井経由）, 石原線"
八井谷,全但バス（株）,"秋岡線, 湯村温泉線"
下九鹿,全但バス（株）,石原線
口大谷下,全但バス（株）,ハチ北線
八鹿青渓中学校,全但バス（株）,石原線
旭町,全但バス（株）,石原線
諏訪橋,全但バス（株）,"日和山線・八鹿豊岡線, 八鹿出石線, 若杉線（琴弾トンネル経由）, 石原線, 鉢伏線, 秋岡線, 湯村温泉線"
八鹿宮町,全但バス（株）,石原線
八鹿宮町,全但バス（株）,"井坪線, 明延線・若杉線, 和田山中央公園線, 山口生野線, 八鹿建屋線（新井経由）"
新町,全但バス（株）,石原線
口大谷,全但バス（株）,ハチ北線
八鹿病院東玄関,全但バス（株）,"日和山線・八鹿豊岡線, 八鹿出石線, 若杉線（琴弾トンネル経由）, 石原線, 鉢伏線, 秋岡線, 湯村温泉線"
ハチ北,全但バス（株）,ハチ北線
下戸,朝来市,アコバス　朝日・内海コース
扇町土木所前,全但バス（株）,"日和山線・八鹿豊岡線, 八鹿出石線, 若杉線（琴弾トンネル経由）, 石原線, 鉢伏線, 秋岡線, 湯村温泉線"
八鹿高校,全但バス（株）,鉢伏線
ペア前,全但バス（株）,"石原線, 鉢伏線"
八鹿病院西口,全但バス（株）,"井坪線, 明延線・若杉線, 和田山中央公園線, 山口生野線, 八鹿建屋線（新井経由）"
宮越,全但バス（株）,"井坪線, 明延線・若杉線, 和田山中央公園線, 山口生野線, 八鹿建屋線（新井経由）"
高中,養父市,わいわいバス［高中〜上野・Yタウン線］
NTT口,全但バス（株）,"日和山線・八鹿豊岡線, 八鹿出石線, 若杉線（琴弾トンネル経由）, 石原線, 鉢伏線, 秋岡線, 湯村温泉線"
養父市役所口,全但バス（株）,"日和山線・八鹿豊岡線, 八鹿出石線, 若杉線（琴弾トンネル経由）, 石原線, 鉢伏線, 秋岡線, 湯村温泉線"
中大谷,全但バス（株）,ハチ北線
ペア前,全但バス（株）,"日和山線・八鹿豊岡線, 八鹿出石線, 若杉線（琴弾トンネル経由）, 秋岡線, 湯村温泉線"
堀場,朝来市,アコバス　朝日・内海コース
網場,全但バス（株）,"井坪線, 明延線・若杉線, 和田山中央公園線, 山口生野線, 八鹿建屋線（新井経由）"
小坂,豊岡市,イナカ-河野辺線
一部,全但バス（株）,"日和山線・八鹿豊岡線, 八鹿出石線, 若杉線（琴弾トンネル経由）, 鉢伏線, 秋岡線, 湯村温泉線"
大野区,香美町,兎塚線
舞狂口,全但バス（株）,"井坪線, 明延線・若杉線, 和田山中央公園線, 山口生野線, 八鹿建屋線（新井経由）"
小山,全但バス（株）,"日和山線・八鹿豊岡線, 八鹿出石線, 若杉線（琴弾トンネル経由）, 鉢伏線, 秋岡線, 湯村温泉線"
地蔵堂前,朝来市,アコバス　朝日・内海コース
待合所,朝来市,アコバス　朝日・内海コース
国木下,全但バス（株）,"日和山線・八鹿豊岡線, 八鹿出石線, 若杉線（琴弾トンネル経由）, 鉢伏線, 秋岡線, 湯村温泉線"
とがやま温泉,全但バス（株）,"日和山線・八鹿豊岡線, 八鹿出石線"
薮崎,全但バス（株）,"井坪線, 明延線・若杉線, 和田山中央公園線, 山口生野線, 八鹿建屋線（新井経由）"
大薮,養父市,わいわいバス［高中〜上野・Yタウン線］
但馬農高,全但バス（株）,"日和山線・八鹿豊岡線, 八鹿出石線, 若杉線（琴弾トンネル経由）, 鉢伏線, 秋岡線, 湯村温泉線"
国木,全但バス（株）,"日和山線・八鹿豊岡線, 八鹿出石線, 若杉線（琴弾トンネル経由）, 鉢伏線, 秋岡線, 湯村温泉線"
奥米地,養父市,わいわいバス［高中〜上野・Yタウン線］
高柳,全但バス（株）,"日和山線・八鹿豊岡線, 八鹿出石線, 若杉線（琴弾トンネル経由）, 鉢伏線, 秋岡線, 湯村温泉線"
中米地,養父市,わいわいバス［高中〜上野・Yタウン線］
万々谷,全但バス（株）,"若杉線（琴弾トンネル経由）, 鉢伏線, 秋岡線, 湯村温泉線"
大屋橋,全但バス（株）,"井坪線, 明延線・若杉線, 和田山中央公園線, 山口生野線, 八鹿建屋線（新井経由）"
上薮崎,養父市,わいわいバス［高中〜上野・Yタウン線］
上薮崎,全但バス（株）,"山口生野線, 八鹿建屋線（新井経由）"
養父明神,全但バス（株）,"山口生野線, 八鹿建屋線（新井経由）"
鉄屋米地,養父市,わいわいバス［高中〜上野・Yタウン線］
畑ケ中,全但バス（株）,"若杉線（琴弾トンネル経由）, 鉢伏線, 秋岡線, 湯村温泉線"
竹ノ内,全但バス（株）,竹ノ内よふど線
大谷下,全但バス（株）,"鉢伏線, 秋岡線, 湯村温泉線"
葛畑スキー場,養父市,関宮ふれあいバス［ハチ高原線］
大谷,全但バス（株）,"鉢伏線, 秋岡線, 湯村温泉線"
大薮口,養父市,わいわいバス［高中〜上野・Yタウン線］
大藪口,全但バス（株）,"山口生野線, 八鹿建屋線（新井経由）"
別宮,養父市,関宮ふれあいバス［ハチ高原線］
中竹ノ内,全但バス（株）,竹ノ内よふど線
上三宅,全但バス（株）,"鉢伏線, 秋岡線, 湯村温泉線"
養父コミセン前,全但バス（株）,"山口生野線, 八鹿建屋線（新井経由）"
万久里,全但バス（株）,"鉢伏線, 秋岡線, 湯村温泉線"
下八木,全但バス（株）,"若杉線（琴弾トンネル経由）, 鉢伏線, 秋岡線, 湯村温泉線"
口米地,養父市,わいわいバス［高中〜上野・Yタウン線］
別宮上,養父市,関宮ふれあいバス［ハチ高原線］
上八木,全但バス（株）,"若杉線（琴弾トンネル経由）, 鉢伏線, 秋岡線, 湯村温泉線"
小城,全但バス（株）,"井坪線, 明延線・若杉線"
神社前,全但バス（株）,竹ノ内よふど線
養父上,養父市,わいわいバス［高中〜上野・Yタウン線］
三宅,全但バス（株）,"鉢伏線, 秋岡線, 湯村温泉線"
小城枯木,全但バス（株）,和田山中央公園線
養父グンゼ,全但バス（株）,"山口生野線, 八鹿建屋線（新井経由）"
ハチ高原,養父市,関宮ふれあいバス［ハチ高原線］
上箇下,全但バス（株）,"井坪線, 明延線・若杉線"
上箇,全但バス（株）,"井坪線, 明延線・若杉線"
上万久里,全但バス（株）,"鉢伏線, 秋岡線, 湯村温泉線"
内海口,朝来市,アコバス　朝日・内海コース
内海口,全但バス（株）,竹ノ内よふど線
センター若竹,朝来市,アコバス　朝日・内海コース
センター若竹,全但バス（株）,竹ノ内よふど線
Yタウン,養父市,"わいわいバス［高中〜上野・Yタウン線］, わいわいバス［畑〜上野・Yタウン線］"
和田,朝来市,アコバス　朝日・内海コース
和田,全但バス（株）,竹ノ内よふど線
広谷学校口,養父市,わいわいバス［畑〜上野・Yタウン線］
広谷学校口,全但バス（株）,"井坪線, 明延線・若杉線"
広谷,養父市,"わいわいバス［高中〜上野・Yタウン線］, わいわいバス［畑〜上野・Yタウン線］"
広谷,全但バス（株）,"井坪線, 明延線・若杉線"
尾崎,全但バス（株）,"鉢伏線, 秋岡線, 湯村温泉線"
広谷小学校,養父市,わいわいバス［畑〜上野・Yタウン線］
和多田,全但バス（株）,"鉢伏線, 秋岡線, 湯村温泉線"
内海,朝来市,アコバス　朝日・内海コース
八木谷,全但バス（株）,"秋岡線, 湯村温泉線"
片岡,全但バス（株）,"鉢伏線, 秋岡線, 湯村温泉線"
養父温泉,養父市,"わいわいバス［高中〜上野・Yタウン線］, わいわいバス［畑〜上野・Yタウン線］"
養父庁舎,養父市,"わいわいバス［高中〜上野・Yタウン線］, わいわいバス［畑〜上野・Yタウン線］"
朝日口,朝来市,アコバス　朝日・内海コース
朝日口,全但バス（株）,竹ノ内よふど線
大塚,養父市,わいわいバス［高中〜上野・Yタウン線］
広谷農協,全但バス（株）,"井坪線, 明延線・若杉線"
上市場,朝来市,アコバス　朝日・内海コース
上市場,全但バス（株）,竹ノ内よふど線
上野,養父市,"わいわいバス［高中〜上野・Yタウン線］, わいわいバス［畑〜上野・Yタウン線］"
上野,全但バス（株）,和田山中央公園線
内海公民館,朝来市,アコバス　朝日・内海コース
歯科診療所,養父市,"わいわいバス［高中〜上野・Yタウン線］, わいわいバス［畑〜上野・Yタウン線］"
葛畑,養父市,関宮ふれあいバス［ハチ高原線］
関宮,全但バス（株）,"鉢伏線, 秋岡線, 湯村温泉線"
養父中学校,養父市,わいわいバス［畑〜上野・Yタウン線］
養父中学校,全但バス（株）,"井坪線, 明延線・若杉線"
関宮地域局,養父市,"関宮ふれあいバス［ハチ高原線］, 関宮ふれあいバス［轟・鵜縄線］"
上野東口,養父市,"わいわいバス［高中〜上野・Yタウン線］, わいわいバス［畑〜上野・Yタウン線］"
下市場,朝来市,アコバス　朝日・内海コース
下市場,全但バス（株）,竹ノ内よふど線
上関宮,全但バス（株）,"鉢伏線, 秋岡線, 湯村温泉線"
鉢伏,全但バス（株）,鉢伏線
十二所,全但バス（株）,"井坪線, 明延線・若杉線"
鉢伏中,全但バス（株）,鉢伏線
関宮学園,全但バス（株）,鉢伏線
東上野,全但バス（株）,和田山中央公園線
関宮中学校,養父市,関宮ふれあいバス［ハチ高原線］
関宮小学校,養父市,"関宮ふれあいバス［ハチ高原線］, 関宮ふれあいバス［轟・鵜縄線］"
下吉井,全但バス（株）,鉢伏線
養父駅,養父市,わいわいバス［高中〜上野・Yタウン線］
養父駅,全但バス（株）,"山口生野線, 八鹿建屋線（新井経由）"
十二所大橋,全但バス（株）,"井坪線, 明延線・若杉線"
谷間地,全但バス（株）,和田山中央公園線
上外野,全但バス（株）,鉢伏線
草出,全但バス（株）,鉢伏線
氷ノ山鉢伏口,全但バス（株）,鉢伏線
八重川,朝来市,アコバス　朝日・内海コース
八重川,全但バス（株）,竹ノ内よふど線
下外野,全但バス（株）,鉢伏線
丹戸,全但バス（株）,鉢伏線
外野,全但バス（株）,鉢伏線
鹿倉口,養父市,関宮ふれあいバス［ハチ高原線］
梨ヶ原,全但バス（株）,鉢伏線
福定,全但バス（株）,鉢伏線
丹戸中央,全但バス（株）,鉢伏線
奈良尾,全但バス（株）,鉢伏線
吉井,全但バス（株）,鉢伏線
川原場,全但バス（株）,鉢伏線
新岡,朝来市,アコバス　朝日・内海コース
堀畑口,全但バス（株）,"山口生野線, 八鹿建屋線（新井経由）"
上吉井,全但バス（株）,鉢伏線
峠,全但バス（株）,和田山中央公園線
玉見,全但バス（株）,明延線・若杉線
高生田,朝来市,アコバス　朝日・内海コース
高生田,全但バス（株）,竹ノ内よふど線
スポーツセンター,全但バス（株）,和田山中央公園線
左近山,全但バス（株）,明延線・若杉線
高田,全但バス（株）,"山口生野線, 八鹿建屋線（新井経由）"
下河原,全但バス（株）,明延線・若杉線
新津,全但バス（株）,明延線・若杉線
糸井小学校,朝来市,アコバス　朝日・内海コース
糸井小学校,全但バス（株）,竹ノ内よふど線
宮垣橋本,全但バス（株）,明延線・若杉線
念法寺前,全但バス（株）,"井坪線, 明延線・若杉線"
姫の宮,全但バス（株）,明延線・若杉線
下中瀬,全但バス（株）,鉢伏線
高田,全但バス（株）,和田山中央公園線
中瀬,全但バス（株）,鉢伏線
宮内口,全但バス（株）,"山口生野線, 八鹿建屋線（新井経由）"
宮垣橋本,全但バス（株）,若杉線（琴弾トンネル経由）
新津上,全但バス（株）,明延線・若杉線
寺下,朝来市,アコバス　朝日・内海コース
寺下,全但バス（株）,竹ノ内よふど線
足坂,全但バス（株）,鉢伏線
大師堂前,朝来市,アコバス　朝日・内海コース
大師堂前,全但バス（株）,竹ノ内よふど線
小路頃,全但バス（株）,鉢伏線
宮内,全但バス（株）,和田山中央公園線
伊豆,全但バス（株）,明延線・若杉線
出合上,養父市,関宮ふれあいバス［轟・鵜縄線］
寺内,朝来市,アコバス　朝日・内海コース
寺内,全但バス（株）,竹ノ内よふど線
出合ターミナル,養父市,"関宮ふれあいバス［ハチ高原線］, 関宮ふれあいバス［轟・鵜縄線］"
出合ターミナル,全但バス（株）,鉢伏線
出合,養父市,関宮ふれあいバス［ハチ高原線］
出合,全但バス（株）,鉢伏線
浅野,養父市,わいわいバス［畑〜上野・Yタウン線］
浅野,全但バス（株）,"井坪線, 明延線・若杉線"
尾原口,全但バス（株）,鉢伏線
浅野上,全但バス（株）,明延線・若杉線
摺鉢,全但バス（株）,鉢伏線
林垣上,朝来市,アコバス　朝日・内海コース
木村市場前,全但バス（株）,和田山中央公園線
高瀬,全但バス（株）,"山口生野線, 八鹿建屋線（新井経由）"
林垣,朝来市,アコバス　朝日・内海コース
林垣,全但バス（株）,竹ノ内よふど線
万葉台,朝来市,アコバス　朝日・内海コース
万葉台,全但バス（株）,竹ノ内よふど線
大蔵小学校,全但バス（株）,"山口生野線, 八鹿建屋線（新井経由）"
ミニフレッシュ宮田店,朝来市,アコバス　岡・藤和コース
稲津中,養父市,わいわいバス［畑〜上野・Yタウン線］
法道寺口,朝来市,アコバス　岡・藤和コース
樽見橋,全但バス（株）,"明延線・若杉線, 若杉線（琴弾トンネル経由）"
稲津,養父市,わいわいバス［畑〜上野・Yタウン線］
稲津,全但バス（株）,井坪線
秋葉台,全但バス（株）,竹ノ内よふど線
法道寺公民館,朝来市,アコバス　岡・藤和コース
宮田,朝来市,アコバス　岡・藤和コース
宮田,全但バス（株）,"和田山中央公園線, 山口生野線, 八鹿建屋線（新井経由）"
安井,養父市,関宮ふれあいバス［轟・鵜縄線］
緑ヶ丘,全但バス（株）,竹ノ内よふど線
室尾,朝来市,アコバス　朝日・内海コース
糸井口,朝来市,アコバス　岡・藤和コース
糸井口,全但バス（株）,"和田山中央公園線, 山口生野線, 八鹿建屋線（新井経由）, 竹ノ内よふど線"
秋葉台中央集会所,全但バス（株）,竹ノ内よふど線
緑ヶ丘集会所,朝来市,アコバス　朝日・内海コース
鵜縄,養父市,関宮ふれあいバス［轟・鵜縄線］
秋葉台4区,全但バス（株）,竹ノ内よふど線
鵜縄公会堂前,養父市,関宮ふれあいバス［轟・鵜縄線］
樽見,全但バス（株）,"明延線・若杉線, 若杉線（琴弾トンネル経由）"
中村下,全但バス（株）,"明延線・若杉線, 若杉線（琴弾トンネル経由）"
白井,全但バス（株）,白井線
岡田,全但バス（株）,白井線
中村,全但バス（株）,"明延線・若杉線, 若杉線（琴弾トンネル経由）"
轟,養父市,関宮ふれあいバス［轟・鵜縄線］
野村,全但バス（株）,白井線
下土田,全但バス（株）,"和田山中央公園線, 山口生野線, 八鹿建屋線（新井経由）, 竹ノ内よふど線"
下岡,朝来市,アコバス　岡・藤和コース
中村上,全但バス（株）,"明延線・若杉線, 若杉線（琴弾トンネル経由）"
弥生が丘,全但バス（株）,白井線
大坪,養父市,わいわいバス［畑〜上野・Yタウン線］
大坪,全但バス（株）,井坪線
岡公民館,朝来市,アコバス　岡・藤和コース
土田公民館,朝来市,アコバス　岡・藤和コース
東和田,全但バス（株）,白井線
中村,全但バス（株）,白井線
土田,全但バス（株）,"和田山中央公園線, 山口生野線, 八鹿建屋線（新井経由）, 竹ノ内よふど線"
宮村,全但バス（株）,白井線
由良,全但バス（株）,"明延線・若杉線, 若杉線（琴弾トンネル経由）"
畑下,養父市,わいわいバス［畑〜上野・Yタウン線］
渡瀬,朝来市,アコバス　岡・藤和コース
畑,養父市,わいわいバス［畑〜上野・Yタウン線］
寺谷公民館,朝来市,アコバス　朝日・内海コース
正垣,全但バス（株）,"明延線・若杉線, 若杉線（琴弾トンネル経由）"
上土田,全但バス（株）,"和田山中央公園線, 山口生野線, 八鹿建屋線（新井経由）, 竹ノ内よふど線"
船谷口,全但バス（株）,井坪線
久和田,全但バス（株）,白井線
1組地蔵横,朝来市,アコバス　岡・藤和コース
畑上,養父市,わいわいバス［畑〜上野・Yタウン線］
土田口,全但バス（株）,"和田山中央公園線, 山口生野線, 八鹿建屋線（新井経由）, 竹ノ内よふど線"
柳原,全但バス（株）,白井線
本芳賀野,朝来市,アコバス　岡・藤和コース
夏梅,全但バス（株）,"明延線・若杉線, 若杉線（琴弾トンネル経由）"
中芳賀野,朝来市,アコバス　岡・藤和コース
船谷,全但バス（株）,井坪線
中市場,全但バス（株）,"和田山中央公園線, 山口生野線, 八鹿建屋線（新井経由）, 竹ノ内よふど線"
別所,朝来市,アコバス　岡・藤和コース
東谷,朝来市,"アコバス　朝日・内海コース, アコバス　岡・藤和コース"
東谷,全但バス（株）,"和田山中央公園線, 山口生野線, 八鹿建屋線（新井経由）, 竹ノ内よふど線"
長尾,朝来市,アコバス　岡・藤和コース
栃尾,全但バス（株）,"明延線・若杉線, 若杉線（琴弾トンネル経由）"
和田山駅,朝来市,"アコバス　朝日・内海コース, アコバス　岡・藤和コース, アコバス　和田山・山東コース"
和田山駅,全但バス（株）,"和田山中央公園線, 山口生野線, 八鹿建屋線（新井経由）, 竹ノ内よふど線, 白井線"
朝来市役所口,朝来市,"アコバス　朝日・内海コース, アコバス　岡・藤和コース, アコバス　和田山・山東コース"
朝来市役所口,全但バス（株）,"和田山中央公園線, 山口生野線, 八鹿建屋線（新井経由）, 竹ノ内よふど線, 白井線"
田和口,全但バス（株）,"明延線・若杉線, 若杉線（琴弾トンネル経由）"
新町,朝来市,"アコバス　朝日・内海コース, アコバス　岡・藤和コース, アコバス　和田山・山東コース"
新町,全但バス（株）,"和田山中央公園線, 山口生野線, 八鹿建屋線（新井経由）, 竹ノ内よふど線, 白井線"
加保口,全但バス（株）,"明延線・若杉線, 若杉線（琴弾トンネル経由）"
玉置橋,朝来市,"アコバス　朝日・内海コース, アコバス　岡・藤和コース, アコバス　和田山・山東コース"
玉置橋,全但バス（株）,"山口生野線, 竹ノ内よふど線, 白井線"
ひまわりこども園,全但バス（株）,"和田山中央公園線, 八鹿建屋線（新井経由）"
玉置,朝来市,"アコバス　朝日・内海コース, アコバス　岡・藤和コース, アコバス　和田山・山東コース"
玉置,全但バス（株）,"山口生野線, 竹ノ内よふど線, 白井線"
和田山営業所,全但バス（株）,"山口生野線, 竹ノ内よふど線, 白井線"
枚田小学校,全但バス（株）,"和田山中央公園線, 八鹿建屋線（新井経由）, 白井線"
大屋,全但バス（株）,"明延線・若杉線, 若杉線（琴弾トンネル経由）"
大屋地域局前,全但バス（株）,"明延線・若杉線, 若杉線（琴弾トンネル経由）"
学校前,全但バス（株）,"明延線・若杉線, 若杉線（琴弾トンネル経由）"
大屋中町,全但バス（株）,明延線・若杉線
おおやの郷前,全但バス（株）,"明延線・若杉線, 若杉線（琴弾トンネル経由）"
池山,全但バス（株）,井坪線
中央公園,朝来市,アコバス　和田山・山東コース
中央公園,全但バス（株）,"和田山中央公園線, 竹ノ内よふど線, 柴線, 白井線"
和田山高校,全但バス（株）,"和田山中央公園線, 山口生野線, 竹ノ内よふど線, 柴線, 白井線"
和田山高校前,朝来市,"アコバス　朝日・内海コース, アコバス　岡・藤和コース, アコバス　和田山・山東コース"
JAファーマーズ,朝来市,"アコバス　朝日・内海コース, アコバス　岡・藤和コース, アコバス　和田山・山東コース"
JAファーマーズ,全但バス（株）,"和田山中央公園線, 山口生野線, 竹ノ内よふど線, 柴線, 白井線"
大杉,全但バス（株）,"明延線・若杉線, 若杉線（琴弾トンネル経由）"
イオン,朝来市,"アコバス　朝日・内海コース, アコバス　岡・藤和コース, アコバス　和田山・山東コース"
イオン,全但バス（株）,"和田山中央公園線, 山口生野線, 竹ノ内よふど線, 柴線, 白井線"
上町,全但バス（株）,明延線・若杉線
枚田七味,全但バス（株）,"和田山中央公園線, 八鹿建屋線（新井経由）"
松ヶ原,全但バス（株）,井坪線
瓜原,全但バス（株）,"明延線・若杉線, 若杉線（琴弾トンネル経由）"
枚田岡会館前,朝来市,アコバス　岡・藤和コース
立ノ原,朝来市,アコバス　岡・藤和コース
筏下,全但バス（株）,"明延線・若杉線, 若杉線（琴弾トンネル経由）"
下蔵垣,全但バス（株）,"明延線・若杉線, 若杉線（琴弾トンネル経由）"
枚田,全但バス（株）,"和田山中央公園線, 八鹿建屋線（新井経由）"
桑原,全但バス（株）,"竹ノ内よふど線, 柴線"
上蔵垣,全但バス（株）,"明延線・若杉線, 若杉線（琴弾トンネル経由）"
天滝口,全但バス（株）,"明延線・若杉線, 若杉線（琴弾トンネル経由）"
筏,全但バス（株）,"明延線・若杉線, 若杉線（琴弾トンネル経由）"
法興寺,朝来市,アコバス　岡・藤和コース
森,全但バス（株）,井坪線
朝来医療センター,朝来市,"アコバス　朝日・内海コース, アコバス　岡・藤和コース, アコバス　和田山・山東コース"
朝来医療センター,全但バス（株）,"和田山中央公園線, 山口生野線, 竹ノ内よふど線, 柴線, 白井線"
枚田上地,全但バス（株）,"和田山中央公園線, 八鹿建屋線（新井経由）, 白井線"
市御堂,全但バス（株）,"和田山中央公園線, 八鹿建屋線（新井経由）"
ボランピアおおや前,全但バス（株）,明延線・若杉線
森公会堂,全但バス（株）,井坪線
糸原,全但バス（株）,明延線・若杉線
中間,全但バス（株）,"明延線・若杉線, 若杉線（琴弾トンネル経由）"
サンコーポラス,朝来市,アコバス　岡・藤和コース
奥山口,全但バス（株）,井坪線
梁瀬郵便局,朝来市,アコバス　和田山・山東コース
梁瀬郵便局前,全但バス（株）,"竹ノ内よふど線, 柴線"
比治,朝来市,アコバス　岡・藤和コース
そよかぜ診療所前,朝来市,アコバス　和田山・山東コース
特設分団消防庫,朝来市,アコバス　岡・藤和コース
野谷口,朝来市,アコバス　岡・藤和コース
梁瀬小学校,朝来市,アコバス　和田山・山東コース
梁瀬小学校,全但バス（株）,"竹ノ内よふど線, 柴線"
田野,全但バス（株）,明延線・若杉線
栗の下,全但バス（株）,"明延線・若杉線, 若杉線（琴弾トンネル経由）"
産霊橋,朝来市,アコバス　岡・藤和コース
清水町,朝来市,アコバス　和田山・山東コース
山東支所,朝来市,アコバス　和田山・山東コース
山東支所,全但バス（株）,"竹ノ内よふど線, 柴線"
久留引,全但バス（株）,"和田山中央公園線, 八鹿建屋線（新井経由）, 白井線"
横行,全但バス（株）,明延線・若杉線
末才,全但バス（株）,柴線
和田山工業団地,朝来市,アコバス　岡・藤和コース
正町,全但バス（株）,井坪線
栗の下上,全但バス（株）,"明延線・若杉線, 若杉線（琴弾トンネル経由）"
梁瀬中学校,全但バス（株）,竹ノ内よふど線
ひめはな舞ロード,朝来市,アコバス　和田山・山東コース
和賀,全但バス（株）,柴線
宮本,全但バス（株）,明延線・若杉線
筒江西,朝来市,アコバス　岡・藤和コース
向大道,朝来市,アコバス　和田山・山東コース
門野,全但バス（株）,明延線・若杉線
早田,全但バス（株）,柴線
加都東,朝来市,アコバス　岡・藤和コース
筒江東,朝来市,アコバス　岡・藤和コース
殿,朝来市,アコバス　岡・藤和コース
加都西,朝来市,アコバス　岡・藤和コース
地蔵前,朝来市,アコバス　岡・藤和コース
安井公民館,朝来市,アコバス　岡・藤和コース
門野公会堂,全但バス（株）,明延線・若杉線
安井口,朝来市,アコバス　岡・藤和コース
安井口,全但バス（株）,"山口生野線, 八鹿建屋線（新井経由）"
神社口,全但バス（株）,柴線
三波,朝来市,アコバス　岡・藤和コース
大月,朝来市,アコバス　和田山・山東コース
大月,全但バス（株）,竹ノ内よふど線
田中下,全但バス（株）,柴線
大谷,全但バス（株）,"明延線・若杉線, 若杉線（琴弾トンネル経由）"
田中上,全但バス（株）,柴線
一品,全但バス（株）,柴線
建屋小学校,全但バス（株）,井坪線
柴・久田,全但バス（株）,柴線
諏訪,朝来市,アコバス　和田山・山東コース
諏訪,全但バス（株）,竹ノ内よふど線
新町,全但バス（株）,井坪線
下町,全但バス（株）,"山口生野線, 八鹿建屋線（新井経由）"
新田,全但バス（株）,明延線・若杉線
柴,全但バス（株）,柴線
須西下,全但バス（株）,明延線・若杉線
米屋町,全但バス（株）,"山口生野線, 八鹿建屋線（新井経由）"
口若杉,全但バス（株）,"明延線・若杉線, 若杉線（琴弾トンネル経由）"
粟鹿神社,全但バス（株）,柴線
須西,全但バス（株）,明延線・若杉線
柿坪集会所,朝来市,アコバス　和田山・山東コース
東集会所,全但バス（株）,柴線
能座口,全但バス（株）,井坪線
竹田駅,全但バス（株）,"山口生野線, 八鹿建屋線（新井経由）"
若杉口,全但バス（株）,"明延線・若杉線, 若杉線（琴弾トンネル経由）"
西谷新橋,全但バス（株）,柴線
建屋,全但バス（株）,"井坪線, 八鹿建屋線（新井経由）"
ひいらぎ,朝来市,アコバス　和田山・山東コース
和田下,全但バス（株）,明延線・若杉線
越田作業所,朝来市,アコバス　和田山・山東コース
上町,全但バス（株）,"山口生野線, 八鹿建屋線（新井経由）"
診療所前,全但バス（株）,"井坪線, 八鹿建屋線（新井経由）"
建屋診療所,養父市,健屋タッキー号
柊木,全但バス（株）,竹ノ内よふど線
比叡公民館,全但バス（株）,柴線
朝来橋,朝来市,"アコバス　岡・藤和コース, アコバス　和田山・山東コース"
和田,全但バス（株）,明延線・若杉線
西谷中,全但バス（株）,柴線
中若杉,全但バス（株）,"明延線・若杉線, 若杉線（琴弾トンネル経由）"
竹田新町公民館,朝来市,アコバス　岡・藤和コース
若杉,全但バス（株）,"明延線・若杉線, 若杉線（琴弾トンネル経由）"
若杉方転場,全但バス（株）,"明延線・若杉線, 若杉線（琴弾トンネル経由）"
餅耕地下,養父市,健屋タッキー号
野谷,全但バス（株）,"井坪線, 八鹿建屋線（新井経由）"
溝黒,全但バス（株）,竹ノ内よふど線
久世田口,全但バス（株）,"山口生野線, 八鹿建屋線（新井経由）"
餅耕地,養父市,健屋タッキー号
三保下,朝来市,アコバス　和田山・山東コース
田淵,全但バス（株）,明延線・若杉線
奥若杉,全但バス（株）,"明延線・若杉線, 若杉線（琴弾トンネル経由）"
溝黒上,朝来市,アコバス　和田山・山東コース
八幡神社前,朝来市,アコバス　和田山・山東コース
迫間原線入口,朝来市,アコバス　和田山・山東コース
唐川,養父市,健屋タッキー号
田淵上,全但バス（株）,明延線・若杉線
久世田,全但バス（株）,"山口生野線, 八鹿建屋線（新井経由）"
迫間集会所,朝来市,アコバス　和田山・山東コース
三保,朝来市,アコバス　和田山・山東コース
戸倉,神姫バス（株）,"しーたんバス　戸倉線, しーたんバス　戸倉線・皆木線・原線"
戸倉,（株）ウイング神姫,山崎　70
道谷橋前,神姫バス（株）,"しーたんバス　戸倉線, しーたんバス　戸倉線・皆木線・原線"
道谷橋前,（株）ウイング神姫,山崎　70
道谷,神姫バス（株）,"しーたんバス　戸倉線, しーたんバス　戸倉線・皆木線・原線"
道谷,（株）ウイング神姫,山崎　70
森,朝来市,アコバス　和田山・山東コース
森,全但バス（株）,竹ノ内よふど線
大岩,全但バス（株）,明延線・若杉線
よふど温泉,朝来市,アコバス　和田山・山東コース
よふど温泉,全但バス（株）,竹ノ内よふど線
斉神社,全但バス（株）,井坪線
斎神社,全但バス（株）,八鹿建屋線（新井経由）
よふど温泉前,朝来市,アコバス　和田山・山東コース
与布土,朝来市,アコバス　和田山・山東コース
与布土,全但バス（株）,竹ノ内よふど線
与布土上,朝来市,アコバス　和田山・山東コース
北星,全但バス（株）,明延線・若杉線
東山,全但バス（株）,明延線・若杉線
長野,全但バス（株）,"井坪線, 八鹿建屋線（新井経由）"
明延,全但バス（株）,明延線・若杉線
井の坪,養父市,健屋タッキー号
井坪,全但バス（株）,"井坪線, 八鹿建屋線（新井経由）"
坂ノ谷,全但バス（株）,明延線・若杉線
自然学校前,全但バス（株）,明延線・若杉線
物部,全但バス（株）,"山口生野線, 八鹿建屋線（新井経由）"
宮中そうめん流し前,神姫バス（株）,"しーたんバス　戸倉線, しーたんバス　戸倉線・皆木線・原線"
宮中そうめん流し前,（株）ウイング神姫,山崎　70
物部中,全但バス（株）,"山口生野線, 八鹿建屋線（新井経由）"
宮中,神姫バス（株）,"しーたんバス　戸倉線, しーたんバス　戸倉線・皆木線・原線"
宮中,（株）ウイング神姫,山崎　70
佐中集会所,朝来市,アコバス　神子畑・佐中コース
佐中上,朝来市,アコバス　神子畑・佐中コース
澤公民館前,朝来市,"アコバス　神子畑・佐中コース, アコバス　神子畑・老波・川上コース"
青倉,朝来市,"アコバス　神子畑・佐中コース, アコバス　神子畑・老波・川上コース"
青倉,全但バス（株）,"山口生野線, 八鹿建屋線（新井経由）"
朝来福祉会館前,朝来市,"アコバス　神子畑・佐中コース, アコバス　神子畑・老波・川上コース"
伊由市場,朝来市,"アコバス　神子畑・佐中コース, アコバス　神子畑・老波・川上コース"
山内集会所,朝来市,アコバス　神子畑・老波・川上コース
石亀,神姫バス（株）,"しーたんバス　戸倉線, しーたんバス　戸倉線・皆木線・原線"
石亀,（株）ウイング神姫,山崎　70
上八代,朝来市,アコバス　神子畑・老波・川上コース
上八代,全但バス（株）,"井坪線, 八鹿建屋線（新井経由）"
石田下,朝来市,"アコバス　神子畑・佐中コース, アコバス　神子畑・老波・川上コース"
桑市,全但バス（株）,"山口生野線, 八鹿建屋線（新井経由）"
石田公民館前,朝来市,"アコバス　神子畑・佐中コース, アコバス　神子畑・老波・川上コース"
石田上,朝来市,"アコバス　神子畑・佐中コース, アコバス　神子畑・老波・川上コース"
元石田口,朝来市,"アコバス　神子畑・佐中コース, アコバス　神子畑・老波・川上コース"
納座集会所前,朝来市,アコバス　神子畑・老波・川上コース
川上,朝来市,アコバス　神子畑・老波・川上コース
田倉橋,朝来市,アコバス　神子畑・老波・川上コース
鹿伏,神姫バス（株）,"しーたんバス　戸倉線, しーたんバス　戸倉線・皆木線・原線"
鹿伏,（株）ウイング神姫,山崎　70
立脇,全但バス（株）,"山口生野線, 八鹿建屋線（新井経由）"
文室,（株）ウイング神姫,篠山・柏原　50．51．53．54
五郎蔵,朝来市,"アコバス　神子畑・佐中コース, アコバス　神子畑・老波・川上コース"
惣持,（株）ウイング神姫,篠山・柏原　50．51．53．54
森,（株）ウイング神姫,篠山・柏原　50．51．53．54
青垣住民センター前,（株）ウイング神姫,"篠山・柏原　50．51．53．54, 篠山・柏原　52"
桧倉,（株）ウイング神姫,篠山・柏原　50．51．53．54
合宿前,朝来市,"アコバス　神子畑・佐中コース, アコバス　神子畑・老波・川上コース"
小原,神姫バス（株）,"しーたんバス　戸倉線, しーたんバス　戸倉線・皆木線・原線"
小原,（株）ウイング神姫,山崎　70
平野,朝来市,"アコバス　神子畑・佐中コース, アコバス　神子畑・老波・川上コース"
大稗口,（株）ウイング神姫,篠山・柏原　50．51．53．54
中村,朝来市,"アコバス　神子畑・佐中コース, アコバス　神子畑・老波・川上コース"
青垣診療所前,（株）ウイング神姫,"篠山・柏原　50．51．53．54, 篠山・柏原　52"
大宮,朝来市,アコバス　神子畑・佐中コース
青垣中学校前,（株）ウイング神姫,篠山・柏原　50．51．53．54
平野下,朝来市,"アコバス　神子畑・佐中コース, アコバス　神子畑・老波・川上コース"
アルバ,朝来市,"アコバス　田路・多々良木コース, アコバス　神子畑・佐中コース, アコバス　神子畑・老波・川上コース"
アルバ,全但バス（株）,井坪線
朝来中学校,朝来市,"アコバス　田路・多々良木コース, アコバス　神子畑・佐中コース, アコバス　神子畑・老波・川上コース"
朝来中学校,全但バス（株）,"井坪線, 山口生野線, 八鹿建屋線（新井経由）"
中之町,（株）ウイング神姫,"篠山・柏原　50．51．53．54, 篠山・柏原　52"
佐治駐在所前,（株）ウイング神姫,"篠山・柏原　50．51．53．54, 篠山・柏原　52"
佐治,（株）ウイング神姫,"篠山・柏原　50．51．53．54, 篠山・柏原　52"
牧野集会所,朝来市,アコバス　田路・多々良木コース
大植病院前,朝来市,アコバス　田路・多々良木コース
佐治小倉,（株）ウイング神姫,篠山・柏原　50．51．53．54
長源寺前,神姫バス（株）,"しーたんバス　戸倉線, しーたんバス　戸倉線・皆木線・原線"
長源寺前,（株）ウイング神姫,山崎　70
中村下,朝来市,アコバス　田路・多々良木コース
朝来支所,朝来市,"アコバス　田路・多々良木コース, アコバス　神子畑・佐中コース, アコバス　神子畑・老波・川上コース"
朝来支所,全但バス（株）,"井坪線, 山口生野線, 八鹿建屋線（新井経由）"
佐中口,朝来市,"アコバス　神子畑・佐中コース, アコバス　神子畑・老波・川上コース"
中村上,朝来市,アコバス　田路・多々良木コース
青垣小学校前,（株）ウイング神姫,"篠山・柏原　50．51．53．54, 篠山・柏原　52"
高山,神姫バス（株）,"しーたんバス　戸倉線, しーたんバス　戸倉線・皆木線・原線"
高山,（株）ウイング神姫,山崎　70
神子畑,朝来市,アコバス　神子畑・佐中コース
土肥橋,朝来市,"アコバス　神子畑・佐中コース, アコバス　神子畑・老波・川上コース"
中八代,朝来市,アコバス　神子畑・老波・川上コース
中八代,全但バス（株）,"井坪線, 八鹿建屋線（新井経由）"
大才下,朝来市,アコバス　田路・多々良木コース
寺下,朝来市,"アコバス　神子畑・佐中コース, アコバス　神子畑・老波・川上コース"
大才上,朝来市,アコバス　田路・多々良木コース
多々良木山荘,朝来市,アコバス　田路・多々良木コース
新井下,朝来市,"アコバス　田路・多々良木コース, アコバス　神子畑・佐中コース, アコバス　神子畑・老波・川上コース"
新井下,全但バス（株）,"井坪線, 山口生野線, 八鹿建屋線（新井経由）"
老波公民館,朝来市,アコバス　神子畑・老波・川上コース
大名草公民館,（株）ウイング神姫,篠山・柏原　50．51．53．54
三久安山口,神姫バス（株）,"しーたんバス　戸倉線, しーたんバス　戸倉線・皆木線・原線"
三久安山口,（株）ウイング神姫,山崎　70
芸術の森美術館,朝来市,アコバス　田路・多々良木コース
三度淵,朝来市,"アコバス　神子畑・佐中コース, アコバス　神子畑・老波・川上コース"
上芦田,（株）ウイング神姫,"篠山・柏原　50．51．53．54, 篠山・柏原　52"
小原1,神姫バス（株）,しーたんバス　公文線
大名草上,（株）ウイング神姫,篠山・柏原　50．51．53．54
新井,朝来市,"アコバス　田路・多々良木コース, アコバス　神子畑・佐中コース, アコバス　神子畑・老波・川上コース"
新井,全但バス（株）,"井坪線, 山口生野線, 八鹿建屋線（新井経由）"
立野中,朝来市,"アコバス　田路・多々良木コース, アコバス　神子畑・佐中コース, アコバス　神子畑・老波・川上コース"
芦田,（株）ウイング神姫,"篠山・柏原　50．51．53．54, 篠山・柏原　52"
新橋,朝来市,"アコバス　田路・多々良木コース, アコバス　神子畑・佐中コース, アコバス　神子畑・老波・川上コース"
新橋,全但バス（株）,"井坪線, 山口生野線, 八鹿建屋線（新井経由）"
山本,朝来市,"アコバス　神子畑・佐中コース, アコバス　神子畑・老波・川上コース"
口八代,朝来市,アコバス　神子畑・老波・川上コース
口八代,全但バス（株）,"井坪線, 八鹿建屋線（新井経由）"
引原トンネル,神姫バス（株）,"しーたんバス　戸倉線, しーたんバス　戸倉線・皆木線・原線"
引原トンネル,（株）ウイング神姫,山崎　70
黒川,（株）ウイング神姫,粟賀　生野駅西口〜黒川
栗住野,（株）ウイング神姫,"篠山・柏原　50．51．53．54, 篠山・柏原　52"
立野,全但バス（株）,山口生野線
倉床,神姫バス（株）,しーたんバス　横山線・倉床線
倉床,（株）ウイング神姫,山崎　60．61
小原2,神姫バス（株）,しーたんバス　公文線
溝谷1,神姫バス（株）,しーたんバス　公文線
田井縄口,（株）ウイング神姫,"篠山・柏原　50．51．53．54, 篠山・柏原　52"
引原ダム,神姫バス（株）,"しーたんバス　戸倉線, しーたんバス　戸倉線・皆木線・原線"
引原ダム,（株）ウイング神姫,山崎　70
音水公民館前,神姫バス（株）,しーたんバス　戸倉線
八代口,朝来市,"アコバス　神子畑・佐中コース, アコバス　神子畑・老波・川上コース"
八代口,全但バス（株）,"井坪線, 八鹿建屋線（新井経由）"
溝谷2,神姫バス（株）,しーたんバス　公文線
羽渕橋,朝来市,アコバス　神子畑・佐中コース
羽渕橋,全但バス（株）,"井坪線, 八鹿建屋線（新井経由）"
南田,神姫バス（株）,しーたんバス　横山線・倉床線
南田,（株）ウイング神姫,山崎　60．61
東芦田口,（株）ウイング神姫,"篠山・柏原　50．51．53．54, 篠山・柏原　52"
山口こども園前,朝来市,アコバス　田路・多々良木コース
山口,全但バス（株）,山口生野線
奥田路公民館,朝来市,アコバス　田路・多々良木コース
大名寺橋,（株）ウイング神姫,粟賀　生野駅西口〜黒川
浜廻,神姫バス（株）,しーたんバス　横山線・倉床線
浜廻,（株）ウイング神姫,山崎　60．61
音水口,神姫バス（株）,"しーたんバス　戸倉線, しーたんバス　戸倉線・皆木線・原線"
音水口,（株）ウイング神姫,山崎　70
子安地蔵前,神姫バス（株）,しーたんバス　黒原線
日の原,神姫バス（株）,"しーたんバス　戸倉線, しーたんバス　戸倉線・皆木線・原線"
日ノ原,（株）ウイング神姫,山崎　70
祥雲寺,朝来市,アコバス　田路・多々良木コース
みながき,朝来市,アコバス　田路・多々良木コース
鍛冶屋前,朝来市,アコバス　田路・多々良木コース
沼,（株）ウイング神姫,"篠山・柏原　50．51．53．54, 篠山・柏原　52"
羽渕,朝来市,アコバス　田路・多々良木コース
大坪,神姫バス（株）,しーたんバス　横山線・倉床線
大坪,（株）ウイング神姫,山崎　60．61
兵ノ谷橋,神姫バス（株）,しーたんバス　黒原線
山口護国神社,全但バス（株）,山口生野線
内水面漁業,朝来市,アコバス　田路・多々良木コース
二連瀬,神姫バス（株）,"しーたんバス　戸倉線, しーたんバス　戸倉線・皆木線・原線"
二連瀬,（株）ウイング神姫,山崎　70
口田路公民館,朝来市,アコバス　田路・多々良木コース
幸世橋,（株）ウイング神姫,"篠山・柏原　50．51．53．54, 篠山・柏原　52"
井ノ口橋前,朝来市,アコバス　田路・多々良木コース
平家坂橋,（株）ウイング神姫,粟賀　生野駅西口〜黒川
黒原詰所前,神姫バス（株）,しーたんバス　黒原線
中田路公民館,朝来市,アコバス　田路・多々良木コース
ほたるの広場前,朝来市,アコバス　田路・多々良木コース
横山,神姫バス（株）,しーたんバス　横山線・倉床線
横山,（株）ウイング神姫,山崎　60．61
ふどの,朝来市,アコバス　田路・多々良木コース
日比宇口,（株）ウイング神姫,篠山・柏原　50．51．53．54
太谷口,神姫バス（株）,しーたんバス　黒原線
赤西口,神姫バス（株）,"しーたんバス　戸倉線, しーたんバス　戸倉線・皆木線・原線"
赤西口,（株）ウイング神姫,山崎　70
元津下,全但バス（株）,山口生野線
御油,（株）ウイング神姫,篠山・柏原　52
方町,（株）ウイング神姫,篠山・柏原　50．51．53．54
井内詰所前,神姫バス（株）,しーたんバス　黒原線
三谷橋,神姫バス（株）,しーたんバス　横山線・倉床線
三谷橋,（株）ウイング神姫,山崎　60．61
三谷橋南,神姫バス（株）,しーたんバス　横山線・倉床線
三谷橋南,（株）ウイング神姫,山崎　60．61
元津上,全但バス（株）,山口生野線
簾野,（株）ウイング神姫,粟賀　生野駅西口〜黒川
川上神社口,神姫バス（株）,しーたんバス　公文線
上岸田大橋前,神姫バス（株）,しーたんバス　黒原線
香良口,（株）ウイング神姫,篠山・柏原　50．51．53．54
井中,（株）ウイング神姫,篠山・柏原　52
西河内,神姫バス（株）,しーたんバス　千種線
西河内,（株）ウイング神姫,山崎　80
原,神姫バス（株）,"しーたんバス　戸倉線, しーたんバス　戸倉線・皆木線・原線"
原,（株）ウイング神姫,山崎　70
吉原,（株）ウイング神姫,粟賀　生野駅西口〜黒川
田中橋,神姫バス（株）,しーたんバス　千種線
田中橋,（株）ウイング神姫,山崎　80
和田,神姫バス（株）,しーたんバス　公文線
上岩津下,全但バス（株）,山口生野線
上岸田,神姫バス（株）,"しーたんバス　黒原線, しーたんバス　横山線・倉床線"
上岸田,（株）ウイング神姫,山崎　60．61
柳町,（株）ウイング神姫,篠山・柏原　50．51．53．54
東河内,神姫バス（株）,しーたんバス　千種線
東河内,（株）ウイング神姫,山崎　80
中野,神姫バス（株）,しーたんバス　千種線
中野,（株）ウイング神姫,山崎　80
山寄上,（株）ウイング神姫,西脇・多可　西脇市駅〜（日野）〜曽我井〜鳥羽上・山寄上
千町終点,神姫バス（株）,しーたんバス　千町線
西公文公民館前,神姫バス（株）,しーたんバス　公文線
原有賀,神姫バス（株）,"しーたんバス　戸倉線, しーたんバス　戸倉線・皆木線・原線"
原有賀,（株）ウイング神姫,山崎　70
大塚病院前,（株）ウイング神姫,篠山・柏原　50．51．53．54
西河内口,神姫バス（株）,しーたんバス　千種線
西河内口,（株）ウイング神姫,山崎　80
東公文公民館前,神姫バス（株）,しーたんバス　公文線
下金屋,神姫バス（株）,しーたんバス　公文線
上岸田口,神姫バス（株）,"しーたんバス　黒原線, しーたんバス　横山線・倉床線"
上岸田口,（株）ウイング神姫,山崎　60．61
中ノ宮神社前,神姫バス（株）,しーたんバス　千種線
中ノ宮神社前,（株）ウイング神姫,山崎　80
北田井,（株）ウイング神姫,篠山・柏原　52
上岩津上,全但バス（株）,山口生野線
山寄上口,（株）ウイング神姫,西脇・多可　西脇市駅〜（日野）〜曽我井〜鳥羽上・山寄上
上千町集会所前,神姫バス（株）,しーたんバス　千町線
魚ヶ滝,（株）ウイング神姫,粟賀　生野駅西口〜黒川
釜河内集会所前,神姫バス（株）,しーたんバス　河原田線
発電所前,神姫バス（株）,"しーたんバス　黒原線, しーたんバス　横山線・倉床線"
発電所前,（株）ウイング神姫,山崎　60．61
高保木,神姫バス（株）,しーたんバス　千種線
高保木,（株）ウイング神姫,山崎　80
黒地集会所前,神姫バス（株）,しーたんバス　公文線
東河内口,神姫バス（株）,しーたんバス　千種線
東河内口,（株）ウイング神姫,山崎　80
田井野,神姫バス（株）,しーたんバス　公文線
南田井,（株）ウイング神姫,篠山・柏原　52
キャンプ場,（株）ウイング神姫,粟賀　生野駅西口〜黒川
円山下,全但バス（株）,山口生野線
桟敷,（株）ウイング神姫,篠山・柏原　50．51．53．54
銀山湖,（株）ウイング神姫,粟賀　生野駅西口〜黒川
下千町集会所前,神姫バス（株）,しーたんバス　千町線
奥水谷,神姫バス（株）,しーたんバス　水谷線
釜河内口,神姫バス（株）,しーたんバス　河原田線
森添,神姫バス（株）,しーたんバス　公文線
杉原紙の里,（株）ウイング神姫,西脇・多可　西脇市駅〜（日野）〜曽我井〜鳥羽上・山寄上
百千家満,神姫バス（株）,"しーたんバス　千町線, しーたんバス　黒原線, しーたんバス　横山線・倉床線"
百千家満,（株）ウイング神姫,山崎　60．61
田中,（株）ウイング神姫,篠山・柏原　50．51．53．54
草木集会所前,神姫バス（株）,しーたんバス　千町線
田中口,（株）ウイング神姫,"篠山・柏原　50．51．53．54, 篠山・柏原　52"
油良口,（株）ウイング神姫,篠山・柏原　50．51．53．54
高見橋,神姫バス（株）,しーたんバス　公文線
野尻,神姫バス（株）,"しーたんバス　戸倉線, しーたんバス　戸倉線・皆木線・原線"
野尻,（株）ウイング神姫,山崎　70
常楽寺,神姫バス（株）,"しーたんバス　千町線, しーたんバス　黒原線, しーたんバス　横山線・倉床線"
常楽寺,（株）ウイング神姫,山崎　60．61
下野尻,神姫バス（株）,"しーたんバス　戸倉線, しーたんバス　戸倉線・皆木線・原線"
下野尻,（株）ウイング神姫,山崎　70
円山,全但バス（株）,山口生野線
鳥羽上,（株）ウイング神姫,西脇・多可　西脇市駅〜（日野）〜曽我井〜鳥羽上・山寄上
千尾,神姫バス（株）,しーたんバス　河原田線
三方北,神姫バス（株）,"しーたんバス　河原田線, しーたんバス　公文線, しーたんバス　千町線, しーたんバス　黒原線, しーたんバス　横山線・倉床線"
三方北,（株）ウイング神姫,山崎　60．61
三方町出張所前,神姫バス（株）,"しーたんバス　河原田線, しーたんバス　公文線, しーたんバス　千町線, しーたんバス　黒原線"
まほろばの湯,神姫バス（株）,"しーたんバス　河原田線, しーたんバス　公文線, しーたんバス　千町線, しーたんバス　黒原線, しーたんバス　横山線・倉床線"
まほろばの湯,（株）ウイング神姫,山崎　60．61
上井ノ田,神姫バス（株）,"しーたんバス　千町線, しーたんバス　黒原線, しーたんバス　横山線・倉床線"
上井ノ田,（株）ウイング神姫,山崎　60．61
上草木,神姫バス（株）,しーたんバス　千町線
家原遺跡公園前,神姫バス（株）,"しーたんバス　千町線, しーたんバス　黒原線"
家原遺跡公園,神姫バス（株）,しーたんバス　横山線・倉床線
家原遺跡公園,（株）ウイング神姫,山崎　60．61
鳥羽下,（株）ウイング神姫,西脇・多可　西脇市駅〜（日野）〜曽我井〜鳥羽上・山寄上
河原田公民館前,神姫バス（株）,しーたんバス　河原田線
高野橋,神姫バス（株）,しーたんバス　河原田線
井ノ田,神姫バス（株）,"しーたんバス　千町線, しーたんバス　黒原線, しーたんバス　横山線・倉床線"
井ノ田,（株）ウイング神姫,山崎　60．61
三方,神姫バス（株）,"しーたんバス　河原田線, しーたんバス　公文線, しーたんバス　千町線, しーたんバス　黒原線, しーたんバス　横山線・倉床線"
三方,（株）ウイング神姫,山崎　60．61
水谷公民館前,神姫バス（株）,しーたんバス　水谷線
高野,神姫バス（株）,しーたんバス　河原田線
前川,神姫バス（株）,"しーたんバス　河原田線, しーたんバス　公文線, しーたんバス　千町線, しーたんバス　黒原線, しーたんバス　横山線・倉床線"
前川,（株）ウイング神姫,山崎　60．61
常楽,（株）ウイング神姫,"篠山・柏原　50．51．53．54, 篠山・柏原　52"
小田和,全但バス（株）,山口生野線
前嶋橋,（株）ウイング神姫,"篠山・柏原　50．51．53．54, 篠山・柏原　52"
竹原野,（株）ウイング神姫,"粟賀　粟賀〜生野駅西口〜喜楽苑, 粟賀　生野駅西口〜黒川"
喜楽苑,（株）ウイング神姫,粟賀　粟賀〜生野駅西口〜喜楽苑
常楽新田,（株）ウイング神姫,"篠山・柏原　50．51．53．54, 篠山・柏原　52"
松ノ木,神姫バス（株）,しーたんバス　千種線
松ノ木,（株）ウイング神姫,山崎　80
丹波市役所,（株）ウイング神姫,"篠山・柏原　50．51．53．54, 篠山・柏原　52, 篠山・柏原　61"
緑ヶ丘,（株）ウイング神姫,"粟賀　粟賀〜生野駅西口〜喜楽苑, 粟賀　生野駅西口〜黒川"
成松北町,（株）ウイング神姫,"篠山・柏原　50．51．53．54, 篠山・柏原　52"
福野北,神姫バス（株）,"しーたんバス　河原田線, しーたんバス　公文線, しーたんバス　千町線, しーたんバス　黒原線, しーたんバス　横山線・倉床線"
福野北,（株）ウイング神姫,山崎　60．61
JAハリマみかた営業部,神姫バス（株）,"しーたんバス　河原田線, しーたんバス　公文線, しーたんバス　千町線, しーたんバス　黒原線"
皆木,神姫バス（株）,"しーたんバス　戸倉線, しーたんバス　谷今市線, しーたんバス　水谷線, しーたんバス　戸倉線・皆木線・原線, しーたんバス　エーガイヤ線"
皆木,（株）ウイング神姫,"山崎　70, 山崎　75"
飯見詰所北,神姫バス（株）,しーたんバス　戸倉線
福野,神姫バス（株）,しーたんバス　横山線・倉床線
福野,（株）ウイング神姫,山崎　60．61
成松西町,（株）ウイング神姫,"篠山・柏原　50．51．53．54, 篠山・柏原　52, 篠山・柏原　61"
成松東町,（株）ウイング神姫,"篠山・柏原　50．51．53．54, 篠山・柏原　52, 篠山・柏原　61"
植野記念美術館前,（株）ウイング神姫,"篠山・柏原　50．51．53．54, 篠山・柏原　52, 篠山・柏原　61"
飯見公民館前,神姫バス（株）,しーたんバス　戸倉線
氷上,（株）ウイング神姫,"篠山・柏原　50．51．53．54, 篠山・柏原　52, 篠山・柏原　61"
飯見橋,神姫バス（株）,"しーたんバス　戸倉線, しーたんバス　谷今市線, しーたんバス　水谷線, しーたんバス　戸倉線・皆木線・原線, しーたんバス　エーガイヤ線"
飯見橋,（株）ウイング神姫,"山崎　70, 山崎　75"
関西記念墓園,（株）ウイング神姫,"篠山・柏原　50．51．53．54, 篠山・柏原　52"
関西記念墓園,神姫バス（株）,三田駅周辺・新三田駅周辺　特急
下遠方,福知山市,友渕支線
生野銀山口,（株）ウイング神姫,"粟賀　粟賀〜生野駅西口〜喜楽苑, 粟賀　生野駅西口〜黒川"
生野銀山,（株）ウイング神姫,"粟賀　粟賀〜生野駅西口〜喜楽苑, 粟賀　生野駅西口〜黒川"
黒井町,（株）ウイング神姫,篠山・柏原　55
遠方公民館,福知山市,友渕支線
清水上,（株）ウイング神姫,西脇・多可　西脇市駅〜（日野）〜曽我井〜鳥羽上・山寄上
黒井東,（株）ウイング神姫,篠山・柏原　55
奥銀谷,（株）ウイング神姫,"粟賀　粟賀〜生野駅西口〜喜楽苑, 粟賀　生野駅西口〜黒川"
生野北口,（株）ウイング神姫,粟賀　新野駅・粟賀〜生野駅西口〜生野学園
生野,全但バス（株）,山口生野線
福中,神姫バス（株）,しーたんバス　横山線・倉床線
福中,（株）ウイング神姫,山崎　60．61
市辺,（株）ウイング神姫,"篠山・柏原　50．51．53．54, 篠山・柏原　52, 篠山・柏原　61"
黒井駅,（株）ウイング神姫,篠山・柏原　55
ふるさと村,神河町,作畑新田線
新田ふるさと村,（株）ウイング神姫,粟賀　新野駅・粟賀〜作畑新田・新田ふるさと村
立野,（株）ウイング神姫,篠山・柏原　55
上成松,（株）ウイング神姫,"篠山・柏原　60．62, 篠山・柏原　61"
石才,（株）ウイング神姫,篠山・柏原　55
朝日,（株）ウイング神姫,篠山・柏原　55
山田橋前,神姫バス（株）,しーたんバス　水谷線
新町,（株）ウイング神姫,"粟賀　粟賀〜生野駅西口〜喜楽苑, 粟賀　生野駅西口〜黒川"
上野北口,神姫バス（株）,"しーたんバス　谷今市線, しーたんバス　水谷線, しーたんバス　戸倉線・皆木線・原線, しーたんバス　エーガイヤ線"
上野北口,（株）ウイング神姫,"山崎　70, 山崎　75"
草山温泉,福知山市,友渕支線
口新町,（株）ウイング神姫,"粟賀　粟賀〜生野駅西口〜喜楽苑, 粟賀　生野駅西口〜黒川"
マインホール,（株）ウイング神姫,"粟賀　新野駅・粟賀〜生野駅西口〜生野学園, 粟賀　粟賀〜生野駅西口〜喜楽苑, 粟賀　生野駅西口〜黒川"
猪野々口,（株）ウイング神姫,"粟賀　粟賀〜生野駅西口〜喜楽苑, 粟賀　生野駅西口〜黒川"
生野庁舎,（株）ウイング神姫,"粟賀　粟賀〜生野駅西口〜喜楽苑, 粟賀　生野駅西口〜黒川"
山神橋前,（株）ウイング神姫,"粟賀　粟賀〜生野駅西口〜喜楽苑, 粟賀　生野駅西口〜黒川"
野村,（株）ウイング神姫,篠山・柏原　55
三菱鉱山前,（株）ウイング神姫,"粟賀　粟賀〜生野駅西口〜喜楽苑, 粟賀　生野駅西口〜黒川"
草山温泉,（株）ウイング神姫,篠山・柏原　3
アルパインホテル［草山］,福知山市,友渕支線
滝後口,（株）ウイング神姫,粟賀　新野駅・粟賀〜生野駅西口〜生野学園
歌道谷,（株）ウイング神姫,篠山・柏原　55
犬岡口,（株）ウイング神姫,"篠山・柏原　50．51．53．54, 篠山・柏原　52, 篠山・柏原　61"
上遠方,（株）ウイング神姫,篠山・柏原　3
河呂,神姫バス（株）,しーたんバス　千種線
河呂,（株）ウイング神姫,山崎　80
清水下,（株）ウイング神姫,西脇・多可　西脇市駅〜（日野）〜曽我井〜鳥羽上・山寄上
上野,神姫バス（株）,"しーたんバス　谷今市線, しーたんバス　水谷線, しーたんバス　戸倉線・皆木線・原線, しーたんバス　エーガイヤ線"
上野,（株）ウイング神姫,"山崎　70, 山崎　75"
犬岡,（株）ウイング神姫,"篠山・柏原　60．62, 篠山・柏原　61"
生野駅西口,神河町,生野線
生野駅西口,全但バス（株）,山口生野線
生野駅西口,（株）ウイング神姫,"粟賀　新野駅・粟賀〜猪篠〜生野駅西口, 粟賀　新野駅・粟賀〜生野駅西口〜生野学園, 粟賀　粟賀〜生野駅西口〜喜楽苑, 粟賀　生野駅西口〜黒川"
黒田,（株）ウイング神姫,"篠山・柏原　60．62, 篠山・柏原　61"
波賀市民局,神姫バス（株）,"しーたんバス　谷今市線, しーたんバス　水谷線"
ゴルフ場口,（株）ウイング神姫,粟賀　新野駅・粟賀〜生野駅西口〜生野学園
作畑新田,神河町,作畑新田線
作畑新田,（株）ウイング神姫,粟賀　新野駅・粟賀〜作畑新田・新田ふるさと村
登橋,神姫バス（株）,しーたんバス　下三方線
奥福知橋,神姫バス（株）,しーたんバス　下三方線
有賀野,神姫バス（株）,しーたんバス　エーガイヤ線
有賀野,（株）ウイング神姫,山崎　75
栃原口,（株）ウイング神姫,粟賀　新野駅・粟賀〜生野駅西口〜生野学園
斉木口,神姫バス（株）,"しーたんバス　谷今市線, しーたんバス　水谷線, しーたんバス　戸倉線・皆木線・原線, しーたんバス　エーガイヤ線"
斉木口,（株）ウイング神姫,"山崎　70, 山崎　75"
うばど橋,（株）ウイング神姫,粟賀　新野駅・粟賀〜生野駅西口〜生野学園
自動車学校前,（株）ウイング神姫,"篠山・柏原　50．51．53．54, 篠山・柏原　52, 篠山・柏原　61"
大森前,神姫バス（株）,しーたんバス　千種線
大森前,（株）ウイング神姫,山崎　80
本郷,（株）ウイング神姫,篠山・柏原　3
福知渓谷,神姫バス（株）,しーたんバス　下三方線
春日中学校前,（株）ウイング神姫,篠山・柏原　55
寺脇,神姫バス（株）,しーたんバス　エーガイヤ線
寺脇,（株）ウイング神姫,山崎　75
新田口,神河町,作畑新田線
新田口,（株）ウイング神姫,粟賀　新野駅・粟賀〜作畑新田・新田ふるさと村
公民館前,（株）ウイング神姫,粟賀　新野駅・粟賀〜生野駅西口〜生野学園
千種中学校前,神姫バス（株）,しーたんバス　エーガイヤ線
千種中学校前,（株）ウイング神姫,山崎　75
土井,神姫バス（株）,しーたんバス　奥西山七野線
紙屋,神姫バス（株）,しーたんバス　奥西山七野線
森脇,神姫バス（株）,しーたんバス　エーガイヤ線
森脇,（株）ウイング神姫,山崎　75
安養寺,神姫バス（株）,しーたんバス　エーガイヤ線
安養寺,（株）ウイング神姫,山崎　75
二宮神社前,神姫バス（株）,しーたんバス　エーガイヤ線
二宮神社前,（株）ウイング神姫,山崎　75
小河,神姫バス（株）,しーたんバス　エーガイヤ線
小河,（株）ウイング神姫,山崎　75
柳谷,神姫バス（株）,しーたんバス　エーガイヤ線
柳谷,（株）ウイング神姫,山崎　75
松隣寺口,（株）ウイング神姫,篠山・柏原　3
ゆめタウン,（株）ウイング神姫,"篠山・柏原　50．51．53．54, 篠山・柏原　52, 篠山・柏原　60．62, 篠山・柏原　61"
西方,（株）ウイング神姫,"篠山・柏原　60．62, 篠山・柏原　61"
福海寺口,神姫バス（株）,しーたんバス　エーガイヤ線
福海寺口,（株）ウイング神姫,山崎　75
千種高校前,神姫バス（株）,しーたんバス　千種線
千種高校前,（株）ウイング神姫,山崎　80
千種高校東門前,神姫バス（株）,しーたんバス　エーガイヤ線
千種高校東門前,（株）ウイング神姫,山崎　75
薮,神姫バス（株）,しーたんバス　下三方線
北真弓,（株）ウイング神姫,"粟賀　新野駅・粟賀〜猪篠〜生野駅西口, 粟賀　新野駅・粟賀〜生野駅西口〜生野学園, 粟賀　粟賀〜生野駅西口〜喜楽苑"
本郷口,（株）ウイング神姫,"篠山・柏原　50．51．53．54, 篠山・柏原　52, 篠山・柏原　61"
宮の前,（株）ウイング神姫,粟賀　新野駅・粟賀〜生野駅西口〜生野学園
川上,神河町,川上線
川上,（株）ウイング神姫,粟賀　粟賀・寺前駅〜長谷駅〜川上
中村,神姫バス（株）,しーたんバス　エーガイヤ線
中村,（株）ウイング神姫,山崎　75
上垣内,神河町,作畑新田線
上垣内,（株）ウイング神姫,粟賀　新野駅・粟賀〜作畑新田・新田ふるさと村
福知公民館前,神姫バス（株）,しーたんバス　下三方線
吹上,神河町,作畑新田線
吹上,（株）ウイング神姫,粟賀　新野駅・粟賀〜作畑新田・新田ふるさと村
宮の元,神姫バス（株）,しーたんバス　横山線・倉床線
宮の元,（株）ウイング神姫,山崎　60．61
津羅橋,神姫バス（株）,しーたんバス　下三方線
千種,神姫バス（株）,"しーたんバス　奥西山七野線, しーたんバス　鷹巣線, しーたんバス　エーガイヤ線, しーたんバス　千種線"
千種,（株）ウイング神姫,山崎　80
喜多川橋,神姫バス（株）,"しーたんバス　エーガイヤ線, しーたんバス　千種線"
喜多川橋,（株）ウイング神姫,"山崎　80, 山崎　75"
西福橋,神姫バス（株）,しーたんバス　下三方線
奥西山公民館前,神姫バス（株）,しーたんバス　奥西山七野線
明願寺前,神姫バス（株）,しーたんバス　下三方線
春日学園前,（株）ウイング神姫,篠山・柏原　55
真西橋北,神姫バス（株）,"しーたんバス　奥西山七野線, しーたんバス　鷹巣線"
生野高校,神河町,生野線
生野高校,（株）ウイング神姫,"粟賀　新野駅・粟賀〜猪篠〜生野駅西口, 粟賀　新野駅・粟賀〜生野駅西口〜生野学園, 粟賀　粟賀〜生野駅西口〜喜楽苑"
安賀,神姫バス（株）,"しーたんバス　戸倉線・皆木線・原線, しーたんバス　エーガイヤ線"
安賀,（株）ウイング神姫,"山崎　70, 山崎　75"
作畑,神河町,作畑新田線
作畑,（株）ウイング神姫,粟賀　新野駅・粟賀〜作畑新田・新田ふるさと村
メイプル福祉センター,神姫バス（株）,"しーたんバス　谷今市線, しーたんバス　水谷線"
荒尾,神姫バス（株）,しーたんバス　エーガイヤ線
荒尾,（株）ウイング神姫,山崎　75
轟,（株）ウイング神姫,西脇・多可　西脇市駅〜（日野）〜曽我井〜鳥羽上・山寄上
栃原,（株）ウイング神姫,粟賀　新野駅・粟賀〜生野駅西口〜生野学園
高橋,神姫バス（株）,しーたんバス　エーガイヤ線
高橋,（株）ウイング神姫,山崎　75
上町,神姫バス（株）,"しーたんバス　エーガイヤ線, しーたんバス　千種線"
上町,（株）ウイング神姫,"山崎　80, 山崎　75"
新郷,（株）ウイング神姫,"篠山・柏原　60．62, 篠山・柏原　61"
流田,神姫バス（株）,しーたんバス　エーガイヤ線
流田,（株）ウイング神姫,山崎　75
横田,（株）ウイング神姫,"篠山・柏原　50．51．53．54, 篠山・柏原　52, 篠山・柏原　61"
屋垣内,神姫バス（株）,しーたんバス　奥西山七野線
福知,神姫バス（株）,しーたんバス　横山線・倉床線
福知,（株）ウイング神姫,山崎　60．61
斉木,神姫バス（株）,しーたんバス　エーガイヤ線
斉木,（株）ウイング神姫,山崎　75
石生駅西口,（株）ウイング神姫,"篠山・柏原　7（直7）, 篠山・柏原　50．51．53．54, 篠山・柏原　52, 篠山・柏原　60．62, 篠山・柏原　61, 篠山・柏原　55"
千種市民局,神姫バス（株）,"しーたんバス　奥西山七野線, しーたんバス　鷹巣線"
コープ柏原,（株）ウイング神姫,"篠山・柏原　50．51．53．54, 篠山・柏原　52, 篠山・柏原　60．62, 篠山・柏原　61"
宮立,（株）ウイング神姫,篠山・柏原　3
西山,神姫バス（株）,しーたんバス　奥西山七野線
千種市民局前,神姫バス（株）,"しーたんバス　エーガイヤ線, しーたんバス　千種線"
千種町市民局前,（株）ウイング神姫,"山崎　80, 山崎　75"
中川上,神河町,川上線
中川上,（株）ウイング神姫,粟賀　粟賀・寺前駅〜長谷駅〜川上
下村,神河町,作畑新田線
下村,（株）ウイング神姫,粟賀　新野駅・粟賀〜作畑新田・新田ふるさと村
真弓,神河町,生野線
真弓,（株）ウイング神姫,"粟賀　新野駅・粟賀〜猪篠〜生野駅西口, 粟賀　新野駅・粟賀〜生野駅西口〜生野学園, 粟賀　粟賀〜生野駅西口〜喜楽苑"
棚原,（株）ウイング神姫,篠山・柏原　55
西深集会所前,神姫バス（株）,しーたんバス　下三方線
B＆Gプール前,神姫バス（株）,"しーたんバス　奥西山七野線, しーたんバス　鷹巣線"
安賀南,神姫バス（株）,"しーたんバス　谷今市線, しーたんバス　戸倉線・皆木線・原線, しーたんバス　エーガイヤ線"
安賀南,（株）ウイング神姫,"山崎　70, 山崎　75"
中島上,神姫バス（株）,"しーたんバス　エーガイヤ線, しーたんバス　千種線"
中島上,（株）ウイング神姫,"山崎　80, 山崎　75"
石生学校前,（株）ウイング神姫,"篠山・柏原　7（直7）, 篠山・柏原　50．51．53．54, 篠山・柏原　52, 篠山・柏原　60．62, 篠山・柏原　61, 篠山・柏原　55"
雛倉,神姫バス（株）,しーたんバス　奥西山七野線
石生新町,（株）ウイング神姫,"篠山・柏原　7（直7）, 篠山・柏原　50．51．53．54, 篠山・柏原　52, 篠山・柏原　60．62, 篠山・柏原　61, 篠山・柏原　55"
黒土公民館前,神姫バス（株）,"しーたんバス　エーガイヤ線, しーたんバス　千種線"
黒土公民館前,（株）ウイング神姫,"山崎　80, 山崎　75"
川上口,神河町,川上線
川上口,（株）ウイング神姫,粟賀　粟賀・寺前駅〜長谷駅〜川上
水分,（株）ウイング神姫,"篠山・柏原　7（直7）, 篠山・柏原　50．51．53．54, 篠山・柏原　52, 篠山・柏原　60．62, 篠山・柏原　61, 篠山・柏原　55"
内海口,神姫バス（株）,"しーたんバス　鷹巣線, しーたんバス　エーガイヤ線"
内海口,（株）ウイング神姫,山崎　75
梶原,神姫バス（株）,しーたんバス　横山線・倉床線
梶原,（株）ウイング神姫,山崎　60．61
三井庄,（株）ウイング神姫,篠山・柏原　55
西枡渕,（株）ウイング神姫,粟賀　新野駅・粟賀〜生野駅西口〜生野学園
大森口,（株）ウイング神姫,"篠山・柏原　60．62, 篠山・柏原　61"
中島下,神姫バス（株）,"しーたんバス　エーガイヤ線, しーたんバス　千種線"
中島下,（株）ウイング神姫,"山崎　80, 山崎　75"
下西深,神姫バス（株）,しーたんバス　下三方線
丹波医療センター,（株）ウイング神姫,"篠山・柏原　直5, 篠山・柏原　7（直7）, 篠山・柏原　50．51．53．54, 篠山・柏原　52, 篠山・柏原　60．62, 篠山・柏原　61, 篠山・柏原　5, 篠山・柏原　55"
石生領町,（株）ウイング神姫,"篠山・柏原　7（直7）, 篠山・柏原　50．51．53．54, 篠山・柏原　52, 篠山・柏原　60．62, 篠山・柏原　61, 篠山・柏原　55"
国領,（株）ウイング神姫,篠山・柏原　55
今市橋,神姫バス（株）,"しーたんバス　谷今市線, しーたんバス　戸倉線・皆木線・原線, しーたんバス　エーガイヤ線"
今市橋,（株）ウイング神姫,"山崎　70, 山崎　75"
寺畑,神姫バス（株）,しーたんバス　鷹巣線
エーガイヤちくさ,神姫バス（株）,"しーたんバス　奥西山七野線, しーたんバス　鷹巣線, しーたんバス　エーガイヤ線, しーたんバス　千種線"
エーガイヤちくさ,（株）ウイング神姫,"山崎　80, 山崎　75"
室消防詰所前,神姫バス（株）,しーたんバス　奥西山七野線
室橋,神姫バス（株）,"しーたんバス　奥西山七野線, しーたんバス　鷹巣線, しーたんバス　千種線"
室橋,（株）ウイング神姫,山崎　80
西山,（株）ウイング神姫,西脇・多可　西脇市駅〜（日野）〜曽我井〜鳥羽上・山寄上
今市,神姫バス（株）,しーたんバス　谷今市線
進修小学校前,（株）ウイング神姫,篠山・柏原　55
鹿場口,（株）ウイング神姫,篠山・柏原　55
西中山,（株）ウイング神姫,篠山・柏原　55
室公民館前,神姫バス（株）,しーたんバス　奥西山七野線
中山口,（株）ウイング神姫,篠山・柏原　55
石生南町,（株）ウイング神姫,"篠山・柏原　7（直7）, 篠山・柏原　50．51．53．54, 篠山・柏原　52, 篠山・柏原　60．62, 篠山・柏原　61, 篠山・柏原　55"
黒土上集会所前,神姫バス（株）,しーたんバス　鷹巣線
中村,（株）ウイング神姫,篠山・柏原　55
東中,（株）ウイング神姫,篠山・柏原　55
谷村,（株）ウイング神姫,"篠山・柏原　60．62, 篠山・柏原　61"
三尾登山口,（株）ウイング神姫,篠山・柏原　55
生野学園,（株）ウイング神姫,粟賀　新野駅・粟賀〜生野駅西口〜生野学園
内海公民館,神姫バス（株）,しーたんバス　鷹巣線
野瀬,（株）ウイング神姫,篠山・柏原　55
藤坂公民館,（株）ウイング神姫,篠山・柏原　15．16
深河谷詰所前,神姫バス（株）,しーたんバス　下三方線
上小野,神姫バス（株）,"しーたんバス　戸倉線・皆木線・原線, しーたんバス　エーガイヤ線"
上小野,（株）ウイング神姫,"山崎　70, 山崎　75"
上垣内橋,神姫バス（株）,しーたんバス　谷今市線
藤坂下,（株）ウイング神姫,篠山・柏原　15．16
東中山,（株）ウイング神姫,篠山・柏原　55
松森,（株）ウイング神姫,篠山・柏原　55
上生栖,神姫バス（株）,しーたんバス　横山線・倉床線
上生栖,（株）ウイング神姫,山崎　60．61
中小野,神姫バス（株）,"しーたんバス　戸倉線・皆木線・原線, しーたんバス　エーガイヤ線"
中小野,（株）ウイング神姫,"山崎　70, 山崎　75"
溝野,神姫バス（株）,しーたんバス　谷今市線
大原口,神河町,作畑新田線
大原口,（株）ウイング神姫,粟賀　新野駅・粟賀〜作畑新田・新田ふるさと村
村上,神姫バス（株）,しーたんバス　奥西山七野線
生野峠,神河町,生野線
生野峠,（株）ウイング神姫,"粟賀　新野駅・粟賀〜猪篠〜生野駅西口, 粟賀　新野駅・粟賀〜生野駅西口〜生野学園, 粟賀　粟賀〜生野駅西口〜喜楽苑"
野瀬口,（株）ウイング神姫,篠山・柏原　55
七野,神姫バス（株）,しーたんバス　千種線
七野,（株）ウイング神姫,山崎　80
三峯橋,神姫バス（株）,しーたんバス　谷今市線
深河谷,神姫バス（株）,しーたんバス　下三方線
上垣内,神姫バス（株）,しーたんバス　谷今市線
広瀬,（株）ウイング神姫,篠山・柏原　55
佐野前,（株）ウイング神姫,"篠山・柏原　60．62, 篠山・柏原　61"
南多田,（株）ウイング神姫,"篠山・柏原　7（直7）, 篠山・柏原　50．51．53．54, 篠山・柏原　52, 篠山・柏原　60．62, 篠山・柏原　61, 篠山・柏原　55"
藤坂口,（株）ウイング神姫,篠山・柏原　15．16
三峯神社下,神姫バス（株）,しーたんバス　谷今市線
深生橋,神姫バス（株）,しーたんバス　下三方線
下生栖,神姫バス（株）,しーたんバス　横山線・倉床線
下生栖,（株）ウイング神姫,山崎　60．61
栢野公会堂前,（株）ウイング神姫,篠山・柏原　55
栗柄上,（株）ウイング神姫,篠山・柏原　3
栢野,（株）ウイング神姫,篠山・柏原　55
栢野中,（株）ウイング神姫,篠山・柏原　55
下小野,神姫バス（株）,"しーたんバス　戸倉線・皆木線・原線, しーたんバス　エーガイヤ線"
下小野,（株）ウイング神姫,"山崎　70, 山崎　75"
中山橋,神姫バス（株）,しーたんバス　谷今市線
中土井,神姫バス（株）,しーたんバス　奥西山七野線
栢野口,（株）ウイング神姫,篠山・柏原　55
ヨーデルの森,神河町,生野線
ヨーデルの森,（株）ウイング神姫,"粟賀　新野駅・粟賀〜猪篠〜生野駅西口, 粟賀　新野駅・粟賀〜生野駅西口〜生野学園, 粟賀　粟賀〜生野駅西口〜喜楽苑"
大橋,神姫バス（株）,しーたんバス　千種線
大橋,（株）ウイング神姫,山崎　80
丹治,（株）ウイング神姫,西脇・多可　西脇市駅〜（日野）〜曽我井〜鳥羽上・山寄上
戸倉,神姫バス（株）,しーたんバス　鷹巣線
宮前,神河町,作畑新田線
宮前,（株）ウイング神姫,粟賀　新野駅・粟賀〜作畑新田・新田ふるさと村
谷公民館前,神姫バス（株）,しーたんバス　谷今市線
栗柄奥,（株）ウイング神姫,篠山・柏原　3
栗柄,（株）ウイング神姫,篠山・柏原　3
別所,神姫バス（株）,しーたんバス　鷹巣線
追上北（ヨーデルの森前）,神河町,生野線
ヨーデルの森前,（株）ウイング神姫,"粟賀　新野駅・粟賀〜猪篠〜生野駅西口, 粟賀　新野駅・粟賀〜生野駅西口〜生野学園, 粟賀　粟賀〜生野駅西口〜喜楽苑"
柏原下町,（株）ウイング神姫,"篠山・柏原　直5, 篠山・柏原　7（直7）, 篠山・柏原　50．51．53．54, 篠山・柏原　52, 篠山・柏原　60．62, 篠山・柏原　61, 篠山・柏原　55"
倉谷口,神姫バス（株）,しーたんバス　奥西山七野線
早田,神姫バス（株）,しーたんバス　鷹巣線
谷橋,神姫バス（株）,"しーたんバス　戸倉線・皆木線・原線, しーたんバス　エーガイヤ線"
谷橋,（株）ウイング神姫,"山崎　70, 山崎　75"
大袋,（株）ウイング神姫,西脇・多可　西脇市駅〜（日野）〜曽我井〜鳥羽上・山寄上
峰山高原,神河町,上小田線
峰山高原,（株）ウイング神姫,粟賀　粟賀〜寺前駅〜上小田・峰山口・峰山高原
三差路,神姫バス（株）,しーたんバス　奥西山七野線
上油利,（株）ウイング神姫,"篠山・柏原　60．62, 篠山・柏原　61"
たかのす東小学校,神姫バス（株）,しーたんバス　鷹巣線
土井,神姫バス（株）,しーたんバス　鷹巣線
倉谷,神姫バス（株）,しーたんバス　奥西山七野線
柏原本町,（株）ウイング神姫,"篠山・柏原　直5, 篠山・柏原　7（直7）, 篠山・柏原　50．51．53．54, 篠山・柏原　52, 篠山・柏原　60．62, 篠山・柏原　61, 篠山・柏原　55"
栗柄口,（株）ウイング神姫,篠山・柏原　3
大畑,神河町,作畑新田線
大畑,（株）ウイング神姫,粟賀　新野駅・粟賀〜作畑新田・新田ふるさと村
下油利,（株）ウイング神姫,"篠山・柏原　60．62, 篠山・柏原　61"
門村,（株）ウイング神姫,西脇・多可　西脇市駅〜（日野）〜曽我井〜鳥羽上・山寄上
楽里,神姫バス（株）,"しーたんバス　下三方線, しーたんバス　横山線・倉床線"
楽里,（株）ウイング神姫,山崎　60．61
追上南,神河町,生野線
追上南,（株）ウイング神姫,"粟賀　新野駅・粟賀〜猪篠〜生野駅西口, 粟賀　新野駅・粟賀〜生野駅西口〜生野学園, 粟賀　粟賀〜生野駅西口〜喜楽苑"
柏原駅,（株）ウイング神姫,"篠山・柏原　直5, 篠山・柏原　7（直7）, 篠山・柏原　50．51．53．54, 篠山・柏原　52, 篠山・柏原　60．62, 篠山・柏原　61, 篠山・柏原　5, 篠山・柏原　55"
上越知,神河町,作畑新田線
上越知,（株）ウイング神姫,粟賀　粟賀〜中村三番組集会所前〜上越知
荒神森,神姫バス（株）,"しーたんバス　戸倉線・皆木線・原線, しーたんバス　エーガイヤ線"
荒神森,（株）ウイング神姫,"山崎　70, 山崎　75"
奥猪篠集会所前,神河町,生野線
奥猪篠集会所前,（株）ウイング神姫,粟賀　粟賀〜奥猪篠集会所前
上下河野,神姫バス（株）,しーたんバス　千種線
上下河野,（株）ウイング神姫,山崎　80
柏原新町,（株）ウイング神姫,"篠山・柏原　直5, 篠山・柏原　5"
中才下,神河町,生野線
中才下,（株）ウイング神姫,粟賀　粟賀〜奥猪篠集会所前
新田,神河町,川上線
新田,（株）ウイング神姫,粟賀　粟賀・寺前駅〜長谷駅〜川上
集会所前,神河町,作畑新田線
集会所前,（株）ウイング神姫,粟賀　粟賀〜中村三番組集会所前〜上越知
山田公民館前,神姫バス（株）,しーたんバス　染河内川西線
中通り口,神河町,生野線
中通り口,（株）ウイング神姫,粟賀　粟賀〜奥猪篠集会所前
猶原,神姫バス（株）,しーたんバス　千種線
猶原,（株）ウイング神姫,山崎　80
下鷹巣,神姫バス（株）,しーたんバス　鷹巣線
越知ヶ峰林道入口,神河町,生野線
越知ヶ峰林道入口前,（株）ウイング神姫,粟賀　粟賀〜奥猪篠集会所前
大川原,神河町,川上線
大川原,（株）ウイング神姫,粟賀　粟賀・寺前駅〜長谷駅〜川上
猪篠,神河町,生野線
猪篠,（株）ウイング神姫,"粟賀　新野駅・粟賀〜猪篠〜生野駅西口, 粟賀　新野駅・粟賀〜生野駅西口〜生野学園, 粟賀　粟賀〜生野駅西口〜喜楽苑, 粟賀　粟賀〜奥猪篠集会所前"
中才上,神河町,生野線
中才上,（株）ウイング神姫,粟賀　粟賀〜奥猪篠集会所前
山田お堂前,神姫バス（株）,しーたんバス　染河内川西線
日見谷,神姫バス（株）,"しーたんバス　戸倉線・皆木線・原線, しーたんバス　エーガイヤ線"
日見谷,（株）ウイング神姫,"山崎　70, 山崎　75"
八幡神社前,神河町,生野線
八幡神社前,（株）ウイング神姫,粟賀　粟賀〜奥猪篠集会所前
矢床,神河町,作畑新田線
矢床,（株）ウイング神姫,粟賀　新野駅・粟賀〜作畑新田・新田ふるさと村
板屋,神河町,川上線
板屋,（株）ウイング神姫,粟賀　粟賀・寺前駅〜長谷駅〜川上
福徳貴寺口,（株）ウイング神姫,篠山・柏原　3
丹波小原,（株）ウイング神姫,篠山・柏原　15．16
上長,神姫バス（株）,しーたんバス　染河内川西線
宮代,（株）ウイング神姫,篠山・柏原　15．16
見長,（株）ウイング神姫,"篠山・柏原　直5, 篠山・柏原　5"
朝阪,（株）ウイング神姫,"篠山・柏原　60．62, 篠山・柏原　61"
小倉,（株）ウイング神姫,篠山・柏原　15．16
長野,神姫バス（株）,しーたんバス　染河内川西線
本村西,神河町,川上線
本村西,（株）ウイング神姫,粟賀　粟賀・寺前駅〜長谷駅〜川上
杉原,（株）ウイング神姫,西脇・多可　西脇市駅〜（日野）〜曽我井〜鳥羽上・山寄上
横地,神姫バス（株）,しーたんバス　染河内川西線
本村,神河町,川上線
本村,（株）ウイング神姫,粟賀　粟賀・寺前駅〜長谷駅〜川上
門貝,神河町,生野線
門貝,（株）ウイング神姫,"粟賀　新野駅・粟賀〜猪篠〜生野駅西口, 粟賀　新野駅・粟賀〜生野駅西口〜生野学園, 粟賀　粟賀〜生野駅西口〜喜楽苑, 粟賀　粟賀〜奥猪篠集会所前"
中坪公民館前,神姫バス（株）,しーたんバス　染河内川西線
奥山,（株）ウイング神姫,篠山・柏原　15．16
坂本,（株）ウイング神姫,篠山・柏原　3
下河野,神姫バス（株）,しーたんバス　千種線
下河野,（株）ウイング神姫,山崎　80
鐘ヶ坂,（株）ウイング神姫,"篠山・柏原　直5, 篠山・柏原　5"
福田お堂前,神姫バス（株）,しーたんバス　染河内川西線
小学校前,神河町,川上線
小学校前,（株）ウイング神姫,粟賀　粟賀・寺前駅〜長谷駅〜川上
宝寿寺,神河町,作畑新田線
宝寿寺,（株）ウイング神姫,粟賀　粟賀〜中村三番組集会所前〜上越知
岩花下,神姫バス（株）,しーたんバス　染河内川西線
倉本,（株）ウイング神姫,篠山・柏原　3
上越知口,神河町,作畑新田線
上越知口,（株）ウイング神姫,粟賀　粟賀〜中村三番組集会所前〜上越知
長谷,神河町,川上線
長谷,（株）ウイング神姫,粟賀　粟賀・寺前駅〜長谷駅〜川上
下小倉,（株）ウイング神姫,"篠山・柏原　直5, 篠山・柏原　5"
大芋,（株）ウイング神姫,篠山・柏原　15．16
上小倉,（株）ウイング神姫,"篠山・柏原　直5, 篠山・柏原　5"
長谷駅,神河町,川上線
長谷駅,（株）ウイング神姫,粟賀　粟賀・寺前駅〜長谷駅〜川上
杉田,神姫バス（株）,"しーたんバス　戸倉線・皆木線・原線, しーたんバス　エーガイヤ線"
杉田,（株）ウイング神姫,"山崎　70, 山崎　75"
山田口,神姫バス（株）,しーたんバス　染河内川西線
奥豊部,（株）ウイング神姫,西脇・多可　西脇市駅〜（日野）〜曽我井〜鳥羽上・山寄上
越知,神河町,作畑新田線
越知,（株）ウイング神姫,粟賀　新野駅・粟賀〜作畑新田・新田ふるさと村
観音寺前,神姫バス（株）,しーたんバス　染河内川西線
茶屋ノ上,（株）ウイング神姫,篠山・柏原　15．16
森林大学校前,神姫バス（株）,しーたんバス　染河内川西線
峰山口,神河町,上小田線
峰山口,（株）ウイング神姫,粟賀　粟賀〜寺前駅〜上小田・峰山口・峰山高原
能倉公民館前,神姫バス（株）,しーたんバス　染河内川西線
上大山,神河町,生野線
上大山,（株）ウイング神姫,"粟賀　新野駅・粟賀〜猪篠〜生野駅西口, 粟賀　新野駅・粟賀〜生野駅西口〜生野学園, 粟賀　粟賀〜生野駅西口〜喜楽苑, 粟賀　粟賀〜奥猪篠集会所前"
小茅野1,神姫バス（株）,しーたんバス　土万線
才樫,神姫バス（株）,しーたんバス　染河内川西線
嵯峨山,神姫バス（株）,"しーたんバス　下三方線, しーたんバス　横山線・倉床線"
嵯峨山,（株）ウイング神姫,山崎　60．61
旧越知谷小学校前,神河町,作畑新田線
旧越知谷小学校前,（株）ウイング神姫,"粟賀　新野駅・粟賀〜作畑新田・新田ふるさと村, 粟賀　粟賀〜中村三番組集会所前〜上越知"
小野,（株）ウイング神姫,"篠山・柏原　60．62, 篠山・柏原　61"
下下河野,神姫バス（株）,しーたんバス　千種線
下下河野,（株）ウイング神姫,山崎　80
脇谷橋,（株）ウイング神姫,篠山・柏原　15．16
上小田,神河町,上小田線
上小田,（株）ウイング神姫,粟賀　粟賀〜寺前駅〜上小田・峰山口・峰山高原
多紀福井,（株）ウイング神姫,篠山・柏原　15．16
三林,神姫バス（株）,"しーたんバス　戸倉線・皆木線・原線, しーたんバス　エーガイヤ線"
三林,（株）ウイング神姫,"山崎　70, 山崎　75"
重行,神河町,川上線
重行,（株）ウイング神姫,粟賀　粟賀・寺前駅〜長谷駅〜川上
丹波大宮,（株）ウイング神姫,篠山・柏原　15．16
垣屋,（株）ウイング神姫,篠山・柏原　3
ふれあい公園前,神姫バス（株）,しーたんバス　染河内川西線
本谷お堂前,神姫バス（株）,しーたんバス　染河内川西線
平野口,神河町,上小田線
平野口,（株）ウイング神姫,粟賀　粟賀〜寺前駅〜上小田・峰山口・峰山高原
市野々,（株）ウイング神姫,篠山・柏原　15．16
普門寺前,神姫バス（株）,しーたんバス　染河内川西線
東別,神河町,作畑新田線
東別,（株）ウイング神姫,"粟賀　新野駅・粟賀〜作畑新田・新田ふるさと村, 粟賀　粟賀〜中村三番組集会所前〜上越知"
西八幡神社下,神姫バス（株）,しーたんバス　染河内川西線
大山,神河町,生野線
大山,（株）ウイング神姫,"粟賀　新野駅・粟賀〜猪篠〜生野駅西口, 粟賀　新野駅・粟賀〜生野駅西口〜生野学園, 粟賀　粟賀〜生野駅西口〜喜楽苑, 粟賀　粟賀〜奥猪篠集会所前"
上野田,神姫バス（株）,しーたんバス　染河内川西線
小茅野2,神姫バス（株）,しーたんバス　土万線
亜細亜,神姫バス（株）,しーたんバス　染河内川西線
西安積公民館前,神姫バス（株）,しーたんバス　染河内川西線
追入,（株）ウイング神姫,"篠山・柏原　直5, 篠山・柏原　5"
成,神河町,上小田線
成,（株）ウイング神姫,粟賀　粟賀〜寺前駅〜上小田・峰山口・峰山高原
阿踏橋,神姫バス（株）,しーたんバス　千種線
阿踏橋,（株）ウイング神姫,山崎　80
豊部北口,（株）ウイング神姫,西脇・多可　西脇市駅〜（日野）〜曽我井〜鳥羽上・山寄上
為信,神河町,川上線
為信,（株）ウイング神姫,粟賀　粟賀・寺前駅〜長谷駅〜川上
上垣内,神姫バス（株）,しーたんバス　染河内川西線
西別,神河町,作畑新田線
西別,（株）ウイング神姫,"粟賀　新野駅・粟賀〜作畑新田・新田ふるさと村, 粟賀　粟賀〜中村三番組集会所前〜上越知"
上ノ山,神河町,上小田線
上ノ山,（株）ウイング神姫,粟賀　粟賀〜寺前駅〜上小田・峰山口・峰山高原
伊和高校前,神姫バス（株）,"しーたんバス　染河内川西線, しーたんバス　戸倉線・皆木線・原線, しーたんバス　エーガイヤ線"
伊和高校前,（株）ウイング神姫,"山崎　70, 山崎　75"
坂尻,（株）ウイング神姫,篠山・柏原　60．62
西安積橋口,神姫バス（株）,しーたんバス　染河内川西線
林垣内,神姫バス（株）,しーたんバス　染河内川西線
丹波東雲,（株）ウイング神姫,篠山・柏原　15．16
坂尻口,（株）ウイング神姫,篠山・柏原　60．62
中山,神姫バス（株）,しーたんバス　染河内川西線
豊部,（株）ウイング神姫,西脇・多可　西脇市駅〜（日野）〜曽我井〜鳥羽上・山寄上
応地,（株）ウイング神姫,"篠山・柏原　60．62, 篠山・柏原　61"
曲里,神姫バス（株）,"しーたんバス　染河内川西線, しーたんバス　下三方線, しーたんバス　横山線・倉床線, しーたんバス　戸倉線・皆木線・原線, しーたんバス　エーガイヤ線"
曲里,（株）ウイング神姫,"山崎　70, 山崎　60．61, 山崎　75"
大山宮上,（株）ウイング神姫,"篠山・柏原　直5, 篠山・柏原　5"
七宝寺前,神河町,生野線
七宝寺,（株）ウイング神姫,"粟賀　新野駅・粟賀〜猪篠〜生野駅西口, 粟賀　新野駅・粟賀〜生野駅西口〜生野学園, 粟賀　粟賀〜生野駅西口〜喜楽苑, 粟賀　粟賀〜奥猪篠集会所前"
五ヶ野,（株）ウイング神姫,篠山・柏原　60．62
上土居,神姫バス（株）,しーたんバス　染河内川西線
もす,神河町,上小田線
もす,（株）ウイング神姫,粟賀　粟賀〜寺前駅〜上小田・峰山口・峰山高原
小原口,神河町,上小田線
小原口,（株）ウイング神姫,粟賀　粟賀〜寺前駅〜上小田・峰山口・峰山高原
高倉下,丹波篠山市,コミバスハートラン・Aルート
打坂,（株）ウイング神姫,篠山・柏原　3
名目津輪,神姫バス（株）,しーたんバス　千種線
名目津輪,（株）ウイング神姫,山崎　80
小原,神河町,上小田線
小原,（株）ウイング神姫,粟賀　粟賀〜寺前駅〜上小田・峰山口・峰山高原
立金,（株）ウイング神姫,篠山・柏原　15．16
公民館前,（株）ウイング神姫,"篠山・柏原　直5, 篠山・柏原　5"
山本,（株）ウイング神姫,篠山・柏原　60．62
峠,神河町,川上線
峠,（株）ウイング神姫,粟賀　粟賀・寺前駅〜長谷駅〜川上
閏賀北口,神姫バス（株）,しーたんバス　染河内川西線
加美中学校,（株）ウイング神姫,西脇・多可　西脇市駅〜（日野）〜曽我井〜鳥羽上・山寄上
旧大山小学校前,神河町,生野線
旧大山小学校前,（株）ウイング神姫,"粟賀　新野駅・粟賀〜猪篠〜生野駅西口, 粟賀　新野駅・粟賀〜生野駅西口〜生野学園, 粟賀　粟賀〜生野駅西口〜喜楽苑, 粟賀　粟賀〜奥猪篠集会所前"
中土居,神姫バス（株）,しーたんバス　染河内川西線
いちのぴあ,神姫バス（株）,"しーたんバス　染河内川西線, しーたんバス　下三方線, しーたんバス　横山線・倉床線, しーたんバス　戸倉線・皆木線・原線, しーたんバス　エーガイヤ線"
いちのぴあ,（株）ウイング神姫,"山崎　70, 山崎　60．61, 山崎　75"
小田中,（株）ウイング神姫,篠山・柏原　15．16
椴ヶ段,神姫バス（株）,しーたんバス　染河内川西線
横瀬,神河町,上小田線
横瀬,（株）ウイング神姫,粟賀　粟賀〜寺前駅〜上小田・峰山口・峰山高原
一宮市民協働センター前,神姫バス（株）,"しーたんバス　染河内川西線, しーたんバス　下三方線, しーたんバス　横山線・倉床線, しーたんバス　戸倉線・皆木線・原線, しーたんバス　エーガイヤ線"
一宮市民協働センター前,（株）ウイング神姫,"山崎　70, 山崎　60．61, 山崎　75"
芦谷口,神姫バス（株）,しーたんバス　千種線
芦谷口,（株）ウイング神姫,山崎　80
大山宮下,（株）ウイング神姫,"篠山・柏原　直5, 篠山・柏原　5"
宮前,（株）ウイング神姫,篠山・柏原　60．62
豊部南口,（株）ウイング神姫,西脇・多可　西脇市駅〜（日野）〜曽我井〜鳥羽上・山寄上
閏賀公民館前,神姫バス（株）,しーたんバス　染河内川西線
閏賀口,神姫バス（株）,"しーたんバス　染河内川西線, しーたんバス　下三方線, しーたんバス　横山線・倉床線, しーたんバス　戸倉線・皆木線・原線, しーたんバス　エーガイヤ線"
閏賀口,（株）ウイング神姫,"山崎　70, 山崎　60．61, 山崎　75"
板井,（株）ウイング神姫,篠山・柏原　3
奥県守,丹波篠山市,コミバスハートラン・Bルート
草ノ上,（株）ウイング神姫,篠山・柏原　15．16
三軒屋,神姫バス（株）,"しーたんバス　染河内川西線, しーたんバス　下三方線, しーたんバス　横山線・倉床線, しーたんバス　戸倉線・皆木線・原線, しーたんバス　エーガイヤ線"
三軒屋,（株）ウイング神姫,"山崎　70, 山崎　60．61, 山崎　75"
大山上,（株）ウイング神姫,"篠山・柏原　直5, 篠山・柏原　5"
大山上,丹波篠山市,コミバスハートラン・Aルート
杉大年神社前,神河町,生野線
杉大年神社前,（株）ウイング神姫,"粟賀　新野駅・粟賀〜猪篠〜生野駅西口, 粟賀　新野駅・粟賀〜生野駅西口〜生野学園, 粟賀　粟賀〜生野駅西口〜喜楽苑, 粟賀　粟賀〜奥猪篠集会所前"
県守中,丹波篠山市,コミバスハートラン・Bルート
大山新,丹波篠山市,コミバスハートラン・Aルート
大山新,（株）ウイング神姫,"篠山・柏原　直5, 篠山・柏原　5"
小田原,神河町,上小田線
小田原,（株）ウイング神姫,粟賀　粟賀〜寺前駅〜上小田・峰山口・峰山高原
牧山口,（株）ウイング神姫,篠山・柏原　60．62
船越,神姫バス（株）,しーたんバス　千種線
船越,（株）ウイング神姫,山崎　80
一宮南中学校前,神姫バス（株）,しーたんバス　染河内川西線
岩屋,神河町,作畑新田線
岩屋,（株）ウイング神姫,"粟賀　新野駅・粟賀〜作畑新田・新田ふるさと村, 粟賀　粟賀〜中村三番組集会所前〜上越知"
東木の部,（株）ウイング神姫,"篠山・柏原　直5, 篠山・柏原　5"
県守口,丹波篠山市,コミバスハートラン・Bルート
神戸小学校,（株）ウイング神姫,"山崎　70, 山崎　60．61, 山崎　75"
はりま一宮小学校前,神姫バス（株）,"しーたんバス　染河内川西線, しーたんバス　下三方線, しーたんバス　横山線・倉床線, しーたんバス　戸倉線・皆木線・原線, しーたんバス　エーガイヤ線"
宮田,（株）ウイング神姫,篠山・柏原　3
町の田,丹波篠山市,コミバスハートラン・Aルート
町の田,（株）ウイング神姫,"篠山・柏原　直5, 篠山・柏原　5"
木の部,（株）ウイング神姫,"篠山・柏原　直5, 篠山・柏原　5"
やすらぎ,神姫バス（株）,"しーたんバス　染河内川西線, しーたんバス　下三方線"
杉,神河町,生野線
杉,（株）ウイング神姫,"粟賀　新野駅・粟賀〜猪篠〜生野駅西口, 粟賀　新野駅・粟賀〜生野駅西口〜生野学園, 粟賀　粟賀〜生野駅西口〜喜楽苑, 粟賀　粟賀〜奥猪篠集会所前"
北和田,（株）ウイング神姫,篠山・柏原　61
小田原口,神河町,上小田線
小田原口,（株）ウイング神姫,粟賀　粟賀〜寺前駅〜上小田・峰山口・峰山高原
北野新田,丹波篠山市,コミバスハートラン・Aルート
北野新田,（株）ウイング神姫,"篠山・柏原　直5, 篠山・柏原　5"
西紀支所,（株）ウイング神姫,"篠山・柏原　直5, 篠山・柏原　3, 篠山・柏原　5"
和田中町,（株）ウイング神姫,篠山・柏原　60．62
富田橋,（株）ウイング神姫,篠山・柏原　60．62
大沢5,神姫バス（株）,しーたんバス　土万線
長安寺,（株）ウイング神姫,"篠山・柏原　直5, 篠山・柏原　5"
長安寺,丹波篠山市,コミバスハートラン・Aルート
天内,丹波篠山市,コミバスハートラン・Aルート
若林,（株）ウイング神姫,篠山・柏原　60．62
和田上町,（株）ウイング神姫,篠山・柏原　60．62
染河内口,神姫バス（株）,しーたんバス　染河内川西線
和田小学校前,（株）ウイング神姫,篠山・柏原　60．62
西紀中学校,（株）ウイング神姫,"篠山・柏原　直5, 篠山・柏原　5"
和田下町,（株）ウイング神姫,篠山・柏原　60．62
善吉口,神姫バス（株）,しーたんバス　千種線
善吉口,（株）ウイング神姫,山崎　80
熊之部,（株）ウイング神姫,西脇・多可　西脇市駅〜（日野）〜曽我井〜鳥羽上・山寄上
和田大橋,（株）ウイング神姫,篠山・柏原　61
和田郵便局前,（株）ウイング神姫,篠山・柏原　60．62
中岩屋,神河町,作畑新田線
中岩屋,（株）ウイング神姫,"粟賀　新野駅・粟賀〜作畑新田・新田ふるさと村, 粟賀　粟賀〜中村三番組集会所前〜上越知"
西谷,（株）ウイング神姫,"篠山・柏原　直5, 篠山・柏原　5"
東市場,神姫バス（株）,"しーたんバス　横山線・倉床線, しーたんバス　戸倉線・皆木線・原線, しーたんバス　エーガイヤ線"
東市場,（株）ウイング神姫,"山崎　70, 山崎　60．61, 山崎　75"
用田,神河町,川上線
用田,（株）ウイング神姫,粟賀　粟賀・寺前駅〜長谷駅〜川上
大沢4,神姫バス（株）,しーたんバス　土万線
段,神姫バス（株）,しーたんバス　土万線
県守ポンプ場,丹波篠山市,コミバスハートラン・Bルート
丹波細工所,（株）ウイング神姫,篠山・柏原　15．16
丹波細工所,丹波篠山市,コミバスハートラン・Bルート
高屋上,（株）ウイング神姫,篠山・柏原　3
横坂,神姫バス（株）,しーたんバス　千種線
横坂,（株）ウイング神姫,山崎　80
荒子新田,丹波篠山市,コミバスハートラン・Aルート
矢代,（株）ウイング神姫,"篠山・柏原　直5, 篠山・柏原　5"
大沢3,神姫バス（株）,しーたんバス　土万線
一の宮伊和神社,神姫バス（株）,"しーたんバス　横山線・倉床線, しーたんバス　戸倉線・皆木線・原線, しーたんバス　エーガイヤ線"
一の宮伊和神社,（株）ウイング神姫,"山崎　70, 山崎　60．61, 山崎　75"
宮の下,神河町,作畑新田線
大野,（株）ウイング神姫,"篠山・柏原　直5, 篠山・柏原　5"
宮ノ下,（株）ウイング神姫,"粟賀　新野駅・粟賀〜作畑新田・新田ふるさと村, 粟賀　粟賀〜中村三番組集会所前〜上越知"
春日江上,丹波篠山市,コミバスハートラン・Bルート
前川,（株）ウイング神姫,"篠山・柏原　60．62, 篠山・柏原　61"
松ヶ鼻,（株）ウイング神姫,篠山・柏原　15．16
松ケ鼻,丹波篠山市,コミバスハートラン・Bルート
公民館前,（株）ウイング神姫,粟賀　粟賀・寺前駅〜長谷駅〜川上
北野口,丹波篠山市,コミバスハートラン・Aルート
大河公民館前,神河町,川上線
野上,神河町,生野線
野上,（株）ウイング神姫,"粟賀　新野駅・粟賀〜猪篠〜生野駅西口, 粟賀　新野駅・粟賀〜生野駅西口〜生野学園, 粟賀　粟賀〜生野駅西口〜喜楽苑, 粟賀　粟賀〜奥猪篠集会所前"
加美町農協前,（株）ウイング神姫,西脇・多可　西脇市駅〜（日野）〜曽我井〜鳥羽上・山寄上
高屋口,（株）ウイング神姫,篠山・柏原　3
春日江下,丹波篠山市,コミバスハートラン・Bルート
奥原山,（株）ウイング神姫,篠山・柏原　11．12．13
小河内集会所,神姫バス（株）,しーたんバス　土万線
東本荘,丹波篠山市,コミバスハートラン・Bルート
今福,（株）ウイング神姫,"篠山・柏原　直5, 篠山・柏原　5"
西本荘,丹波篠山市,コミバスハートラン・Bルート
東本荘,（株）ウイング神姫,篠山・柏原　15．16
日和,神河町,上小田線
日和,（株）ウイング神姫,粟賀　粟賀〜寺前駅〜上小田・峰山口・峰山高原
山南工業団地前,（株）ウイング神姫,"篠山・柏原　60．62, 篠山・柏原　61"
境目,神河町,作畑新田線
境目,（株）ウイング神姫,"粟賀　新野駅・粟賀〜作畑新田・新田ふるさと村, 粟賀　粟賀〜中村三番組集会所前〜上越知"
雲部,（株）ウイング神姫,篠山・柏原　15．16
雲部,丹波篠山市,コミバスハートラン・Bルート
神福寺前,神姫バス（株）,"しーたんバス　横山線・倉床線, しーたんバス　戸倉線・皆木線・原線, しーたんバス　エーガイヤ線"
神福寺前,（株）ウイング神姫,"山崎　70, 山崎　60．61, 山崎　75"
松井庄診療所前,（株）ウイング神姫,西脇・多可　西脇市駅〜（日野）〜曽我井〜鳥羽上・山寄上
野坂,（株）ウイング神姫,"篠山・柏原　60．62, 篠山・柏原　61"
東浜谷,（株）ウイング神姫,"篠山・柏原　直5, 篠山・柏原　5"
篠山鳳鳴高校前,（株）ウイング神姫,"篠山・柏原　25, 篠山・柏原　5, 篠山・柏原　22, 篠山・柏原　23．24"
大沢2,神姫バス（株）,しーたんバス　土万線
篠山警察署前,（株）ウイング神姫,"篠山・柏原　25, 篠山・柏原　22"
佐貫谷,丹波篠山市,コミバスハートラン・Bルート
篠山産業高校前,（株）ウイング神姫,"篠山・柏原　直5, 篠山・柏原　5, 篠山・柏原　23．24"
久保田,神姫バス（株）,しーたんバス　千種線
久保田,（株）ウイング神姫,山崎　80
牧野北,多可町,牧野北発西脇直行バス（のぎくバス）
牧野北,（株）ウイング神姫,"西脇・多可　西脇市駅〜みらいえ〜西脇〜小坂町北〜日赤病院・鍛冶屋・牧野北, 西脇・多可　西脇市駅〜（小坂町南・播州成田山前）〜日赤病院・鍛冶屋・牧野北"
根宇野,神河町,作畑新田線
根宇野,（株）ウイング神姫,"粟賀　新野駅・粟賀〜作畑新田・新田ふるさと村, 粟賀　粟賀〜中村三番組集会所前〜上越知"
大山下,丹波篠山市,コミバスハートラン・Aルート
谷川駅,（株）ウイング神姫,"篠山・柏原　60．62, 篠山・柏原　61"
大沢1,神姫バス（株）,しーたんバス　土万線
伊和,神姫バス（株）,"しーたんバス　横山線・倉床線, しーたんバス　戸倉線・皆木線・原線, しーたんバス　エーガイヤ線"
伊和,（株）ウイング神姫,"山崎　70, 山崎　60．61, 山崎　75"
大河,神河町,川上線
大河,（株）ウイング神姫,粟賀　粟賀・寺前駅〜長谷駅〜川上
黒田,（株）ウイング神姫,篠山・柏原　3
郡家公民館前,（株）ウイング神姫,"篠山・柏原　直5, 篠山・柏原　25, 篠山・柏原　5"
下原山畑谷口,（株）ウイング神姫,篠山・柏原　11．12．13
下原山公民館,（株）ウイング神姫,篠山・柏原　11．12．13
吉冨,神河町,生野線
吉富,（株）ウイング神姫,"粟賀　新野駅・粟賀〜猪篠〜生野駅西口, 粟賀　新野駅・粟賀〜生野駅西口〜生野学園, 粟賀　粟賀〜生野駅西口〜喜楽苑, 粟賀　粟賀〜奥猪篠集会所前"
山南農協前,（株）ウイング神姫,"篠山・柏原　60．62, 篠山・柏原　61"
久下小学校前,（株）ウイング神姫,"篠山・柏原　60．62, 篠山・柏原　61"
中原山,（株）ウイング神姫,篠山・柏原　11．12．13
城戸橋,神姫バス（株）,しーたんバス　千種線
城戸橋,（株）ウイング神姫,山崎　80
ささやま医療センター,丹波篠山市,"コミバスハートラン・Aルート, コミバスハートラン・Bルート, コミバスハートラン・Cルート"
グリーンエコー笠形前,神河町,作畑新田線
グリーンエコー笠形前,（株）ウイング神姫,"粟賀　新野駅・粟賀〜作畑新田・新田ふるさと村, 粟賀　粟賀〜中村三番組集会所前〜上越知"
宮野,神河町,上小田線
宮野,（株）ウイング神姫,粟賀　粟賀〜寺前駅〜上小田・峰山口・峰山高原
山南郵便局前,（株）ウイング神姫,"篠山・柏原　60．62, 篠山・柏原　61"
塩山6,神姫バス（株）,しーたんバス　土万線
月ヶ花,（株）ウイング神姫,西脇・多可　西脇市駅〜（日野）〜曽我井〜鳥羽上・山寄上
丹波西河内,（株）ウイング神姫,篠山・柏原　11．12．13
川北,丹波篠山市,"コミバスハートラン・Aルート, コミバスハートラン・Cルート"
黒岡西,丹波篠山市,"コミバスハートラン・Aルート, コミバスハートラン・Bルート, コミバスハートラン・Cルート"
フレッシュバザール前,丹波篠山市,"コミバスハートラン・Aルート, コミバスハートラン・Bルート, コミバスハートラン・Cルート"
有居,丹波篠山市,"コミバスハートラン・Aルート, コミバスハートラン・Cルート"
井原,（株）ウイング神姫,"篠山・柏原　60．62, 篠山・柏原　61"
安黒,神姫バス（株）,"しーたんバス　横山線・倉床線, しーたんバス　戸倉線・皆木線・原線, しーたんバス　エーガイヤ線"
安黒,（株）ウイング神姫,"山崎　70, 山崎　60．61, 山崎　75"
西岡屋,丹波篠山市,"コミバスハートラン・Aルート, コミバスハートラン・Cルート"
郡家,（株）ウイング神姫,"篠山・柏原　直5, 篠山・柏原　25, 篠山・柏原　5"
川北新田,丹波篠山市,"コミバスハートラン・Aルート, コミバスハートラン・Cルート"
門前,（株）ウイング神姫,西脇・多可　西脇市駅〜（日野）〜曽我井〜鳥羽上・山寄上
泉工業団地前,（株）ウイング神姫,篠山・柏原　15．16
泉工業団地前,丹波篠山市,コミバスハートラン・Bルート
村森口,（株）ウイング神姫,"篠山・柏原　60．62, 篠山・柏原　61"
城北口北,（株）ウイング神姫,"篠山・柏原　25, 篠山・柏原　5, 篠山・柏原　23．24"
寿福寺下,神河町,川上線
寿福寺下,（株）ウイング神姫,粟賀　粟賀・寺前駅〜長谷駅〜川上
明野,丹波篠山市,コミバスハートラン・Aルート
吉祥寺,神河町,作畑新田線
吉祥寺,（株）ウイング神姫,"粟賀　新野駅・粟賀〜作畑新田・新田ふるさと村, 粟賀　粟賀〜中村三番組集会所前〜上越知"
谷川下町,（株）ウイング神姫,"篠山・柏原　60．62, 篠山・柏原　61"
泉,丹波篠山市,コミバスハートラン・Bルート
丹南橋,（株）ウイング神姫,篠山・柏原　3
篠山呉服町,（株）ウイング神姫,"篠山・柏原　直5, 篠山・柏原　25, 篠山・柏原　10．1, 篠山・柏原　2, 篠山・柏原　5"
城北口,（株）ウイング神姫,"篠山・柏原　直5, 篠山・柏原　25, 篠山・柏原　10．1, 篠山・柏原　2, 篠山・柏原　5"
春日神社前,（株）ウイング神姫,"篠山・柏原　直5, 篠山・柏原　25, 篠山・柏原　10．1, 篠山・柏原　2, 篠山・柏原　5"
二階町,（株）ウイング神姫,"篠山・柏原　直5, 篠山・柏原　25, 篠山・柏原　10．1, 篠山・柏原　2, 篠山・柏原　5"
篠山本町（誓願寺）,（株）ウイング神姫,"篠山・柏原　直5, 篠山・柏原　25, 篠山・柏原　10．1, 篠山・柏原　2, 篠山・柏原　5"
河崎,神姫バス（株）,しーたんバス　千種線
河崎,（株）ウイング神姫,山崎　80
泉妙霊口,（株）ウイング神姫,"篠山・柏原　15．16, 篠山・柏原　17．18"
余暇村公園口,多可町,牧野北発西脇直行バス（のぎくバス）
余暇村公園口,（株）ウイング神姫,"西脇・多可　西脇市駅〜みらいえ〜西脇〜小坂町北〜日赤病院・鍛冶屋・牧野北, 西脇・多可　西脇市駅〜（小坂町南・播州成田山前）〜日赤病院・鍛冶屋・牧野北"
山崎橋,（株）ウイング神姫,"篠山・柏原　60．62, 篠山・柏原　61"
歴史美術館前,（株）ウイング神姫,篠山・柏原　25
篠山東中学校,（株）ウイング神姫,"篠山・柏原　22, 篠山・柏原　11．12．13, 篠山・柏原　15．16, 篠山・柏原　17．18"
篠山東中学校,丹波篠山市,コミバスハートラン・Bルート
村森,（株）ウイング神姫,"篠山・柏原　60．62, 篠山・柏原　61"
塩山5,神姫バス（株）,しーたんバス　土万線
下立町,（株）ウイング神姫,"篠山・柏原　直5, 篠山・柏原　25, 篠山・柏原　10．1, 篠山・柏原　2, 篠山・柏原　5, 篠山・柏原　23．24"
西町,（株）ウイング神姫,"篠山・柏原　10．1, 篠山・柏原　2"
口宮野,神河町,上小田線
口宮野,（株）ウイング神姫,粟賀　粟賀〜寺前駅〜上小田・峰山口・峰山高原
山田,神河町,作畑新田線
山田,（株）ウイング神姫,粟賀　新野駅・粟賀〜作畑新田・新田ふるさと村
丹波篠山市役所,丹波篠山市,"コミバスハートラン・Aルート, コミバスハートラン・Bルート, コミバスハートラン・Cルート"
東岡屋,丹波篠山市,"コミバスハートラン・Aルート, コミバスハートラン・Cルート"
東岡屋,（株）ウイング神姫,"篠山・柏原　10．1, 篠山・柏原　2"
倉谷口,（株）ウイング神姫,"篠山・柏原　15．16, 篠山・柏原　17．18"
吉富南口,（株）ウイング神姫,"粟賀　新野駅・粟賀〜猪篠〜生野駅西口, 粟賀　新野駅・粟賀〜生野駅西口〜生野学園, 粟賀　粟賀〜生野駅西口〜喜楽苑, 粟賀　粟賀〜奥猪篠集会所前"
吉冨南口,神河町,生野線
島田,神姫バス（株）,"しーたんバス　横山線・倉床線, しーたんバス　戸倉線・皆木線・原線, しーたんバス　エーガイヤ線"
島田,（株）ウイング神姫,"山崎　70, 山崎　60．61, 山崎　75"
下山田,神河町,作畑新田線
下山田,（株）ウイング神姫,粟賀　新野駅・粟賀〜作畑新田・新田ふるさと村
東岡屋西,（株）ウイング神姫,"篠山・柏原　10．1, 篠山・柏原　2"
北濠端,（株）ウイング神姫,篠山・柏原　25
山田集会所前,神河町,作畑新田線
山田集会所前,（株）ウイング神姫,粟賀　粟賀〜中村三番組集会所前〜上越知
原山口,京阪京都交通（株）,44
原山口,（株）ウイング神姫,篠山・柏原　11．12．13
丹波和田,（株）ウイング神姫,"篠山・柏原　15．16, 篠山・柏原　17．18"
牧野公民館,多可町,牧野北発西脇直行バス（のぎくバス）
牧野公民館,（株）ウイング神姫,"西脇・多可　西脇市駅〜みらいえ〜西脇〜小坂町北〜日赤病院・鍛冶屋・牧野北, 西脇・多可　西脇市駅〜（小坂町南・播州成田山前）〜日赤病院・鍛冶屋・牧野北"
般若寺,（株）ウイング神姫,"篠山・柏原　15．16, 篠山・柏原　17．18"
円応教前,（株）ウイング神姫,"篠山・柏原　60．62, 篠山・柏原　61"
丹波大山駅前,（株）ウイング神姫,篠山・柏原　3
丹波大山駅前,丹波篠山市,コミバスハートラン・Aルート
上立町,（株）ウイング神姫,"篠山・柏原　直5, 篠山・柏原　25, 篠山・柏原　10．1, 篠山・柏原　2, 篠山・柏原　5, 篠山・柏原　23．24"
東沢田,（株）ウイング神姫,"篠山・柏原　15．16, 篠山・柏原　17．18"
塩山4,神姫バス（株）,しーたんバス　土万線
鍛治,神河町,川上線
鍛治,（株）ウイング神姫,粟賀　粟賀・寺前駅〜長谷駅〜川上
神崎公民館,神河町,作畑新田線
高朝田上,神河町,上小田線
高朝田上,（株）ウイング神姫,粟賀　粟賀〜寺前駅〜上小田・峰山口・峰山高原
神崎公民館前,（株）ウイング神姫,粟賀　新野駅・粟賀〜作畑新田・新田ふるさと村
野間,（株）ウイング神姫,"篠山・柏原　15．16, 篠山・柏原　17．18"
味間東吹,（株）ウイング神姫,"篠山・柏原　10．1, 篠山・柏原　2"
西野々,京阪京都交通（株）,44
丹波西野々,（株）ウイング神姫,篠山・柏原　11．12．13
福住小野,（株）ウイング神姫,"篠山・柏原　10．1, 篠山・柏原　11．12．13"
福住清水,（株）ウイング神姫,"篠山・柏原　10．1, 篠山・柏原　11．12．13"
牧野,多可町,牧野北発西脇直行バス（のぎくバス）
牧野,（株）ウイング神姫,"西脇・多可　西脇市駅〜みらいえ〜西脇〜小坂町北〜日赤病院・鍛冶屋・牧野北, 西脇・多可　西脇市駅〜（小坂町南・播州成田山前）〜日赤病院・鍛冶屋・牧野北"
安口,京阪京都交通（株）,44
安口,（株）ウイング神姫,篠山・柏原　11．12．13
川原,京阪京都交通（株）,44
福住川原,（株）ウイング神姫,篠山・柏原　11．12．13
安楽田,（株）ウイング神姫,西脇・多可　西脇市駅〜（日野）〜曽我井〜鳥羽上・山寄上
下山田,神河町,作畑新田線
下山田,（株）ウイング神姫,粟賀　粟賀〜中村三番組集会所前〜上越知
川原東,京阪京都交通（株）,44
グリーンエコー笠形,神河町,作畑新田線
グリーンエコー笠形,（株）ウイング神姫,粟賀　新野駅・粟賀〜作畑新田・新田ふるさと村
安口西,京阪京都交通（株）,44
安口西,（株）ウイング神姫,篠山・柏原　11．12．13
福住川原東,（株）ウイング神姫,篠山・柏原　11．12．13
辻東,（株）ウイング神姫,"篠山・柏原　10．1, 篠山・柏原　11．12．13"
南濠端,（株）ウイング神姫,篠山・柏原　25
福住上,京阪京都交通（株）,44
福住上,（株）ウイング神姫,篠山・柏原　11．12．13
上の山,（株）ウイング神姫,"篠山・柏原　10．1, 篠山・柏原　11．12．13"
福住下,（株）ウイング神姫,"篠山・柏原　10．1, 篠山・柏原　11．12．13"
福住,京阪京都交通（株）,44
福住,（株）ウイング神姫,"篠山・柏原　10．1, 篠山・柏原　11．12．13"
本篠山,（株）ウイング神姫,"篠山・柏原　直5, 篠山・柏原　25, 篠山・柏原　10．1, 篠山・柏原　2, 篠山・柏原　5, 篠山・柏原　23．24"
粟賀営業所,神河町,"環状線, 上小田線, 作畑新田線, 川上線, 生野線"
粟賀営業所,（株）ウイング神姫,"粟賀　新野駅・粟賀〜作畑新田・新田ふるさと村, 粟賀　新野駅・粟賀〜猪篠〜生野駅西口, 粟賀　新野駅・粟賀〜生野駅西口〜生野学園, 粟賀　粟賀〜生野駅西口〜喜楽苑, 粟賀　粟賀〜奥猪篠集会所前, 粟賀　新野駅〜北野農道〜粟賀, 粟賀　粟賀〜（循環）福本〜粟賀, 粟賀　粟賀〜寺前駅〜上小田・峰山口・峰山高原, 粟賀　粟賀・寺前駅〜長谷駅〜川上, 粟賀　粟賀〜中村三番組集会所前〜上越知"
塩山2,神姫バス（株）,しーたんバス　土万線
京口橋,（株）ウイング神姫,"篠山・柏原　直5, 篠山・柏原　25, 篠山・柏原　10．1, 篠山・柏原　2, 篠山・柏原　5, 篠山・柏原　23．24"
岡本病院前,（株）ウイング神姫,"篠山・柏原　10．1, 篠山・柏原　2"
中村町西,神河町,作畑新田線
中村町西,（株）ウイング神姫,粟賀　粟賀〜中村三番組集会所前〜上越知
高朝田,神河町,上小田線
高朝田,（株）ウイング神姫,粟賀　粟賀〜寺前駅〜上小田・峰山口・峰山高原
牧野南,多可町,牧野北発西脇直行バス（のぎくバス）
牧野南,（株）ウイング神姫,"西脇・多可　西脇市駅〜みらいえ〜西脇〜小坂町北〜日赤病院・鍛冶屋・牧野北, 西脇・多可　西脇市駅〜（小坂町南・播州成田山前）〜日赤病院・鍛冶屋・牧野北"
辻,（株）ウイング神姫,"篠山・柏原　10．1, 篠山・柏原　11．12．13"
中村三番組集会所前,神河町,作畑新田線
中村三番組集会所前,（株）ウイング神姫,粟賀　粟賀〜中村三番組集会所前〜上越知
神崎郵便局前,（株）ウイング神姫,"粟賀　新野駅・粟賀〜作畑新田・新田ふるさと村, 粟賀　新野駅・粟賀〜猪篠〜生野駅西口, 粟賀　新野駅・粟賀〜生野駅西口〜生野学園, 粟賀　粟賀〜生野駅西口〜喜楽苑, 粟賀　粟賀〜奥猪篠集会所前, 粟賀　新野駅〜北野農道〜粟賀, 粟賀　粟賀〜（循環）福本〜粟賀, 粟賀　粟賀〜寺前駅〜上小田・峰山口・峰山高原, 粟賀　粟賀・寺前駅〜長谷駅〜川上, 粟賀　粟賀〜中村三番組集会所前〜上越知"
城東公民館,（株）ウイング神姫,"篠山・柏原　10．1, 篠山・柏原　11．12．13, 篠山・柏原　17．18"
城東公民館,丹波篠山市,コミバスハートラン・Bルート
八上上町,（株）ウイング神姫,"篠山・柏原　10．1, 篠山・柏原　11．12．13"
篠山営業所,（株）ウイング神姫,"篠山・柏原　直5, 篠山・柏原　25, 篠山・柏原　10．1, 篠山・柏原　2, 篠山・柏原　5, 篠山・柏原　23．24, 篠山・柏原　11．12．13, 篠山・柏原　15．16, 篠山・柏原　17．18"
城東井上,（株）ウイング神姫,"篠山・柏原　10．1, 篠山・柏原　11．12．13"
清野口,神姫バス（株）,"しーたんバス　横山線・倉床線, しーたんバス　戸倉線・皆木線・原線, しーたんバス　エーガイヤ線"
清野口,（株）ウイング神姫,"山崎　70, 山崎　60．61, 山崎　75"
南新町,（株）ウイング神姫,篠山・柏原　25
南新町,丹波篠山市,コミバスハートラン・Cルート
東山,（株）ウイング神姫,西脇・多可　西脇市駅〜（日野）〜曽我井〜鳥羽上・山寄上
波々伯部前,（株）ウイング神姫,"篠山・柏原　10．1, 篠山・柏原　11．12．13"
神崎郵便局前,神河町,"環状線, 上小田線, 作畑新田線, 川上線, 生野線"
辻川橋,（株）ウイング神姫,"篠山・柏原　10．1, 篠山・柏原　11．12．13"
八上本町,（株）ウイング神姫,"篠山・柏原　10．1, 篠山・柏原　11．12．13"
清野,神姫バス（株）,しーたんバス　与位河東線
城東日置,（株）ウイング神姫,"篠山・柏原　10．1, 篠山・柏原　11．12．13, 篠山・柏原　17．18"
西ノ堂,（株）ウイング神姫,"篠山・柏原　10．1, 篠山・柏原　11．12．13"
野々垣口,（株）ウイング神姫,"篠山・柏原　10．1, 篠山・柏原　11．12．13"
高朝田口,神河町,上小田線
高朝田口,（株）ウイング神姫,粟賀　粟賀〜寺前駅〜上小田・峰山口・峰山高原
曽地口,（株）ウイング神姫,"篠山・柏原　10．1, 篠山・柏原　11．12．13, 篠山・柏原　17．18"
上三河,神姫バス（株）,しーたんバス　千種線
上三河,（株）ウイング神姫,山崎　80
多可高校口,（株）ウイング神姫,"西脇・多可　西脇市駅〜（日野）〜曽我井〜鳥羽上・山寄上, 西脇・多可　多可高校口・鍛冶屋〜本黒田駅前, 西脇・多可　大屋・八千代小学校前〜多可町役場・日赤病院〜多可高校口, 西脇・多可　大和〜八千代小学校前〜糀屋西〜鍛冶屋・多可高校口, 西脇・多可　西脇市駅〜小坂町〜西田〜糀屋西〜多可高校口"
住吉台東,（株）ウイング神姫,篠山・柏原　20．21
住吉台北,（株）ウイング神姫,篠山・柏原　20．21
鍛冶屋北,多可町,牧野北発西脇直行バス（のぎくバス）
鍛冶屋北,（株）ウイング神姫,"西脇・多可　西脇市駅〜みらいえ〜西脇〜小坂町北〜日赤病院・鍛冶屋・牧野北, 西脇・多可　西脇市駅〜（小坂町南・播州成田山前）〜日赤病院・鍛冶屋・牧野北"
西古佐,丹波篠山市,コミバスハートラン・Aルート
西古佐,（株）ウイング神姫,篠山・柏原　3
八上小学校前,（株）ウイング神姫,"篠山・柏原　10．1, 篠山・柏原　11．12．13"
東柏尾市場,神河町,"環状線, 作畑新田線, 川上線"
東柏尾市場,（株）ウイング神姫,"粟賀　新野駅・粟賀〜作畑新田・新田ふるさと村, 粟賀　新野駅〜北野農道〜粟賀, 粟賀　粟賀〜（循環）福本〜粟賀, 粟賀　粟賀・寺前駅〜長谷駅〜川上"
丹波篠山市立図書館前,（株）ウイング神姫,篠山・柏原　2
丹波篠山市立図書館前,丹波篠山市,"コミバスハートラン・Aルート, コミバスハートラン・Cルート"
住吉台西,（株）ウイング神姫,篠山・柏原　20．21
味間北,丹波篠山市,コミバスハートラン・Aルート
高岸北,（株）ウイング神姫,"西脇・多可　西脇市駅〜（日野）〜曽我井〜鳥羽上・山寄上, 西脇・多可　多可高校口・鍛冶屋〜本黒田駅前, 西脇・多可　大屋・八千代小学校前〜多可町役場・日赤病院〜多可高校口, 西脇・多可　大和〜八千代小学校前〜糀屋西〜鍛冶屋・多可高校口, 西脇・多可　西脇市駅〜小坂町〜西田〜糀屋西〜多可高校口"
中町北小学校,（株）ウイング神姫,西脇・多可　西脇市駅〜（日野）〜曽我井〜鳥羽上・山寄上
コミセン前,（株）ウイング神姫,篠山・柏原　20．21
高尾,神姫バス（株）,しーたんバス　与位河東線
支庁舎前,神河町,"環状線, 上小田線, 作畑新田線, 川上線, 生野線"
市庁舎前,（株）ウイング神姫,"粟賀　新野駅・粟賀〜作畑新田・新田ふるさと村, 粟賀　粟賀〜生野駅西口〜喜楽苑, 粟賀　粟賀〜奥猪篠集会所前, 粟賀　新野駅〜北野農道〜粟賀, 粟賀　粟賀〜（循環）福本〜粟賀, 粟賀　粟賀・寺前駅〜長谷駅〜川上, 粟賀　粟賀〜中村三番組集会所前〜上越知"
粟賀町公民館前,神河町,作畑新田線
粟賀町公民館前,（株）ウイング神姫,粟賀　粟賀〜中村三番組集会所前〜上越知
北村,（株）ウイング神姫,篠山・柏原　25
北村,丹波篠山市,コミバスハートラン・Cルート
西八上口,（株）ウイング神姫,"篠山・柏原　10．1, 篠山・柏原　11．12．13"
十兵衛茶屋,（株）ウイング神姫,"篠山・柏原　10．1, 篠山・柏原　11．12．13"
塩山1,神姫バス（株）,しーたんバス　土万線
ライオン公園前,（株）ウイング神姫,篠山・柏原　20．21
福祉センター前,丹波篠山市,"コミバスハートラン・Aルート, コミバスハートラン・Cルート"
福祉センター前,（株）ウイング神姫,篠山・柏原　2
住吉台南,（株）ウイング神姫,篠山・柏原　20．21
神崎総合病院前,神河町,"環状線, 作畑新田線, 生野線"
神崎総合病院前,（株）ウイング神姫,"粟賀　新野駅・粟賀〜作畑新田・新田ふるさと村, 粟賀　新野駅・粟賀〜猪篠〜生野駅西口, 粟賀　新野駅・粟賀〜生野駅西口〜生野学園, 粟賀　粟賀〜生野駅西口〜喜楽苑, 粟賀　粟賀〜寺前駅〜上小田・峰山口・峰山高原, 粟賀　粟賀・寺前駅〜長谷駅〜川上, 粟賀　粟賀〜中村三番組集会所前〜上越知"
神崎総合病院,神河町,"環状線, 上小田線, 作畑新田線, 川上線, 生野線"
神崎総合病院,市川町,"浅野〜神崎総合病院路線, 瀬加〜神崎総合病院路線"
神崎総合病院,（株）ウイング神姫,"粟賀　新野駅・粟賀〜作畑新田・新田ふるさと村, 粟賀　新野駅・粟賀〜猪篠〜生野駅西口, 粟賀　新野駅・粟賀〜生野駅西口〜生野学園, 粟賀　粟賀〜生野駅西口〜喜楽苑, 粟賀　粟賀〜奥猪篠集会所前, 粟賀　新野駅〜北野農道〜粟賀, 粟賀　粟賀〜（循環）福本〜粟賀, 粟賀　粟賀〜寺前駅〜上小田・峰山口・峰山高原, 粟賀　粟賀・寺前駅〜長谷駅〜川上, 粟賀　粟賀〜中村三番組集会所前〜上越知"
上岩,神河町,上小田線
上岩,（株）ウイング神姫,粟賀　粟賀〜寺前駅〜上小田・峰山口・峰山高原
寺前駅,神河町,"環状線, 上小田線, 川上線"
寺前駅,（株）ウイング神姫,"粟賀　粟賀〜（循環）福本〜粟賀, 粟賀　粟賀〜寺前駅〜上小田・峰山口・峰山高原, 粟賀　粟賀・寺前駅〜長谷駅〜川上"
くまさん公園前,（株）ウイング神姫,篠山・柏原　20．21
塩田6,神姫バス（株）,しーたんバス　塩田線
学校前,神河町,上小田線
学校前,（株）ウイング神姫,粟賀　粟賀〜寺前駅〜上小田・峰山口・峰山高原
宇土観音,（株）ウイング神姫,"篠山・柏原　10．1, 篠山・柏原　2"
三河,神姫バス（株）,しーたんバス　千種線
三河,（株）ウイング神姫,山崎　80
味間奥口,丹波篠山市,コミバスハートラン・Aルート
鍛冶屋郵便局,多可町,牧野北発西脇直行バス（のぎくバス）
鍛冶屋郵便局,（株）ウイング神姫,"西脇・多可　西脇市駅〜みらいえ〜西脇〜小坂町北〜日赤病院・鍛冶屋・牧野北, 西脇・多可　西脇市駅〜（小坂町南・播州成田山前）〜日赤病院・鍛冶屋・牧野北"
木ノ谷,神姫バス（株）,"しーたんバス　横山線・倉床線, しーたんバス　戸倉線・皆木線・原線, しーたんバス　エーガイヤ線"
木ノ谷,（株）ウイング神姫,"山崎　70, 山崎　60．61, 山崎　75"
山角,神河町,"環状線, 上小田線, 生野線"
山角,（株）ウイング神姫,"粟賀　新野駅・粟賀〜猪篠〜生野駅西口, 粟賀　新野駅・粟賀〜生野駅西口〜生野学園, 粟賀　粟賀〜（循環）福本〜粟賀, 粟賀　粟賀〜寺前駅〜上小田・峰山口・峰山高原"
四季の森会館前,（株）ウイング神姫,"篠山・柏原　10．1, 篠山・柏原　2"
四季の森会館前,（株）ウイング神姫,篠山・柏原　20．21
住吉台口,（株）ウイング神姫,篠山・柏原　20．21
与位1,神姫バス（株）,しーたんバス　与位河東線
茶の里会館前,丹波篠山市,コミバスハートラン・Aルート
鍛冶屋,多可町,牧野北発西脇直行バス（のぎくバス）
鍛冶屋,（株）ウイング神姫,"西脇・多可　西脇市駅〜みらいえ〜西脇〜小坂町北〜日赤病院・鍛冶屋・牧野北, 西脇・多可　西脇市駅〜（小坂町南・播州成田山前）〜日赤病院・鍛冶屋・牧野北, 西脇・多可　多可高校口・鍛冶屋〜本黒田駅前, 西脇・多可　西脇市駅〜（小坂町南・播州成田山前）〜鍛冶屋, 西脇・多可　大和〜八千代小学校前〜糀屋西〜鍛冶屋・多可高校口, 西脇・多可　西脇市駅〜（日野）〜曽我井〜鳥羽上・山寄上"
神河町役場前,神河町,"環状線, 上小田線, 川上線"
神河町役場前,（株）ウイング神姫,"粟賀　粟賀〜（循環）福本〜粟賀, 粟賀　粟賀〜寺前駅〜上小田・峰山口・峰山高原, 粟賀　粟賀・寺前駅〜長谷駅〜川上"
鍛治南,神河町,"環状線, 川上線"
鍛治南,（株）ウイング神姫,粟賀　粟賀〜（循環）福本〜粟賀
神河中学校,神河町,川上線
神河中学校,（株）ウイング神姫,粟賀　粟賀・寺前駅〜長谷駅〜川上
味間南,丹波篠山市,コミバスハートラン・Aルート
味間南,（株）ウイング神姫,篠山・柏原　3
味間奥バイパス,丹波篠山市,コミバスハートラン・Aルート
与位2,神姫バス（株）,しーたんバス　与位河東線
杉,（株）ウイング神姫,篠山・柏原　20．21
杉,丹波篠山市,"コミバスハートラン・Aルート, コミバスハートラン・Cルート"
中三河,神姫バス（株）,しーたんバス　千種線
中三河,（株）ウイング神姫,山崎　80
味間奥中,丹波篠山市,コミバスハートラン・Aルート
塩田5,神姫バス（株）,しーたんバス　塩田線
味間新,丹波篠山市,コミバスハートラン・Aルート
味間小学校,丹波篠山市,コミバスハートラン・Aルート
味間小学校,（株）ウイング神姫,"篠山・柏原　3, 篠山・柏原　20．21"
熊野神社前,丹波篠山市,コミバスハートラン・Aルート
地蔵堂前,丹波篠山市,コミバスハートラン・Aルート
桜華園前,神河町,"環状線, 作畑新田線, 川上線"
桜華園前,（株）ウイング神姫,"粟賀　新野駅・粟賀〜作畑新田・新田ふるさと村, 粟賀　新野駅〜北野農道〜粟賀, 粟賀　粟賀〜（循環）福本〜粟賀, 粟賀　粟賀・寺前駅〜長谷駅〜川上"
野中,（株）ウイング神姫,篠山・柏原　25
野中,丹波篠山市,コミバスハートラン・Cルート
天田,多可町,牧野北発西脇直行バス（のぎくバス）
天田,（株）ウイング神姫,"西脇・多可　西脇市駅〜（日野）〜曽我井〜鳥羽上・山寄上, 西脇・多可　西脇市駅〜みらいえ〜西脇〜小坂町北〜日赤病院・鍛冶屋・牧野北, 西脇・多可　西脇市駅〜（小坂町南・播州成田山前）〜日赤病院・鍛冶屋・牧野北, 西脇・多可　多可高校口・鍛冶屋〜本黒田駅前, 西脇・多可　西脇市駅〜（小坂町南・播州成田山前）〜鍛冶屋, 西脇・多可　大屋・八千代小学校前〜多可町役場・日赤病院〜多可高校口, 西脇・多可　大和〜八千代小学校前〜糀屋西〜鍛冶屋・多可高校口, 西脇・多可　西脇市駅〜小坂町〜西田〜糀屋西〜多可高校口"
柏尾新田,神河町,"環状線, 川上線"
柏尾新田,（株）ウイング神姫,"粟賀　粟賀〜（循環）福本〜粟賀, 粟賀　粟賀・寺前駅〜長谷駅〜川上"
はにおか公園,神河町,"環状線, 上小田線"
はにおか公園,（株）ウイング神姫,"粟賀　粟賀〜（循環）福本〜粟賀, 粟賀　粟賀〜寺前駅〜上小田・峰山口・峰山高原"
与位3,神姫バス（株）,しーたんバス　与位河東線
グリーンステーション鹿ヶ壷,神姫バス（株）,姫路北部34
土万2,神姫バス（株）,しーたんバス　土万線
福本北口,神河町,"環状線, 上小田線, 生野線"
福本北口,（株）ウイング神姫,"粟賀　新野駅・粟賀〜猪篠〜生野駅西口, 粟賀　新野駅・粟賀〜生野駅西口〜生野学園, 粟賀　粟賀〜（循環）福本〜粟賀, 粟賀　粟賀〜寺前駅〜上小田・峰山口・峰山高原"
小枕口,（株）ウイング神姫,篠山・柏原　25
小枕口,丹波篠山市,コミバスハートラン・Cルート
鍛冶屋南,（株）ウイング神姫,西脇・多可　西脇市駅〜（日野）〜曽我井〜鳥羽上・山寄上
中野,（株）ウイング神姫,"篠山・柏原　10．1, 篠山・柏原　2, 篠山・柏原　3, 篠山・柏原　20．21, 篠山・柏原　23．24"
中野,丹波篠山市,コミバスハートラン・Aルート
曽地中,（株）ウイング神姫,篠山・柏原　17．18
与位4,神姫バス（株）,しーたんバス　与位河東線
関,神姫バス（株）,姫路北部34
大屋,（株）ウイング神姫,"西脇・多可　西脇営業所・西脇市駅〜大屋, 西脇・多可　西脇営業所・西脇市駅〜あかねが丘〜大屋, 西脇・多可　大屋・八千代小学校前〜多可町役場・日赤病院〜多可高校口"
下三河,神姫バス（株）,しーたんバス　千種線
下三河,（株）ウイング神姫,山崎　80
日吉神社,神河町,"環状線, 上小田線"
日吉神社,（株）ウイング神姫,"粟賀　粟賀〜（循環）福本〜粟賀, 粟賀　粟賀〜寺前駅〜上小田・峰山口・峰山高原"
城南学校前,（株）ウイング神姫,篠山・柏原　25
城南学校前,丹波篠山市,コミバスハートラン・Cルート
大沢,（株）ウイング神姫,"篠山・柏原　10．1, 篠山・柏原　2, 篠山・柏原　3, 篠山・柏原　20．21, 篠山・柏原　23．24"
大沢,丹波篠山市,コミバスハートラン・Aルート
柏尾,神河町,"環状線, 川上線"
柏尾,（株）ウイング神姫,"粟賀　粟賀〜（循環）福本〜粟賀, 粟賀　粟賀・寺前駅〜長谷駅〜川上"
中央公園（北向）,（株）ウイング神姫,"西脇・多可　西脇市駅〜（日野）〜曽我井〜鳥羽上・山寄上, 西脇・多可　西脇市駅〜みらいえ〜西脇〜小坂町北〜日赤病院・鍛冶屋・牧野北, 西脇・多可　西脇市駅〜（小坂町南・播州成田山前）〜日赤病院・鍛冶屋・牧野北, 西脇・多可　多可高校口・鍛冶屋〜本黒田駅前, 西脇・多可　西脇市駅〜（小坂町南・播州成田山前）〜鍛冶屋, 西脇・多可　大屋・八千代小学校前〜多可町役場・日赤病院〜多可高校口, 西脇・多可　大和〜八千代小学校前〜糀屋西〜鍛冶屋・多可高校口, 西脇・多可　西脇市駅〜小坂町〜西田〜糀屋西〜多可高校口"
さくら館前,神河町,"環状線, 作畑新田線, 川上線"
さくら館前,（株）ウイング神姫,"粟賀　新野駅・粟賀〜作畑新田・新田ふるさと村, 粟賀　新野駅〜北野農道〜粟賀, 粟賀　粟賀〜（循環）福本〜粟賀, 粟賀　粟賀・寺前駅〜長谷駅〜川上"
宮口上,（株）ウイング神姫,"西脇・多可　西脇営業所・西脇市駅〜大屋, 西脇・多可　西脇営業所・西脇市駅〜あかねが丘〜大屋, 西脇・多可　大屋・八千代小学校前〜多可町役場・日赤病院〜多可高校口"
福本,神河町,"環状線, 上小田線, 生野線"
福本,（株）ウイング神姫,"粟賀　新野駅・粟賀〜猪篠〜生野駅西口, 粟賀　新野駅・粟賀〜生野駅西口〜生野学園, 粟賀　粟賀〜（循環）福本〜粟賀, 粟賀　粟賀〜寺前駅〜上小田・峰山口・峰山高原"
中央公園前,多可町,牧野北発西脇直行バス（のぎくバス）
東柏尾,神河町,"環状線, 川上線"
東柏尾,（株）ウイング神姫,"粟賀　粟賀〜（循環）福本〜粟賀, 粟賀　粟賀・寺前駅〜長谷駅〜川上"
梯1,神姫バス（株）,しーたんバス　梯河東線
曽地厄神前,（株）ウイング神姫,篠山・柏原　17．18
小枕,（株）ウイング神姫,篠山・柏原　25
小枕,丹波篠山市,コミバスハートラン・Cルート
加納,神河町,"環状線, 生野線"
加納,（株）ウイング神姫,"粟賀　新野駅・粟賀〜猪篠〜生野駅西口, 粟賀　新野駅・粟賀〜生野駅西口〜生野学園"
中央公園（南向）,（株）ウイング神姫,"西脇・多可　西脇市駅〜（日野）〜曽我井〜鳥羽上・山寄上, 西脇・多可　西脇市駅〜みらいえ〜西脇〜小坂町北〜日赤病院・鍛冶屋・牧野北, 西脇・多可　西脇市駅〜（小坂町南・播州成田山前）〜日赤病院・鍛冶屋・牧野北, 西脇・多可　多可高校口・鍛冶屋〜本黒田駅前, 西脇・多可　西脇市駅〜（小坂町南・播州成田山前）〜鍛冶屋, 西脇・多可　大屋・八千代小学校前〜多可町役場・日赤病院〜多可高校口, 西脇・多可　大和〜八千代小学校前〜糀屋西〜鍛冶屋・多可高校口, 西脇・多可　西脇市駅〜小坂町〜西田〜糀屋西〜多可高校口"
土万3,神姫バス（株）,しーたんバス　土万線
Aコープ桜丘,（株）ウイング神姫,西脇・多可　多可高校口・鍛冶屋〜本黒田駅前
アスパル,多可町,牧野北発西脇直行バス（のぎくバス）
アスパル,（株）ウイング神姫,"西脇・多可　西脇市駅〜みらいえ〜西脇〜小坂町北〜日赤病院・鍛冶屋・牧野北, 西脇・多可　西脇市駅〜（小坂町南・播州成田山前）〜日赤病院・鍛冶屋・牧野北, 西脇・多可　多可高校口・鍛冶屋〜本黒田駅前, 西脇・多可　西脇市駅〜（小坂町南・播州成田山前）〜鍛冶屋, 西脇・多可　大屋・八千代小学校前〜多可町役場・日赤病院〜多可高校口, 西脇・多可　大和〜八千代小学校前〜糀屋西〜鍛冶屋・多可高校口"
篠山口駅,（株）ウイング神姫,"篠山・柏原　8, 篠山・柏原　10．1, 篠山・柏原　2, 篠山・柏原　3, 篠山・柏原　20．21, 篠山・柏原　23．24"
杉ヶ瀬,神姫バス（株）,"しーたんバス　横山線・倉床線, しーたんバス　戸倉線・皆木線・原線, しーたんバス　エーガイヤ線"
杉ヶ瀬,（株）ウイング神姫,"山崎　70, 山崎　60．61, 山崎　75"
西脇,神河町,"環状線, 上小田線"
西脇,（株）ウイング神姫,"粟賀　粟賀〜（循環）福本〜粟賀, 粟賀　粟賀〜寺前駅〜上小田・峰山口・峰山高原"
篠山口駅西口,丹波篠山市,コミバスハートラン・Aルート
篠山口駅東口,（株）ウイング神姫,"篠山・柏原　8, 篠山・柏原　20．21, 篠山・柏原　23．24"
岸上,（株）ウイング神姫,西脇・多可　西脇市駅〜（日野）〜曽我井〜鳥羽上・山寄上
塩田4,神姫バス（株）,しーたんバス　塩田線
ふれあい公園,神河町,"環状線, 作畑新田線, 生野線"
ふれあい公園,（株）ウイング神姫,"粟賀　新野駅・粟賀〜作畑新田・新田ふるさと村, 粟賀　新野駅・粟賀〜猪篠〜生野駅西口, 粟賀　新野駅・粟賀〜生野駅西口〜生野学園, 粟賀　新野駅〜北野農道〜粟賀"
宮口,（株）ウイング神姫,"西脇・多可　西脇営業所・西脇市駅〜大屋, 西脇・多可　西脇営業所・西脇市駅〜あかねが丘〜大屋, 西脇・多可　大屋・八千代小学校前〜多可町役場・日赤病院〜多可高校口"
日赤病院,多可町,牧野北発西脇直行バス（のぎくバス）
日赤病院,（株）ウイング神姫,"西脇・多可　西脇市駅〜みらいえ〜西脇〜小坂町北〜日赤病院・鍛冶屋・牧野北, 西脇・多可　西脇市駅〜（小坂町南・播州成田山前）〜日赤病院・鍛冶屋・牧野北, 西脇・多可　多可高校口・鍛冶屋〜本黒田駅前, 西脇・多可　西脇市駅〜（小坂町南・播州成田山前）〜鍛冶屋, 西脇・多可　大屋・八千代小学校前〜多可町役場・日赤病院〜多可高校口, 西脇・多可　大和〜八千代小学校前〜糀屋西〜鍛冶屋・多可高校口"
小枕新田,（株）ウイング神姫,篠山・柏原　25
小枕新田,丹波篠山市,コミバスハートラン・Cルート
田井,神姫バス（株）,"しーたんバス　横山線・倉床線, しーたんバス　戸倉線・皆木線・原線, しーたんバス　エーガイヤ線"
田井,（株）ウイング神姫,"山崎　70, 山崎　60．61, 山崎　75"
小枕下,丹波篠山市,コミバスハートラン・Cルート
日赤東,（株）ウイング神姫,西脇・多可　西脇市駅〜（日野）〜曽我井〜鳥羽上・山寄上
土万8,神姫バス（株）,しーたんバス　土万線
本黒田駅前,（株）ウイング神姫,西脇・多可　多可高校口・鍛冶屋〜本黒田駅前
塩田3,神姫バス（株）,しーたんバス　塩田線
レークタウン口,神姫バス（株）,姫路北部34
北野農道前,神河町,環状線
北野農道前,（株）ウイング神姫,粟賀　新野駅〜北野農道〜粟賀
中村町北,（株）ウイング神姫,西脇・多可　西脇市駅〜（日野）〜曽我井〜鳥羽上・山寄上
橋塚稲荷前,神河町,"環状線, 上小田線"
橋塚稲荷前,（株）ウイング神姫,"粟賀　粟賀〜（循環）福本〜粟賀, 粟賀　粟賀〜寺前駅〜上小田・峰山口・峰山高原"
岡崎,神河町,"環状線, 上小田線"
岡崎,（株）ウイング神姫,"粟賀　粟賀〜（循環）福本〜粟賀, 粟賀　粟賀〜寺前駅〜上小田・峰山口・峰山高原"
八重谷口,神姫バス（株）,しーたんバス　千種線
八重谷口,（株）ウイング神姫,山崎　80
寺野公民館前,神河町,環状線
寺野公民館前,（株）ウイング神姫,粟賀　新野駅〜北野農道〜粟賀
田井公民館前,神姫バス（株）,"しーたんバス　与位河東線, しーたんバス　横山線・倉床線, しーたんバス　戸倉線・皆木線・原線, しーたんバス　エーガイヤ線"
田井公民館前,（株）ウイング神姫,"山崎　70, 山崎　60．61, 山崎　75"
土万9,神姫バス（株）,しーたんバス　土万線
野村東,神河町,環状線
野村東,（株）ウイング神姫,粟賀　新野駅〜北野農道〜粟賀
多可町役場,多可町,牧野北発西脇直行バス（のぎくバス）
多可町役場,（株）ウイング神姫,"西脇・多可　西脇市駅〜みらいえ〜西脇〜小坂町北〜日赤病院・鍛冶屋・牧野北, 西脇・多可　西脇市駅〜（小坂町南・播州成田山前）〜日赤病院・鍛冶屋・牧野北, 西脇・多可　多可高校口・鍛冶屋〜本黒田駅前, 西脇・多可　西脇市駅〜（小坂町南・播州成田山前）〜鍛冶屋, 西脇・多可　大屋・八千代小学校前〜多可町役場・日赤病院〜多可高校口, 西脇・多可　西脇市駅〜（日野）〜曽我井〜鳥羽上・山寄上"
ベルディーホール,多可町,牧野北発西脇直行バス（のぎくバス）
ベルディーホール,（株）ウイング神姫,"西脇・多可　西脇市駅〜（小坂町南・播州成田山前）〜日赤病院・鍛冶屋・牧野北, 西脇・多可　多可高校口・鍛冶屋〜本黒田駅前, 西脇・多可　西脇市駅〜（小坂町南・播州成田山前）〜鍛冶屋, 西脇・多可　大屋・八千代小学校前〜多可町役場・日赤病院〜多可高校口"
土万,神姫バス（株）,"しーたんバス　土万線, しーたんバス　千種線"
土万,（株）ウイング神姫,山崎　80
塩田2,神姫バス（株）,しーたんバス　塩田線
新野駅,神河町,"環状線, 上小田線, 作畑新田線, 生野線"
新野駅,（株）ウイング神姫,"粟賀　新野駅・粟賀〜作畑新田・新田ふるさと村, 粟賀　新野駅・粟賀〜猪篠〜生野駅西口, 粟賀　新野駅・粟賀〜生野駅西口〜生野学園, 粟賀　新野駅〜北野農道〜粟賀, 粟賀　粟賀〜（循環）福本〜粟賀, 粟賀　粟賀〜寺前駅〜上小田・峰山口・峰山高原"
牛ヶ瀬,（株）ウイング神姫,篠山・柏原　8
中プラザ前,（株）ウイング神姫,"西脇・多可　西脇市駅〜（日野）〜曽我井〜鳥羽上・山寄上, 西脇・多可　大和〜八千代小学校前〜糀屋西〜鍛冶屋・多可高校口, 西脇・多可　西脇市駅〜小坂町〜西田〜糀屋西〜多可高校口"
中村町,多可町,牧野北発西脇直行バス（のぎくバス）
中村町,（株）ウイング神姫,"西脇・多可　西脇市駅〜みらいえ〜西脇〜小坂町北〜日赤病院・鍛冶屋・牧野北, 西脇・多可　西脇市駅〜（小坂町南・播州成田山前）〜日赤病院・鍛冶屋・牧野北, 西脇・多可　多可高校口・鍛冶屋〜本黒田駅前, 西脇・多可　西脇市駅〜（小坂町南・播州成田山前）〜鍛冶屋, 西脇・多可　大屋・八千代小学校前〜多可町役場・日赤病院〜多可高校口, 西脇・多可　西脇市駅〜（日野）〜曽我井〜鳥羽上・山寄上"
しんこうタウン,神河町,"環状線, 上小田線, 作畑新田線, 生野線"
しんこうタウン,（株）ウイング神姫,"粟賀　新野駅・粟賀〜作畑新田・新田ふるさと村, 粟賀　新野駅・粟賀〜猪篠〜生野駅西口, 粟賀　新野駅・粟賀〜生野駅西口〜生野学園, 粟賀　粟賀〜（循環）福本〜粟賀, 粟賀　粟賀〜寺前駅〜上小田・峰山口・峰山高原"
野村,神河町,"環状線, 上小田線, 作畑新田線, 生野線"
野村,（株）ウイング神姫,"粟賀　新野駅・粟賀〜作畑新田・新田ふるさと村, 粟賀　新野駅・粟賀〜猪篠〜生野駅西口, 粟賀　新野駅・粟賀〜生野駅西口〜生野学園, 粟賀　粟賀〜（循環）福本〜粟賀, 粟賀　粟賀〜寺前駅〜上小田・峰山口・峰山高原"
坂本,（株）ウイング神姫,"西脇・多可　西脇営業所・西脇市駅〜大屋, 西脇・多可　西脇営業所・西脇市駅〜あかねが丘〜大屋"
矢の口,神姫バス（株）,"しーたんバス　土万線, しーたんバス　千種線"
矢の口,（株）ウイング神姫,山崎　80
葛根,神姫バス（株）,"しーたんバス　土万線, しーたんバス　千種線"
葛根,（株）ウイング神姫,山崎　80
真南条上,（株）ウイング神姫,篠山・柏原　25
真南条上,丹波篠山市,コミバスハートラン・Cルート
後川口,（株）ウイング神姫,篠山・柏原　17．18
神野小学校前,神姫バス（株）,"しーたんバス　梯河東線, しーたんバス　与位河東線, しーたんバス　横山線・倉床線, しーたんバス　戸倉線・皆木線・原線, しーたんバス　エーガイヤ線"
神野小学校前,（株）ウイング神姫,"山崎　70, 山崎　60．61, 山崎　75"
福山,神河町,"環状線, 上小田線"
福山,（株）ウイング神姫,"粟賀　粟賀〜（循環）福本〜粟賀, 粟賀　粟賀〜寺前駅〜上小田・峰山口・峰山高原"
中町郵便局,多可町,牧野北発西脇直行バス（のぎくバス）
中町郵便局,（株）ウイング神姫,"西脇・多可　西脇市駅〜みらいえ〜西脇〜小坂町北〜日赤病院・鍛冶屋・牧野北, 西脇・多可　西脇市駅〜（小坂町南・播州成田山前）〜日赤病院・鍛冶屋・牧野北, 西脇・多可　多可高校口・鍛冶屋〜本黒田駅前, 西脇・多可　西脇市駅〜（小坂町南・播州成田山前）〜鍛冶屋, 西脇・多可　大屋・八千代小学校前〜多可町役場・日赤病院〜多可高校口, 西脇・多可　西脇市駅〜（日野）〜曽我井〜鳥羽上・山寄上"
葛根西口,神姫バス（株）,"しーたんバス　土万線, しーたんバス　千種線"
葛根西口,（株）ウイング神姫,山崎　80
茂利,（株）ウイング神姫,"西脇・多可　西脇市駅〜（日野）〜曽我井〜鳥羽上・山寄上, 西脇・多可　大和〜八千代小学校前〜糀屋西〜鍛冶屋・多可高校口, 西脇・多可　西脇市駅〜小坂町〜西田〜糀屋西〜多可高校口"
貝野,神河町,"環状線, 上小田線"
貝野,（株）ウイング神姫,"粟賀　粟賀〜（循環）福本〜粟賀, 粟賀　粟賀〜寺前駅〜上小田・峰山口・峰山高原"
マイスター工房前,（株）ウイング神姫,"西脇・多可　西脇営業所・西脇市駅〜大屋, 西脇・多可　西脇営業所・西脇市駅〜あかねが丘〜大屋, 西脇・多可　大屋・八千代小学校前〜多可町役場・日赤病院〜多可高校口"
田井南,神姫バス（株）,"しーたんバス　梯河東線, しーたんバス　与位河東線, しーたんバス　横山線・倉床線, しーたんバス　戸倉線・皆木線・原線, しーたんバス　エーガイヤ線"
田井南,（株）ウイング神姫,"山崎　70, 山崎　60．61, 山崎　75"
犬飼,（株）ウイング神姫,篠山・柏原　8
野々上4,神姫バス（株）,"しーたんバス　梯河東線, しーたんバス　与位河東線"
安坂,多可町,牧野北発西脇直行バス（のぎくバス）
安坂,（株）ウイング神姫,"西脇・多可　西脇市駅〜みらいえ〜西脇〜小坂町北〜日赤病院・鍛冶屋・牧野北, 西脇・多可　西脇市駅〜（小坂町南・播州成田山前）〜日赤病院・鍛冶屋・牧野北, 西脇・多可　多可高校口・鍛冶屋〜本黒田駅前, 西脇・多可　西脇市駅〜（小坂町南・播州成田山前）〜鍛冶屋, 西脇・多可　大屋・八千代小学校前〜多可町役場・日赤病院〜多可高校口, 西脇・多可　西脇市駅〜（日野）〜曽我井〜鳥羽上・山寄上"
竜蔵寺口,（株）ウイング神姫,篠山・柏原　25
竜蔵寺口,丹波篠山市,コミバスハートラン・Cルート
札場,西脇市,おりひめバス
澤北,市川町,鶴居北
森本,（株）ウイング神姫,"西脇・多可　多可高校口・鍛冶屋〜本黒田駅前, 西脇・多可　西脇市駅〜（日野）〜曽我井〜鳥羽上・山寄上"
新田,神姫バス（株）,姫路北部34
野々上3,神姫バス（株）,"しーたんバス　梯河東線, しーたんバス　与位河東線"
正善寺,市川町,鶴居北
森本東,（株）ウイング神姫,"西脇・多可　多可高校口・鍛冶屋〜本黒田駅前, 西脇・多可　西脇市駅〜（日野）〜曽我井〜鳥羽上・山寄上"
五十波1,神姫バス（株）,しーたんバス　梯河東線
宮の谷,（株）ウイング神姫,篠山・柏原　25
宮の谷,丹波篠山市,コミバスハートラン・Cルート
安田稲荷口,（株）ウイング神姫,西脇・多可　多可高校口・鍛冶屋〜本黒田駅前
中安田,（株）ウイング神姫,"西脇・多可　多可高校口・鍛冶屋〜本黒田駅前, 西脇・多可　西脇市駅〜（日野）〜曽我井〜鳥羽上・山寄上"
東安田公民館,（株）ウイング神姫,西脇・多可　多可高校口・鍛冶屋〜本黒田駅前
野々上1,神姫バス（株）,"しーたんバス　梯河東線, しーたんバス　与位河東線"
西安田,（株）ウイング神姫,"西脇・多可　多可高校口・鍛冶屋〜本黒田駅前, 西脇・多可　西脇市駅〜（日野）〜曽我井〜鳥羽上・山寄上"
安坂南,多可町,牧野北発西脇直行バス（のぎくバス）
安坂南,（株）ウイング神姫,"西脇・多可　西脇市駅〜みらいえ〜西脇〜小坂町北〜日赤病院・鍛冶屋・牧野北, 西脇・多可　西脇市駅〜（小坂町南・播州成田山前）〜日赤病院・鍛冶屋・牧野北, 西脇・多可　西脇市駅〜（小坂町南・播州成田山前）〜鍛冶屋, 西脇・多可　大屋・八千代小学校前〜多可町役場・日赤病院〜多可高校口"
五十波,神姫バス（株）,"しーたんバス　梯河東線, しーたんバス　横山線・倉床線, しーたんバス　戸倉線・皆木線・原線, しーたんバス　エーガイヤ線"
五十波,（株）ウイング神姫,"山崎　70, 山崎　60．61, 山崎　75"
安坂西,（株）ウイング神姫,"西脇・多可　西脇市駅〜（日野）〜曽我井〜鳥羽上・山寄上, 西脇・多可　大和〜八千代小学校前〜糀屋西〜鍛冶屋・多可高校口, 西脇・多可　西脇市駅〜小坂町〜西田〜糀屋西〜多可高校口"
寺下,西脇市,おりひめバス
野々上0,神姫バス（株）,"しーたんバス　梯河東線, しーたんバス　与位河東線"
リフレッシュパーク市川,市川町,瀬加〜神崎総合病院路線
五十波2,神姫バス（株）,しーたんバス　梯河東線
真南条中,（株）ウイング神姫,篠山・柏原　25
真南条中,丹波篠山市,コミバスハートラン・Cルート
岸田8,神姫バス（株）,しーたんバス　与位河東線
重光橋,神姫バス（株）,姫路北部34
初鹿野,市川町,"浅野〜神崎総合病院路線, 瀬加〜神崎総合病院路線"
寺家駐車場,市川町,瀬加・川辺
南矢代,（株）ウイング神姫,篠山・柏原　8
寺家,市川町,瀬加〜神崎総合病院路線
美佐北部公民館,市川町,鶴居北
糀屋,多可町,牧野北発西脇直行バス（のぎくバス）
糀屋,（株）ウイング神姫,"西脇・多可　西脇市駅〜みらいえ〜西脇〜小坂町北〜日赤病院・鍛冶屋・牧野北, 西脇・多可　西脇市駅〜（小坂町南・播州成田山前）〜日赤病院・鍛冶屋・牧野北, 西脇・多可　西脇市駅〜（小坂町南・播州成田山前）〜鍛冶屋"
中村,（株）ウイング神姫,"西脇・多可　西脇営業所・西脇市駅〜大屋, 西脇・多可　西脇営業所・西脇市駅〜あかねが丘〜大屋, 西脇・多可　大屋・八千代小学校前〜多可町役場・日赤病院〜多可高校口"
比地町,神姫バス（株）,"しーたんバス　土万線, しーたんバス　千種線"
比地町,（株）ウイング神姫,山崎　80
中東,神姫バス（株）,"しーたんバス　梯河東線, しーたんバス　横山線・倉床線, しーたんバス　戸倉線・皆木線・原線, しーたんバス　エーガイヤ線"
中東,（株）ウイング神姫,"山崎　70, 山崎　60．61, 山崎　75"
青木1,神姫バス（株）,しーたんバス　塩田線
中皆河,神姫バス（株）,姫路北部34
糀屋西,（株）ウイング神姫,"西脇・多可　西脇市駅〜（日野）〜曽我井〜鳥羽上・山寄上, 西脇・多可　大和〜八千代小学校前〜糀屋西〜鍛冶屋・多可高校口, 西脇・多可　西脇市駅〜小坂町〜西田〜糀屋西〜多可高校口"
ドウモト,西脇市,おりひめバス
寺家口,市川町,瀬加〜神崎総合病院路線
河内奥,市川町,"瀬加〜神崎総合病院路線, 瀬加・川辺"
五十波3,神姫バス（株）,しーたんバス　梯河東線
永良商店,市川町,鶴居北
岸田4,神姫バス（株）,"しーたんバス　梯河東線, しーたんバス　与位河東線"
真南条下,（株）ウイング神姫,篠山・柏原　25
真南条下,丹波篠山市,コミバスハートラン・Cルート
横屋,（株）ウイング神姫,"西脇・多可　西脇営業所・西脇市駅〜大屋, 西脇・多可　西脇営業所・西脇市駅〜あかねが丘〜大屋, 西脇・多可　大屋・八千代小学校前〜多可町役場・日赤病院〜多可高校口"
岸田2,神姫バス（株）,"しーたんバス　梯河東線, しーたんバス　与位河東線"
比地町東,神姫バス（株）,"しーたんバス　土万線, しーたんバス　千種線"
比地町東,（株）ウイング神姫,山崎　80
五十波4,神姫バス（株）,しーたんバス　梯河東線
坂本東,（株）ウイング神姫,"西脇・多可　大屋・八千代小学校前〜多可町役場・日赤病院〜多可高校口, 西脇・多可　大和〜八千代小学校前〜糀屋西〜鍛冶屋・多可高校口"
羽安,（株）ウイング神姫,西脇・多可　西脇市駅〜（日野）〜曽我井〜鳥羽上・山寄上
行友,神姫バス（株）,姫路北部34
延寿寺,市川町,鶴居北
ツクエガイチ,西脇市,おりひめバス
栗栖野,（株）ウイング神姫,篠山・柏原　25
栗栖野,丹波篠山市,コミバスハートラン・Cルート
曽我井西,多可町,牧野北発西脇直行バス（のぎくバス）
曽我井西,（株）ウイング神姫,"西脇・多可　西脇市駅〜（日野）〜曽我井〜鳥羽上・山寄上, 西脇・多可　西脇市駅〜みらいえ〜西脇〜小坂町北〜日赤病院・鍛冶屋・牧野北, 西脇・多可　西脇市駅〜（小坂町南・播州成田山前）〜日赤病院・鍛冶屋・牧野北, 西脇・多可　西脇市駅〜（小坂町南・播州成田山前）〜鍛冶屋, 西脇・多可　西脇市駅〜小坂町〜西田〜糀屋西〜多可高校口"
西五十波,神姫バス（株）,"しーたんバス　梯河東線, しーたんバス　横山線・倉床線, しーたんバス　戸倉線・皆木線・原線, しーたんバス　エーガイヤ線"
西五十波,（株）ウイング神姫,"山崎　70, 山崎　60．61, 山崎　75"
澤南,市川町,瀬加〜神崎総合病院路線
塩谷公民館,市川町,瀬加・川辺
下村,（株）ウイング神姫,"西脇・多可　西脇営業所・西脇市駅〜大屋, 西脇・多可　西脇営業所・西脇市駅〜あかねが丘〜大屋, 西脇・多可　大屋・八千代小学校前〜多可町役場・日赤病院〜多可高校口"
塩谷,市川町,瀬加〜神崎総合病院路線
大和,（株）ウイング神姫,"西脇・多可　大和〜八千代小学校前〜糀屋西〜鍛冶屋・多可高校口, 西脇・多可　八千代小学校〜大和"
沢橋,市川町,瀬加〜神崎総合病院路線
中播北部消防署西,市川町,鶴居北
矢原3,神姫バス（株）,"しーたんバス　梯河東線, しーたんバス　与位河東線"
鍛治屋橋,神姫バス（株）,"しーたんバス　土万線, しーたんバス　塩田線, しーたんバス　千種線"
鍛治屋橋,（株）ウイング神姫,山崎　80
キリツメ,西脇市,おりひめバス
美佐西集会所,市川町,鶴居北
曽我井,多可町,牧野北発西脇直行バス（のぎくバス）
曽我井,（株）ウイング神姫,"西脇・多可　西脇市駅〜（日野）〜曽我井〜鳥羽上・山寄上, 西脇・多可　西脇市駅〜みらいえ〜西脇〜小坂町北〜日赤病院・鍛冶屋・牧野北, 西脇・多可　西脇市駅〜（小坂町南・播州成田山前）〜日赤病院・鍛冶屋・牧野北, 西脇・多可　西脇市駅〜（小坂町南・播州成田山前）〜鍛冶屋, 西脇・多可　西脇市駅〜小坂町〜西田〜糀屋西〜多可高校口"
八千代診療所前,（株）ウイング神姫,"西脇・多可　西脇営業所・西脇市駅〜大屋, 西脇・多可　西脇営業所・西脇市駅〜あかねが丘〜大屋, 西脇・多可　大屋・八千代小学校前〜多可町役場・日赤病院〜多可高校口"
梅中,神姫バス（株）,姫路北部34
矢代新田,（株）ウイング神姫,篠山・柏原　8
美佐公民館,市川町,鶴居北
美佐,市川町,瀬加〜神崎総合病院路線
折橋,神姫バス（株）,"しーたんバス　土万線, しーたんバス　塩田線, しーたんバス　千種線"
折橋,（株）ウイング神姫,山崎　80
上三原住民センター前,（株）ウイング神姫,"西脇・多可　大和〜八千代小学校前〜糀屋西〜鍛冶屋・多可高校口, 西脇・多可　八千代小学校〜大和"
河内中,市川町,"瀬加〜神崎総合病院路線, 瀬加・川辺"
矢原2,神姫バス（株）,"しーたんバス　梯河東線, しーたんバス　与位河東線"
屋形北,市川町,"浅野〜神崎総合病院路線, 鶴居南"
青木,神姫バス（株）,"しーたんバス　土万線, しーたんバス　塩田線, しーたんバス　千種線"
青木,（株）ウイング神姫,山崎　80
五輪前,西脇市,おりひめバス
黒石上,丹波篠山市,コミバスハートラン・Cルート
宮の前,（株）ウイング神姫,篠山・柏原　17．18
上三原,（株）ウイング神姫,"西脇・多可　大和〜八千代小学校前〜糀屋西〜鍛冶屋・多可高校口, 西脇・多可　八千代小学校〜大和"
上野中,（株）ウイング神姫,西脇・多可　西脇市駅〜（日野）〜曽我井〜鳥羽上・山寄上
一の谷,神姫バス（株）,姫路北部34
エーモン半瀬工場前,市川町,"瀬加〜神崎総合病院路線, 瀬加・川辺"
美佐南,市川町,瀬加〜神崎総合病院路線
波賀野,（株）ウイング神姫,篠山・柏原　8
矢原1,神姫バス（株）,"しーたんバス　梯河東線, しーたんバス　与位河東線"
後川上,（株）ウイング神姫,篠山・柏原　17．18
門田,（株）ウイング神姫,"西脇・多可　西脇営業所・西脇市駅〜大屋, 西脇・多可　西脇営業所・西脇市駅〜あかねが丘〜大屋, 西脇・多可　大屋・八千代小学校前〜多可町役場・日赤病院〜多可高校口"
当野口,（株）ウイング神姫,篠山・柏原　25
当野口,丹波篠山市,コミバスハートラン・Cルート
曽我井南口,多可町,牧野北発西脇直行バス（のぎくバス）
曽我井南口,（株）ウイング神姫,"西脇・多可　西脇市駅〜（日野）〜曽我井〜鳥羽上・山寄上, 西脇・多可　西脇市駅〜みらいえ〜西脇〜小坂町北〜日赤病院・鍛冶屋・牧野北, 西脇・多可　西脇市駅〜（小坂町南・播州成田山前）〜日赤病院・鍛冶屋・牧野北, 西脇・多可　西脇市駅〜（小坂町南・播州成田山前）〜鍛冶屋, 西脇・多可　西脇市駅〜小坂町〜西田〜糀屋西〜多可高校口"
アイノハラ,西脇市,おりひめバス
上三原下,（株）ウイング神姫,"西脇・多可　大和〜八千代小学校前〜糀屋西〜鍛冶屋・多可高校口, 西脇・多可　八千代小学校〜大和"
山崎西小学校前,神姫バス（株）,"しーたんバス　土万線, しーたんバス　塩田線, しーたんバス　千種線"
山崎西小学校前,（株）ウイング神姫,山崎　80
半瀬,市川町,瀬加〜神崎総合病院路線
半瀬公民館,市川町,瀬加・川辺
菅野郵便局前,神姫バス（株）,"しーたんバス　土万線, しーたんバス　千種線"
菅野郵便局前,（株）ウイング神姫,山崎　80
大谷橋,神姫バス（株）,しーたんバス　塩田線
波賀野南,（株）ウイング神姫,篠山・柏原　25
波賀野南,丹波篠山市,コミバスハートラン・Cルート
屋形公民館,市川町,鶴居南
後川学校前,（株）ウイング神姫,篠山・柏原　17．18
佐用インター,神姫バス（株）,津山・西脇・社　（特急）津山駅〜北条〜新大阪駅〜大阪駅
屋形,市川町,浅野〜神崎総合病院路線
双葉小学校前,西脇市,おりひめバス
三津,神姫バス（株）,"しーたんバス　横山線・倉床線, しーたんバス　戸倉線・皆木線・原線, しーたんバス　エーガイヤ線"
三津,（株）ウイング神姫,"山崎　70, 山崎　60．61, 山崎　75"
早柏,神姫バス（株）,姫路北部34
鶴居,市川町,"浅野〜神崎総合病院路線, 瀬加〜神崎総合病院路線"
上母子,神姫バス（株）,三田駅周辺24
下野中,（株）ウイング神姫,西脇・多可　西脇市駅〜（日野）〜曽我井〜鳥羽上・山寄上
河内公民館,市川町,"瀬加〜神崎総合病院路線, 瀬加・川辺"
鶴居駐車場,市川町,鶴居南
母子,神姫バス（株）,三田駅周辺24
せせらぎの湯,市川町,瀬加〜神崎総合病院路線
徳部野,多可町,牧野北発西脇直行バス（のぎくバス）
徳部野,（株）ウイング神姫,"西脇・多可　西脇市駅〜（日野）〜曽我井〜鳥羽上・山寄上, 西脇・多可　西脇市駅〜みらいえ〜西脇〜小坂町北〜日赤病院・鍛冶屋・牧野北, 西脇・多可　西脇市駅〜（小坂町南・播州成田山前）〜日赤病院・鍛冶屋・牧野北, 西脇・多可　西脇市駅〜（小坂町南・播州成田山前）〜鍛冶屋, 西脇・多可　西脇市駅〜小坂町〜西田〜糀屋西〜多可高校口"
高下公民館前,神姫バス（株）,"しーたんバス　土万線, しーたんバス　千種線"
高下公民館前,（株）ウイング神姫,山崎　80
半瀬南,市川町,"瀬加〜神崎総合病院路線, 瀬加・川辺"
高下,神姫バス（株）,しーたんバス　塩田線
後川中,（株）ウイング神姫,篠山・柏原　17．18
神谷2,神姫バス（株）,"しーたんバス　梯河東線, しーたんバス　与位河東線"
後川奥,（株）ウイング神姫,篠山・柏原　17．18
大木町,（株）ウイング神姫,西脇・多可　西脇市駅〜（日野）〜曽我井〜鳥羽上・山寄上
国道古市,（株）ウイング神姫,"篠山・柏原　8, 篠山・柏原　25"
国道古市,丹波篠山市,コミバスハートラン・Cルート
西光寺,西脇市,おりひめバス
川上,（株）ウイング神姫,"西脇・多可　大和〜八千代小学校前〜糀屋西〜鍛冶屋・多可高校口, 西脇・多可　八千代小学校〜大和"
当野,丹波篠山市,コミバスハートラン・Cルート
黒石中,丹波篠山市,コミバスハートラン・Cルート
神谷5,神姫バス（株）,"しーたんバス　梯河東線, しーたんバス　与位河東線"
神谷1,神姫バス（株）,"しーたんバス　梯河東線, しーたんバス　与位河東線"
学校前,神姫バス（株）,姫路北部34
古市南口,（株）ウイング神姫,篠山・柏原　25
三谷3,神姫バス（株）,"しーたんバス　梯河東線, しーたんバス　与位河東線"
不来坂,（株）ウイング神姫,篠山・柏原　25
三谷2,神姫バス（株）,"しーたんバス　梯河東線, しーたんバス　与位河東線"
宮ノ前,西脇市,おりひめバス
三谷1,神姫バス（株）,"しーたんバス　梯河東線, しーたんバス　与位河東線"
中三原,（株）ウイング神姫,"西脇・多可　大和〜八千代小学校前〜糀屋西〜鍛冶屋・多可高校口, 西脇・多可　八千代小学校〜大和"
大木新田,（株）ウイング神姫,"西脇・多可　西脇市駅〜（日野）〜曽我井〜鳥羽上・山寄上, 西脇・多可　西脇市駅〜みらいえ〜西脇〜小坂町北〜日赤病院・鍛冶屋・牧野北, 西脇・多可　西脇市駅〜（小坂町南・播州成田山前）〜日赤病院・鍛冶屋・牧野北, 西脇・多可　西脇市駅〜（小坂町南・播州成田山前）〜鍛冶屋, 西脇・多可　西脇市駅〜小坂町〜西田〜糀屋西〜多可高校口"
西小畑奥,市川町,浅野・小畑・川辺
神崎公民館,市川町,"浅野〜神崎総合病院路線, 鶴居南"
赤坂上,（株）ウイング神姫,"西脇・多可　西脇営業所・西脇市駅〜大屋, 西脇・多可　西脇営業所・西脇市駅〜あかねが丘〜大屋, 西脇・多可　大屋・八千代小学校前〜多可町役場・日赤病院〜多可高校口"
広岡橋,神姫バス（株）,"しーたんバス　土万線, しーたんバス　塩田線, しーたんバス　千種線"
広岡橋,（株）ウイング神姫,山崎　80
後川下,（株）ウイング神姫,篠山・柏原　17．18
中三津,神姫バス（株）,"しーたんバス　横山線・倉床線, しーたんバス　戸倉線・皆木線・原線, しーたんバス　エーガイヤ線"
中三津,（株）ウイング神姫,"山崎　70, 山崎　60．61, 山崎　75"
河内広場入口,市川町,瀬加・川辺
広場入口,市川町,瀬加〜神崎総合病院路線
鶴居南,市川町,瀬加〜神崎総合病院路線
仕出原北,（株）ウイング神姫,"西脇・多可　大屋・八千代小学校前〜多可町役場・日赤病院〜多可高校口, 西脇・多可　大和〜八千代小学校前〜糀屋西〜鍛冶屋・多可高校口"
永沢寺,神姫バス（株）,三田駅周辺24
東小畑奥,市川町,浅野・小畑・川辺
浦山,神姫バス（株）,三田駅周辺24
市原,多可町,牧野北発西脇直行バス（のぎくバス）
市原,（株）ウイング神姫,"西脇・多可　西脇市駅〜（日野）〜曽我井〜鳥羽上・山寄上, 西脇・多可　西脇市駅〜みらいえ〜西脇〜小坂町北〜日赤病院・鍛冶屋・牧野北, 西脇・多可　西脇市駅〜（小坂町南・播州成田山前）〜日赤病院・鍛冶屋・牧野北, 西脇・多可　西脇市駅〜（小坂町南・播州成田山前）〜鍛冶屋, 西脇・多可　西脇市駅〜小坂町〜西田〜糀屋西〜多可高校口"
中さつき1,神姫バス（株）,"しーたんバス　梯河東線, しーたんバス　与位河東線"
黒石下,丹波篠山市,コミバスハートラン・Cルート
米山口,神姫バス（株）,"しーたんバス　土万線, しーたんバス　塩田線, しーたんバス　千種線"
米山口,（株）ウイング神姫,山崎　80
中畑町公民館,西脇市,おりひめバス
赤坂,（株）ウイング神姫,"西脇・多可　西脇営業所・西脇市駅〜大屋, 西脇・多可　西脇営業所・西脇市駅〜あかねが丘〜大屋, 西脇・多可　大屋・八千代小学校前〜多可町役場・日赤病院〜多可高校口"
西田北口,（株）ウイング神姫,"西脇・多可　西脇市駅〜（日野）〜曽我井〜鳥羽上・山寄上, 西脇・多可　西脇市駅〜小坂町〜西田〜糀屋西〜多可高校口"
中1,神姫バス（株）,"しーたんバス　梯河東線, しーたんバス　与位河東線"
津能橋,神姫バス（株）,"しーたんバス　横山線・倉床線, しーたんバス　戸倉線・皆木線・原線, しーたんバス　エーガイヤ線"
津能橋,（株）ウイング神姫,"山崎　70, 山崎　60．61, 山崎　75"
神崎,市川町,"瀬加〜神崎総合病院路線, 鶴居南"
中3,神姫バス（株）,"しーたんバス　梯河東線, しーたんバス　与位河東線"
中2,神姫バス（株）,"しーたんバス　梯河東線, しーたんバス　与位河東線"
神崎西,市川町,浅野〜神崎総合病院路線
岩戸公民館,市川町,瀬加・川辺
西小畑中,市川町,浅野・小畑・川辺
東小畑中,市川町,浅野・小畑・川辺
辰巳,（株）ウイング神姫,篠山・柏原　25
仕出原,（株）ウイング神姫,"西脇・多可　大屋・八千代小学校前〜多可町役場・日赤病院〜多可高校口, 西脇・多可　大和〜八千代小学校前〜糀屋西〜鍛冶屋・多可高校口"
俵田上,（株）ウイング神姫,"西脇・多可　西脇営業所・西脇市駅〜大屋, 西脇・多可　西脇営業所・西脇市駅〜あかねが丘〜大屋, 西脇・多可　大屋・八千代小学校前〜多可町役場・日赤病院〜多可高校口"
末広,神姫バス（株）,姫路北部34
局前,（株）ウイング神姫,"西脇・多可　大和〜八千代小学校前〜糀屋西〜鍛冶屋・多可高校口, 西脇・多可　八千代小学校〜大和"
中畑,西脇市,おりひめバス
俵田,（株）ウイング神姫,"西脇・多可　西脇営業所・西脇市駅〜大屋, 西脇・多可　西脇営業所・西脇市駅〜あかねが丘〜大屋, 西脇・多可　大屋・八千代小学校前〜多可町役場・日赤病院〜多可高校口"
市原駅記念館,多可町,牧野北発西脇直行バス（のぎくバス）
市原駅記念館,（株）ウイング神姫,"西脇・多可　西脇市駅〜みらいえ〜西脇〜小坂町北〜日赤病院・鍛冶屋・牧野北, 西脇・多可　西脇市駅〜（小坂町南・播州成田山前）〜日赤病院・鍛冶屋・牧野北, 西脇・多可　西脇市駅〜（小坂町南・播州成田山前）〜鍛冶屋"
庄能,神姫バス（株）,"しーたんバス　横山線・倉床線, しーたんバス　戸倉線・皆木線・原線, しーたんバス　エーガイヤ線"
庄能,（株）ウイング神姫,"山崎　70, 山崎　60．61, 山崎　75"
法雲寺,市川町,"浅野〜神崎総合病院路線, 浅野・小畑・川辺"
市場公民館前,神姫バス（株）,"しーたんバス　土万線, しーたんバス　塩田線, しーたんバス　千種線"
市場公民館前,（株）ウイング神姫,山崎　80
西田,（株）ウイング神姫,"西脇・多可　西脇市駅〜（日野）〜曽我井〜鳥羽上・山寄上, 西脇・多可　西脇市駅〜小坂町〜西田〜糀屋西〜多可高校口"
岩戸,市川町,瀬加〜神崎総合病院路線
油井不動尊前,（株）ウイング神姫,篠山・柏原　8
油井不動尊前,丹波篠山市,コミバスハートラン・Cルート
谷山橋,市川町,甘地
小野原,（株）ウイング神姫,篠山・柏原　25
上小野原,丹波篠山市,コミバスハートラン・Cルート
小畑スクールバス車庫前,市川町,"浅野〜神崎総合病院路線, 浅野・小畑・川辺"
小室集会所,市川町,鶴居南
富吉南,（株）ウイング神姫,西脇・多可　西脇市駅〜（日野）〜曽我井〜鳥羽上・山寄上
田中,市川町,"瀬加〜神崎総合病院路線, 鶴居南"
木谷橋,神姫バス（株）,"しーたんバス　土万線, しーたんバス　塩田線, しーたんバス　千種線"
木谷橋,（株）ウイング神姫,山崎　80
高所4,神姫バス（株）,"しーたんバス　梯河東線, しーたんバス　与位河東線"
クスノキ交流センター,市川町,鶴居南
谷中所橋,市川町,"浅野〜神崎総合病院路線, 甘地"
仕出原南,（株）ウイング神姫,"西脇・多可　大屋・八千代小学校前〜多可町役場・日赤病院〜多可高校口, 西脇・多可　大和〜八千代小学校前〜糀屋西〜鍛冶屋・多可高校口"
川西,（株）ウイング神姫,"西脇・多可　西脇営業所・西脇市駅〜大屋, 西脇・多可　西脇営業所・西脇市駅〜あかねが丘〜大屋, 西脇・多可　大屋・八千代小学校前〜多可町役場・日赤病院〜多可高校口"
河内口,市川町,瀬加〜神崎総合病院路線
角屋,神姫バス（株）,姫路北部34
日野,（株）ウイング神姫,西脇・多可　西脇市駅〜（日野）〜曽我井〜鳥羽上・山寄上
下牛尾消防庫前,市川町,瀬加・川辺
足丸,西脇市,おりひめバス
九鬼北橋,市川町,"浅野〜神崎総合病院路線, 浅野・小畑・川辺"
加生山崎高校前,神姫バス（株）,"しーたんバス　土万線, しーたんバス　塩田線, しーたんバス　横山線・倉床線, しーたんバス　戸倉線・皆木線・原線, しーたんバス　エーガイヤ線, しーたんバス　千種線"
加生山崎高校前,（株）ウイング神姫,"山崎　70, 山崎　60．61, 山崎　80, 山崎　75, 山崎　50"
岩の内,（株）ウイング神姫,"西脇・多可　大和〜八千代小学校前〜糀屋西〜鍛冶屋・多可高校口, 西脇・多可　八千代小学校〜大和"
油井,（株）ウイング神姫,篠山・柏原　8
油井,丹波篠山市,コミバスハートラン・Cルート
高所1,神姫バス（株）,"しーたんバス　梯河東線, しーたんバス　与位河東線"
本荘公民館,丹波篠山市,コミバスハートラン・Cルート
小室,市川町,"瀬加〜神崎総合病院路線, 鶴居南"
浅野,市川町,浅野〜神崎総合病院路線
今宿,神姫バス（株）,"しーたんバス　横山線・倉床線, しーたんバス　戸倉線・皆木線・原線, しーたんバス　エーガイヤ線"
今宿,（株）ウイング神姫,"山崎　70, 山崎　60．61, 山崎　75"
中野間,（株）ウイング神姫,"西脇・多可　西脇営業所・西脇市駅〜大屋, 西脇・多可　西脇営業所・西脇市駅〜あかねが丘〜大屋, 西脇・多可　大屋・八千代小学校前〜多可町役場・日赤病院〜多可高校口"
今田学校,（株）ウイング神姫,"篠山・柏原　25, 篠山・柏原　30．直30．31．32．33．34"
今田学校,丹波篠山市,コミバスハートラン・Cルート
浅野消防倉庫前,市川町,浅野・小畑・川辺
出石3,神姫バス（株）,"しーたんバス　梯河東線, しーたんバス　与位河東線"
富田,（株）ウイング神姫,"西脇・多可　西脇市駅〜（日野）〜曽我井〜鳥羽上・山寄上, 西脇・多可　西脇市駅〜小坂町〜西田〜糀屋西〜多可高校口"
谷公民館,市川町,"浅野〜神崎総合病院路線, 甘地"
下小野原,（株）ウイング神姫,篠山・柏原　25
下小野原,丹波篠山市,コミバスハートラン・Cルート
今田,（株）ウイング神姫,篠山・柏原　25
一本松,（株）ウイング神姫,篠山・柏原　25
勘平橋,（株）ウイング神姫,"篠山・柏原　25, 篠山・柏原　30．直30．31．32．33．34"
南小畑屋台蔵前,市川町,"浅野〜神崎総合病院路線, 浅野・小畑・川辺"
八幡下,神姫バス（株）,"しーたんバス　土万線, しーたんバス　塩田線, しーたんバス　横山線・倉床線, しーたんバス　戸倉線・皆木線・原線, しーたんバス　エーガイヤ線, しーたんバス　千種線"
八幡下,（株）ウイング神姫,"山崎　70, 山崎　60．61, 山崎　80, 山崎　75, 山崎　50"
公立宍粟総合病院口,神姫バス（株）,"しーたんバス　横山線・倉床線, しーたんバス　戸倉線・皆木線・原線, しーたんバス　エーガイヤ線, しーたんバス　千種線"
公立宍粟総合病院口,（株）ウイング神姫,"山崎　70, 山崎　60．61, 山崎　80, 山崎　75, 山崎　50"
山田,神姫バス（株）,"しーたんバス　横山線・倉床線, しーたんバス　戸倉線・皆木線・原線, しーたんバス　エーガイヤ線"
山田,（株）ウイング神姫,"山崎　70, 山崎　60．61, 山崎　75"
下河,神姫バス（株）,姫路北部34
鹿沢,神姫バス（株）,"しーたんバス　横山線・倉床線, しーたんバス　戸倉線・皆木線・原線, しーたんバス　エーガイヤ線, しーたんバス　千種線"
鹿沢,（株）ウイング神姫,"山崎　70, 山崎　60．61, 山崎　80, 山崎　75, 山崎　50"
今田本荘,（株）ウイング神姫,篠山・柏原　25
山崎,神姫バス（株）,"姫路北部31, 姫路北部32, 姫路北部33, 姫路北部40, 姫路北部41, しーたんバス　循環線, しーたんバス　戸原線, しーたんバス　城下線, しーたんバス　梯河東線, しーたんバス　土万線, しーたんバス　塩田線, しーたんバス　与位河東線, しーたんバス　横山線・倉床線, しーたんバス　戸倉線・皆木線・原線, しーたんバス　エーガイヤ線, しーたんバス　千種線"
山崎,（株）ウイング神姫,"山崎　70, 山崎　60．61, 山崎　80, 山崎　75, 山崎　55, 山崎　50"
山中,（株）ウイング神姫,"西脇・多可　西脇営業所・西脇市駅〜大屋, 西脇・多可　西脇営業所・西脇市駅〜あかねが丘〜大屋, 西脇・多可　大屋・八千代小学校前〜多可町役場・日赤病院〜多可高校口"
永沢寺口,神姫バス（株）,三田駅周辺24
古森,（株）ウイング神姫,篠山・柏原　8
古森,丹波篠山市,コミバスハートラン・Cルート
原ノ橋,西脇市,おりひめバス
播磨山崎郵便局,神姫バス（株）,"姫路北部31, 姫路北部32, 姫路北部33, 姫路北部40, 姫路北部41"
図書館前,神姫バス（株）,"しーたんバス　戸原線, しーたんバス　城下線, しーたんバス　梯河東線, しーたんバス　土万線, しーたんバス　塩田線, しーたんバス　与位河東線"
市役所前,神姫バス（株）,"しーたんバス　戸原線, しーたんバス　城下線, しーたんバス　梯河東線, しーたんバス　土万線, しーたんバス　塩田線, しーたんバス　与位河東線"
下岡,市川町,瀬加〜神崎総合病院路線
総合病院前,神姫バス（株）,"しーたんバス　戸原線, しーたんバス　城下線, しーたんバス　梯河東線, しーたんバス　土万線, しーたんバス　塩田線, しーたんバス　与位河東線"
油井西,丹波篠山市,コミバスハートラン・Cルート
千原,市川町,瀬加〜神崎総合病院路線
今田支所前,（株）ウイング神姫,篠山・柏原　30．直30．31．32．33．34
今田支所前,丹波篠山市,コミバスハートラン・Cルート
日本へそ公園東,西脇市,おりひめバス
和田寺口,（株）ウイング神姫,"篠山・柏原　25, 篠山・柏原　30．直30．31．32．33．34"
門前1,神姫バス（株）,しーたんバス　戸原線
郷の瀬,（株）ウイング神姫,"西脇・多可　西脇市駅〜（日野）〜曽我井〜鳥羽上・山寄上, 西脇・多可　西脇市駅〜小坂町〜西田〜糀屋西〜多可高校口"
千原公民館,市川町,甘地
名坂,神姫バス（株）,姫路北部34
イオン山崎店前,神姫バス（株）,しーたんバス　循環線
下三原,（株）ウイング神姫,"西脇・多可　大和〜八千代小学校前〜糀屋西〜鍛冶屋・多可高校口, 西脇・多可　八千代小学校〜大和"
車庫前,神姫バス（株）,"姫路北部31, 姫路北部32, 姫路北部33, 姫路北部40, 姫路北部41"
上比延町公民館,西脇市,おりひめバス
今田新田,（株）ウイング神姫,篠山・柏原　25
今田新田,丹波篠山市,コミバスハートラン・Cルート
上比延,西脇市,おりひめバス
御舟坂下,市川町,"浅野〜神崎総合病院路線, 浅野・小畑・川辺"
観音寺,（株）ウイング神姫,"西脇・多可　大和〜八千代小学校前〜糀屋西〜鍛冶屋・多可高校口, 西脇・多可　八千代小学校〜大和"
南小畑営農倉庫前,市川町,"浅野〜神崎総合病院路線, 浅野・小畑・川辺"
下岡大橋,市川町,瀬加・川辺
山崎インター,神姫バス（株）,"姫路北部31, 姫路北部32, 津山・西脇・社　（特急）津山駅〜北条〜新大阪駅〜大阪駅"
野田団地,（株）ウイング神姫,"西脇・多可　大屋・八千代小学校前〜多可町役場・日赤病院〜多可高校口, 西脇・多可　大和〜八千代小学校前〜糀屋西〜鍛冶屋・多可高校口"
観音橋,神姫バス（株）,しーたんバス　戸原線
重里,市川町,瀬加〜神崎総合病院路線
小坂町北,多可町,牧野北発西脇直行バス（のぎくバス）
小坂町北,（株）ウイング神姫,"西脇・多可　西脇市駅〜みらいえ〜西脇〜小坂町北〜日赤病院・鍛冶屋・牧野北, 西脇・多可　西脇市駅〜（小坂町南・播州成田山前）〜日赤病院・鍛冶屋・牧野北, 西脇・多可　西脇市駅〜（小坂町南・播州成田山前）〜鍛冶屋"
孫町,加西市,万願寺線
奥西谷北,市川町,甘地
岩花,西脇市,おりひめバス
北中井,（株）ウイング神姫,"山崎　55, 山崎　50"
兵庫県信用組合前,（株）ウイング神姫,"西脇・多可　西脇営業所・西脇市駅〜大屋, 西脇・多可　西脇営業所・西脇市駅〜あかねが丘〜大屋, 西脇・多可　大屋・八千代小学校前〜多可町役場・日赤病院〜多可高校口"
下三原上,（株）ウイング神姫,"西脇・多可　大和〜八千代小学校前〜糀屋西〜鍛冶屋・多可高校口, 西脇・多可　八千代小学校〜大和"
岡ノ山,西脇市,おりひめバス
こんだ薬師温泉,（株）ウイング神姫,篠山・柏原　30．直30．31．32．33．34
こんだ薬師温泉,丹波篠山市,コミバスハートラン・Cルート
住宅前,（株）ウイング神姫,"西脇・多可　大和〜八千代小学校前〜糀屋西〜鍛冶屋・多可高校口, 西脇・多可　八千代小学校〜大和"
花の宮,神姫バス（株）,北条（加西市）　イオンモール加西北条〜アスティアかさい〜市立加西病院〜中富口〜明楽寺〜八千代小学校前
花の宮,（株）ウイング神姫,"西脇・多可　西脇営業所・西脇市駅〜大屋, 西脇・多可　西脇営業所・西脇市駅〜あかねが丘〜大屋, 西脇・多可　大屋・八千代小学校前〜多可町役場・日赤病院〜多可高校口, 西脇・多可　大和〜八千代小学校前〜糀屋西〜鍛冶屋・多可高校口"
柳山寺,（株）ウイング神姫,"西脇・多可　大和〜八千代小学校前〜糀屋西〜鍛冶屋・多可高校口, 西脇・多可　八千代小学校〜大和"
野口,（株）ウイング神姫,"西脇・多可　西脇営業所・西脇市駅〜大屋, 西脇・多可　西脇営業所・西脇市駅〜あかねが丘〜大屋, 西脇・多可　大屋・八千代小学校前〜多可町役場・日赤病院〜多可高校口, 西脇・多可　大和〜八千代小学校前〜糀屋西〜鍛冶屋・多可高校口"
八千代小学校前,神姫バス（株）,北条（加西市）　イオンモール加西北条〜アスティアかさい〜市立加西病院〜中富口〜明楽寺〜八千代小学校前
八千代小学校,（株）ウイング神姫,"西脇・多可　西脇営業所・西脇市駅〜大屋, 西脇・多可　西脇営業所・西脇市駅〜あかねが丘〜大屋, 西脇・多可　大屋・八千代小学校前〜多可町役場・日赤病院〜多可高校口, 西脇・多可　大和〜八千代小学校前〜糀屋西〜鍛冶屋・多可高校口, 西脇・多可　八千代小学校〜大和"
郵便局前,市川町,"浅野〜神崎総合病院路線, 浅野・小畑・川辺"
大町,神姫バス（株）,姫路北部34
岡部会館,市川町,瀬加〜神崎総合病院路線
小谷,市川町,瀬加〜神崎総合病院路線
堂跡,加西市,万願寺線
轟橋,加西市,万願寺線
段公民館前,神姫バス（株）,しーたんバス　戸原線
中井,（株）ウイング神姫,"山崎　55, 山崎　50"
中井東,神姫バス（株）,しーたんバス　循環線
草野駅,丹波篠山市,コミバスハートラン・Cルート
須賀沢3,神姫バス（株）,しーたんバス　城下線
草野駅西,丹波篠山市,コミバスハートラン・Cルート
奥西谷中,市川町,甘地
庄堺,神姫バス（株）,しーたんバス　循環線
教正寺駐車場,市川町,甘地
錦水前,神姫バス（株）,三田駅周辺24
小坂町,（株）ウイング神姫,西脇・多可　西脇市駅〜小坂町〜西田〜糀屋西〜多可高校口
比延町公民館,西脇市,おりひめバス
草野,（株）ウイング神姫,篠山・柏原　8
須賀沢2,神姫バス（株）,しーたんバス　城下線
尾崎前,（株）ウイング神姫,"西脇・多可　大和〜八千代小学校前〜糀屋西〜鍛冶屋・多可高校口, 西脇・多可　八千代小学校〜大和"
西脇北高校口,（株）ウイング神姫,西脇・多可　西脇市駅〜（日野）〜曽我井〜鳥羽上・山寄上
船元,神姫バス（株）,"姫路北部31, 姫路北部32, 姫路北部33, 姫路北部40, 姫路北部41"
いなもち医院前,神姫バス（株）,しーたんバス　城下線
須賀,神姫バス（株）,"姫路北部31, 姫路北部32, 姫路北部33, 姫路北部40, 姫路北部41"
須賀沢1,神姫バス（株）,しーたんバス　城下線
鶴木,神姫バス（株）,しーたんバス　戸原線
上万公会堂下,加西市,"万願寺線, 芥田線"
須賀東口,神姫バス（株）,"姫路北部31, 姫路北部32, 姫路北部33, 姫路北部40, 姫路北部41"
近平公民館,市川町,甘地
原,（株）ウイング神姫,"西脇・多可　大和〜八千代小学校前〜糀屋西〜鍛冶屋・多可高校口, 西脇・多可　八千代小学校〜大和"
山崎医療モール,（株）ウイング神姫,"山崎　55, 山崎　50"
比延町消防庫,西脇市,おりひめバス
小坂町南,西脇市,ループバス「めぐリン」
小坂町南,多可町,牧野北発西脇直行バス（のぎくバス）
小坂町南,（株）ウイング神姫,"西脇・多可　西脇市駅〜みらいえ〜西脇〜小坂町北〜日赤病院・鍛冶屋・牧野北, 西脇・多可　西脇市駅〜（小坂町南・播州成田山前）〜日赤病院・鍛冶屋・牧野北, 西脇・多可　西脇市駅〜（小坂町南・播州成田山前）〜鍛冶屋"
甘地八幡神社入口,市川町,浅野〜神崎総合病院路線
小柿,神姫バス（株）,三田駅周辺21
市原,（株）ウイング神姫,"篠山・柏原　25, 篠山・柏原　30．直30．31．32．33．34"
市原,丹波篠山市,コミバスハートラン・Cルート
野自治会館前,神姫バス（株）,しーたんバス　城下線
東川辺北（栗待池南）,市川町,"浅野〜神崎総合病院路線, 浅野・小畑・川辺"
野,神姫バス（株）,"しーたんバス　循環線, しーたんバス　城下線"
瀬加新田,市川町,"瀬加〜神崎総合病院路線, 瀬加・川辺"
近平,市川町,瀬加〜神崎総合病院路線
段南,神姫バス（株）,しーたんバス　戸原線
奥西谷新池,市川町,甘地
播州成田山前,西脇市,ループバス「めぐリン」
播州成田山前,多可町,牧野北発西脇直行バス（のぎくバス）
播州成田山前,（株）ウイング神姫,"西脇・多可　西脇市駅〜みらいえ〜西脇〜小坂町北〜日赤病院・鍛冶屋・牧野北, 西脇・多可　西脇市駅〜（小坂町南・播州成田山前）〜日赤病院・鍛冶屋・牧野北, 西脇・多可　西脇市駅〜（小坂町南・播州成田山前）〜鍛冶屋, 西脇・多可　西脇市駅〜小坂町〜西田〜糀屋西〜多可高校口"
医療モール南,神姫バス（株）,"しーたんバス　循環線, しーたんバス　戸原線, しーたんバス　城下線"
天神下,神姫バス（株）,北条（加西市）　イオンモール加西北条〜アスティアかさい〜市立加西病院〜中富口〜明楽寺〜八千代小学校前
天神下,（株）ウイング神姫,"西脇・多可　大屋・八千代小学校前〜多可町役場・日赤病院〜多可高校口, 西脇・多可　大和〜八千代小学校前〜糀屋西〜鍛冶屋・多可高校口"
南指切上,神姫バス（株）,三田駅周辺24
本村,（株）ウイング神姫,"西脇・多可　西脇営業所・西脇市駅〜大屋, 西脇・多可　西脇営業所・西脇市駅〜あかねが丘〜大屋, 西脇・多可　大屋・八千代小学校前〜多可町役場・日赤病院〜多可高校口, 西脇・多可　大和〜八千代小学校前〜糀屋西〜鍛冶屋・多可高校口"
西脇地方合同庁舎前,西脇市,ループバス「めぐリン」
合同庁舎前,多可町,牧野北発西脇直行バス（のぎくバス）
西脇地方合同庁舎前,（株）ウイング神姫,"西脇・多可　西脇市駅〜（日野）〜曽我井〜鳥羽上・山寄上, 西脇・多可　西脇市駅〜みらいえ〜西脇〜小坂町北〜日赤病院・鍛冶屋・牧野北"
小池,加西市,万願寺線
菅谷,神姫バス（株）,姫路北部34
公会堂前,神姫バス（株）,三田駅周辺21
赤松店前,加西市,万願寺線
細田橋,（株）ウイング神姫,篠山・柏原　8
西脇東中学校前,西脇市,おりひめバス
JA城下支店,神姫バス（株）,"しーたんバス　戸原線, しーたんバス　城下線"
西脇小学校前,西脇市,ループバス「めぐリン」
西脇小学校前,（株）ウイング神姫,西脇・多可　西脇市駅〜（日野）〜曽我井〜鳥羽上・山寄上
市民センター,西脇市,ループバス「めぐリン」
市民センター,多可町,牧野北発西脇直行バス（のぎくバス）
市民センター,（株）ウイング神姫,"西脇・多可　西脇市駅〜（日野）〜曽我井〜鳥羽上・山寄上, 西脇・多可　西脇市駅〜みらいえ〜西脇〜小坂町北〜日赤病院・鍛冶屋・牧野北"
喫茶佳代前,市川町,瀬加・川辺
保健福祉センター,市川町,瀬加〜神崎総合病院路線
金谷北,神姫バス（株）,"しーたんバス　戸原線, しーたんバス　城下線"
奥集落営農センター,市川町,"浅野〜神崎総合病院路線, 甘地"
東川辺コミセン,市川町,"浅野〜神崎総合病院路線, 浅野・小畑・川辺"
高田井北,西脇市,ループバス「めぐリン」
高田井北,（株）ウイング神姫,"西脇・多可　西脇市駅〜（小坂町南・播州成田山前）〜日赤病院・鍛冶屋・牧野北, 西脇・多可　西脇市駅〜（小坂町南・播州成田山前）〜鍛冶屋, 西脇・多可　西脇市駅〜小坂町〜西田〜糀屋西〜多可高校口"
御名高下,神姫バス（株）,しーたんバス　戸原線
城の子公園前,神姫バス（株）,"しーたんバス　戸原線, しーたんバス　城下線"
金谷自治会館前,神姫バス（株）,しーたんバス　城下線
小田,加西市,万願寺線
南指切下,神姫バス（株）,三田駅周辺24
戸安,市川町,"瀬加〜神崎総合病院路線, 瀬加・川辺"
寺師,加西市,万願寺線
上戸田,西脇市,おりひめバス
西脇農協南,西脇市,ループバス「めぐリン」
甘地財産区会館,市川町,甘地
交流館,加西市,万願寺線
千本屋,（株）ウイング神姫,"山崎　55, 山崎　50"
甘地駅,市川町,"浅野〜神崎総合病院路線, 瀬加〜神崎総合病院路線"
小柿東口,神姫バス（株）,三田駅周辺21
市川町役場,市川町,"浅野〜神崎総合病院路線, 瀬加〜神崎総合病院路線, 浅野・小畑・川辺, 瀬加・川辺, 鶴居北, 鶴居南, 甘地"
日出坂北,神姫バス（株）,三田駅周辺　藍小学校〜日出坂北
野間橋,（株）ウイング神姫,"西脇・多可　西脇営業所・西脇市駅〜大屋, 西脇・多可　西脇営業所・西脇市駅〜あかねが丘〜大屋, 西脇・多可　大屋・八千代小学校前〜多可町役場・日赤病院〜多可高校口, 西脇・多可　大和〜八千代小学校前〜糀屋西〜鍛冶屋・多可高校口"
上野,西脇市,ループバス「めぐリン」
上野,多可町,牧野北発西脇直行バス（のぎくバス）
上野,（株）ウイング神姫,"西脇・多可　西脇市駅〜（日野）〜曽我井〜鳥羽上・山寄上, 西脇・多可　西脇市駅〜みらいえ〜西脇〜小坂町北〜日赤病院・鍛冶屋・牧野北"
下万公会堂前,加西市,万願寺線
芦原,（株）ウイング神姫,篠山・柏原　30．直30．31．32．33．34
美山台,（株）ウイング神姫,篠山・柏原　30．直30．31．32．33．34
上青野,神姫バス（株）,"三田駅周辺32, 新三田駅周辺32"
安志東口,神姫バス（株）,姫路北部34
瀬加郵便局前,市川町,"瀬加〜神崎総合病院路線, 瀬加・川辺"
こみせん比也野,西脇市,おりひめバス
保木,神姫バス（株）,北条（加西市）　イオンモール加西北条〜アスティアかさい〜市立加西病院〜中富口〜明楽寺〜八千代小学校前
保木,（株）ウイング神姫,"西脇・多可　西脇営業所・西脇市駅〜大屋, 西脇・多可　西脇営業所・西脇市駅〜あかねが丘〜大屋, 西脇・多可　大屋・八千代小学校前〜多可町役場・日赤病院〜多可高校口, 西脇・多可　大和〜八千代小学校前〜糀屋西〜鍛冶屋・多可高校口"
小柿中,神姫バス（株）,三田駅周辺21
東坂口,加西市,芥田線
西脇病院,西脇市,"ループバス「めぐリン」, おりひめバス"
西脇病院,多可町,牧野北発西脇直行バス（のぎくバス）
西脇病院,（株）ウイング神姫,"西脇・多可　西脇営業所・西脇市駅〜大屋, 西脇・多可　西脇営業所・西脇市駅〜あかねが丘〜大屋, 西脇・多可　西脇市駅〜（日野）〜曽我井〜鳥羽上・山寄上, 西脇・多可　西脇市駅〜みらいえ〜西脇〜小坂町北〜日赤病院・鍛冶屋・牧野北"
鹿野西,西脇市,おりひめバス
上芥田北,加西市,芥田線
鹿野,西脇市,おりひめバス
大塚,加西市,万願寺線
東本町,神姫バス（株）,"三木・小野・社　（電鉄小野駅）〜社〜（加藤市民病院）〜社高校前・三草〜西脇営業所, 津山・西脇・社　西脇営業所〜三草・社高校〜社（車庫前）, 津山・西脇・社　西脇営業所〜三草・社高校・加東市民病院〜社（車庫前）, 津山・西脇・社　（急行）西脇営業所〜御坂・新神戸駅前〜三宮, 津山・西脇・社　（急行）西脇営業所〜滝野社I．C・御坂・新神戸駅前〜三宮"
東本町,西脇市,おりひめバス
東本町,多可町,牧野北発西脇直行バス（のぎくバス）
東本町,（株）ウイング神姫,"西脇・多可　西脇営業所・西脇市駅〜大屋, 西脇・多可　西脇営業所・西脇市駅〜あかねが丘〜大屋, 西脇・多可　西脇市駅〜（日野）〜曽我井〜鳥羽上・山寄上, 西脇・多可　西脇市駅〜みらいえ〜西脇〜小坂町北〜日赤病院・鍛冶屋・牧野北, 西脇・多可　西脇営業所〜社高校前, 西脇・多可　西脇営業所〜滝野社インター〜社（車庫前）"
西脇区コミセン前,西脇市,"ループバス「めぐリン」, おりひめバス"
金谷南,神姫バス（株）,しーたんバス　城下線
乙原バレイ,神姫バス（株）,三田駅周辺24
下戸田,西脇市,おりひめバス
三森,神姫バス（株）,"姫路北部33, 姫路北部34, 姫路北部40, 姫路北部41"
上野南,神姫バス（株）,"三木・小野・社　（電鉄小野駅）〜社〜（加藤市民病院）〜社高校前・三草〜西脇営業所, 津山・西脇・社　西脇営業所〜三草・社高校〜社（車庫前）, 津山・西脇・社　西脇営業所〜三草・社高校・加東市民病院〜社（車庫前）, 津山・西脇・社　（急行）西脇営業所〜御坂・新神戸駅前〜三宮, 津山・西脇・社　（急行）西脇営業所〜滝野社I．C・御坂・新神戸駅前〜三宮"
上野南,西脇市,ループバス「めぐリン」
上野南,多可町,牧野北発西脇直行バス（のぎくバス）
上野南,（株）ウイング神姫,"西脇・多可　西脇営業所・西脇市駅〜大屋, 西脇・多可　西脇営業所・西脇市駅〜あかねが丘〜大屋, 西脇・多可　西脇市駅〜（日野）〜曽我井〜鳥羽上・山寄上, 西脇・多可　西脇市駅〜みらいえ〜西脇〜小坂町北〜日赤病院・鍛冶屋・牧野北, 西脇・多可　西脇営業所〜社高校前, 西脇・多可　西脇営業所〜滝野社インター〜社（車庫前）"
安富事務所前,神姫バス（株）,"姫路北部33, 姫路北部40, 姫路北部41"
安志,神姫バス（株）,"姫路北部31, 姫路北部32, 姫路北部33, 姫路北部40, 姫路北部41"
国見の森,神姫バス（株）,しーたんバス　城下線
御名東,神姫バス（株）,しーたんバス　戸原線
坂戸公民館下,市川町,"浅野〜神崎総合病院路線, 甘地"
和田町,西脇市,"ループバス「めぐリン」, おりひめバス"
和田町,多可町,牧野北発西脇直行バス（のぎくバス）
和田町,（株）ウイング神姫,"西脇・多可　西脇市駅〜（日野）〜曽我井〜鳥羽上・山寄上, 西脇・多可　西脇市駅〜みらいえ〜西脇〜小坂町北〜日赤病院・鍛冶屋・牧野北, 西脇・多可　西脇市駅〜（小坂町南・播州成田山前）〜日赤病院・鍛冶屋・牧野北, 西脇・多可　西脇市駅〜（小坂町南・播州成田山前）〜鍛冶屋"
高田井南,（株）ウイング神姫,"西脇・多可　西脇市駅〜（小坂町南・播州成田山前）〜日赤病院・鍛冶屋・牧野北, 西脇・多可　西脇市駅〜（小坂町南・播州成田山前）〜鍛冶屋, 西脇・多可　西脇市駅〜小坂町〜西田〜糀屋西〜多可高校口"
日出坂,神姫バス（株）,三田駅周辺　藍小学校〜日出坂北
日出坂,（株）ウイング神姫,篠山・柏原　8
畑中,市川町,"瀬加〜神崎総合病院路線, 瀬加・川辺"
上青野上,神姫バス（株）,"三田駅周辺32, 新三田駅周辺32"
上比地東,神姫バス（株）,しーたんバス　城下線
マックスバリュ,市川町,"浅野・小畑・川辺, 瀬加・川辺, 鶴居北, 鶴居南, 甘地"
西川辺,市川町,"浅野〜神崎総合病院路線, 瀬加〜神崎総合病院路線"
コメリ,市川町,"浅野・小畑・川辺, 瀬加・川辺, 鶴居北, 鶴居南, 甘地"
八幡口,加西市,万願寺線
文化センター,市川町,"浅野〜神崎総合病院路線, 瀬加〜神崎総合病院路線"
南保木,神姫バス（株）,北条（加西市）　イオンモール加西北条〜アスティアかさい〜市立加西病院〜中富口〜明楽寺〜八千代小学校前
南保木,（株）ウイング神姫,"西脇・多可　西脇営業所・西脇市駅〜大屋, 西脇・多可　西脇営業所・西脇市駅〜あかねが丘〜大屋"
西脇（アピカ）,西脇市,"ループバス「めぐリン」, おりひめバス"
西脇（アピカ）,多可町,牧野北発西脇直行バス（のぎくバス）
西脇（アピカ）,神姫バス（株）,"三木・小野・社　（電鉄小野駅）〜社〜（加藤市民病院）〜社高校前・三草〜西脇営業所, 津山・西脇・社　西脇営業所〜三草・社高校〜社（車庫前）, 津山・西脇・社　西脇営業所〜三草・社高校・加東市民病院〜社（車庫前）, 津山・西脇・社　（急行）西脇営業所〜御坂・新神戸駅前〜三宮, 津山・西脇・社　（急行）西脇営業所〜滝野社I．C・御坂・新神戸駅前〜三宮, 津山・西脇・社　電鉄小野駅〜社（車庫前）〜三草〜西脇"
西脇（アピカ）,（株）ウイング神姫,"西脇・多可　西脇営業所・西脇市駅〜大屋, 西脇・多可　西脇営業所・西脇市駅〜あかねが丘〜大屋, 西脇・多可　西脇市駅〜（日野）〜曽我井〜鳥羽上・山寄上, 西脇・多可　西脇市駅〜みらいえ〜西脇〜小坂町北〜日赤病院・鍛冶屋・牧野北, 西脇・多可　西脇市駅〜（小坂町南・播州成田山前）〜日赤病院・鍛冶屋・牧野北, 西脇・多可　西脇市駅〜（小坂町南・播州成田山前）〜鍛冶屋, 西脇・多可　西脇営業所〜社高校前, 西脇・多可　西脇営業所〜滝野社インター〜社（車庫前）"
幡尻,神姫バス（株）,三田駅周辺33
中本町,神姫バス（株）,"三木・小野・社　（電鉄小野駅）〜社〜（加藤市民病院）〜社高校前・三草〜西脇営業所, 津山・西脇・社　西脇営業所〜三草・社高校〜社（車庫前）, 津山・西脇・社　西脇営業所〜三草・社高校・加東市民病院〜社（車庫前）, 津山・西脇・社　（急行）西脇営業所〜御坂・新神戸駅前〜三宮, 津山・西脇・社　（急行）西脇営業所〜滝野社I．C・御坂・新神戸駅前〜三宮, 津山・西脇・社　電鉄小野駅〜社（車庫前）〜三草〜西脇"
中本町,（株）ウイング神姫,"西脇・多可　西脇営業所・西脇市駅〜大屋, 西脇・多可　西脇営業所・西脇市駅〜あかねが丘〜大屋, 西脇・多可　西脇営業所〜社高校前, 西脇・多可　西脇営業所〜滝野社インター〜社（車庫前）"
宮川,加西市,万願寺線
田口（集落センター）,福崎町,"巡回バス・郊外便（川西A）, 巡回バス・郊外便（川西B）"
西川辺東公民館,市川町,浅野・小畑・川辺
西川辺東,市川町,瀬加〜神崎総合病院路線
兵庫陶芸美術館,（株）ウイング神姫,篠山・柏原　30．直30．31．32．33．34
西脇市役所西,西脇市,ループバス「めぐリン」
大音所公民館前,神姫バス（株）,三田駅周辺33
上比地自治会館前,神姫バス（株）,しーたんバス　城下線
西脇営業所,神姫バス（株）,"三木・小野・社　（電鉄小野駅）〜社〜（加藤市民病院）〜社高校前・三草〜西脇営業所, 津山・西脇・社　西脇営業所〜三草・社高校〜社（車庫前）, 津山・西脇・社　西脇営業所〜三草・社高校・加東市民病院〜社（車庫前）, 津山・西脇・社　（急行）西脇営業所〜御坂・新神戸駅前〜三宮, 津山・西脇・社　（急行）西脇営業所〜滝野社I．C・御坂・新神戸駅前〜三宮"
西脇営業所,西脇市,おりひめバス
西脇営業所,（株）ウイング神姫,"西脇・多可　西脇営業所・西脇市駅〜大屋, 西脇・多可　西脇営業所・西脇市駅〜あかねが丘〜大屋, 西脇・多可　西脇営業所〜社高校前, 西脇・多可　西脇営業所〜滝野社インター〜社（車庫前）"
幡尻西,神姫バス（株）,三田駅周辺33
西脇市役所,西脇市,ループバス「めぐリン」
小柿口,神姫バス（株）,三田駅周辺21
立杭公会堂前,（株）ウイング神姫,篠山・柏原　30．直30．31．32．33．34
長野,神姫バス（株）,"姫路北部31, 姫路北部32"
中比地消防器具庫前,神姫バス（株）,しーたんバス　城下線
うすづく,神姫バス（株）,"姫路北部33, 姫路北部34, 姫路北部40, 姫路北部41"
南本町,神姫バス（株）,"三木・小野・社　（電鉄小野駅）〜社〜（加藤市民病院）〜社高校前・三草〜西脇営業所, 津山・西脇・社　西脇営業所〜三草・社高校〜社（車庫前）, 津山・西脇・社　西脇営業所〜三草・社高校・加東市民病院〜社（車庫前）, 津山・西脇・社　（急行）西脇営業所〜御坂・新神戸駅前〜三宮, 津山・西脇・社　（急行）西脇営業所〜滝野社I．C・御坂・新神戸駅前〜三宮, 津山・西脇・社　電鉄小野駅〜社（車庫前）〜三草〜西脇"
南本町,（株）ウイング神姫,"西脇・多可　西脇営業所・西脇市駅〜大屋, 西脇・多可　西脇営業所・西脇市駅〜あかねが丘〜大屋, 西脇・多可　西脇営業所〜社高校前, 西脇・多可　西脇営業所〜滝野社インター〜社（車庫前）"
上比地中,神姫バス（株）,しーたんバス　城下線
大塚木工前,加西市,万願寺線
川戸3,神姫バス（株）,しーたんバス　戸原線
中比地,神姫バス（株）,しーたんバス　城下線
城下,神姫バス（株）,しーたんバス　城下線
城下,（株）ウイング神姫,"山崎　55, 山崎　50"
セカンドグリーンタウン,神姫バス（株）,三田駅周辺24
有野橋,神姫バス（株）,"三田駅周辺32, 新三田駅周辺32"
川戸5,神姫バス（株）,しーたんバス　戸原線
陶の郷前,（株）ウイング神姫,篠山・柏原　30．直30．31．32．33．34
川戸4,神姫バス（株）,しーたんバス　戸原線
田口南,福崎町,巡回バス・郊外便（川西A）
和田新池,西脇市,ループバス「めぐリン」
杉生,猪名川町,ふれあいバス・青コース＆赤コース
杉生,阪急バス（株）,杉生線（41系統）
藍本駅前,神姫バス（株）,三田駅周辺　藍小学校〜日出坂北
藍本駅前,（株）ウイング神姫,篠山・柏原　8
北田中公民館,市川町,瀬加・川辺
北田中,市川町,瀬加〜神崎総合病院路線
上芥田公民館前,加西市,芥田線
西脇大橋,神姫バス（株）,"三木・小野・社　（電鉄小野駅）〜社〜（加藤市民病院）〜社高校前・三草〜西脇営業所, 津山・西脇・社　西脇営業所〜三草・社高校〜社（車庫前）, 津山・西脇・社　西脇営業所〜三草・社高校・加東市民病院〜社（車庫前）, 津山・西脇・社　（急行）西脇営業所〜御坂・新神戸駅前〜三宮, 津山・西脇・社　（急行）西脇営業所〜滝野社I．C・御坂・新神戸駅前〜三宮, 津山・西脇・社　電鉄小野駅〜社（車庫前）〜三草〜西脇"
西脇大橋,（株）ウイング神姫,"西脇・多可　西脇営業所・西脇市駅〜大屋, 西脇・多可　西脇営業所・西脇市駅〜あかねが丘〜大屋, 西脇・多可　西脇営業所〜社高校前, 西脇・多可　西脇営業所〜滝野社インター〜社（車庫前）"
和布町,西脇市,ループバス「めぐリン」
試験場前,（株）ウイング神姫,篠山・柏原　30．直30．31．32．33．34
青谷口,神姫バス（株）,三田駅周辺24
西脇高校北,西脇市,ループバス「めぐリン」
西脇高校北,多可町,牧野北発西脇直行バス（のぎくバス）
西脇高校北,（株）ウイング神姫,西脇・多可　西脇市駅〜みらいえ〜西脇〜小坂町北〜日赤病院・鍛冶屋・牧野北
布木,神姫バス（株）,三田駅周辺21
板坂（公民館）,福崎町,巡回バス・郊外便（川西A）
川戸2,神姫バス（株）,しーたんバス　戸原線
緑風台北,西脇市,ループバス「めぐリン」
福寿和,加西市,万願寺線
宮前,加西市,芥田線
釜坂峠口,加西市,若井線
下比地,神姫バス（株）,しーたんバス　城下線
下比地,（株）ウイング神姫,"山崎　55, 山崎　50"
長藪,加西市,芥田線
四辻,神姫バス（株）,"姫路北部33, 姫路北部34, 姫路北部40, 姫路北部41"
西脇高校前,西脇市,おりひめバス
西脇高校前,（株）ウイング神姫,"西脇・多可　西脇市駅〜（日野）〜曽我井〜鳥羽上・山寄上, 西脇・多可　西脇市駅〜（小坂町南・播州成田山前）〜日赤病院・鍛冶屋・牧野北, 西脇・多可　西脇市駅〜（小坂町南・播州成田山前）〜鍛冶屋, 西脇・多可　西脇市駅〜小坂町〜西田〜糀屋西〜多可高校口"
末廣垣内,加西市,若井線
山添,市川町,"瀬加〜神崎総合病院路線, 瀬加・川辺"
高平ふるさと交流センター,神姫バス（株）,三田駅周辺21
藍本駅,神姫バス（株）,三田駅周辺36
藍本駅,（株）ウイング神姫,篠山・柏原　8
西田中公民館,市川町,瀬加・川辺
明楽寺,神姫バス（株）,北条（加西市）　イオンモール加西北条〜アスティアかさい〜市立加西病院〜中富口〜明楽寺〜八千代小学校前
明楽寺,（株）ウイング神姫,"西脇・多可　西脇営業所・西脇市駅〜大屋, 西脇・多可　西脇営業所・西脇市駅〜あかねが丘〜大屋"
川戸1,神姫バス（株）,しーたんバス　戸原線
赤坂口,神姫バス（株）,三田駅周辺24
大島小学校前,猪名川町,ふれあいバス・青コース＆赤コース
大島小学校前,阪急バス（株）,杉生線（41系統）
高井店前,加西市,万願寺線
奥若井,加西市,若井線
木津,（株）ウイング神姫,篠山・柏原　30．直30．31．32．33．34
緑風台中央,西脇市,ループバス「めぐリン」
板坂新田北,福崎町,巡回バス・郊外便（川西A）
上青野口,神姫バス（株）,"三田駅周辺32, 新三田駅周辺32"
重春小学校前,西脇市,"ループバス「めぐリン」, おりひめバス"
重春小学校前,（株）ウイング神姫,西脇・多可　西脇営業所・西脇市駅〜あかねが丘〜大屋
北田中南,市川町,"瀬加〜神崎総合病院路線, 瀬加・川辺"
上塩野,神姫バス（株）,"姫路北部31, 姫路北部32"
下立杭,（株）ウイング神姫,篠山・柏原　30．直30．31．32．33．34
西脇高校南,西脇市,"ループバス「めぐリン」, おりひめバス"
西脇高校南,（株）ウイング神姫,西脇・多可　西脇営業所・西脇市駅〜あかねが丘〜大屋
五葉院下,神姫バス（株）,三田駅周辺　藍小学校〜日出坂北
上田中,市川町,"瀬加〜神崎総合病院路線, 瀬加・川辺"
山本店前,加西市,若井線
緑風台南,西脇市,ループバス「めぐリン」
明楽寺下,神姫バス（株）,北条（加西市）　イオンモール加西北条〜アスティアかさい〜市立加西病院〜中富口〜明楽寺〜八千代小学校前
明楽寺下,（株）ウイング神姫,"西脇・多可　西脇営業所・西脇市駅〜大屋, 西脇・多可　西脇営業所・西脇市駅〜あかねが丘〜大屋"
清水寺,（株）ウイング神姫,篠山・柏原　30．直30．31．32．33．34
板坂新田南（郵便局前）,福崎町,"巡回バス・郊外便（川西A）, 巡回バス・郊外便（川西B）"
木津西,（株）ウイング神姫,篠山・柏原　30．直30．31．32．33．34
乙原公民館前,神姫バス（株）,三田駅周辺24
藍本,神姫バス（株）,"三田駅周辺　藍小学校〜日出坂北, 三田駅周辺36"
寺谷,神姫バス（株）,"三田駅周辺32, 新三田駅周辺32"
西脇工業高校北,西脇市,おりひめバス
西脇工業高校北,多可町,牧野北発西脇直行バス（のぎくバス）
西脇工業高校北,（株）ウイング神姫,西脇・多可　西脇市駅〜みらいえ〜西脇〜小坂町北〜日赤病院・鍛冶屋・牧野北
上須磨田公民館前,神姫バス（株）,三田駅周辺33
藍の里,神姫バス（株）,三田駅周辺　藍小学校〜日出坂北
川原,神姫バス（株）,三田駅周辺21
みらいえ,西脇市,"ループバス「めぐリン」, おりひめバス"
みらいえ,多可町,牧野北発西脇直行バス（のぎくバス）
みらいえ,（株）ウイング神姫,西脇・多可　西脇市駅〜みらいえ〜西脇〜小坂町北〜日赤病院・鍛冶屋・牧野北
野村農協前,神姫バス（株）,"三木・小野・社　（電鉄小野駅）〜社〜（加藤市民病院）〜社高校前・三草〜西脇営業所, 津山・西脇・社　西脇営業所〜三草・社高校〜社（車庫前）, 津山・西脇・社　西脇営業所〜三草・社高校・加東市民病院〜社（車庫前）, 津山・西脇・社　（急行）西脇営業所〜御坂・新神戸駅前〜三宮, 津山・西脇・社　（急行）西脇営業所〜滝野社I．C・御坂・新神戸駅前〜三宮, 津山・西脇・社　電鉄小野駅〜社（車庫前）〜三草〜西脇"
野村農協前,西脇市,ループバス「めぐリン」
野村農協前,（株）ウイング神姫,"西脇・多可　西脇営業所・西脇市駅〜大屋, 西脇・多可　西脇営業所・西脇市駅〜あかねが丘〜大屋, 西脇・多可　西脇営業所〜社高校前, 西脇・多可　西脇営業所〜滝野社インター〜社（車庫前）"
前之庄,神姫バス（株）,"姫路北部51, 姫路北部52, 姫路北部53"
平木,（株）ウイング神姫,篠山・柏原　30．直30．31．32．33．34
志連田垣内,加西市,若井線
立杭南口,（株）ウイング神姫,篠山・柏原　30．直30．31．32．33．34
上道山公会堂前,加西市,万願寺線
西脇工業高校前,西脇市,ループバス「めぐリン」
西脇工業高校前,（株）ウイング神姫,"西脇・多可　西脇営業所・西脇市駅〜あかねが丘〜大屋, 西脇・多可　西脇市駅〜（日野）〜曽我井〜鳥羽上・山寄上, 西脇・多可　西脇市駅〜（小坂町南・播州成田山前）〜日赤病院・鍛冶屋・牧野北, 西脇・多可　西脇市駅〜（小坂町南・播州成田山前）〜鍛冶屋, 西脇・多可　西脇市駅〜小坂町〜西田〜糀屋西〜多可高校口"
土谷,加西市,芥田線
あかねが丘,（株）ウイング神姫,西脇・多可　西脇営業所・西脇市駅〜あかねが丘〜大屋
桜（公民館）,福崎町,巡回バス・郊外便（川西A）
野村,神姫バス（株）,"三木・小野・社　（電鉄小野駅）〜社〜（加藤市民病院）〜社高校前・三草〜西脇営業所, 津山・西脇・社　西脇営業所〜三草・社高校〜社（車庫前）, 津山・西脇・社　西脇営業所〜三草・社高校・加東市民病院〜社（車庫前）, 津山・西脇・社　（急行）西脇営業所〜御坂・新神戸駅前〜三宮, 津山・西脇・社　（急行）西脇営業所〜滝野社I．C・御坂・新神戸駅前〜三宮, 津山・西脇・社　電鉄小野駅〜社（車庫前）〜三草〜西脇"
野村,西脇市,ループバス「めぐリン」
野村,（株）ウイング神姫,"西脇・多可　西脇営業所・西脇市駅〜大屋, 西脇・多可　西脇営業所・西脇市駅〜あかねが丘〜大屋, 西脇・多可　西脇営業所〜社高校前, 西脇・多可　西脇営業所〜滝野社インター〜社（車庫前）"
藍本郵便局前,神姫バス（株）,三田駅周辺　藍小学校〜日出坂北
西脇市駅,西脇市,"ループバス「めぐリン」, おりひめバス"
西脇市駅,多可町,牧野北発西脇直行バス（のぎくバス）
西脇市駅,（株）ウイング神姫,"西脇・多可　西脇営業所・西脇市駅〜大屋, 西脇・多可　西脇営業所・西脇市駅〜あかねが丘〜大屋, 西脇・多可　西脇市駅〜（日野）〜曽我井〜鳥羽上・山寄上, 西脇・多可　西脇市駅〜みらいえ〜西脇〜小坂町北〜日赤病院・鍛冶屋・牧野北, 西脇・多可　西脇市駅〜（小坂町南・播州成田山前）〜日赤病院・鍛冶屋・牧野北, 西脇・多可　西脇市駅〜（小坂町南・播州成田山前）〜鍛冶屋, 西脇・多可　西脇市駅〜小坂町〜西田〜糀屋西〜多可高校口"
北はりま旬菜館前,西脇市,ループバス「めぐリン」
若井口,加西市,若井線
保喜,市川町,瀬加〜神崎総合病院路線
千山,加西市,万願寺線
和田垣内,加西市,若井線
尾花橋,猪名川町,ふれあいバス・青コース＆赤コース
尾花橋,阪急バス（株）,杉生線（41系統）
茜が丘東,西脇市,おりひめバス
保喜橋南詰,市川町,瀬加・川辺
林間学校,（株）ウイング神姫,篠山・柏原　30．直30．31．32．33．34
塩野,神姫バス（株）,"姫路北部31, 姫路北部32"
松ノ本北,神姫バス（株）,"姫路北部51, 姫路北部52, 姫路北部53"
合山,（株）ウイング神姫,"西脇・多可　西脇営業所・西脇市駅〜大屋, 西脇・多可　西脇営業所・西脇市駅〜あかねが丘〜大屋"
平見,（株）ウイング神姫,"山崎　55, 山崎　50"
明楽寺口,神姫バス（株）,北条（加西市）　イオンモール加西北条〜アスティアかさい〜市立加西病院〜中富口〜明楽寺〜八千代小学校前
水尾町,神姫バス（株）,北条（加西市）　イオンモール加西北条〜アスティアかさい〜市立加西病院〜中富口〜明楽寺〜八千代小学校前
水尾町,（株）ウイング神姫,"西脇・多可　西脇営業所・西脇市駅〜大屋, 西脇・多可　西脇営業所・西脇市駅〜あかねが丘〜大屋"
柳谷,加西市,芥田線
野村西,西脇市,"ループバス「めぐリン」, おりひめバス"
野村西,（株）ウイング神姫,"西脇・多可　西脇営業所・西脇市駅〜大屋, 西脇・多可　西脇営業所・西脇市駅〜あかねが丘〜大屋, 西脇・多可　西脇市駅〜（日野）〜曽我井〜鳥羽上・山寄上, 西脇・多可　西脇市駅〜みらいえ〜西脇〜小坂町北〜日赤病院・鍛冶屋・牧野北, 西脇・多可　西脇市駅〜（小坂町南・播州成田山前）〜日赤病院・鍛冶屋・牧野北, 西脇・多可　西脇市駅〜（小坂町南・播州成田山前）〜鍛冶屋, 西脇・多可　西脇市駅〜小坂町〜西田〜糀屋西〜多可高校口"
東立杭,（株）ウイング神姫,篠山・柏原　30．直30．31．32．33．34
藍本西,神姫バス（株）,三田駅周辺　藍小学校〜日出坂北
波田東,神姫バス（株）,三田駅周辺　藍小学校〜日出坂北
葛畑,神姫バス（株）,"姫路北部33, 姫路北部34, 姫路北部40, 姫路北部41"
平野口,西脇市,おりひめバス
平野口,（株）ウイング神姫,西脇・多可　西脇営業所・西脇市駅〜大屋
波田,神姫バス（株）,"三田駅周辺　藍小学校〜日出坂北, 三田駅周辺36"
中水尾,（株）ウイング神姫,"西脇・多可　西脇営業所・西脇市駅〜大屋, 西脇・多可　西脇営業所・西脇市駅〜あかねが丘〜大屋"
あかねが丘口,（株）ウイング神姫,西脇・多可　西脇営業所・西脇市駅〜あかねが丘〜大屋
山崎（二之宮神社）,福崎町,巡回バス・郊外便（川西A）
清水,（株）ウイング神姫,篠山・柏原　30．直30．31．32．33．34
乙原,神姫バス（株）,三田駅周辺24
南谷入口,加西市,芥田線
岡崎町,（株）ウイング神姫,"西脇・多可　西脇営業所・西脇市駅〜大屋, 西脇・多可　西脇営業所・西脇市駅〜あかねが丘〜大屋"
金澤三喜男宅前,加西市,万願寺線
水尾口,（株）ウイング神姫,"西脇・多可　西脇営業所・西脇市駅〜大屋, 西脇・多可　西脇営業所・西脇市駅〜あかねが丘〜大屋"
みぎわ橋,（株）ウイング神姫,西脇・多可　西脇営業所・西脇市駅〜あかねが丘〜大屋
十倉,神姫バス（株）,三田駅周辺21
丸山奥,加西市,若井線
松ノ本,神姫バス（株）,"姫路北部51, 姫路北部52, 姫路北部53"
三本松,神姫バス（株）,"三木・小野・社　（電鉄小野駅）〜社〜（加藤市民病院）〜社高校前・三草〜西脇営業所, 津山・西脇・社　西脇営業所〜三草・社高校〜社（車庫前）, 津山・西脇・社　西脇営業所〜三草・社高校・加東市民病院〜社（車庫前）, 津山・西脇・社　電鉄小野駅〜社（車庫前）〜三草〜西脇"
花みずき住宅前,（株）ウイング神姫,篠山・柏原　30．直30．31．32．33．34
下青野,神姫バス（株）,"三田駅周辺32, 新三田駅周辺32"
上王子,（株）ウイング神姫,"西脇・多可　西脇営業所・西脇市駅〜大屋, 西脇・多可　西脇営業所・西脇市駅〜あかねが丘〜大屋"
中須磨田,神姫バス（株）,三田駅周辺33
宇原5,神姫バス（株）,しーたんバス　戸原線
八坂町,（株）ウイング神姫,"西脇・多可　西脇営業所・西脇市駅〜大屋, 西脇・多可　西脇営業所・西脇市駅〜あかねが丘〜大屋"
浦所,加西市,若井線
磯崎神社前,加西市,万願寺線
下若井公会堂前,加西市,若井線
福田住宅,福崎町,"巡回バス・郊外便（川西A）, 巡回バス・郊外便（川西B）"
釜屋,（株）ウイング神姫,篠山・柏原　30．直30．31．32．33．34
長野（公民館）,福崎町,巡回バス・郊外便（川西A）
清水北,猪名川町,ふれあいバス・青コース＆赤コース
清水北,阪急バス（株）,杉生線（41系統）
間新田,（株）ウイング神姫,篠山・柏原　30．直30．31．32．33．34
農村公園前,加西市,芥田線
長野（山本商店前）,福崎町,"巡回バス・郊外便（川西A）, 巡回バス・郊外便（川西B）"
みぎわ園,（株）ウイング神姫,西脇・多可　西脇営業所・西脇市駅〜大屋
農業倉庫前,加西市,芥田線
大歳橋,加西市,若井線
山崎（立石記念碑）,福崎町,巡回バス・郊外便（川西A）
山崎東,福崎町,巡回バス・郊外便（川西A）
診療所前,加西市,"万願寺線, 若井線"
平野町,（株）ウイング神姫,西脇・多可　西脇営業所・西脇市駅〜大屋
田畑,加西市,若井線
西在田学校前,加西市,万願寺線
道山郵便局前,加西市,"万願寺線, 若井線"
宇原4,神姫バス（株）,しーたんバス　戸原線
松ノ本南,神姫バス（株）,"姫路北部51, 姫路北部52, 姫路北部53"
戸倉,神姫バス（株）,"姫路北部33, 姫路北部34, 姫路北部40, 姫路北部41"
二ヶ坂,神姫バス（株）,北条（加西市）　イオンモール加西北条〜アスティアかさい〜市立加西病院〜中富口〜明楽寺〜八千代小学校前
板波,神姫バス（株）,"津山・西脇・社　（急行）西脇営業所〜御坂・新神戸駅前〜三宮, 津山・西脇・社　（急行）西脇営業所〜滝野社I．C・御坂・新神戸駅前〜三宮"
板波,（株）ウイング神姫,"西脇・多可　西脇営業所〜社高校前, 西脇・多可　西脇営業所〜滝野社インター〜社（車庫前）"
宇原3,神姫バス（株）,しーたんバス　戸原線
宇原2,神姫バス（株）,しーたんバス　戸原線
乙原口,神姫バス（株）,三田駅周辺24
農業倉庫前,加西市,若井線
下川,加西市,芥田線
どっこいしょ前,加西市,若井線
下須磨田,神姫バス（株）,三田駅周辺33
下青野公会堂,神姫バス（株）,"三田駅周辺32, 新三田駅周辺32"
長明寺,神姫バス（株）,"三木・小野・社　（電鉄小野駅）〜社〜（加藤市民病院）〜社高校前・三草〜西脇営業所, 津山・西脇・社　西脇営業所〜三草・社高校〜社（車庫前）, 津山・西脇・社　西脇営業所〜三草・社高校・加東市民病院〜社（車庫前）, 津山・西脇・社　電鉄小野駅〜社（車庫前）〜三草〜西脇"
増田美容院前,加西市,万願寺線
下所,加西市,若井線
釜屋口,（株）ウイング神姫,篠山・柏原　30．直30．31．32．33．34
植木野,神姫バス（株）,"姫路北部31, 姫路北部32"
酒井東,神姫バス（株）,三田駅周辺21
さくらの家前,加西市,芥田線
福田（旧公民館）,福崎町,巡回バス・郊外便（川西A）
清水,猪名川町,ふれあいバス・青コース＆赤コース
清水,阪急バス（株）,杉生線（41系統）
渡場,（株）ウイング神姫,"山崎　55, 山崎　50"
奥所,加西市,若井線
下宇原1,神姫バス（株）,しーたんバス　戸原線
神谷（旧公民館前）,福崎町,巡回バス・郊外便（川西B）
福田（福崎高校西）,福崎町,巡回バス・郊外便（川西A）
桜ケ丘台,神姫バス（株）,三田駅周辺24
皿池上,加西市,芥田線
宇原1,神姫バス（株）,しーたんバス　戸原線
夢前高校前,神姫バス（株）,"姫路北部51, 姫路北部52, 姫路北部53"
井ノ口（公民館）,福崎町,巡回バス・買い物便
酒井,神姫バス（株）,三田駅周辺21
文化センター（エルデホール前）,福崎町,"巡回バス・郊外便（川西A）, 巡回バス・郊外便（川西B）, 巡回バス・まちなか便"
宇原0,神姫バス（株）,しーたんバス　戸原線
本庄小学校,神姫バス（株）,三田駅周辺33
福崎駅前,神姫バス（株）,"姫路北部84, 姫路北部86"
駅前（交通広場）,福崎町,"巡回バス・郊外便（川西A）, 巡回バス・郊外便（川西B）, 巡回バス・まちなか便"
大内上,加西市,若井線
須磨田口,神姫バス（株）,三田駅周辺33
下宇原2,神姫バス（株）,しーたんバス　戸原線
馬田東,福崎町,巡回バス・まちなか便
河内,神姫バス（株）,北条（加西市）　イオンモール加西北条〜アスティアかさい〜市立加西病院〜中富口〜明楽寺〜八千代小学校前
下青野中,神姫バス（株）,"三田駅周辺32, 新三田駅周辺32"
下宇原5,神姫バス（株）,しーたんバス　戸原線
文珠荘,福崎町,巡回バス・まちなか便
藍小学校,神姫バス（株）,"三田駅周辺　藍小学校〜日出坂北, 三田駅周辺　相野駅〜（直通）〜藍小学校"
藍小学校,（株）ウイング神姫,篠山・柏原　30．直30．31．32．33．34
高田たばこ店前,加西市,万願寺線
神積寺前,福崎町,巡回バス・まちなか便
高松,神姫バス（株）,"三木・小野・社　（電鉄小野駅）〜社〜（加藤市民病院）〜社高校前・三草〜西脇営業所, 津山・西脇・社　西脇営業所〜三草・社高校〜社（車庫前）, 津山・西脇・社　西脇営業所〜三草・社高校・加東市民病院〜社（車庫前）, 津山・西脇・社　電鉄小野駅〜社（車庫前）〜三草〜西脇"
三田西病院前,神姫バス（株）,三田駅周辺36
駅東,福崎町,巡回バス・郊外便（川西B）
工和自動車前,加西市,万願寺線
岡村,神姫バス（株）,"姫路北部51, 姫路北部52, 姫路北部53"
加治谷（公民館）,福崎町,巡回バス・買い物便
加西親栄自動車前,加西市,若井線
北野（公民館北）,福崎町,巡回バス・買い物便
駅南（吉田クリニック西）,福崎町,"巡回バス・郊外便（川西A）, 巡回バス・郊外便（川西B）"
鬼追橋,福崎町,巡回バス・まちなか便
三本,（株）ウイング神姫,篠山・柏原　30．直30．31．32．33．34
広原北,加西市,芥田線
下宇原3,神姫バス（株）,しーたんバス　戸原線
笹尾春日神社前,猪名川町,ふれあいバス・青コース＆赤コース
笹尾春日神社前,阪急バス（株）,杉生線（41系統）
大内下,加西市,若井線
緑風台,神姫バス（株）,"三田駅周辺32, 新三田駅周辺32"
田中,神姫バス（株）,三田駅周辺33
平野倉庫前,加西市,万願寺線
馬田（西正寺）,福崎町,巡回バス・まちなか便
下宇原4,神姫バス（株）,しーたんバス　戸原線
平田,神姫バス（株）,三田駅周辺24
もちむぎのやかた,福崎町,巡回バス・まちなか便
河内南口,神姫バス（株）,北条（加西市）　イオンモール加西北条〜アスティアかさい〜市立加西病院〜中富口〜明楽寺〜八千代小学校前
西相野,（株）ウイング神姫,篠山・柏原　30．直30．31．32．33．34
花折橋,神姫バス（株）,三田駅周辺21
西安,神姫バス（株）,三田駅周辺36
夢乃井,神姫バス（株）,"姫路北部51, 姫路北部53"
狭戸,神姫バス（株）,"姫路北部31, 姫路北部32"
荒神山口,神姫バス（株）,姫路北部52
新町（公民館）,福崎町,巡回バス・まちなか便
新町東,福崎町,巡回バス・まちなか便
出屋敷,福崎町,巡回バス・まちなか便
笹尾上,猪名川町,ふれあいバス・青コース＆赤コース
笹尾上,阪急バス（株）,杉生線（41系統）
辻川（公民館）,福崎町,巡回バス・買い物便
福崎新町,神姫バス（株）,"姫路北部84, 姫路北部86"
福崎小学校前,福崎町,巡回バス・まちなか便
青久寺下,神姫バス（株）,"三田駅周辺32, 新三田駅周辺32"
西相野口,（株）ウイング神姫,篠山・柏原　30．直30．31．32．33．34
大門（公民館）,福崎町,巡回バス・まちなか便
第1デイサービスセンター,福崎町,"巡回バス・郊外便（川西A）, 巡回バス・郊外便（川西B）"
砕石場前,神姫バス（株）,"姫路北部33, 姫路北部34, 姫路北部40, 姫路北部41"
荒子,神姫バス（株）,"三木・小野・社　（電鉄小野駅）〜社〜（加藤市民病院）〜社高校前・三草〜西脇営業所, 津山・西脇・社　西脇営業所〜三草・社高校〜社（車庫前）, 津山・西脇・社　西脇営業所〜三草・社高校・加東市民病院〜社（車庫前）, 津山・西脇・社　電鉄小野駅〜社（車庫前）〜三草〜西脇"
西治（北ノ岡）,福崎町,巡回バス・郊外便（川西B）
新町西（アキタケ診療所南）,福崎町,"巡回バス・郊外便（川西A）, 巡回バス・郊外便（川西B）"
西谷（大歳神社下）,福崎町,巡回バス・郊外便（川西B）
田尻（熊野神社）,福崎町,巡回バス・まちなか便
辻川観光交流センター前,福崎町,"巡回バス・郊外便（川西A）, 巡回バス・郊外便（川西B）, 巡回バス・買い物便, 巡回バス・まちなか便"
田尻,神姫バス（株）,姫路北部86
広原,加西市,"万願寺線, 芥田線"
西谷（公民館東）,福崎町,巡回バス・郊外便（川西B）
辻川南,神姫バス（株）,姫路北部86
香山,（株）ウイング神姫,"山崎　55, 山崎　50"
西谷西,福崎町,巡回バス・郊外便（川西B）
西野北（ツタヤ前）,福崎町,巡回バス・まちなか便
北野,神姫バス（株）,姫路北部86
北野,福崎町,巡回バス・まちなか便
旬彩蔵,福崎町,"巡回バス・郊外便（川西A）, 巡回バス・郊外便（川西B）, 巡回バス・まちなか便"
鈴鹿,神姫バス（株）,三田駅周辺21
アイディタウン,猪名川町,ふれあいバス・青コース＆赤コース
東本庄,神姫バス（株）,三田駅周辺33
大門東,福崎町,巡回バス・買い物便
極楽寺前,神姫バス（株）,"三田駅周辺32, 新三田駅周辺32"
新町清水（JA神飾統括前）,福崎町,"巡回バス・郊外便（川西A）, 巡回バス・郊外便（川西B）, 巡回バス・まちなか便"
曽我,神姫バス（株）,"三木・小野・社　（電鉄小野駅）〜社〜（加藤市民病院）〜社高校前・三草〜西脇営業所, 津山・西脇・社　西脇営業所〜三草・社高校〜社（車庫前）, 津山・西脇・社　西脇営業所〜三草・社高校・加東市民病院〜社（車庫前）, 津山・西脇・社　電鉄小野駅〜社（車庫前）〜三草〜西脇"
田尻住宅（ナンバ前）,福崎町,"巡回バス・郊外便（川西A）, 巡回バス・郊外便（川西B）, 巡回バス・買い物便, 巡回バス・まちなか便"
西栗栖駅,（株）ウイング神姫,てくてくバス
杉之内,神姫バス（株）,姫路北部52
北浦,神姫バス（株）,"三田駅周辺32, 新三田駅周辺32"
勝谷,神姫バス（株）,三田駅周辺33
大門（セブンイレブン前）,福崎町,巡回バス・買い物便
上野,加西市,"万願寺線, 芥田線"
西治（下庄）,福崎町,巡回バス・郊外便（川西B）
図書館,福崎町,"巡回バス・郊外便（川西A）, 巡回バス・郊外便（川西B）, 巡回バス・まちなか便"
六瀬総合センター前,猪名川町,ふれあいバス・青コース＆赤コース
六瀬総合センター前,阪急バス（株）,杉生線（41系統）
西野南（ボンマルシェ前）,福崎町,"巡回バス・郊外便（川西B）, 巡回バス・買い物便, 巡回バス・まちなか便"
上相野,神姫バス（株）,"三田駅周辺・新三田駅周辺　特急, 三田駅周辺51, 新三田駅周辺55, 新三田駅周辺51, 新三田駅周辺53"
上相野,（株）ウイング神姫,篠山・柏原　30．直30．31．32．33．34
小野,神姫バス（株）,三田駅周辺24
西大貫（信号西）,福崎町,巡回バス・買い物便
田尻南（ライフ前）,福崎町,"巡回バス・郊外便（川西A）, 巡回バス・郊外便（川西B）, 巡回バス・買い物便, 巡回バス・まちなか便"
粒子線医療センター,神姫バス（株）,姫路北部　姫路駅（北口）〜SPring-8
粒子線医療センター,（株）ウイング神姫,"相生　20．21, 相生　30．31, 相生　11．12, 相生　10．15．50＿2, 相生　16．50＿3"
西畑,神姫バス（株）,北条（加西市）　北条営業所〜西大貫〜北山田〜姫路駅前
福崎大橋東（さとう前）,福崎町,"巡回バス・郊外便（川西A）, 巡回バス・郊外便（川西B）, 巡回バス・まちなか便"
福崎町役場（サルビア会館前）,福崎町,"巡回バス・郊外便（川西A）, 巡回バス・郊外便（川西B）, 巡回バス・買い物便, 巡回バス・まちなか便"
西播磨総合リハビリセンター,（株）ウイング神姫,"てくてくバス, 相生　20．21, 相生　30．31, 相生　11．12, 相生　10．15．50＿2, 相生　16．50＿3"
西播磨総合リハビリセンター,神姫バス（株）,姫路北部　姫路駅（北口）〜SPring-8
西光寺稲荷前,神姫バス（株）,姫路北部86
神姫レストラン前,神姫バス（株）,北条（加西市）　北条営業所〜西大貫〜北山田〜姫路駅前
滑原,神姫バス（株）,"姫路北部51, 姫路北部53"
西大貫,神姫バス（株）,北条（加西市）　北条営業所〜西大貫〜北山田〜姫路駅前
西大貫（神姫バス停）,福崎町,巡回バス・買い物便
馬渡谷口,加西市,国正線
福崎警察前,神姫バス（株）,姫路北部84
SPring-8正門前,神姫バス（株）,姫路北部　姫路駅（北口）〜SPring-8
SPring-8正門前,（株）ウイング神姫,"相生　20．21, 相生　11．12, 相生　10．15．50＿2, 相生　16．50＿3"
四ッ辻,神姫バス（株）,"三田駅周辺33, 三田駅周辺36"
末西,神姫バス（株）,"三田駅周辺32, 新三田駅周辺32"
北管理棟,神姫バス（株）,姫路北部　姫路駅（北口）〜SPring-8
北管理棟,（株）ウイング神姫,"相生　20．21, 相生　11．12, 相生　10．15．50＿2, 相生　16．50＿3"
高平小学校前,神姫バス（株）,"三田駅周辺21, 三田駅周辺22"
多加野農協前,加西市,国正線
日光寺登山口,神姫バス（株）,北条（加西市）　北条営業所〜西大貫〜北山田〜姫路駅前
上岡,神姫バス（株）,姫路北部52
東大貫中,福崎町,巡回バス・買い物便
和泉,加西市,国正線
東大貫,神姫バス（株）,北条（加西市）　北条営業所〜西大貫〜北山田〜姫路駅前
東大貫（神姫バス停）,福崎町,巡回バス・買い物便
別所,神姫バス（株）,北条（加西市）　イオンモール加西北条〜アスティアかさい〜市立加西病院〜中富口〜明楽寺〜八千代小学校前
ガーデンタウン口,神姫バス（株）,"三田駅周辺・新三田駅周辺　特急, 三田駅周辺51, 新三田駅周辺55, 新三田駅周辺51, 新三田駅周辺53"
西治撰果場,福崎町,巡回バス・郊外便（川西B）
溝口,加西市,若井線
吉馬,神姫バス（株）,"三木・小野・社　（電鉄小野駅）〜社〜（加藤市民病院）〜社高校前・三草〜西脇営業所, 津山・西脇・社　西脇営業所〜三草・社高校〜社（車庫前）, 津山・西脇・社　西脇営業所〜三草・社高校・加東市民病院〜社（車庫前）, 津山・西脇・社　電鉄小野駅〜社（車庫前）〜三草〜西脇"
和泉西口,神姫バス（株）,北条（加西市）　イオンモール加西北条〜アスティアかさい〜市立加西病院〜中富口〜明楽寺〜八千代小学校前
吉田北（マルアイ前）,福崎町,"巡回バス・郊外便（川西A）, 巡回バス・郊外便（川西B）, 巡回バス・まちなか便"
滝駅前,神姫バス（株）,"津山・西脇・社　（急行）西脇営業所〜御坂・新神戸駅前〜三宮, 津山・西脇・社　（急行）西脇営業所〜滝野社I．C・御坂・新神戸駅前〜三宮"
滝駅前,（株）ウイング神姫,"西脇・多可　西脇営業所〜社高校前, 西脇・多可　西脇営業所〜滝野社インター〜社（車庫前）"
満久,神姫バス（株）,北条（加西市）　イオンモール加西北条〜アスティアかさい〜市立加西病院〜中富口〜明楽寺〜八千代小学校前
中央管理棟,神姫バス（株）,姫路北部　姫路駅（北口）〜SPring-8
中央管理棟,（株）ウイング神姫,"相生　20．21, 相生　11．12, 相生　10．15．50＿2, 相生　16．50＿3"
畑,神姫バス（株）,北条（加西市）　北条営業所〜西大貫〜北山田〜姫路駅前
槻並仁部上,猪名川町,ふれあいバス・緑コース
西野々,神姫バス（株）,北条（加西市）　イオンモール加西北条〜アスティアかさい〜市立加西病院〜中富口〜明楽寺〜八千代小学校前
林田口,猪名川町,ふれあいバス・青コース＆赤コース
林田口,阪急バス（株）,杉生線（41系統）
千尾,加西市,国正線
相野駅,神姫バス（株）,"三田駅周辺・新三田駅周辺　特急, 三田駅周辺　相野駅〜（直通）〜藍小学校, 三田駅周辺51, 新三田駅周辺55, 新三田駅周辺51, 新三田駅周辺53"
相野駅,（株）ウイング神姫,篠山・柏原　30．直30．31．32．33．34
杤原,猪名川町,ふれあいバス・青コース＆赤コース
杤原,阪急バス（株）,杉生線（41系統）
泉小学校前,加西市,"万願寺線, 芥田線"
つつじが丘南2丁目,神姫バス（株）,"三田駅周辺・新三田駅周辺　特急, 三田駅周辺51, 新三田駅周辺55, 新三田駅周辺51, 新三田駅周辺53"
西国正,加西市,国正線
香島橋,（株）ウイング神姫,"山崎　55, 山崎　50"
波豆川,神姫バス（株）,"三田駅周辺22, 三田駅周辺23"
研究開発団地,（株）ウイング神姫,"てくてくバス, 相生　20．21, 相生　30．31, 相生　10．15．50＿2, 相生　16．50＿3"
研究開発団地,神姫バス（株）,姫路北部　姫路駅（北口）〜SPring-8
槻並仁部中,猪名川町,ふれあいバス・緑コース
松下,神姫バス（株）,北条（加西市）　イオンモール加西北条〜アスティアかさい〜市立加西病院〜中富口〜明楽寺〜八千代小学校前
国正,加西市,国正線
西治,神姫バス（株）,姫路北部84
上槻瀬公民館前,神姫バス（株）,"三田駅周辺21, 三田駅周辺22"
JA在田前,加西市,"万願寺線, 芥田線, 若井線"
滝,神姫バス（株）,"津山・西脇・社　（急行）西脇営業所〜御坂・新神戸駅前〜三宮, 津山・西脇・社　（急行）西脇営業所〜滝野社I．C・御坂・新神戸駅前〜三宮"
滝,（株）ウイング神姫,"西脇・多可　西脇営業所〜社高校前, 西脇・多可　西脇営業所〜滝野社インター〜社（車庫前）"
西治（赤坂）,福崎町,巡回バス・郊外便（川西B）
吉田西（ラ・ムー前）,福崎町,"巡回バス・郊外便（川西A）, 巡回バス・郊外便（川西B）, 巡回バス・買い物便, 巡回バス・まちなか便"
塩田,神姫バス（株）,"姫路北部51, 姫路北部53"
つつじが丘北口,神姫バス（株）,"三田駅周辺・新三田駅周辺　特急, 三田駅周辺51, 新三田駅周辺55, 新三田駅周辺51, 新三田駅周辺53"
吉田東（ミナミ整形前）,福崎町,"巡回バス・郊外便（川西A）, 巡回バス・郊外便（川西B）, 巡回バス・買い物便, 巡回バス・まちなか便"
南大貫（どんど）,福崎町,巡回バス・買い物便
古知之庄,神姫バス（株）,姫路北部52
油谷,加西市,国正線
古瀬畑,神姫バス（株）,"姫路北部33, 姫路北部34, 姫路北部40, 姫路北部41"
林田,猪名川町,ふれあいバス・青コース＆赤コース
田谷,加西市,国正線
ショッピングモール前,神姫バス（株）,"三田駅周辺・新三田駅周辺　特急, 三田駅周辺51, 新三田駅周辺55, 新三田駅周辺51, 新三田駅周辺53"
八反田東（ラ・ムー西）,福崎町,巡回バス・買い物便
宇仁小学校前,加西市,国正線
奥谷口,神姫バス（株）,三田駅周辺24
SPring-8,神姫バス（株）,姫路北部　姫路駅（北口）〜SPring-8
SPring-8,（株）ウイング神姫,"相生　20．21, 相生　11．12, 相生　10．15．50＿2, 相生　16．50＿3"
長坂学校前,神姫バス（株）,"三田駅周辺33, 三田駅周辺36"
牧野,神姫バス（株）,"三木・小野・社　（電鉄小野駅）〜社〜（加藤市民病院）〜社高校前・三草〜西脇営業所, 津山・西脇・社　西脇営業所〜三草・社高校〜社（車庫前）, 津山・西脇・社　西脇営業所〜三草・社高校・加東市民病院〜社（車庫前）, 津山・西脇・社　電鉄小野駅〜社（車庫前）〜三草〜西脇"
末,神姫バス（株）,"三田駅周辺32, 新三田駅周辺32"
木間生,猪名川町,ふれあいバス・青コース＆赤コース
木間生,阪急バス（株）,杉生線（41系統）
南大貫（公民館前）,福崎町,巡回バス・買い物便
八反田（八坂神社）,福崎町,巡回バス・買い物便
大舟寺前,神姫バス（株）,"三田駅周辺22, 三田駅周辺23"
西谷,神姫バス（株）,北条（加西市）　北条営業所〜西大貫〜北山田〜姫路駅前
銀ビル前,加西市,"万願寺線, 芥田線, 若井線, 根日女線"
西光寺（公民館下）,福崎町,巡回バス・買い物便
西光寺,神姫バス（株）,姫路北部86
大川瀬東口,神姫バス（株）,"三田駅周辺51, 新三田駅周辺55, 新三田駅周辺51"
西光寺（神姫バス停）,福崎町,巡回バス・買い物便
古知之庄東,神姫バス（株）,"姫路北部51, 姫路北部53"
小学校前,神姫バス（株）,"三田駅周辺・新三田駅周辺　特急, 三田駅周辺51, 新三田駅周辺55, 新三田駅周辺51, 新三田駅周辺53"
つつじが丘南4丁目,神姫バス（株）,"三田駅周辺・新三田駅周辺　特急, 三田駅周辺51, 新三田駅周辺55, 新三田駅周辺51, 新三田駅周辺53"
まえだクリニック前,加西市,根日女線
中富口,神姫バス（株）,北条（加西市）　イオンモール加西北条〜アスティアかさい〜市立加西病院〜中富口〜明楽寺〜八千代小学校前
中富口,加西市,"市街地線, 万願寺線, 芥田線, 若井線, 根日女線"
猪名川グリーンランド,猪名川町,ふれあいバス・青コース＆赤コース
下相野公民館前,神姫バス（株）,"新三田駅周辺55, 新三田駅周辺53"
高橋（官舎下）,福崎町,巡回バス・郊外便（川西B）
西光寺（児童公園北）,福崎町,巡回バス・買い物便
東国正,加西市,国正線
南大貫,神姫バス（株）,北条（加西市）　北条営業所〜西大貫〜北山田〜姫路駅前
野上,加西市,国正線
井之口,神姫バス（株）,"姫路北部31, 姫路北部32"
上槻瀬,神姫バス（株）,"三田駅周辺21, 三田駅周辺22"
千本駅,（株）ウイング神姫,てくてくバス
滝野,神姫バス（株）,"津山・西脇・社　（急行）西脇営業所〜御坂・新神戸駅前〜三宮, 津山・西脇・社　（急行）西脇営業所〜滝野社I．C・御坂・新神戸駅前〜三宮"
滝野,（株）ウイング神姫,"西脇・多可　西脇営業所〜社高校前, 西脇・多可　西脇営業所〜滝野社インター〜社（車庫前）"
西光寺（墓地駐車場）,福崎町,巡回バス・買い物便
糸田北口,神姫バス（株）,姫路北部52
高橋,神姫バス（株）,姫路北部84
猪名川グリーンランド上,猪名川町,ふれあいバス・青コース＆赤コース
芦田橋,神姫バス（株）,"姫路北部33, 姫路北部34, 姫路北部40, 姫路北部41"
高橋（橋ノ本）,福崎町,巡回バス・郊外便（川西B）
余田新田（塚本）,福崎町,巡回バス・買い物便
殿原,神姫バス（株）,北条（加西市）　イオンモール加西北条〜アスティアかさい〜市立加西病院〜中富口〜明楽寺〜八千代小学校前
殿原,加西市,市街地線
ふるさと館,猪名川町,ふれあいバス・青コース＆赤コース
千本,（株）ウイング神姫,"てくてくバス, 相生　20．21"
長目北,福崎町,巡回バス・買い物便
長坂,神姫バス（株）,"三田駅周辺33, 三田駅周辺36"
木津上,猪名川町,ふれあいバス・青コース＆赤コース
木津上,阪急バス（株）,杉生線（41系統）
大川瀬大滝,神姫バス（株）,"三田駅周辺51, 新三田駅周辺55, 新三田駅周辺51"
伊加立,（株）ウイング神姫,"てくてくバス, 相生　20．21"
余田新田,神姫バス（株）,北条（加西市）　北条営業所〜西大貫〜北山田〜姫路駅前
南大貫西（神姫バス停）,福崎町,巡回バス・買い物便
末東,神姫バス（株）,"三田駅周辺32, 新三田駅周辺32"
中島南,福崎町,巡回バス・買い物便
波豆川公民館前,神姫バス（株）,"三田駅周辺22, 三田駅周辺23"
中富,加西市,市街地線
播磨高原東中学校前,（株）ウイング神姫,"相生　10．15．50＿2, 相生　16．50＿3"
滝野農協前,神姫バス（株）,"津山・西脇・社　（急行）西脇営業所〜御坂・新神戸駅前〜三宮, 津山・西脇・社　（急行）西脇営業所〜滝野社I．C・御坂・新神戸駅前〜三宮"
滝野農協前,（株）ウイング神姫,"西脇・多可　西脇営業所〜社高校前, 西脇・多可　西脇営業所〜滝野社インター〜社（車庫前）"
大川瀬,神姫バス（株）,"三田駅周辺51, 新三田駅周辺55, 新三田駅周辺51"
谷,神姫バス（株）,北条（加西市）　北条営業所〜西大貫〜北山田〜姫路駅前
西播磨総合庁舎東,（株）ウイング神姫,"相生　10．15．50＿2, 相生　16．50＿3"
下槻瀬,神姫バス（株）,"三田駅周辺21, 三田駅周辺22"
丸山,神姫バス（株）,"姫路北部51, 姫路北部53"
末東口,神姫バス（株）,"三田駅周辺32, 新三田駅周辺32"
長目南,福崎町,巡回バス・買い物便
鴨谷,神姫バス（株）,北条（加西市）　イオンモール加西北条〜アスティアかさい〜市立加西病院〜中富口〜明楽寺〜八千代小学校前
鴨谷,加西市,市街地線
バーズタウン口,神姫バス（株）,"姫路北部41, 姫路北部42"
福栖,（株）ウイング神姫,"てくてくバス, 相生　20．21"
西播磨総合庁舎西,（株）ウイング神姫,"てくてくバス, 相生　20．21, 相生　30．31, 相生　10．15．50＿2, 相生　16．50＿3"
西播磨総合庁舎西,神姫バス（株）,姫路北部　姫路駅（北口）〜SPring-8
末野,神姫バス（株）,"三田駅周辺32, 新三田駅周辺32"
栗町,（株）ウイング神姫,"てくてくバス, 相生　20．21"
置塩サービスセンター前,神姫バス（株）,姫路北部52
大畑,神姫バス（株）,"三田駅周辺33, 三田駅周辺36"
護塚橋,神姫バス（株）,"姫路北部33, 姫路北部34, 姫路北部40, 姫路北部41, 姫路北部42"
光都バスセンター,（株）ウイング神姫,"てくてくバス, 相生　11．12, 相生　10．15．50＿2"
光都バスセンター,上郡町,鞍居・光都線
光都バスセンター,神姫バス（株）,姫路北部　姫路駅（北口）〜SPring-8
上佐曽利,阪急バス（株）,武田尾線（1・2・3・5・10・11・31系統）
吉島,（株）ウイング神姫,"山崎　55, 山崎　50"
東山上,猪名川町,ふれあいバス・緑コース
槻並西,猪名川町,ふれあいバス・緑コース
松山,神姫バス（株）,"姫路北部31, 姫路北部32"
木津,猪名川町,"ふれあいバス・青コース＆赤コース, ふれあいバス・緑コース"
木津,阪急バス（株）,杉生線（41系統）
波豆川口,神姫バス（株）,"三田駅周辺22, 三田駅周辺23"
八千種小学校,神姫バス（株）,北条（加西市）　北条営業所〜西大貫〜北山田〜姫路駅前
大坂峠,神姫バス（株）,"三田駅周辺22, 三田駅周辺23"
槻並久保丁,猪名川町,ふれあいバス・緑コース
三草小学校,神姫バス（株）,"三木・小野・社　（電鉄小野駅）〜社〜（加藤市民病院）〜社高校前・三草〜西脇営業所, 津山・西脇・社　西脇営業所〜三草・社高校〜社（車庫前）, 津山・西脇・社　西脇営業所〜三草・社高校・加東市民病院〜社（車庫前）, 津山・西脇・社　電鉄小野駅〜社（車庫前）〜三草〜西脇"
鴨谷南,神姫バス（株）,北条（加西市）　イオンモール加西北条〜アスティアかさい〜市立加西病院〜中富口〜明楽寺〜八千代小学校前
鴨谷南,加西市,市街地線
バーズタウン二丁目,神姫バス（株）,"姫路北部41, 姫路北部42"
八千種小学校前,福崎町,巡回バス・買い物便
花山院,神姫バス（株）,三田駅周辺24
上中島,神姫バス（株）,姫路北部86
上中島（神姫バス停）,福崎町,巡回バス・買い物便
溝口,神姫バス（株）,"新三田駅周辺47, 新三田駅周辺53"
糸田,神姫バス（株）,"姫路北部51, 姫路北部52, 姫路北部53"
東山中,猪名川町,ふれあいバス・緑コース
民田口,阪急バス（株）,西能勢線（73、74、76、77系統）
第二テクノ31番,神姫バス（株）,新三田駅周辺47
芝生広場,（株）ウイング神姫,てくてくバス
芝生広場,上郡町,鞍居・光都線
芝生広場,神姫バス（株）,姫路北部　姫路駅（北口）〜SPring-8
宮西,神姫バス（株）,北条（加西市）　北条営業所〜西大貫〜北山田〜姫路駅前
都染北,加西市,国正線
北条,神姫バス（株）,津山・西脇・社　（特急）津山駅〜北条〜新大阪駅〜大阪駅
芝生広場（播磨科学公園都市）,（株）ウイング神姫,"相生　20．21, 相生　30．31, 相生　11．12, 相生　10．15．50＿2, 相生　16．50＿3"
高速北条バス停前,加西市,市街地線
木器北,神姫バス（株）,"三田駅周辺22, 三田駅周辺23"
角亀,（株）ウイング神姫,"てくてくバス, 相生　20．21"
北野,神姫バス（株）,"津山・西脇・社　（急行）西脇営業所〜御坂・新神戸駅前〜三宮, 津山・西脇・社　（急行）西脇営業所〜滝野社I．C・御坂・新神戸駅前〜三宮"
北野,（株）ウイング神姫,"西脇・多可　西脇営業所〜社高校前, 西脇・多可　西脇営業所〜滝野社インター〜社（車庫前）"
大畑口,神姫バス（株）,"三田駅周辺33, 三田駅周辺36"
尼寺北口,神姫バス（株）,三田駅周辺24
槻並大橋,猪名川町,ふれあいバス・緑コース
東栗栖小学校,（株）ウイング神姫,"てくてくバス, 相生　20．21"
バーズタウン三丁目,神姫バス（株）,"姫路北部41, 姫路北部42"
上佐曽利南口,阪急バス（株）,武田尾線（1・2・3・5・10・11・31系統）
第二テクノ28番,神姫バス（株）,新三田駅周辺47
三草保育園,神姫バス（株）,"三木・小野・社　（電鉄小野駅）〜社〜（加藤市民病院）〜社高校前・三草〜西脇営業所, 津山・西脇・社　西脇営業所〜三草・社高校〜社（車庫前）, 津山・西脇・社　西脇営業所〜三草・社高校・加東市民病院〜社（車庫前）, 津山・西脇・社　電鉄小野駅〜社（車庫前）〜三草〜西脇"
溝口北口,神姫バス（株）,姫路北部84
滝野社インター,神姫バス（株）,"津山・西脇・社　（急行）西脇営業所〜滝野社I．C・御坂・新神戸駅前〜三宮, 津山・西脇・社　（急行）社（車庫前）〜新大阪駅〜大阪駅, 北条（加西市）　アスティアかさい〜新大阪駅・大阪駅"
滝野社インター,加東市,加東市乗合タクシー「伝タク」
滝野社インター,（株）ウイング神姫,西脇・多可　西脇営業所〜滝野社インター〜社（車庫前）
千軒,阪急バス（株）,西能勢線（73、74、76、77系統）
木器,神姫バス（株）,"三田駅周辺21, 三田駅周辺22, 三田駅周辺23"
第二テクノ37番,神姫バス（株）,新三田駅周辺47
加西インター,神姫バス（株）,北条（加西市）　アスティアかさい〜新大阪駅・大阪駅
東山,猪名川町,ふれあいバス・緑コース
切詰,神姫バス（株）,"三田駅周辺21, 三田駅周辺22, 三田駅周辺23"
山田口,神姫バス（株）,"姫路北部31, 姫路北部32"
伊丹市民健康村口,神姫バス（株）,"三田駅周辺22, 三田駅周辺23"
切詰北,神姫バス（株）,"三田駅周辺21, 三田駅周辺22, 三田駅周辺23"
天満神社前,神姫バス（株）,"三田駅周辺22, 三田駅周辺23"
余田（公民館）,福崎町,巡回バス・買い物便
塚本,神姫バス（株）,"姫路北部33, 姫路北部34, 姫路北部40, 姫路北部41, 姫路北部42"
テクノ東,神姫バス（株）,"新三田駅周辺47, 新三田駅周辺53"
笠屋,神姫バス（株）,"北条（加西市）　フラワーセンター南門前〜北条営業所〜南山田〜姫路駅前, 北条（加西市）　北条営業所〜南山田〜江鮒団地〜マリア病院〜姫路駅前, 北条（加西市）　北条営業所〜西大貫〜北山田〜姫路駅前"
山田,神姫バス（株）,"三田駅周辺21, 三田駅周辺22, 三田駅周辺23"
広野北,神姫バス（株）,新三田駅周辺47
中木津,猪名川町,"ふれあいバス・青コース＆赤コース, ふれあいバス・緑コース"
中木津,阪急バス（株）,杉生線（41系統）
庄村稲荷口,神姫バス（株）,北条（加西市）　北条営業所〜西大貫〜北山田〜姫路駅前
庄稲荷口南,福崎町,巡回バス・買い物便
泉,神姫バス（株）,北条（加西市）　アスティアかさい〜新大阪駅・大阪駅
本町西,神姫バス（株）,"北条（加西市）　フラワーセンター南門前〜北条営業所〜南山田〜姫路駅前, 北条（加西市）　北条営業所〜南山田〜江鮒団地〜マリア病院〜姫路駅前, 北条（加西市）　北条営業所〜西大貫〜北山田〜姫路駅前"
第二テクノ39番,神姫バス（株）,新三田駅周辺47
JA北条富田,加西市,市街地線
都染,加西市,国正線
イオンモール加西北条,神姫バス（株）,"北条（加西市）　フラワーセンター南門前〜北条営業所〜南山田〜姫路駅前, 北条（加西市）　北条営業所〜南山田〜江鮒団地〜マリア病院〜姫路駅前, 北条（加西市）　北条営業所〜西大貫〜北山田〜姫路駅前, 北条（加西市）　イオンモール加西北条〜アスティアかさい〜市立加西病院〜中富口〜明楽寺〜八千代小学校前"
イオンモール加西北条,加西市,"市街地線, 国正線, 九会線, フラワーセンター線, soraかさい線"
バーズタウン,神姫バス（株）,"姫路北部41, 姫路北部42"
テクノ中央,（株）ウイング神姫,"てくてくバス, 相生　20．21, 相生　30．31, 相生　11．12, 相生　10．15．50＿2, 相生　16．50＿3"
テクノ中央,上郡町,鞍居・光都線
テクノ中央,神姫バス（株）,姫路北部　姫路駅（北口）〜SPring-8
尼寺,神姫バス（株）,三田駅周辺24
テクノ公園,神姫バス（株）,"新三田駅周辺47, 新三田駅周辺53"
大沢上,神姫バス（株）,姫路北部86
庄（公民館東）,福崎町,巡回バス・買い物便
住宅前,神姫バス（株）,"北条（加西市）　フラワーセンター南門前〜北条営業所〜南山田〜姫路駅前, 北条（加西市）　北条営業所〜南山田〜江鮒団地〜マリア病院〜姫路駅前"
庄（城谷医院前）,福崎町,巡回バス・買い物便
千本口,阪急バス（株）,武田尾線（1・2・3・5・10・11・31系統）
三草橋,神姫バス（株）,"三木・小野・社　（電鉄小野駅）〜社〜（加藤市民病院）〜社高校前・三草〜西脇営業所, 津山・西脇・社　西脇営業所〜三草・社高校〜社（車庫前）, 津山・西脇・社　西脇営業所〜三草・社高校・加東市民病院〜社（車庫前）, 津山・西脇・社　電鉄小野駅〜社（車庫前）〜三草〜西脇"
市之瀬口,神姫バス（株）,"三田駅周辺21, 三田駅周辺22, 三田駅周辺23"
本町東,神姫バス（株）,"北条（加西市）　フラワーセンター南門前〜北条営業所〜南山田〜姫路駅前, 北条（加西市）　北条営業所〜南山田〜江鮒団地〜マリア病院〜姫路駅前, 北条（加西市）　北条営業所〜西大貫〜北山田〜姫路駅前"
木津八幡神社前,猪名川町,ふれあいバス・青コース＆赤コース
木津八幡神社前,阪急バス（株）,杉生線（41系統）
古坂,加西市,市街地線
第二テクノ入口,神姫バス（株）,新三田駅周辺47
下野,（株）ウイング神姫,"山崎　55, 山崎　50"
広野大橋,神姫バス（株）,"三田駅周辺32, 三田駅周辺33, 三田駅周辺36, 新三田駅周辺32"
横尾,神姫バス（株）,"三木・小野・社　アスティアかさい〜社町駅〜やしろショッピングパークBio前〜嬉野台生涯教育センター, 北条（加西市）　フラワーセンター南門前〜北条営業所〜南山田〜姫路駅前, 北条（加西市）　北条営業所〜南山田〜江鮒団地〜マリア病院〜姫路駅前, 北条（加西市）　北条営業所〜西大貫〜北山田〜姫路駅前, 北条（加西市）　イオンモール加西北条〜アスティアかさい〜市立加西病院〜中富口〜明楽寺〜八千代小学校前"
楠,上郡町,赤松線
上山下,神姫バス（株）,"姫路北部31, 姫路北部32"
荒木北口,神姫バス（株）,"姫路北部33, 姫路北部34, 姫路北部40, 姫路北部41, 姫路北部42"
アスティアかさい,神姫バス（株）,"三木・小野・社　アスティアかさい〜社町駅〜やしろショッピングパークBio前〜嬉野台生涯教育センター, 北条（加西市）　フラワーセンター南門前〜北条営業所〜南山田〜姫路駅前, 北条（加西市）　北条営業所〜南山田〜江鮒団地〜マリア病院〜姫路駅前, 北条（加西市）　北条営業所〜西大貫〜北山田〜姫路駅前, 北条（加西市）　イオンモール加西北条〜アスティアかさい〜市立加西病院〜中富口〜明楽寺〜八千代小学校前, 北条（加西市）　北条営業所〜アスティアかさい〜東高室〜細工所北口〜宝殿駅北口, 北条（加西市）　アスティアかさい〜新大阪駅・大阪駅, 北条（加西市）　北条営業所〜アスティアかさい〜播磨農高前〜細工所北口〜宝殿駅北口"
アスティアかさい,加西市,"市街地線, 国正線, 九会線, フラワーセンター線, soraかさい線"
テクノパーク,神姫バス（株）,"三田駅周辺・新三田駅周辺　特急, 新三田駅周辺41, 新三田駅周辺47, 新三田駅周辺53"
広野,神姫バス（株）,"三田駅周辺32, 新三田駅周辺32"
宮前橋,猪名川町,ふれあいバス・緑コース
猪名川町スポーツセンター前,猪名川町,ふれあいバス・青コース＆赤コース
猪名川町スポーツセンター前,阪急バス（株）,杉生線（41系統）
テクノ北,神姫バス（株）,"新三田駅周辺41, 新三田駅周辺47"
テクノ中央,神姫バス（株）,"新三田駅周辺41, 新三田駅周辺47"
大沢,神姫バス（株）,姫路北部86
黒川ダリヤ園,阪急バス（株）,妙見口能勢線（5、6系統）
小倉,福崎町,巡回バス・買い物便
八幡口,神姫バス（株）,姫路北部86
広野駅前,神姫バス（株）,"三田駅周辺32, 新三田駅周辺32"
県立大理学部前,（株）ウイング神姫,"相生　20．21, 相生　11．12, 相生　10．15．50＿2, 相生　16．50＿3"
上中,神姫バス（株）,"津山・西脇・社　（急行）西脇営業所〜御坂・新神戸駅前〜三宮, 津山・西脇・社　（急行）西脇営業所〜滝野社I．C・御坂・新神戸駅前〜三宮"
上中,（株）ウイング神姫,"西脇・多可　西脇営業所〜社高校前, 西脇・多可　西脇営業所〜滝野社インター〜社（車庫前）"
三田西インター,神姫バス（株）,"新三田駅周辺41, 新三田駅周辺47"
横尾南,神姫バス（株）,"三木・小野・社　アスティアかさい〜社町駅〜やしろショッピングパークBio前〜嬉野台生涯教育センター, 北条（加西市）　フラワーセンター南門前〜北条営業所〜南山田〜姫路駅前, 北条（加西市）　北条営業所〜南山田〜江鮒団地〜マリア病院〜姫路駅前, 北条（加西市）　北条営業所〜西大貫〜北山田〜姫路駅前, 北条（加西市）　イオンモール加西北条〜アスティアかさい〜市立加西病院〜中富口〜明楽寺〜八千代小学校前, 北条（加西市）　北条営業所〜アスティアかさい〜東高室〜細工所北口〜宝殿駅北口, 北条（加西市）　北条営業所〜アスティアかさい〜播磨農高前〜細工所北口〜宝殿駅北口"
横尾南,加西市,"市街地線, 国正線, 九会線, フラワーセンター線, soraかさい線"
市役所正面口,神姫バス（株）,北条（加西市）　イオンモール加西北条〜アスティアかさい〜市立加西病院〜中富口〜明楽寺〜八千代小学校前
下三草,神姫バス（株）,"三木・小野・社　（電鉄小野駅）〜社〜（加藤市民病院）〜社高校前・三草〜西脇営業所, 津山・西脇・社　西脇営業所〜三草・社高校〜社（車庫前）, 津山・西脇・社　西脇営業所〜三草・社高校・加東市民病院〜社（車庫前）, 津山・西脇・社　電鉄小野駅〜社（車庫前）〜三草〜西脇"
庄西垣内,福崎町,巡回バス・買い物便
加西市役所正門口,加西市,"市街地線, 国正線, 九会線"
宮脇口,神姫バス（株）,姫路北部86
川池,神姫バス（株）,"三田駅周辺21, 三田駅周辺22, 三田駅周辺23"
鍛冶屋,神姫バス（株）,北条（加西市）　北条営業所〜西大貫〜北山田〜姫路駅前
広野口,神姫バス（株）,"三田駅周辺32, 三田駅周辺33, 三田駅周辺36, 新三田駅周辺32"
又坂,神姫バス（株）,"姫路北部51, 姫路北部52, 姫路北部53"
溝口,神姫バス（株）,姫路北部84
三仏山,神姫バス（株）,三田駅周辺24
加西市役所前,神姫バス（株）,"三木・小野・社　アスティアかさい〜社町駅〜やしろショッピングパークBio前〜嬉野台生涯教育センター, 北条（加西市）　フラワーセンター南門前〜北条営業所〜南山田〜姫路駅前, 北条（加西市）　北条営業所〜南山田〜江鮒団地〜マリア病院〜姫路駅前, 北条（加西市）　北条営業所〜西大貫〜北山田〜姫路駅前, 北条（加西市）　北条営業所〜アスティアかさい〜東高室〜細工所北口〜宝殿駅北口, 北条（加西市）　アスティアかさい〜新大阪駅・大阪駅, 北条（加西市）　北条営業所〜アスティアかさい〜播磨農高前〜細工所北口〜宝殿駅北口"
加西市役所前,加西市,"市街地線, 国正線, 九会線, soraかさい線"
古坂7丁目,加西市,市街地線
黒川公民館,阪急バス（株）,妙見口能勢線（5、6系統）
下佐曽利,阪急バス（株）,武田尾線（1・2・3・5・10・11・31系統）
テクノ西,神姫バス（株）,"新三田駅周辺41, 新三田駅周辺47"
テクノ南,神姫バス（株）,"新三田駅周辺41, 新三田駅周辺47"
鍛冶屋（地蔵堂）,福崎町,巡回バス・買い物便
上中第二公園,加東市,加東市乗合タクシー「伝タク」
しんぐう総合センター,（株）ウイング神姫,"たつの市コミュニティバス　兵庫県龍野庁舎ルート, たつの市コミュニティバス　令和跨線橋ルート, たつの市コミュニティバス　はつらつセンタールート, たつの市コミュニティバス　日山ルート, たつの市コミュニティバス　龍野北高校ルート, たつの市コミュニティバス　本竜野駅北進ルート"
黒川,阪急バス（株）,妙見口能勢線（8系統）
古坂3丁目,神姫バス（株）,"三木・小野・社　アスティアかさい〜社町駅〜やしろショッピングパークBio前〜嬉野台生涯教育センター, 北条（加西市）　フラワーセンター南門前〜北条営業所〜南山田〜姫路駅前, 北条（加西市）　北条営業所〜南山田〜江鮒団地〜マリア病院〜姫路駅前, 北条（加西市）　北条営業所〜西大貫〜北山田〜姫路駅前, 北条（加西市）　イオンモール加西北条〜アスティアかさい〜市立加西病院〜中富口〜明楽寺〜八千代小学校前, 北条（加西市）　北条営業所〜アスティアかさい〜東高室〜細工所北口〜宝殿駅北口, 北条（加西市）　アスティアかさい〜新大阪駅・大阪駅, 北条（加西市）　北条営業所〜アスティアかさい〜播磨農高前〜細工所北口〜宝殿駅北口"
古坂3丁目,加西市,"市街地線, 国正線, 九会線, soraかさい線"
加茂,神姫バス（株）,"三田駅周辺32, 三田駅周辺33, 三田駅周辺34, 三田駅周辺36"
万善,猪名川町,ふれあいバス・青コース＆赤コース
万善,阪急バス（株）,杉生線（41系統）
坂元,神姫バス（株）,"北条（加西市）　フラワーセンター南門前〜北条営業所〜南山田〜姫路駅前, 北条（加西市）　北条営業所〜南山田〜江鮒団地〜マリア病院〜姫路駅前"
加西ハイツ西,加西市,"市街地線, 国正線, 九会線"
光都サッカー場,（株）ウイング神姫,"相生　20．21, 相生　11．12, 相生　10．15．50＿2, 相生　16．50＿3"
市立加西病院,神姫バス（株）,北条（加西市）　イオンモール加西北条〜アスティアかさい〜市立加西病院〜中富口〜明楽寺〜八千代小学校前
加西病院,加西市,"市街地線, 国正線, 九会線"
健康福祉会館,加西市,"市街地線, 国正線, 九会線"
マックスバリュ社店,加東市,加東市乗合タクシー「伝タク」
荒木,神姫バス（株）,"姫路北部33, 姫路北部34, 姫路北部40, 姫路北部41, 姫路北部42"
丸山バイパス,神姫バス（株）,"北条（加西市）　北条営業所〜アスティアかさい〜東高室〜細工所北口〜宝殿駅北口, 北条（加西市）　北条営業所〜アスティアかさい〜播磨農高前〜細工所北口〜宝殿駅北口"
広野小学校前,神姫バス（株）,"三田駅周辺32, 三田駅周辺34, 新三田駅周辺32"
加西ハイツ中央,加西市,"市街地線, 国正線, 九会線"
玉野西口,神姫バス（株）,三木・小野・社　アスティアかさい〜社町駅〜やしろショッピングパークBio前〜嬉野台生涯教育センター
玉野西口,加西市,国正線
ハイツ市住前,加西市,"市街地線, 国正線, 九会線"
上井沢,神姫バス（株）,"三田駅周辺32, 新三田駅周辺32, 新三田駅周辺55, 新三田駅周辺47"
健康福祉会館,神姫バス（株）,北条（加西市）　イオンモール加西北条〜アスティアかさい〜市立加西病院〜中富口〜明楽寺〜八千代小学校前
玉野,神姫バス（株）,三木・小野・社　アスティアかさい〜社町駅〜やしろショッピングパークBio前〜嬉野台生涯教育センター
玉野,加西市,国正線
玉丘町,神姫バス（株）,"三木・小野・社　アスティアかさい〜社町駅〜やしろショッピングパークBio前〜嬉野台生涯教育センター, 北条（加西市）　フラワーセンター南門前〜北条営業所〜南山田〜姫路駅前, 北条（加西市）　北条営業所〜南山田〜江鮒団地〜マリア病院〜姫路駅前, 北条（加西市）　北条営業所〜西大貫〜北山田〜姫路駅前, 北条（加西市）　北条営業所〜アスティアかさい〜東高室〜細工所北口〜宝殿駅北口, 北条（加西市）　北条営業所〜アスティアかさい〜播磨農高前〜細工所北口〜宝殿駅北口"
玉丘町,加西市,"国正線, soraかさい線"
丸山バイパス,加西市,"九会線, フラワーセンター線"
西別府,神姫バス（株）,三木・小野・社　アスティアかさい〜社町駅〜やしろショッピングパークBio前〜嬉野台生涯教育センター
西別府,加西市,国正線
加東市民病院口,神姫バス（株）,"津山・西脇・社　（急行）西脇営業所〜御坂・新神戸駅前〜三宮, 津山・西脇・社　（急行）西脇営業所〜滝野社I．C・御坂・新神戸駅前〜三宮"
加東市民病院口,（株）ウイング神姫,"西脇・多可　西脇営業所〜社高校前, 西脇・多可　西脇営業所〜滝野社インター〜社（車庫前）"
大谷,神姫バス（株）,"姫路北部31, 姫路北部32"
平野,（株）ウイング神姫,"てくてくバス, 相生　20．21"
小元団地,加東市,加東市乗合タクシー「伝タク」
山枝,神姫バス（株）,三木・小野・社　アスティアかさい〜社町駅〜やしろショッピングパークBio前〜嬉野台生涯教育センター
山枝,加西市,国正線
船津御立,神姫バス（株）,姫路北部86
加東市民病院,加東市,加東市乗合タクシー「伝タク」
加東市民病院,神姫バス（株）,"三田駅周辺10, 三木・小野・社　（電鉄小野駅）〜社〜（加藤市民病院）〜社高校前・三草〜西脇営業所, 津山・西脇・社　西脇営業所〜三草・社高校・加東市民病院〜社（車庫前）, 津山・西脇・社　社（車庫前）〜加東市民病院・社高校・天神・渡瀬〜三田駅, 津山・西脇・社　社町駅〜やしろショッピングパークBio前〜加東市民病院〜嬉野台生涯教育センター〜天神"
別府,加西市,国正線
別府,神姫バス（株）,"姫路北部71, 三木・小野・社　アスティアかさい〜社町駅〜やしろショッピングパークBio前〜嬉野台生涯教育センター"
新下内神,神姫バス（株）,新三田駅周辺55
槻並南,猪名川町,ふれあいバス・緑コース
下中橋,阪急バス（株）,武田尾線（1・2・3・5・10・11・31系統）
県立大附属高校前,（株）ウイング神姫,"相生　20．21, 相生　30．31, 相生　11．12, 相生　10．15．50＿2, 相生　16．50＿3"
新中内神,神姫バス（株）,新三田駅周辺55
丸山公園前,神姫バス（株）,"北条（加西市）　北条営業所〜アスティアかさい〜東高室〜細工所北口〜宝殿駅北口, 北条（加西市）　北条営業所〜アスティアかさい〜播磨農高前〜細工所北口〜宝殿駅北口"
ふれあいしんぐう,（株）ウイング神姫,"てくてくバス, 相生　20．21"
加茂東,神姫バス（株）,"三田駅周辺32, 三田駅周辺33, 三田駅周辺34, 三田駅周辺36"
藤田東口,神姫バス（株）,"三田駅周辺10, 三木・小野・社　（電鉄小野駅）〜社〜（加藤市民病院）〜社高校前・三草〜西脇営業所, 三木・小野・社12, 津山・西脇・社　西脇営業所〜三草・社高校〜社（車庫前）, 津山・西脇・社　西脇営業所〜三草・社高校・加東市民病院〜社（車庫前）, 津山・西脇・社　電鉄小野駅〜社（車庫前）〜三草〜西脇, 津山・西脇・社　やしろショッピングパークBio前〜社高校・天神・渡瀬〜三田駅, 津山・西脇・社　社（車庫前）〜加東市民病院・社高校・天神・渡瀬〜三田駅, 三田駅周辺13＿2"
須丸谷,神姫バス（株）,新三田駅周辺55
ケーブル黒川駅,阪急バス（株）,"妙見口能勢線（5、6系統）, 妙見口能勢線（8系統）"
東別府,神姫バス（株）,"姫路北部71, 三木・小野・社　アスティアかさい〜社町駅〜やしろショッピングパークBio前〜嬉野台生涯教育センター"
沢谷口,神姫バス（株）,新三田駅周辺55
播磨新宮駅,（株）ウイング神姫,"たつの市コミュニティバス　兵庫県龍野庁舎ルート, たつの市コミュニティバス　令和跨線橋ルート, たつの市コミュニティバス　はつらつセンタールート, たつの市コミュニティバス　日山ルート, たつの市コミュニティバス　龍野北高校ルート, たつの市コミュニティバス　本竜野駅北進ルート, てくてくバス"
志手原,神姫バス（株）,"三田駅周辺21, 三田駅周辺22, 三田駅周辺23, 三田駅周辺24"
新宮駅,（株）ウイング神姫,"相生　20．21, 山崎　55, 山崎　50"
東別府口,神姫バス（株）,"姫路北部71, 三木・小野・社　アスティアかさい〜社町駅〜やしろショッピングパークBio前〜嬉野台生涯教育センター"
玉丘史跡公園,神姫バス（株）,"北条（加西市）　フラワーセンター南門前〜北条営業所〜南山田〜姫路駅前, 北条（加西市）　北条営業所〜南山田〜江鮒団地〜マリア病院〜姫路駅前, 北条（加西市）　北条営業所〜西大貫〜北山田〜姫路駅前, 北条（加西市）　北条営業所〜アスティアかさい〜東高室〜細工所北口〜宝殿駅北口, 北条（加西市）　北条営業所〜アスティアかさい〜播磨農高前〜細工所北口〜宝殿駅北口"
下久米,神姫バス（株）,"三田駅周辺10, 三木・小野・社12, 津山・西脇・社　やしろショッピングパークBio前〜社高校・天神・渡瀬〜三田駅, 津山・西脇・社　社（車庫前）〜加東市民病院・社高校・天神・渡瀬〜三田駅, 三田駅周辺13＿2"
玉丘史跡公園前,加西市,soraかさい線
宮ノ下,神姫バス（株）,"三田駅周辺10, 三木・小野・社12, 津山・西脇・社　やしろショッピングパークBio前〜社高校・天神・渡瀬〜三田駅, 津山・西脇・社　社（車庫前）〜加東市民病院・社高校・天神・渡瀬〜三田駅, 三田駅周辺13＿2"
丸山公園前,加西市,"九会線, フラワーセンター線"
社小学校,神姫バス（株）,"三田駅周辺10, 三木・小野・社　（電鉄小野駅）〜社〜（加藤市民病院）〜社高校前・三草〜西脇営業所, 三木・小野・社　アスティアかさい〜社町駅〜やしろショッピングパークBio前〜嬉野台生涯教育センター, 三木・小野・社12, 津山・西脇・社　西脇営業所〜三草・社高校〜社（車庫前）, 津山・西脇・社　西脇営業所〜三草・社高校・加東市民病院〜社（車庫前）, 津山・西脇・社　電鉄小野駅〜社（車庫前）〜三草〜西脇, 津山・西脇・社　やしろショッピングパークBio前〜社高校・天神・渡瀬〜三田駅, 津山・西脇・社　社（車庫前）〜加東市民病院・社高校・天神・渡瀬〜三田駅, 津山・西脇・社　社町駅〜やしろショッピングパークBio前〜加東市民病院〜嬉野台生涯教育センター〜天神, 津山・西脇・社　やしろショッピングパークBio前〜嬉野台生涯教育センター〜天神, 三田駅周辺13＿2, 三田駅周辺14＿2"
社小学校,（株）ウイング神姫,西脇・多可　西脇営業所〜社高校前
千鳥ヶ丘公園,加東市,加東市乗合タクシー「伝タク」
下久米西口,神姫バス（株）,"三田駅周辺10, 三木・小野・社12, 津山・西脇・社　やしろショッピングパークBio前〜社高校・天神・渡瀬〜三田駅, 津山・西脇・社　社（車庫前）〜加東市民病院・社高校・天神・渡瀬〜三田駅, 三田駅周辺13＿2"
宗元,神姫バス（株）,"姫路北部33, 姫路北部34, 姫路北部40, 姫路北部41, 姫路北部42"
針工場前,神姫バス（株）,"三田駅周辺10, 三木・小野・社12, 津山・西脇・社　やしろショッピングパークBio前〜社高校・天神・渡瀬〜三田駅, 津山・西脇・社　社（車庫前）〜加東市民病院・社高校・天神・渡瀬〜三田駅, 三田駅周辺13＿2"
社町駅,神姫バス（株）,"姫路北部71, 三田駅周辺10, 三木・小野・社　アスティアかさい〜社町駅〜やしろショッピングパークBio前〜嬉野台生涯教育センター, 津山・西脇・社　社町駅〜やしろショッピングパークBio前〜加東市民病院〜嬉野台生涯教育センター〜天神, 三田駅周辺13＿2, 三田駅周辺14＿2"
高速社,神姫バス（株）,"津山・西脇・社　（急行）社（車庫前）〜新大阪駅〜大阪駅, 北条（加西市）　アスティアかさい〜新大阪駅・大阪駅"
青野ヶ原,神姫バス（株）,"姫路北部71, 三木・小野・社　アスティアかさい〜社町駅〜やしろショッピングパークBio前〜嬉野台生涯教育センター"
下井沢,神姫バス（株）,"三田駅周辺32, 新三田駅周辺32, 新三田駅周辺47"
吉野,神姫バス（株）,"北条（加西市）　フラワーセンター南門前〜北条営業所〜南山田〜姫路駅前, 北条（加西市）　北条営業所〜南山田〜江鮒団地〜マリア病院〜姫路駅前"
上久米西口,神姫バス（株）,"三田駅周辺10, 三木・小野・社12, 津山・西脇・社　やしろショッピングパークBio前〜社高校・天神・渡瀬〜三田駅, 津山・西脇・社　社（車庫前）〜加東市民病院・社高校・天神・渡瀬〜三田駅, 三田駅周辺13＿2"
伏見台五丁目,猪名川町,"ふれあいバス・黄コース1便, ふれあいバス・黄コース"
社上本町,神姫バス（株）,"三田駅周辺10, 三木・小野・社　（電鉄小野駅）〜社〜（加藤市民病院）〜社高校前・三草〜西脇営業所, 三木・小野・社　アスティアかさい〜社町駅〜やしろショッピングパークBio前〜嬉野台生涯教育センター, 三木・小野・社12, 津山・西脇・社　西脇営業所〜三草・社高校〜社（車庫前）, 津山・西脇・社　西脇営業所〜三草・社高校・加東市民病院〜社（車庫前）, 津山・西脇・社　（急行）西脇営業所〜御坂・新神戸駅前〜三宮, 津山・西脇・社　（急行）西脇営業所〜滝野社I．C・御坂・新神戸駅前〜三宮, 津山・西脇・社　電鉄小野駅〜社（車庫前）〜三草〜西脇, 津山・西脇・社　やしろショッピングパークBio前〜社高校・天神・渡瀬〜三田駅, 津山・西脇・社　社（車庫前）〜加東市民病院・社高校・天神・渡瀬〜三田駅, 津山・西脇・社　社町駅〜やしろショッピングパークBio前〜加東市民病院〜嬉野台生涯教育センター〜天神, 津山・西脇・社　やしろショッピングパークBio前〜嬉野台生涯教育センター〜天神, 三田駅周辺13＿2, 三田駅周辺14＿2"
社上本町,（株）ウイング神姫,"西脇・多可　西脇営業所〜社高校前, 西脇・多可　西脇営業所〜滝野社インター〜社（車庫前）"
河野原橋東詰,上郡町,赤松線
河高,神姫バス（株）,"姫路北部71, 三田駅周辺10, 三木・小野・社　アスティアかさい〜社町駅〜やしろショッピングパークBio前〜嬉野台生涯教育センター, 津山・西脇・社　社町駅〜やしろショッピングパークBio前〜加東市民病院〜嬉野台生涯教育センター〜天神, 三田駅周辺13＿2, 三田駅周辺14＿2"
高岡,神姫バス（株）,"姫路北部71, 三木・小野・社　アスティアかさい〜社町駅〜やしろショッピングパークBio前〜嬉野台生涯教育センター"
ゆりのき台公園前,神姫バス（株）,"新三田駅周辺44, 新三田駅周辺　急143, 新三田駅周辺　急145"
槻並口,猪名川町,ふれあいバス・緑コース
川床口,猪名川町,ふれあいバス・青コース＆赤コース
川床口,阪急バス（株）,杉生線（41系統）
加東市役所,加東市,加東市乗合タクシー「伝タク」
アーケードショップ,加東市,加東市乗合タクシー「伝タク」
船津小学校,神姫バス（株）,姫路北部86
上久米大日前,神姫バス（株）,"三田駅周辺10, 三木・小野・社12, 津山・西脇・社　やしろショッピングパークBio前〜社高校・天神・渡瀬〜三田駅, 津山・西脇・社　社（車庫前）〜加東市民病院・社高校・天神・渡瀬〜三田駅, 津山・西脇・社　社町駅〜やしろショッピングパークBio前〜加東市民病院〜嬉野台生涯教育センター〜天神, 津山・西脇・社　やしろショッピングパークBio前〜嬉野台生涯教育センター〜天神, 三田駅周辺13＿2"
多田,神姫バス（株）,北条（加西市）　北条営業所〜西大貫〜北山田〜姫路駅前
西垂水,神姫バス（株）,"姫路北部71, 三田駅周辺10, 三木・小野・社　アスティアかさい〜社町駅〜やしろショッピングパークBio前〜嬉野台生涯教育センター, 津山・西脇・社　社町駅〜やしろショッピングパークBio前〜加東市民病院〜嬉野台生涯教育センター〜天神, 三田駅周辺13＿2, 三田駅周辺14＿2"
社郵便局前,神姫バス（株）,"三田駅周辺10, 三木・小野・社　（電鉄小野駅）〜社〜（加藤市民病院）〜社高校前・三草〜西脇営業所, 三木・小野・社　アスティアかさい〜社町駅〜やしろショッピングパークBio前〜嬉野台生涯教育センター, 三木・小野・社12, 津山・西脇・社　西脇営業所〜三草・社高校〜社（車庫前）, 津山・西脇・社　西脇営業所〜三草・社高校・加東市民病院〜社（車庫前）, 津山・西脇・社　電鉄小野駅〜社（車庫前）〜三草〜西脇, 津山・西脇・社　やしろショッピングパークBio前〜社高校・天神・渡瀬〜三田駅, 津山・西脇・社　社（車庫前）〜加東市民病院・社高校・天神・渡瀬〜三田駅, 津山・西脇・社　社町駅〜やしろショッピングパークBio前〜加東市民病院〜嬉野台生涯教育センター〜天神, 津山・西脇・社　やしろショッピングパークBio前〜嬉野台生涯教育センター〜天神, 三田駅周辺13＿2, 三田駅周辺14＿2"
社郵便局前,（株）ウイング神姫,西脇・多可　西脇営業所〜社高校前
テクノ大橋北,（株）ウイング神姫,"相生　20．21, 相生　30．31, 相生　11．12, 相生　10．15．50＿2, 相生　16．50＿3"
六九谷,神姫バス（株）,"姫路北部31, 姫路北部32"
伏見台四丁目,猪名川町,"ふれあいバス・黄コース1便, ふれあいバス・黄コース"
北条営業所,神姫バス（株）,"北条（加西市）　フラワーセンター南門前〜北条営業所〜南山田〜姫路駅前, 北条（加西市）　北条営業所〜南山田〜江鮒団地〜マリア病院〜姫路駅前, 北条（加西市）　北条営業所〜西大貫〜北山田〜姫路駅前, 北条（加西市）　北条営業所〜アスティアかさい〜東高室〜細工所北口〜宝殿駅北口, 北条（加西市）　北条営業所〜アスティアかさい〜播磨農高前〜細工所北口〜宝殿駅北口"
北条営業所,加西市,soraかさい線
嬉野温泉口,神姫バス（株）,"三田駅周辺10, 三木・小野・社12, 津山・西脇・社　やしろショッピングパークBio前〜社高校・天神・渡瀬〜三田駅, 津山・西脇・社　社（車庫前）〜加東市民病院・社高校・天神・渡瀬〜三田駅, 三田駅周辺13＿2"
久米,神姫バス（株）,"三田駅周辺10, 三木・小野・社12, 津山・西脇・社　やしろショッピングパークBio前〜社高校・天神・渡瀬〜三田駅, 津山・西脇・社　社（車庫前）〜加東市民病院・社高校・天神・渡瀬〜三田駅, 三田駅周辺13＿2"
新宮東口,（株）ウイング神姫,"山崎　55, 山崎　50"
新宮公民館,（株）ウイング神姫,"たつの市コミュニティバス　兵庫県龍野庁舎ルート, たつの市コミュニティバス　令和跨線橋ルート, たつの市コミュニティバス　はつらつセンタールート, たつの市コミュニティバス　日山ルート, たつの市コミュニティバス　龍野北高校ルート, たつの市コミュニティバス　本竜野駅北進ルート"
ゆりのき台郵便局前,神姫バス（株）,"三田駅周辺・新三田駅周辺　特急, 新三田駅周辺44, 新三田駅周辺　急143, 新三田駅周辺　急145"
高室,神姫バス（株）,北条（加西市）　北条営業所〜アスティアかさい〜播磨農高前〜細工所北口〜宝殿駅北口
新貝原,神姫バス（株）,"姫路北部71, 三田駅周辺10, 三木・小野・社　アスティアかさい〜社町駅〜やしろショッピングパークBio前〜嬉野台生涯教育センター, 津山・西脇・社　社町駅〜やしろショッピングパークBio前〜加東市民病院〜嬉野台生涯教育センター〜天神, 三田駅周辺13＿2, 三田駅周辺14＿2"
金出地,（株）ウイング神姫,"てくてくバス, 相生　30．31"
金出地,上郡町,鞍居・光都線
長谷公民館前,阪急バス（株）,武田尾線（1・2・3・5・10・11・31系統）
東野上,神姫バス（株）,"三田駅周辺32, 三田駅周辺33, 三田駅周辺34, 三田駅周辺36"
三田営業所,神姫バス（株）,新三田駅周辺　急143
鳥居,神姫バス（株）,"姫路北部71, 三田駅周辺10, 三木・小野・社　アスティアかさい〜社町駅〜やしろショッピングパークBio前〜嬉野台生涯教育センター, 津山・西脇・社　社町駅〜やしろショッピングパークBio前〜加東市民病院〜嬉野台生涯教育センター〜天神, 三田駅周辺13＿2, 三田駅周辺14＿2"
岩部,神姫バス（株）,姫路北部84
農林水産技術総合センター前,神姫バス（株）,姫路北部71
西高室,神姫バス（株）,北条（加西市）　北条営業所〜アスティアかさい〜東高室〜細工所北口〜宝殿駅北口
西高室,加西市,"九会線, フラワーセンター線"
伏見池公園前,猪名川町,"ふれあいバス・黄コース1便, ふれあいバス・黄コース"
伏見池公園前,阪急バス（株）,日生ニュータウン線（63、64、65系統）
今井病院,猪名川町,"ふれあいバス・青コース＆赤コース, ふれあいバス・緑コース"
宝地ヶ鼻,阪急バス（株）,武田尾線（1・2・3・5・10・11・31系統）
庄上,神姫バス（株）,"姫路北部51, 姫路北部52, 姫路北部53"
平谷大橋,神姫バス（株）,"三田駅周辺・新三田駅周辺　特急, 新三田駅周辺44, 新三田駅周辺　急143, 新三田駅周辺　急145"
加東市商工会館,加東市,加東市乗合タクシー「伝タク」
屏風岩,猪名川町,"ふれあいバス・青コース＆赤コース, ふれあいバス・緑コース"
屏風岩,阪急バス（株）,杉生線（41系統）
ゆりのき台4丁目,神姫バス（株）,"三田駅周辺・新三田駅周辺　特急, 新三田駅周辺41, 新三田駅周辺43, 新三田駅周辺63"
大村,神姫バス（株）,"姫路北部33, 姫路北部34, 姫路北部40, 姫路北部41, 姫路北部42"
嫁ヶ渕,神姫バス（株）,"三田駅周辺32, 新三田駅周辺47"
神姫バス（株）社案内所,加東市,加東市乗合タクシー「伝タク」
伏見台三丁目,猪名川町,"ふれあいバス・黄コース1便, ふれあいバス・黄コース"
伏見台三丁目,阪急バス（株）,日生ニュータウン線（63、64、65系統）
深谷,阪急バス（株）,西能勢線（73、74、76、77系統）
林田八幡神社,神姫バス（株）,姫路北部32
社（車庫前）,神姫バス（株）,"姫路北部71, 三田駅周辺10, 三木・小野・社　（電鉄小野駅）〜社〜（加藤市民病院）〜社高校前・三草〜西脇営業所, 三木・小野・社　三宮〜神戸福産団地〜押部谷駅前〜三木営業所〜社, 三木・小野・社　アスティアかさい〜社町駅〜やしろショッピングパークBio前〜嬉野台生涯教育センター, 三木・小野・社12, 津山・西脇・社　西脇営業所〜三草・社高校〜社（車庫前）, 津山・西脇・社　西脇営業所〜三草・社高校・加東市民病院〜社（車庫前）, 津山・西脇・社　（急行）西脇営業所〜御坂・新神戸駅前〜三宮, 津山・西脇・社　（急行）西脇営業所〜滝野社I．C・御坂・新神戸駅前〜三宮, 津山・西脇・社　（急行）社（車庫前）〜新大阪駅〜大阪駅, 津山・西脇・社　電鉄小野駅〜社（車庫前）〜三草〜西脇, 津山・西脇・社　社（車庫前）〜三木〜明石駅, 津山・西脇・社　やしろショッピングパークBio前〜社高校・天神・渡瀬〜三田駅, 津山・西脇・社　社（車庫前）〜加東市民病院・社高校・天神・渡瀬〜三田駅, 津山・西脇・社　社町駅〜やしろショッピングパークBio前〜加東市民病院〜嬉野台生涯教育センター〜天神, 津山・西脇・社　やしろショッピングパークBio前〜嬉野台生涯教育センター〜天神, 三田駅周辺13＿2, 三田駅周辺14＿2"
社（車庫前）,（株）ウイング神姫,"西脇・多可　西脇営業所〜社高校前, 西脇・多可　西脇営業所〜滝野社インター〜社（車庫前）"
上久米朝光寺口,神姫バス（株）,"三田駅周辺10, 三木・小野・社12, 津山・西脇・社　やしろショッピングパークBio前〜社高校・天神・渡瀬〜三田駅, 津山・西脇・社　社（車庫前）〜加東市民病院・社高校・天神・渡瀬〜三田駅, 津山・西脇・社　社町駅〜やしろショッピングパークBio前〜加東市民病院〜嬉野台生涯教育センター〜天神, 津山・西脇・社　やしろショッピングパークBio前〜嬉野台生涯教育センター〜天神, 三田駅周辺13＿2"
県総合庁舎前,神姫バス（株）,"姫路北部71, 三田駅周辺10, 三木・小野・社　アスティアかさい〜社町駅〜やしろショッピングパークBio前〜嬉野台生涯教育センター, 津山・西脇・社　（急行）社（車庫前）〜新大阪駅〜大阪駅, 津山・西脇・社　社町駅〜やしろショッピングパークBio前〜加東市民病院〜嬉野台生涯教育センター〜天神, 三田駅周辺13＿2, 三田駅周辺14＿2"
社裁判所前,神姫バス（株）,"三田駅周辺10, 三木・小野・社　（電鉄小野駅）〜社〜（加藤市民病院）〜社高校前・三草〜西脇営業所, 三木・小野・社　アスティアかさい〜社町駅〜やしろショッピングパークBio前〜嬉野台生涯教育センター, 三木・小野・社12, 津山・西脇・社　西脇営業所〜三草・社高校〜社（車庫前）, 津山・西脇・社　西脇営業所〜三草・社高校・加東市民病院〜社（車庫前）, 津山・西脇・社　電鉄小野駅〜社（車庫前）〜三草〜西脇, 津山・西脇・社　やしろショッピングパークBio前〜社高校・天神・渡瀬〜三田駅, 津山・西脇・社　社（車庫前）〜加東市民病院・社高校・天神・渡瀬〜三田駅, 津山・西脇・社　社町駅〜やしろショッピングパークBio前〜加東市民病院〜嬉野台生涯教育センター〜天神, 津山・西脇・社　やしろショッピングパークBio前〜嬉野台生涯教育センター〜天神, 三田駅周辺13＿2, 三田駅周辺14＿2"
社裁判所前,（株）ウイング神姫,西脇・多可　西脇営業所〜社高校前
兵庫県信用組合南,加東市,加東市乗合タクシー「伝タク」
戸谷宮前,（株）ウイング神姫,"てくてくバス, 相生　30．31"
戸谷宮前,上郡町,鞍居・光都線
成谷口,神姫バス（株）,"新三田駅周辺・三田駅周辺20, 三田駅周辺21, 三田駅周辺22, 三田駅周辺23, 三田駅周辺24, 三田駅周辺25"
龍野北高校,（株）ウイング神姫,"たつの市コミュニティバス　令和跨線橋ルート, たつの市コミュニティバス　龍野北高校ルート"
やしろショッピングパークBio前,神姫バス（株）,"姫路北部71, 三田駅周辺10, 三木・小野・社　アスティアかさい〜社町駅〜やしろショッピングパークBio前〜嬉野台生涯教育センター, 三木・小野・社12, 津山・西脇・社　（急行）社（車庫前）〜新大阪駅〜大阪駅, 津山・西脇・社　やしろショッピングパークBio前〜社高校・天神・渡瀬〜三田駅, 津山・西脇・社　社町駅〜やしろショッピングパークBio前〜加東市民病院〜嬉野台生涯教育センター〜天神, 津山・西脇・社　やしろショッピングパークBio前〜嬉野台生涯教育センター〜天神, 三田駅周辺13＿2, 三田駅周辺14＿2"
ゆりのき台3丁目北,神姫バス（株）,"新三田駅周辺48, 新三田駅周辺　急145, 新三田駅周辺45, 新三田駅周辺46, 新三田駅周辺55, 新三田駅周辺63"
丸山,神姫バス（株）,三田駅周辺25
虫尾公会堂前,神姫バス（株）,新三田駅周辺・三田駅周辺20
ローソン社嬉野店,加東市,加東市乗合タクシー「伝タク」
加東市役所南,神姫バス（株）,"三田駅周辺10, 三木・小野・社　（電鉄小野駅）〜社〜（加藤市民病院）〜社高校前・三草〜西脇営業所, 三木・小野・社　アスティアかさい〜社町駅〜やしろショッピングパークBio前〜嬉野台生涯教育センター, 三木・小野・社12, 津山・西脇・社　西脇営業所〜三草・社高校〜社（車庫前）, 津山・西脇・社　西脇営業所〜三草・社高校・加東市民病院〜社（車庫前）, 津山・西脇・社　電鉄小野駅〜社（車庫前）〜三草〜西脇, 津山・西脇・社　やしろショッピングパークBio前〜社高校・天神・渡瀬〜三田駅, 津山・西脇・社　社（車庫前）〜加東市民病院・社高校・天神・渡瀬〜三田駅, 津山・西脇・社　社町駅〜やしろショッピングパークBio前〜加東市民病院〜嬉野台生涯教育センター〜天神, 津山・西脇・社　やしろショッピングパークBio前〜嬉野台生涯教育センター〜天神, 三田駅周辺13＿2, 三田駅周辺14＿2"
加東市役所南,（株）ウイング神姫,西脇・多可　西脇営業所〜社高校前
船津上野,神姫バス（株）,姫路北部86
イオン社店,加東市,加東市乗合タクシー「伝タク」
けやき台6丁目,神姫バス（株）,"三田駅周辺・新三田駅周辺　特急, 三田駅周辺32, 新三田駅周辺44, 新三田駅周辺　急143, 新三田駅周辺　急145"
社高校前,神姫バス（株）,"三田駅周辺10, 三木・小野・社　（電鉄小野駅）〜社〜（加藤市民病院）〜社高校前・三草〜西脇営業所, 三木・小野・社　アスティアかさい〜社町駅〜やしろショッピングパークBio前〜嬉野台生涯教育センター, 三木・小野・社12, 津山・西脇・社　西脇営業所〜三草・社高校〜社（車庫前）, 津山・西脇・社　西脇営業所〜三草・社高校・加東市民病院〜社（車庫前）, 津山・西脇・社　電鉄小野駅〜社（車庫前）〜三草〜西脇, 津山・西脇・社　やしろショッピングパークBio前〜社高校・天神・渡瀬〜三田駅, 津山・西脇・社　社（車庫前）〜加東市民病院・社高校・天神・渡瀬〜三田駅, 津山・西脇・社　社町駅〜やしろショッピングパークBio前〜加東市民病院〜嬉野台生涯教育センター〜天神, 津山・西脇・社　やしろショッピングパークBio前〜嬉野台生涯教育センター〜天神, 三田駅周辺13＿2, 三田駅周辺14＿2"
社高校前,（株）ウイング神姫,西脇・多可　西脇営業所〜社高校前
三濃山トンネル北,（株）ウイング神姫,"相生　10．15．50＿2, 相生　16．50＿3"
大井,猪名川町,"ふれあいバス・青コース＆赤コース, ふれあいバス・緑コース"
大井,阪急バス（株）,杉生線（41系統）
香下西口,神姫バス（株）,三田駅周辺25
ゆりのき台3丁目,神姫バス（株）,"三田駅周辺・新三田駅周辺　特急, 新三田駅周辺41, 新三田駅周辺48, 新三田駅周辺43, 新三田駅周辺46, 新三田駅周辺55, 新三田駅周辺53, 新三田駅周辺63"
関西学院大学,神姫バス（株）,"三田駅周辺・新三田駅周辺　特急, 新三田駅周辺・三田駅周辺73, 新三田駅周辺48, 新三田駅周辺46, 新三田駅周辺55, 新三田駅周辺・三田駅周辺70, 新三田駅周辺63"
茶屋の木,神姫バス（株）,三田駅周辺25
東高室,神姫バス（株）,北条（加西市）　北条営業所〜アスティアかさい〜東高室〜細工所北口〜宝殿駅北口
東高室,加西市,"九会線, フラワーセンター線"
八幡,神姫バス（株）,姫路北部32
美山台三丁目,阪急バス（株）,日生ニュータウン線（63、64、65系統）
上野台中学,神姫バス（株）,"新三田駅周辺・三田駅周辺20, 三田駅周辺21, 三田駅周辺22, 三田駅周辺23, 三田駅周辺24, 三田駅周辺25"
香呂,神姫バス（株）,姫路北部84
明治館,加東市,加東市乗合タクシー「伝タク」
長谷南,阪急バス（株）,武田尾線（1・2・3・5・10・11・31系統）
常吉,神姫バス（株）,姫路北部71
伏見台二丁目,猪名川町,"ふれあいバス・黄コース1便, ふれあいバス・黄コース"
伏見台二丁目,阪急バス（株）,日生ニュータウン線（63、64、65系統）
桜が丘北,神姫バス（株）,新三田駅周辺・三田駅周辺20
宮置,神姫バス（株）,"姫路北部51, 姫路北部52, 姫路北部53"
カリヨンの丘,阪急バス（株）,日生ニュータウン線（63、64、65系統）
北山田,神姫バス（株）,北条（加西市）　北条営業所〜西大貫〜北山田〜姫路駅前
西野上,神姫バス（株）,"三田駅周辺32, 新三田駅周辺47"
宝塚自然の家前,阪急バス（株）,武田尾線（1・2・3・5・10・11・31系統）
Bio南ターミナル,加東市,加東市乗合タクシー「伝タク」
野尻,（株）ウイング神姫,"てくてくバス, 相生　30．31"
野尻,上郡町,鞍居・光都線
かさい愛菜館,加西市,soraかさい線
砂子,（株）ウイング神姫,"たつの市コミュニティバス　兵庫県龍野庁舎ルート, たつの市コミュニティバス　令和跨線橋ルート, たつの市コミュニティバス　はつらつセンタールート, たつの市コミュニティバス　日山ルート, たつの市コミュニティバス　本竜野駅北進ルート, 山崎　55, 山崎　50"
口佐見,神姫バス（株）,姫路北部32
けやき台5丁目,神姫バス（株）,"三田駅周辺・新三田駅周辺　特急, 新三田駅周辺　急143, 新三田駅周辺　急145"
北田原,猪名川町,"ふれあいバス・青コース＆赤コース, ふれあいバス・緑コース"
北田原,阪急バス（株）,杉生線（41系統）
学園3丁目,神姫バス（株）,"三田駅周辺11, 新三田駅周辺48, 新三田駅周辺　急145, 新三田駅周辺45, 新三田駅周辺46, 新三田駅周辺55, 新三田駅周辺11, 新三田駅周辺・三田駅周辺70, 新三田駅周辺63"
福島,神姫バス（株）,"三田駅周辺32, 三田駅周辺33, 三田駅周辺34, 三田駅周辺36"
ひろのが丘,加東市,加東市乗合タクシー「伝タク」
中村公民館前,神姫バス（株）,"姫路北部51, 姫路北部52, 姫路北部53"
北田原東口,猪名川町,"ふれあいバス・青コース＆赤コース, ふれあいバス・緑コース"
北田原東口,阪急バス（株）,杉生線（41系統）
中野東口,神姫バス（株）,姫路北部86
香下,神姫バス（株）,三田駅周辺25
播磨農高前,加西市,"九会線, フラワーセンター線"
播磨農高前,神姫バス（株）,北条（加西市）　北条営業所〜アスティアかさい〜播磨農高前〜細工所北口〜宝殿駅北口
ボンマルシェ社店,加東市,加東市乗合タクシー「伝タク」
上久米東口,神姫バス（株）,"三田駅周辺10, 三木・小野・社12, 津山・西脇・社　やしろショッピングパークBio前〜社高校・天神・渡瀬〜三田駅, 津山・西脇・社　社（車庫前）〜加東市民病院・社高校・天神・渡瀬〜三田駅, 津山・西脇・社　社町駅〜やしろショッピングパークBio前〜加東市民病院〜嬉野台生涯教育センター〜天神, 津山・西脇・社　やしろショッピングパークBio前〜嬉野台生涯教育センター〜天神, 三田駅周辺13＿2"
有馬富士公園前,神姫バス（株）,新三田駅周辺・三田駅周辺20
丸山台三丁目,阪急バス（株）,日生ニュータウン線（63、64、65系統）
伏見台配水池前,猪名川町,"ふれあいバス・黄コース1便, ふれあいバス・黄コース"
伏見台配水池前,阪急バス（株）,日生ニュータウン線（63、64、65系統）
稲谷,阪急バス（株）,武田尾線（1・2・3・5・10・11・31系統）
三田西陵高校前,神姫バス（株）,"三田駅周辺・新三田駅周辺　特急, 新三田駅周辺41, 新三田駅周辺48, 新三田駅周辺43, 新三田駅周辺45, 新三田駅周辺46, 新三田駅周辺55, 新三田駅周辺53, 新三田駅周辺63"
けやき台5丁目北,神姫バス（株）,新三田駅周辺44
西市場,神姫バス（株）,姫路北部31
長原,阪急バス（株）,西能勢線（73、74、76、77系統）
東部,阪急バス（株）,武田尾線（1・2・3・5・10・11・31系統）
赤松,上郡町,赤松線
虫尾,神姫バス（株）,"新三田駅周辺・三田駅周辺20, 三田駅周辺21, 三田駅周辺22, 三田駅周辺23, 三田駅周辺24, 三田駅周辺25"
けやき台小学校前,神姫バス（株）,"新三田駅周辺・三田駅周辺3, 三田駅周辺3-2, 新三田駅周辺43, 新三田駅周辺　急143, 新三田駅周辺　急145, 新三田駅周辺45"
香下峠,神姫バス（株）,三田駅周辺25
関西学院前,神姫バス（株）,"三田駅周辺・新三田駅周辺　特急, 三田駅周辺11, 新三田駅周辺48, 新三田駅周辺　急145, 新三田駅周辺45, 新三田駅周辺46, 新三田駅周辺55, 新三田駅周辺11, 新三田駅周辺・三田駅周辺70, 新三田駅周辺63"
深山池公園北,阪急バス（株）,日生ニュータウン線（63、64、65系統）
宝山坂,阪急バス（株）,武田尾線（1・2・3・5・10・11・31系統）
田中口,神姫バス（株）,"三木・小野・社　（電鉄小野駅）〜社〜（加藤市民病院）〜社高校前・三草〜西脇営業所, 津山・西脇・社　電鉄小野駅〜社（車庫前）〜三草〜西脇, 津山・西脇・社　社（車庫前）〜三木〜明石駅"
けやき台4丁目,神姫バス（株）,"新三田駅周辺・三田駅周辺3, 三田駅周辺3-2, 新三田駅周辺43, 新三田駅周辺45"
ゆうあいセンター,猪名川町,"ふれあいバス・青コース＆赤コース, ふれあいバス・緑コース, ふれあいバス・黄コース1便, ふれあいバス・黄コース"
新三田駅東口,神姫バス（株）,"三田駅周辺33, 三田駅周辺34, 三田駅周辺36"
東山下,神姫バス（株）,"北条（加西市）　フラワーセンター南門前〜北条営業所〜南山田〜姫路駅前, 北条（加西市）　北条営業所〜南山田〜江鮒団地〜マリア病院〜姫路駅前"
けやき台3丁目,神姫バス（株）,"三田駅周辺・新三田駅周辺　特急, 新三田駅周辺・三田駅周辺3, 三田駅周辺3-2, 新三田駅周辺43, 新三田駅周辺　急143, 新三田駅周辺　急145, 新三田駅周辺45"
置塩小学校前,神姫バス（株）,"姫路北部51, 姫路北部52, 姫路北部53"
嬉野台生涯教育センター,神姫バス（株）,"三田駅周辺10, 三木・小野・社　アスティアかさい〜社町駅〜やしろショッピングパークBio前〜嬉野台生涯教育センター, 三木・小野・社12, 津山・西脇・社　社町駅〜やしろショッピングパークBio前〜加東市民病院〜嬉野台生涯教育センター〜天神, 津山・西脇・社　やしろショッピングパークBio前〜嬉野台生涯教育センター〜天神, 三田駅周辺13＿2, 三田駅周辺14＿2"
香呂駅前,神姫バス（株）,姫路北部84
とこなべ工業団地,加西市,"九会線, フラワーセンター線"
とこなべ工業団地,神姫バス（株）,北条（加西市）　北条営業所〜アスティアかさい〜播磨農高前〜細工所北口〜宝殿駅北口
けやき台5丁目南,神姫バス（株）,新三田駅周辺44
ゆうあいセンター前,猪名川町,"ふれあいバス・青コース＆赤コース, ふれあいバス・緑コース, ふれあいバス・黄コース1便, ふれあいバス・黄コース"
ゆうあいセンター前,阪急バス（株）,杉生線（41系統）
関西学院千刈キャンプ前,神姫バス（株）,三田駅周辺25
ウッディタウン中央駅,神姫バス（株）,新三田駅周辺44
茶ノ木,神姫バス（株）,姫路北部31
西谷小学校前,阪急バス（株）,武田尾線（1・2・3・5・10・11・31系統）
別車口,神姫バス（株）,"姫路北部33, 姫路北部34, 姫路北部40, 姫路北部41, 姫路北部42"
消防本部前,猪名川町,"ふれあいバス・青コース＆赤コース, ふれあいバス・緑コース, ふれあいバス・黄コース1便, ふれあいバス・黄コース"
新三田駅,神姫バス（株）,"新三田駅周辺・三田駅周辺20, 三田駅周辺32, 三田駅周辺11, 新三田駅周辺・三田駅周辺3, 三田駅周辺3-2, 三田駅周辺6, 新三田駅周辺41, 新三田駅周辺42, 新三田駅周辺48, 新三田駅周辺43, 新三田駅周辺44, 新三田駅周辺　急143, 新三田駅周辺　急145, 新三田駅周辺45, 新三田駅周辺46, 新三田駅周辺32, 新三田駅周辺55, 新三田駅周辺47, 新三田駅周辺11, 新三田駅周辺62"
伏見台一丁目,猪名川町,"ふれあいバス・黄コース1便, ふれあいバス・黄コース"
伏見台一丁目,阪急バス（株）,日生ニュータウン線（63、64、65系統）
大池口,神姫バス（株）,"三田駅周辺33, 三田駅周辺34, 三田駅周辺36"
西山田東,神姫バス（株）,"北条（加西市）　フラワーセンター南門前〜北条営業所〜南山田〜姫路駅前, 北条（加西市）　北条営業所〜南山田〜江鮒団地〜マリア病院〜姫路駅前"
東部南口,阪急バス（株）,武田尾線（1・2・3・5・10・11・31系統）
北条高校前,加西市,"九会線, フラワーセンター線"
宝山寺下,阪急バス（株）,武田尾線（1・2・3・5・10・11・31系統）
紫合東口,阪急バス（株）,"川西猪名川線（1、6、7、8、9系統）, 川西猪名川線（1、6、9、11、49系統）, 川西猪名川線（2、12系統）, 川西猪名川線（2、12、22系統）, 日生ニュータウン線（63、64、65系統）, 杉生線（41系統）"
西山田,神姫バス（株）,"北条（加西市）　フラワーセンター南門前〜北条営業所〜南山田〜姫路駅前, 北条（加西市）　北条営業所〜南山田〜江鮒団地〜マリア病院〜姫路駅前, 北条（加西市）　北条営業所〜西大貫〜北山田〜姫路駅前"
猪名川高校前,猪名川町,"ふれあいバス・青コース＆赤コース, ふれあいバス・緑コース, ふれあいバス・黄コース1便, ふれあいバス・黄コース"
猪名川高校前,阪急バス（株）,"川西猪名川線（1、6、7、8、9系統）, 川西猪名川線（1、6、9、11、49系統）, 川西猪名川線（2、12系統）, 川西猪名川線（2、12、22系統）, 日生ニュータウン線（63、64、65系統）, 杉生線（41系統）"
山国東野,神姫バス（株）,"三田駅周辺10, 三木・小野・社　アスティアかさい〜社町駅〜やしろショッピングパークBio前〜嬉野台生涯教育センター, 三木・小野・社12, 津山・西脇・社　社町駅〜やしろショッピングパークBio前〜加東市民病院〜嬉野台生涯教育センター〜天神, 津山・西脇・社　やしろショッピングパークBio前〜嬉野台生涯教育センター〜天神, 三田駅周辺13＿2, 三田駅周辺14＿2"
清ノ瀬橋,阪急バス（株）,武田尾線（1・2・3・5・10・11・31系統）
兵庫教育大学前,神姫バス（株）,"三田駅周辺10, 三木・小野・社　アスティアかさい〜社町駅〜やしろショッピングパークBio前〜嬉野台生涯教育センター, 三木・小野・社12, 津山・西脇・社　社町駅〜やしろショッピングパークBio前〜加東市民病院〜嬉野台生涯教育センター〜天神, 津山・西脇・社　やしろショッピングパークBio前〜嬉野台生涯教育センター〜天神, 三田駅周辺13＿2, 三田駅周辺14＿2"
稗田,上郡町,鞍居・光都線
稗田,（株）ウイング神姫,"てくてくバス, 相生　30．31"
深山池公園南,阪急バス（株）,日生ニュータウン線（63、64、65系統）
中山下,神姫バス（株）,"北条（加西市）　フラワーセンター南門前〜北条営業所〜南山田〜姫路駅前, 北条（加西市）　北条営業所〜南山田〜江鮒団地〜マリア病院〜姫路駅前"
南山田,神姫バス（株）,"北条（加西市）　フラワーセンター南門前〜北条営業所〜南山田〜姫路駅前, 北条（加西市）　北条営業所〜南山田〜江鮒団地〜マリア病院〜姫路駅前"
北野,猪名川町,"ふれあいバス・青コース＆赤コース, ふれあいバス・緑コース, ふれあいバス・黄コース1便, ふれあいバス・黄コース"
北野,阪急バス（株）,杉生線（41系統）
センチュリープラザ前,神姫バス（株）,"三田駅周辺・新三田駅周辺　特急, 三田駅周辺32, 三田駅周辺11, 新三田駅周辺・三田駅周辺3, 三田駅周辺3-2, 新三田駅周辺43, 新三田駅周辺45, 新三田駅周辺46, 新三田駅周辺32, 新三田駅周辺55, 新三田駅周辺11, 新三田駅周辺63"
地区センター前,神姫バス（株）,"三田駅周辺・新三田駅周辺　特急, 新三田駅周辺・三田駅周辺73, 新三田駅周辺48, 新三田駅周辺　急145, 新三田駅周辺45, 新三田駅周辺46"
鎮岩,神姫バス（株）,"北条（加西市）　北条営業所〜アスティアかさい〜東高室〜細工所北口〜宝殿駅北口, 北条（加西市）　北条営業所〜アスティアかさい〜播磨農高前〜細工所北口〜宝殿駅北口"
上原,猪名川町,"ふれあいバス・青コース＆赤コース, ふれあいバス・緑コース, ふれあいバス・黄コース1便, ふれあいバス・黄コース"
飯盛,加西市,"九会線, フラワーセンター線"
天神,神姫バス（株）,"三田駅周辺10, 三木・小野・社　電鉄小野駅〜古川〜松沢〜天神, 三木・小野・社12, 津山・西脇・社　やしろショッピングパークBio前〜社高校・天神・渡瀬〜三田駅, 津山・西脇・社　社（車庫前）〜加東市民病院・社高校・天神・渡瀬〜三田駅, 津山・西脇・社　社町駅〜やしろショッピングパークBio前〜加東市民病院〜嬉野台生涯教育センター〜天神, 津山・西脇・社　やしろショッピングパークBio前〜嬉野台生涯教育センター〜天神, 三田駅周辺13＿2"
波豆,阪急バス（株）,武田尾線（1・2・3・5・10・11・31系統）
ゆりのき台2丁目,神姫バス（株）,"新三田駅周辺41, 新三田駅周辺42, 新三田駅周辺48, 新三田駅周辺43, 新三田駅周辺45, 新三田駅周辺46, 新三田駅周辺55, 新三田駅周辺53, 新三田駅周辺63"
東条BS前,神姫バス（株）,"三田駅周辺10, 三木・小野・社　電鉄小野駅〜古川〜松沢〜天神, 三木・小野・社12, 津山・西脇・社　やしろショッピングパークBio前〜社高校・天神・渡瀬〜三田駅, 津山・西脇・社　社（車庫前）〜加東市民病院・社高校・天神・渡瀬〜三田駅, 津山・西脇・社　社町駅〜やしろショッピングパークBio前〜加東市民病院〜嬉野台生涯教育センター〜天神, 津山・西脇・社　やしろショッピングパークBio前〜嬉野台生涯教育センター〜天神, 三田駅周辺13＿2"
井野原,（株）ウイング神姫,"たつの市コミュニティバス　兵庫県龍野庁舎ルート, たつの市コミュニティバス　令和跨線橋ルート, たつの市コミュニティバス　はつらつセンタールート, たつの市コミュニティバス　日山ルート, たつの市コミュニティバス　本竜野駅北進ルート, 山崎　55, 山崎　50"
社会福祉会館,猪名川町,"ふれあいバス・青コース＆赤コース, ふれあいバス・緑コース, ふれあいバス・黄コース1便, ふれあいバス・黄コース"
林田橋,神姫バス（株）,"姫路北部31, 姫路北部32"
こまくるび,神姫バス（株）,"三田駅周辺11, 新三田駅周辺11"
北摂中央口,神姫バス（株）,"新三田駅周辺・三田駅周辺20, 三田駅周辺21, 三田駅周辺24, 三田駅周辺32, 新三田駅周辺・三田駅周辺3, 三田駅周辺3-2, 三田駅周辺6, 新三田駅周辺41, 新三田駅周辺42, 新三田駅周辺48, 新三田駅周辺43, 新三田駅周辺44, 新三田駅周辺45, 新三田駅周辺62"
大東,阪急バス（株）,武田尾線（1・2・3・5・10・11・31系統）
けやき台1丁目,神姫バス（株）,"三田駅周辺・新三田駅周辺　特急, 新三田駅周辺44, 新三田駅周辺63"
高速東条,神姫バス（株）,"津山・西脇・社　（急行）社（車庫前）〜新大阪駅〜大阪駅, 津山・西脇・社　（特急）津山駅〜北条〜新大阪駅〜大阪駅, 北条（加西市）　アスティアかさい〜新大阪駅・大阪駅"
中央公園北口,神姫バス（株）,"新三田駅周辺・三田駅周辺3, 三田駅周辺3-2, 新三田駅周辺43, 新三田駅周辺　急143, 新三田駅周辺　急145, 新三田駅周辺45"
紫合中,猪名川町,"ふれあいバス・青コース＆赤コース, ふれあいバス・緑コース, ふれあいバス・黄コース1便, ふれあいバス・黄コース"
山国南山,神姫バス（株）,"三田駅周辺10, 三木・小野・社　アスティアかさい〜社町駅〜やしろショッピングパークBio前〜嬉野台生涯教育センター, 三木・小野・社12, 津山・西脇・社　社町駅〜やしろショッピングパークBio前〜加東市民病院〜嬉野台生涯教育センター〜天神, 津山・西脇・社　やしろショッピングパークBio前〜嬉野台生涯教育センター〜天神, 三田駅周辺13＿2, 三田駅周辺14＿2"
猪名川町B＆G海洋センター前,猪名川町,"ふれあいバス・青コース＆赤コース, ふれあいバス・緑コース, ふれあいバス・黄コース"
三田市民病院,神姫バス（株）,"新三田駅周辺・三田駅周辺20, 三田駅周辺21, 三田駅周辺24, 三田駅周辺32, 新三田駅周辺・三田駅周辺3, 三田駅周辺3-2, 三田駅周辺6, 新三田駅周辺32"
宮置南,神姫バス（株）,"姫路北部51, 姫路北部52, 姫路北部53"
サンピア姫路ゆめさき,神姫バス（株）,姫路北部53
中央病院前,神姫バス（株）,"新三田駅周辺・三田駅周辺20, 三田駅周辺21, 三田駅周辺22, 三田駅周辺23, 三田駅周辺24, 三田駅周辺25"
市民病院前,神姫バス（株）,"三田駅周辺11, 新三田駅周辺・三田駅周辺3, 三田駅周辺3-2, 新三田駅周辺41, 新三田駅周辺42, 新三田駅周辺48, 新三田駅周辺43, 新三田駅周辺44, 新三田駅周辺45, 新三田駅周辺46, 新三田駅周辺55, 新三田駅周辺11, 新三田駅周辺62"
松尾,神姫バス（株）,"三木・小野・社　（電鉄小野駅）〜社〜（加藤市民病院）〜社高校前・三草〜西脇営業所, 津山・西脇・社　電鉄小野駅〜社（車庫前）〜三草〜西脇, 津山・西脇・社　社（車庫前）〜三木〜明石駅"
あかしあ台ハイツ前,神姫バス（株）,"三田駅周辺・新三田駅周辺　特急, 新三田駅周辺43, 新三田駅周辺45, 新三田駅周辺63"
中仁野,神姫バス（株）,姫路北部84
北陵公民館前,阪急バス（株）,日生ニュータウン線（63、64、65系統）
山谷口,神姫バス（株）,"三田駅周辺21, 三田駅周辺24, 三田駅周辺32, 三田駅周辺6"
ゆりのき台中学校前,神姫バス（株）,"三田駅周辺・新三田駅周辺　特急, 新三田駅周辺41, 新三田駅周辺42, 新三田駅周辺48, 新三田駅周辺43, 新三田駅周辺45, 新三田駅周辺46, 新三田駅周辺55, 新三田駅周辺53, 新三田駅周辺63"
仁色北口,神姫バス（株）,姫路北部86
保健センター,猪名川町,"ふれあいバス・青コース＆赤コース, ふれあいバス・緑コース, ふれあいバス・黄コース1便, ふれあいバス・黄コース"
西山下,神姫バス（株）,"北条（加西市）　フラワーセンター南門前〜北条営業所〜南山田〜姫路駅前, 北条（加西市）　北条営業所〜南山田〜江鮒団地〜マリア病院〜姫路駅前"
南田原口,猪名川町,ふれあいバス・黄コース
日生中央駅,阪急バス（株）,"川西猪名川線（1、6、7、8、9系統）, 川西猪名川線（1、6、9、11、49系統）, 川西猪名川線（2、12系統）, 川西猪名川線（2、12、22系統）, 日生ニュータウン線（63、64、65系統）, 武田尾線（1・2・3・5・10・11・31系統）, 杉生線（41系統）, 西能勢線（73、74、76、77系統）"
西谷夢プラザ,阪急バス（株）,武田尾線（1・2・3・5・10・11・31系統）
日生中央,猪名川町,"ふれあいバス・青コース＆赤コース, ふれあいバス・緑コース, ふれあいバス・黄コース1便, ふれあいバス・黄コース"
三田工業団地前,神姫バス（株）,"三田駅周辺33, 三田駅周辺34, 三田駅周辺36"
藤ノ木公園前,神姫バス（株）,"北条（加西市）　フラワーセンター南門前〜北条営業所〜南山田〜姫路駅前, 北条（加西市）　北条営業所〜南山田〜江鮒団地〜マリア病院〜姫路駅前"
清水谷,神姫バス（株）,姫路北部53
八重垣病院前,（株）ウイング神姫,"たつの市コミュニティバス　兵庫県龍野庁舎ルート, たつの市コミュニティバス　令和跨線橋ルート, たつの市コミュニティバス　はつらつセンタールート, たつの市コミュニティバス　日山ルート, たつの市コミュニティバス　本竜野駅北進ルート, 山崎　55, 山崎　50"
電話局前,阪急バス（株）,"川西猪名川線（1、6、7、8、9系統）, 川西猪名川線（1、6、9、11、49系統）, 川西猪名川線（2、12系統）, 川西猪名川線（2、12、22系統）, 日生ニュータウン線（63、64、65系統）, 杉生線（41系統）"
依藤野,神姫バス（株）,"三田駅周辺10, 三木・小野・社　アスティアかさい〜社町駅〜やしろショッピングパークBio前〜嬉野台生涯教育センター, 三木・小野・社12, 津山・西脇・社　社町駅〜やしろショッピングパークBio前〜加東市民病院〜嬉野台生涯教育センター〜天神, 津山・西脇・社　やしろショッピングパークBio前〜嬉野台生涯教育センター〜天神, 三田駅周辺13＿2, 三田駅周辺14＿2"
段下,神姫バス（株）,"北条（加西市）　北条営業所〜アスティアかさい〜東高室〜細工所北口〜宝殿駅北口, 北条（加西市）　北条営業所〜アスティアかさい〜播磨農高前〜細工所北口〜宝殿駅北口"
学園小学校前,神姫バス（株）,"三田駅周辺・新三田駅周辺　特急, 新三田駅周辺・三田駅周辺73, 新三田駅周辺48, 新三田駅周辺　急145, 新三田駅周辺45, 新三田駅周辺46"
菅生新在家・鯰尾坂,神姫バス（株）,"姫路北部33, 姫路北部34, 姫路北部40, 姫路北部41, 姫路北部42"
すずかけ台3丁目,神姫バス（株）,"三田駅周辺11, 新三田駅周辺44, 新三田駅周辺55, 新三田駅周辺11"
一庫ダム,阪急バス（株）,西能勢線（73、74、76、77系統）
林田,神姫バス（株）,"姫路北部31, 姫路北部32"
中央公園前,神姫バス（株）,"三田駅周辺・新三田駅周辺　特急, 新三田駅周辺・三田駅周辺3, 三田駅周辺3-2, 新三田駅周辺41, 新三田駅周辺42, 新三田駅周辺48, 新三田駅周辺43, 新三田駅周辺44, 新三田駅周辺45, 新三田駅周辺62"
東条学園前,神姫バス（株）,三木・小野・社　電鉄小野駅〜古川〜松沢〜天神
紫合,猪名川町,"ふれあいバス・青コース＆赤コース, ふれあいバス・緑コース, ふれあいバス・黄コース1便, ふれあいバス・黄コース"
紫合,阪急バス（株）,"川西猪名川線（1、6、7、8、9系統）, 川西猪名川線（1、6、9、11、49系統）, 川西猪名川線（2、12系統）, 川西猪名川線（2、12、22系統）, 日生ニュータウン線（63、64、65系統）, 杉生線（41系統）"
図書館,猪名川町,"ふれあいバス・青コース＆赤コース, ふれあいバス・緑コース, ふれあいバス・黄コース"
森,神姫バス（株）,"三田駅周辺10, 三木・小野・社12, 津山・西脇・社　やしろショッピングパークBio前〜社高校・天神・渡瀬〜三田駅, 津山・西脇・社　社（車庫前）〜加東市民病院・社高校・天神・渡瀬〜三田駅, 三田駅周辺13＿2"
あかしあ台公園前,神姫バス（株）,"新三田駅周辺41, 新三田駅周辺42, 新三田駅周辺48"
仁色,神姫バス（株）,姫路北部86
フラワーセンター南門前,神姫バス（株）,北条（加西市）　フラワーセンター南門前〜北条営業所〜南山田〜姫路駅前
フラワーセンター南門前,加西市,"九会線, フラワーセンター線, soraかさい線"
鞍居,上郡町,鞍居・光都線
鞍居,（株）ウイング神姫,"てくてくバス, 相生　30．31"
あかしあ台3丁目,神姫バス（株）,新三田駅周辺41
上伊勢,神姫バス（株）,姫路北部32
東実,神姫バス（株）,"三木・小野・社　（電鉄小野駅）〜社〜（加藤市民病院）〜社高校前・三草〜西脇営業所, 津山・西脇・社　電鉄小野駅〜社（車庫前）〜三草〜西脇, 津山・西脇・社　社（車庫前）〜三木〜明石駅"
すずかけ台2丁目,神姫バス（株）,"新三田駅周辺41, 新三田駅周辺42, 新三田駅周辺48, 新三田駅周辺44, 新三田駅周辺62"
本郷,神姫バス（株）,姫路北部32
清水橋,神姫バス（株）,"姫路北部51, 姫路北部52, 姫路北部53"
フラワーセンター駐車場,加西市,soraかさい線
西山町,神姫バス（株）,らんらんバス・3　河合統合ルート
牧野,神姫バス（株）,"北条（加西市）　フラワーセンター南門前〜北条営業所〜南山田〜姫路駅前, 北条（加西市）　北条営業所〜南山田〜江鮒団地〜マリア病院〜姫路駅前, 北条（加西市）　北条営業所〜西大貫〜北山田〜姫路駅前"
林谷,神姫バス（株）,姫路北部32
五六,神姫バス（株）,姫路北部71
あかしあ台2丁目北,神姫バス（株）,"新三田駅周辺41, 新三田駅周辺42, 新三田駅周辺48, 新三田駅周辺55, 新三田駅周辺53"
松葉屋,阪急バス（株）,武田尾線（1・2・3・5・10・11・31系統）
緑台,神姫バス（株）,"姫路北部35, 姫路北部40, 姫路北部43"
パークタウン中央,猪名川町,"ふれあいバス・青コース＆赤コース, ふれあいバス・緑コース, ふれあいバス・黄コース"
パークタウン中央,阪急バス（株）,"川西猪名川線（1、6、7、8、9系統）, 川西猪名川線（1、6、9、11、49系統）, 日生ニュータウン線（63、64、65系統）, 武田尾線（1・2・3・5・10・11・31系統）"
すずかけ台小学校前,神姫バス（株）,新三田駅周辺41
えるむプラザ前,神姫バス（株）,"三田駅周辺・新三田駅周辺　特急, 三田駅周辺32, 新三田駅周辺41, 新三田駅周辺42, 新三田駅周辺48, 新三田駅周辺32, 新三田駅周辺63, 新三田駅周辺62"
御霊神社,神姫バス（株）,"三田駅周辺21, 三田駅周辺24, 三田駅周辺32, 三田駅周辺6"
イオンモール猪名川,猪名川町,"ふれあいバス・青コース＆赤コース, ふれあいバス・緑コース, ふれあいバス・黄コース1便, ふれあいバス・黄コース"
イナホール前,猪名川町,"ふれあいバス・青コース＆赤コース, ふれあいバス・緑コース, ふれあいバス・黄コース"
復井,神姫バス（株）,らんらんバス・3　河合統合ルート
西山,神姫バス（株）,らんらんバス・3　河合統合ルート
総合公園前,猪名川町,ふれあいバス・黄コース
総合公園前,阪急バス（株）,"川西猪名川線（1、6、7、8、9系統）, 川西猪名川線（1、6、9、11、49系統）, 日生ニュータウン線（63、64、65系統）"
あかしあ台4丁目,神姫バス（株）,"新三田駅周辺41, 新三田駅周辺42, 新三田駅周辺48"
大原,神姫バス（株）,"三田駅周辺33, 三田駅周辺34, 三田駅周辺36"
南ウッディタウン駅,神姫バス（株）,"新三田駅周辺41, 新三田駅周辺42, 新三田駅周辺48, 新三田駅周辺46"
中村口,（株）ウイング神姫,"てくてくバス, 相生　30．31"
中村口,上郡町,鞍居・光都線
学校前,神姫バス（株）,姫路北部32
犬飼,神姫バス（株）,姫路北部84
白金一丁目,猪名川町,ふれあいバス・黄コース
白金一丁目,阪急バス（株）,"川西猪名川線（1、6、7、8、9系統）, 川西猪名川線（1、6、9、11、49系統）, 日生ニュータウン線（63、64、65系統）"
緑台中,神姫バス（株）,"姫路北部35, 姫路北部40, 姫路北部43"
あかしあ台小学校前,神姫バス（株）,"新三田駅周辺41, 新三田駅周辺55, 新三田駅周辺53"
越部,（株）ウイング神姫,"たつの市コミュニティバス　兵庫県龍野庁舎ルート, たつの市コミュニティバス　令和跨線橋ルート, たつの市コミュニティバス　はつらつセンタールート, たつの市コミュニティバス　日山ルート, たつの市コミュニティバス　本竜野駅北進ルート, 山崎　55, 山崎　50"
学園7丁目,神姫バス（株）,"三田駅周辺・新三田駅周辺　特急, 新三田駅周辺48, 新三田駅周辺　急145, 新三田駅周辺45, 新三田駅周辺46"
あかしあ台5丁目,神姫バス（株）,"新三田駅周辺41, 新三田駅周辺42, 新三田駅周辺48"
土井病院入口,神姫バス（株）,らんらんバス・3　河合統合ルート
柏野,上郡町,赤松線
新畑,神姫バス（株）,"姫路北部51, 姫路北部52, 姫路北部53"
門前,加西市,九会線
復井南,神姫バス（株）,らんらんバス・3　河合統合ルート
北摂中央幼稚園前,神姫バス（株）,新三田駅周辺41
サテライト阪神前,神姫バス（株）,"三田駅周辺11, 新三田駅周辺11"
はじかみ池公園口,神姫バス（株）,"新三田駅周辺41, 新三田駅周辺42, 新三田駅周辺48"
大原公園前,阪急バス（株）,"川西猪名川線（1、6、7、8、9系統）, 川西猪名川線（1、6、9、11、49系統）"
一庫,阪急バス（株）,西能勢線（73、74、76、77系統）
横谷倉庫,神姫バス（株）,"三田駅周辺10, 三木・小野・社12, 津山・西脇・社　やしろショッピングパークBio前〜社高校・天神・渡瀬〜三田駅, 津山・西脇・社　社（車庫前）〜加東市民病院・社高校・天神・渡瀬〜三田駅, 三田駅周辺13＿2"
城山公園,神姫バス（株）,"新三田駅周辺・三田駅周辺20, 三田駅周辺21, 三田駅周辺22, 三田駅周辺23, 三田駅周辺24, 三田駅周辺25"
岩屋,神姫バス（株）,三木・小野・社　電鉄小野駅〜古川〜松沢〜天神
坪田,神姫バス（株）,"姫路北部33, 姫路北部34, 姫路北部40, 姫路北部41, 姫路北部42"
すずかけ台ハイツ前,神姫バス（株）,新三田駅周辺41
ヤマサ蒲鉾前,神姫バス（株）,姫路北部53
第一公園前,神姫バス（株）,"姫路北部35, 姫路北部40, 姫路北部43"
柏梨田,猪名川町,"ふれあいバス・青コース＆赤コース, ふれあいバス・緑コース, ふれあいバス・黄コース"
柏梨田,阪急バス（株）,"川西猪名川線（2、12系統）, 川西猪名川線（2、12、22系統）"
町営住宅前,猪名川町,ふれあいバス・青コース＆赤コース
よろづや,阪急バス（株）,武田尾線（1・2・3・5・10・11・31系統）
猪名川郵便局前,猪名川町,"ふれあいバス・青コース＆赤コース, ふれあいバス・緑コース"
越部コミセン前,（株）ウイング神姫,"たつの市コミュニティバス　令和跨線橋ルート, たつの市コミュニティバス　龍野北高校ルート"
繁昌,神姫バス（株）,姫路北部71
あかしあ台1丁目,神姫バス（株）,新三田駅周辺41
貴志,神姫バス（株）,"三田駅周辺21, 三田駅周辺24, 三田駅周辺32, 三田駅周辺6"
コミュニティホール前,神姫バス（株）,新三田駅周辺41
川除,神姫バス（株）,"三田駅周辺33, 三田駅周辺34, 三田駅周辺36"
杉ヶ丘,神姫バス（株）,"新三田駅周辺・三田駅周辺20, 三田駅周辺21, 三田駅周辺22, 三田駅周辺23, 三田駅周辺24, 三田駅周辺25"
白金三丁目,猪名川町,ふれあいバス・黄コース
白金三丁目,阪急バス（株）,"川西猪名川線（1、6、7、8、9系統）, 川西猪名川線（1、6、9、11、49系統）, 日生ニュータウン線（63、64、65系統）"
船渡,（株）ウイング神姫,"たつの市コミュニティバス　兵庫県龍野庁舎ルート, たつの市コミュニティバス　令和跨線橋ルート, たつの市コミュニティバス　はつらつセンタールート, たつの市コミュニティバス　日山ルート, たつの市コミュニティバス　本竜野駅北進ルート, 山崎　55, 山崎　50"
さんかく緑地前,猪名川町,ふれあいバス・青コース＆赤コース
白金二丁目,猪名川町,ふれあいバス・黄コース
白金二丁目,阪急バス（株）,"川西猪名川線（1、6、7、8、9系統）, 川西猪名川線（1、6、9、11、49系統）, 日生ニュータウン線（63、64、65系統）"
江鮒団地,神姫バス（株）,"姫路北部86, 北条（加西市）　北条営業所〜南山田〜江鮒団地〜マリア病院〜姫路駅前"
青野ヶ原町,神姫バス（株）,らんらんバス・3　河合統合ルート
はじかみ池公園前,神姫バス（株）,新三田駅周辺41
太尾北口,神姫バス（株）,"北条（加西市）　フラワーセンター南門前〜北条営業所〜南山田〜姫路駅前, 北条（加西市）　北条営業所〜南山田〜江鮒団地〜マリア病院〜姫路駅前, 北条（加西市）　北条営業所〜西大貫〜北山田〜姫路駅前"
倉尾,上郡町,岩木線
緑台口,神姫バス（株）,"姫路北部35, 姫路北部40, 姫路北部43"
かまはな,神姫バス（株）,姫路北部31
野桑,（株）ウイング神姫,"てくてくバス, 相生　30．31"
野桑,上郡町,鞍居・光都線
青野ヶ原駅前,神姫バス（株）,らんらんバス・3　河合統合ルート
猪名川町役場前,猪名川町,"ふれあいバス・青コース＆赤コース, ふれあいバス・緑コース, ふれあいバス・黄コース"
猪名川町役場前,阪急バス（株）,"川西猪名川線（2、12系統）, 川西猪名川線（2、12、22系統）"
第十公園前,阪急バス（株）,大和団地線（大和①、大和②）
パークプラザ前,猪名川町,ふれあいバス・黄コース
パークプラザ前,阪急バス（株）,"川西猪名川線（1、6、7、8、9系統）, 川西猪名川線（1、6、9、11、49系統）, 日生ニュータウン線（63、64、65系統）"
加西中学校前,加西市,九会線
森尾,神姫バス（株）,三木・小野・社　電鉄小野駅〜古川〜松沢〜天神
グッド・サマリタンチャーチ前,猪名川町,ふれあいバス・青コース＆赤コース
馬渡,神姫バス（株）,三田駅周辺8
山下本町,阪急バス（株）,西能勢線（73、74、76、77系統）
大村,神姫バス（株）,"北条（加西市）　北条営業所〜アスティアかさい〜東高室〜細工所北口〜宝殿駅北口, 北条（加西市）　北条営業所〜アスティアかさい〜播磨農高前〜細工所北口〜宝殿駅北口"
ネスレ日本工場前,神姫バス（株）,姫路北部84
出屋敷,神姫バス（株）,姫路北部32
境野,阪急バス（株）,武田尾線（1・2・3・5・10・11・31系統）
猪名川町役場,猪名川町,"ふれあいバス・青コース＆赤コース, ふれあいバス・緑コース, ふれあいバス・黄コース"
銀山公会堂前,猪名川町,ふれあいバス・緑コース
鞍居診療所前,（株）ウイング神姫,"てくてくバス, 相生　30．31"
書写吹・置塩坂,神姫バス（株）,"姫路北部51, 姫路北部52, 姫路北部53"
南坊,神姫バス（株）,"三木・小野・社　（電鉄小野駅）〜社〜（加藤市民病院）〜社高校前・三草〜西脇営業所, 三木・小野・社　三宮〜神戸福産団地〜押部谷駅前〜三木営業所〜社, 津山・西脇・社　（急行）西脇営業所〜御坂・新神戸駅前〜三宮, 津山・西脇・社　（急行）西脇営業所〜滝野社I．C・御坂・新神戸駅前〜三宮, 津山・西脇・社　電鉄小野駅〜社（車庫前）〜三草〜西脇, 津山・西脇・社　社（車庫前）〜三木〜明石駅"
せせらぎ公園前,猪名川町,ふれあいバス・青コース＆赤コース
三輪四丁目,神姫バス（株）,"三田駅周辺33, 三田駅周辺34"
上深田,神姫バス（株）,三田駅周辺8
第三自治会館前,阪急バス（株）,大和団地線（大和①、大和②）
福吉,神姫バス（株）,"三田駅周辺11, 新三田駅周辺11"
銀山,猪名川町,ふれあいバス・緑コース
太尾,神姫バス（株）,"北条（加西市）　フラワーセンター南門前〜北条営業所〜南山田〜姫路駅前, 北条（加西市）　北条営業所〜西大貫〜北山田〜姫路駅前"
江鮒,神姫バス（株）,"姫路北部86, 北条（加西市）　北条営業所〜南山田〜江鮒団地〜マリア病院〜姫路駅前"
広根西,猪名川町,ふれあいバス・緑コース
上野,猪名川町,"ふれあいバス・青コース＆赤コース, ふれあいバス・緑コース"
上野,阪急バス（株）,"川西猪名川線（2、12系統）, 川西猪名川線（2、12、22系統）"
三輪北,神姫バス（株）,"新三田駅周辺・三田駅周辺20, 三田駅周辺21, 三田駅周辺22, 三田駅周辺23, 三田駅周辺24, 三田駅周辺25"
ひまわりタウン,神姫バス（株）,"らんらんバス・9　ひまわりタウンルート, らんらんバス・10　中谷ルート"
常福寺下,神姫バス（株）,三田駅周辺8
福吉,神姫バス（株）,三田駅周辺8
鯉ヶ谷,（株）ウイング神姫,"てくてくバス, 相生　30．31"
鯉ヶ谷,上郡町,鞍居・光都線
打越新田・太陽公園北,神姫バス（株）,"姫路北部35, 姫路北部40, 姫路北部43"
大和東五丁目,阪急バス（株）,大和団地線（大和①、大和②）
若葉二丁目,阪急バス（株）,"川西猪名川線（1、6、7、8、9系統）, 川西猪名川線（1、6、9、11、49系統）, 日生ニュータウン線（63、64、65系統）"
soraかさい,加西市,"九会線, soraかさい線"
下宮木,神姫バス（株）,姫路北部71
山下駅,阪急バス（株）,"平野山下線（100系統）, 西能勢線（73、74、76、77系統）"
松山堤,神姫バス（株）,"三田駅周辺21, 三田駅周辺24, 三田駅周辺32, 三田駅周辺8, 三田駅周辺6"
広根ニューハイツ前,猪名川町,ふれあいバス・緑コース
若葉二丁目東,猪名川町,"ふれあいバス・青コース＆赤コース, ふれあいバス・黄コース"
苔縄橋東詰,上郡町,赤松線
西谷の森公園口,阪急バス（株）,武田尾線（1・2・3・5・10・11・31系統）
下深田,神姫バス（株）,三田駅周辺8
山下,阪急バス（株）,西能勢線（73、74、76、77系統）
觜崎,（株）ウイング神姫,"たつの市コミュニティバス　兵庫県龍野庁舎ルート, たつの市コミュニティバス　令和跨線橋ルート, たつの市コミュニティバス　はつらつセンタールート, たつの市コミュニティバス　日山ルート, たつの市コミュニティバス　龍野北高校ルート, たつの市コミュニティバス　本竜野駅北進ルート"
銀山口,猪名川町,ふれあいバス・青コース＆赤コース
銀山口,阪急バス（株）,"川西猪名川線（1、6、7、8、9系統）, 川西猪名川線（1、6、9、11、49系統）"
才原,上郡町,岩木線
福祉保健センター,神姫バス（株）,"三田駅周辺21, 三田駅周辺24, 三田駅周辺1, 三田駅周辺2, 三田駅周辺32, 三田駅周辺36, 三田駅周辺6, 新三田駅周辺1"
宮木,加西市,九会線
池尻下,神姫バス（株）,"三田駅周辺8, 新三田駅周辺・三田駅周辺73"
刀出,神姫バス（株）,"姫路北部33, 姫路北部34, 姫路北部40, 姫路北部41, 姫路北部42"
東谷行政センター前,阪急バス（株）,平野山下線（100系統）
三輪,神姫バス（株）,"三田駅周辺33, 三田駅周辺34"
須加院口,神姫バス（株）,姫路北部84
横谷,神姫バス（株）,"三田駅周辺10, 三木・小野・社12, 津山・西脇・社　やしろショッピングパークBio前〜社高校・天神・渡瀬〜三田駅, 津山・西脇・社　社（車庫前）〜加東市民病院・社高校・天神・渡瀬〜三田駅, 三田駅周辺13＿2"
第八公園前,阪急バス（株）,大和団地線（大和①、大和②）
富士が丘5丁目,神姫バス（株）,"三田駅周辺1, 新三田駅周辺・三田駅周辺3, 新三田駅周辺1"
追分,神姫バス（株）,姫路北部31
新定,神姫バス（株）,三木・小野・社　電鉄小野駅〜古川〜松沢〜天神
富士が丘6丁目,神姫バス（株）,"三田駅周辺1, 三田駅周辺2, 新三田駅周辺・三田駅周辺3, 新三田駅周辺1"
広根中,猪名川町,ふれあいバス・黄コース
広根中,阪急バス（株）,"川西猪名川線（1、6、7、8、9系統）, 川西猪名川線（1、6、9、11、49系統）"
観音山,神姫バス（株）,"三田駅周辺8, 新三田駅周辺・三田駅周辺73"
江鮒口,神姫バス（株）,"姫路北部86, 北条（加西市）　北条営業所〜南山田〜江鮒団地〜マリア病院〜姫路駅前"
大和西五丁目,阪急バス（株）,大和団地線（大和①、大和②）
大和東四丁目,阪急バス（株）,大和団地線（大和①、大和②）
大和東二丁目,阪急バス（株）,大和団地線（大和①、大和②）
山富団地口,神姫バス（株）,姫路北部53
広宣寺前,神姫バス（株）,"三田駅周辺8, 新三田駅周辺・三田駅周辺73"
河合中,神姫バス（株）,らんらんバス・3　河合統合ルート
パークタウン東口,猪名川町,"ふれあいバス・青コース＆赤コース, ふれあいバス・緑コース"
両月,神姫バス（株）,"北条（加西市）　北条営業所〜アスティアかさい〜東高室〜細工所北口〜宝殿駅北口, 北条（加西市）　北条営業所〜アスティアかさい〜播磨農高前〜細工所北口〜宝殿駅北口"
書写ゴルフ場前,神姫バス（株）,"姫路北部51, 姫路北部52, 姫路北部53"
三田庁舎前,神姫バス（株）,"三田駅周辺8, 三田駅周辺6"
打越西・太陽公園前,神姫バス（株）,"姫路北部35, 姫路北部40"
総合文化センター,神姫バス（株）,"三田駅周辺21, 三田駅周辺24, 三田駅周辺・新三田駅周辺　特急, 三田駅周辺1, 三田駅周辺2, 三田駅周辺32, 三田駅周辺36, 三田駅周辺6, 新三田駅周辺1"
猪渕公会堂前,猪名川町,ふれあいバス・黄コース
池尻上,神姫バス（株）,"三田駅周辺8, 新三田駅周辺・三田駅周辺73"
福住・小田下,神姫バス（株）,"らんらんバス・9　ひまわりタウンルート, らんらんバス・10　中谷ルート"
広根,猪名川町,"ふれあいバス・青コース＆赤コース, ふれあいバス・緑コース"
広根,阪急バス（株）,"川西猪名川線（2、12系統）, 川西猪名川線（2、12、22系統）"
富士が丘4丁目,神姫バス（株）,"三田駅周辺2, 新三田駅周辺・三田駅周辺3, 新三田駅周辺1"
猪渕口,猪名川町,"ふれあいバス・青コース＆赤コース, ふれあいバス・黄コース"
猪渕口,阪急バス（株）,"川西猪名川線（1、6、7、8、9系統）, 川西猪名川線（1、6、9、11、49系統）"
能下,（株）ウイング神姫,"相生　10．15．50＿2, 相生　16．50＿3"
下伊勢,神姫バス（株）,姫路北部32
東畦野六丁目,阪急バス（株）,平野山下線（100系統）
広根南,猪名川町,ふれあいバス・黄コース
重国,神姫バス（株）,"姫路北部86, 北条（加西市）　北条営業所〜南山田〜江鮒団地〜マリア病院〜姫路駅前"
兵庫製紙,神姫バス（株）,"姫路北部86, 北条（加西市）　北条営業所〜南山田〜江鮒団地〜マリア病院〜姫路駅前"
伊勢,神姫バス（株）,姫路北部31
下厚利,神姫バス（株）,三木・小野・社　電鉄小野駅〜古川〜松沢〜天神
三田駅（北口）,神姫バス（株）,"新三田駅周辺・三田駅周辺20, 三田駅周辺21, 三田駅周辺22, 三田駅周辺23, 三田駅周辺24, 三田駅周辺25"
小山東口,（株）ウイング神姫,"てくてくバス, 相生　30．31"
小山東口,上郡町,鞍居・光都線
小屋寺口,神姫バス（株）,三田駅周辺8
延命寺,阪急バス（株）,武田尾線（1・2・3・5・10・11・31系統）
大和東三丁目,阪急バス（株）,大和団地線（大和①、大和②）
高原病院,神姫バス（株）,"三田駅周辺8, 新三田駅周辺・三田駅周辺73"
東觜崎公民館前,（株）ウイング神姫,"たつの市コミュニティバス　兵庫県龍野庁舎ルート, たつの市コミュニティバス　令和跨線橋ルート, たつの市コミュニティバス　はつらつセンタールート, たつの市コミュニティバス　日山ルート, たつの市コミュニティバス　龍野北高校ルート, たつの市コミュニティバス　本竜野駅北進ルート, 山崎　55"
白鷺霊園前,神姫バス（株）,"北条（加西市）　フラワーセンター南門前〜北条営業所〜南山田〜姫路駅前, 北条（加西市）　北条営業所〜西大貫〜北山田〜姫路駅前"
上厚利,神姫バス（株）,三木・小野・社　電鉄小野駅〜古川〜松沢〜天神
神社前,神姫バス（株）,"姫路北部35, 姫路北部40, 姫路北部43"
東古瀬,神姫バス（株）,"三木・小野・社　（電鉄小野駅）〜社〜（加藤市民病院）〜社高校前・三草〜西脇営業所, 三木・小野・社　三宮〜神戸福産団地〜押部谷駅前〜三木営業所〜社, 津山・西脇・社　（急行）西脇営業所〜御坂・新神戸駅前〜三宮, 津山・西脇・社　（急行）西脇営業所〜滝野社I．C・御坂・新神戸駅前〜三宮, 津山・西脇・社　電鉄小野駅〜社（車庫前）〜三草〜西脇, 津山・西脇・社　社（車庫前）〜三木〜明石駅"
市役所前,神姫バス（株）,"三田駅周辺21, 三田駅周辺22, 三田駅周辺23, 三田駅周辺24, 三田駅周辺・新三田駅周辺　特急, 三田駅周辺1, 三田駅周辺2, 三田駅周辺32, 三田駅周辺33, 三田駅周辺34, 三田駅周辺8, 三田駅周辺36, 三田駅周辺13＿1, 三田駅周辺16, 三田駅周辺6, 新三田駅周辺1"
武庫が丘8丁目,神姫バス（株）,"三田駅周辺1, 新三田駅周辺・三田駅周辺3, 新三田駅周辺1"
新定安国寺口,神姫バス（株）,三木・小野・社　電鉄小野駅〜古川〜松沢〜天神
三田大橋,神姫バス（株）,"三田駅周辺8, 三田駅周辺6"
コミセン下東条,神姫バス（株）,"らんらんバス・9　ひまわりタウンルート, らんらんバス・10　中谷ルート"
三田駅,阪急バス（株）,三田線（17系統）
岩木,上郡町,岩木線
大和西二丁目,阪急バス（株）,大和団地線（大和①、大和②）
三田駅（南口）,神姫バス（株）,"三田駅周辺・新三田駅周辺　特急, 新三田駅周辺・三田駅周辺64, 新三田駅周辺・三田駅周辺67, 三田駅周辺1, 三田駅周辺2, 三田駅周辺32, 三田駅周辺33, 三田駅周辺34, 三田駅周辺9, 三田駅周辺10, 三田駅周辺18, 三田駅周辺19, 三田駅周辺8, 三田駅周辺36, 三田駅周辺13＿1, 三田駅周辺16, 三田駅周辺17, 三田駅周辺66, 三田駅周辺14＿1, 三田駅周辺15, 三田駅周辺115, 新三田駅周辺・三田駅周辺3, 三田駅周辺3-2, 三田駅周辺6, 新三田駅周辺・三田駅周辺73, 新三田駅周辺1, 新三田駅周辺・三田駅周辺70, 津山・西脇・社　やしろショッピングパークBio前〜社高校・天神・渡瀬〜三田駅, 津山・西脇・社　社（車庫前）〜加東市民病院・社高校・天神・渡瀬〜三田駅"
桃尾,神姫バス（株）,"三田駅周辺11, 新三田駅周辺11"
小田下川北,神姫バス（株）,"らんらんバス・9　ひまわりタウンルート, らんらんバス・10　中谷ルート"
有馬高校西,神姫バス（株）,"三田駅周辺1, 三田駅周辺2, 新三田駅周辺1"
小田上,神姫バス（株）,"三木・小野・社　電鉄小野駅〜古川〜松沢〜天神, らんらんバス・8　万勝寺ルート, らんらんバス・9　ひまわりタウンルート, らんらんバス・10　中谷ルート"
大枝,上郡町,赤松線
佐野,（株）ウイング神姫,山崎　50
天神3丁目,神姫バス（株）,"三田駅周辺1, 三田駅周辺2, 新三田駅周辺1"
農協吉井支所前,神姫バス（株）,三木・小野・社　電鉄小野駅〜古川〜松沢〜天神
鍛治内,神姫バス（株）,"姫路北部82, 姫路北部86, 北条（加西市）　北条営業所〜南山田〜江鮒団地〜マリア病院〜姫路駅前"
曽根,神姫バス（株）,"三木・小野・社　電鉄小野駅〜古川〜松沢〜天神, らんらんバス・9　ひまわりタウンルート, らんらんバス・10　中谷ルート"
大和東一丁目,阪急バス（株）,大和団地線（大和①、大和②）
西畦野,阪急バス（株）,平野山下線（100系統）
つつじが丘五丁目,猪名川町,ふれあいバス・黄コース
つつじが丘五丁目,阪急バス（株）,"川西猪名川線（1、6、7、8、9系統）, 川西猪名川線（1、6、9、11、49系統）"
富士が丘3丁目,神姫バス（株）,"三田駅周辺2, 新三田駅周辺・三田駅周辺3, 新三田駅周辺1"
吉井,神姫バス（株）,三木・小野・社　電鉄小野駅〜古川〜松沢〜天神
吉川インター,神姫バス（株）,"津山・西脇・社　（急行）社（車庫前）〜新大阪駅〜大阪駅, 北条（加西市）　アスティアかさい〜新大阪駅・大阪駅"
古市,神姫バス（株）,"三田駅周辺10, 三木・小野・社12, 津山・西脇・社　やしろショッピングパークBio前〜社高校・天神・渡瀬〜三田駅, 津山・西脇・社　社（車庫前）〜加東市民病院・社高校・天神・渡瀬〜三田駅, 三田駅周辺13＿2"
吉川図書館前,神姫バス（株）,"三田駅周辺9, 三田駅周辺10, 三田駅周辺11, 新三田駅周辺11, 三木・小野・社　三宮〜淡河本町南〜みなぎ台〜吉川図書館前（夏ルート・冬ルート）, 三木・小野・社109, 三木・小野・社16, 三木・小野・社17, 三木・小野・社117, 津山・西脇・社　やしろショッピングパークBio前〜社高校・天神・渡瀬〜三田駅, 津山・西脇・社　社（車庫前）〜加東市民病院・社高校・天神・渡瀬〜三田駅"
稲田,神姫バス（株）,"三田駅周辺9, 三田駅周辺10, 三田駅周辺11, 新三田駅周辺11, 津山・西脇・社　やしろショッピングパークBio前〜社高校・天神・渡瀬〜三田駅, 津山・西脇・社　社（車庫前）〜加東市民病院・社高校・天神・渡瀬〜三田駅"
九会,神姫バス（株）,姫路北部71
九会,加西市,九会線
池田,神姫バス（株）,"三木・小野・社　電鉄小野駅〜古川〜松沢〜天神, らんらんバス・9　ひまわりタウンルート, らんらんバス・10　中谷ルート"
住吉町上,神姫バス（株）,"らんらんバス・9　ひまわりタウンルート, らんらんバス・10　中谷ルート"
仁豊野,神姫バス（株）,"姫路北部82, 姫路北部84, 姫路北部86, 北条（加西市）　北条営業所〜南山田〜江鮒団地〜マリア病院〜姫路駅前"
松沢,神姫バス（株）,三木・小野・社　電鉄小野駅〜古川〜松沢〜天神
小山,（株）ウイング神姫,"てくてくバス, 相生　30．31"
小山,上郡町,鞍居・光都線
つつじが丘一丁目,猪名川町,ふれあいバス・黄コース
つつじが丘一丁目,阪急バス（株）,"川西猪名川線（1、6、7、8、9系統）, 川西猪名川線（1、6、9、11、49系統）"
武庫が丘6丁目,神姫バス（株）,"三田駅周辺2, 三田駅周辺3-2, 新三田駅周辺1"
つつじが丘二丁目,猪名川町,ふれあいバス・黄コース
つつじが丘二丁目,阪急バス（株）,"川西猪名川線（1、6、7、8、9系統）, 川西猪名川線（1、6、9、11、49系統）"
小田農協,神姫バス（株）,"三木・小野・社　電鉄小野駅〜古川〜松沢〜天神, らんらんバス・10　中谷ルート"
牧の台小学校前,阪急バス（株）,大和団地線（大和①、大和②）
王子,神姫バス（株）,"北条（加西市）　北条営業所〜アスティアかさい〜東高室〜細工所北口〜宝殿駅北口, 北条（加西市）　北条営業所〜アスティアかさい〜播磨農高前〜細工所北口〜宝殿駅北口"
吉安,神姫バス（株）,"三田駅周辺9, 三田駅周辺10, 三田駅周辺11, 新三田駅周辺11, 三木・小野・社　三宮〜淡河本町南〜みなぎ台〜吉川図書館前（夏ルート・冬ルート）, 三木・小野・社109, 三木・小野・社16, 三木・小野・社17, 三木・小野・社117, 三木・小野・社50, 津山・西脇・社　やしろショッピングパークBio前〜社高校・天神・渡瀬〜三田駅, 津山・西脇・社　社（車庫前）〜加東市民病院・社高校・天神・渡瀬〜三田駅"
法務局前,神姫バス（株）,"三田駅周辺2, 三田駅周辺13＿1, 三田駅周辺16, 三田駅周辺6, 新三田駅周辺1"
フラワータウンセンター,神姫バス（株）,"三田駅周辺・新三田駅周辺　特急, 三田駅周辺1, 三田駅周辺2, 三田駅周辺18, 新三田駅周辺・三田駅周辺3, 三田駅周辺3-2, 新三田駅周辺・三田駅周辺73, 新三田駅周辺1, 新三田駅周辺・三田駅周辺70, 新三田駅周辺63"
吉川中学校前,神姫バス（株）,"三田駅周辺9, 三田駅周辺10, 三田駅周辺11, 新三田駅周辺11, 三木・小野・社　三宮〜淡河本町南〜みなぎ台〜吉川図書館前（夏ルート・冬ルート）, 三木・小野・社109, 三木・小野・社16, 三木・小野・社17, 三木・小野・社117, 三木・小野・社50, 津山・西脇・社　やしろショッピングパークBio前〜社高校・天神・渡瀬〜三田駅, 津山・西脇・社　社（車庫前）〜加東市民病院・社高校・天神・渡瀬〜三田駅"
小田下,神姫バス（株）,"三木・小野・社　電鉄小野駅〜古川〜松沢〜天神, らんらんバス・10　中谷ルート"
打越,神姫バス（株）,"姫路北部33, 姫路北部34, 姫路北部35, 姫路北部40, 姫路北部41, 姫路北部42, 姫路北部43"
平成大橋,神姫バス（株）,"新三田駅周辺・三田駅周辺64, 新三田駅周辺・三田駅周辺67, 三田駅周辺1, 三田駅周辺2, 三田駅周辺9, 三田駅周辺10, 三田駅周辺16, 三田駅周辺17, 三田駅周辺66, 三田駅周辺14＿1, 三田駅周辺15, 三田駅周辺115, 新三田駅周辺・三田駅周辺3, 三田駅周辺3-2, 新三田駅周辺1, 新三田駅周辺・三田駅周辺70, 津山・西脇・社　やしろショッピングパークBio前〜社高校・天神・渡瀬〜三田駅, 津山・西脇・社　社（車庫前）〜加東市民病院・社高校・天神・渡瀬〜三田駅"
平成大橋,阪急バス（株）,三田線（17系統）
下東条小学校,神姫バス（株）,"らんらんバス・8　万勝寺ルート, らんらんバス・10　中谷ルート"
つつじが丘,阪急バス（株）,"川西猪名川線（1、6、7、8、9系統）, 川西猪名川線（1、6、9、11、49系統）"
吉川IC前,神姫バス（株）,"三田駅周辺9, 三田駅周辺10, 三田駅周辺11, 新三田駅周辺11, 三木・小野・社　三宮〜淡河本町南〜みなぎ台〜吉川図書館前（夏ルート・冬ルート）, 三木・小野・社109, 三木・小野・社16, 三木・小野・社17, 三木・小野・社117, 三木・小野・社50, 津山・西脇・社　やしろショッピングパークBio前〜社高校・天神・渡瀬〜三田駅, 津山・西脇・社　社（車庫前）〜加東市民病院・社高校・天神・渡瀬〜三田駅"
二瀬川,神姫バス（株）,"三田駅周辺9, 三田駅周辺10, 三田駅周辺11, 新三田駅周辺11, 津山・西脇・社　やしろショッピングパークBio前〜社高校・天神・渡瀬〜三田駅, 津山・西脇・社　社（車庫前）〜加東市民病院・社高校・天神・渡瀬〜三田駅"
畦野駅,阪急バス（株）,大和団地線（大和①、大和②）
三田谷公園北口,神姫バス（株）,"三田駅周辺2, 三田駅周辺3-2"
白鳥台3丁目・太陽公園南,神姫バス（株）,"姫路北部35, 姫路北部36, 姫路北部40"
有安,神姫バス（株）,"三田駅周辺10, 三木・小野・社12, 津山・西脇・社　やしろショッピングパークBio前〜社高校・天神・渡瀬〜三田駅, 津山・西脇・社　社（車庫前）〜加東市民病院・社高校・天神・渡瀬〜三田駅, 三田駅周辺13＿2"
大畑,神姫バス（株）,"三田駅周辺9, 三田駅周辺10, 三田駅周辺11, 新三田駅周辺11, 三木・小野・社　三宮〜淡河本町南〜みなぎ台〜吉川図書館前（夏ルート・冬ルート）, 三木・小野・社109, 三木・小野・社16, 三木・小野・社17, 三木・小野・社117, 津山・西脇・社　やしろショッピングパークBio前〜社高校・天神・渡瀬〜三田駅, 津山・西脇・社　社（車庫前）〜加東市民病院・社高校・天神・渡瀬〜三田駅"
玉田,神姫バス（株）,"姫路北部51, 姫路北部52, 姫路北部53"
弥生が丘5丁目,神姫バス（株）,"三田駅周辺・新三田駅周辺　特急, 三田駅周辺2, 三田駅周辺3-2, 新三田駅周辺1, 新三田駅周辺63"
玉瀬,阪急バス（株）,武田尾線（1・2・3・5・10・11・31系統）
健康福祉センター（よかたん）,神姫バス（株）,三木・小野・社50
金会,神姫バス（株）,"三田駅周辺9, 三田駅周辺10, 三田駅周辺11, 新三田駅周辺11, 津山・西脇・社　やしろショッピングパークBio前〜社高校・天神・渡瀬〜三田駅, 津山・西脇・社　社（車庫前）〜加東市民病院・社高校・天神・渡瀬〜三田駅"
日本化薬西口,神姫バス（株）,"北条（加西市）　フラワーセンター南門前〜北条営業所〜南山田〜姫路駅前, 北条（加西市）　北条営業所〜西大貫〜北山田〜姫路駅前"
中野学校前,神姫バス（株）,姫路北部71
中野学校前,加西市,九会線
三田幼稚園前,神姫バス（株）,三田駅周辺6
前田橋,阪急バス（株）,武田尾線（1・2・3・5・10・11・31系統）
猪名川台中公園前,猪名川町,ふれあいバス・黄コース
栗橋北口,神姫バス（株）,姫路北部82
河合西,神姫バス（株）,らんらんバス・3　河合統合ルート
つつじが丘四丁目,猪名川町,ふれあいバス・黄コース
つつじが丘四丁目,阪急バス（株）,"川西猪名川線（1、6、7、8、9系統）, 川西猪名川線（1、6、9、11、49系統）"
肝川橋,阪急バス（株）,"川西猪名川線（2、12系統）, 川西猪名川線（2、12、22系統）"
仁豊野南口,神姫バス（株）,"姫路北部82, 姫路北部84, 姫路北部86, 北条（加西市）　北条営業所〜南山田〜江鮒団地〜マリア病院〜姫路駅前"
文珠橋,阪急バス（株）,平野山下線（100系統）
大和西一丁目,阪急バス（株）,大和団地線（大和①、大和②）
肝川公会堂前,猪名川町,ふれあいバス・黄コース
三田本町,神姫バス（株）,"新三田駅周辺・三田駅周辺64, 新三田駅周辺・三田駅周辺67, 三田駅周辺1, 三田駅周辺2, 三田駅周辺9, 三田駅周辺10, 三田駅周辺16, 三田駅周辺17, 三田駅周辺66, 三田駅周辺14＿1, 三田駅周辺15, 三田駅周辺115, 新三田駅周辺・三田駅周辺3, 三田駅周辺3-2, 新三田駅周辺・三田駅周辺73, 新三田駅周辺1, 新三田駅周辺・三田駅周辺70, 津山・西脇・社　やしろショッピングパークBio前〜社高校・天神・渡瀬〜三田駅, 津山・西脇・社　社（車庫前）〜加東市民病院・社高校・天神・渡瀬〜三田駅"
三田本町,阪急バス（株）,三田線（17系統）
東觜崎南,（株）ウイング神姫,"たつの市コミュニティバス　兵庫県龍野庁舎ルート, たつの市コミュニティバス　令和跨線橋ルート, たつの市コミュニティバス　はつらつセンタールート, たつの市コミュニティバス　日山ルート, たつの市コミュニティバス　龍野北高校ルート, たつの市コミュニティバス　本竜野駅北進ルート"
とくなが病院,（株）ウイング神姫,山崎　55
中番小学校,神姫バス（株）,"三木・小野・社　電鉄小野駅〜古川〜松沢〜天神, らんらんバス・9　ひまわりタウンルート, らんらんバス・10　中谷ルート"
弥生小学校前,神姫バス（株）,"三田駅周辺2, 三田駅周辺3-2, 新三田駅周辺63"
新田橋西詰,上郡町,岩木線
人形渡橋,神姫バス（株）,新三田駅周辺62
中吉川小学校前,神姫バス（株）,"三田駅周辺9, 三田駅周辺10, 三木・小野・社12, 三木・小野・社109, 三木・小野・社16, 三木・小野・社17, 三木・小野・社117, 津山・西脇・社　やしろショッピングパークBio前〜社高校・天神・渡瀬〜三田駅, 津山・西脇・社　社（車庫前）〜加東市民病院・社高校・天神・渡瀬〜三田駅"
つつじが丘三丁目,猪名川町,ふれあいバス・黄コース
つつじが丘三丁目,阪急バス（株）,"川西猪名川線（1、6、7、8、9系統）, 川西猪名川線（1、6、9、11、49系統）"
久保木,神姫バス（株）,"三木・小野・社　電鉄小野駅〜古川〜松沢〜天神, らんらんバス・9　ひまわりタウンルート"
さんだ市民センター前,神姫バス（株）,"三田駅周辺2, 三田駅周辺16, 三田駅周辺6, 新三田駅周辺1"
伊勢茶屋,神姫バス（株）,"姫路北部31, 姫路北部32"
住吉町,神姫バス（株）,"三木・小野・社　電鉄小野駅〜古川〜松沢〜天神, らんらんバス・9　ひまわりタウンルート, らんらんバス・10　中谷ルート"
教会前,神姫バス（株）,"三田駅周辺9, 三田駅周辺10, 三木・小野・社12, 三木・小野・社109, 三木・小野・社16, 三木・小野・社17, 三木・小野・社117, 津山・西脇・社　やしろショッピングパークBio前〜社高校・天神・渡瀬〜三田駅, 津山・西脇・社　社（車庫前）〜加東市民病院・社高校・天神・渡瀬〜三田駅"
船木町交差点北,神姫バス（株）,"らんらんバス・9　ひまわりタウンルート, らんらんバス・10　中谷ルート"
差組,猪名川町,ふれあいバス・黄コース
差組,阪急バス（株）,"川西猪名川線（2、12系統）, 川西猪名川線（2、12、22系統）"
船木,神姫バス（株）,"三木・小野・社　電鉄小野駅〜古川〜松沢〜天神, らんらんバス・10　中谷ルート"
武庫が丘2丁目,神姫バス（株）,"三田駅周辺1, 三田駅周辺2, 三田駅周辺3-2, 新三田駅周辺1"
差組橋,猪名川町,ふれあいバス・黄コース
毘沙門,神姫バス（株）,"三田駅周辺9, 三田駅周辺10, 津山・西脇・社　やしろショッピングパークBio前〜社高校・天神・渡瀬〜三田駅, 津山・西脇・社　社（車庫前）〜加東市民病院・社高校・天神・渡瀬〜三田駅"
赤坂,神姫バス（株）,三田駅周辺13＿1
池田公民館前,神姫バス（株）,"らんらんバス・9　ひまわりタウンルート, らんらんバス・10　中谷ルート"
菅田,神姫バス（株）,"三木・小野・社　電鉄小野駅〜古川〜松沢〜天神, らんらんバス・9　ひまわりタウンルート, らんらんバス・10　中谷ルート"
潮橋,神姫バス（株）,"三田駅周辺9, 三田駅周辺10, 三木・小野・社12, 三木・小野・社109, 三木・小野・社16, 三木・小野・社17, 三木・小野・社117, 津山・西脇・社　やしろショッピングパークBio前〜社高校・天神・渡瀬〜三田駅, 津山・西脇・社　社（車庫前）〜加東市民病院・社高校・天神・渡瀬〜三田駅"
石道口,阪急バス（株）,"川西猪名川線（1、6、7、8、9系統）, 川西猪名川線（1、6、9、11、49系統）, 川西猪名川線（2、12系統）, 川西猪名川線（2、12、22系統）"
猪名川台南公園前,猪名川町,ふれあいバス・黄コース
狭間が丘県住前,神姫バス（株）,"三田駅周辺・新三田駅周辺　特急, 三田駅周辺1, 三田駅周辺2, 新三田駅周辺・三田駅周辺3, 三田駅周辺3-2, 新三田駅周辺1, 新三田駅周辺63"
久保木公会堂,神姫バス（株）,"三木・小野・社　電鉄小野駅〜古川〜松沢〜天神, らんらんバス・9　ひまわりタウンルート"
白鳥台,神姫バス（株）,姫路北部36
中谷,神姫バス（株）,"らんらんバス・9　ひまわりタウンルート, らんらんバス・10　中谷ルート"
玉瀬辻,阪急バス（株）,武田尾線（1・2・3・5・10・11・31系統）
グリーンハイツ北,阪急バス（株）,平野山下線（100系統）
古法華公園,神姫バス（株）,姫路北部82
差組大橋,猪名川町,ふれあいバス・黄コース
差組大橋,阪急バス（株）,"川西猪名川線（1、6、7、8、9系統）, 川西猪名川線（1、6、9、11、49系統）"
金竹,神姫バス（株）,"北条（加西市）　フラワーセンター南門前〜北条営業所〜南山田〜姫路駅前, 北条（加西市）　北条営業所〜西大貫〜北山田〜姫路駅前"
尾長谷,（株）ウイング神姫,"てくてくバス, 相生　30．31"
尾長谷,上郡町,鞍居・光都線
渡瀬,神姫バス（株）,"三田駅周辺9, 三田駅周辺10, 三田駅周辺11, 新三田駅周辺11, 三木・小野・社12, 三木・小野・社109, 三木・小野・社16, 三木・小野・社17, 三木・小野・社117, 三木・小野・社6, 津山・西脇・社　やしろショッピングパークBio前〜社高校・天神・渡瀬〜三田駅, 津山・西脇・社　社（車庫前）〜加東市民病院・社高校・天神・渡瀬〜三田駅, 三田駅周辺13＿2"
北古川,神姫バス（株）,"三木・小野・社　（電鉄小野駅）〜社〜（加藤市民病院）〜社高校前・三草〜西脇営業所, 津山・西脇・社　電鉄小野駅〜社（車庫前）〜三草〜西脇, 津山・西脇・社　社（車庫前）〜三木〜明石駅, らんらんバス・9　ひまわりタウンルート"
畑中,神姫バス（株）,"三田駅周辺13＿1, 三田駅周辺6"
買野,神姫バス（株）,"らんらんバス・9　ひまわりタウンルート, らんらんバス・10　中谷ルート"
新部,神姫バス（株）,らんらんバス・3　河合統合ルート
京口,神姫バス（株）,"新三田駅周辺・三田駅周辺64, 新三田駅周辺・三田駅周辺67, 三田駅周辺1, 三田駅周辺2, 三田駅周辺9, 三田駅周辺10, 三田駅周辺16, 三田駅周辺17, 三田駅周辺66, 三田駅周辺14＿1, 三田駅周辺15, 三田駅周辺115, 新三田駅周辺・三田駅周辺3, 三田駅周辺3-2, 新三田駅周辺・三田駅周辺73, 新三田駅周辺1, 新三田駅周辺・三田駅周辺70, 津山・西脇・社　やしろショッピングパークBio前〜社高校・天神・渡瀬〜三田駅, 津山・西脇・社　社（車庫前）〜加東市民病院・社高校・天神・渡瀬〜三田駅"
京口,阪急バス（株）,三田線（17系統）
切畑北口,阪急バス（株）,武田尾線（1・2・3・5・10・11・31系統）
清和台営業所前,阪急バス（株）,"川西猪名川線（1、6、7、8、9系統）, 川西猪名川線（1、6、9、11、49系統）, 川西猪名川線（3、23系統）, 川西猪名川線（2、12系統）, 川西猪名川線（2、12、22系統）, 多田グリーンハイツ線（101、102、104、105、106系統）"
起生園,神姫バス（株）,らんらんバス・3　河合統合ルート
六角,神姫バス（株）,"姫路北部33, 姫路北部34, 姫路北部35, 姫路北部40, 姫路北部41, 姫路北部42, 姫路北部43"
北摂三田高校前,神姫バス（株）,"三田駅周辺1, 新三田駅周辺・三田駅周辺3, 新三田駅周辺55, 新三田駅周辺1, 新三田駅周辺53"
弥生が丘2丁目,神姫バス（株）,"三田駅周辺2, 三田駅周辺3-2, 新三田駅周辺63"
毛野,神姫バス（株）,"姫路北部35, 姫路北部36, 姫路北部40"
日本化薬前,神姫バス（株）,姫路北部82
住吉町川南,神姫バス（株）,らんらんバス・10　中谷ルート
玉田南口,神姫バス（株）,"姫路北部51, 姫路北部52, 姫路北部53"
大柳,神姫バス（株）,姫路北部82
中野,神姫バス（株）,姫路北部71
水明台四丁目,阪急バス（株）,多田グリーンハイツ線（101、102、104、105、106系統）
高丸,神姫バス（株）,姫路北部82
島田,（株）ウイング神姫,"たつの市コミュニティバス　兵庫県龍野庁舎ルート, たつの市コミュニティバス　令和跨線橋ルート, たつの市コミュニティバス　はつらつセンタールート, たつの市コミュニティバス　日山ルート, たつの市コミュニティバス　龍野北高校ルート, たつの市コミュニティバス　本竜野駅北進ルート"
下里農協前,神姫バス（株）,"北条（加西市）　北条営業所〜アスティアかさい〜東高室〜細工所北口〜宝殿駅北口, 北条（加西市）　北条営業所〜アスティアかさい〜播磨農高前〜細工所北口〜宝殿駅北口"
山の上,神姫バス（株）,"三木・小野・社109, 三木・小野・社16, 三木・小野・社17, 三木・小野・社117, 三木・小野・社6"
細野,神姫バス（株）,姫路北部82
黒田,神姫バス（株）,姫路北部82
河合西駅前,神姫バス（株）,らんらんバス・3　河合統合ルート
赤松台北,神姫バス（株）,新三田駅周辺62
ふれあい橋,神姫バス（株）,"三田駅周辺11, 新三田駅周辺11, 三木・小野・社　三宮〜淡河本町南〜みなぎ台〜吉川図書館前（夏ルート・冬ルート）, 三木・小野・社12, 三木・小野・社109, 三木・小野・社17, 三木・小野・社117"
管理事務所前,神姫バス（株）,"らんらんバス・9　ひまわりタウンルート, らんらんバス・10　中谷ルート"
市立図書館前,神姫バス（株）,"三田駅周辺・新三田駅周辺　特急, 新三田駅周辺・三田駅周辺64, 新三田駅周辺・三田駅周辺67, 三田駅周辺1, 三田駅周辺2, 三田駅周辺18, 三田駅周辺19, 三田駅周辺16, 三田駅周辺17, 三田駅周辺66, 新三田駅周辺・三田駅周辺3, 三田駅周辺3-2, 三田駅周辺6, 新三田駅周辺・三田駅周辺73, 新三田駅周辺1, 新三田駅周辺・三田駅周辺70"
古川,神姫バス（株）,"三木・小野・社　（電鉄小野駅）〜社〜（加藤市民病院）〜社高校前・三草〜西脇営業所, 三木・小野・社　電鉄小野駅〜古川〜松沢〜天神, 三木・小野・社　三宮〜神戸福産団地〜押部谷駅前〜三木営業所〜社, 津山・西脇・社　（急行）西脇営業所〜御坂・新神戸駅前〜三宮, 津山・西脇・社　（急行）西脇営業所〜滝野社I．C・御坂・新神戸駅前〜三宮, 津山・西脇・社　電鉄小野駅〜社（車庫前）〜三草〜西脇, 津山・西脇・社　社（車庫前）〜三木〜明石駅, らんらんバス・9　ひまわりタウンルート"
狭間が丘2丁目,神姫バス（株）,"三田駅周辺1, 新三田駅周辺・三田駅周辺3, 新三田駅周辺1"
書写山ロープウェイ,神姫バス（株）,姫路北部8
榊,（株）ウイング神姫,"相生　60．62, 相生　61．63"
陽明小学校前,阪急バス（株）,"多田グリーンハイツ線（101、102、104、105、106系統）, 平野山下線（100系統）"
旭ヶ丘中学校口,神姫バス（株）,三木・小野・社　電鉄小野駅〜古川〜松沢〜天神
大柳南口,神姫バス（株）,姫路北部82
中央公民館前,（株）ウイング神姫,"てくてくバス, 相生　30．31"
キリンビール神戸工場前,神姫バス（株）,三田駅周辺・新三田駅周辺　特急
サバービア豊富北,神姫バス（株）,姫路北部82
岩屋,神姫バス（株）,姫路北部82
長尾西,神姫バス（株）,新三田駅周辺62
狭間が丘3丁目,神姫バス（株）,"三田駅周辺1, 新三田駅周辺・三田駅周辺3, 新三田駅周辺1"
生涯学習支援センター,上郡町,"まちなか周回線, 鞍居・光都線"
プロロジスパーク猪名川2,阪急バス（株）,川西猪名川線（1、6、9、11、49系統）
切畑,阪急バス（株）,武田尾線（1・2・3・5・10・11・31系統）
サバービア豊富西,神姫バス（株）,姫路北部82
六角南,神姫バス（株）,"姫路北部33, 姫路北部34, 姫路北部35, 姫路北部36, 姫路北部40"
国道マリア病院,神姫バス（株）,"姫路北部82, 姫路北部84, 姫路北部86, 北条（加西市）　北条営業所〜南山田〜江鮒団地〜マリア病院〜姫路駅前"
北砂川,神姫バス（株）,"北条（加西市）　フラワーセンター南門前〜北条営業所〜南山田〜姫路駅前, 北条（加西市）　北条営業所〜西大貫〜北山田〜姫路駅前"
清和台一丁目,阪急バス（株）,"川西猪名川線（1、6、7、8、9系統）, 川西猪名川線（1、6、9、11、49系統）, 川西猪名川線（3、23系統）, 川西猪名川線（2、12系統）, 川西猪名川線（2、12、22系統）, 多田グリーンハイツ線（101、102、104、105、106系統）"
マリア病院,神姫バス（株）,"姫路北部82, 北条（加西市）　北条営業所〜南山田〜江鮒団地〜マリア病院〜姫路駅前"
水明台三丁目,阪急バス（株）,多田グリーンハイツ線（101、102、104、105、106系統）
八景中学校,神姫バス（株）,"三田駅周辺9, 三田駅周辺10, 三田駅周辺14＿1, 三田駅周辺15, 三田駅周辺115, 津山・西脇・社　やしろショッピングパークBio前〜社高校・天神・渡瀬〜三田駅, 津山・西脇・社　社（車庫前）〜加東市民病院・社高校・天神・渡瀬〜三田駅"
うぐいす台,神姫バス（株）,"らんらんバス・9　ひまわりタウンルート, らんらんバス・10　中谷ルート"
特別支援学校,神姫バス（株）,らんらんバス・3　河合統合ルート
プロロジスパーク猪名川1,阪急バス（株）,川西猪名川線（1、6、9、11、49系統）
森公民館前,（株）ウイング神姫,"相生　10．15．50＿2, 相生　16．50＿3"
床坂菅生台,神姫バス（株）,"姫路北部41, 姫路北部42, 姫路北部43"
河合小学校前,神姫バス（株）,らんらんバス・3　河合統合ルート
井上区公民館前,上郡町,岩木線
長谷,神姫バス（株）,"三木・小野・社109, 三木・小野・社16, 三木・小野・社17, 三木・小野・社117, 三木・小野・社6"
貸潮坂,神姫バス（株）,"三田駅周辺11, 新三田駅周辺11"
給食センター前,神姫バス（株）,"三田駅周辺1, 新三田駅周辺・三田駅周辺3, 新三田駅周辺1"
段町,（株）ウイング神姫,"てくてくバス, 相生　30．31"
段町,上郡町,"まちなか周回線, 鞍居・光都線"
北龍野,（株）ウイング神姫,山崎　50
西笠原,神姫バス（株）,"北条（加西市）　北条営業所〜アスティアかさい〜東高室〜細工所北口〜宝殿駅北口, 北条（加西市）　北条営業所〜アスティアかさい〜播磨農高前〜細工所北口〜宝殿駅北口"
中野,（株）ウイング神姫,"相生　60．62, 相生　61．63"
書写東坂,神姫バス（株）,"姫路北部7, 姫路北部41, 姫路北部42, 姫路北部43, 姫路北部45"
砂川,神姫バス（株）,"北条（加西市）　フラワーセンター南門前〜北条営業所〜南山田〜姫路駅前, 北条（加西市）　北条営業所〜西大貫〜北山田〜姫路駅前"
八景中学校前,阪急バス（株）,三田線（17系統）
市野瀬,神姫バス（株）,"三田駅周辺9, 三田駅周辺10, 津山・西脇・社　やしろショッピングパークBio前〜社高校・天神・渡瀬〜三田駅, 津山・西脇・社　社（車庫前）〜加東市民病院・社高校・天神・渡瀬〜三田駅"
脇本下西山,神姫バス（株）,らんらんバス・8　万勝寺ルート
書写東住宅,神姫バス（株）,姫路北部8
西坂口,神姫バス（株）,"姫路北部7, 姫路北部41, 姫路北部42, 姫路北部43, 姫路北部45"
みなぎ台1丁目,神姫バス（株）,"三田駅周辺18, 三田駅周辺19, 三田駅周辺8, 三田駅周辺11, 新三田駅周辺11, 三木・小野・社　三宮〜淡河本町南〜みなぎ台〜吉川図書館前（夏ルート・冬ルート）, 三木・小野・社12, 三木・小野・社109, 三木・小野・社17, 三木・小野・社117"
東洋大学姫路高校,神姫バス（株）,"姫路北部7, 姫路北部41, 姫路北部42, 姫路北部43, 姫路北部45"
武田尾辻,阪急バス（株）,武田尾線（1・2・3・5・10・11・31系統）
向陽台三丁目,阪急バス（株）,"多田グリーンハイツ線（101、102、104、105、106系統）, 平野山下線（100系統）"
町立認定こども園,上郡町,まちなか周回線
森,（株）ウイング神姫,"相生　60．62, 相生　61．63"
西坂,神姫バス（株）,"姫路北部7, 姫路北部41, 姫路北部42, 姫路北部43, 姫路北部45"
上肝川,猪名川町,ふれあいバス・黄コース
龍野中央病院,（株）ウイング神姫,山崎　55
米田口,神姫バス（株）,三木・小野・社50
県立大工学部,神姫バス（株）,"姫路北部7, 姫路北部41, 姫路北部42, 姫路北部43, 姫路北部45, 姫路北部　姫路駅（北口）〜SPring-8"
砥堀小学校前,神姫バス（株）,"姫路北部82, 姫路北部84, 姫路北部86, 北条（加西市）　北条営業所〜南山田〜江鮒団地〜マリア病院〜姫路駅前"
上松,神姫バス（株）,"三木・小野・社109, 三木・小野・社16, 三木・小野・社17, 三木・小野・社117, 三木・小野・社6"
島田南,（株）ウイング神姫,"たつの市コミュニティバス　兵庫県龍野庁舎ルート, たつの市コミュニティバス　令和跨線橋ルート, たつの市コミュニティバス　はつらつセンタールート, たつの市コミュニティバス　日山ルート, たつの市コミュニティバス　龍野北高校ルート, たつの市コミュニティバス　本竜野駅北進ルート"
岩谷口,神姫バス（株）,"三田駅周辺9, 三田駅周辺10, 新三田駅周辺62, 津山・西脇・社　やしろショッピングパークBio前〜社高校・天神・渡瀬〜三田駅, 津山・西脇・社　社（車庫前）〜加東市民病院・社高校・天神・渡瀬〜三田駅"
赤松台南,神姫バス（株）,新三田駅周辺62
鶉野南,神姫バス（株）,姫路北部71
菅生台西口,神姫バス（株）,"姫路北部33, 姫路北部34, 姫路北部35, 姫路北部36, 姫路北部40"
昭和町公民館前,神姫バス（株）,らんらんバス・3　河合統合ルート
上津,神姫バス（株）,"三田駅周辺9, 三田駅周辺10, 津山・西脇・社　やしろショッピングパークBio前〜社高校・天神・渡瀬〜三田駅, 津山・西脇・社　社（車庫前）〜加東市民病院・社高校・天神・渡瀬〜三田駅"
曽坂口,神姫バス（株）,"北条（加西市）　フラワーセンター南門前〜北条営業所〜南山田〜姫路駅前, 北条（加西市）　北条営業所〜西大貫〜北山田〜姫路駅前"
水明台一丁目,阪急バス（株）,多田グリーンハイツ線（101、102、104、105、106系統）
昭和町,神姫バス（株）,らんらんバス・3　河合統合ルート
国道本町,上郡町,赤松線
笠原,神姫バス（株）,姫路北部71
上郡町役場,上郡町,まちなか周回線
法華口駅前,神姫バス（株）,姫路北部71
書写郵便局前,神姫バス（株）,"姫路北部7, 姫路北部8, 姫路北部41, 姫路北部42, 姫路北部43, 姫路北部45"
元出雲大社前,上郡町,"まちなか周回線, 鞍居・光都線"
喜多口,神姫バス（株）,らんらんバス・9　ひまわりタウンルート
出雲大社前,（株）ウイング神姫,"てくてくバス, 相生　30．31"
祇園橋,（株）ウイング神姫,"山崎　55, 山崎　50"
清和台中央,阪急バス（株）,"川西猪名川線（1、6、7、8、9系統）, 川西猪名川線（1、6、9、11、49系統）, 川西猪名川線（3、23系統）, 川西猪名川線（2、12系統）, 川西猪名川線（2、12、22系統）, 多田グリーンハイツ線（101、102、104、105、106系統）"
鹿ノ子温泉口,神姫バス（株）,"三田駅周辺9, 三田駅周辺10, 三田駅周辺13＿1, 津山・西脇・社　やしろショッピングパークBio前〜社高校・天神・渡瀬〜三田駅, 津山・西脇・社　社（車庫前）〜加東市民病院・社高校・天神・渡瀬〜三田駅"
長尾,神姫バス（株）,"三田駅周辺9, 三田駅周辺10, 新三田駅周辺62, 津山・西脇・社　やしろショッピングパークBio前〜社高校・天神・渡瀬〜三田駅, 津山・西脇・社　社（車庫前）〜加東市民病院・社高校・天神・渡瀬〜三田駅"
三田学園前,神姫バス（株）,"三田駅周辺9, 三田駅周辺10, 津山・西脇・社　やしろショッピングパークBio前〜社高校・天神・渡瀬〜三田駅, 津山・西脇・社　社（車庫前）〜加東市民病院・社高校・天神・渡瀬〜三田駅"
グリーンハイツ北,神姫バス（株）,らんらんバス・3　河合統合ルート
西方寺橋,上郡町,船坂・梨ヶ原線
書写南,神姫バス（株）,姫路北部　姫路駅（北口）〜SPring-8
宅原,神姫バス（株）,"新三田駅周辺・三田駅周辺64, 新三田駅周辺・三田駅周辺67, 三田駅周辺16, 三田駅周辺17, 三田駅周辺66"
高田町,神姫バス（株）,"三木・小野・社　（電鉄小野駅）〜社〜（加藤市民病院）〜社高校前・三草〜西脇営業所, 三木・小野・社　電鉄小野駅〜古川〜松沢〜天神, 津山・西脇・社　電鉄小野駅〜社（車庫前）〜三草〜西脇, 津山・西脇・社　社（車庫前）〜三木〜明石駅"
高山町,神姫バス（株）,らんらんバス・10　中谷ルート
横関東口,神姫バス（株）,"姫路北部7, 姫路北部8"
奥猫尾,神姫バス（株）,姫路北部71
石倉,神姫バス（株）,"姫路北部31, 姫路北部32"
船坂公民館前,上郡町,船坂・梨ヶ原線
久次,神姫バス（株）,"三木・小野・社109, 三木・小野・社16, 三木・小野・社17, 三木・小野・社117, 三木・小野・社6"
書写台1丁目,神姫バス（株）,姫路北部45
市原口,神姫バス（株）,新三田駅周辺62
大江橋,神姫バス（株）,"三田駅周辺9, 三田駅周辺10, 三田駅周辺13＿1, 津山・西脇・社　やしろショッピングパークBio前〜社高校・天神・渡瀬〜三田駅, 津山・西脇・社　社（車庫前）〜加東市民病院・社高校・天神・渡瀬〜三田駅"
船坂第二自治会公民館,上郡町,船坂・梨ヶ原線
善防,神姫バス（株）,"姫路北部71, 北条（加西市）　北条営業所〜アスティアかさい〜東高室〜細工所北口〜宝殿駅北口, 北条（加西市）　北条営業所〜アスティアかさい〜播磨農高前〜細工所北口〜宝殿駅北口"
横関,神姫バス（株）,"姫路北部41, 姫路北部42, 姫路北部43, 姫路北部45, 姫路北部51, 姫路北部52, 姫路北部53"
瓜生北,（株）ウイング神姫,"相生　60．62, 相生　61．63, 相生　16．50＿3"
市町,上郡町,"まちなか周回線, 鞍居・光都線"
高田,神姫バス（株）,らんらんバス・9　ひまわりタウンルート
清和台四丁目,阪急バス（株）,"川西猪名川線（1、6、7、8、9系統）, 川西猪名川線（1、6、9、11、49系統）, 川西猪名川線（3、23系統）, 川西猪名川線（2、12系統）, 川西猪名川線（2、12、22系統）, 多田グリーンハイツ線（101、102、104、105、106系統）"
上郡橋,（株）ウイング神姫,"てくてくバス, 赤穂・上郡　有年・上郡線, 相生　30．31"
コープこうべ前,上郡町,"岩木線, まちなか周回線"
米田公民館,神姫バス（株）,三木・小野・社50
豊富台,神姫バス（株）,"北条（加西市）　フラワーセンター南門前〜北条営業所〜南山田〜姫路駅前, 北条（加西市）　北条営業所〜西大貫〜北山田〜姫路駅前"
グリーンハイツセンター,阪急バス（株）,"多田グリーンハイツ線（101、102、104、105、106系統）, 平野山下線（100系統）"
緑台公民館前,阪急バス（株）,"多田グリーンハイツ線（101、102、104、105、106系統）, 平野山下線（100系統）"
宅原口,神姫バス（株）,"三田駅周辺14＿1, 三田駅周辺15, 三田駅周辺115"
宅原口,阪急バス（株）,三田線（17系統）
猫尾新開,神姫バス（株）,姫路北部71
緑台四丁目,阪急バス（株）,"多田グリーンハイツ線（101、102、104、105、106系統）, 平野山下線（100系統）"
姫路セントラルパーク,神姫バス（株）,姫路北部74
北山口,神姫バス（株）,"姫路北部7, 姫路北部8"
姫路獨協大学,神姫バス（株）,"姫路北部3, 姫路北部5, 姫路北部11"
簾,神姫バス（株）,"三田駅周辺9, 三田駅周辺10, 津山・西脇・社　やしろショッピングパークBio前〜社高校・天神・渡瀬〜三田駅, 津山・西脇・社　社（車庫前）〜加東市民病院・社高校・天神・渡瀬〜三田駅"
上郡橋,上郡町,まちなか周回線
栄町,（株）ウイング神姫,"てくてくバス, 赤穂・上郡　有年・上郡線, 相生　30．31"
栄町,上郡町,"赤松線, まちなか周回線, 鞍居・光都線"
市原,神姫バス（株）,"三田駅周辺9, 三田駅周辺10, 三田駅周辺13＿1, 津山・西脇・社　やしろショッピングパークBio前〜社高校・天神・渡瀬〜三田駅, 津山・西脇・社　社（車庫前）〜加東市民病院・社高校・天神・渡瀬〜三田駅"
平野駅,阪急バス（株）,"多田グリーンハイツ線（101、102、104、105、106系統）, 平野山下線（100系統）"
集会所前,神姫バス（株）,姫路北部45
湯ノ脇橋,上郡町,船坂・梨ヶ原線
里脇,神姫バス（株）,"三木・小野・社109, 三木・小野・社16, 三木・小野・社17, 三木・小野・社117, 三木・小野・社6"
御立北口,神姫バス（株）,"姫路北部41, 姫路北部42, 姫路北部43, 姫路北部45, 姫路北部51, 姫路北部52, 姫路北部53"
実法寺北口,神姫バス（株）,"姫路北部33, 姫路北部34, 姫路北部35, 姫路北部36, 姫路北部40"
曹左小学校前,神姫バス（株）,姫路北部　姫路駅（北口）〜SPring-8
法華山口,神姫バス（株）,姫路北部71
高嶺の郷,上郡町,"岩木線, まちなか周回線"
みなぎ台2丁目,神姫バス（株）,"三田駅周辺18, 三田駅周辺19, 三田駅周辺8, 三田駅周辺11, 新三田駅周辺11, 三木・小野・社　三宮〜淡河本町南〜みなぎ台〜吉川図書館前（夏ルート・冬ルート）, 三木・小野・社12, 三木・小野・社109, 三木・小野・社17, 三木・小野・社117"
上砥堀,神姫バス（株）,"姫路北部82, 姫路北部84, 姫路北部86, 北条（加西市）　北条営業所〜南山田〜江鮒団地〜マリア病院〜姫路駅前"
グリーンハイツ南,神姫バス（株）,らんらんバス・3　河合統合ルート
清和台南,阪急バス（株）,"川西猪名川線（1、6、7、8、9系統）, 川西猪名川線（1、6、9、11、49系統）, 川西猪名川線（3、23系統）, 川西猪名川線（2、12系統）, 川西猪名川線（2、12、22系統）, 多田グリーンハイツ線（101、102、104、105、106系統）"
上津台北,神姫バス（株）,"三田駅周辺・新三田駅周辺　特急, 新三田駅周辺・三田駅周辺64, 新三田駅周辺・三田駅周辺67, 新三田駅周辺62"
大寿台,神姫バス（株）,"姫路北部3, 姫路北部5, 姫路北部11"
瓜生東,（株）ウイング神姫,相生　10．15．50＿2
脇本谷,神姫バス（株）,らんらんバス・8　万勝寺ルート
別名,上郡町,船坂・梨ヶ原線
瓜生,（株）ウイング神姫,"相生　60．62, 相生　61．63, 相生　16．50＿3"
薮田新田,神姫バス（株）,"北条（加西市）　フラワーセンター南門前〜北条営業所〜南山田〜姫路駅前, 北条（加西市）　北条営業所〜西大貫〜北山田〜姫路駅前"
上津台6丁目,神姫バス（株）,"三田駅周辺・新三田駅周辺　特急, 新三田駅周辺・三田駅周辺64, 新三田駅周辺・三田駅周辺67, 新三田駅周辺62"
東町,上郡町,まちなか周回線
みなと銀行,上郡町,"赤松線, まちなか周回線, 鞍居・光都線"
出合橋,阪急バス（株）,武田尾線（1・2・3・5・10・11・31系統）
御立,神姫バス（株）,"姫路北部41, 姫路北部42, 姫路北部43, 姫路北部45, 姫路北部51, 姫路北部52, 姫路北部53"
ひまわりの丘,神姫バス（株）,"らんらんバス・1　北回り循環ルート, らんらんバス・8　万勝寺ルート"
書写西住宅,神姫バス（株）,"姫路北部40, 姫路北部45"
龍野,神姫バス（株）,"姫路北部38, 姫路北部39"
龍野,（株）ウイング神姫,"山崎　55, 山崎　50"
山野里交差点,上郡町,"岩木線, 船坂・梨ヶ原線, 工業団地線, まちなか周回線"
広渡廃寺,神姫バス（株）,らんらんバス・8　万勝寺ルート
上津台3丁目北,神姫バス（株）,"三田駅周辺・新三田駅周辺　特急, 新三田駅周辺・三田駅周辺64, 新三田駅周辺・三田駅周辺67, 新三田駅周辺62"
鹿野,神姫バス（株）,"三木・小野・社　電鉄小野駅〜古川〜松沢〜天神, 津山・西脇・社　電鉄小野駅〜社（車庫前）〜三草〜西脇, 津山・西脇・社　社（車庫前）〜三木〜明石駅, らんらんバス・8　万勝寺ルート"
移瀬,阪急バス（株）,"川西猪名川線（2、12系統）, 川西猪名川線（2、12、22系統）"
大野,神姫バス（株）,"姫路北部3, 姫路北部11"
上大野,神姫バス（株）,"姫路北部3, 姫路北部5, 姫路北部11"
新開地（共進牧場）,神姫バス（株）,"らんらんバス・1　北回り循環ルート, らんらんバス・8　万勝寺ルート, らんらんバス・10　中谷ルート"
龍野東中学校前,（株）ウイング神姫,"たつの市コミュニティバス　兵庫県龍野庁舎ルート, たつの市コミュニティバス　令和跨線橋ルート, たつの市コミュニティバス　はつらつセンタールート, たつの市コミュニティバス　日山ルート, たつの市コミュニティバス　龍野北高校ルート, たつの市コミュニティバス　本竜野駅北進ルート"
安室ヶ丘住宅前,上郡町,船坂・梨ヶ原線
生野橋,神姫バス（株）,"北条（加西市）　フラワーセンター南門前〜北条営業所〜南山田〜姫路駅前, 北条（加西市）　北条営業所〜西大貫〜北山田〜姫路駅前"
山野里小学校南,上郡町,船坂・梨ヶ原線
北丘町,神姫バス（株）,"らんらんバス・1　北回り循環ルート, らんらんバス・8　万勝寺ルート"
御立中5丁目,神姫バス（株）,"姫路北部7, 姫路北部8"
緑台三丁目,阪急バス（株）,多田グリーンハイツ線（101、102、104、105、106系統）
神鉄道場駅,神姫バス（株）,"三田駅周辺68, 新三田駅周辺62"
中山,神姫バス（株）,らんらんバス・8　万勝寺ルート
JA兵庫西上郡支店,上郡町,"まちなか周回線, 高田・高田台線"
万勝寺口,神姫バス（株）,らんらんバス・8　万勝寺ルート
砥堀北,神姫バス（株）,"北条（加西市）　フラワーセンター南門前〜北条営業所〜南山田〜姫路駅前, 北条（加西市）　北条営業所〜西大貫〜北山田〜姫路駅前"
龍野橋,神姫バス（株）,"姫路北部38, 姫路北部39"
龍野橋,（株）ウイング神姫,"山崎　55, 山崎　50"
新道場,神姫バス（株）,"三田駅周辺14＿1, 三田駅周辺15, 三田駅周辺115"
新道場,阪急バス（株）,三田線（17系統）
長池,神姫バス（株）,"姫路北部31, 姫路北部32"
実法寺,神姫バス（株）,"姫路北部33, 姫路北部34, 姫路北部35, 姫路北部36, 姫路北部40"
上郡駅,上郡町,"赤松線, 岩木線, 船坂・梨ヶ原線, 工業団地線, まちなか周回線, 高田・高田台線, 鞍居・光都線"
上郡駅,（株）ウイング神姫,"てくてくバス, 赤穂・上郡　有年・上郡線, 相生　30．31"
砥堀駅前,神姫バス（株）,"姫路北部82, 姫路北部84, 姫路北部86, 北条（加西市）　北条営業所〜南山田〜江鮒団地〜マリア病院〜姫路駅前"
鹿の子台西口,神姫バス（株）,"新三田駅周辺・三田駅周辺64, 新三田駅周辺・三田駅周辺67, 三田駅周辺68, 新三田駅周辺62"
近津神社前,神姫バス（株）,らんらんバス・3　河合統合ルート
御立南口,神姫バス（株）,"姫路北部41, 姫路北部42, 姫路北部43, 姫路北部45, 姫路北部51, 姫路北部52, 姫路北部53, 姫路北部　姫路駅（北口）〜SPring-8"
槙公民館前,神姫バス（株）,"三木・小野・社109, 三木・小野・社16, 三木・小野・社17, 三木・小野・社117, 三木・小野・社6"
鹿の子台北町5丁目,神姫バス（株）,"三田駅周辺68, 三田駅周辺16"
三口,神姫バス（株）,"北条（加西市）　北条営業所〜アスティアかさい〜東高室〜細工所北口〜宝殿駅北口, 北条（加西市）　北条営業所〜アスティアかさい〜播磨農高前〜細工所北口〜宝殿駅北口"
宇治山,上郡町,高田・高田台線
鹿の子台北町6丁目,神姫バス（株）,"三田駅周辺・新三田駅周辺　特急, 三田駅周辺68, 三田駅周辺16, 新三田駅周辺62"
みなぎ台,神姫バス（株）,"三田駅周辺18, 三田駅周辺19, 三田駅周辺8, 三田駅周辺11, 新三田駅周辺11, 三木・小野・社　三宮〜淡河本町南〜みなぎ台〜吉川図書館前（夏ルート・冬ルート）, 三木・小野・社12, 三木・小野・社109, 三木・小野・社17, 三木・小野・社117"
城山,神姫バス（株）,"三田駅周辺9, 三田駅周辺10, 三田駅周辺13＿1, 津山・西脇・社　やしろショッピングパークBio前〜社高校・天神・渡瀬〜三田駅, 津山・西脇・社　社（車庫前）〜加東市民病院・社高校・天神・渡瀬〜三田駅"
広峰,神姫バス（株）,"姫路北部4, 姫路北部6"
高田台2丁目,上郡町,高田・高田台線
神明寺,上郡町,高田・高田台線
御立中3丁目,神姫バス（株）,"姫路北部7, 姫路北部8"
平野西口,神姫バス（株）,"姫路北部3, 姫路北部5, 姫路北部11"
長尾,神姫バス（株）,"津山・西脇・社　（急行）社（車庫前）〜新大阪駅〜大阪駅, 北条（加西市）　アスティアかさい〜新大阪駅・大阪駅"
大岩稲荷前,阪急バス（株）,武田尾線（1・2・3・5・10・11・31系統）
多田大橋,阪急バス（株）,"川西猪名川線（2、12系統）, 川西猪名川線（2、12、22系統）, 多田グリーンハイツ線（101、102、104、105、106系統）"
大沢,神姫バス（株）,"三田駅周辺9, 三田駅周辺10, 三田駅周辺13＿1, 津山・西脇・社　やしろショッピングパークBio前〜社高校・天神・渡瀬〜三田駅, 津山・西脇・社　社（車庫前）〜加東市民病院・社高校・天神・渡瀬〜三田駅"
町田,神姫バス（株）,"姫路北部33, 姫路北部34, 姫路北部35, 姫路北部36, 姫路北部40"
宮ヶ丘,上郡町,"まちなか周回線, 高田・高田台線"
日飼,（株）ウイング神姫,"たつの市コミュニティバス　兵庫県龍野庁舎ルート, たつの市コミュニティバス　令和跨線橋ルート, たつの市コミュニティバス　はつらつセンタールート, たつの市コミュニティバス　日山ルート, たつの市コミュニティバス　龍野北高校ルート, たつの市コミュニティバス　本竜野駅北進ルート"
前河原,上郡町,工業団地線
けやき坂口,阪急バス（株）,"川西猪名川線（1、6、7、8、9系統）, 川西猪名川線（1、6、9、11、49系統）, 川西猪名川線（2、12系統）, 川西猪名川線（2、12、22系統）"
上津台3丁目南,神姫バス（株）,"三田駅周辺・新三田駅周辺　特急, 新三田駅周辺・三田駅周辺64, 新三田駅周辺・三田駅周辺67, 新三田駅周辺62"
田井西口,神姫バス（株）,"姫路北部36, 姫路北部40"
大洞辻,神姫バス（株）,"三田駅周辺11, 新三田駅周辺11, 三木・小野・社　三宮〜淡河本町南〜みなぎ台〜吉川図書館前（夏ルート・冬ルート）"
浄土寺,神姫バス（株）,"らんらんバス・1　北回り循環ルート, らんらんバス・10　中谷ルート"
田井,神姫バス（株）,"姫路北部36, 姫路北部40"
広渡,神姫バス（株）,らんらんバス・1　北回り循環ルート
上津公園前,神姫バス（株）,"三田駅周辺・新三田駅周辺　特急, 新三田駅周辺・三田駅周辺64, 新三田駅周辺・三田駅周辺67, 三田駅周辺13＿1, 新三田駅周辺62"
小原,神姫バス（株）,姫路北部71
坂本,神姫バス（株）,姫路北部71
御立中1丁目,神姫バス（株）,"姫路北部7, 姫路北部8"
大池台,神姫バス（株）,"姫路北部9, 姫路北部12, 姫路北部13"
砥堀東,神姫バス（株）,"北条（加西市）　フラワーセンター南門前〜北条営業所〜南山田〜姫路駅前, 北条（加西市）　北条営業所〜西大貫〜北山田〜姫路駅前"
けやき坂五丁目,阪急バス（株）,"川西猪名川線（3、23系統）, 多田グリーンハイツ線（101、102、104、105、106系統）"
飾西郵便局前,神姫バス（株）,"姫路北部31, 姫路北部32"
粟生,神姫バス（株）,らんらんバス・3　河合統合ルート
住永町,神姫バス（株）,らんらんバス・4　西脇ルート
高田台4丁目西,上郡町,高田・高田台線
奥白国,神姫バス（株）,"姫路北部4, 姫路北部6"
竹ヶ端,神姫バス（株）,"姫路北部3, 姫路北部5, 姫路北部11"
浄谷町公民館,神姫バス（株）,"らんらんバス・1　北回り循環ルート, らんらんバス・8　万勝寺ルート"
高田台1丁目,上郡町,高田・高田台線
高田台一丁目,（株）ウイング神姫,赤穂・上郡　有年・上郡線
ライスセンター前,神姫バス（株）,三田駅周辺69
昭和堂前,神姫バス（株）,"三木・小野・社109, 三木・小野・社16, 三木・小野・社17, 三木・小野・社117, 三木・小野・社6"
山田,神姫バス（株）,"姫路北部9, 姫路北部12, 姫路北部13"
河合郵便局前,神姫バス（株）,"らんらんバス・3　河合統合ルート, らんらんバス・4　西脇ルート"
四軒屋,神姫バス（株）,"姫路北部41, 姫路北部42, 姫路北部43, 姫路北部45, 姫路北部51, 姫路北部52, 姫路北部53, 姫路北部　姫路駅（北口）〜SPring-8"
広渡西,神姫バス（株）,らんらんバス・8　万勝寺ルート
万勝寺,神姫バス（株）,らんらんバス・8　万勝寺ルート
山田東口,神姫バス（株）,"姫路北部9, 姫路北部12, 姫路北部13"
川原町,（株）ウイング神姫,"たつの市コミュニティバス　令和跨線橋ルート, たつの市コミュニティバス　日山ルート, たつの市コミュニティバス　龍野北高校ルート, 山崎　50"
鹿の子台郵便局前,神姫バス（株）,三田駅周辺17
飾西高校前,神姫バス（株）,"姫路北部31, 姫路北部32"
脇本新田,神姫バス（株）,らんらんバス・8　万勝寺ルート
田井橋,神姫バス（株）,"姫路北部36, 姫路北部40"
高田台3丁目西,上郡町,高田・高田台線
与井,上郡町,高田・高田台線
与井,（株）ウイング神姫,赤穂・上郡　有年・上郡線
前山,神姫バス（株）,"姫路北部7, 姫路北部8"
龍野橋東詰,神姫バス（株）,"姫路北部38, 姫路北部39"
龍野橋東詰,（株）ウイング神姫,"たつの市コミュニティバス　令和跨線橋ルート, たつの市コミュニティバス　日山ルート, たつの市コミュニティバス　龍野北高校ルート, 山崎　55, 山崎　50"
大島,神姫バス（株）,"三木・小野・社109, 三木・小野・社16, 三木・小野・社17, 三木・小野・社117, 三木・小野・社6"
けやき坂四丁目,阪急バス（株）,"川西猪名川線（3、23系統）, 多田グリーンハイツ線（101、102、104、105、106系統）"
岡田整形外科,上郡町,まちなか周回線
千代ケ谷公園前,神姫バス（株）,"三田駅周辺・新三田駅周辺　特急, 三田駅周辺68, 三田駅周辺16, 三田駅周辺17"
中野,上郡町,高田・高田台線
高田台3丁目,上郡町,高田・高田台線
高田台三丁目,（株）ウイング神姫,赤穂・上郡　有年・上郡線
中島町,神姫バス（株）,らんらんバス・1　北回り循環ルート
上津台1丁目西,神姫バス（株）,"三田駅周辺・新三田駅周辺　特急, 新三田駅周辺・三田駅周辺64, 新三田駅周辺・三田駅周辺67, 三田駅周辺13＿1, 三田駅周辺68, 新三田駅周辺62"
コミセンおおべ,神姫バス（株）,らんらんバス・1　北回り循環ルート
矢野小学校前,（株）ウイング神姫,"相生　60．62, 相生　61．63, 相生　10．15．50＿2, 相生　16．50＿3"
けやき坂一丁目,阪急バス（株）,"川西猪名川線（3、23系統）, 多田グリーンハイツ線（101、102、104、105、106系統）"
上郡ネオポリス,上郡町,高田・高田台線
砥堀,神姫バス（株）,"姫路北部82, 姫路北部84, 姫路北部86, 北条（加西市）　北条営業所〜南山田〜江鮒団地〜マリア病院〜姫路駅前"
ピュアランド入口,上郡町,工業団地線
与井西脇,上郡町,高田・高田台線
与井西脇,（株）ウイング神姫,赤穂・上郡　有年・上郡線
イオンモール神戸北,神姫バス（株）,"三田駅周辺・新三田駅周辺　特急, 新三田駅周辺・三田駅周辺67, 三田駅周辺68, 新三田駅周辺62"
栄橋,神姫バス（株）,らんらんバス・7　大開ルート
北平野,神姫バス（株）,"姫路北部3, 姫路北部5, 姫路北部11"
川原,上郡町,工業団地線
飾西宮前,神姫バス（株）,"姫路北部33, 姫路北部34, 姫路北部35"
小河,（株）ウイング神姫,相生　61．63
御立東口,神姫バス（株）,"姫路北部9, 姫路北部12, 姫路北部13"
本竜野駅,（株）ウイング神姫,"たつの市コミュニティバス　兵庫県龍野庁舎ルート, たつの市コミュニティバス　令和跨線橋ルート, たつの市コミュニティバス　はつらつセンタールート, たつの市コミュニティバス　日山ルート, たつの市コミュニティバス　龍野北高校ルート, たつの市コミュニティバス　本竜野駅北進ルート"
敷地,神姫バス（株）,"三木・小野・社　（電鉄小野駅）〜社〜（加藤市民病院）〜社高校前・三草〜西脇営業所, 三木・小野・社　電鉄小野駅〜古川〜松沢〜天神, 三木・小野・社　三宮〜神戸福産団地〜押部谷駅前〜三木営業所〜社, 津山・西脇・社　（急行）西脇営業所〜御坂・新神戸駅前〜三宮, 津山・西脇・社　（急行）西脇営業所〜滝野社I．C・御坂・新神戸駅前〜三宮, 津山・西脇・社　電鉄小野駅〜社（車庫前）〜三草〜西脇, 津山・西脇・社　社（車庫前）〜三木〜明石駅"
河原,神姫バス（株）,"姫路北部36, 姫路北部40"
自衛隊北門前,神姫バス（株）,姫路北部5
大酒,上郡町,工業団地線
浄谷,神姫バス（株）,"らんらんバス・1　北回り循環ルート, らんらんバス・10　中谷ルート"
田寺東3丁目,神姫バス（株）,"姫路北部7, 姫路北部8"
北平野東口,神姫バス（株）,姫路北部5
大部小学校,神姫バス（株）,らんらんバス・9　ひまわりタウンルート
兵庫県龍野庁舎前,（株）ウイング神姫,たつの市コミュニティバス　兵庫県龍野庁舎ルート
高田台5丁目東,上郡町,高田・高田台線
白国口,神姫バス（株）,"姫路北部4, 姫路北部5, 姫路北部6"
下栗原,上郡町,船坂・梨ヶ原線
ハイツあゆみ前,上郡町,"まちなか周回線, 高田・高田台線"
田寺北口,神姫バス（株）,"姫路北部9, 姫路北部12, 姫路北部13"
田寺東4丁目,神姫バス（株）,"姫路北部12, 姫路北部13"
けやき坂小学校前,阪急バス（株）,"川西猪名川線（3、23系統）, 多田グリーンハイツ線（101、102、104、105、106系統）"
宮前,神姫バス（株）,"三木・小野・社109, 三木・小野・社16, 三木・小野・社17, 三木・小野・社117, 三木・小野・社6"
飾西南口,神姫バス（株）,"姫路北部31, 姫路北部32"
吉川総合公園,神姫バス（株）,"三田駅周辺11, 新三田駅周辺11, 三木・小野・社　三宮〜淡河本町南〜みなぎ台〜吉川図書館前（夏ルート・冬ルート）"
日下部,神姫バス（株）,"三田駅周辺14＿1, 三田駅周辺15, 三田駅周辺115"
日下部,阪急バス（株）,三田線（17系統）
けやき坂二丁目,阪急バス（株）,"川西猪名川線（3、23系統）, 多田グリーンハイツ線（101、102、104、105、106系統）"
二ツ木,（株）ウイング神姫,"相生　60．62, 相生　61．63, 相生　10．15．50＿2, 相生　16．50＿3"
栄町,神姫バス（株）,らんらんバス・7　大開ルート
横手,神姫バス（株）,"姫路北部82, 姫路北部84, 姫路北部86, 北条（加西市）　北条営業所〜南山田〜江鮒団地〜マリア病院〜姫路駅前"
けやき坂三丁目,阪急バス（株）,"川西猪名川線（3、23系統）, 多田グリーンハイツ線（101、102、104、105、106系統）"
日山,（株）ウイング神姫,"たつの市コミュニティバス　令和跨線橋ルート, たつの市コミュニティバス　日山ルート, たつの市コミュニティバス　龍野北高校ルート"
姫路北,神姫バス（株）,"姫路北部82, 姫路北部84, 姫路北部86, 北条（加西市）　北条営業所〜南山田〜江鮒団地〜マリア病院〜姫路駅前"
敷地公民館前,神姫バス（株）,らんらんバス・4　西脇ルート
鹿の子台小学校前,神姫バス（株）,"三田駅周辺・新三田駅周辺　特急, 三田駅周辺68, 三田駅周辺16, 三田駅周辺17"
口吉川小学校前,神姫バス（株）,"三木・小野・社109, 三木・小野・社16, 三木・小野・社17, 三木・小野・社117, 三木・小野・社6"
南山稲荷,神姫バス（株）,らんらんバス・8　万勝寺ルート
高田台5丁目,上郡町,高田・高田台線
高田台五丁目,（株）ウイング神姫,赤穂・上郡　有年・上郡線
城見台3丁目,神姫バス（株）,"姫路北部64, 姫路北部75"
北野口,神姫バス（株）,姫路北部71
城見台4丁目,神姫バス（株）,"姫路北部64, 姫路北部75"
白国,神姫バス（株）,"姫路北部82, 姫路北部84, 姫路北部86, 北条（加西市）　北条営業所〜南山田〜江鮒団地〜マリア病院〜姫路駅前"
田寺東口,神姫バス（株）,姫路北部9
高田郵便局前,上郡町,高田・高田台線
高田郵便局前,（株）ウイング神姫,赤穂・上郡　有年・上郡線
広嶺中学校前,神姫バス（株）,"姫路北部3, 姫路北部11"
観音,（株）ウイング神姫,相生　61．63
多田神社前,阪急バス（株）,"川西猪名川線（2、12系統）, 川西猪名川線（2、12、22系統）"
矢問,阪急バス（株）,"川西猪名川線（2、12系統）, 川西猪名川線（2、12、22系統）, 川西猪名川線（10、30系統）"
堂本,神姫バス（株）,"姫路北部38, 姫路北部39"
堂本,（株）ウイング神姫,"たつの市コミュニティバス　令和跨線橋ルート, たつの市コミュニティバス　はつらつセンタールート, 山崎　55, 山崎　50"
殿畑公民館前,神姫バス（株）,"三木・小野・社109, 三木・小野・社16, 三木・小野・社6"
鹿の子台南町6丁目,神姫バス（株）,三田駅周辺16
田寺,神姫バス（株）,"姫路北部41, 姫路北部42, 姫路北部43, 姫路北部45, 姫路北部51, 姫路北部52, 姫路北部53"
高田小学校前,上郡町,高田・高田台線
高田小学校前,（株）ウイング神姫,赤穂・上郡　有年・上郡線
農協前,神姫バス（株）,三田駅周辺13＿1
田寺新在家峠,神姫バス（株）,"姫路北部12, 姫路北部13"
善入公会堂前,神姫バス（株）,三田駅周辺69
城見台2丁目,神姫バス（株）,"姫路北部64, 姫路北部75"
四ツ堂,神姫バス（株）,"らんらんバス・7　大開ルート, らんらんバス・8　万勝寺ルート"
鹿の子台物流センター前,神姫バス（株）,三田駅周辺17
敷地南,神姫バス（株）,"らんらんバス・3　河合統合ルート, らんらんバス・9　ひまわりタウンルート"
神戸三田プレミアム・アウトレット,神姫バス（株）,"三田駅周辺・新三田駅周辺　特急, 新三田駅周辺・三田駅周辺67, 三田駅周辺69, 新三田駅周辺63"
上手野北口,神姫バス（株）,姫路北部36
多田院高詰,阪急バス（株）,"川西猪名川線（1、6、7、8、9系統）, 川西猪名川線（1、6、9、11、49系統）, 川西猪名川線（3、23系統）, 川西猪名川線（2、12系統）, 川西猪名川線（2、12、22系統）"
城見台2丁目南,神姫バス（株）,"姫路北部64, 姫路北部75"
小野市役所,神姫バス（株）,"らんらんバス・1　北回り循環ルート, らんらんバス・2　南回り循環ルート, らんらんバス・3　河合統合ルート, らんらんバス・4　西脇ルート, らんらんバス・5　鴨池ルート, らんらんバス・6　山田・樫山ルート, らんらんバス・7　大開ルート, らんらんバス・8　万勝寺ルート, らんらんバス・9　ひまわりタウンルート, らんらんバス・10　中谷ルート"
殿畑,神姫バス（株）,"三木・小野・社109, 三木・小野・社16, 三木・小野・社17, 三木・小野・社117, 三木・小野・社6"
法華山一乗寺,神姫バス（株）,姫路北部71
八重畑,神姫バス（株）,"姫路北部71, 姫路北部73"
上手野,神姫バス（株）,姫路北部40
イオン小野前,神姫バス（株）,"三木・小野・社　（電鉄小野駅）〜社〜（加藤市民病院）〜社高校前・三草〜西脇営業所, 三木・小野・社　電鉄小野駅〜古川〜松沢〜天神, 三木・小野・社　三宮〜神戸福産団地〜押部谷駅前〜三木営業所〜社, 津山・西脇・社　（急行）西脇営業所〜御坂・新神戸駅前〜三宮, 津山・西脇・社　（急行）西脇営業所〜滝野社I．C・御坂・新神戸駅前〜三宮, 津山・西脇・社　電鉄小野駅〜社（車庫前）〜三草〜西脇, 津山・西脇・社　社（車庫前）〜三木〜明石駅"
田寺東2丁目,神姫バス（株）,"姫路北部7, 姫路北部8"
保城住宅,神姫バス（株）,"姫路北部64, 姫路北部75, 北条（加西市）　フラワーセンター南門前〜北条営業所〜南山田〜姫路駅前, 北条（加西市）　北条営業所〜西大貫〜北山田〜姫路駅前"
温泉橋,阪急バス（株）,武田尾線（1・2・3・5・10・11・31系統）
太市,神姫バス（株）,姫路北部37
白国南口,神姫バス（株）,"姫路北部3, 姫路北部4, 姫路北部5, 姫路北部6, 姫路北部82, 姫路北部84, 姫路北部86, 北条（加西市）　北条営業所〜南山田〜江鮒団地〜マリア病院〜姫路駅前"
万勝寺新田,神姫バス（株）,"らんらんバス・7　大開ルート, らんらんバス・8　万勝寺ルート"
坂下,神姫バス（株）,"らんらんバス・1　北回り循環ルート, らんらんバス・10　中谷ルート"
鹿の子台南町県住前,神姫バス（株）,三田駅周辺16
自衛隊前,神姫バス（株）,"姫路北部3, 姫路北部6"
市役所前,（株）ウイング神姫,"たつの市コミュニティバス　兵庫県龍野庁舎ルート, たつの市コミュニティバス　令和跨線橋ルート, たつの市コミュニティバス　はつらつセンタールート"
城見台,神姫バス（株）,"姫路北部64, 姫路北部75"
けやき坂二丁目南,阪急バス（株）,"川西猪名川線（3、23系統）, 多田グリーンハイツ線（101、102、104、105、106系統）"
イオン姫路前,神姫バス（株）,"姫路北部64, 北条（加西市）　フラワーセンター南門前〜北条営業所〜南山田〜姫路駅前, 北条（加西市）　北条営業所〜西大貫〜北山田〜姫路駅前"
粟生駅前,神姫バス（株）,"らんらんバス・3　河合統合ルート, らんらんバス・4　西脇ルート"
万勝寺下池,神姫バス（株）,らんらんバス・8　万勝寺ルート
市立図書館安室分館前,神姫バス（株）,姫路北部9
峰南町,神姫バス（株）,"姫路北部3, 姫路北部6, 姫路北部11"
平野南口,神姫バス（株）,"姫路北部3, 姫路北部11"
城見台公園前,神姫バス（株）,"姫路北部64, 姫路北部75"
西脇北,神姫バス（株）,らんらんバス・4　西脇ルート
神社前,神姫バス（株）,らんらんバス・7　大開ルート
真広,（株）ウイング神姫,"相生　60．62, 相生　10．15．50＿2, 相生　16．50＿3"
余部駅前,神姫バス（株）,"姫路北部31, 姫路北部32, 姫路北部33, 姫路北部34, 姫路北部35"
鹿の子台南町4丁目北,神姫バス（株）,"三田駅周辺・新三田駅周辺　特急, 三田駅周辺68"
西多田一丁目,阪急バス（株）,川西猪名川線（10、30系統）
図書館前,神姫バス（株）,"らんらんバス・1　北回り循環ルート, らんらんバス・2　南回り循環ルート, らんらんバス・3　河合統合ルート, らんらんバス・8　万勝寺ルート, らんらんバス・9　ひまわりタウンルート, らんらんバス・10　中谷ルート"
高岡神社前,神姫バス（株）,姫路北部9
野里駅西,神姫バス（株）,"姫路北部64, 北条（加西市）　フラワーセンター南門前〜北条営業所〜南山田〜姫路駅前, 北条（加西市）　北条営業所〜西大貫〜北山田〜姫路駅前"
イオン,神姫バス（株）,"らんらんバス・1　北回り循環ルート, らんらんバス・2　南回り循環ルート, らんらんバス・3　河合統合ルート, らんらんバス・4　西脇ルート, らんらんバス・5　鴨池ルート, らんらんバス・6　山田・樫山ルート, らんらんバス・7　大開ルート, らんらんバス・8　万勝寺ルート, らんらんバス・9　ひまわりタウンルート, らんらんバス・10　中谷ルート"
口吉川町公民館,神姫バス（株）,三木・小野・社109
上栗原,上郡町,船坂・梨ヶ原線
野里駅前,神姫バス（株）,"姫路北部64, 姫路北部75, 北条（加西市）　フラワーセンター南門前〜北条営業所〜南山田〜姫路駅前, 北条（加西市）　北条営業所〜西大貫〜北山田〜姫路駅前"
王子,神姫バス（株）,"らんらんバス・5　鴨池ルート, らんらんバス・6　山田・樫山ルート, らんらんバス・7　大開ルート, らんらんバス・10　中谷ルート"
姫路競馬場前,神姫バス（株）,"姫路北部3, 姫路北部4, 姫路北部5, 姫路北部64, 姫路北部82, 姫路北部84, 姫路北部86, 北条（加西市）　フラワーセンター南門前〜北条営業所〜南山田〜姫路駅前, 北条（加西市）　北条営業所〜南山田〜江鮒団地〜マリア病院〜姫路駅前, 北条（加西市）　北条営業所〜西大貫〜北山田〜姫路駅前"
エクラ,神姫バス（株）,らんらんバス・2　南回り循環ルート
倉谷,神姫バス（株）,"北条（加西市）　北条営業所〜アスティアかさい〜東高室〜細工所北口〜宝殿駅北口, 北条（加西市）　北条営業所〜アスティアかさい〜播磨農高前〜細工所北口〜宝殿駅北口"
道場南口駅,神姫バス（株）,"三田駅周辺15, 三田駅周辺115, 三田駅周辺　道場南口駅〜吉尾インター〜屏風辻〜淡河, 三田駅周辺　岡場駅前〜附物〜八多学校前〜道場南口駅"
好古学園前,神姫バス（株）,"姫路北部7, 姫路北部8, 姫路北部9"
こどもの館工房下,神姫バス（株）,姫路北部37
自然観察の森,神姫バス（株）,姫路北部37
西多田北,阪急バス（株）,"川西猪名川線（1、6、7、8、9系統）, 川西猪名川線（1、6、9、11、49系統）, 川西猪名川線（3、23系統）, 川西猪名川線（2、12系統）, 川西猪名川線（2、12、22系統）"
長尾町,神姫バス（株）,らんらんバス・7　大開ルート
保城,神姫バス（株）,"姫路北部64, 姫路北部75, 北条（加西市）　フラワーセンター南門前〜北条営業所〜南山田〜姫路駅前, 北条（加西市）　北条営業所〜西大貫〜北山田〜姫路駅前"
半田,（株）ウイング神姫,"たつの市コミュニティバス　兵庫県龍野庁舎ルート, たつの市コミュニティバス　はつらつセンタールート, たつの市コミュニティバス　日山ルート, たつの市コミュニティバス　龍野北高校ルート"
北新在家2丁目,神姫バス（株）,"姫路北部12, 姫路北部13"
鹿の子台南町3丁目北,神姫バス（株）,"三田駅周辺・新三田駅周辺　特急, 三田駅周辺68, 三田駅周辺66"
鹿の子台南町5丁目南,神姫バス（株）,"三田駅周辺16, 三田駅周辺17"
山吹,神姫バス（株）,姫路北部36
JR武田尾駅,阪急バス（株）,武田尾線（1・2・3・5・10・11・31系統）
大釜口,神姫バス（株）,姫路北部73
田寺南口,神姫バス（株）,"姫路北部41, 姫路北部42, 姫路北部43, 姫路北部45, 姫路北部51, 姫路北部52, 姫路北部53"
四箇,（株）ウイング神姫,"たつの市コミュニティバス　令和跨線橋ルート, たつの市コミュニティバス　はつらつセンタールート"
西脇,神姫バス（株）,らんらんバス・4　西脇ルート
東夢前台,神姫バス（株）,姫路北部40
はつらつセンター前,（株）ウイング神姫,"たつの市コミュニティバス　令和跨線橋ルート, たつの市コミュニティバス　はつらつセンタールート"
南山,神姫バス（株）,らんらんバス・7　大開ルート
青山北一丁目,神姫バス（株）,"姫路北部31, 姫路北部32, 姫路北部33, 姫路北部34, 姫路北部35"
宮脇,神姫バス（株）,"姫路北部38, 姫路北部39"
宮脇,（株）ウイング神姫,"山崎　55, 山崎　50"
飾東山崎,神姫バス（株）,"姫路北部71, 姫路北部73"
上土井,（株）ウイング神姫,相生　61．63
鼓ヶ滝,阪急バス（株）,"川西猪名川線（2、12系統）, 川西猪名川線（2、12、22系統）, 川西猪名川線（10、30系統）"
中大沢,神姫バス（株）,三田駅周辺13＿1
工業団地,上郡町,工業団地線
畑法華口,神姫バス（株）,姫路北部71
平田橋,阪急バス（株）,三田線（17系統）
不老元,神姫バス（株）,"三田駅周辺15, 三田駅周辺115, 三田駅周辺　道場南口駅〜吉尾インター〜屏風辻〜淡河, 三田駅周辺　岡場駅前〜附物〜八多学校前〜道場南口駅"
名田,（株）ウイング神姫,赤穂・上郡　有年・上郡線
北新在家1丁目,神姫バス（株）,姫路北部12
西中島,神姫バス（株）,"姫路北部64, 姫路北部75, 北条（加西市）　フラワーセンター南門前〜北条営業所〜南山田〜姫路駅前, 北条（加西市）　北条営業所〜西大貫〜北山田〜姫路駅前"
桾原,神姫バス（株）,"三木・小野・社109, 三木・小野・社16, 三木・小野・社17, 三木・小野・社117, 三木・小野・社6"
西多田,阪急バス（株）,"川西猪名川線（1、6、7、8、9系統）, 川西猪名川線（1、6、9、11、49系統）, 川西猪名川線（3、23系統）, 川西猪名川線（2、12系統）, 川西猪名川線（2、12、22系統）, 川西猪名川線（10、30系統）"
高畑,神姫バス（株）,三木・小野・社109
城北公園前,神姫バス（株）,"姫路北部3, 姫路北部4, 姫路北部5, 姫路北部64, 姫路北部82, 姫路北部84, 姫路北部86, 北条（加西市）　フラワーセンター南門前〜北条営業所〜南山田〜姫路駅前, 北条（加西市）　北条営業所〜南山田〜江鮒団地〜マリア病院〜姫路駅前, 北条（加西市）　北条営業所〜西大貫〜北山田〜姫路駅前"
扇谷公園前,神姫バス（株）,三田駅周辺16
保城南口,神姫バス（株）,"姫路北部64, 姫路北部75, 北条（加西市）　フラワーセンター南門前〜北条営業所〜南山田〜姫路駅前, 北条（加西市）　北条営業所〜西大貫〜北山田〜姫路駅前"
野里駅南,神姫バス（株）,姫路北部75
県営住宅前,神姫バス（株）,姫路北部40
下池,神姫バス（株）,姫路北部13
善入,神姫バス（株）,三田駅周辺69
辻井西,神姫バス（株）,姫路北部36
小野消防署前,神姫バス（株）,らんらんバス・2　南回り循環ルート
辻井北口,神姫バス（株）,"姫路北部7, 姫路北部8, 姫路北部9"
こどもの館前,神姫バス（株）,姫路北部37
小野商工会議所前,神姫バス（株）,"三木・小野・社　（電鉄小野駅）〜社〜（加藤市民病院）〜社高校前・三草〜西脇営業所, 三木・小野・社　電鉄小野駅〜古川〜松沢〜天神, 三木・小野・社　三宮〜神戸福産団地〜押部谷駅前〜三木営業所〜社, 津山・西脇・社　（急行）西脇営業所〜御坂・新神戸駅前〜三宮, 津山・西脇・社　（急行）西脇営業所〜滝野社I．C・御坂・新神戸駅前〜三宮, 津山・西脇・社　電鉄小野駅〜社（車庫前）〜三草〜西脇, 津山・西脇・社　社（車庫前）〜三木〜明石駅, らんらんバス・1　北回り循環ルート, らんらんバス・2　南回り循環ルート, らんらんバス・4　西脇ルート, らんらんバス・5　鴨池ルート"
二ツ子,神姫バス（株）,"三木・小野・社　三宮〜淡河本町南〜みなぎ台〜吉川図書館前（夏ルート・冬ルート）, 三木・小野・社50"
小野郵便局前,神姫バス（株）,"らんらんバス・2　南回り循環ルート, らんらんバス・5　鴨池ルート, らんらんバス・6　山田・樫山ルート, らんらんバス・7　大開ルート, らんらんバス・10　中谷ルート"
鹿の子台南町4丁目,神姫バス（株）,三田駅周辺16
軍人橋,神姫バス（株）,"姫路北部3, 姫路北部4, 姫路北部5, 姫路北部64, 姫路北部82, 姫路北部84, 姫路北部86, 北条（加西市）　フラワーセンター南門前〜北条営業所〜南山田〜姫路駅前, 北条（加西市）　北条営業所〜南山田〜江鮒団地〜マリア病院〜姫路駅前, 北条（加西市）　北条営業所〜西大貫〜北山田〜姫路駅前"
城北新町,神姫バス（株）,"姫路北部6, 姫路北部11"
駒の蹄,神姫バス（株）,"北条（加西市）　北条営業所〜アスティアかさい〜東高室〜細工所北口〜宝殿駅北口, 北条（加西市）　北条営業所〜アスティアかさい〜播磨農高前〜細工所北口〜宝殿駅北口"
グリーンガーデンモール前,神姫バス（株）,"三田駅周辺15, 三田駅周辺115, 三田駅周辺　道場南口駅〜吉尾インター〜屏風辻〜淡河, 三田駅周辺　岡場駅前〜附物〜八多学校前〜道場南口駅"
星の子館前,神姫バス（株）,姫路北部37
新在家本町6丁目,神姫バス（株）,姫路北部12
姫高北口,神姫バス（株）,"姫路北部7, 姫路北部8, 姫路北部9"
鹿の子台南住宅前,神姫バス（株）,三田駅周辺16
清水,神姫バス（株）,"姫路北部71, 姫路北部73, 姫路北部74"
葉多,神姫バス（株）,らんらんバス・5　鴨池ルート
湯山台口,阪急バス（株）,川西猪名川線（4系統）
新在家本町2丁目,神姫バス（株）,姫路北部13
ケアハウス青山苑前,神姫バス（株）,姫路北部37
東中,神姫バス（株）,"三木・小野・社109, 三木・小野・社16, 三木・小野・社17, 三木・小野・社117, 三木・小野・社6"
日吉町口,神姫バス（株）,らんらんバス・7　大開ルート
青山小学校前,神姫バス（株）,姫路北部37
辻井,神姫バス（株）,"姫路北部41, 姫路北部42, 姫路北部43, 姫路北部45, 姫路北部51, 姫路北部52, 姫路北部53"
小野大池,神姫バス（株）,"三木・小野・社　（電鉄小野駅）〜社〜（加藤市民病院）〜社高校前・三草〜西脇営業所, 三木・小野・社　電鉄小野駅〜古川〜松沢〜天神, 三木・小野・社　三宮〜神戸福産団地〜押部谷駅前〜三木営業所〜社, 津山・西脇・社　（急行）西脇営業所〜御坂・新神戸駅前〜三宮, 津山・西脇・社　（急行）西脇営業所〜滝野社I．C・御坂・新神戸駅前〜三宮, 津山・西脇・社　電鉄小野駅〜社（車庫前）〜三草〜西脇, 津山・西脇・社　社（車庫前）〜三木〜明石駅, らんらんバス・1　北回り循環ルート, らんらんバス・4　西脇ルート, らんらんバス・5　鴨池ルート"
青山通り,神姫バス（株）,姫路北部37
下頃,（株）ウイング神姫,"相生　60．62, 相生　10．15．50＿2, 相生　16．50＿3"
町屋北口,（株）ウイング神姫,"たつの市コミュニティバス　兵庫県龍野庁舎ルート, たつの市コミュニティバス　はつらつセンタールート, たつの市コミュニティバス　日山ルート, たつの市コミュニティバス　龍野北高校ルート"
黒川西,神姫バス（株）,"らんらんバス・1　北回り循環ルート, らんらんバス・2　南回り循環ルート, らんらんバス・3　河合統合ルート, らんらんバス・8　万勝寺ルート, らんらんバス・9　ひまわりタウンルート, らんらんバス・10　中谷ルート"
青山北,神姫バス（株）,姫路北部37
遠山,神姫バス（株）,"姫路北部31, 姫路北部32, 姫路北部33, 姫路北部34, 姫路北部35"
鴬台,阪急バス（株）,"川西猪名川線（1、6、7、8、9系統）, 川西猪名川線（1、6、9、11、49系統）, 川西猪名川線（3、23系統）, 川西猪名川線（2、12系統）, 川西猪名川線（2、12、22系統）, 川西猪名川線（10、30系統）"
下手野北口,神姫バス（株）,姫路北部40
鹿の子台南町2丁目,神姫バス（株）,"三田駅周辺・新三田駅周辺　特急, 三田駅周辺68, 三田駅周辺66"
鹿の子台南町2丁目北,神姫バス（株）,三田駅周辺16
姫路高校前,神姫バス（株）,"姫路北部7, 姫路北部8, 姫路北部9"
阿形,神姫バス（株）,らんらんバス・4　西脇ルート
梅ヶ枝町,神姫バス（株）,"姫路北部3, 姫路北部4, 姫路北部5, 姫路北部64, 姫路北部82, 姫路北部84, 姫路北部86, 北条（加西市）　フラワーセンター南門前〜北条営業所〜南山田〜姫路駅前, 北条（加西市）　北条営業所〜南山田〜江鮒団地〜マリア病院〜姫路駅前, 北条（加西市）　北条営業所〜西大貫〜北山田〜姫路駅前"
重谷,神姫バス（株）,"三木・小野・社　三宮〜淡河本町南〜みなぎ台〜吉川図書館前（夏ルート・冬ルート）, 三木・小野・社50"
バイパス辻井,神姫バス（株）,姫路北部36
清住,神姫バス（株）,姫路北部73
遠山西,神姫バス（株）,姫路北部37
金山口,神姫バス（株）,"姫路北部6, 姫路北部11"
湯山台中央,阪急バス（株）,川西猪名川線（4系統）
大小路,神姫バス（株）,姫路北部75
鴨居,神姫バス（株）,らんらんバス・7　大開ルート
アメニティくろかわ,神姫バス（株）,らんらんバス・1　北回り循環ルート
姫路こども家庭センター西,神姫バス（株）,姫路北部13
フルーツパーク,神姫バス（株）,"三田駅周辺・新三田駅周辺　特急, 三田駅周辺69"
新在家本町3丁目,神姫バス（株）,姫路北部12
西中,神姫バス（株）,"三木・小野・社109, 三木・小野・社16, 三木・小野・社17, 三木・小野・社117, 三木・小野・社6"
天神東ヶ丘,神姫バス（株）,らんらんバス・1　北回り循環ルート
錦松台,阪急バス（株）,川西猪名川線（4系統）
辻井南口,神姫バス（株）,"姫路北部41, 姫路北部42, 姫路北部43, 姫路北部45, 姫路北部51, 姫路北部52, 姫路北部53"
商店街北口,神姫バス（株）,"らんらんバス・2　南回り循環ルート, らんらんバス・6　山田・樫山ルート, らんらんバス・7　大開ルート, らんらんバス・10　中谷ルート"
上大沢口,神姫バス（株）,三田駅周辺13＿1
南野坂,阪急バス（株）,川西猪名川線（4系統）
丸石,神姫バス（株）,らんらんバス・7　大開ルート
錦松台口,阪急バス（株）,川西猪名川線（4系統）
中村橋,神姫バス（株）,"三田駅周辺15, 三田駅周辺115, 三田駅周辺　道場南口駅〜吉尾インター〜屏風辻〜淡河, 三田駅周辺　岡場駅前〜附物〜八多学校前〜道場南口駅"
湯山台,阪急バス（株）,川西猪名川線（4系統）
辻井南,神姫バス（株）,姫路北部36
広山,神姫バス（株）,"姫路北部38, 姫路北部39"
広山,（株）ウイング神姫,"山崎　55, 山崎　50"
伊伝居,神姫バス（株）,"姫路北部3, 姫路北部4, 姫路北部5, 姫路北部64, 姫路北部82, 姫路北部84, 姫路北部86, 北条（加西市）　フラワーセンター南門前〜北条営業所〜南山田〜姫路駅前, 北条（加西市）　北条営業所〜南山田〜江鮒団地〜マリア病院〜姫路駅前, 北条（加西市）　北条営業所〜西大貫〜北山田〜姫路駅前"
楢原野田,赤穂市,市内循環バスゆらのすけ・南北ルートA
釜島,（株）ウイング神姫,赤穂・上郡　有年・上郡線
姫高南口,神姫バス（株）,"姫路北部7, 姫路北部8, 姫路北部9"
大道,（株）ウイング神姫,たつの市コミュニティバス　令和跨線橋ルート
下手野西口,神姫バス（株）,姫路北部40
北八代,神姫バス（株）,"姫路北部6, 姫路北部11"
春日野,神姫バス（株）,"姫路北部71, 姫路北部73, 姫路北部74"
西高前,神姫バス（株）,"姫路北部6, 姫路北部11"
日吉町,神姫バス（株）,らんらんバス・7　大開ルート
平田,阪急バス（株）,三田線（17系統）
中郷,（株）ウイング神姫,相生　61．63
小野東小学校前,神姫バス（株）,"らんらんバス・1　北回り循環ルート, らんらんバス・7　大開ルート"
西新在家,神姫バス（株）,"姫路北部7, 姫路北部8, 姫路北部9"
南野坂自治会館前,阪急バス（株）,川西猪名川線（4系統）
新在家,神姫バス（株）,"姫路北部7, 姫路北部8, 姫路北部9"
宮の谷,神姫バス（株）,"姫路北部7, 姫路北部8, 姫路北部9"
小野,神姫バス（株）,"三木・小野・社　（電鉄小野駅）〜社〜（加藤市民病院）〜社高校前・三草〜西脇営業所, 三木・小野・社　電鉄小野駅〜古川〜松沢〜天神, 三木・小野・社　三宮〜神戸福産団地〜押部谷駅前〜三木営業所〜社, 津山・西脇・社　（急行）西脇営業所〜御坂・新神戸駅前〜三宮, 津山・西脇・社　（急行）西脇営業所〜滝野社I．C・御坂・新神戸駅前〜三宮, 津山・西脇・社　電鉄小野駅〜社（車庫前）〜三草〜西脇, 津山・西脇・社　社（車庫前）〜三木〜明石駅, らんらんバス・1　北回り循環ルート, らんらんバス・4　西脇ルート, らんらんバス・5　鴨池ルート"
名古山西口,神姫バス（株）,"姫路北部36, 姫路北部53"
町屋,（株）ウイング神姫,"たつの市コミュニティバス　兵庫県龍野庁舎ルート, たつの市コミュニティバス　はつらつセンタールート, たつの市コミュニティバス　日山ルート, たつの市コミュニティバス　龍野北高校ルート"
久茂口,神姫バス（株）,らんらんバス・5　鴨池ルート
上の辻,神姫バス（株）,三木・小野・社50
四ツ辻,神姫バス（株）,"三木・小野・社　三宮〜淡河本町南〜みなぎ台〜吉川図書館前（夏ルート・冬ルート）, 三木・小野・社50"
明峰小学校前,阪急バス（株）,川西猪名川線（4系統）
東条口,神姫バス（株）,"三木・小野・社109, 三木・小野・社16, 三木・小野・社17, 三木・小野・社117, 三木・小野・社6"
読売ゴルフ場,阪急バス（株）,有馬線（40、41、43、44、45、56、70、73、74、75、76、95、96系統）
上野町,神姫バス（株）,姫路北部75
名古山北口,神姫バス（株）,"姫路北部41, 姫路北部42, 姫路北部43, 姫路北部45, 姫路北部51, 姫路北部52, 姫路北部53"
西八代,神姫バス（株）,"姫路北部6, 姫路北部11"
商店街南口,神姫バス（株）,"らんらんバス・2　南回り循環ルート, らんらんバス・6　山田・樫山ルート, らんらんバス・7　大開ルート, らんらんバス・10　中谷ルート"
大開町,神姫バス（株）,らんらんバス・7　大開ルート
県立大環境人間学部,神姫バス（株）,"姫路北部6, 姫路北部7, 姫路北部8, 姫路北部9, 姫路北部11, 姫路北部12, 姫路北部13"
東光寺前,神姫バス（株）,"姫路北部6, 姫路北部11"
札馬,神姫バス（株）,"北条（加西市）　北条営業所〜アスティアかさい〜東高室〜細工所北口〜宝殿駅北口, 北条（加西市）　北条営業所〜アスティアかさい〜播磨農高前〜細工所北口〜宝殿駅北口"
慶雲寺前,神姫バス（株）,"姫路北部3, 姫路北部4, 姫路北部5, 姫路北部64, 姫路北部82, 姫路北部84, 姫路北部86, 北条（加西市）　フラワーセンター南門前〜北条営業所〜南山田〜姫路駅前, 北条（加西市）　北条営業所〜南山田〜江鮒団地〜マリア病院〜姫路駅前, 北条（加西市）　北条営業所〜西大貫〜北山田〜姫路駅前"
飾東出張所前,神姫バス（株）,"姫路北部71, 姫路北部73, 姫路北部74"
小野中学校前,神姫バス（株）,"らんらんバス・1　北回り循環ルート, らんらんバス・2　南回り循環ルート, らんらんバス・3　河合統合ルート, らんらんバス・8　万勝寺ルート, らんらんバス・9　ひまわりタウンルート, らんらんバス・10　中谷ルート"
八代本町,神姫バス（株）,"姫路北部6, 姫路北部11"
下田,（株）ウイング神姫,"相生　60．62, 相生　16．50＿3"
天神町,神姫バス（株）,"らんらんバス・1　北回り循環ルート, らんらんバス・3　河合統合ルート, らんらんバス・4　西脇ルート, らんらんバス・5　鴨池ルート, らんらんバス・7　大開ルート, らんらんバス・8　万勝寺ルート, らんらんバス・9　ひまわりタウンルート, らんらんバス・10　中谷ルート"
南野坂二丁目,阪急バス（株）,"川西猪名川線（4系統）, 川西猪名川線（10、30系統）"
下大部,神姫バス（株）,らんらんバス・5　鴨池ルート
東辻井,神姫バス（株）,"姫路北部41, 姫路北部42, 姫路北部43, 姫路北部45, 姫路北部51, 姫路北部52, 姫路北部53"
下二郎,神姫バス（株）,三田駅周辺14＿1
さくらコース前,阪急バス（株）,有馬線（40、41、43、44、45、56、70、73、74、75、76、95、96系統）
寺前,神姫バス（株）,三田駅周辺13＿1
大二谷,神姫バス（株）,"三木・小野・社64, 三木・小野・社107, 三木・小野・社50"
青山出屋敷,神姫バス（株）,姫路北部39
楢原上所,赤穂市,市内循環バスゆらのすけ・南北ルートA
宮の前,神姫バス（株）,"三田駅周辺15, 三田駅周辺115, 三田駅周辺　道場南口駅〜吉尾インター〜屏風辻〜淡河, 三田駅周辺　岡場駅前〜附物〜八多学校前〜道場南口駅"
桃坂,神姫バス（株）,"三木・小野・社109, 三木・小野・社16, 三木・小野・社17, 三木・小野・社117, 三木・小野・社6"
萩原台,阪急バス（株）,"川西猪名川線（1、6、7、8、9系統）, 川西猪名川線（1、6、9、11、49系統）, 川西猪名川線（3、23系統）, 川西猪名川線（4系統）, 川西猪名川線（2、12系統）, 川西猪名川線（2、12、22系統）, 川西猪名川線（5、15系統）, 川西猪名川線（10、30系統）"
日赤病院前,神姫バス（株）,"姫路北部31, 姫路北部32, 姫路北部33, 姫路北部34, 姫路北部35, 姫路北部37, 姫路北部38, 姫路北部39, 姫路北部40, 姫路南部18, 姫路南部30"
青山中,神姫バス（株）,姫路北部39
下手野,神姫バス（株）,"姫路北部31, 姫路北部32, 姫路北部33, 姫路北部34, 姫路北部35, 姫路北部37, 姫路北部38, 姫路北部39, 姫路北部40, 姫路南部18, 姫路南部30"
青山,神姫バス（株）,"姫路北部31, 姫路北部32, 姫路北部33, 姫路北部34, 姫路北部35, 姫路北部37, 姫路北部38, 姫路北部39, 姫路南部30"
大日西口,神姫バス（株）,姫路北部75
中町,神姫バス（株）,"らんらんバス・1　北回り循環ルート, らんらんバス・2　南回り循環ルート, らんらんバス・3　河合統合ルート, らんらんバス・8　万勝寺ルート, らんらんバス・9　ひまわりタウンルート, らんらんバス・10　中谷ルート"
河間町,神姫バス（株）,"姫路北部3, 姫路北部4, 姫路北部5, 姫路北部64, 姫路北部82, 姫路北部84, 姫路北部86, 北条（加西市）　フラワーセンター南門前〜北条営業所〜南山田〜姫路駅前, 北条（加西市）　北条営業所〜南山田〜江鮒団地〜マリア病院〜姫路駅前, 北条（加西市）　北条営業所〜西大貫〜北山田〜姫路駅前"
よみうりカントリークラブ前,阪急バス（株）,有馬線（40、41、43、44、45、56、70、73、74、75、76、95、96系統）
鴬が丘第1公園前,阪急バス（株）,川西猪名川線（5、15系統）
天神西,神姫バス（株）,"らんらんバス・1　北回り循環ルート, らんらんバス・3　河合統合ルート, らんらんバス・4　西脇ルート, らんらんバス・5　鴨池ルート, らんらんバス・7　大開ルート, らんらんバス・8　万勝寺ルート, らんらんバス・9　ひまわりタウンルート, らんらんバス・10　中谷ルート"
宇野津医院前,神姫バス（株）,姫路北部39
大開中,神姫バス（株）,らんらんバス・7　大開ルート
片山,神姫バス（株）,らんらんバス・5　鴨池ルート
田園町,神姫バス（株）,らんらんバス・5　鴨池ルート
下手野東口,神姫バス（株）,"姫路北部31, 姫路北部32, 姫路北部33, 姫路北部34, 姫路北部35, 姫路北部37, 姫路北部38, 姫路北部39, 姫路北部40, 姫路南部18, 姫路南部30"
名来北,西宮市,さくらやまなみバス（金仙寺系統・有馬系統）
名来北,阪急バス（株）,有馬線（40、41、43、44、45、56、70、73、74、75、76、95、96系統）
福田,神姫バス（株）,"姫路北部38, 姫路北部39"
福田,（株）ウイング神姫,"山崎　55, 山崎　50"
上大沢,神姫バス（株）,"三田駅周辺13＿1, 三田駅周辺69"
川西明峰高校前,阪急バス（株）,川西猪名川線（10、30系統）
落地（おろち）,上郡町,船坂・梨ヶ原線
北今宿,神姫バス（株）,"姫路北部36, 姫路北部53"
小野本町一丁目,神姫バス（株）,"三木・小野・社　（電鉄小野駅）〜社〜（加藤市民病院）〜社高校前・三草〜西脇営業所, 三木・小野・社　電鉄小野駅〜古川〜松沢〜天神, 三木・小野・社　三宮〜神戸福産団地〜押部谷駅前〜三木営業所〜社, 津山・西脇・社　（急行）西脇営業所〜御坂・新神戸駅前〜三宮, 津山・西脇・社　（急行）西脇営業所〜滝野社I．C・御坂・新神戸駅前〜三宮, 津山・西脇・社　電鉄小野駅〜社（車庫前）〜三草〜西脇, 津山・西脇・社　社（車庫前）〜三木〜明石駅, らんらんバス・1　北回り循環ルート, らんらんバス・4　西脇ルート, らんらんバス・5　鴨池ルート"
中町団地,神姫バス（株）,らんらんバス・6　山田・樫山ルート
下土井,（株）ウイング神姫,相生　61．63
南八代,神姫バス（株）,"姫路北部6, 姫路北部7, 姫路北部8, 姫路北部9, 姫路北部11, 姫路北部12, 姫路北部13"
大開南,神姫バス（株）,らんらんバス・7　大開ルート
佐谷医院前,神姫バス（株）,姫路北部38
岩端北口・城西小学校南,神姫バス（株）,"姫路北部41, 姫路北部42, 姫路北部43, 姫路北部45, 姫路北部51, 姫路北部52, 姫路北部53"
電鉄小野駅,神姫バス（株）,"三木・小野・社　（電鉄小野駅）〜社〜（加藤市民病院）〜社高校前・三草〜西脇営業所, 三木・小野・社　電鉄小野駅〜古川〜松沢〜天神, 津山・西脇・社　電鉄小野駅〜社（車庫前）〜三草〜西脇, らんらんバス・1　北回り循環ルート, らんらんバス・2　南回り循環ルート, らんらんバス・3　河合統合ルート, らんらんバス・4　西脇ルート, らんらんバス・5　鴨池ルート, らんらんバス・6　山田・樫山ルート, らんらんバス・7　大開ルート, らんらんバス・8　万勝寺ルート, らんらんバス・9　ひまわりタウンルート, らんらんバス・10　中谷ルート"
青山西,神姫バス（株）,姫路北部39
青山第二団地前,神姫バス（株）,姫路北部38
下小名田,神姫バス（株）,"三田駅周辺68, 三田駅周辺16, 三田駅周辺66, 三田駅周辺15, 三田駅周辺115, 三田駅周辺　道場南口駅〜吉尾インター〜屏風辻〜淡河, 三田駅周辺　岡場駅前〜附物〜八多学校前〜道場南口駅"
野田橋,（株）ウイング神姫,"たつの市コミュニティバス　兵庫県龍野庁舎ルート, たつの市コミュニティバス　はつらつセンタールート, たつの市コミュニティバス　日山ルート, たつの市コミュニティバス　龍野北高校ルート"
高篠,神姫バス（株）,"三木・小野・社16, 三木・小野・社17, 三木・小野・社117, 三木・小野・社6"
豊国,神姫バス（株）,"姫路北部71, 姫路北部73, 姫路北部74"
病院前,神姫バス（株）,三田駅周辺14＿1
松が丘北,阪急バス（株）,川西猪名川線（5、15系統）
西今宿,神姫バス（株）,"姫路北部31, 姫路北部32, 姫路北部33, 姫路北部34, 姫路北部35, 姫路北部37, 姫路北部38, 姫路北部39, 姫路北部40, 姫路南部18, 姫路南部30"
青山公園前,神姫バス（株）,姫路北部38
野里門,神姫バス（株）,"姫路北部3, 姫路北部4, 姫路北部5, 姫路北部64, 姫路北部82, 姫路北部84, 姫路北部86, 北条（加西市）　フラワーセンター南門前〜北条営業所〜南山田〜姫路駅前, 北条（加西市）　北条営業所〜南山田〜江鮒団地〜マリア病院〜姫路駅前, 北条（加西市）　北条営業所〜西大貫〜北山田〜姫路駅前"
野里児童公園前,神姫バス（株）,姫路北部75
滝山,阪急バス（株）,"川西猪名川線（2、12系統）, 川西猪名川線（2、12、22系統）, 川西猪名川線（10、30系統）"
楢原中所,赤穂市,市内循環バスゆらのすけ・南北ルートA
寺田,（株）ウイング神姫,"相生　60．62, 相生　61．63, 相生　16．50＿3"
南山西口,神姫バス（株）,姫路北部38
ゆめタウン前（北今宿南口）,神姫バス（株）,"姫路北部36, 姫路北部53"
山下,（株）ウイング神姫,たつの市コミュニティバス　令和跨線橋ルート
八皇子神社前,阪急バス（株）,川西猪名川線（5、15系統）
小川,神姫バス（株）,"姫路北部71, 姫路北部73, 姫路北部74"
名来,西宮市,さくらやまなみバス（金仙寺系統・有馬系統）
名来,阪急バス（株）,"三田線（17系統）, 有馬線（40、41、43、44、45、56、70、73、74、75、76、95、96系統）"
岩端,神姫バス（株）,"姫路北部41, 姫路北部42, 姫路北部43, 姫路北部45, 姫路北部51, 姫路北部52, 姫路北部53"
庄西口,神姫バス（株）,"姫路北部71, 姫路北部73, 姫路北部74"
豊国西口,神姫バス（株）,"姫路北部71, 姫路北部73, 姫路北部74"
庄,神姫バス（株）,"姫路北部71, 姫路北部73, 姫路北部74"
南山,神姫バス（株）,姫路北部38
菖蒲ケ丘2丁目,神姫バス（株）,"三田駅周辺68, 三田駅周辺16, 三田駅周辺66"
青山坂下,神姫バス（株）,"姫路北部38, 姫路北部39"
名来南,西宮市,さくらやまなみバス（金仙寺系統・有馬系統）
名来南,阪急バス（株）,有馬線（40、41、43、44、45、56、70、73、74、75、76、95、96系統）
五月台七丁目,阪急バス（株）,"宝塚山手中山台線（68、75、86、165、167系統）, 宝塚山手中山台線（50、60、75、150、186系統）"
上蒲田,神姫バス（株）,姫路南部18
山手台芝桜公園前,阪急バス（株）,宝塚山手中山台線（84、85系統）
県営小野神明団地,神姫バス（株）,らんらんバス・2　南回り循環ルート
青山ゴルフ場,神姫バス（株）,"姫路北部38, 姫路北部39"
北神星和台,神姫バス（株）,"三田駅周辺68, 三田駅周辺16, 三田駅周辺66"
今宿,神姫バス（株）,"姫路北部1, 姫路北部31, 姫路北部32, 姫路北部33, 姫路北部34, 姫路北部35, 姫路北部37, 姫路北部38, 姫路北部39, 姫路北部40, 姫路南部18, 姫路南部30"
姫山公園北,神姫バス（株）,"姫路北部3, 姫路北部4, 姫路北部5, 姫路北部64, 姫路北部82, 姫路北部84, 姫路北部86, 北条（加西市）　フラワーセンター南門前〜北条営業所〜南山田〜姫路駅前, 北条（加西市）　北条営業所〜南山田〜江鮒団地〜マリア病院〜姫路駅前, 北条（加西市）　北条営業所〜西大貫〜北山田〜姫路駅前"
小野ニュータウン西,神姫バス（株）,らんらんバス・2　南回り循環ルート
神付,神姫バス（株）,"三田駅周辺13＿1, 三田駅周辺69"
鴨池,神姫バス（株）,らんらんバス・5　鴨池ルート
舟本,神姫バス（株）,らんらんバス・4　西脇ルート
小野ニュータウン東,神姫バス（株）,らんらんバス・2　南回り循環ルート
山手台東五丁目,阪急バス（株）,宝塚山手中山台線（84、85系統）
太子,神姫バス（株）,"姫路北部38, 姫路北部39"
太子,（株）ウイング神姫,"山崎　55, 山崎　50"
五月台六丁目,阪急バス（株）,"宝塚山手中山台線（84、85系統）, 宝塚山手中山台線（68、75、86、165、167系統）, 宝塚山手中山台線（50、60、75、150、186系統）"
萩原,阪急バス（株）,"川西猪名川線（1、6、7、8、9系統）, 川西猪名川線（1、6、9、11、49系統）, 川西猪名川線（3、23系統）, 川西猪名川線（4系統）, 川西猪名川線（2、12系統）, 川西猪名川線（2、12、22系統）, 川西猪名川線（5、15系統）, 川西猪名川線（10、30系統）"
東今宿,神姫バス（株）,"姫路北部1, 姫路北部31, 姫路北部32, 姫路北部33, 姫路北部34, 姫路北部35, 姫路北部37, 姫路北部38, 姫路北部39, 姫路北部40, 姫路南部18, 姫路南部30"
城山台集会所,加古川市かこばすミニ運営,かこバスミニ・志方東ルート
宝塚山手台四丁目,阪急バス（株）,"宝塚山手中山台線（84、85系統）, 宝塚山手中山台線（68、75、86、165、167系統）, 宝塚山手中山台線（50、60、75、150、186系統）"
岡町,神姫バス（株）,"姫路北部6, 姫路北部7, 姫路北部8, 姫路北部9, 姫路北部11, 姫路北部12, 姫路北部13, 姫路北部41, 姫路北部42, 姫路北部43, 姫路北部45, 姫路北部51, 姫路北部52, 姫路北部53"
西夢前台3丁目,神姫バス（株）,姫路南部30
小川橋西詰,神姫バス（株）,"姫路北部71, 姫路北部73, 姫路北部74"
今宿琴丘高校前,神姫バス（株）,"姫路北部31, 姫路北部32, 姫路北部33, 姫路北部34, 姫路北部35, 姫路北部37, 姫路北部38, 姫路北部39, 姫路北部40, 姫路南部18, 姫路南部30"
西山小学校前,神姫バス（株）,"三田駅周辺68, 三田駅周辺16, 三田駅周辺66"
桃津,神姫バス（株）,"三木・小野・社16, 三木・小野・社17, 三木・小野・社117, 三木・小野・社6"
宝塚山手台東四丁目,阪急バス（株）,宝塚山手中山台線（84、85系統）
アンビック前,神姫バス（株）,"姫路北部71, 姫路北部73, 姫路北部74"
岩端南口,神姫バス（株）,"姫路北部41, 姫路北部42, 姫路北部43, 姫路北部45, 姫路北部51, 姫路北部52, 姫路北部53"
出在家町,阪急バス（株）,川西猪名川線（2、12、22系統）
五月台五丁目,阪急バス（株）,"宝塚山手中山台線（84、85系統）, 宝塚山手中山台線（68、75、86、165、167系統）, 宝塚山手中山台線（50、60、75、150、186系統）, 宝塚市内線（77→72、75、76系統）"
市之橋文学館前,神姫バス（株）,"姫路北部6, 姫路北部7, 姫路北部8, 姫路北部9, 姫路北部11, 姫路北部12, 姫路北部13, 姫路北部41, 姫路北部42, 姫路北部43, 姫路北部45, 姫路北部51, 姫路北部52, 姫路北部53"
城東町,神姫バス（株）,"姫路北部71, 姫路北部73, 姫路北部74"
五月台四丁目,阪急バス（株）,"宝塚山手中山台線（84、85系統）, 宝塚山手中山台線（68、75、86、165、167系統）, 宝塚山手中山台線（50、60、75、150、186系統）"
向山,神姫バス（株）,らんらんバス・6　山田・樫山ルート
松が丘南,阪急バス（株）,川西猪名川線（5、15系統）
大島西,神姫バス（株）,らんらんバス・5　鴨池ルート
京地2丁目,神姫バス（株）,"三田駅周辺・新三田駅周辺　特急, 三田駅周辺68, 三田駅周辺16, 三田駅周辺66"
さくら台一丁目,阪急バス（株）,名塩さくら台線（58系統）
丸の内町,阪急バス（株）,"川西猪名川線（2、12系統）, 川西猪名川線（2、12、22系統）, 川西猪名川線（5、15系統）, 川西猪名川線（10、30系統）"
神子岡前,神姫バス（株）,"姫路北部1, 姫路北部31, 姫路北部32, 姫路北部33, 姫路北部34, 姫路北部35, 姫路北部36, 姫路北部37, 姫路北部38, 姫路北部39, 姫路北部40, 姫路北部53, 姫路南部18, 姫路南部30, 姫路南部17"
さくら台,阪急バス（株）,名塩さくら台線（58系統）
姫山公園南,神姫バス（株）,"姫路北部3, 姫路北部4, 姫路北部5, 姫路北部64, 姫路北部82, 姫路北部84, 姫路北部86, 北条（加西市）　フラワーセンター南門前〜北条営業所〜南山田〜姫路駅前, 北条（加西市）　北条営業所〜南山田〜江鮒団地〜マリア病院〜姫路駅前, 北条（加西市）　北条営業所〜西大貫〜北山田〜姫路駅前"
宝塚山手台北公園前,阪急バス（株）,"宝塚山手中山台線（84、85系統）, 宝塚山手中山台線（68、75、86、165、167系統）, 宝塚山手中山台線（50、60、75、150、186系統）"
西後明,（株）ウイング神姫,相生　10．15．50＿2
さくら台四丁目,阪急バス（株）,名塩さくら台線（58系統）
山田西,神姫バス（株）,らんらんバス・6　山田・樫山ルート
小名田口,神姫バス（株）,"三田駅周辺13＿1, 三田駅周辺69"
垂井町公民館前,神姫バス（株）,"らんらんバス・2　南回り循環ルート, らんらんバス・6　山田・樫山ルート"
新在家,（株）ウイング神姫,"たつの市コミュニティバス　兵庫県龍野庁舎ルート, たつの市コミュニティバス　はつらつセンタールート, たつの市コミュニティバス　日山ルート, たつの市コミュニティバス　龍野北高校ルート"
愛宕原ゴルフ場,阪急バス（株）,満願寺線（150、151系統）
東夢前台四丁目,神姫バス（株）,姫路南部18
来住西,神姫バス（株）,らんらんバス・5　鴨池ルート
小名田,神姫バス（株）,"三田駅周辺13＿1, 三田駅周辺69"
小名田,神姫バス（株）,"三田駅周辺15, 三田駅周辺　岡場駅前〜藤原台北町5丁目・吉尾インター〜屏風辻〜淡河, 三田駅周辺　道場南口駅〜吉尾インター〜屏風辻〜淡河, 三田駅周辺　岡場駅前〜附物〜八多学校前〜道場南口駅"
山田東,神姫バス（株）,らんらんバス・6　山田・樫山ルート
八洞,（株）ウイング神姫,"相生　60．62, 相生　61．63, 相生　16．50＿3"
桜台六丁目,阪急バス（株）,"宝塚山手中山台線（68、75、86、165、167系統）, 宝塚山手中山台線（50、60、75、150、186系統）"
二郎,神姫バス（株）,三田駅周辺14＿1
峠,神姫バス（株）,"三田駅周辺13＿1, 三田駅周辺69"
聴覚特別支援学校・好古園前,神姫バス（株）,"姫路北部6, 姫路北部7, 姫路北部8, 姫路北部9, 姫路北部11, 姫路北部12, 姫路北部13, 姫路北部41, 姫路北部42, 姫路北部43, 姫路北部45, 姫路北部51, 姫路北部52, 姫路北部53"
五軒邸,神姫バス（株）,"姫路北部71, 姫路北部73, 姫路北部74, 姫路北部75"
琴丘,神姫バス（株）,"姫路北部1, 姫路北部31, 姫路北部32, 姫路北部33, 姫路北部34, 姫路北部35, 姫路北部36, 姫路北部37, 姫路北部38, 姫路北部39, 姫路北部40, 姫路北部53, 姫路南部18, 姫路南部30, 姫路南部17"
二葉,神姫バス（株）,"らんらんバス・2　南回り循環ルート, らんらんバス・6　山田・樫山ルート"
細工所北口,神姫バス（株）,"北条（加西市）　北条営業所〜アスティアかさい〜東高室〜細工所北口〜宝殿駅北口, 北条（加西市）　北条営業所〜アスティアかさい〜播磨農高前〜細工所北口〜宝殿駅北口"
西夢前台4丁目,神姫バス（株）,姫路南部30
宝塚さくらの丘公園,阪急バス（株）,宝塚山手中山台線（84、85系統）
来住,神姫バス（株）,らんらんバス・5　鴨池ルート
西庄北口,神姫バス（株）,"姫路北部1, 姫路北部31, 姫路北部32, 姫路北部33, 姫路北部34, 姫路北部35, 姫路北部37, 姫路北部38, 姫路北部39, 姫路北部40, 姫路南部18, 姫路南部30"
龍野町,神姫バス（株）,"姫路北部41, 姫路北部42, 姫路北部43, 姫路北部45, 姫路北部51, 姫路北部52, 姫路北部53"
姫路城大手門・好古園前,神姫バス（株）,"姫路北部6, 姫路北部7, 姫路北部8, 姫路北部9, 姫路北部11, 姫路北部12, 姫路北部13, 姫路北部41, 姫路北部42, 姫路北部43, 姫路北部45, 姫路北部51, 姫路北部52, 姫路北部53"
入野,神姫バス（株）,"三木・小野・社64, 三木・小野・社107, 三木・小野・社50"
山田中,神姫バス（株）,らんらんバス・6　山田・樫山ルート
桜台四丁目,阪急バス（株）,"宝塚山手中山台線（68、75、86、165、167系統）, 宝塚山手中山台線（50、60、75、150、186系統）"
満願寺,阪急バス（株）,満願寺線（150、151系統）
原西口,（株）ウイング神姫,赤穂・上郡　有年・上郡線
西宮北インター,神姫バス（株）,"津山・西脇・社　（急行）社（車庫前）〜新大阪駅〜大阪駅, 北条（加西市）　アスティアかさい〜新大阪駅・大阪駅"
勝福寺前,阪急バス（株）,"川西猪名川線（1、6、7、8、9系統）, 川西猪名川線（1、6、9、11、49系統）, 川西猪名川線（3、23系統）, 川西猪名川線（4系統）, 川西猪名川線（2、12系統）, 川西猪名川線（2、12、22系統）, 川西猪名川線（5、15系統）, 川西猪名川線（10、30系統）"
絹延町,阪急バス（株）,川西猪名川線（2、12、22系統）
梨ヶ原,上郡町,船坂・梨ヶ原線
来住小学校前,神姫バス（株）,らんらんバス・5　鴨池ルート
楢原三軒屋,赤穂市,市内循環バスゆらのすけ・南北ルートA
火打二丁目,阪急バス（株）,"川西猪名川線（2、12系統）, 川西猪名川線（2、12、22系統）, 川西猪名川線（5、15系統）, 川西猪名川線（10、30系統）"
車崎,神姫バス（株）,"姫路北部1, 姫路北部31, 姫路北部32, 姫路北部33, 姫路北部34, 姫路北部35, 姫路北部36, 姫路北部37, 姫路北部38, 姫路北部39, 姫路北部40, 姫路北部53, 姫路南部18, 姫路南部30, 姫路南部17"
大島中,神姫バス（株）,らんらんバス・2　南回り循環ルート
西土山,神姫バス（株）,"姫路北部1, 姫路北部31, 姫路北部32, 姫路北部33, 姫路北部34, 姫路北部35, 姫路北部36, 姫路北部37, 姫路北部38, 姫路北部39, 姫路北部40, 姫路北部53, 姫路南部18, 姫路南部30, 姫路南部17"
中臣,（株）ウイング神姫,たつの市コミュニティバス　令和跨線橋ルート
宝塚山手台三丁目,阪急バス（株）,"宝塚山手中山台線（84、85系統）, 宝塚山手中山台線（68、75、86、165、167系統）, 宝塚山手中山台線（50、60、75、150、186系統）"
金屋,神姫バス（株）,"三木・小野・社16, 三木・小野・社17, 三木・小野・社117, 三木・小野・社6"
琴岡町,神姫バス（株）,"姫路北部1, 姫路北部31, 姫路北部32, 姫路北部33, 姫路北部34, 姫路北部35, 姫路北部36, 姫路北部37, 姫路北部38, 姫路北部39, 姫路北部40, 姫路北部53, 姫路南部18, 姫路南部30, 姫路南部28, 姫路南部17, 姫路南部27"
小野町駅東,神姫バス（株）,らんらんバス・5　鴨池ルート
小二谷,神姫バス（株）,"三木・小野・社64, 三木・小野・社107, 三木・小野・社50"
南車崎,神姫バス（株）,"姫路南部28, 姫路南部27"
姫路城大手門前,神姫バス（株）,"姫路北部3, 姫路北部4, 姫路北部5, 姫路北部6, 姫路北部7, 姫路北部8, 姫路北部9, 姫路北部11, 姫路北部12, 姫路北部13, 姫路北部21, 姫路北部22, 姫路北部23, 姫路北部24, 姫路北部41, 姫路北部42, 姫路北部43, 姫路北部45, 姫路北部51, 姫路北部52, 姫路北部53, 姫路北部64, 姫路北部71, 姫路北部73, 姫路北部74, 姫路北部75, 姫路北部82, 姫路北部84, 姫路北部86, 北条（加西市）　フラワーセンター南門前〜北条営業所〜南山田〜姫路駅前, 北条（加西市）　北条営業所〜南山田〜江鮒団地〜マリア病院〜姫路駅前, 北条（加西市）　北条営業所〜西大貫〜北山田〜姫路駅前"
五月台三丁目,阪急バス（株）,"宝塚山手中山台線（68、75、86、165、167系統）, 宝塚山手中山台線（50、60、75、150、186系統）, 宝塚市内線（77→72、75、76系統）"
原組,赤穂市,市内循環バスゆらのすけ・南北ルートB
北六甲台天上公園前,西宮市,さくらやまなみバス（金仙寺系統・有馬系統）
北六甲台天上公園前,阪急バス（株）,有馬線（40、41、43、44、45、56、70、73、74、75、76、95、96系統）
大沢,加古川市かこばすミニ運営,かこバスミニ・志方東ルート
荻谷,神姫バス（株）,"三木・小野・社64, 三木・小野・社107, 三木・小野・社50"
川西中学校前,阪急バス（株）,川西猪名川線（5、15系統）
赤坂峠,阪急バス（株）,有馬線（40、41、43、44、45、56、70、73、74、75、76、95、96系統）
長尾台,阪急バス（株）,満願寺線（150、151系統）
籾取,神姫バス（株）,姫路南部18
来住南,神姫バス（株）,らんらんバス・5　鴨池ルート
大島,神姫バス（株）,"津山・西脇・社　社（車庫前）〜三木〜明石駅, らんらんバス・2　南回り循環ルート, らんらんバス・6　山田・樫山ルート"
姫路城大手門前（東）,神姫バス（株）,姫路北部71
京地1丁目,神姫バス（株）,"三田駅周辺・新三田駅周辺　特急, 三田駅周辺68"
前坂,阪急バス（株）,有馬線（40、41、43、44、45、56、70、73、74、75、76、95、96系統）
北組,赤穂市,市内循環バスゆらのすけ・南北ルートB
さくら台南口,阪急バス（株）,名塩さくら台線（58系統）
天上橋,西宮市,さくらやまなみバス（金仙寺系統・有馬系統）
天上橋,阪急バス（株）,"三田線（17系統）, 有馬線（40、41、43、44、45、56、70、73、74、75、76、95、96系統）"
北僧尾,神姫バス（株）,三木・小野・社　三宮〜淡河本町南〜みなぎ台〜吉川図書館前（夏ルート・冬ルート）
船場元町,神姫バス（株）,"姫路北部1, 姫路北部31, 姫路北部32, 姫路北部33, 姫路北部34, 姫路北部35, 姫路北部36, 姫路北部37, 姫路北部38, 姫路北部39, 姫路北部40, 姫路北部41, 姫路北部42, 姫路北部43, 姫路北部45, 姫路北部51, 姫路北部52, 姫路北部53, 姫路南部18, 姫路南部30, 姫路南部28, 姫路南部17, 姫路南部27"
鵤,神姫バス（株）,"姫路北部38, 姫路北部39"
鵤,（株）ウイング神姫,"山崎　55, 山崎　50"
山田,神姫バス（株）,"姫路北部38, 姫路北部39"
宝塚山手台東三丁目,阪急バス（株）,宝塚山手中山台線（84、85系統）
北六甲台センター前,西宮市,さくらやまなみバス（金仙寺系統・有馬系統）
北六甲台センター前,阪急バス（株）,有馬線（40、41、43、44、45、56、70、73、74、75、76、95、96系統）
石ヶ坪,神姫バス（株）,"姫路北部1, 姫路北部31, 姫路北部32, 姫路北部33, 姫路北部34, 姫路北部35, 姫路北部36, 姫路北部37, 姫路北部38, 姫路北部39, 姫路北部40, 姫路北部53, 姫路南部18, 姫路南部30"
姫路郵便局前,神姫バス（株）,"姫路北部3, 姫路北部4, 姫路北部5, 姫路北部21, 姫路北部22, 姫路北部23, 姫路北部24, 姫路北部64, 姫路北部71, 姫路北部73, 姫路北部74, 姫路北部75, 姫路北部82, 姫路北部84, 姫路北部86, 北条（加西市）　フラワーセンター南門前〜北条営業所〜南山田〜姫路駅前, 北条（加西市）　北条営業所〜南山田〜江鮒団地〜マリア病院〜姫路駅前, 北条（加西市）　北条営業所〜西大貫〜北山田〜姫路駅前"
大沢口,神姫バス（株）,"北条（加西市）　北条営業所〜アスティアかさい〜東高室〜細工所北口〜宝殿駅北口, 北条（加西市）　北条営業所〜アスティアかさい〜播磨農高前〜細工所北口〜宝殿駅北口"
コミセンきすみの,神姫バス（株）,"らんらんバス・4　西脇ルート, らんらんバス・5　鴨池ルート"
東山台四丁目,阪急バス（株）,西宮名塩ニュータウン線（53系統）
田尾寺南口,神姫バス（株）,三田駅周辺14＿1
行常水すまし館,加古川市かこばすミニ運営,かこバスミニ・志方東ルート
県道細工所,加古川市かこばすミニ運営,かこバスミニ・志方東ルート
三軒家,阪急バス（株）,有馬線（40、41、43、44、45、56、70、73、74、75、76、95、96系統）
細工所農業倉庫,加古川市かこばすミニ運営,かこバスミニ・志方東ルート
大上,神姫バス（株）,らんらんバス・6　山田・樫山ルート
土山神社前,神姫バス（株）,姫路南部17
来住保育所前,神姫バス（株）,"らんらんバス・4　西脇ルート, らんらんバス・5　鴨池ルート"
西宮北インター,西宮市,さくらやまなみバス（金仙寺系統・有馬系統）
西宮北インター,阪急バス（株）,有馬線（40、41、43、44、45、56、70、73、74、75、76、95、96系統）
つつじが丘,阪急バス（株）,満願寺線（150、151系統）
新在家南,（株）ウイング神姫,"たつの市コミュニティバス　兵庫県龍野庁舎ルート, たつの市コミュニティバス　はつらつセンタールート, たつの市コミュニティバス　日山ルート, たつの市コミュニティバス　龍野北高校ルート"
北六甲台鍋倉公園前,西宮市,さくらやまなみバス（金仙寺系統・有馬系統）
北六甲台鍋倉公園前,阪急バス（株）,有馬線（40、41、43、44、45、56、70、73、74、75、76、95、96系統）
白鷺橋,神姫バス（株）,"姫路北部1, 姫路北部31, 姫路北部32, 姫路北部33, 姫路北部34, 姫路北部35, 姫路北部36, 姫路北部37, 姫路北部38, 姫路北部39, 姫路北部40, 姫路北部41, 姫路北部42, 姫路北部43, 姫路北部45, 姫路北部51, 姫路北部52, 姫路北部53, 姫路南部94, 姫路南部18, 姫路南部30, 姫路南部28, 姫路南部17, 姫路南部27"
大円寺,赤穂市,市内循環バスゆらのすけ・南北ルートB
牟礼第一児童遊園,赤穂市,市内循環バスゆらのすけ・南北ルートA
成林,赤穂市,市内循環バスゆらのすけ・南北ルートA
楢原新田,赤穂市,市内循環バスゆらのすけ・南北ルートA
下南,神姫バス（株）,"三木・小野・社64, 三木・小野・社107, 三木・小野・社50"
一丁町,神姫バス（株）,"姫路北部21, 姫路北部22, 姫路北部23, 姫路北部24, 姫路北部71, 姫路北部73, 姫路北部74, 姫路北部75"
あすかホール前,神姫バス（株）,"姫路北部38, 姫路北部39"
北畠,赤穂市,市内循環バスゆらのすけ・南北ルートA
原小学校,赤穂市,市内循環バスゆらのすけ・南北ルートA
東久保,阪急バス（株）,有馬線（40、41、43、44、45、56、70、73、74、75、76、95、96系統）
名塩茶園町,阪急バス（株）,"有馬線（40、41、43、44、45、56、70、73、74、75、76、95、96系統）, 名塩さくら台線（58系統）"
桜台二丁目,阪急バス（株）,"宝塚山手中山台線（68、75、86、165、167系統）, 宝塚山手中山台線（50、60、75、150、186系統）"
船付,神姫バス（株）,らんらんバス・6　山田・樫山ルート
京口駅前,神姫バス（株）,"姫路北部21, 姫路北部22, 姫路北部23, 姫路北部24"
若狭野農協前,（株）ウイング神姫,"相生　60．62, 相生　61．63, 相生　16．50＿3"
東雲町,神姫バス（株）,"姫路北部1, 姫路北部31, 姫路北部32, 姫路北部33, 姫路北部34, 姫路北部35, 姫路北部36, 姫路北部37, 姫路北部38, 姫路北部39, 姫路北部40, 姫路北部53, 姫路南部18, 姫路南部30, 姫路南部28, 姫路南部17, 姫路南部27"
中出屋敷,神姫バス（株）,"姫路北部38, 姫路北部39"
北六甲台東口,阪急バス（株）,有馬線（40、41、43、44、45、56、70、73、74、75、76、95、96系統）
小野町駅西,神姫バス（株）,"らんらんバス・4　西脇ルート, らんらんバス・5　鴨池ルート"
市川台,神姫バス（株）,姫路北部24
東南口,神姫バス（株）,"姫路北部38, 姫路北部39"
太田小学校前,神姫バス（株）,"姫路北部38, 姫路北部39"
土山,神姫バス（株）,"姫路南部28, 姫路南部27"
東後明,（株）ウイング神姫,相生　10．15．50＿2
志方東小学校前,加古川市かこばすミニ運営,かこバスミニ・志方東ルート
藤原台北町5丁目,神姫バス（株）,"三田駅周辺13＿1, 三田駅周辺68, 三田駅周辺69, 三田駅周辺66, 三田駅周辺　岡場駅前〜藤原台北町5丁目・吉尾インター〜屏風辻〜淡河"
東飯坂,加古川市かこばすミニ運営,かこバスミニ・志方東ルート
吉尾インター,神姫バス（株）,"三田駅周辺・新三田駅周辺　特急, 三田駅周辺13＿1, 三田駅周辺69, 三田駅周辺　岡場駅前〜藤原台北町5丁目・吉尾インター〜屏風辻〜淡河"
綿町,神姫バス（株）,"姫路北部21, 姫路北部22"
中里,神姫バス（株）,"三木・小野・社64, 三木・小野・社107, 三木・小野・社50"
日高町,阪急バス（株）,"川西猪名川線（1、6、7、8、9系統）, 川西猪名川線（1、6、9、11、49系統）, 川西猪名川線（3、23系統）, 川西猪名川線（4系統）, 川西猪名川線（2、12系統）, 川西猪名川線（2、12、22系統）, 川西猪名川線（5、15系統）"
上組,赤穂市,市内循環バスゆらのすけ・南北ルートB
京口台,神姫バス（株）,"姫路北部21, 姫路北部22, 姫路北部23, 姫路北部24"
鎌倉峡,西宮市,さくらやまなみバス（金仙寺系統・有馬系統）
大手前通り,神姫バス（株）,"姫路北部1, 姫路北部3, 姫路北部4, 姫路北部5, 姫路北部6, 姫路北部7, 姫路北部8, 姫路北部9, 姫路北部11, 姫路北部12, 姫路北部13, 姫路北部21, 姫路北部22, 姫路北部23, 姫路北部24, 姫路北部31, 姫路北部32, 姫路北部33, 姫路北部34, 姫路北部35, 姫路北部36, 姫路北部37, 姫路北部38, 姫路北部39, 姫路北部40, 姫路北部41, 姫路北部42, 姫路北部43, 姫路北部45, 姫路北部51, 姫路北部52, 姫路北部53, 姫路北部64, 姫路北部71, 姫路北部73, 姫路北部74, 姫路北部75, 姫路北部82, 姫路北部84, 姫路北部86, 姫路南部94, 姫路南部18, 姫路南部30, 姫路南部28, 姫路南部17, 姫路南部27, 北条（加西市）　フラワーセンター南門前〜北条営業所〜南山田〜姫路駅前, 北条（加西市）　北条営業所〜南山田〜江鮒団地〜マリア病院〜姫路駅前, 北条（加西市）　北条営業所〜西大貫〜北山田〜姫路駅前"
原,（株）ウイング神姫,赤穂・上郡　有年・上郡線
市川台2丁目,神姫バス（株）,姫路北部24
牟礼公民館,赤穂市,市内循環バスゆらのすけ・南北ルートA
県警姫路庁舎前,神姫バス（株）,姫路北部24
西蒲田,神姫バス（株）,姫路南部30
花影町,神姫バス（株）,"姫路北部1, 姫路北部31, 姫路北部32, 姫路北部33, 姫路北部34, 姫路北部35, 姫路北部36, 姫路北部37, 姫路北部38, 姫路北部39, 姫路北部40, 姫路北部53, 姫路南部18, 姫路南部30, 姫路南部28, 姫路南部17, 姫路南部27"
吉尾,神姫バス（株）,"三田駅周辺15, 三田駅周辺115, 三田駅周辺　道場南口駅〜吉尾インター〜屏風辻〜淡河, 三田駅周辺　岡場駅前〜附物〜八多学校前〜道場南口駅"
原坂,神姫バス（株）,"三木・小野・社64, 三木・小野・社107, 三木・小野・社50"
宝塚山手台中央,阪急バス（株）,"宝塚山手中山台線（84、85系統）, 宝塚山手中山台線（68、75、86、165、167系統）, 宝塚山手中山台線（50、60、75、150、186系統）"
中臣南,（株）ウイング神姫,たつの市コミュニティバス　令和跨線橋ルート
高畑,神姫バス（株）,姫路南部18
姫路市市民会館前,神姫バス（株）,"姫路北部21, 姫路北部22"
坂田町,神姫バス（株）,"姫路北部21, 姫路北部22"
城見町,神姫バス（株）,"姫路北部21, 姫路北部22, 姫路北部23, 姫路北部24"
アクアホール前,（株）ウイング神姫,"たつの市コミュニティバス　兵庫県龍野庁舎ルート, たつの市コミュニティバス　はつらつセンタールート, たつの市コミュニティバス　日山ルート, たつの市コミュニティバス　龍野北高校ルート"
東山台小学校前,阪急バス（株）,西宮名塩ニュータウン線（53系統）
門前,加古川市かこばすミニ運営,かこバスミニ・志方東ルート
豆坂口,阪急バス（株）,満願寺線（150、151系統）
桜台一丁目,阪急バス（株）,"宝塚山手中山台線（68、75、86、165、167系統）, 宝塚山手中山台線（50、60、75、150、186系統）"
宮ノ尾,（株）ウイング神姫,"相生　60．62, 相生　61．63, 相生　16．50＿3"
センター前,阪急バス（株）,"宝塚山手中山台線（68、75、86、165、167系統）, 宝塚山手中山台線（50、60、75、150、186系統）, 宝塚市内線（77→72、75、76系統）"
北播磨総合医療センター,神姫バス（株）,"三田駅周辺115, 三木・小野・社107, 三木・小野・社109, 三木・小野・社101, 三木・小野・社102, 三木・小野・社117, らんらんバス・1　北回り循環ルート, らんらんバス・2　南回り循環ルート, らんらんバス・3　河合統合ルート, らんらんバス・4　西脇ルート, らんらんバス・5　鴨池ルート, らんらんバス・6　山田・樫山ルート, らんらんバス・7　大開ルート, らんらんバス・8　万勝寺ルート, らんらんバス・9　ひまわりタウンルート, らんらんバス・10　中谷ルート"
姫路商工会議所前,神姫バス（株）,"姫路北部23, 姫路北部24, 姫路北部25, 姫路北部26, 姫路北部29"
神屋町西,神姫バス（株）,"姫路北部21, 姫路北部22"
長尾山霊園,阪急バス（株）,長尾山霊園線（30系統）
大善町,神姫バス（株）,姫路北部24
畑,赤穂市,市内循環バスゆらのすけ・南北ルートA
太田,神姫バス（株）,"姫路北部38, 姫路北部39"
来迎寺,神姫バス（株）,"らんらんバス・2　南回り循環ルート, らんらんバス・6　山田・樫山ルート"
西庄,神姫バス（株）,姫路南部17
高畑南口,神姫バス（株）,姫路南部18
東山台二丁目,阪急バス（株）,西宮名塩ニュータウン線（53系統）
大避神社,赤穂市,市内循環バスゆらのすけ・南北ルートB
西夢前台5丁目,神姫バス（株）,姫路南部30
細工所,神姫バス（株）,"北条（加西市）　北条営業所〜アスティアかさい〜東高室〜細工所北口〜宝殿駅北口, 北条（加西市）　北条営業所〜アスティアかさい〜播磨農高前〜細工所北口〜宝殿駅北口"
佐野,神姫バス（株）,"三木・小野・社16, 三木・小野・社17, 三木・小野・社117, 三木・小野・社6"
下山口,西宮市,さくらやまなみバス（金仙寺系統・有馬系統）
下山口,阪急バス（株）,"三田線（17系統）, 有馬線（40、41、43、44、45、56、70、73、74、75、76、95、96系統）"
名塩山荘,阪急バス（株）,"有馬線（40、41、43、44、45、56、70、73、74、75、76、95、96系統）, 名塩さくら台線（58系統）"
十二所神社前,神姫バス（株）,"姫路北部1, 姫路北部31, 姫路北部32, 姫路北部33, 姫路北部34, 姫路北部35, 姫路北部36, 姫路北部37, 姫路北部40, 姫路北部53, 姫路南部18, 姫路南部30, 姫路南部28, 姫路南部17, 姫路南部27"
鍛冶,神姫バス（株）,"三木・小野・社64, 三木・小野・社107, 三木・小野・社50"
名塩西ノ口,阪急バス（株）,"有馬線（40、41、43、44、45、56、70、73、74、75、76、95、96系統）, 名塩さくら台線（58系統）"
北条口5丁目,神姫バス（株）,"姫路北部23, 姫路北部24, 姫路北部25, 姫路北部26, 姫路北部29"
揖保川総合支所,（株）ウイング神姫,"たつの市コミュニティバス　兵庫県龍野庁舎ルート, たつの市コミュニティバス　はつらつセンタールート, たつの市コミュニティバス　日山ルート, たつの市コミュニティバス　龍野北高校ルート"
名塩小学校前,阪急バス（株）,"有馬線（40、41、43、44、45、56、70、73、74、75、76、95、96系統）, 名塩さくら台線（58系統）"
宮上町1丁目,神姫バス（株）,姫路北部24
城山登山口,加古川市かこばすミニ運営,かこバスミニ・志方東ルート
川西郵便局前,阪急バス（株）,満願寺線（150、151系統）
東南西口,（株）ウイング神姫,"山崎　55, 山崎　50"
神屋町,神姫バス（株）,"姫路北部21, 姫路北部22, 姫路北部23"
長尾山霊園口,阪急バス（株）,長尾山霊園線（30系統）
山口営業所前,西宮市,さくらやまなみバス（金仙寺系統・有馬系統）
山口営業所前,阪急バス（株）,有馬線（40、41、43、44、45、56、70、73、74、75、76、95、96系統）
川西市役所前,阪急バス（株）,川西猪名川線（2、12、22系統）
藤原台北町4丁目,神姫バス（株）,"三田駅周辺13＿1, 三田駅周辺68, 三田駅周辺69, 三田駅周辺66, 三田駅周辺　岡場駅前〜藤原台北町5丁目・吉尾インター〜屏風辻〜淡河"
福沢町,神姫バス（株）,"姫路北部38, 姫路北部39, 姫路南部94"
北部農場前,神姫バス（株）,三田駅周辺14＿1
北山,神姫バス（株）,"姫路北部38, 姫路北部39"
中野橋,赤穂市,市内循環バスゆらのすけ・南北ルートB
名塩,阪急バス（株）,"有馬線（40、41、43、44、45、56、70、73、74、75、76、95、96系統）, 名塩さくら台線（58系統）"
市川台1丁目,神姫バス（株）,姫路北部24
花屋敷,阪急バス（株）,満願寺線（150、151系統）
夕陽ヶ丘,神姫バス（株）,姫路北部22
宮前,神姫バス（株）,"三木・小野・社64, 三木・小野・社107, 三木・小野・社50"
鍬溪温泉前,神姫バス（株）,"らんらんバス・4　西脇ルート, らんらんバス・5　鴨池ルート"
城谷住宅前,（株）ウイング神姫,相生　10．15．50＿2
原西,神姫バス（株）,"姫路北部38, 姫路北部39"
中山台二丁目,阪急バス（株）,"宝塚山手中山台線（68、75、86、165、167系統）, 宝塚山手中山台線（50、60、75、150、186系統）, 宝塚市内線（77→72、75、76系統）"
神屋町6丁目,神姫バス（株）,"姫路北部25, 姫路北部29"
西構,（株）ウイング神姫,たつの市コミュニティバス　令和跨線橋ルート
宝塚山手台二丁目,阪急バス（株）,"宝塚山手中山台線（84、85系統）, 宝塚山手中山台線（68、75、86、165、167系統）, 宝塚山手中山台線（50、60、75、150、186系統）"
黒岡,神姫バス（株）,"姫路北部38, 姫路北部39"
岡,加古川市かこばすミニ運営,かこバスミニ・志方東ルート
東駅前町,神姫バス（株）,"姫路北部23, 姫路北部24, 姫路北部25, 姫路北部26, 姫路北部29"
上松,（株）ウイング神姫,"相生　60．62, 相生　61．63, 相生　16．50＿3"
匠台3番地前,神姫バス（株）,らんらんバス・11　匠谷ルート
五月台一丁目,阪急バス（株）,"宝塚山手中山台線（68、75、86、165、167系統）, 宝塚山手中山台線（50、60、75、150、186系統）"
榊公園南,神姫バス（株）,らんらんバス・11　匠谷ルート
有年駅,（株）ウイング神姫,赤穂・上郡　有年・上郡線
西兜,神姫バス（株）,"姫路南部28, 姫路南部27"
下蒲田北口,神姫バス（株）,姫路南部18
天神前,神姫バス（株）,"姫路北部21, 姫路北部22, 姫路北部23"
北条口2丁目,神姫バス（株）,"姫路北部23, 姫路北部24, 姫路北部25, 姫路北部26, 姫路北部29"
有年小学校,赤穂市,市内循環バスゆらのすけ・南北ルートB
名塩東口,阪急バス（株）,"有馬線（40、41、43、44、45、56、70、73、74、75、76、95、96系統）, 名塩さくら台線（58系統）"
有年公民館,赤穂市,市内循環バスゆらのすけ・南北ルートA
丸山下,西宮市,さくらやまなみバス（金仙寺系統・有馬系統）
丸山下,阪急バス（株）,有馬線（40、41、43、44、45、56、70、73、74、75、76、95、96系統）
有年橋,赤穂市,市内循環バスゆらのすけ・南北ルートA
有年橋,（株）ウイング神姫,赤穂・上郡　有年・上郡線
京町1丁目,神姫バス（株）,姫路北部24
JA有年,赤穂市,市内循環バスゆらのすけ・南北ルートA
市川橋,神姫バス（株）,"姫路北部21, 姫路北部22, 姫路北部23"
下蒲田東口,神姫バス（株）,姫路南部18
揖保川公民館北,（株）ウイング神姫,"たつの市コミュニティバス　兵庫県龍野庁舎ルート, たつの市コミュニティバス　はつらつセンタールート, たつの市コミュニティバス　日山ルート, たつの市コミュニティバス　龍野北高校ルート"
神屋町3丁目,神姫バス（株）,"姫路北部25, 姫路北部29"
山口センター前,西宮市,さくらやまなみバス（金仙寺系統・有馬系統）
山口センター前,阪急バス（株）,"三田線（17系統）, 有馬線（40、41、43、44、45、56、70、73、74、75、76、95、96系統）"
市場,神姫バス（株）,"三木・小野・社　三宮〜神戸福産団地〜押部谷駅前〜三木営業所〜社, 津山・西脇・社　（急行）西脇営業所〜御坂・新神戸駅前〜三宮, 津山・西脇・社　（急行）西脇営業所〜滝野社I．C・御坂・新神戸駅前〜三宮, 津山・西脇・社　社（車庫前）〜三木〜明石駅, らんらんバス・2　南回り循環ルート, らんらんバス・6　山田・樫山ルート"
横尾中町,赤穂市,市内循環バスゆらのすけ・南北ルートA
北条口3丁目,神姫バス（株）,"姫路北部23, 姫路北部24, 姫路北部25, 姫路北部26, 姫路北部29"
阪急雲雀丘花屋敷駅前,阪急バス（株）,満願寺線（150、151系統）
JA市場前,神姫バス（株）,らんらんバス・2　南回り循環ルート
下芝原,神姫バス（株）,"三木・小野・社64, 三木・小野・社107, 三木・小野・社50"
深志野東口,神姫バス（株）,姫路北部22
阪急川西能勢口駅（東口）,阪急バス（株）,"川西猪名川線（1、6、7、8、9系統）, 川西猪名川線（1、6、9、11、49系統）, 川西猪名川線（3、23系統）, 川西猪名川線（4系統）, 川西猪名川線（2、12系統）, 川西猪名川線（2、12、22系統）, 川西猪名川線（5、15系統）, 川西猪名川線（10、30系統）, 満願寺線（150、151系統）"
神戸北山,（株）ウイング神姫,"たつの市コミュニティバス　兵庫県龍野庁舎ルート, たつの市コミュニティバス　はつらつセンタールート, たつの市コミュニティバス　日山ルート, たつの市コミュニティバス　龍野北高校ルート"
匠台5番地前,神姫バス（株）,"らんらんバス・6　山田・樫山ルート, らんらんバス・11　匠谷ルート"
宮西町3丁目,神姫バス（株）,"姫路北部25, 姫路北部29"
有年診療所,赤穂市,市内循環バスゆらのすけ・南北ルートB
姫路駅（北口）,神姫バス（株）,"姫路北部1, 姫路北部3, 姫路北部4, 姫路北部5, 姫路北部6, 姫路北部7, 姫路北部8, 姫路北部9, 姫路北部11, 姫路北部12, 姫路北部13, 姫路北部21, 姫路北部22, 姫路北部23, 姫路北部24, 姫路北部25, 姫路北部26, 姫路北部29, 姫路北部31, 姫路北部32, 姫路北部33, 姫路北部34, 姫路北部35, 姫路北部36, 姫路北部37, 姫路北部38, 姫路北部39, 姫路北部40, 姫路北部41, 姫路北部42, 姫路北部43, 姫路北部45, 姫路北部51, 姫路北部52, 姫路北部53, 姫路北部　姫路駅（北口）〜SPring-8, 姫路北部64, 姫路北部71, 姫路北部73, 姫路北部74, 姫路北部75, 姫路北部82, 姫路北部84, 姫路北部86, 姫路南部94, 姫路南部18, 姫路南部30, 姫路南部28, 姫路南部17, 姫路南部27, 北条（加西市）　フラワーセンター南門前〜北条営業所〜南山田〜姫路駅前, 北条（加西市）　北条営業所〜南山田〜江鮒団地〜マリア病院〜姫路駅前, 北条（加西市）　北条営業所〜西大貫〜北山田〜姫路駅前"
城山,神姫バス（株）,姫路南部30
アクリエひめじ北口,神姫バス（株）,"姫路北部25, 姫路北部26, 姫路南部93, 姫路南部92"
東有年,（株）ウイング神姫,赤穂・上郡　有年・上郡線
県立はりま姫路総合医療センター前,神姫バス（株）,"姫路北部25, 姫路北部26, 姫路南部93, 姫路南部92"
浄泉寺,赤穂市,市内循環バスゆらのすけ・南北ルートA
上榊,神姫バス（株）,らんらんバス・6　山田・樫山ルート
立岡,（株）ウイング神姫,"山崎　55, 山崎　50"
阪急川西能勢口駅,阪急バス（株）,"川西猪名川線（1、6、7、8、9系統）, 川西猪名川線（1、6、9、11、49系統）, 川西猪名川線（3、23系統）, 川西猪名川線（4系統）, 川西猪名川線（2、12系統）, 川西猪名川線（2、12、22系統）, 川西猪名川線（5、15系統）, 川西猪名川線（10、30系統）, 満願寺線（150、151系統）, 尼崎線（56、57系統）, 桃源台線（60、61、62、70系統）"
流通センター3,阪急バス（株）,有馬線（40、41、43、44、45、56、70、73、74、75、76、95、96系統）
宮西町,神姫バス（株）,"姫路北部25, 姫路北部29"
ひばりヶ丘,（株）ウイング神姫,"たつの市コミュニティバス　兵庫県龍野庁舎ルート, たつの市コミュニティバス　はつらつセンタールート, たつの市コミュニティバス　日山ルート, たつの市コミュニティバス　龍野北高校ルート"
南僧尾,神姫バス（株）,"三木・小野・社　三宮〜淡河本町南〜みなぎ台〜吉川図書館前（夏ルート・冬ルート）, 三木・小野・社50"
株分,（株）ウイング神姫,"相生　60．62, 相生　61．63, 相生　16．50＿3"
豊地小学校,神姫バス（株）,"三木・小野・社64, 三木・小野・社107"
谷口前,神姫バス（株）,"三木・小野・社64, 三木・小野・社107, 三木・小野・社50"
呉服橋西詰,阪急バス（株）,"東能勢線（130、131、132、133、134、135、136、139系統）, 満願寺線（150、151系統）"
東有年第二児童遊園,赤穂市,市内循環バスゆらのすけ・南北ルートA
匠台17番地前,神姫バス（株）,らんらんバス・11　匠谷ルート
テクノプラザ前,神姫バス（株）,"らんらんバス・6　山田・樫山ルート, らんらんバス・11　匠谷ルート"
鶴亀,（株）ウイング神姫,"相生　60．62, 相生　61．63, 相生　16．50＿3"
市川橋東詰,神姫バス（株）,"姫路北部21, 姫路北部22"
市之郷3丁目,神姫バス（株）,"姫路北部25, 姫路北部29"
JR西宮名塩,阪急バス（株）,"有馬線（40、41、43、44、45、56、70、73、74、75、76、95、96系統）, 西宮名塩ニュータウン線（53系統）, 名塩南台線（50系統）, 名塩さくら台線（58系統）"
中才,加古川市かこばすミニ運営,かこバスミニ・志方東ルート
日出町,神姫バス（株）,"姫路北部25, 姫路北部29"
中山台一丁目,阪急バス（株）,"宝塚山手中山台線（68、75、86、165、167系統）, 宝塚山手中山台線（50、60、75、150、186系統）, 宝塚市内線（77→72、75、76系統）"
八多出張所前,神姫バス（株）,"三田駅周辺15, 三田駅周辺115, 三田駅周辺　岡場駅前〜藤原台北町5丁目・吉尾インター〜屏風辻〜淡河, 三田駅周辺　道場南口駅〜吉尾インター〜屏風辻〜淡河, 三田駅周辺　岡場駅前〜附物〜八多学校前〜道場南口駅"
アクリエひめじ前,神姫バス（株）,"姫路南部93, 姫路南部92"
増田,神姫バス（株）,"三木・小野・社64, 三木・小野・社107"
深志野本町,神姫バス（株）,姫路北部22
名塩南台二丁目,阪急バス（株）,名塩南台線（50系統）
小花一丁目,阪急バス（株）,"東能勢線（130、131、132、133、134、135、136、139系統）, 満願寺線（150、151系統）"
高畑,神姫バス（株）,"北条（加西市）　北条営業所〜アスティアかさい〜東高室〜細工所北口〜宝殿駅北口, 北条（加西市）　北条営業所〜アスティアかさい〜播磨農高前〜細工所北口〜宝殿駅北口"
匠台18番地前,神姫バス（株）,らんらんバス・11　匠谷ルート
姫路駅（南口）,神姫バス（株）,"姫路南部98, 姫路南部99, 姫路南部91, 姫路南部95, 姫路南部96, 姫路南部93, 姫路南部92"
東蒲田,神姫バス（株）,姫路南部18
名塩南台一丁目,阪急バス（株）,名塩南台線（50系統）
匠台11番地前,神姫バス（株）,"らんらんバス・6　山田・樫山ルート, らんらんバス・11　匠谷ルート"
栄,（株）ウイング神姫,たつの市コミュニティバス　令和跨線橋ルート
延末北,神姫バス（株）,姫路南部94
八幡公民館前,神姫バス（株）,姫路南部18
すみれガ丘東,阪急バス（株）,"宝塚すみれガ丘線（181、182系統）, 宝塚すみれガ丘線（182、183系統）"
すこやかセンター前,神姫バス（株）,"姫路北部25, 姫路北部26"
流通センター1,阪急バス（株）,有馬線（40、41、43、44、45、56、70、73、74、75、76、95、96系統）
一本松,神姫バス（株）,"姫路北部21, 姫路北部22"
細川町公民館,神姫バス（株）,"三木・小野・社64, 三木・小野・社107"
井の口,神姫バス（株）,姫路南部17
JR川西池田駅,阪急バス（株）,"東能勢線（130、131、132、133、134、135、136、139系統）, 川西猪名川線（1、6、7、8、9系統）, 川西猪名川線（1、6、9、11、49系統）, 川西猪名川線（3、23系統）, 川西猪名川線（4系統）"
名塩南台四丁目,阪急バス（株）,名塩南台線（50系統）
谷口,赤穂市,市内循環バスゆらのすけ・南北ルートA
名塩南台西,阪急バス（株）,名塩南台線（50系統）
豊地,神姫バス（株）,"三木・小野・社64, 三木・小野・社107, 三木・小野・社16, 三木・小野・社17, 三木・小野・社117, 三木・小野・社6"
山津屋北,（株）ウイング神姫,"たつの市コミュニティバス　兵庫県龍野庁舎ルート, たつの市コミュニティバス　はつらつセンタールート, たつの市コミュニティバス　日山ルート, たつの市コミュニティバス　龍野北高校ルート"
東姫路駅口,神姫バス（株）,"姫路北部25, 姫路北部26"
宝塚山手台一丁目,阪急バス（株）,"宝塚山手中山台線（84、85系統）, 宝塚山手中山台線（68、75、86、165、167系統）, 宝塚山手中山台線（50、60、75、150、186系統）"
竜野駅,（株）ウイング神姫,"たつの市コミュニティバス　兵庫県龍野庁舎ルート, たつの市コミュニティバス　はつらつセンタールート, たつの市コミュニティバス　日山ルート, たつの市コミュニティバス　龍野北高校ルート"
池尻,神姫バス（株）,"津山・西脇・社　社（車庫前）〜三木〜明石駅, らんらんバス・2　南回り循環ルート, らんらんバス・6　山田・樫山ルート"
岡田口,神姫バス（株）,"姫路南部28, 姫路南部27"
東姫路駅,神姫バス（株）,姫路北部26
上山口,西宮市,さくらやまなみバス（金仙寺系統・有馬系統）
上山口,阪急バス（株）,"三田線（17系統）, 有馬線（40、41、43、44、45、56、70、73、74、75、76、95、96系統）"
西延末・姫路市立水族館北,神姫バス（株）,"姫路南部95, 姫路南部96"
名塩南台センター前,阪急バス（株）,名塩南台線（50系統）
すみれガ丘北公園前,阪急バス（株）,"宝塚すみれガ丘線（181、182系統）, 宝塚すみれガ丘線（182、183系統）"
コミセンいちば,神姫バス（株）,"らんらんバス・2　南回り循環ルート, らんらんバス・6　山田・樫山ルート"
名塩南台東公園前,阪急バス（株）,名塩南台線（50系統）
塩瀬中学校前,阪急バス（株）,"有馬線（40、41、43、44、45、56、70、73、74、75、76、95、96系統）, 西宮名塩ニュータウン線（53系統）, 名塩南台線（50系統）"
すみれガ丘三丁目,阪急バス（株）,"宝塚すみれガ丘線（181、182系統）, 宝塚すみれガ丘線（182、183系統）"
西飯坂,加古川市かこばすミニ運営,かこバスミニ・志方東ルート
中筋山手二丁目,阪急バス（株）,"宝塚山手中山台線（68、75、86、165、167系統）, 宝塚山手中山台線（50、60、75、150、186系統）, 宝塚市内線（77→72、75、76系統）"
竜泉,（株）ウイング神姫,"相生　57, 相生　65．66, 相生　10．15．50＿2, 相生　16．50＿3"
一本松南口,神姫バス（株）,"姫路北部23, 姫路北部24"
木ノ元,阪急バス（株）,"有馬線（40、41、43、44、45、56、70、73、74、75、76、95、96系統）, 西宮名塩ニュータウン線（53系統）"
はりま台,赤穂市,市内循環バスゆらのすけ・南北ルートB
宮前,赤穂市,"市内循環バスゆらのすけ・南北ルートA, 市内循環バスゆらのすけ・南北ルートB"
宮前,（株）ウイング神姫,赤穂・上郡　有年・上郡線
泉ガ丘北,阪急バス（株）,売布循環線
西牧,加古川市かこばすミニ運営,かこバスミニ・志方西ルート
花の峯7-16,「ぐるっと生瀬」運行協議会,"ぐるっと生瀬・サーパス・花の峯ルート, ぐるっと生瀬・花の峯ルート, ぐるっと生瀬・宝生ヶ丘、生瀬高台、青葉台、花の峯連続ルート"
自動車学校,神姫バス（株）,"姫路北部21, 姫路北部22"
延末,神姫バス（株）,"姫路南部95, 姫路南部96"
磐西,加古川市かこばすミニ運営,かこバスミニ・平荘ルート
藤原台北町2丁目,神姫バス（株）,"三田駅周辺13＿1, 三田駅周辺68, 三田駅周辺69, 三田駅周辺66, 三田駅周辺　岡場駅前〜藤原台北町5丁目・吉尾インター〜屏風辻〜淡河, 三田駅周辺　岡場駅前〜附物〜八多学校前〜道場南口駅"
甲阿保北,神姫バス（株）,"姫路南部93, 姫路南部92"
緑ヶ丘北,（株）ウイング神姫,"相生　60．62, 相生　61．63, 相生　57, 相生　65．66"
花の峯5-1西村宅前,「ぐるっと生瀬」運行協議会,"ぐるっと生瀬・サーパス・花の峯ルート, ぐるっと生瀬・花の峯ルート, ぐるっと生瀬・宝生ヶ丘、生瀬高台、青葉台、花の峯連続ルート"
済生会病院前,阪急バス（株）,有野台線（1、3、4、5、7、8系統）
姫路商業高校前,神姫バス（株）,姫路南部17
すみれガ丘二丁目,阪急バス（株）,"宝塚すみれガ丘線（181、182系統）, 宝塚すみれガ丘線（182、183系統）"
山中,加古川市かこばすミニ運営,かこバスミニ・志方西ルート
流通センター2,阪急バス（株）,有馬線（40、41、43、44、45、56、70、73、74、75、76、95、96系統）
北条住宅南,神姫バス（株）,"姫路南部93, 姫路南部92"
（株）アルファ前（西中）,加古川市かこばすミニ運営,かこバスミニ・志方西ルート
西牧東口,加古川市かこばすミニ運営,かこバスミニ・志方西ルート
広尾西,加古川市かこばすミニ運営,かこバスミニ・志方東ルート
青峯道路東,「ぐるっと生瀬」運行協議会,"ぐるっと生瀬・サーパス・花の峯ルート, ぐるっと生瀬・花の峯ルート"
姫路市立陸上競技場北,神姫バス（株）,"姫路南部95, 姫路南部96"
神姫商工前,神姫バス（株）,"姫路北部21, 姫路北部22"
青葉台2-10-8井上宅前,「ぐるっと生瀬」運行協議会,"ぐるっと生瀬・青葉台ルート, ぐるっと生瀬・宝生ヶ丘、生瀬高台、青葉台、花の峯連続ルート"
育ヶ丘東,神姫バス（株）,"らんらんバス・2　南回り循環ルート, らんらんバス・6　山田・樫山ルート"
比室,加古川市かこばすミニ運営,かこバスミニ・志方西ルート
すみれガ丘中央,阪急バス（株）,"宝塚すみれガ丘線（181、182系統）, 宝塚すみれガ丘線（182、183系統）"
岡場,神姫バス（株）,三田駅周辺14＿1
花の峯11番水道中継槽前,「ぐるっと生瀬」運行協議会,"ぐるっと生瀬・サーパス・花の峯ルート, ぐるっと生瀬・花の峯ルート, ぐるっと生瀬・宝生ヶ丘、生瀬高台、青葉台、花の峯連続ルート"
花の峯10番はぎ公園向い,「ぐるっと生瀬」運行協議会,"ぐるっと生瀬・サーパス・花の峯ルート, ぐるっと生瀬・花の峯ルート, ぐるっと生瀬・宝生ヶ丘、生瀬高台、青葉台、花の峯連続ルート"
青葉台第3公園北側,「ぐるっと生瀬」運行協議会,"ぐるっと生瀬・青葉台ルート, ぐるっと生瀬・宝生ヶ丘、生瀬高台、青葉台、花の峯連続ルート"
売布きよしガ丘北,阪急バス（株）,売布循環線
八幡小学校前,神姫バス（株）,姫路南部30
青葉台2-19-3景山宅前,「ぐるっと生瀬」運行協議会,"ぐるっと生瀬・青葉台ルート, ぐるっと生瀬・宝生ヶ丘、生瀬高台、青葉台、花の峯連続ルート"
福田運輸前（西中）,加古川市かこばすミニ運営,かこバスミニ・志方西ルート
下蒲田南口,神姫バス（株）,姫路南部18
横山橋,赤穂市,市内循環バスゆらのすけ・南北ルートB
山手四丁目,阪急バス（株）,"宝塚山手中山台線（68、75、86、165、167系統）, 宝塚山手中山台線（50、60、75、150、186系統）"
泉ガ丘第1,阪急バス（株）,売布循環線
八多学校前,神姫バス（株）,"三田駅周辺15, 三田駅周辺115, 三田駅周辺　岡場駅前〜藤原台北町5丁目・吉尾インター〜屏風辻〜淡河, 三田駅周辺　道場南口駅〜吉尾インター〜屏風辻〜淡河, 三田駅周辺　岡場駅前〜附物〜八多学校前〜道場南口駅"
山脇西口,神姫バス（株）,"姫路北部23, 姫路北部24"
名塩南台南公園前,阪急バス（株）,名塩南台線（50系統）
北神区民センター前,阪急バス（株）,有野台線（1、3、4、5、7、8系統）
長楽園,加古川市かこばすミニ運営,かこバスミニ・志方西ルート
金仙寺,西宮市,さくらやまなみバス（金仙寺系統・有馬系統）
深志野,神姫バス（株）,姫路北部22
姫路市中央卸売市場前,神姫バス（株）,姫路南部94
弓の木,神姫バス（株）,"三田駅周辺15, 三田駅周辺115, 三田駅周辺　岡場駅前〜藤原台北町5丁目・吉尾インター〜屏風辻〜淡河, 三田駅周辺　道場南口駅〜吉尾インター〜屏風辻〜淡河"
蒲田口,神姫バス（株）,姫路南部18
粟島前,神姫バス（株）,"三田駅周辺15, 三田駅周辺115, 三田駅周辺　岡場駅前〜藤原台北町5丁目・吉尾インター〜屏風辻〜淡河, 三田駅周辺　道場南口駅〜吉尾インター〜屏風辻〜淡河"
阪急山本駅,阪急バス（株）,"宝塚山手中山台線（84、85系統）, 宝塚山手中山台線（68、75、86、165、167系統）, 宝塚山手中山台線（50、60、75、150、186系統）, 宝塚市内線（77→72、75、76系統）"
売布きよしガ丘中央公園,阪急バス（株）,売布循環線
池ノ内北,（株）ウイング神姫,相生　50＿1．52．53
釈迦屋敷,神姫バス（株）,姫路南部17
下野北口,神姫バス（株）,姫路南部30
青峯道路西,「ぐるっと生瀬」運行協議会,ぐるっと生瀬・青葉台ルート
岡場駅前,神姫バス（株）,"三田駅周辺13＿1, 三田駅周辺68, 三田駅周辺69, 三田駅周辺66, 三田駅周辺　岡場駅前〜藤原台北町5丁目・吉尾インター〜屏風辻〜淡河, 三田駅周辺　岡場駅前〜附物〜八多学校前〜道場南口駅"
国分寺,神姫バス（株）,"姫路北部21, 姫路北部22"
北摂中央病院出入口,「ぐるっと生瀬」運行協議会,"ぐるっと生瀬・サーパス・花の峯ルート, ぐるっと生瀬・花の峯ルート, ぐるっと生瀬・宝生ヶ丘、生瀬高台、青葉台、花の峯連続ルート"
青葉台第4公園ポスト前,「ぐるっと生瀬」運行協議会,"ぐるっと生瀬・青葉台ルート, ぐるっと生瀬・宝生ヶ丘、生瀬高台、青葉台、花の峯連続ルート"
汐見台,（株）ウイング神姫,相生　50＿1．52．53
細川中,神姫バス（株）,"三木・小野・社64, 三木・小野・社107, 三木・小野・社16, 三木・小野・社17, 三木・小野・社117, 三木・小野・社6"
岡場駅,阪急バス（株）,"藤原台線（67系統）, 有野台線（1、3、4、5、7、8系統）, 有馬線（40、41、43、44、45、56、70、73、74、75、76、95、96系統）"
しかたこども園前,加古川市かこばすミニ運営,"かこバスミニ・志方西ルート, かこバスミニ・志方東ルート"
阿保公園前,神姫バス（株）,"姫路北部26, 姫路北部29"
育ヶ丘西,神姫バス（株）,"らんらんバス・2　南回り循環ルート, らんらんバス・6　山田・樫山ルート"
山脇,神姫バス（株）,"姫路北部23, 姫路北部24"
下榊,神姫バス（株）,らんらんバス・6　山田・樫山ルート
金仙寺口,西宮市,さくらやまなみバス（金仙寺系統・有馬系統）
金仙寺口,阪急バス（株）,"三田線（17系統）, 有馬線（40、41、43、44、45、56、70、73、74、75、76、95、96系統）"
上菅生,赤穂市,市内循環バスゆらのすけ・南北ルートB
東延末,神姫バス（株）,"姫路南部98, 姫路南部99, 姫路南部91, 姫路南部95, 姫路南部96"
緑ヶ丘二丁目,（株）ウイング神姫,"相生　60．62, 相生　61．63, 相生　57, 相生　65．66"
サーパス駐車場前（2号館）,「ぐるっと生瀬」運行協議会,ぐるっと生瀬・サーパス・花の峯ルート
姫路総合庁舎南,神姫バス（株）,姫路南部98
浄化センター前,神姫バス（株）,"らんらんバス・2　南回り循環ルート, らんらんバス・6　山田・樫山ルート"
荒川農協前,神姫バス（株）,姫路南部17
樫山,神姫バス（株）,"津山・西脇・社　社（車庫前）〜三木〜明石駅, らんらんバス・2　南回り循環ルート, らんらんバス・6　山田・樫山ルート"
志方市民センター,加古川市かこばすミニ運営,"かこバスミニ・志方西ルート, かこバスミニ・志方東ルート"
匠台,神姫バス（株）,らんらんバス・6　山田・樫山ルート
緑ヶ丘四丁目,（株）ウイング神姫,"相生　60．62, 相生　61．63, 相生　57, 相生　65．66"
大谷,（株）ウイング神姫,"山崎　55, 山崎　50"
下太田車庫,神姫バス（株）,"姫路南部95, 姫路南部96"
甲阿保南,神姫バス（株）,"姫路南部93, 姫路南部92"
森興橋,阪急バス（株）,"有馬線（40、41、43、44、45、56、70、73、74、75、76、95、96系統）, 西宮名塩ニュータウン線（53系統）"
野瀬,神姫バス（株）,"三田駅周辺15, 三田駅周辺115, 三田駅周辺　岡場駅前〜藤原台北町5丁目・吉尾インター〜屏風辻〜淡河, 三田駅周辺　道場南口駅〜吉尾インター〜屏風辻〜淡河"
中地,神姫バス（株）,"姫路南部28, 姫路南部27"
ふれあいセンター,神姫バス（株）,"三田駅周辺　岡場駅前〜藤原台北町5丁目・吉尾インター〜屏風辻〜淡河, 三田駅周辺　道場南口駅〜吉尾インター〜屏風辻〜淡河"
泉ガ丘第2,阪急バス（株）,売布循環線
家具町,神姫バス（株）,姫路北部22
流通センター南,西宮市,さくらやまなみバス（金仙寺系統・有馬系統）
流通センター南,阪急バス（株）,有馬線（40、41、43、44、45、56、70、73、74、75、76、95、96系統）
大池の下,加古川市かこばすミニ運営,かこバスミニ・志方西ルート
売布きよしガ丘南,阪急バス（株）,売布循環線
山手二丁目,（株）ウイング神姫,"相生　50＿1．52．53, 相生　60．62, 相生　61．63"
東町坪,神姫バス（株）,"姫路南部95, 姫路南部96"
下太田住宅,神姫バス（株）,"姫路南部95, 姫路南部96"
阿川,神姫バス（株）,姫路南部30
すみれガ丘一丁目,阪急バス（株）,"宝塚すみれガ丘線（181、182系統）, 宝塚すみれガ丘線（182、183系統）"
高校前,（株）ウイング神姫,"相生　60．62, 相生　61．63"
阪急中山観音駅（北口）,阪急バス（株）,"宝塚山手中山台線（68、75、86、165、167系統）, 宝塚山手中山台線（50、60、75、150、186系統）, 宝塚市内線（77→72、75、76系統）"
木工団地,神姫バス（株）,姫路北部22
青葉台1-19-6楢崎宅前,「ぐるっと生瀬」運行協議会,"ぐるっと生瀬・青葉台ルート, ぐるっと生瀬・宝生ヶ丘、生瀬高台、青葉台、花の峯連続ルート"
白沢寿会館,加古川市,上荘くるりん号
広尾東,加古川市かこばすミニ運営,"かこバスミニ・志方東ルート, かこバスミニ・平荘ルート"
釈迦堂公園前,神姫バス（株）,"らんらんバス・2　南回り循環ルート, らんらんバス・4　西脇ルート, らんらんバス・5　鴨池ルート, らんらんバス・6　山田・樫山ルート"
青葉台1-17-5小幡宅前,「ぐるっと生瀬」運行協議会,ぐるっと生瀬・青葉台ルート
栄根,阪急バス（株）,"尼崎線（56、57系統）, 桃源台線（60、61、62、70系統）"
樫山駅前,神姫バス（株）,"らんらんバス・2　南回り循環ルート, らんらんバス・6　山田・樫山ルート, らんらんバス・11　匠谷ルート"
ゆぴか,神姫バス（株）,"らんらんバス・2　南回り循環ルート, らんらんバス・4　西脇ルート, らんらんバス・5　鴨池ルート, らんらんバス・6　山田・樫山ルート"
御着駅前,神姫バス（株）,"姫路北部21, 姫路北部22"
西畑口,神姫バス（株）,"三田駅周辺15, 三田駅周辺115, 三田駅周辺　岡場駅前〜藤原台北町5丁目・吉尾インター〜屏風辻〜淡河, 三田駅周辺　道場南口駅〜吉尾インター〜屏風辻〜淡河"
山本東三丁目,阪急バス（株）,宝塚市内線（77→72、75、76系統）
青葉台西宝橋（B）,「ぐるっと生瀬」運行協議会,ぐるっと生瀬・青葉台ルート
山津屋南,（株）ウイング神姫,"たつの市コミュニティバス　兵庫県龍野庁舎ルート, たつの市コミュニティバス　はつらつセンタールート, たつの市コミュニティバス　日山ルート, たつの市コミュニティバス　龍野北高校ルート"
竜泉車庫前,（株）ウイング神姫,"相生　60．62, 相生　61．63, 相生　57, 相生　65．66, 相生　10．15．50＿2, 相生　16．50＿3"
阿保車庫,神姫バス（株）,"姫路北部26, 姫路北部29"
青葉台西宝橋（A）,「ぐるっと生瀬」運行協議会,"ぐるっと生瀬・青葉台ルート, ぐるっと生瀬・宝生ヶ丘、生瀬高台、青葉台、花の峯連続ルート"
運動広場前,（株）ウイング神姫,"相生　60．62, 相生　61．63, 相生　57, 相生　65．66"
西町坪,神姫バス（株）,"姫路南部95, 姫路南部96"
流通団地北,神姫バス（株）,らんらんバス・11　匠谷ルート
サーパス駐車場前（1号館）,「ぐるっと生瀬」運行協議会,ぐるっと生瀬・サーパス・花の峯ルート
総合スポーツ会館前,神姫バス（株）,"姫路南部28, 姫路南部27"
黍田公民館前,神姫バス（株）,"らんらんバス・2　南回り循環ルート, らんらんバス・4　西脇ルート, らんらんバス・5　鴨池ルート, らんらんバス・6　山田・樫山ルート"
清荒神清澄寺,阪急バス（株）,宝塚〜清荒神清澄寺
志方小学校前,加古川市かこばすミニ運営,"かこバスミニ・志方西ルート, かこバスミニ・志方東ルート"
加茂二丁目,阪急バス（株）,桃源台線（60、61、62、70系統）
山脇南口,神姫バス（株）,"姫路北部23, 姫路北部24"
生瀬町2-22-2キタノ理容所前,「ぐるっと生瀬」運行協議会,"ぐるっと生瀬・生瀬高台ルート, ぐるっと生瀬・青葉台ルート, ぐるっと生瀬・サーパス・花の峯ルート"
生瀬町1-18-11八尾宅前,「ぐるっと生瀬」運行協議会,"ぐるっと生瀬・生瀬高台ルート, ぐるっと生瀬・青葉台ルート, ぐるっと生瀬・花の峯ルート"
育ヶ丘南,神姫バス（株）,"らんらんバス・2　南回り循環ルート, らんらんバス・6　山田・樫山ルート"
東畑,神姫バス（株）,"三田駅周辺15, 三田駅周辺115, 三田駅周辺　岡場駅前〜藤原台北町5丁目・吉尾インター〜屏風辻〜淡河, 三田駅周辺　道場南口駅〜吉尾インター〜屏風辻〜淡河"
有野交番所前,神姫バス（株）,三田駅周辺14＿1
すみれ台一丁目,西宮市,さくらやまなみバス（金仙寺系統・有馬系統）
すみれ台一丁目,阪急バス（株）,有馬線（40、41、43、44、45、56、70、73、74、75、76、95、96系統）
JA兵庫六甲生瀬出張所前,「ぐるっと生瀬」運行協議会,"ぐるっと生瀬・生瀬高台ルート, ぐるっと生瀬・青葉台ルート, ぐるっと生瀬・サーパス・花の峯ルート"
JA兵庫六甲生瀬出張所向い,「ぐるっと生瀬」運行協議会,"ぐるっと生瀬・生瀬高台ルート, ぐるっと生瀬・青葉台ルート, ぐるっと生瀬・花の峯ルート"
加茂,阪急バス（株）,尼崎線（56、57系統）
すみれ台二丁目,西宮市,さくらやまなみバス（金仙寺系統・有馬系統）
すみれ台二丁目,阪急バス（株）,有馬線（40、41、43、44、45、56、70、73、74、75、76、95、96系統）
西村,神姫バス（株）,"三木・小野・社64, 三木・小野・社107, 三木・小野・社16, 三木・小野・社17, 三木・小野・社117, 三木・小野・社6"
泉ガ丘南,阪急バス（株）,売布循環線
阪急中山観音駅（南口）,阪急バス（株）,"宝塚山手中山台線（68、75、86、165、167系統）, 宝塚山手中山台線（50、60、75、150、186系統）, 宝塚市内線（77→72、75、76系統）, 売布循環線"
JR市場駅,神姫バス（株）,"らんらんバス・2　南回り循環ルート, らんらんバス・6　山田・樫山ルート"
手柄山中央公園口,神姫バス（株）,姫路南部94
JR生瀬駅（コープ向い）,「ぐるっと生瀬」運行協議会,"ぐるっと生瀬・生瀬高台ルート, ぐるっと生瀬・青葉台ルート, ぐるっと生瀬・花の峯ルート"
JR生瀬駅（コープ前）,「ぐるっと生瀬」運行協議会,"ぐるっと生瀬・生瀬高台ルート, ぐるっと生瀬・青葉台ルート, ぐるっと生瀬・サーパス・花の峯ルート"
生瀬駅前（小林表具店前）,「ぐるっと生瀬」運行協議会,ぐるっと生瀬・宝生ヶ丘、生瀬高台、青葉台、花の峯連続ルート
西原,加古川市かこばすミニ運営,かこバスミニ・志方西ルート
淡河中学校,神姫バス（株）,"三田駅周辺15, 三田駅周辺115, 三田駅周辺　岡場駅前〜藤原台北町5丁目・吉尾インター〜屏風辻〜淡河, 三田駅周辺　道場南口駅〜吉尾インター〜屏風辻〜淡河"
国道中筋,阪急バス（株）,"宝塚山手中山台線（68、75、86、165、167系統）, 宝塚山手中山台線（50、60、75、150、186系統）"
御殿山四丁目,阪急バス（株）,"宝塚すみれガ丘線（181、182系統）, 宝塚すみれガ丘線（182、183系統）"
南花屋敷,阪急バス（株）,"宝塚市内線（77→72、75、76系統）, 桃源台線（60、61、62、70系統）"
神戸北農協前,神姫バス（株）,"三田駅周辺15, 三田駅周辺115, 三田駅周辺　岡場駅前〜藤原台北町5丁目・吉尾インター〜屏風辻〜淡河, 三田駅周辺　道場南口駅〜吉尾インター〜屏風辻〜淡河"
中地南口,神姫バス（株）,"姫路南部28, 姫路南部27"
生瀬,阪急バス（株）,"有馬線（40、41、43、44、45、56、70、73、74、75、76、95、96系統）, 西宮名塩ニュータウン線（53系統）"
糸井,（株）ウイング神姫,"山崎　55, 山崎　50"
御着,神姫バス（株）,"姫路北部21, 姫路北部22"
原,加古川市かこばすミニ運営,かこバスミニ・志方中ルート（こども療育センター経由）
有野台4丁目,阪急バス（株）,有野台線（1、3、4、5、7、8系統）
生瀬橋,「ぐるっと生瀬」運行協議会,ぐるっと生瀬・花の峯ルート
生瀬橋,阪急バス（株）,"有馬線（40、41、43、44、45、56、70、73、74、75、76、95、96系統）, 西宮名塩ニュータウン線（53系統）"
パルプラザ,加古川市かこばすミニ運営,"かこバスミニ・志方西ルート, かこバスミニ・志方東ルート"
行原,神姫バス（株）,"三田駅周辺15, 三田駅周辺115, 三田駅周辺　岡場駅前〜藤原台北町5丁目・吉尾インター〜屏風辻〜淡河, 三田駅周辺　道場南口駅〜吉尾インター〜屏風辻〜淡河"
丁,神姫バス（株）,"姫路南部95, 姫路南部96"
口谷東,阪急バス（株）,宝塚市内線（77→72、75、76系統）
生瀬自治会館向い（セルヴィオ）,「ぐるっと生瀬」運行協議会,"ぐるっと生瀬・生瀬高台ルート, ぐるっと生瀬・青葉台ルート, ぐるっと生瀬・花の峯ルート"
佐土新,神姫バス（株）,姫路北部22
生瀬自治会館前（セルヴィオ）,「ぐるっと生瀬」運行協議会,"ぐるっと生瀬・生瀬高台ルート, ぐるっと生瀬・青葉台ルート, ぐるっと生瀬・サーパス・花の峯ルート"
生瀬橋東詰,阪急バス（株）,長尾山霊園線（30系統）
売布ガ丘北,阪急バス（株）,売布循環線
庄田北口,神姫バス（株）,姫路南部98
西夢前台7丁目,神姫バス（株）,姫路南部30
原北,加古川市かこばすミニ運営,かこバスミニ・志方中ルート（こども療育センター経由）
藤原台中町3丁目,阪急バス（株）,藤原台線（67系統）
中筋三丁目,阪急バス（株）,宝塚市内線（77→72、75、76系統）
屏風辻,神姫バス（株）,"三田駅周辺15, 三田駅周辺115, 三田駅周辺　岡場駅前〜藤原台北町5丁目・吉尾インター〜屏風辻〜淡河, 三田駅周辺　道場南口駅〜吉尾インター〜屏風辻〜淡河"
安田,神姫バス（株）,"姫路南部98, 姫路南部99, 姫路南部91"
相生駅,（株）ウイング神姫,"相生　50＿1．52．53, 相生　55．56, 相生　60．62, 相生　61．63, 相生　57, 相生　65．66, 相生　11．12, 相生　10．15．50＿2, 相生　16．50＿3"
育ヶ丘,神姫バス（株）,"三木・小野・社　三宮〜神戸福産団地〜押部谷駅前〜三木営業所〜社, 津山・西脇・社　（急行）西脇営業所〜御坂・新神戸駅前〜三宮, 津山・西脇・社　（急行）西脇営業所〜滝野社I．C・御坂・新神戸駅前〜三宮, 津山・西脇・社　社（車庫前）〜三木〜明石駅, らんらんバス・2　南回り循環ルート, らんらんバス・6　山田・樫山ルート, らんらんバス・11　匠谷ルート"
東苫編,神姫バス（株）,"姫路南部95, 姫路南部96"
上野丘学園前,神姫バス（株）,"三田駅周辺15, 三田駅周辺115, 三田駅周辺　岡場駅前〜藤原台北町5丁目・吉尾インター〜屏風辻〜淡河, 三田駅周辺　道場南口駅〜吉尾インター〜屏風辻〜淡河"
萩原,（株）ウイング神姫,たつの市コミュニティバス　令和跨線橋ルート
緑ヶ丘南,（株）ウイング神姫,"相生　60．62, 相生　61．63, 相生　57, 相生　65．66"
藤原台中町4丁目,阪急バス（株）,藤原台線（67系統）
権現前,（株）ウイング神姫,赤穂・上郡　有年・上郡線
藤池,加古川市かこばすミニ運営,かこバスミニ・志方中ルート（こども療育センター経由）
手柄,神姫バス（株）,姫路南部94
上八多駐在所前,神姫バス（株）,"三田駅周辺15, 三田駅周辺115, 三田駅周辺　岡場駅前〜藤原台北町5丁目・吉尾インター〜屏風辻〜淡河, 三田駅周辺　道場南口駅〜吉尾インター〜屏風辻〜淡河"
JR中山寺駅（北口）,阪急バス（株）,"宝塚山手中山台線（68、75、86、165、167系統）, 宝塚山手中山台線（50、60、75、150、186系統）, 宝塚市内線（77→72、75、76系統）"
売布東の町,阪急バス（株）,"宝塚山手中山台線（68、75、86、165、167系統）, 宝塚山手中山台線（50、60、75、150、186系統）, 宝塚市内線（77→72、75、76系統）, 売布循環線"
志方西口,加古川市かこばすミニ運営,"かこバスミニ・志方西ルート, かこバスミニ・志方中ルート, かこバスミニ・志方中ルート（こども療育センター経由）, かこバスミニ・志方東ルート"
萩原,神姫バス（株）,"三田駅周辺15, 三田駅周辺115, 三田駅周辺　岡場駅前〜藤原台北町5丁目・吉尾インター〜屏風辻〜淡河, 三田駅周辺　道場南口駅〜吉尾インター〜屏風辻〜淡河"
生瀬高台階段下,「ぐるっと生瀬」運行協議会,ぐるっと生瀬・生瀬高台ルート
相生市民病院前,（株）ウイング神姫,"相生　50＿1．52．53, 相生　60．62, 相生　61．63, 相生　57, 相生　65．66, 相生　10．15．50＿2, 相生　16．50＿3"
中野北,西宮市,さくらやまなみバス（金仙寺系統・有馬系統）
中野北,阪急バス（株）,有馬線（40、41、43、44、45、56、70、73、74、75、76、95、96系統）
ヴィラ播磨前,加古川市かこばすミニ運営,かこバスミニ・志方西ルート
上加茂,阪急バス（株）,"宝塚市内線（77→72、75、76系統）, 桃源台線（60、61、62、70系統）"
売布神社口,阪急バス（株）,売布循環線
横山六軒家,赤穂市,市内循環バスゆらのすけ・南北ルートB
淡河出張所前,神姫バス（株）,"三田駅周辺15, 三田駅周辺115, 三田駅周辺　岡場駅前〜藤原台北町5丁目・吉尾インター〜屏風辻〜淡河, 三田駅周辺　道場南口駅〜吉尾インター〜屏風辻〜淡河"
JR中山寺,伊丹市,"4, 5, 52, 55"
JR中山寺駅（南口）,阪急バス（株）,"宝塚市内線（77→72、75、76系統）, 武庫川新橋線"
中山,神姫バス（株）,"三田駅周辺15, 三田駅周辺115, 三田駅周辺　岡場駅前〜藤原台北町5丁目・吉尾インター〜屏風辻〜淡河, 三田駅周辺　道場南口駅〜吉尾インター〜屏風辻〜淡河"
大石町,（株）ウイング神姫,"相生　50＿1．52．53, 相生　55．56, 相生　60．62, 相生　61．63, 相生　57"
長尾南小学校前,阪急バス（株）,宝塚市内線（77→72、75、76系統）
姫路市役所前,神姫バス（株）,"姫路南部98, 姫路南部99, 姫路南部91"
くすのき公園向い（宝生ヶ丘）,「ぐるっと生瀬」運行協議会,"ぐるっと生瀬・宝生ヶ丘ルート, ぐるっと生瀬・宝生ヶ丘、生瀬高台、青葉台、花の峯連続ルート"
よねくらクリニック前,「ぐるっと生瀬」運行協議会,"ぐるっと生瀬・生瀬高台ルート, ぐるっと生瀬・青葉台ルート, ぐるっと生瀬・サーパス・花の峯ルート, ぐるっと生瀬・宝生ヶ丘ルート, ぐるっと生瀬・花の峯ルート, ぐるっと生瀬・宝生ヶ丘、生瀬高台、青葉台、花の峯連続ルート"
那波野郵便局前,（株）ウイング神姫,"相生　50＿1．52．53, 相生　55．56, 相生　57"
福祉コミュニティプラザ,阪急バス（株）,売布循環線
いちかわ内科前,加古川市かこばすミニ運営,"かこバスミニ・志方中ルート, かこバスミニ・志方中ルート（こども療育センター経由）, かこバスミニ・志方東ルート"
くすのき公園前（宝生ヶ丘）,「ぐるっと生瀬」運行協議会,ぐるっと生瀬・宝生ヶ丘ルート
久留美,神姫バス（株）,"三木・小野・社64, 三木・小野・社107, 三木・小野・社16, 三木・小野・社17, 三木・小野・社117, 三木・小野・社6"
柳谷公園,阪急バス（株）,藤原台線（67系統）
ネスタリゾート神戸,神姫バス（株）,"三木・小野・社　ネスタリゾート神戸〜三宮, 三木・小野・社50"
ネスタリゾート神戸,神姫ゾーンバス（株）,緑が丘駅〜緑が丘中1丁目〜ネスタリゾート神戸
西苫編,神姫バス（株）,"姫路南部95, 姫路南部96"
ボンマルシェ志方店,加古川市かこばすミニ運営,"かこバスミニ・志方西ルート, かこバスミニ・志方中ルート, かこバスミニ・志方中ルート（こども療育センター経由）, かこバスミニ・志方東ルート"
ふこさ公園前,（株）ウイング神姫,"相生　50＿1．52．53, 相生　55．56, 相生　57"
生瀬高台10-3,「ぐるっと生瀬」運行協議会,"ぐるっと生瀬・生瀬高台ルート, ぐるっと生瀬・宝生ヶ丘、生瀬高台、青葉台、花の峯連続ルート"
一本松,加古川市かこばすミニ運営,かこバスミニ・平荘ルート
御殿山二丁目,阪急バス（株）,"宝塚すみれガ丘線（181、182系統）, 宝塚すみれガ丘線（182、183系統）, 宝塚〜清荒神清澄寺"
深谷,神姫バス（株）,"三田駅周辺15, 三田駅周辺115, 三田駅周辺　岡場駅前〜藤原台北町5丁目・吉尾インター〜屏風辻〜淡河, 三田駅周辺　道場南口駅〜吉尾インター〜屏風辻〜淡河"
丁南口,神姫バス（株）,"姫路南部95, 姫路南部96"
投松,神姫バス（株）,"北条（加西市）　北条営業所〜アスティアかさい〜東高室〜細工所北口〜宝殿駅北口, 北条（加西市）　北条営業所〜アスティアかさい〜播磨農高前〜細工所北口〜宝殿駅北口"
坂元,神姫バス（株）,"姫路北部23, 姫路北部24"
上下谷公園,阪急バス（株）,藤原台線（67系統）
榊,神姫バス（株）,津山・西脇・社　社（車庫前）〜三木〜明石駅
生瀬高台14-8栄口宅前,「ぐるっと生瀬」運行協議会,"ぐるっと生瀬・生瀬高台ルート, ぐるっと生瀬・宝生ヶ丘、生瀬高台、青葉台、花の峯連続ルート"
宝生ヶ丘2丁目1-9中野宅前,「ぐるっと生瀬」運行協議会,"ぐるっと生瀬・宝生ヶ丘ルート, ぐるっと生瀬・宝生ヶ丘、生瀬高台、青葉台、花の峯連続ルート"
佐土,神姫バス（株）,"姫路北部21, 姫路北部22"
こども療育センター前,加古川市かこばすミニ運営,かこバスミニ・志方中ルート（こども療育センター経由）
橋本関雪邸前,阪急バス（株）,売布循環線
藤原台中町7丁目,神姫バス（株）,三田駅周辺　岡場駅前〜附物〜八多学校前〜道場南口駅
藤原台中町7丁目,阪急バス（株）,藤原台線（67系統）
阪急売布神社前,阪急バス（株）,売布循環線
地域産業振興センター前,加古川市かこばすミニ運営,かこバスミニ・志方西ルート
富原橋,赤穂市,"市内循環バスゆらのすけ・南北ルートA, 市内循環バスゆらのすけ・南北ルートB"
富原橋,（株）ウイング神姫,赤穂・上郡　有年・上郡線
有野公園前,阪急バス（株）,有野台線（1、3、4、5、7、8系統）
山本南一丁目,阪急バス（株）,宝塚市内線（77→72、75、76系統）
平芝,（株）ウイング神姫,"相生　50＿1．52．53, 相生　55．56, 相生　57"
藤原台南町5丁目,阪急バス（株）,藤原台線（67系統）
東中学校前,神姫バス（株）,姫路北部22
阿保橋南,神姫バス（株）,"姫路南部93, 姫路南部92"
庄田,神姫バス（株）,姫路南部98
付城,神姫バス（株）,"姫路南部95, 姫路南部96, 姫路南部28"
（成井）フロッシュ前,加古川市かこばすミニ運営,かこバスミニ・志方西ルート
生瀬東町,「ぐるっと生瀬」運行協議会,"ぐるっと生瀬・生瀬高台ルート, ぐるっと生瀬・青葉台ルート, ぐるっと生瀬・サーパス・花の峯ルート, ぐるっと生瀬・宝生ヶ丘ルート, ぐるっと生瀬・花の峯ルート, ぐるっと生瀬・宝生ヶ丘、生瀬高台、青葉台、花の峯連続ルート"
生瀬東町,阪急バス（株）,"有馬線（40、41、43、44、45、56、70、73、74、75、76、95、96系統）, 西宮名塩ニュータウン線（53系統）"
淡河本町北,神姫バス（株）,三木・小野・社　三宮〜淡河本町南〜みなぎ台〜吉川図書館前（夏ルート・冬ルート）
学校下,神姫バス（株）,"三田駅周辺15, 三田駅周辺115, 三田駅周辺　岡場駅前〜藤原台北町5丁目・吉尾インター〜屏風辻〜淡河, 三田駅周辺　道場南口駅〜吉尾インター〜屏風辻〜淡河"
宝生ヶ丘公園前,「ぐるっと生瀬」運行協議会,"ぐるっと生瀬・宝生ヶ丘ルート, ぐるっと生瀬・宝生ヶ丘、生瀬高台、青葉台、花の峯連続ルート"
宝生ヶ丘2丁目自治会掲示板上る,「ぐるっと生瀬」運行協議会,"ぐるっと生瀬・宝生ヶ丘ルート, ぐるっと生瀬・宝生ヶ丘、生瀬高台、青葉台、花の峯連続ルート"
切畑公園前,阪急バス（株）,有野台線（1、3、4、5、7、8系統）
加茂南口,阪急バス（株）,尼崎線（56、57系統）
有間神社,神姫バス（株）,三田駅周辺14＿1
田尻橋,西宮市,さくらやまなみバス（金仙寺系統・有馬系統）
生瀬高台21-15山下宅横,「ぐるっと生瀬」運行協議会,"ぐるっと生瀬・生瀬高台ルート, ぐるっと生瀬・宝生ヶ丘、生瀬高台、青葉台、花の峯連続ルート"
英賀保駅北口,神姫バス（株）,姫路南部18
赤坂,（株）ウイング神姫,"相生　50＿1．52．53, 相生　55．56, 相生　57"
淡河,神姫バス（株）,"三田駅周辺15, 三田駅周辺115, 三田駅周辺　岡場駅前〜藤原台北町5丁目・吉尾インター〜屏風辻〜淡河, 三田駅周辺　道場南口駅〜吉尾インター〜屏風辻〜淡河"
附物,神姫バス（株）,三田駅周辺　岡場駅前〜附物〜八多学校前〜道場南口駅
あさひ橋,阪急バス（株）,藤原台線（67系統）
淡河本町,神姫バス（株）,"三田駅周辺15, 三田駅周辺115, 三田駅周辺　岡場駅前〜藤原台北町5丁目・吉尾インター〜屏風辻〜淡河, 三田駅周辺　道場南口駅〜吉尾インター〜屏風辻〜淡河"
中筋六丁目,阪急バス（株）,宝塚市内線（77→72、75、76系統）
有野台5丁目,阪急バス（株）,有野台線（1、3、4、5、7、8系統）
JR網干駅,神姫バス（株）,"姫路南部　JR網干駅〜大津〜夢前川駅南, 姫路南部96"
JR網干駅,（株）ウイング神姫,"山崎　55, 山崎　50, 山崎　53"
山本丸橋,阪急バス（株）,宝塚市内線（77→72、75、76系統）
シーソー公園前（宝生ヶ丘）,「ぐるっと生瀬」運行協議会,"ぐるっと生瀬・宝生ヶ丘ルート, ぐるっと生瀬・宝生ヶ丘、生瀬高台、青葉台、花の峯連続ルート"
シーソー公園向い（宝生ヶ丘）,「ぐるっと生瀬」運行協議会,ぐるっと生瀬・宝生ヶ丘ルート
宝生ヶ丘2丁目9-8八尾宅前,「ぐるっと生瀬」運行協議会,"ぐるっと生瀬・宝生ヶ丘ルート, ぐるっと生瀬・宝生ヶ丘、生瀬高台、青葉台、花の峯連続ルート"
一本松,阪急バス（株）,有馬線（40、41、43、44、45、56、70、73、74、75、76、95、96系統）
地域福祉センター前,阪急バス（株）,藤原台線（67系統）
才崎橋西詰,神姫バス（株）,姫路南部30
姫路市役所南,神姫バス（株）,姫路南部99
小畑北,加古川市かこばすミニ運営,かこバスミニ・平荘ルート
南条,神姫バス（株）,姫路南部98
勝原小学校前,神姫バス（株）,"姫路南部95, 姫路南部96"
中筋南,阪急バス（株）,"宝塚市内線（77→72、75、76系統）, 武庫川新橋線"
宝生ヶ丘1丁目8-8,「ぐるっと生瀬」運行協議会,"ぐるっと生瀬・宝生ヶ丘ルート, ぐるっと生瀬・宝生ヶ丘、生瀬高台、青葉台、花の峯連続ルート"
生瀬高台26-12小出宅横,「ぐるっと生瀬」運行協議会,"ぐるっと生瀬・生瀬高台ルート, ぐるっと生瀬・宝生ヶ丘、生瀬高台、青葉台、花の峯連続ルート"
藤原台南町1丁目,阪急バス（株）,藤原台線（67系統）
構北口,神姫バス（株）,"姫路南部28, 姫路南部27"
双葉中学校前,（株）ウイング神姫,"相生　50＿1．52．53, 相生　55．56, 相生　57"
三宅,神姫バス（株）,"姫路南部98, 姫路南部91"
四郷学院西,神姫バス（株）,"姫路北部23, 姫路北部24"
荒牧バラ公園,伊丹市,"1, 2, 3, 52, 55"
宝生ヶ丘2丁目12-11田畑宅向い,「ぐるっと生瀬」運行協議会,"ぐるっと生瀬・宝生ヶ丘ルート, ぐるっと生瀬・宝生ヶ丘、生瀬高台、青葉台、花の峯連続ルート"
高町,神姫バス（株）,姫路南部28
上冨木,加古川市かこばすミニ運営,かこバスミニ・志方東ルート
玉手,神姫バス（株）,姫路南部28
飯田口,神姫バス（株）,姫路南部94
室山,神姫バス（株）,らんらんバス・2　南回り循環ルート
淡河本町南,神姫バス（株）,三木・小野・社　三宮〜淡河本町南〜みなぎ台〜吉川図書館前（夏ルート・冬ルート）
都台3丁目,神姫バス（株）,加古川51
都台3丁目,加古川市,上荘くるりん号
宝生ヶ丘1丁目4-10仁井宅前,「ぐるっと生瀬」運行協議会,"ぐるっと生瀬・宝生ヶ丘ルート, ぐるっと生瀬・宝生ヶ丘、生瀬高台、青葉台、花の峯連続ルート"
志方南町,加古川市かこばすミニ運営,かこバスミニ・志方中ルート
相生税務署前,（株）ウイング神姫,"相生　50＿1．52．53, 相生　60．62, 相生　61．63, 相生　65．66, 相生　10．15．50＿2, 相生　16．50＿3"
西城後公園,加古川市かこばすミニ運営,"かこバスミニ・志方西ルート, かこバスミニ・志方中ルート（こども療育センター経由）"
下河原,神姫バス（株）,"三田駅周辺15, 三田駅周辺115"
中筋七丁目,阪急バス（株）,宝塚市内線（77→72、75、76系統）
古池口,（株）ウイング神姫,"相生　50＿1．52．53, 相生　55．56, 相生　57"
玉手西,神姫バス（株）,姫路南部28
都台1丁目,加古川市,上荘くるりん号
今里町,阪急バス（株）,"宝塚市内線（77→72、75、76系統）, 武庫川新橋線"
有野台6丁目,阪急バス（株）,有野台線（1、3、4、5、7、8系統）
藤原台南町4丁目,神姫バス（株）,三田駅周辺　岡場駅前〜附物〜八多学校前〜道場南口駅
藤原台南町4丁目,阪急バス（株）,藤原台線（67系統）
横山台口,加古川市かこばすミニ運営,"かこバスミニ・志方中ルート, かこバスミニ・志方中ルート（こども療育センター経由）"
中山,赤穂市,市内循環バスゆらのすけ・南北ルートB
中山,（株）ウイング神姫,赤穂・上郡　有年・上郡線
藤原台南町1丁目,神姫バス（株）,三田駅周辺　岡場駅前〜附物〜八多学校前〜道場南口駅
中河原,神姫バス（株）,姫路南部30
加茂小学校前,阪急バス（株）,"宝塚市内線（77→72、75、76系統）, 桃源台線（60、61、62、70系統）"
上原公民館,加古川市かこばすミニ運営,かこバスミニ・平荘ルート
荒牧北,伊丹市,"4, 5, 52, 55"
英賀保駅南口,神姫バス（株）,"姫路南部95, 姫路南部96, 姫路南部28"
光大寺,神姫バス（株）,"姫路南部93, 姫路南部92"
青葉台,（株）ウイング神姫,"相生　60．62, 相生　61．63, 相生　57, 相生　65．66"
座頭谷,阪急バス（株）,有馬線（40、41、43、44、45、56、70、73、74、75、76、95、96系統）
長久橋,神姫バス（株）,"三木・小野・社64, 三木・小野・社107, 三木・小野・社16, 三木・小野・社17, 三木・小野・社117, 三木・小野・社6"
鶴田団地,伊丹市,"51, 52, 55"
古池,（株）ウイング神姫,"相生　50＿1．52．53, 相生　55．56, 相生　57"
中筋八丁目,阪急バス（株）,宝塚市内線（77→72、75、76系統）
泉町,阪急バス（株）,"宝塚山手中山台線（68、75、86、165、167系統）, 宝塚山手中山台線（50、60、75、150、186系統）, 宝塚市内線（77→72、75、76系統）, 売布循環線, 武庫川新橋線"
中野,西宮市,さくらやまなみバス（金仙寺系統・有馬系統）
中野,阪急バス（株）,有馬線（40、41、43、44、45、56、70、73、74、75、76、95、96系統）
知るべ岩,阪急バス（株）,有馬線（40、41、43、44、45、56、70、73、74、75、76、95、96系統）
久代三丁目,阪急バス（株）,宝塚市内線（81、90系統）
大阪芸大短期大学部前,伊丹市,"1, 2, 3, 52, 55"
有野台1丁目,阪急バス（株）,有野台線（1、3、4、5、7、8系統）
蓬莱峡,阪急バス（株）,有馬線（40、41、43、44、45、56、70、73、74、75、76、95、96系統）
和久,神姫バス（株）,"姫路南部　JR網干駅〜大津〜夢前川駅南, 姫路南部96"
和久,（株）ウイング神姫,"山崎　55, 山崎　50"
阪急宝塚駅前,「ぐるっと生瀬」運行協議会,"ぐるっと生瀬・生瀬高台ルート, ぐるっと生瀬・青葉台ルート, ぐるっと生瀬・サーパス・花の峯ルート, ぐるっと生瀬・宝生ヶ丘ルート, ぐるっと生瀬・花の峯ルート, ぐるっと生瀬・宝生ヶ丘、生瀬高台、青葉台、花の峯連続ルート"
横山,神姫バス（株）,"北条（加西市）　北条営業所〜アスティアかさい〜東高室〜細工所北口〜宝殿駅北口, 北条（加西市）　北条営業所〜アスティアかさい〜播磨農高前〜細工所北口〜宝殿駅北口"
小畑,加古川市かこばすミニ運営,かこバスミニ・平荘ルート
横山,赤穂市,市内循環バスゆらのすけ・南北ルートB
四郷公民館前,神姫バス（株）,"姫路北部23, 姫路北部24"
横山台東公園,加古川市かこばすミニ運営,"かこバスミニ・志方中ルート, かこバスミニ・志方中ルート（こども療育センター経由）"
公園前,神姫バス（株）,加古川51
公園前,加古川市,上荘くるりん号
JR宝塚駅前,宝塚市,ランランバス
別所西,神姫バス（株）,"姫路北部21, 姫路北部22"
三条町,神姫バス（株）,姫路南部98
宝塚駅,阪急バス（株）,"宝塚市内線（81、90系統）, 宝塚すみれガ丘線（181、182系統）, 宝塚すみれガ丘線（182、183系統）, 長尾山霊園線（30系統）, 有馬線（40、41、43、44、45、56、70、73、74、75、76、95、96系統）, 西宮名塩ニュータウン線（53系統）, 宝塚〜清荒神清澄寺"
宝塚,阪神バス（株）,"杭瀬宝塚線, 尼崎宝塚線　宝塚行, 安倉団地循環線, 宝塚甲子園線　阪神甲子園行, 宝塚甲子園線　阪神鳴尾浜球場前行"
横大路北,加古川市かこばすミニ運営,"かこバスミニ・志方西ルート, かこバスミニ・志方中ルート（こども療育センター経由）"
春日町,神姫バス（株）,"姫路南部95, 姫路南部96, 姫路南部28"
長寿ガ丘中,宝塚市,ランランバス
野里,阪急バス（株）,"宝塚市内線（77→72、75、76系統）, 宝塚市内線（81、90系統）"
米田口,（株）ウイング神姫,山崎　53
都台,神姫バス（株）,加古川51
都台,加古川市,上荘くるりん号
見土呂フルーツパーク,加古川市,上荘くるりん号
平井内科クリニック前,加古川市かこばすミニ運営,かこバスミニ・志方東ルート
横山台集会所,加古川市かこばすミニ運営,"かこバスミニ・志方中ルート, かこバスミニ・志方中ルート（こども療育センター経由）"
西亀山,神姫バス（株）,姫路南部94
有野台会館前,阪急バス（株）,有野台線（1、3、4、5、7、8系統）
ポスト前,宝塚市,ランランバス
旭橋,（株）ウイング神姫,"相生　50＿1．52．53, 相生　55．56, 相生　60．62, 相生　61．63, 相生　57, 相生　65．66, 相生　10．15．50＿2, 相生　16．50＿3"
月見山2丁目東,宝塚市,ランランバス
有馬中学校前,阪急バス（株）,有野台線（1、3、4、5、7、8系統）
八幡前,神姫バス（株）,"三田駅周辺15, 三田駅周辺115"
有野台7丁目,阪急バス（株）,有野台線（1、3、4、5、7、8系統）
久代口,阪急バス（株）,尼崎線（56、57系統）
市場,（株）ウイング神姫,"たつの市コミュニティバス　兵庫県龍野庁舎ルート, たつの市コミュニティバス　はつらつセンタールート, たつの市コミュニティバス　日山ルート, たつの市コミュニティバス　龍野北高校ルート"
四郷学院東,神姫バス（株）,"姫路北部23, 姫路北部24"
はりま勝原駅,神姫バス（株）,姫路南部95
袋尻,（株）ウイング神姫,"たつの市コミュニティバス　兵庫県龍野庁舎ルート, たつの市コミュニティバス　はつらつセンタールート, たつの市コミュニティバス　日山ルート, たつの市コミュニティバス　龍野北高校ルート"
都台2丁目,神姫バス（株）,加古川51
都台2丁目,加古川市,上荘くるりん号
青葉台小学校,（株）ウイング神姫,"相生　60．62, 相生　61．63, 相生　57, 相生　65．66"
東有野台1丁目,阪急バス（株）,有野台線（1、3、4、5、7、8系統）
有野台8丁目,阪急バス（株）,有野台線（1、3、4、5、7、8系統）
中小畑,加古川市かこばすミニ運営,かこバスミニ・平荘ルート
姫路中央病院前,神姫バス（株）,"姫路南部98, 姫路南部91"
構,神姫バス（株）,姫路南部27
和久南,神姫バス（株）,"姫路南部　JR網干駅〜大津〜夢前川駅南, 姫路南部96"
和久南,（株）ウイング神姫,山崎　55
ダイアパレス北,宝塚市,ランランバス
市場東,（株）ウイング神姫,"たつの市コミュニティバス　兵庫県龍野庁舎ルート, たつの市コミュニティバス　令和跨線橋ルート, たつの市コミュニティバス　はつらつセンタールート, たつの市コミュニティバス　日山ルート, たつの市コミュニティバス　龍野北高校ルート"
志方南口,加古川市かこばすミニ運営,かこバスミニ・志方中ルート
勝原,神姫バス（株）,"姫路南部95, 姫路南部96"
横大路中,加古川市かこばすミニ運営,"かこバスミニ・志方西ルート, かこバスミニ・志方中ルート（こども療育センター経由）"
ツカザキ病院,神姫バス（株）,"姫路南部　JR網干駅〜大津〜夢前川駅南, 姫路南部96"
ツカザキ病院,（株）ウイング神姫,山崎　55
月見山2丁目西,宝塚市,ランランバス
矢倉住宅前,神姫バス（株）,"姫路南部95, 姫路南部96, 姫路南部28"
堀川町,神姫バス（株）,姫路南部98
野里,伊丹市,"31, 32"
中央通り,（株）ウイング神姫,"相生　50＿1．52．53, 相生　55．56, 相生　60．62, 相生　61．63, 相生　57, 相生　65．66, 相生　10．15．50＿2, 相生　16．50＿3"
河内中央,（株）ウイング神姫,"たつの市コミュニティバス　兵庫県龍野庁舎ルート, たつの市コミュニティバス　はつらつセンタールート, たつの市コミュニティバス　日山ルート, たつの市コミュニティバス　龍野北高校ルート"
月見山1丁目東,宝塚市,ランランバス
三木高校口,神姫バス（株）,"三木・小野・社16, 三木・小野・社17, 三木・小野・社117"
荒牧,伊丹市,"1, 2, 3, 4, 5"
中山児童遊園,赤穂市,市内循環バスゆらのすけ・南北ルートA
宮田公民館前,神姫バス（株）,"姫路南部　JR網干駅〜大津〜夢前川駅南, 姫路南部96"
四郷和光保育所東,神姫バス（株）,"姫路北部23, 姫路北部24"
歌劇場前,阪急バス（株）,"宝塚市内線（81、90系統）, 宝塚すみれガ丘線（181、182系統）, 宝塚すみれガ丘線（182、183系統）, 宝塚〜清荒神清澄寺"
歌劇場前,阪神バス（株）,"杭瀬宝塚線, 尼崎宝塚線　宝塚行, 安倉団地循環線, 宝塚甲子園線　阪神甲子園行, 宝塚甲子園線　阪神鳴尾浜球場前行"
正法寺古墳公園前,神姫バス（株）,"三木・小野・社102, 三木・小野・社61"
栗尾整形前,（株）ウイング神姫,"相生　60．62, 相生　61．63, 相生　57, 相生　65．66"
東有野台3丁目,阪急バス（株）,有野台線（1、3、4、5、7、8系統）
都台口,神姫バス（株）,加古川51
都台口,加古川市,上荘くるりん号
大村,神姫バス（株）,"三田駅周辺115, 津山・西脇・社　社（車庫前）〜三木〜明石駅"
上野田,神姫バス（株）,"姫路南部98, 姫路南部91"
月見山第三公園前,宝塚市,ランランバス
出口,（株）ウイング神姫,赤穂・上郡　有年・上郡線
みどりの森こども園前,加古川市かこばすミニ運営,かこバスミニ・平荘ルート
有野台9丁目,阪急バス（株）,有野台線（1、3、4、5、7、8系統）
宮田西,神姫バス（株）,"姫路南部　JR網干駅〜大津〜夢前川駅南, 姫路南部96"
兼田,神姫バス（株）,"姫路南部93, 姫路南部92"
神木公民館,加古川市かこばすミニ運営,かこバスミニ・平荘ルート
荻野北,伊丹市,"51, 52, 55"
東公園前,阪急バス（株）,有野台線（1、3、4、5、7、8系統）
荒神川,阪急バス（株）,"宝塚市内線（81、90系統）, 宝塚すみれガ丘線（182、183系統）"
荒神川,阪神バス（株）,"杭瀬宝塚線, 尼崎宝塚線　宝塚行, 安倉団地循環線, 宝塚甲子園線　阪神甲子園行, 宝塚甲子園線　阪神鳴尾浜球場前行"
南勝原,神姫バス（株）,"姫路南部　JR網干駅〜大津〜夢前川駅南, 姫路南部96"
本郷,神姫バス（株）,"姫路北部23, 姫路北部24"
南熊見,神姫バス（株）,姫路南部95
別所,神姫バス（株）,"姫路北部21, 姫路北部22"
三木警察署・平田公民館前,神姫バス（株）,"三木・小野・社61, 三木・小野・社62, 三木・小野・社63"
北河原,神姫バス（株）,"姫路南部95, 姫路南部96, 姫路南部30"
自治会館前,宝塚市,ランランバス
北河原西口,神姫バス（株）,"姫路南部95, 姫路南部96, 姫路南部30"
山本団地,伊丹市,"31, 32"
矢倉公園前,神姫バス（株）,姫路南部28
西小坂,神姫バス（株）,姫路南部95
月見山1丁目中,宝塚市,ランランバス
海田,神姫バス（株）,"姫路南部95, 姫路南部96"
小坂,神姫バス（株）,"姫路南部95, 姫路南部96"
岩宮,神姫バス（株）,"三木・小野・社64, 三木・小野・社107, 三木・小野・社16, 三木・小野・社17, 三木・小野・社117, 三木・小野・社6"
大津北,神姫バス（株）,姫路南部95
五社駅,阪急バス（株）,有野台線（1、3、4、5、7、8系統）
宝塚営業所前,阪急バス（株）,"宝塚山手中山台線（68、75、86、165、167系統）, 宝塚山手中山台線（50、60、75、150、186系統）, 宝塚市内線（77→72、75、76系統）, 宝塚市内線（80、83系統）, 宝塚すみれガ丘線（182、183系統）, 売布循環線, 武庫川新橋線"
見野の郷交流館前,神姫バス（株）,"姫路北部23, 姫路北部24"
桑田,伊丹市,"1, 2, 3, 4, 5"
勝雄,神姫バス（株）,"三田駅周辺15, 三田駅周辺115"
宝塚警察署前,阪急バス（株）,"宝塚市内線（81、90系統）, 宝塚すみれガ丘線（182、183系統）"
宝塚警察署前,阪神バス（株）,"杭瀬宝塚線, 尼崎宝塚線　宝塚行, 安倉団地循環線, 宝塚甲子園線　阪神甲子園行, 宝塚甲子園線　阪神鳴尾浜球場前行"
播磨病院前,（株）ウイング神姫,"相生　50＿1．52．53, 相生　55．56, 相生　60．62, 相生　61．63, 相生　57, 相生　65．66, 相生　10．15．50＿2, 相生　16．50＿3"
自衛隊病院前,伊丹市,"31, 32"
自衛隊病院前,阪急バス（株）,桃源台線（60、61、62、70系統）
構二丁目,神姫バス（株）,姫路南部27
鹿島神社,神姫バス（株）,姫路北部21
横大路南,加古川市かこばすミニ運営,かこバスミニ・志方西ルート
久代,阪急バス（株）,尼崎線（56、57系統）
正法寺公民館前,神姫バス（株）,三木・小野・社61
鳥町,神姫バス（株）,"三木・小野・社101, 三木・小野・社61"
東芝寮前,（株）ウイング神姫,山崎　53
見土呂フルーツパーク下,加古川市,上荘くるりん号
加佐西,神姫バス（株）,"三木・小野・社64, 三木・小野・社107, 三木・小野・社61, 三木・小野・社62, 三木・小野・社63"
福井,（株）ウイング神姫,山崎　53
富木,加古川市かこばすミニ運営,"かこバスミニ・志方中ルート, かこバスミニ・志方東ルート"
広畑北野町,神姫バス（株）,姫路南部30
佐方山崎,（株）ウイング神姫,"相生　60．62, 相生　61．63, 相生　57, 相生　65．66"
鳥町東,神姫バス（株）,三木・小野・社61
東有野台,阪急バス（株）,有野台線（1、3、4、5、7、8系統）
上余部北口,（株）ウイング神姫,山崎　53
東芝,（株）ウイング神姫,山崎　53
鶴之荘,阪急バス（株）,"宝塚市内線（81、90系統）, 宝塚すみれガ丘線（182、183系統）"
鶴之荘,阪神バス（株）,"杭瀬宝塚線, 尼崎宝塚線　宝塚行, 安倉団地循環線, 宝塚甲子園線　阪神甲子園行, 宝塚甲子園線　阪神鳴尾浜球場前行"
安倉北小学校前,阪急バス（株）,"宝塚山手中山台線（68、75、86、165、167系統）, 宝塚山手中山台線（50、60、75、150、186系統）, 宝塚市内線（77→72、75、76系統）, 宝塚市内線（80、83系統）, 売布循環線, 武庫川新橋線"
東小畑,加古川市かこばすミニ運営,かこバスミニ・平荘ルート
平田東,神姫バス（株）,"三木・小野・社64, 三木・小野・社107"
大村南,神姫バス（株）,三木・小野・社61
宮田,神姫バス（株）,"姫路南部95, 姫路南部96"
坂出,（株）ウイング神姫,"山崎　55, 山崎　50"
小野コミュニティホール,加古川市,上荘くるりん号
法楽屋,加古川市,上荘くるりん号
別所駅,神姫バス（株）,姫路北部22
大津,神姫バス（株）,"姫路南部　JR網干駅〜大津〜夢前川駅南, 姫路南部95, 姫路南部96"
別所東口,神姫バス（株）,姫路北部21
舟坂東口,阪急バス（株）,有馬線（40、41、43、44、45、56、70、73、74、75、76、95、96系統）
東大津,神姫バス（株）,"姫路南部95, 姫路南部96"
西都倉,神姫バス（株）,姫路南部94
神吉大池,神姫バス（株）,"北条（加西市）　北条営業所〜アスティアかさい〜東高室〜細工所北口〜宝殿駅北口, 北条（加西市）　北条営業所〜アスティアかさい〜播磨農高前〜細工所北口〜宝殿駅北口"
英賀神社前,神姫バス（株）,姫路南部28
小浜,阪神バス（株）,"杭瀬宝塚線, 尼崎宝塚線　宝塚行, 安倉団地循環線, 宝塚甲子園線　阪神甲子園行, 宝塚甲子園線　阪神鳴尾浜球場前行"
小浜,阪急バス（株）,"宝塚市内線（81、90系統）, 宝塚すみれガ丘線（182、183系統）"
常楽寺下,加古川市,上荘くるりん号
見野古墳群前,神姫バス（株）,"姫路北部23, 姫路北部24"
西池,伊丹市,"1, 2, 3, 4, 5"
西山,加古川市かこばすミニ運営,かこバスミニ・志方西ルート
新有馬,西宮市,さくらやまなみバス（金仙寺系統・有馬系統）
新有馬,阪急バス（株）,有馬線（40、41、43、44、45、56、70、73、74、75、76、95、96系統）
五社,神姫バス（株）,三田駅周辺14＿1
西脇,加古川市かこばすミニ運営,"かこバスミニ・志方中ルート, かこバスミニ・志方中ルート（こども療育センター経由）, かこバスミニ・志方東ルート"
東兼田,神姫バス（株）,"姫路南部93, 姫路南部92"
大津南,神姫バス（株）,姫路南部　JR網干駅〜大津〜夢前川駅南
両荘苑集会所,加古川市,上荘くるりん号
中野田,神姫バス（株）,姫路南部91
三木営業所,神姫バス（株）,"三田駅周辺15, 三田駅周辺115, 三木・小野・社82, 三木・小野・社　（三木営業所）〜恵比須駅〜（自由が丘中公園）〜緑が丘駅〜神戸福産団地〜三宮〜（神戸空港）, 三木・小野・社　三宮〜神戸福産団地〜押部谷駅前〜三木営業所〜社, 三木・小野・社30, 三木・小野・社32, 三木・小野・社64, 三木・小野・社107, 三木・小野・社16, 三木・小野・社17, 三木・小野・社117, 三木・小野・社61, 三木・小野・社62, 三木・小野・社63, 三木・小野・社50, 津山・西脇・社　（急行）西脇営業所〜御坂・新神戸駅前〜三宮, 津山・西脇・社　（急行）西脇営業所〜滝野社I．C・御坂・新神戸駅前〜三宮, 津山・西脇・社　社（車庫前）〜三木〜明石駅"
大野,伊丹市,"49, 50, 51, 52, 53, 54, 55"
荻野,伊丹市,"49, 50, 51, 52, 53, 54, 55"
上久代,伊丹市,"31, 32"
上久代,阪急バス（株）,桃源台線（60、61、62、70系統）
中野田3丁目,神姫バス（株）,姫路南部91
広畑市民センター前,神姫バス（株）,"姫路南部96, 姫路南部30"
香花園,阪急バス（株）,有野台線（1、3、4、5、7、8系統）
舟坂,阪急バス（株）,有馬線（40、41、43、44、45、56、70、73、74、75、76、95、96系統）
鳥町南,神姫バス（株）,"三木・小野・社101, 三木・小野・社61"
加佐東,神姫バス（株）,"三木・小野・社64, 三木・小野・社107, 三木・小野・社16, 三木・小野・社17, 三木・小野・社117, 三木・小野・社61, 三木・小野・社62, 三木・小野・社63"
見野交差点西,神姫バス（株）,"姫路北部23, 姫路北部24"
宮田団地前,神姫バス（株）,"姫路南部95, 姫路南部96"
見野,神姫バス（株）,"姫路北部23, 姫路北部24"
西山,加古川市かこばすミニ運営,かこバスミニ・平荘ルート
白龍城（ぺーロン城）,（株）ウイング神姫,"相生　60．62, 相生　61．63, 相生　57, 相生　65．66"
宝塚市立病院,阪急バス（株）,"宝塚山手中山台線（68、75、86、165、167系統）, 宝塚山手中山台線（50、60、75、150、186系統）, 宝塚市内線（77→72、75、76系統）, 宝塚市内線（80、83系統）, 宝塚市内線（81、90系統）, 売布循環線"
みとろ荘,加古川市,上荘くるりん号
相生市役所前,（株）ウイング神姫,"相生　50＿1．52．53, 相生　55．56, 相生　60．62, 相生　61．63, 相生　57, 相生　65．66, 相生　10．15．50＿2, 相生　16．50＿3"
勝雄不動口,神姫バス（株）,"三田駅周辺15, 三田駅周辺115"
舟坂橋,西宮市,さくらやまなみバス（金仙寺系統・有馬系統）
舟坂橋,阪急バス（株）,有馬線（40、41、43、44、45、56、70、73、74、75、76、95、96系統）
中山下,赤穂市,市内循環バスゆらのすけ・南北ルートA
安倉中三丁目,阪急バス（株）,"宝塚山手中山台線（68、75、86、165、167系統）, 宝塚山手中山台線（50、60、75、150、186系統）, 宝塚市内線（77→72、75、76系統）, 宝塚市内線（80、83系統）, 宝塚市内線（81、90系統）, 宝塚すみれガ丘線（182、183系統）, 売布循環線, 武庫川新橋線"
安倉中三丁目,阪神バス（株）,"安倉団地循環線, 宝塚甲子園線　阪神甲子園行, 宝塚甲子園線　阪神鳴尾浜球場前行"
霊園前,神姫バス（株）,姫路北部21
久代南,阪急バス（株）,尼崎線（56、57系統）
北宿,神姫バス（株）,姫路北部21
宝塚市立病院前,阪神バス（株）,"安倉団地循環線, 宝塚甲子園線　阪神甲子園行, 宝塚甲子園線　阪神鳴尾浜球場前行"
宝塚市立健康センター,阪急バス（株）,"宝塚山手中山台線（68、75、86、165、167系統）, 宝塚山手中山台線（50、60、75、150、186系統）, 宝塚市内線（77→72、75、76系統）, 宝塚市内線（80、83系統）, 宝塚市内線（81、90系統）, 宝塚すみれガ丘線（182、183系統）"
周世ふれあい市場,赤穂市,市内循環バスゆらのすけ・南北ルートB
工和橋,（株）ウイング神姫,"相生　60．62, 相生　61．63, 相生　57, 相生　65．66"
広畑小学校東,神姫バス（株）,姫路南部30
佐方,（株）ウイング神姫,"相生　60．62, 相生　61．63, 相生　57, 相生　65．66"
姫路南高校,神姫バス（株）,姫路南部96
上余部,（株）ウイング神姫,山崎　53
佐方一丁目,（株）ウイング神姫,"相生　60．62, 相生　61．63, 相生　57, 相生　65．66"
加茂,神姫バス（株）,姫路南部27
下野田公園前,神姫バス（株）,姫路南部91
和田,神姫バス（株）,"三木・小野・社101, 三木・小野・社61"
宝塚インター,神姫バス（株）,"津山・西脇・社　（急行）社（車庫前）〜新大阪駅〜大阪駅, 北条（加西市）　アスティアかさい〜新大阪駅・大阪駅"
Aコープ高浜店前,神姫バス（株）,姫路南部91
長谷川医院前,加古川市かこばすミニ運営,"かこバスミニ・志方中ルート, かこバスミニ・志方中ルート（こども療育センター経由）, かこバスミニ・志方東ルート"
宝塚インター,阪急バス（株）,"宝塚山手中山台線（68、75、86、165、167系統）, 宝塚山手中山台線（50、60、75、150、186系統）, 宝塚市内線（77→72、75、76系統）, 宝塚市内線（81、90系統）, 宝塚すみれガ丘線（182、183系統）"
阪急宝塚南口駅,阪急バス（株）,宝塚すみれガ丘線（181、182系統）
井ノ口防火水そう前,加古川市,上荘くるりん号
鳥町中橋,神姫バス（株）,三木・小野・社101
小松町,神姫バス（株）,姫路南部96
広畑小学校南,神姫バス（株）,姫路南部30
西土井,神姫バス（株）,姫路南部96
飾磨中部中学校前,神姫バス（株）,姫路南部94
東条町,神姫バス（株）,"三木・小野・社64, 三木・小野・社107, 三木・小野・社16, 三木・小野・社17, 三木・小野・社117, 三木・小野・社6"
市立スポーツセンター前,阪急バス（株）,"宝塚山手中山台線（68、75、86、165、167系統）, 宝塚山手中山台線（50、60、75、150、186系統）, 宝塚市内線（77→72、75、76系統）, 宝塚市内線（80、83系統）, 宝塚市内線（81、90系統）"
英賀西町,神姫バス（株）,姫路南部28
小畑口,神姫バス（株）,加古川51
小畑口,加古川市かこばすミニ運営,かこバスミニ・平荘ルート
松の浦,（株）ウイング神姫,"相生　50＿1．52．53, 相生　55．56, 相生　60．62, 相生　61．63, 相生　57, 相生　65．66, 相生　10．15．50＿2, 相生　16．50＿3"
長久病院前,神姫バス（株）,姫路南部96
清水公民館前,加古川市かこばすミニ運営,"かこバスミニ・志方中ルート（こども療育センター経由）, かこバスミニ・志方東ルート"
しかまの里北,神姫バス（株）,姫路南部91
見土呂公民館,加古川市,上荘くるりん号
東野,伊丹市,"49, 50, 51, 52, 53, 54, 55"
北原西口,神姫バス（株）,"姫路南部93, 姫路南部92"
近藤,神姫バス（株）,三木・小野・社61
井ノ口山条前,加古川市,上荘くるりん号
宮前公民館前,加古川市かこばすミニ運営,"かこバスミニ・志方中ルート（こども療育センター経由）, かこバスミニ・志方東ルート"
第二鹿児の郷前,神姫バス（株）,加古川51
広栄橋,神姫バス（株）,姫路南部28
下石野北,神姫バス（株）,"三木・小野・社102, 三木・小野・社61"
横大路峠,加古川市かこばすミニ運営,かこバスミニ・志方西ルート
荻野西,伊丹市,"49, 50"
広畑,神姫バス（株）,姫路南部28
久代六丁目,阪急バス（株）,尼崎線（56、57系統）
北センター前,伊丹市,"1, 2, 3, 4, 5"
伽耶院口,神姫バス（株）,三木・小野・社50
伽耶院口,神姫ゾーンバス（株）,緑が丘駅〜緑が丘中1丁目〜ネスタリゾート神戸
真殿,赤穂市,市内循環バスゆらのすけ・南北ルートB
真殿,（株）ウイング神姫,赤穂・上郡　有年・上郡線
五反長,神姫バス（株）,姫路南部　JR網干駅〜大津〜夢前川駅南
上余部南口,（株）ウイング神姫,山崎　53
津田幼稚園前,神姫バス（株）,姫路南部27
山崎記念クリニック,加古川市,上荘くるりん号
白水峡墓園前（十八丁橋）,西宮市,さくらやまなみバス（金仙寺系統・有馬系統）
白水峡墓園前,阪急バス（株）,有馬線（40、41、43、44、45、56、70、73、74、75、76、95、96系統）
広畑本町,神姫バス（株）,"姫路南部30, 姫路南部28"
伊孑志,阪急バス（株）,"宝塚山手中山台線（68、75、86、165、167系統）, 宝塚山手中山台線（50、60、75、150、186系統）, 宝塚市内線（77→72、75、76系統）, 宝塚市内線（80、83系統）, 武庫川線（35、36系統）"
真殿林,赤穂市,市内循環バスゆらのすけ・南北ルートA
清水町,神姫バス（株）,姫路南部91
荻野南,伊丹市,"53, 54"
両荘市民センター,加古川市,上荘くるりん号
山角,神姫バス（株）,加古川51
安倉小学校前,阪急バス（株）,"宝塚市内線（80、83系統）, 武庫川新橋線"
安倉小学校前,阪神バス（株）,"安倉団地循環線, 宝塚甲子園線　阪神甲子園行, 宝塚甲子園線　阪神鳴尾浜球場前行"
山田山,西宮市,さくらやまなみバス（金仙寺系統・有馬系統）
山田山,阪急バス（株）,有馬線（40、41、43、44、45、56、70、73、74、75、76、95、96系統）
上津橋東,神姫バス（株）,"三木・小野・社64, 三木・小野・社107, 三木・小野・社61, 三木・小野・社62, 三木・小野・社63"
小浜一丁目,阪急バス（株）,宝塚市内線（80、83系統）
北野,伊丹市,"49, 50"
谷口,神姫バス（株）,加古川51
小林,神姫バス（株）,姫路北部21
ポート公園前,（株）ウイング神姫,"相生　50＿1．52．53, 相生　55．56, 相生　60．62, 相生　61．63, 相生　57, 相生　65．66, 相生　10．15．50＿2, 相生　16．50＿3"
鴻池東,伊丹市,7
日光口公民館,加古川市,上荘くるりん号
旭陽小学校前,（株）ウイング神姫,"山崎　55, 山崎　50"
北山口,神姫バス（株）,姫路北部21
小野集会所,加古川市,上荘くるりん号
正法寺前,神姫バス（株）,三木・小野・社61
下野田,神姫バス（株）,姫路南部91
西養老,神姫バス（株）,加古川51
西養老,加古川市かこばすミニ運営,かこバスミニ・平荘ルート
小野橋東,加古川市,上荘くるりん号
井ノ口ブランコ前,加古川市,上荘くるりん号
飾磨工業高校前,神姫バス（株）,姫路南部94
松尾橋,西宮市,さくらやまなみバス（金仙寺系統・有馬系統）
松尾橋,阪急バス（株）,有馬線（40、41、43、44、45、56、70、73、74、75、76、95、96系統）
有馬東口,西宮市,さくらやまなみバス（金仙寺系統・有馬系統）
有馬東口,阪急バス（株）,"有馬線（40、41、43、44、45、56、70、73、74、75、76、95、96系統）, 芦屋有馬線（80、81系統）"
都染,神姫バス（株）,加古川51
上の丸,神姫バス（株）,"三田駅周辺15, 三田駅周辺115, 三木・小野・社　（三木営業所）〜恵比須駅〜（自由が丘中公園）〜緑が丘駅〜神戸福産団地〜三宮〜（神戸空港）, 三木・小野・社16, 三木・小野・社17, 三木・小野・社117, 三木・小野・社50, 三木・小野・社76, 津山・西脇・社　（急行）西脇営業所〜御坂・新神戸駅前〜三宮, 津山・西脇・社　（急行）西脇営業所〜滝野社I．C・御坂・新神戸駅前〜三宮"
両荘中学校前,神姫バス（株）,加古川51
緑ヶ丘7丁目,伊丹市,"31, 32"
緑ヶ丘七丁目,阪急バス（株）,桃源台線（60、61、62、70系統）
下野田郵便局,神姫バス（株）,姫路南部91
田中歯科診療所前,加古川市,上荘くるりん号
東野南,伊丹市,"49, 50, 51, 52, 53, 54, 55"
北原,神姫バス（株）,"姫路南部93, 姫路南部92"
山電飾磨駅,神姫バス（株）,姫路南部91
玉川医院駐車場,加古川市,上荘くるりん号
総合福祉センター前,阪急バス（株）,宝塚市内線（80、83系統）
総合福祉センター前,阪神バス（株）,"杭瀬宝塚線, 尼崎宝塚線　宝塚行"
上荘会館,加古川市,上荘くるりん号
小野,神姫バス（株）,加古川51
下河原,伊丹市,"82, 84"
下河原,阪急バス（株）,豊中西宮線（96、97系統）
小林東,神姫バス（株）,姫路北部21
神鉄三木駅・福有橋,神姫バス（株）,"三田駅周辺15, 三田駅周辺115, 三木・小野・社82, 三木・小野・社　三宮〜神戸福産団地〜押部谷駅前〜三木営業所〜社, 三木・小野・社30, 三木・小野・社32, 三木・小野・社16, 三木・小野・社63, 三木・小野・社50, 津山・西脇・社　（急行）西脇営業所〜御坂・新神戸駅前〜三宮, 津山・西脇・社　（急行）西脇営業所〜滝野社I．C・御坂・新神戸駅前〜三宮, 津山・西脇・社　社（車庫前）〜三木〜明石駅"
飾磨東中学校北,神姫バス（株）,姫路南部91
長慶,加古川市かこばすミニ運営,かこバスミニ・志方中ルート
鴻池,伊丹市,"1, 2, 3, 4, 5, 7, 50"
思案橋,神姫バス（株）,姫路南部27
安倉下ノ池,阪急バス（株）,"宝塚市内線（80、83系統）, 武庫川新橋線"
安倉下ノ池,阪神バス（株）,"安倉団地循環線, 宝塚甲子園線　阪神甲子園行, 宝塚甲子園線　阪神鳴尾浜球場前行"
高浜町1丁目,神姫バス（株）,姫路南部　JR網干駅〜大津〜夢前川駅南
正門通,神姫バス（株）,姫路南部　JR網干駅〜大津〜夢前川駅南
東新町,神姫バス（株）,姫路南部　JR網干駅〜大津〜夢前川駅南
中門通,神姫バス（株）,"姫路南部　JR網干駅〜大津〜夢前川駅南, 姫路南部30, 姫路南部28"
大塚,神姫バス（株）,"三田駅周辺15, 三田駅周辺115, 三木・小野・社61, 三木・小野・社62, 三木・小野・社63, 三木・小野・社50, 三木・小野・社76, 三木・小野・社6"
東播工業高校前,神姫バス（株）,"北条（加西市）　北条営業所〜アスティアかさい〜東高室〜細工所北口〜宝殿駅北口, 北条（加西市）　北条営業所〜アスティアかさい〜播磨農高前〜細工所北口〜宝殿駅北口"
郵便局,加古川市,上荘くるりん号
有馬温泉駅,神姫バス（株）,三田駅周辺69
有馬温泉駅,阪急バス（株）,"有野台線（1、3、4、5、7、8系統）, 有馬線（40、41、43、44、45、56、70、73、74、75、76、95、96系統）"
光が丘北,阪急バス（株）,宝塚市内線（171、172、173系統）
宝塚市役所前,阪急バス（株）,"宝塚山手中山台線（68、75、86、165、167系統）, 宝塚山手中山台線（50、60、75、150、186系統）, 宝塚市内線（77→72、75、76系統）, 宝塚市内線（80、83系統）, 宝塚市内線（81、90系統）, 武庫川線（35、36系統）"
薬栗,神姫バス（株）,加古川51
高浜町3丁目,神姫バス（株）,姫路南部　JR網干駅〜大津〜夢前川駅南
光が丘中,阪急バス（株）,宝塚市内線（171、172、173系統）
天満西,神姫バス（株）,姫路南部　JR網干駅〜大津〜夢前川駅南
戸田東口,神姫バス（株）,"三田駅周辺15, 三田駅周辺115"
有馬温泉（太閤橋）,神姫バス（株）,神戸市中心部　有馬温泉（太閤橋）〜三宮駅前
有馬温泉（太閤橋）,阪急バス（株）,"有野台線（1、3、4、5、7、8系統）, 三宮有馬線（6系統）, 有馬線（40、41、43、44、45、56、70、73、74、75、76、95、96系統）, 芦屋有馬線（80、81系統）"
有馬温泉,神姫バス（株）,三田駅周辺69
有馬温泉,西宮市,さくらやまなみバス（金仙寺系統・有馬系統）
国包西,神姫バス（株）,"三木・小野・社30, 三木・小野・社31"
JR北伊丹,伊丹市,84
JR北伊丹,阪急バス（株）,豊中西宮線（96、97系統）
瑞原3丁目,伊丹市,54
薬栗東,神姫バス（株）,加古川51
薬栗東,加古川市,上荘くるりん号
歌野橋・夢前川駅西,神姫バス（株）,"姫路南部　JR網干駅〜大津〜夢前川駅南, 姫路南部30, 姫路南部28"
早川神社前,神姫バス（株）,姫路南部91
都染西,加古川市,上荘くるりん号
中央公民館前,神姫バス（株）,"三田駅周辺15, 三田駅周辺115, 三木・小野・社　（三木営業所）〜恵比須駅〜（自由が丘中公園）〜緑が丘駅〜神戸福産団地〜三宮〜（神戸空港）, 三木・小野・社16, 三木・小野・社17, 三木・小野・社117, 三木・小野・社50, 三木・小野・社76"
エビス,神姫バス（株）,"三田駅周辺15, 三田駅周辺115, 三木・小野・社　（三木営業所）〜恵比須駅〜（自由が丘中公園）〜緑が丘駅〜神戸福産団地〜三宮〜（神戸空港）, 三木・小野・社61, 三木・小野・社62, 三木・小野・社63, 三木・小野・社50, 三木・小野・社76, 三木・小野・社6, 津山・西脇・社　（急行）西脇営業所〜御坂・新神戸駅前〜三宮, 津山・西脇・社　（急行）西脇営業所〜滝野社I．C・御坂・新神戸駅前〜三宮"
津田神社前,神姫バス（株）,姫路南部27
JA加古川北,加古川市,上荘くるりん号
新町,（株）ウイング神姫,"相生　50＿1．52．53, 相生　55．56, 相生　60．62, 相生　61．63, 相生　57, 相生　65．66, 相生　10．15．50＿2, 相生　16．50＿3"
阪神安倉団地前,阪神バス（株）,"安倉団地循環線, 宝塚甲子園線　阪神鳴尾浜球場前行"
明田,神姫バス（株）,"姫路北部23, 姫路北部24"
辻,加古川市かこばすミニ運営,かこバスミニ・志方西ルート
西神吉会館前,加古川市かこばすミニ運営,"かこバスミニ・志方中ルート（こども療育センター経由）, かこバスミニ・志方東ルート"
飾磨東交番前,神姫バス（株）,姫路南部91
都染東,加古川市,上荘くるりん号
伊孑志,阪急バス（株）,"宝塚山手中山台線（68、75、86、165、167系統）, 宝塚山手中山台線（50、60、75、150、186系統）, 宝塚市内線（77→72、75、76系統）, 宝塚市内線（80、83系統）, 宝塚市内線（81、90系統）, 武庫川線（35、36系統）"
思案橋東口,神姫バス（株）,姫路南部27
有馬西口,神姫バス（株）,神戸市中心部　有馬温泉（太閤橋）〜三宮駅前
有馬西口,阪急バス（株）,三宮有馬線（6系統）
余部出屋敷,（株）ウイング神姫,山崎　53
日水前,伊丹市,84
恵比須駅,神姫バス（株）,"三木・小野・社　（三木営業所）〜恵比須駅〜（自由が丘中公園）〜緑が丘駅〜神戸福産団地〜三宮〜（神戸空港）, 三木・小野・社31, 三木・小野・社61, 三木・小野・社62, 三木・小野・社63, 三木・小野・社50, 三木・小野・社76, 三木・小野・社6"
宝松苑,阪急バス（株）,宝塚市内線（171、172、173系統）
安倉,阪急バス（株）,宝塚市内線（80、83系統）
安倉,阪神バス（株）,"杭瀬宝塚線, 尼崎宝塚線　宝塚行"
相生港（なぎさホール前）,（株）ウイング神姫,"相生　50＿1．52．53, 相生　55．56, 相生　60．62, 相生　61．63, 相生　57, 相生　65．66, 相生　10．15．50＿2, 相生　16．50＿3"
水無,神姫バス（株）,神戸市中心部　有馬温泉（太閤橋）〜三宮駅前
水無,阪急バス（株）,三宮有馬線（6系統）
下石野公民館前,神姫バス（株）,"三木・小野・社102, 三木・小野・社61"
北原東口,神姫バス（株）,姫路南部93
安福田,神姫バス（株）,"三田駅周辺15, 三田駅周辺115, 津山・西脇・社　（急行）西脇営業所〜御坂・新神戸駅前〜三宮, 津山・西脇・社　（急行）西脇営業所〜滝野社I．C・御坂・新神戸駅前〜三宮"
県立高校前,阪急バス（株）,桃源台線（60、61、62、70系統）
中島西口,神姫バス（株）,姫路南部91
県高前,伊丹市,"30, 31"
北村,伊丹市,"30, 31, 84"
北村,阪急バス（株）,"豊中西宮線（96、97系統）, 尼崎線（56、57系統）, 桃源台線（60、61、62、70系統）"
中西,加古川市かこばすミニ運営,"かこバスミニ・志方中ルート（こども療育センター経由）, かこバスミニ・志方東ルート"
総監部前,伊丹市,"30, 31, 32, 49, 50, 51, 52, 53, 54"
総監部前,阪急バス（株）,桃源台線（60、61、62、70系統）
瑞ヶ池,伊丹市,"30, 32, 49, 50, 51, 52, 53, 54, 55"
国包東,神姫バス（株）,"三木・小野・社30, 三木・小野・社31"
東吉田,神姫バス（株）,"三田駅周辺15, 三田駅周辺115"
阪急逆瀬川駅,阪急バス（株）,"宝塚山手中山台線（68、75、86、165、167系統）, 宝塚山手中山台線（50、60、75、150、186系統）, 宝塚市内線（77→72、75、76系統）, 宝塚市内線（101、103、104系統）, 宝塚市内線（171、172、173系統）, 宝塚市内線（80、83系統）, 宝塚市内線（81、90系統）, 武庫川線（35、36系統）"
真殿天満神社,赤穂市,市内循環バスゆらのすけ・南北ルートA
山電天満駅北,神姫バス（株）,姫路南部　JR網干駅〜大津〜夢前川駅南
ウェルネスパーク,神姫バス（株）,加古川53
吉田,神姫バス（株）,"三田駅周辺15, 三田駅周辺115, 三木・小野・社50, 津山・西脇・社　（急行）西脇営業所〜御坂・新神戸駅前〜三宮, 津山・西脇・社　（急行）西脇営業所〜滝野社I．C・御坂・新神戸駅前〜三宮"
大国団地,加古川市かこばすミニ運営,"かこバスミニ・志方中ルート, かこバスミニ・志方中ルート（こども療育センター経由）, かこバスミニ・志方東ルート"
宝梅中学校前,阪急バス（株）,宝塚市内線（171、172、173系統）
恵美酒神社前,神姫バス（株）,姫路南部94
宿原,神姫バス（株）,"三田駅周辺15, 三田駅周辺115, 三木・小野・社50"
里北口,神姫バス（株）,加古川51
里北口,加古川市かこばすミニ運営,かこバスミニ・平荘ルート
門前,（株）ウイング神姫,赤穂・上郡　有年・上郡線
北三菱,伊丹市,"30, 32, 55"
安倉南一丁目,阪神バス（株）,"安倉団地循環線, 宝塚甲子園線　阪神鳴尾浜球場前行"
宝塚安倉団地,阪急バス（株）,"宝塚市内線（80、83系統）, 武庫川新橋線"
宝塚安倉団地,阪神バス（株）,"尼崎宝塚線　宝塚安倉団地行, 安倉団地循環線, 宝塚甲子園線　阪神甲子園行, 宝塚甲子園線　阪神鳴尾浜球場前行"
三木中町,神姫バス（株）,"三田駅周辺15, 三田駅周辺115, 三木・小野・社82, 三木・小野・社　三宮〜神戸福産団地〜押部谷駅前〜三木営業所〜社, 三木・小野・社30, 三木・小野・社32, 三木・小野・社16, 三木・小野・社63, 三木・小野・社50, 津山・西脇・社　（急行）西脇営業所〜御坂・新神戸駅前〜三宮, 津山・西脇・社　（急行）西脇営業所〜滝野社I．C・御坂・新神戸駅前〜三宮, 津山・西脇・社　社（車庫前）〜三木〜明石駅"
夢前川駅南,神姫バス（株）,"姫路南部　JR網干駅〜大津〜夢前川駅南, 姫路南部30, 姫路南部28"
神吉西,神姫バス（株）,加古川53
志染公民館前,神姫バス（株）,"三田駅周辺15, 三田駅周辺115, 三木・小野・社50, 津山・西脇・社　（急行）西脇営業所〜御坂・新神戸駅前〜三宮, 津山・西脇・社　（急行）西脇営業所〜滝野社I．C・御坂・新神戸駅前〜三宮"
志染公民館前,神姫ゾーンバス（株）,緑が丘駅〜緑が丘中1丁目〜ネスタリゾート神戸
奥山口,神姫バス（株）,姫路南部93
曽根,神姫バス（株）,姫路北部21
有馬口駅,神姫バス（株）,"三田駅周辺14＿1, 神戸市中心部　有馬温泉（太閤橋）〜三宮駅前"
瑞宝寺公園前,阪急バス（株）,芦屋有馬線（80、81系統）
南畑,伊丹市,"1, 2, 3, 4, 5, 7, 50, 60"
髙木御旅所前,神姫バス（株）,三木・小野・社101
有馬口駅,阪急バス（株）,三宮有馬線（6系統）
辻西,加古川市かこばすミニ運営,かこバスミニ・志方西ルート
夢前町1丁目,神姫バス（株）,"姫路南部　JR網干駅〜大津〜夢前川駅南, 姫路南部30, 姫路南部28"
志染中学校,神姫バス（株）,"三田駅周辺15, 三田駅周辺115, 三木・小野・社50"
井上,神姫バス（株）,"三田駅周辺15, 三田駅周辺115, 三木・小野・社50"
井上,神姫ゾーンバス（株）,緑が丘駅〜緑が丘中1丁目〜ネスタリゾート神戸
三木本町,神姫バス（株）,"三田駅周辺15, 三田駅周辺115, 三木・小野・社82, 三木・小野・社　三宮〜神戸福産団地〜押部谷駅前〜三木営業所〜社, 三木・小野・社30, 三木・小野・社31, 三木・小野・社32, 三木・小野・社16, 三木・小野・社63, 三木・小野・社50, 三木・小野・社76, 津山・西脇・社　（急行）西脇営業所〜御坂・新神戸駅前〜三宮, 津山・西脇・社　（急行）西脇営業所〜滝野社I．C・御坂・新神戸駅前〜三宮, 津山・西脇・社　社（車庫前）〜三木〜明石駅"
坂ノ下,伊丹市,"30, 31"
坂ノ下,阪急バス（株）,桃源台線（60、61、62、70系統）
宗佐中,神姫バス（株）,"三木・小野・社30, 三木・小野・社31"
松谷化学前,伊丹市,82
根木,赤穂市,市内循環バスゆらのすけ・南北ルートB
根木,（株）ウイング神姫,赤穂・上郡　有年・上郡線
阿弥陀1丁目,神姫バス（株）,姫路北部21
志染農協前,神姫バス（株）,"三田駅周辺15, 三田駅周辺115"
三木市役所前,神姫バス（株）,"三木・小野・社31, 三木・小野・社102, 三木・小野・社61, 三木・小野・社62, 三木・小野・社63, 三木・小野・社76"
聖天寺下,阪急バス（株）,宝塚市内線（171、172、173系統）
志染中学校前,神姫ゾーンバス（株）,緑が丘駅〜緑が丘中1丁目〜ネスタリゾート神戸
谷川橋北,加古川市かこばすミニ運営,かこバスミニ・志方西ルート
天満公民館前,神姫バス（株）,姫路南部　JR網干駅〜大津〜夢前川駅南
神田2丁目,神姫バス（株）,"姫路南部93, 姫路南部92"
大谷口,神姫バス（株）,三木・小野・社50
大谷口,神姫ゾーンバス（株）,緑が丘駅〜緑が丘中1丁目〜ネスタリゾート神戸
阿弥陀東,神姫バス（株）,姫路北部21
みきやま病院前,神姫バス（株）,"三木・小野・社31, 三木・小野・社102, 三木・小野・社61, 三木・小野・社62, 三木・小野・社63, 三木・小野・社76"
宮内,（株）ウイング神姫,"山崎　55, 山崎　50"
飾磨天神,神姫バス（株）,姫路南部94
大津小学校南口,神姫バス（株）,姫路南部　JR網干駅〜大津〜夢前川駅南
下石野,神姫バス（株）,"三木・小野・社30, 三木・小野・社31, 三木・小野・社102"
瑞原1丁目,伊丹市,"30, 32, 54, 55"
天王寺川中学校前,伊丹市,"1, 3, 4, 5, 7, 60"
厄神駅前,神姫バス（株）,"三木・小野・社30, 三木・小野・社31"
中門前,神姫バス（株）,姫路南部30
吉田公民館前,神姫バス（株）,"三木・小野・社　（三木営業所）〜恵比須駅〜（自由が丘中公園）〜緑が丘駅〜神戸福産団地〜三宮〜（神戸空港）, 三木・小野・社50"
下余部西口,（株）ウイング神姫,山崎　53
スポーツセンター前,伊丹市,"2, 50, 60"
里,神姫バス（株）,加古川51
里,加古川市かこばすミニ運営,かこバスミニ・平荘ルート
阿弥陀,神姫バス（株）,姫路北部21
鹿島口,神姫バス（株）,姫路北部21
北村西ノ口,阪急バス（株）,尼崎線（56、57系統）
北池,高砂市,じょうとんバス・曽根宝殿ルート
真殿門前,赤穂市,市内循環バスゆらのすけ・南北ルートA
大国団地入口前,加古川市かこばすミニ運営,"かこバスミニ・志方中ルート（こども療育センター経由）, かこバスミニ・志方東ルート"
総合保健福祉センター前,神姫バス（株）,"三木・小野・社31, 三木・小野・社102, 三木・小野・社61, 三木・小野・社62, 三木・小野・社63, 三木・小野・社76"
恵美酒町1丁目,神姫バス（株）,姫路南部　JR網干駅〜大津〜夢前川駅南
大国公民館前,加古川市かこばすミニ運営,"かこバスミニ・志方中ルート（こども療育センター経由）, かこバスミニ・志方東ルート"
緑ヶ丘2丁目,伊丹市,"49, 50, 51, 52, 53, 54"
緑ヶ丘二丁目,阪急バス（株）,桃源台線（60、61、62、70系統）
大国団地中,加古川市かこばすミニ運営,かこバスミニ・志方西ルート
姫路南郵便局前,神姫バス（株）,姫路南部91
三木鉄道記念公園前,神姫バス（株）,"三木・小野・社30, 三木・小野・社31, 三木・小野・社76"
糸引小学校前,神姫バス（株）,姫路南部93
野上五丁目,阪急バス（株）,宝塚市内線（171、172、173系統）
須加北口,神姫バス（株）,姫路南部94
中野住宅前,阪急バス（株）,"宝塚市内線（80、83系統）, 武庫川新橋線"
中野住宅前,阪神バス（株）,"尼崎宝塚線　宝塚安倉団地行, 安倉団地循環線, 宝塚甲子園線　阪神甲子園行, 宝塚甲子園線　阪神鳴尾浜球場前行"
花尻西,神姫バス（株）,"三木・小野・社30, 三木・小野・社31, 三木・小野・社102"
栄町西,（株）ウイング神姫,"たつの市コミュニティバス　兵庫県龍野庁舎ルート, たつの市コミュニティバス　令和跨線橋ルート, たつの市コミュニティバス　はつらつセンタールート, たつの市コミュニティバス　日山ルート, たつの市コミュニティバス　龍野北高校ルート"
別所中学校前,神姫バス（株）,"三木・小野・社30, 三木・小野・社31, 三木・小野・社32"
石野,神姫バス（株）,"三木・小野・社30, 三木・小野・社31, 三木・小野・社102"
牛谷団地,高砂市,じょうとんバス・北浜ルート
天下原,神姫バス（株）,加古川53
東這田中,神姫バス（株）,"三木・小野・社30, 三木・小野・社31, 三木・小野・社32"
北村西口,伊丹市,"30, 31"
石野東,神姫バス（株）,"三木・小野・社30, 三木・小野・社31, 三木・小野・社102"
石野中,神姫バス（株）,"三木・小野・社30, 三木・小野・社31, 三木・小野・社102"
青葉台口,阪急バス（株）,宝塚市内線（101、103、104系統）
東這田東,神姫バス（株）,"三木・小野・社30, 三木・小野・社31, 三木・小野・社32"
大国,加古川市かこばすミニ運営,"かこバスミニ・志方西ルート, かこバスミニ・志方中ルート"
神吉,神姫バス（株）,"加古川53, 北条（加西市）　北条営業所〜アスティアかさい〜東高室〜細工所北口〜宝殿駅北口, 北条（加西市）　北条営業所〜アスティアかさい〜播磨農高前〜細工所北口〜宝殿駅北口"
谷川橋南,加古川市かこばすミニ運営,かこバスミニ・志方西ルート
御所前,阪急バス（株）,武庫川線（35、36系統）
志染小学校前,神姫バス（株）,"三田駅周辺15, 三田駅周辺115, 津山・西脇・社　（急行）西脇営業所〜御坂・新神戸駅前〜三宮, 津山・西脇・社　（急行）西脇営業所〜滝野社I．C・御坂・新神戸駅前〜三宮"
西這田,神姫バス（株）,"三木・小野・社30, 三木・小野・社31, 三木・小野・社32"
高木西,神姫バス（株）,"三木・小野・社30, 三木・小野・社31, 三木・小野・社32, 三木・小野・社102"
髙木西,神姫バス（株）,三木・小野・社101
野上,阪急バス（株）,宝塚市内線（101、103、104系統）
大国公民館南,加古川市かこばすミニ運営,"かこバスミニ・志方中ルート（こども療育センター経由）, かこバスミニ・志方東ルート"
エデンの園,阪急バス（株）,宝塚市内線（101、103、104系統）
窟屋,神姫バス（株）,三木・小野・社50
窟屋,神姫ゾーンバス（株）,緑が丘駅〜緑が丘中1丁目〜ネスタリゾート神戸
下余部,（株）ウイング神姫,山崎　53
野上三丁目,阪急バス（株）,宝塚市内線（171、172、173系統）
清水,神姫バス（株）,"三木・小野・社32, 三木・小野・社102, 三木・小野・社63"
戸田,神姫バス（株）,"三田駅周辺15, 三田駅周辺115"
岸第2公園,加古川市かこばすミニ運営,かこバスミニ・志方西ルート
羽場大師前,神姫バス（株）,"三木・小野・社30, 三木・小野・社31, 三木・小野・社32, 三木・小野・社102, 三木・小野・社63, 三木・小野・社76"
法界寺前,神姫バス（株）,三木・小野・社102
高木,神姫バス（株）,"三木・小野・社30, 三木・小野・社31, 三木・小野・社32, 三木・小野・社101, 三木・小野・社102"
マルアイ八幡店,加古川市,上荘くるりん号
瑞穂小学校前,伊丹市,"49, 50, 51, 52, 53, 54"
瑞穂小学校前,阪急バス（株）,桃源台線（60、61、62、70系統）
JR曽根駅,神姫バス（株）,姫路北部21
JR曽根駅,高砂市,"じょうとんバス・曽根宝殿ルート, じょうとんバス・曽根高砂ルート, じょうとんバス・北浜ルート"
スポーツセンター南,伊丹市,"32, 39, 50, 54, 55"
松森前,神姫バス（株）,"三田駅周辺15, 三田駅周辺115"
天神橋,高砂市,じょうとんバス・北浜ルート
高台,伊丹市,"53, 54"
高台,阪急バス（株）,桃源台線（60、61、62、70系統）
体育館市民プール前,伊丹市,"53, 54, 84"
体育館市民プール前,阪急バス（株）,豊中西宮線（96、97系統）
日本製鉄,神姫バス（株）,姫路南部30
逆瀬台センター（県立宝塚高校）,阪急バス（株）,宝塚市内線（101、103、104系統）
瑞ヶ丘,伊丹市,"2, 30, 39, 60"
鳥島,阪急バス（株）,宝塚市内線（80、83系統）
鳥島,阪神バス（株）,"杭瀬宝塚線, 尼崎宝塚線　宝塚行, 安倉団地循環線"
御津北こども園,（株）ウイング神姫,"たつの市コミュニティバス　兵庫県龍野庁舎ルート, たつの市コミュニティバス　令和跨線橋ルート, たつの市コミュニティバス　はつらつセンタールート, たつの市コミュニティバス　日山ルート, たつの市コミュニティバス　龍野北高校ルート"
花尻東,神姫バス（株）,"三木・小野・社32, 三木・小野・社102"
中島郵便局,（株）ウイング神姫,"たつの市コミュニティバス　兵庫県龍野庁舎ルート, たつの市コミュニティバス　令和跨線橋ルート, たつの市コミュニティバス　はつらつセンタールート, たつの市コミュニティバス　日山ルート, たつの市コミュニティバス　龍野北高校ルート"
製鋼所北門,神姫バス（株）,姫路南部91
桜道入口,阪急バス（株）,宝塚市内線（171、172、173系統）
中野,伊丹市,"1, 3, 4, 7, 60"
逆瀬台五丁目,阪急バス（株）,宝塚市内線（101、103、104系統）
伊丹坂,伊丹市,"53, 54"
伊丹坂,阪急バス（株）,桃源台線（60、61、62、70系統）
西山橋,阪急バス（株）,宝塚市内線（101、103、104系統）
金井町,阪急バス（株）,"宝塚市内線（80、83系統）, 武庫川新橋線"
金井町,阪神バス（株）,"尼崎宝塚線　宝塚安倉団地行, 伊丹立花線, 安倉団地循環線, 宝塚甲子園線　阪神甲子園行, 宝塚甲子園線　阪神鳴尾浜球場前行"
岸西,加古川市かこばすミニ運営,かこバスミニ・志方西ルート
継南口,神姫バス（株）,姫路南部93
辻村,阪急バス（株）,尼崎線（56、57系統）
魚橋西,高砂市,じょうとんバス・曽根宝殿ルート
別所町公民館,神姫バス（株）,三木・小野・社102
北河原6丁目,伊丹市,82
新神野4丁目東,加古川市かこばすミニ運営,かこバスミニ・山手ルート
朝日ヶ丘北,神姫バス（株）,"三木・小野・社101, 三木・小野・社63, 三木・小野・社76"
瑞ヶ丘公園前,伊丹市,2
東山西,神姫バス（株）,姫路南部93
平荘湖口,神姫バス（株）,加古川53
須加,神姫バス（株）,姫路南部94
中野東,伊丹市,5
玉田団地,伊丹市,"17, 32, 50, 54, 55"
御坂,神姫バス（株）,"三田駅周辺15, 三田駅周辺115, 津山・西脇・社　（急行）西脇営業所〜御坂・新神戸駅前〜三宮, 津山・西脇・社　（急行）西脇営業所〜滝野社I．C・御坂・新神戸駅前〜三宮"
花畑蔵田,赤穂市,市内循環バスゆらのすけ・南北ルートA
ゆずり葉台,阪急バス（株）,宝塚市内線（101、103、104系統）
東這田公民館前,神姫バス（株）,三木・小野・社102
灘中学校前,神姫バス（株）,"姫路南部93, 姫路南部92"
アルカドラッグ加古川西店前,加古川市かこばすミニ運営,"かこバスミニ・志方西ルート, かこバスミニ・志方中ルート, かこバスミニ・志方中ルート（こども療育センター経由）, かこバスミニ・志方東ルート"
魚橋,高砂市,じょうとんバス・曽根宝殿ルート
新神野3丁目,加古川市かこばすミニ運営,"かこバスミニ・山手ルート, かこバスミニ・平荘ルート"
緑丘小学校前,伊丹市,"49, 50, 51, 52, 84"
西這田南,神姫バス（株）,三木・小野・社102
神野駅前,加古川市かこばすミニ運営,"かこバスミニ・山手ルート, かこバスミニ・平荘ルート"
垣内町内,（株）ウイング神姫,山崎　53
自由が丘本町,神姫バス（株）,三木・小野・社102
辻村,伊丹市,"30, 31"
山陽特殊製鋼前,神姫バス（株）,姫路南部91
戸田西口,神姫バス（株）,"三田駅周辺15, 三田駅周辺115"
上部,神姫バス（株）,加古川51
上部,加古川市かこばすミニ運営,かこバスミニ・平荘ルート
垣内,（株）ウイング神姫,"山崎　55, 山崎　50, 山崎　53"
東山,神姫バス（株）,姫路南部93
唐櫃台駅,阪急バス（株）,三宮有馬線（6系統）
唐櫃台駅,神姫バス（株）,"三田駅周辺14＿1, 神戸市中心部　有馬温泉（太閤橋）〜三宮駅前"
高男寺,神姫バス（株）,三木・小野・社50
高男寺,神姫ゾーンバス（株）,緑が丘駅〜緑が丘中1丁目〜ネスタリゾート神戸
西這田神社前,神姫バス（株）,三木・小野・社102
神吉南口,神姫バス（株）,"北条（加西市）　北条営業所〜アスティアかさい〜東高室〜細工所北口〜宝殿駅北口, 北条（加西市）　北条営業所〜アスティアかさい〜播磨農高前〜細工所北口〜宝殿駅北口"
中島口,（株）ウイング神姫,"山崎　54, 山崎　51"
ふぁ〜みんSHOP八幡,加古川市,上荘くるりん号
魚橋東,高砂市,じょうとんバス・曽根宝殿ルート
加古川磯病院,加古川市,上荘くるりん号
総合公園前,神姫バス（株）,"三木・小野・社62, 三木・小野・社76"
休ヶ坪公園,神姫バス（株）,加古川53
中筋1丁目,高砂市,"じょうとんバス・曽根宝殿ルート, じょうとんバス・曽根高砂ルート, じょうとんバス・北浜ルート"
清水工業団地入口,（株）ウイング神姫,赤穂・上郡　有年・上郡線
大鹿東口,伊丹市,"49, 50, 51, 52"
西野団地前,阪急バス（株）,武庫川新橋線
伊丹工業団地前,伊丹市,82
播磨大塩病院,高砂市,じょうとんバス・北浜ルート
宇佐崎北三丁目,神姫バス（株）,姫路南部93
高松,阪急バス（株）,武庫川線（35、36系統）
新神野5丁目,加古川市かこばすミニ運営,"かこバスミニ・山手ルート, かこバスミニ・平荘ルート"
朝日ヶ丘中,神姫バス（株）,"三木・小野・社101, 三木・小野・社63, 三木・小野・社76"
中野大橋,伊丹市,"3, 5, 16, 17, 18, 24, 32, 50, 54, 55"
大鹿口,伊丹市,"2, 13, 14, 84"
大鹿口,阪急バス（株）,豊中西宮線（96、97系統）
西野,阪神バス（株）,"杭瀬宝塚線, 尼崎宝塚線　宝塚行, 尼崎宝塚線　宝塚安倉団地行, 伊丹立花線, 宝塚甲子園線　阪神甲子園行, 宝塚甲子園線　阪神鳴尾浜球場前行"
西野,伊丹市,"1, 3, 4, 7, 60"
白浜北之町,神姫バス（株）,"姫路南部93, 姫路南部92"
志染団地12棟前,神姫ゾーンバス（株）,"志染駅〜東自由が丘, 青山5丁目〜緑が丘駅〜志染駅"
三木山陽病院前,神姫バス（株）,三木・小野・社50
宝塚ゴルフ場,阪急バス（株）,宝塚市内線（101、103、104系統）
造船所前,神姫バス（株）,姫路南部91
逆瀬川団地前,阪急バス（株）,宝塚市内線（101、103、104系統）
病院口,神姫ゾーンバス（株）,"志染駅〜東自由が丘, 青山5丁目〜緑が丘駅〜志染駅"
時光寺,高砂市,じょうとんバス・曽根宝殿ルート
公設市場前,伊丹市,"30, 31"
卸売市場前,阪急バス（株）,尼崎線（56、57系統）
宇佐崎北,神姫バス（株）,姫路南部93
市民センター前,（株）ウイング神姫,"山崎　55, 山崎　50, 山崎　53"
西条山手1丁目,加古川市かこばすミニ運営,かこバスミニ・山手ルート
志染団地18棟前,神姫ゾーンバス（株）,"志染駅〜東自由が丘, 青山5丁目〜緑が丘駅〜志染駅"
神吉中学校前,神姫バス（株）,加古川53
西野武庫川センター,伊丹市,"17, 18"
岸南口,加古川市かこばすミニ運営,"かこバスミニ・志方西ルート, かこバスミニ・志方中ルート, かこバスミニ・志方中ルート（こども療育センター経由）, かこバスミニ・志方東ルート"
西井ノ口,神姫バス（株）,"北条（加西市）　北条営業所〜アスティアかさい〜東高室〜細工所北口〜宝殿駅北口, 北条（加西市）　北条営業所〜アスティアかさい〜播磨農高前〜細工所北口〜宝殿駅北口"
西野団地,伊丹市,"17, 18"
姫路みなとドーム前,神姫バス（株）,姫路南部94
朝臣,（株）ウイング神姫,"山崎　54, 山崎　51"
春日丘西,伊丹市,"49, 50, 51, 52"
逆瀬台一丁目,阪急バス（株）,宝塚市内線（101、103、104系統）
新神野局前,加古川市かこばすミニ運営,"かこバスミニ・山手ルート, かこバスミニ・平荘ルート"
東山南口,神姫バス（株）,姫路南部93
北脇北,高砂市,じょうとんバス・北浜ルート
市民病院,（株）ウイング神姫,"たつの市コミュニティバス　兵庫県龍野庁舎ルート, たつの市コミュニティバス　令和跨線橋ルート, たつの市コミュニティバス　はつらつセンタールート, たつの市コミュニティバス　日山ルート, たつの市コミュニティバス　龍野北高校ルート, 山崎　54, 山崎　51"
西山団地,阪急バス（株）,宝塚市内線（101、103、104系統）
東神吉小学校東,神姫バス（株）,加古川53
アヴェルデ前,阪急バス（株）,宝塚市内線（101、103、104系統）
宝塚西高校前,阪急バス（株）,宝塚市内線（101、103、104系統）
陵北小学校前,加古川市かこばすミニ運営,"かこバスミニ・山手ルート, かこバスミニ・平荘ルート"
別所小学校前,神姫バス（株）,三木・小野・社32
西条,神姫バス（株）,加古川11
朝日ヶ丘,神姫バス（株）,"三木・小野・社101, 三木・小野・社63, 三木・小野・社76"
サンシティ,伊丹市,"3, 24"
中筋公民館,高砂市,じょうとんバス・曽根宝殿ルート
西自由が丘2丁目,神姫バス（株）,"三木・小野・社　（三木営業所）〜恵比須駅〜（自由が丘中公園）〜緑が丘駅〜神戸福産団地〜三宮〜（神戸空港）, 三木・小野・社50"
西自由が丘2丁目,神姫ゾーンバス（株）,"志染駅〜東自由が丘, 青山5丁目〜緑が丘駅〜志染駅"
高司四丁目,阪急バス（株）,武庫川新橋線
春日丘,伊丹市,"49, 50, 51, 52, 53, 54"
春日丘,阪急バス（株）,桃源台線（60、61、62、70系統）
西条山手郵便局前,加古川市かこばすミニ運営,かこバスミニ・山手ルート
野瀬西口,（株）ウイング神姫,"相生　50＿1．52．53, 相生　55．56"
昆陽池公園前,伊丹市,"17, 39"
本村,神姫バス（株）,加古川51
月見草団地,赤穂市,市内循環バスゆらのすけ・南北ルートB
松ヶ丘,伊丹市,"3, 5, 16, 18, 20, 24, 32, 50, 54, 55"
高司二丁目,阪急バス（株）,武庫川新橋線
中筋4丁目,高砂市,じょうとんバス・曽根宝殿ルート
中河原,加古川市かこばすミニ運営,"かこバスミニ・山手ルート, かこバスミニ・平荘ルート"
神吉新田,神姫バス（株）,加古川53
道の駅みき前,神姫バス（株）,三木・小野・社76
三木工業団地,神姫バス（株）,三木・小野・社32
天神川団地,伊丹市,"3, 17, 18, 24"
天川東,高砂市,じょうとんバス・曽根高砂ルート
三師団・交通局前,伊丹市,"13, 14, 30, 32, 39, 40, 50, 54, 55, 60, 61, 62, 84"
第三師団前,阪急バス（株）,豊中西宮線（96、97系統）
さつき台1丁目,神姫バス（株）,三木・小野・社62
北浜こども園,高砂市,じょうとんバス・北浜ルート
宝殿北口,加古川市かこばすミニ運営,"かこバスミニ・志方西ルート, かこバスミニ・志方中ルート, かこバスミニ・志方中ルート（こども療育センター経由）, かこバスミニ・志方東ルート"
北公民館前,神姫バス（株）,加古川11
加古川北公民館,加古川市かこばすミニ運営,かこバスミニ・山手ルート
藤ノ木,伊丹市,82
神爪1丁目,神姫バス（株）,"加古川54, 北条（加西市）　北条営業所〜アスティアかさい〜東高室〜細工所北口〜宝殿駅北口, 北条（加西市）　北条営業所〜アスティアかさい〜播磨農高前〜細工所北口〜宝殿駅北口"
ともえ中央公園前,神姫バス（株）,三木・小野・社32
野瀬,（株）ウイング神姫,"相生　50＿1．52．53, 相生　55．56"
宇佐崎,神姫バス（株）,姫路南部93
池尻,神姫バス（株）,加古川51
近畿安全衛生技術センター前,神姫バス（株）,加古川7
自由が丘小学校前,神姫ゾーンバス（株）,"志染駅〜東自由が丘, 青山5丁目〜緑が丘駅〜志染駅"
桜ヶ丘8丁目,伊丹市,"2, 13, 14"
さつき台2丁目,神姫バス（株）,三木・小野・社62
山電網干,（株）ウイング神姫,"山崎　55, 山崎　50, 山崎　53, 山崎　52, 山崎　54, 山崎　51"
朝日ヶ丘南団地前,神姫バス（株）,三木・小野・社76
美幸町,阪急バス（株）,武庫川線（35、36系統）
西野変電所,伊丹市,"17, 18"
池尻ダム口,神姫バス（株）,加古川51
白浜の宮駅,神姫バス（株）,姫路南部92
高司中学校前,阪急バス（株）,武庫川新橋線
関電倉庫前,神姫バス（株）,姫路南部91
加古川西ランプ前,神姫バス（株）,加古川54
神鉄六甲駅,阪急バス（株）,三宮有馬線（6系統）
神鉄六甲駅,神姫バス（株）,"三田駅周辺14＿1, 神戸市中心部　有馬温泉（太閤橋）〜三宮駅前"
加古川西公民館前,神姫バス（株）,"加古川54, 北条（加西市）　北条営業所〜アスティアかさい〜東高室〜細工所北口〜宝殿駅北口, 北条（加西市）　北条営業所〜アスティアかさい〜播磨農高前〜細工所北口〜宝殿駅北口"
釜屋,（株）ウイング神姫,"山崎　54, 山崎　51"
島,高砂市,"じょうとんバス・米田西ルート, じょうとんバス・米田東ルート, じょうとんバス・曽根宝殿ルート"
みなと町,神姫バス（株）,姫路南部94
姫路検査場,神姫バス（株）,姫路南部91
西自由が丘1丁目,神姫バス（株）,三木・小野・社50
西自由が丘1丁目,神姫ゾーンバス（株）,"志染駅〜東自由が丘, 青山5丁目〜緑が丘駅〜志染駅"
住友北,伊丹市,"3, 5, 16, 18, 20, 24, 32, 50, 54, 55"
スワンホール前,伊丹市,"17, 39"
伊丹北ノ口,阪急バス（株）,"尼崎線（56、57系統）, 桃源台線（60、61、62、70系統）"
北脇南,高砂市,じょうとんバス・北浜ルート
目坂,赤穂市,市内循環バスゆらのすけ・南北ルートB
目坂,（株）ウイング神姫,赤穂・上郡　有年・上郡線
合同製鉄通用門,神姫バス（株）,姫路南部91
松原東の町,神姫バス（株）,"姫路南部93, 姫路南部92"
商店街口,神姫バス（株）,三木・小野・社50
商店街口,神姫ゾーンバス（株）,"志染駅〜東自由が丘, 青山5丁目〜緑が丘駅〜志染駅"
宝殿駅北口,神姫バス（株）,"加古川54, 北条（加西市）　北条営業所〜アスティアかさい〜東高室〜細工所北口〜宝殿駅北口, 北条（加西市）　北条営業所〜アスティアかさい〜播磨農高前〜細工所北口〜宝殿駅北口"
森林公園,神姫バス（株）,三木・小野・社76
西条山手2丁目,加古川市かこばすミニ運営,かこバスミニ・山手ルート
宝殿駅,加古川市かこばすミニ運営,"かこバスミニ・志方西ルート, かこバスミニ・志方中ルート, かこバスミニ・志方中ルート（こども療育センター経由）, かこバスミニ・志方東ルート"
ともえ中央公園南,神姫バス（株）,三木・小野・社32
山手2丁目,神姫バス（株）,加古川11
上高野集会所,赤穂市,市内循環バスゆらのすけ・高野ルート
御津総合支所,（株）ウイング神姫,"たつの市コミュニティバス　兵庫県龍野庁舎ルート, たつの市コミュニティバス　令和跨線橋ルート, たつの市コミュニティバス　はつらつセンタールート, たつの市コミュニティバス　日山ルート, たつの市コミュニティバス　龍野北高校ルート"
南部消防出張所前,阪急バス（株）,武庫川新橋線
大樋橋,伊丹市,"17, 18"
北ノ口,伊丹市,"30, 31"
北ノ口,阪急バス（株）,桃源台線（60、61、62、70系統）
伊丹市役所前,阪急バス（株）,豊中西宮線（96、97系統）
升田,神姫バス（株）,加古川51
市役所前,伊丹市,"13, 14, 32, 40, 50, 54, 55, 61, 62, 84"
JR宝殿駅,高砂市,"じょうとんバス・米田西ルート, じょうとんバス・米田東ルート, じょうとんバス・曽根宝殿ルート"
姫路港,神姫バス（株）,姫路南部94
宇佐崎新浜,神姫バス（株）,姫路南部93
御津小学校,（株）ウイング神姫,"たつの市コミュニティバス　兵庫県龍野庁舎ルート, たつの市コミュニティバス　令和跨線橋ルート, たつの市コミュニティバス　はつらつセンタールート, たつの市コミュニティバス　日山ルート, たつの市コミュニティバス　龍野北高校ルート"
青山5丁目,神姫バス（株）,"明石・西神・須磨81＿1, 三木・小野・社　青山5丁目〜緑が丘駅〜三宮, 三木・小野・社50"
青山5丁目,神姫ゾーンバス（株）,"緑が丘駅〜緑が丘中1丁目〜ネスタリゾート神戸, 青山5丁目〜緑が丘駅〜志染駅, 青山5丁目〜緑が丘駅〜富士見が丘〜農業公園〜西神中央駅"
中自由が丘,神姫バス（株）,"三木・小野・社　（三木営業所）〜恵比須駅〜（自由が丘中公園）〜緑が丘駅〜神戸福産団地〜三宮〜（神戸空港）, 三木・小野・社50"
中自由が丘,神姫ゾーンバス（株）,"志染駅〜東自由が丘, 青山5丁目〜緑が丘駅〜志染駅"
鶯谷,神姫バス（株）,"三木・小野・社82, 三木・小野・社76, 津山・西脇・社　社（車庫前）〜三木〜明石駅"
白浜幼稚園前,神姫バス（株）,"姫路南部93, 姫路南部92"
北山公園,加古川市かこばすミニ運営,かこバスミニ・山手ルート
三木工場公園中,神姫バス（株）,三木・小野・社32
桜ヶ丘2丁目,伊丹市,"2, 13, 14"
山電八家駅,神姫バス（株）,姫路南部93
池尻,阪神バス（株）,"杭瀬宝塚線, 尼崎宝塚線　宝塚行, 尼崎宝塚線　宝塚安倉団地行, 伊丹立花線, 宝塚甲子園線　阪神甲子園行, 宝塚甲子園線　阪神鳴尾浜球場前行"
池尻,伊丹市,"1, 4, 6, 7, 60"
天津,伊丹市,82
清水橋,伊丹市,"49, 50, 51, 52, 53, 54"
清水橋,阪急バス（株）,桃源台線（60、61、62、70系統）
釜屋西,（株）ウイング神姫,"山崎　54, 山崎　51"
神野西,神姫バス（株）,加古川7
島公会堂,高砂市,"じょうとんバス・米田西ルート, じょうとんバス・米田東ルート"
仁川台北,阪急バス（株）,仁川循環線
合同製鉄正門,神姫バス（株）,姫路南部91
網干港,（株）ウイング神姫,"山崎　55, 山崎　50, 山崎　53, 山崎　54, 山崎　51"
岩見西口,（株）ウイング神姫,"山崎　52, 山崎　54, 山崎　51"
北神野,神姫バス（株）,加古川11
曽根北,高砂市,じょうとんバス・曽根高砂ルート
五叉路,神姫バス（株）,"三木・小野・社　（三木営業所）〜恵比須駅〜（自由が丘中公園）〜緑が丘駅〜神戸福産団地〜三宮〜（神戸空港）, 三木・小野・社50"
五叉路,神姫ゾーンバス（株）,"志染駅〜東自由が丘, 青山5丁目〜緑が丘駅〜志染駅"
総合運動公園,高砂市,"じょうとんバス・米田西ルート, じょうとんバス・米田東ルート"
三津田,神姫バス（株）,"津山・西脇・社　（急行）西脇営業所〜御坂・新神戸駅前〜三宮, 津山・西脇・社　（急行）西脇営業所〜滝野社I．C・御坂・新神戸駅前〜三宮"
裁判所前,伊丹市,"3, 5, 17, 20, 24, 39, 84"
大塩町,高砂市,じょうとんバス・北浜ルート
相野西,神姫バス（株）,三木・小野・社62
釜屋南,（株）ウイング神姫,山崎　52
東蔵人,阪急バス（株）,武庫川線（35、36系統）
仁川台中,阪急バス（株）,仁川循環線
伊丹一丁目,阪急バス（株）,岡町線（81、82、84系統）
本町,伊丹市,"25, 82"
西浜北,高砂市,じょうとんバス・北浜ルート
西桑津,伊丹市,"24, 25"
西桑津,阪急バス（株）,岡町線（81、82、84系統）
競馬場北,阪急バス（株）,武庫川新橋線
山手2丁目,加古川市かこばすミニ運営,かこバスミニ・山手ルート
火力正門通,神姫バス（株）,姫路南部91
三木郵便局前,神姫バス（株）,三木・小野・社62
東自由が丘3丁目,神姫バス（株）,"三木・小野・社　（三木営業所）〜恵比須駅〜（自由が丘中公園）〜緑が丘駅〜神戸福産団地〜三宮〜（神戸空港）, 三木・小野・社50"
東自由が丘3丁目,神姫ゾーンバス（株）,"志染駅〜東自由が丘, 青山5丁目〜緑が丘駅〜志染駅"
神津,伊丹市,"20, 22, 23, 24, 25, 26"
神津,阪急バス（株）,岡町線（81、82、84系統）
新町,（株）ウイング神姫,"たつの市コミュニティバス　兵庫県龍野庁舎ルート, たつの市コミュニティバス　令和跨線橋ルート, たつの市コミュニティバス　はつらつセンタールート, たつの市コミュニティバス　日山ルート, たつの市コミュニティバス　龍野北高校ルート, 山崎　52"
三木工場公園南,神姫バス（株）,三木・小野・社32
白浜南住宅,神姫バス（株）,"姫路南部93, 姫路南部92"
自由が丘中公園,神姫バス（株）,三木・小野・社　（三木営業所）〜恵比須駅〜（自由が丘中公園）〜緑が丘駅〜神戸福産団地〜三宮〜（神戸空港）
六甲保養荘,西宮市,さくらやまなみバス（金仙寺系統・有馬系統）
三木工場公園東,神姫バス（株）,三木・小野・社32
高野高取,赤穂市,市内循環バスゆらのすけ・高野ルート
浜田口,（株）ウイング神姫,"山崎　52, 山崎　54, 山崎　51"
ふれあいの郷生石,高砂市,"じょうとんバス・米田西ルート, じょうとんバス・米田東ルート"
伊丹スカイパーク・上須古,伊丹市,"20, 22, 23, 25"
伊丹スカイパーク・上須古,阪急バス（株）,岡町線（81、82、84系統）
三木ホースランドパーク研修センター前,神姫バス（株）,三木・小野・社76
御津中学校前,（株）ウイング神姫,"山崎　52, 山崎　54, 山崎　51"
宮ノ前,伊丹市,"25, 82"
志染駅,神姫バス（株）,三木・小野・社50
志染駅,神姫ゾーンバス（株）,"志染駅〜東自由が丘, 青山5丁目〜緑が丘駅〜志染駅"
中自由が丘1丁目,神姫バス（株）,三木・小野・社50
小林東交差点,神姫バス（株）,三木・小野・社62
西釜屋,（株）ウイング神姫,"たつの市コミュニティバス　兵庫県龍野庁舎ルート, たつの市コミュニティバス　令和跨線橋ルート, たつの市コミュニティバス　はつらつセンタールート, たつの市コミュニティバス　日山ルート, たつの市コミュニティバス　龍野北高校ルート"
城山町,神姫バス（株）,三木・小野・社76
苅屋西口,（株）ウイング神姫,"山崎　52, 山崎　54, 山崎　51"
白浜海岸,神姫バス（株）,"姫路南部93, 姫路南部92"
米田西,高砂市,じょうとんバス・米田西ルート
小林ローレル前,神姫バス（株）,三木・小野・社62
伊丹病院住友前,伊丹市,"3, 5, 13, 14, 16, 18, 20, 24, 32, 40, 50, 54, 55, 61, 62"
伊丹病院住友前,阪急バス（株）,豊中西宮線（96、97系統）
大山北,神姫バス（株）,三木・小野・社76
山手3丁目,加古川市かこばすミニ運営,かこバスミニ・山手ルート
イオンモール伊丹,阪急バス（株）,"豊中東西線（95系統）, 岡町線（81、82、84系統）"
イオンモール伊丹,伊丹市,24
中央公園前,神姫ゾーンバス（株）,"緑が丘駅〜緑が丘中1丁目〜ネスタリゾート神戸, 青山5丁目〜緑が丘駅〜志染駅, 青山5丁目〜緑が丘駅〜富士見が丘〜農業公園〜西神中央駅"
中央公園前,神姫バス（株）,明石・西神・須磨81＿1
苅屋東口,（株）ウイング神姫,"山崎　52, 山崎　54, 山崎　51"
岩見,（株）ウイング神姫,"山崎　52, 山崎　54, 山崎　51"
高野集会所,赤穂市,市内循環バスゆらのすけ・高野ルート
稲富口,（株）ウイング神姫,"山崎　52, 山崎　54, 山崎　51"
仁川うぐいす台口,阪急バス（株）,仁川循環線
世界の梅公園前,（株）ウイング神姫,"山崎　52, 山崎　54, 山崎　51"
平津,神姫バス（株）,加古川54
坪田前,（株）ウイング神姫,"山崎　52, 山崎　54, 山崎　51"
湯の内団地,（株）ウイング神姫,赤穂・上郡　湯の内・槙線
兵中北山公園,加古川市かこばすミニ運営,かこバスミニ・山手ルート
三木ホースランドパーク馬車センター前,神姫バス（株）,三木・小野・社76
防災公園前,神姫ゾーンバス（株）,緑が丘駅〜関西国際大学〜防災公園前
中央公園前/青山3丁目,神姫バス（株）,"三木・小野・社　青山5丁目〜緑が丘駅〜三宮, 三木・小野・社50"
灘市民センター前,神姫バス（株）,"姫路南部93, 姫路南部92"
西浜南,高砂市,じょうとんバス・北浜ルート
東部工業団地前,（株）ウイング神姫,"相生　50＿1．52．53, 相生　55．56"
展望台,阪急バス（株）,芦屋有馬線（80、81系統）
宝殿橋,阪急バス（株）,芦屋有馬線（80、81系統）
あかねが丘,神姫バス（株）,"三木・小野・社　（三木営業所）〜恵比須駅〜（自由が丘中公園）〜緑が丘駅〜神戸福産団地〜三宮〜（神戸空港）, 三木・小野・社50"
あかねが丘,神姫ゾーンバス（株）,"志染駅〜東自由が丘, 青山5丁目〜緑が丘駅〜志染駅"
平津,高砂市,じょうとんバス・米田東ルート
砂部,神姫バス（株）,加古川53
仁川台南公園,阪急バス（株）,仁川循環線
伊丹中央,阪急バス（株）,"尼崎線（56、57系統）, 桃源台線（60、61、62、70系統）"
大池駅,阪急バス（株）,三宮有馬線（6系統）
大池駅,神姫バス（株）,"三田駅周辺14＿1, 神戸市中心部　有馬温泉（太閤橋）〜三宮駅前"
青山3丁目,神姫バス（株）,明石・西神・須磨81＿1
青山3丁目,神姫ゾーンバス（株）,"緑が丘駅〜緑が丘中1丁目〜ネスタリゾート神戸, 青山5丁目〜緑が丘駅〜志染駅, 青山5丁目〜緑が丘駅〜富士見が丘〜農業公園〜西神中央駅"
はぐるまの家,加古川市かこばすミニ運営,かこバスミニ・山手ルート
仁川団地北,阪急バス（株）,仁川循環線
昆陽,伊丹市,"16, 18, 40"
阪急伊丹,伊丹市,"1, 2, 3, 4, 5, 6, 7, 13, 14, 16, 17, 18, 20, 22, 23, 24, 25, 26, 30, 31, 33, 34, 36, 37, 49, 50, 51, 52, 53, 54, 82, 84"
阪急伊丹,阪急バス（株）,"桃源台線（60、61、62、70系統）, 岡町線（81、82、84系統）"
日岡,神姫バス（株）,加古川7
甲南加古川病院,神姫バス（株）,加古川11
甲南加古川病院,加古川市かこばすミニ運営,かこバスミニ・山手ルート
千僧口,伊丹市,"1, 3, 4, 5, 6, 7, 16, 17, 18, 20, 24, 33, 34, 39, 84"
JR伊丹,伊丹市,"1, 2, 3, 4, 5, 6, 7, 13, 14, 16, 17, 18, 20, 22, 23, 24, 25, 26, 30, 31, 33, 37, 49, 50, 51, 52, 53, 54"
JR伊丹,阪急バス（株）,桃源台線（60、61、62、70系統）
山陽大塩駅,高砂市,じょうとんバス・北浜ルート
的形ネオポリス前,神姫バス（株）,姫路南部93
昆陽西口,伊丹市,"13, 14, 61, 62"
新明和前,阪急バス（株）,武庫川線（35、36系統）
東神野公園,加古川市かこばすミニ運営,かこバスミニ・山手ルート
ダイセル前,（株）ウイング神姫,"山崎　55, 山崎　50"
木場,神姫バス（株）,姫路南部93
木津,赤穂市,市内循環バスゆらのすけ・南北ルートB
木津,（株）ウイング神姫,赤穂・上郡　有年・上郡線
宇佐崎南,神姫バス（株）,"姫路南部93, 姫路南部92"
森本2丁目,伊丹市,"20, 22, 23, 24"
木津宮前,赤穂市,市内循環バスゆらのすけ・南北ルートA
木津宮前,（株）ウイング神姫,赤穂・上郡　有年・上郡線
行基町1丁目,伊丹市,"37, 39"
伊丹シティホテル前,伊丹市,"1, 2, 3, 4, 5, 6, 7, 13, 14, 16, 17, 18, 20, 22, 23, 24, 25, 26, 30, 31, 33, 36, 37, 49, 50, 51, 52, 53, 54"
伊丹シティホテル前,阪急バス（株）,"桃源台線（60、61、62、70系統）, 岡町線（81、82、84系統）"
千種集会所前,赤穂市,市内循環バスゆらのすけ・南北ルートA
千種集会所前,（株）ウイング神姫,赤穂・上郡　有年・上郡線
七曲り東口,（株）ウイング神姫,"山崎　52, 山崎　54, 山崎　51"
相野中,神姫バス（株）,三木・小野・社62
千種峠,赤穂市,市内循環バスゆらのすけ・南北ルートA
千種峠,（株）ウイング神姫,赤穂・上郡　有年・上郡線
神津交流センター前,伊丹市,"20, 22, 23"
相野,神姫バス（株）,三木・小野・社62
曽根西,高砂市,じょうとんバス・曽根高砂ルート
消防学校前,神姫ゾーンバス（株）,緑が丘駅〜関西国際大学〜防災公園前
仁川団地前,阪急バス（株）,仁川循環線
高岡,加古川市かこばすミニ運営,かこバスミニ・山手ルート
東自由が丘2丁目,神姫バス（株）,"三木・小野・社　（三木営業所）〜恵比須駅〜（自由が丘中公園）〜緑が丘駅〜神戸福産団地〜三宮〜（神戸空港）, 三木・小野・社50"
東自由が丘2丁目,神姫ゾーンバス（株）,"志染駅〜東自由が丘, 青山5丁目〜緑が丘駅〜志染駅"
高岡会館,加古川市かこばすミニ運営,かこバスミニ・山手ルート
センター東,神姫ゾーンバス（株）,緑が丘駅〜関西国際大学〜防災公園前
山手公民館,加古川市かこばすミニ運営,かこバスミニ・山手ルート
米田公民館,高砂市,じょうとんバス・米田東ルート
出河原,神姫バス（株）,加古川51
米田南,高砂市,じょうとんバス・米田西ルート
小林東,神姫バス（株）,三木・小野・社62
曽根,高砂市,じょうとんバス・曽根高砂ルート
仁川小学校前,阪急バス（株）,仁川循環線
日岡駅口,神姫バス（株）,"加古川6, 加古川8"
東平津,神姫バス（株）,加古川54
森本,伊丹市,24
札場辻,伊丹市,"1, 4, 6, 7, 16, 18, 33, 34, 40"
浜田,（株）ウイング神姫,山崎　54
大山南,神姫バス（株）,三木・小野・社76
センター前,神姫バス（株）,"明石・西神・須磨81＿1, 三木・小野・社　青山5丁目〜緑が丘駅〜三宮, 三木・小野・社50"
センター前,神姫ゾーンバス（株）,"緑が丘駅〜関西国際大学〜防災公園前, 緑が丘駅〜緑が丘中1丁目〜ネスタリゾート神戸, 青山5丁目〜緑が丘駅〜志染駅, 青山5丁目〜緑が丘駅〜富士見が丘〜農業公園〜西神中央駅"
アルビス寺本,伊丹市,"13, 14, 61, 62"
アルビス寺本,阪急バス（株）,豊中西宮線（96、97系統）
駒の町,阪急バス（株）,武庫川新橋線
神津大橋,伊丹市,"20, 22, 23, 24"
池尻南口,阪神バス（株）,"杭瀬宝塚線, 尼崎宝塚線　宝塚行, 尼崎宝塚線　宝塚安倉団地行, 伊丹立花線, 宝塚甲子園線　阪神甲子園行, 宝塚甲子園線　阪神鳴尾浜球場前行"
池尻南口,伊丹市,"1, 4, 6, 7, 60"
仁川高丸1丁目,阪急バス（株）,仁川循環線
姫路まえどれ市場,神姫バス（株）,姫路南部92
的形西,神姫バス（株）,姫路南部93
高丸公園前,阪急バス（株）,仁川循環線
東神野,神姫バス（株）,加古川11
小井内,伊丹市,"1, 4, 6, 7, 33, 34"
西宮甲山高校前,西宮市,さくらやまなみバス（金仙寺系統・有馬系統）
西宮甲山高校前,阪神バス（株）,"鷲林寺線, 鷲林寺線　阪急夙川経由"
西宮甲山高校前,阪急バス（株）,夙川台線（1、2、3、4、6、7系統）
奥大津西口,（株）ウイング神姫,赤穂・上郡　湯の内・槙線
東有岡,伊丹市,"20, 22, 23, 24"
仁川植物園前,阪急バス（株）,仁川循環線
高丸3丁目東,阪急バス（株）,仁川循環線
競馬場,阪急バス（株）,武庫川線（35、36系統）
松陽中学校,高砂市,じょうとんバス・曽根高砂ルート
大野,神姫バス（株）,"加古川6, 加古川7, 加古川8"
宮ノ北団地,阪神バス（株）,"尼崎市内線地域線40番, 尼崎市内線地域線41番, 尼崎市内線地域線41-2番, 尼崎市内線地域線43番"
龍泉寺前,赤穂市,"市内循環バスゆらのすけ・南北ルートA, 市内循環バスゆらのすけ・南北ルートB"
龍泉寺前,（株）ウイング神姫,赤穂・上郡　有年・上郡線
仁川高丸3丁目,阪急バス（株）,仁川循環線
仁川マンション前,阪急バス（株）,仁川循環線
高野第二,赤穂市,市内循環バスゆらのすけ・高野ルート
日岡山公園,神姫バス（株）,"加古川6, 加古川8"
田端集会所,赤穂市,市内循環バスゆらのすけ・高野ルート
仁川旭ガ丘前,阪急バス（株）,仁川循環線
三木北高校前,神姫バス（株）,"明石・西神・須磨81＿1, 三木・小野・社　青山5丁目〜緑が丘駅〜三宮, 三木・小野・社50"
三木北高校前,神姫ゾーンバス（株）,"緑が丘駅〜関西国際大学〜防災公園前, 緑が丘駅〜緑が丘中1丁目〜ネスタリゾート神戸, 青山5丁目〜緑が丘駅〜志染駅, 青山5丁目〜緑が丘駅〜富士見が丘〜農業公園〜西神中央駅"
米田東,高砂市,じょうとんバス・米田東ルート
奥大津,（株）ウイング神姫,赤穂・上郡　湯の内・槙線
穴門,神姫バス（株）,加古川53
東自由が丘,神姫バス（株）,"三木・小野・社　（三木営業所）〜恵比須駅〜（自由が丘中公園）〜緑が丘駅〜神戸福産団地〜三宮〜（神戸空港）, 三木・小野・社50"
東自由が丘,神姫ゾーンバス（株）,"志染駅〜東自由が丘, 青山5丁目〜緑が丘駅〜志染駅"
南本町1丁目,伊丹市,36
南本町一丁目,阪急バス（株）,"尼崎線（56、57系統）, 桃源台線（60、61、62、70系統）, 岡町線（81、82、84系統）"
寺本東,伊丹市,"1, 4, 6, 7, 35"
森本4丁目,伊丹市,"20, 22, 23, 24"
仁川高丸中央公園東,阪急バス（株）,仁川循環線
黒崎,（株）ウイング神姫,"たつの市コミュニティバス　兵庫県龍野庁舎ルート, たつの市コミュニティバス　令和跨線橋ルート, たつの市コミュニティバス　はつらつセンタールート, たつの市コミュニティバス　日山ルート, たつの市コミュニティバス　龍野北高校ルート"
森本6丁目,伊丹市,"20, 22, 23, 24"
七曲り,（株）ウイング神姫,"山崎　52, 山崎　54, 山崎　51"
岩屋,伊丹市,"20, 22, 23, 24"
大工村,赤穂市,"市内循環バスゆらのすけ・南北ルートA, 市内循環バスゆらのすけ・南北ルートB"
大工村,（株）ウイング神姫,赤穂・上郡　有年・上郡線
青山2丁目,神姫ゾーンバス（株）,緑が丘駅〜関西国際大学〜防災公園前
小井内南,伊丹市,"33, 34, 35"
動物愛護センター前,神姫ゾーンバス（株）,緑が丘駅〜関西国際大学〜防災公園前
田近野,阪急バス（株）,武庫川線（35、36系統）
泉町,伊丹市,40
木場港,神姫バス（株）,姫路南部93
仁川北一丁目,阪急バス（株）,武庫川線（35、36系統）
市高前,伊丹市,"37, 39"
昆陽里北,伊丹市,"1, 4, 6, 7, 60"
イエズス修道会前,阪急バス（株）,仁川循環線
山陽曽根駅,高砂市,じょうとんバス・曽根高砂ルート
宮ノ北,阪神バス（株）,"尼崎市内線地域線40番, 尼崎市内線地域線41番, 尼崎市内線地域線41-2番, 尼崎市内線地域線43番"
仁川高丸2丁目南,阪急バス（株）,仁川循環線
甲山墓園前,阪神バス（株）,"鷲林寺線, 鷲林寺線　阪急夙川経由"
甲山墓園前,阪急バス（株）,夙川台線（1、2、3、4、6、7系統）
大浦,（株）ウイング神姫,"山崎　52, 山崎　54, 山崎　51"
中津,神姫バス（株）,"加古川6, 加古川7, 加古川8"
東木場,神姫バス（株）,姫路南部93
相野東,神姫バス（株）,三木・小野・社62
仁川高台西,阪急バス（株）,仁川循環線
阪急仁川駅,阪急バス（株）,"仁川循環線, 武庫川新橋線, 武庫川線（35、36系統）"
小林,神姫バス（株）,"三木・小野・社82, 三木・小野・社62, 津山・西脇・社　社（車庫前）〜三木〜明石駅"
昆陽里,伊丹市,"1, 4, 6, 7, 13, 14, 35, 61, 62"
昆陽ノ里,阪急バス（株）,豊中西宮線（96、97系統）
塩市橋,高砂市,じょうとんバス・米田西ルート
鈴原町1丁目,伊丹市,"37, 38"
仁川口橋,阪急バス（株）,武庫川線（35、36系統）
大池見山台,神姫バス（株）,"三田駅周辺14＿1, 神戸市中心部　有馬温泉（太閤橋）〜三宮駅前"
大池見山台,阪急バス（株）,三宮有馬線（6系統）
鈴原町4丁目,伊丹市,"37, 38"
高砂市立図書館,高砂市,じょうとんバス・米田西ルート
県立加古川医療センター,神姫バス（株）,"加古川7, 加古川8, 加古川11, 加古川16, 加古川34"
小林平成館前,神姫バス（株）,三木・小野・社62
緑が丘公民館前,神姫バス（株）,"明石・西神・須磨81＿1, 三木・小野・社　青山5丁目〜緑が丘駅〜三宮, 三木・小野・社50"
緑が丘公民館前,神姫ゾーンバス（株）,"緑が丘駅〜関西国際大学〜防災公園前, 緑が丘駅〜緑が丘中1丁目〜ネスタリゾート神戸, 青山5丁目〜緑が丘駅〜志染駅, 青山5丁目〜緑が丘駅〜富士見が丘〜農業公園〜西神中央駅"
鈴原町6丁目,伊丹市,"37, 38"
口酒井,伊丹市,"20, 22, 23, 24"
福泊東,神姫バス（株）,姫路南部93
東口酒井,伊丹市,"20, 22, 23, 24"
七曲り西口,（株）ウイング神姫,"山崎　52, 山崎　54, 山崎　51"
摂陽小学校前,伊丹市,"33, 34, 35"
緑が丘西1丁目西,神姫バス（株）,"三木・小野・社　（三木営業所）〜恵比須駅〜（自由が丘中公園）〜緑が丘駅〜神戸福産団地〜三宮〜（神戸空港）, 三木・小野・社50"
緑が丘西1丁目西,神姫ゾーンバス（株）,青山5丁目〜緑が丘駅〜志染駅
船頭,神姫バス（株）,"加古川51, 加古川53, 加古川54"
西昆陽,阪神バス（株）,"尼崎市内線地域線40番, 尼崎市内線地域線41番, 尼崎市内線地域線41-2番, 尼崎市内線地域線43番"
新舞子,（株）ウイング神姫,"たつの市コミュニティバス　兵庫県龍野庁舎ルート, たつの市コミュニティバス　令和跨線橋ルート, たつの市コミュニティバス　はつらつセンタールート, たつの市コミュニティバス　日山ルート, たつの市コミュニティバス　龍野北高校ルート"
昆陽里北,阪神バス（株）,"杭瀬宝塚線, 尼崎宝塚線　宝塚行, 尼崎宝塚線　宝塚安倉団地行, 伊丹立花線, 宝塚甲子園線　阪神甲子園行, 宝塚甲子園線　阪神鳴尾浜球場前行"
堀池口,伊丹市,"37, 38, 40"
伊保西部,高砂市,じょうとんバス・曽根高砂ルート
緑が丘東幼稚園,神姫ゾーンバス（株）,緑が丘駅〜関西国際大学〜防災公園前
岩屋東,伊丹市,23
鷲林寺,西宮市,さくらやまなみバス（金仙寺系統・有馬系統）
鷲林寺,阪神バス（株）,"鷲林寺線, 鷲林寺線　阪急夙川経由"
鷲林寺,阪急バス（株）,夙川台線（1、2、3、4、6、7系統）
西芝,（株）ウイング神姫,山崎　54
興治,神姫バス（株）,三木・小野・社62
北山貯水池,阪神バス（株）,"鷲林寺線, 鷲林寺線　阪急夙川経由"
葛ヶ浜,（株）ウイング神姫,"相生　50＿1．52．53, 相生　55．56"
昆陽里・交番前,伊丹市,"13, 60, 61, 62"
昆陽里,阪神バス（株）,"杭瀬宝塚線, 尼崎宝塚線　宝塚行, 尼崎宝塚線　宝塚安倉団地行, 伊丹立花線, 宝塚甲子園線　阪神甲子園行, 宝塚甲子園線　阪神鳴尾浜球場前行"
奥池集会所前,阪急バス（株）,芦屋有馬線（80、81系統）
奥池,阪急バス（株）,芦屋有馬線（80、81系統）
河原,神姫バス（株）,"加古川6, 加古川7, 加古川8"
小林西,神姫バス（株）,三木・小野・社62
木庭山公園口,神姫バス（株）,姫路南部93
新舞子口,（株）ウイング神姫,"たつの市コミュニティバス　兵庫県龍野庁舎ルート, たつの市コミュニティバス　令和跨線橋ルート, たつの市コミュニティバス　はつらつセンタールート, たつの市コミュニティバス　日山ルート, たつの市コミュニティバス　龍野北高校ルート"
緑が丘東小学校前,神姫ゾーンバス（株）,緑が丘駅〜関西国際大学〜防災公園前
南本町4丁目,伊丹市,36
南本町四丁目,阪急バス（株）,"尼崎線（56、57系統）, 桃源台線（60、61、62、70系統）, 岡町線（81、82、84系統）"
青山1丁目,神姫ゾーンバス（株）,緑が丘駅〜関西国際大学〜防災公園前
米新,高砂市,じょうとんバス・米田東ルート
姫路火力,神姫バス（株）,姫路南部91
新伊丹,伊丹市,38
山田北,伊丹市,"13, 60, 61, 62"
関西国際大学,神姫ゾーンバス（株）,緑が丘駅〜関西国際大学〜防災公園前
児童会館前,伊丹市,39
清水,（株）ウイング神姫,赤穂・上郡　湯の内・槙線
段上町6丁目,阪急バス（株）,武庫川線（35、36系統）
堀池団地,伊丹市,"33, 34, 35"
甲山大師,阪神バス（株）,"鷲林寺線, 鷲林寺線　阪急夙川経由"
髭茶屋,阪神バス（株）,"尼崎市内線地域線40番, 尼崎市内線地域線41番, 尼崎市内線地域線41-2番, 尼崎市内線地域線43番"
福泊,神姫バス（株）,姫路南部93
美鈴町,伊丹市,"37, 38, 40"
自治会館前,神姫バス（株）,"明石・西神・須磨81＿1, 三木・小野・社　青山5丁目〜緑が丘駅〜三宮, 三木・小野・社50"
自治会館前,神姫ゾーンバス（株）,"緑が丘駅〜関西国際大学〜防災公園前, 緑が丘駅〜緑が丘中1丁目〜ネスタリゾート神戸, 青山5丁目〜緑が丘駅〜志染駅, 青山5丁目〜緑が丘駅〜富士見が丘〜農業公園〜西神中央駅"
県立甲山森林公園前,阪神バス（株）,"鷲林寺線, 鷲林寺線　阪急夙川経由"
緑が丘西1丁目,神姫バス（株）,"三木・小野・社　（三木営業所）〜恵比須駅〜（自由が丘中公園）〜緑が丘駅〜神戸福産団地〜三宮〜（神戸空港）, 三木・小野・社50"
緑が丘西1丁目,神姫ゾーンバス（株）,青山5丁目〜緑が丘駅〜志染駅
甲山大師下,阪神バス（株）,"鷲林寺線, 鷲林寺線　阪急夙川経由"
ゴロゴロ橋,阪急バス（株）,芦屋有馬線（80、81系統）
刑務所前,神姫バス（株）,"加古川6, 加古川8"
浜市,赤穂市,"市内循環バスゆらのすけ・南北ルートA, 市内循環バスゆらのすけ・南北ルートB"
浜市,（株）ウイング神姫,赤穂・上郡　有年・上郡線
石守,神姫バス（株）,"加古川8, 加古川11, 加古川16, 加古川34"
緑が丘東4丁目,神姫バス（株）,三木・小野・社50
石守団地西,神姫バス（株）,"加古川6, 加古川8"
山田,伊丹市,"13, 36, 39, 41, 43, 60, 61, 62"
古新北,高砂市,じょうとんバス・米田東ルート
加古川橋東詰,神姫バス（株）,"加古川41, 加古川51, 加古川53, 加古川54"
篠原町,神姫バス（株）,"加古川6, 加古川7, 加古川8"
剣谷,阪急バス（株）,夙川台線（1、2、3、4、6、7系統）
刑務所東,神姫バス（株）,"加古川6, 加古川8"
緑が丘東3丁目北,神姫バス（株）,三木・小野・社50
伊保中部,高砂市,じょうとんバス・曽根高砂ルート
昆陽里南,阪神バス（株）,"杭瀬宝塚線, 尼崎宝塚線　宝塚行, 尼崎宝塚線　宝塚安倉団地行, 伊丹立花線, 宝塚甲子園線　阪神甲子園行, 宝塚甲子園線　阪神鳴尾浜球場前行"
堀池西,伊丹市,"33, 34, 35"
緑が丘東3丁目,神姫バス（株）,三木・小野・社50
花山駅,阪急バス（株）,三宮有馬線（6系統）
花山駅,神姫バス（株）,"三田駅周辺14＿1, 神戸市中心部　有馬温泉（太閤橋）〜三宮駅前"
髭茶屋,阪急バス（株）,豊中西宮線（96、97系統）
興治東,神姫バス（株）,三木・小野・社62
船渡,（株）ウイング神姫,赤穂・上郡　湯の内・槙線
南菱,伊丹市,"37, 38, 40"
しゅうらく苑西,神姫バス（株）,三木・小野・社62
鷲林寺南口,西宮市,さくらやまなみバス（金仙寺系統・有馬系統）
鷲林寺南口,阪神バス（株）,"鷲林寺線, 鷲林寺線　阪急夙川経由"
鷲林寺南口,阪急バス（株）,夙川台線（1、2、3、4、6、7系統）
緑丘,高砂市,じょうとんバス・米田西ルート
小束野,神姫バス（株）,"三木・小野・社82, 津山・西脇・社　社（車庫前）〜三木〜明石駅"
石守団地中央,神姫バス（株）,"加古川6, 加古川8"
伊丹営業所前,阪急バス（株）,"尼崎線（56、57系統）, 桃源台線（60、61、62、70系統）, 岡町線（81、82、84系統）"
緑が丘中1丁目,神姫バス（株）,"明石・西神・須磨81＿1, 三木・小野・社　（三木営業所）〜恵比須駅〜（自由が丘中公園）〜緑が丘駅〜神戸福産団地〜三宮〜（神戸空港）, 三木・小野・社　青山5丁目〜緑が丘駅〜三宮, 三木・小野・社50"
緑が丘中1丁目,神姫ゾーンバス（株）,"押部谷（栄）〜富士見が丘〜緑が丘駅〜緑が丘中1丁目, 緑が丘駅〜関西国際大学〜防災公園前, 緑が丘駅〜緑が丘中1丁目〜ネスタリゾート神戸, 青山5丁目〜緑が丘駅〜志染駅, 青山5丁目〜緑が丘駅〜富士見が丘〜農業公園〜西神中央駅"
消防署前,神姫バス（株）,"加古川41, 加古川51, 加古川53, 加古川54"
しゅうらく苑前,神姫バス（株）,三木・小野・社62
古新南,高砂市,じょうとんバス・米田東ルート
段上小学校前,阪急バス（株）,武庫川線（35、36系統）
南町住宅前,伊丹市,36
ハイランド北,阪急バス（株）,芦屋有馬線（80、81系統）
日触,（株）ウイング神姫,山崎　54
関西学院前,阪急バス（株）,西宮市内線（全系統）
うぐいす谷,阪急バス（株）,芦屋有馬線（80、81系統）
産業技術大学,阪神バス（株）,"尼崎市内線地域線40番, 尼崎市内線地域線41番, 尼崎市内線地域線41-2番, 尼崎市内線地域線43番"
坂越駅,赤穂市,市内循環バスゆらのすけ・高野ルート
坂越駅,（株）ウイング神姫,赤穂・上郡　小島線
室津西口,（株）ウイング神姫,"山崎　52, 山崎　54, 山崎　51"
大黒,（株）ウイング神姫,赤穂・上郡　小島線
県住北口,伊丹市,"36, 39, 41, 43, 60, 61, 62"
東おたふく山登山口,阪急バス（株）,芦屋有馬線（80、81系統）
住宅前,阪急バス（株）,西宮市内線（全系統）
野間東,伊丹市,"33, 34, 35"
衝原,神戸市,111系統（神戸市）
鰯浜,（株）ウイング神姫,"相生　50＿1．52．53, 相生　55．56"
室津,（株）ウイング神姫,"山崎　52, 山崎　54, 山崎　51"
坂越幼稚園前,赤穂市,市内循環バスゆらのすけ・高野ルート
坂越幼稚園前,（株）ウイング神姫,赤穂・上郡　小島線
石守団地口,神姫バス（株）,"加古川6, 加古川8"
小島,（株）ウイング神姫,赤穂・上郡　小島線
石守団地,神姫バス（株）,"加古川11, 加古川16, 加古川34"
赤穂化成前,（株）ウイング神姫,赤穂・上郡　小島線
時友（県道42号線）,阪神バス（株）,"杭瀬宝塚線, 尼崎宝塚線　宝塚行, 尼崎宝塚線　宝塚安倉団地行, 伊丹立花線, 宝塚甲子園線　阪神甲子園行, 宝塚甲子園線　阪神鳴尾浜球場前行"
上甲東園,阪急バス（株）,西宮市内線（全系統）
南野,伊丹市,"37, 38, 40"
時友（高架下）,阪神バス（株）,"尼崎市内線地域線40番, 尼崎市内線地域線43番, 尼崎市内線地域線43-2番"
木戸門,（株）ウイング神姫,赤穂・上郡　小島線
加古川駅北口,神姫バス（株）,"加古川6, 加古川7, 加古川8"
砂子,（株）ウイング神姫,赤穂・上郡　有年・上郡線
加古川西団地サンロイヤル,神姫バス（株）,加古川41
甲武橋東詰,阪急バス（株）,豊中西宮線（96、97系統）
緑が丘郵便局前,神姫バス（株）,明石・西神・須磨81＿1
緑が丘郵便局前,神姫ゾーンバス（株）,"押部谷（栄）〜富士見が丘〜緑が丘駅〜緑が丘中1丁目, 緑が丘駅〜関西国際大学〜防災公園前, 緑が丘駅〜緑が丘中1丁目〜ネスタリゾート神戸, 青山5丁目〜緑が丘駅〜志染駅, 青山5丁目〜緑が丘駅〜富士見が丘〜農業公園〜西神中央駅"
上新田北口,神姫バス（株）,"加古川2, 加古川15"
武庫荘総合高校,阪神バス（株）,"尼崎市内線地域線40番, 尼崎市内線地域線43番, 尼崎市内線地域線43-2番"
甲東園,阪急バス（株）,西宮市内線（全系統）
六甲山スノーパーク,六甲山観光（株）,六甲山上バス
武庫の里2丁目,阪神バス（株）,"尼崎市内線地域線40番, 尼崎市内線地域線41-2番, 尼崎市内線地域線43番, 尼崎市内線地域線43-2番"
坂越橋西詰,（株）ウイング神姫,赤穂・上郡　小島線
公民館前,神姫バス（株）,"加古川41, 加古川51, 加古川53, 加古川54"
山陽伊保駅,高砂市,じょうとんバス・曽根高砂ルート
緑が丘東1丁目南,神姫バス（株）,三木・小野・社50
県住南口,伊丹市,"36, 39, 41, 43, 60, 61, 62"
新田五軒家,赤穂市,市内循環バスゆらのすけ・東西ルート
中島,高砂市,じょうとんバス・米田西ルート
常松,阪神バス（株）,"尼崎市内線地域線40番, 尼崎市内線地域線43番, 尼崎市内線地域線43-2番"
常陽中学校,阪神バス（株）,"尼崎市内線地域線40番, 尼崎市内線地域線41番, 尼崎市内線地域線41-2番"
下高谷,（株）ウイング神姫,赤穂・上郡　小島線
山王町,阪神バス（株）,"鷲林寺線, 鷲林寺線　阪急夙川経由"
汐見,（株）ウイング神姫,赤穂・上郡　小島線
田能西,阪神バス（株）,尼崎市内線地域線20番
御願塚8丁目,伊丹市,39
谷寺口,神戸市,111系統（神戸市）
加古川駅,神姫バス（株）,"加古川11, 加古川13, 加古川15, 加古川16, 加古川21, 加古川41, 加古川51, 加古川53, 加古川54, かこバス・浜手ルート, かこバス・東加古川ルート, かこバス・別府ルート, かこバス・鳩里・尾上ルート"
砂子,赤穂市,"市内循環バスゆらのすけ・南北ルートA, 市内循環バスゆらのすけ・南北ルートB"
福地,神戸市,111系統（神戸市）
芦屋ハイランド,阪急バス（株）,芦屋有馬線（80、81系統）
上大市5丁目,阪急バス（株）,武庫川線（35、36系統）
猪名寺,阪神バス（株）,尼崎市内線地域線20番
ラスタホール前,伊丹市,"37, 40"
御願塚,伊丹市,36
野間西,阪神バス（株）,"尼崎市内線地域線40番, 尼崎市内線地域線43番, 尼崎市内線地域線43-2番"
南町,伊丹市,36
木村,神姫バス（株）,"加古川51, 加古川53, 加古川54"
田能,阪神バス（株）,尼崎市内線地域線20番
長沢,伊丹市,"36, 39, 43, 62"
稲野,阪急バス（株）,尼崎線（56、57系統）
小松原5丁目,高砂市,じょうとんバス・米田東ルート
ロープウェー山頂駅,六甲山観光（株）,六甲山上バス
加古川南高校前,神姫バス（株）,加古川41
佐々原,伊丹市,"36, 39, 43, 62"
花山東町,神姫バス（株）,"三田駅周辺14＿1, 神戸市中心部　有馬温泉（太閤橋）〜三宮駅前"
花山東町,阪急バス（株）,三宮有馬線（6系統）
新田西部児童遊園,赤穂市,市内循環バスゆらのすけ・東西ルート
五軒屋,（株）ウイング神姫,赤穂・上郡　湯の内・槙線
野間口,伊丹市,"33, 34, 35, 36, 39, 41, 43, 60, 61, 62"
坂越港,赤穂市,市内循環バスゆらのすけ・高野ルート
坂越港,（株）ウイング神姫,赤穂・上郡　小島線
稲野町8丁目,伊丹市,"36, 37, 38, 39, 40, 43, 62"
のじぎく特別支援学校前,神姫バス（株）,"明石・西神・須磨81＿1, 三木・小野・社50"
のじぎく特別支援学校前,神姫ゾーンバス（株）,"押部谷（栄）〜富士見が丘〜緑が丘駅〜緑が丘中1丁目, 青山5丁目〜緑が丘駅〜富士見が丘〜農業公園〜西神中央駅"
のじぎく特別支援学校前,神姫ゾーンバス（株）・神姫バス（株）,西神中央駅〜農業公園〜富士見が丘〜緑が丘駅
高砂市役所,高砂市,"じょうとんバス・米田西ルート, じょうとんバス・曽根高砂ルート"
山田小学校前,神戸市,111系統（神戸市）
緑が丘本町,神姫バス（株）,"明石・西神・須磨81＿1, 三木・小野・社50"
緑が丘本町,神姫ゾーンバス（株）,"押部谷（栄）〜富士見が丘〜緑が丘駅〜緑が丘中1丁目, 青山5丁目〜緑が丘駅〜富士見が丘〜農業公園〜西神中央駅"
緑が丘本町,神姫ゾーンバス（株）・神姫バス（株）,西神中央駅〜農業公園〜富士見が丘〜緑が丘駅
野間,伊丹市,"36, 39, 41, 43, 60, 61, 62"
上ヶ原,阪急バス（株）,西宮市内線（全系統）
砂子集会所,赤穂市,市内循環バスゆらのすけ・高野ルート
緑が丘駅,神姫バス（株）,"明石・西神・須磨81＿1, 三木・小野・社　（三木営業所）〜恵比須駅〜（自由が丘中公園）〜緑が丘駅〜神戸福産団地〜三宮〜（神戸空港）, 三木・小野・社　青山5丁目〜緑が丘駅〜三宮, 三木・小野・社50"
緑が丘駅,神姫ゾーンバス（株）,"押部谷（栄）〜富士見が丘〜緑が丘駅〜緑が丘中1丁目, 緑が丘駅〜関西国際大学〜防災公園前, 緑が丘駅〜緑が丘中1丁目〜ネスタリゾート神戸, 青山5丁目〜緑が丘駅〜志染駅, 青山5丁目〜緑が丘駅〜富士見が丘〜農業公園〜西神中央駅"
緑が丘駅,神姫ゾーンバス（株）・神姫バス（株）,西神中央駅〜農業公園〜富士見が丘〜緑が丘駅
高山,赤穂市,市内循環バスゆらのすけ・みどり団地ルート
蔵本,神戸市,"62系統（神戸市）, 111系統（神戸市）"
広野高原病院前,神姫バス（株）,"明石・西神・須磨81＿1, 三木・小野・社50"
広野高原病院前,神姫ゾーンバス（株）,"押部谷（栄）〜富士見が丘〜緑が丘駅〜緑が丘中1丁目, 青山5丁目〜緑が丘駅〜富士見が丘〜農業公園〜西神中央駅"
広野高原病院前,神姫ゾーンバス（株）・神姫バス（株）,西神中央駅〜農業公園〜富士見が丘〜緑が丘駅
加古川営業所,神姫バス（株）,加古川6
大滝口,神戸市,111系統（神戸市）
十五軒屋,（株）ウイング神姫,赤穂・上郡　湯の内・槙線
友沢北,神姫バス（株）,かこバス・鳩里・尾上ルート
雉が谷,阪急バス（株）,芦屋有馬線（80、81系統）
居村,（株）ウイング神姫,赤穂・上郡　湯の内・槙線
アスレチックパーク前,六甲山観光（株）,六甲山上バス
JR猪名寺,阪神バス（株）,尼崎市内線地域線20番
JR猪名寺,伊丹市,36
猪名寺西口,阪急バス（株）,尼崎線（56、57系統）
上谷上,神姫バス（株）,"三田駅周辺14＿1, 神戸市中心部　有馬温泉（太閤橋）〜三宮駅前"
上谷上,阪急バス（株）,三宮有馬線（6系統）
上ヶ原二番町,阪急バス（株）,西宮市内線（全系統）
西部診療所,赤穂市,市内循環バスゆらのすけ・東西ルート
商工会議所前,神姫バス（株）,"加古川11, 加古川13, 加古川15, 加古川16, 加古川21, かこバス・浜手ルート, かこバス・東加古川ルート, かこバス・別府ルート, かこバス・鳩里・尾上ルート"
上ヶ原六番町,阪急バス（株）,西宮市内線（全系統）
水足東口,神姫バス（株）,"加古川15, 加古川16"
甲武橋西詰,阪急バス（株）,"豊中西宮線（96、97系統）, 武庫川線（35、36系統）"
東下,神戸市,111系統（神戸市）
競馬場,阪神バス（株）,"尼崎市内線地域線20番, 尼崎市内線地域線21番, 尼崎市内線地域線21-2番, 尼崎市内線地域線22番, 尼崎市内線地域線22-2番"
野口保育園前,神姫バス（株）,"加古川15, 加古川16"
桜木,赤穂市,"市内循環バスゆらのすけ・南北ルートA, 市内循環バスゆらのすけ・南北ルートB"
桜木,（株）ウイング神姫,赤穂・上郡　有年・上郡線
柏堂町,西宮市,さくらやまなみバス（金仙寺系統・有馬系統）
柏堂町（北山緑化植物園前）,阪神バス（株）,"鷲林寺線, 鷲林寺線　阪急夙川経由"
柏堂町,阪急バス（株）,夙川台線（1、2、3、4、6、7系統）
田能口,阪神バス（株）,"尼崎市内線地域線20番, 尼崎市内線地域線21番, 尼崎市内線地域線21-2番, 尼崎市内線地域線22番, 尼崎市内線地域線22-2番"
加古川南口,神姫バス（株）,"加古川41, 加古川51, 加古川53, 加古川54"
甲武橋,阪急バス（株）,武庫川線（35、36系統）
小松原3丁目,高砂市,じょうとんバス・米田東ルート
丹生神社前,神戸市,111系統（神戸市）
坂本,神戸市,111系統（神戸市）
車塚（サンシティパレス塚口前）,伊丹市,"33, 34, 35, 41, 44, 60, 61"
六甲ガーデンテラス,六甲山観光（株）,六甲山上バス
富士見が丘5丁目,神姫バス（株）,明石・西神・須磨81＿1
富士見が丘5丁目,神姫ゾーンバス（株）,"押部谷（栄）〜富士見が丘〜緑が丘駅〜緑が丘中1丁目, 青山5丁目〜緑が丘駅〜富士見が丘〜農業公園〜西神中央駅"
富士見が丘5丁目,神姫ゾーンバス（株）・神姫バス（株）,西神中央駅〜農業公園〜富士見が丘〜緑が丘駅
福沢,神姫バス（株）,"加古川6, 加古川11, 加古川15, 加古川16, 加古川34"
七軒屋,（株）ウイング神姫,赤穂・上郡　湯の内・槙線
水足,神姫バス（株）,"加古川15, 加古川16"
みどり団地,赤穂市,市内循環バスゆらのすけ・みどり団地ルート
武庫東生涯学習プラザ前,阪神バス（株）,"尼崎市内線地域線40番, 尼崎市内線地域線43番, 尼崎市内線地域線43-2番"
高山植物園,六甲山観光（株）,六甲山上バス
目神山,阪神バス（株）,西宮山手線
五百蔵,神姫バス（株）,明石・西神・須磨12
新甲陽,阪神バス（株）,"西宮山手線, 鷲林寺線, 鷲林寺線　阪急夙川経由"
大師道,阪神バス（株）,西宮山手線
関西福祉大学,赤穂市,市内循環バスゆらのすけ・東西ルート
福留,神姫バス（株）,"加古川6, 加古川15"
月が丘3丁目,神姫ゾーンバス（株）,"押部谷（栄）〜（月が丘循環）〜押部谷（栄）, 西神中央駅〜桜が丘〜月が丘〜押部谷（栄）"
友沢南,神姫バス（株）,かこバス・鳩里・尾上ルート
友行西口,阪神バス（株）,"杭瀬宝塚線, 尼崎宝塚線　宝塚行, 尼崎宝塚線　宝塚安倉団地行, 伊丹立花線, 宝塚甲子園線　阪神甲子園行, 宝塚甲子園線　阪神鳴尾浜球場前行, 尼崎市内線地域線41-2番"
若宮町,高砂市,"じょうとんバス・米田西ルート, じょうとんバス・曽根高砂ルート"
総合庁舎前,神姫バス（株）,"加古川11, 加古川13, 加古川15, 加古川16"
日の峰5丁目,神戸市,62系統（神戸市）
七社前,神戸市,111系統（神戸市）
月が丘公園前,神姫ゾーンバス（株）,"押部谷（栄）〜（月が丘循環）〜押部谷（栄）, 西神中央駅〜桜が丘〜月が丘〜押部谷（栄）"
稲屋,神姫バス（株）,"加古川41, かこバス・鳩里・尾上ルート"
浜社宅,赤穂市,市内循環バスゆらのすけ・高野ルート
浜社宅,（株）ウイング神姫,赤穂・上郡　小島線
ミュージアム前,六甲山観光（株）,六甲山上バス
七軒屋,神姫バス（株）,"加古川15, 加古川16"
居村東,（株）ウイング神姫,赤穂・上郡　湯の内・槙線
広谷,神姫バス（株）,"三木・小野・社82, 津山・西脇・社　社（車庫前）〜三木〜明石駅"
加古学校前,神姫バス（株）,"加古川15, 加古川16"
青葉台口,神戸市,111系統（神戸市）
中一色,神姫バス（株）,"加古川15, 加古川16"
見谷山,神姫バス（株）,"加古川15, 加古川16"
見谷東口,神姫バス（株）,"加古川15, 加古川16"
近畿中央病院前,伊丹市,"33, 34, 35, 41, 44, 60, 61"
稲野,伊丹市,"37, 38, 40, 43, 62"
常吉,阪神バス（株）,"尼崎市内線地域線41番, 尼崎市内線地域線43-2番"
加古川簡易裁判所南,神姫バス（株）,"加古川41, 加古川51, 加古川53, 加古川54"
椎堂,阪神バス（株）,"尼崎市内線地域線21番, 尼崎市内線地域線21-2番, 尼崎市内線地域線22番, 尼崎市内線地域線22-2番"
富士見が丘4丁目,神姫バス（株）,明石・西神・須磨81＿1
富士見が丘4丁目,神姫ゾーンバス（株）,"押部谷（栄）〜富士見が丘〜緑が丘駅〜緑が丘中1丁目, 青山5丁目〜緑が丘駅〜富士見が丘〜農業公園〜西神中央駅"
富士見が丘4丁目,神姫ゾーンバス（株）・神姫バス（株）,西神中央駅〜農業公園〜富士見が丘〜緑が丘駅
谷上駅,神戸市,"62系統（神戸市）, 111系統（神戸市）"
谷上駅,神姫バス（株）,"三田駅周辺14＿1, 神戸市中心部　有馬温泉（太閤橋）〜三宮駅前"
谷上駅,阪急バス（株）,"三宮有馬線（6系統）, 西鈴神戸線（150、151、158系統）, 山の街線（12、16、30系統）"
平野,神姫バス（株）,"加古川11, 加古川13, 加古川15, 加古川16, かこバス・別府ルート"
月が丘5丁目,神姫ゾーンバス（株）,"押部谷（栄）〜（月が丘循環）〜押部谷（栄）, 西神中央駅〜桜が丘〜月が丘〜押部谷（栄）"
武庫営業所,阪神バス（株）,"尼崎市内線地域線43-2番, 尼崎市内線地域線45番, 尼崎市内線地域線46番, 尼崎市内線地域線47番, 尼崎市内線地域線47-2番, 尼崎市内線地域線AD1番"
塩屋幼稚園,赤穂市,市内循環バスゆらのすけ・東西ルート
北集会所前,赤穂市,市内循環バスゆらのすけ・みどり団地ルート
平野西,神姫バス（株）,"加古川21, かこバス・浜手ルート, かこバス・東加古川ルート, かこバス・鳩里・尾上ルート"
小橋,神戸市,111系統（神戸市）
小橋,神姫バス（株）,三木・小野・社　三宮〜淡河本町南〜みなぎ台〜吉川図書館前（夏ルート・冬ルート）
椎堂［20系統］,阪神バス（株）,尼崎市内線地域線20番
折方駐在所,赤穂市,市内循環バスゆらのすけ・東西ルート
野中・砂子公園,赤穂市,市内循環バスゆらのすけ・高野ルート
武庫東小学校,阪神バス（株）,"尼崎市内線地域線40番, 尼崎市内線地域線43番, 尼崎市内線地域線43-2番"
近畿中央病院,阪神バス（株）,"尼崎市内線地域線43番, 尼崎市内線地域線43-2番"
武庫東中学校,阪神バス（株）,"尼崎市内線地域線43番, 尼崎市内線地域線43-2番"
下谷上,神戸市,"62系統（神戸市）, 111系統（神戸市）"
下谷上,神姫バス（株）,"三田駅周辺14＿1, 神戸市中心部　有馬温泉（太閤橋）〜三宮駅前"
下谷上,阪急バス（株）,"三宮有馬線（6系統）, 西鈴神戸線（150、151、158系統）"
上ヶ原四番町,阪急バス（株）,西宮市内線（全系統）
塩屋西,（株）ウイング神姫,赤穂・上郡　湯の内・槙線
上新田,神姫バス（株）,"加古川2, 加古川15, 加古川16"
雄岡山口東,神姫バス（株）,明石・西神・須磨12
大島町,阪急バス（株）,西宮市内線（全系統）
つかしん前,阪急バス（株）,尼崎線（56、57系統）
上ヶ原南口,阪急バス（株）,西宮市内線（全系統）
卸団地,神姫バス（株）,"加古川15, 加古川16"
武庫西生涯学習プラザ前,阪神バス（株）,"杭瀬宝塚線, 尼崎宝塚線　宝塚行, 尼崎宝塚線　宝塚安倉団地行, 伊丹立花線, 宝塚甲子園線　阪神甲子園行, 宝塚甲子園線　阪神鳴尾浜球場前行, 尼崎市内線地域線41-2番"
関西福祉大学前,（株）ウイング神姫,赤穂・上郡　湯の内・槙線
黒崎,赤穂市,市内循環バスゆらのすけ・高野ルート
北町,伊丹市,"33, 34, 35, 41, 44, 60, 61"
阪急甲陽園駅前,阪神バス（株）,西宮山手線
月が丘4丁目,神姫ゾーンバス（株）,"押部谷（栄）〜（月が丘循環）〜押部谷（栄）, 西神中央駅〜桜が丘〜月が丘〜押部谷（栄）"
芦屋ゲート,阪急バス（株）,芦屋有馬線（80、81系統）
武庫豊町,阪神バス（株）,"尼崎市内線地域線43-2番, 尼崎市内線地域線45番, 尼崎市内線地域線46番, 尼崎市内線地域線47番, 尼崎市内線地域線47-2番, 尼崎市内線地域線AD1番"
木村南,神姫バス（株）,"加古川41, かこバス・鳩里・尾上ルート"
箕谷,神戸市,"62系統（神戸市）, 64系統（神戸市）, 111系統（神戸市）"
箕谷,神姫バス（株）,神戸市中心部　有馬温泉（太閤橋）〜三宮駅前
箕谷,阪急バス（株）,"三宮有馬線（6系統）, 西鈴神戸線（150、151、158系統）"
月が丘6丁目,神姫ゾーンバス（株）,"押部谷（栄）〜（月が丘循環）〜押部谷（栄）, 西神中央駅〜桜が丘〜月が丘〜押部谷（栄）"
美穂が丘5丁目,神姫バス（株）,"明石・西神・須磨70・73＿1, 明石・西神・須磨74, 明石・西神・須磨76＿2"
美穂が丘5丁目,神姫ゾーンバス（株）,西神中央駅〜桜が丘〜月が丘〜押部谷（栄）
美穂が丘5丁目,神姫ゾーンバス（株）・神姫バス（株）,"西神中央駅〜工業会館〜月が丘〜押部谷（栄）, 西神中央駅〜食品団地〜月が丘〜押部谷（栄）, 西神中央駅〜農業公園〜月が丘〜押部谷（栄）, 西神中央駅〜養田〜月が丘〜押部谷（栄）"
越木岩神社北,西宮市,さくらやまなみバス（金仙寺系統・有馬系統）
越木岩神社北,阪神バス（株）,"鷲林寺線, 鷲林寺線　阪急夙川経由"
越木岩神社北,阪急バス（株）,夙川台線（1、2、3、4、6、7系統）
粟津,神姫バス（株）,"加古川41, 加古川51, 加古川53, 加古川54"
下長田橋,赤穂市,"市内循環バスゆらのすけ・南北ルートA, 市内循環バスゆらのすけ・南北ルートB"
下長田橋,（株）ウイング神姫,赤穂・上郡　有年・上郡線
雄岡山口西,神姫バス（株）,明石・西神・須磨12
母里,神姫バス（株）,加古川3
高砂警察署,高砂市,"じょうとんバス・米田西ルート, じょうとんバス・米田東ルート, じょうとんバス・曽根高砂ルート"
日の峰4丁目,神戸市,62系統（神戸市）
塩屋東,（株）ウイング神姫,赤穂・上郡　湯の内・槙線
神園町,西宮市,さくらやまなみバス（金仙寺系統・有馬系統）
神園町,阪神バス（株）,"鷲林寺線, 鷲林寺線　阪急夙川経由"
神園町,阪急バス（株）,夙川台線（1、2、3、4、6、7系統）
富松町3丁目,阪神バス（株）,"尼崎市内線地域線43番, 尼崎市内線地域線43-2番"
富士見が丘1丁目,神姫バス（株）,明石・西神・須磨81＿1
富士見が丘1丁目,神姫ゾーンバス（株）,"押部谷（栄）〜富士見が丘〜緑が丘駅〜緑が丘中1丁目, 青山5丁目〜緑が丘駅〜富士見が丘〜農業公園〜西神中央駅"
富士見が丘1丁目,神姫ゾーンバス（株）・神姫バス（株）,西神中央駅〜農業公園〜富士見が丘〜緑が丘駅
月が丘小学校前,神姫バス（株）,"明石・西神・須磨70・73＿1, 明石・西神・須磨74, 明石・西神・須磨76＿2"
月が丘小学校前,神姫ゾーンバス（株）,"押部谷（栄）〜（月が丘循環）〜押部谷（栄）, 西神中央駅〜桜が丘〜月が丘〜押部谷（栄）"
月が丘小学校前,神姫ゾーンバス（株）・神姫バス（株）,"西神中央駅〜工業会館〜月が丘〜押部谷（栄）, 西神中央駅〜食品団地〜月が丘〜押部谷（栄）, 西神中央駅〜農業公園〜月が丘〜押部谷（栄）, 西神中央駅〜養田〜月が丘〜押部谷（栄）"
松が枝町2丁目,神戸市,"62系統（神戸市）, 64系統（神戸市）"
山西,神姫バス（株）,"三木・小野・社82, 津山・西脇・社　社（車庫前）〜三木〜明石駅"
尼崎北小学校前,伊丹市,"33, 34, 35, 41, 44, 60, 61"
新甲陽口,阪神バス（株）,"西宮山手線, 鷲林寺線, 鷲林寺線　阪急夙川経由"
月が丘2丁目,神姫ゾーンバス（株）,"押部谷（栄）〜（月が丘循環）〜押部谷（栄）, 西神中央駅〜桜が丘〜月が丘〜押部谷（栄）"
園田東・西生涯学習プラザ前,阪神バス（株）,"尼崎市内線地域線21番, 尼崎市内線地域線21-2番, 尼崎市内線地域線22番, 尼崎市内線地域線22-2番"
塚口小学校前,伊丹市,"37, 38, 40, 43, 62"
磯浜町,赤穂市,市内循環バスゆらのすけ・東西ルート
水源地,赤穂市,"市内循環バスゆらのすけ・南北ルートA, 市内循環バスゆらのすけ・南北ルートB"
水源地,（株）ウイング神姫,赤穂・上郡　有年・上郡線
さくら公園前,赤穂市,市内循環バスゆらのすけ・みどり団地ルート
樋ノ口町,阪急バス（株）,武庫川線（35、36系統）
坂元北,神姫バス（株）,"加古川15, 加古川16"
石ヶ崎橋,赤穂市,市内循環バスゆらのすけ・東西ルート
東園田3丁目［20系統］,阪神バス（株）,尼崎市内線地域線20番
北備後,神姫バス（株）,かこバス・浜手ルート
南野中,赤穂市,市内循環バスゆらのすけ・高野ルート
東園田3丁目,阪神バス（株）,"尼崎市内線地域線21番, 尼崎市内線地域線21-2番, 尼崎市内線地域線22番, 尼崎市内線地域線22-2番"
月が丘1丁目,神姫ゾーンバス（株）,"押部谷（栄）〜（月が丘循環）〜押部谷（栄）, 西神中央駅〜桜が丘〜月が丘〜押部谷（栄）"
平野東,神姫バス（株）,かこバス・別府ルート
県住前,神姫バス（株）,"加古川2, 加古川16"
折方,（株）ウイング神姫,赤穂・上郡　湯の内・槙線
加茂神社前,神姫バス（株）,"かこバス・浜手ルート, かこバス・鳩里・尾上ルート"
樋ノ口小学校前,阪急バス（株）,西宮市内線（全系統）
金棒池,神姫バス（株）,明石・西神・須磨12
稲屋中央,神姫バス（株）,かこバス・鳩里・尾上ルート
日の峰西,神戸市,62系統（神戸市）
武庫小学校,阪神バス（株）,"尼崎市内線地域線41番, 尼崎市内線地域線43-2番"
美穂が丘1丁目,神姫バス（株）,"明石・西神・須磨70・73＿1, 明石・西神・須磨74, 明石・西神・須磨76＿2"
美穂が丘1丁目,神姫ゾーンバス（株）,西神中央駅〜桜が丘〜月が丘〜押部谷（栄）
美穂が丘1丁目,神姫ゾーンバス（株）・神姫バス（株）,"西神中央駅〜工業会館〜月が丘〜押部谷（栄）, 西神中央駅〜食品団地〜月が丘〜押部谷（栄）, 西神中央駅〜農業公園〜月が丘〜押部谷（栄）, 西神中央駅〜養田〜月が丘〜押部谷（栄）"
営農センター前,赤穂市,市内循環バスゆらのすけ・みどり団地ルート
野谷,神姫バス（株）,加古川3
塚口町6丁目,伊丹市,"33, 34, 35, 41, 44, 60, 61"
神戸女学院西門前,阪急バス（株）,西宮市内線（全系統）
甲陽園若江町,阪神バス（株）,西宮山手線
松が枝町,神戸市,"62系統（神戸市）, 64系統（神戸市）"
松が枝町,神姫バス（株）,三田駅周辺14＿1
松が枝町,阪急バス（株）,西鈴神戸線（150、151、158系統）
市役所前,神姫バス（株）,"加古川21, かこバス・浜手ルート, かこバス・東加古川ルート, かこバス・鳩里・尾上ルート"
尼崎御園郵便局前,阪神バス（株）,"尼崎市内線地域線21番, 尼崎市内線地域線21-2番, 尼崎市内線地域線22番, 尼崎市内線地域線22-2番"
日の峰3丁目,神戸市,64系統（神戸市）
塚口小学校,阪神バス（株）,"尼崎市内線地域線30番, 尼崎市内線地域線31番"
武庫の郷,阪神バス（株）,"杭瀬宝塚線, 尼崎宝塚線　宝塚行, 尼崎宝塚線　宝塚安倉団地行, 伊丹立花線, 宝塚甲子園線　阪神甲子園行, 宝塚甲子園線　阪神鳴尾浜球場前行, 尼崎市内線地域線41番, 尼崎市内線地域線41-2番, 尼崎市内線地域線45番"
西武庫公園,阪神バス（株）,"尼崎市内線地域線43-2番, 尼崎市内線地域線45番, 尼崎市内線地域線46番, 尼崎市内線地域線47番, 尼崎市内線地域線47-2番, 尼崎市内線地域線AD1番"
武庫元町,阪神バス（株）,尼崎市内線地域線45番
西宮中央病院前,阪急バス（株）,"豊中西宮線（96、97系統）, 西宮市内線（全系統）"
主婦の店,赤穂市,市内循環バスゆらのすけ・東西ルート
北野新田,神姫バス（株）,"加古川11, 加古川34"
箕谷駅前,神戸市,"62系統（神戸市）, 64系統（神戸市）, 111系統（神戸市）"
すこやかセンター,赤穂市,市内循環バスゆらのすけ・高野ルート
富松城跡,阪神バス（株）,"伊丹立花線, 尼崎市内線地域線43番, 尼崎市内線地域線43-2番, 尼崎市内線地域線48番, 尼崎市内線地域線48-2番"
高砂市民病院,高砂市,"じょうとんバス・米田西ルート, じょうとんバス・米田東ルート, じょうとんバス・曽根高砂ルート"
人権文化センター前,神姫バス（株）,かこバス・浜手ルート
苦楽園,阪急バス（株）,"芦屋市内線（全系統）, 夙川台線（1、2、3、4、6、7系統）"
坂元西口,神姫バス（株）,"加古川11, 加古川13, 加古川15, 加古川16"
尼崎北小学校,阪神バス（株）,"尼崎市内線地域線30番, 尼崎市内線地域線31番, 尼崎市内線地域線48番, 尼崎市内線地域線48-2番"
駅東,赤穂市,"市内循環バスゆらのすけ・南北ルートA, 市内循環バスゆらのすけ・南北ルートB"
駅東,（株）ウイング神姫,赤穂・上郡　有年・上郡線
山陽荒井駅,高砂市,"じょうとんバス・米田西ルート, じょうとんバス・米田東ルート, じょうとんバス・曽根高砂ルート"
塚口本町,阪急バス（株）,尼崎線（56、57系統）
北在家西口,神姫バス（株）,"かこバス・浜手ルート, かこバス・鳩里・尾上ルート"
一ヶ谷町,阪急バス（株）,西宮市内線（全系統）
門前町,阪急バス（株）,西宮市内線（全系統）
武庫之荘4丁目,阪神バス（株）,"尼崎市内線地域線40番, 尼崎市内線地域線41番, 尼崎市内線地域線41-2番, 尼崎市内線地域線45番"
赤穂駅北,赤穂市,市内循環バスゆらのすけ・みどり団地ルート
愛宕山,阪急バス（株）,西宮市内線（全系統）
記念碑台,六甲山観光（株）,六甲山上バス
記念碑台,阪急バス（株）・六甲山観光（株）,六甲摩耶スカイシャトルバス
イオン赤穂店,赤穂市,"市内循環バスゆらのすけ・南北ルートA, 市内循環バスゆらのすけ・南北ルートB, 市内循環バスゆらのすけ・東西ルート, 市内循環バスゆらのすけ・高野ルート, 市内循環バスゆらのすけ・みどり団地ルート"
塩屋,（株）ウイング神姫,赤穂・上郡　湯の内・槙線
日の峰2丁目,神戸市,64系統（神戸市）
東園田4丁目,阪神バス（株）,"尼崎市内線地域線20番, 尼崎市内線地域線21番, 尼崎市内線地域線21-2番, 尼崎市内線地域線22番, 尼崎市内線地域線22-2番"
押部谷駅前,神姫バス（株）,"明石・西神・須磨70・73＿1, 明石・西神・須磨74, 三木・小野・社　（三木営業所）〜恵比須駅〜（自由が丘中公園）〜緑が丘駅〜神戸福産団地〜三宮〜（神戸空港）, 三木・小野・社　青山5丁目〜緑が丘駅〜三宮, 三木・小野・社　三宮〜神戸福産団地〜押部谷駅前〜三木営業所〜社, 明石・西神・須磨76＿2"
押部谷駅前,神姫ゾーンバス（株）,押部谷（栄）〜富士見が丘〜緑が丘駅〜緑が丘中1丁目
押部谷駅前,神姫ゾーンバス（株）・神姫バス（株）,"西神中央駅〜工業会館〜押部谷（栄）, 西神中央駅〜工業会館〜月が丘〜押部谷（栄）, 西神中央駅〜食品団地〜月が丘〜押部谷（栄）, 西神中央駅〜農業公園〜月が丘〜押部谷（栄）, 西神中央駅〜養田〜月が丘〜押部谷（栄）"
水道局前,神姫バス（株）,かこバス・別府ルート
武庫庄,阪神バス（株）,"伊丹立花線, 尼崎市内線地域線48番, 尼崎市内線地域線48-2番"
赤穂警察前,（株）ウイング神姫,"赤穂・上郡　御崎線, 赤穂・上郡　小島線, 赤穂・上郡　千鳥線"
苦楽園一番町,阪急バス（株）,"芦屋市内線（全系統）, 夙川台線（1、2、3、4、6、7系統）"
播州赤穂駅,赤穂市,"市内循環バスゆらのすけ・南北ルートA, 市内循環バスゆらのすけ・南北ルートB, 市内循環バスゆらのすけ・東西ルート, 市内循環バスゆらのすけ・高野ルート"
播州赤穂駅,（株）ウイング神姫,"赤穂・上郡　御崎線, 赤穂・上郡　小島線, 赤穂・上郡　湯の内・槙線, 赤穂・上郡　千鳥線, 赤穂・上郡　有年・上郡線"
六甲山サイレンスリゾート前,阪急バス（株）・六甲山観光（株）,六甲摩耶スカイシャトルバス
大泊,赤穂市,市内循環バスゆらのすけ・高野ルート
大泊,（株）ウイング神姫,赤穂・上郡　小島線
新町,（株）ウイング神姫,"赤穂・上郡　湯の内・槙線, 赤穂・上郡　千鳥線"
押部谷中学校前,神姫バス（株）,"明石・西神・須磨70・73＿1, 明石・西神・須磨74, 明石・西神・須磨76＿2"
押部谷中学校前,神姫ゾーンバス（株）,"押部谷（栄）〜富士見が丘〜緑が丘駅〜緑が丘中1丁目, 西神中央駅〜桜が丘〜月が丘〜押部谷（栄）"
押部谷中学校前,神姫ゾーンバス（株）・神姫バス（株）,"西神中央駅〜工業会館〜押部谷（栄）, 西神中央駅〜工業会館〜月が丘〜押部谷（栄）, 西神中央駅〜食品団地〜月が丘〜押部谷（栄）, 西神中央駅〜農業公園〜月が丘〜押部谷（栄）, 西神中央駅〜養田〜月が丘〜押部谷（栄）"
稲屋南,神姫バス（株）,かこバス・鳩里・尾上ルート
北在家口,神姫バス（株）,"かこバス・浜手ルート, かこバス・鳩里・尾上ルート"
イオン赤穂店前,（株）ウイング神姫,"赤穂・上郡　御崎線, 赤穂・上郡　小島線, 赤穂・上郡　千鳥線"
板屋町,赤穂市,市内循環バスゆらのすけ・東西ルート
門前町南,阪急バス（株）,西宮市内線（全系統）
日の峰1丁目,神戸市,"62系統（神戸市）, 64系統（神戸市）"
日の峰1丁目,阪急バス（株）,西鈴神戸線（150、151、158系統）
立花北生涯学習プラザ前,阪神バス（株）,"尼崎市内線地域線30番, 尼崎市内線地域線31番"
雌岡山口,神姫バス（株）,明石・西神・須磨12
押部谷（栄）,神姫バス（株）,"明石・西神・須磨70・73＿1, 明石・西神・須磨74, 明石・西神・須磨　快速38, 明石・西神・須磨20＿2, 明石・西神・須磨76＿2"
押部谷（栄）,神姫ゾーンバス（株）・神姫バス（株）,"西神中央駅〜桜が丘〜押部谷（栄）, 西神中央駅〜工業会館〜押部谷（栄）, 西神中央駅〜工業会館〜月が丘〜押部谷（栄）, 西神中央駅〜食品団地〜月が丘〜押部谷（栄）, 西神中央駅〜農業公園〜月が丘〜押部谷（栄）, 西神中央駅〜養田〜月が丘〜押部谷（栄）"
押部谷［栄］,神姫ゾーンバス（株）,"押部谷（栄）〜富士見が丘〜緑が丘駅〜緑が丘中1丁目, 押部谷（栄）〜（桜が丘循環）〜押部谷（栄）, 押部谷（栄）〜（月が丘循環）〜押部谷（栄）, 西神中央駅〜桜が丘〜月が丘〜押部谷（栄）"
南備後,神姫バス（株）,かこバス・浜手ルート
赤穂市役所前,（株）ウイング神姫,"赤穂・上郡　湯の内・槙線, 赤穂・上郡　千鳥線"
塚口町5丁目,伊丹市,"33, 34, 35, 41, 44, 60, 61"
獅子ヶ口北,阪神バス（株）,"鷲林寺線, 鷲林寺線　阪急夙川経由"
六軒,阪神バス（株）,"西宮山手線, 鷲林寺線, 鷲林寺線　阪急夙川経由"
東園田,阪神バス（株）,尼崎市内線地域線20番
栄駅西,神姫バス（株）,"明石・西神・須磨70・73＿1, 明石・西神・須磨74, 明石・西神・須磨76＿2"
栄駅西,神姫ゾーンバス（株）,"押部谷（栄）〜（月が丘循環）〜押部谷（栄）, 西神中央駅〜桜が丘〜月が丘〜押部谷（栄）"
栄駅西,神姫ゾーンバス（株）・神姫バス（株）,"西神中央駅〜工業会館〜月が丘〜押部谷（栄）, 西神中央駅〜食品団地〜月が丘〜押部谷（栄）, 西神中央駅〜農業公園〜月が丘〜押部谷（栄）, 西神中央駅〜養田〜月が丘〜押部谷（栄）"
獅子ヶ口,西宮市,さくらやまなみバス（金仙寺系統・有馬系統）
獅子ヶ口,阪急バス（株）,夙川台線（1、2、3、4、6、7系統）
赤穂市役所,赤穂市,"市内循環バスゆらのすけ・南北ルートA, 市内循環バスゆらのすけ・南北ルートB, 市内循環バスゆらのすけ・東西ルート, 市内循環バスゆらのすけ・高野ルート"
西盛,神姫バス（株）,"明石・西神・須磨70・73＿1, 明石・西神・須磨74, 明石・西神・須磨81＿1, 明石・西神・須磨76＿2"
西盛,神姫ゾーンバス（株）,青山5丁目〜緑が丘駅〜富士見が丘〜農業公園〜西神中央駅
西盛,神姫ゾーンバス（株）・神姫バス（株）,"西神中央駅〜工業会館〜押部谷（栄）, 西神中央駅〜工業会館〜月が丘〜押部谷（栄）, 西神中央駅〜食品団地〜月が丘〜押部谷（栄）, 西神中央駅〜農業公園〜月が丘〜押部谷（栄）, 西神中央駅〜養田〜月が丘〜押部谷（栄）, 西神中央駅〜農業公園〜富士見が丘〜緑が丘駅"
日の峰2丁目,阪急バス（株）,西鈴神戸線（150、151、158系統）
国岡裏,神姫バス（株）,"加古川2, 加古川16"
塚口町1丁目,伊丹市,"33, 34, 35, 37, 38, 40, 41, 43, 44, 60, 61, 62"
尼崎北高校前,伊丹市,"33, 34, 35, 41, 44, 60, 61"
松風ギャラリー前,神姫バス（株）,かこバス・別府ルート
坂元,神姫バス（株）,"加古川11, 加古川13"
御園団地,阪神バス（株）,"尼崎市内線地域線21番, 尼崎市内線地域線21-2番, 尼崎市内線地域線22番, 尼崎市内線地域線22-2番"
武庫之荘3丁目,阪神バス（株）,"伊丹立花線, 尼崎市内線地域線46番"
桂木3丁目,神戸市,"62系統（神戸市）, 64系統（神戸市）"
アース製薬前,赤穂市,市内循環バスゆらのすけ・高野ルート
アース製薬前,（株）ウイング神姫,赤穂・上郡　小島線
栄駅前,神姫バス（株）,"明石・西神・須磨　快速38, 三木・小野・社　（三木営業所）〜恵比須駅〜（自由が丘中公園）〜緑が丘駅〜神戸福産団地〜三宮〜（神戸空港）, 三木・小野・社　青山5丁目〜緑が丘駅〜三宮, 三木・小野・社　三宮〜神戸福産団地〜押部谷駅前〜三木営業所〜社, 明石・西神・須磨20＿2"
栄駅前,神姫ゾーンバス（株）,"押部谷（栄）〜（桜が丘循環）〜押部谷（栄）, 西神中央駅〜桜が丘〜月が丘〜押部谷（栄）"
栄駅前,神姫ゾーンバス（株）・神姫バス（株）,西神中央駅〜桜が丘〜押部谷（栄）
神出中学校前,神姫バス（株）,明石・西神・須磨12
瓦木中学校前,阪急バス（株）,西宮市内線（全系統）
武庫之荘1丁目,阪神バス（株）,"伊丹立花線, 尼崎市内線地域線40番, 尼崎市内線地域線41番, 尼崎市内線地域線41-2番, 尼崎市内線地域線45番, 尼崎市内線地域線48番, 尼崎市内線地域線48-2番"
浜田町,高砂市,"じょうとんバス・米田西ルート, じょうとんバス・米田東ルート, じょうとんバス・曽根高砂ルート"
北在家東口,神姫バス（株）,"加古川21, かこバス・東加古川ルート"
塚口,伊丹市,"33, 34, 35, 37, 38, 40, 41, 43, 44, 60, 61, 62"
富松町1丁目,阪神バス（株）,"伊丹立花線, 尼崎市内線地域線43番, 尼崎市内線地域線43-2番"
武庫町2丁目,阪神バス（株）,"尼崎市内線地域線46番, 尼崎市内線地域線47番, 尼崎市内線地域線47-2番, 尼崎市内線地域線AD1番"
国岡5丁目,神姫バス（株）,加古川2
獅子ヶ口,阪神バス（株）,"西宮山手線, 鷲林寺線"
武庫荘駅西口,阪神バス（株）,"杭瀬宝塚線, 尼崎宝塚線　宝塚行, 尼崎宝塚線　宝塚安倉団地行, 宝塚甲子園線　阪神甲子園行, 宝塚甲子園線　阪神鳴尾浜球場前行, 尼崎市内線地域線46番"
大社町,阪神バス（株）,"西宮山手線, 鷲林寺線, 鷲林寺線　阪急夙川経由"
大社町,阪急バス（株）,西宮市内線（全系統）
苦楽園麓,阪急バス（株）,"芦屋市内線（全系統）, 夙川台線（1、2、3、4、6、7系統）"
苦楽園五番町,阪急バス（株）,"芦屋市内線（全系統）, 夙川台線（1、2、3、4、6、7系統）"
養田北,神姫バス（株）,かこバス・鳩里・尾上ルート
押部谷連絡所前,神姫ゾーンバス（株）・神姫バス（株）,"西神中央駅〜工業会館〜押部谷（栄）, 西神中央駅〜工業会館〜月が丘〜押部谷（栄）, 西神中央駅〜食品団地〜月が丘〜押部谷（栄）, 西神中央駅〜農業公園〜月が丘〜押部谷（栄）, 西神中央駅〜養田〜月が丘〜押部谷（栄）, 西神中央駅〜農業公園〜富士見が丘〜緑が丘駅"
母里農協前,神姫バス（株）,加古川3
国道天和,赤穂市,市内循環バスゆらのすけ・東西ルート
押部谷連絡所前,神姫ゾーンバス（株）,青山5丁目〜緑が丘駅〜富士見が丘〜農業公園〜西神中央駅
押部谷出張所前,神姫バス（株）,"明石・西神・須磨70・73＿1, 明石・西神・須磨74, 明石・西神・須磨81＿1, 明石・西神・須磨76＿2"
新田,阪急バス（株）,武庫川線（35、36系統）
加里屋,（株）ウイング神姫,"赤穂・上郡　御崎線, 赤穂・上郡　湯の内・槙線, 赤穂・上郡　千鳥線, 赤穂・上郡　有年・上郡線"
北夙川小学校前,阪神バス（株）,鷲林寺線　阪急夙川経由
西武庫,阪神バス（株）,"尼崎市内線地域線46番, 尼崎市内線地域線47番, 尼崎市内線地域線47-2番, 尼崎市内線地域線AD1番"
県農前,神姫バス（株）,"加古川11, 加古川34"
三樋町,赤穂市,市内循環バスゆらのすけ・東西ルート
東富松,阪神バス（株）,"尼崎市内線地域線30番, 尼崎市内線地域線31番, 尼崎市内線地域線48番, 尼崎市内線地域線48-2番"
丁字ヶ辻,阪急バス（株）・六甲山観光（株）,六甲摩耶スカイシャトルバス
北夙川小学校前,阪急バス（株）,夙川台線（1、2、3、4、6、7系統）
阪急園田［北］,阪神バス（株）,"尼崎市内線地域線20番, 尼崎市内線地域線23番"
老ノ口,神姫バス（株）,"明石・西神・須磨12, 三木・小野・社82, 津山・西脇・社　社（車庫前）〜三木〜明石駅"
鷺谷公園前,阪急バス（株）,"西鈴神戸線（150、151、158系統）, 泉台線（19、20系統）, 山の街線（12、16、30系統）"
阪急園田駅,阪急バス（株）,"阪北線（11系統）, 吹田線（24、86、87系統）"
安田北,神姫バス（株）,かこバス・別府ルート
市民会館,赤穂市,"市内循環バスゆらのすけ・南北ルートA, 市内循環バスゆらのすけ・南北ルートB, 市内循環バスゆらのすけ・東西ルート, 市内循環バスゆらのすけ・高野ルート, 市内循環バスゆらのすけ・みどり団地ルート"
城西小学校,赤穂市,市内循環バスゆらのすけ・東西ルート
高座町,阪急バス（株）,西宮市内線（全系統）
ハーモニーホール,赤穂市,"市内循環バスゆらのすけ・南北ルートA, 市内循環バスゆらのすけ・南北ルートB, 市内循環バスゆらのすけ・東西ルート, 市内循環バスゆらのすけ・高野ルート, 市内循環バスゆらのすけ・みどり団地ルート"
上之町,阪急バス（株）,西宮市内線（全系統）
小倉台4丁目,阪急バス（株）,"西鈴神戸線（150、151、158系統）, 泉台線（19、20系統）, 山の街線（12、16、30系統）"
日出橋,阪急バス（株）,"芦屋市内線（全系統）, 夙川台線（1、2、3、4、6、7系統）"
広田神社前,阪神バス（株）,"西宮山手線, 鷲林寺線, 鷲林寺線　阪急夙川経由"
広田神社前,阪急バス（株）,西宮市内線（全系統）
六甲ケーブル山上駅,六甲山観光（株）,六甲山上バス
六甲ケーブル山上駅,阪急バス（株）・六甲山観光（株）,六甲摩耶スカイシャトルバス
樋之池公園前,阪急バス（株）,"芦屋市内線（全系統）, 夙川台線（1、2、3、4、6、7系統）"
山陽高砂駅,高砂市,"じょうとんバス・米田西ルート, じょうとんバス・米田東ルート, じょうとんバス・高砂循環ルート, じょうとんバス・曽根高砂ルート"
阪急園田［南］,尼崎交通事業振興（株）・阪神バス（株）,尼崎市内線幹線11番
阪急園田［南］,阪神バス（株）,"尼崎市内線地域線21番, 尼崎市内線地域線21-2番, 尼崎市内線地域線22番, 尼崎市内線地域線22-2番, 尼崎市内線地域線23番, 尼崎市内線地域線24番, 尼崎市内線地域線AD3番"
桜が丘福祉センター前,神姫ゾーンバス（株）,"押部谷（栄）〜（桜が丘循環）〜押部谷（栄）, 西神中央駅〜桜が丘〜月が丘〜押部谷（栄）"
桜が丘福祉センター前,神姫ゾーンバス（株）・神姫バス（株）,西神中央駅〜桜が丘〜押部谷（栄）
桜が丘福祉センター前,神姫バス（株）,明石・西神・須磨20＿2
天和荒神社,赤穂市,市内循環バスゆらのすけ・東西ルート
名次神社前,阪神バス（株）,"西宮山手線, 鷲林寺線"
六甲山牧場,阪急バス（株）・六甲山観光（株）,六甲摩耶スカイシャトルバス
満池谷,阪神バス（株）,"西宮山手線, 鷲林寺線"
花岳寺通,赤穂市,"市内循環バスゆらのすけ・南北ルートA, 市内循環バスゆらのすけ・南北ルートB, 市内循環バスゆらのすけ・東西ルート, 市内循環バスゆらのすけ・高野ルート"
花岳寺通,（株）ウイング神姫,赤穂・上郡　御崎線
東園田6丁目,阪神バス（株）,尼崎市内線地域線20番
阪急武庫之荘［北］,阪神バス（株）,"伊丹立花線, 尼崎市内線地域線40番, 尼崎市内線地域線41番, 尼崎市内線地域線41-2番, 尼崎市内線地域線45番, 尼崎市内線地域線46番, 尼崎市内線地域線48番, 尼崎市内線地域線48-2番"
城西小学校前,（株）ウイング神姫,赤穂・上郡　千鳥線
鳥撫,（株）ウイング神姫,赤穂・上郡　湯の内・槙線
良野南口,神姫バス（株）,かこバス・東加古川ルート
広陵町4丁目,阪急バス（株）,"西鈴神戸線（150、151、158系統）, 泉台線（19、20系統）, 山の街線（12、16、30系統）"
旭西,神姫バス（株）,"かこバス・浜手ルート, かこバス・鳩里・尾上ルート"
野口,神姫バス（株）,"加古川11, 加古川13"
阪急塚口,阪神バス（株）,"尼崎市内線幹線12番, 尼崎市内線幹線14番, 尼崎市内線地域線21番, 尼崎市内線地域線21-2番, 尼崎市内線地域線30番, 尼崎市内線地域線31番, 尼崎市内線地域線58番, 尼崎市内線地域線AD2番"
阪急塚口,尼崎交通事業振興（株）・阪神バス（株）,尼崎市内線幹線13番・13-2番
阪急塚口,阪急バス（株）,尼崎線（56、57系統）
尼崎北警察署,阪神バス（株）,"尼崎市内線幹線12番, 尼崎市内線地域線21番, 尼崎市内線地域線21-2番, 尼崎市内線地域線58番"
尼崎北警察署,阪急バス（株）,尼崎線（56、57系統）
JR塚口,阪神バス（株）,"尼崎市内線幹線12番, 尼崎市内線地域線21番, 尼崎市内線地域線21-2番"
長砂西口,神姫バス（株）,かこバス・東加古川ルート
阪急武庫之荘［南］,阪神バス（株）,"尼崎市内線幹線15番, 尼崎市内線地域線43番, 尼崎市内線地域線43-2番, 尼崎市内線地域線47番, 尼崎市内線地域線47-2番, 尼崎市内線地域線49番, 尼崎市内線地域線55番, 尼崎市内線地域線AD1番"
鶴林寺,神姫バス（株）,かこバス・別府ルート
南武庫之荘2丁目,阪神バス（株）,"尼崎市内線地域線43番, 尼崎市内線地域線43-2番, 尼崎市内線地域線47番, 尼崎市内線地域線47-2番, 尼崎市内線地域線AD1番"
苦楽園口東,阪神バス（株）,"西宮山手線, 鷲林寺線"
赤穂営業所前,赤穂市,"市内循環バスゆらのすけ・南北ルートA, 市内循環バスゆらのすけ・南北ルートB, 市内循環バスゆらのすけ・東西ルート, 市内循環バスゆらのすけ・みどり団地ルート"
赤穂営業所,（株）ウイング神姫,"赤穂・上郡　御崎線, 赤穂・上郡　小島線, 赤穂・上郡　湯の内・槙線, 赤穂・上郡　千鳥線, 赤穂・上郡　有年・上郡線"
能登町,阪急バス（株）,西宮市内線（全系統）
菊谷町,阪急バス（株）,"芦屋市内線（全系統）, 夙川台線（1、2、3、4、6、7系統）"
良野東口,神姫バス（株）,かこバス・東加古川ルート
高木東町,阪急バス（株）,"豊中西宮線（96、97系統）, 西宮市内線（全系統）"
上細田,神姫バス（株）,"明石・西神・須磨70・73＿1, 明石・西神・須磨74, 明石・西神・須磨81＿1, 明石・西神・須磨76＿2"
上細田,神姫ゾーンバス（株）,青山5丁目〜緑が丘駅〜富士見が丘〜農業公園〜西神中央駅
上細田,神姫ゾーンバス（株）・神姫バス（株）,"西神中央駅〜工業会館〜押部谷（栄）, 西神中央駅〜工業会館〜月が丘〜押部谷（栄）, 西神中央駅〜食品団地〜月が丘〜押部谷（栄）, 西神中央駅〜農業公園〜月が丘〜押部谷（栄）, 西神中央駅〜養田〜月が丘〜押部谷（栄）, 西神中央駅〜農業公園〜富士見が丘〜緑が丘駅"
安田東ファミールハイツ,神姫バス（株）,加古川21
小松原,神姫バス（株）,明石・西神・須磨　快速38
稲美中央公園前,神姫バス（株）,加古川2
上坂部,阪神バス（株）,"尼崎市内線幹線12番, 尼崎市内線地域線21番, 尼崎市内線地域線21-2番"
上条,神姫バス（株）,加古川3
若王寺,阪神バス（株）,"尼崎市内線幹線12番, 尼崎市内線地域線21番, 尼崎市内線地域線21-2番, 尼崎市内線地域線22番, 尼崎市内線地域線22-2番"
若王寺,尼崎交通事業振興（株）・阪神バス（株）,尼崎市内線幹線11番
上仮屋北,赤穂市,市内循環バスゆらのすけ・東西ルート
上仮屋北,（株）ウイング神姫,赤穂・上郡　千鳥線
三国池,阪急バス（株）・六甲山観光（株）,六甲摩耶スカイシャトルバス
赤穂城前,赤穂市,"市内循環バスゆらのすけ・南北ルートA, 市内循環バスゆらのすけ・南北ルートB, 市内循環バスゆらのすけ・東西ルート, 市内循環バスゆらのすけ・高野ルート"
赤穂城前,（株）ウイング神姫,赤穂・上郡　御崎線
名次町,阪神バス（株）,"西宮山手線, 鷲林寺線"
東加古川病院前,神姫バス（株）,"加古川11, 加古川34"
南塚口町1丁目,阪神バス（株）,"尼崎市内線幹線14番, 尼崎市内線地域線AD2番"
南塚口町1丁目,尼崎交通事業振興（株）・阪神バス（株）,尼崎市内線幹線13番・13-2番
桂木2丁目,神戸市,"62系統（神戸市）, 64系統（神戸市）"
苦楽園口,阪神バス（株）,鷲林寺線　阪急夙川経由
苦楽園口,阪急バス（株）,"芦屋市内線（全系統）, 夙川台線（1、2、3、4、6、7系統）"
神出北,神姫バス（株）,明石・西神・須磨12
老松町,阪急バス（株）,"芦屋市内線（全系統）, 夙川台線（1、2、3、4、6、7系統）"
桜が丘団地口,神姫ゾーンバス（株）,"押部谷（栄）〜（桜が丘循環）〜押部谷（栄）, 西神中央駅〜桜が丘〜月が丘〜押部谷（栄）"
桜が丘団地口,神姫ゾーンバス（株）・神姫バス（株）,西神中央駅〜桜が丘〜押部谷（栄）
桜が丘団地口,神姫バス（株）,明石・西神・須磨20＿2
北城山町,阪神バス（株）,"西宮山手線, 鷲林寺線"
ピッコロシアター,阪神バス（株）,"尼崎市内線幹線12番, 尼崎市内線地域線21番, 尼崎市内線地域線21-2番, 尼崎市内線地域線58番"
ピッコロシアター,阪急バス（株）,尼崎線（56、57系統）
東園田8丁目,阪神バス（株）,"尼崎市内線地域線20番, 尼崎市内線地域線23番"
高座橋,阪神バス（株）,"西宮山手線, 鷲林寺線, 鷲林寺線　阪急夙川経由"
高座橋,阪急バス（株）,西宮市内線（全系統）
広陵中学校前,阪急バス（株）,"西鈴神戸線（150、151、158系統）, 泉台線（19、20系統）, 山の街線（12、16、30系統）"
芦屋病院前,阪急バス（株）,芦屋市内線（全系統）
芦屋病院東口,阪急バス（株）,芦屋市内線（全系統）
北雁替公園前,阪神バス（株）,"伊丹立花線, 尼崎市内線地域線47番, 尼崎市内線地域線47-2番, 尼崎市内線地域線AD1番"
東園田8丁目,阪神バス（株）,"尼崎市内線地域線21-2番, 尼崎市内線地域線23番, 尼崎市内線地域線24番, 尼崎市内線地域線AD3番"
天和駅,赤穂市,市内循環バスゆらのすけ・東西ルート
天和,（株）ウイング神姫,赤穂・上郡　湯の内・槙線
百合学院,尼崎交通事業振興（株）・阪神バス（株）,尼崎市内線幹線11番
今福南,神姫バス（株）,かこバス・鳩里・尾上ルート
広陵町3丁目,阪急バス（株）,"西鈴神戸線（150、151、158系統）, 泉台線（19、20系統）, 山の街線（12、16、30系統）"
長砂公民館前,神姫バス（株）,かこバス・東加古川ルート
八十塚橋,阪急バス（株）,"芦屋市内線（全系統）, 夙川台線（1、2、3、4、6、7系統）"
大森町,阪急バス（株）,西宮市内線（全系統）
本町,赤穂市,市内循環バスゆらのすけ・東西ルート
吉生口,神姫バス（株）,明石・西神・須磨12
園田学園女子大学,阪神バス（株）,尼崎市内線幹線14番
小中島,尼崎交通事業振興（株）・阪神バス（株）,尼崎市内線幹線11番
北本町,高砂市,じょうとんバス・高砂循環ルート
田井北口,神姫バス（株）,"明石・西神・須磨12, 三木・小野・社82, 津山・西脇・社　社（車庫前）〜三木〜明石駅"
細田公会堂前,神姫バス（株）,"明石・西神・須磨70・73＿1, 明石・西神・須磨74, 明石・西神・須磨81＿1, 明石・西神・須磨76＿2"
細田公会堂前,神姫ゾーンバス（株）,青山5丁目〜緑が丘駅〜富士見が丘〜農業公園〜西神中央駅
細田公会堂前,神姫ゾーンバス（株）・神姫バス（株）,"西神中央駅〜工業会館〜押部谷（栄）, 西神中央駅〜工業会館〜月が丘〜押部谷（栄）, 西神中央駅〜食品団地〜月が丘〜押部谷（栄）, 西神中央駅〜農業公園〜月が丘〜押部谷（栄）, 西神中央駅〜養田〜月が丘〜押部谷（栄）, 西神中央駅〜農業公園〜富士見が丘〜緑が丘駅"
桜が丘中町2丁目,神姫ゾーンバス（株）,押部谷（栄）〜（桜が丘循環）〜押部谷（栄）
広田,阪急バス（株）,西宮市内線（全系統）
霊園前,阪急バス（株）,芦屋市内線（全系統）
上ノ島,阪神バス（株）,"尼崎市内線幹線14番, 尼崎市内線地域線30番, 尼崎市内線地域線31番, 尼崎市内線地域線48番, 尼崎市内線地域線48-2番"
尾上の松駅,神姫バス（株）,"かこバス・浜手ルート, かこバス・鳩里・尾上ルート"
やきもち地蔵前,阪急バス（株）,"西鈴神戸線（150、151、158系統）, 泉台線（19、20系統）, 山の街線（12、16、30系統）"
大石神社東,赤穂市,"市内循環バスゆらのすけ・南北ルートA, 市内循環バスゆらのすけ・南北ルートB, 市内循環バスゆらのすけ・東西ルート, 市内循環バスゆらのすけ・みどり団地ルート"
大石神社東,（株）ウイング神姫,"赤穂・上郡　御崎線, 赤穂・上郡　小島線, 赤穂・上郡　湯の内・槙線, 赤穂・上郡　千鳥線, 赤穂・上郡　有年・上郡線"
大崎,神姫バス（株）,かこバス・浜手ルート
槙,赤穂市,市内循環バスゆらのすけ・東西ルート
槙,（株）ウイング神姫,赤穂・上郡　湯の内・槙線
法光寺,赤穂市,市内循環バスゆらのすけ・東西ルート
南武庫之荘8丁目,阪神バス（株）,"尼崎市内線地域線47番, 尼崎市内線地域線47-2番, 尼崎市内線地域線AD1番"
朝日ヶ丘北公園,阪急バス（株）,芦屋市内線（全系統）
やきもち地蔵,みなと観光バス（株）（神戸市）,"211系統, 212系統"
やきもち地蔵,神姫バス（株）,三田駅周辺14＿1
芦屋病院南口,阪急バス（株）,芦屋市内線（全系統）
六甲バター北,神姫バス（株）,"加古川2, 加古川16"
イオン加古川前,神姫バス（株）,"加古川11, 加古川13"
城山町,阪神バス（株）,"西宮山手線, 鷲林寺線"
十王堂,神姫バス（株）,かこバス・別府ルート
広陵町1丁目,阪急バス（株）,"西鈴神戸線（150、151、158系統）, 泉台線（19、20系統）, 山の街線（12、16、30系統）"
市民運動場前（西宮市）,阪神バス（株）,"西宮山手線, 鷲林寺線, 鷲林寺線　阪急夙川経由"
市民運動場前,阪急バス（株）,西宮市内線（全系統）
水車谷,阪急バス（株）,芦屋有馬線（80、81系統）
稲美町役場前,神姫バス（株）,"加古川2, 加古川16"
木下町集会所前,（株）ウイング神姫,赤穂・上郡　小島線
桂木1丁目,神戸市,"62系統（神戸市）, 64系統（神戸市）"
市民健康開発センター,阪神バス（株）,尼崎市内線地域線58番
昭和町,阪急バス（株）,西宮市内線（全系統）
天満小学校前,神姫バス（株）,"加古川2, 加古川16"
北図書館（尼崎市）,阪神バス（株）,"尼崎市内線幹線15番, 尼崎市内線地域線43番, 尼崎市内線地域線43-2番, 尼崎市内線地域線47番, 尼崎市内線地域線47-2番, 尼崎市内線地域線49番, 尼崎市内線地域線55番, 尼崎市内線地域線AD1番"
寺西,赤穂市,市内循環バスゆらのすけ・東西ルート
木幡,神姫バス（株）,"明石・西神・須磨　快速38, 三木・小野・社　（三木営業所）〜恵比須駅〜（自由が丘中公園）〜緑が丘駅〜神戸福産団地〜三宮〜（神戸空港）, 三木・小野・社　青山5丁目〜緑が丘駅〜三宮, 三木・小野・社　三宮〜神戸福産団地〜押部谷駅前〜三木営業所〜社"
上武庫橋,阪急バス（株）,武庫川線（35、36系統）
芦屋病院西口,阪急バス（株）,芦屋市内線（全系統）
西坂部,阪急バス（株）,尼崎線（56、57系統）
田井中央公園前,神姫バス（株）,明石・西神・須磨12
中条,神姫バス（株）,加古川3
長砂東口,神姫バス（株）,かこバス・東加古川ルート
神戸北町,神戸市,"62系統（神戸市）, 64系統（神戸市）"
筑紫が丘東,みなと観光バス（株）（神戸市）,"211系統, 212系統, 22系統"
筑紫が丘4丁目,阪急バス（株）,"西鈴神戸線（150、151、158系統）, 泉台線（19、20系統）, 山の街線（12、16、30系統）"
新在家,神姫バス（株）,"加古川11, 加古川34"
備前福河駅口,赤穂市,市内循環バスゆらのすけ・東西ルート
南武庫荘五丁目,阪神バス（株）,"杭瀬宝塚線, 尼崎宝塚線　宝塚行, 尼崎宝塚線　宝塚安倉団地行, 宝塚甲子園線　阪神甲子園行, 宝塚甲子園線　阪神鳴尾浜球場前行"
栄市住東,神姫ゾーンバス（株）,西神中央駅〜桜が丘〜月が丘〜押部谷（栄）
栄市住東,神姫ゾーンバス（株）・神姫バス（株）,西神中央駅〜桜が丘〜押部谷（栄）
栄市住東,神姫バス（株）,明石・西神・須磨20＿2
清水町,高砂市,じょうとんバス・高砂循環ルート
神出南,神姫バス（株）,"明石・西神・須磨12, 三木・小野・社82"
近松公園,阪神バス（株）,"尼崎市内線幹線12番, 尼崎市内線地域線22番, 尼崎市内線地域線22-2番"
近松公園,尼崎交通事業振興（株）・阪神バス（株）,尼崎市内線幹線11番
岩ヶ平,阪急バス（株）,"芦屋市内線（全系統）, 夙川台線（1、2、3、4、6、7系統）"
朝日ヶ丘町,阪急バス（株）,芦屋市内線（全系統）
守部公園,阪神バス（株）,"尼崎市内線地域線47番, 尼崎市内線地域線47-2番, 尼崎市内線地域線AD1番"
筑紫が丘西,みなと観光バス（株）（神戸市）,"211系統, 212系統, 22系統"
田井東口,神姫バス（株）,"明石・西神・須磨12, 三木・小野・社82"
大原1丁目,神戸市,"62系統（神戸市）, 64系統（神戸市）"
栄市住前,神姫ゾーンバス（株）,"押部谷（栄）〜（桜が丘循環）〜押部谷（栄）, 西神中央駅〜桜が丘〜月が丘〜押部谷（栄）"
栄市住前,神姫ゾーンバス（株）・神姫バス（株）,西神中央駅〜桜が丘〜押部谷（栄）
栄市住前,神姫バス（株）,明石・西神・須磨20＿2
阪急西宮北口,関西空港交通（株）・阪急観光バス（株）・阪急バス（株）・阪神バス（株）,関西国際空港路線（西宮）
阪急西宮北口駅,阪急観光バス（株）・阪急バス（株）・阪神バス（株）,大阪（伊丹）空港路線（阪神甲子園駅・阪急西宮北口駅）
大原中学校前,阪急バス（株）,西鈴神戸線（150、151、158系統）
桜が丘東町4丁目,神姫ゾーンバス（株）,西神中央駅〜桜が丘〜月が丘〜押部谷（栄）
桜が丘東町4丁目,神姫ゾーンバス（株）・神姫バス（株）,西神中央駅〜桜が丘〜押部谷（栄）
桜が丘東町4丁目,神姫バス（株）,明石・西神・須磨20＿2
園田東小学校,阪神バス（株）,"尼崎市内線地域線21-2番, 尼崎市内線地域線23番"
秋葉台3丁目,神姫ゾーンバス（株）,西神中央駅〜桜が丘〜月が丘〜押部谷（栄）
秋葉台3丁目,神姫ゾーンバス（株）・神姫バス（株）,西神中央駅〜桜が丘〜押部谷（栄）
秋葉台3丁目,神姫バス（株）,明石・西神・須磨20＿2
大原3丁目,神戸市,"62系統（神戸市）, 64系統（神戸市）"
山の街駅,阪急バス（株）,"泉台線（19、20系統）, 山の街線（12、16、30系統）"
長田公園前,神姫バス（株）,かこバス・別府ルート
南本町,高砂市,じょうとんバス・高砂循環ルート
桜が丘西町2丁目,神姫ゾーンバス（株）,押部谷（栄）〜（桜が丘循環）〜押部谷（栄）
尾崎小学校前,（株）ウイング神姫,赤穂・上郡　小島線
南宮町,（株）ウイング神姫,赤穂・上郡　御崎線
新在家（国道側）,神姫バス（株）,"加古川11, 加古川13, 加古川34"
細田住吉前,神姫バス（株）,"明石・西神・須磨70・73＿1, 明石・西神・須磨74, 明石・西神・須磨81＿1, 明石・西神・須磨76＿2"
細田住吉前,神姫ゾーンバス（株）,青山5丁目〜緑が丘駅〜富士見が丘〜農業公園〜西神中央駅
細田住吉前,神姫ゾーンバス（株）・神姫バス（株）,"西神中央駅〜工業会館〜押部谷（栄）, 西神中央駅〜工業会館〜月が丘〜押部谷（栄）, 西神中央駅〜食品団地〜月が丘〜押部谷（栄）, 西神中央駅〜農業公園〜月が丘〜押部谷（栄）, 西神中央駅〜養田〜月が丘〜押部谷（栄）, 西神中央駅〜農業公園〜富士見が丘〜緑が丘駅"
池下,神姫バス（株）,明石・西神・須磨12
甲南高校前,阪急バス（株）,芦屋市内線（全系統）
大社小学校前,阪神バス（株）,"西宮山手線, 鷲林寺線"
松山町,阪急バス（株）,"西宮市内線（全系統）, 武庫川線（35、36系統）"
栗山町2丁目,阪神バス（株）,"尼崎市内線幹線14番, 尼崎市内線地域線30番, 尼崎市内線地域線31番, 尼崎市内線地域線48番, 尼崎市内線地域線48-2番"
夙川小学校前,阪神バス（株）,鷲林寺線　阪急夙川経由
夙川小学校前,阪急バス（株）,"芦屋市内線（全系統）, 夙川台線（1、2、3、4、6、7系統）"
熊野町,阪急バス（株）,西宮市内線（全系統）
つくしが丘公園,阪急バス（株）,"西鈴神戸線（150、151、158系統）, 泉台線（19、20系統）, 山の街線（12、16、30系統）"
弥生ヶ丘,阪神バス（株）,"尼崎市内線地域線23番, 尼崎市内線地域線24番, 尼崎市内線地域線AD3番"
寺西集会所,赤穂市,市内循環バスゆらのすけ・東西ルート
南塚口町7丁目,阪神バス（株）,尼崎市内線地域線AD2番
南塚口町7丁目,尼崎交通事業振興（株）・阪神バス（株）,尼崎市内線幹線13番・13-2番
東加古川駅,神姫バス（株）,"加古川11, 加古川13, 加古川31, 加古川34, かこバス・東加古川ルート"
東深田公園,神姫バス（株）,かこバス・鳩里・尾上ルート
養田,神姫バス（株）,かこバス・浜手ルート
古大内中曽根会館前,神姫バス（株）,かこバス・東加古川ルート
西宮北口,西宮市,さくらやまなみバス（金仙寺系統・有馬系統）
西宮北口,阪神バス（株）,"西宮浜線, 西宮北口線"
西宮北口,阪急バス（株）,"豊中西宮線（96、97系統）, 西宮市内線（全系統）, 夙川台線（1、2、3、4、6、7系統）"
室川町,阪神バス（株）,"西宮山手線, 鷲林寺線, 鷲林寺線　阪急夙川経由"
室川町,阪急バス（株）,西宮市内線（全系統）
今津町,高砂市,じょうとんバス・高砂循環ルート
前山公園,阪急バス（株）,芦屋市内線（全系統）
桜が丘小学校,神姫ゾーンバス（株）,押部谷（栄）〜（桜が丘循環）〜押部谷（栄）
南武庫荘七丁目,阪神バス（株）,"杭瀬宝塚線, 尼崎宝塚線　宝塚行, 尼崎宝塚線　宝塚安倉団地行, 宝塚甲子園線　阪神甲子園行, 宝塚甲子園線　阪神鳴尾浜球場前行, 尼崎市内線地域線43番, 尼崎市内線地域線43-2番, 尼崎市内線地域線47番, 尼崎市内線地域線47-2番, 尼崎市内線地域線49番, 尼崎市内線地域線55番, 尼崎市内線地域線AD1番"
南武庫之荘4丁目,阪神バス（株）,"尼崎市内線地域線43番, 尼崎市内線地域線43-2番, 尼崎市内線地域線47番, 尼崎市内線地域線47-2番, 尼崎市内線地域線49番, 尼崎市内線地域線55番, 尼崎市内線地域線AD1番"
南武庫之荘9丁目,阪神バス（株）,"尼崎市内線地域線47番, 尼崎市内線地域線47-2番, 尼崎市内線地域線AD1番"
岩園町,阪急バス（株）,芦屋市内線（全系統）
田井西口,神姫バス（株）,明石・西神・須磨12
田井南口,神姫バス（株）,津山・西脇・社　社（車庫前）〜三木〜明石駅
山手町,阪急バス（株）,"芦屋有馬線（80、81系統）, 芦屋市内線（全系統）"
南武庫之荘3丁目,阪神バス（株）,尼崎市内線幹線15番
大屋町,阪急バス（株）,"豊中西宮線（96、97系統）, 西宮市内線（全系統）"
立花町3丁目,阪神バス（株）,"尼崎市内線幹線14番, 尼崎市内線地域線30番"
立花小学校,阪神バス（株）,"尼崎市内線地域線48番, 尼崎市内線地域線48-2番"
国安団地前,神姫バス（株）,"加古川2, 加古川16"
両度町,阪神バス（株）,"西宮浜線, 西宮北口線"
両度町,阪急バス（株）,"西宮市内線（全系統）, 夙川台線（1、2、3、4、6、7系統）"
桜が丘西町,神姫ゾーンバス（株）,押部谷（栄）〜（桜が丘循環）〜押部谷（栄）
尾上市民センター前,神姫バス（株）,かこバス・鳩里・尾上ルート
Mプラザ前,神姫バス（株）,かこバス・別府ルート
岩園幼稚園前,阪急バス（株）,芦屋市内線（全系統）
城ノ堀,阪神バス（株）,"尼崎市内線幹線12番, 尼崎市内線地域線22番, 尼崎市内線地域線22-2番"
阪神水道前,阪神バス（株）,尼崎市内線地域線58番
阪神水道前,阪急バス（株）,尼崎線（56、57系統）
額田,阪神バス（株）,"尼崎市内線地域線23番, 尼崎市内線地域線24番, 尼崎市内線地域線AD3番"
尾崎農協前,（株）ウイング神姫,赤穂・上郡　御崎線
桜が丘西町3丁目,神姫ゾーンバス（株）,押部谷（栄）〜（桜が丘循環）〜押部谷（栄）
小池南,神姫バス（株）,加古川16
東加古川,神姫バス（株）,"加古川11, 加古川13, 加古川31, 加古川34, かこバス・東加古川ルート"
裁判所（尼崎市）,阪神バス（株）,"伊丹立花線, 尼崎市内線幹線14番, 尼崎市内線幹線15番, 尼崎市内線地域線30番, 尼崎市内線地域線47番, 尼崎市内線地域線47-2番, 尼崎市内線地域線AD1番"
中村,阪神バス（株）,"西宮山手線, 鷲林寺線, 鷲林寺線　阪急夙川経由"
中村,阪急バス（株）,西宮市内線（全系統）
芦屋市民プール前,阪急バス（株）,芦屋市内線（全系統）
摩耶山自然の家前,阪急バス（株）・六甲山観光（株）,六甲摩耶スカイシャトルバス
甲子園短期大学前,阪急バス（株）,西宮市内線（全系統）
明神木北,（株）ウイング神姫,赤穂・上郡　小島線
土橋,神姫バス（株）,加古川3
本水尾町,（株）ウイング神姫,赤穂・上郡　御崎線
県住前,赤穂市,"市内循環バスゆらのすけ・南北ルートA, 市内循環バスゆらのすけ・南北ルートB, 市内循環バスゆらのすけ・東西ルート, 市内循環バスゆらのすけ・高野ルート, 市内循環バスゆらのすけ・みどり団地ルート"
県住前,（株）ウイング神姫,"赤穂・上郡　御崎線, 赤穂・上郡　小島線, 赤穂・上郡　湯の内・槙線, 赤穂・上郡　千鳥線, 赤穂・上郡　有年・上郡線"
二屋南口,神姫バス（株）,かこバス・東加古川ルート
新庄下橋,阪神バス（株）,"尼崎市内線地域線48番, 尼崎市内線地域線48-2番, 尼崎市内線地域線AD2番"
新庄下橋,尼崎交通事業振興（株）・阪神バス（株）,尼崎市内線幹線13番・13-2番
大西,阪神バス（株）,尼崎市内線地域線31番
東山町,阪急バス（株）,芦屋市内線（全系統）
小園,阪神バス（株）,"尼崎市内線地域線24番, 尼崎市内線地域線AD3番"
神崎北団地,阪神バス（株）,"尼崎市内線地域線24番, 尼崎市内線地域線AD3番"
国道東加古川,神姫バス（株）,かこバス・東加古川ルート
木津駅,神姫バス（株）,明石・西神・須磨17
宮前町,高砂市,じょうとんバス・高砂循環ルート
松原町,（株）ウイング神姫,赤穂・上郡　御崎線
塚口営業所前,阪神バス（株）,"尼崎市内線地域線22番, 尼崎市内線地域線22-2番"
西田公園前,阪神バス（株）,"西宮山手線, 鷲林寺線"
戸ノ内橋,阪神バス（株）,"尼崎市内線地域線21-2番, 尼崎市内線地域線23番"
木津小学校前,神姫ゾーンバス（株）,西神中央駅〜桜が丘〜月が丘〜押部谷（栄）
木津小学校前,神姫ゾーンバス（株）・神姫バス（株）,西神中央駅〜桜が丘〜押部谷（栄）
木津小学校前,神姫バス（株）,明石・西神・須磨20＿2
高砂神社,高砂市,じょうとんバス・高砂循環ルート
高和,神姫バス（株）,"明石・西神・須磨70・73＿1, 明石・西神・須磨74, 明石・西神・須磨81＿1, 明石・西神・須磨76＿2"
高和,神姫ゾーンバス（株）,青山5丁目〜緑が丘駅〜富士見が丘〜農業公園〜西神中央駅
高和,神姫ゾーンバス（株）・神姫バス（株）,"西神中央駅〜工業会館〜押部谷（栄）, 西神中央駅〜工業会館〜月が丘〜押部谷（栄）, 西神中央駅〜食品団地〜月が丘〜押部谷（栄）, 西神中央駅〜農業公園〜月が丘〜押部谷（栄）, 西神中央駅〜養田〜月が丘〜押部谷（栄）, 西神中央駅〜農業公園〜富士見が丘〜緑が丘駅"
赤穂市民病院,（株）ウイング神姫,"赤穂・上郡　御崎線, 赤穂・上郡　小島線, 赤穂・上郡　湯の内・槙線, 赤穂・上郡　千鳥線, 赤穂・上郡　有年・上郡線"
神出自然教育園前,神姫バス（株）,明石・西神・須磨12
城ノ堀,尼崎交通事業振興（株）・阪神バス（株）,尼崎市内線幹線11番
高畑町,阪急バス（株）,"豊中西宮線（96、97系統）, 西宮市内線（全系統）"
福浦コミュニティセンター,赤穂市,市内循環バスゆらのすけ・東西ルート
瓦木支所前,阪急バス（株）,西宮市内線（全系統）
市民病院,赤穂市,"市内循環バスゆらのすけ・南北ルートA, 市内循環バスゆらのすけ・南北ルートB, 市内循環バスゆらのすけ・東西ルート, 市内循環バスゆらのすけ・高野ルート, 市内循環バスゆらのすけ・みどり団地ルート"
甲子園学院前,阪急バス（株）,西宮市内線（全系統）
桜森町バスセンター,みなと観光バス（株）（神戸市）,"211系統, 212系統, 22系統"
国安北,神姫バス（株）,"加古川2, 加古川16"
水道橋,阪急バス（株）,芦屋市内線（全系統）
浜の宮駅北,神姫バス（株）,かこバス・別府ルート
産団協前,神姫バス（株）,"明石・西神・須磨17, 三木・小野・社　（三木営業所）〜恵比須駅〜（自由が丘中公園）〜緑が丘駅〜神戸福産団地〜三宮〜（神戸空港）, 三木・小野・社　三宮〜神戸福産団地〜押部谷駅前〜三木営業所〜社"
戸ノ内町2丁目,阪神バス（株）,"尼崎市内線地域線21-2番, 尼崎市内線地域線23番"
明神木,（株）ウイング神姫,赤穂・上郡　御崎線
JR西宮駅北,阪急バス（株）,夙川台線（1、2、3、4、6、7系統）
二見町,阪急バス（株）,"西宮市内線（全系統）, 武庫川線（35、36系統）"
新野辺北町5丁目西,神姫バス（株）,かこバス・別府ルート
新在家東口,神姫バス（株）,かこバス・東加古川ルート
阪急夙川,西宮市,さくらやまなみバス（金仙寺系統・有馬系統）
阪急夙川,阪神バス（株）,鷲林寺線　阪急夙川経由
阪急夙川,阪急バス（株）,"芦屋市内線（全系統）, 夙川台線（1、2、3、4、6、7系統）"
池田西,神姫バス（株）,かこバス・鳩里・尾上ルート
性海寺前,神姫バス（株）,"明石・西神・須磨70・73＿1, 明石・西神・須磨74, 明石・西神・須磨81＿1, 明石・西神・須磨12"
性海寺前,神姫ゾーンバス（株）,青山5丁目〜緑が丘駅〜富士見が丘〜農業公園〜西神中央駅
性海寺前,神姫ゾーンバス（株）・神姫バス（株）,"西神中央駅〜工業会館〜押部谷（栄）, 西神中央駅〜工業会館〜月が丘〜押部谷（栄）, 西神中央駅〜食品団地〜月が丘〜押部谷（栄）, 西神中央駅〜農業公園〜月が丘〜押部谷（栄）, 西神中央駅〜農業公園〜富士見が丘〜緑が丘駅"
筑紫が丘6丁目,阪急バス（株）,"西鈴神戸線（150、151、158系統）, 泉台線（19、20系統）, 山の街線（12、16、30系統）"
長田,神姫バス（株）,かこバス・浜手ルート
高和橋,神姫バス（株）,"明石・西神・須磨70・73＿1, 明石・西神・須磨74, 明石・西神・須磨81＿1, 明石・西神・須磨12, 三木・小野・社82"
高和橋,神姫ゾーンバス（株）,青山5丁目〜緑が丘駅〜富士見が丘〜農業公園〜西神中央駅
高和橋,神姫ゾーンバス（株）・神姫バス（株）,"西神中央駅〜工業会館〜押部谷（栄）, 西神中央駅〜工業会館〜月が丘〜押部谷（栄）, 西神中央駅〜食品団地〜月が丘〜押部谷（栄）, 西神中央駅〜農業公園〜月が丘〜押部谷（栄）, 西神中央駅〜農業公園〜富士見が丘〜緑が丘駅"
神納,神姫バス（株）,明石・西神・須磨12
仲池前,阪急バス（株）,芦屋市内線（全系統）
夙川グリーンタウン,みなと観光バス（株）（神戸市）,125系統
木見下所,神姫バス（株）,明石・西神・須磨　快速38
下坂部,阪神バス（株）,尼崎市内線幹線12番
下坂部,尼崎交通事業振興（株）・阪神バス（株）,尼崎市内線幹線11番
新々田北,神姫バス（株）,明石・西神・須磨12
福浦新田,赤穂市,市内循環バスゆらのすけ・東西ルート
見津が丘3丁目,神姫バス（株）,"明石・西神・須磨17, 三木・小野・社　（三木営業所）〜恵比須駅〜（自由が丘中公園）〜緑が丘駅〜神戸福産団地〜三宮〜（神戸空港）, 三木・小野・社　三宮〜神戸福産団地〜押部谷駅前〜三木営業所〜社"
西宮営業所前,阪急バス（株）,西宮市内線（全系統）
本水尾西,（株）ウイング神姫,赤穂・上郡　御崎線
筑紫が丘5丁目,阪急バス（株）,"西鈴神戸線（150、151、158系統）, 泉台線（19、20系統）, 山の街線（12、16、30系統）"
五反田,阪神バス（株）,"尼崎市内線地域線24番, 尼崎市内線地域線AD3番"
三反田,阪神バス（株）,尼崎市内線地域線31番
高和小学校前,神姫バス（株）,"三木・小野・社82, 明石・西神・須磨76＿2"
高和小学校前,神姫ゾーンバス（株）・神姫バス（株）,西神中央駅〜養田〜月が丘〜押部谷（栄）
江上町,阪急バス（株）,夙川台線（1、2、3、4、6、7系統）
水堂,阪神バス（株）,"杭瀬宝塚線, 尼崎宝塚線　宝塚行, 尼崎宝塚線　宝塚安倉団地行, 宝塚甲子園線　阪神甲子園行, 宝塚甲子園線　阪神鳴尾浜球場前行, 尼崎市内線地域線43番, 尼崎市内線地域線43-2番, 尼崎市内線地域線49番, 尼崎市内線地域線55番"
岩園橋,阪急バス（株）,芦屋市内線（全系統）
神戸複産団地口,神姫バス（株）,"明石・西神・須磨17, 三木・小野・社　（三木営業所）〜恵比須駅〜（自由が丘中公園）〜緑が丘駅〜神戸福産団地〜三宮〜（神戸空港）, 三木・小野・社　青山5丁目〜緑が丘駅〜三宮"
森林植物園前,神戸市,25系統（神戸市）
遊女塚,阪神バス（株）,尼崎市内線地域線23番
エクセル東,みなと観光バス（株）（神戸市）,くるくるバス
久々知,阪神バス（株）,"尼崎市内線地域線22番, 尼崎市内線地域線22-2番, 尼崎市内線地域線58番"
久々知,阪急バス（株）,尼崎線（56、57系統）
新々田,神姫バス（株）,明石・西神・須磨12
南芳苑・かこてらす前,神姫バス（株）,"加古川31, 加古川34"
泉橋,阪急バス（株）,"西鈴神戸線（150、151、158系統）, 泉台線（19、20系統）"
浜の宮駅,神姫バス（株）,かこバス・別府ルート
御崎小学校前,（株）ウイング神姫,赤穂・上郡　御崎線
明神木南,（株）ウイング神姫,"赤穂・上郡　御崎線, 赤穂・上郡　小島線"
立花町2丁目,阪神バス（株）,"伊丹立花線, 尼崎市内線幹線14番, 尼崎市内線幹線15番, 尼崎市内線地域線30番, 尼崎市内線地域線47番, 尼崎市内線地域線47-2番, 尼崎市内線地域線AD1番"
五軒屋西,赤穂市,市内循環バスゆらのすけ・東西ルート
生駒橋,神姫バス（株）,かこバス・別府ルート
桜が丘中町5丁目,神姫ゾーンバス（株）,西神中央駅〜桜が丘〜月が丘〜押部谷（栄）
桜が丘中町5丁目,神姫ゾーンバス（株）・神姫バス（株）,西神中央駅〜桜が丘〜押部谷（栄）
桜が丘中町5丁目,神姫バス（株）,明石・西神・須磨20＿2
南芳苑,神姫バス（株）,かこバス・東加古川ルート
赤穂高校,（株）ウイング神姫,"赤穂・上郡　御崎線, 赤穂・上郡　小島線, 赤穂・上郡　有年・上郡線"
渦森橋,神戸市,"31系統（神戸市）, 38系統（神戸市）"
藤原橋,神姫バス（株）,"明石・西神・須磨12, 三木・小野・社82"
松園町,みなと観光バス（株）（神戸市）,125系統
新野辺北町5丁目東,神姫バス（株）,かこバス・別府ルート
住吉台北,みなと観光バス（株）（神戸市）,くるくるバス
二俣口,神姫バス（株）,"加古川31, 加古川34"
荘園上,みなと観光バス（株）（神戸市）,123系統
東山プラザ,みなと観光バス（株）（神戸市）,123系統
一色北,神姫バス（株）,"加古川31, 加古川34"
渦森台4丁目,神戸市,"31系統（神戸市）, 38系統（神戸市）"
JR西宮,西宮市,さくらやまなみバス（金仙寺系統・有馬系統）
JR西宮,阪神バス（株）,"西宮山手線, 鷲林寺線, 西宮北口線"
JR西宮,阪急バス（株）,"西宮市内線（全系統）, 夙川台線（1、2、3、4、6、7系統）"
北鈴蘭台駅,阪急バス（株）,泉台線（19、20系統）
二軒屋,赤穂市,市内循環バスゆらのすけ・東西ルート
尾浜西口,阪神バス（株）,"尼崎市内線地域線22-2番, 尼崎市内線地域線48番, 尼崎市内線地域線48-2番, 尼崎市内線地域線AD2番"
尾浜西口,尼崎交通事業振興（株）・阪神バス（株）,尼崎市内線幹線13番・13-2番
池田南,神姫バス（株）,かこバス・鳩里・尾上ルート
住吉台北公園前,みなと観光バス（株）（神戸市）,くるくるバス
西谷,神姫バス（株）,"加古川13, かこバス・東加古川ルート"
若葉台4丁目,阪急バス（株）,泉台線（19、20系統）
荘園中,みなと観光バス（株）（神戸市）,123系統
JR甲子園口,阪急バス（株）,"西宮市内線（全系統）, 武庫川線（35、36系統）"
芦原町,阪神バス（株）,西宮北口線
芦原町,阪急バス（株）,"西宮市内線（全系統）, 夙川台線（1、2、3、4、6、7系統）"
西宮警察署前,阪神バス（株）,"西宮山手線, 鷲林寺線, 鷲林寺線　阪急夙川経由"
泉台2丁目,阪急バス（株）,泉台線（19、20系統）
JRさくら夙川,西宮市,さくらやまなみバス（金仙寺系統・有馬系統）
JRさくら夙川,阪神バス（株）,"西宮山手線, 鷲林寺線, 鷲林寺線　阪急夙川経由"
JRさくら夙川,阪急バス（株）,夙川台線（1、2、3、4、6、7系統）
西泉台公園前,阪急バス（株）,泉台線（19、20系統）
渦森台,神戸市,"31系統（神戸市）, 38系統（神戸市）"
泉台4丁目,阪急バス（株）,泉台線（19、20系統）
次屋2丁目,阪神バス（株）,尼崎市内線幹線12番
次屋2丁目,尼崎交通事業振興（株）・阪神バス（株）,尼崎市内線幹線11番
大谷町,みなと観光バス（株）（神戸市）,125系統
西神工業団地口,神姫バス（株）,"明石・西神・須磨70・73＿1, 明石・西神・須磨74, 明石・西神・須磨12"
西神工業団地口,神姫ゾーンバス（株）・神姫バス（株）,"西神中央駅〜工業会館〜押部谷（栄）, 西神中央駅〜工業会館〜月が丘〜押部谷（栄）, 西神中央駅〜食品団地〜月が丘〜押部谷（栄）"
戸ノ内町3丁目,阪神バス（株）,"尼崎市内線地域線21-2番, 尼崎市内線地域線23番"
さつき町,（株）ウイング神姫,"赤穂・上郡　御崎線, 赤穂・上郡　小島線"
階段下,みなと観光バス（株）（神戸市）,123系統
摩耶山天上寺前,阪急バス（株）・六甲山観光（株）,六甲摩耶スカイシャトルバス
西宮戎（阪神西宮駅北）,西宮市,さくらやまなみバス（金仙寺系統・有馬系統）
西宮戎（阪神西宮駅北）,阪神バス（株）,"尼崎芦屋線　阪神芦屋行, 西宮神戸線, 西宮山手線, 鷲林寺線, 鷲林寺線　阪急夙川経由"
西宮戎,阪急バス（株）,夙川台線（1、2、3、4、6、7系統）
県立西宮病院前,阪神バス（株）,"尼崎芦屋線　阪神芦屋行, 尼崎芦屋線　阪神西宮行, 西宮甲子園線, 西宮山手線, 鷲林寺線, 鷲林寺線　阪急夙川経由, 西宮浜線, 西宮浜線　西宮浜中央行, 西宮団地線, 西宮北口線"
県立西宮病院前,阪急バス（株）,"西宮市内線（全系統）, 夙川台線（1、2、3、4、6、7系統）"
JR甲子園口,阪神バス（株）,"高須東線, 高須東線　小松西町経由, 鳴尾浜線　阪神鳴尾・八番町経由, 鳴尾浜線　小松西町・八番町経由, 浜甲子園線, 武庫川団地線, 武庫川団地線　小松西町経由"
JR西宮駅南口,阪神バス（株）,"尼崎芦屋線　阪神芦屋行, 尼崎芦屋線　阪神西宮行, 西宮甲子園線, 西宮浜線, 西宮浜線　西宮浜中央行, 西宮団地線"
JR西宮,関西空港交通（株）・阪急観光バス（株）・阪急バス（株）・阪神バス（株）,関西国際空港路線（西宮）
入電,赤穂市,市内循環バスゆらのすけ・東西ルート
同朋住吉台こども園前,みなと観光バス（株）（神戸市）,くるくるバス
浜の宮天神社北,神姫バス（株）,かこバス・別府ルート
岸の郷橋,阪急バス（株）,芦屋市内線（全系統）
開森橋,阪急バス（株）,芦屋市内線（全系統）
峠,神姫バス（株）,三田駅周辺14＿1
峠,阪急バス（株）,山の街線（12、16、30系統）
木見中央公園前,神姫バス（株）,"明石・西神・須磨17, 三木・小野・社　（三木営業所）〜恵比須駅〜（自由が丘中公園）〜緑が丘駅〜神戸福産団地〜三宮〜（神戸空港）, 三木・小野・社　三宮〜神戸福産団地〜押部谷駅前〜三木営業所〜社"
池田西口,神姫バス（株）,かこバス・浜手ルート
渦森台3丁目,神戸市,"31系統（神戸市）, 38系統（神戸市）"
十七丁,神姫バス（株）,加古川3
関西ペイント前,阪神バス（株）,尼崎市内線地域線23番
西宮市役所前,西宮市,さくらやまなみバス（金仙寺系統・有馬系統）
西宮市役所前,阪神バス（株）,"尼崎芦屋線　阪神芦屋行, 尼崎芦屋線　阪神西宮行, 西宮甲子園線, 西宮山手線, 鷲林寺線, 鷲林寺線　阪急夙川経由, 西宮浜線, 西宮浜線　西宮浜中央行, 西宮団地線, 西宮北口線"
西宮市役所前,阪急バス（株）,"西宮市内線（全系統）, 夙川台線（1、2、3、4、6、7系統）"
平岡小学校前,神姫バス（株）,"加古川13, かこバス・東加古川ルート"
五辻,神戸市,25系統（神戸市）
泉台南,阪急バス（株）,西鈴神戸線（150、151、158系統）
尾浜,阪神バス（株）,"尼崎市内線地域線22番, 尼崎市内線地域線58番"
尾浜,阪急バス（株）,尼崎線（56、57系統）
国安,神姫バス（株）,加古川2
JR立花［上］,阪神バス（株）,"伊丹立花線, 尼崎市内線幹線14番, 尼崎市内線幹線15番, 尼崎市内線地域線30番, 尼崎市内線地域線47番, 尼崎市内線地域線47-2番, 尼崎市内線地域線AD1番"
二俣西口,神姫バス（株）,かこバス・東加古川ルート
荘園下,みなと観光バス（株）（神戸市）,123系統
障害福祉センター（尼崎市）,阪神バス（株）,尼崎市内線地域線31番
住吉台県住前,みなと観光バス（株）（神戸市）,くるくるバス
国道夙川,阪急バス（株）,夙川台線（1、2、3、4、6、7系統）
夙川,阪神バス（株）,"尼崎芦屋線　阪神芦屋行, 西宮神戸線"
国道JR西宮駅前,阪神バス（株）,"尼崎芦屋線　阪神芦屋行, 尼崎芦屋線　阪神西宮行, 西宮甲子園線, 西宮浜線, 西宮浜線　西宮浜中央行, 西宮団地線"
JR立花［下］,阪神バス（株）,"尼崎市内線地域線43番, 尼崎市内線地域線43-2番, 尼崎市内線地域線49番, 尼崎市内線地域線50番, 尼崎市内線地域線50-2番, 尼崎市内線地域線50-4番, 尼崎市内線地域線55番, 尼崎市内線地域線60番"
万翠園前,みなと観光バス（株）（神戸市）,くるくるバス
八軒屋,赤穂市,市内循環バスゆらのすけ・東西ルート
翠ヶ丘,みなと観光バス（株）（神戸市）,125系統
西神墓園,神姫バス（株）,明石・西神・須磨12
阪神西宮,阪神バス（株）,"尼崎芦屋線　阪神西宮行, 西宮神戸線, 西宮甲子園線, 西宮山手線, 鷲林寺線, 鷲林寺線　阪急夙川経由, 西宮団地線, 西宮北口線"
阪神西宮,関西空港交通（株）・阪急観光バス（株）・阪急バス（株）・阪神バス（株）,関西国際空港路線（西宮）
阪神西宮,阪急バス（株）,西宮市内線（全系統）
翠ヶ丘西,みなと観光バス（株）（神戸市）,125系統
木見,神姫バス（株）,明石・西神・須磨　快速38
高塚台1丁目,神戸市,23系統
高塚台1丁目,神姫バス（株）,"明石・西神・須磨18＿1, 明石・西神・須磨70・73＿1, 明石・西神・須磨74, 明石・西神・須磨12"
高塚台1丁目,神姫ゾーンバス（株）・神姫バス（株）,"西神中央駅〜工業会館〜押部谷（栄）, 西神中央駅〜工業会館〜月が丘〜押部谷（栄）, 西神中央駅〜食品団地〜月が丘〜押部谷（栄）"
尾浜町1丁目,阪神バス（株）,"尼崎市内線地域線48番, 尼崎市内線地域線48-2番"
中広南,（株）ウイング神姫,赤穂・上郡　千鳥線
潮江北口,阪神バス（株）,尼崎市内線幹線12番
潮江北口,尼崎交通事業振興（株）・阪神バス（株）,尼崎市内線幹線11番
摩耶ロッジ前,阪急バス（株）・六甲山観光（株）,六甲摩耶スカイシャトルバス
親王塚,みなと観光バス（株）（神戸市）,125系統
津門稲荷町,阪神バス（株）,"尼崎芦屋線　阪神芦屋行, 尼崎芦屋線　阪神西宮行, 西宮浜線, 西宮団地線"
六甲ケーブル下,神戸市,"16系統（神戸市）, 26系統（神戸市）, 106系統（神戸市）, 急行"
尾浜町2丁目,阪神バス（株）,"尼崎市内線地域線48番, 尼崎市内線地域線48-2番"
市役所東,阪急バス（株）,"西宮市内線（全系統）, 夙川台線（1、2、3、4、6、7系統）"
別府中学校前,神姫バス（株）,かこバス・別府ルート
尼崎東警察署前,阪神バス（株）,"尼崎市内線地域線48-2番, 尼崎市内線地域線58番"
泉台5丁目,阪急バス（株）,泉台線（19、20系統）
新野辺北町3丁目西,神姫バス（株）,かこバス・別府ルート
正保橋北,（株）ウイング神姫,赤穂・上郡　御崎線
稲葉荘4丁目,阪神バス（株）,"尼崎市内線地域線47-2番, 尼崎市内線地域線50番, 尼崎市内線地域線50-2番, 尼崎市内線地域線50-4番"
阪神国道駅前,阪神バス（株）,"尼崎芦屋線　阪神芦屋行, 尼崎芦屋線　阪神西宮行, 西宮団地線"
駐車場下,みなと観光バス（株）（神戸市）,123系統
池田公園前,神姫バス（株）,かこバス・鳩里・尾上ルート
見津が丘5丁目,神姫バス（株）,"明石・西神・須磨17, 三木・小野・社　（三木営業所）〜恵比須駅〜（自由が丘中公園）〜緑が丘駅〜神戸福産団地〜三宮〜（神戸空港）, 三木・小野・社　三宮〜神戸福産団地〜押部谷駅前〜三木営業所〜社"
七松町2丁目,阪神バス（株）,"尼崎市内線地域線43番, 尼崎市内線地域線43-2番, 尼崎市内線地域線49番, 尼崎市内線地域線50番, 尼崎市内線地域線50-2番, 尼崎市内線地域線50-4番, 尼崎市内線地域線55番"
阪急芦屋川,阪急バス（株）,"芦屋有馬線（80、81系統）, 芦屋市内線（全系統）"
新々田弁財天,神姫バス（株）,明石・西神・須磨12
泉台7丁目,阪急バス（株）,泉台線（19、20系統）
森具,阪神バス（株）,"尼崎芦屋線　阪神芦屋行, 西宮神戸線"
平岡幼稚園前,神姫バス（株）,かこバス・東加古川ルート
次屋,阪神バス（株）,"尼崎市内線地域線23番, 尼崎市内線地域線24番, 尼崎市内線地域線AD3番"
上宮川橋,阪急バス（株）,芦屋市内線（全系統）
鶴甲4丁目,神戸市,"16系統（神戸市）, 106系統（神戸市）"
渦森台2丁目,神戸市,"31系統（神戸市）, 38系統（神戸市）"
二俣,神姫バス（株）,かこバス・東加古川ルート
戸ノ内,阪神バス（株）,"尼崎市内線地域線21-2番, 尼崎市内線地域線23番"
池田,神姫バス（株）,かこバス・浜手ルート
中央病院前,神鉄バス（株）,201　中央病院線
中央病院前,阪急バス（株）,泉台線（19、20系統）
小公園前,みなと観光バス（株）（神戸市）,123系統
神崎,阪神バス（株）,尼崎市内線地域線23番
阪神西宮南口,阪神バス（株）,"西宮浜手線, 西宮浜線, 西宮浜線　西宮浜中央行"
労災病院前,阪神バス（株）,"杭瀬宝塚線, 尼崎宝塚線　宝塚行, 尼崎宝塚線　宝塚安倉団地行, 宝塚甲子園線　阪神甲子園行, 宝塚甲子園線　阪神鳴尾浜球場前行, 尼崎市内線地域線43番, 尼崎市内線地域線43-2番, 尼崎市内線地域線47-2番, 尼崎市内線地域線49番, 尼崎市内線地域線50番, 尼崎市内線地域線50-2番, 尼崎市内線地域線50-4番, 尼崎市内線地域線55番"
阪神西宮駅東口,阪神バス（株）,"西宮浜線, 西宮浜線　西宮浜中央行"
鶴甲団地,神戸市,36系統（神戸市）
新野辺北町3丁目東,神姫バス（株）,かこバス・別府ルート
津門,阪神バス（株）,"尼崎芦屋線　阪神芦屋行, 尼崎芦屋線　阪神西宮行, 西宮団地線"
赤塚橋,神戸市,"31系統（神戸市）, 38系統（神戸市）"
赤塚橋,みなと観光バス（株）（神戸市）,くるくるバス
甲子園商店街,阪神バス（株）,"高須東線, 高須東線　小松西町経由, 鳴尾浜線　阪神鳴尾・八番町経由, 鳴尾浜線　小松西町・八番町経由, 浜甲子園線, 武庫川団地線, 武庫川団地線　小松西町経由"
七松町3丁目,阪神バス（株）,"尼崎市内線地域線31番, 尼崎市内線地域線43番, 尼崎市内線地域線43-2番, 尼崎市内線地域線49番, 尼崎市内線地域線50番, 尼崎市内線地域線50-2番, 尼崎市内線地域線50-4番, 尼崎市内線地域線55番"
壱丁田,神姫バス（株）,"加古川31, 加古川34"
JR芦屋駅北側,みなと観光バス（株）（神戸市）,125系統
養田,神姫ゾーンバス（株）・神姫バス（株）,西神中央駅〜養田〜月が丘〜押部谷（栄）
養田,神姫バス（株）,"三木・小野・社82, 明石・西神・須磨76＿2"
阪神西宮駅東,阪急バス（株）,"西宮市内線（全系統）, 夙川台線（1、2、3、4、6、7系統）"
蓬莱山荘,神戸市,"19系統, 39系統"
赤穂海浜公園,（株）ウイング神姫,赤穂・上郡　御崎線
翠ヶ丘,阪神バス（株）,"尼崎芦屋線　阪神芦屋行, 西宮神戸線"
新川北口,神姫バス（株）,加古川3
鶴甲2丁目,神戸市,"16系統（神戸市）, 36系統（神戸市）, 106系統（神戸市）"
昭内橋,みなと観光バス（株）（神戸市）,123系統
アミング潮江前,阪神バス（株）,尼崎市内線幹線12番
アミング潮江前,尼崎交通事業振興（株）・阪神バス（株）,尼崎市内線幹線11番
ミニコープ前,みなと観光バス（株）（神戸市）,くるくるバス
千鳥,（株）ウイング神姫,赤穂・上郡　千鳥線
潮江1丁目,阪神バス（株）,"尼崎市内線地域線48-2番, 尼崎市内線地域線58番"
瓦木,阪神バス（株）,"尼崎芦屋線　阪神芦屋行, 尼崎芦屋線　阪神西宮行, 西宮団地線"
浜の宮公園南,神姫バス（株）,かこバス・浜手ルート
神崎橋,阪神バス（株）,尼崎市内線地域線23番
津門西口,阪神バス（株）,西宮甲子園線
稲葉荘2丁目,阪神バス（株）,"尼崎市内線地域線47-2番, 尼崎市内線地域線50番, 尼崎市内線地域線50-2番, 尼崎市内線地域線50-4番"
岡本テラスハウス前,みなと観光バス（株）（神戸市）,123系統
鶴甲3丁目,神戸市,36系統（神戸市）
高畑,神姫バス（株）,加古川13
JR芦屋,阪急バス（株）,"芦屋有馬線（80、81系統）, 芦屋市内線（全系統）"
正保橋,（株）ウイング神姫,赤穂・上郡　御崎線
興亜池公園北,神戸市,23系統
興亜池公園北,神姫バス（株）,"明石・西神・須磨18＿1, 明石・西神・須磨12"
惣山町1丁目,神鉄バス（株）,201　中央病院線
惣山町1丁目,阪急バス（株）,泉台線（19、20系統）
鴨子ケ原2丁目東,神戸市,"19系統, 39系統"
山之上西口,神姫バス（株）,かこバス・東加古川ルート
戸田町,阪急バス（株）,西宮市内線（全系統）
赤塚山,神戸市,"19系統, 39系統"
本町,阪神バス（株）,"西宮浜手線, 西宮浜線, 西宮浜線　西宮浜中央行"
阪神香櫨園,阪急バス（株）,夙川台線（1、2、3、4、6、7系統）
打出春日町,阪神バス（株）,"尼崎芦屋線　阪神芦屋行, 西宮神戸線"
西川,阪神バス（株）,尼崎市内線地域線23番
大正橋,阪急バス（株）,"芦屋有馬線（80、81系統）, 芦屋市内線（全系統）"
北古口,神姫バス（株）,津山・西脇・社　社（車庫前）〜三木〜明石駅
高塚台2丁目,神戸市,23系統
高塚台2丁目,神姫バス（株）,"明石・西神・須磨18＿1, 明石・西神・須磨70・73＿1, 明石・西神・須磨74"
高塚台2丁目,神姫ゾーンバス（株）・神姫バス（株）,"西神中央駅〜工業会館〜押部谷（栄）, 西神中央駅〜工業会館〜月が丘〜押部谷（栄）, 西神中央駅〜食品団地〜月が丘〜押部谷（栄）"
西宮本町,阪急バス（株）,"西宮市内線（全系統）, 夙川台線（1、2、3、4、6、7系統）"
上甲子園小学校前,阪神バス（株）,"尼崎芦屋線　阪神芦屋行, 尼崎芦屋線　阪神西宮行, 西宮団地線"
地域総合センター今北,阪神バス（株）,"尼崎市内線地域線43番, 尼崎市内線地域線43-2番, 尼崎市内線地域線47番, 尼崎市内線地域線47-2番, 尼崎市内線地域線49番, 尼崎市内線地域線50番, 尼崎市内線地域線50-2番, 尼崎市内線地域線50-4番, 尼崎市内線地域線55番"
摩耶ロープウェイ山上駅,阪急バス（株）・六甲山観光（株）,六甲摩耶スカイシャトルバス
見津が丘4丁目,神姫バス（株）,"明石・西神・須磨17, 三木・小野・社　（三木営業所）〜恵比須駅〜（自由が丘中公園）〜緑が丘駅〜神戸福産団地〜三宮〜（神戸空港）, 三木・小野・社　青山5丁目〜緑が丘駅〜三宮"
今北,阪神バス（株）,"尼崎市内線地域線43番, 尼崎市内線地域線43-2番, 尼崎市内線地域線47番, 尼崎市内線地域線47-2番, 尼崎市内線地域線49番, 尼崎市内線地域線50番, 尼崎市内線地域線50-2番, 尼崎市内線地域線50-4番, 尼崎市内線地域線55番"
新野辺第9,神姫バス（株）,かこバス・別府ルート
惣山町4丁目,神鉄バス（株）,201　中央病院線
惣山町4丁目,阪急バス（株）,泉台線（19、20系統）
見津が丘6丁目,神姫バス（株）,"明石・西神・須磨17, 三木・小野・社　（三木営業所）〜恵比須駅〜（自由が丘中公園）〜緑が丘駅〜神戸福産団地〜三宮〜（神戸空港）, 三木・小野・社　三宮〜神戸福産団地〜押部谷駅前〜三木営業所〜社"
新野辺北町2丁目,神姫バス（株）,かこバス・別府ルート
浜浦町,阪神バス（株）,"尼崎市内線幹線14番, 尼崎市内線幹線15番, 尼崎市内線地域線30番, 尼崎市内線地域線43番, 尼崎市内線地域線43-2番, 尼崎市内線地域線47番, 尼崎市内線地域線47-2番, 尼崎市内線地域線49番, 尼崎市内線地域線50番, 尼崎市内線地域線50-2番, 尼崎市内線地域線50-4番, 尼崎市内線地域線55番, 尼崎市内線地域線60番, 尼崎市内線地域線AD1番"
荒戎町,阪神バス（株）,西宮浜手線
和田が市,神姫バス（株）,明石・西神・須磨12
亀の井ホテル赤穂,（株）ウイング神姫,赤穂・上郡　御崎線
戎神社前,阪神バス（株）,西宮浜手線
大正橋,阪急バス（株）,芦屋市内線（全系統）
山打出,阪神バス（株）,"尼崎芦屋線　阪神芦屋行, 西宮神戸線"
山打出,阪急バス（株）,芦屋市内線（全系統）
森林植物園西口,神戸市,25系統（神戸市）
JR芦屋南口,阪急バス（株）,"芦屋有馬線（80、81系統）, 芦屋市内線（全系統）"
鴨子ケ原2丁目,神戸市,"19系統, 39系統"
西芦屋町,みなと観光バス（株）（神戸市）,125系統
潮江,阪神バス（株）,尼崎市内線幹線12番
潮江,尼崎交通事業振興（株）・阪神バス（株）,尼崎市内線幹線11番
国道上甲子園,阪神バス（株）,"尼崎芦屋線　阪神芦屋行, 尼崎芦屋線　阪神西宮行, 西宮団地線"
神鋼二俣社宅前,神姫バス（株）,かこバス・東加古川ルート
昭生病院前,神戸市,26系統（神戸市）
七松小学校,阪神バス（株）,"尼崎市内線幹線14番, 尼崎市内線幹線15番, 尼崎市内線地域線AD1番"
浜,阪神バス（株）,"尼崎市内線地域線23番, 尼崎市内線地域線24番, 尼崎市内線地域線AD3番"
川北口,神姫バス（株）,加古川3
赤穂市立野外活動センター,（株）ウイング神姫,赤穂・上郡　御崎線
尼崎西消防署前,阪神バス（株）,"杭瀬宝塚線, 尼崎宝塚線　宝塚行, 尼崎宝塚線　宝塚安倉団地行, 宝塚甲子園線　阪神甲子園行, 宝塚甲子園線　阪神鳴尾浜球場前行, 尼崎市内線地域線47番"
三条南町,みなと観光バス（株）（神戸市）,125系統
神大人間発達環境学研究科前,神戸市,36系統（神戸市）
県道上甲子園,阪神バス（株）,"高須東線, 鳴尾浜線　阪神鳴尾・八番町経由, 浜甲子園線, 武庫川団地線, 西宮団地線"
JR芦屋駅前,阪神バス（株）,"尼崎芦屋線　阪神芦屋行, 西宮神戸線"
阪神打出,阪急バス（株）,芦屋市内線（全系統）
戸崎町,阪神バス（株）,"尼崎芦屋線　阪神芦屋行, 尼崎芦屋線　阪神西宮行, 鳴尾浜線　阪神鳴尾・八番町経由, 浜甲子園線, 武庫川団地線"
正福寺,（株）ウイング神姫,赤穂・上郡　御崎線
市役所（尼崎）,阪神バス（株）,"尼崎市内線幹線14番, 尼崎市内線幹線15番, 尼崎市内線地域線31番, 尼崎市内線地域線43番, 尼崎市内線地域線43-2番, 尼崎市内線地域線49番, 尼崎市内線地域線50番, 尼崎市内線地域線50-2番, 尼崎市内線地域線50-4番, 尼崎市内線地域線55番, 尼崎市内線地域線AD1番"
JR尼崎［北］,尼崎交通事業振興（株）・阪神バス（株）,尼崎市内線幹線11番
JR尼崎［北］,阪神バス（株）,"尼崎市内線幹線12番, 尼崎市内線地域線48-2番, 尼崎市内線地域線58番"
神戸複産団地東,神姫バス（株）,"明石・西神・須磨17, 三木・小野・社　（三木営業所）〜恵比須駅〜（自由が丘中公園）〜緑が丘駅〜神戸福産団地〜三宮〜（神戸空港）, 三木・小野・社　三宮〜神戸福産団地〜押部谷駅前〜三木営業所〜社"
橘公園,阪神バス（株）,"尼崎市内線地域線31番, 尼崎市内線地域線43番, 尼崎市内線地域線43-2番, 尼崎市内線地域線50番, 尼崎市内線地域線50-2番, 尼崎市内線地域線50-4番, 尼崎市内線地域線55番"
鶴甲南,神戸市,"16系統（神戸市）, 106系統（神戸市）"
石在町,阪急バス（株）,西宮市内線（全系統）
住吉山手,神戸市,"19系統, 39系統"
尾上公民館前,神姫バス（株）,かこバス・鳩里・尾上ルート
神大附属前,神戸市,"19系統, 39系統"
北五葉3丁目,阪急バス（株）,西鈴神戸線（150、151、158系統）
森北町6丁目,みなと観光バス（株）（神戸市）,123系統
森北町4丁目,みなと観光バス（株）（神戸市）,123系統
落合橋,みなと観光バス（株）（神戸市）,くるくるバス
阪神今津駅前,阪神バス（株）,西宮甲子園線
万葉ハイツ前,神姫バス（株）,かこバス・東加古川ルート
鴨子ケ原3丁目,神戸市,"19系統, 39系統"
御旅,神姫バス（株）,加古川2
別府駅北,神姫バス（株）,かこバス・別府ルート
甲子園二番町,阪神バス（株）,"高須東線, 鳴尾浜線　阪神鳴尾・八番町経由, 浜甲子園線, 武庫川団地線, 西宮団地線"
興亜池公園,神戸市,23系統
興亜池公園,神姫バス（株）,"明石・西神・須磨12, 明石・西神・須磨24"
興亜池公園,神戸市・神姫バス（株）,24系統
芦屋川,阪神バス（株）,"尼崎芦屋線　阪神芦屋行, 西宮神戸線"
平岡公民館,加古川市かこばすミニ運営,かこバスミニ・平岡東ルート
六甲台北,神戸市,36系統（神戸市）
千鳥南口,（株）ウイング神姫,赤穂・上郡　千鳥線
中野,神姫バス（株）,かこバス・東加古川ルート
平和霊苑前,神姫バス（株）,明石・西神・須磨　快速38
森北町1丁目,みなと観光バス（株）（神戸市）,125系統
上岩岡北,神姫バス（株）,明石・西神・須磨12
北五葉2丁目,阪急バス（株）,西鈴神戸線（150、151、158系統）
別府西小学校前,神姫バス（株）,かこバス・浜手ルート
養田下,神姫バス（株）,"三木・小野・社82, 明石・西神・須磨76＿2"
養田下,神姫ゾーンバス（株）・神姫バス（株）,西神中央駅〜養田〜月が丘〜押部谷（栄）
西川1丁目,阪神バス（株）,"尼崎市内線地域線23番, 尼崎市内線地域線24番, 尼崎市内線地域線AD3番"
上下水道庁舎前,阪神バス（株）,"尼崎市内線地域線22-2番, 尼崎市内線地域線31番, 尼崎市内線地域線43番, 尼崎市内線地域線43-2番, 尼崎市内線地域線50番, 尼崎市内線地域線50-2番, 尼崎市内線地域線50-4番, 尼崎市内線地域線55番, 尼崎市内線地域線AD2番"
上下水道庁舎前,尼崎交通事業振興（株）・阪神バス（株）,尼崎市内線幹線13番・13-2番
東御崎,（株）ウイング神姫,赤穂・上郡　御崎線
百丁場口,神姫バス（株）,加古川3
炭山橋,神戸市,26系統（神戸市）
武庫大橋,阪神バス（株）,"尼崎芦屋線　阪神芦屋行, 尼崎芦屋線　阪神西宮行, 宝塚甲子園線　阪神甲子園行, 宝塚甲子園線　阪神鳴尾浜球場前行, 野田尼崎甲子園線　阪神甲子園行"
加古のうみこども園前,神姫バス（株）,"かこバス・浜手ルート, かこバス・別府ルート"
神戸ワイナリー,神姫ゾーンバス（株）,西神中央駅〜直通〜神戸ワイナリー（西神戸高等特別支援学校）
神戸ワイナリー,神姫バス（株）,明石・西神・須磨27＿1
北五葉7丁目,阪急バス（株）,西鈴神戸線（150、151、158系統）
JR甲南山手,神戸市,"30系統（神戸市）, 31系統（神戸市）, 33系統（神戸市）, 34系統（神戸市）, 37系統（神戸市）"
機械金属団地前,神戸市,23系統
機械金属団地前,神姫バス（株）,"明石・西神・須磨70・73＿1, 明石・西神・須磨12, 明石・西神・須磨24"
機械金属団地前,神戸市・神姫バス（株）,24系統
機械金属団地前,神姫ゾーンバス（株）・神姫バス（株）,"西神中央駅〜工業会館〜押部谷（栄）, 西神中央駅〜工業会館〜月が丘〜押部谷（栄）"
公民館前,神鉄バス（株）,201　中央病院線
イオンタウン東加古川,加古川市かこばすミニ運営,かこバスミニ・平岡東ルート
小曽根一丁目,阪神バス（株）,"宝塚甲子園線　阪神甲子園行, 宝塚甲子園線　阪神鳴尾浜球場前行, 野田尼崎甲子園線　阪神甲子園行, 高須東線　小松西町経由, 鳴尾浜線　小松西町・八番町経由, 武庫川団地線　小松西町経由"
小田南生涯学習プラザ前,阪神バス（株）,"尼崎市内線地域線23番, 尼崎市内線地域線24番, 尼崎市内線地域線AD3番"
川東町,阪神バス（株）,西宮浜手線
川東町,阪急バス（株）,夙川台線（1、2、3、4、6、7系統）
JR尼崎［南］,阪神バス（株）,"野田尼崎甲子園線　阪神甲子園行, 尼崎市内線地域線23番, 尼崎市内線地域線24番, 尼崎市内線地域線48番, 尼崎市内線地域線50番, 尼崎市内線地域線50-2番, 尼崎市内線地域線50-3番, 尼崎市内線地域線50-4番, 尼崎市内線地域線51番, 尼崎市内線地域線52番, 尼崎市内線地域線55番, 尼崎市内線地域線AD3番"
西難波北,阪神バス（株）,"尼崎市内線幹線14番, 尼崎市内線幹線15番, 尼崎市内線地域線49番, 尼崎市内線地域線AD1番"
農業公園,神姫バス（株）,"明石・西神・須磨81＿1, 明石・西神・須磨20＿2"
農業公園,神姫ゾーンバス（株）,"西神中央駅〜桜が丘〜月が丘〜押部谷（栄）, 青山5丁目〜緑が丘駅〜富士見が丘〜農業公園〜西神中央駅"
農業公園,神姫ゾーンバス（株）・神姫バス（株）,"西神中央駅〜桜が丘〜押部谷（栄）, 西神中央駅〜農業公園〜月が丘〜押部谷（栄）, 西神中央駅〜農業公園〜富士見が丘〜緑が丘駅"
西山町,（株）ウイング神姫,赤穂・上郡　御崎線
茶屋ノ町,阪急バス（株）,芦屋市内線（全系統）
宮前町,阪急バス（株）,夙川台線（1、2、3、4、6、7系統）
上村,神姫バス（株）,明石・西神・須磨12
JR甲南山手駅,みなと観光バス（株）（神戸市）,"125系統, 123系統, 126系統"
稲葉荘一丁目,阪神バス（株）,"尼崎芦屋線　阪神芦屋行, 尼崎芦屋線　阪神西宮行, 宝塚甲子園線　阪神甲子園行, 宝塚甲子園線　阪神鳴尾浜球場前行, 野田尼崎甲子園線　阪神甲子園行, 尼崎市内線地域線47-2番, 尼崎市内線地域線50番, 尼崎市内線地域線50-2番, 尼崎市内線地域線50-4番"
石在町,阪神バス（株）,西宮浜手線
西岡本7丁目,神戸市,31系統
宮塚公園前,阪急バス（株）,芦屋市内線（全系統）
食品団地前,神戸市,23系統
食品団地前,神姫バス（株）,"明石・西神・須磨18＿1, 明石・西神・須磨74"
食品団地前,神姫ゾーンバス（株）・神姫バス（株）,西神中央駅〜食品団地〜月が丘〜押部谷（栄）
甲子園三番町,阪神バス（株）,"高須東線, 鳴尾浜線　阪神鳴尾・八番町経由, 浜甲子園線, 武庫川団地線, 西宮団地線"
平岡団地集会室前,加古川市かこばすミニ運営,かこバスミニ・平岡東ルート
スポーツセンター,阪神バス（株）,"尼崎市内線地域線22番, 尼崎市内線地域線48番"
スポーツセンター,阪急バス（株）,尼崎線（56、57系統）
用海町,阪急バス（株）,"西宮市内線（全系統）, 夙川台線（1、2、3、4、6、7系統）"
美容室SORA前,みなと観光バス（株）（神戸市）,"123系統, 126系統"
甲南医療センター下,神戸市,"19系統, 39系統"
二軒茶屋,神姫バス（株）,三田駅周辺14＿1
二軒茶屋,阪急バス（株）,山の街線（12、16、30系統）
宮川小学校前,阪急バス（株）,芦屋市内線（全系統）
川口町東,（株）ウイング神姫,赤穂・上郡　御崎線
白鶴美術館前,神戸市,"31系統（神戸市）, 38系統（神戸市）"
城の宮,神姫バス（株）,加古川13
森北町2丁目,神戸市,"31系統（神戸市）, 33系統（神戸市）, 34系統（神戸市）"
森北町2丁目,みなと観光バス（株）（神戸市）,"123系統, 126系統"
津知,阪神バス（株）,西宮神戸線
別府駅,神姫バス（株）,"加古川31, 加古川34, かこバス・浜手ルート, かこバス・別府ルート"
興亜池公園南,神姫バス（株）,"明石・西神・須磨18＿1, 明石・西神・須磨24"
興亜池公園南,神戸市・神姫バス（株）,24系統
西大島,阪神バス（株）,"尼崎芦屋線　阪神芦屋行, 尼崎芦屋線　阪神西宮行, 杭瀬宝塚線, 尼崎宝塚線　宝塚行, 尼崎宝塚線　宝塚安倉団地行, 宝塚甲子園線　阪神甲子園行, 宝塚甲子園線　阪神鳴尾浜球場前行, 野田尼崎甲子園線　阪神甲子園行, 尼崎市内線地域線47番, 尼崎市内線地域線47-2番, 尼崎市内線地域線50番, 尼崎市内線地域線50-2番, 尼崎市内線地域線50-4番"
古川,阪神バス（株）,"尼崎市内線地域線23番, 尼崎市内線地域線24番, 尼崎市内線地域線AD3番"
百丁場,神姫バス（株）,加古川3
尼崎総合医療センター正門前,阪神バス（株）,尼崎市内線地域線50-3番
尼崎総合医療センター正門前,尼崎交通事業振興（株）・阪神バス（株）,尼崎市内線幹線13番・13-2番
別府公民館前,神姫バス（株）,かこバス・浜手ルート
平岡団地3号棟前,加古川市かこばすミニ運営,かこバスミニ・平岡東ルート
リカーショップ小南,加古川市かこばすミニ運営,かこバスミニ・平岡東ルート
岡本7丁目,神戸市,"31系統（神戸市）, 31系統, 33系統（神戸市）"
尼崎総合医療センター,阪神バス（株）,"尼崎市内線地域線22-2番, 尼崎市内線地域線31番, 尼崎市内線地域線43番, 尼崎市内線地域線43-2番, 尼崎市内線地域線50番, 尼崎市内線地域線50-2番, 尼崎市内線地域線50-3番, 尼崎市内線地域線50-4番, 尼崎市内線地域線55番, 尼崎市内線地域線AD2番"
尼崎総合医療センター,尼崎交通事業振興（株）・阪神バス（株）,尼崎市内線幹線13番・13-2番
岡本9丁目,神戸市,"31系統（神戸市）, 31系統, 33系統（神戸市）"
六甲台,神戸市,36系統（神戸市）
平岡団地20号棟前,加古川市かこばすミニ運営,かこバスミニ・平岡東ルート
甲南医療センター前,神戸市,"19系統, 39系統"
東大島,阪神バス（株）,"尼崎芦屋線　阪神芦屋行, 尼崎芦屋線　阪神西宮行, 杭瀬宝塚線, 尼崎宝塚線　宝塚行, 尼崎宝塚線　宝塚安倉団地行, 野田尼崎甲子園線　阪神甲子園行"
小田南生涯学習プラザ前,阪神バス（株）,尼崎市内線幹線12番
小田南生涯学習プラザ前,尼崎交通事業振興（株）・阪神バス（株）,尼崎市内線幹線11番
西難波中,阪神バス（株）,"尼崎市内線幹線14番, 尼崎市内線幹線15番, 尼崎市内線地域線49番, 尼崎市内線地域線AD1番"
業平橋,阪神バス（株）,尼崎芦屋線　阪神芦屋行
業平橋,阪急バス（株）,芦屋市内線（全系統）
大島1丁目,阪神バス（株）,"尼崎市内線地域線47番, 尼崎市内線地域線47-2番, 尼崎市内線地域線50番, 尼崎市内線地域線50-2番, 尼崎市内線地域線50-4番"
浜田小学校,阪神バス（株）,"尼崎市内線地域線30番, 尼崎市内線地域線60番"
天満橋,神姫バス（株）,加古川2
新野辺,神姫バス（株）,かこバス・浜手ルート
上岩岡,神姫バス（株）,明石・西神・須磨12
東山団地,神鉄バス（株）,201　中央病院線
東難波町2丁目,阪神バス（株）,尼崎市内線幹線15番
喜瀬川台3号棟前,加古川市かこばすミニ運営,かこバスミニ・平岡東ルート
本山北町1丁目,神戸市,"30系統（神戸市）, 31系統（神戸市）, 33系統（神戸市）, 34系統（神戸市）"
喜瀬川台4号棟前,加古川市かこばすミニ運営,かこバスミニ・平岡東ルート
交通公園前,阪神バス（株）,"西宮浜線, 西宮浜線　西宮浜中央行"
高塚台4丁目,神戸市・神姫バス（株）,24系統
高塚台4丁目,神姫バス（株）,明石・西神・須磨24
森南町,阪神バス（株）,西宮神戸線
本山北町2丁目,みなと観光バス（株）（神戸市）,126系統
県立芦谷高校前,阪急バス（株）,芦屋市内線（全系統）
野添城3丁目,神姫バス（株）,加古川13
日立建機前,神姫バス（株）,加古川3
西上村,神姫バス（株）,明石・西神・須磨12
堅田,神姫バス（株）,"明石・西神・須磨37A, 明石・西神・須磨38, 明石・西神・須磨39"
新落合橋,神戸市,31系統（神戸市）
住吉山手4丁目,神戸市,"19系統, 39系統"
別府駅南,神姫バス（株）,"かこバス・浜手ルート, かこバス・別府ルート"
建石町,阪神バス（株）,西宮浜手線
浜町,阪神バス（株）,西宮浜手線
別府駅東,神姫バス（株）,"加古川31, 加古川34"
公園前,神戸市,32系統（神戸市）
本山第一小学校前,神戸市,"30系統（神戸市）, 31系統（神戸市）, 33系統（神戸市）, 34系統（神戸市）, 43系統（神戸市）"
小曽根三丁目（阪神）,阪神バス（株）,"宝塚甲子園線　阪神甲子園行, 宝塚甲子園線　阪神鳴尾浜球場前行, 野田尼崎甲子園線　阪神甲子園行, 高須東線　小松西町経由, 鳴尾浜線　小松西町・八番町経由, 武庫川団地線　小松西町経由"
白鹿博物館前,阪神バス（株）,西宮浜手線
西神工業会館,神戸市,23系統
西神工業会館,神姫バス（株）,"明石・西神・須磨70・73＿1, 明石・西神・須磨12, 明石・西神・須磨24"
西神工業会館,神戸市・神姫バス（株）,24系統
今津二葉町,阪神バス（株）,西宮甲子園線
六甲台西,神戸市,26系統（神戸市）
西神工業会館前,神姫ゾーンバス（株）・神姫バス（株）,"西神中央駅〜工業会館〜押部谷（栄）, 西神中央駅〜工業会館〜月が丘〜押部谷（栄）"
本山北町3丁目北,みなと観光バス（株）（神戸市）,126系統
東難波町3丁目,阪神バス（株）,"尼崎市内線幹線15番, 尼崎市内線地域線22-2番, 尼崎市内線地域線31番, 尼崎市内線地域線43番, 尼崎市内線地域線43-2番, 尼崎市内線地域線50番, 尼崎市内線地域線50-2番, 尼崎市内線地域線50-3番, 尼崎市内線地域線50-4番, 尼崎市内線地域線55番, 尼崎市内線地域線AD2番"
東難波町3丁目,尼崎交通事業振興（株）・阪神バス（株）,尼崎市内線幹線13番・13-2番
土山公会堂,加古川市かこばすミニ運営,かこバスミニ・平岡東ルート
高塚台5丁目,神姫バス（株）,"明石・西神・須磨18＿1, 明石・西神・須磨74"
高塚台5丁目,神姫ゾーンバス（株）・神姫バス（株）,西神中央駅〜食品団地〜月が丘〜押部谷（栄）
東町,阪神バス（株）,"西宮浜手線, 西宮浜甲子園線"
東町,阪急バス（株）,西宮市内線（全系統）
本山第三小学校前,神戸市,43系統（神戸市）
神大国際文化学研究科前,神戸市,"16系統（神戸市）, 16系統, 106系統（神戸市）, 急行"
学習の森前,神戸市,25系統（神戸市）
西長洲本通2丁目,阪神バス（株）,"尼崎市内線地域線22番, 尼崎市内線地域線22-2番, 尼崎市内線地域線23番, 尼崎市内線地域線48番, 尼崎市内線地域線50番, 尼崎市内線地域線50-2番, 尼崎市内線地域線50-3番, 尼崎市内線地域線50-4番, 尼崎市内線地域線55番"
西長洲本通2丁目,尼崎交通事業振興（株）・阪神バス（株）,尼崎市内線幹線11番
西長洲本通二丁目,阪急バス（株）,尼崎線（56、57系統）
岡本水道路,神戸市,"31系統（神戸市）, 31系統, 33系統（神戸市）"
波洲橋,阪神バス（株）,"尼崎市内線地域線22-2番, 尼崎市内線地域線50番, 尼崎市内線地域線50-2番, 尼崎市内線地域線50-3番, 尼崎市内線地域線50-4番, 尼崎市内線地域線55番"
御崎,（株）ウイング神姫,赤穂・上郡　御崎線
別府,神姫バス（株）,"かこバス・浜手ルート, かこバス・別府ルート"
六甲団地前,神戸市,36系統（神戸市）
甲子園五番町,阪神バス（株）,"高須東線, 鳴尾浜線　阪神鳴尾・八番町経由, 浜甲子園線, 武庫川団地線, 西宮団地線"
浜松原町,阪神バス（株）,"西宮浜手線, 西宮浜甲子園線"
浜松原町,阪急バス（株）,西宮市内線（全系統）
森,神戸市,30系統（神戸市）
森,阪神バス（株）,西宮神戸線
金楽寺,阪神バス（株）,"尼崎市内線地域線23番, 尼崎市内線地域線48番, 尼崎市内線地域線50番, 尼崎市内線地域線50-2番, 尼崎市内線地域線50-3番, 尼崎市内線地域線50-4番, 尼崎市内線地域線55番"
金楽寺,尼崎交通事業振興（株）・阪神バス（株）,尼崎市内線幹線11番
寺上,神姫バス（株）,明石・西神・須磨12
尼崎浜田車庫前,阪神バス（株）,"尼崎芦屋線　阪神芦屋行, 尼崎芦屋線　阪神西宮行, 杭瀬宝塚線, 尼崎宝塚線　宝塚行, 尼崎宝塚線　宝塚安倉団地行, 野田尼崎甲子園線　阪神甲子園行"
阪神芦屋,阪神バス（株）,尼崎芦屋線　阪神芦屋行
阪神芦屋,阪急バス（株）,"芦屋有馬線（80、81系統）, 芦屋市内線（全系統）"
西岡本4丁目,神戸市,33系統（神戸市）
宮谷通,神戸市,32系統（神戸市）
JR本山駅前,神戸市,"30系統（神戸市）, 31系統（神戸市）, 31系統, 33系統（神戸市）, 34系統（神戸市）, 43系統（神戸市）"
神大本部工学部前,神戸市,36系統（神戸市）
大東町,阪急バス（株）,芦屋市内線（全系統）
阪急岡本駅南側,みなと観光バス（株）（神戸市）,126系統
神大正門前,神戸市,36系統（神戸市）
大島2丁目,阪神バス（株）,"尼崎市内線地域線47番, 尼崎市内線地域線47-2番, 尼崎市内線地域線50番, 尼崎市内線地域線50-2番, 尼崎市内線地域線50-4番"
古池,赤穂市,市内循環バスゆらのすけ・東西ルート
東灘本庄町,神戸市,37系統（神戸市）
相の山,神姫バス（株）,加古川3
狩場台5丁目,神姫バス（株）,"明石・西神・須磨27＿1, 明石・西神・須磨81＿1, 明石・西神・須磨24, 明石・西神・須磨20＿2"
狩場台5丁目,神戸市・神姫バス（株）,24系統
狩場台5丁目,神姫ゾーンバス（株）,"西神中央駅〜桜が丘〜月が丘〜押部谷（栄）, 青山5丁目〜緑が丘駅〜富士見が丘〜農業公園〜西神中央駅"
狩場台5丁目,神姫ゾーンバス（株）・神姫バス（株）,"西神中央駅〜桜が丘〜押部谷（栄）, 西神中央駅〜農業公園〜月が丘〜押部谷（栄）, 西神中央駅〜農業公園〜富士見が丘〜緑が丘駅"
長洲本通,阪神バス（株）,"野田尼崎甲子園線　阪神甲子園行, 尼崎市内線地域線23番, 尼崎市内線地域線24番, 尼崎市内線地域線48番, 尼崎市内線地域線50番, 尼崎市内線地域線50-2番, 尼崎市内線地域線50-3番, 尼崎市内線地域線50-4番, 尼崎市内線地域線51番, 尼崎市内線地域線52番, 尼崎市内線地域線55番, 尼崎市内線地域線AD3番"
長洲本通,尼崎交通事業振興（株）・阪神バス（株）,尼崎市内線幹線11番
南宮町西,阪急バス（株）,芦屋市内線（全系統）
西難波南,阪神バス（株）,"尼崎市内線幹線14番, 尼崎市内線地域線49番, 尼崎市内線地域線AD1番"
神大文理農学部前,神戸市,36系統（神戸市）
神戸親和女子大学前,神鉄バス（株）,211・212・213　中里線
岡本2丁目,神戸市,"31系統（神戸市）, 31系統, 33系統（神戸市）, 34系統（神戸市）, 43系統（神戸市）"
堅田橋,神姫バス（株）,"明石・西神・須磨29, 明石・西神・須磨37A"
神戸親和大学,阪急バス（株）,"鈴蘭台線（61系統）, 山の街線（12、16、30系統）"
工業高校（尼崎）,尼崎交通事業振興（株）・阪神バス（株）,尼崎市内線幹線11番
工業高校（尼崎）,阪神バス（株）,"尼崎市内線幹線12番, 尼崎市内線地域線24番, 尼崎市内線地域線50-2番"
南警察署西分庁舎,阪神バス（株）,"尼崎市内線地域線30番, 尼崎市内線地域線60番"
常光寺西,阪神バス（株）,"尼崎市内線幹線12番, 尼崎市内線地域線24番, 尼崎市内線地域線50-2番"
今津出在家町,阪神バス（株）,西宮甲子園線
深田池,神戸市,"19系統, 39系統"
東難波町4丁目,阪神バス（株）,"尼崎市内線幹線15番, 尼崎市内線地域線31番, 尼崎市内線地域線43番, 尼崎市内線地域線43-2番, 尼崎市内線地域線AD2番"
東難波町4丁目,尼崎交通事業振興（株）・阪神バス（株）,尼崎市内線幹線13番・13-2番
南宮町南,阪急バス（株）,芦屋市内線（全系統）
観音橋,神戸市,38系統（神戸市）
泥ヶ谷,神姫バス（株）,加古川3
本山中町,神戸市,43系統（神戸市）
本山中町,阪神バス（株）,西宮神戸線
甲子園六番町,阪神バス（株）,"宝塚甲子園線　阪神甲子園行, 宝塚甲子園線　阪神鳴尾浜球場前行, 野田尼崎甲子園線　阪神甲子園行"
鞍掛町,阪神バス（株）,"西宮浜線, 西宮浜線　西宮浜中央行, 西宮浜甲子園線"
泉町,阪神バス（株）,西宮浜手線
寺谷,神姫バス（株）,"明石・西神・須磨13, 明石・西神・須磨17"
小松北町,阪神バス（株）,"宝塚甲子園線　阪神甲子園行, 宝塚甲子園線　阪神鳴尾浜球場前行, 野田尼崎甲子園線　阪神甲子園行, 高須東線　小松西町経由, 鳴尾浜線　小松西町・八番町経由, 武庫川団地線　小松西町経由"
宮地医院,加古川市かこばすミニ運営,かこバスミニ・平岡東ルート
六分一山,神姫バス（株）,"加古川2, 加古川3"
西岡本1丁目,みなと観光バス（株）（神戸市）,126系統
東浜町,阪急バス（株）,西宮市内線（全系統）
東光商会前,みなと観光バス（株）（神戸市）,126系統
常光寺,阪神バス（株）,"尼崎市内線幹線12番, 尼崎市内線地域線24番, 尼崎市内線地域線50-2番"
堅田南,神姫バス（株）,"明石・西神・須磨29, 明石・西神・須磨37A, 明石・西神・須磨38, 明石・西神・須磨39"
御影山手,神戸市,32系統（神戸市）
JA加古川南土山支所,加古川市かこばすミニ運営,かこバスミニ・平岡東ルート
鈴蘭台東口,神鉄バス（株）,201　中央病院線
鈴蘭台東口,阪急バス（株）,"鈴蘭台線（61系統）, 山の街線（12、16、30系統）"
東山,神姫バス（株）,"加古川2, 加古川3"
野添北公園前,神姫バス（株）,加古川13
呉川町,阪急バス（株）,芦屋市内線（全系統）
寺下,神姫バス（株）,明石・西神・須磨12
南浜田,阪神バス（株）,"尼崎芦屋線　阪神芦屋行, 尼崎芦屋線　阪神西宮行, 杭瀬宝塚線, 尼崎宝塚線　宝塚行, 尼崎宝塚線　宝塚安倉団地行, 野田尼崎甲子園線　阪神甲子園行"
小路,神戸市,43系統（神戸市）
小路,阪神バス（株）,西宮神戸線
西鈴蘭台駅前,神鉄バス（株）,"9・10・11・18　星和台線, 201　中央病院線, 君影団地線"
西鈴蘭台駅,阪急バス（株）,西鈴神戸線（150、151、158系統）
高塚山緑地,神姫バス（株）,"明石・西神・須磨27＿1, 明石・西神・須磨81＿1, 明石・西神・須磨20＿2"
高塚山緑地,神姫ゾーンバス（株）,"西神中央駅〜桜が丘〜月が丘〜押部谷（栄）, 青山5丁目〜緑が丘駅〜富士見が丘〜農業公園〜西神中央駅"
高塚山緑地,神姫ゾーンバス（株）・神姫バス（株）,"西神中央駅〜桜が丘〜押部谷（栄）, 西神中央駅〜農業公園〜月が丘〜押部谷（栄）, 西神中央駅〜農業公園〜富士見が丘〜緑が丘駅"
西岡本3丁目,神戸市,33系統（神戸市）
高塚公園前,神戸市,23系統
高塚公園前,神姫バス（株）,"明石・西神・須磨70・73＿1, 明石・西神・須磨12, 明石・西神・須磨24"
高塚公園前,神戸市・神姫バス（株）,24系統
高塚公園前,神姫ゾーンバス（株）・神姫バス（株）,"西神中央駅〜工業会館〜押部谷（栄）, 西神中央駅〜工業会館〜月が丘〜押部谷（栄）"
東町公園,阪急バス（株）,"鈴蘭台線（61系統）, 山の街線（12、16、30系統）"
水源地,神姫バス（株）,三田駅周辺14＿1
水源池前,阪急バス（株）,"鈴蘭台線（61系統）, 山の街線（12、16、30系統）"
西波止町,阪神バス（株）,西宮浜手線
高塚高校前,神姫バス（株）,"明石・西神・須磨37A, 明石・西神・須磨74, 明石・西神・須磨39, 三木・小野・社82, 明石・西神・須磨76＿2"
高塚高校前,神姫ゾーンバス（株）・神姫バス（株）,"西神中央駅〜食品団地〜月が丘〜押部谷（栄）, 西神中央駅〜養田〜月が丘〜押部谷（栄）"
六甲台南口,神戸市,"26系統（神戸市）, 36系統（神戸市）"
阪急御影北口,神戸市,"19系統, 39系統"
西岡本2丁目,神戸市,33系統（神戸市）
別府東町,神姫バス（株）,かこバス・別府ルート
山手大通,神戸市,32系統（神戸市）
住吉中学校南,神戸市,37系統（神戸市）
新浜町,阪急バス（株）,芦屋市内線（全系統）
誠成公倫会館,阪神バス（株）,誠成公倫会線
誠成公倫会館,阪急バス（株）,西宮市内線（全系統）
東灘小学校前,神戸市,37系統（神戸市）
狩場台小学校前,神戸市・神姫バス（株）,24系統
狩場台小学校前,神姫バス（株）,明石・西神・須磨24
自動車教習所前,神姫バス（株）,"加古川31, 加古川34"
大島3丁目,阪神バス（株）,"尼崎市内線地域線47番, 尼崎市内線地域線47-2番, 尼崎市内線地域線50番, 尼崎市内線地域線50-2番, 尼崎市内線地域線50-4番"
鈴蘭台駅,阪急バス（株）,"鈴蘭台線（61系統）, 山の街線（12、16、30系統）"
篠原北町3丁目,神戸市,26系統（神戸市）
永保橋,阪急バス（株）,芦屋市内線（全系統）
阪急御影,神戸市,"19系統, 37系統（神戸市）, 39系統"
西谷町,阪神バス（株）,西宮浜甲子園線
朝凪町,阪急バス（株）,西宮市内線（全系統）
地方合同庁舎,阪神バス（株）,"尼崎市内線幹線15番, 尼崎市内線地域線31番, 尼崎市内線地域線43番, 尼崎市内線地域線43-2番, 尼崎市内線地域線AD2番"
地方合同庁舎,尼崎交通事業振興（株）・阪神バス（株）,尼崎市内線幹線13番・13-2番
阪急御影駅南,みなと観光バス（株）（神戸市）,"131系統, 126系統"
天神山,神戸市,32系統（神戸市）
芦屋浜営業所前,阪急バス（株）,芦屋市内線（全系統）
西難波,阪神バス（株）,"尼崎芦屋線　阪神芦屋行, 尼崎芦屋線　阪神西宮行, 杭瀬宝塚線, 尼崎宝塚線　宝塚行, 尼崎宝塚線　宝塚安倉団地行, 野田尼崎甲子園線　阪神甲子園行"
西場,神姫バス（株）,明石・西神・須磨12
平岡東小学校南,加古川市かこばすミニ運営,かこバスミニ・平岡東ルート
阪急御影,神戸フェリーバス（株）,"フェリーさんふらわあ連絡バス, 阪九フェリー連絡バス"
高羽町,神戸市,"16系統（神戸市）, 106系統（神戸市）"
住吉本町3丁目,神戸市,37系統（神戸市）
再度公園,神戸市,25系統（神戸市）
西長洲,阪神バス（株）,"尼崎市内線地域線22番, 尼崎市内線地域線22-2番, 尼崎市内線地域線23番"
西長洲,尼崎交通事業振興（株）・阪神バス（株）,尼崎市内線幹線11番
西長洲,阪急バス（株）,尼崎線（56、57系統）
灘丸山公園前,神戸市,102系統（神戸市）
鈴蘭台駅前,神鉄バス（株）,"201　中央病院線, 君影団地線, 211・212・213　中里線"
水道橋,神戸市,"33系統（神戸市）, 38系統（神戸市）"
高羽小学校,神戸市,106系統（神戸市）
鳴尾高校前,阪神バス（株）,"宝塚甲子園線　阪神甲子園行, 宝塚甲子園線　阪神鳴尾浜球場前行, 野田尼崎甲子園線　阪神甲子園行"
御影上ノ山,神戸市,37系統（神戸市）
ダイエー前,神鉄バス（株）,君影団地線
昭和通八丁目,阪神バス（株）,"尼崎芦屋線　阪神芦屋行, 尼崎芦屋線　阪神西宮行, 杭瀬宝塚線, 尼崎宝塚線　宝塚行, 尼崎宝塚線　宝塚安倉団地行, 野田尼崎甲子園線　阪神甲子園行, 尼崎市内線幹線14番, 尼崎市内線地域線49番, 尼崎市内線地域線AD1番"
崇徳院,阪神バス（株）,"尼崎市内線地域線30番, 尼崎市内線地域線60番"
天満神社,阪神バス（株）,"野田尼崎甲子園線　阪神甲子園行, 尼崎市内線地域線51番, 尼崎市内線地域線52番, 尼崎市内線地域線AD3番"
テニスコート前,阪急バス（株）,芦屋市内線（全系統）
秋田,神姫バス（株）,明石・西神・須磨12
黒田,神姫バス（株）,"明石・西神・須磨29, 明石・西神・須磨37A"
神戸海星病院前,神戸市,26系統（神戸市）
今津港町,阪神バス（株）,西宮甲子園線
田中,神戸市,43系統（神戸市）
田中,阪神バス（株）,西宮神戸線
室の内（池田泉州銀行前）,みなと観光バス（株）（神戸市）,126系統
室ノ内,みなと観光バス（株）（神戸市）,"くるくるバス, 126系統"
難波,阪神バス（株）,"尼崎芦屋線　阪神芦屋行, 尼崎芦屋線　阪神西宮行, 杭瀬宝塚線, 尼崎宝塚線　宝塚行, 尼崎宝塚線　宝塚安倉団地行, 野田尼崎甲子園線　阪神甲子園行, 尼崎市内線地域線AD1番"
阪神甲子園,阪神バス（株）,"宝塚甲子園線　阪神甲子園行, 宝塚甲子園線　阪神鳴尾浜球場前行, 野田尼崎甲子園線　阪神甲子園行, 高須東線, 高須東線　小松西町経由, 西宮甲子園線, 鳴尾浜線　阪神鳴尾・八番町経由, 鳴尾浜線　小松西町・八番町経由, 浜甲子園線, 武庫川団地線, 西宮浜甲子園線, 西宮団地線, 誠成公倫会線"
白鴎橋,神戸市,37系統（神戸市）
中央公園前,阪急バス（株）,芦屋市内線（全系統）
寺谷南口,神姫バス（株）,"明石・西神・須磨13, 明石・西神・須磨17"
コープ西鈴前,神鉄バス（株）,君影団地線
郵便局前,神鉄バス（株）,君影団地線
美野丘小学校前,神戸市,102系統（神戸市）
阪神甲子園駅,阪急観光バス（株）・阪急バス（株）・阪神バス（株）,大阪（伊丹）空港路線（阪神甲子園駅・阪急西宮北口駅）
土山,神姫バス（株）,"加古川2, 加古川3"
城ノ前,神戸市,"19系統, 39系統"
本山南町3丁目,神戸市,43系統（神戸市）
巽町,阪神バス（株）,"西宮甲子園線, 西宮浜甲子園線"
深江南町2丁目,神戸市,37系統（神戸市）
本荘団地前,神姫バス（株）,"加古川31, 加古川34"
住吉本町,神戸市,37系統（神戸市）
スポーツ交流館前,神姫バス（株）,かこバス・別府ルート
杭瀬団地,阪神バス（株）,"尼崎市内線幹線12番, 尼崎市内線地域線24番, 尼崎市内線地域線50-2番"
水呑,神姫バス（株）,三田駅周辺14＿1
水呑,阪急バス（株）,鈴蘭台線（61系統）
箕岡通,神戸市,102系統（神戸市）
学文中学校前,阪神バス（株）,"宝塚甲子園線　阪神甲子園行, 宝塚甲子園線　阪神鳴尾浜球場前行, 野田尼崎甲子園線　阪神甲子園行, 高須東線　小松西町経由, 鳴尾浜線　小松西町・八番町経由, 武庫川団地線　小松西町経由"
楠丘町3丁目,神戸市,"16系統（神戸市）, 32系統（神戸市）"
長峰中学校下,神戸市,26系統（神戸市）
篠原本町3丁目,神戸市,"2系統（神戸市）, 18系統（神戸市）, 26系統（神戸市）"
阪神深江,神戸市,"30系統（神戸市）, 37系統（神戸市）"
甲南市場前,神戸市,34系統（神戸市）
篠原本町2丁目,神戸市,"2系統（神戸市）, 18系統（神戸市）, 26系統（神戸市）"
甲南本通,阪神バス（株）,西宮神戸線
南五葉3丁目,神鉄バス（株）,9・10・11・18　星和台線
南五葉3丁目,阪急バス（株）,西鈴神戸線（150、151、158系統）
高浜町,阪急バス（株）,芦屋市内線（全系統）
六甲登山口,神戸市,"2系統（神戸市）, 18系統（神戸市）, 26系統（神戸市）, 36系統（神戸市）, 106系統（神戸市）"
昭和通,阪神バス（株）,"尼崎市内線幹線15番, 尼崎市内線地域線31番, 尼崎市内線地域線43番, 尼崎市内線地域線43-2番, 尼崎市内線地域線AD2番"
昭和通,尼崎交通事業振興（株）・阪神バス（株）,尼崎市内線幹線13番・13-2番
鈴蘭台南町,神鉄バス（株）,201　中央病院線
平生記念館前,みなと観光バス（株）（神戸市）,くるくるバス
楠丘町2丁目,神戸市,92系統（神戸市）
蓮池小学校前,神姫バス（株）,加古川13
地蔵元,神戸市,37系統（神戸市）
東難波,阪神バス（株）,"尼崎芦屋線　阪神芦屋行, 尼崎芦屋線　阪神西宮行, 杭瀬宝塚線, 尼崎宝塚線　宝塚行, 尼崎宝塚線　宝塚安倉団地行, 野田尼崎甲子園線　阪神甲子園行, 尼崎市内線地域線AD1番"
御影郡家1丁目,みなと観光バス（株）（神戸市）,131系統
繁田,神姫バス（株）,"明石・西神・須磨29, 明石・西神・須磨38, 明石・西神・須磨39"
美賀多台公園,神戸市,"22系統（神戸市）, 22循系統（神戸市）, 28循系統（神戸市）"
深田,神戸市,37系統（神戸市）
蓬川公園,阪神バス（株）,"尼崎市内線地域線50番, 尼崎市内線地域線50-2番"
楠丘町5丁目,神戸市,"16系統（神戸市）, 32系統（神戸市）"
高尾東,神戸市,102系統（神戸市）
狩場台1丁目,神戸市・神姫バス（株）,24系統
狩場台1丁目,神姫バス（株）,明石・西神・須磨24
星和台6丁目,神鉄バス（株）,9・10・11・18　星和台線
滝ケ鼻,神戸市,37系統（神戸市）
甲子園警察署前,阪神バス（株）,"高須東線, 鳴尾浜線　阪神鳴尾・八番町経由, 武庫川団地線"
御影水道路,神戸市,39系統
高塚橋,神戸市,23系統
高塚橋,神姫バス（株）,"明石・西神・須磨27＿1, 明石・西神・須磨70・73＿1, 明石・西神・須磨81＿1, 明石・西神・須磨12, 明石・西神・須磨24, 明石・西神・須磨20＿2"
高塚橋,神戸市・神姫バス（株）,24系統
高塚橋,神姫ゾーンバス（株）,"西神中央駅〜桜が丘〜月が丘〜押部谷（栄）, 青山5丁目〜緑が丘駅〜富士見が丘〜農業公園〜西神中央駅"
高塚橋,神姫ゾーンバス（株）・神姫バス（株）,"西神中央駅〜桜が丘〜押部谷（栄）, 西神中央駅〜工業会館〜押部谷（栄）, 西神中央駅〜工業会館〜月が丘〜押部谷（栄）, 西神中央駅〜農業公園〜月が丘〜押部谷（栄）, 西神中央駅〜農業公園〜富士見が丘〜緑が丘駅"
大庄西,阪神バス（株）,"尼崎市内線地域線47番, 尼崎市内線地域線47-2番, 尼崎市内線地域線50番, 尼崎市内線地域線50-2番, 尼崎市内線地域線50-4番"
尼崎総合文化センター,阪神バス（株）,"尼崎市内線地域線22番, 尼崎市内線地域線22-2番, 尼崎市内線地域線23番"
尼崎総合文化センター,尼崎交通事業振興（株）・阪神バス（株）,尼崎市内線幹線11番
尼崎総合文化センター,阪急バス（株）,尼崎線（56、57系統）
浜風町,阪急バス（株）,芦屋市内線（全系統）
深江南町3丁目,神戸市,37系統（神戸市）
琴浦神社,阪神バス（株）,"尼崎市内線地域線30番, 尼崎市内線地域線50番, 尼崎市内線地域線50-2番, 尼崎市内線地域線60番"
緑町,阪急バス（株）,芦屋市内線（全系統）
大庄小学校,阪神バス（株）,"尼崎市内線地域線50番, 尼崎市内線地域線50-2番"
国道土山,神姫バス（株）,明石・西神・須磨1
深江見附,神戸市,37系統（神戸市）
石屋川,神戸市,92系統（神戸市）
護国神社前,神戸市,"2系統（神戸市）, 18系統（神戸市）, 26系統（神戸市）"
甲南町五丁目,阪神バス（株）,西宮神戸線
高尾西,神戸市,102系統（神戸市）
平尾橋,神姫バス（株）,"明石・西神・須磨13, 明石・西神・須磨17"
篠原北町団地,神戸市,102系統（神戸市）
阪神尼崎駅北,阪神バス（株）,"尼崎芦屋線　阪神芦屋行, 尼崎芦屋線　阪神西宮行, 杭瀬宝塚線, 尼崎宝塚線　宝塚行, 尼崎宝塚線　宝塚安倉団地行, 野田尼崎甲子園線　阪神甲子園行"
阪神尼崎［北］,尼崎交通事業振興（株）・阪神バス（株）,"尼崎市内線幹線11番, 尼崎市内線幹線13番・13-2番"
阪神尼崎［北］,阪神バス（株）,"尼崎市内線幹線15番, 尼崎市内線地域線22番, 尼崎市内線地域線22-2番, 尼崎市内線地域線23番, 尼崎市内線地域線31番, 尼崎市内線地域線43番, 尼崎市内線地域線43-2番, 尼崎市内線地域線AD1番, 尼崎市内線地域線AD2番"
土山駅,神姫バス（株）,"明石・西神・須磨1, 加古川2, 加古川3"
狩場台3丁目,神戸市・神姫バス（株）,24系統
狩場台3丁目,神姫バス（株）,明石・西神・須磨24
糀台公園,神戸市・神姫バス（株）,24系統
糀台公園,神姫バス（株）,明石・西神・須磨24
北青木,神戸市,37系統（神戸市）
岩岡出張所前,神姫バス（株）,明石・西神・須磨12
深江,神戸市,30系統（神戸市）
南五葉5丁目,神鉄バス（株）,"201　中央病院線, 君影団地線"
西野添1丁目,神姫バス（株）,加古川13
南甲子園二丁目,阪神バス（株）,"西宮甲子園線, 浜甲子園線"
土山駅南口,神姫バス（株）,"加古川13, 加古川31, 加古川32, 加古川34"
土山駅南口,加古川市かこばすミニ運営,かこバスミニ・平岡東ルート
中里北公園,神鉄バス（株）,211・212・213　中里線
北本荘,神姫バス（株）,"加古川31, 加古川34"
尼崎文化センター前,阪神バス（株）,"杭瀬宝塚線, 野田尼崎甲子園線　阪神甲子園行, 尼崎市内線地域線AD1番, 尼崎市内線地域線AD2番"
竹谷小学校前,阪神バス（株）,"尼崎市内線幹線14番, 尼崎市内線地域線49番, 尼崎市内線地域線50番, 尼崎市内線地域線50-2番"
JR住吉駅北口,神戸市,37系統（神戸市）
ららぽーと甲子園西,阪神バス（株）,"宝塚甲子園線　阪神鳴尾浜球場前行, 高須東線, 高須東線　小松西町経由, 西宮甲子園線, 鳴尾浜線　阪神鳴尾・八番町経由, 鳴尾浜線　小松西町・八番町経由, 浜甲子園線, 武庫川団地線, 西宮浜甲子園線, 西宮団地線"
杭瀬,阪神バス（株）,"尼崎市内線幹線12番, 尼崎市内線地域線24番, 尼崎市内線地域線50-2番"
かりばプラザ,神戸市・神姫バス（株）,24系統
かりばプラザ,神姫バス（株）,明石・西神・須磨24
甲南町4丁目,神戸市,"35系統（神戸市）, 39系統"
堂の前,神戸市,39系統
高尾通3,みなと観光バス（株）（神戸市）,"坂バス　神鋼記念病院経由, 坂バス　JR摩耶駅経由, 坂バス, 坂バス　岩屋駅経由"
阪急六甲,神戸市,"2系統（神戸市）, 16系統（神戸市）, 16系統, 18系統（神戸市）, 26系統（神戸市）, 32系統（神戸市）, 36系統（神戸市）, 106系統（神戸市）, 急行"
シーサイドセンター,阪急バス（株）,芦屋市内線（全系統）
小松西町,阪神バス（株）,"高須東線　小松西町経由, 鳴尾浜線　小松西町・八番町経由, 武庫川団地線　小松西町経由"
星和台1丁目,神鉄バス（株）,9・10・11・18　星和台線
摩耶ケーブル下,神戸市,"18系統（神戸市）, 102系統（神戸市）, 急行"
摩耶ケーブル下,みなと観光バス（株）（神戸市）,"坂バス　神鋼記念病院経由, 坂バス　JR摩耶駅経由, 坂バス, 坂バス　岩屋駅経由"
月見里,阪神バス（株）,"浜甲子園線, 西宮浜甲子園線"
五毛,神戸市,"2系統（神戸市）, 18系統（神戸市）, 102系統（神戸市）"
県立尼崎高校前,阪神バス（株）,"杭瀬宝塚線, 野田尼崎甲子園線　阪神甲子園行, 尼崎市内線地域線AD1番, 尼崎市内線地域線AD2番"
阪神杭瀬駅北,阪神バス（株）,"杭瀬宝塚線, 野田尼崎甲子園線　阪神甲子園行, 野田尼崎甲子園線　阪神杭瀬駅北行, 尼崎市内線地域線24番"
東灘区役所前,神戸市,"33系統（神戸市）, 35系統（神戸市）, 37系統（神戸市）, 38系統（神戸市）, 39系統"
東灘区役所前,みなと観光バス（株）（神戸市）,くるくるバス
東灘区役所前,阪神バス（株）,西宮神戸線
東長洲,阪神バス（株）,"杭瀬宝塚線, 野田尼崎甲子園線　阪神甲子園行"
JR土山駅南口,明石市,"たこバスミニ・14　清水西ルート, たこバス・15　二見ルート"
JR土山駅南口,山陽バス（株）,二見線70系統
美賀多台7丁目,神戸市,"22系統（神戸市）, 22循系統（神戸市）, 28循系統（神戸市）"
社協会館（尼崎市）,阪神バス（株）,"野田尼崎甲子園線　阪神甲子園行, 尼崎市内線地域線51番, 尼崎市内線地域線52番, 尼崎市内線地域線AD1番, 尼崎市内線地域線AD2番, 尼崎市内線地域線AD3番"
稲川橋,阪神バス（株）,"杭瀬宝塚線, 野田尼崎甲子園線　阪神甲子園行"
城ノ前南,神戸市,19系統
南甲子園三丁目,阪神バス（株）,"西宮甲子園線, 浜甲子園線"
星和台ポラール前,神鉄バス（株）,9・10・11・18　星和台線
星和台ポラール前,阪急バス（株）,西鈴神戸線（150、151、158系統）
北野添2丁目,神姫バス（株）,加古川13
シーサイド西口,阪急バス（株）,芦屋市内線（全系統）
石屋川,みなと観光バス（株）（神戸市）,126系統
西神中央駅東口,神戸市・神姫バス（株）,24系統
西神中央駅東口,神姫バス（株）,明石・西神・須磨24
若葉町,阪急バス（株）,芦屋市内線（全系統）
海洋文化センター前,神姫バス（株）,かこバス・別府ルート
西戸田上,神姫バス（株）,津山・西脇・社　社（車庫前）〜三木〜明石駅
浜風大橋北,阪急バス（株）,芦屋市内線（全系統）
石屋川車庫前,神戸市,"92系統（神戸市）, 100系統（神戸市）"
尼崎競艇場,阪神バス（株）,"尼崎市内線地域線30番, 尼崎市内線地域線60番"
剱,神戸市,37系統（神戸市）
阪神鳴尾駅前,阪神バス（株）,"高須東線, 鳴尾浜線　阪神鳴尾・八番町経由, 武庫川団地線"
星和台4丁目,神鉄バス（株）,9・10・11・18　星和台線
左門殿橋,阪神バス（株）,野田尼崎甲子園線　阪神杭瀬駅北行
阪神出屋敷,阪神バス（株）,"尼崎スポーツの森線, 尼崎市内線幹線14番, 尼崎市内線地域線49番, 尼崎市内線地域線50番, 尼崎市内線地域線50-2番, 尼崎市内線地域線85番"
西神中央駅前,神戸市,"21系統（神戸市）, 22系統（神戸市）, 22循系統（神戸市）, 23系統, 28系統（神戸市）, 28循系統（神戸市）"
西神中央駅前,神姫バス（株）,"明石・西神・須磨37A, 明石・西神・須磨43, 明石・西神・須磨44, 明石・西神・須磨13, 明石・西神・須磨17, 明石・西神・須磨27＿1, 明石・西神・須磨70・73＿1, 明石・西神・須磨74, 明石・西神・須磨81＿1, 明石・西神・須磨92, 明石・西神・須磨93, 明石・西神・須磨93A, 明石・西神・須磨38, 明石・西神・須磨39, 明石・西神・須磨12, 明石・西神・須磨24, 三木・小野・社82, 明石・西神・須磨20＿2, 明石・西神・須磨76＿2"
西神中央駅前,神戸市・神姫バス（株）,24系統
南甲子園一丁目,阪神バス（株）,"浜甲子園線, 西宮浜甲子園線"
国玉通2,みなと観光バス（株）（神戸市）,"坂バス　神鋼記念病院経由, 坂バス　JR摩耶駅経由, 坂バス, 坂バス　岩屋駅経由"
福吉,神姫バス（株）,明石・西神・須磨12
神大深江キャンパス前,神戸市,43系統（神戸市）
常本口,神姫バス（株）,"明石・西神・須磨29, 明石・西神・須磨37A"
西神中央駅,神姫ゾーンバス（株）,"西神中央駅〜桜が丘〜月が丘〜押部谷（栄）, 青山5丁目〜緑が丘駅〜富士見が丘〜農業公園〜西神中央駅, 西神中央駅〜直通〜神戸ワイナリー（西神戸高等特別支援学校）"
西神中央駅,神姫ゾーンバス（株）・神姫バス（株）,"西神中央駅〜桜が丘〜押部谷（栄）, 西神中央駅〜工業会館〜押部谷（栄）, 西神中央駅〜工業会館〜月が丘〜押部谷（栄）, 西神中央駅〜食品団地〜月が丘〜押部谷（栄）, 西神中央駅〜農業公園〜月が丘〜押部谷（栄）, 西神中央駅〜養田〜月が丘〜押部谷（栄）, 西神中央駅〜農業公園〜富士見が丘〜緑が丘駅"
西宮大橋南,阪神バス（株）,"西宮浜線, 西宮浜線　西宮浜中央行, 西宮浜甲子園線"
JR住吉,神戸フェリーバス（株）,"フェリーさんふらわあ連絡バス, 阪九フェリー連絡バス"
君影6丁目,神鉄バス（株）,君影団地線
阪神杭瀬,阪神バス（株）,"尼崎市内線幹線12番, 尼崎市内線地域線50-2番, 尼崎市内線地域線51番"
松内町,阪神バス（株）,"尼崎市内線地域線47番, 尼崎市内線地域線47-2番, 尼崎市内線地域線50-4番"
国玉通3,みなと観光バス（株）（神戸市）,"坂バス　神鋼記念病院経由, 坂バス　JR摩耶駅経由, 坂バス, 坂バス　岩屋駅経由"
南甲子園小学校前,阪神バス（株）,"西宮甲子園線, 浜甲子園線"
西宮浜営業所前,阪神バス（株）,"西宮浜線, 西宮浜線　西宮浜中央行, 西宮浜甲子園線"
福谷,神姫バス（株）,"明石・西神・須磨13, 明石・西神・須磨17"
JR住吉駅前,神戸市,"33系統（神戸市）, 35系統（神戸市）, 37系統（神戸市）, 38系統（神戸市）, 39系統"
JR住吉駅前,みなと観光バス（株）（神戸市）,くるくるバス
JR住吉駅前,阪神バス（株）,西宮神戸線
東野添2丁目,神姫バス（株）,"加古川31, 加古川32, 加古川34"
繁田南,神姫バス（株）,"明石・西神・須磨29, 明石・西神・須磨38, 明石・西神・須磨39"
高徳町5丁目,神戸市,92系統（神戸市）
阪神尼崎［南］,阪神バス（株）,"尼崎芦屋線　阪神芦屋行, 尼崎芦屋線　阪神西宮行, 尼崎宝塚線　宝塚行, 尼崎宝塚線　宝塚安倉団地行, 尼崎市内線地域線70番"
阪神尼崎,阪急バス（株）,尼崎線（56、57系統）
川井公園,神戸市,37系統（神戸市）
保育所前,神鉄バス（株）,君影団地線
東大物町1丁目,阪神バス（株）,"尼崎市内線地域線51番, 尼崎市内線地域線52番, 尼崎市内線地域線AD1番, 尼崎市内線地域線AD2番, 尼崎市内線地域線AD3番"
みかたプラザ,神戸市,"22系統（神戸市）, 22循系統（神戸市）, 28循系統（神戸市）"
魚崎北町7丁目,神戸市,"35系統（神戸市）, 39系統"
高尾通4,みなと観光バス（株）（神戸市）,"坂バス　神鋼記念病院経由, 坂バス　JR摩耶駅経由, 坂バス, 坂バス　岩屋駅経由"
総合処理センター前,阪神バス（株）,"西宮浜線, 西宮浜線　西宮浜中央行, 西宮浜甲子園線"
阪神センタープール,阪神バス（株）,"尼崎市内線地域線30番, 尼崎市内線地域線60番"
五毛天神,神戸市,"2系統（神戸市）, 18系統（神戸市）"
魚崎北町1丁目,神戸市,34系統（神戸市）
住吉宮西,阪神バス（株）,西宮神戸線
西二見岡の上,明石市,"たこバスミニ・14　清水西ルート, たこバス・15　二見ルート"
西二見岡の上,山陽バス（株）,二見線70系統
杭瀬南新町4丁目,阪神バス（株）,尼崎市内線地域線51番
7棟前,神鉄バス（株）,君影団地線
星和台2丁目,神鉄バス（株）,9・10・11・18　星和台線
宮北公民館前,神姫バス（株）,"加古川31, 加古川34"
西宮浜東第一,阪神バス（株）,西宮浜線
阪神御影駅北,阪神バス（株）,西宮神戸線
東灘警察署前,神戸市,"33系統（神戸市）, 35系統（神戸市）, 38系統（神戸市）, 39系統"
出屋敷,阪神バス（株）,尼崎スポーツの森線
潮見町,阪急バス（株）,芦屋市内線（全系統）
美賀多台2丁目,神戸市,21系統（神戸市）
美賀多台2丁目,神姫バス（株）,"明石・西神・須磨43, 明石・西神・須磨44, 明石・西神・須磨92, 明石・西神・須磨93, 明石・西神・須磨93A, 明石・西神・須磨38, 明石・西神・須磨39"
星和台口,阪急バス（株）,西鈴神戸線（150、151、158系統）
六甲口,神戸市,"2系統（神戸市）, 16系統（神戸市）, 18系統（神戸市）, 26系統（神戸市）, 32系統（神戸市）, 36系統（神戸市）, 92系統（神戸市）, 106系統（神戸市）"
東野添3丁目,神姫バス（株）,"加古川31, 加古川32, 加古川34"
甲子園八番町,阪神バス（株）,"宝塚甲子園線　阪神鳴尾浜球場前行, 高須東線, 高須東線　小松西町経由, 鳴尾浜線　阪神鳴尾・八番町経由, 鳴尾浜線　小松西町・八番町経由, 武庫川団地線"
赤坂通2,みなと観光バス（株）（神戸市）,"坂バス　神鋼記念病院経由, 坂バス　JR摩耶駅経由, 坂バス, 坂バス　岩屋駅経由"
清水ポプラ公園,明石市,たこバスミニ・14　清水西ルート
天神南,神戸市,102系統（神戸市）
下切公園前,神鉄バス（株）,9・10・11・18　星和台線
観音寺北,神戸市,"18系統（神戸市）, 102系統（神戸市）"
観音寺北,みなと観光バス（株）（神戸市）,"坂バス　神鋼記念病院経由, 坂バス　JR摩耶駅経由, 坂バス, 坂バス　岩屋駅経由"
浜甲子園三丁目,阪神バス（株）,"西宮甲子園線, 浜甲子園線"
新反高橋,神戸市,37系統（神戸市）
杭瀬南新町2丁目,阪神バス（株）,尼崎市内線地域線51番
岩岡中学校前,神姫バス（株）,明石・西神・須磨12
武庫川女子大学前,阪神バス（株）,"高須東線, 高須東線　小松西町経由, 鳴尾浜線　阪神鳴尾・八番町経由, 鳴尾浜線　小松西町・八番町経由, 武庫川団地線, 武庫川団地線　小松西町経由"
西宮浜東第二,阪神バス（株）,西宮浜線
JR六甲道駅北,みなと観光バス（株）（神戸市）,126系統
観音寺,神戸市,"2系統（神戸市）, 18系統（神戸市）"
福里西,神姫バス（株）,明石・西神・須磨1
あしや喜楽苑前,阪急バス（株）,芦屋市内線（全系統）
御影大手筋,神戸市,"16系統（神戸市）, 36系統（神戸市）"
御影大手筋,阪神バス（株）,西宮神戸線
日尾町,神戸市,92系統（神戸市）
中里中公園,神鉄バス（株）,211・212・213　中里線
西神戸医療センター前,神戸市・神姫バス（株）,24系統
西神戸医療センター前,神姫バス（株）,明石・西神・須磨24
星和台東,神鉄バス（株）,9・10・11・18　星和台線
住吉東町,神戸市,39系統
陸橋下,神鉄バス（株）,君影団地線
神戸高校前,神戸市,"2系統（神戸市）, 18系統（神戸市）, 102系統（神戸市）"
大竜寺,神戸市,25系統（神戸市）
播磨町駅,神姫バス（株）,"加古川31, 加古川32, 加古川34"
御影中町3丁目,みなと観光バス（株）（神戸市）,131系統
南野添1丁目,神姫バス（株）,"加古川31, 加古川32, 加古川34"
星和台南,神戸市,"17系統（神戸市）, 66系統（神戸市）, 120系統（神戸市）"
御影公会堂前,神戸市,"16系統（神戸市）, 36系統（神戸市）"
小田南公園,阪神バス（株）,尼崎市内線地域線51番
中御影,神戸市,"16系統（神戸市）, 19系統, 36系統（神戸市）"
甲子園九番町,阪神バス（株）,"西宮甲子園線, 浜甲子園線, 西宮団地線"
神前町,神戸市,"92系統（神戸市）, 100系統（神戸市）"
住吉宮町,神戸市,39系統
小学校前,神鉄バス（株）,君影団地線
西宮浜東第三,阪神バス（株）,西宮浜線
仁十病院,明石市,たこバスミニ・14　清水西ルート
西宮浜中学校前,阪神バス（株）,"西宮浜線, 西宮浜線　西宮浜中央行, 西宮浜甲子園線"
武庫川,阪神バス（株）,"尼崎市内線地域線30番, 尼崎市内線地域線47番, 尼崎市内線地域線47-2番, 尼崎市内線地域線50-4番, 尼崎市内線地域線90番"
上石屋,阪神バス（株）,西宮神戸線
徳井会館前,神戸市,100系統（神戸市）
JR六甲道,神戸市,"2系統（神戸市）, 16系統（神戸市）, 16系統, 18系統（神戸市）, 26系統（神戸市）, 32系統（神戸市）, 36系統（神戸市）, 100系統（神戸市）, 102系統（神戸市）, 103系統（神戸市）, 106系統（神戸市）, 急行"
サンシャインワーフ,神戸市,43系統（神戸市）
播磨町駅南,神姫バス（株）,"加古川31, 加古川34"
天城通2,みなと観光バス（株）（神戸市）,"坂バス　神鋼記念病院経由, 坂バス　JR摩耶駅経由, 坂バス, 坂バス　岩屋駅経由"
赤坂通6丁目,神戸市,102系統（神戸市）
魚崎中町1丁目,神戸市,34系統（神戸市）
西宮浜中央,阪神バス（株）,"西宮浜線　西宮浜中央行, 西宮浜甲子園線"
ららぽーと甲子園南,阪神バス（株）,"宝塚甲子園線　阪神鳴尾浜球場前行, 高須東線, 高須東線　小松西町経由, 鳴尾浜線　阪神鳴尾・八番町経由, 鳴尾浜線　小松西町・八番町経由, 武庫川団地線"
赤坂通6,みなと観光バス（株）（神戸市）,"坂バス　神鋼記念病院経由, 坂バス　JR摩耶駅経由, 坂バス, 坂バス　岩屋駅経由"
阪神大物,阪神バス（株）,"尼崎市内線地域線52番, 尼崎市内線地域線AD1番, 尼崎市内線地域線AD2番, 尼崎市内線地域線AD3番"
武庫川町3丁目,阪神バス（株）,"尼崎市内線地域線30番, 尼崎市内線地域線47番, 尼崎市内線地域線47-2番, 尼崎市内線地域線50-4番, 尼崎市内線地域線90番"
阪神御影,神戸市,"16系統（神戸市）, 19系統, 36系統（神戸市）, 38系統（神戸市）, 39系統"
美賀多台5丁目,神戸市,"22系統（神戸市）, 22循系統（神戸市）, 28循系統（神戸市）"
中里町,神鉄バス（株）,211・212・213　中里線
友清,神姫バス（株）,明石・西神・須磨13
青谷橋,神戸市,"2系統（神戸市）, 18系統（神戸市）, 102系統（神戸市）"
福谷南口,神姫バス（株）,"明石・西神・須磨13, 明石・西神・須磨17"
美賀多台3丁目,神戸市,21系統（神戸市）
美賀多台3丁目,神姫バス（株）,"明石・西神・須磨43, 明石・西神・須磨44, 明石・西神・須磨92, 明石・西神・須磨93, 明石・西神・須磨93A, 明石・西神・須磨38, 明石・西神・須磨39"
竜が岡4丁目,神姫バス（株）,明石・西神・須磨12
阪神御影,神戸フェリーバス（株）,"フェリーさんふらわあ連絡バス, 阪九フェリー連絡バス"
西戸田局前,神姫バス（株）,"明石・西神・須磨29, 明石・西神・須磨37A"
竹の台5丁目,神戸市,"22循系統（神戸市）, 28系統（神戸市）, 28循系統（神戸市）"
岡の下,明石市,たこバス・15　二見ルート
西宮東高校前,阪神バス（株）,"宝塚甲子園線　阪神鳴尾浜球場前行, 高須東線, 高須東線　小松西町経由, 鳴尾浜線　阪神鳴尾・八番町経由, 鳴尾浜線　小松西町・八番町経由, 武庫川団地線"
浜甲子園二丁目,阪神バス（株）,"西宮甲子園線, 浜甲子園線"
東部市場前,神戸市,30系統（神戸市）
JR六甲道駅東,みなと観光バス（株）（神戸市）,126系統
川島産婦人科前,みなと観光バス（株）（神戸市）,"坂バス　神鋼記念病院経由, 坂バス　JR摩耶駅経由, 坂バス, 坂バス　岩屋駅経由"
魚崎小学校前,神戸市,35系統（神戸市）
元浜町2丁目,阪神バス（株）,"尼崎市内線地域線30番, 尼崎市内線地域線90番"
土山南,山陽バス（株）,二見線70系統
阪神御影南口,神戸市,"33系統（神戸市）, 35系統（神戸市）, 39系統"
清水川右岸線緑地,明石市,たこバスミニ・14　清水西ルート
福里北,明石市,たこバスミニ・14　清水西ルート
将軍通,神戸市,"92系統（神戸市）, 100系統（神戸市）, 102系統（神戸市）, 103系統（神戸市）"
元浜町3丁目,阪神バス（株）,"尼崎市内線地域線30番, 尼崎市内線地域線90番"
灘中央筋商店街,みなと観光バス（株）（神戸市）,"坂バス　神鋼記念病院経由, 坂バス　JR摩耶駅経由, 坂バス, 坂バス　岩屋駅経由"
JR六甲道駅南,みなと観光バス（株）（神戸市）,126系統
福里,神姫バス（株）,明石・西神・須磨1
播磨町役場前,神姫バス（株）,"加古川31, 加古川32"
大畑,神姫バス（株）,"明石・西神・須磨29, 明石・西神・須磨38, 明石・西神・須磨39"
西宮浜四丁目,阪神バス（株）,"西宮浜線, 西宮浜線　西宮浜中央行, 西宮浜甲子園線"
マリナパーク西,阪神バス（株）,"西宮浜線, 西宮浜線　西宮浜中央行, 西宮浜甲子園線"
阪神御影駅西,みなと観光バス（株）（神戸市）,131系統
五合橋筋,阪神バス（株）,尼崎市内線地域線70番
帝釋橋,明石市,たこバスミニ・14　清水西ルート
中里町2丁目,神鉄バス（株）,211・212・213　中里線
武庫川女子大薬学部前,阪神バス（株）,西宮団地線
徳井,神戸市,"16系統（神戸市）, 36系統（神戸市）, 100系統（神戸市）"
徳井,阪神バス（株）,西宮神戸線
青谷,神戸市,"2系統（神戸市）, 18系統（神戸市）, 102系統（神戸市）"
浜風大橋南,阪急バス（株）,芦屋市内線（全系統）
東本町4丁目,阪神バス（株）,"尼崎市内線地域線52番, 尼崎市内線地域線AD1番, 尼崎市内線地域線AD2番, 尼崎市内線地域線AD3番"
西宮浜東第四,阪神バス（株）,西宮浜線
水道筋1丁目,神戸市,"92系統（神戸市）, 100系統（神戸市）, 102系統（神戸市）"
鳴尾消防署前,阪神バス（株）,"宝塚甲子園線　阪神鳴尾浜球場前行, 高須東線, 高須東線　小松西町経由, 鳴尾浜線　阪神鳴尾・八番町経由, 鳴尾浜線　小松西町・八番町経由, 武庫川団地線"
西神中学校,神戸市,"22循系統（神戸市）, 28系統（神戸市）, 28循系統（神戸市）"
水道筋商店街北,みなと観光バス（株）（神戸市）,"坂バス　神鋼記念病院経由, 坂バス　JR摩耶駅経由, 坂バス, 坂バス　岩屋駅経由"
阪神御影駅南,みなと観光バス（株）（神戸市）,131系統
本荘東,神姫バス（株）,加古川32
東部市場南,神戸市,30系統（神戸市）
リサーチコア前,阪神バス（株）,"尼崎市内線地域線30番, 尼崎市内線地域線60番"
マリナパーク東,阪神バス（株）,"西宮浜線, 西宮浜線　西宮浜中央行, 西宮浜甲子園線"
青谷川,神戸市,102系統（神戸市）
美賀多台4丁目,神戸市,21系統（神戸市）
美賀多台4丁目,神姫バス（株）,"明石・西神・須磨43, 明石・西神・須磨44, 明石・西神・須磨92, 明石・西神・須磨93, 明石・西神・須磨93A, 明石・西神・須磨38, 明石・西神・須磨39"
西宮浜東第五,阪神バス（株）,西宮浜線
浜甲子園,阪神バス（株）,"西宮甲子園線, 浜甲子園線, 西宮団地線"
門田外科前,みなと観光バス（株）（神戸市）,"坂バス　神鋼記念病院経由, 坂バス　JR摩耶駅経由, 坂バス, 坂バス　岩屋駅経由"
浜甲子園団地第七,阪神バス（株）,西宮団地線
阪神住吉,神戸市,"33系統（神戸市）, 35系統（神戸市）, 39系統"
ディオ明石店前,明石市,たこバスミニ・14　清水西ルート
水道筋3丁目,神戸市,"92系統（神戸市）, 100系統（神戸市）, 102系統（神戸市）"
上新地,神姫バス（株）,明石・西神・須磨12
灘小学校前,神戸市,102系統（神戸市）
魚崎寺前,神戸市,35系統（神戸市）
潮芦屋中央,阪急バス（株）,芦屋市内線（全系統）
鳴尾東小学校前,阪神バス（株）,"宝塚甲子園線　阪神鳴尾浜球場前行, 高須東線, 高須東線　小松西町経由, 鳴尾浜線　阪神鳴尾・八番町経由, 鳴尾浜線　小松西町・八番町経由, 武庫川団地線, 武庫川団地線　小松西町経由"
土山変電所前,明石市,たこバス・15　二見ルート
東本町,阪神バス（株）,"尼崎市内線地域線52番, 尼崎市内線地域線AD1番, 尼崎市内線地域線AD2番, 尼崎市内線地域線AD3番"
灘区役所前,神戸市,"16系統（神戸市）, 36系統（神戸市）, 100系統（神戸市）, 102系統（神戸市）, 103系統（神戸市）"
陽光町,阪急バス（株）,芦屋市内線（全系統）
千旦通3丁目,神戸市,103系統（神戸市）
王子公園東,神戸市,102系統（神戸市）
春日台公園,神戸市,"22系統（神戸市）, 22循系統（神戸市）, 28循系統（神戸市）"
魚崎中学校前,神戸市,34系統（神戸市）
テニスコート前,神戸市,"17系統（神戸市）, 66系統（神戸市）, 120系統（神戸市）"
テニスコート前,阪急バス（株）,西鈴神戸線（150、151、158系統）
灘区役所前（八幡桜口）,阪神バス（株）,西宮神戸線
芦屋市総合公園前,阪急バス（株）,芦屋市内線（全系統）
武庫川女子大附属中高前,阪神バス（株）,西宮団地線
浜甲子園団地第六,阪神バス（株）,西宮団地線
二見北小学校前,明石市,"たこバスミニ・14　清水西ルート, たこバス・15　二見ルート"
ヨットハーバー前,阪神バス（株）,"西宮浜線, 西宮浜線　西宮浜中央行, 西宮浜甲子園線"
マリナパーク南,阪神バス（株）,"西宮浜線, 西宮浜線　西宮浜中央行, 西宮浜甲子園線"
籠池通3丁目,神戸市,"2系統（神戸市）, 18系統（神戸市）"
福里中,明石市,たこバスミニ・14　清水西ルート
浜甲子園団地第五,阪神バス（株）,西宮団地線
琵琶町3丁目,神戸市,"100系統（神戸市）, 102系統（神戸市）"
変電所前,神姫バス（株）,明石・西神・須磨　快速38
葺合高校前,神戸市,102系統（神戸市）
清水西口,神姫バス（株）,明石・西神・須磨1
平野橋,神姫バス（株）,"明石・西神・須磨29, 明石・西神・須磨37A, 津山・西脇・社　社（車庫前）〜三木〜明石駅"
魚崎南町2丁目,神戸市,"34系統（神戸市）, 35系統（神戸市）"
阪神新在家,神戸市,103系統（神戸市）
魚崎八幡宮前,神戸市,35系統（神戸市）
池谷,神姫バス（株）,"明石・西神・須磨13, 明石・西神・須磨17"
日本製鉄前,阪神バス（株）,尼崎市内線地域線70番
春日台2丁目,神戸市,21系統（神戸市）
春日台2丁目,神姫バス（株）,"明石・西神・須磨43, 明石・西神・須磨44, 明石・西神・須磨92, 明石・西神・須磨93, 明石・西神・須磨93A, 明石・西神・須磨38, 明石・西神・須磨39"
六甲口,阪神バス（株）,西宮神戸線
元浜,阪神バス（株）,"尼崎市内線地域線30番, 尼崎市内線地域線90番"
水道筋6丁目,神戸市,"92系統（神戸市）, 100系統（神戸市）, 102系統（神戸市）"
浄教寺北,明石市,たこバス・15　二見ルート
水道筋口,みなと観光バス（株）（神戸市）,"坂バス　神鋼記念病院経由, 坂バス　JR摩耶駅経由, 坂バス, 坂バス　岩屋駅経由"
上田西町,阪神バス（株）,"宝塚甲子園線　阪神鳴尾浜球場前行, 高須東線, 高須東線　小松西町経由, 鳴尾浜線　阪神鳴尾・八番町経由, 鳴尾浜線　小松西町・八番町経由, 武庫川団地線, 武庫川団地線　小松西町経由"
浜甲子園団地第二,阪神バス（株）,西宮団地線
野崎通2丁目,神戸市,102系統（神戸市）
竹の台公園,神戸市,"22循系統（神戸市）, 28系統（神戸市）, 28循系統（神戸市）"
海洋町,阪急バス（株）,芦屋市内線（全系統）
道意,阪神バス（株）,"尼崎スポーツの森線, 尼崎市内線地域線30番, 尼崎市内線地域線60番, 尼崎市内線地域線85番"
高洲,阪神バス（株）,"尼崎スポーツの森線, 尼崎市内線地域線85番"
御影本町3丁目,みなと観光バス（株）（神戸市）,131系統
清水西口,明石市,"たこバス・11　清水ルート, たこバスミニ・14　清水西ルート"
北場,神姫バス（株）,明石・西神・須磨12
松島町,阪神バス（株）,"尼崎市内線地域線52番, 尼崎市内線地域線AD1番, 尼崎市内線地域線AD2番, 尼崎市内線地域線AD3番"
阪急王子公園北,神戸市,102系統（神戸市）
深江浜町西,神戸市,30系統（神戸市）
野崎通3丁目,神戸市,"2系統（神戸市）, 18系統（神戸市）"
河原,阪神バス（株）,西宮神戸線
櫨谷小学校前,神姫バス（株）,"明石・西神・須磨13, 明石・西神・須磨17"
浄教寺前公園,明石市,たこバス・15　二見ルート
市民防災総合センター,神戸市,"17系統（神戸市）, 66系統（神戸市）, 120系統（神戸市）"
市民防災総合センター,阪急バス（株）,西鈴神戸線（150、151、158系統）
魚崎南町3丁目,神戸市,35系統（神戸市）
井吹台東町5丁目,神戸市,46系統
阪急王子公園,神戸市,"92系統（神戸市）, 100系統（神戸市）, 102系統（神戸市）"
東灘高校前,神戸市,30系統（神戸市）
御影本町5丁目,みなと観光バス（株）（神戸市）,131系統
明石クリーンセンター,神姫バス（株）,明石・西神・須磨6
樫野台6丁目,神戸市,"22循系統（神戸市）, 28系統（神戸市）, 28循系統（神戸市）"
野崎通5丁目,神戸市,"2系統（神戸市）, 18系統（神戸市）"
サイエンスパーク北,神戸市,46系統
櫨谷中央,神姫バス（株）,"明石・西神・須磨13, 明石・西神・須磨17"
二見北郵便局前,明石市,"たこバスミニ・14　清水西ルート, たこバス・15　二見ルート"
福里南,明石市,たこバスミニ・14　清水西ルート
二本松,神戸市,25系統（神戸市）
JR摩耶駅前,みなと観光バス（株）（神戸市）,坂バス　JR摩耶駅経由
王子動物園前,神戸市,92系統（神戸市）
浜甲子園運動公園前,阪神バス（株）,西宮団地線
大石川,阪神バス（株）,西宮神戸線
平野出張所前,神姫バス（株）,"明石・西神・須磨29, 明石・西神・須磨38, 明石・西神・須磨39"
上田,阪神バス（株）,"宝塚甲子園線　阪神鳴尾浜球場前行, 高須東線, 高須東線　小松西町経由, 鳴尾浜線　阪神鳴尾・八番町経由, 鳴尾浜線　小松西町・八番町経由, 武庫川団地線, 武庫川団地線　小松西町経由"
浜甲子園団地第三,阪神バス（株）,西宮団地線
春日台3丁目,神戸市,21系統（神戸市）
春日台3丁目,神姫バス（株）,"明石・西神・須磨43, 明石・西神・須磨44, 明石・西神・須磨92, 明石・西神・須磨93, 明石・西神・須磨93A, 明石・西神・須磨38, 明石・西神・須磨39"
阪急王子公園南,みなと観光バス（株）（神戸市）,"坂バス　神鋼記念病院経由, 坂バス　JR摩耶駅経由, 坂バス, 坂バス　岩屋駅経由"
南浜町,阪急バス（株）,芦屋市内線（全系統）
魚崎浜町北,神戸市,"34系統（神戸市）, 35系統（神戸市）"
明石中央体育会館,神姫バス（株）,明石・西神・須磨6
熊内5丁目,神戸市,"2系統（神戸市）, 18系統（神戸市）"
上筒井1丁目,神戸市,92系統（神戸市）
第2高層住宅,明石市,たこバス・11　清水ルート
清水北沢,神姫バス（株）,明石・西神・須磨1
春日台小学校,神戸市,"22系統（神戸市）, 22循系統（神戸市）, 28循系統（神戸市）"
深江浜町,神戸市,30系統（神戸市）
浜街道,神戸市,103系統（神戸市）
涼風町,阪急バス（株）,芦屋市内線（全系統）
魚崎車庫前,神戸市,"34系統（神戸市）, 35系統（神戸市）"
しあわせの村中央,神戸市,"17系統（神戸市）, 66系統（神戸市）, 120系統（神戸市）"
しあわせの村中央,阪急バス（株）,西鈴神戸線（150、151、158系統）
上筒井4丁目,神戸市,92系統（神戸市）
石ヶ谷墓園北,神姫バス（株）,明石・西神・須磨3
サイエンスパーク,神戸市,"41系統（神戸市）, 46系統"
明石西高校前,明石市,たこバス・15　二見ルート
明石西高校前,山陽バス（株）,二見線70系統
初島町,阪神バス（株）,"尼崎市内線地域線52番, 尼崎市内線地域線AD1番, 尼崎市内線地域線AD2番, 尼崎市内線地域線AD3番"
明石清水郵便局,明石市,たこバスミニ・9　錦が丘ルート
天郷,神姫バス（株）,"明石・西神・須磨12, 明石・西神・須磨2, 明石・西神・須磨45, 明石・西神・須磨18＿2"
東二見池ノ上公園,明石市,たこバスミニ・14　清水西ルート
城内通公園前,神戸市,102系統（神戸市）
東高洲町,阪神バス（株）,尼崎市内線地域線70番
樫野台3丁目,神戸市,"22循系統（神戸市）, 28系統（神戸市）, 28循系統（神戸市）"
城内通4,みなと観光バス（株）（神戸市）,"坂バス　神鋼記念病院経由, 坂バス　JR摩耶駅経由, 坂バス, 坂バス　岩屋駅経由"
城内通3,みなと観光バス（株）（神戸市）,"坂バス　神鋼記念病院経由, 坂バス　JR摩耶駅経由, 坂バス, 坂バス　岩屋駅経由"
川重前,神姫バス（株）,加古川32
上筒井6丁目,神戸市,92系統（神戸市）
熊内6丁目,神戸市,"2系統（神戸市）, 18系統（神戸市）"
櫨谷出張所前,神姫バス（株）,明石・西神・須磨13
灘北通,神戸市,100系統（神戸市）
涼風町東,阪急バス（株）,芦屋市内線（全系統）
新在家南住宅,神戸市,103系統（神戸市）
井吹台東町7丁目,神戸市,"41系統（神戸市）, 46系統"
大浜1丁目,阪神バス（株）,"尼崎市内線地域線30番, 尼崎市内線地域線90番"
阪神大石,神戸市,103系統（神戸市）
中浜,阪神バス（株）,"尼崎スポーツの森線, 尼崎市内線地域線30番, 尼崎市内線地域線60番, 尼崎市内線地域線85番"
山陽西二見駅,明石市,"たこバス・12　西岡東ルート, たこバス・15　二見ルート"
山陽西二見駅,山陽バス（株）,二見線70系統
魚住中学校,明石市,たこバス・11　清水ルート
コスモ工業団地前,阪神バス（株）,"尼崎市内線地域線52番, 尼崎市内線地域線AD1番, 尼崎市内線地域線AD2番, 尼崎市内線地域線AD3番"
八幡橋,阪神バス（株）,尼崎市内線地域線30番
魚崎大橋,神戸市,"34系統（神戸市）, 35系統（神戸市）"
清水団地,明石市,たこバスミニ・9　錦が丘ルート
西脇,神姫バス（株）,明石・西神・須磨12
熊内1丁目,神戸市,92系統（神戸市）
尼崎ドライブスクール前,阪神バス（株）,"尼崎市内線地域線AD1番, 尼崎市内線地域線AD2番, 尼崎市内線地域線AD3番"
鳴尾南中学校前,阪神バス（株）,"高須東線, 高須東線　小松西町経由"
清水,明石市,"たこバスミニ・9　錦が丘ルート, たこバス・11　清水ルート"
清水,神姫バス（株）,明石・西神・須磨1
JR灘北口,神戸市,102系統（神戸市）
金清橋,神姫バス（株）,三田駅周辺14＿1
高座金清橋,阪急バス（株）,鈴蘭台線（61系統）
病院前,神戸市,"17系統（神戸市）, 66系統（神戸市）, 87系統（神戸市）, 120系統（神戸市）"
病院前,阪急バス（株）,西鈴神戸線（150、151、158系統）
養護学校前,神姫バス（株）,明石・西神・須磨6
サイエンスパーク南,神戸市,"41系統（神戸市）, 46系統"
東岡,明石市,たこバスミニ・9　錦が丘ルート
大浜2丁目,阪神バス（株）,尼崎市内線地域線90番
ひよどり北町,神戸市,"17系統（神戸市）, 66系統（神戸市）, 120系統（神戸市）"
ひよどり台北町,阪急バス（株）,西鈴神戸線（150、151、158系統）
高丘6丁目,神姫バス（株）,"明石・西神・須磨12, 明石・西神・須磨2, 明石・西神・須磨45, 明石・西神・須磨18＿2"
新神戸駅,みなと観光バス（株）（神戸市）,"21系統, 211系統, 22系統"
新神戸駅,阪急バス（株）,三宮有馬線（6系統）
イトーヨーカドー北,明石市,"たこバス・12　西岡東ルート, たこバス・15　二見ルート"
石ヶ谷墓園,神姫バス（株）,明石・西神・須磨3
武庫川団地中央,阪神バス（株）,"宝塚甲子園線　阪神鳴尾浜球場前行, 高須東線, 高須東線　小松西町経由, 鳴尾浜線　阪神鳴尾・八番町経由, 鳴尾浜線　小松西町・八番町経由, 武庫川団地線, 武庫川団地線　小松西町経由"
守池住宅,明石市,たこバス・10　青葉台ルート
新神戸駅前,神戸市,"18系統（神戸市）, 64系統（神戸市）, 急行"
新神戸駅前,神姫バス（株）,"三田駅周辺・新三田駅周辺　特急, 津山・西脇・社　（急行）西脇営業所〜御坂・新神戸駅前〜三宮, 津山・西脇・社　（急行）西脇営業所〜滝野社I．C・御坂・新神戸駅前〜三宮, 神戸市中心部　有馬温泉（太閤橋）〜三宮駅前, 神戸市中心部　新神戸駅前〜北野異人館〜新神戸駅前, 神戸市中心部　新神戸駅前〜ハーバーランド循環〜新神戸駅前, 神戸市中心部　新神戸駅前〜神戸商工会議所, 神戸市中心部　新神戸駅前〜海上アクセス"
中ノ又,明石市,たこバス・15　二見ルート
明石回生病院前,明石市,"たこバスミニ・14　清水西ルート, たこバス・15　二見ルート"
雲中小学校前,神戸市,92系統（神戸市）
樫野台小学校,神戸市,"22循系統（神戸市）, 28系統（神戸市）, 28循系統（神戸市）"
印路,神姫バス（株）,明石・西神・須磨29
井吹台北町4丁目,神戸市,46系統
かすがプラザ,神戸市,"21系統（神戸市）, 22系統（神戸市）, 22循系統（神戸市）, 28循系統（神戸市）"
かすがプラザ前,神姫バス（株）,"明石・西神・須磨43, 明石・西神・須磨44, 明石・西神・須磨92, 明石・西神・須磨93, 明石・西神・須磨93A, 明石・西神・須磨38, 明石・西神・須磨39"
平野小学校前,神姫バス（株）,"明石・西神・須磨29, 明石・西神・須磨37A, 明石・西神・須磨38, 明石・西神・須磨39, 津山・西脇・社　社（車庫前）〜三木〜明石駅"
魚崎浜町東,神戸市,"34系統（神戸市）, 35系統（神戸市）"
日鉄前,阪神バス（株）,"尼崎スポーツの森線, 尼崎市内線地域線60番, 尼崎市内線地域線85番"
岩屋北町2,みなと観光バス（株）（神戸市）,坂バス　岩屋駅経由
いずみが丘,明石市,たこバス・11　清水ルート
阪神西灘駅前,阪神バス（株）,西宮神戸線
JR灘駅前,みなと観光バス（株）（神戸市）,"坂バス　神鋼記念病院経由, 坂バス　JR摩耶駅経由, 坂バス, 坂バス　岩屋駅経由"
滝川第二中学高校,神姫バス（株）,"明石・西神・須磨30, 明石・西神・須磨91"
JR灘,神戸市,100系統（神戸市）
西郷,神戸市,103系統（神戸市）
魚崎浜町南,神戸市,"34系統（神戸市）, 35系統（神戸市）"
安政池,明石市,たこバスミニ・9　錦が丘ルート
ハイテク4番,神戸市,46系統
長谷南口,神姫バス（株）,明石・西神・須磨13
明石回生病院南,明石市,たこバスミニ・14　清水西ルート
魚崎浜町西,神戸市,"34系統（神戸市）, 35系統（神戸市）"
高丘7丁目,神姫バス（株）,"明石・西神・須磨2, 明石・西神・須磨45, 明石・西神・須磨18＿2"
ハイテク5番,神戸市,46系統
高座,神姫バス（株）,三田駅周辺14＿1
高座,阪急バス（株）,鈴蘭台線（61系統）
高丘車庫前,神姫バス（株）,"明石・西神・須磨12, 明石・西神・須磨2, 明石・西神・須磨45, 明石・西神・須磨48, 明石・西神・須磨18＿2"
灘保育所前,神戸市,103系統（神戸市）
浜西,明石市,"たこバスミニ・9　錦が丘ルート, たこバス・11　清水ルート"
西部文化会館前,明石市,たこバス・15　二見ルート
クボタ前,阪神バス（株）,尼崎市内線地域線90番
魚住小学校,明石市,たこバス・10　青葉台ルート
神鋼記念病院前,みなと観光バス（株）（神戸市）,坂バス　神鋼記念病院経由
イトーヨーカドー東,明石市,"たこバス・12　西岡東ルート, たこバス・15　二見ルート"
阪神岩屋駅前,みなと観光バス（株）（神戸市）,坂バス　岩屋駅経由
井吹台東町6丁目,神戸市,"41系統（神戸市）, 46系統"
青葉台口,明石市,たこバス・10　青葉台ルート
布引,神戸市,"2系統（神戸市）, 18系統（神戸市）, 92系統（神戸市）"
青葉台,明石市,たこバス・10　青葉台ルート
石ヶ谷墓園事務所前,神姫バス（株）,明石・西神・須磨3
筒井町1丁目,神戸市,101系統（神戸市）
イトーヨーカドー前（南口）,明石市,たこバス・12　西岡東ルート
鶴町,阪神バス（株）,"尼崎スポーツの森線, 尼崎市内線地域線60番, 尼崎市内線地域線85番"
高丘3丁目,神姫バス（株）,"明石・西神・須磨2, 明石・西神・須磨45, 明石・西神・須磨47, 明石・西神・須磨48, 明石・西神・須磨49, 明石・西神・須磨18＿2"
神戸布引ハーブ園ロープウェイ,神姫バス（株）,神戸市中心部　新神戸駅前〜北野異人館〜新神戸駅前
樫野台2丁目,神戸市,"22循系統（神戸市）, 28系統（神戸市）, 28循系統（神戸市）"
いぶき東フレア,神戸市,"41系統（神戸市）, 46系統"
明石ヶ丘南,明石市,たこバス・11　清水ルート
東二見車庫北,明石市,たこバス・15　二見ルート
浜岩屋,阪神バス（株）,西宮神戸線
高丘1丁目,神姫バス（株）,"明石・西神・須磨2, 明石・西神・須磨45, 明石・西神・須磨47, 明石・西神・須磨48, 明石・西神・須磨49"
武庫川団地駅前,阪神バス（株）,"高須東線, 高須東線　小松西町経由"
青葉台公園,明石市,たこバス・10　青葉台ルート
武庫川団地南,阪神バス（株）,"高須東線, 高須東線　小松西町経由, 武庫川団地線, 武庫川団地線　小松西町経由"
魚住北公園,明石市,たこバス・10　青葉台ルート
春日台4丁目,神戸市,"21系統（神戸市）, 22系統（神戸市）, 22循系統（神戸市）, 28系統（神戸市）, 28循系統（神戸市）"
春日台4丁目,神姫バス（株）,"明石・西神・須磨43, 明石・西神・須磨44, 明石・西神・須磨92, 明石・西神・須磨93, 明石・西神・須磨93A, 明石・西神・須磨38, 明石・西神・須磨39"
高丘5丁目,神姫バス（株）,"明石・西神・須磨12, 明石・西神・須磨2, 明石・西神・須磨45, 明石・西神・須磨48, 明石・西神・須磨18＿2"
山川北,明石市,たこバスミニ・13　西岡西ルート
阪神岩屋,神戸市,100系統（神戸市）
阪急春日野道,神戸市,101系統（神戸市）
春日台6丁目,神戸市,"21系統（神戸市）, 22系統（神戸市）, 28系統（神戸市）"
浜西,神姫バス（株）,明石・西神・須磨1
明石ヶ丘北,明石市,たこバス・11　清水ルート
筒井住宅北,神戸市,101系統（神戸市）
栃木,神姫バス（株）,明石・西神・須磨13
草谷,神姫バス（株）,三田駅周辺14＿1
草谷,阪急バス（株）,鈴蘭台線（61系統）
西体育館口,神戸市,"21系統（神戸市）, 22系統（神戸市）, 28系統（神戸市）"
山川西,明石市,たこバスミニ・13　西岡西ルート
ハイテク3番,神戸市,46系統
浜西東,明石市,"たこバスミニ・9　錦が丘ルート, たこバス・11　清水ルート"
清水ヶ丘,明石市,たこバス・11　清水ルート
クリーンセンター,阪神バス（株）,尼崎市内線地域線70番
敏馬神社前,阪神バス（株）,西宮神戸線
新島中央公園北,神姫バス（株）,加古川32
魚住小学校南,明石市,たこバス・10　青葉台ルート
国道南,明石市,たこバス・10　青葉台ルート
ハイテク6番,神戸市,46系統
敏馬,阪神バス（株）,西宮神戸線
西体育館,神戸市,"21系統（神戸市）, 22系統（神戸市）, 28系統（神戸市）"
東二見駅北住宅,明石市,たこバス・15　二見ルート
山川公園,明石市,たこバスミニ・13　西岡西ルート
シルバーカレッジ前,神戸市,87系統（神戸市）
シルバーカレッジ前,阪急バス（株）,西鈴神戸線（150、151、158系統）
井吹台東町1丁目,神戸市,"41系統（神戸市）, 46系統"
山川橋,明石市,たこバスミニ・13　西岡西ルート
ひよどり台5丁目,神戸市,87系統（神戸市）
ひよどり台5丁目,阪急バス（株）,西鈴神戸線（150、151、158系統）
新島中央公園前,神姫バス（株）,加古川32
長池北,明石市,たこバス・10　青葉台ルート
東雲通2丁目,神戸市,101系統（神戸市）
筒井住宅前,神戸市,101系統（神戸市）
西二見,明石市,たこバス・12　西岡東ルート
環境西事業所前,神姫バス（株）,"明石・西神・須磨29, 明石・西神・須磨30, 明石・西神・須磨37A, 明石・西神・須磨44, 明石・西神・須磨91, 明石・西神・須磨93, 明石・西神・須磨93A, 津山・西脇・社　社（車庫前）〜三木〜明石駅"
団地口,神戸市,46系統
高須東第二,阪神バス（株）,"高須東線, 高須東線　小松西町経由"
鳴尾浜一丁目,阪神バス（株）,"宝塚甲子園線　阪神鳴尾浜球場前行, 鳴尾浜線　阪神鳴尾・八番町経由, 鳴尾浜線　小松西町・八番町経由"
中央センター前,神姫バス（株）,"明石・西神・須磨2, 明石・西神・須磨45, 明石・西神・須磨47, 明石・西神・須磨49, 明石・西神・須磨18＿2"
浜西南,明石市,たこバスミニ・9　錦が丘ルート
二見消防分署,明石市,たこバス・12　西岡東ルート
長池中,明石市,たこバス・10　青葉台ルート
加納町2丁目,神戸市,"2系統（神戸市）, 18系統（神戸市）, 66系統（神戸市）, 92系統（神戸市）"
筒井住宅南,神戸市,101系統（神戸市）
渚中学校前,神戸市,100系統（神戸市）
灘の浜東,神戸市,"29系統, 100系統（神戸市）"
北野異人館,神姫バス（株）,神戸市中心部　新神戸駅前〜北野異人館〜新神戸駅前
大高洲町,阪神バス（株）,尼崎市内線地域線70番
山川公園東,明石市,たこバスミニ・13　西岡西ルート
脇浜三丁目,阪神バス（株）,西宮神戸線
谷口,神姫バス（株）,明石・西神・須磨13
神鋼環境ソリューション前,神姫バス（株）,加古川32
ハイテクパーク南,神戸市,46系統
魚住市民センター北,明石市,"たこバスミニ・9　錦が丘ルート, たこバス・10　青葉台ルート, たこバス・11　清水ルート"
高丘東小学校前,神姫バス（株）,"明石・西神・須磨2, 明石・西神・須磨45, 明石・西神・須磨47, 明石・西神・須磨48, 明石・西神・須磨49"
若菜通5丁目,神戸市,101系統（神戸市）
高須東第一,阪神バス（株）,"高須東線, 高須東線　小松西町経由"
灘の浜西,神戸市,"29系統, 100系統（神戸市）"
ひよどり台,神戸市,"17系統（神戸市）, 65系統（神戸市）, 66系統（神戸市）, 87系統（神戸市）, 120系統（神戸市）"
ひよどり台,阪急バス（株）,西鈴神戸線（150、151、158系統）
平野橋,神姫バス（株）,三田駅周辺14＿1
平野橋,阪急バス（株）,鈴蘭台線（61系統）
筒井町3丁目,神戸市,101系統（神戸市）
山陽東二見駅北口,明石市,たこバス・15　二見ルート
ハイテク2番,神戸市,46系統
新島中央公園南,神姫バス（株）,加古川32
宮前,明石市,たこバス・12　西岡東ルート
高丘西口,神姫バス（株）,"明石・西神・須磨12, 明石・西神・須磨2, 明石・西神・須磨45"
脇浜町3丁目,神戸市,101系統（神戸市）
尼崎テクノランド前,阪神バス（株）,"尼崎スポーツの森線, 尼崎市内線地域線60番, 尼崎市内線地域線85番, 尼崎市内線地域線90番"
日暮通2丁目,神戸市,101系統（神戸市）
山陽東二見駅,明石市,たこバス・12　西岡東ルート
山手台,神姫バス（株）,明石・西神・須磨19
二見農協北,明石市,たこバスミニ・13　西岡西ルート
県立美術館前,神戸市,"29系統, 100系統（神戸市）, 101系統（神戸市）"
美里公園南,明石市,たこバスミニ・13　西岡西ルート
山手台西,神姫バス（株）,明石・西神・須磨19
ハイテク1番,神戸市,46系統
魚住市民センター,明石市,"たこバスミニ・9　錦が丘ルート, たこバス・10　青葉台ルート, たこバス・11　清水ルート"
春日野道,阪神バス（株）,西宮神戸線
野木病院東,明石市,たこバス・10　青葉台ルート
西神南駅,神姫バス（株）,明石・西神・須磨15
西神南駅前,神戸市,"41系統（神戸市）, 46系統, 47系統（神戸市）, 47系統"
二見農協前,明石市,たこバスミニ・13　西岡西ルート
満福寺,明石市,たこバスミニ・13　西岡西ルート
二見市民センター,明石市,"たこバス・12　西岡東ルート, たこバスミニ・13　西岡西ルート"
野木病院,明石市,たこバスミニ・8　金ヶ崎ルート
東海岸町,阪神バス（株）,尼崎市内線地域線70番
海浜公園前,山陽バス（株）,二見線70系統
県立総合体育館前（西宮市）,阪神バス（株）,"宝塚甲子園線　阪神鳴尾浜球場前行, 鳴尾浜線　阪神鳴尾・八番町経由, 鳴尾浜線　小松西町・八番町経由"
阪神鳴尾浜球場前,阪神バス（株）,"宝塚甲子園線　阪神鳴尾浜球場前行, 鳴尾浜線　阪神鳴尾・八番町経由, 鳴尾浜線　小松西町・八番町経由"
大見橋,明石市,たこバスミニ・13　西岡西ルート
石ヶ谷墓園口,神姫バス（株）,"明石・西神・須磨3, 明石・西神・須磨6"
高丘4丁目,神姫バス（株）,"明石・西神・須磨2, 明石・西神・須磨45, 明石・西神・須磨47, 明石・西神・須磨49, 明石・西神・須磨18＿2"
山手台南,神姫バス（株）,明石・西神・須磨19
中村,神姫バス（株）,明石・西神・須磨29
竹谷公園,神戸市,47系統（神戸市）
ひまわり診療所,明石市,たこバスミニ・13　西岡西ルート
人と防災未来センター,神戸市,"29系統, 100系統（神戸市）, 101系統（神戸市）"
平池北,明石市,たこバスミニ・13　西岡西ルート
菅野,神姫バス（株）,明石・西神・須磨13
長池,明石市,たこバスミニ・8　金ヶ崎ルート
長池,神姫バス（株）,明石・西神・須磨1
加納町3丁目,神戸市,"2系統（神戸市）, 18系統（神戸市）, 66系統（神戸市）, 92系統（神戸市）"
加納町3丁目,神姫バス（株）,神戸市中心部　三宮センター街東口〜神戸駅前
ビーナスブリッジ,神戸市,25系統（神戸市）
中畑,神姫バス（株）,"明石・西神・須磨14, 明石・西神・須磨　快速38"
吾妻通四丁目,阪神バス（株）,西宮神戸線
布施畑口,神姫バス（株）,明石・西神・須磨14
尼崎スポーツの森,阪神バス（株）,"尼崎スポーツの森線, 尼崎市内線地域線90番"
ひよどり台センター前,神戸市,"17系統（神戸市）, 65系統（神戸市）, 66系統（神戸市）, 87系統（神戸市）, 120系統（神戸市）"
ひよどり台センター前,阪急バス（株）,西鈴神戸線（150、151、158系統）
鳴尾浜西,阪神バス（株）,"宝塚甲子園線　阪神鳴尾浜球場前行, 鳴尾浜線　阪神鳴尾・八番町経由, 鳴尾浜線　小松西町・八番町経由"
旭通3丁目,神戸市,101系統（神戸市）
美里厚生館,明石市,たこバスミニ・13　西岡西ルート
高齢者ふれあいの里魚住,明石市,"たこバスミニ・8　金ヶ崎ルート, たこバスミニ・9　錦が丘ルート, たこバス・10　青葉台ルート"
高丘4丁目西,神姫バス（株）,"明石・西神・須磨2, 明石・西神・須磨45, 明石・西神・須磨47, 明石・西神・須磨18＿2"
東亜外業前,神姫バス（株）,加古川32
山の下北口,神姫バス（株）,明石・西神・須磨19
日赤病院前,神戸市,"29系統, 100系統（神戸市）, 101系統（神戸市）"
井吹台谷口公園,神戸市,47系統（神戸市）
北野坂,神姫バス（株）,神戸市中心部　新神戸駅前〜北野異人館〜新神戸駅前
井吹台西町1丁目,神戸市,47系統（神戸市）
旭中央住宅前,神戸市,101系統（神戸市）
錦が丘1丁目,明石市,たこバスミニ・9　錦が丘ルート
星光前,神姫バス（株）,加古川32
向井,神姫バス（株）,"明石・西神・須磨37A, 明石・西神・須磨44, 明石・西神・須磨91, 明石・西神・須磨93, 明石・西神・須磨93A, 津山・西脇・社　社（車庫前）〜三木〜明石駅"
山手台口,神姫バス（株）,明石・西神・須磨19
末広町,阪神バス（株）,"尼崎スポーツの森線, 尼崎市内線地域線60番, 尼崎市内線地域線85番, 尼崎市内線地域線90番"
太山寺,神姫バス（株）,明石・西神・須磨14
鳴尾浜東,阪神バス（株）,"宝塚甲子園線　阪神鳴尾浜球場前行, 鳴尾浜線　阪神鳴尾・八番町経由, 鳴尾浜線　小松西町・八番町経由"
鳴尾浜中央,阪神バス（株）,"宝塚甲子園線　阪神鳴尾浜球場前行, 鳴尾浜線　阪神鳴尾・八番町経由, 鳴尾浜線　小松西町・八番町経由"
桃山,神姫バス（株）,三田駅周辺14＿1
桃山,阪急バス（株）,鈴蘭台線（61系統）
摩耶埠頭東,神戸市,29系統
茜北,神姫バス（株）,明石・西神・須磨19
摩耶埠頭,神戸市,29系統
県営長坂寺鉄筋住宅,明石市,たこバスミニ・8　金ヶ崎ルート
JR魚住駅北口,明石市,"たこバスミニ・8　金ヶ崎ルート, たこバスミニ・9　錦が丘ルート, たこバス・10　青葉台ルート, たこバス・11　清水ルート"
高丘2丁目,神姫バス（株）,"明石・西神・須磨2, 明石・西神・須磨45, 明石・西神・須磨47, 明石・西神・須磨48, 明石・西神・須磨49"
山本通3丁目,神戸市,7系統（神戸市）
新生田川,阪神バス（株）,西宮神戸線
井吹台西町4丁目,神戸市,47系統（神戸市）
布施畑,神姫バス（株）,明石・西神・須磨14
錦が丘3丁目,明石市,たこバスミニ・9　錦が丘ルート
亥ノ池北,明石市,たこバスミニ・8　金ヶ崎ルート
寺ノ内,明石市,たこバス・12　西岡東ルート
脇の浜住宅東,神戸市,"29系統, 101系統（神戸市）"
長坂寺,神姫バス（株）,明石・西神・須磨1
山本通4丁目,神戸市,7系統（神戸市）
白川台,神戸市,70系統（神戸市）
白川台,神姫バス（株）,"明石・西神・須磨14, 明石・西神・須磨　快速38"
フェリーさんふらわあ乗り場,神戸フェリーバス（株）,フェリーさんふらわあ連絡バス
鳴尾浜三丁目,阪神バス（株）,"宝塚甲子園線　阪神鳴尾浜球場前行, 鳴尾浜線　阪神鳴尾・八番町経由, 鳴尾浜線　小松西町・八番町経由"
尼崎港,阪神バス（株）,尼崎市内線地域線70番
摩耶大橋,神戸市,29系統
JR魚住駅南口,明石市,"たこバス・7　西江井ケ島ルート, たこバス・12　西岡東ルート, たこバスミニ・13　西岡西ルート"
中山手1丁目,神姫バス（株）,神戸市中心部　三宮センター街東口〜神戸駅前
北浦,明石市,たこバスミニ・8　金ヶ崎ルート
東白川台北通り,神戸市,79系統
芝崎,神姫バス（株）,"明石・西神・須磨43, 明石・西神・須磨92"
阪九フェリー乗り場,神戸フェリーバス（株）,阪九フェリー連絡バス
ひよどり台1丁目,神戸市,"17系統（神戸市）, 65系統（神戸市）, 66系統（神戸市）, 87系統（神戸市）, 120系統（神戸市）"
ひよどり台1丁目,阪急バス（株）,西鈴神戸線（150、151、158系統）
新生田川,神戸市,"29系統, 101系統（神戸市）"
三宮山手,みなと観光バス（株）（神戸市）,"21系統, 211系統, 212系統, 22系統"
北野公房のまち（トアロード）,神姫バス（株）,神戸市中心部　新神戸駅前〜北野異人館〜新神戸駅前
県営大久保第二住宅前,神姫バス（株）,"明石・西神・須磨2, 明石・西神・須磨45, 明石・西神・須磨47, 明石・西神・須磨48, 明石・西神・須磨49"
山の下西口,神姫バス（株）,明石・西神・須磨19
二見浄化センター前,山陽バス（株）,二見線70系統
金ヶ崎ケヤキ公園東,明石市,たこバスミニ・8　金ヶ崎ルート
脇の浜住宅中央,神戸市,"29系統, 101系統（神戸市）"
いぶき明生支援学校前,神戸市,47系統
錦が丘小学校,明石市,たこバスミニ・9　錦が丘ルート
山の下,神姫バス（株）,"明石・西神・須磨12, 明石・西神・須磨19, 明石・西神・須磨18＿2"
山の谷池南,明石市,たこバスミニ・9　錦が丘ルート
三宮,神姫バス（株）,"三田駅周辺・新三田駅周辺　特急, 三木・小野・社　ネスタリゾート神戸〜三宮, 三木・小野・社　三宮〜淡河本町南〜みなぎ台〜吉川図書館前（夏ルート・冬ルート）, 三木・小野・社　（三木営業所）〜恵比須駅〜（自由が丘中公園）〜緑が丘駅〜神戸福産団地〜三宮〜（神戸空港）, 三木・小野・社　青山5丁目〜緑が丘駅〜三宮, 三木・小野・社　三宮〜神戸福産団地〜押部谷駅前〜三木営業所〜社, 津山・西脇・社　（急行）西脇営業所〜御坂・新神戸駅前〜三宮, 津山・西脇・社　（急行）西脇営業所〜滝野社I．C・御坂・新神戸駅前〜三宮"
東白川台西通り,神戸市,79系統
天王谷,神姫バス（株）,三田駅周辺14＿1
天王谷,阪急バス（株）,鈴蘭台線（61系統）
井吹台西町5丁目,神戸市,47系統（神戸市）
東白川台東通り,神戸市,79系統
三宮駅ターミナル前,神戸市,"18系統（神戸市）, 29系統, 64系統（神戸市）, 101系統（神戸市）, 急行"
茜,神姫バス（株）,明石・西神・須磨19
前開上,神姫バス（株）,明石・西神・須磨14
南公園前,阪神バス（株）,"宝塚甲子園線　阪神鳴尾浜球場前行, 鳴尾浜線　阪神鳴尾・八番町経由, 鳴尾浜線　小松西町・八番町経由"
中山手3丁目,神戸市,"7系統（神戸市）, 25系統（神戸市）"
中山手3丁目,神姫バス（株）,神戸市中心部　三宮センター街東口〜神戸駅前
三宮駅前（ミント神戸）,神姫バス（株）,神戸市中心部　有馬温泉（太閤橋）〜三宮駅前
明石愛老園,明石市,たこバスミニ・9　錦が丘ルート
井吹台西町3丁目,神戸市,47系統（神戸市）
井吹台西町3丁目,神姫バス（株）,明石・西神・須磨15
木材センター,阪神バス（株）,"宝塚甲子園線　阪神鳴尾浜球場前行, 鳴尾浜線　阪神鳴尾・八番町経由, 鳴尾浜線　小松西町・八番町経由"
県営金ヶ崎鉄筋団地,明石市,たこバスミニ・8　金ヶ崎ルート
千原公園,神戸市,83系統（神戸市）
雲井通,阪神バス（株）,西宮神戸線
雲井通,神戸市,"7系統（神戸市）, 29系統"
阪神三宮東口,神姫バス（株）,神戸市中心部　新神戸駅前〜神戸商工会議所
ミント神戸,神戸フェリーバス（株）,"ジャンボフェリー連絡バス, 宮崎カーフェリー連絡バス"
西台,明石市,たこバス・12　西岡東ルート
金ヶ崎文化センター,明石市,たこバスミニ・8　金ヶ崎ルート
脇の浜住宅西,神戸市,"29系統, 101系統（神戸市）"
西部市民会館北,明石市,"たこバス・7　西江井ケ島ルート, たこバス・12　西岡東ルート"
三宮BT,神戸市,25系統（神戸市）
北落合6丁目,神戸市,83系統（神戸市）
三宮駅前,神戸市,"7系統（神戸市）, 18系統（神戸市）, 25系統（神戸市）, 29系統, 64系統（神戸市）, 急行, 三宮駅〜新港町〜三宮駅"
三宮駅前,神姫バス（株）,"神戸市中心部　新神戸駅前〜ハーバーランド循環〜新神戸駅前, 神戸市中心部　三宮駅前〜三宮駅前, 神戸市中心部　ポーアイキャンパス〜神戸市立博物館前〜三宮駅前, 神戸市中心部　ポーアイキャンバス〜三宮駅前, 神戸市中心部　三宮駅前〜港島南町3丁目, 神戸市中心部　三宮駅前〜中央市民病院, 神戸市中心部　三宮駅前〜神戸女子大学前〜中央市民病院〜コンテナターミナル, 神戸市中心部　三宮駅前〜神戸市立博物館〜IKEA神戸〜神戸インキュベーションオフィス（KIO）〜コンテナターミナル"
三宮駅前,阪神バス（株）,西宮神戸線
三宮駅前,阪急バス（株）,三宮有馬線（6系統）
地下鉄三宮駅前,神戸市,"2系統（神戸市）, 18系統（神戸市）, 64系統（神戸市）, 66系統（神戸市）, 92系統（神戸市）, 急行"
地下鉄三宮駅前,神姫バス（株）,"神戸市中心部　三宮センター街東口〜神戸駅前, 神戸市中心部　新神戸駅前〜北野異人館〜新神戸駅前, 神戸市中心部　新神戸駅前〜海上アクセス"
城が谷公園,神戸市,83系統（神戸市）
諏訪山公園下,神戸市,7系統（神戸市）
ひよどりインター前,神戸市,"65系統（神戸市）, 66系統（神戸市）, 120系統（神戸市）"
ひよどりインター前,阪急バス（株）,西鈴神戸線（150、151、158系統）
ふれあいプラザあかし西,明石市,たこバス・12　西岡東ルート
西畑,明石市,たこバス・12　西岡東ルート
太山寺小学校前,神姫バス（株）,"明石・西神・須磨57, 明石・西神・須磨14"
西部市民会館,明石市,たこバス・7　西江井ケ島ルート
神戸三宮,みなと観光バス（株）（神戸市）,21系統
神戸三宮,神戸フェリーバス（株）,"ジャンボフェリー連絡バス, 宮崎カーフェリー連絡バス"
明石北高校前,神姫バス（株）,"明石・西神・須磨2, 明石・西神・須磨3, 明石・西神・須磨6, 明石・西神・須磨45, 明石・西神・須磨47, 明石・西神・須磨48, 明石・西神・須磨49"
二見浄化センター南,山陽バス（株）,二見線70系統
再度筋,神戸市,7系統（神戸市）
リゾ鳴尾浜,阪神バス（株）,"宝塚甲子園線　阪神鳴尾浜球場前行, 鳴尾浜線　阪神鳴尾・八番町経由, 鳴尾浜線　小松西町・八番町経由"
トアロード,神戸市,7系統（神戸市）
長坂寺会館,明石市,たこバスミニ・9　錦が丘ルート
鳴尾浜二丁目,阪神バス（株）,"宝塚甲子園線　阪神鳴尾浜球場前行, 鳴尾浜線　阪神鳴尾・八番町経由, 鳴尾浜線　小松西町・八番町経由"
県民会館前,神姫バス（株）,神戸市中心部　三宮センター街東口〜神戸駅前
ぼたん寺口,明石市,たこバス・12　西岡東ルート
井吹台西公園,神戸市,47系統（神戸市）
神戸三宮駅,阪急観光バス（株）・阪急バス（株）・阪神バス（株）,大阪（伊丹）空港路線（神戸三宮駅）
東白川台南通り,神戸市,79系統
金崎神社,明石市,たこバスミニ・8　金ヶ崎ルート
金ケ崎,神姫バス（株）,明石・西神・須磨1
茜南,神姫バス（株）,明石・西神・須磨19
白川台中学校前,神戸市,83系統（神戸市）
市民福祉交流センター前,神戸市,7系統（神戸市）
アイランド北口,神戸フェリーバス（株）,"フェリーさんふらわあ連絡バス, 阪九フェリー連絡バス"
新川橋,神姫バス（株）,"明石・西神・須磨57, 明石・西神・須磨14"
楠谷町,神戸市,7系統（神戸市）
東白川台,神戸市,79系統
第八突堤,神戸市,29系統
東新島14番,山陽バス（株）,二見線70系統
三宮センター街東口,神戸市,"2系統（神戸市）, 66系統（神戸市）, 92系統（神戸市）"
三宮センター街東口,神姫バス（株）,"神戸市中心部　三宮センター街東口〜神戸駅前, 神戸市中心部　新神戸駅前〜北野異人館〜新神戸駅前, 神戸市中心部　新神戸駅前〜ハーバーランド循環〜新神戸駅前"
三宮センター街東口,阪神バス（株）,西宮神戸線
ウエストコート3番街前,みなと観光バス（株）（神戸市）,131系統
海浜プール前,山陽バス（株）,二見線70系統
松本,神姫バス（株）,"明石・西神・須磨13, 明石・西神・須磨18＿1"
ウエストコート4番街北,みなと観光バス（株）（神戸市）,131系統
南二見1番,山陽バス（株）,二見線70系統
三宮西口,みなと観光バス（株）（神戸市）,22系統
三宮町1丁目,神戸市,7系統（神戸市）
南二見9番,山陽バス（株）,二見線70系統
白川台3丁目,神姫バス（株）,明石・西神・須磨　快速38
鵯越駅前,神戸市,65系統（神戸市）
鵯越駅前,阪急バス（株）,西鈴神戸線（150、151、158系統）
山手小学校南,神姫バス（株）,明石・西神・須磨19
住吉1丁目,明石市,"たこバス・7　西江井ケ島ルート, たこバス・12　西岡東ルート"
白川峠,神姫バス（株）,明石・西神・須磨　快速38
磯上公園前,神戸市,"2系統（神戸市）, 7系統（神戸市）"
井吹西小学校南,神姫バス（株）,明石・西神・須磨15
宮下3丁目,神姫バス（株）,"明石・西神・須磨26, 明石・西神・須磨27＿2"
城が丘中央公園,神戸市,83系統（神戸市）
鳴尾浜南第二,阪神バス（株）,"宝塚甲子園線　阪神鳴尾浜球場前行, 鳴尾浜線　阪神鳴尾・八番町経由, 鳴尾浜線　小松西町・八番町経由"
平野八幡神社前,神姫バス（株）,"明石・西神・須磨30, 明石・西神・須磨37A, 明石・西神・須磨43, 明石・西神・須磨44, 明石・西神・須磨91, 明石・西神・須磨92, 明石・西神・須磨93, 明石・西神・須磨93A, 津山・西脇・社　社（車庫前）〜三木〜明石駅"
市役所前,神戸市,"2系統（神戸市）, 66系統（神戸市）, 92系統（神戸市）"
五宮町,神戸市,7系統（神戸市）
八幡橋,明石市,たこバス・12　西岡東ルート
白川台センター前,神戸市,70系統（神戸市）
白川台センター前,神姫バス（株）,明石・西神・須磨14
東新島8番,山陽バス（株）,二見線70系統
長坂寺南,明石市,たこバス・7　西江井ケ島ルート
鳴尾浜南第一,阪神バス（株）,"宝塚甲子園線　阪神鳴尾浜球場前行, 鳴尾浜線　阪神鳴尾・八番町経由, 鳴尾浜線　小松西町・八番町経由"
山手小学校前,神姫バス（株）,"明石・西神・須磨12, 明石・西神・須磨19, 明石・西神・須磨18＿2"
いぶき西フレア,神戸市,47系統（神戸市）
元町駅前,神戸市,7系統（神戸市）
三宮町2丁目,神戸市,7系統（神戸市）
城山橋,神戸市,83系統（神戸市）
井吹台西町6丁目,神戸市,47系統（神戸市）
クリーンセンター第2工場,阪神バス（株）,尼崎市内線地域線70番
南二見13番,山陽バス（株）,二見線70系統
地下鉄県庁前,神姫バス（株）,神戸市中心部　三宮センター街東口〜神戸駅前
第六突堤,神戸市,29系統
市役所前,神姫バス（株）,神戸市中心部　新神戸駅前〜北野異人館〜新神戸駅前
長畑西,神姫バス（株）,"明石・西神・須磨26, 明石・西神・須磨27＿2"
落合団地北,神戸市,83系統（神戸市）
平野,神戸市,"7系統（神戸市）, 9系統（神戸市）, 110系統（神戸市）, 112系統（神戸市）"
平野,神姫バス（株）,三田駅周辺14＿1
平野,阪急バス（株）,鈴蘭台線（61系統）
北落合4丁目,神戸市,83系統（神戸市）
貿易センター北,神戸市,66系統（神戸市）
ウエストコート4番街南,みなと観光バス（株）（神戸市）,131系統
ひばりが丘,神戸市,"4系統（神戸市）, 40系統（神戸市）"
北落合5丁目,神戸市,83系統（神戸市）
アジアワンセンター,みなと観光バス（株）（神戸市）,131系統
神戸ベイシェラトンホテル,みなと観光バス（株）（神戸市）,21系統
北落合4丁目西,神戸市,83系統（神戸市）
錦浦小学校,明石市,たこバス・12　西岡東ルート
金ケ崎東口,神姫バス（株）,明石・西神・須磨1
若草地域福祉センター前,神戸市,"84系統（神戸市）, 125系統"
宮下2丁目,神姫バス（株）,"明石・西神・須磨26, 明石・西神・須磨27＿2"
若宮団地,神姫バス（株）,明石・西神・須磨13
石井橋,神戸市,"7系統（神戸市）, 9系統（神戸市）, 110系統（神戸市）, 112系統（神戸市）"
大日丘住宅前,神戸市,"4系統（神戸市）, 40系統（神戸市）"
白川台1丁目,神戸市,77系統（神戸市）
京町筋,神戸市,三宮駅〜新港町〜三宮駅
京町筋,神姫バス（株）,"神戸市中心部　新神戸駅前〜北野異人館〜新神戸駅前, 神戸市中心部　三宮駅前〜三宮駅前, 神戸市中心部　新神戸駅前〜神戸商工会議所, 神戸市中心部　ポーアイキャンパス〜神戸市立博物館前〜三宮駅前, 神戸市中心部　神戸駅南口〜中央市民病院〜神戸駅南口, 神戸市中心部　神戸駅南口〜ポーアイキャンパス〜中央市民病院〜神戸駅南口, 神戸市中心部　神戸駅南口〜ハーバーランド〜ポーアイキャンパス〜中央市民病院〜神戸駅南口, 神戸市中心部　三宮駅前〜神戸市立博物館〜IKEA神戸〜神戸インキュベーションオフィス（KIO）〜コンテナターミナル"
大窪宮前,神姫バス（株）,"明石・西神・須磨12, 明石・西神・須磨19, 明石・西神・須磨18＿2"
ひよどり台南町3丁目,神戸市,"17系統（神戸市）, 87系統（神戸市）"
若草町,神戸市,"5系統（神戸市）, 79系統, 84系統（神戸市）, 125系統"
山陽魚住駅,明石市,"たこバス・7　西江井ケ島ルート, たこバス・12　西岡東ルート"
南二見1番南,山陽バス（株）,二見線70系統
三宮神社,神戸市,"2系統（神戸市）, 92系統（神戸市）"
神戸ファッションマート前,みなと観光バス（株）（神戸市）,131系統
元町1丁目,神戸市,"2系統（神戸市）, 92系統（神戸市）"
前開,神姫バス（株）,"明石・西神・須磨57, 明石・西神・須磨14"
神の谷7丁目,神戸市,"76系統, 83系統（神戸市）"
白川台2丁目,神戸市,83系統（神戸市）
白川台南口,神戸市,70系統（神戸市）
白川台南口,神姫バス（株）,明石・西神・須磨14
元町商店街（南京町前）,神姫バス（株）,"神戸市中心部　新神戸駅前〜北野異人館〜新神戸駅前, 神戸市中心部　神戸駅南口〜中央市民病院〜神戸駅南口, 神戸市中心部　神戸駅南口〜ポーアイキャンパス〜中央市民病院〜神戸駅南口, 神戸市中心部　神戸駅南口〜ハーバーランド〜ポーアイキャンパス〜中央市民病院〜神戸駅南口"
六甲アイランド病院前,みなと観光バス（株）（神戸市）,"21系統, 131系統"
長畑東,神姫バス（株）,"明石・西神・須磨26, 明石・西神・須磨27＿2"
貿易センター前,神戸市,66系統（神戸市）
第五突堤,神戸市,"29系統, 101系統（神戸市）"
南二見21番,山陽バス（株）,二見線70系統
萩乃町,神戸市,"4系統（神戸市）, 40系統（神戸市）"
若草小学校前,神戸市,"84系統（神戸市）, 125系統"
カワサキ前,神姫バス（株）,"明石・西神・須磨13, 明石・西神・須磨18＿1"
下山手7丁目,神姫バス（株）,神戸市中心部　三宮センター街東口〜神戸駅前
南二見15番,山陽バス（株）,二見線70系統
西脇口,神姫バス（株）,明石・西神・須磨1
RICふれあい会館前,みなと観光バス（株）（神戸市）,"21系統, 131系統"
神の谷小学校前,神戸市,76系統
石井町,神戸市,"7系統（神戸市）, 9系統（神戸市）, 110系統（神戸市）, 112系統（神戸市）"
宮下南,神姫バス（株）,"明石・西神・須磨26, 明石・西神・須磨27＿2"
旧居留地（市立博物館）,神姫バス（株）,神戸市中心部　新神戸駅前〜北野異人館〜新神戸駅前
玉津インター前,神姫バス（株）,"明石・西神・須磨30, 明石・西神・須磨37A, 明石・西神・須磨43, 明石・西神・須磨44, 明石・西神・須磨91, 明石・西神・須磨92, 明石・西神・須磨93, 明石・西神・須磨93A, 津山・西脇・社　社（車庫前）〜三木〜明石駅"
白川台4丁目,神戸市,77系統（神戸市）
家庭裁判所前,神戸市,"9系統（神戸市）, 110系統（神戸市）, 112系統（神戸市）"
錦明園,神姫バス（株）,明石・西神・須磨29
大日丘,神戸市,"4系統（神戸市）, 40系統（神戸市）"
ひよどり台南町2丁目,神戸市,"17系統（神戸市）, 87系統（神戸市）"
市役所・東遊園地前,神姫バス（株）,神戸市中心部　新神戸駅前〜ハーバーランド循環〜新神戸駅前
北落合2丁目,神戸市,"77系統（神戸市）, 83系統（神戸市）"
岡田郵便局前,神姫バス（株）,"明石・西神・須磨2, 明石・西神・須磨3, 明石・西神・須磨6, 明石・西神・須磨45, 明石・西神・須磨47, 明石・西神・須磨48, 明石・西神・須磨49"
伊川谷駅前,神戸市,58系統（神戸市）
宮下1丁目,神姫バス（株）,"明石・西神・須磨26, 明石・西神・須磨27＿2"
水産技術センター前,山陽バス（株）,二見線70系統
南京町（中華街）,神姫バス（株）,神戸市中心部　新神戸駅前〜北野異人館〜新神戸駅前
松本南口,神姫バス（株）,"明石・西神・須磨13, 明石・西神・須磨18＿1"
伊川谷駅,神姫バス（株）,"明石・西神・須磨56, 明石・西神・須磨57, 明石・西神・須磨66, 明石・西神・須磨68, 明石・西神・須磨14"
東遊園地前,神戸市,29系統
東遊園地前,神姫バス（株）,神戸市中心部　新神戸駅前〜ハーバーランド循環〜新神戸駅前
神戸女子学生会館前,みなと観光バス（株）（神戸市）,"21系統, 131系統"
大曲り,神戸市,"5系統（神戸市）, 84系統（神戸市）, 125系統"
一里山,神戸市,"4系統（神戸市）, 40系統（神戸市）"
松陰厚生館,明石市,たこバスミニ・3　松陰ルート
神戸市立博物館前,神戸市,三宮駅〜新港町〜三宮駅
神戸市立博物館前,神姫バス（株）,"神戸市中心部　三宮駅前〜三宮駅前, 神戸市中心部　新神戸駅前〜神戸商工会議所, 神戸市中心部　ポーアイキャンパス〜神戸市立博物館前〜三宮駅前, 神戸市中心部　神戸駅南口〜中央市民病院〜神戸駅南口, 神戸市中心部　神戸駅南口〜ポーアイキャンパス〜中央市民病院〜神戸駅南口, 神戸市中心部　神戸駅南口〜ハーバーランド〜ポーアイキャンパス〜中央市民病院〜神戸駅南口, 神戸市中心部　三宮駅前〜神戸市立博物館〜IKEA神戸〜神戸インキュベーションオフィス（KIO）〜コンテナターミナル"
神戸税関前,阪神バス（株）,西宮神戸線
ウエストコート7番街前,みなと観光バス（株）（神戸市）,"21系統, 131系統"
下山手9丁目,神姫バス（株）,神戸市中心部　三宮センター街東口〜神戸駅前
山陽西江井ヶ島駅北,明石市,たこバス・7　西江井ケ島ルート
西丸山町3丁目,神戸市,"4系統（神戸市）, 40系統（神戸市）"
南公園,神戸市,"84系統（神戸市）, 125系統"
松陰山手,明石市,たこバスミニ・3　松陰ルート
花山町2丁目,神戸市,"4系統（神戸市）, 40系統（神戸市）"
神の谷5丁目,神戸市,"76系統, 83系統（神戸市）"
富士通前,神姫バス（株）,明石・西神・須磨1
二ツ屋北,神姫バス（株）,"明石・西神・須磨26, 明石・西神・須磨27＿2"
三井桟橋,神戸市,29系統
落合団地前,神戸市,"70系統（神戸市）, 79系統, 120系統（神戸市）"
落合団地前,神姫バス（株）,明石・西神・須磨14
若草町1丁目,神戸市,"84系統（神戸市）, 125系統"
西開地,明石市,たこバスミニ・3　松陰ルート
花山町1丁目,神戸市,"4系統（神戸市）, 40系統（神戸市）"
大久保北,神姫バス（株）,"明石・西神・須磨12, 明石・西神・須磨19, 明石・西神・須磨18＿2"
山陽西江井ヶ島駅,明石市,たこバス・7　西江井ケ島ルート
西丸山町1丁目,神戸市,"4系統（神戸市）, 40系統（神戸市）"
滝山町,神戸市,65系統（神戸市）
滝山町,阪急バス（株）,西鈴神戸線（150、151、158系統）
大池南,明石市,たこバス・7　西江井ケ島ルート
江井島中学校,明石市,たこバス・7　西江井ケ島ルート
上津橋,神姫バス（株）,明石・西神・須磨29
学園東町（流通科学大学前）,神姫バス（株）,明石・西神・須磨57
夢野町2丁目,神戸市,"3系統, 6系統, 7系統（神戸市）, 9系統（神戸市）, 11系統（神戸市）, 40系統（神戸市）, 65系統（神戸市）"
夢野町2丁目,阪急バス（株）,西鈴神戸線（150、151、158系統）
北須磨文化センター前,神戸市,"77系統（神戸市）, 83系統（神戸市）"
夢野2丁目,神姫バス（株）,明石・西神・須磨　快速38
永井谷,神姫バス（株）,明石・西神・須磨15
夢野町3丁目,神戸市,"3系統, 6系統, 11系統（神戸市）, 40系統（神戸市）, 65系統（神戸市）, 110系統（神戸市）, 112系統（神戸市）"
夢野町3丁目,阪急バス（株）,西鈴神戸線（150、151、158系統）
KIITO前,神姫バス（株）,神戸市中心部　新神戸駅前〜ハーバーランド循環〜新神戸駅前
丸山町3丁目,神戸市,"4系統（神戸市）, 40系統（神戸市）"
大学病院前,神戸市,"9系統（神戸市）, 110系統（神戸市）, 112系統（神戸市）"
大学病院前,神姫バス（株）,三田駅周辺14＿1
大学病院前,阪急バス（株）,鈴蘭台線（61系統）
みなと元町駅前,神姫バス（株）,神戸市中心部　新神戸駅前〜北野異人館〜新神戸駅前
税関前,神戸市,29系統
カネディアンアカデミィ前,みなと観光バス（株）（神戸市）,131系統
二ツ屋東口,神姫バス（株）,"明石・西神・須磨13, 明石・西神・須磨18＿1"
北落合3丁目,神戸市,76系統
西落合中学校前,神戸市,"76系統, 83系統（神戸市）"
六甲アイランド高校前,みなと観光バス（株）（神戸市）,131系統
メリケンパーク,神姫バス（株）,"神戸市中心部　新神戸駅前〜北野異人館〜新神戸駅前, 神戸市中心部　新神戸駅前〜ハーバーランド循環〜新神戸駅前"
車大道北,神戸市,"84系統（神戸市）, 125系統"
神戸ポートオアシス,神戸市,三宮駅〜新港町〜三宮駅
車大道,神戸市,"5系統（神戸市）, 125系統"
神戸ポートオアシス前,神姫バス（株）,"神戸市中心部　新神戸駅前〜ハーバーランド循環〜新神戸駅前, 神戸市中心部　三宮駅前〜三宮駅前, 神戸市中心部　新神戸駅前〜神戸商工会議所, 神戸市中心部　ポーアイキャンパス〜神戸市立博物館前〜三宮駅前, 神戸市中心部　神戸駅南口〜中央市民病院〜神戸駅南口, 神戸市中心部　神戸駅南口〜ポーアイキャンパス〜中央市民病院〜神戸駅南口, 神戸市中心部　神戸駅南口〜ハーバーランド〜ポーアイキャンパス〜中央市民病院〜神戸駅南口, 神戸市中心部　三宮駅前〜神戸市立博物館〜IKEA神戸〜神戸インキュベーションオフィス（KIO）〜コンテナターミナル"
東落合小学校前,神戸市,77系統（神戸市）
西江井島病院,明石市,たこバス・7　西江井ケ島ルート
小寺橋,神戸市,58系統（神戸市）
小寺橋,神姫バス（株）,"明石・西神・須磨56, 明石・西神・須磨57, 明石・西神・須磨66, 明石・西神・須磨68, 明石・西神・須磨14"
鵯越町,神戸市,"3系統, 6系統, 11系統（神戸市）, 40系統（神戸市）, 65系統（神戸市）, 110系統（神戸市）, 112系統（神戸市）"
鵯越町,阪急バス（株）,西鈴神戸線（150、151、158系統）
二ツ屋公園前,神姫バス（株）,"明石・西神・須磨26, 明石・西神・須磨27＿2"
大倉山,神姫バス（株）,神戸市中心部　三宮センター街東口〜神戸駅前
玉津支所前,神姫バス（株）,"明石・西神・須磨30, 明石・西神・須磨37A, 明石・西神・須磨43, 明石・西神・須磨44, 明石・西神・須磨91, 明石・西神・須磨92, 明石・西神・須磨93, 明石・西神・須磨93A, 津山・西脇・社　社（車庫前）〜三木〜明石駅"
新港町,神戸市,三宮駅〜新港町〜三宮駅
新港町,神姫バス（株）,"神戸市中心部　新神戸駅前〜ハーバーランド循環〜新神戸駅前, 神戸市中心部　三宮駅前〜三宮駅前, 神戸市中心部　新神戸駅前〜神戸商工会議所, 神戸市中心部　ポーアイキャンパス〜神戸市立博物館前〜三宮駅前, 神戸市中心部　神戸駅南口〜中央市民病院〜神戸駅南口, 神戸市中心部　神戸駅南口〜ポーアイキャンパス〜中央市民病院〜神戸駅南口, 神戸市中心部　神戸駅南口〜ハーバーランド〜ポーアイキャンパス〜中央市民病院〜神戸駅南口, 神戸市中心部　三宮駅前〜神戸市立博物館〜IKEA神戸〜神戸インキュベーションオフィス（KIO）〜コンテナターミナル"
花山町,神戸市,17系統（神戸市）
丸山,神戸市,"4系統（神戸市）, 40系統（神戸市）"
向洋町中8丁目,みなと観光バス（株）（神戸市）,131系統
福田,明石市,たこバス・6　江井ケ島ルート
甲南大学前,みなと観光バス（株）（神戸市）,131系統
マリンパーク公園前,みなと観光バス（株）（神戸市）,131系統
国道大久保,神姫バス（株）,明石・西神・須磨1
向井,明石市,たこバス・7　西江井ケ島ルート
江井島皿池西,明石市,たこバス・6　江井ケ島ルート
鹿松町,神戸市,17系統（神戸市）
神戸国際大学前,みなと観光バス（株）（神戸市）,"21系統, 131系統"
熊野橋,神戸市,"3系統, 6系統, 7系統（神戸市）, 9系統（神戸市）, 11系統（神戸市）, 40系統（神戸市）, 65系統（神戸市）"
熊野橋,阪急バス（株）,西鈴神戸線（150、151、158系統）
大久保東,神姫バス（株）,"明石・西神・須磨2, 明石・西神・須磨3, 明石・西神・須磨6, 明石・西神・須磨45, 明石・西神・須磨47, 明石・西神・須磨48, 明石・西神・須磨49"
清水台,神戸市,"84系統（神戸市）, 125系統"
玉津健康福祉ゾーン,神姫バス（株）,明石・西神・須磨13
かもめりあ（神戸港観光船のりば）,神姫バス（株）,"神戸市中心部　新神戸駅前〜北野異人館〜新神戸駅前, 神戸市中心部　新神戸駅前〜ハーバーランド循環〜新神戸駅前"
名谷公園前,神戸市,76系統
堀町,明石市,たこバスミニ・3　松陰ルート
ポートタワー前,神姫バス（株）,"神戸市中心部　新神戸駅前〜北野異人館〜新神戸駅前, 神戸市中心部　新神戸駅前〜ハーバーランド循環〜新神戸駅前"
新生病院,神姫バス（株）,明石・西神・須磨13
大久保駅,神姫バス（株）,"明石・西神・須磨12, 明石・西神・須磨2, 明石・西神・須磨3, 明石・西神・須磨6, 明石・西神・須磨19, 明石・西神・須磨45, 明石・西神・須磨47, 明石・西神・須磨48, 明石・西神・須磨49, 明石・西神・須磨1, 明石・西神・須磨18＿2"
夢野台,神戸市,65系統（神戸市）
夢野台,阪急バス（株）,西鈴神戸線（150、151、158系統）
西島ヒマラヤ公園,明石市,たこバス・7　西江井ケ島ルート
西落合住宅前,神戸市,76系統
神戸三宮フェリーターミナル,神戸フェリーバス（株）,"ジャンボフェリー連絡バス, 宮崎カーフェリー連絡バス"
上津橋南口,神姫バス（株）,明石・西神・須磨29
大西脳神経外科病院,明石市,たこバス・6　江井ケ島ルート
学園都市駅前,山陽バス（株）,"垂水・舞子線⑪系統, 垂水・舞子線⑭系統"
学園都市駅前,神戸市・山陽バス（株）,"50系統, 51系統, 53系統, 54系統, 直, 56系統, 121系統, 161系統, 171系統, 48系統"
学園都市駅前,神姫バス（株）,明石・西神・須磨57
松陰公園,明石市,たこバスミニ・3　松陰ルート
楠町6丁目,神戸市,"9系統（神戸市）, 110系統（神戸市）, 112系統（神戸市）"
楠町6丁目,神姫バス（株）,神戸市中心部　三宮センター街東口〜神戸駅前
楠町6丁目,阪急バス（株）,鈴蘭台線（61系統）
江井島小学校西,明石市,たこバス・7　西江井ケ島ルート
大久保市民センター前,神姫バス（株）,"明石・西神・須磨2, 明石・西神・須磨3, 明石・西神・須磨6, 明石・西神・須磨45, 明石・西神・須磨47, 明石・西神・須磨48, 明石・西神・須磨49, 明石・西神・須磨1"
JR大久保駅南口,明石市,"たこバスミニ・3　松陰ルート, たこバスミニ・4　大久保南ルート, たこバス・5　谷八木ルート, たこバス・6　江井ケ島ルート"
緑が丘2丁目,神戸市,87系統（神戸市）
堀切,神戸市,"4系統（神戸市）, 40系統（神戸市）"
東山町,神戸市,"3系統, 6系統, 7系統（神戸市）, 9系統（神戸市）, 11系統（神戸市）, 40系統（神戸市）, 65系統（神戸市）"
東山町,阪急バス（株）,西鈴神戸線（150、151、158系統）
神戸医療センター前,神戸市,"76系統, 83系統（神戸市）"
中津,神姫バス（株）,明石・西神・須磨29
堀切西,神戸市,17系統（神戸市）
西建設事務所前,神姫バス（株）,"明石・西神・須磨13, 明石・西神・須磨18＿1"
風早,神戸市,"17系統（神戸市）, 87系統（神戸市）"
ゆりのき通2丁目北,明石市,たこバス・6　江井ケ島ルート
ハーバーランド（モザイク前）,神姫バス（株）,神戸市中心部　新神戸駅前〜北野異人館〜新神戸駅前
須磨東高校前,神戸市,"77系統（神戸市）, 78系統（神戸市）, 84系統（神戸市）"
大日寺前,神戸市,"4系統（神戸市）, 40系統（神戸市）"
花谷小学校前,神戸市,"77系統（神戸市）, 78系統（神戸市）, 84系統（神戸市）"
星城高校,神戸市,87系統（神戸市）
菊水町10丁目,神戸市,"3系統, 6系統, 11系統（神戸市）, 40系統（神戸市）, 65系統（神戸市）, 110系統（神戸市）, 112系統（神戸市）"
菊水町10丁目,阪急バス（株）,西鈴神戸線（150、151、158系統）
藪中,神戸市,17系統（神戸市）
緑が丘1丁目,神戸市,87系統（神戸市）
江井島小学校,明石市,たこバス・7　西江井ケ島ルート
車竹ノ下,神戸市,"5系統（神戸市）, 125系統"
機動隊前,神戸市,87系統（神戸市）
房王寺町5丁目,神戸市,"3系統, 6系統, 11系統（神戸市）, 40系統（神戸市）, 110系統（神戸市）, 112系統（神戸市）"
谷池西,明石市,たこバス・6　江井ケ島ルート
大原橋,明石市,たこバス・7　西江井ケ島ルート
松陰保育所前,明石市,たこバスミニ・3　松陰ルート
丸塚会館前,神姫バス（株）,"明石・西神・須磨26, 明石・西神・須磨27＿2"
モザイク前,みなと観光バス（株）（神戸市）,22系統
野路,神戸市,87系統（神戸市）
湊川公園東口,神姫バス（株）,神戸市中心部　三宮センター街東口〜神戸駅前
名倉小学校前,神戸市,"3系統, 11系統（神戸市）, 40系統（神戸市）, 110系統（神戸市）, 112系統（神戸市）"
神戸駅南口,神姫バス（株）,"明石・西神・須磨　快速38, 三田駅周辺14＿1, 神戸市中心部　神戸駅南口〜中央市民病院〜神戸駅南口, 神戸市中心部　神戸駅南口〜ポーアイキャンパス〜中央市民病院〜神戸駅南口, 神戸市中心部　神戸駅南口〜ハーバーランド〜ポーアイキャンパス〜中央市民病院〜神戸駅南口"
神戸駅南口,阪急バス（株）,鈴蘭台線（61系統）
神戸医療センター下,山陽バス（株）,"垂水・舞子線⑤系統, 垂水・舞子線⑫系統, 垂水・舞子線⑬系統, 垂水・舞子線⑭系統"
神戸医療センター下,神戸市,"76系統, 83系統（神戸市）"
神戸医療センター,神戸市・山陽バス（株）,15系統
小山3丁目,神姫バス（株）,"明石・西神・須磨26, 明石・西神・須磨27＿2"
神戸駅前,神戸市,"4系統（神戸市）, 7系統（神戸市）, 9系統（神戸市）, 11系統（神戸市）, 40系統（神戸市）, 65系統（神戸市）, 95系統（神戸市）, 96系統（神戸市）, 110系統（神戸市）, 112系統（神戸市）"
神戸駅前,神姫バス（株）,神戸市中心部　三宮センター街東口〜神戸駅前
神戸駅前,阪急バス（株）,西鈴神戸線（150、151、158系統）
鳥羽新池公園,明石市,たこバス・1　西明石北ルート
ゆりのき通2丁目,明石市,"たこバスミニ・3　松陰ルート, たこバスミニ・4　大久保南ルート, たこバス・5　谷八木ルート, たこバス・6　江井ケ島ルート"
出合中野公園,神姫バス（株）,"明石・西神・須磨29, 明石・西神・須磨90・90A"
丸塚2丁目,神姫バス（株）,"明石・西神・須磨26, 明石・西神・須磨27＿2"
多聞通5丁目,神戸市,"4系統（神戸市）, 7系統（神戸市）, 9系統（神戸市）, 11系統（神戸市）, 40系統（神戸市）, 65系統（神戸市）, 95系統（神戸市）, 110系統（神戸市）, 112系統（神戸市）"
多聞通5丁目,神姫バス（株）,神戸市中心部　三宮センター街東口〜神戸駅前
多聞通5丁目,阪急バス（株）,"西鈴神戸線（150、151、158系統）, 鈴蘭台線（61系統）"
名谷駅前,神戸市,"70系統（神戸市）, 73系統（神戸市）, 74系統（神戸市）, 76系統, 77系統（神戸市）, 78系統（神戸市）, 79系統, 83系統（神戸市）, 84系統（神戸市）, 120系統（神戸市）"
名谷駅前,神戸市・山陽バス（株）,15系統
長坂橋,神戸市,58系統（神戸市）
長坂橋,神姫バス（株）,"明石・西神・須磨56, 明石・西神・須磨57, 明石・西神・須磨66, 明石・西神・須磨68, 明石・西神・須磨14"
大久保小学校前,神姫バス（株）,"明石・西神・須磨2, 明石・西神・須磨3, 明石・西神・須磨1"
水谷2丁目,神姫バス（株）,明石・西神・須磨15
名谷駅,神姫バス（株）,明石・西神・須磨14
名谷駅,山陽バス（株）,"垂水・舞子線⑤系統, 垂水・舞子線⑫系統, 垂水・舞子線⑬系統, 垂水・舞子線⑭系統"
湊川公園西口,神戸市,"3系統, 6系統, 7系統（神戸市）, 9系統（神戸市）, 11系統（神戸市）, 40系統（神戸市）, 65系統（神戸市）"
湊川公園西口,阪急バス（株）,西鈴神戸線（150、151、158系統）
名倉町,神戸市,"3系統, 11系統（神戸市）, 40系統（神戸市）, 110系統（神戸市）, 112系統（神戸市）"
ハーバーランド,神姫バス（株）,"神戸市中心部　新神戸駅前〜ハーバーランド循環〜新神戸駅前, 神戸市中心部　神戸駅南口〜ハーバーランド〜ポーアイキャンパス〜中央市民病院〜神戸駅南口"
山陽江井ヶ島駅,明石市,"たこバス・6　江井ケ島ルート, たこバス・7　西江井ケ島ルート"
丸山公園前,神姫バス（株）,"明石・西神・須磨29, 明石・西神・須磨90・90A"
野々池中学校,明石市,たこバス・1　西明石北ルート
明泉寺橋,神戸市,"4系統（神戸市）, 40系統（神戸市）"
江井ヶ島綜合市場,明石市,"たこバス・6　江井ケ島ルート, たこバス・7　西江井ケ島ルート"
沢野,明石市,たこバス・1　西明石北ルート
新開地東口,神戸市,"4系統（神戸市）, 7系統（神戸市）, 11系統（神戸市）, 40系統（神戸市）, 65系統（神戸市）, 95系統（神戸市）"
新開地東口,神姫バス（株）,神戸市中心部　三宮センター街東口〜神戸駅前
新開地東口,阪急バス（株）,西鈴神戸線（150、151、158系統）
広畑橋,神戸市,"5系統（神戸市）, 87系統（神戸市）, 125系統"
中野1丁目北,神姫バス（株）,"明石・西神・須磨29, 明石・西神・須磨90・90A"
南落合4丁目,神戸市,78系統（神戸市）
大久保町公民館前,明石市,たこバスミニ・3　松陰ルート
湊川公園西口,神姫バス（株）,明石・西神・須磨　快速38
林山町,神戸市,17系統（神戸市）
中野2丁目南,神姫バス（株）,"明石・西神・須磨29, 明石・西神・須磨90・90A"
日工西,明石市,たこバス・6　江井ケ島ルート
東江井,明石市,"たこバス・6　江井ケ島ルート, たこバス・7　西江井ケ島ルート"
今津,神姫バス（株）,"明石・西神・須磨13, 明石・西神・須磨15, 明石・西神・須磨18＿1"
重池町2丁目,神戸市,6系統
江井島サービスコーナー北,明石市,"たこバス・6　江井ケ島ルート, たこバス・7　西江井ケ島ルート"
中野1丁目南,神姫バス（株）,"明石・西神・須磨29, 明石・西神・須磨90・90A"
ながさわ江井島酒館,明石市,たこバス・6　江井ケ島ルート
沢野南,明石市,たこバス・1　西明石北ルート
憩の家前,明石市,たこバスミニ・3　松陰ルート
日工前,明石市,たこバス・6　江井ケ島ルート
家ノ北,明石市,"たこバス・5　谷八木ルート, たこバス・6　江井ケ島ルート"
大久保南小学校,明石市,"たこバスミニ・3　松陰ルート, たこバスミニ・4　大久保南ルート, たこバス・5　谷八木ルート, たこバス・6　江井ケ島ルート"
沢池小学校,明石市,たこバス・1　西明石北ルート
出合橋,神姫バス（株）,"明石・西神・須磨30, 明石・西神・須磨37A, 明石・西神・須磨43, 明石・西神・須磨44, 明石・西神・須磨26, 明石・西神・須磨91, 明石・西神・須磨92, 明石・西神・須磨93, 明石・西神・須磨93A, 津山・西脇・社　社（車庫前）〜三木〜明石駅, 明石・西神・須磨27＿2"
大谷,神姫バス（株）,明石・西神・須磨15
長坂,神戸市,58系統（神戸市）
長坂,神姫バス（株）,明石・西神・須磨56
池上5丁目,神姫バス（株）,"明石・西神・須磨57, 明石・西神・須磨66, 明石・西神・須磨68, 明石・西神・須磨14"
上沢4丁目,神戸市,9系統（神戸市）
中田,神戸市,5系統（神戸市）
江井島港,明石市,たこバス・6　江井ケ島ルート
中野東口,神姫バス（株）,"明石・西神・須磨29, 明石・西神・須磨90・90A"
新開地,神戸市,"3系統, 4系統（神戸市）, 6系統, 7系統（神戸市）, 11系統（神戸市）, 40系統（神戸市）, 65系統（神戸市）, 95系統（神戸市）"
新開地,神姫バス（株）,"明石・西神・須磨　快速38, 神戸市中心部　三宮センター街東口〜神戸駅前"
新開地,阪急バス（株）,西鈴神戸線（150、151、158系統）
南落合3丁目,神戸市,78系統（神戸市）
西江井,明石市,たこバス・6　江井ケ島ルート
竜が台中学校前,神戸市,"73系統（神戸市）, 74系統（神戸市）"
西八木厚生館,明石市,たこバス・6　江井ケ島ルート
宮川町9丁目,神戸市,"11系統（神戸市）, 13系統（神戸市）, 110系統（神戸市）, 112系統（神戸市）"
鳥羽宮東,明石市,たこバス・1　西明石北ルート
妙法寺駅前,神戸市,"5系統（神戸市）, 73系統（神戸市）, 87系統（神戸市）, 88系統（神戸市）, 89系統（神戸市）, 125系統"
妙法寺駅前,神姫バス（株）,"神戸市中心部75, 神戸市中心部　区"
妙法寺駅前,神戸市・神姫バス（株）,75系統
重池町1丁目,神戸市,6系統
マルアイ前,明石市,たこバスミニ・3　松陰ルート
伊川谷インター前,神姫バス（株）,"明石・西神・須磨15, 明石・西神・須磨14"
下山崎,明石市,"たこバスミニ・3　松陰ルート, たこバスミニ・4　大久保南ルート"
竜が台小学校前,神戸市,78系統（神戸市）
竜が台小学校前,神戸市・山陽バス（株）,15系統
住吉神社,明石市,たこバスミニ・4　大久保南ルート
湊町1丁目,神戸市,96系統（神戸市）
森田,神姫バス（株）,"明石・西神・須磨2, 明石・西神・須磨3, 明石・西神・須磨1"
長田8丁目,神戸市,"3系統, 4系統（神戸市）, 13系統（神戸市）, 17系統（神戸市）"
北別府3丁目,神姫バス（株）,明石・西神・須磨14
湊町2丁目,神戸市,3系統
明石南高校北（野々池貯水池）,明石市,たこバス・1　西明石北ルート
奥妙法寺,神戸市,5系統（神戸市）
大久保浄化センター南,明石市,"たこバス・5　谷八木ルート, たこバス・6　江井ケ島ルート"
伊川谷惣社前,神姫バス（株）,明石・西神・須磨14
大久保中学校南,明石市,"たこバスミニ・3　松陰ルート, たこバスミニ・4　大久保南ルート"
奥畑,山陽バス（株）,"垂水・舞子線⑤系統, 垂水・舞子線⑫系統, 垂水・舞子線⑬系統, 垂水・舞子線⑭系統"
奥畑,神戸市・山陽バス（株）,15系統
王塚台5丁目,神姫バス（株）,"明石・西神・須磨29, 明石・西神・須磨22, 明石・西神・須磨22A, 明石・西神・須磨91, 明石・西神・須磨92, 明石・西神・須磨93, 明石・西神・須磨93A"
明石医療センター,明石市,"たこバスミニ・4　大久保南ルート, たこバス・5　谷八木ルート, たこバス・6　江井ケ島ルート"
伊川谷出張所前,神姫バス（株）,"明石・西神・須磨57, 明石・西神・須磨66, 明石・西神・須磨68, 明石・西神・須磨14"
城ケ谷,明石市,たこバス・5　谷八木ルート
明南町2丁目,明石市,たこバス・1　西明石北ルート
高津橋北,神姫バス（株）,"明石・西神・須磨13, 明石・西神・須磨15, 明石・西神・須磨18＿1"
友が丘中学校前,神戸市,78系統（神戸市）
夜間休日応急診療所,明石市,"たこバス・5　谷八木ルート, たこバス・6　江井ケ島ルート"
和井取,神姫バス（株）,明石・西神・須磨15
谷八木2号公園,明石市,たこバスミニ・4　大久保南ルート
鳥羽浄水場南,明石市,たこバス・1　西明石北ルート
小束山手1丁目,神戸市・山陽バス（株）,56系統
小束台西,神戸市・山陽バス（株）,161系統
名谷南センター前,神戸市,"73系統（神戸市）, 74系統（神戸市）"
地下鉄上沢駅前,神戸市,9系統（神戸市）
小束台,神戸市・山陽バス（株）,161系統
堂ノ下,神戸市,5系統（神戸市）
菅の台1丁目,神戸市,"73系統（神戸市）, 74系統（神戸市）"
小束山手2丁目,神戸市・山陽バス（株）,56系統
明石南高校南,明石市,たこバス・1　西明石北ルート
王塚台7丁目,神姫バス（株）,"明石・西神・須磨30, 明石・西神・須磨37A, 明石・西神・須磨43, 明石・西神・須磨44, 明石・西神・須磨26, 明石・西神・須磨91, 明石・西神・須磨92, 明石・西神・須磨93, 明石・西神・須磨93A, 津山・西脇・社　社（車庫前）〜三木〜明石駅, 明石・西神・須磨27＿2"
北埠頭,神姫バス（株）,"神戸市中心部　新神戸駅前〜海上アクセス, 神戸市中心部　三宮駅前〜港島南町3丁目"
中尾,明石市,たこバス・1　西明石北ルート
順心神戸病院前,神戸市・山陽バス（株）,161系統
竜が台7丁目,神戸市,78系統（神戸市）
永沢町,神戸市,"4系統（神戸市）, 6系統, 95系統（神戸市）"
ポーアイ住宅前,神姫バス（株）,"神戸市中心部　ポーアイキャンパス〜神戸市立博物館前〜三宮駅前, 神戸市中心部　神戸駅南口〜ポーアイキャンパス〜中央市民病院〜神戸駅南口, 神戸市中心部　神戸駅南口〜ハーバーランド〜ポーアイキャンパス〜中央市民病院〜神戸駅南口"
小久保6丁目,明石市,たこバス・1　西明石北ルート
鳥羽郵便局東,明石市,たこバス・1　西明石北ルート
丁の山公園,神姫バス（株）,"明石・西神・須磨15, 明石・西神・須磨14"
王塚台東口,神姫バス（株）,"明石・西神・須磨29, 明石・西神・須磨22, 明石・西神・須磨22A, 明石・西神・須磨91, 明石・西神・須磨92, 明石・西神・須磨93, 明石・西神・須磨93A"
長田5丁目,神戸市,"3系統, 4系統（神戸市）, 13系統（神戸市）, 17系統（神戸市）"
山陽中八木駅西,明石市,たこバス・5　谷八木ルート
長田小学校前,神戸市,"11系統（神戸市）, 13系統（神戸市）, 110系統（神戸市）, 112系統（神戸市）"
新末田橋,神姫バス（株）,明石・西神・須磨14
池上2丁目,神姫バス（株）,明石・西神・須磨57
横尾団地口,神戸市,"73系統（神戸市）, 88系統（神戸市）, 89系統（神戸市）"
卸売市場北,明石市,たこバス・2　西明石南ルート
明南町1丁目,明石市,たこバス・1　西明石北ルート
那須神社前,神戸市,5系統（神戸市）
谷八木1号公園,明石市,たこバスミニ・4　大久保南ルート
白水1丁目西,神姫バス（株）,"明石・西神・須磨15, 明石・西神・須磨14"
港島住宅前,神姫バス（株）,"神戸市中心部　ポーアイキャンパス〜神戸市立博物館前〜三宮駅前, 神戸市中心部　神戸駅南口〜ポーアイキャンパス〜中央市民病院〜神戸駅南口, 神戸市中心部　神戸駅南口〜ハーバーランド〜ポーアイキャンパス〜中央市民病院〜神戸駅南口"
北須磨高校前,神戸市・山陽バス（株）,15系統
トベラ公園前,明石市,たこバス・1　西明石北ルート
上脇,神姫バス（株）,"明石・西神・須磨57, 明石・西神・須磨84"
五番町2丁目,神戸市,"6系統, 9系統（神戸市）"
神和台3丁目,神戸市・山陽バス（株）,15系統
七宮町,神戸市,"3系統, 96系統（神戸市）"
北別府5丁目,神姫バス（株）,"明石・西神・須磨15, 明石・西神・須磨14"
前川橋,神姫バス（株）,明石・西神・須磨14
神和台南公園前,神戸市・山陽バス（株）,15系統
奥畑口,神戸市・山陽バス（株）,15系統
奥畑口,山陽バス（株）,"垂水・舞子線⑤系統, 垂水・舞子線⑫系統, 垂水・舞子線⑬系統, 垂水・舞子線⑭系統"
玉津曙北,神姫バス（株）,"明石・西神・須磨29, 明石・西神・須磨22, 明石・西神・須磨22A, 明石・西神・須磨30, 明石・西神・須磨37A, 明石・西神・須磨43, 明石・西神・須磨44, 明石・西神・須磨26, 津山・西脇・社　社（車庫前）〜三木〜明石駅"
和井取口,神姫バス（株）,明石・西神・須磨14
名谷テニスガーデン前,神戸市・山陽バス（株）,15系統
学園緑が丘,神戸市・山陽バス（株）,56系統
白水1丁目東,神姫バス（株）,"明石・西神・須磨15, 明石・西神・須磨14"
大開駅前,神戸市,"6系統, 9系統（神戸市）, 13系統（神戸市）, 96系統（神戸市）"
高津橋,神姫バス（株）,"明石・西神・須磨13, 明石・西神・須磨15, 明石・西神・須磨18＿1"
八木遺跡公園北,明石市,たこバス・5　谷八木ルート
宮丘町,神戸市,"11系統（神戸市）, 13系統（神戸市）, 110系統（神戸市）, 112系統（神戸市）"
イトーピア東,神姫バス（株）,"神戸市中心部　ポーアイキャンパス〜神戸市立博物館前〜三宮駅前, 神戸市中心部　神戸駅南口〜ポーアイキャンパス〜中央市民病院〜神戸駅南口, 神戸市中心部　神戸駅南口〜ハーバーランド〜ポーアイキャンパス〜中央市民病院〜神戸駅南口"
横尾2丁目,神姫バス（株）,"神戸市中心部75, 神戸市中心部　区"
横尾2丁目,神戸市・神姫バス（株）,75系統
県立リハビリセンター,神姫バス（株）,"明石・西神・須磨23, 明石・西神・須磨22A, 明石・西神・須磨82＿1"
道屋,明石市,たこバスミニ・4　大久保南ルート
谷八木福井谷公園,明石市,たこバスミニ・4　大久保南ルート
柳原,神戸市,"4系統（神戸市）, 6系統, 95系統（神戸市）"
池上中央公園,神姫バス（株）,明石・西神・須磨57
カゲユ池古墳前,明石市,たこバス・2　西明石南ルート
伊川谷小学校前,神姫バス（株）,明石・西神・須磨14
山陽中八木駅北,明石市,たこバスミニ・4　大久保南ルート
焼野池,明石市,たこバスミニ・4　大久保南ルート
神和台1丁目,神戸市・山陽バス（株）,15系統
長田神社前,神戸市,"3系統, 4系統（神戸市）, 13系統（神戸市）, 17系統（神戸市）"
ふれあいセンター,神姫バス（株）,"神戸市中心部　ポーアイキャンパス〜神戸市立博物館前〜三宮駅前, 神戸市中心部　神戸駅南口〜ポーアイキャンパス〜中央市民病院〜神戸駅南口, 神戸市中心部　神戸駅南口〜ハーバーランド〜ポーアイキャンパス〜中央市民病院〜神戸駅南口"
ポートビレッジ西,神姫バス（株）,"神戸市中心部　新神戸駅前〜神戸商工会議所, 神戸市中心部　神戸駅南口〜中央市民病院〜神戸駅南口, 神戸市中心部　三宮駅前〜神戸女子大学前〜中央市民病院〜コンテナターミナル, 神戸市中心部　三宮駅前〜神戸市立博物館〜IKEA神戸〜神戸インキュベーションオフィス（KIO）〜コンテナターミナル"
菅の台小学校前,神戸市,"73系統（神戸市）, 74系統（神戸市）"
口ノ川,神戸市,5系統（神戸市）
伊川谷高校前,神戸市,58系統（神戸市）
伊川谷高校前,神姫バス（株）,明石・西神・須磨56
伊川谷高校前,神戸市・山陽バス（株）,55系統
谷八木堂田公園,明石市,たこバスミニ・4　大久保南ルート
王塚台1丁目,神姫バス（株）,"明石・西神・須磨22, 明石・西神・須磨22A, 明石・西神・須磨90・90A, 明石・西神・須磨91, 明石・西神・須磨92, 明石・西神・須磨93, 明石・西神・須磨93A"
中谷山,神姫バス（株）,"明石・西神・須磨2, 明石・西神・須磨3, 明石・西神・須磨1"
南別府1丁目,神姫バス（株）,"明石・西神・須磨66, 明石・西神・須磨68"
山陽中八木駅,明石市,たこバス・5　谷八木ルート
五番町4丁目,神戸市,"6系統, 9系統（神戸市）"
玉津曙南口,神姫バス（株）,"明石・西神・須磨23, 明石・西神・須磨22A, 明石・西神・須磨82＿1"
玉津曙,神姫バス（株）,"明石・西神・須磨29, 明石・西神・須磨22, 明石・西神・須磨22A, 明石・西神・須磨30, 明石・西神・須磨37A, 明石・西神・須磨43, 明石・西神・須磨44, 明石・西神・須磨26, 津山・西脇・社　社（車庫前）〜三木〜明石駅, 明石・西神・須磨27＿2"
舞多聞西7丁目,神戸市・山陽バス（株）,161系統
小束山1丁目,神戸市・山陽バス（株）,56系統
鍛冶屋町,神戸市,"3系統, 96系統（神戸市）"
水木小学校前,神戸市,"6系統, 9系統（神戸市）, 13系統（神戸市）, 96系統（神戸市）"
白水東口,神姫バス（株）,明石・西神・須磨14
鳥羽,神姫バス（株）,"明石・西神・須磨22, 明石・西神・須磨22A, 明石・西神・須磨90・90A, 明石・西神・須磨91, 明石・西神・須磨92, 明石・西神・須磨93, 明石・西神・須磨93A"
友が丘,神戸市,"73系統（神戸市）, 74系統（神戸市）"
友が丘,神姫バス（株）,"明石・西神・須磨　直, 明石・西神・須磨71＿2"
友が丘,神戸市・神姫バス（株）,71系統
八木遺跡公園,明石市,たこバス・5　谷八木ルート
横尾小学校前,神姫バス（株）,"神戸市中心部75, 神戸市中心部　区"
横尾小学校前,神戸市・神姫バス（株）,75系統
みなとじま駅前,神姫バス（株）,"神戸市中心部　新神戸駅前〜神戸商工会議所, 神戸市中心部　神戸駅南口〜中央市民病院〜神戸駅南口, 神戸市中心部　神戸駅南口〜ハーバーランド〜ポーアイキャンパス〜中央市民病院〜神戸駅南口, 神戸市中心部　三宮駅前〜神戸女子大学前〜中央市民病院〜コンテナターミナル, 神戸市中心部　三宮駅前〜神戸市立博物館〜IKEA神戸〜神戸インキュベーションオフィス（KIO）〜コンテナターミナル"
北須磨団地,神戸市,"73系統（神戸市）, 74系統（神戸市）"
北須磨団地,神姫バス（株）,"明石・西神・須磨　直, 明石・西神・須磨71＿2"
北須磨団地,神戸市・神姫バス（株）,71系統
鷹取団地前,神戸市,"11系統（神戸市）, 13系統（神戸市）, 110系統（神戸市）, 112系統（神戸市）"
南別府車庫,神姫バス（株）,"明石・西神・須磨66, 明石・西神・須磨68"
卸売市場東,明石市,たこバス・2　西明石南ルート
神和台口,神戸市・山陽バス（株）,15系統
中埠頭,神姫バス（株）,"神戸市中心部　新神戸駅前〜海上アクセス, 神戸市中心部　三宮駅前〜港島南町3丁目"
北須磨団地東口,神戸市,"73系統（神戸市）, 74系統（神戸市）"
北須磨団地東口,神姫バス（株）,"明石・西神・須磨　直, 明石・西神・須磨71＿2"
北須磨団地東口,神戸市・神姫バス（株）,71系統
神戸女子大学前,神姫バス（株）,"神戸市中心部　ポーアイキャンパス〜神戸市立博物館前〜三宮駅前, 神戸市中心部　三宮駅前〜中央市民病院, 神戸市中心部　神戸駅南口〜ポーアイキャンパス〜中央市民病院〜神戸駅南口, 神戸市中心部　神戸駅南口〜ハーバーランド〜ポーアイキャンパス〜中央市民病院〜神戸駅南口, 神戸市中心部　三宮駅前〜神戸女子大学前〜中央市民病院〜コンテナターミナル"
小束山4丁目,神戸市・山陽バス（株）,56系統
兵庫駅前,神戸市,"4系統（神戸市）, 6系統, 9系統（神戸市）, 13系統（神戸市）, 96系統（神戸市）"
啓明学院前,神戸市,"73系統（神戸市）, 74系統（神戸市）, 88系統（神戸市）, 89系統（神戸市）"
啓明学院前,神姫バス（株）,"明石・西神・須磨　直, 明石・西神・須磨71＿2"
啓明学院前,神戸市・神姫バス（株）,71系統
西柳原,神戸市,"6系統, 9系統（神戸市）, 95系統（神戸市）, 96系統（神戸市）"
パークシティ前,神姫バス（株）,"神戸市中心部　ポーアイキャンパス〜神戸市立博物館前〜三宮駅前, 神戸市中心部　神戸駅南口〜ポーアイキャンパス〜中央市民病院〜神戸駅南口, 神戸市中心部　神戸駅南口〜ハーバーランド〜ポーアイキャンパス〜中央市民病院〜神戸駅南口"
小束山6丁目,神戸市・山陽バス（株）,"50系統, 51系統, 53系統, 54系統, 直, 56系統, 121系統, 161系統, 171系統, 48系統"
小束山6丁目,山陽バス（株）,"垂水・舞子線⑪系統, 垂水・舞子線⑭系統"
漆山,神姫バス（株）,明石・西神・須磨56
塚本通8丁目,神戸市,"4系統（神戸市）, 13系統（神戸市）, 96系統（神戸市）"
神和台口,山陽バス（株）,垂水・舞子線⑫系統
土池公園前,神戸市・山陽バス（株）,15系統
大津和,神姫バス（株）,"明石・西神・須磨57, 明石・西神・須磨84"
白水3丁目,神姫バス（株）,明石・西神・須磨14
西市民病院前,神戸市,"4系統（神戸市）, 6系統, 9系統（神戸市）, 13系統（神戸市）, 96系統（神戸市）"
谷八木,明石市,たこバス・5　谷八木ルート
禅昌寺,神戸市,5系統（神戸市）
ポーアイキャンパス東,神姫バス（株）,"神戸市中心部　ポーアイキャンパス〜神戸市立博物館前〜三宮駅前, 神戸市中心部　ポーアイキャンバス〜三宮駅前, 神戸市中心部　神戸駅南口〜ポーアイキャンパス〜中央市民病院〜神戸駅南口, 神戸市中心部　神戸駅南口〜ハーバーランド〜ポーアイキャンパス〜中央市民病院〜神戸駅南口"
啓明学院前,神姫バス（株）,"神戸市中心部75, 神戸市中心部　区"
啓明学院前,神戸市・神姫バス（株）,75系統
谷八木小学校,明石市,たこバス・5　谷八木ルート
甲池公園,明石市,たこバス・2　西明石南ルート
神戸鉄工団地西,神姫バス（株）,明石・西神・須磨14
長尾辻,神戸市,58系統（神戸市）
長尾辻,神姫バス（株）,明石・西神・須磨56
長尾辻,神戸市・山陽バス（株）,55系統
小束山小学校,神戸市・山陽バス（株）,56系統
神和台口（新道）,山陽バス（株）,"垂水・舞子線⑤系統, 垂水・舞子線⑬系統, 垂水・舞子線⑭系統"
漆山上,神姫バス（株）,明石・西神・須磨56
吉田,神姫バス（株）,"明石・西神・須磨29, 明石・西神・須磨23, 明石・西神・須磨22, 明石・西神・須磨22A, 明石・西神・須磨30, 明石・西神・須磨37A, 明石・西神・須磨43, 明石・西神・須磨44, 明石・西神・須磨26, 明石・西神・須磨82＿1, 津山・西脇・社　社（車庫前）〜三木〜明石駅, 明石・西神・須磨27＿2"
ポーアイキャンパス,神姫バス（株）,"神戸市中心部　ポーアイキャンパス〜神戸市立博物館前〜三宮駅前, 神戸市中心部　ポーアイキャンバス〜三宮駅前, 神戸市中心部　神戸駅南口〜ポーアイキャンパス〜中央市民病院〜神戸駅南口, 神戸市中心部　神戸駅南口〜ハーバーランド〜ポーアイキャンパス〜中央市民病院〜神戸駅南口"
地下鉄長田駅前,神戸市,"3系統, 4系統（神戸市）, 6系統, 9系統（神戸市）, 13系統（神戸市）, 17系統（神戸市）, 95系統（神戸市）, 96系統（神戸市）"
育英高校前,神戸市,"11系統（神戸市）, 13系統（神戸市）, 110系統（神戸市）, 112系統（神戸市）"
兵庫大仏前,神戸市,96系統（神戸市）
伊川谷住宅前,神姫バス（株）,明石・西神・須磨66
中央市場前,神戸市,"3系統, 96系統（神戸市）"
神戸商工会議所（コンベンションセンター）,神姫バス（株）,"神戸市中心部　新神戸駅前〜神戸商工会議所, 神戸市中心部　神戸駅南口〜中央市民病院〜神戸駅南口, 神戸市中心部　神戸駅南口〜ポーアイキャンパス〜中央市民病院〜神戸駅南口, 神戸市中心部　神戸駅南口〜ハーバーランド〜ポーアイキャンパス〜中央市民病院〜神戸駅南口, 神戸市中心部　三宮駅前〜神戸女子大学前〜中央市民病院〜コンテナターミナル, 神戸市中心部　三宮駅前〜神戸市立博物館〜IKEA神戸〜神戸インキュベーションオフィス（KIO）〜コンテナターミナル"
卸売市場南,明石市,たこバス・2　西明石南ルート
西明石北口,神姫バス（株）,"明石・西神・須磨90・90A, 明石・西神・須磨91, 明石・西神・須磨92, 明石・西神・須磨93"
菅の台7丁目,神戸市・山陽バス（株）,15系統
西明石駅,神姫バス（株）,"明石・西神・須磨22, 明石・西神・須磨22A, 明石・西神・須磨90・90A, 明石・西神・須磨91, 明石・西神・須磨92, 明石・西神・須磨93, 明石・西神・須磨93A, 明石・西神・須磨2, 明石・西神・須磨3, 明石・西神・須磨1"
谷八木橋,明石市,たこバス・5　谷八木ルート
舞多聞西5丁目,神戸市・山陽バス（株）,161系統
東河原,神姫バス（株）,明石・西神・須磨14
JR西明石駅,明石市,"たこバス・1　西明石北ルート, たこバス・2　西明石南ルート"
藤が丘公民館前,明石市,たこバス・2　西明石南ルート
鳥羽南,神姫バス（株）,"明石・西神・須磨22, 明石・西神・須磨22A, 明石・西神・須磨90・90A, 明石・西神・須磨91, 明石・西神・須磨92, 明石・西神・須磨93A"
西明石駅東口,神姫バス（株）,"明石・西神・須磨22, 明石・西神・須磨22A, 明石・西神・須磨90・90A, 明石・西神・須磨91, 明石・西神・須磨92, 明石・西神・須磨93, 明石・西神・須磨93A, 明石・西神・須磨2, 明石・西神・須磨3, 明石・西神・須磨1"
大道通1丁目,神戸市,"17系統（神戸市）, 95系統（神戸市）, 96系統（神戸市）"
国道西明石,神姫バス（株）,"明石・西神・須磨22, 明石・西神・須磨22A, 明石・西神・須磨90・90A, 明石・西神・須磨91, 明石・西神・須磨92, 明石・西神・須磨93A, 明石・西神・須磨2, 明石・西神・須磨3, 明石・西神・須磨1"
多井畑東町,神戸市,89系統（神戸市）
明神町,神戸市,5系統（神戸市）
西河原,神姫バス（株）,"明石・西神・須磨13, 明石・西神・須磨15, 明石・西神・須磨18＿1, 明石・西神・須磨14"
神戸学院大学口,神姫バス（株）,"明石・西神・須磨57, 明石・西神・須磨84"
白水橋,神姫バス（株）,明石・西神・須磨14
神戸学院大学KAC（有瀬キャンパス）,神姫バス（株）,"明石・西神・須磨55, 明石・西神・須磨56, 明石・西神・須磨57, 明石・西神・須磨84"
舞多聞口,神戸市・山陽バス（株）,"50系統, 51系統, 53系統, 54系統, 直, 121系統, 161系統, 171系統, 48系統"
舞多聞口,山陽バス（株）,"垂水・舞子線⑪系統, 垂水・舞子線⑭系統"
須佐野通,神戸市,"6系統, 9系統（神戸市）, 95系統（神戸市）"
出の上,明石市,たこバス・2　西明石南ルート
中山,山陽バス（株）,垂水・舞子線⑫系統
中山,神戸市・山陽バス（株）,15系統
今崎野,明石市,たこバス・5　谷八木ルート
大道通3丁目,神戸市,"17系統（神戸市）, 95系統（神戸市）, 96系統（神戸市）"
中山西口,山陽バス（株）,"垂水・舞子線⑤系統, 垂水・舞子線⑪系統, 垂水・舞子線⑭系統, 垂水・舞子線23系統"
神陵台,神戸市・山陽バス（株）,55系統
御蔵菅原,神戸市,"3系統, 95系統（神戸市）, 96系統（神戸市）"
五位ノ池,神戸市,"11系統（神戸市）, 13系統（神戸市）, 110系統（神戸市）, 112系統（神戸市）"
中山（新道）,山陽バス（株）,"垂水・舞子線⑤系統, 垂水・舞子線⑪系統, 垂水・舞子線⑭系統, 垂水・舞子線23系統"
学園南公園前,神戸市・山陽バス（株）,161系統
多井畑東町集会所前,神戸市,89系統（神戸市）
東多聞,山陽バス（株）,"垂水・舞子線⑤系統, 垂水・舞子線⑪系統, 垂水・舞子線⑭系統, 垂水・舞子線23系統"
中之島,神戸市,3系統
西代,神戸市,"17系統（神戸市）, 95系統（神戸市）, 96系統（神戸市）"
川上町,神戸市,5系統（神戸市）
西明石南町,明石市,たこバス・2　西明石南ルート
赤羽グリーンタウン,神姫バス（株）,明石・西神・須磨16
多聞台4丁目,神戸市・山陽バス（株）,54系統
多聞台4丁目,山陽バス（株）,垂水・舞子線⑦系統
名谷小学校前（新道）,山陽バス（株）,"垂水・舞子線⑤系統, 垂水・舞子線⑪系統, 垂水・舞子線⑬系統, 垂水・舞子線⑭系統"
松原通5丁目,神戸市,"6系統, 95系統（神戸市）"
山陽藤江駅,明石市,"たこバス・2　西明石南ルート, たこバス・5　谷八木ルート"
松の内,神姫バス（株）,"明石・西神・須磨22, 明石・西神・須磨22A, 明石・西神・須磨90・90A, 明石・西神・須磨91, 明石・西神・須磨92, 明石・西神・須磨93A, 明石・西神・須磨1"
藤江駅,神姫バス（株）,明石・西神・須磨70＿2
神陵台,神戸市,58系統（神戸市）
神陵台,神姫バス（株）,明石・西神・須磨56
松原通2丁目,神戸市,"6系統, 95系統（神戸市）"
西明石町3丁目,神姫バス（株）,"明石・西神・須磨22, 明石・西神・須磨22A, 明石・西神・須磨90・90A, 明石・西神・須磨91, 明石・西神・須磨92, 明石・西神・須磨93A"
有瀬橋,神姫バス（株）,"明石・西神・須磨55, 明石・西神・須磨56, 明石・西神・須磨57, 明石・西神・須磨84"
中畑,明石市,たこバス・2　西明石南ルート
IKEA神戸,神姫バス（株）,神戸市中心部　三宮駅前〜神戸市立博物館〜IKEA神戸〜神戸インキュベーションオフィス（KIO）〜コンテナターミナル
多井畑厄神裏参道,神戸市,89系統（神戸市）
山陽藤江駅東,明石市,たこバス・2　西明石南ルート
玉津環境センター前,神姫バス（株）,"明石・西神・須磨29, 明石・西神・須磨26"
西明石町5丁目,神姫バス（株）,"明石・西神・須磨22, 明石・西神・須磨22A, 明石・西神・須磨90・90A, 明石・西神・須磨91, 明石・西神・須磨92, 明石・西神・須磨93A"
名谷小学校前,神戸市・山陽バス（株）,15系統
名谷小学校前,山陽バス（株）,垂水・舞子線⑫系統
藤江川北,明石市,たこバス・2　西明石南ルート
舞多聞東2丁目,神戸市・山陽バス（株）,161系統
こども病院前,神姫バス（株）,"神戸市中心部　三宮駅前〜港島南町3丁目, 神戸市中心部　三宮駅前〜神戸市立博物館〜IKEA神戸〜神戸インキュベーションオフィス（KIO）〜コンテナターミナル"
生田,神姫バス（株）,明石・西神・須磨66
多聞台3丁目,神戸市・山陽バス（株）,54系統
多聞台3丁目,山陽バス（株）,垂水・舞子線⑦系統
望海中学校南,明石市,たこバス・2　西明石南ルート
望海中学校南,神姫バス（株）,"明石・西神・須磨2, 明石・西神・須磨3"
赤羽中央,神姫バス（株）,明石・西神・須磨16
梅ヶ香町,神戸市,"3系統, 96系統（神戸市）"
変電所前,神姫バス（株）,"明石・西神・須磨23, 明石・西神・須磨22, 明石・西神・須磨22A, 明石・西神・須磨30, 明石・西神・須磨37A, 明石・西神・須磨43, 明石・西神・須磨44, 明石・西神・須磨82＿1, 津山・西脇・社　社（車庫前）〜三木〜明石駅, 明石・西神・須磨27＿2"
ベルデ玉津前,神姫バス（株）,明石・西神・須磨26
藤江病院前,明石市,たこバス・2　西明石南ルート
藤江病院前,神姫バス（株）,明石・西神・須磨70＿2
新方,神姫バス（株）,"明石・西神・須磨13, 明石・西神・須磨15, 明石・西神・須磨18＿1, 明石・西神・須磨14"
多聞台,神戸市・山陽バス（株）,54系統
多聞台,山陽バス（株）,垂水・舞子線⑦系統
木工センター,山陽バス（株）,"垂水・舞子線⑤系統, 垂水・舞子線⑪系統, 垂水・舞子線⑭系統, 垂水・舞子線23系統"
山下町4丁目,神戸市,10系統
川崎重工西,神姫バス（株）,"明石・西神・須磨2, 明石・西神・須磨3"
山下町1丁目,神戸市,"17系統（神戸市）, 95系統（神戸市）, 96系統（神戸市）"
つつじが丘,山陽バス（株）,"垂水・舞子線⑬系統, 垂水・舞子線22系統, 垂水・舞子線23系統"
多聞団地センター,山陽バス（株）,垂水・舞子線⑦系統
多聞団地センター,神戸市・山陽バス（株）,54系統
前池町,神戸市,"5系統（神戸市）, 11系統（神戸市）, 13系統（神戸市）, 110系統（神戸市）, 112系統（神戸市）"
前池町,神姫バス（株）,神戸市中心部　区
前池町,神戸市・神姫バス（株）,75系統
垂水警察署前,山陽バス（株）,"垂水・舞子線⑤系統, 垂水・舞子線⑭系統, 垂水・舞子線23系統"
垂水警察署前,神戸市・山陽バス（株）,"50系統, 51系統, 54系統, 直"
奥須磨公園口,神戸市・神姫バス（株）,71系統
奥須磨公園口,神戸市,"72系統, 74系統（神戸市）, 88系統（神戸市）, 89系統（神戸市）"
奥須磨公園口,神姫バス（株）,明石・西神・須磨71＿2
日向前,神姫バス（株）,"明石・西神・須磨55, 明石・西神・須磨56, 明石・西神・須磨57, 明石・西神・須磨84, 明石・西神・須磨85"
赤羽神社南,神姫バス（株）,明石・西神・須磨86
あみだ堂,神戸市・山陽バス（株）,15系統
あみだ堂,山陽バス（株）,"垂水・舞子線⑪系統, 垂水・舞子線⑫系統"
東尻池2丁目,神戸市,"3系統, 95系統（神戸市）, 96系統（神戸市）"
奥須磨公園前,神戸市,"72系統, 74系統（神戸市）, 88系統（神戸市）, 89系統（神戸市）"
奥須磨公園前,神姫バス（株）,明石・西神・須磨71＿2
奥須磨公園前,神戸市・神姫バス（株）,71系統
前池橋,神戸市,112系統（神戸市）
前池橋,神姫バス（株）,神戸市中心部　区
前池橋,神戸市・神姫バス（株）,75系統
学が丘,神戸市・山陽バス（株）,"53系統, 121系統, 171系統, 48系統"
学が丘,山陽バス（株）,"垂水・舞子線⑤系統, 垂水・舞子線⑪系統, 垂水・舞子線⑭系統, 垂水・舞子線23系統"
港湾短大前,神姫バス（株）,"神戸市中心部　新神戸駅前〜海上アクセス, 神戸市中心部　三宮駅前〜神戸市立博物館〜IKEA神戸〜神戸インキュベーションオフィス（KIO）〜コンテナターミナル"
本多聞3丁目,神戸市・山陽バス（株）,"50系統, 54系統, 直"
多井畑厄神,神戸市,"72系統, 74系統（神戸市）, 88系統（神戸市）"
多井畑厄神,神姫バス（株）,明石・西神・須磨71＿2
多井畑厄神,神戸市・神姫バス（株）,71系統
今出在家,神戸市,3系統
明石こころのホスピタル,明石市,たこバス・2　西明石南ルート
東玉津橋,神姫バス（株）,明石・西神・須磨16
中央こどもセンター前,神姫バス（株）,明石・西神・須磨29
石塚,神姫バス（株）,"明石・西神・須磨55, 明石・西神・須磨56, 明石・西神・須磨57"
学が丘4丁目,神戸市・山陽バス（株）,"53系統, 121系統, 171系統, 48系統"
漆山下,神姫バス（株）,"明石・西神・須磨55, 明石・西神・須磨56, 明石・西神・須磨57"
赤羽平池,神姫バス（株）,明石・西神・須磨16
藤江川南,明石市,たこバス・2　西明石南ルート
自動車学校前,神姫バス（株）,"明石・西神・須磨55, 明石・西神・須磨56, 明石・西神・須磨57, 明石・西神・須磨66"
井出,神姫バス（株）,明石・西神・須磨16
和坂3丁目,神姫バス（株）,明石・西神・須磨1
玉津東団地前,神姫バス（株）,明石・西神・須磨16
板宿,神戸市,"5系統（神戸市）, 10系統, 11系統（神戸市）, 13系統（神戸市）, 110系統（神戸市）"
神戸インキュベーションオフィス（KIO）,神姫バス（株）,神戸市中心部　三宮駅前〜神戸市立博物館〜IKEA神戸〜神戸インキュベーションオフィス（KIO）〜コンテナターミナル
多井畑厄神南,神戸市,89系統（神戸市）
中央市民病院,神姫バス（株）,"神戸市中心部　三宮駅前〜港島南町3丁目, 神戸市中心部　神戸駅南口〜中央市民病院〜神戸駅南口, 神戸市中心部　三宮駅前〜中央市民病院, 神戸市中心部　神戸駅南口〜ポーアイキャンパス〜中央市民病院〜神戸駅南口, 神戸市中心部　神戸駅南口〜ハーバーランド〜ポーアイキャンパス〜中央市民病院〜神戸駅南口, 神戸市中心部　三宮駅前〜神戸女子大学前〜中央市民病院〜コンテナターミナル"
玉津南公民館前,神姫バス（株）,"明石・西神・須磨16, 明石・西神・須磨13, 明石・西神・須磨15, 明石・西神・須磨18＿1, 明石・西神・須磨26, 明石・西神・須磨14"
つつじが丘3丁目,神戸市・山陽バス（株）,15系統
つつじが丘3丁目,山陽バス（株）,"垂水・舞子線22系統, 垂水・舞子線23系統"
大末,神姫バス（株）,"明石・西神・須磨84, 明石・西神・須磨85"
藤江神社前,明石市,たこバス・2　西明石南ルート
藤江神社前,神姫バス（株）,明石・西神・須磨70＿2
免許試験場,神姫バス（株）,"明石・西神・須磨55, 明石・西神・須磨56, 明石・西神・須磨57, 明石・西神・須磨66"
別所町,神姫バス（株）,"明石・西神・須磨76＿1, 明石・西神・須磨2, 明石・西神・須磨3, 明石・西神・須磨71＿1, 明石・西神・須磨77, 明石・西神・須磨73＿2"
御屋敷通5丁目,神戸市,"5系統（神戸市）, 10系統, 80系統（神戸市）"
本多聞2丁目,神戸市・山陽バス（株）,"50系統, 54系統, 直"
東藤江,神姫バス（株）,"明石・西神・須磨76＿1, 明石・西神・須磨71＿1, 明石・西神・須磨77, 明石・西神・須磨73＿2"
頭谷,神姫バス（株）,明石・西神・須磨85
水笠通,神戸市,"5系統（神戸市）, 13系統（神戸市）, 17系統（神戸市）, 80系統（神戸市）, 95系統（神戸市）, 96系統（神戸市）"
神陵台小学校前,神戸市,58系統（神戸市）
神陵台小学校前,神戸市・山陽バス（株）,55系統
高倉台6丁目,神姫バス（株）,"神戸市中心部75, 神戸市中心部　区"
高倉台6丁目,神戸市・神姫バス（株）,75系統
御崎本町,神戸市,9系統（神戸市）
多聞団地口,神戸市・山陽バス（株）,54系統
高倉台5丁目,神戸市,72系統
高倉台5丁目,神姫バス（株）,"明石・西神・須磨　直, 明石・西神・須磨71＿2"
高倉台5丁目,神戸市・神姫バス（株）,71系統
多井畑西口,神戸市,"72系統, 74系統（神戸市）, 88系統（神戸市）"
須磨区役所前,神戸市,10系統
須磨区役所前,神姫バス（株）,神戸市中心部　区
須磨区役所前,神戸市・神姫バス（株）,75系統
松が丘1丁目,山陽バス（株）,明石線63系統
大手町勝福寺下,神戸市,112系統（神戸市）
大手町勝福寺下,神姫バス（株）,神戸市中心部　区
大手町勝福寺下,神戸市・神姫バス（株）,75系統
つつじが丘2丁目,神戸市・山陽バス（株）,15系統
つつじが丘2丁目,山陽バス（株）,"垂水・舞子線22系統, 垂水・舞子線23系統"
天王町,神姫バス（株）,明石・西神・須磨86
大田町2丁目,神姫バス（株）,神戸市中心部　区
朝霧台北,神姫バス（株）,明石・西神・須磨84
松が丘小学校前,神姫バス（株）,"明石・西神・須磨82＿1, 明石・西神・須磨80, 明石・西神・須磨81＿2"
松が丘小学校前,山陽バス（株）,"明石線63系統, 明石線65系統"
医療センター駅前,神姫バス（株）,"神戸市中心部　三宮駅前〜港島南町3丁目, 神戸市中心部　神戸駅南口〜中央市民病院〜神戸駅南口, 神戸市中心部　三宮駅前〜中央市民病院, 神戸市中心部　神戸駅南口〜ポーアイキャンパス〜中央市民病院〜神戸駅南口, 神戸市中心部　神戸駅南口〜ハーバーランド〜ポーアイキャンパス〜中央市民病院〜神戸駅南口, 神戸市中心部　三宮駅前〜神戸女子大学前〜中央市民病院〜コンテナターミナル"
水道局垂水センター前,山陽バス（株）,垂水・舞子線⑦系統
和田岬,神戸市,3系統
明石国道事務所,神姫バス（株）,"明石・西神・須磨20＿1・21, 明石・西神・須磨23, 明石・西神・須磨22, 明石・西神・須磨22A, 明石・西神・須磨82＿1, 明石・西神・須磨27＿2, 明石・西神・須磨81＿2"
大橋,神戸市,"95系統（神戸市）, 96系統（神戸市）"
藤江小学校前,神姫バス（株）,"明石・西神・須磨76＿1, 明石・西神・須磨71＿1, 明石・西神・須磨77, 明石・西神・須磨70＿2, 明石・西神・須磨73＿2"
多聞東小学校前,神戸市・山陽バス（株）,"53系統, 121系統, 171系統, 48系統, 191系統"
多聞東小学校前,山陽バス（株）,"垂水・舞子線⑤系統, 垂水・舞子線23系統"
滑,神戸市・山陽バス（株）,15系統
滑,山陽バス（株）,"垂水・舞子線⑪系統, 垂水・舞子線⑫系統, 垂水・舞子線⑬系統"
朝霧山手町北,神姫バス（株）,明石・西神・須磨85
桃山台3丁目,神戸市・山陽バス（株）,15系統
桃山台3丁目,山陽バス（株）,"垂水・舞子線22系統, 垂水・舞子線23系統"
神戸国際大学附属高校前,神戸市・山陽バス（株）,学
青山,神戸市,72系統
青山,神戸市・神姫バス（株）,71系統
青山,神姫バス（株）,"明石・西神・須磨　直, 明石・西神・須磨71＿2"
大田町2丁目,神戸市,"5系統（神戸市）, 10系統, 13系統（神戸市）, 80系統（神戸市）, 110系統（神戸市）"
明石高校前,神姫バス（株）,"明石・西神・須磨55, 明石・西神・須磨56, 明石・西神・須磨57, 明石・西神・須磨66"
東尻池5丁目,神戸市,3系統
がんセンター,神姫バス（株）,"明石・西神・須磨20＿1・21, 明石・西神・須磨23, 明石・西神・須磨22, 明石・西神・須磨22A, 明石・西神・須磨82＿1, 明石・西神・須磨27＿2, 明石・西神・須磨81＿2"
港島南町3丁目,神姫バス（株）,"神戸市中心部　三宮駅前〜港島南町3丁目, 神戸市中心部　神戸駅南口〜中央市民病院〜神戸駅南口, 神戸市中心部　三宮駅前〜中央市民病院, 神戸市中心部　神戸駅南口〜ポーアイキャンパス〜中央市民病院〜神戸駅南口, 神戸市中心部　神戸駅南口〜ハーバーランド〜ポーアイキャンパス〜中央市民病院〜神戸駅南口, 神戸市中心部　三宮駅前〜神戸女子大学前〜中央市民病院〜コンテナターミナル"
貴崎小学校前,神姫バス（株）,"明石・西神・須磨76＿1, 明石・西神・須磨2, 明石・西神・須磨3, 明石・西神・須磨71＿1, 明石・西神・須磨77, 明石・西神・須磨73＿2"
高倉台7丁目,神姫バス（株）,"神戸市中心部75, 神戸市中心部　区"
高倉台7丁目,神戸市・神姫バス（株）,75系統
明石市民病院口,神姫バス（株）,"明石・西神・須磨16, 明石・西神・須磨13, 明石・西神・須磨15, 明石・西神・須磨18＿1, 明石・西神・須磨26, 明石・西神・須磨14"
多井畑南町,神戸市,88系統（神戸市）
和坂川崎重工前,神姫バス（株）,明石・西神・須磨1
物流センター,神姫バス（株）,"神戸市中心部　三宮駅前〜神戸女子大学前〜中央市民病院〜コンテナターミナル, 神戸市中心部　三宮駅前〜神戸市立博物館〜IKEA神戸〜神戸インキュベーションオフィス（KIO）〜コンテナターミナル"
明石市民病院,神姫バス（株）,"明石・西神・須磨20＿1・21, 明石・西神・須磨81＿2"
神戸女子大学正門前,神戸市,72系統
明舞北センター,神戸市,58系統（神戸市）
明舞北センター,神戸市・山陽バス（株）,"50系統, 52系統, 55系統"
明舞北センター,神姫バス（株）,"明石・西神・須磨82＿1, 明石・西神・須磨80, 明石・西神・須磨81＿2"
明舞北センター,山陽バス（株）,明石線65系統
多聞寺前,神戸市・山陽バス（株）,54系統
舞子高校前,神戸市・山陽バス（株）,"51系統, 53系統, 48系統, 191系統"
舞子高校前,山陽バス（株）,垂水・舞子線⑭系統
新長田駅前,神戸市,"5系統（神戸市）, 10系統, 13系統（神戸市）, 17系統（神戸市）, 80系統（神戸市）, 81系統（神戸市）, 95系統（神戸市）, 96系統（神戸市）"
高尾台,神戸市,80系統（神戸市）
高尾台,神姫バス（株）,神戸市中心部　区
高尾台,神戸市・神姫バス（株）,75系統
大田町2丁目,神戸市・神姫バス（株）,75系統
和坂1丁目,神姫バス（株）,"明石・西神・須磨30, 明石・西神・須磨37A, 明石・西神・須磨43, 明石・西神・須磨44, 津山・西脇・社　社（車庫前）〜三木〜明石駅"
大橋2丁目,神戸市,"95系統（神戸市）, 96系統（神戸市）"
松が丘小学校南,山陽バス（株）,"明石線63系統, 明石線65系統"
松が丘小学校南,神姫バス（株）,"明石・西神・須磨82＿1, 明石・西神・須磨80, 明石・西神・須磨81＿2"
北王子町,神姫バス（株）,"明石・西神・須磨29, 明石・西神・須磨20＿1・21, 明石・西神・須磨23, 明石・西神・須磨22, 明石・西神・須磨22A, 明石・西神・須磨82＿1, 明石・西神・須磨27＿2, 明石・西神・須磨81＿2"
西松江,神姫バス（株）,"明石・西神・須磨76＿1, 明石・西神・須磨71＿1, 明石・西神・須磨77, 明石・西神・須磨70＿2, 明石・西神・須磨73＿2"
高倉台南口,神戸市,72系統
高倉台南口,神姫バス（株）,"明石・西神・須磨　直, 神戸市中心部75, 神戸市中心部　区, 明石・西神・須磨71＿2"
高倉台南口,神戸市・神姫バス（株）,"71系統, 75系統"
港島南町5丁目,神姫バス（株）,神戸市中心部　三宮駅前〜神戸女子大学前〜中央市民病院〜コンテナターミナル
錦城中学校前,神姫バス（株）,明石・西神・須磨86
高倉台,神姫バス（株）,"神戸市中心部75, 神戸市中心部　区"
高倉台,神戸市・神姫バス（株）,75系統
東朝霧丘北,神姫バス（株）,明石・西神・須磨85
下畑上口,神戸市,"72系統, 74系統（神戸市）, 88系統（神戸市）"
東須磨地域福祉センター下,神戸市,112系統（神戸市）
東須磨地域福祉センター下,神姫バス（株）,神戸市中心部　区
東須磨地域福祉センター下,神戸市・神姫バス（株）,75系統
千歳町,神戸市,"5系統（神戸市）, 10系統, 13系統（神戸市）, 80系統（神戸市）"
南多聞台2丁目,神戸市・山陽バス（株）,"50系統, 52系統"
笠松7丁目,神戸市,"3系統, 9系統（神戸市）"
本多聞7丁目,神戸市・山陽バス（株）,"53系統, 121系統, 191系統"
本多聞7丁目,山陽バス（株）,垂水・舞子線⑦系統
明高下,神姫バス（株）,"明石・西神・須磨82＿1, 明石・西神・須磨80, 明石・西神・須磨84, 明石・西神・須磨85, 明石・西神・須磨88, 明石・西神・須磨81＿2"
大道町東,神姫バス（株）,明石・西神・須磨20＿1・21
大田町6丁目,神戸市,"10系統, 80系統（神戸市）, 110系統（神戸市）"
大田町6丁目,神姫バス（株）,神戸市中心部　区
大田町6丁目,神戸市・神姫バス（株）,75系統
本多聞4丁目,神戸市・山陽バス（株）,"53系統, 121系統, 191系統"
本多聞4丁目,山陽バス（株）,垂水・舞子線⑦系統
吉田町1丁目,神戸市,"3系統, 9系統（神戸市）"
あさぎり病院前,神姫バス（株）,"明石・西神・須磨84, 明石・西神・須磨85"
本多聞5丁目,神戸市・山陽バス（株）,"53系統, 121系統, 191系統"
本多聞5丁目,山陽バス（株）,垂水・舞子線⑦系統
宮の上北口,神姫バス（株）,"明石・西神・須磨76＿1, 明石・西神・須磨2, 明石・西神・須磨3, 明石・西神・須磨71＿1, 明石・西神・須磨77, 明石・西神・須磨73＿2"
松が丘3丁目,神姫バス（株）,"明石・西神・須磨82＿1, 明石・西神・須磨80, 明石・西神・須磨81＿2"
松が丘3丁目,山陽バス（株）,"明石線63系統, 明石線65系統"
貴崎4丁目,神姫バス（株）,"明石・西神・須磨76＿1, 明石・西神・須磨2, 明石・西神・須磨3, 明石・西神・須磨71＿1, 明石・西神・須磨77, 明石・西神・須磨73＿2"
西名谷,山陽バス（株）,"垂水・舞子線⑪系統, 垂水・舞子線⑫系統, 垂水・舞子線⑬系統"
吉田町2丁目,神戸市,3系統
南多聞台7丁目,神戸市,58系統（神戸市）
南多聞台7丁目,神戸市・山陽バス（株）,"50系統, 52系統, 55系統"
南多聞台7丁目,神姫バス（株）,"明石・西神・須磨82＿1, 明石・西神・須磨80, 明石・西神・須磨81＿2"
南多聞台7丁目,山陽バス（株）,明石線65系統
茶園場町,神姫バス（株）,"明石・西神・須磨20＿1・21, 明石・西神・須磨81＿2"
税関検査センター,神姫バス（株）,"神戸市中心部　三宮駅前〜神戸女子大学前〜中央市民病院〜コンテナターミナル, 神戸市中心部　三宮駅前〜神戸市立博物館〜IKEA神戸〜神戸インキュベーションオフィス（KIO）〜コンテナターミナル"
王子,神姫バス（株）,明石・西神・須磨20＿1・21
太寺2丁目,神姫バス（株）,"明石・西神・須磨82＿1, 明石・西神・須磨80, 明石・西神・須磨84, 明石・西神・須磨85, 明石・西神・須磨88, 明石・西神・須磨81＿2"
金平町,神戸市,3系統
計算科学センター前,神姫バス（株）,神戸市中心部　三宮駅前〜神戸女子大学前〜中央市民病院〜コンテナターミナル
水野橋,神戸市,80系統（神戸市）
水野橋,神姫バス（株）,神戸市中心部　区
水野橋,神戸市・神姫バス（株）,75系統
大橋5丁目,神戸市,"5系統（神戸市）, 13系統（神戸市）, 17系統（神戸市）, 80系統（神戸市）, 81系統（神戸市）"
高松町,神戸市,3系統
東尻池8丁目,神戸市,3系統
上ノ丸3丁目,神姫バス（株）,"明石・西神・須磨82＿1, 明石・西神・須磨80, 明石・西神・須磨84, 明石・西神・須磨85, 明石・西神・須磨88, 明石・西神・須磨81＿2"
高倉中学校前,神姫バス（株）,"神戸市中心部75, 神戸市中心部　区"
高倉中学校前,神戸市・神姫バス（株）,75系統
宮の上,神姫バス（株）,"明石・西神・須磨76＿1, 明石・西神・須磨2, 明石・西神・須磨3, 明石・西神・須磨71＿1, 明石・西神・須磨77, 明石・西神・須磨73＿2"
高倉台8丁目,神姫バス（株）,"神戸市中心部75, 神戸市中心部　区"
高倉台8丁目,神戸市・神姫バス（株）,75系統
西新町1丁目,神姫バス（株）,"明石・西神・須磨29, 明石・西神・須磨20＿1・21, 明石・西神・須磨23, 明石・西神・須磨22, 明石・西神・須磨22A, 明石・西神・須磨82＿1, 明石・西神・須磨27＿2, 明石・西神・須磨81＿2"
朝霧小学校前,神姫バス（株）,"明石・西神・須磨82＿1, 明石・西神・須磨80, 明石・西神・須磨81＿2"
朝霧小学校前,山陽バス（株）,明石線65系統
須磨警察署前,神戸市,"10系統, 80系統（神戸市）, 110系統（神戸市）, 112系統（神戸市）"
須磨警察署前,神姫バス（株）,神戸市中心部　区
須磨警察署前,神戸市・神姫バス（株）,75系統
神戸どうぶつ王国前,神姫バス（株）,神戸市中心部　三宮駅前〜神戸女子大学前〜中央市民病院〜コンテナターミナル
上ノ丸郵便局前,神姫バス（株）,"明石・西神・須磨82＿1, 明石・西神・須磨80, 明石・西神・須磨84, 明石・西神・須磨85, 明石・西神・須磨88, 明石・西神・須磨81＿2"
港島9丁目,神姫バス（株）,"神戸市中心部　三宮駅前〜神戸女子大学前〜中央市民病院〜コンテナターミナル, 神戸市中心部　三宮駅前〜神戸市立博物館〜IKEA神戸〜神戸インキュベーションオフィス（KIO）〜コンテナターミナル"
離宮植物園東,神戸市,112系統（神戸市）
離宮植物園東,神姫バス（株）,神戸市中心部　区
離宮植物園東,神戸市・神姫バス（株）,75系統
学が丘1丁目,山陽バス（株）,垂水・舞子線⑦系統
学が丘1丁目,神戸市・山陽バス（株）,"51系統, 171系統, 48系統"
硯町,神姫バス（株）,"明石・西神・須磨30, 明石・西神・須磨37A, 明石・西神・須磨43, 明石・西神・須磨44, 明石・西神・須磨76＿1, 明石・西神・須磨2, 明石・西神・須磨3, 明石・西神・須磨1, 明石・西神・須磨71＿1, 明石・西神・須磨77, 津山・西脇・社　社（車庫前）〜三木〜明石駅, 明石・西神・須磨73＿2"
太寺,神姫バス（株）,"明石・西神・須磨82＿1, 明石・西神・須磨80, 明石・西神・須磨84, 明石・西神・須磨85, 明石・西神・須磨88, 明石・西神・須磨81＿2"
大門橋,神戸市・山陽バス（株）,"50系統, 53系統, 54系統, 直, 121系統, 191系統"
掖済会病院前,神戸市・山陽バス（株）,"121系統, 171系統, 191系統"
掖済会病院前,山陽バス（株）,"垂水・舞子線⑤系統, 垂水・舞子線⑦系統, 垂水・舞子線23系統"
東朝霧丘,神姫バス（株）,明石・西神・須磨85
桃山台,神戸市・山陽バス（株）,15系統
桃山台,山陽バス（株）,"垂水・舞子線22系統, 垂水・舞子線23系統"
清玄町,神戸市,88系統（神戸市）
二葉町,神戸市,"10系統, 17系統（神戸市）"
大野,神姫バス（株）,"明石・西神・須磨55, 明石・西神・須磨56, 明石・西神・須磨57, 明石・西神・須磨66"
貴崎1丁目,神姫バス（株）,"明石・西神・須磨76＿1, 明石・西神・須磨2, 明石・西神・須磨3, 明石・西神・須磨71＿1, 明石・西神・須磨77, 明石・西神・須磨73＿2"
東松江,神姫バス（株）,"明石・西神・須磨76＿1, 明石・西神・須磨71＿1, 明石・西神・須磨77, 明石・西神・須磨70＿2, 明石・西神・須磨73＿2"
明石陸上競技場,神姫バス（株）,"明石・西神・須磨16, 明石・西神・須磨20＿1・21, 明石・西神・須磨13, 明石・西神・須磨15, 明石・西神・須磨18＿1, 明石・西神・須磨26, 明石・西神・須磨14, 明石・西神・須磨81＿2"
明舞中央病院前,神姫バス（株）,"明石・西神・須磨82＿1, 明石・西神・須磨80, 明石・西神・須磨81＿2"
明舞中央病院前,山陽バス（株）,明石線65系統
宮の上南口,神姫バス（株）,"明石・西神・須磨76＿1, 明石・西神・須磨2, 明石・西神・須磨3, 明石・西神・須磨71＿1, 明石・西神・須磨77, 明石・西神・須磨73＿2"
コンテナターミナル,神姫バス（株）,"神戸市中心部　三宮駅前〜神戸女子大学前〜中央市民病院〜コンテナターミナル, 神戸市中心部　三宮駅前〜神戸市立博物館〜IKEA神戸〜神戸インキュベーションオフィス（KIO）〜コンテナターミナル"
中朝霧丘,神姫バス（株）,"明石・西神・須磨82＿1, 明石・西神・須磨80, 明石・西神・須磨84, 明石・西神・須磨85, 明石・西神・須磨88, 明石・西神・須磨81＿2"
高倉台1丁目,神姫バス（株）,"神戸市中心部75, 神戸市中心部　区"
高倉台1丁目,神戸市・神姫バス（株）,75系統
大橋9丁目,神戸市,"5系統（神戸市）, 13系統（神戸市）, 17系統（神戸市）, 80系統（神戸市）, 81系統（神戸市）"
朝霧3丁目,神姫バス（株）,"明石・西神・須磨82＿1, 明石・西神・須磨80, 明石・西神・須磨84, 明石・西神・須磨85, 明石・西神・須磨81＿2"
朝霧3丁目,山陽バス（株）,明石線65系統
JR鷹取駅,神戸市,"10系統, 110系統（神戸市）, 112系統（神戸市）"
JR鷹取駅,神戸市・神姫バス（株）,75系統
JR鷹取駅前,神姫バス（株）,神戸市中心部　区
戸政町,神戸市,"10系統, 80系統（神戸市）, 112系統（神戸市）"
戸政町,神姫バス（株）,神戸市中心部　区
戸政町,神戸市・神姫バス（株）,75系統
上ノ丸,神姫バス（株）,"明石・西神・須磨82＿1, 明石・西神・須磨80, 明石・西神・須磨84, 明石・西神・須磨85, 明石・西神・須磨86, 明石・西神・須磨88, 明石・西神・須磨81＿2"
松が丘5丁目,山陽バス（株）,"明石線63系統, 明石線65系統"
離宮植物園前,神戸市,80系統（神戸市）
離宮植物園前,神姫バス（株）,神戸市中心部　区
離宮植物園前,神戸市・神姫バス（株）,75系統
下畑,神戸市,"72系統, 74系統（神戸市）, 88系統（神戸市）"
明舞センター,神戸市,58系統（神戸市）
明舞センター,神戸市・山陽バス（株）,"50系統, 52系統, 55系統"
明舞センター,神姫バス（株）,"明石・西神・須磨82＿1, 明石・西神・須磨80, 明石・西神・須磨81＿2"
明舞センター,山陽バス（株）,明石線65系統
清玄町南口,神戸市,88系統（神戸市）
東名谷,山陽バス（株）,"垂水・舞子線⑪系統, 垂水・舞子線⑫系統, 垂水・舞子線⑬系統"
朝霧3丁目南,神姫バス（株）,"明石・西神・須磨82＿1, 明石・西神・須磨80, 明石・西神・須磨84, 明石・西神・須磨85, 明石・西神・須磨81＿2"
朝霧3丁目南,山陽バス（株）,明石線65系統
西部障害者センター,神戸市・山陽バス（株）,"121系統, 191系統"
天井川,神戸市,"10系統, 80系統（神戸市）, 112系統（神戸市）"
天井川,神姫バス（株）,神戸市中心部　区
天井川,神戸市・神姫バス（株）,75系統
狩口台1丁目,神戸市,58系統（神戸市）
狩口台1丁目,神戸市・山陽バス（株）,"50系統, 52系統, 55系統"
林崎,神姫バス（株）,"明石・西神・須磨76＿1, 明石・西神・須磨71＿1, 明石・西神・須磨77, 明石・西神・須磨70＿2, 明石・西神・須磨73＿2"
朝霧丘,神姫バス（株）,"明石・西神・須磨82＿1, 明石・西神・須磨80, 明石・西神・須磨84, 明石・西神・須磨85, 明石・西神・須磨88, 明石・西神・須磨81＿2"
神の脇,神戸市,"72系統, 74系統（神戸市）, 88系統（神戸市）"
離宮公園前,神戸市,72系統
離宮公園前,神姫バス（株）,"明石・西神・須磨　直, 神戸市中心部75, 神戸市中心部　区, 明石・西神・須磨71＿2"
離宮公園前,神戸市・神姫バス（株）,"71系統, 75系統"
国道西新町,神姫バス（株）,"明石・西神・須磨30, 明石・西神・須磨37A, 明石・西神・須磨43, 明石・西神・須磨44, 明石・西神・須磨76＿1, 明石・西神・須磨2, 明石・西神・須磨3, 明石・西神・須磨1, 明石・西神・須磨71＿1, 明石・西神・須磨77, 津山・西脇・社　社（車庫前）〜三木〜明石駅, 明石・西神・須磨73＿2"
桃山台南口,神戸市・山陽バス（株）,15系統
桃山台南口,山陽バス（株）,"垂水・舞子線22系統, 垂水・舞子線23系統"
西岡橋,神戸市・山陽バス（株）,"52系統, 53系統, 54系統, 直, 191系統"
上の山,神戸市,72系統
本多聞介護センター前,神戸市・山陽バス（株）,"121系統, 191系統"
本多聞介護センター前,山陽バス（株）,垂水・舞子線④系統
朝谷西公園,山陽バス（株）,垂水・舞子線30系統
須磨北町,神戸市,10系統
清水が丘,山陽バス（株）,"垂水・舞子線②系統, 垂水・舞子線④系統, 垂水・舞子線⑧系統"
朝霧2丁目,神姫バス（株）,"明石・西神・須磨82＿1, 明石・西神・須磨80, 明石・西神・須磨84, 明石・西神・須磨85, 明石・西神・須磨88, 明石・西神・須磨81＿2"
須磨区文化センター前,神戸市,10系統
須磨区文化センター前,神姫バス（株）,神戸市中心部　区
須磨区文化センター前,神戸市・神姫バス（株）,75系統
明石年金事務所前,神姫バス（株）,"明石・西神・須磨29, 明石・西神・須磨23, 明石・西神・須磨22, 明石・西神・須磨22A, 明石・西神・須磨82＿1, 明石・西神・須磨27＿2"
本多聞6丁目,神戸市・山陽バス（株）,"51系統, 171系統, 48系統"
本多聞6丁目,山陽バス（株）,垂水・舞子線⑦系統
鷹匠町,神姫バス（株）,"明石・西神・須磨16, 明石・西神・須磨20＿1・21, 明石・西神・須磨13, 明石・西神・須磨15, 明石・西神・須磨18＿1, 明石・西神・須磨26, 明石・西神・須磨14, 明石・西神・須磨81＿2"
駒ヶ林町東,神戸市,"10系統, 17系統（神戸市）"
朝谷東公園,山陽バス（株）,垂水・舞子線30系統
大蔵谷清水西,神姫バス（株）,明石・西神・須磨88
大蔵谷清水西,山陽バス（株）,明石線65系統
本庄町,神戸市,81系統（神戸市）
林神社前,神姫バス（株）,"明石・西神・須磨76＿1, 明石・西神・須磨71＿1, 明石・西神・須磨77, 明石・西神・須磨70＿2, 明石・西神・須磨73＿2"
松が丘5丁目南,山陽バス（株）,"明石線63系統, 明石線65系統"
清水が丘1丁目,山陽バス（株）,"垂水・舞子線②系統, 垂水・舞子線④系統, 垂水・舞子線⑧系統"
舞子坂4丁目,神戸市・山陽バス（株）,"52系統, 53系統, 54系統, 直, 191系統"
向井,神戸市,72系統
向井,山陽タクシー（株）,"塩屋コミュニティバス「しおかぜ」日中便, 塩屋コミュニティバス「しおかぜ」西ルート"
向井,山陽バス（株）,垂水・舞子線30系統
離宮公園南,神姫バス（株）,"明石・西神・須磨　直, 神戸市中心部75, 明石・西神・須磨71＿2"
離宮公園南,神戸市・神姫バス（株）,"71系統, 75系統"
離宮公園南,神戸市,72系統
人丸小学校前,神姫バス（株）,"明石・西神・須磨55, 明石・西神・須磨56, 明石・西神・須磨57, 明石・西神・須磨66"
柏台,神戸市,"74系統（神戸市）, 88系統（神戸市）"
柏台,山陽バス（株）,垂水・舞子線30系統
ゴルフ場,山陽バス（株）,"垂水・舞子線③系統, 垂水・舞子線環系統, 垂水・舞子線④系統, 垂水・舞子線⑤系統, 垂水・舞子線⑧系統"
清水が丘1丁目,山陽バス（株）,"垂水・舞子線②系統, 垂水・舞子線④系統, 垂水・舞子線⑧系統"
月見山,神戸市,10系統
林小学校前,神姫バス（株）,"明石・西神・須磨76＿1, 明石・西神・須磨71＿1, 明石・西神・須磨77, 明石・西神・須磨70＿2, 明石・西神・須磨73＿2"
鉄拐登山口,神戸市,72系統
駒ヶ林町西,神戸市,"10系統, 17系統（神戸市）"
明舞団地口,神戸市,58系統（神戸市）
明舞団地口,神戸市・山陽バス（株）,"50系統, 52系統, 55系統"
舞子坂3丁目,神戸市・山陽バス（株）,"52系統, 53系統, 54系統, 直, 191系統"
高倉町,神戸市,72系統
大蔵谷清水,神姫バス（株）,明石・西神・須磨88
大蔵谷清水,山陽バス（株）,明石線65系統
コスモス塩屋北店,山陽タクシー（株）,塩屋コミュニティバス「しおかぜ」日中便
明石駅,神姫バス（株）,"明石・西神・須磨30, 明石・西神・須磨37A, 明石・西神・須磨43, 明石・西神・須磨44, 明石・西神・須磨1, 津山・西脇・社　社（車庫前）〜三木〜明石駅"
明石駅,神姫バス（株）,"明石・西神・須磨55, 明石・西神・須磨56, 明石・西神・須磨57, 明石・西神・須磨66, 明石・西神・須磨16, 明石・西神・須磨29, 明石・西神・須磨20＿1・21, 明石・西神・須磨23, 明石・西神・須磨22, 明石・西神・須磨22A, 明石・西神・須磨13, 明石・西神・須磨15, 明石・西神・須磨18＿1, 明石・西神・須磨26, 明石・西神・須磨14, 明石・西神・須磨82＿1, 明石・西神・須磨76＿1, 明石・西神・須磨2, 明石・西神・須磨3, 明石・西神・須磨80, 明石・西神・須磨84, 明石・西神・須磨85, 明石・西神・須磨86, 明石・西神・須磨88, 明石・西神・須磨71＿1, 明石・西神・須磨77, 明石・西神・須磨27＿2, 明石・西神・須磨70＿2, 明石・西神・須磨73＿2, 明石・西神・須磨81＿2"
明石警察前,神姫バス（株）,"明石・西神・須磨76＿1, 明石・西神・須磨71＿1, 明石・西神・須磨77, 明石・西神・須磨70＿2, 明石・西神・須磨73＿2"
潮見が丘1丁目,山陽バス（株）,"垂水・舞子線③系統, 垂水・舞子線環系統, 垂水・舞子線④系統, 垂水・舞子線⑤系統, 垂水・舞子線⑧系統"
まつざきクリニック前,山陽タクシー（株）,塩屋コミュニティバス「しおかぜ」日中便
野田町南,神戸市,10系統
鉄拐東口,神戸市,72系統
南王子町,神姫バス（株）,"明石・西神・須磨76＿1, 明石・西神・須磨71＿1, 明石・西神・須磨77, 明石・西神・須磨70＿2, 明石・西神・須磨73＿2"
松風町,神戸市,10系統
塩屋北福祉センター,山陽タクシー（株）,塩屋コミュニティバス「しおかぜ」日中便
塩屋北福祉センター,山陽バス（株）,垂水・舞子線30系統
明石郵便局前,神姫バス（株）,"明石・西神・須磨30, 明石・西神・須磨37A, 明石・西神・須磨43, 明石・西神・須磨44, 明石・西神・須磨76＿1, 明石・西神・須磨2, 明石・西神・須磨3, 明石・西神・須磨1, 明石・西神・須磨71＿1, 明石・西神・須磨77, 津山・西脇・社　社（車庫前）〜三木〜明石駅, 明石・西神・須磨73＿2"
浪松町6丁目,神戸市,10系統
明石国道本町,神姫バス（株）,"明石・西神・須磨76＿1, 明石・西神・須磨2, 明石・西神・須磨3, 明石・西神・須磨71＿1, 明石・西神・須磨77, 明石・西神・須磨70＿2, 明石・西神・須磨73＿2"
松が丘4丁目,神姫バス（株）,明石・西神・須磨88
松が丘4丁目,山陽バス（株）,"明石線63系統, 明石線65系統"
高倉町2丁目,神戸市,72系統
らぽす前,神姫バス（株）,"明石・西神・須磨30, 明石・西神・須磨37A, 明石・西神・須磨43, 明石・西神・須磨44, 明石・西神・須磨1, 津山・西脇・社　社（車庫前）〜三木〜明石駅"
塩屋北福祉センター玄関前,山陽タクシー（株）,塩屋コミュニティバス「しおかぜ」日中便
舞子墓園前,山陽バス（株）,"垂水・舞子線②系統, 垂水・舞子線④系統, 垂水・舞子線⑧系統"
アスピア明石前,神姫バス（株）,"明石・西神・須磨55, 明石・西神・須磨56, 明石・西神・須磨57, 明石・西神・須磨66"
塩屋北小学校,山陽タクシー（株）,"塩屋コミュニティバス「しおかぜ」日中便, 塩屋コミュニティバス「しおかぜ」西ルート, 塩屋コミュニティバス「しおかぜ」東ルート"
塩屋北小学校,山陽バス（株）,垂水・舞子線30系統
舞子陵,山陽バス（株）,垂水・舞子線⑧系統
鷹取町,神戸市,"10系統, 81系統（神戸市）"
三角公園前,神戸市,10系統
舞子陵西,山陽バス（株）,垂水・舞子線⑧系統
魚の棚,神姫バス（株）,"明石・西神・須磨77, 明石・西神・須磨70＿2, 明石・西神・須磨73＿2"
下代北,山陽タクシー（株）,塩屋コミュニティバス「しおかぜ」日中便
塩屋北町2丁目,山陽タクシー（株）,塩屋コミュニティバス「しおかぜ」西ルート
堀割,山陽バス（株）,"垂水・舞子線⑪系統, 垂水・舞子線⑫系統, 垂水・舞子線⑬系統, 垂水・舞子線22系統"
天文町,神姫バス（株）,"明石・西神・須磨55, 明石・西神・須磨56, 明石・西神・須磨57, 明石・西神・須磨66"
星陵高校前,山陽バス（株）,"垂水・舞子線②系統, 垂水・舞子線③系統, 垂水・舞子線環系統, 垂水・舞子線④系統, 垂水・舞子線⑦系統, 垂水・舞子線⑧系統"
星陵高校前,神戸市・山陽バス（株）,"51系統, 171系統, 48系統"
大観橋,神姫バス（株）,"明石・西神・須磨71＿1, 明石・西神・須磨70＿2, 明石・西神・須磨73＿2"
稲葉町,神戸市,10系統
松風台,神戸市・山陽バス（株）,15系統
松風台,山陽バス（株）,"垂水・舞子線23系統, 垂水・舞子線30系統"
休天神前,神姫バス（株）,"明石・西神・須磨55, 明石・西神・須磨56, 明石・西神・須磨57, 明石・西神・須磨66"
黒橋,神姫バス（株）,"明石・西神・須磨55, 明石・西神・須磨56, 明石・西神・須磨57, 明石・西神・須磨66"
西須磨小学校前（村雨堂下）,神姫バス（株）,"明石・西神・須磨　直, 神戸市中心部75, 明石・西神・須磨71＿2"
銀座,神姫バス（株）,"明石・西神・須磨80, 明石・西神・須磨70＿2"
柏台北公園,山陽タクシー（株）,塩屋コミュニティバス「しおかぜ」西ルート
樽屋町,神姫バス（株）,"明石・西神・須磨71＿1, 明石・西神・須磨70＿2"
西須磨小学校前,神戸市,72系統
西須磨小学校前,神戸市・神姫バス（株）,"71系統, 75系統"
明石本町,神姫バス（株）,"明石・西神・須磨77, 明石・西神・須磨70＿2, 明石・西神・須磨73＿2"
マルアイジェームス山店,山陽タクシー（株）,塩屋コミュニティバス「しおかぜ」日中便
青山台7丁目,山陽バス（株）,垂水・舞子線30系統
舞子地域福祉センター西,山陽バス（株）,垂水・舞子線⑥系統
上千鳥,山陽バス（株）,垂水・舞子線⑩系統
下代公園,山陽タクシー（株）,塩屋コミュニティバス「しおかぜ」西ルート
青畑公園,山陽タクシー（株）,"塩屋コミュニティバス「しおかぜ」日中便, 塩屋コミュニティバス「しおかぜ」西ルート"
青畑公園,山陽バス（株）,垂水・舞子線30系統
団地北,山陽バス（株）,"垂水・舞子線環系統, 垂水・舞子線④系統, 垂水・舞子線⑤系統, 垂水・舞子線⑧系統"
イオンジェームス山店,山陽タクシー（株）,塩屋コミュニティバス「しおかぜ」日中便
塩屋北町,山陽タクシー（株）,"塩屋コミュニティバス「しおかぜ」日中便, 塩屋コミュニティバス「しおかぜ」東ルート"
塩屋北町,山陽バス（株）,垂水・舞子線30系統
小寺町,神戸市,10系統
朝霧駅,神姫バス（株）,明石・西神・須磨88
舞子坂1丁目,神戸市・山陽バス（株）,"52系統, 53系統, 54系統, 直, 191系統"
相生町,神姫バス（株）,"明石・西神・須磨80, 明石・西神・須磨70＿2"
塩屋北町3丁目,山陽タクシー（株）,"塩屋コミュニティバス「しおかぜ」日中便, 塩屋コミュニティバス「しおかぜ」東ルート"
日富美町,神姫バス（株）,"明石・西神・須磨76＿1, 明石・西神・須磨77"
柏台西公園,山陽タクシー（株）,塩屋コミュニティバス「しおかぜ」日中便
柏台西公園,山陽バス（株）,垂水・舞子線30系統
若宮町,神戸市,"10系統, 81系統（神戸市）"
朝霧駅前,神戸市,58系統（神戸市）
朝霧駅前,神戸市・山陽バス（株）,"50系統, 52系統, 55系統"
朝霧駅前,山陽バス（株）,"明石線63系統, 明石線65系統"
離宮道,神戸市,72系統
離宮道,神姫バス（株）,"明石・西神・須磨　直, 神戸市中心部75, 明石・西神・須磨71＿2"
離宮道,神戸市・神姫バス（株）,"71系統, 75系統"
須磨水族園,神戸市,"10系統, 72系統, 81系統（神戸市）"
須磨水族園,神姫バス（株）,"明石・西神・須磨　直, 神戸市中心部75, 明石・西神・須磨71＿2"
須磨水族園,神戸市・神姫バス（株）,"71系統, 75系統"
脇ノ池公園南,山陽バス（株）,垂水・舞子線⑥系統
海浜公園前,神戸市,"72系統, 81系統（神戸市）"
海浜公園前,神姫バス（株）,"明石・西神・須磨　直, 神戸市中心部75, 明石・西神・須磨71＿2"
海浜公園前,神戸市・神姫バス（株）,"71系統, 75系統"
千鳥が丘1丁目,山陽バス（株）,垂水・舞子線⑩系統
向陽2丁目,山陽バス（株）,"垂水・舞子線⑪系統, 垂水・舞子線⑫系統, 垂水・舞子線⑬系統, 垂水・舞子線22系統"
岩屋神社前,神姫バス（株）,"明石・西神・須磨76＿1, 明石・西神・須磨77"
天神下,神戸市,"72系統, 81系統（神戸市）"
天神下,神姫バス（株）,"明石・西神・須磨　直, 神戸市中心部75, 明石・西神・須磨71＿2"
天神下,神戸市・神姫バス（株）,"71系統, 75系統"
シャンティー前,山陽タクシー（株）,"塩屋コミュニティバス「しおかぜ」日中便, 塩屋コミュニティバス「しおかぜ」東ルート"
岬町,神姫バス（株）,"明石・西神・須磨76＿1, 明石・西神・須磨77"
塩屋台1丁目上,山陽タクシー（株）,"塩屋コミュニティバス「しおかぜ」日中便, 塩屋コミュニティバス「しおかぜ」東ルート"
明石市役所前,神姫バス（株）,"明石・西神・須磨80, 明石・西神・須磨70＿2"
塩屋台2丁目,山陽タクシー（株）,"塩屋コミュニティバス「しおかぜ」日中便, 塩屋コミュニティバス「しおかぜ」東ルート"
港町,神姫バス（株）,"明石・西神・須磨76＿1, 明石・西神・須磨77"
亀ヶ坪橋,山陽バス（株）,垂水・舞子線⑥系統
星が丘,神戸市・山陽バス（株）,"171系統, 48系統"
星が丘,山陽バス（株）,"垂水・舞子線②系統, 垂水・舞子線③系統, 垂水・舞子線環系統, 垂水・舞子線⑦系統"
上高丸団地,山陽バス（株）,"垂水・舞子線環系統, 垂水・舞子線④系統, 垂水・舞子線⑤系統, 垂水・舞子線⑧系統"
須磨駅前,神戸市,"72系統, 81系統（神戸市）"
須磨駅前,神姫バス（株）,"明石・西神・須磨　直, 神戸市中心部75, 明石・西神・須磨71＿2"
須磨駅前,神戸市・神姫バス（株）,"71系統, 75系統"
北舞子4丁目,山陽バス（株）,垂水・舞子線⑥系統
県商前,神戸市・山陽バス（株）,51系統
北舞子東公園,山陽バス（株）,垂水・舞子線⑥系統
アリビオ塩屋,山陽タクシー（株）,"塩屋コミュニティバス「しおかぜ」日中便, 塩屋コミュニティバス「しおかぜ」西ルート"
青山台,神戸市・山陽バス（株）,"15系統, 57系統"
青山台,山陽バス（株）,垂水・舞子線23系統
舞子陵南,山陽バス（株）,垂水・舞子線⑥系統
星陵台公園,山陽バス（株）,垂水・舞子線⑥系統
舞子小学校正門前,山陽バス（株）,垂水・舞子線⑥系統
千鳥が丘下,山陽バス（株）,"垂水・舞子線⑪系統, 垂水・舞子線⑫系統, 垂水・舞子線⑬系統, 垂水・舞子線22系統, 垂水・舞子線23系統, 垂水・舞子線30系統"
千鳥が丘下,神戸市・山陽バス（株）,57系統
美山台,山陽バス（株）,"垂水・舞子線23系統, 垂水・舞子線30系統"
塩屋台公園,山陽タクシー（株）,"塩屋コミュニティバス「しおかぜ」日中便, 塩屋コミュニティバス「しおかぜ」東ルート"
舞子小学校前,神戸市・山陽バス（株）,"52系統, 53系統, 54系統, 直, 191系統"
千代が丘（旧道）,山陽バス（株）,垂水・舞子線⑦系統
西舞子交番前,山陽バス（株）,垂水・舞子線⑥系統
福田小学校前,山陽バス（株）,"垂水・舞子線23系統, 垂水・舞子線30系統"
塩屋中学校南,山陽タクシー（株）,塩屋コミュニティバス「しおかぜ」日中便
塩屋台3丁目,山陽タクシー（株）,"塩屋コミュニティバス「しおかぜ」日中便, 塩屋コミュニティバス「しおかぜ」東ルート"
千代が丘,神戸市・山陽バス（株）,"171系統, 48系統"
千代が丘,山陽バス（株）,"垂水・舞子線②系統, 垂水・舞子線③系統, 垂水・舞子線環系統, 垂水・舞子線⑦系統"
大谷公園北,神戸市・山陽バス（株）,57系統
桜小路,山陽バス（株）,垂水・舞子線⑩系統
星陵台3丁目,山陽バス（株）,垂水・舞子線⑥系統
星陵台3丁目,神戸市・山陽バス（株）,"51系統, 59系統"
須磨一の谷,神戸市,"72系統, 81系統（神戸市）"
須磨一の谷,神姫バス（株）,"明石・西神・須磨　直, 神戸市中心部75, 明石・西神・須磨71＿2"
須磨一の谷,神戸市・神姫バス（株）,"71系統, 75系統"
塩屋台1丁目,山陽タクシー（株）,"塩屋コミュニティバス「しおかぜ」日中便, 塩屋コミュニティバス「しおかぜ」東ルート"
星が丘2丁目,神戸市・山陽バス（株）,59系統
星が丘2丁目,山陽バス（株）,垂水・舞子線⑥系統
塩屋大谷,神戸市・山陽バス（株）,57系統
舞子台6丁目,神戸市・山陽バス（株）,"52系統, 53系統, 54系統, 直, 191系統"
青山台1丁目,神戸市・山陽バス（株）,57系統
団地下,山陽バス（株）,"垂水・舞子線環系統, 垂水・舞子線④系統, 垂水・舞子線⑤系統, 垂水・舞子線⑧系統"
舞子台8丁目,神戸市・山陽バス（株）,"51系統, 59系統"
垂水東中学校前,神戸市・山陽バス（株）,57系統
東舞子小学校前,神戸市・山陽バス（株）,"51系統, 59系統"
クラブ前,山陽バス（株）,"垂水・舞子線⑪系統, 垂水・舞子線⑫系統, 垂水・舞子線⑬系統, 垂水・舞子線22系統, 垂水・舞子線23系統"
中野センター前,山陽タクシー（株）,"塩屋コミュニティバス「しおかぜ」日中便, 塩屋コミュニティバス「しおかぜ」西ルート"
乙木1丁目,神戸市・山陽バス（株）,57系統
細道下,山陽バス（株）,"垂水・舞子線②系統, 垂水・舞子線③系統, 垂水・舞子線環系統, 垂水・舞子線⑥系統, 垂水・舞子線⑦系統"
細道下,神戸市・山陽バス（株）,"59系統, 171系統, 48系統"
海上アクセス,神姫バス（株）,神戸市中心部　新神戸駅前〜海上アクセス
海上アクセスターミナル,神姫バス（株）,三木・小野・社　（三木営業所）〜恵比須駅〜（自由が丘中公園）〜緑が丘駅〜神戸福産団地〜三宮〜（神戸空港）
舞子台3丁目,神戸市・山陽バス（株）,"51系統, 59系統"
舞子台4丁目,神戸市・山陽バス（株）,"51系統, 59系統"
クラブ前,山陽バス（株）,垂水・舞子線⑩系統
学園正門前,神戸市・山陽バス（株）,"51系統, 59系統"
獅掛,山陽タクシー（株）,"塩屋コミュニティバス「しおかぜ」日中便, 塩屋コミュニティバス「しおかぜ」東ルート"
星陵台1丁目,神戸市・山陽バス（株）,"51系統, 59系統"
美山台1丁目,神戸市・山陽バス（株）,57系統
垂水中学校前,神戸市・山陽バス（株）,"59系統, 171系統, 48系統"
垂水中学校前,山陽バス（株）,"垂水・舞子線②系統, 垂水・舞子線③系統, 垂水・舞子線環系統, 垂水・舞子線④系統, 垂水・舞子線⑤系統, 垂水・舞子線⑥系統, 垂水・舞子線⑦系統, 垂水・舞子線⑧系統"
塩屋住宅前,山陽タクシー（株）,"塩屋コミュニティバス「しおかぜ」日中便, 塩屋コミュニティバス「しおかぜ」東ルート"
西舞子2丁目,神戸市・山陽バス（株）,"51系統, 52系統, 53系統, 54系統, 直, 59系統, 191系統"
高丸,山陽バス（株）,垂水・舞子線⑩系統
東垂水公民館前,神戸市・山陽バス（株）,57系統
神戸空港,神姫バス（株）,"三田駅周辺・新三田駅周辺　特急, 三木・小野・社　（三木営業所）〜恵比須駅〜（自由が丘中公園）〜緑が丘駅〜神戸福産団地〜三宮〜（神戸空港）, 神戸市中心部　新神戸駅前〜海上アクセス"
塩屋さくら苑前,山陽タクシー（株）,"塩屋コミュニティバス「しおかぜ」日中便, 塩屋コミュニティバス「しおかぜ」西ルート"
旭が丘,神戸市・山陽バス（株）,"59系統, 171系統, 48系統"
旭が丘,山陽バス（株）,"垂水・舞子線②系統, 垂水・舞子線③系統, 垂水・舞子線環系統, 垂水・舞子線④系統, 垂水・舞子線⑤系統, 垂水・舞子線⑥系統, 垂水・舞子線⑦系統, 垂水・舞子線⑧系統"
王居殿3丁目,神戸市・山陽バス（株）,57系統
歌敷山中学校前,山陽バス（株）,垂水・舞子線①系統
愛徳学園前,山陽バス（株）,垂水・舞子線①系統
西霞ヶ丘,山陽バス（株）,垂水・舞子線①系統
八幡裏,山陽バス（株）,垂水・舞子線⑩系統
神戸信用金庫前,山陽タクシー（株）,"塩屋コミュニティバス「しおかぜ」日中便, 塩屋コミュニティバス「しおかぜ」東ルート"
東霞ヶ丘,山陽バス（株）,垂水・舞子線①系統
野田通,山陽バス（株）,"垂水・舞子線⑩系統, 垂水・舞子線⑪系統, 垂水・舞子線⑫系統, 垂水・舞子線⑬系統, 垂水・舞子線22系統, 垂水・舞子線23系統"
仲田,神戸市・山陽バス（株）,"59系統, 171系統, 48系統"
仲田,山陽バス（株）,"垂水・舞子線②系統, 垂水・舞子線③系統, 垂水・舞子線環系統, 垂水・舞子線④系統, 垂水・舞子線⑤系統, 垂水・舞子線⑥系統, 垂水・舞子線⑦系統, 垂水・舞子線⑧系統"
霞ヶ丘5丁目,山陽バス（株）,垂水・舞子線①系統
水道橋,山陽バス（株）,"垂水・舞子線⑩系統, 垂水・舞子線⑪系統, 垂水・舞子線⑫系統, 垂水・舞子線⑬系統, 垂水・舞子線22系統, 垂水・舞子線23系統"
高速舞子,淡路交通（株）,舞子・福良線
塩屋駅,山陽タクシー（株）,"塩屋コミュニティバス「しおかぜ」日中便, 塩屋コミュニティバス「しおかぜ」西ルート, 塩屋コミュニティバス「しおかぜ」東ルート"
舞子駅前,神戸市・山陽バス（株）,"51系統, 52系統, 53系統, 学, 54系統, 直, 59系統, 191系統"
歌敷山,山陽バス（株）,垂水・舞子線①系統
霞ヶ丘幼稚園前,山陽バス（株）,垂水・舞子線①系統
仲田南,神戸市・山陽バス（株）,"59系統, 171系統, 48系統"
仲田南,山陽バス（株）,"垂水・舞子線②系統, 垂水・舞子線③系統, 垂水・舞子線環系統, 垂水・舞子線④系統, 垂水・舞子線⑤系統, 垂水・舞子線⑥系統, 垂水・舞子線⑦系統, 垂水・舞子線⑧系統"
中島,山陽バス（株）,垂水・舞子線①系統
霞ヶ丘交番前,山陽バス（株）,垂水・舞子線①系統
五色山口,山陽バス（株）,垂水・舞子線①系統
垂水東口,山陽バス（株）,"垂水・舞子線⑩系統, 垂水・舞子線⑪系統, 垂水・舞子線⑫系統, 垂水・舞子線⑬系統, 垂水・舞子線22系統, 垂水・舞子線23系統, 垂水・舞子線30系統"
垂水東口,神戸市・山陽バス（株）,57系統
垂水駅,山陽バス（株）,"垂水・舞子線①系統, 垂水・舞子線②系統, 垂水・舞子線③系統, 垂水・舞子線環系統, 垂水・舞子線④系統, 垂水・舞子線⑤系統, 垂水・舞子線⑥系統, 垂水・舞子線⑦系統, 垂水・舞子線⑧系統"
垂水駅,神戸市・山陽バス（株）,"59系統, 171系統, 48系統"
松帆浦,淡路市,あわ神あわ姫バス①時計回り②反時計回り
大谷川,淡路市,"あわ神あわ姫バス①時計回り②反時計回り, 淡路市岩屋コミュニティバス"
港池公園,淡路市,淡路市岩屋コミュニティバス
美湯松帆の郷,淡路市,淡路市岩屋コミュニティバス
道の駅あわじ淡海荘,淡路市,"あわ神あわ姫バス①時計回り②反時計回り, 淡路市岩屋コミュニティバス"
江崎,淡路市,あわ神あわ姫バス①時計回り②反時計回り
長浜,淡路市,あわ神あわ姫バス①時計回り②反時計回り
長浜中,淡路市,淡路市岩屋コミュニティバス
東長浜,淡路市,"あわ神あわ姫バス①時計回り②反時計回り, 淡路市岩屋コミュニティバス"
長瀬,淡路市,あわ神あわ姫バス①時計回り②反時計回り
岩屋保健センター,淡路市,淡路市岩屋コミュニティバス
岩屋事務所前,淡路市,あわ神あわ姫バス①時計回り②反時計回り
しおかぜ診療所,淡路市,淡路市岩屋コミュニティバス
橋本集会所,淡路市,淡路市岩屋コミュニティバス
岩屋ポートターミナル,淡路市,"あわ神あわ姫バス①時計回り②反時計回り, あわ神あわ姫バス⑩北部観光周遊回り"
岩屋ポートビル,淡路市,淡路市岩屋コミュニティバス
茶間川,淡路市,あわ神あわ姫バス①時計回り②反時計回り
岡田医院・松田アイクリニック,淡路市,淡路市岩屋コミュニティバス
平林,淡路市,あわ神あわ姫バス①時計回り②反時計回り
東の町集会所,淡路市,淡路市岩屋コミュニティバス
殿場坂,淡路市,淡路市岩屋コミュニティバス
岩屋海水浴場前,淡路市,"あわ神あわ姫バス①時計回り②反時計回り, 淡路市岩屋コミュニティバス"
高松浜,淡路市,あわ神あわ姫バス①時計回り②反時計回り
塩坪川,淡路市,淡路市岩屋コミュニティバス
淡路IC,淡路交通（株）,舞子・福良線
淡路IC高速バス停前,淡路市,あわ神あわ姫バス⑩北部観光周遊回り
大川,淡路市,あわ神あわ姫バス①時計回り②反時計回り
淡路ハイウェイオアシス,淡路市,あわ神あわ姫バス⑩北部観光周遊回り
中村クリニック,淡路市,淡路市岩屋コミュニティバス
岩屋中学校前,淡路市,"あわ神あわ姫バス①時計回り②反時計回り, 淡路市岩屋コミュニティバス"
県立淡路島公園,淡路市,あわ神あわ姫バス⑩北部観光周遊回り
鵜崎台東,淡路市,淡路市岩屋コミュニティバス
鵜崎台西,淡路市,淡路市岩屋コミュニティバス
鵜崎団地,淡路市,淡路市岩屋コミュニティバス
鵜崎,淡路市,"あわ神あわ姫バス①時計回り②反時計回り, 淡路市岩屋コミュニティバス"
南鵜崎,淡路市,淡路市岩屋コミュニティバス
グリナリウム淡路島,淡路市,あわ神あわ姫バス⑩北部観光周遊回り
轟木,淡路市,あわ神あわ姫バス①時計回り②反時計回り
新世薬局夢舞台前,淡路市,"あわ神あわ姫バス①時計回り②反時計回り, 淡路市岩屋コミュニティバス"
聖隷淡路病院前,淡路市,"あわ神あわ姫バス①時計回り②反時計回り, 淡路市岩屋コミュニティバス"
中村,淡路市,あわ神あわ姫バス①時計回り②反時計回り
国営明石海峡公園淡路口前,淡路市,あわ神あわ姫バス⑩北部観光周遊回り
大石,淡路市,あわ神あわ姫バス①時計回り②反時計回り
Awaji　Nature　Lab　＆　Resort,淡路市,あわ神あわ姫バス⑩北部観光周遊回り
県立淡路景観園芸学校,淡路市,あわ神あわ姫バス⑩北部観光周遊回り
淡路カントリーガーデン,淡路市,あわ神あわ姫バス⑩北部観光周遊回り
淡路夢舞台前,淡路市,"あわ神あわ姫バス①時計回り②反時計回り, あわ神あわ姫バス⑩北部観光周遊回り"
蟇の浦,淡路市,あわ神あわ姫バス①時計回り②反時計回り
梨本,淡路市,あわ神あわ姫バス①時計回り②反時計回り
大磯ユーアールエー前,淡路市,あわ神あわ姫バス①時計回り②反時計回り
あわじ花さじき,淡路市,あわ神あわ姫バス⑩北部観光周遊回り
大磯港,淡路市,あわ神あわ姫バス①時計回り②反時計回り
北淡震災記念公園下,淡路市,あわ神あわ姫バス①時計回り②反時計回り
ハーモニーファーム淡路,淡路市,あわ神あわ姫バス⑩北部観光周遊回り
淡路警察署富島交番前,淡路市,あわ神あわ姫バス①時計回り②反時計回り
立石川,淡路市,あわ神あわ姫バス①時計回り②反時計回り
富島東,淡路市,あわ神あわ姫バス①時計回り②反時計回り
北淡事務所前,淡路市,"あわ神あわ姫バス①時計回り②反時計回り, あわ神あわ姫バス③東浦北淡線, あわ神あわ姫バス⑪南部観光周遊回り"
富島中,淡路市,あわ神あわ姫バス①時計回り②反時計回り
淡路高校前,淡路市,あわ神あわ姫バス①時計回り②反時計回り
東浦IC,淡路交通（株）,舞子・福良線
淡路高校正門前,淡路市,あわ神あわ姫バス③東浦北淡線
浦港,淡路市,あわ神あわ姫バス①時計回り②反時計回り
石田,淡路市,あわ神あわ姫バス③東浦北淡線
水越,淡路市,あわ神あわ姫バス①時計回り②反時計回り
米山,淡路市,あわ神あわ姫バス③東浦北淡線
長畠,淡路市,あわ神あわ姫バス③東浦北淡線
東浦バスターミナル,淡路市,"あわ神あわ姫バス①時計回り②反時計回り, あわ神あわ姫バス③東浦北淡線, あわ神あわ姫バス⑩北部観光周遊回り"
浅野,淡路市,"あわ神あわ姫バス①時計回り②反時計回り, あわ神あわ姫バス⑪南部観光周遊回り"
赤土,淡路市,あわ神あわ姫バス③東浦北淡線
東浦事務所前,淡路市,"あわ神あわ姫バス①時計回り②反時計回り, あわ神あわ姫バス③東浦北淡線"
斗の内,淡路市,あわ神あわ姫バス①時計回り②反時計回り
仁井本村,淡路市,あわ神あわ姫バス③東浦北淡線
本四仁井,淡路交通（株）,舞子・福良線
河内,淡路市,あわ神あわ姫バス③東浦北淡線
吹き戻しの里前,淡路市,あわ神あわ姫バス③東浦北淡線
本四仁井高速バス停前,淡路市,あわ神あわ姫バス③東浦北淡線
柿原,淡路市,あわ神あわ姫バス③東浦北淡線
育波,淡路市,あわ神あわ姫バス①時計回り②反時計回り
北淡診療所前,淡路市,あわ神あわ姫バス①時計回り②反時計回り
東浦平成病院前,淡路市,"あわ神あわ姫バス①時計回り②反時計回り, あわ神あわ姫バス③東浦北淡線"
北淡IC,淡路市,"あわ神あわ姫バス①時計回り②反時計回り, あわ神あわ姫バス⑪南部観光周遊回り"
北淡IC,淡路交通（株）,舞子・福良線
久留麻,淡路市,あわ神あわ姫バス①時計回り②反時計回り
室津,淡路市,あわ神あわ姫バス①時計回り②反時計回り
室津西,淡路市,"あわ神あわ姫バス①時計回り②反時計回り, あわ神あわ姫バス⑪南部観光周遊回り"
仮屋,淡路市,あわ神あわ姫バス①時計回り②反時計回り
南の町［淡路市］,淡路市,あわ神あわ姫バス①時計回り②反時計回り
幸せのパンケーキ前,淡路市,"あわ神あわ姫バス①時計回り②反時計回り, あわ神あわ姫バス⑪南部観光周遊回り"
下田,淡路市,あわ神あわ姫バス①時計回り②反時計回り
津田,淡路市,あわ神あわ姫バス①時計回り②反時計回り
五斗長垣内遺跡前,淡路市,あわ神あわ姫バス⑪南部観光周遊回り
枯木,淡路市,あわ神あわ姫バス①時計回り②反時計回り
尾崎上の浜,淡路市,あわ神あわ姫バス①時計回り②反時計回り
釜口,淡路市,あわ神あわ姫バス①時計回り②反時計回り
そばカフェ生田村前,淡路市,あわ神あわ姫バス⑪南部観光周遊回り
尾崎,淡路市,"あわ神あわ姫バス①時計回り②反時計回り, あわ神あわ姫バス⑪南部観光周遊回り"
野田,淡路市,あわ神あわ姫バス①時計回り②反時計回り
ガーブコスタオレンジ前,淡路市,あわ神あわ姫バス①時計回り②反時計回り
釜口小井,淡路市,あわ神あわ姫バス①時計回り②反時計回り
パルシェ香りの館・香りの湯,淡路市,あわ神あわ姫バス⑪南部観光周遊回り
佐野小井,淡路市,あわ神あわ姫バス①時計回り②反時計回り
撫,淡路市,あわ神あわ姫バス①時計回り②反時計回り
一宮事務所前,淡路市,あわ神あわ姫バス①時計回り②反時計回り
郡家,淡路市,"あわ神あわ姫バス①時計回り②反時計回り, あわ神あわ姫バス⑪南部観光周遊回り"
柏原,淡路市,あわ神あわ姫バス①時計回り②反時計回り
薫寿堂前,淡路市,"あわ神あわ姫バス①時計回り②反時計回り, あわ神あわ姫バス⑪南部観光周遊回り"
佐野交番前,淡路市,あわ神あわ姫バス①時計回り②反時計回り
老の内,淡路市,あわ神あわ姫バス①時計回り②反時計回り
江井高速バス停前,淡路市,あわ神あわ姫バス①時計回り②反時計回り
佐野,淡路市,あわ神あわ姫バス①時計回り②反時計回り
遠田,淡路交通（株）,舞子・福良線
佐野局前,淡路市,あわ神あわ姫バス①時計回り②反時計回り
伊弉諾神宮前,淡路市,"あわ神あわ姫バス①時計回り②反時計回り, あわ神あわ姫バス⑪南部観光周遊回り"
ボールパーク入口,淡路市,あわ神あわ姫バス①時計回り②反時計回り
佐野運動公園前,淡路市,あわ神あわ姫バス①時計回り②反時計回り
土器屋,淡路市,あわ神あわ姫バス①時計回り②反時計回り
生穂,淡路市,あわ神あわ姫バス①時計回り②反時計回り
井手,淡路市,あわ神あわ姫バス①時計回り②反時計回り
津名スポーツセンター前,淡路市,あわ神あわ姫バス①時計回り②反時計回り
孔官堂前,淡路市,あわ神あわ姫バス①時計回り②反時計回り
大谷,淡路市,あわ神あわ姫バス①時計回り②反時計回り
竹谷,淡路市,あわ神あわ姫バス①時計回り②反時計回り
竹谷,本四海峡バス（株）,鮎原線
津名一宮IC高速バス停前,淡路市,"あわ神あわ姫バス①時計回り②反時計回り, あわ神あわ姫バス⑪南部観光周遊回り"
津名一宮IC,本四海峡バス（株）,鮎原線
津名一宮IC,淡路交通（株）,舞子・福良線
広生寺前,淡路市,あわ神あわ姫バス①時計回り②反時計回り
静の里公園,本四海峡バス（株）,鮎原線
淡路市役所前,淡路市,あわ神あわ姫バス①時計回り②反時計回り
田井交差点前,淡路市,あわ神あわ姫バス①時計回り②反時計回り
津名中学校前,淡路市,あわ神あわ姫バス①時計回り②反時計回り
津名ふれあいセンター前,淡路市,あわ神あわ姫バス①時計回り②反時計回り
津名ふれあいセンター前,本四海峡バス（株）,鮎原線
津名高校前,淡路市,あわ神あわ姫バス①時計回り②反時計回り
津名高校前,本四海峡バス（株）,鮎原線
中田小学校下,淡路市,あわ神あわ姫バス①時計回り②反時計回り
中田橋,淡路市,あわ神あわ姫バス①時計回り②反時計回り
順心淡路病院前,淡路市,あわ神あわ姫バス①時計回り②反時計回り
順心淡路病院前,本四海峡バス（株）,鮎原線
津名港ターミナル,淡路市,あわ神あわ姫バス⑪南部観光周遊回り
津名港,淡路交通（株）,縦貫線
関西看護医療大学前,淡路市,あわ神あわ姫バス①時計回り②反時計回り
関西看護医療大学前,本四海峡バス（株）,鮎原線
下大町,本四海峡バス（株）,鮎原線
八幡前,淡路市,あわ神あわ姫バス①時計回り②反時計回り
中橋公園前,淡路市,あわ神あわ姫バス①時計回り②反時計回り
殿下,淡路市,あわ神あわ姫バス①時計回り②反時計回り
志筑,淡路市,"あわ神あわ姫バス①時計回り②反時計回り, あわ神あわ姫バス⑪南部観光周遊回り"
志筑,本四海峡バス（株）,鮎原線
志筑,淡路交通（株）,縦貫線
志筑明神,淡路市,あわ神あわ姫バス①時計回り②反時計回り
しづかホール前,淡路市,あわ神あわ姫バス①時計回り②反時計回り
しづかホール前,本四海峡バス（株）,鮎原線
しづかホール前,淡路交通（株）,縦貫線
志筑新島,淡路市,あわ神あわ姫バス①時計回り②反時計回り
大町学校前,本四海峡バス（株）,鮎原線
津名臨海公園,淡路交通（株）,縦貫線
八軒家,本四海峡バス（株）,鮎原線
ワールドパークおのころ,淡路交通（株）,縦貫線
網代,淡路交通（株）,縦貫線
淡路ワールドパークオノコロ,淡路市,あわ神あわ姫バス⑪南部観光周遊回り
高田屋嘉兵衛公園,洲本市,五色地域線
高田屋嘉兵衛公園,淡路交通（株）,都志線
上畑,本四海峡バス（株）,鮎原線
塩尾,淡路交通（株）,縦貫線
五色バスセンター,洲本市,五色地域線
五色バスセンター,淡路交通（株）,都志線
都志本村,淡路交通（株）,都志線
都志,淡路交通（株）,都志線
大宮,淡路交通（株）,都志線
本四安乎,淡路交通（株）,舞子・福良線
大宮橋,淡路交通（株）,都志線
木曽堀切,本四海峡バス（株）,鮎原線
都志南,淡路交通（株）,都志線
落合橋,淡路交通（株）,都志線
吉田,淡路交通（株）,都志線
住谷,淡路交通（株）,都志線
五色診療所,洲本市,五色地域線
上村,本四海峡バス（株）,鮎原線
角川北,淡路交通（株）,都志線
下村,本四海峡バス（株）,鮎原線
角川公民館前,淡路交通（株）,都志線
鮎原,本四海峡バス（株）,鮎原線
天神,本四海峡バス（株）,鮎原線
天神,淡路交通（株）,都志線
南谷ふるさと会館,洲本市,五色地域線
たかたクリニック前,洲本市,五色地域線
高田クリニック前,本四海峡バス（株）,鮎原線
都志大日,洲本市,五色地域線
五色図書館前,淡路交通（株）,都志線
五色図書館,洲本市,五色地域線
角川,淡路交通（株）,都志線
南橋,洲本市,五色地域線
南橋,淡路交通（株）,都志線
鮎の郷,洲本市,五色地域線
鮎の郷,本四海峡バス（株）,鮎原線
神陽台,洲本市,五色地域線
三野畑,洲本市,五色地域線
三野畑,淡路交通（株）,都志線
安乎,淡路交通（株）,縦貫線
三野畑公会堂,洲本市,五色地域線
塔下,洲本市,五色地域線
塔下,淡路交通（株）,都志線
馬場,洲本市,五色地域線
馬場,淡路交通（株）,都志線
太田尾,淡路交通（株）,都志線
東塔下,洲本市,五色地域線
東塔下,淡路交通（株）,都志線
栢野,本四海峡バス（株）,鮎原線
広石北公会堂,洲本市,五色地域線
厚浜北,淡路交通（株）,縦貫線
船瀬,淡路交通（株）,都志線
鳥飼北,淡路交通（株）,都志線
厚浜,淡路交通（株）,縦貫線
広石,本四海峡バス（株）,鮎原線
薬師前,洲本市,五色地域線
薬師前,淡路交通（株）,都志線
五色地域福祉センター,洲本市,五色地域線
厚浜南,淡路交通（株）,縦貫線
柳澤診療所前,淡路交通（株）,鳥飼線
鳥飼上,淡路交通（株）,鳥飼線
鳥飼中,淡路交通（株）,鳥飼線
広石小学校前,本四海峡バス（株）,鮎原線
本村,淡路交通（株）,鳥飼線
鷹橋,淡路交通（株）,都志線
市原,洲本市,五色地域線
市原,淡路交通（株）,都志線
鳥飼八幡宮,淡路交通（株）,鳥飼線
淡路島中央SIC,淡路交通（株）,舞子・福良線
農協五色支店前,淡路交通（株）,鳥飼線
鳥飼南,淡路交通（株）,鳥飼線
札の辻,本四海峡バス（株）,鮎原線
札の辻,淡路交通（株）,鳥飼線
JA淡路日の出五色支店前,本四海峡バス（株）,鮎原線
岡本,洲本市,五色地域線
岡本,淡路交通（株）,都志線
鳥飼浦,淡路交通（株）,"都志線, 鳥飼線"
鳥飼浜,淡路交通（株）,"都志線, 鳥飼線"
喜住,淡路交通（株）,鳥飼線
水の大師,淡路交通（株）,縦貫線
市原口,洲本市,五色地域線
市原口,淡路交通（株）,都志線
堺,淡路交通（株）,鳥飼線
石ヶ谷,淡路交通（株）,縦貫線
五色浜,淡路交通（株）,"都志線, 鳥飼線"
安坂,洲本市,五色地域線
安坂,淡路交通（株）,都志線
堺小学校前,淡路交通（株）,鳥飼線
上堺,淡路交通（株）,鳥飼線
篠田,淡路交通（株）,鳥飼線
安田橋,洲本市,五色地域線
安田橋,淡路交通（株）,都志線
奥の内,淡路交通（株）,"都志線, 鳥飼線"
アスパ五色,淡路交通（株）,都志線
三木田口,洲本市,五色地域線
三木田口,淡路交通（株）,都志線
奥畑,淡路交通（株）,鳥飼線
供養石,淡路交通（株）,鳥飼線
炬の口,淡路交通（株）,縦貫線
塩屋,淡路交通（株）,縦貫線
緑の道しるべ慶野公園,南あわじ市,らん・らんバス　北循環線（ゆめるん号）松帆ルート
下加茂,洲本市,五色地域線
下加茂,淡路交通（株）,"縦貫線, 都志線"
洲本バスセンター,洲本市,"五色地域線, 上灘・沼島線"
洲本バスセンター,淡路交通（株）,"縦貫線, 由良線, 都志線, 鳥飼線, 長田線, 淡路・徳島線"
洲本車庫前,洲本市,五色地域線
洲本車庫前,淡路交通（株）,"由良線, 都志線"
慶野,南あわじ市,らん・らんバス　北循環線（ゆめるん号）松帆ルート
慶野,淡路交通（株）,鳥飼線
宇山,淡路交通（株）,"縦貫線, 鳥飼線, 長田線"
七曲り,淡路交通（株）,"縦貫線, 鳥飼線, 長田線"
新加茂橋,淡路交通（株）,"縦貫線, 鳥飼線, 長田線"
先山口,淡路交通（株）,鳥飼線
築地町,洲本市,五色地域線
築地町,淡路交通（株）,"縦貫線, 由良線, 都志線, 鳥飼線, 長田線"
東桑間,淡路交通（株）,"縦貫線, 鳥飼線, 長田線"
洲本市役所,洲本市,五色地域線
富士見橋,淡路交通（株）,"縦貫線, 鳥飼線, 長田線"
洲本,淡路交通（株）,"縦貫線, 由良線, 都志線, 鳥飼線, 長田線"
慶野コミュニティプラザ,南あわじ市,らん・らんバス　北循環線（ゆめるん号）松帆ルート
桑間,淡路交通（株）,"縦貫線, 鳥飼線, 長田線"
公園前,淡路交通（株）,由良線
上内膳,淡路交通（株）,鳥飼線
慶野南,南あわじ市,らん・らんバス　北循環線（ゆめるん号）松帆ルート
二本松,淡路交通（株）,"縦貫線, 鳥飼線, 長田線"
千畳敷,淡路交通（株）,由良線
神道東,南あわじ市,らん・らんバス　北循環線（ゆめるん号）倭文ルート
洲本IC,淡路交通（株）,"縦貫線, 長田線, 淡路・徳島線, 舞子・福良線"
慶野松原,南あわじ市,らん・らんバス　北循環線（ゆめるん号）松帆ルート
慶野松原,淡路交通（株）,鳥飼線
檪田西,南あわじ市,らん・らんバス　北循環線（ゆめるん号）松帆ルート
庄田中道橋詰,南あわじ市,らん・らんバス　北循環線（ゆめるん号）倭文ルート
萬松園前,南あわじ市,らん・らんバス　北循環線（ゆめるん号）松帆ルート
萬松園前,淡路交通（株）,鳥飼線
西口医院前,南あわじ市,らん・らんバス　北循環線（ゆめるん号）松帆ルート
倭文農協前,南あわじ市,らん・らんバス　北循環線（ゆめるん号）倭文ルート
古城園前,淡路交通（株）,由良線
日光寺前,南あわじ市,らん・らんバス　北循環線（ゆめるん号）松帆ルート
千笠,南あわじ市,らん・らんバス　北循環線（ゆめるん号）倭文ルート
千笠,淡路交通（株）,長田線
納,淡路交通（株）,"縦貫線, 長田線"
菰江,淡路交通（株）,由良線
社教センター,南あわじ市,らん・らんバス　北循環線（ゆめるん号）松帆ルート
倭文公民館前,南あわじ市,らん・らんバス　北循環線（ゆめるん号）倭文ルート
北浜東,南あわじ市,らん・らんバス　北循環線（ゆめるん号）松帆ルート
庄田,淡路交通（株）,長田線
古津路,淡路交通（株）,鳥飼線
北浜西,南あわじ市,らん・らんバス　北循環線（ゆめるん号）松帆ルート
古津路,南あわじ市,らん・らんバス　北循環線（ゆめるん号）松帆ルート
中村,南あわじ市,らん・らんバス　北循環線（ゆめるん号）倭文ルート
中村,淡路交通（株）,長田線
住吉前,淡路交通（株）,由良線
西原集会所前,南あわじ市,らん・らんバス　北循環線（ゆめるん号）松帆ルート
山添公会堂前,南あわじ市,らん・らんバス　北循環線（ゆめるん号）広田ルート
北方,南あわじ市,らん・らんバス　北循環線（ゆめるん号）松帆ルート
しづおり団地前,南あわじ市,らん・らんバス　北循環線（ゆめるん号）倭文ルート
しづおり団地前,淡路交通（株）,長田線
西松帆,南あわじ市,らん・らんバス　北循環線（ゆめるん号）松帆ルート
西松帆,淡路交通（株）,長田線
淡路学園前,南あわじ市,らん・らんバス　北循環線（ゆめるん号）広田ルート
江尻,南あわじ市,らん・らんバス　北循環線（ゆめるん号）松帆ルート
広田東,淡路交通（株）,"縦貫線, 長田線"
長田北（東）,南あわじ市,らん・らんバス　北循環線（ゆめるん号）倭文ルート
流,南あわじ市,らん・らんバス　北循環線（ゆめるん号）倭文ルート
流,淡路交通（株）,長田線
長田,南あわじ市,らん・らんバス　北循環線（ゆめるん号）倭文ルート
長田,淡路交通（株）,長田線
湊,南あわじ市,"らん・らんバス　西循環線（せい太君号）, らん・らんバス　北循環線（ゆめるん号）松帆ルート"
湊,淡路交通（株）,長田線
真浦,淡路交通（株）,由良線
松帆橋,淡路交通（株）,長田線
湊西口,南あわじ市,らん・らんバス　西循環線（せい太君号）
緑PA,淡路交通（株）,"淡路・徳島線, 舞子・福良線"
北方東,南あわじ市,らん・らんバス　北循環線（ゆめるん号）松帆ルート
長田北（西）,南あわじ市,らん・らんバス　北循環線（ゆめるん号）倭文ルート
川向岡住宅下,南あわじ市,らん・らんバス　北循環線（ゆめるん号）広田ルート
土井谷口,淡路交通（株）,長田線
水門橋,南あわじ市,らん・らんバス　西循環線（せい太君号）
広田東,南あわじ市,らん・らんバス　北循環線（ゆめるん号）広田ルート
緑パーキングエリア,南あわじ市,らん・らんバス　北循環線（ゆめるん号）倭文ルート
湊地区公民館前,南あわじ市,"らん・らんバス　西循環線（せい太君号）, らん・らんバス　北循環線（ゆめるん号）松帆ルート"
高屋,南あわじ市,らん・らんバス　北循環線（ゆめるん号）松帆ルート
宮の下,淡路交通（株）,長田線
脇田,淡路交通（株）,長田線
シーパ前,南あわじ市,"らん・らんバス　西循環線（せい太君号）, らん・らんバス　北循環線（ゆめるん号）松帆ルート"
シーパ前,淡路交通（株）,"鳥飼線, 長田線"
広田公民館前,南あわじ市,"らん・らんバス　北循環線（ゆめるん号）広田ルート, らん・らんバス　北循環線（ゆめるん号）倭文ルート"
脇田公会堂前,南あわじ市,らん・らんバス　北循環線（ゆめるん号）松帆ルート
広田,淡路交通（株）,"縦貫線, 長田線"
松帆活性化センター,南あわじ市,らん・らんバス　北循環線（ゆめるん号）松帆ルート
掃守,南あわじ市,"らん・らんバス　北循環線（ゆめるん号）松帆ルート, らん・らんバス　北循環線（ゆめるん号）倭文ルート"
掃守,淡路交通（株）,長田線
広田中学校前,南あわじ市,らん・らんバス　北循環線（ゆめるん号）広田ルート
戒旦寺,南あわじ市,らん・らんバス　北循環線（ゆめるん号）松帆ルート
脇田南,南あわじ市,らん・らんバス　北循環線（ゆめるん号）松帆ルート
市場公会堂,南あわじ市,らん・らんバス　北循環線（ゆめるん号）広田ルート
中津浦,南あわじ市,らん・らんバス　西循環線（せい太君号）
津井,南あわじ市,らん・らんバス　西循環線（せい太君号）
松の前,南あわじ市,らん・らんバス　西循環線（せい太君号）
登立,南あわじ市,らん・らんバス　西循環線（せい太君号）
フローラ西淡前,南あわじ市,らん・らんバス　西循環線（せい太君号）
緑老人福祉センター,南あわじ市,らん・らんバス　北循環線（ゆめるん号）広田ルート
志知川西,南あわじ市,らん・らんバス　北循環線（ゆめるん号）松帆ルート
榎列BS（上り）,南あわじ市,らん・らんバス　北循環線（ゆめるん号）松帆ルート
湊里上,南あわじ市,らん・らんバス　西循環線（せい太君号）
榎列BS（下り）,南あわじ市,"らん・らんバス　東循環線（さんちゃん号）榎列・八木ルート, らん・らんバス　北循環線（ゆめるん号）松帆ルート, らん・らんバス　北循環線（ゆめるん号）倭文ルート"
榎列,淡路交通（株）,"淡路・徳島線, 舞子・福良線"
津井郵便局前,南あわじ市,らん・らんバス　西循環線（せい太君号）
翠鳳第一病院前,南あわじ市,"らん・らんバス　北循環線（ゆめるん号）広田ルート, らん・らんバス　北循環線（ゆめるん号）倭文ルート"
広田西,淡路交通（株）,縦貫線
志知川公会堂前,南あわじ市,らん・らんバス　北循環線（ゆめるん号）松帆ルート
西路団地下,南あわじ市,らん・らんバス　西循環線（せい太君号）
三ツ川,淡路交通（株）,由良線
津井橋,南あわじ市,らん・らんバス　西循環線（せい太君号）
みどり診療所前,南あわじ市,らん・らんバス　北循環線（ゆめるん号）広田ルート
西路,南あわじ市,らん・らんバス　北循環線（ゆめるん号）松帆ルート
西路口,南あわじ市,らん・らんバス　北循環線（ゆめるん号）松帆ルート
松田,南あわじ市,"らん・らんバス　東循環線（さんちゃん号）榎列・八木ルート, らん・らんバス　北循環線（ゆめるん号）松帆ルート, らん・らんバス　北循環線（ゆめるん号）倭文ルート"
久次米,淡路交通（株）,縦貫線
志知川沖田,南あわじ市,らん・らんバス　北循環線（ゆめるん号）松帆ルート
榎列小学校前,南あわじ市,"らん・らんバス　東循環線（さんちゃん号）榎列・八木ルート, らん・らんバス　北循環線（ゆめるん号）松帆ルート, らん・らんバス　北循環線（ゆめるん号）倭文ルート"
玉青館前,南あわじ市,らん・らんバス　西循環線（せい太君号）
中山,淡路交通（株）,縦貫線
おのころ島神社前,南あわじ市,らん・らんバス　東循環線（さんちゃん号）榎列・八木ルート
真の谷,淡路交通（株）,由良線
中山,南あわじ市,らん・らんバス　北循環線（ゆめるん号）広田ルート
上幡多,南あわじ市,らん・らんバス　東循環線（さんちゃん号）榎列・八木ルート
久次米,南あわじ市,らん・らんバス　北循環線（ゆめるん号）広田ルート
下幡多,南あわじ市,らん・らんバス　東循環線（さんちゃん号）榎列・八木ルート
大榎列,南あわじ市,"らん・らんバス　東循環線（さんちゃん号）榎列・八木ルート, らん・らんバス　北循環線（ゆめるん号）松帆ルート, らん・らんバス　北循環線（ゆめるん号）倭文ルート"
志知北,南あわじ市,らん・らんバス　西循環線（せい太君号）
中山峠,淡路交通（株）,縦貫線
内田,淡路交通（株）,由良線
イングランドの丘,南あわじ市,"らん・らんバス　中央循環線（らんちゃん号）, らん・らんバス　北循環線（ゆめるん号）松帆ルート"
イングランドの丘,淡路交通（株）,縦貫線
大榎列南,南あわじ市,"らん・らんバス　東循環線（さんちゃん号）榎列・八木ルート, らん・らんバス　北循環線（ゆめるん号）松帆ルート, らん・らんバス　北循環線（ゆめるん号）倭文ルート"
入田橋詰,南あわじ市,らん・らんバス　北循環線（ゆめるん号）広田ルート
大戸,南あわじ市,らん・らんバス　北循環線（ゆめるん号）広田ルート
中八木集会所先,南あわじ市,"らん・らんバス　中央循環線（らんちゃん号）, らん・らんバス　北循環線（ゆめるん号）松帆ルート"
土生川,淡路交通（株）,由良線
小榎列北,南あわじ市,"らん・らんバス　東循環線（さんちゃん号）榎列・八木ルート, らん・らんバス　北循環線（ゆめるん号）松帆ルート, らん・らんバス　北循環線（ゆめるん号）倭文ルート"
陸の港西淡,南あわじ市,"らん・らんバス　中央循環線（らんちゃん号）, らん・らんバス　南北幹線（すいせん号）, らん・らんバス　西循環線（せい太君号）"
陸の港西淡,淡路交通（株）,"鳥飼線, 長田線, 舞子・福良線"
野原西,南あわじ市,らん・らんバス　東循環線（さんちゃん号）榎列・八木ルート
鳩尾,南あわじ市,らん・らんバス　北循環線（ゆめるん号）広田ルート
平成病院前,南あわじ市,"らん・らんバス　中央循環線（らんちゃん号）, らん・らんバス　北循環線（ゆめるん号）松帆ルート, らん・らんバス　北循環線（ゆめるん号）広田ルート"
上八木,南あわじ市,らん・らんバス　北循環線（ゆめるん号）広田ルート
鳩尾西,南あわじ市,らん・らんバス　北循環線（ゆめるん号）広田ルート
西淡志知,淡路交通（株）,"淡路・徳島線, 舞子・福良線"
天川,淡路交通（株）,由良線
東養宜,淡路交通（株）,縦貫線
マルナカ前,南あわじ市,"らん・らんバス　中央循環線（らんちゃん号）, らん・らんバス　西循環線（せい太君号）"
松美橋,南あわじ市,"らん・らんバス　中央循環線（らんちゃん号）, らん・らんバス　西循環線（せい太君号）"
中八木,南あわじ市,"らん・らんバス　中央循環線（らんちゃん号）, らん・らんバス　北循環線（ゆめるん号）広田ルート"
中八木,淡路交通（株）,縦貫線
小榎列,南あわじ市,"らん・らんバス　中央循環線（らんちゃん号）, らん・らんバス　東循環線（さんちゃん号）榎列・八木ルート, らん・らんバス　西循環線（せい太君号）, らん・らんバス　北循環線（ゆめるん号）松帆ルート, らん・らんバス　北循環線（ゆめるん号）倭文ルート"
西川,南あわじ市,"らん・らんバス　中央循環線（らんちゃん号）, らん・らんバス　東循環線（さんちゃん号）八木・市ルート, らん・らんバス　東循環線（さんちゃん号）榎列・八木ルート, らん・らんバス　西循環線（せい太君号）, らん・らんバス　北循環線（ゆめるん号）松帆ルート, らん・らんバス　北循環線（ゆめるん号）倭文ルート"
徳長,南あわじ市,"らん・らんバス　中央循環線（らんちゃん号）, らん・らんバス　西循環線（せい太君号）"
日の出,淡路交通（株）,由良線
三原中学校前,南あわじ市,"らん・らんバス　中央循環線（らんちゃん号）, らん・らんバス　東循環線（さんちゃん号）八木・市ルート, らん・らんバス　東循環線（さんちゃん号）榎列・八木ルート, らん・らんバス　西循環線（せい太君号）, らん・らんバス　北循環線（ゆめるん号）松帆ルート, らん・らんバス　北循環線（ゆめるん号）倭文ルート"
三原中学校前,淡路交通（株）,縦貫線
野原東,南あわじ市,らん・らんバス　東循環線（さんちゃん号）榎列・八木ルート
養宜,淡路交通（株）,縦貫線
西川南,南あわじ市,らん・らんバス　東循環線（さんちゃん号）八木・市ルート
由良,淡路交通（株）,由良線
南あわじ警察署前,南あわじ市,"らん・らんバス　中央循環線（らんちゃん号）, らん・らんバス　東循環線（さんちゃん号）八木・市ルート, らん・らんバス　東循環線（さんちゃん号）榎列・八木ルート, らん・らんバス　西循環線（せい太君号）, らん・らんバス　北循環線（ゆめるん号）松帆ルート, らん・らんバス　北循環線（ゆめるん号）倭文ルート"
南あわじ警察署前,淡路交通（株）,縦貫線
淡路島牧場前,南あわじ市,"らん・らんバス　中央循環線（らんちゃん号）, らん・らんバス　北循環線（ゆめるん号）松帆ルート"
吉備国際大学下,南あわじ市,らん・らんバス　中央循環線（らんちゃん号）
八木地区公民館前,南あわじ市,らん・らんバス　北循環線（ゆめるん号）広田ルート
市戎神社前,南あわじ市,らん・らんバス　東循環線（さんちゃん号）八木・市ルート
南あわじ市役所前,南あわじ市,"らん・らんバス　中央循環線（らんちゃん号）, らん・らんバス　東循環線（さんちゃん号）八木・市ルート, らん・らんバス　東循環線（さんちゃん号）榎列・八木ルート, らん・らんバス　東循環線（さんちゃん号）市・神代ルート, らん・らんバス　西循環線（せい太君号）, らん・らんバス　北循環線（ゆめるん号）松帆ルート, らん・らんバス　北循環線（ゆめるん号）広田ルート, らん・らんバス　北循環線（ゆめるん号）倭文ルート"
南あわじ市役所前,淡路交通（株）,縦貫線
丸山,南あわじ市,らん・らんバス　西循環線（せい太君号）
佐礼尾,南あわじ市,らん・らんバス　中央循環線（らんちゃん号）
市小井,南あわじ市,らん・らんバス　東循環線（さんちゃん号）市・神代ルート
松ヶ谷,南あわじ市,らん・らんバス　西循環線（せい太君号）
鳥井,南あわじ市,"らん・らんバス　中央循環線（らんちゃん号）, らん・らんバス　東循環線（さんちゃん号）八木・市ルート, らん・らんバス　東循環線（さんちゃん号）榎列・八木ルート, らん・らんバス　北循環線（ゆめるん号）松帆ルート, らん・らんバス　北循環線（ゆめるん号）広田ルート"
鳥井,淡路交通（株）,縦貫線
元三原法務局前,南あわじ市,らん・らんバス　東循環線（さんちゃん号）八木・市ルート
小磯原,南あわじ市,らん・らんバス　西循環線（せい太君号）
八木病院前,南あわじ市,"らん・らんバス　東循環線（さんちゃん号）八木・市ルート, らん・らんバス　東循環線（さんちゃん号）榎列・八木ルート, らん・らんバス　東循環線（さんちゃん号）市・神代ルート, らん・らんバス　北循環線（ゆめるん号）松帆ルート, らん・らんバス　北循環線（ゆめるん号）広田ルート"
大久保公会堂前,南あわじ市,らん・らんバス　東循環線（さんちゃん号）八木・市ルート
立石,南あわじ市,"らん・らんバス　中央循環線（らんちゃん号）, らん・らんバス　東循環線（さんちゃん号）八木・市ルート, らん・らんバス　東循環線（さんちゃん号）榎列・八木ルート, らん・らんバス　東循環線（さんちゃん号）市・神代ルート, らん・らんバス　北循環線（ゆめるん号）松帆ルート, らん・らんバス　北循環線（ゆめるん号）広田ルート"
立石,淡路交通（株）,縦貫線
小磯,南あわじ市,らん・らんバス　西循環線（せい太君号）
晴海ヶ丘,南あわじ市,らん・らんバス　西循環線（せい太君号）
中央公民館前,南あわじ市,らん・らんバス　東循環線（さんちゃん号）八木・市ルート
由良支所前,淡路交通（株）,由良線
パルティ前,南あわじ市,"らん・らんバス　中央循環線（らんちゃん号）, らん・らんバス　東循環線（さんちゃん号）八木・市ルート, らん・らんバス　東循環線（さんちゃん号）榎列・八木ルート, らん・らんバス　東循環線（さんちゃん号）市・神代ルート, らん・らんバス　北循環線（ゆめるん号）松帆ルート, らん・らんバス　北循環線（ゆめるん号）広田ルート, らん・らんバス　北循環線（ゆめるん号）倭文ルート"
円行寺,南あわじ市,らん・らんバス　中央循環線（らんちゃん号）
円行寺,淡路交通（株）,縦貫線
寺内北,南あわじ市,"らん・らんバス　東循環線（さんちゃん号）八木・市ルート, らん・らんバス　東循環線（さんちゃん号）市・神代ルート"
三原郵便局前,南あわじ市,"らん・らんバス　東循環線（さんちゃん号）八木・市ルート, らん・らんバス　東循環線（さんちゃん号）市・神代ルート"
丸山地区公民館前,南あわじ市,らん・らんバス　西循環線（せい太君号）
由良福祉センター,淡路交通（株）,由良線
志知中島,南あわじ市,らん・らんバス　中央循環線（らんちゃん号）
由良中学校前,淡路交通（株）,由良線
木場,南あわじ市,らん・らんバス　西循環線（せい太君号）
市,南あわじ市,らん・らんバス　中央循環線（らんちゃん号）
市,淡路交通（株）,縦貫線
市青木,南あわじ市,らん・らんバス　東循環線（さんちゃん号）八木・市ルート
由良中学校前,洲本市,上灘・沼島線
伊加利農協前,南あわじ市,らん・らんバス　西循環線（せい太君号）
龍宮園前,洲本市,上灘・沼島線
寺内公会堂前,南あわじ市,"らん・らんバス　東循環線（さんちゃん号）八木・市ルート, らん・らんバス　東循環線（さんちゃん号）市・神代ルート"
農協本所・中央支所前,南あわじ市,らん・らんバス　中央循環線（らんちゃん号）
湯の川,南あわじ市,らん・らんバス　西循環線（せい太君号）
三条,南あわじ市,"らん・らんバス　中央循環線（らんちゃん号）, らん・らんバス　東循環線（さんちゃん号）市・神代ルート"
三条,淡路交通（株）,縦貫線
小池,洲本市,上灘・沼島線
淡路三原高校前,南あわじ市,"らん・らんバス　東循環線（さんちゃん号）八木・市ルート, らん・らんバス　西循環線（せい太君号）"
サンプール前,南あわじ市,らん・らんバス　東循環線（さんちゃん号）八木・市ルート
健康広場（淡路三原高校前）,南あわじ市,らん・らんバス　南北幹線（すいせん号）
イオン南淡路店前,南あわじ市,"らん・らんバス　中央循環線（らんちゃん号）, らん・らんバス　南北幹線（すいせん号）, らん・らんバス　南循環線（うずしお号）福良ルート"
小佐毘,洲本市,上灘・沼島線
南所公会堂前,南あわじ市,"らん・らんバス　中央循環線（らんちゃん号）, らん・らんバス　南北幹線（すいせん号）, らん・らんバス　南循環線（うずしお号）福良ルート"
さんゆ〜館前,南あわじ市,"らん・らんバス　東循環線（さんちゃん号）八木・市ルート, らん・らんバス　東循環線（さんちゃん号）市・神代ルート"
神代小学校前,南あわじ市,"らん・らんバス　南北幹線（すいせん号）, らん・らんバス　東循環線（さんちゃん号）市・神代ルート"
神代,南あわじ市,"らん・らんバス　中央循環線（らんちゃん号）, らん・らんバス　南北幹線（すいせん号）, らん・らんバス　東循環線（さんちゃん号）市・神代ルート, らん・らんバス　南循環線（うずしお号）福良ルート"
神代,淡路交通（株）,縦貫線
水口,南あわじ市,らん・らんバス　西循環線（せい太君号）
富田公会堂前,南あわじ市,"らん・らんバス　南北幹線（すいせん号）, らん・らんバス　東循環線（さんちゃん号）市・神代ルート"
中林病院前,南あわじ市,"らん・らんバス　中央循環線（らんちゃん号）, らん・らんバス　南北幹線（すいせん号）, らん・らんバス　東循環線（さんちゃん号）市・神代ルート, らん・らんバス　南循環線（うずしお号）福良ルート, らん・らんバス　南循環線（うずしお号）賀集ルート"
生石口,洲本市,上灘・沼島線
城家だんじり小屋前,南あわじ市,らん・らんバス　南循環線（うずしお号）賀集ルート
阿那賀団地前,南あわじ市,らん・らんバス　西循環線（せい太君号）
城家,淡路交通（株）,縦貫線
浦壁,南あわじ市,"らん・らんバス　南北幹線（すいせん号）, らん・らんバス　東循環線（さんちゃん号）市・神代ルート"
八幡南,南あわじ市,らん・らんバス　南循環線（うずしお号）福良ルート
越田,洲本市,上灘・沼島線
鎮守神社前,南あわじ市,らん・らんバス　南循環線（うずしお号）賀集ルート
阿那賀,南あわじ市,らん・らんバス　西循環線（せい太君号）
きらら・ウインズ前,南あわじ市,"らん・らんバス　南北幹線（すいせん号）, らん・らんバス　東循環線（さんちゃん号）市・神代ルート"
国衙,南あわじ市,らん・らんバス　南北幹線（すいせん号）
国衙,淡路交通（株）,縦貫線
八幡東,南あわじ市,らん・らんバス　南循環線（うずしお号）賀集ルート
賀集郵便局前,南あわじ市,らん・らんバス　南循環線（うずしお号）賀集ルート
賀集橋,淡路交通（株）,縦貫線
八幡西,南あわじ市,"らん・らんバス　南循環線（うずしお号）福良ルート, らん・らんバス　南循環線（うずしお号）賀集ルート"
立川水仙郷,洲本市,上灘・沼島線
御陵前,淡路交通（株）,縦貫線
賀集西,南あわじ市,らん・らんバス　南循環線（うずしお号）賀集ルート
賀集,南あわじ市,らん・らんバス　南循環線（うずしお号）賀集ルート
賀集野田,南あわじ市,らん・らんバス　南北幹線（すいせん号）
福良口,淡路交通（株）,縦貫線
賀集地区公民館前,南あわじ市,らん・らんバス　南循環線（うずしお号）賀集ルート
赤坂,南あわじ市,らん・らんバス　南循環線（うずしお号）福良ルート
福井住宅前,南あわじ市,らん・らんバス　南循環線（うずしお号）賀集ルート
福井,南あわじ市,らん・らんバス　南北幹線（すいせん号）
東本町,淡路交通（株）,縦貫線
萬福寺前,南あわじ市,らん・らんバス　南循環線（うずしお号）賀集ルート
南淡路病院前,南あわじ市,らん・らんバス　南循環線（うずしお号）賀集ルート
原田,南あわじ市,らん・らんバス　南循環線（うずしお号）福良ルート
原田,淡路交通（株）,舞子・福良線
福井北公会堂前,南あわじ市,らん・らんバス　南循環線（うずしお号）賀集ルート
南淡郵便局前,南あわじ市,らん・らんバス　南循環線（うずしお号）福良ルート
淡路島南IC,南あわじ市,らん・らんバス　西循環線（せい太君号）
淡路島南IC,淡路交通（株）,"淡路・徳島線, 舞子・福良線"
南淡庁舎前,淡路交通（株）,縦貫線
伊毘,南あわじ市,らん・らんバス　西循環線（せい太君号）
中津川,洲本市,上灘・沼島線
福井南,南あわじ市,らん・らんバス　南循環線（うずしお号）賀集ルート
淡路人形座前,南あわじ市,らん・らんバス　南循環線（うずしお号）福良ルート
福良,淡路交通（株）,"縦貫線, 舞子・福良線"
当麻陵前,南あわじ市,"らん・らんバス　南北幹線（すいせん号）, らん・らんバス　南循環線（うずしお号）賀集ルート"
潮美台地区公民館前,南あわじ市,らん・らんバス　南循環線（うずしお号）福良ルート
コミュニティプラザ向谷前,南あわじ市,らん・らんバス　南循環線（うずしお号）福良ルート
波止の浜公園東,南あわじ市,らん・らんバス　南循環線（うずしお号）福良ルート
うずの丘,南あわじ市,らん・らんバス　西循環線（せい太君号）
うずしお台下,南あわじ市,らん・らんバス　南循環線（うずしお号）福良ルート
波止の浜公園前,南あわじ市,らん・らんバス　南循環線（うずしお号）福良ルート
生子神社前,南あわじ市,らん・らんバス　南循環線（うずしお号）賀集ルート
相川,洲本市,上灘・沼島線
さくら苑前,南あわじ市,らん・らんバス　南循環線（うずしお号）福良ルート
潮美台,南あわじ市,らん・らんバス　南循環線（うずしお号）福良ルート
仁尾,淡路交通（株）,舞子・福良線
生子コミュニティプラザ前,南あわじ市,らん・らんバス　南循環線（うずしお号）賀集ルート
都劇場前,南あわじ市,"らん・らんバス　南北幹線（すいせん号）, らん・らんバス　南循環線（うずしお号）賀集ルート"
仁尾,南あわじ市,らん・らんバス　南循環線（うずしお号）福良ルート
向谷南,南あわじ市,らん・らんバス　南循環線（うずしお号）福良ルート
筒井,南あわじ市,"らん・らんバス　南北幹線（すいせん号）, らん・らんバス　南循環線（うずしお号）賀集ルート"
苅藻,淡路交通（株）,舞子・福良線
生子浄水場前,南あわじ市,らん・らんバス　南循環線（うずしお号）賀集ルート
新田北集会所前,南あわじ市,らん・らんバス　南循環線（うずしお号）賀集ルート
ゆーぷる前,南あわじ市,らん・らんバス　南循環線（うずしお号）福良ルート
新田中,南あわじ市,らん・らんバス　南循環線（うずしお号）賀集ルート
新田中東,南あわじ市,らん・らんバス　南循環線（うずしお号）賀集ルート
大日寺前,南あわじ市,らん・らんバス　南循環線（うずしお号）賀集ルート
モンキーセンター,洲本市,上灘・沼島線
高原,南あわじ市,らん・らんバス　南北幹線（すいせん号）
稲田南,南あわじ市,らん・らんバス　南循環線（うずしお号）賀集ルート
畑田,洲本市,上灘・沼島線
伊賀野,南あわじ市,らん・らんバス　南北幹線（すいせん号）
来川,南あわじ市,らん・らんバス　南北幹線（すいせん号）
来川,洲本市,上灘・沼島線
伊賀野南,南あわじ市,らん・らんバス　南北幹線（すいせん号）
佐野,南あわじ市,らん・らんバス　南北幹線（すいせん号）
白﨑,洲本市,上灘・沼島線
白崎,南あわじ市,らん・らんバス　南北幹線（すいせん号）
倉川,南あわじ市,らん・らんバス　南北幹線（すいせん号）
倉川,洲本市,上灘・沼島線
灘黒岩水仙郷,南あわじ市,らん・らんバス　南北幹線（すいせん号）
灘黒岩水仙郷,洲本市,上灘・沼島線
本庄,南あわじ市,らん・らんバス　南北幹線（すいせん号）
吹上,南あわじ市,らん・らんバス　南北幹線（すいせん号）
阿万農協前,南あわじ市,らん・らんバス　南北幹線（すいせん号）
黒岩,南あわじ市,らん・らんバス　南北幹線（すいせん号）
黒岩,洲本市,上灘・沼島線
中西,南あわじ市,らん・らんバス　南北幹線（すいせん号）
田中医院前,南あわじ市,らん・らんバス　南北幹線（すいせん号）
新川,南あわじ市,らん・らんバス　南北幹線（すいせん号）
吉野,南あわじ市,らん・らんバス　南北幹線（すいせん号）
吉野,洲本市,上灘・沼島線
地野口,南あわじ市,らん・らんバス　南北幹線（すいせん号）
東町,南あわじ市,らん・らんバス　南北幹線（すいせん号）
西町,南あわじ市,らん・らんバス　南北幹線（すいせん号）
阿万海岸,南あわじ市,らん・らんバス　南北幹線（すいせん号）
山本,南あわじ市,らん・らんバス　南北幹線（すいせん号）
山本,洲本市,上灘・沼島線
東町海岸西,南あわじ市,らん・らんバス　南北幹線（すいせん号）
地野路,南あわじ市,らん・らんバス　南北幹線（すいせん号）
城方,南あわじ市,らん・らんバス　南北幹線（すいせん号）
城方,洲本市,上灘・沼島線
円実,南あわじ市,らん・らんバス　南北幹線（すいせん号）
円実,洲本市,上灘・沼島線
東町海岸東,南あわじ市,らん・らんバス　南北幹線（すいせん号）
丸田東,南あわじ市,らん・らんバス　南北幹線（すいせん号）
大川,南あわじ市,らん・らんバス　南北幹線（すいせん号）
大川不動前,南あわじ市,らん・らんバス　南北幹線（すいせん号）
丸田西,南あわじ市,らん・らんバス　南北幹線（すいせん号）
地野,南あわじ市,らん・らんバス　南北幹線（すいせん号）
沼島汽船場前,南あわじ市,らん・らんバス　南北幹線（すいせん号）
沼島汽船場前,洲本市,上灘・沼島線
灘地区公民館前,南あわじ市,らん・らんバス　南北幹線（すいせん号）
土生,南あわじ市,らん・らんバス　南北幹線（すいせん号）
仁頃,南あわじ市,らん・らんバス　南北幹線（すいせん号）
