停留所名,事業者名,バス系統
陸地,延岡市,コミュニティバス「下塚線」
笹の原,高千穂町,五ヶ所線
五ヶ所,高千穂町,五ヶ所線
三秀台,高千穂町,五ヶ所線
柚ヶ内,延岡市,コミュニティバス「下塚線」
柚ヶ原橋,延岡市,乗合タクシー「古江〜三川内〜梅木大井市尾内線」
仲の内,高千穂町,日向線
大井洞,延岡市,乗合タクシー「古江〜三川内〜梅木大井市尾内線」
登尾,高千穂町,日向線
崩野,高千穂町,五ヶ所線
矢ヶ内,延岡市,コミュニティバス「下塚線」
大井,延岡市,乗合タクシー「古江〜三川内〜梅木大井市尾内線」
西の内,高千穂町,日向線
馬場,高千穂町,五ヶ所線
松葉,延岡市,コミュニティバス「下塚線」
河内,高千穂町,"河内線, 田原線, 五ヶ所線"
日向秋元,高千穂町,日向線
惣見,高千穂町,土呂久線
田原診療所,高千穂町,田原線
市尾内,延岡市,乗合タクシー「古江〜三川内〜梅木大井市尾内線」
中村,高千穂町,河内線
波帰橋,延岡市,乗合タクシー「古江〜三川内〜梅木大井市尾内線」
滑戸,高千穂町,日向線
野々水流,延岡市,乗合タクシー「古江〜三川内〜梅木大井市尾内線」
野々尻,高千穂町,日出線
田原中学校入口,高千穂町,"河内線, 田原線"
抱石,延岡市,コミュニティバス「下塚線」
大郎,高千穂町,河内線
茅場,延岡市,コミュニティバス「下塚線」
松葉吐,延岡市,コミュニティバス「下塚線」
黒葛原,高千穂町,日向線
梅木郵便局,延岡市,乗合タクシー「古江〜三川内〜梅木大井市尾内線」
南,高千穂町,田原線
宮の平,高千穂町,河内線
小長谷,延岡市,乗合タクシー「古江〜三川内〜下塚線」
南大平,高千穂町,田原線
上塚橋,延岡市,乗合タクシー「古江〜三川内〜下塚線」
波帰の原,延岡市,乗合タクシー「古江〜三川内〜下塚線」
玄武山トンネル,高千穂町,河内線
富の尾,高千穂町,日出線
土呂久,高千穂町,土呂久線
川下,高千穂町,田原線
下塚,延岡市,乗合タクシー「古江〜三川内〜下塚線」
本下塚,延岡市,コミュニティバス「下塚線」
上塚,延岡市,乗合タクシー「古江〜三川内〜下塚線」
黒内,延岡市,コミュニティバス「上赤線」
竜泉寺,高千穂町,河内線
三川内,延岡市,"乗合タクシー「古江〜三川内〜下塚線」, 乗合タクシー「古江〜三川内〜梅木大井市尾内線」, 乗合タクシー「古江〜三川内線」"
染野,高千穂町,田原線
上赤,延岡市,コミュニティバス「上赤線」
鐙,延岡市,コミュニティバス「下塚線」
池ノ原,延岡市,コミュニティバス「下塚線」
北,高千穂町,田原線
王の宮,高千穂町,田原線
上岩戸小学校,高千穂町,日出線
仏越,延岡市,"乗合タクシー「古江〜三川内〜下塚線」, 乗合タクシー「古江〜三川内〜梅木大井市尾内線」, 乗合タクシー「古江〜三川内線」"
夕塩,高千穂町,田原線
才田渡,高千穂町,日出線
広福,高千穂町,田原線
釜石,高千穂町,田原線
椎谷,延岡市,コミュニティバス「上赤線」
才田,高千穂町,日向線
小又川,高千穂町,河内線
宮尾野,高千穂町,田原線
松の下,高千穂町,田原線
流尾,高千穂町,田原線
上野,高千穂町,"河内線, 広木野線"
岩井谷,高千穂町,日出線
歌糸,延岡市,"乗合タクシー「古江〜三川内〜下塚線」, 乗合タクシー「古江〜三川内〜梅木大井市尾内線」, 乗合タクシー「古江〜三川内線」"
立宿,高千穂町,土呂久線
平底,高千穂町,"河内線, 広木野線"
聖川,高千穂町,広木野線
松瀬,延岡市,コミュニティバス「下塚線」
葛葉,延岡市,コミュニティバス「下塚線」
小糸,高千穂町,田原線
仁田ノ内,延岡市,コミュニティバス「上赤線」
中村,延岡市,"乗合タクシー「古江〜三川内〜下塚線」, 乗合タクシー「古江〜三川内〜梅木大井市尾内線」, 乗合タクシー「古江〜三川内線」"
広木野,高千穂町,広木野線
下赤,延岡市,コミュニティバス「上赤線」
戸の口,高千穂町,田原線
左右殿,高千穂町,日向線
蓬原,延岡市,"乗合タクシー「古江〜三川内〜下塚線」, 乗合タクシー「古江〜三川内〜梅木大井市尾内線」, 乗合タクシー「古江〜三川内線」"
大猿渡,高千穂町,日出線
八幡,高千穂町,広木野線
伊掛,延岡市,コミュニティバス「下塚線」
渡内,高千穂町,日出線
米糸,高千穂町,田原線
深井野,高千穂町,広木野線
イヤザメ,延岡市,"乗合タクシー「古江〜三川内〜下塚線」, 乗合タクシー「古江〜三川内〜梅木大井市尾内線」, 乗合タクシー「古江〜三川内線」"
上寺,高千穂町,土呂久線
地界,高千穂町,日向線
下野,高千穂町,河内線
藤尾,高千穂町,田原線
東岸寺,高千穂町,日向線
天岩戸保育園,高千穂町,日向線
一本松,高千穂町,日出線
岩坪,高千穂町,田原線
黒原,高千穂町,日出線
籾水崎,高千穂町,押方線
雲井都,高千穂町,"河内線, 広木野線"
宮町,高千穂町,"日向線, 土呂久線"
馬生木,高千穂町,日出線
本市棚,延岡市,コミュニティバス「下塚線」
岩戸,高千穂町,"岩戸線, 日向線, 岩戸五ヶ村線, 日出線, 永の内線, 土呂久線"
多良田,延岡市,コミュニティバス「瀬口線」
神社下,高千穂町,"日出線, 永の内線"
平野,延岡市,コミュニティバス「瀬口線」
坂の下,高千穂町,"河内線, 広木野線"
八戸,延岡市,コミュニティバス「上赤線」
馬場,高千穂町,"日出線, 永の内線"
五ヶ村,高千穂町,岩戸五ヶ村線
泉福寺,高千穂町,岩戸五ヶ村線
石原,延岡市,コミュニティバス「瀬口線」
永の内,高千穂町,"日出線, 永の内線"
竜王入口,高千穂町,"日出線, 永の内線"
才原,高千穂町,"岩戸線, 日向線, 岩戸五ヶ村線"
宮ノ地,高千穂町,岩戸五ヶ村線
上板屋,高千穂町,押方線
上阿床集会所,高千穂町,浅ヶ部線
栗木,延岡市,コミュニティバス「瀬口線」
天岩戸の湯,高千穂町,岩戸五ヶ村線
市棚橋,延岡市,"コミュニティバス「下塚線」, コミュニティバス「瀬口線」"
中の園,高千穂町,永の内線
河地,高千穂町,永の内線
板屋,高千穂町,押方線
佐藤医院,高千穂町,"岩戸線, 日向線, 岩戸五ヶ村線"
浅ヶ部公民館,高千穂町,浅ヶ部線
鶴門,高千穂町,永の内線
布平,高千穂町,押方線
布城,高千穂町,永の内線
大内,高千穂町,押方線
折原,高千穂町,"河内線, 田原線, 広木野線"
下阿床,高千穂町,浅ヶ部線
直海,宮崎交通（株）,古江〜直海
惣別当,延岡市,コミュニティバス「瀬口線」
中畑,高千穂町,押方線
地下,延岡市,"乗合タクシー「古江〜三川内〜下塚線」, 乗合タクシー「古江〜三川内〜梅木大井市尾内線」, 乗合タクシー「古江〜三川内線」"
瀬口集会所,延岡市,コミュニティバス「瀬口線」
猿伏,高千穂町,浅ヶ部線
公民館前,延岡市,"乗合タクシー「古江〜三川内〜下塚線」, 乗合タクシー「古江〜三川内〜梅木大井市尾内線」, 乗合タクシー「古江〜三川内線」"
大野原,高千穂町,"岩戸線, 日向線"
西の新地,高千穂町,"河内線, 田原線, 広木野線"
上大内,高千穂町,押方線
本瀬口,延岡市,コミュニティバス「瀬口線」
温水プール,高千穂町,"岩戸線, 日出線, 押方線, 南平団地線, 芝原線, 三原尾野線, 山附線, 向山線, 平和町線, 浅ヶ部線, 椎屋谷線, 河内線, 田原線, 広木野線"
葛原,高千穂町,"河内線, 田原線, 広木野線"
国見ヶ丘,高千穂町,押方線
足久,延岡市,コミュニティバス「瀬口線」
竹浦,高千穂町,押方線
深崎,延岡市,コミュニティバス「上赤線」
替崎,延岡市,コミュニティバス「上赤線」
本深瀬,延岡市,"コミュニティバス「下塚線」, コミュニティバス「瀬口線」"
尾谷東,高千穂町,"岩戸線, 日向線"
馬背野,高千穂町,日出線
尾迫原,宮崎交通（株）,"高千穂バスセンター〜青雲橋〜延岡駅, 高千穂バスセンター〜日之影駅〜延岡駅, 高千穂バスセンター〜日之影町立病院・青雲橋〜延岡駅, 高千穂バスセンター〜日之影町立病院・日之影駅〜延岡駅"
尾迫原,高千穂町,"岩戸線, 日向線, 日出線, 押方線, 南平団地線, 芝原線, 三原尾野線, 山附線, 向山線, 平和町線, 浅ヶ部線, 椎屋谷線, 河内線, 田原線, 広木野線"
町立病院,高千穂町,"岩戸線, 日向線, 日出線, 押方線, 南平団地線, 芝原線, 三原尾野線, 山附線, 向山線, 平和町線, 浅ヶ部線, 椎屋谷線, 河内線, 田原線, 広木野線"
尾谷,高千穂町,"岩戸線, 日向線"
一本木,宮崎交通（株）,"高千穂バスセンター〜青雲橋〜延岡駅, 高千穂バスセンター〜日之影駅〜延岡駅, 高千穂バスセンター〜日之影町立病院・青雲橋〜延岡駅, 高千穂バスセンター〜日之影町立病院・日之影駅〜延岡駅"
一本木,高千穂町,"岩戸線, 日向線, 日出線, 押方線, 南平団地線, 芝原線, 三原尾野線, 山附線, 向山線, 平和町線, 浅ヶ部線, 椎屋谷線, 河内線, 田原線, 広木野線"
総合公園前,高千穂町,"河内線, 田原線, 広木野線"
高千穂駅,宮崎交通（株）,"高千穂バスセンター〜青雲橋〜延岡駅, 高千穂バスセンター〜日之影駅〜延岡駅, 高千穂バスセンター〜日之影町立病院・青雲橋〜延岡駅, 高千穂バスセンター〜日之影町立病院・日之影駅〜延岡駅"
高千穂駅,高千穂町,"岩戸線, 日向線, 日出線, 押方線, 南平団地線, 芝原線, 三原尾野線, 山附線, 向山線, 平和町線, 浅ヶ部線, 椎屋谷線, 河内線, 田原線, 広木野線"
川登,高千穂町,"岩戸線, 日向線"
惣下,延岡市,コミュニティバス「上赤線」
下押方公民館,高千穂町,"押方線, 南平団地線"
中の内,延岡市,"乗合タクシー「古江〜三川内〜下塚線」, 乗合タクシー「古江〜三川内〜梅木大井市尾内線」, 乗合タクシー「古江〜三川内線」"
高千穂町役場,高千穂町,"岩戸線, 日向線, 日出線, 押方線, 南平団地線, 芝原線, 三原尾野線, 山附線, 向山線, 平和町線, 浅ヶ部線, 椎屋谷線, 河内線, 田原線, 広木野線"
野方野,高千穂町,日出線
栃又,高千穂町,"岩戸線, 日向線"
国見ヶ丘病院,高千穂町,"押方線, 南平団地線"
城山通り,高千穂町,"河内線, 田原線, 広木野線"
神代川,高千穂町,"岩戸線, 日向線"
上押方,高千穂町,"押方線, 南平団地線"
薑谷,高千穂町,芝原線
片内,高千穂町,芝原線
宮交バスセンター,高千穂町,"岩戸線, 日向線, 日出線, 押方線, 南平団地線, 芝原線, 三原尾野線, 山附線, 向山線, 平和町線, 浅ヶ部線, 椎屋谷線, 河内線, 田原線, 広木野線"
北浦町総合支所,延岡市,"乗合タクシー「古江〜三川内〜下塚線」, 乗合タクシー「古江〜三川内〜梅木大井市尾内線」, 乗合タクシー「古江〜三川内線」"
高千穂バスセンター,宮崎交通（株）,"高千穂バスセンター〜青雲橋〜延岡駅, 高千穂バスセンター〜日之影駅〜延岡駅, 高千穂バスセンター〜日之影町立病院・青雲橋〜延岡駅, 高千穂バスセンター〜日之影町立病院・日之影駅〜延岡駅, 高千穂バスセンター〜五ヶ瀬町立病院, 宮交シティ〜東九州道〜高千穂バスセンター・高千穂大橋, 高千穂大橋・高千穂バスセンター〜東九州道〜宮崎空港・宮崎駅"
北浦総合支所前,宮崎交通（株）,古江〜直海
押方,宮崎交通（株）,高千穂バスセンター〜五ヶ瀬町立病院
長崎,高千穂町,"岩戸線, 日向線"
下押方,宮崎交通（株）,高千穂バスセンター〜五ヶ瀬町立病院
下押方,高千穂町,"押方線, 南平団地線"
尾の上,高千穂町,日出線
六条,延岡市,コミュニティバス「瀬口線」
がまだせ市場,高千穂町,"押方線, 南平団地線, 芝原線, 三原尾野線, 山附線, 向山線, 平和町線, 椎屋谷線"
南平団地,高千穂町,"押方線, 南平団地線, 芝原線, 三原尾野線, 山附線"
神殿,宮崎交通（株）,高千穂バスセンター〜五ヶ瀬町立病院
神殿,高千穂町,"岩戸線, 押方線, 南平団地線, 芝原線, 三原尾野線, 山附線, 向山線, 平和町線, 椎屋谷線"
浜中,宮崎交通（株）,古江〜直海
浜中,延岡市,"乗合タクシー「古江〜三川内〜下塚線」, 乗合タクシー「古江〜三川内〜梅木大井市尾内線」, 乗合タクシー「古江〜三川内線」"
中の原,宮崎交通（株）,高千穂バスセンター〜五ヶ瀬町立病院
中の原,高千穂町,"南平団地線, 芝原線, 三原尾野線, 山附線"
竹の下,高千穂町,芝原線
薑谷,宮崎交通（株）,高千穂バスセンター〜五ヶ瀬町立病院
細見（北川町）,延岡市,コミュニティバス「瀬口線」
高千穂大橋,宮崎交通（株）,"高千穂バスセンター〜五ヶ瀬町立病院, 宮交シティ〜東九州道〜高千穂バスセンター・高千穂大橋, 高千穂大橋・高千穂バスセンター〜東九州道〜宮崎空港・宮崎駅"
高橋医院,延岡市,"乗合タクシー「古江〜三川内〜下塚線」, 乗合タクシー「古江〜三川内〜梅木大井市尾内線」, 乗合タクシー「古江〜三川内線」"
市振公民館,宮崎交通（株）,"南延岡〜浦城港〜宮野浦, 南延岡〜バイパス〜宮野浦"
本村,宮崎交通（株）,"南延岡〜浦城港〜宮野浦, 南延岡〜バイパス〜宮野浦"
高千穂神社前,宮崎交通（株）,"高千穂バスセンター〜五ヶ瀬町立病院, 宮交シティ〜東九州道〜高千穂バスセンター・高千穂大橋, 高千穂大橋・高千穂バスセンター〜東九州道〜宮崎空港・宮崎駅"
高千穂神社前,高千穂町,"平和町線, 椎屋谷線"
保健福祉センター,延岡市,"乗合タクシー「古江〜三川内〜下塚線」, 乗合タクシー「古江〜三川内〜梅木大井市尾内線」, 乗合タクシー「古江〜三川内線」"
二上神社入口,宮崎交通（株）,高千穂バスセンター〜五ヶ瀬町立病院
戸の鼻,高千穂町,日出線
三原尾野橋,高千穂町,"三原尾野線, 山附線"
上鹿川今村橋,延岡市,乗合タクシー「鹿川線」
ホテル高千穂前,宮崎交通（株）,"高千穂バスセンター〜五ヶ瀬町立病院, 宮交シティ〜東九州道〜高千穂バスセンター・高千穂大橋, 高千穂大橋・高千穂バスセンター〜東九州道〜宮崎空港・宮崎駅"
古江,宮崎交通（株）,"古江〜直海, 南延岡〜浦城港〜宮野浦, 南延岡〜バイパス〜宮野浦"
古江,延岡市,"乗合タクシー「古江〜三川内〜下塚線」, 乗合タクシー「古江〜三川内〜梅木大井市尾内線」, 乗合タクシー「古江〜三川内線」"
大平,高千穂町,日出線
市振橋,宮崎交通（株）,"南延岡〜浦城港〜宮野浦, 南延岡〜バイパス〜宮野浦"
芝原東,高千穂町,芝原線
上原,高千穂町,日出線
屋形原,延岡市,コミュニティバス「上赤線」
寺迫,高千穂町,向山線
平和町,高千穂町,平和町線
仲の谷,高千穂町,日出線
伊良原,延岡市,コミュニティバス「下塚線」
日頭原上,高千穂町,"平和町線, 椎屋谷線"
芝原東,宮崎交通（株）,高千穂バスセンター〜五ヶ瀬町立病院
住宅前,宮崎交通（株）,"南延岡〜浦城港〜宮野浦, 南延岡〜バイパス〜宮野浦"
上鹿川小学校,延岡市,乗合タクシー「鹿川線」
花の群,高千穂町,芝原線
三原尾野,高千穂町,三原尾野線
田口野団地,高千穂町,平和町線
東松の原団地,高千穂町,平和町線
芝原西,宮崎交通（株）,高千穂バスセンター〜五ヶ瀬町立病院
高千穂中学校,高千穂町,"向山線, 平和町線, 椎屋谷線"
竹の迫,高千穂町,椎屋谷線
殿ヶ原,宮崎交通（株）,"南延岡〜浦城港〜宮野浦, 南延岡〜バイパス〜宮野浦"
舞見田,延岡市,コミュニティバス「瀬口線」
末市,宮崎交通（株）,"高千穂バスセンター〜青雲橋〜延岡駅, 高千穂バスセンター〜日之影駅〜延岡駅, 高千穂バスセンター〜日之影町立病院・青雲橋〜延岡駅, 高千穂バスセンター〜日之影町立病院・日之影駅〜延岡駅"
稗之上,高千穂町,椎屋谷線
大師入口,宮崎交通（株）,"南延岡〜浦城港〜宮野浦, 南延岡〜バイパス〜宮野浦"
白石,延岡市,コミュニティバス「上赤線」
仲山,高千穂町,椎屋谷線
跡取川,宮崎交通（株）,高千穂バスセンター〜五ヶ瀬町立病院
跡取川,高千穂町,芝原線
義雲寺橋,高千穂町,"向山線, 椎屋谷線"
宮野浦,宮崎交通（株）,"南延岡〜浦城港〜宮野浦, 南延岡〜バイパス〜宮野浦"
椎屋谷,高千穂町,椎屋谷線
楠木原,延岡市,コミュニティバス「瀬口線」
教願寺,高千穂町,椎屋谷線
越次,宮崎交通（株）,高千穂バスセンター〜五ヶ瀬町立病院
徳別当,高千穂町,山附線
椎谷,宮崎交通（株）,"高千穂バスセンター〜青雲橋〜延岡駅, 高千穂バスセンター〜日之影駅〜延岡駅, 高千穂バスセンター〜日之影町立病院・青雲橋〜延岡駅, 高千穂バスセンター〜日之影町立病院・日之影駅〜延岡駅"
八重所,宮崎交通（株）,高千穂バスセンター〜五ヶ瀬町立病院
大地ヶ谷,高千穂町,山附線
東椎谷,宮崎交通（株）,"高千穂バスセンター〜青雲橋〜延岡駅, 高千穂バスセンター〜日之影駅〜延岡駅, 高千穂バスセンター〜日之影町立病院・青雲橋〜延岡駅, 高千穂バスセンター〜日之影町立病院・日之影駅〜延岡駅"
奥畑,宮崎交通（株）,高千穂バスセンター〜五ヶ瀬町立病院
奥畑,高千穂町,芝原線
北川町総合支所,延岡市,"コミュニティバス「上赤線」, コミュニティバス「下塚線」, コミュニティバス「瀬口線」, コミュニティバス「家田線」"
熊田,宮崎交通（株）,延岡駅〜熊田
阿蘇,宮崎交通（株）,"南延岡〜浦城港〜宮野浦, 南延岡〜バイパス〜宮野浦"
小谷内,高千穂町,三原尾野線
東深角,宮崎交通（株）,"高千穂バスセンター〜青雲橋〜延岡駅, 高千穂バスセンター〜日之影駅〜延岡駅, 高千穂バスセンター〜日之影町立病院・青雲橋〜延岡駅, 高千穂バスセンター〜日之影町立病院・日之影駅〜延岡駅"
曽立,宮崎交通（株）,延岡駅〜熊田
曽立,延岡市,"コミュニティバス「上赤線」, コミュニティバス「下塚線」, コミュニティバス「瀬口線」, コミュニティバス「家田線」"
上室野,宮崎交通（株）,高千穂バスセンター〜五ヶ瀬町立病院
西深角,宮崎交通（株）,"高千穂バスセンター〜青雲橋〜延岡駅, 高千穂バスセンター〜日之影駅〜延岡駅, 高千穂バスセンター〜日之影町立病院・青雲橋〜延岡駅, 高千穂バスセンター〜日之影町立病院・日之影駅〜延岡駅"
北川診療所,延岡市,"コミュニティバス「上赤線」, コミュニティバス「下塚線」, コミュニティバス「瀬口線」, コミュニティバス「家田線」"
丸小野,高千穂町,向山線
下阿蘇,宮崎交通（株）,"南延岡〜浦城港〜宮野浦, 南延岡〜バイパス〜宮野浦"
高巣野,宮崎交通（株）,"高千穂バスセンター〜青雲橋〜延岡駅, 高千穂バスセンター〜日之影駅〜延岡駅, 高千穂バスセンター〜日之影町立病院・青雲橋〜延岡駅, 高千穂バスセンター〜日之影町立病院・日之影駅〜延岡駅"
室野,宮崎交通（株）,高千穂バスセンター〜五ヶ瀬町立病院
五ヶ瀬町立病院前,宮崎交通（株）,高千穂バスセンター〜五ヶ瀬町立病院
熊野江神社前,宮崎交通（株）,"南延岡〜浦城港〜宮野浦, 南延岡〜バイパス〜宮野浦"
赤谷,宮崎交通（株）,高千穂バスセンター〜五ヶ瀬町立病院
石原,高千穂町,向山線
埋立,宮崎交通（株）,高千穂バスセンター〜五ヶ瀬町立病院
笹首,宮崎交通（株）,延岡駅〜熊田
木場,宮崎交通（株）,"南延岡〜浦城港〜宮野浦, 南延岡〜バイパス〜宮野浦"
車屋橋,宮崎交通（株）,高千穂バスセンター〜五ヶ瀬町立病院
山の手,延岡市,コミュニティバス「家田線」
給食センター前,宮崎交通（株）,"南延岡〜浦城港〜宮野浦, 南延岡〜バイパス〜宮野浦"
水ヶ崎,高千穂町,向山線
支所前,宮崎交通（株）,"南延岡〜浦城港〜宮野浦, 南延岡〜バイパス〜宮野浦"
平底バイパス,宮崎交通（株）,"高千穂バスセンター〜青雲橋〜延岡駅, 高千穂バスセンター〜日之影駅〜延岡駅, 高千穂バスセンター〜日之影町立病院・青雲橋〜延岡駅, 高千穂バスセンター〜日之影町立病院・日之影駅〜延岡駅"
鳥居前,延岡市,コミュニティバス「家田線」
日の谷,宮崎交通（株）,延岡駅〜熊田
松内,延岡市,コミュニティバス「家田線」
川坂集会所,延岡市,コミュニティバス「家田線」
波瀬,宮崎交通（株）,"高千穂バスセンター〜青雲橋〜延岡駅, 高千穂バスセンター〜日之影駅〜延岡駅, 高千穂バスセンター〜日之影町立病院・青雲橋〜延岡駅, 高千穂バスセンター〜日之影町立病院・日之影駅〜延岡駅"
竹瀬,宮崎交通（株）,延岡駅〜熊田
黒仁田東,高千穂町,向山線
下鹿川小学校,延岡市,乗合タクシー「鹿川線」
黒仁田,高千穂町,向山線
日なた,延岡市,コミュニティバス「家田線」
袴谷,宮崎交通（株）,"高千穂バスセンター〜青雲橋〜延岡駅, 高千穂バスセンター〜日之影駅〜延岡駅, 高千穂バスセンター〜日之影町立病院・青雲橋〜延岡駅, 高千穂バスセンター〜日之影町立病院・日之影駅〜延岡駅"
坂本,宮崎交通（株）,延岡駅〜熊田
猪之内,延岡市,乗合タクシー「片内・菅原線」
陰,延岡市,コミュニティバス「家田線」
向山南小学校,高千穂町,向山線
家田集会所,延岡市,コミュニティバス「家田線」
須美江小学校入口,宮崎交通（株）,"南延岡〜浦城港〜宮野浦, 南延岡〜バイパス〜宮野浦"
道の駅北川はゆま,延岡市,"コミュニティバス「上赤線」, コミュニティバス「下塚線」, コミュニティバス「瀬口線」, コミュニティバス「家田線」"
須美江,宮崎交通（株）,"南延岡〜浦城港〜宮野浦, 南延岡〜バイパス〜宮野浦"
長井大橋,宮崎交通（株）,延岡駅〜熊田
宮水,宮崎交通（株）,"高千穂バスセンター〜青雲橋〜延岡駅, 高千穂バスセンター〜日之影駅〜延岡駅, 高千穂バスセンター〜日之影町立病院・青雲橋〜延岡駅, 高千穂バスセンター〜日之影町立病院・日之影駅〜延岡駅"
藤迫,延岡市,コミュニティバス「家田線」
長井,宮崎交通（株）,延岡駅〜熊田
山下,宮崎交通（株）,延岡駅〜熊田
秋元,高千穂町,向山線
本村,宮崎交通（株）,延岡駅〜熊田
ビーチの森すみえ,宮崎交通（株）,"南延岡〜浦城港〜宮野浦, 南延岡〜バイパス〜宮野浦"
上迫,宮崎交通（株）,延岡駅〜熊田
青雲橋,宮崎交通（株）,"高千穂バスセンター〜青雲橋〜延岡駅, 高千穂バスセンター〜日之影町立病院・青雲橋〜延岡駅"
尾峰,高千穂町,向山線
須美江海岸,宮崎交通（株）,"南延岡〜浦城港〜宮野浦, 南延岡〜バイパス〜宮野浦"
片内,延岡市,乗合タクシー「片内・菅原線」
大保下,延岡市,乗合タクシー「大保下線」
日之影町立病院,宮崎交通（株）,"高千穂バスセンター〜日之影町立病院・青雲橋〜延岡駅, 高千穂バスセンター〜日之影町立病院・日之影駅〜延岡駅"
可愛,宮崎交通（株）,延岡駅〜熊田
長谷橋,延岡市,コミュニティバス「家田線」
大人集落入口,宮崎交通（株）,"高千穂バスセンター〜日之影駅〜延岡駅, 高千穂バスセンター〜日之影町立病院・日之影駅〜延岡駅"
岩井川橋,宮崎交通（株）,"高千穂バスセンター〜日之影駅〜延岡駅, 高千穂バスセンター〜日之影町立病院・日之影駅〜延岡駅"
日の影,宮崎交通（株）,"高千穂バスセンター〜日之影駅〜延岡駅, 高千穂バスセンター〜日之影町立病院・日之影駅〜延岡駅"
狩底,高千穂町,向山線
日之影農協前,宮崎交通（株）,"高千穂バスセンター〜日之影駅〜延岡駅, 高千穂バスセンター〜日之影町立病院・日之影駅〜延岡駅"
水の口,高千穂町,向山線
崎の原,宮崎交通（株）,"高千穂バスセンター〜日之影駅〜延岡駅, 高千穂バスセンター〜日之影町立病院・日之影駅〜延岡駅"
石上,延岡市,乗合タクシー「大保下線」
六首,宮崎交通（株）,延岡駅〜延岡共立病院・鹿狩瀬・桑平〜祝子川温泉
俵野,宮崎交通（株）,延岡駅〜熊田
二股橋,延岡市,乗合タクシー「二股線」
日の影駅前,宮崎交通（株）,"高千穂バスセンター〜日之影駅〜延岡駅, 高千穂バスセンター〜日之影町立病院・日之影駅〜延岡駅"
上顔,宮崎交通（株）,"高千穂バスセンター〜青雲橋〜延岡駅, 高千穂バスセンター〜日之影町立病院・青雲橋〜延岡駅"
西浦城,宮崎交通（株）,"南延岡〜浦城港〜宮野浦, 南延岡〜バイパス〜宮野浦"
浦城中,宮崎交通（株）,南延岡〜浦城港〜宮野浦
宮長,宮崎交通（株）,延岡駅〜延岡共立病院・鹿狩瀬・桑平〜祝子川温泉
浦城港,宮崎交通（株）,南延岡〜浦城港〜宮野浦
真珠養殖場,宮崎交通（株）,南延岡〜浦城港〜宮野浦
浦城天神,宮崎交通（株）,南延岡〜浦城港〜宮野浦
三足,宮崎交通（株）,延岡駅〜熊田
折川内,宮崎交通（株）,"南延岡〜浦城港〜宮野浦, 南延岡〜バイパス〜宮野浦"
漁協前,宮崎交通（株）,南延岡〜浦城港〜宮野浦
日の影発電所,宮崎交通（株）,"高千穂バスセンター〜日之影駅〜延岡駅, 高千穂バスセンター〜日之影町立病院・日之影駅〜延岡駅"
下顔,宮崎交通（株）,"高千穂バスセンター〜青雲橋〜延岡駅, 高千穂バスセンター〜日之影町立病院・青雲橋〜延岡駅"
須佐営農集会所,延岡市,乗合タクシー「須佐〜大武線」
上中尾公民館,延岡市,乗合タクシー「上中尾線」
二股桑水流集会所,延岡市,乗合タクシー「二股線」
消防車庫前（須佐町）,延岡市,乗合タクシー「須佐〜大武線」
桑平,宮崎交通（株）,延岡駅〜延岡共立病院・鹿狩瀬・桑平〜祝子川温泉
菅原公民館下,延岡市,乗合タクシー「片内・菅原線」
差木野,宮崎交通（株）,"延岡駅〜差木野, 延岡駅〜熊田"
美々地神社前,延岡市,乗合タクシー「美々地線」
鹿小路,延岡市,乗合タクシー「須佐〜大武線」
妙,宮崎交通（株）,延岡駅〜延岡共立病院・鹿狩瀬・桑平〜祝子川温泉
頼木橋,延岡市,乗合タクシー「大保下線」
美々地公民館下,延岡市,乗合タクシー「美々地線」
美々地小学校下,延岡市,乗合タクシー「美々地線」
美々地桶子,延岡市,乗合タクシー「美々地線」
大中尾公民館,延岡市,乗合タクシー「大保下線」
学校下,宮崎交通（株）,延岡駅〜延岡共立病院・鹿狩瀬・桑平〜祝子川温泉
槇峰郵便局,延岡市,"乗合タクシー「美々地線」, 乗合タクシー「鹿川線」, 乗合タクシー「片内・菅原線」"
舟の尾,宮崎交通（株）,"高千穂バスセンター〜青雲橋〜延岡駅, 高千穂バスセンター〜日之影町立病院・青雲橋〜延岡駅"
新町入口,宮崎交通（株）,"高千穂バスセンター〜青雲橋〜延岡駅, 高千穂バスセンター〜日之影町立病院・青雲橋〜延岡駅"
赤土,宮崎交通（株）,"延岡駅〜差木野, 延岡駅〜熊田"
吾味,宮崎交通（株）,"高千穂バスセンター〜日之影駅〜延岡駅, 高千穂バスセンター〜日之影町立病院・日之影駅〜延岡駅"
岩屋ケ平公民館,延岡市,乗合タクシー「上中尾線」
大野,宮崎交通（株）,延岡駅〜延岡共立病院・鹿狩瀬・桑平〜祝子川温泉
三ヶ村公民館,延岡市,乗合タクシー「三ヶ村線」
八戸,宮崎交通（株）,"高千穂バスセンター〜日之影駅〜延岡駅, 高千穂バスセンター〜日之影町立病院・日之影駅〜延岡駅"
椛木,宮崎交通（株）,"高千穂バスセンター〜青雲橋〜延岡駅, 高千穂バスセンター〜日之影町立病院・青雲橋〜延岡駅"
江良,宮崎交通（株）,"東海〜川島小〜南一ヶ岡, 南一ヶ岡〜鶴ヶ丘・川島小〜東海, 川口〜川島小・大門〜南延岡, 川口〜川島小〜南延岡"
八戸診療所前,宮崎交通（株）,"高千穂バスセンター〜日之影駅〜延岡駅, 高千穂バスセンター〜日之影町立病院・日之影駅〜延岡駅"
上川島,宮崎交通（株）,"東海〜川島小〜南一ヶ岡, 南一ヶ岡〜鶴ヶ丘・川島小〜東海, 川口〜川島小・大門〜南延岡, 川口〜川島小〜南延岡"
川島小前,宮崎交通（株）,"東海〜川島小〜南一ヶ岡, 南一ヶ岡〜鶴ヶ丘・川島小〜東海, 川口〜川島小・大門〜南延岡, 川口〜川島小〜南延岡"
柏原,延岡市,乗合タクシー「二股線」
石内医院前,宮崎交通（株）,"東海〜川島小〜南一ヶ岡, 南一ヶ岡〜鶴ヶ丘・川島小〜東海, 川口〜川島小・大門〜南延岡, 川口〜川島小〜南延岡"
星山,宮崎交通（株）,"高千穂バスセンター〜日之影駅〜延岡駅, 高千穂バスセンター〜日之影町立病院・日之影駅〜延岡駅"
桜ヶ丘,宮崎交通（株）,"桜ヶ丘〜ベンベルグ〜雷管, 雷管〜イオン延岡・千代ヶ丘〜桜ヶ丘, 雷管〜緑ヶ丘・イオン延岡〜桜ヶ丘"
行縢山登山口,宮崎交通（株）,延岡駅〜行縢山登山口
小中尾,延岡市,乗合タクシー「上中尾線」
那智入口,宮崎交通（株）,"南延岡〜浦城港〜宮野浦, 南延岡〜バイパス〜宮野浦, 東海〜和田越〜南一ヶ岡"
那智入口,延岡市,乗合タクシー「安井・神戸〜レーヨン線」
梁崎,宮崎交通（株）,"高千穂バスセンター〜青雲橋〜延岡駅, 高千穂バスセンター〜日之影町立病院・青雲橋〜延岡駅"
川島幼稚園入口,宮崎交通（株）,"東海〜川島小〜南一ヶ岡, 南一ヶ岡〜鶴ヶ丘・川島小〜東海, 川口〜川島小・大門〜南延岡, 川口〜川島小〜南延岡"
鹿狩瀬,宮崎交通（株）,延岡駅〜延岡共立病院・鹿狩瀬・桑平〜祝子川温泉
商業高校前,宮崎交通（株）,"桜ヶ丘〜ベンベルグ〜雷管, 雷管〜イオン延岡・千代ヶ丘〜桜ヶ丘, 雷管〜緑ヶ丘・イオン延岡〜桜ヶ丘"
三椪小学校下,延岡市,乗合タクシー「二股線」
渡場,宮崎交通（株）,"東海〜川島小〜南一ヶ岡, 東海〜和田越〜南一ヶ岡, 南一ヶ岡〜鶴ヶ丘・川島小〜東海, 川口〜川島小・大門〜南延岡, 川口〜川島小〜南延岡"
川島,宮崎交通（株）,"南延岡〜浦城港〜宮野浦, 南延岡〜バイパス〜宮野浦, 東海〜和田越〜南一ヶ岡"
田平,宮崎交通（株）,"東海〜川島小〜南一ヶ岡, 東海〜和田越〜南一ヶ岡, 南一ヶ岡〜鶴ヶ丘・川島小〜東海, 川口〜川島小・大門〜南延岡, 川口〜川島小〜南延岡"
東海,宮崎交通（株）,"東海〜川島小〜南一ヶ岡, 東海〜和田越〜南一ヶ岡, 南一ヶ岡〜鶴ヶ丘・川島小〜東海, 川口〜川島小・大門〜南延岡, 川口〜川島小〜南延岡"
日平,延岡市,乗合タクシー「美々地線」
安井小跡,延岡市,乗合タクシー「安井・神戸〜レーヨン線」
佐野,宮崎交通（株）,延岡駅〜延岡共立病院・鹿狩瀬・桑平〜祝子川温泉
唐立,延岡市,乗合タクシー「二股線」
工内,宮崎交通（株）,延岡駅〜延岡共立病院・鹿狩瀬・桑平〜祝子川温泉
桜ヶ丘入口,宮崎交通（株）,"桜ヶ丘〜ベンベルグ〜雷管, 雷管〜イオン延岡・千代ヶ丘〜桜ヶ丘, 雷管〜緑ヶ丘・イオン延岡〜桜ヶ丘"
無鹿,宮崎交通（株）,"南延岡〜浦城港〜宮野浦, 南延岡〜バイパス〜宮野浦, 東海〜川島小〜南一ヶ岡, 東海〜和田越〜南一ヶ岡, 南一ヶ岡〜鶴ヶ丘・川島小〜東海, 川口〜川島小・大門〜南延岡, 川口〜川島小〜南延岡"
漁村センター前,延岡市,乗合タクシー「安井・神戸〜レーヨン線」
荒浦,延岡市,乗合タクシー「安井・神戸〜レーヨン線」
水尻,宮崎交通（株）,"川口〜川島小・大門〜南延岡, 川口〜川島小〜南延岡"
槙峰,宮崎交通（株）,"高千穂バスセンター〜日之影駅〜延岡駅, 高千穂バスセンター〜日之影町立病院・日之影駅〜延岡駅"
和田越,宮崎交通（株）,"南延岡〜浦城港〜宮野浦, 南延岡〜バイパス〜宮野浦, 延岡駅〜差木野, 延岡駅〜熊田, 東海〜川島小〜南一ヶ岡, 東海〜和田越〜南一ヶ岡, 南一ヶ岡〜鶴ヶ丘・川島小〜東海, 川口〜川島小〜南延岡"
無鹿,延岡市,乗合タクシー「須佐〜大武線」
無鹿団地入口,延岡市,乗合タクシー「須佐〜大武線」
恋島公民館,延岡市,乗合タクシー「須佐〜大武線」
桜ヶ丘局前,宮崎交通（株）,雷管〜イオン延岡・千代ヶ丘〜桜ヶ丘
夏田団地,宮崎交通（株）,"桜ヶ丘〜ベンベルグ〜雷管, 雷管〜イオン延岡・千代ヶ丘〜桜ヶ丘, 雷管〜緑ヶ丘・イオン延岡〜桜ヶ丘"
椎畑,宮崎交通（株）,"高千穂バスセンター〜青雲橋〜延岡駅, 高千穂バスセンター〜日之影町立病院・青雲橋〜延岡駅"
尾崎,宮崎交通（株）,"桜ヶ丘〜ベンベルグ〜雷管, 雷管〜緑ヶ丘・イオン延岡〜桜ヶ丘"
クラブ前,宮崎交通（株）,"川口〜川島小・大門〜南延岡, 川口〜川島小〜南延岡"
滝下公民館,延岡市,乗合タクシー「片内・菅原線」
稲葉崎,宮崎交通（株）,"南延岡〜浦城港〜宮野浦, 南延岡〜バイパス〜宮野浦, 延岡駅〜差木野, 延岡駅〜熊田, 東海〜川島小〜南一ヶ岡, 東海〜和田越〜南一ヶ岡, 南一ヶ岡〜鶴ヶ丘・川島小〜東海, 川口〜川島小〜南延岡"
滝下,宮崎交通（株）,"高千穂バスセンター〜日之影駅〜延岡駅, 高千穂バスセンター〜日之影町立病院・日之影駅〜延岡駅"
坂宮団地,宮崎交通（株）,延岡駅〜延岡共立病院・鹿狩瀬・桑平〜祝子川温泉
坂宮,宮崎交通（株）,延岡駅〜延岡共立病院・鹿狩瀬・桑平〜祝子川温泉
上行縢山,宮崎交通（株）,延岡駅〜行縢山登山口
夏田,宮崎交通（株）,"桜ヶ丘〜ベンベルグ〜雷管, 雷管〜緑ヶ丘・イオン延岡〜桜ヶ丘"
千代ヶ丘,宮崎交通（株）,雷管〜イオン延岡・千代ヶ丘〜桜ヶ丘
八峡,宮崎交通（株）,"高千穂バスセンター〜日之影駅〜延岡駅, 高千穂バスセンター〜日之影町立病院・日之影駅〜延岡駅"
八峡橋,延岡市,乗合タクシー「三ヶ村線」
稲葉崎1丁目,宮崎交通（株）,"南延岡〜浦城港〜宮野浦, 南延岡〜バイパス〜宮野浦, 延岡駅〜差木野, 延岡駅〜熊田, 東海〜川島小〜南一ヶ岡, 東海〜和田越〜南一ヶ岡, 南一ヶ岡〜鶴ヶ丘・川島小〜東海, 川口〜川島小〜南延岡"
尾払入口,延岡市,乗合タクシー「三ヶ村線」
防災倉庫前,延岡市,乗合タクシー「安井・神戸〜レーヨン線」
城,宮崎交通（株）,"高千穂バスセンター〜日之影駅〜延岡駅, 高千穂バスセンター〜日之影町立病院・日之影駅〜延岡駅"
寺島公民館,延岡市,乗合タクシー「須佐〜大武線」
行縢山,宮崎交通（株）,延岡駅〜行縢山登山口
無鹿バイパス入口,宮崎交通（株）,川口〜川島小・大門〜南延岡
黒仁田,延岡市,乗合タクシー「小川〜平田線」
千代ヶ丘入口,宮崎交通（株）,雷管〜イオン延岡・千代ヶ丘〜桜ヶ丘
祝子,宮崎交通（株）,"桜ヶ丘〜ベンベルグ〜雷管, 雷管〜緑ヶ丘・イオン延岡〜桜ヶ丘"
宇和田,宮崎交通（株）,延岡駅〜延岡共立病院・鹿狩瀬・桑平〜祝子川温泉
営農集会所,延岡市,乗合タクシー「小川〜平田線」
久保,延岡市,乗合タクシー「猿渡線」
樫山,宮崎交通（株）,雷管〜イオン延岡・千代ヶ丘〜桜ヶ丘
樫山町2丁目,宮崎交通（株）,"南延岡〜浦城港〜宮野浦, 南延岡〜バイパス〜宮野浦, 延岡駅〜差木野, 延岡駅〜熊田, 東海〜川島小〜南一ヶ岡, 東海〜和田越〜南一ヶ岡, 南一ヶ岡〜鶴ヶ丘・川島小〜東海, 川口〜川島小〜南延岡"
大門,宮崎交通（株）,"延岡駅〜大武町（延岡営業所）, 川口〜川島小・大門〜南延岡"
大門,延岡市,乗合タクシー「安井・神戸〜レーヨン線」
大崎整形外科前,延岡市,乗合タクシー「須佐〜大武線」
神戸町,延岡市,乗合タクシー「安井・神戸〜レーヨン線」
柚木,宮崎交通（株）,延岡駅〜延岡共立病院・鹿狩瀬・桑平〜祝子川温泉
小山橋,宮崎交通（株）,"延岡駅〜延岡共立病院・鹿狩瀬・桑平〜祝子川温泉, 桜ヶ丘〜ベンベルグ〜雷管, 雷管〜緑ヶ丘・イオン延岡〜桜ヶ丘"
打扇,宮崎交通（株）,"高千穂バスセンター〜青雲橋〜延岡駅, 高千穂バスセンター〜日之影町立病院・青雲橋〜延岡駅"
奥東海,宮崎交通（株）,"川口〜川島小・大門〜南延岡, 川口〜川島小〜南延岡"
延岡信用金庫前,延岡市,乗合タクシー「須佐〜大武線」
柚の木田公民館前,宮崎交通（株）,延岡駅〜大武町（延岡営業所）
柚の木田公民館,延岡市,乗合タクシー「須佐〜大武線」
柚の木田町,宮崎交通（株）,延岡駅〜大武町（延岡営業所）
山月町4丁目,宮崎交通（株）,"延岡駅〜延岡共立病院・鹿狩瀬・桑平〜祝子川温泉, 桜ヶ丘〜ベンベルグ〜雷管, 雷管〜緑ヶ丘・イオン延岡〜桜ヶ丘"
早中営農研修館下,延岡市,乗合タクシー「猿渡線」
亀ヶ崎,延岡市,乗合タクシー「猿渡線」
富美山町,宮崎交通（株）,延岡駅〜延岡共立病院・鹿狩瀬・桑平〜祝子川温泉
橋ヶ原,宮崎交通（株）,延岡駅〜行縢山登山口
甲斐商店前,延岡市,乗合タクシー「二股線」
延岡共立病院,宮崎交通（株）,"延岡駅〜延岡共立病院・鹿狩瀬・桑平〜祝子川温泉, 南一ヶ岡〜南延岡・レーヨン〜延岡共立病院, 南一ヶ岡〜鶴ヶ丘団地・延岡駅〜延岡共立病院, 片田回転場〜イオン〜延岡共立病院"
東中川原,宮崎交通（株）,"南延岡〜浦城港〜宮野浦, 南延岡〜バイパス〜宮野浦, 延岡駅〜差木野, 延岡駅〜熊田, 東海〜川島小〜南一ヶ岡, 東海〜和田越〜南一ヶ岡, 南一ヶ岡〜鶴ヶ丘・川島小〜東海, 延岡駅〜大武町（延岡営業所）, 川口〜川島小・大門〜南延岡, 川口〜川島小〜南延岡, 雷管〜イオン延岡・千代ヶ丘〜桜ヶ丘"
星雲高校前,宮崎交通（株）,延岡駅〜大武町（延岡営業所）
星雲高校前,延岡市,乗合タクシー「須佐〜大武線」
大武タウン前,延岡市,乗合タクシー「須佐〜大武線」
資源倉庫前,延岡市,乗合タクシー「須佐〜大武線」
北団地前,宮崎交通（株）,"南一ヶ岡〜南延岡・レーヨン〜延岡共立病院, 南一ヶ岡〜鶴ヶ丘団地・延岡駅〜延岡共立病院, 片田回転場〜イオン〜延岡共立病院, 片田団地〜イオン延岡〜イオン多々良, 片田回転場〜南延岡・イオン延岡〜今山ニュータウン"
富美山隧道前,宮崎交通（株）,"南一ヶ岡〜南延岡・レーヨン〜延岡共立病院, 南一ヶ岡〜鶴ヶ丘団地・延岡駅〜延岡共立病院, 片田回転場〜イオン〜延岡共立病院, 片田団地〜イオン延岡〜イオン多々良, 片田回転場〜南延岡・イオン延岡〜今山ニュータウン"
山月町3丁目,宮崎交通（株）,"延岡駅〜延岡共立病院・鹿狩瀬・桑平〜祝子川温泉, 桜ヶ丘〜ベンベルグ〜雷管, 雷管〜緑ヶ丘・イオン延岡〜桜ヶ丘"
中原,宮崎交通（株）,延岡駅〜行縢山登山口
中東海,宮崎交通（株）,"川口〜川島小・大門〜南延岡, 川口〜川島小〜南延岡"
旭中入口,宮崎交通（株）,"南一ヶ岡〜南延岡・レーヨン〜延岡共立病院, 南一ヶ岡〜鶴ヶ丘団地・延岡駅〜延岡共立病院, 片田回転場〜イオン〜延岡共立病院, 片田団地〜イオン延岡〜イオン多々良, 片田回転場〜南延岡・イオン延岡〜今山ニュータウン"
富美山西,宮崎交通（株）,"南一ヶ岡〜南延岡・レーヨン〜延岡共立病院, 南一ヶ岡〜鶴ヶ丘団地・延岡駅〜延岡共立病院, 片田回転場〜イオン〜延岡共立病院, 片田団地〜イオン延岡〜イオン多々良, 片田回転場〜南延岡・イオン延岡〜今山ニュータウン"
大武町,宮崎交通（株）,延岡駅〜大武町（延岡営業所）
早日渡,宮崎交通（株）,"高千穂バスセンター〜青雲橋〜延岡駅, 高千穂バスセンター〜日之影町立病院・青雲橋〜延岡駅"
山月町,宮崎交通（株）,"南一ヶ岡〜南延岡・レーヨン〜延岡共立病院, 南一ヶ岡〜鶴ヶ丘団地・延岡駅〜延岡共立病院, 片田回転場〜イオン〜延岡共立病院, 片田団地〜イオン延岡〜イオン多々良, 片田回転場〜南延岡・イオン延岡〜今山ニュータウン"
川口,宮崎交通（株）,"川口〜川島小・大門〜南延岡, 川口〜川島小〜南延岡"
川口,延岡市,乗合タクシー「安井・神戸〜レーヨン線」
レーヨン前,宮崎交通（株）,"南延岡〜浦城港〜宮野浦, 南延岡〜バイパス〜宮野浦, 延岡駅〜差木野, 延岡駅〜延岡共立病院・鹿狩瀬・桑平〜祝子川温泉, 南一ヶ岡〜南延岡・レーヨン〜延岡共立病院, 南一ヶ岡〜鶴ヶ丘団地・延岡駅〜延岡共立病院, 延岡駅〜熊田, 南一ヶ岡〜南延岡〜レーヨン, 東海〜川島小〜南一ヶ岡, 東海〜和田越〜南一ヶ岡, 桜ヶ丘〜ベンベルグ〜雷管, 南一ヶ岡〜鶴ヶ丘・川島小〜東海, 延岡駅〜大武町（延岡営業所）, 川口〜川島小・大門〜南延岡, 川口〜川島小〜南延岡, 片田回転場〜イオン〜延岡共立病院, 片田団地〜イオン延岡〜イオン多々良, 雷管〜イオン延岡・千代ヶ丘〜桜ヶ丘, 雷管〜緑ヶ丘・イオン延岡〜桜ヶ丘, 片田回転場〜南延岡・イオン延岡〜今山ニュータウン, イオンタウン日向〜一ヶ岡〜レーヨン, イオンタウン日向〜日向病院・一ヶ岡〜レーヨン, イオンタウン日向〜日向病院・旭ヶ丘〜レーヨン"
レーヨン前,延岡市,"乗合タクシー「安井・神戸〜レーヨン線」, 乗合タクシー「須佐〜大武線」"
西区中,宮崎交通（株）,"片田団地〜イオン延岡〜イオン多々良, 片田回転場〜南延岡・イオン延岡〜今山ニュータウン"
延岡営業所前,宮崎交通（株）,延岡駅〜大武町（延岡営業所）
中川原町1丁目,宮崎交通（株）,"南延岡〜浦城港〜宮野浦, 南延岡〜バイパス〜宮野浦, 延岡駅〜差木野, 延岡駅〜延岡共立病院・鹿狩瀬・桑平〜祝子川温泉, 南一ヶ岡〜南延岡・レーヨン〜延岡共立病院, 南一ヶ岡〜鶴ヶ丘団地・延岡駅〜延岡共立病院, 延岡駅〜熊田, 南一ヶ岡〜南延岡〜レーヨン, 東海〜川島小〜南一ヶ岡, 東海〜和田越〜南一ヶ岡, 桜ヶ丘〜ベンベルグ〜雷管, 南一ヶ岡〜鶴ヶ丘・川島小〜東海, 延岡駅〜大武町（延岡営業所）, 川口〜川島小・大門〜南延岡, 川口〜川島小〜南延岡, 片田回転場〜イオン〜延岡共立病院, 片田団地〜イオン延岡〜イオン多々良, 雷管〜イオン延岡・千代ヶ丘〜桜ヶ丘, 雷管〜緑ヶ丘・イオン延岡〜桜ヶ丘, 片田回転場〜南延岡・イオン延岡〜今山ニュータウン, イオンタウン日向〜一ヶ岡〜レーヨン, イオンタウン日向〜日向病院・一ヶ岡〜レーヨン, イオンタウン日向〜日向病院・旭ヶ丘〜レーヨン"
西区南,宮崎交通（株）,"片田団地〜イオン延岡〜イオン多々良, 片田回転場〜南延岡・イオン延岡〜今山ニュータウン"
小野鶴,宮崎交通（株）,延岡駅〜行縢山登山口
下渡,宮崎交通（株）,"高千穂バスセンター〜日之影駅〜延岡駅, 高千穂バスセンター〜日之影町立病院・日之影駅〜延岡駅"
今山ニュータウン,宮崎交通（株）,"片田団地〜イオン延岡〜イオン多々良, 片田回転場〜南延岡・イオン延岡〜今山ニュータウン"
萩町,宮崎交通（株）,"南延岡〜浦城港〜宮野浦, 南延岡〜バイパス〜宮野浦, 延岡駅〜差木野, 延岡駅〜延岡共立病院・鹿狩瀬・桑平〜祝子川温泉, 南一ヶ岡〜南延岡・レーヨン〜延岡共立病院, 南一ヶ岡〜鶴ヶ丘団地・延岡駅〜延岡共立病院, 延岡駅〜熊田, 南一ヶ岡〜南延岡〜レーヨン, 東海〜川島小〜南一ヶ岡, 東海〜和田越〜南一ヶ岡, 桜ヶ丘〜ベンベルグ〜雷管, 南一ヶ岡〜鶴ヶ丘・川島小〜東海, 延岡駅〜大武町（延岡営業所）, 川口〜川島小・大門〜南延岡, 川口〜川島小〜南延岡, 片田回転場〜イオン〜延岡共立病院, 片田団地〜イオン延岡〜イオン多々良, 雷管〜イオン延岡・千代ヶ丘〜桜ヶ丘, 雷管〜緑ヶ丘・イオン延岡〜桜ヶ丘, 片田回転場〜南延岡・イオン延岡〜今山ニュータウン, イオンタウン日向〜一ヶ岡〜レーヨン, イオンタウン日向〜日向病院・一ヶ岡〜レーヨン, イオンタウン日向〜日向病院・旭ヶ丘〜レーヨン"
イオン多々良店,宮崎交通（株）,片田団地〜イオン延岡〜イオン多々良
延岡駅,宮崎交通（株）,"延岡駅〜県病院〜三輪, 高千穂バスセンター〜青雲橋〜延岡駅, 高千穂バスセンター〜日之影駅〜延岡駅, 高千穂バスセンター〜日之影町立病院・青雲橋〜延岡駅, 高千穂バスセンター〜日之影町立病院・日之影駅〜延岡駅, 南延岡〜浦城港〜宮野浦, 南延岡〜バイパス〜宮野浦, 延岡駅〜すみれ団地〜保健福祉大学, 延岡駅〜差木野, 延岡駅〜延岡共立病院・鹿狩瀬・桑平〜祝子川温泉, 延岡駅〜行縢山登山口, 延岡駅〜平田病院〜外浦, 外浦〜平田病院〜延岡駅, 南一ヶ岡〜南延岡・レーヨン〜延岡共立病院, 南一ヶ岡〜鶴ヶ丘団地・延岡駅〜延岡共立病院, 延岡駅〜熊田, 南一ヶ岡〜南延岡〜レーヨン, 東海〜川島小〜南一ヶ岡, 東海〜和田越〜南一ヶ岡, 延岡駅〜出北〜方財, 延岡駅〜支援学校〜保健福祉大学, 桜ヶ丘〜ベンベルグ〜雷管, 南一ヶ岡〜鶴ヶ丘・川島小〜東海, 延岡駅〜大武町（延岡営業所）, 延岡駅〜合同庁舎・支援学校〜保健福祉大学, 川口〜川島小・大門〜南延岡, 川口〜川島小〜南延岡, 片田回転場〜イオン〜延岡共立病院, 片田団地〜イオン延岡〜イオン多々良, 雷管〜イオン延岡・千代ヶ丘〜桜ヶ丘, 雷管〜緑ヶ丘・イオン延岡〜桜ヶ丘, 片田回転場〜南延岡・イオン延岡〜今山ニュータウン, イオンタウン日向〜一ヶ岡〜レーヨン, イオンタウン日向〜日向病院・一ヶ岡〜レーヨン, イオンタウン日向〜日向病院・旭ヶ丘〜レーヨン"
延岡駅,延岡市,まちなか循環バス
矢野原,宮崎交通（株）,"高千穂バスセンター〜青雲橋〜延岡駅, 高千穂バスセンター〜日之影町立病院・青雲橋〜延岡駅"
うそ越橋,延岡市,乗合タクシー「二股線」
幸町,宮崎交通（株）,"延岡駅〜県病院〜三輪, 高千穂バスセンター〜青雲橋〜延岡駅, 高千穂バスセンター〜日之影駅〜延岡駅, 高千穂バスセンター〜日之影町立病院・青雲橋〜延岡駅, 高千穂バスセンター〜日之影町立病院・日之影駅〜延岡駅, 南延岡〜浦城港〜宮野浦, 南延岡〜バイパス〜宮野浦, 延岡駅〜すみれ団地〜保健福祉大学, 延岡駅〜行縢山登山口, 延岡駅〜平田病院〜外浦, 外浦〜平田病院〜延岡駅, 南一ヶ岡〜南延岡・レーヨン〜延岡共立病院, 南一ヶ岡〜鶴ヶ丘団地・延岡駅〜延岡共立病院, 南一ヶ岡〜南延岡〜レーヨン, 東海〜川島小〜南一ヶ岡, 東海〜和田越〜南一ヶ岡, 延岡駅〜出北〜方財, 延岡駅〜支援学校〜保健福祉大学, 桜ヶ丘〜ベンベルグ〜雷管, 南一ヶ岡〜鶴ヶ丘・川島小〜東海, 延岡駅〜合同庁舎・支援学校〜保健福祉大学, 川口〜川島小・大門〜南延岡, 川口〜川島小〜南延岡, 片田回転場〜イオン〜延岡共立病院, 片田団地〜イオン延岡〜イオン多々良, 雷管〜イオン延岡・千代ヶ丘〜桜ヶ丘, 雷管〜緑ヶ丘・イオン延岡〜桜ヶ丘, 片田回転場〜南延岡・イオン延岡〜今山ニュータウン, イオンタウン日向〜一ヶ岡〜レーヨン, イオンタウン日向〜日向病院・一ヶ岡〜レーヨン, イオンタウン日向〜日向病院・旭ヶ丘〜レーヨン"
幸町,延岡市,まちなか循環バス
古野,宮崎交通（株）,延岡駅〜行縢山登山口
津舟,延岡市,乗合タクシー「小川〜平田線」
恵比須町,宮崎交通（株）,"延岡駅〜県病院〜三輪, 高千穂バスセンター〜青雲橋〜延岡駅, 高千穂バスセンター〜日之影駅〜延岡駅, 高千穂バスセンター〜日之影町立病院・青雲橋〜延岡駅, 高千穂バスセンター〜日之影町立病院・日之影駅〜延岡駅, 南延岡〜浦城港〜宮野浦, 南延岡〜バイパス〜宮野浦, 延岡駅〜すみれ団地〜保健福祉大学, 延岡駅〜行縢山登山口, 延岡駅〜平田病院〜外浦, 外浦〜平田病院〜延岡駅, 南一ヶ岡〜南延岡・レーヨン〜延岡共立病院, 南一ヶ岡〜鶴ヶ丘団地・延岡駅〜延岡共立病院, 南一ヶ岡〜南延岡〜レーヨン, 東海〜川島小〜南一ヶ岡, 東海〜和田越〜南一ヶ岡, 延岡駅〜出北〜方財, 延岡駅〜支援学校〜保健福祉大学, 桜ヶ丘〜ベンベルグ〜雷管, 南一ヶ岡〜鶴ヶ丘・川島小〜東海, 延岡駅〜合同庁舎・支援学校〜保健福祉大学, 川口〜川島小・大門〜南延岡, 川口〜川島小〜南延岡, 片田回転場〜イオン〜延岡共立病院, 片田団地〜イオン延岡〜イオン多々良, 雷管〜イオン延岡・千代ヶ丘〜桜ヶ丘, 雷管〜緑ヶ丘・イオン延岡〜桜ヶ丘, 片田回転場〜南延岡・イオン延岡〜今山ニュータウン, イオンタウン日向〜一ヶ岡〜レーヨン, イオンタウン日向〜日向病院・一ヶ岡〜レーヨン, イオンタウン日向〜日向病院・旭ヶ丘〜レーヨン"
恵比須町,延岡市,まちなか循環バス
高千穂通,延岡市,まちなか循環バス
早田病院前,延岡市,まちなか循環バス
延陵学園前,宮崎交通（株）,"高千穂バスセンター〜青雲橋〜延岡駅, 高千穂バスセンター〜日之影駅〜延岡駅, 高千穂バスセンター〜日之影町立病院・青雲橋〜延岡駅, 高千穂バスセンター〜日之影町立病院・日之影駅〜延岡駅, 延岡駅〜行縢山登山口"
古川,宮崎交通（株）,"高千穂バスセンター〜青雲橋〜延岡駅, 高千穂バスセンター〜日之影駅〜延岡駅, 高千穂バスセンター〜日之影町立病院・青雲橋〜延岡駅, 高千穂バスセンター〜日之影町立病院・日之影駅〜延岡駅, 延岡駅〜行縢山登山口"
祗園町,宮崎交通（株）,"延岡駅〜県病院〜三輪, 南延岡〜浦城港〜宮野浦, 南延岡〜バイパス〜宮野浦, 延岡駅〜すみれ団地〜保健福祉大学, 延岡駅〜平田病院〜外浦, 外浦〜平田病院〜延岡駅, 南一ヶ岡〜南延岡・レーヨン〜延岡共立病院, 南一ヶ岡〜鶴ヶ丘団地・延岡駅〜延岡共立病院, 南一ヶ岡〜南延岡〜レーヨン, 東海〜川島小〜南一ヶ岡, 東海〜和田越〜南一ヶ岡, 延岡駅〜出北〜方財, 延岡駅〜支援学校〜保健福祉大学, 桜ヶ丘〜ベンベルグ〜雷管, 南一ヶ岡〜鶴ヶ丘・川島小〜東海, 延岡駅〜合同庁舎・支援学校〜保健福祉大学, 川口〜川島小・大門〜南延岡, 川口〜川島小〜南延岡, 片田回転場〜イオン〜延岡共立病院, 片田団地〜イオン延岡〜イオン多々良, 雷管〜イオン延岡・千代ヶ丘〜桜ヶ丘, 雷管〜緑ヶ丘・イオン延岡〜桜ヶ丘, 片田回転場〜南延岡・イオン延岡〜今山ニュータウン, イオンタウン日向〜一ヶ岡〜レーヨン, イオンタウン日向〜日向病院・一ヶ岡〜レーヨン, イオンタウン日向〜日向病院・旭ヶ丘〜レーヨン"
祗園町,延岡市,まちなか循環バス
北小路コープ前,宮崎交通（株）,"高千穂バスセンター〜青雲橋〜延岡駅, 高千穂バスセンター〜日之影駅〜延岡駅, 高千穂バスセンター〜日之影町立病院・青雲橋〜延岡駅, 高千穂バスセンター〜日之影町立病院・日之影駅〜延岡駅, 延岡駅〜行縢山登山口"
北小路コープ前,延岡市,"乗合タクシー「上三輪・貝の畑〜岡富線」, 乗合タクシー「小川〜平田線」"
北小路,宮崎交通（株）,"高千穂バスセンター〜青雲橋〜延岡駅, 高千穂バスセンター〜日之影駅〜延岡駅, 高千穂バスセンター〜日之影町立病院・青雲橋〜延岡駅, 高千穂バスセンター〜日之影町立病院・日之影駅〜延岡駅, 延岡駅〜行縢山登山口"
黒木病院前,宮崎交通（株）,"高千穂バスセンター〜青雲橋〜延岡駅, 高千穂バスセンター〜日之影駅〜延岡駅, 高千穂バスセンター〜日之影町立病院・青雲橋〜延岡駅, 高千穂バスセンター〜日之影町立病院・日之影駅〜延岡駅, 延岡駅〜行縢山登山口"
黒木病院前,延岡市,"乗合タクシー「上三輪・貝の畑〜岡富線」, 乗合タクシー「小川〜平田線」"
西岡富,宮崎交通（株）,"高千穂バスセンター〜青雲橋〜延岡駅, 高千穂バスセンター〜日之影駅〜延岡駅, 高千穂バスセンター〜日之影町立病院・青雲橋〜延岡駅, 高千穂バスセンター〜日之影町立病院・日之影駅〜延岡駅, 延岡駅〜行縢山登山口"
西岡富,延岡市,"乗合タクシー「上三輪・貝の畑〜岡富線」, 乗合タクシー「小川〜平田線」"
離島峰村宅下,延岡市,乗合タクシー「猿渡線」
さのぼり広場,延岡市,乗合タクシー「二股線」
猿渡公民館,延岡市,乗合タクシー「猿渡線」
方財,宮崎交通（株）,延岡駅〜出北〜方財
マルショク前,延岡市,"乗合タクシー「上三輪・貝の畑〜岡富線」, 乗合タクシー「小川〜平田線」"
西延岡,宮崎交通（株）,"高千穂バスセンター〜青雲橋〜延岡駅, 高千穂バスセンター〜日之影駅〜延岡駅, 高千穂バスセンター〜日之影町立病院・青雲橋〜延岡駅, 高千穂バスセンター〜日之影町立病院・日之影駅〜延岡駅, 延岡駅〜行縢山登山口"
松山,宮崎交通（株）,"高千穂バスセンター〜青雲橋〜延岡駅, 高千穂バスセンター〜日之影駅〜延岡駅, 高千穂バスセンター〜日之影町立病院・青雲橋〜延岡駅, 高千穂バスセンター〜日之影町立病院・日之影駅〜延岡駅, 延岡駅〜行縢山登山口"
図書館前,延岡市,まちなか循環バス
九電前・市役所西,延岡市,まちなか循環バス
中央通1丁目,宮崎交通（株）,"延岡駅〜県病院〜三輪, 南延岡〜浦城港〜宮野浦, 南延岡〜バイパス〜宮野浦, 延岡駅〜すみれ団地〜保健福祉大学, 外浦〜平田病院〜延岡駅, 南一ヶ岡〜南延岡・レーヨン〜延岡共立病院, 南一ヶ岡〜鶴ヶ丘団地・延岡駅〜延岡共立病院, 南一ヶ岡〜南延岡〜レーヨン, 東海〜川島小〜南一ヶ岡, 東海〜和田越〜南一ヶ岡, 延岡駅〜出北〜方財, 延岡駅〜支援学校〜保健福祉大学, 南一ヶ岡〜鶴ヶ丘・川島小〜東海, 延岡駅〜合同庁舎・支援学校〜保健福祉大学, 川口〜川島小・大門〜南延岡, 川口〜川島小〜南延岡, 片田回転場〜イオン〜延岡共立病院, 片田団地〜イオン延岡〜イオン多々良, 雷管〜イオン延岡・千代ヶ丘〜桜ヶ丘, 雷管〜緑ヶ丘・イオン延岡〜桜ヶ丘, 片田回転場〜南延岡・イオン延岡〜今山ニュータウン, イオンタウン日向〜一ヶ岡〜レーヨン, イオンタウン日向〜日向病院・一ヶ岡〜レーヨン, イオンタウン日向〜日向病院・旭ヶ丘〜レーヨン"
中央通1丁目,延岡市,まちなか循環バス
蔵田公民館下,延岡市,乗合タクシー「三ヶ村線」
一の瀬,宮崎交通（株）,延岡駅〜行縢山登山口
中町,宮崎交通（株）,"延岡駅〜すみれ団地〜保健福祉大学, 南延岡〜すみれ団地〜保健福祉大学, 延岡駅〜支援学校〜保健福祉大学, 延岡駅〜合同庁舎・支援学校〜保健福祉大学"
小峰,宮崎交通（株）,"高千穂バスセンター〜青雲橋〜延岡駅, 高千穂バスセンター〜日之影駅〜延岡駅, 高千穂バスセンター〜日之影町立病院・青雲橋〜延岡駅, 高千穂バスセンター〜日之影町立病院・日之影駅〜延岡駅, 延岡駅〜行縢山登山口"
中央通2丁目,宮崎交通（株）,"延岡駅〜県病院〜三輪, 南延岡〜浦城港〜宮野浦, 南延岡〜バイパス〜宮野浦, 延岡駅〜平田病院〜外浦, 外浦〜平田病院〜延岡駅, 南一ヶ岡〜南延岡・レーヨン〜延岡共立病院, 南一ヶ岡〜鶴ヶ丘団地・延岡駅〜延岡共立病院, 南一ヶ岡〜南延岡〜レーヨン, 東海〜川島小〜南一ヶ岡, 南延岡〜すみれ団地〜保健福祉大学, 東海〜和田越〜南一ヶ岡, 延岡駅〜出北〜方財, 桜ヶ丘〜ベンベルグ〜雷管, 南一ヶ岡〜鶴ヶ丘・川島小〜東海, 川口〜川島小・大門〜南延岡, 川口〜川島小〜南延岡, 片田回転場〜イオン〜延岡共立病院, 片田団地〜イオン延岡〜イオン多々良, 雷管〜イオン延岡・千代ヶ丘〜桜ヶ丘, 雷管〜緑ヶ丘・イオン延岡〜桜ヶ丘, 片田回転場〜南延岡・イオン延岡〜今山ニュータウン, イオンタウン日向〜一ヶ岡〜レーヨン, イオンタウン日向〜日向病院・一ヶ岡〜レーヨン, イオンタウン日向〜日向病院・旭ヶ丘〜レーヨン"
中央通2丁目,延岡市,まちなか循環バス
市役所前,宮崎交通（株）,"延岡駅〜すみれ団地〜保健福祉大学, 南延岡〜すみれ団地〜保健福祉大学, 延岡駅〜支援学校〜保健福祉大学, 延岡駅〜合同庁舎・支援学校〜保健福祉大学"
猪渡,延岡市,乗合タクシー「上中尾線」
上小峰,宮崎交通（株）,"高千穂バスセンター〜青雲橋〜延岡駅, 高千穂バスセンター〜日之影駅〜延岡駅, 高千穂バスセンター〜日之影町立病院・青雲橋〜延岡駅, 高千穂バスセンター〜日之影町立病院・日之影駅〜延岡駅, 延岡駅〜行縢山登山口"
蔵田,宮崎交通（株）,"高千穂バスセンター〜青雲橋〜延岡駅, 高千穂バスセンター〜日之影駅〜延岡駅, 高千穂バスセンター〜日之影町立病院・青雲橋〜延岡駅, 高千穂バスセンター〜日之影町立病院・日之影駅〜延岡駅"
延岡合同庁舎,宮崎交通（株）,延岡駅〜合同庁舎・支援学校〜保健福祉大学
原田商店前,延岡市,乗合タクシー「三ヶ村線」
東浜砂町,宮崎交通（株）,延岡駅〜出北〜方財
スーパーキッド前,延岡市,"乗合タクシー「上三輪・貝の畑〜岡富線」, 乗合タクシー「小川〜平田線」"
延岡市民体育館,宮崎交通（株）,延岡駅〜合同庁舎・支援学校〜保健福祉大学
惣ヶ内,宮崎交通（株）,延岡駅〜行縢山登山口
大瀬橋北詰,宮崎交通（株）,"延岡駅〜すみれ団地〜保健福祉大学, 南延岡〜すみれ団地〜保健福祉大学, 延岡駅〜支援学校〜保健福祉大学, 延岡駅〜合同庁舎・支援学校〜保健福祉大学"
米田脳神経外科前,延岡市,まちなか循環バス
延岡消防署前,宮崎交通（株）,延岡駅〜合同庁舎・支援学校〜保健福祉大学
延岡消防署前,延岡市,まちなか循環バス
高野町,宮崎交通（株）,"高千穂バスセンター〜青雲橋〜延岡駅, 高千穂バスセンター〜日之影駅〜延岡駅, 高千穂バスセンター〜日之影町立病院・青雲橋〜延岡駅, 高千穂バスセンター〜日之影町立病院・日之影駅〜延岡駅, 延岡駅〜行縢山登山口"
しろやま支援学校前,宮崎交通（株）,"延岡駅〜支援学校〜保健福祉大学, 延岡駅〜合同庁舎・支援学校〜保健福祉大学"
後曽木,延岡市,乗合タクシー「上中尾線」
大貫町4丁目,宮崎交通（株）,"延岡駅〜支援学校〜保健福祉大学, 延岡駅〜合同庁舎・支援学校〜保健福祉大学"
垂水,延岡市,乗合タクシー「二股線」
新川,宮崎交通（株）,延岡駅〜行縢山登山口
桜小路,宮崎交通（株）,"延岡駅〜すみれ団地〜保健福祉大学, 南延岡〜すみれ団地〜保健福祉大学, 延岡駅〜支援学校〜保健福祉大学, 延岡駅〜合同庁舎・支援学校〜保健福祉大学"
総合文化センター前,宮崎交通（株）,延岡駅〜出北〜方財
総合文化センター前,延岡市,まちなか循環バス
板野医院前,延岡市,"乗合タクシー「上三輪・貝の畑〜岡富線」, 乗合タクシー「小川〜平田線」"
延岡IC,宮崎交通（株）,"宮交シティ〜東九州道〜高千穂バスセンター・高千穂大橋, 高千穂大橋・高千穂バスセンター〜東九州道〜宮崎空港・宮崎駅"
東大貫,宮崎交通（株）,延岡駅〜支援学校〜保健福祉大学
惣領町,延岡市,まちなか循環バス
平田,宮崎交通（株）,"高千穂バスセンター〜青雲橋〜延岡駅, 高千穂バスセンター〜日之影駅〜延岡駅, 高千穂バスセンター〜日之影町立病院・青雲橋〜延岡駅, 高千穂バスセンター〜日之影町立病院・日之影駅〜延岡駅, 延岡駅〜行縢山登山口"
平田,延岡市,乗合タクシー「小川〜平田線」
小川研修センター,延岡市,乗合タクシー「小川〜平田線」
北久公民館,延岡市,乗合タクシー「大保下線」
安賀多1丁目,宮崎交通（株）,"延岡駅〜県病院〜三輪, 南延岡〜浦城港〜宮野浦, 南延岡〜バイパス〜宮野浦, 延岡駅〜平田病院〜外浦, 南一ヶ岡〜南延岡・レーヨン〜延岡共立病院, 南一ヶ岡〜鶴ヶ丘団地・延岡駅〜延岡共立病院, 東海〜川島小〜南一ヶ岡, 南延岡〜すみれ団地〜保健福祉大学, 東海〜和田越〜南一ヶ岡, 延岡駅〜出北〜方財, 桜ヶ丘〜ベンベルグ〜雷管, 南一ヶ岡〜鶴ヶ丘・川島小〜東海, 川口〜川島小・大門〜南延岡, 川口〜川島小〜南延岡, 片田回転場〜イオン〜延岡共立病院, 片田団地〜イオン延岡〜イオン多々良, 雷管〜イオン延岡・千代ヶ丘〜桜ヶ丘, 雷管〜緑ヶ丘・イオン延岡〜桜ヶ丘, 片田回転場〜南延岡・イオン延岡〜今山ニュータウン, イオンタウン日向〜一ヶ岡〜レーヨン, イオンタウン日向〜日向病院・一ヶ岡〜レーヨン, イオンタウン日向〜日向病院・旭ヶ丘〜レーヨン"
野地町,宮崎交通（株）,"延岡駅〜支援学校〜保健福祉大学, 延岡駅〜合同庁舎・支援学校〜保健福祉大学"
ヘルストピア延岡,宮崎交通（株）,延岡駅〜出北〜方財
ヘルストピア延岡,延岡市,まちなか循環バス
野田町,宮崎交通（株）,"延岡駅〜支援学校〜保健福祉大学, 延岡駅〜合同庁舎・支援学校〜保健福祉大学"
上崎橋,宮崎交通（株）,"高千穂バスセンター〜青雲橋〜延岡駅, 高千穂バスセンター〜日之影駅〜延岡駅, 高千穂バスセンター〜日之影町立病院・青雲橋〜延岡駅, 高千穂バスセンター〜日之影町立病院・日之影駅〜延岡駅"
大貫町3丁目,宮崎交通（株）,"延岡駅〜すみれ団地〜保健福祉大学, 南延岡〜すみれ団地〜保健福祉大学"
延岡市医師会病院前,延岡市,まちなか循環バス
出北一丁目,延岡市,まちなか循環バス
卸商業団地,延岡市,まちなか循環バス
安賀多2丁目,宮崎交通（株）,"延岡駅〜県病院〜三輪, 南延岡〜浦城港〜宮野浦, 南延岡〜バイパス〜宮野浦, 延岡駅〜平田病院〜外浦, 外浦〜平田病院〜延岡駅, 南一ヶ岡〜南延岡・レーヨン〜延岡共立病院, 南一ヶ岡〜鶴ヶ丘団地・延岡駅〜延岡共立病院, 南一ヶ岡〜南延岡〜レーヨン, 東海〜川島小〜南一ヶ岡, 南延岡〜すみれ団地〜保健福祉大学, 東海〜和田越〜南一ヶ岡, 延岡駅〜出北〜方財, 桜ヶ丘〜ベンベルグ〜雷管, 南一ヶ岡〜鶴ヶ丘・川島小〜東海, 川口〜川島小・大門〜南延岡, 川口〜川島小〜南延岡, 片田回転場〜イオン〜延岡共立病院, 片田団地〜イオン延岡〜イオン多々良, 雷管〜イオン延岡・千代ヶ丘〜桜ヶ丘, 雷管〜緑ヶ丘・イオン延岡〜桜ヶ丘, 片田回転場〜南延岡・イオン延岡〜今山ニュータウン, イオンタウン日向〜一ヶ岡〜レーヨン, イオンタウン日向〜日向病院・一ヶ岡〜レーヨン, イオンタウン日向〜日向病院・旭ヶ丘〜レーヨン"
サンレー紫雲閣前,延岡市,まちなか循環バス
南方小学校前,宮崎交通（株）,"延岡駅〜支援学校〜保健福祉大学, 延岡駅〜合同庁舎・支援学校〜保健福祉大学"
出北町2丁目,宮崎交通（株）,延岡駅〜出北〜方財
北門通り,宮崎交通（株）,延岡駅〜出北〜方財
柳瀬湯川百貨店前,延岡市,乗合タクシー「大保下線」
曽木原営農研修場,延岡市,乗合タクシー「大保下線」
出北,宮崎交通（株）,延岡駅〜出北〜方財
出北,延岡市,まちなか循環バス
安賀多3丁目,宮崎交通（株）,"延岡駅〜県病院〜三輪, 南延岡〜浦城港〜宮野浦, 南延岡〜バイパス〜宮野浦, 延岡駅〜平田病院〜外浦, 外浦〜平田病院〜延岡駅, 南一ヶ岡〜南延岡・レーヨン〜延岡共立病院, 南一ヶ岡〜鶴ヶ丘団地・延岡駅〜延岡共立病院, 南一ヶ岡〜南延岡〜レーヨン, 東海〜川島小〜南一ヶ岡, 南延岡〜すみれ団地〜保健福祉大学, 東海〜和田越〜南一ヶ岡, 桜ヶ丘〜ベンベルグ〜雷管, 南一ヶ岡〜鶴ヶ丘・川島小〜東海, 川口〜川島小・大門〜南延岡, 川口〜川島小〜南延岡, 片田回転場〜イオン〜延岡共立病院, 片田団地〜イオン延岡〜イオン多々良, 雷管〜イオン延岡・千代ヶ丘〜桜ヶ丘, 雷管〜緑ヶ丘・イオン延岡〜桜ヶ丘, 片田回転場〜南延岡・イオン延岡〜今山ニュータウン, イオンタウン日向〜一ヶ岡〜レーヨン, イオンタウン日向〜日向病院・一ヶ岡〜レーヨン, イオンタウン日向〜日向病院・旭ヶ丘〜レーヨン"
石丸会館前,延岡市,まちなか循環バス
上崎,延岡市,乗合タクシー「片内・菅原線」
長浜町2丁目,宮崎交通（株）,延岡駅〜出北〜方財
長浜町2丁目,延岡市,まちなか循環バス
東小前,宮崎交通（株）,延岡駅〜出北〜方財
東小前,延岡市,まちなか循環バス
東出北,宮崎交通（株）,延岡駅〜出北〜方財
東出北,延岡市,まちなか循環バス
長浜町,宮崎交通（株）,延岡駅〜出北〜方財
長浜町,延岡市,まちなか循環バス
天下橋,宮崎交通（株）,"延岡駅〜すみれ団地〜保健福祉大学, 南延岡〜すみれ団地〜保健福祉大学, 延岡駅〜支援学校〜保健福祉大学, 延岡駅〜合同庁舎・支援学校〜保健福祉大学"
ベンベルグ前,宮崎交通（株）,桜ヶ丘〜ベンベルグ〜雷管
西階台前,宮崎交通（株）,"延岡駅〜すみれ団地〜保健福祉大学, 南延岡〜すみれ団地〜保健福祉大学"
西階中学校前,宮崎交通（株）,"延岡駅〜支援学校〜保健福祉大学, 延岡駅〜合同庁舎・支援学校〜保健福祉大学"
南方中学校入口,延岡市,乗合タクシー「小川〜平田線」
下曽木駅前,延岡市,乗合タクシー「大保下線」
大貫五丁目,宮崎交通（株）,"延岡駅〜すみれ団地〜保健福祉大学, 南延岡〜すみれ団地〜保健福祉大学"
安賀多4丁目,宮崎交通（株）,"延岡駅〜県病院〜三輪, 南延岡〜浦城港〜宮野浦, 南延岡〜バイパス〜宮野浦, 延岡駅〜平田病院〜外浦, 外浦〜平田病院〜延岡駅, 南一ヶ岡〜南延岡・レーヨン〜延岡共立病院, 南一ヶ岡〜鶴ヶ丘団地・延岡駅〜延岡共立病院, 南一ヶ岡〜南延岡〜レーヨン, 東海〜川島小〜南一ヶ岡, 南延岡〜すみれ団地〜保健福祉大学, 東海〜和田越〜南一ヶ岡, 南一ヶ岡〜鶴ヶ丘・川島小〜東海, 川口〜川島小・大門〜南延岡, 川口〜川島小〜南延岡, 片田回転場〜イオン〜延岡共立病院, 片田団地〜イオン延岡〜イオン多々良, 雷管〜イオン延岡・千代ヶ丘〜桜ヶ丘, 雷管〜緑ヶ丘・イオン延岡〜桜ヶ丘, 片田回転場〜南延岡・イオン延岡〜今山ニュータウン, イオンタウン日向〜一ヶ岡〜レーヨン, イオンタウン日向〜日向病院・一ヶ岡〜レーヨン, イオンタウン日向〜日向病院・旭ヶ丘〜レーヨン"
イオン延岡,宮崎交通（株）,"片田回転場〜イオン〜延岡共立病院, 片田団地〜イオン延岡〜イオン多々良, 雷管〜イオン延岡・千代ヶ丘〜桜ヶ丘, 雷管〜緑ヶ丘・イオン延岡〜桜ヶ丘, 片田回転場〜南延岡・イオン延岡〜今山ニュータウン"
イオン延岡,延岡市,まちなか循環バス
天下神社前,宮崎交通（株）,"延岡駅〜すみれ団地〜保健福祉大学, 南延岡〜すみれ団地〜保健福祉大学, 延岡駅〜支援学校〜保健福祉大学, 延岡駅〜合同庁舎・支援学校〜保健福祉大学"
平の前（かわまち交流館前）,延岡市,まちなか循環バス
農園前,宮崎交通（株）,"高千穂バスセンター〜青雲橋〜延岡駅, 高千穂バスセンター〜日之影駅〜延岡駅, 高千穂バスセンター〜日之影町立病院・青雲橋〜延岡駅, 高千穂バスセンター〜日之影町立病院・日之影駅〜延岡駅"
ホームワイド出北前,延岡市,まちなか循環バス
上崎,宮崎交通（株）,"高千穂バスセンター〜青雲橋〜延岡駅, 高千穂バスセンター〜日之影駅〜延岡駅, 高千穂バスセンター〜日之影町立病院・青雲橋〜延岡駅, 高千穂バスセンター〜日之影町立病院・日之影駅〜延岡駅"
西階運動公園,宮崎交通（株）,"延岡駅〜すみれ団地〜保健福祉大学, 南延岡〜すみれ団地〜保健福祉大学"
すみれ団地前,宮崎交通（株）,"延岡駅〜すみれ団地〜保健福祉大学, 南延岡〜すみれ団地〜保健福祉大学"
イオン延岡南口,延岡市,まちなか循環バス
南久峠,延岡市,乗合タクシー「上中尾線」
安賀多5丁目,宮崎交通（株）,"延岡駅〜県病院〜三輪, 南延岡〜浦城港〜宮野浦, 南延岡〜バイパス〜宮野浦, 延岡駅〜平田病院〜外浦, 外浦〜平田病院〜延岡駅, 南一ヶ岡〜南延岡・レーヨン〜延岡共立病院, 南一ヶ岡〜鶴ヶ丘団地・延岡駅〜延岡共立病院, 南一ヶ岡〜南延岡〜レーヨン, 東海〜川島小〜南一ヶ岡, 南延岡〜すみれ団地〜保健福祉大学, 東海〜和田越〜南一ヶ岡, 南一ヶ岡〜鶴ヶ丘・川島小〜東海, 川口〜川島小・大門〜南延岡, 川口〜川島小〜南延岡, 片田回転場〜イオン〜延岡共立病院, 片田団地〜イオン延岡〜イオン多々良, 雷管〜イオン延岡・千代ヶ丘〜桜ヶ丘, 雷管〜緑ヶ丘・イオン延岡〜桜ヶ丘, 片田回転場〜南延岡・イオン延岡〜今山ニュータウン, イオンタウン日向〜一ヶ岡〜レーヨン, イオンタウン日向〜日向病院・一ヶ岡〜レーヨン, イオンタウン日向〜日向病院・旭ヶ丘〜レーヨン"
安賀多5丁目,延岡市,まちなか循環バス
クレアパーク前,宮崎交通（株）,"延岡駅〜すみれ団地〜保健福祉大学, 南延岡〜すみれ団地〜保健福祉大学, 延岡駅〜支援学校〜保健福祉大学, 延岡駅〜合同庁舎・支援学校〜保健福祉大学"
向陽倶楽部前,宮崎交通（株）,桜ヶ丘〜ベンベルグ〜雷管
細見千葉橋,延岡市,乗合タクシー「小川〜平田線」
県立延岡病院,延岡市,まちなか循環バス
天下,延岡市,乗合タクシー「上三輪・貝の畑〜岡富線」
県病院前,宮崎交通（株）,延岡駅〜県病院〜三輪
貝の畑,宮崎交通（株）,"高千穂バスセンター〜青雲橋〜延岡駅, 高千穂バスセンター〜日之影駅〜延岡駅, 高千穂バスセンター〜日之影町立病院・青雲橋〜延岡駅, 高千穂バスセンター〜日之影町立病院・日之影駅〜延岡駅"
恒富,宮崎交通（株）,延岡駅〜県病院〜三輪
QOL棟前,宮崎交通（株）,"延岡駅〜すみれ団地〜保健福祉大学, 南延岡〜すみれ団地〜保健福祉大学, 延岡駅〜支援学校〜保健福祉大学, 延岡駅〜合同庁舎・支援学校〜保健福祉大学"
恒富町2丁目,宮崎交通（株）,延岡駅〜県病院〜三輪
延岡高校前,宮崎交通（株）,延岡駅〜県病院〜三輪
愛宕町1丁目,宮崎交通（株）,"南延岡〜浦城港〜宮野浦, 南延岡〜バイパス〜宮野浦, 延岡駅〜平田病院〜外浦, 外浦〜平田病院〜延岡駅, 南一ヶ岡〜南延岡・レーヨン〜延岡共立病院, 南一ヶ岡〜鶴ヶ丘団地・延岡駅〜延岡共立病院, 南一ヶ岡〜南延岡〜レーヨン, 東海〜川島小〜南一ヶ岡, 南延岡〜すみれ団地〜保健福祉大学, 東海〜和田越〜南一ヶ岡, 桜ヶ丘〜ベンベルグ〜雷管, 南一ヶ岡〜鶴ヶ丘・川島小〜東海, 川口〜川島小・大門〜南延岡, 川口〜川島小〜南延岡, 片田回転場〜イオン〜延岡共立病院, 片田団地〜イオン延岡〜イオン多々良, 雷管〜イオン延岡・千代ヶ丘〜桜ヶ丘, 雷管〜緑ヶ丘・イオン延岡〜桜ヶ丘, 片田回転場〜南延岡・イオン延岡〜今山ニュータウン, イオンタウン日向〜一ヶ岡〜レーヨン, イオンタウン日向〜日向病院・一ヶ岡〜レーヨン, イオンタウン日向〜日向病院・旭ヶ丘〜レーヨン"
舟戸,宮崎交通（株）,"高千穂バスセンター〜青雲橋〜延岡駅, 高千穂バスセンター〜日之影駅〜延岡駅, 高千穂バスセンター〜日之影町立病院・青雲橋〜延岡駅, 高千穂バスセンター〜日之影町立病院・日之影駅〜延岡駅"
上水流,宮崎交通（株）,"高千穂バスセンター〜青雲橋〜延岡駅, 高千穂バスセンター〜日之影駅〜延岡駅, 高千穂バスセンター〜日之影町立病院・青雲橋〜延岡駅, 高千穂バスセンター〜日之影町立病院・日之影駅〜延岡駅"
大学会館前,宮崎交通（株）,"延岡駅〜すみれ団地〜保健福祉大学, 南延岡〜すみれ団地〜保健福祉大学, 延岡駅〜支援学校〜保健福祉大学, 延岡駅〜合同庁舎・支援学校〜保健福祉大学"
保健福祉大学,宮崎交通（株）,"延岡駅〜すみれ団地〜保健福祉大学, 南延岡〜すみれ団地〜保健福祉大学, 延岡駅〜支援学校〜保健福祉大学, 延岡駅〜合同庁舎・支援学校〜保健福祉大学"
水谷神社前,延岡市,乗合タクシー「上三輪・貝の畑〜岡富線」
下崎,宮崎交通（株）,"高千穂バスセンター〜青雲橋〜延岡駅, 高千穂バスセンター〜日之影駅〜延岡駅, 高千穂バスセンター〜日之影町立病院・青雲橋〜延岡駅, 高千穂バスセンター〜日之影町立病院・日之影駅〜延岡駅"
幼稚園前,宮崎交通（株）,延岡駅〜県病院〜三輪
薬品工場前,宮崎交通（株）,桜ヶ丘〜ベンベルグ〜雷管
愛宕町3丁目,宮崎交通（株）,"南延岡〜浦城港〜宮野浦, 南延岡〜バイパス〜宮野浦, 延岡駅〜平田病院〜外浦, 外浦〜平田病院〜延岡駅, 南一ヶ岡〜南延岡・レーヨン〜延岡共立病院, 南一ヶ岡〜鶴ヶ丘団地・延岡駅〜延岡共立病院, 南一ヶ岡〜南延岡〜レーヨン, 東海〜川島小〜南一ヶ岡, 南延岡〜すみれ団地〜保健福祉大学, 東海〜和田越〜南一ヶ岡, 南一ヶ岡〜鶴ヶ丘・川島小〜東海, 川口〜川島小・大門〜南延岡, 川口〜川島小〜南延岡, 片田回転場〜イオン〜延岡共立病院, 片田団地〜イオン延岡〜イオン多々良, 雷管〜イオン延岡・千代ヶ丘〜桜ヶ丘, 雷管〜緑ヶ丘・イオン延岡〜桜ヶ丘, 片田回転場〜南延岡・イオン延岡〜今山ニュータウン, イオンタウン日向〜一ヶ岡〜レーヨン, イオンタウン日向〜日向病院・一ヶ岡〜レーヨン, イオンタウン日向〜日向病院・旭ヶ丘〜レーヨン"
あたご整形外科前,延岡市,まちなか循環バス
ふるさと市場前,延岡市,まちなか循環バス
下崎,延岡市,乗合タクシー「下崎・笠下黒原線」
堺胃腸内科前,延岡市,まちなか循環バス
細見,宮崎交通（株）,"高千穂バスセンター〜青雲橋〜延岡駅, 高千穂バスセンター〜日之影駅〜延岡駅, 高千穂バスセンター〜日之影町立病院・青雲橋〜延岡駅, 高千穂バスセンター〜日之影町立病院・日之影駅〜延岡駅"
細見,延岡市,乗合タクシー「上三輪・貝の畑〜岡富線」
吐合,宮崎交通（株）,"高千穂バスセンター〜青雲橋〜延岡駅, 高千穂バスセンター〜日之影駅〜延岡駅, 高千穂バスセンター〜日之影町立病院・青雲橋〜延岡駅, 高千穂バスセンター〜日之影町立病院・日之影駅〜延岡駅"
吐合,延岡市,乗合タクシー「大保下線」
岡元,宮崎交通（株）,"高千穂バスセンター〜青雲橋〜延岡駅, 高千穂バスセンター〜日之影駅〜延岡駅, 高千穂バスセンター〜日之影町立病院・青雲橋〜延岡駅, 高千穂バスセンター〜日之影町立病院・日之影駅〜延岡駅"
消防車庫前（貝の畑）,延岡市,乗合タクシー「上三輪・貝の畑〜岡富線」
ライスセンター前,延岡市,乗合タクシー「上三輪・貝の畑〜岡富線」
愛宕山下通,宮崎交通（株）,延岡駅〜県病院〜三輪
みのり園入口,宮崎交通（株）,"高千穂バスセンター〜青雲橋〜延岡駅, 高千穂バスセンター〜日之影駅〜延岡駅, 高千穂バスセンター〜日之影町立病院・青雲橋〜延岡駅, 高千穂バスセンター〜日之影町立病院・日之影駅〜延岡駅"
別府,宮崎交通（株）,桜ヶ丘〜ベンベルグ〜雷管
伊達町1丁目,宮崎交通（株）,"南延岡〜浦城港〜宮野浦, 南延岡〜バイパス〜宮野浦, 延岡駅〜平田病院〜外浦, 外浦〜平田病院〜延岡駅, 南一ヶ岡〜南延岡・レーヨン〜延岡共立病院, 南一ヶ岡〜鶴ヶ丘団地・延岡駅〜延岡共立病院, 南一ヶ岡〜南延岡〜レーヨン, 東海〜川島小〜南一ヶ岡, 南延岡〜すみれ団地〜保健福祉大学, 東海〜和田越〜南一ヶ岡, 南一ヶ岡〜鶴ヶ丘・川島小〜東海, 川口〜川島小・大門〜南延岡, 川口〜川島小〜南延岡, 片田回転場〜イオン〜延岡共立病院, 片田団地〜イオン延岡〜イオン多々良, 雷管〜イオン延岡・千代ヶ丘〜桜ヶ丘, 雷管〜緑ヶ丘・イオン延岡〜桜ヶ丘, 片田回転場〜南延岡・イオン延岡〜今山ニュータウン, イオンタウン日向〜一ヶ岡〜レーヨン, イオンタウン日向〜日向病院・一ヶ岡〜レーヨン, イオンタウン日向〜日向病院・旭ヶ丘〜レーヨン"
樫谷,延岡市,乗合タクシー「上三輪・貝の畑〜岡富線」
北方町総合支所前,宮崎交通（株）,"高千穂バスセンター〜青雲橋〜延岡駅, 高千穂バスセンター〜日之影駅〜延岡駅, 高千穂バスセンター〜日之影町立病院・青雲橋〜延岡駅, 高千穂バスセンター〜日之影町立病院・日之影駅〜延岡駅"
鹿越,延岡市,乗合タクシー「上三輪・貝の畑〜岡富線」
北方町総合支所,延岡市,"乗合タクシー「美々地線」, 乗合タクシー「鹿川線」, 乗合タクシー「二股線」, 乗合タクシー「猿渡線」, 乗合タクシー「三ヶ村線」, 乗合タクシー「大保下線」, 乗合タクシー「下崎・笠下黒原線」, 乗合タクシー「片内・菅原線」, 乗合タクシー「上中尾線」"
足鍋,宮崎交通（株）,"高千穂バスセンター〜青雲橋〜延岡駅, 高千穂バスセンター〜日之影駅〜延岡駅, 高千穂バスセンター〜日之影町立病院・青雲橋〜延岡駅, 高千穂バスセンター〜日之影町立病院・日之影駅〜延岡駅"
雷管,宮崎交通（株）,"桜ヶ丘〜ベンベルグ〜雷管, 雷管〜イオン延岡・千代ヶ丘〜桜ヶ丘, 雷管〜緑ヶ丘・イオン延岡〜桜ヶ丘"
図書館・宮谷歯科,延岡市,"乗合タクシー「美々地線」, 乗合タクシー「鹿川線」, 乗合タクシー「二股線」, 乗合タクシー「猿渡線」, 乗合タクシー「三ヶ村線」, 乗合タクシー「大保下線」, 乗合タクシー「下崎・笠下黒原線」, 乗合タクシー「片内・菅原線」, 乗合タクシー「上中尾線」"
三輪,宮崎交通（株）,延岡駅〜県病院〜三輪
雷管正門前,宮崎交通（株）,"桜ヶ丘〜ベンベルグ〜雷管, 雷管〜イオン延岡・千代ヶ丘〜桜ヶ丘, 雷管〜緑ヶ丘・イオン延岡〜桜ヶ丘"
宮畑,宮崎交通（株）,延岡駅〜県病院〜三輪
川水流駅前,宮崎交通（株）,"高千穂バスセンター〜青雲橋〜延岡駅, 高千穂バスセンター〜日之影駅〜延岡駅, 高千穂バスセンター〜日之影町立病院・青雲橋〜延岡駅, 高千穂バスセンター〜日之影町立病院・日之影駅〜延岡駅"
はなぶさ前,延岡市,"乗合タクシー「美々地線」, 乗合タクシー「鹿川線」, 乗合タクシー「二股線」, 乗合タクシー「猿渡線」, 乗合タクシー「三ヶ村線」, 乗合タクシー「大保下線」, 乗合タクシー「下崎・笠下黒原線」, 乗合タクシー「片内・菅原線」, 乗合タクシー「上中尾線」"
三輪入口,宮崎交通（株）,延岡駅〜県病院〜三輪
伊達町2丁目,宮崎交通（株）,"南延岡〜浦城港〜宮野浦, 南延岡〜バイパス〜宮野浦, 延岡駅〜平田病院〜外浦, 外浦〜平田病院〜延岡駅, 南一ヶ岡〜南延岡・レーヨン〜延岡共立病院, 南一ヶ岡〜鶴ヶ丘団地・延岡駅〜延岡共立病院, 南一ヶ岡〜南延岡〜レーヨン, 東海〜川島小〜南一ヶ岡, 南延岡〜すみれ団地〜保健福祉大学, 東海〜和田越〜南一ヶ岡, 南一ヶ岡〜鶴ヶ丘・川島小〜東海, 川口〜川島小・大門〜南延岡, 川口〜川島小〜南延岡, 片田回転場〜イオン〜延岡共立病院, 片田団地〜イオン延岡〜イオン多々良, 雷管〜イオン延岡・千代ヶ丘〜桜ヶ丘, 雷管〜緑ヶ丘・イオン延岡〜桜ヶ丘, 片田回転場〜南延岡・イオン延岡〜今山ニュータウン, イオンタウン日向〜一ヶ岡〜レーヨン, イオンタウン日向〜日向病院・一ヶ岡〜レーヨン, イオンタウン日向〜日向病院・旭ヶ丘〜レーヨン"
札の迫,宮崎交通（株）,延岡駅〜県病院〜三輪
桑水流,宮崎交通（株）,"高千穂バスセンター〜青雲橋〜延岡駅, 高千穂バスセンター〜日之影駅〜延岡駅, 高千穂バスセンター〜日之影町立病院・青雲橋〜延岡駅, 高千穂バスセンター〜日之影町立病院・日之影駅〜延岡駅"
角田,宮崎交通（株）,"高千穂バスセンター〜青雲橋〜延岡駅, 高千穂バスセンター〜日之影駅〜延岡駅, 高千穂バスセンター〜日之影町立病院・青雲橋〜延岡駅, 高千穂バスセンター〜日之影町立病院・日之影駅〜延岡駅"
西又,宮崎交通（株）,延岡駅〜県病院〜三輪
上角田,宮崎交通（株）,"高千穂バスセンター〜青雲橋〜延岡駅, 高千穂バスセンター〜日之影駅〜延岡駅, 高千穂バスセンター〜日之影町立病院・青雲橋〜延岡駅, 高千穂バスセンター〜日之影町立病院・日之影駅〜延岡駅"
北緑ヶ丘,宮崎交通（株）,"雷管〜イオン延岡・千代ヶ丘〜桜ヶ丘, 雷管〜緑ヶ丘・イオン延岡〜桜ヶ丘"
北方医院,延岡市,"乗合タクシー「美々地線」, 乗合タクシー「鹿川線」, 乗合タクシー「二股線」, 乗合タクシー「猿渡線」, 乗合タクシー「三ヶ村線」, 乗合タクシー「大保下線」, 乗合タクシー「下崎・笠下黒原線」, 乗合タクシー「片内・菅原線」, 乗合タクシー「上中尾線」"
三須町,宮崎交通（株）,延岡駅〜県病院〜三輪
南延岡駅前,宮崎交通（株）,"南延岡〜浦城港〜宮野浦, 南延岡〜バイパス〜宮野浦, 延岡駅〜平田病院〜外浦, 外浦〜平田病院〜延岡駅, 南一ヶ岡〜南延岡・レーヨン〜延岡共立病院, 南一ヶ岡〜鶴ヶ丘団地・延岡駅〜延岡共立病院, 南一ヶ岡〜南延岡〜レーヨン, 東海〜川島小〜南一ヶ岡, 南延岡〜すみれ団地〜保健福祉大学, 東海〜和田越〜南一ヶ岡, 南一ヶ岡〜鶴ヶ丘・川島小〜東海, 川口〜川島小・大門〜南延岡, 川口〜川島小〜南延岡, 片田回転場〜イオン〜延岡共立病院, 片田団地〜イオン延岡〜イオン多々良, 雷管〜イオン延岡・千代ヶ丘〜桜ヶ丘, 雷管〜緑ヶ丘・イオン延岡〜桜ヶ丘, 片田回転場〜南延岡・イオン延岡〜今山ニュータウン, イオンタウン日向〜一ヶ岡〜レーヨン, イオンタウン日向〜日向病院・一ヶ岡〜レーヨン, イオンタウン日向〜日向病院・旭ヶ丘〜レーヨン"
小野神社前,宮崎交通（株）,延岡駅〜県病院〜三輪
小野,宮崎交通（株）,延岡駅〜県病院〜三輪
笠下橋,延岡市,乗合タクシー「下崎・笠下黒原線」
南延岡,宮崎交通（株）,"南延岡〜浦城港〜宮野浦, 南延岡〜バイパス〜宮野浦, 延岡駅〜平田病院〜外浦, 外浦〜平田病院〜延岡駅, 南一ヶ岡〜南延岡・レーヨン〜延岡共立病院, 南一ヶ岡〜鶴ヶ丘団地・延岡駅〜延岡共立病院, 南一ヶ岡〜南延岡〜レーヨン, 東海〜川島小〜南一ヶ岡, 南延岡〜すみれ団地〜保健福祉大学, 東海〜和田越〜南一ヶ岡, 南一ヶ岡〜鶴ヶ丘・川島小〜東海, 川口〜川島小・大門〜南延岡, 川口〜川島小〜南延岡, 片田回転場〜イオン〜延岡共立病院, 片田団地〜イオン延岡〜イオン多々良, 雷管〜イオン延岡・千代ヶ丘〜桜ヶ丘, 雷管〜緑ヶ丘・イオン延岡〜桜ヶ丘, 片田回転場〜南延岡・イオン延岡〜今山ニュータウン, イオンタウン日向〜一ヶ岡〜レーヨン, イオンタウン日向〜日向病院・一ヶ岡〜レーヨン, イオンタウン日向〜日向病院・旭ヶ丘〜レーヨン"
沖田ダム入口,宮崎交通（株）,延岡駅〜県病院〜三輪
緑ヶ丘2丁目,宮崎交通（株）,"雷管〜イオン延岡・千代ヶ丘〜桜ヶ丘, 雷管〜緑ヶ丘・イオン延岡〜桜ヶ丘"
上平原,宮崎交通（株）,"延岡駅〜平田病院〜外浦, 外浦〜平田病院〜延岡駅, 南一ヶ岡〜南延岡・レーヨン〜延岡共立病院, 南一ヶ岡〜鶴ヶ丘団地・延岡駅〜延岡共立病院, 南一ヶ岡〜南延岡〜レーヨン, 東海〜川島小〜南一ヶ岡, 東海〜和田越〜南一ヶ岡, 南一ヶ岡〜鶴ヶ丘・川島小〜東海, 片田回転場〜イオン〜延岡共立病院, 片田団地〜イオン延岡〜イオン多々良, 雷管〜イオン延岡・千代ヶ丘〜桜ヶ丘, 雷管〜緑ヶ丘・イオン延岡〜桜ヶ丘, 片田回転場〜南延岡・イオン延岡〜今山ニュータウン, イオンタウン日向〜一ヶ岡〜レーヨン, イオンタウン日向〜日向病院・一ヶ岡〜レーヨン, イオンタウン日向〜日向病院・旭ヶ丘〜レーヨン"
真竹,美郷町,みさとバス　黒木・小黒木ルート
平原町2丁目,宮崎交通（株）,"片田回転場〜イオン〜延岡共立病院, 片田団地〜イオン延岡〜イオン多々良, 片田回転場〜南延岡・イオン延岡〜今山ニュータウン"
椿ヶ丘入口,宮崎交通（株）,"片田回転場〜イオン〜延岡共立病院, 片田団地〜イオン延岡〜イオン多々良, 片田回転場〜南延岡・イオン延岡〜今山ニュータウン"
学園前,宮崎交通（株）,"雷管〜イオン延岡・千代ヶ丘〜桜ヶ丘, 雷管〜緑ヶ丘・イオン延岡〜桜ヶ丘"
伊木原,延岡市,乗合タクシー「下崎・笠下黒原線」
若葉町,宮崎交通（株）,"片田回転場〜イオン〜延岡共立病院, 片田団地〜イオン延岡〜イオン多々良, 片田回転場〜南延岡・イオン延岡〜今山ニュータウン"
笠下黒原公民館,延岡市,乗合タクシー「下崎・笠下黒原線」
平和橋,宮崎交通（株）,"雷管〜イオン延岡・千代ヶ丘〜桜ヶ丘, 雷管〜緑ヶ丘・イオン延岡〜桜ヶ丘"
緑ヶ丘,宮崎交通（株）,"雷管〜イオン延岡・千代ヶ丘〜桜ヶ丘, 雷管〜緑ヶ丘・イオン延岡〜桜ヶ丘"
中央団地前,宮崎交通（株）,"片田回転場〜イオン〜延岡共立病院, 片田団地〜イオン延岡〜イオン多々良, 片田回転場〜南延岡・イオン延岡〜今山ニュータウン"
小切畑,延岡市,乗合タクシー「上三輪・貝の畑〜岡富線」
中平原,宮崎交通（株）,"延岡駅〜平田病院〜外浦, 外浦〜平田病院〜延岡駅, 南一ヶ岡〜南延岡・レーヨン〜延岡共立病院, 南一ヶ岡〜鶴ヶ丘団地・延岡駅〜延岡共立病院, 南一ヶ岡〜南延岡〜レーヨン, 東海〜川島小〜南一ヶ岡, 東海〜和田越〜南一ヶ岡, 南一ヶ岡〜鶴ヶ丘・川島小〜東海, イオンタウン日向〜一ヶ岡〜レーヨン, イオンタウン日向〜日向病院・一ヶ岡〜レーヨン, イオンタウン日向〜日向病院・旭ヶ丘〜レーヨン"
片田回転場,宮崎交通（株）,"片田回転場〜イオン〜延岡共立病院, 片田団地〜イオン延岡〜イオン多々良, 片田回転場〜南延岡・イオン延岡〜今山ニュータウン"
片田町,宮崎交通（株）,"片田回転場〜イオン〜延岡共立病院, 片田団地〜イオン延岡〜イオン多々良, 片田回転場〜南延岡・イオン延岡〜今山ニュータウン"
西片田町,宮崎交通（株）,"片田回転場〜イオン〜延岡共立病院, 片田団地〜イオン延岡〜イオン多々良, 片田回転場〜南延岡・イオン延岡〜今山ニュータウン"
下平原,宮崎交通（株）,"延岡駅〜平田病院〜外浦, 外浦〜平田病院〜延岡駅, 南一ヶ岡〜南延岡・レーヨン〜延岡共立病院, 南一ヶ岡〜鶴ヶ丘団地・延岡駅〜延岡共立病院, 南一ヶ岡〜南延岡〜レーヨン, 東海〜川島小〜南一ヶ岡, 東海〜和田越〜南一ヶ岡, 南一ヶ岡〜鶴ヶ丘・川島小〜東海, イオンタウン日向〜一ヶ岡〜レーヨン, イオンタウン日向〜日向病院・一ヶ岡〜レーヨン, イオンタウン日向〜日向病院・旭ヶ丘〜レーヨン"
崘出,美郷町,みさとバス　椎野・長野ルート
伊原,延岡市,乗合タクシー「上三輪・貝の畑〜岡富線」
鶴ヶ丘団地,宮崎交通（株）,"南一ヶ岡〜鶴ヶ丘団地・延岡駅〜延岡共立病院, 南一ヶ岡〜鶴ヶ丘・川島小〜東海"
鶴ヶ丘公園,宮崎交通（株）,"南一ヶ岡〜鶴ヶ丘団地・延岡駅〜延岡共立病院, 南一ヶ岡〜鶴ヶ丘・川島小〜東海"
ドン・キホーテ前,宮崎交通（株）,イオンタウン日向〜日向病院・旭ヶ丘〜レーヨン
朝陽,宮崎交通（株）,"延岡駅〜平田病院〜外浦, 外浦〜平田病院〜延岡駅, 南一ヶ岡〜南延岡・レーヨン〜延岡共立病院, 南一ヶ岡〜鶴ヶ丘団地・延岡駅〜延岡共立病院, 南一ヶ岡〜南延岡〜レーヨン, 東海〜川島小〜南一ヶ岡, 東海〜和田越〜南一ヶ岡, 南一ヶ岡〜鶴ヶ丘・川島小〜東海, イオンタウン日向〜一ヶ岡〜レーヨン, イオンタウン日向〜日向病院・一ヶ岡〜レーヨン"
椎野,美郷町,みさとバス　椎野・長野ルート
小黒木,美郷町,"みさとバス　黒木・小黒木ルート, みさとバス　周遊ルート【東方面】"
塩浜町,宮崎交通（株）,イオンタウン日向〜日向病院・旭ヶ丘〜レーヨン
西塩浜,宮崎交通（株）,"延岡駅〜平田病院〜外浦, 外浦〜平田病院〜延岡駅, 南一ヶ岡〜南延岡・レーヨン〜延岡共立病院, 南一ヶ岡〜鶴ヶ丘団地・延岡駅〜延岡共立病院, 南一ヶ岡〜南延岡〜レーヨン, 東海〜川島小〜南一ヶ岡, 東海〜和田越〜南一ヶ岡, 南一ヶ岡〜鶴ヶ丘・川島小〜東海, イオンタウン日向〜一ヶ岡〜レーヨン, イオンタウン日向〜日向病院・一ヶ岡〜レーヨン"
塩浜3丁目,宮崎交通（株）,"延岡駅〜平田病院〜外浦, 外浦〜平田病院〜延岡駅, 南一ヶ岡〜南延岡・レーヨン〜延岡共立病院, 南一ヶ岡〜鶴ヶ丘団地・延岡駅〜延岡共立病院, 南一ヶ岡〜南延岡〜レーヨン, 東海〜川島小〜南一ヶ岡, 東海〜和田越〜南一ヶ岡, 南一ヶ岡〜鶴ヶ丘・川島小〜東海, イオンタウン日向〜一ヶ岡〜レーヨン, イオンタウン日向〜日向病院・一ヶ岡〜レーヨン"
尾戸,美郷町,みさとバス　椎野・長野ルート
中崎,美郷町,みさとバス　椎野・長野ルート
深田ノ原,美郷町,"みさとバス　黒木・小黒木ルート, みさとバス　周遊ルート【東方面】"
笹目橋,宮崎交通（株）,"延岡駅〜平田病院〜外浦, 外浦〜平田病院〜延岡駅, 南一ヶ岡〜南延岡・レーヨン〜延岡共立病院, 南一ヶ岡〜鶴ヶ丘団地・延岡駅〜延岡共立病院, 南一ヶ岡〜南延岡〜レーヨン, 東海〜川島小〜南一ヶ岡, 東海〜和田越〜南一ヶ岡, 南一ヶ岡〜鶴ヶ丘・川島小〜東海, イオンタウン日向〜一ヶ岡〜レーヨン, イオンタウン日向〜日向病院・一ヶ岡〜レーヨン"
ヤキウ,美郷町,"みさとバス　黒木・小黒木ルート, みさとバス　周遊ルート【東方面】"
桃野尾,美郷町,みさとバス　黒木・小黒木ルート
小八重,美郷町,みさとバス　椎野・長野ルート
石田入口,宮崎交通（株）,"延岡駅〜平田病院〜外浦, 外浦〜平田病院〜延岡駅, 南一ヶ岡〜南延岡・レーヨン〜延岡共立病院, 南一ヶ岡〜鶴ヶ丘団地・延岡駅〜延岡共立病院, 南一ヶ岡〜南延岡〜レーヨン, 東海〜川島小〜南一ヶ岡, 東海〜和田越〜南一ヶ岡, 南一ヶ岡〜鶴ヶ丘・川島小〜東海, イオンタウン日向〜一ヶ岡〜レーヨン, イオンタウン日向〜日向病院・一ヶ岡〜レーヨン"
大福良団地,宮崎交通（株）,"延岡駅〜平田病院〜外浦, 外浦〜平田病院〜延岡駅, イオンタウン日向〜一ヶ岡〜レーヨン, イオンタウン日向〜日向病院・一ヶ岡〜レーヨン"
七郎ケ平,美郷町,みさとバス　椎野・長野ルート
秋元,美郷町,みさとバス　黒木・小黒木ルート
天子ノ原,美郷町,"みさとバス　黒木・小黒木ルート, みさとバス　周遊ルート【東方面】"
旭ヶ丘入口,宮崎交通（株）,"延岡駅〜平田病院〜外浦, 外浦〜平田病院〜延岡駅, イオンタウン日向〜一ヶ岡〜レーヨン, イオンタウン日向〜日向病院・一ヶ岡〜レーヨン"
旭ヶ丘,宮崎交通（株）,イオンタウン日向〜日向病院・旭ヶ丘〜レーヨン
伊形新町,宮崎交通（株）,"南一ヶ岡〜南延岡・レーヨン〜延岡共立病院, 南一ヶ岡〜鶴ヶ丘団地・延岡駅〜延岡共立病院, 南一ヶ岡〜南延岡〜レーヨン, 東海〜川島小〜南一ヶ岡, 東海〜和田越〜南一ヶ岡, 南一ヶ岡〜鶴ヶ丘・川島小〜東海"
松瀬,宮崎交通（株）,小原〜宇納間〜イオンタウン日向
一ヶ岡入口,宮崎交通（株）,"南一ヶ岡〜南延岡・レーヨン〜延岡共立病院, 南一ヶ岡〜鶴ヶ丘団地・延岡駅〜延岡共立病院, 南一ヶ岡〜南延岡〜レーヨン, 東海〜川島小〜南一ヶ岡, 東海〜和田越〜南一ヶ岡, 南一ヶ岡〜鶴ヶ丘・川島小〜東海"
北一ヶ岡,宮崎交通（株）,"延岡駅〜平田病院〜外浦, 外浦〜平田病院〜延岡駅, 南一ヶ岡〜南延岡・レーヨン〜延岡共立病院, 南一ヶ岡〜鶴ヶ丘団地・延岡駅〜延岡共立病院, 南一ヶ岡〜南延岡〜レーヨン, 東海〜川島小〜南一ヶ岡, 東海〜和田越〜南一ヶ岡, 南一ヶ岡〜鶴ヶ丘・川島小〜東海, イオンタウン日向〜一ヶ岡〜レーヨン, イオンタウン日向〜日向病院・一ヶ岡〜レーヨン"
伊形,宮崎交通（株）,"南一ヶ岡〜南延岡・レーヨン〜延岡共立病院, 南一ヶ岡〜鶴ヶ丘団地・延岡駅〜延岡共立病院, 南一ヶ岡〜南延岡〜レーヨン, 東海〜川島小〜南一ヶ岡, 東海〜和田越〜南一ヶ岡, 南一ヶ岡〜鶴ヶ丘・川島小〜東海"
県営住宅前,宮崎交通（株）,"延岡駅〜平田病院〜外浦, 外浦〜平田病院〜延岡駅, 南一ヶ岡〜南延岡・レーヨン〜延岡共立病院, 南一ヶ岡〜鶴ヶ丘団地・延岡駅〜延岡共立病院, 南一ヶ岡〜南延岡〜レーヨン, 東海〜川島小〜南一ヶ岡, 東海〜和田越〜南一ヶ岡, 南一ヶ岡〜鶴ヶ丘・川島小〜東海, イオンタウン日向〜一ヶ岡〜レーヨン, イオンタウン日向〜日向病院・一ヶ岡〜レーヨン"
東松原,宮崎交通（株）,イオンタウン日向〜日向病院・旭ヶ丘〜レーヨン
松原町2丁目,宮崎交通（株）,"延岡駅〜平田病院〜外浦, 外浦〜平田病院〜延岡駅, イオンタウン日向〜一ヶ岡〜レーヨン, イオンタウン日向〜日向病院・一ヶ岡〜レーヨン"
黒木,宮崎交通（株）,小原〜宇納間〜イオンタウン日向
黒木,美郷町,"みさとバス　黒木・小黒木ルート, みさとバス　周遊ルート【東方面】"
一ヶ岡小学校入口,宮崎交通（株）,"延岡駅〜平田病院〜外浦, 外浦〜平田病院〜延岡駅, 南一ヶ岡〜南延岡・レーヨン〜延岡共立病院, 南一ヶ岡〜鶴ヶ丘団地・延岡駅〜延岡共立病院, 南一ヶ岡〜南延岡〜レーヨン, 東海〜川島小〜南一ヶ岡, 東海〜和田越〜南一ヶ岡, 南一ヶ岡〜鶴ヶ丘・川島小〜東海, イオンタウン日向〜一ヶ岡〜レーヨン, イオンタウン日向〜日向病院・一ヶ岡〜レーヨン"
八重,美郷町,みさとバス　椎野・長野ルート
入下秋元,美郷町,"みさとバス　黒木・小黒木ルート, みさとバス　周遊ルート【東方面】"
土々呂中学校前,宮崎交通（株）,"延岡駅〜平田病院〜外浦, 外浦〜平田病院〜延岡駅, イオンタウン日向〜一ヶ岡〜レーヨン, イオンタウン日向〜日向病院・一ヶ岡〜レーヨン, イオンタウン日向〜日向病院・旭ヶ丘〜レーヨン"
一ヶ岡,宮崎交通（株）,"南一ヶ岡〜南延岡・レーヨン〜延岡共立病院, 南一ヶ岡〜鶴ヶ丘団地・延岡駅〜延岡共立病院, 南一ヶ岡〜南延岡〜レーヨン, 東海〜川島小〜南一ヶ岡, 東海〜和田越〜南一ヶ岡, 南一ヶ岡〜鶴ヶ丘・川島小〜東海"
板原,宮崎交通（株）,小原〜宇納間〜イオンタウン日向
板ケ原,美郷町,"みさとバス　黒木・小黒木ルート, みさとバス　周遊ルート【東方面】"
堀割,宮崎交通（株）,小原〜宇納間〜イオンタウン日向
一ヶ岡局前,宮崎交通（株）,"南一ヶ岡〜南延岡・レーヨン〜延岡共立病院, 南一ヶ岡〜鶴ヶ丘団地・延岡駅〜延岡共立病院, 南一ヶ岡〜南延岡〜レーヨン, 東海〜川島小〜南一ヶ岡, 東海〜和田越〜南一ヶ岡, 南一ヶ岡〜鶴ヶ丘・川島小〜東海"
土々呂公園前,宮崎交通（株）,"延岡駅〜平田病院〜外浦, 外浦〜平田病院〜延岡駅, イオンタウン日向〜一ヶ岡〜レーヨン, イオンタウン日向〜日向病院・一ヶ岡〜レーヨン, イオンタウン日向〜日向病院・旭ヶ丘〜レーヨン"
諸塚診療所,諸塚村,ふれあいタクシー　シャトルバス
貯水場入口,宮崎交通（株）,"南一ヶ岡〜南延岡・レーヨン〜延岡共立病院, 南一ヶ岡〜鶴ヶ丘団地・延岡駅〜延岡共立病院, 南一ヶ岡〜南延岡〜レーヨン, 東海〜川島小〜南一ヶ岡, 東海〜和田越〜南一ヶ岡, 南一ヶ岡〜鶴ヶ丘・川島小〜東海"
外浦,宮崎交通（株）,"延岡駅〜平田病院〜外浦, 外浦〜平田病院〜延岡駅"
清川,美郷町,みさとバス　椎野・長野ルート
南一ヶ岡,宮崎交通（株）,"南一ヶ岡〜南延岡・レーヨン〜延岡共立病院, 南一ヶ岡〜鶴ヶ丘団地・延岡駅〜延岡共立病院, 南一ヶ岡〜南延岡〜レーヨン, 東海〜川島小〜南一ヶ岡, 東海〜和田越〜南一ヶ岡, 南一ヶ岡〜鶴ヶ丘・川島小〜東海"
椛木,美郷町,"みさとバス　椎野・長野ルート, みさとバス　周遊ルート【西方面】"
小原,宮崎交通（株）,小原〜宇納間〜イオンタウン日向
小原,美郷町,"みさとバス　椎野・長野ルート, みさとバス　周遊ルート【西方面】"
役場,諸塚村,ふれあいタクシー　シャトルバス
赤水（ぶり御殿前）,宮崎交通（株）,"延岡駅〜平田病院〜外浦, 外浦〜平田病院〜延岡駅"
歯科診療所,諸塚村,ふれあいタクシー　シャトルバス
佐土の谷,宮崎交通（株）,"塚原〜上椎葉, イオンタウン日向〜さいごう温泉・塚原〜上椎葉, イオンタウン日向〜塚原〜上椎葉, 上椎葉〜塚原〜道の駅とうごう"
土々呂海岸通,宮崎交通（株）,"イオンタウン日向〜一ヶ岡〜レーヨン, イオンタウン日向〜日向病院・一ヶ岡〜レーヨン, イオンタウン日向〜日向病院・旭ヶ丘〜レーヨン"
舟方,宮崎交通（株）,小原〜宇納間〜イオンタウン日向
舟方,美郷町,"みさとバス　黒木・小黒木ルート, みさとバス　周遊ルート【東方面】"
吐の川,諸塚村,ふれあいタクシー　シャトルバス
商店街,諸塚村,ふれあいタクシー　シャトルバス
土々呂漁港前,宮崎交通（株）,"延岡駅〜平田病院〜外浦, 外浦〜平田病院〜延岡駅"
塚原,宮崎交通（株）,"イオンタウン日向〜塚原, 塚原〜上椎葉, イオンタウン日向〜さいごう温泉〜塚原, 道の駅とうごう〜塚原, イオンタウン日向〜さいごう温泉・塚原〜上椎葉, イオンタウン日向〜塚原〜上椎葉, 上椎葉〜塚原〜道の駅とうごう"
重野々,宮崎交通（株）,小原〜宇納間〜イオンタウン日向
重野々,美郷町,"みさとバス　椎野・長野ルート, みさとバス　周遊ルート【西方面】"
諸塚,宮崎交通（株）,"イオンタウン日向〜塚原, イオンタウン日向〜さいごう温泉〜塚原, 道の駅とうごう〜塚原, イオンタウン日向〜さいごう温泉・塚原〜上椎葉, イオンタウン日向〜塚原〜上椎葉, 上椎葉〜塚原〜道の駅とうごう"
土々呂,宮崎交通（株）,"延岡駅〜平田病院〜外浦, 外浦〜平田病院〜延岡駅, イオンタウン日向〜一ヶ岡〜レーヨン, イオンタウン日向〜日向病院・一ヶ岡〜レーヨン, イオンタウン日向〜日向病院・旭ヶ丘〜レーヨン"
古園,宮崎交通（株）,"塚原〜上椎葉, イオンタウン日向〜さいごう温泉・塚原〜上椎葉, イオンタウン日向〜塚原〜上椎葉, 上椎葉〜塚原〜道の駅とうごう"
桟橋商店街,宮崎交通（株）,"延岡駅〜平田病院〜外浦, 外浦〜平田病院〜延岡駅"
JA諸塚支店・Aコープ,諸塚村,ふれあいタクシー　シャトルバス
椎原橋,宮崎交通（株）,"イオンタウン日向〜塚原, イオンタウン日向〜さいごう温泉〜塚原, 道の駅とうごう〜塚原, イオンタウン日向〜さいごう温泉・塚原〜上椎葉, イオンタウン日向〜塚原〜上椎葉, 上椎葉〜塚原〜道の駅とうごう"
平田病院,宮崎交通（株）,"延岡駅〜平田病院〜外浦, 外浦〜平田病院〜延岡駅"
洲の鼻,宮崎交通（株）,"延岡駅〜平田病院〜外浦, 外浦〜平田病院〜延岡駅"
土々呂町4丁目,宮崎交通（株）,"延岡駅〜平田病院〜外浦, 外浦〜平田病院〜延岡駅"
庭谷,宮崎交通（株）,小原〜宇納間〜イオンタウン日向
桶河,宮崎交通（株）,"延岡駅〜平田病院〜外浦, 外浦〜平田病院〜延岡駅"
妙見,宮崎交通（株）,"延岡駅〜平田病院〜外浦, 外浦〜平田病院〜延岡駅"
鯛名,宮崎交通（株）,"延岡駅〜平田病院〜外浦, 外浦〜平田病院〜延岡駅"
保育所前,宮崎交通（株）,"イオンタウン日向〜塚原, イオンタウン日向〜さいごう温泉〜塚原, 道の駅とうごう〜塚原, イオンタウン日向〜さいごう温泉・塚原〜上椎葉, イオンタウン日向〜塚原〜上椎葉, 上椎葉〜塚原〜道の駅とうごう"
鹿猪谷,美郷町,"みさとバス　椎野・長野ルート, みさとバス　周遊ルート【西方面】"
名水小学校前,宮崎交通（株）,"延岡駅〜平田病院〜外浦, 外浦〜平田病院〜延岡駅"
板木,宮崎交通（株）,小原〜宇納間〜イオンタウン日向
板木,美郷町,"みさとバス　椎野・長野ルート, みさとバス　周遊ルート【西方面】"
太田,宮崎交通（株）,"延岡駅〜平田病院〜外浦, 外浦〜平田病院〜延岡駅"
櫛津,宮崎交通（株）,"イオンタウン日向〜一ヶ岡〜レーヨン, イオンタウン日向〜日向病院・一ヶ岡〜レーヨン, イオンタウン日向〜日向病院・旭ヶ丘〜レーヨン"
古川,宮崎交通（株）,"イオンタウン日向〜塚原, イオンタウン日向〜さいごう温泉〜塚原, 道の駅とうごう〜塚原, イオンタウン日向〜さいごう温泉・塚原〜上椎葉, イオンタウン日向〜塚原〜上椎葉, 上椎葉〜塚原〜道の駅とうごう"
尾ノ平,美郷町,みさとバス　上・中・下ルート
宇納間神社前,宮崎交通（株）,小原〜宇納間〜イオンタウン日向
木ヶ倉,宮崎交通（株）,"イオンタウン日向〜塚原, イオンタウン日向〜さいごう温泉〜塚原, 道の駅とうごう〜塚原, イオンタウン日向〜さいごう温泉・塚原〜上椎葉, イオンタウン日向〜塚原〜上椎葉, 上椎葉〜塚原〜道の駅とうごう"
細宇納間,美郷町,"みさとバス　黒木・小黒木ルート, みさとバス　椎野・長野ルート, みさとバス　周遊ルート【東方面】"
古園円堤前,宮崎交通（株）,"塚原〜上椎葉, イオンタウン日向〜さいごう温泉・塚原〜上椎葉, イオンタウン日向〜塚原〜上椎葉, 上椎葉〜塚原〜道の駅とうごう"
竹の八重,宮崎交通（株）,"塚原〜上椎葉, イオンタウン日向〜さいごう温泉・塚原〜上椎葉, イオンタウン日向〜塚原〜上椎葉, 上椎葉〜塚原〜道の駅とうごう"
永願寺奥ノ院入り口,門川町,竹名・中村線
池ノ原,美郷町,"みさとバス　椎野・長野ルート, みさとバス　周遊ルート【東方面】"
JA北郷前,美郷町,"みさとバス　黒木・小黒木ルート, みさとバス　椎野・長野ルート"
JA北郷,美郷町,"みさとバス　周遊ルート【東方面】, みさとバス　周遊ルート【西方面】"
北の郷,宮崎交通（株）,小原〜宇納間〜イオンタウン日向
一本木,宮崎交通（株）,"イオンタウン日向〜塚原, イオンタウン日向〜さいごう温泉〜塚原, 道の駅とうごう〜塚原, イオンタウン日向〜さいごう温泉・塚原〜上椎葉, イオンタウン日向〜塚原〜上椎葉, 上椎葉〜塚原〜道の駅とうごう"
アカリ橋,宮崎交通（株）,小原〜宇納間〜イオンタウン日向
宇納間,宮崎交通（株）,小原〜宇納間〜イオンタウン日向
中原,美郷町,"みさとバス　黒木・小黒木ルート, みさとバス　椎野・長野ルート, みさとバス　周遊ルート【東方面】, みさとバス　周遊ルート【西方面】"
中角,宮崎交通（株）,小原〜宇納間〜イオンタウン日向
中角,美郷町,"みさとバス　黒木・小黒木ルート, みさとバス　周遊ルート【東方面】"
下の原,宮崎交通（株）,小原〜宇納間〜イオンタウン日向
下の原,美郷町,"みさとバス　黒木・小黒木ルート, みさとバス　周遊ルート【東方面】"
おし谷,宮崎交通（株）,"塚原〜上椎葉, イオンタウン日向〜さいごう温泉・塚原〜上椎葉, イオンタウン日向〜塚原〜上椎葉, 上椎葉〜塚原〜道の駅とうごう"
椎原,美郷町,みさとバス　上・中・下ルート
大迫,門川町,大迫・庵川線
下角,宮崎交通（株）,小原〜宇納間〜イオンタウン日向
北郷支所前,宮崎交通（株）,小原〜宇納間〜イオンタウン日向
尾平,美郷町,みさとバス　黒木・小黒木ルート
入下本村,美郷町,みさとバス　黒木・小黒木ルート
尾佐渡,美郷町,みさとバス　上・中・下ルート
北郷支所,美郷町,"みさとバス　黒木・小黒木ルート, みさとバス　椎野・長野ルート, みさとバス　周遊ルート【東方面】, みさとバス　周遊ルート【西方面】"
黒原,美郷町,みさとバス　黒木・小黒木ルート
長堀,宮崎交通（株）,小原〜宇納間〜イオンタウン日向
長堀,美郷町,"みさとバス　黒木・小黒木ルート, みさとバス　周遊ルート【東方面】"
診療所前,宮崎交通（株）,小原〜宇納間〜イオンタウン日向
小原,美郷町,みさとバス　黒木・小黒木ルート
甲田,宮崎交通（株）,小原〜宇納間〜イオンタウン日向
汐橋,美郷町,"みさとバス　椎野・長野ルート, みさとバス　周遊ルート【東方面】, みさとバス　周遊ルート【西方面】"
長崎,美郷町,みさとバス　上・中・下ルート
大船地区集会所,門川町,大迫・庵川線
船越,宮崎交通（株）,"イオンタウン日向〜一ヶ岡〜レーヨン, イオンタウン日向〜日向病院・一ヶ岡〜レーヨン, イオンタウン日向〜日向病院・旭ヶ丘〜レーヨン"
中田,宮崎交通（株）,小原〜宇納間〜イオンタウン日向
北郷小学校,宮崎交通（株）,小原〜宇納間〜イオンタウン日向
宮ノ脇,美郷町,みさとバス　黒木・小黒木ルート
中山,美郷町,"みさとバス　鬼神野・渡川ルート, みさとバス　上・中・下ルート"
鳥の巣,宮崎交通（株）,"イオンタウン日向〜塚原, イオンタウン日向〜さいごう温泉〜塚原, 道の駅とうごう〜塚原, イオンタウン日向〜さいごう温泉・塚原〜上椎葉, イオンタウン日向〜塚原〜上椎葉, 上椎葉〜塚原〜道の駅とうごう"
づりの原,宮崎交通（株）,小原〜宇納間〜イオンタウン日向
づりの原,美郷町,みさとバス　黒木・小黒木ルート
神舞,宮崎交通（株）,小原〜宇納間〜イオンタウン日向
谷ノ山,門川町,谷の山線
入下神社,美郷町,みさとバス　黒木・小黒木ルート
中村公民館,門川町,竹名・中村線
持田,美郷町,みさとバス　上・中・下ルート
江後の崎,宮崎交通（株）,"塚原〜上椎葉, イオンタウン日向〜さいごう温泉・塚原〜上椎葉, イオンタウン日向〜塚原〜上椎葉, 上椎葉〜塚原〜道の駅とうごう"
椿原,美郷町,みさとバス　黒木・小黒木ルート
入下局前,宮崎交通（株）,小原〜宇納間〜イオンタウン日向
入下,美郷町,"みさとバス　黒木・小黒木ルート, みさとバス　周遊ルート【東方面】"
野々尾,美郷町,みさとバス　上・中・下ルート
入下グラウンド前,宮崎交通（株）,小原〜宇納間〜イオンタウン日向
鳥の巣,美郷町,みさとバス　上・中・下ルート
椿原,宮崎交通（株）,小原〜宇納間〜イオンタウン日向
島戸,美郷町,みさとバス　上・中・下ルート
尾地ヶ谷,宮崎交通（株）,小原〜宇納間〜イオンタウン日向
椿原バス停,美郷町,"みさとバス　黒木・小黒木ルート, みさとバス　周遊ルート【東方面】"
中村,門川町,竹名・中村線
須賀崎3丁目,門川町,大迫・庵川線
中八重,美郷町,みさとバス　上・中・下ルート
岩屋谷,美郷町,みさとバス　上・中・下ルート
加草,宮崎交通（株）,"イオンタウン日向〜一ヶ岡〜レーヨン, イオンタウン日向〜日向病院・一ヶ岡〜レーヨン, イオンタウン日向〜日向病院・旭ヶ丘〜レーヨン"
三ヶ瀬入口,宮崎交通（株）,小原〜宇納間〜イオンタウン日向
坂元公民館前,美郷町,"みさとバス　黒木・小黒木ルート, みさとバス　椎野・長野ルート"
坂元公民館,美郷町,みさとバス　周遊ルート【西方面】
米花,美郷町,みさとバス　椎野・長野ルート
荒谷,宮崎交通（株）,"イオンタウン日向〜塚原, イオンタウン日向〜さいごう温泉〜塚原, 道の駅とうごう〜塚原, イオンタウン日向〜さいごう温泉・塚原〜上椎葉, イオンタウン日向〜塚原〜上椎葉, 上椎葉〜塚原〜道の駅とうごう"
西門川,宮崎交通（株）,小原〜宇納間〜イオンタウン日向
須賀崎5丁目,門川町,大迫・庵川線
旧岩屋戸,宮崎交通（株）,"塚原〜上椎葉, イオンタウン日向〜さいごう温泉・塚原〜上椎葉, イオンタウン日向〜塚原〜上椎葉, 上椎葉〜塚原〜道の駅とうごう"
竹名①,門川町,竹名・中村線
枝,門川町,竹名・中村線
長野,美郷町,"みさとバス　椎野・長野ルート, みさとバス　周遊ルート【西方面】"
松の越,美郷町,みさとバス　上・中・下ルート
荒谷,美郷町,みさとバス　上・中・下ルート
片平,美郷町,みさとバス　椎野・長野ルート
松尾橋,宮崎交通（株）,"塚原〜上椎葉, イオンタウン日向〜さいごう温泉・塚原〜上椎葉, イオンタウン日向〜塚原〜上椎葉, 上椎葉〜塚原〜道の駅とうごう"
坂元,美郷町,みさとバス　椎野・長野ルート
草川小学校入口,宮崎交通（株）,"イオンタウン日向〜一ヶ岡〜レーヨン, イオンタウン日向〜日向病院・一ヶ岡〜レーヨン, イオンタウン日向〜日向病院・旭ヶ丘〜レーヨン"
森迫胃腸科内科前,門川町,"牧山線, 谷の山線"
田谷,美郷町,"みさとバス　椎野・長野ルート, みさとバス　周遊ルート【西方面】"
竹名②,門川町,竹名・中村線
岩屋戸,宮崎交通（株）,"塚原〜上椎葉, イオンタウン日向〜さいごう温泉・塚原〜上椎葉, イオンタウン日向〜塚原〜上椎葉, 上椎葉〜塚原〜道の駅とうごう"
加草4区,門川町,"牧山線, 谷の山線, 大迫・庵川線"
中組,美郷町,"みさとバス　椎野・長野ルート, みさとバス　周遊ルート【西方面】"
かどがわ温泉心の杜,門川町,"牧山線, 谷の山線, 大迫・庵川線"
加草2区,門川町,大迫・庵川線
加草3区公民館,門川町,"牧山線, 谷の山線"
下熊毛田,宮崎交通（株）,小原〜宇納間〜イオンタウン日向
小切畑,宮崎交通（株）,小原〜宇納間〜イオンタウン日向
加草5区,門川町,大迫・庵川線
津々良,宮崎交通（株）,小原〜宇納間〜イオンタウン日向
遠見の里前,門川町,"牧山線, 谷の山線, 大迫・庵川線"
門川海浜公園入口,宮崎交通（株）,"イオンタウン日向〜一ヶ岡〜レーヨン, イオンタウン日向〜日向病院・一ヶ岡〜レーヨン, イオンタウン日向〜日向病院・旭ヶ丘〜レーヨン"
グリヤード前,門川町,"牧山線, 谷の山線, 大迫・庵川線"
宮ヶ原,門川町,竹名・中村線
民宿牧山前,門川町,"牧山線, 谷の山線, 大迫・庵川線"
庵川東,門川町,"牧山線, 谷の山線, 大迫・庵川線"
中山,門川町,"中山・五十鈴線, 大池・中山線"
熊毛田,宮崎交通（株）,小原〜宇納間〜イオンタウン日向
庵川西,門川町,大迫・庵川線
谷波帰,宮崎交通（株）,小原〜宇納間〜イオンタウン日向
ステップ前,門川町,竹名・中村線
田中病院,門川町,"牧山線, 谷の山線, 大迫・庵川線, 竹名・中村線, 中山・五十鈴線, 大池・中山線, 本町巡回線"
笠原,宮崎交通（株）,小原〜宇納間〜イオンタウン日向
新川橋手前,門川町,"牧山線, 谷の山線"
山瀬,美郷町,みさとバス　上・中・下ルート
病院入口,宮崎交通（株）,小原〜宇納間〜イオンタウン日向
サンシールさの,門川町,"牧山線, 谷の山線, 大迫・庵川線, 竹名・中村線, 中山・五十鈴線, 大池・中山線, 本町巡回線"
春,宮崎交通（株）,"塚原〜上椎葉, イオンタウン日向〜さいごう温泉・塚原〜上椎葉, イオンタウン日向〜塚原〜上椎葉, 上椎葉〜塚原〜道の駅とうごう"
板屋,美郷町,みさとバス　椎野・長野ルート
平城北入口,宮崎交通（株）,小原〜宇納間〜イオンタウン日向
門川中学校,宮崎交通（株）,小原〜宇納間〜イオンタウン日向
山須原,美郷町,みさとバス　上・中・下ルート
鳴子橋,宮崎交通（株）,"イオンタウン日向〜一ヶ岡〜レーヨン, 小原〜宇納間〜イオンタウン日向, イオンタウン日向〜日向病院・一ヶ岡〜レーヨン, イオンタウン日向〜日向病院・旭ヶ丘〜レーヨン"
民宿母子里前,門川町,"牧山線, 谷の山線"
山須原,宮崎交通（株）,"イオンタウン日向〜塚原, イオンタウン日向〜さいごう温泉〜塚原, 道の駅とうごう〜塚原, イオンタウン日向〜さいごう温泉・塚原〜上椎葉, イオンタウン日向〜塚原〜上椎葉, 上椎葉〜塚原〜道の駅とうごう"
農高北口,宮崎交通（株）,小原〜宇納間〜イオンタウン日向
門川駅前,宮崎交通（株）,小原〜宇納間〜イオンタウン日向
門川駅,門川町,"牧山線, 谷の山線, 大迫・庵川線, 竹名・中村線, 中山・五十鈴線, 大池・中山線, 本町巡回線"
牧山霊園前,門川町,"牧山線, 谷の山線"
高鍋信用金庫前,門川町,"牧山線, 谷の山線, 大迫・庵川線, 竹名・中村線, 中山・五十鈴線, 大池・中山線, 本町巡回線"
栄ヶ丘,門川町,大池・中山線
城ヶ丘,門川町,"中山・五十鈴線, 大池・中山線"
小松,宮崎交通（株）,小原〜宇納間〜イオンタウン日向
中椎葉,宮崎交通（株）,"塚原〜上椎葉, イオンタウン日向〜さいごう温泉・塚原〜上椎葉, イオンタウン日向〜塚原〜上椎葉, 上椎葉〜塚原〜道の駅とうごう"
上納屋,宮崎交通（株）,"イオンタウン日向〜一ヶ岡〜レーヨン, 小原〜宇納間〜イオンタウン日向, イオンタウン日向〜日向病院・一ヶ岡〜レーヨン, イオンタウン日向〜日向病院・旭ヶ丘〜レーヨン"
平城,門川町,"中山・五十鈴線, 大池・中山線"
金磯入口,門川町,"牧山線, 谷の山線"
中山集落センター,門川町,"中山・五十鈴線, 大池・中山線"
上納屋公民館,門川町,"牧山線, 谷の山線, 大迫・庵川線, 竹名・中村線, 中山・五十鈴線, 大池・中山線, 本町巡回線"
梅の木,宮崎交通（株）,小原〜宇納間〜イオンタウン日向
梅の木,門川町,大池・中山線
Aコープ門川店,門川町,"牧山線, 谷の山線, 大迫・庵川線, 竹名・中村線, 中山・五十鈴線, 大池・中山線, 本町巡回線"
下椎葉上,宮崎交通（株）,"塚原〜上椎葉, イオンタウン日向〜さいごう温泉・塚原〜上椎葉, イオンタウン日向〜塚原〜上椎葉, 上椎葉〜塚原〜道の駅とうごう"
牧山公民館,門川町,"牧山線, 谷の山線"
石原,宮崎交通（株）,"塚原〜上椎葉, イオンタウン日向〜さいごう温泉・塚原〜上椎葉, イオンタウン日向〜塚原〜上椎葉, 上椎葉〜塚原〜道の駅とうごう"
白石病院,門川町,"牧山線, 谷の山線, 大迫・庵川線, 竹名・中村線, 中山・五十鈴線, 大池・中山線, 本町巡回線"
中山神社,宮崎交通（株）,小原〜宇納間〜イオンタウン日向
下椎葉,宮崎交通（株）,"塚原〜上椎葉, イオンタウン日向〜さいごう温泉・塚原〜上椎葉, イオンタウン日向〜塚原〜上椎葉, 上椎葉〜塚原〜道の駅とうごう"
町立図書館,門川町,"牧山線, 谷の山線, 大迫・庵川線, 竹名・中村線, 中山・五十鈴線, 大池・中山線, 本町巡回線"
佐礼,宮崎交通（株）,"塚原〜上椎葉, イオンタウン日向〜さいごう温泉・塚原〜上椎葉, イオンタウン日向〜塚原〜上椎葉, 上椎葉〜塚原〜道の駅とうごう"
下納屋公民館,門川町,"牧山線, 谷の山線, 大迫・庵川線, 竹名・中村線, 中山・五十鈴線, 大池・中山線, 本町巡回線"
丸口,宮崎交通（株）,小原〜宇納間〜イオンタウン日向
丸口,門川町,大池・中山線
平城団地前,門川町,中山・五十鈴線
門川漁協前,門川町,"牧山線, 谷の山線, 大迫・庵川線, 竹名・中村線, 中山・五十鈴線, 大池・中山線, 本町巡回線"
門川町役場,門川町,"牧山線, 谷の山線, 大迫・庵川線, 竹名・中村線, 中山・五十鈴線, 大池・中山線, 本町巡回線"
六弥太,宮崎交通（株）,"塚原〜上椎葉, イオンタウン日向〜さいごう温泉・塚原〜上椎葉, イオンタウン日向〜塚原〜上椎葉, 上椎葉〜塚原〜道の駅とうごう"
門川本町,宮崎交通（株）,"イオンタウン日向〜一ヶ岡〜レーヨン, 小原〜宇納間〜イオンタウン日向, イオンタウン日向〜日向病院・一ヶ岡〜レーヨン, イオンタウン日向〜日向病院・旭ヶ丘〜レーヨン"
門川本町バス停,門川町,"牧山線, 谷の山線, 大迫・庵川線, 竹名・中村線, 中山・五十鈴線, 大池・中山線, 本町巡回線"
那須橋,宮崎交通（株）,"塚原〜上椎葉, イオンタウン日向〜さいごう温泉・塚原〜上椎葉, イオンタウン日向〜塚原〜上椎葉, 上椎葉〜塚原〜道の駅とうごう"
小園,宮崎交通（株）,小原〜宇納間〜イオンタウン日向
小園,門川町,大池・中山線
旭町,門川町,"牧山線, 谷の山線, 大迫・庵川線, 竹名・中村線, 中山・五十鈴線, 大池・中山線, 本町巡回線"
中尾平,宮崎交通（株）,"塚原〜上椎葉, イオンタウン日向〜さいごう温泉・塚原〜上椎葉, イオンタウン日向〜塚原〜上椎葉, 上椎葉〜塚原〜道の駅とうごう"
五十鈴②,門川町,中山・五十鈴線
尾末東,門川町,"牧山線, 谷の山線, 大迫・庵川線, 竹名・中村線, 中山・五十鈴線, 大池・中山線, 本町巡回線"
八坂神社前,門川町,中山・五十鈴線
椎葉下区,宮崎交通（株）,"塚原〜上椎葉, イオンタウン日向〜さいごう温泉・塚原〜上椎葉, イオンタウン日向〜塚原〜上椎葉, 上椎葉〜塚原〜道の駅とうごう"
上尾平,宮崎交通（株）,"塚原〜上椎葉, イオンタウン日向〜さいごう温泉・塚原〜上椎葉, イオンタウン日向〜塚原〜上椎葉, 上椎葉〜塚原〜道の駅とうごう"
小八重,美郷町,みさとバス　上・中・下ルート
長田整形外科前,門川町,"牧山線, 谷の山線, 大迫・庵川線, 竹名・中村線, 中山・五十鈴線, 大池・中山線, 本町巡回線"
城屋敷,門川町,中山・五十鈴線
大池,門川町,大池・中山線
上町,門川町,"牧山線, 谷の山線, 大迫・庵川線, 竹名・中村線, 中山・五十鈴線, 大池・中山線, 本町巡回線"
中須,宮崎交通（株）,"イオンタウン日向〜一ヶ岡〜レーヨン, 小原〜宇納間〜イオンタウン日向, イオンタウン日向〜日向病院・一ヶ岡〜レーヨン, イオンタウン日向〜日向病院・旭ヶ丘〜レーヨン"
役場前,宮崎交通（株）,"塚原〜上椎葉, イオンタウン日向〜さいごう温泉・塚原〜上椎葉, イオンタウン日向〜塚原〜上椎葉, 上椎葉〜塚原〜道の駅とうごう"
五十鈴①,門川町,中山・五十鈴線
山三箇,宮崎交通（株）,"イオンタウン日向〜塚原, イオンタウン日向〜さいごう温泉〜塚原, 道の駅とうごう〜塚原, イオンタウン日向〜さいごう温泉・塚原〜上椎葉, イオンタウン日向〜塚原〜上椎葉, 上椎葉〜塚原〜道の駅とうごう"
上椎葉,宮崎交通（株）,"塚原〜上椎葉, イオンタウン日向〜さいごう温泉・塚原〜上椎葉, イオンタウン日向〜塚原〜上椎葉, 上椎葉〜塚原〜道の駅とうごう"
若宮,美郷町,みさとバス　若宮・上八峡ルート
小布所,美郷町,みさとバス　小原・立石ルート
組崎,宮崎交通（株）,"イオンタウン日向〜塚原, イオンタウン日向〜さいごう温泉〜塚原, 道の駅とうごう〜塚原, イオンタウン日向〜さいごう温泉・塚原〜上椎葉, イオンタウン日向〜塚原〜上椎葉, 上椎葉〜塚原〜道の駅とうごう"
小八重,宮崎交通（株）,"イオンタウン日向〜塚原, イオンタウン日向〜さいごう温泉〜塚原, 道の駅とうごう〜塚原, イオンタウン日向〜さいごう温泉・塚原〜上椎葉, イオンタウン日向〜塚原〜上椎葉, 上椎葉〜塚原〜道の駅とうごう"
総合文化会館入口,門川町,"牧山線, 谷の山線, 大迫・庵川線, 竹名・中村線, 中山・五十鈴線, 大池・中山線, 本町巡回線"
漆野,美郷町,みさとバス　小原・立石ルート
上古川,宮崎交通（株）,"イオンタウン日向〜塚原, イオンタウン日向〜さいごう温泉〜塚原, 道の駅とうごう〜塚原, イオンタウン日向〜さいごう温泉・塚原〜上椎葉, イオンタウン日向〜塚原〜上椎葉, 上椎葉〜塚原〜道の駅とうごう"
大久保,美郷町,みさとバス　小原・立石ルート
柴尾医院,門川町,"牧山線, 谷の山線, 大迫・庵川線, 竹名・中村線, 中山・五十鈴線, 大池・中山線, 本町巡回線"
増谷・谷内,美郷町,みさとバス　小原・立石ルート
東古川,宮崎交通（株）,"イオンタウン日向〜一ヶ岡〜レーヨン, イオンタウン日向〜日向病院・一ヶ岡〜レーヨン, イオンタウン日向〜日向病院・旭ヶ丘〜レーヨン"
荒平,宮崎交通（株）,"イオンタウン日向〜塚原, イオンタウン日向〜さいごう温泉〜塚原, 道の駅とうごう〜塚原, イオンタウン日向〜さいごう温泉・塚原〜上椎葉, イオンタウン日向〜塚原〜上椎葉, 上椎葉〜塚原〜道の駅とうごう"
南ヶ丘,門川町,"牧山線, 谷の山線, 大迫・庵川線, 竹名・中村線, 中山・五十鈴線, 大池・中山線, 本町巡回線"
和田,美郷町,みさとバス　若宮・上八峡ルート
南町,宮崎交通（株）,小原〜宇納間〜イオンタウン日向
南町2区公民館,門川町,"牧山線, 谷の山線, 大迫・庵川線, 竹名・中村線, 中山・五十鈴線, 大池・中山線, 本町巡回線"
南ヶ丘公民館,門川町,"牧山線, 谷の山線, 大迫・庵川線, 竹名・中村線, 中山・五十鈴線, 大池・中山線, 本町巡回線"
日向病院,宮崎交通（株）,"小原〜宇納間〜イオンタウン日向, イオンタウン日向〜日向病院・一ヶ岡〜レーヨン, イオンタウン日向〜日向病院・旭ヶ丘〜レーヨン"
日向病院,門川町,"牧山線, 谷の山線, 大迫・庵川線, 竹名・中村線, 中山・五十鈴線, 大池・中山線, 本町巡回線"
立石,美郷町,みさとバス　小原・立石ルート
上八峡,美郷町,みさとバス　若宮・上八峡ルート
和田,宮崎交通（株）,"イオンタウン日向〜塚原, イオンタウン日向〜さいごう温泉〜塚原, 道の駅とうごう〜塚原, イオンタウン日向〜さいごう温泉・塚原〜上椎葉, イオンタウン日向〜塚原〜上椎葉, 上椎葉〜塚原〜道の駅とうごう"
笹陰,宮崎交通（株）,"イオンタウン日向〜塚原, イオンタウン日向〜さいごう温泉〜塚原, 道の駅とうごう〜塚原, イオンタウン日向〜さいごう温泉・塚原〜上椎葉, イオンタウン日向〜塚原〜上椎葉, 上椎葉〜塚原〜道の駅とうごう"
梶木,宮崎交通（株）,"イオンタウン日向〜一ヶ岡〜レーヨン, 小原〜宇納間〜イオンタウン日向, イオンタウン日向〜日向病院・一ヶ岡〜レーヨン, イオンタウン日向〜日向病院・旭ヶ丘〜レーヨン"
小原,美郷町,みさとバス　小原・立石ルート
坂元,宮崎交通（株）,"イオンタウン日向〜塚原, イオンタウン日向〜さいごう温泉〜塚原, 道の駅とうごう〜塚原, イオンタウン日向〜さいごう温泉・塚原〜上椎葉, イオンタウン日向〜塚原〜上椎葉, 上椎葉〜塚原〜道の駅とうごう"
中尾,美郷町,みさとバス　小原・立石ルート
木浦,美郷町,みさとバス　小原・立石ルート
梶木公民館,日向市,ぷらっとバス　北2
おせりの滝入口,宮崎交通（株）,"イオンタウン日向〜塚原, イオンタウン日向〜さいごう温泉〜塚原, 道の駅とうごう〜塚原, イオンタウン日向〜さいごう温泉・塚原〜上椎葉, イオンタウン日向〜塚原〜上椎葉, 上椎葉〜塚原〜道の駅とうごう"
舟戸,美郷町,みさとバス　若宮・上八峡ルート
仙ヶ崎,宮崎交通（株）,"イオンタウン日向〜一ヶ岡〜レーヨン, 小原〜宇納間〜イオンタウン日向, イオンタウン日向〜日向病院・一ヶ岡〜レーヨン, イオンタウン日向〜日向病院・旭ヶ丘〜レーヨン"
西郷発電所前,宮崎交通（株）,"イオンタウン日向〜塚原, イオンタウン日向〜さいごう温泉〜塚原, 道の駅とうごう〜塚原, イオンタウン日向〜さいごう温泉・塚原〜上椎葉, イオンタウン日向〜塚原〜上椎葉, 上椎葉〜塚原〜道の駅とうごう"
ミスターマックス日向ショッピングセンター,日向市,ぷらっとバス　北2
原良,美郷町,みさとバス　若宮・上八峡ルート
丸山,宮崎交通（株）,"イオンタウン日向〜一ヶ岡〜レーヨン, 小原〜宇納間〜イオンタウン日向, イオンタウン日向〜日向病院・一ヶ岡〜レーヨン, イオンタウン日向〜日向病院・旭ヶ丘〜レーヨン"
大王谷運動公園入口,日向市,ぷらっとバス　北2
下八峡三叉路,美郷町,みさとバス　若宮・上八峡ルート
曙橋,日向市,ぷらっとバス　北2
大王谷市営住宅入口,日向市,ぷらっとバス　北2
花水流公民館,美郷町,みさとバス　若宮・上八峡ルート
大王谷市営住宅,日向市,ぷらっとバス　北2
日向台,日向市,ぷらっとバス　北1
大王谷入口,宮崎交通（株）,"イオンタウン日向〜一ヶ岡〜レーヨン, 小原〜宇納間〜イオンタウン日向, イオンタウン日向〜日向病院・一ヶ岡〜レーヨン, イオンタウン日向〜日向病院・旭ヶ丘〜レーヨン"
田代学校下,宮崎交通（株）,"イオンタウン日向〜塚原, イオンタウン日向〜さいごう温泉〜塚原, 道の駅とうごう〜塚原, イオンタウン日向〜さいごう温泉・塚原〜上椎葉, イオンタウン日向〜塚原〜上椎葉, 上椎葉〜塚原〜道の駅とうごう"
美郷町役場前,宮崎交通（株）,"イオンタウン日向〜塚原, イオンタウン日向〜さいごう温泉〜塚原, 道の駅とうごう〜塚原, イオンタウン日向〜さいごう温泉・塚原〜上椎葉, イオンタウン日向〜塚原〜上椎葉, 上椎葉〜塚原〜道の駅とうごう"
西郷病院,美郷町,"みさとバス　西郷〜南郷間, みさとバス　上・中・下ルート, みさとバス　小原・立石ルート, みさとバス　西の八峡・峰地ルート, みさとバス　若宮・上八峡ルート, みさとバス　黒木・小黒木ルート, みさとバス　椎野・長野ルート"
本谷橋,日向市,ぷらっとバス　西2
不動寺,日向市,ぷらっとバス　北1
JA西郷前,美郷町,"みさとバス　上・中・下ルート, みさとバス　小原・立石ルート, みさとバス　西の八峡・峰地ルート, みさとバス　若宮・上八峡ルート"
田代局前,宮崎交通（株）,"イオンタウン日向〜塚原, イオンタウン日向〜さいごう温泉〜塚原, 道の駅とうごう〜塚原, イオンタウン日向〜さいごう温泉・塚原〜上椎葉, イオンタウン日向〜塚原〜上椎葉, 上椎葉〜塚原〜道の駅とうごう"
天生堂医院前,日向市,ぷらっとバス　北1
大王谷中学校,日向市,ぷらっとバス　北2
花水流,宮崎交通（株）,"イオンタウン日向〜塚原, イオンタウン日向〜さいごう温泉〜塚原, 道の駅とうごう〜塚原, イオンタウン日向〜さいごう温泉・塚原〜上椎葉, イオンタウン日向〜塚原〜上椎葉, 上椎葉〜塚原〜道の駅とうごう"
本谷,日向市,ぷらっとバス　西2
日向台入口,日向市,ぷらっとバス　北1
不動寺入口,宮崎交通（株）,"イオンタウン日向〜一ヶ岡〜レーヨン, 小原〜宇納間〜イオンタウン日向, イオンタウン日向〜日向病院・一ヶ岡〜レーヨン, イオンタウン日向〜日向病院・旭ヶ丘〜レーヨン"
亀崎東3丁目,日向市,ぷらっとバス　北2
大王谷コミュニティセンター,日向市,ぷらっとバス　北2
なかむら内科循環器内科前,日向市,ぷらっとバス　北1
観音菩薩,日向市,ぷらっとバス　西2
県林業技術センター入口,宮崎交通（株）,"イオンタウン日向〜塚原, イオンタウン日向〜さいごう温泉〜塚原, 道の駅とうごう〜塚原, イオンタウン日向〜さいごう温泉・塚原〜上椎葉, イオンタウン日向〜塚原〜上椎葉, 上椎葉〜塚原〜道の駅とうごう"
愛宕,美郷町,みさとバス　西の八峡・峰地ルート
古城,美郷町,みさとバス　西郷〜南郷間
亀崎,日向市,ぷらっとバス　北1
小田,宮崎交通（株）,"イオンタウン日向〜塚原, イオンタウン日向〜さいごう温泉〜塚原, 道の駅とうごう〜塚原, イオンタウン日向〜さいごう温泉・塚原〜上椎葉, イオンタウン日向〜塚原〜上椎葉, 上椎葉〜塚原〜道の駅とうごう"
西川内,日向市,ぷらっとバス　西2
迎洋園第2街区公園,日向市,ぷらっとバス　北1
西川内営農センター,日向市,ぷらっとバス　西2
富高保育園,日向市,ぷらっとバス　西2
亀崎3丁目,日向市,ぷらっとバス　北2
田屋敷児童公園,日向市,ぷらっとバス　北2
亀崎4丁目,日向市,ぷらっとバス　北1
椋原,美郷町,みさとバス　西の八峡・峰地ルート
竹島,日向市,ぷらっとバス　東2
亀崎近隣公園前,日向市,ぷらっとバス　北1
迎洋園2丁目,日向市,ぷらっとバス　北1
無田之原橋,日向市,ぷらっとバス　北2
花ヶ丘公民館,日向市,ぷらっとバス　北1
西郷温泉美々川,宮崎交通（株）,"イオンタウン日向〜さいごう温泉〜塚原, イオンタウン日向〜さいごう温泉・塚原〜上椎葉"
花ヶ丘,日向市,ぷらっとバス　北1
八幡神社,日向市,ぷらっとバス　西2
日向迎洋園,宮崎交通（株）,"イオンタウン日向〜一ヶ岡〜レーヨン, 小原〜宇納間〜イオンタウン日向, イオンタウン日向〜日向病院・一ヶ岡〜レーヨン, イオンタウン日向〜日向病院・旭ヶ丘〜レーヨン"
北町2丁目,日向市,ぷらっとバス　北1
水ヶ浦公園,日向市,ぷらっとバス　東2
日向消防署,日向市,"ぷらっとバス　北1, ぷらっとバス　北2"
日向職安前,宮崎交通（株）,"イオンタウン日向〜道の駅とうごう, イオンタウン日向〜塚原, イオンタウン日向〜迫の内〜池野, イオンタウン日向〜さいごう温泉〜塚原, イオンタウン日向〜山陰〜浜子橋, イオンタウン日向〜南郷温泉〜浜砂橋, イオンタウン日向〜さいごう温泉・塚原〜上椎葉, イオンタウン日向〜塚原〜上椎葉"
小川吐,宮崎交通（株）,"イオンタウン日向〜塚原, イオンタウン日向〜さいごう温泉〜塚原, 道の駅とうごう〜塚原, イオンタウン日向〜さいごう温泉・塚原〜上椎葉, イオンタウン日向〜塚原〜上椎葉, 上椎葉〜塚原〜道の駅とうごう"
小川吐,美郷町,みさとバス　西の八峡・峰地ルート
向江町公民館,日向市,ぷらっとバス　北2
島尻,宮崎交通（株）,"イオンタウン日向〜塚原, イオンタウン日向〜さいごう温泉〜塚原, 道の駅とうごう〜塚原, イオンタウン日向〜さいごう温泉・塚原〜上椎葉, イオンタウン日向〜塚原〜上椎葉, 上椎葉〜塚原〜道の駅とうごう"
豆田橋,日向市,ぷらっとバス　西2
尾﨑眼科前,日向市,ぷらっとバス　北2
やまうち泌尿器科内科前,日向市,ぷらっとバス　北1
草場,日向市,ぷらっとバス　北1
幡浦,日向市,ぷらっとバス　東2
前幡,日向市,ぷらっとバス　東2
石峠,宮崎交通（株）,"イオンタウン日向〜塚原, イオンタウン日向〜さいごう温泉〜塚原, 道の駅とうごう〜塚原, イオンタウン日向〜さいごう温泉・塚原〜上椎葉, イオンタウン日向〜塚原〜上椎葉, 上椎葉〜塚原〜道の駅とうごう"
神門原,美郷町,みさとバス　西の八峡・峰地ルート
和田病院前,宮崎交通（株）,"イオンタウン日向〜道の駅とうごう, イオンタウン日向〜塚原, イオンタウン日向〜迫の内〜池野, イオンタウン日向〜さいごう温泉〜塚原, イオンタウン日向〜山陰〜浜子橋, イオンタウン日向〜南郷温泉〜浜砂橋, イオンタウン日向〜さいごう温泉・塚原〜上椎葉, イオンタウン日向〜塚原〜上椎葉"
和田病院前,日向市,ぷらっとバス　北2
清掃センター入口,日向市,ぷらっとバス　西2
塩田,日向市,ぷらっとバス　東2
北町,宮崎交通（株）,"イオンタウン日向〜道の駅とうごう, イオンタウン日向〜塚原, イオンタウン日向〜迫の内〜池野, イオンタウン日向〜さいごう温泉〜塚原, イオンタウン日向〜山陰〜浜子橋, イオンタウン日向〜南郷温泉〜浜砂橋, イオンタウン日向〜一ヶ岡〜レーヨン, 小原〜宇納間〜イオンタウン日向, イオンタウン日向〜日向病院・一ヶ岡〜レーヨン, イオンタウン日向〜日向病院・旭ヶ丘〜レーヨン, イオンタウン日向〜さいごう温泉・塚原〜上椎葉, イオンタウン日向〜塚原〜上椎葉"
北町,日向市,ぷらっとバス　北1
塩田団地入口,日向市,ぷらっとバス　東2
西草場,日向市,"ぷらっとバス　西2, ぷらっとバス　北1"
大内原,宮崎交通（株）,"イオンタウン日向〜塚原, イオンタウン日向〜さいごう温泉〜塚原, 道の駅とうごう〜塚原, イオンタウン日向〜さいごう温泉・塚原〜上椎葉, イオンタウン日向〜塚原〜上椎葉, 上椎葉〜塚原〜道の駅とうごう"
下大内原,宮崎交通（株）,"イオンタウン日向〜塚原, イオンタウン日向〜さいごう温泉〜塚原, 道の駅とうごう〜塚原, イオンタウン日向〜さいごう温泉・塚原〜上椎葉, イオンタウン日向〜塚原〜上椎葉, 上椎葉〜塚原〜道の駅とうごう"
永江町,宮崎交通（株）,"イオンタウン日向〜道の駅とうごう, イオンタウン日向〜塚原, イオンタウン日向〜迫の内〜池野, イオンタウン日向〜さいごう温泉〜塚原, イオンタウン日向〜山陰〜浜子橋, イオンタウン日向〜南郷温泉〜浜砂橋, 小原〜宇納間〜イオンタウン日向, イオンタウン日向〜さいごう温泉・塚原〜上椎葉, イオンタウン日向〜塚原〜上椎葉"
横八,美郷町,みさとバス　西の八峡・峰地ルート
富島高校前,宮崎交通（株）,"イオンタウン日向〜道の駅とうごう, イオンタウン日向〜塚原, イオンタウン日向〜迫の内〜池野, イオンタウン日向〜さいごう温泉〜塚原, イオンタウン日向〜山陰〜浜子橋, イオンタウン日向〜南郷温泉〜浜砂橋, 小原〜宇納間〜イオンタウン日向, イオンタウン日向〜さいごう温泉・塚原〜上椎葉, イオンタウン日向〜塚原〜上椎葉"
都町,宮崎交通（株）,"イオンタウン日向〜道の駅とうごう, イオンタウン日向〜塚原, イオンタウン日向〜迫の内〜池野, イオンタウン日向〜さいごう温泉〜塚原, イオンタウン日向〜山陰〜浜子橋, イオンタウン日向〜南郷温泉〜浜砂橋, イオンタウン日向〜一ヶ岡〜レーヨン, 小原〜宇納間〜イオンタウン日向, イオンタウン日向〜日向病院・一ヶ岡〜レーヨン, イオンタウン日向〜日向病院・旭ヶ丘〜レーヨン, イオンタウン日向〜さいごう温泉・塚原〜上椎葉, イオンタウン日向〜塚原〜上椎葉"
日向市駅東口,宮崎交通（株）,"イオンタウン日向〜道の駅とうごう, イオンタウン日向〜塚原, イオンタウン日向〜迫の内〜池野, イオンタウン日向〜さいごう温泉〜塚原, イオンタウン日向〜山陰〜浜子橋, イオンタウン日向〜南郷温泉〜浜砂橋, イオンタウン日向〜さいごう温泉・塚原〜上椎葉, イオンタウン日向〜塚原〜上椎葉"
日向市駅東口,日向市,"ぷらっとバス　東1, ぷらっとバス　東2, ぷらっとバス　南1, ぷらっとバス　南2, ぷらっとバス　西1, ぷらっとバス　西2, ぷらっとバス　北1, ぷらっとバス　北2, 南部ぷらっとバス"
山口クリニック,日向市,ぷらっとバス　東2
永江町3丁目,日向市,ぷらっとバス　東2
春原町2丁目,日向市,"ぷらっとバス　西2, ぷらっとバス　北1"
草場,宮崎交通（株）,"イオンタウン日向〜道の駅とうごう, イオンタウン日向〜塚原, イオンタウン日向〜迫の内〜池野, イオンタウン日向〜さいごう温泉〜塚原, イオンタウン日向〜山陰〜浜子橋, イオンタウン日向〜南郷温泉〜浜砂橋, イオンタウン日向〜さいごう温泉・塚原〜上椎葉, イオンタウン日向〜塚原〜上椎葉"
永江町2丁目,日向市,ぷらっとバス　東2
鶴町3丁目,日向市,"ぷらっとバス　東1, ぷらっとバス　東2"
イオンタウン日向,宮崎交通（株）,"イオンタウン日向〜道の駅とうごう, イオンタウン日向〜塚原, イオンタウン日向〜迫の内〜池野, イオンタウン日向〜さいごう温泉〜塚原, イオンタウン日向〜山陰〜浜子橋, イオンタウン日向〜南郷温泉〜浜砂橋, イオンタウン日向〜一ヶ岡〜レーヨン, 小原〜宇納間〜イオンタウン日向, イオンタウン日向〜日向病院・一ヶ岡〜レーヨン, イオンタウン日向〜日向病院・旭ヶ丘〜レーヨン, イオンタウン日向〜さいごう温泉・塚原〜上椎葉, イオンタウン日向〜塚原〜上椎葉"
松岡内科前,日向市,"ぷらっとバス　東1, ぷらっとバス　東2, ぷらっとバス　南1, ぷらっとバス　南2"
鶴町2丁目,日向市,ぷらっとバス　東1
仮迫,美郷町,みさとバス　西の八峡・峰地ルート
曽根町3丁目,日向市,"ぷらっとバス　東1, ぷらっとバス　東2"
越,美郷町,みさとバス　西の八峡・峰地ルート
日向商工会議所前,日向市,"ぷらっとバス　西1, ぷらっとバス　北1, 南部ぷらっとバス"
イオンタウン日向,日向市,"ぷらっとバス　東1, ぷらっとバス　東2"
千代田病院前,日向市,"ぷらっとバス　東1, ぷらっとバス　東2"
ルミエール日向前,日向市,ぷらっとバス　西2
原町街区公園前,日向市,ぷらっとバス　東1
商工会館通り,宮崎交通（株）,"イオンタウン日向〜一ヶ岡〜レーヨン, 小原〜宇納間〜イオンタウン日向, イオンタウン日向〜日向病院・一ヶ岡〜レーヨン, イオンタウン日向〜日向病院・旭ヶ丘〜レーヨン"
小原,日向市,ぷらっとバス　西1
古伏木,美郷町,みさとバス　西の八峡・峰地ルート
春原町1丁目,日向市,ぷらっとバス　北1
山の口,美郷町,みさとバス　西の八峡・峰地ルート
日知屋東小学校,日向市,"ぷらっとバス　東1, ぷらっとバス　東2"
吉森医院前,日向市,"ぷらっとバス　東1, ぷらっとバス　東2"
日向市役所,日向市,"ぷらっとバス　南1, ぷらっとバス　南2, ぷらっとバス　西1, ぷらっとバス　西2, ぷらっとバス　北1"
原町,宮崎交通（株）,"イオンタウン日向〜一ヶ岡〜レーヨン, 小原〜宇納間〜イオンタウン日向, イオンタウン日向〜日向病院・一ヶ岡〜レーヨン, イオンタウン日向〜日向病院・旭ヶ丘〜レーヨン"
下原町,宮崎交通（株）,"イオンタウン日向〜一ヶ岡〜レーヨン, イオンタウン日向〜日向病院・一ヶ岡〜レーヨン, イオンタウン日向〜日向病院・旭ヶ丘〜レーヨン"
市立図書館,日向市,ぷらっとバス　北1
曽根4丁目,宮崎交通（株）,"イオンタウン日向〜道の駅とうごう, イオンタウン日向〜塚原, イオンタウン日向〜迫の内〜池野, イオンタウン日向〜さいごう温泉〜塚原, イオンタウン日向〜山陰〜浜子橋, イオンタウン日向〜南郷温泉〜浜砂橋, イオンタウン日向〜一ヶ岡〜レーヨン, 小原〜宇納間〜イオンタウン日向, イオンタウン日向〜日向病院・一ヶ岡〜レーヨン, イオンタウン日向〜日向病院・旭ヶ丘〜レーヨン, イオンタウン日向〜さいごう温泉・塚原〜上椎葉, イオンタウン日向〜塚原〜上椎葉"
江良町2丁目,日向市,"ぷらっとバス　東1, ぷらっとバス　東2"
江良2丁目,宮崎交通（株）,"イオンタウン日向〜道の駅とうごう, イオンタウン日向〜塚原, イオンタウン日向〜迫の内〜池野, イオンタウン日向〜さいごう温泉〜塚原, イオンタウン日向〜山陰〜浜子橋, イオンタウン日向〜南郷温泉〜浜砂橋, 小原〜宇納間〜イオンタウン日向, イオンタウン日向〜さいごう温泉・塚原〜上椎葉, イオンタウン日向〜塚原〜上椎葉"
池野,宮崎交通（株）,イオンタウン日向〜迫の内〜池野
市立図書館前,宮崎交通（株）,"イオンタウン日向〜道の駅とうごう, イオンタウン日向〜塚原, イオンタウン日向〜迫の内〜池野, イオンタウン日向〜さいごう温泉〜塚原, イオンタウン日向〜山陰〜浜子橋, イオンタウン日向〜南郷温泉〜浜砂橋, イオンタウン日向〜さいごう温泉・塚原〜上椎葉, イオンタウン日向〜塚原〜上椎葉"
本町,日向市,"ぷらっとバス　南2, ぷらっとバス　西1, 南部ぷらっとバス"
江良町1丁目,日向市,"ぷらっとバス　東1, ぷらっとバス　東2"
曽根3丁目,宮崎交通（株）,"イオンタウン日向〜道の駅とうごう, イオンタウン日向〜塚原, イオンタウン日向〜迫の内〜池野, イオンタウン日向〜さいごう温泉〜塚原, イオンタウン日向〜山陰〜浜子橋, イオンタウン日向〜南郷温泉〜浜砂橋, イオンタウン日向〜一ヶ岡〜レーヨン, 小原〜宇納間〜イオンタウン日向, イオンタウン日向〜日向病院・一ヶ岡〜レーヨン, イオンタウン日向〜日向病院・旭ヶ丘〜レーヨン, イオンタウン日向〜さいごう温泉・塚原〜上椎葉, イオンタウン日向〜塚原〜上椎葉"
鹿瀬,宮崎交通（株）,"イオンタウン日向〜塚原, イオンタウン日向〜さいごう温泉〜塚原, 道の駅とうごう〜塚原, イオンタウン日向〜さいごう温泉・塚原〜上椎葉, イオンタウン日向〜塚原〜上椎葉, 上椎葉〜塚原〜道の駅とうごう"
原町2丁目,日向市,ぷらっとバス　南1
江良児童公園,日向市,ぷらっとバス　東1
新生町1丁目,日向市,ぷらっとバス　東1
曽根2丁目,宮崎交通（株）,"イオンタウン日向〜道の駅とうごう, イオンタウン日向〜塚原, イオンタウン日向〜迫の内〜池野, イオンタウン日向〜さいごう温泉〜塚原, イオンタウン日向〜山陰〜浜子橋, イオンタウン日向〜南郷温泉〜浜砂橋, イオンタウン日向〜一ヶ岡〜レーヨン, 小原〜宇納間〜イオンタウン日向, イオンタウン日向〜日向病院・一ヶ岡〜レーヨン, イオンタウン日向〜日向病院・旭ヶ丘〜レーヨン, イオンタウン日向〜さいごう温泉・塚原〜上椎葉, イオンタウン日向〜塚原〜上椎葉"
新財市住宅入口,日向市,ぷらっとバス　西2
新財市住宅,日向市,ぷらっとバス　西2
平野町,日向市,ぷらっとバス　東1
江良3丁目,宮崎交通（株）,"イオンタウン日向〜一ヶ岡〜レーヨン, イオンタウン日向〜日向病院・一ヶ岡〜レーヨン, イオンタウン日向〜日向病院・旭ヶ丘〜レーヨン"
江良4丁目,宮崎交通（株）,"イオンタウン日向〜道の駅とうごう, イオンタウン日向〜塚原, イオンタウン日向〜迫の内〜池野, イオンタウン日向〜さいごう温泉〜塚原, イオンタウン日向〜山陰〜浜子橋, イオンタウン日向〜南郷温泉〜浜砂橋, イオンタウン日向〜一ヶ岡〜レーヨン, 小原〜宇納間〜イオンタウン日向, イオンタウン日向〜日向病院・一ヶ岡〜レーヨン, イオンタウン日向〜日向病院・旭ヶ丘〜レーヨン, イオンタウン日向〜さいごう温泉・塚原〜上椎葉, イオンタウン日向〜塚原〜上椎葉"
江良中央通,宮崎交通（株）,"イオンタウン日向〜一ヶ岡〜レーヨン, イオンタウン日向〜日向病院・一ヶ岡〜レーヨン, イオンタウン日向〜日向病院・旭ヶ丘〜レーヨン"
峰地,美郷町,みさとバス　西の八峡・峰地ルート
稲原眼科前,日向市,"ぷらっとバス　南2, ぷらっとバス　西1, 南部ぷらっとバス"
高見橋,日向市,ぷらっとバス　西2
日向市文化交流センター前,日向市,南部ぷらっとバス
文化交流センター,日向市,ぷらっとバス　西1
日知屋公民館,日向市,ぷらっとバス　東1
浜町2丁目,日向市,ぷらっとバス　東1
中原,日向市,ぷらっとバス　西2
中原,宮崎交通（株）,"イオンタウン日向〜道の駅とうごう, イオンタウン日向〜塚原, イオンタウン日向〜迫の内〜池野, イオンタウン日向〜さいごう温泉〜塚原, イオンタウン日向〜山陰〜浜子橋, イオンタウン日向〜南郷温泉〜浜砂橋, イオンタウン日向〜さいごう温泉・塚原〜上椎葉, イオンタウン日向〜塚原〜上椎葉"
中堀町3丁目,日向市,ぷらっとバス　東1
塩見橋,日向市,南部ぷらっとバス
新財市,日向市,ぷらっとバス　西2
日向高校入口,宮崎交通（株）,"イオンタウン日向〜道の駅とうごう, イオンタウン日向〜塚原, イオンタウン日向〜迫の内〜池野, イオンタウン日向〜さいごう温泉〜塚原, イオンタウン日向〜山陰〜浜子橋, イオンタウン日向〜南郷温泉〜浜砂橋, イオンタウン日向〜さいごう温泉・塚原〜上椎葉, イオンタウン日向〜塚原〜上椎葉"
総合福祉センター,日向市,ぷらっとバス　西1
塩見小学校入口,日向市,ぷらっとバス　西2
中山崎,宮崎交通（株）,"イオンタウン日向〜道の駅とうごう, イオンタウン日向〜塚原, イオンタウン日向〜迫の内〜池野, イオンタウン日向〜さいごう温泉〜塚原, イオンタウン日向〜山陰〜浜子橋, イオンタウン日向〜南郷温泉〜浜砂橋, イオンタウン日向〜さいごう温泉・塚原〜上椎葉, イオンタウン日向〜塚原〜上椎葉"
水月寺,日向市,ぷらっとバス　西2
伊勢ヶ浜,日向市,ぷらっとバス　東1
奥野,日向市,ぷらっとバス　西1
浜町3丁目,日向市,ぷらっとバス　東1
櫛の山団地公園,日向市,ぷらっとバス　東1
山下町,日向市,ぷらっとバス　南2
中原橋,日向市,ぷらっとバス　西1
奥野集落センター,日向市,ぷらっとバス　西1
かい外科整形外科前,日向市,ぷらっとバス　南2
迫の内,宮崎交通（株）,イオンタウン日向〜迫の内〜池野
県営川路団地,日向市,ぷらっとバス　南2
小谷,美郷町,みさとバス　西の八峡・峰地ルート
櫛の山団地,日向市,ぷらっとバス　東1
比良町5丁目,日向市,ぷらっとバス　西1
山下,日向市,南部ぷらっとバス
奥野入口,日向市,ぷらっとバス　西1
比良街区公園,日向市,"ぷらっとバス　南1, ぷらっとバス　南2, ぷらっとバス　西1"
小川公民館,美郷町,"みさとバス　西郷〜南郷間, みさとバス　西の八峡・峰地ルート"
長江交差点前,日向市,ぷらっとバス　南2
長江団地入口,日向市,ぷらっとバス　南2
日向高校,日向市,ぷらっとバス　西1
塩見,宮崎交通（株）,"イオンタウン日向〜道の駅とうごう, イオンタウン日向〜塚原, イオンタウン日向〜迫の内〜池野, イオンタウン日向〜さいごう温泉〜塚原, イオンタウン日向〜山陰〜浜子橋, イオンタウン日向〜南郷温泉〜浜砂橋, イオンタウン日向〜さいごう温泉・塚原〜上椎葉, イオンタウン日向〜塚原〜上椎葉"
比良町,日向市,ぷらっとバス　西1
小川内,美郷町,みさとバス　西の八峡・峰地ルート
財光寺小学校,日向市,ぷらっとバス　南2
往還公民館,日向市,ぷらっとバス　南2
南日本ハム前,日向市,ぷらっとバス　南2
笹河,宮崎交通（株）,"イオンタウン日向〜道の駅とうごう, イオンタウン日向〜塚原, イオンタウン日向〜迫の内〜池野, イオンタウン日向〜さいごう温泉〜塚原, イオンタウン日向〜山陰〜浜子橋, イオンタウン日向〜南郷温泉〜浜砂橋, イオンタウン日向〜さいごう温泉・塚原〜上椎葉, イオンタウン日向〜塚原〜上椎葉"
櫛の山,日向市,ぷらっとバス　東1
大御神社,日向市,ぷらっとバス　東1
権現原,日向市,ぷらっとバス　西1
五十猛神社前,日向市,南部ぷらっとバス
比良コミュニティセンター,日向市,ぷらっとバス　南1
桑木,美郷町,みさとバス　西の八峡・峰地ルート
朝日ヶ丘入口,日向市,ぷらっとバス　東1
比良町4丁目,日向市,ぷらっとバス　南1
愛宕神社,日向市,ぷらっとバス　南1
迫の内公園前,宮崎交通（株）,イオンタウン日向〜迫の内〜池野
地内吐,宮崎交通（株）,イオンタウン日向〜迫の内〜池野
瀧井病院前,日向市,ぷらっとバス　西1
奥野入口,宮崎交通（株）,"イオンタウン日向〜道の駅とうごう, イオンタウン日向〜塚原, イオンタウン日向〜迫の内〜池野, イオンタウン日向〜さいごう温泉〜塚原, イオンタウン日向〜山陰〜浜子橋, イオンタウン日向〜南郷温泉〜浜砂橋, イオンタウン日向〜さいごう温泉・塚原〜上椎葉, イオンタウン日向〜塚原〜上椎葉"
日向自動車学校前,日向市,ぷらっとバス　南2
沖町,日向市,南部ぷらっとバス
鮫島病院前,日向市,ぷらっとバス　西1
八重原,宮崎交通（株）,"イオンタウン日向〜塚原, イオンタウン日向〜さいごう温泉〜塚原, 道の駅とうごう〜塚原, イオンタウン日向〜さいごう温泉・塚原〜上椎葉, イオンタウン日向〜塚原〜上椎葉, 上椎葉〜塚原〜道の駅とうごう"
往還,日向市,ぷらっとバス　南2
下永田,宮崎交通（株）,"イオンタウン日向〜道の駅とうごう, イオンタウン日向〜塚原, イオンタウン日向〜迫の内〜池野, イオンタウン日向〜さいごう温泉〜塚原, イオンタウン日向〜山陰〜浜子橋, イオンタウン日向〜南郷温泉〜浜砂橋, イオンタウン日向〜さいごう温泉・塚原〜上椎葉, イオンタウン日向〜塚原〜上椎葉"
西の八峡,美郷町,みさとバス　西の八峡・峰地ルート
財光寺中学校,日向市,ぷらっとバス　南1
折立,美郷町,みさとバス　水清谷ルート
菜切,日向市,ぷらっとバス　南2
沖町,日向市,ぷらっとバス　南1
ホームワイド財光寺店前,日向市,ぷらっとバス　南2
又江の原,美郷町,みさとバス　鬼神野・渡川ルート
沖の原,日向市,ぷらっとバス　南1
松原,日向市,南部ぷらっとバス
財光寺駅入口,日向市,ぷらっとバス　南2
家村内科入口,日向市,ぷらっとバス　南2
永田,宮崎交通（株）,"イオンタウン日向〜道の駅とうごう, イオンタウン日向〜塚原, イオンタウン日向〜迫の内〜池野, イオンタウン日向〜さいごう温泉〜塚原, イオンタウン日向〜山陰〜浜子橋, イオンタウン日向〜南郷温泉〜浜砂橋, イオンタウン日向〜さいごう温泉・塚原〜上椎葉, イオンタウン日向〜塚原〜上椎葉"
マルイチ財光寺店前,日向市,ぷらっとバス　南1
ひまわり寮,日向市,ぷらっとバス　南1
マルイチ財光寺店前,日向市,南部ぷらっとバス
ひよこ保育園入口,日向市,ぷらっとバス　南1
八重原橋,宮崎交通（株）,"イオンタウン日向〜塚原, イオンタウン日向〜迫の内〜池野, イオンタウン日向〜さいごう温泉〜塚原, 道の駅とうごう〜塚原, イオンタウン日向〜さいごう温泉・塚原〜上椎葉, イオンタウン日向〜塚原〜上椎葉, 上椎葉〜塚原〜道の駅とうごう"
柿の木原,美郷町,みさとバス　西郷〜南郷間
切島山,日向市,南部ぷらっとバス
中の原,日向市,ぷらっとバス　南2
お倉ヶ浜総合公園入口,日向市,ぷらっとバス　南2
沢潟,宮崎交通（株）,"イオンタウン日向〜塚原, イオンタウン日向〜迫の内〜池野, イオンタウン日向〜さいごう温泉〜塚原, 道の駅とうごう〜塚原, イオンタウン日向〜さいごう温泉・塚原〜上椎葉, イオンタウン日向〜塚原〜上椎葉, 上椎葉〜塚原〜道の駅とうごう"
三ツ枝団地入口,日向市,ぷらっとバス　南1
仮谷,美郷町,みさとバス　鬼神野・渡川ルート
切通,宮崎交通（株）,"イオンタウン日向〜道の駅とうごう, イオンタウン日向〜塚原, イオンタウン日向〜迫の内〜池野, イオンタウン日向〜さいごう温泉〜塚原, イオンタウン日向〜山陰〜浜子橋, イオンタウン日向〜南郷温泉〜浜砂橋, イオンタウン日向〜さいごう温泉・塚原〜上椎葉, イオンタウン日向〜塚原〜上椎葉"
出口,宮崎交通（株）,"イオンタウン日向〜道の駅とうごう, イオンタウン日向〜塚原, イオンタウン日向〜迫の内〜池野, イオンタウン日向〜さいごう温泉〜塚原, イオンタウン日向〜山陰〜浜子橋, イオンタウン日向〜南郷温泉〜浜砂橋, イオンタウン日向〜さいごう温泉・塚原〜上椎葉, イオンタウン日向〜塚原〜上椎葉"
今給黎医院入口,日向市,"ぷらっとバス　南1, 南部ぷらっとバス"
日平,美郷町,みさとバス　西郷〜南郷間
公民館前,美郷町,みさとバス　水清谷ルート
水清谷公民館前,美郷町,みさとバス　西郷〜南郷間
向洋台入口,日向市,ぷらっとバス　南1
日向インターチェンジ,日向市,ぷらっとバス　南1
秋山公民館,日向市,ぷらっとバス　南1
山の田公民館,日向市,ぷらっとバス　南1
小野田,宮崎交通（株）,"イオンタウン日向〜道の駅とうごう, イオンタウン日向〜塚原, イオンタウン日向〜迫の内〜池野, イオンタウン日向〜さいごう温泉〜塚原, イオンタウン日向〜山陰〜浜子橋, イオンタウン日向〜南郷温泉〜浜砂橋, イオンタウン日向〜さいごう温泉・塚原〜上椎葉, イオンタウン日向〜塚原〜上椎葉"
大工野,宮崎交通（株）,"イオンタウン日向〜塚原, イオンタウン日向〜迫の内〜池野, イオンタウン日向〜さいごう温泉〜塚原, 道の駅とうごう〜塚原, イオンタウン日向〜さいごう温泉・塚原〜上椎葉, イオンタウン日向〜塚原〜上椎葉, 上椎葉〜塚原〜道の駅とうごう"
川上迫,美郷町,みさとバス　鬼神野・渡川ルート
向洋台,日向市,ぷらっとバス　南1
水清谷小学校前,美郷町,"みさとバス　水清谷ルート, みさとバス　西郷〜南郷間"
浜砂橋,宮崎交通（株）,"イオンタウン日向〜山陰〜浜子橋, イオンタウン日向〜南郷温泉〜浜砂橋, 道の駅とうごう〜神門（浜砂橋）, 道の駅とうごう〜温泉〜神門（浜砂橋）"
浜砂橋,美郷町,みさとバス　鬼神野・渡川ルート
田の原,美郷町,みさとバス　水清谷ルート
赤岩橋,日向市,南部ぷらっとバス
中の原,宮崎交通（株）,"イオンタウン日向〜道の駅とうごう, イオンタウン日向〜塚原, イオンタウン日向〜迫の内〜池野, イオンタウン日向〜さいごう温泉〜塚原, イオンタウン日向〜山陰〜浜子橋, イオンタウン日向〜南郷温泉〜浜砂橋, イオンタウン日向〜さいごう温泉・塚原〜上椎葉, イオンタウン日向〜塚原〜上椎葉"
上中の原,宮崎交通（株）,"イオンタウン日向〜道の駅とうごう, イオンタウン日向〜塚原, イオンタウン日向〜迫の内〜池野, イオンタウン日向〜さいごう温泉〜塚原, イオンタウン日向〜山陰〜浜子橋, イオンタウン日向〜南郷温泉〜浜砂橋, イオンタウン日向〜さいごう温泉・塚原〜上椎葉, イオンタウン日向〜塚原〜上椎葉"
下村,宮崎交通（株）,"イオンタウン日向〜塚原, イオンタウン日向〜迫の内〜池野, イオンタウン日向〜さいごう温泉〜塚原, 道の駅とうごう〜塚原, イオンタウン日向〜さいごう温泉・塚原〜上椎葉, イオンタウン日向〜塚原〜上椎葉, 上椎葉〜塚原〜道の駅とうごう"
切瀬,宮崎交通（株）,"イオンタウン日向〜道の駅とうごう, イオンタウン日向〜塚原, イオンタウン日向〜迫の内〜池野, イオンタウン日向〜さいごう温泉〜塚原, イオンタウン日向〜山陰〜浜子橋, イオンタウン日向〜南郷温泉〜浜砂橋, イオンタウン日向〜さいごう温泉・塚原〜上椎葉, イオンタウン日向〜塚原〜上椎葉"
東郷病院前,宮崎交通（株）,"イオンタウン日向〜道の駅とうごう, イオンタウン日向〜塚原, イオンタウン日向〜迫の内〜池野, イオンタウン日向〜さいごう温泉〜塚原, イオンタウン日向〜山陰〜浜子橋, イオンタウン日向〜南郷温泉〜浜砂橋, イオンタウン日向〜さいごう温泉・塚原〜上椎葉, イオンタウン日向〜塚原〜上椎葉"
鶴の内神社,宮崎交通（株）,"イオンタウン日向〜塚原, イオンタウン日向〜迫の内〜池野, イオンタウン日向〜さいごう温泉〜塚原, 道の駅とうごう〜塚原, イオンタウン日向〜さいごう温泉・塚原〜上椎葉, イオンタウン日向〜塚原〜上椎葉, 上椎葉〜塚原〜道の駅とうごう"
道の駅とうごう,宮崎交通（株）,"イオンタウン日向〜道の駅とうごう, イオンタウン日向〜塚原, イオンタウン日向〜迫の内〜池野, イオンタウン日向〜さいごう温泉〜塚原, イオンタウン日向〜山陰〜浜子橋, イオンタウン日向〜南郷温泉〜浜砂橋, 道の駅とうごう〜塚原, 道の駅とうごう〜神門（浜砂橋）, 道の駅とうごう〜温泉〜神門（浜砂橋）, イオンタウン日向〜さいごう温泉・塚原〜上椎葉, イオンタウン日向〜塚原〜上椎葉, 上椎葉〜塚原〜道の駅とうごう"
日向工業高校前,日向市,南部ぷらっとバス
槇の越,美郷町,"みさとバス　水清谷ルート, みさとバス　西郷〜南郷間"
鶴の内,宮崎交通（株）,"イオンタウン日向〜道の駅とうごう, イオンタウン日向〜塚原, イオンタウン日向〜迫の内〜池野, イオンタウン日向〜さいごう温泉〜塚原, イオンタウン日向〜山陰〜浜子橋, イオンタウン日向〜南郷温泉〜浜砂橋, イオンタウン日向〜さいごう温泉・塚原〜上椎葉, イオンタウン日向〜塚原〜上椎葉"
成願寺前,宮崎交通（株）,"イオンタウン日向〜道の駅とうごう, イオンタウン日向〜塚原, イオンタウン日向〜迫の内〜池野, イオンタウン日向〜さいごう温泉〜塚原, イオンタウン日向〜山陰〜浜子橋, イオンタウン日向〜南郷温泉〜浜砂橋, イオンタウン日向〜さいごう温泉・塚原〜上椎葉, イオンタウン日向〜塚原〜上椎葉"
山陰,宮崎交通（株）,"イオンタウン日向〜道の駅とうごう, イオンタウン日向〜塚原, イオンタウン日向〜迫の内〜池野, イオンタウン日向〜さいごう温泉〜塚原, イオンタウン日向〜山陰〜浜子橋, イオンタウン日向〜南郷温泉〜浜砂橋, イオンタウン日向〜さいごう温泉・塚原〜上椎葉, イオンタウン日向〜塚原〜上椎葉"
神門タクシー車庫,美郷町,"みさとバス　鬼神野・渡川ルート, みさとバス　水清谷ルート"
南郷温泉山霧,宮崎交通（株）,"イオンタウン日向〜南郷温泉〜浜砂橋, 道の駅とうごう〜温泉〜神門（浜砂橋）"
南郷温泉山霧,美郷町,"みさとバス　鬼神野・渡川ルート, みさとバス　水清谷ルート"
神門,宮崎交通（株）,"イオンタウン日向〜山陰〜浜子橋, イオンタウン日向〜南郷温泉〜浜砂橋, 道の駅とうごう〜神門（浜砂橋）, 道の駅とうごう〜温泉〜神門（浜砂橋）"
市谷,美郷町,みさとバス　鬼神野・渡川ルート
森林組合前,宮崎交通（株）,"イオンタウン日向〜道の駅とうごう, イオンタウン日向〜塚原, イオンタウン日向〜迫の内〜池野, イオンタウン日向〜さいごう温泉〜塚原, イオンタウン日向〜山陰〜浜子橋, イオンタウン日向〜南郷温泉〜浜砂橋, イオンタウン日向〜さいごう温泉・塚原〜上椎葉, イオンタウン日向〜塚原〜上椎葉"
お寺前,美郷町,みさとバス　鬼神野・渡川ルート
硯野,宮崎交通（株）,"イオンタウン日向〜山陰〜浜子橋, イオンタウン日向〜南郷温泉〜浜砂橋, 道の駅とうごう〜神門（浜砂橋）, 道の駅とうごう〜温泉〜神門（浜砂橋）"
福士,宮崎交通（株）,"イオンタウン日向〜山陰〜浜子橋, イオンタウン日向〜南郷温泉〜浜砂橋, 道の駅とうごう〜神門（浜砂橋）, 道の駅とうごう〜温泉〜神門（浜砂橋）"
舟戸,宮崎交通（株）,"イオンタウン日向〜道の駅とうごう, イオンタウン日向〜塚原, イオンタウン日向〜迫の内〜池野, イオンタウン日向〜さいごう温泉〜塚原, イオンタウン日向〜山陰〜浜子橋, イオンタウン日向〜南郷温泉〜浜砂橋, イオンタウン日向〜さいごう温泉・塚原〜上椎葉, イオンタウン日向〜塚原〜上椎葉"
南郷診療所,美郷町,みさとバス　西郷〜南郷間
橋場,美郷町,みさとバス　鬼神野・渡川ルート
役場南郷支所,美郷町,"みさとバス　鬼神野・渡川ルート, みさとバス　水清谷ルート"
診療所,美郷町,"みさとバス　鬼神野・渡川ルート, みさとバス　水清谷ルート"
美砂,日向市,南部ぷらっとバス
百済の館前,宮崎交通（株）,"イオンタウン日向〜山陰〜浜子橋, イオンタウン日向〜南郷温泉〜浜砂橋, 道の駅とうごう〜神門（浜砂橋）, 道の駅とうごう〜温泉〜神門（浜砂橋）"
神門学校前,宮崎交通（株）,"イオンタウン日向〜山陰〜浜子橋, イオンタウン日向〜南郷温泉〜浜砂橋, 道の駅とうごう〜神門（浜砂橋）, 道の駅とうごう〜温泉〜神門（浜砂橋）"
郵便局,美郷町,"みさとバス　鬼神野・渡川ルート, みさとバス　水清谷ルート"
神門学校前,美郷町,みさとバス　西郷〜南郷間
わらびの,美郷町,"みさとバス　水清谷ルート, みさとバス　西郷〜南郷間"
土々呂毛,日向市,南部ぷらっとバス
羽坂,宮崎交通（株）,"イオンタウン日向〜山陰〜浜子橋, イオンタウン日向〜南郷温泉〜浜砂橋, 道の駅とうごう〜神門（浜砂橋）, 道の駅とうごう〜温泉〜神門（浜砂橋）"
鬼神野小学校前,美郷町,みさとバス　鬼神野・渡川ルート
平岩,日向市,南部ぷらっとバス
米上,宮崎交通（株）,"イオンタウン日向〜山陰〜浜子橋, イオンタウン日向〜南郷温泉〜浜砂橋, 道の駅とうごう〜神門（浜砂橋）, 道の駅とうごう〜温泉〜神門（浜砂橋）"
米上,美郷町,みさとバス　西郷〜南郷間
山麦,宮崎交通（株）,"イオンタウン日向〜山陰〜浜子橋, イオンタウン日向〜南郷温泉〜浜砂橋, 道の駅とうごう〜神門（浜砂橋）, 道の駅とうごう〜温泉〜神門（浜砂橋）"
山麦,美郷町,みさとバス　西郷〜南郷間
日影道,宮崎交通（株）,"イオンタウン日向〜山陰〜浜子橋, イオンタウン日向〜南郷温泉〜浜砂橋, 道の駅とうごう〜神門（浜砂橋）, 道の駅とうごう〜温泉〜神門（浜砂橋）"
名木,宮崎交通（株）,"イオンタウン日向〜山陰〜浜子橋, イオンタウン日向〜南郷温泉〜浜砂橋, 道の駅とうごう〜神門（浜砂橋）, 道の駅とうごう〜温泉〜神門（浜砂橋）"
名木,美郷町,みさとバス　西郷〜南郷間
お倉ヶ浜入口,日向市,南部ぷらっとバス
吾味,宮崎交通（株）,"イオンタウン日向〜山陰〜浜子橋, イオンタウン日向〜南郷温泉〜浜砂橋, 道の駅とうごう〜神門（浜砂橋）, 道の駅とうごう〜温泉〜神門（浜砂橋）"
吾味,美郷町,みさとバス　西郷〜南郷間
下名木,宮崎交通（株）,"イオンタウン日向〜山陰〜浜子橋, イオンタウン日向〜南郷温泉〜浜砂橋, 道の駅とうごう〜神門（浜砂橋）, 道の駅とうごう〜温泉〜神門（浜砂橋）"
下名木,美郷町,みさとバス　西郷〜南郷間
宮の上,日向市,南部ぷらっとバス
小又吐,宮崎交通（株）,"イオンタウン日向〜山陰〜浜子橋, イオンタウン日向〜南郷温泉〜浜砂橋, 道の駅とうごう〜神門（浜砂橋）, 道の駅とうごう〜温泉〜神門（浜砂橋）"
小又吐,美郷町,"みさとバス　水清谷ルート, みさとバス　西郷〜南郷間"
安ヶ道,宮崎交通（株）,"イオンタウン日向〜山陰〜浜子橋, イオンタウン日向〜南郷温泉〜浜砂橋, 道の駅とうごう〜神門（浜砂橋）, 道の駅とうごう〜温泉〜神門（浜砂橋）"
平岩小中学校入口,日向市,南部ぷらっとバス
卸児,宮崎交通（株）,"イオンタウン日向〜山陰〜浜子橋, イオンタウン日向〜南郷温泉〜浜砂橋, 道の駅とうごう〜神門（浜砂橋）, 道の駅とうごう〜温泉〜神門（浜砂橋）"
南日向駅,日向市,南部ぷらっとバス
渡辺病院,日向市,南部ぷらっとバス
天使幼稚園前,日向市,南部ぷらっとバス
ながされ,宮崎交通（株）,"イオンタウン日向〜山陰〜浜子橋, イオンタウン日向〜南郷温泉〜浜砂橋, 道の駅とうごう〜神門（浜砂橋）, 道の駅とうごう〜温泉〜神門（浜砂橋）"
上仲瀬,宮崎交通（株）,"イオンタウン日向〜山陰〜浜子橋, イオンタウン日向〜南郷温泉〜浜砂橋, 道の駅とうごう〜神門（浜砂橋）, 道の駅とうごう〜温泉〜神門（浜砂橋）"
金ヶ浜公民館,日向市,南部ぷらっとバス
仲深橋,宮崎交通（株）,"イオンタウン日向〜山陰〜浜子橋, イオンタウン日向〜南郷温泉〜浜砂橋, 道の駅とうごう〜神門（浜砂橋）, 道の駅とうごう〜温泉〜神門（浜砂橋）"
坪谷局前,宮崎交通（株）,"イオンタウン日向〜山陰〜浜子橋, イオンタウン日向〜南郷温泉〜浜砂橋, 道の駅とうごう〜神門（浜砂橋）, 道の駅とうごう〜温泉〜神門（浜砂橋）"
野々崎,宮崎交通（株）,"イオンタウン日向〜山陰〜浜子橋, イオンタウン日向〜南郷温泉〜浜砂橋, 道の駅とうごう〜神門（浜砂橋）, 道の駅とうごう〜温泉〜神門（浜砂橋）"
久居原,宮崎交通（株）,"イオンタウン日向〜山陰〜浜子橋, イオンタウン日向〜南郷温泉〜浜砂橋, 道の駅とうごう〜神門（浜砂橋）, 道の駅とうごう〜温泉〜神門（浜砂橋）"
坪谷学校前,宮崎交通（株）,"イオンタウン日向〜山陰〜浜子橋, イオンタウン日向〜南郷温泉〜浜砂橋, 道の駅とうごう〜神門（浜砂橋）, 道の駅とうごう〜温泉〜神門（浜砂橋）"
牧水生家,宮崎交通（株）,"イオンタウン日向〜山陰〜浜子橋, イオンタウン日向〜南郷温泉〜浜砂橋, 道の駅とうごう〜神門（浜砂橋）, 道の駅とうごう〜温泉〜神門（浜砂橋）"
坪谷,宮崎交通（株）,"イオンタウン日向〜山陰〜浜子橋, イオンタウン日向〜南郷温泉〜浜砂橋, 道の駅とうごう〜神門（浜砂橋）, 道の駅とうごう〜温泉〜神門（浜砂橋）"
石原,宮崎交通（株）,"イオンタウン日向〜山陰〜浜子橋, イオンタウン日向〜南郷温泉〜浜砂橋, 道の駅とうごう〜神門（浜砂橋）, 道の駅とうごう〜温泉〜神門（浜砂橋）"
金ヶ浜,日向市,南部ぷらっとバス
下田の原,宮崎交通（株）,"イオンタウン日向〜山陰〜浜子橋, イオンタウン日向〜南郷温泉〜浜砂橋, 道の駅とうごう〜神門（浜砂橋）, 道の駅とうごう〜温泉〜神門（浜砂橋）"
下田の原,美郷町,みさとバス　水清谷ルート
市谷原,宮崎交通（株）,"イオンタウン日向〜山陰〜浜子橋, イオンタウン日向〜南郷温泉〜浜砂橋, 道の駅とうごう〜神門（浜砂橋）, 道の駅とうごう〜温泉〜神門（浜砂橋）"
中水流,宮崎交通（株）,"イオンタウン日向〜山陰〜浜子橋, イオンタウン日向〜南郷温泉〜浜砂橋, 道の駅とうごう〜神門（浜砂橋）, 道の駅とうごう〜温泉〜神門（浜砂橋）"
瀬平,宮崎交通（株）,"イオンタウン日向〜山陰〜浜子橋, イオンタウン日向〜南郷温泉〜浜砂橋, 道の駅とうごう〜神門（浜砂橋）, 道の駅とうごう〜温泉〜神門（浜砂橋）"
金ヶ浜海水浴場,日向市,南部ぷらっとバス
多武の木,宮崎交通（株）,"イオンタウン日向〜山陰〜浜子橋, イオンタウン日向〜南郷温泉〜浜砂橋, 道の駅とうごう〜神門（浜砂橋）, 道の駅とうごう〜温泉〜神門（浜砂橋）"
八ッ山,宮崎交通（株）,"イオンタウン日向〜山陰〜浜子橋, イオンタウン日向〜南郷温泉〜浜砂橋, 道の駅とうごう〜神門（浜砂橋）, 道の駅とうごう〜温泉〜神門（浜砂橋）"
ニュータウン下,日向市,南部ぷらっとバス
眼鏡橋,日向市,南部ぷらっとバス
田口原,宮崎交通（株）,"イオンタウン日向〜山陰〜浜子橋, イオンタウン日向〜南郷温泉〜浜砂橋, 道の駅とうごう〜神門（浜砂橋）, 道の駅とうごう〜温泉〜神門（浜砂橋）"
柳原,宮崎交通（株）,"イオンタウン日向〜山陰〜浜子橋, イオンタウン日向〜南郷温泉〜浜砂橋, 道の駅とうごう〜神門（浜砂橋）, 道の駅とうごう〜温泉〜神門（浜砂橋）"
飯谷,日向市,南部ぷらっとバス
中渡川,美郷町,みさとバス　鬼神野・渡川ルート
余瀬,日向市,南部ぷらっとバス
田出原,美郷町,みさとバス　鬼神野・渡川ルート
橋の元,日向市,南部ぷらっとバス
日向サンパーク温泉入口,日向市,南部ぷらっとバス
田代ヶ原,日向市,南部ぷらっとバス
日向サンパーク温泉,日向市,南部ぷらっとバス
幸脇,日向市,南部ぷらっとバス
幸脇入口,日向市,南部ぷらっとバス
黒松,宮崎交通（株）,"イオンタウン日向〜山陰〜浜子橋, イオンタウン日向〜南郷温泉〜浜砂橋, 道の駅とうごう〜神門（浜砂橋）, 道の駅とうごう〜温泉〜神門（浜砂橋）"
児洗,宮崎交通（株）,"イオンタウン日向〜山陰〜浜子橋, イオンタウン日向〜南郷温泉〜浜砂橋, 道の駅とうごう〜神門（浜砂橋）, 道の駅とうごう〜温泉〜神門（浜砂橋）"
立縫の里,日向市,南部ぷらっとバス
美々津小下,日向市,南部ぷらっとバス
新町,日向市,南部ぷらっとバス
石並,日向市,南部ぷらっとバス
三股病院,日向市,南部ぷらっとバス
川向,日向市,南部ぷらっとバス
美々津駅,日向市,南部ぷらっとバス
落鹿,日向市,南部ぷらっとバス
JA日向美々津支店前,日向市,南部ぷらっとバス
美々津駅入口,日向市,南部ぷらっとバス
落鹿入口,日向市,南部ぷらっとバス
百町原,日向市,南部ぷらっとバス
峠,都農町,"コミュニティバス　征矢原・都農駅線, コミュニティバス　征矢原線"
高松運動公園,日向市,南部ぷらっとバス
高松,日向市,南部ぷらっとバス
寺迫小下,日向市,南部ぷらっとバス
征矢原,都農町,"コミュニティバス　征矢原・都農駅線, コミュニティバス　征矢原線"
宮の下,日向市,南部ぷらっとバス
中原,都農町,"コミュニティバス　征矢原・都農駅線, コミュニティバス　征矢原線"
下征矢原,都農町,"コミュニティバス　征矢原・都農駅線, コミュニティバス　征矢原線"
寺迫公民館,都農町,コミュニティバス　寺迫線
尾吐,西都市,穂北線
舟川,都農町,"コミュニティバス　征矢原・都農駅線, コミュニティバス　征矢原線"
あけぼの団地,都農町,コミュニティバス　寺迫線
舟川公民館,都農町,コミュニティバス　木和田・舟川・藤見線
東都農,都農町,"コミュニティバス　征矢原・都農駅線, コミュニティバス　征矢原線, コミュニティバス　寺迫線"
東都農駅,都農町,コミュニティバス　寺迫線
長野,都農町,"コミュニティバス　征矢原・都農駅線, コミュニティバス　征矢原線, コミュニティバス　木和田・舟川・藤見線, コミュニティバス　都農駅線"
八坂神社前,都農町,"コミュニティバス　征矢原・都農駅線, コミュニティバス　征矢原線, コミュニティバス　木和田・舟川・藤見線, コミュニティバス　都農駅線"
古穴手下,西都市,穂北線
分校前,都農町,"コミュニティバス　征矢原・都農駅線, コミュニティバス　征矢原線, コミュニティバス　木和田・舟川・藤見線, コミュニティバス　都農駅線"
心見,都農町,"コミュニティバス　征矢原・都農駅線, コミュニティバス　征矢原線, コミュニティバス　寺迫線"
長野峠,都農町,"コミュニティバス　征矢原・都農駅線, コミュニティバス　征矢原線, コミュニティバス　木和田・舟川・藤見線, コミュニティバス　都農駅線"
内野々公民館,都農町,"コミュニティバス　征矢原・都農駅線, コミュニティバス　木和田・舟川・藤見線, コミュニティバス　木和田・牧内線, コミュニティバス　都農駅線"
心見公民館,都農町,コミュニティバス　寺迫線
内野々,都農町,"コミュニティバス　征矢原・都農駅線, コミュニティバス　木和田・舟川・藤見線, コミュニティバス　木和田・牧内線, コミュニティバス　都農駅線"
神ノ平,西都市,穂北線
観音滝前,都農町,"コミュニティバス　征矢原・都農駅線, コミュニティバス　木和田・舟川・藤見線, コミュニティバス　木和田・牧内線, コミュニティバス　都農駅線"
平山,都農町,"コミュニティバス　征矢原・都農駅線, コミュニティバス　平山・木和田線, コミュニティバス　木和田・轟線, コミュニティバス　木和田・舟川・藤見線, コミュニティバス　木和田・牧内線, コミュニティバス　都農駅線"
丸溝,都農町,"コミュニティバス　征矢原・都農駅線, コミュニティバス　征矢原線, コミュニティバス　木和田・舟川・藤見線, コミュニティバス　寺迫線, コミュニティバス　都農駅線"
黒丸公民館,都農町,コミュニティバス　寺迫線
鼓入口,都農町,"コミュニティバス　平山・木和田線, コミュニティバス　木和田・轟線, コミュニティバス　木和田・舟川・藤見線, コミュニティバス　木和田・牧内線, コミュニティバス　都農駅線"
牧内公民館,都農町,コミュニティバス　木和田・牧内線
征矢抜,西都市,穂北線
久次牟田,都農町,"コミュニティバス　征矢原・都農駅線, コミュニティバス　征矢原線, コミュニティバス　木和田・舟川・藤見線, コミュニティバス　寺迫線, コミュニティバス　都農駅線"
鼓,都農町,コミュニティバス　芋川・鼓線-下浜・篠別府線
西の郡,都農町,"コミュニティバス　平山・木和田線, コミュニティバス　木和田・轟線, コミュニティバス　木和田・舟川・藤見線, コミュニティバス　木和田・牧内線, コミュニティバス　都農駅線"
銀上小学校,西都市,穂北線
牧神社前,都農町,"コミュニティバス　木和田・舟川・藤見線, コミュニティバス　木和田・牧内線"
愛寿園前,都農町,"コミュニティバス　木和田・舟川・藤見線, コミュニティバス　木和田・牧内線"
木和田,都農町,"コミュニティバス　平山・木和田線, コミュニティバス　木和田・轟線, コミュニティバス　木和田・舟川・藤見線, コミュニティバス　芋川・鼓線-下浜・篠別府線, コミュニティバス　木和田・牧内線"
上田,都農町,"コミュニティバス　平山・木和田線, コミュニティバス　木和田・轟線, コミュニティバス　木和田・舟川・藤見線, コミュニティバス　芋川・鼓線-下浜・篠別府線, コミュニティバス　木和田・牧内線"
岩山,都農町,"コミュニティバス　征矢原・都農駅線, コミュニティバス　征矢原線, コミュニティバス　寺迫線, コミュニティバス　都農駅線"
木戸平,都農町,"コミュニティバス　平山・木和田線, コミュニティバス　木和田・轟線, コミュニティバス　木和田・舟川・藤見線, コミュニティバス　芋川・鼓線-下浜・篠別府線, コミュニティバス　木和田・牧内線, コミュニティバス　都農駅線"
小向橋,西都市,穂北線
下藤見,都農町,"コミュニティバス　木和田・舟川・藤見線, コミュニティバス　木和田・牧内線"
銀鏡,西都市,穂北線
芋川公民館,都農町,コミュニティバス　芋川・鼓線-下浜・篠別府線
上瓜生,都農町,"コミュニティバス　平山・木和田線, コミュニティバス　木和田・轟線, コミュニティバス　木和田・舟川・藤見線, コミュニティバス　芋川・鼓線-下浜・篠別府線, コミュニティバス　木和田・牧内線, コミュニティバス　都農駅線"
銀鏡診療所前,西都市,穂北線
都農小前,都農町,"コミュニティバス　征矢原・都農駅線, コミュニティバス　征矢原線, コミュニティバス　平山・木和田線, コミュニティバス　木和田・轟線, コミュニティバス　寺迫線, コミュニティバス　都農駅線"
下瓜生,都農町,"コミュニティバス　平山・木和田線, コミュニティバス　木和田・轟線, コミュニティバス　木和田・舟川・藤見線, コミュニティバス　芋川・鼓線-下浜・篠別府線, コミュニティバス　木和田・牧内線, コミュニティバス　都農駅線"
一之宮神社前,都農町,"コミュニティバス　征矢原・都農駅線, コミュニティバス　征矢原線, コミュニティバス　平山・木和田線, コミュニティバス　木和田・轟線, コミュニティバス　寺迫線, コミュニティバス　都農駅線"
道の駅つの,都農町,"コミュニティバス　征矢原線, コミュニティバス　轟・朝草線, コミュニティバス　木和田・舟川・藤見線, コミュニティバス　下浜・篠別府線, コミュニティバス　芋川・鼓線-下浜・篠別府線, コミュニティバス　寺迫線, コミュニティバス　木和田・牧内線, コミュニティバス　都農駅線, コミュニティバス　町内周回線"
道の駅つの,宮崎交通（株）,"高鍋バスセンター〜坂本〜道の駅つの, 高鍋バスセンター〜坂本・新鬼ヶ久保〜道の駅つの, 高鍋バスセンター・高鍋高校〜坂本〜道の駅つの, 高鍋駅〜坂本〜道の駅つの"
銀鏡神社前,西都市,穂北線
Aコープ前,都農町,"コミュニティバス　征矢原線, コミュニティバス　轟・朝草線, コミュニティバス　木和田・舟川・藤見線, コミュニティバス　下浜・篠別府線, コミュニティバス　芋川・鼓線-下浜・篠別府線, コミュニティバス　寺迫線, コミュニティバス　木和田・牧内線, コミュニティバス　都農駅線, コミュニティバス　町内周回線"
都農町立病院,都農町,"コミュニティバス　征矢原・都農駅線, コミュニティバス　征矢原線, コミュニティバス　平山・木和田線, コミュニティバス　木和田・轟線, コミュニティバス　轟・朝草線, コミュニティバス　木和田・舟川・藤見線, コミュニティバス　下浜・篠別府線, コミュニティバス　芋川・鼓線-下浜・篠別府線, コミュニティバス　寺迫線, コミュニティバス　木和田・牧内線, コミュニティバス　都農駅線, コミュニティバス　町内周回線"
佃十字路,都農町,コミュニティバス　芋川・鼓線-下浜・篠別府線
都農,宮崎交通（株）,"高鍋バスセンター〜坂本〜道の駅つの, 高鍋バスセンター〜坂本・新鬼ヶ久保〜道の駅つの, 高鍋バスセンター・高鍋高校〜坂本〜道の駅つの, 高鍋駅〜坂本〜道の駅つの"
都農バス停,都農町,"コミュニティバス　征矢原・都農駅線, コミュニティバス　征矢原線, コミュニティバス　平山・木和田線, コミュニティバス　木和田・轟線, コミュニティバス　轟・朝草線, コミュニティバス　木和田・舟川・藤見線, コミュニティバス　下浜・篠別府線, コミュニティバス　芋川・鼓線-下浜・篠別府線, コミュニティバス　寺迫線, コミュニティバス　木和田・牧内線, コミュニティバス　都農駅線, コミュニティバス　町内周回線"
都農町役場,都農町,"コミュニティバス　征矢原・都農駅線, コミュニティバス　轟・朝草線, コミュニティバス　木和田・舟川・藤見線, コミュニティバス　下浜・篠別府線, コミュニティバス　芋川・鼓線-下浜・篠別府線, コミュニティバス　寺迫線, コミュニティバス　木和田・牧内線, コミュニティバス　都農駅線, コミュニティバス　町内周回線"
中町児童公園前,都農町,"コミュニティバス　木和田・舟川・藤見線, コミュニティバス　木和田・牧内線"
日向田ノ元,西都市,穂北線
細,川南町,トロントロンバス
交番前,都農町,"コミュニティバス　征矢原・都農駅線, コミュニティバス　轟・朝草線, コミュニティバス　下浜・篠別府線, コミュニティバス　芋川・鼓線-下浜・篠別府線, コミュニティバス　寺迫線, コミュニティバス　木和田・牧内線, コミュニティバス　都農駅線, コミュニティバス　町内周回線"
ながとも医院,都農町,"コミュニティバス　轟・朝草線, コミュニティバス　木和田・舟川・藤見線, コミュニティバス　下浜・篠別府線, コミュニティバス　芋川・鼓線-下浜・篠別府線, コミュニティバス　寺迫線"
都農駅通,宮崎交通（株）,"高鍋バスセンター〜坂本〜道の駅つの, 高鍋バスセンター〜坂本・新鬼ヶ久保〜道の駅つの, 高鍋バスセンター・高鍋高校〜坂本〜道の駅つの, 高鍋駅〜坂本〜道の駅つの"
高鍋信用金庫前,都農町,"コミュニティバス　木和田・舟川・藤見線, コミュニティバス　下浜・篠別府線, コミュニティバス　寺迫線"
北新町住宅,都農町,コミュニティバス　轟・朝草線
明田,都農町,"コミュニティバス　下浜・篠別府線, コミュニティバス　町内周回線"
都農郵便局,都農町,"コミュニティバス　征矢原・都農駅線, コミュニティバス　木和田・舟川・藤見線, コミュニティバス　下浜・篠別府線, コミュニティバス　寺迫線, コミュニティバス　木和田・牧内線, コミュニティバス　都農駅線, コミュニティバス　町内周回線"
朝草,都農町,コミュニティバス　轟・朝草線
南新町公民館,都農町,コミュニティバス　町内周回線
南新町,宮崎交通（株）,"高鍋バスセンター〜坂本〜道の駅つの, 高鍋バスセンター〜坂本・新鬼ヶ久保〜道の駅つの, 高鍋バスセンター・高鍋高校〜坂本〜道の駅つの, 高鍋駅〜坂本〜道の駅つの"
南新町,都農町,コミュニティバス　轟・朝草線
栗八重,西都市,穂北線
三日月原公民館,都農町,コミュニティバス　轟・朝草線
都農駅,都農町,"コミュニティバス　征矢原・都農駅線, コミュニティバス　下浜・篠別府線, コミュニティバス　寺迫線, コミュニティバス　都農駅線, コミュニティバス　町内周回線"
駅前住宅前,都農町,コミュニティバス　町内周回線
下浜,都農町,"コミュニティバス　下浜・篠別府線, コミュニティバス　町内周回線"
福原尾,都農町,"コミュニティバス　下浜・篠別府線, コミュニティバス　町内周回線"
三日月原神社,都農町,コミュニティバス　轟・朝草線
轟,都農町,"コミュニティバス　分子村・轟線, コミュニティバス　木和田・轟線, コミュニティバス　轟・朝草線"
下切,川南町,トロントロンバス
下浜南,都農町,"コミュニティバス　下浜・篠別府線, コミュニティバス　町内周回線"
松原公民館,都農町,コミュニティバス　町内周回線
立野,都農町,"コミュニティバス　分子村・轟線, コミュニティバス　木和田・轟線, コミュニティバス　轟・朝草線"
新今別府,都農町,"コミュニティバス　分子村・轟線, コミュニティバス　下浜・篠別府線, コミュニティバス　町内周回線"
南小前,都農町,コミュニティバス　轟・朝草線
春の山団地,都農町,"コミュニティバス　分子村・轟線, コミュニティバス　木和田・轟線, コミュニティバス　轟・朝草線"
南小学校前,宮崎交通（株）,"高鍋バスセンター〜坂本〜道の駅つの, 高鍋バスセンター〜坂本・新鬼ヶ久保〜道の駅つの, 高鍋バスセンター・高鍋高校〜坂本〜道の駅つの, 高鍋駅〜坂本〜道の駅つの"
西三日月原,都農町,"コミュニティバス　分子村・轟線, コミュニティバス　木和田・轟線, コミュニティバス　轟・朝草線"
渡瀬,西都市,穂北線
和田橋,都農町,"コミュニティバス　分子村・轟線, コミュニティバス　木和田・轟線, コミュニティバス　轟・朝草線"
名貫橋,宮崎交通（株）,"高鍋バスセンター〜坂本〜道の駅つの, 高鍋バスセンター〜坂本・新鬼ヶ久保〜道の駅つの, 高鍋バスセンター・高鍋高校〜坂本〜道の駅つの, 高鍋駅〜坂本〜道の駅つの"
名貫橋,都農町,コミュニティバス　下浜・篠別府線
込の口,川南町,トロントロンバス
新田,都農町,"コミュニティバス　下浜・篠別府線, コミュニティバス　町内周回線"
上鶴,西都市,穂北線
槇ノ花,西都市,穂北線
沓袋公民館,川南町,トロントロンバス
篠別府公民館,都農町,コミュニティバス　下浜・篠別府線
名貫,宮崎交通（株）,"高鍋バスセンター〜坂本〜道の駅つの, 高鍋バスセンター〜坂本・新鬼ヶ久保〜道の駅つの, 高鍋バスセンター・高鍋高校〜坂本〜道の駅つの, 高鍋駅〜坂本〜道の駅つの"
分子村公民館,都農町,コミュニティバス　分子村・轟線
八重公民館前,西都市,穂北線
日向柳,西都市,穂北線
山本別館,川南町,トロントロンバス
三久保,宮崎交通（株）,"西都バスセンター〜杉安峡〜村所, 西都バスセンター〜杉安峡・村所〜温泉館ゆたーと"
西米良中学校下,宮崎交通（株）,西都バスセンター〜杉安峡・村所〜温泉館ゆたーと
八重稲荷下,西都市,穂北線
黒坂,宮崎交通（株）,"高鍋バスセンター〜坂本〜道の駅つの, 高鍋バスセンター〜坂本・新鬼ヶ久保〜道の駅つの, 高鍋バスセンター・高鍋高校〜坂本〜道の駅つの, 高鍋駅〜坂本〜道の駅つの"
村所,宮崎交通（株）,"西都バスセンター〜杉安峡〜村所, 西都バスセンター〜杉安峡・村所〜温泉館ゆたーと"
小崎,宮崎交通（株）,"西都バスセンター〜杉安峡〜村所, 西都バスセンター〜杉安峡・村所〜温泉館ゆたーと"
村所橋,宮崎交通（株）,西都バスセンター〜杉安峡・村所〜温泉館ゆたーと
古佛所,宮崎交通（株）,"西都バスセンター〜杉安峡〜村所, 西都バスセンター〜杉安峡・村所〜温泉館ゆたーと"
戸崎,宮崎交通（株）,"西都バスセンター〜杉安峡〜村所, 西都バスセンター〜杉安峡・村所〜温泉館ゆたーと"
温泉館ゆたーと,宮崎交通（株）,西都バスセンター〜杉安峡・村所〜温泉館ゆたーと
双子,宮崎交通（株）,"西都バスセンター〜杉安峡〜村所, 西都バスセンター〜杉安峡・村所〜温泉館ゆたーと"
鳥ノ巣,宮崎交通（株）,"西都バスセンター〜杉安峡〜村所, 西都バスセンター〜杉安峡・村所〜温泉館ゆたーと"
田無瀬,宮崎交通（株）,"西都バスセンター〜杉安峡〜村所, 西都バスセンター〜杉安峡・村所〜温泉館ゆたーと"
診療所前,宮崎交通（株）,"西都バスセンター〜杉安峡〜村所, 西都バスセンター〜杉安峡・村所〜温泉館ゆたーと"
診療所前,西都市,穂北線
川南種畜場前,宮崎交通（株）,"高鍋バスセンター〜坂本〜道の駅つの, 高鍋バスセンター〜坂本・新鬼ヶ久保〜道の駅つの, 高鍋バスセンター・高鍋高校〜坂本〜道の駅つの, 高鍋駅〜坂本〜道の駅つの"
轟八重,宮崎交通（株）,"西都バスセンター〜杉安峡〜村所, 西都バスセンター〜杉安峡・村所〜温泉館ゆたーと"
一ノ瀬,宮崎交通（株）,"西都バスセンター〜杉安峡〜村所, 西都バスセンター〜杉安峡・村所〜温泉館ゆたーと"
一ノ瀬,西都市,穂北線
塩付,宮崎交通（株）,"高鍋バスセンター〜坂本〜道の駅つの, 高鍋バスセンター〜坂本・新鬼ヶ久保〜道の駅つの, 高鍋バスセンター・高鍋高校〜坂本〜道の駅つの, 高鍋駅〜坂本〜道の駅つの"
川南病院,川南町,トロントロンバス
瓢丹渕,宮崎交通（株）,"西都バスセンター〜杉安峡〜村所, 西都バスセンター〜杉安峡・村所〜温泉館ゆたーと"
猪野津久呂,宮崎交通（株）,"西都バスセンター〜杉安峡〜村所, 西都バスセンター〜杉安峡・村所〜温泉館ゆたーと"
新茶屋,宮崎交通（株）,"高鍋バスセンター〜坂本〜道の駅つの, 高鍋バスセンター〜坂本・新鬼ヶ久保〜道の駅つの, 高鍋バスセンター・高鍋高校〜坂本〜道の駅つの, 高鍋駅〜坂本〜道の駅つの"
東陵校前,宮崎交通（株）,"西都バスセンター〜杉安峡〜村所, 西都バスセンター〜杉安峡・村所〜温泉館ゆたーと"
九電資料館前,宮崎交通（株）,"西都バスセンター〜杉安峡〜村所, 西都バスセンター〜杉安峡・村所〜温泉館ゆたーと"
一ッ瀬ダム,宮崎交通（株）,"西都バスセンター〜杉安峡〜村所, 西都バスセンター〜杉安峡・村所〜温泉館ゆたーと"
下新茶屋,宮崎交通（株）,"高鍋バスセンター〜坂本〜道の駅つの, 高鍋バスセンター〜坂本・新鬼ヶ久保〜道の駅つの, 高鍋バスセンター・高鍋高校〜坂本〜道の駅つの, 高鍋駅〜坂本〜道の駅つの"
八毛巻,宮崎交通（株）,"西都バスセンター〜杉安峡〜村所, 西都バスセンター〜杉安峡・村所〜温泉館ゆたーと"
唐瀬,川南町,トロントロンバス
十五番,宮崎交通（株）,"西都バスセンター〜杉安峡〜村所, 西都バスセンター〜杉安峡・村所〜温泉館ゆたーと"
宮崎病院前,宮崎交通（株）,"高鍋バスセンター〜坂本〜道の駅つの, 高鍋バスセンター〜坂本・新鬼ヶ久保〜道の駅つの, 高鍋バスセンター・高鍋高校〜坂本〜道の駅つの, 高鍋駅〜坂本〜道の駅つの"
林クリニック,川南町,トロントロンバス
越野尾校前,宮崎交通（株）,"西都バスセンター〜杉安峡〜村所, 西都バスセンター〜杉安峡・村所〜温泉館ゆたーと"
清里,川南町,トロントロンバス
福祉館前,宮崎交通（株）,"西都バスセンター〜杉安峡〜村所, 西都バスセンター〜杉安峡・村所〜温泉館ゆたーと"
一ッ瀬発電所前,宮崎交通（株）,"西都バスセンター〜杉安峡〜村所, 西都バスセンター〜杉安峡・村所〜温泉館ゆたーと"
越野尾,宮崎交通（株）,"西都バスセンター〜杉安峡〜村所, 西都バスセンター〜杉安峡・村所〜温泉館ゆたーと"
横野,宮崎交通（株）,"西都バスセンター〜杉安峡〜村所, 西都バスセンター〜杉安峡・村所〜温泉館ゆたーと"
伊倉公民館,川南町,トロントロンバス
石櫃,宮崎交通（株）,"西都バスセンター〜杉安峡〜村所, 西都バスセンター〜杉安峡・村所〜温泉館ゆたーと"
トロントロン,川南町,トロントロンバス
トロントロン,宮崎交通（株）,"高鍋バスセンター〜坂本〜道の駅つの, 高鍋バスセンター〜坂本・新鬼ヶ久保〜道の駅つの, 高鍋バスセンター・高鍋高校〜坂本〜道の駅つの, 高鍋駅〜坂本〜道の駅つの"
本流瀬,宮崎交通（株）,"西都バスセンター〜杉安峡〜村所, 西都バスセンター〜杉安峡・村所〜温泉館ゆたーと"
川南,宮崎交通（株）,"高鍋バスセンター〜坂本〜道の駅つの, 高鍋バスセンター〜坂本・新鬼ヶ久保〜道の駅つの, 高鍋バスセンター・高鍋高校〜坂本〜道の駅つの, 高鍋駅〜坂本〜道の駅つの"
咲山,宮崎交通（株）,"西都バスセンター〜杉安峡〜村所, 西都バスセンター〜杉安峡・村所〜温泉館ゆたーと"
糸井医院,川南町,トロントロンバス
トロントロンドーム,川南町,川南駅⇔トロントロンドームシャトルバス
松原公民館,川南町,トロントロンバス
川南駅,川南町,"トロントロンバス, 川南駅⇔トロントロンドームシャトルバス"
役場［川南町］,川南町,トロントロンバス
川南役場前,宮崎交通（株）,"高鍋バスセンター〜坂本〜道の駅つの, 高鍋バスセンター〜坂本・新鬼ヶ久保〜道の駅つの, 高鍋バスセンター・高鍋高校〜坂本〜道の駅つの, 高鍋駅〜坂本〜道の駅つの"
米良稲荷,宮崎交通（株）,"西都バスセンター〜杉安峡〜村所, 西都バスセンター〜杉安峡・村所〜温泉館ゆたーと"
元鎮,宮崎交通（株）,"西都バスセンター〜杉安峡〜村所, 西都バスセンター〜杉安峡・村所〜温泉館ゆたーと"
山口整形外科,川南町,トロントロンバス
垂門,宮崎交通（株）,"高鍋バスセンター〜坂本〜道の駅つの, 高鍋バスセンター〜坂本・新鬼ヶ久保〜道の駅つの, 高鍋バスセンター・高鍋高校〜坂本〜道の駅つの, 高鍋駅〜坂本〜道の駅つの"
湖の駅,宮崎交通（株）,"西都バスセンター〜杉安峡〜村所, 西都バスセンター〜杉安峡・村所〜温泉館ゆたーと"
津々志,宮崎交通（株）,"西都バスセンター〜杉安峡〜村所, 西都バスセンター〜杉安峡・村所〜温泉館ゆたーと"
一つ松公園,川南町,トロントロンバス
上番野地,宮崎交通（株）,"高鍋バスセンター〜坂本〜道の駅つの, 高鍋バスセンター〜坂本・新鬼ヶ久保〜道の駅つの, 高鍋バスセンター・高鍋高校〜坂本〜道の駅つの, 高鍋駅〜坂本〜道の駅つの"
下津々志,宮崎交通（株）,"西都バスセンター〜杉安峡〜村所, 西都バスセンター〜杉安峡・村所〜温泉館ゆたーと"
農業大学校前,宮崎交通（株）,"高鍋バスセンター〜坂本〜道の駅つの, 高鍋バスセンター〜坂本・新鬼ヶ久保〜道の駅つの, 高鍋バスセンター・高鍋高校〜坂本〜道の駅つの, 高鍋駅〜坂本〜道の駅つの"
川南町漁協,川南町,トロントロンバス
木城温泉館湯らら,宮崎交通（株）,高鍋バスセンター〜出店〜木城温泉館湯らら
木城温泉館湯らら,高鍋町・木城町,宮交シティ〜高鍋〜木城温泉館湯らら
譲葉,宮崎交通（株）,"西都バスセンター〜杉安峡〜村所, 西都バスセンター〜杉安峡・村所〜温泉館ゆたーと"
通浜海浜公園,川南町,トロントロンバス
俵橋,宮崎交通（株）,"高鍋バスセンター〜坂本〜道の駅つの, 高鍋バスセンター〜坂本・新鬼ヶ久保〜道の駅つの, 高鍋バスセンター・高鍋高校〜坂本〜道の駅つの, 高鍋駅〜坂本〜道の駅つの"
椎原,宮崎交通（株）,"西都バスセンター〜杉安峡〜村所, 西都バスセンター〜杉安峡・村所〜温泉館ゆたーと"
木城,宮崎交通（株）,高鍋バスセンター〜出店〜木城温泉館湯らら
木城,高鍋町・木城町,宮交シティ〜高鍋〜木城温泉館湯らら
杉安ダム,宮崎交通（株）,"西都バスセンター〜杉安峡〜村所, 西都バスセンター〜杉安峡・村所〜温泉館ゆたーと"
中川原,宮崎交通（株）,高鍋バスセンター〜出店〜木城温泉館湯らら
中川原,高鍋町・木城町,宮交シティ〜高鍋〜木城温泉館湯らら
木城学校前,宮崎交通（株）,高鍋バスセンター〜出店〜木城温泉館湯らら
木城学校前,高鍋町・木城町,宮交シティ〜高鍋〜木城温泉館湯らら
出店,宮崎交通（株）,高鍋バスセンター〜出店〜木城温泉館湯らら
出店,高鍋町・木城町,宮交シティ〜高鍋〜木城温泉館湯らら
速川神社前,宮崎交通（株）,"西都バスセンター〜杉安峡〜村所, 西都バスセンター〜杉安峡・村所〜温泉館ゆたーと"
杉安発電所,宮崎交通（株）,"西都バスセンター〜杉安峡〜村所, 西都バスセンター〜杉安峡・村所〜温泉館ゆたーと"
鬼ヶ久保,宮崎交通（株）,"高鍋バスセンター〜坂本〜道の駅つの, 高鍋バスセンター・高鍋高校〜坂本〜道の駅つの, 高鍋駅〜坂本〜道の駅つの"
新鬼ヶ久保,宮崎交通（株）,高鍋バスセンター〜坂本・新鬼ヶ久保〜道の駅つの
田畑,宮崎交通（株）,高鍋バスセンター〜出店〜木城温泉館湯らら
田畑,高鍋町・木城町,宮交シティ〜高鍋〜木城温泉館湯らら
木の瀬,宮崎交通（株）,高鍋バスセンター〜出店〜木城温泉館湯らら
木の瀬,高鍋町・木城町,宮交シティ〜高鍋〜木城温泉館湯らら
杉安峡,宮崎交通（株）,"西都バスセンター〜杉安峡〜村所, 西都バスセンター〜杉安峡・村所〜温泉館ゆたーと"
杉安峡,西都市,穂北線
青木,宮崎交通（株）,高鍋バスセンター〜出店〜木城温泉館湯らら
青木,高鍋町・木城町,宮交シティ〜高鍋〜木城温泉館湯らら
杉安橋,宮崎交通（株）,"西都バスセンター〜杉安峡〜村所, 西都バスセンター〜杉安峡・村所〜温泉館ゆたーと"
杉安,宮崎交通（株）,"西都バスセンター〜杉安峡〜村所, 西都バスセンター〜杉安峡・村所〜温泉館ゆたーと"
家床,宮崎交通（株）,高鍋バスセンター〜坂本・新鬼ヶ久保〜道の駅つの
南杉安,宮崎交通（株）,"西都バスセンター〜杉安峡〜村所, 西都バスセンター〜杉安峡・村所〜温泉館ゆたーと"
坂本,宮崎交通（株）,"高鍋バスセンター〜坂本〜道の駅つの, 高鍋バスセンター・高鍋高校〜坂本〜道の駅つの, 高鍋駅〜坂本〜道の駅つの"
串木,西都市,穂北線
井堰,宮崎交通（株）,"西都バスセンター〜杉安峡〜村所, 西都バスセンター〜杉安峡・村所〜温泉館ゆたーと"
坂本東,宮崎交通（株）,高鍋バスセンター〜坂本・新鬼ヶ久保〜道の駅つの
川田,宮崎交通（株）,高鍋バスセンター〜出店〜木城温泉館湯らら
川田,高鍋町・木城町,宮交シティ〜高鍋〜木城温泉館湯らら
持田団地前,宮崎交通（株）,高鍋バスセンター〜坂本・新鬼ヶ久保〜道の駅つの
西小前,宮崎交通（株）,高鍋バスセンター〜出店〜木城温泉館湯らら
西小前,高鍋町・木城町,宮交シティ〜高鍋〜木城温泉館湯らら
高鍋自動車学校前,宮崎交通（株）,"高鍋バスセンター〜坂本〜道の駅つの, 高鍋バスセンター〜坂本・新鬼ヶ久保〜道の駅つの, 高鍋バスセンター・高鍋高校〜坂本〜道の駅つの, 高鍋駅〜坂本〜道の駅つの"
西小入口,宮崎交通（株）,中尾〜西小入口〜高鍋バスセンター
椿原,宮崎交通（株）,"西都バスセンター〜杉安峡〜村所, 西都バスセンター〜杉安峡・村所〜温泉館ゆたーと"
農協前,宮崎交通（株）,"中尾〜西小入口〜高鍋バスセンター, 高鍋バスセンター〜出店〜木城温泉館湯らら"
農協前,高鍋町・木城町,宮交シティ〜高鍋〜木城温泉館湯らら
立花神社前,宮崎交通（株）,"高鍋バスセンター〜坂本〜道の駅つの, 高鍋バスセンター〜坂本・新鬼ヶ久保〜道の駅つの, 高鍋バスセンター・高鍋高校〜坂本〜道の駅つの, 高鍋駅〜坂本〜道の駅つの"
南牛牧,宮崎交通（株）,中尾〜西小入口〜高鍋バスセンター
立野,西都市,穂北線
上長谷,西都市,長谷線
牛牧,宮崎交通（株）,中尾〜西小入口〜高鍋バスセンター
小丸上,宮崎交通（株）,"宮崎大学〜宮交シティ〜高鍋バスセンター, 宮交シティ〜高鍋駅〜高鍋バスセンター, 高鍋バスセンター〜坂本〜道の駅つの, 高鍋バスセンター〜坂本・新鬼ヶ久保〜道の駅つの, 高鍋バスセンター〜高鍋高校前〜高鍋駅, 看護大学〜宮交シティ〜高鍋バスセンター, 西都バスセンター〜一丁田〜高鍋駅, 中尾〜西小入口〜高鍋バスセンター, 高鍋バスセンター〜出店〜木城温泉館湯らら, 高鍋バスセンター・高鍋高校〜坂本〜道の駅つの, 高鍋駅〜坂本〜道の駅つの"
小丸上,西都市・高鍋町・新富町,"高鍋〜三納代〜西都, 高鍋〜一丁田（めいりんの湯）〜西都"
小丸上,高鍋町・木城町,宮交シティ〜高鍋〜木城温泉館湯らら
島の内,宮崎交通（株）,"西都バスセンター〜杉安峡〜村所, 西都バスセンター〜杉安峡・村所〜温泉館ゆたーと"
東宮越,宮崎交通（株）,"高鍋バスセンター〜高鍋高校前〜高鍋駅, 西都バスセンター〜一丁田〜高鍋駅, 高鍋バスセンター・高鍋高校〜坂本〜道の駅つの, 高鍋駅〜坂本〜道の駅つの"
東宮越,西都市・高鍋町・新富町,高鍋〜一丁田（めいりんの湯）〜西都
宮越,宮崎交通（株）,"宮崎大学〜宮交シティ〜高鍋バスセンター, 宮交シティ〜高鍋駅〜高鍋バスセンター, 看護大学〜宮交シティ〜高鍋バスセンター"
宮越,西都市・高鍋町・新富町,高鍋〜三納代〜西都
宮越,高鍋町・木城町,宮交シティ〜高鍋〜木城温泉館湯らら
中尾,宮崎交通（株）,中尾〜西小入口〜高鍋バスセンター
穂北,宮崎交通（株）,"西都バスセンター〜杉安峡〜村所, 西都バスセンター〜杉安峡・村所〜温泉館ゆたーと"
高鍋バスセンター,宮崎交通（株）,"宮崎大学〜宮交シティ〜高鍋バスセンター, 宮交シティ〜高鍋駅〜高鍋バスセンター, 高鍋バスセンター〜坂本〜道の駅つの, 高鍋バスセンター〜坂本・新鬼ヶ久保〜道の駅つの, 高鍋バスセンター〜高鍋高校前〜高鍋駅, 看護大学〜宮交シティ〜高鍋バスセンター, 西都バスセンター〜一丁田〜高鍋駅, 中尾〜西小入口〜高鍋バスセンター, 高鍋バスセンター〜出店〜木城温泉館湯らら, 高鍋バスセンター・高鍋高校〜坂本〜道の駅つの, 高鍋駅〜坂本〜道の駅つの"
高鍋バスセンター,西都市・高鍋町・新富町,"高鍋〜三納代〜西都, 高鍋〜一丁田（めいりんの湯）〜西都"
高鍋バスセンター,高鍋町・木城町,宮交シティ〜高鍋〜木城温泉館湯らら
高鍋商工会議所前,宮崎交通（株）,"宮交シティ〜高鍋駅〜高鍋バスセンター, 看護大学〜宮交シティ〜高鍋バスセンター, 西都バスセンター〜一丁田〜高鍋駅"
高鍋商工会議所前,西都市・高鍋町・新富町,"高鍋〜三納代〜西都, 高鍋〜一丁田（めいりんの湯）〜西都"
高鍋商工会議所前,高鍋町・木城町,宮交シティ〜高鍋〜木城温泉館湯らら
高鍋農校前,宮崎交通（株）,中尾〜西小入口〜高鍋バスセンター
高鍋高校前,宮崎交通（株）,"高鍋バスセンター〜高鍋高校前〜高鍋駅, 西都バスセンター〜一丁田〜高鍋駅, 高鍋バスセンター・高鍋高校〜坂本〜道の駅つの, 高鍋駅〜坂本〜道の駅つの"
高鍋高校前,西都市・高鍋町・新富町,高鍋〜一丁田（めいりんの湯）〜西都
中長谷,西都市,長谷線
下水流,西都市,穂北線
しんきん通り,宮崎交通（株）,"宮崎大学〜宮交シティ〜高鍋バスセンター, 宮交シティ〜高鍋駅〜高鍋バスセンター, 看護大学〜宮交シティ〜高鍋バスセンター"
しんきん通り,西都市・高鍋町・新富町,高鍋〜三納代〜西都
しんきん通り,高鍋町・木城町,宮交シティ〜高鍋〜木城温泉館湯らら
東小前,宮崎交通（株）,"宮崎大学〜宮交シティ〜高鍋バスセンター, 宮交シティ〜高鍋駅〜高鍋バスセンター, 看護大学〜宮交シティ〜高鍋バスセンター"
東小前,西都市・高鍋町・新富町,高鍋〜三納代〜西都
東小前,高鍋町・木城町,宮交シティ〜高鍋〜木城温泉館湯らら
道具小路,宮崎交通（株）,"宮崎大学〜宮交シティ〜高鍋バスセンター, 宮交シティ〜高鍋駅〜高鍋バスセンター, 看護大学〜宮交シティ〜高鍋バスセンター"
道具小路,西都市・高鍋町・新富町,高鍋〜三納代〜西都
道具小路,高鍋町・木城町,宮交シティ〜高鍋〜木城温泉館湯らら
菖蒲池,宮崎交通（株）,"宮崎大学〜宮交シティ〜高鍋バスセンター, 宮交シティ〜高鍋駅〜高鍋バスセンター, 看護大学〜宮交シティ〜高鍋バスセンター"
菖蒲池,西都市・高鍋町・新富町,高鍋〜三納代〜西都
菖蒲池,高鍋町・木城町,宮交シティ〜高鍋〜木城温泉館湯らら
東町,宮崎交通（株）,"宮崎大学〜宮交シティ〜高鍋バスセンター, 宮交シティ〜高鍋駅〜高鍋バスセンター, 看護大学〜宮交シティ〜高鍋バスセンター"
東町,西都市・高鍋町・新富町,高鍋〜三納代〜西都
東町,高鍋町・木城町,宮交シティ〜高鍋〜木城温泉館湯らら
稲荷町,宮崎交通（株）,"宮崎大学〜宮交シティ〜高鍋バスセンター, 宮交シティ〜高鍋駅〜高鍋バスセンター, 看護大学〜宮交シティ〜高鍋バスセンター"
稲荷町,西都市・高鍋町・新富町,高鍋〜三納代〜西都
稲荷町,高鍋町・木城町,宮交シティ〜高鍋〜木城温泉館湯らら
中央通,宮崎交通（株）,"宮交シティ〜高鍋駅〜高鍋バスセンター, 看護大学〜宮交シティ〜高鍋バスセンター"
中央通,西都市・高鍋町・新富町,高鍋〜三納代〜西都
中央通,高鍋町・木城町,宮交シティ〜高鍋〜木城温泉館湯らら
旭通り,宮崎交通（株）,西都バスセンター〜一丁田〜高鍋駅
旭通り,西都市・高鍋町・新富町,高鍋〜一丁田（めいりんの湯）〜西都
役場前,宮崎交通（株）,"西都バスセンター〜一丁田〜高鍋駅, 中尾〜西小入口〜高鍋バスセンター"
役場前,西都市・高鍋町・新富町,高鍋〜一丁田（めいりんの湯）〜西都
黒谷,宮崎交通（株）,西都バスセンター〜一丁田〜高鍋駅
黒谷,西都市・高鍋町・新富町,高鍋〜一丁田（めいりんの湯）〜西都
萩原,宮崎交通（株）,"宮崎大学〜宮交シティ〜高鍋バスセンター, 宮交シティ〜高鍋駅〜高鍋バスセンター, 高鍋バスセンター〜高鍋高校前〜高鍋駅, 看護大学〜宮交シティ〜高鍋バスセンター, 西都バスセンター〜一丁田〜高鍋駅, 高鍋駅〜坂本〜道の駅つの"
萩原,西都市・高鍋町・新富町,"高鍋〜三納代〜西都, 高鍋〜一丁田（めいりんの湯）〜西都"
萩原,高鍋町・木城町,宮交シティ〜高鍋〜木城温泉館湯らら
下長谷,西都市,長谷線
南九州化学前,宮崎交通（株）,"宮崎大学〜宮交シティ〜高鍋バスセンター, 宮交シティ〜高鍋駅〜高鍋バスセンター, 高鍋バスセンター〜高鍋高校前〜高鍋駅, 看護大学〜宮交シティ〜高鍋バスセンター, 西都バスセンター〜一丁田〜高鍋駅, 高鍋駅〜坂本〜道の駅つの"
南九州化学前,西都市・高鍋町・新富町,"高鍋〜三納代〜西都, 高鍋〜一丁田（めいりんの湯）〜西都"
南九州化学前,高鍋町・木城町,宮交シティ〜高鍋〜木城温泉館湯らら
童子丸,宮崎交通（株）,"西都バスセンター〜杉安峡〜村所, 西都バスセンター〜杉安峡・村所〜温泉館ゆたーと"
舞鶴公園前,宮崎交通（株）,西都バスセンター〜一丁田〜高鍋駅
舞鶴公園前,西都市・高鍋町・新富町,高鍋〜一丁田（めいりんの湯）〜西都
高鍋駅前,宮崎交通（株）,"宮崎大学〜宮交シティ〜高鍋バスセンター, 宮交シティ〜高鍋駅〜高鍋バスセンター, 看護大学〜宮交シティ〜高鍋バスセンター"
高鍋駅前,西都市・高鍋町・新富町,高鍋〜三納代〜西都
高鍋駅前,高鍋町・木城町,宮交シティ〜高鍋〜木城温泉館湯らら
高鍋駅,宮崎交通（株）,"宮崎大学〜宮交シティ〜高鍋バスセンター, 宮交シティ〜高鍋駅〜高鍋バスセンター, 高鍋バスセンター〜高鍋高校前〜高鍋駅, 看護大学〜宮交シティ〜高鍋バスセンター, 西都バスセンター〜一丁田〜高鍋駅, 高鍋駅〜坂本〜道の駅つの"
高鍋駅,西都市・高鍋町・新富町,高鍋〜一丁田（めいりんの湯）〜西都
高鍋駅,高鍋町・木城町,宮交シティ〜高鍋〜木城温泉館湯らら
舞鶴団地前,宮崎交通（株）,西都バスセンター〜一丁田〜高鍋駅
舞鶴団地前,西都市・高鍋町・新富町,高鍋〜一丁田（めいりんの湯）〜西都
蓑崎,宮崎交通（株）,西都バスセンター〜一丁田〜高鍋駅
蓑崎,西都市・高鍋町・新富町,高鍋〜一丁田（めいりんの湯）〜西都
下大平寺,宮崎交通（株）,西都バスセンター〜一丁田〜高鍋駅
下大平寺,西都市・高鍋町・新富町,高鍋〜一丁田（めいりんの湯）〜西都
上山路,宮崎交通（株）,西都バスセンター〜酒元〜上山路
宝酒造前,宮崎交通（株）,"宮崎大学〜宮交シティ〜高鍋バスセンター, 宮交シティ〜高鍋駅〜高鍋バスセンター, 看護大学〜宮交シティ〜高鍋バスセンター"
宝酒造前,西都市・高鍋町・新富町,高鍋〜三納代〜西都
宝酒造前,高鍋町・木城町,宮交シティ〜高鍋〜木城温泉館湯らら
高鍋温泉めいりんの湯,西都市・高鍋町・新富町,高鍋〜一丁田（めいりんの湯）〜西都
西都原,宮崎交通（株）,西都バスセンター〜酒元〜上山路
大平寺,宮崎交通（株）,西都バスセンター〜一丁田〜高鍋駅
大平寺,西都市・高鍋町・新富町,高鍋〜一丁田（めいりんの湯）〜西都
大久保,宮崎交通（株）,西都バスセンター〜一丁田〜高鍋駅
大久保,西都市・高鍋町・新富町,高鍋〜一丁田（めいりんの湯）〜西都
新山入口,宮崎交通（株）,西都バスセンター〜一丁田〜高鍋駅
新山入口,西都市・高鍋町・新富町,高鍋〜一丁田（めいりんの湯）〜西都
麓,西都市,長谷線
新町入口,宮崎交通（株）,"西都バスセンター〜杉安峡〜村所, 西都バスセンター〜杉安峡・村所〜温泉館ゆたーと"
新山,宮崎交通（株）,西都バスセンター〜一丁田〜高鍋駅
新山,西都市・高鍋町・新富町,高鍋〜一丁田（めいりんの湯）〜西都
山路,宮崎交通（株）,西都バスセンター〜酒元〜上山路
鬼の窟,宮崎交通（株）,西都バスセンター〜酒元〜上山路
畦原入口,宮崎交通（株）,西都バスセンター〜一丁田〜高鍋駅
畦原入口,西都市・高鍋町・新富町,高鍋〜一丁田（めいりんの湯）〜西都
新町,西都市,穂北線
寺原,宮崎交通（株）,西都バスセンター〜酒元〜上山路
堀割,宮崎交通（株）,"宮崎大学〜宮交シティ〜高鍋バスセンター, 宮交シティ〜高鍋駅〜高鍋バスセンター, 看護大学〜宮交シティ〜高鍋バスセンター"
堀割,西都市・高鍋町・新富町,高鍋〜三納代〜西都
堀割,高鍋町・木城町,宮交シティ〜高鍋〜木城温泉館湯らら
札の元,西都市,"長谷線, 平野・石尾線"
稚児殿池,宮崎交通（株）,西都バスセンター〜酒元〜上山路
都万神社前,宮崎交通（株）,"西都バスセンター〜酒元〜上山路, 西都バスセンター〜杉安峡〜村所, 西都バスセンター〜杉安峡・村所〜温泉館ゆたーと"
山角,宮崎交通（株）,西都バスセンター〜一丁田〜高鍋駅
山角,西都市・高鍋町・新富町,高鍋〜一丁田（めいりんの湯）〜西都
木の前,宮崎交通（株）,西都バスセンター〜酒元〜上山路
愛宕,西都市,平野・石尾線
酒元,宮崎交通（株）,西都バスセンター〜酒元〜上山路
吉田,西都市,平野・石尾線
中妻,宮崎交通（株）,西都バスセンター〜一丁田〜高鍋駅
中妻,西都市・高鍋町・新富町,高鍋〜一丁田（めいりんの湯）〜西都
城平,宮崎交通（株）,西都バスセンター〜一丁田〜高鍋駅
城平,西都市・高鍋町・新富町,高鍋〜一丁田（めいりんの湯）〜西都
東畦原,宮崎交通（株）,西都バスセンター〜一丁田〜高鍋駅
東畦原,西都市・高鍋町・新富町,高鍋〜一丁田（めいりんの湯）〜西都
永野,西都市,平野・石尾線
病院前,宮崎交通（株）,"西都バスセンター〜酒元〜上山路, 西都バスセンター〜杉安峡〜村所, 西都バスセンター〜杉安峡・村所〜温泉館ゆたーと"
水流崎,西都市,穂北線
本町,宮崎交通（株）,西都バスセンター〜一丁田〜高鍋駅
本町,西都市・高鍋町・新富町,高鍋〜一丁田（めいりんの湯）〜西都
妻高校前,宮崎交通（株）,"佐土原高校〜西都バスセンター〜妻高校前, 宮交シティ〜西都バスセンター〜妻高校前"
聖陵通り,宮崎交通（株）,"西都バスセンター〜岩崎〜国富・保坂, 佐土原高校〜西都バスセンター〜妻高校前, 宮交シティ〜西都バスセンター〜妻高校前"
聖陵通り,西都市,"岩井谷・並木線, 岩爪線, 山田・上沖線, 長園線, 長園通学線, 長谷線, 平野・石尾線, 穂北線"
九流水,西都市,平野・石尾線
西畦原,宮崎交通（株）,西都バスセンター〜一丁田〜高鍋駅
西畦原,西都市・高鍋町・新富町,高鍋〜一丁田（めいりんの湯）〜西都
大口川,宮崎交通（株）,西都バスセンター〜一丁田〜高鍋駅
大口川,西都市・高鍋町・新富町,高鍋〜一丁田（めいりんの湯）〜西都
平田,宮崎交通（株）,西都バスセンター〜岩崎〜国富・保坂
祗園原,宮崎交通（株）,西都バスセンター〜一丁田〜高鍋駅
祗園原,西都市・高鍋町・新富町,高鍋〜一丁田（めいりんの湯）〜西都
御舟通り,宮崎交通（株）,"西都バスセンター〜西佐土原〜宮交シティ, 西都バスセンター〜西佐土原〜宮崎駅, 西都バスセンター〜酒元〜上山路, 学園短大・国際大〜宮交シティ〜西都バスセンター, 西都バスセンター〜一丁田〜高鍋駅, 西都バスセンター〜西佐土原〜北高校, 西都バスセンター〜岩崎〜国富・保坂, 佐土原高校〜佐土原駅〜西都バスセンター, 西都バスセンター〜春田バイパス・北バイパス・橘通〜大学病院・宮崎大学, 西都バスセンター〜杉安峡〜村所, 佐土原高校〜西都バスセンター〜妻高校前, 宮交シティ〜西都バスセンター〜妻高校前, 西都バスセンター〜花ヶ島・宮交シティ〜国立東病院, 西都バスセンター〜杉安峡・村所〜温泉館ゆたーと"
御舟通り,西都市,"岩井谷・並木線, 岩爪線, 山田・上沖線, 長園線, 長園通学線, 長谷線, 平野・石尾線, 穂北線"
御舟通り,西都市・高鍋町・新富町,"高鍋〜三納代〜西都, 高鍋〜一丁田（めいりんの湯）〜西都"
市役所,西都市,"岩井谷・並木線, 岩爪線, 山田・上沖線, 長園線, 長園通学線, 長谷線, 平野・石尾線, 穂北線"
川北農協前,西都市,平野・石尾線
西都バスセンター,宮崎交通（株）,"西都バスセンター〜西佐土原〜宮交シティ, 西都バスセンター〜西佐土原〜宮崎駅, 西都バスセンター〜酒元〜上山路, 学園短大・国際大〜宮交シティ〜西都バスセンター, 西都バスセンター〜一丁田〜高鍋駅, 西都バスセンター〜西佐土原〜北高校, （直行）西都バスセンター〜西佐土原〜北高校, 西都バスセンター〜岩崎〜国富・保坂, 佐土原高校〜佐土原駅〜西都バスセンター, 西都バスセンター〜春田バイパス・北バイパス・橘通〜大学病院・宮崎大学, 西都バスセンター〜杉安峡〜村所, 佐土原高校〜西都バスセンター〜妻高校前, 宮交シティ〜西都バスセンター〜妻高校前, 西都バスセンター〜花ヶ島・宮交シティ〜国立東病院, 西都バスセンター〜杉安峡・村所〜温泉館ゆたーと"
西都バスセンター,西都市,"岩井谷・並木線, 岩爪線, 山田・上沖線, 長園線, 長園通学線, 長谷線, 平野・石尾線, 穂北線"
西都バスセンター,西都市・高鍋町・新富町,"高鍋〜三納代〜西都, 高鍋〜一丁田（めいりんの湯）〜西都"
川床,宮崎交通（株）,西都バスセンター〜一丁田〜高鍋駅
川床,西都市・高鍋町・新富町,高鍋〜一丁田（めいりんの湯）〜西都
中央公民館前,宮崎交通（株）,"西都バスセンター〜西佐土原〜宮交シティ, 西都バスセンター〜西佐土原〜宮崎駅, 学園短大・国際大〜宮交シティ〜西都バスセンター, 西都バスセンター〜西佐土原〜北高校, 佐土原高校〜佐土原駅〜西都バスセンター, 西都バスセンター〜春田バイパス・北バイパス・橘通〜大学病院・宮崎大学, 佐土原高校〜西都バスセンター〜妻高校前, 宮交シティ〜西都バスセンター〜妻高校前, 西都バスセンター〜花ヶ島・宮交シティ〜国立東病院"
中央公民館前,西都市・高鍋町・新富町,高鍋〜三納代〜西都
原田,西都市,平野・石尾線
市民体育館前,宮崎交通（株）,西都バスセンター〜岩崎〜国富・保坂
市民体育館前,西都市,"岩井谷・並木線, 岩爪線, 山田・上沖線, 長園線, 長園通学線, 長谷線, 平野・石尾線"
竹の内,西都市,長谷線
西都ショッピングセンター,西都市,"岩井谷・並木線, 岩爪線, 山田・上沖線, 長園線, 長園通学線, 長谷線, 平野・石尾線, 穂北線"
笠原,西都市,平野・石尾線
上新田中学校前,宮崎交通（株）,西都バスセンター〜一丁田〜高鍋駅
上新田中学校前,西都市・高鍋町・新富町,高鍋〜一丁田（めいりんの湯）〜西都
農協前,宮崎交通（株）,"西都バスセンター〜西佐土原〜宮交シティ, 西都バスセンター〜西佐土原〜宮崎駅, 学園短大・国際大〜宮交シティ〜西都バスセンター, 西都バスセンター〜西佐土原〜北高校, 佐土原高校〜佐土原駅〜西都バスセンター, 西都バスセンター〜春田バイパス・北バイパス・橘通〜大学病院・宮崎大学, 佐土原高校〜西都バスセンター〜妻高校前, 宮交シティ〜西都バスセンター〜妻高校前, 西都バスセンター〜花ヶ島・宮交シティ〜国立東病院"
農協前,西都市・高鍋町・新富町,高鍋〜三納代〜西都
堀の内,宮崎交通（株）,"宮崎大学〜宮交シティ〜高鍋バスセンター, 宮交シティ〜高鍋駅〜高鍋バスセンター, 看護大学〜宮交シティ〜高鍋バスセンター"
堀の内,西都市・高鍋町・新富町,高鍋〜三納代〜西都
堀の内,高鍋町・木城町,宮交シティ〜高鍋〜木城温泉館湯らら
三笠,宮崎交通（株）,西都バスセンター〜岩崎〜国富・保坂
三笠,西都市,"岩井谷・並木線, 岩爪線, 山田・上沖線, 長園線, 長園通学線, 長谷線, 平野・石尾線"
上一丁田,宮崎交通（株）,西都バスセンター〜一丁田〜高鍋駅
上一丁田,西都市・高鍋町・新富町,高鍋〜一丁田（めいりんの湯）〜西都
Aコープ,西都市,"岩爪線, 山田・上沖線, 長園線, 長谷線, 平野・石尾線"
一丁田,宮崎交通（株）,西都バスセンター〜一丁田〜高鍋駅
一丁田,西都市・高鍋町・新富町,高鍋〜一丁田（めいりんの湯）〜西都
松元,西都市,平野・石尾線
粟野,宮崎交通（株）,"西都バスセンター〜西佐土原〜宮交シティ, 西都バスセンター〜西佐土原〜宮崎駅, 学園短大・国際大〜宮交シティ〜西都バスセンター, 西都バスセンター〜西佐土原〜北高校, 佐土原高校〜佐土原駅〜西都バスセンター, 西都バスセンター〜春田バイパス・北バイパス・橘通〜大学病院・宮崎大学, 佐土原高校〜西都バスセンター〜妻高校前, 宮交シティ〜西都バスセンター〜妻高校前, 西都バスセンター〜花ヶ島・宮交シティ〜国立東病院"
粟野,西都市・高鍋町・新富町,高鍋〜三納代〜西都
法蓮寺,西都市,長谷線
樫野,西都市,長谷線
三宅入口,宮崎交通（株）,西都バスセンター〜岩崎〜国富・保坂
三宅入口,西都市,"岩井谷・並木線, 岩爪線, 山田・上沖線, 長園線, 長園通学線, 長谷線, 平野・石尾線"
平野,西都市,平野・石尾線
夏木,小林市,"上九瀬線, 上原循環線"
永谷,宮崎交通（株）,"宮崎大学〜宮交シティ〜高鍋バスセンター, 宮交シティ〜高鍋駅〜高鍋バスセンター, 看護大学〜宮交シティ〜高鍋バスセンター"
永谷,西都市・高鍋町・新富町,高鍋〜三納代〜西都
永谷,高鍋町・木城町,宮交シティ〜高鍋〜木城温泉館湯らら
鳶野,西都市,長谷線
清水岐道,宮崎交通（株）,西都バスセンター〜岩崎〜国富・保坂
清水岐道,西都市,"長谷線, 平野・石尾線"
中藪,小林市,"上九瀬線, 上原循環線"
鳥田町,小林市,"上九瀬線, 上原循環線"
下清水,宮崎交通（株）,西都バスセンター〜岩崎〜国富・保坂
下清水,西都市,"岩爪線, 山田・上沖線, 長園線, 長園通学線, 長谷線, 平野・石尾線"
下尾筋,宮崎交通（株）,西都バスセンター〜岩崎〜国富・保坂
下尾筋,西都市,"岩爪線, 山田・上沖線, 長園線, 長園通学線, 長谷線, 平野・石尾線"
夏木入口,小林市,"上九瀬線, 上原循環線"
薗元（県立産業技術専門校）,宮崎交通（株）,"西都バスセンター〜西佐土原〜宮交シティ, 西都バスセンター〜西佐土原〜宮崎駅, 学園短大・国際大〜宮交シティ〜西都バスセンター, 西都バスセンター〜西佐土原〜北高校, 佐土原高校〜佐土原駅〜西都バスセンター, 西都バスセンター〜春田バイパス・北バイパス・橘通〜大学病院・宮崎大学, 佐土原高校〜西都バスセンター〜妻高校前, 宮交シティ〜西都バスセンター〜妻高校前, 西都バスセンター〜花ヶ島・宮交シティ〜国立東病院"
薗元（県立産業技術専門校）,西都市・高鍋町・新富町,高鍋〜三納代〜西都
石尾,西都市,平野・石尾線
清水,宮崎交通（株）,西都バスセンター〜岩崎〜国富・保坂
清水,西都市,"長谷線, 平野・石尾線"
南樫野,西都市,長谷線
川内,小林市,"上九瀬線, 上原循環線"
下九瀬,小林市,"上九瀬線, 上原循環線"
平郡公民館,西都市,長谷線
万福寺,宮崎交通（株）,"宮崎大学〜宮交シティ〜高鍋バスセンター, 宮交シティ〜高鍋駅〜高鍋バスセンター, 看護大学〜宮交シティ〜高鍋バスセンター"
万福寺,西都市・高鍋町・新富町,高鍋〜三納代〜西都
万福寺,高鍋町・木城町,宮交シティ〜高鍋〜木城温泉館湯らら
宮の下,宮崎交通（株）,西都バスセンター〜岩崎〜国富・保坂
宮の下公民館,西都市,長谷線
赤池,西都市,岩井谷・並木線
冷水,小林市,"上九瀬線, 上原循環線"
野中,宮崎交通（株）,"宮崎大学〜宮交シティ〜高鍋バスセンター, 宮交シティ〜高鍋駅〜高鍋バスセンター, 看護大学〜宮交シティ〜高鍋バスセンター"
野中,西都市・高鍋町・新富町,高鍋〜三納代〜西都
野中,高鍋町・木城町,宮交シティ〜高鍋〜木城温泉館湯らら
鳥越,小林市,"上九瀬線, 上原循環線"
八双田,宮崎交通（株）,西都バスセンター〜岩崎〜国富・保坂
中村,西都市,"岩爪線, 山田・上沖線, 長園線, 長園通学線"
中河間,小林市,"上九瀬線, 上原循環線"
瀬口,宮崎交通（株）,"西都バスセンター〜西佐土原〜宮交シティ, 西都バスセンター〜西佐土原〜宮崎駅, 学園短大・国際大〜宮交シティ〜西都バスセンター, 西都バスセンター〜西佐土原〜北高校, 佐土原高校〜佐土原駅〜西都バスセンター, 西都バスセンター〜春田バイパス・北バイパス・橘通〜大学病院・宮崎大学, 佐土原高校〜西都バスセンター〜妻高校前, 宮交シティ〜西都バスセンター〜妻高校前, 西都バスセンター〜花ヶ島・宮交シティ〜国立東病院"
瀬口,西都市・高鍋町・新富町,高鍋〜三納代〜西都
中河間橋,小林市,"上九瀬線, 上原循環線"
岡富,西都市・高鍋町・新富町,高鍋〜三納代〜西都
日置,宮崎交通（株）,"宮崎大学〜宮交シティ〜高鍋バスセンター, 宮交シティ〜高鍋駅〜高鍋バスセンター, 看護大学〜宮交シティ〜高鍋バスセンター"
日置,西都市・高鍋町・新富町,高鍋〜三納代〜西都
日置,高鍋町・木城町,宮交シティ〜高鍋〜木城温泉館湯らら
今井,西都市,岩井谷・並木線
霧島入口,西都市,"岩爪線, 山田・上沖線, 長園線, 長園通学線"
戸敷,宮崎交通（株）,西都バスセンター〜岩崎〜国富・保坂
竹渕,西都市・高鍋町・新富町,高鍋〜三納代〜西都
船倉,宮崎交通（株）,"西都バスセンター〜西佐土原〜宮交シティ, 西都バスセンター〜西佐土原〜宮崎駅, 学園短大・国際大〜宮交シティ〜西都バスセンター, 西都バスセンター〜西佐土原〜北高校, 佐土原高校〜佐土原駅〜西都バスセンター, 西都バスセンター〜春田バイパス・北バイパス・橘通〜大学病院・宮崎大学, 佐土原高校〜西都バスセンター〜妻高校前, 宮交シティ〜西都バスセンター〜妻高校前, 西都バスセンター〜花ヶ島・宮交シティ〜国立東病院"
中村,小林市,"上九瀬線, 上原循環線"
下の原,小林市,"上九瀬線, 上原循環線"
岩脇,宮崎交通（株）,"宮崎大学〜宮交シティ〜高鍋バスセンター, 宮交シティ〜高鍋駅〜高鍋バスセンター, 看護大学〜宮交シティ〜高鍋バスセンター"
岩脇,西都市・高鍋町・新富町,高鍋〜三納代〜西都
岩脇,高鍋町・木城町,宮交シティ〜高鍋〜木城温泉館湯らら
新田中村,西都市・高鍋町・新富町,高鍋〜三納代〜西都
アグリの大地入口,西都市,"岩爪線, 山田・上沖線, 長園線, 長園通学線"
須木庁舎前,小林市,"上九瀬線, 上原循環線"
今別府,宮崎交通（株）,"宮崎大学〜宮交シティ〜高鍋バスセンター, 宮交シティ〜高鍋駅〜高鍋バスセンター, 看護大学〜宮交シティ〜高鍋バスセンター"
今別府,西都市・高鍋町・新富町,高鍋〜三納代〜西都
今別府,高鍋町・木城町,宮交シティ〜高鍋〜木城温泉館湯らら
旭村入口,宮崎交通（株）,"西都バスセンター〜西佐土原〜宮交シティ, 西都バスセンター〜西佐土原〜宮崎駅, 学園短大・国際大〜宮交シティ〜西都バスセンター, 西都バスセンター〜西佐土原〜北高校, 佐土原高校〜佐土原駅〜西都バスセンター, 西都バスセンター〜春田バイパス・北バイパス・橘通〜大学病院・宮崎大学, 佐土原高校〜西都バスセンター〜妻高校前, 宮交シティ〜西都バスセンター〜妻高校前, 西都バスセンター〜花ヶ島・宮交シティ〜国立東病院"
青山下,西都市,岩井谷・並木線
神上,小林市,"上九瀬線, 上原循環線"
鹿野田,西都市,"岩爪線, 山田・上沖線, 長園線, 長園通学線"
鹿野田住宅前,西都市,"岩井谷・並木線, 岩爪線, 山田・上沖線, 長園線, 長園通学線"
青山,西都市,"岩爪線, 山田・上沖線, 長園線, 長園通学線"
堂山,宮崎交通（株）,西都バスセンター〜岩崎〜国富・保坂
総合ふるさとセンター下,小林市,"上九瀬線, 上原循環線"
サンルピナス温泉前,西都市・高鍋町・新富町,高鍋〜三納代〜西都
サンルピナス温泉前,高鍋町・木城町,宮交シティ〜高鍋〜木城温泉館湯らら
大門,西都市・高鍋町・新富町,高鍋〜三納代〜西都
藤田入口,宮崎交通（株）,西都バスセンター〜岩崎〜国富・保坂
三納代,宮崎交通（株）,"宮崎大学〜宮交シティ〜高鍋バスセンター, 宮交シティ〜高鍋駅〜高鍋バスセンター, 看護大学〜宮交シティ〜高鍋バスセンター"
三納代,西都市・高鍋町・新富町,高鍋〜三納代〜西都
三納代,高鍋町・木城町,宮交シティ〜高鍋〜木城温泉館湯らら
藤田,西都市,岩井谷・並木線
伊倉,西都市・高鍋町・新富町,高鍋〜三納代〜西都
黒生野,宮崎交通（株）,"西都バスセンター〜西佐土原〜宮交シティ, 西都バスセンター〜西佐土原〜宮崎駅, 学園短大・国際大〜宮交シティ〜西都バスセンター, 西都バスセンター〜西佐土原〜北高校, 佐土原高校〜佐土原駅〜西都バスセンター, 西都バスセンター〜春田バイパス・北バイパス・橘通〜大学病院・宮崎大学, 佐土原高校〜西都バスセンター〜妻高校前, 宮交シティ〜西都バスセンター〜妻高校前, 西都バスセンター〜花ヶ島・宮交シティ〜国立東病院"
日向新富駅,西都市・高鍋町・新富町,高鍋〜三納代〜西都
日向新富駅,高鍋町・木城町,宮交シティ〜高鍋〜木城温泉館湯らら
須木診療所前,小林市,"上九瀬線, 上原循環線"
新田支所前,西都市・高鍋町・新富町,高鍋〜三納代〜西都
中村,宮崎交通（株）,西都バスセンター〜岩崎〜国富・保坂
囲,宮崎交通（株）,西都バスセンター〜岩崎〜国富・保坂
潮,西都市,"岩爪線, 山田・上沖線, 長園線, 長園通学線"
富田中学校前,宮崎交通（株）,"宮崎大学〜宮交シティ〜高鍋バスセンター, 宮交シティ〜高鍋駅〜高鍋バスセンター, 看護大学〜宮交シティ〜高鍋バスセンター"
富田中学校前,西都市・高鍋町・新富町,高鍋〜三納代〜西都
富田中学校前,高鍋町・木城町,宮交シティ〜高鍋〜木城温泉館湯らら
新富町総合交流センター,西都市・高鍋町・新富町,高鍋〜三納代〜西都
新田中学校前,西都市・高鍋町・新富町,高鍋〜三納代〜西都
新富町役場前,西都市・高鍋町・新富町,高鍋〜三納代〜西都
坂の下,小林市,"上九瀬線, 上原循環線"
山ノ口,小林市,"上九瀬線, 上原循環線"
成法寺,西都市・高鍋町・新富町,高鍋〜三納代〜西都
亀塚,宮崎交通（株）,西都バスセンター〜岩崎〜国富・保坂
亀塚,西都市,岩井谷・並木線
並木,西都市,岩井谷・並木線
富田八幡,宮崎交通（株）,"宮崎大学〜宮交シティ〜高鍋バスセンター, 宮交シティ〜高鍋駅〜高鍋バスセンター, 看護大学〜宮交シティ〜高鍋バスセンター"
富田八幡,西都市・高鍋町・新富町,高鍋〜三納代〜西都
富田八幡,高鍋町・木城町,宮交シティ〜高鍋〜木城温泉館湯らら
上金倉,宮崎交通（株）,西都バスセンター〜岩崎〜国富・保坂
上富田,西都市・高鍋町・新富町,高鍋〜三納代〜西都
芝原,西都市・高鍋町・新富町,高鍋〜三納代〜西都
麓,小林市,"上九瀬線, 上原循環線"
別府,宮崎交通（株）,"西都バスセンター〜西佐土原〜宮交シティ, 西都バスセンター〜西佐土原〜宮崎駅, 学園短大・国際大〜宮交シティ〜西都バスセンター, 西都バスセンター〜西佐土原〜北高校, 佐土原高校〜佐土原駅〜西都バスセンター, 西都バスセンター〜春田バイパス・北バイパス・橘通〜大学病院・宮崎大学, 佐土原高校〜西都バスセンター〜妻高校前, 宮交シティ〜西都バスセンター〜妻高校前, 西都バスセンター〜花ヶ島・宮交シティ〜国立東病院"
下城元,西都市・高鍋町・新富町,高鍋〜三納代〜西都
上九瀬,小林市,"上九瀬線, 上原循環線"
金倉,宮崎交通（株）,西都バスセンター〜岩崎〜国富・保坂
上城元,西都市・高鍋町・新富町,高鍋〜三納代〜西都
南富田,宮崎交通（株）,"宮崎大学〜宮交シティ〜高鍋バスセンター, 宮交シティ〜高鍋駅〜高鍋バスセンター, 看護大学〜宮交シティ〜高鍋バスセンター"
南富田,高鍋町・木城町,宮交シティ〜高鍋〜木城温泉館湯らら
城元,西都市・高鍋町・新富町,高鍋〜三納代〜西都
濁川,宮崎交通（株）,"西都バスセンター〜西佐土原〜宮交シティ, 西都バスセンター〜西佐土原〜宮崎駅, 学園短大・国際大〜宮交シティ〜西都バスセンター, 西都バスセンター〜西佐土原〜北高校, 佐土原高校〜佐土原駅〜西都バスセンター, 西都バスセンター〜春田バイパス・北バイパス・橘通〜大学病院・宮崎大学, 佐土原高校〜西都バスセンター〜妻高校前, 宮交シティ〜西都バスセンター〜妻高校前, 西都バスセンター〜花ヶ島・宮交シティ〜国立東病院"
今町入口,西都市・高鍋町・新富町,高鍋〜三納代〜西都
稲荷下,宮崎交通（株）,西都バスセンター〜岩崎〜国富・保坂
稲荷下,西都市,岩井谷・並木線
表,小林市,"上九瀬線, 上原循環線"
諏訪,宮崎交通（株）,西都バスセンター〜岩崎〜国富・保坂
諏訪,西都市,岩井谷・並木線
筑後,西都市,"岩爪線, 山田・上沖線, 長園線, 長園通学線"
石野田,宮崎交通（株）,西都バスセンター〜岩崎〜国富・保坂
門田,宮崎交通（株）,西都バスセンター〜岩崎〜国富・保坂
下石野田,宮崎交通（株）,西都バスセンター〜岩崎〜国富・保坂
郡境,宮崎交通（株）,西都バスセンター〜岩崎〜国富・保坂
小野,西都市,岩井谷・並木線
三財支所入口,宮崎交通（株）,西都バスセンター〜岩崎〜国富・保坂
三財支所入口,西都市,"岩井谷・並木線, 山田・上沖線"
坂の上,西都市,"岩爪線, 山田・上沖線, 長園線, 長園通学線"
古城,宮崎交通（株）,西都バスセンター〜岩崎〜国富・保坂
荒武,西都市,山田・上沖線
岩崎,宮崎交通（株）,西都バスセンター〜岩崎〜国富・保坂
佐土原岐道,宮崎交通（株）,"西都バスセンター〜西佐土原〜宮交シティ, 西都バスセンター〜西佐土原〜宮崎駅, 学園短大・国際大〜宮交シティ〜西都バスセンター, 西都バスセンター〜西佐土原〜北高校, 佐土原高校〜佐土原駅〜西都バスセンター, 西都バスセンター〜春田バイパス・北バイパス・橘通〜大学病院・宮崎大学, 佐土原高校〜西都バスセンター〜妻高校前, 宮交シティ〜西都バスセンター〜妻高校前, 西都バスセンター〜花ヶ島・宮交シティ〜国立東病院"
上真幸橋,宮崎交通（株）,"京町待合所〜道の駅・図書館・市立病院〜小林駅, 京町待合所〜飯野〜小林駅, 京町待合所〜小林高校前〜小林駅, 小林駅〜市立病院〜文化センター〜国際交流センター〜京町待合所, 京町待合所〜小林高校前・小林駅〜秀峰高校, 京町待合所〜国際交流センター〜飯野・えびの市役所〜小林駅"
島内,宮崎交通（株）,"京町待合所〜道の駅・図書館・市立病院〜小林駅, 京町待合所〜飯野〜小林駅, 京町待合所〜小林高校前〜小林駅, 小林駅〜市立病院〜文化センター〜国際交流センター〜京町待合所, 京町待合所〜小林高校前・小林駅〜秀峰高校, 京町待合所〜国際交流センター〜飯野・えびの市役所〜小林駅"
西郷,宮崎交通（株）,"京町待合所〜道の駅・図書館・市立病院〜小林駅, 京町待合所〜飯野〜小林駅, 京町待合所〜小林高校前〜小林駅, 小林駅〜市立病院〜文化センター〜国際交流センター〜京町待合所, 京町待合所〜小林高校前・小林駅〜秀峰高校, 京町待合所〜国際交流センター〜飯野・えびの市役所〜小林駅"
池の端,西都市,"岩爪線, 山田・上沖線, 長園線, 長園通学線"
岩井谷,西都市,岩井谷・並木線
軍瀬,宮崎交通（株）,"宮崎大学〜宮交シティ〜高鍋バスセンター, 宮交シティ〜高鍋駅〜高鍋バスセンター, 看護大学〜宮交シティ〜高鍋バスセンター"
軍瀬,高鍋町・木城町,宮交シティ〜高鍋〜木城温泉館湯らら
下島内,宮崎交通（株）,"京町待合所〜道の駅・図書館・市立病院〜小林駅, 京町待合所〜飯野〜小林駅, 京町待合所〜小林高校前〜小林駅, 小林駅〜市立病院〜文化センター〜国際交流センター〜京町待合所, 京町待合所〜小林高校前・小林駅〜秀峰高校, 京町待合所〜国際交流センター〜飯野・えびの市役所〜小林駅"
国際交流センター前,宮崎交通（株）,"小林駅〜市立病院〜文化センター〜国際交流センター〜京町待合所, 京町待合所〜国際交流センター〜飯野・えびの市役所〜小林駅"
都於郡町,西都市,"山田・上沖線, 長園線, 長園通学線"
湯田,宮崎交通（株）,"京町待合所〜道の駅・図書館・市立病院〜小林駅, 京町待合所〜飯野〜小林駅, 京町待合所〜小林高校前〜小林駅, 小林駅〜市立病院〜文化センター〜国際交流センター〜京町待合所, 京町待合所〜小林高校前・小林駅〜秀峰高校, 京町待合所〜国際交流センター〜飯野・えびの市役所〜小林駅"
都於郡町頭,西都市,"山田・上沖線, 長園線, 長園通学線"
川原,西都市,"岩井谷・並木線, 山田・上沖線"
小森,西都市,岩井谷・並木線
湯田橋,宮崎交通（株）,"京町待合所〜道の駅・図書館・市立病院〜小林駅, 京町待合所〜飯野〜小林駅, 京町待合所〜小林高校前〜小林駅, 小林駅〜市立病院〜文化センター〜国際交流センター〜京町待合所, 京町待合所〜小林高校前・小林駅〜秀峰高校, 京町待合所〜国際交流センター〜飯野・えびの市役所〜小林駅"
大渕,宮崎交通（株）,"宮崎大学〜宮交シティ〜高鍋バスセンター, 宮交シティ〜高鍋駅〜高鍋バスセンター, 看護大学〜宮交シティ〜高鍋バスセンター"
大渕,高鍋町・木城町,宮交シティ〜高鍋〜木城温泉館湯らら
都於郡中学校,西都市,岩爪線
春田,宮崎交通（株）,"西都バスセンター〜西佐土原〜宮交シティ, 西都バスセンター〜西佐土原〜宮崎駅, 学園短大・国際大〜宮交シティ〜西都バスセンター, 西都バスセンター〜西佐土原〜北高校, 佐土原高校〜佐土原駅〜西都バスセンター, 佐土原高校〜西都バスセンター〜妻高校前, 宮交シティ〜西都バスセンター〜妻高校前, 西都バスセンター〜花ヶ島・宮交シティ〜国立東病院"
松原,宮崎交通（株）,"京町待合所〜道の駅・図書館・市立病院〜小林駅, 京町待合所〜飯野〜小林駅, 京町待合所〜小林高校前〜小林駅, 小林駅〜市立病院〜文化センター〜国際交流センター〜京町待合所, 京町待合所〜小林高校前・小林駅〜秀峰高校, 京町待合所〜国際交流センター〜飯野・えびの市役所〜小林駅"
文化センター・図書館,宮崎交通（株）,"京町待合所〜道の駅・図書館・市立病院〜小林駅, 小林駅〜市立病院〜文化センター〜国際交流センター〜京町待合所"
えびのインター前,宮崎交通（株）,"京町待合所〜道の駅・図書館・市立病院〜小林駅, 京町待合所〜飯野〜小林駅, 京町待合所〜小林高校前〜小林駅, 小林駅〜市立病院〜文化センター〜国際交流センター〜京町待合所, 京町待合所〜小林高校前・小林駅〜秀峰高校, 京町待合所〜国際交流センター〜飯野・えびの市役所〜小林駅"
中間原入口,宮崎交通（株）,"西都バスセンター〜西佐土原〜宮交シティ, 西都バスセンター〜西佐土原〜宮崎駅, 学園短大・国際大〜宮交シティ〜西都バスセンター, 西都バスセンター〜西佐土原〜北高校, 佐土原高校〜佐土原駅〜西都バスセンター, 佐土原高校〜西都バスセンター〜妻高校前, 宮交シティ〜西都バスセンター〜妻高校前, 西都バスセンター〜花ヶ島・宮交シティ〜国立東病院"
東春田,宮崎交通（株）,"西都バスセンター〜西佐土原〜宮交シティ, 西都バスセンター〜西佐土原〜宮崎駅, 学園短大・国際大〜宮交シティ〜西都バスセンター, 西都バスセンター〜西佐土原〜北高校, 佐土原高校〜佐土原駅〜西都バスセンター, 佐土原高校〜西都バスセンター〜妻高校前, 宮交シティ〜西都バスセンター〜妻高校前, 西都バスセンター〜花ヶ島・宮交シティ〜国立東病院"
東京町,宮崎交通（株）,"京町待合所〜道の駅・図書館・市立病院〜小林駅, 京町待合所〜飯野〜小林駅, 京町待合所〜小林高校前〜小林駅, 小林駅〜市立病院〜文化センター〜国際交流センター〜京町待合所, 京町待合所〜小林高校前・小林駅〜秀峰高校, 京町待合所〜国際交流センター〜飯野・えびの市役所〜小林駅"
西佐土原,宮崎交通（株）,"佐土原高校〜佐土原駅〜西都バスセンター, 佐土原高校〜西都バスセンター〜妻高校前"
二十里橋,宮崎交通（株）,"京町待合所〜道の駅・図書館・市立病院〜小林駅, 京町待合所〜飯野〜小林駅, 京町待合所〜小林高校前〜小林駅, 小林駅〜市立病院〜文化センター〜国際交流センター〜京町待合所, 京町待合所〜小林高校前・小林駅〜秀峰高校, 京町待合所〜国際交流センター〜飯野・えびの市役所〜小林駅"
道の駅えびの,宮崎交通（株）,"京町待合所〜道の駅・図書館・市立病院〜小林駅, 小林駅〜市立病院〜文化センター〜国際交流センター〜京町待合所"
梅ヶ当,西都市,"長園線, 長園通学線"
文化センター前,宮崎交通（株）,"京町待合所〜道の駅・図書館・市立病院〜小林駅, 京町待合所〜飯野〜小林駅, 京町待合所〜小林高校前〜小林駅, 小林駅〜市立病院〜文化センター〜国際交流センター〜京町待合所, 京町待合所〜小林高校前・小林駅〜秀峰高校, 京町待合所〜国際交流センター〜飯野・えびの市役所〜小林駅"
佐土原小前,宮崎交通（株）,"西都バスセンター〜西佐土原〜宮交シティ, 西都バスセンター〜西佐土原〜宮崎駅, 学園短大・国際大〜宮交シティ〜西都バスセンター, 西都バスセンター〜西佐土原〜北高校, （直行）西都バスセンター〜西佐土原〜北高校, 宮交シティ〜西都バスセンター〜妻高校前, 西都バスセンター〜花ヶ島・宮交シティ〜国立東病院"
下坂元,宮崎交通（株）,"京町待合所〜道の駅・図書館・市立病院〜小林駅, 京町待合所〜飯野〜小林駅, 京町待合所〜小林高校前〜小林駅, 小林駅〜市立病院〜文化センター〜国際交流センター〜京町待合所, 京町待合所〜小林高校前・小林駅〜秀峰高校, 京町待合所〜国際交流センター〜飯野・えびの市役所〜小林駅"
祗園,西都市,山田・上沖線
坂元,宮崎交通（株）,"京町待合所〜道の駅・図書館・市立病院〜小林駅, 京町待合所〜飯野〜小林駅, 京町待合所〜小林高校前〜小林駅, 小林駅〜市立病院〜文化センター〜国際交流センター〜京町待合所, 京町待合所〜小林高校前・小林駅〜秀峰高校, 京町待合所〜国際交流センター〜飯野・えびの市役所〜小林駅"
黒貫,西都市,岩爪線
脇村,宮崎交通（株）,"京町待合所〜道の駅・図書館・市立病院〜小林駅, 京町待合所〜飯野〜小林駅, 京町待合所〜小林高校前〜小林駅, 小林駅〜市立病院〜文化センター〜国際交流センター〜京町待合所, 京町待合所〜小林高校前・小林駅〜秀峰高校, 京町待合所〜国際交流センター〜飯野・えびの市役所〜小林駅"
徳応寺前,宮崎交通（株）,"京町待合所〜道の駅・図書館・市立病院〜小林駅, 京町待合所〜飯野〜小林駅, 京町待合所〜小林高校前〜小林駅, 小林駅〜市立病院〜文化センター〜国際交流センター〜京町待合所, 京町待合所〜小林高校前・小林駅〜秀峰高校, 京町待合所〜国際交流センター〜飯野・えびの市役所〜小林駅"
万陀羅,宮崎交通（株）,"佐土原高校〜佐土原駅〜西都バスセンター, 佐土原高校〜西都バスセンター〜妻高校前"
新城,宮崎交通（株）,"佐土原高校〜佐土原駅〜西都バスセンター, 佐土原高校〜西都バスセンター〜妻高校前"
二八の下,宮崎交通（株）,"京町待合所〜道の駅・図書館・市立病院〜小林駅, 京町待合所〜飯野〜小林駅, 京町待合所〜小林高校前〜小林駅, 小林駅〜市立病院〜文化センター〜国際交流センター〜京町待合所, 京町待合所〜小林高校前・小林駅〜秀峰高校, 京町待合所〜国際交流センター〜飯野・えびの市役所〜小林駅"
加久藤団地前,宮崎交通（株）,"京町待合所〜道の駅・図書館・市立病院〜小林駅, 京町待合所〜飯野〜小林駅, 京町待合所〜小林高校前〜小林駅, 小林駅〜市立病院〜文化センター〜国際交流センター〜京町待合所, 京町待合所〜小林高校前・小林駅〜秀峰高校, 京町待合所〜国際交流センター〜飯野・えびの市役所〜小林駅"
飯野,宮崎交通（株）,"京町待合所〜道の駅・図書館・市立病院〜小林駅, 京町待合所〜飯野〜小林駅, 京町待合所〜小林高校前〜小林駅, 小林駅〜市立病院〜文化センター〜国際交流センター〜京町待合所, 京町待合所〜小林高校前・小林駅〜秀峰高校, 京町待合所〜国際交流センター〜飯野・えびの市役所〜小林駅"
共立病院,宮崎交通（株）,"京町待合所〜道の駅・図書館・市立病院〜小林駅, 京町待合所〜飯野〜小林駅, 京町待合所〜小林高校前〜小林駅, 小林駅〜市立病院〜文化センター〜国際交流センター〜京町待合所, 京町待合所〜小林高校前・小林駅〜秀峰高校, 京町待合所〜国際交流センター〜飯野・えびの市役所〜小林駅"
大明司,宮崎交通（株）,"京町待合所〜道の駅・図書館・市立病院〜小林駅, 京町待合所〜飯野〜小林駅, 京町待合所〜小林高校前〜小林駅, 小林駅〜市立病院〜文化センター〜国際交流センター〜京町待合所, 京町待合所〜小林高校前・小林駅〜秀峰高校, 京町待合所〜国際交流センター〜飯野・えびの市役所〜小林駅"
加久藤,宮崎交通（株）,"京町待合所〜道の駅・図書館・市立病院〜小林駅, 京町待合所〜飯野〜小林駅, 京町待合所〜小林高校前〜小林駅, 小林駅〜市立病院〜文化センター〜国際交流センター〜京町待合所, 京町待合所〜小林高校前・小林駅〜秀峰高校, 京町待合所〜国際交流センター〜飯野・えびの市役所〜小林駅"
交流センター前,宮崎交通（株）,"西都バスセンター〜西佐土原〜宮交シティ, 西都バスセンター〜西佐土原〜宮崎駅, 学園短大・国際大〜宮交シティ〜西都バスセンター, 西都バスセンター〜西佐土原〜北高校, 宮交シティ〜西都バスセンター〜妻高校前, 西都バスセンター〜花ヶ島・宮交シティ〜国立東病院"
フーデリー前,宮崎交通（株）,"佐土原高校〜佐土原駅〜西都バスセンター, 佐土原高校〜西都バスセンター〜妻高校前"
えびの市役所前,宮崎交通（株）,"京町待合所〜道の駅・図書館・市立病院〜小林駅, 京町待合所〜飯野〜小林駅, 京町待合所〜小林高校前〜小林駅, 小林駅〜市立病院〜文化センター〜国際交流センター〜京町待合所, 京町待合所〜小林高校前・小林駅〜秀峰高校, 京町待合所〜国際交流センター〜飯野・えびの市役所〜小林駅"
京町待合所,宮崎交通（株）,"京町待合所〜道の駅・図書館・市立病院〜小林駅, 京町待合所〜飯野〜小林駅, 京町待合所〜小林高校前〜小林駅, 小林駅〜市立病院〜文化センター〜国際交流センター〜京町待合所, 京町待合所〜小林高校前・小林駅〜秀峰高校, 京町待合所〜国際交流センター〜飯野・えびの市役所〜小林駅"
大平,宮崎交通（株）,"京町待合所〜道の駅・図書館・市立病院〜小林駅, 京町待合所〜飯野〜小林駅, 京町待合所〜小林高校前〜小林駅, 小林駅〜市立病院〜文化センター〜国際交流センター〜京町待合所, 京町待合所〜小林高校前・小林駅〜秀峰高校, 京町待合所〜国際交流センター〜飯野・えびの市役所〜小林駅"
加久藤小学校,宮崎交通（株）,"京町待合所〜道の駅・図書館・市立病院〜小林駅, 京町待合所〜飯野〜小林駅, 京町待合所〜小林高校前〜小林駅, 小林駅〜市立病院〜文化センター〜国際交流センター〜京町待合所, 京町待合所〜小林高校前・小林駅〜秀峰高校, 京町待合所〜国際交流センター〜飯野・えびの市役所〜小林駅"
奈佐木,小林市,"上九瀬線, 上原循環線"
黒貫東,西都市,岩爪線
五日市,宮崎交通（株）,"京町待合所〜道の駅・図書館・市立病院〜小林駅, 京町待合所〜飯野〜小林駅, 京町待合所〜小林高校前〜小林駅, 小林駅〜市立病院〜文化センター〜国際交流センター〜京町待合所, 京町待合所〜小林高校前・小林駅〜秀峰高校, 京町待合所〜国際交流センター〜飯野・えびの市役所〜小林駅"
有島,宮崎交通（株）,"京町待合所〜道の駅・図書館・市立病院〜小林駅, 京町待合所〜飯野〜小林駅, 京町待合所〜小林高校前〜小林駅, 小林駅〜市立病院〜文化センター〜国際交流センター〜京町待合所, 京町待合所〜小林高校前・小林駅〜秀峰高校, 京町待合所〜国際交流センター〜飯野・えびの市役所〜小林駅"
白砂坂,小林市,"上九瀬線, 上原循環線"
徳ヶ渕,宮崎交通（株）,"宮崎大学〜宮交シティ〜高鍋バスセンター, 宮交シティ〜高鍋駅〜高鍋バスセンター, 看護大学〜宮交シティ〜高鍋バスセンター"
徳ヶ渕,高鍋町・木城町,宮交シティ〜高鍋〜木城温泉館湯らら
山田分校前,西都市,山田・上沖線
下五日市,宮崎交通（株）,"京町待合所〜道の駅・図書館・市立病院〜小林駅, 京町待合所〜飯野〜小林駅, 京町待合所〜小林高校前〜小林駅, 小林駅〜市立病院〜文化センター〜国際交流センター〜京町待合所, 京町待合所〜小林高校前・小林駅〜秀峰高校, 京町待合所〜国際交流センター〜飯野・えびの市役所〜小林駅"
えびの市立病院前,宮崎交通（株）,"京町待合所〜道の駅・図書館・市立病院〜小林駅, 小林駅〜市立病院〜文化センター〜国際交流センター〜京町待合所"
西田島,宮崎交通（株）,"佐土原高校〜佐土原駅〜西都バスセンター, 佐土原高校〜西都バスセンター〜妻高校前"
佐土原中前,宮崎交通（株）,"西都バスセンター〜西佐土原〜宮交シティ, 西都バスセンター〜西佐土原〜宮崎駅, 学園短大・国際大〜宮交シティ〜西都バスセンター, 西都バスセンター〜西佐土原〜北高校, 宮交シティ〜西都バスセンター〜妻高校前, 西都バスセンター〜花ヶ島・宮交シティ〜国立東病院"
田島,宮崎交通（株）,"佐土原高校〜佐土原駅〜西都バスセンター, 佐土原高校〜西都バスセンター〜妻高校前"
岡原,小林市,岡原循環線
茶屋平,宮崎交通（株）,"京町待合所〜道の駅・図書館・市立病院〜小林駅, 京町待合所〜飯野〜小林駅, 京町待合所〜小林高校前〜小林駅, 小林駅〜市立病院〜文化センター〜国際交流センター〜京町待合所, 京町待合所〜小林高校前・小林駅〜秀峰高校, 京町待合所〜国際交流センター〜飯野・えびの市役所〜小林駅"
岡原公民館前,小林市,岡原循環線
野久尾,宮崎交通（株）,"西都バスセンター〜西佐土原〜宮交シティ, 西都バスセンター〜西佐土原〜宮崎駅, 学園短大・国際大〜宮交シティ〜西都バスセンター, 西都バスセンター〜西佐土原〜北高校, 宮交シティ〜西都バスセンター〜妻高校前, 西都バスセンター〜花ヶ島・宮交シティ〜国立東病院"
猫坂,小林市,"上九瀬線, 上原循環線"
上ノ薗,小林市,ひばり野循環線
八木佐野,西都市,"長園線, 長園通学線"
天神,宮崎交通（株）,"佐土原高校〜佐土原駅〜西都バスセンター, 佐土原高校〜西都バスセンター〜妻高校前"
下岡原,小林市,岡原循環線
パナソニック前,宮崎交通（株）,"佐土原高校〜佐土原駅〜西都バスセンター, 佐土原高校〜西都バスセンター〜妻高校前"
岩爪,西都市,岩爪線
上沖,西都市,山田・上沖線
中山,西都市,山田・上沖線
今市,西都市,"長園線, 長園通学線"
上宮本,宮崎交通（株）,"宮崎大学〜宮交シティ〜高鍋バスセンター, 宮交シティ〜高鍋駅〜高鍋バスセンター, 看護大学〜宮交シティ〜高鍋バスセンター, 佐土原高校〜佐土原駅〜西都バスセンター, 佐土原高校〜西都バスセンター〜妻高校前"
上宮本,高鍋町・木城町,宮交シティ〜高鍋〜木城温泉館湯らら
橋谷,宮崎交通（株）,"京町待合所〜道の駅・図書館・市立病院〜小林駅, 京町待合所〜飯野〜小林駅, 京町待合所〜小林高校前〜小林駅, 小林駅〜市立病院〜文化センター〜国際交流センター〜京町待合所, 京町待合所〜小林高校前・小林駅〜秀峰高校, 京町待合所〜国際交流センター〜飯野・えびの市役所〜小林駅"
宮本,宮崎交通（株）,"宮崎大学〜宮交シティ〜高鍋バスセンター, 宮交シティ〜高鍋駅〜高鍋バスセンター, 看護大学〜宮交シティ〜高鍋バスセンター, 佐土原高校〜佐土原駅〜西都バスセンター, 佐土原高校〜西都バスセンター〜妻高校前"
宮本,高鍋町・木城町,宮交シティ〜高鍋〜木城温泉館湯らら
下村,宮崎交通（株）,"西都バスセンター〜西佐土原〜宮交シティ, 西都バスセンター〜西佐土原〜宮崎駅, 学園短大・国際大〜宮交シティ〜西都バスセンター, 西都バスセンター〜西佐土原〜北高校, 宮交シティ〜西都バスセンター〜妻高校前, 西都バスセンター〜花ヶ島・宮交シティ〜国立東病院"
中野入口,小林市,岡原循環線
橋野本研修館,小林市,ひばり野循環線
長園入口,西都市,"長園線, 長園通学線"
永久井野,小林市,岡原循環線
野首,小林市,ひばり野循環線
札の辻,宮崎交通（株）,"宮崎大学〜宮交シティ〜高鍋バスセンター, 宮交シティ〜高鍋駅〜高鍋バスセンター, 看護大学〜宮交シティ〜高鍋バスセンター, 佐土原高校〜佐土原駅〜西都バスセンター, 佐土原高校〜西都バスセンター〜妻高校前"
札の辻,高鍋町・木城町,宮交シティ〜高鍋〜木城温泉館湯らら
鸙野,小林市,ひばり野循環線
深草,小林市,深草循環線
三本松,宮崎交通（株）,"京町待合所〜道の駅・図書館・市立病院〜小林駅, 京町待合所〜飯野〜小林駅, 京町待合所〜小林高校前〜小林駅, 小林駅〜市立病院〜文化センター〜国際交流センター〜京町待合所, 京町待合所〜小林高校前・小林駅〜秀峰高校, 京町待合所〜国際交流センター〜飯野・えびの市役所〜小林駅"
山ノ口原,小林市,"上九瀬線, 上原循環線"
上黒仁田,小林市,岡原循環線
那珂小前,宮崎交通（株）,佐土原高校〜綾
那珂,宮崎交通（株）,"西都バスセンター〜西佐土原〜宮交シティ, 西都バスセンター〜西佐土原〜宮崎駅, 学園短大・国際大〜宮交シティ〜西都バスセンター, 西都バスセンター〜西佐土原〜北高校, 佐土原高校〜綾, 宮交シティ〜西都バスセンター〜妻高校前, 西都バスセンター〜花ヶ島・宮交シティ〜国立東病院"
望峰の里前,小林市,深草循環線
深草営農研修館,小林市,深草循環線
長園,西都市,"長園線, 長園通学線"
勧請,小林市,深草循環線
下黒仁田,小林市,岡原循環線
池の上,小林市,"上九瀬線, 上原循環線"
佐土原総合支所前,宮崎交通（株）,"宮崎大学〜宮交シティ〜高鍋バスセンター, 宮交シティ〜高鍋駅〜高鍋バスセンター, 看護大学〜宮交シティ〜高鍋バスセンター, 佐土原高校〜佐土原駅〜西都バスセンター, 佐土原高校〜西都バスセンター〜妻高校前"
佐土原総合支所前,高鍋町・木城町,宮交シティ〜高鍋〜木城温泉館湯らら
岩見堂,宮崎交通（株）,"西都バスセンター〜西佐土原〜宮交シティ, 西都バスセンター〜西佐土原〜宮崎駅, 学園短大・国際大〜宮交シティ〜西都バスセンター, 西都バスセンター〜西佐土原〜北高校, 宮交シティ〜西都バスセンター〜妻高校前, 西都バスセンター〜花ヶ島・宮交シティ〜国立東病院"
永久津小前,小林市,岡原循環線
佐土原高校前,宮崎交通（株）,"宮交シティ〜佐土原高校前, 佐土原高校〜綾, 佐土原高校〜佐土原駅, 佐土原高校〜佐土原駅〜西都バスセンター, 佐土原高校〜西都バスセンター〜妻高校前"
池入口,小林市,上原循環線
高山公民館,小林市,ひばり野循環線
上西の原,宮崎交通（株）,"京町待合所〜道の駅・図書館・市立病院〜小林駅, 京町待合所〜飯野〜小林駅, 京町待合所〜小林高校前〜小林駅, 小林駅〜市立病院〜文化センター〜国際交流センター〜京町待合所, 京町待合所〜小林高校前・小林駅〜秀峰高校, 京町待合所〜国際交流センター〜飯野・えびの市役所〜小林駅"
佐土原駅,宮崎交通（株）,"佐土原高校〜佐土原駅, 佐土原高校〜佐土原駅〜西都バスセンター, 佐土原高校〜西都バスセンター〜妻高校前"
佐土原駅前,宮崎交通（株）,"宮崎大学〜宮交シティ〜高鍋バスセンター, 宮交シティ〜高鍋駅〜高鍋バスセンター, 宮交シティ-宮崎駅-光陽台, 看護大学〜宮交シティ〜高鍋バスセンター, 北高校〜光陽台, 宮交シティ〜佐土原高校前"
佐土原駅前,高鍋町・木城町,宮交シティ〜高鍋〜木城温泉館湯らら
広瀬台,宮崎交通（株）,"宮交シティ-宮崎駅-光陽台, 北高校〜光陽台, 宮交シティ〜佐土原高校前, 佐土原高校〜佐土原駅〜西都バスセンター, 佐土原高校〜西都バスセンター〜妻高校前"
永久津,小林市,岡原循環線
あったか村,小林市,深草循環線
平等寺,宮崎交通（株）,佐土原高校〜綾
西永久津公民館,小林市,深草循環線
旭町,宮崎交通（株）,"宮交シティ-宮崎駅-光陽台, 北高校〜光陽台, 宮交シティ〜佐土原高校前, 佐土原高校〜佐土原駅〜西都バスセンター, 佐土原高校〜西都バスセンター〜妻高校前"
小牧台,宮崎交通（株）,"宮交シティ-宮崎駅-光陽台, 北高校〜光陽台, 宮交シティ〜佐土原高校前, 佐土原高校〜佐土原駅〜西都バスセンター, 佐土原高校〜西都バスセンター〜妻高校前"
西の原,宮崎交通（株）,"京町待合所〜道の駅・図書館・市立病院〜小林駅, 京町待合所〜飯野〜小林駅, 京町待合所〜小林高校前〜小林駅, 小林駅〜市立病院〜文化センター〜国際交流センター〜京町待合所, 京町待合所〜小林高校前・小林駅〜秀峰高校, 京町待合所〜国際交流センター〜飯野・えびの市役所〜小林駅"
佐土原旭町,高鍋町・木城町,宮交シティ〜高鍋〜木城温泉館湯らら
杉薗,小林市,ひばり野循環線
森吹,小林市,深草循環線
光陽台入口,宮崎交通（株）,"宮交シティ-宮崎駅-光陽台, 北高校〜光陽台"
佐土原旭町,宮崎交通（株）,"宮崎大学〜宮交シティ〜高鍋バスセンター, 宮交シティ〜高鍋駅〜高鍋バスセンター, 宮交シティ-宮崎駅-光陽台, 看護大学〜宮交シティ〜高鍋バスセンター, 北高校〜光陽台, 宮交シティ〜佐土原高校前"
黒田,宮崎交通（株）,"西都バスセンター〜西佐土原〜宮交シティ, 西都バスセンター〜西佐土原〜宮崎駅, 学園短大・国際大〜宮交シティ〜西都バスセンター, 西都バスセンター〜西佐土原〜北高校, 西都バスセンター〜春田バイパス・北バイパス・橘通〜大学病院・宮崎大学, 宮交シティ〜西都バスセンター〜妻高校前, 西都バスセンター〜花ヶ島・宮交シティ〜国立東病院"
光陽台,宮崎交通（株）,"宮交シティ-宮崎駅-光陽台, 北高校〜光陽台"
二原,小林市,ひばり野循環線
広瀬学校下,宮崎交通（株）,"宮崎大学〜宮交シティ〜高鍋バスセンター, 宮交シティ〜高鍋駅〜高鍋バスセンター, 宮交シティ-宮崎駅-光陽台, 看護大学〜宮交シティ〜高鍋バスセンター, 北高校〜光陽台, 宮交シティ〜佐土原高校前"
広瀬学校下,高鍋町・木城町,宮交シティ〜高鍋〜木城温泉館湯らら
陰陽石,小林市,上原循環線
立野,小林市,大出水循環線
西の村,小林市,岡原循環線
市谷入口,小林市,ひばり野循環線
南光陽台,宮崎交通（株）,"宮交シティ-宮崎駅-光陽台, 北高校〜光陽台"
井上,宮崎交通（株）,"看護大学〜宮交シティ〜下畑・井上, 宮交シティ〜池内〜下畑・井上"
神原,小林市,内山線
榧の木,小林市,大出水循環線
一里松,宮崎交通（株）,"西都バスセンター〜西佐土原〜宮交シティ, 西都バスセンター〜西佐土原〜宮崎駅, 学園短大・国際大〜宮交シティ〜西都バスセンター, 西都バスセンター〜西佐土原〜北高校, 西都バスセンター〜春田バイパス・北バイパス・橘通〜大学病院・宮崎大学, 宮交シティ〜西都バスセンター〜妻高校前, 西都バスセンター〜花ヶ島・宮交シティ〜国立東病院"
東方,小林市,上原循環線
石塚,宮崎交通（株）,"京町待合所〜道の駅・図書館・市立病院〜小林駅, 京町待合所〜飯野〜小林駅, 京町待合所〜小林高校前〜小林駅, 小林駅〜市立病院〜文化センター〜国際交流センター〜京町待合所, 京町待合所〜小林高校前・小林駅〜秀峰高校, 京町待合所〜国際交流センター〜飯野・えびの市役所〜小林駅"
石塚,小林市,深草循環線
南広瀬,宮崎交通（株）,"宮崎大学〜宮交シティ〜高鍋バスセンター, 宮交シティ〜高鍋駅〜高鍋バスセンター, 宮交シティ-宮崎駅-光陽台, 看護大学〜宮交シティ〜高鍋バスセンター, 北高校〜光陽台, 宮交シティ〜佐土原高校前"
上原,小林市,上九瀬線
南広瀬,高鍋町・木城町,宮交シティ〜高鍋〜木城温泉館湯らら
西小林駅西,小林市,大出水循環線
西小林郵便局前,小林市,深草循環線
東石塚,宮崎交通（株）,"京町待合所〜道の駅・図書館・市立病院〜小林駅, 京町待合所〜飯野〜小林駅, 京町待合所〜小林高校前〜小林駅, 小林駅〜市立病院〜文化センター〜国際交流センター〜京町待合所, 京町待合所〜小林高校前・小林駅〜秀峰高校, 京町待合所〜国際交流センター〜飯野・えびの市役所〜小林駅"
東石塚,小林市,深草循環線
鬼塚,小林市,大出水循環線
井上入口,宮崎交通（株）,"看護大学〜宮交シティ〜下畑・井上, 宮交シティ〜池内〜下畑・井上"
東方支所,小林市,上原循環線
石阿弥陀,小林市,"岡原循環線, ひばり野循環線"
二原入口,小林市,ひばり野循環線
石氷,宮崎交通（株）,"京町待合所〜道の駅・図書館・市立病院〜小林駅, 京町待合所〜飯野〜小林駅, 京町待合所〜小林高校前〜小林駅, 小林駅〜市立病院〜文化センター〜国際交流センター〜京町待合所, 京町待合所〜小林高校前・小林駅〜秀峰高校, 京町待合所〜国際交流センター〜飯野・えびの市役所〜小林駅"
石氷,小林市,深草循環線
下畑,宮崎交通（株）,"看護大学〜宮交シティ〜下畑・井上, 宮交シティ〜池内〜下畑・井上"
須志原,小林市,内山線
西小林小前,小林市,大出水循環線
御殿下,宮崎交通（株）,"宮崎大学〜宮交シティ〜高鍋バスセンター, 宮交シティ〜高鍋駅〜高鍋バスセンター, 宮交シティ-宮崎駅-光陽台, 宮崎駅-花ヶ島・大島通線〜石崎の杜歓鯨館, 看護大学〜宮交シティ〜高鍋バスセンター, 北高校〜光陽台, 宮交シティ〜佐土原高校前"
御殿下,高鍋町・木城町,宮交シティ〜高鍋〜木城温泉館湯らら
新田場,小林市,上原循環線
種子田,宮崎交通（株）,"京町待合所〜道の駅・図書館・市立病院〜小林駅, 京町待合所〜飯野〜小林駅, 京町待合所〜小林高校前〜小林駅, 小林駅〜市立病院〜文化センター〜国際交流センター〜京町待合所, 京町待合所〜小林高校前・小林駅〜秀峰高校, 京町待合所〜国際交流センター〜飯野・えびの市役所〜小林駅"
種子田,小林市,深草循環線
上ノ原,小林市,内山線
鬼目,小林市,大出水循環線
谷の木入口,小林市,上九瀬線
石崎1丁目,宮崎交通（株）,宮崎駅-花ヶ島・大島通線〜石崎の杜歓鯨館
轟木,小林市,大出水循環線
前鬼塚,小林市,大出水循環線
堂山,小林市,上原循環線
十三塚団地前,小林市,運動公園循環線
石崎3丁目,宮崎交通（株）,宮崎駅-花ヶ島・大島通線〜石崎の杜歓鯨館
新堂山,小林市,上原循環線
十三塚,小林市,運動公園循環線
内山,小林市,内山線
向江馬場,小林市,"岡原循環線, ひばり野循環線"
東大出水,小林市,大出水循環線
元窪田,小林市,大出水循環線
下刈目,小林市,大出水循環線
水の手橋,小林市,"ひばり野循環線, 上原循環線"
有喜橋,宮崎交通（株）,"西都バスセンター〜西佐土原〜宮交シティ, 西都バスセンター〜西佐土原〜宮崎駅, 学園短大・国際大〜宮交シティ〜西都バスセンター, 西都バスセンター〜西佐土原〜北高校, 西都バスセンター〜春田バイパス・北バイパス・橘通〜大学病院・宮崎大学, 宮交シティ〜西都バスセンター〜妻高校前, 西都バスセンター〜花ヶ島・宮交シティ〜国立東病院"
水の手,小林市,"ひばり野循環線, 上原循環線"
運動公園入口,小林市,運動公園循環線
市営野球場前,小林市,運動公園循環線
清涼台前,宮崎交通（株）,"京町待合所〜道の駅・図書館・市立病院〜小林駅, 京町待合所〜飯野〜小林駅, 京町待合所〜小林高校前〜小林駅, 小林駅〜市立病院〜文化センター〜国際交流センター〜京町待合所, 京町待合所〜小林高校前・小林駅〜秀峰高校, 京町待合所〜国際交流センター〜飯野・えびの市役所〜小林駅"
清涼台前,小林市,"運動公園循環線, 深草循環線"
大出水,小林市,大出水循環線
緑ヶ丘野球場,小林市,運動公園循環線
下の馬場,小林市,"岡原循環線, ひばり野循環線, 上原循環線"
農業試験場前,宮崎交通（株）,"宮崎大学〜宮交シティ〜高鍋バスセンター, 宮交シティ〜高鍋駅〜高鍋バスセンター, 宮交シティ-宮崎駅-光陽台, 宮崎駅-花ヶ島・大島通線〜石崎の杜歓鯨館, 看護大学〜宮交シティ〜高鍋バスセンター, 北高校〜光陽台, 宮交シティ〜佐土原高校前"
農業試験場前,高鍋町・木城町,宮交シティ〜高鍋〜木城温泉館湯らら
真方地区体育館,小林市,上原循環線
市営プール前,小林市,運動公園循環線
窪田,小林市,大出水循環線
日章学園前,宮崎交通（株）,"西都バスセンター〜西佐土原〜宮交シティ, 西都バスセンター〜西佐土原〜宮崎駅, 学園短大・国際大〜宮交シティ〜西都バスセンター, 西都バスセンター〜西佐土原〜北高校, 西都バスセンター〜春田バイパス・北バイパス・橘通〜大学病院・宮崎大学, 宮交シティ〜西都バスセンター〜妻高校前, 西都バスセンター〜花ヶ島・宮交シティ〜国立東病院"
石崎の杜歓鯨館,宮崎交通（株）,宮崎駅-花ヶ島・大島通線〜石崎の杜歓鯨館
堂渕入口,小林市,運動公園循環線
新屋敷,小林市,大出水循環線
売子木,宮崎交通（株）,"京町待合所〜道の駅・図書館・市立病院〜小林駅, 京町待合所〜飯野〜小林駅, 京町待合所〜小林高校前〜小林駅, 小林駅〜市立病院〜文化センター〜国際交流センター〜京町待合所, 京町待合所〜小林高校前・小林駅〜秀峰高校, 京町待合所〜国際交流センター〜飯野・えびの市役所〜小林駅"
売子木,小林市,"運動公園循環線, 深草循環線"
梅の天神下,小林市,大出水循環線
南西方,小林市,大出水循環線
川久保,宮崎交通（株）,"綾〜西環状線・北高校〜日大高校前, 綾〜北高校〜日大高校前, 日大高校〜北高〜綾, 綾〜宮崎駅・文化の森〜日向学院前, 宮交シティ〜国富〜綾, 宮崎駅〜綾・酒泉の杜, 宮崎駅〜国富〜綾, 宮交シティ〜宮商経由〜綾, 佐土原高校〜綾, 西高前〜花見・国富〜綾, （ダ）宮崎駅〜綾・酒泉の杜, （ダ）宮交シティ〜橘橋〜綾・酒泉の杜"
郷鴫,宮崎交通（株）,"綾〜西環状線・北高校〜日大高校前, 綾〜北高校〜日大高校前, 日大高校〜北高〜綾, 綾〜宮崎駅・文化の森〜日向学院前, 宮交シティ〜国富〜綾, 宮崎駅〜綾・酒泉の杜, 宮崎駅〜国富〜綾, 宮交シティ〜宮商経由〜綾, 佐土原高校〜綾, 西高前〜花見・国富〜綾, （ダ）宮崎駅〜綾・酒泉の杜, （ダ）宮交シティ〜橘橋〜綾・酒泉の杜"
窪田公民館,小林市,大出水循環線
上の馬場,小林市,"岡原循環線, ひばり野循環線, 上原循環線"
中大出水公民館,小林市,大出水循環線
旭通り,宮崎交通（株）,"綾〜西環状線・北高校〜日大高校前, 綾〜北高校〜日大高校前, 日大高校〜北高〜綾, 綾〜宮崎駅・文化の森〜日向学院前, 宮交シティ〜国富〜綾, 宮崎駅〜綾・酒泉の杜, 宮崎駅〜国富〜綾, 宮交シティ〜宮商経由〜綾, 佐土原高校〜綾, 西高前〜花見・国富〜綾, （ダ）宮崎駅〜綾・酒泉の杜, （ダ）宮交シティ〜橘橋〜綾・酒泉の杜"
栄町,宮崎交通（株）,"綾〜西環状線・北高校〜日大高校前, 綾〜北高校〜日大高校前, 日大高校〜北高〜綾, 綾〜宮崎駅・文化の森〜日向学院前, 宮交シティ〜国富〜綾, 宮崎駅〜綾・酒泉の杜, 宮崎駅〜国富〜綾, 宮交シティ〜宮商経由〜綾, 佐土原高校〜綾, 西高前〜花見・国富〜綾, （ダ）宮崎駅〜綾・酒泉の杜, （ダ）宮交シティ〜橘橋〜綾・酒泉の杜"
伊東塚前,小林市,運動公園循環線
綾待合所,宮崎交通（株）,"綾〜西環状線・北高校〜日大高校前, 綾〜北高校〜日大高校前, 日大高校〜北高〜綾, 綾〜宮崎駅・文化の森〜日向学院前, 宮交シティ〜国富〜綾, 宮崎駅〜綾・酒泉の杜, 宮崎駅〜国富〜綾, 宮交シティ〜宮商経由〜綾, 佐土原高校〜綾, 西高前〜花見・国富〜綾, （ダ）宮崎駅〜綾・酒泉の杜, （ダ）宮交シティ〜橘橋〜綾・酒泉の杜"
中堂,宮崎交通（株）,"宮崎駅〜綾・酒泉の杜, （ダ）宮崎駅〜綾・酒泉の杜, （ダ）宮交シティ〜橘橋〜綾・酒泉の杜"
立町,宮崎交通（株）,"宮崎駅〜綾・酒泉の杜, （ダ）宮崎駅〜綾・酒泉の杜, （ダ）宮交シティ〜橘橋〜綾・酒泉の杜"
下中堂,宮崎交通（株）,"宮崎駅〜綾・酒泉の杜, （ダ）宮崎駅〜綾・酒泉の杜, （ダ）宮交シティ〜橘橋〜綾・酒泉の杜"
森永小学校前,宮崎交通（株）,"綾〜西環状線・北高校〜日大高校前, 綾〜北高校〜日大高校前, 日大高校〜北高〜綾, 綾〜宮崎駅・文化の森〜日向学院前, 宮交シティ〜国富〜綾, 宮崎駅〜綾・酒泉の杜, 宮崎駅〜国富〜綾, 宮交シティ〜宮商経由〜綾, 佐土原高校〜綾, 西高前〜花見・国富〜綾, （ダ）宮崎駅〜綾・酒泉の杜, （ダ）宮交シティ〜橘橋〜綾・酒泉の杜"
板橋,小林市,大出水循環線
揚町,宮崎交通（株）,"宮崎駅〜綾・酒泉の杜, （ダ）宮崎駅〜綾・酒泉の杜, （ダ）宮交シティ〜橘橋〜綾・酒泉の杜"
松栄西町店前,小林市,"運動公園循環線, 深草循環線"
迫田,宮崎交通（株）,"宮崎駅〜綾・酒泉の杜, （ダ）宮崎駅〜綾・酒泉の杜, （ダ）宮交シティ〜橘橋〜綾・酒泉の杜"
森永,宮崎交通（株）,"綾〜西環状線・北高校〜日大高校前, 綾〜北高校〜日大高校前, 日大高校〜北高〜綾, 綾〜宮崎駅・文化の森〜日向学院前, 宮交シティ〜国富〜綾, 宮崎駅〜綾・酒泉の杜, 宮崎駅〜国富〜綾, 宮交シティ〜宮商経由〜綾, 佐土原高校〜綾, 西高前〜花見・国富〜綾, （ダ）宮崎駅〜綾・酒泉の杜, （ダ）宮交シティ〜橘橋〜綾・酒泉の杜"
保坂,宮崎交通（株）,"綾〜西環状線・北高校〜日大高校前, 綾〜北高校〜日大高校前, 日大高校〜北高〜綾, 綾〜宮崎駅・文化の森〜日向学院前, 宮交シティ〜国富〜綾, 宮崎駅〜綾・酒泉の杜, 宮崎駅〜国富〜綾, 宮交シティ〜宮商経由〜綾, 佐土原高校〜綾, 西高前〜花見・国富〜綾, （ダ）宮崎駅〜綾・酒泉の杜, （ダ）宮交シティ〜橘橋〜綾・酒泉の杜"
愛宕町,小林市,"岡原循環線, 上原循環線"
小林高校前,宮崎交通（株）,"小林高校〜一里山, 萩の茶屋〜小林高校, 京町待合所〜小林高校前〜小林駅, 京町待合所〜小林高校前・小林駅〜秀峰高校, 小林高校〜宮交シティ・福祉センター〜宮崎空港"
小林高校前,小林市,"岡原循環線, 上原循環線"
広原,宮崎交通（株）,"西都バスセンター〜西佐土原〜宮交シティ, 西都バスセンター〜西佐土原〜宮崎駅, 学園短大・国際大〜宮交シティ〜西都バスセンター, 西都バスセンター〜西佐土原〜北高校, 西都バスセンター〜春田バイパス・北バイパス・橘通〜大学病院・宮崎大学, 宮交シティ〜西都バスセンター〜妻高校前, 西都バスセンター〜花ヶ島・宮交シティ〜国立東病院"
上西町,宮崎交通（株）,"京町待合所〜道の駅・図書館・市立病院〜小林駅, 京町待合所〜飯野〜小林駅, 京町待合所〜小林高校前〜小林駅, 小林駅〜市立病院〜文化センター〜国際交流センター〜京町待合所, 京町待合所〜小林高校前・小林駅〜秀峰高校, 京町待合所〜国際交流センター〜飯野・えびの市役所〜小林駅"
上西町,小林市,"運動公園循環線, 深草循環線"
市役所前,宮崎交通（株）,"京町待合所〜小林高校前〜小林駅, 京町待合所〜小林高校前・小林駅〜秀峰高校"
市役所前,小林市,"岡原循環線, 運動公園循環線, 上原循環線"
愛宕東,小林市,上原循環線
仲町,小林市,"岡原循環線, 上原循環線"
南上西町,小林市,"運動公園循環線, 環野-千歳線, 大出水循環線"
下保坂,宮崎交通（株）,"綾〜西環状線・北高校〜日大高校前, 綾〜北高校〜日大高校前, 日大高校〜北高〜綾, 綾〜宮崎駅・文化の森〜日向学院前, 宮交シティ〜国富〜綾, 宮崎駅〜綾・酒泉の杜, 宮崎駅〜国富〜綾, 宮交シティ〜宮商経由〜綾, 佐土原高校〜綾, 西高前〜花見・国富〜綾, （ダ）宮崎駅〜綾・酒泉の杜, （ダ）宮交シティ〜橘橋〜綾・酒泉の杜"
池田病院前,小林市,ひばり野循環線
芹川,小林市,大出水循環線
孝の子入口,小林市,"環野-千歳線, 大出水循環線"
市役所下,宮崎交通（株）,"京町待合所〜道の駅・図書館・市立病院〜小林駅, 京町待合所〜飯野〜小林駅, 京町待合所〜小林高校前〜小林駅, 小林駅〜市立病院〜文化センター〜国際交流センター〜京町待合所, 京町待合所〜小林高校前・小林駅〜秀峰高校, 京町待合所〜国際交流センター〜飯野・えびの市役所〜小林駅"
市役所下,小林市,"南ヶ丘線, 岡原循環線, 運動公園循環線, 種畜牧場循環線, 深草循環線, 環野-千歳線, 大出水循環線, 上原循環線"
南町,小林市,"環野-千歳線, 大出水循環線"
新生町,小林市,"南ヶ丘線, 運動公園循環線, 種畜牧場循環線"
近藤内科クリニック前,小林市,運動公園循環線
明星視覚支援学校入口,宮崎交通（株）,"宮崎大学〜宮交シティ〜高鍋バスセンター, 宮交シティ〜高鍋駅〜高鍋バスセンター, 宮交シティ-宮崎駅-光陽台, 宮崎駅-花ヶ島・大島通線〜石崎の杜歓鯨館, 看護大学〜宮交シティ〜高鍋バスセンター, 北高校〜光陽台, 宮交シティ〜佐土原高校前"
明星視覚支援学校入口,高鍋町・木城町,宮交シティ〜高鍋〜木城温泉館湯らら
内村病院前,小林市,上九瀬線
中央商店街,宮崎交通（株）,"京町待合所〜道の駅・図書館・市立病院〜小林駅, 京町待合所〜飯野〜小林駅, 京町待合所〜小林高校前〜小林駅, 小林駅〜市立病院〜文化センター〜国際交流センター〜京町待合所, 京町待合所〜小林高校前・小林駅〜秀峰高校, 京町待合所〜国際交流センター〜飯野・えびの市役所〜小林駅, 役場前〜高原〜小林駅, 祓川〜広原・前野〜小林駅"
中央商店街,高原町,祓川線
中央商店街,小林市,"南ヶ丘線, 岡原循環線, 運動公園循環線, 種畜牧場循環線, 深草循環線, 環野-千歳線, 大出水循環線, 上原循環線"
酒泉の杜,宮崎交通（株）,"宮崎駅〜綾・酒泉の杜, （ダ）宮崎駅〜綾・酒泉の杜, （ダ）宮交シティ〜橘橋〜綾・酒泉の杜"
小林原,小林市,"上九瀬線, 上原循環線"
長谷原,小林市,内山線
郵便局前（小林市）,宮崎交通（株）,"役場前〜高原〜小林駅, 祓川〜広原・前野〜小林駅"
鶴原,小林市,内山線
下孝の子,小林市,環野-千歳線
本町,宮崎交通（株）,"京町待合所〜道の駅・図書館・市立病院〜小林駅, 京町待合所〜飯野〜小林駅, 京町待合所〜小林高校前〜小林駅, 小林駅〜市立病院〜文化センター〜国際交流センター〜京町待合所, 京町待合所〜小林高校前・小林駅〜秀峰高校, 京町待合所〜国際交流センター〜飯野・えびの市役所〜小林駅, 役場前〜高原〜小林駅, 祓川〜広原・前野〜小林駅"
本町,小林市,"南ヶ丘線, 岡原循環線, 運動公園循環線, 種畜牧場循環線, 深草循環線, 環野-千歳線, 大出水循環線, 上原循環線"
小林郵便局前,小林市,運動公園循環線
文化会館西,小林市,運動公園循環線
小林営業所,小林市,上九瀬線
小林営業所前,宮崎交通（株）,"小林駅〜宮崎駅, 小林駅〜宮交シティ, 小林駅〜野尻〜宮崎空港, 小林駅〜宮崎駅〜宮崎空港, 小林高校〜一里山, 萩の茶屋〜小林高校, 小林駅〜宮交シティ・福祉センター〜宮崎空港, 小林駅〜北原町〜西都城駅前バスセンター, 京町待合所〜小林高校前・小林駅〜秀峰高校, イオン都城・西都城駅前バスセンター〜小林駅, 小林駅〜宮交シティ〜学園短大・国際大, 小林高校〜宮交シティ・福祉センター〜宮崎空港, 小林駅〜イオンモール〜西都城駅前バスセンター・イオン都城"
小林営業所前,小林市,"南ヶ丘線, 岡原循環線, 運動公園循環線, 種畜牧場循環線, 深草循環線, 環野-千歳線, 大出水循環線, 三松循環線, ひばり野循環線"
上町,宮崎交通（株）,"小林駅〜北原町〜西都城駅前バスセンター, イオン都城・西都城駅前バスセンター〜小林駅, 小林駅〜イオンモール〜西都城駅前バスセンター・イオン都城"
上町,小林市,"上九瀬線, 三松循環線"
駅前通り,宮崎交通（株）,"役場前〜高原〜小林駅, 祓川〜広原・前野〜小林駅"
小林駅,宮崎交通（株）,"小林駅〜宮崎駅, 小林駅〜宮交シティ, 小林駅〜野尻〜宮崎空港, 小林駅〜宮崎駅〜宮崎空港, 小林高校〜一里山, 萩の茶屋〜小林高校, 小林駅〜宮交シティ・福祉センター〜宮崎空港, 小林駅〜北原町〜西都城駅前バスセンター, 京町待合所〜道の駅・図書館・市立病院〜小林駅, 京町待合所〜飯野〜小林駅, 京町待合所〜小林高校前〜小林駅, 小林駅〜市立病院〜文化センター〜国際交流センター〜京町待合所, 京町待合所〜小林高校前・小林駅〜秀峰高校, 京町待合所〜国際交流センター〜飯野・えびの市役所〜小林駅, 役場前〜高原〜小林駅, 祓川〜広原・前野〜小林駅, イオン都城・西都城駅前バスセンター〜小林駅, 小林駅〜宮交シティ〜学園短大・国際大, 小林高校〜宮交シティ・福祉センター〜宮崎空港, 小林駅〜イオンモール〜西都城駅前バスセンター・イオン都城"
小林駅,高原町,"祓川線, 地域間幹線バス"
小林駅,小林市,"上九瀬線, 南ヶ丘線, 岡原循環線, 運動公園循環線, 種畜牧場循環線, 深草循環線, 環野-千歳線, 大出水循環線, 三松循環線, ひばり野循環線, 上原循環線"
住吉駅前,宮崎交通（株）,"宮崎大学〜宮交シティ〜高鍋バスセンター, 宮交シティ〜高鍋駅〜高鍋バスセンター, 宮交シティ-宮崎駅-光陽台, 宮崎駅-花ヶ島・大島通線〜石崎の杜歓鯨館, 看護大学〜宮交シティ〜高鍋バスセンター, 北高校〜光陽台, 宮交シティ〜佐土原高校前"
住吉駅前,高鍋町・木城町,宮交シティ〜高鍋〜木城温泉館湯らら
十日町,宮崎交通（株）,"綾〜西環状線・北高校〜日大高校前, 綾〜北高校〜日大高校前, 日大高校〜北高〜綾, 綾〜宮崎駅・文化の森〜日向学院前, 宮交シティ〜国富〜綾, 宮崎駅〜綾・酒泉の杜, 宮崎駅〜国富〜綾, 宮交シティ〜宮商経由〜綾, 佐土原高校〜綾, 西高前〜花見・国富〜綾, （ダ）宮崎駅〜綾・酒泉の杜, （ダ）宮交シティ〜橘橋〜綾・酒泉の杜"
巣の浦,小林市,大出水循環線
南島田,小林市,"南ヶ丘線, 種畜牧場循環線"
国富保健センター前,宮崎交通（株）,"綾〜西環状線・北高校〜日大高校前, 綾〜北高校〜日大高校前, 日大高校〜北高〜綾, 綾〜宮崎駅・文化の森〜日向学院前, 宮交シティ〜国富〜綾, 宮崎駅〜綾・酒泉の杜, 宮崎駅〜国富〜綾, 宮交シティ〜宮商経由〜綾, 佐土原高校〜綾, 西高前〜花見・国富〜綾, （ダ）宮崎駅〜綾・酒泉の杜, （ダ）宮交シティ〜橘橋〜綾・酒泉の杜"
幼稚園入口,宮崎交通（株）,"綾〜西環状線・北高校〜日大高校前, 綾〜北高校〜日大高校前, 日大高校〜北高〜綾, 綾〜宮崎駅・文化の森〜日向学院前, 宮交シティ〜国富〜綾, 宮崎駅〜綾・酒泉の杜, 宮崎駅〜国富〜綾, 宮交シティ〜宮商経由〜綾, 佐土原高校〜綾, 西高前〜花見・国富〜綾, （ダ）宮崎駅〜綾・酒泉の杜, （ダ）宮交シティ〜橘橋〜綾・酒泉の杜"
文化会館前,小林市,運動公園循環線
市立病院前,宮崎交通（株）,"小林駅〜宮崎駅, 小林駅〜宮交シティ, 小林駅〜野尻〜宮崎空港, 小林駅〜宮崎駅〜宮崎空港, 小林高校〜一里山, 萩の茶屋〜小林高校, 小林駅〜宮交シティ・福祉センター〜宮崎空港, 小林駅〜北原町〜西都城駅前バスセンター, 京町待合所〜小林高校前・小林駅〜秀峰高校, イオン都城・西都城駅前バスセンター〜小林駅, 小林駅〜宮交シティ〜学園短大・国際大, 小林高校〜宮交シティ・福祉センター〜宮崎空港, 小林駅〜イオンモール〜西都城駅前バスセンター・イオン都城"
市立病院前,小林市,三松循環線
向陽の里,宮崎交通（株）,"綾〜西環状線・北高校〜日大高校前, 綾〜北高校〜日大高校前, 日大高校〜北高〜綾, 綾〜宮崎駅・文化の森〜日向学院前, 宮交シティ〜国富〜綾, 宮崎駅〜綾・酒泉の杜, 宮崎駅〜国富〜綾, 宮交シティ〜宮商経由〜綾, 佐土原高校〜綾, （ダ）宮崎駅〜綾・酒泉の杜, （ダ）宮交シティ〜橘橋〜綾・酒泉の杜"
孝の子,小林市,環野-千歳線
栗巣野,小林市,上九瀬線
前原病院前,小林市,"南ヶ丘線, 岡原循環線, 運動公園循環線, 種畜牧場循環線, 深草循環線, 環野-千歳線, 大出水循環線, ひばり野循環線"
永田町,宮崎交通（株）,"役場前〜高原〜小林駅, 祓川〜広原・前野〜小林駅"
慈敬園前,小林市,運動公園循環線
角内,小林市,野尻地区　三ヶ野山②　（西原行き）
国富,宮崎交通（株）,"綾〜西環状線・北高校〜日大高校前, 綾〜北高校〜日大高校前, 日大高校〜北高〜綾, 綾〜宮崎駅・文化の森〜日向学院前, 宮交シティ〜国富〜綾, 宮崎駅〜綾・酒泉の杜, 宮崎駅〜国富〜綾, 宮交シティ〜宮商経由〜綾, 佐土原高校〜綾, 西高前〜花見・国富〜綾, （ダ）宮崎駅〜綾・酒泉の杜, （ダ）宮交シティ〜橘橋〜綾・酒泉の杜"
岐道,宮崎交通（株）,"小林駅〜北原町〜西都城駅前バスセンター, イオン都城・西都城駅前バスセンター〜小林駅, 小林駅〜イオンモール〜西都城駅前バスセンター・イオン都城"
岐道,小林市,三松循環線
仲町,宮崎交通（株）,"綾〜西環状線・北高校〜日大高校前, 綾〜北高校〜日大高校前, 日大高校〜北高〜綾, 綾〜宮崎駅・文化の森〜日向学院前, 宮交シティ〜国富〜綾, 宮崎駅〜綾・酒泉の杜, 宮崎駅〜国富〜綾, 宮交シティ〜宮商経由〜綾, 佐土原高校〜綾, （ダ）宮崎駅〜綾・酒泉の杜, （ダ）宮交シティ〜橘橋〜綾・酒泉の杜"
太田原,宮崎交通（株）,"綾〜西環状線・北高校〜日大高校前, 綾〜北高校〜日大高校前, 日大高校〜北高〜綾, 綾〜宮崎駅・文化の森〜日向学院前, 宮交シティ〜国富〜綾, 宮崎駅〜綾・酒泉の杜, 宮崎駅〜国富〜綾, 宮交シティ〜宮商経由〜綾, 佐土原高校〜綾, （ダ）宮崎駅〜綾・酒泉の杜, （ダ）宮交シティ〜橘橋〜綾・酒泉の杜"
六日町,宮崎交通（株）,"綾〜西環状線・北高校〜日大高校前, 綾〜北高校〜日大高校前, 日大高校〜北高〜綾, 綾〜宮崎駅・文化の森〜日向学院前, 宮交シティ〜国富〜綾, 宮崎駅〜綾・酒泉の杜, 宮崎駅〜国富〜綾, 宮交シティ〜宮商経由〜綾, 佐土原高校〜綾, （ダ）宮崎駅〜綾・酒泉の杜, （ダ）宮交シティ〜橘橋〜綾・酒泉の杜"
千歳,小林市,環野-千歳線
犬熊入口,宮崎交通（株）,"綾〜西環状線・北高校〜日大高校前, 綾〜北高校〜日大高校前, 日大高校〜北高〜綾, 綾〜宮崎駅・文化の森〜日向学院前, 宮交シティ〜国富〜綾, 宮崎駅〜綾・酒泉の杜, 宮崎駅〜国富〜綾, 宮交シティ〜宮商経由〜綾, 佐土原高校〜綾, （ダ）宮崎駅〜綾・酒泉の杜, （ダ）宮交シティ〜橘橋〜綾・酒泉の杜"
木脇学校下,宮崎交通（株）,"綾〜西環状線・北高校〜日大高校前, 綾〜北高校〜日大高校前, 日大高校〜北高〜綾, 綾〜宮崎駅・文化の森〜日向学院前, 宮交シティ〜国富〜綾, 宮崎駅〜綾・酒泉の杜, 宮崎駅〜国富〜綾, 宮交シティ〜宮商経由〜綾, 佐土原高校〜綾, （ダ）宮崎駅〜綾・酒泉の杜, （ダ）宮交シティ〜橘橋〜綾・酒泉の杜"
秀峰高校前,宮崎交通（株）,"小林駅〜宮崎駅, 小林駅〜宮交シティ, 小林駅〜野尻〜宮崎空港, 小林駅〜宮崎駅〜宮崎空港, 小林高校〜一里山, 萩の茶屋〜小林高校, 小林駅〜宮交シティ・福祉センター〜宮崎空港, 京町待合所〜小林高校前・小林駅〜秀峰高校, 小林駅〜宮交シティ〜学園短大・国際大, 小林高校〜宮交シティ・福祉センター〜宮崎空港"
秀峰高校前,小林市,"上九瀬線, 三松循環線"
萬福寺,宮崎交通（株）,"綾〜西環状線・北高校〜日大高校前, 綾〜北高校〜日大高校前, 日大高校〜北高〜綾, 綾〜宮崎駅・文化の森〜日向学院前, 宮交シティ〜国富〜綾, 宮崎駅〜綾・酒泉の杜, 宮崎駅〜国富〜綾, 宮交シティ〜宮商経由〜綾, 佐土原高校〜綾, （ダ）宮崎駅〜綾・酒泉の杜, （ダ）宮交シティ〜橘橋〜綾・酒泉の杜"
宮大牧場,宮崎交通（株）,"宮崎駅-花ヶ島・大島通線〜石崎の杜歓鯨館, 宮崎駅〜花ヶ島〜フェニックス自然動物園, 宮崎駅〜野崎東病院〜フェニックス自然動物園, 宮交シティ〜大島通線〜日大高校前"
住吉,宮崎交通（株）,"宮崎大学〜宮交シティ〜高鍋バスセンター, 宮交シティ〜高鍋駅〜高鍋バスセンター, 宮交シティ-宮崎駅-光陽台, 看護大学〜宮交シティ〜高鍋バスセンター, 北高校〜光陽台, 宮交シティ〜大島通線〜日大高校前, 宮交シティ〜佐土原高校前"
住吉,高鍋町・木城町,宮交シティ〜高鍋〜木城温泉館湯らら
出の山入口,小林市,環野-千歳線
宮王丸,宮崎交通（株）,"綾〜西環状線・北高校〜日大高校前, 綾〜北高校〜日大高校前, 日大高校〜北高〜綾, 綾〜宮崎駅・文化の森〜日向学院前, 宮交シティ〜国富〜綾, 宮崎駅〜綾・酒泉の杜, 宮崎駅〜国富〜綾, 宮交シティ〜宮商経由〜綾, 佐土原高校〜綾, （ダ）宮崎駅〜綾・酒泉の杜, （ダ）宮交シティ〜橘橋〜綾・酒泉の杜"
木脇,宮崎交通（株）,"綾〜西環状線・北高校〜日大高校前, 綾〜北高校〜日大高校前, 日大高校〜北高〜綾, 綾〜宮崎駅・文化の森〜日向学院前, 宮交シティ〜国富〜綾, 宮崎駅〜綾・酒泉の杜, 宮崎駅〜国富〜綾, 宮交シティ〜宮商経由〜綾, 佐土原高校〜綾, （ダ）宮崎駅〜綾・酒泉の杜, （ダ）宮交シティ〜橘橋〜綾・酒泉の杜"
5丁目,宮崎交通（株）,"役場前〜高原〜小林駅, 祓川〜広原・前野〜小林駅"
四本松,宮崎交通（株）,"宮崎駅〜花ヶ島〜フェニックス自然動物園, 宮崎駅〜野崎東病院〜フェニックス自然動物園"
東北八所,小林市,野尻地区　三ヶ野山①　（東柿川内行き）
住吉学校前,宮崎交通（株）,"西都バスセンター〜西佐土原〜宮交シティ, 西都バスセンター〜西佐土原〜宮崎駅, 学園短大・国際大〜宮交シティ〜西都バスセンター, 西都バスセンター〜西佐土原〜北高校, 西都バスセンター〜春田バイパス・北バイパス・橘通〜大学病院・宮崎大学, 宮交シティ〜西都バスセンター〜妻高校前, 西都バスセンター〜花ヶ島・宮交シティ〜国立東病院"
水落し,小林市,"南ヶ丘線, 種畜牧場循環線"
水流迫,宮崎交通（株）,"小林駅〜宮崎駅, 小林駅〜宮交シティ, 小林駅〜野尻〜宮崎空港, 小林駅〜宮崎駅〜宮崎空港, 小林高校〜一里山, 萩の茶屋〜小林高校, 小林駅〜宮交シティ・福祉センター〜宮崎空港, 小林駅〜宮交シティ〜学園短大・国際大, 小林高校〜宮交シティ・福祉センター〜宮崎空港"
水流迫,小林市,"上九瀬線, 三松循環線"
ニュータウン住吉北,宮崎交通（株）,"宮崎駅-花ヶ島・大島通線〜石崎の杜歓鯨館, 宮崎駅〜花ヶ島〜フェニックス自然動物園, 宮崎駅〜野崎東病院〜フェニックス自然動物園, 宮交シティ〜大島通線〜日大高校前"
佐土原,小林市,野尻地区　三ヶ野山①　（東柿川内行き）
平の前,小林市,南ヶ丘線
塚原入口,宮崎交通（株）,"綾〜西環状線・北高校〜日大高校前, 綾〜北高校〜日大高校前, 日大高校〜北高〜綾, 綾〜宮崎駅・文化の森〜日向学院前, 宮交シティ〜国富〜綾, 宮崎駅〜綾・酒泉の杜, 宮崎駅〜国富〜綾, 宮交シティ〜宮商経由〜綾, （ダ）宮崎駅〜綾・酒泉の杜, （ダ）宮交シティ〜橘橋〜綾・酒泉の杜"
平川入口,小林市,環野-千歳線
園田病院前,小林市,三松循環線
日大高校,宮崎交通（株）,"日大高校〜新名爪・橘通〜宮交シティ, 尾頭〜花見・橘通〜日大高校"
川無入口,宮崎交通（株）,"小林駅〜北原町〜西都城駅前バスセンター, イオン都城・西都城駅前バスセンター〜小林駅, 小林駅〜イオンモール〜西都城駅前バスセンター・イオン都城"
川無入口,小林市,三松循環線
園田病院前（堤）,宮崎交通（株）,"小林駅〜宮崎駅, 小林駅〜宮交シティ, 小林駅〜野尻〜宮崎空港, 小林駅〜宮崎駅〜宮崎空港, 小林高校〜一里山, 萩の茶屋〜小林高校, 小林駅〜宮交シティ・福祉センター〜宮崎空港, 小林駅〜宮交シティ〜学園短大・国際大, 小林高校〜宮交シティ・福祉センター〜宮崎空港"
住吉神社入口,宮崎交通（株）,"宮崎駅〜花ヶ島〜フェニックス自然動物園, 宮崎駅〜野崎東病院〜フェニックス自然動物園, 宮交シティ〜宮崎駅〜波島・フェニックス自然動物園・波島〜宮崎駅〜宮交シティ"
八幡原市民センター,小林市,三松循環線
北部公民館前,宮崎交通（株）,"宮崎駅〜花ヶ島〜フェニックス自然動物園, 宮崎駅〜野崎東病院〜フェニックス自然動物園"
フェニックス自然動物園,宮崎交通（株）,"宮崎駅〜花ヶ島〜フェニックス自然動物園, 宮崎駅〜野崎東病院〜フェニックス自然動物園, 宮交シティ〜宮崎駅〜波島・フェニックス自然動物園・波島〜宮崎駅〜宮交シティ"
フェニックス自然動物園入,宮崎交通（株）,宮交シティ〜宮崎駅〜波島・フェニックス自然動物園・波島〜宮崎駅〜宮交シティ
日大高校前,宮崎交通（株）,"宮崎大学〜宮交シティ〜高鍋バスセンター, 宮交シティ〜高鍋駅〜高鍋バスセンター, 宮交シティ-宮崎駅-光陽台, 看護大学〜宮交シティ〜高鍋バスセンター, 綾〜西環状線・北高校〜日大高校前, 綾〜北高校〜日大高校前, 北高校〜光陽台, 日大高校〜北高〜綾, 宮交シティ〜大島通線〜日大高校前, 宮交シティ〜佐土原高校前, 生目台西3丁目〜県病院前〜日大高校"
日大高校前,高鍋町・木城町,宮交シティ〜高鍋〜木城温泉館湯らら
城山団地前,宮崎交通（株）,"役場前〜高原〜小林駅, 祓川〜広原・前野〜小林駅"
小林IC前,小林市,環野-千歳線
ニュータウン住吉南,宮崎交通（株）,"宮崎駅-花ヶ島・大島通線〜石崎の杜歓鯨館, 宮崎駅〜花ヶ島〜フェニックス自然動物園, 宮崎駅〜野崎東病院〜フェニックス自然動物園, 宮交シティ〜大島通線〜日大高校前"
新田,小林市,南ヶ丘線
南八所,小林市,野尻地区　三ヶ野山①　（東柿川内行き）
サンキュー入口,小林市,三松循環線
新田組合前,小林市,種畜牧場循環線
大沢津,小林市,野尻地区　三ヶ野山①　（東柿川内行き）
南ヶ丘入口,小林市,環野-千歳線
水流平,小林市,野尻地区　三ヶ野山②　（西原行き）
南ヶ丘,小林市,環野-千歳線
西岩瀬口,宮崎交通（株）,"小林駅〜宮崎駅, 小林駅〜宮交シティ, 小林駅〜野尻〜宮崎空港, 小林駅〜宮崎駅〜宮崎空港, 小林高校〜一里山, 萩の茶屋〜小林高校, 小林駅〜宮交シティ・福祉センター〜宮崎空港, 小林駅〜宮交シティ〜学園短大・国際大, 小林高校〜宮交シティ・福祉センター〜宮崎空港"
勝負,小林市,野尻地区　東麓①　（大平山行き）
加治屋,小林市,南ヶ丘線
川路,宮崎交通（株）,"小林駅〜宮崎駅, 小林駅〜宮交シティ, 小林駅〜野尻〜宮崎空港, 小林駅〜宮崎駅〜宮崎空港, 小林高校〜一里山, 萩の茶屋〜小林高校, 小林駅〜宮交シティ・福祉センター〜宮崎空港, 小林駅〜宮交シティ〜学園短大・国際大, 小林高校〜宮交シティ・福祉センター〜宮崎空港"
岩知野,宮崎交通（株）,"綾〜西環状線・北高校〜日大高校前, 綾〜北高校〜日大高校前, 日大高校〜北高〜綾, 綾〜宮崎駅・文化の森〜日向学院前, 宮交シティ〜国富〜綾, 宮崎駅〜綾・酒泉の杜, 宮崎駅〜国富〜綾, 宮交シティ〜宮商経由〜綾, （ダ）宮崎駅〜綾・酒泉の杜, （ダ）宮交シティ〜橘橋〜綾・酒泉の杜"
野々崎,小林市,野尻地区　三ヶ野山①　（東柿川内行き）
栗須,小林市,野尻地区　三ヶ野山①　（東柿川内行き）
下漆野,小林市,野尻地区　紙屋①　（東新村行き）
生駒高原,小林市,環野-千歳線
環野,小林市,環野-千歳線
三松北,小林市,三松循環線
西原,小林市,野尻地区　三ヶ野山②　（西原行き）
細野小前,小林市,種畜牧場循環線
生駒,小林市,環野-千歳線
堀切,小林市,野尻地区　紙屋①　（東新村行き）
野々崎,宮崎交通（株）,"小林駅〜宮崎駅, 小林駅〜宮交シティ, 小林駅〜野尻〜宮崎空港, 小林駅〜宮崎駅〜宮崎空港, 小林高校〜一里山, 萩の茶屋〜小林高校, 小林駅〜宮交シティ・福祉センター〜宮崎空港, 小林駅〜宮交シティ〜学園短大・国際大, 小林高校〜宮交シティ・福祉センター〜宮崎空港"
大脇,小林市,野尻地区　三ヶ野山②　（西原行き）
湾津,宮崎交通（株）,"役場前〜高原〜小林駅, 祓川〜広原・前野〜小林駅"
湾津,高原町,祓川線
栗須,宮崎交通（株）,"小林駅〜宮崎駅, 小林駅〜宮交シティ, 小林駅〜野尻〜宮崎空港, 小林駅〜宮崎駅〜宮崎空港, 小林高校〜一里山, 萩の茶屋〜小林高校, 小林駅〜宮交シティ・福祉センター〜宮崎空港, 小林駅〜宮交シティ〜学園短大・国際大, 小林高校〜宮交シティ・福祉センター〜宮崎空港"
御手洗北,宮崎交通（株）,宮交シティ〜宮崎駅〜波島・フェニックス自然動物園・波島〜宮崎駅〜宮交シティ
東栗須,宮崎交通（株）,"小林駅〜宮崎駅, 小林駅〜宮交シティ, 小林駅〜野尻〜宮崎空港, 小林駅〜宮崎駅〜宮崎空港, 小林高校〜一里山, 萩の茶屋〜小林高校, 小林駅〜宮交シティ・福祉センター〜宮崎空港, 小林駅〜宮交シティ〜学園短大・国際大, 小林高校〜宮交シティ・福祉センター〜宮崎空港"
桜学園入口,宮崎交通（株）,"桜学園〜下高岡, 宮崎駅〜穆佐・祇園台・高岡温泉〜桜学園, 桜学園〜尾頭・祇園台・穆佐〜宮崎駅"
猿瀬口,宮崎交通（株）,"小林駅〜宮崎駅, 小林駅〜宮交シティ, 小林駅〜野尻〜宮崎空港, 小林駅〜宮崎駅〜宮崎空港, 小林高校〜一里山, 萩の茶屋〜小林高校, 小林駅〜宮交シティ・福祉センター〜宮崎空港, 小林駅〜宮交シティ〜学園短大・国際大, 小林高校〜宮交シティ・福祉センター〜宮崎空港"
桜学園,宮崎交通（株）,"桜学園〜下高岡, 宮崎駅〜穆佐・祇園台・高岡温泉〜桜学園, 桜学園〜尾頭・祇園台・穆佐〜宮崎駅"
宮田,宮崎交通（株）,"宮崎大学〜宮交シティ〜高鍋バスセンター, 宮交シティ〜高鍋駅〜高鍋バスセンター, 日大高校〜新名爪・橘通〜宮交シティ, 宮交シティ-宮崎駅-光陽台, 看護大学〜宮交シティ〜高鍋バスセンター, 綾〜西環状線・北高校〜日大高校前, 綾〜北高校〜日大高校前, 北高校〜光陽台, 日大高校〜北高〜綾, 宮交シティ〜佐土原高校前, 尾頭〜花見・橘通〜日大高校, 生目台西3丁目〜県病院前〜日大高校"
宮田,高鍋町・木城町,宮交シティ〜高鍋〜木城温泉館湯らら
人参山,小林市,三松循環線
日平入口,宮崎交通（株）,"西都バスセンター〜西佐土原〜宮交シティ, 西都バスセンター〜西佐土原〜宮崎駅, 学園短大・国際大〜宮交シティ〜西都バスセンター, 西都バスセンター〜西佐土原〜北高校, 西都バスセンター〜春田バイパス・北バイパス・橘通〜大学病院・宮崎大学, 宮交シティ〜西都バスセンター〜妻高校前, 西都バスセンター〜花ヶ島・宮交シティ〜国立東病院"
中岩瀬口,宮崎交通（株）,"小林駅〜宮崎駅, 小林駅〜宮交シティ, 小林駅〜野尻〜宮崎空港, 小林駅〜宮崎駅〜宮崎空港, 小林高校〜一里山, 萩の茶屋〜小林高校, 小林駅〜宮交シティ・福祉センター〜宮崎空港, 小林駅〜宮交シティ〜学園短大・国際大, 小林高校〜宮交シティ・福祉センター〜宮崎空港"
三松中学校前,宮崎交通（株）,"小林駅〜北原町〜西都城駅前バスセンター, イオン都城・西都城駅前バスセンター〜小林駅, 小林駅〜イオンモール〜西都城駅前バスセンター・イオン都城"
三松中学校前,小林市,三松循環線
庄屋西,宮崎交通（株）,"宮崎駅-花ヶ島・大島通線〜石崎の杜歓鯨館, 宮崎駅〜花ヶ島〜フェニックス自然動物園, 宮崎駅〜野崎東病院〜フェニックス自然動物園, 宮交シティ〜大島通線〜日大高校前"
牧場,小林市,種畜牧場循環線
瀬戸ノ口,小林市,野尻地区　三ヶ野山①　（東柿川内行き）
佐土瀬,小林市,野尻地区　三ヶ野山②　（西原行き）
柿木原,宮崎交通（株）,"綾〜西環状線・北高校〜日大高校前, 綾〜北高校〜日大高校前, 日大高校〜北高〜綾, 綾〜宮崎駅・文化の森〜日向学院前, 宮交シティ〜国富〜綾, 宮崎駅〜綾・酒泉の杜, 宮崎駅〜国富〜綾, 宮交シティ〜宮商経由〜綾, （ダ）宮崎駅〜綾・酒泉の杜, （ダ）宮交シティ〜橘橋〜綾・酒泉の杜"
上池内,宮崎交通（株）,"看護大学〜宮交シティ〜下畑・井上, 宮交シティ〜池内〜下畑・井上"
クラブハウス前,宮崎交通（株）,宮交シティ〜宮崎駅〜波島・フェニックス自然動物園・波島〜宮崎駅〜宮交シティ
大脇,宮崎交通（株）,"小林駅〜宮崎駅, 小林駅〜宮交シティ, 小林駅〜野尻〜宮崎空港, 小林駅〜宮崎駅〜宮崎空港, 小林高校〜一里山, 萩の茶屋〜小林高校, 小林駅〜宮交シティ・福祉センター〜宮崎空港, 小林駅〜宮交シティ〜学園短大・国際大, 小林高校〜宮交シティ・福祉センター〜宮崎空港"
瀬戸之口,宮崎交通（株）,"小林駅〜宮崎駅, 小林駅〜宮交シティ, 小林駅〜野尻〜宮崎空港, 小林駅〜宮崎駅〜宮崎空港, 小林高校〜一里山, 萩の茶屋〜小林高校, 小林駅〜宮交シティ・福祉センター〜宮崎空港, 小林駅〜宮交シティ〜学園短大・国際大, 小林高校〜宮交シティ・福祉センター〜宮崎空港"
洗出し,小林市,種畜牧場循環線
東岩瀬口,宮崎交通（株）,"小林駅〜宮崎駅, 小林駅〜宮交シティ, 小林駅〜野尻〜宮崎空港, 小林駅〜宮崎駅〜宮崎空港, 小林高校〜一里山, 萩の茶屋〜小林高校, 小林駅〜宮交シティ・福祉センター〜宮崎空港, 小林駅〜宮交シティ〜学園短大・国際大, 小林高校〜宮交シティ・福祉センター〜宮崎空港"
御手洗,宮崎交通（株）,宮交シティ〜宮崎駅〜波島・フェニックス自然動物園・波島〜宮崎駅〜宮交シティ
神の原,小林市,南ヶ丘線
千谷公園入口,宮崎交通（株）,"役場前〜高原〜小林駅, 祓川〜広原・前野〜小林駅"
釘松,小林市,野尻地区　三ヶ野山②　（西原行き）
三松支所前,宮崎交通（株）,"小林駅〜北原町〜西都城駅前バスセンター, イオン都城・西都城駅前バスセンター〜小林駅, 小林駅〜イオンモール〜西都城駅前バスセンター・イオン都城"
大平山,小林市,野尻地区　東麓①　（大平山行き）
漆野原,小林市,野尻地区　紙屋①　（東新村行き）
南ヶ丘中央,小林市,南ヶ丘線
押田,宮崎交通（株）,"桜学園〜下高岡, 宮崎駅〜穆佐・祇園台・高岡温泉〜桜学園, 桜学園〜尾頭・祇園台・穆佐〜宮崎駅"
古賀総合病院,宮崎交通（株）,"東宮団地〜看護大〜古賀総合病院, 西希望ヶ丘〜宮交シティ・平和が丘団地〜古賀総合病院, 宮崎駅〜公立大前〜古賀総合病院, 宮交シティ〜平和が丘団地〜古賀総合病院, 看護大学〜宮交シティ〜下畑・井上, 宮交シティ〜池内〜下畑・井上"
鵜戸原,小林市,野尻地区　東麓①　（大平山行き）
八久保,小林市,野尻地区　紙屋②　（南今別府行き）
病院前,宮崎交通（株）,"綾〜西環状線・北高校〜日大高校前, 綾〜北高校〜日大高校前, 日大高校〜北高〜綾, 綾〜宮崎駅・文化の森〜日向学院前, 宮交シティ〜国富〜綾, 宮崎駅〜綾・酒泉の杜, 宮崎駅〜国富〜綾, 宮交シティ〜宮商経由〜綾, （ダ）宮崎駅〜綾・酒泉の杜, （ダ）宮交シティ〜橘橋〜綾・酒泉の杜"
新名爪,宮崎交通（株）,"宮崎大学〜宮交シティ〜高鍋バスセンター, 宮交シティ〜高鍋駅〜高鍋バスセンター, 日大高校〜新名爪・橘通〜宮交シティ, 新名爪〜宮交シティ, 宮交シティ-宮崎駅-光陽台, 看護大学〜宮交シティ〜高鍋バスセンター, 西都バスセンター〜西佐土原〜宮交シティ, 西都バスセンター〜西佐土原〜宮崎駅, 学園短大・国際大〜宮交シティ〜西都バスセンター, 宮交シティ〜佐土原高校前, 尾頭〜花見・橘通〜日大高校, 生目台西3丁目〜県病院前〜日大高校, 宮交シティ〜西都バスセンター〜妻高校前, 西都バスセンター〜花ヶ島・宮交シティ〜国立東病院"
新名爪,高鍋町・木城町,宮交シティ〜高鍋〜木城温泉館湯らら
福原,宮崎交通（株）,"役場前〜高原〜小林駅, 祓川〜広原・前野〜小林駅"
三松小前,宮崎交通（株）,"小林駅〜北原町〜西都城駅前バスセンター, イオン都城・西都城駅前バスセンター〜小林駅, 小林駅〜イオンモール〜西都城駅前バスセンター・イオン都城"
小坂,宮崎交通（株）,"小林駅〜宮崎駅, 小林駅〜宮交シティ, 小林駅〜野尻〜宮崎空港, 小林駅〜宮崎駅〜宮崎空港, 小林高校〜一里山, 萩の茶屋〜小林高校, 小林駅〜宮交シティ・福祉センター〜宮崎空港, 小林駅〜宮交シティ〜学園短大・国際大, 小林高校〜宮交シティ・福祉センター〜宮崎空港"
小坂,小林市,野尻地区　三ヶ野山①　（東柿川内行き）
相牟田,小林市,野尻地区　三ヶ野山②　（西原行き）
中夷守,小林市,種畜牧場循環線
下岩瀬,小林市,三松循環線
北高校,宮崎交通（株）,"綾〜西環状線・北高校〜日大高校前, 綾〜北高校〜日大高校前, 北高校〜光陽台, 日大高校〜北高〜綾, 西都バスセンター〜西佐土原〜北高校, （直行）西都バスセンター〜西佐土原〜北高校, 宮交シティ〜平和が丘団地〜北高校, 東宮団地〜看護大〜北高校"
秋社,小林市,野尻地区　紙屋①　（東新村行き）
ぽっくる村入口,宮崎交通（株）,宮交シティ〜宮崎駅〜波島・フェニックス自然動物園・波島〜宮崎駅〜宮交シティ
甚佐塚,小林市,野尻地区　紙屋①　（東新村行き）
組合下,宮崎交通（株）,"綾〜西環状線・北高校〜日大高校前, 綾〜北高校〜日大高校前, 日大高校〜北高〜綾, 綾〜宮崎駅・文化の森〜日向学院前, 宮交シティ〜国富〜綾, 宮崎駅〜綾・酒泉の杜, 宮崎駅〜国富〜綾, 宮交シティ〜宮商経由〜綾, （ダ）宮崎駅〜綾・酒泉の杜, （ダ）宮交シティ〜橘橋〜綾・酒泉の杜"
平木場,小林市,野尻地区　東麓①　（大平山行き）
池内,宮崎交通（株）,"綾〜西環状線・北高校〜日大高校前, 日大高校〜北高〜綾, 東宮団地〜看護大〜古賀総合病院, 西希望ヶ丘〜宮交シティ・平和が丘団地〜古賀総合病院, 宮崎駅〜公立大前〜古賀総合病院, 宮交シティ〜平和が丘団地〜古賀総合病院, 宮交シティ〜平和が丘団地〜北高校, 東宮団地〜看護大〜北高校, 看護大学〜宮交シティ〜下畑・井上, 宮交シティ〜池内〜下畑・井上"
元村北,宮崎交通（株）,"宮崎駅-花ヶ島・大島通線〜石崎の杜歓鯨館, 宮崎駅〜花ヶ島〜フェニックス自然動物園, 宮崎駅〜野崎東病院〜フェニックス自然動物園, 宮交シティ〜大島通線〜日大高校前"
切畑,小林市,野尻地区　三ヶ野山②　（西原行き）
西岩瀬,小林市,三松循環線
川内,小林市,野尻地区　紙屋②　（南今別府行き）
岩戸,小林市,野尻地区　三ヶ野山①　（東柿川内行き）
大王,小林市,野尻地区　東麓①　（大平山行き）
前内侍塚,小林市,三松循環線
夷守,小林市,種畜牧場循環線
岩瀬公民館,小林市,三松循環線
野菊の里入口,宮崎交通（株）,"小林駅〜北原町〜西都城駅前バスセンター, イオン都城・西都城駅前バスセンター〜小林駅, 小林駅〜イオンモール〜西都城駅前バスセンター・イオン都城"
久木野口,宮崎交通（株）,"小林駅〜宮崎駅, 小林駅〜宮交シティ, 小林駅〜野尻〜宮崎空港, 小林駅〜宮崎駅〜宮崎空港, 小林駅〜宮交シティ・福祉センター〜宮崎空港, 小林駅〜宮交シティ〜学園短大・国際大, 小林高校〜宮交シティ・福祉センター〜宮崎空港"
漆野原,宮崎交通（株）,"小林駅〜宮崎駅, 小林駅〜宮交シティ, 小林駅〜野尻〜宮崎空港, 小林駅〜宮崎駅〜宮崎空港, 小林高校〜一里山, 小林駅〜宮交シティ・福祉センター〜宮崎空港, 小林駅〜宮交シティ〜学園短大・国際大, 小林高校〜宮交シティ・福祉センター〜宮崎空港"
町グランド前,宮崎交通（株）,"小林駅〜宮崎駅, 小林駅〜宮交シティ, 小林駅〜野尻〜宮崎空港, 小林駅〜宮崎駅〜宮崎空港, 小林高校〜一里山, 萩の茶屋〜小林高校, 小林駅〜宮交シティ・福祉センター〜宮崎空港, 小林駅〜宮交シティ〜学園短大・国際大, 小林高校〜宮交シティ・福祉センター〜宮崎空港"
東新村,小林市,野尻地区　紙屋①　（東新村行き）
住吉南小学校前,宮崎交通（株）,"宮崎駅-花ヶ島・大島通線〜石崎の杜歓鯨館, 宮崎駅〜花ヶ島〜フェニックス自然動物園, 宮交シティ〜大島通線〜日大高校前"
大王,小林市,南ヶ丘線
蓮ヶ池,宮崎交通（株）,"宮崎大学〜宮交シティ〜高鍋バスセンター, 宮交シティ〜高鍋駅〜高鍋バスセンター, 日大高校〜新名爪・橘通〜宮交シティ, 新名爪〜宮交シティ, 宮交シティ-宮崎駅-光陽台, 看護大学〜宮交シティ〜高鍋バスセンター, 西都バスセンター〜西佐土原〜宮交シティ, 西都バスセンター〜西佐土原〜宮崎駅, 学園短大・国際大〜宮交シティ〜西都バスセンター, 宮交シティ〜佐土原高校前, 尾頭〜花見・橘通〜日大高校, 生目台西3丁目〜県病院前〜日大高校, 宮交シティ〜西都バスセンター〜妻高校前, 西都バスセンター〜花ヶ島・宮交シティ〜国立東病院"
蓮ヶ池,高鍋町・木城町,宮交シティ〜高鍋〜木城温泉館湯らら
西新村,小林市,野尻地区　紙屋①　（東新村行き）
ゴルフアカデミー前,宮崎交通（株）,宮交シティ〜宮崎駅〜波島・フェニックス自然動物園・波島〜宮崎駅〜宮交シティ
上田ノ平,宮崎交通（株）,"小林駅〜宮崎駅, 小林駅〜宮交シティ, 小林駅〜野尻〜宮崎空港, 小林駅〜宮崎駅〜宮崎空港, 小林駅〜宮交シティ・福祉センター〜宮崎空港, 小林駅〜宮交シティ〜学園短大・国際大, 小林高校〜宮交シティ・福祉センター〜宮崎空港"
ゆ〜ぱるのじり,小林市,"野尻地区　三ヶ野山②　（西原行き）, 野尻地区　紙屋②　（南今別府行き）, 野尻地区　東麓①　（大平山行き）, 野尻地区　紙屋①　（東新村行き）, 野尻地区　東麓②　（丸岡行き）, 野尻地区　三ヶ野山①　（東柿川内行き）, 内山線"
ゆーぱるのじり前,宮崎交通（株）,"小林駅〜宮崎駅, 小林駅〜宮交シティ, 小林駅〜野尻〜宮崎空港, 小林駅〜宮崎駅〜宮崎空港, 小林高校〜一里山, 萩の茶屋〜小林高校, 小林駅〜宮交シティ・福祉センター〜宮崎空港, 小林駅〜宮交シティ〜学園短大・国際大, 小林高校〜宮交シティ・福祉センター〜宮崎空港"
市民の森病院前,宮崎交通（株）,"宮交シティ〜大淀大橋・波島〜シーガイア, 大学病院〜木花台・宮崎駅〜フローランテ宮崎, 大学病院〜・福ゾーン・木花台・宮崎駅〜フローランテ宮崎, 大村入口〜宮崎駅〜フローランテ宮崎, 宮交シティ・宮崎駅〜青葉通〜シーガイア, 宮交シティ・宮崎駅〜青葉通〜シーガイア・フローランテ宮崎, 宮交シティ〜宮崎駅〜波島・フェニックス自然動物園・波島〜宮崎駅〜宮交シティ"
内山（高岡）,宮崎交通（株）,"桜学園〜下高岡, 宮崎駅〜穆佐・祇園台・高岡温泉〜桜学園, 桜学園〜尾頭・祇園台・穆佐〜宮崎駅"
西新村,宮崎交通（株）,"小林駅〜宮崎駅, 小林駅〜宮交シティ, 小林駅〜野尻〜宮崎空港, 小林駅〜宮崎駅〜宮崎空港, 小林高校〜一里山, 小林駅〜宮交シティ・福祉センター〜宮崎空港, 小林駅〜宮交シティ〜学園短大・国際大, 小林高校〜宮交シティ・福祉センター〜宮崎空港"
幸福寺,宮崎交通（株）,"綾〜西環状線・北高校〜日大高校前, 綾〜北高校〜日大高校前, 日大高校〜北高〜綾, 東宮団地〜看護大〜古賀総合病院, 西希望ヶ丘〜宮交シティ・平和が丘団地〜古賀総合病院, 宮崎駅〜公立大前〜古賀総合病院, 宮交シティ〜平和が丘団地〜古賀総合病院, 宮交シティ〜平和が丘団地〜北高校, 東宮団地〜看護大〜北高校, 看護大学〜宮交シティ〜下畑・井上, 宮交シティ〜池内〜下畑・井上"
金吹山,宮崎交通（株）,"宮交シティ〜大淀大橋・波島〜シーガイア, 大学病院〜木花台・宮崎駅〜フローランテ宮崎, 大学病院〜・福ゾーン・木花台・宮崎駅〜フローランテ宮崎, 大村入口〜宮崎駅〜フローランテ宮崎, 宮交シティ・宮崎駅〜青葉通〜シーガイア, 宮交シティ・宮崎駅〜青葉通〜シーガイア・フローランテ宮崎, 宮交シティ〜宮崎駅〜波島・フェニックス自然動物園・波島〜宮崎駅〜宮交シティ"
吉村,小林市,野尻地区　東麓①　（大平山行き）
旧町,小林市,野尻地区　紙屋①　（東新村行き）
野首下,宮崎交通（株）,"綾〜西環状線・北高校〜日大高校前, 綾〜北高校〜日大高校前, 日大高校〜北高〜綾, 綾〜宮崎駅・文化の森〜日向学院前, 宮交シティ〜国富〜綾, 宮崎駅〜綾・酒泉の杜, 宮崎駅〜国富〜綾, 宮交シティ〜宮商経由〜綾, （ダ）宮崎駅〜綾・酒泉の杜, （ダ）宮交シティ〜橘橋〜綾・酒泉の杜"
紙屋西町,宮崎交通（株）,"小林駅〜宮崎駅, 小林駅〜宮交シティ, 小林駅〜野尻〜宮崎空港, 小林駅〜宮崎駅〜宮崎空港, 小林高校〜一里山, 小林駅〜宮交シティ・福祉センター〜宮崎空港, 小林駅〜宮交シティ〜学園短大・国際大, 小林高校〜宮交シティ・福祉センター〜宮崎空港"
紙屋出張所,小林市,野尻地区　紙屋②　（南今別府行き）
北今別府,小林市,野尻地区　紙屋②　（南今別府行き）
下竹山,小林市,種畜牧場循環線
東新町,小林市,野尻地区　紙屋①　（東新村行き）
宮永クリニック前,宮崎交通（株）,"宮崎駅-花ヶ島・大島通線〜石崎の杜歓鯨館, 宮崎駅〜花ヶ島〜フェニックス自然動物園, 宮交シティ〜大島通線〜日大高校前"
今別府,宮崎交通（株）,"小林駅〜宮崎駅, 小林駅〜宮交シティ, 小林駅〜野尻〜宮崎空港, 小林駅〜宮崎駅〜宮崎空港, 小林高校〜一里山, 小林駅〜宮交シティ・福祉センター〜宮崎空港, 小林駅〜宮交シティ〜学園短大・国際大, 小林高校〜宮交シティ・福祉センター〜宮崎空港"
芳士祝田,宮崎交通（株）,"宮崎駅-花ヶ島・大島通線〜石崎の杜歓鯨館, 宮崎駅〜花ヶ島〜フェニックス自然動物園, 宮交シティ〜大島通線〜日大高校前"
美人の湯,小林市,三松循環線
市民の森,宮崎交通（株）,"宮交シティ〜大淀大橋・波島〜シーガイア, 大学病院〜木花台・宮崎駅〜フローランテ宮崎, 大学病院〜・福ゾーン・木花台・宮崎駅〜フローランテ宮崎, 大村入口〜宮崎駅〜フローランテ宮崎, 市民の森〜青葉通・宮交シティ〜学園短大・国際大, 宮交シティ・宮崎駅〜青葉通〜シーガイア, 宮交シティ・宮崎駅〜青葉通〜シーガイア・フローランテ宮崎, 宮交シティ〜大淀大橋・宮崎駅〜波島・市民の森, 宮交シティ〜橘通・江田原〜市民の森, 宮交シティ〜宮崎駅〜波島・フェニックス自然動物園・波島〜宮崎駅〜宮交シティ"
元村,宮崎交通（株）,宮崎駅〜野崎東病院〜フェニックス自然動物園
萩の茶屋,宮崎交通（株）,"小林駅〜宮崎駅, 小林駅〜宮交シティ, 小林駅〜野尻〜宮崎空港, 小林駅〜宮崎駅〜宮崎空港, 小林高校〜一里山, 萩の茶屋〜小林高校, 小林駅〜宮交シティ・福祉センター〜宮崎空港, 小林駅〜宮交シティ〜学園短大・国際大, 小林高校〜宮交シティ・福祉センター〜宮崎空港"
入佐,宮崎交通（株）,"役場前〜高原〜小林駅, 祓川〜広原・前野〜小林駅"
紙屋大橋,宮崎交通（株）,"小林駅〜宮崎駅, 小林駅〜宮交シティ, 小林駅〜野尻〜宮崎空港, 小林駅〜宮崎駅〜宮崎空港, 小林高校〜一里山, 小林駅〜宮交シティ・福祉センター〜宮崎空港, 小林駅〜宮交シティ〜学園短大・国際大, 小林高校〜宮交シティ・福祉センター〜宮崎空港"
紙屋,宮崎交通（株）,"小林駅〜宮崎駅, 小林駅〜宮交シティ, 小林駅〜野尻〜宮崎空港, 小林駅〜宮崎駅〜宮崎空港, 小林高校〜一里山, 小林駅〜宮交シティ・福祉センター〜宮崎空港, 小林駅〜宮交シティ〜学園短大・国際大, 小林高校〜宮交シティ・福祉センター〜宮崎空港"
野尻追分,宮崎交通（株）,"小林駅〜宮崎駅, 小林駅〜宮交シティ, 小林駅〜野尻〜宮崎空港, 小林駅〜宮崎駅〜宮崎空港, 小林高校〜一里山, 萩の茶屋〜小林高校, 小林駅〜宮交シティ・福祉センター〜宮崎空港, 小林駅〜宮交シティ〜学園短大・国際大, 小林高校〜宮交シティ・福祉センター〜宮崎空港"
神の郷温泉,小林市,種畜牧場循環線
上ノ原,小林市,野尻地区　紙屋①　（東新村行き）
下田ノ平,宮崎交通（株）,"小林駅〜宮崎駅, 小林駅〜宮交シティ, 小林駅〜野尻〜宮崎空港, 小林駅〜宮崎駅〜宮崎空港, 小林駅〜宮交シティ・福祉センター〜宮崎空港, 小林駅〜宮交シティ〜学園短大・国際大, 小林高校〜宮交シティ・福祉センター〜宮崎空港"
木場,宮崎交通（株）,"小林駅〜北原町〜西都城駅前バスセンター, イオン都城・西都城駅前バスセンター〜小林駅, 小林駅〜イオンモール〜西都城駅前バスセンター・イオン都城"
南今別府,小林市,野尻地区　紙屋②　（南今別府行き）
陣原,小林市,野尻地区　東麓②　（丸岡行き）
小丸,宮崎交通（株）,"小林駅〜宮崎駅, 小林駅〜宮交シティ, 小林駅〜野尻〜宮崎空港, 小林駅〜宮崎駅〜宮崎空港, 小林高校〜一里山, 萩の茶屋〜小林高校, 小林駅〜宮交シティ・福祉センター〜宮崎空港, 小林駅〜宮交シティ〜学園短大・国際大, 小林高校〜宮交シティ・福祉センター〜宮崎空港"
石瀬戸,宮崎交通（株）,"小林駅〜宮崎駅, 小林駅〜宮交シティ, 小林駅〜野尻〜宮崎空港, 小林駅〜宮崎駅〜宮崎空港, 小林高校〜一里山, 萩の茶屋〜小林高校, 小林駅〜宮交シティ・福祉センター〜宮崎空港, 小林駅〜宮交シティ〜学園短大・国際大, 小林高校〜宮交シティ・福祉センター〜宮崎空港"
金丸脳外科病院前,宮崎交通（株）,"綾〜北高校〜日大高校前, 日大高校〜北高〜綾, 東宮団地〜看護大〜古賀総合病院, 西希望ヶ丘〜宮交シティ・平和が丘団地〜古賀総合病院, 宮崎駅〜公立大前〜古賀総合病院, 宮交シティ〜平和が丘団地〜古賀総合病院, 宮交シティ〜平和が丘団地〜北高校, 東宮団地〜看護大〜北高校, 看護大学〜宮交シティ〜下畑・井上, 宮交シティ〜池内〜下畑・井上"
黒谷口,宮崎交通（株）,"小林駅〜宮崎駅, 小林駅〜宮交シティ, 小林駅〜野尻〜宮崎空港, 小林駅〜宮崎駅〜宮崎空港, 小林高校〜一里山, 小林駅〜宮交シティ・福祉センター〜宮崎空港, 小林駅〜宮交シティ〜学園短大・国際大, 小林高校〜宮交シティ・福祉センター〜宮崎空港"
花ヶ島団地入口,宮崎交通（株）,"宮崎大学〜宮交シティ〜高鍋バスセンター, 宮交シティ〜高鍋駅〜高鍋バスセンター, 日大高校〜新名爪・橘通〜宮交シティ, 新名爪〜宮交シティ, 宮交シティ-宮崎駅-光陽台, 宮崎駅-花ヶ島・大島通線〜石崎の杜歓鯨館, 看護大学〜宮交シティ〜高鍋バスセンター, 宮崎駅〜花ヶ島〜フェニックス自然動物園, 宮交シティ〜大島通線〜日大高校前, 西都バスセンター〜西佐土原〜宮交シティ, 西都バスセンター〜西佐土原〜宮崎駅, 学園短大・国際大〜宮交シティ〜西都バスセンター, 宮交シティ〜佐土原高校前, 尾頭〜花見・橘通〜日大高校, 生目台西3丁目〜県病院前〜日大高校, 宮交シティ〜西都バスセンター〜妻高校前, 西都バスセンター〜花ヶ島・宮交シティ〜国立東病院"
花ヶ島団地入口,高鍋町・木城町,宮交シティ〜高鍋〜木城温泉館湯らら
新田,宮崎交通（株）,"桜学園〜下高岡, 宮崎駅〜穆佐・祇園台・高岡温泉〜桜学園, 桜学園〜尾頭・祇園台・穆佐〜宮崎駅"
湯之元,小林市,野尻地区　三ヶ野山①　（東柿川内行き）
野尻中央病院前,宮崎交通（株）,"小林駅〜宮崎駅, 小林駅〜宮交シティ, 小林駅〜野尻〜宮崎空港, 小林駅〜宮崎駅〜宮崎空港, 小林高校〜一里山, 萩の茶屋〜小林高校, 小林駅〜宮交シティ・福祉センター〜宮崎空港, 小林駅〜宮交シティ〜学園短大・国際大, 小林高校〜宮交シティ・福祉センター〜宮崎空港"
竹原田,宮崎交通（株）,"綾〜西環状線・北高校〜日大高校前, 綾〜北高校〜日大高校前, 日大高校〜北高〜綾, 綾〜宮崎駅・文化の森〜日向学院前, 宮交シティ〜国富〜綾, 宮崎駅〜綾・酒泉の杜, 宮崎駅〜国富〜綾, 宮交シティ〜宮商経由〜綾, （ダ）宮崎駅〜綾・酒泉の杜, （ダ）宮交シティ〜橘橋〜綾・酒泉の杜"
広原,宮崎交通（株）,"役場前〜高原〜小林駅, 祓川〜広原・前野〜小林駅"
広原,高原町,祓川線
野尻庁舎,小林市,"野尻地区　三ヶ野山②　（西原行き）, 野尻地区　紙屋②　（南今別府行き）, 野尻地区　東麓①　（大平山行き）, 野尻地区　紙屋①　（東新村行き）, 野尻地区　東麓②　（丸岡行き）, 野尻地区　三ヶ野山①　（東柿川内行き）, 内山線"
公民館前,宮崎交通（株）,小林高校〜一里山
上竹山,小林市,種畜牧場循環線
シェラトングランデ,宮崎交通（株）,"宮交シティ〜大淀大橋・波島〜シーガイア, 大学病院〜木花台・宮崎駅〜フローランテ宮崎, 大学病院〜・福ゾーン・木花台・宮崎駅〜フローランテ宮崎, 大村入口〜宮崎駅〜フローランテ宮崎, 宮崎空港〜（一ツ葉有料道路）〜シーガイア, 宮交シティ・宮崎駅〜青葉通〜シーガイア, 宮交シティ・宮崎駅〜青葉通〜シーガイア・フローランテ宮崎, 宮崎空港〜宮崎駅・宮崎港〜シーガイア"
野尻,宮崎交通（株）,"小林駅〜宮崎駅, 小林駅〜宮交シティ, 小林駅〜野尻〜宮崎空港, 小林駅〜宮崎駅〜宮崎空港, 小林高校〜一里山, 萩の茶屋〜小林高校, 小林駅〜宮交シティ・福祉センター〜宮崎空港, 小林駅〜宮交シティ〜学園短大・国際大, 小林高校〜宮交シティ・福祉センター〜宮崎空港"
古宮田,宮崎交通（株）,"小林駅〜宮崎駅, 小林駅〜宮交シティ, 小林駅〜野尻〜宮崎空港, 小林駅〜宮崎駅〜宮崎空港, 小林駅〜宮交シティ・福祉センター〜宮崎空港, 小林駅〜宮交シティ〜学園短大・国際大, 小林高校〜宮交シティ・福祉センター〜宮崎空港"
東猿瀬,小林市,野尻地区　東麓②　（丸岡行き）
野崎東病院,宮崎交通（株）,宮崎駅〜野崎東病院〜フェニックス自然動物園
平和が丘団地,宮崎交通（株）,"平和が丘〜県病院前〜宮崎空港, 東宮団地〜看護大〜古賀総合病院, 西希望ヶ丘〜宮交シティ・平和が丘団地〜古賀総合病院, 宮崎駅〜公立大前〜古賀総合病院, 宮交シティ〜平和が丘団地〜古賀総合病院, 宮交シティ〜平和が丘団地〜北高校, 東宮団地〜看護大〜北高校, 看護大学〜宮交シティ〜下畑・井上, 宮交シティ〜池内〜下畑・井上, 宮交シティ〜平和が丘団地〜宮交シティ, 宮交シティ〜平和が丘団地〜西希望ヶ丘, 東宮団地〜平和が丘団地〜宮交シティ"
光運寺前,宮崎交通（株）,"小林駅〜宮崎駅, 小林駅〜宮交シティ, 小林駅〜野尻〜宮崎空港, 小林駅〜宮崎駅〜宮崎空港, 小林高校〜一里山, 萩の茶屋〜小林高校, 小林駅〜宮交シティ・福祉センター〜宮崎空港, 小林駅〜宮交シティ〜学園短大・国際大, 小林高校〜宮交シティ・福祉センター〜宮崎空港"
江田神社,宮崎交通（株）,"宮交シティ〜大淀大橋・波島〜シーガイア, 大学病院〜木花台・宮崎駅〜フローランテ宮崎, 大学病院〜・福ゾーン・木花台・宮崎駅〜フローランテ宮崎, 大村入口〜宮崎駅〜フローランテ宮崎, 市民の森〜青葉通・宮交シティ〜学園短大・国際大, 宮交シティ・宮崎駅〜青葉通〜シーガイア, 宮交シティ・宮崎駅〜青葉通〜シーガイア・フローランテ宮崎, 宮交シティ〜大淀大橋・宮崎駅〜波島・市民の森, 宮交シティ〜橘通・江田原〜市民の森, 宮交シティ〜宮崎駅〜波島・フェニックス自然動物園・波島〜宮崎駅〜宮交シティ"
平和が丘団地入口,宮崎交通（株）,"綾〜北高校〜日大高校前, 日大高校〜北高〜綾, 平和が丘〜県病院前〜宮崎空港, 東宮団地〜看護大〜古賀総合病院, 西希望ヶ丘〜宮交シティ・平和が丘団地〜古賀総合病院, 宮崎駅〜公立大前〜古賀総合病院, 宮交シティ〜平和が丘団地〜古賀総合病院, 宮交シティ〜平和が丘団地〜北高校, 東宮団地〜看護大〜北高校, 看護大学〜宮交シティ〜下畑・井上, 宮交シティ〜池内〜下畑・井上, 宮交シティ〜平和が丘団地〜宮交シティ, 宮交シティ〜平和が丘団地〜西希望ヶ丘, 東宮団地〜平和が丘団地〜宮交シティ"
のじりこぴあ,宮崎交通（株）,"小林駅〜宮崎駅, 小林駅〜宮交シティ, 小林駅〜野尻〜宮崎空港, 小林駅〜宮崎駅〜宮崎空港, 小林高校〜一里山, 萩の茶屋〜小林高校, 小林駅〜宮交シティ・福祉センター〜宮崎空港, 小林駅〜宮交シティ〜学園短大・国際大, 小林高校〜宮交シティ・福祉センター〜宮崎空港"
のじりこぴあ,小林市,"野尻地区　紙屋②　（南今別府行き）, 野尻地区　紙屋①　（東新村行き）"
野尻校前,宮崎交通（株）,"小林駅〜宮崎駅, 小林駅〜宮交シティ, 小林駅〜野尻〜宮崎空港, 小林駅〜宮崎駅〜宮崎空港, 小林高校〜一里山, 萩の茶屋〜小林高校, 小林駅〜宮交シティ・福祉センター〜宮崎空港, 小林駅〜宮交シティ〜学園短大・国際大, 小林高校〜宮交シティ・福祉センター〜宮崎空港"
久木野,宮崎交通（株）,小林高校〜一里山
天ヶ谷,宮崎交通（株）,"小林駅〜宮崎駅, 小林駅〜宮交シティ, 小林駅〜野尻〜宮崎空港, 小林駅〜宮崎駅〜宮崎空港, 小林高校〜一里山, 萩の茶屋〜小林高校, 小林駅〜宮交シティ・福祉センター〜宮崎空港, 小林駅〜宮交シティ〜学園短大・国際大, 小林高校〜宮交シティ・福祉センター〜宮崎空港"
松山口,宮崎交通（株）,"小林駅〜宮崎駅, 小林駅〜宮交シティ, 小林駅〜野尻〜宮崎空港, 小林駅〜宮崎駅〜宮崎空港, 小林高校〜一里山, 萩の茶屋〜小林高校, 小林駅〜宮交シティ・福祉センター〜宮崎空港, 小林駅〜宮交シティ〜学園短大・国際大, 小林高校〜宮交シティ・福祉センター〜宮崎空港"
下広原,宮崎交通（株）,"役場前〜高原〜小林駅, 祓川〜広原・前野〜小林駅"
平和が丘西町,宮崎交通（株）,"平和が丘〜県病院前〜宮崎空港, 東宮団地〜看護大〜古賀総合病院, 西希望ヶ丘〜宮交シティ・平和が丘団地〜古賀総合病院, 宮崎駅〜公立大前〜古賀総合病院, 宮交シティ〜平和が丘団地〜古賀総合病院, 宮交シティ〜平和が丘団地〜北高校, 東宮団地〜看護大〜北高校, 看護大学〜宮交シティ〜下畑・井上, 宮交シティ〜池内〜下畑・井上, 宮交シティ〜平和が丘団地〜宮交シティ, 宮交シティ〜平和が丘団地〜西希望ヶ丘, 東宮団地〜平和が丘団地〜宮交シティ"
下山中,小林市,種畜牧場循環線
坂の下,宮崎交通（株）,"宮崎駅〜花見〜雀ケ野, 宮崎駅〜花見〜尾頭, 尾頭〜花見・橘通〜日大高校, 尾頭〜花見・宮崎駅・文化の森〜日向学院前, 西高前〜花見・国富〜綾"
天神丁,小林市,野尻地区　紙屋②　（南今別府行き）
下高岡,宮崎交通（株）,"小林駅〜宮崎駅, 小林駅〜宮交シティ, 小林駅〜野尻〜宮崎空港, 小林駅〜宮崎駅〜宮崎空港, 小林駅〜宮交シティ・福祉センター〜宮崎空港, 尾頭〜穆佐・大橋〜宮崎駅, 宮崎駅〜花見〜雀ケ野, 宮崎駅〜花見〜尾頭, 宮崎駅〜祇園台・穆佐〜尾頭, 医師会病院〜小松台〜宮交シティ, 桜学園〜下高岡, 尾頭〜花見・橘通〜日大高校, 宮崎駅〜大塚台・細江〜尾頭, 尾頭〜穆佐・祇園台・大橋〜宮崎駅〜宮崎学園前, 尾頭〜花見・宮崎駅・文化の森〜日向学院前, 西高前〜花見・国富〜綾, 小林駅〜宮交シティ〜学園短大・国際大, 小林高校〜宮交シティ・福祉センター〜宮崎空港, 宮崎駅〜穆佐・祇園台・高岡温泉〜桜学園, 桜学園〜尾頭・祇園台・穆佐〜宮崎駅"
黒園原,小林市,野尻地区　紙屋②　（南今別府行き）
北花ヶ島,宮崎交通（株）,"宮崎大学〜宮交シティ〜高鍋バスセンター, 宮交シティ〜高鍋駅〜高鍋バスセンター, 日大高校〜新名爪・橘通〜宮交シティ, 新名爪〜宮交シティ, 宮交シティ-宮崎駅-光陽台, 宮崎駅-花ヶ島・大島通線〜石崎の杜歓鯨館, 看護大学〜宮交シティ〜高鍋バスセンター, 宮崎駅〜花ヶ島〜フェニックス自然動物園, 宮交シティ〜大島通線〜日大高校前, 西都バスセンター〜西佐土原〜宮交シティ, 西都バスセンター〜西佐土原〜宮崎駅, 学園短大・国際大〜宮交シティ〜西都バスセンター, 宮交シティ〜佐土原高校前, 尾頭〜花見・橘通〜日大高校, 生目台西3丁目〜県病院前〜日大高校, 宮交シティ〜西都バスセンター〜妻高校前, 西都バスセンター〜花ヶ島・宮交シティ〜国立東病院"
北花ヶ島,高鍋町・木城町,宮交シティ〜高鍋〜木城温泉館湯らら
高岡,宮崎交通（株）,"小林駅〜宮崎駅, 小林駅〜宮交シティ, 小林駅〜野尻〜宮崎空港, 小林駅〜宮崎駅〜宮崎空港, 小林駅〜宮交シティ・福祉センター〜宮崎空港, 尾頭〜穆佐・大橋〜宮崎駅, 宮崎駅〜花見〜雀ケ野, 宮崎駅〜花見〜尾頭, 宮崎駅〜祇園台・穆佐〜尾頭, 医師会病院〜小松台〜宮交シティ, 桜学園〜下高岡, 尾頭〜花見・橘通〜日大高校, 宮崎駅〜大塚台・細江〜尾頭, 尾頭〜穆佐・祇園台・大橋〜宮崎駅〜宮崎学園前, 尾頭〜花見・宮崎駅・文化の森〜日向学院前, 西高前〜花見・国富〜綾, 小林駅〜宮交シティ〜学園短大・国際大, 小林高校〜宮交シティ・福祉センター〜宮崎空港, 宮崎駅〜穆佐・祇園台・高岡温泉〜桜学園, 桜学園〜尾頭・祇園台・穆佐〜宮崎駅"
高岡本町,宮崎交通（株）,"小林駅〜宮崎駅, 小林駅〜宮交シティ, 小林駅〜野尻〜宮崎空港, 小林駅〜宮崎駅〜宮崎空港, 小林駅〜宮交シティ・福祉センター〜宮崎空港, 尾頭〜穆佐・大橋〜宮崎駅, 宮崎駅〜花見〜雀ケ野, 宮崎駅〜花見〜尾頭, 宮崎駅〜祇園台・穆佐〜尾頭, 医師会病院〜小松台〜宮交シティ, 桜学園〜下高岡, 尾頭〜花見・橘通〜日大高校, 宮崎駅〜大塚台・細江〜尾頭, 尾頭〜穆佐・祇園台・大橋〜宮崎駅〜宮崎学園前, 尾頭〜花見・宮崎駅・文化の森〜日向学院前, 西高前〜花見・国富〜綾, 小林駅〜宮交シティ〜学園短大・国際大, 小林高校〜宮交シティ・福祉センター〜宮崎空港, 宮崎駅〜穆佐・祇園台・高岡温泉〜桜学園, 桜学園〜尾頭・祇園台・穆佐〜宮崎駅"
県営住宅前,宮崎交通（株）,"平和が丘〜県病院前〜宮崎空港, 東宮団地〜看護大〜古賀総合病院, 西希望ヶ丘〜宮交シティ・平和が丘団地〜古賀総合病院, 宮崎駅〜公立大前〜古賀総合病院, 宮交シティ〜平和が丘団地〜古賀総合病院, 宮交シティ〜平和が丘団地〜北高校, 東宮団地〜看護大〜北高校, 看護大学〜宮交シティ〜下畑・井上, 宮交シティ〜池内〜下畑・井上, 宮交シティ〜平和が丘団地〜宮交シティ, 宮交シティ〜平和が丘団地〜西希望ヶ丘, 東宮団地〜平和が丘団地〜宮交シティ"
高岡小入口,宮崎交通（株）,"小林駅〜宮崎駅, 小林駅〜宮交シティ, 小林駅〜野尻〜宮崎空港, 小林駅〜宮崎駅〜宮崎空港, 小林駅〜宮交シティ・福祉センター〜宮崎空港, 尾頭〜穆佐・大橋〜宮崎駅, 宮崎駅〜花見〜雀ケ野, 宮崎駅〜花見〜尾頭, 宮崎駅〜祇園台・穆佐〜尾頭, 医師会病院〜小松台〜宮交シティ, 桜学園〜下高岡, 尾頭〜花見・橘通〜日大高校, 宮崎駅〜大塚台・細江〜尾頭, 尾頭〜穆佐・祇園台・大橋〜宮崎駅〜宮崎学園前, 尾頭〜花見・宮崎駅・文化の森〜日向学院前, 西高前〜花見・国富〜綾, 小林駅〜宮交シティ〜学園短大・国際大, 小林高校〜宮交シティ・福祉センター〜宮崎空港, 宮崎駅〜穆佐・祇園台・高岡温泉〜桜学園, 桜学園〜尾頭・祇園台・穆佐〜宮崎駅"
阿母ヶ平温泉入口,宮崎交通（株）,"小林駅〜北原町〜西都城駅前バスセンター, イオン都城・西都城駅前バスセンター〜小林駅, 小林駅〜イオンモール〜西都城駅前バスセンター・イオン都城"
東柿川内,小林市,野尻地区　三ヶ野山①　（東柿川内行き）
フローランテ宮崎,宮崎交通（株）,"大学病院〜木花台・宮崎駅〜フローランテ宮崎, 大学病院〜・福ゾーン・木花台・宮崎駅〜フローランテ宮崎, 大村入口〜宮崎駅〜フローランテ宮崎, 宮交シティ・宮崎駅〜青葉通〜シーガイア・フローランテ宮崎"
松山,小林市,野尻地区　紙屋②　（南今別府行き）
栄・佐々木病院前,宮崎交通（株）,宮崎駅〜野崎東病院〜フェニックス自然動物園
深水,宮崎交通（株）,"小林駅〜宮崎駅, 小林駅〜宮交シティ, 小林駅〜野尻〜宮崎空港, 小林駅〜宮崎駅〜宮崎空港, 小林駅〜宮交シティ・福祉センター〜宮崎空港, 小林駅〜宮交シティ〜学園短大・国際大, 小林高校〜宮交シティ・福祉センター〜宮崎空港"
柏田,宮崎交通（株）,"綾〜北高校〜日大高校前, 日大高校〜北高〜綾, 綾〜宮崎駅・文化の森〜日向学院前, 宮交シティ〜国富〜綾, 宮崎駅〜綾・酒泉の杜, 宮崎駅〜国富〜綾, 宮交シティ〜宮商経由〜綾, （ダ）宮崎駅〜綾・酒泉の杜, （ダ）宮交シティ〜橘橋〜綾・酒泉の杜"
法ヶ代,宮崎交通（株）,"小林駅〜宮崎駅, 小林駅〜宮交シティ, 小林駅〜野尻〜宮崎空港, 小林駅〜宮崎駅〜宮崎空港, 小林駅〜宮交シティ・福祉センター〜宮崎空港, 小林駅〜宮交シティ〜学園短大・国際大, 小林高校〜宮交シティ・福祉センター〜宮崎空港"
上高岡,宮崎交通（株）,"小林駅〜宮崎駅, 小林駅〜宮交シティ, 小林駅〜野尻〜宮崎空港, 小林駅〜宮崎駅〜宮崎空港, 小林駅〜宮交シティ・福祉センター〜宮崎空港, 尾頭〜穆佐・大橋〜宮崎駅, 宮崎駅〜花見〜雀ケ野, 宮崎駅〜花見〜尾頭, 宮崎駅〜祇園台・穆佐〜尾頭, 医師会病院〜小松台〜宮交シティ, 桜学園〜下高岡, 尾頭〜花見・橘通〜日大高校, 宮崎駅〜大塚台・細江〜尾頭, 尾頭〜穆佐・祇園台・大橋〜宮崎駅〜宮崎学園前, 尾頭〜花見・宮崎駅・文化の森〜日向学院前, 西高前〜花見・国富〜綾, 小林駅〜宮交シティ〜学園短大・国際大, 小林高校〜宮交シティ・福祉センター〜宮崎空港, 宮崎駅〜穆佐・祇園台・高岡温泉〜桜学園, 桜学園〜尾頭・祇園台・穆佐〜宮崎駅"
三福神,宮崎交通（株）,"役場前〜高原〜小林駅, 祓川〜広原・前野〜小林駅"
高浜,宮崎交通（株）,"尾頭〜穆佐・大橋〜宮崎駅, 宮崎駅〜祇園台・穆佐〜尾頭, 医師会病院〜小松台〜宮交シティ, 宮崎駅〜大塚台・細江〜尾頭, 尾頭〜穆佐・祇園台・大橋〜宮崎駅〜宮崎学園前, 宮崎駅〜穆佐・祇園台・高岡温泉〜桜学園, 桜学園〜尾頭・祇園台・穆佐〜宮崎駅"
浜子,宮崎交通（株）,"小林駅〜宮崎駅, 小林駅〜宮交シティ, 小林駅〜野尻〜宮崎空港, 小林駅〜宮崎駅〜宮崎空港, 小林駅〜宮交シティ・福祉センター〜宮崎空港, 尾頭〜穆佐・大橋〜宮崎駅, 宮崎駅〜花見〜尾頭, 宮崎駅〜祇園台・穆佐〜尾頭, 医師会病院〜小松台〜宮交シティ, 桜学園〜下高岡, 尾頭〜花見・橘通〜日大高校, 宮崎駅〜大塚台・細江〜尾頭, 尾頭〜穆佐・祇園台・大橋〜宮崎駅〜宮崎学園前, 尾頭〜花見・宮崎駅・文化の森〜日向学院前, 西高前〜花見・国富〜綾, 小林駅〜宮交シティ〜学園短大・国際大, 小林高校〜宮交シティ・福祉センター〜宮崎空港, 宮崎駅〜穆佐・祇園台・高岡温泉〜桜学園, 桜学園〜尾頭・祇園台・穆佐〜宮崎駅"
山崎,宮崎交通（株）,"宮交シティ〜大淀大橋・波島〜シーガイア, 大学病院〜木花台・宮崎駅〜フローランテ宮崎, 大学病院〜・福ゾーン・木花台・宮崎駅〜フローランテ宮崎, 大村入口〜宮崎駅〜フローランテ宮崎, 市民の森〜青葉通・宮交シティ〜学園短大・国際大, 宮交シティ・宮崎駅〜青葉通〜シーガイア, 宮交シティ・宮崎駅〜青葉通〜シーガイア・フローランテ宮崎, 宮交シティ〜大淀大橋・宮崎駅〜波島・市民の森, 宮交シティ〜橘通・江田原〜市民の森, 宮交シティ〜宮崎駅〜波島・フェニックス自然動物園・波島〜宮崎駅〜宮交シティ"
山中,小林市,種畜牧場循環線
陣の平,宮崎交通（株）,"綾〜北高校〜日大高校前, 日大高校〜北高〜綾, 平和が丘〜県病院前〜宮崎空港, 東宮団地〜看護大〜古賀総合病院, 西希望ヶ丘〜宮交シティ・平和が丘団地〜古賀総合病院, 宮崎駅〜公立大前〜古賀総合病院, 宮交シティ〜平和が丘団地〜古賀総合病院, 宮交シティ〜平和が丘団地〜北高校, 東宮団地〜看護大〜北高校, 看護大学〜宮交シティ〜下畑・井上, 宮交シティ〜池内〜下畑・井上, 宮交シティ〜平和が丘団地〜宮交シティ, 宮交シティ〜平和が丘団地〜西希望ヶ丘, 東宮団地〜平和が丘団地〜宮交シティ"
村角,宮崎交通（株）,"宮交シティ〜大淀大橋・波島〜シーガイア, 宮交シティ〜大淀大橋・宮崎駅〜波島・市民の森, 宮交シティ〜宮崎駅〜波島・フェニックス自然動物園・波島〜宮崎駅〜宮交シティ"
立神,小林市,野尻地区　紙屋②　（南今別府行き）
原園,宮崎交通（株）,宮崎駅〜花見〜雀ケ野
上北方,宮崎交通（株）,"綾〜北高校〜日大高校前, 日大高校〜北高〜綾, 綾〜宮崎駅・文化の森〜日向学院前, 宮交シティ〜国富〜綾, 宮崎駅〜綾・酒泉の杜, 宮崎駅〜国富〜綾, 宮交シティ〜宮商経由〜綾, （ダ）宮崎駅〜綾・酒泉の杜, （ダ）宮交シティ〜橘橋〜綾・酒泉の杜"
尾頭,宮崎交通（株）,"小林駅〜宮崎駅, 小林駅〜宮交シティ, 小林駅〜野尻〜宮崎空港, 小林駅〜宮崎駅〜宮崎空港, 小林駅〜宮交シティ・福祉センター〜宮崎空港, 尾頭〜穆佐・大橋〜宮崎駅, 宮崎駅〜花見〜尾頭, 宮崎駅〜祇園台・穆佐〜尾頭, 医師会病院〜小松台〜宮交シティ, 桜学園〜下高岡, 尾頭〜花見・橘通〜日大高校, 宮崎駅〜大塚台・細江〜尾頭, 尾頭〜穆佐・祇園台・大橋〜宮崎駅〜宮崎学園前, 尾頭〜花見・宮崎駅・文化の森〜日向学院前, 小林駅〜宮交シティ〜学園短大・国際大, 小林高校〜宮交シティ・福祉センター〜宮崎空港, 宮崎駅〜穆佐・祇園台・高岡温泉〜桜学園, 桜学園〜尾頭・祇園台・穆佐〜宮崎駅"
中花ヶ島,宮崎交通（株）,"宮崎大学〜宮交シティ〜高鍋バスセンター, 宮交シティ〜高鍋駅〜高鍋バスセンター, 日大高校〜新名爪・橘通〜宮交シティ, 新名爪〜宮交シティ, 宮交シティ-宮崎駅-光陽台, 宮崎駅-花ヶ島・大島通線〜石崎の杜歓鯨館, 看護大学〜宮交シティ〜高鍋バスセンター, 宮崎駅〜花ヶ島〜フェニックス自然動物園, 宮交シティ〜大島通線〜日大高校前, 西都バスセンター〜西佐土原〜宮交シティ, 西都バスセンター〜西佐土原〜宮崎駅, 学園短大・国際大〜宮交シティ〜西都バスセンター, 宮交シティ〜佐土原高校前, 尾頭〜花見・橘通〜日大高校, 生目台西3丁目〜県病院前〜日大高校, 宮交シティ〜西都バスセンター〜妻高校前, 西都バスセンター〜花ヶ島・宮交シティ〜国立東病院"
中花ヶ島,高鍋町・木城町,宮交シティ〜高鍋〜木城温泉館湯らら
池ノ尾,小林市,野尻地区　紙屋②　（南今別府行き）
島崎,宮崎交通（株）,"ニトリモール宮崎・宮交シティ〜記念病院〜有田・宮の下, 宮交シティ〜橘通・記念病院〜有田・宮の下"
梁瀬口,宮崎交通（株）,"小林駅〜宮崎駅, 小林駅〜宮交シティ, 小林駅〜野尻〜宮崎空港, 小林駅〜宮崎駅〜宮崎空港, 小林駅〜宮交シティ・福祉センター〜宮崎空港, 小林駅〜宮交シティ〜学園短大・国際大, 小林高校〜宮交シティ・福祉センター〜宮崎空港"
粟野神社前,宮崎交通（株）,"小林駅〜宮崎駅, 小林駅〜宮交シティ, 小林駅〜野尻〜宮崎空港, 小林駅〜宮崎駅〜宮崎空港, 小林駅〜宮交シティ・福祉センター〜宮崎空港, 宮崎駅〜花見〜雀ケ野, 宮崎駅〜花見〜尾頭, 尾頭〜花見・橘通〜日大高校, 尾頭〜花見・宮崎駅・文化の森〜日向学院前, 西高前〜花見・国富〜綾, 小林駅〜宮交シティ〜学園短大・国際大, 小林高校〜宮交シティ・福祉センター〜宮崎空港"
有田,宮崎交通（株）,"ニトリモール宮崎・宮交シティ〜記念病院〜有田・宮の下, 宮交シティ〜橘通・記念病院〜有田・宮の下"
月知梅,宮崎交通（株）,"尾頭〜穆佐・大橋〜宮崎駅, 宮崎駅〜祇園台・穆佐〜尾頭, 医師会病院〜小松台〜宮交シティ, 宮崎駅〜大塚台・細江〜尾頭, 尾頭〜穆佐・祇園台・大橋〜宮崎駅〜宮崎学園前, 宮崎駅〜穆佐・祇園台・高岡温泉〜桜学園, 桜学園〜尾頭・祇園台・穆佐〜宮崎駅"
境別府,小林市,野尻地区　紙屋①　（東新村行き）
有田研修センター前,宮崎交通（株）,"ニトリモール宮崎・宮交シティ〜記念病院〜有田・宮の下, 宮交シティ〜橘通・記念病院〜有田・宮の下"
山崎住宅入口,宮崎交通（株）,"宮交シティ〜大淀大橋・波島〜シーガイア, 宮交シティ〜大淀大橋・宮崎駅〜波島・市民の森, 宮交シティ〜宮崎駅〜波島・フェニックス自然動物園・波島〜宮崎駅〜宮交シティ"
新木場,宮崎交通（株）,小林高校〜一里山
下堤,宮崎交通（株）,"小林駅〜北原町〜西都城駅前バスセンター, イオン都城・西都城駅前バスセンター〜小林駅, 小林駅〜イオンモール〜西都城駅前バスセンター・イオン都城"
新赤谷,宮崎交通（株）,"小林駅〜宮崎駅, 小林駅〜宮交シティ, 小林駅〜野尻〜宮崎空港, 小林駅〜宮崎駅〜宮崎空港, 小林駅〜宮交シティ・福祉センター〜宮崎空港, 小林駅〜宮交シティ〜学園短大・国際大, 小林高校〜宮交シティ・福祉センター〜宮崎空港"
赤谷,宮崎交通（株）,宮崎駅〜花見〜雀ケ野
牟田原,小林市,野尻地区　東麓②　（丸岡行き）
坂の下,宮崎交通（株）,"ニトリモール宮崎・宮交シティ〜記念病院〜有田・宮の下, 宮交シティ〜橘通・記念病院〜有田・宮の下"
宮の下,宮崎交通（株）,"ニトリモール宮崎・宮交シティ〜記念病院〜有田・宮の下, 宮交シティ〜橘通・記念病院〜有田・宮の下"
陣の下,宮崎交通（株）,"綾〜北高校〜日大高校前, 日大高校〜北高〜綾, 平和が丘〜県病院前〜宮崎空港, 東宮団地〜看護大〜古賀総合病院, 西希望ヶ丘〜宮交シティ・平和が丘団地〜古賀総合病院, 宮崎駅〜公立大前〜古賀総合病院, 宮交シティ〜平和が丘団地〜古賀総合病院, 宮交シティ〜平和が丘団地〜北高校, 東宮団地〜看護大〜北高校, 看護大学〜宮交シティ〜下畑・井上, 宮交シティ〜池内〜下畑・井上, 宮交シティ〜平和が丘団地〜宮交シティ, 宮交シティ〜平和が丘団地〜西希望ヶ丘, 東宮団地〜平和が丘団地〜宮交シティ"
仮屋,宮崎交通（株）,"ニトリモール宮崎・宮交シティ〜記念病院〜有田・宮の下, 宮交シティ〜橘通・記念病院〜有田・宮の下"
下粟野,宮崎交通（株）,"宮崎駅〜花見〜雀ケ野, 宮崎駅〜花見〜尾頭, 尾頭〜花見・橘通〜日大高校, 尾頭〜花見・宮崎駅・文化の森〜日向学院前, 西高前〜花見・国富〜綾"
東大宮コミュニティー,宮崎交通（株）,宮崎駅〜野崎東病院〜フェニックス自然動物園
花ヶ島,宮崎交通（株）,"宮崎大学〜宮交シティ〜高鍋バスセンター, 宮交シティ〜高鍋駅〜高鍋バスセンター, 日大高校〜新名爪・橘通〜宮交シティ, 新名爪〜宮交シティ, 宮交シティ-宮崎駅-光陽台, 宮崎駅-花ヶ島・大島通線〜石崎の杜歓鯨館, 看護大学〜宮交シティ〜高鍋バスセンター, 宮崎駅〜花ヶ島〜フェニックス自然動物園, 宮交シティ〜大島通線〜日大高校前, 西都バスセンター〜西佐土原〜宮交シティ, 西都バスセンター〜西佐土原〜宮崎駅, 学園短大・国際大〜宮交シティ〜西都バスセンター, 宮交シティ〜佐土原高校前, 尾頭〜花見・橘通〜日大高校, 生目台西3丁目〜県病院前〜日大高校, 宮交シティ〜西都バスセンター〜妻高校前, 西都バスセンター〜花ヶ島・宮交シティ〜国立東病院"
花ヶ島,高鍋町・木城町,宮交シティ〜高鍋〜木城温泉館湯らら
前の原,宮崎交通（株）,"役場前〜高原〜小林駅, 祓川〜広原・前野〜小林駅"
一里山,宮崎交通（株）,小林高校〜一里山
下赤谷,宮崎交通（株）,宮崎駅〜花見〜雀ケ野
茶屋,宮崎交通（株）,"ニトリモール宮崎・宮交シティ〜記念病院〜有田・宮の下, 宮交シティ〜橘通・記念病院〜有田・宮の下"
大淀川学習館前,宮崎交通（株）,"綾〜北高校〜日大高校前, 日大高校〜北高〜綾, 綾〜宮崎駅・文化の森〜日向学院前, 宮交シティ〜国富〜綾, 宮崎駅〜綾・酒泉の杜, 宮崎駅〜国富〜綾, 宮交シティ〜宮商経由〜綾, （ダ）宮崎駅〜綾・酒泉の杜, （ダ）宮交シティ〜橘橋〜綾・酒泉の杜"
狩野,宮崎交通（株）,宮崎駅〜花見〜雀ケ野
平和台公園レストハウス前,宮崎交通（株）,"引土街区公園・柳丸町〜青葉町〜平和台・平和台公園, 宮崎駅東口〜昭和町〜平和台・平和台公園"
雁ヶ音団地,宮崎交通（株）,"雁ヶ音団地〜宮崎駅・橘通・大淀大橋〜宮交シティ, 宮交シティ〜大淀大橋・橘通・宮崎駅〜波島・雁ヶ音団地"
丸岡,小林市,野尻地区　東麓②　（丸岡行き）
榎丸,宮崎交通（株）,宮崎駅〜野崎東病院〜フェニックス自然動物園
下村角,宮崎交通（株）,"宮交シティ〜大淀大橋・波島〜シーガイア, 宮交シティ〜大淀大橋・宮崎駅〜波島・市民の森, 宮交シティ〜宮崎駅〜波島・フェニックス自然動物園・波島〜宮崎駅〜宮交シティ"
南山崎,宮崎交通（株）,"大学病院〜木花台・宮崎駅〜フローランテ宮崎, 大学病院〜・福ゾーン・木花台・宮崎駅〜フローランテ宮崎, 大村入口〜宮崎駅〜フローランテ宮崎, 市民の森〜青葉通・宮交シティ〜学園短大・国際大, 宮交シティ・宮崎駅〜青葉通〜シーガイア, 宮交シティ・宮崎駅〜青葉通〜シーガイア・フローランテ宮崎, 宮交シティ〜橘通・江田原〜市民の森"
生目の杜運動公園北,宮崎交通（株）,"宮交シティ〜小松台・悠楽園〜富吉車庫, 宮交シティ〜小松台〜医師会病院・富吉車庫"
下富吉,宮崎交通（株）,"宮交シティ〜生目神社〜富吉車庫, 富吉車庫・生目神社〜南宮崎駅, 富吉車庫・生目神社〜県病院前・宮崎駅・太田町〜南宮崎駅"
花見工業団地入口,宮崎交通（株）,"小林駅〜宮崎駅, 小林駅〜宮交シティ, 小林駅〜野尻〜宮崎空港, 小林駅〜宮崎駅〜宮崎空港, 小林駅〜宮交シティ・福祉センター〜宮崎空港, 宮崎駅〜花見〜雀ケ野, 宮崎駅〜花見〜尾頭, 尾頭〜花見・橘通〜日大高校, 尾頭〜花見・宮崎駅・文化の森〜日向学院前, 西高前〜花見・国富〜綾, 小林駅〜宮交シティ〜学園短大・国際大, 小林高校〜宮交シティ・福祉センター〜宮崎空港"
富吉車庫,宮崎交通（株）,"宮交シティ〜生目神社〜富吉車庫, 富吉車庫・生目神社〜南宮崎駅, 富吉車庫・生目神社〜県病院前・宮崎駅・太田町〜南宮崎駅, 宮交シティ〜小松台・悠楽園〜富吉車庫, 宮交シティ〜小松台〜医師会病院・富吉車庫"
平和台下,宮崎交通（株）,"綾〜北高校〜日大高校前, 日大高校〜北高〜綾, 平和が丘〜県病院前〜宮崎空港, 東宮団地〜看護大〜古賀総合病院, 西希望ヶ丘〜宮交シティ・平和が丘団地〜古賀総合病院, 宮崎駅〜公立大前〜古賀総合病院, 宮交シティ〜平和が丘団地〜古賀総合病院, 宮交シティ〜平和が丘団地〜北高校, 東宮団地〜看護大〜北高校, 看護大学〜宮交シティ〜下畑・井上, 宮交シティ〜池内〜下畑・井上, 宮交シティ〜平和が丘団地〜宮交シティ, 宮交シティ〜平和が丘団地〜西希望ヶ丘, 東宮団地〜平和が丘団地〜宮交シティ"
えびの高原,鹿児島交通（株）,丸尾〜高千穂河原〜丸尾
生目の杜遊古館,宮崎交通（株）,宮交シティ〜橘通・記念病院〜生目の杜運動公園
後谷,宮崎交通（株）,"小林駅〜北原町〜西都城駅前バスセンター, イオン都城・西都城駅前バスセンター〜小林駅, 小林駅〜イオンモール〜西都城駅前バスセンター・イオン都城"
雁ヶ音団地入口,宮崎交通（株）,"雁ヶ音団地〜宮崎駅・橘通・大淀大橋〜宮交シティ, 宮交シティ〜大淀大橋・橘通・宮崎駅〜波島・雁ヶ音団地"
宮崎B・S,宮崎交通（株）,"宮交シティ〜東九州道〜高千穂バスセンター・高千穂大橋, 高千穂大橋・高千穂バスセンター〜東九州道〜宮崎空港・宮崎駅"
平和台,宮崎交通（株）,"宮交シティ〜橘通〜平和台, 引土街区公園・柳丸町〜青葉町〜平和台・平和台公園, 引土街区公園・柳丸町〜青葉町〜平和台, 宮崎駅東口〜昭和町〜平和台・平和台公園, 宮崎駅東口〜昭和町〜平和台, 宮崎駅〜県病院前〜平和台"
南花ヶ島,高鍋町・木城町,宮交シティ〜高鍋〜木城温泉館湯らら
温谷,宮崎交通（株）,"役場前〜高原〜小林駅, 祓川〜広原・前野〜小林駅"
温谷,高原町,祓川線
川原田口,宮崎交通（株）,宮崎駅〜花見〜雀ケ野
中角,宮崎交通（株）,"尾頭〜穆佐・大橋〜宮崎駅, 宮崎駅〜花見〜雀ケ野, 宮崎駅〜花見〜尾頭, 宮崎駅〜祇園台・穆佐〜尾頭, 医師会病院〜小松台〜宮交シティ, 尾頭〜花見・橘通〜日大高校, 尾頭〜穆佐・祇園台・大橋〜宮崎駅〜宮崎学園前, 尾頭〜花見・宮崎駅・文化の森〜日向学院前, 宮崎駅〜穆佐・祇園台・高岡温泉〜桜学園, 桜学園〜尾頭・祇園台・穆佐〜宮崎駅"
沖之尾,小林市,野尻地区　紙屋②　（南今別府行き）
つつじケ丘,鹿児島交通（株）,丸尾〜高千穂河原〜丸尾
富吉,宮崎交通（株）,"尾頭〜穆佐・大橋〜宮崎駅, 宮崎駅〜花見〜雀ケ野, 宮崎駅〜花見〜尾頭, 宮崎駅〜祇園台・穆佐〜尾頭, 医師会病院〜小松台〜宮交シティ, 尾頭〜花見・橘通〜日大高校, 尾頭〜穆佐・祇園台・大橋〜宮崎駅〜宮崎学園前, 尾頭〜花見・宮崎駅・文化の森〜日向学院前, 宮崎駅〜穆佐・祇園台・高岡温泉〜桜学園, 桜学園〜尾頭・祇園台・穆佐〜宮崎駅"
星柳,小林市,野尻地区　紙屋②　（南今別府行き）
萩原,宮崎交通（株）,"尾頭〜穆佐・大橋〜宮崎駅, 宮崎駅〜祇園台・穆佐〜尾頭, 医師会病院〜小松台〜宮交シティ, 宮崎駅〜大塚台・細江〜尾頭, 尾頭〜穆佐・祇園台・大橋〜宮崎駅〜宮崎学園前, 宮崎駅〜穆佐・祇園台・高岡温泉〜桜学園, 桜学園〜尾頭・祇園台・穆佐〜宮崎駅"
花見,宮崎交通（株）,"小林駅〜宮崎駅, 小林駅〜宮交シティ, 小林駅〜野尻〜宮崎空港, 小林駅〜宮崎駅〜宮崎空港, 小林駅〜宮交シティ・福祉センター〜宮崎空港, 宮崎駅〜花見〜雀ケ野, 宮崎駅〜花見〜尾頭, 尾頭〜花見・橘通〜日大高校, 尾頭〜花見・宮崎駅・文化の森〜日向学院前, 西高前〜花見・国富〜綾, 小林駅〜宮交シティ〜学園短大・国際大, 小林高校〜宮交シティ・福祉センター〜宮崎空港"
南花ヶ島,宮崎交通（株）,"宮崎大学〜宮交シティ〜高鍋バスセンター, 宮交シティ〜高鍋駅〜高鍋バスセンター, 日大高校〜新名爪・橘通〜宮交シティ, 新名爪〜宮交シティ, 宮交シティ-宮崎駅-光陽台, 宮崎駅-花ヶ島・大島通線〜石崎の杜歓鯨館, 看護大学〜宮交シティ〜高鍋バスセンター, 宮崎駅〜花ヶ島〜フェニックス自然動物園, 宮交シティ〜大島通線〜日大高校前, 西都バスセンター〜西佐土原〜宮交シティ, 西都バスセンター〜西佐土原〜宮崎駅, 学園短大・国際大〜宮交シティ〜西都バスセンター, 宮交シティ〜佐土原高校前, 尾頭〜花見・橘通〜日大高校, 生目台西3丁目〜県病院前〜日大高校, 宮交シティ〜西都バスセンター〜妻高校前, 西都バスセンター〜花ヶ島・宮交シティ〜国立東病院"
上花見,宮崎交通（株）,"小林駅〜宮崎駅, 小林駅〜宮交シティ, 小林駅〜野尻〜宮崎空港, 小林駅〜宮崎駅〜宮崎空港, 小林駅〜宮交シティ・福祉センター〜宮崎空港, 宮崎駅〜花見〜雀ケ野, 宮崎駅〜花見〜尾頭, 尾頭〜花見・橘通〜日大高校, 尾頭〜花見・宮崎駅・文化の森〜日向学院前, 西高前〜花見・国富〜綾, 小林駅〜宮交シティ〜学園短大・国際大, 小林高校〜宮交シティ・福祉センター〜宮崎空港"
東小学校前,宮崎交通（株）,"宮交シティ〜大淀大橋・波島〜シーガイア, 宮交シティ〜大淀大橋・宮崎駅〜波島・市民の森, 宮交シティ〜宮崎駅〜波島・フェニックス自然動物園・波島〜宮崎駅〜宮交シティ"
宮水流,宮崎交通（株）,"小林駅〜宮崎駅, 小林駅〜宮交シティ, 小林駅〜野尻〜宮崎空港, 小林駅〜宮崎駅〜宮崎空港, 小林駅〜宮交シティ・福祉センター〜宮崎空港, 尾頭〜穆佐・大橋〜宮崎駅, 宮崎駅〜花見〜雀ケ野, 宮崎駅〜花見〜尾頭, 宮崎駅〜祇園台・穆佐〜尾頭, 医師会病院〜小松台〜宮交シティ, 尾頭〜花見・橘通〜日大高校, 尾頭〜穆佐・祇園台・大橋〜宮崎駅〜宮崎学園前, 尾頭〜花見・宮崎駅・文化の森〜日向学院前, 西高前〜花見・国富〜綾, 小林駅〜宮交シティ〜学園短大・国際大, 小林高校〜宮交シティ・福祉センター〜宮崎空港, 宮崎駅〜穆佐・祇園台・高岡温泉〜桜学園, 桜学園〜尾頭・祇園台・穆佐〜宮崎駅"
生目の杜運動公園,宮崎交通（株）,宮交シティ〜橘通・記念病院〜生目の杜運動公園
中花見,宮崎交通（株）,"小林駅〜宮崎駅, 小林駅〜宮交シティ, 小林駅〜野尻〜宮崎空港, 小林駅〜宮崎駅〜宮崎空港, 小林駅〜宮交シティ・福祉センター〜宮崎空港, 宮崎駅〜花見〜雀ケ野, 宮崎駅〜花見〜尾頭, 尾頭〜花見・橘通〜日大高校, 尾頭〜花見・宮崎駅・文化の森〜日向学院前, 西高前〜花見・国富〜綾, 小林駅〜宮交シティ〜学園短大・国際大, 小林高校〜宮交シティ・福祉センター〜宮崎空港"
川崎脳神経外科前,宮崎交通（株）,宮崎駅〜野崎東病院〜フェニックス自然動物園
大宮中入口,宮崎交通（株）,"宮交シティ〜橘通〜平和台, 引土街区公園・柳丸町〜青葉町〜平和台・平和台公園, 引土街区公園・柳丸町〜青葉町〜平和台, 宮崎駅東口〜昭和町〜平和台・平和台公園, 宮崎駅東口〜昭和町〜平和台, 宮崎駅〜県病院前〜平和台"
国草,宮崎交通（株）,宮交シティ〜大淀大橋・橘通・宮崎駅〜波島・雁ヶ音団地
東矢の先,宮崎交通（株）,"綾〜北高校〜日大高校前, 日大高校〜北高〜綾, 平和が丘〜県病院前〜宮崎空港, 東宮団地〜看護大〜古賀総合病院, 西希望ヶ丘〜宮交シティ・平和が丘団地〜古賀総合病院, 宮崎駅〜公立大前〜古賀総合病院, 宮交シティ〜平和が丘団地〜古賀総合病院, 宮交シティ〜平和が丘団地〜北高校, 東宮団地〜看護大〜北高校, 看護大学〜宮交シティ〜下畑・井上, 宮交シティ〜池内〜下畑・井上, 宮交シティ〜平和が丘団地〜宮交シティ, 宮交シティ〜平和が丘団地〜西希望ヶ丘, 東宮団地〜平和が丘団地〜宮交シティ"
名田神社前,宮崎交通（株）,"綾〜北高校〜日大高校前, 日大高校〜北高〜綾, 綾〜宮崎駅・文化の森〜日向学院前, 宮交シティ〜国富〜綾, 宮崎駅〜綾・酒泉の杜, 宮崎駅〜国富〜綾, 宮交シティ〜宮商経由〜綾, （ダ）宮崎駅〜綾・酒泉の杜, （ダ）宮交シティ〜橘橋〜綾・酒泉の杜"
西田橋クリニックタウン,宮崎交通（株）,雁ヶ音団地〜宮崎駅・橘通・大淀大橋〜宮交シティ
納島口,宮崎交通（株）,"宮交シティ〜生目神社〜富吉車庫, 富吉車庫・生目神社〜南宮崎駅, 尾頭〜穆佐・大橋〜宮崎駅, 宮崎駅〜花見〜雀ケ野, 富吉車庫・生目神社〜県病院前・宮崎駅・太田町〜南宮崎駅, 宮崎駅〜花見〜尾頭, 宮崎駅〜祇園台・穆佐〜尾頭, 医師会病院〜小松台〜宮交シティ, 尾頭〜花見・橘通〜日大高校, 尾頭〜穆佐・祇園台・大橋〜宮崎駅〜宮崎学園前, 尾頭〜花見・宮崎駅・文化の森〜日向学院前, 宮崎駅〜穆佐・祇園台・高岡温泉〜桜学園, 桜学園〜尾頭・祇園台・穆佐〜宮崎駅"
大笹,小林市,野尻地区　東麓②　（丸岡行き）
萩崎,宮崎交通（株）,宮交シティ〜大淀大橋・橘通・宮崎駅〜波島・雁ヶ音団地
上原内科前,宮崎交通（株）,宮崎駅〜野崎東病院〜フェニックス自然動物園
北猿野,宮崎交通（株）,"大学病院〜木花台・宮崎駅〜フローランテ宮崎, 大学病院〜・福ゾーン・木花台・宮崎駅〜フローランテ宮崎, 大村入口〜宮崎駅〜フローランテ宮崎, 市民の森〜青葉通・宮交シティ〜学園短大・国際大, 宮交シティ・宮崎駅〜青葉通〜シーガイア, 宮交シティ・宮崎駅〜青葉通〜シーガイア・フローランテ宮崎, 宮交シティ〜橘通・江田原〜市民の森"
南花ヶ島入口,宮崎交通（株）,"宮崎大学〜宮交シティ〜高鍋バスセンター, 宮交シティ〜高鍋駅〜高鍋バスセンター, 日大高校〜新名爪・橘通〜宮交シティ, 新名爪〜宮交シティ, 宮交シティ-宮崎駅-光陽台, 宮崎駅-花ヶ島・大島通線〜石崎の杜歓鯨館, 看護大学〜宮交シティ〜高鍋バスセンター, 宮崎駅〜花ヶ島〜フェニックス自然動物園, 宮交シティ〜大島通線〜日大高校前, 西都バスセンター〜西佐土原〜宮交シティ, 西都バスセンター〜西佐土原〜宮崎駅, 学園短大・国際大〜宮交シティ〜西都バスセンター, 宮交シティ〜佐土原高校前, 尾頭〜花見・橘通〜日大高校, 生目台西3丁目〜県病院前〜日大高校, 宮交シティ〜西都バスセンター〜妻高校前, 西都バスセンター〜花ヶ島・宮交シティ〜国立東病院"
南花ヶ島入口,高鍋町・木城町,宮交シティ〜高鍋〜木城温泉館湯らら
医師会病院,宮崎交通（株）,"宮交シティ〜小松台・悠楽園〜富吉車庫, 宮交シティ〜小松台〜医師会病院・富吉車庫"
中宮水流,宮崎交通（株）,"尾頭〜穆佐・大橋〜宮崎駅, 宮崎駅〜祇園台・穆佐〜尾頭, 医師会病院〜小松台〜宮交シティ, 尾頭〜穆佐・祇園台・大橋〜宮崎駅〜宮崎学園前, 宮崎駅〜穆佐・祇園台・高岡温泉〜桜学園, 桜学園〜尾頭・祇園台・穆佐〜宮崎駅"
跡瀬,小林市,野尻地区　東麓②　（丸岡行き）
高塚,宮崎交通（株）,"役場前〜高原〜小林駅, 祓川〜広原・前野〜小林駅"
矢の先,宮崎交通（株）,"綾〜北高校〜日大高校前, 日大高校〜北高〜綾, 綾〜宮崎駅・文化の森〜日向学院前, 宮交シティ〜国富〜綾, 宮崎駅〜綾・酒泉の杜, 宮崎駅〜国富〜綾, 平和が丘〜県病院前〜宮崎空港, （ダ）宮崎駅〜綾・酒泉の杜, （ダ）宮交シティ〜橘橋〜綾・酒泉の杜"
博物館前,宮崎交通（株）,"綾〜宮崎駅・文化の森〜日向学院前, 宮交シティ〜国富〜綾, 宮崎駅〜綾・酒泉の杜, 宮崎駅〜国富〜綾, 東宮団地〜看護大〜古賀総合病院, 西希望ヶ丘〜宮交シティ・平和が丘団地〜古賀総合病院, 宮崎駅〜公立大前〜古賀総合病院, 宮交シティ〜平和が丘団地〜古賀総合病院, 宮交シティ〜平和が丘団地〜北高校, 東宮団地〜看護大〜北高校, 看護大学〜宮交シティ〜下畑・井上, 宮交シティ〜池内〜下畑・井上, 宮交シティ〜平和が丘団地〜宮交シティ, 宮交シティ〜平和が丘団地〜西希望ヶ丘, 東宮団地〜平和が丘団地〜宮交シティ, （ダ）宮崎駅〜綾・酒泉の杜, （ダ）宮交シティ〜橘橋〜綾・酒泉の杜"
門前,宮崎交通（株）,"尾頭〜穆佐・大橋〜宮崎駅, 宮崎駅〜祇園台・穆佐〜尾頭, 医師会病院〜小松台〜宮交シティ, 宮崎駅〜大塚台・細江〜尾頭, 尾頭〜穆佐・祇園台・大橋〜宮崎駅〜宮崎学園前, 宮崎駅〜穆佐・祇園台・高岡温泉〜桜学園, 桜学園〜尾頭・祇園台・穆佐〜宮崎駅"
天神前,宮崎交通（株）,"宮交シティ〜大淀大橋・波島〜シーガイア, 宮交シティ〜大淀大橋・宮崎駅〜波島・市民の森, 宮交シティ〜大淀大橋・橘通・宮崎駅〜波島・雁ヶ音団地, 宮交シティ〜宮崎駅〜波島・フェニックス自然動物園・波島〜宮崎駅〜宮交シティ"
上宮水流,宮崎交通（株）,"尾頭〜穆佐・大橋〜宮崎駅, 宮崎駅〜祇園台・穆佐〜尾頭, 医師会病院〜小松台〜宮交シティ, 尾頭〜穆佐・祇園台・大橋〜宮崎駅〜宮崎学園前, 宮崎駅〜穆佐・祇園台・高岡温泉〜桜学園, 桜学園〜尾頭・祇園台・穆佐〜宮崎駅"
波島二丁目,宮崎交通（株）,"宮交シティ〜大淀大橋・波島〜シーガイア, 宮交シティ〜大淀大橋・宮崎駅〜波島・市民の森, 宮交シティ〜大淀大橋・橘通・宮崎駅〜波島・雁ヶ音団地, 宮交シティ〜宮崎駅〜波島・フェニックス自然動物園・波島〜宮崎駅〜宮交シティ"
笹原,宮崎交通（株）,"宮交シティ〜大淀大橋・波島〜シーガイア, 宮交シティ〜大淀大橋・宮崎駅〜波島・市民の森, 雁ヶ音団地〜宮崎駅・橘通・大淀大橋〜宮交シティ, 宮交シティ〜大淀大橋・橘通・宮崎駅〜波島・雁ヶ音団地, 宮交シティ〜宮崎駅〜波島・フェニックス自然動物園・波島〜宮崎駅〜宮交シティ"
気象台前,宮崎交通（株）,"綾〜北高校〜日大高校前, 日大高校〜北高〜綾, 綾〜宮崎駅・文化の森〜日向学院前, 宮交シティ〜国富〜綾, 宮崎駅〜綾・酒泉の杜, 宮崎駅〜国富〜綾, （ダ）宮崎駅〜綾・酒泉の杜, （ダ）宮交シティ〜橘橋〜綾・酒泉の杜"
霧島5丁目,宮崎交通（株）,"平和が丘〜県病院前〜宮崎空港, 宮交シティ〜橘通〜平和台, 引土街区公園・柳丸町〜青葉町〜平和台・平和台公園, 引土街区公園・柳丸町〜青葉町〜平和台, 宮崎駅東口〜昭和町〜平和台・平和台公園, 宮崎駅東口〜昭和町〜平和台, 宮崎駅〜県病院前〜平和台"
受別府,宮崎交通（株）,"ニトリモール宮崎・宮交シティ〜記念病院〜有田・宮の下, 宮交シティ〜橘通・記念病院〜有田・宮の下"
松無田,宮崎交通（株）,"宮交シティ〜小松台・悠楽園〜富吉車庫, 宮交シティ〜小松台〜医師会病院・富吉車庫"
宮崎生協病院,宮崎交通（株）,宮崎駅〜野崎東病院〜フェニックス自然動物園
小山田,宮崎交通（株）,"医師会病院〜小松台〜宮交シティ, 宮崎駅〜穆佐・祇園台・高岡温泉〜桜学園"
悠楽園,宮崎交通（株）,"宮交シティ〜小松台・悠楽園〜富吉車庫, 悠楽園・小松台〜橘通〜宮交シティ, 悠楽園・小松台〜県病院前〜宮崎駅, 宮交シティ〜小松台〜医師会病院・富吉車庫"
大将堀,宮崎交通（株）,"宮交シティ〜大淀大橋・波島〜シーガイア, 宮交シティ〜大淀大橋・宮崎駅〜波島・市民の森, 雁ヶ音団地〜宮崎駅・橘通・大淀大橋〜宮交シティ, 宮交シティ〜大淀大橋・橘通・宮崎駅〜波島・雁ヶ音団地, 宮交シティ〜宮崎駅〜波島・フェニックス自然動物園・波島〜宮崎駅〜宮交シティ"
猿野,宮崎交通（株）,"大学病院〜木花台・宮崎駅〜フローランテ宮崎, 大学病院〜・福ゾーン・木花台・宮崎駅〜フローランテ宮崎, 大村入口〜宮崎駅〜フローランテ宮崎, 市民の森〜青葉通・宮交シティ〜学園短大・国際大, 宮交シティ・宮崎駅〜青葉通〜シーガイア, 宮交シティ・宮崎駅〜青葉通〜シーガイア・フローランテ宮崎, 宮交シティ〜橘通・江田原〜市民の森"
波島一丁目,宮崎交通（株）,"宮交シティ〜大淀大橋・波島〜シーガイア, 宮交シティ〜大淀大橋・宮崎駅〜波島・市民の森, 宮交シティ〜大淀大橋・橘通・宮崎駅〜波島・雁ヶ音団地, 宮交シティ〜宮崎駅〜波島・フェニックス自然動物園・波島〜宮崎駅〜宮交シティ"
下倉永,宮崎交通（株）,"尾頭〜穆佐・大橋〜宮崎駅, 宮崎駅〜祇園台・穆佐〜尾頭, 医師会病院〜小松台〜宮交シティ, 尾頭〜穆佐・祇園台・大橋〜宮崎駅〜宮崎学園前, 宮崎駅〜穆佐・祇園台・高岡温泉〜桜学園, 桜学園〜尾頭・祇園台・穆佐〜宮崎駅"
平原近隣公園,宮崎交通（株）,"宮交シティ〜大淀大橋・波島〜シーガイア, 宮交シティ〜大淀大橋・宮崎駅〜波島・市民の森, 宮交シティ〜大淀大橋・橘通・宮崎駅〜波島・雁ヶ音団地, 宮交シティ〜宮崎駅〜波島・フェニックス自然動物園・波島〜宮崎駅〜宮交シティ"
神宮駅前,宮崎交通（株）,"宮崎大学〜宮交シティ〜高鍋バスセンター, 宮交シティ〜高鍋駅〜高鍋バスセンター, 日大高校〜新名爪・橘通〜宮交シティ, 新名爪〜宮交シティ, 宮交シティ-宮崎駅-光陽台, 宮崎駅-花ヶ島・大島通線〜石崎の杜歓鯨館, 看護大学〜宮交シティ〜高鍋バスセンター, 宮崎駅〜花ヶ島〜フェニックス自然動物園, 宮交シティ〜大島通線〜日大高校前, 西都バスセンター〜西佐土原〜宮交シティ, 西都バスセンター〜西佐土原〜宮崎駅, 学園短大・国際大〜宮交シティ〜西都バスセンター, 宮交シティ〜佐土原高校前, 尾頭〜花見・橘通〜日大高校, 生目台西3丁目〜県病院前〜日大高校, 西都バスセンター〜春田バイパス・北バイパス・橘通〜大学病院・宮崎大学, 宮交シティ〜西都バスセンター〜妻高校前, 西都バスセンター〜花ヶ島・宮交シティ〜国立東病院"
神宮駅前,高鍋町・木城町,宮交シティ〜高鍋〜木城温泉館湯らら
下北方,宮崎交通（株）,"宮交シティ〜宮商経由〜綾, 宮交シティ〜橘通〜下北方, 下北方〜橘通〜海洋高校"
高松,宮崎交通（株）,"ニトリモール宮崎・宮交シティ〜記念病院〜有田・宮の下, 宮交シティ〜橘通・記念病院〜有田・宮の下, 宮交シティ〜橘通・記念病院〜生目の杜運動公園"
育成牧場前,宮崎交通（株）,"宮交シティ〜大淀大橋・波島〜シーガイア, 宮交シティ〜大淀大橋・宮崎駅〜波島・市民の森, 雁ヶ音団地〜宮崎駅・橘通・大淀大橋〜宮交シティ, 宮交シティ〜大淀大橋・橘通・宮崎駅〜波島・雁ヶ音団地, 宮交シティ〜宮崎駅〜波島・フェニックス自然動物園・波島〜宮崎駅〜宮交シティ"
平八重,（有）高崎観光バス,雀ヶ野〜中央
大島入口,宮崎交通（株）,"宮交シティ〜大淀大橋・波島〜シーガイア, 宮交シティ〜大淀大橋・宮崎駅〜波島・市民の森, 宮交シティ〜大淀大橋・橘通・宮崎駅〜波島・雁ヶ音団地, 宮交シティ〜宮崎駅〜波島・フェニックス自然動物園・波島〜宮崎駅〜宮交シティ"
コテージ前,宮崎交通（株）,"宮崎空港〜（一ツ葉有料道路）〜シーガイア, 宮崎空港〜宮崎駅・宮崎港〜シーガイア"
下倉公民館前,宮崎交通（株）,"尾頭〜穆佐・大橋〜宮崎駅, 宮崎駅〜祇園台・穆佐〜尾頭, 医師会病院〜小松台〜宮交シティ, 尾頭〜穆佐・祇園台・大橋〜宮崎駅〜宮崎学園前, 宮崎駅〜穆佐・祇園台・高岡温泉〜桜学園, 桜学園〜尾頭・祇園台・穆佐〜宮崎駅"
神宮西町,宮崎交通（株）,"綾〜宮崎駅・文化の森〜日向学院前, 宮交シティ〜国富〜綾, 宮崎駅〜綾・酒泉の杜, 宮崎駅〜国富〜綾, 東宮団地〜看護大〜古賀総合病院, 西希望ヶ丘〜宮交シティ・平和が丘団地〜古賀総合病院, 宮崎駅〜公立大前〜古賀総合病院, 宮交シティ〜平和が丘団地〜古賀総合病院, 宮交シティ〜平和が丘団地〜北高校, 東宮団地〜看護大〜北高校, 看護大学〜宮交シティ〜下畑・井上, 宮交シティ〜池内〜下畑・井上, 宮交シティ〜平和が丘団地〜宮交シティ, 宮交シティ〜平和が丘団地〜西希望ヶ丘, 東宮団地〜平和が丘団地〜宮交シティ, （ダ）宮崎駅〜綾・酒泉の杜, （ダ）宮交シティ〜橘橋〜綾・酒泉の杜"
小松台団地,宮崎交通（株）,"宮交シティ〜小松台・悠楽園〜富吉車庫, 悠楽園・小松台〜橘通〜宮交シティ, 悠楽園・小松台〜県病院前〜宮崎駅, 宮交シティ〜小松台〜医師会病院・富吉車庫"
記念病院,宮崎交通（株）,"宮崎駅〜県病院前〜記念病院, ニトリモール宮崎・宮交シティ〜記念病院〜有田・宮の下, ニトリモール宮崎・宮交シティ〜橘通〜記念病院, 宮交シティ〜橘通〜記念病院, 宮交シティ〜橘通・記念病院〜有田・宮の下, 宮交シティ〜橘通・記念病院〜生目の杜運動公園"
上下倉,宮崎交通（株）,"尾頭〜穆佐・大橋〜宮崎駅, 宮崎駅〜祇園台・穆佐〜尾頭, 医師会病院〜小松台〜宮交シティ, 尾頭〜穆佐・祇園台・大橋〜宮崎駅〜宮崎学園前, 宮崎駅〜穆佐・祇園台・高岡温泉〜桜学園, 桜学園〜尾頭・祇園台・穆佐〜宮崎駅"
小松台北町,宮崎交通（株）,"宮交シティ〜小松台・悠楽園〜富吉車庫, 悠楽園・小松台〜橘通〜宮交シティ, 悠楽園・小松台〜県病院前〜宮崎駅, 宮交シティ〜小松台〜医師会病院・富吉車庫"
霧島4丁目,宮崎交通（株）,"平和が丘〜県病院前〜宮崎空港, 宮交シティ〜橘通〜平和台, 引土街区公園・柳丸町〜青葉町〜平和台・平和台公園, 引土街区公園・柳丸町〜青葉町〜平和台, 宮崎駅東口〜昭和町〜平和台・平和台公園, 宮崎駅東口〜昭和町〜平和台, 宮崎駅〜県病院前〜平和台"
文化公園,宮崎交通（株）,"宮交シティ〜飛江田団地・大淀大橋〜原町・文化公園, 文化公園・原町〜宮交シティ・飛江田団地〜原町・文化公園, 文化公園・原町〜宮交シティ・飛江田団地〜宮交シティ"
柏原,宮崎交通（株）,"宮交シティ〜生目神社〜富吉車庫, 富吉車庫・生目神社〜南宮崎駅, 尾頭〜穆佐・大橋〜宮崎駅, 宮崎駅〜花見〜雀ケ野, 富吉車庫・生目神社〜県病院前・宮崎駅・太田町〜南宮崎駅, 宮崎駅〜花見〜尾頭, 宮崎駅〜祇園台・穆佐〜尾頭, 医師会病院〜小松台〜宮交シティ, 尾頭〜花見・橘通〜日大高校, 尾頭〜穆佐・祇園台・大橋〜宮崎駅〜宮崎学園前, 尾頭〜花見・宮崎駅・文化の森〜日向学院前, 西高前〜花見・国富〜綾, 宮崎駅〜穆佐・祇園台・高岡温泉〜桜学園, 桜学園〜尾頭・祇園台・穆佐〜宮崎駅"
高木兼寛生誕地入口,宮崎交通（株）,"医師会病院〜小松台〜宮交シティ, 宮崎駅〜穆佐・祇園台・高岡温泉〜桜学園"
坂元,宮崎交通（株）,"大学病院〜木花台・宮崎駅〜フローランテ宮崎, 大学病院〜・福ゾーン・木花台・宮崎駅〜フローランテ宮崎, 大村入口〜宮崎駅〜フローランテ宮崎, 市民の森〜青葉通・宮交シティ〜学園短大・国際大, 宮交シティ・宮崎駅〜青葉通〜シーガイア, 宮交シティ・宮崎駅〜青葉通〜シーガイア・フローランテ宮崎, 宮交シティ〜橘通・江田原〜市民の森"
宮崎神宮,宮崎交通（株）,"宮崎駅〜宮崎神宮, 綾〜宮崎駅・文化の森〜日向学院前, 宮交シティ〜国富〜綾, 宮崎駅〜綾・酒泉の杜, 宮崎駅〜国富〜綾, 西希望ヶ丘〜宮交シティ〜宮崎神宮, 橋の元〜飛江田・大淀大橋〜宮崎神宮, 宮交シティ〜橘通〜宮崎神宮, 東宮団地〜看護大〜古賀総合病院, 西希望ヶ丘〜宮交シティ・平和が丘団地〜古賀総合病院, 宮交シティ〜平和が丘団地〜古賀総合病院, 宮交シティ〜平和が丘団地〜北高校, 東宮団地〜看護大〜北高校, 看護大学〜宮交シティ〜下畑・井上, 宮交シティ〜池内〜下畑・井上, 西希望ヶ丘〜一ツ葉有料道路〜宮崎神宮, 宮崎神宮〜月見ヶ丘〜宮交シティ, 宮崎神宮〜月見ヶ丘〜宮崎神宮, 宮崎神宮〜月見ヶ丘（池ノ上）, 宮交シティ〜平和が丘団地〜宮交シティ, 宮交シティ〜平和が丘団地〜西希望ヶ丘, 東宮団地〜平和が丘団地〜宮交シティ, 宮交シティ・飛江田団地〜大淀大橋・橘通〜宮崎神宮, 宮交シティ・飛江田団地〜橘橋〜原町・文化公園, 宮崎神宮・原町〜宮交シティ・飛江田団地〜大淀大橋・橘通〜宮崎神宮, 宮崎神宮・原町〜宮交シティ・飛江田団地〜橘橋〜原町・宮崎神宮, 月見ヶ丘〜宮交シティ〜宮崎神宮, （ダ）宮崎駅〜綾・酒泉の杜, （ダ）宮交シティ〜橘橋〜綾・酒泉の杜, 宮崎神宮〜月見ヶ丘郵便局前〜宮崎神宮, 宮交シティ〜月見ヶ丘郵便局前〜宮崎神宮"
穆佐小前,宮崎交通（株）,"尾頭〜穆佐・大橋〜宮崎駅, 宮崎駅〜祇園台・穆佐〜尾頭, 医師会病院〜小松台〜宮交シティ, 宮崎駅〜大塚台・細江〜尾頭, 尾頭〜穆佐・祇園台・大橋〜宮崎駅〜宮崎学園前, 宮崎駅〜穆佐・祇園台・高岡温泉〜桜学園, 桜学園〜尾頭・祇園台・穆佐〜宮崎駅"
霧島団地前,宮崎交通（株）,"役場前〜高原〜小林駅, 祓川〜広原・前野〜小林駅"
神宮東町,宮崎交通（株）,"宮崎大学〜宮交シティ〜高鍋バスセンター, 宮交シティ〜高鍋駅〜高鍋バスセンター, 日大高校〜新名爪・橘通〜宮交シティ, 新名爪〜宮交シティ, 宮交シティ-宮崎駅-光陽台, 宮崎駅-花ヶ島・大島通線〜石崎の杜歓鯨館, 看護大学〜宮交シティ〜高鍋バスセンター, 宮崎駅〜花ヶ島〜フェニックス自然動物園, 宮交シティ〜大島通線〜日大高校前, 西都バスセンター〜西佐土原〜宮交シティ, 西都バスセンター〜西佐土原〜宮崎駅, 学園短大・国際大〜宮交シティ〜西都バスセンター, 宮交シティ〜佐土原高校前, 尾頭〜花見・橘通〜日大高校, 生目台西3丁目〜県病院前〜日大高校, 西都バスセンター〜春田バイパス・北バイパス・橘通〜大学病院・宮崎大学, 宮交シティ〜西都バスセンター〜妻高校前, 西都バスセンター〜花ヶ島・宮交シティ〜国立東病院"
神宮東町,高鍋町・木城町,宮交シティ〜高鍋〜木城温泉館湯らら
祗園3丁目,宮崎交通（株）,"宮交シティ〜宮商経由〜綾, 宮交シティ〜橘通〜下北方, 下北方〜橘通〜海洋高校"
育成牧場南,宮崎交通（株）,"宮交シティ〜大淀大橋・波島〜シーガイア, 宮交シティ〜大淀大橋・宮崎駅〜波島・市民の森, 雁ヶ音団地〜宮崎駅・橘通・大淀大橋〜宮交シティ, 宮交シティ〜大淀大橋・橘通・宮崎駅〜波島・雁ヶ音団地, 宮交シティ〜宮崎駅〜波島・フェニックス自然動物園・波島〜宮崎駅〜宮交シティ"
原の前,宮崎交通（株）,宮崎駅〜野崎東病院〜フェニックス自然動物園
文化公園前,宮崎交通（株）,"綾〜宮崎駅・文化の森〜日向学院前, 宮交シティ〜国富〜綾, 宮崎駅〜綾・酒泉の杜, 宮崎駅〜国富〜綾, 東宮団地〜看護大〜古賀総合病院, 西希望ヶ丘〜宮交シティ・平和が丘団地〜古賀総合病院, 宮崎駅〜公立大前〜古賀総合病院, 宮交シティ〜平和が丘団地〜古賀総合病院, 宮交シティ〜平和が丘団地〜北高校, 東宮団地〜看護大〜北高校, 看護大学〜宮交シティ〜下畑・井上, 宮交シティ〜池内〜下畑・井上, 宮交シティ〜平和が丘団地〜宮交シティ, 宮交シティ〜平和が丘団地〜西希望ヶ丘, 東宮団地〜平和が丘団地〜宮交シティ, 宮交シティ〜飛江田団地・大淀大橋〜原町・文化公園, 文化公園・原町〜宮交シティ・飛江田団地〜原町・文化公園, 文化公園・原町〜宮交シティ・飛江田団地〜宮交シティ, （ダ）宮崎駅〜綾・酒泉の杜, （ダ）宮交シティ〜橘橋〜綾・酒泉の杜"
下小松,宮崎交通（株）,"宮崎駅〜県病院前〜記念病院, ニトリモール宮崎・宮交シティ〜記念病院〜有田・宮の下, ニトリモール宮崎・宮交シティ〜橘通〜記念病院, 宮交シティ〜橘通〜記念病院, 宮交シティ〜橘通・記念病院〜有田・宮の下, 宮交シティ〜橘通・記念病院〜生目の杜運動公園"
小松,宮崎交通（株）,"宮崎駅〜県病院前〜記念病院, ニトリモール宮崎・宮交シティ〜記念病院〜有田・宮の下, ニトリモール宮崎・宮交シティ〜橘通〜記念病院, 宮交シティ〜橘通〜記念病院, 宮交シティ〜橘通・記念病院〜有田・宮の下, 宮交シティ〜橘通・記念病院〜生目の杜運動公園"
穆佐郵便局前,宮崎交通（株）,尾頭〜穆佐・大橋〜宮崎駅
祇園台北,宮崎交通（株）,"宮崎駅〜祇園台・穆佐〜尾頭, 医師会病院〜小松台〜宮交シティ, 尾頭〜穆佐・祇園台・大橋〜宮崎駅〜宮崎学園前, 宮崎駅〜穆佐・祇園台・高岡温泉〜桜学園, 桜学園〜尾頭・祇園台・穆佐〜宮崎駅"
大宮高校前,宮崎交通（株）,"宮崎駅〜宮崎神宮, 綾〜宮崎駅・文化の森〜日向学院前, 宮交シティ〜国富〜綾, 宮崎駅〜綾・酒泉の杜, 宮崎駅〜国富〜綾, 西希望ヶ丘〜宮交シティ〜宮崎神宮, 橋の元〜飛江田・大淀大橋〜宮崎神宮, 宮交シティ〜橘通〜宮崎神宮, 東宮団地〜看護大〜古賀総合病院, 西希望ヶ丘〜宮交シティ・平和が丘団地〜古賀総合病院, 宮交シティ〜平和が丘団地〜古賀総合病院, 宮交シティ〜平和が丘団地〜北高校, 東宮団地〜看護大〜北高校, 看護大学〜宮交シティ〜下畑・井上, 宮交シティ〜池内〜下畑・井上, 西希望ヶ丘〜一ツ葉有料道路〜宮崎神宮, 宮崎神宮〜月見ヶ丘〜宮交シティ, 宮崎神宮〜月見ヶ丘〜宮崎神宮, 宮崎神宮〜月見ヶ丘（池ノ上）, 宮交シティ〜平和が丘団地〜宮交シティ, 宮交シティ〜平和が丘団地〜西希望ヶ丘, 東宮団地〜平和が丘団地〜宮交シティ, 宮交シティ・飛江田団地〜大淀大橋・橘通〜宮崎神宮, 宮崎神宮・原町〜宮交シティ・飛江田団地〜大淀大橋・橘通〜宮崎神宮, 月見ヶ丘〜宮交シティ〜宮崎神宮, （ダ）宮崎駅〜綾・酒泉の杜, （ダ）宮交シティ〜橘橋〜綾・酒泉の杜, 宮崎神宮〜月見ヶ丘郵便局前〜宮崎神宮, 宮交シティ〜月見ヶ丘郵便局前〜宮崎神宮"
木場谷,高原町,後川内線
北ハイランド,宮崎交通（株）,"宮交シティ〜小松台・悠楽園〜富吉車庫, 悠楽園・小松台〜橘通〜宮交シティ, 悠楽園・小松台〜県病院前〜宮崎駅, 宮交シティ〜小松台〜医師会病院・富吉車庫"
穆佐駐在所前,宮崎交通（株）,"宮崎駅〜祇園台・穆佐〜尾頭, 医師会病院〜小松台〜宮交シティ, 宮崎駅〜大塚台・細江〜尾頭, 尾頭〜穆佐・祇園台・大橋〜宮崎駅〜宮崎学園前, 宮崎駅〜穆佐・祇園台・高岡温泉〜桜学園, 桜学園〜尾頭・祇園台・穆佐〜宮崎駅"
霧島3丁目,宮崎交通（株）,"平和が丘〜県病院前〜宮崎空港, 宮交シティ〜橘通〜平和台, 引土街区公園・柳丸町〜青葉町〜平和台・平和台公園, 引土街区公園・柳丸町〜青葉町〜平和台, 宮崎駅東口〜昭和町〜平和台・平和台公園, 宮崎駅東口〜昭和町〜平和台, 宮崎駅〜県病院前〜平和台"
江平東,宮崎交通（株）,"宮崎駅〜野崎東病院〜フェニックス自然動物園, 宮交シティ〜大淀大橋・波島〜シーガイア, 宮交シティ〜大淀大橋・江田原〜イオンモール宮崎, 宮交シティ〜大淀大橋・宮崎駅〜波島・市民の森, 宮交シティ〜橘通・江田原〜市民の森, 宮交シティ〜大淀大橋・橘通・宮崎駅〜波島・雁ヶ音団地, 宮交シティ〜宮崎駅〜波島・フェニックス自然動物園・波島〜宮崎駅〜宮交シティ"
出口西部,高原町,後川内線
檍北小前,宮崎交通（株）,"大学病院〜木花台・宮崎駅〜フローランテ宮崎, 大学病院〜・福ゾーン・木花台・宮崎駅〜フローランテ宮崎, 大村入口〜宮崎駅〜フローランテ宮崎, 市民の森〜青葉通・宮交シティ〜学園短大・国際大, 宮交シティ・宮崎駅〜青葉通〜シーガイア, 宮交シティ・宮崎駅〜青葉通〜シーガイア・フローランテ宮崎, 宮交シティ〜橘通・江田原〜市民の森"
祇園台南,宮崎交通（株）,"宮崎駅〜祇園台・穆佐〜尾頭, 医師会病院〜小松台〜宮交シティ, 尾頭〜穆佐・祇園台・大橋〜宮崎駅〜宮崎学園前, 宮崎駅〜穆佐・祇園台・高岡温泉〜桜学園, 桜学園〜尾頭・祇園台・穆佐〜宮崎駅"
江平2丁目,宮崎交通（株）,"宮崎大学〜宮交シティ〜高鍋バスセンター, 宮交シティ〜高鍋駅〜高鍋バスセンター, 日大高校〜新名爪・橘通〜宮交シティ, 新名爪〜宮交シティ, 宮交シティ-宮崎駅-光陽台, 宮崎駅-花ヶ島・大島通線〜石崎の杜歓鯨館, 看護大学〜宮交シティ〜高鍋バスセンター, 宮崎駅〜花ヶ島〜フェニックス自然動物園, 宮崎駅〜野崎東病院〜フェニックス自然動物園, 宮交シティ〜大島通線〜日大高校前, 西都バスセンター〜西佐土原〜宮交シティ, 西都バスセンター〜西佐土原〜宮崎駅, 学園短大・国際大〜宮交シティ〜西都バスセンター, 宮交シティ〜佐土原高校前, 宮交シティ〜大淀大橋・波島〜シーガイア, 宮交シティ〜大淀大橋・江田原〜イオンモール宮崎, 尾頭〜花見・橘通〜日大高校, 宮交シティ〜大淀大橋・宮崎駅〜波島・市民の森, 雁ヶ音団地〜宮崎駅・橘通・大淀大橋〜宮交シティ, 宮交シティ〜橘通・江田原〜市民の森, 宮交シティ〜大淀大橋・橘通・宮崎駅〜波島・雁ヶ音団地, 生目台西3丁目〜県病院前〜日大高校, 西都バスセンター〜春田バイパス・北バイパス・橘通〜大学病院・宮崎大学, 宮交シティ〜宮崎駅〜波島・フェニックス自然動物園・波島〜宮崎駅〜宮交シティ, 宮交シティ〜西都バスセンター〜妻高校前, イオンモール宮崎〜江田原・橘橋〜宮交シティ・月見ヶ丘（池の上）, 西都バスセンター〜花ヶ島・宮交シティ〜国立東病院"
江平2丁目,高鍋町・木城町,宮交シティ〜高鍋〜木城温泉館湯らら
北権現町,宮崎交通（株）,"宮崎駅〜野崎東病院〜フェニックス自然動物園, 宮交シティ〜大淀大橋・江田原〜イオンモール宮崎, 宮交シティ〜橘通・江田原〜市民の森, イオンモール宮崎〜江田原・橘橋〜宮交シティ・月見ヶ丘（池の上）"
ふれあい広場前,宮崎交通（株）,"宮交シティ〜大淀大橋・江田原〜イオンモール宮崎, 宮交シティ〜橘通・江田原〜市民の森, イオンモール宮崎〜江田原・橘橋〜宮交シティ・月見ヶ丘（池の上）"
学校前,宮崎交通（株）,"宮交シティ〜小松台・悠楽園〜富吉車庫, 悠楽園・小松台〜橘通〜宮交シティ, 悠楽園・小松台〜県病院前〜宮崎駅, 宮交シティ〜小松台〜医師会病院・富吉車庫"
東権現町,宮崎交通（株）,"宮崎駅〜野崎東病院〜フェニックス自然動物園, 宮交シティ〜大淀大橋・江田原〜イオンモール宮崎, 宮交シティ〜橘通・江田原〜市民の森, イオンモール宮崎〜江田原・橘橋〜宮交シティ・月見ヶ丘（池の上）"
横折,高原町,後川内線
中原,都城市,高城地区コミュニティバス　中原（四家）⇔さくらの里
高原,宮崎交通（株）,"小林駅〜北原町〜西都城駅前バスセンター, 役場前〜高原〜小林駅, 祓川〜広原・前野〜小林駅, イオン都城・西都城駅前バスセンター〜小林駅, 小林駅〜イオンモール〜西都城駅前バスセンター・イオン都城"
高原,高原町,"後川内線, 湯之元蒲牟田線, 祓川線, 地域間幹線バス"
上浮田,宮崎交通（株）,"宮交シティ〜生目神社〜富吉車庫, 富吉車庫・生目神社〜南宮崎駅, 尾頭〜穆佐・大橋〜宮崎駅, 宮崎駅〜花見〜雀ケ野, 富吉車庫・生目神社〜県病院前・宮崎駅・太田町〜南宮崎駅, 宮崎駅〜花見〜尾頭, 宮崎駅〜祇園台・穆佐〜尾頭, 医師会病院〜小松台〜宮交シティ, 尾頭〜花見・橘通〜日大高校, 尾頭〜穆佐・祇園台・大橋〜宮崎駅〜宮崎学園前, 尾頭〜花見・宮崎駅・文化の森〜日向学院前, 西高前〜花見・国富〜綾, 宮崎駅〜穆佐・祇園台・高岡温泉〜桜学園, 桜学園〜尾頭・祇園台・穆佐〜宮崎駅"
テレビ宮崎前,宮崎交通（株）,"宮交シティ〜宮商経由〜綾, 宮交シティ〜橘通〜下北方, 下北方〜橘通〜海洋高校"
江田原,宮崎交通（株）,"宮交シティ〜大淀大橋・江田原〜イオンモール宮崎, 宮交シティ〜橘通・江田原〜市民の森, イオンモール宮崎〜江田原・橘橋〜宮交シティ・月見ヶ丘（池の上）"
浮之城北,宮崎交通（株）,"宮交シティ〜大淀大橋・江田原〜イオンモール宮崎, 宮交シティ〜橘通・江田原〜市民の森, イオンモール宮崎〜江田原・橘橋〜宮交シティ・月見ヶ丘（池の上）"
祇園台入口,宮崎交通（株）,"宮崎駅〜祇園台・穆佐〜尾頭, 医師会病院〜小松台〜宮交シティ, 尾頭〜穆佐・祇園台・大橋〜宮崎駅〜宮崎学園前, 宮崎駅〜穆佐・祇園台・高岡温泉〜桜学園, 桜学園〜尾頭・祇園台・穆佐〜宮崎駅"
船塚3丁目,宮崎交通（株）,"宮崎駅〜公立大前〜古賀総合病院, 宮交シティ〜飛江田団地・大淀大橋〜原町・文化公園, 文化公園・原町〜宮交シティ・飛江田団地〜原町・文化公園, 文化公園・原町〜宮交シティ・飛江田団地〜宮交シティ, 宮交シティ・飛江田団地〜大淀大橋・橘通〜宮崎神宮, 宮交シティ・飛江田団地〜橘橋〜原町・文化公園, 宮崎神宮・原町〜宮交シティ・飛江田団地〜大淀大橋・橘通〜宮崎神宮, 宮崎神宮・原町〜宮交シティ・飛江田団地〜橘橋〜原町・宮崎神宮"
雀ヶ野北,（有）高崎観光バス,雀ヶ野〜中央
宮崎運転免許センター,宮崎交通（株）,"宮崎大学〜清武・宮崎駅・権現町〜宮崎運転免許センター, ニトリモール宮崎〜宮交シティ・宮崎駅・権現町〜宮崎運転免許センター, 宮崎運転免許センター〜権現町〜宮交シティ, 宮交シティ・宮崎駅〜権現町〜宮崎運転免許センター"
NHK前,宮崎交通（株）,"宮崎駅〜宮崎神宮, 綾〜宮崎駅・文化の森〜日向学院前, 宮交シティ〜国富〜綾, 宮崎駅〜綾・酒泉の杜, 宮崎駅〜国富〜綾, 西希望ヶ丘〜宮交シティ〜宮崎神宮, 橋の元〜飛江田・大淀大橋〜宮崎神宮, 宮交シティ〜橘通〜宮崎神宮, 東宮団地〜看護大〜古賀総合病院, 西希望ヶ丘〜宮交シティ・平和が丘団地〜古賀総合病院, 宮交シティ〜平和が丘団地〜古賀総合病院, 宮交シティ〜平和が丘団地〜北高校, 東宮団地〜看護大〜北高校, 看護大学〜宮交シティ〜下畑・井上, 宮交シティ〜池内〜下畑・井上, 西希望ヶ丘〜一ツ葉有料道路〜宮崎神宮, 宮崎神宮〜月見ヶ丘〜宮交シティ, 宮崎神宮〜月見ヶ丘〜宮崎神宮, 宮崎神宮〜月見ヶ丘（池ノ上）, 宮交シティ〜平和が丘団地〜宮交シティ, 宮交シティ〜平和が丘団地〜西希望ヶ丘, 東宮団地〜平和が丘団地〜宮交シティ, 宮交シティ・飛江田団地〜大淀大橋・橘通〜宮崎神宮, 宮崎神宮・原町〜宮交シティ・飛江田団地〜大淀大橋・橘通〜宮崎神宮, 月見ヶ丘〜宮交シティ〜宮崎神宮, （ダ）宮崎駅〜綾・酒泉の杜, （ダ）宮交シティ〜橘橋〜綾・酒泉の杜, 宮崎神宮〜月見ヶ丘郵便局前〜宮崎神宮, 宮交シティ〜月見ヶ丘郵便局前〜宮崎神宮"
桜ヶ丘,宮崎交通（株）,"宮崎駅〜県病院前〜記念病院, ニトリモール宮崎・宮交シティ〜記念病院〜有田・宮の下, ニトリモール宮崎・宮交シティ〜橘通〜記念病院, 宮交シティ〜橘通〜記念病院, 宮交シティ〜橘通・記念病院〜有田・宮の下, 宮交シティ〜橘通・記念病院〜生目の杜運動公園"
稲荷田,宮崎交通（株）,"宮交シティ〜大淀大橋・江田原〜イオンモール宮崎, 宮交シティ〜橘通・江田原〜市民の森, イオンモール宮崎〜江田原・橘橋〜宮交シティ・月見ヶ丘（池の上）"
郵便局前,高原町,"後川内線, 湯之元蒲牟田線"
郵便局前（高原町）,宮崎交通（株）,"役場前〜高原〜小林駅, 祓川〜広原・前野〜小林駅"
忠霊塔,宮崎交通（株）,"役場前〜高原〜小林駅, 祓川〜広原・前野〜小林駅"
木佐越,宮崎交通（株）,宮崎駅〜大塚台・細江〜尾頭
霧島2丁目,宮崎交通（株）,"平和が丘〜県病院前〜宮崎空港, 宮交シティ〜橘通〜平和台, 引土街区公園・柳丸町〜青葉町〜平和台・平和台公園, 引土街区公園・柳丸町〜青葉町〜平和台, 宮崎駅東口〜昭和町〜平和台・平和台公園, 宮崎駅東口〜昭和町〜平和台, 宮崎駅〜県病院前〜平和台"
権現町,宮崎交通（株）,"宮崎大学〜清武・宮崎駅・権現町〜宮崎運転免許センター, ニトリモール宮崎〜宮交シティ・宮崎駅・権現町〜宮崎運転免許センター, 宮崎運転免許センター〜権現町〜宮交シティ, 宮交シティ・宮崎駅〜権現町〜宮崎運転免許センター"
江平通,宮崎交通（株）,"宮崎大学〜宮交シティ〜高鍋バスセンター, 宮交シティ〜高鍋駅〜高鍋バスセンター, 日大高校〜新名爪・橘通〜宮交シティ, 新名爪〜宮交シティ, 宮交シティ-宮崎駅-光陽台, 宮崎駅-花ヶ島・大島通線〜石崎の杜歓鯨館, 看護大学〜宮交シティ〜高鍋バスセンター, 宮崎駅〜花ヶ島〜フェニックス自然動物園, 宮崎駅〜野崎東病院〜フェニックス自然動物園, 宮交シティ〜大島通線〜日大高校前, 西都バスセンター〜西佐土原〜宮交シティ, 西都バスセンター〜西佐土原〜宮崎駅, 学園短大・国際大〜宮交シティ〜西都バスセンター, 宮交シティ〜佐土原高校前, 宮交シティ〜大淀大橋・波島〜シーガイア, 宮交シティ〜大淀大橋・江田原〜イオンモール宮崎, 尾頭〜花見・橘通〜日大高校, 宮交シティ〜大淀大橋・宮崎駅〜波島・市民の森, 雁ヶ音団地〜宮崎駅・橘通・大淀大橋〜宮交シティ, 宮交シティ〜橘通・江田原〜市民の森, 宮交シティ〜大淀大橋・橘通・宮崎駅〜波島・雁ヶ音団地, 生目台西3丁目〜県病院前〜日大高校, 西都バスセンター〜春田バイパス・北バイパス・橘通〜大学病院・宮崎大学, 宮交シティ〜宮崎駅〜波島・フェニックス自然動物園・波島〜宮崎駅〜宮交シティ, 宮交シティ〜西都バスセンター〜妻高校前, イオンモール宮崎〜江田原・橘橋〜宮交シティ・月見ヶ丘（池の上）, 西都バスセンター〜花ヶ島・宮交シティ〜国立東病院"
江平通,高鍋町・木城町,宮交シティ〜高鍋〜木城温泉館湯らら
城元,宮崎交通（株）,"大学病院〜木花台・宮崎駅〜フローランテ宮崎, 大学病院〜・福ゾーン・木花台・宮崎駅〜フローランテ宮崎, 大村入口〜宮崎駅〜フローランテ宮崎, 市民の森〜青葉通・宮交シティ〜学園短大・国際大, 宮交シティ・宮崎駅〜青葉通〜シーガイア, 宮交シティ・宮崎駅〜青葉通〜シーガイア・フローランテ宮崎"
中ハイランド,宮崎交通（株）,"宮交シティ〜小松台・悠楽園〜富吉車庫, 悠楽園・小松台〜橘通〜宮交シティ, 悠楽園・小松台〜県病院前〜宮崎駅, 宮交シティ〜小松台〜医師会病院・富吉車庫"
一の鳥居,宮崎交通（株）,"宮崎駅〜宮崎神宮, 綾〜宮崎駅・文化の森〜日向学院前, 宮交シティ〜国富〜綾, 宮崎駅〜綾・酒泉の杜, 宮崎駅〜国富〜綾, 西希望ヶ丘〜宮交シティ〜宮崎神宮, 橋の元〜飛江田・大淀大橋〜宮崎神宮, 宮交シティ〜橘通〜宮崎神宮, 東宮団地〜看護大〜古賀総合病院, 西希望ヶ丘〜宮交シティ・平和が丘団地〜古賀総合病院, 宮交シティ〜平和が丘団地〜古賀総合病院, 宮交シティ〜平和が丘団地〜北高校, 東宮団地〜看護大〜北高校, 看護大学〜宮交シティ〜下畑・井上, 宮交シティ〜池内〜下畑・井上, 西希望ヶ丘〜一ツ葉有料道路〜宮崎神宮, 宮崎神宮〜月見ヶ丘〜宮交シティ, 宮崎神宮〜月見ヶ丘〜宮崎神宮, 宮崎神宮〜月見ヶ丘（池ノ上）, 宮交シティ〜平和が丘団地〜宮交シティ, 宮交シティ〜平和が丘団地〜西希望ヶ丘, 東宮団地〜平和が丘団地〜宮交シティ, 宮交シティ・飛江田団地〜大淀大橋・橘通〜宮崎神宮, 宮崎神宮・原町〜宮交シティ・飛江田団地〜大淀大橋・橘通〜宮崎神宮, 月見ヶ丘〜宮交シティ〜宮崎神宮, （ダ）宮崎駅〜綾・酒泉の杜, （ダ）宮交シティ〜橘橋〜綾・酒泉の杜, 宮崎神宮〜月見ヶ丘郵便局前〜宮崎神宮, 宮交シティ〜月見ヶ丘郵便局前〜宮崎神宮"
学校前,宮崎交通（株）,"役場前〜高原〜小林駅, 祓川〜広原・前野〜小林駅"
学校前,高原町,湯之元蒲牟田線
祗園2丁目,宮崎交通（株）,"宮交シティ〜宮商経由〜綾, 宮交シティ〜橘通〜下北方, 下北方〜橘通〜海洋高校"
浮之城,宮崎交通（株）,"宮崎大学〜清武・宮崎駅・権現町〜宮崎運転免許センター, ニトリモール宮崎〜宮交シティ・宮崎駅・権現町〜宮崎運転免許センター, 宮崎運転免許センター〜権現町〜宮交シティ, 宮交シティ・宮崎駅〜権現町〜宮崎運転免許センター"
生目,宮崎交通（株）,"小林駅〜宮崎駅, 小林駅〜宮交シティ, 小林駅〜野尻〜宮崎空港, 小林駅〜宮崎駅〜宮崎空港, 小林駅〜宮交シティ・福祉センター〜宮崎空港, 尾頭〜穆佐・大橋〜宮崎駅, 宮崎駅〜花見〜雀ケ野, 宮崎駅〜花見〜尾頭, 宮崎駅〜祇園台・穆佐〜尾頭, 医師会病院〜小松台〜宮交シティ, 尾頭〜花見・橘通〜日大高校, 尾頭〜穆佐・祇園台・大橋〜宮崎駅〜宮崎学園前, 尾頭〜花見・宮崎駅・文化の森〜日向学院前, 西高前〜花見・国富〜綾, 小林駅〜宮交シティ〜学園短大・国際大, 小林高校〜宮交シティ・福祉センター〜宮崎空港, 宮崎駅〜穆佐・祇園台・高岡温泉〜桜学園, 桜学園〜尾頭・祇園台・穆佐〜宮崎駅"
役場前,宮崎交通（株）,"役場前〜高原〜小林駅, 祓川〜広原・前野〜小林駅"
役場前,高原町,"後川内線, 湯之元蒲牟田線, 祓川線"
船塚2丁目,宮崎交通（株）,"宮崎駅〜公立大前〜古賀総合病院, 宮交シティ〜飛江田団地・大淀大橋〜原町・文化公園, 文化公園・原町〜宮交シティ・飛江田団地〜原町・文化公園, 文化公園・原町〜宮交シティ・飛江田団地〜宮交シティ, 宮交シティ・飛江田団地〜大淀大橋・橘通〜宮崎神宮, 宮交シティ・飛江田団地〜橘橋〜原町・文化公園, 宮崎神宮・原町〜宮交シティ・飛江田団地〜大淀大橋・橘通〜宮崎神宮, 宮崎神宮・原町〜宮交シティ・飛江田団地〜橘橋〜原町・宮崎神宮"
公園道路入口,宮崎交通（株）,"宮崎大学〜清武・宮崎駅・権現町〜宮崎運転免許センター, ニトリモール宮崎〜宮交シティ・宮崎駅・権現町〜宮崎運転免許センター, 宮崎運転免許センター〜権現町〜宮交シティ, 宮交シティ・宮崎駅〜権現町〜宮崎運転免許センター"
ほほえみ館,高原町,"後川内線, 湯之元蒲牟田線"
希望の店前,高原町,"後川内線, 湯之元蒲牟田線"
雀ヶ野,（有）高崎観光バス,雀ヶ野〜中央
南ハイランド,宮崎交通（株）,"宮交シティ〜小松台・悠楽園〜富吉車庫, 悠楽園・小松台〜橘通〜宮交シティ, 悠楽園・小松台〜県病院前〜宮崎駅, 宮交シティ〜小松台〜医師会病院・富吉車庫"
西権現町,宮崎交通（株）,"宮崎大学〜清武・宮崎駅・権現町〜宮崎運転免許センター, ニトリモール宮崎〜宮交シティ・宮崎駅・権現町〜宮崎運転免許センター, 宮崎運転免許センター〜権現町〜宮交シティ, 宮交シティ・宮崎駅〜権現町〜宮崎運転免許センター"
高原上町,宮崎交通（株）,"役場前〜高原〜小林駅, 祓川〜広原・前野〜小林駅"
高原上町,高原町,湯之元蒲牟田線
上小松,宮崎交通（株）,"尾頭〜穆佐・大橋〜宮崎駅, 宮崎駅〜花見〜雀ケ野, 宮崎駅〜花見〜尾頭, 宮崎駅〜祇園台・穆佐〜尾頭, 医師会病院〜小松台〜宮交シティ, 尾頭〜花見・橘通〜日大高校, 尾頭〜穆佐・祇園台・大橋〜宮崎駅〜宮崎学園前, 尾頭〜花見・宮崎駅・文化の森〜日向学院前, 西高前〜花見・国富〜綾, 宮崎駅〜穆佐・祇園台・高岡温泉〜桜学園, 桜学園〜尾頭・祇園台・穆佐〜宮崎駅"
西川内,高原町,後川内線
高原駅,宮崎交通（株）,祓川〜広原・前野〜小林駅
高原駅,高原町,"後川内線, 湯之元蒲牟田線, 祓川線"
檍中学校前,宮崎交通（株）,"宮崎大学〜清武・宮崎駅・権現町〜宮崎運転免許センター, ニトリモール宮崎〜宮交シティ・宮崎駅・権現町〜宮崎運転免許センター, 宮崎運転免許センター〜権現町〜宮交シティ, 宮交シティ・宮崎駅〜権現町〜宮崎運転免許センター"
入木,高原町,後川内線
南桜ヶ丘,宮崎交通（株）,"宮崎駅〜県病院前〜記念病院, ニトリモール宮崎・宮交シティ〜記念病院〜有田・宮の下, ニトリモール宮崎・宮交シティ〜橘通〜記念病院, 宮交シティ〜橘通〜記念病院, 宮交シティ〜橘通・記念病院〜有田・宮の下, 宮交シティ〜橘通・記念病院〜生目の杜運動公園"
公立大学前,宮崎交通（株）,"宮崎駅〜公立大前〜古賀総合病院, 宮交シティ〜飛江田団地・大淀大橋〜原町・文化公園, 文化公園・原町〜宮交シティ・飛江田団地〜原町・文化公園, 文化公園・原町〜宮交シティ・飛江田団地〜宮交シティ, 宮交シティ・飛江田団地〜大淀大橋・橘通〜宮崎神宮, 宮交シティ・飛江田団地〜橘橋〜原町・文化公園, 宮崎神宮・原町〜宮交シティ・飛江田団地〜大淀大橋・橘通〜宮崎神宮, 宮崎神宮・原町〜宮交シティ・飛江田団地〜橘橋〜原町・宮崎神宮"
前浜,宮崎交通（株）,"宮崎大学〜清武・宮崎駅・権現町〜宮崎運転免許センター, ニトリモール宮崎〜宮交シティ・宮崎駅・権現町〜宮崎運転免許センター, 宮崎運転免許センター〜権現町〜宮交シティ, 宮交シティ・宮崎駅〜権現町〜宮崎運転免許センター"
小岩屋,高原町,後川内線
余り田,宮崎交通（株）,"宮交シティ〜生目神社〜富吉車庫, 富吉車庫・生目神社〜南宮崎駅, 富吉車庫・生目神社〜県病院前・宮崎駅・太田町〜南宮崎駅, 宮崎駅〜大塚台・細江〜尾頭"
西新別府,宮崎交通（株）,"宮崎大学〜清武・宮崎駅・権現町〜宮崎運転免許センター, ニトリモール宮崎〜宮交シティ・宮崎駅・権現町〜宮崎運転免許センター, 宮崎運転免許センター〜権現町〜宮交シティ, 宮交シティ・宮崎駅〜権現町〜宮崎運転免許センター"
農協前,宮崎交通（株）,祓川〜広原・前野〜小林駅
農協前,高原町,"後川内線, 湯之元蒲牟田線"
新別府,宮崎交通（株）,"大学病院〜木花台・宮崎駅〜フローランテ宮崎, 大学病院〜・福ゾーン・木花台・宮崎駅〜フローランテ宮崎, 大村入口〜宮崎駅〜フローランテ宮崎, 市民の森〜青葉通・宮交シティ〜学園短大・国際大, 宮交シティ・宮崎駅〜青葉通〜シーガイア, 宮交シティ・宮崎駅〜青葉通〜シーガイア・フローランテ宮崎"
生目小入口,宮崎交通（株）,"宮崎駅〜大塚台・細江〜尾頭, 生目小〜青葉台"
柳丸町,宮崎交通（株）,"引土街区公園・柳丸町〜青葉町〜平和台・平和台公園, 引土街区公園・柳丸町〜青葉町〜平和台, 薫る坂〜橘通・宮崎駅〜引土街区公園"
角力田,宮崎交通（株）,"宮崎駅〜大塚台・細江〜尾頭, 生目小〜青葉台"
江平1丁目,宮崎交通（株）,"宮崎大学〜宮交シティ〜高鍋バスセンター, 宮交シティ〜高鍋駅〜高鍋バスセンター, 日大高校〜新名爪・橘通〜宮交シティ, 新名爪〜宮交シティ, 宮崎駅〜宮崎神宮, 宮交シティ-宮崎駅-光陽台, 宮崎駅-花ヶ島・大島通線〜石崎の杜歓鯨館, 看護大学〜宮交シティ〜高鍋バスセンター, 宮崎駅〜花ヶ島〜フェニックス自然動物園, 宮崎駅〜野崎東病院〜フェニックス自然動物園, 宮交シティ〜大島通線〜日大高校前, 西都バスセンター〜西佐土原〜宮交シティ, 西都バスセンター〜西佐土原〜宮崎駅, 学園短大・国際大〜宮交シティ〜西都バスセンター, 綾〜宮崎駅・文化の森〜日向学院前, 宮交シティ〜国富〜綾, 宮崎駅〜綾・酒泉の杜, 宮崎駅〜国富〜綾, 宮交シティ〜佐土原高校前, 宮交シティ〜大淀大橋・波島〜シーガイア, 宮交シティ〜大淀大橋・江田原〜イオンモール宮崎, 尾頭〜花見・橘通〜日大高校, 西希望ヶ丘〜宮交シティ〜宮崎神宮, 橋の元〜飛江田・大淀大橋〜宮崎神宮, 宮交シティ〜橘通〜宮崎神宮, 東宮団地〜看護大〜古賀総合病院, 宮交シティ〜大淀大橋・宮崎駅〜波島・市民の森, 雁ヶ音団地〜宮崎駅・橘通・大淀大橋〜宮交シティ, 宮交シティ〜橘通・江田原〜市民の森, 宮交シティ〜大淀大橋・橘通・宮崎駅〜波島・雁ヶ音団地, 西希望ヶ丘〜宮交シティ・平和が丘団地〜古賀総合病院, 宮交シティ〜平和が丘団地〜古賀総合病院, 宮交シティ〜平和が丘団地〜北高校, 生目台西3丁目〜県病院前〜日大高校, 東宮団地〜看護大〜北高校, 看護大学〜宮交シティ〜下畑・井上, 宮交シティ〜池内〜下畑・井上, 西都バスセンター〜春田バイパス・北バイパス・橘通〜大学病院・宮崎大学, 西希望ヶ丘〜一ツ葉有料道路〜宮崎神宮, 宮崎神宮〜月見ヶ丘〜宮交シティ, 宮崎神宮〜月見ヶ丘〜宮崎神宮, 宮崎神宮〜月見ヶ丘（池ノ上）, 宮交シティ〜平和が丘団地〜宮交シティ, 宮交シティ〜平和が丘団地〜西希望ヶ丘, 東宮団地〜平和が丘団地〜宮交シティ, 宮交シティ〜宮崎駅〜波島・フェニックス自然動物園・波島〜宮崎駅〜宮交シティ, 宮交シティ・飛江田団地〜大淀大橋・橘通〜宮崎神宮, 宮崎神宮・原町〜宮交シティ・飛江田団地〜大淀大橋・橘通〜宮崎神宮, 月見ヶ丘〜宮交シティ〜宮崎神宮, 宮交シティ〜西都バスセンター〜妻高校前, （ダ）宮崎駅〜綾・酒泉の杜, （ダ）宮交シティ〜橘橋〜綾・酒泉の杜, 宮崎神宮〜月見ヶ丘郵便局前〜宮崎神宮, 宮交シティ〜月見ヶ丘郵便局前〜宮崎神宮, イオンモール宮崎〜江田原・橘橋〜宮交シティ・月見ヶ丘（池の上）, 西都バスセンター〜花ヶ島・宮交シティ〜国立東病院"
江平1丁目,高鍋町・木城町,宮交シティ〜高鍋〜木城温泉館湯らら
江平中町,宮崎交通（株）,"宮崎大学〜清武・宮崎駅・権現町〜宮崎運転免許センター, ニトリモール宮崎〜宮交シティ・宮崎駅・権現町〜宮崎運転免許センター, 宮崎運転免許センター〜権現町〜宮交シティ, 宮交シティ・宮崎駅〜権現町〜宮崎運転免許センター"
公民館前,宮崎交通（株）,祓川〜広原・前野〜小林駅
上倉,宮崎交通（株）,宮崎駅〜大塚台・細江〜尾頭
東新別府,宮崎交通（株）,"宮崎大学〜清武・宮崎駅・権現町〜宮崎運転免許センター, ニトリモール宮崎〜宮交シティ・宮崎駅・権現町〜宮崎運転免許センター, 宮崎運転免許センター〜権現町〜宮交シティ, 宮交シティ・宮崎駅〜権現町〜宮崎運転免許センター"
和知川原,宮崎交通（株）,"宮交シティ〜宮商経由〜綾, 宮交シティ〜橘通〜下北方, 下北方〜橘通〜海洋高校"
引土街区公園前,宮崎交通（株）,"引土街区公園・柳丸町〜青葉町〜平和台・平和台公園, 引土街区公園・柳丸町〜青葉町〜平和台, 薫る坂〜橘通・宮崎駅〜引土街区公園"
馬登,宮崎交通（株）,"小林駅〜北原町〜西都城駅前バスセンター, イオン都城・西都城駅前バスセンター〜小林駅, 小林駅〜イオンモール〜西都城駅前バスセンター・イオン都城"
原町,宮崎交通（株）,"宮崎駅〜公立大前〜古賀総合病院, 宮交シティ〜飛江田団地・大淀大橋〜原町・文化公園, 文化公園・原町〜宮交シティ・飛江田団地〜原町・文化公園, 文化公園・原町〜宮交シティ・飛江田団地〜宮交シティ, 宮交シティ・飛江田団地〜大淀大橋・橘通〜宮崎神宮, 宮交シティ・飛江田団地〜橘橋〜原町・文化公園, 宮崎神宮・原町〜宮交シティ・飛江田団地〜大淀大橋・橘通〜宮崎神宮, 宮崎神宮・原町〜宮交シティ・飛江田団地〜橘橋〜原町・宮崎神宮"
花殿町,宮崎交通（株）,"平和が丘〜県病院前〜宮崎空港, 宮交シティ〜橘通〜平和台, 引土街区公園・柳丸町〜青葉町〜平和台・平和台公園, 引土街区公園・柳丸町〜青葉町〜平和台, 宮崎駅東口〜昭和町〜平和台・平和台公園, 宮崎駅東口〜昭和町〜平和台, 宮崎駅〜県病院前〜平和台"
権現昔,宮崎交通（株）,"宮崎駅〜県病院前〜記念病院, ニトリモール宮崎・宮交シティ〜記念病院〜有田・宮の下, ニトリモール宮崎・宮交シティ〜橘通〜記念病院, 宮交シティ〜橘通〜記念病院, 宮交シティ〜橘通・記念病院〜有田・宮の下, 宮交シティ〜橘通・記念病院〜生目の杜運動公園"
安定所入口,宮崎交通（株）,"引土街区公園・柳丸町〜青葉町〜平和台・平和台公園, 引土街区公園・柳丸町〜青葉町〜平和台, 薫る坂〜橘通・宮崎駅〜引土街区公園"
一ツ葉神社前,宮崎交通（株）,"宮崎大学〜清武・宮崎駅・権現町〜宮崎運転免許センター, ニトリモール宮崎〜宮交シティ・宮崎駅・権現町〜宮崎運転免許センター, 宮崎運転免許センター〜権現町〜宮交シティ, 宮交シティ・宮崎駅〜権現町〜宮崎運転免許センター"
鬼子母神前,宮崎交通（株）,"宮交シティ〜生目神社〜富吉車庫, 富吉車庫・生目神社〜南宮崎駅, 富吉車庫・生目神社〜県病院前・宮崎駅・太田町〜南宮崎駅, 宮崎駅〜大塚台・細江〜尾頭"
旧四家小,都城市,高城地区コミュニティバス　中原（四家）⇔さくらの里
並木,宮崎交通（株）,祓川〜広原・前野〜小林駅
一ツ葉,宮崎交通（株）,"宮崎大学〜清武・宮崎駅・権現町〜宮崎運転免許センター, ニトリモール宮崎〜宮交シティ・宮崎駅・権現町〜宮崎運転免許センター, 宮崎運転免許センター〜権現町〜宮交シティ, 宮交シティ・宮崎駅〜権現町〜宮崎運転免許センター"
イオンモール北口,宮崎交通（株）,宮崎駅東口〜（直行）〜イオンモール宮崎・イオンモール北口
石ヶ野,高原町,後川内線
大塚池ノ内,宮崎交通（株）,"小林駅〜宮崎駅, 小林駅〜宮交シティ, 小林駅〜野尻〜宮崎空港, 小林駅〜宮崎駅〜宮崎空港, 小林駅〜宮交シティ・福祉センター〜宮崎空港, 宮交シティ〜生目神社〜富吉車庫, 富吉車庫・生目神社〜南宮崎駅, 尾頭〜穆佐・大橋〜宮崎駅, 生目神社〜県病院前・宮崎駅・太田町〜南宮崎駅, 宮交シティ〜太田町・宮崎駅・県病院前〜生目神社, 宮交シティ〜宮崎駅・県病院〜生目台西3丁目, 宮崎駅〜花見〜雀ケ野, 富吉車庫・生目神社〜県病院前・宮崎駅・太田町〜南宮崎駅, 宮崎駅〜花見〜尾頭, 宮崎駅〜祇園台・穆佐〜尾頭, 医師会病院〜小松台〜宮交シティ, 尾頭〜花見・橘通〜日大高校, 尾頭〜穆佐・祇園台・大橋〜宮崎駅〜宮崎学園前, 尾頭〜花見・宮崎駅・文化の森〜日向学院前, 宮交シティ〜小松台・悠楽園〜富吉車庫, 悠楽園・小松台〜橘通〜宮交シティ, 生目神社・大塚台〜県病院前〜南宮崎駅, 宮交シティ〜県病院前〜大塚台・生目神社, 悠楽園・小松台〜県病院前〜宮崎駅, 宮交シティ〜県病院前・大塚台〜生目台西3丁目, 生目台西3丁目〜県病院前〜日大高校, 宮交シティ〜小松台〜医師会病院・富吉車庫, 小林駅〜宮交シティ〜学園短大・国際大, 小林高校〜宮交シティ・福祉センター〜宮崎空港, 宮崎駅〜穆佐・祇園台・高岡温泉〜桜学園, 桜学園〜尾頭・祇園台・穆佐〜宮崎駅"
川井田医院前,高原町,"後川内線, 湯之元蒲牟田線"
地蔵原,高原町,後川内線
下原町,宮崎交通（株）,"引土街区公園・柳丸町〜青葉町〜平和台・平和台公園, 引土街区公園・柳丸町〜青葉町〜平和台, 薫る坂〜橘通・宮崎駅〜引土街区公園"
橘通り5丁目,宮崎交通（株）,"宮崎大学〜宮交シティ〜高鍋バスセンター, 宮交シティ〜高鍋駅〜高鍋バスセンター, 日大高校〜新名爪・橘通〜宮交シティ, 新名爪〜宮交シティ, 宮崎駅〜宮崎神宮, 宮崎駅-花ヶ島・大島通線〜石崎の杜歓鯨館, 看護大学〜宮交シティ〜高鍋バスセンター, 宮崎駅〜花ヶ島〜フェニックス自然動物園, 宮崎駅〜野崎東病院〜フェニックス自然動物園, 宮交シティ〜大島通線〜日大高校前, 西都バスセンター〜西佐土原〜宮交シティ, 西都バスセンター〜西佐土原〜宮崎駅, 学園短大・国際大〜宮交シティ〜西都バスセンター, 綾〜宮崎駅・文化の森〜日向学院前, 宮交シティ〜国富〜綾, 宮崎駅〜綾・酒泉の杜, 宮崎駅〜国富〜綾, 宮交シティ〜佐土原高校前, 宮崎運転免許センター〜権現町〜宮交シティ, 宮交シティ〜大淀大橋・江田原〜イオンモール宮崎, 尾頭〜花見・橘通〜日大高校, 西希望ヶ丘〜宮交シティ〜宮崎神宮, 橋の元〜飛江田・大淀大橋〜宮崎神宮, 宮交シティ〜橘通〜宮崎神宮, 東宮団地〜看護大〜古賀総合病院, 宮交シティ〜橘通・江田原〜市民の森, 西希望ヶ丘〜宮交シティ・平和が丘団地〜古賀総合病院, 宮崎駅〜公立大前〜古賀総合病院, 宮交シティ〜平和が丘団地〜古賀総合病院, 宮交シティ〜平和が丘団地〜北高校, 生目台西3丁目〜県病院前〜日大高校, 東宮団地〜看護大〜北高校, 看護大学〜宮交シティ〜下畑・井上, 宮交シティ〜池内〜下畑・井上, 西都バスセンター〜春田バイパス・北バイパス・橘通〜大学病院・宮崎大学, 西希望ヶ丘〜一ツ葉有料道路〜宮崎神宮, 宮崎神宮〜月見ヶ丘〜宮交シティ, 宮崎神宮〜月見ヶ丘〜宮崎神宮, 宮崎神宮〜月見ヶ丘（池ノ上）, 宮交シティ〜平和が丘団地〜宮交シティ, 宮交シティ〜平和が丘団地〜西希望ヶ丘, 東宮団地〜平和が丘団地〜宮交シティ, 宮交シティ〜飛江田団地・大淀大橋〜原町・文化公園, 文化公園・原町〜宮交シティ・飛江田団地〜原町・文化公園, 文化公園・原町〜宮交シティ・飛江田団地〜宮交シティ, 宮交シティ・飛江田団地〜大淀大橋・橘通〜宮崎神宮, 宮交シティ・飛江田団地〜橘橋〜原町・文化公園, 宮崎神宮・原町〜宮交シティ・飛江田団地〜大淀大橋・橘通〜宮崎神宮, 宮崎神宮・原町〜宮交シティ・飛江田団地〜橘橋〜原町・宮崎神宮, 月見ヶ丘〜宮交シティ〜宮崎神宮, 宮交シティ〜西都バスセンター〜妻高校前, （ダ）宮崎駅〜綾・酒泉の杜, （ダ）宮交シティ〜橘橋〜綾・酒泉の杜, 宮崎神宮〜月見ヶ丘郵便局前〜宮崎神宮, 宮交シティ〜月見ヶ丘郵便局前〜宮崎神宮, イオンモール宮崎〜江田原・橘橋〜宮交シティ・月見ヶ丘（池の上）, 西都バスセンター〜花ヶ島・宮交シティ〜国立東病院"
橘通り5丁目,高鍋町・木城町,宮交シティ〜高鍋〜木城温泉館湯らら
中尾,高原町,後川内線
宮商前,宮崎交通（株）,"宮交シティ〜宮商経由〜綾, 宮交シティ〜橘通〜下北方, 下北方〜橘通〜海洋高校"
麓,宮崎交通（株）,"大学病院〜木花台・宮崎駅〜フローランテ宮崎, 大学病院〜・福ゾーン・木花台・宮崎駅〜フローランテ宮崎, 大村入口〜宮崎駅〜フローランテ宮崎, 市民の森〜青葉通・宮交シティ〜学園短大・国際大, 宮交シティ・宮崎駅〜青葉通〜シーガイア, 宮交シティ・宮崎駅〜青葉通〜シーガイア・フローランテ宮崎"
中津瀬町,宮崎交通（株）,"平和が丘〜県病院前〜宮崎空港, 宮交シティ〜橘通〜平和台, 引土街区公園・柳丸町〜青葉町〜平和台・平和台公園, 引土街区公園・柳丸町〜青葉町〜平和台, 宮崎駅東口〜昭和町〜平和台・平和台公園, 宮崎駅東口〜昭和町〜平和台, 宮崎駅〜県病院前〜平和台"
下公民館,高原町,後川内線
大塚台東1丁目,宮崎交通（株）,"宮交シティ〜生目神社〜富吉車庫, 富吉車庫・生目神社〜南宮崎駅, 生目神社〜県病院前・宮崎駅・太田町〜南宮崎駅, 宮交シティ〜太田町・宮崎駅・県病院前〜生目神社, 宮交シティ〜宮崎駅・県病院〜生目台西3丁目, 富吉車庫・生目神社〜県病院前・宮崎駅・太田町〜南宮崎駅, 西高前〜花見・国富〜綾, 生目神社・大塚台〜県病院前〜南宮崎駅, 宮交シティ〜県病院前〜大塚台・生目神社, 宮交シティ〜県病院前・大塚台〜生目台西3丁目, 生目台西3丁目〜県病院前〜日大高校"
西の原,宮崎交通（株）,"宮交シティ〜生目神社〜富吉車庫, 富吉車庫・生目神社〜南宮崎駅, 尾頭〜穆佐・大橋〜宮崎駅, 生目神社〜県病院前・宮崎駅・太田町〜南宮崎駅, 宮交シティ〜太田町・宮崎駅・県病院前〜生目神社, 宮崎駅〜生目台・宮崎道〜西都城駅前バスセンター, 宮交シティ〜宮崎駅・県病院〜生目台西3丁目, 富吉車庫・生目神社〜県病院前・宮崎駅・太田町〜南宮崎駅, 尾頭〜穆佐・祇園台・大橋〜宮崎駅〜宮崎学園前, 宮崎駅〜県病院前・大塚台〜西高前, 宮交シティ〜小松台・悠楽園〜富吉車庫, 悠楽園・小松台〜橘通〜宮交シティ, 生目神社・大塚台〜県病院前〜南宮崎駅, 宮交シティ〜県病院前〜大塚台・生目神社, 悠楽園・小松台〜県病院前〜宮崎駅, 宮交シティ〜県病院前・大塚台〜生目台西3丁目, 生目台西3丁目〜県病院前〜日大高校, 宮交シティ〜小松台〜医師会病院・富吉車庫"
北警察署西口,宮崎交通（株）,"宮崎大学〜清武・宮崎駅・権現町〜宮崎運転免許センター, ニトリモール宮崎〜宮交シティ・宮崎駅・権現町〜宮崎運転免許センター, 宮交シティ・宮崎駅〜権現町〜宮崎運転免許センター"
的野,宮崎交通（株）,宮崎駅〜大塚台・細江〜尾頭
久保田,宮崎交通（株）,"大学病院〜木花台・宮崎駅〜フローランテ宮崎, 大学病院〜・福ゾーン・木花台・宮崎駅〜フローランテ宮崎, 大村入口〜宮崎駅〜フローランテ宮崎, 市民の森〜青葉通・宮交シティ〜学園短大・国際大, 宮交シティ・宮崎駅〜青葉通〜シーガイア, 宮交シティ・宮崎駅〜青葉通〜シーガイア・フローランテ宮崎, 宮崎駅東口〜各停〜イオンモール宮崎"
本八重,（有）高崎観光バス,雀ヶ野〜中央
原,宮崎交通（株）,"小林駅〜宮崎駅, 小林駅〜宮交シティ, 小林駅〜野尻〜宮崎空港, 小林駅〜宮崎駅〜宮崎空港, 小林駅〜宮交シティ・福祉センター〜宮崎空港, 宮交シティ〜生目神社〜富吉車庫, 富吉車庫・生目神社〜南宮崎駅, 尾頭〜穆佐・大橋〜宮崎駅, 生目神社〜県病院前・宮崎駅・太田町〜南宮崎駅, 宮交シティ〜太田町・宮崎駅・県病院前〜生目神社, 宮交シティ〜宮崎駅・県病院〜生目台西3丁目, 富吉車庫・生目神社〜県病院前・宮崎駅・太田町〜南宮崎駅, 尾頭〜穆佐・祇園台・大橋〜宮崎駅〜宮崎学園前, 宮崎駅〜県病院前・大塚台〜西高前, 宮崎駅〜県病院前・地蔵田〜西高前, 宮交シティ〜小松台・悠楽園〜富吉車庫, 宮崎駅〜県病院前〜記念病院, ニトリモール宮崎・宮交シティ〜記念病院〜有田・宮の下, ニトリモール宮崎・宮交シティ〜橘通〜記念病院, 宮交シティ〜橘通〜記念病院, 悠楽園・小松台〜橘通〜宮交シティ, 宮交シティ〜橘通・記念病院〜有田・宮の下, 宮交シティ〜橘通・記念病院〜生目の杜運動公園, 生目神社・大塚台〜県病院前〜南宮崎駅, 宮交シティ〜県病院前〜大塚台・生目神社, 悠楽園・小松台〜県病院前〜宮崎駅, 宮交シティ〜県病院前・大塚台〜生目台西3丁目, 生目台西3丁目〜県病院前〜日大高校, 宮交シティ〜小松台〜医師会病院・富吉車庫, 小林駅〜宮交シティ〜学園短大・国際大, 小林高校〜宮交シティ・福祉センター〜宮崎空港"
イオンモール宮崎前,宮崎交通（株）,宮崎空港〜（一ツ葉有料道路）〜シーガイア
大塚西の原,宮崎交通（株）,"宮崎駅〜花見〜雀ケ野, 宮崎駅〜花見〜尾頭, 宮崎駅〜祇園台・穆佐〜尾頭, 医師会病院〜小松台〜宮交シティ, 尾頭〜花見・橘通〜日大高校, 尾頭〜花見・宮崎駅・文化の森〜日向学院前, 宮崎駅〜穆佐・祇園台・高岡温泉〜桜学園, 桜学園〜尾頭・祇園台・穆佐〜宮崎駅"
清水三丁目,宮崎交通（株）,"平和が丘〜県病院前〜宮崎空港, 宮交シティ〜橘通〜平和台, 引土街区公園・柳丸町〜青葉町〜平和台・平和台公園, 引土街区公園・柳丸町〜青葉町〜平和台, 宮崎駅東口〜昭和町〜平和台・平和台公園, 宮崎駅東口〜昭和町〜平和台, 宮崎駅〜県病院前〜平和台"
柳迫,宮崎交通（株）,"宮崎駅〜大塚台・細江〜尾頭, 生目小〜青葉台"
檍小,宮崎交通（株）,"大学病院〜木花台・宮崎駅〜フローランテ宮崎, 大学病院〜・福ゾーン・木花台・宮崎駅〜フローランテ宮崎, 大村入口〜宮崎駅〜フローランテ宮崎, 市民の森〜青葉通・宮交シティ〜学園短大・国際大, 宮交シティ・宮崎駅〜青葉通〜シーガイア, 宮交シティ・宮崎駅〜青葉通〜シーガイア・フローランテ宮崎, 宮崎駅東口〜各停〜イオンモール宮崎"
イオンモール宮崎,宮崎交通（株）,"宮崎駅東口〜（直行）〜イオンモール宮崎・イオンモール北口, 宮交シティ〜大淀大橋・江田原〜イオンモール宮崎, 宮崎駅東口〜各停〜イオンモール宮崎, 宮崎駅東口〜直行〜イオンモール宮崎, イオンモール宮崎〜江田原・橘橋〜宮交シティ・月見ヶ丘（池の上）"
住宅前,宮崎交通（株）,"大学病院〜木花台・宮崎駅〜フローランテ宮崎, 大学病院〜・福ゾーン・木花台・宮崎駅〜フローランテ宮崎, 大村入口〜宮崎駅〜フローランテ宮崎, 市民の森〜青葉通・宮交シティ〜学園短大・国際大, 宮交シティ・宮崎駅〜青葉通〜シーガイア, 宮交シティ・宮崎駅〜青葉通〜シーガイア・フローランテ宮崎, 宮崎駅東口〜各停〜イオンモール宮崎, 上西中循環線〜上西中循環線〜宮交シティ"
温水平,高原町,後川内線
大塚台団地入口,宮崎交通（株）,"宮交シティ〜生目神社〜富吉車庫, 富吉車庫・生目神社〜南宮崎駅, 生目神社〜県病院前・宮崎駅・太田町〜南宮崎駅, 宮交シティ〜太田町・宮崎駅・県病院前〜生目神社, 宮交シティ〜宮崎駅・県病院〜生目台西3丁目, 富吉車庫・生目神社〜県病院前・宮崎駅・太田町〜南宮崎駅, 西高前〜花見・国富〜綾, 生目神社・大塚台〜県病院前〜南宮崎駅, 宮交シティ〜県病院前〜大塚台・生目神社, 宮交シティ〜県病院前・大塚台〜生目台西3丁目, 生目台西3丁目〜県病院前〜日大高校"
青葉通,宮崎交通（株）,"大学病院〜木花台・宮崎駅〜フローランテ宮崎, 大学病院〜・福ゾーン・木花台・宮崎駅〜フローランテ宮崎, 大村入口〜宮崎駅〜フローランテ宮崎, 市民の森〜青葉通・宮交シティ〜学園短大・国際大, 宮交シティ・宮崎駅〜青葉通〜シーガイア, 宮交シティ・宮崎駅〜青葉通〜シーガイア・フローランテ宮崎, 上西中循環線〜上西中循環線〜宮交シティ"
橘通り4丁目,宮崎交通（株）,"宮崎大学〜宮交シティ〜高鍋バスセンター, 宮交シティ〜高鍋駅〜高鍋バスセンター, 日大高校〜新名爪・橘通〜宮交シティ, 新名爪〜宮交シティ, 宮崎駅〜宮崎神宮, 宮崎駅-花ヶ島・大島通線〜石崎の杜歓鯨館, 看護大学〜宮交シティ〜高鍋バスセンター, 宮崎駅〜花ヶ島〜フェニックス自然動物園, 宮崎駅〜野崎東病院〜フェニックス自然動物園, 宮交シティ〜大島通線〜日大高校前, 西都バスセンター〜西佐土原〜宮交シティ, 西都バスセンター〜西佐土原〜宮崎駅, 学園短大・国際大〜宮交シティ〜西都バスセンター, 綾〜宮崎駅・文化の森〜日向学院前, 宮交シティ〜国富〜綾, 宮崎駅〜綾・酒泉の杜, 宮崎駅〜国富〜綾, 宮交シティ〜佐土原高校前, 宮崎運転免許センター〜権現町〜宮交シティ, 宮交シティ〜大淀大橋・江田原〜イオンモール宮崎, 尾頭〜花見・橘通〜日大高校, 西希望ヶ丘〜宮交シティ〜宮崎神宮, 橋の元〜飛江田・大淀大橋〜宮崎神宮, 宮交シティ〜橘通〜宮崎神宮, 東宮団地〜看護大〜古賀総合病院, 宮交シティ〜橘通・江田原〜市民の森, 西希望ヶ丘〜宮交シティ・平和が丘団地〜古賀総合病院, 宮崎駅〜公立大前〜古賀総合病院, 宮交シティ〜平和が丘団地〜古賀総合病院, 宮交シティ〜平和が丘団地〜北高校, 生目台西3丁目〜県病院前〜日大高校, 東宮団地〜看護大〜北高校, 看護大学〜宮交シティ〜下畑・井上, 宮交シティ〜池内〜下畑・井上, 西都バスセンター〜春田バイパス・北バイパス・橘通〜大学病院・宮崎大学, 西希望ヶ丘〜一ツ葉有料道路〜宮崎神宮, 宮崎神宮〜月見ヶ丘〜宮交シティ, 宮崎神宮〜月見ヶ丘〜宮崎神宮, 宮崎神宮〜月見ヶ丘（池ノ上）, 宮交シティ〜平和が丘団地〜宮交シティ, 宮交シティ〜平和が丘団地〜西希望ヶ丘, 東宮団地〜平和が丘団地〜宮交シティ, 宮交シティ〜飛江田団地・大淀大橋〜原町・文化公園, 文化公園・原町〜宮交シティ・飛江田団地〜原町・文化公園, 文化公園・原町〜宮交シティ・飛江田団地〜宮交シティ, 宮交シティ・飛江田団地〜大淀大橋・橘通〜宮崎神宮, 宮交シティ・飛江田団地〜橘橋〜原町・文化公園, 宮崎神宮・原町〜宮交シティ・飛江田団地〜大淀大橋・橘通〜宮崎神宮, 宮崎神宮・原町〜宮交シティ・飛江田団地〜橘橋〜原町・宮崎神宮, 月見ヶ丘〜宮交シティ〜宮崎神宮, 宮交シティ〜西都バスセンター〜妻高校前, （ダ）宮崎駅〜綾・酒泉の杜, （ダ）宮交シティ〜橘橋〜綾・酒泉の杜, 宮崎神宮〜月見ヶ丘郵便局前〜宮崎神宮, 宮交シティ〜月見ヶ丘郵便局前〜宮崎神宮, イオンモール宮崎〜江田原・橘橋〜宮交シティ・月見ヶ丘（池の上）, 西都バスセンター〜花ヶ島・宮交シティ〜国立東病院"
橘通り4丁目,高鍋町・木城町,宮交シティ〜高鍋〜木城温泉館湯らら
青葉町,宮崎交通（株）,"引土街区公園・柳丸町〜青葉町〜平和台・平和台公園, 引土街区公園・柳丸町〜青葉町〜平和台, 薫る坂〜橘通・宮崎駅〜引土街区公園"
大橋3丁目,宮崎交通（株）,"小林駅〜宮崎駅, 小林駅〜宮交シティ, 小林駅〜野尻〜宮崎空港, 小林駅〜宮崎駅〜宮崎空港, 小林駅〜宮交シティ・福祉センター〜宮崎空港, 宮交シティ〜生目神社〜富吉車庫, 富吉車庫・生目神社〜南宮崎駅, 尾頭〜穆佐・大橋〜宮崎駅, 生目神社〜県病院前・宮崎駅・太田町〜南宮崎駅, 宮交シティ〜太田町・宮崎駅・県病院前〜生目神社, 宮交シティ〜宮崎駅・県病院〜生目台西3丁目, 富吉車庫・生目神社〜県病院前・宮崎駅・太田町〜南宮崎駅, 尾頭〜穆佐・祇園台・大橋〜宮崎駅〜宮崎学園前, 宮崎駅〜県病院前・大塚台〜西高前, 宮崎駅〜県病院前・地蔵田〜西高前, 宮交シティ〜小松台・悠楽園〜富吉車庫, 宮崎駅〜県病院前〜記念病院, ニトリモール宮崎・宮交シティ〜記念病院〜有田・宮の下, ニトリモール宮崎・宮交シティ〜橘通〜記念病院, 宮交シティ〜橘通〜記念病院, 悠楽園・小松台〜橘通〜宮交シティ, 宮交シティ〜橘通・記念病院〜有田・宮の下, 宮交シティ〜橘通・記念病院〜生目の杜運動公園, 生目神社・大塚台〜県病院前〜南宮崎駅, 宮交シティ〜県病院前〜大塚台・生目神社, 悠楽園・小松台〜県病院前〜宮崎駅, 宮交シティ〜県病院前・大塚台〜生目台西3丁目, 生目台西3丁目〜県病院前〜日大高校, 宮交シティ〜小松台〜医師会病院・富吉車庫, 小林駅〜宮交シティ〜学園短大・国際大, 小林高校〜宮交シティ・福祉センター〜宮崎空港"
生目神社,宮崎交通（株）,"宮交シティ〜生目神社〜富吉車庫, 富吉車庫・生目神社〜南宮崎駅, 生目神社〜県病院前・宮崎駅・太田町〜南宮崎駅, 宮交シティ〜太田町・宮崎駅・県病院前〜生目神社, 富吉車庫・生目神社〜県病院前・宮崎駅・太田町〜南宮崎駅, 宮崎駅〜大塚台・細江〜尾頭, 生目神社・大塚台〜県病院前〜南宮崎駅, 宮交シティ〜県病院前〜大塚台・生目神社"
上西中,宮崎交通（株）,上西中循環線〜上西中循環線〜宮交シティ
錦町,宮崎交通（株）,"宮交シティ-宮崎駅-光陽台, 宮崎大学〜清武・宮崎駅・権現町〜宮崎運転免許センター, ニトリモール宮崎〜宮交シティ・宮崎駅・権現町〜宮崎運転免許センター, 宮交シティ〜大淀大橋・波島〜シーガイア, 宮交シティ・宮崎駅〜権現町〜宮崎運転免許センター, 大学病院〜木花台・宮崎駅〜フローランテ宮崎, 大学病院〜・福ゾーン・木花台・宮崎駅〜フローランテ宮崎, 大村入口〜宮崎駅〜フローランテ宮崎, 市民の森〜青葉通・宮交シティ〜学園短大・国際大, 宮交シティ・宮崎駅〜青葉通〜シーガイア, 宮交シティ・宮崎駅〜青葉通〜シーガイア・フローランテ宮崎, 宮交シティ〜大淀大橋・宮崎駅〜波島・市民の森, 雁ヶ音団地〜宮崎駅・橘通・大淀大橋〜宮交シティ, 宮交シティ〜大淀大橋・橘通・宮崎駅〜波島・雁ヶ音団地, 宮交シティ〜宮崎駅〜波島・フェニックス自然動物園・波島〜宮崎駅〜宮交シティ, 上西中循環線〜上西中循環線〜宮交シティ"
大工町,宮崎交通（株）,"小林駅〜宮崎駅, 小林駅〜宮交シティ, 小林駅〜野尻〜宮崎空港, 小林駅〜宮崎駅〜宮崎空港, 小林駅〜宮交シティ・福祉センター〜宮崎空港, 宮交シティ〜生目神社〜富吉車庫, 富吉車庫・生目神社〜南宮崎駅, 尾頭〜穆佐・大橋〜宮崎駅, 宮交シティ〜宮商経由〜綾, 生目神社〜県病院前・宮崎駅・太田町〜南宮崎駅, 宮交シティ〜太田町・宮崎駅・県病院前〜生目神社, 宮崎駅〜生目台・宮崎道〜西都城駅前バスセンター, 宮交シティ〜宮崎駅・県病院〜生目台西3丁目, 富吉車庫・生目神社〜県病院前・宮崎駅・太田町〜南宮崎駅, 尾頭〜穆佐・祇園台・大橋〜宮崎駅〜宮崎学園前, 宮崎駅〜県病院前・大塚台〜西高前, 宮交シティ〜橘通〜下北方, 宮崎駅〜県病院前・地蔵田〜西高前, 下北方〜橘通〜海洋高校, 宮交シティ〜小松台・悠楽園〜富吉車庫, 宮崎駅〜県病院前〜記念病院, ニトリモール宮崎・宮交シティ〜記念病院〜有田・宮の下, ニトリモール宮崎・宮交シティ〜橘通〜記念病院, 宮交シティ〜橘通〜記念病院, 悠楽園・小松台〜橘通〜宮交シティ, 宮交シティ〜橘通・記念病院〜有田・宮の下, 宮交シティ〜橘通・記念病院〜生目の杜運動公園, 生目神社・大塚台〜県病院前〜南宮崎駅, 宮交シティ〜県病院前〜大塚台・生目神社, 悠楽園・小松台〜県病院前〜宮崎駅, 宮交シティ〜県病院前・大塚台〜生目台西3丁目, 生目台西3丁目〜県病院前〜日大高校, 宮交シティ〜小松台〜医師会病院・富吉車庫, 宮交シティ〜東九州道〜高千穂バスセンター・高千穂大橋, 小林駅〜宮交シティ〜学園短大・国際大, 小林高校〜宮交シティ・福祉センター〜宮崎空港"
上的野,宮崎交通（株）,宮崎駅〜大塚台・細江〜尾頭
東大工町,宮崎交通（株）,"宮交シティ〜生目神社〜富吉車庫, 富吉車庫・生目神社〜南宮崎駅, 尾頭〜穆佐・大橋〜宮崎駅, 宮交シティ〜宮商経由〜綾, 生目神社〜県病院前・宮崎駅・太田町〜南宮崎駅, 宮交シティ〜太田町・宮崎駅・県病院前〜生目神社, 宮交シティ〜宮崎駅・県病院〜生目台西3丁目, 富吉車庫・生目神社〜県病院前・宮崎駅・太田町〜南宮崎駅, 尾頭〜穆佐・祇園台・大橋〜宮崎駅〜宮崎学園前, 宮崎駅〜県病院前・大塚台〜西高前, 宮交シティ〜橘通〜下北方, 宮崎駅〜県病院前・地蔵田〜西高前, 下北方〜橘通〜海洋高校, 宮交シティ〜小松台・悠楽園〜富吉車庫, 宮崎駅〜県病院前〜記念病院, ニトリモール宮崎・宮交シティ〜記念病院〜有田・宮の下, ニトリモール宮崎・宮交シティ〜橘通〜記念病院, 宮交シティ〜橘通〜記念病院, 悠楽園・小松台〜橘通〜宮交シティ, 宮交シティ〜橘通・記念病院〜有田・宮の下, 宮交シティ〜橘通・記念病院〜生目の杜運動公園, 生目神社・大塚台〜県病院前〜南宮崎駅, 宮交シティ〜県病院前〜大塚台・生目神社, 悠楽園・小松台〜県病院前〜宮崎駅, 宮交シティ〜県病院前・大塚台〜生目台西3丁目, 生目台西3丁目〜県病院前〜日大高校, 宮交シティ〜小松台〜医師会病院・富吉車庫"
大塚神社前,宮崎交通（株）,"宮崎駅〜花見〜雀ケ野, 宮崎駅〜花見〜尾頭, 宮崎駅〜祇園台・穆佐〜尾頭, 医師会病院〜小松台〜宮交シティ, 尾頭〜花見・橘通〜日大高校, 尾頭〜花見・宮崎駅・文化の森〜日向学院前, 宮崎駅〜穆佐・祇園台・高岡温泉〜桜学園, 桜学園〜尾頭・祇園台・穆佐〜宮崎駅"
県病院前,宮崎交通（株）,"小林駅〜宮崎駅, 小林駅〜宮交シティ, 小林駅〜野尻〜宮崎空港, 小林駅〜宮崎駅〜宮崎空港, 小林駅〜宮交シティ・福祉センター〜宮崎空港, 宮交シティ〜生目神社〜富吉車庫, 富吉車庫・生目神社〜南宮崎駅, 尾頭〜穆佐・大橋〜宮崎駅, 宮交シティ〜宮商経由〜綾, 生目神社〜県病院前・宮崎駅・太田町〜南宮崎駅, 宮交シティ〜太田町・宮崎駅・県病院前〜生目神社, 宮崎駅〜生目台・宮崎道〜西都城駅前バスセンター, 宮交シティ〜宮崎駅・県病院〜生目台西3丁目, 富吉車庫・生目神社〜県病院前・宮崎駅・太田町〜南宮崎駅, 平和が丘〜県病院前〜宮崎空港, 尾頭〜穆佐・祇園台・大橋〜宮崎駅〜宮崎学園前, 宮崎駅〜県病院前・大塚台〜西高前, 宮交シティ〜橘通〜平和台, 宮交シティ〜橘通〜下北方, 宮崎駅〜県病院前・地蔵田〜西高前, 下北方〜橘通〜海洋高校, 宮交シティ〜小松台・悠楽園〜富吉車庫, 宮崎駅〜県病院前〜記念病院, 引土街区公園・柳丸町〜青葉町〜平和台・平和台公園, 引土街区公園・柳丸町〜青葉町〜平和台, ニトリモール宮崎・宮交シティ〜記念病院〜有田・宮の下, ニトリモール宮崎・宮交シティ〜橘通〜記念病院, 宮交シティ〜橘通〜記念病院, 悠楽園・小松台〜橘通〜宮交シティ, 宮交シティ〜橘通・記念病院〜有田・宮の下, 宮交シティ〜橘通・記念病院〜生目の杜運動公園, 生目神社・大塚台〜県病院前〜南宮崎駅, 宮交シティ〜県病院前〜大塚台・生目神社, 宮崎駅東口〜昭和町〜平和台・平和台公園, 悠楽園・小松台〜県病院前〜宮崎駅, 宮崎駅東口〜昭和町〜平和台, 宮交シティ〜県病院前・大塚台〜生目台西3丁目, 生目台西3丁目〜県病院前〜日大高校, 宮交シティ〜小松台〜医師会病院・富吉車庫, 宮崎駅〜県病院前〜平和台, 宮交シティ〜東九州道〜高千穂バスセンター・高千穂大橋, 小林駅〜宮交シティ〜学園短大・国際大, 小林高校〜宮交シティ・福祉センター〜宮崎空港"
野村證券前,宮崎交通（株）,"宮崎大学〜宮交シティ〜高鍋バスセンター, 宮交シティ〜高鍋駅〜高鍋バスセンター, 日大高校〜新名爪・橘通〜宮交シティ, 看護大学〜宮交シティ〜高鍋バスセンター, 宮交シティ〜大島通線〜日大高校前, 西都バスセンター〜西佐土原〜宮交シティ, 学園短大・国際大〜宮交シティ〜西都バスセンター, 宮交シティ〜国富〜綾, 宮交シティ〜佐土原高校前, 宮崎運転免許センター〜権現町〜宮交シティ, 宮交シティ〜大淀大橋・江田原〜イオンモール宮崎, 西希望ヶ丘〜宮交シティ〜宮崎神宮, 宮交シティ〜橘通〜宮崎神宮, 宮交シティ〜橘通・江田原〜市民の森, 西希望ヶ丘〜宮交シティ・平和が丘団地〜古賀総合病院, 宮交シティ〜平和が丘団地〜古賀総合病院, 宮交シティ〜平和が丘団地〜北高校, 看護大学〜宮交シティ〜下畑・井上, 宮交シティ〜池内〜下畑・井上, 西都バスセンター〜春田バイパス・北バイパス・橘通〜大学病院・宮崎大学, 宮崎神宮〜月見ヶ丘〜宮交シティ, 宮崎神宮〜月見ヶ丘〜宮崎神宮, 宮崎神宮〜月見ヶ丘（池ノ上）, 宮交シティ〜平和が丘団地〜宮交シティ, 宮交シティ〜平和が丘団地〜西希望ヶ丘, 東宮団地〜平和が丘団地〜宮交シティ, 文化公園・原町〜宮交シティ・飛江田団地〜原町・文化公園, 文化公園・原町〜宮交シティ・飛江田団地〜宮交シティ, 宮交シティ・飛江田団地〜大淀大橋・橘通〜宮崎神宮, 宮崎神宮・原町〜宮交シティ・飛江田団地〜大淀大橋・橘通〜宮崎神宮, 宮崎神宮・原町〜宮交シティ・飛江田団地〜橘橋〜原町・宮崎神宮, 月見ヶ丘〜宮交シティ〜宮崎神宮, 宮交シティ〜西都バスセンター〜妻高校前, （ダ）宮交シティ〜橘橋〜綾・酒泉の杜, 宮崎神宮〜月見ヶ丘郵便局前〜宮崎神宮, イオンモール宮崎〜江田原・橘橋〜宮交シティ・月見ヶ丘（池の上）, 西都バスセンター〜花ヶ島・宮交シティ〜国立東病院"
ホテルルートイン宮崎橘,宮崎交通（株）,"宮交シティ〜高鍋駅〜高鍋バスセンター, 日大高校〜新名爪・橘通〜宮交シティ, 新名爪〜宮交シティ, 宮崎駅〜宮崎神宮, 宮崎駅-花ヶ島・大島通線〜石崎の杜歓鯨館, 看護大学〜宮交シティ〜高鍋バスセンター, 宮崎駅〜花ヶ島〜フェニックス自然動物園, 宮崎駅〜野崎東病院〜フェニックス自然動物園, 宮交シティ〜大島通線〜日大高校前, 西都バスセンター〜西佐土原〜宮交シティ, 西都バスセンター〜西佐土原〜宮崎駅, 宮交シティ〜国富〜綾, 宮崎駅〜綾・酒泉の杜, 宮崎駅〜国富〜綾, 宮交シティ〜佐土原高校前, 宮交シティ〜大淀大橋・江田原〜イオンモール宮崎, 尾頭〜花見・橘通〜日大高校, 西希望ヶ丘〜宮交シティ〜宮崎神宮, 橋の元〜飛江田・大淀大橋〜宮崎神宮, 宮交シティ〜橘通〜宮崎神宮, 東宮団地〜看護大〜古賀総合病院, 宮交シティ〜橘通・江田原〜市民の森, 西希望ヶ丘〜宮交シティ・平和が丘団地〜古賀総合病院, 宮崎駅〜公立大前〜古賀総合病院, 宮交シティ〜平和が丘団地〜古賀総合病院, 宮交シティ〜平和が丘団地〜北高校, 生目台西3丁目〜県病院前〜日大高校, 東宮団地〜看護大〜北高校, 宮交シティ〜池内〜下畑・井上, 西希望ヶ丘〜一ツ葉有料道路〜宮崎神宮, 宮崎神宮〜月見ヶ丘〜宮交シティ, 宮崎神宮〜月見ヶ丘〜宮崎神宮, 宮崎神宮〜月見ヶ丘（池ノ上）, 宮交シティ〜平和が丘団地〜宮交シティ, 宮交シティ〜平和が丘団地〜西希望ヶ丘, 東宮団地〜平和が丘団地〜宮交シティ, 宮交シティ〜飛江田団地・大淀大橋〜原町・文化公園, 文化公園・原町〜宮交シティ・飛江田団地〜原町・文化公園, 文化公園・原町〜宮交シティ・飛江田団地〜宮交シティ, 宮交シティ・飛江田団地〜大淀大橋・橘通〜宮崎神宮, 宮交シティ・飛江田団地〜橘橋〜原町・文化公園, 宮崎神宮・原町〜宮交シティ・飛江田団地〜大淀大橋・橘通〜宮崎神宮, 宮崎神宮・原町〜宮交シティ・飛江田団地〜橘橋〜原町・宮崎神宮, 月見ヶ丘〜宮交シティ〜宮崎神宮, 宮交シティ〜西都バスセンター〜妻高校前, （ダ）宮崎駅〜綾・酒泉の杜, （ダ）宮交シティ〜橘橋〜綾・酒泉の杜, 宮崎神宮〜月見ヶ丘郵便局前〜宮崎神宮, 宮交シティ〜月見ヶ丘郵便局前〜宮崎神宮, 西都バスセンター〜花ヶ島・宮交シティ〜国立東病院"
ホテルルートイン宮崎橘,高鍋町・木城町,宮交シティ〜高鍋〜木城温泉館湯らら
野村證券前,高鍋町・木城町,宮交シティ〜高鍋〜木城温泉館湯らら
大塚台センター前,宮崎交通（株）,"宮交シティ〜生目神社〜富吉車庫, 富吉車庫・生目神社〜南宮崎駅, 大塚台センター前〜高松橋〜宮崎駅, 生目神社〜県病院前・宮崎駅・太田町〜南宮崎駅, 宮交シティ〜太田町・宮崎駅・県病院前〜生目神社, 宮崎駅〜生目台・宮崎道〜西都城駅前バスセンター, 宮交シティ〜宮崎駅・県病院〜生目台西3丁目, 富吉車庫・生目神社〜県病院前・宮崎駅・太田町〜南宮崎駅, 宮崎駅〜大塚台・細江〜尾頭, 宮崎駅〜高松橋〜生目台東5丁目, 西高前〜花見・国富〜綾, 生目神社・大塚台〜県病院前〜南宮崎駅, 宮交シティ〜県病院前〜大塚台・生目神社, 宮交シティ〜県病院前・大塚台〜生目台西3丁目, 生目台西3丁目〜県病院前〜日大高校"
日向学院前,宮崎交通（株）,"綾〜宮崎駅・文化の森〜日向学院前, 尾頭〜花見・宮崎駅・文化の森〜日向学院前, 引土街区公園・柳丸町〜青葉町〜平和台・平和台公園, 引土街区公園・柳丸町〜青葉町〜平和台, 薫る坂〜橘通・宮崎駅〜引土街区公園"
西中,宮崎交通（株）,上西中循環線〜上西中循環線〜宮交シティ
千草町,宮崎交通（株）,"宮交シティ〜生目神社〜富吉車庫, 富吉車庫・生目神社〜南宮崎駅, 尾頭〜穆佐・大橋〜宮崎駅, 宮交シティ〜宮商経由〜綾, 生目神社〜県病院前・宮崎駅・太田町〜南宮崎駅, 宮交シティ〜太田町・宮崎駅・県病院前〜生目神社, 宮交シティ〜宮崎駅・県病院〜生目台西3丁目, 富吉車庫・生目神社〜県病院前・宮崎駅・太田町〜南宮崎駅, 平和が丘〜県病院前〜宮崎空港, 尾頭〜穆佐・祇園台・大橋〜宮崎駅〜宮崎学園前, 宮崎駅〜県病院前・大塚台〜西高前, 宮交シティ〜橘通〜平和台, 宮交シティ〜橘通〜下北方, 宮崎駅〜県病院前・地蔵田〜西高前, 下北方〜橘通〜海洋高校, 宮交シティ〜小松台・悠楽園〜富吉車庫, 宮崎駅〜県病院前〜記念病院, 引土街区公園・柳丸町〜青葉町〜平和台・平和台公園, 引土街区公園・柳丸町〜青葉町〜平和台, ニトリモール宮崎・宮交シティ〜記念病院〜有田・宮の下, ニトリモール宮崎・宮交シティ〜橘通〜記念病院, 宮交シティ〜橘通〜記念病院, 悠楽園・小松台〜橘通〜宮交シティ, 宮交シティ〜橘通・記念病院〜有田・宮の下, 宮交シティ〜橘通・記念病院〜生目の杜運動公園, 生目神社・大塚台〜県病院前〜南宮崎駅, 宮交シティ〜県病院前〜大塚台・生目神社, 宮崎駅東口〜昭和町〜平和台・平和台公園, 悠楽園・小松台〜県病院前〜宮崎駅, 宮崎駅東口〜昭和町〜平和台, 宮交シティ〜県病院前・大塚台〜生目台西3丁目, 生目台西3丁目〜県病院前〜日大高校, 宮交シティ〜小松台〜医師会病院・富吉車庫, 宮崎駅〜県病院前〜平和台"
大塚台西2丁目,宮崎交通（株）,"宮交シティ〜生目神社〜富吉車庫, 富吉車庫・生目神社〜南宮崎駅, 生目神社〜県病院前・宮崎駅・太田町〜南宮崎駅, 宮交シティ〜太田町・宮崎駅・県病院前〜生目神社, 宮交シティ〜宮崎駅・県病院〜生目台西3丁目, 富吉車庫・生目神社〜県病院前・宮崎駅・太田町〜南宮崎駅, 宮崎駅〜高松橋〜生目台東5丁目, 生目神社・大塚台〜県病院前〜南宮崎駅, 宮交シティ〜県病院前〜大塚台・生目神社, 宮交シティ〜県病院前・大塚台〜生目台西3丁目, 生目台西3丁目〜県病院前〜日大高校"
蒲牟田活性化センター前,高原町,湯之元蒲牟田線
MRT前,宮崎交通（株）,"小林駅〜宮崎駅, 小林駅〜宮交シティ, 小林駅〜宮崎駅〜宮崎空港, 小林駅〜宮交シティ・福祉センター〜宮崎空港, 富吉車庫・生目神社〜南宮崎駅, 尾頭〜穆佐・大橋〜宮崎駅, 宮交シティ〜宮商経由〜綾, 生目神社〜県病院前・宮崎駅・太田町〜南宮崎駅, 宮交シティ〜宮崎駅・県病院〜生目台西3丁目, 富吉車庫・生目神社〜県病院前・宮崎駅・太田町〜南宮崎駅, 平和が丘〜県病院前〜宮崎空港, 尾頭〜穆佐・祇園台・大橋〜宮崎駅〜宮崎学園前, 宮交シティ〜橘通〜平和台, 宮交シティ〜橘通〜下北方, 下北方〜橘通〜海洋高校, 宮交シティ〜小松台・悠楽園〜富吉車庫, 宮崎駅〜県病院前〜記念病院, 引土街区公園・柳丸町〜青葉町〜平和台・平和台公園, 引土街区公園・柳丸町〜青葉町〜平和台, ニトリモール宮崎・宮交シティ〜橘通〜記念病院, 宮交シティ〜橘通〜記念病院, 悠楽園・小松台〜橘通〜宮交シティ, 宮交シティ〜橘通・記念病院〜有田・宮の下, 宮交シティ〜橘通・記念病院〜生目の杜運動公園, 生目神社・大塚台〜県病院前〜南宮崎駅, 宮崎駅東口〜昭和町〜平和台・平和台公園, 悠楽園・小松台〜県病院前〜宮崎駅, 宮崎駅東口〜昭和町〜平和台, 宮交シティ〜県病院前・大塚台〜生目台西3丁目, 生目台西3丁目〜県病院前〜日大高校, 宮交シティ〜小松台〜医師会病院・富吉車庫, 宮崎駅〜県病院前〜平和台, 小林駅〜宮交シティ〜学園短大・国際大, 小林高校〜宮交シティ・福祉センター〜宮崎空港"
山形屋前（グリスロ）,宮崎交通（株）,あみーろーど・宮崎駅前〜山形屋前・若草通西〜あみーろーど
山形屋前（宮崎市）,宮崎交通（株）,"宮交シティ-宮崎駅-光陽台, 小林駅〜宮崎駅, 小林駅〜宮崎駅〜宮崎空港, 宮崎駅〜木花台〜折生迫, 宮崎駅〜橘通・宮崎空港・鵜戸神宮〜飫肥, 宮崎駅〜橘通・宮交シティ・南バイパス〜宮崎空港, 宮崎駅〜橘通・宮崎空港・堀切峠トンネル〜鵜戸神宮〜飫肥, ニトリモール宮崎〜宮交シティ・宮崎駅・権現町〜宮崎運転免許センター, 宮崎駅〜東宮団地〜青島, 生目神社〜県病院前・宮崎駅・太田町〜南宮崎駅, 宮交シティ〜太田町・宮崎駅・県病院前〜生目神社, 宮交シティ〜大淀大橋・波島〜シーガイア, 宮崎駅〜生目台・宮崎道〜西都城駅前バスセンター, 宮交シティ〜宮崎駅・県病院〜生目台西3丁目, 宮崎駅〜花見〜雀ケ野, 富吉車庫・生目神社〜県病院前・宮崎駅・太田町〜南宮崎駅, 宮崎駅〜山崎・まなび野・医大・福祉ゾーン〜宮崎大学, 宮崎駅〜祇園台・穆佐〜尾頭, 医師会病院〜小松台〜宮交シティ, 宮交シティ・宮崎駅〜権現町〜宮崎運転免許センター, 宮崎駅〜山崎・まなび野・医大〜宮崎大学, 宮崎駅〜木花台〜青島, 宮崎駅〜大塚台・細江〜尾頭, 宮崎駅〜宝塚ニュータウン〜生目台西3丁目, 宮崎駅〜高松橋〜生目台東5丁目, 宮崎駅〜青島〜白浜入口, 宮崎駅〜青島〜青島サンクマール, 宮崎駅〜東宮団地〜折生迫, 宮崎駅〜木花・宮崎大学〜大学病院, 宮崎駅〜正手〜七野, 宮崎駅〜正手・合又〜田野運動公園, 宮崎駅〜県病院前・大塚台〜西高前, 宮崎駅〜清武・医大・福祉ソーン〜宮崎大学, 宮崎駅〜木花・宮崎大学・福祉ゾーン〜大学病院, 大学病院〜木花台・宮崎駅〜フローランテ宮崎, 宮崎駅〜天満1丁目〜黒北, 宮崎駅〜中野〜学園短大・国際大, 宮崎駅〜中野〜上丸目, 薫る坂〜福祉文化公園・橘通〜宮崎駅, 市民の森〜青葉通・宮交シティ〜学園短大・国際大, 宮崎駅〜中野・谷の口〜尾平, 宮崎駅〜清武・医大〜木花駅西口, 宮崎駅〜清武・医大〜宮崎大学, 宮崎駅〜県病院前・地蔵田〜西高前, 宮崎駅〜県病院前〜記念病院, 宮交シティ〜宮崎駅〜宮崎港, 宮交シティ・宮崎駅〜青葉通〜シーガイア, 宮交シティ・宮崎駅〜青葉通〜シーガイア・フローランテ宮崎, 宮交シティ〜大淀大橋・宮崎駅〜波島・市民の森, 雁ヶ音団地〜宮崎駅・橘通・大淀大橋〜宮交シティ, 薫る坂〜橘通・宮崎駅〜引土街区公園, 宮交シティ〜大淀大橋・橘通・宮崎駅〜波島・雁ヶ音団地, 悠楽園・小松台〜県病院前〜宮崎駅, 宮崎駅〜南詰・地蔵田〜生目台西3丁目, 宮崎駅〜橘通・花山手〜生目台西3丁目, 宮崎駅〜清武・医大・宮崎大学・タウンセンター〜木花, 宮崎駅〜まなび野〜東宮団地, 宮崎駅〜清武・医大・宮崎大学〜タウンセンター, 宮崎駅〜清武・大学病院・熊野〜宮崎大学, ニトリモール宮崎〜福祉センター・橘通〜宮崎駅, 宮崎駅〜県病院前〜平和台, 宮崎駅・宮崎空港〜宮崎道〜西都城駅前バスセンター, 宮交シティ〜東九州道〜高千穂バスセンター・高千穂大橋, 宮崎駅〜宝塚ニュータウン〜宮崎駅, 宮交シティ〜宮崎駅〜波島・フェニックス自然動物園・波島〜宮崎駅〜宮交シティ, 上西中循環線〜上西中循環線〜宮交シティ, 宮崎駅〜穆佐・祇園台・高岡温泉〜桜学園, 宮崎駅〜正手・七野〜青井岳"
カリーノ宮崎前,宮崎交通（株）,"宮崎駅〜宮崎神宮, 宮崎駅-花ヶ島・大島通線〜石崎の杜歓鯨館, 宮崎駅〜花ヶ島〜フェニックス自然動物園, 宮崎駅〜野崎東病院〜フェニックス自然動物園, 西都バスセンター〜西佐土原〜宮崎駅, 小林駅〜宮崎駅〜宮崎空港, 宮崎空港〜福祉センター・宮交シティ〜宮崎駅, 宮崎駅〜木花台〜折生迫, 宮崎駅〜橘通・宮崎空港・鵜戸神宮〜飫肥, 宮崎駅〜橘通・宮交シティ・南バイパス〜宮崎空港, 宮崎駅〜橘通・宮崎空港・堀切峠トンネル〜鵜戸神宮〜飫肥, 宮崎大学〜清武・宮崎駅・権現町〜宮崎運転免許センター, 綾〜宮崎駅・文化の森〜日向学院前, 宮崎駅〜国富〜綾, ニトリモール宮崎〜宮交シティ・宮崎駅・権現町〜宮崎運転免許センター, 尾頭〜穆佐・大橋〜宮崎駅, 宮崎駅〜東宮団地〜青島, 大塚台センター前〜高松橋〜宮崎駅, 生目神社〜県病院前・宮崎駅・太田町〜南宮崎駅, 宮交シティ〜太田町・宮崎駅・県病院前〜生目神社, 宮交シティ〜大淀大橋・波島〜シーガイア, 西都城駅前バスセンター・栄町〜宮崎道〜宮崎空港・宮崎駅, 宮交シティ〜宮崎駅・県病院〜生目台西3丁目, 清武駅〜学園短大・国際大〜宮崎駅, 宮崎駅〜花見〜雀ケ野, 富吉車庫・生目神社〜県病院前・宮崎駅・太田町〜南宮崎駅, 宮崎駅〜山崎・まなび野・医大・福祉ゾーン〜宮崎大学, 宮崎駅〜花見〜尾頭, 宮崎駅〜祇園台・穆佐〜尾頭, 医師会病院〜小松台〜宮交シティ, 宮交シティ・宮崎駅〜権現町〜宮崎運転免許センター, 宮崎駅〜山崎・まなび野・医大〜宮崎大学, 宮崎駅〜木花台〜青島, 宮崎駅〜大塚台・細江〜尾頭, 宮崎駅〜宝塚ニュータウン〜生目台西3丁目, 宮崎駅〜高松橋〜生目台東5丁目, 尾頭〜穆佐・祇園台・大橋〜宮崎駅〜宮崎学園前, 尾頭〜花見・宮崎駅・文化の森〜日向学院前, 宮崎駅〜青島〜青島サンクマール, 宮崎駅〜東宮団地〜折生迫, 宮崎駅〜青島, 七野〜福祉センター〜宮崎駅, 宮崎駅〜木花・宮崎大学〜大学病院, 宮崎駅〜正手〜七野, 宮崎駅〜まなび野〜大学病院, 宮崎駅〜正手・合又〜田野運動公園, 宮崎駅〜清武・医大・福祉ソーン〜宮崎大学, 宮崎駅〜木花・宮崎大学・福祉ゾーン〜大学病院, 青島〜休養村センター〜宮崎駅, ニトリモール宮崎〜宮交シティ〜宮崎駅, 宮崎大学〜木花〜宮崎駅, 大学病院〜・福ゾーン・木花台・宮崎駅〜フローランテ宮崎, 宮崎駅〜天満1丁目〜黒北, 宮崎駅〜中野〜学園短大・国際大, 大村入口〜宮崎駅〜フローランテ宮崎, 宮崎駅〜中野〜上丸目, 薫る坂〜福祉文化公園・橘通〜宮崎駅, 宮崎駅〜中野・谷の口〜尾平, 青島〜ニトリモール宮崎〜宮崎駅, 宮崎駅〜清武・医大〜木花駅西口, 宮崎駅〜清武〜医大・福祉・木花駅西口, 宮崎駅〜清武・医大〜宮崎大学, 宮崎駅〜県病院前〜記念病院, 東宮団地〜看護大〜宮崎駅, 宮交シティ〜宮崎駅〜宮崎港, 宮交シティ・宮崎駅〜青葉通〜シーガイア, 宮交シティ・宮崎駅〜青葉通〜シーガイア・フローランテ宮崎, 宮交シティ〜大淀大橋・宮崎駅〜波島・市民の森, 薫る坂〜橘通・宮崎駅〜引土街区公園, 宮交シティ〜大淀大橋・橘通・宮崎駅〜波島・雁ヶ音団地, 悠楽園・小松台〜県病院前〜宮崎駅, 宮崎駅〜公立大前〜古賀総合病院, 宮崎駅〜南詰・地蔵田〜生目台西3丁目, 宮崎駅〜橘通・花山手〜生目台西3丁目, 宮崎駅〜清武・医大・宮崎大学〜タウンセンター, 宮崎駅〜清武・大学病院・熊野〜宮崎大学, ニトリモール宮崎〜福祉センター・橘通〜宮崎駅, 宮崎駅〜県病院前〜平和台, 宮崎駅・宮崎空港〜宮崎道〜西都城駅前バスセンター, 宮崎駅〜宝塚ニュータウン〜宮崎駅, 宮交シティ〜宮崎駅〜波島・フェニックス自然動物園・波島〜宮崎駅〜宮交シティ, （ダ）宮崎駅〜綾・酒泉の杜, 宮崎駅〜穆佐・祇園台・高岡温泉〜桜学園, 宮崎駅〜正手・七野〜青井岳, 桜学園〜尾頭・祇園台・穆佐〜宮崎駅"
花堂,宮崎交通（株）,祓川〜広原・前野〜小林駅
花堂,高原町,祓川線
宮脇町,宮崎交通（株）,"引土街区公園・柳丸町〜青葉町〜平和台・平和台公園, 引土街区公園・柳丸町〜青葉町〜平和台, 薫る坂〜橘通・宮崎駅〜引土街区公園"
郵便局前,宮崎交通（株）,"宮崎駅〜宮崎神宮, 宮交シティ-宮崎駅-光陽台, 宮崎駅-花ヶ島・大島通線〜石崎の杜歓鯨館, 宮崎駅〜花ヶ島〜フェニックス自然動物園, 宮崎駅〜野崎東病院〜フェニックス自然動物園, 西都バスセンター〜西佐土原〜宮崎駅, 小林駅〜宮崎駅, 小林駅〜宮崎駅〜宮崎空港, 宮崎空港〜福祉センター・宮交シティ〜宮崎駅, 宮崎駅〜木花台〜折生迫, 宮崎駅〜橘通・宮崎空港・鵜戸神宮〜飫肥, 宮崎駅〜橘通・宮交シティ・南バイパス〜宮崎空港, 宮崎駅〜橘通・宮崎空港・堀切峠トンネル〜鵜戸神宮〜飫肥, 宮崎大学〜清武・宮崎駅・権現町〜宮崎運転免許センター, 綾〜宮崎駅・文化の森〜日向学院前, 宮崎駅〜綾・酒泉の杜, 宮崎駅〜国富〜綾, ニトリモール宮崎〜宮交シティ・宮崎駅・権現町〜宮崎運転免許センター, 尾頭〜穆佐・大橋〜宮崎駅, 宮崎駅〜東宮団地〜青島, 大塚台センター前〜高松橋〜宮崎駅, 生目神社〜県病院前・宮崎駅・太田町〜南宮崎駅, 宮交シティ〜太田町・宮崎駅・県病院前〜生目神社, 宮交シティ〜大淀大橋・波島〜シーガイア, 西都城駅前バスセンター・栄町〜宮崎道〜宮崎空港・宮崎駅, 宮交シティ〜宮崎駅・県病院〜生目台西3丁目, 清武駅〜学園短大・国際大〜宮崎駅, 宮崎駅〜花見〜雀ケ野, 富吉車庫・生目神社〜県病院前・宮崎駅・太田町〜南宮崎駅, 宮崎駅〜山崎・まなび野・医大・福祉ゾーン〜宮崎大学, 宮崎駅〜花見〜尾頭, 宮崎駅〜祇園台・穆佐〜尾頭, 医師会病院〜小松台〜宮交シティ, 宮交シティ・宮崎駅〜権現町〜宮崎運転免許センター, 宮崎駅〜山崎・まなび野・医大〜宮崎大学, 宮崎駅〜木花台〜青島, 宮崎駅〜大塚台・細江〜尾頭, 宮崎駅〜宝塚ニュータウン〜生目台西3丁目, 宮崎駅〜高松橋〜生目台東5丁目, 尾頭〜穆佐・祇園台・大橋〜宮崎駅〜宮崎学園前, 尾頭〜花見・宮崎駅・文化の森〜日向学院前, 宮崎駅〜青島〜白浜入口, 宮崎駅〜青島〜青島サンクマール, 宮崎駅〜東宮団地〜折生迫, 宮崎駅〜青島, 七野〜福祉センター〜宮崎駅, 宮崎駅〜木花・宮崎大学〜大学病院, 宮崎駅〜正手〜七野, 宮崎駅〜まなび野〜大学病院, 宮崎駅〜正手・合又〜田野運動公園, 宮崎駅〜県病院前・大塚台〜西高前, 宮崎駅〜清武・医大・福祉ソーン〜宮崎大学, 宮崎駅〜木花・宮崎大学・福祉ゾーン〜大学病院, 青島〜休養村センター〜宮崎駅, ニトリモール宮崎〜宮交シティ〜宮崎駅, 宮崎大学〜木花〜宮崎駅, 大学病院〜木花台・宮崎駅〜フローランテ宮崎, 大学病院〜・福ゾーン・木花台・宮崎駅〜フローランテ宮崎, 宮崎駅〜天満1丁目〜黒北, 宮崎駅〜中野〜学園短大・国際大, 大村入口〜宮崎駅〜フローランテ宮崎, 宮崎駅〜中野〜上丸目, 薫る坂〜福祉文化公園・橘通〜宮崎駅, 市民の森〜青葉通・宮交シティ〜学園短大・国際大, 宮崎駅〜中野・谷の口〜尾平, 青島〜ニトリモール宮崎〜宮崎駅, 宮崎駅〜清武・医大〜木花駅西口, 宮崎駅〜清武〜医大・福祉・木花駅西口, 宮崎駅〜清武・医大〜宮崎大学, 宮崎駅〜県病院前・地蔵田〜西高前, 宮崎駅〜県病院前〜記念病院, 東宮団地〜看護大〜宮崎駅, 宮交シティ〜宮崎駅〜宮崎港, 宮交シティ・宮崎駅〜青葉通〜シーガイア, 宮交シティ・宮崎駅〜青葉通〜シーガイア・フローランテ宮崎, 宮交シティ〜大淀大橋・宮崎駅〜波島・市民の森, 雁ヶ音団地〜宮崎駅・橘通・大淀大橋〜宮交シティ, 薫る坂〜橘通・宮崎駅〜引土街区公園, 宮交シティ〜大淀大橋・橘通・宮崎駅〜波島・雁ヶ音団地, 悠楽園・小松台〜県病院前〜宮崎駅, 宮崎駅〜公立大前〜古賀総合病院, 宮崎駅〜南詰・地蔵田〜生目台西3丁目, 宮崎駅〜橘通・花山手〜生目台西3丁目, 宮崎駅〜清武・医大・宮崎大学・タウンセンター〜木花, 宮崎駅〜まなび野〜東宮団地, 宮崎駅〜清武・医大・宮崎大学〜タウンセンター, 宮崎駅〜清武・大学病院・熊野〜宮崎大学, ニトリモール宮崎〜福祉センター・橘通〜宮崎駅, 宮崎駅〜県病院前〜平和台, 宮崎駅・宮崎空港〜宮崎道〜西都城駅前バスセンター, 宮崎駅〜宝塚ニュータウン〜宮崎駅, 宮交シティ〜宮崎駅〜波島・フェニックス自然動物園・波島〜宮崎駅〜宮交シティ, 上西中循環線〜上西中循環線〜宮交シティ, （ダ）宮崎駅〜綾・酒泉の杜, 宮崎駅〜穆佐・祇園台・高岡温泉〜桜学園, 宮崎駅〜正手・七野〜青井岳, 桜学園〜尾頭・祇園台・穆佐〜宮崎駅"
郵便局前（グリスロ）,宮崎交通（株）,あみーろーど・宮崎駅前〜山形屋前・若草通西〜あみーろーど
様ヶ野,（有）高崎観光バス,雀ヶ野〜中央
細江,宮崎交通（株）,"宮崎駅〜大塚台・細江〜尾頭, 生目小〜青葉台"
高千穂通り2丁目,宮崎交通（株）,"宮崎駅〜宮崎神宮, 宮交シティ-宮崎駅-光陽台, 宮崎駅-花ヶ島・大島通線〜石崎の杜歓鯨館, 宮崎駅〜花ヶ島〜フェニックス自然動物園, 宮崎駅〜野崎東病院〜フェニックス自然動物園, 西都バスセンター〜西佐土原〜宮崎駅, 小林駅〜宮崎駅, 小林駅〜宮崎駅〜宮崎空港, 宮崎空港〜福祉センター・宮交シティ〜宮崎駅, 宮崎駅〜木花台〜折生迫, 宮崎駅〜橘通・宮崎空港・鵜戸神宮〜飫肥, 宮崎駅〜橘通・宮交シティ・南バイパス〜宮崎空港, 宮崎駅〜橘通・宮崎空港・堀切峠トンネル〜鵜戸神宮〜飫肥, 宮崎大学〜清武・宮崎駅・権現町〜宮崎運転免許センター, 綾〜宮崎駅・文化の森〜日向学院前, 宮崎駅〜綾・酒泉の杜, 宮崎駅〜国富〜綾, ニトリモール宮崎〜宮交シティ・宮崎駅・権現町〜宮崎運転免許センター, 尾頭〜穆佐・大橋〜宮崎駅, 宮崎駅〜東宮団地〜青島, 大塚台センター前〜高松橋〜宮崎駅, 生目神社〜県病院前・宮崎駅・太田町〜南宮崎駅, 宮交シティ〜太田町・宮崎駅・県病院前〜生目神社, 宮交シティ〜大淀大橋・波島〜シーガイア, 西都城駅前バスセンター・栄町〜宮崎道〜宮崎空港・宮崎駅, 宮交シティ〜宮崎駅・県病院〜生目台西3丁目, 清武駅〜学園短大・国際大〜宮崎駅, 宮崎駅〜花見〜雀ケ野, 富吉車庫・生目神社〜県病院前・宮崎駅・太田町〜南宮崎駅, 宮崎駅〜山崎・まなび野・医大・福祉ゾーン〜宮崎大学, 宮崎駅〜花見〜尾頭, 宮崎駅〜祇園台・穆佐〜尾頭, 医師会病院〜小松台〜宮交シティ, 宮交シティ・宮崎駅〜権現町〜宮崎運転免許センター, 宮崎駅〜山崎・まなび野・医大〜宮崎大学, 宮崎駅〜木花台〜青島, 宮崎駅〜大塚台・細江〜尾頭, 宮崎駅〜宝塚ニュータウン〜生目台西3丁目, 宮崎駅〜高松橋〜生目台東5丁目, 尾頭〜穆佐・祇園台・大橋〜宮崎駅〜宮崎学園前, 尾頭〜花見・宮崎駅・文化の森〜日向学院前, 宮崎駅〜青島〜白浜入口, 宮崎駅〜青島〜青島サンクマール, 宮崎駅〜東宮団地〜折生迫, 宮崎駅〜青島, 七野〜福祉センター〜宮崎駅, 宮崎駅〜木花・宮崎大学〜大学病院, 宮崎駅〜正手〜七野, 宮崎駅〜まなび野〜大学病院, 宮崎駅〜正手・合又〜田野運動公園, 宮崎駅〜県病院前・大塚台〜西高前, 宮崎駅〜清武・医大・福祉ソーン〜宮崎大学, 宮崎駅〜木花・宮崎大学・福祉ゾーン〜大学病院, 青島〜休養村センター〜宮崎駅, ニトリモール宮崎〜宮交シティ〜宮崎駅, 宮崎大学〜木花〜宮崎駅, 大学病院〜木花台・宮崎駅〜フローランテ宮崎, 大学病院〜・福ゾーン・木花台・宮崎駅〜フローランテ宮崎, 宮崎駅〜天満1丁目〜黒北, 宮崎駅〜中野〜学園短大・国際大, 大村入口〜宮崎駅〜フローランテ宮崎, 宮崎駅〜中野〜上丸目, 薫る坂〜福祉文化公園・橘通〜宮崎駅, 市民の森〜青葉通・宮交シティ〜学園短大・国際大, 宮崎駅〜中野・谷の口〜尾平, 青島〜ニトリモール宮崎〜宮崎駅, 宮崎駅〜清武・医大〜木花駅西口, 宮崎駅〜清武〜医大・福祉・木花駅西口, 宮崎駅〜清武・医大〜宮崎大学, 宮崎駅〜県病院前・地蔵田〜西高前, 宮崎駅〜県病院前〜記念病院, 東宮団地〜看護大〜宮崎駅, 宮交シティ〜宮崎駅〜宮崎港, 宮交シティ・宮崎駅〜青葉通〜シーガイア, 宮交シティ・宮崎駅〜青葉通〜シーガイア・フローランテ宮崎, 宮交シティ〜大淀大橋・宮崎駅〜波島・市民の森, 雁ヶ音団地〜宮崎駅・橘通・大淀大橋〜宮交シティ, 薫る坂〜橘通・宮崎駅〜引土街区公園, 宮交シティ〜大淀大橋・橘通・宮崎駅〜波島・雁ヶ音団地, 悠楽園・小松台〜県病院前〜宮崎駅, 宮崎駅〜公立大前〜古賀総合病院, 宮崎駅〜南詰・地蔵田〜生目台西3丁目, 宮崎駅〜橘通・花山手〜生目台西3丁目, 宮崎駅〜清武・医大・宮崎大学・タウンセンター〜木花, 宮崎駅〜まなび野〜東宮団地, 宮崎駅〜清武・医大・宮崎大学〜タウンセンター, 宮崎駅〜清武・大学病院・熊野〜宮崎大学, ニトリモール宮崎〜福祉センター・橘通〜宮崎駅, 宮崎駅〜県病院前〜平和台, 宮崎駅・宮崎空港〜宮崎道〜西都城駅前バスセンター, 宮崎駅〜宝塚ニュータウン〜宮崎駅, 宮交シティ〜宮崎駅〜波島・フェニックス自然動物園・波島〜宮崎駅〜宮交シティ, 上西中循環線〜上西中循環線〜宮交シティ, （ダ）宮崎駅〜綾・酒泉の杜, 宮崎駅〜穆佐・祇園台・高岡温泉〜桜学園, 宮崎駅〜正手・七野〜青井岳, 桜学園〜尾頭・祇園台・穆佐〜宮崎駅"
宮崎駅（グリスロ）,宮崎交通（株）,あみーろーど・宮崎駅前〜山形屋前・若草通西〜あみーろーど
宮崎駅大和口（東口）,宮崎交通（株）,"宮崎駅東口〜（直行）〜イオンモール宮崎・イオンモール北口, 宮崎駅東口〜各停〜イオンモール宮崎, 宮崎駅東口〜直行〜イオンモール宮崎, 宮崎駅東口〜昭和町〜平和台・平和台公園, 宮崎駅東口〜昭和町〜平和台"
鍋倉,高原町,後川内線
宮脇町西,宮崎交通（株）,"薫る坂〜橘通・宮崎駅〜引土街区公園, 宮崎駅東口〜昭和町〜平和台・平和台公園, 宮崎駅東口〜昭和町〜平和台"
宮崎駅東2丁目,宮崎交通（株）,"薫る坂〜橘通・宮崎駅〜引土街区公園, 宮崎駅東口〜昭和町〜平和台・平和台公園, 宮崎駅東口〜昭和町〜平和台"
宮崎ナナイロ前,宮崎交通（株）,"小林駅〜野尻〜宮崎空港, 小林駅〜宮交シティ・福祉センター〜宮崎空港, 宮交シティ〜生目神社〜富吉車庫, 宮交シティ〜橘通〜平和台, 下北方〜橘通〜海洋高校, 宮交シティ〜小松台・悠楽園〜富吉車庫, 引土街区公園・柳丸町〜青葉町〜平和台, ニトリモール宮崎・宮交シティ〜記念病院〜有田・宮の下, ニトリモール宮崎・宮交シティ〜橘通〜記念病院, 宮交シティ〜橘通〜記念病院, 悠楽園・小松台〜橘通〜宮交シティ, 宮交シティ〜橘通・記念病院〜有田・宮の下, 宮交シティ〜橘通・記念病院〜生目の杜運動公園, 宮交シティ〜県病院前〜大塚台・生目神社, 宮崎駅東口〜昭和町〜平和台・平和台公園, 宮崎駅東口〜昭和町〜平和台, 宮交シティ〜県病院前・大塚台〜生目台西3丁目, 宮交シティ〜小松台〜医師会病院・富吉車庫"
谷川,宮崎交通（株）,"小林駅〜北原町〜西都城駅前バスセンター, イオン都城・西都城駅前バスセンター〜小林駅, 小林駅〜イオンモール〜西都城駅前バスセンター・イオン都城"
大塚町,宮崎交通（株）,"宮崎駅〜花見〜雀ケ野, 宮崎駅〜花見〜尾頭, 宮崎駅〜祇園台・穆佐〜尾頭, 医師会病院〜小松台〜宮交シティ, 尾頭〜花見・橘通〜日大高校, 尾頭〜花見・宮崎駅・文化の森〜日向学院前, 宮崎駅〜穆佐・祇園台・高岡温泉〜桜学園, 桜学園〜尾頭・祇園台・穆佐〜宮崎駅"
宮崎駅,宮崎交通（株）,"宮崎駅〜宮崎神宮, 宮交シティ-宮崎駅-光陽台, 宮崎駅-花ヶ島・大島通線〜石崎の杜歓鯨館, 宮崎駅〜花ヶ島〜フェニックス自然動物園, 宮崎駅〜野崎東病院〜フェニックス自然動物園, 西都バスセンター〜西佐土原〜宮崎駅, 小林駅〜宮崎駅, 小林駅〜宮崎駅〜宮崎空港, 宮崎空港〜福祉センター・宮交シティ〜宮崎駅, 宮崎駅〜木花台〜折生迫, 宮崎駅〜橘通・宮崎空港・鵜戸神宮〜飫肥, 宮崎駅〜橘通・宮交シティ・南バイパス〜宮崎空港, 宮崎駅〜橘通・宮崎空港・堀切峠トンネル〜鵜戸神宮〜飫肥, 宮崎大学〜清武・宮崎駅・権現町〜宮崎運転免許センター, 綾〜宮崎駅・文化の森〜日向学院前, 宮崎駅〜綾・酒泉の杜, 宮崎駅〜国富〜綾, 宮交シテイ〜大淀大橋〜宮崎駅, 宮崎駅〜大淀大橋〜南宮崎駅, ニトリモール宮崎〜宮交シティ・宮崎駅・権現町〜宮崎運転免許センター, 尾頭〜穆佐・大橋〜宮崎駅, 宮崎駅〜東宮団地〜青島, 大塚台センター前〜高松橋〜宮崎駅, 生目神社〜県病院前・宮崎駅・太田町〜南宮崎駅, 宮交シティ〜太田町・宮崎駅・県病院前〜生目神社, 宮交シティ〜大淀大橋・波島〜シーガイア, 西都城駅前バスセンター・栄町〜宮崎道〜宮崎空港・宮崎駅, 宮崎駅〜生目台・宮崎道〜西都城駅前バスセンター, 宮交シティ〜宮崎駅・県病院〜生目台西3丁目, 清武駅〜学園短大・国際大〜宮崎駅, 宮崎駅〜花見〜雀ケ野, 富吉車庫・生目神社〜県病院前・宮崎駅・太田町〜南宮崎駅, 宮崎駅〜山崎・まなび野・医大・福祉ゾーン〜宮崎大学, 宮崎駅〜花見〜尾頭, 宮崎駅〜祇園台・穆佐〜尾頭, 医師会病院〜小松台〜宮交シティ, 宮交シティ・宮崎駅〜権現町〜宮崎運転免許センター, 宮崎駅〜山崎・まなび野・医大〜宮崎大学, 宮崎駅〜木花台〜青島, 宮崎駅〜大塚台・細江〜尾頭, 宮崎駅〜宝塚ニュータウン〜生目台西3丁目, 宮崎駅〜高松橋〜生目台東5丁目, 尾頭〜穆佐・祇園台・大橋〜宮崎駅〜宮崎学園前, 尾頭〜花見・宮崎駅・文化の森〜日向学院前, 宮崎駅〜青島〜白浜入口, 宮崎駅〜青島〜青島サンクマール, 宮崎駅〜東宮団地〜折生迫, 宮崎駅〜青島, 七野〜福祉センター〜宮崎駅, 宮崎駅〜木花・宮崎大学〜大学病院, 宮崎駅〜正手〜七野, 宮崎駅〜まなび野〜大学病院, 宮崎駅〜正手・合又〜田野運動公園, 宮崎駅〜県病院前・大塚台〜西高前, 宮崎駅〜清武・医大・福祉ソーン〜宮崎大学, 宮崎駅〜木花・宮崎大学・福祉ゾーン〜大学病院, 青島〜休養村センター〜宮崎駅, ニトリモール宮崎〜宮交シティ〜宮崎駅, 宮崎大学〜木花〜宮崎駅, 大学病院〜木花台・宮崎駅〜フローランテ宮崎, 大学病院〜・福ゾーン・木花台・宮崎駅〜フローランテ宮崎, 宮崎駅〜天満1丁目〜黒北, 宮崎駅〜中野〜学園短大・国際大, 大村入口〜宮崎駅〜フローランテ宮崎, 宮崎駅〜中野〜上丸目, 薫る坂〜福祉文化公園・橘通〜宮崎駅, 市民の森〜青葉通・宮交シティ〜学園短大・国際大, 宮崎駅〜中野・谷の口〜尾平, 青島〜ニトリモール宮崎〜宮崎駅, 宮崎駅〜清武・医大〜木花駅西口, 宮崎駅〜清武〜医大・福祉・木花駅西口, 宮崎駅〜清武・医大〜宮崎大学, 宮崎駅〜県病院前・地蔵田〜西高前, 宮交シティ〜小松台・悠楽園〜富吉車庫, 宮崎駅〜県病院前〜記念病院, 東宮団地〜看護大〜宮崎駅, 宮交シティ〜宮崎駅〜宮崎港, 宮交シティ・宮崎駅〜青葉通〜シーガイア, 宮交シティ・宮崎駅〜青葉通〜シーガイア・フローランテ宮崎, 宮交シティ〜大淀大橋・宮崎駅〜波島・市民の森, 雁ヶ音団地〜宮崎駅・橘通・大淀大橋〜宮交シティ, 薫る坂〜橘通・宮崎駅〜引土街区公園, 宮交シティ〜大淀大橋・橘通・宮崎駅〜波島・雁ヶ音団地, 悠楽園・小松台〜県病院前〜宮崎駅, 宮崎駅〜公立大前〜古賀総合病院, 宮崎駅〜南詰・地蔵田〜生目台西3丁目, 宮崎駅〜橘通・花山手〜生目台西3丁目, 宮崎駅〜清武・医大・宮崎大学・タウンセンター〜木花, 宮崎駅〜まなび野〜東宮団地, 宮崎駅〜清武・医大・宮崎大学〜タウンセンター, 宮崎駅〜清武・大学病院・熊野〜宮崎大学, ニトリモール宮崎〜福祉センター・橘通〜宮崎駅, 宮崎駅〜県病院前〜平和台, 宮崎駅・宮崎空港〜宮崎道〜西都城駅前バスセンター, 宮交シティ〜東九州道〜高千穂バスセンター・高千穂大橋, 高千穂大橋・高千穂バスセンター〜東九州道〜宮崎空港・宮崎駅, 宮崎駅〜宝塚ニュータウン〜宮崎駅, 宮交シティ〜宮崎駅〜波島・フェニックス自然動物園・波島〜宮崎駅〜宮交シティ, 上西中循環線〜上西中循環線〜宮交シティ, （ダ）宮崎駅〜綾・酒泉の杜, 宮崎駅〜穆佐・祇園台・高岡温泉〜桜学園, 宮崎駅〜正手・七野〜青井岳, 桜学園〜尾頭・祇園台・穆佐〜宮崎駅"
水道局前,宮崎交通（株）,"大塚台センター前〜高松橋〜宮崎駅, 宮崎駅〜高松橋〜生目台東5丁目"
若草通西（グリスロ）,宮崎交通（株）,あみーろーど・宮崎駅前〜山形屋前・若草通西〜あみーろーど
蕨ヶ野,都城市,高城地区コミュニティバス　中原（四家）⇔さくらの里
あみーろーど（グリスロ）,宮崎交通（株）,あみーろーど・宮崎駅前〜山形屋前・若草通西〜あみーろーど
八所,宮崎交通（株）,"大塚台センター前〜高松橋〜宮崎駅, 宮崎駅〜大塚台・細江〜尾頭, 宮崎駅〜高松橋〜生目台東5丁目"
西大塚,宮崎交通（株）,"大塚台センター前〜高松橋〜宮崎駅, 宮崎駅〜大塚台・細江〜尾頭, 宮崎駅〜高松橋〜生目台東5丁目"
橘通り3丁目,宮崎交通（株）,"宮崎大学〜宮交シティ〜高鍋バスセンター, 宮交シティ〜高鍋駅〜高鍋バスセンター, 日大高校〜新名爪・橘通〜宮交シティ, 新名爪〜宮交シティ, 宮交シティ-宮崎駅-光陽台, 看護大学〜宮交シティ〜高鍋バスセンター, 宮交シティ〜大島通線〜日大高校前, 西都バスセンター〜西佐土原〜宮交シティ, 学園短大・国際大〜宮交シティ〜西都バスセンター, 小林駅〜宮交シティ, 小林駅〜宮崎駅〜宮崎空港, 宮崎空港〜福祉センター・宮交シティ〜宮崎駅, 宮崎駅〜木花台〜折生迫, 宮崎駅〜橘通・宮崎空港・鵜戸神宮〜飫肥, 宮崎駅〜橘通・宮交シティ・南バイパス〜宮崎空港, 小林駅〜宮交シティ・福祉センター〜宮崎空港, 宮崎駅〜橘通・宮崎空港・堀切峠トンネル〜鵜戸神宮〜飫肥, 富吉車庫・生目神社〜南宮崎駅, 宮崎大学〜清武・宮崎駅・権現町〜宮崎運転免許センター, 宮交シティ〜国富〜綾, 宮交シティ〜佐土原高校前, ニトリモール宮崎〜宮交シティ・宮崎駅・権現町〜宮崎運転免許センター, 宮交シティ〜宮商経由〜綾, 宮崎駅〜東宮団地〜青島, 大塚台センター前〜高松橋〜宮崎駅, 生目神社〜県病院前・宮崎駅・太田町〜南宮崎駅, 宮交シティ〜太田町・宮崎駅・県病院前〜生目神社, 宮崎運転免許センター〜権現町〜宮交シティ, 宮交シティ〜大淀大橋・波島〜シーガイア, 宮交シティ〜大淀大橋・江田原〜イオンモール宮崎, 西都城駅前バスセンター・栄町〜宮崎道〜宮崎空港・宮崎駅, 宮交シティ〜宮崎駅・県病院〜生目台西3丁目, 清武駅〜学園短大・国際大〜宮崎駅, 宮崎駅〜花見〜雀ケ野, 富吉車庫・生目神社〜県病院前・宮崎駅・太田町〜南宮崎駅, 宮崎駅〜山崎・まなび野・医大・福祉ゾーン〜宮崎大学, 宮崎駅〜花見〜尾頭, 宮崎駅〜祇園台・穆佐〜尾頭, 医師会病院〜小松台〜宮交シティ, 宮交シティ・宮崎駅〜権現町〜宮崎運転免許センター, 宮崎駅〜山崎・まなび野・医大〜宮崎大学, 宮崎駅〜木花台〜青島, 平和が丘〜県病院前〜宮崎空港, 尾頭〜花見・橘通〜日大高校, 宮崎駅〜大塚台・細江〜尾頭, 宮崎駅〜宝塚ニュータウン〜生目台西3丁目, 宮崎駅〜高松橋〜生目台東5丁目, 尾頭〜花見・宮崎駅・文化の森〜日向学院前, 宮崎駅〜青島〜白浜入口, 宮崎駅〜青島〜青島サンクマール, 宮崎駅〜東宮団地〜折生迫, 宮崎駅〜青島, 七野〜福祉センター〜宮崎駅, 西希望ヶ丘〜宮交シティ〜宮崎神宮, 宮崎駅〜木花・宮崎大学〜大学病院, 宮崎駅〜正手〜七野, 宮崎駅〜まなび野〜大学病院, 宮崎駅〜正手・合又〜田野運動公園, 宮崎駅〜清武・医大・福祉ソーン〜宮崎大学, 宮崎駅〜木花・宮崎大学・福祉ゾーン〜大学病院, 青島〜休養村センター〜宮崎駅, ニトリモール宮崎〜宮交シティ〜宮崎駅, 宮崎大学〜木花〜宮崎駅, 大学病院〜木花台・宮崎駅〜フローランテ宮崎, 大学病院〜・福ゾーン・木花台・宮崎駅〜フローランテ宮崎, 宮崎駅〜天満1丁目〜黒北, 宮崎駅〜中野〜学園短大・国際大, 大村入口〜宮崎駅〜フローランテ宮崎, 宮崎駅〜中野〜上丸目, 薫る坂〜福祉文化公園・橘通〜宮崎駅, 市民の森〜青葉通・宮交シティ〜学園短大・国際大, 宮崎駅〜中野・谷の口〜尾平, 橋の元〜飛江田・大淀大橋〜宮崎神宮, 青島〜ニトリモール宮崎〜宮崎駅, 宮崎駅〜清武・医大〜木花駅西口, 宮崎駅〜清武〜医大・福祉・木花駅西口, 宮交シティ〜橘通〜宮崎神宮, 宮交シティ〜橘通〜平和台, 宮崎駅〜清武・医大〜宮崎大学, 宮交シティ〜橘通〜下北方, 下北方〜橘通〜海洋高校, 宮交シティ〜小松台・悠楽園〜富吉車庫, 東宮団地〜看護大〜宮崎駅, 東宮団地〜看護大〜古賀総合病院, 宮交シティ〜宮崎駅〜宮崎港, 宮交シティ・宮崎駅〜青葉通〜シーガイア, 宮交シティ・宮崎駅〜青葉通〜シーガイア・フローランテ宮崎, 引土街区公園・柳丸町〜青葉町〜平和台・平和台公園, 引土街区公園・柳丸町〜青葉町〜平和台, 宮交シティ〜大淀大橋・宮崎駅〜波島・市民の森, ニトリモール宮崎・宮交シティ〜橘通〜記念病院, 雁ヶ音団地〜宮崎駅・橘通・大淀大橋〜宮交シティ, 宮交シティ〜橘通〜記念病院, 悠楽園・小松台〜橘通〜宮交シティ, 宮交シティ〜橘通・記念病院〜有田・宮の下, 宮交シティ〜橘通・記念病院〜生目の杜運動公園, 生目神社・大塚台〜県病院前〜南宮崎駅, 宮交シティ〜橘通・江田原〜市民の森, 薫る坂〜橘通・宮崎駅〜引土街区公園, 宮交シティ〜大淀大橋・橘通・宮崎駅〜波島・雁ヶ音団地, 宮崎駅東口〜昭和町〜平和台・平和台公園, 宮崎駅東口〜昭和町〜平和台, 西希望ヶ丘〜宮交シティ・平和が丘団地〜古賀総合病院, 宮交シティ〜平和が丘団地〜古賀総合病院, 宮交シティ〜平和が丘団地〜北高校, 宮崎駅〜南詰・地蔵田〜生目台西3丁目, 宮交シティ〜県病院前・大塚台〜生目台西3丁目, 宮交シティ〜小松台〜医師会病院・富吉車庫, 東宮団地〜看護大〜北高校, 宮崎駅〜橘通・花山手〜生目台西3丁目, 宮崎駅〜清武・医大・宮崎大学・タウンセンター〜木花, 宮崎駅〜まなび野〜東宮団地, 宮崎駅〜清武・医大・宮崎大学〜タウンセンター, 宮崎駅〜清武・大学病院・熊野〜宮崎大学, ニトリモール宮崎〜福祉センター・橘通〜宮崎駅, 宮崎駅・宮崎空港〜宮崎道〜西都城駅前バスセンター, 看護大学〜宮交シティ〜下畑・井上, 宮交シティ〜池内〜下畑・井上, 西都バスセンター〜春田バイパス・北バイパス・橘通〜大学病院・宮崎大学, 西希望ヶ丘〜一ツ葉有料道路〜宮崎神宮, 宮崎神宮〜月見ヶ丘〜宮交シティ, 宮崎神宮〜月見ヶ丘〜宮崎神宮, 宮崎神宮〜月見ヶ丘（池ノ上）, 宮交シティ〜平和が丘団地〜宮交シティ, 宮交シティ〜平和が丘団地〜西希望ヶ丘, 東宮団地〜平和が丘団地〜宮交シティ, 宮崎駅〜宝塚ニュータウン〜宮崎駅, 宮交シティ〜宮崎駅〜波島・フェニックス自然動物園・波島〜宮崎駅〜宮交シティ, 上西中循環線〜上西中循環線〜宮交シティ, 宮交シティ〜飛江田団地・大淀大橋〜原町・文化公園, 文化公園・原町〜宮交シティ・飛江田団地〜原町・文化公園, 文化公園・原町〜宮交シティ・飛江田団地〜宮交シティ, 宮交シティ・飛江田団地〜大淀大橋・橘通〜宮崎神宮, 宮交シティ・飛江田団地〜橘橋〜原町・文化公園, 宮崎神宮・原町〜宮交シティ・飛江田団地〜大淀大橋・橘通〜宮崎神宮, 宮崎神宮・原町〜宮交シティ・飛江田団地〜橘橋〜原町・宮崎神宮, 月見ヶ丘〜宮交シティ〜宮崎神宮, 宮交シティ〜西都バスセンター〜妻高校前, 小林駅〜宮交シティ〜学園短大・国際大, 小林高校〜宮交シティ・福祉センター〜宮崎空港, （ダ）宮交シティ〜橘橋〜綾・酒泉の杜, 宮崎駅〜穆佐・祇園台・高岡温泉〜桜学園, 宮崎駅〜正手・七野〜青井岳, 宮崎神宮〜月見ヶ丘郵便局前〜宮崎神宮, 宮交シティ〜月見ヶ丘郵便局前〜宮崎神宮, イオンモール宮崎〜江田原・橘橋〜宮交シティ・月見ヶ丘（池の上）, 西都バスセンター〜花ヶ島・宮交シティ〜国立東病院, 桜学園〜尾頭・祇園台・穆佐〜宮崎駅"
橘通り3丁目,高鍋町・木城町,宮交シティ〜高鍋〜木城温泉館湯らら
上大塚,宮崎交通（株）,"大塚台センター前〜高松橋〜宮崎駅, 宮崎駅〜大塚台・細江〜尾頭, 宮崎駅〜高松橋〜生目台東5丁目"
寺の下,宮崎交通（株）,宮崎空港〜（一ツ葉有料道路）〜シーガイア
科学技術館前,宮崎交通（株）,薫る坂〜橘通・宮崎駅〜引土街区公園
花堂橋,宮崎交通（株）,祓川〜広原・前野〜小林駅
中大塚,宮崎交通（株）,"大塚台センター前〜高松橋〜宮崎駅, 宮崎駅〜大塚台・細江〜尾頭, 宮崎駅〜高松橋〜生目台東5丁目"
松橋町,宮崎交通（株）,"大塚台センター前〜高松橋〜宮崎駅, 宮崎駅〜高松橋〜生目台東5丁目"
大町,宮崎交通（株）,上西中循環線〜上西中循環線〜宮交シティ
下大塚,宮崎交通（株）,"宮崎駅〜花見〜雀ケ野, 宮崎駅〜花見〜尾頭, 宮崎駅〜祇園台・穆佐〜尾頭, 医師会病院〜小松台〜宮交シティ, 尾頭〜花見・橘通〜日大高校, 宮崎駅〜大塚台・細江〜尾頭, 尾頭〜花見・宮崎駅・文化の森〜日向学院前, 宮崎駅〜穆佐・祇園台・高岡温泉〜桜学園, 桜学園〜尾頭・祇園台・穆佐〜宮崎駅"
宮崎税務署前,宮崎交通（株）,宮交シティ〜小松台・悠楽園〜富吉車庫
文化の森,宮崎交通（株）,"綾〜宮崎駅・文化の森〜日向学院前, 尾頭〜花見・宮崎駅・文化の森〜日向学院前, 引土街区公園・柳丸町〜青葉町〜平和台・平和台公園, 引土街区公園・柳丸町〜青葉町〜平和台, 宮崎駅東口〜昭和町〜平和台・平和台公園, 宮崎駅東口〜昭和町〜平和台"
宮崎太陽銀行本店前,宮崎交通（株）,宮交シティ〜小松台・悠楽園〜富吉車庫
市営住宅下,宮崎交通（株）,"宮交シティ〜生目神社〜富吉車庫, 富吉車庫・生目神社〜南宮崎駅, 生目神社〜県病院前・宮崎駅・太田町〜南宮崎駅, 宮交シティ〜太田町・宮崎駅・県病院前〜生目神社, 宮交シティ〜宮崎駅・県病院〜生目台西3丁目, 富吉車庫・生目神社〜県病院前・宮崎駅・太田町〜南宮崎駅, 宮崎駅〜高松橋〜生目台東5丁目, 生目神社・大塚台〜県病院前〜南宮崎駅, 宮交シティ〜県病院前〜大塚台・生目神社, 宮交シティ〜県病院前・大塚台〜生目台西3丁目, 生目台西3丁目〜県病院前〜日大高校"
橘通り2丁目,宮崎交通（株）,"宮崎大学〜宮交シティ〜高鍋バスセンター, 宮交シティ〜高鍋駅〜高鍋バスセンター, 日大高校〜新名爪・橘通〜宮交シティ, 新名爪〜宮交シティ, 宮交シティ-宮崎駅-光陽台, 看護大学〜宮交シティ〜高鍋バスセンター, 宮交シティ〜大島通線〜日大高校前, 西都バスセンター〜西佐土原〜宮交シティ, 学園短大・国際大〜宮交シティ〜西都バスセンター, 小林駅〜宮交シティ, 小林駅〜野尻〜宮崎空港, 小林駅〜宮崎駅〜宮崎空港, 宮崎空港〜福祉センター・宮交シティ〜宮崎駅, 宮崎駅〜木花台〜折生迫, 宮崎駅〜橘通・宮崎空港・鵜戸神宮〜飫肥, 宮崎駅〜橘通・宮交シティ・南バイパス〜宮崎空港, 小林駅〜宮交シティ・福祉センター〜宮崎空港, 宮崎駅〜橘通・宮崎空港・堀切峠トンネル〜鵜戸神宮〜飫肥, 宮交シティ〜生目神社〜富吉車庫, 富吉車庫・生目神社〜南宮崎駅, 宮崎大学〜清武・宮崎駅・権現町〜宮崎運転免許センター, 宮交シティ〜国富〜綾, 宮交シティ〜佐土原高校前, ニトリモール宮崎〜宮交シティ・宮崎駅・権現町〜宮崎運転免許センター, 宮交シティ〜宮商経由〜綾, 宮崎駅〜東宮団地〜青島, 大塚台センター前〜高松橋〜宮崎駅, 生目神社〜県病院前・宮崎駅・太田町〜南宮崎駅, 宮交シティ〜太田町・宮崎駅・県病院前〜生目神社, 宮崎運転免許センター〜権現町〜宮交シティ, 宮交シティ〜大淀大橋・波島〜シーガイア, 宮交シティ〜大淀大橋・江田原〜イオンモール宮崎, 西都城駅前バスセンター・栄町〜宮崎道〜宮崎空港・宮崎駅, 宮交シティ〜宮崎駅・県病院〜生目台西3丁目, 清武駅〜学園短大・国際大〜宮崎駅, 宮崎駅〜花見〜雀ケ野, 富吉車庫・生目神社〜県病院前・宮崎駅・太田町〜南宮崎駅, 宮崎駅〜山崎・まなび野・医大・福祉ゾーン〜宮崎大学, 宮崎駅〜花見〜尾頭, 宮崎駅〜祇園台・穆佐〜尾頭, 医師会病院〜小松台〜宮交シティ, 宮交シティ・宮崎駅〜権現町〜宮崎運転免許センター, 宮崎駅〜山崎・まなび野・医大〜宮崎大学, 宮崎駅〜木花台〜青島, 平和が丘〜県病院前〜宮崎空港, 尾頭〜花見・橘通〜日大高校, 宮崎駅〜大塚台・細江〜尾頭, 宮崎駅〜宝塚ニュータウン〜生目台西3丁目, 宮崎駅〜高松橋〜生目台東5丁目, 尾頭〜花見・宮崎駅・文化の森〜日向学院前, 宮崎駅〜青島〜白浜入口, 宮崎駅〜青島〜青島サンクマール, 宮崎駅〜東宮団地〜折生迫, 宮崎駅〜青島, 七野〜福祉センター〜宮崎駅, 西希望ヶ丘〜宮交シティ〜宮崎神宮, 宮崎駅〜木花・宮崎大学〜大学病院, 宮崎駅〜正手〜七野, 宮崎駅〜まなび野〜大学病院, 宮崎駅〜正手・合又〜田野運動公園, 宮崎駅〜清武・医大・福祉ソーン〜宮崎大学, 宮崎駅〜木花・宮崎大学・福祉ゾーン〜大学病院, 青島〜休養村センター〜宮崎駅, ニトリモール宮崎〜宮交シティ〜宮崎駅, 宮崎大学〜木花〜宮崎駅, 大学病院〜木花台・宮崎駅〜フローランテ宮崎, 大学病院〜・福ゾーン・木花台・宮崎駅〜フローランテ宮崎, 宮崎駅〜天満1丁目〜黒北, 宮崎駅〜中野〜学園短大・国際大, 大村入口〜宮崎駅〜フローランテ宮崎, 宮崎駅〜中野〜上丸目, 薫る坂〜福祉文化公園・橘通〜宮崎駅, 市民の森〜青葉通・宮交シティ〜学園短大・国際大, 宮崎駅〜中野・谷の口〜尾平, 橋の元〜飛江田・大淀大橋〜宮崎神宮, 青島〜ニトリモール宮崎〜宮崎駅, 宮崎駅〜清武・医大〜木花駅西口, 宮崎駅〜清武〜医大・福祉・木花駅西口, 宮交シティ〜橘通〜宮崎神宮, 宮交シティ〜橘通〜平和台, 宮崎駅〜清武・医大〜宮崎大学, 宮交シティ〜橘通〜下北方, 下北方〜橘通〜海洋高校, 東宮団地〜看護大〜宮崎駅, 東宮団地〜看護大〜古賀総合病院, 宮交シティ〜宮崎駅〜宮崎港, 宮交シティ・宮崎駅〜青葉通〜シーガイア, 宮交シティ・宮崎駅〜青葉通〜シーガイア・フローランテ宮崎, 引土街区公園・柳丸町〜青葉町〜平和台・平和台公園, 引土街区公園・柳丸町〜青葉町〜平和台, ニトリモール宮崎・宮交シティ〜記念病院〜有田・宮の下, 宮交シティ〜大淀大橋・宮崎駅〜波島・市民の森, ニトリモール宮崎・宮交シティ〜橘通〜記念病院, 雁ヶ音団地〜宮崎駅・橘通・大淀大橋〜宮交シティ, 宮交シティ〜橘通〜記念病院, 悠楽園・小松台〜橘通〜宮交シティ, 宮交シティ〜橘通・記念病院〜有田・宮の下, 宮交シティ〜橘通・記念病院〜生目の杜運動公園, 生目神社・大塚台〜県病院前〜南宮崎駅, 宮交シティ〜県病院前〜大塚台・生目神社, 宮交シティ〜橘通・江田原〜市民の森, 薫る坂〜橘通・宮崎駅〜引土街区公園, 宮交シティ〜大淀大橋・橘通・宮崎駅〜波島・雁ヶ音団地, 宮崎駅東口〜昭和町〜平和台・平和台公園, 宮崎駅東口〜昭和町〜平和台, 西希望ヶ丘〜宮交シティ・平和が丘団地〜古賀総合病院, 宮交シティ〜平和が丘団地〜古賀総合病院, 宮交シティ〜平和が丘団地〜北高校, 宮崎駅〜南詰・地蔵田〜生目台西3丁目, 宮交シティ〜県病院前・大塚台〜生目台西3丁目, 宮交シティ〜小松台〜医師会病院・富吉車庫, 東宮団地〜看護大〜北高校, 宮崎駅〜橘通・花山手〜生目台西3丁目, 宮崎駅〜清武・医大・宮崎大学・タウンセンター〜木花, 宮崎駅〜まなび野〜東宮団地, 宮崎駅〜清武・医大・宮崎大学〜タウンセンター, 宮崎駅〜清武・大学病院・熊野〜宮崎大学, ニトリモール宮崎〜福祉センター・橘通〜宮崎駅, 宮崎駅・宮崎空港〜宮崎道〜西都城駅前バスセンター, 看護大学〜宮交シティ〜下畑・井上, 宮交シティ〜池内〜下畑・井上, 西都バスセンター〜春田バイパス・北バイパス・橘通〜大学病院・宮崎大学, 西希望ヶ丘〜一ツ葉有料道路〜宮崎神宮, 宮崎神宮〜月見ヶ丘〜宮交シティ, 宮崎神宮〜月見ヶ丘〜宮崎神宮, 宮崎神宮〜月見ヶ丘（池ノ上）, 宮交シティ〜平和が丘団地〜宮交シティ, 宮交シティ〜平和が丘団地〜西希望ヶ丘, 東宮団地〜平和が丘団地〜宮交シティ, 宮崎駅〜宝塚ニュータウン〜宮崎駅, 宮交シティ〜宮崎駅〜波島・フェニックス自然動物園・波島〜宮崎駅〜宮交シティ, 上西中循環線〜上西中循環線〜宮交シティ, 宮交シティ〜飛江田団地・大淀大橋〜原町・文化公園, 文化公園・原町〜宮交シティ・飛江田団地〜原町・文化公園, 文化公園・原町〜宮交シティ・飛江田団地〜宮交シティ, 宮交シティ・飛江田団地〜大淀大橋・橘通〜宮崎神宮, 宮交シティ・飛江田団地〜橘橋〜原町・文化公園, 宮崎神宮・原町〜宮交シティ・飛江田団地〜大淀大橋・橘通〜宮崎神宮, 宮崎神宮・原町〜宮交シティ・飛江田団地〜橘橋〜原町・宮崎神宮, 月見ヶ丘〜宮交シティ〜宮崎神宮, 宮交シティ〜西都バスセンター〜妻高校前, 小林駅〜宮交シティ〜学園短大・国際大, 小林高校〜宮交シティ・福祉センター〜宮崎空港, （ダ）宮交シティ〜橘橋〜綾・酒泉の杜, 宮崎駅〜穆佐・祇園台・高岡温泉〜桜学園, 宮崎駅〜正手・七野〜青井岳, 宮崎神宮〜月見ヶ丘郵便局前〜宮崎神宮, 宮交シティ〜月見ヶ丘郵便局前〜宮崎神宮, イオンモール宮崎〜江田原・橘橋〜宮交シティ・月見ヶ丘（池の上）, 西都バスセンター〜花ヶ島・宮交シティ〜国立東病院, 桜学園〜尾頭・祇園台・穆佐〜宮崎駅"
橘通り2丁目,高鍋町・木城町,宮交シティ〜高鍋〜木城温泉館湯らら
市営住宅前,宮崎交通（株）,"宮交シティ〜生目神社〜富吉車庫, 富吉車庫・生目神社〜南宮崎駅, 生目神社〜県病院前・宮崎駅・太田町〜南宮崎駅, 宮交シティ〜太田町・宮崎駅・県病院前〜生目神社, 宮崎駅〜生目台・宮崎道〜西都城駅前バスセンター, 富吉車庫・生目神社〜県病院前・宮崎駅・太田町〜南宮崎駅, 西高前〜花見・国富〜綾, 生目神社・大塚台〜県病院前〜南宮崎駅, 宮交シティ〜県病院前〜大塚台・生目神社"
東原,高原町,後川内線
北狭野,宮崎交通（株）,祓川〜広原・前野〜小林駅
児童公園前,宮崎交通（株）,"宮交シテイ〜大淀大橋〜宮崎駅, 宮崎駅〜大淀大橋〜南宮崎駅"
中福良橋,宮崎交通（株）,"宮崎駅〜大塚台・細江〜尾頭, 生目小〜青葉台"
松橋2丁目,宮崎交通（株）,"大塚台センター前〜高松橋〜宮崎駅, 宮崎駅〜高松橋〜生目台東5丁目"
中原,宮崎交通（株）,上西中循環線〜上西中循環線〜宮交シティ
四家,（有）高崎観光バス,雀ヶ野〜中央
前田,宮崎交通（株）,"小林駅〜北原町〜西都城駅前バスセンター, イオン都城・西都城駅前バスセンター〜小林駅, 小林駅〜イオンモール〜西都城駅前バスセンター・イオン都城"
宮崎港,宮崎交通（株）,"宮交シティ〜宮崎駅〜宮崎港, 宮崎空港〜宮崎駅・宮崎港〜シーガイア"
浜川田,宮崎交通（株）,"宮崎駅〜県病院前・地蔵田〜西高前, 宮崎駅〜南詰・地蔵田〜生目台西3丁目"
裁判所前,宮崎交通（株）,"引土街区公園・柳丸町〜青葉町〜平和台・平和台公園, 引土街区公園・柳丸町〜青葉町〜平和台, 宮崎駅東口〜昭和町〜平和台・平和台公園, 宮崎駅東口〜昭和町〜平和台"
宮崎学園,宮崎交通（株）,"尾頭〜穆佐・祇園台・大橋〜宮崎駅〜宮崎学園前, 引土街区公園・柳丸町〜青葉町〜平和台・平和台公園, 引土街区公園・柳丸町〜青葉町〜平和台, 宮崎駅東口〜昭和町〜平和台・平和台公園, 宮崎駅東口〜昭和町〜平和台"
病院下,宮崎交通（株）,"宮崎駅〜花見〜雀ケ野, 宮崎駅〜花見〜尾頭, 宮崎駅〜祇園台・穆佐〜尾頭, 医師会病院〜小松台〜宮交シティ, 尾頭〜花見・橘通〜日大高校, 宮崎駅〜大塚台・細江〜尾頭, 宮崎駅〜宝塚ニュータウン〜生目台西3丁目, 尾頭〜花見・宮崎駅・文化の森〜日向学院前, 宮崎駅〜宝塚ニュータウン〜宮崎駅, 宮崎駅〜穆佐・祇園台・高岡温泉〜桜学園, 桜学園〜尾頭・祇園台・穆佐〜宮崎駅"
県庁前,宮崎交通（株）,"引土街区公園・柳丸町〜青葉町〜平和台・平和台公園, 引土街区公園・柳丸町〜青葉町〜平和台, 宮崎駅東口〜昭和町〜平和台・平和台公園, 宮崎駅東口〜昭和町〜平和台"
瀬頭2丁目,宮崎交通（株）,"宮交シテイ〜大淀大橋〜宮崎駅, 宮崎駅〜大淀大橋〜南宮崎駅, 引土街区公園・柳丸町〜青葉町〜平和台・平和台公園, 引土街区公園・柳丸町〜青葉町〜平和台, 宮崎駅東口〜昭和町〜平和台・平和台公園, 宮崎駅東口〜昭和町〜平和台"
蒲牟田橋,高原町,湯之元蒲牟田線
大塚台西3丁目,宮崎交通（株）,"宮交シティ〜生目神社〜富吉車庫, 富吉車庫・生目神社〜南宮崎駅, 生目神社〜県病院前・宮崎駅・太田町〜南宮崎駅, 宮交シティ〜太田町・宮崎駅・県病院前〜生目神社, 宮交シティ〜宮崎駅・県病院〜生目台西3丁目, 富吉車庫・生目神社〜県病院前・宮崎駅・太田町〜南宮崎駅, 宮崎駅〜高松橋〜生目台東5丁目, 生目神社・大塚台〜県病院前〜南宮崎駅, 宮交シティ〜県病院前〜大塚台・生目神社, 宮交シティ〜県病院前・大塚台〜生目台西3丁目, 生目台西3丁目〜県病院前〜日大高校"
宮崎若久病院前,宮崎交通（株）,宮崎駅〜南詰・地蔵田〜生目台西3丁目
松橋1丁目,宮崎交通（株）,"大塚台センター前〜高松橋〜宮崎駅, 宮崎駅〜高松橋〜生目台東5丁目"
橘通り1丁目,宮崎交通（株）,"宮崎大学〜宮交シティ〜高鍋バスセンター, 宮交シティ〜高鍋駅〜高鍋バスセンター, 日大高校〜新名爪・橘通〜宮交シティ, 新名爪〜宮交シティ, 宮交シティ-宮崎駅-光陽台, 看護大学〜宮交シティ〜高鍋バスセンター, 宮交シティ〜大島通線〜日大高校前, 西都バスセンター〜西佐土原〜宮交シティ, 学園短大・国際大〜宮交シティ〜西都バスセンター, 小林駅〜宮交シティ, 小林駅〜野尻〜宮崎空港, 小林駅〜宮崎駅〜宮崎空港, 宮崎空港〜福祉センター・宮交シティ〜宮崎駅, 宮崎駅〜木花台〜折生迫, 宮崎駅〜橘通・宮崎空港・鵜戸神宮〜飫肥, 宮崎駅〜橘通・宮交シティ・南バイパス〜宮崎空港, 小林駅〜宮交シティ・福祉センター〜宮崎空港, 宮崎駅〜橘通・宮崎空港・堀切峠トンネル〜鵜戸神宮〜飫肥, 宮交シティ〜生目神社〜富吉車庫, 富吉車庫・生目神社〜南宮崎駅, 宮崎大学〜清武・宮崎駅・権現町〜宮崎運転免許センター, 宮交シティ〜国富〜綾, 宮交シティ〜佐土原高校前, ニトリモール宮崎〜宮交シティ・宮崎駅・権現町〜宮崎運転免許センター, 宮交シティ〜宮商経由〜綾, 宮崎駅〜東宮団地〜青島, 大塚台センター前〜高松橋〜宮崎駅, 生目神社〜県病院前・宮崎駅・太田町〜南宮崎駅, 宮交シティ〜太田町・宮崎駅・県病院前〜生目神社, 宮崎運転免許センター〜権現町〜宮交シティ, 宮交シティ〜大淀大橋・波島〜シーガイア, 宮交シティ〜大淀大橋・江田原〜イオンモール宮崎, 西都城駅前バスセンター・栄町〜宮崎道〜宮崎空港・宮崎駅, 宮交シティ〜宮崎駅・県病院〜生目台西3丁目, 清武駅〜学園短大・国際大〜宮崎駅, 宮崎駅〜花見〜雀ケ野, 富吉車庫・生目神社〜県病院前・宮崎駅・太田町〜南宮崎駅, 宮崎駅〜山崎・まなび野・医大・福祉ゾーン〜宮崎大学, 宮崎駅〜花見〜尾頭, 宮崎駅〜祇園台・穆佐〜尾頭, 医師会病院〜小松台〜宮交シティ, 宮交シティ・宮崎駅〜権現町〜宮崎運転免許センター, 宮崎駅〜山崎・まなび野・医大〜宮崎大学, 宮崎駅〜木花台〜青島, 平和が丘〜県病院前〜宮崎空港, 尾頭〜花見・橘通〜日大高校, 宮崎駅〜大塚台・細江〜尾頭, 宮崎駅〜宝塚ニュータウン〜生目台西3丁目, 宮崎駅〜高松橋〜生目台東5丁目, 尾頭〜花見・宮崎駅・文化の森〜日向学院前, 宮崎駅〜青島〜白浜入口, 宮崎駅〜青島〜青島サンクマール, 宮崎駅〜東宮団地〜折生迫, 宮崎駅〜青島, 七野〜福祉センター〜宮崎駅, 西希望ヶ丘〜宮交シティ〜宮崎神宮, 宮崎駅〜木花・宮崎大学〜大学病院, 宮崎駅〜正手〜七野, 宮崎駅〜まなび野〜大学病院, 宮崎駅〜正手・合又〜田野運動公園, 宮崎駅〜清武・医大・福祉ソーン〜宮崎大学, 宮崎駅〜木花・宮崎大学・福祉ゾーン〜大学病院, 青島〜休養村センター〜宮崎駅, ニトリモール宮崎〜宮交シティ〜宮崎駅, 宮崎大学〜木花〜宮崎駅, 大学病院〜木花台・宮崎駅〜フローランテ宮崎, 大学病院〜・福ゾーン・木花台・宮崎駅〜フローランテ宮崎, 宮崎駅〜天満1丁目〜黒北, 宮崎駅〜中野〜学園短大・国際大, 大村入口〜宮崎駅〜フローランテ宮崎, 宮崎駅〜中野〜上丸目, 薫る坂〜福祉文化公園・橘通〜宮崎駅, 市民の森〜青葉通・宮交シティ〜学園短大・国際大, 宮崎駅〜中野・谷の口〜尾平, 橋の元〜飛江田・大淀大橋〜宮崎神宮, 青島〜ニトリモール宮崎〜宮崎駅, 宮崎駅〜清武・医大〜木花駅西口, 宮崎駅〜清武〜医大・福祉・木花駅西口, 宮交シティ〜橘通〜宮崎神宮, 宮交シティ〜橘通〜平和台, 宮崎駅〜清武・医大〜宮崎大学, 宮交シティ〜橘通〜下北方, 下北方〜橘通〜海洋高校, 東宮団地〜看護大〜宮崎駅, 東宮団地〜看護大〜古賀総合病院, 宮交シティ〜宮崎駅〜宮崎港, 宮交シティ・宮崎駅〜青葉通〜シーガイア, 宮交シティ・宮崎駅〜青葉通〜シーガイア・フローランテ宮崎, ニトリモール宮崎・宮交シティ〜記念病院〜有田・宮の下, 宮交シティ〜大淀大橋・宮崎駅〜波島・市民の森, ニトリモール宮崎・宮交シティ〜橘通〜記念病院, 雁ヶ音団地〜宮崎駅・橘通・大淀大橋〜宮交シティ, 宮交シティ〜橘通〜記念病院, 悠楽園・小松台〜橘通〜宮交シティ, 宮交シティ〜橘通・記念病院〜有田・宮の下, 宮交シティ〜橘通・記念病院〜生目の杜運動公園, 生目神社・大塚台〜県病院前〜南宮崎駅, 宮交シティ〜県病院前〜大塚台・生目神社, 宮交シティ〜橘通・江田原〜市民の森, 薫る坂〜橘通・宮崎駅〜引土街区公園, 宮交シティ〜大淀大橋・橘通・宮崎駅〜波島・雁ヶ音団地, 西希望ヶ丘〜宮交シティ・平和が丘団地〜古賀総合病院, 宮交シティ〜平和が丘団地〜古賀総合病院, 宮交シティ〜平和が丘団地〜北高校, 宮崎駅〜南詰・地蔵田〜生目台西3丁目, 宮交シティ〜県病院前・大塚台〜生目台西3丁目, 宮交シティ〜小松台〜医師会病院・富吉車庫, 東宮団地〜看護大〜北高校, 宮崎駅〜橘通・花山手〜生目台西3丁目, 宮崎駅〜清武・医大・宮崎大学・タウンセンター〜木花, 宮崎駅〜まなび野〜東宮団地, 宮崎駅〜清武・医大・宮崎大学〜タウンセンター, 宮崎駅〜清武・大学病院・熊野〜宮崎大学, ニトリモール宮崎〜福祉センター・橘通〜宮崎駅, 宮崎駅・宮崎空港〜宮崎道〜西都城駅前バスセンター, 看護大学〜宮交シティ〜下畑・井上, 宮交シティ〜池内〜下畑・井上, 西都バスセンター〜春田バイパス・北バイパス・橘通〜大学病院・宮崎大学, 西希望ヶ丘〜一ツ葉有料道路〜宮崎神宮, 宮崎神宮〜月見ヶ丘〜宮交シティ, 宮崎神宮〜月見ヶ丘〜宮崎神宮, 宮崎神宮〜月見ヶ丘（池ノ上）, 宮交シティ〜平和が丘団地〜宮交シティ, 宮交シティ〜平和が丘団地〜西希望ヶ丘, 東宮団地〜平和が丘団地〜宮交シティ, 宮崎駅〜宝塚ニュータウン〜宮崎駅, 宮交シティ〜宮崎駅〜波島・フェニックス自然動物園・波島〜宮崎駅〜宮交シティ, 上西中循環線〜上西中循環線〜宮交シティ, 宮交シティ〜飛江田団地・大淀大橋〜原町・文化公園, 文化公園・原町〜宮交シティ・飛江田団地〜原町・文化公園, 文化公園・原町〜宮交シティ・飛江田団地〜宮交シティ, 宮交シティ・飛江田団地〜大淀大橋・橘通〜宮崎神宮, 宮交シティ・飛江田団地〜橘橋〜原町・文化公園, 宮崎神宮・原町〜宮交シティ・飛江田団地〜大淀大橋・橘通〜宮崎神宮, 宮崎神宮・原町〜宮交シティ・飛江田団地〜橘橋〜原町・宮崎神宮, 月見ヶ丘〜宮交シティ〜宮崎神宮, 宮交シティ〜西都バスセンター〜妻高校前, 小林駅〜宮交シティ〜学園短大・国際大, 小林高校〜宮交シティ・福祉センター〜宮崎空港, （ダ）宮交シティ〜橘橋〜綾・酒泉の杜, 宮崎駅〜穆佐・祇園台・高岡温泉〜桜学園, 宮崎駅〜正手・七野〜青井岳, 宮崎神宮〜月見ヶ丘郵便局前〜宮崎神宮, 宮交シティ〜月見ヶ丘郵便局前〜宮崎神宮, イオンモール宮崎〜江田原・橘橋〜宮交シティ・月見ヶ丘（池の上）, 西都バスセンター〜花ヶ島・宮交シティ〜国立東病院, 桜学園〜尾頭・祇園台・穆佐〜宮崎駅"
橘通り1丁目,高鍋町・木城町,宮交シティ〜高鍋〜木城温泉館湯らら
大淀台,宮崎交通（株）,"宮崎駅〜宝塚ニュータウン〜生目台西3丁目, 宮崎駅〜宝塚ニュータウン〜宮崎駅"
昭和町,宮崎交通（株）,"引土街区公園・柳丸町〜青葉町〜平和台・平和台公園, 引土街区公園・柳丸町〜青葉町〜平和台, 宮崎駅東口〜昭和町〜平和台・平和台公園, 宮崎駅東口〜昭和町〜平和台"
西高入口,宮崎交通（株）,"宮交シティ〜生目神社〜富吉車庫, 富吉車庫・生目神社〜南宮崎駅, 生目神社〜県病院前・宮崎駅・太田町〜南宮崎駅, 宮交シティ〜太田町・宮崎駅・県病院前〜生目神社, 宮崎駅〜生目台・宮崎道〜西都城駅前バスセンター, 宮交シティ〜宮崎駅・県病院〜生目台西3丁目, 富吉車庫・生目神社〜県病院前・宮崎駅・太田町〜南宮崎駅, 宮崎駅〜高松橋〜生目台東5丁目, 西高前〜花見・国富〜綾, 生目神社・大塚台〜県病院前〜南宮崎駅, 宮交シティ〜県病院前〜大塚台・生目神社, 宮交シティ〜県病院前・大塚台〜生目台西3丁目, 生目台西3丁目〜県病院前〜日大高校"
生目台西1丁目,宮崎交通（株）,"宮崎駅〜生目台・宮崎道〜西都城駅前バスセンター, 宮崎駅〜高松橋〜生目台東5丁目"
瀬頭,宮崎交通（株）,"宮交シテイ〜大淀大橋〜宮崎駅, 宮崎駅〜大淀大橋〜南宮崎駅, 引土街区公園・柳丸町〜青葉町〜平和台・平和台公園, 引土街区公園・柳丸町〜青葉町〜平和台, 宮崎駅東口〜昭和町〜平和台・平和台公園, 宮崎駅東口〜昭和町〜平和台"
市民プラザ前,宮崎交通（株）,宮崎駅〜高松橋〜生目台東5丁目
地蔵田,宮崎交通（株）,"宮崎駅〜県病院前・地蔵田〜西高前, 宮崎駅〜南詰・地蔵田〜生目台西3丁目"
川原町,宮崎交通（株）,"宮交シティ〜大淀大橋・波島〜シーガイア, 宮交シティ〜大淀大橋・江田原〜イオンモール宮崎, 橋の元〜飛江田・大淀大橋〜宮崎神宮, 宮交シティ〜大淀大橋・宮崎駅〜波島・市民の森, 雁ヶ音団地〜宮崎駅・橘通・大淀大橋〜宮交シティ, 宮交シティ〜大淀大橋・橘通・宮崎駅〜波島・雁ヶ音団地, 宮交シティ〜宮崎駅〜波島・フェニックス自然動物園・波島〜宮崎駅〜宮交シティ, 上西中循環線〜上西中循環線〜宮交シティ, 宮交シティ・飛江田団地〜大淀大橋・橘通〜宮崎神宮, 宮崎神宮・原町〜宮交シティ・飛江田団地〜大淀大橋・橘通〜宮崎神宮"
松山1丁目,宮崎交通（株）,"宮交シティ〜大淀大橋・波島〜シーガイア, 宮交シティ〜大淀大橋・江田原〜イオンモール宮崎, 橋の元〜飛江田・大淀大橋〜宮崎神宮, 宮交シティ〜大淀大橋・宮崎駅〜波島・市民の森, 雁ヶ音団地〜宮崎駅・橘通・大淀大橋〜宮交シティ, 宮交シティ〜大淀大橋・橘通・宮崎駅〜波島・雁ヶ音団地, 宮交シティ〜宮崎駅〜波島・フェニックス自然動物園・波島〜宮崎駅〜宮交シティ, 上西中循環線〜上西中循環線〜宮交シティ, 宮交シティ・飛江田団地〜大淀大橋・橘通〜宮崎神宮, 宮崎神宮・原町〜宮交シティ・飛江田団地〜大淀大橋・橘通〜宮崎神宮"
公園前,宮崎交通（株）,"宮崎駅〜宝塚ニュータウン〜生目台西3丁目, 宮崎駅〜宝塚ニュータウン〜宮崎駅"
東瀬頭,宮崎交通（株）,"引土街区公園・柳丸町〜青葉町〜平和台・平和台公園, 引土街区公園・柳丸町〜青葉町〜平和台, 宮崎駅東口〜昭和町〜平和台・平和台公園, 宮崎駅東口〜昭和町〜平和台, 上西中循環線〜上西中循環線〜宮交シティ"
宮中前,宮崎交通（株）,"引土街区公園・柳丸町〜青葉町〜平和台・平和台公園, 引土街区公園・柳丸町〜青葉町〜平和台, 宮崎駅東口〜昭和町〜平和台・平和台公園, 宮崎駅東口〜昭和町〜平和台, 上西中循環線〜上西中循環線〜宮交シティ"
前田駅,宮崎交通（株）,"小林駅〜北原町〜西都城駅前バスセンター, イオン都城・西都城駅前バスセンター〜小林駅, 小林駅〜イオンモール〜西都城駅前バスセンター・イオン都城"
乱橋,宮崎交通（株）,"宮崎駅〜宝塚ニュータウン〜生目台西3丁目, 宮崎駅〜県病院前・地蔵田〜西高前, 宮崎駅〜南詰・地蔵田〜生目台西3丁目"
昭和町東,宮崎交通（株）,上西中循環線〜上西中循環線〜宮交シティ
西高前,宮崎交通（株）,"宮交シティ〜宮崎駅・県病院〜生目台西3丁目, 宮崎駅〜高松橋〜生目台東5丁目, 宮崎駅〜県病院前・大塚台〜西高前, 西高前〜花見・国富〜綾, 宮交シティ〜福祉文化公園〜西高前, 宮崎駅〜県病院前・地蔵田〜西高前, 宮交シティ〜県病院前・大塚台〜生目台西3丁目, 生目台西3丁目〜県病院前〜日大高校"
曽師,宮崎交通（株）,上西中循環線〜上西中循環線〜宮交シティ
大王町,宮崎交通（株）,"下北方〜橘通〜海洋高校, 上西中循環線〜上西中循環線〜宮交シティ"
生目台東5丁目,宮崎交通（株）,"宮崎駅〜生目台・宮崎道〜西都城駅前バスセンター, 宮崎駅〜高松橋〜生目台東5丁目"
一の宮,宮崎交通（株）,"下北方〜橘通〜海洋高校, 宮崎空港〜（一ツ葉有料道路）〜シーガイア, 宮崎空港〜宮崎駅・宮崎港〜シーガイア, 上西中循環線〜上西中循環線〜宮交シティ"
福島町,宮崎交通（株）,"宮崎駅〜花見〜雀ケ野, 宮崎駅〜花見〜尾頭, 宮崎駅〜祇園台・穆佐〜尾頭, 医師会病院〜小松台〜宮交シティ, 尾頭〜花見・橘通〜日大高校, 宮崎駅〜大塚台・細江〜尾頭, 宮崎駅〜宝塚ニュータウン〜生目台西3丁目, 尾頭〜花見・宮崎駅・文化の森〜日向学院前, 宮崎駅〜南詰・地蔵田〜生目台西3丁目, 宮崎駅〜宝塚ニュータウン〜宮崎駅, 宮崎駅〜穆佐・祇園台・高岡温泉〜桜学園, 桜学園〜尾頭・祇園台・穆佐〜宮崎駅"
生目台東4丁目,宮崎交通（株）,"宮崎駅〜生目台・宮崎道〜西都城駅前バスセンター, 宮崎駅〜高松橋〜生目台東5丁目"
奈古ノ下,宮崎交通（株）,"宮崎駅〜大塚台・細江〜尾頭, 生目小〜青葉台"
狭野,宮崎交通（株）,祓川〜広原・前野〜小林駅
狭野,高原町,祓川線
日の出町,宮崎交通（株）,下北方〜橘通〜海洋高校
藤元中央病院入口,宮崎交通（株）,"宮崎駅〜宝塚ニュータウン〜生目台西3丁目, 宮崎駅〜県病院前・地蔵田〜西高前, 宮崎駅〜南詰・地蔵田〜生目台西3丁目"
生目台西3丁目,宮崎交通（株）,"宮崎駅〜生目台・宮崎道〜西都城駅前バスセンター, 宮交シティ〜宮崎駅・県病院〜生目台西3丁目, 宮崎駅〜宝塚ニュータウン〜生目台西3丁目, 宮崎駅〜高松橋〜生目台東5丁目, 宮崎駅〜南詰・地蔵田〜生目台西3丁目, 宮交シティ〜県病院前・大塚台〜生目台西3丁目, 生目台西3丁目〜県病院前〜日大高校, 宮崎駅〜橘通・花山手〜生目台西3丁目"
中宝塚,宮崎交通（株）,"宮崎駅〜宝塚ニュータウン〜生目台西3丁目, 宮崎駅〜宝塚ニュータウン〜宮崎駅"
宮崎温泉たまゆらの湯,宮崎交通（株）,"宮交シテイ〜大淀大橋〜宮崎駅, 宮崎駅〜大淀大橋〜南宮崎駅, 宮交シティ〜大淀大橋・波島〜シーガイア, 宮交シティ〜大淀大橋・江田原〜イオンモール宮崎, 橋の元〜飛江田・大淀大橋〜宮崎神宮, 宮交シティ〜大淀大橋・宮崎駅〜波島・市民の森, 雁ヶ音団地〜宮崎駅・橘通・大淀大橋〜宮交シティ, 宮交シティ〜大淀大橋・橘通・宮崎駅〜波島・雁ヶ音団地, 宮交シティ〜東九州道〜高千穂バスセンター・高千穂大橋, 宮交シティ〜宮崎駅〜波島・フェニックス自然動物園・波島〜宮崎駅〜宮交シティ, 宮交シティ・飛江田団地〜大淀大橋・橘通〜宮崎神宮, 宮崎神宮・原町〜宮交シティ・飛江田団地〜大淀大橋・橘通〜宮崎神宮"
西高下,宮崎交通（株）,"宮交シティ〜宮崎駅・県病院〜生目台西3丁目, 宮崎駅〜高松橋〜生目台東5丁目, 宮交シティ〜福祉文化公園〜西高前, 宮崎駅〜県病院前・地蔵田〜西高前, 宮交シティ〜県病院前・大塚台〜生目台西3丁目, 生目台西3丁目〜県病院前〜日大高校"
橘公園前,宮崎交通（株）,下北方〜橘通〜海洋高校
宝塚ニュータウン,宮崎交通（株）,"宮崎駅〜宝塚ニュータウン〜生目台西3丁目, 宮崎駅〜宝塚ニュータウン〜宮崎駅"
西高南,宮崎交通（株）,"宮崎駅〜宝塚ニュータウン〜生目台西3丁目, 宮崎駅〜県病院前・地蔵田〜西高前, 宮崎駅〜南詰・地蔵田〜生目台西3丁目"
前田入口,宮崎交通（株）,"小林駅〜北原町〜西都城駅前バスセンター, イオン都城・西都城駅前バスセンター〜小林駅, 小林駅〜イオンモール〜西都城駅前バスセンター・イオン都城"
観光ホテル前,宮崎交通（株）,下北方〜橘通〜海洋高校
谷川2丁目,宮崎交通（株）,"宮崎駅〜花見〜雀ケ野, 宮崎駅〜花見〜尾頭, 宮崎駅〜祇園台・穆佐〜尾頭, 医師会病院〜小松台〜宮交シティ, 尾頭〜花見・橘通〜日大高校, 宮崎駅〜大塚台・細江〜尾頭, 宮崎駅〜宝塚ニュータウン〜生目台西3丁目, 尾頭〜花見・宮崎駅・文化の森〜日向学院前, 宮崎駅〜南詰・地蔵田〜生目台西3丁目, 宮崎駅〜宝塚ニュータウン〜宮崎駅, 宮崎駅〜穆佐・祇園台・高岡温泉〜桜学園, 桜学園〜尾頭・祇園台・穆佐〜宮崎駅"
海洋高校,宮崎交通（株）,下北方〜橘通〜海洋高校
松山2丁目田爪クリニック,宮崎交通（株）,下北方〜橘通〜海洋高校
生目台東1丁目,宮崎交通（株）,"宮崎駅〜生目台・宮崎道〜西都城駅前バスセンター, 宮交シティ〜宮崎駅・県病院〜生目台西3丁目, 宮崎駅〜宝塚ニュータウン〜生目台西3丁目, 宮崎駅〜高松橋〜生目台東5丁目, 宮崎駅〜南詰・地蔵田〜生目台西3丁目, 宮交シティ〜県病院前・大塚台〜生目台西3丁目, 生目台西3丁目〜県病院前〜日大高校, 宮崎駅〜橘通・花山手〜生目台西3丁目"
永楽町,宮崎交通（株）,下北方〜橘通〜海洋高校
吾妻町入口,宮崎交通（株）,下北方〜橘通〜海洋高校
生目台西4丁目,宮崎交通（株）,"宮崎駅〜生目台・宮崎道〜西都城駅前バスセンター, 宮交シティ〜宮崎駅・県病院〜生目台西3丁目, 宮崎駅〜宝塚ニュータウン〜生目台西3丁目, 宮崎駅〜高松橋〜生目台東5丁目, 宮崎駅〜南詰・地蔵田〜生目台西3丁目, 宮交シティ〜県病院前・大塚台〜生目台西3丁目, 生目台西3丁目〜県病院前〜日大高校, 宮崎駅〜橘通・花山手〜生目台西3丁目"
前野,宮崎交通（株）,祓川〜広原・前野〜小林駅
前野,高原町,祓川線
吾妻町,宮崎交通（株）,下北方〜橘通〜海洋高校
中西町,宮崎交通（株）,下北方〜橘通〜海洋高校
谷川1丁目,宮崎交通（株）,"宮崎駅〜花見〜雀ケ野, 宮崎駅〜花見〜尾頭, 宮崎駅〜祇園台・穆佐〜尾頭, 医師会病院〜小松台〜宮交シティ, 尾頭〜花見・橘通〜日大高校, 宮崎駅〜大塚台・細江〜尾頭, 宮崎駅〜宝塚ニュータウン〜生目台西3丁目, 尾頭〜花見・宮崎駅・文化の森〜日向学院前, 宮崎駅〜南詰・地蔵田〜生目台西3丁目, 宮崎駅〜宝塚ニュータウン〜宮崎駅, 宮崎駅〜穆佐・祇園台・高岡温泉〜桜学園, 桜学園〜尾頭・祇園台・穆佐〜宮崎駅"
出来島,宮崎交通（株）,下北方〜橘通〜海洋高校
小戸町北,宮崎交通（株）,下北方〜橘通〜海洋高校
淀川1丁目,宮崎交通（株）,"宮崎駅〜花見〜雀ケ野, 宮崎駅〜花見〜尾頭, 宮崎駅〜祇園台・穆佐〜尾頭, 医師会病院〜小松台〜宮交シティ, 尾頭〜花見・橘通〜日大高校, 宮崎駅〜大塚台・細江〜尾頭, 宮崎駅〜宝塚ニュータウン〜生目台西3丁目, 尾頭〜花見・宮崎駅・文化の森〜日向学院前, 宮崎駅〜南詰・地蔵田〜生目台西3丁目, 宮崎駅〜宝塚ニュータウン〜宮崎駅, 宮崎駅〜穆佐・祇園台・高岡温泉〜桜学園, 桜学園〜尾頭・祇園台・穆佐〜宮崎駅"
大淀小前,宮崎交通（株）,"宮崎駅〜花見〜雀ケ野, 宮崎駅〜花見〜尾頭, 宮崎駅〜祇園台・穆佐〜尾頭, 医師会病院〜小松台〜宮交シティ, 尾頭〜花見・橘通〜日大高校, 宮崎駅〜大塚台・細江〜尾頭, 宮崎駅〜宝塚ニュータウン〜生目台西3丁目, 尾頭〜花見・宮崎駅・文化の森〜日向学院前, 宮崎駅〜南詰・地蔵田〜生目台西3丁目, 宮崎駅〜宝塚ニュータウン〜宮崎駅, 宮崎駅〜穆佐・祇園台・高岡温泉〜桜学園, 桜学園〜尾頭・祇園台・穆佐〜宮崎駅"
大畑,宮崎交通（株）,生目小〜青葉台
生目台センター前,宮崎交通（株）,"宮崎駅〜生目台・宮崎道〜西都城駅前バスセンター, 宮交シティ〜宮崎駅・県病院〜生目台西3丁目, 宮崎駅〜宝塚ニュータウン〜生目台西3丁目, 宮崎駅〜高松橋〜生目台東5丁目, 宮崎駅〜南詰・地蔵田〜生目台西3丁目, 宮交シティ〜県病院前・大塚台〜生目台西3丁目, 生目台西3丁目〜県病院前〜日大高校, 宮崎駅〜橘通・花山手〜生目台西3丁目"
橘橋南詰,宮崎交通（株）,"宮崎大学〜宮交シティ〜高鍋バスセンター, 宮交シティ〜高鍋駅〜高鍋バスセンター, 日大高校〜新名爪・橘通〜宮交シティ, 新名爪〜宮交シティ, 宮交シティ-宮崎駅-光陽台, 看護大学〜宮交シティ〜高鍋バスセンター, 宮交シティ〜大島通線〜日大高校前, 西都バスセンター〜西佐土原〜宮交シティ, 学園短大・国際大〜宮交シティ〜西都バスセンター, 小林駅〜宮交シティ, 小林駅〜野尻〜宮崎空港, 小林駅〜宮崎駅〜宮崎空港, 宮崎空港〜福祉センター・宮交シティ〜宮崎駅, 宮崎駅〜木花台〜折生迫, 宮崎駅〜橘通・宮崎空港・鵜戸神宮〜飫肥, 宮崎駅〜橘通・宮交シティ・南バイパス〜宮崎空港, 小林駅〜宮交シティ・福祉センター〜宮崎空港, 宮崎駅〜橘通・宮崎空港・堀切峠トンネル〜鵜戸神宮〜飫肥, 宮交シティ〜生目神社〜富吉車庫, 富吉車庫・生目神社〜南宮崎駅, 宮崎大学〜清武・宮崎駅・権現町〜宮崎運転免許センター, 宮交シティ〜国富〜綾, 宮交シティ〜佐土原高校前, ニトリモール宮崎〜宮交シティ・宮崎駅・権現町〜宮崎運転免許センター, 宮交シティ〜宮商経由〜綾, 宮崎駅〜東宮団地〜青島, 生目神社〜県病院前・宮崎駅・太田町〜南宮崎駅, 宮交シティ〜太田町・宮崎駅・県病院前〜生目神社, 宮崎運転免許センター〜権現町〜宮交シティ, 西都城駅前バスセンター・栄町〜宮崎道〜宮崎空港・宮崎駅, 宮交シティ〜宮崎駅・県病院〜生目台西3丁目, 清武駅〜学園短大・国際大〜宮崎駅, 宮崎駅〜花見〜雀ケ野, 富吉車庫・生目神社〜県病院前・宮崎駅・太田町〜南宮崎駅, 宮崎駅〜山崎・まなび野・医大・福祉ゾーン〜宮崎大学, 宮崎駅〜祇園台・穆佐〜尾頭, 医師会病院〜小松台〜宮交シティ, 宮交シティ・宮崎駅〜権現町〜宮崎運転免許センター, 宮崎駅〜山崎・まなび野・医大〜宮崎大学, 宮崎駅〜木花台〜青島, 平和が丘〜県病院前〜宮崎空港, 宮崎駅〜大塚台・細江〜尾頭, 宮崎駅〜宝塚ニュータウン〜生目台西3丁目, 宮崎駅〜青島〜白浜入口, 宮崎駅〜青島〜青島サンクマール, 宮崎駅〜東宮団地〜折生迫, 宮崎駅〜青島, 七野〜福祉センター〜宮崎駅, 西希望ヶ丘〜宮交シティ〜宮崎神宮, 宮崎駅〜木花・宮崎大学〜大学病院, 宮崎駅〜正手〜七野, 宮崎駅〜まなび野〜大学病院, 宮崎駅〜正手・合又〜田野運動公園, 宮崎駅〜清武・医大・福祉ソーン〜宮崎大学, 宮崎駅〜木花・宮崎大学・福祉ゾーン〜大学病院, 青島〜休養村センター〜宮崎駅, ニトリモール宮崎〜宮交シティ〜宮崎駅, 宮崎大学〜木花〜宮崎駅, 大学病院〜木花台・宮崎駅〜フローランテ宮崎, 大学病院〜・福ゾーン・木花台・宮崎駅〜フローランテ宮崎, 宮崎駅〜天満1丁目〜黒北, 宮崎駅〜中野〜学園短大・国際大, 大村入口〜宮崎駅〜フローランテ宮崎, 宮崎駅〜中野〜上丸目, 薫る坂〜福祉文化公園・橘通〜宮崎駅, 市民の森〜青葉通・宮交シティ〜学園短大・国際大, 宮崎駅〜中野・谷の口〜尾平, 青島〜ニトリモール宮崎〜宮崎駅, 宮崎駅〜清武・医大〜木花駅西口, 宮崎駅〜清武〜医大・福祉・木花駅西口, 宮交シティ〜橘通〜宮崎神宮, 宮交シティ〜橘通〜平和台, 宮崎駅〜清武・医大〜宮崎大学, 宮交シティ〜橘通〜下北方, 東宮団地〜看護大〜宮崎駅, 東宮団地〜看護大〜古賀総合病院, 宮交シティ〜宮崎駅〜宮崎港, 宮交シティ・宮崎駅〜青葉通〜シーガイア, 宮交シティ・宮崎駅〜青葉通〜シーガイア・フローランテ宮崎, ニトリモール宮崎・宮交シティ〜記念病院〜有田・宮の下, ニトリモール宮崎・宮交シティ〜橘通〜記念病院, 宮交シティ〜橘通〜記念病院, 悠楽園・小松台〜橘通〜宮交シティ, 宮交シティ〜橘通・記念病院〜有田・宮の下, 宮交シティ〜橘通・記念病院〜生目の杜運動公園, 生目神社・大塚台〜県病院前〜南宮崎駅, 宮交シティ〜県病院前〜大塚台・生目神社, 宮交シティ〜橘通・江田原〜市民の森, 薫る坂〜橘通・宮崎駅〜引土街区公園, 西希望ヶ丘〜宮交シティ・平和が丘団地〜古賀総合病院, 宮交シティ〜平和が丘団地〜古賀総合病院, 宮交シティ〜平和が丘団地〜北高校, 宮崎駅〜南詰・地蔵田〜生目台西3丁目, 宮交シティ〜県病院前・大塚台〜生目台西3丁目, 宮交シティ〜小松台〜医師会病院・富吉車庫, 東宮団地〜看護大〜北高校, 宮崎駅〜橘通・花山手〜生目台西3丁目, 宮崎駅〜清武・医大・宮崎大学・タウンセンター〜木花, 宮崎駅〜まなび野〜東宮団地, 宮崎駅〜清武・医大・宮崎大学〜タウンセンター, 宮崎駅〜清武・大学病院・熊野〜宮崎大学, ニトリモール宮崎〜福祉センター・橘通〜宮崎駅, 宮崎駅・宮崎空港〜宮崎道〜西都城駅前バスセンター, 看護大学〜宮交シティ〜下畑・井上, 宮交シティ〜池内〜下畑・井上, 西都バスセンター〜春田バイパス・北バイパス・橘通〜大学病院・宮崎大学, 宮崎神宮〜月見ヶ丘〜宮交シティ, 宮崎神宮〜月見ヶ丘〜宮崎神宮, 宮崎神宮〜月見ヶ丘（池ノ上）, 宮交シティ〜平和が丘団地〜宮交シティ, 宮交シティ〜平和が丘団地〜西希望ヶ丘, 東宮団地〜平和が丘団地〜宮交シティ, 宮崎駅〜宝塚ニュータウン〜宮崎駅, 上西中循環線〜上西中循環線〜宮交シティ, 宮交シティ〜飛江田団地・大淀大橋〜原町・文化公園, 文化公園・原町〜宮交シティ・飛江田団地〜原町・文化公園, 文化公園・原町〜宮交シティ・飛江田団地〜宮交シティ, 宮交シティ・飛江田団地〜大淀大橋・橘通〜宮崎神宮, 宮交シティ・飛江田団地〜橘橋〜原町・文化公園, 宮崎神宮・原町〜宮交シティ・飛江田団地〜大淀大橋・橘通〜宮崎神宮, 宮崎神宮・原町〜宮交シティ・飛江田団地〜橘橋〜原町・宮崎神宮, 月見ヶ丘〜宮交シティ〜宮崎神宮, 宮交シティ〜西都バスセンター〜妻高校前, 小林駅〜宮交シティ〜学園短大・国際大, 小林高校〜宮交シティ・福祉センター〜宮崎空港, （ダ）宮交シティ〜橘橋〜綾・酒泉の杜, 宮崎駅〜穆佐・祇園台・高岡温泉〜桜学園, 宮崎駅〜正手・七野〜青井岳, 宮崎神宮〜月見ヶ丘郵便局前〜宮崎神宮, 宮交シティ〜月見ヶ丘郵便局前〜宮崎神宮, イオンモール宮崎〜江田原・橘橋〜宮交シティ・月見ヶ丘（池の上）, 西都バスセンター〜花ヶ島・宮交シティ〜国立東病院"
橘橋南詰,高鍋町・木城町,宮交シティ〜高鍋〜木城温泉館湯らら
宇都,高原町,湯之元蒲牟田線
潮見町,宮崎交通（株）,下北方〜橘通〜海洋高校
生目台東3丁目,宮崎交通（株）,"宮崎駅〜生目台・宮崎道〜西都城駅前バスセンター, 宮交シティ〜宮崎駅・県病院〜生目台西3丁目, 宮崎駅〜宝塚ニュータウン〜生目台西3丁目, 宮崎駅〜高松橋〜生目台東5丁目, 宮崎駅〜南詰・地蔵田〜生目台西3丁目, 宮交シティ〜県病院前・大塚台〜生目台西3丁目, 生目台西3丁目〜県病院前〜日大高校, 宮崎駅〜橘通・花山手〜生目台西3丁目"
生目台東2丁目,宮崎交通（株）,"宮崎駅〜生目台・宮崎道〜西都城駅前バスセンター, 宮交シティ〜宮崎駅・県病院〜生目台西3丁目, 宮崎駅〜宝塚ニュータウン〜生目台西3丁目, 宮崎駅〜高松橋〜生目台東5丁目, 宮崎駅〜南詰・地蔵田〜生目台西3丁目, 宮交シティ〜県病院前・大塚台〜生目台西3丁目, 生目台西3丁目〜県病院前〜日大高校, 宮崎駅〜橘通・花山手〜生目台西3丁目"
大淀中前,宮崎交通（株）,"宮崎駅〜花見〜雀ケ野, 宮崎駅〜祇園台・穆佐〜尾頭, 医師会病院〜小松台〜宮交シティ, 宮崎駅〜大塚台・細江〜尾頭, 宮崎駅〜宝塚ニュータウン〜生目台西3丁目, 宮崎駅〜南詰・地蔵田〜生目台西3丁目, 宮崎駅〜宝塚ニュータウン〜宮崎駅, 宮崎駅〜穆佐・祇園台・高岡温泉〜桜学園"
花山手西,宮崎交通（株）,"宮崎駅〜生目台・宮崎道〜西都城駅前バスセンター, 宮交シティ〜福祉文化公園〜西高前, 宮崎駅〜橘通・花山手〜生目台西3丁目"
花山手東3丁目,宮崎交通（株）,宮崎駅〜橘通・花山手〜生目台西3丁目
中村西1丁目,宮崎交通（株）,"宮崎駅〜花見〜雀ケ野, 宮崎駅〜祇園台・穆佐〜尾頭, 医師会病院〜小松台〜宮交シティ, 宮崎駅〜大塚台・細江〜尾頭, 宮崎駅〜宝塚ニュータウン〜生目台西3丁目, 宮崎駅〜南詰・地蔵田〜生目台西3丁目, 宮崎駅〜宝塚ニュータウン〜宮崎駅, 宮崎駅〜穆佐・祇園台・高岡温泉〜桜学園"
花山手東1丁目,宮崎交通（株）,宮崎駅〜橘通・花山手〜生目台西3丁目
青葉台下,宮崎交通（株）,生目小〜青葉台
小戸町南,宮崎交通（株）,下北方〜橘通〜海洋高校
中村1丁目,宮崎交通（株）,"宮崎大学〜宮交シティ〜高鍋バスセンター, 宮交シティ〜高鍋駅〜高鍋バスセンター, 日大高校〜新名爪・橘通〜宮交シティ, 新名爪〜宮交シティ, 宮交シティ-宮崎駅-光陽台, 看護大学〜宮交シティ〜高鍋バスセンター, 宮交シティ〜大島通線〜日大高校前, 西都バスセンター〜西佐土原〜宮交シティ, 学園短大・国際大〜宮交シティ〜西都バスセンター, 小林駅〜宮交シティ, 小林駅〜野尻〜宮崎空港, 小林駅〜宮崎駅〜宮崎空港, 宮崎空港〜福祉センター・宮交シティ〜宮崎駅, 宮崎駅〜木花台〜折生迫, 宮崎駅〜橘通・宮崎空港・鵜戸神宮〜飫肥, 宮崎駅〜橘通・宮交シティ・南バイパス〜宮崎空港, 小林駅〜宮交シティ・福祉センター〜宮崎空港, 宮崎駅〜橘通・宮崎空港・堀切峠トンネル〜鵜戸神宮〜飫肥, 富吉車庫・生目神社〜南宮崎駅, 宮崎大学〜清武・宮崎駅・権現町〜宮崎運転免許センター, 宮交シティ〜国富〜綾, 宮交シティ〜佐土原高校前, ニトリモール宮崎〜宮交シティ・宮崎駅・権現町〜宮崎運転免許センター, 宮交シティ〜宮商経由〜綾, 宮崎駅〜東宮団地〜青島, 生目神社〜県病院前・宮崎駅・太田町〜南宮崎駅, 宮崎運転免許センター〜権現町〜宮交シティ, 西都城駅前バスセンター・栄町〜宮崎道〜宮崎空港・宮崎駅, 宮交シティ〜宮崎駅・県病院〜生目台西3丁目, 清武駅〜学園短大・国際大〜宮崎駅, 富吉車庫・生目神社〜県病院前・宮崎駅・太田町〜南宮崎駅, 宮崎駅〜山崎・まなび野・医大・福祉ゾーン〜宮崎大学, 宮交シティ・宮崎駅〜権現町〜宮崎運転免許センター, 宮崎駅〜山崎・まなび野・医大〜宮崎大学, 宮崎駅〜木花台〜青島, 平和が丘〜県病院前〜宮崎空港, 宮崎駅〜青島〜白浜入口, 宮崎駅〜青島〜青島サンクマール, 宮崎駅〜東宮団地〜折生迫, 宮崎駅〜青島, 七野〜福祉センター〜宮崎駅, 西希望ヶ丘〜宮交シティ〜宮崎神宮, 宮崎駅〜木花・宮崎大学〜大学病院, 宮崎駅〜正手〜七野, 宮崎駅〜まなび野〜大学病院, 宮崎駅〜正手・合又〜田野運動公園, 宮崎駅〜清武・医大・福祉ソーン〜宮崎大学, 宮崎駅〜木花・宮崎大学・福祉ゾーン〜大学病院, 青島〜休養村センター〜宮崎駅, ニトリモール宮崎〜宮交シティ〜宮崎駅, 宮崎大学〜木花〜宮崎駅, 大学病院〜木花台・宮崎駅〜フローランテ宮崎, 大学病院〜・福ゾーン・木花台・宮崎駅〜フローランテ宮崎, 宮崎駅〜天満1丁目〜黒北, 宮崎駅〜中野〜学園短大・国際大, 大村入口〜宮崎駅〜フローランテ宮崎, 宮崎駅〜中野〜上丸目, 薫る坂〜福祉文化公園・橘通〜宮崎駅, 市民の森〜青葉通・宮交シティ〜学園短大・国際大, 宮崎駅〜中野・谷の口〜尾平, 青島〜ニトリモール宮崎〜宮崎駅, 宮崎駅〜清武・医大〜木花駅西口, 宮崎駅〜清武〜医大・福祉・木花駅西口, 宮交シティ〜橘通〜宮崎神宮, 宮交シティ〜橘通〜平和台, 宮崎駅〜清武・医大〜宮崎大学, 宮交シティ〜橘通〜下北方, 東宮団地〜看護大〜宮崎駅, 東宮団地〜看護大〜古賀総合病院, 宮交シティ〜宮崎駅〜宮崎港, 宮交シティ・宮崎駅〜青葉通〜シーガイア, 宮交シティ・宮崎駅〜青葉通〜シーガイア・フローランテ宮崎, ニトリモール宮崎・宮交シティ〜記念病院〜有田・宮の下, ニトリモール宮崎・宮交シティ〜橘通〜記念病院, 宮交シティ〜橘通〜記念病院, 悠楽園・小松台〜橘通〜宮交シティ, 宮交シティ〜橘通・記念病院〜有田・宮の下, 宮交シティ〜橘通・記念病院〜生目の杜運動公園, 生目神社・大塚台〜県病院前〜南宮崎駅, 宮交シティ〜橘通・江田原〜市民の森, 薫る坂〜橘通・宮崎駅〜引土街区公園, 西希望ヶ丘〜宮交シティ・平和が丘団地〜古賀総合病院, 宮交シティ〜平和が丘団地〜古賀総合病院, 宮交シティ〜平和が丘団地〜北高校, 宮交シティ〜県病院前・大塚台〜生目台西3丁目, 宮交シティ〜小松台〜医師会病院・富吉車庫, 東宮団地〜看護大〜北高校, 宮崎駅〜橘通・花山手〜生目台西3丁目, 宮崎駅〜清武・医大・宮崎大学・タウンセンター〜木花, 宮崎駅〜まなび野〜東宮団地, 宮崎駅〜清武・医大・宮崎大学〜タウンセンター, 宮崎駅〜清武・大学病院・熊野〜宮崎大学, ニトリモール宮崎〜福祉センター・橘通〜宮崎駅, 宮崎駅・宮崎空港〜宮崎道〜西都城駅前バスセンター, 看護大学〜宮交シティ〜下畑・井上, 宮交シティ〜池内〜下畑・井上, 西都バスセンター〜春田バイパス・北バイパス・橘通〜大学病院・宮崎大学, 宮崎神宮〜月見ヶ丘〜宮交シティ, 宮崎神宮〜月見ヶ丘〜宮崎神宮, 宮崎神宮〜月見ヶ丘（池ノ上）, 宮交シティ〜平和が丘団地〜宮交シティ, 宮交シティ〜平和が丘団地〜西希望ヶ丘, 東宮団地〜平和が丘団地〜宮交シティ, 上西中循環線〜上西中循環線〜宮交シティ, 宮交シティ〜飛江田団地・大淀大橋〜原町・文化公園, 文化公園・原町〜宮交シティ・飛江田団地〜原町・文化公園, 文化公園・原町〜宮交シティ・飛江田団地〜宮交シティ, 宮交シティ・飛江田団地〜大淀大橋・橘通〜宮崎神宮, 宮交シティ・飛江田団地〜橘橋〜原町・文化公園, 宮崎神宮・原町〜宮交シティ・飛江田団地〜大淀大橋・橘通〜宮崎神宮, 宮崎神宮・原町〜宮交シティ・飛江田団地〜橘橋〜原町・宮崎神宮, 月見ヶ丘〜宮交シティ〜宮崎神宮, 宮交シティ〜西都バスセンター〜妻高校前, 小林駅〜宮交シティ〜学園短大・国際大, 小林高校〜宮交シティ・福祉センター〜宮崎空港, （ダ）宮交シティ〜橘橋〜綾・酒泉の杜, 宮崎駅〜正手・七野〜青井岳, 宮崎神宮〜月見ヶ丘郵便局前〜宮崎神宮, 宮交シティ〜月見ヶ丘郵便局前〜宮崎神宮, イオンモール宮崎〜江田原・橘橋〜宮交シティ・月見ヶ丘（池の上）, 西都バスセンター〜花ヶ島・宮交シティ〜国立東病院"
中村1丁目,高鍋町・木城町,宮交シティ〜高鍋〜木城温泉館湯らら
射撃場前,宮崎交通（株）,"宮崎駅〜天満1丁目〜黒北, 宮崎駅〜橘通・花山手〜生目台西3丁目"
大坪東1丁目,宮崎交通（株）,"宮崎駅〜天満1丁目〜黒北, 宮崎駅〜橘通・花山手〜生目台西3丁目"
太田2丁目,宮崎交通（株）,"宮交シティ〜生目神社〜富吉車庫, 富吉車庫・生目神社〜南宮崎駅, 生目神社〜県病院前・宮崎駅・太田町〜南宮崎駅, 宮交シティ〜太田町・宮崎駅・県病院前〜生目神社, 富吉車庫・生目神社〜県病院前・宮崎駅・太田町〜南宮崎駅, 生目神社・大塚台〜県病院前〜南宮崎駅, 宮交シティ〜県病院前〜大塚台・生目神社"
天満1丁目,宮崎交通（株）,"宮崎駅〜天満1丁目〜黒北, 宮崎駅〜橘通・花山手〜生目台西3丁目"
炭床,（有）高崎観光バス,炭床〜都城
大淀2丁目,宮崎交通（株）,"宮交シティ〜生目神社〜富吉車庫, 富吉車庫・生目神社〜南宮崎駅, 生目神社〜県病院前・宮崎駅・太田町〜南宮崎駅, 宮交シティ〜太田町・宮崎駅・県病院前〜生目神社, 富吉車庫・生目神社〜県病院前・宮崎駅・太田町〜南宮崎駅, 生目神社・大塚台〜県病院前〜南宮崎駅, 宮交シティ〜県病院前〜大塚台・生目神社"
宮の宇都,高原町,湯之元蒲牟田線
湯之元温泉前,高原町,湯之元蒲牟田線
中村2丁目,宮崎交通（株）,"宮崎大学〜宮交シティ〜高鍋バスセンター, 宮交シティ〜高鍋駅〜高鍋バスセンター, 日大高校〜新名爪・橘通〜宮交シティ, 新名爪〜宮交シティ, 宮交シティ-宮崎駅-光陽台, 看護大学〜宮交シティ〜高鍋バスセンター, 宮交シティ〜大島通線〜日大高校前, 西都バスセンター〜西佐土原〜宮交シティ, 学園短大・国際大〜宮交シティ〜西都バスセンター, 小林駅〜宮交シティ, 小林駅〜野尻〜宮崎空港, 小林駅〜宮崎駅〜宮崎空港, 宮崎空港〜福祉センター・宮交シティ〜宮崎駅, 宮崎駅〜木花台〜折生迫, 宮崎駅〜橘通・宮崎空港・鵜戸神宮〜飫肥, 宮崎駅〜橘通・宮交シティ・南バイパス〜宮崎空港, 小林駅〜宮交シティ・福祉センター〜宮崎空港, 宮崎駅〜橘通・宮崎空港・堀切峠トンネル〜鵜戸神宮〜飫肥, 宮崎大学〜清武・宮崎駅・権現町〜宮崎運転免許センター, 宮交シティ〜国富〜綾, 宮交シティ〜佐土原高校前, ニトリモール宮崎〜宮交シティ・宮崎駅・権現町〜宮崎運転免許センター, 宮交シティ〜宮商経由〜綾, 宮崎駅〜東宮団地〜青島, 宮崎運転免許センター〜権現町〜宮交シティ, 西都城駅前バスセンター・栄町〜宮崎道〜宮崎空港・宮崎駅, 宮交シティ〜宮崎駅・県病院〜生目台西3丁目, 清武駅〜学園短大・国際大〜宮崎駅, 宮崎駅〜山崎・まなび野・医大・福祉ゾーン〜宮崎大学, 宮交シティ・宮崎駅〜権現町〜宮崎運転免許センター, 宮崎駅〜山崎・まなび野・医大〜宮崎大学, 宮崎駅〜木花台〜青島, 平和が丘〜県病院前〜宮崎空港, 宮崎駅〜青島〜白浜入口, 宮崎駅〜青島〜青島サンクマール, 宮崎駅〜東宮団地〜折生迫, 宮崎駅〜青島, 七野〜福祉センター〜宮崎駅, 西希望ヶ丘〜宮交シティ〜宮崎神宮, 宮崎駅〜木花・宮崎大学〜大学病院, 宮崎駅〜正手〜七野, 宮崎駅〜まなび野〜大学病院, 宮崎駅〜正手・合又〜田野運動公園, 宮崎駅〜清武・医大・福祉ソーン〜宮崎大学, 宮崎駅〜木花・宮崎大学・福祉ゾーン〜大学病院, 青島〜休養村センター〜宮崎駅, ニトリモール宮崎〜宮交シティ〜宮崎駅, 宮崎大学〜木花〜宮崎駅, 大学病院〜木花台・宮崎駅〜フローランテ宮崎, 大学病院〜・福ゾーン・木花台・宮崎駅〜フローランテ宮崎, 宮崎駅〜中野〜学園短大・国際大, 大村入口〜宮崎駅〜フローランテ宮崎, 宮崎駅〜中野〜上丸目, 薫る坂〜福祉文化公園・橘通〜宮崎駅, 市民の森〜青葉通・宮交シティ〜学園短大・国際大, 宮崎駅〜中野・谷の口〜尾平, 青島〜ニトリモール宮崎〜宮崎駅, 宮崎駅〜清武・医大〜木花駅西口, 宮崎駅〜清武〜医大・福祉・木花駅西口, 宮交シティ〜橘通〜宮崎神宮, 宮交シティ〜橘通〜平和台, 宮崎駅〜清武・医大〜宮崎大学, 宮交シティ〜橘通〜下北方, 東宮団地〜看護大〜宮崎駅, 東宮団地〜看護大〜古賀総合病院, 宮交シティ〜宮崎駅〜宮崎港, 宮交シティ・宮崎駅〜青葉通〜シーガイア, 宮交シティ・宮崎駅〜青葉通〜シーガイア・フローランテ宮崎, ニトリモール宮崎・宮交シティ〜記念病院〜有田・宮の下, ニトリモール宮崎・宮交シティ〜橘通〜記念病院, 宮交シティ〜橘通〜記念病院, 悠楽園・小松台〜橘通〜宮交シティ, 宮交シティ〜橘通・記念病院〜有田・宮の下, 宮交シティ〜橘通・記念病院〜生目の杜運動公園, 宮交シティ〜橘通・江田原〜市民の森, 薫る坂〜橘通・宮崎駅〜引土街区公園, 西希望ヶ丘〜宮交シティ・平和が丘団地〜古賀総合病院, 宮交シティ〜平和が丘団地〜古賀総合病院, 宮交シティ〜平和が丘団地〜北高校, 宮交シティ〜県病院前・大塚台〜生目台西3丁目, 宮交シティ〜小松台〜医師会病院・富吉車庫, 東宮団地〜看護大〜北高校, 宮崎駅〜清武・医大・宮崎大学・タウンセンター〜木花, 宮崎駅〜まなび野〜東宮団地, 宮崎駅〜清武・医大・宮崎大学〜タウンセンター, 宮崎駅〜清武・大学病院・熊野〜宮崎大学, ニトリモール宮崎〜福祉センター・橘通〜宮崎駅, 宮崎駅・宮崎空港〜宮崎道〜西都城駅前バスセンター, 看護大学〜宮交シティ〜下畑・井上, 宮交シティ〜池内〜下畑・井上, 西都バスセンター〜春田バイパス・北バイパス・橘通〜大学病院・宮崎大学, 宮崎神宮〜月見ヶ丘〜宮交シティ, 宮崎神宮〜月見ヶ丘〜宮崎神宮, 宮崎神宮〜月見ヶ丘（池ノ上）, 宮交シティ〜平和が丘団地〜宮交シティ, 宮交シティ〜平和が丘団地〜西希望ヶ丘, 東宮団地〜平和が丘団地〜宮交シティ, 上西中循環線〜上西中循環線〜宮交シティ, 宮交シティ〜飛江田団地・大淀大橋〜原町・文化公園, 文化公園・原町〜宮交シティ・飛江田団地〜原町・文化公園, 文化公園・原町〜宮交シティ・飛江田団地〜宮交シティ, 宮交シティ・飛江田団地〜大淀大橋・橘通〜宮崎神宮, 宮交シティ・飛江田団地〜橘橋〜原町・文化公園, 宮崎神宮・原町〜宮交シティ・飛江田団地〜大淀大橋・橘通〜宮崎神宮, 宮崎神宮・原町〜宮交シティ・飛江田団地〜橘橋〜原町・宮崎神宮, 月見ヶ丘〜宮交シティ〜宮崎神宮, 宮交シティ〜西都バスセンター〜妻高校前, 小林駅〜宮交シティ〜学園短大・国際大, 小林高校〜宮交シティ・福祉センター〜宮崎空港, （ダ）宮交シティ〜橘橋〜綾・酒泉の杜, 宮崎駅〜正手・七野〜青井岳, 宮崎神宮〜月見ヶ丘郵便局前〜宮崎神宮, 宮交シティ〜月見ヶ丘郵便局前〜宮崎神宮, イオンモール宮崎〜江田原・橘橋〜宮交シティ・月見ヶ丘（池の上）, 西都バスセンター〜花ヶ島・宮交シティ〜国立東病院"
中村2丁目,高鍋町・木城町,宮交シティ〜高鍋〜木城温泉館湯らら
市民文化ホール（福祉文化）,宮崎交通（株）,"宮崎駅〜生目台・宮崎道〜西都城駅前バスセンター, 薫る坂〜福祉文化公園・橘通〜宮崎駅, 宮交シティ〜福祉文化公園〜西高前, 宮交シティ〜福祉文化公園〜薫る坂, 薫る坂〜橘通・宮崎駅〜引土街区公園"
東大淀1丁目,宮崎交通（株）,"宮交シティ〜生目神社〜富吉車庫, 富吉車庫・生目神社〜南宮崎駅, 宮交シテイ〜大淀大橋〜宮崎駅, 宮崎駅〜大淀大橋〜南宮崎駅, 生目神社〜県病院前・宮崎駅・太田町〜南宮崎駅, 宮交シティ〜太田町・宮崎駅・県病院前〜生目神社, 宮交シティ〜大淀大橋・波島〜シーガイア, 宮交シティ〜大淀大橋・江田原〜イオンモール宮崎, 富吉車庫・生目神社〜県病院前・宮崎駅・太田町〜南宮崎駅, 宮交シティ〜大淀大橋・宮崎駅〜波島・市民の森, 雁ヶ音団地〜宮崎駅・橘通・大淀大橋〜宮交シティ, 生目神社・大塚台〜県病院前〜南宮崎駅, 宮交シティ〜県病院前〜大塚台・生目神社, 宮交シティ〜大淀大橋・橘通・宮崎駅〜波島・雁ヶ音団地, 宮交シティ〜宮崎駅〜波島・フェニックス自然動物園・波島〜宮崎駅〜宮交シティ, 宮交シティ〜飛江田団地・大淀大橋〜原町・文化公園, 文化公園・原町〜宮交シティ・飛江田団地〜原町・文化公園, 文化公園・原町〜宮交シティ・飛江田団地〜宮交シティ, 宮交シティ・飛江田団地〜大淀大橋・橘通〜宮崎神宮, 宮交シティ・飛江田団地〜橘橋〜原町・文化公園, 宮崎神宮・原町〜宮交シティ・飛江田団地〜大淀大橋・橘通〜宮崎神宮, 宮崎神宮・原町〜宮交シティ・飛江田団地〜橘橋〜原町・宮崎神宮"
四家鉱山,（有）高崎観光バス,雀ヶ野〜中央
青葉台,宮崎交通（株）,生目小〜青葉台
中村西2丁目,宮崎交通（株）,"宮崎駅〜生目台・宮崎道〜西都城駅前バスセンター, 薫る坂〜福祉文化公園・橘通〜宮崎駅, 宮交シティ〜福祉文化公園〜西高前, 宮交シティ〜福祉文化公園〜薫る坂, 薫る坂〜橘通・宮崎駅〜引土街区公園"
御池の湯前,高原町,湯之元蒲牟田線
京塚町,宮崎交通（株）,"宮崎駅〜生目台・宮崎道〜西都城駅前バスセンター, 薫る坂〜福祉文化公園・橘通〜宮崎駅, 宮交シティ〜福祉文化公園〜西高前, 宮交シティ〜福祉文化公園〜薫る坂, 薫る坂〜橘通・宮崎駅〜引土街区公園"
恒久小入口,宮崎交通（株）,"橋の元〜飛江田・大淀大橋〜宮崎神宮, 宮交シティ〜飛江田団地・大淀大橋〜原町・文化公園, 文化公園・原町〜宮交シティ・飛江田団地〜原町・文化公園, 文化公園・原町〜宮交シティ・飛江田団地〜宮交シティ, 宮交シティ・飛江田団地〜大淀大橋・橘通〜宮崎神宮, 宮交シティ・飛江田団地〜橘橋〜原町・文化公園, 宮崎神宮・原町〜宮交シティ・飛江田団地〜大淀大橋・橘通〜宮崎神宮, 宮崎神宮・原町〜宮交シティ・飛江田団地〜橘橋〜原町・宮崎神宮"
後原,宮崎交通（株）,祓川〜広原・前野〜小林駅
倉の町,宮崎交通（株）,"薫る坂〜福祉文化公園・橘通〜宮崎駅, 宮交シティ〜福祉文化公園〜西高前, 宮交シティ〜福祉文化公園〜薫る坂, 薫る坂〜橘通・宮崎駅〜引土街区公園"
南宮崎駅前通,宮崎交通（株）,"宮交シティ〜高鍋駅〜高鍋バスセンター, 日大高校〜新名爪・橘通〜宮交シティ, 新名爪〜宮交シティ, 看護大学〜宮交シティ〜高鍋バスセンター, 宮交シティ〜大島通線〜日大高校前, 西都バスセンター〜西佐土原〜宮交シティ, 小林駅〜野尻〜宮崎空港, 小林駅〜宮崎駅〜宮崎空港, 宮崎空港〜福祉センター・宮交シティ〜宮崎駅, 宮崎駅〜木花台〜折生迫, 宮崎駅〜橘通・宮崎空港・鵜戸神宮〜飫肥, 宮崎駅〜橘通・宮交シティ・南バイパス〜宮崎空港, 小林駅〜宮交シティ・福祉センター〜宮崎空港, 宮崎駅〜橘通・宮崎空港・堀切峠トンネル〜鵜戸神宮〜飫肥, 宮崎大学〜清武・宮崎駅・権現町〜宮崎運転免許センター, 宮交シティ〜国富〜綾, 宮交シティ〜佐土原高校前, ニトリモール宮崎〜宮交シティ・宮崎駅・権現町〜宮崎運転免許センター, 宮崎駅〜東宮団地〜青島, 宮交シティ〜大淀大橋・波島〜シーガイア, 宮交シティ〜大淀大橋・江田原〜イオンモール宮崎, 西都城駅前バスセンター・栄町〜宮崎道〜宮崎空港・宮崎駅, 宮交シティ〜宮崎駅・県病院〜生目台西3丁目, 清武駅〜学園短大・国際大〜宮崎駅, 宮崎駅〜山崎・まなび野・医大・福祉ゾーン〜宮崎大学, 宮交シティ・宮崎駅〜権現町〜宮崎運転免許センター, 宮崎駅〜山崎・まなび野・医大〜宮崎大学, 宮崎駅〜木花台〜青島, 宮崎駅〜青島〜青島サンクマール, 宮崎駅〜東宮団地〜折生迫, 宮崎駅〜青島, 七野〜福祉センター〜宮崎駅, 西希望ヶ丘〜宮交シティ〜宮崎神宮, 宮崎駅〜木花・宮崎大学〜大学病院, 宮崎駅〜正手〜七野, 宮崎駅〜まなび野〜大学病院, 宮崎駅〜正手・合又〜田野運動公園, 宮崎駅〜清武・医大・福祉ソーン〜宮崎大学, 宮崎駅〜木花・宮崎大学・福祉ゾーン〜大学病院, 青島〜休養村センター〜宮崎駅, ニトリモール宮崎〜宮交シティ〜宮崎駅, 宮崎大学〜木花〜宮崎駅, 大学病院〜・福ゾーン・木花台・宮崎駅〜フローランテ宮崎, 宮崎駅〜中野〜学園短大・国際大, 大村入口〜宮崎駅〜フローランテ宮崎, 宮崎駅〜中野〜上丸目, 宮崎駅〜中野・谷の口〜尾平, 青島〜ニトリモール宮崎〜宮崎駅, 宮崎駅〜清武・医大〜木花駅西口, 宮崎駅〜清武〜医大・福祉・木花駅西口, 宮交シティ〜橘通〜宮崎神宮, 宮交シティ〜橘通〜平和台, 宮崎駅〜清武・医大〜宮崎大学, 宮交シティ〜福祉文化公園〜西高前, 宮交シティ〜福祉文化公園〜薫る坂, 東宮団地〜看護大〜宮崎駅, 東宮団地〜看護大〜古賀総合病院, 宮交シティ〜宮崎駅〜宮崎港, 宮交シティ・宮崎駅〜青葉通〜シーガイア, 宮交シティ・宮崎駅〜青葉通〜シーガイア・フローランテ宮崎, ニトリモール宮崎・宮交シティ〜記念病院〜有田・宮の下, 宮交シティ〜大淀大橋・宮崎駅〜波島・市民の森, ニトリモール宮崎・宮交シティ〜橘通〜記念病院, 雁ヶ音団地〜宮崎駅・橘通・大淀大橋〜宮交シティ, 宮交シティ〜橘通〜記念病院, 悠楽園・小松台〜橘通〜宮交シティ, 宮交シティ〜橘通・記念病院〜有田・宮の下, 宮交シティ〜橘通・記念病院〜生目の杜運動公園, 宮交シティ〜橘通・江田原〜市民の森, 宮交シティ〜大淀大橋・橘通・宮崎駅〜波島・雁ヶ音団地, 西希望ヶ丘〜宮交シティ・平和が丘団地〜古賀総合病院, 宮交シティ〜平和が丘団地〜古賀総合病院, 宮交シティ〜平和が丘団地〜北高校, 宮交シティ〜県病院前・大塚台〜生目台西3丁目, 宮交シティ〜小松台〜医師会病院・富吉車庫, 東宮団地〜看護大〜北高校, 宮崎駅〜清武・医大・宮崎大学〜タウンセンター, 宮崎駅〜清武・大学病院・熊野〜宮崎大学, ニトリモール宮崎〜福祉センター・橘通〜宮崎駅, 宮崎駅・宮崎空港〜宮崎道〜西都城駅前バスセンター, 宮交シティ〜池内〜下畑・井上, 宮崎神宮〜月見ヶ丘〜宮交シティ, 宮崎神宮〜月見ヶ丘〜宮崎神宮, 宮交シティ〜平和が丘団地〜宮交シティ, 宮交シティ〜平和が丘団地〜西希望ヶ丘, 東宮団地〜平和が丘団地〜宮交シティ, 宮交シティ〜宮崎駅〜波島・フェニックス自然動物園・波島〜宮崎駅〜宮交シティ, 宮交シティ〜飛江田団地・大淀大橋〜原町・文化公園, 文化公園・原町〜宮交シティ・飛江田団地〜原町・文化公園, 文化公園・原町〜宮交シティ・飛江田団地〜宮交シティ, 宮交シティ・飛江田団地〜橘橋〜原町・文化公園, 宮崎神宮・原町〜宮交シティ・飛江田団地〜橘橋〜原町・宮崎神宮, 月見ヶ丘〜宮交シティ〜宮崎神宮, 宮交シティ〜西都バスセンター〜妻高校前, （ダ）宮交シティ〜橘橋〜綾・酒泉の杜, 宮崎駅〜正手・七野〜青井岳, 宮崎神宮〜月見ヶ丘郵便局前〜宮崎神宮, 宮交シティ〜月見ヶ丘郵便局前〜宮崎神宮, 西都バスセンター〜花ヶ島・宮交シティ〜国立東病院"
南宮崎駅前通,高鍋町・木城町,宮交シティ〜高鍋〜木城温泉館湯らら
栢木,宮崎交通（株）,"小林駅〜北原町〜西都城駅前バスセンター, イオン都城・西都城駅前バスセンター〜小林駅, 小林駅〜イオンモール〜西都城駅前バスセンター・イオン都城"
江南団地入口,宮崎交通（株）,"宮崎駅〜生目台・宮崎道〜西都城駅前バスセンター, 薫る坂〜福祉文化公園・橘通〜宮崎駅, 宮交シティ〜福祉文化公園〜西高前, 宮交シティ〜福祉文化公園〜薫る坂, 薫る坂〜橘通・宮崎駅〜引土街区公園"
大坪町,宮崎交通（株）,"宮崎駅〜生目台・宮崎道〜西都城駅前バスセンター, 薫る坂〜福祉文化公園・橘通〜宮崎駅, 宮交シティ〜福祉文化公園〜西高前, 宮交シティ〜福祉文化公園〜薫る坂, 薫る坂〜橘通・宮崎駅〜引土街区公園"
江南病院前,宮崎交通（株）,"宮崎駅〜生目台・宮崎道〜西都城駅前バスセンター, 薫る坂〜福祉文化公園・橘通〜宮崎駅, 宮交シティ〜福祉文化公園〜西高前, 宮交シティ〜福祉文化公園〜薫る坂, 薫る坂〜橘通・宮崎駅〜引土街区公園"
城ヶ崎,宮崎交通（株）,"橋の元〜飛江田・大淀大橋〜宮崎神宮, 宮交シティ〜飛江田団地・大淀大橋〜原町・文化公園, 文化公園・原町〜宮交シティ・飛江田団地〜原町・文化公園, 文化公園・原町〜宮交シティ・飛江田団地〜宮交シティ, 宮交シティ・飛江田団地〜大淀大橋・橘通〜宮崎神宮, 宮交シティ・飛江田団地〜橘橋〜原町・文化公園, 宮崎神宮・原町〜宮交シティ・飛江田団地〜大淀大橋・橘通〜宮崎神宮, 宮崎神宮・原町〜宮交シティ・飛江田団地〜橘橋〜原町・宮崎神宮"
さつま地鶏屋前,高原町,湯之元蒲牟田線
極楽温泉前,高原町,湯之元蒲牟田線
南宮崎駅前,宮崎交通（株）,"富吉車庫・生目神社〜南宮崎駅, 宮崎駅〜大淀大橋〜南宮崎駅, 生目神社〜県病院前・宮崎駅・太田町〜南宮崎駅, 富吉車庫・生目神社〜県病院前・宮崎駅・太田町〜南宮崎駅, 学園短大・国際大〜宮交シティ〜南宮崎駅, 生目神社・大塚台〜県病院前〜南宮崎駅"
川原口,高原町,湯之元蒲牟田線
血捨之木,高原町,湯之元蒲牟田線
薫る坂入口,宮崎交通（株）,"薫る坂〜福祉文化公園・橘通〜宮崎駅, 宮交シティ〜福祉文化公園〜薫る坂, 薫る坂〜橘通・宮崎駅〜引土街区公園"
宮交シティ,宮崎交通（株）,"宮崎大学〜宮交シティ〜高鍋バスセンター, 宮交シティ〜高鍋駅〜高鍋バスセンター, 日大高校〜新名爪・橘通〜宮交シティ, 新名爪〜宮交シティ, 宮交シティ-宮崎駅-光陽台, 看護大学〜宮交シティ〜高鍋バスセンター, 宮交シティ〜大島通線〜日大高校前, 西都バスセンター〜西佐土原〜宮交シティ, 学園短大・国際大〜宮交シティ〜西都バスセンター, 小林駅〜宮交シティ, 小林駅〜野尻〜宮崎空港, 小林駅〜宮崎駅〜宮崎空港, 宮崎空港〜福祉センター・宮交シティ〜宮崎駅, 宮崎駅〜木花台〜折生迫, 宮崎駅〜橘通・宮崎空港・鵜戸神宮〜飫肥, 宮崎駅〜橘通・宮交シティ・南バイパス〜宮崎空港, 小林駅〜宮交シティ・福祉センター〜宮崎空港, 宮崎駅〜橘通・宮崎空港・堀切峠トンネル〜鵜戸神宮〜飫肥, 宮交シティ〜生目神社〜富吉車庫, 宮崎大学〜清武・宮崎駅・権現町〜宮崎運転免許センター, 宮交シティ〜国富〜綾, 宮交シテイ〜大淀大橋〜宮崎駅, 宮交シティ〜佐土原高校前, ニトリモール宮崎〜宮交シティ・宮崎駅・権現町〜宮崎運転免許センター, 宮交シティ〜宮商経由〜綾, 宮崎駅〜東宮団地〜青島, 宮交シティ〜太田町・宮崎駅・県病院前〜生目神社, 宮崎運転免許センター〜権現町〜宮交シティ, 宮交シティ〜大淀大橋・波島〜シーガイア, 宮交シティ〜大淀大橋・江田原〜イオンモール宮崎, 西都城駅前バスセンター・栄町〜宮崎道〜宮崎空港・宮崎駅, 宮崎駅〜生目台・宮崎道〜西都城駅前バスセンター, 宮交シティ〜宮崎駅・県病院〜生目台西3丁目, 清武駅〜学園短大・国際大〜宮崎駅, 宮崎駅〜山崎・まなび野・医大・福祉ゾーン〜宮崎大学, 看護大学〜東山崎〜宮交シティ, 宮交シティ・宮崎駅〜権現町〜宮崎運転免許センター, 宮交シティ〜国富ヶ丘団地, 宮崎駅〜山崎・まなび野・医大〜宮崎大学, 宮崎駅〜木花台〜青島, 平和が丘〜県病院前〜宮崎空港, 宮崎駅〜青島〜白浜入口, 宮崎駅〜青島〜青島サンクマール, 宮崎駅〜東宮団地〜折生迫, 宮崎駅〜青島, 七野〜福祉センター〜宮崎駅, 西希望ヶ丘〜宮交シティ〜宮崎神宮, 西希望ヶ丘〜宮交シティ, 宮崎駅〜木花・宮崎大学〜大学病院, 宮崎駅〜正手〜七野, 宮崎駅〜まなび野〜大学病院, 宮崎駅〜正手・合又〜田野運動公園, 宮崎駅〜清武・医大・福祉ソーン〜宮崎大学, 宮崎駅〜木花・宮崎大学・福祉ゾーン〜大学病院, 青島〜休養村センター〜宮崎駅, ニトリモール宮崎〜宮交シティ〜宮崎駅, 宮崎大学〜木花〜宮崎駅, 大学病院〜木花台・宮崎駅〜フローランテ宮崎, 大学病院〜・福ゾーン・木花台・宮崎駅〜フローランテ宮崎, 宮崎駅〜中野〜学園短大・国際大, 大村入口〜宮崎駅〜フローランテ宮崎, 宮崎駅〜中野〜上丸目, 宮交シティ〜学園短大・国際大, 学園短大・国際大〜宮交シティ〜南宮崎駅, 市民の森〜青葉通・宮交シティ〜学園短大・国際大, 宮崎駅〜中野・谷の口〜尾平, 青島〜ニトリモール宮崎〜宮崎駅, 宮崎駅〜清武・医大〜木花駅西口, 宮崎駅〜清武〜医大・福祉・木花駅西口, 宮交シティ〜橘通〜宮崎神宮, 宮交シティ〜橘通〜平和台, 宮崎駅〜清武・医大〜宮崎大学, 宮交シティ〜福祉文化公園〜西高前, 宮交シティ〜橘通〜下北方, 宮交シティ〜福祉文化公園〜薫る坂, 東宮団地〜看護大〜宮崎駅, 東宮団地〜看護大〜古賀総合病院, 宮交シティ〜宮崎駅〜宮崎港, 宮交シティ・宮崎駅〜青葉通〜シーガイア, 宮交シティ・宮崎駅〜青葉通〜シーガイア・フローランテ宮崎, ニトリモール宮崎・宮交シティ〜記念病院〜有田・宮の下, 宮交シティ〜大淀大橋・宮崎駅〜波島・市民の森, ニトリモール宮崎・宮交シティ〜橘通〜記念病院, 雁ヶ音団地〜宮崎駅・橘通・大淀大橋〜宮交シティ, 宮交シティ〜橘通〜記念病院, 悠楽園・小松台〜橘通〜宮交シティ, 宮交シティ〜橘通・記念病院〜有田・宮の下, 宮交シティ〜橘通・記念病院〜生目の杜運動公園, 宮交シティ〜県病院前〜大塚台・生目神社, 宮交シティ〜橘通・江田原〜市民の森, 宮交シティ〜大淀大橋・橘通・宮崎駅〜波島・雁ヶ音団地, 西希望ヶ丘〜宮交シティ・平和が丘団地〜古賀総合病院, 宮交シティ〜平和が丘団地〜古賀総合病院, 宮交シティ〜平和が丘団地〜北高校, 宮交シティ〜県病院前・大塚台〜生目台西3丁目, 宮交シティ〜小松台〜医師会病院・富吉車庫, 東宮団地〜看護大〜北高校, 宮崎駅〜清武・医大・宮崎大学・タウンセンター〜木花, 宮崎駅〜まなび野〜東宮団地, 宮崎駅〜清武・医大・宮崎大学〜タウンセンター, 宮崎駅〜清武・大学病院・熊野〜宮崎大学, ニトリモール宮崎〜福祉センター・橘通〜宮崎駅, 宮崎駅・宮崎空港〜宮崎道〜西都城駅前バスセンター, 看護大学〜宮交シティ〜下畑・井上, 宮交シティ〜池内〜下畑・井上, 西都バスセンター〜春田バイパス・北バイパス・橘通〜大学病院・宮崎大学, 宮交シティ〜東九州道〜高千穂バスセンター・高千穂大橋, 高千穂大橋・高千穂バスセンター〜東九州道〜宮崎空港・宮崎駅, 宮崎神宮〜月見ヶ丘〜宮交シティ, 宮崎神宮〜月見ヶ丘〜宮崎神宮, 宮崎神宮〜月見ヶ丘（池ノ上）, 宮交シティ〜平和が丘団地〜宮交シティ, 宮交シティ〜平和が丘団地〜西希望ヶ丘, 東宮団地〜平和が丘団地〜宮交シティ, 宮交シティ〜宮崎駅〜波島・フェニックス自然動物園・波島〜宮崎駅〜宮交シティ, 上西中循環線〜上西中循環線〜宮交シティ, 宮交シティ〜飛江田団地・大淀大橋〜原町・文化公園, 文化公園・原町〜宮交シティ・飛江田団地〜原町・文化公園, 文化公園・原町〜宮交シティ・飛江田団地〜宮交シティ, 宮交シティ・飛江田団地〜大淀大橋・橘通〜宮崎神宮, 宮交シティ・飛江田団地〜橘橋〜原町・文化公園, 宮崎神宮・原町〜宮交シティ・飛江田団地〜大淀大橋・橘通〜宮崎神宮, 宮崎神宮・原町〜宮交シティ・飛江田団地〜橘橋〜原町・宮崎神宮, 月見ヶ丘〜宮交シティ〜宮崎神宮, 宮交シティ〜西都バスセンター〜妻高校前, 小林駅〜宮交シティ〜学園短大・国際大, 小林高校〜宮交シティ・福祉センター〜宮崎空港, （ダ）宮交シティ〜橘橋〜綾・酒泉の杜, 宮崎駅〜正手・七野〜青井岳, 宮崎神宮〜月見ヶ丘郵便局前〜宮崎神宮, 宮交シティ〜月見ヶ丘郵便局前〜宮崎神宮, 宮交シティ〜月見ヶ丘郵便局前〜宮交シティ, イオンモール宮崎〜江田原・橘橋〜宮交シティ・月見ヶ丘（池の上）, 西都バスセンター〜花ヶ島・宮交シティ〜国立東病院"
宮交シティ,高鍋町・木城町,宮交シティ〜高鍋〜木城温泉館湯らら
中の又,宮崎交通（株）,"橋の元〜飛江田・大淀大橋〜宮崎神宮, 宮交シティ〜飛江田団地・大淀大橋〜原町・文化公園, 文化公園・原町〜宮交シティ・飛江田団地〜原町・文化公園, 文化公園・原町〜宮交シティ・飛江田団地〜宮交シティ, 宮交シティ・飛江田団地〜大淀大橋・橘通〜宮崎神宮, 宮交シティ・飛江田団地〜橘橋〜原町・文化公園, 宮崎神宮・原町〜宮交シティ・飛江田団地〜大淀大橋・橘通〜宮崎神宮, 宮崎神宮・原町〜宮交シティ・飛江田団地〜橘橋〜原町・宮崎神宮"
大牟田,宮崎交通（株）,"小林駅〜北原町〜西都城駅前バスセンター, イオン都城・西都城駅前バスセンター〜小林駅, 小林駅〜イオンモール〜西都城駅前バスセンター・イオン都城"
祓川,宮崎交通（株）,祓川〜広原・前野〜小林駅
祓川,高原町,祓川線
野崎病院入口,宮崎交通（株）,宮崎駅〜天満1丁目〜黒北
橋の元,宮崎交通（株）,"橋の元〜飛江田・大淀大橋〜宮崎神宮, 宮交シティ〜飛江田団地・大淀大橋〜原町・文化公園, 文化公園・原町〜宮交シティ・飛江田団地〜原町・文化公園, 文化公園・原町〜宮交シティ・飛江田団地〜宮交シティ, 宮交シティ・飛江田団地〜大淀大橋・橘通〜宮崎神宮, 宮交シティ・飛江田団地〜橘橋〜原町・文化公園, 宮崎神宮・原町〜宮交シティ・飛江田団地〜大淀大橋・橘通〜宮崎神宮, 宮崎神宮・原町〜宮交シティ・飛江田団地〜橘橋〜原町・宮崎神宮"
鵬翔高校前,宮崎交通（株）,"宮崎大学〜宮交シティ〜高鍋バスセンター, 学園短大・国際大〜宮交シティ〜西都バスセンター, 宮崎大学〜清武・宮崎駅・権現町〜宮崎運転免許センター, 清武駅〜学園短大・国際大〜宮崎駅, 宮崎駅〜正手〜七野, 宮崎駅〜正手・合又〜田野運動公園, 宮崎駅〜清武・医大・福祉ソーン〜宮崎大学, 宮崎駅〜中野〜学園短大・国際大, 宮崎駅〜中野〜上丸目, 宮交シティ〜学園短大・国際大, 学園短大・国際大〜宮交シティ〜南宮崎駅, 市民の森〜青葉通・宮交シティ〜学園短大・国際大, 宮崎駅〜中野・谷の口〜尾平, 宮崎駅〜清武・医大〜木花駅西口, 宮崎駅〜清武〜医大・福祉・木花駅西口, 宮崎駅〜清武・医大〜宮崎大学, 宮崎駅〜清武・医大・宮崎大学・タウンセンター〜木花, 宮崎駅〜清武・医大・宮崎大学〜タウンセンター, 宮崎駅〜清武・大学病院・熊野〜宮崎大学, 西都バスセンター〜春田バイパス・北バイパス・橘通〜大学病院・宮崎大学, 小林駅〜宮交シティ〜学園短大・国際大, 宮崎駅〜正手・七野〜青井岳"
姥ヶ島,宮崎交通（株）,"橋の元〜飛江田・大淀大橋〜宮崎神宮, 宮交シティ〜飛江田団地・大淀大橋〜原町・文化公園, 文化公園・原町〜宮交シティ・飛江田団地〜原町・文化公園, 文化公園・原町〜宮交シティ・飛江田団地〜宮交シティ, 宮交シティ・飛江田団地〜大淀大橋・橘通〜宮崎神宮, 宮交シティ・飛江田団地〜橘橋〜原町・文化公園, 宮崎神宮・原町〜宮交シティ・飛江田団地〜大淀大橋・橘通〜宮崎神宮, 宮崎神宮・原町〜宮交シティ・飛江田団地〜橘橋〜原町・宮崎神宮"
薫る坂中央,宮崎交通（株）,"薫る坂〜福祉文化公園・橘通〜宮崎駅, 宮交シティ〜福祉文化公園〜薫る坂, 薫る坂〜橘通・宮崎駅〜引土街区公園"
西前島,宮崎交通（株）,"橋の元〜飛江田・大淀大橋〜宮崎神宮, 宮交シティ〜飛江田団地・大淀大橋〜原町・文化公園, 文化公園・原町〜宮交シティ・飛江田団地〜原町・文化公園, 文化公園・原町〜宮交シティ・飛江田団地〜宮交シティ, 宮交シティ・飛江田団地〜大淀大橋・橘通〜宮崎神宮, 宮交シティ・飛江田団地〜橘橋〜原町・文化公園, 宮崎神宮・原町〜宮交シティ・飛江田団地〜大淀大橋・橘通〜宮崎神宮, 宮崎神宮・原町〜宮交シティ・飛江田団地〜橘橋〜原町・宮崎神宮"
福祉センター,宮崎交通（株）,"宮崎空港〜福祉センター・宮交シティ〜宮崎駅, 小林駅〜宮交シティ・福祉センター〜宮崎空港, 七野〜福祉センター〜宮崎駅, 青島〜ニトリモール宮崎〜宮崎駅, 東宮団地〜看護大〜宮崎駅, 東宮団地〜看護大〜古賀総合病院, ニトリモール宮崎・宮交シティ〜記念病院〜有田・宮の下, ニトリモール宮崎・宮交シティ〜橘通〜記念病院, 東宮団地〜看護大〜北高校, 宮崎駅〜まなび野〜東宮団地, ニトリモール宮崎〜福祉センター・橘通〜宮崎駅, 東宮団地〜平和が丘団地〜宮交シティ, 小林高校〜宮交シティ・福祉センター〜宮崎空港"
中恒久,宮崎交通（株）,"看護大学〜宮交シティ〜高鍋バスセンター, 宮崎駅〜木花台〜折生迫, 宮崎駅〜橘通・宮崎空港・鵜戸神宮〜飫肥, 宮崎駅〜橘通・宮崎空港・堀切峠トンネル〜鵜戸神宮〜飫肥, ニトリモール宮崎〜宮交シティ・宮崎駅・権現町〜宮崎運転免許センター, 宮崎駅〜東宮団地〜青島, 宮崎駅〜山崎・まなび野・医大・福祉ゾーン〜宮崎大学, 看護大学〜東山崎〜宮交シティ, 宮交シティ〜国富ヶ丘団地, 宮崎駅〜山崎・まなび野・医大〜宮崎大学, 宮崎駅〜木花台〜青島, 宮崎駅〜青島〜白浜入口, 宮崎駅〜青島〜青島サンクマール, 宮崎駅〜東宮団地〜折生迫, 宮崎駅〜青島, 西希望ヶ丘〜宮交シティ〜宮崎神宮, 西希望ヶ丘〜宮交シティ, 宮崎駅〜木花・宮崎大学〜大学病院, 宮崎駅〜まなび野〜大学病院, 宮崎駅〜木花・宮崎大学・福祉ゾーン〜大学病院, 青島〜休養村センター〜宮崎駅, ニトリモール宮崎〜宮交シティ〜宮崎駅, 宮崎大学〜木花〜宮崎駅, 大学病院〜木花台・宮崎駅〜フローランテ宮崎, 大学病院〜・福ゾーン・木花台・宮崎駅〜フローランテ宮崎, 大村入口〜宮崎駅〜フローランテ宮崎, 西希望ヶ丘〜宮交シティ・平和が丘団地〜古賀総合病院, 看護大学〜宮交シティ〜下畑・井上, 宮崎神宮〜月見ヶ丘〜宮交シティ, 宮崎神宮〜月見ヶ丘〜宮崎神宮, 宮崎神宮〜月見ヶ丘（池ノ上）, 宮交シティ〜平和が丘団地〜西希望ヶ丘, 月見ヶ丘〜宮交シティ〜宮崎神宮, 宮崎神宮〜月見ヶ丘郵便局前〜宮崎神宮, 宮交シティ〜月見ヶ丘郵便局前〜宮崎神宮, 宮交シティ〜月見ヶ丘郵便局前〜宮交シティ, イオンモール宮崎〜江田原・橘橋〜宮交シティ・月見ヶ丘（池の上）, 西都バスセンター〜花ヶ島・宮交シティ〜国立東病院"
薫る坂,宮崎交通（株）,"薫る坂〜福祉文化公園・橘通〜宮崎駅, 宮交シティ〜福祉文化公園〜薫る坂, 薫る坂〜橘通・宮崎駅〜引土街区公園"
丸山,宮崎交通（株）,"宮崎大学〜宮交シティ〜高鍋バスセンター, 学園短大・国際大〜宮交シティ〜西都バスセンター, 宮崎大学〜清武・宮崎駅・権現町〜宮崎運転免許センター, 清武駅〜学園短大・国際大〜宮崎駅, 宮崎駅〜正手〜七野, 宮崎駅〜正手・合又〜田野運動公園, 宮崎駅〜清武・医大・福祉ソーン〜宮崎大学, 宮崎駅〜中野〜学園短大・国際大, 宮崎駅〜中野〜上丸目, 宮交シティ〜学園短大・国際大, 学園短大・国際大〜宮交シティ〜南宮崎駅, 市民の森〜青葉通・宮交シティ〜学園短大・国際大, 宮崎駅〜中野・谷の口〜尾平, 宮崎駅〜清武・医大〜木花駅西口, 宮崎駅〜清武〜医大・福祉・木花駅西口, 宮崎駅〜清武・医大〜宮崎大学, 宮崎駅〜清武・医大・宮崎大学・タウンセンター〜木花, 宮崎駅〜清武・医大・宮崎大学〜タウンセンター, 宮崎駅〜清武・大学病院・熊野〜宮崎大学, 西都バスセンター〜春田バイパス・北バイパス・橘通〜大学病院・宮崎大学, 小林駅〜宮交シティ〜学園短大・国際大, 宮崎駅〜正手・七野〜青井岳"
温水,（有）高崎観光バス,炭床〜都城
江平小学校,（有）高崎観光バス,炭床〜都城
赤江小前,宮崎交通（株）,"橋の元〜飛江田・大淀大橋〜宮崎神宮, 宮交シティ〜飛江田団地・大淀大橋〜原町・文化公園, 文化公園・原町〜宮交シティ・飛江田団地〜原町・文化公園, 文化公園・原町〜宮交シティ・飛江田団地〜宮交シティ, 宮交シティ・飛江田団地〜大淀大橋・橘通〜宮崎神宮, 宮交シティ・飛江田団地〜橘橋〜原町・文化公園, 宮崎神宮・原町〜宮交シティ・飛江田団地〜大淀大橋・橘通〜宮崎神宮, 宮崎神宮・原町〜宮交シティ・飛江田団地〜橘橋〜原町・宮崎神宮"
吉永センター入口,宮崎交通（株）,"ニトリモール宮崎〜宮交シティ・宮崎駅・権現町〜宮崎運転免許センター, ニトリモール宮崎〜宮交シティ〜宮崎駅"
田平,宮崎交通（株）,"小林駅〜北原町〜西都城駅前バスセンター, イオン都城・西都城駅前バスセンター〜小林駅, 小林駅〜イオンモール〜西都城駅前バスセンター・イオン都城"
源藤団地前,宮崎交通（株）,"ニトリモール宮崎〜宮交シティ・宮崎駅・権現町〜宮崎運転免許センター, ニトリモール宮崎〜宮交シティ〜宮崎駅"
月見ヶ丘入口,宮崎交通（株）,"ニトリモール宮崎〜宮交シティ・宮崎駅・権現町〜宮崎運転免許センター, ニトリモール宮崎〜宮交シティ〜宮崎駅, 宮崎神宮〜月見ヶ丘〜宮交シティ, 宮崎神宮〜月見ヶ丘〜宮崎神宮, 宮崎神宮〜月見ヶ丘（池ノ上）, 月見ヶ丘〜宮交シティ〜宮崎神宮, イオンモール宮崎〜江田原・橘橋〜宮交シティ・月見ヶ丘（池の上）"
東田吉,宮崎交通（株）,"橋の元〜飛江田・大淀大橋〜宮崎神宮, 宮交シティ〜飛江田団地・大淀大橋〜原町・文化公園, 文化公園・原町〜宮交シティ・飛江田団地〜原町・文化公園, 文化公園・原町〜宮交シティ・飛江田団地〜宮交シティ, 宮交シティ・飛江田団地〜大淀大橋・橘通〜宮崎神宮, 宮交シティ・飛江田団地〜橘橋〜原町・文化公園, 宮崎神宮・原町〜宮交シティ・飛江田団地〜大淀大橋・橘通〜宮崎神宮, 宮崎神宮・原町〜宮交シティ・飛江田団地〜橘橋〜原町・宮崎神宮"
源藤町,宮崎交通（株）,"宮崎大学〜宮交シティ〜高鍋バスセンター, 学園短大・国際大〜宮交シティ〜西都バスセンター, 宮崎大学〜清武・宮崎駅・権現町〜宮崎運転免許センター, 清武駅〜学園短大・国際大〜宮崎駅, 七野〜福祉センター〜宮崎駅, 宮崎駅〜正手〜七野, 宮崎駅〜正手・合又〜田野運動公園, 宮崎駅〜清武・医大・福祉ソーン〜宮崎大学, 宮崎駅〜中野〜学園短大・国際大, 宮崎駅〜中野〜上丸目, 宮交シティ〜学園短大・国際大, 学園短大・国際大〜宮交シティ〜南宮崎駅, 市民の森〜青葉通・宮交シティ〜学園短大・国際大, 宮崎駅〜中野・谷の口〜尾平, 宮崎駅〜清武・医大〜木花駅西口, 宮崎駅〜清武〜医大・福祉・木花駅西口, 宮崎駅〜清武・医大〜宮崎大学, 宮崎駅〜清武・医大・宮崎大学・タウンセンター〜木花, 宮崎駅〜清武・医大・宮崎大学〜タウンセンター, 宮崎駅〜清武・大学病院・熊野〜宮崎大学, 西都バスセンター〜春田バイパス・北バイパス・橘通〜大学病院・宮崎大学, 小林駅〜宮交シティ〜学園短大・国際大, 宮崎駅〜正手・七野〜青井岳"
飛江田団地,宮崎交通（株）,"橋の元〜飛江田・大淀大橋〜宮崎神宮, 宮交シティ〜飛江田団地・大淀大橋〜原町・文化公園, 文化公園・原町〜宮交シティ・飛江田団地〜原町・文化公園, 文化公園・原町〜宮交シティ・飛江田団地〜宮交シティ, 宮交シティ・飛江田団地〜大淀大橋・橘通〜宮崎神宮, 宮交シティ・飛江田団地〜橘橋〜原町・文化公園, 宮崎神宮・原町〜宮交シティ・飛江田団地〜大淀大橋・橘通〜宮崎神宮, 宮崎神宮・原町〜宮交シティ・飛江田団地〜橘橋〜原町・宮崎神宮"
恒久神社前,宮崎交通（株）,"橋の元〜飛江田・大淀大橋〜宮崎神宮, 宮交シティ〜飛江田団地・大淀大橋〜原町・文化公園, 文化公園・原町〜宮交シティ・飛江田団地〜原町・文化公園, 文化公園・原町〜宮交シティ・飛江田団地〜宮交シティ, 宮交シティ・飛江田団地〜大淀大橋・橘通〜宮崎神宮, 宮交シティ・飛江田団地〜橘橋〜原町・文化公園, 宮崎神宮・原町〜宮交シティ・飛江田団地〜大淀大橋・橘通〜宮崎神宮, 宮崎神宮・原町〜宮交シティ・飛江田団地〜橘橋〜原町・宮崎神宮"
赤江浜入口,宮崎交通（株）,"橋の元〜飛江田・大淀大橋〜宮崎神宮, 宮交シティ〜飛江田団地・大淀大橋〜原町・文化公園, 文化公園・原町〜宮交シティ・飛江田団地〜原町・文化公園, 文化公園・原町〜宮交シティ・飛江田団地〜宮交シティ, 宮交シティ・飛江田団地〜大淀大橋・橘通〜宮崎神宮, 宮交シティ・飛江田団地〜橘橋〜原町・文化公園, 宮崎神宮・原町〜宮交シティ・飛江田団地〜大淀大橋・橘通〜宮崎神宮, 宮崎神宮・原町〜宮交シティ・飛江田団地〜橘橋〜原町・宮崎神宮"
東飛江田,宮崎交通（株）,"橋の元〜飛江田・大淀大橋〜宮崎神宮, 宮交シティ〜飛江田団地・大淀大橋〜原町・文化公園, 文化公園・原町〜宮交シティ・飛江田団地〜原町・文化公園, 文化公園・原町〜宮交シティ・飛江田団地〜宮交シティ, 宮交シティ・飛江田団地〜大淀大橋・橘通〜宮崎神宮, 宮交シティ・飛江田団地〜橘橋〜原町・文化公園, 宮崎神宮・原町〜宮交シティ・飛江田団地〜大淀大橋・橘通〜宮崎神宮, 宮崎神宮・原町〜宮交シティ・飛江田団地〜橘橋〜原町・宮崎神宮"
ニトリモール宮崎,宮崎交通（株）,"ニトリモール宮崎〜宮交シティ・宮崎駅・権現町〜宮崎運転免許センター, ニトリモール宮崎〜宮交シティ〜宮崎駅, 青島〜ニトリモール宮崎〜宮崎駅, ニトリモール宮崎・宮交シティ〜記念病院〜有田・宮の下, ニトリモール宮崎・宮交シティ〜橘通〜記念病院, ニトリモール宮崎〜福祉センター・橘通〜宮崎駅"
南高校,宮崎交通（株）,"宮崎神宮〜月見ヶ丘〜宮交シティ, 宮崎神宮〜月見ヶ丘〜宮崎神宮, 宮崎神宮〜月見ヶ丘（池ノ上）, 月見ヶ丘〜宮交シティ〜宮崎神宮, イオンモール宮崎〜江田原・橘橋〜宮交シティ・月見ヶ丘（池の上）"
旧田辺小,都城市,高城地区コミュニティバス　旧田辺小⇔山之口総合支所
農高前,宮崎交通（株）,"看護大学〜宮交シティ〜高鍋バスセンター, 宮崎駅〜木花台〜折生迫, 宮崎駅〜橘通・宮崎空港・鵜戸神宮〜飫肥, 宮崎駅〜橘通・宮崎空港・堀切峠トンネル〜鵜戸神宮〜飫肥, 宮崎駅〜東宮団地〜青島, 宮崎駅〜山崎・まなび野・医大・福祉ゾーン〜宮崎大学, 看護大学〜東山崎〜宮交シティ, 宮交シティ〜国富ヶ丘団地, 宮崎駅〜山崎・まなび野・医大〜宮崎大学, 宮崎駅〜木花台〜青島, 宮崎駅〜青島〜白浜入口, 宮崎駅〜青島〜青島サンクマール, 宮崎駅〜東宮団地〜折生迫, 宮崎駅〜青島, 西希望ヶ丘〜宮交シティ〜宮崎神宮, 西希望ヶ丘〜宮交シティ, 宮崎駅〜木花・宮崎大学〜大学病院, 宮崎駅〜まなび野〜大学病院, 宮崎駅〜木花・宮崎大学・福祉ゾーン〜大学病院, 青島〜休養村センター〜宮崎駅, 宮崎大学〜木花〜宮崎駅, 大学病院〜木花台・宮崎駅〜フローランテ宮崎, 大学病院〜・福ゾーン・木花台・宮崎駅〜フローランテ宮崎, 大村入口〜宮崎駅〜フローランテ宮崎, 西希望ヶ丘〜宮交シティ・平和が丘団地〜古賀総合病院, 看護大学〜宮交シティ〜下畑・井上, 宮交シティ〜平和が丘団地〜西希望ヶ丘, 宮崎神宮〜月見ヶ丘郵便局前〜宮崎神宮, 宮交シティ〜月見ヶ丘郵便局前〜宮崎神宮, 宮交シティ〜月見ヶ丘郵便局前〜宮交シティ, 西都バスセンター〜花ヶ島・宮交シティ〜国立東病院"
産経大入口,宮崎交通（株）,"宮崎大学〜宮交シティ〜高鍋バスセンター, 学園短大・国際大〜宮交シティ〜西都バスセンター, 宮崎大学〜清武・宮崎駅・権現町〜宮崎運転免許センター, 清武駅〜学園短大・国際大〜宮崎駅, 七野〜福祉センター〜宮崎駅, 宮崎駅〜正手〜七野, 宮崎駅〜正手・合又〜田野運動公園, 宮崎駅〜清武・医大・福祉ソーン〜宮崎大学, 宮崎駅〜中野〜学園短大・国際大, 宮崎駅〜中野〜上丸目, 宮交シティ〜学園短大・国際大, 学園短大・国際大〜宮交シティ〜南宮崎駅, 市民の森〜青葉通・宮交シティ〜学園短大・国際大, 宮崎駅〜中野・谷の口〜尾平, 宮崎駅〜清武・医大〜木花駅西口, 宮崎駅〜清武〜医大・福祉・木花駅西口, 宮崎駅〜清武・医大〜宮崎大学, 宮崎駅〜清武・医大・宮崎大学・タウンセンター〜木花, 宮崎駅〜清武・医大・宮崎大学〜タウンセンター, 宮崎駅〜清武・大学病院・熊野〜宮崎大学, 西都バスセンター〜春田バイパス・北バイパス・橘通〜大学病院・宮崎大学, 小林駅〜宮交シティ〜学園短大・国際大, 宮崎駅〜正手・七野〜青井岳"
吉村,（有）高崎観光バス,炭床〜都城
シニアセンター入口,宮崎交通（株）,"小林駅〜北原町〜西都城駅前バスセンター, イオン都城・西都城駅前バスセンター〜小林駅, 小林駅〜イオンモール〜西都城駅前バスセンター・イオン都城"
南部病院前,宮崎交通（株）,"看護大学〜宮交シティ〜高鍋バスセンター, 宮崎駅〜木花台〜折生迫, 宮崎駅〜橘通・宮崎空港・鵜戸神宮〜飫肥, 宮崎駅〜橘通・宮崎空港・堀切峠トンネル〜鵜戸神宮〜飫肥, 宮崎駅〜東宮団地〜青島, 宮崎駅〜山崎・まなび野・医大・福祉ゾーン〜宮崎大学, 看護大学〜東山崎〜宮交シティ, 宮交シティ〜国富ヶ丘団地, 宮崎駅〜山崎・まなび野・医大〜宮崎大学, 宮崎駅〜木花台〜青島, 宮崎駅〜青島〜白浜入口, 宮崎駅〜青島〜青島サンクマール, 宮崎駅〜東宮団地〜折生迫, 宮崎駅〜青島, 西希望ヶ丘〜宮交シティ〜宮崎神宮, 西希望ヶ丘〜宮交シティ, 宮崎駅〜木花・宮崎大学〜大学病院, 宮崎駅〜まなび野〜大学病院, 宮崎駅〜木花・宮崎大学・福祉ゾーン〜大学病院, 青島〜休養村センター〜宮崎駅, 宮崎大学〜木花〜宮崎駅, 大学病院〜木花台・宮崎駅〜フローランテ宮崎, 大学病院〜・福ゾーン・木花台・宮崎駅〜フローランテ宮崎, 大村入口〜宮崎駅〜フローランテ宮崎, 西希望ヶ丘〜宮交シティ・平和が丘団地〜古賀総合病院, 看護大学〜宮交シティ〜下畑・井上, 宮交シティ〜平和が丘団地〜西希望ヶ丘, 宮崎神宮〜月見ヶ丘郵便局前〜宮崎神宮, 宮交シティ〜月見ヶ丘郵便局前〜宮崎神宮, 宮交シティ〜月見ヶ丘郵便局前〜宮交シティ, 西都バスセンター〜花ヶ島・宮交シティ〜国立東病院"
母子像前,宮崎交通（株）,"宮崎神宮〜月見ヶ丘〜宮交シティ, 宮崎神宮〜月見ヶ丘〜宮崎神宮, 宮崎神宮〜月見ヶ丘（池ノ上）, 月見ヶ丘〜宮交シティ〜宮崎神宮, 宮崎神宮〜月見ヶ丘郵便局前〜宮崎神宮, 宮交シティ〜月見ヶ丘郵便局前〜宮崎神宮, 宮交シティ〜月見ヶ丘郵便局前〜宮交シティ, イオンモール宮崎〜江田原・橘橋〜宮交シティ・月見ヶ丘（池の上）"
月見ヶ丘1丁目,宮崎交通（株）,"宮崎神宮〜月見ヶ丘郵便局前〜宮崎神宮, 宮交シティ〜月見ヶ丘郵便局前〜宮崎神宮, 宮交シティ〜月見ヶ丘郵便局前〜宮交シティ"
高崎温泉センター,宮崎交通（株）,"小林駅〜北原町〜西都城駅前バスセンター, イオン都城・西都城駅前バスセンター〜小林駅, 小林駅〜イオンモール〜西都城駅前バスセンター・イオン都城"
ラスパ高崎,（有）高崎観光バス,"炭床〜都城, ラスパ〜都城"
田辺,都城市,高城地区コミュニティバス　旧田辺小⇔山之口総合支所
クリーン池田台,宮崎交通（株）,宮崎駅〜天満1丁目〜黒北
池の上,宮崎交通（株）,"宮崎神宮〜月見ヶ丘〜宮交シティ, 宮崎神宮〜月見ヶ丘〜宮崎神宮, 宮崎神宮〜月見ヶ丘（池ノ上）, 月見ヶ丘〜宮交シティ〜宮崎神宮, イオンモール宮崎〜江田原・橘橋〜宮交シティ・月見ヶ丘（池の上）"
黒北,宮崎交通（株）,宮崎駅〜天満1丁目〜黒北
下加納,宮崎交通（株）,"宮崎大学〜宮交シティ〜高鍋バスセンター, 学園短大・国際大〜宮交シティ〜西都バスセンター, 宮崎大学〜清武・宮崎駅・権現町〜宮崎運転免許センター, 清武駅〜学園短大・国際大〜宮崎駅, 七野〜福祉センター〜宮崎駅, 宮崎駅〜正手〜七野, 宮崎駅〜正手・合又〜田野運動公園, 宮崎駅〜清武・医大・福祉ソーン〜宮崎大学, 宮崎駅〜中野〜学園短大・国際大, 宮崎駅〜中野〜上丸目, 宮交シティ〜学園短大・国際大, 学園短大・国際大〜宮交シティ〜南宮崎駅, 市民の森〜青葉通・宮交シティ〜学園短大・国際大, 宮崎駅〜中野・谷の口〜尾平, 宮崎駅〜清武・医大〜木花駅西口, 宮崎駅〜清武〜医大・福祉・木花駅西口, 宮崎駅〜清武・医大〜宮崎大学, 宮崎駅〜清武・医大・宮崎大学・タウンセンター〜木花, 宮崎駅〜清武・医大・宮崎大学〜タウンセンター, 宮崎駅〜清武・大学病院・熊野〜宮崎大学, 西都バスセンター〜春田バイパス・北バイパス・橘通〜大学病院・宮崎大学, 小林駅〜宮交シティ〜学園短大・国際大, 宮崎駅〜正手・七野〜青井岳"
月見ヶ丘,宮崎交通（株）,"宮崎神宮〜月見ヶ丘〜宮交シティ, 宮崎神宮〜月見ヶ丘〜宮崎神宮, 宮崎神宮〜月見ヶ丘（池ノ上）, 月見ヶ丘〜宮交シティ〜宮崎神宮, 宮崎神宮〜月見ヶ丘郵便局前〜宮崎神宮, 宮交シティ〜月見ヶ丘郵便局前〜宮崎神宮, 宮交シティ〜月見ヶ丘郵便局前〜宮交シティ, イオンモール宮崎〜江田原・橘橋〜宮交シティ・月見ヶ丘（池の上）"
月見ヶ丘西,宮崎交通（株）,"宮崎神宮〜月見ヶ丘〜宮交シティ, 宮崎神宮〜月見ヶ丘〜宮崎神宮, 宮崎神宮〜月見ヶ丘（池ノ上）, 月見ヶ丘〜宮交シティ〜宮崎神宮, イオンモール宮崎〜江田原・橘橋〜宮交シティ・月見ヶ丘（池の上）"
赤江中前,宮崎交通（株）,"看護大学〜宮交シティ〜高鍋バスセンター, 宮崎駅〜山崎・まなび野・医大・福祉ゾーン〜宮崎大学, 看護大学〜東山崎〜宮交シティ, 宮崎駅〜山崎・まなび野・医大〜宮崎大学, 宮崎駅〜まなび野〜大学病院, 看護大学〜宮交シティ〜下畑・井上"
月見ヶ丘6丁目,宮崎交通（株）,"小林駅〜野尻〜宮崎空港, 小林駅〜宮崎駅〜宮崎空港, 宮崎空港〜福祉センター・宮交シティ〜宮崎駅, 宮崎駅〜橘通・宮交シティ・南バイパス〜宮崎空港, 小林駅〜宮交シティ・福祉センター〜宮崎空港, 西都城駅前バスセンター・栄町〜宮崎道〜宮崎空港・宮崎駅, 宮崎駅〜生目台・宮崎道〜西都城駅前バスセンター, 平和が丘〜県病院前〜宮崎空港, 青島〜ニトリモール宮崎〜宮崎駅, 東宮団地〜看護大〜宮崎駅, 東宮団地〜看護大〜古賀総合病院, 東宮団地〜看護大〜北高校, 宮崎駅〜まなび野〜東宮団地, 宮崎駅・宮崎空港〜宮崎道〜西都城駅前バスセンター, 東宮団地〜平和が丘団地〜宮交シティ, 小林高校〜宮交シティ・福祉センター〜宮崎空港"
月見ヶ丘幼稚園入口,宮崎交通（株）,"宮崎神宮〜月見ヶ丘〜宮交シティ, 宮崎神宮〜月見ヶ丘〜宮崎神宮, 宮崎神宮〜月見ヶ丘（池ノ上）, 月見ヶ丘〜宮交シティ〜宮崎神宮, 宮崎神宮〜月見ヶ丘郵便局前〜宮崎神宮, 宮交シティ〜月見ヶ丘郵便局前〜宮崎神宮, 宮交シティ〜月見ヶ丘郵便局前〜宮交シティ, イオンモール宮崎〜江田原・橘橋〜宮交シティ・月見ヶ丘（池の上）"
月見ヶ丘4丁目,宮崎交通（株）,"宮崎神宮〜月見ヶ丘〜宮交シティ, 宮崎神宮〜月見ヶ丘〜宮崎神宮, 宮崎神宮〜月見ヶ丘（池ノ上）, 月見ヶ丘〜宮交シティ〜宮崎神宮, 宮崎神宮〜月見ヶ丘郵便局前〜宮崎神宮, 宮交シティ〜月見ヶ丘郵便局前〜宮崎神宮, 宮交シティ〜月見ヶ丘郵便局前〜宮交シティ, イオンモール宮崎〜江田原・橘橋〜宮交シティ・月見ヶ丘（池の上）"
田吉,宮崎交通（株）,"宮崎駅〜木花台〜折生迫, 宮崎駅〜橘通・宮崎空港・鵜戸神宮〜飫肥, 宮崎駅〜橘通・宮崎空港・堀切峠トンネル〜鵜戸神宮〜飫肥, 宮崎駅〜東宮団地〜青島, 宮交シティ〜国富ヶ丘団地, 宮崎駅〜木花台〜青島, 宮崎駅〜青島〜白浜入口, 宮崎駅〜青島〜青島サンクマール, 宮崎駅〜東宮団地〜折生迫, 宮崎駅〜青島, 西希望ヶ丘〜宮交シティ〜宮崎神宮, 西希望ヶ丘〜宮交シティ, 宮崎駅〜木花・宮崎大学〜大学病院, 宮崎駅〜木花・宮崎大学・福祉ゾーン〜大学病院, 青島〜休養村センター〜宮崎駅, 宮崎大学〜木花〜宮崎駅, 大学病院〜木花台・宮崎駅〜フローランテ宮崎, 大学病院〜・福ゾーン・木花台・宮崎駅〜フローランテ宮崎, 大村入口〜宮崎駅〜フローランテ宮崎, 西希望ヶ丘〜宮交シティ・平和が丘団地〜古賀総合病院, 宮交シティ〜平和が丘団地〜西希望ヶ丘, 西都バスセンター〜花ヶ島・宮交シティ〜国立東病院"
月見ヶ丘南,宮崎交通（株）,"宮崎神宮〜月見ヶ丘郵便局前〜宮崎神宮, 宮交シティ〜月見ヶ丘郵便局前〜宮崎神宮, 宮交シティ〜月見ヶ丘郵便局前〜宮交シティ"
第三池田台,宮崎交通（株）,宮崎駅〜天満1丁目〜黒北
月見ヶ丘郵便局前,宮崎交通（株）,"宮崎神宮〜月見ヶ丘郵便局前〜宮崎神宮, 宮交シティ〜月見ヶ丘郵便局前〜宮崎神宮, 宮交シティ〜月見ヶ丘郵便局前〜宮交シティ"
発電所入口,宮崎交通（株）,宮崎駅〜天満1丁目〜黒北
下七瀬谷,（有）高崎観光バス,雀ヶ野〜中央
高崎新田駅前,宮崎交通（株）,"小林駅〜北原町〜西都城駅前バスセンター, イオン都城・西都城駅前バスセンター〜小林駅, 小林駅〜イオンモール〜西都城駅前バスセンター・イオン都城"
高崎新田駅,（有）高崎観光バス,"炭床〜都城, ラスパ〜都城"
追分,宮崎交通（株）,"宮崎大学〜宮交シティ〜高鍋バスセンター, 学園短大・国際大〜宮交シティ〜西都バスセンター, 宮崎大学〜清武・宮崎駅・権現町〜宮崎運転免許センター, 清武駅〜学園短大・国際大〜宮崎駅, 七野〜福祉センター〜宮崎駅, 宮崎駅〜正手〜七野, 宮崎駅〜正手・合又〜田野運動公園, 宮崎駅〜清武・医大・福祉ソーン〜宮崎大学, 宮崎駅〜中野〜学園短大・国際大, 宮崎駅〜中野〜上丸目, 宮交シティ〜学園短大・国際大, 学園短大・国際大〜宮交シティ〜南宮崎駅, 市民の森〜青葉通・宮交シティ〜学園短大・国際大, 宮崎駅〜中野・谷の口〜尾平, 宮崎駅〜清武・医大〜木花駅西口, 宮崎駅〜清武〜医大・福祉・木花駅西口, 宮崎駅〜清武・医大〜宮崎大学, 宮崎駅〜清武・医大・宮崎大学・タウンセンター〜木花, 宮崎駅〜清武・医大・宮崎大学〜タウンセンター, 宮崎駅〜清武・大学病院・熊野〜宮崎大学, 西都バスセンター〜春田バイパス・北バイパス・橘通〜大学病院・宮崎大学, 小林駅〜宮交シティ〜学園短大・国際大, 宮崎駅〜正手・七野〜青井岳"
高山緑地広場,宮崎交通（株）,"宮崎神宮〜月見ヶ丘郵便局前〜宮崎神宮, 宮交シティ〜月見ヶ丘郵便局前〜宮崎神宮, 宮交シティ〜月見ヶ丘郵便局前〜宮交シティ"
月見ヶ丘3丁目入口,宮崎交通（株）,"宮崎神宮〜月見ヶ丘郵便局前〜宮崎神宮, 宮交シティ〜月見ヶ丘郵便局前〜宮崎神宮, 宮交シティ〜月見ヶ丘郵便局前〜宮交シティ"
児童公園下,宮崎交通（株）,"宮崎神宮〜月見ヶ丘郵便局前〜宮崎神宮, 宮交シティ〜月見ヶ丘郵便局前〜宮崎神宮, 宮交シティ〜月見ヶ丘郵便局前〜宮交シティ"
あさひヶ丘,宮崎交通（株）,"宮崎神宮〜月見ヶ丘郵便局前〜宮崎神宮, 宮交シティ〜月見ヶ丘郵便局前〜宮崎神宮, 宮交シティ〜月見ヶ丘郵便局前〜宮交シティ"
柳籠,宮崎交通（株）,"看護大学〜宮交シティ〜高鍋バスセンター, 宮崎駅〜山崎・まなび野・医大・福祉ゾーン〜宮崎大学, 看護大学〜東山崎〜宮交シティ, 宮崎駅〜山崎・まなび野・医大〜宮崎大学, 宮崎駅〜まなび野〜大学病院, 看護大学〜宮交シティ〜下畑・井上"
池田台,宮崎交通（株）,宮崎駅〜天満1丁目〜黒北
宮崎運輸支局入口,宮崎交通（株）,"小林駅〜野尻〜宮崎空港, 小林駅〜宮崎駅〜宮崎空港, 宮崎空港〜福祉センター・宮交シティ〜宮崎駅, 宮崎駅〜橘通・宮交シティ・南バイパス〜宮崎空港, 小林駅〜宮交シティ・福祉センター〜宮崎空港, 西都城駅前バスセンター・栄町〜宮崎道〜宮崎空港・宮崎駅, 宮崎駅〜生目台・宮崎道〜西都城駅前バスセンター, 平和が丘〜県病院前〜宮崎空港, 青島〜ニトリモール宮崎〜宮崎駅, 東宮団地〜看護大〜宮崎駅, 東宮団地〜看護大〜古賀総合病院, 東宮団地〜看護大〜北高校, 宮崎駅〜まなび野〜東宮団地, 宮崎駅・宮崎空港〜宮崎道〜西都城駅前バスセンター, 東宮団地〜平和が丘団地〜宮交シティ, 小林高校〜宮交シティ・福祉センター〜宮崎空港"
高崎仲町,宮崎交通（株）,"小林駅〜北原町〜西都城駅前バスセンター, イオン都城・西都城駅前バスセンター〜小林駅, 小林駅〜イオンモール〜西都城駅前バスセンター・イオン都城"
高崎仲町,（有）高崎観光バス,"炭床〜都城, ラスパ〜都城"
南加納,宮崎交通（株）,"宮崎大学〜宮交シティ〜高鍋バスセンター, 宮崎大学〜清武・宮崎駅・権現町〜宮崎運転免許センター, 七野〜福祉センター〜宮崎駅, 宮崎駅〜正手〜七野, 宮崎駅〜正手・合又〜田野運動公園, 宮崎駅〜清武・医大・福祉ソーン〜宮崎大学, 宮崎駅〜清武・医大〜木花駅西口, 宮崎駅〜清武〜医大・福祉・木花駅西口, 宮崎駅〜清武・医大〜宮崎大学, 宮崎駅〜清武・医大・宮崎大学・タウンセンター〜木花, 宮崎駅〜清武・医大・宮崎大学〜タウンセンター, 宮崎駅〜清武・大学病院・熊野〜宮崎大学, 西都バスセンター〜春田バイパス・北バイパス・橘通〜大学病院・宮崎大学, 宮崎駅〜正手・七野〜青井岳"
塚原,（有）高崎観光バス,炭床〜都城
鍋,（有）高崎観光バス,炭床〜都城
牧の札,宮崎交通（株）,"学園短大・国際大〜宮交シティ〜西都バスセンター, 清武駅〜学園短大・国際大〜宮崎駅, 宮崎駅〜中野〜学園短大・国際大, 宮崎駅〜中野〜上丸目, 宮交シティ〜学園短大・国際大, 学園短大・国際大〜宮交シティ〜南宮崎駅, 市民の森〜青葉通・宮交シティ〜学園短大・国際大, 宮崎駅〜中野・谷の口〜尾平, 小林駅〜宮交シティ〜学園短大・国際大"
津和田,宮崎交通（株）,"宮崎駅〜木花台〜折生迫, 宮崎駅〜橘通・宮崎空港・鵜戸神宮〜飫肥, 宮崎駅〜橘通・宮崎空港・堀切峠トンネル〜鵜戸神宮〜飫肥, 宮崎駅〜東宮団地〜青島, 宮交シティ〜国富ヶ丘団地, 宮崎駅〜木花台〜青島, 宮崎駅〜青島〜白浜入口, 宮崎駅〜青島〜青島サンクマール, 宮崎駅〜東宮団地〜折生迫, 宮崎駅〜青島, 西希望ヶ丘〜宮交シティ〜宮崎神宮, 西希望ヶ丘〜宮交シティ, 宮崎駅〜木花・宮崎大学〜大学病院, 宮崎駅〜木花・宮崎大学・福祉ゾーン〜大学病院, 青島〜休養村センター〜宮崎駅, 宮崎大学〜木花〜宮崎駅, 大学病院〜木花台・宮崎駅〜フローランテ宮崎, 大学病院〜・福ゾーン・木花台・宮崎駅〜フローランテ宮崎, 大村入口〜宮崎駅〜フローランテ宮崎, 西希望ヶ丘〜宮交シティ・平和が丘団地〜古賀総合病院, 西希望ヶ丘〜一ツ葉有料道路〜宮崎神宮, 宮交シティ〜平和が丘団地〜西希望ヶ丘, 西都バスセンター〜花ヶ島・宮交シティ〜国立東病院"
高崎総合支所前,宮崎交通（株）,"小林駅〜北原町〜西都城駅前バスセンター, イオン都城・西都城駅前バスセンター〜小林駅, 小林駅〜イオンモール〜西都城駅前バスセンター・イオン都城"
高崎総合支所,（有）高崎観光バス,"炭床〜都城, ラスパ〜都城"
池田,宮崎交通（株）,"宮崎大学〜宮交シティ〜高鍋バスセンター, 宮崎大学〜清武・宮崎駅・権現町〜宮崎運転免許センター, 七野〜福祉センター〜宮崎駅, 宮崎駅〜正手〜七野, 宮崎駅〜正手・合又〜田野運動公園, 宮崎駅〜清武・医大・福祉ソーン〜宮崎大学, 宮崎駅〜清武・医大〜木花駅西口, 宮崎駅〜清武〜医大・福祉・木花駅西口, 宮崎駅〜清武・医大〜宮崎大学, 宮崎駅〜清武・医大・宮崎大学・タウンセンター〜木花, 宮崎駅〜清武・医大・宮崎大学〜タウンセンター, 宮崎駅〜清武・大学病院・熊野〜宮崎大学, 西都バスセンター〜春田バイパス・北バイパス・橘通〜大学病院・宮崎大学, 宮崎駅〜正手・七野〜青井岳"
小牧,（有）高崎観光バス,炭床〜都城
千原,（有）高崎観光バス,炭床〜都城
宮崎空港,宮崎交通（株）,"小林駅〜野尻〜宮崎空港, 小林駅〜宮崎駅〜宮崎空港, 宮崎空港〜福祉センター・宮交シティ〜宮崎駅, 宮崎駅〜橘通・宮崎空港・鵜戸神宮〜飫肥, 宮崎駅〜橘通・宮交シティ・南バイパス〜宮崎空港, 小林駅〜宮交シティ・福祉センター〜宮崎空港, 宮崎駅〜橘通・宮崎空港・堀切峠トンネル〜鵜戸神宮〜飫肥, 西都城駅前バスセンター・栄町〜宮崎道〜宮崎空港・宮崎駅, 平和が丘〜県病院前〜宮崎空港, 宮崎空港〜（一ツ葉有料道路）〜シーガイア, 宮崎空港〜宮崎駅・宮崎港〜シーガイア, 宮崎駅・宮崎空港〜宮崎道〜西都城駅前バスセンター, 高千穂大橋・高千穂バスセンター〜東九州道〜宮崎空港・宮崎駅, 小林高校〜宮交シティ・福祉センター〜宮崎空港"
消防署前,宮崎交通（株）,"看護大学〜宮交シティ〜高鍋バスセンター, 宮崎駅〜山崎・まなび野・医大・福祉ゾーン〜宮崎大学, 看護大学〜東山崎〜宮交シティ, 宮崎駅〜山崎・まなび野・医大〜宮崎大学, 宮崎駅〜まなび野〜大学病院, 看護大学〜宮交シティ〜下畑・井上"
石場,宮崎交通（株）,宮崎駅〜天満1丁目〜黒北
高崎農協前,宮崎交通（株）,"小林駅〜北原町〜西都城駅前バスセンター, イオン都城・西都城駅前バスセンター〜小林駅, 小林駅〜イオンモール〜西都城駅前バスセンター・イオン都城"
雁寺,都城市,高城地区コミュニティバス　旧田辺小⇔山之口総合支所
平野,宮崎交通（株）,"学園短大・国際大〜宮交シティ〜西都バスセンター, 清武駅〜学園短大・国際大〜宮崎駅, 宮崎駅〜中野〜学園短大・国際大, 宮崎駅〜中野〜上丸目, 宮交シティ〜学園短大・国際大, 学園短大・国際大〜宮交シティ〜南宮崎駅, 市民の森〜青葉通・宮交シティ〜学園短大・国際大, 宮崎駅〜中野・谷の口〜尾平, 小林駅〜宮交シティ〜学園短大・国際大"
高崎旭町,（有）高崎観光バス,"炭床〜都城, ラスパ〜都城"
旭町,宮崎交通（株）,"小林駅〜北原町〜西都城駅前バスセンター, イオン都城・西都城駅前バスセンター〜小林駅, 小林駅〜イオンモール〜西都城駅前バスセンター・イオン都城"
西立和口,宮崎交通（株）,"宮崎駅〜橘通・宮崎空港・鵜戸神宮〜飫肥, 宮崎駅〜橘通・宮崎空港・堀切峠トンネル〜鵜戸神宮〜飫肥, 西都バスセンター〜花ヶ島・宮交シティ〜国立東病院"
立和口,宮崎交通（株）,"宮崎空港〜福祉センター・宮交シティ〜宮崎駅, 宮崎駅〜橘通・宮交シティ・南バイパス〜宮崎空港, 西都城駅前バスセンター・栄町〜宮崎道〜宮崎空港・宮崎駅, 平和が丘〜県病院前〜宮崎空港, 宮崎駅・宮崎空港〜宮崎道〜西都城駅前バスセンター, 西都バスセンター〜花ヶ島・宮交シティ〜国立東病院"
西山崎,宮崎交通（株）,"看護大学〜宮交シティ〜高鍋バスセンター, 看護大学〜宮交シティ〜下畑・井上"
山崎台入口,宮崎交通（株）,"宮崎駅〜山崎・まなび野・医大・福祉ゾーン〜宮崎大学, 看護大学〜東山崎〜宮交シティ, 宮崎駅〜山崎・まなび野・医大〜宮崎大学, 宮崎駅〜まなび野〜大学病院"
国立東病院,宮崎交通（株）,西都バスセンター〜花ヶ島・宮交シティ〜国立東病院
七瀬谷,都城市,高城地区コミュニティバス　中原（四家）⇔さくらの里
七瀬谷,（有）高崎観光バス,雀ヶ野〜中央
高崎江平口,（有）高崎観光バス,"炭床〜都城, ラスパ〜都城"
田元神社前,宮崎交通（株）,"宮崎駅〜木花台〜折生迫, 宮崎駅〜橘通・宮崎空港・鵜戸神宮〜飫肥, 宮崎駅〜橘通・宮崎空港・堀切峠トンネル〜鵜戸神宮〜飫肥, 宮崎駅〜東宮団地〜青島, 宮交シティ〜国富ヶ丘団地, 宮崎駅〜木花台〜青島, 宮崎駅〜青島〜白浜入口, 宮崎駅〜青島〜青島サンクマール, 宮崎駅〜東宮団地〜折生迫, 宮崎駅〜青島, 西希望ヶ丘〜宮交シティ〜宮崎神宮, 西希望ヶ丘〜宮交シティ, 宮崎駅〜木花・宮崎大学〜大学病院, 宮崎駅〜木花・宮崎大学・福祉ゾーン〜大学病院, 青島〜休養村センター〜宮崎駅, 宮崎大学〜木花〜宮崎駅, 大学病院〜木花台・宮崎駅〜フローランテ宮崎, 大学病院〜・福ゾーン・木花台・宮崎駅〜フローランテ宮崎, 大村入口〜宮崎駅〜フローランテ宮崎, 西希望ヶ丘〜宮交シティ・平和が丘団地〜古賀総合病院, 西希望ヶ丘〜一ツ葉有料道路〜宮崎神宮, 宮交シティ〜平和が丘団地〜西希望ヶ丘"
加納小入口,宮崎交通（株）,"宮崎大学〜宮交シティ〜高鍋バスセンター, 宮崎大学〜清武・宮崎駅・権現町〜宮崎運転免許センター, 七野〜福祉センター〜宮崎駅, 宮崎駅〜正手〜七野, 宮崎駅〜正手・合又〜田野運動公園, 宮崎駅〜清武・医大・福祉ソーン〜宮崎大学, 宮崎駅〜天満1丁目〜黒北, 宮崎駅〜清武・医大〜木花駅西口, 宮崎駅〜清武〜医大・福祉・木花駅西口, 宮崎駅〜清武・医大〜宮崎大学, 宮崎駅〜清武・医大・宮崎大学・タウンセンター〜木花, 宮崎駅〜清武・医大・宮崎大学〜タウンセンター, 宮崎駅〜清武・大学病院・熊野〜宮崎大学, 西都バスセンター〜春田バイパス・北バイパス・橘通〜大学病院・宮崎大学, 宮崎駅〜正手・七野〜青井岳"
松崎,宮崎交通（株）,西都バスセンター〜花ヶ島・宮交シティ〜国立東病院
山崎台,宮崎交通（株）,"小林駅〜野尻〜宮崎空港, 小林駅〜宮崎駅〜宮崎空港, 宮崎空港〜福祉センター・宮交シティ〜宮崎駅, 宮崎駅〜橘通・宮交シティ・南バイパス〜宮崎空港, 小林駅〜宮交シティ・福祉センター〜宮崎空港, 西都城駅前バスセンター・栄町〜宮崎道〜宮崎空港・宮崎駅, 平和が丘〜県病院前〜宮崎空港, 青島〜ニトリモール宮崎〜宮崎駅, 宮崎駅・宮崎空港〜宮崎道〜西都城駅前バスセンター, 小林高校〜宮交シティ・福祉センター〜宮崎空港"
立和,宮崎交通（株）,西都バスセンター〜花ヶ島・宮交シティ〜国立東病院
江平口,宮崎交通（株）,"小林駅〜北原町〜西都城駅前バスセンター, イオン都城・西都城駅前バスセンター〜小林駅, 小林駅〜イオンモール〜西都城駅前バスセンター・イオン都城"
平野団地前,宮崎交通（株）,"学園短大・国際大〜宮交シティ〜西都バスセンター, 清武駅〜学園短大・国際大〜宮崎駅, 宮崎駅〜中野〜学園短大・国際大, 宮崎駅〜中野〜上丸目, 宮交シティ〜学園短大・国際大, 学園短大・国際大〜宮交シティ〜南宮崎駅, 市民の森〜青葉通・宮交シティ〜学園短大・国際大, 宮崎駅〜中野・谷の口〜尾平, 小林駅〜宮交シティ〜学園短大・国際大"
赤江山崎,宮崎交通（株）,"看護大学〜宮交シティ〜高鍋バスセンター, 看護大学〜宮交シティ〜下畑・井上"
東山崎,宮崎交通（株）,"宮崎駅〜山崎・まなび野・医大・福祉ゾーン〜宮崎大学, 看護大学〜東山崎〜宮交シティ, 宮崎駅〜山崎・まなび野・医大〜宮崎大学, 宮崎駅〜まなび野〜大学病院, 東宮団地〜看護大〜宮崎駅, 東宮団地〜看護大〜古賀総合病院, 東宮団地〜看護大〜北高校, 宮崎駅〜まなび野〜東宮団地, 東宮団地〜平和が丘団地〜宮交シティ"
清武,宮崎交通（株）,"西都城駅前バスセンター・栄町〜宮崎道〜宮崎空港・宮崎駅, 宮崎駅〜生目台・宮崎道〜西都城駅前バスセンター, 宮崎駅・宮崎空港〜宮崎道〜西都城駅前バスセンター"
庵屋入口,宮崎交通（株）,宮崎駅〜天満1丁目〜黒北
本郷1丁目,宮崎交通（株）,宮交シティ〜国富ヶ丘団地
高坂,（有）高崎観光バス,ラスパ〜都城
本郷団地入口,宮崎交通（株）,"宮崎駅〜木花台〜折生迫, 宮崎駅〜橘通・宮崎空港・鵜戸神宮〜飫肥, 宮崎駅〜橘通・宮崎空港・堀切峠トンネル〜鵜戸神宮〜飫肥, 宮崎駅〜東宮団地〜青島, 宮交シティ〜国富ヶ丘団地, 宮崎駅〜木花台〜青島, 宮崎駅〜青島〜白浜入口, 宮崎駅〜青島〜青島サンクマール, 宮崎駅〜東宮団地〜折生迫, 宮崎駅〜青島, 西希望ヶ丘〜宮交シティ〜宮崎神宮, 西希望ヶ丘〜宮交シティ, 宮崎駅〜木花・宮崎大学〜大学病院, 宮崎駅〜木花・宮崎大学・福祉ゾーン〜大学病院, 青島〜休養村センター〜宮崎駅, 宮崎大学〜木花〜宮崎駅, 大学病院〜木花台・宮崎駅〜フローランテ宮崎, 大学病院〜・福ゾーン・木花台・宮崎駅〜フローランテ宮崎, 大村入口〜宮崎駅〜フローランテ宮崎, 青島〜ニトリモール宮崎〜宮崎駅, 西希望ヶ丘〜宮交シティ・平和が丘団地〜古賀総合病院, 西希望ヶ丘〜一ツ葉有料道路〜宮崎神宮, 宮交シティ〜平和が丘団地〜西希望ヶ丘"
有水大窪,都城市,高城地区コミュニティバス　旧田辺小⇔山之口総合支所
南ヶ丘幼稚園前,宮崎交通（株）,宮交シティ〜国富ヶ丘団地
岩屋ヶ野,都城市,高城地区コミュニティバス　中原（四家）⇔さくらの里
切藤,宮崎交通（株）,"小林駅〜北原町〜西都城駅前バスセンター, イオン都城・西都城駅前バスセンター〜小林駅, 小林駅〜イオンモール〜西都城駅前バスセンター・イオン都城"
公民館前,宮崎交通（株）,宮崎駅〜天満1丁目〜黒北
流町,宮崎交通（株）,宮崎駅〜天満1丁目〜黒北
辻原,宮崎交通（株）,"宮崎駅〜木花台〜折生迫, 宮崎駅〜橘通・宮崎空港・鵜戸神宮〜飫肥, 宮崎駅〜橘通・宮崎空港・堀切峠トンネル〜鵜戸神宮〜飫肥, 宮崎駅〜東宮団地〜青島, 宮崎駅〜木花台〜青島, 宮崎駅〜青島〜白浜入口, 宮崎駅〜青島〜青島サンクマール, 宮崎駅〜東宮団地〜折生迫, 宮崎駅〜青島, 西希望ヶ丘〜宮交シティ〜宮崎神宮, 西希望ヶ丘〜宮交シティ, 宮崎駅〜木花・宮崎大学〜大学病院, 宮崎駅〜木花・宮崎大学・福祉ゾーン〜大学病院, 青島〜休養村センター〜宮崎駅, 宮崎大学〜木花〜宮崎駅, 大学病院〜木花台・宮崎駅〜フローランテ宮崎, 大学病院〜・福ゾーン・木花台・宮崎駅〜フローランテ宮崎, 大村入口〜宮崎駅〜フローランテ宮崎, 青島〜ニトリモール宮崎〜宮崎駅, 西希望ヶ丘〜宮交シティ・平和が丘団地〜古賀総合病院, 西希望ヶ丘〜一ツ葉有料道路〜宮崎神宮, 宮交シティ〜平和が丘団地〜西希望ヶ丘"
蔵元公民館,（有）高崎観光バス,炭床〜都城
まなび野1丁目,宮崎交通（株）,"宮崎駅〜山崎・まなび野・医大・福祉ゾーン〜宮崎大学, 看護大学〜東山崎〜宮交シティ, 宮崎駅〜山崎・まなび野・医大〜宮崎大学, 宮崎駅〜まなび野〜大学病院, 東宮団地〜看護大〜宮崎駅, 東宮団地〜看護大〜古賀総合病院, 東宮団地〜看護大〜北高校, 宮崎駅〜まなび野〜東宮団地, 東宮団地〜平和が丘団地〜宮交シティ"
まなび野中央公園,宮崎交通（株）,"東宮団地〜看護大〜宮崎駅, 東宮団地〜看護大〜古賀総合病院, 東宮団地〜看護大〜北高校, 東宮団地〜平和が丘団地〜宮交シティ"
市野々,都城市,高城地区コミュニティバス　中原（四家）⇔さくらの里
市野々,（有）高崎観光バス,雀ヶ野〜中央
希望ヶ丘1丁目,宮崎交通（株）,宮交シティ〜国富ヶ丘団地
まなび野2丁目,宮崎交通（株）,"東宮団地〜看護大〜宮崎駅, 東宮団地〜看護大〜古賀総合病院, 東宮団地〜看護大〜北高校, 東宮団地〜平和が丘団地〜宮交シティ"
中野,宮崎交通（株）,"学園短大・国際大〜宮交シティ〜西都バスセンター, 清武駅〜学園短大・国際大〜宮崎駅, 宮崎駅〜中野〜学園短大・国際大, 宮崎駅〜中野〜上丸目, 宮交シティ〜学園短大・国際大, 学園短大・国際大〜宮交シティ〜南宮崎駅, 市民の森〜青葉通・宮交シティ〜学園短大・国際大, 宮崎駅〜中野・谷の口〜尾平, 小林駅〜宮交シティ〜学園短大・国際大"
看護大学入口,宮崎交通（株）,"看護大学〜宮交シティ〜高鍋バスセンター, 宮崎駅〜山崎・まなび野・医大・福祉ゾーン〜宮崎大学, 宮崎駅〜山崎・まなび野・医大〜宮崎大学, 宮崎駅〜まなび野〜大学病院, 看護大学〜宮交シティ〜下畑・井上"
学園短大・国際大,宮崎交通（株）,"学園短大・国際大〜宮交シティ〜西都バスセンター, 清武駅〜学園短大・国際大, 清武駅〜学園短大・国際大〜宮崎駅, 宮崎駅〜中野〜学園短大・国際大, 宮崎駅〜中野〜上丸目, 宮交シティ〜学園短大・国際大, 学園短大・国際大〜宮交シティ〜南宮崎駅, 市民の森〜青葉通・宮交シティ〜学園短大・国際大, 宮崎駅〜中野・谷の口〜尾平, 小林駅〜宮交シティ〜学園短大・国際大"
蔵元,（有）高崎観光バス,炭床〜都城
クロスモール清武前,宮崎交通（株）,"宮崎大学〜宮交シティ〜高鍋バスセンター, 宮崎大学〜清武・宮崎駅・権現町〜宮崎運転免許センター, 宮崎駅〜清武・医大・福祉ソーン〜宮崎大学, 宮崎駅〜清武・医大〜木花駅西口, 宮崎駅〜清武〜医大・福祉・木花駅西口, 宮崎駅〜清武・医大〜宮崎大学, 宮崎駅〜清武・医大・宮崎大学・タウンセンター〜木花, 宮崎駅〜清武・医大・宮崎大学〜タウンセンター, 宮崎駅〜清武・大学病院・熊野〜宮崎大学, 西都バスセンター〜春田バイパス・北バイパス・橘通〜大学病院・宮崎大学"
正手,宮崎交通（株）,"七野〜福祉センター〜宮崎駅, 宮崎駅〜正手〜七野, 宮崎駅〜正手・合又〜田野運動公園, 宮崎駅〜正手・七野〜青井岳"
南辻原,宮崎交通（株）,"宮交シティ〜国富ヶ丘団地, 西希望ヶ丘〜宮交シティ〜宮崎神宮, 西希望ヶ丘〜宮交シティ, 西希望ヶ丘〜宮交シティ・平和が丘団地〜古賀総合病院, 西希望ヶ丘〜一ツ葉有料道路〜宮崎神宮, 宮交シティ〜平和が丘団地〜西希望ヶ丘"
希望ヶ丘団地入口,宮崎交通（株）,"西希望ヶ丘〜宮交シティ〜宮崎神宮, 西希望ヶ丘〜宮交シティ, 西希望ヶ丘〜宮交シティ・平和が丘団地〜古賀総合病院, 西希望ヶ丘〜一ツ葉有料道路〜宮崎神宮, 宮交シティ〜平和が丘団地〜西希望ヶ丘"
県立看護大学,宮崎交通（株）,"看護大学〜宮交シティ〜高鍋バスセンター, 宮崎駅〜山崎・まなび野・医大・福祉ゾーン〜宮崎大学, 看護大学〜東山崎〜宮交シティ, 宮崎駅〜山崎・まなび野・医大〜宮崎大学, 宮崎駅〜まなび野〜大学病院, 東宮団地〜看護大〜宮崎駅, 東宮団地〜看護大〜古賀総合病院, 東宮団地〜看護大〜北高校, 看護大学〜宮交シティ〜下畑・井上, 東宮団地〜平和が丘団地〜宮交シティ"
宮ヶ中,（有）高崎観光バス,炭床〜都城
清武駅,宮崎交通（株）,"清武駅〜学園短大・国際大, 清武駅〜学園短大・国際大〜宮崎駅, 尾平〜清武駅, 清武駅〜医大〜宮崎大学"
希望ヶ丘,宮崎交通（株）,"西希望ヶ丘〜宮交シティ〜宮崎神宮, 西希望ヶ丘〜宮交シティ, 西希望ヶ丘〜宮交シティ・平和が丘団地〜古賀総合病院, 西希望ヶ丘〜一ツ葉有料道路〜宮崎神宮, 宮交シティ〜平和が丘団地〜西希望ヶ丘"
まなび野センター,宮崎交通（株）,"宮崎駅〜山崎・まなび野・医大・福祉ゾーン〜宮崎大学, 看護大学〜東山崎〜宮交シティ, 宮崎駅〜山崎・まなび野・医大〜宮崎大学, 宮崎駅〜まなび野〜大学病院, 宮崎駅〜まなび野〜東宮団地"
後向,都城市,高城地区コミュニティバス　中原（四家）⇔さくらの里
田中公民館,（有）高崎観光バス,ラスパ〜都城
下大久保,宮崎交通（株）,"七野〜福祉センター〜宮崎駅, 宮崎駅〜正手〜七野, 宮崎駅〜正手・合又〜田野運動公園, 宮崎駅〜正手・七野〜青井岳"
国富小前,宮崎交通（株）,"宮崎駅〜木花台〜折生迫, 宮崎駅〜橘通・宮崎空港・鵜戸神宮〜飫肥, 宮崎駅〜橘通・宮崎空港・堀切峠トンネル〜鵜戸神宮〜飫肥, 宮崎駅〜東宮団地〜青島, 宮交シティ〜国富ヶ丘団地, 宮崎駅〜木花台〜青島, 宮崎駅〜青島〜白浜入口, 宮崎駅〜青島〜青島サンクマール, 宮崎駅〜東宮団地〜折生迫, 宮崎駅〜青島, 宮崎駅〜木花・宮崎大学〜大学病院, 宮崎駅〜木花・宮崎大学・福祉ゾーン〜大学病院, 青島〜休養村センター〜宮崎駅, 宮崎大学〜木花〜宮崎駅, 大学病院〜木花台・宮崎駅〜フローランテ宮崎, 大学病院〜・福ゾーン・木花台・宮崎駅〜フローランテ宮崎, 大村入口〜宮崎駅〜フローランテ宮崎, 青島〜ニトリモール宮崎〜宮崎駅"
希望ヶ丘2丁目,宮崎交通（株）,"西希望ヶ丘〜宮交シティ〜宮崎神宮, 西希望ヶ丘〜宮交シティ, 西希望ヶ丘〜宮交シティ・平和が丘団地〜古賀総合病院, 西希望ヶ丘〜一ツ葉有料道路〜宮崎神宮, 宮交シティ〜平和が丘団地〜西希望ヶ丘"
大久保小学校入口,宮崎交通（株）,"尾平〜清武駅, 七野〜福祉センター〜宮崎駅, 宮崎駅〜正手〜七野, 宮崎駅〜正手・合又〜田野運動公園, 宮崎駅〜中野・谷の口〜尾平, 宮崎駅〜正手・七野〜青井岳"
清武駅前,宮崎交通（株）,"宮崎大学〜宮交シティ〜高鍋バスセンター, 宮崎大学〜清武・宮崎駅・権現町〜宮崎運転免許センター, 清武駅〜医大〜宮崎大学, 宮崎駅〜清武・医大・福祉ソーン〜宮崎大学, 宮崎駅〜清武・医大〜木花駅西口, 宮崎駅〜清武〜医大・福祉・木花駅西口, 宮崎駅〜清武・医大〜宮崎大学, 宮崎駅〜清武・医大・宮崎大学・タウンセンター〜木花, 宮崎駅〜清武・医大・宮崎大学〜タウンセンター, 宮崎駅〜清武・大学病院・熊野〜宮崎大学, 西都バスセンター〜春田バイパス・北バイパス・橘通〜大学病院・宮崎大学"
田尾上,（有）高崎観光バス,雀ヶ野〜中央
希望ヶ丘公民館前,宮崎交通（株）,"西希望ヶ丘〜宮交シティ〜宮崎神宮, 西希望ヶ丘〜宮交シティ, 西希望ヶ丘〜宮交シティ・平和が丘団地〜古賀総合病院, 西希望ヶ丘〜一ツ葉有料道路〜宮崎神宮, 宮交シティ〜平和が丘団地〜西希望ヶ丘"
下の原,宮崎交通（株）,"七野〜福祉センター〜宮崎駅, 宮崎駅〜正手〜七野, 宮崎駅〜正手・合又〜田野運動公園, 宮崎駅〜正手・七野〜青井岳"
まなび野3丁目,宮崎交通（株）,"東宮団地〜看護大〜宮崎駅, 東宮団地〜看護大〜古賀総合病院, 東宮団地〜看護大〜北高校, 宮崎駅〜まなび野〜東宮団地, 東宮団地〜平和が丘団地〜宮交シティ"
コープタウン,宮崎交通（株）,"西希望ヶ丘〜宮交シティ〜宮崎神宮, 西希望ヶ丘〜宮交シティ, 西希望ヶ丘〜宮交シティ・平和が丘団地〜古賀総合病院, 西希望ヶ丘〜一ツ葉有料道路〜宮崎神宮, 宮交シティ〜平和が丘団地〜西希望ヶ丘"
西久保,都城市,高城地区コミュニティバス　旧田辺小⇔山之口総合支所
清武新町,宮崎交通（株）,"宮崎駅〜中野〜上丸目, 宮崎駅〜中野・谷の口〜尾平"
墓園前,宮崎交通（株）,"宮崎駅〜山崎・まなび野・医大・福祉ゾーン〜宮崎大学, 宮崎駅〜山崎・まなび野・医大〜宮崎大学, 宮崎駅〜まなび野〜大学病院"
西希望ヶ丘,宮崎交通（株）,"西希望ヶ丘〜宮交シティ〜宮崎神宮, 西希望ヶ丘〜宮交シティ, 西希望ヶ丘〜宮交シティ・平和が丘団地〜古賀総合病院, 西希望ヶ丘〜一ツ葉有料道路〜宮崎神宮, 宮交シティ〜平和が丘団地〜西希望ヶ丘"
国富ヶ丘団地下,宮崎交通（株）,宮交シティ〜国富ヶ丘団地
国富ヶ丘団地北,宮崎交通（株）,宮交シティ〜国富ヶ丘団地
国富ヶ丘団地入口,宮崎交通（株）,宮交シティ〜国富ヶ丘団地
三和公民館,（有）高崎観光バス,炭床〜都城
清滝橋,宮崎交通（株）,"宮崎駅〜山崎・まなび野・医大・福祉ゾーン〜宮崎大学, 宮崎駅〜山崎・まなび野・医大〜宮崎大学, 宮崎駅〜まなび野〜大学病院, 宮崎駅〜中野〜上丸目, 宮崎駅〜中野・谷の口〜尾平"
清武総合支所前,宮崎交通（株）,"宮崎大学〜宮交シティ〜高鍋バスセンター, 宮崎大学〜清武・宮崎駅・権現町〜宮崎運転免許センター, 尾平〜清武駅, 宮崎駅〜山崎・まなび野・医大・福祉ゾーン〜宮崎大学, 宮崎駅〜山崎・まなび野・医大〜宮崎大学, 清武駅〜医大〜宮崎大学, 宮崎駅〜まなび野〜大学病院, 宮崎駅〜清武・医大・福祉ソーン〜宮崎大学, 宮崎駅〜中野〜上丸目, 宮崎駅〜中野・谷の口〜尾平, 宮崎駅〜清武・医大〜木花駅西口, 宮崎駅〜清武〜医大・福祉・木花駅西口, 宮崎駅〜清武・医大〜宮崎大学, 宮崎駅〜清武・医大・宮崎大学・タウンセンター〜木花, 宮崎駅〜清武・医大・宮崎大学〜タウンセンター, 宮崎駅〜清武・大学病院・熊野〜宮崎大学, 西都バスセンター〜春田バイパス・北バイパス・橘通〜大学病院・宮崎大学"
国富ヶ丘団地西,宮崎交通（株）,宮交シティ〜国富ヶ丘団地
有水分館,都城市,高城地区コミュニティバス　中原（四家）⇔さくらの里
国富ヶ丘団地中央,宮崎交通（株）,宮交シティ〜国富ヶ丘団地
上大久保,宮崎交通（株）,"尾平〜清武駅, 七野〜福祉センター〜宮崎駅, 宮崎駅〜正手〜七野, 宮崎駅〜正手・合又〜田野運動公園, 宮崎駅〜中野・谷の口〜尾平, 宮崎駅〜正手・七野〜青井岳"
若宮田,宮崎交通（株）,"宮崎駅〜山崎・まなび野・医大・福祉ゾーン〜宮崎大学, 宮崎駅〜山崎・まなび野・医大〜宮崎大学, 宮崎駅〜まなび野〜大学病院"
岩切,宮崎交通（株）,"宮崎駅〜山崎・まなび野・医大・福祉ゾーン〜宮崎大学, 宮崎駅〜山崎・まなび野・医大〜宮崎大学, 宮崎駅〜まなび野〜大学病院"
尾の下,宮崎交通（株）,"宮崎駅〜山崎・まなび野・医大・福祉ゾーン〜宮崎大学, 宮崎駅〜山崎・まなび野・医大〜宮崎大学, 宮崎駅〜まなび野〜大学病院"
星原入口,都城市,高城地区コミュニティバス　中原（四家）⇔さくらの里
星原入口,（有）高崎観光バス,雀ヶ野〜中央
松ヶ水流,（有）高崎観光バス,ラスパ〜都城
横谷,宮崎交通（株）,"小林駅〜北原町〜西都城駅前バスセンター, イオン都城・西都城駅前バスセンター〜小林駅, 小林駅〜イオンモール〜西都城駅前バスセンター・イオン都城"
松の木田,宮崎交通（株）,"尾平〜清武駅, 宮崎駅〜中野・谷の口〜尾平"
国富ヶ丘団地南,宮崎交通（株）,宮交シティ〜国富ヶ丘団地
清武小前,宮崎交通（株）,"宮崎大学〜宮交シティ〜高鍋バスセンター, 宮崎大学〜清武・宮崎駅・権現町〜宮崎運転免許センター, 宮崎駅〜山崎・まなび野・医大・福祉ゾーン〜宮崎大学, 宮崎駅〜山崎・まなび野・医大〜宮崎大学, 清武駅〜医大〜宮崎大学, 宮崎駅〜まなび野〜大学病院, 宮崎駅〜清武・医大・福祉ソーン〜宮崎大学, 宮崎駅〜中野〜上丸目, 宮崎駅〜清武・医大〜木花駅西口, 宮崎駅〜清武〜医大・福祉・木花駅西口, 宮崎駅〜清武・医大〜宮崎大学, 宮崎駅〜清武・医大・宮崎大学・タウンセンター〜木花, 宮崎駅〜清武・医大・宮崎大学〜タウンセンター, 宮崎駅〜清武・大学病院・熊野〜宮崎大学, 西都バスセンター〜春田バイパス・北バイパス・橘通〜大学病院・宮崎大学"
有水,（有）高崎観光バス,雀ヶ野〜中央
谷の口,宮崎交通（株）,"尾平〜清武駅, 宮崎駅〜中野・谷の口〜尾平"
坂下,（有）高崎観光バス,炭床〜都城
豊広,都城市,高城地区コミュニティバス　中原（四家）⇔さくらの里
下星原,都城市,高城地区コミュニティバス　中原（四家）⇔さくらの里
大村入口,宮崎交通（株）,"宮崎駅〜木花台〜折生迫, 宮崎駅〜橘通・宮崎空港・鵜戸神宮〜飫肥, 宮崎駅〜橘通・宮崎空港・堀切峠トンネル〜鵜戸神宮〜飫肥, 宮崎駅〜東宮団地〜青島, 宮崎駅〜木花台〜青島, 宮崎駅〜青島〜白浜入口, 宮崎駅〜青島〜青島サンクマール, 宮崎駅〜東宮団地〜折生迫, 宮崎駅〜青島, 宮崎駅〜木花・宮崎大学〜大学病院, 宮崎駅〜木花・宮崎大学・福祉ゾーン〜大学病院, 青島〜休養村センター〜宮崎駅, 宮崎大学〜木花〜宮崎駅, 大学病院〜木花台・宮崎駅〜フローランテ宮崎, 大学病院〜・福ゾーン・木花台・宮崎駅〜フローランテ宮崎, 大村入口〜宮崎駅〜フローランテ宮崎, 青島〜ニトリモール宮崎〜宮崎駅"
東宮団地2丁目,宮崎交通（株）,"宮崎駅〜東宮団地〜青島, 宮崎駅〜東宮団地〜折生迫, 東宮団地〜看護大〜宮崎駅, 東宮団地〜看護大〜古賀総合病院, 東宮団地〜看護大〜北高校, 宮崎駅〜まなび野〜東宮団地, 東宮団地〜平和が丘団地〜宮交シティ"
東宮団地中央,宮崎交通（株）,"宮崎駅〜東宮団地〜青島, 宮崎駅〜東宮団地〜折生迫, 東宮団地〜看護大〜宮崎駅, 東宮団地〜看護大〜古賀総合病院, 東宮団地〜看護大〜北高校, 宮崎駅〜まなび野〜東宮団地, 東宮団地〜平和が丘団地〜宮交シティ"
東宮団地1丁目,宮崎交通（株）,"宮崎駅〜東宮団地〜青島, 宮崎駅〜東宮団地〜折生迫, 東宮団地〜看護大〜宮崎駅, 東宮団地〜看護大〜古賀総合病院, 東宮団地〜看護大〜北高校, 宮崎駅〜まなび野〜東宮団地, 東宮団地〜平和が丘団地〜宮交シティ"
東宮団地入口,宮崎交通（株）,"宮崎駅〜東宮団地〜青島, 宮崎駅〜東宮団地〜折生迫, 東宮団地〜看護大〜宮崎駅, 東宮団地〜看護大〜古賀総合病院, 東宮団地〜看護大〜北高校, 宮崎駅〜まなび野〜東宮団地, 東宮団地〜平和が丘団地〜宮交シティ"
平山,宮崎交通（株）,"尾平〜清武駅, 七野〜福祉センター〜宮崎駅, 宮崎駅〜正手〜七野, 宮崎駅〜正手・合又〜田野運動公園, 宮崎駅〜中野・谷の口〜尾平, 宮崎駅〜正手・七野〜青井岳"
西香禅寺,都城市,高城地区コミュニティバス　旧田辺小⇔山之口総合支所
県境下,（有）高崎観光バス,霧島〜都城駅
牟礼水流,（有）高崎観光バス,ラスパ〜都城
横谷入口,宮崎交通（株）,"小林駅〜北原町〜西都城駅前バスセンター, イオン都城・西都城駅前バスセンター〜小林駅, 小林駅〜イオンモール〜西都城駅前バスセンター・イオン都城"
岡,宮崎交通（株）,"宮崎大学〜宮交シティ〜高鍋バスセンター, 宮崎大学〜清武・宮崎駅・権現町〜宮崎運転免許センター, 宮崎駅〜山崎・まなび野・医大・福祉ゾーン〜宮崎大学, 宮崎駅〜山崎・まなび野・医大〜宮崎大学, 清武駅〜医大〜宮崎大学, 宮崎駅〜まなび野〜大学病院, 宮崎駅〜清武・医大・福祉ソーン〜宮崎大学, 宮崎駅〜中野〜上丸目, 宮崎駅〜清武・医大〜木花駅西口, 宮崎駅〜清武〜医大・福祉・木花駅西口, 宮崎駅〜清武・医大〜宮崎大学, 宮崎駅〜清武・医大・宮崎大学・タウンセンター〜木花, 宮崎駅〜清武・医大・宮崎大学〜タウンセンター, 宮崎駅〜清武・大学病院・熊野〜宮崎大学, 西都バスセンター〜春田バイパス・北バイパス・橘通〜大学病院・宮崎大学"
尾平,宮崎交通（株）,"尾平〜清武駅, 宮崎駅〜中野・谷の口〜尾平"
東香禅寺,都城市,高城地区コミュニティバス　中原（四家）⇔さくらの里
第一高校入口,宮崎交通（株）,"宮崎駅〜東宮団地〜青島, 宮崎駅〜東宮団地〜折生迫"
縄瀬小学校,（有）高崎観光バス,炭床〜都城
技術センター,宮崎交通（株）,"宮崎大学〜宮交シティ〜高鍋バスセンター, 宮崎大学〜清武・宮崎駅・権現町〜宮崎運転免許センター, 宮崎駅〜山崎・まなび野・医大・福祉ゾーン〜宮崎大学, 宮崎駅〜山崎・まなび野・医大〜宮崎大学, 清武駅〜医大〜宮崎大学, 宮崎駅〜まなび野〜大学病院, 宮崎駅〜清武・医大・福祉ソーン〜宮崎大学, 宮崎駅〜清武・医大〜木花駅西口, 宮崎駅〜清武〜医大・福祉・木花駅西口, 宮崎駅〜清武・医大〜宮崎大学, 宮崎駅〜清武・医大・宮崎大学・タウンセンター〜木花, 宮崎駅〜清武・医大・宮崎大学〜タウンセンター, 宮崎駅〜清武・大学病院・熊野〜宮崎大学, 西都バスセンター〜春田バイパス・北バイパス・橘通〜大学病院・宮崎大学"
沓掛,宮崎交通（株）,"尾平〜清武駅, 七野〜福祉センター〜宮崎駅, 宮崎駅〜正手〜七野, 宮崎駅〜正手・合又〜田野運動公園, 宮崎駅〜中野・谷の口〜尾平, 宮崎駅〜正手・七野〜青井岳"
荒襲,（有）高崎観光バス,霧島〜都城駅
郡司分,宮崎交通（株）,"宮崎駅〜木花台〜折生迫, 宮崎駅〜橘通・宮崎空港・鵜戸神宮〜飫肥, 宮崎駅〜橘通・宮崎空港・堀切峠トンネル〜鵜戸神宮〜飫肥, 宮崎駅〜木花台〜青島, 宮崎駅〜青島〜白浜入口, 宮崎駅〜青島〜青島サンクマール, 宮崎駅〜青島, 宮崎駅〜木花・宮崎大学〜大学病院, 宮崎駅〜木花・宮崎大学・福祉ゾーン〜大学病院, 青島〜休養村センター〜宮崎駅, 宮崎大学〜木花〜宮崎駅, 大学病院〜木花台・宮崎駅〜フローランテ宮崎, 大学病院〜・福ゾーン・木花台・宮崎駅〜フローランテ宮崎, 青島〜ニトリモール宮崎〜宮崎駅"
郡司分山下,宮崎交通（株）,"宮崎駅〜東宮団地〜青島, 宮崎駅〜東宮団地〜折生迫"
樋掛,宮崎交通（株）,"宮崎駅〜東宮団地〜青島, 宮崎駅〜東宮団地〜折生迫"
尾平下,宮崎交通（株）,"尾平〜清武駅, 宮崎駅〜中野・谷の口〜尾平"
江佐原,宮崎交通（株）,"宮崎駅〜東宮団地〜青島, 宮崎駅〜東宮団地〜折生迫"
下荒襲,（有）高崎観光バス,霧島〜都城駅
上星原,都城市,高城地区コミュニティバス　中原（四家）⇔さくらの里
永田,宮崎交通（株）,"宮崎大学〜宮交シティ〜高鍋バスセンター, 宮崎大学〜清武・宮崎駅・権現町〜宮崎運転免許センター, 宮崎駅〜山崎・まなび野・医大・福祉ゾーン〜宮崎大学, 宮崎駅〜山崎・まなび野・医大〜宮崎大学, 清武駅〜医大〜宮崎大学, 宮崎駅〜まなび野〜大学病院, 宮崎駅〜清武・医大・福祉ソーン〜宮崎大学, 宮崎駅〜清武・医大〜木花駅西口, 宮崎駅〜清武〜医大・福祉・木花駅西口, 宮崎駅〜清武・医大〜宮崎大学, 宮崎駅〜清武・医大・宮崎大学・タウンセンター〜木花, 宮崎駅〜清武・医大・宮崎大学〜タウンセンター, 宮崎駅〜清武・大学病院・熊野〜宮崎大学, 西都バスセンター〜春田バイパス・北バイパス・橘通〜大学病院・宮崎大学"
田野運動公園,宮崎交通（株）,"今村〜田野総合支所前・合又〜田野運動公園, 宮崎駅〜正手・合又〜田野運動公園"
宮崎穎学館,宮崎交通（株）,"今村〜田野総合支所前・合又〜田野運動公園, 宮崎駅〜正手・合又〜田野運動公園"
沓掛駅入口,宮崎交通（株）,"尾平〜清武駅, 七野〜福祉センター〜宮崎駅, 宮崎駅〜正手〜七野, 宮崎駅〜正手・合又〜田野運動公園, 宮崎駅〜中野・谷の口〜尾平, 宮崎駅〜正手・七野〜青井岳"
上木原,宮崎交通（株）,"宮崎駅〜山崎・まなび野・医大・福祉ゾーン〜宮崎大学, 宮崎駅〜山崎・まなび野・医大〜宮崎大学, 宮崎駅〜まなび野〜大学病院"
県営住宅光団地,宮崎交通（株）,"今村〜田野総合支所前・合又〜田野運動公園, 宮崎駅〜正手・合又〜田野運動公園"
今泉,宮崎交通（株）,宮崎駅〜中野〜上丸目
共和公民館,（有）高崎観光バス,炭床〜都城
中木原,宮崎交通（株）,宮崎駅〜清武・大学病院・熊野〜宮崎大学
香禅寺,（有）高崎観光バス,雀ヶ野〜中央
宮大宿舎前,宮崎交通（株）,"宮崎駅〜山崎・まなび野・医大・福祉ゾーン〜宮崎大学, 宮崎駅〜山崎・まなび野・医大〜宮崎大学, 宮崎駅〜まなび野〜大学病院, 宮崎駅〜清武・大学病院・熊野〜宮崎大学"
向町,宮崎交通（株）,"今村〜田野総合支所前・合又〜田野運動公園, 宮崎駅〜正手・合又〜田野運動公園"
南江佐原,宮崎交通（株）,"宮崎駅〜木花台〜折生迫, 宮崎駅〜橘通・宮崎空港・鵜戸神宮〜飫肥, 宮崎駅〜橘通・宮崎空港・堀切峠トンネル〜鵜戸神宮〜飫肥, 宮崎駅〜東宮団地〜青島, 宮崎駅〜木花台〜青島, 宮崎駅〜青島〜白浜入口, 宮崎駅〜青島〜青島サンクマール, 宮崎駅〜東宮団地〜折生迫, 宮崎駅〜青島, 宮崎駅〜木花・宮崎大学〜大学病院, 宮崎駅〜木花・宮崎大学・福祉ゾーン〜大学病院, 青島〜休養村センター〜宮崎駅, 宮崎大学〜木花〜宮崎駅, 大学病院〜木花台・宮崎駅〜フローランテ宮崎, 大学病院〜・福ゾーン・木花台・宮崎駅〜フローランテ宮崎, 青島〜ニトリモール宮崎〜宮崎駅"
香禅寺入口,都城市,高城地区コミュニティバス　中原（四家）⇔さくらの里
下木原,宮崎交通（株）,宮崎駅〜清武・大学病院・熊野〜宮崎大学
上下原,宮崎交通（株）,宮崎駅〜清武・大学病院・熊野〜宮崎大学
高速バス乗場高崎東,（有）高崎観光バス,ラスパ〜都城
東,（有）高崎観光バス,ラスパ〜都城
西桜町,宮崎交通（株）,"今村〜田野総合支所前・合又〜田野運動公園, 宮崎駅〜正手・合又〜田野運動公園"
大学病院前,宮崎交通（株）,"宮崎大学〜宮交シティ〜高鍋バスセンター, 宮崎大学〜清武・宮崎駅・権現町〜宮崎運転免許センター, 宮崎駅〜山崎・まなび野・医大・福祉ゾーン〜宮崎大学, 宮崎駅〜山崎・まなび野・医大〜宮崎大学, 清武駅〜医大〜宮崎大学, 宮崎駅〜木花・宮崎大学〜大学病院, 宮崎駅〜まなび野〜大学病院, 宮崎駅〜清武・医大・福祉ソーン〜宮崎大学, 宮崎駅〜木花・宮崎大学・福祉ゾーン〜大学病院, 大学病院〜木花台・宮崎駅〜フローランテ宮崎, 大学病院〜・福ゾーン・木花台・宮崎駅〜フローランテ宮崎, 宮崎駅〜清武・医大〜木花駅西口, 宮崎駅〜清武〜医大・福祉・木花駅西口, 宮崎駅〜清武・医大〜宮崎大学, 宮崎駅〜清武・医大・宮崎大学・タウンセンター〜木花, 宮崎駅〜清武・医大・宮崎大学〜タウンセンター, 宮崎駅〜清武・大学病院・熊野〜宮崎大学, 西都バスセンター〜春田バイパス・北バイパス・橘通〜大学病院・宮崎大学"
黒坂観音前,宮崎交通（株）,"宮崎大学〜宮交シティ〜高鍋バスセンター, 宮崎大学〜清武・宮崎駅・権現町〜宮崎運転免許センター, 清武駅〜医大〜宮崎大学, 宮崎駅〜清武・医大・福祉ソーン〜宮崎大学, 宮崎駅〜清武・医大〜木花駅西口, 宮崎駅〜清武〜医大・福祉・木花駅西口, 宮崎駅〜清武・医大〜宮崎大学, 宮崎駅〜清武・医大・宮崎大学・タウンセンター〜木花, 宮崎駅〜清武・医大・宮崎大学〜タウンセンター, 宮崎駅〜清武・大学病院・熊野〜宮崎大学, 西都バスセンター〜春田バイパス・北バイパス・橘通〜大学病院・宮崎大学"
今村,宮崎交通（株）,"七野〜福祉センター〜宮崎駅, 今村〜田野総合支所前・合又〜田野運動公園, 宮崎駅〜正手〜七野, 宮崎駅〜正手・合又〜田野運動公園, 宮崎駅〜正手・七野〜青井岳"
権堀,（有）高崎観光バス,ラスパ〜都城
下原,宮崎交通（株）,宮崎駅〜清武・大学病院・熊野〜宮崎大学
折田代,（有）高崎観光バス,霧島〜都城駅
今泉神社前,宮崎交通（株）,宮崎駅〜中野〜上丸目
学の木,宮崎交通（株）,"七野〜福祉センター〜宮崎駅, 今村〜田野総合支所前・合又〜田野運動公園, 宮崎駅〜正手〜七野, 宮崎駅〜正手・合又〜田野運動公園, 宮崎駅〜正手・七野〜青井岳"
仲町,宮崎交通（株）,"七野〜福祉センター〜宮崎駅, 今村〜田野総合支所前・合又〜田野運動公園, 宮崎駅〜正手〜七野, 宮崎駅〜正手・合又〜田野運動公園, 宮崎駅〜正手・七野〜青井岳"
新地,都城市,高城地区コミュニティバス　旧田辺小⇔山之口総合支所
樋之口,（有）高崎観光バス,炭床〜都城
中原,宮崎交通（株）,"七野〜福祉センター〜宮崎駅, 今村〜田野総合支所前・合又〜田野運動公園, 宮崎駅〜正手〜七野, 宮崎駅〜正手・合又〜田野運動公園, 宮崎駅〜正手・七野〜青井岳"
上山神橋,（有）高崎観光バス,霧島〜都城駅
田野総合支所前,宮崎交通（株）,"七野〜福祉センター〜宮崎駅, 今村〜田野総合支所前・合又〜田野運動公園, 宮崎駅〜正手〜七野, 宮崎駅〜正手・合又〜田野運動公園, 宮崎駅〜正手・七野〜青井岳"
船ケ山,宮崎交通（株）,"七野〜福祉センター〜宮崎駅, 今村〜田野総合支所前・合又〜田野運動公園, 宮崎駅〜正手〜七野, 宮崎駅〜正手・合又〜田野運動公園, 宮崎駅〜正手・七野〜青井岳"
合又,宮崎交通（株）,"七野〜福祉センター〜宮崎駅, 今村〜田野総合支所前・合又〜田野運動公園, 宮崎駅〜正手〜七野, 宮崎駅〜正手・合又〜田野運動公園, 宮崎駅〜正手・七野〜青井岳"
田野病院前,宮崎交通（株）,"今村〜田野総合支所前・合又〜田野運動公園, 宮崎駅〜正手・合又〜田野運動公園"
田野駅前,宮崎交通（株）,"七野〜福祉センター〜宮崎駅, 今村〜田野総合支所前・合又〜田野運動公園, 宮崎駅〜正手〜七野, 宮崎駅〜正手・合又〜田野運動公園, 宮崎駅〜正手・七野〜青井岳"
岩満,宮崎交通（株）,"小林駅〜北原町〜西都城駅前バスセンター, イオン都城・西都城駅前バスセンター〜小林駅, 小林駅〜イオンモール〜西都城駅前バスセンター・イオン都城"
二ツ山,宮崎交通（株）,"七野〜福祉センター〜宮崎駅, 今村〜田野総合支所前・合又〜田野運動公園, 宮崎駅〜正手〜七野, 宮崎駅〜正手・合又〜田野運動公園, 宮崎駅〜正手・七野〜青井岳"
熊野,宮崎交通（株）,宮崎駅〜清武・大学病院・熊野〜宮崎大学
石山分館,都城市,高城地区コミュニティバス　旧田辺小⇔山之口総合支所
福祉ゾーン,宮崎交通（株）,"宮崎大学〜宮交シティ〜高鍋バスセンター, 宮崎駅〜山崎・まなび野・医大・福祉ゾーン〜宮崎大学, 宮崎駅〜清武・医大・福祉ソーン〜宮崎大学, 宮崎駅〜木花・宮崎大学・福祉ゾーン〜大学病院, 大学病院〜・福ゾーン・木花台・宮崎駅〜フローランテ宮崎, 宮崎駅〜清武〜医大・福祉・木花駅西口, 西都バスセンター〜春田バイパス・北バイパス・橘通〜大学病院・宮崎大学"
下松叶,宮崎交通（株）,宮崎駅〜中野〜上丸目
井倉,宮崎交通（株）,"七野〜福祉センター〜宮崎駅, 今村〜田野総合支所前・合又〜田野運動公園, 宮崎駅〜正手〜七野, 宮崎駅〜正手・合又〜田野運動公園, 宮崎駅〜正手・七野〜青井岳"
石山,（有）高崎観光バス,雀ヶ野〜中央
山神橋,（有）高崎観光バス,霧島〜都城駅
下井倉,宮崎交通（株）,"七野〜福祉センター〜宮崎駅, 今村〜田野総合支所前・合又〜田野運動公園, 宮崎駅〜正手〜七野, 宮崎駅〜正手・合又〜田野運動公園, 宮崎駅〜正手・七野〜青井岳"
中尾,宮崎交通（株）,"七野〜福祉センター〜宮崎駅, 今村〜田野総合支所前・合又〜田野運動公園, 宮崎駅〜正手〜七野, 宮崎駅〜正手・合又〜田野運動公園, 宮崎駅〜正手・七野〜青井岳"
巣立公民館,（有）高崎観光バス,炭床〜都城
木花台入口,宮崎交通（株）,"宮崎駅〜木花台〜折生迫, 宮崎駅〜木花台〜青島, 宮崎駅〜木花・宮崎大学〜大学病院, 宮崎駅〜木花・宮崎大学・福祉ゾーン〜大学病院, 宮崎大学〜木花〜宮崎駅, 大学病院〜木花台・宮崎駅〜フローランテ宮崎, 大学病院〜・福ゾーン・木花台・宮崎駅〜フローランテ宮崎, 宮崎駅〜清武・医大・宮崎大学・タウンセンター〜木花, 宮崎駅〜清武・大学病院・熊野〜宮崎大学"
今江,宮崎交通（株）,"宮崎駅〜木花台〜折生迫, 宮崎駅〜木花台〜青島, 宮崎駅〜木花・宮崎大学〜大学病院, 宮崎駅〜木花・宮崎大学・福祉ゾーン〜大学病院, 宮崎大学〜木花〜宮崎駅, 大学病院〜木花台・宮崎駅〜フローランテ宮崎, 大学病院〜・福ゾーン・木花台・宮崎駅〜フローランテ宮崎, 宮崎駅〜清武・医大・宮崎大学・タウンセンター〜木花"
丸目,宮崎交通（株）,宮崎駅〜中野〜上丸目
上の原,宮崎交通（株）,"七野〜福祉センター〜宮崎駅, 宮崎駅〜正手〜七野, 宮崎駅〜正手・七野〜青井岳"
梅谷,宮崎交通（株）,"七野〜福祉センター〜宮崎駅, 今村〜田野総合支所前・合又〜田野運動公園, 宮崎駅〜正手〜七野, 宮崎駅〜正手・合又〜田野運動公園, 宮崎駅〜正手・七野〜青井岳"
木花台北,宮崎交通（株）,"宮崎駅〜木花台〜折生迫, 宮崎駅〜木花台〜青島, 宮崎駅〜木花・宮崎大学〜大学病院, 宮崎駅〜木花・宮崎大学・福祉ゾーン〜大学病院, 宮崎大学〜木花〜宮崎駅, 大学病院〜木花台・宮崎駅〜フローランテ宮崎, 大学病院〜・福ゾーン・木花台・宮崎駅〜フローランテ宮崎, 宮崎駅〜清武・医大・宮崎大学・タウンセンター〜木花, 宮崎駅〜清武・大学病院・熊野〜宮崎大学"
石久保入口,宮崎交通（株）,"七野〜福祉センター〜宮崎駅, 今村〜田野総合支所前・合又〜田野運動公園, 宮崎駅〜正手〜七野, 宮崎駅〜正手・合又〜田野運動公園, 宮崎駅〜正手・七野〜青井岳"
木花,宮崎交通（株）,"宮崎駅〜木花台〜折生迫, 宮崎駅〜木花台〜青島, 宮崎駅〜木花・宮崎大学〜大学病院, 宮崎駅〜木花・宮崎大学・福祉ゾーン〜大学病院, 宮崎大学〜木花〜宮崎駅, 大学病院〜木花台・宮崎駅〜フローランテ宮崎, 大学病院〜・福ゾーン・木花台・宮崎駅〜フローランテ宮崎, 宮崎駅〜清武・医大・宮崎大学・タウンセンター〜木花"
上榎田,宮崎交通（株）,"七野〜福祉センター〜宮崎駅, 宮崎駅〜正手〜七野, 宮崎駅〜正手・七野〜青井岳"
下中,（有）高崎観光バス,ラスパ〜都城
舞殿,宮崎交通（株）,宮崎駅〜正手・七野〜青井岳
松叶,宮崎交通（株）,宮崎駅〜中野〜上丸目
吉行,宮崎交通（株）,"小林駅〜北原町〜西都城駅前バスセンター, イオン都城・西都城駅前バスセンター〜小林駅, 小林駅〜イオンモール〜西都城駅前バスセンター・イオン都城"
木花台2丁目,宮崎交通（株）,"宮崎駅〜木花台〜折生迫, 宮崎駅〜木花台〜青島, 宮崎駅〜木花・宮崎大学〜大学病院, 宮崎駅〜木花・宮崎大学・福祉ゾーン〜大学病院, 宮崎大学〜木花〜宮崎駅, 大学病院〜木花台・宮崎駅〜フローランテ宮崎, 大学病院〜・福ゾーン・木花台・宮崎駅〜フローランテ宮崎, 宮崎駅〜清武・医大〜木花駅西口, 宮崎駅〜清武〜医大・福祉・木花駅西口, 宮崎駅〜清武・医大・宮崎大学・タウンセンター〜木花, 宮崎駅〜清武・大学病院・熊野〜宮崎大学"
田野東,宮崎交通（株）,"西都城駅前バスセンター・栄町〜宮崎道〜宮崎空港・宮崎駅, 宮崎駅〜生目台・宮崎道〜西都城駅前バスセンター, 宮崎駅・宮崎空港〜宮崎道〜西都城駅前バスセンター"
木花台3丁目,宮崎交通（株）,"宮崎駅〜木花・宮崎大学〜大学病院, 宮崎駅〜木花・宮崎大学・福祉ゾーン〜大学病院, 宮崎大学〜木花〜宮崎駅, 大学病院〜木花台・宮崎駅〜フローランテ宮崎, 大学病院〜・福ゾーン・木花台・宮崎駅〜フローランテ宮崎, 宮崎駅〜清武・医大〜木花駅西口, 宮崎駅〜清武〜医大・福祉・木花駅西口, 宮崎駅〜清武・医大・宮崎大学・タウンセンター〜木花, 宮崎駅〜清武・大学病院・熊野〜宮崎大学"
宮崎大学,宮崎交通（株）,"宮崎大学〜宮交シティ〜高鍋バスセンター, 宮崎大学〜清武・宮崎駅・権現町〜宮崎運転免許センター, 宮崎駅〜山崎・まなび野・医大・福祉ゾーン〜宮崎大学, 宮崎駅〜山崎・まなび野・医大〜宮崎大学, 清武駅〜医大〜宮崎大学, 宮崎駅〜木花・宮崎大学〜大学病院, 宮崎駅〜清武・医大・福祉ソーン〜宮崎大学, 宮崎駅〜木花・宮崎大学・福祉ゾーン〜大学病院, 宮崎大学〜木花〜宮崎駅, 大学病院〜木花台・宮崎駅〜フローランテ宮崎, 大学病院〜・福ゾーン・木花台・宮崎駅〜フローランテ宮崎, 宮崎駅〜清武・医大〜木花駅西口, 宮崎駅〜清武〜医大・福祉・木花駅西口, 宮崎駅〜清武・医大〜宮崎大学, 宮崎駅〜清武・医大・宮崎大学・タウンセンター〜木花, 宮崎駅〜清武・医大・宮崎大学〜タウンセンター, 宮崎駅〜清武・大学病院・熊野〜宮崎大学, 西都バスセンター〜春田バイパス・北バイパス・橘通〜大学病院・宮崎大学"
木花駅西口,宮崎交通（株）,"宮崎駅〜清武・医大〜木花駅西口, 宮崎駅〜清武〜医大・福祉・木花駅西口"
タウンセンター,宮崎交通（株）,"宮崎駅〜木花・宮崎大学〜大学病院, 宮崎駅〜木花・宮崎大学・福祉ゾーン〜大学病院, 宮崎大学〜木花〜宮崎駅, 大学病院〜木花台・宮崎駅〜フローランテ宮崎, 大学病院〜・福ゾーン・木花台・宮崎駅〜フローランテ宮崎, 宮崎駅〜清武・医大〜木花駅西口, 宮崎駅〜清武〜医大・福祉・木花駅西口, 宮崎駅〜清武・医大・宮崎大学・タウンセンター〜木花, 宮崎駅〜清武・医大・宮崎大学〜タウンセンター, 宮崎駅〜清武・大学病院・熊野〜宮崎大学"
サンマリン前,宮崎交通（株）,"宮崎駅〜橘通・宮崎空港・鵜戸神宮〜飫肥, 宮崎駅〜橘通・宮崎空港・堀切峠トンネル〜鵜戸神宮〜飫肥, 宮崎駅〜東宮団地〜青島, 宮崎駅〜青島〜白浜入口, 宮崎駅〜青島〜青島サンクマール, 宮崎駅〜東宮団地〜折生迫, 宮崎駅〜青島, 青島〜休養村センター〜宮崎駅, 青島〜ニトリモール宮崎〜宮崎駅"
中丸目,宮崎交通（株）,宮崎駅〜中野〜上丸目
瀬茅公民館,（有）高崎観光バス,ラスパ〜都城
木之川内小,（有）高崎観光バス,ラスパ〜都城
青井岳温泉,宮崎交通（株）,宮崎駅〜正手・七野〜青井岳
七野,宮崎交通（株）,"七野〜福祉センター〜宮崎駅, 宮崎駅〜正手〜七野, 宮崎駅〜正手・七野〜青井岳"
正蓮寺,宮崎交通（株）,"宮崎駅〜木花台〜折生迫, 宮崎駅〜木花台〜青島"
瀬茅,（有）高崎観光バス,ラスパ〜都城
巣立入口,宮崎交通（株）,"小林駅〜北原町〜西都城駅前バスセンター, イオン都城・西都城駅前バスセンター〜小林駅, 小林駅〜イオンモール〜西都城駅前バスセンター・イオン都城"
吉之元,（有）高崎観光バス,霧島〜都城駅
木花台南,宮崎交通（株）,"宮崎駅〜木花台〜折生迫, 宮崎駅〜木花台〜青島"
木花郵便局前,宮崎交通（株）,"宮崎駅〜木花台〜折生迫, 宮崎駅〜木花台〜青島"
桜川,宮崎交通（株）,"宮崎駅〜木花台〜折生迫, 宮崎駅〜木花台〜青島"
毘沙丸,（有）高崎観光バス,ラスパ〜都城
上丸目,宮崎交通（株）,宮崎駅〜中野〜上丸目
運動公園前,宮崎交通（株）,"宮崎駅〜木花台〜折生迫, 宮崎駅〜橘通・宮崎空港・鵜戸神宮〜飫肥, 宮崎駅〜橘通・宮崎空港・堀切峠トンネル〜鵜戸神宮〜飫肥, 宮崎駅〜東宮団地〜青島, 宮崎駅〜木花台〜青島, 宮崎駅〜青島〜白浜入口, 宮崎駅〜青島〜青島サンクマール, 宮崎駅〜東宮団地〜折生迫, 宮崎駅〜青島, 青島〜休養村センター〜宮崎駅, 青島〜ニトリモール宮崎〜宮崎駅"
毘沙丸東,（有）高崎観光バス,ラスパ〜都城
さくらの里,都城市,"高城地区コミュニティバス　中原（四家）⇔さくらの里, 高城地区コミュニティバス　旧田辺小⇔山之口総合支所, 高城地区コミュニティバス　原中（桜木）⇔さくらの里"
観音さくらの里,（有）高崎観光バス,雀ヶ野〜中央
観音寺口,（有）高崎観光バス,雀ヶ野〜中央
下水流,（有）高崎観光バス,炭床〜都城
島山,宮崎交通（株）,"宮崎駅〜木花台〜折生迫, 宮崎駅〜橘通・宮崎空港・鵜戸神宮〜飫肥, 宮崎駅〜橘通・宮崎空港・堀切峠トンネル〜鵜戸神宮〜飫肥, 宮崎駅〜東宮団地〜青島, 宮崎駅〜木花台〜青島, 宮崎駅〜青島〜白浜入口, 宮崎駅〜青島〜青島サンクマール, 宮崎駅〜東宮団地〜折生迫, 宮崎駅〜青島, 青島〜休養村センター〜宮崎駅, 青島〜ニトリモール宮崎〜宮崎駅"
荒ヶ田,宮崎交通（株）,"小林駅〜北原町〜西都城駅前バスセンター, イオン都城・西都城駅前バスセンター〜小林駅, 小林駅〜イオンモール〜西都城駅前バスセンター・イオン都城"
瀬戸之口,（有）高崎観光バス,炭床〜都城
万ヶ塚,（有）高崎観光バス,ラスパ〜都城
運動公園南口,宮崎交通（株）,"宮崎駅〜木花台〜折生迫, 宮崎駅〜橘通・宮崎空港・鵜戸神宮〜飫肥, 宮崎駅〜橘通・宮崎空港・堀切峠トンネル〜鵜戸神宮〜飫肥, 宮崎駅〜東宮団地〜青島, 宮崎駅〜木花台〜青島, 宮崎駅〜青島〜白浜入口, 宮崎駅〜青島〜青島サンクマール, 宮崎駅〜東宮団地〜折生迫, 宮崎駅〜青島, 青島〜休養村センター〜宮崎駅, 青島〜ニトリモール宮崎〜宮崎駅"
観音池入口,（有）高崎観光バス,雀ヶ野〜中央
浜川,（有）高崎観光バス,炭床〜都城
田野,（有）高崎観光バス,霧島〜都城駅
万ヶ塚駅,（有）高崎観光バス,ラスパ〜都城
下水流公民館,（有）高崎観光バス,炭床〜都城
山田小入口,宮崎交通（株）,イオンモール・都城駅〜かかしの里ゆぽっぽ〜山田
山田農協前,宮崎交通（株）,イオンモール・都城駅〜かかしの里ゆぽっぽ〜山田
下曽山寺,宮崎交通（株）,"宮崎駅〜木花台〜折生迫, 宮崎駅〜橘通・宮崎空港・鵜戸神宮〜飫肥, 宮崎駅〜橘通・宮崎空港・堀切峠トンネル〜鵜戸神宮〜飫肥, 宮崎駅〜東宮団地〜青島, 宮崎駅〜木花台〜青島, 宮崎駅〜青島〜白浜入口, 宮崎駅〜青島〜青島サンクマール, 宮崎駅〜東宮団地〜折生迫, 宮崎駅〜青島, 青島〜休養村センター〜宮崎駅, 青島〜ニトリモール宮崎〜宮崎駅"
山田総合センター,宮崎交通（株）,"イオンモール・都城駅〜大古川〜山田, イオンモール・都城駅〜かかしの里ゆぽっぽ〜山田, イオンモール・都城駅〜やまだ温泉〜山田"
曽山寺,宮崎交通（株）,"宮崎駅〜木花台〜折生迫, 宮崎駅〜橘通・宮崎空港・鵜戸神宮〜飫肥, 宮崎駅〜橘通・宮崎空港・堀切峠トンネル〜鵜戸神宮〜飫肥, 宮崎駅〜東宮団地〜青島, 宮崎駅〜木花台〜青島, 宮崎駅〜青島〜白浜入口, 宮崎駅〜青島〜青島サンクマール, 宮崎駅〜東宮団地〜折生迫, 宮崎駅〜青島, 青島〜休養村センター〜宮崎駅, 青島〜ニトリモール宮崎〜宮崎駅"
志和池郵便局前,宮崎交通（株）,"小林駅〜北原町〜西都城駅前バスセンター, イオン都城・西都城駅前バスセンター〜小林駅, 小林駅〜イオンモール〜西都城駅前バスセンター・イオン都城"
脇の馬場,宮崎交通（株）,イオンモール・都城駅〜かかしの里ゆぽっぽ〜山田
池之原,宮崎交通（株）,イオンモール・都城駅〜やまだ温泉〜山田
西岳農協,（有）高崎観光バス,霧島〜都城駅
西岳,（有）高崎観光バス,霧島〜都城駅
志和池小学校,（有）高崎観光バス,炭床〜都城
南曽山寺,宮崎交通（株）,"宮崎駅〜木花台〜折生迫, 宮崎駅〜橘通・宮崎空港・鵜戸神宮〜飫肥, 宮崎駅〜橘通・宮崎空港・堀切峠トンネル〜鵜戸神宮〜飫肥, 宮崎駅〜東宮団地〜青島, 宮崎駅〜木花台〜青島, 宮崎駅〜青島〜白浜入口, 宮崎駅〜青島〜青島サンクマール, 宮崎駅〜東宮団地〜折生迫, 宮崎駅〜青島, 青島〜休養村センター〜宮崎駅, 青島〜ニトリモール宮崎〜宮崎駅"
上高野,（有）高崎観光バス,霧島〜都城駅
上水流東公民館,（有）高崎観光バス,炭床〜都城
運動公園,都城市,"高城地区コミュニティバス　中原（四家）⇔さくらの里, 高城地区コミュニティバス　旧田辺小⇔山之口総合支所, 高城地区コミュニティバス　原中（桜木）⇔さくらの里"
志和池,宮崎交通（株）,"小林駅〜北原町〜西都城駅前バスセンター, イオン都城・西都城駅前バスセンター〜小林駅, 小林駅〜イオンモール〜西都城駅前バスセンター・イオン都城"
穂満坊,（有）高崎観光バス,雀ヶ野〜中央
山田中学校前,宮崎交通（株）,"イオンモール・都城駅〜大古川〜山田, イオンモール・都城駅〜やまだ温泉〜山田"
平原公民館,（有）高崎観光バス,炭床〜都城
西岳学校下,（有）高崎観光バス,霧島〜都城駅
薄谷,（有）高崎観光バス,ラスパ〜都城
穂満坊,都城市,"高城地区コミュニティバス　中原（四家）⇔さくらの里, 高城地区コミュニティバス　旧田辺小⇔山之口総合支所, 高城地区コミュニティバス　原中（桜木）⇔さくらの里"
こどものくに,宮崎交通（株）,"宮崎駅〜木花台〜折生迫, 宮崎駅〜橘通・宮崎空港・鵜戸神宮〜飫肥, 宮崎駅〜橘通・宮崎空港・堀切峠トンネル〜鵜戸神宮〜飫肥, 宮崎駅〜東宮団地〜青島, 宮崎駅〜木花台〜青島, 宮崎駅〜青島〜白浜入口, 宮崎駅〜青島〜青島サンクマール, 宮崎駅〜東宮団地〜折生迫, 宮崎駅〜青島, 青島〜休養村センター〜宮崎駅, 青島〜ニトリモール宮崎〜宮崎駅"
内山（青島）,宮崎交通（株）,"宮崎駅〜青島〜青島サンクマール, 青島〜休養村センター〜宮崎駅"
上竹脇,宮崎交通（株）,イオンモール・都城駅〜かかしの里ゆぽっぽ〜山田
大丸,（有）高崎観光バス,炭床〜都城
ANAホリデイ・インリゾート宮崎,宮崎交通（株）,"宮崎駅〜木花台〜折生迫, 宮崎駅〜橘通・宮崎空港・鵜戸神宮〜飫肥, 宮崎駅〜橘通・宮崎空港・堀切峠トンネル〜鵜戸神宮〜飫肥, 宮崎駅〜東宮団地〜青島, 宮崎駅〜木花台〜青島, 宮崎駅〜青島〜白浜入口, 宮崎駅〜青島〜青島サンクマール, 宮崎駅〜東宮団地〜折生迫, 宮崎駅〜青島, 青島〜休養村センター〜宮崎駅, 青島〜ニトリモール宮崎〜宮崎駅"
休養村センター,宮崎交通（株）,"宮崎駅〜青島〜青島サンクマール, 青島〜休養村センター〜宮崎駅"
薄谷三,（有）高崎観光バス,ラスパ〜都城
高城下町,都城市,"高城地区コミュニティバス　中原（四家）⇔さくらの里, 高城地区コミュニティバス　旧田辺小⇔山之口総合支所, 高城地区コミュニティバス　原中（桜木）⇔さくらの里"
高城下町,（有）高崎観光バス,雀ヶ野〜中央
北田,宮崎交通（株）,イオンモール・都城駅〜やまだ温泉〜山田
大古川,宮崎交通（株）,"イオンモール・都城駅〜大古川〜山田, イオンモール・都城駅〜やまだ温泉〜山田"
第7公民館,都城市,"高城地区コミュニティバス　中原（四家）⇔さくらの里, 高城地区コミュニティバス　旧田辺小⇔山之口総合支所, 高城地区コミュニティバス　原中（桜木）⇔さくらの里"
志和池下,宮崎交通（株）,"小林駅〜北原町〜西都城駅前バスセンター, イオン都城・西都城駅前バスセンター〜小林駅, 小林駅〜イオンモール〜西都城駅前バスセンター・イオン都城"
高城中町,（有）高崎観光バス,雀ヶ野〜中央
青島,宮崎交通（株）,"宮崎駅〜木花台〜折生迫, 宮崎駅〜橘通・宮崎空港・鵜戸神宮〜飫肥, 宮崎駅〜橘通・宮崎空港・堀切峠トンネル〜鵜戸神宮〜飫肥, 宮崎駅〜東宮団地〜青島, 宮崎駅〜木花台〜青島, 宮崎駅〜青島〜白浜入口, 宮崎駅〜青島〜青島サンクマール, 宮崎駅〜東宮団地〜折生迫, 宮崎駅〜青島, 青島〜休養村センター〜宮崎駅, 青島〜ニトリモール宮崎〜宮崎駅"
上川内,（有）高崎観光バス,霧島〜都城駅
古江,宮崎交通（株）,イオンモール・都城駅〜やまだ温泉〜山田
竹脇,宮崎交通（株）,イオンモール・都城駅〜かかしの里ゆぽっぽ〜山田
高城総合支所,（有）高崎観光バス,雀ヶ野〜中央
高城総合支所,都城市,"高城地区コミュニティバス　中原（四家）⇔さくらの里, 高城地区コミュニティバス　旧田辺小⇔山之口総合支所, 高城地区コミュニティバス　原中（桜木）⇔さくらの里"
上麓,宮崎交通（株）,"西都城駅前バスセンター〜北原町・山之口〜上野上, 上野上〜イオンモール〜西都城駅前バスセンター"
高城上町,（有）高崎観光バス,雀ヶ野〜中央
志和池市民広場前,宮崎交通（株）,"小林駅〜北原町〜西都城駅前バスセンター, イオン都城・西都城駅前バスセンター〜小林駅, 小林駅〜イオンモール〜西都城駅前バスセンター・イオン都城"
麓,宮崎交通（株）,"西都城駅前バスセンター〜北原町・山之口〜上野上, 上野上〜イオンモール〜西都城駅前バスセンター"
野上,宮崎交通（株）,"西都城駅前バスセンター〜北原町・山之口〜上野上, 上野上〜イオンモール〜西都城駅前バスセンター"
春日住宅,都城市,"高城地区コミュニティバス　中原（四家）⇔さくらの里, 高城地区コミュニティバス　旧田辺小⇔山之口総合支所, 高城地区コミュニティバス　原中（桜木）⇔さくらの里"
JA高城支店,都城市,"高城地区コミュニティバス　中原（四家）⇔さくらの里, 高城地区コミュニティバス　旧田辺小⇔山之口総合支所, 高城地区コミュニティバス　原中（桜木）⇔さくらの里"
青島ホステル,宮崎交通（株）,"宮崎駅〜木花台〜折生迫, 宮崎駅〜橘通・宮崎空港・鵜戸神宮〜飫肥, 宮崎駅〜橘通・宮崎空港・堀切峠トンネル〜鵜戸神宮〜飫肥, 宮崎駅〜青島〜白浜入口, 宮崎駅〜青島〜青島サンクマール, 宮崎駅〜東宮団地〜折生迫"
やまだ温泉,宮崎交通（株）,イオンモール・都城駅〜やまだ温泉〜山田
上野上,宮崎交通（株）,"西都城駅前バスセンター〜北原町・山之口〜上野上, 上野上〜イオンモール〜西都城駅前バスセンター"
高城高校,（有）高崎観光バス,雀ヶ野〜中央
かかしの里ゆぽっぽ,宮崎交通（株）,"イオンモール・都城駅〜かかしの里ゆぽっぽ〜山田, イオンモール・都城駅〜やまだ温泉〜山田"
かかしの里ゆぽっぽ,都城市,"庄内地区市民協働型コミュニティバス　東西線・平田乙房線, 庄内地区市民協働型コミュニティバス　関之尾川崎・菓子野線"
谷二,（有）高崎観光バス,ラスパ〜都城
ゆぽっぽ温泉,（有）高崎観光バス,ラスパ〜都城
大久保,都城市,"高城地区コミュニティバス　中原（四家）⇔さくらの里, 高城地区コミュニティバス　旧田辺小⇔山之口総合支所, 高城地区コミュニティバス　原中（桜木）⇔さくらの里"
前坂,宮崎交通（株）,"イオンモール・都城駅〜かかしの里ゆぽっぽ〜山田, イオンモール・都城駅〜やまだ温泉〜山田"
前坂,（有）高崎観光バス,ラスパ〜都城
前坂バス停,都城市,"庄内地区市民協働型コミュニティバス　東西線・平田乙房線, 庄内地区市民協働型コミュニティバス　関之尾川崎・菓子野線"
安原神社前,宮崎交通（株）,イオンモール・都城駅〜やまだ温泉〜山田
下川内,（有）高崎観光バス,霧島〜都城駅
山内,宮崎交通（株）,"イオンモール・都城駅〜大古川〜山田, イオンモール・都城駅〜やまだ温泉〜山田"
折生迫,宮崎交通（株）,"宮崎駅〜木花台〜折生迫, 宮崎駅〜橘通・宮崎空港・鵜戸神宮〜飫肥, 宮崎駅〜橘通・宮崎空港・堀切峠トンネル〜鵜戸神宮〜飫肥, 宮崎駅〜青島〜白浜入口, 宮崎駅〜青島〜青島サンクマール, 宮崎駅〜東宮団地〜折生迫"
西高木,宮崎交通（株）,"小林駅〜北原町〜西都城駅前バスセンター, イオン都城・西都城駅前バスセンター〜小林駅, 小林駅〜イオンモール〜西都城駅前バスセンター・イオン都城"
山田商工会前バス停,都城市,"庄内地区市民協働型コミュニティバス　東西線・平田乙房線, 庄内地区市民協働型コミュニティバス　関之尾川崎・菓子野線"
山田商工会前,宮崎交通（株）,"イオンモール・都城駅〜かかしの里ゆぽっぽ〜山田, イオンモール・都城駅〜やまだ温泉〜山田"
山田商工会,（有）高崎観光バス,ラスパ〜都城
田原入口,宮崎交通（株）,"西都城駅前バスセンター〜北原町・山之口〜上野上, 上野上〜イオンモール〜西都城駅前バスセンター"
白浜入口,宮崎交通（株）,"宮崎駅〜木花台〜折生迫, 宮崎駅〜青島〜白浜入口, 宮崎駅〜青島〜青島サンクマール, 宮崎駅〜東宮団地〜折生迫"
高木入口,（有）高崎観光バス,炭床〜都城
城下,宮崎交通（株）,"宮崎駅〜木花台〜折生迫, 宮崎駅〜青島〜白浜入口, 宮崎駅〜青島〜青島サンクマール, 宮崎駅〜東宮団地〜折生迫"
中霧島小,宮崎交通（株）,"イオンモール・都城駅〜大古川〜山田, イオンモール・都城駅〜やまだ温泉〜山田"
谷五公民館前,宮崎交通（株）,"イオンモール・都城駅〜大古川〜山田, イオンモール・都城駅〜やまだ温泉〜山田"
供養碑前,宮崎交通（株）,"イオンモール・都城駅〜大古川〜山田, イオンモール・都城駅〜かかしの里ゆぽっぽ〜山田, イオンモール・都城駅〜やまだ温泉〜山田"
供養碑前バス停,都城市,"庄内地区市民協働型コミュニティバス　東西線・平田乙房線, 庄内地区市民協働型コミュニティバス　関之尾川崎・菓子野線"
上桜木,（有）高崎観光バス,雀ヶ野〜中央
高城原,都城市,"高城地区コミュニティバス　中原（四家）⇔さくらの里, 高城地区コミュニティバス　旧田辺小⇔山之口総合支所, 高城地区コミュニティバス　原中（桜木）⇔さくらの里"
桜木,（有）高崎観光バス,雀ヶ野〜中央
小椎山,（有）高崎観光バス,霧島〜都城駅
青島小中学校入口,宮崎交通（株）,"宮崎駅〜橘通・宮崎空港・鵜戸神宮〜飫肥, 宮崎駅〜橘通・宮崎空港・堀切峠トンネル〜鵜戸神宮〜飫肥"
山之口運動公園入口,宮崎交通（株）,"西都城駅前バスセンター〜北原町・山之口〜上野上, 上野上〜イオンモール〜西都城駅前バスセンター"
高速乗場,都城市,"高城地区コミュニティバス　中原（四家）⇔さくらの里, 高城地区コミュニティバス　旧田辺小⇔山之口総合支所"
第4公民館,都城市,高城地区コミュニティバス　原中（桜木）⇔さくらの里
高城,宮崎交通（株）,"西都城駅前バスセンター・栄町〜宮崎道〜宮崎空港・宮崎駅, 宮崎駅〜生目台・宮崎道〜西都城駅前バスセンター, 宮崎駅・宮崎空港〜宮崎道〜西都城駅前バスセンター"
宝光,都城市,高城地区コミュニティバス　原中（桜木）⇔さくらの里
高木,（有）高崎観光バス,炭床〜都城
谷頭,宮崎交通（株）,"イオンモール・都城駅〜大古川〜山田, イオンモール・都城駅〜かかしの里ゆぽっぽ〜山田, イオンモール・都城駅〜やまだ温泉〜山田"
谷頭バス停,都城市,"庄内地区市民協働型コミュニティバス　東西線・平田乙房線, 庄内地区市民協働型コミュニティバス　関之尾川崎・菓子野線"
谷頭駅,（有）高崎観光バス,ラスパ〜都城
スポーツ館,都城市,高城地区コミュニティバス　原中（桜木）⇔さくらの里
白浜,宮崎交通（株）,宮崎駅〜青島〜青島サンクマール
南谷頭バス停,都城市,"庄内地区市民協働型コミュニティバス　東西線・平田乙房線, 庄内地区市民協働型コミュニティバス　関之尾川崎・菓子野線"
南谷頭,宮崎交通（株）,"イオンモール・都城駅〜大古川〜山田, イオンモール・都城駅〜かかしの里ゆぽっぽ〜山田, イオンモール・都城駅〜やまだ温泉〜山田"
山之口中央保育園下,宮崎交通（株）,"西都城駅前バスセンター〜北原町・山之口〜上野上, 上野上〜イオンモール〜西都城駅前バスセンター"
高木東,（有）高崎観光バス,雀ヶ野〜中央
白浜海水浴場,宮崎交通（株）,宮崎駅〜青島〜青島サンクマール
青島サンクマール,宮崎交通（株）,宮崎駅〜青島〜青島サンクマール
白浜観音入口,宮崎交通（株）,宮崎駅〜青島〜青島サンクマール
青島サンクマール入口,宮崎交通（株）,宮崎駅〜青島〜青島サンクマール
太郎坊,宮崎交通（株）,"小林駅〜北原町〜西都城駅前バスセンター, イオン都城・西都城駅前バスセンター〜小林駅, 小林駅〜イオンモール〜西都城駅前バスセンター・イオン都城"
青少年ホーム,都城市,高城地区コミュニティバス　原中（桜木）⇔さくらの里
野々美谷局,（有）高崎観光バス,ラスパ〜都城
都城北,（有）高崎観光バス,"炭床〜都城, 雀ヶ野〜中央"
志々目邸前,都城市,庄内地区市民協働型コミュニティバス　関之尾川崎・菓子野線
高速都城北入口,宮崎交通（株）,"西都城駅前バスセンター・栄町〜宮崎道〜宮崎空港・宮崎駅, 宮崎駅・宮崎空港〜宮崎道〜西都城駅前バスセンター"
山之口駅前,宮崎交通（株）,"西都城駅前バスセンター〜北原町・山之口〜上野上, 上野上〜イオンモール〜西都城駅前バスセンター"
千草自治公民館入口,都城市,庄内地区市民協働型コミュニティバス　関之尾川崎・菓子野線
清水不動産前,都城市,庄内地区市民協働型コミュニティバス　関之尾川崎・菓子野線
広瀬,（有）高崎観光バス,ラスパ〜都城
麓,（有）高崎観光バス,ラスパ〜都城
大倉田,（有）高崎観光バス,霧島〜都城駅
山之口学校下,宮崎交通（株）,"西都城駅前バスセンター〜北原町・山之口〜上野上, 上野上〜イオンモール〜西都城駅前バスセンター"
太郎坊,（有）高崎観光バス,"炭床〜都城, 雀ヶ野〜中央"
山之口駅,都城市,"高城地区コミュニティバス　中原（四家）⇔さくらの里, 高城地区コミュニティバス　旧田辺小⇔山之口総合支所"
西大倉田,（有）高崎観光バス,霧島〜都城駅
稚児さくら茶屋前,都城市,庄内地区市民協働型コミュニティバス　関之尾川崎・菓子野線
山之口総合支所,都城市,"高城地区コミュニティバス　中原（四家）⇔さくらの里, 高城地区コミュニティバス　旧田辺小⇔山之口総合支所"
山之口総合支所前,宮崎交通（株）,"西都城駅前バスセンター〜北原町・山之口〜上野上, 上野上〜イオンモール〜西都城駅前バスセンター"
医師会病院,（有）高崎観光バス,"炭床〜都城, ラスパ〜都城, 雀ヶ野〜中央"
菓子野分館前,都城市,庄内地区市民協働型コミュニティバス　関之尾川崎・菓子野線
宮島霊園前,都城市,庄内地区市民協働型コミュニティバス　関之尾川崎・菓子野線
向原,宮崎交通（株）,"西都城駅前バスセンター〜北原町・山之口〜上野上, 上野上〜イオンモール〜西都城駅前バスセンター"
今屋自治公民館前,都城市,庄内地区市民協働型コミュニティバス　関之尾川崎・菓子野線
寿萬寺公民館,（有）高崎観光バス,ラスパ〜都城
宮島自治公民館前,都城市,庄内地区市民協働型コミュニティバス　関之尾川崎・菓子野線
鵜の島,宮崎交通（株）,"イオンモール・都城駅〜大古川〜山田, イオンモール・都城駅〜かかしの里ゆぽっぽ〜山田, イオンモール・都城駅〜やまだ温泉〜山田"
鵜之島,（有）高崎観光バス,ラスパ〜都城
鵜の島バス停,都城市,"庄内地区市民協働型コミュニティバス　東西線・平田乙房線, 庄内地区市民協働型コミュニティバス　関之尾川崎・菓子野線"
崎田公民館,（有）高崎観光バス,ラスパ〜都城
城村邸前,都城市,庄内地区市民協働型コミュニティバス　関之尾川崎・菓子野線
沖水支所,（有）高崎観光バス,"炭床〜都城, 雀ヶ野〜中央"
沖水小学校前,宮崎交通（株）,"小林駅〜北原町〜西都城駅前バスセンター, イオン都城・西都城駅前バスセンター〜小林駅, 小林駅〜イオンモール〜西都城駅前バスセンター・イオン都城"
前田スタンド跡,都城市,庄内地区市民協働型コミュニティバス　関之尾川崎・菓子野線
みやばる,都城市,庄内地区市民協働型コミュニティバス　東西線・平田乙房線
高木原,宮崎交通（株）,"西都城駅前バスセンター・栄町〜宮崎道〜宮崎空港・宮崎駅, 宮崎駅〜生目台・宮崎道〜西都城駅前バスセンター, 宮崎駅・宮崎空港〜宮崎道〜西都城駅前バスセンター"
崎田,（有）高崎観光バス,ラスパ〜都城
庄内中学校,（有）高崎観光バス,霧島〜都城駅
庄内中学校バス停,都城市,庄内地区市民協働型コミュニティバス　関之尾川崎・菓子野線
堀切峠,宮崎交通（株）,宮崎駅〜橘通・宮崎空港・鵜戸神宮〜飫肥
横手,都城市,高城地区コミュニティバス　原中（桜木）⇔さくらの里
東区消防詰所前,都城市,庄内地区市民協働型コミュニティバス　東西線・平田乙房線
豊幡神社,（有）高崎観光バス,霧島〜都城駅
豊幡神社前,都城市,庄内地区市民協働型コミュニティバス　東西線・平田乙房線
飯起,宮崎交通（株）,"西都城駅前バスセンター〜北原町・山之口〜上野上, 上野上〜イオンモール〜西都城駅前バスセンター"
東区公民館入口,都城市,庄内地区市民協働型コミュニティバス　東西線・平田乙房線
下金田,（有）高崎観光バス,ラスパ〜都城
おみけん坂下,都城市,庄内地区市民協働型コミュニティバス　東西線・平田乙房線
パシオ庄内店前,都城市,庄内地区市民協働型コミュニティバス　東西線・平田乙房線
湯谷,都城市,庄内地区市民協働型コミュニティバス　東西線・平田乙房線
庄内郵便局,（有）高崎観光バス,霧島〜都城駅
荘内郵便局バス停,都城市,庄内地区市民協働型コミュニティバス　関之尾川崎・菓子野線
庄内小学校,（有）高崎観光バス,霧島〜都城駅
庄内小学校南,都城市,庄内地区市民協働型コミュニティバス　東西線・平田乙房線
南洲神社前,都城市,庄内地区市民協働型コミュニティバス　東西線・平田乙房線
中金田,（有）高崎観光バス,ラスパ〜都城
庄内地区公民館,都城市,"庄内地区市民協働型コミュニティバス　東西線・平田乙房線, 庄内地区市民協働型コミュニティバス　関之尾川崎・菓子野線"
庄内地区公民館,（有）高崎観光バス,霧島〜都城駅
喜久寿司前,都城市,庄内地区市民協働型コミュニティバス　東西線・平田乙房線
西区納骨堂下,都城市,庄内地区市民協働型コミュニティバス　東西線・平田乙房線
原中,都城市,高城地区コミュニティバス　原中（桜木）⇔さくらの里
富吉,宮崎交通（株）,"西都城駅前バスセンター〜北原町・山之口〜上野上, 上野上〜イオンモール〜西都城駅前バスセンター"
庄内,（有）高崎観光バス,霧島〜都城駅
庄内バス停,都城市,"庄内地区市民協働型コミュニティバス　東西線・平田乙房線, 庄内地区市民協働型コミュニティバス　関之尾川崎・菓子野線"
金田町,（有）高崎観光バス,"炭床〜都城, 雀ヶ野〜中央"
神田,（有）高崎観光バス,霧島〜都城駅
神田バス停,都城市,"庄内地区市民協働型コミュニティバス　東西線・平田乙房線, 庄内地区市民協働型コミュニティバス　関之尾川崎・菓子野線"
宮崎銀行前,都城市,庄内地区市民協働型コミュニティバス　東西線・平田乙房線
地場産業センター前,宮崎交通（株）,"西都城駅前バスセンター・栄町〜宮崎道〜宮崎空港・宮崎駅, 宮崎駅〜生目台・宮崎道〜西都城駅前バスセンター, 宮崎駅・宮崎空港〜宮崎道〜西都城駅前バスセンター"
庄内病院,（有）高崎観光バス,霧島〜都城駅
庄内医院バス停,都城市,庄内地区市民協働型コミュニティバス　東西線・平田乙房線
道の駅フェニックス,宮崎交通（株）,宮崎駅〜橘通・宮崎空港・鵜戸神宮〜飫肥
関之尾入口,（有）高崎観光バス,霧島〜都城駅
関之尾入ロバス停,都城市,庄内地区市民協働型コミュニティバス　関之尾川崎・菓子野線
西区自治公民館前,都城市,庄内地区市民協働型コミュニティバス　関之尾川崎・菓子野線
下原田,宮崎交通（株）,"西都城駅前バスセンター〜北原町・山之口〜上野上, 上野上〜イオンモール〜西都城駅前バスセンター"
下平田公民館前,都城市,庄内地区市民協働型コミュニティバス　東西線・平田乙房線
とこなみ不動産前,都城市,庄内地区市民協働型コミュニティバス　東西線・平田乙房線
内場分館前,都城市,庄内地区市民協働型コミュニティバス　東西線・平田乙房線
乙房,宮崎交通（株）,"イオンモール・都城駅〜大古川〜山田, イオンモール・都城駅〜かかしの里ゆぽっぽ〜山田, イオンモール・都城駅〜やまだ温泉〜山田"
乙房バス停,都城市,庄内地区市民協働型コミュニティバス　東西線・平田乙房線
あざめ分館前,都城市,庄内地区市民協働型コミュニティバス　東西線・平田乙房線
上金田,（有）高崎観光バス,"炭床〜都城, ラスパ〜都城"
下関之尾,（有）高崎観光バス,霧島〜都城駅
下関之尾バス停,都城市,庄内地区市民協働型コミュニティバス　関之尾川崎・菓子野線
平田自治公民館前,都城市,庄内地区市民協働型コミュニティバス　東西線・平田乙房線
立野電気前,都城市,庄内地区市民協働型コミュニティバス　東西線・平田乙房線
平田福永邸前,都城市,庄内地区市民協働型コミュニティバス　東西線・平田乙房線
都北町,宮崎交通（株）,"小林駅〜北原町〜西都城駅前バスセンター, イオン都城・西都城駅前バスセンター〜小林駅, 小林駅〜イオンモール〜西都城駅前バスセンター・イオン都城"
大戸野,日南市,大戸野線
城村商店前,都城市,庄内地区市民協働型コミュニティバス　関之尾川崎・菓子野線
上関之尾バス停,都城市,庄内地区市民協働型コミュニティバス　関之尾川崎・菓子野線
蓼池,宮崎交通（株）,"西都城駅前バスセンター〜北原町・山之口〜上野上, 上野上〜イオンモール〜西都城駅前バスセンター"
上関之尾,（有）高崎観光バス,霧島〜都城駅
平田入口,（有）高崎観光バス,霧島〜都城駅
平田入口バス停,都城市,庄内地区市民協働型コミュニティバス　東西線・平田乙房線
緑の村入口,都城市,庄内地区市民協働型コミュニティバス　関之尾川崎・菓子野線
五差路,都城市,庄内地区市民協働型コミュニティバス　関之尾川崎・菓子野線
都北町,（有）高崎観光バス,雀ヶ野〜中央
上平田公民館前,都城市,庄内地区市民協働型コミュニティバス　東西線・平田乙房線
川崎消防詰所前,都城市,庄内地区市民協働型コミュニティバス　関之尾川崎・菓子野線
日向庄内駅前,都城市,庄内地区市民協働型コミュニティバス　東西線・平田乙房線
上川崎公民館前,都城市,庄内地区市民協働型コミュニティバス　関之尾川崎・菓子野線
小山田スタンド前,都城市,庄内地区市民協働型コミュニティバス　東西線・平田乙房線
松の元,宮崎交通（株）,"西都城駅前バスセンター・栄町〜宮崎道〜宮崎空港・宮崎駅, 宮崎駅〜生目台・宮崎道〜西都城駅前バスセンター, 小林駅〜北原町〜西都城駅前バスセンター, 宮崎駅・宮崎空港〜宮崎道〜西都城駅前バスセンター, イオン都城・西都城駅前バスセンター〜小林駅, 小林駅〜イオンモール〜西都城駅前バスセンター・イオン都城"
松の元,（有）高崎観光バス,雀ヶ野〜中央
関之尾滝,（有）高崎観光バス,霧島〜都城駅
関之尾滝バス停,都城市,庄内地区市民協働型コミュニティバス　関之尾川崎・菓子野線
内海港前,宮崎交通（株）,宮崎駅〜橘通・宮崎空港・鵜戸神宮〜飫肥
蓼池ショッピングセンター,宮崎交通（株）,"西都城駅前バスセンター〜北原町・山之口〜上野上, 上野上〜イオンモール〜西都城駅前バスセンター"
内海,宮崎交通（株）,"宮崎駅〜橘通・宮崎空港・鵜戸神宮〜飫肥, 宮崎駅〜橘通・宮崎空港・堀切峠トンネル〜鵜戸神宮〜飫肥"
下川崎公民館前,都城市,庄内地区市民協働型コミュニティバス　関之尾川崎・菓子野線
月野原,宮崎交通（株）,"イオンモール・都城駅〜大古川〜山田, イオンモール・都城駅〜かかしの里ゆぽっぽ〜山田, イオンモール・都城駅〜やまだ温泉〜山田"
高専前,（有）高崎観光バス,"炭床〜都城, ラスパ〜都城"
牧之原,（有）高崎観光バス,霧島〜都城駅
佐土平,都城市,庄内地区市民協働型コミュニティバス　関之尾川崎・菓子野線
内海駅前,宮崎交通（株）,"宮崎駅〜橘通・宮崎空港・鵜戸神宮〜飫肥, 宮崎駅〜橘通・宮崎空港・堀切峠トンネル〜鵜戸神宮〜飫肥"
宮源分館前,都城市,庄内地区市民協働型コミュニティバス　東西線・平田乙房線
前目,宮崎交通（株）,"西都城駅前バスセンター〜北原町・山之口〜上野上, 上野上〜イオンモール〜西都城駅前バスセンター"
高専前,宮崎交通（株）,"西都城駅前バスセンター・栄町〜宮崎道〜宮崎空港・宮崎駅, 宮崎駅〜生目台・宮崎道〜西都城駅前バスセンター, 小林駅〜北原町〜西都城駅前バスセンター, 宮崎駅・宮崎空港〜宮崎道〜西都城駅前バスセンター, イオン都城・西都城駅前バスセンター〜小林駅, 小林駅〜イオンモール〜西都城駅前バスセンター・イオン都城"
高専入口,（有）高崎観光バス,雀ヶ野〜中央
都城高専前,鹿児島交通（株）,都城駅〜都城高専前
吉尾町,（有）高崎観光バス,"炭床〜都城, ラスパ〜都城"
山仮屋奥,日南市,大戸野線
大根田,宮崎交通（株）,"イオンモール・都城駅〜大古川〜山田, イオンモール・都城駅〜かかしの里ゆぽっぽ〜山田, イオンモール・都城駅〜やまだ温泉〜山田"
神之山,宮崎交通（株）,"西都城駅前バスセンター〜北原町・山之口〜上野上, 上野上〜イオンモール〜西都城駅前バスセンター"
沖水橋前,（有）高崎観光バス,"炭床〜都城, ラスパ〜都城"
沖水橋,宮崎交通（株）,"小林駅〜北原町〜西都城駅前バスセンター, イオン都城・西都城駅前バスセンター〜小林駅, 小林駅〜イオンモール〜西都城駅前バスセンター・イオン都城"
沖水橋,鹿児島交通（株）,都城駅〜都城高専前
沖水橋東,（有）高崎観光バス,雀ヶ野〜中央
山仮屋,日南市,大戸野線
横市,（有）高崎観光バス,霧島〜都城駅
憩いの家入口,宮崎交通（株）,"西都城駅前バスセンター〜北原町・山之口〜上野上, 上野上〜イオンモール〜西都城駅前バスセンター"
正坂,宮崎交通（株）,"イオンモール・都城駅〜大古川〜山田, イオンモール・都城駅〜かかしの里ゆぽっぽ〜山田, イオンモール・都城駅〜やまだ温泉〜山田"
郡元5丁目,宮崎交通（株）,"久保原〜都原団地〜都城ショッピングセンター, 久保原〜西都城駅〜都城ショッピングセンター"
上川東,（有）高崎観光バス,"炭床〜都城, ラスパ〜都城"
祝吉,（有）高崎観光バス,"炭床〜都城, ラスパ〜都城"
祝吉公民館,（有）高崎観光バス,"炭床〜都城, ラスパ〜都城"
上田代,日南市,大戸野線
上の原,宮崎交通（株）,"イオンモール・都城駅〜大古川〜山田, イオンモール・都城駅〜かかしの里ゆぽっぽ〜山田, イオンモール・都城駅〜やまだ温泉〜山田"
郡元,宮崎交通（株）,"西都城駅前バスセンター〜北原町・山之口〜上野上, 上野上〜イオンモール〜西都城駅前バスセンター, 久保原〜都原団地〜都城ショッピングセンター, 久保原〜西都城駅〜都城ショッピングセンター"
上郡元,宮崎交通（株）,"都城ショッピングセンター〜イオンモール〜都原団地・久保原, 久保原〜都原団地〜都城ショッピングセンター, 久保原〜西都城駅〜都城ショッピングセンター"
都城農協前,宮崎交通（株）,"小林駅〜北原町〜西都城駅前バスセンター, 宮崎駅・宮崎空港〜宮崎道〜西都城駅前バスセンター, イオン都城・西都城駅前バスセンター〜小林駅, 小林駅〜イオンモール〜西都城駅前バスセンター・イオン都城"
保健所入口［都城市］,鹿児島交通（株）,都城駅〜都城高専前
保健所入口,宮崎交通（株）,"西都城駅前バスセンター・栄町〜宮崎道〜宮崎空港・宮崎駅, 宮崎駅〜生目台・宮崎道〜西都城駅前バスセンター"
保健所入口,（有）高崎観光バス,雀ヶ野〜中央
田代,日南市,大戸野線
野島公民館前,宮崎交通（株）,"宮崎駅〜橘通・宮崎空港・鵜戸神宮〜飫肥, 宮崎駅〜橘通・宮崎空港・堀切峠トンネル〜鵜戸神宮〜飫肥"
南郡元,宮崎交通（株）,"都城ショッピングセンター〜イオンモール〜都原団地・久保原, 久保原〜都原団地〜都城ショッピングセンター, 久保原〜西都城駅〜都城ショッピングセンター"
郡元3丁目,宮崎交通（株）,"都城ショッピングセンター〜イオンモール〜都原団地・久保原, 久保原〜都原団地〜都城ショッピングセンター, 久保原〜西都城駅〜都城ショッピングセンター"
郡元局,（有）高崎観光バス,"炭床〜都城, ラスパ〜都城"
郡元局前,宮崎交通（株）,"西都城駅前バスセンター〜北原町・山之口〜上野上, 上野上〜イオンモール〜西都城駅前バスセンター, 都城ショッピングセンター〜イオンモール〜都原団地・久保原, 久保原〜都原団地〜都城ショッピングセンター, 久保原〜西都城駅〜都城ショッピングセンター"
川東,宮崎交通（株）,"小林駅〜北原町〜西都城駅前バスセンター, イオン都城・西都城駅前バスセンター〜小林駅, 小林駅〜イオンモール〜西都城駅前バスセンター・イオン都城"
都城医療センター前,宮崎交通（株）,"西都城駅前バスセンター〜北原町・山之口〜上野上, 上野上〜イオンモール〜西都城駅前バスセンター, 都城ショッピングセンター〜イオンモール〜都原団地・久保原, 久保原〜都原団地〜都城ショッピングセンター, 久保原〜西都城駅〜都城ショッピングセンター"
国立病院,（有）高崎観光バス,"炭床〜都城, ラスパ〜都城"
加治屋,（有）高崎観光バス,霧島〜都城駅
有川医院前,鹿児島交通（株）,都城駅〜都城高専前
有川医院,（有）高崎観光バス,雀ヶ野〜中央
野島,宮崎交通（株）,"宮崎駅〜橘通・宮崎空港・鵜戸神宮〜飫肥, 宮崎駅〜橘通・宮崎空港・堀切峠トンネル〜鵜戸神宮〜飫肥"
上川東二丁目,鹿児島交通（株）,都城駅〜都城高専前
上川東2丁目,（有）高崎観光バス,雀ヶ野〜中央
早水入口,宮崎交通（株）,"西都城駅前バスセンター〜北原町・山之口〜上野上, 上野上〜イオンモール〜西都城駅前バスセンター, 都城ショッピングセンター〜イオンモール〜都原団地・久保原, 久保原〜都原団地〜都城ショッピングセンター, 久保原〜西都城駅〜都城ショッピングセンター"
農業高校,（有）高崎観光バス,"炭床〜都城, ラスパ〜都城"
志比田,宮崎交通（株）,"イオンモール・都城駅〜大古川〜山田, イオンモール・都城駅〜かかしの里ゆぽっぽ〜山田, イオンモール・都城駅〜やまだ温泉〜山田"
都城農業高校前,鹿児島交通（株）,都城駅〜都城高専前
農業高校前,宮崎交通（株）,"西都城駅前バスセンター〜北原町・山之口〜上野上, 上野上〜イオンモール〜西都城駅前バスセンター, 都城ショッピングセンター〜イオンモール〜都原団地・久保原, 久保原〜都原団地〜都城ショッピングセンター, 久保原〜西都城駅〜都城ショッピングセンター"
都原団地,宮崎交通（株）,"久保原〜都原団地〜イオンモール, 都城ショッピングセンター〜イオンモール〜都原団地・久保原, 西都城駅〜宮丸町〜都原団地, 久保原〜都原団地〜都城ショッピングセンター, 久保原・都原団地〜西都城駅・イオンモール〜菖蒲原, 菖蒲原〜イオンモール・西都城駅〜都原団地・久保原"
都原団地入口,宮崎交通（株）,"久保原〜都原団地〜イオンモール, 都城ショッピングセンター〜イオンモール〜都原団地・久保原, 西都城駅〜宮丸町〜都原団地, 久保原〜都原団地〜都城ショッピングセンター, 久保原・都原団地〜西都城駅・イオンモール〜菖蒲原, 菖蒲原〜イオンモール・西都城駅〜都原団地・久保原"
ガード下,宮崎交通（株）,"小林駅〜北原町〜西都城駅前バスセンター, 宮崎駅・宮崎空港〜宮崎道〜西都城駅前バスセンター, イオン都城・西都城駅前バスセンター〜小林駅, 小林駅〜イオンモール〜西都城駅前バスセンター・イオン都城"
都城ショッピングセンター,宮崎交通（株）,"都城ショッピングセンター〜イオンモール〜都原団地・久保原, 久保原〜都原団地〜都城ショッピングセンター, 久保原〜西都城駅〜都城ショッピングセンター"
早水公園,宮崎交通（株）,"都城ショッピングセンター〜イオンモール〜都原団地・久保原, 久保原〜都原団地〜都城ショッピングセンター, 久保原〜西都城駅〜都城ショッピングセンター"
都原市営住宅前,宮崎交通（株）,"久保原〜都原団地〜イオンモール, 都城ショッピングセンター〜イオンモール〜都原団地・久保原, 久保原〜都原団地〜都城ショッピングセンター, 久保原・都原団地〜西都城駅・イオンモール〜菖蒲原, 菖蒲原〜イオンモール・西都城駅〜都原団地・久保原"
体育文化センター,宮崎交通（株）,"都城ショッピングセンター〜イオンモール〜都原団地・久保原, 久保原〜都原団地〜都城ショッピングセンター, 久保原〜西都城駅〜都城ショッピングセンター"
きりしま支援学校入口,宮崎交通（株）,"久保原〜都原団地〜イオンモール, 都城ショッピングセンター〜イオンモール〜都原団地・久保原, 西都城駅〜宮丸町〜都原団地, 久保原〜都原団地〜都城ショッピングセンター, 久保原・都原団地〜西都城駅・イオンモール〜菖蒲原, 菖蒲原〜イオンモール・西都城駅〜都原団地・久保原"
イオンモール前,宮崎交通（株）,"西都城駅前バスセンター〜北原町・山之口〜上野上, 上野上〜イオンモール〜西都城駅前バスセンター, 都城ショッピングセンター〜イオンモール〜都原団地・久保原, 久保原〜都原団地〜都城ショッピングセンター, 久保原〜西都城駅〜都城ショッピングセンター"
南横市,（有）高崎観光バス,霧島〜都城駅
イオンモール・ミエル前,鹿児島交通（株）,都城駅〜都城高専前
都城駅前,宮崎交通（株）,"西都城駅前バスセンター・栄町〜宮崎道〜宮崎空港・宮崎駅, 小林駅〜北原町〜西都城駅前バスセンター, 都城駅〜泉ヶ丘高校前〜都城商業高校前, イオンモール・都城駅〜大古川〜山田, イオンモール・都城駅〜かかしの里ゆぽっぽ〜山田, イオンモール〜都城駅〜安久温泉, イオンモール・ミエル〜都城駅・中郷中〜安久温泉, 西都城駅〜イオンモール〜菖蒲原, イオンモール・都城駅〜やまだ温泉〜山田, 西都城駅前バスセンター〜北原町・山之口〜上野上, 上野上〜イオンモール〜西都城駅前バスセンター, 久保原〜都原団地〜イオンモール, 都城ショッピングセンター〜イオンモール〜都原団地・久保原, イオン都城〜妻ヶ丘・都城駅〜川原谷, イオンモール〜都城駅〜川原谷, 宮村学校下〜都城駅, 久保原〜都原団地〜都城ショッピングセンター, 久保原・都原団地〜西都城駅・イオンモール〜菖蒲原, 菖蒲原〜イオンモール・西都城駅〜都原団地・久保原, 久保原〜西都城駅〜都城ショッピングセンター, 都城駅〜（循環）一万城団地〜都城駅, イオンモール・都城駅〜（循環）一万城団地〜都城駅・イオンモール, 宮崎駅・宮崎空港〜宮崎道〜西都城駅前バスセンター, 三股駅〜広原〜都城駅, イオンモール〜都城駅〜宮村学校下, イオン都城・西都城駅前バスセンター〜小林駅, イオンモール・都城駅〜広原〜三股駅, 小林駅〜イオンモール〜西都城駅前バスセンター・イオン都城"
都城駅前,高原町,地域間幹線バス
都城駅,（有）高崎観光バス,"霧島〜都城駅, 雀ヶ野〜中央"
都城駅,鹿児島交通（株）,"都城駅〜都城高専前, 都城〜志布志駅前"
学校下,日南市,大戸野線
都原,宮崎交通（株）,"久保原〜都原団地〜イオンモール, 都城ショッピングセンター〜イオンモール〜都原団地・久保原, 西都城駅〜宮丸町〜都原団地, 久保原〜都原団地〜都城ショッピングセンター, 久保原・都原団地〜西都城駅・イオンモール〜菖蒲原, 菖蒲原〜イオンモール・西都城駅〜都原団地・久保原"
イオンモール,宮崎交通（株）,"イオンモール・都城駅〜大古川〜山田, イオンモール・都城駅〜かかしの里ゆぽっぽ〜山田, イオンモール〜都城駅〜安久温泉, イオンモール・ミエル〜都城駅・中郷中〜安久温泉, 西都城駅〜イオンモール〜菖蒲原, イオンモール・都城駅〜やまだ温泉〜山田, 上野上〜イオンモール〜西都城駅前バスセンター, 久保原〜都原団地〜イオンモール, 都城ショッピングセンター〜イオンモール〜都原団地・久保原, イオン都城〜妻ヶ丘・都城駅〜川原谷, イオンモール〜都城駅〜川原谷, 久保原・都原団地〜西都城駅・イオンモール〜菖蒲原, 菖蒲原〜イオンモール・西都城駅〜都原団地・久保原, イオンモール・都城駅〜（循環）一万城団地〜都城駅・イオンモール, イオンモール〜都城駅〜宮村学校下, イオンモール・都城駅〜広原〜三股駅, 小林駅〜イオンモール〜西都城駅前バスセンター・イオン都城"
西中学校前,宮崎交通（株）,"久保原〜都原団地〜イオンモール, 都城ショッピングセンター〜イオンモール〜都原団地・久保原, 久保原〜都原団地〜都城ショッピングセンター, 久保原・都原団地〜西都城駅・イオンモール〜菖蒲原, 菖蒲原〜イオンモール・西都城駅〜都原団地・久保原"
北原町,宮崎交通（株）,"西都城駅前バスセンター・栄町〜宮崎道〜宮崎空港・宮崎駅, 宮崎駅〜生目台・宮崎道〜西都城駅前バスセンター, 小林駅〜北原町〜西都城駅前バスセンター, イオンモール・都城駅〜大古川〜山田, イオンモール・都城駅〜かかしの里ゆぽっぽ〜山田, イオンモール〜都城駅〜安久温泉, イオンモール・ミエル〜都城駅・中郷中〜安久温泉, 西都城駅〜イオンモール〜菖蒲原, イオンモール・都城駅〜やまだ温泉〜山田, 西都城駅前バスセンター〜北原町・山之口〜上野上, 上野上〜イオンモール〜西都城駅前バスセンター, 久保原〜都原団地〜イオンモール, 都城ショッピングセンター〜イオンモール〜都原団地・久保原, イオン都城〜妻ヶ丘・都城駅〜川原谷, イオンモール〜都城駅〜川原谷, 宮村学校下〜都城駅, 久保原〜都原団地〜都城ショッピングセンター, 久保原・都原団地〜西都城駅・イオンモール〜菖蒲原, 菖蒲原〜イオンモール・西都城駅〜都原団地・久保原, 久保原〜西都城駅〜都城ショッピングセンター, 都城駅〜（循環）一万城団地〜都城駅, イオンモール・都城駅〜（循環）一万城団地〜都城駅・イオンモール, 宮崎駅・宮崎空港〜宮崎道〜西都城駅前バスセンター, 三股駅〜広原〜都城駅, イオンモール〜都城駅〜宮村学校下, イオン都城・西都城駅前バスセンター〜小林駅, イオンモール・都城駅〜広原〜三股駅, 小林駅〜イオンモール〜西都城駅前バスセンター・イオン都城"
北原町,鹿児島交通（株）,"牧之原〜都城, 都城〜吉ケ谷公民館, 都城〜志布志駅前, 都城〜柴建, 都城〜県民健康プラザ〜鹿屋"
栄町,宮崎交通（株）,"西都城駅前バスセンター・栄町〜宮崎道〜宮崎空港・宮崎駅, 宮崎駅〜生目台・宮崎道〜西都城駅前バスセンター, イオンモール・都城駅〜大古川〜山田, イオンモール・都城駅〜かかしの里ゆぽっぽ〜山田, イオンモール〜都城駅〜安久温泉, イオンモール・ミエル〜都城駅・中郷中〜安久温泉, 西都城駅〜イオンモール〜菖蒲原, イオンモール・都城駅〜やまだ温泉〜山田, 西都城駅前バスセンター〜北原町・山之口〜上野上, 上野上〜イオンモール〜西都城駅前バスセンター, 久保原〜都原団地〜イオンモール, 都城ショッピングセンター〜イオンモール〜都原団地・久保原, イオン都城〜妻ヶ丘・都城駅〜川原谷, イオンモール〜都城駅〜川原谷, 久保原〜都原団地〜都城ショッピングセンター, 久保原・都原団地〜西都城駅・イオンモール〜菖蒲原, 菖蒲原〜イオンモール・西都城駅〜都原団地・久保原, 久保原〜西都城駅〜都城ショッピングセンター, イオンモール・都城駅〜（循環）一万城団地〜都城駅・イオンモール, イオンモール〜都城駅〜宮村学校下, イオンモール・都城駅〜広原〜三股駅, 小林駅〜イオンモール〜西都城駅前バスセンター・イオン都城"
栄町,（有）高崎観光バス,"炭床〜都城, ラスパ〜都城, 雀ヶ野〜中央"
栄町［都城市］,鹿児島交通（株）,都城駅〜都城高専前
都城,鹿児島交通（株）,"牧之原〜都城, 都城〜吉ケ谷公民館, 都城〜志布志駅前, 都城〜柴建, 都城〜県民健康プラザ〜鹿屋"
西大王町,宮崎交通（株）,"イオンモール・都城駅〜大古川〜山田, イオンモール・都城駅〜かかしの里ゆぽっぽ〜山田, イオンモール・都城駅〜やまだ温泉〜山田"
文化ホール,（有）高崎観光バス,"炭床〜都城, ラスパ〜都城, 霧島〜都城駅, 雀ヶ野〜中央"
小内海,宮崎交通（株）,"宮崎駅〜橘通・宮崎空港・鵜戸神宮〜飫肥, 宮崎駅〜橘通・宮崎空港・堀切峠トンネル〜鵜戸神宮〜飫肥"
JR三股駅前,宮崎交通（株）,"三股駅〜広原〜都城駅, イオンモール・都城駅〜広原〜三股駅"
蓑原入口,宮崎交通（株）,"久保原〜都原団地〜イオンモール, 都城ショッピングセンター〜イオンモール〜都原団地・久保原, 久保原〜都原団地〜都城ショッピングセンター, 久保原・都原団地〜西都城駅・イオンモール〜菖蒲原, 菖蒲原〜イオンモール・西都城駅〜都原団地・久保原"
早水,宮崎交通（株）,"西都城駅〜イオンモール〜菖蒲原, 久保原・都原団地〜西都城駅・イオンモール〜菖蒲原, 菖蒲原〜イオンモール・西都城駅〜都原団地・久保原"
東年見,宮崎交通（株）,"西都城駅〜イオンモール〜菖蒲原, 久保原・都原団地〜西都城駅・イオンモール〜菖蒲原, 菖蒲原〜イオンモール・西都城駅〜都原団地・久保原"
年見,宮崎交通（株）,"西都城駅〜イオンモール〜菖蒲原, 久保原・都原団地〜西都城駅・イオンモール〜菖蒲原, 菖蒲原〜イオンモール・西都城駅〜都原団地・久保原"
小松原,宮崎交通（株）,"小林駅〜北原町〜西都城駅前バスセンター, イオンモール・都城駅〜大古川〜山田, イオンモール・都城駅〜かかしの里ゆぽっぽ〜山田, イオンモール〜都城駅〜安久温泉, イオンモール・ミエル〜都城駅・中郷中〜安久温泉, 西都城駅〜イオンモール〜菖蒲原, イオンモール・都城駅〜やまだ温泉〜山田, 西都城駅前バスセンター〜北原町・山之口〜上野上, 上野上〜イオンモール〜西都城駅前バスセンター, 久保原〜都原団地〜イオンモール, 都城ショッピングセンター〜イオンモール〜都原団地・久保原, イオン都城〜妻ヶ丘・都城駅〜川原谷, イオンモール〜都城駅〜川原谷, 宮村学校下〜都城駅, 久保原〜都原団地〜都城ショッピングセンター, 久保原・都原団地〜西都城駅・イオンモール〜菖蒲原, 菖蒲原〜イオンモール・西都城駅〜都原団地・久保原, 久保原〜西都城駅〜都城ショッピングセンター, 都城駅〜（循環）一万城団地〜都城駅, イオンモール・都城駅〜（循環）一万城団地〜都城駅・イオンモール, 三股駅〜広原〜都城駅, イオンモール〜都城駅〜宮村学校下, イオン都城・西都城駅前バスセンター〜小林駅, イオンモール・都城駅〜広原〜三股駅, 小林駅〜イオンモール〜西都城駅前バスセンター・イオン都城"
小松原［都城市］,鹿児島交通（株）,"牧之原〜都城, 都城〜吉ケ谷公民館, 都城〜志布志駅前, 都城〜柴建, 都城〜県民健康プラザ〜鹿屋"
東北原町,宮崎交通（株）,"イオンモール・都城駅〜大古川〜山田, イオンモール・都城駅〜かかしの里ゆぽっぽ〜山田, イオンモール〜都城駅〜安久温泉, イオンモール・ミエル〜都城駅・中郷中〜安久温泉, 西都城駅〜イオンモール〜菖蒲原, イオンモール・都城駅〜やまだ温泉〜山田, 上野上〜イオンモール〜西都城駅前バスセンター, 久保原〜都原団地〜イオンモール, 都城ショッピングセンター〜イオンモール〜都原団地・久保原, イオン都城〜妻ヶ丘・都城駅〜川原谷, イオンモール〜都城駅〜川原谷, 久保原・都原団地〜西都城駅・イオンモール〜菖蒲原, 菖蒲原〜イオンモール・西都城駅〜都原団地・久保原, イオンモール・都城駅〜（循環）一万城団地〜都城駅・イオンモール, イオンモール〜都城駅〜宮村学校下, イオンモール・都城駅〜広原〜三股駅, 小林駅〜イオンモール〜西都城駅前バスセンター・イオン都城"
西高校前,宮崎交通（株）,"久保原〜都原団地〜イオンモール, 都城ショッピングセンター〜イオンモール〜都原団地・久保原, 久保原〜都原団地〜都城ショッピングセンター, 久保原・都原団地〜西都城駅・イオンモール〜菖蒲原, 菖蒲原〜イオンモール・西都城駅〜都原団地・久保原"
総合文化ホール前,宮崎交通（株）,イオン都城〜妻ヶ丘・都城駅〜川原谷
前田3丁目,宮崎交通（株）,"西都城駅前バスセンター・栄町〜宮崎道〜宮崎空港・宮崎駅, 宮崎駅〜生目台・宮崎道〜西都城駅前バスセンター, 小林駅〜北原町〜西都城駅前バスセンター, イオンモール・都城駅〜大古川〜山田, イオンモール・都城駅〜かかしの里ゆぽっぽ〜山田, イオンモール〜都城駅〜安久温泉, イオンモール・ミエル〜都城駅・中郷中〜安久温泉, 西都城駅〜イオンモール〜菖蒲原, イオンモール・都城駅〜やまだ温泉〜山田, 西都城駅前バスセンター〜北原町・山之口〜上野上, 上野上〜イオンモール〜西都城駅前バスセンター, 久保原〜都原団地〜イオンモール, 都城ショッピングセンター〜イオンモール〜都原団地・久保原, イオン都城〜妻ヶ丘・都城駅〜川原谷, イオンモール〜都城駅〜川原谷, 宮村学校下〜都城駅, 久保原〜都原団地〜都城ショッピングセンター, 久保原・都原団地〜西都城駅・イオンモール〜菖蒲原, 菖蒲原〜イオンモール・西都城駅〜都原団地・久保原, 久保原〜西都城駅〜都城ショッピングセンター, 都城駅〜（循環）一万城団地〜都城駅, イオンモール・都城駅〜（循環）一万城団地〜都城駅・イオンモール, 宮崎駅・宮崎空港〜宮崎道〜西都城駅前バスセンター, 三股駅〜広原〜都城駅, イオンモール〜都城駅〜宮村学校下, イオン都城・西都城駅前バスセンター〜小林駅, イオンモール・都城駅〜広原〜三股駅, 小林駅〜イオンモール〜西都城駅前バスセンター・イオン都城"
平田橋,宮崎交通（株）,西都城駅〜宮丸町〜都原団地
前田町三丁目,鹿児島交通（株）,"牧之原〜都城, 都城〜吉ケ谷公民館, 都城〜志布志駅前, 都城〜柴建, 都城〜県民健康プラザ〜鹿屋"
立野町,宮崎交通（株）,"西都城駅〜イオンモール〜菖蒲原, 久保原・都原団地〜西都城駅・イオンモール〜菖蒲原, 菖蒲原〜イオンモール・西都城駅〜都原団地・久保原"
東原,宮崎交通（株）,"三股駅〜広原〜都城駅, イオンモール・都城駅〜広原〜三股駅"
生協団地前,宮崎交通（株）,"久保原〜都原団地〜イオンモール, 都城ショッピングセンター〜イオンモール〜都原団地・久保原, 久保原〜都原団地〜都城ショッピングセンター, 久保原・都原団地〜西都城駅・イオンモール〜菖蒲原, 菖蒲原〜イオンモール・西都城駅〜都原団地・久保原"
泉ヶ丘高校,（有）高崎観光バス,"炭床〜都城, ラスパ〜都城, 霧島〜都城駅, 雀ヶ野〜中央"
高校前,宮崎交通（株）,"都城駅〜泉ヶ丘高校前〜都城商業高校前, イオン都城〜妻ヶ丘・都城駅〜川原谷"
中簑原,（有）高崎観光バス,霧島〜都城駅
洋香園,宮崎交通（株）,"宮崎駅〜橘通・宮崎空港・鵜戸神宮〜飫肥, 宮崎駅〜橘通・宮崎空港・堀切峠トンネル〜鵜戸神宮〜飫肥"
中蓑原,宮崎交通（株）,"久保原〜都原団地〜イオンモール, 都城ショッピングセンター〜イオンモール〜都原団地・久保原, 久保原〜都原団地〜都城ショッピングセンター, 久保原・都原団地〜西都城駅・イオンモール〜菖蒲原, 菖蒲原〜イオンモール・西都城駅〜都原団地・久保原"
菖蒲原,宮崎交通（株）,"西都城駅〜イオンモール〜菖蒲原, 久保原・都原団地〜西都城駅・イオンモール〜菖蒲原, 菖蒲原〜イオンモール・西都城駅〜都原団地・久保原"
大王町,宮崎交通（株）,"イオンモール・都城駅〜大古川〜山田, イオンモール・都城駅〜かかしの里ゆぽっぽ〜山田, イオンモール・都城駅〜やまだ温泉〜山田"
五本松団地,宮崎交通（株）,"三股駅〜広原〜都城駅, イオンモール・都城駅〜広原〜三股駅"
前田町二丁目,鹿児島交通（株）,"牧之原〜都城, 都城〜吉ケ谷公民館, 都城〜志布志駅前, 都城〜柴建, 都城〜県民健康プラザ〜鹿屋"
前田2丁目,宮崎交通（株）,"小林駅〜北原町〜西都城駅前バスセンター, イオンモール・都城駅〜大古川〜山田, イオンモール・都城駅〜かかしの里ゆぽっぽ〜山田, イオンモール〜都城駅〜安久温泉, イオンモール・ミエル〜都城駅・中郷中〜安久温泉, 西都城駅〜イオンモール〜菖蒲原, イオンモール・都城駅〜やまだ温泉〜山田, 西都城駅前バスセンター〜北原町・山之口〜上野上, 上野上〜イオンモール〜西都城駅前バスセンター, 久保原〜都原団地〜イオンモール, 都城ショッピングセンター〜イオンモール〜都原団地・久保原, イオン都城〜妻ヶ丘・都城駅〜川原谷, イオンモール〜都城駅〜川原谷, 宮村学校下〜都城駅, 久保原〜都原団地〜都城ショッピングセンター, 久保原・都原団地〜西都城駅・イオンモール〜菖蒲原, 菖蒲原〜イオンモール・西都城駅〜都原団地・久保原, 久保原〜西都城駅〜都城ショッピングセンター, 都城駅〜（循環）一万城団地〜都城駅, イオンモール・都城駅〜（循環）一万城団地〜都城駅・イオンモール, 三股駅〜広原〜都城駅, イオンモール〜都城駅〜宮村学校下, イオン都城・西都城駅前バスセンター〜小林駅, イオンモール・都城駅〜広原〜三股駅, 小林駅〜イオンモール〜西都城駅前バスセンター・イオン都城"
消防本部前,宮崎交通（株）,"西都城駅〜イオンモール〜菖蒲原, 久保原・都原団地〜西都城駅・イオンモール〜菖蒲原, 菖蒲原〜イオンモール・西都城駅〜都原団地・久保原"
東菖蒲原,宮崎交通（株）,"西都城駅〜イオンモール〜菖蒲原, 久保原・都原団地〜西都城駅・イオンモール〜菖蒲原, 菖蒲原〜イオンモール・西都城駅〜都原団地・久保原"
西宮丸町,宮崎交通（株）,西都城駅〜宮丸町〜都原団地
球場前,宮崎交通（株）,"西都城駅〜イオンモール〜菖蒲原, 久保原・都原団地〜西都城駅・イオンモール〜菖蒲原, 菖蒲原〜イオンモール・西都城駅〜都原団地・久保原"
中菖蒲原,宮崎交通（株）,"西都城駅〜イオンモール〜菖蒲原, 久保原・都原団地〜西都城駅・イオンモール〜菖蒲原, 菖蒲原〜イオンモール・西都城駅〜都原団地・久保原"
上植木,宮崎交通（株）,"三股駅〜広原〜都城駅, イオンモール・都城駅〜広原〜三股駅"
北広原,宮崎交通（株）,"西都城駅〜イオンモール〜菖蒲原, 久保原・都原団地〜西都城駅・イオンモール〜菖蒲原, 菖蒲原〜イオンモール・西都城駅〜都原団地・久保原"
南菖蒲原,宮崎交通（株）,"西都城駅〜イオンモール〜菖蒲原, 久保原・都原団地〜西都城駅・イオンモール〜菖蒲原, 菖蒲原〜イオンモール・西都城駅〜都原団地・久保原"
中央通6丁目,宮崎交通（株）,"小林駅〜北原町〜西都城駅前バスセンター, イオンモール・都城駅〜大古川〜山田, イオンモール・都城駅〜かかしの里ゆぽっぽ〜山田, イオンモール〜都城駅〜安久温泉, イオンモール・ミエル〜都城駅・中郷中〜安久温泉, 西都城駅〜イオンモール〜菖蒲原, イオンモール・都城駅〜やまだ温泉〜山田, 西都城駅前バスセンター〜北原町・山之口〜上野上, 上野上〜イオンモール〜西都城駅前バスセンター, 久保原〜都原団地〜イオンモール, 都城ショッピングセンター〜イオンモール〜都原団地・久保原, イオン都城〜妻ヶ丘・都城駅〜川原谷, イオンモール〜都城駅〜川原谷, 宮村学校下〜都城駅, 久保原〜都原団地〜都城ショッピングセンター, 久保原・都原団地〜西都城駅・イオンモール〜菖蒲原, 菖蒲原〜イオンモール・西都城駅〜都原団地・久保原, 久保原〜西都城駅〜都城ショッピングセンター, 都城駅〜（循環）一万城団地〜都城駅, イオンモール・都城駅〜（循環）一万城団地〜都城駅・イオンモール, 三股駅〜広原〜都城駅, イオンモール〜都城駅〜宮村学校下, イオン都城・西都城駅前バスセンター〜小林駅, イオンモール・都城駅〜広原〜三股駅, 小林駅〜イオンモール〜西都城駅前バスセンター・イオン都城"
中央通6丁目,（有）高崎観光バス,"霧島〜都城駅, 雀ヶ野〜中央"
都城運転免許センター前,宮崎交通（株）,"三股駅〜広原〜都城駅, イオンモール・都城駅〜広原〜三股駅"
妻ヶ丘,宮崎交通（株）,イオン都城〜妻ヶ丘・都城駅〜川原谷
南九州大学前,宮崎交通（株）,"三股駅〜広原〜都城駅, イオンモール・都城駅〜広原〜三股駅"
東高校前,宮崎交通（株）,"三股駅〜広原〜都城駅, イオンモール・都城駅〜広原〜三股駅"
植木,宮崎交通（株）,"三股駅〜広原〜都城駅, イオンモール・都城駅〜広原〜三股駅"
内堀住宅前,宮崎交通（株）,"久保原〜都原団地〜イオンモール, 都城ショッピングセンター〜イオンモール〜都原団地・久保原, 久保原〜都原団地〜都城ショッピングセンター, 久保原・都原団地〜西都城駅・イオンモール〜菖蒲原, 菖蒲原〜イオンモール・西都城駅〜都原団地・久保原"
宮丸町,宮崎交通（株）,"イオンモール・都城駅〜大古川〜山田, イオンモール・都城駅〜かかしの里ゆぽっぽ〜山田, イオンモール・都城駅〜やまだ温泉〜山田, 西都城駅〜宮丸町〜都原団地"
広原,宮崎交通（株）,"三股駅〜広原〜都城駅, イオンモール・都城駅〜広原〜三股駅"
簑原町,（有）高崎観光バス,霧島〜都城駅
蓑原,宮崎交通（株）,久保原〜西都城駅〜都城ショッピングセンター
木材技術センター前,宮崎交通（株）,"三股駅〜広原〜都城駅, イオンモール・都城駅〜広原〜三股駅"
花繰町,宮崎交通（株）,"三股駅〜広原〜都城駅, イオンモール・都城駅〜広原〜三股駅"
市立図書館前,宮崎交通（株）,"西都城駅前バスセンター・栄町〜宮崎道〜宮崎空港・宮崎駅, 宮崎駅〜生目台・宮崎道〜西都城駅前バスセンター, 小林駅〜北原町〜西都城駅前バスセンター, イオンモール・都城駅〜大古川〜山田, イオンモール・都城駅〜かかしの里ゆぽっぽ〜山田, イオンモール〜都城駅〜安久温泉, イオンモール・ミエル〜都城駅・中郷中〜安久温泉, 西都城駅〜イオンモール〜菖蒲原, イオンモール・都城駅〜やまだ温泉〜山田, 西都城駅前バスセンター〜北原町・山之口〜上野上, 上野上〜イオンモール〜西都城駅前バスセンター, 久保原〜都原団地〜イオンモール, 都城ショッピングセンター〜イオンモール〜都原団地・久保原, イオン都城〜妻ヶ丘・都城駅〜川原谷, イオンモール〜都城駅〜川原谷, 宮村学校下〜都城駅, 久保原〜都原団地〜都城ショッピングセンター, 久保原・都原団地〜西都城駅・イオンモール〜菖蒲原, 菖蒲原〜イオンモール・西都城駅〜都原団地・久保原, 久保原〜西都城駅〜都城ショッピングセンター, 都城駅〜（循環）一万城団地〜都城駅, イオンモール・都城駅〜（循環）一万城団地〜都城駅・イオンモール, 宮崎駅・宮崎空港〜宮崎道〜西都城駅前バスセンター, 三股駅〜広原〜都城駅, イオンモール〜都城駅〜宮村学校下, イオン都城・西都城駅前バスセンター〜小林駅, イオンモール・都城駅〜広原〜三股駅, 小林駅〜イオンモール〜西都城駅前バスセンター・イオン都城"
中央通り［都城市］,鹿児島交通（株）,"牧之原〜都城, 都城〜吉ケ谷公民館, 都城〜志布志駅前, 都城〜柴建, 都城〜県民健康プラザ〜鹿屋"
中央待合所,（有）高崎観光バス,"霧島〜都城駅, 雀ヶ野〜中央"
三州病院前,宮崎交通（株）,"三股駅〜広原〜都城駅, イオンモール・都城駅〜広原〜三股駅"
ウエルネス交流,（有）高崎観光バス,"炭床〜都城, ラスパ〜都城"
東小前,宮崎交通（株）,イオン都城〜妻ヶ丘・都城駅〜川原谷
中央通3丁目,宮崎交通（株）,"西都城駅前バスセンター・栄町〜宮崎道〜宮崎空港・宮崎駅, 宮崎駅〜生目台・宮崎道〜西都城駅前バスセンター, 小林駅〜北原町〜西都城駅前バスセンター, イオンモール・都城駅〜大古川〜山田, イオンモール・都城駅〜かかしの里ゆぽっぽ〜山田, イオンモール〜都城駅〜安久温泉, イオンモール・ミエル〜都城駅・中郷中〜安久温泉, 西都城駅〜イオンモール〜菖蒲原, イオンモール・都城駅〜やまだ温泉〜山田, 西都城駅前バスセンター〜北原町・山之口〜上野上, 上野上〜イオンモール〜西都城駅前バスセンター, 久保原〜都原団地〜イオンモール, 都城ショッピングセンター〜イオンモール〜都原団地・久保原, イオン都城〜妻ヶ丘・都城駅〜川原谷, イオンモール〜都城駅〜川原谷, 宮村学校下〜都城駅, 久保原〜都原団地〜都城ショッピングセンター, 久保原・都原団地〜西都城駅・イオンモール〜菖蒲原, 菖蒲原〜イオンモール・西都城駅〜都原団地・久保原, 久保原〜西都城駅〜都城ショッピングセンター, 都城駅〜（循環）一万城団地〜都城駅, イオンモール・都城駅〜（循環）一万城団地〜都城駅・イオンモール, 宮崎駅・宮崎空港〜宮崎道〜西都城駅前バスセンター, 三股駅〜広原〜都城駅, イオンモール〜都城駅〜宮村学校下, イオン都城・西都城駅前バスセンター〜小林駅, イオンモール・都城駅〜広原〜三股駅, 小林駅〜イオンモール〜西都城駅前バスセンター・イオン都城"
中央通3丁目,（有）高崎観光バス,霧島〜都城駅
久保原,宮崎交通（株）,"久保原〜都原団地〜イオンモール, 都城ショッピングセンター〜イオンモール〜都原団地・久保原, 久保原〜都原団地〜都城ショッピングセンター, 久保原・都原団地〜西都城駅・イオンモール〜菖蒲原, 菖蒲原〜イオンモール・西都城駅〜都原団地・久保原, 久保原〜西都城駅〜都城ショッピングセンター"
自衛隊前,宮崎交通（株）,"久保原〜都原団地〜イオンモール, 都城ショッピングセンター〜イオンモール〜都原団地・久保原, 久保原〜都原団地〜都城ショッピングセンター, 久保原・都原団地〜西都城駅・イオンモール〜菖蒲原, 菖蒲原〜イオンモール・西都城駅〜都原団地・久保原, 久保原〜西都城駅〜都城ショッピングセンター"
自衛隊前,（有）高崎観光バス,霧島〜都城駅
黒荷田,日南市,大戸野線
西都城,鹿児島交通（株）,"都城〜吉ケ谷公民館, 都城〜志布志駅前, 都城〜柴建"
西都城駅,宮崎交通（株）,"小林駅〜北原町〜西都城駅前バスセンター, イオンモール・都城駅〜大古川〜山田, イオンモール・都城駅〜かかしの里ゆぽっぽ〜山田, 西都城駅〜イオンモール〜菖蒲原, イオンモール・都城駅〜やまだ温泉〜山田, 久保原〜都原団地〜イオンモール, 都城ショッピングセンター〜イオンモール〜都原団地・久保原, 西都城駅〜宮丸町〜都原団地, 久保原〜都原団地〜都城ショッピングセンター, 久保原・都原団地〜西都城駅・イオンモール〜菖蒲原, 菖蒲原〜イオンモール・西都城駅〜都原団地・久保原, 久保原〜西都城駅〜都城ショッピングセンター, 西都城駅前バスセンター〜藤元総合病院〜イオン都城, イオン都城・西都城駅前バスセンター〜小林駅, 小林駅〜イオンモール〜西都城駅前バスセンター・イオン都城"
福祉センター入口,宮崎交通（株）,"小林駅〜北原町〜西都城駅前バスセンター, イオンモール・都城駅〜大古川〜山田, イオンモール・都城駅〜かかしの里ゆぽっぽ〜山田, 西都城駅〜イオンモール〜菖蒲原, イオンモール・都城駅〜やまだ温泉〜山田, 西都城駅前バスセンター〜北原町・山之口〜上野上, 上野上〜イオンモール〜西都城駅前バスセンター, 久保原〜都原団地〜イオンモール, 都城ショッピングセンター〜イオンモール〜都原団地・久保原, 久保原〜都原団地〜都城ショッピングセンター, 久保原・都原団地〜西都城駅・イオンモール〜菖蒲原, 菖蒲原〜イオンモール・西都城駅〜都原団地・久保原, 久保原〜西都城駅〜都城ショッピングセンター, イオン都城・西都城駅前バスセンター〜小林駅, 小林駅〜イオンモール〜西都城駅前バスセンター・イオン都城"
西都城駅前,高原町,地域間幹線バス
広口,宮崎交通（株）,"西都城駅前バスセンター・栄町〜宮崎道〜宮崎空港・宮崎駅, 小林駅〜北原町〜西都城駅前バスセンター, イオンモール・都城駅〜大古川〜山田, イオンモール・都城駅〜かかしの里ゆぽっぽ〜山田, イオンモール〜都城駅〜安久温泉, イオンモール・ミエル〜都城駅・中郷中〜安久温泉, 西都城駅〜イオンモール〜菖蒲原, イオンモール・都城駅〜やまだ温泉〜山田, 西都城駅前バスセンター〜北原町・山之口〜上野上, 久保原〜都原団地〜イオンモール, イオン都城〜妻ヶ丘・都城駅〜川原谷, イオンモール〜都城駅〜川原谷, 宮村学校下〜都城駅, 久保原〜都原団地〜都城ショッピングセンター, 久保原・都原団地〜西都城駅・イオンモール〜菖蒲原, 久保原〜西都城駅〜都城ショッピングセンター, 都城駅〜（循環）一万城団地〜都城駅, イオンモール・都城駅〜（循環）一万城団地〜都城駅・イオンモール, 宮崎駅・宮崎空港〜宮崎道〜西都城駅前バスセンター, 三股駅〜広原〜都城駅, イオンモール〜都城駅〜宮村学校下, イオン都城・西都城駅前バスセンター〜小林駅, イオンモール・都城駅〜広原〜三股駅, 小林駅〜イオンモール〜西都城駅前バスセンター・イオン都城"
広口,（有）高崎観光バス,霧島〜都城駅
広口,鹿児島交通（株）,"牧之原〜都城, 都城〜県民健康プラザ〜鹿屋"
若葉町,宮崎交通（株）,"宮村学校下〜都城駅, 都城駅〜（循環）一万城団地〜都城駅, イオンモール・都城駅〜（循環）一万城団地〜都城駅・イオンモール, イオンモール〜都城駅〜宮村学校下"
公園前,宮崎交通（株）,"宮村学校下〜都城駅, 都城駅〜（循環）一万城団地〜都城駅, イオンモール・都城駅〜（循環）一万城団地〜都城駅・イオンモール, イオンモール〜都城駅〜宮村学校下"
五文字,宮崎交通（株）,"宮村学校下〜都城駅, 都城駅〜（循環）一万城団地〜都城駅, イオンモール・都城駅〜（循環）一万城団地〜都城駅・イオンモール, イオンモール〜都城駅〜宮村学校下"
商業高校前,宮崎交通（株）,"都城駅〜泉ヶ丘高校前〜都城商業高校前, 宮村学校下〜都城駅, 都城駅〜（循環）一万城団地〜都城駅, イオンモール・都城駅〜（循環）一万城団地〜都城駅・イオンモール, イオンモール〜都城駅〜宮村学校下"
西広口,宮崎交通（株）,"宮崎駅〜生目台・宮崎道〜西都城駅前バスセンター, 小林駅〜北原町〜西都城駅前バスセンター, イオンモール・都城駅〜大古川〜山田, イオンモール・都城駅〜かかしの里ゆぽっぽ〜山田, イオンモール・都城駅〜やまだ温泉〜山田, 上野上〜イオンモール〜西都城駅前バスセンター, 久保原〜都原団地〜イオンモール, 都城ショッピングセンター〜イオンモール〜都原団地・久保原, 久保原〜都原団地〜都城ショッピングセンター, 菖蒲原〜イオンモール・西都城駅〜都原団地・久保原, 久保原〜西都城駅〜都城ショッピングセンター, 宮崎駅・宮崎空港〜宮崎道〜西都城駅前バスセンター, イオン都城・西都城駅前バスセンター〜小林駅, 小林駅〜イオンモール〜西都城駅前バスセンター・イオン都城"
西広口,鹿児島交通（株）,"都城〜吉ケ谷公民館, 都城〜志布志駅前, 都城〜柴建"
鷹尾3丁目,宮崎交通（株）,"久保原〜都原団地〜イオンモール, 都城ショッピングセンター〜イオンモール〜都原団地・久保原, 久保原〜都原団地〜都城ショッピングセンター, 久保原・都原団地〜西都城駅・イオンモール〜菖蒲原, 菖蒲原〜イオンモール・西都城駅〜都原団地・久保原, 久保原〜西都城駅〜都城ショッピングセンター"
鷹尾3丁目,（有）高崎観光バス,霧島〜都城駅
宮田眼科,（有）高崎観光バス,"炭床〜都城, ラスパ〜都城"
警察署前,宮崎交通（株）,"宮村学校下〜都城駅, 都城駅〜（循環）一万城団地〜都城駅, イオンモール・都城駅〜（循環）一万城団地〜都城駅・イオンモール, 三股駅〜広原〜都城駅, イオンモール〜都城駅〜宮村学校下, イオンモール・都城駅〜広原〜三股駅"
西都城駅前バスセンター,宮崎交通（株）,"西都城駅前バスセンター・栄町〜宮崎道〜宮崎空港・宮崎駅, 宮崎駅〜生目台・宮崎道〜西都城駅前バスセンター, 小林駅〜北原町〜西都城駅前バスセンター, 西都城駅前バスセンター〜北原町・山之口〜上野上, 上野上〜イオンモール〜西都城駅前バスセンター, 宮崎駅・宮崎空港〜宮崎道〜西都城駅前バスセンター, 西都城駅前バスセンター〜藤元総合病院〜イオン都城, イオン都城・西都城駅前バスセンター〜小林駅, 小林駅〜イオンモール〜西都城駅前バスセンター・イオン都城"
まつもと心臓血管外科,宮崎交通（株）,"宮村学校下〜都城駅, 都城駅〜（循環）一万城団地〜都城駅, イオンモール・都城駅〜（循環）一万城団地〜都城駅・イオンモール, 三股駅〜広原〜都城駅, イオンモール〜都城駅〜宮村学校下, イオンモール・都城駅〜広原〜三股駅"
八幡町,宮崎交通（株）,"久保原〜都原団地〜イオンモール, 都城ショッピングセンター〜イオンモール〜都原団地・久保原, 久保原〜都原団地〜都城ショッピングセンター, 久保原・都原団地〜西都城駅・イオンモール〜菖蒲原, 菖蒲原〜イオンモール・西都城駅〜都原団地・久保原, 久保原〜西都城駅〜都城ショッピングセンター"
狐塚,鹿児島交通（株）,"都城〜吉ケ谷公民館, 都城〜柴建"
福祉センター前,宮崎交通（株）,"西都城駅前バスセンター〜藤元総合病院〜イオン都城, イオン都城・西都城駅前バスセンター〜小林駅, 小林駅〜イオンモール〜西都城駅前バスセンター・イオン都城"
早鈴入口,宮崎交通（株）,"宮村学校下〜都城駅, 都城駅〜（循環）一万城団地〜都城駅, イオンモール・都城駅〜（循環）一万城団地〜都城駅・イオンモール, 三股駅〜広原〜都城駅, イオンモール〜都城駅〜宮村学校下, イオンモール・都城駅〜広原〜三股駅"
上五文字,宮崎交通（株）,"都城駅〜（循環）一万城団地〜都城駅, イオンモール・都城駅〜（循環）一万城団地〜都城駅・イオンモール"
鷹尾2丁目,宮崎交通（株）,"久保原〜都原団地〜イオンモール, 都城ショッピングセンター〜イオンモール〜都原団地・久保原, 久保原〜都原団地〜都城ショッピングセンター, 久保原・都原団地〜西都城駅・イオンモール〜菖蒲原, 菖蒲原〜イオンモール・西都城駅〜都原団地・久保原, 久保原〜西都城駅〜都城ショッピングセンター"
鷹尾2丁目,（有）高崎観光バス,霧島〜都城駅
八幡町入口,鹿児島交通（株）,"都城〜吉ケ谷公民館, 都城〜柴建"
市役所前［都城市］,鹿児島交通（株）,"牧之原〜都城, 都城〜志布志駅前, 都城〜県民健康プラザ〜鹿屋"
一万城北団地,宮崎交通（株）,"都城駅〜（循環）一万城団地〜都城駅, イオンモール・都城駅〜（循環）一万城団地〜都城駅・イオンモール"
出口団地前,宮崎交通（株）,"宮村学校下〜都城駅, イオンモール〜都城駅〜宮村学校下"
狐塚入口,鹿児島交通（株）,"都城〜吉ケ谷公民館, 都城〜柴建"
都城市役所前,高原町,地域間幹線バス
市役所前,宮崎交通（株）,"イオンモール〜都城駅〜安久温泉, イオンモール・ミエル〜都城駅・中郷中〜安久温泉, イオン都城〜妻ヶ丘・都城駅〜川原谷, イオンモール〜都城駅〜川原谷, 西都城駅前バスセンター〜藤元総合病院〜イオン都城, イオン都城・西都城駅前バスセンター〜小林駅, 小林駅〜イオンモール〜西都城駅前バスセンター・イオン都城"
都城市役所,（有）高崎観光バス,"炭床〜都城, ラスパ〜都城, 霧島〜都城駅"
鷹尾局前,鹿児島交通（株）,"都城〜吉ケ谷公民館, 都城〜柴建"
西町,宮崎交通（株）,"久保原〜都原団地〜イオンモール, 都城ショッピングセンター〜イオンモール〜都原団地・久保原, 久保原〜都原団地〜都城ショッピングセンター, 久保原・都原団地〜西都城駅・イオンモール〜菖蒲原, 菖蒲原〜イオンモール・西都城駅〜都原団地・久保原, 久保原〜西都城駅〜都城ショッピングセンター"
西町,（有）高崎観光バス,霧島〜都城駅
鷹尾1丁目,宮崎交通（株）,"久保原〜都原団地〜イオンモール, 都城ショッピングセンター〜イオンモール〜都原団地・久保原, 久保原〜都原団地〜都城ショッピングセンター, 久保原・都原団地〜西都城駅・イオンモール〜菖蒲原, 菖蒲原〜イオンモール・西都城駅〜都原団地・久保原, 久保原〜西都城駅〜都城ショッピングセンター"
鷹尾1丁目,（有）高崎観光バス,霧島〜都城駅
団地入口,宮崎交通（株）,"都城駅〜（循環）一万城団地〜都城駅, イオンモール・都城駅〜（循環）一万城団地〜都城駅・イオンモール"
狐塚三文字,鹿児島交通（株）,"都城〜吉ケ谷公民館, 都城〜柴建"
上早鈴,宮崎交通（株）,"西都城駅前バスセンター〜藤元総合病院〜イオン都城, イオン都城・西都城駅前バスセンター〜小林駅, 小林駅〜イオンモール〜西都城駅前バスセンター・イオン都城"
五十市駅前,鹿児島交通（株）,"都城〜吉ケ谷公民館, 都城〜柴建"
岳下橋,鹿児島交通（株）,"都城〜吉ケ谷公民館, 都城〜柴建"
岳の下,宮崎交通（株）,"久保原〜都原団地〜イオンモール, 都城ショッピングセンター〜イオンモール〜都原団地・久保原, 久保原〜都原団地〜都城ショッピングセンター, 久保原・都原団地〜西都城駅・イオンモール〜菖蒲原, 菖蒲原〜イオンモール・西都城駅〜都原団地・久保原, 久保原〜西都城駅〜都城ショッピングセンター"
岳の下,（有）高崎観光バス,霧島〜都城駅
市立美術館前,宮崎交通（株）,"西都城駅前バスセンター〜藤元総合病院〜イオン都城, イオン都城・西都城駅前バスセンター〜小林駅, 小林駅〜イオンモール〜西都城駅前バスセンター・イオン都城"
島津邸入口,宮崎交通（株）,"西都城駅前バスセンター〜藤元総合病院〜イオン都城, イオン都城・西都城駅前バスセンター〜小林駅, 小林駅〜イオンモール〜西都城駅前バスセンター・イオン都城"
鴬巣,宮崎交通（株）,"宮崎駅〜橘通・宮崎空港・鵜戸神宮〜飫肥, 宮崎駅〜橘通・宮崎空港・堀切峠トンネル〜鵜戸神宮〜飫肥"
猪八重,日南市,広河原・猪八重線
藤元総合病院前,宮崎交通（株）,"西都城駅前バスセンター〜藤元総合病院〜イオン都城, イオン都城・西都城駅前バスセンター〜小林駅, 小林駅〜イオンモール〜西都城駅前バスセンター・イオン都城"
藤元病院,（有）高崎観光バス,"炭床〜都城, ラスパ〜都城"
中学校前［五十市中］,鹿児島交通（株）,"都城〜吉ケ谷公民館, 都城〜柴建"
上長飯児童公園入口,宮崎交通（株）,"宮村学校下〜都城駅, イオンモール〜都城駅〜宮村学校下"
甲斐元,鹿児島交通（株）,"牧之原〜都城, 都城〜志布志駅前, 都城〜県民健康プラザ〜鹿屋"
南鷹尾,鹿児島交通（株）,"都城〜吉ケ谷公民館, 都城〜柴建"
早鈴町,宮崎交通（株）,"イオン都城〜妻ヶ丘・都城駅〜川原谷, 西都城駅前バスセンター〜藤元総合病院〜イオン都城, イオン都城・西都城駅前バスセンター〜小林駅, 小林駅〜イオンモール〜西都城駅前バスセンター・イオン都城"
小鷹,宮崎交通（株）,"都城駅〜（循環）一万城団地〜都城駅, イオンモール・都城駅〜（循環）一万城団地〜都城駅・イオンモール"
甲斐元町,宮崎交通（株）,"イオンモール〜都城駅〜安久温泉, イオンモール・ミエル〜都城駅・中郷中〜安久温泉, イオン都城〜妻ヶ丘・都城駅〜川原谷, イオンモール〜都城駅〜川原谷"
一万城南団地,宮崎交通（株）,"都城駅〜（循環）一万城団地〜都城駅, イオンモール・都城駅〜（循環）一万城団地〜都城駅・イオンモール"
小鷹神社前,宮崎交通（株）,"都城駅〜（循環）一万城団地〜都城駅, イオンモール・都城駅〜（循環）一万城団地〜都城駅・イオンモール"
東甲斐元町,宮崎交通（株）,"イオンモール〜都城駅〜安久温泉, イオンモール・ミエル〜都城駅・中郷中〜安久温泉, イオン都城〜妻ヶ丘・都城駅〜川原谷, イオンモール〜都城駅〜川原谷"
上長飯,宮崎交通（株）,"宮村学校下〜都城駅, イオンモール〜都城駅〜宮村学校下"
東上長飯,宮崎交通（株）,"都城駅〜（循環）一万城団地〜都城駅, イオンモール・都城駅〜（循環）一万城団地〜都城駅・イオンモール"
東甲斐元,鹿児島交通（株）,"牧之原〜都城, 都城〜志布志駅前, 都城〜県民健康プラザ〜鹿屋"
イオン都城,宮崎交通（株）,"イオン都城〜妻ヶ丘・都城駅〜川原谷, 西都城駅前バスセンター〜藤元総合病院〜イオン都城, イオン都城・西都城駅前バスセンター〜小林駅, 小林駅〜イオンモール〜西都城駅前バスセンター・イオン都城"
イオン都城,高原町,地域間幹線バス
曽和田入口,日南市,大戸野線
坂元,宮崎交通（株）,"宮村学校下〜都城駅, イオンモール〜都城駅〜宮村学校下"
伊比井,宮崎交通（株）,"宮崎駅〜橘通・宮崎空港・鵜戸神宮〜飫肥, 飫肥〜伊比井, 宮崎駅〜橘通・宮崎空港・堀切峠トンネル〜鵜戸神宮〜飫肥, 日南振徳高校〜飫肥駅〜伊比井"
木ノ前橋,宮崎交通（株）,"イオンモール〜都城駅〜安久温泉, イオンモール・ミエル〜都城駅・中郷中〜安久温泉, イオン都城〜妻ヶ丘・都城駅〜川原谷, イオンモール〜都城駅〜川原谷"
大岩田,鹿児島交通（株）,"牧之原〜都城, 都城〜志布志駅前, 都城〜県民健康プラザ〜鹿屋"
河原谷入口,日南市,大戸野線
寺山,日南市,広河原・猪八重線
都島,鹿児島交通（株）,牧之原〜都城
木ノ前公園入口,宮崎交通（株）,"イオンモール〜都城駅〜安久温泉, イオンモール・ミエル〜都城駅・中郷中〜安久温泉, イオン都城〜妻ヶ丘・都城駅〜川原谷, イオンモール〜都城駅〜川原谷"
宮村学校下,宮崎交通（株）,"宮村学校下〜都城駅, イオンモール〜都城駅〜宮村学校下"
谷合,日南市,大戸野線
永田病院,鹿児島交通（株）,牧之原〜都城
仁田宇治,宮崎交通（株）,"宮村学校下〜都城駅, イオンモール〜都城駅〜宮村学校下"
宮村入口,宮崎交通（株）,"宮村学校下〜都城駅, イオンモール〜都城駅〜宮村学校下"
油田,鹿児島交通（株）,牧之原〜都城
小鷺巣,宮崎交通（株）,"宮村学校下〜都城駅, イオンモール〜都城駅〜宮村学校下"
一里塚,鹿児島交通（株）,牧之原〜都城
上大岩田,鹿児島交通（株）,"都城〜志布志駅前, 都城〜県民健康プラザ〜鹿屋"
下牟田,宮崎交通（株）,"イオンモール〜都城駅〜安久温泉, イオンモール・ミエル〜都城駅・中郷中〜安久温泉"
寺園,宮崎交通（株）,"イオン都城〜妻ヶ丘・都城駅〜川原谷, イオンモール〜都城駅〜川原谷"
宿野,日南市,大戸野線
豊満入口,宮崎交通（株）,"宮村学校下〜都城駅, イオンモール〜都城駅〜宮村学校下"
年見公民館,日南市,広河原・猪八重線
ホテル日南北郷リゾート,日南市,広河原・猪八重線
平長谷,鹿児島交通（株）,牧之原〜都城
東下牟田,宮崎交通（株）,"イオンモール〜都城駅〜安久温泉, イオンモール・ミエル〜都城駅・中郷中〜安久温泉"
潮の杜,宮崎交通（株）,"飫肥〜伊比井, 日南振徳高校〜飫肥駅〜伊比井"
下宿野,日南市,大戸野線
西豊満,宮崎交通（株）,"宮村学校下〜都城駅, イオンモール〜都城駅〜宮村学校下"
大谷入口,宮崎交通（株）,"宮村学校下〜都城駅, イオンモール〜都城駅〜宮村学校下"
広河原,日南市,広河原・猪八重線
豊栄クリニック前,宮崎交通（株）,"イオンモール〜都城駅〜安久温泉, イオンモール・ミエル〜都城駅・中郷中〜安久温泉"
瀬ノ口,鹿児島交通（株）,"都城〜志布志駅前, 都城〜県民健康プラザ〜鹿屋"
聖ドミニコ学園,宮崎交通（株）,"イオン都城〜妻ヶ丘・都城駅〜川原谷, イオンモール〜都城駅〜川原谷"
牧野,日南市,大戸野線
藤田口,宮崎交通（株）,"イオンモール〜都城駅〜安久温泉, イオンモール・ミエル〜都城駅・中郷中〜安久温泉"
豊満,宮崎交通（株）,"宮村学校下〜都城駅, イオンモール〜都城駅〜宮村学校下"
富土,宮崎交通（株）,"宮崎駅〜橘通・宮崎空港・鵜戸神宮〜飫肥, 飫肥〜伊比井, 宮崎駅〜橘通・宮崎空港・堀切峠トンネル〜鵜戸神宮〜飫肥, 日南振徳高校〜飫肥駅〜伊比井"
藤田住宅,宮崎交通（株）,"イオンモール〜都城駅〜安久温泉, イオンモール・ミエル〜都城駅・中郷中〜安久温泉"
横の原,宮崎交通（株）,"イオン都城〜妻ヶ丘・都城駅〜川原谷, イオンモール〜都城駅〜川原谷"
下今町,鹿児島交通（株）,"都城〜志布志駅前, 都城〜県民健康プラザ〜鹿屋"
昼野,日南市,広河原・猪八重線
町民球場前,日南市,広河原・猪八重線
藤田前,宮崎交通（株）,"イオンモール〜都城駅〜安久温泉, イオンモール・ミエル〜都城駅・中郷中〜安久温泉"
中講,日南市,広河原・猪八重線
安久小学校,宮崎交通（株）,イオンモール・ミエル〜都城駅・中郷中〜安久温泉
坂元,日南市,"大戸野線, 広河原・猪八重線"
昼野橋,日南市,広河原・猪八重線
上郷公民館,日南市,広河原・猪八重線
元狩倉,日南市,広河原・猪八重線
黒山岐,日南市,広河原・猪八重線
蜂の巣入口,日南市,"大戸野線, 広河原・猪八重線"
和田津留,日南市,広河原・猪八重線
下安久,宮崎交通（株）,イオンモール〜都城駅〜安久温泉
今町小前,鹿児島交通（株）,"都城〜志布志駅前, 都城〜県民健康プラザ〜鹿屋"
都城リハ学院・すこやか苑,宮崎交通（株）,"イオン都城〜妻ヶ丘・都城駅〜川原谷, イオンモール〜都城駅〜川原谷"
さくらアリーナ,宮崎交通（株）,"油津〜内之田・倉迫〜さくらアリーナ, 油津〜中益安・北郷温泉〜さくらアリーナ, 油津〜県病院・中益安・北郷温泉〜さくらアリーナ"
さくらアリーナ,日南市,"大戸野線, 広河原・猪八重線"
馬越,宮崎交通（株）,"イオンモール〜都城駅〜安久温泉, イオンモール・ミエル〜都城駅・中郷中〜安久温泉"
今町局前,鹿児島交通（株）,"都城〜志布志駅前, 都城〜県民健康プラザ〜鹿屋"
平佐,日南市,広河原・猪八重線
望峰園前,宮崎交通（株）,イオンモール・ミエル〜都城駅・中郷中〜安久温泉
安久,宮崎交通（株）,"イオンモール〜都城駅〜安久温泉, イオンモール・ミエル〜都城駅・中郷中〜安久温泉"
上郷入口,宮崎交通（株）,"油津〜内之田・倉迫〜さくらアリーナ, 油津〜中益安・北郷温泉〜さくらアリーナ, 油津〜県病院・中益安・北郷温泉〜さくらアリーナ"
上郷入口,日南市,"大戸野線, 広河原・猪八重線"
南安久,宮崎交通（株）,イオンモール・ミエル〜都城駅・中郷中〜安久温泉
中郷中学校,宮崎交通（株）,イオンモール・ミエル〜都城駅・中郷中〜安久温泉
上安久,宮崎交通（株）,"イオンモール〜都城駅〜安久温泉, イオンモール・ミエル〜都城駅・中郷中〜安久温泉"
上今町,鹿児島交通（株）,"都城〜志布志駅前, 都城〜県民健康プラザ〜鹿屋"
梅北麓,宮崎交通（株）,"イオン都城〜妻ヶ丘・都城駅〜川原谷, イオンモール〜都城駅〜川原谷"
郷之原,宮崎交通（株）,"油津〜内之田・倉迫〜さくらアリーナ, 油津〜中益安・北郷温泉〜さくらアリーナ, 油津〜県病院・中益安・北郷温泉〜さくらアリーナ"
郷之原,日南市,"大戸野線, 広河原・猪八重線"
建立寺口,宮崎交通（株）,"イオンモール〜都城駅〜安久温泉, イオンモール・ミエル〜都城駅・中郷中〜安久温泉"
小目井,宮崎交通（株）,"宮崎駅〜橘通・宮崎空港・鵜戸神宮〜飫肥, 飫肥〜伊比井, 宮崎駅〜橘通・宮崎空港・堀切峠トンネル〜鵜戸神宮〜飫肥, 日南振徳高校〜飫肥駅〜伊比井"
くろぎストアー前,日南市,大戸野線
中西,宮崎交通（株）,"イオン都城〜妻ヶ丘・都城駅〜川原谷, イオンモール〜都城駅〜川原谷"
北郷駅,宮崎交通（株）,"油津〜内之田・倉迫〜さくらアリーナ, 油津〜中益安・北郷温泉〜さくらアリーナ, 油津〜県病院・中益安・北郷温泉〜さくらアリーナ"
北郷駅,日南市,"大戸野線, 広河原・猪八重線"
北郷局前,宮崎交通（株）,"油津〜内之田・倉迫〜さくらアリーナ, 油津〜中益安・北郷温泉〜さくらアリーナ, 油津〜県病院・中益安・北郷温泉〜さくらアリーナ"
北郷局前,日南市,"大戸野線, 広河原・猪八重線"
有里入口,鹿児島交通（株）,"都城〜志布志駅前, 都城〜県民健康プラザ〜鹿屋"
安久温泉,宮崎交通（株）,"イオンモール〜都城駅〜安久温泉, イオンモール・ミエル〜都城駅・中郷中〜安久温泉"
北郷町地域振興センター,日南市,"大戸野線, 広河原・猪八重線"
梅北小学校前,宮崎交通（株）,"イオン都城〜妻ヶ丘・都城駅〜川原谷, イオンモール〜都城駅〜川原谷"
立野,宮崎交通（株）,"油津〜内之田・倉迫〜さくらアリーナ, 油津〜中益安・北郷温泉〜さくらアリーナ, 油津〜県病院・中益安・北郷温泉〜さくらアリーナ"
宮浦,宮崎交通（株）,"宮崎駅〜橘通・宮崎空港・鵜戸神宮〜飫肥, 飫肥〜伊比井, 宮崎駅〜橘通・宮崎空港・堀切峠トンネル〜鵜戸神宮〜飫肥, 日南振徳高校〜飫肥駅〜伊比井"
高見堂入口,鹿児島交通（株）,"都城〜志布志駅前, 都城〜県民健康プラザ〜鹿屋"
川内,宮崎交通（株）,"イオン都城〜妻ヶ丘・都城駅〜川原谷, イオンモール〜都城駅〜川原谷"
鵜戸小中学校前,宮崎交通（株）,"宮崎駅〜橘通・宮崎空港・鵜戸神宮〜飫肥, 飫肥〜伊比井, 鵜戸小中学校〜油津待合所, 宮崎駅〜橘通・宮崎空港・堀切峠トンネル〜鵜戸神宮〜飫肥, 日南振徳高校〜飫肥駅〜伊比井"
サンメッセ日南,宮崎交通（株）,"宮崎駅〜橘通・宮崎空港・鵜戸神宮〜飫肥, 飫肥〜伊比井, 鵜戸小中学校〜油津待合所, 宮崎駅〜橘通・宮崎空港・堀切峠トンネル〜鵜戸神宮〜飫肥, 日南振徳高校〜飫肥駅〜伊比井"
山澄,宮崎交通（株）,"油津〜内之田・倉迫〜さくらアリーナ, 油津〜中益安・北郷温泉〜さくらアリーナ, 油津〜県病院・中益安・北郷温泉〜さくらアリーナ"
上大藤,宮崎交通（株）,"油津〜内之田・倉迫〜さくらアリーナ, 油津〜中益安・北郷温泉〜さくらアリーナ, 油津〜県病院・中益安・北郷温泉〜さくらアリーナ"
嫁坂,宮崎交通（株）,"イオン都城〜妻ヶ丘・都城駅〜川原谷, イオンモール〜都城駅〜川原谷"
大藤公民館,宮崎交通（株）,"油津〜内之田・倉迫〜さくらアリーナ, 油津〜中益安・北郷温泉〜さくらアリーナ, 油津〜県病院・中益安・北郷温泉〜さくらアリーナ"
下大藤,宮崎交通（株）,"油津〜内之田・倉迫〜さくらアリーナ, 油津〜中益安・北郷温泉〜さくらアリーナ, 油津〜県病院・中益安・北郷温泉〜さくらアリーナ"
新村,日南市,酒谷・吉野方線　酒谷・楠原方面
北郷温泉,宮崎交通（株）,"油津〜中益安・北郷温泉〜さくらアリーナ, 油津〜県病院・中益安・北郷温泉〜さくらアリーナ"
北郷温泉前,宮崎交通（株）,"油津〜内之田・倉迫〜さくらアリーナ, 油津〜中益安・北郷温泉〜さくらアリーナ, 油津〜県病院・中益安・北郷温泉〜さくらアリーナ"
大藤渡,宮崎交通（株）,油津〜内之田・倉迫〜さくらアリーナ
菖蒲迫,宮崎交通（株）,"油津〜内之田・倉迫〜さくらアリーナ, 油津〜中益安・北郷温泉〜さくらアリーナ, 油津〜県病院・中益安・北郷温泉〜さくらアリーナ"
橋野境,曽於市,久保公民館線
上橋野,宮崎交通（株）,"イオン都城〜妻ヶ丘・都城駅〜川原谷, イオンモール〜都城駅〜川原谷"
上白木俣,日南市,酒谷・吉野方線　酒谷・楠原方面
倉迫,宮崎交通（株）,"油津〜内之田・倉迫〜さくらアリーナ, 油津〜中益安・北郷温泉〜さくらアリーナ, 油津〜県病院・中益安・北郷温泉〜さくらアリーナ"
割岩口,日南市,酒谷・吉野方線　酒谷・楠原方面
鵜戸神宮,宮崎交通（株）,"宮崎駅〜橘通・宮崎空港・鵜戸神宮〜飫肥, 鵜戸小中学校〜油津待合所"
吹毛井,宮崎交通（株）,"宮崎駅〜橘通・宮崎空港・鵜戸神宮〜飫肥, 飫肥〜伊比井, 鵜戸小中学校〜油津待合所, 宮崎駅〜橘通・宮崎空港・堀切峠トンネル〜鵜戸神宮〜飫肥, 日南振徳高校〜飫肥駅〜伊比井"
内野田,宮崎交通（株）,油津〜内之田・倉迫〜さくらアリーナ
下板敷研修センター,日南市,酒谷・吉野方線　吉野方・板敷方面
内野田駅前,宮崎交通（株）,油津〜内之田・倉迫〜さくらアリーナ
名尾,日南市,酒谷・吉野方線　酒谷・楠原方面
日南今別府,日南市,酒谷・吉野方線　酒谷・楠原方面
道の駅,日南市,酒谷・吉野方線　酒谷・楠原方面
小吹毛井,宮崎交通（株）,"宮崎駅〜橘通・宮崎空港・鵜戸神宮〜飫肥, 飫肥〜伊比井, 鵜戸小中学校〜油津待合所, 宮崎駅〜橘通・宮崎空港・堀切峠トンネル〜鵜戸神宮〜飫肥, 日南振徳高校〜飫肥駅〜伊比井"
片頭,日南市,酒谷・吉野方線　酒谷・楠原方面
上松永,宮崎交通（株）,"油津〜中益安・北郷温泉〜さくらアリーナ, 油津〜県病院・中益安・北郷温泉〜さくらアリーナ"
小布瀬口,日南市,酒谷・吉野方線　酒谷・楠原方面
川原谷,宮崎交通（株）,"イオン都城〜妻ヶ丘・都城駅〜川原谷, イオンモール〜都城駅〜川原谷"
上飛ヶ峰公民館,日南市,酒谷・吉野方線　吉野方・板敷方面
日南振徳高校,宮崎交通（株）,"日南振徳高校〜飫肥駅・油津〜油津港, 飫肥駅〜日南振徳高校, 日南振徳高校〜飫肥駅〜伊比井"
深瀬,日南市,酒谷・吉野方線　酒谷・楠原方面
広底入口,宮崎交通（株）,"イオン都城〜妻ヶ丘・都城駅〜川原谷, イオンモール〜都城駅〜川原谷"
松永,宮崎交通（株）,"油津〜中益安・北郷温泉〜さくらアリーナ, 油津〜県病院・中益安・北郷温泉〜さくらアリーナ"
原之迫,日南市,酒谷・吉野方線　吉野方・板敷方面
倉掛,日南市,酒谷・吉野方線　吉野方・板敷方面
秋山,日南市,酒谷・吉野方線　酒谷・楠原方面
つづら八重,日南市,酒谷・吉野方線　吉野方・板敷方面
福谷,宮崎交通（株）,"油津〜中益安・北郷温泉〜さくらアリーナ, 油津〜県病院・中益安・北郷温泉〜さくらアリーナ"
糺公民館,日南市,酒谷・吉野方線　吉野方・板敷方面
下飛ヶ峰公民館,日南市,酒谷・吉野方線　吉野方・板敷方面
太田川,宮崎交通（株）,油津〜内之田・倉迫〜さくらアリーナ
下今町,宮崎交通（株）,油津〜内之田・倉迫〜さくらアリーナ
旧吉野方小学校,日南市,酒谷・吉野方線　吉野方・板敷方面
今町団地,日南市,酒谷・吉野方線　吉野方・板敷方面
今町公民館,日南市,酒谷・吉野方線　吉野方・板敷方面
今町,宮崎交通（株）,"宮崎駅〜橘通・宮崎空港・鵜戸神宮〜飫肥, 飫肥〜伊比井, 宮崎駅〜橘通・宮崎空港・堀切峠トンネル〜鵜戸神宮〜飫肥, 飫肥〜油津・夫婦浦〜幸島入口, 飫肥・飫肥城・飫肥駅〜県病院・油津〜油津港, 飫肥・飫肥駅〜県病院〜油津・油津港, 油津〜内之田・倉迫〜さくらアリーナ"
甲東,宮崎交通（株）,"油津〜中益安・北郷温泉〜さくらアリーナ, 油津〜県病院・中益安・北郷温泉〜さくらアリーナ"
殿所峠,宮崎交通（株）,油津〜内之田・倉迫〜さくらアリーナ
永吉公民館,日南市,酒谷・吉野方線　吉野方・板敷方面
広木田,宮崎交通（株）,"宮崎駅〜橘通・宮崎空港・鵜戸神宮〜飫肥, 飫肥〜伊比井, 宮崎駅〜橘通・宮崎空港・堀切峠トンネル〜鵜戸神宮〜飫肥, 飫肥〜油津・夫婦浦〜幸島入口, 飫肥・飫肥城・飫肥駅〜県病院・油津〜油津港, 飫肥・飫肥駅〜県病院〜油津・油津港"
十文字公民館,日南市,酒谷・吉野方線　吉野方・板敷方面
竹香園入口,宮崎交通（株）,"宮崎駅〜橘通・宮崎空港・鵜戸神宮〜飫肥, 日南振徳高校〜飫肥駅・油津〜油津港, 飫肥〜伊比井, 宮崎駅〜橘通・宮崎空港・堀切峠トンネル〜鵜戸神宮〜飫肥, 飫肥〜油津・夫婦浦〜幸島入口, 飫肥・飫肥城・飫肥駅〜県病院・油津〜油津港, 飫肥・飫肥駅〜県病院〜油津・油津港, 油津〜内之田・倉迫〜さくらアリーナ, 日南振徳高校〜飫肥駅〜伊比井"
飫肥駅,宮崎交通（株）,"日南振徳高校〜飫肥駅・油津〜油津港, 飫肥駅〜日南振徳高校, 飫肥・飫肥城・飫肥駅〜県病院・油津〜油津港, 飫肥・飫肥駅〜県病院〜油津・油津港, 日南振徳高校〜飫肥駅〜伊比井"
飫肥駅,日南市,"酒谷・吉野方線　吉野方・板敷方面, 酒谷・吉野方線　酒谷・楠原方面"
飫肥公民館,日南市,酒谷・吉野方線　吉野方・板敷方面
畦の丸保育所,日南市,酒谷・吉野方線　吉野方・板敷方面
下新町,宮崎交通（株）,"宮崎駅〜橘通・宮崎空港・鵜戸神宮〜飫肥, 飫肥〜伊比井, 宮崎駅〜橘通・宮崎空港・堀切峠トンネル〜鵜戸神宮〜飫肥, 飫肥〜油津・夫婦浦〜幸島入口, 飫肥・飫肥城・飫肥駅〜県病院・油津〜油津港, 飫肥・飫肥駅〜県病院〜油津・油津港"
畦の丸,日南市,酒谷・吉野方線　吉野方・板敷方面
飫肥城,宮崎交通（株）,飫肥・飫肥城・飫肥駅〜県病院・油津〜油津港
旧酒谷中学校,日南市,酒谷・吉野方線　酒谷・楠原方面
新町,宮崎交通（株）,"宮崎駅〜橘通・宮崎空港・鵜戸神宮〜飫肥, 飫肥〜伊比井, 宮崎駅〜橘通・宮崎空港・堀切峠トンネル〜鵜戸神宮〜飫肥, 飫肥〜油津・夫婦浦〜幸島入口, 飫肥・飫肥城・飫肥駅〜県病院・油津〜油津港, 飫肥・飫肥駅〜県病院〜油津・油津港"
大浦,宮崎交通（株）,"宮崎駅〜橘通・宮崎空港・鵜戸神宮〜飫肥, 飫肥〜伊比井, 鵜戸小中学校〜油津待合所, 宮崎駅〜橘通・宮崎空港・堀切峠トンネル〜鵜戸神宮〜飫肥, 日南振徳高校〜飫肥駅〜伊比井"
星倉,宮崎交通（株）,"宮崎駅〜橘通・宮崎空港・鵜戸神宮〜飫肥, 日南振徳高校〜飫肥駅・油津〜油津港, 飫肥〜伊比井, 宮崎駅〜橘通・宮崎空港・堀切峠トンネル〜鵜戸神宮〜飫肥, 飫肥〜油津・夫婦浦〜幸島入口, 飫肥・飫肥城・飫肥駅〜県病院・油津〜油津港, 飫肥・飫肥駅〜県病院〜油津・油津港, 油津〜内之田・倉迫〜さくらアリーナ, 日南振徳高校〜飫肥駅〜伊比井"
西の村,日南市,酒谷・吉野方線　吉野方・板敷方面
スーパーとむら,日南市,"酒谷・吉野方線　吉野方・板敷方面, 酒谷・吉野方線　酒谷・楠原方面"
本町1丁目,宮崎交通（株）,"宮崎駅〜橘通・宮崎空港・鵜戸神宮〜飫肥, 飫肥〜伊比井, 宮崎駅〜橘通・宮崎空港・堀切峠トンネル〜鵜戸神宮〜飫肥, 飫肥〜油津・夫婦浦〜幸島入口, 飫肥・飫肥城・飫肥駅〜県病院・油津〜油津港, 飫肥・飫肥駅〜県病院〜油津・油津港"
飫肥城下,宮崎交通（株）,"宮崎駅〜橘通・宮崎空港・鵜戸神宮〜飫肥, 飫肥〜伊比井, 宮崎駅〜橘通・宮崎空港・堀切峠トンネル〜鵜戸神宮〜飫肥, 飫肥〜油津・夫婦浦〜幸島入口, 飫肥・飫肥城・飫肥駅〜県病院・油津〜油津港, 飫肥・飫肥駅〜県病院〜油津・油津港"
東郷支所前,宮崎交通（株）,"油津〜中益安・北郷温泉〜さくらアリーナ, 油津〜県病院・中益安・北郷温泉〜さくらアリーナ, 平山〜風田〜東郷支所"
飫肥,宮崎交通（株）,"宮崎駅〜橘通・宮崎空港・鵜戸神宮〜飫肥, 飫肥〜伊比井, 宮崎駅〜橘通・宮崎空港・堀切峠トンネル〜鵜戸神宮〜飫肥, 飫肥〜油津・夫婦浦〜幸島入口, 飫肥・飫肥城・飫肥駅〜県病院・油津〜油津港, 飫肥・飫肥駅〜県病院〜油津・油津港"
飫肥待合所,日南市,酒谷・吉野方線　酒谷・楠原方面
おび中央病院,日南市,"酒谷・吉野方線　吉野方・板敷方面, 酒谷・吉野方線　酒谷・楠原方面"
神田,宮崎交通（株）,平山〜風田〜東郷支所
下楠原,日南市,酒谷・吉野方線　酒谷・楠原方面
乙東,宮崎交通（株）,平山〜風田〜東郷支所
酒谷小学校,日南市,酒谷・吉野方線　酒谷・楠原方面
釈迦尾ヶ野,宮崎交通（株）,"宮崎駅〜橘通・宮崎空港・鵜戸神宮〜飫肥, 日南振徳高校〜飫肥駅・油津〜油津港, 飫肥〜伊比井, 宮崎駅〜橘通・宮崎空港・堀切峠トンネル〜鵜戸神宮〜飫肥, 飫肥〜油津・夫婦浦〜幸島入口, 飫肥・飫肥城・飫肥駅〜県病院・油津〜油津港, 飫肥・飫肥駅〜県病院〜油津・油津港, 油津〜内之田・倉迫〜さくらアリーナ, 日南振徳高校〜飫肥駅〜伊比井"
中楠原,日南市,酒谷・吉野方線　酒谷・楠原方面
はまゆうの里入口,日南市,酒谷・吉野方線　酒谷・楠原方面
堀割,日南市,酒谷・吉野方線　酒谷・楠原方面
鯛の子,日南市,酒谷・吉野方線　酒谷・楠原方面
横手口,宮崎交通（株）,"宮崎駅〜橘通・宮崎空港・鵜戸神宮〜飫肥, 日南振徳高校〜飫肥駅・油津〜油津港, 飫肥〜伊比井, 宮崎駅〜橘通・宮崎空港・堀切峠トンネル〜鵜戸神宮〜飫肥, 飫肥〜油津・夫婦浦〜幸島入口, 飫肥・飫肥城・飫肥駅〜県病院・油津〜油津港, 飫肥・飫肥駅〜県病院〜油津・油津港, 油津〜内之田・倉迫〜さくらアリーナ, 日南振徳高校〜飫肥駅〜伊比井"
原ノ下,日南市,酒谷・吉野方線　酒谷・楠原方面
日向酒谷,日南市,酒谷・吉野方線　酒谷・楠原方面
西の園,日南市,酒谷・吉野方線　酒谷・楠原方面
益安,宮崎交通（株）,"油津〜中益安・北郷温泉〜さくらアリーナ, 油津〜県病院・中益安・北郷温泉〜さくらアリーナ"
立石,宮崎交通（株）,"宮崎駅〜橘通・宮崎空港・鵜戸神宮〜飫肥, 飫肥〜伊比井, 鵜戸小中学校〜油津待合所, 宮崎駅〜橘通・宮崎空港・堀切峠トンネル〜鵜戸神宮〜飫肥, 日南振徳高校〜飫肥駅〜伊比井"
宮の前,宮崎交通（株）,"宮崎駅〜橘通・宮崎空港・鵜戸神宮〜飫肥, 日南振徳高校〜飫肥駅・油津〜油津港, 飫肥〜伊比井, 宮崎駅〜橘通・宮崎空港・堀切峠トンネル〜鵜戸神宮〜飫肥, 飫肥〜油津・夫婦浦〜幸島入口, 飫肥・飫肥城・飫肥駅〜県病院・油津〜油津港, 飫肥・飫肥駅〜県病院〜油津・油津港, 油津〜内之田・倉迫〜さくらアリーナ, 日南振徳高校〜飫肥駅〜伊比井"
センター前,日南市,酒谷・吉野方線　酒谷・楠原方面
田辺,宮崎交通（株）,平山〜風田〜東郷支所
榎木田,日南市,酒谷・吉野方線　酒谷・楠原方面
山ノ口橋,日南市,酒谷・吉野方線　酒谷・楠原方面
中益安,宮崎交通（株）,"油津〜中益安・北郷温泉〜さくらアリーナ, 油津〜県病院・中益安・北郷温泉〜さくらアリーナ"
クワハウス入口,宮崎交通（株）,平山〜風田〜東郷支所
ホームワイド日南店,日南市,"酒谷・吉野方線　吉野方・板敷方面, 酒谷・吉野方線　酒谷・楠原方面"
栗嶺,日南市,酒谷・吉野方線　酒谷・楠原方面
風田,宮崎交通（株）,平山〜風田〜東郷支所
谷口病院,宮崎交通（株）,"宮崎駅〜橘通・宮崎空港・鵜戸神宮〜飫肥, 飫肥〜伊比井, 鵜戸小中学校〜油津待合所, 宮崎駅〜橘通・宮崎空港・堀切峠トンネル〜鵜戸神宮〜飫肥, 日南振徳高校〜飫肥駅〜伊比井"
種子田,日南市,酒谷・吉野方線　酒谷・楠原方面
選果場前,宮崎交通（株）,"油津〜中益安・北郷温泉〜さくらアリーナ, 油津〜県病院・中益安・北郷温泉〜さくらアリーナ"
山瀬,宮崎交通（株）,"宮崎駅〜橘通・宮崎空港・鵜戸神宮〜飫肥, 日南振徳高校〜飫肥駅・油津〜油津港, 飫肥〜伊比井, 宮崎駅〜橘通・宮崎空港・堀切峠トンネル〜鵜戸神宮〜飫肥, 飫肥〜油津・夫婦浦〜幸島入口, 飫肥・飫肥城・飫肥駅〜県病院・油津〜油津港, 飫肥・飫肥駅〜県病院〜油津・油津港, 油津〜内之田・倉迫〜さくらアリーナ, 日南振徳高校〜飫肥駅〜伊比井"
愛泉会病院入口,宮崎交通（株）,平山〜風田〜東郷支所
愛泉会日南病院,宮崎交通（株）,"宮崎駅〜橘通・宮崎空港・鵜戸神宮〜飫肥, 飫肥〜伊比井, 鵜戸小中学校〜油津待合所, 宮崎駅〜橘通・宮崎空港・堀切峠トンネル〜鵜戸神宮〜飫肥, 日南振徳高校〜飫肥駅〜伊比井"
野地,日南市,酒谷・吉野方線　酒谷・楠原方面
運動公園入口,宮崎交通（株）,"油津〜中益安・北郷温泉〜さくらアリーナ, 油津〜県病院・中益安・北郷温泉〜さくらアリーナ"
セブンイレブン,日南市,"酒谷・吉野方線　吉野方・板敷方面, 酒谷・吉野方線　酒谷・楠原方面"
安定所入口,宮崎交通（株）,"宮崎駅〜橘通・宮崎空港・鵜戸神宮〜飫肥, 日南振徳高校〜飫肥駅・油津〜油津港, 飫肥〜伊比井, 宮崎駅〜橘通・宮崎空港・堀切峠トンネル〜鵜戸神宮〜飫肥, 飫肥〜油津・夫婦浦〜幸島入口, 飫肥・飫肥城・飫肥駅〜県病院・油津〜油津港, 飫肥・飫肥駅〜県病院〜油津・油津港, 油津〜内之田・倉迫〜さくらアリーナ, 日南振徳高校〜飫肥駅〜伊比井"
戸倉医院,日南市,"酒谷・吉野方線　吉野方・板敷方面, 酒谷・吉野方線　酒谷・楠原方面"
市農協前,宮崎交通（株）,"油津〜中益安・北郷温泉〜さくらアリーナ, 油津〜県病院・中益安・北郷温泉〜さくらアリーナ"
コープみやざき,日南市,酒谷・吉野方線　酒谷・楠原方面
一里松,宮崎交通（株）,"宮崎駅〜橘通・宮崎空港・鵜戸神宮〜飫肥, 日南振徳高校〜飫肥駅・油津〜油津港, 飫肥〜伊比井, 宮崎駅〜橘通・宮崎空港・堀切峠トンネル〜鵜戸神宮〜飫肥, 飫肥〜油津・夫婦浦〜幸島入口, 飫肥・飫肥城・飫肥駅〜県病院・油津〜油津港, 飫肥・飫肥駅〜県病院〜油津・油津港, 油津〜内之田・倉迫〜さくらアリーナ, 日南振徳高校〜飫肥駅〜伊比井, 油津〜中益安・北郷温泉〜さくらアリーナ, 油津〜県病院・中益安・北郷温泉〜さくらアリーナ"
コープみやざき日南店,日南市,酒谷・吉野方線　吉野方・板敷方面
上平山,宮崎交通（株）,平山〜風田〜東郷支所
北平山,宮崎交通（株）,"宮崎駅〜橘通・宮崎空港・鵜戸神宮〜飫肥, 飫肥〜伊比井, 鵜戸小中学校〜油津待合所, 宮崎駅〜橘通・宮崎空港・堀切峠トンネル〜鵜戸神宮〜飫肥, 日南振徳高校〜飫肥駅〜伊比井"
日南駅,日南市,"細田・隈谷線, 酒谷・吉野方線　吉野方・板敷方面, 酒谷・吉野方線　酒谷・楠原方面"
日南駅前,宮崎交通（株）,"宮崎駅〜橘通・宮崎空港・鵜戸神宮〜飫肥, 日南振徳高校〜飫肥駅・油津〜油津港, 飫肥〜伊比井, 宮崎駅〜橘通・宮崎空港・堀切峠トンネル〜鵜戸神宮〜飫肥, 飫肥〜油津・夫婦浦〜幸島入口, 飫肥・飫肥城・飫肥駅〜県病院・油津〜油津港, 飫肥・飫肥駅〜県病院〜油津・油津港, 油津〜内之田・倉迫〜さくらアリーナ, 日南振徳高校〜飫肥駅〜伊比井, 油津〜中益安・北郷温泉〜さくらアリーナ, 油津〜県病院・中益安・北郷温泉〜さくらアリーナ"
市役所,日南市,"細田・隈谷線, 酒谷・吉野方線　吉野方・板敷方面, 酒谷・吉野方線　酒谷・楠原方面"
駒宮神社前,宮崎交通（株）,平山〜風田〜東郷支所
東平山,宮崎交通（株）,"宮崎駅〜橘通・宮崎空港・鵜戸神宮〜飫肥, 飫肥〜伊比井, 鵜戸小中学校〜油津待合所, 宮崎駅〜橘通・宮崎空港・堀切峠トンネル〜鵜戸神宮〜飫肥, 日南振徳高校〜飫肥駅〜伊比井"
工場前,宮崎交通（株）,"宮崎駅〜橘通・宮崎空港・鵜戸神宮〜飫肥, 日南振徳高校〜飫肥駅・油津〜油津港, 飫肥〜伊比井, 宮崎駅〜橘通・宮崎空港・堀切峠トンネル〜鵜戸神宮〜飫肥, 飫肥〜油津・夫婦浦〜幸島入口, 飫肥・飫肥城・飫肥駅〜県病院・油津〜油津港, 飫肥・飫肥駅〜県病院〜油津・油津港, 油津〜内之田・倉迫〜さくらアリーナ, 日南振徳高校〜飫肥駅〜伊比井, 油津〜中益安・北郷温泉〜さくらアリーナ, 油津〜県病院・中益安・北郷温泉〜さくらアリーナ"
横通,日南市,細田・隈谷線
針町,宮崎交通（株）,"宮崎駅〜橘通・宮崎空港・鵜戸神宮〜飫肥, 日南振徳高校〜飫肥駅・油津〜油津港, 飫肥〜伊比井, 宮崎駅〜橘通・宮崎空港・堀切峠トンネル〜鵜戸神宮〜飫肥, 飫肥〜油津・夫婦浦〜幸島入口, 飫肥・飫肥城・飫肥駅〜県病院・油津〜油津港, 飫肥・飫肥駅〜県病院〜油津・油津港, 油津〜内之田・倉迫〜さくらアリーナ, 日南振徳高校〜飫肥駅〜伊比井, 油津〜中益安・北郷温泉〜さくらアリーナ, 油津〜県病院・中益安・北郷温泉〜さくらアリーナ"
平山,宮崎交通（株）,平山〜風田〜東郷支所
西弁分,日南市,細田・隈谷線
坂ノ上,日南市,細田・隈谷線
妻手橋,宮崎交通（株）,"宮崎駅〜橘通・宮崎空港・鵜戸神宮〜飫肥, 日南振徳高校〜飫肥駅・油津〜油津港, 飫肥〜伊比井, 宮崎駅〜橘通・宮崎空港・堀切峠トンネル〜鵜戸神宮〜飫肥, 飫肥〜油津・夫婦浦〜幸島入口, 飫肥・飫肥城・飫肥駅〜県病院・油津〜油津港, 飫肥・飫肥駅〜県病院〜油津・油津港, 油津〜内之田・倉迫〜さくらアリーナ, 日南振徳高校〜飫肥駅〜伊比井, 油津〜中益安・北郷温泉〜さくらアリーナ, 油津〜県病院・中益安・北郷温泉〜さくらアリーナ"
丸山,宮崎交通（株）,"宮崎駅〜橘通・宮崎空港・鵜戸神宮〜飫肥, 飫肥〜伊比井, 鵜戸小中学校〜油津待合所, 宮崎駅〜橘通・宮崎空港・堀切峠トンネル〜鵜戸神宮〜飫肥, 日南振徳高校〜飫肥駅〜伊比井"
上塚田公民館,日南市,細田・隈谷線
鶴ヶ峰,宮崎交通（株）,"宮崎駅〜橘通・宮崎空港・鵜戸神宮〜飫肥, 日南振徳高校〜飫肥駅・油津〜油津港, 飫肥〜伊比井, 宮崎駅〜橘通・宮崎空港・堀切峠トンネル〜鵜戸神宮〜飫肥, 飫肥〜油津・夫婦浦〜幸島入口, 飫肥・飫肥城・飫肥駅〜県病院・油津〜油津港, 飫肥・飫肥駅〜県病院〜油津・油津港, 油津〜内之田・倉迫〜さくらアリーナ, 日南振徳高校〜飫肥駅〜伊比井, 油津〜中益安・北郷温泉〜さくらアリーナ, 油津〜県病院・中益安・北郷温泉〜さくらアリーナ"
大木戸,日南市,細田・隈谷線
県病院,宮崎交通（株）,"飫肥・飫肥城・飫肥駅〜県病院・油津〜油津港, 飫肥・飫肥駅〜県病院〜油津・油津港, 油津〜県病院・中益安・北郷温泉〜さくらアリーナ"
日後谷,日南市,細田・隈谷線
平野,宮崎交通（株）,"宮崎駅〜橘通・宮崎空港・鵜戸神宮〜飫肥, 日南振徳高校〜飫肥駅・油津〜油津港, 飫肥〜伊比井, 宮崎駅〜橘通・宮崎空港・堀切峠トンネル〜鵜戸神宮〜飫肥, 飫肥〜油津・夫婦浦〜幸島入口, 飫肥・飫肥城・飫肥駅〜県病院・油津〜油津港, 飫肥・飫肥駅〜県病院〜油津・油津港, 油津〜内之田・倉迫〜さくらアリーナ, 日南振徳高校〜飫肥駅〜伊比井, 油津〜中益安・北郷温泉〜さくらアリーナ, 油津〜県病院・中益安・北郷温泉〜さくらアリーナ"
梅ヶ浜,宮崎交通（株）,"宮崎駅〜橘通・宮崎空港・鵜戸神宮〜飫肥, 飫肥〜伊比井, 鵜戸小中学校〜油津待合所, 宮崎駅〜橘通・宮崎空港・堀切峠トンネル〜鵜戸神宮〜飫肥, 日南振徳高校〜飫肥駅〜伊比井"
上隈谷公民館,日南市,細田・隈谷線
木山1丁目,宮崎交通（株）,"宮崎駅〜橘通・宮崎空港・鵜戸神宮〜飫肥, 宮崎駅〜橘通・宮崎空港・堀切峠トンネル〜鵜戸神宮〜飫肥, 飫肥〜油津・夫婦浦〜幸島入口, 飫肥・飫肥城・飫肥駅〜県病院・油津〜油津港, 飫肥・飫肥駅〜県病院〜油津・油津港, 油津〜内之田・倉迫〜さくらアリーナ, 日南振徳高校〜飫肥駅〜伊比井, 油津〜中益安・北郷温泉〜さくらアリーナ, 油津〜県病院・中益安・北郷温泉〜さくらアリーナ"
とむら油津店前,宮崎交通（株）,"宮崎駅〜橘通・宮崎空港・鵜戸神宮〜飫肥, 宮崎駅〜橘通・宮崎空港・堀切峠トンネル〜鵜戸神宮〜飫肥, 飫肥〜油津・夫婦浦〜幸島入口, 飫肥・飫肥城・飫肥駅〜県病院・油津〜油津港, 飫肥・飫肥駅〜県病院〜油津・油津港, 日南振徳高校〜飫肥駅〜伊比井"
岩崎2丁目,宮崎交通（株）,"宮崎駅〜橘通・宮崎空港・鵜戸神宮〜飫肥, 日南振徳高校〜飫肥駅・油津〜油津港, 飫肥〜伊比井, 鵜戸小中学校〜油津待合所, 宮崎駅〜橘通・宮崎空港・堀切峠トンネル〜鵜戸神宮〜飫肥, 飫肥〜油津・夫婦浦〜幸島入口, 飫肥・飫肥城・飫肥駅〜県病院・油津〜油津港"
上大矢取,串間市,よかバス　上大矢取線
山形屋前（日南市）,宮崎交通（株）,"宮崎駅〜橘通・宮崎空港・鵜戸神宮〜飫肥, 日南振徳高校〜飫肥駅・油津〜油津港, 飫肥〜伊比井, 鵜戸小中学校〜油津待合所, 宮崎駅〜橘通・宮崎空港・堀切峠トンネル〜鵜戸神宮〜飫肥, 飫肥〜油津・夫婦浦〜幸島入口, 飫肥・飫肥城・飫肥駅〜県病院・油津〜油津港, 飫肥・飫肥駅〜県病院〜油津・油津港, 日南振徳高校〜飫肥駅〜伊比井"
見法寺,宮崎交通（株）,"宮崎駅〜橘通・宮崎空港・鵜戸神宮〜飫肥, 飫肥〜伊比井, 鵜戸小中学校〜油津待合所, 宮崎駅〜橘通・宮崎空港・堀切峠トンネル〜鵜戸神宮〜飫肥, 日南振徳高校〜飫肥駅〜伊比井"
油津待合所,宮崎交通（株）,"宮崎駅〜橘通・宮崎空港・鵜戸神宮〜飫肥, 日南振徳高校〜飫肥駅・油津〜油津港, 飫肥〜伊比井, 鵜戸小中学校〜油津待合所, 宮崎駅〜橘通・宮崎空港・堀切峠トンネル〜鵜戸神宮〜飫肥, 飫肥〜油津・夫婦浦〜幸島入口, 飫肥・飫肥城・飫肥駅〜県病院・油津〜油津港, 飫肥・飫肥駅〜県病院〜油津・油津港, 油津〜内之田・倉迫〜さくらアリーナ, 日南振徳高校〜飫肥駅〜伊比井, 油津〜中益安・北郷温泉〜さくらアリーナ, 油津〜県病院・中益安・北郷温泉〜さくらアリーナ"
材木町,宮崎交通（株）,"宮崎駅〜橘通・宮崎空港・鵜戸神宮〜飫肥, 日南振徳高校〜飫肥駅・油津〜油津港, 飫肥〜伊比井, 鵜戸小中学校〜油津待合所, 宮崎駅〜橘通・宮崎空港・堀切峠トンネル〜鵜戸神宮〜飫肥, 飫肥〜油津・夫婦浦〜幸島入口, 飫肥・飫肥城・飫肥駅〜県病院・油津〜油津港, 飫肥・飫肥駅〜県病院〜油津・油津港, 日南振徳高校〜飫肥駅〜伊比井"
春日,宮崎交通（株）,"宮崎駅〜橘通・宮崎空港・鵜戸神宮〜飫肥, 日南振徳高校〜飫肥駅・油津〜油津港, 飫肥〜伊比井, 鵜戸小中学校〜油津待合所, 宮崎駅〜橘通・宮崎空港・堀切峠トンネル〜鵜戸神宮〜飫肥, 飫肥〜油津・夫婦浦〜幸島入口, 飫肥・飫肥城・飫肥駅〜県病院・油津〜油津港, 飫肥・飫肥駅〜県病院〜油津・油津港, 日南振徳高校〜飫肥駅〜伊比井"
上町,宮崎交通（株）,"日南振徳高校〜飫肥駅・油津〜油津港, 飫肥〜油津・夫婦浦〜幸島入口, 飫肥・飫肥城・飫肥駅〜県病院・油津〜油津港, 飫肥・飫肥駅〜県病院〜油津・油津港"
上寺村,日南市,細田・隈谷線
寺村,日南市,細田・隈谷線
海岸通,宮崎交通（株）,"日南振徳高校〜飫肥駅・油津〜油津港, 飫肥〜油津・夫婦浦〜幸島入口, 飫肥・飫肥城・飫肥駅〜県病院・油津〜油津港, 飫肥・飫肥駅〜県病院〜油津・油津港"
油津港,宮崎交通（株）,"日南振徳高校〜飫肥駅・油津〜油津港, 飫肥・飫肥城・飫肥駅〜県病院・油津〜油津港, 飫肥・飫肥駅〜県病院〜油津・油津港"
風野,串間市,よかバス　風野線
住宅前,日南市,細田・隈谷線
西町,宮崎交通（株）,飫肥〜油津・夫婦浦〜幸島入口
南平,日南市,細田・隈谷線
鶴田,日南市,細田・隈谷線
隈谷,日南市,細田・隈谷線
仮屋,日南市,細田・隈谷線
上毛吉田公民館,日南市,細田・隈谷線
下塚田公民館,日南市,細田・隈谷線
下塚田,日南市,細田・隈谷線
中隈谷公民館,日南市,細田・隈谷線
中隈谷,日南市,細田・隈谷線
下隈谷公民館,日南市,細田・隈谷線
山田,日南市,細田・隈谷線
狭間,日南市,細田・隈谷線
池ヶ山,宮崎交通（株）,飫肥〜油津・夫婦浦〜幸島入口
片野,串間市,よかバス　風野線
茶円,日南市,細田・隈谷線
毛吉田,日南市,細田・隈谷線
広野,串間市,よかバス　風野線
支所前,日南市,細田・隈谷線
上方,日南市,細田・隈谷線
下方,日南市,細田・隈谷線
森林組合前,日南市,細田・隈谷線
西寺,日南市,細田・隈谷線
山王,宮崎交通（株）,飫肥〜油津・夫婦浦〜幸島入口
学校下,日南市,細田・隈谷線
猪崎鼻,宮崎交通（株）,飫肥〜油津・夫婦浦〜幸島入口
赤池,串間市,よかバス　上大矢取線
大平,串間市,よかバス　風野線
大平小前,串間市,よかバス　風野線
萩之嶺,日南市,細田・隈谷線
大堂津小前,日南市,細田・隈谷線
仏坂,日南市,細田・隈谷線
大堂津,宮崎交通（株）,飫肥〜油津・夫婦浦〜幸島入口
塩鶴,日南市,細田・隈谷線
田ノ野,串間市,よかバス　風野線
上中原,串間市,よかバス　風野線
津屋野下,日南市,礼之尾線
旭町,宮崎交通（株）,飫肥〜油津・夫婦浦〜幸島入口
札之尾,日南市,礼之尾線
真萱,串間市,よかバス　上大矢取線
塩鶴入口,宮崎交通（株）,飫肥〜油津・夫婦浦〜幸島入口
下中原,串間市,よかバス　風野線
中部病院,日南市,"細田・隈谷線, 大牟礼線, 礼之尾線"
中部病院前,宮崎交通（株）,飫肥〜油津・夫婦浦〜幸島入口
中村神社,日南市,礼之尾線
三幸ヶ野,串間市,よかバス　上大矢取線
胡桃ヶ野,串間市,よかバス　風野線
川の口,宮崎交通（株）,飫肥〜油津・夫婦浦〜幸島入口
上中村,日南市,礼之尾線
目井津海岸通り,宮崎交通（株）,飫肥〜油津・夫婦浦〜幸島入口
港の駅めいつ,日南市,"大牟礼線, 礼之尾線"
榎之平団地,日南市,大牟礼線
南郷団地,日南市,大牟礼線
上高則,串間市,よかバス　風野線
目井津銀行前,宮崎交通（株）,飫肥〜油津・夫婦浦〜幸島入口
百瀬病院,日南市,"大牟礼線, 礼之尾線"
津屋野上,日南市,礼之尾線
病院前,宮崎交通（株）,飫肥〜油津・夫婦浦〜幸島入口
牧野,日南市,礼之尾線
大重野,串間市,よかバス　上大矢取線
榎原神社,日南市,礼之尾線
高則,串間市,よかバス　風野線
石之元,日南市,礼之尾線
奈留,串間市,よかバス　奈留線
谷之口,日南市,礼之尾線
上講,日南市,礼之尾線
南郷,宮崎交通（株）,飫肥〜油津・夫婦浦〜幸島入口
南郷駅,日南市,"大牟礼線, 礼之尾線"
Aコープ前,日南市,"大牟礼線, 礼之尾線"
三ヶ平,串間市,よかバス　三ヶ平線
谷之口上,日南市,礼之尾線
中央町,宮崎交通（株）,飫肥〜油津・夫婦浦〜幸島入口
田尾,日南市,礼之尾線
富屋,宮崎交通（株）,飫肥〜油津・夫婦浦〜幸島入口
中講,日南市,礼之尾線
一氏,串間市,よかバス　三ヶ平線
仲別府,串間市,よかバス　奈留線
下講公民館,日南市,礼之尾線
古大内,串間市,よかバス　奈留線
下講,日南市,礼之尾線
栄松保育所,日南市,礼之尾線
矢床,串間市,よかバス　三ヶ平線
揚原,串間市,"よかバス　三ヶ平線, よかバス　上大矢取線, よかバス　風野線"
住宅入口,宮崎交通（株）,飫肥〜油津・夫婦浦〜幸島入口
脇本,日南市,大牟礼線
八幡神社入口,日南市,大牟礼線
平原,串間市,よかバス　上大矢取線
射場地野,串間市,よかバス　三ヶ平線
栄松,宮崎交通（株）,飫肥〜油津・夫婦浦〜幸島入口
南郷ハートフル,日南市,"大牟礼線, 礼之尾線"
新開,宮崎交通（株）,飫肥〜油津・夫婦浦〜幸島入口
市ノ瀬1区,串間市,よかバス　三ヶ平線
鯛取,串間市,よかバス　鯛取線
栄松公民館,日南市,礼之尾線
波平瀬住宅,日南市,大牟礼線
外ノ浦,宮崎交通（株）,飫肥〜油津・夫婦浦〜幸島入口
西ノ園,串間市,よかバス　上大矢取線
堂園,串間市,よかバス　奈留線
市ノ瀬3区,串間市,よかバス　三ヶ平線
小学校前,日南市,大牟礼線
市ノ瀬公民館,串間市,よかバス　三ヶ平線
栄松漁協前,日南市,礼之尾線
日之御崎神社前,宮崎交通（株）,飫肥〜油津・夫婦浦〜幸島入口
上園田,串間市,"よかバス　三ヶ平線, よかバス　上大矢取線, よかバス　風野線"
市ノ瀬4区,串間市,よかバス　三ヶ平線
烏帽子野,串間市,よかバス　奈留線
倉掛,串間市,よかバス　鯛取線
大牟礼,日南市,大牟礼線
下園田,串間市,"よかバス　三ヶ平線, よかバス　上大矢取線, よかバス　風野線"
大束支所前,串間市,"よかバス　上大矢取線, よかバス　風野線"
波平瀬,日南市,大牟礼線
大束支所,串間市,よかバス　三ヶ平線
和田,日南市,大牟礼線
贄波,宮崎交通（株）,飫肥〜油津・夫婦浦〜幸島入口
大束,串間市,"よかバス　上大矢取線, よかバス　風野線, よかバス　奈留線"
伊崎野,日南市,大牟礼線
大迫,日南市,大牟礼線
下新町,串間市,"よかバス　上大矢取線, よかバス　風野線, よかバス　奈留線"
潟上神社,日南市,大牟礼線
贄波中,宮崎交通（株）,飫肥〜油津・夫婦浦〜幸島入口
原向,日南市,大牟礼線
石木田,串間市,よかバス　奈留線
笹之久保,日南市,大牟礼線
小山,串間市,"よかバス　上大矢取線, よかバス　風野線, よかバス　奈留線"
上贄波,宮崎交通（株）,飫肥〜油津・夫婦浦〜幸島入口
口ケ野,日南市,大牟礼線
上秋山,串間市,よかバス　鯛取線
井牟田,串間市,よかバス　三ヶ平線
道の駅「なんごう」,宮崎交通（株）,飫肥〜油津・夫婦浦〜幸島入口
白坂,串間市,よかバス　奈留線
徳山,串間市,"よかバス　上大矢取線, よかバス　風野線"
古竹,串間市,よかバス　古竹線
下秋山,串間市,よかバス　鯛取線
桂原,串間市,よかバス　三ヶ平線
笠祇,串間市,よかバス　古竹線
上池北,串間市,"よかバス　上大矢取線, よかバス　風野線"
夫婦浦,宮崎交通（株）,飫肥〜油津・夫婦浦〜幸島入口
小城久保,串間市,"よかバス　市木線, よかバス　鯛取線"
夫婦浦,串間市,"よかバス　市木線, よかバス　本城市木線"
上池南,串間市,"よかバス　上大矢取線, よかバス　風野線"
穂佐ヶ原,串間市,よかバス　三ヶ平線
秋山岐れ,串間市,"よかバス　上大矢取線, よかバス　風野線, よかバス　奈留線"
徳間,串間市,よかバス　奈留線
初田,串間市,"よかバス　市木線, よかバス　鯛取線"
串間神社前,串間市,"よかバス　上大矢取線, よかバス　風野線, よかバス　奈留線"
郡司部,串間市,"よかバス　市木線, よかバス　本城市木線"
北方,串間市,"よかバス　上大矢取線, よかバス　風野線, よかバス　奈留線, よかバス　市街地循環線"
奴久見,串間市,よかバス　古竹線
屋治,串間市,よかバス　市木線
築島,串間市,"よかバス　市木線, よかバス　本城市木線"
霧島,串間市,よかバス　三ヶ平線
上町1丁目,串間市,"よかバス　上大矢取線, よかバス　風野線, よかバス　奈留線, よかバス　市木線, よかバス　市街地循環線"
上田口,串間市,よかバス　古竹線
舳,串間市,"よかバス　市木線, よかバス　本城市木線"
子持田,串間市,"よかバス　市木線, よかバス　本城市木線"
城山,串間市,よかバス　三ヶ平線
田渕,串間市,よかバス　鯛取線
上海北,宮崎交通（株）,飫肥〜油津・夫婦浦〜幸島入口
谷ノ口入口,串間市,"よかバス　市木線, よかバス　鯛取線"
西本西方,串間市,よかバス　古竹線
桜ヶ丘,串間市,よかバス　市街地循環線
上町2丁目,串間市,"よかバス　上大矢取線, よかバス　風野線, よかバス　奈留線, よかバス　市木線, よかバス　市街地循環線"
第2児童公園,串間市,"よかバス　三ヶ平線, よかバス　市街地循環線"
谷ノ口,串間市,よかバス　鯛取線
上町3丁目,串間市,"よかバス　三ヶ平線, よかバス　上大矢取線, よかバス　風野線, よかバス　奈留線, よかバス　市木線, よかバス　市街地循環線"
県南病院,串間市,よかバス　市街地循環線
海北,宮崎交通（株）,飫肥〜油津・夫婦浦〜幸島入口
海北,串間市,"よかバス　市木線, よかバス　本城市木線"
上古川,串間市,よかバス　鯛取線
下田口,串間市,よかバス　古竹線
串間中前,串間市,よかバス　市街地循環線
警察署前,串間市,よかバス　市街地循環線
中本西方,串間市,よかバス　古竹線
下古川,串間市,よかバス　鯛取線
上郡元,串間市,"よかバス　三ヶ平線, よかバス　上大矢取線, よかバス　風野線, よかバス　奈留線, よかバス　市木線"
スーパー堀口,串間市,よかバス　市街地循環線
マンション前,串間市,よかバス　市街地循環線
平田,宮崎交通（株）,飫肥〜油津・夫婦浦〜幸島入口
平田,串間市,"よかバス　市木線, よかバス　本城市木線"
鹿谷,串間市,よかバス　古竹線
福島小前,串間市,よかバス　市街地循環線
北方小前,串間市,よかバス　鯛取線
福島高前,串間市,"よかバス　高校線, よかバス　三ヶ平線, よかバス　上大矢取線, よかバス　風野線, よかバス　奈留線, よかバス　市木線"
藤公民館,串間市,"よかバス　市木線, よかバス　本城市木線"
上小路,串間市,よかバス　市街地循環線
東本西方,串間市,よかバス　古竹線
中福良,串間市,"よかバス　市木線, よかバス　本城市木線"
羽ヶ瀬公民館,串間市,よかバス　鯛取線
小路,串間市,よかバス　市街地循環線
郡元,串間市,"よかバス　高校線, よかバス　三ヶ平線, よかバス　上大矢取線, よかバス　風野線, よかバス　奈留線, よかバス　市木線"
総合運動公園,串間市,"よかバス　都井岬線, よかバス　名谷黒井線, よかバス　永田線, よかバス　遍保ヶ野線, よかバス　高松線, よかバス　古竹線, よかバス　三ヶ平線, よかバス　上大矢取線, よかバス　風野線, よかバス　奈留線, よかバス　市木線, よかバス　本城市木線, よかバス　鯛取線, よかバス　市街地循環線"
ニシムタ,串間市,よかバス　市街地循環線
市民病院,串間市,"よかバス　都井岬線, よかバス　名谷黒井線, よかバス　永田線, よかバス　遍保ヶ野線, よかバス　高松線, よかバス　古竹線, よかバス　三ヶ平線, よかバス　上大矢取線, よかバス　風野線, よかバス　奈留線, よかバス　市木線, よかバス　本城市木線, よかバス　鯛取線, よかバス　市街地循環線"
石原,串間市,"よかバス　市木線, よかバス　本城市木線"
西小路,串間市,"よかバス　都井岬線, よかバス　名谷黒井線, よかバス　永田線, よかバス　遍保ヶ野線, よかバス　高松線, よかバス　古竹線, よかバス　三ヶ平線, よかバス　上大矢取線, よかバス　風野線, よかバス　奈留線, よかバス　市木線, よかバス　本城市木線, よかバス　鯛取線, よかバス　市街地循環線"
古都,宮崎交通（株）,飫肥〜油津・夫婦浦〜幸島入口
古都,串間市,"よかバス　市木線, よかバス　本城市木線"
市役所,串間市,"よかバス　都井岬線, よかバス　名谷黒井線, よかバス　永田線, よかバス　遍保ヶ野線, よかバス　高松線, よかバス　古竹線, よかバス　三ヶ平線, よかバス　上大矢取線, よかバス　風野線, よかバス　奈留線, よかバス　市木線, よかバス　本城市木線, よかバス　鯛取線, よかバス　市街地循環線"
文化会館,串間市,よかバス　市街地循環線
旭通り,串間市,"よかバス　高校線, よかバス　三ヶ平線, よかバス　上大矢取線, よかバス　風野線, よかバス　奈留線, よかバス　市木線, よかバス　市街地循環線"
市木小前,串間市,"よかバス　市木線, よかバス　本城市木線"
旧吉松家住宅,串間市,よかバス　市街地循環線
市木診療所,串間市,"よかバス　市木線, よかバス　本城市木線"
郵便局前,串間市,"よかバス　都井岬線, よかバス　名谷黒井線, よかバス　永田線, よかバス　遍保ヶ野線, よかバス　高松線, よかバス　古竹線, よかバス　三ヶ平線, よかバス　上大矢取線, よかバス　風野線, よかバス　奈留線, よかバス　市木線, よかバス　本城市木線, よかバス　鯛取線, よかバス　市街地循環線"
木代,串間市,よかバス　高松線
串間駅,串間市,"よかバス　都井岬線, よかバス　高校線, よかバス　名谷黒井線, よかバス　永田線, よかバス　遍保ヶ野線, よかバス　高松線, よかバス　古竹線, よかバス　三ヶ平線, よかバス　上大矢取線, よかバス　風野線, よかバス　奈留線, よかバス　市木線, よかバス　本城市木線, よかバス　鯛取線, よかバス　市街地循環線, よかバス　串間温泉線"
道の駅くしま,串間市,"よかバス　都井岬線, よかバス　名谷黒井線, よかバス　永田線, よかバス　遍保ヶ野線, よかバス　高松線, よかバス　古竹線, よかバス　三ヶ平線, よかバス　上大矢取線, よかバス　風野線, よかバス　奈留線, よかバス　市木線, よかバス　本城市木線, よかバス　鯛取線, よかバス　市街地循環線"
泉町,串間市,"よかバス　永田線, よかバス　高松線, よかバス　市街地循環線"
串間保育園前,串間市,よかバス　市街地循環線
塩屋原,串間市,"よかバス　都井岬線, よかバス　高校線, よかバス　名谷黒井線, よかバス　遍保ヶ野線, よかバス　本城市木線, よかバス　鯛取線, よかバス　市街地循環線, よかバス　串間温泉線"
イルカランド,串間市,"よかバス　高松線, よかバス　市街地循環線"
内の畑,串間市,"よかバス　市木線, よかバス　本城市木線"
本町1丁目,串間市,"よかバス　永田線, よかバス　高松線, よかバス　市街地循環線"
藤岐れ道,宮崎交通（株）,飫肥〜油津・夫婦浦〜幸島入口
前田公民館,串間市,よかバス　鯛取線
松清,串間市,"よかバス　永田線, よかバス　高松線, よかバス　市街地循環線"
八ヶ谷,宮崎交通（株）,飫肥〜油津・夫婦浦〜幸島入口
八ケ谷,串間市,"よかバス　市木線, よかバス　本城市木線"
有明,串間市,よかバス　高松線
長浜,串間市,よかバス　高松線
高松海水浴場,串間市,よかバス　高松線
高松駅前,串間市,よかバス　高松線
寺里1丁目,串間市,"よかバス　永田線, よかバス　高松線, よかバス　市街地循環線"
高松駅,串間市,よかバス　市街地循環線
鍛治屋・大島,串間市,"よかバス　遍保ヶ野線, よかバス　本城市木線"
寺里2丁目,串間市,"よかバス　永田線, よかバス　高松線, よかバス　市街地循環線"
西高松,串間市,よかバス　高松線
マリンタウン2,串間市,よかバス　市街地循環線
今町駅,串間市,よかバス　市街地循環線
塩町,串間市,"よかバス　高松線, よかバス　市街地循環線"
マリンタウン1,串間市,よかバス　市街地循環線
蔵元,串間市,"よかバス　都井岬線, よかバス　高校線, よかバス　名谷黒井線, よかバス　鯛取線, よかバス　串間温泉線"
福島高松,串間市,よかバス　高松線
塩屋,宮崎交通（株）,飫肥〜油津・夫婦浦〜幸島入口
上石波,串間市,"よかバス　市木線, よかバス　本城市木線"
西浜1丁目,串間市,"よかバス　永田線, よかバス　高松線, よかバス　市街地循環線"
石波,宮崎交通（株）,飫肥〜油津・夫婦浦〜幸島入口
下石波,串間市,"よかバス　市木線, よかバス　本城市木線"
保育所前,串間市,"よかバス　高松線, よかバス　市街地循環線"
西浜2丁目,串間市,"よかバス　永田線, よかバス　高松線, よかバス　市街地循環線"
今町橋,串間市,"よかバス　高松線, よかバス　市街地循環線"
上遍保ヶ野,串間市,よかバス　遍保ヶ野線
越ヶ谷,串間市,"よかバス　都井岬線, よかバス　高校線, よかバス　名谷黒井線, よかバス　串間温泉線"
今町公民館,串間市,"よかバス　永田線, よかバス　市街地循環線"
幸島,串間市,"よかバス　市木線, よかバス　本城市木線"
幸島入口,宮崎交通（株）,飫肥〜油津・夫婦浦〜幸島入口
遍保ヶ野,串間市,"よかバス　遍保ヶ野線, よかバス　本城市木線"
河内山,串間市,よかバス　本城市木線
金谷,串間市,"よかバス　永田線, よかバス　遍保ヶ野線"
上千野,串間市,"よかバス　都井岬線, よかバス　高校線, よかバス　名谷黒井線, よかバス　串間温泉線"
居城田,串間市,"よかバス　遍保ヶ野線, よかバス　本城市木線"
金谷公民館,串間市,"よかバス　永田線, よかバス　遍保ヶ野線"
口広,串間市,"よかバス　遍保ヶ野線, よかバス　本城市木線"
西下弓田,串間市,"よかバス　永田線, よかバス　遍保ヶ野線"
中千野,串間市,"よかバス　永田線, よかバス　遍保ヶ野線, よかバス　本城市木線"
代田,串間市,"よかバス　都井岬線, よかバス　高校線, よかバス　名谷黒井線, よかバス　本城市木線, よかバス　串間温泉線"
東下弓田,串間市,"よかバス　永田線, よかバス　遍保ヶ野線"
中園,串間市,"よかバス　遍保ヶ野線, よかバス　本城市木線"
串間温泉,串間市,"よかバス　都井岬線, よかバス　高校線, よかバス　名谷黒井線, よかバス　永田線, よかバス　遍保ヶ野線, よかバス　本城市木線, よかバス　串間温泉線"
自衛隊官舎,串間市,"よかバス　都井岬線, よかバス　高校線, よかバス　名谷黒井線, よかバス　本城市木線, よかバス　串間温泉線"
道場,串間市,"よかバス　都井岬線, よかバス　高校線, よかバス　名谷黒井線, よかバス　永田線, よかバス　遍保ヶ野線, よかバス　本城市木線, よかバス　串間温泉線"
樋口,串間市,"よかバス　都井岬線, よかバス　高校線, よかバス　名谷黒井線"
上平,串間市,"よかバス　都井岬線, よかバス　高校線, よかバス　名谷黒井線, よかバス　永田線, よかバス　本城市木線, よかバス　串間温泉線"
下千野,串間市,"よかバス　永田線, よかバス　遍保ヶ野線"
下平,串間市,"よかバス　都井岬線, よかバス　高校線, よかバス　名谷黒井線, よかバス　永田線, よかバス　遍保ヶ野線, よかバス　串間温泉線"
本城,串間市,"よかバス　都井岬線, よかバス　高校線, よかバス　名谷黒井線, よかバス　永田線, よかバス　本城市木線, よかバス　串間温泉線"
吾社,串間市,よかバス　遍保ヶ野線
小田代,串間市,"よかバス　永田線, よかバス　遍保ヶ野線"
黒仁田,串間市,よかバス　名谷黒井線
春日,串間市,"よかバス　永田線, よかバス　遍保ヶ野線"
港,串間市,"よかバス　永田線, よかバス　遍保ヶ野線"
名谷,串間市,よかバス　名谷黒井線
崎田口,串間市,よかバス　永田線
崎田,串間市,よかバス　永田線
崎田南,串間市,よかバス　永田線
大納,串間市,"よかバス　高校線, よかバス　名谷黒井線"
大納西,串間市,"よかバス　高校線, よかバス　名谷黒井線"
恋ヶ浦,串間市,"よかバス　高校線, よかバス　名谷黒井線"
都井入口,串間市,"よかバス　都井岬線, よかバス　高校線, よかバス　名谷黒井線"
永田,串間市,よかバス　永田線
東,串間市,"よかバス　高校線, よかバス　名谷黒井線"
宇戸,串間市,"よかバス　都井岬線, よかバス　高校線, よかバス　名谷黒井線"
猿田,串間市,よかバス　永田線
都井支所前,串間市,"よかバス　都井岬線, よかバス　高校線, よかバス　名谷黒井線"
宮ノ浦,串間市,"よかバス　高校線, よかバス　名谷黒井線"
派出所前,串間市,"よかバス　都井岬線, よかバス　高校線"
黒井,串間市,よかバス　名谷黒井線
宮原,串間市,"よかバス　都井岬線, よかバス　高校線, よかバス　名谷黒井線"
都井中前,串間市,"よかバス　都井岬線, よかバス　高校線, よかバス　名谷黒井線"
立宇津,串間市,よかバス　名谷黒井線
毛久保,串間市,よかバス　名谷黒井線
都井岬,串間市,よかバス　都井岬線
パカラパカ,串間市,よかバス　都井岬線
