停留所名,事業者名,バス系統
北野原,福島交通（株）,飯坂・中茂庭線
茂庭中学校,福島交通（株）,飯坂・中茂庭線
もにわの湯,福島交通（株）,飯坂・中茂庭線
中茂庭,福島交通（株）,飯坂・中茂庭線
茂庭局前,福島交通（株）,飯坂・中茂庭線
秋庭,福島交通（株）,飯坂・中茂庭線
田端,福島交通（株）,飯坂・中茂庭線
茂庭小学校,福島交通（株）,飯坂・中茂庭線
下滝野,福島交通（株）,飯坂・中茂庭線
滝野,福島交通（株）,飯坂・中茂庭線
白兎,福島交通（株）,飯坂・中茂庭線
軽井沢,福島交通（株）,飯坂・中茂庭線
藤田駅前,福島交通（株）,藤田線
藤清水,福島交通（株）,飯坂・中茂庭線
藤田北,福島交通（株）,藤田線
国見役場,福島交通（株）,藤田線
釣師浜,新地町,のりあいタクシー　しんちゃんGO
役場前,新地町,のりあいタクシー　しんちゃんGO
新地,新地町,のりあいタクシー　しんちゃんGO
藤田南,福島交通（株）,藤田線
増沢,福島交通（株）,飯坂・中茂庭線
道の駅国見,福島交通（株）,藤田線
尚英中学校,新地町,のりあいタクシー　しんちゃんGO
藤田総合病院,福島交通（株）,藤田線
小川,新地町,のりあいタクシー　しんちゃんGO
国重,福島交通（株）,藤田線
新地高校入口,新地町,のりあいタクシー　しんちゃんGO
板橋,福島交通（株）,飯坂・中茂庭線
富倉,新地町,のりあいタクシー　しんちゃんGO
塩野川,福島交通（株）,梁川線［月の輪経由］
八幡前,福島交通（株）,藤田線
梁川見付,福島交通（株）,梁川線［月の輪経由］
原入口,新地町,のりあいタクシー　しんちゃんGO
福祉会館前,福島交通（株）,梁川線［月の輪経由］
桑折分庁舎前,福島交通（株）,藤田線
桑折駅前,福島交通（株）,桑折線
高清水,福島交通（株）,飯坂・中茂庭線
梁川中町,福島交通（株）,梁川線［月の輪経由］
桑折町役場前,福島交通（株）,藤田線
新林,新地町,のりあいタクシー　しんちゃんGO
桑折駅入口,福島交通（株）,"藤田線, 桑折線"
大舘,福島交通（株）,梁川線［月の輪経由］
梁川栄町,福島交通（株）,梁川線［月の輪経由］
大舘西,福島交通（株）,梁川線［月の輪経由］
桑折上町,福島交通（株）,"藤田線, 桑折線"
幸町,福島交通（株）,梁川線［月の輪経由］
広瀬町,福島交通（株）,梁川線［月の輪経由］
新開,福島交通（株）,梁川線［月の輪経由］
駒ヶ嶺,新地町,のりあいタクシー　しんちゃんGO
青葉町,福島交通（株）,梁川線［月の輪経由］
梁川新道入口,福島交通（株）,"藤田線, 桑折線"
梁川駅,福島交通（株）,梁川線［月の輪経由］
町の内,福島交通（株）,梁川線［月の輪経由］
桑折本町,福島交通（株）,"藤田線, 桑折線"
駒ヶ嶺小学校,新地町,のりあいタクシー　しんちゃんGO
穴原,福島交通（株）,飯坂・中茂庭線
天王寺入口,福島交通（株）,飯坂・中茂庭線
柳田,福島交通（株）,梁川線［月の輪経由］
椎木,福島交通（株）,椎木線
毘沙門前,福島交通（株）,飯坂・中茂庭線
杉の平,福島交通（株）,杉の平線［飯坂小学校経由］
八百地,福島交通（株）,梁川線［月の輪経由］
中の内,福島交通（株）,飯坂・中茂庭線
オリエンタルモーター前,福島交通（株）,椎木線
飯坂中原,福島交通（株）,飯坂・中茂庭線
小滝,福島交通（株）,飯坂・中茂庭線
塚部,福島交通（株）,塚部線
大立目,福島交通（株）,梁川線［月の輪経由］
桑折落合,福島交通（株）,"藤田線, 桑折線"
IHI前,福島交通（株）,椎木線
西工業団地入口,福島交通（株）,椎木線
釜場,福島交通（株）,"杉の平線［飯坂小学校経由］, 飯坂・中茂庭線"
円部,福島交通（株）,杉の平線［飯坂小学校経由］
猫川,福島交通（株）,保原線［伊達経由］
赤川橋,福島交通（株）,"杉の平線［飯坂小学校経由］, 飯坂・中茂庭線"
花岡町,福島交通（株）,"杉の平線［飯坂小学校経由］, 飯坂・中茂庭線"
滝の町,福島交通（株）,"杉の平線［飯坂小学校経由］, 飯坂・中茂庭線"
東堀切,福島交通（株）,飯坂・中茂庭線
地蔵川原,福島交通（株）,塚部線
飯坂小学校,福島交通（株）,杉の平線［飯坂小学校経由］
飯坂湯町,福島交通（株）,飯坂・中茂庭線
若葉町,福島交通（株）,"杉の平線［飯坂小学校経由］, 飯坂・中茂庭線"
六万坊,福島交通（株）,梁川線［月の輪経由］
銅屋,福島交通（株）,杉の平線［飯坂小学校経由］
桃陵中学校,福島交通（株）,保原線［伊達経由］
中野橋,福島交通（株）,杉の平線［飯坂小学校経由］
飯坂温泉駅,福島交通（株）,"杉の平線［飯坂小学校経由］, 飯坂・中茂庭線"
伏黒入口,福島交通（株）,"藤田線, 桑折線, 掛田線［上ヶ戸経由］"
湯野駅,福島交通（株）,"湯野線［伊達経由］, 杉の平線［飯坂小学校経由］"
横町,福島交通（株）,"杉の平線［飯坂小学校経由］, 飯坂・中茂庭線"
大和,福島交通（株）,梁川線［月の輪経由］
相馬港,福島交通（株）,松川浦・原釜循環線
瀬沼,福島交通（株）,杉の平線［飯坂小学校経由］
相馬港南,福島交通（株）,松川浦・原釜循環線
半道,福島交通（株）,保原線［伊達経由］
原釜,福島交通（株）,松川浦・原釜循環線
大坪,福島交通（株）,椎木線
田中,福島交通（株）,湯野線［伊達経由］
湯町田中,福島交通（株）,杉の平線［飯坂小学校経由］
さいかち町,福島交通（株）,杉の平線［飯坂小学校経由］
大正橋,福島交通（株）,掛田線［上ヶ戸経由］
中野小学校前,福島交通（株）,杉の平線［飯坂小学校経由］
浜の駅松川浦,福島交通（株）,松川浦・原釜循環線
明神町,福島交通（株）,湯野線［伊達経由］
平林,福島交通（株）,杉の平線［飯坂小学校経由］
上ヶ戸,福島交通（株）,掛田線［上ヶ戸経由］
尾浜こども公園前,福島交通（株）,松川浦・原釜循環線
栄町,福島交通（株）,保原線［月の輪経由］
東小学校入口,福島交通（株）,掛田線［上ヶ戸経由］
滝の沢,福島交通（株）,杉の平線［飯坂小学校経由］
平前,福島交通（株）,掛田線［上ヶ戸経由］
保原晦日町,福島交通（株）,"保原線［伊達経由］, 梁川線［月の輪経由］, 保原線［月の輪経由］"
伏黒診療所前,福島交通（株）,掛田線［上ヶ戸経由］
高取,福島交通（株）,杉の平線［飯坂小学校経由］
堰場,福島交通（株）,"中野線, 杉の平線［飯坂小学校経由］"
川口稲荷神社前,福島交通（株）,松川浦・原釜循環線
東湯野,福島交通（株）,湯野線［伊達経由］
船越,福島交通（株）,松川浦・原釜循環線
東湯野ふれあいセンター,福島交通（株）,湯野線［伊達経由］
築港道,福島交通（株）,松川浦・原釜循環線
薬師前,福島交通（株）,保原線［月の輪経由］
保原九丁目,福島交通（株）,"保原線［伊達経由］, 梁川線［月の輪経由］, 保原線［月の輪経由］"
小幡,福島交通（株）,掛田線［上ヶ戸経由］
増田,福島交通（株）,湯野線［伊達経由］
保原高校前,福島交通（株）,保原線［月の輪経由］
石上,福島交通（株）,塚部線
中野不動尊入口,福島交通（株）,中野線
北部長岡,福島交通（株）,"藤田線, 桑折線, 掛田線［上ヶ戸経由］"
松川浦,福島交通（株）,松川浦・原釜循環線
高塚,福島交通（株）,松川浦・原釜循環線
大野公民館前,福島交通（株）,椎木線
松川港,福島交通（株）,松川浦・原釜循環線
平前,福島交通（株）,松川浦・原釜循環線
下り松,福島交通（株）,松川浦・原釜循環線
伊達駅入口,福島交通（株）,湯野線［伊達経由］
聖光学院前,福島交通（株）,湯野線［伊達経由］
下の台,福島交通（株）,保原線［伊達経由］
保原小学校前,福島交通（株）,"保原線［伊達経由］, 掛田線［上ヶ戸経由］"
保原バスセンター,福島交通（株）,"保原線［伊達経由］, 掛田線［上ヶ戸経由］, 保原線［月の輪経由］"
旭町,福島交通（株）,"保原線［伊達経由］, 掛田線［上ヶ戸経由］"
保原バスセンター入口,福島交通（株）,梁川線［月の輪経由］
伏黒,福島交通（株）,保原線［伊達経由］
伊達交番,福島交通（株）,湯野線［伊達経由］
柳原,福島交通（株）,保原線［伊達経由］
細田,福島交通（株）,松川浦・原釜循環線
伊達総合支所,福島交通（株）,"伊達線, 保原線［伊達経由］"
箱崎,福島交通（株）,"伊達線, 保原線［伊達経由］"
保原五丁目,福島交通（株）,"掛田線［上ヶ戸経由］, 梁川線［月の輪経由］"
川子坂,福島交通（株）,中野線
北福島医療センター,福島交通（株）,"伊達線, 保原線［伊達経由］"
伊達長岡,福島交通（株）,"藤田線, 桑折線, 伊達線, 保原線［伊達経由］, 掛田線［上ヶ戸経由］, 湯野線［伊達経由］"
保原四丁目,福島交通（株）,"掛田線［上ヶ戸経由］, 梁川線［月の輪経由］"
赤橋,福島交通（株）,保原線［月の輪経由］
刈敷田団地,福島交通（株）,松川浦・原釜循環線
保原二丁目,福島交通（株）,"掛田線［上ヶ戸経由］, 梁川線［月の輪経由］"
北台,福島交通（株）,椎木線
中村町,福島交通（株）,"掛田線［上ヶ戸経由］, 保原線［月の輪経由］"
保原駅,福島交通（株）,"掛田線［上ヶ戸経由］, 保原線［月の輪経由］"
新沼,福島交通（株）,塚部線
実町,福島交通（株）,"梁川線［月の輪経由］, 保原線［月の輪経由］"
田町,福島交通（株）,"藤田線, 桑折線, 伊達線, 保原線［伊達経由］, 掛田線［上ヶ戸経由］, 湯野線［伊達経由］, 田町線"
小泉山田,福島交通（株）,松川浦・原釜循環線
十六沼公園,福島交通（株）,中野線
寺前,福島交通（株）,"梁川線［月の輪経由］, 保原線［月の輪経由］"
泉原小学校跡,福島交通（株）,掛田・山野川・霊山線
黒木,福島交通（株）,椎木線
村岡入口,福島交通（株）,掛田線［上ヶ戸経由］
川原町,福島交通（株）,"藤田線, 桑折線, 伊達線, 保原線［伊達経由］, 掛田線［上ヶ戸経由］, 湯野線［伊達経由］, 田町線"
上保原,福島交通（株）,"梁川線［月の輪経由］, 保原線［月の輪経由］"
公立相馬病院,福島交通（株）,"松川浦・原釜循環線, 塚部線"
公立相馬病院,新地町,のりあいタクシー　しんちゃんGO
宮代団地,福島交通（株）,宮代団地線
上舘,福島交通（株）,掛田・山野川・霊山線
座頭町,福島交通（株）,中野線
緑ヶ丘団地入口,福島交通（株）,松川浦・原釜循環線
田向,福島交通（株）,"梁川線［月の輪経由］, 保原線［月の輪経由］"
天明山口,福島交通（株）,椎木線
団地入口,福島交通（株）,宮代団地線
北部集会所前,福島交通（株）,掛田・山野川・霊山線
瀬上橋,福島交通（株）,"藤田線, 桑折線, 伊達線, 保原線［伊達経由］, 掛田線［上ヶ戸経由］, 湯野線［伊達経由］, 田町線"
本笑,福島交通（株）,松川浦・原釜循環線
北小泉,福島交通（株）,松川浦・原釜循環線
平,福島交通（株）,掛田線［上ヶ戸経由］
福祉センター,福島交通（株）,塚部線
岩谷山,福島交通（株）,"梁川線［月の輪経由］, 保原線［月の輪経由］"
迎畑,福島交通（株）,椎木線
羽根通,福島交通（株）,中野線
山野川ふれあいセンター,福島交通（株）,掛田・山野川・霊山線
エイトタウン,福島交通（株）,塚部線
小袋坂,福島交通（株）,宮代団地線
沖ノ内,福島交通（株）,松川浦・原釜循環線
沖ノ内,新地町,のりあいタクシー　しんちゃんGO
鳥居広道,福島交通（株）,掛田・山野川・霊山線
高子団地,福島交通（株）,"梁川線［月の輪経由］, 保原線［月の輪経由］"
柱田,福島交通（株）,掛田線［上ヶ戸経由］
瀬上中央,福島交通（株）,"藤田線, 桑折線, 伊達線, 保原線［伊達経由］, 掛田線［上ヶ戸経由］, 湯野線［伊達経由］, 田町線"
寺下,福島交通（株）,掛田・山野川・霊山線
小泉,福島交通（株）,松川浦・原釜循環線
笹川橋,福島交通（株）,椎木線
高子,福島交通（株）,"梁川線［月の輪経由］, 保原線［月の輪経由］"
高子沼,福島交通（株）,"梁川線［月の輪経由］, 保原線［月の輪経由］"
支所前,福島交通（株）,掛田・山野川・霊山線
梅ノ内,福島交通（株）,掛田・山野川・霊山線
相馬営業所,福島交通（株）,"原町線［車川経由］, 原町線［立谷経由］, 舘前線, 舘前線［磯部経由］, 獺庭線［磯部経由］, 磯部学校線, 松川浦・原釜循環線, 玉野学校線, 小田原線, 塚部線, 椎木線, 原町線［柚木・立谷経由］"
中村一中前,福島交通（株）,椎木線
沼頭,福島交通（株）,"梁川線［月の輪経由］, 保原線［月の輪経由］"
大屋敷,福島交通（株）,宮代団地線
相馬駅,新地町,のりあいタクシー　しんちゃんGO
塚の町,福島交通（株）,松川浦・原釜循環線
宮脇,福島交通（株）,掛田・山野川・霊山線
荒井町,福島交通（株）,椎木線
川沼,福島交通（株）,"塚部線, 椎木線"
県教育センター,福島交通（株）,宮代団地線
瀬上本町,福島交通（株）,"藤田線, 桑折線, 伊達線, 保原線［伊達経由］, 掛田線［上ヶ戸経由］, 湯野線［伊達経由］, 田町線"
五月乙女団地,福島交通（株）,五月乙女団地線［原田東経由］
桜ヶ丘,福島交通（株）,塚部線
桜ヶ丘,新地町,のりあいタクシー　しんちゃんGO
北信団地,福島交通（株）,宮代団地線
大石小学校,福島交通（株）,掛田・山野川・霊山線
東福島駅前,福島交通（株）,宮代団地線
五月乙女団地入口,福島交通（株）,五月乙女団地線［原田東経由］
清水,福島交通（株）,掛田・山野川・霊山線
大出水,福島交通（株）,中野線
栄町,福島交通（株）,"原町線［車川経由］, 原町線［立谷経由］, 舘前線, 舘前線［磯部経由］, 獺庭線［磯部経由］, 磯部学校線, 松川浦・原釜循環線, 玉野学校線, 小田原線, 塚部線, 原町線［柚木・立谷経由］"
中央公民館前,福島交通（株）,塚部線
砂子田,福島交通（株）,"舘前線［磯部経由］, 獺庭線［磯部経由］, 磯部学校線"
大町,新地町,のりあいタクシー　しんちゃんGO
大町,福島交通（株）,"原町線［車川経由］, 原町線［立谷経由］, 舘前線, 舘前線［磯部経由］, 獺庭線［磯部経由］, 磯部学校線, 松川浦・原釜循環線, 玉野学校線, 小田原線, 塚部線, 原町線［柚木・立谷経由］"
霊山神社,福島交通（株）,掛田・山野川・霊山線
福島北警察署,福島交通（株）,五月乙女団地線［原田東経由］
東禅寺前,福島交通（株）,大笹生・医大線［バイパス経由］
大笹生,福島交通（株）,大笹生・医大線［バイパス経由］
福島学院前,福島交通（株）,"藤田線, 桑折線, 伊達線, 保原線［伊達経由］, 掛田線［上ヶ戸経由］, 湯野線［伊達経由］, 田町線, 宮代団地線"
柱沢小学校入口,福島交通（株）,掛田線［上ヶ戸経由］
水口,福島交通（株）,大笹生・医大線［バイパス経由］
三本木,福島交通（株）,大笹生・医大線［バイパス経由］
病院前,福島交通（株）,"梁川線［月の輪経由］, 保原線［月の輪経由］"
寺西,福島交通（株）,大笹生・医大線［バイパス経由］
宇多川町通り,福島交通（株）,"原町線［車川経由］, 玉野学校線, 小田原線, 塚部線"
笹谷新町,福島交通（株）,大笹生・医大線［バイパス経由］
相馬市役所前,福島交通（株）,"原町線［車川経由］, 玉野学校線, 小田原線, 塚部線"
宇多川町,福島交通（株）,"原町線［立谷経由］, 舘前線, 原町線［柚木・立谷経由］"
大手先,福島交通（株）,"原町線［車川経由］, 玉野学校線, 小田原線"
月の輪台団地,福島交通（株）,"月の輪台団地線, 月の輪・医大線［バイパス経由］, 月の輪台団地線［東部支所経由］"
万世団地入口,福島交通（株）,"中野線, 大笹生・医大線［バイパス経由］"
折戸,福島交通（株）,大笹生・医大線［バイパス経由］
掛田中屋敷,福島交通（株）,掛田・山野川・霊山線
金山,福島交通（株）,掛田線［上ヶ戸経由］
JA福島ビル,福島交通（株）,五月乙女団地線［原田東経由］
月の輪,福島交通（株）,"梁川線［月の輪経由］, 保原線［月の輪経由］, 月の輪台団地線, 月の輪・医大線［バイパス経由］, 月の輪台団地線［東部支所経由］"
向町,福島交通（株）,"原町線［立谷経由］, 舘前線, 原町線［柚木・立谷経由］"
信陵支所,福島交通（株）,"中野線, 大笹生・医大線［バイパス経由］"
卸商団地入口,福島交通（株）,"藤田線, 桑折線, 伊達線, 保原線［伊達経由］, 掛田線［上ヶ戸経由］, 湯野線［伊達経由］, 田町線, 宮代団地線"
大手先局前,福島交通（株）,"原町線［車川経由］, 玉野学校線, 小田原線"
田沢,福島交通（株）,"霊山循環［山戸田先回り］, 霊山循環［掛田小・山戸田先回り］, 霊山循環［山戸田先回り・掛田小］"
南矢野目高畑,福島交通（株）,イオン福島線［御山経由］
中川集落センター,福島交通（株）,"霊山循環［山戸田先回り］, 霊山循環［掛田小・山戸田先回り］, 霊山循環［山戸田先回り・掛田小］"
百槻,福島交通（株）,"舘前線［磯部経由］, 獺庭線［磯部経由］, 磯部学校線"
南矢野目道上,福島交通（株）,イオン福島線［御山経由］
神明前,福島交通（株）,"舘前線［磯部経由］, 獺庭線［磯部経由］, 磯部学校線"
霊山大平,福島交通（株）,"霊山循環［山戸田先回り］, 霊山循環［掛田小・山戸田先回り］, 霊山循環［山戸田先回り・掛田小］"
南矢野目道下,福島交通（株）,イオン福島線［御山経由］
谷地前,福島交通（株）,イオン福島線［御山経由］
原田東,福島交通（株）,五月乙女団地線［原田東経由］
笹谷団地入口,福島交通（株）,"中野線, 大笹生・医大線［バイパス経由］"
表西山,福島交通（株）,"玉野学校線, 小田原線"
掛田小学校,福島交通（株）,"霊山循環［掛田小・山戸田先回り］, 霊山循環［山戸田先回り・掛田小］, 掛田・山野川・霊山線, 追分線［掛田小経由］"
向鎌田,福島交通（株）,"梁川線［月の輪経由］, 保原線［月の輪経由］, 月の輪台団地線, 月の輪・医大線［バイパス経由］, 月の輪台団地線［東部支所経由］"
大曲,福島交通（株）,"舘前線［磯部経由］, 獺庭線［磯部経由］, 磯部学校線"
信陵中学校,福島交通（株）,"中野線, 大笹生・医大線［バイパス経由］"
四十九院,福島交通（株）,掛田線［上ヶ戸経由］
ハッピー愛ランド,福島交通（株）,"信夫山循環［4号線先回り/ハッピー愛ランド経由］, 信夫山循環［13号線先回り/ハッピー愛ランド経由］"
愛宕神社下,福島交通（株）,"玉野学校線, 小田原線"
イオン福島店西,福島交通（株）,イオン福島線［御山経由］
清水橋,福島交通（株）,原町線［車川経由］
橋本前,福島交通（株）,"舘前線［磯部経由］, 獺庭線［磯部経由］, 磯部学校線"
取揚,福島交通（株）,掛田線［上ヶ戸経由］
荒古屋,福島交通（株）,荒古屋・医大線［南沢又・バイパス経由］
イオン福島店,福島交通（株）,イオン福島線［御山経由］
南部,福島交通（株）,荒古屋・医大線［南沢又・バイパス経由］
綱島,福島交通（株）,荒古屋・医大線［南沢又・バイパス経由］
中学校前,福島交通（株）,"霊山循環［山戸田先回り］, 霊山循環［掛田小・山戸田先回り］, 霊山循環［山戸田先回り・掛田小］, 掛田・山野川・霊山線, 追分線［掛田小経由］"
ショッピングタウン・ベガ,福島交通（株）,"原町線［立谷経由］, 舘前線, 原町線［柚木・立谷経由］"
岡島,福島交通（株）,"梁川線［月の輪経由］, 保原線［月の輪経由］, 月の輪台団地線, 月の輪・医大線［バイパス経由］, 月の輪台団地線［東部支所経由］"
飯豊,福島交通（株）,"舘前線［磯部経由］, 獺庭線［磯部経由］, 磯部学校線"
上釜,福島交通（株）,荒古屋・医大線［南沢又・バイパス経由］
本内局前,福島交通（株）,"信夫山循環［4号線先回り］, 信夫山循環［4号線先回り/ハッピー愛ランド経由］, 信夫山循環［13号線先回り］, 信夫山循環［13号線先回り/ハッピー愛ランド経由］"
粟津入口,福島交通（株）,"玉野学校線, 小田原線"
熊野神社入口,福島交通（株）,原町線［車川経由］
日向前,福島交通（株）,掛田線［上ヶ戸経由］
本内,福島交通（株）,"藤田線, 桑折線, 伊達線, 保原線［伊達経由］, 掛田線［上ヶ戸経由］, 湯野線［伊達経由］, 田町線, 宮代団地線, 信夫山循環［4号線先回り］, 信夫山循環［4号線先回り/ハッピー愛ランド経由］, 信夫山循環［13号線先回り］, 信夫山循環［13号線先回り/ハッピー愛ランド経由］"
福島第一病院前,福島交通（株）,"中野線, 大笹生・医大線［バイパス経由］"
上牛坂,福島交通（株）,"霊山循環［山戸田先回り］, 霊山循環［掛田小・山戸田先回り］, 霊山循環［山戸田先回り・掛田小］"
境田,福島交通（株）,イオン福島線［御山経由］
漆方,福島交通（株）,"信夫山循環［4号線先回り］, 信夫山循環［4号線先回り/ハッピー愛ランド経由］, 信夫山循環［13号線先回り］, 信夫山循環［13号線先回り/ハッピー愛ランド経由］"
丸子,福島交通（株）,"信夫山循環［4号線先回り］, 信夫山循環［4号線先回り/ハッピー愛ランド経由］, 信夫山循環［13号線先回り］, 信夫山循環［13号線先回り/ハッピー愛ランド経由］"
大師前,福島交通（株）,"舘前線［磯部経由］, 獺庭線［磯部経由］, 磯部学校線"
掛田駅前,福島交通（株）,"掛田線［上ヶ戸経由］, 川俣・掛田線, 掛田線［大波経由］, 掛田線［文知摺・大波経由］, 霊山循環［山戸田先回り］, 霊山循環［掛田小・山戸田先回り］, 霊山循環［山戸田先回り・掛田小］, 掛田・山野川・霊山線, 掛田・追分線, 追分線［掛田小経由］"
福商前,福島交通（株）,"信夫山循環［4号線先回り］, 信夫山循環［4号線先回り/ハッピー愛ランド経由］, 信夫山循環［13号線先回り］, 信夫山循環［13号線先回り/ハッピー愛ランド経由］"
富塚,福島交通（株）,"信夫山循環［4号線先回り］, 信夫山循環［4号線先回り/ハッピー愛ランド経由］, 信夫山循環［13号線先回り］, 信夫山循環［13号線先回り/ハッピー愛ランド経由］"
向原,福島交通（株）,"信夫山循環［4号線先回り］, 信夫山循環［4号線先回り/ハッピー愛ランド経由］, 信夫山循環［13号線先回り］, 信夫山循環［13号線先回り/ハッピー愛ランド経由］"
古屋敷,福島交通（株）,"五月乙女団地線［原田東経由］, 信夫山循環［4号線先回り］, 信夫山循環［4号線先回り/ハッピー愛ランド経由］"
砂入,福島交通（株）,"梁川線［月の輪経由］, 保原線［月の輪経由］, 月の輪台団地線, 月の輪・医大線［バイパス経由］, 月の輪台団地線［東部支所経由］"
川寒,福島交通（株）,イオン福島線［御山経由］
相馬市バスターミナル,福島交通（株）,"玉野学校線, 小田原線"
向山,福島交通（株）,"原町線［立谷経由］, 舘前線, 原町線［柚木・立谷経由］"
北沢又,福島交通（株）,"北沢又線［南沢又経由］, 荒古屋・医大線［南沢又・バイパス経由］"
上松川,福島交通（株）,"中野線, 大笹生・医大線［バイパス経由］"
滝平,福島交通（株）,玉野学校線
柏崎,福島交通（株）,"舘前線［磯部経由］, 獺庭線［磯部経由］, 磯部学校線"
掛田中町,福島交通（株）,"川俣・掛田線, 掛田線［大波経由］, 掛田線［文知摺・大波経由］, 霊山循環［山戸田先回り］, 霊山循環［掛田小・山戸田先回り］, 霊山循環［山戸田先回り・掛田小］, 掛田・追分線, 追分線［掛田小経由］"
岡本,福島交通（株）,原町線［車川経由］
下川原,福島交通（株）,イオン福島線［御山経由］
大旦東,福島交通（株）,月の輪台団地線［東部支所経由］
大旦,福島交通（株）,"梁川線［月の輪経由］, 保原線［月の輪経由］, 月の輪台団地線, 月の輪・医大線［バイパス経由］"
梅川,福島交通（株）,"舘前線［磯部経由］, 獺庭線［磯部経由］, 磯部学校線"
北萱場,福島交通（株）,庭坂線［運転免許センター経由］
清水学習センター前,福島交通（株）,イオン福島線［御山経由］
上本内,福島交通（株）,"藤田線, 桑折線, 伊達線, 保原線［伊達経由］, 掛田線［上ヶ戸経由］, 湯野線［伊達経由］, 田町線, 宮代団地線, 信夫山循環［4号線先回り］, 信夫山循環［4号線先回り/ハッピー愛ランド経由］, 信夫山循環［13号線先回り］, 信夫山循環［13号線先回り/ハッピー愛ランド経由］"
陽光園前,福島交通（株）,庭坂線［運転免許センター経由］
掛田新町,福島交通（株）,"川俣・掛田線, 掛田線［大波経由］, 掛田線［文知摺・大波経由］, 霊山循環［山戸田先回り］, 霊山循環［掛田小・山戸田先回り］, 霊山循環［山戸田先回り・掛田小］, 掛田・追分線, 追分線［掛田小経由］"
三本松,福島交通（株）,"五月乙女団地線［原田東経由］, 信夫山循環［4号線先回り］, 信夫山循環［4号線先回り/ハッピー愛ランド経由］, 信夫山循環［13号線先回り］, 信夫山循環［13号線先回り/ハッピー愛ランド経由］"
萩の久保,福島交通（株）,玉野学校線
掛田金子町,福島交通（株）,"川俣・掛田線, 掛田線［大波経由］, 掛田線［文知摺・大波経由］, 霊山循環［山戸田先回り］, 霊山循環［掛田小・山戸田先回り］, 霊山循環［山戸田先回り・掛田小］, 掛田・追分線, 追分線［掛田小経由］"
刑務所前,福島交通（株）,"北沢又線［南沢又経由］, 荒古屋・医大線［南沢又・バイパス経由］"
落合,福島交通（株）,玉野学校線
物倉,福島交通（株）,玉野学校線
泉,福島交通（株）,"中野線, 大笹生・医大線［バイパス経由］"
山上学校前,福島交通（株）,"玉野学校線, 小田原線"
薄木集会所前,福島交通（株）,"霊山循環［山戸田先回り］, 霊山循環［掛田小・山戸田先回り］, 霊山循環［山戸田先回り・掛田小］"
道合,福島交通（株）,"北沢又線［南沢又経由］, 荒古屋・医大線［南沢又・バイパス経由］"
山岸,福島交通（株）,"玉野学校線, 小田原線"
馬場野住宅団地,福島交通（株）,"原町線［立谷経由］, 舘前線, 原町線［柚木・立谷経由］"
当木,福島交通（株）,"梁川線［月の輪経由］, 保原線［月の輪経由］, 月の輪台団地線, 月の輪・医大線［バイパス経由］"
水産加工施設前,福島交通（株）,"舘前線［磯部経由］, 獺庭線［磯部経由］, 磯部学校線"
萱場,福島交通（株）,庭坂線［運転免許センター経由］
鎌古屋,福島交通（株）,庭坂線［運転免許センター経由］
玄場,福島交通（株）,"北沢又線［南沢又経由］, 荒古屋・医大線［南沢又・バイパス経由］"
霊山総合支所,福島交通（株）,"川俣・掛田線, 掛田線［大波経由］, 掛田線［文知摺・大波経由］, 掛田・追分線, 追分線［掛田小経由］"
遠藤,福島交通（株）,"玉野学校線, 小田原線"
今田入口,福島交通（株）,"玉野学校線, 小田原線"
グランド前,福島交通（株）,"藤田線, 桑折線, 伊達線, 保原線［伊達経由］, 掛田線［上ヶ戸経由］, 湯野線［伊達経由］, 田町線, 宮代団地線, 信夫山循環［4号線先回り］, 信夫山循環［4号線先回り/ハッピー愛ランド経由］, 信夫山循環［13号線先回り］, 信夫山循環［13号線先回り/ハッピー愛ランド経由］"
熊の辻,福島交通（株）,"北沢又線［南沢又経由］, 荒古屋・医大線［南沢又・バイパス経由］"
新林,福島交通（株）,庭坂線［運転免許センター経由］
小田原,福島交通（株）,"玉野学校線, 小田原線"
原の内,福島交通（株）,"庭坂線［市役所・由添経由］, 庭坂線［運転免許センター経由］, 庭坂・医大線［バイパス・長沼経由］, 庭坂線［大原綜合病院・由添経由］"
落合橋,福島交通（株）,玉野学校線
御山中屋敷,福島交通（株）,イオン福島線［御山経由］
八幡,福島交通（株）,原町線［車川経由］
御山一本木,福島交通（株）,イオン福島線［御山経由］
大原,福島交通（株）,庭坂線［運転免許センター経由］
運転免許センター,福島交通（株）,庭坂線［運転免許センター経由］
清水田,福島交通（株）,"北沢又線［南沢又経由］, 荒古屋・医大線［南沢又・バイパス経由］"
さとう整形外科前,福島交通（株）,月の輪台団地線［東部支所経由］
タチガロウ,福島交通（株）,玉野学校線
長林,福島交通（株）,庭坂線［運転免許センター経由］
清水支所前,福島交通（株）,"北沢又線［南沢又経由］, 荒古屋・医大線［南沢又・バイパス経由］"
庭坂荒町,福島交通（株）,"庭坂線［市役所・由添経由］, 庭坂線［運転免許センター経由］, 庭坂・医大線［バイパス・長沼経由］, 庭坂線［大原綜合病院・由添経由］"
泉局前,福島交通（株）,"中野線, 北沢又線［南沢又経由］, 荒古屋・医大線［南沢又・バイパス経由］, 大笹生・医大線［バイパス経由］"
稲荷田,福島交通（株）,"五月乙女団地線［原田東経由］, 信夫山循環［4号線先回り］, 信夫山循環［4号線先回り/ハッピー愛ランド経由］, 信夫山循環［13号線先回り］, 信夫山循環［13号線先回り/ハッピー愛ランド経由］, イオン福島線［御山経由］"
日井古屋,福島交通（株）,庭坂線［運転免許センター経由］
町内,福島交通（株）,"梁川線［月の輪経由］, 保原線［月の輪経由］, 月の輪台団地線, 月の輪・医大線［バイパス経由］"
横川,福島交通（株）,"玉野学校線, 小田原線"
西陣場,福島交通（株）,"川俣・掛田線, 掛田線［大波経由］, 掛田線［文知摺・大波経由］, 掛田・追分線, 追分線［掛田小経由］"
小倉公会堂前,福島交通（株）,"玉野学校線, 小田原線"
石橋,福島交通（株）,"霊山循環［山戸田先回り］, 霊山循環［掛田小・山戸田先回り］, 霊山循環［山戸田先回り・掛田小］"
百尺観音入口,福島交通（株）,"原町線［立谷経由］, 舘前線, 原町線［柚木・立谷経由］"
八幡前,福島交通（株）,原町線［車川経由］
霊山田中,福島交通（株）,"霊山循環［山戸田先回り］, 霊山循環［掛田小・山戸田先回り］, 霊山循環［山戸田先回り・掛田小］"
下屋敷,福島交通（株）,庭坂線［運転免許センター経由］
道下,福島交通（株）,"中野線, 北沢又線［南沢又経由］, 荒古屋・医大線［南沢又・バイパス経由］, 大笹生・医大線［バイパス経由］"
東部支所前,福島交通（株）,月の輪台団地線［東部支所経由］
並木,福島交通（株）,"玉野学校線, 小田原線"
菖蒲沢,福島交通（株）,玉野学校線
畑尻,福島交通（株）,"川俣・掛田線, 掛田線［大波経由］, 掛田線［文知摺・大波経由］, 掛田・追分線, 追分線［掛田小経由］"
内町,福島交通（株）,"志田線, 庭坂線［市役所・由添経由］, 庭坂線［運転免許センター経由］, 庭坂・医大線［バイパス・長沼経由］, 庭坂線［大原綜合病院・由添経由］"
岩谷下,福島交通（株）,"藤田線, 桑折線, 伊達線, 保原線［伊達経由］, 掛田線［上ヶ戸経由］, 梁川線［月の輪経由］, 保原線［月の輪経由］, 月の輪台団地線, 川俣線［月舘経由］, 掛田線［大波経由］, 湯野線［伊達経由］, 田町線, 宮代団地線, 月の輪・医大線［バイパス経由］, 信夫山循環［4号線先回り］, 信夫山循環［4号線先回り/ハッピー愛ランド経由］, 信夫山循環［13号線先回り］, 信夫山循環［13号線先回り/ハッピー愛ランド経由］, 月の輪台団地線［東部支所経由］, 掛田線［文知摺・大波経由］"
堀河町,福島交通（株）,"梁川線［月の輪経由］, 保原線［月の輪経由］, 月の輪台団地線, 川俣線［月舘経由］, 掛田線［大波経由］, 月の輪・医大線［バイパス経由］, 月の輪台団地線［東部支所経由］, 掛田線［文知摺・大波経由］"
新道,福島交通（株）,"志田線, 庭坂・医大線［バイパス・長沼経由］"
高畑,福島交通（株）,"川俣線［月舘経由］, 掛田線［大波経由］, 月の輪台団地線［東部支所経由］, 掛田線［文知摺・大波経由］"
萱場入口,福島交通（株）,"志田線, 庭坂線［運転免許センター経由］, 庭坂・医大線［バイパス・長沼経由］"
湯町,福島交通（株）,志田線
西原,福島交通（株）,"川俣線［月舘経由］, 掛田線［大波経由］, 掛田線［文知摺・大波経由］"
長畑,福島交通（株）,"志田線, 庭坂線［市役所・由添経由］, 庭坂・医大線［バイパス・長沼経由］, 庭坂線［大原綜合病院・由添経由］"
岡部,福島交通（株）,"梁川線［月の輪経由］, 保原線［月の輪経由］, 月の輪台団地線, 川俣線［月舘経由］, 掛田線［大波経由］, 月の輪・医大線［バイパス経由］, 月の輪台団地線［東部支所経由］, 掛田線［文知摺・大波経由］"
文知摺,福島交通（株）,"川俣線［月舘経由］, 掛田線［大波経由］, 掛田線［文知摺・大波経由］"
文知摺観音,福島交通（株）,掛田線［文知摺・大波経由］
月舘入口,福島交通（株）,"川俣線［月舘経由］, 川俣・掛田線, 掛田線［大波経由］, 掛田線［文知摺・大波経由］, 掛田・追分線, 追分線［掛田小経由］"
堤入口,福島交通（株）,玉野学校線
庭坂駅前,福島交通（株）,"志田線, 庭坂線［市役所・由添経由］, 庭坂・医大線［バイパス・長沼経由］, 庭坂線［大原綜合病院・由添経由］"
ヨークベニマル福島西店,福島交通（株）,森合団地線
笹木野駅入口,福島交通（株）,"志田線, 庭坂線［運転免許センター経由］, 庭坂・医大線［バイパス・長沼経由］"
山神,福島交通（株）,"志田線, 庭坂線［市役所・由添経由］, 庭坂・医大線［バイパス・長沼経由］, 庭坂線［大原綜合病院・由添経由］"
中西裏,福島交通（株）,"庭坂線［市役所・由添経由］, 庭坂線［大原綜合病院・由添経由］"
坪田,福島交通（株）,原町線［車川経由］
庭塚入口,福島交通（株）,"庭坂線［市役所・由添経由］, 庭坂・医大線［バイパス・長沼経由］, 庭坂線［大原綜合病院・由添経由］"
古関裕而記念館前・音楽堂,福島市,"メロディーバス［平日ルート］, メロディーバス［土日祝ルート］"
玉野橋,福島交通（株）,玉野学校線
日赤前,福島交通（株）,"藤田線, 桑折線, 伊達線, 保原線［伊達経由］, 掛田線［上ヶ戸経由］, 梁川線［月の輪経由］, 保原線［月の輪経由］, 月の輪台団地線, 川俣線［月舘経由］, 掛田線［大波経由］, 湯野線［伊達経由］, 田町線, 宮代団地線, 月の輪・医大線［バイパス経由］, 信夫山循環［4号線先回り］, 信夫山循環［4号線先回り/ハッピー愛ランド経由］, 信夫山循環［13号線先回り］, 信夫山循環［13号線先回り/ハッピー愛ランド経由］, 月の輪台団地線［東部支所経由］, 掛田線［文知摺・大波経由］"
笹木野原,福島交通（株）,"志田線, 庭坂線［市役所・由添経由］, 庭坂・医大線［バイパス・長沼経由］, 庭坂線［大原綜合病院・由添経由］"
森合団地,福島交通（株）,森合団地線
土関,福島交通（株）,"霊山循環［山戸田先回り］, 霊山循環［掛田小・山戸田先回り］, 霊山循環［山戸田先回り・掛田小］"
福島赤十字病院,福島交通（株）,"東浜町線, 東浜町線［ヘルシーランド経由］"
間ノ次郎,福島交通（株）,"玉野学校線, 小田原線"
玉野学校前,福島交通（株）,玉野学校線
工場前,福島交通（株）,"川俣線［月舘経由］, 掛田線［大波経由］, 掛田線［文知摺・大波経由］, 掛田・追分線, 追分線［掛田小経由］"
大金谷尻,福島交通（株）,"志田線, 庭坂線［運転免許センター経由］, 庭坂・医大線［バイパス・長沼経由］"
遠原,福島交通（株）,"志田線, 庭坂線［市役所・由添経由］, 庭坂・医大線［バイパス・長沼経由］, 庭坂線［大原綜合病院・由添経由］"
横塚入口,福島交通（株）,志田線
小峠,福島交通（株）,"志田線, 庭坂線［市役所・由添経由］, 庭坂・医大線［バイパス・長沼経由］, 庭坂線［大原綜合病院・由添経由］"
上中井塚,福島交通（株）,玉野学校線
工業高校前,福島交通（株）,"中野線, 北沢又線［南沢又経由］, 荒古屋・医大線［南沢又・バイパス経由］, 大笹生・医大線［バイパス経由］"
文知摺観音入口,福島交通（株）,"川俣線［月舘経由］, 掛田線［大波経由］, 掛田線［文知摺・大波経由］"
下小国,福島交通（株）,"川俣線［月舘経由］, 掛田線［大波経由］, 掛田線［文知摺・大波経由］, 掛田・追分線, 追分線［掛田小経由］"
森合南公園,福島交通（株）,森合団地線
桜木町,福島市,"メロディーバス［平日ルート］, メロディーバス［土日祝ルート］"
長沼,福島交通（株）,"志田線, 庭坂線［市役所・由添経由］, 庭坂・医大線［バイパス・長沼経由］, 庭坂線［大原綜合病院・由添経由］"
山上局前,福島交通（株）,"玉野学校線, 小田原線"
笹木野町裏,福島交通（株）,"庭坂線［市役所・由添経由］, 庭坂線［大原綜合病院・由添経由］"
山戸田,福島交通（株）,"霊山循環［山戸田先回り］, 霊山循環［掛田小・山戸田先回り］, 霊山循環［山戸田先回り・掛田小］"
八島田,福島交通（株）,"志田線, 庭坂線［運転免許センター経由］, 庭坂・医大線［バイパス・長沼経由］"
小国公民館前,福島交通（株）,"川俣線［月舘経由］, 掛田線［大波経由］, 掛田線［文知摺・大波経由］, 掛田・追分線, 追分線［掛田小経由］"
福島県文化センター,福島市,"メロディーバス［平日ルート］, メロディーバス［土日祝ルート］"
森合高野,福島交通（株）,森合団地線
海呑,福島交通（株）,"川俣線［月舘経由］, 掛田線［大波経由］, 掛田線［文知摺・大波経由］"
ふたつやま公園前,福島交通（株）,森合団地線
福田入口,福島交通（株）,"川俣線［月舘経由］, 川俣・掛田線"
JA野田支店前,福島交通（株）,"庭坂線［市役所・由添経由］, 庭坂線［大原綜合病院・由添経由］"
下中井塚,福島交通（株）,玉野学校線
東浜町,福島交通（株）,"東浜町線, 東浜町線［ヘルシーランド経由］"
台町,福島交通（株）,原町線［車川経由］
競馬場前,福島交通（株）,"藤田線, 桑折線, 伊達線, 保原線［伊達経由］, 掛田線［上ヶ戸経由］, 梁川線［月の輪経由］, 保原線［月の輪経由］, 月の輪台団地線, 川俣線［月舘経由］, 掛田線［大波経由］, 湯野線［伊達経由］, 田町線, 宮代団地線, 月の輪・医大線［バイパス経由］, 信夫山循環［4号線先回り］, 信夫山循環［4号線先回り/ハッピー愛ランド経由］, 信夫山循環［13号線先回り］, 信夫山循環［13号線先回り/ハッピー愛ランド経由］, 月の輪台団地線［東部支所経由］, 掛田線［文知摺・大波経由］"
志田,福島交通（株）,志田線
勝口前,福島交通（株）,"志田線, 庭坂線［運転免許センター経由］, 庭坂・医大線［バイパス・長沼経由］"
水口下,福島交通（株）,"庭坂線［市役所・由添経由］, 庭坂線［大原綜合病院・由添経由］"
森合,福島交通（株）,"中野線, 北沢又線［南沢又経由］, 荒古屋・医大線［南沢又・バイパス経由］, 大笹生・医大線［バイパス経由］"
ヘルシーランド,福島交通（株）,東浜町線［ヘルシーランド経由］
正眼寺,福島交通（株）,森合団地線
円渕,福島交通（株）,"玉野学校線, 小田原線"
お春地蔵,福島交通（株）,"川俣線［月舘経由］, 掛田線［大波経由］, 掛田線［文知摺・大波経由］"
志田公民館前,福島交通（株）,志田線
山信田住宅団地,福島交通（株）,"舘前線［磯部経由］, 獺庭線［磯部経由］, 磯部学校線"
山下町,福島市,"メロディーバス［平日ルート］, メロディーバス［土日祝ルート］"
小国若宮,福島交通（株）,"掛田・追分線, 追分線［掛田小経由］"
県立美術館入口,福島交通（株）,蓬莱スクール循環線
県立美術館入口,福島市,"1コース［太田町回り］, 1コース［上町先回り］, 1コース［こむこむ館先回り］, 2コース［曽根田先回り］, 2コース［美術館先回り］, メロディーバス［平日ルート］, メロディーバス［土日祝ルート］"
上志田,福島交通（株）,志田線
繕木,福島交通（株）,"川俣線［月舘経由］, 川俣・掛田線"
東玉野,福島交通（株）,玉野学校線
森合緑地公園,福島交通（株）,蓬莱スクール循環線
森合緑地公園,福島市,"1コース［太田町回り］, 1コース［上町先回り］, 1コース［こむこむ館先回り］, 2コース［曽根田先回り］, 2コース［美術館先回り］, メロディーバス［平日ルート］, メロディーバス［土日祝ルート］"
北中央三丁目,福島交通（株）,"庭坂線［市役所・由添経由］, 庭坂線［大原綜合病院・由添経由］"
磯部選果場前,福島交通（株）,"舘前線［磯部経由］, 獺庭線［磯部経由］, 磯部学校線"
立谷,福島交通（株）,"原町線［立谷経由］, 舘前線, 原町線［柚木・立谷経由］"
由添団地,福島交通（株）,"庭坂線［市役所・由添経由］, 庭坂線［大原綜合病院・由添経由］"
福高前,福島交通（株）,蓬莱スクール循環線
福高前,福島市,"1コース［太田町回り］, 1コース［上町先回り］, 1コース［こむこむ館先回り］, 2コース［曽根田先回り］, 2コース［美術館先回り］, メロディーバス［平日ルート］, メロディーバス［土日祝ルート］"
福島テレビ,福島交通（株）,蓬莱スクール循環線
福島テレビ,福島市,"1コース［太田町回り］, 1コース［上町先回り］, 1コース［こむこむ館先回り］, 2コース［曽根田先回り］, 2コース［美術館先回り］, メロディーバス［平日ルート］, メロディーバス［土日祝ルート］"
西中川,福島交通（株）,森合団地線
ふくしまアリーナ,福島交通（株）,蓬莱スクール循環線
ふくしまアリーナ,福島市,"1コース［太田町回り］, 1コース［上町先回り］, 1コース［こむこむ館先回り］, 2コース［曽根田先回り］, 2コース［美術館先回り］, メロディーバス［平日ルート］, メロディーバス［土日祝ルート］"
霞町,福島市,"1コース［太田町回り］, 1コース［上町先回り］, 1コース［こむこむ館先回り］, 2コース［曽根田先回り］, 2コース［美術館先回り］, メロディーバス［平日ルート］, メロディーバス［土日祝ルート］"
桜の聖母短期大学,福島市,"1コース［太田町回り］, 1コース［上町先回り］, 1コース［こむこむ館先回り］, 2コース［曽根田先回り］, 2コース［美術館先回り］"
下八島田,福島交通（株）,"志田線, 庭坂線［運転免許センター経由］, 庭坂・医大線［バイパス・長沼経由］"
花園町,福島市,"1コース［太田町回り］, 1コース［上町先回り］, 1コース［こむこむ館先回り］, 2コース［曽根田先回り］, 2コース［美術館先回り］"
シルバー人材センター前,福島交通（株）,"東浜町線, 東浜町線［ヘルシーランド経由］"
年金事務所入口,福島交通（株）,"藤田線, 桑折線, 伊達線, 保原線［伊達経由］, 掛田線［上ヶ戸経由］, 梁川線［月の輪経由］, 保原線［月の輪経由］, 月の輪台団地線, 川俣線［月舘経由］, 掛田線［大波経由］, 湯野線［伊達経由］, 田町線, 宮代団地線, 月の輪・医大線［バイパス経由］, 信夫山循環［4号線先回り］, 信夫山循環［4号線先回り/ハッピー愛ランド経由］, 信夫山循環［13号線先回り］, 信夫山循環［13号線先回り/ハッピー愛ランド経由］, 月の輪台団地線［東部支所経由］, 掛田線［文知摺・大波経由］"
森合屋敷中,福島交通（株）,森合団地線
保健福祉センター,福島市,"1コース［こむこむ館先回り］, 2コース［美術館先回り］"
福島中央郵便局,福島交通（株）,"五月乙女団地線［原田東経由］, 信夫山循環［4号線先回り］, 信夫山循環［4号線先回り/ハッピー愛ランド経由］, 信夫山循環［13号線先回り］, 信夫山循環［13号線先回り/ハッピー愛ランド経由］, イオン福島線［御山経由］"
大渕,福島交通（株）,"川俣線［月舘経由］, 掛田線［大波経由］, 掛田線［文知摺・大波経由］"
野田保育所,福島交通（株）,"志田線, 庭坂線［運転免許センター経由］, 庭坂・医大線［バイパス・長沼経由］"
西中央二丁目,福島交通（株）,"庭坂線［市役所・由添経由］, 庭坂線［大原綜合病院・由添経由］"
野田中央公園,福島交通（株）,"庭坂線［市役所・由添経由］, 庭坂線［大原綜合病院・由添経由］"
田中前,福島交通（株）,"志田線, 庭坂線［運転免許センター経由］, 庭坂・医大線［バイパス・長沼経由］"
児童公園入口,福島市,"メロディーバス［平日ルート］, メロディーバス［土日祝ルート］"
附属小前,福島交通（株）,"庭坂線［市役所・由添経由］, 掛田線［大波経由］, 蓬莱スクール循環線, 掛田線［文知摺・大波経由］"
附属小前,福島市,"1コース［太田町回り］, 1コース［上町先回り］, 1コース［こむこむ館先回り］, 2コース［曽根田先回り］, 2コース［美術館先回り］"
曽根田,福島交通（株）,"中野線, 北沢又線［南沢又経由］, 蓬莱スクール循環線, 荒古屋・医大線［南沢又・バイパス経由］, 大笹生・医大線［バイパス経由］"
曽根田,福島市,"1コース［太田町回り］, 1コース［上町先回り］, 1コース［こむこむ館先回り］, 2コース［曽根田先回り］, 2コース［美術館先回り］, メロディーバス［平日ルート］, メロディーバス［土日祝ルート］"
福島市役所前,福島交通（株）,"庭坂線［市役所・由添経由］, 掛田線［大波経由］, 蓬莱スクール循環線, 掛田線［文知摺・大波経由］"
福島市役所前,福島市,"1コース［太田町回り］, 1コース［上町先回り］, 1コース［こむこむ館先回り］, 2コース［曽根田先回り］, 2コース［美術館先回り］"
福島市役所入口,福島交通（株）,"藤田線, 桑折線, 伊達線, 保原線［伊達経由］, 掛田線［上ヶ戸経由］, 梁川線［月の輪経由］, 保原線［月の輪経由］, 月の輪台団地線, 川俣線［月舘経由］, 湯野線［伊達経由］, 田町線, 宮代団地線, 蓬莱スクール循環線, 月の輪・医大線［バイパス経由］, 信夫山循環［4号線先回り］, 信夫山循環［4号線先回り/ハッピー愛ランド経由］, 信夫山循環［13号線先回り］, 信夫山循環［13号線先回り/ハッピー愛ランド経由］, 月の輪台団地線［東部支所経由］"
児童公園,福島市,メロディーバス［平日ルート］
松道,福島交通（株）,原町線［車川経由］
野田局前,福島交通（株）,"庭坂線［市役所・由添経由］, 庭坂線［大原綜合病院・由添経由］"
三河尻,福島交通（株）,"志田線, 庭坂線［運転免許センター経由］, 庭坂・医大線［バイパス・長沼経由］"
磯部学校,福島交通（株）,"舘前線［磯部経由］, 獺庭線［磯部経由］, 磯部学校線"
作の内,福島交通（株）,"川俣線［月舘経由］, 掛田線［大波経由］, 掛田線［文知摺・大波経由］"
玄番,福島交通（株）,"掛田・追分線, 追分線［掛田小経由］"
福島四小前,福島交通（株）,"五月乙女団地線［原田東経由］, 信夫山循環［4号線先回り］, 信夫山循環［4号線先回り/ハッピー愛ランド経由］, 信夫山循環［13号線先回り］, 信夫山循環［13号線先回り/ハッピー愛ランド経由］, イオン福島線［御山経由］"
製作所前,福島交通（株）,"志田線, 庭坂線［運転免許センター経由］, 庭坂・医大線［バイパス・長沼経由］"
ポリテクセンター福島,福島交通（株）,森合団地線
東浜町南,福島交通（株）,"東浜町線, 東浜町線［ヘルシーランド経由］"
東浜町南,福島市,メロディーバス［平日ルート］
桜の聖母学院,福島交通（株）,"庭坂線［市役所・由添経由］, 庭坂線［大原綜合病院・由添経由］"
三河北町,福島交通（株）,"志田線, 庭坂線［運転免許センター経由］, 庭坂・医大線［バイパス・長沼経由］"
三河北町,福島市,1コース［太田町回り］
東高校前,福島交通（株）,"藤田線, 桑折線, 伊達線, 保原線［伊達経由］, 掛田線［上ヶ戸経由］, 梁川線［月の輪経由］, 保原線［月の輪経由］, 月の輪台団地線, 川俣線［月舘経由］, 湯野線［伊達経由］, 田町線, 宮代団地線, 蓬莱スクール循環線, 月の輪・医大線［バイパス経由］, 信夫山循環［4号線先回り］, 信夫山循環［4号線先回り/ハッピー愛ランド経由］, 信夫山循環［13号線先回り］, 信夫山循環［13号線先回り/ハッピー愛ランド経由］, 月の輪台団地線［東部支所経由］"
篠塚,福島交通（株）,"上姥堂線, 高湯温泉線［上姥堂経由］"
宮下町,福島交通（株）,"庭坂線［市役所・由添経由］, 掛田線［大波経由］, 掛田線［文知摺・大波経由］"
宮下町,福島市,"1コース［太田町回り］, 1コース［上町先回り］, 1コース［こむこむ館先回り］, 2コース［曽根田先回り］, 2コース［美術館先回り］"
MAXふくしま,福島交通（株）,"中野線, 北沢又線［南沢又経由］, 蓬莱スクール循環線, 荒古屋・医大線［南沢又・バイパス経由］, 大笹生・医大線［バイパス経由］"
MAXふくしま,福島市,"1コース［太田町回り］, 1コース［上町先回り］, 1コース［こむこむ館先回り］, 2コース［曽根田先回り］, 2コース［美術館先回り］, メロディーバス［平日ルート］, メロディーバス［土日祝ルート］"
吾妻学習センター分館,福島交通（株）,"上姥堂線, 高湯温泉線［上姥堂経由］"
大林寺前,福島交通（株）,"上姥堂線, 高湯温泉線［上姥堂経由］"
中屋敷,福島交通（株）,"上姥堂線, 高湯温泉線［上姥堂経由］"
中谷地,福島交通（株）,"上姥堂線, 高湯温泉線［上姥堂経由］"
製作所前,福島市,1コース［太田町回り］
上野寺,福島交通（株）,"上姥堂線, 高湯温泉線［上姥堂経由］"
テレビユー福島,福島交通（株）,"上姥堂線, 高湯温泉線［上姥堂経由］"
甘酒,福島交通（株）,"上姥堂線, 高湯温泉線［上姥堂経由］"
二子塚,福島交通（株）,"上姥堂線, 高湯温泉線［上姥堂経由］"
吾妻支所,福島交通（株）,"上姥堂線, 高湯温泉線［上姥堂経由］"
竹の内,福島交通（株）,"上姥堂線, 高湯温泉線［上姥堂経由］"
浜田町,福島市,メロディーバス［土日祝ルート］
庭塚小学校,福島交通（株）,"上姥堂線, 高湯温泉線［上姥堂経由］"
古磯部,福島交通（株）,"舘前線［磯部経由］, 獺庭線［磯部経由］"
新浜公園,福島交通（株）,"庭坂線［市役所・由添経由］, 掛田線［大波経由］, 掛田線［文知摺・大波経由］"
新浜公園,福島市,"1コース［太田町回り］, 1コース［上町先回り］, 1コース［こむこむ館先回り］, 2コース［曽根田先回り］, 2コース［美術館先回り］"
鶴島前,福島交通（株）,"上姥堂線, 高湯温泉線［上姥堂経由］"
五十須場,福島交通（株）,"上姥堂線, 高湯温泉線［上姥堂経由］"
長泥,福島交通（株）,"上姥堂線, 高湯温泉線［上姥堂経由］"
岩崎,福島交通（株）,"川俣線［月舘経由］, 掛田線［大波経由］, 掛田線［文知摺・大波経由］"
パセオ通り北口,福島交通（株）,"東浜町線, 東浜町線［ヘルシーランド経由］"
新町,福島交通（株）,"東浜町線, 東浜町線［ヘルシーランド経由］"
西町,福島交通（株）,"中野線, 北沢又線［南沢又経由］, 志田線, 庭坂線［運転免許センター経由］, 森合団地線, 蓬莱スクール循環線, 庭坂・医大線［バイパス・長沼経由］, 荒古屋・医大線［南沢又・バイパス経由］, 大笹生・医大線［バイパス経由］"
西町,福島市,"1コース［太田町回り］, 1コース［上町先回り］, 1コース［こむこむ館先回り］, 2コース［曽根田先回り］, 2コース［美術館先回り］, メロディーバス［平日ルート］, メロディーバス［土日祝ルート］"
宮町,福島交通（株）,"東浜町線, 東浜町線［ヘルシーランド経由］"
成蹊中学校,福島交通（株）,"東浜町線, 東浜町線［ヘルシーランド経由］"
成蹊中学校,福島市,メロディーバス［平日ルート］
仲間町,福島交通（株）,"東浜町線, 東浜町線［ヘルシーランド経由］"
豊田町,福島交通（株）,"藤田線, 桑折線, 伊達線, 保原線［伊達経由］, 掛田線［上ヶ戸経由］, 福島・飯野線, 梁川線［月の輪経由］, 保原線［月の輪経由］, 月の輪台団地線, 川俣線［月舘経由］, 湯野線［伊達経由］, 田町線, 宮代団地線, 蓬莱スクール循環線, 月の輪・医大線［バイパス経由］, 信夫山循環［4号線先回り］, 信夫山循環［4号線先回り/ハッピー愛ランド経由］, 信夫山循環［13号線先回り］, 信夫山循環［13号線先回り/ハッピー愛ランド経由］, 月の輪台団地線［東部支所経由］, 東浜町線, 東浜町線［ヘルシーランド経由］"
大波出張所,福島交通（株）,"川俣線［月舘経由］, 掛田線［大波経由］, 掛田線［文知摺・大波経由］"
豊田町,福島市,メロディーバス［平日ルート］
野田,福島交通（株）,"庭坂線［市役所・由添経由］, 上姥堂線, 高湯温泉線［上姥堂経由］, 庭坂線［大原綜合病院・由添経由］"
大平,福島交通（株）,"川俣線［月舘経由］, 川俣・掛田線"
古内,福島交通（株）,"川俣線［月舘経由］, 掛田線［大波経由］, 掛田線［文知摺・大波経由］"
成蹊高校,福島交通（株）,"福島・飯野線, 東浜町線, 東浜町線［ヘルシーランド経由］"
成蹊高校,福島市,メロディーバス［平日ルート］
三河台,福島市,1コース［太田町回り］
末坂,福島交通（株）,"掛田・追分線, 追分線［掛田小経由］"
姥堂,福島交通（株）,"上姥堂線, 高湯温泉線［上姥堂経由］"
西部交番前,福島交通（株）,"庭坂線［市役所・由添経由］, 上姥堂線, 高湯温泉線［上姥堂経由］, 庭坂線［大原綜合病院・由添経由］"
北林,福島交通（株）,"上姥堂線, 高湯温泉線［上姥堂経由］"
大波,福島交通（株）,"川俣線［月舘経由］, 掛田線［大波経由］, 掛田線［文知摺・大波経由］"
福島駅東口,福島交通（株）,"藤田線, 桑折線, 伊達線, 保原線［伊達経由］, 掛田線［上ヶ戸経由］, 五月乙女団地線［原田東経由］, 中野線, 北沢又線［南沢又経由］, 志田線, 庭坂線［市役所・由添経由］, 庭坂線［運転免許センター経由］, 土湯線, 荒井線, 佐原線, 四季の里線［佐原経由］, 平田線, 鳥川線, 飯野線［医大・立子山経由］, 福島・飯野線, 医大線［桜台経由］, 南相馬線［医大経由］, 渡利南回り線, 梁川線［月の輪経由］, 保原線［月の輪経由］, 月の輪台団地線, 川俣線［月舘経由］, 掛田線［大波経由］, 湯野線［伊達経由］, 田町線, 森合団地線, 医大線［伏拝経由］, 宮代団地線, 医大線［蓬莱団地経由］, 蓬莱団地線, 蓬莱団地線［バイパス経由］, 蓬莱スクール循環線, 二本松線［医大経由］, 松川線［美郷経由］, 医大線［バイパス経由］, 医大線［清水町経由］, 庭坂・医大線［バイパス・長沼経由］, 荒古屋・医大線［南沢又・バイパス経由］, 大笹生・医大線［バイパス経由］, 南向台線［バイパス経由］, 信夫山循環［4号線先回り］, 信夫山循環［4号線先回り/ハッピー愛ランド経由］, 信夫山循環［13号線先回り］, 信夫山循環［13号線先回り/ハッピー愛ランド経由］, イオン福島線［御山経由］, 南向台循環黒岩先回り線, 南向台循環［渡利先回り］, 月の輪台団地線［東部支所経由］, 土湯線［南東北病院経由］, 掛田線［文知摺・大波経由］, 南向台団地線［渡利経由］, 東浜町線, 東浜町線［ヘルシーランド経由］"
福島駅東口,福島市,"1コース［太田町回り］, 1コース［上町先回り］, 1コース［こむこむ館先回り］, 2コース［曽根田先回り］, 2コース［美術館先回り］, メロディーバス［平日ルート］, メロディーバス［土日祝ルート］"
福島駅東口,ジェイアールバス東北（株）,福島路線　福島ー川俣高校前
柚木入口,福島交通（株）,"原町線［立谷経由］, 舘前線, 原町線［柚木・立谷経由］"
さんかく広場前,福島交通（株）,"東浜町線, 東浜町線［ヘルシーランド経由］"
置賜町,福島交通（株）,"五月乙女団地線［原田東経由］, 信夫山循環［4号線先回り］, 信夫山循環［4号線先回り/ハッピー愛ランド経由］, 信夫山循環［13号線先回り］, 信夫山循環［13号線先回り/ハッピー愛ランド経由］, イオン福島線［御山経由］"
太田町,福島市,1コース［太田町回り］
上姥堂,福島交通（株）,"上姥堂線, 高湯温泉線［上姥堂経由］"
福島駅西口,福島交通（株）,"庭坂線［市役所・由添経由］, 上姥堂線, 土船線, 高湯温泉線［上姥堂経由］, 庭坂線［大原綜合病院・由添経由］"
上町,福島交通（株）,"庭坂線［市役所・由添経由］, 掛田線［大波経由］, 掛田線［文知摺・大波経由］"
上町,福島市,"1コース［太田町回り］, 1コース［上町先回り］, 1コース［こむこむ館先回り］, 2コース［曽根田先回り］, 2コース［美術館先回り］"
豊田町東,福島市,"メロディーバス［平日ルート］, メロディーバス［土日祝ルート］"
久保の内,福島交通（株）,"川俣線［月舘経由］, 川俣・掛田線"
上屋敷,福島交通（株）,"川俣線［月舘経由］, 掛田線［大波経由］, 掛田線［文知摺・大波経由］"
金草入口,福島交通（株）,"舘前線［磯部経由］, 獺庭線［磯部経由］"
福島テルサ,福島市,"メロディーバス［平日ルート］, メロディーバス［土日祝ルート］"
駅前通り,福島交通（株）,"東浜町線, 東浜町線［ヘルシーランド経由］"
太田町中央,福島市,1コース［太田町回り］
福島民報前,福島交通（株）,"庭坂線［市役所・由添経由］, 上姥堂線, 土船線, 高湯温泉線［上姥堂経由］, 庭坂線［大原綜合病院・由添経由］"
あづま陸橋,福島交通（株）,"庭坂線［市役所・由添経由］, 上姥堂線, 土船線, 高湯温泉線［上姥堂経由］, 庭坂線［大原綜合病院・由添経由］"
富沢,福島交通（株）,原町線［車川経由］
松ヶ沢,福島交通（株）,"舘前線, 原町線［柚木・立谷経由］"
大原綜合病院,福島交通（株）,"藤田線, 桑折線, 伊達線, 保原線［伊達経由］, 掛田線［上ヶ戸経由］, 五月乙女団地線［原田東経由］, 中野線, 北沢又線［南沢又経由］, 志田線, 庭坂線［市役所・由添経由］, 庭坂線［運転免許センター経由］, 上姥堂線, 土船線, 福島・飯野線, 南相馬線［医大経由］, 渡利南回り線, 梁川線［月の輪経由］, 保原線［月の輪経由］, 月の輪台団地線, 川俣線［月舘経由］, 掛田線［大波経由］, 湯野線［伊達経由］, 田町線, 森合団地線, 宮代団地線, 蓬莱団地線［バイパス経由］, 医大線［バイパス経由］, 庭坂・医大線［バイパス・長沼経由］, 荒古屋・医大線［南沢又・バイパス経由］, 大笹生・医大線［バイパス経由］, 南向台線［バイパス経由］, 信夫山循環［4号線先回り］, 信夫山循環［4号線先回り/ハッピー愛ランド経由］, 信夫山循環［13号線先回り］, 信夫山循環［13号線先回り/ハッピー愛ランド経由］, イオン福島線［御山経由］, 南向台循環黒岩先回り線, 南向台循環［渡利先回り］, 高湯温泉線［上姥堂経由］, 月の輪台団地線［東部支所経由］, 掛田線［文知摺・大波経由］, 南向台団地線［渡利経由］, 庭坂線［大原綜合病院・由添経由］"
大原綜合病院,福島市,2コース［曽根田先回り］
大原綜合病院,ジェイアールバス東北（株）,福島路線　福島ー川俣高校前
大町,福島交通（株）,"藤田線, 桑折線, 伊達線, 保原線［伊達経由］, 掛田線［上ヶ戸経由］, 五月乙女団地線［原田東経由］, 中野線, 北沢又線［南沢又経由］, 志田線, 庭坂線［市役所・由添経由］, 庭坂線［運転免許センター経由］, 上姥堂線, 土船線, 土湯線, 荒井線, 佐原線, 四季の里線［佐原経由］, 平田線, 鳥川線, 飯野線［医大・立子山経由］, 福島・飯野線, 医大線［桜台経由］, 南相馬線［医大経由］, 渡利南回り線, 梁川線［月の輪経由］, 保原線［月の輪経由］, 月の輪台団地線, 川俣線［月舘経由］, 掛田線［大波経由］, 湯野線［伊達経由］, 田町線, 森合団地線, 医大線［伏拝経由］, 宮代団地線, 蓬莱団地線, 蓬莱団地線［バイパス経由］, 二本松線［医大経由］, 松川線［美郷経由］, 医大線［バイパス経由］, 医大線［清水町経由］, 庭坂・医大線［バイパス・長沼経由］, 荒古屋・医大線［南沢又・バイパス経由］, 大笹生・医大線［バイパス経由］, 南向台線［バイパス経由］, 信夫山循環［4号線先回り］, 信夫山循環［4号線先回り/ハッピー愛ランド経由］, イオン福島線［御山経由］, 南向台循環黒岩先回り線, 南向台循環［渡利先回り］, 高湯温泉線［上姥堂経由］, 月の輪台団地線［東部支所経由］, 土湯線［南東北病院経由］, 掛田線［文知摺・大波経由］, 南向台団地線［渡利経由］, 庭坂線［大原綜合病院・由添経由］"
大町,ジェイアールバス東北（株）,福島路線　福島ー川俣高校前
大町,福島市,"1コース［太田町回り］, 1コース［上町先回り］"
玉子湯,福島交通（株）,高湯温泉線［上姥堂経由］
舟場町,福島交通（株）,"藤田線, 桑折線, 伊達線, 保原線［伊達経由］, 掛田線［上ヶ戸経由］, 福島・飯野線, 渡利南回り線, 梁川線［月の輪経由］, 保原線［月の輪経由］, 月の輪台団地線, 川俣線［月舘経由］, 湯野線［伊達経由］, 田町線, 宮代団地線, 蓬莱団地線［バイパス経由］, 蓬莱スクール循環線, 医大線［バイパス経由］, 庭坂・医大線［バイパス・長沼経由］, 荒古屋・医大線［南沢又・バイパス経由］, 大笹生・医大線［バイパス経由］, 南向台線［バイパス経由］, 信夫山循環［4号線先回り］, 信夫山循環［4号線先回り/ハッピー愛ランド経由］, 信夫山循環［13号線先回り］, 信夫山循環［13号線先回り/ハッピー愛ランド経由］, 南向台循環黒岩先回り線, 南向台循環［渡利先回り］, 月の輪台団地線［東部支所経由］, 南向台団地線［渡利経由］"
舟場町,ジェイアールバス東北（株）,福島路線　福島ー川俣高校前
福島民報前,福島市,1コース［太田町回り］
高湯,福島交通（株）,高湯温泉線［上姥堂経由］
八木田橋,福島交通（株）,土船線
行部,福島交通（株）,"川俣線［月舘経由］, 掛田線［大波経由］, 掛田線［文知摺・大波経由］"
こむこむ館前,福島市,"1コース［こむこむ館先回り］, 2コース［美術館先回り］"
早稲町,福島市,1コース［こむこむ館先回り］
中町,福島交通（株）,"土湯線, 荒井線, 佐原線, 四季の里線［佐原経由］, 平田線, 鳥川線, 飯野線［医大・立子山経由］, 医大線［桜台経由］, 医大線［伏拝経由］, 医大線［蓬莱団地経由］, 蓬莱団地線, 二本松線［医大経由］, 松川線［美郷経由］, 医大線［清水町経由］, 土湯線［南東北病院経由］"
太田口,福島交通（株）,庭坂線［市役所・由添経由］
太田口,福島市,1コース［太田町回り］
福島一小前,福島交通（株）,"土湯線, 荒井線, 佐原線, 四季の里線［佐原経由］, 平田線, 鳥川線, 飯野線［医大・立子山経由］, 医大線［桜台経由］, 医大線［伏拝経由］, 蓬莱団地線, 二本松線［医大経由］, 松川線［美郷経由］, 医大線［清水町経由］, 土湯線［南東北病院経由］"
福島一小前,福島市,"1コース［こむこむ館先回り］, 2コース［美術館先回り］"
一番丁商店街,福島市,2コース［美術館先回り］
県庁前,福島交通（株）,"土湯線, 荒井線, 佐原線, 四季の里線［佐原経由］, 平田線, 鳥川線, 飯野線［医大・立子山経由］, 医大線［桜台経由］, 医大線［伏拝経由］, 蓬莱団地線, 二本松線［医大経由］, 松川線［美郷経由］, 医大線［清水町経由］, 土湯線［南東北病院経由］"
西高校入口,福島交通（株）,土船線
八木田,福島交通（株）,土船線
水戸内,福島交通（株）,"川俣線［月舘経由］, 掛田線［大波経由］, 掛田線［文知摺・大波経由］"
北島,福島交通（株）,土船線
榎内,福島交通（株）,土船線
岩崎町,福島交通（株）,福島・飯野線
老人福祉センター,福島交通（株）,土船線
北の内,福島交通（株）,土船線
御代田,福島交通（株）,"川俣線［月舘経由］, 川俣・掛田線"
国体記念体育館入口,福島交通（株）,土船線
土屋場,福島交通（株）,"川俣線［月舘経由］, 掛田線［大波経由］, 掛田線［文知摺・大波経由］"
信夫温泉,福島交通（株）,高湯温泉線［上姥堂経由］
渡利小学校,福島交通（株）,"南向台循環黒岩先回り線, 南向台団地線［渡利経由］"
中川原,福島交通（株）,土船線
ハイランド前,福島交通（株）,高湯温泉線［上姥堂経由］
仁井田,福島交通（株）,土船線
小国中島,福島交通（株）,"掛田・追分線, 追分線［掛田小経由］"
中角,福島交通（株）,"南向台循環黒岩先回り線, 南向台団地線［渡利経由］"
前畑,福島交通（株）,土船線
高谷,福島交通（株）,土船線
蒲庭浜,福島交通（株）,"舘前線［磯部経由］, 獺庭線［磯部経由］"
赤木,福島交通（株）,原町線［立谷経由］
渡利舟場,福島交通（株）,"渡利南回り線, 南向台循環黒岩先回り線, 南向台循環［渡利先回り］, 南向台団地線［渡利経由］"
福島南高校,福島交通（株）,"渡利南回り線, 南向台循環黒岩先回り線, 南向台循環［渡利先回り］, 南向台団地線［渡利経由］"
渡利舟場,ジェイアールバス東北（株）,福島路線　福島ー川俣高校前
荒町,福島交通（株）,"土湯線, 荒井線, 佐原線, 四季の里線［佐原経由］, 平田線, 鳥川線, 飯野線［医大・立子山経由］, 医大線［桜台経由］, 医大線［伏拝経由］, 医大線［蓬莱団地経由］, 蓬莱団地線, 二本松線［医大経由］, 松川線［美郷経由］, 医大線［清水町経由］, 土湯線［南東北病院経由］"
沖町,福島交通（株）,"渡利南回り線, 南向台循環［渡利先回り］, 南向台団地線［渡利経由］"
桜本,福島交通（株）,土船線
番匠町,福島交通（株）,"渡利南回り線, 南向台循環［渡利先回り］, 南向台団地線［渡利経由］"
長老橋,福島交通（株）,原町線［車川経由］
わたり病院前,福島交通（株）,"福島・飯野線, 渡利南回り線, 南向台循環黒岩先回り線, 南向台循環［渡利先回り］, 南向台団地線［渡利経由］"
沖町中央,福島交通（株）,渡利南回り線
馬場町,福島交通（株）,"渡利南回り線, 南向台循環［渡利先回り］, 南向台団地線［渡利経由］"
扇田町,福島交通（株）,渡利南回り線
西工業団地入口,福島交通（株）,土船線
舘,福島交通（株）,渡利南回り線
北柚木,福島交通（株）,"舘前線, 原町線［柚木・立谷経由］"
天神渡,福島交通（株）,"渡利南回り線, 蓬莱団地線［バイパス経由］, 蓬莱スクール循環線, 医大線［バイパス経由］, 庭坂・医大線［バイパス・長沼経由］, 荒古屋・医大線［南沢又・バイパス経由］, 大笹生・医大線［バイパス経由］, 月の輪・医大線［バイパス経由］, 南向台線［バイパス経由］, 南向台循環黒岩先回り線, 南向台循環［渡利先回り］"
天神渡,ジェイアールバス東北（株）,福島路線　福島ー川俣高校前
飯森,福島交通（株）,"川俣線［月舘経由］, 川俣・掛田線"
原の町,福島交通（株）,土船線
西工業団地,福島交通（株）,土船線
渡利中学校,福島交通（株）,渡利南回り線
渡利中学校入口,福島交通（株）,"福島・飯野線, 南向台循環黒岩先回り線, 南向台循環［渡利先回り］, 南向台団地線［渡利経由］"
庄野,福島交通（株）,土船線
地蔵前,福島交通（株）,"土湯線, 荒井線, 佐原線, 四季の里線［佐原経由］, 土湯線［南東北病院経由］"
福島運輸支局,福島交通（株）,"土湯線, 荒井線, 佐原線, 四季の里線［佐原経由］, 土湯線［南東北病院経由］"
松木内,福島交通（株）,"土湯線, 荒井線, 佐原線, 四季の里線［佐原経由］, 土湯線［南東北病院経由］"
福島ふそう前,福島交通（株）,"土湯線, 荒井線, 佐原線, 四季の里線［佐原経由］, 土湯線［南東北病院経由］"
吉井田,福島交通（株）,"土湯線, 荒井線, 佐原線, 四季の里線［佐原経由］, 土湯線［南東北病院経由］"
白家,福島交通（株）,"土湯線, 荒井線, 佐原線, 四季の里線［佐原経由］, 土湯線［南東北病院経由］"
上柚木,福島交通（株）,"舘前線, 原町線［柚木・立谷経由］"
花見山入口,福島交通（株）,渡利南回り線
葉木立,福島交通（株）,"土湯線, 荒井線, 佐原線, 四季の里線［佐原経由］, 平田線, 鳥川線, 土湯線［南東北病院経由］"
蒲庭,福島交通（株）,"舘前線［磯部経由］, 獺庭線［磯部経由］"
小国茶畑,福島交通（株）,"掛田・追分線, 追分線［掛田小経由］"
弁天山下,福島交通（株）,"蓬莱団地線［バイパス経由］, 蓬莱スクール循環線, 医大線［バイパス経由］, 庭坂・医大線［バイパス・長沼経由］, 荒古屋・医大線［南沢又・バイパス経由］, 大笹生・医大線［バイパス経由］, 南向台線［バイパス経由］, 南向台循環［渡利先回り］"
弁天山下,ジェイアールバス東北（株）,福島路線　福島ー川俣高校前
道内,福島交通（株）,"土湯線, 荒井線, 佐原線, 四季の里線［佐原経由］, 土湯線［南東北病院経由］"
茶畑,福島交通（株）,土船線
長老,福島交通（株）,原町線［車川経由］
戸の内,福島交通（株）,"土湯線, 荒井線, 土湯線［南東北病院経由］"
土船,福島交通（株）,土船線
鳥谷,福島交通（株）,渡利南回り線
方木田,福島交通（株）,"平田線, 鳥川線"
信夫橋,福島交通（株）,"土湯線, 荒井線, 佐原線, 四季の里線［佐原経由］, 平田線, 鳥川線, 飯野線［医大・立子山経由］, 医大線［桜台経由］, 医大線［伏拝経由］, 医大線［蓬莱団地経由］, 蓬莱団地線, 二本松線［医大経由］, 松川線［美郷経由］, 医大線［清水町経由］, 土湯線［南東北病院経由］"
岡の内,福島交通（株）,渡利南回り線
土船終点,福島交通（株）,土船線
水保,福島交通（株）,土船線
五反田,福島交通（株）,"土湯線, 荒井線, 土湯線［南東北病院経由］"
相馬清水,福島交通（株）,原町線［立谷経由］
葉山前,福島交通（株）,舘前線
堰の下,福島交通（株）,"川俣線［月舘経由］, 川俣・掛田線"
柚木,福島交通（株）,"舘前線, 原町線［柚木・立谷経由］"
成木,福島交通（株）,"土湯線, 荒井線, 土湯線［南東北病院経由］"
永屋,福島交通（株）,"平田線, 鳥川線"
西谷地,福島交通（株）,"佐原線, 四季の里線［佐原経由］"
荒川橋,福島交通（株）,"飯野線［医大・立子山経由］, 医大線［桜台経由］, 医大線［伏拝経由］, 医大線［蓬莱団地経由］, 蓬莱団地線, 二本松線［医大経由］, 松川線［美郷経由］, 医大線［清水町経由］"
下村,福島交通（株）,"土湯線, 荒井線, 土湯線［南東北病院経由］"
獺庭,福島交通（株）,"舘前線, 獺庭線［磯部経由］"
神崎,福島交通（株）,"佐原線, 四季の里線［佐原経由］"
月舘,福島交通（株）,"川俣線［月舘経由］, 川俣・掛田線"
浄水場前,ジェイアールバス東北（株）,福島路線　福島ー川俣高校前
丑子内,福島交通（株）,"平田線, 鳥川線"
御山辻,福島交通（株）,原町線［車川経由］
せきね医院前,福島交通（株）,"川俣線［月舘経由］, 川俣・掛田線"
弁天橋,福島交通（株）,"蓬莱団地線［バイパス経由］, 蓬莱スクール循環線, 医大線［バイパス経由］, 庭坂・医大線［バイパス・長沼経由］, 荒古屋・医大線［南沢又・バイパス経由］, 大笹生・医大線［バイパス経由］, 月の輪・医大線［バイパス経由］, 南向台線［バイパス経由］, 南向台循環黒岩先回り線, 南向台循環［渡利先回り］"
大木,福島交通（株）,"掛田・追分線, 追分線［掛田小経由］"
日東前,福島交通（株）,"飯野線［医大・立子山経由］, 医大線［桜台経由］, 医大線［伏拝経由］, 医大線［蓬莱団地経由］, 蓬莱団地線, 二本松線［医大経由］, 松川線［美郷経由］, 医大線［清水町経由］"
権の守,福島交通（株）,"土湯線, 荒井線, 佐原線, 四季の里線［佐原経由］, 土湯線［南東北病院経由］"
第二日東入口,福島交通（株）,"土湯線, 荒井線, 佐原線, 四季の里線［佐原経由］, 土湯線［南東北病院経由］"
石田,福島交通（株）,"平田線, 鳥川線"
町,福島交通（株）,"川俣線［月舘経由］, 川俣・掛田線"
吉の内,福島交通（株）,"土湯線, 荒井線, 佐原線, 四季の里線［佐原経由］, 土湯線［南東北病院経由］"
月舘総合支所,福島交通（株）,"川俣線［月舘経由］, 川俣・掛田線"
鳥谷野入口,福島交通（株）,"蓬莱団地線［バイパス経由］, 蓬莱スクール循環線, 医大線［バイパス経由］, 庭坂・医大線［バイパス・長沼経由］, 荒古屋・医大線［南沢又・バイパス経由］, 大笹生・医大線［バイパス経由］, 月の輪・医大線［バイパス経由］, 南向台線［バイパス経由］, 南向台循環黒岩先回り線, 南向台循環［渡利先回り］"
島ノ内,福島交通（株）,"平田線, 鳥川線"
小倉寺,ジェイアールバス東北（株）,福島路線　福島ー川俣高校前
太平寺,福島交通（株）,"飯野線［医大・立子山経由］, 医大線［桜台経由］, 医大線［伏拝経由］, 医大線［蓬莱団地経由］, 蓬莱団地線, 二本松線［医大経由］, 松川線［美郷経由］, 医大線［清水町経由］"
儘の上,福島交通（株）,"土湯線, 荒井線, 佐原線, 四季の里線［佐原経由］, 土湯線［南東北病院経由］"
堂ヶ迫,福島交通（株）,"舘前線, 獺庭線［磯部経由］"
角川原,福島交通（株）,原町線［車川経由］
舘の内,福島交通（株）,"平田線, 鳥川線"
永渡,福島交通（株）,"原町線［立谷経由］, 原町線［柚木・立谷経由］"
松山,福島交通（株）,"掛田・追分線, 追分線［掛田小経由］"
羽山下,福島交通（株）,鹿島・栃窪線
鳥谷野扇田,福島交通（株）,"蓬莱団地線［バイパス経由］, 蓬莱スクール循環線, 医大線［バイパス経由］, 庭坂・医大線［バイパス・長沼経由］, 荒古屋・医大線［南沢又・バイパス経由］, 大笹生・医大線［バイパス経由］, 月の輪・医大線［バイパス経由］, 南向台線［バイパス経由］, 南向台循環黒岩先回り線, 南向台循環［渡利先回り］"
上の台,福島交通（株）,"平田線, 鳥川線"
佐倉小学校,福島交通（株）,"土湯線, 荒井線, 佐原線, 四季の里線［佐原経由］, 土湯線［南東北病院経由］"
舘の腰,福島交通（株）,"川俣線［月舘経由］, 川俣・掛田線"
沖高,福島交通（株）,"飯野線［医大・立子山経由］, 医大線［桜台経由］, 医大線［伏拝経由］, 医大線［蓬莱団地経由］, 蓬莱団地線, 二本松線［医大経由］, 松川線［美郷経由］, 医大線［清水町経由］"
大森,福島交通（株）,"平田線, 鳥川線"
滝の前,福島交通（株）,鳥川線
下栃窪,福島交通（株）,鹿島・栃窪線
立切,福島交通（株）,"舘前線［磯部経由］, 獺庭線［磯部経由］"
四斗蒔田,福島交通（株）,鳥川線
島,福島交通（株）,鳥川線
本風呂,福島交通（株）,鹿島・栃窪線
簡易局前,福島交通（株）,鹿島・栃窪線
三王下,福島交通（株）,鳥川線
清水ヶ丘,福島交通（株）,"川俣線［月舘経由］, 川俣・掛田線"
佐倉,福島交通（株）,"土湯線, 荒井線, 佐原線, 四季の里線［佐原経由］"
さくら二丁目,福島交通（株）,土湯線［南東北病院経由］
山上,福島交通（株）,"掛田・追分線, 追分線［掛田小経由］"
大森本町信夫支所入口,福島交通（株）,平田線
公会堂前,福島交通（株）,鹿島・栃窪線
大畑,福島交通（株）,鳥川線
舘前,福島交通（株）,"舘前線, 舘前線［磯部経由］, 獺庭線［磯部経由］"
素利町,福島交通（株）,"飯野線［医大・立子山経由］, 医大線［桜台経由］, 医大線［伏拝経由］, 医大線［蓬莱団地経由］, 蓬莱団地線, 二本松線［医大経由］, 松川線［美郷経由］, 医大線［清水町経由］"
黒岩,福島交通（株）,"南向台線［バイパス経由］, 南向台循環黒岩先回り線, 南向台循環［渡利先回り］"
室石,福島交通（株）,"佐原線, 四季の里線［佐原経由］"
蓬莱橋,ジェイアールバス東北（株）,福島路線　福島ー川俣高校前
南向台入口,福島交通（株）,"南向台線［バイパス経由］, 南向台循環黒岩先回り線, 南向台循環［渡利先回り］"
杢玉,福島交通（株）,"佐原線, 四季の里線［佐原経由］"
南東北福島病院前,福島交通（株）,土湯線［南東北病院経由］
佐倉局前,福島交通（株）,"土湯線, 荒井線"
玉の木,福島交通（株）,"佐原線, 四季の里線［佐原経由］"
大森小学校前,福島交通（株）,平田線
馬見塚,福島交通（株）,鹿島・栃窪線
しのぶ台団地入口,福島交通（株）,鳥川線
あづま陸上競技場,福島交通（株）,"佐原線, 四季の里線［佐原経由］"
中島,福島交通（株）,"蓬莱団地線［バイパス経由］, 蓬莱スクール循環線, 医大線［バイパス経由］, 庭坂・医大線［バイパス・長沼経由］, 荒古屋・医大線［南沢又・バイパス経由］, 大笹生・医大線［バイパス経由］, 月の輪・医大線［バイパス経由］, 南向台線［バイパス経由］, 南向台循環黒岩先回り線, 南向台循環［渡利先回り］"
あづま総合体育館,福島交通（株）,"佐原線, 四季の里線［佐原経由］"
作業所前,福島交通（株）,鹿島・栃窪線
1号公園前,福島交通（株）,"南向台線［バイパス経由］, 南向台循環黒岩先回り線, 南向台循環［渡利先回り］, 南向台団地線［渡利経由］"
赤十字会館前,福島交通（株）,平田線
榎平,福島交通（株）,"南向台線［バイパス経由］, 南向台循環黒岩先回り線, 南向台循環［渡利先回り］"
南向台絵馬平,福島交通（株）,福島・飯野線
前川原,福島交通（株）,原町線［車川経由］
橋端,福島交通（株）,鹿島・栃窪線
南向台三丁目,福島交通（株）,"南向台循環黒岩先回り線, 南向台循環［渡利先回り］, 南向台団地線［渡利経由］"
南向台二丁目,福島交通（株）,"南向台線［バイパス経由］, 南向台循環黒岩先回り線, 南向台循環［渡利先回り］, 南向台団地線［渡利経由］"
佐原,福島交通（株）,"佐原線, 四季の里線［佐原経由］"
浜井場,福島交通（株）,鹿島・栃窪線
今宮,福島交通（株）,鹿島・栃窪線
あらいクリニック前,福島交通（株）,"土湯線, 荒井線, 土湯線［南東北病院経由］"
伏拝,福島交通（株）,"飯野線［医大・立子山経由］, 医大線［桜台経由］, 医大線［伏拝経由］, 医大線［蓬莱団地経由］, 蓬莱団地線, 二本松線［医大経由］, 松川線［美郷経由］, 医大線［清水町経由］"
土樋,福島交通（株）,"原町線［立谷経由］, 原町線［柚木・立谷経由］"
済生会病院前,福島交通（株）,平田線
槻の木,福島交通（株）,"川俣線［月舘経由］, 川俣・掛田線"
診療所前,福島交通（株）,鹿島・栃窪線
中の内,福島交通（株）,鹿島・栃窪線
地区センター前,福島交通（株）,"南向台線［バイパス経由］, 南向台団地線［渡利経由］"
一丁目北,福島交通（株）,"南向台線［バイパス経由］, 南向台循環黒岩先回り線, 南向台循環［渡利先回り］, 南向台団地線［渡利経由］"
上栃窪,福島交通（株）,鹿島・栃窪線
十三仏,福島交通（株）,鳥川線
八幡神社前,福島交通（株）,平田線
下林,福島交通（株）,"佐原線, 四季の里線［佐原経由］"
車川,福島交通（株）,"鹿島・栃窪線, 原町線［車川経由］"
2号公園前,福島交通（株）,"南向台線［バイパス経由］, 南向台循環黒岩先回り線, 南向台循環［渡利先回り］, 南向台団地線［渡利経由］"
荒井,福島交通（株）,"土湯線, 荒井線, 土湯線［南東北病院経由］"
前河原,ジェイアールバス東北（株）,福島路線　福島ー川俣高校前
臼巻,ジェイアールバス東北（株）,福島路線　福島ー川俣高校前
渡利中山,福島交通（株）,福島・飯野線
追分,福島交通（株）,"掛田・追分線, 追分線［掛田小経由］"
浮田,福島交通（株）,"鹿島・栃窪線, 原町線［車川経由］"
小堀内,福島交通（株）,鳥川線
自衛隊入口,福島交通（株）,"土湯線, 荒井線, 土湯線［南東北病院経由］"
渡利中山,ジェイアールバス東北（株）,福島路線　福島ー川俣高校前
北作,福島交通（株）,"川俣線［月舘経由］, 川俣・掛田線"
大巻,ジェイアールバス東北（株）,福島路線　福島ー川俣高校前
仲原,福島交通（株）,鳥川線
堀切地蔵前,福島交通（株）,鳥川線
並柳,福島交通（株）,平田線
野村前,福島交通（株）,"土湯線, 土湯線［南東北病院経由］"
新田,福島交通（株）,"飯野線［医大・立子山経由］, 医大線［桜台経由］, 医大線［伏拝経由］, 医大線［蓬莱団地経由］, 蓬莱団地線, 二本松線［医大経由］, 松川線［美郷経由］, 医大線［清水町経由］"
満中内,福島交通（株）,鹿島・栃窪線
若石,福島交通（株）,鳥川線
城下町,福島交通（株）,"川俣線［月舘経由］, 川俣・掛田線"
台の坂,福島交通（株）,荒井線
鷺,福島交通（株）,"土湯線, 土湯線［南東北病院経由］"
宮前,福島交通（株）,鹿島・栃窪線
目増,福島交通（株）,鳥川線
もみの木沢,福島交通（株）,原町線［車川経由］
下手渡,福島交通（株）,"川俣線［月舘経由］, 川俣・掛田線"
桜沢,福島交通（株）,"佐原線, 四季の里線［佐原経由］"
上極入,西会津町,極入・徳沢線
峠の原,福島交通（株）,"土湯線, 土湯線［南東北病院経由］"
自衛隊前,福島交通（株）,"荒井線, 鳥川線"
岡和田,福島交通（株）,鹿島・栃窪線
四季の里,福島交通（株）,四季の里線［佐原経由］
茂手,福島交通（株）,"原町線［立谷経由］, 原町線［柚木・立谷経由］"
JA平田,福島交通（株）,平田線
南福島ニュータウン,福島交通（株）,医大線［桜台経由］
中極入,西会津町,極入・徳沢線
あさひ台,福島交通（株）,医大線［桜台経由］
渡利唐沢,福島交通（株）,福島・飯野線
渡利唐沢,ジェイアールバス東北（株）,福島路線　福島ー川俣高校前
台畑,福島交通（株）,鹿島・栃窪線
川石田,福島交通（株）,佐原線
四季の里入口,福島交通（株）,"土湯線, 土湯線［南東北病院経由］"
北谷地,福島交通（株）,"飯野線［医大・立子山経由］, 医大線［桜台経由］, 医大線［伏拝経由］, 医大線［蓬莱団地経由］, 蓬莱団地線, 蓬莱団地線［バイパス経由］, 蓬莱スクール循環線, 二本松線［医大経由］, 松川線［美郷経由］, 医大線［バイパス経由］, 医大線［清水町経由］, 庭坂・医大線［バイパス・長沼経由］, 荒古屋・医大線［南沢又・バイパス経由］, 大笹生・医大線［バイパス経由］, 月の輪・医大線［バイパス経由］"
民報コース入口,福島交通（株）,医大線［桜台経由］
鹿島農協前,福島交通（株）,"鹿島農協前・塩の崎・烏崎線, 原町線［立谷経由］, 原町線［柚木・立谷経由］"
下極入,西会津町,極入・徳沢線
久保,福島交通（株）,平田線
下の町,福島交通（株）,"川俣線［月舘経由］, 川俣・掛田線"
厚生病院前,福島交通（株）,"鹿島農協前・塩の崎・烏崎線, 原町線［立谷経由］, 原町線［柚木・立谷経由］"
桜台入口,福島交通（株）,"飯野線［医大・立子山経由］, 医大線［伏拝経由］, 医大線［蓬莱団地経由］, 蓬莱団地線, 蓬莱団地線［バイパス経由］, 蓬莱スクール循環線, 二本松線［医大経由］, 松川線［美郷経由］, 医大線［バイパス経由］, 医大線［清水町経由］, 庭坂・医大線［バイパス・長沼経由］, 荒古屋・医大線［南沢又・バイパス経由］, 大笹生・医大線［バイパス経由］, 月の輪・医大線［バイパス経由］"
桜台,福島交通（株）,医大線［桜台経由］
小山田,福島交通（株）,原町線［車川経由］
大沢,福島交通（株）,福島・飯野線
大沢,ジェイアールバス東北（株）,福島路線　福島ー川俣高校前
自治研修センター,福島交通（株）,"土湯線, 土湯線［南東北病院経由］"
鹿島上町,福島交通（株）,"鹿島・栃窪線, 鹿島農協前・塩の崎・烏崎線, 原町線［立谷経由］, 橲原・三里団地・鹿島小学校線, 原町線［柚木・立谷経由］"
西町,福島交通（株）,"鹿島・栃窪線, 橲原・三里団地・鹿島小学校線"
荒川発電所,福島交通（株）,佐原線
地蔵原,福島交通（株）,"土湯線, 土湯線［南東北病院経由］"
鹿島中学校前,福島交通（株）,鹿島・栃窪線
松本,福島交通（株）,医大線［桜台経由］
鹿島中町,福島交通（株）,"鹿島・栃窪線, 原町線［立谷経由］, 原町線［柚木・立谷経由］"
小島中島,福島交通（株）,"川俣線［月舘経由］, 川俣・掛田線"
愛育園前,福島交通（株）,医大線［桜台経由］
三里団地前,福島交通（株）,橲原・三里団地・鹿島小学校線
警察学校前,福島交通（株）,医大線［清水町経由］
平田,福島交通（株）,平田線
畜産試験場,福島交通（株）,"土湯線, 土湯線［南東北病院経由］"
蓬莱団地入口,福島交通（株）,"飯野線［医大・立子山経由］, 医大線［伏拝経由］, 医大線［蓬莱団地経由］, 蓬莱団地線, 蓬莱団地線［バイパス経由］, 蓬莱スクール循環線, 二本松線［医大経由］, 松川線［美郷経由］, 医大線［バイパス経由］, 庭坂・医大線［バイパス・長沼経由］, 荒古屋・医大線［南沢又・バイパス経由］, 大笹生・医大線［バイパス経由］, 月の輪・医大線［バイパス経由］"
鹿島駅前,福島交通（株）,"鹿島・栃窪線, 原町線［立谷経由］, 原町線［柚木・立谷経由］"
伊達葭田,福島交通（株）,福島・飯野線
伊達葭田,ジェイアールバス東北（株）,福島路線　福島ー川俣高校前
清水町,福島交通（株）,医大線［清水町経由］
鹿島小学校,福島交通（株）,"鹿島農協前・塩の崎・烏崎線, 橲原・三里団地・鹿島小学校線"
野城,ジェイアールバス東北（株）,福島路線　福島ー川俣高校前
杉の内,福島交通（株）,医大線［桜台経由］
一寸張,福島交通（株）,"土湯線, 土湯線［南東北病院経由］"
鹿島下町,福島交通（株）,"原町線［立谷経由］, 原町線［柚木・立谷経由］"
小屋,西会津町,極入・徳沢線
桜田山下,福島交通（株）,橲原・三里団地・鹿島小学校線
薬師堂,福島交通（株）,鹿島農協前・塩の崎・烏崎線
蓬莱小学校,福島交通（株）,"飯野線［医大・立子山経由］, 医大線［伏拝経由］, 医大線［蓬莱団地経由］, 蓬莱団地線, 蓬莱団地線［バイパス経由］, 蓬莱スクール循環線, 二本松線［医大経由］, 松川線［美郷経由］, 医大線［バイパス経由］, 庭坂・医大線［バイパス・長沼経由］, 荒古屋・医大線［南沢又・バイパス経由］, 大笹生・医大線［バイパス経由］, 月の輪・医大線［バイパス経由］"
蓬莱児童センター,福島交通（株）,"医大線［蓬莱団地経由］, 蓬莱団地線, 蓬莱団地線［バイパス経由］, 蓬莱スクール循環線"
蓬莱柳通り,福島交通（株）,"医大線［蓬莱団地経由］, 蓬莱団地線, 蓬莱団地線［バイパス経由］, 蓬莱スクール循環線"
蓬莱西口,福島交通（株）,"医大線［蓬莱団地経由］, 蓬莱団地線, 蓬莱団地線［バイパス経由］, 蓬莱スクール循環線, 医大線［清水町経由］"
小島支所前,福島交通（株）,"川俣線［月舘経由］, 川俣・掛田線"
石内入口,福島交通（株）,"医大線［蓬莱団地経由］, 蓬莱団地線, 蓬莱団地線［バイパス経由］, 蓬莱スクール循環線"
寺の前,福島交通（株）,医大線［桜台経由］
蓬莱黒松通り,福島交通（株）,"医大線［蓬莱団地経由］, 蓬莱団地線, 蓬莱団地線［バイパス経由］, 蓬莱スクール循環線, 医大線［清水町経由］"
一本松,福島交通（株）,"医大線［蓬莱団地経由］, 医大線［清水町経由］"
ショッピングセンター,福島交通（株）,"医大線［蓬莱団地経由］, 蓬莱団地線, 蓬莱団地線［バイパス経由］, 蓬莱スクール循環線, 医大線［清水町経由］"
蓬莱学習センター,福島交通（株）,"飯野線［医大・立子山経由］, 医大線［桜台経由］, 医大線［伏拝経由］, 医大線［蓬莱団地経由］, 蓬莱団地線, 蓬莱団地線［バイパス経由］, 蓬莱スクール循環線, 二本松線［医大経由］, 松川線［美郷経由］, 医大線［バイパス経由］, 庭坂・医大線［バイパス・長沼経由］, 荒古屋・医大線［南沢又・バイパス経由］, 大笹生・医大線［バイパス経由］, 月の輪・医大線［バイパス経由］"
いいたて村までい館,福島交通（株）,南相馬線［医大経由］
深谷,福島交通（株）,南相馬線［医大経由］
小草,福島交通（株）,原町線［車川経由］
真野入口,福島交通（株）,"原町線［立谷経由］, 原町線［柚木・立谷経由］"
いこいの家,福島交通（株）,南相馬線［医大経由］
寺内,福島交通（株）,橲原・三里団地・鹿島小学校線
市の沢,福島交通（株）,南相馬線［医大経由］
飯舘農協前,福島交通（株）,南相馬線［医大経由］
内の馬場,ジェイアールバス東北（株）,福島路線　福島ー川俣高校前
飯舘ふれ愛館前,福島交通（株）,南相馬線［医大経由］
蓬莱かえで通り,福島交通（株）,"医大線［桜台経由］, 医大線［蓬莱団地経由］, 蓬莱団地線, 蓬莱団地線［バイパス経由］, 蓬莱スクール循環線"
上田入口,西会津町,極入・徳沢線
蓬莱東,福島交通（株）,"医大線［蓬莱団地経由］, 蓬莱団地線, 蓬莱団地線［バイパス経由］, 蓬莱スクール循環線"
江垂研修センター前,福島交通（株）,鹿島農協前・塩の崎・烏崎線
目玉打,福島交通（株）,南相馬線［医大経由］
パンダハウス,福島交通（株）,医大線［桜台経由］
岩阿久,福島交通（株）,"川俣線［月舘経由］, 川俣・掛田線"
蓬莱町六丁目,福島交通（株）,医大線［桜台経由］
蓬莱南,福島交通（株）,"飯野線［医大・立子山経由］, 医大線［桜台経由］, 医大線［伏拝経由］, 二本松線［医大経由］, 松川線［美郷経由］, 医大線［バイパス経由］, 医大線［清水町経由］, 庭坂・医大線［バイパス・長沼経由］, 荒古屋・医大線［南沢又・バイパス経由］, 大笹生・医大線［バイパス経由］, 月の輪・医大線［バイパス経由］"
草野本町,福島交通（株）,南相馬線［医大経由］
柚原,福島交通（株）,鹿島農協前・塩の崎・烏崎線
樅の木,福島交通（株）,南相馬線［医大経由］
臼石,福島交通（株）,南相馬線［医大経由］
横峰入口,福島交通（株）,橲原・三里団地・鹿島小学校線
荻の草入口,福島交通（株）,医大線［桜台経由］
若内,福島交通（株）,福島・飯野線
山岸,福島交通（株）,橲原・三里団地・鹿島小学校線
蓬莱東公園前,福島交通（株）,医大線［桜台経由］
二枚橋局前,福島交通（株）,南相馬線［医大経由］
一円寺前,ジェイアールバス東北（株）,福島路線　福島ー川俣高校前
蓬莱東小学校,福島交通（株）,医大線［桜台経由］
赤坂,福島交通（株）,南相馬線［医大経由］
飯舘境木,福島交通（株）,南相馬線［医大経由］
天沼,福島交通（株）,"土湯線, 土湯線［南東北病院経由］"
医大よしみ荘前,福島交通（株）,"飯野線［医大・立子山経由］, 医大線［桜台経由］, 医大線［伏拝経由］, 二本松線［医大経由］, 松川線［美郷経由］, 医大線［バイパス経由］, 医大線［清水町経由］, 庭坂・医大線［バイパス・長沼経由］, 荒古屋・医大線［南沢又・バイパス経由］, 大笹生・医大線［バイパス経由］, 月の輪・医大線［バイパス経由］"
宮野上,西会津町,極入・徳沢線
遊園地前,福島交通（株）,橲原・三里団地・鹿島小学校線
小島田,福島交通（株）,鹿島農協前・塩の崎・烏崎線
風穴湯,福島交通（株）,橲原・三里団地・鹿島小学校線
新関,福島交通（株）,"川俣線［月舘経由］, 川俣・掛田線"
信田,福島交通（株）,南相馬線［医大経由］
小池原,福島交通（株）,"原町線［車川経由］, 橲原・三里団地・鹿島小学校線"
若宮,福島交通（株）,二本松線［医大経由］
宮野下,西会津町,極入・徳沢線
立目石,福島交通（株）,橲原・三里団地・鹿島小学校線
橲原,福島交通（株）,橲原・三里団地・鹿島小学校線
中塚,福島交通（株）,橲原・三里団地・鹿島小学校線
江垂,福島交通（株）,"鹿島農協前・塩の崎・烏崎線, 原町線［立谷経由］, 原町線［柚木・立谷経由］"
原畑,福島交通（株）,橲原・三里団地・鹿島小学校線
医大病院,福島交通（株）,"飯野線［医大・立子山経由］, 医大線［桜台経由］, 南相馬線［医大経由］, 医大線［伏拝経由］, 医大線［蓬莱団地経由］, 二本松線［医大経由］, 松川線［美郷経由］, 医大線［バイパス経由］, 医大線［清水町経由］, 庭坂・医大線［バイパス・長沼経由］, 荒古屋・医大線［南沢又・バイパス経由］, 大笹生・医大線［バイパス経由］, 月の輪・医大線［バイパス経由］, 金谷川・医大線, 医大・水原線［まつかわ西幼稚園経由］"
糠塚,福島交通（株）,南相馬線［医大経由］
医科大学前,福島交通（株）,"医大線［桜台経由］, 医大線［伏拝経由］, 医大線［蓬莱団地経由］, 二本松線［医大経由］, 医大線［バイパス経由］, 医大線［清水町経由］, 庭坂・医大線［バイパス・長沼経由］, 荒古屋・医大線［南沢又・バイパス経由］, 大笹生・医大線［バイパス経由］, 月の輪・医大線［バイパス経由］, 金谷川・医大線"
真ヶ沢上,西会津町,極入・徳沢線
坂下,福島交通（株）,南相馬線［医大経由］
宮前橋,福島交通（株）,橲原・三里団地・鹿島小学校線
真ヶ沢中,西会津町,極入・徳沢線
連保,ジェイアールバス東北（株）,福島路線　福島ー川俣高校前
UFOの里,ジェイアールバス東北（株）,福島路線　福島ー川俣高校前
柴切田,ジェイアールバス東北（株）,福島路線　福島ー川俣高校前
真ヶ沢下,西会津町,極入・徳沢線
小手神森,ジェイアールバス東北（株）,福島路線　福島ー川俣高校前
御所車,ジェイアールバス東北（株）,福島路線　福島ー川俣高校前
立子山東西,福島交通（株）,飯野線［医大・立子山経由］
立子山農協前,福島交通（株）,飯野線［医大・立子山経由］
青木平,ジェイアールバス東北（株）,福島路線　福島ー川俣高校前
雪舟田,福島交通（株）,飯野線［医大・立子山経由］
寺屋敷,福島交通（株）,"松川線［美郷経由］, 金谷川・医大線, 医大・水原線［まつかわ西幼稚園経由］"
福島大学,福島交通（株）,二本松線［医大経由］
小山入口,西会津町,極入・徳沢線
仏明内,福島交通（株）,飯野線［医大・立子山経由］
土湯温泉入口,福島交通（株）,"土湯線, 土湯線［南東北病院経由］"
大芦,福島交通（株）,南相馬線［医大経由］
岩廻り,福島交通（株）,"川俣線［月舘経由］, 川俣・掛田線"
春田,福島交通（株）,"飯野線［医大・立子山経由］, 福島・飯野線"
水境,福島交通（株）,南相馬線［医大経由］
土湯見附,福島交通（株）,"土湯線, 土湯線［南東北病院経由］"
旧奥川支所,西会津町,極入・徳沢線
上蓬莱橋,福島交通（株）,飯野線［医大・立子山経由］
中町,西会津町,極入・徳沢線
杉の下,福島交通（株）,"土湯線, 土湯線［南東北病院経由］"
芦原,福島交通（株）,南相馬線［医大経由］
古浅川,福島交通（株）,飯野線［医大・立子山経由］
十二社,ジェイアールバス東北（株）,福島路線　福島ー川俣高校前
立子山支所前,福島交通（株）,福島・飯野線
福田宮脇,ジェイアールバス東北（株）,福島路線　福島ー川俣高校前
土湯温泉,福島交通（株）,"土湯線, 土湯線［南東北病院経由］"
大貝入口,福島交通（株）,飯野線［医大・立子山経由］
川子,福島交通（株）,鹿島農協前・塩の崎・烏崎線
安の子,福島交通（株）,鹿島農協前・塩の崎・烏崎線
山桑,福島交通（株）,福島・飯野線
旧奥川小学校前,西会津町,極入・徳沢線
有隣病院前,会津乗合自動車（株）,"喜多方・坂下線：東小経由, 喜多方・坂下線：緑町経由"
三久保,福島交通（株）,"飯野線［医大・立子山経由］, 福島・飯野線"
塩の崎,福島交通（株）,"鹿島農協前・塩の崎・烏崎線, 原町線［立谷経由］, 原町線［柚木・立谷経由］"
金谷川駅前,福島交通（株）,金谷川・医大線
西向,福島交通（株）,金谷川・医大線
大内,福島交通（株）,鹿島農協前・塩の崎・烏崎線
越山,福島交通（株）,福島・飯野線
金谷川,福島交通（株）,二本松線［医大経由］
椚の内,ジェイアールバス東北（株）,福島路線　福島ー川俣高校前
奥川郵便局,西会津町,極入・徳沢線
寺窪,福島交通（株）,福島・飯野線
バラ坂,福島交通（株）,南相馬線［医大経由］
御代手,福島交通（株）,福島・飯野線
北浦,福島交通（株）,福島・飯野線
頭陀寺前,福島交通（株）,"川俣線［月舘経由］, 川俣・掛田線"
金谷川駅入口,福島交通（株）,金谷川・医大線
新町集会所,西会津町,極入・徳沢線
下堰下,会津乗合自動車（株）,"喜多方・坂下線：東小経由, 喜多方・坂下線：緑町経由"
堤入口,福島交通（株）,鹿島農協前・塩の崎・烏崎線
烏崎,福島交通（株）,鹿島農協前・塩の崎・烏崎線
落合,福島交通（株）,"川俣線［月舘経由］, 川俣・掛田線"
六平作,福島交通（株）,鹿島農協前・塩の崎・烏崎線
新町下,西会津町,極入・徳沢線
浜井場,福島交通（株）,"飯野線［医大・立子山経由］, 福島・飯野線"
村松郵便局前,会津乗合自動車（株）,"喜多方・坂下線：東小経由, 喜多方・坂下線：緑町経由"
遠西,ジェイアールバス東北（株）,福島路線　福島ー川俣高校前
遠西,福島市・川俣町,"川俣松川線, 川俣飯野線"
向原入口,西会津町,極入・徳沢線
上大久保,福島市・川俣町,"川俣松川線, 川俣飯野線"
七窪,福島交通（株）,"川俣線［月舘経由］, 川俣・掛田線"
畑中,福島交通（株）,"飯野線［医大・立子山経由］, 福島・飯野線"
道目,西会津町,極入・徳沢線
上野原,福島交通（株）,医大・水原線［まつかわ西幼稚園経由］
石倉,福島交通（株）,医大・水原線［まつかわ西幼稚園経由］
山居,福島交通（株）,医大・水原線［まつかわ西幼稚園経由］
杉山集会所,西会津町,極入・徳沢線
上明内,福島交通（株）,松川線［美郷経由］
松山小学校入口,会津乗合自動車（株）,"喜多方・坂下線：東小経由, 喜多方・坂下線：緑町経由"
西高松,東北アクセス（株）,南相馬　高平循環線
萩平,福島交通（株）,南相馬線［医大経由］
深野,福島交通（株）,原町線［車川経由］
下松上,西会津町,極入・徳沢線
狼ヶ森,福島交通（株）,医大・水原線［まつかわ西幼稚園経由］
鶴沢宮前,福島交通（株）,南相馬線［医大経由］
鶴沢宮前,福島市・川俣町,"川俣松川線, 川俣飯野線"
鶴沢宮前,ジェイアールバス東北（株）,福島路線　福島ー川俣高校前
房田,福島交通（株）,"飯野線［医大・立子山経由］, 福島・飯野線"
松迫,福島交通（株）,鹿島農協前・塩の崎・烏崎線
丸石,福島交通（株）,二本松線［医大経由］
飯坂学校前,福島交通（株）,南相馬線［医大経由］
壁沢団地入口,福島交通（株）,"川俣線［月舘経由］, 川俣・掛田線"
青木広表,福島交通（株）,"飯野線［医大・立子山経由］, 福島・飯野線"
竹の花,福島市・川俣町,"川俣松川線, 川俣飯野線"
下松下,西会津町,極入・徳沢線
五本松,福島交通（株）,"原町線［立谷経由］, 原町線［柚木・立谷経由］"
西高松南,東北アクセス（株）,南相馬　高平循環線
大塩裏磐梯温泉,会津乗合自動車（株）,喜多方・裏磐梯線
大塩新田,会津乗合自動車（株）,喜多方・裏磐梯線
山崎［喜多方市］,会津乗合自動車（株）,喜多方・裏磐梯線
下六郎屋敷,会津乗合自動車（株）,喜多方・裏磐梯線
ロングライフハイム,福島交通（株）,松川線［美郷経由］
西高松北,東北アクセス（株）,南相馬　高平循環線
北塩原郵便局前,会津乗合自動車（株）,喜多方・裏磐梯線
社地神,福島交通（株）,南相馬線［医大経由］
極楽内,福島交通（株）,医大・水原線［まつかわ西幼稚園経由］
川俣高校前,福島交通（株）,南相馬線［医大経由］
川俣高校前,ジェイアールバス東北（株）,福島路線　福島ー川俣高校前
川俣高校前,福島市・川俣町,"川俣松川線, 川俣飯野線"
竹ノ内,福島交通（株）,"飯野線［医大・立子山経由］, 福島・飯野線"
徳沢上,西会津町,極入・徳沢線
川俣中島,福島交通（株）,"川俣線［月舘経由］, 川俣・掛田線"
川俣中島,ジェイアールバス東北（株）,福島路線　福島ー川俣高校前
川俣中島,福島市・川俣町,"川俣松川線, 川俣飯野線"
ウェルシア喜多方常盤店前,会津乗合自動車（株）,"喜多方・坂下線：東小経由, 喜多方・坂下線：緑町経由"
川前,会津乗合自動車（株）,喜多方・裏磐梯線
石内,福島交通（株）,医大・水原線［まつかわ西幼稚園経由］
絹の里シルクピア前,福島交通（株）,南相馬線［医大経由］
絹の里シルクピア前,ジェイアールバス東北（株）,福島路線　福島ー川俣高校前
絹の里シルクピア前,福島市・川俣町,"川俣松川線, 川俣飯野線"
川俣町,福島交通（株）,"川俣線［月舘経由］, 川俣・掛田線"
川俣町,ジェイアールバス東北（株）,福島路線　福島ー川俣高校前
川俣町,福島市・川俣町,"川俣松川線, 川俣飯野線"
徳沢駅,西会津町,極入・徳沢線
川俣警察署前,ジェイアールバス東北（株）,福島路線　福島ー川俣高校前
川俣警察署前,福島市・川俣町,"川俣松川線, 川俣飯野線"
堂の久保,福島市・川俣町,"川俣松川線, 川俣飯野線"
堂の久保,ジェイアールバス東北（株）,福島路線　福島ー川俣高校前
豪倉前,福島交通（株）,原町線［車川経由］
徳沢下,西会津町,極入・徳沢線
川俣営業所,福島交通（株）,"南相馬線［医大経由］, 川俣線［月舘経由］, 川俣・掛田線"
福交川俣営業所前,ジェイアールバス東北（株）,福島路線　福島ー川俣高校前
福交川俣営業所,福島市・川俣町,"川俣松川線, 川俣飯野線"
油田,ジェイアールバス東北（株）,福島路線　福島ー川俣高校前
油田,福島市・川俣町,"川俣松川線, 川俣飯野線"
下社地神,福島交通（株）,南相馬線［医大経由］
瓦町,福島交通（株）,"川俣線［月舘経由］, 川俣・掛田線"
瓦町,福島市・川俣町,"川俣松川線, 川俣飯野線"
瓦町,ジェイアールバス東北（株）,福島路線　福島ー川俣高校前
東光寺前,福島市・川俣町,川俣松川線
美郷四丁目,福島交通（株）,松川線［美郷経由］
第二中学校南口（喜多方）,会津乗合自動車（株）,喜多方市まちなか循環線
荒屋敷,福島市・川俣町,"川俣松川線, 川俣飯野線"
向平,福島市・川俣町,川俣松川線
大久保学校前,福島市・川俣町,"川俣松川線, 川俣飯野線"
センターハウス,福島交通（株）,松川線［美郷経由］
上竹ノ内,福島交通（株）,"飯野線［医大・立子山経由］, 福島・飯野線"
清水台三丁目,会津乗合自動車（株）,喜多方市まちなか循環線
水原作の内,福島交通（株）,医大・水原線［まつかわ西幼稚園経由］
東高松,東北アクセス（株）,南相馬　高平循環線
東桜ガ丘,会津乗合自動車（株）,喜多方市まちなか循環線
ブイチェーン喜多方店前,会津乗合自動車（株）,喜多方市まちなか循環線
川俣役場前,福島市・川俣町,"川俣松川線, 川俣飯野線"
道の駅裏磐梯,会津乗合自動車（株）,喜多方・裏磐梯線
浅目,福島交通（株）,二本松線［医大経由］
杉内,福島交通（株）,南相馬線［医大経由］
高松入口,福島交通（株）,"原町線［立谷経由］, 原町線［柚木・立谷経由］"
水原小学校,福島交通（株）,医大・水原線［まつかわ西幼稚園経由］
川俣町役場前,福島交通（株）,"川俣線［月舘経由］, 川俣・掛田線"
川俣町役場前,ジェイアールバス東北（株）,福島路線　福島ー川俣高校前
川俣鉄砲町,福島市・川俣町,"川俣松川線, 川俣飯野線"
川俣鉄炮町,ジェイアールバス東北（株）,福島路線　福島ー川俣高校前
川俣鉄炮町,福島交通（株）,"川俣線［月舘経由］, 川俣・掛田線"
御壇入口,東北アクセス（株）,南相馬　高平循環線
上北公会堂,東北アクセス（株）,南相馬　高平循環線
京田,福島交通（株）,"川俣線［月舘経由］, 川俣・掛田線"
大原,福島交通（株）,南相馬線［医大経由］
川俣郵便局前,福島交通（株）,"川俣線［月舘経由］, 川俣・掛田線"
川俣郵便局前,ジェイアールバス東北（株）,福島路線　福島ー川俣高校前
美郷二丁目,福島交通（株）,松川線［美郷経由］
宮の下,福島交通（株）,医大・水原線［まつかわ西幼稚園経由］
川俣日和田,福島市・川俣町,"川俣松川線, 川俣飯野線"
日和田,福島交通（株）,"川俣線［月舘経由］, 川俣・掛田線"
日和田,ジェイアールバス東北（株）,福島路線　福島ー川俣高校前
阿武隈新橋,福島市・川俣町,川俣松川線
台畑,福島交通（株）,南相馬線［医大経由］
長峯,会津乗合自動車（株）,喜多方・裏磐梯線
川俣町済生会病院入口,福島交通（株）,南相馬線［医大経由］
小池,福島交通（株）,医大・水原線［まつかわ西幼稚園経由］
桜ガ丘,会津乗合自動車（株）,"喜多方・坂下線：東小経由, 喜多方・坂下線：緑町経由"
高松,東北アクセス（株）,南相馬　高平循環線
大久保,福島市・川俣町,"川俣松川線, 川俣飯野線"
美郷一丁目,福島交通（株）,松川線［美郷経由］
藤柄,福島市・川俣町,川俣松川線
かやの木,福島交通（株）,南相馬線［医大経由］
西下田,福島交通（株）,南相馬線［医大経由］
信田沢,福島交通（株）,南相馬線［医大経由］
高目上,西会津町,高目線
合同庁舎入口（喜多方市）,会津乗合自動車（株）,喜多方市まちなか循環線
植松,福島交通（株）,"原町線［立谷経由］, 原町線［柚木・立谷経由］"
植松,東北アクセス（株）,南相馬　高平循環線
浜子,福島市・川俣町,川俣松川線
金山,福島交通（株）,"飯野線［医大・立子山経由］, 福島・飯野線"
高目下,西会津町,高目線
押切川公園自由広場前,会津乗合自動車（株）,喜多方市まちなか循環線
福祉センター前,会津乗合自動車（株）,喜多方・裏磐梯線
笹森山入口,福島交通（株）,医大・水原線［まつかわ西幼稚園経由］
水穴,福島市・川俣町,川俣松川線
北沢,東北アクセス（株）,南相馬　高平循環線
小野川湖入口,会津乗合自動車（株）,喜多方・裏磐梯線
小野川湖入口,磐梯東都バス（株）,"五色沼入口〜裏磐梯高原駅, 小野川湖入口〜猪苗代駅, 千貫〜小野川湖入口, 猪苗代駅〜裏磐梯高原駅［千里］, 猪苗代駅〜裏磐梯高原駅［谷地］"
新田原,福島交通（株）,南相馬線［医大経由］
松川町,福島交通（株）,"二本松線［医大経由］, 松川線［美郷経由］, 医大・水原線［まつかわ西幼稚園経由］"
伊藤,福島交通（株）,医大・水原線［まつかわ西幼稚園経由］
松川支所入口,福島交通（株）,松川線［美郷経由］
磐梯山噴火記念館前,会津乗合自動車（株）,喜多方・裏磐梯線
磐梯山噴火記念館前,磐梯東都バス（株）,"五色沼入口〜裏磐梯高原駅, 猪苗代駅〜裏磐梯高原駅［千里］, 猪苗代駅〜裏磐梯高原駅［谷地］"
喜多方高校入口,会津乗合自動車（株）,"喜多方・坂下線：東小経由, 喜多方・坂下線：緑町経由"
金沢入口,福島市・川俣町,川俣松川線
ラビスパ裏磐梯,会津乗合自動車（株）,喜多方・裏磐梯線
下吉,会津乗合自動車（株）,喜多方・裏磐梯線
関根,福島交通（株）,医大・水原線［まつかわ西幼稚園経由］
押切川公園前,会津乗合自動車（株）,喜多方市まちなか循環線
松川支所,福島交通（株）,医大・水原線［まつかわ西幼稚園経由］
川俣南小学校,福島交通（株）,南相馬線［医大経由］
北長野,福島交通（株）,"南相馬線［医大経由］, 原町線［車川経由］"
アイデミきたかた,会津乗合自動車（株）,喜多方市まちなか循環線
アイデミきたかた,（資）広田タクシー,喜多方まちなか循環バス　ぶらりん号
境川,福島市・川俣町,"川俣松川線, 川俣飯野線"
明治,福島市・川俣町,川俣松川線
喜多方高校前,会津乗合自動車（株）,喜多方市まちなか循環線
まつかわ西幼稚園,福島交通（株）,医大・水原線［まつかわ西幼稚園経由］
平林ニュータウン入口,会津乗合自動車（株）,喜多方・裏磐梯線
大門,福島交通（株）,医大・水原線［まつかわ西幼稚園経由］
下柴,会津乗合自動車（株）,喜多方・裏磐梯線
さくら小学校前,会津乗合自動車（株）,喜多方・裏磐梯線
飯野小学校前,福島市・川俣町,川俣松川線
平林,会津乗合自動車（株）,喜多方・裏磐梯線
松川本町,福島交通（株）,"二本松線［医大経由］, 松川線［美郷経由］, 医大・水原線［まつかわ西幼稚園経由］"
長峯舟付,会津乗合自動車（株）,喜多方・裏磐梯線
長峯舟付,磐梯東都バス（株）,"五色沼入口〜裏磐梯高原駅, 猪苗代駅〜裏磐梯高原駅［千里］, 猪苗代駅〜裏磐梯高原駅［谷地］"
飯野下町,福島交通（株）,"飯野線［医大・立子山経由］, 福島・飯野線"
飯野下町,福島市・川俣町,川俣松川線
飯野町,福島交通（株）,"飯野線［医大・立子山経由］, 福島・飯野線, 南相馬線［医大経由］"
飯野町,福島市・川俣町,"川俣松川線, 川俣飯野線"
京塚,東北アクセス（株）,南相馬　高平循環線
長野,福島交通（株）,南相馬線［医大経由］
後川,福島交通（株）,"飯野線［医大・立子山経由］, 福島・飯野線"
稲田別,会津乗合自動車（株）,喜多方・裏磐梯線
五色沼入口,会津乗合自動車（株）,喜多方・裏磐梯線
五色沼入口,磐梯東都バス（株）,"五色沼入口〜裏磐梯高原駅, 小野川湖入口〜猪苗代駅, 猪苗代駅〜裏磐梯高原駅［千里］, 猪苗代駅〜裏磐梯高原駅［谷地］"
甲本本家,（資）広田タクシー,喜多方まちなか循環バス　ぶらりん号
旧甲斐家蔵住宅前,会津乗合自動車（株）,"喜多方・坂下線：東小経由, 喜多方・坂下線：緑町経由, 喜多方市まちなか循環線"
薬師別,会津乗合自動車（株）,喜多方・裏磐梯線
下台,会津乗合自動車（株）,喜多方・裏磐梯線
下宝川,西会津町,極入・徳沢線
第三中学校前,会津乗合自動車（株）,喜多方・裏磐梯線
上町一丁目,会津乗合自動車（株）,"喜多方・坂下線：東小経由, 喜多方・坂下線：緑町経由, 喜多方市まちなか循環線"
第一中学校前,会津乗合自動車（株）,喜多方・裏磐梯線
松川新町,福島交通（株）,医大・水原線［まつかわ西幼稚園経由］
総合福祉センター,会津乗合自動車（株）,"喜多方・裏磐梯線, 喜多方市まちなか循環線"
天明根,福島交通（株）,"二本松線［医大経由］, 松川線［美郷経由］"
入澤病院前,会津乗合自動車（株）,"喜多方・裏磐梯線, 喜多方市まちなか循環線"
北町郵便局前,会津乗合自動車（株）,"喜多方・裏磐梯線, 喜多方市まちなか循環線"
新道,会津乗合自動車（株）,"塩川・喜多方線：アピオ・城経由, 塩川・喜多方線：アピオ経由, 塩川・喜多方線：荒久田経由, 塩川・喜多方線：竹田経由, 塩川・熊倉線, 喜多方・裏磐梯線, 喜多方市まちなか循環線"
アクティブリゾーツ裏磐梯,会津乗合自動車（株）,喜多方・裏磐梯線
アクティブリゾーツ裏磐梯,磐梯東都バス（株）,"猪苗代駅〜裏磐梯高原駅［千里］, 猪苗代駅〜裏磐梯高原駅［谷地］"
北芝前,福島交通（株）,医大・水原線［まつかわ西幼稚園経由］
北塩原村役場前,会津乗合自動車（株）,喜多方・裏磐梯線
松川駅前,福島交通（株）,医大・水原線［まつかわ西幼稚園経由］
曲田,東北アクセス（株）,南相馬　高平循環線
新町［喜多方市］,会津乗合自動車（株）,"塩川・喜多方線：アピオ・城経由, 塩川・喜多方線：アピオ経由, 塩川・喜多方線：荒久田経由, 塩川・喜多方線：竹田経由, 塩川・熊倉線, 喜多方・裏磐梯線, 喜多方市まちなか循環線"
上高平,福島交通（株）,"原町線［立谷経由］, 原町線［柚木・立谷経由］"
上高平,東北アクセス（株）,南相馬　高平循環線
松川駅,福島市・川俣町,川俣松川線
南町馬車の駅,（資）広田タクシー,喜多方まちなか循環バス　ぶらりん号
北原,福島交通（株）,医大・水原線［まつかわ西幼稚園経由］
北原,福島市・川俣町,川俣松川線
南小田付,会津乗合自動車（株）,"塩川・喜多方線：アピオ・城経由, 塩川・喜多方線：アピオ経由, 塩川・喜多方線：荒久田経由, 塩川・喜多方線：竹田経由, 塩川・熊倉線"
押切川公園体育館前,会津乗合自動車（株）,喜多方市まちなか循環線
宝川中,西会津町,極入・徳沢線
宝川上,西会津町,極入・徳沢線
諸橋近代美術館前,磐梯東都バス（株）,"小野川湖入口〜猪苗代駅, 猪苗代駅〜裏磐梯高原駅［千里］, 猪苗代駅〜裏磐梯高原駅［谷地］"
秋元,磐梯東都バス（株）,千貫〜小野川湖入口
南原,福島交通（株）,南相馬線［医大経由］
宝川下,西会津町,極入・徳沢線
中野,西会津町,高目線
小清水集会所,西会津町,高目線
リオンドール仲町店,（資）広田タクシー,喜多方まちなか循環バス　ぶらりん号
千貫,磐梯東都バス（株）,千貫〜小野川湖入口
寺町角,会津乗合自動車（株）,"塩川・喜多方線：アピオ・城経由, 塩川・喜多方線：アピオ経由, 塩川・喜多方線：荒久田経由, 塩川・喜多方線：竹田経由, 塩川・熊倉線, 喜多方・坂下線：東小経由, 喜多方・坂下線：緑町経由, 喜多方・裏磐梯線, 喜多方市まちなか循環線"
古天神,福島交通（株）,"二本松線［医大経由］, 松川線［美郷経由］"
蔵の里,（資）広田タクシー,喜多方まちなか循環バス　ぶらりん号
上田,福島交通（株）,原町線［車川経由］
裏磐梯高原駅,会津乗合自動車（株）,喜多方・裏磐梯線
裏磐梯高原駅,磐梯東都バス（株）,"五色沼入口〜裏磐梯高原駅, 猪苗代駅〜裏磐梯高原駅［千里］, 猪苗代駅〜裏磐梯高原駅［谷地］"
小倉,福島交通（株）,医大・水原線［まつかわ西幼稚園経由］
新田橋,福島交通（株）,"原町線［立谷経由］, 原町線［柚木・立谷経由］"
新田橋,東北アクセス（株）,南相馬　高平循環線
高平小学校前・農協ウラ,東北アクセス（株）,南相馬　高平循環線
ヨークベニマル喜多方店前,会津乗合自動車（株）,"塩川・喜多方線：アピオ・城経由, 塩川・喜多方線：アピオ経由, 塩川・喜多方線：荒久田経由, 塩川・喜多方線：竹田経由, 塩川・熊倉線, 喜多方市まちなか循環線"
秋元湖入口,磐梯東都バス（株）,"小野川湖入口〜猪苗代駅, 千貫〜小野川湖入口, 猪苗代駅〜裏磐梯高原駅［千里］, 猪苗代駅〜裏磐梯高原駅［谷地］"
松川向町,福島交通（株）,二本松線［医大経由］
ほっときらり前,会津乗合自動車（株）,喜多方市まちなか循環線
裏磐梯レイクリゾート,会津乗合自動車（株）,喜多方・裏磐梯線
裏磐梯レイクリゾート,磐梯東都バス（株）,"猪苗代駅〜裏磐梯高原駅［千里］, 猪苗代駅〜裏磐梯高原駅［谷地］"
西四ツ谷観光駐車場,（資）広田タクシー,喜多方まちなか循環バス　ぶらりん号
コープあいづプラザ店前,会津乗合自動車（株）,喜多方市まちなか循環線
喜多方市役所,（資）広田タクシー,喜多方まちなか循環バス　ぶらりん号
喜多方市役所前,会津乗合自動車（株）,喜多方市まちなか循環線
笹屋旅館,（資）広田タクシー,喜多方まちなか循環バス　ぶらりん号
幸町,会津乗合自動車（株）,"塩川・喜多方線：アピオ・城経由, 塩川・喜多方線：アピオ経由, 塩川・喜多方線：荒久田経由, 塩川・喜多方線：竹田経由, 塩川・熊倉線, 喜多方・坂下線：東小経由, 喜多方・坂下線：緑町経由, 喜多方・裏磐梯線"
小清水,西会津町,高目線
裏磐梯高原ホテル,会津乗合自動車（株）,喜多方・裏磐梯線
裏磐梯高原ホテル,磐梯東都バス（株）,"猪苗代駅〜裏磐梯高原駅［千里］, 猪苗代駅〜裏磐梯高原駅［谷地］"
下台団地入口,会津乗合自動車（株）,塩川・熊倉線
ダイユーエイト喜多方店前,会津乗合自動車（株）,喜多方市まちなか循環線
上勝,会津乗合自動車（株）,塩川・熊倉線
カワチ薬品喜多方西店前,会津乗合自動車（株）,喜多方市まちなか循環線
希望ヶ丘入口［喜多方］,会津乗合自動車（株）,"塩川・熊倉線, 喜多方市まちなか循環線"
平明,西会津町,高目線
リオン・ドール喜多方西店入口,会津乗合自動車（株）,喜多方市まちなか循環線
呼賀別,西会津町,高目線
喜多方警察署前,会津乗合自動車（株）,"塩川・喜多方線：アピオ・城経由, 塩川・喜多方線：アピオ経由, 塩川・喜多方線：荒久田経由, 塩川・喜多方線：竹田経由"
大通り四ッ角,会津乗合自動車（株）,"塩川・喜多方線：アピオ・城経由, 塩川・喜多方線：アピオ経由, 塩川・喜多方線：荒久田経由, 塩川・喜多方線：竹田経由, 塩川・熊倉線, 喜多方・坂下線：東小経由, 喜多方・坂下線：緑町経由, 喜多方・裏磐梯線"
木之本漆器店前,会津乗合自動車（株）,喜多方市まちなか循環線
木之本漆器店,（資）広田タクシー,喜多方まちなか循環バス　ぶらりん号
クスリのアオキ喜多方西店前,会津乗合自動車（株）,喜多方市まちなか循環線
関柴,会津乗合自動車（株）,塩川・熊倉線
小川町,福島交通（株）,"原町線［立谷経由］, 原町線［柚木・立谷経由］"
小川町,東北アクセス（株）,南相馬　高平循環線
喜多方営業所,会津乗合自動車（株）,"塩川・喜多方線：アピオ・城経由, 塩川・喜多方線：アピオ経由, 塩川・喜多方線：荒久田経由, 塩川・喜多方線：竹田経由, 塩川・熊倉線, 喜多方・坂下線：東小経由, 喜多方・坂下線：緑町経由, 喜多方・裏磐梯線, 喜多方市まちなか循環線"
吉倉,福島交通（株）,二本松線［医大経由］
駅中道（喜多方駅）,会津乗合自動車（株）,"喜多方・坂下線：東小経由, 喜多方・坂下線：緑町経由"
中里,会津乗合自動車（株）,塩川・熊倉線
喜多方駅前,会津乗合自動車（株）,"塩川・喜多方線：アピオ・城経由, 塩川・喜多方線：アピオ経由, 塩川・喜多方線：荒久田経由, 塩川・喜多方線：竹田経由, 塩川・熊倉線, 喜多方・坂下線：東小経由, 喜多方・坂下線：緑町経由, 喜多方・裏磐梯線, 喜多方市まちなか循環線"
JR喜多方駅,（資）広田タクシー,喜多方まちなか循環バス　ぶらりん号
高槻集会所,二本松市,東和地域　コミュニティバス　平日登校便　高槻コース
上高額,会津乗合自動車（株）,"塩川・喜多方線：アピオ・城経由, 塩川・喜多方線：アピオ経由, 塩川・喜多方線：荒久田経由, 塩川・喜多方線：竹田経由"
本町三丁目,福島交通（株）,"原町線［立谷経由］, 原町線［柚木・立谷経由］"
本町三丁目,東北アクセス（株）,南相馬　高平循環線
新村,西会津町,高目線
石神,福島交通（株）,原町線［車川経由］
熊倉学校前,会津乗合自動車（株）,塩川・熊倉線
川上,磐梯東都バス（株）,"小野川湖入口〜猪苗代駅, 猪苗代駅〜裏磐梯高原駅［千里］, 猪苗代駅〜裏磐梯高原駅［谷地］"
北山別,会津乗合自動車（株）,塩川・熊倉線
本町,東北アクセス（株）,南相馬　高平循環線
本町,福島交通（株）,"原町線［立谷経由］, 原町線［柚木・立谷経由］"
塩沢温泉,福島交通（株）,塩沢線
昭和電工前,会津乗合自動車（株）,"喜多方・坂下線：東小経由, 喜多方・坂下線：緑町経由"
上ノ台,西会津町,高目線
湯川渓谷入口,福島交通（株）,塩沢線
市役所入口,東北アクセス（株）,南相馬　渋佐線
雄国沼登山道入口,会津乗合自動車（株）,喜多方・裏磐梯線
原町一小前,東北アクセス（株）,南相馬　渋佐線
仲町三丁目,福島交通（株）,原町線［車川経由］
熊倉南角,会津乗合自動車（株）,塩川・熊倉線
牛越,福島交通（株）,原町線［車川経由］
百目,会津乗合自動車（株）,"塩川・喜多方線：アピオ・城経由, 塩川・喜多方線：アピオ経由, 塩川・喜多方線：荒久田経由, 塩川・喜多方線：竹田経由"
道谷坂,福島交通（株）,塩沢線
錦町一丁目,東北アクセス（株）,南相馬　渋佐線
南相馬市役所,福島交通（株）,南相馬線［医大経由］
滝坂集会所,西会津町,高目線
桜井,東北アクセス（株）,南相馬　渋佐線
合同庁舎入口,東北アクセス（株）,南相馬　渋佐線
新郷連絡所,西会津町,高目線
関場,二本松市,東和地域　コミュニティバス　平日登校便　高槻コース
木の根坂,福島交通（株）,塩沢線
本町一丁目,福島交通（株）,原町線［立谷経由］
本町一丁目,東北アクセス（株）,"南相馬　高平循環線, 南相馬　渋佐線"
仲町二丁目,福島交通（株）,原町線［車川経由］
高柳,会津乗合自動車（株）,塩川・熊倉線
上渋佐,東北アクセス（株）,南相馬　渋佐線
原町駅東口,東北アクセス（株）,南相馬　渋佐線
上孫目,西会津町,高目線
四ツ葉通り,福島交通（株）,"南相馬線［医大経由］, 原町線［車川経由］, 原町線［立谷経由］, 原町線［柚木・立谷経由］"
四ツ葉通り,東北アクセス（株）,"南相馬　高平循環線, 南相馬　渋佐線"
旭公園前,福島交通（株）,"南相馬線［医大経由］, 原町線［車川経由］, 原町線［立谷経由］, 原町線［柚木・立谷経由］"
旭公園前,東北アクセス（株）,"南相馬　高平循環線, 南相馬　渋佐線"
栄町二丁目,福島交通（株）,"南相馬線［医大経由］, 原町線［車川経由］, 原町線［立谷経由］, 原町線［柚木・立谷経由］"
栄町二丁目,東北アクセス（株）,"南相馬　高平循環線, 南相馬　渋佐線"
高吉別,会津乗合自動車（株）,"喜多方・坂下線：東小経由, 喜多方・坂下線：緑町経由"
サファリパーク前,福島交通（株）,塩沢線
栄町,福島交通（株）,南相馬線［医大経由］
農高前,福島交通（株）,原町線［車川経由］
栄町一丁目,東北アクセス（株）,"南相馬　高平循環線, 南相馬　渋佐線"
川上温泉,磐梯東都バス（株）,"小野川湖入口〜猪苗代駅, 猪苗代駅〜裏磐梯高原駅［千里］, 猪苗代駅〜裏磐梯高原駅［谷地］"
原町二中前,東北アクセス（株）,南相馬　渋佐線
国際芸術村前,西会津町,高目線
高見町二丁目,東北アクセス（株）,南相馬　渋佐線
塩之沢,二本松市,東和地域　コミュニティバス　平日登校便　西赤土コース
旭町一丁目,福島交通（株）,"南相馬線［医大経由］, 原町線［車川経由］, 原町線［立谷経由］, 原町線［柚木・立谷経由］"
旭町一丁目,東北アクセス（株）,"南相馬　高平循環線, 南相馬　渋佐線"
西町一丁目,福島交通（株）,原町線［車川経由］
高見,東北アクセス（株）,南相馬　渋佐線
原町駅前,福島交通（株）,"南相馬線［医大経由］, 原町線［車川経由］, 原町線［立谷経由］, 原町線［柚木・立谷経由］"
原ノ町駅前,東北アクセス（株）,"南相馬　高平循環線, 南相馬　渋佐線"
塩之沢屯所前,二本松市,東和地域　コミュニティバス　平日登校便　西赤土コース
払川公園建設記念碑前,二本松市,安達地域　コミュニティバス
原田,東北アクセス（株）,南相馬　渋佐線
騎道,東北アクセス（株）,南相馬　渋佐線
滑沢,西会津町,高目線
樟山,西会津町,高目線
白坂入口,西会津町,極入・徳沢線
下勝,会津乗合自動車（株）,"塩川・喜多方線：アピオ・城経由, 塩川・喜多方線：アピオ経由, 塩川・喜多方線：荒久田経由, 塩川・喜多方線：竹田経由"
黒沼,福島交通（株）,二本松線［医大経由］
西町,福島交通（株）,原町線［車川経由］
県道別,西会津町,高目線
天王前,西会津町,高目線
豊川支所前,会津乗合自動車（株）,"喜多方・坂下線：東小経由, 喜多方・坂下線：緑町経由"
中北,二本松市,安達地域　コミュニティバス
下勝南,会津乗合自動車（株）,"塩川・喜多方線：アピオ・城経由, 塩川・喜多方線：アピオ経由, 塩川・喜多方線：荒久田経由, 塩川・喜多方線：竹田経由"
下川崎団地,二本松市,安達地域　コミュニティバス
梨木内屯所前,二本松市,東和地域　コミュニティバス　平日登校便　高槻コース
柴崎上,西会津町,高目線
小沼,会津乗合自動車（株）,塩川・熊倉線
渋川,福島交通（株）,二本松線［医大経由］
古生防火用水前,二本松市,東和地域　コミュニティバス　平日登校便　西赤土コース
川面公民館,二本松市,安達地域　コミュニティバス
袋原公民館前,会津乗合自動車（株）,袋原線
袋原,会津乗合自動車（株）,袋原線
堂畑,会津乗合自動車（株）,"塩川・喜多方線：アピオ・城経由, 塩川・喜多方線：アピオ経由, 塩川・喜多方線：荒久田経由, 塩川・喜多方線：竹田経由"
菅井別,会津乗合自動車（株）,"喜多方・坂下線：東小経由, 喜多方・坂下線：緑町経由"
安達工業団地入口,福島交通（株）,二本松線［医大経由］
休石,福島交通（株）,塩沢線
下野尻中,西会津町,極入・徳沢線
端村入口,西会津町,極入・徳沢線
下野尻上,西会津町,極入・徳沢線
群診入口,西会津町,極入・徳沢線
大中地,二本松市,安達地域　コミュニティバス
問屋橋,二本松市,東和地域　コミュニティバス　平日登校便　西赤土コース
下川崎住民センター,二本松市,安達地域　コミュニティバス
休石原,福島交通（株）,塩沢線
土湯沢,磐梯東都バス（株）,"小野川湖入口〜猪苗代駅, 猪苗代駅〜裏磐梯高原駅［千里］, 猪苗代駅〜裏磐梯高原駅［谷地］"
菅井,会津乗合自動車（株）,"喜多方・坂下線：東小経由, 喜多方・坂下線：緑町経由"
笹小屋,福島交通（株）,塩沢線
才の神,二本松市,"東和地域　コミュニティバス　平日登校便　高槻コース, 東和地域　コミュニティバス　平日登校便・土日祝日便　10コース"
橋立,西会津町,高目線
貝沼前,西会津町,極入・徳沢線
岩代馬場,二本松市,東和地域　コミュニティバス　平日登校便　西赤土コース
石橋,二本松市,安達地域　コミュニティバス
辻,会津乗合自動車（株）,塩川・熊倉線
太田,会津乗合自動車（株）,"塩川・喜多方線：アピオ・城経由, 塩川・喜多方線：アピオ経由, 塩川・喜多方線：荒久田経由, 塩川・喜多方線：竹田経由"
荒分,会津乗合自動車（株）,"喜多方・坂下線：東小経由, 喜多方・坂下線：緑町経由"
唐橋商店前,西会津町,極入・徳沢線
下小屋入口,福島交通（株）,塩沢線
上野尻駅,西会津町,極入・徳沢線
上野尻駅入口,西会津町,極入・徳沢線
杉ノ内集会所,二本松市,安達地域　コミュニティバス
松泉寺入口,二本松市,東和地域　コミュニティバス　平日登校便　西赤土コース
鉄扇橋,福島交通（株）,"塩沢線, 鉄扇橋線"
二本柳,福島交通（株）,二本松線［医大経由］
木地小屋,磐梯東都バス（株）,猪苗代駅〜達沢
奥岳,福島交通（株）,奥岳線［JICA経由］
長井,会津乗合自動車（株）,袋原線
金沢（喜多方市）,会津乗合自動車（株）,塩川・熊倉線
田茂沢,磐梯東都バス（株）,猪苗代駅〜達沢
よしの屋前,会津乗合自動車（株）,袋原線
西光寺,西会津町,極入・徳沢線
中の目,福島交通（株）,鉄扇橋線
大原坂下,磐梯東都バス（株）,猪苗代駅〜達沢
大原坂上,磐梯東都バス（株）,猪苗代駅〜達沢
諏訪殿,会津乗合自動車（株）,塩川・熊倉線
上利根川入口,会津乗合自動車（株）,"塩川・喜多方線：アピオ・城経由, 塩川・喜多方線：アピオ経由, 塩川・喜多方線：荒久田経由, 塩川・喜多方線：竹田経由"
市坂,二本松市,安達地域　コミュニティバス
仲ノ内区集会所,二本松市,東和地域　コミュニティバス　平日登校便　西赤土コース
沼尻,磐梯東都バス（株）,猪苗代駅〜達沢
道場原,福島交通（株）,"塩沢線, 鉄扇橋線"
坂ノ下,二本松市,"東和地域　コミュニティバス　平日登校便　西赤土コース, 東和地域　コミュニティバス　平日登校便・土日祝日便　10コース, 東和地域　コミュニティバス　平日登校便　復路6コース"
上原,福島交通（株）,鉄扇橋線
木幡住民センター前,二本松市,"東和地域　コミュニティバス　平日登校便　高槻コース, 東和地域　コミュニティバス　平日登校便・土日祝日便　10コース"
桶沢,二本松市,安達地域　コミュニティバス
久木平,二本松市,"東和地域　コミュニティバス　平日登校便　西赤土コース, 東和地域　コミュニティバス　平日登校便・土日祝日便　10コース, 東和地域　コミュニティバス　平日登校便　復路6コース"
藤内地,二本松市,安達地域　コミュニティバス
新宮長床,（資）広田タクシー,喜多方まちなか循環バス　ぶらりん号
台,会津乗合自動車（株）,"喜多方・坂下線：東小経由, 喜多方・坂下線：緑町経由"
西赤土,二本松市,東和地域　コミュニティバス　平日登校便　西赤土コース
木幡支所前,二本松市,"東和地域　コミュニティバス　平日登校便　高槻コース, 東和地域　コミュニティバス　平日登校便　復路6コース"
田谷,二本松市,東和地域　コミュニティバス　平日登校便・土日祝日便　10コース
安達中学校前,福島交通（株）,二本松線［医大経由］
畑中,福島交通（株）,"塩沢線, 鉄扇橋線"
イオンタウン塩川,会津乗合自動車（株）,"塩川・喜多方線：アピオ・城経由, 塩川・喜多方線：アピオ経由, 塩川・喜多方線：荒久田経由, 塩川・喜多方線：竹田経由"
老人福祉センター前,磐梯東都バス（株）,猪苗代駅〜達沢
銀杏木,福島交通（株）,"塩沢線, 鉄扇橋線"
一の鳥居下,二本松市,東和地域　コミュニティバス　平日登校便　高槻コース
赤土橋下付近,二本松市,東和地域　コミュニティバス　平日登校便　西赤土コース
折越公会堂,二本松市,"東和地域　コミュニティバス　平日登校便　往路5コース, 東和地域　コミュニティバス　平日登校便　西赤土コース, 東和地域　コミュニティバス　平日登校便　復路6コース"
六角集会所,二本松市,安達地域　コミュニティバス
万力,会津乗合自動車（株）,"喜多方・坂下線：東小経由, 喜多方・坂下線：緑町経由"
持東林,福島交通（株）,"塩沢線, 鉄扇橋線"
中の沢下,磐梯東都バス（株）,猪苗代駅〜達沢
中の沢温泉,磐梯東都バス（株）,猪苗代駅〜達沢
塩沢一丁目,福島交通（株）,"塩沢線, 鉄扇橋線"
塩沢学校前,福島交通（株）,"塩沢線, 鉄扇橋線"
下利根川,会津乗合自動車（株）,"塩川・喜多方線：アピオ・城経由, 塩川・喜多方線：アピオ経由, 塩川・喜多方線：荒久田経由, 塩川・喜多方線：竹田経由"
ムラマツ建装下,二本松市,"東和地域　コミュニティバス　平日登校便・土日祝日便　10コース, 東和地域　コミュニティバス　平日登校便　復路6コース"
酸川野,磐梯東都バス（株）,猪苗代駅〜達沢
常世,会津乗合自動車（株）,塩川・熊倉線
陣場,二本松市,安達地域　コミュニティバス
石谷改善センター,二本松市,"東和地域　コミュニティバス　平日登校便　往路5コース, 東和地域　コミュニティバス　平日登校便　高槻コース, 東和地域　コミュニティバス　平日登校便　西赤土コース"
JICA・NTC,福島交通（株）,"海外協力隊二本松訓練所線, 奥岳線［JICA経由］"
安達駅前,二本松市,安達地域　コミュニティバス
上川崎住民センター,二本松市,安達地域　コミュニティバス
笹ノ田,二本松市,"東和地域　コミュニティバス　平日登校便　往路2コース, 東和地域　コミュニティバス　平日登校便　復路2コース"
安達駅入口,福島交通（株）,二本松線［医大経由］
安達駅入口,二本松市,安達地域　コミュニティバス
川崎小学校前,二本松市,安達地域　コミュニティバス
日卸石,福島交通（株）,"塩沢線, 鉄扇橋線"
リゾート・インぼなり前,磐梯東都バス（株）,猪苗代駅〜達沢
高木,会津乗合自動車（株）,"塩川・喜多方線：アピオ・城経由, 塩川・喜多方線：アピオ経由, 塩川・喜多方線：荒久田経由, 塩川・喜多方線：竹田経由"
営林署前,福島交通（株）,"海外協力隊二本松訓練所線, 奥岳線［JICA経由］"
中屋敷,会津乗合自動車（株）,塩川・熊倉線
鎧召,会津乗合自動車（株）,"喜多方・坂下線：東小経由, 喜多方・坂下線：緑町経由"
長坂,磐梯東都バス（株）,"小野川湖入口〜猪苗代駅, 猪苗代駅〜裏磐梯高原駅［千里］, 猪苗代駅〜裏磐梯高原駅［谷地］"
鍛治山集会所下,二本松市,"東和地域　コミュニティバス　平日登校便・土日祝日便　10コース, 東和地域　コミュニティバス　平日登校便　復路6コース"
なら木,二本松市,安達地域　コミュニティバス
戸中集会所,西会津町,高目線
茄子石会館,二本松市,"東和地域　コミュニティバス　平日登校便　往路5コース, 東和地域　コミュニティバス　平日登校便　復路6コース"
源八坂,二本松市,安達地域　コミュニティバス
諏訪神社前,二本松市,"東和地域　コミュニティバス　平日登校便　往路2コース, 東和地域　コミュニティバス　平日登校便　復路2コース"
戸中,西会津町,高目線
表団地,福島交通（株）,"塩沢線, 鉄扇橋線"
矢矧内,二本松市,安達地域　コミュニティバス
南屋敷,会津乗合自動車（株）,塩川・熊倉線
安達支所,二本松市,安達地域　コミュニティバス
津尻温泉入口,会津乗合自動車（株）,袋原線
大沢北,会津乗合自動車（株）,"喜多方・坂下線：東小経由, 喜多方・坂下線：緑町経由"
中越田,二本松市,"東和地域　コミュニティバス　平日登校便　往路5コース, 東和地域　コミュニティバス　平日登校便　高槻コース, 東和地域　コミュニティバス　平日登校便　西赤土コース"
岳温泉,福島交通（株）,"岳線, 海外協力隊二本松訓練所線, 岳線［原瀬経由］, 奥岳線［JICA経由］"
上別府,会津乗合自動車（株）,"塩川・喜多方線：アピオ・城経由, 塩川・喜多方線：アピオ経由, 塩川・喜多方線：荒久田経由, 塩川・喜多方線：竹田経由"
安達郵便局前,福島交通（株）,二本松線［医大経由］
津尻,会津乗合自動車（株）,袋原線
塩沢宮の下,福島交通（株）,"塩沢線, 鉄扇橋線"
下小島,西会津町,まちなか循環線（野沢尾野本循環線）
八軒入口,福島交通（株）,二本松線［医大経由］
三ツ屋,磐梯東都バス（株）,"小野川湖入口〜猪苗代駅, 猪苗代駅〜裏磐梯高原駅［千里］, 猪苗代駅〜裏磐梯高原駅［谷地］"
大沢（喜多方市）,会津乗合自動車（株）,"喜多方・坂下線：東小経由, 喜多方・坂下線：緑町経由"
石戸屋入口,二本松市,"東和地域　コミュニティバス　平日登校便　往路5コース, 東和地域　コミュニティバス　平日登校便　復路6コース"
不動田,二本松市,"東和地域　コミュニティバス　平日登校便・土日祝日便　10コース, 東和地域　コミュニティバス　平日登校便　復路6コース"
外ノ瀬,西会津町,まちなか循環線（野沢尾野本循環線）
温泉入口,福島交通（株）,"岳線, 海外協力隊二本松訓練所線, 岳線［原瀬経由］, 奥岳線［JICA経由］"
実太郎,福島交通（株）,東和小学校線［針道経由］
実太郎,二本松市,"東和地域　コミュニティバス　平日登校便　往路5コース, 東和地域　コミュニティバス　平日登校便　高槻コース, 東和地域　コミュニティバス　平日登校便　西赤土コース, 東和地域　コミュニティバス　戸沢〜二本松直行便"
競石,福島交通（株）,東和小学校線［針道経由］
競石,二本松市,"東和地域　コミュニティバス　平日登校便　往路5コース, 東和地域　コミュニティバス　平日登校便　高槻コース, 東和地域　コミュニティバス　平日登校便　西赤土コース, 東和地域　コミュニティバス　戸沢〜二本松直行便"
酸川橋,磐梯東都バス（株）,猪苗代駅〜達沢
油井小学校前,福島交通（株）,二本松線［医大経由］
旧ニューヨーカー下,二本松市,"東和地域　コミュニティバス　平日登校便　往路2コース, 東和地域　コミュニティバス　平日登校便　復路2コース"
上小島,西会津町,まちなか循環線（野沢尾野本循環線）
針道西ノ内,福島交通（株）,東和小学校線［針道経由］
西ノ内,二本松市,"東和地域　コミュニティバス　平日登校便　往路5コース, 東和地域　コミュニティバス　平日登校便　高槻コース, 東和地域　コミュニティバス　平日登校便　西赤土コース, 東和地域　コミュニティバス　戸沢〜二本松直行便"
表塩沢,福島交通（株）,"塩沢線, 鉄扇橋線"
八軒,福島交通（株）,二本松線［医大経由］
まごころ斎苑前,西会津町,まちなか循環線（野沢尾野本循環線）
岳二丁目,福島交通（株）,"岳線, 海外協力隊二本松訓練所線, 岳線［原瀬経由］, 奥岳線［JICA経由］"
竹屋,会津乗合自動車（株）,塩川・熊倉線
さゆりヶ丘,西会津町,まちなか循環線（野沢尾野本循環線）
樋の口,磐梯東都バス（株）,猪苗代駅〜達沢
塩川中学校前,会津乗合自動車（株）,"塩川・喜多方線：アピオ・城経由, 塩川・喜多方線：アピオ経由, 塩川・喜多方線：荒久田経由, 塩川・喜多方線：竹田経由"
萩坂,福島交通（株）,"岳線, 海外協力隊二本松訓練所線, 岳線［原瀬経由］, 奥岳線［JICA経由］"
山の入,福島交通（株）,"岳線, 海外協力隊二本松訓練所線, 奥岳線［JICA経由］"
御徒町,福島交通（株）,"塩沢線, 鉄扇橋線"
針道,福島交通（株）,東和小学校線［針道経由］
針道,二本松市,"東和地域　コミュニティバス　平日登校便　往路5コース, 東和地域　コミュニティバス　平日登校便　高槻コース, 東和地域　コミュニティバス　平日登校便　西赤土コース"
グランド前,福島交通（株）,"岳線, 海外協力隊二本松訓練所線, 岳線［原瀬経由］, 奥岳線［JICA経由］"
工業団地,西会津町,まちなか循環線（野沢尾野本循環線）
宇内,会津乗合自動車（株）,袋原線
小久田,福島交通（株）,東和小学校線［針道経由］
小久田,二本松市,東和地域　コミュニティバス　戸沢〜二本松直行便
立石,福島交通（株）,"岳線, 海外協力隊二本松訓練所線, 岳線［原瀬経由］, 奥岳線［JICA経由］"
智恵子の森,二本松市,安達地域　コミュニティバス
針道中央,福島交通（株）,東和小学校線［針道経由］
針道中央,二本松市,東和地域　コミュニティバス　戸沢〜二本松直行便
馬出,福島交通（株）,二本松線［医大経由］
古峰神社前,福島交通（株）,東和小学校線［針道経由］
古峰神社前,二本松市,東和地域　コミュニティバス　戸沢〜二本松直行便
竹田,福島交通（株）,"東和小学校線［針道経由］, 二本松線［医大経由］"
竹田,二本松市,東和地域　コミュニティバス　戸沢〜二本松直行便
橋屋入口,西会津町,高目線
根崎,福島交通（株）,"東和小学校線［針道経由］, 二本松線［医大経由］"
根崎,二本松市,安達地域　コミュニティバス
永田工業団地,福島交通（株）,"岳線, 海外協力隊二本松訓練所線, 奥岳線［JICA経由］"
長沢,福島交通（株）,東和小学校線［針道経由］
長沢,二本松市,東和地域　コミュニティバス　戸沢〜二本松直行便
さゆり公園,西会津町,"極入・徳沢線, 高目線, 黒沢線, まちなか循環線（野沢尾野本循環線）"
深田,福島交通（株）,東和小学校線［針道経由］
深田,二本松市,東和地域　コミュニティバス　戸沢〜二本松直行便
安達高校前,福島交通（株）,"東和小学校線［針道経由］, 塩沢線, 鉄扇橋線, 二本松線［医大経由］"
安達高校前,二本松市,東和地域　コミュニティバス　戸沢〜二本松直行便
堤崎,福島交通（株）,東和小学校線［針道経由］
堤崎,二本松市,東和地域　コミュニティバス　戸沢〜二本松直行便
毘沙門堂,福島交通（株）,"岳線, 海外協力隊二本松訓練所線, 岳線［原瀬経由］, 奥岳線［JICA経由］"
西会津診療所,西会津町,"極入・徳沢線, 高目線, 黒沢線, まちなか循環線（野沢尾野本循環線）"
西林,西会津町,まちなか循環線（野沢尾野本循環線）
深沢,会津乗合自動車（株）,塩川・熊倉線
渋谷,磐梯東都バス（株）,"小野川湖入口〜猪苗代駅, 猪苗代駅〜裏磐梯高原駅［千里］, 猪苗代駅〜裏磐梯高原駅［谷地］"
塩川グリーンプラザ,会津乗合自動車（株）,"塩川・喜多方線：アピオ・城経由, 塩川・喜多方線：アピオ経由, 塩川・喜多方線：荒久田経由, 塩川・喜多方線：竹田経由, 塩川・熊倉線"
変電所前,福島交通（株）,東和小学校線［針道経由］
変電所前,二本松市,東和地域　コミュニティバス　戸沢〜二本松直行便
ひだまり入口,西会津町,"極入・徳沢線, 高目線, 黒沢線"
宇内入口,会津乗合自動車（株）,袋原線
郭内,福島交通（株）,"東和小学校線［針道経由］, 塩沢線, 鉄扇橋線, 二本松線［医大経由］"
郭内,二本松市,東和地域　コミュニティバス　戸沢〜二本松直行便
海方作,福島交通（株）,東和小学校線［針道経由］
海方作,二本松市,東和地域　コミュニティバス　戸沢〜二本松直行便
東和支所前,福島交通（株）,東和小学校線［針道経由］
ロータスイン,西会津町,"極入・徳沢線, 高目線, 黒沢線, まちなか循環線（野沢尾野本循環線）"
永田,福島交通（株）,"岳線, 海外協力隊二本松訓練所線, 奥岳線［JICA経由］"
松尾,西会津町,まちなか循環線（野沢尾野本循環線）
白木城入口,磐梯東都バス（株）,猪苗代駅〜達沢
仲神,福島交通（株）,岳線［原瀬経由］
下太北橋,二本松市,"東和地域　コミュニティバス　平日登校便・土日祝日便　10コース, 東和地域　コミュニティバス　平日登校便　復路6コース"
東根崎,福島交通（株）,東和小学校線［針道経由］
東根崎,二本松市,東和地域　コミュニティバス　戸沢〜二本松直行便
杉内,二本松市,"東和地域　コミュニティバス　平日登校便　往路4コース, 東和地域　コミュニティバス　平日登校便　復路2コース"
矢の戸,福島交通（株）,東和小学校線［針道経由］
矢の戸,二本松市,東和地域　コミュニティバス　戸沢〜二本松直行便
国際スキー場入口,磐梯東都バス（株）,"小野川湖入口〜猪苗代駅, 猪苗代駅〜裏磐梯高原駅［千里］, 猪苗代駅〜裏磐梯高原駅［谷地］"
伏返,二本松市,"東和地域　コミュニティバス　平日登校便・土日祝日便　1コース, 東和地域　コミュニティバス　平日登校便　往路6コース"
石畑,福島交通（株）,東和小学校線［針道経由］
石畑,二本松市,東和地域　コミュニティバス　戸沢〜二本松直行便
塩川四ッ角,会津乗合自動車（株）,"塩川・喜多方線：アピオ・城経由, 塩川・喜多方線：アピオ経由, 塩川・喜多方線：荒久田経由, 塩川・喜多方線：竹田経由, 塩川・熊倉線"
川口,福島交通（株）,東和小学校線［針道経由］
川口,二本松市,東和地域　コミュニティバス　戸沢〜二本松直行便
松尾南,西会津町,まちなか循環線（野沢尾野本循環線）
工業団地入口,福島交通（株）,東和小学校線［針道経由］
工業団地入口,二本松市,東和地域　コミュニティバス　戸沢〜二本松直行便
太田住民センター,福島交通（株）,東和小学校線［針道経由］
太田住民センター,二本松市,"東和地域　コミュニティバス　平日登校便・土日祝日便　1コース, 東和地域　コミュニティバス　戸沢〜二本松直行便"
亀谷一丁目,福島交通（株）,"東和小学校線［針道経由］, 塩沢線, 鉄扇橋線, 二本松線［医大経由］"
亀谷一丁目,二本松市,東和地域　コミュニティバス　戸沢〜二本松直行便
文化センター,福島交通（株）,東和小学校線［針道経由］
文化センター,二本松市,東和地域　コミュニティバス　戸沢〜二本松直行便
安達ヶ原入口,福島交通（株）,東和小学校線［針道経由］
安達ヶ原入口,二本松市,東和地域　コミュニティバス　戸沢〜二本松直行便
江添,会津乗合自動車（株）,塩川・熊倉線
塩川小学校前,会津乗合自動車（株）,塩川・熊倉線
安達ヶ原,福島交通（株）,東和小学校線［針道経由］
安達ヶ原,二本松市,東和地域　コミュニティバス　戸沢〜二本松直行便
宮の平,福島交通（株）,東和小学校線［針道経由］
宮の平,二本松市,"東和地域　コミュニティバス　平日登校便　往路2コース, 東和地域　コミュニティバス　平日登校便　往路4コース, 東和地域　コミュニティバス　平日登校便　往路6コース, 東和地域　コミュニティバス　平日登校便　高槻コース, 東和地域　コミュニティバス　平日登校便　往路8コース, 東和地域　コミュニティバス　平日登校便　西赤土コース, 東和地域　コミュニティバス　平日登校便　復路2コース, 東和地域　コミュニティバス　平日登校便　復路5コース, 東和地域　コミュニティバス　戸沢〜二本松直行便"
安達ヶ原公園前,福島交通（株）,東和小学校線［針道経由］
安達ヶ原公園前,二本松市,東和地域　コミュニティバス　戸沢〜二本松直行便
達沢,磐梯東都バス（株）,猪苗代駅〜達沢
太田若宮,二本松市,"東和地域　コミュニティバス　平日登校便・土日祝日便　1コース, 東和地域　コミュニティバス　平日登校便・土日祝日便　10コース, 東和地域　コミュニティバス　平日登校便　復路6コース"
太田若宮,福島交通（株）,東和小学校線［針道経由］
四斗内,福島交通（株）,"岳線, 海外協力隊二本松訓練所線, 奥岳線［JICA経由］"
川原,福島交通（株）,岳線［原瀬経由］
若宮集会所,二本松市,"東和地域　コミュニティバス　平日登校便・土日祝日便　1コース, 東和地域　コミュニティバス　平日登校便・土日祝日便　10コース"
榎戸,福島交通（株）,東和小学校線［針道経由］
小瀬川,福島交通（株）,東和小学校線［針道経由］
小瀬川,二本松市,東和地域　コミュニティバス　戸沢〜二本松直行便
御免町,福島交通（株）,"岳線［原瀬経由］, 鈴石線, 小浜線, 小浜線［大平経由］"
塩川加賀屋前,会津乗合自動車（株）,"塩川・喜多方線：アピオ・城経由, 塩川・喜多方線：アピオ経由, 塩川・喜多方線：荒久田経由, 塩川・喜多方線：竹田経由"
牧場入口,二本松市,"東和地域　コミュニティバス　平日登校便・土日祝日便　1コース, 東和地域　コミュニティバス　平日登校便　往路6コース"
巻渕,福島交通（株）,東和小学校線［針道経由］
巻渕,二本松市,東和地域　コミュニティバス　戸沢〜二本松直行便
本町,福島交通（株）,"岳線, 海外協力隊二本松訓練所線, 岳線［原瀬経由］, 鈴石線, 小浜線, 小浜線［大平経由］, 東和小学校線［針道経由］, 塩沢線, 鉄扇橋線, 二本松線［医大経由］, 奥岳線［JICA経由］"
本町,二本松市,東和地域　コミュニティバス　戸沢〜二本松直行便
小手森集会所,二本松市,"東和地域　コミュニティバス　平日登校便　往路4コース, 東和地域　コミュニティバス　平日登校便　復路2コース"
三橋,会津乗合自動車（株）,塩川・熊倉線
前石田,福島交通（株）,東和小学校線［針道経由］
前石田,二本松市,"東和地域　コミュニティバス　平日登校便・土日祝日便　1コース, 東和地域　コミュニティバス　戸沢〜二本松直行便"
蓬田,福島交通（株）,東和小学校線［針道経由］
逢田,二本松市,東和地域　コミュニティバス　戸沢〜二本松直行便
二本松駅入口,福島交通（株）,"岳線, 海外協力隊二本松訓練所線, 岳線［原瀬経由］, 鈴石線, 小浜線, 小浜線［大平経由］, 東和小学校線［針道経由］, 塩沢線, 鉄扇橋線, 二本松線［医大経由］, 奥岳線［JICA経由］"
二本松駅入口,二本松市,東和地域　コミュニティバス　戸沢〜二本松直行便
萩の田,二本松市,東和地域　コミュニティバス　戸沢〜二本松直行便
荻の田,福島交通（株）,東和小学校線［針道経由］
二本松郵便局前,福島交通（株）,"岳線, 海外協力隊二本松訓練所線, 岳線［原瀬経由］, 鈴石線, 小浜線, 小浜線［大平経由］, 東和小学校線［針道経由］, 塩沢線, 鉄扇橋線, 二本松線［医大経由］, 奥岳線［JICA経由］"
二本松郵便局前,二本松市,東和地域　コミュニティバス　戸沢〜二本松直行便
東和中学校,二本松市,東和地域　コミュニティバス　戸沢〜二本松直行便
東和中学校,福島交通（株）,東和小学校線［針道経由］
大町,二本松市,"東和地域　コミュニティバス　平日登校便　往路6コース, 東和地域　コミュニティバス　平日登校便　往路8コース, 東和地域　コミュニティバス　平日登校便　復路5コース, 東和地域　コミュニティバス　戸沢〜二本松直行便"
楽内,福島交通（株）,東和小学校線［針道経由］
楽内,二本松市,東和地域　コミュニティバス　戸沢〜二本松直行便
林業研修センター前,西会津町,まちなか循環線（野沢尾野本循環線）
野沢駅前,西会津町,"極入・徳沢線, 高目線, 黒沢線, まちなか循環線（野沢尾野本循環線）, 野沢坂下線"
二本松駅前,福島交通（株）,"岳線, 海外協力隊二本松訓練所線, 岳線［原瀬経由］, 鈴石線, 小浜線, 小浜線［大平経由］, 東和小学校線［針道経由］, 塩沢線, 鉄扇橋線, 二本松線［医大経由］, 奥岳線［JICA経由］"
二本松駅前,二本松市,安達地域　コミュニティバス
堰下,福島交通（株）,岳線［原瀬経由］
皆川輪店前,西会津町,"黒沢線, まちなか循環線（野沢尾野本循環線）"
東和小学校,福島交通（株）,東和小学校線［針道経由］
東和小学校,二本松市,"東和地域　コミュニティバス　平日登校便・土日祝日便　1コース, 東和地域　コミュニティバス　平日登校便　往路2コース, 東和地域　コミュニティバス　平日登校便　往路3コース, 東和地域　コミュニティバス　平日登校便　往路4コース, 東和地域　コミュニティバス　平日登校便　往路5コース, 東和地域　コミュニティバス　平日登校便　往路6コース, 東和地域　コミュニティバス　平日登校便　高槻コース, 東和地域　コミュニティバス　平日登校便　往路8コース, 東和地域　コミュニティバス　平日登校便　西赤土コース, 東和地域　コミュニティバス　平日登校便・土日祝日便　10コース, 東和地域　コミュニティバス　平日登校便　復路2コース, 東和地域　コミュニティバス　平日登校便　復路5コース, 東和地域　コミュニティバス　平日登校便　復路6コース"
菅二集会所,二本松市,"東和地域　コミュニティバス　平日登校便・土日祝日便　1コース, 東和地域　コミュニティバス　平日登校便・土日祝日便　10コース, 東和地域　コミュニティバス　平日登校便　復路6コース"
青津入口,会津乗合自動車（株）,"喜多方・坂下線：東小経由, 喜多方・坂下線：緑町経由"
塩川別,会津乗合自動車（株）,塩川・熊倉線
二本松若宮,福島交通（株）,"岳線, 海外協力隊二本松訓練所線, 岳線［原瀬経由］, 鈴石線, 小浜線, 小浜線［大平経由］, 東和小学校線［針道経由］, 塩沢線, 鉄扇橋線, 二本松線［医大経由］, 奥岳線［JICA経由］"
二本松若宮,二本松市,東和地域　コミュニティバス　戸沢〜二本松直行便
窪倉,会津乗合自動車（株）,杉山線
浅川,福島交通（株）,"小浜線［大平経由］, 東和小学校線［針道経由］"
浅川,二本松市,東和地域　コミュニティバス　戸沢〜二本松直行便
西会津高校前,西会津町,"極入・徳沢線, 高目線, 黒沢線, 野沢坂下線"
旧役場前,西会津町,まちなか循環線（野沢尾野本循環線）
旧尾野本小学校前,西会津町,まちなか循環線（野沢尾野本循環線）
西会津高校入口,西会津町,"黒沢線, まちなか循環線（野沢尾野本循環線）"
若宮二丁目,福島交通（株）,"岳線, 海外協力隊二本松訓練所線, 鈴石線, 小浜線, 小浜線［大平経由］, 東和小学校線［針道経由］, 塩沢線, 鉄扇橋線, 二本松線［医大経由］, 奥岳線［JICA経由］"
二本松営業所,福島交通（株）,"岳線［原瀬経由］, 鈴石線, 小浜線, 小浜線［大平経由］"
西会津中学校,西会津町,まちなか循環線（野沢尾野本循環線）
青木（会津坂下町）,会津乗合自動車（株）,"喜多方・坂下線：東小経由, 喜多方・坂下線：緑町経由"
かわちや前,西会津町,"極入・徳沢線, 高目線, 黒沢線, まちなか循環線（野沢尾野本循環線）"
三留屋前,西会津町,"黒沢線, まちなか循環線（野沢尾野本循環線）, 野沢坂下線"
森野,西会津町,まちなか循環線（野沢尾野本循環線）
浜崎,会津乗合自動車（株）,"塩川・喜多方線：アピオ・城経由, 塩川・喜多方線：アピオ経由, 塩川・喜多方線：荒久田経由, 塩川・喜多方線：竹田経由"
蒲生館前,西会津町,"極入・徳沢線, 高目線, 黒沢線, まちなか循環線（野沢尾野本循環線）"
役場新庁舎前,西会津町,まちなか循環線（野沢尾野本循環線）
大上,会津乗合自動車（株）,袋原線
伊藤商店前,西会津町,"黒沢線, まちなか循環線（野沢尾野本循環線）, 野沢坂下線"
岳下住民センター,福島交通（株）,"岳線, 海外協力隊二本松訓練所線, 奥岳線［JICA経由］"
最勝寺前,二本松市,"東和地域　コミュニティバス　平日登校便　往路4コース, 東和地域　コミュニティバス　平日登校便　復路2コース"
あじさい寺前,二本松市,"東和地域　コミュニティバス　平日登校便・土日祝日便　1コース, 東和地域　コミュニティバス　平日登校便・土日祝日便　10コース, 東和地域　コミュニティバス　平日登校便　復路6コース"
戸沢12区東集会所,二本松市,"東和地域　コミュニティバス　平日登校便・土日祝日便　1コース, 東和地域　コミュニティバス　平日登校便　往路6コース"
大坦,福島交通（株）,岳線［原瀬経由］
谷和子,福島交通（株）,小浜線［大平経由］
公民館前,西会津町,"黒沢線, まちなか循環線（野沢尾野本循環線）, 野沢坂下線"
十郎内,二本松市,"東和地域　コミュニティバス　平日登校便　往路6コース, 東和地域　コミュニティバス　平日登校便　往路8コース, 東和地域　コミュニティバス　平日登校便　復路5コース, 東和地域　コミュニティバス　戸沢〜二本松直行便"
萱本,西会津町,まちなか循環線（野沢尾野本循環線）
向原,福島交通（株）,"塩沢線, 鉄扇橋線"
よりっせ前,西会津町,"極入・徳沢線, 高目線, 黒沢線, まちなか循環線（野沢尾野本循環線）"
十文字,二本松市,東和地域　コミュニティバス　戸沢〜二本松直行便
十文字,福島交通（株）,"小浜線［大平経由］, 東和小学校線［針道経由］"
町営駐車場前,西会津町,"黒沢線, まちなか循環線（野沢尾野本循環線）, 野沢坂下線"
上竹,福島交通（株）,"鈴石線, 小浜線, 小浜線［大平経由］"
樋ノ口,西会津町,まちなか循環線（野沢尾野本循環線）
見明,会津乗合自動車（株）,袋原線
勤労者福祉会館,福島交通（株）,"塩沢線, 鉄扇橋線"
菅田屯所下,二本松市,"東和地域　コミュニティバス　平日登校便・土日祝日便　1コース, 東和地域　コミュニティバス　平日登校便・土日祝日便　10コース, 東和地域　コミュニティバス　平日登校便　復路6コース"
二本松市役所,福島交通（株）,"塩沢線, 鉄扇橋線"
水沢,磐梯東都バス（株）,猪苗代駅〜川桁駅
野沢郵便局前,西会津町,"黒沢線, まちなか循環線（野沢尾野本循環線）, 野沢坂下線"
杉山,会津乗合自動車（株）,杉山線
原瀬住民会館前,福島交通（株）,岳線［原瀬経由］
沼越,会津乗合自動車（株）,坂下・御池田線
高田橋,福島交通（株）,"鈴石線, 小浜線, 小浜線［大平経由］"
藤,福島交通（株）,東和小学校線［針道経由］
立川,会津乗合自動車（株）,坂下・御池田線
洲走,会津乗合自動車（株）,杉山線
下長折,福島交通（株）,"小浜線［大平経由］, 東和小学校線［針道経由］"
下長折,二本松市,東和地域　コミュニティバス　戸沢〜二本松直行便
石川屋商店前,西会津町,"黒沢線, まちなか循環線（野沢尾野本循環線）, 野沢坂下線"
谷地入口,会津乗合自動車（株）,"喜多方・坂下線：東小経由, 喜多方・坂下線：緑町経由"
三谷谷地,会津乗合自動車（株）,坂下・御池田線
窪,会津乗合自動車（株）,杉山線
寺の町,福島交通（株）,岳線［原瀬経由］
不動滝,福島交通（株）,小浜線［大平経由］
南東北クボタ前,西会津町,"黒沢線, まちなか循環線（野沢尾野本循環線）, 野沢坂下線"
稲場前,二本松市,"東和地域　コミュニティバス　平日登校便・土日祝日便　1コース, 東和地域　コミュニティバス　平日登校便　往路6コース"
蛇ヶ淵,二本松市,東和地域　コミュニティバス　平日登校便・土日祝日便　1コース
大畑,福島交通（株）,岳線［原瀬経由］
西会津インター前,西会津町,まちなか循環線（野沢尾野本循環線）
下政所,会津乗合自動車（株）,坂下・御池田線
しゃくなげ平入口,磐梯東都バス（株）,"小野川湖入口〜猪苗代駅, 猪苗代駅〜裏磐梯高原駅［千里］, 猪苗代駅〜裏磐梯高原駅［谷地］"
会津農業センター前,会津乗合自動車（株）,袋原線
正法寺,福島交通（株）,岳線［原瀬経由］
島,会津乗合自動車（株）,"米代・河東線, 米代・河東線：医療センター経由"
伯父ヶ倉,磐梯東都バス（株）,猪苗代駅〜達沢
旧北戸沢小,二本松市,"東和地域　コミュニティバス　平日登校便　往路4コース, 東和地域　コミュニティバス　平日登校便　復路2コース"
池端,福島交通（株）,"小浜線, 小浜線［大平経由］"
馬場平,大玉村,大玉村通勤通学バス　岳線（村内→本宮駅）
大平農協前,福島交通（株）,小浜線［大平経由］
杉山公民館,会津乗合自動車（株）,杉山線
中井橋,福島交通（株）,小浜線［大平経由］
黒少内,二本松市,"東和地域　コミュニティバス　平日登校便・土日祝日便　1コース, 東和地域　コミュニティバス　平日登校便　往路6コース"
桑曽根,二本松市,"東和地域　コミュニティバス　平日登校便　往路6コース, 東和地域　コミュニティバス　平日登校便　往路8コース, 東和地域　コミュニティバス　平日登校便　復路5コース, 東和地域　コミュニティバス　戸沢〜二本松直行便"
蛙田,会津乗合自動車（株）,袋原線
松川,会津乗合自動車（株）,"塩川・喜多方線：アピオ・城経由, 塩川・喜多方線：アピオ経由, 塩川・喜多方線：荒久田経由, 塩川・喜多方線：竹田経由"
諏訪神社前,西会津町,"黒沢線, まちなか循環線（野沢尾野本循環線）"
佐藤分,会津乗合自動車（株）,"喜多方・坂下線：東小経由, 喜多方・坂下線：緑町経由"
会津寿楽荘前,会津乗合自動車（株）,袋原線
西谷橋,二本松市,東和地域　コミュニティバス　平日登校便・土日祝日便　1コース
宮の下,福島交通（株）,小浜線［大平経由］
宮本,福島交通（株）,小浜線［大平経由］
高越,福島交通（株）,岳線［原瀬経由］
赤坂,福島交通（株）,鈴石線
さかの下,会津乗合自動車（株）,杉山線
赤枝,磐梯町,磐梯町町内生活福祉バス　赤枝コース
石生,磐梯町,磐梯町町内生活福祉バス　赤枝コース
諏訪林,福島交通（株）,岳線［原瀬経由］
舟渡,会津乗合自動車（株）,杉山線
安達東高校前,福島交通（株）,小浜線［大平経由］
安達東高前,二本松市,"岩代地域　コミュニティバス　田沢（大森・和田）コース、名目津温泉経由便, 岩代地域　コミュニティバス　新殿小コース"
国道400号入口,西会津町,"黒沢線, 野沢坂下線"
北戸沢林野会館,二本松市,"東和地域　コミュニティバス　平日登校便・土日祝日便　1コース, 東和地域　コミュニティバス　平日登校便　往路4コース, 東和地域　コミュニティバス　平日登校便　往路6コース, 東和地域　コミュニティバス　平日登校便　復路2コース"
田斗,会津乗合自動車（株）,"米代・河東線, 米代・河東線：医療センター経由"
島の内,福島交通（株）,小浜線［大平経由］
荻窪,磐梯東都バス（株）,猪苗代駅〜川桁駅
太田分,会津乗合自動車（株）,坂下・御池田線
中山田,福島交通（株）,岳線［原瀬経由］
大平住民センター入口,福島交通（株）,小浜線［大平経由］
大畑,西会津町,野沢坂下線
木の崎,福島交通（株）,"小浜線, 小浜線［大平経由］"
西谷公会堂,二本松市,東和地域　コミュニティバス　平日登校便・土日祝日便　1コース
三中入口,福島交通（株）,岳線［原瀬経由］
沼の倉,磐梯東都バス（株）,"小野川湖入口〜猪苗代駅, 猪苗代駅〜裏磐梯高原駅［千里］, 猪苗代駅〜裏磐梯高原駅［谷地］"
宮下,二本松市,"東和地域　コミュニティバス　平日登校便・土日祝日便　1コース, 東和地域　コミュニティバス　平日登校便　往路6コース"
町屋,磐梯町,磐梯町町内生活福祉バス　赤枝コース
田斗床屋前,会津乗合自動車（株）,"米代・河東線, 米代・河東線：医療センター経由"
片門,会津乗合自動車（株）,杉山線
堀米,福島交通（株）,岳線［原瀬経由］
大平駐在所前,福島交通（株）,小浜線
上寺,二本松市,東和地域　コミュニティバス　平日登校便・土日祝日便　1コース
軽沢入口,西会津町,野沢坂下線
第二小,磐梯町,磐梯町町内生活福祉バス　赤枝コース
万城,二本松市,"東和地域　コミュニティバス　平日登校便　往路6コース, 東和地域　コミュニティバス　平日登校便　往路8コース, 東和地域　コミュニティバス　平日登校便　復路5コース, 東和地域　コミュニティバス　戸沢〜二本松直行便"
堀切,磐梯東都バス（株）,猪苗代駅〜達沢
天屋,会津乗合自動車（株）,杉山線
洲走入口,会津乗合自動車（株）,杉山線
甲石,西会津町,野沢坂下線
見留,会津乗合自動車（株）,袋原線
シモン工場前,会津乗合自動車（株）,"坂下・柳津線, 杉山線"
杢少内,二本松市,"東和地域　コミュニティバス　平日登校便・土日祝日便　1コース, 東和地域　コミュニティバス　平日登校便　往路6コース"
一本木,福島交通（株）,鈴石線
塔寺立木観音前,会津乗合自動車（株）,"坂下・柳津線, 杉山線"
御池田公園前,会津乗合自動車（株）,坂下・御池田線
七ツ森,磐梯町,磐梯町町内生活福祉バス　七ツ森コース
上ノ町,西会津町,野沢坂下線
笈川学校前,会津乗合自動車（株）,"西若松駅・笈川線, 西若松駅・笈川線：竹田経由"
落合,磐梯町,磐梯町町内生活福祉バス　赤枝コース
大稲場,福島交通（株）,小浜線
御池田別,会津乗合自動車（株）,"喜多方・坂下線：東小経由, 喜多方・坂下線：緑町経由, 坂下・御池田線"
高野前,二本松市,"東和地域　コミュニティバス　平日登校便・土日祝日便　1コース, 東和地域　コミュニティバス　平日登校便　往路6コース"
塔寺白山前,会津乗合自動車（株）,"坂下・柳津線, 勝方循環線, 杉山線"
移川,福島交通（株）,小浜線［大平経由］
移川,二本松市,"岩代地域　コミュニティバス　田沢（大森・和田）コース、名目津温泉経由便, 岩代地域　コミュニティバス　新殿小コース"
御池田,会津乗合自動車（株）,坂下・御池田線
下西連,磐梯町,磐梯町町内生活福祉バス　赤枝コース
気多宮,会津乗合自動車（株）,"坂下・柳津線, 杉山線"
新館,会津乗合自動車（株）,袋原線
神明石,福島交通（株）,小浜線
志津,磐梯東都バス（株）,猪苗代駅〜川桁駅
あぶくま台,福島交通（株）,鈴石線
京出,会津乗合自動車（株）,坂下・御池田線
県民の森入口,大玉村,大玉村通勤通学バス　岳線（村内→本宮駅）
遠山入口,福島交通（株）,小浜線
鷹巣,二本松市,"東和地域　コミュニティバス　平日登校便・土日祝日便　1コース, 東和地域　コミュニティバス　平日登校便　往路3コース"
大林,福島交通（株）,小浜線
川向,二本松市,"東和地域　コミュニティバス　平日登校便・土日祝日便　1コース, 東和地域　コミュニティバス　平日登校便　往路6コース"
湯川小川屋前,会津乗合自動車（株）,"西若松駅・笈川線, 西若松駅・笈川線：竹田経由"
寺坂,二本松市,東和地域　コミュニティバス　平日登校便・土日祝日便　1コース
道の駅とうわ,二本松市,東和地域　コミュニティバス　戸沢〜二本松直行便
道の駅前,二本松市,"東和地域　コミュニティバス　平日登校便　往路6コース, 東和地域　コミュニティバス　平日登校便　往路8コース, 東和地域　コミュニティバス　平日登校便　復路5コース"
西屋敷,会津乗合自動車（株）,"塩川・喜多方線：アピオ・城経由, 塩川・喜多方線：アピオ経由, 塩川・喜多方線：荒久田経由, 塩川・喜多方線：竹田経由"
縄沢,西会津町,野沢坂下線
愛宕山下,福島交通（株）,小浜線
新橋,西会津町,野沢坂下線
紋平茶屋前,会津乗合自動車（株）,"坂下・柳津線, 勝方循環線, 杉山線"
桜ヶ丘団地,磐梯東都バス（株）,"小野川湖入口〜猪苗代駅, 猪苗代駅〜裏磐梯高原駅［千里］, 猪苗代駅〜裏磐梯高原駅［谷地］"
大学橋,二本松市,東和地域　コミュニティバス　平日登校便・土日祝日便　1コース
政所,会津乗合自動車（株）,"喜多方・坂下線：東小経由, 喜多方・坂下線：緑町経由, 坂下・御池田線"
八幡神社前,二本松市,"東和地域　コミュニティバス　平日登校便・土日祝日便　1コース, 東和地域　コミュニティバス　平日登校便　往路6コース"
大添,会津乗合自動車（株）,坂下・御池田線
船場,磐梯東都バス（株）,"猪苗代駅〜川桁駅, 猪苗代駅〜達沢"
七ツ森中央,磐梯町,磐梯町町内生活福祉バス　七ツ森コース
下田,二本松市,"東和地域　コミュニティバス　平日登校便・土日祝日便　1コース, 東和地域　コミュニティバス　平日登校便　往路3コース, 東和地域　コミュニティバス　平日登校便　往路6コース, 東和地域　コミュニティバス　平日登校便　往路8コース, 東和地域　コミュニティバス　平日登校便　復路5コース"
山口,西会津町,黒沢線
大和田鍛冶屋前,会津乗合自動車（株）,"米代・河東線, 米代・河東線：医療センター経由"
樋の口,福島交通（株）,"小浜線, 小浜線［大平経由］"
樋ノ口,二本松市,"岩代地域　コミュニティバス　田沢（大森・和田）コース、名目津温泉経由便, 岩代地域　コミュニティバス　新殿小コース"
七折,会津乗合自動車（株）,坂下・柳津線
源橋,磐梯町,磐梯町町内生活福祉バス　七ツ森コース
赤井沢,福島交通（株）,鈴石線
作,福島交通（株）,小浜線
旧上太田小,二本松市,東和地域　コミュニティバス　平日登校便・土日祝日便　1コース
妙法原,磐梯町,磐梯町町内生活福祉バス　七ツ森コース
稲荷塚,会津乗合自動車（株）,"喜多方・坂下線：東小経由, 喜多方・坂下線：緑町経由, 坂下・海老沢循環線：開津経由, 坂下・海老沢循環線：東小経由, 坂下・五ノ併循環線, 坂下・五ノ併線, 坂下・御池田線, 坂下・柳津線, 若松・坂下線, 若松・坂下線：竹田経由, 若松・坂下線：東小経由, 勝方循環線, 杉山線, 袋原線"
坂下営業所,会津乗合自動車（株）,"喜多方・坂下線：東小経由, 喜多方・坂下線：緑町経由, 坂下・海老沢循環線：開津経由, 坂下・海老沢循環線：東小経由, 坂下・五ノ併循環線, 坂下・五ノ併線, 坂下・御池田線, 坂下・柳津線, 若松・坂下線, 若松・坂下線：竹田経由, 若松・坂下線：東小経由, 勝方循環線, 杉山線, 袋原線"
会津バス坂下営業所,西会津町,野沢坂下線
杉境,会津乗合自動車（株）,勝方循環線
南戸沢小学校入口,二本松市,"東和地域　コミュニティバス　平日登校便・土日祝日便　1コース, 東和地域　コミュニティバス　平日登校便　往路6コース"
中目十日町,会津乗合自動車（株）,坂下・御池田線
西勝内,二本松市,東和地域　コミュニティバス　平日登校便・土日祝日便　1コース
白鬚橋,二本松市,東和地域　コミュニティバス　平日登校便・土日祝日便　1コース
北畑,会津乗合自動車（株）,"塩川・喜多方線：アピオ・城経由, 塩川・喜多方線：アピオ経由, 塩川・喜多方線：荒久田経由, 塩川・喜多方線：竹田経由"
大池田入口,福島交通（株）,小浜線
塚田,磐梯東都バス（株）,猪苗代駅〜裏磐梯高原駅［谷地］
慧日寺,磐梯町,磐梯町町内生活福祉バス　赤枝コース
下館,磐梯東都バス（株）,猪苗代駅〜川桁駅
五百苅,磐梯東都バス（株）,"小野川湖入口〜猪苗代駅, 猪苗代駅〜裏磐梯高原駅［千里］"
山口入口,西会津町,黒沢線
湯川役場前,会津乗合自動車（株）,"西若松駅・笈川線, 西若松駅・笈川線：竹田経由"
下田南,二本松市,"東和地域　コミュニティバス　平日登校便　往路8コース, 東和地域　コミュニティバス　平日登校便　復路5コース"
牛尾集会所,西会津町,黒沢線
坂下厚生総合病院,会津乗合自動車（株）,"喜多方・坂下線：東小経由, 喜多方・坂下線：緑町経由, 坂下・海老沢循環線：開津経由, 坂下・海老沢循環線：東小経由, 坂下・五ノ併循環線, 坂下・五ノ併線, 坂下・御池田線, 坂下・柳津線, 若松・坂下線, 若松・坂下線：竹田経由, 若松・坂下線：東小経由, 勝方循環線, 杉山線, 袋原線"
坂下厚生病院前,西会津町,野沢坂下線
北窪,磐梯東都バス（株）,"猪苗代駅〜川桁駅, 猪苗代駅〜達沢, 猪苗代駅〜北窪, 北窪〜金の橋"
長瀬支所前,磐梯東都バス（株）,猪苗代駅〜川桁駅
上新町,磐梯東都バス（株）,猪苗代駅〜裏磐梯高原駅［谷地］
ラスール坂下前,会津乗合自動車（株）,"喜多方・坂下線：東小経由, 喜多方・坂下線：緑町経由, 坂下・御池田線"
入倉,磐梯町,磐梯町町内生活福祉バス　赤枝コース
本寺,磐梯町,磐梯町町内生活福祉バス　赤枝コース
坂下中西口,会津乗合自動車（株）,"坂下・五ノ併循環線, 坂下・五ノ併線, 坂下・柳津線, 勝方循環線, 杉山線, 袋原線"
横堀,大玉村,大玉村通勤通学バス　岳線（村内→本宮駅）
更科団地,磐梯町,磐梯町町内生活福祉バス　七ツ森コース
坂下警察署前,会津乗合自動車（株）,坂下・柳津線
九軒町角,磐梯東都バス（株）,"小野川湖入口〜猪苗代駅, 猪苗代駅〜川桁駅, 猪苗代駅〜達沢, 猪苗代駅〜北窪, 猪苗代駅〜裏磐梯高原駅［千里］, 北窪〜金の橋"
猪苗代高校前,磐梯東都バス（株）,"小野川湖入口〜猪苗代駅, 猪苗代駅〜川桁駅, 猪苗代駅〜達沢, 猪苗代駅〜北窪, 猪苗代駅〜裏磐梯高原駅［千里］, 北窪〜金の橋"
七ツ森入口,磐梯町,磐梯町町内生活福祉バス　七ツ森コース
新町［会津坂下町］,会津乗合自動車（株）,"喜多方・坂下線：東小経由, 喜多方・坂下線：緑町経由, 坂下・海老沢循環線：開津経由, 坂下・海老沢循環線：東小経由, 坂下・御池田線, 若松・坂下線, 若松・坂下線：竹田経由, 若松・坂下線：東小経由, 勝方循環線, 杉山線, 袋原線"
大和田,会津乗合自動車（株）,"米代・河東線, 米代・河東線：医療センター経由"
坂下古町,会津乗合自動車（株）,坂下・柳津線
坂下古町,西会津町,野沢坂下線
猫清水,二本松市,"東和地域　コミュニティバス　平日登校便　往路8コース, 東和地域　コミュニティバス　平日登校便　復路5コース"
小浜新町,福島交通（株）,"小浜線, 小浜線［大平経由］"
小浜新町,二本松市,"岩代地域　コミュニティバス　田沢（大森・和田）コース、名目津温泉経由便, 岩代地域　コミュニティバス　新殿小コース"
道の駅,磐梯町,磐梯町町内生活福祉バス　赤枝コース
代田大和田別,会津乗合自動車（株）,"塩川・喜多方線：アピオ・城経由, 塩川・喜多方線：アピオ経由, 塩川・喜多方線：荒久田経由, 塩川・喜多方線：竹田経由"
長峯原,磐梯町,磐梯町町内生活福祉バス　七ツ森コース
バスセンター,磐梯東都バス（株）,"小野川湖入口〜猪苗代駅, 猪苗代駅〜川桁駅, 猪苗代駅〜達沢, 猪苗代駅〜北窪, 猪苗代駅〜裏磐梯高原駅［千里］, 猪苗代駅〜裏磐梯高原駅［谷地］, 北窪〜金の橋"
塩ノ原,磐梯町,磐梯町町内生活福祉バス　七ツ森コース
大鷲入口,二本松市,"東和地域　コミュニティバス　平日登校便　往路3コース, 東和地域　コミュニティバス　平日登校便　復路5コース"
長峯,磐梯町,磐梯町町内生活福祉バス　七ツ森コース
五老内,福島交通（株）,鈴石線
幼稚園,磐梯町,"磐梯町町内生活福祉バス　法正尻コース, 磐梯町町内生活福祉バス　七ツ森コース, 磐梯町町内生活福祉バス　赤枝コース"
上大梨子,二本松市,"東和地域　コミュニティバス　平日登校便　往路3コース, 東和地域　コミュニティバス　平日登校便　復路5コース"
岩代支所,福島交通（株）,"小浜線, 小浜線［大平経由］"
岩代支所,二本松市,"岩代地域　コミュニティバス　田沢（大森・和田）コース、名目津温泉経由便, 岩代地域　コミュニティバス　新殿小コース"
公民館,磐梯町,"磐梯町町内生活福祉バス　法正尻コース, 磐梯町町内生活福祉バス　七ツ森コース, 磐梯町町内生活福祉バス　赤枝コース"
三又沢,二本松市,岩代地域　コミュニティバス　新殿小コース
緑町,会津乗合自動車（株）,"喜多方・坂下線：緑町経由, 坂下・柳津線"
磐梯中学校,磐梯町,"磐梯町町内生活福祉バス　法正尻コース, 磐梯町町内生活福祉バス　七ツ森コース, 磐梯町町内生活福祉バス　赤枝コース"
履形,会津乗合自動車（株）,坂下・御池田線
諏訪町,会津乗合自動車（株）,"喜多方・坂下線：東小経由, 喜多方・坂下線：緑町経由, 坂下・海老沢循環線：開津経由, 坂下・海老沢循環線：東小経由, 坂下・御池田線, 若松・坂下線, 若松・坂下線：竹田経由, 若松・坂下線：東小経由, 勝方循環線, 杉山線, 袋原線"
中央新町,福島交通（株）,"小浜線, 小浜線［大平経由］"
中央新町,二本松市,"岩代地域　コミュニティバス　田沢（大森・和田）コース、名目津温泉経由便, 岩代地域　コミュニティバス　新殿小コース"
熊の堂,会津乗合自動車（株）,"米代・河東線, 米代・河東線：医療センター経由"
綱木,二本松市,"東和地域　コミュニティバス　平日登校便　往路8コース, 東和地域　コミュニティバス　平日登校便　復路5コース"
中岩田団地前,会津乗合自動車（株）,"坂下・五ノ併循環線, 坂下・五ノ併線, 坂下・柳津線, 勝方循環線, 杉山線, 袋原線"
中岩田団地前,西会津町,野沢坂下線
亀ヶ城入口,磐梯東都バス（株）,"小野川湖入口〜猪苗代駅, 猪苗代駅〜川桁駅, 猪苗代駅〜達沢, 猪苗代駅〜北窪, 猪苗代駅〜裏磐梯高原駅［千里］, 猪苗代駅〜裏磐梯高原駅［谷地］, 北窪〜金の橋"
赤城タクシー前,会津乗合自動車（株）,"喜多方・坂下線：東小経由, 喜多方・坂下線：緑町経由, 坂下・海老沢循環線：開津経由, 坂下・海老沢循環線：東小経由, 坂下・御池田線, 若松・坂下線, 若松・坂下線：竹田経由, 若松・坂下線：東小経由, 勝方循環線, 杉山線, 袋原線"
仲町,会津乗合自動車（株）,"喜多方・坂下線：東小経由, 喜多方・坂下線：緑町経由, 坂下・海老沢循環線：開津経由, 坂下・海老沢循環線：東小経由, 坂下・御池田線, 坂下・柳津線, 若松・坂下線, 若松・坂下線：竹田経由, 若松・坂下線：東小経由, 杉山線, 袋原線"
皿久保,大玉村,大玉村通勤通学バス　岳線（村内→本宮駅）
仲町官庁前,西会津町,野沢坂下線
杉の糸桜前,会津乗合自動車（株）,勝方循環線
坂下橋本,会津乗合自動車（株）,"喜多方・坂下線：東小経由, 喜多方・坂下線：緑町経由, 坂下・海老沢循環線：開津経由, 坂下・海老沢循環線：東小経由, 坂下・御池田線, 坂下・柳津線, 若松・坂下線, 若松・坂下線：竹田経由, 若松・坂下線：東小経由, 杉山線, 袋原線"
大曲,磐梯町,磐梯町町内生活福祉バス　七ツ森コース
喜多方街道入口,会津乗合自動車（株）,"喜多方・坂下線：東小経由, 喜多方・坂下線：緑町経由, 坂下・海老沢循環線：開津経由, 坂下・海老沢循環線：東小経由, 坂下・御池田線, 坂下・柳津線, 若松・坂下線, 若松・坂下線：竹田経由, 若松・坂下線：東小経由, 杉山線, 袋原線"
原,二本松市,"東和地域　コミュニティバス　平日登校便　往路3コース, 東和地域　コミュニティバス　平日登校便　復路5コース"
大森,二本松市,岩代地域　コミュニティバス　田沢（大森・和田）コース、名目津温泉経由便
小浜,福島交通（株）,"小浜線, 小浜線［大平経由］"
小浜,二本松市,"岩代地域　コミュニティバス　田沢（大森・和田）コース、名目津温泉経由便, 岩代地域　コミュニティバス　新殿小コース, 岩代地域　コミュニティバス　小浜小コース"
存ギョウ※,二本松市,岩代地域　コミュニティバス　新殿小コース
第一小,磐梯町,"磐梯町町内生活福祉バス　法正尻コース, 磐梯町町内生活福祉バス　七ツ森コース, 磐梯町町内生活福祉バス　赤枝コース"
児童館,磐梯町,"磐梯町町内生活福祉バス　法正尻コース, 磐梯町町内生活福祉バス　七ツ森コース, 磐梯町町内生活福祉バス　赤枝コース"
坂下東小前,会津乗合自動車（株）,"喜多方・坂下線：東小経由, 坂下・海老沢循環線：開津経由, 坂下・海老沢循環線：東小経由, 坂下・御池田線, 若松・坂下線：東小経由"
古坂下,会津乗合自動車（株）,"喜多方・坂下線：東小経由, 坂下・海老沢循環線：開津経由, 坂下・海老沢循環線：東小経由, 坂下・御池田線, 若松・坂下線, 若松・坂下線：竹田経由, 若松・坂下線：東小経由, 杉山線, 袋原線"
沼田,磐梯町,磐梯町町内生活福祉バス　赤枝コース
中町,福島交通（株）,鈴石線
山道,磐梯町,磐梯町町内生活福祉バス　七ツ森コース
笠の目,会津乗合自動車（株）,"西若松駅・笈川線, 西若松駅・笈川線：竹田経由"
小浜小学校,二本松市,"岩代地域　コミュニティバス　田沢（大森・和田）コース、名目津温泉経由便, 岩代地域　コミュニティバス　新殿小コース, 岩代地域　コミュニティバス　小浜小コース"
日山入口,二本松市,岩代地域　コミュニティバス　田沢（大森・和田）コース、名目津温泉経由便
明生内,二本松市,岩代地域　コミュニティバス　田沢（大森・和田）コース、名目津温泉経由便
大寺一区,磐梯町,磐梯町町内生活福祉バス　七ツ森コース
大寺三区,磐梯町,磐梯町町内生活福祉バス　法正尻コース
旧南戸沢小,二本松市,"東和地域　コミュニティバス　平日登校便　往路3コース, 東和地域　コミュニティバス　平日登校便　復路5コース"
正部田,二本松市,岩代地域　コミュニティバス　新殿小コース
交流館,磐梯町,"磐梯町町内生活福祉バス　法正尻コース, 磐梯町町内生活福祉バス　七ツ森コース, 磐梯町町内生活福祉バス　赤枝コース"
四ツ谷,磐梯東都バス（株）,"小野川湖入口〜猪苗代駅, 猪苗代駅〜川桁駅, 猪苗代駅〜達沢, 猪苗代駅〜北窪, 猪苗代駅〜裏磐梯高原駅［千里］, 猪苗代駅〜裏磐梯高原駅［谷地］, 北窪〜金の橋"
台の下,会津乗合自動車（株）,"喜多方・坂下線：東小経由, 坂下・海老沢循環線：開津経由, 坂下・海老沢循環線：東小経由, 坂下・御池田線, 若松・坂下線, 若松・坂下線：竹田経由, 若松・坂下線：東小経由"
大寺四区,磐梯町,磐梯町町内生活福祉バス　法正尻コース
鉄砲町,会津乗合自動車（株）,"坂下・五ノ併循環線, 坂下・五ノ併線, 坂下・柳津線, 勝方循環線, 杉山線, 袋原線"
坂下南小前,会津乗合自動車（株）,"坂下・五ノ併循環線, 坂下・五ノ併線, 坂下・柳津線, 勝方循環線, 杉山線, 袋原線"
坂下南小学校前,西会津町,野沢坂下線
西金上入口,会津乗合自動車（株）,"坂下・御池田線, 若松・坂下線, 若松・坂下線：竹田経由, 若松・坂下線：東小経由"
暮坪,二本松市,岩代地域　コミュニティバス　新殿小コース
滝ノ原,磐梯町,磐梯町町内生活福祉バス　法正尻コース
庚申山,福島交通（株）,鈴石線
金上倉庫前,会津乗合自動車（株）,"坂下・御池田線, 若松・坂下線, 若松・坂下線：竹田経由, 若松・坂下線：東小経由"
鳥居町,二本松市,岩代地域　コミュニティバス　小浜小コース
石井住民センター,福島交通（株）,鈴石線
和田,二本松市,岩代地域　コミュニティバス　田沢（大森・和田）コース、名目津温泉経由便
金上谷地,会津乗合自動車（株）,"坂下・御池田線, 若松・坂下線, 若松・坂下線：竹田経由, 若松・坂下線：東小経由"
渡辺医院前,会津乗合自動車（株）,"坂下・五ノ併循環線, 坂下・五ノ併線, 杉山線, 袋原線"
大沢（会津坂下町）,会津乗合自動車（株）,坂下・柳津線
グランド入口,二本松市,"岩代地域　コミュニティバス　田沢（大森・和田）コース、名目津温泉経由便, 岩代地域　コミュニティバス　新殿小コース"
磐梯町駅東口,磐梯町,"磐梯町町内生活福祉バス　法正尻コース, 磐梯町町内生活福祉バス　七ツ森コース, 磐梯町町内生活福祉バス　赤枝コース"
皆川商店前,磐梯町,"磐梯町町内生活福祉バス　法正尻コース, 磐梯町町内生活福祉バス　七ツ森コース, 磐梯町町内生活福祉バス　赤枝コース"
村田,会津乗合自動車（株）,"若松・坂下線, 若松・坂下線：竹田経由, 若松・坂下線：東小経由"
田沢,二本松市,岩代地域　コミュニティバス　田沢（大森・和田）コース、名目津温泉経由便
馬乗,二本松市,"東和地域　コミュニティバス　平日登校便　往路8コース, 東和地域　コミュニティバス　平日登校便　復路5コース"
磐梯農場前,磐梯町,磐梯町町内生活福祉バス　法正尻コース
磨上,磐梯町,磐梯町町内生活福祉バス　法正尻コース
仲ノ作,二本松市,岩代地域　コミュニティバス　新殿小コース
上牛尾,西会津町,黒沢線
藤街道別,会津乗合自動車（株）,坂下・柳津線
藤街道別,西会津町,野沢坂下線
小川原,会津乗合自動車（株）,"杉山線, 袋原線"
猪苗代病院入口,磐梯東都バス（株）,"猪苗代駅〜達沢, 猪苗代駅〜裏磐梯高原駅［千里］"
横達,磐梯町,磐梯町町内生活福祉バス　法正尻コース
内野,磐梯東都バス（株）,猪苗代駅〜川桁駅
藤,西会津町,野沢坂下線
瑠璃の里,磐梯町,"磐梯町町内生活福祉バス　法正尻コース, 磐梯町町内生活福祉バス　七ツ森コース, 磐梯町町内生活福祉バス　赤枝コース"
田沢小学校前,二本松市,岩代地域　コミュニティバス　田沢（大森・和田）コース、名目津温泉経由便
道の駅あいづ,会津乗合自動車（株）,"若松・坂下線, 若松・坂下線：竹田経由, 若松・坂下線：東小経由"
會津藩校日新館,会津乗合自動車（株）,"河東・湊線：竹田経由, 河東・湊線：米代経由"
鈴木内,二本松市,岩代地域　コミュニティバス　新殿小コース
葉山団地,会津乗合自動車（株）,"河東・湊線：竹田経由, 河東・湊線：米代経由"
谷地,磐梯東都バス（株）,"小野川湖入口〜猪苗代駅, 猪苗代駅〜川桁駅, 猪苗代駅〜達沢, 猪苗代駅〜北窪, 猪苗代駅〜裏磐梯高原駅［谷地］, 北窪〜金の橋"
郷内,二本松市,岩代地域　コミュニティバス　新殿小コース
反町,二本松市,岩代地域　コミュニティバス　小浜小コース
滝ノ橋,二本松市,"岩代地域　コミュニティバス　田沢（大森・和田）コース、名目津温泉経由便, 岩代地域　コミュニティバス　新殿小コース"
蛭川入口,会津乗合自動車（株）,勝方循環線
羽林,会津乗合自動車（株）,坂下・五ノ併線
熊の屋,会津乗合自動車（株）,"西若松駅・笈川線, 西若松駅・笈川線：竹田経由"
大橋,大玉村,大玉村通勤通学バス　岳線（村内→本宮駅）
会津農林高校前,会津乗合自動車（株）,坂下・五ノ併循環線
会津村,会津乗合自動車（株）,"河東・湊線：竹田経由, 河東・湊線：米代経由"
十文字,会津乗合自動車（株）,"塩川・喜多方線：アピオ・城経由, 塩川・喜多方線：アピオ経由, 塩川・喜多方線：荒久田経由, 塩川・喜多方線：竹田経由"
高塚団地,会津乗合自動車（株）,"河東・湊線：竹田経由, 河東・湊線：米代経由"
いなにわ医院前,会津乗合自動車（株）,米代・河東線：医療センター経由
鶴沼球場前,会津乗合自動車（株）,"坂下・海老沢循環線：開津経由, 坂下・海老沢循環線：東小経由"
太田公民館,二本松市,岩代地域　コミュニティバス　新殿小コース
不川田,二本松市,"東和地域　コミュニティバス　平日登校便　往路8コース, 東和地域　コミュニティバス　平日登校便　復路5コース"
船窪,会津乗合自動車（株）,勝方循環線
坂本駅前,会津乗合自動車（株）,坂下・柳津線
小浜中学校,二本松市,岩代地域　コミュニティバス　小浜小コース
リオン・ドール河東店,会津乗合自動車（株）,"河東・湊線：竹田経由, 河東・湊線：米代経由"
鈴石神社前,福島交通（株）,鈴石線
桜平,二本松市,岩代地域　コミュニティバス　田沢（大森・和田）コース、名目津温泉経由便
猪苗代中学校入口,磐梯東都バス（株）,"小野川湖入口〜猪苗代駅, 猪苗代駅〜川桁駅, 猪苗代駅〜達沢, 猪苗代駅〜北窪, 猪苗代駅〜裏磐梯高原駅［谷地］, 北窪〜金の橋"
金道,会津乗合自動車（株）,"河東・湊線：竹田経由, 河東・湊線：米代経由, 米代・河東線, 米代・河東線：医療センター経由"
六郎原,磐梯町,磐梯町町内生活福祉バス　法正尻コース
子育てふれあい交流センター前,会津乗合自動車（株）,"坂下・海老沢循環線：開津経由, 坂下・海老沢循環線：東小経由"
佐野,会津乗合自動車（株）,"若松・坂下線, 若松・坂下線：竹田経由, 若松・坂下線：東小経由"
南高野別,会津乗合自動車（株）,"河東・湊線：竹田経由, 河東・湊線：米代経由, 米代・河東線, 米代・河東線：医療センター経由"
会津医療センター,会津乗合自動車（株）,"塩川・喜多方線：アピオ・城経由, 塩川・喜多方線：アピオ経由, 塩川・喜多方線：荒久田経由, 塩川・喜多方線：竹田経由, 米代・河東線：医療センター経由"
漆沢,会津乗合自動車（株）,"河東・湊線：竹田経由, 河東・湊線：米代経由"
海老沢,会津乗合自動車（株）,"坂下・海老沢循環線：開津経由, 坂下・海老沢循環線：東小経由"
広田堤,会津乗合自動車（株）,"河東・湊線：竹田経由, 河東・湊線：米代経由"
河東支所,会津乗合自動車（株）,"河東・湊線：竹田経由, 河東・湊線：米代経由"
原（会津坂下町）,会津乗合自動車（株）,坂下・五ノ併循環線
羽石,二本松市,岩代地域　コミュニティバス　田沢（大森・和田）コース、名目津温泉経由便
落合,二本松市,"東和地域　コミュニティバス　平日登校便　往路8コース, 東和地域　コミュニティバス　平日登校便　復路5コース"
西牛沢入口,会津乗合自動車（株）,勝方循環線
新橋,二本松市,"東和地域　コミュニティバス　平日登校便　往路8コース, 東和地域　コミュニティバス　平日登校便　復路5コース"
上花畑,二本松市,岩代地域　コミュニティバス　小浜小コース
大石,大玉村,大玉村通勤通学バス　岳線（村内→本宮駅）
大下,二本松市,"東和地域　コミュニティバス　平日登校便　往路8コース, 東和地域　コミュニティバス　平日登校便　復路5コース"
広田駅前,会津乗合自動車（株）,"河東・湊線：竹田経由, 河東・湊線：米代経由, 米代・河東線, 米代・河東線：医療センター経由"
神田橋,二本松市,岩代地域　コミュニティバス　田沢（大森・和田）コース、名目津温泉経由便
広田駅,会津乗合自動車（株）,"河東・湊線：竹田経由, 河東・湊線：米代経由"
伝承舘前,福島交通（株）,鈴石線
河東公民館入口,会津乗合自動車（株）,"河東・湊線：竹田経由, 河東・湊線：米代経由"
糀免,大玉村,大玉村通勤通学バス　竹ノ内線（村内→本宮駅）
中村南,会津乗合自動車（株）,"坂下・五ノ併循環線, 坂下・五ノ併線"
八坂野入口,会津乗合自動車（株）,坂下・柳津線
西村,会津乗合自動車（株）,勝方循環線
千里小学校前,磐梯東都バス（株）,"猪苗代駅〜達沢, 猪苗代駅〜裏磐梯高原駅［千里］"
殿原,二本松市,岩代地域　コミュニティバス　小浜小コース
古内,二本松市,岩代地域　コミュニティバス　新殿小コース
沢目,会津乗合自動車（株）,"米代・河東線, 米代・河東線：医療センター経由"
八坂野,会津乗合自動車（株）,坂下・柳津線
福原,会津乗合自動車（株）,坂下・海老沢循環線：東小経由
中の目,会津乗合自動車（株）,"若松・坂下線, 若松・坂下線：竹田経由, 若松・坂下線：東小経由"
千代田,磐梯東都バス（株）,"猪苗代駅〜達沢, 猪苗代駅〜裏磐梯高原駅［千里］, 北窪〜金の橋"
郡山別,会津乗合自動車（株）,"塩川・喜多方線：アピオ・城経由, 塩川・喜多方線：アピオ経由, 塩川・喜多方線：荒久田経由, 塩川・喜多方線：竹田経由"
布藤東,磐梯町,磐梯町町内生活福祉バス　法正尻コース
鳥上・旭小,二本松市,岩代地域　コミュニティバス　田沢（大森・和田）コース、名目津温泉経由便
下森台,会津乗合自動車（株）,"西若松駅・笈川線, 西若松駅・笈川線：竹田経由"
下原,会津乗合自動車（株）,坂下・柳津線
猪苗代駅,磐梯東都バス（株）,"小野川湖入口〜猪苗代駅, 猪苗代駅〜川桁駅, 猪苗代駅〜達沢, 猪苗代駅〜北窪, 猪苗代駅〜裏磐梯高原駅［千里］, 猪苗代駅〜裏磐梯高原駅［谷地］, 北窪〜金の橋"
細工名,会津乗合自動車（株）,"坂下・海老沢循環線：開津経由, 坂下・海老沢循環線：東小経由"
牛沢小池前,会津乗合自動車（株）,勝方循環線
布藤中央,磐梯町,磐梯町町内生活福祉バス　法正尻コース
大江北,会津乗合自動車（株）,"坂下・五ノ併循環線, 坂下・五ノ併線"
新開津入口,会津乗合自動車（株）,坂下・海老沢循環線：東小経由
白津,磐梯東都バス（株）,猪苗代駅〜川桁駅
根柄巻,会津乗合自動車（株）,坂下・柳津線
沖,会津乗合自動車（株）,坂下・五ノ併循環線
牛沢集落センター前,会津乗合自動車（株）,勝方循環線
塩新,会津乗合自動車（株）,"河東・湊線：竹田経由, 河東・湊線：米代経由"
河東総合体育館入口,会津乗合自動車（株）,"河東・湊線：竹田経由, 河東・湊線：米代経由"
本町,二本松市,岩代地域　コミュニティバス　小浜小コース
北ノ内,二本松市,岩代地域　コミュニティバス　小浜小コース
大村新田入口,会津乗合自動車（株）,勝方循環線
加藤木,二本松市,岩代地域　コミュニティバス　田沢（大森・和田）コース、名目津温泉経由便
新開津,会津乗合自動車（株）,坂下・海老沢循環線：開津経由
火の見下,大玉村,大玉村通勤通学バス　岳線（村内→本宮駅）
六丁,会津乗合自動車（株）,"米代・河東線, 米代・河東線：医療センター経由"
天王下,大玉村,大玉村通勤通学バス　竹ノ内線（村内→本宮駅）
上森台,会津乗合自動車（株）,"西若松駅・笈川線, 西若松駅・笈川線：竹田経由"
出ヶ原観音堂,西会津町,黒沢線
大村新田,会津乗合自動車（株）,勝方循環線
八田野,会津乗合自動車（株）,"河東・湊線：竹田経由, 河東・湊線：米代経由"
名目津,二本松市,岩代地域　コミュニティバス　田沢（大森・和田）コース、名目津温泉経由便
稲荷林,二本松市,岩代地域　コミュニティバス　新殿小コース
木流,会津乗合自動車（株）,"塩川・喜多方線：アピオ・城経由, 塩川・喜多方線：アピオ経由, 塩川・喜多方線：荒久田経由, 塩川・喜多方線：竹田経由"
細越入口,会津乗合自動車（株）,坂下・柳津線
寺の前,福島交通（株）,鈴石線
出ヶ原公民館,西会津町,黒沢線
名目津温泉,二本松市,岩代地域　コミュニティバス　田沢（大森・和田）コース、名目津温泉経由便
寿ノ宮,会津乗合自動車（株）,"坂下・五ノ併循環線, 坂下・五ノ併線"
法正尻,磐梯町,磐梯町町内生活福祉バス　法正尻コース
大江,会津乗合自動車（株）,坂下・五ノ併線
大江西,会津乗合自動車（株）,"坂下・五ノ併循環線, 坂下・五ノ併線"
地蔵面,大玉村,大玉村通勤通学バス　岳線（村内→本宮駅）
出ヶ原上,西会津町,黒沢線
束原,会津乗合自動車（株）,"坂下・海老沢循環線：開津経由, 坂下・海老沢循環線：東小経由"
大村,会津乗合自動車（株）,勝方循環線
廻谷地,磐梯東都バス（株）,北窪〜金の橋
竹ノ内,大玉村,大玉村通勤通学バス　竹ノ内線（村内→本宮駅）
高久下町,会津乗合自動車（株）,"若松・坂下線, 若松・坂下線：竹田経由, 若松・坂下線：東小経由"
戸ノ内,二本松市,岩代地域　コミュニティバス　小浜小コース
宮ノ下,二本松市,岩代地域　コミュニティバス　田沢（大森・和田）コース、名目津温泉経由便
界沢,会津乗合自動車（株）,"西若松駅・笈川線, 西若松駅・笈川線：竹田経由"
母養内,二本松市,岩代地域　コミュニティバス　田沢（大森・和田）コース、名目津温泉経由便
十文字,二本松市,岩代地域　コミュニティバス　田沢（大森・和田）コース、名目津温泉経由便
広惣内,二本松市,岩代地域　コミュニティバス　小浜小コース
田中原,会津乗合自動車（株）,"米代・河東線, 米代・河東線：医療センター経由"
新屋敷,磐梯東都バス（株）,猪苗代駅〜川桁駅
平塚,会津乗合自動車（株）,"塩川・喜多方線：アピオ・城経由, 塩川・喜多方線：アピオ経由, 塩川・喜多方線：荒久田経由, 塩川・喜多方線：竹田経由"
鍛ヶ沢,二本松市,岩代地域　コミュニティバス　田沢（大森・和田）コース、名目津温泉経由便
大山字岩ヶ作交差点,本宮市商工会,市街地巡回バス　北コース
駒板,会津乗合自動車（株）,"河東・湊線：竹田経由, 河東・湊線：米代経由"
柳津駅前,会津乗合自動車（株）,坂下・柳津線
大坦,大玉村,大玉村通勤通学バス　岳線（村内→本宮駅）
柿平,二本松市,"岩代地域　コミュニティバス　田沢（大森・和田）コース、名目津温泉経由便, 岩代地域　コミュニティバス　新殿小コース"
合戦場,二本松市,岩代地域　コミュニティバス　田沢（大森・和田）コース、名目津温泉経由便
橋本金沢,会津乗合自動車（株）,坂下・五ノ併線
新殿大久保,二本松市,岩代地域　コミュニティバス　田沢（大森・和田）コース、名目津温泉経由便
烏帽子,磐梯東都バス（株）,北窪〜金の橋
養堂屋敷,福島交通（株）,鈴石線
（ドリームライン）,本宮市商工会,市街地巡回バス　北コース
高久上町,会津乗合自動車（株）,"若松・坂下線, 若松・坂下線：竹田経由, 若松・坂下線：東小経由"
松林,二本松市,"岩代地域　コミュニティバス　田沢（大森・和田）コース、名目津温泉経由便, 岩代地域　コミュニティバス　新殿小コース"
東真行,磐梯東都バス（株）,北窪〜金の橋
勝方寺条,会津乗合自動車（株）,勝方循環線
十里柳,会津乗合自動車（株）,"西若松駅・笈川線, 西若松駅・笈川線：竹田経由"
勝方村中,会津乗合自動車（株）,勝方循環線
南真行,磐梯東都バス（株）,北窪〜金の橋
中開津,会津乗合自動車（株）,"坂下・海老沢循環線：開津経由, 坂下・海老沢循環線：東小経由"
大平町,会津乗合自動車（株）,坂下・柳津線
大久保,福島交通（株）,鈴石線
野口英世記念館,磐梯東都バス（株）,北窪〜金の橋
下高野,会津乗合自動車（株）,"西若松駅・笈川線, 西若松駅・笈川線：竹田経由"
勝方中条,会津乗合自動車（株）,勝方循環線
集会所前,二本松市,岩代地域　コミュニティバス　田沢（大森・和田）コース、名目津温泉経由便
搦手,福島交通（株）,百目木線
搦手,二本松市,岩代地域　コミュニティバス　田沢（大森・和田）コース、名目津温泉経由便
仁蔵,磐梯東都バス（株）,北窪〜金の橋
西久保,磐梯東都バス（株）,北窪〜金の橋
川桁駅前,磐梯東都バス（株）,猪苗代駅〜川桁駅
玉井小学校前,大玉村,大玉村通勤通学バス　竹ノ内線（村内→本宮駅）
中新田,会津乗合自動車（株）,坂下・五ノ併循環線
六角,二本松市,"岩代地域　コミュニティバス　田沢（大森・和田）コース、名目津温泉経由便, 岩代地域　コミュニティバス　新殿小コース"
鶴沼入口,会津乗合自動車（株）,"塩川・喜多方線：荒久田経由, 塩川・喜多方線：竹田経由"
樋渡入口,会津乗合自動車（株）,"坂下・五ノ併循環線, 坂下・五ノ併線"
堅田,磐梯東都バス（株）,北窪〜金の橋
矢ノ目,会津乗合自動車（株）,"坂下・五ノ併循環線, 坂下・五ノ併線"
西庵,大玉村,大玉村通勤通学バス　岳線（村内→本宮駅）
坂ノ湯前,二本松市,岩代地域　コミュニティバス　田沢（大森・和田）コース、名目津温泉経由便
新殿住民センター,二本松市,岩代地域　コミュニティバス　新殿小コース
金沢（会津坂下町）,会津乗合自動車（株）,"坂下・五ノ併循環線, 坂下・五ノ併線"
新殿小学校,二本松市,岩代地域　コミュニティバス　新殿小コース
水島,会津乗合自動車（株）,"坂下・五ノ併循環線, 坂下・五ノ併線"
岩坂,会津乗合自動車（株）,坂下・柳津線
太郎田,二本松市,岩代地域　コミュニティバス　田沢（大森・和田）コース、名目津温泉経由便
松窪別,会津乗合自動車（株）,"河東・湊線：竹田経由, 河東・湊線：米代経由"
百目木上町,福島交通（株）,百目木線
百目木上町,二本松市,岩代地域　コミュニティバス　田沢（大森・和田）コース、名目津温泉経由便
成田,二本松市,岩代地域　コミュニティバス　小浜小コース
古谷,二本松市,岩代地域　コミュニティバス　田沢（大森・和田）コース、名目津温泉経由便
上開津,会津乗合自動車（株）,"坂下・海老沢循環線：開津経由, 坂下・海老沢循環線：東小経由"
百目木,福島交通（株）,百目木線
百目木,二本松市,岩代地域　コミュニティバス　田沢（大森・和田）コース、名目津温泉経由便
藤倉,会津乗合自動車（株）,"米代・河東線, 米代・河東線：医療センター経由"
集会所前,二本松市,岩代地域　コミュニティバス　小浜小コース
上新田,会津乗合自動車（株）,坂下・五ノ併循環線
西原,大玉村,大玉村通勤通学バス　竹ノ内線（村内→本宮駅）
里,二本松市,岩代地域　コミュニティバス　田沢（大森・和田）コース、名目津温泉経由便
柳津虚空蔵下,会津乗合自動車（株）,坂下・柳津線
寺久根,大玉村,"大玉村通勤通学バス　岳線（村内→本宮駅）, 大玉村通勤通学バス　竹ノ内線（村内→本宮駅）"
茂原入口,福島交通（株）,百目木線
茂原入口,二本松市,岩代地域　コミュニティバス　田沢（大森・和田）コース、名目津温泉経由便
沼木,会津乗合自動車（株）,"塩川・喜多方線：アピオ・城経由, 塩川・喜多方線：アピオ経由"
上金沢,会津乗合自動車（株）,坂下・五ノ併循環線
堂内,福島交通（株）,百目木線
堂内,二本松市,岩代地域　コミュニティバス　田沢（大森・和田）コース、名目津温泉経由便
高野下,会津乗合自動車（株）,"河東・湊線：竹田経由, 河東・湊線：米代経由"
もとみやクリーンセンター,本宮市商工会,市街地巡回バス　北コース
樋渡,会津乗合自動車（株）,坂下・五ノ併循環線
百目木入口,福島交通（株）,百目木線
百目木入口,二本松市,岩代地域　コミュニティバス　田沢（大森・和田）コース、名目津温泉経由便
松長一丁目,会津乗合自動車（株）,"松長団地・芦の牧循環線, 松長団地・西若松駅線, 松長団地・西若松駅線：大塚山"
槻の木,会津乗合自動車（株）,"米代・河東線, 米代・河東線：医療センター経由"
沼木倉庫前,会津乗合自動車（株）,"塩川・喜多方線：荒久田経由, 塩川・喜多方線：竹田経由"
農協前,大玉村,"大玉村通勤通学バス　岳線（村内→本宮駅）, 大玉村通勤通学バス　竹ノ内線（村内→本宮駅）"
浜井場,二本松市,岩代地域　コミュニティバス　田沢（大森・和田）コース、名目津温泉経由便
横沼,会津乗合自動車（株）,"若松・坂下線, 若松・坂下線：竹田経由, 若松・坂下線：東小経由"
一王町,会津乗合自動車（株）,坂下・柳津線
蟹沢,磐梯東都バス（株）,北窪〜金の橋
太夫内,二本松市,岩代地域　コミュニティバス　田沢（大森・和田）コース、名目津温泉経由便
柏崎,二本松市,岩代地域　コミュニティバス　小浜小コース
町田,二本松市,岩代地域　コミュニティバス　小浜小コース
松長コミュニティセンター前,会津乗合自動車（株）,"松長団地・芦の牧循環線, 松長団地・西若松駅線, 松長団地・西若松駅線：大塚山"
一本木,二本松市,岩代地域　コミュニティバス　新殿小コース
一丁内,二本松市,岩代地域　コミュニティバス　新殿小コース
中前田,会津乗合自動車（株）,"米代・河東線, 米代・河東線：医療センター経由"
松長団地,会津乗合自動車（株）,"松長団地・芦の牧循環線, 松長団地・西若松駅線, 松長団地・西若松駅線：大塚山"
壇別,会津乗合自動車（株）,"河東・湊線：竹田経由, 河東・湊線：米代経由"
小原田,本宮市商工会,市街地巡回バス　西コース
堀切,本宮市商工会,市街地巡回バス　北コース
松長五丁目,会津乗合自動車（株）,"松長団地・芦の牧循環線, 松長団地・西若松駅線, 松長団地・西若松駅線：大塚山"
安久津［柳津町］,会津乗合自動車（株）,坂下・柳津線
沼新田,西会津町,黒沢線
関根入口,本宮市商工会,市街地巡回バス　北コース
関根出口,本宮市商工会,市街地巡回バス　北コース
柳津ふれあい館,会津乗合自動車（株）,坂下・柳津線
岩代中前,二本松市,岩代地域　コミュニティバス　新殿小コース
道谷地,大玉村,"大玉村通勤通学バス　岳線（村内→本宮駅）, 大玉村通勤通学バス　竹ノ内線（村内→本宮駅）"
ふくしの家入口,会津乗合自動車（株）,"若松・坂下線, 若松・坂下線：竹田経由, 若松・坂下線：東小経由"
松長小学校前,会津乗合自動車（株）,"松長団地・芦の牧循環線, 松長団地・西若松駅線, 松長団地・西若松駅線：大塚山"
与太郎内,二本松市,岩代地域　コミュニティバス　新殿小コース
会津丸運前,会津乗合自動車（株）,"塩川・喜多方線：荒久田経由, 塩川・喜多方線：竹田経由"
上高野,会津乗合自動車（株）,"西若松駅・笈川線, 西若松駅・笈川線：竹田経由"
船ヶ森,会津乗合自動車（株）,中央病院・居合団地線
松長六丁目,会津乗合自動車（株）,"松長団地・芦の牧循環線, 松長団地・西若松駅線, 松長団地・西若松駅線：大塚山"
長原,会津乗合自動車（株）,"松長団地・芦の牧循環線, 松長団地・西若松駅線, 松長団地・西若松駅線：大塚山"
一ツ屋,本宮市商工会,市街地巡回バス　西コース
征矢田,本宮市商工会,通勤・通学バス
平田石,二本松市,岩代地域　コミュニティバス　小浜小コース
長浜,磐梯東都バス（株）,北窪〜金の橋
弁天（石雲寺）,本宮市商工会,市街地巡回バス　北コース
榎木壇,会津乗合自動車（株）,"若松・坂下線, 若松・坂下線：竹田経由, 若松・坂下線：東小経由"
下柳原,会津乗合自動車（株）,"米代・河東線, 米代・河東線：医療センター経由"
下居合会津中央病院前,会津乗合自動車（株）,"河東・湊線：竹田経由, 河東・湊線：米代経由"
下落合,西会津町,黒沢線
支援学校入口,会津乗合自動車（株）,中央病院・居合団地線
会津大学前,会津乗合自動車（株）,中央病院・居合団地線
浮内,二本松市,岩代地域　コミュニティバス　新殿小コース
下荒久田,会津乗合自動車（株）,"塩川・喜多方線：荒久田経由, 塩川・喜多方線：竹田経由"
小幡,本宮市商工会,市街地巡回バス　西コース
よしだ医院,本宮市商工会,市街地巡回バス　西コース
会津中央病院前,会津乗合自動車（株）,"松長団地・西若松駅線：大塚山, 中央病院・居合団地線"
会津アピオ中央,会津乗合自動車（株）,"西若松駅・笈川線, 西若松駅・笈川線：竹田経由"
真宮北,会津乗合自動車（株）,"北会津・新鶴線：若松〜新鶴, 北会津・新鶴線：若松〜北会津"
鈴渕入口,会津乗合自動車（株）,"北会津・新鶴線：若松〜新鶴, 北会津・新鶴線：若松〜北会津"
会津アピオ入口,会津乗合自動車（株）,"塩川・喜多方線：アピオ・城経由, 塩川・喜多方線：アピオ経由, 西若松駅・笈川線, 西若松駅・笈川線：竹田経由"
七色石,二本松市,岩代地域　コミュニティバス　新殿小コース
黒沢橋本屋前,西会津町,黒沢線
居合団地北口,会津乗合自動車（株）,"松長団地・芦の牧循環線, 松長団地・西若松駅線, 中央病院・居合団地線"
仁愛高校前,会津乗合自動車（株）,"松長団地・芦の牧循環線, 松長団地・西若松駅線, 中央病院・居合団地線"
扇町自動車学校前,会津乗合自動車（株）,中央病院・居合団地線
石ヶ森,会津乗合自動車（株）,金堀線
田村山北,会津乗合自動車（株）,"北会津・新鶴線：若松〜新鶴, 北会津・新鶴線：若松〜北会津"
戸崎,協和交通（株）,市営バス「下樋・熱海線」
戸崎,本宮市商工会,市街地巡回バス　西コース
会津アピオ南口,会津乗合自動車（株）,"西若松駅・笈川線, 西若松駅・笈川線：竹田経由"
居合団地中央,会津乗合自動車（株）,中央病院・居合団地線
正切,二本松市,岩代地域　コミュニティバス　小浜小コース
長屋平,本宮市商工会,通勤・通学バス
出尻,会津乗合自動車（株）,"北会津・新鶴線：若松〜新鶴, 北会津・新鶴線：若松〜北会津"
深谷,福島交通（株）,百目木線
北郵便局前,本宮市商工会,市街地巡回バス　北コース
長屋,本宮市商工会,通勤・通学バス
梁田,会津乗合自動車（株）,北会津・新鶴線：若松〜新鶴
市民プール,本宮市商工会,"市街地巡回バス　西コース, 市街地巡回バス　南コース"
そばの目入口,会津乗合自動車（株）,北会津・新鶴線：若松〜新鶴
荒久田,会津乗合自動車（株）,"塩川・喜多方線：荒久田経由, 塩川・喜多方線：竹田経由"
平茂内,本宮市商工会,通勤・通学バス
みずいろ公園前,福島交通（株）,"フェスタ・本宮線［南東北病院経由］, フェスタ・本宮線［南東北病院・南東北医療クリニック経由］"
愛宕下,協和交通（株）,市営バス「下樋・熱海線」
愛宕下,本宮市商工会,市街地巡回バス　西コース
居合中央商店街,会津乗合自動車（株）,松長団地・西若松駅線：大塚山
杤久保,二本松市,岩代地域　コミュニティバス　新殿小コース
中の明,会津乗合自動車（株）,"西若松駅・笈川線, 西若松駅・笈川線：竹田経由"
新鶴駅前,会津乗合自動車（株）,北会津・新鶴線：若松〜新鶴
真宮コミセン前,会津乗合自動車（株）,"北会津・新鶴線：若松〜新鶴, 北会津・新鶴線：若松〜北会津"
上荒久田,会津乗合自動車（株）,"塩川・喜多方線：アピオ・城経由, 塩川・喜多方線：アピオ経由, 塩川・喜多方線：荒久田経由, 塩川・喜多方線：竹田経由, 西若松駅・笈川線, 西若松駅・笈川線：竹田経由"
金瀬,本宮市商工会,市街地巡回バス　東コース
薄金内,本宮市商工会,通勤・通学バス
本宮荒町,福島交通（株）,"フェスタ・本宮線［南東北病院経由］, フェスタ・本宮線［南東北病院・南東北医療クリニック経由］"
萱野,二本松市,岩代地域　コミュニティバス　小浜小コース
下井戸,本宮市商工会,通勤・通学バス
強清水,会津乗合自動車（株）,"河東・湊線：竹田経由, 河東・湊線：米代経由"
新屋敷,西会津町,黒沢線
荒町,協和交通（株）,市営バス「下樋・熱海線」
荒町,本宮市商工会,"通勤・通学バス, 市街地巡回バス　西コース, 市街地巡回バス　北コース"
居合団地西口,会津乗合自動車（株）,"松長団地・芦の牧循環線, 松長団地・西若松駅線, 松長団地・西若松駅線：大塚山, 中央病院・居合団地線"
郷の原,会津乗合自動車（株）,"河東・湊線：竹田経由, 河東・湊線：米代経由, 松長団地・西若松駅線：大塚山"
達摩,会津乗合自動車（株）,"西若松駅・笈川線, 西若松駅・笈川線：竹田経由"
えぽか（本宮市民元気いきいき応援プラザ）,本宮市商工会,"市街地巡回バス　西コース, 市街地巡回バス　南コース"
高瀬,会津乗合自動車（株）,"若松・坂下線, 若松・坂下線：竹田経由, 若松・坂下線：東小経由"
三合田,福島交通（株）,百目木線
舘,会津乗合自動車（株）,"北会津・新鶴線：若松〜新鶴, 北会津・新鶴線：若松〜北会津"
居合団地南口,会津乗合自動車（株）,中央病院・居合団地線
居合団地東口,会津乗合自動車（株）,中央病院・居合団地線
金の橋,磐梯東都バス（株）,北窪〜金の橋
山崎,本宮市商工会,通勤・通学バス
八幡苗畑,会津乗合自動車（株）,金堀線
北の脇,本宮市商工会,通勤・通学バス
五三八前,西会津町,黒沢線
谷病院,本宮市商工会,"市街地巡回バス　西コース, 市街地巡回バス　南コース"
真宮中,会津乗合自動車（株）,"北会津・新鶴線：若松〜新鶴, 北会津・新鶴線：若松〜北会津"
亀賀村前,会津乗合自動車（株）,中央病院・居合団地線
馬船,二本松市,岩代地域　コミュニティバス　新殿小コース
本宮下町,福島交通（株）,"フェスタ・本宮線［南東北病院経由］, フェスタ・本宮線［南東北病院・南東北医療クリニック経由］"
下町,協和交通（株）,市営バス「下樋・熱海線」
下町,本宮市商工会,"通勤・通学バス, 市街地巡回バス　西コース, 市街地巡回バス　北コース, 市街地巡回バス　南コース"
北柳原,会津乗合自動車（株）,"塩川・喜多方線：アピオ・城経由, 塩川・喜多方線：アピオ経由, 塩川・喜多方線：荒久田経由, 塩川・喜多方線：竹田経由, 西若松駅・笈川線, 西若松駅・笈川線：竹田経由, 米代・河東線, 米代・河東線：医療センター経由"
対茂内,本宮市商工会,通勤・通学バス
今泉,西会津町,黒沢線
蛇ノ鼻,本宮市商工会,市街地巡回バス　南コース
川前,二本松市,岩代地域　コミュニティバス　小浜小コース
児童館前,二本松市,岩代地域　コミュニティバス　新殿小コース
大塚二丁目,会津乗合自動車（株）,"松長団地・芦の牧循環線, 松長団地・西若松駅線"
金敷,二本松市,岩代地域　コミュニティバス　新殿小コース
高木,本宮市商工会,通勤・通学バス
本宮駅入口,福島交通（株）,"フェスタ・本宮線［南東北病院経由］, フェスタ・本宮線［南東北病院・南東北医療クリニック経由］"
本宮駅入口,協和交通（株）,市営バス「下樋・熱海線」
本宮駅入口,本宮市商工会,"通勤・通学バス, 市街地巡回バス　東コース"
本宮駅前,大玉村,"大玉村通勤通学バス　岳線（村内→本宮駅）, 大玉村通勤通学バス　竹ノ内線（村内→本宮駅）"
移農協前,福島交通（株）,"移線, 移線［長外路経由］, 葛尾線［移経由］"
大谷田,福島交通（株）,葛尾線［移経由］
石原,会津乗合自動車（株）,"北会津・新鶴線：若松〜新鶴, 北会津・新鶴線：若松〜北会津"
平入口,福島交通（株）,"移線, 移線［長外路経由］, 葛尾線［移経由］"
本宮駅前,協和交通（株）,市営バス「下樋・熱海線」
本宮駅前,本宮市商工会,"通勤・通学バス, 市街地巡回バス　東コース, 市街地巡回バス　西コース, 市街地巡回バス　北コース, 市街地巡回バス　南コース"
上移,福島交通（株）,"移線, 移線［長外路経由］, 葛尾線［移経由］"
大塚山入口,会津乗合自動車（株）,"河東・湊線：竹田経由, 河東・湊線：米代経由, 松長団地・西若松駅線：大塚山"
扇町北,会津乗合自動車（株）,中央病院・居合団地線
緑小学校,福島交通（株）,"移線, 移線［長外路経由］, 葛尾線［移経由］"
吹上台入口,会津乗合自動車（株）,北会津・新鶴線：若松〜新鶴
舟場,本宮市商工会,市街地巡回バス　東コース
本宮市役所,福島交通（株）,"フェスタ・本宮線［南東北病院経由］, フェスタ・本宮線［南東北病院・南東北医療クリニック経由］, フェスタ・本宮線［南東北病院経由/直行便］"
本宮市役所,本宮市商工会,市街地巡回バス　西コース
市役所,本宮市商工会,市街地巡回バス　南コース
織戸,二本松市,岩代地域　コミュニティバス　小浜小コース
東作入口,福島交通（株）,"移線, 移線［長外路経由］, 葛尾線［移経由］"
移車庫,福島交通（株）,"移線, 移線［長外路経由］, 葛尾線［移経由］"
曲山,福島交通（株）,葛尾線［移経由］
中里［会津若松市］,会津乗合自動車（株）,"北会津・新鶴線：若松〜新鶴, 北会津・新鶴線：若松〜北会津"
北滝沢,会津乗合自動車（株）,"松長団地・芦の牧循環線, 松長団地・西若松駅線"
初森,二本松市,岩代地域　コミュニティバス　小浜小コース
もとみや台入口,本宮市商工会,市街地巡回バス　東コース
本宮高校前,本宮市商工会,通勤・通学バス
高木寺前,本宮市商工会,市街地巡回バス　東コース
戸の口第三発電所,会津乗合自動車（株）,金堀線
下道,福島交通（株）,葛尾線［移経由］
上町,本宮市商工会,"市街地巡回バス　東コース, 市街地巡回バス　南コース"
もとみや台出口,本宮市商工会,市街地巡回バス　東コース
本宮上町,協和交通（株）,市営バス「下樋・熱海線」
本宮郵便局前,福島交通（株）,"フェスタ・本宮線［南東北病院経由］, フェスタ・本宮線［南東北病院・南東北医療クリニック経由］"
荒池,本宮市商工会,通勤・通学バス
栄田,本宮市商工会,市街地巡回バス　南コース
金堀,会津乗合自動車（株）,金堀線
大塚山南,会津乗合自動車（株）,"松長団地・芦の牧循環線, 松長団地・西若松駅線"
福島産業前,本宮市商工会,市街地巡回バス　東コース
水の木入口,福島交通（株）,"移線, 移線［長外路経由］, 葛尾線［移経由］"
西作入口,福島交通（株）,"移線, 移線［長外路経由］, 葛尾線［移経由］"
真宮南,会津乗合自動車（株）,"北会津・新鶴線：若松〜新鶴, 北会津・新鶴線：若松〜北会津"
新鶴庁舎,会津乗合自動車（株）,北会津・新鶴線：若松〜新鶴
境ノ岫,福島交通（株）,葛尾線［移経由］
除石,本宮市商工会,通勤・通学バス
杉沢大杉,二本松市,岩代地域　コミュニティバス　新殿小コース
神指黒川,会津乗合自動車（株）,"若松・坂下線, 若松・坂下線：竹田経由, 若松・坂下線：東小経由"
村田前,二本松市,岩代地域　コミュニティバス　小浜小コース
穴切,会津乗合自動車（株）,"河東・湊線：竹田経由, 河東・湊線：米代経由"
扇町南,会津乗合自動車（株）,中央病院・居合団地線
南移入口,福島交通（株）,"移線, 移線［長外路経由］, 葛尾線［移経由］"
会津街道入口,福島交通（株）,"フェスタ・本宮線［南東北病院経由］, フェスタ・本宮線［南東北病院・南東北医療クリニック経由］"
会津街道入口,協和交通（株）,市営バス「下樋・熱海線」
三菱マテリアル前,会津乗合自動車（株）,"塩川・喜多方線：アピオ・城経由, 塩川・喜多方線：アピオ経由, 塩川・喜多方線：荒久田経由, 塩川・喜多方線：竹田経由, 西若松駅・笈川線, 西若松駅・笈川線：竹田経由, 米代・河東線, 米代・河東線：医療センター経由"
亀ノ内,二本松市,岩代地域　コミュニティバス　小浜小コース
清ノ内,二本松市,岩代地域　コミュニティバス　新殿小コース
杉三集会所,二本松市,岩代地域　コミュニティバス　新殿小コース
赤根久保,福島交通（株）,葛尾線［移経由］
宮ノ前,二本松市,岩代地域　コミュニティバス　新殿小コース
白山沼公園,会津乗合自動車（株）,"北会津・新鶴線：若松〜新鶴, 北会津・新鶴線：若松〜北会津"
誓伝寺前,本宮市商工会,市街地巡回バス　南コース
花町,本宮市商工会,市街地巡回バス　南コース
礼堂,本宮市商工会,通勤・通学バス
八斗田,二本松市,岩代地域　コミュニティバス　小浜小コース
上野川,福島交通（株）,葛尾線［移経由］
湯殿,福島交通（株）,葛尾線［移経由］
杉四集会所,二本松市,岩代地域　コミュニティバス　新殿小コース
FH2R,新常磐交通（株）,富岡〜大熊〜双葉〜浪江〜FH2R
東,福島交通（株）,葛尾線［移経由］
青石入口,福島交通（株）,百目木線
山見町,会津乗合自動車（株）,"河東・湊線：竹田経由, 河東・湊線：米代経由, 松長団地・芦の牧循環線, 松長団地・西若松駅線, 松長団地・西若松駅線：大塚山"
太郎丸,協和交通（株）,市営バス「下樋・熱海線」
太郎丸,本宮市商工会,市街地巡回バス　東コース
一本杉,本宮市商工会,市街地巡回バス　南コース
大屋敷,本宮市商工会,市街地巡回バス　東コース
阿久津［会津美里町］,会津乗合自動車（株）,北会津・新鶴線：若松〜新鶴
白虎町,会津乗合自動車（株）,中央病院・居合団地線
岩登,福島交通（株）,"移線, 移線［長外路経由］, 葛尾線［移経由］"
水中内,福島交通（株）,"移線, 移線［長外路経由］, 葛尾線［移経由］"
JA白沢支所前,本宮市商工会,通勤・通学バス
新鶴温泉,会津乗合自動車（株）,北会津・新鶴線：若松〜新鶴
若松駅前バスターミナル,会津乗合自動車（株）,"芦の牧循環線：旧道・竹田経由, 芦の牧循環線：旧道・病院経由, 芦の牧循環線：旧道先回り, 芦の牧循環線：新道先回り, 塩川・喜多方線：アピオ経由, 塩川・喜多方線：荒久田経由, 塩川・喜多方線：竹田経由, 河東・湊線：竹田経由, 河東・湊線：米代経由, 高田線, 若松・坂下線, 若松・坂下線：竹田経由, 若松・坂下線：東小経由, 松長団地・芦の牧循環線, 西若松駅・笈川線, 西若松駅・笈川線：竹田経由, 年貢町・永井野線, 米代・河東線, 米代・河東線：医療センター経由, 北会津・新鶴線：若松〜新鶴, 北会津・新鶴線：若松〜北会津, 本郷循環線：工業団地経由, 本郷循環線：上米塚経由"
神指農協前,会津乗合自動車（株）,"若松・坂下線, 若松・坂下線：竹田経由, 若松・坂下線：東小経由"
若松駅前,会津乗合自動車（株）,"塩川・喜多方線：アピオ・城経由, 塩川・喜多方線：アピオ経由, 塩川・喜多方線：荒久田経由, 塩川・喜多方線：竹田経由, 河東・湊線：竹田経由, 河東・湊線：米代経由, 金堀線, 松長団地・西若松駅線, 松長団地・西若松駅線：大塚山, 西若松駅・笈川線, 西若松駅・笈川線：竹田経由, 千石・神明線：神明先回り, 千石・神明線：千石先回り, 中央病院・居合団地線, まちなか周遊バス：あかべぇ, まちなか周遊バス：あかべぇ通勤, まちなか周遊バス：ハイカラさん, まちなか周遊バス：ハイカラ通勤"
会津若松駅,（資）広田タクシー,会津若松まちなか循環バス　エコろん号
清ノ内,福島交通（株）,葛尾線［移経由］
大石,福島交通（株）,"移線, 移線［長外路経由］, 葛尾線［移経由］"
金川町北,金川町・田園町住民コミュニティバス運営協議会,さわやか号
浪江滑走路,新常磐交通（株）,富岡〜大熊〜双葉〜浪江〜FH2R
棚塩産業団地入口,新常磐交通（株）,富岡〜大熊〜双葉〜浪江〜FH2R
たちばな青果北,金川町・田園町住民コミュニティバス運営協議会,さわやか号
石塚,本宮市商工会,市街地巡回バス　南コース
ワシントンホテル前,（資）広田タクシー,会津若松まちなか循環バス　エコろん号
田園町北,金川町・田園町住民コミュニティバス運営協議会,さわやか号
一箕小学校前,会津乗合自動車（株）,"河東・湊線：竹田経由, 河東・湊線：米代経由, 松長団地・芦の牧循環線, 松長団地・西若松駅線, 松長団地・西若松駅線：大塚山"
浜井場,福島交通（株）,葛尾線［移経由］
滝沢坂下,会津乗合自動車（株）,金堀線
高木第一集会所前,本宮市商工会,市街地巡回バス　東コース
総合体育館前,本宮市商工会,市街地巡回バス　東コース
一中前（会津若松市立）,会津乗合自動車（株）,"河東・湊線：竹田経由, 河東・湊線：米代経由, 金堀線, 松長団地・芦の牧循環線, 松長団地・西若松駅線, 松長団地・西若松駅線：大塚山, 千石・神明線：神明先回り, 千石・神明線：千石先回り, まちなか周遊バス：あかべぇ, まちなか周遊バス：あかべぇ通勤, まちなか周遊バス：ハイカラさん, まちなか周遊バス：ハイカラ通勤"
荒館農協前,会津乗合自動車（株）,北会津・新鶴線：若松〜新鶴
仲ノ内,福島交通（株）,葛尾線［移経由］
金川町東,金川町・田園町住民コミュニティバス運営協議会,さわやか号
金川町児童会館,金川町・田園町住民コミュニティバス運営協議会,さわやか号
関場,福島交通（株）,葛尾線［移経由］
滝沢,会津乗合自動車（株）,金堀線
安良田入口,会津乗合自動車（株）,北会津・新鶴線：若松〜新鶴
富士の湯,（資）広田タクシー,会津若松まちなか循環バス　エコろん号
ひじ曲,福島交通（株）,"移線, 百目木線, 移線［長外路経由］, 葛尾線［移経由］"
蚕養神社前,会津乗合自動車（株）,"河東・湊線：竹田経由, 河東・湊線：米代経由, 金堀線, 松長団地・芦の牧循環線, 松長団地・西若松駅線, 松長団地・西若松駅線：大塚山, 千石・神明線：神明先回り, 千石・神明線：千石先回り, まちなか周遊バス：あかべぇ, まちなか周遊バス：あかべぇ通勤, まちなか周遊バス：ハイカラさん, まちなか周遊バス：ハイカラ通勤"
大町二丁目,会津乗合自動車（株）,"芦の牧循環線：旧道・竹田経由, 芦の牧循環線：旧道・病院経由, 芦の牧循環線：旧道先回り, 芦の牧循環線：新道先回り, 塩川・喜多方線：アピオ・城経由, 塩川・喜多方線：アピオ経由, 塩川・喜多方線：荒久田経由, 塩川・喜多方線：竹田経由, 河東・湊線：竹田経由, 河東・湊線：米代経由, 金堀線, 高田線, 若松・坂下線, 若松・坂下線：竹田経由, 若松・坂下線：東小経由, 松長団地・芦の牧循環線, 松長団地・西若松駅線, 松長団地・西若松駅線：大塚山, 西若松駅・笈川線, 西若松駅・笈川線：竹田経由, 千石・神明線：神明先回り, 千石・神明線：千石先回り, 年貢町・永井野線, 米代・河東線, 米代・河東線：医療センター経由, 北会津・新鶴線：若松〜新鶴, 北会津・新鶴線：若松〜北会津, 本郷循環線：工業団地経由, 本郷循環線：上米塚経由, まちなか周遊バス：あかべぇ, まちなか周遊バス：あかべぇ通勤, まちなか周遊バス：ハイカラ通勤"
川崎,会津乗合自動車（株）,"北会津・新鶴線：若松〜新鶴, 北会津・新鶴線：若松〜北会津"
田園町町内会館前,金川町・田園町住民コミュニティバス運営協議会,さわやか号
山田,本宮市商工会,市街地巡回バス　南コース
沖中田,会津乗合自動車（株）,北会津・新鶴線：若松〜新鶴
鳴瀬,協和交通（株）,市営バス「下樋・熱海線」
本宮鳴瀬,福島交通（株）,"フェスタ・本宮線［南東北病院経由］, フェスタ・本宮線［南東北病院・南東北医療クリニック経由］"
橋本郵便局前,会津乗合自動車（株）,"若松・坂下線, 若松・坂下線：竹田経由, 若松・坂下線：東小経由"
滝沢妙国寺入口,会津乗合自動車（株）,金堀線
野川,福島交通（株）,葛尾線［移経由］
下荒井,会津乗合自動車（株）,"北会津・新鶴線：若松〜新鶴, 北会津・新鶴線：若松〜北会津"
力神堂前,会津乗合自動車（株）,金堀線
会津短大南口,会津乗合自動車（株）,"金堀線, 千石・神明線：神明先回り, 千石・神明線：千石先回り, まちなか周遊バス：あかべぇ, まちなか周遊バス：あかべぇ通勤, まちなか周遊バス：ハイカラさん, まちなか周遊バス：ハイカラ通勤"
東本田,会津乗合自動車（株）,北会津・新鶴線：若松〜新鶴
飯盛山下,会津乗合自動車（株）,"まちなか周遊バス：あかべぇ, まちなか周遊バス：あかべぇ通勤, まちなか周遊バス：ハイカラさん, まちなか周遊バス：ハイカラ通勤"
本田河原,会津乗合自動車（株）,北会津・新鶴線：若松〜新鶴
リオン・ドール七日町店,金川町・田園町住民コミュニティバス運営協議会,さわやか号
北産業団地入口,新常磐交通（株）,富岡〜大熊〜双葉〜浪江〜FH2R
石沢,福島交通（株）,"移線, 百目木線, 移線［長外路経由］, 葛尾線［移経由］"
上山田,協和交通（株）,市営バス「下樋・熱海線」
八角町,会津乗合自動車（株）,"千石・神明線：神明先回り, 千石・神明線：千石先回り"
上重郎内,福島交通（株）,葛尾線［移経由］
大町中央公園,会津乗合自動車（株）,"芦の牧循環線：旧道・竹田経由, 芦の牧循環線：旧道・病院経由, 芦の牧循環線：旧道先回り, 芦の牧循環線：新道先回り, 塩川・喜多方線：アピオ・城経由, 塩川・喜多方線：アピオ経由, 塩川・喜多方線：荒久田経由, 塩川・喜多方線：竹田経由, 河東・湊線：竹田経由, 河東・湊線：米代経由, 金堀線, 高田線, 若松・坂下線, 若松・坂下線：竹田経由, 若松・坂下線：東小経由, 松長団地・芦の牧循環線, 松長団地・西若松駅線, 松長団地・西若松駅線：大塚山, 西若松駅・笈川線, 西若松駅・笈川線：竹田経由, 千石・神明線：神明先回り, 千石・神明線：千石先回り, 年貢町・永井野線, 米代・河東線, 米代・河東線：医療センター経由, 北会津・新鶴線：若松〜新鶴, 北会津・新鶴線：若松〜北会津, 本郷循環線：工業団地経由, 本郷循環線：上米塚経由, まちなか周遊バス：あかべぇ, まちなか周遊バス：あかべぇ通勤, まちなか周遊バス：ハイカラ通勤"
赤井小坂,会津乗合自動車（株）,"河東・湊線：竹田経由, 河東・湊線：米代経由"
銀山橋,会津乗合自動車（株）,北会津・新鶴線：若松〜新鶴
ファミリーマート前,金川町・田園町住民コミュニティバス運営協議会,さわやか号
重郎内,福島交通（株）,葛尾線［移経由］
仁井田吹上,福島交通（株）,"フェスタ・本宮線［南東北病院経由］, フェスタ・本宮線［南東北病院・南東北医療クリニック経由］"
中田前,会津乗合自動車（株）,北会津・新鶴線：若松〜新鶴
石万商事前,金川町・田園町住民コミュニティバス運営協議会,さわやか号
落合,福島交通（株）,葛尾線［移経由］
東北病院前,協和交通（株）,市営バス「下樋・熱海線」
若宮,会津乗合自動車（株）,"若松・坂下線, 若松・坂下線：竹田経由, 若松・坂下線：東小経由"
吹上,協和交通（株）,市営バス「下樋・熱海線」
湯ノ平,福島交通（株）,葛尾線［移経由］
西ノ内,福島交通（株）,葛尾線［移経由］
相生町,会津乗合自動車（株）,金堀線
山田民芸工房前,（資）広田タクシー,会津若松まちなか循環バス　エコろん号
すがの屋前,金川町・田園町住民コミュニティバス運営協議会,さわやか号
町方伝承館前,会津乗合自動車（株）,まちなか周遊バス：ハイカラさん
蟹川,会津乗合自動車（株）,"北会津・新鶴線：若松〜新鶴, 北会津・新鶴線：若松〜北会津"
関下,福島交通（株）,葛尾線［移経由］
花掛,協和交通（株）,市営バス「下樋・熱海線」
大町一丁目,会津乗合自動車（株）,"芦の牧循環線：旧道・竹田経由, 芦の牧循環線：旧道・病院経由, 芦の牧循環線：旧道先回り, 芦の牧循環線：新道先回り, 塩川・喜多方線：アピオ・城経由, 塩川・喜多方線：アピオ経由, 塩川・喜多方線：荒久田経由, 塩川・喜多方線：竹田経由, 河東・湊線：竹田経由, 河東・湊線：米代経由, 金堀線, 高田線, 若松・坂下線, 若松・坂下線：竹田経由, 若松・坂下線：東小経由, 松長団地・芦の牧循環線, 松長団地・西若松駅線, 松長団地・西若松駅線：大塚山, 西若松駅・笈川線, 西若松駅・笈川線：竹田経由, 千石・神明線：神明先回り, 千石・神明線：千石先回り, 年貢町・永井野線, 米代・河東線, 米代・河東線：医療センター経由, 北会津・新鶴線：若松〜新鶴, 北会津・新鶴線：若松〜北会津, 本郷循環線：工業団地経由, 本郷循環線：上米塚経由, まちなか周遊バス：あかべぇ, まちなか周遊バス：あかべぇ通勤, まちなか周遊バス：ハイカラ通勤"
下大和町（クリーニング福栄舎前）,金川町・田園町住民コミュニティバス運営協議会,さわやか号
原の町,金川町・田園町住民コミュニティバス運営協議会,さわやか号
旭町,会津乗合自動車（株）,金堀線
コープあいおい店前,（資）広田タクシー,会津若松まちなか循環バス　エコろん号
山口,福島交通（株）,"移線, 百目木線, 移線［長外路経由］, 葛尾線［移経由］"
飯盛山団地,会津乗合自動車（株）,"まちなか周遊バス：あかべぇ, まちなか周遊バス：あかべぇ通勤, まちなか周遊バス：ハイカラさん, まちなか周遊バス：ハイカラ通勤"
七日町駅前,会津乗合自動車（株）,"若松・坂下線, 若松・坂下線：竹田経由, 若松・坂下線：東小経由, まちなか周遊バス：あかべぇ, まちなか周遊バス：ハイカラさん"
小見別,会津乗合自動車（株）,"北会津・新鶴線：若松〜新鶴, 北会津・新鶴線：若松〜北会津"
渋川問屋前,（資）広田タクシー,会津若松まちなか循環バス　エコろん号
阿弥陀寺東,会津乗合自動車（株）,"まちなか周遊バス：あかべぇ, まちなか周遊バス：ハイカラさん"
七日町角（二瓶眼科医院前）,金川町・田園町住民コミュニティバス運営協議会,さわやか号
大町二之町,会津乗合自動車（株）,まちなか周遊バス：ハイカラさん
七日町中央,会津乗合自動車（株）,"若松・坂下線, 若松・坂下線：竹田経由, 若松・坂下線：東小経由, まちなか周遊バス：あかべぇ, まちなか周遊バス：ハイカラさん"
辰泉酒造店前,（資）広田タクシー,会津若松まちなか循環バス　エコろん号
中六日町,会津乗合自動車（株）,金堀線
東部公園南,会津乗合自動車（株）,"千石・神明線：神明先回り, 千石・神明線：千石先回り"
鶴乃江酒造前,（資）広田タクシー,会津若松まちなか循環バス　エコろん号
郵便局前（会津若松市）,会津乗合自動車（株）,"芦の牧循環線：旧道・竹田経由, 芦の牧循環線：旧道・病院経由, 芦の牧循環線：旧道先回り, 芦の牧循環線：新道先回り, 塩川・喜多方線：アピオ・城経由, 塩川・喜多方線：アピオ経由, 塩川・喜多方線：荒久田経由, 塩川・喜多方線：竹田経由, 河東・湊線：竹田経由, 河東・湊線：米代経由, 金堀線, 高田線, 若松・坂下線, 若松・坂下線：竹田経由, 若松・坂下線：東小経由, 松長団地・芦の牧循環線, 松長団地・西若松駅線, 松長団地・西若松駅線：大塚山, 西若松駅・笈川線, 西若松駅・笈川線：竹田経由, 千石・神明線：神明先回り, 千石・神明線：千石先回り, 年貢町・永井野線, 米代・河東線, 米代・河東線：医療センター経由, 北会津・新鶴線：若松〜新鶴, 北会津・新鶴線：若松〜北会津, 本郷循環線：工業団地経由, 本郷循環線：上米塚経由, まちなか周遊バス：あかべぇ, まちなか周遊バス：あかべぇ通勤, まちなか周遊バス：ハイカラ通勤"
上町長谷川前,会津乗合自動車（株）,金堀線
七日町白木屋前,会津乗合自動車（株）,"若松・坂下線, 若松・坂下線：竹田経由, 若松・坂下線：東小経由, まちなか周遊バス：あかべぇ, まちなか周遊バス：ハイカラさん"
ホタルの森公園前,会津乗合自動車（株）,北会津・新鶴線：若松〜北会津
大和町,会津乗合自動車（株）,まちなか周遊バス：ハイカラさん
三ツ池,協和交通（株）,市営バス「下樋・熱海線」
行仁町,会津乗合自動車（株）,金堀線
北小路田中稲荷神社前,会津乗合自動車（株）,まちなか周遊バス：ハイカラさん
北小路田中稲荷神社前,金川町・田園町住民コミュニティバス運営協議会,さわやか号
鍛冶屋敷,会津乗合自動車（株）,"北会津・新鶴線：若松〜新鶴, 北会津・新鶴線：若松〜北会津"
末廣酒造前,（資）広田タクシー,会津若松まちなか循環バス　エコろん号
和田,会津乗合自動車（株）,"まちなか周遊バス：あかべぇ, まちなか周遊バス：あかべぇ通勤, まちなか周遊バス：ハイカラさん, まちなか周遊バス：ハイカラ通勤"
野口英世青春館前,会津乗合自動車（株）,まちなか周遊バス：ハイカラさん
石橋,福島交通（株）,"移線, 百目木線, 移線［長外路経由］, 葛尾線［移経由］"
大松屋前,（資）広田タクシー,会津若松まちなか循環バス　エコろん号
一の町,会津乗合自動車（株）,金堀線
東邦銀行前,金川町・田園町住民コミュニティバス運営協議会,さわやか号
上町（会津若松市）,会津乗合自動車（株）,金堀線
東千石,会津乗合自動車（株）,"千石・神明線：神明先回り, 千石・神明線：千石先回り"
老町,会津乗合自動車（株）,まちなか周遊バス：あかべぇ
赤井岩崎前,会津乗合自動車（株）,"河東・湊線：竹田経由, 河東・湊線：米代経由"
千石ニュータウン,会津乗合自動車（株）,千石・神明線：千石先回り
神明通り,会津乗合自動車（株）,"芦の牧循環線：旧道・竹田経由, 芦の牧循環線：旧道・病院経由, 芦の牧循環線：旧道先回り, 芦の牧循環線：新道先回り, 塩川・喜多方線：アピオ・城経由, 塩川・喜多方線：アピオ経由, 塩川・喜多方線：荒久田経由, 塩川・喜多方線：竹田経由, 河東・湊線：竹田経由, 河東・湊線：米代経由, 高田線, 若松・坂下線：竹田経由, 松長団地・芦の牧循環線, 松長団地・西若松駅線, 松長団地・西若松駅線：大塚山, 西若松駅・笈川線, 西若松駅・笈川線：竹田経由, 千石・神明線：神明先回り, 千石・神明線：千石先回り, 年貢町・永井野線, 米代・河東線, 米代・河東線：医療センター経由, 北会津・新鶴線：若松〜新鶴, 北会津・新鶴線：若松〜北会津, 本郷循環線：工業団地経由, 本郷循環線：上米塚経由, まちなか周遊バス：あかべぇ通勤, まちなか周遊バス：ハイカラ通勤"
神明通り,金川町・田園町住民コミュニティバス運営協議会,さわやか号
赤井吉崎前,会津乗合自動車（株）,"河東・湊線：竹田経由, 河東・湊線：米代経由"
野口英世青春広場前,会津乗合自動車（株）,まちなか周遊バス：ハイカラさん
北会津中学校,会津乗合自動車（株）,北会津・新鶴線：若松〜北会津
権現堂元町,新常磐交通（株）,富岡〜大熊〜双葉〜浪江〜FH2R
栄町中三丁目,会津乗合自動車（株）,"高田線, 若松・坂下線：竹田経由, 年貢町・永井野線, 北会津・新鶴線：若松〜新鶴, 北会津・新鶴線：若松〜北会津, まちなか周遊バス：あかべぇ"
栄町中三丁目,金川町・田園町住民コミュニティバス運営協議会,さわやか号
道の駅なみえ,新常磐交通（株）,富岡〜大熊〜双葉〜浪江〜FH2R
瀬川住民センター,福島交通（株）,"移線, 百目木線, 葛尾線［移経由］"
柳原下,会津乗合自動車（株）,"北会津・新鶴線：若松〜新鶴, 北会津・新鶴線：若松〜北会津"
会津若松市役所前,会津乗合自動車（株）,"まちなか周遊バス：あかべぇ, まちなか周遊バス：ハイカラさん"
千石中央,会津乗合自動車（株）,"千石・神明線：神明先回り, 千石・神明線：千石先回り"
青田原,協和交通（株）,市営バス「下樋・熱海線」
市役所西口（会津若松）,会津乗合自動車（株）,"芦の牧循環線：旧道・竹田経由, 芦の牧循環線：旧道・病院経由, 芦の牧循環線：旧道先回り, 芦の牧循環線：新道先回り, 塩川・喜多方線：アピオ・城経由, 塩川・喜多方線：アピオ経由, 塩川・喜多方線：荒久田経由, 塩川・喜多方線：竹田経由, 河東・湊線：竹田経由, 河東・湊線：米代経由, 松長団地・芦の牧循環線, 松長団地・西若松駅線, 松長団地・西若松駅線：大塚山, 西若松駅・笈川線, 西若松駅・笈川線：竹田経由, 千石・神明線：神明先回り, 米代・河東線, 米代・河東線：医療センター経由, 本郷循環線：工業団地経由, 本郷循環線：上米塚経由, まちなか周遊バス：ハイカラ通勤"
慶山,会津乗合自動車（株）,"まちなか周遊バス：あかべぇ, まちなか周遊バス：あかべぇ通勤, まちなか周遊バス：ハイカラさん, まちなか周遊バス：ハイカラ通勤"
桂林寺町,会津乗合自動車（株）,"高田線, 若松・坂下線：竹田経由, 年貢町・永井野線, 北会津・新鶴線：若松〜新鶴, 北会津・新鶴線：若松〜北会津"
桂林寺町,金川町・田園町住民コミュニティバス運営協議会,さわやか号
コープほんまち店前,（資）広田タクシー,会津若松まちなか循環バス　エコろん号
柳原,会津乗合自動車（株）,"北会津・新鶴線：若松〜新鶴, 北会津・新鶴線：若松〜北会津"
新舘,福島交通（株）,"移線, 百目木線, 葛尾線［移経由］"
浪江町役場前,新常磐交通（株）,富岡〜大熊〜双葉〜浪江〜FH2R
中山宿,会津乗合自動車（株）,上戸・熱海線
熱海車庫,福島交通（株）,熱海線［玉川経由］
御薬園入口,会津乗合自動車（株）,まちなか周遊バス：ハイカラ通勤
御薬園西口,会津乗合自動車（株）,"千石・神明線：神明先回り, 千石・神明線：千石先回り, まちなか周遊バス：あかべぇ通勤, まちなか周遊バス：ハイカラ通勤"
ポケットパーク前,（資）広田タクシー,会津若松まちなか循環バス　エコろん号
御旗町,会津乗合自動車（株）,"北会津・新鶴線：若松〜新鶴, 北会津・新鶴線：若松〜北会津"
会津若松商工会議所前,会津乗合自動車（株）,"まちなか周遊バス：あかべぇ, まちなか周遊バス：あかべぇ通勤"
宮泉銘醸前,（資）広田タクシー,会津若松まちなか循環バス　エコろん号
烏橋,会津乗合自動車（株）,"北会津・新鶴線：若松〜新鶴, 北会津・新鶴線：若松〜北会津"
浪江駅前,新常磐交通（株）,富岡〜大熊〜双葉〜浪江〜FH2R
一の丁白山軒前,会津乗合自動車（株）,"北会津・新鶴線：若松〜新鶴, 北会津・新鶴線：若松〜北会津"
北出丸大通り,会津乗合自動車（株）,"まちなか周遊バス：あかべぇ, まちなか周遊バス：ハイカラさん"
徒の町,会津乗合自動車（株）,"まちなか周遊バス：あかべぇ, まちなか周遊バス：ハイカラさん"
三の丁,会津乗合自動車（株）,"芦の牧循環線：旧道・竹田経由, 芦の牧循環線：旧道・病院経由, 芦の牧循環線：旧道先回り, 芦の牧循環線：新道先回り, 塩川・喜多方線：アピオ・城経由, 塩川・喜多方線：アピオ経由, 塩川・喜多方線：荒久田経由, 塩川・喜多方線：竹田経由, 河東・湊線：竹田経由, 河東・湊線：米代経由, 若松・坂下線：竹田経由, 松長団地・芦の牧循環線, 松長団地・西若松駅線, 松長団地・西若松駅線：大塚山, 西若松駅・笈川線, 西若松駅・笈川線：竹田経由, 千石・神明線：神明先回り, 千石・神明線：千石先回り, 米代・河東線, 米代・河東線：医療センター経由, 本郷循環線：工業団地経由, 本郷循環線：上米塚経由, まちなか周遊バス：あかべぇ通勤, まちなか周遊バス：ハイカラ通勤"
御薬園,会津乗合自動車（株）,まちなか周遊バス：ハイカラさん
山鹿クリニック西,金川町・田園町住民コミュニティバス運営協議会,さわやか号
瀬川,福島交通（株）,"移線, 百目木線, 葛尾線［移経由］"
竹田病院前,会津乗合自動車（株）,"芦の牧循環線：旧道・竹田経由, 芦の牧循環線：旧道・病院経由, 塩川・喜多方線：アピオ経由, 塩川・喜多方線：竹田経由, 河東・湊線：竹田経由, 高田線, 若松・坂下線：竹田経由, 松長団地・芦の牧循環線, 西若松駅・笈川線：竹田経由, 千石・神明線：神明先回り, 千石・神明線：千石先回り, 年貢町・永井野線, 北会津・新鶴線：若松〜新鶴, 北会津・新鶴線：若松〜北会津, 本郷循環線：工業団地経由, 本郷循環線：上米塚経由"
竹田綜合病院（ロータリー内）,（資）広田タクシー,会津若松まちなか循環バス　エコろん号
竹田病院前,金川町・田園町住民コミュニティバス運営協議会,さわやか号
北会津支所,会津乗合自動車（株）,北会津・新鶴線：若松〜北会津
合同庁舎前（会津若松市）,会津乗合自動車（株）,"まちなか周遊バス：あかべぇ通勤, まちなか周遊バス：ハイカラ通勤"
上長外路,福島交通（株）,移線［長外路経由］
梅原,協和交通（株）,市営バス「下樋・熱海線」
慶山入口,会津乗合自動車（株）,"まちなか周遊バス：あかべぇ, まちなか周遊バス：あかべぇ通勤, まちなか周遊バス：ハイカラさん, まちなか周遊バス：ハイカラ通勤"
川原町,会津乗合自動車（株）,高田線
花春町,会津乗合自動車（株）,"千石・神明線：神明先回り, 千石・神明線：千石先回り, まちなか周遊バス：あかべぇ通勤, まちなか周遊バス：ハイカラ通勤"
鶴ヶ城入口,会津乗合自動車（株）,"まちなか周遊バス：あかべぇ, まちなか周遊バス：あかべぇ通勤, まちなか周遊バス：ハイカラさん, まちなか周遊バス：ハイカラ通勤"
鶴ヶ城会館前,（資）広田タクシー,会津若松まちなか循環バス　エコろん号
鶴ヶ城北口,会津乗合自動車（株）,"まちなか周遊バス：あかべぇ, まちなか周遊バス：ハイカラさん"
鶴ヶ城北口・県立博物館前,会津乗合自動車（株）,"まちなか周遊バス：あかべぇ通勤, まちなか周遊バス：ハイカラ通勤"
四ッ谷,会津乗合自動車（株）,"河東・湊線：竹田経由, 河東・湊線：米代経由"
小田垣,会津乗合自動車（株）,"まちなか周遊バス：あかべぇ, まちなか周遊バス：ハイカラさん"
上戸,会津乗合自動車（株）,"上戸・熱海線, 上戸線"
鶴ヶ城西口,会津乗合自動車（株）,"芦の牧循環線：旧道・竹田経由, 芦の牧循環線：旧道先回り, 芦の牧循環線：新道先回り, 塩川・喜多方線：アピオ・城経由, 塩川・喜多方線：荒久田経由, 河東・湊線：米代経由, 高田線, 松長団地・芦の牧循環線, 松長団地・西若松駅線, 松長団地・西若松駅線：大塚山, 西若松駅・笈川線, 千石・神明線：神明先回り, 千石・神明線：千石先回り, 年貢町・永井野線, 米代・河東線, 米代・河東線：医療センター経由, 本郷循環線：工業団地経由, 本郷循環線：上米塚経由"
石山,会津乗合自動車（株）,"まちなか周遊バス：あかべぇ, まちなか周遊バス：あかべぇ通勤, まちなか周遊バス：ハイカラさん, まちなか周遊バス：ハイカラ通勤"
小田垣局前,会津乗合自動車（株）,"まちなか周遊バス：あかべぇ通勤, まちなか周遊バス：ハイカラ通勤"
材木町一丁目,会津乗合自動車（株）,高田線
湯川大日堂前,会津乗合自動車（株）,高田線
仁井田富士内,福島交通（株）,"フェスタ・本宮線［南東北病院経由］, フェスタ・本宮線［南東北病院・南東北医療クリニック経由］"
上戸水門,会津乗合自動車（株）,"上戸・熱海線, 上戸線"
新田,協和交通（株）,市営バス「下樋・熱海線」
荒井北ノ内,福島交通（株）,"フェスタ・本宮線［南東北病院経由］, フェスタ・本宮線［南東北病院・南東北医療クリニック経由］"
岡谷地,福島交通（株）,移線［長外路経由］
鶴ヶ城三の丸口,会津乗合自動車（株）,"まちなか周遊バス：あかべぇ, まちなか周遊バス：ハイカラさん"
上戸駅前,会津乗合自動車（株）,上戸線
瀬川局前,福島交通（株）,"移線, 百目木線, 葛尾線［移経由］"
熱海荒町,福島交通（株）,熱海線［玉川経由］
奴郎ヶ前,会津乗合自動車（株）,"まちなか周遊バス：あかべぇ, まちなか周遊バス：あかべぇ通勤, まちなか周遊バス：ハイカラさん, まちなか周遊バス：ハイカラ通勤"
西若松駅西,会津乗合自動車（株）,高田線
湯川橋北,会津乗合自動車（株）,高田線
会津風雅堂前,会津乗合自動車（株）,"まちなか周遊バス：あかべぇ, まちなか周遊バス：ハイカラさん"
太田熱海病院,福島交通（株）,熱海線［玉川経由］
太田熱海病院,会津乗合自動車（株）,上戸・熱海線
小田橋,会津乗合自動車（株）,"千石・神明線：神明先回り, 千石・神明線：千石先回り"
湯川町,会津乗合自動車（株）,"芦の牧循環線：旧道・竹田経由, 芦の牧循環線：旧道・病院経由, 塩川・喜多方線：アピオ経由, 塩川・喜多方線：竹田経由, 河東・湊線：竹田経由, 松長団地・芦の牧循環線, 西若松駅・笈川線：竹田経由"
湯川町,（資）広田タクシー,会津若松まちなか循環バス　エコろん号
苅上場,会津乗合自動車（株）,"河東・湊線：竹田経由, 河東・湊線：米代経由"
文化センター前,会津乗合自動車（株）,"まちなか周遊バス：あかべぇ, まちなか周遊バス：ハイカラさん"
住吉町,会津乗合自動車（株）,高田線
米代二丁目,会津乗合自動車（株）,"芦の牧循環線：旧道・竹田経由, 芦の牧循環線：旧道先回り, 芦の牧循環線：新道先回り, 塩川・喜多方線：アピオ・城経由, 塩川・喜多方線：荒久田経由, 河東・湊線：米代経由, 高田線, 松長団地・芦の牧循環線, 松長団地・西若松駅線, 松長団地・西若松駅線：大塚山, 西若松駅・笈川線, 千石・神明線：神明先回り, 千石・神明線：千石先回り, 年貢町・永井野線, 米代・河東線, 米代・河東線：医療センター経由, 本郷循環線：工業団地経由, 本郷循環線：上米塚経由"
湯川橋,会津乗合自動車（株）,"塩川・喜多方線：アピオ・城経由, 塩川・喜多方線：アピオ経由, 塩川・喜多方線：荒久田経由, 塩川・喜多方線：竹田経由, 河東・湊線：竹田経由, 河東・湊線：米代経由, 西若松駅・笈川線, 西若松駅・笈川線：竹田経由, 本郷循環線：工業団地経由, 本郷循環線：上米塚経由"
幕の内,会津乗合自動車（株）,高田線
南花畑,会津乗合自動車（株）,"芦の牧循環線：旧道・竹田経由, 芦の牧循環線：旧道・病院経由, 塩川・喜多方線：アピオ・城経由, 塩川・喜多方線：荒久田経由, 河東・湊線：米代経由, 高田線, 松長団地・芦の牧循環線, 西若松駅・笈川線, 本郷循環線：工業団地経由, 本郷循環線：上米塚経由"
大倉,福島交通（株）,"移線, 百目木線, 葛尾線［移経由］"
鶴ヶ城体育館前,（資）広田タクシー,会津若松まちなか循環バス　エコろん号
県営住宅前,会津乗合自動車（株）,"芦の牧循環線：旧道・竹田経由, 芦の牧循環線：旧道・病院経由, 塩川・喜多方線：アピオ・城経由, 塩川・喜多方線：荒久田経由, 河東・湊線：米代経由, 高田線, 松長団地・芦の牧循環線, 西若松駅・笈川線, 本郷循環線：工業団地経由, 本郷循環線：上米塚経由"
県営住宅前,（資）広田タクシー,会津若松まちなか循環バス　エコろん号
西若松駅東口,会津乗合自動車（株）,"塩川・喜多方線：アピオ・城経由, 塩川・喜多方線：アピオ経由, 塩川・喜多方線：荒久田経由, 塩川・喜多方線：竹田経由, 河東・湊線：竹田経由, 河東・湊線：米代経由, 松長団地・西若松駅線, 松長団地・西若松駅線：大塚山, 西若松駅・笈川線, 西若松駅・笈川線：竹田経由, 本郷循環線：工業団地経由, 本郷循環線：上米塚経由"
米代,会津乗合自動車（株）,"塩川・喜多方線：荒久田経由, 河東・湊線：米代経由, 高田線, 西若松駅・笈川線, 本郷循環線：工業団地経由"
エイトタウン本宮,福島交通（株）,"フェスタ・本宮線［南東北病院経由］, フェスタ・本宮線［南東北病院・南東北医療クリニック経由］, フェスタ・本宮線［南東北病院経由/直行便］"
ツルハドラッグ会津南町店前,（資）広田タクシー,会津若松まちなか循環バス　エコろん号
会津武家屋敷前,会津乗合自動車（株）,"まちなか周遊バス：あかべぇ, まちなか周遊バス：あかべぇ通勤, まちなか周遊バス：ハイカラさん, まちなか周遊バス：ハイカラ通勤"
花見ヶ丘,会津乗合自動車（株）,"千石・神明線：神明先回り, 千石・神明線：千石先回り"
田子沼,会津乗合自動車（株）,上戸・熱海線
三本松,協和交通（株）,市営バス「下樋・熱海線」
並柳,福島交通（株）,熱海線［玉川経由］
船引大平,福島交通（株）,移線［長外路経由］
材木町二丁目,会津乗合自動車（株）,"本郷循環線：工業団地経由, 本郷循環線：上米塚経由"
熱海一丁目,福島交通（株）,熱海線［玉川経由］
院内,会津乗合自動車（株）,"まちなか周遊バス：あかべぇ, まちなか周遊バス：あかべぇ通勤, まちなか周遊バス：ハイカラさん, まちなか周遊バス：ハイカラ通勤"
西飯寺,会津乗合自動車（株）,高田線
熱海グランド前,福島交通（株）,熱海線［玉川経由］
玉川ホーム,福島交通（株）,熱海線［玉川経由］
太田病院前,協和交通（株）,市営バス「下樋・熱海線」
新熱海,福島交通（株）,熱海線［玉川経由］
郡山ユラックス熱海,福島交通（株）,熱海線［玉川経由］
熱海分署,福島交通（株）,熱海線［玉川経由］
建福寺前,会津乗合自動車（株）,"千石・神明線：神明先回り, 千石・神明線：千石先回り"
熱海中学校,福島交通（株）,熱海線［玉川経由］
会津高校入口,会津乗合自動車（株）,"芦の牧循環線：旧道・竹田経由, 芦の牧循環線：旧道・病院経由, 芦の牧循環線：旧道先回り, 芦の牧循環線：新道先回り, 松長団地・芦の牧循環線, 松長団地・西若松駅線, 松長団地・西若松駅線：大塚山, 千石・神明線：神明先回り, 千石・神明線：千石先回り, 年貢町・永井野線, 本郷循環線：工業団地経由, 本郷循環線：上米塚経由"
桜町入口,会津乗合自動車（株）,"本郷循環線：工業団地経由, 本郷循環線：上米塚経由"
対馬館団地,会津乗合自動車（株）,"松長団地・西若松駅線, 松長団地・西若松駅線：大塚山"
熱海駅,福島交通（株）,熱海線［玉川経由］
磐梯熱海駅,会津乗合自動車（株）,上戸・熱海線
東山温泉入口,会津乗合自動車（株）,"まちなか周遊バス：あかべぇ, まちなか周遊バス：あかべぇ通勤, まちなか周遊バス：ハイカラさん, まちなか周遊バス：ハイカラ通勤"
荒井恵向工業団地,福島交通（株）,"フェスタ・本宮線［南東北病院経由］, フェスタ・本宮線［南東北病院・南東北医療クリニック経由］, フェスタ・本宮線［南東北病院経由/直行便］"
玉川,福島交通（株）,熱海線［玉川経由］
オリンパス前,会津乗合自動車（株）,高田線
岩根上町,協和交通（株）,市営バス「下樋・熱海線」
下馬渡,会津乗合自動車（株）,"河東・湊線：竹田経由, 河東・湊線：米代経由"
矢沢入口,協和交通（株）,市営バス「下樋・熱海線」
新岩根,協和交通（株）,市営バス「下樋・熱海線」
羽瀬石,協和交通（株）,市営バス「下樋・熱海線」
神座,協和交通（株）,市営バス「下樋・熱海線」
熱海三丁目,福島交通（株）,熱海線［玉川経由］
熱海三丁目,会津乗合自動車（株）,上戸・熱海線
対馬館団地入口,会津乗合自動車（株）,"松長団地・西若松駅線, 松長団地・西若松駅線：大塚山, 年貢町・永井野線, 本郷循環線：工業団地経由, 本郷循環線：上米塚経由"
アサヒビール園前,福島交通（株）,"フェスタ・本宮線［南東北病院経由］, フェスタ・本宮線［南東北病院・南東北医療クリニック経由］, フェスタ・本宮線［南東北病院経由/直行便］"
年貢町団地入口,会津乗合自動車（株）,"松長団地・西若松駅線, 松長団地・西若松駅線：大塚山, 年貢町・永井野線, 本郷循環線：工業団地経由, 本郷循環線：上米塚経由"
沢石入口,福島交通（株）,"移線, 百目木線, 葛尾線［移経由］"
東山温泉駅,会津乗合自動車（株）,"まちなか周遊バス：あかべぇ, まちなか周遊バス：あかべぇ通勤, まちなか周遊バス：ハイカラさん, まちなか周遊バス：ハイカラ通勤"
青木（会津若松市）,会津乗合自動車（株）,"千石・神明線：神明先回り, 千石・神明線：千石先回り"
一本松,福島交通（株）,移線［長外路経由］
日吉団地入口,会津乗合自動車（株）,"年貢町・永井野線, 本郷循環線：工業団地経由, 本郷循環線：上米塚経由"
年貢町西,会津乗合自動車（株）,"松長団地・西若松駅線, 松長団地・西若松駅線：大塚山, 年貢町・永井野線, 本郷循環線：工業団地経由, 本郷循環線：上米塚経由"
飯寺,会津乗合自動車（株）,"本郷循環線：工業団地経由, 本郷循環線：上米塚経由"
年貢町東,会津乗合自動車（株）,"千石・神明線：神明先回り, 千石・神明線：千石先回り"
高田橋北,会津乗合自動車（株）,高田線
飯寺東,会津乗合自動車（株）,"年貢町・永井野線, 本郷循環線：工業団地経由, 本郷循環線：上米塚経由"
城南消防署前,会津乗合自動車（株）,"千石・神明線：神明先回り, 千石・神明線：千石先回り"
年貢町,会津乗合自動車（株）,"芦の牧循環線：旧道・竹田経由, 芦の牧循環線：旧道・病院経由, 芦の牧循環線：旧道先回り, 芦の牧循環線：新道先回り, 松長団地・芦の牧循環線"
中田浜入口,会津乗合自動車（株）,"河東・湊線：竹田経由, 河東・湊線：米代経由"
下樋,協和交通（株）,市営バス「下樋・熱海線」
館入口,福島交通（株）,移線［長外路経由］
高田橋,会津乗合自動車（株）,"年貢町・永井野線, 本郷循環線：工業団地経由, 本郷循環線：上米塚経由"
安子ヶ島寺前,福島交通（株）,熱海線［玉川経由］
美山入口,福島交通（株）,"移線, 百目木線, 葛尾線［移経由］"
安子ヶ島上町,福島交通（株）,熱海線［玉川経由］
南入口,福島交通（株）,移線［長外路経由］
三本松西,会津乗合自動車（株）,"高田線, 年貢町・永井野線, 本郷循環線：工業団地経由, 本郷循環線：上米塚経由"
安子ヶ島,福島交通（株）,熱海線［玉川経由］
高田橋南,会津乗合自動車（株）,"本郷循環線：工業団地経由, 本郷循環線：上米塚経由"
三本松東,会津乗合自動車（株）,"本郷循環線：工業団地経由, 本郷循環線：上米塚経由"
上馬渡,会津乗合自動車（株）,"河東・湊線：竹田経由, 河東・湊線：米代経由"
東小松,会津乗合自動車（株）,"高田線, 年貢町・永井野線"
会津西病院前,会津乗合自動車（株）,"本郷循環線：工業団地経由, 本郷循環線：上米塚経由"
両堂前,会津乗合自動車（株）,"高田線, 年貢町・永井野線"
川南,会津乗合自動車（株）,"高田線, 年貢町・永井野線"
門鹿,福島交通（株）,"移線, 百目木線, 葛尾線［移経由］"
美山小学校下,福島交通（株）,移線［長外路経由］
新屋,会津乗合自動車（株）,"芦の牧循環線：旧道・竹田経由, 芦の牧循環線：旧道・病院経由, 芦の牧循環線：旧道先回り, 芦の牧循環線：新道先回り, 松長団地・芦の牧循環線"
飯寺ニュータウン西,会津乗合自動車（株）,"本郷循環線：工業団地経由, 本郷循環線：上米塚経由"
松の前,会津乗合自動車（株）,"高田線, 年貢町・永井野線"
清水茶屋,会津乗合自動車（株）,"河東・湊線：竹田経由, 河東・湊線：米代経由"
新在家,会津乗合自動車（株）,"高田線, 年貢町・永井野線"
大島前,会津乗合自動車（株）,"高田線, 年貢町・永井野線"
高田工業団地,会津乗合自動車（株）,"高田線, 年貢町・永井野線"
旦の平,福島交通（株）,移線［長外路経由］
前川原,会津乗合自動車（株）,"高田線, 年貢町・永井野線"
飼沢,会津乗合自動車（株）,"上戸・熱海線, 上戸線"
太良,福島交通（株）,熱海線［玉川経由］
安田前,会津乗合自動車（株）,"高田線, 年貢町・永井野線"
七号線入口,会津乗合自動車（株）,"高田線, 年貢町・永井野線"
中野,会津乗合自動車（株）,"芦の牧循環線：旧道・竹田経由, 芦の牧循環線：旧道・病院経由, 芦の牧循環線：旧道先回り, 芦の牧循環線：新道先回り, 松長団地・芦の牧循環線"
湊小学校前,会津乗合自動車（株）,"河東・湊線：竹田経由, 河東・湊線：米代経由"
高田駅前,会津乗合自動車（株）,"高田線, 年貢町・永井野線"
しらとり保育園前,会津乗合自動車（株）,"河東・湊線：竹田経由, 河東・湊線：米代経由"
米塚,会津乗合自動車（株）,"本郷循環線：工業団地経由, 本郷循環線：上米塚経由"
西裏入口,会津乗合自動車（株）,"高田線, 年貢町・永井野線"
一の谷,福島交通（株）,熱海線［玉川経由］
厚生病院前（高田）,会津乗合自動車（株）,"高田線, 年貢町・永井野線"
沼の下,福島交通（株）,"移線, 百目木線, 葛尾線［移経由］"
石神,福島交通（株）,移線［長外路経由］
南の団地入口,会津乗合自動車（株）,"芦の牧循環線：旧道・竹田経由, 芦の牧循環線：旧道・病院経由, 芦の牧循環線：旧道先回り, 芦の牧循環線：新道先回り, 松長団地・芦の牧循環線"
西田面,会津乗合自動車（株）,"河東・湊線：竹田経由, 河東・湊線：米代経由"
じげんプラザ前,会津乗合自動車（株）,"高田線, 年貢町・永井野線"
工業団地入口,会津乗合自動車（株）,"本郷循環線：工業団地経由, 本郷循環線：上米塚経由"
会津西陵高校入口,会津乗合自動車（株）,"高田線, 年貢町・永井野線"
上米塚,会津乗合自動車（株）,"本郷循環線：工業団地経由, 本郷循環線：上米塚経由"
棚倉,福島交通（株）,熱海線［玉川経由］
天海大僧正生誕の地前,会津乗合自動車（株）,"高田線, 年貢町・永井野線"
運動公園前,会津乗合自動車（株）,"芦の牧循環線：旧道・竹田経由, 芦の牧循環線：旧道・病院経由, 芦の牧循環線：旧道先回り, 芦の牧循環線：新道先回り, 松長団地・芦の牧循環線"
漆器団地組合前,会津乗合自動車（株）,"本郷循環線：工業団地経由, 本郷循環線：上米塚経由"
まってらん処前,会津乗合自動車（株）,"高田線, 年貢町・永井野線"
楢梨,福島交通（株）,"古道線, 川内線"
言神入口,福島交通（株）,"古道線, 川内線"
新町北,会津乗合自動車（株）,"本郷循環線：工業団地経由, 本郷循環線：上米塚経由"
大山原,福島交通（株）,"移線, 百目木線, 移線［長外路経由］, 葛尾線［移経由］"
横町,会津乗合自動車（株）,"高田線, 年貢町・永井野線"
平内地,福島交通（株）,"古道線, 川内線"
平蔵内,福島交通（株）,"古道線, 川内線"
釜場西,福島交通（株）,熱海線［玉川経由］
岩井沢,福島交通（株）,"古道線, 川内線"
一の堰団地入口,会津乗合自動車（株）,"芦の牧循環線：旧道・竹田経由, 芦の牧循環線：旧道・病院経由, 芦の牧循環線：旧道先回り, 芦の牧循環線：新道先回り, 松長団地・芦の牧循環線"
北作入口,福島交通（株）,"古道線, 川内線"
本郷黒川,会津乗合自動車（株）,"本郷循環線：工業団地経由, 本郷循環線：上米塚経由"
新田,福島交通（株）,"古道線, 川内線"
二ッ谷,会津乗合自動車（株）,"河東・湊線：竹田経由, 河東・湊線：米代経由"
西戸,福島交通（株）,"古道線, 川内線"
新町（会津美里町）,会津乗合自動車（株）,"本郷循環線：工業団地経由, 本郷循環線：上米塚経由"
高田郵便局前,会津乗合自動車（株）,"高田線, 年貢町・永井野線"
川原町北,会津乗合自動車（株）,"本郷循環線：工業団地経由, 本郷循環線：上米塚経由"
新町東,会津乗合自動車（株）,"本郷循環線：工業団地経由, 本郷循環線：上米塚経由"
川口車庫,会津乗合自動車（株）,大芦線
原,福島交通（株）,"移線, 百目木線, 移線［長外路経由］, 葛尾線［移経由］"
南松,会津乗合自動車（株）,"河東・湊線：竹田経由, 河東・湊線：米代経由"
川口駅前,会津乗合自動車（株）,大芦線
雨乞平,福島交通（株）,"古道線, 川内線"
大けやき前［会津美里町］,会津乗合自動車（株）,"高田線, 年貢町・永井野線"
堀の内,福島交通（株）,熱海線［玉川経由］
上道の内,福島交通（株）,"古道線, 川内線"
双葉駅前,新常磐交通（株）,富岡〜大熊〜双葉〜浪江〜FH2R
瀬戸町,会津乗合自動車（株）,"本郷循環線：工業団地経由, 本郷循環線：上米塚経由"
竹原入口,会津乗合自動車（株）,"高田線, 年貢町・永井野線"
本郷庁舎,会津乗合自動車（株）,"本郷循環線：工業団地経由, 本郷循環線：上米塚経由"
インフォメーションセンター前,会津乗合自動車（株）,"本郷循環線：工業団地経由, 本郷循環線：上米塚経由"
町ヶ小屋,会津乗合自動車（株）,"上戸・熱海線, 上戸線"
鐙ヶ池,福島交通（株）,"移線, 百目木線, 移線［長外路経由］, 葛尾線［移経由］"
上町（金山町）,会津乗合自動車（株）,大芦線
堤沢,会津乗合自動車（株）,"芦の牧循環線：旧道・竹田経由, 芦の牧循環線：旧道・病院経由, 芦の牧循環線：旧道先回り, 芦の牧循環線：新道先回り, 松長団地・芦の牧循環線"
中屋敷,福島交通（株）,"古道線, 川内線"
山根,福島交通（株）,"古道線, 川内線"
相田町,会津乗合自動車（株）,"高田線, 年貢町・永井野線"
本郷局前,会津乗合自動車（株）,"本郷循環線：工業団地経由, 本郷循環線：上米塚経由"
地田下,福島交通（株）,熱海線［玉川経由］
時の宮,福島交通（株）,"移線, 百目木線, 移線［長外路経由］, 葛尾線［移経由］"
本郷庁舎入口,会津乗合自動車（株）,"本郷循環線：工業団地経由, 本郷循環線：上米塚経由"
下道の内,福島交通（株）,"古道線, 川内線"
原小坂,会津乗合自動車（株）,"河東・湊線：竹田経由, 河東・湊線：米代経由"
産総研前,福島交通（株）,"西部工業団地線, 西部工業団地線［産総研経由］, 西部工業団地線［向原経由］"
船引高校,福島交通（株）,"移線, 百目木線, 移線［長外路経由］, 古道線, 川内線, 葛尾線［移経由］"
月の田和,福島交通（株）,"古道線, 川内線"
永井野下町,会津乗合自動車（株）,"高田線, 年貢町・永井野線"
熊耳,福島交通（株）,船引線
産総研,福島交通（株）,"西部工業団地線［産総研経由］, 西部工業団地線［向原経由］"
根岸,会津乗合自動車（株）,"芦の牧循環線：旧道・竹田経由, 芦の牧循環線：旧道・病院経由, 芦の牧循環線：旧道先回り, 芦の牧循環線：新道先回り, 松長団地・芦の牧循環線"
石崎団地,福島交通（株）,"移線, 百目木線, 移線［長外路経由］, 葛尾線［移経由］"
原長谷川前,会津乗合自動車（株）,"河東・湊線：竹田経由, 河東・湊線：米代経由"
源次郎,福島交通（株）,"古道線, 川内線"
西部工業団地北,福島交通（株）,"西部工業団地線, 西部工業団地線［産総研経由］, 西部工業団地線［向原経由］"
永井野,会津乗合自動車（株）,"高田線, 年貢町・永井野線"
大平荘入口,福島交通（株）,船引線
町立三春病院前,福島交通（株）,船引線
田村警察署,福島交通（株）,船引線
北区入口,福島交通（株）,"移線, 百目木線, 移線［長外路経由］, 葛尾線［移経由］"
芹沢,福島交通（株）,"古道線, 川内線"
石崎,福島交通（株）,"古道線, 川内線"
余平田,福島交通（株）,"古道線, 川内線"
西部工業団地入口,福島交通（株）,船引線
向原,福島交通（株）,"熱海線［玉川経由］, 西部工業団地線［向原経由］"
ハイテクプラザ,福島交通（株）,"西部工業団地線, 西部工業団地線［産総研経由］, 西部工業団地線［向原経由］"
東部台三丁目,福島交通（株）,"古道線, 川内線"
フェスタ,福島交通（株）,"フェスタ線［南東北病院経由］, フェスタ・本宮線［南東北病院経由］, フェスタ・本宮線［南東北病院・南東北医療クリニック経由］, フェスタ・本宮線［南東北病院経由/直行便］, フェスタ線［南東北病院・南東北医療クリニック経由］"
北町,福島交通（株）,船引線
駒場,福島交通（株）,船引線
沢又入口,福島交通（株）,"古道線, 川内線"
中大沢,会津乗合自動車（株）,"上戸・熱海線, 上戸線"
船引駅前,福島交通（株）,"船引線, 移線, 百目木線, 移線［長外路経由］, 古道線, 川内線, 葛尾線［移経由］"
追分,福島交通（株）,船引線
AGCエレクトロニクス前,福島交通（株）,"西部工業団地線, 西部工業団地線［産総研経由］, 西部工業団地線［向原経由］"
馬場団地入口,福島交通（株）,"移線, 百目木線, 移線［長外路経由］, 葛尾線［移経由］"
三春大町,福島交通（株）,"船引線, 三春線"
西向,福島交通（株）,"古道線, 川内線"
門田駅入口,会津乗合自動車（株）,"芦の牧循環線：旧道・竹田経由, 芦の牧循環線：旧道・病院経由, 芦の牧循環線：旧道先回り, 芦の牧循環線：新道先回り, 松長団地・芦の牧循環線"
上鹿山入口,福島交通（株）,"古道線, 川内線"
真城,福島交通（株）,"古道線, 川内線"
五升車,福島交通（株）,"船引線, 古道線, 川内線"
三春中町,福島交通（株）,"船引線, 三春線"
卸センター,福島交通（株）,"西部工業団地線, 西部工業団地線［産総研経由］, 西部工業団地線［向原経由］"
板橋入口,福島交通（株）,"古道線, 川内線"
花木内,福島交通（株）,船引線
三春町役場,福島交通（株）,三春線
安久津橋,福島交通（株）,"移線, 百目木線, 移線［長外路経由］, 葛尾線［移経由］"
川久保,福島交通（株）,"古道線, 川内線"
田村市役所前,福島交通（株）,"古道線, 川内線"
西田,福島交通（株）,"古道線, 川内線"
東部台四丁目,福島交通（株）,"古道線, 川内線"
日本化学工場前,福島交通（株）,"船引線, 三春線"
原,福島交通（株）,"フェスタ線［南東北病院経由］, フェスタ・本宮線［南東北病院経由］, フェスタ・本宮線［南東北病院・南東北医療クリニック経由］, フェスタ・本宮線［南東北病院経由/直行便］, フェスタ線［南東北病院・南東北医療クリニック経由］"
一本松,福島交通（株）,"船引線, 三春線"
卸団地入口,福島交通（株）,熱海線［玉川経由］
八幡町,福島交通（株）,"船引線, 三春線"
広場,福島交通（株）,"船引線, 三春線"
南町,福島交通（株）,三春線
栄町,福島交通（株）,"船引線, 移線, 百目木線, 移線［長外路経由］, 葛尾線［移経由］"
安久津通り,福島交通（株）,"移線, 百目木線, 移線［長外路経由］, 葛尾線［移経由］"
南西原,福島交通（株）,"西部工業団地線, 西部工業団地線［産総研経由］"
城の内,福島交通（株）,船引線
常光寺,福島交通（株）,"古道線, 川内線"
中の内,福島交通（株）,"古道線, 川内線"
三春清水,福島交通（株）,三春線
原田,福島交通（株）,船引線
山中,福島交通（株）,三春線
浜路,会津乗合自動車（株）,"上戸・熱海線, 上戸線"
常葉局前,福島交通（株）,"古道線, 川内線"
常葉中町,福島交通（株）,"古道線, 川内線"
スキー場入口,会津乗合自動車（株）,大芦線
常葉荒町,福島交通（株）,"古道線, 川内線"
常葉上町,福島交通（株）,"古道線, 川内線"
面川,会津乗合自動車（株）,"芦の牧循環線：旧道・竹田経由, 芦の牧循環線：旧道・病院経由, 芦の牧循環線：旧道先回り, 芦の牧循環線：新道先回り, 松長団地・芦の牧循環線"
中町,福島交通（株）,"船引線, 移線, 百目木線, 移線［長外路経由］, 葛尾線［移経由］"
常葉車庫,福島交通（株）,"古道線, 川内線"
深谷,福島交通（株）,"西部工業団地線, 西部工業団地線［産総研経由］"
宮田,福島交通（株）,"船引線, 三春線"
松ヶ作,福島交通（株）,熱海線［玉川経由］
都路小学校前,福島交通（株）,"古道線, 川内線"
永畑,福島交通（株）,船引線
本坊,福島交通（株）,"古道線, 川内線"
小栗山,会津乗合自動車（株）,大芦線
トラックセンター,福島交通（株）,"西部工業団地線, 西部工業団地線［産総研経由］, 西部工業団地線［向原経由］"
舘柄前,福島交通（株）,"古道線, 川内線"
道ノ原,福島交通（株）,船引線
石蒔田,福島交通（株）,"古道線, 川内線"
瓜坪池,福島交通（株）,"西部工業団地線, 西部工業団地線［産総研経由］"
菖蒲池,福島交通（株）,"西部工業団地線, 西部工業団地線［産総研経由］"
春山,福島交通（株）,船引線
小栗山上村,会津乗合自動車（株）,大芦線
面川荒川前,会津乗合自動車（株）,"芦の牧循環線：旧道・竹田経由, 芦の牧循環線：旧道・病院経由, 芦の牧循環線：旧道先回り, 芦の牧循環線：新道先回り, 松長団地・芦の牧循環線"
采女の里やすらぎ,福島交通（株）,"西部工業団地線, 西部工業団地線［産総研経由］"
星ヶ丘病院,福島交通（株）,"西部工業団地線, 西部工業団地線［産総研経由］"
堰場［国道］,会津乗合自動車（株）,"河東・湊線：竹田経由, 河東・湊線：米代経由"
経堂,福島交通（株）,"フェスタ線［南東北病院経由］, フェスタ・本宮線［南東北病院経由］, フェスタ・本宮線［南東北病院・南東北医療クリニック経由］, フェスタ・本宮線［南東北病院経由/直行便］, フェスタ線［南東北病院・南東北医療クリニック経由］"
都路行政局,福島交通（株）,"古道線, 川内線"
古道車庫,福島交通（株）,"古道線, 川内線"
下宮田,福島交通（株）,"船引線, 三春線"
都路郵便局,福島交通（株）,川内線
西原入口,福島交通（株）,"熱海線［玉川経由］, 西部工業団地線, 西部工業団地線［産総研経由］, 西部工業団地線［向原経由］"
四重城入口,福島交通（株）,"古道線, 川内線"
堀田入口,福島交通（株）,"古道線, 川内線"
瓜坪入口,福島交通（株）,"西部工業団地線, 西部工業団地線［産総研経由］"
レイクタウン北通り,福島交通（株）,"宝沢レイクタウン線［南東北病院経由］, 宝沢レイクタウン線［福原経由］"
面川館堀,会津乗合自動車（株）,"芦の牧循環線：旧道・竹田経由, 芦の牧循環線：旧道・病院経由, 芦の牧循環線：旧道先回り, 芦の牧循環線：新道先回り, 松長団地・芦の牧循環線"
牛ヶ池団地入口,福島交通（株）,"宝沢レイクタウン線［福原経由］, 富久山循環［福原先回り］, 富久山循環［南東北病院先回り］, 富久山循環［福原先回り/南東北医療クリニック経由］, 富久山循環［南東北病院先回り/南東北医療クリニック経由］"
レイクタウン東通り,福島交通（株）,"宝沢レイクタウン線［南東北病院経由］, 宝沢レイクタウン線［福原経由］, 富久山循環［福原先回り］, 富久山循環［南東北病院先回り］, 富久山循環［福原先回り/南東北医療クリニック経由］, 富久山循環［南東北病院先回り/南東北医療クリニック経由］"
明健小学校,福島交通（株）,"宝沢レイクタウン線［南東北病院経由］, 宝沢レイクタウン線［福原経由］, 富久山循環［福原先回り］, 富久山循環［南東北病院先回り］, 富久山循環［福原先回り/南東北医療クリニック経由］, 富久山循環［南東北病院先回り/南東北医療クリニック経由］"
石村,会津乗合自動車（株）,"芦の牧循環線：旧道・竹田経由, 芦の牧循環線：旧道・病院経由, 芦の牧循環線：旧道先回り, 芦の牧循環線：新道先回り, 松長団地・芦の牧循環線"
大亀神社,福島交通（株）,川内線
日陰橋,福島交通（株）,"船引線, 三春線"
郡山インター前,福島交通（株）,"熱海線［玉川経由］, 西部工業団地線, 西部工業団地線［産総研経由］, 西部工業団地線［向原経由］"
坂井（金山町）,会津乗合自動車（株）,大芦線
沼の下,福島交通（株）,"宝沢レイクタウン線［福原経由］, 富久山循環［福原先回り］, 富久山循環［南東北病院先回り］, 富久山循環［福原先回り/南東北医療クリニック経由］, 富久山循環［南東北病院先回り/南東北医療クリニック経由］"
郡山北工業高校入口,福島交通（株）,"八山田循環, 八山田循環［並木先回り/南東北医療クリニック経由］"
大林,福島交通（株）,"八山田循環, 八山田循環［並木先回り/南東北医療クリニック経由］"
八山田,福島交通（株）,"フェスタ線［南東北病院経由］, 宝沢レイクタウン線［南東北病院経由］, 八山田循環, フェスタ・本宮線［南東北病院経由］, フェスタ・本宮線［南東北病院・南東北医療クリニック経由］, フェスタ・本宮線［南東北病院経由/直行便］, 富久山循環［福原先回り］, 富久山循環［南東北病院先回り］, 富久山循環［福原先回り/南東北医療クリニック経由］, フェスタ線［南東北病院・南東北医療クリニック経由］, 八山田循環［並木先回り/南東北医療クリニック経由］, 富久山循環［南東北病院先回り/南東北医療クリニック経由］"
石村南,会津乗合自動車（株）,"芦の牧循環線：旧道・竹田経由, 芦の牧循環線：旧道・病院経由, 芦の牧循環線：旧道先回り, 芦の牧循環線：新道先回り, 松長団地・芦の牧循環線"
向屋敷,福島交通（株）,"八山田循環, 八山田循環［並木先回り/南東北医療クリニック経由］"
上山田,福島交通（株）,"船引線, 三春線"
四十坦,福島交通（株）,"八山田循環, 八山田循環［並木先回り/南東北医療クリニック経由］"
百合ヶ丘団地,福島交通（株）,"百合ヶ丘線［下富田経由］, 百合ヶ丘線, 百合ヶ丘線［支援センター経由］"
白石,福島交通（株）,川内線
コパル前,福島交通（株）,"熱海線［玉川経由］, 西部工業団地線, 西部工業団地線［産総研経由］, 西部工業団地線［向原経由］"
福原,福島交通（株）,"宝沢レイクタウン線［福原経由］, 富久山循環［福原先回り］, 富久山循環［南東北病院先回り］, 富久山循環［福原先回り/南東北医療クリニック経由］, 富久山循環［南東北病院先回り/南東北医療クリニック経由］"
郡山北警察署,福島交通（株）,"八山田循環, 八山田循環［並木先回り/南東北医療クリニック経由］"
下雨屋,会津乗合自動車（株）,"芦の牧循環線：旧道・竹田経由, 芦の牧循環線：旧道・病院経由, 芦の牧循環線：旧道先回り, 芦の牧循環線：新道先回り, 松長団地・芦の牧循環線"
下山田,福島交通（株）,"船引線, 三春線"
南東北医療クリニック,福島交通（株）,"フェスタ・本宮線［南東北病院・南東北医療クリニック経由］, 富久山循環［福原先回り/南東北医療クリニック経由］, フェスタ線［南東北病院・南東北医療クリニック経由］, 八山田循環［並木先回り/南東北医療クリニック経由］, 富久山循環［南東北病院先回り/南東北医療クリニック経由］"
曲田,福島交通（株）,"八山田循環, 八山田循環［並木先回り/南東北医療クリニック経由］"
小泉,福島交通（株）,"船引線, 三春線"
総合南東北病院,福島交通（株）,"フェスタ線［南東北病院経由］, 宝沢レイクタウン線［南東北病院経由］, 八山田循環, フェスタ・本宮線［南東北病院経由］, フェスタ・本宮線［南東北病院・南東北医療クリニック経由］, フェスタ・本宮線［南東北病院経由/直行便］, 富久山循環［福原先回り］, 富久山循環［南東北病院先回り］, 富久山循環［福原先回り/南東北医療クリニック経由］, フェスタ線［南東北病院・南東北医療クリニック経由］, 八山田循環［並木先回り/南東北医療クリニック経由］, 富久山循環［南東北病院先回り/南東北医療クリニック経由］"
向田,福島交通（株）,"船引線, 三春線"
月形局前,会津乗合自動車（株）,"上戸・熱海線, 上戸線"
玉梨八町温泉,会津乗合自動車（株）,大芦線
市営テニスコート,福島交通（株）,"百合ヶ丘線, 百合ヶ丘線［支援センター経由］"
富田小学校,福島交通（株）,"百合ヶ丘線［下富田経由］, 百合ヶ丘線, 百合ヶ丘線［支援センター経由］"
下向田,福島交通（株）,"船引線, 三春線"
水穴,福島交通（株）,"船引線, 三春線"
富久山寺ノ下,福島交通（株）,"宝沢レイクタウン線［福原経由］, 富久山循環［福原先回り］, 富久山循環［南東北病院先回り］, 富久山循環［福原先回り/南東北医療クリニック経由］, 富久山循環［南東北病院先回り/南東北医療クリニック経由］"
行人田,福島交通（株）,"百合ヶ丘線, 百合ヶ丘線［支援センター経由］"
土橋,福島交通（株）,"船引線, 三春線"
道の窪,福島交通（株）,"船引線, 三春線"
上舞木,福島交通（株）,"船引線, 三春線"
富田,福島交通（株）,"熱海線［玉川経由］, 西部工業団地線, 西部工業団地線［産総研経由］, 西部工業団地線［向原経由］"
横沢,会津乗合自動車（株）,"上戸・熱海線, 上戸線"
富田中学校,福島交通（株）,"百合ヶ丘線, 百合ヶ丘線［支援センター経由］"
下富田,福島交通（株）,百合ヶ丘線［下富田経由］
陣場,福島交通（株）,"船引線, 三春線"
大原,福島交通（株）,"フェスタ線［南東北病院経由］, 宝沢レイクタウン線［南東北病院経由］, 八山田循環, フェスタ・本宮線［南東北病院経由］, フェスタ・本宮線［南東北病院・南東北医療クリニック経由］, フェスタ・本宮線［南東北病院経由/直行便］, 富久山循環［福原先回り］, 富久山循環［南東北病院先回り］, 富久山循環［福原先回り/南東北医療クリニック経由］, フェスタ線［南東北病院・南東北医療クリニック経由］, 八山田循環［並木先回り/南東北医療クリニック経由］, 富久山循環［南東北病院先回り/南東北医療クリニック経由］"
富久山行政センター,福島交通（株）,"宝沢レイクタウン線［福原経由］, 富久山循環［福原先回り］, 富久山循環［南東北病院先回り］, 富久山循環［福原先回り/南東北医療クリニック経由］, 富久山循環［南東北病院先回り/南東北医療クリニック経由］"
舞木駅前,福島交通（株）,"船引線, 三春線"
山王林北,福島交通（株）,"八山田循環, 八山田循環［並木先回り/南東北医療クリニック経由］"
医療機器開発支援センター,福島交通（株）,百合ヶ丘線［支援センター経由］
舞木,福島交通（株）,"船引線, 三春線"
東中井,会津乗合自動車（株）,大芦線
山王林,福島交通（株）,"百合ヶ丘線, 百合ヶ丘線［支援センター経由］"
岩江橋,福島交通（株）,"船引線, 三春線"
秋山,会津乗合自動車（株）,"勝田内・大槻営業所線, 上戸・熱海線, 上戸線"
行健小学校,福島交通（株）,"宝沢レイクタウン線［福原経由］, 富久山循環［福原先回り］, 富久山循環［南東北病院先回り］, 富久山循環［福原先回り/南東北医療クリニック経由］, 富久山循環［南東北病院先回り/南東北医療クリニック経由］"
宮内（会津若松市）,会津乗合自動車（株）,"芦の牧循環線：旧道・竹田経由, 芦の牧循環線：旧道・病院経由, 芦の牧循環線：旧道先回り, 芦の牧循環線：新道先回り, 松長団地・芦の牧循環線"
中浜,会津乗合自動車（株）,"勝田内・大槻営業所線, 上戸・熱海線, 上戸線"
富田親水広場,福島交通（株）,"熱海線［玉川経由］, 西部工業団地線, 西部工業団地線［産総研経由］, 西部工業団地線［向原経由］"
町田,福島交通（株）,"百合ヶ丘線, 百合ヶ丘線［支援センター経由］"
阿久戸,福島交通（株）,百合ヶ丘線［下富田経由］
備前舘,福島交通（株）,"八山田循環, 八山田循環［並木先回り/南東北医療クリニック経由］"
稲川原,福島交通（株）,"百合ヶ丘線, 百合ヶ丘線［支援センター経由］"
日東前,福島交通（株）,"船引線, 三春線"
鈴木医院前,会津乗合自動車（株）,"湖南・郡山線, 勝田内・大槻営業所線, 上戸・熱海線, 上戸線"
前田,会津乗合自動車（株）,"勝田内・大槻営業所線, 上戸・熱海線, 上戸線"
上野,福島交通（株）,"フェスタ線［南東北病院経由］, 宝沢レイクタウン線［南東北病院経由］, 八山田循環, フェスタ・本宮線［南東北病院経由］, フェスタ・本宮線［南東北病院・南東北医療クリニック経由］, フェスタ・本宮線［南東北病院経由/直行便］, 富久山循環［福原先回り］, 富久山循環［南東北病院先回り］, 富久山循環［福原先回り/南東北医療クリニック経由］, フェスタ線［南東北病院・南東北医療クリニック経由］, 八山田循環［並木先回り/南東北医療クリニック経由］, 富久山循環［南東北病院先回り/南東北医療クリニック経由］"
上雨屋,会津乗合自動車（株）,"芦の牧循環線：旧道・竹田経由, 芦の牧循環線：旧道・病院経由, 芦の牧循環線：旧道先回り, 芦の牧循環線：新道先回り, 松長団地・芦の牧循環線"
高坂［旧道］,会津乗合自動車（株）,"河東・湊線：竹田経由, 河東・湊線：米代経由"
大島,福島交通（株）,百合ヶ丘線［下富田経由］
第六中学校,福島交通（株）,"熱海線［玉川経由］, 西部工業団地線, 西部工業団地線［産総研経由］, 西部工業団地線［向原経由］"
湖南民俗館前,会津乗合自動車（株）,"湖南・郡山線, 勝田内・大槻営業所線, 上戸・熱海線, 上戸線"
上中井,会津乗合自動車（株）,大芦線
三春街道入口,福島交通（株）,"船引線, 三春線"
蟻塚,福島交通（株）,"希望ヶ丘・うねめ団地線［堤経由］, 希望ヶ丘・うねめ団地線［西ノ内経由］"
日東紡テクノ,福島交通（株）,"船引線, 三春線"
富久山,福島交通（株）,"宝沢レイクタウン線［福原経由］, 富久山循環［福原先回り］, 富久山循環［南東北病院先回り］, 富久山循環［福原先回り/南東北医療クリニック経由］, 富久山循環［南東北病院先回り/南東北医療クリニック経由］"
久保田変電所,福島交通（株）,"百合ヶ丘線, 百合ヶ丘線［支援センター経由］"
並木五丁目,福島交通（株）,百合ヶ丘線［下富田経由］
並木,福島交通（株）,"百合ヶ丘線［下富田経由］, 八山田循環, 八山田循環［並木先回り/南東北医療クリニック経由］"
堂島屋前,会津乗合自動車（株）,"芦の牧循環線：旧道・竹田経由, 芦の牧循環線：旧道・病院経由, 芦の牧循環線：旧道先回り, 芦の牧循環線：新道先回り, 松長団地・芦の牧循環線"
うねめ団地,福島交通（株）,"希望ヶ丘・うねめ団地線［堤経由］, 希望ヶ丘・うねめ団地線［西ノ内経由］"
金堀田,福島交通（株）,"船引線, 三春線, フェスタ線［南東北病院経由］, 宝沢レイクタウン線［南東北病院経由］, 八山田循環, フェスタ・本宮線［南東北病院経由］, フェスタ・本宮線［南東北病院・南東北医療クリニック経由］, フェスタ・本宮線［南東北病院経由/直行便］, 富久山循環［福原先回り］, 富久山循環［南東北病院先回り］, 富久山循環［福原先回り/南東北医療クリニック経由］, フェスタ線［南東北病院・南東北医療クリニック経由］, 八山田循環［並木先回り/南東北医療クリニック経由］, 富久山循環［南東北病院先回り/南東北医療クリニック経由］"
舟津公園入口,会津乗合自動車（株）,"湖南・郡山線, 勝田内・大槻営業所線, 上戸・熱海線, 上戸線"
下亀田,福島交通（株）,"熱海線［玉川経由］, 西部工業団地線, 西部工業団地線［産総研経由］, 西部工業団地線［向原経由］"
勝田内,会津乗合自動車（株）,"勝田内・大槻営業所線, 上戸・熱海線, 上戸線"
久保田,福島交通（株）,"宝沢レイクタウン線［福原経由］, 富久山循環［福原先回り］, 富久山循環［南東北病院先回り］, 富久山循環［福原先回り/南東北医療クリニック経由］, 富久山循環［南東北病院先回り/南東北医療クリニック経由］"
希望ヶ丘,福島交通（株）,"希望ヶ丘・うねめ団地線［堤経由］, 希望ヶ丘・うねめ団地線［西ノ内経由］, 希望ヶ丘線［市役所経由］"
希望ヶ丘,会津乗合自動車（株）,湖南・郡山線
舟津大林前,会津乗合自動車（株）,"湖南・郡山線, 勝田内・大槻営業所線, 上戸・熱海線, 上戸線"
大野駅前,新常磐交通（株）,富岡〜大熊〜双葉〜浪江〜FH2R
郷花,福島交通（株）,あぶくま台団地線
下方,会津乗合自動車（株）,大芦線
太田西ノ内病院前,福島交通（株）,"希望ヶ丘・うねめ団地線［西ノ内経由］, 大槻線［西ノ内経由］, コスモス循環, あすなろ循環, 西ノ内・安積線"
乙高,福島交通（株）,"百合ヶ丘線, 百合ヶ丘線［支援センター経由］"
西ノ内二丁目,福島交通（株）,"希望ヶ丘・うねめ団地線［西ノ内経由］, 大槻線［西ノ内経由］, コスモス循環, あすなろ循環, 西ノ内・安積線"
第五中学校,福島交通（株）,"希望ヶ丘・うねめ団地線［西ノ内経由］, 大槻線［西ノ内経由］, コスモス循環, あすなろ循環"
西ノ内一丁目,福島交通（株）,"希望ヶ丘・うねめ団地線［西ノ内経由］, 大槻線［西ノ内経由］, コスモス循環, あすなろ循環"
希望ヶ丘入口,福島交通（株）,"希望ヶ丘・うねめ団地線［西ノ内経由］, 大槻線［西ノ内経由］, 希望ヶ丘線［市役所経由］, 大槻線［市役所経由］, 新池下団地線［市役所経由］, コスモス循環, あすなろ循環, 大槻・尚志高校線［市役所経由］"
朝日三丁目,福島交通（株）,"希望ヶ丘・うねめ団地線［西ノ内経由］, 大槻線［西ノ内経由］, コスモス循環, あすなろ循環"
郡山ビッグハート,福島交通（株）,"希望ヶ丘・うねめ団地線［西ノ内経由］, 大槻線［西ノ内経由］, 希望ヶ丘線［市役所経由］, 大槻線［市役所経由］, 新池下団地線［市役所経由］, コスモス循環, あすなろ循環, 大槻・尚志高校線［市役所経由］"
大徳南,福島交通（株）,"大槻線［西ノ内経由］, 大槻線［市役所経由］, 新池下団地線［市役所経由］, 大槻・尚志高校線［市役所経由］"
福島放送前,福島交通（株）,"希望ヶ丘・うねめ団地線［西ノ内経由］, 大槻線［西ノ内経由］, コスモス循環, 西部工業団地線, あすなろ循環, 西部工業団地線［産総研経由］, 西部工業団地線［向原経由］"
桑野四丁目,福島交通（株）,"希望ヶ丘・うねめ団地線［西ノ内経由］, 大槻線［西ノ内経由］, コスモス循環, 西部工業団地線, あすなろ循環, 西部工業団地線［産総研経由］, 西部工業団地線［向原経由］"
太田西ノ内病院入口,福島交通（株）,"百合ヶ丘線［下富田経由］, 八山田循環, 西ノ内・安積線, 八山田循環［並木先回り/南東北医療クリニック経由］"
太郎殿,福島交通（株）,あぶくま台団地線
赤津,会津乗合自動車（株）,"勝田内・大槻営業所線, 上戸・熱海線, 上戸線"
高森,福島交通（株）,"大槻線［西ノ内経由］, 大槻線［市役所経由］, 新池下団地線［市役所経由］, 大槻・尚志高校線［市役所経由］"
咲田二丁目,福島交通（株）,"希望ヶ丘・うねめ団地線［西ノ内経由］, 大槻線［西ノ内経由］, コスモス循環, あすなろ循環"
阿久津,福島交通（株）,あぶくま台団地線
赤木小学校,福島交通（株）,"希望ヶ丘・うねめ団地線［西ノ内経由］, 大槻線［西ノ内経由］, コスモス循環, あすなろ循環"
郡山市保健所,福島交通（株）,西ノ内・安積線
桑野三丁目,福島交通（株）,"熱海線［玉川経由］, 希望ヶ丘線［市役所経由］, 大槻線［市役所経由］, 新池下団地線［市役所経由］, 大槻・尚志高校線［市役所経由］"
梅田,福島交通（株）,"宝沢レイクタウン線［福原経由］, 富久山循環［福原先回り］, 富久山循環［南東北病院先回り］, 富久山循環［福原先回り/南東北医療クリニック経由］, 富久山循環［南東北病院先回り/南東北医療クリニック経由］"
川上,会津乗合自動車（株）,大芦線
大町二丁目,福島交通（株）,"船引線, 三春線, 希望ヶ丘・うねめ団地線［西ノ内経由］, 大槻線［西ノ内経由］, 百合ヶ丘線, フェスタ線［南東北病院経由］, コスモス循環, あすなろ循環, 宝沢レイクタウン線［南東北病院経由］, 八山田循環, 宝沢レイクタウン線［福原経由］, フェスタ・本宮線［南東北病院経由］, フェスタ・本宮線［南東北病院・南東北医療クリニック経由］, フェスタ・本宮線［南東北病院経由/直行便］, 百合ヶ丘線［支援センター経由］, 富久山循環［福原先回り］, 富久山循環［南東北病院先回り］, 富久山循環［福原先回り/南東北医療クリニック経由］, フェスタ線［南東北病院・南東北医療クリニック経由］, 八山田循環［並木先回り/南東北医療クリニック経由］, 富久山循環［南東北病院先回り/南東北医療クリニック経由］"
小山田団地,福島交通（株）,"希望ヶ丘・うねめ団地線［堤経由］, コスモス循環, あすなろ循環"
郡山郵便局,福島交通（株）,"西部工業団地線, 西ノ内・安積線, 西部工業団地線［産総研経由］, 西部工業団地線［向原経由］"
朝日二丁目,福島交通（株）,"百合ヶ丘線［下富田経由］, 八山田循環, 八山田循環［並木先回り/南東北医療クリニック経由］"
赤津簡易郵便局前,会津乗合自動車（株）,"勝田内・大槻営業所線, 上戸・熱海線, 上戸線"
向河原町,福島交通（株）,"あぶくま台団地線, まちなか循環［南回り］, 星総合病院線"
赤津仲町,会津乗合自動車（株）,"勝田内・大槻営業所線, 上戸・熱海線, 上戸線"
土瓜,福島交通（株）,"大槻線［西ノ内経由］, 大槻線［市役所経由］, 新池下団地線［市役所経由］, 大槻・尚志高校線［市役所経由］"
大町,福島交通（株）,"あぶくま台団地線, まちなか循環［南回り］, 星総合病院線"
小櫃,会津乗合自動車（株）,"湖南・郡山線, 勝田内・大槻営業所線, 上戸・熱海線, 上戸線"
郡山高校,福島交通（株）,"希望ヶ丘・うねめ団地線［堤経由］, コスモス循環, あすなろ循環"
東芳小学校,福島交通（株）,あぶくま台団地線
大重,福島交通（株）,"宝沢レイクタウン線［福原経由］, 富久山循環［南東北病院先回り］, 富久山循環［南東北病院先回り/南東北医療クリニック経由］"
朝日一丁目,福島交通（株）,"百合ヶ丘線［下富田経由］, 八山田循環, 八山田循環［並木先回り/南東北医療クリニック経由］"
桑野二丁目,福島交通（株）,"熱海線［玉川経由］, 希望ヶ丘線［市役所経由］, 大槻線［市役所経由］, 新池下団地線［市役所経由］, 大槻・尚志高校線［市役所経由］"
星総合病院,福島交通（株）,"まちなか循環［方八町回り］, まちなか循環［南回り］, まちなか循環［北回り］, まちなか循環［方八町・イオンタウン回り］, 星総合病院線"
赤津南町,会津乗合自動車（株）,"勝田内・大槻営業所線, 上戸・熱海線, 上戸線"
南原,会津乗合自動車（株）,"芦の牧循環線：旧道・竹田経由, 芦の牧循環線：旧道・病院経由, 芦の牧循環線：旧道先回り, 芦の牧循環線：新道先回り, 松長団地・芦の牧循環線"
福楽沢,福島交通（株）,"大槻線［西ノ内経由］, 新池下団地線［市役所経由］"
総合福祉センター,福島交通（株）,"西部工業団地線, 西ノ内・安積線, 西部工業団地線［産総研経由］, 西部工業団地線［向原経由］"
赤木町,福島交通（株）,"船引線, 三春線, 希望ヶ丘・うねめ団地線［西ノ内経由］, 大槻線［西ノ内経由］, 百合ヶ丘線, フェスタ線［南東北病院経由］, コスモス循環, あすなろ循環, 宝沢レイクタウン線［南東北病院経由］, 八山田循環, 宝沢レイクタウン線［福原経由］, フェスタ・本宮線［南東北病院経由］, フェスタ・本宮線［南東北病院・南東北医療クリニック経由］, フェスタ・本宮線［南東北病院経由/直行便］, 百合ヶ丘線［支援センター経由］, 富久山循環［福原先回り］, 富久山循環［南東北病院先回り］, 富久山循環［福原先回り/南東北医療クリニック経由］, フェスタ線［南東北病院・南東北医療クリニック経由］, 八山田循環［並木先回り/南東北医療クリニック経由］, 富久山循環［南東北病院先回り/南東北医療クリニック経由］"
蝦夷坦,福島交通（株）,大槻線［西ノ内経由］
三渡神社前,福島交通（株）,あぶくま台団地線
中ノ平東,福島交通（株）,"大槻線［西ノ内経由］, 新池下団地線［市役所経由］"
郡山大町,福島交通（株）,"宝沢レイクタウン線［福原経由］, 富久山循環［南東北病院先回り］, 富久山循環［南東北病院先回り/南東北医療クリニック経由］"
郡山ザベリオ学園,福島交通（株）,大槻線［西ノ内経由］
横塚二丁目,福島交通（株）,"東部ニュータウン線［美術館経由］, 東部タウンまわり線［美術館経由］"
小金林,福島交通（株）,"希望ヶ丘・うねめ団地線［堤経由］, コスモス循環, あすなろ循環"
合子入口,福島交通（株）,川内線
宮の後,福島交通（株）,あぶくま台団地線
郡山市役所,福島交通（株）,"熱海線［玉川経由］, 希望ヶ丘・うねめ団地線［堤経由］, 静団地線［市役所経由］, 希望ヶ丘線［市役所経由］, 大槻線［市役所経由］, 新池下団地線［市役所経由］, 運転免許センター線［市役所経由］, 西部工業団地線, あすなろ循環, 西ノ内・安積線, 西部工業団地線［産総研経由］, 西部工業団地線［向原経由］, 大槻・尚志高校線［市役所経由］"
清水台二丁目,福島交通（株）,"船引線, 三春線, 希望ヶ丘・うねめ団地線［西ノ内経由］, 大槻線［西ノ内経由］, 百合ヶ丘線, フェスタ線［南東北病院経由］, コスモス循環, あすなろ循環, 宝沢レイクタウン線［南東北病院経由］, 八山田循環, 宝沢レイクタウン線［福原経由］, フェスタ・本宮線［南東北病院経由］, フェスタ・本宮線［南東北病院・南東北医療クリニック経由］, フェスタ・本宮線［南東北病院経由/直行便］, 百合ヶ丘線［支援センター経由］, 富久山循環［福原先回り］, 富久山循環［南東北病院先回り］, 富久山循環［福原先回り/南東北医療クリニック経由］, フェスタ線［南東北病院・南東北医療クリニック経由］, 八山田循環［並木先回り/南東北医療クリニック経由］, 富久山循環［南東北病院先回り/南東北医療クリニック経由］"
郡山駅前,福島交通（株）,"船引線, 三春線, 熱海線［玉川経由］, 希望ヶ丘・うねめ団地線［堤経由］, 希望ヶ丘・うねめ団地線［西ノ内経由］, 大槻線［西ノ内経由］, あぶくま台団地線, 百合ヶ丘線［下富田経由］, 百合ヶ丘線, 須賀川線［並木町経由］, 清陵情報高校線, 安積団地線, 蓬田線, 日本大学線, 須賀川線［旧道経由］, 小野線, まちなか循環［方八町回り］, 静団地線［市役所経由］, 希望ヶ丘線［市役所経由］, 大槻線［市役所経由］, 大槻線［麓山経由］, 静団地線［池ノ台経由］, 新池下団地線［市役所経由］, 柴宮団地線［栄町経由］, 運転免許センター線［市役所経由］, 郡山運転免許センター線［山根経由］, 鎗ヶ池団地線, さくら循環［虎丸回り］, さくら循環［山根回り］, 蒲倉線, 向陽台団地線［笹川経由］, 南タウン線, 南タウン循環線, 向陽台団地線［南タウン経由］, フェスタ線［南東北病院経由］, 東山霊園線, コスモス循環, 東部ニュータウン線［方八町経由］, 東部ニュータウン線［美術館経由］, 東部タウンまわり線［方八町経由］, 東部タウンまわり線［美術館経由］, 西部工業団地線, カルチャーパーク線, あすなろ循環, 宝沢レイクタウン線［南東北病院経由］, 八山田循環, まちなか循環［南回り］, 宝沢レイクタウン線［福原経由］, フェスタ・本宮線［南東北病院経由］, フェスタ・本宮線［南東北病院・南東北医療クリニック経由］, フェスタ・本宮線［南東北病院経由/直行便］, まちなか循環［北回り］, まちなか循環［方八町・イオンタウン回り］, 星総合病院線, 西部工業団地線［産総研経由］, 西部工業団地線［向原経由］, 百合ヶ丘線［支援センター経由］, 大槻・尚志高校線［市役所経由］, 大槻・尚志高校線［麓山経由］, 富久山循環［福原先回り］, 富久山循環［南東北病院先回り］, 富久山循環［福原先回り/南東北医療クリニック経由］, フェスタ線［南東北病院・南東北医療クリニック経由］, 八山田循環［並木先回り/南東北医療クリニック経由］, 富久山循環［南東北病院先回り/南東北医療クリニック経由］"
一本松,福島交通（株）,"熱海線［玉川経由］, 希望ヶ丘・うねめ団地線［堤経由］, 百合ヶ丘線［下富田経由］, 静団地線［市役所経由］, 希望ヶ丘線［市役所経由］, 大槻線［市役所経由］, 新池下団地線［市役所経由］, 運転免許センター線［市役所経由］, さくら循環［虎丸回り］, さくら循環［山根回り］, 西部工業団地線, あすなろ循環, 八山田循環, 西ノ内・安積線, 西部工業団地線［産総研経由］, 西部工業団地線［向原経由］, 大槻・尚志高校線［市役所経由］, 八山田循環［並木先回り/南東北医療クリニック経由］"
安積黎明高校,福島交通（株）,"熱海線［玉川経由］, 希望ヶ丘・うねめ団地線［堤経由］, 百合ヶ丘線［下富田経由］, 静団地線［市役所経由］, 希望ヶ丘線［市役所経由］, 大槻線［市役所経由］, 新池下団地線［市役所経由］, 運転免許センター線［市役所経由］, さくら循環［虎丸回り］, さくら循環［山根回り］, 西部工業団地線, あすなろ循環, 八山田循環, 西ノ内・安積線, 西部工業団地線［産総研経由］, 西部工業団地線［向原経由］, 大槻・尚志高校線［市役所経由］, 八山田循環［並木先回り/南東北医療クリニック経由］"
第二中学校,福島交通（株）,"熱海線［玉川経由］, 希望ヶ丘・うねめ団地線［堤経由］, 百合ヶ丘線［下富田経由］, 静団地線［市役所経由］, 希望ヶ丘線［市役所経由］, 大槻線［市役所経由］, 新池下団地線［市役所経由］, 運転免許センター線［市役所経由］, さくら循環［虎丸回り］, さくら循環［山根回り］, 西部工業団地線, あすなろ循環, 八山田循環, 西部工業団地線［産総研経由］, 西部工業団地線［向原経由］, 大槻・尚志高校線［市役所経由］, 八山田循環［並木先回り/南東北医療クリニック経由］"
清水台,福島交通（株）,"熱海線［玉川経由］, 希望ヶ丘・うねめ団地線［堤経由］, 百合ヶ丘線［下富田経由］, 静団地線［市役所経由］, 希望ヶ丘線［市役所経由］, 大槻線［市役所経由］, 大槻線［麓山経由］, 新池下団地線［市役所経由］, 運転免許センター線［市役所経由］, さくら循環［虎丸回り］, さくら循環［山根回り］, 西部工業団地線, あすなろ循環, 八山田循環, 西部工業団地線［産総研経由］, 西部工業団地線［向原経由］, 大槻・尚志高校線［市役所経由］, 大槻・尚志高校線［麓山経由］, 八山田循環［並木先回り/南東北医療クリニック経由］"
虎丸,福島交通（株）,"熱海線［玉川経由］, 希望ヶ丘・うねめ団地線［堤経由］, 百合ヶ丘線［下富田経由］, 静団地線［市役所経由］, 希望ヶ丘線［市役所経由］, 大槻線［市役所経由］, 大槻線［麓山経由］, 新池下団地線［市役所経由］, 運転免許センター線［市役所経由］, さくら循環［虎丸回り］, さくら循環［山根回り］, 西部工業団地線, あすなろ循環, 八山田循環, 西部工業団地線［産総研経由］, 西部工業団地線［向原経由］, 大槻・尚志高校線［市役所経由］, 大槻・尚志高校線［麓山経由］, 八山田循環［並木先回り/南東北医療クリニック経由］"
丸金前,会津乗合自動車（株）,"湖南・郡山線, 勝田内・大槻営業所線, 上戸・熱海線, 上戸線"
郡山女子大学,福島交通（株）,"熱海線［玉川経由］, 希望ヶ丘・うねめ団地線［堤経由］, 静団地線［市役所経由］, 希望ヶ丘線［市役所経由］, 大槻線［市役所経由］, 新池下団地線［市役所経由］, 運転免許センター線［市役所経由］, あすなろ循環, 大槻・尚志高校線［市役所経由］"
谷島町,福島交通（株）,"まちなか循環［方八町回り］, まちなか循環［南回り］, まちなか循環［北回り］, まちなか循環［方八町・イオンタウン回り］"
自衛隊,福島交通（株）,"大槻線［市役所経由］, 新池下団地線［市役所経由］, 大槻・尚志高校線［市役所経由］"
堤,福島交通（株）,"希望ヶ丘・うねめ団地線［堤経由］, あすなろ循環"
島東,福島交通（株）,"希望ヶ丘・うねめ団地線［堤経由］, あすなろ循環"
大戸支所前,会津乗合自動車（株）,"芦の牧循環線：旧道・竹田経由, 芦の牧循環線：旧道・病院経由, 芦の牧循環線：旧道先回り, 芦の牧循環線：新道先回り, 松長団地・芦の牧循環線"
堤東,福島交通（株）,"希望ヶ丘・うねめ団地線［堤経由］, あすなろ循環"
赤津小枝町,会津乗合自動車（株）,"勝田内・大槻営業所線, 上戸・熱海線, 上戸線"
横塚二丁目東,福島交通（株）,"東部ニュータウン線［美術館経由］, 東部タウンまわり線［美術館経由］"
中央大町,福島交通（株）,"船引線, 三春線, 熱海線［玉川経由］, 希望ヶ丘・うねめ団地線［堤経由］, 希望ヶ丘・うねめ団地線［西ノ内経由］, 大槻線［西ノ内経由］, 百合ヶ丘線［下富田経由］, 百合ヶ丘線, 須賀川線［並木町経由］, 清陵情報高校線, 安積団地線, 静団地線［市役所経由］, 希望ヶ丘線［市役所経由］, 大槻線［市役所経由］, 大槻線［麓山経由］, 静団地線［池ノ台経由］, 新池下団地線［市役所経由］, 柴宮団地線［栄町経由］, 運転免許センター線［市役所経由］, 郡山運転免許センター線［山根経由］, 鎗ヶ池団地線, さくら循環［虎丸回り］, さくら循環［山根回り］, 向陽台団地線［笹川経由］, 南タウン線, 南タウン循環線, 向陽台団地線［南タウン経由］, フェスタ線［南東北病院経由］, コスモス循環, 西部工業団地線, カルチャーパーク線, あすなろ循環, 宝沢レイクタウン線［南東北病院経由］, 八山田循環, 宝沢レイクタウン線［福原経由］, フェスタ・本宮線［南東北病院経由］, フェスタ・本宮線［南東北病院・南東北医療クリニック経由］, フェスタ・本宮線［南東北病院経由/直行便］, 西部工業団地線［産総研経由］, 西部工業団地線［向原経由］, 百合ヶ丘線［支援センター経由］, 大槻・尚志高校線［市役所経由］, 大槻・尚志高校線［麓山経由］, 富久山循環［福原先回り］, 富久山循環［南東北病院先回り］, 富久山循環［福原先回り/南東北医療クリニック経由］, フェスタ線［南東北病院・南東北医療クリニック経由］, 八山田循環［並木先回り/南東北医療クリニック経由］, 富久山循環［南東北病院先回り/南東北医療クリニック経由］"
島西,福島交通（株）,"希望ヶ丘・うねめ団地線［堤経由］, あすなろ循環"
桑野協立病院,福島交通（株）,"希望ヶ丘・うねめ団地線［堤経由］, あすなろ循環"
新池下団地,福島交通（株）,"大槻線［西ノ内経由］, 新池下団地線［市役所経由］"
大沢（郡山市）,会津乗合自動車（株）,"湖南・郡山線, 勝田内・大槻営業所線"
ザ・モール郡山,福島交通（株）,西ノ内・安積線
堤二丁目,福島交通（株）,コスモス循環
中野亀の湯前,会津乗合自動車（株）,"湖南・郡山線, 勝田内・大槻営業所線, 上戸・熱海線, 上戸線"
あぶくま台団地,福島交通（株）,あぶくま台団地線
うすい入口,福島交通（株）,"須賀川線［並木町経由］, 清陵情報高校線, 安積団地線, 静団地線［池ノ台経由］, 柴宮団地線［栄町経由］, 郡山運転免許センター線［山根経由］, 鎗ヶ池団地線, さくら循環［虎丸回り］, 向陽台団地線［笹川経由］, 南タウン線, 南タウン循環線, 向陽台団地線［南タウン経由］, コスモス循環, カルチャーパーク線"
北畑,福島交通（株）,"東部ニュータウン線［美術館経由］, 東部タウンまわり線［美術館経由］"
総合体育館前,福島交通（株）,"さくら循環［虎丸回り］, さくら循環［山根回り］"
ペップキッズ前,福島交通（株）,"まちなか循環［方八町回り］, まちなか循環［北回り］, まちなか循環［方八町・イオンタウン回り］"
西の宮,福島交通（株）,"大槻線［市役所経由］, 新池下団地線［市役所経由］, 大槻・尚志高校線［市役所経由］"
開成山,福島交通（株）,"静団地線［市役所経由］, 運転免許センター線［市役所経由］"
郡山駅前一丁目,福島交通（株）,"蓬田線, 日本大学線, 須賀川線［旧道経由］, 小野線, まちなか循環［方八町回り］, 大槻線［麓山経由］, さくら循環［山根回り］, 蒲倉線, 東山霊園線, 東部ニュータウン線［方八町経由］, 東部タウンまわり線［方八町経由］, まちなか循環［南回り］, まちなか循環［北回り］, まちなか循環［方八町・イオンタウン回り］, 大槻・尚志高校線［麓山経由］"
県合同庁舎,福島交通（株）,"大槻線［麓山経由］, 大槻・尚志高校線［麓山経由］"
多田野小学校,会津乗合自動車（株）,"湖南・郡山線, 勝田内・大槻営業所線"
中野三森別,会津乗合自動車（株）,"湖南・郡山線, 勝田内・大槻営業所線, 上戸・熱海線, 上戸線"
疏水事務所,福島交通（株）,"大槻線［麓山経由］, 大槻・尚志高校線［麓山経由］"
開成山プール,福島交通（株）,"大槻線［麓山経由］, 大槻・尚志高校線［麓山経由］"
新池下,会津乗合自動車（株）,"湖南・郡山線, 勝田内・大槻営業所線"
夕陽ヶ丘,福島交通（株）,"大槻線［麓山経由］, 大槻・尚志高校線［麓山経由］"
金透小学校,福島交通（株）,"大槻線［麓山経由］, 大槻・尚志高校線［麓山経由］"
郡山市上下水道局,福島交通（株）,"大槻線［麓山経由］, 大槻・尚志高校線［麓山経由］"
麓山二丁目,福島交通（株）,"大槻線［麓山経由］, 大槻・尚志高校線［麓山経由］"
麓山一丁目,福島交通（株）,"大槻線［麓山経由］, 大槻・尚志高校線［麓山経由］"
横塚五丁目,福島交通（株）,"東部ニュータウン線［美術館経由］, 東部タウンまわり線［美術館経由］"
郡山駅東口,福島交通（株）,"まちなか循環［南回り］, まちなか循環［北回り］"
裁判所前,福島交通（株）,"大槻線［麓山経由］, 大槻・尚志高校線［麓山経由］"
上三寄,会津乗合自動車（株）,"芦の牧循環線：旧道・竹田経由, 芦の牧循環線：旧道・病院経由, 芦の牧循環線：旧道先回り, 芦の牧循環線：新道先回り, 松長団地・芦の牧循環線"
保土谷,福島交通（株）,"まちなか循環［南回り］, まちなか循環［北回り］"
本町うすい入口,福島交通（株）,"大槻線［麓山経由］, さくら循環［山根回り］, 大槻・尚志高校線［麓山経由］"
如宝寺,福島交通（株）,"大槻線［麓山経由］, 大槻・尚志高校線［麓山経由］"
開成館,福島交通（株）,"静団地線［市役所経由］, 大槻線［麓山経由］, 運転免許センター線［市役所経由］, 大槻・尚志高校線［麓山経由］"
鴻の巣,福島交通（株）,"まちなか循環［南回り］, まちなか循環［北回り］"
大槻中学校,福島交通（株）,"大槻線［西ノ内経由］, 大槻線［市役所経由］, 新池下団地線［市役所経由］, 大槻・尚志高校線［市役所経由］"
鳴神,福島交通（株）,コスモス循環
鶴見坦一丁目,福島交通（株）,"さくら循環［虎丸回り］, さくら循環［山根回り］"
地蔵山前,会津乗合自動車（株）,"勝田内・大槻営業所線, 上戸・熱海線, 上戸線"
春日前,福島交通（株）,川内線
鴻の巣公園前,福島交通（株）,"まちなか循環［南回り］, まちなか循環［北回り］"
横塚一丁目,福島交通（株）,"まちなか循環［方八町回り］, まちなか循環［方八町・イオンタウン回り］"
安原橋,福島交通（株）,"東部ニュータウン線［美術館経由］, 東部タウンまわり線［美術館経由］"
郡山公会堂,福島交通（株）,西ノ内・安積線
福良古町,会津乗合自動車（株）,"勝田内・大槻営業所線, 上戸・熱海線, 上戸線"
中野局前,会津乗合自動車（株）,"湖南・郡山線, 勝田内・大槻営業所線, 上戸・熱海線, 上戸線"
池ノ台,福島交通（株）,"静団地線［池ノ台経由］, 鎗ヶ池団地線, コスモス循環"
郡山市美術館,福島交通（株）,"東部ニュータウン線［美術館経由］, 東部タウンまわり線［美術館経由］"
山田原入口,会津乗合自動車（株）,"湖南・郡山線, 勝田内・大槻営業所線"
酒蓋,福島交通（株）,"静団地線［池ノ台経由］, 鎗ヶ池団地線, コスモス循環"
郡山中央図書館,福島交通（株）,"静団地線［池ノ台経由］, 鎗ヶ池団地線, コスモス循環"
横塚,福島交通（株）,"まちなか循環［方八町回り］, まちなか循環［方八町・イオンタウン回り］"
鶴見坦,福島交通（株）,"静団地線［池ノ台経由］, 鎗ヶ池団地線, コスモス循環"
堂前町,福島交通（株）,"須賀川線［並木町経由］, 清陵情報高校線, 安積団地線, 静団地線［池ノ台経由］, 柴宮団地線［栄町経由］, 郡山運転免許センター線［山根経由］, 鎗ヶ池団地線, さくら循環［虎丸回り］, さくら循環［山根回り］, 向陽台団地線［笹川経由］, 南タウン線, 南タウン循環線, 向陽台団地線［南タウン経由］, コスモス循環, カルチャーパーク線"
大戸小学校前,会津乗合自動車（株）,"芦の牧循環線：旧道・竹田経由, 芦の牧循環線：旧道・病院経由, 芦の牧循環線：旧道先回り, 芦の牧循環線：新道先回り, 松長団地・芦の牧循環線"
本町一丁目東,福島交通（株）,"蓬田線, 須賀川線［旧道経由］, 東山霊園線"
福良大阪屋前,会津乗合自動車（株）,"勝田内・大槻営業所線, 上戸・熱海線, 上戸線"
市民文化センター,福島交通（株）,"静団地線［池ノ台経由］, 鎗ヶ池団地線, コスモス循環"
鶴見坦三丁目,福島交通（株）,"静団地線［池ノ台経由］, コスモス循環"
方八町一丁目,福島交通（株）,"日本大学線, 小野線, まちなか循環［方八町回り］, 蒲倉線, 東部ニュータウン線［方八町経由］, 東部タウンまわり線［方八町経由］, まちなか循環［南回り］, まちなか循環［北回り］, まちなか循環［方八町・イオンタウン回り］"
開成二丁目,福島交通（株）,"静団地線［池ノ台経由］, コスモス循環"
白石,会津乗合自動車（株）,"湖南・郡山線, 勝田内・大槻営業所線"
開成五丁目,福島交通（株）,"静団地線［市役所経由］, 大槻線［麓山経由］, 静団地線［池ノ台経由］, コスモス循環, 大槻・尚志高校線［麓山経由］"
鶴見坦交差点,福島交通（株）,"鎗ヶ池団地線, さくら循環［虎丸回り］, さくら循環［山根回り］"
福良荒町,会津乗合自動車（株）,"勝田内・大槻営業所線, 上戸・熱海線, 上戸線"
安積高校,福島交通（株）,"静団地線［市役所経由］, 大槻線［麓山経由］, 静団地線［池ノ台経由］, コスモス循環, 大槻・尚志高校線［麓山経由］"
静団地入口,福島交通（株）,"静団地線［市役所経由］, 大槻線［麓山経由］, 静団地線［池ノ台経由］, コスモス循環, 大槻・尚志高校線［麓山経由］"
本町一丁目,福島交通（株）,"蓬田線, 須賀川線［旧道経由］, 東山霊園線"
蒲倉,福島交通（株）,蒲倉線
休石,会津乗合自動車（株）,勝田内・大槻営業所線
広表,福島交通（株）,"東部ニュータウン線［美術館経由］, 東部タウンまわり線［美術館経由］"
坂下屋前,会津乗合自動車（株）,"芦の牧循環線：旧道・竹田経由, 芦の牧循環線：旧道・病院経由, 芦の牧循環線：旧道先回り, 芦の牧循環線：新道先回り, 松長団地・芦の牧循環線"
台新東,福島交通（株）,"静団地線［市役所経由］, 大槻線［麓山経由］, 静団地線［池ノ台経由］, コスモス循環, 大槻・尚志高校線［麓山経由］"
山田原,会津乗合自動車（株）,"湖南・郡山線, 勝田内・大槻営業所線"
大成小学校入口,福島交通（株）,"静団地線［市役所経由］, 大槻線［麓山経由］, 静団地線［池ノ台経由］, コスモス循環, 大槻・尚志高校線［麓山経由］"
荒池,福島交通（株）,西ノ内・安積線
台新,福島交通（株）,"静団地線［市役所経由］, 大槻線［麓山経由］, 静団地線［池ノ台経由］, コスモス循環, 大槻・尚志高校線［麓山経由］"
鶴見坦公園入口,福島交通（株）,運転免許センター線［市役所経由］
横塚六丁目,福島交通（株）,"まちなか循環［方八町回り］, まちなか循環［方八町・イオンタウン回り］"
第一中学校,福島交通（株）,"鎗ヶ池団地線, さくら循環［虎丸回り］, さくら循環［山根回り］"
いわき平競輪郡山場外,福島交通（株）,"まちなか循環［南回り］, まちなか循環［北回り］, まちなか循環［方八町・イオンタウン回り］"
方八町二丁目,福島交通（株）,"日本大学線, 小野線, まちなか循環［方八町回り］, 蒲倉線, 東部ニュータウン線［方八町経由］, 東部タウンまわり線［方八町経由］, まちなか循環［方八町・イオンタウン回り］"
谷地,福島交通（株）,"静団地線［市役所経由］, 静団地線［池ノ台経由］, コスモス循環"
堤下町,福島交通（株）,"須賀川線［並木町経由］, 清陵情報高校線, 安積団地線, 蓬田線, 須賀川線［旧道経由］, 柴宮団地線［栄町経由］, 郡山運転免許センター線［山根経由］, さくら循環［虎丸回り］, さくら循環［山根回り］, 向陽台団地線［笹川経由］, 南タウン線, 南タウン循環線, 向陽台団地線［南タウン経由］, 東山霊園線, カルチャーパーク線"
中野,福島交通（株）,"大槻線［麓山経由］, 大槻・尚志高校線［麓山経由］"
湖南高校前,会津乗合自動車（株）,"湖南・郡山線, 勝田内・大槻営業所線, 上戸・熱海線, 上戸線"
荒井,福島交通（株）,蒲倉線
宮の前,福島交通（株）,蒲倉線
大槻殿町,福島交通（株）,"大槻線［西ノ内経由］, 大槻線［市役所経由］, 大槻・尚志高校線［市役所経由］"
深沢,福島交通（株）,西ノ内・安積線
大槻スポーツ公園入口,会津乗合自動車（株）,"湖南・郡山線, 勝田内・大槻営業所線"
芳賀二丁目,福島交通（株）,"小野線, まちなか循環［方八町回り］, 蒲倉線, 東部ニュータウン線［方八町経由］, 東部タウンまわり線［方八町経由］, まちなか循環［方八町・イオンタウン回り］"
大槻旭町,福島交通（株）,"大槻線［麓山経由］, 大槻・尚志高校線［麓山経由］"
静団地中央,福島交通（株）,"静団地線［市役所経由］, 静団地線［池ノ台経由］, コスモス循環"
本町二丁目,福島交通（株）,"蓬田線, 須賀川線［旧道経由］, 東山霊園線"
緑ヶ丘中学校,福島交通（株）,"東部ニュータウン線［美術館経由］, 東部タウンまわり線［美術館経由］"
イオンタウン郡山,福島交通（株）,"まちなか循環［南回り］, まちなか循環［北回り］, まちなか循環［方八町・イオンタウン回り］"
湖南高校,会津乗合自動車（株）,湖南・郡山線
大槻下町,福島交通（株）,"大槻線［麓山経由］, 大槻・尚志高校線［麓山経由］"
行政センター前,会津乗合自動車（株）,"湖南・郡山線, 勝田内・大槻営業所線, 上戸・熱海線, 上戸線"
大槻上町,福島交通（株）,"大槻線［西ノ内経由］, 大槻線［市役所経由］, 大槻線［麓山経由］, 大槻・尚志高校線［市役所経由］, 大槻・尚志高校線［麓山経由］"
第一中学校南,福島交通（株）,"鎗ヶ池団地線, さくら循環［虎丸回り］, さくら循環［山根回り］"
栄町,福島交通（株）,"須賀川線［並木町経由］, 清陵情報高校線, 安積団地線, 柴宮団地線［栄町経由］, 郡山運転免許センター線［山根経由］, さくら循環［虎丸回り］, さくら循環［山根回り］, 向陽台団地線［笹川経由］, 南タウン線, 南タウン循環線, 向陽台団地線［南タウン経由］, カルチャーパーク線"
闇川別,会津乗合自動車（株）,"芦の牧循環線：旧道・竹田経由, 芦の牧循環線：旧道・病院経由, 芦の牧循環線：旧道先回り, 芦の牧循環線：新道先回り, 松長団地・芦の牧循環線"
辰巳田,福島交通（株）,"静団地線［市役所経由］, 静団地線［池ノ台経由］, コスモス循環"
岬屋前,会津乗合自動車（株）,"芦の牧循環線：旧道・竹田経由, 芦の牧循環線：旧道・病院経由, 芦の牧循環線：旧道先回り, 芦の牧循環線：新道先回り, 松長団地・芦の牧循環線"
芳賀小学校,福島交通（株）,"小野線, まちなか循環［方八町回り］, 蒲倉線, 東部ニュータウン線［方八町経由］, 東部タウンまわり線［方八町経由］, まちなか循環［方八町・イオンタウン回り］"
旧道栄町,福島交通（株）,"蓬田線, 須賀川線［旧道経由］, 東山霊園線"
大槻営業所,福島交通（株）,"大槻線［西ノ内経由］, 大槻線［市役所経由］, 大槻線［麓山経由］"
大槻営業所,会津乗合自動車（株）,"湖南・郡山線, 勝田内・大槻営業所線"
大槻郵便局,福島交通（株）,"大槻線［西ノ内経由］, 大槻線［市役所経由］, 大槻線［麓山経由］"
開成四丁目,福島交通（株）,運転免許センター線［市役所経由］
昭和町北,福島交通（株）,日本大学線
菜根一丁目,福島交通（株）,"郡山運転免許センター線［山根経由］, さくら循環［虎丸回り］, さくら循環［山根回り］, カルチャーパーク線"
郡山東高校,福島交通（株）,"郡山運転免許センター線［山根経由］, さくら循環［虎丸回り］, さくら循環［山根回り］, カルチャーパーク線"
福良山崎前,会津乗合自動車（株）,"湖南・郡山線, 勝田内・大槻営業所線, 上戸・熱海線, 上戸線"
郡山商業高校,福島交通（株）,"郡山運転免許センター線［山根経由］, さくら循環［虎丸回り］, さくら循環［山根回り］, カルチャーパーク線"
光ヶ丘,福島交通（株）,"郡山運転免許センター線［山根経由］, さくら循環［虎丸回り］, さくら循環［山根回り］, カルチャーパーク線"
第三中学校,福島交通（株）,"郡山運転免許センター線［山根経由］, さくら循環［虎丸回り］, さくら循環［山根回り］, カルチャーパーク線, 西ノ内・安積線"
RFCラジオ福島前,福島交通（株）,郡山運転免許センター線［山根経由］
静御前堂,福島交通（株）,"静団地線［市役所経由］, 静団地線［池ノ台経由］, コスモス循環"
山根町,福島交通（株）,"郡山運転免許センター線［山根経由］, さくら循環［虎丸回り］, さくら循環［山根回り］, カルチャーパーク線"
芦ノ口入口,福島交通（株）,"大槻・尚志高校線［市役所経由］, 大槻・尚志高校線［麓山経由］"
開成六丁目,福島交通（株）,"運転免許センター線［市役所経由］, 郡山運転免許センター線［山根経由］"
御前,福島交通（株）,"静団地線［市役所経由］, 静団地線［池ノ台経由］, コスモス循環"
針生ヶ丘病院前,福島交通（株）,"運転免許センター線［市役所経由］, 郡山運転免許センター線［山根経由］"
緑ヶ丘公園,福島交通（株）,"東部ニュータウン線［方八町経由］, 東部ニュータウン線［美術館経由］, 東部タウンまわり線［方八町経由］, 東部タウンまわり線［美術館経由］"
緑ヶ丘東六丁目,福島交通（株）,"東部ニュータウン線［方八町経由］, 東部ニュータウン線［美術館経由］, 東部タウンまわり線［方八町経由］, 東部タウンまわり線［美術館経由］"
菜根五丁目,福島交通（株）,"鎗ヶ池団地線, カルチャーパーク線"
図景一丁目,福島交通（株）,"須賀川線［並木町経由］, 清陵情報高校線, 安積団地線, 柴宮団地線［栄町経由］, 向陽台団地線［笹川経由］, 南タウン線, 南タウン循環線, 向陽台団地線［南タウン経由］"
小原田一丁目,福島交通（株）,"蓬田線, 須賀川線［旧道経由］, 東山霊園線"
昭和町南,福島交通（株）,日本大学線
闇川橋,会津乗合自動車（株）,"芦の牧循環線：旧道・竹田経由, 芦の牧循環線：旧道・病院経由, 芦の牧循環線：旧道先回り, 芦の牧循環線：新道先回り, 松長団地・芦の牧循環線"
中央工業団地北口,福島交通（株）,"小野線, 蒲倉線, 東部ニュータウン線［方八町経由］, 東部タウンまわり線［方八町経由］"
小谷入口,会津乗合自動車（株）,"芦の牧循環線：旧道・竹田経由, 芦の牧循環線：旧道・病院経由, 芦の牧循環線：旧道先回り, 芦の牧循環線：新道先回り, 松長団地・芦の牧循環線"
大平,福島交通（株）,蒲倉線
七ツ池,福島交通（株）,西ノ内・安積線
緑ヶ丘三丁目,福島交通（株）,"東部ニュータウン線［方八町経由］, 東部ニュータウン線［美術館経由］, 東部タウンまわり線［方八町経由］, 東部タウンまわり線［美術館経由］"
神社前,福島交通（株）,蒲倉線
針生,福島交通（株）,"運転免許センター線［市役所経由］, 郡山運転免許センター線［山根経由］"
山崎,福島交通（株）,"鎗ヶ池団地線, カルチャーパーク線"
湖南中学校前,会津乗合自動車（株）,"湖南・郡山線, 勝田内・大槻営業所線, 上戸・熱海線, 上戸線"
向河原,福島交通（株）,蒲倉線
変電所前,福島交通（株）,蒲倉線
緑ヶ丘団地,福島交通（株）,"東部ニュータウン線［方八町経由］, 東部ニュータウン線［美術館経由］, 東部タウンまわり線［方八町経由］, 東部タウンまわり線［美術館経由］"
大熊町役場,新常磐交通（株）,富岡〜大熊〜双葉〜浪江〜FH2R
三代,会津乗合自動車（株）,"湖南・郡山線, 勝田内・大槻営業所線, 上戸・熱海線, 上戸線"
図景二丁目,福島交通（株）,"須賀川線［並木町経由］, 清陵情報高校線, 安積団地線, 柴宮団地線［栄町経由］, 向陽台団地線［笹川経由］, 南タウン線, 南タウン循環線, 向陽台団地線［南タウン経由］"
仁池向団地,福島交通（株）,"運転免許センター線［市役所経由］, 郡山運転免許センター線［山根経由］"
小原田二丁目,福島交通（株）,日本大学線
大平入口,福島交通（株）,"小野線, 蒲倉線, 東部ニュータウン線［方八町経由］, 東部タウンまわり線［方八町経由］"
尚志高校,福島交通（株）,"大槻・尚志高校線［市役所経由］, 大槻・尚志高校線［麓山経由］"
小原田四丁目,福島交通（株）,"蓬田線, 須賀川線［旧道経由］, 東山霊園線"
北井入口,福島交通（株）,"鎗ヶ池団地線, カルチャーパーク線"
菜根三丁目,福島交通（株）,西ノ内・安積線
小原田中学校,福島交通（株）,日本大学線
緑ヶ丘二丁目,福島交通（株）,"東部ニュータウン線［方八町経由］, 東部ニュータウン線［美術館経由］, 東部タウンまわり線［方八町経由］, 東部タウンまわり線［美術館経由］"
下小塩,会津乗合自動車（株）,"芦の牧循環線：旧道・竹田経由, 芦の牧循環線：旧道・病院経由, 芦の牧循環線：旧道先回り, 芦の牧循環線：新道先回り, 松長団地・芦の牧循環線"
香久池一丁目,福島交通（株）,"須賀川線［並木町経由］, 清陵情報高校線, 安積団地線, 柴宮団地線［栄町経由］, 向陽台団地線［笹川経由］, 南タウン線, 南タウン循環線, 向陽台団地線［南タウン経由］"
緑ヶ丘東五丁目,福島交通（株）,"東部ニュータウン線［方八町経由］, 東部ニュータウン線［美術館経由］, 東部タウンまわり線［方八町経由］, 東部タウンまわり線［美術館経由］"
久留米水天宮,福島交通（株）,柴宮団地線［栄町経由］
南川,福島交通（株）,柴宮団地線［栄町経由］
久留米三丁目,福島交通（株）,柴宮団地線［栄町経由］
久留米寺西,福島交通（株）,柴宮団地線［栄町経由］
久留米二丁目,福島交通（株）,"鎗ヶ池団地線, カルチャーパーク線"
久留米六丁目,福島交通（株）,"柴宮団地線［栄町経由］, 運転免許センター線［市役所経由］, 郡山運転免許センター線［山根経由］"
東部中央公園,福島交通（株）,"東部ニュータウン線［方八町経由］, 東部ニュータウン線［美術館経由］, 東部タウンまわり線［方八町経由］, 東部タウンまわり線［美術館経由］"
小原田三丁目,福島交通（株）,日本大学線
桜小学校,福島交通（株）,柴宮団地線［栄町経由］
城清水,福島交通（株）,柴宮団地線［栄町経由］
名倉,福島交通（株）,"柴宮団地線［栄町経由］, 西ノ内・安積線"
下永田,福島交通（株）,"東部ニュータウン線［方八町経由］, 東部タウンまわり線［方八町経由］"
緑ヶ丘第一小学校,福島交通（株）,"東部ニュータウン線［方八町経由］, 東部ニュータウン線［美術館経由］, 東部タウンまわり線［方八町経由］, 東部タウンまわり線［美術館経由］"
小原田五丁目,福島交通（株）,"蓬田線, 須賀川線［旧道経由］, 東山霊園線"
下行合,福島交通（株）,小野線
久留米,福島交通（株）,"鎗ヶ池団地線, カルチャーパーク線"
郡山運転免許センター,福島交通（株）,"運転免許センター線［市役所経由］, 郡山運転免許センター線［山根経由］"
柴宮団地,福島交通（株）,"柴宮団地線［栄町経由］, 運転免許センター線［市役所経由］, 郡山運転免許センター線［山根経由］"
平沢（会津若松市）,会津乗合自動車（株）,"芦の牧循環線：旧道・竹田経由, 芦の牧循環線：旧道・病院経由, 芦の牧循環線：旧道先回り, 芦の牧循環線：新道先回り, 松長団地・芦の牧循環線"
緑ヶ丘一丁目,福島交通（株）,"東部ニュータウン線［方八町経由］, 東部ニュータウン線［美術館経由］, 東部タウンまわり線［方八町経由］, 東部タウンまわり線［美術館経由］"
あぶくま支援学校,福島交通（株）,"東部ニュータウン線［方八町経由］, 東部タウンまわり線［方八町経由］"
万海池,福島交通（株）,"柴宮団地線［栄町経由］, 運転免許センター線［市役所経由］, 郡山運転免許センター線［山根経由］"
柴宮山,福島交通（株）,"柴宮団地線［栄町経由］, 運転免許センター線［市役所経由］, 郡山運転免許センター線［山根経由］"
太田西,福島交通（株）,"運転免許センター線［市役所経由］, 郡山運転免許センター線［山根経由］"
郡山警察署,福島交通（株）,"須賀川線［並木町経由］, 清陵情報高校線, 向陽台団地線［笹川経由］, 南タウン線, 南タウン循環線, 向陽台団地線［南タウン経由］"
太田東,福島交通（株）,"運転免許センター線［市役所経由］, 郡山運転免許センター線［山根経由］"
長沼街道入口,福島交通（株）,安積団地線
八作内,福島交通（株）,日本大学線
小塩（会津若松市）,会津乗合自動車（株）,"芦の牧循環線：旧道・竹田経由, 芦の牧循環線：旧道・病院経由, 芦の牧循環線：旧道先回り, 芦の牧循環線：新道先回り, 松長団地・芦の牧循環線"
名倉公民館,福島交通（株）,西ノ内・安積線
行合台,福島交通（株）,小野線
雷神団地,福島交通（株）,"運転免許センター線［市役所経由］, 郡山運転免許センター線［山根経由］"
鎗ヶ池団地入口,福島交通（株）,"鎗ヶ池団地線, カルチャーパーク線"
松山,会津乗合自動車（株）,大芦線
松山,昭和村,昭和村南会津町生活バス
瀬戸,福島交通（株）,"東部ニュータウン線［方八町経由］, 東部タウンまわり線［方八町経由］"
南名倉,福島交通（株）,安積団地線
金屋入口,福島交通（株）,"蓬田線, 東山霊園線"
川向,福島交通（株）,"須賀川線［並木町経由］, 清陵情報高校線, 向陽台団地線［笹川経由］, 南タウン線, 南タウン循環線, 向陽台団地線［南タウン経由］"
宮城小学校,福島交通（株）,小野線
日出山一丁目,福島交通（株）,須賀川線［旧道経由］
杉並,福島交通（株）,"東部ニュータウン線［方八町経由］, 東部タウンまわり線［方八町経由］"
北井団地,福島交通（株）,鎗ヶ池団地線
永田,福島交通（株）,小野線
菜飯,福島交通（株）,"安積団地線, 西ノ内・安積線"
金山橋東詰,福島交通（株）,"蓬田線, 東山霊園線"
郡山国道事務所,福島交通（株）,鎗ヶ池団地線
宮城中学校,福島交通（株）,小野線
赤沼,福島交通（株）,小野線
上手岡,新常磐交通（株）,富岡〜ゆふね〜川内
倉屋敷,福島交通（株）,小野線
日大通り入口,福島交通（株）,日本大学線
安積荒井,福島交通（株）,"安積団地線, 西ノ内・安積線"
ビッグパレット,福島交通（株）,"須賀川線［並木町経由］, 清陵情報高校線, 向陽台団地線［笹川経由］, 南タウン線, 南タウン循環線, 向陽台団地線［南タウン経由］"
高倉舘,福島交通（株）,小野線
日出山三丁目,福島交通（株）,須賀川線［旧道経由］
上川原,福島交通（株）,"蓬田線, 東山霊園線"
ビッグパレット入口,福島交通（株）,"須賀川線［並木町経由］, 清陵情報高校線, 向陽台団地線［笹川経由］, 南タウン線, 南タウン循環線, 向陽台団地線［南タウン経由］"
仲町,新常磐交通（株）,富岡〜ゆふね〜川内
上千里,新常磐交通（株）,富岡〜ゆふね〜川内
笹原,福島交通（株）,須賀川線［旧道経由］
引下,会津乗合自動車（株）,"芦の牧循環線：旧道・竹田経由, 芦の牧循環線：旧道・病院経由, 芦の牧循環線：旧道先回り, 芦の牧循環線：新道先回り, 松長団地・芦の牧循環線"
芦の牧車庫,会津乗合自動車（株）,"芦の牧循環線：旧道・竹田経由, 芦の牧循環線：旧道・病院経由, 芦の牧循環線：旧道先回り, 芦の牧循環線：新道先回り, 松長団地・芦の牧循環線"
芦の牧橋,会津乗合自動車（株）,"芦の牧循環線：旧道・竹田経由, 芦の牧循環線：旧道・病院経由, 芦の牧循環線：旧道先回り, 芦の牧循環線：新道先回り, 松長団地・芦の牧循環線"
寺角,新常磐交通（株）,富岡〜ゆふね〜川内
芦の牧すみや前,会津乗合自動車（株）,"芦の牧循環線：旧道・竹田経由, 芦の牧循環線：旧道・病院経由, 芦の牧循環線：旧道先回り, 芦の牧循環線：新道先回り, 松長団地・芦の牧循環線"
夜ノ森駅西口,新常磐交通（株）,富岡〜ゆふね〜川内
帝京安積高校,福島交通（株）,日本大学線
中央工業団地南口,福島交通（株）,"蓬田線, 東山霊園線"
成山公園前,福島交通（株）,"安積団地線, 西ノ内・安積線"
芦の牧中央待合所,会津乗合自動車（株）,"芦の牧循環線：旧道・竹田経由, 芦の牧循環線：旧道・病院経由, 芦の牧循環線：旧道先回り, 芦の牧循環線：新道先回り, 松長団地・芦の牧循環線"
ドリームランド,福島交通（株）,カルチャーパーク線
野尻下,会津乗合自動車（株）,大芦線
永盛橋,福島交通（株）,"須賀川線［並木町経由］, 清陵情報高校線, 向陽台団地線［笹川経由］, 南タウン線, 南タウン循環線, 向陽台団地線［南タウン経由］"
永橋,福島交通（株）,小野線
安積団地入口,福島交通（株）,"安積団地線, 西ノ内・安積線"
柳橋,福島交通（株）,小野線
岩崎,福島交通（株）,小野線
安積行政センター,福島交通（株）,"南タウン線, 南タウン循環線, 向陽台団地線［南タウン経由］"
仙峡閣入口,会津乗合自動車（株）,"芦の牧循環線：旧道・竹田経由, 芦の牧循環線：旧道・病院経由, 芦の牧循環線：旧道先回り, 芦の牧循環線：新道先回り, 松長団地・芦の牧循環線"
出店,福島交通（株）,小野線
黒石山入口,福島交通（株）,小野線
野尻菅家前,会津乗合自動車（株）,大芦線
野尻菅家前,昭和村,昭和村南会津町生活バス
西長久保,福島交通（株）,"安積団地線, 西ノ内・安積線"
安積行政センター南,福島交通（株）,"南タウン線, 南タウン循環線, 向陽台団地線［南タウン経由］"
下町,新常磐交通（株）,富岡〜ゆふね〜川内
下の内上,福島交通（株）,小野線
安積団地,福島交通（株）,"安積団地線, 西ノ内・安積線"
坪井病院前,福島交通（株）,"南タウン線, 南タウン循環線, 向陽台団地線［南タウン経由］"
日本大学,福島交通（株）,日本大学線
安積行政センター入口,福島交通（株）,"須賀川線［並木町経由］, 清陵情報高校線, 向陽台団地線［笹川経由］, 南タウン線, 南タウン循環線, 向陽台団地線［南タウン経由］"
山桜工場前,福島交通（株）,須賀川線［旧道経由］
柳橋袖,福島交通（株）,小野線
大川発電所前,会津乗合自動車（株）,"芦の牧循環線：旧道・竹田経由, 芦の牧循環線：旧道・病院経由, 芦の牧循環線：旧道先回り, 芦の牧循環線：新道先回り, 松長団地・芦の牧循環線"
野尻小島屋前,会津乗合自動車（株）,大芦線
五百目,福島交通（株）,小野線
長久保一丁目,福島交通（株）,"南タウン線, 南タウン循環線, 向陽台団地線［南タウン経由］"
下枝舘,福島交通（株）,小野線
夜の森入口,新常磐交通（株）,富岡〜ゆふね〜川内
海老根,福島交通（株）,小野線
貝作入口,福島交通（株）,小野線
御舘小学校,福島交通（株）,小野線
笹川二丁目,福島交通（株）,須賀川線［旧道経由］
金屋,福島交通（株）,"蓬田線, 東山霊園線"
長久保,福島交通（株）,"南タウン線, 南タウン循環線, 向陽台団地線［南タウン経由］"
高谷入口,福島交通（株）,小野線
二中前,新常磐交通（株）,"富岡〜ゆふね〜川内, 富岡〜大熊〜双葉〜浪江〜FH2R"
安積二丁目,福島交通（株）,"須賀川線［並木町経由］, 清陵情報高校線, 向陽台団地線［笹川経由］"
下中向,会津乗合自動車（株）,大芦線
中津川,福島交通（株）,小野線
長久保三丁目,福島交通（株）,"南タウン線, 南タウン循環線, 向陽台団地線［南タウン経由］"
中倉,福島交通（株）,小野線
いわなの郷前,福島交通（株）,川内線
南タウン北口,福島交通（株）,"南タウン線, 南タウン循環線, 向陽台団地線［南タウン経由］"
永盛駅前,福島交通（株）,須賀川線［旧道経由］
中田行政センター,福島交通（株）,小野線
中向中央,会津乗合自動車（株）,大芦線
中向中央,昭和村,昭和村南会津町生活バス
南長久保一丁目,福島交通（株）,"南タウン線, 南タウン循環線, 向陽台団地線［南タウン経由］"
檜の下,福島交通（株）,"須賀川線［並木町経由］, 清陵情報高校線, 向陽台団地線［笹川経由］"
中向糸屋前,会津乗合自動車（株）,大芦線
昭和温泉,昭和村,昭和村南会津町生活バス
南タウン南口,福島交通（株）,"南タウン線, 南タウン循環線, 向陽台団地線［南タウン経由］"
昭和温泉しらかば荘前,会津乗合自動車（株）,大芦線
池の坂,福島交通（株）,小野線
笹川三丁目,福島交通（株）,須賀川線［旧道経由］
下枝郵便局,福島交通（株）,小野線
久保,福島交通（株）,小野線
石堂,福島交通（株）,小野線
南長久保二丁目,福島交通（株）,"南タウン線, 南タウン循環線, 向陽台団地線［南タウン経由］"
二小前,新常磐交通（株）,富岡〜ゆふね〜川内
境川,新常磐交通（株）,富岡〜ゆふね〜川内
五枚沢,新常磐交通（株）,富岡〜ゆふね〜川内
笹川変電所,福島交通（株）,"南タウン線, 南タウン循環線, 向陽台団地線［南タウン経由］"
大善寺,福島交通（株）,"蓬田線, 東山霊園線"
林,福島交通（株）,川内線
笹川,福島交通（株）,須賀川線［旧道経由］
明見前,福島交通（株）,"南タウン線, 南タウン循環線, 向陽台団地線［南タウン経由］"
北の内,福島交通（株）,小野線
明見西,福島交通（株）,"南タウン線, 南タウン循環線, 向陽台団地線［南タウン経由］"
毛戸入口,新常磐交通（株）,富岡〜ゆふね〜川内
あさか台北,福島交通（株）,"南タウン線, 南タウン循環線, 向陽台団地線［南タウン経由］"
西笹川,福島交通（株）,"須賀川線［並木町経由］, 清陵情報高校線"
スプリングガーデンあさか,福島交通（株）,向陽台団地線［笹川経由］
あさか台,福島交通（株）,"南タウン線, 南タウン循環線, 向陽台団地線［南タウン経由］"
あさか台上,福島交通（株）,"南タウン線, 南タウン循環線, 向陽台団地線［南タウン経由］"
とみおかアーカイブ・ミュージアム,新常磐交通（株）,"富岡〜ゆふね〜川内, 富岡〜大熊〜双葉〜浪江〜FH2R"
石山入口,福島交通（株）,小野線
富岡町文化交流センター,新常磐交通（株）,"富岡町内循環, 富岡〜ゆふね〜川内, 富岡〜大熊〜双葉〜浪江〜FH2R"
関谷田,福島交通（株）,向陽台団地線［笹川経由］
富岡町役場,新常磐交通（株）,"富岡町内循環, 富岡〜ゆふね〜川内, 富岡〜大熊〜双葉〜浪江〜FH2R"
東山霊園,福島交通（株）,東山霊園線
荒池下,福島交通（株）,向陽台団地線［南タウン経由］
御代田入口,福島交通（株）,須賀川線［旧道経由］
雷堂,福島交通（株）,"須賀川線［並木町経由］, 清陵情報高校線"
車庫前,福島交通（株）,川内線
車庫前,新常磐交通（株）,富岡〜ゆふね〜川内
石屋団地,福島交通（株）,東山霊園線
下中津川栗城前,会津乗合自動車（株）,大芦線
あさか台南,福島交通（株）,向陽台団地線［南タウン経由］
笹川南向,福島交通（株）,向陽台団地線［笹川経由］
浮金,福島交通（株）,小野線
町分,新常磐交通（株）,富岡〜ゆふね〜川内
高柴山入口,福島交通（株）,小野線
今村病院,新常磐交通（株）,"富岡町内循環, 富岡〜ゆふね〜川内, 富岡〜大熊〜双葉〜浪江〜FH2R"
新鍋倉,新常磐交通（株）,富岡〜ゆふね〜川内
鬼越,福島交通（株）,"蓬田線, 東山霊園線"
仁井田本家入口,福島交通（株）,東山霊園線
向陽台中央,福島交通（株）,"向陽台団地線［笹川経由］, 向陽台団地線［南タウン経由］"
向陽台西,福島交通（株）,"向陽台団地線［笹川経由］, 向陽台団地線［南タウン経由］"
阿久戸,会津乗合自動車（株）,大芦線
阿久戸,昭和村,昭和村南会津町生活バス
川内農協,福島交通（株）,川内線
川内農協,新常磐交通（株）,"川内〜小野〜上三坂, 富岡〜ゆふね〜川内"
大谷地集会所,福島交通（株）,"向陽台団地線［笹川経由］, 向陽台団地線［南タウン経由］"
向陽台東,福島交通（株）,"向陽台団地線［笹川経由］, 向陽台団地線［南タウン経由］"
機械場,福島交通（株）,小野線
さくらモール・診療所前,新常磐交通（株）,"いわき駅〜富岡, 富岡町内循環, 富岡〜ゆふね〜川内, 富岡〜大熊〜双葉〜浪江〜FH2R"
警察署前,新常磐交通（株）,"富岡町内循環, 富岡〜ゆふね〜川内, 富岡〜大熊〜双葉〜浪江〜FH2R"
富岡郵便局,新常磐交通（株）,富岡町内循環
富岡車庫,新常磐交通（株）,富岡町内循環
曲田住宅,新常磐交通（株）,"いわき駅〜富岡, 富岡町内循環, 富岡〜ゆふね〜川内, 富岡〜大熊〜双葉〜浪江〜FH2R"
十貫内入口,福島交通（株）,"須賀川線［並木町経由］, 清陵情報高校線"
季の郷,福島交通（株）,"向陽台団地線［笹川経由］, 向陽台団地線［南タウン経由］"
山中,福島交通（株）,"蓬田線, 東山霊園線"
的場,福島交通（株）,東山霊園線
下中津川菅家前,会津乗合自動車（株）,大芦線
オーハラ堂前,昭和村,昭和村南会津町生活バス
十貫内,福島交通（株）,須賀川線［旧道経由］
向陽台入口,福島交通（株）,"向陽台団地線［笹川経由］, 向陽台団地線［南タウン経由］"
月の下,新常磐交通（株）,"いわき駅〜富岡, 富岡町内循環"
門口,新常磐交通（株）,富岡町内循環
金沢橋,福島交通（株）,東山霊園線
上合内,福島交通（株）,小野線
富岡仲町,新常磐交通（株）,富岡町内循環
銀行前,新常磐交通（株）,富岡町内循環
富岡上町,新常磐交通（株）,富岡町内循環
中原,福島交通（株）,東山霊園線
東山ヒルズ,福島交通（株）,東山霊園線
区長事務所前,会津乗合自動車（株）,大芦線
役場・かわうちの湯前,福島交通（株）,川内線
役場・かわうちの湯前,新常磐交通（株）,"川内〜小野〜上三坂, 富岡〜ゆふね〜川内"
浮金追分,福島交通（株）,小野線
早渡,新常磐交通（株）,川内〜小野〜上三坂
富岡駅前,新常磐交通（株）,"いわき駅〜富岡, 富岡町内循環, 富岡〜ゆふね〜川内, 富岡〜大熊〜双葉〜浪江〜FH2R"
大内上,会津乗合自動車（株）,枝松線：下郷中・旭田小経由
守山大町,福島交通（株）,"蓬田線, 東山霊園線"
小姓町,福島交通（株）,東山霊園線
下中津川学校前,会津乗合自動車（株）,大芦線
下中津川学校前,昭和村,昭和村南会津町生活バス
熊越,新常磐交通（株）,富岡〜ゆふね〜川内
公民館前（昭和村）,会津乗合自動車（株）,大芦線
公民館前,昭和村,昭和村南会津町生活バス
町守屋,福島交通（株）,町守屋線［矢沢経由］
下瀬耳上,新常磐交通（株）,川内〜小野〜上三坂
大内下,会津乗合自動車（株）,枝松線：下郷中・旭田小経由
清陵情報高校,福島交通（株）,清陵情報高校線
大谷地入口,福島交通（株）,"須賀川線［並木町経由］, 清陵情報高校線"
守山小学校,福島交通（株）,蓬田線
ゆふね,福島交通（株）,川内線
ゆふね,新常磐交通（株）,"川内〜小野〜上三坂, 富岡〜ゆふね〜川内"
西原,福島交通（株）,滝原線［仁井田経由］
坂シ内,福島交通（株）,川内線
坂シ内,新常磐交通（株）,"川内〜小野〜上三坂, 富岡〜ゆふね〜川内"
重郎内,福島交通（株）,滝原線［仁井田経由］
舘ヶ岡,福島交通（株）,滝原線［仁井田経由］
舘ヶ岡公民館,福島交通（株）,滝原線［仁井田経由］
小中津川中島,昭和村,昭和村南会津町生活バス
小中津川中島,会津乗合自動車（株）,大芦線
仁井田南町,福島交通（株）,滝原線［仁井田経由］
早渡,福島交通（株）,小野線
瀬耳上,新常磐交通（株）,川内〜小野〜上三坂
仁井田,福島交通（株）,滝原線［仁井田経由］
宮の坂,福島交通（株）,川内線
宮の坂,新常磐交通（株）,"川内〜小野〜上三坂, 富岡〜ゆふね〜川内"
川内中前,福島交通（株）,川内線
川内中前,新常磐交通（株）,"川内〜小野〜上三坂, 富岡〜ゆふね〜川内"
小中津川昭和館前,会津乗合自動車（株）,大芦線
入新田消防駐屯所前,新常磐交通（株）,川内〜小野〜上三坂
東町,福島交通（株）,滝原線［仁井田経由］
清陵情報高校前,福島交通（株）,須賀川線［旧道経由］
宮ノ下,福島交通（株）,川内線
宮ノ下,新常磐交通（株）,"川内〜小野〜上三坂, 富岡〜ゆふね〜川内"
下川内,新常磐交通（株）,"川内〜小野〜上三坂, 富岡〜ゆふね〜川内"
五郎山,新常磐交通（株）,川内〜小野〜上三坂
新田入口,福島交通（株）,滝原線［仁井田経由］
下今泉,福島交通（株）,滝原線［仁井田経由］
すわの杜公園,福島交通（株）,川内線
すわの杜公園,新常磐交通（株）,"川内〜小野〜上三坂, 富岡〜ゆふね〜川内"
上今泉,福島交通（株）,滝原線［仁井田経由］
川向集会所前,新常磐交通（株）,川内〜小野〜上三坂
今泉,福島交通（株）,滝原線［仁井田経由］
岩瀬二本木,福島交通（株）,町守屋線［矢沢経由］
からむし織の里,昭和村,昭和村南会津町生活バス
守山中町,福島交通（株）,蓬田線
白方小学校,福島交通（株）,滝原線［仁井田経由］
関下,福島交通（株）,須賀川線［並木町経由］
滑川,福島交通（株）,須賀川線［旧道経由］
小沼崎,会津乗合自動車（株）,枝松線：枝松・小沼崎
里守屋,福島交通（株）,町守屋線［矢沢経由］
田村行政センター,福島交通（株）,蓬田線
下佐倉,会津乗合自動車（株）,大芦線
一夜舘,福島交通（株）,滝原線［仁井田経由］
上堀の内,福島交通（株）,滝原線［仁井田経由］
上佐倉,会津乗合自動車（株）,大芦線
上佐倉,昭和村,昭和村南会津町生活バス
JR神俣駅,新常磐交通（株）,川内〜小野〜上三坂
子安川,新常磐交通（株）,川内〜小野〜上三坂
岩作,福島交通（株）,蓬田線
七ツ石,福島交通（株）,"滝原線［仁井田経由］, 町守屋線［矢沢経由］"
八方久保,福島交通（株）,須賀川線［旧道経由］
岩瀬向原,福島交通（株）,滝原線［仁井田経由］
堀の内,福島交通（株）,町守屋線［矢沢経由］
岩瀬石田,福島交通（株）,町守屋線［矢沢経由］
上柱田,福島交通（株）,町守屋線［矢沢経由］
柏城小学校,福島交通（株）,須賀川線［旧道経由］
弥六内入口,福島交通（株）,町守屋線［矢沢経由］
岩瀬中学校,福島交通（株）,町守屋線［矢沢経由］
下柱田,福島交通（株）,町守屋線［矢沢経由］
行定,福島交通（株）,小野線
喰丸下,昭和村,昭和村南会津町生活バス
喰丸下,会津乗合自動車（株）,大芦線
岩瀬支所,福島交通（株）,町守屋線［矢沢経由］
あおば北公園,須賀川市,あおば循環バス
矢平,福島交通（株）,蓬田線
喰丸上,会津乗合自動車（株）,大芦線
岩瀬梅田,福島交通（株）,滝原線［仁井田経由］
滝原,福島交通（株）,滝原線［仁井田経由］
横見根団地,福島交通（株）,須賀川線［旧道経由］
広内,新常磐交通（株）,川内〜小野〜上三坂
谷田川駅入口,福島交通（株）,蓬田線
屋敷東,福島交通（株）,滝原線［仁井田経由］
矢沢団地,福島交通（株）,町守屋線［矢沢経由］
あおば中央公園,須賀川市,あおば循環バス
田尻,福島交通（株）,小野線
上梅田,福島交通（株）,滝原線［仁井田経由］
向日向,福島交通（株）,須賀川線［並木町経由］
羽染商店前,昭和村,昭和村南会津町生活バス
あおばふれあい館,須賀川市,あおば循環バス
岩瀬新田,福島交通（株）,滝原線［仁井田経由］
越久,福島交通（株）,滝原線［仁井田経由］
あおば南,須賀川市,あおば循環バス
矢沢,福島交通（株）,"町守屋線［矢沢経由］, 北横田線［矢沢経由］"
勢至堂上,福島交通（株）,勢至堂線
谷田川町畑,福島交通（株）,蓬田線
舘屋,新常磐交通（株）,川内〜小野〜上三坂
矢沢東,福島交通（株）,"町守屋線［矢沢経由］, 北横田線［矢沢経由］"
向袋田,福島交通（株）,"町守屋線［矢沢経由］, 北横田線［矢沢経由］"
竜ヶ馬場,福島交通（株）,蓬田線
勢至堂,福島交通（株）,勢至堂線
谷田川局前,福島交通（株）,蓬田線
木曽,福島交通（株）,"町守屋線［矢沢経由］, 北横田線［矢沢経由］"
谷田川宮下,福島交通（株）,蓬田線
鈴ヶ内,福島交通（株）,蓬田線
谷田川北田,福島交通（株）,蓬田線
白石坂,福島交通（株）,須賀川線［旧道経由］
向山,福島交通（株）,滝原線［仁井田経由］
飯豊局前,福島交通（株）,小野線
袋田,福島交通（株）,"町守屋線［矢沢経由］, 北横田線［矢沢経由］"
竜ヶ渕,福島交通（株）,蓬田線
矢沢公民館前,福島交通（株）,北横田線［矢沢経由］
表前,福島交通（株）,蓬田線
下江持公会堂,須賀川市,あおば循環バス
谷田川小学校,福島交通（株）,蓬田線
下両原,会津乗合自動車（株）,大芦線
下両原,昭和村,昭和村南会津町生活バス
栃本,福島交通（株）,蓬田線
北団地,福島交通（株）,須賀川線［並木町経由］
北向,須賀川市,西循環バス
上両原,会津乗合自動車（株）,大芦線
小野下,会津乗合自動車（株）,"枝松線：下郷中・旭田小経由, 枝松線：下郷中経由, 枝松線：枝松・小沼崎"
西沢入口,福島交通（株）,小野線
町民体育館前［下郷町］,会津乗合自動車（株）,"枝松線：下郷中・旭田小経由, 枝松線：下郷中経由, 枝松線：枝松・小沼崎"
守子,福島交通（株）,"町守屋線［矢沢経由］, 北横田線［矢沢経由］"
市穀,福島交通（株）,蓬田線
下宿,福島交通（株）,須賀川線［旧道経由］
鶴沼発電所前,会津乗合自動車（株）,"枝松線：下郷中・旭田小経由, 枝松線：下郷中経由, 枝松線：枝松・小沼崎"
坂下,新常磐交通（株）,川内〜小野〜上三坂
田代,会津乗合自動車（株）,"枝松線：下郷中・旭田小経由, 枝松線：下郷中経由, 枝松線：枝松・小沼崎"
おのショッピングプラザ,福島交通（株）,小野線
おのショッピングプラザ,新常磐交通（株）,川内〜小野〜上三坂
西袋中学校,福島交通（株）,滝原線［仁井田経由］
大内宿入口,会津乗合自動車（株）,"枝松線：下郷中・旭田小経由, 枝松線：下郷中経由, 枝松線：枝松・小沼崎"
大内宿入口,（資）広田タクシー,大内宿行　猿游号
狐石,須賀川市,西循環バス
水沢,福島交通（株）,蓬田線
登の内,福島交通（株）,北横田線［矢沢経由］
池の上,福島交通（株）,須賀川線［並木町経由］
池の上,須賀川市,西循環バス
二枚橋,福島交通（株）,"町守屋線［矢沢経由］, 北横田線［矢沢経由］"
中江持,須賀川市,あおば循環バス
池田記念病院,須賀川市,西循環バス
西土橋,福島交通（株）,"町守屋線［矢沢経由］, 北横田線［矢沢経由］"
二中入口,福島交通（株）,須賀川線［旧道経由］
土橋,福島交通（株）,"滝原線［仁井田経由］, 町守屋線［矢沢経由］, 北横田線［矢沢経由］"
宮の下,福島交通（株）,小野線
平伏沼口,新常磐交通（株）,川内〜小野〜上三坂
湯野上温泉駅,（資）広田タクシー,大内宿行　猿游号
木ノ葉橋,新常磐交通（株）,川内〜小野〜上三坂
坂下,福島交通（株）,蓬田線
籾山入口,福島交通（株）,"滝原線［仁井田経由］, 町守屋線［矢沢経由］, 北横田線［矢沢経由］"
芦ノ原,会津乗合自動車（株）,"枝松線：下郷中・旭田小経由, 枝松線：下郷中経由, 枝松線：枝松・小沼崎"
西山寺町,須賀川市,西循環バス
大芦中見沢,会津乗合自動車（株）,大芦線
上芦ノ原,会津乗合自動車（株）,"枝松線：下郷中・旭田小経由, 枝松線：下郷中経由, 枝松線：枝松・小沼崎"
二本木,福島交通（株）,小野線
江持西屋敷,須賀川市,あおば循環バス
糠塚寺前,福島交通（株）,蓬田線
選果場前,福島交通（株）,"滝原線［仁井田経由］, 町守屋線［矢沢経由］, 北横田線［矢沢経由］"
糠塚下,福島交通（株）,蓬田線
反田,福島交通（株）,蓬田線
大花,福島交通（株）,蓬田線
山寺,福島交通（株）,須賀川線［並木町経由］
山寺,須賀川市,西循環バス
湯野上温泉駅前,会津乗合自動車（株）,"枝松線：下郷中・旭田小経由, 枝松線：下郷中経由, 枝松線：枝松・小沼崎"
長沼高校,福島交通（株）,"長沼高校線［矢田野経由］, 長沼高校線［横田経由］"
滑沢,福島交通（株）,北横田線［矢沢経由］
笠原工業前,福島交通（株）,須賀川線［旧道経由］
笠原工業前,須賀川市,東循環バス
小川橋,会津乗合自動車（株）,"枝松線：下郷中・旭田小経由, 枝松線：下郷中経由, 枝松線：枝松・小沼崎"
須賀川駅前,福島交通（株）,"須賀川線［並木町経由］, 石川線［竜崎経由］, 須賀川線［旧道経由］, 石川線［母畑経由］, 滝原線［仁井田経由］, 町守屋線［矢沢経由］, 北横田線［矢沢経由］, 長沼線［矢田野経由］, 長沼線［横田経由］, 長沼高校線［矢田野経由］, 長沼高校線［横田経由］, 成田線［久来石経由］, 竜生線, 二岐線, 長沼車庫線［牧の内経由］, 長沼車庫線［牧の内・竜生経由］, 丸山線, 南沢線［古戸経由］, 岡の内線, 岩農線"
須賀川駅前,須賀川市,"東循環バス, 西循環バス, あおば循環バス"
山崎（昭和村）,会津乗合自動車（株）,大芦線
樋ノ口,福島交通（株）,蓬田線
新道,須賀川市,西循環バス
新道,福島交通（株）,"須賀川線［並木町経由］, 町守屋線［矢沢経由］, 北横田線［矢沢経由］"
桐陽高校前,福島交通（株）,"町守屋線［矢沢経由］, 北横田線［矢沢経由］"
新湯入口,会津乗合自動車（株）,"枝松線：下郷中・旭田小経由, 枝松線：下郷中経由, 枝松線：枝松・小沼崎"
阿武隈小入口,須賀川市,あおば循環バス
日落沢入口,昭和村,昭和村南会津町生活バス
須賀川栄町,福島交通（株）,"須賀川線［並木町経由］, 石川線［竜崎経由］, 須賀川線［旧道経由］, 石川線［母畑経由］, 滝原線［仁井田経由］, 町守屋線［矢沢経由］, 北横田線［矢沢経由］, 長沼線［矢田野経由］, 長沼線［横田経由］, 長沼高校線［矢田野経由］, 長沼高校線［横田経由］, 成田線［久来石経由］, 竜生線, 二岐線, 長沼車庫線［牧の内経由］, 丸山線, 南沢線［古戸経由］, 岡の内線, 岩農線"
須賀川栄町,須賀川市,"東循環バス, 西循環バス, あおば循環バス"
須賀川栄町,福島交通（株）,"須賀川線［並木町経由］, 石川線［竜崎経由］, 須賀川線［旧道経由］, 石川線［母畑経由］, 滝原線［仁井田経由］, 町守屋線［矢沢経由］, 北横田線［矢沢経由］, 長沼線［矢田野経由］, 長沼線［横田経由］, 長沼高校線［矢田野経由］, 長沼高校線［横田経由］, 成田線［久来石経由］, 竜生線, 二岐線, 長沼車庫線［牧の内経由］, 長沼車庫線［牧の内・竜生経由］, 丸山線, 南沢線［古戸経由］, 岡の内線, 岩農線"
坂東内,福島交通（株）,小野線
宮の下,会津乗合自動車（株）,大芦線
西袋一小前,福島交通（株）,"滝原線［仁井田経由］, 町守屋線［矢沢経由］, 北横田線［矢沢経由］"
仲の町,須賀川市,東循環バス
湯の上清水屋前,会津乗合自動車（株）,"枝松線：下郷中・旭田小経由, 枝松線：下郷中経由, 枝松線：枝松・小沼崎"
大芦,会津乗合自動車（株）,大芦線
東の内,福島交通（株）,滝原線［仁井田経由］
東の内,須賀川市,西循環バス
イオンタウン須賀川,須賀川市,あおば循環バス
西川,福島交通（株）,"滝原線［仁井田経由］, 町守屋線［矢沢経由］, 北横田線［矢沢経由］"
西川,須賀川市,西循環バス
小白井,新常磐交通（株）,川内〜小野〜上三坂
つるや旅館前,会津乗合自動車（株）,"枝松線：下郷中・旭田小経由, 枝松線：下郷中経由, 枝松線：枝松・小沼崎"
八反田,福島交通（株）,小野線
永泉寺前,福島交通（株）,"長沼高校線［矢田野経由］, 長沼高校線［横田経由］"
北の内,福島交通（株）,北横田線［矢沢経由］
公立病院前,福島交通（株）,"須賀川線［並木町経由］, 石川線［竜崎経由］, 須賀川線［旧道経由］, 石川線［母畑経由］, 滝原線［仁井田経由］, 町守屋線［矢沢経由］, 北横田線［矢沢経由］, 長沼線［矢田野経由］, 長沼線［横田経由］, 長沼高校線［矢田野経由］, 長沼高校線［横田経由］, 成田線［久来石経由］, 竜生線, 二岐線, 長沼車庫線［牧の内経由］, 丸山線, 南沢線［古戸経由］, 岡の内線, 岩農線"
公立病院前,須賀川市,"東循環バス, 西循環バス, あおば循環バス"
はたけんぼ,須賀川市,西循環バス
牛骨,福島交通（株）,蓬田線
芦田塚集会所,須賀川市,あおば循環バス
芦田塚団地,須賀川市,あおば循環バス
中山風穴入口,会津乗合自動車（株）,"枝松線：下郷中・旭田小経由, 枝松線：下郷中経由, 枝松線：枝松・小沼崎"
市民温泉,福島交通（株）,滝原線［仁井田経由］
市民温泉,須賀川市,西循環バス
田母神,福島交通（株）,蓬田線
北町,須賀川市,"東循環バス, 西循環バス, あおば循環バス"
北町,福島交通（株）,"須賀川線［並木町経由］, 石川線［竜崎経由］, 須賀川線［旧道経由］, 石川線［母畑経由］, 滝原線［仁井田経由］, 町守屋線［矢沢経由］, 北横田線［矢沢経由］, 長沼線［矢田野経由］, 長沼線［横田経由］, 長沼高校線［矢田野経由］, 長沼高校線［横田経由］, 成田線［久来石経由］, 竜生線, 二岐線, 長沼車庫線［牧の内経由］, 長沼車庫線［牧の内・竜生経由］, 丸山線, 南沢線［古戸経由］, 岡の内線, 岩農線"
長沼小学校,福島交通（株）,"長沼高校線［矢田野経由］, 長沼高校線［横田経由］"
アリーナ前・卸団地,須賀川市,西循環バス
芦田塚,須賀川市,東循環バス
湯の上ホテル前,会津乗合自動車（株）,"枝松線：下郷中・旭田小経由, 枝松線：下郷中経由, 枝松線：枝松・小沼崎"
消防署前,福島交通（株）,小野線
江花,福島交通（株）,"勢至堂線, 長沼車庫線［牧の内経由］, 長沼車庫線［牧の内・竜生経由］"
上江花,福島交通（株）,勢至堂線
梁取公民館前,南会津町,南郷地域乗合タクシー
段の下,福島交通（株）,蓬田線
弘法坦,福島交通（株）,滝原線［仁井田経由］
西川橋,福島交通（株）,滝原線［仁井田経由］
長沼車庫,福島交通（株）,"長沼線［矢田野経由］, 長沼線［横田経由］, 勢至堂線, 長沼車庫線［牧の内経由］, 長沼車庫線［牧の内・竜生経由］"
諏訪町,福島交通（株）,滝原線［仁井田経由］
丸田,福島交通（株）,滝原線［仁井田経由］
豊町,福島交通（株）,"長沼線［矢田野経由］, 長沼線［横田経由］"
追出沢,福島交通（株）,"勢至堂線, 長沼車庫線［牧の内経由］, 長沼車庫線［牧の内・竜生経由］"
西の内,福島交通（株）,北横田線［矢沢経由］
久保,福島交通（株）,"勢至堂線, 長沼車庫線［牧の内経由］, 長沼車庫線［牧の内・竜生経由］"
中島,福島交通（株）,"勢至堂線, 長沼車庫線［牧の内経由］, 長沼車庫線［牧の内・竜生経由］"
北横田,福島交通（株）,北横田線［矢沢経由］
須賀川病院前,須賀川市,西循環バス
黒沢,福島交通（株）,北横田線［矢沢経由］
福島病院,須賀川市,"東循環バス, あおば循環バス"
宮先町,福島交通（株）,"須賀川線［並木町経由］, 石川線［竜崎経由］, 須賀川線［旧道経由］, 石川線［母畑経由］, 滝原線［仁井田経由］, 町守屋線［矢沢経由］, 北横田線［矢沢経由］, 長沼線［矢田野経由］, 長沼線［横田経由］, 長沼高校線［矢田野経由］, 長沼高校線［横田経由］, 成田線［久来石経由］, 竜生線, 二岐線, 長沼車庫線［牧の内経由］, 長沼車庫線［牧の内・竜生経由］, 丸山線, 南沢線［古戸経由］, 岡の内線, 岩農線"
宮先町,須賀川市,"東循環バス, 西循環バス, あおば循環バス"
上金町,福島交通（株）,"長沼線［矢田野経由］, 長沼線［横田経由］, 長沼高校線［矢田野経由］, 長沼高校線［横田経由］"
石の花,福島交通（株）,北横田線［矢沢経由］
金町,福島交通（株）,"長沼線［矢田野経由］, 長沼線［横田経由］, 長沼高校線［矢田野経由］, 長沼高校線［横田経由］"
公立小野町地方綜合病院前,福島交通（株）,小野線
公立小野町地方総合病院前,新常磐交通（株）,川内〜小野〜上三坂
町尻,福島交通（株）,"長沼線［矢田野経由］, 長沼線［横田経由］, 長沼高校線［矢田野経由］, 長沼高校線［横田経由］"
大黒町,須賀川市,西循環バス
茶畑町,福島交通（株）,"長沼線［矢田野経由］, 長沼線［横田経由］, 長沼高校線［矢田野経由］, 長沼高校線［横田経由］"
大黒町,福島交通（株）,"長沼線［矢田野経由］, 長沼線［横田経由］, 長沼高校線［矢田野経由］, 長沼高校線［横田経由］"
上野団地,須賀川市,東循環バス
川虫内,福島交通（株）,北横田線［矢沢経由］
翠ヶ丘公園前,須賀川市,あおば循環バス
堀底,福島交通（株）,"長沼線［矢田野経由］, 長沼線［横田経由］, 長沼高校線［矢田野経由］, 長沼高校線［横田経由］"
大久保向,福島交通（株）,北横田線［矢沢経由］
須賀川中町,福島交通（株）,"須賀川線［並木町経由］, 石川線［竜崎経由］, 須賀川線［旧道経由］, 石川線［母畑経由］, 滝原線［仁井田経由］, 町守屋線［矢沢経由］, 北横田線［矢沢経由］, 長沼線［矢田野経由］, 長沼線［横田経由］, 長沼高校線［矢田野経由］, 長沼高校線［横田経由］, 成田線［久来石経由］, 竜生線, 二岐線, 長沼車庫線［牧の内経由］, 長沼車庫線［牧の内・竜生経由］, 丸山線, 南沢線［古戸経由］, 岡の内線, 岩農線"
須賀川中町,須賀川市,"東循環バス, 西循環バス, あおば循環バス"
上八幡町,福島交通（株）,"滝原線［仁井田経由］, 長沼線［矢田野経由］, 長沼線［横田経由］, 長沼高校線［矢田野経由］, 長沼高校線［横田経由］"
上八幡町,須賀川市,西循環バス
品の木,福島交通（株）,小野線
枝松,会津乗合自動車（株）,"枝松線：下郷中・旭田小経由, 枝松線：下郷中経由, 枝松線：枝松・小沼崎"
八幡町,福島交通（株）,"須賀川線［旧道経由］, 滝原線［仁井田経由］, 長沼線［矢田野経由］, 長沼線［横田経由］, 長沼高校線［矢田野経由］, 長沼高校線［横田経由］"
大桑原入口,福島交通（株）,"長沼線［矢田野経由］, 長沼線［横田経由］, 長沼高校線［矢田野経由］, 長沼高校線［横田経由］"
須賀川商工会館前,福島交通（株）,"石川線［竜崎経由］, 石川線［母畑経由］, 岡の内線"
須賀川商工会館前,須賀川市,あおば循環バス
堀底西,福島交通（株）,"長沼線［矢田野経由］, 長沼線［横田経由］, 長沼高校線［矢田野経由］, 長沼高校線［横田経由］"
須賀川市役所,須賀川市,"東循環バス, 西循環バス, あおば循環バス"
浜田鉱泉,須賀川市,東循環バス
役場前,福島交通（株）,小野線
志茂,福島交通（株）,"長沼線［矢田野経由］, 長沼線［横田経由］, 長沼高校線［矢田野経由］, 長沼高校線［横田経由］"
須賀川本町,福島交通（株）,"須賀川線［並木町経由］, 町守屋線［矢沢経由］, 北横田線［矢沢経由］, 成田線［久来石経由］, 竜生線, 二岐線, 長沼車庫線［牧の内経由］, 長沼車庫線［牧の内・竜生経由］, 丸山線, 南沢線［古戸経由］, 岩農線"
影沼,福島交通（株）,"長沼線［矢田野経由］, 長沼線［横田経由］, 長沼高校線［矢田野経由］, 長沼高校線［横田経由］"
妙見,福島交通（株）,"石川線［竜崎経由］, 石川線［母畑経由］, 岡の内線"
市役所入口,福島交通（株）,須賀川線［旧道経由］
市役所入口,須賀川市,東循環バス
仲町,福島交通（株）,小野線
小野本町,福島交通（株）,"後川線［永田経由］, 小野・石川線"
小野高校,福島交通（株）,小野・石川線
小野高校,新常磐交通（株）,川内〜小野〜上三坂
工業団地東,福島交通（株）,"長沼線［矢田野経由］, 長沼線［横田経由］, 長沼高校線［矢田野経由］, 長沼高校線［横田経由］"
工業団地西,福島交通（株）,"長沼線［矢田野経由］, 長沼線［横田経由］, 長沼高校線［矢田野経由］, 長沼高校線［横田経由］"
和泉田乙沢,南会津町,南郷地域乗合タクシー
須賀川大町,福島交通（株）,"須賀川線［並木町経由］, 町守屋線［矢沢経由］, 北横田線［矢沢経由］, 成田線［久来石経由］, 竜生線, 二岐線, 長沼車庫線［牧の内経由］, 長沼車庫線［牧の内・竜生経由］, 丸山線, 南沢線［古戸経由］, 岩農線"
皮籠石,福島交通（株）,小野・石川線
町営住宅前,福島交通（株）,小野・石川線
工業団地,福島交通（株）,"長沼線［矢田野経由］, 長沼線［横田経由］, 長沼高校線［矢田野経由］, 長沼高校線［横田経由］"
宿後,福島交通（株）,小野・石川線
上野中町,福島交通（株）,石川線［母畑経由］
三丁目会館前,福島交通（株）,須賀川線［旧道経由］
小野荒町,福島交通（株）,"小野線, 後川線［永田経由］, 小野・石川線"
稲村,福島交通（株）,"長沼線［矢田野経由］, 長沼線［横田経由］, 長沼高校線［矢田野経由］, 長沼高校線［横田経由］"
須賀川南町,福島交通（株）,"須賀川線［並木町経由］, 町守屋線［矢沢経由］, 北横田線［矢沢経由］, 成田線［久来石経由］, 竜生線, 二岐線, 長沼車庫線［牧の内経由］, 長沼車庫線［牧の内・竜生経由］, 丸山線, 南沢線［古戸経由］, 岩農線"
須賀川南町,須賀川市,東循環バス
北上野,福島交通（株）,石川線［母畑経由］
北上野,須賀川市,東循環バス
六軒入口,福島交通（株）,須賀川線［旧道経由］
六軒入口,須賀川市,東循環バス
黒森,福島交通（株）,小野・石川線
向原,福島交通（株）,"長沼車庫線［牧の内経由］, 長沼車庫線［牧の内・竜生経由］"
東公民館,須賀川市,東循環バス
南上野団地,須賀川市,東循環バス
稲荷町入口,須賀川市,東循環バス
門番,福島交通（株）,"小野線, 後川線［永田経由］, 小野・石川線"
堀込,福島交通（株）,"長沼線［矢田野経由］, 長沼線［横田経由］, 長沼高校線［矢田野経由］, 長沼高校線［横田経由］"
八ッ橋設備［株］南会津支社前,南会津町,南郷地域乗合タクシー
楢葉町役場,新常磐交通（株）,いわき駅〜富岡
墓地公園前,福島交通（株）,"長沼線［矢田野経由］, 長沼線［横田経由］, 長沼高校線［矢田野経由］, 長沼高校線［横田経由］"
桜岡,福島交通（株）,"石川線［竜崎経由］, 岡の内線"
下山公民館前,南会津町,南郷地域乗合タクシー
二ツ池,福島交通（株）,石川線［母畑経由］
横田,福島交通（株）,"長沼線［横田経由］, 長沼高校線［横田経由］"
新湯本,福島交通（株）,二岐線
小学校入口,福島交通（株）,"小野線, 後川線［永田経由］, 小野・石川線"
鍋師橋,福島交通（株）,須賀川線［旧道経由］
鍋師橋,須賀川市,東循環バス
割山,福島交通（株）,"長沼線［矢田野経由］, 長沼線［横田経由］, 長沼高校線［矢田野経由］, 長沼高校線［横田経由］"
和泉田上平,南会津町,南郷地域乗合タクシー
並木町,福島交通（株）,"須賀川線［並木町経由］, 町守屋線［矢沢経由］, 北横田線［矢沢経由］"
並木町,須賀川市,東循環バス
下河内,福島交通（株）,二岐線
あべ内科医院前,福島交通（株）,"長沼線［横田経由］, 長沼高校線［横田経由］"
闇沢,福島交通（株）,蓬田線
湯本,福島交通（株）,二岐線
松塚,福島交通（株）,"長沼線［矢田野経由］, 長沼線［横田経由］, 長沼高校線［矢田野経由］, 長沼高校線［横田経由］"
中通,福島交通（株）,"小野線, 後川線［永田経由］, 小野・石川線"
大平,福島交通（株）,二岐線
大久保入口,福島交通（株）,"長沼線［横田経由］, 長沼高校線［横田経由］"
桜岡団地,須賀川市,東循環バス
蓑輪,福島交通（株）,"長沼線［横田経由］, 長沼高校線［横田経由］"
中木の崎,福島交通（株）,"長沼線［横田経由］, 長沼高校線［横田経由］"
大平橋,福島交通（株）,二岐線
湯本温泉口,福島交通（株）,二岐線
和泉田郵便局前,南会津町,南郷地域乗合タクシー
野仲,福島交通（株）,二岐線
入房内,福島交通（株）,小野・石川線
南上野,福島交通（株）,"石川線［竜崎経由］, 岡の内線"
南上野,須賀川市,東循環バス
山木屋前,南会津町,南郷地域乗合タクシー
上滝田,福島交通（株）,"竜生線, 二岐線, 長沼車庫線［牧の内経由］, 長沼車庫線［牧の内・竜生経由］"
坂本橋,福島交通（株）,二岐線
根岸,福島交通（株）,石川線［母畑経由］
和泉田谷地,南会津町,南郷地域乗合タクシー
下山,南会津町,南郷地域乗合タクシー
北作,福島交通（株）,"長沼線［横田経由］, 長沼高校線［横田経由］"
竜生,福島交通（株）,"竜生線, 二岐線, 長沼車庫線［牧の内・竜生経由］"
須賀川市中央体育館前,福島交通（株）,"成田線［久来石経由］, 竜生線, 二岐線, 長沼車庫線［牧の内経由］, 長沼車庫線［牧の内・竜生経由］, 丸山線, 南沢線［古戸経由］, 岩農線"
須賀川市中央体育館前,須賀川市,東循環バス
木の崎,福島交通（株）,"長沼線［横田経由］, 長沼高校線［横田経由］"
小野営業所,福島交通（株）,"小野線, 後川線［永田経由］, 小野・石川線"
和泉田福田,南会津町,南郷地域乗合タクシー
堂田,福島交通（株）,小野・石川線
小野赤沼,福島交通（株）,小野・石川線
寺田,福島交通（株）,須賀川線［旧道経由］
寺田,須賀川市,東循環バス
大平集会所,福島交通（株）,二岐線
三中前,福島交通（株）,"石川線［竜崎経由］, 岡の内線"
下堀込,福島交通（株）,"長沼線［矢田野経由］, 長沼高校線［矢田野経由］"
平舘,福島交通（株）,"小野線, 後川線［永田経由］, 小野・石川線"
富山,南会津町,南郷地域乗合タクシー
小野石橋,福島交通（株）,小野・石川線
滝田,福島交通（株）,"竜生線, 二岐線, 長沼車庫線［牧の内経由］, 長沼車庫線［牧の内・竜生経由］"
八十内,福島交通（株）,"竜生線, 二岐線, 長沼車庫線［牧の内・竜生経由］"
沢目木,福島交通（株）,小野・石川線
和田,福島交通（株）,石川線［母畑経由］
田良尾,福島交通（株）,二岐線
高坊前,福島交通（株）,小野・石川線
金井道,福島交通（株）,"竜生線, 二岐線, 長沼車庫線［牧の内・竜生経由］"
塔のへつり,会津乗合自動車（株）,"枝松線：下郷中・旭田小経由, 枝松線：下郷中経由, 枝松線：枝松・小沼崎"
小野駅前,福島交通（株）,"小野線, 後川線［永田経由］, 小野・石川線"
小野駅前,新常磐交通（株）,川内〜小野〜上三坂
片貝,南会津町,南郷地域乗合タクシー
メガステージ入口,福島交通（株）,"成田線［久来石経由］, 竜生線, 二岐線, 長沼車庫線［牧の内経由］, 長沼車庫線［牧の内・竜生経由］, 丸山線, 南沢線［古戸経由］, 岩農線"
メガステージ入口,須賀川市,東循環バス
惣五郎内,福島交通（株）,"竜生線, 二岐線, 長沼車庫線［牧の内経由］, 長沼車庫線［牧の内・竜生経由］"
一里坦東,福島交通（株）,"成田線［久来石経由］, 竜生線, 二岐線, 長沼車庫線［牧の内経由］, 長沼車庫線［牧の内・竜生経由］, 丸山線, 南沢線［古戸経由］, 岩農線"
菖蒲谷,福島交通（株）,小野・石川線
六軒団地,福島交通（株）,須賀川線［旧道経由］
六軒団地,須賀川市,東循環バス
メガステージ,須賀川市,東循環バス
なかやクリニック前,南会津町,南郷地域乗合タクシー
高久田境,須賀川市,東循環バス
湯本支所,福島交通（株）,二岐線
下木の崎,福島交通（株）,"長沼線［矢田野経由］, 長沼高校線［矢田野経由］"
牡丹園,福島交通（株）,"石川線［竜崎経由］, 岡の内線"
南会津高校前,南会津町,南郷地域乗合タクシー
雁股田集会所前,福島交通（株）,小野・石川線
羽鳥,福島交通（株）,二岐線
大槻,福島交通（株）,二岐線
川東,福島交通（株）,石川線［母畑経由］
下屋敷,福島交通（株）,"長沼線［矢田野経由］, 長沼高校線［矢田野経由］"
蒲之沢,福島交通（株）,"成田線［久来石経由］, 竜生線, 二岐線, 長沼車庫線［牧の内経由］, 長沼車庫線［牧の内・竜生経由］, 丸山線, 南沢線［古戸経由］, 岩農線"
殿田,福島交通（株）,石川線［母畑経由］
八幡前,福島交通（株）,"竜生線, 二岐線, 長沼車庫線［牧の内経由］, 長沼車庫線［牧の内・竜生経由］"
欠の下,福島交通（株）,石川線［母畑経由］
大東公民館,福島交通（株）,石川線［母畑経由］
桙衝神社,福島交通（株）,"長沼線［矢田野経由］, 長沼高校線［矢田野経由］"
高山,福島交通（株）,後川線［永田経由］
水抜,会津乗合自動車（株）,戸赤線
安張,会津乗合自動車（株）,戸赤線
大柏木,福島交通（株）,蓬田線
六軒,福島交通（株）,須賀川線［旧道経由］
沢口,会津乗合自動車（株）,戸赤線
倉谷,会津乗合自動車（株）,戸赤線
高久田,福島交通（株）,"成田線［久来石経由］, 竜生線, 二岐線, 長沼車庫線［牧の内経由］, 長沼車庫線［牧の内・竜生経由］, 丸山線, 南沢線［古戸経由］, 岩農線"
弥五島若喜屋前,会津乗合自動車（株）,"枝松線：下郷中・旭田小経由, 枝松線：下郷中経由, 枝松線：枝松・小沼崎"
古舘,福島交通（株）,"長沼線［矢田野経由］, 長沼高校線［矢田野経由］"
矢中,福島交通（株）,"竜生線, 二岐線, 長沼車庫線［牧の内経由］, 長沼車庫線［牧の内・竜生経由］"
雁股田,福島交通（株）,小野・石川線
天栄湯,福島交通（株）,二岐線
番屋,福島交通（株）,"石川線［竜崎経由］, 岡の内線"
水門入口,会津乗合自動車（株）,"枝松線：下郷中・旭田小経由, 枝松線：下郷中経由"
虻の宮,南会津町,南郷地域乗合タクシー
弥五島駅前,会津乗合自動車（株）,枝松線：枝松・小沼崎
矢田野,福島交通（株）,"長沼線［矢田野経由］, 長沼高校線［矢田野経由］"
原町,福島交通（株）,"竜生線, 二岐線, 長沼車庫線［牧の内経由］, 長沼車庫線［牧の内・竜生経由］"
泉田,福島交通（株）,"長沼線［矢田野経由］, 長沼高校線［矢田野経由］"
小野島,南会津町,南郷地域乗合タクシー
竹の内,福島交通（株）,"長沼線［矢田野経由］, 長沼高校線［矢田野経由］"
矢田野下,福島交通（株）,"長沼線［矢田野経由］, 長沼高校線［矢田野経由］"
弥五島長沼,会津乗合自動車（株）,枝松線：枝松・小沼崎
宮前,福島交通（株）,"石川線［竜崎経由］, 岡の内線"
上新田,福島交通（株）,蓬田線
中山,福島交通（株）,石川線［母畑経由］
磯上,会津乗合自動車（株）,戸赤線
小池,会津乗合自動車（株）,戸赤線
鏡田,福島交通（株）,"成田線［久来石経由］, 竜生線, 二岐線, 長沼車庫線［牧の内経由］, 長沼車庫線［牧の内・竜生経由］, 丸山線, 南沢線［古戸経由］, 岩農線"
牧本小学校,福島交通（株）,"竜生線, 二岐線, 長沼車庫線［牧の内経由］, 長沼車庫線［牧の内・竜生経由］"
沢入入口,会津乗合自動車（株）,"枝松線：下郷中・旭田小経由, 枝松線：下郷中経由"
中沢入口,福島交通（株）,後川線［永田経由］
志源行,会津乗合自動車（株）,戸赤線
鳳坂峠,福島交通（株）,二岐線
大東小入口,福島交通（株）,石川線［母畑経由］
牡丹台ニュータウン,福島交通（株）,"石川線［竜崎経由］, 岡の内線"
西の浦,会津乗合自動車（株）,枝松線：枝松・小沼崎
牧の内,福島交通（株）,"竜生線, 二岐線, 長沼車庫線［牧の内経由］, 長沼車庫線［牧の内・竜生経由］"
板倉,会津乗合自動車（株）,戸赤線
界［村中］,南会津町,南郷地域乗合タクシー
下郷中学校入口,会津乗合自動車（株）,"枝松線：下郷中経由, 枝松線：枝松・小沼崎"
下郷中学校,会津乗合自動車（株）,"音金線, 戸赤線, 枝松線：下郷中・旭田小経由, 枝松線：下郷中経由, 枝松線：枝松・小沼崎, 南倉沢線"
天栄局前,福島交通（株）,"竜生線, 二岐線, 長沼車庫線［牧の内経由］, 長沼車庫線［牧の内・竜生経由］"
下郷消防署前,会津乗合自動車（株）,"枝松線：下郷中経由, 枝松線：枝松・小沼崎"
雨田,福島交通（株）,石川線［母畑経由］
鏡沼,福島交通（株）,"成田線［久来石経由］, 竜生線, 二岐線, 長沼車庫線［牧の内経由］, 長沼車庫線［牧の内・竜生経由］, 丸山線, 南沢線［古戸経由］, 岩農線"
橋坂,会津乗合自動車（株）,"枝松線：下郷中・旭田小経由, 枝松線：下郷中経由, 枝松線：枝松・小沼崎"
前田川西口,福島交通（株）,"石川線［竜崎経由］, 岡の内線"
百目木沢,福島交通（株）,後川線［永田経由］
上屋敷,福島交通（株）,"竜生線, 二岐線, 長沼車庫線［牧の内経由］, 長沼車庫線［牧の内・竜生経由］"
萩原,会津乗合自動車（株）,戸赤線
公民館前（下郷町）,会津乗合自動車（株）,"枝松線：下郷中・旭田小経由, 枝松線：下郷中経由"
作田,福島交通（株）,後川線［永田経由］
堂久保入口,福島交通（株）,小野・石川線
荒井前,福島交通（株）,"竜生線, 二岐線, 長沼車庫線［牧の内経由］, 長沼車庫線［牧の内・竜生経由］"
新屋敷,福島交通（株）,"竜生線, 二岐線, 長沼車庫線［牧の内経由］, 長沼車庫線［牧の内・竜生経由］"
成岡下,会津乗合自動車（株）,戸赤線
上松本,福島交通（株）,"竜生線, 二岐線, 長沼車庫線［牧の内経由］, 長沼車庫線［牧の内・竜生経由］"
中妻中央,会津乗合自動車（株）,"枝松線：下郷中・旭田小経由, 枝松線：下郷中経由"
槻の木,福島交通（株）,"竜生線, 二岐線, 長沼車庫線［牧の内経由］, 長沼車庫線［牧の内・竜生経由］, 丸山線, 南沢線［古戸経由］"
不時沼,福島交通（株）,"成田線［久来石経由］, 竜生線, 二岐線, 長沼車庫線［牧の内経由］, 長沼車庫線［牧の内・竜生経由］, 丸山線, 南沢線［古戸経由］, 岩農線"
姫川橋,会津乗合自動車（株）,"戸赤線, 枝松線：下郷中・旭田小経由, 枝松線：下郷中経由, 枝松線：枝松・小沼崎"
原（下郷町）,会津乗合自動車（株）,戸赤線
戸の内,福島交通（株）,"竜生線, 二岐線, 長沼車庫線［牧の内経由］, 長沼車庫線［牧の内・竜生経由］"
曲山,福島交通（株）,小野・石川線
石井,会津乗合自動車（株）,戸赤線
岩渕,福島交通（株）,"竜生線, 二岐線, 長沼車庫線［牧の内経由］, 長沼車庫線［牧の内・竜生経由］, 丸山線, 南沢線［古戸経由］"
鏡石岡の内,福島交通（株）,"竜生線, 二岐線, 長沼車庫線［牧の内経由］, 長沼車庫線［牧の内・竜生経由］, 丸山線, 南沢線［古戸経由］"
夏井局前,新常磐交通（株）,川内〜小野〜上三坂
戸赤,会津乗合自動車（株）,戸赤線
前田川東口,福島交通（株）,"石川線［竜崎経由］, 岡の内線"
中妻新田,会津乗合自動車（株）,枝松線：下郷中・旭田小経由
日影,会津乗合自動車（株）,戸赤線
下新田,福島交通（株）,蓬田線
旭橋,会津乗合自動車（株）,"音金線, 枝松線：下郷中・旭田小経由, 南倉沢線"
岡の内,福島交通（株）,岡の内線
楢原中央待合所,会津乗合自動車（株）,"音金線, 戸赤線, 枝松線：下郷中・旭田小経由, 枝松線：下郷中経由, 枝松線：枝松・小沼崎, 南倉沢線"
新鏡石,福島交通（株）,"竜生線, 二岐線, 長沼車庫線［牧の内経由］, 長沼車庫線［牧の内・竜生経由］, 丸山線, 南沢線［古戸経由］"
横内,福島交通（株）,"竜生線, 二岐線, 長沼車庫線［牧の内経由］, 長沼車庫線［牧の内・竜生経由］, 南沢線［古戸経由］, 今坂・大信庁舎線"
会津下郷駅,会津乗合自動車（株）,"音金線, 戸赤線, 枝松線：下郷中・旭田小経由, 枝松線：下郷中経由, 枝松線：枝松・小沼崎, 南倉沢線"
鏡石,福島交通（株）,"成田線［久来石経由］, 竜生線, 二岐線, 長沼車庫線［牧の内経由］, 長沼車庫線［牧の内・竜生経由］, 丸山線, 南沢線［古戸経由］, 岩農線"
鏡石駅入口,福島交通（株）,"竜生線, 二岐線, 長沼車庫線［牧の内経由］, 長沼車庫線［牧の内・竜生経由］, 丸山線, 南沢線［古戸経由］"
要谷,福島交通（株）,"竜生線, 二岐線, 長沼車庫線［牧の内経由］, 長沼車庫線［牧の内・竜生経由］"
天栄村役場,福島交通（株）,"竜生線, 二岐線, 長沼車庫線［牧の内経由］, 長沼車庫線［牧の内・竜生経由］, 南沢線［古戸経由］, 今坂・大信庁舎線"
上の台,福島交通（株）,岡の内線
今坂,福島交通（株）,"竜生線, 二岐線, 長沼車庫線［牧の内経由］, 長沼車庫線［牧の内・竜生経由］, 南沢線［古戸経由］, 今坂・大信庁舎線"
稲田学校入口,福島交通（株）,"竜生線, 二岐線, 長沼車庫線［牧の内経由］, 長沼車庫線［牧の内・竜生経由］, 丸山線, 南沢線［古戸経由］"
記念碑,福島交通（株）,石川線［母畑経由］
下松本,福島交通（株）,"竜生線, 二岐線, 長沼車庫線［牧の内経由］, 長沼車庫線［牧の内・竜生経由］"
宮ノ前,新常磐交通（株）,川内〜小野〜上三坂
会津下郷駅入口,会津乗合自動車（株）,"枝松線：下郷中・旭田小経由, 枝松線：枝松・小沼崎"
古戸,福島交通（株）,"丸山線, 南沢線［古戸経由］"
下郷公民館前,会津乗合自動車（株）,"音金線, 南倉沢線"
夏井駅前,新常磐交通（株）,川内〜小野〜上三坂
稲荷田,福島交通（株）,"石川線［竜崎経由］, 岡の内線"
上白子,福島交通（株）,"竜生線, 二岐線, 長沼車庫線［牧の内経由］, 長沼車庫線［牧の内・竜生経由］, 南沢線［古戸経由］"
牛ヶ池,福島交通（株）,岩農線
岩農,福島交通（株）,岩農線
役場前（下郷町）,会津乗合自動車（株）,"音金線, 枝松線：下郷中・旭田小経由, 南倉沢線"
下古戸,福島交通（株）,"丸山線, 南沢線［古戸経由］"
大栗,福島交通（株）,石川線［母畑経由］
岩瀬牧場,福島交通（株）,岩農線
保土原下,福島交通（株）,"竜生線, 二岐線, 長沼車庫線［牧の内経由］, 長沼車庫線［牧の内・竜生経由］, 丸山線, 南沢線［古戸経由］"
西畑中,福島交通（株）,"南沢線［古戸経由］, 今坂・大信庁舎線"
鏡石第一小学校,福島交通（株）,成田線［久来石経由］
中白子,福島交通（株）,"竜生線, 二岐線, 長沼車庫線［牧の内経由］, 長沼車庫線［牧の内・竜生経由］, 南沢線［古戸経由］"
農協前,会津乗合自動車（株）,"音金線, 枝松線：下郷中・旭田小経由"
塩生農協前,会津乗合自動車（株）,"音金線, 南倉沢線"
刈合,会津乗合自動車（株）,"枝松線：下郷中・旭田小経由, 枝松線：枝松・小沼崎"
俵井,福島交通（株）,岩農線
折の内,福島交通（株）,後川線［永田経由］
旭田小学校前,会津乗合自動車（株）,"音金線, 枝松線：下郷中・旭田小経由, 南倉沢線"
鏡石駅前,福島交通（株）,"成田線［久来石経由］, 竜生線, 二岐線, 長沼車庫線［牧の内経由］, 長沼車庫線［牧の内・竜生経由］, 丸山線, 南沢線［古戸経由］, 岩農線"
宮床鍛冶屋前,南会津町,南郷地域乗合タクシー
保土原上,福島交通（株）,"竜生線, 二岐線, 長沼車庫線［牧の内経由］, 長沼車庫線［牧の内・竜生経由］, 丸山線, 南沢線［古戸経由］"
畑中,福島交通（株）,今坂・大信庁舎線
寺作田,福島交通（株）,"丸山線, 南沢線［古戸経由］"
鏡石中央,福島交通（株）,成田線［久来石経由］
道の駅ならは,新常磐交通（株）,いわき駅〜富岡
道の駅ひらた,福島交通（株）,蓬田線
下白子,福島交通（株）,"竜生線, 二岐線, 長沼車庫線［牧の内経由］, 長沼車庫線［牧の内・竜生経由］, 南沢線［古戸経由］"
入山,福島交通（株）,小野・石川線
横山,福島交通（株）,"竜生線, 二岐線, 長沼車庫線［牧の内経由］, 長沼車庫線［牧の内・竜生経由］, 南沢線［古戸経由］"
鏡石中町,福島交通（株）,成田線［久来石経由］
乙字ヶ滝,福島交通（株）,石川線［竜崎経由］
田沢橋,会津乗合自動車（株）,音金線
塩生,会津乗合自動車（株）,南倉沢線
横森前,福島交通（株）,蓬田線
宮床稲葉屋前,南会津町,南郷地域乗合タクシー
沖内入口,福島交通（株）,"竜生線, 二岐線, 長沼車庫線［牧の内経由］, 長沼車庫線［牧の内・竜生経由］, 丸山線"
鏡石中学校,福島交通（株）,成田線［久来石経由］
広戸小学校,福島交通（株）,"竜生線, 二岐線, 長沼車庫線［牧の内経由］, 長沼車庫線［牧の内・竜生経由］, 南沢線［古戸経由］"
中津沢,福島交通（株）,石川線［母畑経由］
十文字,福島交通（株）,"竜生線, 二岐線, 長沼車庫線［牧の内経由］, 長沼車庫線［牧の内・竜生経由］, 丸山線, 南沢線［古戸経由］"
天栄村農協,福島交通（株）,今坂・大信庁舎線
旭町,福島交通（株）,成田線［久来石経由］
丸山車庫,福島交通（株）,丸山線
老人福祉センター入口,福島交通（株）,成田線［久来石経由］
山田,福島交通（株）,小野・石川線
桧原,会津乗合自動車（株）,音金線
笠石,福島交通（株）,成田線［久来石経由］
大山ニュータウン前,福島交通（株）,"竜生線, 二岐線, 長沼車庫線［牧の内経由］, 長沼車庫線［牧の内・竜生経由］, 南沢線［古戸経由］"
飯豊集会所,福島交通（株）,"竜生線, 二岐線, 長沼車庫線［牧の内経由］, 長沼車庫線［牧の内・竜生経由］, 南沢線［古戸経由］"
河和久,福島交通（株）,後川線［永田経由］
旧楢原床屋前,会津乗合自動車（株）,"枝松線：下郷中・旭田小経由, 枝松線：枝松・小沼崎"
張平,会津乗合自動車（株）,南倉沢線
大川ふるさと公園入口,会津乗合自動車（株）,音金線
鴇巣,南会津町,南郷地域乗合タクシー
飯豊,福島交通（株）,"竜生線, 二岐線, 長沼車庫線［牧の内経由］, 長沼車庫線［牧の内・竜生経由］, 南沢線［古戸経由］"
二岐,福島交通（株）,二岐線
苧畑,福島交通（株）,"竜生線, 二岐線, 長沼車庫線［牧の内経由］, 長沼車庫線［牧の内・竜生経由］"
上丸山,福島交通（株）,"丸山線, 南沢線［古戸経由］"
清水内,福島交通（株）,"蓬田線, 石川・蓬田線, 小野・石川線"
西側,福島交通（株）,成田線［久来石経由］
下丸山,福島交通（株）,"丸山線, 南沢線［古戸経由］"
旧楢原タバコ屋前,会津乗合自動車（株）,"枝松線：下郷中・旭田小経由, 枝松線：枝松・小沼崎"
滝山,福島交通（株）,石川線［竜崎経由］
沖内,福島交通（株）,"竜生線, 二岐線, 長沼車庫線［牧の内経由］, 長沼車庫線［牧の内・竜生経由］, 丸山線"
南会津中学校前,南会津町,南郷地域乗合タクシー
鏡石第二小学校,福島交通（株）,成田線［久来石経由］
上蓬田,福島交通（株）,"蓬田線, 石川・蓬田線, 小野・石川線"
桃曽根,会津乗合自動車（株）,音金線
長賀,福島交通（株）,後川線［永田経由］
北原,南会津町,南郷地域乗合タクシー
寺の内,福島交通（株）,"丸山線, 南沢線［古戸経由］"
原作田,福島交通（株）,石川線［竜崎経由］
大森田,福島交通（株）,石川線［母畑経由］
阿勢婦,福島交通（株）,後川線［永田経由］
沖田,福島交通（株）,"竜生線, 二岐線, 長沼車庫線［牧の内経由］, 長沼車庫線［牧の内・竜生経由］, 丸山線"
蓬田農協前,福島交通（株）,小野・石川線
老人福祉センター,白河市,大信地域自主運行バス
西小屋,福島交通（株）,"丸山線, 南沢線［古戸経由］"
永志田,福島交通（株）,後川線［永田経由］
高林西,福島交通（株）,"竜生線, 二岐線, 長沼車庫線［牧の内経由］, 長沼車庫線［牧の内・竜生経由］, 丸山線"
四ツ角,福島交通（株）,"丸山線, 南沢線［古戸経由］, 今坂・大信庁舎線"
細田,福島交通（株）,成田線［久来石経由］
豊郷公民館,福島交通（株）,成田線［久来石経由］
上総,会津乗合自動車（株）,"枝松線：下郷中・旭田小経由, 枝松線：枝松・小沼崎"
西原,白河市,大信地域自主運行バス
高林,福島交通（株）,丸山線
下蓬田古寺,福島交通（株）,小野・石川線
大里小学校,福島交通（株）,"丸山線, 南沢線［古戸経由］, 今坂・大信庁舎線, 南沢・大里小学校線"
宇都野,白河市,大信地域自主運行バス
遅沢,福島交通（株）,"蓬田線, 石川・蓬田線"
大松川下,会津乗合自動車（株）,南倉沢線
阿弥陀,福島交通（株）,成田線［久来石経由］
小川入口,福島交通（株）,"丸山線, 南沢線［古戸経由］"
竜崎西口,福島交通（株）,石川線［竜崎経由］
武名坂,福島交通（株）,小野・石川線
狸森,福島交通（株）,石川線［母畑経由］
下小川,福島交通（株）,丸山線
倉村タバコ屋前,会津乗合自動車（株）,"枝松線：下郷中・旭田小経由, 枝松線：枝松・小沼崎"
成田本町,福島交通（株）,成田線［久来石経由］
川畑,福島交通（株）,成田線［久来石経由］
中豊郷,福島交通（株）,成田線［久来石経由］
原町,白河市,大信地域自主運行バス
上小川,福島交通（株）,"丸山線, 南沢線［古戸経由］"
池の台,福島交通（株）,成田線［久来石経由］
中小川,福島交通（株）,"丸山線, 南沢線［古戸経由］"
宮内（下郷町）,会津乗合自動車（株）,南倉沢線
仁戸内,福島交通（株）,"丸山線, 南沢線［古戸経由］"
十日市,白河市,大信地域自主運行バス
沢口,南会津町,南郷地域乗合タクシー
成田,福島交通（株）,成田線［久来石経由］
倉村,会津乗合自動車（株）,"枝松線：下郷中・旭田小経由, 枝松線：枝松・小沼崎"
諏訪神社,福島交通（株）,後川線［永田経由］
磐城関根,福島交通（株）,小野・石川線
竜崎東口,福島交通（株）,石川線［竜崎経由］
仙久内,白河市,大信地域自主運行バス
深沢,福島交通（株）,"丸山線, 南沢線［古戸経由］"
桑名屋敷,福島交通（株）,"丸山線, 南沢線［古戸経由］"
上の村旭田郵便局前,会津乗合自動車（株）,南倉沢線
南房,福島交通（株）,"丸山線, 南沢線［古戸経由］"
上羽出庭,福島交通（株）,後川線［永田経由］
久来石,福島交通（株）,成田線［久来石経由］
沢邸,福島交通（株）,"丸山線, 南沢線［古戸経由］, 今坂・大信庁舎線, 南沢・大里小学校線"
新田,福島交通（株）,石川線［母畑経由］
板橋,南会津町,南郷地域乗合タクシー
落合入口,会津乗合自動車（株）,"枝松線：下郷中・旭田小経由, 枝松線：枝松・小沼崎"
柴の内,福島交通（株）,成田線［久来石経由］
宮作,福島交通（株）,後川線［永田経由］
六地蔵前,福島交通（株）,"蓬田線, 石川・蓬田線"
日向屋敷,白河市,大信地域自主運行バス
借又,福島交通（株）,成田線［久来石経由］
五の神,福島交通（株）,後川線［永田経由］
浅布,昭和村,昭和村南会津町生活バス
東部工業団地,福島交通（株）,成田線［久来石経由］
下山口,南会津町,南郷地域乗合タクシー
木令,会津乗合自動車（株）,南倉沢線
東部工業団地入口,福島交通（株）,成田線［久来石経由］
空釜,福島交通（株）,小野・石川線
落合下川原,会津乗合自動車（株）,"枝松線：下郷中・旭田小経由, 枝松線：枝松・小沼崎"
落合,会津乗合自動車（株）,音金線
山口郵便局前,南会津町,南郷地域乗合タクシー
中村,福島交通（株）,石川線［竜崎経由］
杉の沢入口,会津乗合自動車（株）,南倉沢線
養鱒公園駅前,会津乗合自動車（株）,音金線
沢名,福島交通（株）,後川線［永田経由］
山口営業所,会津乗合自動車（株）,田島・内川線
芹沢,福島交通（株）,南沢線［古戸経由］
小泉,福島交通（株）,石川線［母畑経由］
下鴇子,福島交通（株）,"蓬田線, 後川線［永田経由］, 石川・蓬田線"
駒場平,福島交通（株）,小野・石川線
山口,南会津町,南郷地域乗合タクシー
きらら289前,南会津町,南郷地域乗合タクシー
山口温泉きらら289,会津乗合自動車（株）,田島・内川線
立石,福島交通（株）,後川線［永田経由］
南沢入口,福島交通（株）,"今坂・大信庁舎線, 南沢・大里小学校線"
塚田,福島交通（株）,"蓬田線, 後川線［永田経由］, 石川・蓬田線"
北須釜,福島交通（株）,石川線［母畑経由］
南郷小学校入口,会津乗合自動車（株）,田島・内川線
南沢,福島交通（株）,"南沢線［古戸経由］, 南沢・大里小学校線"
平田村役場前,福島交通（株）,"蓬田線, 後川線［永田経由］, 石川・蓬田線"
大橋,南会津町,南郷地域乗合タクシー
上鴇子,福島交通（株）,後川線［永田経由］
上小屋,白河市,大信地域自主運行バス
下川原,会津乗合自動車（株）,"枝松線：下郷中・旭田小経由, 枝松線：枝松・小沼崎"
新藤歯科医院前,会津乗合自動車（株）,田島・内川線
明神前,福島交通（株）,石川線［母畑経由］
永田広町,福島交通（株）,"蓬田線, 後川線［永田経由］, 石川・蓬田線"
上小屋（下）,白河市,大信地域自主運行バス
永田局前,福島交通（株）,"蓬田線, 後川線［永田経由］, 石川・蓬田線"
和名田,新常磐交通（株）,川内〜小野〜上三坂
上高野,昭和村,昭和村南会津町生活バス
西宿,白河市,大信地域自主運行バス
長野駅前,会津乗合自動車（株）,"枝松線：下郷中・旭田小経由, 枝松線：枝松・小沼崎"
旧大屋小学校前,白河市,大信地域自主運行バス
中小屋,会津乗合自動車（株）,田島・内川線
中小屋,南会津町,南郷地域乗合タクシー
樋ノ口,白河市,大信地域自主運行バス
長野郵便局前,会津乗合自動車（株）,"枝松線：下郷中・旭田小経由, 枝松線：枝松・小沼崎"
日篭,白河市,大信地域自主運行バス
中永田,福島交通（株）,"蓬田線, 後川線［永田経由］, 石川・蓬田線"
長野,会津乗合自動車（株）,"枝松線：下郷中・旭田小経由, 枝松線：枝松・小沼崎"
林中,会津乗合自動車（株）,"枝松線：下郷中・旭田小経由, 枝松線：枝松・小沼崎"
泉郷駅前,福島交通（株）,石川線［竜崎経由］
宮沢,白河市,大信地域自主運行バス
煙石,福島交通（株）,小野・石川線
長野林,会津乗合自動車（株）,"枝松線：下郷中・旭田小経由, 枝松線：枝松・小沼崎"
南倉沢タバコ屋前,会津乗合自動車（株）,南倉沢線
広野町役場入口,新常磐交通（株）,いわき駅〜富岡
大高内,白河市,大信地域自主運行バス
南倉沢,会津乗合自動車（株）,南倉沢線
奥平,福島交通（株）,石川線［母畑経由］
セブン玉川店前,福島交通（株）,石川線［竜崎経由］
田部原,会津乗合自動車（株）,"枝松線：下郷中・旭田小経由, 枝松線：枝松・小沼崎"
岩下入口,昭和村,昭和村南会津町生活バス
大新田,会津乗合自動車（株）,田島・内川線
北田,福島交通（株）,小野・石川線
上新城,白河市,大信地域自主運行バス
玉川村役場前,福島交通（株）,石川線［竜崎経由］
田島高校入口,会津乗合自動車（株）,"枝松線：下郷中・旭田小経由, 枝松線：枝松・小沼崎"
日和田,白河市,大信地域自主運行バス
上永田,福島交通（株）,"蓬田線, 後川線［永田経由］, 石川・蓬田線"
上新城入口,福島交通（株）,今坂・大信庁舎線
大信小学校前,白河市,大信地域自主運行バス
三城目入口,福島交通（株）,石川線［竜崎経由］
日和田（下）,白河市,大信地域自主運行バス
赤坂集会所前,白河市,大信地域自主運行バス
北の宿,福島交通（株）,石川線［母畑経由］
草場,福島交通（株）,小野・石川線
養鱒公園前,会津乗合自動車（株）,音金線
堂山入口,白河市,大信地域自主運行バス
田園町府,白河市,大信地域自主運行バス
戸沢,新常磐交通（株）,川内〜小野〜上三坂
県立南会津病院,会津乗合自動車（株）,"県立南会津病院線, 枝松線：下郷中・旭田小経由, 田島・内川線"
県立南会津病院,昭和村,昭和村南会津町生活バス
真名子,福島交通（株）,"真名子線, 真名子線［イオン経由］"
東,会津乗合自動車（株）,田島・内川線
東,南会津町,南郷地域乗合タクシー
中新城,白河市,大信地域自主運行バス
矢吹駅前,白河市,大信地域自主運行バス
水根沢,会津乗合自動車（株）,田島・内川線
上塩江,会津乗合自動車（株）,田島・内川線
町屋,福島交通（株）,今坂・大信庁舎線
栗生沢入口,会津乗合自動車（株）,"枝松線：下郷中・旭田小経由, 枝松線：枝松・小沼崎"
赤坂ニュータウン前,白河市,大信地域自主運行バス
十王橋北,白河市,大信地域自主運行バス
十文字下,会津乗合自動車（株）,音金線
下塩江,会津乗合自動車（株）,田島・内川線
南宿,福島交通（株）,石川線［母畑経由］
蒜生,福島交通（株）,石川線［竜崎経由］
高野入口,会津乗合自動車（株）,"県立南会津病院線, 枝松線：下郷中・旭田小経由, 田島・内川線"
下福米沢,会津乗合自動車（株）,田島・内川線
地我,福島交通（株）,"蓬田線, 後川線［永田経由］, 石川・蓬田線"
上福米沢,会津乗合自動車（株）,田島・内川線
福米沢学校前,会津乗合自動車（株）,田島・内川線
帯沢入口,会津乗合自動車（株）,田島・内川線
野寺,白河市,大信地域自主運行バス
西町,会津乗合自動車（株）,"県立南会津病院線, 枝松線：下郷中・旭田小経由, 田島・内川線"
西町,昭和村,昭和村南会津町生活バス
東荒井,会津乗合自動車（株）,"枝松線：下郷中・旭田小経由, 枝松線：枝松・小沼崎"
福祉センター前,白河市,大信地域自主運行バス
大信庁舎前,福島交通（株）,"今坂・大信庁舎線, 白河・大信庁舎線"
大信庁舎前,白河市,大信地域自主運行バス
十文字中,会津乗合自動車（株）,音金線
桧沢橋,会津乗合自動車（株）,田島・内川線
田島駅前,昭和村,昭和村南会津町生活バス
金井沢下村,会津乗合自動車（株）,田島・内川線
会津田島駅前,会津乗合自動車（株）,"県立南会津病院線, 枝松線：下郷中・旭田小経由, 枝松線：枝松・小沼崎, 田島・内川線"
下草場,福島交通（株）,小野・石川線
合同庁舎前（南会津町）,会津乗合自動車（株）,"県立南会津病院線, 枝松線：下郷中・旭田小経由, 田島・内川線"
今生,会津乗合自動車（株）,田島・内川線
古宿,福島交通（株）,石川線［母畑経由］
合同庁舎前,昭和村,昭和村南会津町生活バス
金井沢中村,会津乗合自動車（株）,田島・内川線
駅前四ッ角（田島駅）,会津乗合自動車（株）,"県立南会津病院線, 田島・内川線"
田島東町,会津乗合自動車（株）,"枝松線：下郷中・旭田小経由, 枝松線：枝松・小沼崎"
鴫山城址入口,会津乗合自動車（株）,"県立南会津病院線, 枝松線：下郷中・旭田小経由, 田島・内川線"
福祉センター入口,福島交通（株）,白河・大信庁舎線
青井沢入口,福島交通（株）,小野・石川線
北ノ内,白河市,大信地域自主運行バス
木伏,会津乗合自動車（株）,田島・内川線
増見,福島交通（株）,白河・大信庁舎線
金井沢上,会津乗合自動車（株）,田島・内川線
駒止湿原入口,会津乗合自動車（株）,田島・内川線
十文字上,会津乗合自動車（株）,音金線
愛宕下,福島交通（株）,白河・大信庁舎線
石川坂,福島交通（株）,石川線［母畑経由］
豆渡,会津乗合自動車（株）,田島・内川線
千五沢,福島交通（株）,小野・石川線
音金下の原,会津乗合自動車（株）,音金線
黒沢,会津乗合自動車（株）,田島・内川線
須釜口,福島交通（株）,小野・石川線
臼石,新常磐交通（株）,川内〜小野〜上三坂
石久保,福島交通（株）,白河・大信庁舎線
川辺西口,福島交通（株）,石川線［竜崎経由］
矢吹メガステージ,白河市,大信地域自主運行バス
母畑レークサイド前,福島交通（株）,小野・石川線
南小学校,会津乗合自動車（株）,音金線
音金下坪,会津乗合自動車（株）,音金線
差塩仲町,新常磐交通（株）,永井入口〜差塩仲町
青柳入口,会津乗合自動車（株）,田島・内川線
宮の前,福島交通（株）,"蓬田線, 後川線［永田経由］, 石川・蓬田線"
十本木,会津乗合自動車（株）,田島・内川線
針生堀割,会津乗合自動車（株）,田島・内川線
大日向,福島交通（株）,白河・大信庁舎線
青柳,会津乗合自動車（株）,田島・内川線
青柳,南会津町,南郷地域乗合タクシー
川辺東口,福島交通（株）,石川線［竜崎経由］
中三坂入口,新常磐交通（株）,"いわき駅前〜隅田川・好間平坑・榊小屋・差塩・上三坂, 上三坂⇔好間高校"
如意輪観音,会津乗合自動車（株）,音金線
国道三坂,新常磐交通（株）,"いわき駅前〜隅田川・好間平坑・榊小屋・差塩・上三坂, 川内〜小野〜上三坂, 上三坂⇔好間高校"
牛窪,福島交通（株）,"真名子線, 真名子線［イオン経由］"
藤越坂,福島交通（株）,石川線［母畑経由］
母畑ダム,福島交通（株）,小野・石川線
地蔵前,新常磐交通（株）,永井入口〜差塩仲町
北方,福島交通（株）,"蓬田線, 後川線［永田経由］, 石川・蓬田線"
古峯神社,新常磐交通（株）,"いわき駅前〜隅田川・好間平坑・榊小屋・差塩・上三坂, 上三坂⇔好間高校"
田麦入口,福島交通（株）,"蓬田線, 後川線［永田経由］, 石川・蓬田線"
音金上坪,会津乗合自動車（株）,音金線
赤坂団地,福島交通（株）,石川線［竜崎経由］
中坪下,会津乗合自動車（株）,音金線
虫笠上,福島交通（株）,"真名子線, 真名子線［イオン経由］"
針生みどり屋前,会津乗合自動車（株）,田島・内川線
中坪上,会津乗合自動車（株）,音金線
針生入口,会津乗合自動車（株）,田島・内川線
蛇石,福島交通（株）,"蓬田線, 後川線［永田経由］, 石川・蓬田線"
二ツ石,新常磐交通（株）,永井入口〜差塩仲町
針生宮の下,会津乗合自動車（株）,田島・内川線
虫笠,福島交通（株）,"真名子線, 真名子線［イオン経由］"
青少年旅行村前,会津乗合自動車（株）,田島・内川線
後川,福島交通（株）,"蓬田線, 後川線［永田経由］, 石川・蓬田線"
滑里川入口,福島交通（株）,白河・大信庁舎線
フードセンターヤブキ,福島交通（株）,"蓬田線, 石川・蓬田線"
前の内,福島交通（株）,小野・石川線
小平小学校,福島交通（株）,"蓬田線, 後川線［永田経由］, 石川・蓬田線"
武道池,福島交通（株）,石川線［竜崎経由］
正門前,福島交通（株）,"蓬田線, 後川線［永田経由］, 石川・蓬田線"
外面,福島交通（株）,白河・大信庁舎線
だいくらスキー場入口,会津乗合自動車（株）,田島・内川線
古町温泉入口,会津乗合自動車（株）,田島・内川線
上三坂,新常磐交通（株）,"いわき駅前〜隅田川・好間平坑・榊小屋・差塩・上三坂, 川内〜小野〜上三坂, 上三坂⇔好間高校"
光南高校前,白河市,大信地域自主運行バス
一本松,福島交通（株）,石川線［母畑経由］
田ノ入,新常磐交通（株）,"いわき駅前〜隅田川・好間平坑・榊小屋・差塩・上三坂, 上三坂⇔好間高校"
清水,福島交通（株）,"蓬田線, 石川・蓬田線"
差塩道添,新常磐交通（株）,永井入口〜差塩仲町
古町局前,会津乗合自動車（株）,田島・内川線
上の原,福島交通（株）,"真名子線, 真名子線［イオン経由］"
差塩,新常磐交通（株）,永井入口〜差塩仲町
飯土用入口,福島交通（株）,白河・大信庁舎線
桃園,福島交通（株）,"蓬田線, 石川・蓬田線"
橋本,新常磐交通（株）,永井入口〜差塩仲町
小塩（南会津町）,会津乗合自動車（株）,田島・内川線
古町下,会津乗合自動車（株）,田島・内川線
野木沢北口,福島交通（株）,石川線［竜崎経由］
母畑自治センター前,福島交通（株）,石川線［母畑経由］
小塩公民館前,会津乗合自動車（株）,田島・内川線
古町農協前,会津乗合自動車（株）,田島・内川線
神社前,新常磐交通（株）,永井入口〜差塩仲町
古町タバコ屋前,会津乗合自動車（株）,田島・内川線
由井ヶ原,福島交通（株）,"新白河・由井ヶ原線, 由井ヶ原線［追原経由］"
新甲子,福島交通（株）,"甲子線［追原経由］, 甲子線［イオン・追原経由］"
キョロロン村,福島交通（株）,"甲子線［追原経由］, 甲子線［イオン・追原経由］"
公園入口,福島交通（株）,"甲子線［追原経由］, 甲子線［イオン・追原経由］"
高原ホテル前,福島交通（株）,"甲子線［追原経由］, 甲子線［イオン・追原経由］"
母畑元湯,福島交通（株）,石川線［母畑経由］
下田,福島交通（株）,"蓬田線, 石川・蓬田線"
上羽太,福島交通（株）,"真名子線, 真名子線［イオン経由］"
野木沢駅前,福島交通（株）,石川線［竜崎経由］
ゴルフ場入口,福島交通（株）,"甲子線［追原経由］, 甲子線［イオン・追原経由］"
下由井ヶ原,福島交通（株）,"新白河・由井ヶ原線, 由井ヶ原線［追原経由］"
梅田入口,新常磐交通（株）,"いわき駅前〜隅田川・好間平坑・榊小屋・差塩・上三坂, 上三坂⇔好間高校"
中羽太,福島交通（株）,"真名子線, 真名子線［イオン経由］"
大沢入口,新常磐交通（株）,永井入口〜差塩仲町
中の湯,福島交通（株）,"石川線［母畑経由］, 小野・石川線"
暮坪,福島交通（株）,"蓬田線, 石川・蓬田線"
塩沢西口,福島交通（株）,石川線［竜崎経由］
雪割公園前,福島交通（株）,"新白河・由井ヶ原線, 由井ヶ原線［追原経由］"
下羽太住宅前,福島交通（株）,"真名子線, 真名子線［イオン経由］"
小野木クリニック前,会津乗合自動車（株）,田島・内川線
中倉,福島交通（株）,"蓬田線, 石川・蓬田線"
米子平,福島交通（株）,"石川線［母畑経由］, 小野・石川線"
下羽太,福島交通（株）,"真名子線, 真名子線［イオン経由］, 北部循環"
宮沢公民館前,会津乗合自動車（株）,田島・内川線
発電所前,福島交通（株）,"新白河・由井ヶ原線, 由井ヶ原線［追原経由］"
鳥内橋,福島交通（株）,鳥内橋線
高清水,福島交通（株）,"甲子線［追原経由］, 甲子線［イオン・追原経由］"
小山,福島交通（株）,"真名子線, 真名子線［イオン経由］, 北部循環"
下の湯,福島交通（株）,"石川線［母畑経由］, 小野・石川線"
狸屋敷,福島交通（株）,北部循環
小萱,福島交通（株）,"甲子線［追原経由］, 甲子線［イオン・追原経由］"
宮沢清水屋前,会津乗合自動車（株）,田島・内川線
広谷地,福島交通（株）,白河・大信庁舎線
大河内,福島交通（株）,"蓬田線, 石川・蓬田線"
由井ヶ原入口,福島交通（株）,"甲子線［追原経由］, 新白河・由井ヶ原線, 甲子線［イオン・追原経由］, 由井ヶ原線［追原経由］"
塩沢東口,福島交通（株）,石川線［竜崎経由］
八幡前,福島交通（株）,白河・小田川線
南,福島交通（株）,"真名子線, 真名子線［イオン経由］"
上鵰巣,福島交通（株）,名花線
大日向団地,福島交通（株）,石川線［竜崎経由］
関場,福島交通（株）,"石川線［母畑経由］, 小野・石川線"
小林,福島交通（株）,"蓬田線, 石川・蓬田線"
自衛隊正門前,福島交通（株）,"川谷線［追原経由］, 甲子線［追原経由］, 新白河・由井ヶ原線, 甲子線［イオン・追原経由］, 由井ヶ原線［追原経由］"
高助,福島交通（株）,"高助線, 高助線［イオン経由］"
和久,福島交通（株）,鳥内橋線
羽太グリーンタウン,福島交通（株）,北部循環
小田川下,福島交通（株）,白河・小田川線
川谷,福島交通（株）,"川谷線［追原経由］, 甲子線［追原経由］, 新白河・由井ヶ原線, 甲子線［イオン・追原経由］, 由井ヶ原線［追原経由］, 川谷線［原中経由］"
長沢,新常磐交通（株）,"いわき駅前〜隅田川・好間平坑・榊小屋・差塩・上三坂, 上三坂⇔好間高校"
石田,福島交通（株）,石川線［竜崎経由］
老人福祉センター前,福島交通（株）,"川谷線［追原経由］, 甲子線［追原経由］, 新白河・由井ヶ原線, 甲子線［イオン・追原経由］, 由井ヶ原線［追原経由］"
小田川上,福島交通（株）,白河・小田川線
桜道中央,福島交通（株）,"川谷線［追原経由］, 甲子線［追原経由］, 新白河・由井ヶ原線, 甲子線［イオン・追原経由］, 由井ヶ原線［追原経由］"
追原入口,福島交通（株）,"川谷線［追原経由］, 甲子線［追原経由］, 新白河・由井ヶ原線, 甲子線［イオン・追原経由］, 由井ヶ原線［追原経由］"
北山,福島交通（株）,"石川線［母畑経由］, 小野・石川線"
小田川入口,福島交通（株）,白河・小田川線
上白沢,会津乗合自動車（株）,田島・内川線
家の前,福島交通（株）,名花線
上永井,新常磐交通（株）,永井入口〜差塩仲町
永井坂,新常磐交通（株）,永井入口〜差塩仲町
川谷局前,福島交通（株）,"川谷線［追原経由］, 甲子線［追原経由］, 新白河・由井ヶ原線, 甲子線［イオン・追原経由］, 由井ヶ原線［追原経由］, 川谷線［原中経由］"
新屋敷,福島交通（株）,鳥内橋線
石川町役場,福島交通（株）,石川線［竜崎経由］
鶴生下,福島交通（株）,"高助線, 高助線［イオン経由］"
西郷瀞入口,福島交通（株）,"川谷線［追原経由］, 甲子線［追原経由］, 新白河・由井ヶ原線, 甲子線［イオン・追原経由］, 由井ヶ原線［追原経由］"
屋敷入,福島交通（株）,"石川線［母畑経由］, 小野・石川線"
後田,福島交通（株）,名花線
上柏野,福島交通（株）,"真名子線, 真名子線［イオン経由］"
下熊倉入口,福島交通（株）,北部循環
鶴生上,福島交通（株）,"高助線, 高助線［イオン経由］"
追原橋,福島交通（株）,"川谷線［追原経由］, 甲子線［追原経由］, 新白河・由井ヶ原線, 甲子線［イオン・追原経由］, 由井ヶ原線［追原経由］"
熊倉四ツ角,福島交通（株）,"高助線, 高助線［イオン経由］, 北部循環"
西郷一中,福島交通（株）,"高助線, 高助線［イオン経由］"
四ツ門,福島交通（株）,"川谷線［追原経由］, 甲子線［追原経由］, 新白河・由井ヶ原線, 甲子線［イオン・追原経由］, 由井ヶ原線［追原経由］, 川谷線［原中経由］"
天狗の入り,福島交通（株）,"石川線［母畑経由］, 小野・石川線"
下鵰巣,福島交通（株）,名花線
論田,福島交通（株）,名花線
矢造,福島交通（株）,"蓬田線, 石川・蓬田線, 名花線"
浜野,会津乗合自動車（株）,田島・内川線
十一屋前,新常磐交通（株）,永井入口〜差塩仲町
成亀,福島交通（株）,鳥内橋線
下熊倉,福島交通（株）,"高助線, 高助線［イオン経由］"
下柏野,福島交通（株）,"真名子線, 真名子線［イオン経由］"
水車,福島交通（株）,"蓬田線, 石川・蓬田線, 名花線"
八又,福島交通（株）,"蓬田線, 石川・蓬田線, 名花線"
石川北町,福島交通（株）,"石川線［母畑経由］, 小野・石川線"
小田川小学校入口,福島交通（株）,白河・小田川線
メガステージ石川入口,福島交通（株）,石川線［竜崎経由］
高野,福島交通（株）,"蓬田線, 石川・蓬田線, 名花線"
川入,福島交通（株）,"蓬田線, 石川・蓬田線, 名花線"
内出,福島交通（株）,"蓬田線, 石川・蓬田線, 名花線"
大平田,新常磐交通（株）,永井入口〜差塩仲町
三森,福島交通（株）,名花線
石戸屋,福島交通（株）,名花線
大塚,福島交通（株）,"蓬田線, 石川・蓬田線, 名花線"
梁瀬,福島交通（株）,鳥内橋線
山下入口,福島交通（株）,"蓬田線, 石川・蓬田線, 名花線"
北町中通り,福島交通（株）,"石川線［母畑経由］, 小野・石川線"
大谷地,福島交通（株）,白河・大信庁舎線
折口,福島交通（株）,"川谷線［追原経由］, 甲子線［追原経由］, 新白河・由井ヶ原線, 甲子線［イオン・追原経由］, 由井ヶ原線［追原経由］"
宿下,新常磐交通（株）,永井入口〜差塩仲町
中学校入口,福島交通（株）,"蓬田線, 石川・蓬田線, 名花線, 仁田線, 竹貫田線, 有実線"
泉田,福島交通（株）,白河・小田川線
名花,福島交通（株）,名花線
上市萱,新常磐交通（株）,"いわき駅前〜隅田川・好間平坑・榊小屋・差塩・上三坂, 上三坂⇔好間高校"
北町入口,福島交通（株）,"石川線［母畑経由］, 小野・石川線"
石川営業所,福島交通（株）,"石川線［竜崎経由］, 蓬田線, 石川線［母畑経由］, 新白河・石川線, 石川・蓬田線, 名花線, 仁田線, 竹貫田線, 鮫川線［宝木経由］, 鳥内橋線, 有実線, 石川・松森線"
芝原牧場前,福島交通（株）,川谷線［原中経由］
新町四ツ角,福島交通（株）,"石川線［竜崎経由］, 蓬田線, 新白河・石川線, 石川・蓬田線, 名花線, 仁田線, 竹貫田線, 鮫川線［宝木経由］, 鳥内橋線, 有実線, 石川・松森線"
白坂下,福島交通（株）,"蓬田線, 石川・蓬田線, 名花線, 仁田線, 竹貫田線, 有実線"
本宮,福島交通（株）,"石川線［竜崎経由］, 蓬田線, 石川線［母畑経由］, 新白河・石川線, 石川・蓬田線, 名花線, 仁田線, 竹貫田線, 鮫川線［宝木経由］, 鳥内橋線, 有実線, 石川・松森線"
三芦橋,福島交通（株）,"石川線［竜崎経由］, 竹貫田線, 有実線"
石川新町,福島交通（株）,"石川線［竜崎経由］, 蓬田線, 石川線［母畑経由］, 新白河・石川線, 石川・蓬田線, 名花線, 仁田線, 竹貫田線, 鮫川線［宝木経由］, 鳥内橋線, 有実線, 石川・松森線"
狐窪,福島交通（株）,"真名子線, 真名子線［イオン経由］"
梁瀬上,福島交通（株）,鳥内橋線
三芦,福島交通（株）,"石川線［竜崎経由］, 竹貫田線, 有実線"
谷地中,福島交通（株）,"高助線, 高助線［イオン経由］, 北部循環"
内川局前,会津乗合自動車（株）,田島・内川線
泥の草入口,福島交通（株）,名花線
神主,福島交通（株）,"蓬田線, 石川・蓬田線, 名花線"
鹿の坂下,福島交通（株）,"竹貫田線, 有実線"
北山形入口,福島交通（株）,"蓬田線, 石川・蓬田線, 名花線, 仁田線, 竹貫田線, 有実線"
石川南町,福島交通（株）,"石川線［竜崎経由］, 蓬田線, 石川線［母畑経由］, 新白河・石川線, 石川・蓬田線, 名花線, 仁田線, 竹貫田線, 鮫川線［宝木経由］, 鳥内橋線, 有実線, 小野・石川線, 石川・松森線"
上双里,福島交通（株）,"仁田線, 竹貫田線, 有実線"
下折口,福島交通（株）,"川谷線［追原経由］, 甲子線［追原経由］, 新白河・由井ヶ原線, 甲子線［イオン・追原経由］, 由井ヶ原線［追原経由］"
作入口,新常磐交通（株）,永井入口〜差塩仲町
弥次郎,福島交通（株）,白河・大信庁舎線
弥次郎,白河市,"こみねっと　中循環　②コース, こみねっと　南循環　③コース"
高崎,新常磐交通（株）,平菱川町〜いわき駅〜上平窪〜高崎
大工内,福島交通（株）,"仁田線, 竹貫田線, 有実線"
久之浜駐在所,新常磐交通（株）,いわき駅〜富岡
白河厚生総合病院,白河市,"こみねっと　中循環　②コース, こみねっと　南循環　③コース"
白河厚生総合病院,福島交通（株）,"由井ヶ原線［追原経由］, 白河・大信庁舎線"
内川,会津乗合自動車（株）,"中山峠・尾瀬線, 中山峠・尾瀬線：冬期, 田島・内川線"
弘法清水,福島交通（株）,白河・小田川線
楚部穴,新常磐交通（株）,"いわき駅前〜隅田川・好間平坑・榊小屋・差塩・上三坂, 上三坂⇔好間高校"
カロウト入口,福島交通（株）,"川谷線［追原経由］, 甲子線［追原経由］, 新白河・由井ヶ原線, 甲子線［イオン・追原経由］, 由井ヶ原線［追原経由］"
石川荒町,福島交通（株）,"石川線［竜崎経由］, 蓬田線, 石川線［母畑経由］, 新白河・石川線, 石川・蓬田線, 名花線, 仁田線, 竹貫田線, 鮫川線［宝木経由］, 鳥内橋線, 有実線, 小野・石川線, 石川・松森線"
沢渡,新常磐交通（株）,"いわき駅前〜隅田川・好間平坑・榊小屋・差塩・上三坂, 上三坂⇔好間高校"
石川町保健センター前,福島交通（株）,"竹貫田線, 有実線"
谷地中入口,福島交通（株）,"真名子線, 真名子線［イオン経由］, 高助線, 高助線［イオン経由］, 北部循環"
古町,福島交通（株）,"石川線［竜崎経由］, 蓬田線, 石川線［母畑経由］, 新白河・石川線, 石川・蓬田線, 名花線, 仁田線, 竹貫田線, 鮫川線［宝木経由］, 鳥内橋線, 有実線, 小野・石川線, 石川・松森線"
内川清水屋前,会津乗合自動車（株）,"中山峠・尾瀬線, 中山峠・尾瀬線：冬期"
真船入口,福島交通（株）,"川谷線［追原経由］, 甲子線［追原経由］, 新白河・由井ヶ原線, 甲子線［イオン・追原経由］, 由井ヶ原線［追原経由］"
当町,福島交通（株）,"石川線［竜崎経由］, 蓬田線, 石川線［母畑経由］, 新白河・石川線, 石川・蓬田線, 名花線, 仁田線, 竹貫田線, 鮫川線［宝木経由］, 鳥内橋線, 有実線, 小野・石川線, 石川・松森線"
馬場町,福島交通（株）,"石川線［竜崎経由］, 蓬田線, 石川線［母畑経由］, 新白河・石川線, 石川・蓬田線, 名花線, 仁田線, 竹貫田線, 鮫川線［宝木経由］, 鳥内橋線, 有実線, 小野・石川線, 石川・松森線"
国道沢渡,新常磐交通（株）,"いわき駅前〜隅田川・好間平坑・榊小屋・差塩・上三坂, 上三坂⇔好間高校"
片岸,新常磐交通（株）,"いわき駅前〜隅田川・好間平坑・榊小屋・差塩・上三坂, 上三坂⇔好間高校"
外薄葉,白河市,"こみねっと　中循環　②コース, こみねっと　南循環　③コース"
下芝原,福島交通（株）,"川谷線［原中経由］, 太陽の国線"
西郷村役場,福島交通（株）,北部循環
白河病院前,福島交通（株）,"由井ヶ原線［追原経由］, 白河・大信庁舎線"
白河病院,白河市,"こみねっと　中循環　②コース, こみねっと　南循環　③コース"
根田,福島交通（株）,白河・小田川線
沢田自治センター,福島交通（株）,新白河・石川線
沢井,福島交通（株）,新白河・石川線
竹貫田車庫,福島交通（株）,竹貫田線
寺前,福島交通（株）,"高助線, 北部循環"
王子平,福島交通（株）,鳥内橋線
片石田,新常磐交通（株）,平菱川町〜いわき駅〜上平窪〜高崎
外槇,福島交通（株）,新白河・石川線
上折口原,福島交通（株）,"川谷線［追原経由］, 甲子線［追原経由］, 新白河・由井ヶ原線, 甲子線［イオン・追原経由］, 由井ヶ原線［追原経由］"
局前,新常磐交通（株）,永井入口〜差塩仲町
石川駅前,福島交通（株）,"石川線［竜崎経由］, 蓬田線, 石川線［母畑経由］, 新白河・石川線, 石川・蓬田線, 名花線, 仁田線, 竹貫田線, 鮫川線［宝木経由］, 鳥内橋線, 有実線, 小野・石川線, 石川・松森線"
竹貫田,福島交通（株）,竹貫田線
形見,福島交通（株）,"仁田線, 竹貫田線, 有実線"
沢田,福島交通（株）,新白河・石川線
片石田東,新常磐交通（株）,平菱川町〜いわき駅〜上平窪〜高崎
西郷役場入口,福島交通（株）,"川谷線［追原経由］, 甲子線［追原経由］, 新白河・由井ヶ原線, 甲子線［イオン・追原経由］, 由井ヶ原線［追原経由］, 北部循環, 南部循環"
永井横山,新常磐交通（株）,永井入口〜差塩仲町
米村,福島交通（株）,"高助線, 北部循環"
米小学校前,福島交通（株）,"真名子線, 真名子線［イオン経由］, 高助線［イオン経由］"
オルキス前,福島交通（株）,新白河・石川線
根古屋橋,新常磐交通（株）,"いわき駅前〜隅田川・好間平坑・榊小屋・差塩・上三坂, 上三坂⇔好間高校"
女石,福島交通（株）,"由井ヶ原線［追原経由］, 白河・大信庁舎線, 白河・小田川線"
女石,白河市,"こみねっと　中循環　②コース, こみねっと　南循環　③コース"
飯沢,白河市,"こみねっと　中循環　②コース, こみねっと　南循環　③コース"
根古屋,新常磐交通（株）,"いわき駅前〜隅田川・好間平坑・榊小屋・差塩・上三坂, 上三坂⇔好間高校"
白石,福島交通（株）,"新白河・石川線, 鳥内橋線"
峯岸,新常磐交通（株）,永井入口〜差塩仲町
小川和具,新常磐交通（株）,平菱川町〜いわき駅〜上平窪〜高崎
作田,福島交通（株）,"高助線, 北部循環"
太陽の国,福島交通（株）,"川谷線［原中経由］, 太陽の国線"
上の原,福島交通（株）,新白河・石川線
折口原,福島交通（株）,"川谷線［追原経由］, 甲子線［追原経由］, 新白河・由井ヶ原線, 甲子線［イオン・追原経由］, 由井ヶ原線［追原経由］, 北部循環, 南部循環"
竹貫田入口,福島交通（株）,竹貫田線
遅川,新常磐交通（株）,"いわき駅前〜隅田川・好間平坑・榊小屋・差塩・上三坂, 上三坂⇔好間高校"
松岡橋,福島交通（株）,"鮫川線［宝木経由］, 石川・松森線"
桜ヶ岡,福島交通（株）,"新白河・石川線, 鳥内橋線"
松の木下,福島交通（株）,"新白河・石川線, 鳥内橋線"
空木,新常磐交通（株）,平菱川町〜いわき駅〜上平窪〜高崎
金勝寺,白河市,"こみねっと　中循環　②コース, こみねっと　南循環　③コース"
猫啼,福島交通（株）,"新白河・石川線, 鳥内橋線"
立ヶ岡,福島交通（株）,"鮫川線［宝木経由］, 石川・松森線"
韮草,福島交通（株）,新白河・石川線
上小川,新常磐交通（株）,平菱川町〜いわき駅〜上平窪〜高崎
西原上,福島交通（株）,"川谷線［追原経由］, 甲子線［追原経由］, 新白河・由井ヶ原線, 甲子線［イオン・追原経由］, 由井ヶ原線［追原経由］, 南部循環"
小川住宅,新常磐交通（株）,平菱川町〜いわき駅〜上平窪〜高崎
変電所前,福島交通（株）,"高助線, 北部循環"
耻風,会津乗合自動車（株）,"中山峠・尾瀬線, 中山峠・尾瀬線：冬期"
大室,福島交通（株）,鮫川線［宝木経由］
間の原,福島交通（株）,"真名子線, 真名子線［イオン経由］, 高助線［イオン経由］"
大沢入口,福島交通（株）,石川・松森線
東高山,福島交通（株）,南部循環
向寺,福島交通（株）,"由井ヶ原線［追原経由］, 白河・大信庁舎線, 白河・小田川線"
向寺,白河市,"こみねっと　中循環　②コース, こみねっと　南循環　③コース"
西原,福島交通（株）,"川谷線［追原経由］, 甲子線［追原経由］, 新白河・由井ヶ原線, 甲子線［イオン・追原経由］, 由井ヶ原線［追原経由］, 南部循環"
赤羽,福島交通（株）,新白河・石川線
沼の平,新常磐交通（株）,永井入口〜差塩仲町
会津町,白河市,"こみねっと　中循環　②コース, こみねっと　南循環　③コース"
向中寺,新常磐交通（株）,"いわき駅前〜隅田川・好間平坑・榊小屋・差塩・上三坂, 上三坂⇔好間高校"
小川農協,新常磐交通（株）,平菱川町〜いわき駅〜上平窪〜高崎
大原（南会津町）,会津乗合自動車（株）,"中山峠・尾瀬線, 中山峠・尾瀬線：冬期"
後原,福島交通（株）,北部循環
下の内,福島交通（株）,"仁田線, 竹貫田線, 有実線"
芦の口,福島交通（株）,白河・芦の口線
太陽の国管理センター,福島交通（株）,"川谷線［原中経由］, 太陽の国線"
城内,福島交通（株）,白河・芦の口線
久田野,福島交通（株）,白河・芦の口線
本沼,福島交通（株）,白河・芦の口線
大平入口,福島交通（株）,竹貫田線
中山前,福島交通（株）,"由井ヶ原線［追原経由］, 南部循環"
福田,福島交通（株）,鮫川線［宝木経由］
軽井沢,新常磐交通（株）,永井入口〜差塩仲町
南真船,福島交通（株）,"由井ヶ原線［追原経由］, 南部循環"
中寺,新常磐交通（株）,"いわき駅前〜隅田川・好間平坑・榊小屋・差塩・上三坂, 上三坂⇔好間高校"
下西原,福島交通（株）,"川谷線［追原経由］, 甲子線［追原経由］, 新白河・由井ヶ原線, 甲子線［イオン・追原経由］, 由井ヶ原線［追原経由］, 南部循環"
豆ヶ平,福島交通（株）,石川・松森線
火の見下,福島交通（株）,"由井ヶ原線［追原経由］, 南部循環"
村民体育館,福島交通（株）,南部循環
道場町,福島交通（株）,"新白河・石川線, 高助線, 甲子線［追原経由］, 甲子線［イオン・追原経由］, 由井ヶ原線［追原経由］, 川谷線［原中経由］, 太陽の国線, 勝負沢線［原中経由］, 新白河・白河の関線"
道場町,ジェイアールバス関東（株）,福島県磐城棚倉〜磐城金山〜白河
道場町,白河市,"こみねっと　南循環　③コース, こみねっと　南循環　④コース"
昭和町,福島交通（株）,"新白河・石川線, 高助線, 甲子線［追原経由］, 甲子線［イオン・追原経由］, 由井ヶ原線［追原経由］, 川谷線［原中経由］, 太陽の国線, 勝負沢線［原中経由］, 新白河・白河の関線"
昭和町,白河市,"こみねっと　南循環　③コース, こみねっと　南循環　④コース"
道場小路,福島交通（株）,"新白河・石川線, 高助線, 甲子線［追原経由］, 甲子線［イオン・追原経由］, 由井ヶ原線［追原経由］, 川谷線［原中経由］, 太陽の国線, 勝負沢線［原中経由］, 新白河・白河の関線"
道場小路,白河市,"こみねっと　南循環　③コース, こみねっと　南循環　④コース"
田町,福島交通（株）,"由井ヶ原線［追原経由］, 白河・大信庁舎線, 白河・小田川線"
田町,白河市,"こみねっと　中循環　②コース, こみねっと　南循環　③コース"
小川前田,新常磐交通（株）,平菱川町〜いわき駅〜上平窪〜高崎
警察署前,福島交通（株）,"新白河・石川線, 甲子線［追原経由］, 甲子線［イオン・追原経由］, 由井ヶ原線［追原経由］, 川谷線［原中経由］, 太陽の国線, 勝負沢線［原中経由］, 北部循環, 新白河・白河の関線"
警察署前,白河市,"こみねっと　南循環　③コース, こみねっと　南循環　④コース"
白河駅前,白河市,"こみねっと　中循環　①コース, こみねっと　中循環　②コース, こみねっと　南循環　③コース, こみねっと　南循環　④コース"
白河駅,ジェイアールバス関東（株）,福島県磐城棚倉〜磐城金山〜白河
白河駅前,福島交通（株）,"新白河・石川線, 高助線, 甲子線［追原経由］, 甲子線［イオン・追原経由］, 由井ヶ原線［追原経由］, 川谷線［原中経由］, 太陽の国線, 勝負沢線［原中経由］, 白坂線, 白坂駅線［九番町経由］, 白河・芦の口線, 新白河・白河の関線, 白河・大信庁舎線, 白河・小田川線"
中山南,福島交通（株）,"真名子線, 真名子線［イオン経由］, 高助線［イオン経由］, 川谷線［追原経由］, 甲子線［追原経由］, 新白河・由井ヶ原線, 甲子線［イオン・追原経由］, 由井ヶ原線［追原経由］"
林,福島交通（株）,新白河・石川線
市役所前,福島交通（株）,"白坂線, 白坂駅線［九番町経由］"
市役所前,白河市,"こみねっと　中循環　①コース, こみねっと　中循環　②コース, こみねっと　南循環　③コース, こみねっと　南循環　④コース"
明神橋,新常磐交通（株）,永井入口〜差塩仲町
上平,新常磐交通（株）,平菱川町〜いわき駅〜上平窪〜高崎
天神町,福島交通（株）,"白坂線, 白坂駅線［九番町経由］"
天神町,白河市,"こみねっと　中循環　①コース, こみねっと　中循環　②コース, こみねっと　南循環　③コース, こみねっと　南循環　④コース"
石山入口,福島交通（株）,"川谷線［原中経由］, 太陽の国線"
中町,福島交通（株）,"新白河・石川線, 由井ヶ原線［追原経由］, 白河・芦の口線, 新白河・白河の関線, 白河・大信庁舎線, 白河・小田川線"
中町,白河市,"こみねっと　中循環　①コース, こみねっと　中循環　②コース"
桜岡,福島交通（株）,白河・芦の口線
横町,福島交通（株）,"由井ヶ原線［追原経由］, 白河・大信庁舎線, 白河・小田川線"
横町,ジェイアールバス関東（株）,福島県磐城棚倉〜磐城金山〜白河
横町,白河市,"こみねっと　中循環　②コース, こみねっと　南循環　③コース"
中ノ内入口,福島交通（株）,鮫川線［宝木経由］
小田倉橋,福島交通（株）,北部循環
本町,白河市,"こみねっと　中循環　①コース, こみねっと　中循環　②コース"
本町,福島交通（株）,"新白河・石川線, 由井ヶ原線［追原経由］, 白河・芦の口線, 新白河・白河の関線, 白河・大信庁舎線, 白河・小田川線"
中央中学校前,ジェイアールバス関東（株）,福島県磐城棚倉〜磐城金山〜白河
立石,福島交通（株）,"新白河・石川線, 甲子線［追原経由］, 甲子線［イオン・追原経由］, 川谷線［原中経由］, 太陽の国線, 勝負沢線［原中経由］, 北部循環, 南部循環, 新白河・白河の関線"
立石,白河市,"こみねっと　南循環　③コース, こみねっと　南循環　④コース"
谷沢,福島交通（株）,"仁田線, 竹貫田線, 有実線"
小立岩,会津乗合自動車（株）,"中山峠・尾瀬線, 中山峠・尾瀬線：冬期"
山上仮宿,福島交通（株）,竹貫田線
子安森,福島交通（株）,"真名子線, 真名子線［イオン経由］, 高助線［イオン経由］, 川谷線［追原経由］, 甲子線［追原経由］, 新白河・由井ヶ原線, 甲子線［イオン・追原経由］, 由井ヶ原線［追原経由］"
二番町,福島交通（株）,"白坂線, 白坂駅線［九番町経由］"
二番町,白河市,"こみねっと　中循環　①コース, こみねっと　中循環　②コース, こみねっと　南循環　③コース, こみねっと　南循環　④コース"
白河高校,福島交通（株）,白坂線
白河高校,白河市,"こみねっと　中循環　①コース, こみねっと　中循環　②コース"
白河高校前,ジェイアールバス関東（株）,福島県磐城棚倉〜磐城金山〜白河
楢木峠平,新常磐交通（株）,"いわき駅前〜隅田川・好間平坑・榊小屋・差塩・上三坂, 上三坂⇔好間高校"
二中入口,福島交通（株）,"甲子線［追原経由］, 甲子線［イオン・追原経由］, 川谷線［原中経由］, 太陽の国線, 勝負沢線［原中経由］, 北部循環, 南部循環"
大町,白河市,"こみねっと　中循環　①コース, こみねっと　中循環　②コース"
大町,福島交通（株）,白坂線
本町四辻,福島交通（株）,"新白河・石川線, 白河・芦の口線, 新白河・白河の関線"
本町四辻,白河市,"こみねっと　中循環　①コース, こみねっと　中循環　②コース"
御台場,福島交通（株）,"甲子線［追原経由］, 甲子線［イオン・追原経由］, 川谷線［原中経由］, 太陽の国線, 勝負沢線［原中経由］, 北部循環, 南部循環"
浪滝,福島交通（株）,竹貫田線
永井中山,新常磐交通（株）,永井入口〜差塩仲町
論田入口,福島交通（株）,竹貫田線
白河第三小学校,福島交通（株）,"新白河・石川線, 白河・芦の口線, 新白河・白河の関線"
白河第三小学校,白河市,"こみねっと　中循環　①コース, こみねっと　中循環　②コース"
上野原,福島交通（株）,"川谷線［原中経由］, 太陽の国線"
まきば保育園前,福島交通（株）,北部循環
旭高校前,ジェイアールバス関東（株）,福島県磐城棚倉〜磐城金山〜白河
穴原タバコ屋前,会津乗合自動車（株）,"中山峠・尾瀬線, 中山峠・尾瀬線：冬期"
白寿園,白河市,"こみねっと　中循環　①コース, こみねっと　中循環　②コース"
新白河一丁目,白河市,"こみねっと　中循環　①コース, こみねっと　中循環　②コース, こみねっと　南循環　③コース, こみねっと　南循環　④コース"
保健福祉センター,福島交通（株）,"北部循環, 南部循環"
高柄木入口,福島交通（株）,竹貫田線
鳥居橋,福島交通（株）,白河・芦の口線
三菱パルプ,福島交通（株）,"真名子線［イオン経由］, 高助線［イオン経由］, 川谷線［追原経由］, 新白河・由井ヶ原線, 甲子線［イオン・追原経由］, 由井ヶ原線［追原経由］, 川谷線［原中経由］, 太陽の国線, 勝負沢線［原中経由］, 綱子線［台上経由］, 北部循環, 南部循環"
新白河駅高原口,福島交通（株）,"真名子線, 真名子線［イオン経由］, 高助線［イオン経由］, 川谷線［追原経由］, 甲子線［追原経由］, 新白河・由井ヶ原線, 甲子線［イオン・追原経由］, 由井ヶ原線［追原経由］, 川谷線［原中経由］, 太陽の国線, 勝負沢線［原中経由］, 綱子線［台上経由］, 北部循環, 南部循環"
三番町,福島交通（株）,白坂駅線［九番町経由］
三番町,白河市,"こみねっと　南循環　③コース, こみねっと　南循環　④コース"
白河旭高校,福島交通（株）,"新白河・石川線, 白河・芦の口線, 新白河・白河の関線"
白河旭高校,白河市,"こみねっと　中循環　①コース, こみねっと　中循環　②コース"
森の湯,福島交通（株）,"川谷線［原中経由］, 太陽の国線, 勝負沢線［原中経由］, 綱子線［台上経由］, 北部循環"
上新田,福島交通（株）,"川谷線［原中経由］, 太陽の国線, 勝負沢線［原中経由］, 綱子線［台上経由］, 北部循環, 南部循環"
渡戸宿頭,新常磐交通（株）,"いわき駅前〜隅田川・好間平坑・榊小屋・差塩・上三坂, 上三坂⇔好間高校"
新白河駅,福島交通（株）,"新白河・石川線, 白坂線, 新白河・白河の関線"
新白河駅,白河市,"こみねっと　中循環　①コース, こみねっと　中循環　②コース, こみねっと　南循環　③コース, こみねっと　南循環　④コース"
新白河駅,ジェイアールバス関東（株）,福島県磐城棚倉〜磐城金山〜白河
イオン白河西郷前,福島交通（株）,"真名子線［イオン経由］, 高助線［イオン経由］, 川谷線［追原経由］, 新白河・由井ヶ原線, 甲子線［イオン・追原経由］, 由井ヶ原線［追原経由］, 川谷線［原中経由］, 太陽の国線, 勝負沢線［原中経由］, 綱子線［台上経由］, 北部循環, 南部循環"
旭町一丁目,福島交通（株）,"新白河・石川線, 白河・芦の口線, 新白河・白河の関線"
旭町一丁目,白河市,"こみねっと　中循環　①コース, こみねっと　中循環　②コース"
波立薬師,新常磐交通（株）,いわき駅〜富岡
馬場坂入口,福島交通（株）,"川谷線［原中経由］, 太陽の国線"
高山,福島交通（株）,"新白河・石川線, 白坂線, 新白河・白河の関線"
高山,白河市,"こみねっと　中循環　①コース, こみねっと　中循環　②コース, こみねっと　南循環　③コース, こみねっと　南循環　④コース"
高山,ジェイアールバス関東（株）,福島県磐城棚倉〜磐城金山〜白河
三島入口,新常磐交通（株）,平菱川町〜いわき駅〜上平窪〜高崎
柏原,福島交通（株）,新白河・石川線
坂路西口,福島交通（株）,"仁田線, 竹貫田線, 有実線"
馬場坂下,福島交通（株）,綱子線［台上経由］
運動公園入口,白河市,"こみねっと　中循環　①コース, こみねっと　中循環　②コース"
木賊入口,会津乗合自動車（株）,"中山峠・尾瀬線, 中山峠・尾瀬線：冬期"
上中井,福島交通（株）,竹貫田線
鹿島,福島交通（株）,白河・芦の口線
渡戸宿,新常磐交通（株）,"いわき駅前〜隅田川・好間平坑・榊小屋・差塩・上三坂, 上三坂⇔好間高校"
七番町,福島交通（株）,白坂駅線［九番町経由］
七番町,白河市,"こみねっと　南循環　③コース, こみねっと　南循環　④コース"
馬場坂入口,福島交通（株）,綱子線［台上経由］
小田倉小学校前,福島交通（株）,"川谷線［原中経由］, 太陽の国線, 勝負沢線［原中経由］, 綱子線［台上経由］"
中田,福島交通（株）,"新白河・石川線, 白河・芦の口線"
旭町二丁目,福島交通（株）,新白河・白河の関線
旭町二丁目,ジェイアールバス関東（株）,福島県磐城棚倉〜磐城金山〜白河
向久保,福島交通（株）,新白河・石川線
渡戸,新常磐交通（株）,"いわき駅前〜隅田川・好間平坑・榊小屋・差塩・上三坂, 上三坂⇔好間高校"
住宅前,白河市,"こみねっと　中循環　①コース, こみねっと　中循環　②コース, こみねっと　南循環　③コース, こみねっと　南循環　④コース"
鹿島橋,福島交通（株）,"新白河・石川線, 白河・芦の口線"
須沢,福島交通（株）,石川・松森線
原中下,福島交通（株）,"川谷線［原中経由］, 太陽の国線, 勝負沢線［原中経由］, 綱子線［台上経由］"
オリンパス前,福島交通（株）,南部循環
西郷二中前,福島交通（株）,"川谷線［原中経由］, 太陽の国線, 綱子線［台上経由］"
九番町,福島交通（株）,白坂駅線［九番町経由］
九番町,白河市,"こみねっと　南循環　③コース, こみねっと　南循環　④コース"
結城西,白河市,"こみねっと　中循環　①コース, こみねっと　中循環　②コース"
西郷郵便局前,福島交通（株）,"川谷線［原中経由］, 太陽の国線, 勝負沢線［原中経由］, 綱子線［台上経由］"
たのせ,会津乗合自動車（株）,"中山峠・尾瀬線, 中山峠・尾瀬線：冬期"
下中井,福島交通（株）,竹貫田線
刈敷坂,福島交通（株）,"新白河・石川線, 刈敷坂・棚倉線"
ショッピングセンター,福島交通（株）,白坂線
ショッピングセンター,ジェイアールバス関東（株）,福島県磐城棚倉〜磐城金山〜白河
原中,福島交通（株）,"川谷線［原中経由］, 太陽の国線, 勝負沢線［原中経由］, 綱子線［台上経由］, 南部循環"
メガステージ,白河市,"こみねっと　中循環　①コース, こみねっと　中循環　②コース, こみねっと　南循環　③コース, こみねっと　南循環　④コース"
関場,新常磐交通（株）,平菱川町〜いわき駅〜上平窪〜高崎
白河モール,白河市,"こみねっと　中循環　①コース, こみねっと　中循環　②コース, こみねっと　南循環　③コース, こみねっと　南循環　④コース"
八竜神橋,白河市,"こみねっと　中循環　①コース, こみねっと　中循環　②コース"
関川窪団地,白河市,"こみねっと　中循環　①コース, こみねっと　中循環　②コース"
坂路東口,福島交通（株）,"仁田線, 竹貫田線, 有実線"
田島,福島交通（株）,新白河・石川線
借宿,福島交通（株）,新白河・石川線
結城,福島交通（株）,新白河・石川線
五箇小学校,福島交通（株）,新白河・石川線
白河クリニックタウン,福島交通（株）,白坂駅線［九番町経由］
白河クリニックタウン,白河市,"こみねっと　南循環　③コース, こみねっと　南循環　④コース"
五箇郵便局前,福島交通（株）,新白河・石川線
南山形,福島交通（株）,鮫川線［宝木経由］
新高山,福島交通（株）,"白坂線, 白坂駅線［九番町経由］"
新高山,白河市,"こみねっと　南循環　③コース, こみねっと　南循環　④コース"
細倉,福島交通（株）,新白河・石川線
舟田入口,福島交通（株）,新白河・石川線
緑ヶ丘,福島交通（株）,"白坂線, 白坂駅線［九番町経由］"
緑ヶ丘,白河市,"こみねっと　南循環　③コース, こみねっと　南循環　④コース"
八竜神,福島交通（株）,新白河・白河の関線
八竜神,ジェイアールバス関東（株）,福島県磐城棚倉〜磐城金山〜白河
搦目,福島交通（株）,新白河・石川線
弓張木,新常磐交通（株）,"いわき駅前〜隅田川・好間平坑・榊小屋・差塩・上三坂, 上三坂⇔好間高校"
白河モール東口,福島交通（株）,白坂駅線［九番町経由］
白河モール東口,白河市,"こみねっと　南循環　③コース, こみねっと　南循環　④コース"
蕪内西口,福島交通（株）,新白河・石川線
板橋,福島交通（株）,新白河・石川線
白河モール前,白河市,"こみねっと　中循環　①コース, こみねっと　中循環　②コース"
白河モール前,ジェイアールバス関東（株）,福島県磐城棚倉〜磐城金山〜白河
木の下,福島交通（株）,新白河・石川線
蕪内,福島交通（株）,新白河・石川線
幼稚園入口,福島交通（株）,刈敷坂・棚倉線
稗返,福島交通（株）,綱子線［台上経由］
深仁井田西口,福島交通（株）,新白河・石川線
道山,福島交通（株）,新白河・石川線
古高山,福島交通（株）,"白坂線, 白坂駅線［九番町経由］"
古高山,白河市,"こみねっと　南循環　③コース, こみねっと　南循環　④コース"
塩ノ原,会津乗合自動車（株）,"中山峠・尾瀬線, 中山峠・尾瀬線：冬期"
菅生舘,白河市,"こみねっと　中循環　①コース, こみねっと　中循環　②コース"
大桃下,会津乗合自動車（株）,"中山峠・尾瀬線, 中山峠・尾瀬線：冬期"
小丸山,ジェイアールバス関東（株）,福島県磐城棚倉〜磐城金山〜白河
小丸山,白河市,"こみねっと　中循環　①コース, こみねっと　中循環　②コース, こみねっと　南循環　③コース, こみねっと　南循環　④コース"
双石,福島交通（株）,新白河・石川線
旧永戸小前,新常磐交通（株）,"いわき駅前〜隅田川・好間平坑・榊小屋・差塩・上三坂, 上三坂⇔好間高校"
深仁井田東口,福島交通（株）,新白河・石川線
大平橋,福島交通（株）,"勝負沢線［原中経由］, 南部循環"
松森,福島交通（株）,石川・松森線
菅生舘団地,ジェイアールバス関東（株）,福島県磐城棚倉〜磐城金山〜白河
中柴,新常磐交通（株）,平菱川町〜いわき駅〜上平窪〜高崎
塩ノ原タバコ屋前,会津乗合自動車（株）,"中山峠・尾瀬線, 中山峠・尾瀬線：冬期"
柳沢入口,福島交通（株）,綱子線［台上経由］
浮矢,新常磐交通（株）,"いわき駅前〜隅田川・好間平坑・榊小屋・差塩・上三坂, 上三坂⇔好間高校"
赤坂,福島交通（株）,綱子線［台上経由］
みさか郵便局前,福島交通（株）,"白坂線, 白坂駅線［九番町経由］"
みさか郵便局前,白河市,"こみねっと　南循環　③コース, こみねっと　南循環　④コース"
大師山,福島交通（株）,刈敷坂・棚倉線
仙石清水,福島交通（株）,"仁田線, 竹貫田線, 有実線"
合戸中ノ内,新常磐交通（株）,"いわき駅前〜隅田川・好間平坑・榊小屋・差塩・上三坂, 上三坂⇔好間高校"
百目鬼,福島交通（株）,竹貫田線
たかつえスキー場,会津乗合自動車（株）,中山峠・尾瀬線：冬期
団地前,白河市,"こみねっと　中循環　①コース, こみねっと　中循環　②コース"
団地前,ジェイアールバス関東（株）,福島県磐城棚倉〜磐城金山〜白河
大桃,会津乗合自動車（株）,"中山峠・尾瀬線, 中山峠・尾瀬線：冬期"
松風の里団地,白河市,"こみねっと　南循環　③コース, こみねっと　南循環　④コース"
南湖東口,福島交通（株）,新白河・白河の関線
南湖東口,白河市,"こみねっと　中循環　①コース, こみねっと　中循環　②コース"
南湖東口,ジェイアールバス関東（株）,福島県磐城棚倉〜磐城金山〜白河
みさか小学校,福島交通（株）,"白坂線, 白坂駅線［九番町経由］"
みさか小学校,白河市,"こみねっと　南循環　③コース, こみねっと　南循環　④コース"
日本伸管前,福島交通（株）,"勝負沢線［原中経由］, 南部循環"
四丁目,新常磐交通（株）,"いわき駅〜四倉, いわき駅⇔国道草野⇔四倉駅入口⇔四丁目"
五丁目,新常磐交通（株）,いわき駅〜四倉
志津入口,新常磐交通（株）,いわき駅〜四倉
六丁目,新常磐交通（株）,いわき駅〜四倉
みさか西,白河市,"こみねっと　南循環　③コース, こみねっと　南循環　④コース"
三坂西,福島交通（株）,"白坂線, 白坂駅線［九番町経由］"
前原,新常磐交通（株）,平菱川町〜いわき駅〜上平窪〜高崎
大平下,福島交通（株）,南部循環
築港前,新常磐交通（株）,いわき駅〜四倉
高原入口,福島交通（株）,鮫川線［宝木経由］
千本桜入口,福島交通（株）,"勝負沢線［原中経由］, 南部循環"
南湖公園,白河市,"こみねっと　中循環　①コース, こみねっと　中循環　②コース"
南湖公園,ジェイアールバス関東（株）,福島県磐城棚倉〜磐城金山〜白河
東四丁目,新常磐交通（株）,いわき駅〜四倉
大竹,福島交通（株）,竹貫田線
矢来,新常磐交通（株）,"いわき駅前〜隅田川・好間平坑・榊小屋・差塩・上三坂, 上三坂⇔好間高校"
仙石寄居,福島交通（株）,"仁田線, 竹貫田線, 有実線"
高杖原,会津乗合自動車（株）,中山峠・尾瀬線：冬期
三丁目,新常磐交通（株）,"いわき駅〜四倉, いわき駅⇔国道草野⇔四倉駅入口⇔四丁目"
羽入田,福島交通（株）,鮫川線［宝木経由］
梅ノ作,新常磐交通（株）,平菱川町〜いわき駅〜上平窪〜高崎
地区センター前,福島交通（株）,"白坂線, 白坂駅線［九番町経由］"
地区センター前,白河市,"こみねっと　南循環　③コース, こみねっと　南循環　④コース"
三坂東,福島交通（株）,"白坂線, 白坂駅線［九番町経由］"
みさか東,白河市,"こみねっと　南循環　③コース, こみねっと　南循環　④コース"
ニュータウン東口,福島交通（株）,"白坂線, 白坂駅線［九番町経由］"
ニュータウン東口,白河市,"こみねっと　南循環　③コース, こみねっと　南循環　④コース"
合戦坂入口,福島交通（株）,新白河・白河の関線
合戦坂入口,白河市,"こみねっと　中循環　①コース, こみねっと　中循環　②コース"
旧道入口,福島交通（株）,刈敷坂・棚倉線
つつじヶ丘,白河市,"こみねっと　中循環　①コース, こみねっと　中循環　②コース"
つつじヶ丘,ジェイアールバス関東（株）,福島県磐城棚倉〜磐城金山〜白河
南湖ニュータウン,白河市,"こみねっと　南循環　③コース, こみねっと　南循環　④コース"
楚々柳,福島交通（株）,"仁田線, 竹貫田線, 有実線"
二丁目,新常磐交通（株）,"いわき駅〜四倉, いわき駅⇔国道草野⇔四倉駅入口⇔四丁目"
ニュータウン入口,福島交通（株）,"白坂線, 白坂駅線［九番町経由］"
ニュータウン入口,白河市,"こみねっと　南循環　③コース, こみねっと　南循環　④コース"
東二丁目,新常磐交通（株）,"いわき駅〜四倉, いわき駅〜富岡"
前沢向,会津乗合自動車（株）,"中山峠・尾瀬線, 中山峠・尾瀬線：冬期"
影鬼越,白河市,"こみねっと　南循環　③コース, こみねっと　南循環　④コース"
実業高校前,白河市,"こみねっと　中循環　①コース, こみねっと　中循環　②コース"
実業高校前,ジェイアールバス関東（株）,福島県磐城棚倉〜磐城金山〜白河
四倉駅入口,新常磐交通（株）,"いわき駅〜四倉, いわき駅⇔国道草野⇔四倉駅入口⇔四丁目"
白河実業高校,福島交通（株）,新白河・白河の関線
三輪台団地,福島交通（株）,"白坂線, 白坂駅線［九番町経由］"
三輪台団地,白河市,"こみねっと　南循環　③コース, こみねっと　南循環　④コース"
上平窪,新常磐交通（株）,平菱川町〜いわき駅〜上平窪〜高崎
篠久保,福島交通（株）,竹貫田線
四倉,新常磐交通（株）,いわき駅〜四倉
東庁舎前,福島交通（株）,刈敷坂・棚倉線
仙石立場,福島交通（株）,"仁田線, 竹貫田線, 有実線"
八升蒔,福島交通（株）,鮫川線［宝木経由］
高畑スキー場,会津乗合自動車（株）,"中山峠・尾瀬線, 中山峠・尾瀬線：冬期"
永井入口,新常磐交通（株）,"いわき駅前〜隅田川・好間平坑・榊小屋・差塩・上三坂, 永井入口〜差塩仲町, 上三坂⇔好間高校"
東一丁目,新常磐交通（株）,"いわき駅〜四倉, いわき駅⇔国道草野⇔四倉駅入口⇔四丁目"
ライフパーク,福島交通（株）,"白坂線, 白坂駅線［九番町経由］"
ライフパーク,白河市,"こみねっと　南循環　③コース, こみねっと　南循環　④コース"
ライフパーク入口,福島交通（株）,"白坂線, 白坂駅線［九番町経由］"
ライフパーク入口,白河市,"こみねっと　南循環　③コース, こみねっと　南循環　④コース"
引目橋,ジェイアールバス関東（株）,福島県磐城棚倉〜磐城金山〜白河
石阿弥陀,白河市,"こみねっと　南循環　③コース, こみねっと　南循環　④コース"
幸寿苑入口,新常磐交通（株）,平菱川町〜いわき駅〜上平窪〜高崎
まほろん,福島交通（株）,"白坂線, 白坂駅線［九番町経由］"
まほろん,白河市,"こみねっと　南循環　③コース, こみねっと　南循環　④コース"
一里段,福島交通（株）,"白坂線, 白坂駅線［九番町経由］"
合戸局前,新常磐交通（株）,"いわき駅前〜隅田川・好間平坑・榊小屋・差塩・上三坂, 上三坂⇔好間高校"
福渡,会津乗合自動車（株）,"中山峠・尾瀬線, 中山峠・尾瀬線：冬期"
木戸脇,福島交通（株）,"仁田線, 竹貫田線, 有実線"
釜の子本町,福島交通（株）,刈敷坂・棚倉線
五斗蒔,福島交通（株）,鮫川線［宝木経由］
上仁井田,新常磐交通（株）,"いわき駅〜四倉, いわき駅⇔国道草野⇔四倉駅入口⇔四丁目"
御殿,新常磐交通（株）,平菱川町〜いわき駅〜上平窪〜高崎
合戸,新常磐交通（株）,"いわき駅前〜隅田川・好間平坑・榊小屋・差塩・上三坂, 上三坂⇔好間高校"
森戸,会津乗合自動車（株）,"中山峠・尾瀬線, 中山峠・尾瀬線：冬期"
八総,会津乗合自動車（株）,"中山峠・尾瀬線, 中山峠・尾瀬線：冬期"
古殿,福島交通（株）,竹貫田線
早稲田,福島交通（株）,刈敷坂・棚倉線
関山口,ジェイアールバス関東（株）,福島県磐城棚倉〜磐城金山〜白河
夏梨,福島交通（株）,新白河・白河の関線
仙石湯の口,福島交通（株）,"仁田線, 竹貫田線, 有実線"
井桁,会津乗合自動車（株）,"中山峠・尾瀬線, 中山峠・尾瀬線：冬期"
仁井田浦口,新常磐交通（株）,"いわき駅〜四倉, いわき駅〜富岡, いわき駅⇔国道草野⇔四倉駅入口⇔四丁目"
千足町,福島交通（株）,"仁田線, 竹貫田線, 有実線"
皮籠,福島交通（株）,"白坂線, 白坂駅線［九番町経由］"
白坂駅,福島交通（株）,"白坂線, 白坂駅線［九番町経由］"
古殿小学校,福島交通（株）,"仁田線, 竹貫田線, 有実線"
松戸原農協前,会津乗合自動車（株）,"中山峠・尾瀬線, 中山峠・尾瀬線：冬期"
大倉矢見,福島交通（株）,"白坂線, 白坂駅線［九番町経由］"
田口高橋,福島交通（株）,"仁田線, 竹貫田線, 有実線"
竹貫上,福島交通（株）,"仁田線, 竹貫田線, 有実線"
田口山下,福島交通（株）,"仁田線, 竹貫田線, 有実線"
三輪台,福島交通（株）,"白坂線, 白坂駅線［九番町経由］"
君ヶ沢,新常磐交通（株）,平菱川町〜いわき駅〜上平窪〜高崎
松戸原,会津乗合自動車（株）,"中山峠・尾瀬線, 中山峠・尾瀬線：冬期"
古殿中通り,福島交通（株）,"仁田線, 竹貫田線, 有実線"
熨斗戸上,会津乗合自動車（株）,"中山峠・尾瀬線, 中山峠・尾瀬線：冬期"
関辺,ジェイアールバス関東（株）,福島県磐城棚倉〜磐城金山〜白河
有実上,福島交通（株）,有実線
舘岩観光案内所前,会津乗合自動車（株）,"中山峠・尾瀬線, 中山峠・尾瀬線：冬期"
竹貫下,福島交通（株）,"仁田線, 竹貫田線, 有実線"
熨斗戸下,会津乗合自動車（株）,"中山峠・尾瀬線, 中山峠・尾瀬線：冬期"
女庭,福島交通（株）,鮫川線［宝木経由］
下仁井田,新常磐交通（株）,"いわき駅〜四倉, いわき駅⇔国道草野⇔四倉駅入口⇔四丁目"
若神子,福島交通（株）,"仁田線, 竹貫田線, 有実線"
有実,福島交通（株）,有実線
大久田,福島交通（株）,有実線
石神,福島交通（株）,有実線
小峰苑,福島交通（株）,新白河・白河の関線
高儘入口,新常磐交通（株）,平菱川町〜いわき駅〜上平窪〜高崎
古殿役場,福島交通（株）,"仁田線, 竹貫田線, 有実線"
常住,新常磐交通（株）,"平菱川町〜いわき駅〜赤井岳下, 赤井岳下⇒いわき駅⇔平工業高校"
陣場,福島交通（株）,白坂線
中居,福島交通（株）,"仁田線, 竹貫田線, 有実線"
寺作,福島交通（株）,竹貫田線
会津高原尾瀬口駅前,会津乗合自動車（株）,"中山峠・尾瀬線, 中山峠・尾瀬線：冬期"
赤井岳下,新常磐交通（株）,"平菱川町〜いわき駅〜赤井岳下, 赤井岳下⇒いわき駅⇔平工業高校"
小橋,新常磐交通（株）,"いわき駅〜四倉, いわき駅⇔国道草野⇔四倉駅入口⇔四丁目"
新田原,会津乗合自動車（株）,"中山峠・尾瀬線, 中山峠・尾瀬線：冬期"
精舎,会津乗合自動車（株）,"中山峠・尾瀬線, 中山峠・尾瀬線：冬期"
赤井中入口,新常磐交通（株）,"平菱川町〜いわき駅〜赤井岳下, 赤井岳下⇒いわき駅⇔平工業高校"
発木内,福島交通（株）,"仁田線, 竹貫田線, 有実線"
新町,新常磐交通（株）,"平菱川町〜いわき駅〜赤井岳下, 赤井岳下⇒いわき駅⇔平工業高校"
宮の下,福島交通（株）,有実線
鱒沢入口,会津乗合自動車（株）,"中山峠・尾瀬線, 中山峠・尾瀬線：冬期"
中平窪,新常磐交通（株）,平菱川町〜いわき駅〜上平窪〜高崎
古関,ジェイアールバス関東（株）,福島県磐城棚倉〜磐城金山〜白河
赤井小入口,新常磐交通（株）,"平菱川町〜いわき駅〜赤井岳下, 赤井岳下⇒いわき駅⇔平工業高校"
塩の沢,福島交通（株）,鮫川線［宝木経由］
長光地,福島交通（株）,"仁田線, 竹貫田線, 有実線"
戸中,会津乗合自動車（株）,"中山峠・尾瀬線, 中山峠・尾瀬線：冬期"
横川,福島交通（株）,"仁田線, 竹貫田線, 有実線"
杉内,新常磐交通（株）,平菱川町〜いわき駅〜上平窪〜高崎
白河第五小学校,福島交通（株）,白坂線
矢崎,福島交通（株）,"仁田線, 有実線"
松の久保,福島交通（株）,有実線
大古山,福島交通（株）,"仁田線, 有実線"
細谷入口,新常磐交通（株）,"いわき駅〜四倉, いわき駅⇔国道草野⇔四倉駅入口⇔四丁目"
袋口,会津乗合自動車（株）,"中山峠・尾瀬線, 中山峠・尾瀬線：冬期"
入敷,新常磐交通（株）,"いわき駅前〜隅田川・好間平坑・榊小屋・差塩・上三坂, 上三坂⇔好間高校"
赤井団地入口,新常磐交通（株）,"平菱川町〜いわき駅〜赤井岳下, 赤井岳下⇒いわき駅⇔平工業高校"
八幡下,福島交通（株）,"仁田線, 竹貫田線, 有実線"
下岩下,会津乗合自動車（株）,"中山峠・尾瀬線, 中山峠・尾瀬線：冬期"
若栗,福島交通（株）,刈敷坂・棚倉線
井戸入,福島交通（株）,鮫川線［宝木経由］
井田木,新常磐交通（株）,"いわき駅前〜隅田川・好間平坑・榊小屋・差塩・上三坂, 上三坂⇔好間高校, 榊小屋⇔好間高校, 榊小屋〜好間中〜いわき駅"
白坂組合前,福島交通（株）,白坂線
昌平中高前,新常磐交通（株）,"いわき駅〜東日本国際大学・昌平中高, 小名浜⇔玉川団地⇔鹿島⇔いわき駅⇔昌平中高前, 小名浜⇔鹿島⇔ニュータウン⇔平工前⇔昌平中高前, ニュータウン⇒八ツ坂⇒いわき駅⇒昌平中高前"
亀石橋,福島交通（株）,新白河・白河の関線
高周波熱錬,新常磐交通（株）,GSユアサいわき〜ラパークいわき
国道大利,新常磐交通（株）,"いわき駅前〜隅田川・好間平坑・榊小屋・差塩・上三坂, 上三坂⇔好間高校"
民の町,新常磐交通（株）,"いわき駅〜四倉, いわき駅⇔国道草野⇔四倉駅入口⇔四丁目"
下大久田,福島交通（株）,有実線
才龍内,福島交通（株）,"仁田線, 有実線"
平窪農協,新常磐交通（株）,平菱川町〜いわき駅〜上平窪〜高崎
上岩下,会津乗合自動車（株）,"中山峠・尾瀬線, 中山峠・尾瀬線：冬期"
細戸橋,新常磐交通（株）,"いわき駅前〜隅田川・好間平坑・榊小屋・差塩・上三坂, 上三坂⇔好間高校"
東洋平成ポリマー,新常磐交通（株）,GSユアサいわき〜ラパークいわき
太陽の里いわき,新常磐交通（株）,"いわき駅〜東日本国際大学・昌平中高, 小名浜⇔玉川団地⇔鹿島⇔いわき駅⇔昌平中高前, 小名浜⇔鹿島⇔ニュータウン⇔平工前⇔昌平中高前, ニュータウン⇒八ツ坂⇒いわき駅⇒昌平中高前"
あずき温泉,会津乗合自動車（株）,"中山峠・尾瀬線, 中山峠・尾瀬線：冬期"
上片寄公民館,新常磐交通（株）,"いわき駅〜東日本国際大学・昌平中高, 小名浜⇔玉川団地⇔鹿島⇔いわき駅⇔昌平中高前, ニュータウン⇒八ツ坂⇒いわき駅⇒昌平中高前"
赤井駅前,新常磐交通（株）,"平菱川町〜いわき駅〜赤井岳下, 赤井岳下⇒いわき駅⇔平工業高校"
田中田,福島交通（株）,竹貫田線
旧道大利,新常磐交通（株）,"いわき駅前〜隅田川・好間平坑・榊小屋・差塩・上三坂, 榊小屋⇔好間高校, 榊小屋〜好間中〜いわき駅"
アルパイン,新常磐交通（株）,GSユアサいわき〜ラパークいわき
泉岡,福島交通（株）,白坂線
成沢入口,新常磐交通（株）,"いわき駅前〜隅田川・好間平坑・榊小屋・差塩・上三坂, 上三坂⇔好間高校"
白河東工業団地,ジェイアールバス関東（株）,福島県磐城棚倉〜磐城金山〜白河
大根内,新常磐交通（株）,"平菱川町〜いわき駅〜赤井岳下, 赤井岳下⇒いわき駅⇔平工業高校"
大崎製作所,新常磐交通（株）,GSユアサいわき〜ラパークいわき
鍛冶内,新常磐交通（株）,平菱川町〜いわき駅〜上平窪〜高崎
石森東,新常磐交通（株）,"いわき駅〜石森〜四ツ波, 四ツ波⇔平商前"
キャニオンワークス,新常磐交通（株）,GSユアサいわき〜ラパークいわき
石森中央,新常磐交通（株）,"いわき駅〜石森〜四ツ波, 四ツ波⇔平商前"
わらびの草,福島交通（株）,有実線
原高野,新常磐交通（株）,"いわき駅〜四倉, いわき駅⇔国道草野⇔四倉駅入口⇔四丁目"
沢橋前,福島交通（株）,竹貫田線
白坂,福島交通（株）,白坂線
GSユアサいわき,新常磐交通（株）,GSユアサいわき〜ラパークいわき
Cブロック,新常磐交通（株）,GSユアサいわき〜ラパークいわき
菅田,福島交通（株）,鮫川線［宝木経由］
猪ノ鼻,新常磐交通（株）,"いわき駅前〜隅田川・好間平坑・榊小屋・差塩・上三坂, 上三坂⇔好間高校, 榊小屋⇔好間高校, 榊小屋〜好間中〜いわき駅"
四ツ波,新常磐交通（株）,"いわき駅〜石森〜四ツ波, 四ツ波⇔平商前"
谷中,ジェイアールバス関東（株）,福島県磐城棚倉〜磐城金山〜白河
味噌農,新常磐交通（株）,平菱川町〜いわき駅〜上平窪〜高崎
大平草,福島交通（株）,有実線
小川崎,新常磐交通（株）,"いわき駅前〜隅田川・好間平坑・榊小屋・差塩・上三坂, 上三坂⇔好間高校"
篠登城,新常磐交通（株）,"いわき駅前〜隅田川・好間平坑・榊小屋・差塩・上三坂, 榊小屋⇔好間高校, 榊小屋〜好間中〜いわき駅"
明内,福島交通（株）,竹貫田線
フクデン前,新常磐交通（株）,GSユアサいわき〜ラパークいわき
石森南,新常磐交通（株）,"いわき駅〜石森〜四ツ波, 四ツ波⇔平商前"
大久保,福島交通（株）,新白河・白河の関線
四ツ波糖塚,新常磐交通（株）,"いわき駅〜石森〜四ツ波, 四ツ波⇔平商前"
愛谷,新常磐交通（株）,"平菱川町〜いわき駅〜赤井岳下, 赤井岳下⇒いわき駅⇔平工業高校"
好間平坑,新常磐交通（株）,"いわき駅前〜隅田川・好間平坑・榊小屋・差塩・上三坂, 上三坂⇔好間高校, 榊小屋⇔好間高校, 好間平坑⇒いわき駅⇒平商前, 榊小屋〜好間中〜いわき駅"
前木,福島交通（株）,"仁田線, 有実線"
草野駅前,新常磐交通（株）,いわき駅〜草野
タンガロイ,新常磐交通（株）,GSユアサいわき〜ラパークいわき
国道草野,新常磐交通（株）,"いわき駅〜四倉, いわき駅〜富岡, いわき駅⇔国道草野⇔四倉駅入口⇔四丁目"
Lブロック,新常磐交通（株）,GSユアサいわき〜ラパークいわき
大森工業,新常磐交通（株）,GSユアサいわき〜ラパークいわき
磐城橋,新常磐交通（株）,平菱川町〜いわき駅〜上平窪〜高崎
後田中,福島交通（株）,鮫川線［宝木経由］
中塩,新常磐交通（株）,"いわき駅〜石森〜四ツ波, 四ツ波⇔平商前"
四ツ波住宅,新常磐交通（株）,"いわき駅〜石森〜四ツ波, 四ツ波⇔平商前"
温泉口,ジェイアールバス関東（株）,福島県磐城棚倉〜磐城金山〜白河
北好間,新常磐交通（株）,"いわき駅前〜隅田川・好間平坑・榊小屋・差塩・上三坂, 上三坂⇔好間高校, 榊小屋⇔好間高校, 好間平坑⇒いわき駅⇒平商前, 榊小屋〜好間中〜いわき駅"
塚ノ町,新常磐交通（株）,"平菱川町〜いわき駅〜赤井岳下, 赤井岳下⇒いわき駅⇔平工業高校"
新舞子入口,新常磐交通（株）,"いわき駅〜四倉, いわき駅⇔国道草野⇔四倉駅入口⇔四丁目"
元山,新常磐交通（株）,"いわき駅前〜隅田川・好間平坑・榊小屋・差塩・上三坂, 上三坂⇔好間高校, 榊小屋⇔好間高校, 好間平坑⇒いわき駅⇒平商前, 榊小屋〜好間中〜いわき駅"
いわき中央インター,新常磐交通（株）,"上三坂⇔好間高校, 榊小屋⇔好間高校, 好間平坑⇒いわき駅⇒平商前, 榊小屋〜好間中〜いわき駅"
大田精工,新常磐交通（株）,GSユアサいわき〜ラパークいわき
小畑,新常磐交通（株）,"いわき駅前〜隅田川・好間平坑・榊小屋・差塩・上三坂, 榊小屋⇔好間高校, 榊小屋〜好間中〜いわき駅"
平商前,新常磐交通（株）,"いわき駅〜石森〜四ツ波, ニュータウン⇔飯野⇔八ツ坂⇔平商前, 小名浜⇔玉川団地⇔鹿島⇔いわき駅⇔平商前, 小名浜⇔江名⇔豊間⇔いわき駅⇔平商前, 好間平坑⇒いわき駅⇒平商前, いわき駅⇔平六丁目⇔平商前, 四ツ波⇔平商前"
町田橋,新常磐交通（株）,"いわき駅前〜隅田川・好間平坑・榊小屋・差塩・上三坂, 上三坂⇔好間高校, 榊小屋⇔好間高校, 隅田川⇔好間高校, 好間平坑⇒いわき駅⇒平商前, 榊小屋〜好間中〜いわき駅"
赤沼入口,新常磐交通（株）,いわき駅〜草野
赤沼入口,新常磐交通（株）,"いわき駅〜四倉, いわき駅⇔国道草野⇔四倉駅入口⇔四丁目"
下前木,福島交通（株）,"仁田線, 有実線"
西山,福島交通（株）,鮫川線［宝木経由］
花園神社,新常磐交通（株）,いわき駅〜草野
特養さめがわ,福島交通（株）,鮫川線［宝木経由］
上好間,新常磐交通（株）,"いわき駅前〜隅田川・好間平坑・榊小屋・差塩・上三坂, 上三坂⇔好間高校, 榊小屋⇔好間高校, 隅田川⇔好間高校, 好間平坑⇒いわき駅⇒平商前, 榊小屋〜好間中〜いわき駅"
舘岩番屋,会津乗合自動車（株）,"中山峠・尾瀬線, 中山峠・尾瀬線：冬期"
関の上,新常磐交通（株）,"平菱川町〜いわき駅〜上平窪〜高崎, 平菱川町〜いわき駅〜赤井岳下, 赤井岳下⇒いわき駅⇔平工業高校"
いわき支援学校,新常磐交通（株）,"いわき駅〜東日本国際大学・昌平中高, 小名浜⇔玉川団地⇔鹿島⇔いわき駅⇔昌平中高前, ニュータウン⇒八ツ坂⇒いわき駅⇒昌平中高前"
道成川原,新常磐交通（株）,"いわき駅前〜隅田川・好間平坑・榊小屋・差塩・上三坂, 隅田川⇔好間高校"
好間高校,新常磐交通（株）,"いわき駅前〜隅田川・好間平坑・榊小屋・差塩・上三坂, いわき駅⇔好間高校, 上三坂⇔好間高校, 榊小屋⇔好間高校, 隅田川⇔好間高校, 好間平坑⇒いわき駅⇒平商前, 榊小屋〜好間中〜いわき駅"
八丁樋,新常磐交通（株）,いわき駅〜草野
八坂神社,新常磐交通（株）,"いわき駅〜東日本国際大学・昌平中高, 小名浜⇔玉川団地⇔鹿島⇔いわき駅⇔昌平中高前, ニュータウン⇒八ツ坂⇒いわき駅⇒昌平中高前"
幕ノ内,新常磐交通（株）,"いわき駅〜石森〜四ツ波, ニュータウン⇔飯野⇔八ツ坂⇔平商前, 小名浜⇔玉川団地⇔鹿島⇔いわき駅⇔平商前, 小名浜⇔江名⇔豊間⇔いわき駅⇔平商前, 好間平坑⇒いわき駅⇒平商前, いわき駅⇔平六丁目⇔平商前"
北目,新常磐交通（株）,"平菱川町〜いわき駅〜上平窪〜高崎, 平菱川町〜いわき駅〜赤井岳下, 赤井岳下⇒いわき駅⇔平工業高校"
八丁樋入口,新常磐交通（株）,"いわき駅〜四倉, いわき駅⇔国道草野⇔四倉駅入口⇔四丁目"
葭ヶ平,会津乗合自動車（株）,"中山峠・尾瀬線, 中山峠・尾瀬線：冬期"
好間一小,新常磐交通（株）,"いわき駅前〜隅田川・好間平坑・榊小屋・差塩・上三坂, いわき駅⇔好間高校, 好間平坑⇒いわき駅⇒平商前, 榊小屋〜好間中〜いわき駅"
馬場,福島交通（株）,"仁田線, 有実線"
榊小屋,新常磐交通（株）,"いわき駅前〜隅田川・好間平坑・榊小屋・差塩・上三坂, 榊小屋⇔好間高校, 榊小屋〜好間中〜いわき駅"
岩穴住宅,新常磐交通（株）,"いわき駅前〜隅田川・好間平坑・榊小屋・差塩・上三坂, 隅田川⇔好間高校"
押野,福島交通（株）,鮫川線［宝木経由］
番沢,ジェイアールバス関東（株）,福島県磐城棚倉〜磐城金山〜白河
神谷住宅,新常磐交通（株）,いわき駅〜草野
好間中入口,新常磐交通（株）,榊小屋〜好間中〜いわき駅
好間商工会,新常磐交通（株）,"いわき駅前〜隅田川・好間平坑・榊小屋・差塩・上三坂, いわき駅⇔好間高校, 好間平坑⇒いわき駅⇒平商前, 榊小屋〜好間中〜いわき駅"
塩沢,福島交通（株）,有実線
樋口橋,新常磐交通（株）,GSユアサいわき〜ラパークいわき
六十枚入口,新常磐交通（株）,"いわき駅〜四倉, いわき駅⇔国道草野⇔四倉駅入口⇔四丁目"
内田,新常磐交通（株）,"いわき駅〜東日本国際大学・昌平中高, 小名浜⇔玉川団地⇔鹿島⇔いわき駅⇔昌平中高前, ニュータウン⇒八ツ坂⇒いわき駅⇒昌平中高前"
入定,新常磐交通（株）,"上遠野〜大平〜入遠野, 上遠野〜川畑〜入遠野"
宝木,福島交通（株）,鮫川線［宝木経由］
平六小,新常磐交通（株）,いわき駅〜草野
中神谷,新常磐交通（株）,いわき駅〜草野
胡摩沢,新常磐交通（株）,"平菱川町〜いわき駅〜上平窪〜高崎, 平菱川町〜いわき駅〜赤井岳下, 赤井岳下⇒いわき駅⇔平工業高校"
好間支所入口,新常磐交通（株）,"いわき駅前〜隅田川・好間平坑・榊小屋・差塩・上三坂, いわき駅⇔好間高校, 好間平坑⇒いわき駅⇒平商前, 榊小屋〜好間中〜いわき駅"
九品寺前,新常磐交通（株）,"いわき駅〜石森〜四ツ波, ニュータウン⇔飯野⇔八ツ坂⇔平商前, いわき駅⇔平六丁目⇔平商前"
平二小入口,新常磐交通（株）,"小名浜⇔玉川団地⇔鹿島⇔いわき駅⇔平商前, 小名浜⇔江名⇔豊間⇔いわき駅⇔平商前, 好間平坑⇒いわき駅⇒平商前"
神谷住宅口,新常磐交通（株）,"いわき駅〜四倉, いわき駅〜富岡, いわき駅⇔国道草野⇔四倉駅入口⇔四丁目"
六本榎,新常磐交通（株）,いわき駅〜草野
内の草,新常磐交通（株）,"いわき駅前〜隅田川・好間平坑・榊小屋・差塩・上三坂, 隅田川⇔好間高校"
城東,新常磐交通（株）,"いわき駅〜石森〜四ツ波, ニュータウン⇔飯野⇔八ツ坂⇔平商前, いわき駅⇔平六丁目⇔平商前"
久保の目,新常磐交通（株）,"上遠野〜大平〜入遠野, 上遠野〜川畑〜入遠野"
平六小入口,新常磐交通（株）,"いわき駅〜四倉, いわき駅⇔国道草野⇔四倉駅入口⇔四丁目"
渋井,新常磐交通（株）,"GSユアサいわき〜ラパークいわき, 榊小屋〜好間中〜いわき駅"
中好間,新常磐交通（株）,"いわき駅前〜隅田川・好間平坑・榊小屋・差塩・上三坂, いわき駅⇔好間高校, 好間平坑⇒いわき駅⇒平商前"
七軒町入口,新常磐交通（株）,久保町循環
瀬戸入口,新常磐交通（株）,"いわき駅〜四倉, いわき駅⇔国道草野⇔四倉駅入口⇔四丁目"
砂田,新常磐交通（株）,"いわき駅〜東日本国際大学・昌平中高, 小名浜⇔玉川団地⇔鹿島⇔いわき駅⇔昌平中高前, ニュータウン⇒八ツ坂⇒いわき駅⇒昌平中高前"
茂ヶ崎,福島交通（株）,新白河・白河の関線
隅田川,新常磐交通（株）,"いわき駅前〜隅田川・好間平坑・榊小屋・差塩・上三坂, 隅田川⇔好間高校"
日東電工,新常磐交通（株）,"いわき駅〜四倉, いわき駅⇔国道草野⇔四倉駅入口⇔四丁目"
磐高入口,新常磐交通（株）,"久保町循環, ニュータウン⇒飯野二丁目⇒高専前⇒磐高入口"
岩野草入口,福島交通（株）,鮫川線［宝木経由］
官沢,新常磐交通（株）,"上遠野〜大平〜入遠野, 上遠野〜川畑〜入遠野"
八幡小路,新常磐交通（株）,久保町循環
塩,新常磐交通（株）,"いわき駅〜草野, いわき駅〜四倉, いわき駅⇔国道草野⇔四倉駅入口⇔四丁目"
放送局前,新常磐交通（株）,久保町循環
久保町,新常磐交通（株）,久保町循環
杉平,新常磐交通（株）,"平菱川町〜いわき駅〜上平窪〜高崎, 平菱川町〜いわき駅〜赤井岳下, 赤井岳下⇒いわき駅⇔平工業高校"
裁判所前,新常磐交通（株）,久保町循環
下好間,新常磐交通（株）,"いわき駅前〜隅田川・好間平坑・榊小屋・差塩・上三坂, いわき駅⇔好間高校, 好間平坑⇒いわき駅⇒平商前"
風内,新常磐交通（株）,"いわき駅〜草野, いわき駅〜四倉, いわき駅⇔国道草野⇔四倉駅入口⇔四丁目"
いわき駅北口,新常磐交通（株）,"小名浜⇔玉川団地⇔鹿島⇔いわき駅⇔平商前, 小名浜⇔江名⇔豊間⇔いわき駅⇔平商前, 好間平坑⇒いわき駅⇒平商前"
叶田団地入口,新常磐交通（株）,"いわき駅前〜隅田川・好間平坑・榊小屋・差塩・上三坂, いわき駅⇔好間高校, 好間平坑⇒いわき駅⇒平商前"
大原,福島交通（株）,"仁田線, 有実線"
明賢寺前,新常磐交通（株）,久保町循環
専称寺前,新常磐交通（株）,いわき駅〜夏井〜西原
逆川下,福島交通（株）,刈敷坂・棚倉線
中島,新常磐交通（株）,"いわき駅〜草野, いわき駅〜四倉, いわき駅⇔国道草野⇔四倉駅入口⇔四丁目"
松上,ジェイアールバス関東（株）,福島県磐城棚倉〜磐城金山〜白河
菅ノ沢,新常磐交通（株）,久保町循環
東日本国際大,新常磐交通（株）,"いわき駅〜東日本国際大学・昌平中高, 小名浜⇔玉川団地⇔鹿島⇔いわき駅⇔昌平中高前, ニュータウン⇒八ツ坂⇒いわき駅⇒昌平中高前"
いわき駅前,新常磐交通（株）,"いわき駅〜八ツ坂・高専前〜飯野〜ニュータウン, いわき駅〜高専前〜医療創生大学〜ラパーク, いわき駅〜若葉台・ニュータウン〜鹿島〜小名浜〜洋向台, いわき駅〜鹿島ショッピングセンター〜中央営業所〜江名, いわき駅〜夏井〜西原, いわき駅〜豊間〜江名〜小名浜〜泉駅, 久保町循環, 平市内循環, いわき駅〜石森〜四ツ波, いわき駅〜東日本国際大学・昌平中高, いわき駅前〜隅田川・好間平坑・榊小屋・差塩・上三坂, 平菱川町〜いわき駅〜上平窪〜高崎, 平菱川町〜いわき駅〜赤井岳下, いわき駅〜（医療センター）〜湯本東口〜（玉川団地）〜小名浜, いわき駅〜御台境〜高坂団地, 立野循環, いわき駅〜川平・上鬼ヶ沢・高野, いわき駅〜草野, いわき駅〜四倉, いわき駅〜富岡, ニュータウン⇒飯野二丁目⇒高専前⇒磐高入口, いわき駅⇔内郷駅入口⇔いわき総合高校, いわき駅⇔御台境⇔立野⇔いわき総合高校, いわき駅⇔鹿島⇔小名浜海星高校, いわき駅⇔湯本東口⇔小名浜海星高校, いわき駅⇔豊間⇔江名⇔小名浜, いわき駅⇔いわき光洋高校, いわき駅⇔磐城一高, いわきニュータウン⇒いわき駅⇒磐城一高, いわき駅⇔立野⇔磐城一高, 小名浜⇔玉川団地⇔鹿島⇔いわき駅⇔昌平中高前, ニュータウン⇒八ツ坂⇒いわき駅⇒昌平中高前, いわき駅⇔好間高校, 赤井岳下⇒いわき駅⇔平工業高校, いわき駅⇔国道草野⇔四倉駅入口⇔四丁目, いわき駅⇒南白土, 小名浜⇔玉川団地⇔鹿島⇔いわき駅⇔平商前, 小名浜⇔江名⇔豊間⇔いわき駅⇔平商前, 好間平坑⇒いわき駅⇒平商前, いわき駅⇔平六丁目⇔平商前, いわき駅⇔高専前, GSユアサいわき〜ラパークいわき, 榊小屋〜好間中〜いわき駅"
平六町目,新常磐交通（株）,"平市内循環, いわき駅〜石森〜四ツ波, いわき駅〜東日本国際大学・昌平中高, 小名浜⇔玉川団地⇔鹿島⇔いわき駅⇔昌平中高前, ニュータウン⇒八ツ坂⇒いわき駅⇒昌平中高前, いわき駅⇒南白土, いわき駅⇔平六丁目⇔平商前"
農協前,新常磐交通（株）,"いわき駅〜東日本国際大学・昌平中高, いわき駅〜草野, いわき駅〜四倉, 小名浜⇔玉川団地⇔鹿島⇔いわき駅⇔昌平中高前, 小名浜⇔鹿島⇔ニュータウン⇔平工前⇔昌平中高前, ニュータウン⇒八ツ坂⇒いわき駅⇒昌平中高前, いわき駅⇔国道草野⇔四倉駅入口⇔四丁目"
田町,新常磐交通（株）,"久保町循環, 平菱川町〜いわき駅〜上平窪〜高崎, 平菱川町〜いわき駅〜赤井岳下, ニュータウン⇒飯野二丁目⇒高専前⇒磐高入口, 赤井岳下⇒いわき駅⇔平工業高校, 小名浜⇔玉川団地⇔鹿島⇔いわき駅⇔平商前, 小名浜⇔江名⇔豊間⇔いわき駅⇔平商前, 好間平坑⇒いわき駅⇒平商前"
鎌田入口,新常磐交通（株）,"いわき駅〜東日本国際大学・昌平中高, 小名浜⇔玉川団地⇔鹿島⇔いわき駅⇔昌平中高前, ニュータウン⇒八ツ坂⇒いわき駅⇒昌平中高前"
古鍛治町北,新常磐交通（株）,久保町循環
大原東口,福島交通（株）,仁田線
三森,ジェイアールバス関東（株）,福島県磐城棚倉〜磐城金山〜白河
大館,新常磐交通（株）,"いわき駅前〜隅田川・好間平坑・榊小屋・差塩・上三坂, いわき駅⇔好間高校, 好間平坑⇒いわき駅⇒平商前, GSユアサいわき〜ラパークいわき, 榊小屋〜好間中〜いわき駅"
鍛治平,福島交通（株）,鮫川線［宝木経由］
祢宜町,新常磐交通（株）,"いわき駅〜石森〜四ツ波, いわき駅〜東日本国際大学・昌平中高, 小名浜⇔玉川団地⇔鹿島⇔いわき駅⇔昌平中高前, ニュータウン⇒八ツ坂⇒いわき駅⇒昌平中高前"
茂ヶ崎入口,福島交通（株）,新白河・白河の関線
矢の目,新常磐交通（株）,いわき駅〜夏井〜西原
平五町目,新常磐交通（株）,"いわき駅〜豊間〜江名〜小名浜〜泉駅, いわき駅⇔豊間⇔江名⇔小名浜, 小名浜⇔江名⇔豊間⇔いわき駅⇔平商前"
天王内,ジェイアールバス関東（株）,福島県磐城棚倉〜磐城金山〜白河
磐城金山,ジェイアールバス関東（株）,福島県磐城棚倉〜磐城金山〜白河
磐城逆川,ジェイアールバス関東（株）,福島県磐城棚倉〜磐城金山〜白河
古鍛治町,新常磐交通（株）,久保町循環
下羽原,ジェイアールバス関東（株）,福島県磐城棚倉〜磐城金山〜白河
平二町目,新常磐交通（株）,久保町循環
平一町目,新常磐交通（株）,"久保町循環, 平市内循環"
平大橋,新常磐交通（株）,"いわき駅〜草野, いわき駅〜四倉, 小名浜⇔鹿島⇔ニュータウン⇔平工前⇔昌平中高前, いわき駅⇔国道草野⇔四倉駅入口⇔四丁目"
平三町目,新常磐交通（株）,"平菱川町〜いわき駅〜上平窪〜高崎, 平菱川町〜いわき駅〜赤井岳下"
本町,新常磐交通（株）,いわき駅〜夏井〜西原
本局前,新常磐交通（株）,"平市内循環, いわき駅⇒南白土, ニュータウン⇔飯野⇔八ツ坂⇔平商前"
大国魂神社,新常磐交通（株）,いわき駅〜夏井〜西原
紺屋前,新常磐交通（株）,久保町循環
逆川,福島交通（株）,刈敷坂・棚倉線
表郷庁舎前,ジェイアールバス関東（株）,福島県磐城棚倉〜磐城金山〜白河
御台境入口,新常磐交通（株）,"いわき駅前〜隅田川・好間平坑・榊小屋・差塩・上三坂, いわき駅〜御台境〜高坂団地, 立野循環, いわき駅⇔御台境⇔立野⇔いわき総合高校, いわき駅⇔立野⇔磐城一高, いわき駅⇔好間高校, 好間平坑⇒いわき駅⇒平商前, GSユアサいわき〜ラパークいわき, 榊小屋〜好間中〜いわき駅"
古川橋,新常磐交通（株）,いわき駅〜夏井〜西原
八ヶ久保日向,福島交通（株）,仁田線
平南町,新常磐交通（株）,"いわき駅〜八ツ坂・高専前〜飯野〜ニュータウン, いわき駅〜高専前〜医療創生大学〜ラパーク, いわき駅〜若葉台・ニュータウン〜鹿島〜小名浜〜洋向台, いわき駅〜鹿島ショッピングセンター〜中央営業所〜江名, いわき駅〜夏井〜西原, いわき駅前〜隅田川・好間平坑・榊小屋・差塩・上三坂, いわき駅〜（医療センター）〜湯本東口〜（玉川団地）〜小名浜, いわき駅〜御台境〜高坂団地, 立野循環, いわき駅〜川平・上鬼ヶ沢・高野, いわき駅〜草野, いわき駅〜四倉, ニュータウン⇒飯野二丁目⇒高専前⇒磐高入口, いわき駅⇔内郷駅入口⇔いわき総合高校, いわき駅⇔御台境⇔立野⇔いわき総合高校, いわき駅⇔鹿島⇔小名浜海星高校, いわき駅⇔湯本東口⇔小名浜海星高校, いわき駅⇔いわき光洋高校, いわき駅⇔磐城一高, いわきニュータウン⇒いわき駅⇒磐城一高, いわき駅⇔立野⇔磐城一高, 小名浜⇔玉川団地⇔鹿島⇔いわき駅⇔昌平中高前, ニュータウン⇒八ツ坂⇒いわき駅⇒昌平中高前, いわき駅⇔好間高校, 赤井岳下⇒いわき駅⇔平工業高校, いわき駅⇔国道草野⇔四倉駅入口⇔四丁目, 小名浜⇔玉川団地⇔鹿島⇔いわき駅⇔平商前, 好間平坑⇒いわき駅⇒平商前, いわき駅⇔高専前, GSユアサいわき〜ラパークいわき, 榊小屋〜好間中〜いわき駅"
南レンガ通り,新常磐交通（株）,平市内循環
入の湯,新常磐交通（株）,"いわき駅〜川平・上鬼ヶ沢・高野, 高野⇔上鬼ヶ沢⇔いわき総合高校, 高野⇔上鬼ヶ沢⇔磐城一高"
金沢内,ジェイアールバス関東（株）,福島県磐城棚倉〜磐城金山〜白河
五色町,新常磐交通（株）,"いわき駅〜夏井〜西原, いわき駅〜草野, いわき駅〜四倉, いわき駅〜富岡, 小名浜⇔鹿島⇔ニュータウン⇔平工前⇔昌平中高前, いわき駅⇔国道草野⇔四倉駅入口⇔四丁目"
夏井公民館,新常磐交通（株）,いわき駅〜夏井〜西原
越台,新常磐交通（株）,"上遠野〜大平〜入遠野, 上遠野〜川畑〜入遠野"
八ヶ久保橋,福島交通（株）,仁田線
八ヶ久保,福島交通（株）,仁田線
正内町,新常磐交通（株）,"いわき駅〜夏井〜西原, いわき駅〜草野, いわき駅〜四倉, いわき駅⇔国道草野⇔四倉駅入口⇔四丁目"
新川町,新常磐交通（株）,"いわき駅〜夏井〜西原, いわき駅〜豊間〜江名〜小名浜〜泉駅, いわき駅〜草野, いわき駅〜四倉, いわき駅⇔豊間⇔江名⇔小名浜, いわき駅⇔国道草野⇔四倉駅入口⇔四丁目, 小名浜⇔江名⇔豊間⇔いわき駅⇔平商前"
大町,新常磐交通（株）,"いわき駅〜夏井〜西原, いわき駅〜草野, いわき駅〜四倉, いわき駅⇔国道草野⇔四倉駅入口⇔四丁目"
坂下,新常磐交通（株）,"いわき駅〜御台境〜高坂団地, 立野循環, いわき駅⇔御台境⇔立野⇔いわき総合高校, いわき駅⇔立野⇔磐城一高"
高野小前,新常磐交通（株）,"いわき駅〜川平・上鬼ヶ沢・高野, 高野⇔上鬼ヶ沢⇔いわき総合高校, 高野⇔上鬼ヶ沢⇔磐城一高"
高木,ジェイアールバス関東（株）,福島県磐城棚倉〜磐城金山〜白河
平中町,新常磐交通（株）,"平市内循環, いわき駅前〜隅田川・好間平坑・榊小屋・差塩・上三坂, いわき駅〜（医療センター）〜湯本東口〜（玉川団地）〜小名浜, いわき駅〜御台境〜高坂団地, 立野循環, いわき駅〜川平・上鬼ヶ沢・高野, いわき駅⇔内郷駅入口⇔いわき総合高校, いわき駅⇔御台境⇔立野⇔いわき総合高校, いわき駅⇔湯本東口⇔小名浜海星高校, いわき駅⇔磐城一高, いわきニュータウン⇒いわき駅⇒磐城一高, いわき駅⇔立野⇔磐城一高, いわき駅⇔好間高校, 好間平坑⇒いわき駅⇒平商前, GSユアサいわき〜ラパークいわき, 榊小屋〜好間中〜いわき駅"
堂の前,新常磐交通（株）,"平市内循環, いわき駅前〜隅田川・好間平坑・榊小屋・差塩・上三坂, いわき駅〜（医療センター）〜湯本東口〜（玉川団地）〜小名浜, いわき駅〜御台境〜高坂団地, 立野循環, いわき駅〜川平・上鬼ヶ沢・高野, いわき駅⇔内郷駅入口⇔いわき総合高校, いわき駅⇔御台境⇔立野⇔いわき総合高校, いわき駅⇔湯本東口⇔小名浜海星高校, いわき駅⇔磐城一高, いわきニュータウン⇒いわき駅⇒磐城一高, いわき駅⇔立野⇔磐城一高, いわき駅⇔好間高校, 好間平坑⇒いわき駅⇒平商前, GSユアサいわき〜ラパークいわき, 榊小屋〜好間中〜いわき駅"
夏井小入口,新常磐交通（株）,いわき駅〜夏井〜西原
長橋町,新常磐交通（株）,"いわき駅前〜隅田川・好間平坑・榊小屋・差塩・上三坂, いわき駅〜（医療センター）〜湯本東口〜（玉川団地）〜小名浜, いわき駅〜御台境〜高坂団地, 立野循環, いわき駅〜川平・上鬼ヶ沢・高野, いわき駅⇔内郷駅入口⇔いわき総合高校, いわき駅⇔御台境⇔立野⇔いわき総合高校, いわき駅⇔湯本東口⇔小名浜海星高校, いわき駅⇔磐城一高, いわきニュータウン⇒いわき駅⇒磐城一高, いわき駅⇔立野⇔磐城一高, いわき駅⇔好間高校, 好間平坑⇒いわき駅⇒平商前, GSユアサいわき〜ラパークいわき, 榊小屋〜好間中〜いわき駅"
下川原,新常磐交通（株）,いわき駅〜夏井〜西原
薄木,福島交通（株）,仁田線
宮田団地,新常磐交通（株）,いわき駅〜夏井〜西原
薄ヶ久保,福島交通（株）,鮫川線［宝木経由］
旗宿下,福島交通（株）,新白河・白河の関線
鶴巻,新常磐交通（株）,"いわき駅〜御台境〜高坂団地, 立野循環, いわき駅⇔御台境⇔立野⇔いわき総合高校, いわき駅⇔立野⇔磐城一高"
三島神社,新常磐交通（株）,いわき駅〜夏井〜西原
堀の内,新常磐交通（株）,いわき駅〜夏井〜西原
白土公園入口,新常磐交通（株）,いわき駅〜夏井〜西原
中央警察署,新常磐交通（株）,"いわき駅〜（医療センター）〜湯本東口〜（玉川団地）〜小名浜, 立野循環, いわき駅〜川平・上鬼ヶ沢・高野, いわき駅⇔内郷駅入口⇔いわき総合高校, いわき駅⇔湯本東口⇔小名浜海星高校, いわき駅⇔磐城一高, いわきニュータウン⇒いわき駅⇒磐城一高"
三倉,新常磐交通（株）,"平市内循環, 小名浜⇔鹿島⇔ニュータウン⇔平工前⇔昌平中高前, いわき駅⇒南白土, ニュータウン⇔飯野⇔八ツ坂⇔平商前"
尼子,新常磐交通（株）,平市内循環
梁森,ジェイアールバス関東（株）,福島県磐城棚倉〜磐城金山〜白河
石住,新常磐交通（株）,"いわき駅〜川平・上鬼ヶ沢・高野, 高野⇔上鬼ヶ沢⇔いわき総合高校, 高野⇔上鬼ヶ沢⇔磐城一高"
官沢,福島交通（株）,鮫川線［宝木経由］
四季庵,新常磐交通（株）,いわき駅〜御台境〜高坂団地
有実,新常磐交通（株）,"上遠野〜大平〜入遠野, 上遠野〜川畑〜入遠野"
NHK前,新常磐交通（株）,"いわき駅〜八ツ坂・高専前〜飯野〜ニュータウン, いわき駅〜高専前〜医療創生大学〜ラパーク, いわき駅〜若葉台・ニュータウン〜鹿島〜小名浜〜洋向台, いわき駅〜鹿島ショッピングセンター〜中央営業所〜江名, 平市内循環, ニュータウン⇒飯野二丁目⇒高専前⇒磐高入口, いわき駅⇔鹿島⇔小名浜海星高校, いわき駅⇔いわき光洋高校, いわきニュータウン⇒いわき駅⇒磐城一高, 小名浜⇔玉川団地⇔鹿島⇔いわき駅⇔昌平中高前, ニュータウン⇒八ツ坂⇒いわき駅⇒昌平中高前, 赤井岳下⇒いわき駅⇔平工業高校, 小名浜⇔玉川団地⇔鹿島⇔いわき駅⇔平商前, いわき駅⇔高専前, GSユアサいわき〜ラパークいわき"
中央公園前,新常磐交通（株）,平市内循環
本庁舎前,新常磐交通（株）,平市内循環
合同庁舎前,新常磐交通（株）,平市内循環
新田入口,新常磐交通（株）,いわき駅〜夏井〜西原
菱川町,新常磐交通（株）,"平菱川町〜いわき駅〜上平窪〜高崎, 平菱川町〜いわき駅〜赤井岳下"
上ノ台,新常磐交通（株）,"いわき駅〜川平・上鬼ヶ沢・高野, 高野⇔上鬼ヶ沢⇔いわき総合高校, 高野⇔上鬼ヶ沢⇔磐城一高"
旗宿上,福島交通（株）,新白河・白河の関線
鶴巻西,新常磐交通（株）,"いわき駅〜御台境〜高坂団地, 立野循環, いわき駅⇔御台境⇔立野⇔いわき総合高校, いわき駅⇔立野⇔磐城一高"
高坂,新常磐交通（株）,いわき駅〜御台境〜高坂団地
平口入口,新常磐交通（株）,"上遠野〜大平〜入遠野, 上遠野〜川畑〜入遠野"
倉前,新常磐交通（株）,"いわき駅〜八ツ坂・高専前〜飯野〜ニュータウン, いわき駅〜豊間〜江名〜小名浜〜泉駅, 平市内循環, いわき駅⇔豊間⇔江名⇔小名浜, ニュータウン⇒八ツ坂⇒いわき駅⇒昌平中高前, 小名浜⇔江名⇔豊間⇔いわき駅⇔平商前"
磐城一高,新常磐交通（株）,"いわき駅〜（医療センター）〜湯本東口〜（玉川団地）〜小名浜, 立野循環, いわき駅〜川平・上鬼ヶ沢・高野, いわき駅⇔内郷駅入口⇔いわき総合高校, いわき駅⇔湯本東口⇔小名浜海星高校, いわき駅⇔磐城一高, いわきニュータウン⇒いわき駅⇒磐城一高, 川平⇔磐城一高, 高野⇔上鬼ヶ沢⇔磐城一高, いわき駅⇔立野⇔磐城一高, 小名浜⇔湯本東口⇔磐城一高"
作町三丁目,新常磐交通（株）,"平市内循環, いわき駅⇒南白土"
作町二丁目,新常磐交通（株）,"平市内循環, いわき駅⇒南白土"
金坂団地,新常磐交通（株）,いわき駅〜御台境〜高坂団地
水沼,福島交通（株）,仁田線
五反田,新常磐交通（株）,"いわき駅〜御台境〜高坂団地, 立野循環, いわき駅⇔御台境⇔立野⇔いわき総合高校, いわき駅⇔立野⇔磐城一高"
愛谷町二丁目,新常磐交通（株）,"平市内循環, いわき駅⇒南白土"
平三小入口,新常磐交通（株）,"小名浜⇔鹿島⇔ニュータウン⇔平工前⇔昌平中高前, ニュータウン⇔飯野⇔八ツ坂⇔平商前"
細田,新常磐交通（株）,いわき駅〜夏井〜西原
平石,新常磐交通（株）,"いわき駅〜川平・上鬼ヶ沢・高野, 高野⇔上鬼ヶ沢⇔いわき総合高校, 高野⇔上鬼ヶ沢⇔磐城一高"
御厩下能,新常磐交通（株）,"いわき駅〜（医療センター）〜湯本東口〜（玉川団地）〜小名浜, 立野循環, いわき駅〜川平・上鬼ヶ沢・高野, いわき駅⇔内郷駅入口⇔いわき総合高校, いわき駅⇔湯本東口⇔小名浜海星高校, 川平⇔磐城一高, 高野⇔上鬼ヶ沢⇔磐城一高, いわき駅⇔立野⇔磐城一高, 小名浜⇔湯本東口⇔磐城一高"
県営住宅,新常磐交通（株）,いわき駅〜御台境〜高坂団地
白河の関,福島交通（株）,新白河・白河の関線
高坂団地,新常磐交通（株）,いわき駅〜御台境〜高坂団地
競輪場前,新常磐交通（株）,"いわき駅〜八ツ坂・高専前〜飯野〜ニュータウン, いわき駅〜高専前〜医療創生大学〜ラパーク, いわき駅〜若葉台・ニュータウン〜鹿島〜小名浜〜洋向台, いわき駅〜鹿島ショッピングセンター〜中央営業所〜江名, ニュータウン⇒飯野二丁目⇒高専前⇒磐高入口, いわき駅⇔鹿島⇔小名浜海星高校, いわき駅⇔いわき光洋高校, いわきニュータウン⇒いわき駅⇒磐城一高, 小名浜⇔玉川団地⇔鹿島⇔いわき駅⇔昌平中高前, 小名浜⇔玉川団地⇔鹿島⇔いわき駅⇔平商前, いわき駅⇔高専前, GSユアサいわき〜ラパークいわき"
高坂一丁目,新常磐交通（株）,いわき駅〜御台境〜高坂団地
官沢入口,福島交通（株）,鮫川線［宝木経由］
高坂団地入口,新常磐交通（株）,"いわき駅〜御台境〜高坂団地, 立野循環, いわき駅⇔御台境⇔立野⇔いわき総合高校, いわき駅⇔立野⇔磐城一高"
高坂二丁目,新常磐交通（株）,いわき駅〜御台境〜高坂団地
五合田,新常磐交通（株）,"いわき駅〜川平・上鬼ヶ沢・高野, 高野⇔上鬼ヶ沢⇔いわき総合高校, 高野⇔上鬼ヶ沢⇔磐城一高"
伏木田,福島交通（株）,鮫川線［宝木経由］
関の森公園,福島交通（株）,新白河・白河の関線
双藤町,新常磐交通（株）,"小名浜⇔鹿島⇔ニュータウン⇔平工前⇔昌平中高前, 赤井岳下⇒いわき駅⇔平工業高校, ニュータウン⇔飯野⇔八ツ坂⇔平商前"
かんぽの宿いわき,新常磐交通（株）,いわき駅〜夏井〜西原
谷川瀬,新常磐交通（株）,"いわき駅〜八ツ坂・高専前〜飯野〜ニュータウン, いわき駅〜豊間〜江名〜小名浜〜泉駅, 平市内循環, いわき駅⇔豊間⇔江名⇔小名浜, ニュータウン⇒八ツ坂⇒いわき駅⇒昌平中高前, 小名浜⇔江名⇔豊間⇔いわき駅⇔平商前"
鮫川村図書館前,福島交通（株）,"鮫川線［宝木経由］, 塙・鮫川線"
御厩小入口,新常磐交通（株）,"いわき駅〜（医療センター）〜湯本東口〜（玉川団地）〜小名浜, 立野循環, いわき駅〜川平・上鬼ヶ沢・高野, いわき駅⇔内郷駅入口⇔いわき総合高校, いわき駅⇔湯本東口⇔小名浜海星高校, 川平⇔磐城一高, 高野⇔上鬼ヶ沢⇔磐城一高, いわき駅⇔立野⇔磐城一高, 小名浜⇔湯本東口⇔磐城一高"
南白土,新常磐交通（株）,"平市内循環, いわき駅⇒南白土"
平太郎,新常磐交通（株）,"いわき駅〜川平・上鬼ヶ沢・高野, 高野⇔上鬼ヶ沢⇔いわき総合高校, 高野⇔上鬼ヶ沢⇔磐城一高"
上町田,新常磐交通（株）,"いわき駅〜川平・上鬼ヶ沢・高野, 高野⇔上鬼ヶ沢⇔いわき総合高校, 高野⇔上鬼ヶ沢⇔磐城一高"
ヨークタウン谷川瀬,新常磐交通（株）,"いわき駅〜八ツ坂・高専前〜飯野〜ニュータウン, いわき駅〜豊間〜江名〜小名浜〜泉駅, 平市内循環, いわき駅⇔豊間⇔江名⇔小名浜, ニュータウン⇒八ツ坂⇒いわき駅⇒昌平中高前, 小名浜⇔江名⇔豊間⇔いわき駅⇔平商前"
道少田,福島交通（株）,"鮫川線［宝木経由］, 塙・鮫川線"
樅の木下,新常磐交通（株）,"いわき駅〜川平・上鬼ヶ沢・高野, 高野⇔上鬼ヶ沢⇔いわき総合高校, 高野⇔上鬼ヶ沢⇔磐城一高"
総合保健福祉センター前,新常磐交通（株）,立野循環
下町田,新常磐交通（株）,"いわき駅〜川平・上鬼ヶ沢・高野, 高野⇔上鬼ヶ沢⇔いわき総合高校, 高野⇔上鬼ヶ沢⇔磐城一高"
八ツ坂団地入口,新常磐交通（株）,"いわき駅〜八ツ坂・高専前〜飯野〜ニュータウン, いわき駅〜豊間〜江名〜小名浜〜泉駅, いわき駅⇔豊間⇔江名⇔小名浜, 小名浜⇔鹿島⇔ニュータウン⇔平工前⇔昌平中高前, ニュータウン⇒八ツ坂⇒いわき駅⇒昌平中高前, 赤井岳下⇒いわき駅⇔平工業高校, ニュータウン⇔飯野⇔八ツ坂⇔平商前, 小名浜⇔江名⇔豊間⇔いわき駅⇔平商前"
立野入口,新常磐交通（株）,"立野循環, いわき駅⇔御台境⇔立野⇔いわき総合高校, いわき駅⇔立野⇔磐城一高"
鬼ヶ沢,新常磐交通（株）,"いわき駅〜川平・上鬼ヶ沢・高野, 高野⇔上鬼ヶ沢⇔いわき総合高校, 高野⇔上鬼ヶ沢⇔磐城一高"
新宿,福島交通（株）,"鮫川線［宝木経由］, 塙・鮫川線"
八反田,新常磐交通（株）,"立野循環, いわき駅⇔御台境⇔立野⇔いわき総合高校, いわき駅⇔立野⇔磐城一高"
松原,新常磐交通（株）,いわき駅〜夏井〜西原
立野,新常磐交通（株）,"立野循環, いわき駅⇔御台境⇔立野⇔いわき総合高校, いわき駅⇔立野⇔磐城一高"
白土入口,新常磐交通（株）,"いわき駅〜豊間〜江名〜小名浜〜泉駅, いわき駅⇔豊間⇔江名⇔小名浜, 小名浜⇔鹿島⇔ニュータウン⇔平工前⇔昌平中高前, 赤井岳下⇒いわき駅⇔平工業高校, 小名浜⇔江名⇔豊間⇔いわき駅⇔平商前"
中屋,新常磐交通（株）,"上遠野〜大平〜入遠野, 上遠野〜川畑〜入遠野"
板橋,新常磐交通（株）,"いわき駅〜川平・上鬼ヶ沢・高野, 高野⇔上鬼ヶ沢⇔いわき総合高校, 高野⇔上鬼ヶ沢⇔磐城一高"
上鬼ヶ沢,新常磐交通（株）,"いわき駅〜川平・上鬼ヶ沢・高野, 高野⇔上鬼ヶ沢⇔いわき総合高校, 高野⇔上鬼ヶ沢⇔磐城一高"
蛭子,新常磐交通（株）,"いわき駅〜川平・上鬼ヶ沢・高野, 高野⇔上鬼ヶ沢⇔いわき総合高校, 高野⇔上鬼ヶ沢⇔磐城一高"
鮫川役場,福島交通（株）,"鮫川線［宝木経由］, 塙・鮫川線"
内郷二中,新常磐交通（株）,"いわき駅〜川平・上鬼ヶ沢・高野, 高野⇔上鬼ヶ沢⇔いわき総合高校, 高野⇔上鬼ヶ沢⇔磐城一高"
青少年広場,福島交通（株）,塙・鮫川線
医療センター入口,新常磐交通（株）,"いわき駅〜（医療センター）〜湯本東口〜（玉川団地）〜小名浜, 立野循環, いわき駅〜川平・上鬼ヶ沢・高野, いわき駅⇔内郷駅入口⇔いわき総合高校, いわき駅⇔湯本東口⇔小名浜海星高校, 川平⇔磐城一高, 高野⇔上鬼ヶ沢⇔磐城一高, いわき駅⇔立野⇔磐城一高, 小名浜⇔湯本東口⇔磐城一高"
医療センター,新常磐交通（株）,"いわき駅〜（医療センター）〜湯本東口〜（玉川団地）〜小名浜, 立野循環, いわき駅〜川平・上鬼ヶ沢・高野, いわき駅⇔内郷駅入口⇔いわき総合高校, いわき駅⇔湯本東口⇔小名浜海星高校, 川平⇔磐城一高, 高野⇔上鬼ヶ沢⇔磐城一高, いわき駅⇔立野⇔磐城一高, 小名浜⇔湯本東口⇔磐城一高"
藤間,新常磐交通（株）,いわき駅〜夏井〜西原
中沢,新常磐交通（株）,"いわき駅〜川平・上鬼ヶ沢・高野, 高野⇔上鬼ヶ沢⇔いわき総合高校, 高野⇔上鬼ヶ沢⇔磐城一高"
立野御殿,新常磐交通（株）,"立野循環, いわき駅⇔御台境⇔立野⇔いわき総合高校, いわき駅⇔立野⇔磐城一高"
一郎小屋,新常磐交通（株）,"いわき駅〜川平・上鬼ヶ沢・高野, 高野⇔上鬼ヶ沢⇔いわき総合高校, 高野⇔上鬼ヶ沢⇔磐城一高"
赤舘公園,福島交通（株）,刈敷坂・棚倉線
明治団地,新常磐交通（株）,"いわき駅〜八ツ坂・高専前〜飯野〜ニュータウン, いわき駅〜高専前〜医療創生大学〜ラパーク, いわき駅〜若葉台・ニュータウン〜鹿島〜小名浜〜洋向台, いわき駅〜鹿島ショッピングセンター〜中央営業所〜江名, ニュータウン⇒飯野二丁目⇒高専前⇒磐高入口, いわき駅⇔鹿島⇔小名浜海星高校, いわき駅⇔いわき光洋高校, いわきニュータウン⇒いわき駅⇒磐城一高, 小名浜⇔玉川団地⇔鹿島⇔いわき駅⇔昌平中高前, 小名浜⇔玉川団地⇔鹿島⇔いわき駅⇔平商前, いわき駅⇔高専前, GSユアサいわき〜ラパークいわき"
宮沢,新常磐交通（株）,"いわき駅〜川平・上鬼ヶ沢・高野, 高野⇔上鬼ヶ沢⇔いわき総合高校, 高野⇔上鬼ヶ沢⇔磐城一高"
労災病院入口,新常磐交通（株）,"いわき駅〜（医療センター）〜湯本東口〜（玉川団地）〜小名浜, 立野循環, いわき駅〜川平・上鬼ヶ沢・高野, いわき駅⇔内郷駅入口⇔いわき総合高校, いわき駅⇔湯本東口⇔小名浜海星高校, 川平⇔磐城一高, 高野⇔上鬼ヶ沢⇔磐城一高, いわき駅⇔立野⇔磐城一高, 小名浜⇔湯本東口⇔磐城一高"
平工前,新常磐交通（株）,"いわき駅〜豊間〜江名〜小名浜〜泉駅, いわき駅⇔豊間⇔江名⇔小名浜, 小名浜⇔鹿島⇔ニュータウン⇔平工前⇔昌平中高前, 小名浜⇔玉川団地⇔ニュータウン⇔平工業高校, 泉駅⇒小名浜⇒江名⇒豊間⇒平工業高校, 赤井岳下⇒いわき駅⇔平工業高校, 小名浜⇔江名⇔豊間⇔いわき駅⇔平商前"
鮫川村保健センター,福島交通（株）,"鮫川線［宝木経由］, 塙・鮫川線"
山崎,新常磐交通（株）,"いわき駅〜川平・上鬼ヶ沢・高野, 高野⇔上鬼ヶ沢⇔いわき総合高校, 高野⇔上鬼ヶ沢⇔磐城一高"
平五小前,新常磐交通（株）,"いわき駅〜豊間〜江名〜小名浜〜泉駅, いわき駅⇔豊間⇔江名⇔小名浜, 泉駅⇒小名浜⇒江名⇒豊間⇒平工業高校, 小名浜⇔江名⇔豊間⇔いわき駅⇔平商前"
関屋,新常磐交通（株）,"上遠野〜大平〜入遠野, 上遠野〜川畑〜入遠野"
宮沢団地,新常磐交通（株）,"いわき駅〜川平・上鬼ヶ沢・高野, 高野⇔上鬼ヶ沢⇔いわき総合高校, 高野⇔上鬼ヶ沢⇔磐城一高"
金谷団地,新常磐交通（株）,"いわき駅〜（医療センター）〜湯本東口〜（玉川団地）〜小名浜, 立野循環, いわき駅〜川平・上鬼ヶ沢・高野, いわき駅⇔内郷駅入口⇔いわき総合高校, いわき駅⇔湯本東口⇔小名浜海星高校, 川平⇔磐城一高, 高野⇔上鬼ヶ沢⇔磐城一高, いわき駅⇔立野⇔磐城一高, 小名浜⇔湯本東口⇔磐城一高"
公園下,ジェイアールバス関東（株）,福島県磐城棚倉〜磐城金山〜白河
平工業高校,新常磐交通（株）,"小名浜⇔玉川団地⇔ニュータウン⇔平工業高校, 泉駅⇒小名浜⇒江名⇒豊間⇒平工業高校, 赤井岳下⇒いわき駅⇔平工業高校"
館下,新常磐交通（株）,"いわき駅〜八ツ坂・高専前〜飯野〜ニュータウン, いわき駅〜高専前〜医療創生大学〜ラパーク, いわき駅〜若葉台・ニュータウン〜鹿島〜小名浜〜洋向台, いわき駅〜鹿島ショッピングセンター〜中央営業所〜江名, ニュータウン⇒飯野二丁目⇒高専前⇒磐高入口, いわき駅⇔鹿島⇔小名浜海星高校, いわき駅⇔いわき光洋高校, いわきニュータウン⇒いわき駅⇒磐城一高, 小名浜⇔玉川団地⇔鹿島⇔いわき駅⇔昌平中高前, 小名浜⇔玉川団地⇔鹿島⇔いわき駅⇔平商前, いわき駅⇔高専前, GSユアサいわき〜ラパークいわき"
磐堰,新常磐交通（株）,"いわき駅〜川平・上鬼ヶ沢・高野, 高野⇔上鬼ヶ沢⇔いわき総合高校, 高野⇔上鬼ヶ沢⇔磐城一高"
鮫川広畑,福島交通（株）,"鮫川線［宝木経由］, 塙・鮫川線"
御殿入口,新常磐交通（株）,"立野循環, いわき駅〜川平・上鬼ヶ沢・高野, いわき駅⇔御台境⇔立野⇔いわき総合高校, 高野⇔上鬼ヶ沢⇔いわき総合高校, 高野⇔上鬼ヶ沢⇔磐城一高, いわき駅⇔立野⇔磐城一高"
中山新店,新常磐交通（株）,"いわき駅〜豊間〜江名〜小名浜〜泉駅, いわき駅⇔豊間⇔江名⇔小名浜, 泉駅⇒小名浜⇒江名⇒豊間⇒平工業高校, 小名浜⇔江名⇔豊間⇔いわき駅⇔平商前"
浅川口,福島交通（株）,刈敷坂・棚倉線
浅川口,ジェイアールバス関東（株）,福島県磐城棚倉〜磐城金山〜白河
入遠野小,新常磐交通（株）,"上遠野〜大平〜入遠野, 上遠野〜川畑〜入遠野"
仁田,福島交通（株）,仁田線
鮫川中学校入口,福島交通（株）,塙・鮫川線
いわき総合高校,新常磐交通（株）,"立野循環, いわき駅〜川平・上鬼ヶ沢・高野, いわき駅⇔内郷駅入口⇔いわき総合高校, いわき駅⇔御台境⇔立野⇔いわき総合高校, 高野⇔上鬼ヶ沢⇔いわき総合高校, 高野⇔上鬼ヶ沢⇔磐城一高, いわき駅⇔立野⇔磐城一高"
内郷支所,新常磐交通（株）,"いわき駅〜（医療センター）〜湯本東口〜（玉川団地）〜小名浜, 立野循環, いわき駅〜川平・上鬼ヶ沢・高野, いわき駅⇔内郷駅入口⇔いわき総合高校, いわき駅⇔湯本東口⇔小名浜海星高校, 川平⇔磐城一高, 高野⇔上鬼ヶ沢⇔磐城一高, いわき駅⇔立野⇔磐城一高, 小名浜⇔湯本東口⇔磐城一高"
上荒川公園口,新常磐交通（株）,"いわき駅〜八ツ坂・高専前〜飯野〜ニュータウン, いわき駅〜高専前〜医療創生大学〜ラパーク, いわき駅〜若葉台・ニュータウン〜鹿島〜小名浜〜洋向台, いわき駅〜鹿島ショッピングセンター〜中央営業所〜江名, ニュータウン⇒飯野二丁目⇒高専前⇒磐高入口, いわき駅⇔鹿島⇔小名浜海星高校, いわき駅⇔いわき光洋高校, いわきニュータウン⇒いわき駅⇒磐城一高, 小名浜⇔玉川団地⇔鹿島⇔いわき駅⇔昌平中高前, 小名浜⇔玉川団地⇔鹿島⇔いわき駅⇔平商前, いわき駅⇔高専前, GSユアサいわき〜ラパークいわき"
藤間中前,新常磐交通（株）,いわき駅〜夏井〜西原
前田,新常磐交通（株）,"上遠野〜大平〜入遠野, 上遠野〜川畑〜入遠野"
磐城棚倉駅,ジェイアールバス関東（株）,福島県磐城棚倉〜磐城金山〜白河
内郷駅入口,新常磐交通（株）,"いわき駅〜（医療センター）〜湯本東口〜（玉川団地）〜小名浜, 立野循環, いわき駅〜川平・上鬼ヶ沢・高野, いわき駅⇔内郷駅入口⇔いわき総合高校, いわき駅⇔湯本東口⇔小名浜海星高校, 川平⇔磐城一高, 高野⇔上鬼ヶ沢⇔磐城一高, いわき駅⇔立野⇔磐城一高, 小名浜⇔湯本東口⇔磐城一高"
湯川,福島交通（株）,塙・鮫川線
小山,新常磐交通（株）,"いわき駅〜豊間〜江名〜小名浜〜泉駅, いわき駅⇔豊間⇔江名⇔小名浜, 泉駅⇒小名浜⇒江名⇒豊間⇒平工業高校, 小名浜⇔江名⇔豊間⇔いわき駅⇔平商前"
内町入口,新常磐交通（株）,"立野循環, いわき駅〜川平・上鬼ヶ沢・高野, いわき駅⇔内郷駅入口⇔いわき総合高校, 高野⇔上鬼ヶ沢⇔磐城一高, いわき駅⇔立野⇔磐城一高"
棚倉駅前,福島交通（株）,"刈敷坂・棚倉線, 東舘線, 棚倉・塙線"
白坂,新常磐交通（株）,"いわき駅〜豊間〜江名〜小名浜〜泉駅, いわき駅⇔豊間⇔江名⇔小名浜, 泉駅⇒小名浜⇒江名⇒豊間⇒平工業高校, 小名浜⇔江名⇔豊間⇔いわき駅⇔平商前"
高専前,新常磐交通（株）,"いわき駅〜八ツ坂・高専前〜飯野〜ニュータウン, いわき駅〜高専前〜医療創生大学〜ラパーク, いわき駅〜若葉台・ニュータウン〜鹿島〜小名浜〜洋向台, いわき駅〜鹿島ショッピングセンター〜中央営業所〜江名, ニュータウン⇒飯野二丁目⇒高専前⇒磐高入口, いわき駅⇔鹿島⇔小名浜海星高校, いわき駅⇔いわき光洋高校, いわきニュータウン⇒いわき駅⇒磐城一高, 小名浜⇔玉川団地⇔鹿島⇔いわき駅⇔昌平中高前, 小名浜⇔玉川団地⇔鹿島⇔いわき駅⇔平商前, いわき駅⇔高専前, 小名浜⇔大原⇔玉川団地⇔鹿島⇔高専前, 江名⇔中央営業所⇔鹿島⇔高専前, 小名浜⇔鹿島⇔高専前, いわきニュータウン⇔高専前, GSユアサいわき〜ラパークいわき"
道の駅尾瀬檜枝岐前,会津乗合自動車（株）,"中山峠・尾瀬線, 中山峠・尾瀬線：冬期"
さぎり荘,福島交通（株）,鮫川線［宝木経由］
宮入口,新常磐交通（株）,"いわき駅〜（医療センター）〜湯本東口〜（玉川団地）〜小名浜, 立野循環, いわき駅〜川平・上鬼ヶ沢・高野, いわき駅⇔内郷駅入口⇔いわき総合高校, いわき駅⇔湯本東口⇔小名浜海星高校, 川平⇔磐城一高, 高野⇔上鬼ヶ沢⇔磐城一高, いわき駅⇔立野⇔磐城一高, 小名浜⇔湯本東口⇔磐城一高"
神明橋,新常磐交通（株）,"いわき駅〜豊間〜江名〜小名浜〜泉駅, いわき駅⇔豊間⇔江名⇔小名浜, 泉駅⇒小名浜⇒江名⇒豊間⇒平工業高校, 小名浜⇔江名⇔豊間⇔いわき駅⇔平商前"
新町,ジェイアールバス関東（株）,福島県磐城棚倉〜磐城金山〜白河
新町,福島交通（株）,"刈敷坂・棚倉線, 東舘線, 棚倉・塙線"
牛転,新常磐交通（株）,いわき駅〜夏井〜西原
上根本,新常磐交通（株）,上遠野〜川畑〜入遠野
入遠野中,新常磐交通（株）,上遠野〜川畑〜入遠野
つつじが丘,新常磐交通（株）,"小名浜⇔鹿島⇔ニュータウン⇔平工前⇔昌平中高前, 小名浜⇔玉川団地⇔ニュータウン⇔平工業高校"
長槻,新常磐交通（株）,"いわき駅〜川平・上鬼ヶ沢・高野, 川平⇔磐城一高"
あみだ堂,新常磐交通（株）,"いわき駅〜川平・上鬼ヶ沢・高野, 川平⇔磐城一高"
表,新常磐交通（株）,"上遠野〜大平〜入遠野, 上遠野〜川畑〜入遠野"
折松入口,新常磐交通（株）,上遠野〜川畑〜入遠野
浜井場,新常磐交通（株）,"いわき駅〜川平・上鬼ヶ沢・高野, 川平⇔磐城一高"
棚倉小学校,福島交通（株）,"刈敷坂・棚倉線, 東舘線, 棚倉・塙線"
棚倉小学校前,ジェイアールバス関東（株）,福島県磐城棚倉〜磐城金山〜白河
神下入口,新常磐交通（株）,"いわき駅〜豊間〜江名〜小名浜〜泉駅, いわき駅⇔豊間⇔江名⇔小名浜, 小名浜⇔江名⇔豊間⇔いわき光洋高校, 泉駅⇒小名浜⇒江名⇒豊間⇒平工業高校, 小名浜⇔江名⇔豊間⇔いわき駅⇔平商前"
藤棚,新常磐交通（株）,"いわき駅〜（医療センター）〜湯本東口〜（玉川団地）〜小名浜, いわき駅⇔湯本東口⇔小名浜海星高校, 小名浜⇔湯本東口⇔磐城一高"
下荒川,新常磐交通（株）,"小名浜⇔鹿島⇔ニュータウン⇔平工前⇔昌平中高前, 小名浜⇔玉川団地⇔ニュータウン⇔平工業高校"
湯の田温泉,福島交通（株）,鮫川線［宝木経由］
中谷地,新常磐交通（株）,"いわき駅〜豊間〜江名〜小名浜〜泉駅, いわき駅⇔豊間⇔江名⇔小名浜, 小名浜⇔江名⇔豊間⇔いわき光洋高校, 泉駅⇒小名浜⇒江名⇒豊間⇒平工業高校, 小名浜⇔江名⇔豊間⇔いわき駅⇔平商前"
高久小入口,新常磐交通（株）,"いわき駅〜豊間〜江名〜小名浜〜泉駅, いわき駅⇔豊間⇔江名⇔小名浜, 小名浜⇔江名⇔豊間⇔いわき光洋高校, 泉駅⇒小名浜⇒江名⇒豊間⇒平工業高校, 小名浜⇔江名⇔豊間⇔いわき駅⇔平商前"
仲屋前,新常磐交通（株）,"いわき駅〜豊間〜江名〜小名浜〜泉駅, いわき駅⇔豊間⇔江名⇔小名浜, 小名浜⇔江名⇔豊間⇔いわき光洋高校, 泉駅⇒小名浜⇒江名⇒豊間⇒平工業高校, 小名浜⇔江名⇔豊間⇔いわき駅⇔平商前"
洞橋,新常磐交通（株）,"いわき駅〜豊間〜江名〜小名浜〜泉駅, いわき駅⇔豊間⇔江名⇔小名浜, 小名浜⇔江名⇔豊間⇔いわき光洋高校, 泉駅⇒小名浜⇒江名⇒豊間⇒平工業高校, 小名浜⇔江名⇔豊間⇔いわき駅⇔平商前"
古町一丁目,福島交通（株）,"刈敷坂・棚倉線, 東舘線, 棚倉・塙線"
上入山,新常磐交通（株）,"いわき駅〜川平・上鬼ヶ沢・高野, 川平⇔磐城一高"
馬場鶴ケ井,新常磐交通（株）,"いわき駅〜豊間〜江名〜小名浜〜泉駅, いわき駅⇔豊間⇔江名⇔小名浜, 小名浜⇔江名⇔豊間⇔いわき光洋高校, 泉駅⇒小名浜⇒江名⇒豊間⇒平工業高校, 小名浜⇔江名⇔豊間⇔いわき駅⇔平商前"
前沼,福島交通（株）,塙・鮫川線
棚倉郵便局前,ジェイアールバス関東（株）,福島県磐城棚倉〜磐城金山〜白河
自由ヶ丘,新常磐交通（株）,"いわき駅〜八ツ坂・高専前〜飯野〜ニュータウン, いわき駅〜高専前〜医療創生大学〜ラパーク, いわき駅〜若葉台・ニュータウン〜鹿島〜小名浜〜洋向台, いわき駅〜鹿島ショッピングセンター〜中央営業所〜江名, ニュータウン⇒飯野二丁目⇒高専前⇒磐高入口, いわき駅⇔鹿島⇔小名浜海星高校, いわき駅⇔いわき光洋高校, いわきニュータウン⇒いわき駅⇒磐城一高, 小名浜⇔玉川団地⇔鹿島⇔いわき駅⇔昌平中高前, 小名浜⇔玉川団地⇔鹿島⇔いわき駅⇔平商前, 小名浜⇔大原⇔玉川団地⇔鹿島⇔高専前, 江名⇔中央営業所⇔鹿島⇔高専前, 小名浜⇔鹿島⇔高専前, いわきニュータウン⇔高専前, GSユアサいわき〜ラパークいわき"
古町二丁目,福島交通（株）,"刈敷坂・棚倉線, 東舘線, 棚倉・塙線"
白坂,新常磐交通（株）,上遠野〜川畑〜入遠野
原入口,新常磐交通（株）,"いわき駅〜夏井〜西原, いわき駅〜豊間〜江名〜小名浜〜泉駅, いわき駅⇔豊間⇔江名⇔小名浜, 小名浜⇔江名⇔豊間⇔いわき光洋高校, 泉駅⇒小名浜⇒江名⇒豊間⇒平工業高校, 小名浜⇔江名⇔豊間⇔いわき駅⇔平商前"
中入山,新常磐交通（株）,"いわき駅〜川平・上鬼ヶ沢・高野, 川平⇔磐城一高"
郷ヶ丘三丁目,新常磐交通（株）,"小名浜⇔鹿島⇔ニュータウン⇔平工前⇔昌平中高前, 小名浜⇔玉川団地⇔ニュータウン⇔平工業高校"
郷ヶ丘北通り,新常磐交通（株）,"いわき駅〜八ツ坂・高専前〜飯野〜ニュータウン, ニュータウン⇒八ツ坂⇒いわき駅⇒昌平中高前, ニュータウン⇔飯野⇔八ツ坂⇔平商前"
駒ヶ岳登山口,会津乗合自動車（株）,"中山峠・尾瀬線, 中山峠・尾瀬線：冬期"
川平,新常磐交通（株）,"いわき駅〜川平・上鬼ヶ沢・高野, 川平⇔磐城一高"
堀坂,新常磐交通（株）,"いわき駅〜（医療センター）〜湯本東口〜（玉川団地）〜小名浜, いわき駅⇔湯本東口⇔小名浜海星高校, 小名浜⇔湯本東口⇔磐城一高"
川平住宅,新常磐交通（株）,"いわき駅〜川平・上鬼ヶ沢・高野, 川平⇔磐城一高"
下入山,新常磐交通（株）,"いわき駅〜川平・上鬼ヶ沢・高野, 川平⇔磐城一高"
裁判所口,ジェイアールバス関東（株）,福島県磐城棚倉〜磐城金山〜白河
古町三丁目,福島交通（株）,"刈敷坂・棚倉線, 東舘線, 棚倉・塙線"
郷ヶ丘公園口,新常磐交通（株）,"ニュータウン⇒飯野二丁目⇒高専前⇒磐高入口, ニュータウン⇔飯野二丁目⇔草木台⇔湯本高校, いわきニュータウン⇒いわき駅⇒磐城一高, 郷ヶ丘⇔飯野二丁目⇔泉駅⇔いわき秀英高校, いわき秀英高校⇒泉駅⇒ニュータウン⇒郷ヶ丘, いわきニュータウン⇔高専前"
自由ヶ丘東口,新常磐交通（株）,"いわき駅〜八ツ坂・高専前〜飯野〜ニュータウン, いわき駅〜高専前〜医療創生大学〜ラパーク, いわき駅〜若葉台・ニュータウン〜鹿島〜小名浜〜洋向台, いわき駅〜鹿島ショッピングセンター〜中央営業所〜江名, ニュータウン⇒飯野二丁目⇒高専前⇒磐高入口, いわき駅⇔鹿島⇔小名浜海星高校, いわき駅⇔いわき光洋高校, いわきニュータウン⇒いわき駅⇒磐城一高, 小名浜⇔玉川団地⇔鹿島⇔いわき駅⇔昌平中高前, 小名浜⇔玉川団地⇔鹿島⇔いわき駅⇔平商前, 小名浜⇔大原⇔玉川団地⇔鹿島⇔高専前, 江名⇔中央営業所⇔鹿島⇔高専前, 小名浜⇔鹿島⇔高専前, いわきニュータウン⇔高専前, GSユアサいわき〜ラパークいわき"
郷ヶ丘北口,新常磐交通（株）,"ニュータウン⇒飯野二丁目⇒高専前⇒磐高入口, ニュータウン⇔飯野二丁目⇔草木台⇔湯本高校, いわきニュータウン⇒いわき駅⇒磐城一高, 郷ヶ丘⇔飯野二丁目⇔泉駅⇔いわき秀英高校, いわき秀英高校⇒泉駅⇒ニュータウン⇒郷ヶ丘, いわきニュータウン⇔高専前"
檜枝岐番屋前,会津乗合自動車（株）,"中山峠・尾瀬線, 中山峠・尾瀬線：冬期"
タカダメモリアルギャラリー前,ジェイアールバス関東（株）,福島県磐城棚倉〜磐城金山〜白河
郷ヶ丘小前,新常磐交通（株）,"小名浜⇔鹿島⇔ニュータウン⇔平工前⇔昌平中高前, 小名浜⇔玉川団地⇔ニュータウン⇔平工業高校"
古町下,福島交通（株）,"刈敷坂・棚倉線, 東舘線, 棚倉・塙線"
郷ヶ丘中央,新常磐交通（株）,"いわき駅〜八ツ坂・高専前〜飯野〜ニュータウン, いわき駅〜高専前〜医療創生大学〜ラパーク, ニュータウン⇒飯野二丁目⇒高専前⇒磐高入口, ニュータウン⇔飯野二丁目⇔草木台⇔湯本高校, いわき駅⇔いわき光洋高校, いわきニュータウン⇒いわき駅⇒磐城一高, ニュータウン⇒八ツ坂⇒いわき駅⇒昌平中高前, 郷ヶ丘⇔飯野二丁目⇔泉駅⇔いわき秀英高校, いわき秀英高校⇒泉駅⇒ニュータウン⇒郷ヶ丘, ニュータウン⇔飯野⇔八ツ坂⇔平商前, いわきニュータウン⇔高専前, GSユアサいわき〜ラパークいわき"
ハイツ入口,新常磐交通（株）,"いわき駅〜夏井〜西原, いわき駅〜豊間〜江名〜小名浜〜泉駅, いわき駅⇔豊間⇔江名⇔小名浜, 小名浜⇔江名⇔豊間⇔いわき光洋高校, 泉駅⇒小名浜⇒江名⇒豊間⇒平工業高校, 小名浜⇔江名⇔豊間⇔いわき駅⇔平商前"
郷ヶ丘南通り,新常磐交通（株）,いわき駅〜八ツ坂・高専前〜飯野〜ニュータウン
郷ヶ丘小口,新常磐交通（株）,"いわき駅〜八ツ坂・高専前〜飯野〜ニュータウン, いわき駅〜高専前〜医療創生大学〜ラパーク, ニュータウン⇒飯野二丁目⇒高専前⇒磐高入口, ニュータウン⇔飯野二丁目⇔草木台⇔湯本高校, いわき駅⇔いわき光洋高校, いわきニュータウン⇒いわき駅⇒磐城一高, 小名浜⇔鹿島⇔ニュータウン⇔平工前⇔昌平中高前, ニュータウン⇒八ツ坂⇒いわき駅⇒昌平中高前, 小名浜⇔玉川団地⇔ニュータウン⇔平工業高校, 郷ヶ丘⇔飯野二丁目⇔泉駅⇔いわき秀英高校, いわき秀英高校⇒泉駅⇒ニュータウン⇒郷ヶ丘, ニュータウン⇔飯野⇔八ツ坂⇔平商前, いわきニュータウン⇔高専前, GSユアサいわき〜ラパークいわき"
郷ヶ丘二丁目,新常磐交通（株）,"いわき駅〜八ツ坂・高専前〜飯野〜ニュータウン, いわき駅〜高専前〜医療創生大学〜ラパーク, ニュータウン⇒飯野二丁目⇒高専前⇒磐高入口, ニュータウン⇔飯野二丁目⇔草木台⇔湯本高校, いわき駅⇔いわき光洋高校, いわきニュータウン⇒いわき駅⇒磐城一高, ニュータウン⇒八ツ坂⇒いわき駅⇒昌平中高前, 郷ヶ丘⇔飯野二丁目⇔泉駅⇔いわき秀英高校, いわき秀英高校⇒泉駅⇒ニュータウン⇒郷ヶ丘, ニュータウン⇔飯野⇔八ツ坂⇔平商前, いわきニュータウン⇔高専前, GSユアサいわき〜ラパークいわき"
郷ヶ丘,新常磐交通（株）,"いわき駅〜八ツ坂・高専前〜飯野〜ニュータウン, いわき駅〜高専前〜医療創生大学〜ラパーク, いわき駅〜若葉台・ニュータウン〜鹿島〜小名浜〜洋向台, いわき駅〜鹿島ショッピングセンター〜中央営業所〜江名, いわき駅⇔鹿島⇔小名浜海星高校, いわき駅⇔いわき光洋高校, 小名浜⇔玉川団地⇔鹿島⇔いわき駅⇔昌平中高前, 郷ヶ丘⇔飯野二丁目⇔泉駅⇔いわき秀英高校, いわき秀英高校⇒泉駅⇒ニュータウン⇒郷ヶ丘, 小名浜⇔玉川団地⇔鹿島⇔いわき駅⇔平商前, 小名浜⇔大原⇔玉川団地⇔鹿島⇔高専前, 江名⇔中央営業所⇔鹿島⇔高専前, 小名浜⇔鹿島⇔高専前, GSユアサいわき〜ラパークいわき"
鉄砲町,福島交通（株）,"刈敷坂・棚倉線, 東舘線, 棚倉・塙線"
檜枝岐役場前,会津乗合自動車（株）,"中山峠・尾瀬線, 中山峠・尾瀬線：冬期"
鉄炮町,ジェイアールバス関東（株）,福島県磐城棚倉〜磐城金山〜白河
薬師堂入口,福島交通（株）,塙・鮫川線
郷ヶ丘一丁目,新常磐交通（株）,"いわき駅〜八ツ坂・高専前〜飯野〜ニュータウン, いわき駅〜高専前〜医療創生大学〜ラパーク, いわき駅⇔いわき光洋高校, 郷ヶ丘⇔飯野二丁目⇔泉駅⇔いわき秀英高校, いわき秀英高校⇒泉駅⇒ニュータウン⇒郷ヶ丘, GSユアサいわき〜ラパークいわき"
曲藤,新常磐交通（株）,上遠野〜大平〜入遠野
棚倉下町,福島交通（株）,"刈敷坂・棚倉線, 東舘線, 棚倉・塙線"
郷ヶ丘南,新常磐交通（株）,"いわき駅〜八ツ坂・高専前〜飯野〜ニュータウン, いわき駅〜高専前〜医療創生大学〜ラパーク, ニュータウン⇒飯野二丁目⇒高専前⇒磐高入口, ニュータウン⇔飯野二丁目⇔草木台⇔湯本高校, いわき駅⇔いわき光洋高校, いわきニュータウン⇒いわき駅⇒磐城一高, 小名浜⇔鹿島⇔ニュータウン⇔平工前⇔昌平中高前, ニュータウン⇒八ツ坂⇒いわき駅⇒昌平中高前, 小名浜⇔玉川団地⇔ニュータウン⇔平工業高校, 郷ヶ丘⇔飯野二丁目⇔泉駅⇔いわき秀英高校, いわき秀英高校⇒泉駅⇒ニュータウン⇒郷ヶ丘, ニュータウン⇔飯野⇔八ツ坂⇔平商前, いわきニュータウン⇔高専前, GSユアサいわき〜ラパークいわき"
ポリテクセンター,新常磐交通（株）,"いわき駅〜（医療センター）〜湯本東口〜（玉川団地）〜小名浜, いわき駅⇔湯本東口⇔小名浜海星高校, 小名浜⇔湯本東口⇔磐城一高"
檜枝岐中央,会津乗合自動車（株）,"中山峠・尾瀬線, 中山峠・尾瀬線：冬期"
富田,福島交通（株）,塙・鮫川線
獺沢,新常磐交通（株）,"いわき駅〜若葉台・ニュータウン〜鹿島〜小名浜〜洋向台, いわき駅〜鹿島ショッピングセンター〜中央営業所〜江名, いわき駅⇔鹿島⇔小名浜海星高校, 小名浜⇔玉川団地⇔鹿島⇔いわき駅⇔昌平中高前, 小名浜⇔玉川団地⇔鹿島⇔いわき駅⇔平商前, 小名浜⇔大原⇔玉川団地⇔鹿島⇔高専前, 江名⇔中央営業所⇔鹿島⇔高専前, 小名浜⇔鹿島⇔高専前"
川畑,新常磐交通（株）,上遠野〜川畑〜入遠野
東中居,ジェイアールバス関東（株）,福島県磐城棚倉〜磐城金山〜白河
西中居,ジェイアールバス関東（株）,福島県磐城棚倉〜磐城金山〜白河
祖父岡,ジェイアールバス関東（株）,福島県磐城棚倉〜磐城金山〜白河
前川橋前,会津乗合自動車（株）,"中山峠・尾瀬線, 中山峠・尾瀬線：冬期"
神谷作入口,新常磐交通（株）,"いわき駅〜夏井〜西原, いわき駅〜豊間〜江名〜小名浜〜泉駅, いわき駅⇔豊間⇔江名⇔小名浜, 小名浜⇔江名⇔豊間⇔いわき光洋高校, 泉駅⇒小名浜⇒江名⇒豊間⇒平工業高校, 小名浜⇔江名⇔豊間⇔いわき駅⇔平商前"
若葉台,新常磐交通（株）,"いわき駅〜若葉台・ニュータウン〜鹿島〜小名浜〜洋向台, いわき駅〜鹿島ショッピングセンター〜中央営業所〜江名, いわき駅⇔鹿島⇔小名浜海星高校, 小名浜⇔玉川団地⇔鹿島⇔いわき駅⇔昌平中高前, 小名浜⇔玉川団地⇔鹿島⇔いわき駅⇔平商前, 小名浜⇔大原⇔玉川団地⇔鹿島⇔高専前, 江名⇔中央営業所⇔鹿島⇔高専前, 小名浜⇔鹿島⇔高専前"
中央台北中,新常磐交通（株）,"いわき駅〜八ツ坂・高専前〜飯野〜ニュータウン, いわき駅〜高専前〜医療創生大学〜ラパーク, ニュータウン⇒飯野二丁目⇒高専前⇒磐高入口, ニュータウン⇔飯野二丁目⇔草木台⇔湯本高校, いわき駅⇔いわき光洋高校, いわきニュータウン⇒いわき駅⇒磐城一高, 小名浜⇔鹿島⇔ニュータウン⇔平工前⇔昌平中高前, ニュータウン⇒八ツ坂⇒いわき駅⇒昌平中高前, 小名浜⇔玉川団地⇔ニュータウン⇔平工業高校, 郷ヶ丘⇔飯野二丁目⇔泉駅⇔いわき秀英高校, いわき秀英高校⇒泉駅⇒ニュータウン⇒郷ヶ丘, ニュータウン⇔飯野⇔八ツ坂⇔平商前, いわきニュータウン⇔高専前, GSユアサいわき〜ラパークいわき"
若葉北公園,新常磐交通（株）,"いわき駅〜若葉台・ニュータウン〜鹿島〜小名浜〜洋向台, 小名浜⇔鹿島⇔高専前"
上の原,会津乗合自動車（株）,"中山峠・尾瀬線, 中山峠・尾瀬線：冬期"
若葉東口,新常磐交通（株）,"いわき駅〜若葉台・ニュータウン〜鹿島〜小名浜〜洋向台, 小名浜⇔鹿島⇔高専前"
草木台一丁目,新常磐交通（株）,ニュータウン⇔飯野二丁目⇔草木台⇔湯本高校
傾城,新常磐交通（株）,"いわき駅〜（医療センター）〜湯本東口〜（玉川団地）〜小名浜, いわき駅⇔湯本東口⇔小名浜海星高校, 小名浜⇔湯本東口⇔磐城一高"
大学会館前,新常磐交通（株）,"いわき駅〜高専前〜医療創生大学〜ラパーク, いわき駅⇔いわき光洋高校"
若葉二丁目,新常磐交通（株）,いわき駅〜若葉台・ニュータウン〜鹿島〜小名浜〜洋向台
棚倉警察署前,福島交通（株）,"刈敷坂・棚倉線, 東舘線, 棚倉・塙線"
上矢田,新常磐交通（株）,"いわき駅〜若葉台・ニュータウン〜鹿島〜小名浜〜洋向台, いわき駅〜鹿島ショッピングセンター〜中央営業所〜江名, いわき駅⇔鹿島⇔小名浜海星高校, 小名浜⇔玉川団地⇔鹿島⇔いわき駅⇔昌平中高前, 小名浜⇔玉川団地⇔鹿島⇔いわき駅⇔平商前, 小名浜⇔大原⇔玉川団地⇔鹿島⇔高専前, 江名⇔中央営業所⇔鹿島⇔高専前, 小名浜⇔鹿島⇔高専前"
諏訪原二丁目,新常磐交通（株）,"いわき駅〜豊間〜江名〜小名浜〜泉駅, いわき駅⇔豊間⇔江名⇔小名浜, 西原⇔江名⇔小名浜⇔泉駅⇔湯本高校, 小名浜⇔江名⇔豊間⇔いわき光洋高校, 泉駅⇒小名浜⇒江名⇒豊間⇒平工業高校, 西原⇔豊間⇔江名⇔小名浜⇔泉駅⇔いわき秀英高校, 小名浜⇔江名⇔豊間⇔いわき駅⇔平商前"
西原,新常磐交通（株）,"いわき駅〜夏井〜西原, いわき駅〜豊間〜江名〜小名浜〜泉駅, いわき駅⇔豊間⇔江名⇔小名浜, 西原⇔江名⇔小名浜⇔泉駅⇔湯本高校, 小名浜⇔江名⇔豊間⇔いわき光洋高校, 泉駅⇒小名浜⇒江名⇒豊間⇒平工業高校, 西原⇔豊間⇔江名⇔小名浜⇔泉駅⇔いわき秀英高校, 小名浜⇔江名⇔豊間⇔いわき駅⇔平商前"
橋場,新常磐交通（株）,上遠野〜大平〜入遠野
若葉一丁目,新常磐交通（株）,いわき駅〜若葉台・ニュータウン〜鹿島〜小名浜〜洋向台
医療創生大学,新常磐交通（株）,"いわき駅〜高専前〜医療創生大学〜ラパーク, いわき駅⇔いわき光洋高校"
小野田北,新常磐交通（株）,湯本駅〜小野田
いわき公園,新常磐交通（株）,"ラパーク〜鹿島ショッピングセンター〜小名浜, いわき駅〜高専前〜医療創生大学〜ラパーク, ニュータウン⇒飯野二丁目⇒高専前⇒磐高入口, ラパークいわき⇔鹿島⇔小名浜海星高校, ニュータウン⇔飯野二丁目⇔草木台⇔湯本高校, いわき駅⇔いわき光洋高校, 湯本駅⇔いわき光洋高校, 泉駅⇔いわき光洋高校, 小名浜⇔江名⇔豊間⇔いわき光洋高校, いわきニュータウン⇒いわき駅⇒磐城一高, ニュータウン⇒八ツ坂⇒いわき駅⇒昌平中高前, ニュータウン⇔中央台鹿島⇔泉駅⇔いわき秀英高校, いわき秀英高校⇒泉駅⇒ニュータウン⇒郷ヶ丘, ニュータウン⇔飯野⇔八ツ坂⇔平商前, いわきニュータウン⇔高専前, GSユアサいわき〜ラパークいわき"
棚倉営業所,福島交通（株）,"刈敷坂・棚倉線, 東舘線, 棚倉・塙線"
檜枝岐中土合公園前,会津乗合自動車（株）,"中山峠・尾瀬線, 中山峠・尾瀬線：冬期"
釜の前,新常磐交通（株）,"湯本〜上遠野〜植田, 湯本駅前⇔遠野高校"
常磐開発,新常磐交通（株）,"いわき駅〜（医療センター）〜湯本東口〜（玉川団地）〜小名浜, いわき駅⇔湯本東口⇔小名浜海星高校, 小名浜⇔湯本東口⇔磐城一高"
若葉南公園,新常磐交通（株）,いわき駅〜若葉台・ニュータウン〜鹿島〜小名浜〜洋向台
小野田,新常磐交通（株）,湯本駅〜小野田
第一団地前,新常磐交通（株）,"いわき駅〜八ツ坂・高専前〜飯野〜ニュータウン, ニュータウン⇒飯野二丁目⇒高専前⇒磐高入口, ニュータウン⇔飯野二丁目⇔草木台⇔湯本高校, いわきニュータウン⇒いわき駅⇒磐城一高, 小名浜⇔鹿島⇔ニュータウン⇔平工前⇔昌平中高前, ニュータウン⇒八ツ坂⇒いわき駅⇒昌平中高前, 小名浜⇔玉川団地⇔ニュータウン⇔平工業高校, 郷ヶ丘⇔飯野二丁目⇔泉駅⇔いわき秀英高校, いわき秀英高校⇒泉駅⇒ニュータウン⇒郷ヶ丘, ニュータウン⇔飯野⇔八ツ坂⇔平商前, いわきニュータウン⇔高専前, GSユアサいわき〜ラパークいわき"
いわき光洋高校,新常磐交通（株）,"いわき駅⇔いわき光洋高校, 湯本駅⇔いわき光洋高校, 泉駅⇔いわき光洋高校, 小名浜⇔江名⇔豊間⇔いわき光洋高校"
細畑,新常磐交通（株）,上遠野〜大平〜入遠野
中沢入口,福島交通（株）,塙・鮫川線
中妻,新常磐交通（株）,上遠野〜川畑〜入遠野
光洋高校前,新常磐交通（株）,"ラパーク〜鹿島ショッピングセンター〜小名浜, いわき駅〜高専前〜医療創生大学〜ラパーク, ニュータウン⇒飯野二丁目⇒高専前⇒磐高入口, ラパークいわき⇔鹿島⇔小名浜海星高校, ニュータウン⇔飯野二丁目⇔草木台⇔湯本高校, いわきニュータウン⇒いわき駅⇒磐城一高, ニュータウン⇒八ツ坂⇒いわき駅⇒昌平中高前, ニュータウン⇔中央台鹿島⇔泉駅⇔いわき秀英高校, いわき秀英高校⇒泉駅⇒ニュータウン⇒郷ヶ丘, ニュータウン⇔飯野⇔八ツ坂⇔平商前, いわきニュータウン⇔高専前, GSユアサいわき〜ラパークいわき"
いわきコルム,新常磐交通（株）,"ニュータウン⇒飯野二丁目⇒高専前⇒磐高入口, ニュータウン⇔飯野二丁目⇔草木台⇔湯本高校, いわきニュータウン⇒いわき駅⇒磐城一高, ニュータウン⇒八ツ坂⇒いわき駅⇒昌平中高前, ニュータウン⇔中央台鹿島⇔泉駅⇔いわき秀英高校, いわき秀英高校⇒泉駅⇒ニュータウン⇒郷ヶ丘, ニュータウン⇔飯野⇔八ツ坂⇔平商前, いわきニュータウン⇔高専前, GSユアサいわき〜ラパークいわき"
沼の内新町,新常磐交通（株）,"いわき駅〜豊間〜江名〜小名浜〜泉駅, いわき駅⇔豊間⇔江名⇔小名浜, 西原⇔江名⇔小名浜⇔泉駅⇔湯本高校, 小名浜⇔江名⇔豊間⇔いわき光洋高校, 泉駅⇒小名浜⇒江名⇒豊間⇒平工業高校, 西原⇔豊間⇔江名⇔小名浜⇔泉駅⇔いわき秀英高校, 小名浜⇔江名⇔豊間⇔いわき駅⇔平商前"
温泉入口,新常磐交通（株）,"いわき駅〜（医療センター）〜湯本東口〜（玉川団地）〜小名浜, いわき駅⇔湯本東口⇔小名浜海星高校, 小名浜⇔湯本東口⇔磐城一高"
力石,新常磐交通（株）,湯本駅〜小野田
流れ,福島交通（株）,"東舘線, 棚倉・塙線"
飯野三丁目,新常磐交通（株）,"いわき駅〜八ツ坂・高専前〜飯野〜ニュータウン, ニュータウン⇒飯野二丁目⇒高専前⇒磐高入口, ニュータウン⇔飯野二丁目⇔草木台⇔湯本高校, いわきニュータウン⇒いわき駅⇒磐城一高, 小名浜⇔鹿島⇔ニュータウン⇔平工前⇔昌平中高前, ニュータウン⇒八ツ坂⇒いわき駅⇒昌平中高前, 小名浜⇔玉川団地⇔ニュータウン⇔平工業高校, 郷ヶ丘⇔飯野二丁目⇔泉駅⇔いわき秀英高校, いわき秀英高校⇒泉駅⇒ニュータウン⇒郷ヶ丘, ニュータウン⇔飯野⇔八ツ坂⇔平商前, いわきニュータウン⇔高専前, GSユアサいわき〜ラパークいわき"
ラパークいわき,新常磐交通（株）,"ラパーク〜鹿島ショッピングセンター〜小名浜, いわき駅〜八ツ坂・高専前〜飯野〜ニュータウン, いわき駅〜高専前〜医療創生大学〜ラパーク, ニュータウン⇒飯野二丁目⇒高専前⇒磐高入口, ラパークいわき⇔鹿島⇔小名浜海星高校, ニュータウン⇔飯野二丁目⇔草木台⇔湯本高校, 湯本駅⇔いわき光洋高校, 泉駅⇔いわき光洋高校, いわきニュータウン⇒いわき駅⇒磐城一高, ニュータウン⇒八ツ坂⇒いわき駅⇒昌平中高前, ニュータウン⇔中央台鹿島⇔泉駅⇔いわき秀英高校, いわき秀英高校⇒泉駅⇒ニュータウン⇒郷ヶ丘, ニュータウン⇔飯野⇔八ツ坂⇔平商前, いわきニュータウン⇔高専前, GSユアサいわき〜ラパークいわき"
沼の内,新常磐交通（株）,"いわき駅〜豊間〜江名〜小名浜〜泉駅, いわき駅⇔豊間⇔江名⇔小名浜, 西原⇔江名⇔小名浜⇔泉駅⇔湯本高校, 小名浜⇔江名⇔豊間⇔いわき光洋高校, 泉駅⇒小名浜⇒江名⇒豊間⇒平工業高校, 西原⇔豊間⇔江名⇔小名浜⇔泉駅⇔いわき秀英高校, 小名浜⇔江名⇔豊間⇔いわき駅⇔平商前"
高久四丁目北,新常磐交通（株）,"ラパーク〜鹿島ショッピングセンター〜小名浜, いわき駅〜高専前〜医療創生大学〜ラパーク, ラパークいわき⇔鹿島⇔小名浜海星高校"
梅ヶ平住宅,新常磐交通（株）,湯本駅〜小野田
高久一丁目,新常磐交通（株）,"ニュータウン⇒飯野二丁目⇒高専前⇒磐高入口, ニュータウン⇔飯野二丁目⇔草木台⇔湯本高校, いわきニュータウン⇒いわき駅⇒磐城一高, ニュータウン⇒八ツ坂⇒いわき駅⇒昌平中高前, ニュータウン⇔中央台鹿島⇔泉駅⇔いわき秀英高校, いわき秀英高校⇒泉駅⇒ニュータウン⇒郷ヶ丘, ニュータウン⇔飯野⇔八ツ坂⇔平商前, いわきニュータウン⇔高専前, GSユアサいわき〜ラパークいわき"
湯本三中,新常磐交通（株）,湯本駅〜小野田
飯野二丁目,新常磐交通（株）,"いわき駅〜八ツ坂・高専前〜飯野〜ニュータウン, ニュータウン⇒飯野二丁目⇒高専前⇒磐高入口, ニュータウン⇔飯野二丁目⇔草木台⇔湯本高校, いわきニュータウン⇒いわき駅⇒磐城一高, 小名浜⇔鹿島⇔ニュータウン⇔平工前⇔昌平中高前, ニュータウン⇒八ツ坂⇒いわき駅⇒昌平中高前, 小名浜⇔玉川団地⇔ニュータウン⇔平工業高校, 郷ヶ丘⇔飯野二丁目⇔泉駅⇔いわき秀英高校, いわき秀英高校⇒泉駅⇒ニュータウン⇒郷ヶ丘, ニュータウン⇔飯野⇔八ツ坂⇔平商前, いわきニュータウン⇔高専前, GSユアサいわき〜ラパークいわき"
原後,新常磐交通（株）,いわき駅〜夏井〜西原
鹿島神社,新常磐交通（株）,"いわき駅〜若葉台・ニュータウン〜鹿島〜小名浜〜洋向台, いわき駅〜鹿島ショッピングセンター〜中央営業所〜江名, いわき駅⇔鹿島⇔小名浜海星高校, 小名浜⇔玉川団地⇔鹿島⇔いわき駅⇔昌平中高前, 小名浜⇔玉川団地⇔鹿島⇔いわき駅⇔平商前, 小名浜⇔大原⇔玉川団地⇔鹿島⇔高専前, 江名⇔中央営業所⇔鹿島⇔高専前, 小名浜⇔鹿島⇔高専前"
沢繋,新常磐交通（株）,"湯本〜上遠野〜植田, 湯本駅前⇔遠野高校"
若宮,新常磐交通（株）,"湯本〜上遠野〜植田, 湯本駅前⇔遠野高校"
ミニ尾瀬公園前,会津乗合自動車（株）,中山峠・尾瀬線
高倉,新常磐交通（株）,湯本駅〜小野田
高久四丁目,新常磐交通（株）,"ラパーク〜鹿島ショッピングセンター〜小名浜, いわき駅〜高専前〜医療創生大学〜ラパーク, ラパークいわき⇔鹿島⇔小名浜海星高校"
梅ヶ平,新常磐交通（株）,湯本駅〜小野田
流れ下,福島交通（株）,"東舘線, 棚倉・塙線"
弁天様前,新常磐交通（株）,"いわき駅〜豊間〜江名〜小名浜〜泉駅, いわき駅⇔豊間⇔江名⇔小名浜, 西原⇔江名⇔小名浜⇔泉駅⇔湯本高校, 小名浜⇔江名⇔豊間⇔いわき光洋高校, 泉駅⇒小名浜⇒江名⇒豊間⇒平工業高校, 西原⇔豊間⇔江名⇔小名浜⇔泉駅⇔いわき秀英高校, 小名浜⇔江名⇔豊間⇔いわき駅⇔平商前"
竜ヶ沢,新常磐交通（株）,ニュータウン⇔飯野二丁目⇔草木台⇔湯本高校
代之下,新常磐交通（株）,いわき駅〜夏井〜西原
八仙橋,新常磐交通（株）,"いわき駅〜（医療センター）〜湯本東口〜（玉川団地）〜小名浜, いわき駅⇔湯本東口⇔小名浜海星高校, 湯本駅⇔いわき光洋高校, 小名浜⇔湯本東口⇔磐城一高"
山口公園,新常磐交通（株）,"ラパーク〜鹿島ショッピングセンター〜小名浜, いわき駅〜高専前〜医療創生大学〜ラパーク, ラパークいわき⇔鹿島⇔小名浜海星高校"
田尻,福島交通（株）,塙・鮫川線
中央台東小,新常磐交通（株）,"ニュータウン⇒飯野二丁目⇒高専前⇒磐高入口, ニュータウン⇔飯野二丁目⇔草木台⇔湯本高校, いわきニュータウン⇒いわき駅⇒磐城一高, ニュータウン⇒八ツ坂⇒いわき駅⇒昌平中高前, ニュータウン⇔中央台鹿島⇔泉駅⇔いわき秀英高校, いわき秀英高校⇒泉駅⇒ニュータウン⇒郷ヶ丘, ニュータウン⇔飯野⇔八ツ坂⇔平商前, いわきニュータウン⇔高専前, GSユアサいわき〜ラパークいわき"
立体橋,新常磐交通（株）,"ニュータウン⇔飯野二丁目⇔草木台⇔湯本高校, 湯本駅⇔いわき光洋高校"
温泉神社,新常磐交通（株）,"湯本市内循環（内・外）, 湯本駅〜小野田, 湯本駅〜桜ヶ丘, 湯本〜上遠野〜植田, 湯本駅前⇔遠野高校, ニュータウン⇔飯野二丁目⇔草木台⇔湯本高校, 湯本市内循環"
吹上,新常磐交通（株）,上遠野〜大平〜入遠野
遠野支所,新常磐交通（株）,"湯本〜上遠野〜植田, 上遠野〜大平〜入遠野, 上遠野〜川畑〜入遠野"
北団地,新常磐交通（株）,湯本駅〜小野田
上遠野,新常磐交通（株）,"湯本〜上遠野〜植田, 上遠野〜大平〜入遠野, 上遠野〜川畑〜入遠野, 湯本駅前⇔遠野高校"
切通し,新常磐交通（株）,"いわき駅〜豊間〜江名〜小名浜〜泉駅, いわき駅⇔豊間⇔江名⇔小名浜, 西原⇔江名⇔小名浜⇔泉駅⇔湯本高校, 小名浜⇔江名⇔豊間⇔いわき光洋高校, 泉駅⇒小名浜⇒江名⇒豊間⇒平工業高校, 西原⇔豊間⇔江名⇔小名浜⇔泉駅⇔いわき秀英高校, 小名浜⇔江名⇔豊間⇔いわき駅⇔平商前"
上遠野小,新常磐交通（株）,"湯本〜上遠野〜植田, 湯本駅前⇔遠野高校"
遠野農協,新常磐交通（株）,"湯本〜上遠野〜植田, 上遠野〜大平〜入遠野, 上遠野〜川畑〜入遠野, 湯本駅前⇔遠野高校"
番刈,新常磐交通（株）,"いわき駅〜若葉台・ニュータウン〜鹿島〜小名浜〜洋向台, いわき駅〜鹿島ショッピングセンター〜中央営業所〜江名, いわき駅⇔鹿島⇔小名浜海星高校, 小名浜⇔玉川団地⇔鹿島⇔いわき駅⇔昌平中高前, 小名浜⇔玉川団地⇔鹿島⇔いわき駅⇔平商前, 小名浜⇔大原⇔玉川団地⇔鹿島⇔高専前, 江名⇔中央営業所⇔鹿島⇔高専前, 小名浜⇔鹿島⇔高専前"
原前,新常磐交通（株）,"湯本〜上遠野〜植田, 湯本駅前⇔遠野高校"
天王崎,新常磐交通（株）,"湯本市内循環（内・外）, 湯本駅〜小野田, 湯本駅〜桜ヶ丘, 湯本〜上遠野〜植田, 湯本駅前⇔遠野高校, 湯本市内循環, 湯本駅⇔いわき光洋高校"
高久二丁目,新常磐交通（株）,"ニュータウン⇒飯野二丁目⇒高専前⇒磐高入口, ニュータウン⇔飯野二丁目⇔草木台⇔湯本高校, いわきニュータウン⇒いわき駅⇒磐城一高, ニュータウン⇒八ツ坂⇒いわき駅⇒昌平中高前, ニュータウン⇔中央台鹿島⇔泉駅⇔いわき秀英高校, いわき秀英高校⇒泉駅⇒ニュータウン⇒郷ヶ丘, ニュータウン⇔飯野⇔八ツ坂⇔平商前, いわきニュータウン⇔高専前, GSユアサいわき〜ラパークいわき"
高砂荘入口,新常磐交通（株）,"湯本〜上遠野〜植田, 湯本駅前⇔遠野高校"
湯台堂,新常磐交通（株）,湯本駅〜小野田
暮らしの伝承郷入口,新常磐交通（株）,"ラパーク〜鹿島ショッピングセンター〜小名浜, いわき駅〜高専前〜医療創生大学〜ラパーク, ラパークいわき⇔鹿島⇔小名浜海星高校"
湯本駅前,新常磐交通（株）,"湯本市内循環（内・外）, 湯本駅〜小野田, 湯本駅〜桜ヶ丘, 湯本〜上遠野〜植田, 湯本駅前⇔遠野高校, 湯本市内循環, 湯本駅⇔いわき光洋高校"
薄磯北町,新常磐交通（株）,"いわき駅〜豊間〜江名〜小名浜〜泉駅, いわき駅⇔豊間⇔江名⇔小名浜, 西原⇔江名⇔小名浜⇔泉駅⇔湯本高校, 小名浜⇔江名⇔豊間⇔いわき光洋高校, 泉駅⇒小名浜⇒江名⇒豊間⇒平工業高校, 西原⇔豊間⇔江名⇔小名浜⇔泉駅⇔いわき秀英高校, 小名浜⇔江名⇔豊間⇔いわき駅⇔平商前"
小沢平,会津乗合自動車（株）,尾瀬沼山峠〜尾瀬口船着場線
中央台鹿島,新常磐交通（株）,"ニュータウン⇒飯野二丁目⇒高専前⇒磐高入口, ニュータウン⇔飯野二丁目⇔草木台⇔湯本高校, いわきニュータウン⇒いわき駅⇒磐城一高, ニュータウン⇒八ツ坂⇒いわき駅⇒昌平中高前, ニュータウン⇔中央台鹿島⇔泉駅⇔いわき秀英高校, いわき秀英高校⇒泉駅⇒ニュータウン⇒郷ヶ丘, ニュータウン⇔飯野⇔八ツ坂⇔平商前, いわきニュータウン⇔高専前, GSユアサいわき〜ラパークいわき"
鶴生,福島交通（株）,"東舘線, 棚倉・塙線"
湯本東口,新常磐交通（株）,"いわき駅〜（医療センター）〜湯本東口〜（玉川団地）〜小名浜, いわき駅⇔湯本東口⇔小名浜海星高校, 湯本駅⇔いわき光洋高校, 小名浜⇔湯本東口⇔磐城一高"
鴻ノ目,新常磐交通（株）,"湯本〜上遠野〜植田, 上遠野〜大平〜入遠野"
鹿島三丁目,新常磐交通（株）,"ニュータウン⇒飯野二丁目⇒高専前⇒磐高入口, ニュータウン⇔飯野二丁目⇔草木台⇔湯本高校, いわきニュータウン⇒いわき駅⇒磐城一高, ニュータウン⇒八ツ坂⇒いわき駅⇒昌平中高前, ニュータウン⇔中央台鹿島⇔泉駅⇔いわき秀英高校, いわき秀英高校⇒泉駅⇒ニュータウン⇒郷ヶ丘, ニュータウン⇔飯野⇔八ツ坂⇔平商前, いわきニュータウン⇔高専前, GSユアサいわき〜ラパークいわき"
鹿島三丁目中央,新常磐交通（株）,"ニュータウン⇒飯野二丁目⇒高専前⇒磐高入口, ニュータウン⇔飯野二丁目⇔草木台⇔湯本高校, いわきニュータウン⇒いわき駅⇒磐城一高, ニュータウン⇒八ツ坂⇒いわき駅⇒昌平中高前, ニュータウン⇔中央台鹿島⇔泉駅⇔いわき秀英高校, いわき秀英高校⇒泉駅⇒ニュータウン⇒郷ヶ丘, ニュータウン⇔飯野⇔八ツ坂⇔平商前, いわきニュータウン⇔高専前, GSユアサいわき〜ラパークいわき"
鹿島三丁目西,新常磐交通（株）,"ニュータウン⇒飯野二丁目⇒高専前⇒磐高入口, ニュータウン⇔飯野二丁目⇔草木台⇔湯本高校, いわきニュータウン⇒いわき駅⇒磐城一高, ニュータウン⇒八ツ坂⇒いわき駅⇒昌平中高前, ニュータウン⇔中央台鹿島⇔泉駅⇔いわき秀英高校, いわき秀英高校⇒泉駅⇒ニュータウン⇒郷ヶ丘, ニュータウン⇔飯野⇔八ツ坂⇔平商前, いわきニュータウン⇔高専前, GSユアサいわき〜ラパークいわき"
長倉入口,新常磐交通（株）,"湯本市内循環（内・外）, 湯本駅〜小野田, 湯本駅〜桜ヶ丘, 湯本〜上遠野〜植田, 湯本駅前⇔遠野高校, ニュータウン⇔飯野二丁目⇔草木台⇔湯本高校, 湯本市内循環"
遠野高校,新常磐交通（株）,"湯本〜上遠野〜植田, 湯本駅前⇔遠野高校"
鹿島一丁目,新常磐交通（株）,"ニュータウン⇒飯野二丁目⇒高専前⇒磐高入口, ニュータウン⇔飯野二丁目⇔草木台⇔湯本高校, いわきニュータウン⇒いわき駅⇒磐城一高, ニュータウン⇒八ツ坂⇒いわき駅⇒昌平中高前, ニュータウン⇔中央台鹿島⇔泉駅⇔いわき秀英高校, いわき秀英高校⇒泉駅⇒ニュータウン⇒郷ヶ丘, ニュータウン⇔飯野⇔八ツ坂⇔平商前, いわきニュータウン⇔高専前, GSユアサいわき〜ラパークいわき"
湯本駅前局,新常磐交通（株）,"湯本市内循環（内・外）, 湯本市内循環"
鹿島三丁目東,新常磐交通（株）,"ニュータウン⇒飯野二丁目⇒高専前⇒磐高入口, ニュータウン⇔飯野二丁目⇔草木台⇔湯本高校, いわきニュータウン⇒いわき駅⇒磐城一高, ニュータウン⇒八ツ坂⇒いわき駅⇒昌平中高前, ニュータウン⇔中央台鹿島⇔泉駅⇔いわき秀英高校, いわき秀英高校⇒泉駅⇒ニュータウン⇒郷ヶ丘, ニュータウン⇔飯野⇔八ツ坂⇔平商前, いわきニュータウン⇔高専前, GSユアサいわき〜ラパークいわき"
寺山,福島交通（株）,"東舘線, 棚倉・塙線"
高久三丁目,新常磐交通（株）,"ニュータウン⇒飯野二丁目⇒高専前⇒磐高入口, ニュータウン⇔飯野二丁目⇔草木台⇔湯本高校, いわきニュータウン⇒いわき駅⇒磐城一高, ニュータウン⇒八ツ坂⇒いわき駅⇒昌平中高前, ニュータウン⇔中央台鹿島⇔泉駅⇔いわき秀英高校, いわき秀英高校⇒泉駅⇒ニュータウン⇒郷ヶ丘, ニュータウン⇔飯野⇔八ツ坂⇔平商前, いわきニュータウン⇔高専前, GSユアサいわき〜ラパークいわき"
児童公園前,新常磐交通（株）,"ニュータウン⇒飯野二丁目⇒高専前⇒磐高入口, ニュータウン⇔飯野二丁目⇔草木台⇔湯本高校, いわきニュータウン⇒いわき駅⇒磐城一高, ニュータウン⇒八ツ坂⇒いわき駅⇒昌平中高前, ニュータウン⇔中央台鹿島⇔泉駅⇔いわき秀英高校, いわき秀英高校⇒泉駅⇒ニュータウン⇒郷ヶ丘, ニュータウン⇔飯野⇔八ツ坂⇔平商前, いわきニュータウン⇔高専前, GSユアサいわき〜ラパークいわき"
薄磯,新常磐交通（株）,"いわき駅〜豊間〜江名〜小名浜〜泉駅, いわき駅⇔豊間⇔江名⇔小名浜, 西原⇔江名⇔小名浜⇔泉駅⇔湯本高校, 小名浜⇔江名⇔豊間⇔いわき光洋高校, 泉駅⇒小名浜⇒江名⇒豊間⇒平工業高校, 西原⇔豊間⇔江名⇔小名浜⇔泉駅⇔いわき秀英高校, 小名浜⇔江名⇔豊間⇔いわき駅⇔平商前"
鹿島一丁目南,新常磐交通（株）,"ニュータウン⇒飯野二丁目⇒高専前⇒磐高入口, ニュータウン⇔飯野二丁目⇔草木台⇔湯本高校, いわきニュータウン⇒いわき駅⇒磐城一高, ニュータウン⇒八ツ坂⇒いわき駅⇒昌平中高前, ニュータウン⇔中央台鹿島⇔泉駅⇔いわき秀英高校, いわき秀英高校⇒泉駅⇒ニュータウン⇒郷ヶ丘, ニュータウン⇔飯野⇔八ツ坂⇔平商前, いわきニュータウン⇔高専前, GSユアサいわき〜ラパークいわき"
中央台南中,新常磐交通（株）,"ラパーク〜鹿島ショッピングセンター〜小名浜, いわき駅〜高専前〜医療創生大学〜ラパーク, ラパークいわき⇔鹿島⇔小名浜海星高校"
下矢田,新常磐交通（株）,"ラパーク〜鹿島ショッピングセンター〜小名浜, いわき駅〜若葉台・ニュータウン〜鹿島〜小名浜〜洋向台, いわき駅〜鹿島ショッピングセンター〜中央営業所〜江名, いわき駅⇔鹿島⇔小名浜海星高校, ラパークいわき⇔鹿島⇔小名浜海星高校, 湯本駅⇔いわき光洋高校, 泉駅⇔いわき光洋高校, 小名浜⇔玉川団地⇔鹿島⇔いわき駅⇔昌平中高前, 小名浜⇔鹿島⇔ニュータウン⇔平工前⇔昌平中高前, 小名浜⇔玉川団地⇔ニュータウン⇔平工業高校, 郷ヶ丘⇔飯野二丁目⇔泉駅⇔いわき秀英高校, ニュータウン⇔中央台鹿島⇔泉駅⇔いわき秀英高校, いわき秀英高校⇒泉駅⇒ニュータウン⇒郷ヶ丘, 小名浜⇔玉川団地⇔鹿島⇔いわき駅⇔平商前, 小名浜⇔大原⇔玉川団地⇔鹿島⇔高専前, 江名⇔中央営業所⇔鹿島⇔高専前, 小名浜⇔鹿島⇔高専前"
常磐病院,新常磐交通（株）,"湯本市内循環（内・外）, 湯本駅〜桜ヶ丘, 湯本〜上遠野〜植田, 湯本駅前⇔遠野高校, ニュータウン⇔飯野二丁目⇔草木台⇔湯本高校, 湯本市内循環"
大平入口,新常磐交通（株）,上遠野〜大平〜入遠野
根岸,新常磐交通（株）,"湯本〜上遠野〜植田, 上遠野〜大平〜入遠野"
石畑踏切,新常磐交通（株）,"いわき駅〜（医療センター）〜湯本東口〜（玉川団地）〜小名浜, いわき駅⇔湯本東口⇔小名浜海星高校, 湯本駅⇔いわき光洋高校, 小名浜⇔湯本東口⇔磐城一高"
ぷろばんす56,新常磐交通（株）,"ニュータウン⇒飯野二丁目⇒高専前⇒磐高入口, ニュータウン⇔飯野二丁目⇔草木台⇔湯本高校, いわきニュータウン⇒いわき駅⇒磐城一高, ニュータウン⇒八ツ坂⇒いわき駅⇒昌平中高前, ニュータウン⇔中央台鹿島⇔泉駅⇔いわき秀英高校, いわき秀英高校⇒泉駅⇒ニュータウン⇒郷ヶ丘, ニュータウン⇔飯野⇔八ツ坂⇔平商前, いわきニュータウン⇔高専前, GSユアサいわき〜ラパークいわき"
木のまち,新常磐交通（株）,"ニュータウン⇒飯野二丁目⇒高専前⇒磐高入口, ニュータウン⇔飯野二丁目⇔草木台⇔湯本高校, いわきニュータウン⇒いわき駅⇒磐城一高, ニュータウン⇒八ツ坂⇒いわき駅⇒昌平中高前, ニュータウン⇔中央台鹿島⇔泉駅⇔いわき秀英高校, いわき秀英高校⇒泉駅⇒ニュータウン⇒郷ヶ丘, ニュータウン⇔飯野⇔八ツ坂⇔平商前, いわきニュータウン⇔高専前, GSユアサいわき〜ラパークいわき"
キリンテ,会津乗合自動車（株）,中山峠・尾瀬線
瀬峯,新常磐交通（株）,"湯本〜上遠野〜植田, 湯本駅前⇔遠野高校"
豊岡入口,福島交通（株）,"東舘線, 棚倉・塙線"
灯台入口,新常磐交通（株）,"いわき駅〜豊間〜江名〜小名浜〜泉駅, いわき駅⇔豊間⇔江名⇔小名浜, 西原⇔江名⇔小名浜⇔泉駅⇔湯本高校, 小名浜⇔江名⇔豊間⇔いわき光洋高校, 泉駅⇒小名浜⇒江名⇒豊間⇒平工業高校, 西原⇔豊間⇔江名⇔小名浜⇔泉駅⇔いわき秀英高校, 小名浜⇔江名⇔豊間⇔いわき駅⇔平商前"
油屋前,新常磐交通（株）,上遠野〜大平〜入遠野
福原,福島交通（株）,塙・鮫川線
沢目十字路,新常磐交通（株）,"ラパーク〜鹿島ショッピングセンター〜小名浜, いわき駅〜若葉台・ニュータウン〜鹿島〜小名浜〜洋向台, いわき駅〜鹿島ショッピングセンター〜中央営業所〜江名, いわき駅⇔鹿島⇔小名浜海星高校, ラパークいわき⇔鹿島⇔小名浜海星高校, 湯本駅⇔いわき光洋高校, 泉駅⇔いわき光洋高校, 小名浜⇔玉川団地⇔鹿島⇔いわき駅⇔昌平中高前, 小名浜⇔鹿島⇔ニュータウン⇔平工前⇔昌平中高前, 小名浜⇔玉川団地⇔ニュータウン⇔平工業高校, 郷ヶ丘⇔飯野二丁目⇔泉駅⇔いわき秀英高校, ニュータウン⇔中央台鹿島⇔泉駅⇔いわき秀英高校, いわき秀英高校⇒泉駅⇒ニュータウン⇒郷ヶ丘, 小名浜⇔玉川団地⇔鹿島⇔いわき駅⇔平商前, 小名浜⇔大原⇔玉川団地⇔鹿島⇔高専前, 江名⇔中央営業所⇔鹿島⇔高専前, 小名浜⇔鹿島⇔高専前"
おおはた公園,新常磐交通（株）,"ニュータウン⇒飯野二丁目⇒高専前⇒磐高入口, ニュータウン⇔飯野二丁目⇔草木台⇔湯本高校, いわきニュータウン⇒いわき駅⇒磐城一高, ニュータウン⇒八ツ坂⇒いわき駅⇒昌平中高前, ニュータウン⇔中央台鹿島⇔泉駅⇔いわき秀英高校, いわき秀英高校⇒泉駅⇒ニュータウン⇒郷ヶ丘, ニュータウン⇔飯野⇔八ツ坂⇔平商前, いわきニュータウン⇔高専前, GSユアサいわき〜ラパークいわき"
長谷寺入口,新常磐交通（株）,"湯本市内循環（内・外）, ニュータウン⇔飯野二丁目⇔草木台⇔湯本高校, 湯本市内循環"
鹿島二丁目,新常磐交通（株）,"ニュータウン⇒飯野二丁目⇒高専前⇒磐高入口, ニュータウン⇔飯野二丁目⇔草木台⇔湯本高校, いわきニュータウン⇒いわき駅⇒磐城一高, ニュータウン⇒八ツ坂⇒いわき駅⇒昌平中高前, ニュータウン⇔中央台鹿島⇔泉駅⇔いわき秀英高校, いわき秀英高校⇒泉駅⇒ニュータウン⇒郷ヶ丘, ニュータウン⇔飯野⇔八ツ坂⇔平商前, いわきニュータウン⇔高専前, GSユアサいわき〜ラパークいわき"
関船上関,新常磐交通（株）,"いわき駅〜（医療センター）〜湯本東口〜（玉川団地）〜小名浜, いわき駅⇔湯本東口⇔小名浜海星高校, 湯本駅⇔いわき光洋高校, 小名浜⇔湯本東口⇔磐城一高"
豊間小前,新常磐交通（株）,"いわき駅〜豊間〜江名〜小名浜〜泉駅, いわき駅⇔豊間⇔江名⇔小名浜, 西原⇔江名⇔小名浜⇔泉駅⇔湯本高校, 小名浜⇔江名⇔豊間⇔いわき光洋高校, 泉駅⇒小名浜⇒江名⇒豊間⇒平工業高校, 西原⇔豊間⇔江名⇔小名浜⇔泉駅⇔いわき秀英高校, 小名浜⇔江名⇔豊間⇔いわき駅⇔平商前"
近津駅前,福島交通（株）,"東舘線, 棚倉・塙線"
金刀比羅神社,新常磐交通（株）,"湯本市内循環（内・外）, 湯本市内循環"
桜ヶ丘入口,新常磐交通（株）,湯本駅〜桜ヶ丘
川上入口,新常磐交通（株）,"湯本〜上遠野〜植田, 湯本駅前⇔遠野高校"
近津小学校,福島交通（株）,"東舘線, 棚倉・塙線"
釜の前団地,新常磐交通（株）,"湯本〜上遠野〜植田, 湯本駅前⇔遠野高校"
湯本高校,新常磐交通（株）,"湯本市内循環（内・外）, ニュータウン⇔飯野二丁目⇔草木台⇔湯本高校, 西原⇔江名⇔小名浜⇔泉駅⇔湯本高校, 湯本市内循環"
出戸,福島交通（株）,"出戸線［塙厚生病院・堀越経由］, 出戸線［塙厚生病院・塙小経由］"
田場坂,新常磐交通（株）,"湯本〜上遠野〜植田, 湯本駅前⇔遠野高校"
関船,新常磐交通（株）,"湯本市内循環（内・外）, 湯本市内循環"
田場坂下,新常磐交通（株）,"湯本〜上遠野〜植田, 湯本駅前⇔遠野高校"
諏訪ヶ崎,新常磐交通（株）,"いわき駅〜（医療センター）〜湯本東口〜（玉川団地）〜小名浜, いわき駅⇔湯本東口⇔小名浜海星高校, 湯本駅⇔いわき光洋高校, 小名浜⇔湯本東口⇔磐城一高"
小高,福島交通（株）,"出戸線［塙厚生病院・堀越経由］, 出戸線［塙厚生病院・塙小経由］"
いわきFCパーク,新常磐交通（株）,"湯本〜上遠野〜植田, 湯本駅前⇔遠野高校"
藤原団地,新常磐交通（株）,"湯本〜上遠野〜植田, 湯本駅前⇔遠野高校"
米田入口,新常磐交通（株）,"ラパーク〜鹿島ショッピングセンター〜小名浜, いわき駅〜若葉台・ニュータウン〜鹿島〜小名浜〜洋向台, いわき駅〜鹿島ショッピングセンター〜中央営業所〜江名, いわき駅⇔鹿島⇔小名浜海星高校, ラパークいわき⇔鹿島⇔小名浜海星高校, 湯本駅⇔いわき光洋高校, 泉駅⇔いわき光洋高校, 小名浜⇔玉川団地⇔鹿島⇔いわき駅⇔昌平中高前, 小名浜⇔鹿島⇔ニュータウン⇔平工前⇔昌平中高前, 小名浜⇔玉川団地⇔ニュータウン⇔平工業高校, 郷ヶ丘⇔飯野二丁目⇔泉駅⇔いわき秀英高校, ニュータウン⇔中央台鹿島⇔泉駅⇔いわき秀英高校, いわき秀英高校⇒泉駅⇒ニュータウン⇒郷ヶ丘, 小名浜⇔玉川団地⇔鹿島⇔いわき駅⇔平商前, 小名浜⇔大原⇔玉川団地⇔鹿島⇔高専前, 江名⇔中央営業所⇔鹿島⇔高専前, 小名浜⇔鹿島⇔高専前"
藤原,新常磐交通（株）,"湯本〜上遠野〜植田, 湯本駅前⇔遠野高校"
希望ヶ丘,新常磐交通（株）,湯本駅〜桜ヶ丘
丸山公園口,新常磐交通（株）,"湯本〜上遠野〜植田, 湯本駅前⇔遠野高校"
鹿島小前,新常磐交通（株）,"ラパーク〜鹿島ショッピングセンター〜小名浜, いわき駅〜若葉台・ニュータウン〜鹿島〜小名浜〜洋向台, いわき駅〜鹿島ショッピングセンター〜中央営業所〜江名, いわき駅⇔鹿島⇔小名浜海星高校, ラパークいわき⇔鹿島⇔小名浜海星高校, 湯本駅⇔いわき光洋高校, 泉駅⇔いわき光洋高校, 小名浜⇔玉川団地⇔鹿島⇔いわき駅⇔昌平中高前, 小名浜⇔鹿島⇔ニュータウン⇔平工前⇔昌平中高前, 小名浜⇔玉川団地⇔ニュータウン⇔平工業高校, 郷ヶ丘⇔飯野二丁目⇔泉駅⇔いわき秀英高校, ニュータウン⇔中央台鹿島⇔泉駅⇔いわき秀英高校, いわき秀英高校⇒泉駅⇒ニュータウン⇒郷ヶ丘, 小名浜⇔玉川団地⇔鹿島⇔いわき駅⇔平商前, 小名浜⇔大原⇔玉川団地⇔鹿島⇔高専前, 江名⇔中央営業所⇔鹿島⇔高専前, 小名浜⇔鹿島⇔高専前"
滝大橋,新常磐交通（株）,湯本〜上遠野〜植田
関船大平,新常磐交通（株）,"いわき駅〜（医療センター）〜湯本東口〜（玉川団地）〜小名浜, いわき駅⇔湯本東口⇔小名浜海星高校, 湯本駅⇔いわき光洋高校, 小名浜⇔湯本東口⇔磐城一高"
鹿島ショッピングセンター,新常磐交通（株）,"ラパーク〜鹿島ショッピングセンター〜小名浜, いわき駅〜若葉台・ニュータウン〜鹿島〜小名浜〜洋向台, いわき駅〜鹿島ショッピングセンター〜中央営業所〜江名, いわき駅⇔鹿島⇔小名浜海星高校, ラパークいわき⇔鹿島⇔小名浜海星高校, 江名⇔中央営業所⇔鹿島⇔高専前"
志座,新常磐交通（株）,"湯本市内循環（内・外）, 湯本市内循環"
常磐扇田,新常磐交通（株）,"湯本市内循環（内・外）, 湯本市内循環"
中山,福島交通（株）,塙・鮫川線
才の神,新常磐交通（株）,湯本〜上遠野〜植田
桜ヶ丘中央,新常磐交通（株）,湯本駅〜桜ヶ丘
豊間市民サービスセンター,新常磐交通（株）,"いわき駅〜豊間〜江名〜小名浜〜泉駅, いわき駅⇔豊間⇔江名⇔小名浜, 西原⇔江名⇔小名浜⇔泉駅⇔湯本高校, 小名浜⇔江名⇔豊間⇔いわき光洋高校, 泉駅⇒小名浜⇒江名⇒豊間⇒平工業高校, 西原⇔豊間⇔江名⇔小名浜⇔泉駅⇔いわき秀英高校, 小名浜⇔江名⇔豊間⇔いわき駅⇔平商前"
七本松,新常磐交通（株）,"いわき駅〜鹿島ショッピングセンター〜中央営業所〜江名, 江名⇔中央営業所⇔鹿島⇔高専前"
矢津入口,新常磐交通（株）,"湯本市内循環（内・外）, 湯本市内循環"
豊間,新常磐交通（株）,"いわき駅〜豊間〜江名〜小名浜〜泉駅, いわき駅⇔豊間⇔江名⇔小名浜, 西原⇔江名⇔小名浜⇔泉駅⇔湯本高校, 小名浜⇔江名⇔豊間⇔いわき光洋高校, 泉駅⇒小名浜⇒江名⇒豊間⇒平工業高校, 西原⇔豊間⇔江名⇔小名浜⇔泉駅⇔いわき秀英高校, 小名浜⇔江名⇔豊間⇔いわき駅⇔平商前"
西久保田,福島交通（株）,"出戸線［塙厚生病院・堀越経由］, 出戸線［塙厚生病院・塙小経由］"
八槻神社,福島交通（株）,"東舘線, 棚倉・塙線"
船尾宮下,新常磐交通（株）,"いわき駅〜（医療センター）〜湯本東口〜（玉川団地）〜小名浜, いわき駅⇔湯本東口⇔小名浜海星高校, 湯本駅⇔いわき光洋高校, 小名浜⇔湯本東口⇔磐城一高"
上滝,新常磐交通（株）,湯本〜上遠野〜植田
豊田,福島交通（株）,"出戸線［塙厚生病院・堀越経由］, 出戸線［塙厚生病院・塙小経由］"
下蔵持集会所,新常磐交通（株）,"いわき駅〜鹿島ショッピングセンター〜中央営業所〜江名, 江名⇔中央営業所⇔鹿島⇔高専前"
豊間柳町,新常磐交通（株）,"いわき駅〜豊間〜江名〜小名浜〜泉駅, いわき駅⇔豊間⇔江名⇔小名浜, 西原⇔江名⇔小名浜⇔泉駅⇔湯本高校, 小名浜⇔江名⇔豊間⇔いわき光洋高校, 泉駅⇒小名浜⇒江名⇒豊間⇒平工業高校, 西原⇔豊間⇔江名⇔小名浜⇔泉駅⇔いわき秀英高校, 小名浜⇔江名⇔豊間⇔いわき駅⇔平商前"
桜ヶ丘,新常磐交通（株）,湯本駅〜桜ヶ丘
町下,新常磐交通（株）,"湯本市内循環（内・外）, 湯本市内循環"
道下,新常磐交通（株）,"湯本市内循環（内・外）, 湯本市内循環"
宮ノ下,新常磐交通（株）,"いわき駅〜鹿島ショッピングセンター〜中央営業所〜江名, 江名⇔中央営業所⇔鹿島⇔高専前"
原町,新常磐交通（株）,"いわき駅〜豊間〜江名〜小名浜〜泉駅, いわき駅⇔豊間⇔江名⇔小名浜, 西原⇔江名⇔小名浜⇔泉駅⇔湯本高校, 小名浜⇔江名⇔豊間⇔いわき光洋高校, 泉駅⇒小名浜⇒江名⇒豊間⇒平工業高校, 西原⇔豊間⇔江名⇔小名浜⇔泉駅⇔いわき秀英高校, 小名浜⇔江名⇔豊間⇔いわき駅⇔平商前"
久保入口,新常磐交通（株）,"ラパーク〜鹿島ショッピングセンター〜小名浜, いわき駅〜若葉台・ニュータウン〜鹿島〜小名浜〜洋向台, いわき駅⇔鹿島⇔小名浜海星高校, ラパークいわき⇔鹿島⇔小名浜海星高校, 湯本駅⇔いわき光洋高校, 泉駅⇔いわき光洋高校, 小名浜⇔玉川団地⇔鹿島⇔いわき駅⇔昌平中高前, 小名浜⇔鹿島⇔ニュータウン⇔平工前⇔昌平中高前, 小名浜⇔玉川団地⇔ニュータウン⇔平工業高校, 郷ヶ丘⇔飯野二丁目⇔泉駅⇔いわき秀英高校, ニュータウン⇔中央台鹿島⇔泉駅⇔いわき秀英高校, いわき秀英高校⇒泉駅⇒ニュータウン⇒郷ヶ丘, 小名浜⇔玉川団地⇔鹿島⇔いわき駅⇔平商前, 小名浜⇔大原⇔玉川団地⇔鹿島⇔高専前, 小名浜⇔鹿島⇔高専前"
町下橋,新常磐交通（株）,"湯本市内循環（内・外）, 湯本市内循環"
山王の里,福島交通（株）,塙・鮫川線
下船尾,新常磐交通（株）,"いわき駅〜（医療センター）〜湯本東口〜（玉川団地）〜小名浜, いわき駅⇔湯本東口⇔小名浜海星高校, 湯本駅⇔いわき光洋高校, 小名浜⇔湯本東口⇔磐城一高"
上蔵持集会所,新常磐交通（株）,"いわき駅〜鹿島ショッピングセンター〜中央営業所〜江名, 江名⇔中央営業所⇔鹿島⇔高専前"
八槻下,福島交通（株）,"東舘線, 棚倉・塙線"
下町,新常磐交通（株）,"いわき駅〜豊間〜江名〜小名浜〜泉駅, いわき駅⇔豊間⇔江名⇔小名浜, 西原⇔江名⇔小名浜⇔泉駅⇔湯本高校, 小名浜⇔江名⇔豊間⇔いわき光洋高校, 泉駅⇒小名浜⇒江名⇒豊間⇒平工業高校, 西原⇔豊間⇔江名⇔小名浜⇔泉駅⇔いわき秀英高校, 小名浜⇔江名⇔豊間⇔いわき駅⇔平商前"
曽利田,新常磐交通（株）,湯本〜上遠野〜植田
北公園口,新常磐交通（株）,"いわき駅〜（医療センター）〜湯本東口〜（玉川団地）〜小名浜, いわき駅⇔湯本東口⇔小名浜海星高校, 湯本駅⇔いわき光洋高校, 小名浜⇔湯本東口⇔磐城一高, 小名浜⇔玉川団地⇔鹿島⇔いわき駅⇔昌平中高前, 小名浜⇔玉川団地⇔ニュータウン⇔平工業高校, 小名浜⇔玉川団地⇔鹿島⇔いわき駅⇔平商前, 小名浜⇔大原⇔玉川団地⇔鹿島⇔高専前"
亀ノ江,福島交通（株）,"出戸線［塙厚生病院・堀越経由］, 出戸線［塙厚生病院・塙小経由］"
虻沢,福島交通（株）,"出戸線［塙厚生病院・堀越経由］, 出戸線［塙厚生病院・塙小経由］"
玉川北,新常磐交通（株）,"いわき駅〜（医療センター）〜湯本東口〜（玉川団地）〜小名浜, いわき駅⇔湯本東口⇔小名浜海星高校, 湯本駅⇔いわき光洋高校, 小名浜⇔湯本東口⇔磐城一高, 小名浜⇔玉川団地⇔鹿島⇔いわき駅⇔昌平中高前, 小名浜⇔玉川団地⇔ニュータウン⇔平工業高校, 小名浜⇔玉川団地⇔鹿島⇔いわき駅⇔平商前, 小名浜⇔大原⇔玉川団地⇔鹿島⇔高専前"
東河内公民館,福島交通（株）,"出戸線［塙厚生病院・堀越経由］, 出戸線［塙厚生病院・塙小経由］"
渡瀬,福島交通（株）,塙・鮫川線
江名口,新常磐交通（株）,"いわき駅〜鹿島ショッピングセンター〜中央営業所〜江名, 江名⇔中央営業所⇔鹿島⇔高専前"
船戸,新常磐交通（株）,"ラパーク〜鹿島ショッピングセンター〜小名浜, いわき駅〜若葉台・ニュータウン〜鹿島〜小名浜〜洋向台, いわき駅⇔鹿島⇔小名浜海星高校, ラパークいわき⇔鹿島⇔小名浜海星高校, 湯本駅⇔いわき光洋高校, 泉駅⇔いわき光洋高校, 小名浜⇔玉川団地⇔鹿島⇔いわき駅⇔昌平中高前, 小名浜⇔鹿島⇔ニュータウン⇔平工前⇔昌平中高前, 小名浜⇔玉川団地⇔ニュータウン⇔平工業高校, 郷ヶ丘⇔飯野二丁目⇔泉駅⇔いわき秀英高校, ニュータウン⇔中央台鹿島⇔泉駅⇔いわき秀英高校, いわき秀英高校⇒泉駅⇒ニュータウン⇒郷ヶ丘, 小名浜⇔玉川団地⇔鹿島⇔いわき駅⇔平商前, 小名浜⇔大原⇔玉川団地⇔鹿島⇔高専前, 小名浜⇔鹿島⇔高専前"
双の平,福島交通（株）,"東舘線, 棚倉・塙線"
船尾住宅,新常磐交通（株）,"いわき駅〜（医療センター）〜湯本東口〜（玉川団地）〜小名浜, いわき駅⇔湯本東口⇔小名浜海星高校, 湯本駅⇔いわき光洋高校, 小名浜⇔湯本東口⇔磐城一高"
玉川西,新常磐交通（株）,"いわき駅〜（医療センター）〜湯本東口〜（玉川団地）〜小名浜, いわき駅⇔湯本東口⇔小名浜海星高校, 湯本駅⇔いわき光洋高校, 小名浜⇔湯本東口⇔磐城一高, 小名浜⇔玉川団地⇔鹿島⇔いわき駅⇔昌平中高前, 小名浜⇔玉川団地⇔ニュータウン⇔平工業高校, 小名浜⇔玉川団地⇔鹿島⇔いわき駅⇔平商前, 小名浜⇔大原⇔玉川団地⇔鹿島⇔高専前"
七入,会津乗合自動車（株）,中山峠・尾瀬線
実川荘前,会津乗合自動車（株）,中山峠・尾瀬線
荒屋,福島交通（株）,"出戸線［塙厚生病院・堀越経由］, 出戸線［塙厚生病院・塙小経由］"
中井,新常磐交通（株）,湯本〜上遠野〜植田
尾瀬御池,会津乗合自動車（株）,"中山峠・尾瀬線, 尾瀬沼山峠〜尾瀬口船着場線"
船戸団地,新常磐交通（株）,"ラパーク〜鹿島ショッピングセンター〜小名浜, いわき駅〜若葉台・ニュータウン〜鹿島〜小名浜〜洋向台, いわき駅⇔鹿島⇔小名浜海星高校, ラパークいわき⇔鹿島⇔小名浜海星高校, 湯本駅⇔いわき光洋高校, 泉駅⇔いわき光洋高校, 小名浜⇔玉川団地⇔鹿島⇔いわき駅⇔昌平中高前, 小名浜⇔鹿島⇔ニュータウン⇔平工前⇔昌平中高前, 小名浜⇔玉川団地⇔ニュータウン⇔平工業高校, 郷ヶ丘⇔飯野二丁目⇔泉駅⇔いわき秀英高校, ニュータウン⇔中央台鹿島⇔泉駅⇔いわき秀英高校, いわき秀英高校⇒泉駅⇒ニュータウン⇒郷ヶ丘, 小名浜⇔玉川団地⇔鹿島⇔いわき駅⇔平商前, 小名浜⇔大原⇔玉川団地⇔鹿島⇔高専前, 小名浜⇔鹿島⇔高専前"
堀越,福島交通（株）,"出戸線［塙厚生病院・堀越経由］, 出戸線［塙厚生病院・塙小経由］"
林城,新常磐交通（株）,"湯本駅⇔いわき光洋高校, 小名浜⇔玉川団地⇔鹿島⇔いわき駅⇔昌平中高前, 小名浜⇔玉川団地⇔ニュータウン⇔平工業高校, 小名浜⇔玉川団地⇔鹿島⇔いわき駅⇔平商前, 小名浜⇔大原⇔玉川団地⇔鹿島⇔高専前"
玉川中央,新常磐交通（株）,"いわき駅〜（医療センター）〜湯本東口〜（玉川団地）〜小名浜, いわき駅⇔湯本東口⇔小名浜海星高校, 小名浜⇔湯本東口⇔磐城一高, 小名浜⇔玉川団地⇔鹿島⇔いわき駅⇔昌平中高前, 小名浜⇔玉川団地⇔ニュータウン⇔平工業高校, 小名浜⇔玉川団地⇔鹿島⇔いわき駅⇔平商前, 小名浜⇔大原⇔玉川団地⇔鹿島⇔高専前"
兎渡路,新常磐交通（株）,"いわき駅〜豊間〜江名〜小名浜〜泉駅, いわき駅⇔豊間⇔江名⇔小名浜, 西原⇔江名⇔小名浜⇔泉駅⇔湯本高校, 小名浜⇔江名⇔豊間⇔いわき光洋高校, 泉駅⇒小名浜⇒江名⇒豊間⇒平工業高校, 西原⇔豊間⇔江名⇔小名浜⇔泉駅⇔いわき秀英高校, 小名浜⇔江名⇔豊間⇔いわき駅⇔平商前"
渡瀬下,福島交通（株）,塙・鮫川線
柿境,新常磐交通（株）,"湯本駅⇔いわき光洋高校, 小名浜⇔玉川団地⇔鹿島⇔いわき駅⇔昌平中高前, 小名浜⇔玉川団地⇔ニュータウン⇔平工業高校, 小名浜⇔玉川団地⇔鹿島⇔いわき駅⇔平商前, 小名浜⇔大原⇔玉川団地⇔鹿島⇔高専前"
双の平入口,福島交通（株）,"東舘線, 棚倉・塙線"
八斗蒔,福島交通（株）,"出戸線［塙厚生病院・堀越経由］, 出戸線［塙厚生病院・塙小経由］"
大戸中,福島交通（株）,塙・鮫川線
玉川南,新常磐交通（株）,"いわき駅〜（医療センター）〜湯本東口〜（玉川団地）〜小名浜, いわき駅⇔湯本東口⇔小名浜海星高校, 湯本駅⇔いわき光洋高校, 小名浜⇔湯本東口⇔磐城一高"
常交いわき中央営業所,新常磐交通（株）,"いわき駅〜鹿島ショッピングセンター〜中央営業所〜江名, 江名⇔中央営業所⇔鹿島⇔高専前"
野田田仲,新常磐交通（株）,"いわき駅〜（医療センター）〜湯本東口〜（玉川団地）〜小名浜, いわき駅⇔湯本東口⇔小名浜海星高校, 湯本駅⇔いわき光洋高校, 小名浜⇔湯本東口⇔磐城一高"
江竜田,福島交通（株）,塙・鮫川線
玉川東,新常磐交通（株）,"いわき駅〜（医療センター）〜湯本東口〜（玉川団地）〜小名浜, いわき駅⇔湯本東口⇔小名浜海星高校, 小名浜⇔湯本東口⇔磐城一高, 小名浜⇔玉川団地⇔鹿島⇔いわき駅⇔昌平中高前, 小名浜⇔玉川団地⇔ニュータウン⇔平工業高校, 小名浜⇔玉川団地⇔鹿島⇔いわき駅⇔平商前, 小名浜⇔大原⇔玉川団地⇔鹿島⇔高専前"
西の沢,福島交通（株）,塙・鮫川線
野田,新常磐交通（株）,"いわき駅〜（医療センター）〜湯本東口〜（玉川団地）〜小名浜, いわき駅⇔湯本東口⇔小名浜海星高校, 湯本駅⇔いわき光洋高校, 小名浜⇔湯本東口⇔磐城一高"
兎渡路南,新常磐交通（株）,"いわき駅〜豊間〜江名〜小名浜〜泉駅, いわき駅⇔豊間⇔江名⇔小名浜, 西原⇔江名⇔小名浜⇔泉駅⇔湯本高校, 小名浜⇔江名⇔豊間⇔いわき光洋高校, 泉駅⇒小名浜⇒江名⇒豊間⇒平工業高校, 西原⇔豊間⇔江名⇔小名浜⇔泉駅⇔いわき秀英高校, 小名浜⇔江名⇔豊間⇔いわき駅⇔平商前"
堀之内,福島交通（株）,"出戸線［塙厚生病院・堀越経由］, 出戸線［塙厚生病院・塙小経由］"
野田待合,新常磐交通（株）,"いわき駅〜（医療センター）〜湯本東口〜（玉川団地）〜小名浜, いわき駅⇔湯本東口⇔小名浜海星高校, 湯本駅⇔いわき光洋高校, 小名浜⇔湯本東口⇔磐城一高"
玉川団地入口,新常磐交通（株）,"いわき駅〜（医療センター）〜湯本東口〜（玉川団地）〜小名浜, いわき駅⇔湯本東口⇔小名浜海星高校, 湯本駅⇔いわき光洋高校, 小名浜⇔湯本東口⇔磐城一高"
御代,新常磐交通（株）,"ラパーク〜鹿島ショッピングセンター〜小名浜, いわき駅〜若葉台・ニュータウン〜鹿島〜小名浜〜洋向台, いわき駅⇔鹿島⇔小名浜海星高校, ラパークいわき⇔鹿島⇔小名浜海星高校, 泉駅⇔いわき光洋高校, 小名浜⇔鹿島⇔ニュータウン⇔平工前⇔昌平中高前, 郷ヶ丘⇔飯野二丁目⇔泉駅⇔いわき秀英高校, ニュータウン⇔中央台鹿島⇔泉駅⇔いわき秀英高校, いわき秀英高校⇒泉駅⇒ニュータウン⇒郷ヶ丘, 小名浜⇔鹿島⇔高専前"
下滝,新常磐交通（株）,湯本〜上遠野〜植田
清水,福島交通（株）,"東舘線, 棚倉・塙線"
豊間南集会所,新常磐交通（株）,"いわき駅〜豊間〜江名〜小名浜〜泉駅, いわき駅⇔豊間⇔江名⇔小名浜, 西原⇔江名⇔小名浜⇔泉駅⇔湯本高校, 小名浜⇔江名⇔豊間⇔いわき光洋高校, 泉駅⇒小名浜⇒江名⇒豊間⇒平工業高校, 西原⇔豊間⇔江名⇔小名浜⇔泉駅⇔いわき秀英高校, 小名浜⇔江名⇔豊間⇔いわき駅⇔平商前"
吉ノ目,福島交通（株）,"出戸線［塙厚生病院・堀越経由］, 出戸線［塙厚生病院・塙小経由］"
小名浜三小,新常磐交通（株）,"いわき駅〜（医療センター）〜湯本東口〜（玉川団地）〜小名浜, いわき駅⇔湯本東口⇔小名浜海星高校, 小名浜⇔湯本東口⇔磐城一高, 小名浜⇔玉川団地⇔鹿島⇔いわき駅⇔昌平中高前, 小名浜⇔玉川団地⇔ニュータウン⇔平工業高校, 小名浜⇔玉川団地⇔鹿島⇔いわき駅⇔平商前, 小名浜⇔大原⇔玉川団地⇔鹿島⇔高専前"
赤岡,福島交通（株）,"出戸線［塙厚生病院・堀越経由］, 出戸線［塙厚生病院・塙小経由］"
東海,新常磐交通（株）,湯本〜上遠野〜植田
合磯,新常磐交通（株）,"いわき駅〜豊間〜江名〜小名浜〜泉駅, いわき駅⇔豊間⇔江名⇔小名浜, 西原⇔江名⇔小名浜⇔泉駅⇔湯本高校, 小名浜⇔江名⇔豊間⇔いわき光洋高校, 泉駅⇒小名浜⇒江名⇒豊間⇒平工業高校, 西原⇔豊間⇔江名⇔小名浜⇔泉駅⇔いわき秀英高校, 小名浜⇔江名⇔豊間⇔いわき駅⇔平商前"
八幡神社前,福島交通（株）,"出戸線［塙厚生病院・堀越経由］, 出戸線［塙厚生病院・塙小経由］"
住吉,新常磐交通（株）,"いわき駅〜（医療センター）〜湯本東口〜（玉川団地）〜小名浜, いわき駅⇔湯本東口⇔小名浜海星高校, 小名浜⇔湯本東口⇔磐城一高, 小名浜⇔玉川団地⇔鹿島⇔いわき駅⇔昌平中高前, 小名浜⇔玉川団地⇔ニュータウン⇔平工業高校, 小名浜⇔玉川団地⇔鹿島⇔いわき駅⇔平商前, 小名浜⇔大原⇔玉川団地⇔鹿島⇔高専前"
二見ヶ浦,新常磐交通（株）,"いわき駅〜豊間〜江名〜小名浜〜泉駅, いわき駅⇔豊間⇔江名⇔小名浜, 西原⇔江名⇔小名浜⇔泉駅⇔湯本高校, 小名浜⇔江名⇔豊間⇔いわき光洋高校, 泉駅⇒小名浜⇒江名⇒豊間⇒平工業高校, 西原⇔豊間⇔江名⇔小名浜⇔泉駅⇔いわき秀英高校, 小名浜⇔江名⇔豊間⇔いわき駅⇔平商前"
久保内,福島交通（株）,"東舘線, 棚倉・塙線"
藤ヶ丘団地入口,新常磐交通（株）,"いわき駅〜鹿島ショッピングセンター〜中央営業所〜江名, 江名⇔中央営業所⇔鹿島⇔高専前"
北口団地,新常磐交通（株）,"いわき駅〜豊間〜江名〜小名浜〜泉駅, いわき駅⇔豊間⇔江名⇔小名浜, 西原⇔江名⇔小名浜⇔泉駅⇔湯本高校, 小名浜⇔江名⇔豊間⇔いわき光洋高校, 泉駅⇒小名浜⇒江名⇒豊間⇒平工業高校, 西原⇔豊間⇔江名⇔小名浜⇔泉駅⇔いわき秀英高校, 小名浜⇔江名⇔豊間⇔いわき駅⇔平商前"
千本橋,福島交通（株）,"出戸線［塙厚生病院・堀越経由］, 出戸線［塙厚生病院・塙小経由］"
岩石,新常磐交通（株）,湯本〜上遠野〜植田
相子島,新常磐交通（株）,"いわき駅〜（医療センター）〜湯本東口〜（玉川団地）〜小名浜, いわき駅⇔湯本東口⇔小名浜海星高校, 小名浜⇔湯本東口⇔磐城一高, 小名浜⇔玉川団地⇔鹿島⇔いわき駅⇔昌平中高前, 小名浜⇔玉川団地⇔ニュータウン⇔平工業高校, 小名浜⇔玉川団地⇔鹿島⇔いわき駅⇔平商前, 小名浜⇔大原⇔玉川団地⇔鹿島⇔高専前"
東警察署前,新常磐交通（株）,"ラパーク〜鹿島ショッピングセンター〜小名浜, いわき駅〜若葉台・ニュータウン〜鹿島〜小名浜〜洋向台, いわき駅⇔鹿島⇔小名浜海星高校, ラパークいわき⇔鹿島⇔小名浜海星高校, 泉駅⇔いわき光洋高校, 小名浜⇔鹿島⇔ニュータウン⇔平工前⇔昌平中高前, 郷ヶ丘⇔飯野二丁目⇔泉駅⇔いわき秀英高校, ニュータウン⇔中央台鹿島⇔泉駅⇔いわき秀英高校, いわき秀英高校⇒泉駅⇒ニュータウン⇒郷ヶ丘, 小名浜⇔鹿島⇔高専前"
江名,新常磐交通（株）,"いわき駅〜鹿島ショッピングセンター〜中央営業所〜江名, いわき駅〜豊間〜江名〜小名浜〜泉駅, いわき駅⇔豊間⇔江名⇔小名浜, 西原⇔江名⇔小名浜⇔泉駅⇔湯本高校, 小名浜⇔江名⇔豊間⇔いわき光洋高校, 泉駅⇒小名浜⇒江名⇒豊間⇒平工業高校, 西原⇔豊間⇔江名⇔小名浜⇔泉駅⇔いわき秀英高校, 小名浜⇔江名⇔豊間⇔いわき駅⇔平商前, 江名⇔中央営業所⇔鹿島⇔高専前"
米山下,福島交通（株）,"東舘線, 棚倉・塙線"
江名小入口,新常磐交通（株）,"いわき駅〜鹿島ショッピングセンター〜中央営業所〜江名, いわき駅〜豊間〜江名〜小名浜〜泉駅, いわき駅⇔豊間⇔江名⇔小名浜, 西原⇔江名⇔小名浜⇔泉駅⇔湯本高校, 小名浜⇔江名⇔豊間⇔いわき光洋高校, 泉駅⇒小名浜⇒江名⇒豊間⇒平工業高校, 西原⇔豊間⇔江名⇔小名浜⇔泉駅⇔いわき秀英高校, 小名浜⇔江名⇔豊間⇔いわき駅⇔平商前, 江名⇔中央営業所⇔鹿島⇔高専前"
泉ヶ丘三丁目,新常磐交通（株）,泉ヶ丘三丁目〜泉もえぎ台
大原,新常磐交通（株）,"いわき駅〜（医療センター）〜湯本東口〜（玉川団地）〜小名浜, いわき駅⇔湯本東口⇔小名浜海星高校, 小名浜⇔湯本東口⇔磐城一高, 小名浜⇔玉川団地⇔鹿島⇔いわき駅⇔昌平中高前, 小名浜⇔玉川団地⇔ニュータウン⇔平工業高校, 小名浜⇔玉川団地⇔鹿島⇔いわき駅⇔平商前, 小名浜⇔大原⇔玉川団地⇔鹿島⇔高専前"
岡小名,新常磐交通（株）,"ラパーク〜鹿島ショッピングセンター〜小名浜, いわき駅〜若葉台・ニュータウン〜鹿島〜小名浜〜洋向台, いわき駅⇔鹿島⇔小名浜海星高校, ラパークいわき⇔鹿島⇔小名浜海星高校, 泉駅⇔いわき光洋高校, 小名浜⇔鹿島⇔ニュータウン⇔平工前⇔昌平中高前, 郷ヶ丘⇔飯野二丁目⇔泉駅⇔いわき秀英高校, ニュータウン⇔中央台鹿島⇔泉駅⇔いわき秀英高校, いわき秀英高校⇒泉駅⇒ニュータウン⇒郷ヶ丘, 小名浜⇔鹿島⇔高専前"
河原,福島交通（株）,"東舘線, 棚倉・塙線"
常豊小学校,福島交通（株）,"出戸線［塙厚生病院・堀越経由］, 塙・鮫川線, 出戸線［塙厚生病院・塙小経由］"
洋向台中央,新常磐交通（株）,"いわき駅〜若葉台・ニュータウン〜鹿島〜小名浜〜洋向台, いわき駅⇔豊間⇔江名⇔小名浜"
中山,新常磐交通（株）,"湯本〜上遠野〜植田, 井戸沢〜中山"
江ノ浦,新常磐交通（株）,"いわき駅〜豊間〜江名〜小名浜〜泉駅, いわき駅⇔豊間⇔江名⇔小名浜, 西原⇔江名⇔小名浜⇔泉駅⇔湯本高校, 小名浜⇔江名⇔豊間⇔いわき光洋高校, 泉駅⇒小名浜⇒江名⇒豊間⇒平工業高校, 西原⇔豊間⇔江名⇔小名浜⇔泉駅⇔いわき秀英高校, 小名浜⇔江名⇔豊間⇔いわき駅⇔平商前"
洋向台南,新常磐交通（株）,"いわき駅〜若葉台・ニュータウン〜鹿島〜小名浜〜洋向台, いわき駅⇔豊間⇔江名⇔小名浜"
泉ヶ丘中央公園前,新常磐交通（株）,泉ヶ丘三丁目〜泉もえぎ台
赤坂,福島交通（株）,"出戸線［塙厚生病院・堀越経由］, 塙・鮫川線, 出戸線［塙厚生病院・塙小経由］"
岸,新常磐交通（株）,"ラパーク〜鹿島ショッピングセンター〜小名浜, いわき駅〜若葉台・ニュータウン〜鹿島〜小名浜〜洋向台, いわき駅⇔鹿島⇔小名浜海星高校, ラパークいわき⇔鹿島⇔小名浜海星高校, 泉駅⇔いわき光洋高校, 小名浜⇔鹿島⇔ニュータウン⇔平工前⇔昌平中高前, 郷ヶ丘⇔飯野二丁目⇔泉駅⇔いわき秀英高校, ニュータウン⇔中央台鹿島⇔泉駅⇔いわき秀英高校, いわき秀英高校⇒泉駅⇒ニュータウン⇒郷ヶ丘, 小名浜⇔鹿島⇔高専前"
小名浜一中,新常磐交通（株）,泉駅⇔いわき光洋高校
鳳城,新常磐交通（株）,"湯本〜上遠野〜植田, 井戸沢〜中山"
岸浦,新常磐交通（株）,"いわき駅〜豊間〜江名〜小名浜〜泉駅, いわき駅⇔豊間⇔江名⇔小名浜, 西原⇔江名⇔小名浜⇔泉駅⇔湯本高校, 小名浜⇔江名⇔豊間⇔いわき光洋高校, 泉駅⇒小名浜⇒江名⇒豊間⇒平工業高校, 西原⇔豊間⇔江名⇔小名浜⇔泉駅⇔いわき秀英高校, 小名浜⇔江名⇔豊間⇔いわき駅⇔平商前"
六反田,新常磐交通（株）,"いわき駅〜（医療センター）〜湯本東口〜（玉川団地）〜小名浜, いわき駅⇔湯本東口⇔小名浜海星高校, 泉駅⇔いわき光洋高校, 小名浜⇔湯本東口⇔磐城一高, 小名浜⇔玉川団地⇔鹿島⇔いわき駅⇔昌平中高前, 小名浜⇔玉川団地⇔ニュータウン⇔平工業高校, 小名浜⇔玉川団地⇔鹿島⇔いわき駅⇔平商前, 小名浜⇔大原⇔玉川団地⇔鹿島⇔高専前"
折戸,新常磐交通（株）,"いわき駅〜豊間〜江名〜小名浜〜泉駅, いわき駅⇔豊間⇔江名⇔小名浜, 西原⇔江名⇔小名浜⇔泉駅⇔湯本高校, 小名浜⇔江名⇔豊間⇔いわき光洋高校, 泉駅⇒小名浜⇒江名⇒豊間⇒平工業高校, 西原⇔豊間⇔江名⇔小名浜⇔泉駅⇔いわき秀英高校, 小名浜⇔江名⇔豊間⇔いわき駅⇔平商前"
川岸,新常磐交通（株）,"いわき駅〜豊間〜江名〜小名浜〜泉駅, いわき駅⇔豊間⇔江名⇔小名浜, 西原⇔江名⇔小名浜⇔泉駅⇔湯本高校, 小名浜⇔江名⇔豊間⇔いわき光洋高校, 泉駅⇒小名浜⇒江名⇒豊間⇒平工業高校, 西原⇔豊間⇔江名⇔小名浜⇔泉駅⇔いわき秀英高校, 小名浜⇔江名⇔豊間⇔いわき駅⇔平商前"
石名坊,新常磐交通（株）,"湯本〜上遠野〜植田, 井戸沢〜中山"
塙厚生病院,福島交通（株）,"出戸線［塙厚生病院・堀越経由］, 佐ヶ草線［塙厚生病院・竹の内経由］, 佐ヶ草線［塙厚生病院経由］, 佐ヶ草線［塙厚生病院・下植田経由］, 塙・鮫川線, 片貝線［塙厚生病院・湯遊ランド経由］, 矢塚線［塙厚生病院・竹の内・南田代・平野経由］, 片貝線［塙厚生病院経由］, 那倉線［塙厚生病院・竹の内経由］, 那倉線［塙厚生病院経由］, 東舘線, 棚倉・塙線, 矢塚線［塙厚生病院・南田代・平野経由］, 出戸線［塙厚生病院・塙小経由］"
原木田,新常磐交通（株）,泉駅⇔いわき光洋高校
小名浜一小,新常磐交通（株）,"ラパーク〜鹿島ショッピングセンター〜小名浜, いわき駅〜若葉台・ニュータウン〜鹿島〜小名浜〜洋向台, いわき駅⇔鹿島⇔小名浜海星高校, ラパークいわき⇔鹿島⇔小名浜海星高校, 泉駅⇔いわき光洋高校, 小名浜⇔鹿島⇔ニュータウン⇔平工前⇔昌平中高前, 郷ヶ丘⇔飯野二丁目⇔泉駅⇔いわき秀英高校, ニュータウン⇔中央台鹿島⇔泉駅⇔いわき秀英高校, いわき秀英高校⇒泉駅⇒ニュータウン⇒郷ヶ丘, 小名浜⇔鹿島⇔高専前"
竹の内,福島交通（株）,"出戸線［塙厚生病院・堀越経由］, 佐ヶ草線［竹の内・下植田経由］, 佐ヶ草線［塙厚生病院・竹の内経由］, 塙・鮫川線, 矢塚線［竹の内・南田代・平野経由］, 矢塚線［竹の内・平野経由］, 矢塚線［塙厚生病院・竹の内・南田代・平野経由］, 那倉線［竹の内経由］, 那倉線［塙厚生病院・竹の内経由］, 出戸線［塙厚生病院・塙小経由］"
甲新地,新常磐交通（株）,"いわき駅〜（医療センター）〜湯本東口〜（玉川団地）〜小名浜, いわき駅⇔湯本東口⇔小名浜海星高校, 泉駅⇔いわき光洋高校, 小名浜⇔湯本東口⇔磐城一高, 小名浜⇔玉川団地⇔鹿島⇔いわき駅⇔昌平中高前, 小名浜⇔玉川団地⇔ニュータウン⇔平工業高校, 小名浜⇔玉川団地⇔鹿島⇔いわき駅⇔平商前, 小名浜⇔大原⇔玉川団地⇔鹿島⇔高専前"
塙駅前,福島交通（株）,"出戸線［塙厚生病院・堀越経由］, 塙・佐ヶ草線, 佐ヶ草線［竹の内・下植田経由］, 佐ヶ草線［塙厚生病院・竹の内経由］, 佐ヶ草線［塙厚生病院経由］, 佐ヶ草線［塙厚生病院・下植田経由］, 塙・鮫川線, 塙・矢塚線, 矢塚線［竹の内・南田代・平野経由］, 片貝線［塙厚生病院・湯遊ランド経由］, 矢塚線［湯遊ランド経由］, 矢塚線［竹の内・平野経由］, 矢塚線［塙厚生病院・竹の内・南田代・平野経由］, 矢塚線［南田代・平野経由］, 片貝線［塙厚生病院経由］, 塙・那倉線, 那倉線［竹の内経由］, 那倉線［塙厚生病院・竹の内経由］, 那倉線［塙厚生病院経由］, 東舘線, 棚倉・塙線, 矢塚線［塙厚生病院・南田代・平野経由］, 出戸線［塙厚生病院・塙小経由］"
江名中前,新常磐交通（株）,"いわき駅〜豊間〜江名〜小名浜〜泉駅, いわき駅⇔豊間⇔江名⇔小名浜, 西原⇔江名⇔小名浜⇔泉駅⇔湯本高校, 小名浜⇔江名⇔豊間⇔いわき光洋高校, 泉駅⇒小名浜⇒江名⇒豊間⇒平工業高校, 西原⇔豊間⇔江名⇔小名浜⇔泉駅⇔いわき秀英高校, 小名浜⇔江名⇔豊間⇔いわき駅⇔平商前"
西前原,新常磐交通（株）,泉駅⇔いわき光洋高校
安行,新常磐交通（株）,"湯本〜上遠野〜植田, 井戸沢〜中山"
栄町,福島交通（株）,"出戸線［塙厚生病院・堀越経由］, 塙・佐ヶ草線, 佐ヶ草線［竹の内・下植田経由］, 佐ヶ草線［塙厚生病院・竹の内経由］, 佐ヶ草線［塙厚生病院経由］, 佐ヶ草線［塙厚生病院・下植田経由］, 塙・鮫川線, 塙・矢塚線, 矢塚線［竹の内・南田代・平野経由］, 片貝線［塙厚生病院・湯遊ランド経由］, 矢塚線［湯遊ランド経由］, 矢塚線［竹の内・平野経由］, 矢塚線［塙厚生病院・竹の内・南田代・平野経由］, 矢塚線［南田代・平野経由］, 片貝線［塙厚生病院経由］, 塙・那倉線, 那倉線［竹の内経由］, 那倉線［塙厚生病院・竹の内経由］, 那倉線［塙厚生病院経由］, 矢塚線［塙厚生病院・南田代・平野経由］"
大町,福島交通（株）,"佐ヶ草線［竹の内・下植田経由］, 東舘線, 出戸線［塙厚生病院・塙小経由］"
川畑,新常磐交通（株）,"いわき駅〜豊間〜江名〜小名浜〜泉駅, いわき駅⇔豊間⇔江名⇔小名浜, 西原⇔江名⇔小名浜⇔泉駅⇔湯本高校, 小名浜⇔江名⇔豊間⇔いわき光洋高校, 泉駅⇒小名浜⇒江名⇒豊間⇒平工業高校, 西原⇔豊間⇔江名⇔小名浜⇔泉駅⇔いわき秀英高校, 小名浜⇔江名⇔豊間⇔いわき駅⇔平商前"
泉駅北口,新常磐交通（株）,泉ヶ丘三丁目〜泉もえぎ台
新地,新常磐交通（株）,"いわき駅〜（医療センター）〜湯本東口〜（玉川団地）〜小名浜, いわき駅⇔湯本東口⇔小名浜海星高校, 泉駅⇔いわき光洋高校, 小名浜⇔湯本東口⇔磐城一高, 小名浜⇔玉川団地⇔鹿島⇔いわき駅⇔昌平中高前, 小名浜⇔玉川団地⇔ニュータウン⇔平工業高校, 小名浜⇔玉川団地⇔鹿島⇔いわき駅⇔平商前, 小名浜⇔大原⇔玉川団地⇔鹿島⇔高専前"
三丁目,福島交通（株）,"出戸線［塙厚生病院・堀越経由］, 塙・佐ヶ草線, 佐ヶ草線［竹の内・下植田経由］, 佐ヶ草線［塙厚生病院・竹の内経由］, 佐ヶ草線［塙厚生病院経由］, 佐ヶ草線［塙厚生病院・下植田経由］, 塙・鮫川線, 塙・矢塚線, 矢塚線［竹の内・南田代・平野経由］, 片貝線［塙厚生病院・湯遊ランド経由］, 矢塚線［湯遊ランド経由］, 矢塚線［竹の内・平野経由］, 矢塚線［塙厚生病院・竹の内・南田代・平野経由］, 矢塚線［南田代・平野経由］, 片貝線［塙厚生病院経由］, 塙・那倉線, 那倉線［竹の内経由］, 那倉線［塙厚生病院・竹の内経由］, 那倉線［塙厚生病院経由］, 矢塚線［塙厚生病院・南田代・平野経由］"
塙小学校,福島交通（株）,出戸線［塙厚生病院・塙小経由］
永崎,新常磐交通（株）,"いわき駅〜豊間〜江名〜小名浜〜泉駅, いわき駅⇔豊間⇔江名⇔小名浜, 西原⇔江名⇔小名浜⇔泉駅⇔湯本高校, 小名浜⇔江名⇔豊間⇔いわき光洋高校, 泉駅⇒小名浜⇒江名⇒豊間⇒平工業高校, 西原⇔豊間⇔江名⇔小名浜⇔泉駅⇔いわき秀英高校, 小名浜⇔江名⇔豊間⇔いわき駅⇔平商前"
台宿入口,福島交通（株）,"塙・佐ヶ草線, 佐ヶ草線［竹の内・下植田経由］, 佐ヶ草線［塙厚生病院・竹の内経由］, 佐ヶ草線［塙厚生病院経由］, 佐ヶ草線［塙厚生病院・下植田経由］, 東舘線, 出戸線［塙厚生病院・塙小経由］"
泉駅前,新常磐交通（株）,"いわき駅〜豊間〜江名〜小名浜〜泉駅, 泉駅⇔小名浜⇔小名浜海星高校, 西原⇔江名⇔小名浜⇔泉駅⇔湯本高校, 泉駅⇔いわき光洋高校, 泉駅⇒小名浜⇒江名⇒豊間⇒平工業高校, 郷ヶ丘⇔飯野二丁目⇔泉駅⇔いわき秀英高校, ニュータウン⇔中央台鹿島⇔泉駅⇔いわき秀英高校, いわき秀英高校⇒泉駅⇒ニュータウン⇒郷ヶ丘, 西原⇔豊間⇔江名⇔小名浜⇔泉駅⇔いわき秀英高校, 泉ヶ丘三丁目〜泉もえぎ台, （直行）泉駅→イオンモール"
支所前,新常磐交通（株）,"ラパーク〜鹿島ショッピングセンター〜小名浜, いわき駅〜若葉台・ニュータウン〜鹿島〜小名浜〜洋向台, いわき駅⇔鹿島⇔小名浜海星高校, ラパークいわき⇔鹿島⇔小名浜海星高校, 泉駅⇔いわき光洋高校, 小名浜⇔鹿島⇔ニュータウン⇔平工前⇔昌平中高前, 郷ヶ丘⇔飯野二丁目⇔泉駅⇔いわき秀英高校, ニュータウン⇔中央台鹿島⇔泉駅⇔いわき秀英高校, いわき秀英高校⇒泉駅⇒ニュータウン⇒郷ヶ丘, 小名浜⇔鹿島⇔高専前"
定の田,新常磐交通（株）,"いわき駅〜豊間〜江名〜小名浜〜泉駅, 泉駅⇔小名浜⇔小名浜海星高校, 西原⇔江名⇔小名浜⇔泉駅⇔湯本高校, 泉駅⇔いわき光洋高校, 泉駅⇒小名浜⇒江名⇒豊間⇒平工業高校, 郷ヶ丘⇔飯野二丁目⇔泉駅⇔いわき秀英高校, ニュータウン⇔中央台鹿島⇔泉駅⇔いわき秀英高校, いわき秀英高校⇒泉駅⇒ニュータウン⇒郷ヶ丘, 西原⇔豊間⇔江名⇔小名浜⇔泉駅⇔いわき秀英高校, 泉ヶ丘三丁目〜泉もえぎ台"
泉ショッピングセンター,新常磐交通（株）,"いわき駅〜豊間〜江名〜小名浜〜泉駅, 泉駅⇔小名浜⇔小名浜海星高校, 西原⇔江名⇔小名浜⇔泉駅⇔湯本高校, 泉駅⇔いわき光洋高校, 泉駅⇒小名浜⇒江名⇒豊間⇒平工業高校, 郷ヶ丘⇔飯野二丁目⇔泉駅⇔いわき秀英高校, ニュータウン⇔中央台鹿島⇔泉駅⇔いわき秀英高校, いわき秀英高校⇒泉駅⇒ニュータウン⇒郷ヶ丘, 西原⇔豊間⇔江名⇔小名浜⇔泉駅⇔いわき秀英高校, 泉ヶ丘三丁目〜泉もえぎ台"
万治,新常磐交通（株）,"湯本〜上遠野〜植田, 井戸沢〜中山"
板庭下,福島交通（株）,"塙・矢塚線, 矢塚線［竹の内・南田代・平野経由］, 片貝線［塙厚生病院・湯遊ランド経由］, 矢塚線［湯遊ランド経由］, 矢塚線［竹の内・平野経由］, 矢塚線［塙厚生病院・竹の内・南田代・平野経由］, 矢塚線［南田代・平野経由］, 片貝線［塙厚生病院経由］, 塙・那倉線, 那倉線［竹の内経由］, 那倉線［塙厚生病院・竹の内経由］, 那倉線［塙厚生病院経由］, 矢塚線［塙厚生病院・南田代・平野経由］"
釜藤,福島交通（株）,"出戸線［塙厚生病院・堀越経由］, 佐ヶ草線［竹の内・下植田経由］, 佐ヶ草線［塙厚生病院・竹の内経由］, 塙・鮫川線, 塙・矢塚線, 矢塚線［竹の内・南田代・平野経由］, 片貝線［塙厚生病院・湯遊ランド経由］, 矢塚線［湯遊ランド経由］, 矢塚線［竹の内・平野経由］, 矢塚線［塙厚生病院・竹の内・南田代・平野経由］, 矢塚線［南田代・平野経由］, 片貝線［塙厚生病院経由］, 塙・那倉線, 那倉線［竹の内経由］, 那倉線［塙厚生病院・竹の内経由］, 那倉線［塙厚生病院経由］, 矢塚線［塙厚生病院・南田代・平野経由］, 出戸線［塙厚生病院・塙小経由］"
滝尻交差点,新常磐交通（株）,"いわき駅〜豊間〜江名〜小名浜〜泉駅, 泉駅⇔小名浜⇔小名浜海星高校, 西原⇔江名⇔小名浜⇔泉駅⇔湯本高校, 泉駅⇔いわき光洋高校, 泉駅⇒小名浜⇒江名⇒豊間⇒平工業高校, 郷ヶ丘⇔飯野二丁目⇔泉駅⇔いわき秀英高校, ニュータウン⇔中央台鹿島⇔泉駅⇔いわき秀英高校, いわき秀英高校⇒泉駅⇒ニュータウン⇒郷ヶ丘, 西原⇔豊間⇔江名⇔小名浜⇔泉駅⇔いわき秀英高校, 泉ヶ丘三丁目〜泉もえぎ台"
板庭,福島交通（株）,"塙・矢塚線, 矢塚線［竹の内・南田代・平野経由］, 片貝線［塙厚生病院・湯遊ランド経由］, 矢塚線［湯遊ランド経由］, 矢塚線［竹の内・平野経由］, 矢塚線［塙厚生病院・竹の内・南田代・平野経由］, 矢塚線［南田代・平野経由］, 片貝線［塙厚生病院経由］, 塙・那倉線, 那倉線［竹の内経由］, 那倉線［塙厚生病院・竹の内経由］, 那倉線［塙厚生病院経由］, 矢塚線［塙厚生病院・南田代・平野経由］"
大平,新常磐交通（株）,"いわき駅〜若葉台・ニュータウン〜鹿島〜小名浜〜洋向台, いわき駅〜豊間〜江名〜小名浜〜泉駅, いわき駅⇔豊間⇔江名⇔小名浜, 西原⇔江名⇔小名浜⇔泉駅⇔湯本高校, 小名浜⇔江名⇔豊間⇔いわき光洋高校, 泉駅⇒小名浜⇒江名⇒豊間⇒平工業高校, 西原⇔豊間⇔江名⇔小名浜⇔泉駅⇔いわき秀英高校, 小名浜⇔江名⇔豊間⇔いわき駅⇔平商前"
上町,福島交通（株）,"出戸線［塙厚生病院・堀越経由］, 佐ヶ草線［竹の内・下植田経由］, 佐ヶ草線［塙厚生病院・竹の内経由］, 塙・鮫川線, 塙・矢塚線, 矢塚線［竹の内・南田代・平野経由］, 片貝線［塙厚生病院・湯遊ランド経由］, 矢塚線［湯遊ランド経由］, 矢塚線［竹の内・平野経由］, 矢塚線［塙厚生病院・竹の内・南田代・平野経由］, 矢塚線［南田代・平野経由］, 片貝線［塙厚生病院経由］, 塙・那倉線, 那倉線［竹の内経由］, 那倉線［塙厚生病院・竹の内経由］, 那倉線［塙厚生病院経由］, 矢塚線［塙厚生病院・南田代・平野経由］, 出戸線［塙厚生病院・塙小経由］"
市民会館入口,新常磐交通（株）,"いわき駅〜（医療センター）〜湯本東口〜（玉川団地）〜小名浜, いわき駅⇔湯本東口⇔小名浜海星高校, 泉駅⇔いわき光洋高校, 小名浜⇔湯本東口⇔磐城一高, 小名浜⇔玉川団地⇔鹿島⇔いわき駅⇔昌平中高前, 小名浜⇔玉川団地⇔ニュータウン⇔平工業高校, 小名浜⇔玉川団地⇔鹿島⇔いわき駅⇔平商前, 小名浜⇔大原⇔玉川団地⇔鹿島⇔高専前"
滝尻,新常磐交通（株）,"いわき駅〜豊間〜江名〜小名浜〜泉駅, 泉駅⇔小名浜⇔小名浜海星高校, 西原⇔江名⇔小名浜⇔泉駅⇔湯本高校, 泉駅⇔いわき光洋高校, 泉駅⇒小名浜⇒江名⇒豊間⇒平工業高校, 郷ヶ丘⇔飯野二丁目⇔泉駅⇔いわき秀英高校, ニュータウン⇔中央台鹿島⇔泉駅⇔いわき秀英高校, いわき秀英高校⇒泉駅⇒ニュータウン⇒郷ヶ丘, 西原⇔豊間⇔江名⇔小名浜⇔泉駅⇔いわき秀英高校"
本町,福島交通（株）,"出戸線［塙厚生病院・堀越経由］, 塙・佐ヶ草線, 佐ヶ草線［竹の内・下植田経由］, 佐ヶ草線［塙厚生病院・竹の内経由］, 佐ヶ草線［塙厚生病院経由］, 佐ヶ草線［塙厚生病院・下植田経由］, 塙・鮫川線, 塙・矢塚線, 矢塚線［竹の内・南田代・平野経由］, 片貝線［塙厚生病院・湯遊ランド経由］, 矢塚線［湯遊ランド経由］, 矢塚線［竹の内・平野経由］, 矢塚線［塙厚生病院・竹の内・南田代・平野経由］, 矢塚線［南田代・平野経由］, 片貝線［塙厚生病院経由］, 塙・那倉線, 那倉線［竹の内経由］, 那倉線［塙厚生病院・竹の内経由］, 那倉線［塙厚生病院経由］, 矢塚線［塙厚生病院・南田代・平野経由］"
代官町,福島交通（株）,"塙・佐ヶ草線, 佐ヶ草線［塙厚生病院・竹の内経由］, 佐ヶ草線［塙厚生病院経由］, 佐ヶ草線［塙厚生病院・下植田経由］, 東舘線, 出戸線［塙厚生病院・塙小経由］"
滝尻松原,新常磐交通（株）,"いわき駅〜豊間〜江名〜小名浜〜泉駅, 泉駅⇔小名浜⇔小名浜海星高校, 西原⇔江名⇔小名浜⇔泉駅⇔湯本高校, 泉駅⇔いわき光洋高校, 泉駅⇒小名浜⇒江名⇒豊間⇒平工業高校, 郷ヶ丘⇔飯野二丁目⇔泉駅⇔いわき秀英高校, ニュータウン⇔中央台鹿島⇔泉駅⇔いわき秀英高校, いわき秀英高校⇒泉駅⇒ニュータウン⇒郷ヶ丘, 西原⇔豊間⇔江名⇔小名浜⇔泉駅⇔いわき秀英高校"
毛内,新常磐交通（株）,"湯本〜上遠野〜植田, 井戸沢〜中山"
台宿三ツ角,福島交通（株）,"塙・佐ヶ草線, 佐ヶ草線［竹の内・下植田経由］, 佐ヶ草線［塙厚生病院・竹の内経由］, 佐ヶ草線［塙厚生病院経由］, 佐ヶ草線［塙厚生病院・下植田経由］"
中塚入口,福島交通（株）,"塙・矢塚線, 矢塚線［竹の内・南田代・平野経由］, 片貝線［塙厚生病院・湯遊ランド経由］, 矢塚線［湯遊ランド経由］, 矢塚線［竹の内・平野経由］, 矢塚線［塙厚生病院・竹の内・南田代・平野経由］, 矢塚線［南田代・平野経由］, 片貝線［塙厚生病院経由］, 塙・那倉線, 那倉線［竹の内経由］, 那倉線［塙厚生病院・竹の内経由］, 那倉線［塙厚生病院経由］, 矢塚線［塙厚生病院・南田代・平野経由］"
上山田,新常磐交通（株）,"湯本〜上遠野〜植田, 井戸沢〜中山"
支所入口（NTT前）,新常磐交通（株）,"小名浜⇔鹿島⇔ニュータウン⇔平工前⇔昌平中高前, いわき秀英高校⇒泉駅⇒ニュータウン⇒郷ヶ丘, 小名浜⇔鹿島⇔高専前"
泉市民サービスセンター,新常磐交通（株）,泉ヶ丘三丁目〜泉もえぎ台
台宿,福島交通（株）,"塙・佐ヶ草線, 佐ヶ草線［竹の内・下植田経由］, 佐ヶ草線［塙厚生病院・竹の内経由］, 佐ヶ草線［塙厚生病院経由］, 佐ヶ草線［塙厚生病院・下植田経由］"
吉川橋,新常磐交通（株）,"いわき駅〜豊間〜江名〜小名浜〜泉駅, 泉駅⇔小名浜⇔小名浜海星高校, 西原⇔江名⇔小名浜⇔泉駅⇔湯本高校, 泉駅⇔いわき光洋高校, 泉駅⇒小名浜⇒江名⇒豊間⇒平工業高校, 郷ヶ丘⇔飯野二丁目⇔泉駅⇔いわき秀英高校, ニュータウン⇔中央台鹿島⇔泉駅⇔いわき秀英高校, いわき秀英高校⇒泉駅⇒ニュータウン⇒郷ヶ丘, 西原⇔豊間⇔江名⇔小名浜⇔泉駅⇔いわき秀英高校"
橋出,新常磐交通（株）,"いわき駅〜若葉台・ニュータウン〜鹿島〜小名浜〜洋向台, いわき駅〜豊間〜江名〜小名浜〜泉駅, いわき駅⇔豊間⇔江名⇔小名浜, 西原⇔江名⇔小名浜⇔泉駅⇔湯本高校, 小名浜⇔江名⇔豊間⇔いわき光洋高校, 泉駅⇒小名浜⇒江名⇒豊間⇒平工業高校, 西原⇔豊間⇔江名⇔小名浜⇔泉駅⇔いわき秀英高校, 小名浜⇔江名⇔豊間⇔いわき駅⇔平商前"
桜木町,福島交通（株）,東舘線
信用金庫,新常磐交通（株）,"いわき駅〜豊間〜江名〜小名浜〜泉駅, いわき駅〜（医療センター）〜湯本東口〜（玉川団地）〜小名浜, いわき駅⇔湯本東口⇔小名浜海星高校, 泉駅⇔小名浜⇔小名浜海星高校, 西原⇔江名⇔小名浜⇔泉駅⇔湯本高校, 小名浜⇔湯本東口⇔磐城一高, 小名浜⇔玉川団地⇔鹿島⇔いわき駅⇔昌平中高前, 小名浜⇔玉川団地⇔ニュータウン⇔平工業高校, 泉駅⇒小名浜⇒江名⇒豊間⇒平工業高校, 郷ヶ丘⇔飯野二丁目⇔泉駅⇔いわき秀英高校, ニュータウン⇔中央台鹿島⇔泉駅⇔いわき秀英高校, いわき秀英高校⇒泉駅⇒ニュータウン⇒郷ヶ丘, 西原⇔豊間⇔江名⇔小名浜⇔泉駅⇔いわき秀英高校, 小名浜⇔玉川団地⇔鹿島⇔いわき駅⇔平商前, 小名浜⇔大原⇔玉川団地⇔鹿島⇔高専前"
大東銀行,新常磐交通（株）,"いわき駅〜豊間〜江名〜小名浜〜泉駅, いわき駅〜（医療センター）〜湯本東口〜（玉川団地）〜小名浜, いわき駅⇔湯本東口⇔小名浜海星高校, 泉駅⇔小名浜⇔小名浜海星高校, 西原⇔江名⇔小名浜⇔泉駅⇔湯本高校, 小名浜⇔湯本東口⇔磐城一高, 小名浜⇔玉川団地⇔鹿島⇔いわき駅⇔昌平中高前, 小名浜⇔玉川団地⇔ニュータウン⇔平工業高校, 泉駅⇒小名浜⇒江名⇒豊間⇒平工業高校, 郷ヶ丘⇔飯野二丁目⇔泉駅⇔いわき秀英高校, ニュータウン⇔中央台鹿島⇔泉駅⇔いわき秀英高校, いわき秀英高校⇒泉駅⇒ニュータウン⇒郷ヶ丘, 西原⇔豊間⇔江名⇔小名浜⇔泉駅⇔いわき秀英高校, 小名浜⇔玉川団地⇔鹿島⇔いわき駅⇔平商前, 小名浜⇔大原⇔玉川団地⇔鹿島⇔高専前"
三菱ケミカル,新常磐交通（株）,"いわき駅〜（医療センター）〜湯本東口〜（玉川団地）〜小名浜, いわき駅⇔湯本東口⇔小名浜海星高校, 泉駅⇔小名浜⇔小名浜海星高校, 泉駅⇔いわき光洋高校, 小名浜⇔湯本東口⇔磐城一高, 小名浜⇔玉川団地⇔鹿島⇔いわき駅⇔昌平中高前, 小名浜⇔玉川団地⇔ニュータウン⇔平工業高校, 泉駅⇒小名浜⇒江名⇒豊間⇒平工業高校, いわき秀英高校⇒泉駅⇒ニュータウン⇒郷ヶ丘, 小名浜⇔玉川団地⇔鹿島⇔いわき駅⇔平商前, 小名浜⇔大原⇔玉川団地⇔鹿島⇔高専前"
支所入口,新常磐交通（株）,"ラパーク〜鹿島ショッピングセンター〜小名浜, いわき駅〜若葉台・ニュータウン〜鹿島〜小名浜〜洋向台, いわき駅〜豊間〜江名〜小名浜〜泉駅, いわき駅〜（医療センター）〜湯本東口〜（玉川団地）〜小名浜, いわき駅⇔鹿島⇔小名浜海星高校, ラパークいわき⇔鹿島⇔小名浜海星高校, いわき駅⇔湯本東口⇔小名浜海星高校, 泉駅⇔小名浜⇔小名浜海星高校, 西原⇔江名⇔小名浜⇔泉駅⇔湯本高校, 小名浜⇔湯本東口⇔磐城一高, 小名浜⇔玉川団地⇔鹿島⇔いわき駅⇔昌平中高前, 小名浜⇔鹿島⇔ニュータウン⇔平工前⇔昌平中高前, 小名浜⇔玉川団地⇔ニュータウン⇔平工業高校, 泉駅⇒小名浜⇒江名⇒豊間⇒平工業高校, 郷ヶ丘⇔飯野二丁目⇔泉駅⇔いわき秀英高校, ニュータウン⇔中央台鹿島⇔泉駅⇔いわき秀英高校, いわき秀英高校⇒泉駅⇒ニュータウン⇒郷ヶ丘, 西原⇔豊間⇔江名⇔小名浜⇔泉駅⇔いわき秀英高校, 小名浜⇔玉川団地⇔鹿島⇔いわき駅⇔平商前, 小名浜⇔大原⇔玉川団地⇔鹿島⇔高専前, 小名浜⇔鹿島⇔高専前"
松之中,新常磐交通（株）,"いわき駅〜豊間〜江名〜小名浜〜泉駅, 泉駅⇔小名浜⇔小名浜海星高校, 西原⇔江名⇔小名浜⇔泉駅⇔湯本高校, 泉駅⇔いわき光洋高校, 泉駅⇒小名浜⇒江名⇒豊間⇒平工業高校, 郷ヶ丘⇔飯野二丁目⇔泉駅⇔いわき秀英高校, ニュータウン⇔中央台鹿島⇔泉駅⇔いわき秀英高校, いわき秀英高校⇒泉駅⇒ニュータウン⇒郷ヶ丘, 西原⇔豊間⇔江名⇔小名浜⇔泉駅⇔いわき秀英高校"
小名浜案内所,新常磐交通（株）,"ラパーク〜鹿島ショッピングセンター〜小名浜, いわき駅〜若葉台・ニュータウン〜鹿島〜小名浜〜洋向台, いわき駅〜豊間〜江名〜小名浜〜泉駅, いわき駅〜（医療センター）〜湯本東口〜（玉川団地）〜小名浜, いわき駅⇔鹿島⇔小名浜海星高校, ラパークいわき⇔鹿島⇔小名浜海星高校, いわき駅⇔湯本東口⇔小名浜海星高校, 泉駅⇔小名浜⇔小名浜海星高校, 西原⇔江名⇔小名浜⇔泉駅⇔湯本高校, 小名浜⇔湯本東口⇔磐城一高, 小名浜⇔玉川団地⇔鹿島⇔いわき駅⇔昌平中高前, 小名浜⇔鹿島⇔ニュータウン⇔平工前⇔昌平中高前, 小名浜⇔玉川団地⇔ニュータウン⇔平工業高校, 泉駅⇒小名浜⇒江名⇒豊間⇒平工業高校, 西原⇔豊間⇔江名⇔小名浜⇔泉駅⇔いわき秀英高校, 小名浜⇔玉川団地⇔鹿島⇔いわき駅⇔平商前, 小名浜⇔大原⇔玉川団地⇔鹿島⇔高専前, 小名浜⇔鹿島⇔高専前"
小名川橋,新常磐交通（株）,"ラパーク〜鹿島ショッピングセンター〜小名浜, いわき駅〜若葉台・ニュータウン〜鹿島〜小名浜〜洋向台, いわき駅〜豊間〜江名〜小名浜〜泉駅, いわき駅〜（医療センター）〜湯本東口〜（玉川団地）〜小名浜, いわき駅⇔鹿島⇔小名浜海星高校, ラパークいわき⇔鹿島⇔小名浜海星高校, いわき駅⇔湯本東口⇔小名浜海星高校, 泉駅⇔小名浜⇔小名浜海星高校, 西原⇔江名⇔小名浜⇔泉駅⇔湯本高校, 小名浜⇔湯本東口⇔磐城一高, 小名浜⇔玉川団地⇔鹿島⇔いわき駅⇔昌平中高前, 小名浜⇔鹿島⇔ニュータウン⇔平工前⇔昌平中高前, 小名浜⇔玉川団地⇔ニュータウン⇔平工業高校, 泉駅⇒小名浜⇒江名⇒豊間⇒平工業高校, 西原⇔豊間⇔江名⇔小名浜⇔泉駅⇔いわき秀英高校, 小名浜⇔玉川団地⇔鹿島⇔いわき駅⇔平商前, 小名浜⇔大原⇔玉川団地⇔鹿島⇔高専前, 小名浜⇔鹿島⇔高専前"
神白橋,新常磐交通（株）,"ラパーク〜鹿島ショッピングセンター〜小名浜, いわき駅〜若葉台・ニュータウン〜鹿島〜小名浜〜洋向台, いわき駅〜豊間〜江名〜小名浜〜泉駅, いわき駅〜（医療センター）〜湯本東口〜（玉川団地）〜小名浜, いわき駅⇔鹿島⇔小名浜海星高校, ラパークいわき⇔鹿島⇔小名浜海星高校, いわき駅⇔湯本東口⇔小名浜海星高校, 泉駅⇔小名浜⇔小名浜海星高校, 西原⇔江名⇔小名浜⇔泉駅⇔湯本高校, 小名浜⇔江名⇔豊間⇔いわき光洋高校, 泉駅⇒小名浜⇒江名⇒豊間⇒平工業高校, 西原⇔豊間⇔江名⇔小名浜⇔泉駅⇔いわき秀英高校, 小名浜⇔江名⇔豊間⇔いわき駅⇔平商前"
いわき秀英高校,新常磐交通（株）,"郷ヶ丘⇔飯野二丁目⇔泉駅⇔いわき秀英高校, ニュータウン⇔中央台鹿島⇔泉駅⇔いわき秀英高校, いわき秀英高校⇒泉駅⇒ニュータウン⇒郷ヶ丘, 西原⇔豊間⇔江名⇔小名浜⇔泉駅⇔いわき秀英高校"
宮下,新常磐交通（株）,"いわき駅〜豊間〜江名〜小名浜〜泉駅, 泉駅⇔小名浜⇔小名浜海星高校, 西原⇔江名⇔小名浜⇔泉駅⇔湯本高校, 泉駅⇔いわき光洋高校, 泉駅⇒小名浜⇒江名⇒豊間⇒平工業高校, 郷ヶ丘⇔飯野二丁目⇔泉駅⇔いわき秀英高校, ニュータウン⇔中央台鹿島⇔泉駅⇔いわき秀英高校, いわき秀英高校⇒泉駅⇒ニュータウン⇒郷ヶ丘, 西原⇔豊間⇔江名⇔小名浜⇔泉駅⇔いわき秀英高校"
館の腰,新常磐交通（株）,"ラパーク〜鹿島ショッピングセンター〜小名浜, いわき駅〜若葉台・ニュータウン〜鹿島〜小名浜〜洋向台, いわき駅〜豊間〜江名〜小名浜〜泉駅, いわき駅〜（医療センター）〜湯本東口〜（玉川団地）〜小名浜, いわき駅⇔鹿島⇔小名浜海星高校, ラパークいわき⇔鹿島⇔小名浜海星高校, いわき駅⇔湯本東口⇔小名浜海星高校, 泉駅⇔小名浜⇔小名浜海星高校, いわき駅⇔豊間⇔江名⇔小名浜, 西原⇔江名⇔小名浜⇔泉駅⇔湯本高校, 小名浜⇔江名⇔豊間⇔いわき光洋高校, 泉駅⇒小名浜⇒江名⇒豊間⇒平工業高校, 西原⇔豊間⇔江名⇔小名浜⇔泉駅⇔いわき秀英高校, 小名浜⇔江名⇔豊間⇔いわき駅⇔平商前"
神白,新常磐交通（株）,"ラパーク〜鹿島ショッピングセンター〜小名浜, いわき駅〜若葉台・ニュータウン〜鹿島〜小名浜〜洋向台, いわき駅〜豊間〜江名〜小名浜〜泉駅, いわき駅〜（医療センター）〜湯本東口〜（玉川団地）〜小名浜, いわき駅⇔鹿島⇔小名浜海星高校, ラパークいわき⇔鹿島⇔小名浜海星高校, いわき駅⇔湯本東口⇔小名浜海星高校, 泉駅⇔小名浜⇔小名浜海星高校, いわき駅⇔豊間⇔江名⇔小名浜, 西原⇔江名⇔小名浜⇔泉駅⇔湯本高校, 小名浜⇔江名⇔豊間⇔いわき光洋高校, 泉駅⇒小名浜⇒江名⇒豊間⇒平工業高校, 西原⇔豊間⇔江名⇔小名浜⇔泉駅⇔いわき秀英高校, 小名浜⇔江名⇔豊間⇔いわき駅⇔平商前"
道の駅はなわ,福島交通（株）,東舘線
下山田,新常磐交通（株）,"湯本〜上遠野〜植田, 井戸沢〜中山"
小名浜車庫,新常磐交通（株）,"ラパーク〜鹿島ショッピングセンター〜小名浜, いわき駅〜若葉台・ニュータウン〜鹿島〜小名浜〜洋向台, いわき駅〜豊間〜江名〜小名浜〜泉駅, いわき駅〜（医療センター）〜湯本東口〜（玉川団地）〜小名浜, いわき駅⇔鹿島⇔小名浜海星高校, ラパークいわき⇔鹿島⇔小名浜海星高校, いわき駅⇔湯本東口⇔小名浜海星高校, 泉駅⇔小名浜⇔小名浜海星高校, 西原⇔江名⇔小名浜⇔泉駅⇔湯本高校, 小名浜⇔江名⇔豊間⇔いわき光洋高校, 小名浜⇔湯本東口⇔磐城一高, 小名浜⇔玉川団地⇔鹿島⇔いわき駅⇔昌平中高前, 小名浜⇔鹿島⇔ニュータウン⇔平工前⇔昌平中高前, 小名浜⇔玉川団地⇔ニュータウン⇔平工業高校, 泉駅⇒小名浜⇒江名⇒豊間⇒平工業高校, 西原⇔豊間⇔江名⇔小名浜⇔泉駅⇔いわき秀英高校, 小名浜⇔玉川団地⇔鹿島⇔いわき駅⇔平商前, 小名浜⇔江名⇔豊間⇔いわき駅⇔平商前, 小名浜⇔大原⇔玉川団地⇔鹿島⇔高専前, 小名浜⇔鹿島⇔高専前"
尾瀬沼山峠,会津乗合自動車（株）,"中山峠・尾瀬線, 尾瀬沼山峠〜尾瀬口船着場線"
イオンモールいわき小名浜,新常磐交通（株）,"いわき駅〜（医療センター）〜湯本東口〜（玉川団地）〜小名浜, （直行）泉駅→イオンモール"
呼石,福島交通（株）,"塙・那倉線, 那倉線［竹の内経由］, 那倉線［塙厚生病院・竹の内経由］, 那倉線［塙厚生病院経由］"
泉もえぎ台,新常磐交通（株）,泉ヶ丘三丁目〜泉もえぎ台
若宮,福島交通（株）,東舘線
海星高校前,新常磐交通（株）,"ラパーク〜鹿島ショッピングセンター〜小名浜, いわき駅〜（医療センター）〜湯本東口〜（玉川団地）〜小名浜, いわき駅⇔鹿島⇔小名浜海星高校, ラパークいわき⇔鹿島⇔小名浜海星高校, いわき駅⇔湯本東口⇔小名浜海星高校, 泉駅⇔小名浜⇔小名浜海星高校"
川下三百目,福島交通（株）,"塙・矢塚線, 矢塚線［竹の内・南田代・平野経由］, 片貝線［塙厚生病院・湯遊ランド経由］, 矢塚線［湯遊ランド経由］, 矢塚線［竹の内・平野経由］, 矢塚線［塙厚生病院・竹の内・南田代・平野経由］, 矢塚線［南田代・平野経由］, 片貝線［塙厚生病院経由］, 塙・那倉線, 那倉線［竹の内経由］, 那倉線［塙厚生病院・竹の内経由］, 那倉線［塙厚生病院経由］, 矢塚線［塙厚生病院・南田代・平野経由］"
泉橋,新常磐交通（株）,泉ヶ丘三丁目〜泉もえぎ台
堀の内,福島交通（株）,"塙・矢塚線, 矢塚線［竹の内・南田代・平野経由］, 片貝線［塙厚生病院・湯遊ランド経由］, 矢塚線［湯遊ランド経由］, 矢塚線［竹の内・平野経由］, 矢塚線［塙厚生病院・竹の内・南田代・平野経由］, 矢塚線［南田代・平野経由］, 片貝線［塙厚生病院経由］, 塙・那倉線, 那倉線［竹の内経由］, 那倉線［塙厚生病院・竹の内経由］, 那倉線［塙厚生病院経由］, 矢塚線［塙厚生病院・南田代・平野経由］"
呼石入口,福島交通（株）,"塙・那倉線, 那倉線［竹の内経由］, 那倉線［塙厚生病院・竹の内経由］, 那倉線［塙厚生病院経由］"
井戸沢,新常磐交通（株）,井戸沢〜中山
岸の内,新常磐交通（株）,"湯本〜上遠野〜植田, 井戸沢〜中山"
笹原小学校,福島交通（株）,"塙・矢塚線, 矢塚線［竹の内・南田代・平野経由］, 片貝線［塙厚生病院・湯遊ランド経由］, 矢塚線［湯遊ランド経由］, 矢塚線［竹の内・平野経由］, 矢塚線［塙厚生病院・竹の内・南田代・平野経由］, 矢塚線［南田代・平野経由］, 片貝線［塙厚生病院経由］, 塙・那倉線, 那倉線［竹の内経由］, 那倉線［塙厚生病院・竹の内経由］, 那倉線［塙厚生病院経由］, 矢塚線［塙厚生病院・南田代・平野経由］"
高柴ダム入口,新常磐交通（株）,井戸沢〜中山
松原,福島交通（株）,"塙・佐ヶ草線, 佐ヶ草線［竹の内・下植田経由］, 佐ヶ草線［塙厚生病院・竹の内経由］, 佐ヶ草線［塙厚生病院経由］, 佐ヶ草線［塙厚生病院・下植田経由］"
上石井,福島交通（株）,東舘線
川上農協前,福島交通（株）,"塙・矢塚線, 矢塚線［竹の内・南田代・平野経由］, 片貝線［塙厚生病院・湯遊ランド経由］, 矢塚線［湯遊ランド経由］, 矢塚線［竹の内・平野経由］, 矢塚線［塙厚生病院・竹の内・南田代・平野経由］, 矢塚線［南田代・平野経由］, 片貝線［塙厚生病院経由］, 塙・那倉線, 那倉線［竹の内経由］, 那倉線［塙厚生病院・竹の内経由］, 那倉線［塙厚生病院経由］, 矢塚線［塙厚生病院・南田代・平野経由］"
川原,新常磐交通（株）,井戸沢〜中山
松原南,福島交通（株）,"塙・佐ヶ草線, 佐ヶ草線［竹の内・下植田経由］, 佐ヶ草線［塙厚生病院・竹の内経由］, 佐ヶ草線［塙厚生病院経由］, 佐ヶ草線［塙厚生病院・下植田経由］"
グランド入口,福島交通（株）,"塙・那倉線, 那倉線［竹の内経由］, 那倉線［塙厚生病院・竹の内経由］, 那倉線［塙厚生病院経由］"
清水,福島交通（株）,"塙・矢塚線, 矢塚線［竹の内・南田代・平野経由］, 片貝線［塙厚生病院・湯遊ランド経由］, 矢塚線［湯遊ランド経由］, 矢塚線［竹の内・平野経由］, 矢塚線［塙厚生病院・竹の内・南田代・平野経由］, 矢塚線［南田代・平野経由］, 片貝線［塙厚生病院経由］, 塙・那倉線, 那倉線［竹の内経由］, 那倉線［塙厚生病院・竹の内経由］, 那倉線［塙厚生病院経由］, 矢塚線［塙厚生病院・南田代・平野経由］"
大谷,新常磐交通（株）,井戸沢〜中山
わんぱく谷,新常磐交通（株）,井戸沢〜中山
関場,新常磐交通（株）,"湯本〜上遠野〜植田, 井戸沢〜中山"
南台ガーデン,新常磐交通（株）,井戸沢〜中山
塩沢,新常磐交通（株）,井戸沢〜中山
伊香,福島交通（株）,"塙・佐ヶ草線, 佐ヶ草線［竹の内・下植田経由］, 佐ヶ草線［塙厚生病院・竹の内経由］, 佐ヶ草線［塙厚生病院経由］, 佐ヶ草線［塙厚生病院・下植田経由］"
いわき南台,新常磐交通（株）,井戸沢〜中山
七十目,福島交通（株）,"塙・矢塚線, 矢塚線［竹の内・南田代・平野経由］, 片貝線［塙厚生病院・湯遊ランド経由］, 矢塚線［湯遊ランド経由］, 矢塚線［竹の内・平野経由］, 矢塚線［塙厚生病院・竹の内・南田代・平野経由］, 矢塚線［南田代・平野経由］, 片貝線［塙厚生病院経由］, 塙・那倉線, 那倉線［竹の内経由］, 那倉線［塙厚生病院・竹の内経由］, 那倉線［塙厚生病院経由］, 矢塚線［塙厚生病院・南田代・平野経由］"
南台中央,新常磐交通（株）,井戸沢〜中山
南台西,新常磐交通（株）,井戸沢〜中山
南台東,新常磐交通（株）,井戸沢〜中山
小山田,新常磐交通（株）,井戸沢〜中山
高野里,福島交通（株）,"塙・佐ヶ草線, 佐ヶ草線［竹の内・下植田経由］, 佐ヶ草線［塙厚生病院・竹の内経由］, 佐ヶ草線［塙厚生病院経由］, 佐ヶ草線［塙厚生病院・下植田経由］"
早稲田,新常磐交通（株）,早稲田〜植田駅〜勿来駅
辰の口,新常磐交通（株）,"湯本〜上遠野〜植田, 井戸沢〜中山"
林崎,新常磐交通（株）,井戸沢〜中山
菊田小前,新常磐交通（株）,井戸沢〜中山
中塚,新常磐交通（株）,井戸沢〜中山
中平,福島交通（株）,"塙・矢塚線, 矢塚線［竹の内・南田代・平野経由］, 片貝線［塙厚生病院・湯遊ランド経由］, 矢塚線［湯遊ランド経由］, 矢塚線［竹の内・平野経由］, 矢塚線［塙厚生病院・竹の内・南田代・平野経由］, 矢塚線［南田代・平野経由］, 片貝線［塙厚生病院経由］, 矢塚線［塙厚生病院・南田代・平野経由］"
小田井田,福島交通（株）,"塙・那倉線, 那倉線［竹の内経由］, 那倉線［塙厚生病院・竹の内経由］, 那倉線［塙厚生病院経由］"
法田,新常磐交通（株）,井戸沢〜中山
船場,新常磐交通（株）,井戸沢〜中山
寺下,新常磐交通（株）,井戸沢〜中山
黒助,福島交通（株）,東舘線
田人入口,新常磐交通（株）,湯本〜上遠野〜植田
金山,新常磐交通（株）,早稲田〜植田駅〜勿来駅
南台入口,新常磐交通（株）,井戸沢〜中山
勿来工業前,新常磐交通（株）,植田駅前⇒磐農前⇒勿来工業前
井ノ上,新常磐交通（株）,井戸沢〜中山
小橋本,福島交通（株）,"塙・那倉線, 那倉線［竹の内経由］, 那倉線［塙厚生病院・竹の内経由］, 那倉線［塙厚生病院経由］"
萩平,福島交通（株）,"塙・那倉線, 那倉線［竹の内経由］, 那倉線［塙厚生病院・竹の内経由］, 那倉線［塙厚生病院経由］"
植田東中入口,新常磐交通（株）,早稲田〜植田駅〜勿来駅
仁井田,新常磐交通（株）,湯本〜上遠野〜植田
磐農前,新常磐交通（株）,植田駅前⇒磐農前⇒勿来工業前
川辺,福島交通（株）,"塙・那倉線, 那倉線［竹の内経由］, 那倉線［塙厚生病院・竹の内経由］, 那倉線［塙厚生病院経由］"
黒下,福島交通（株）,"塙・那倉線, 那倉線［竹の内経由］, 那倉線［塙厚生病院・竹の内経由］, 那倉線［塙厚生病院経由］"
金子平,新常磐交通（株）,早稲田〜植田駅〜勿来駅
山田局前,新常磐交通（株）,湯本〜上遠野〜植田
後谷地入口,福島交通（株）,"塙・那倉線, 那倉線［竹の内経由］, 那倉線［塙厚生病院・竹の内経由］, 那倉線［塙厚生病院経由］"
長岡,福島交通（株）,"塙・那倉線, 那倉線［竹の内経由］, 那倉線［塙厚生病院・竹の内経由］, 那倉線［塙厚生病院経由］"
黒下上,福島交通（株）,"塙・那倉線, 那倉線［竹の内経由］, 那倉線［塙厚生病院・竹の内経由］, 那倉線［塙厚生病院経由］"
月山下,新常磐交通（株）,湯本〜上遠野〜植田
古宿,福島交通（株）,"塙・佐ヶ草線, 佐ヶ草線［竹の内・下植田経由］, 佐ヶ草線［塙厚生病院・竹の内経由］, 佐ヶ草線［塙厚生病院経由］, 佐ヶ草線［塙厚生病院・下植田経由］"
下り藤,福島交通（株）,"塙・那倉線, 那倉線［竹の内経由］, 那倉線［塙厚生病院・竹の内経由］, 那倉線［塙厚生病院経由］"
坂ノ下,福島交通（株）,"塙・那倉線, 那倉線［竹の内経由］, 那倉線［塙厚生病院・竹の内経由］, 那倉線［塙厚生病院経由］"
高柴,福島交通（株）,"塙・那倉線, 那倉線［竹の内経由］, 那倉線［塙厚生病院・竹の内経由］, 那倉線［塙厚生病院経由］"
鹿野,新常磐交通（株）,川部循環
前田,福島交通（株）,"塙・矢塚線, 矢塚線［竹の内・南田代・平野経由］, 片貝線［塙厚生病院・湯遊ランド経由］, 矢塚線［湯遊ランド経由］, 矢塚線［竹の内・平野経由］, 矢塚線［塙厚生病院・竹の内・南田代・平野経由］, 矢塚線［南田代・平野経由］, 片貝線［塙厚生病院経由］, 矢塚線［塙厚生病院・南田代・平野経由］"
植田駅前,新常磐交通（株）,"湯本〜上遠野〜植田, 早稲田〜植田駅〜勿来駅, 植田駅前⇒磐農前⇒勿来工業前, 川部循環"
下小川,新常磐交通（株）,川部循環
東田入口,新常磐交通（株）,早稲田〜植田駅〜勿来駅
岩下,福島交通（株）,"塙・那倉線, 那倉線［竹の内経由］, 那倉線［塙厚生病院・竹の内経由］, 那倉線［塙厚生病院経由］"
那倉,福島交通（株）,"塙・那倉線, 那倉線［竹の内経由］, 那倉線［塙厚生病院・竹の内経由］, 那倉線［塙厚生病院経由］"
日向,福島交通（株）,"塙・那倉線, 那倉線［竹の内経由］, 那倉線［塙厚生病院・竹の内経由］, 那倉線［塙厚生病院経由］"
植田中前,新常磐交通（株）,湯本〜上遠野〜植田
台町,新常磐交通（株）,"湯本〜上遠野〜植田, 早稲田〜植田駅〜勿来駅, 川部循環"
折籠入口,福島交通（株）,"塙・矢塚線, 矢塚線［竹の内・南田代・平野経由］, 片貝線［塙厚生病院・湯遊ランド経由］, 矢塚線［湯遊ランド経由］, 矢塚線［竹の内・平野経由］, 矢塚線［塙厚生病院・竹の内・南田代・平野経由］, 矢塚線［南田代・平野経由］, 片貝線［塙厚生病院経由］, 矢塚線［塙厚生病院・南田代・平野経由］"
植田駅入口,新常磐交通（株）,早稲田〜植田駅〜勿来駅
沼部,新常磐交通（株）,川部循環
石畑,新常磐交通（株）,川部循環
冨津入口,新常磐交通（株）,川部循環
冨津,新常磐交通（株）,川部循環
植田本町,新常磐交通（株）,"湯本〜上遠野〜植田, 早稲田〜植田駅〜勿来駅, 川部循環"
林内,新常磐交通（株）,湯本〜上遠野〜植田
成作,新常磐交通（株）,川部循環
柵の沢,福島交通（株）,東舘線
一里塚,福島交通（株）,"塙・佐ヶ草線, 佐ヶ草線［竹の内・下植田経由］, 佐ヶ草線［塙厚生病院・竹の内経由］, 佐ヶ草線［塙厚生病院経由］, 佐ヶ草線［塙厚生病院・下植田経由］"
番所下,新常磐交通（株）,湯本〜上遠野〜植田
後江栗,新常磐交通（株）,川部循環
館谷,福島交通（株）,東舘線
根小屋,新常磐交通（株）,川部循環
長子入口,新常磐交通（株）,川部循環
馬場江栗,新常磐交通（株）,川部循環
鳥居西,新常磐交通（株）,川部循環
中沢,福島交通（株）,"塙・佐ヶ草線, 佐ヶ草線［竹の内・下植田経由］, 佐ヶ草線［塙厚生病院・竹の内経由］, 佐ヶ草線［塙厚生病院経由］, 佐ヶ草線［塙厚生病院・下植田経由］"
御宝殿前,新常磐交通（株）,川部循環
大倉上町,新常磐交通（株）,"早稲田〜植田駅〜勿来駅, 川部循環"
大倉下町,新常磐交通（株）,川部循環
小野沢,福島交通（株）,東舘線
後木の反,福島交通（株）,"塙・矢塚線, 矢塚線［竹の内・南田代・平野経由］, 片貝線［塙厚生病院・湯遊ランド経由］, 矢塚線［湯遊ランド経由］, 矢塚線［竹の内・平野経由］, 矢塚線［塙厚生病院・竹の内・南田代・平野経由］, 矢塚線［南田代・平野経由］, 片貝線［塙厚生病院経由］, 矢塚線［塙厚生病院・南田代・平野経由］"
勿来支所,新常磐交通（株）,"早稲田〜植田駅〜勿来駅, 川部循環"
川部,新常磐交通（株）,川部循環
城主内,福島交通（株）,東舘線
佐ヶ草,福島交通（株）,"塙・佐ヶ草線, 佐ヶ草線［竹の内・下植田経由］, 佐ヶ草線［塙厚生病院・竹の内経由］, 佐ヶ草線［塙厚生病院経由］, 佐ヶ草線［塙厚生病院・下植田経由］"
川部局前,新常磐交通（株）,川部循環
広部,新常磐交通（株）,川部循環
坂の下,福島交通（株）,"塙・佐ヶ草線, 佐ヶ草線［竹の内・下植田経由］, 佐ヶ草線［塙厚生病院・竹の内経由］, 佐ヶ草線［塙厚生病院経由］, 佐ヶ草線［塙厚生病院・下植田経由］"
前木の反,福島交通（株）,"塙・矢塚線, 矢塚線［竹の内・南田代・平野経由］, 片貝線［塙厚生病院・湯遊ランド経由］, 矢塚線［湯遊ランド経由］, 矢塚線［竹の内・平野経由］, 矢塚線［塙厚生病院・竹の内・南田代・平野経由］, 矢塚線［南田代・平野経由］, 片貝線［塙厚生病院経由］, 矢塚線［塙厚生病院・南田代・平野経由］"
木の反入口,福島交通（株）,"塙・矢塚線, 矢塚線［竹の内・南田代・平野経由］, 片貝線［塙厚生病院・湯遊ランド経由］, 矢塚線［湯遊ランド経由］, 矢塚線［竹の内・平野経由］, 矢塚線［塙厚生病院・竹の内・南田代・平野経由］, 矢塚線［南田代・平野経由］, 片貝線［塙厚生病院経由］, 矢塚線［塙厚生病院・南田代・平野経由］"
石井駅前,福島交通（株）,東舘線
鍋板,新常磐交通（株）,川部循環
湯川,福島交通（株）,"塙・矢塚線, 矢塚線［竹の内・南田代・平野経由］, 片貝線［塙厚生病院・湯遊ランド経由］, 矢塚線［湯遊ランド経由］, 矢塚線［竹の内・平野経由］, 矢塚線［塙厚生病院・竹の内・南田代・平野経由］, 矢塚線［南田代・平野経由］, 片貝線［塙厚生病院経由］, 矢塚線［塙厚生病院・南田代・平野経由］"
雑保内,福島交通（株）,"塙・佐ヶ草線, 佐ヶ草線［竹の内・下植田経由］, 佐ヶ草線［塙厚生病院・竹の内経由］, 佐ヶ草線［塙厚生病院経由］, 佐ヶ草線［塙厚生病院・下植田経由］"
宮田橋,福島交通（株）,"塙・佐ヶ草線, 佐ヶ草線［竹の内・下植田経由］, 佐ヶ草線［塙厚生病院・竹の内経由］, 佐ヶ草線［塙厚生病院経由］, 佐ヶ草線［塙厚生病院・下植田経由］"
折戸,福島交通（株）,"塙・佐ヶ草線, 佐ヶ草線［竹の内・下植田経由］, 佐ヶ草線［塙厚生病院・竹の内経由］, 佐ヶ草線［塙厚生病院経由］, 佐ヶ草線［塙厚生病院・下植田経由］"
錦中学校,新常磐交通（株）,"早稲田〜植田駅〜勿来駅, 川部循環"
南田代,福島交通（株）,"矢塚線［竹の内・南田代・平野経由］, 矢塚線［塙厚生病院・竹の内・南田代・平野経由］, 矢塚線［南田代・平野経由］, 矢塚線［塙厚生病院・南田代・平野経由］"
真名畑,福島交通（株）,"塙・佐ヶ草線, 佐ヶ草線［竹の内・下植田経由］, 佐ヶ草線［塙厚生病院・竹の内経由］, 佐ヶ草線［塙厚生病院経由］, 佐ヶ草線［塙厚生病院・下植田経由］"
三沢,新常磐交通（株）,川部循環
下石井仲,福島交通（株）,東舘線
呉羽病院前,新常磐交通（株）,川部循環
大門,福島交通（株）,"佐ヶ草線［竹の内・下植田経由］, 佐ヶ草線［塙厚生病院・竹の内経由］, 佐ヶ草線［塙厚生病院・下植田経由］"
上中田,新常磐交通（株）,早稲田〜植田駅〜勿来駅
落合,新常磐交通（株）,川部循環
白米北,新常磐交通（株）,川部循環
白米団地東,新常磐交通（株）,川部循環
呉羽入口,新常磐交通（株）,早稲田〜植田駅〜勿来駅
白米団地北,新常磐交通（株）,川部循環
大内沢,福島交通（株）,東舘線
湯岐温泉入口,福島交通（株）,"塙・矢塚線, 矢塚線［竹の内・南田代・平野経由］, 片貝線［塙厚生病院・湯遊ランド経由］, 矢塚線［湯遊ランド経由］, 矢塚線［竹の内・平野経由］, 矢塚線［塙厚生病院・竹の内・南田代・平野経由］, 矢塚線［南田代・平野経由］, 片貝線［塙厚生病院経由］, 矢塚線［塙厚生病院・南田代・平野経由］"
白米,新常磐交通（株）,川部循環
白米団地南,新常磐交通（株）,川部循環
下植田,福島交通（株）,"佐ヶ草線［竹の内・下植田経由］, 佐ヶ草線［塙厚生病院・竹の内経由］, 佐ヶ草線［塙厚生病院・下植田経由］"
白米団地,新常磐交通（株）,川部循環
湯岐,福島交通（株）,"塙・矢塚線, 矢塚線［竹の内・南田代・平野経由］, 片貝線［塙厚生病院・湯遊ランド経由］, 矢塚線［湯遊ランド経由］, 矢塚線［竹の内・平野経由］, 矢塚線［塙厚生病院・竹の内・南田代・平野経由］, 矢塚線［南田代・平野経由］, 片貝線［塙厚生病院経由］, 矢塚線［塙厚生病院・南田代・平野経由］"
上り途,新常磐交通（株）,川部循環
山崎,福島交通（株）,東舘線
松野口,福島交通（株）,"塙・佐ヶ草線, 佐ヶ草線［竹の内・下植田経由］, 佐ヶ草線［塙厚生病院・竹の内経由］, 佐ヶ草線［塙厚生病院経由］, 佐ヶ草線［塙厚生病院・下植田経由］"
窪田酒井原,新常磐交通（株）,川部循環
白米鉱泉,新常磐交通（株）,川部循環
中坪,新常磐交通（株）,川部循環
窪田白山,新常磐交通（株）,川部循環
窪田上町,新常磐交通（株）,川部循環
酒井原,新常磐交通（株）,川部循環
湯遊ランドはなわ,福島交通（株）,"片貝線［塙厚生病院・湯遊ランド経由］, 矢塚線［湯遊ランド経由］"
窪田中町,新常磐交通（株）,川部循環
かみなり滝前,福島交通（株）,"塙・矢塚線, 矢塚線［竹の内・南田代・平野経由］, 片貝線［塙厚生病院・湯遊ランド経由］, 矢塚線［湯遊ランド経由］, 矢塚線［竹の内・平野経由］, 矢塚線［塙厚生病院・竹の内・南田代・平野経由］, 矢塚線［南田代・平野経由］, 片貝線［塙厚生病院経由］, 矢塚線［塙厚生病院・南田代・平野経由］"
四沢渋沼,新常磐交通（株）,"早稲田〜植田駅〜勿来駅, 川部循環"
塩の海入口,福島交通（株）,上茗荷線
山崎中,福島交通（株）,東舘線
窪田下町,新常磐交通（株）,川部循環
片貝,福島交通（株）,"塙・矢塚線, 矢塚線［竹の内・南田代・平野経由］, 片貝線［塙厚生病院・湯遊ランド経由］, 矢塚線［湯遊ランド経由］, 矢塚線［竹の内・平野経由］, 矢塚線［塙厚生病院・竹の内・南田代・平野経由］, 矢塚線［南田代・平野経由］, 片貝線［塙厚生病院経由］, 矢塚線［塙厚生病院・南田代・平野経由］"
茶屋場,福島交通（株）,"塙・矢塚線, 矢塚線［竹の内・南田代・平野経由］, 片貝線［塙厚生病院・湯遊ランド経由］, 矢塚線［湯遊ランド経由］, 矢塚線［竹の内・平野経由］, 矢塚線［塙厚生病院・竹の内・南田代・平野経由］, 矢塚線［南田代・平野経由］, 片貝線［塙厚生病院経由］, 矢塚線［塙厚生病院・南田代・平野経由］"
南田代入口,福島交通（株）,"塙・矢塚線, 矢塚線［竹の内・南田代・平野経由］, 矢塚線［湯遊ランド経由］, 矢塚線［竹の内・平野経由］, 矢塚線［塙厚生病院・竹の内・南田代・平野経由］, 矢塚線［南田代・平野経由］, 矢塚線［塙厚生病院・南田代・平野経由］"
払川入口,福島交通（株）,"塙・矢塚線, 矢塚線［竹の内・南田代・平野経由］, 片貝線［塙厚生病院・湯遊ランド経由］, 矢塚線［湯遊ランド経由］, 矢塚線［竹の内・平野経由］, 矢塚線［塙厚生病院・竹の内・南田代・平野経由］, 矢塚線［南田代・平野経由］, 片貝線［塙厚生病院経由］, 矢塚線［塙厚生病院・南田代・平野経由］"
窪田二丁目,新常磐交通（株）,川部循環
中茗荷,福島交通（株）,上茗荷線
高校前,新常磐交通（株）,"勿来駅前⇔高校前, 川部循環"
吉沢入口,福島交通（株）,上茗荷線
滝平,福島交通（株）,上茗荷線
上茗荷,福島交通（株）,上茗荷線
農構センター前,福島交通（株）,"塙・矢塚線, 矢塚線［竹の内・南田代・平野経由］, 片貝線［塙厚生病院・湯遊ランド経由］, 矢塚線［湯遊ランド経由］, 矢塚線［竹の内・平野経由］, 矢塚線［塙厚生病院・竹の内・南田代・平野経由］, 矢塚線［南田代・平野経由］, 片貝線［塙厚生病院経由］, 矢塚線［塙厚生病院・南田代・平野経由］"
市の沢,福島交通（株）,中学校・宝坂線
戸塚,福島交通（株）,東舘線
潮見台,新常磐交通（株）,"勿来駅前⇔高校前, 川部循環"
四沢作田,新常磐交通（株）,"勿来駅前⇔高校前, 川部循環"
四沢入口,新常磐交通（株）,"早稲田〜植田駅〜勿来駅, 川部循環"
干泥,福島交通（株）,"塙・矢塚線, 矢塚線［竹の内・南田代・平野経由］, 片貝線［塙厚生病院・湯遊ランド経由］, 矢塚線［湯遊ランド経由］, 矢塚線［竹の内・平野経由］, 矢塚線［塙厚生病院・竹の内・南田代・平野経由］, 矢塚線［南田代・平野経由］, 片貝線［塙厚生病院経由］, 矢塚線［塙厚生病院・南田代・平野経由］"
歯朶平,福島交通（株）,上茗荷線
四沢古身,新常磐交通（株）,"勿来駅前⇔高校前, 川部循環"
矢塚大橋,福島交通（株）,"塙・矢塚線, 矢塚線［竹の内・南田代・平野経由］, 矢塚線［湯遊ランド経由］, 矢塚線［竹の内・平野経由］, 矢塚線［塙厚生病院・竹の内・南田代・平野経由］, 矢塚線［南田代・平野経由］, 矢塚線［塙厚生病院・南田代・平野経由］"
石堀子,福島交通（株）,"塙・矢塚線, 矢塚線［湯遊ランド経由］"
長久木,福島交通（株）,"塙・矢塚線, 矢塚線［湯遊ランド経由］"
北作,新常磐交通（株）,"勿来駅前⇔高校前, 川部循環"
太子沢,福島交通（株）,東舘線
勿来駅前,新常磐交通（株）,"早稲田〜植田駅〜勿来駅, 勿来駅前⇔高校前, 川部循環"
勿来二中,新常磐交通（株）,"勿来駅前⇔高校前, 川部循環"
桜橋,福島交通（株）,"塙・矢塚線, 矢塚線［竹の内・南田代・平野経由］, 矢塚線［湯遊ランド経由］, 矢塚線［竹の内・平野経由］, 矢塚線［塙厚生病院・竹の内・南田代・平野経由］, 矢塚線［南田代・平野経由］, 矢塚線［塙厚生病院・南田代・平野経由］"
矢塚,福島交通（株）,"塙・矢塚線, 矢塚線［竹の内・南田代・平野経由］, 矢塚線［湯遊ランド経由］, 矢塚線［竹の内・平野経由］, 矢塚線［塙厚生病院・竹の内・南田代・平野経由］, 矢塚線［南田代・平野経由］, 矢塚線［塙厚生病院・南田代・平野経由］"
入宝坂,福島交通（株）,中学校・宝坂線
殿畑入口,福島交通（株）,"塙・矢塚線, 矢塚線［竹の内・南田代・平野経由］, 矢塚線［湯遊ランド経由］, 矢塚線［竹の内・平野経由］, 矢塚線［塙厚生病院・竹の内・南田代・平野経由］, 矢塚線［南田代・平野経由］, 矢塚線［塙厚生病院・南田代・平野経由］"
山野井,福島交通（株）,東舘線
平野入口,福島交通（株）,"塙・矢塚線, 矢塚線［竹の内・南田代・平野経由］, 矢塚線［湯遊ランド経由］, 矢塚線［竹の内・平野経由］, 矢塚線［塙厚生病院・竹の内・南田代・平野経由］, 矢塚線［南田代・平野経由］, 矢塚線［塙厚生病院・南田代・平野経由］"
川岐,福島交通（株）,中学校・宝坂線
関北口,新常磐交通（株）,"勿来駅前⇔高校前, 川部循環"
中学校前,福島交通（株）,"東舘線, 上茗荷線, 中学校・宝坂線, 大垬線［矢祭ニュータウン経由］, 矢祭中学校・矢祭ニュータウン線"
塩の平,福島交通（株）,上茗荷線
舘本,福島交通（株）,"東舘線, 上茗荷線, 中学校・宝坂線, 大垬線［矢祭ニュータウン経由］, 矢祭中学校・矢祭ニュータウン線"
平野,福島交通（株）,"矢塚線［竹の内・南田代・平野経由］, 矢塚線［竹の内・平野経由］, 矢塚線［塙厚生病院・竹の内・南田代・平野経由］, 矢塚線［南田代・平野経由］, 矢塚線［塙厚生病院・南田代・平野経由］"
押舘,福島交通（株）,中学校・宝坂線
東舘,福島交通（株）,"東舘線, 上茗荷線, 中学校・宝坂線, 大垬線［矢祭ニュータウン経由］, 矢祭中学校・矢祭ニュータウン線"
児童福祉センター,福島交通（株）,上茗荷線
矢祭町役場,福島交通（株）,"東舘線, 上茗荷線, 中学校・宝坂線, 大垬線［矢祭ニュータウン経由］, 矢祭中学校・矢祭ニュータウン線"
滝の沢,福島交通（株）,上茗荷線
日向内,福島交通（株）,中学校・宝坂線
東館駅,福島交通（株）,"大垬線［矢祭ニュータウン経由］, 矢祭中学校・矢祭ニュータウン線"
清水内,福島交通（株）,中学校・宝坂線
竹の内,福島交通（株）,中学校・宝坂線
内川,福島交通（株）,上茗荷線
矢祭小学校,福島交通（株）,"東舘線, 上茗荷線, 中学校・宝坂線, 大垬線［矢祭ニュータウン経由］, 矢祭中学校・矢祭ニュータウン線"
殿畑,福島交通（株）,"矢塚線［竹の内・南田代・平野経由］, 矢塚線［竹の内・平野経由］, 矢塚線［塙厚生病院・竹の内・南田代・平野経由］, 矢塚線［南田代・平野経由］, 矢塚線［塙厚生病院・南田代・平野経由］"
高野谷地,福島交通（株）,中学校・宝坂線
内川学校,福島交通（株）,上茗荷線
江戸塚,福島交通（株）,上茗荷線
鶴ヶ池,福島交通（株）,中学校・宝坂線
小田川,福島交通（株）,"大垬線［矢祭ニュータウン経由］, 矢祭中学校・矢祭ニュータウン線"
小坂,福島交通（株）,上茗荷線
新山下橋,福島交通（株）,上茗荷線
矢祭ニュータウン前,福島交通（株）,"大垬線［矢祭ニュータウン経由］, 矢祭中学校・矢祭ニュータウン線"
谷地下,福島交通（株）,上茗荷線
新夢想橋,福島交通（株）,上茗荷線
矢祭ニュータウン,福島交通（株）,"大垬線［矢祭ニュータウン経由］, 矢祭中学校・矢祭ニュータウン線"
関岡,福島交通（株）,上茗荷線
町,福島交通（株）,上茗荷線
矢祭工業団地入口,福島交通（株）,大垬線［矢祭ニュータウン経由］
矢祭駅前,福島交通（株）,上茗荷線
久保,福島交通（株）,上茗荷線
真木野,福島交通（株）,上茗荷線
中山,福島交通（株）,大垬線［矢祭ニュータウン経由］
高地原入口,福島交通（株）,上茗荷線
桶地,福島交通（株）,中学校・宝坂線
追分,福島交通（株）,中学校・宝坂線
緑川,福島交通（株）,大垬線［矢祭ニュータウン経由］
下関北,福島交通（株）,大垬線［矢祭ニュータウン経由］
下関局前,福島交通（株）,大垬線［矢祭ニュータウン経由］
天神前,福島交通（株）,大垬線［矢祭ニュータウン経由］
下関南,福島交通（株）,大垬線［矢祭ニュータウン経由］
ふれあい館前,福島交通（株）,大垬線［矢祭ニュータウン経由］
仲町柏屋上関,福島交通（株）,大垬線［矢祭ニュータウン経由］
上関,福島交通（株）,大垬線［矢祭ニュータウン経由］
千本平,福島交通（株）,大垬線［矢祭ニュータウン経由］
大垬下,福島交通（株）,大垬線［矢祭ニュータウン経由］
大垬佐川屋,福島交通（株）,大垬線［矢祭ニュータウン経由］
大垬道清,福島交通（株）,大垬線［矢祭ニュータウン経由］
大垬明神,福島交通（株）,大垬線［矢祭ニュータウン経由］
