停留所名,事業者名,バス系統
蛇穴,茨城交通（株）,"大子駅〜池田中〜蛇穴, 大子駅前〜蛇穴"
蛇穴下,茨城交通（株）,"大子駅〜池田中〜蛇穴, 大子駅前〜蛇穴"
磯神,茨城交通（株）,"大子駅〜池田中〜蛇穴, 大子駅前〜蛇穴"
唐竹久保,茨城交通（株）,"黒沢小校入口〜唐竹久保, 大子駅前〜唐竹久保, 中郷入口〜唐竹久保, 唐竹久保〜池田中〜大子駅"
小田貝,茨城交通（株）,"大子駅〜池田中〜蛇穴, 大子駅前〜蛇穴"
吉の目,茨城交通（株）,"大子駅〜池田中〜蛇穴, 大子駅前〜蛇穴"
権現堂入口,茨城交通（株）,"黒沢小校入口〜唐竹久保, 大子駅前〜唐竹久保, 中郷入口〜唐竹久保, 唐竹久保〜池田中〜大子駅"
中郷中井,茨城交通（株）,"黒沢小校入口〜唐竹久保, 大子駅前〜唐竹久保, 中郷入口〜唐竹久保, 唐竹久保〜池田中〜大子駅"
花の草,茨城交通（株）,"大子駅〜池田中〜蛇穴, 大子駅前〜蛇穴"
茶味内,茨城交通（株）,"黒沢小校入口〜唐竹久保, 大子駅前〜唐竹久保, 中郷入口〜唐竹久保, 唐竹久保〜池田中〜大子駅"
門の井,茨城交通（株）,"大子駅〜池田中〜蛇穴, 大子駅〜池田中〜門の井, 大子駅前〜蛇穴"
桜井,茨城交通（株）,"大子駅〜池田中〜蛇穴, 大子駅〜池田中〜門の井, 大子駅前〜蛇穴"
松場,茨城交通（株）,"黒沢小校入口〜唐竹久保, 大子駅前〜唐竹久保, 中郷入口〜唐竹久保, 唐竹久保〜池田中〜大子駅"
上野宮局前,茨城交通（株）,"大子駅〜池田中〜蛇穴, 大子駅〜池田中〜門の井, 大子駅前〜蛇穴"
北の内,茨城交通（株）,"黒沢小校入口〜唐竹久保, 大子駅前〜唐竹久保, 中郷入口〜唐竹久保, 唐竹久保〜池田中〜大子駅"
関本小中学校前,北茨城市,大津線
富士ヶ丘,北茨城市,大津線
関本郵便局前,北茨城市,大津線
前の内（大子町）,茨城交通（株）,"黒沢小校入口〜唐竹久保, 大子駅前〜唐竹久保, 中郷入口〜唐竹久保, 唐竹久保〜池田中〜大子駅"
宮本（上野宮）,茨城交通（株）,"大子駅〜池田中〜蛇穴, 大子駅〜池田中〜門の井, 大子駅前〜蛇穴"
松久保,茨城交通（株）,"黒沢小校入口〜唐竹久保, 大子駅前〜唐竹久保, 中郷入口〜唐竹久保, 唐竹久保〜池田中〜大子駅"
平潟港,北茨城市,五浦線
生涯学習センター前,北茨城市,大津線
八反,北茨城市,大津線
期待場前,北茨城市,大津線
つきのき下,北茨城市,大津線
稲村,茨城交通（株）,"大子駅〜池田中〜蛇穴, 大子駅〜池田中〜門の井, 大子駅前〜蛇穴"
阿馴沢入口,茨城交通（株）,"黒沢小校入口〜唐竹久保, 大子駅前〜唐竹久保, 中郷入口〜唐竹久保, 唐竹久保〜池田中〜大子駅"
平潟港入口,北茨城市,五浦線
井戸ノ入り,北茨城市,五浦線
浜道団地北,北茨城市,五浦線
大金沢,茨城交通（株）,"大子駅〜池田中〜蛇穴, 大子駅〜池田中〜門の井, 大子駅前〜蛇穴"
平潟小学校前,北茨城市,五浦線
浜道団地南,北茨城市,五浦線
中の内,茨城交通（株）,"大子駅〜池田中〜蛇穴, 大子駅〜池田中〜門の井, 大子駅前〜蛇穴"
浜道団地入口,北茨城市,五浦線
鹿ノ原団地入口,北茨城市,五浦線
吉沢入口,茨城交通（株）,"黒沢小校入口〜唐竹久保, 大子駅前〜唐竹久保, 中郷入口〜唐竹久保, 唐竹久保〜池田中〜大子駅"
大津港駅前,北茨城市,"五浦線, 大津線"
関本中,北茨城市,大津線
復興住宅前,北茨城市,五浦線
北町,北茨城市,"五浦線, 大津線"
梨野沢,茨城交通（株）,"大子営業所〜梨野沢〜地瀬, 大子駅前〜梨野沢〜地瀬"
黒沢小学校上,茨城交通（株）,"黒沢小校入口〜唐竹久保, 大子駅前〜唐竹久保, 中郷入口〜唐竹久保, 唐竹久保〜池田中〜大子駅"
貝名沢,茨城交通（株）,"大子駅〜池田中〜蛇穴, 大子駅〜池田中〜門の井, 大子駅前〜蛇穴"
市民病院前［北茨城市］,北茨城市,大津線
黒沢小校入口,茨城交通（株）,"黒沢小校入口〜唐竹久保, 大子駅前〜唐竹久保, 中郷入口〜唐竹久保, 唐竹久保〜池田中〜大子駅"
地瀬,茨城交通（株）,"大子営業所〜梨野沢〜地瀬, 大子駅前〜梨野沢〜地瀬"
高山,北茨城市,華川線
旧市立病院前,北茨城市,五浦線
中郷入口,茨城交通（株）,"大子駅〜池田中〜蛇穴, 大子駅〜池田中〜門の井, 大子駅前〜蛇穴, 大子駅前〜唐竹久保, 中郷入口〜唐竹久保, 唐竹久保〜池田中〜大子駅"
大貝入口,茨城交通（株）,"大子駅〜池田中〜蛇穴, 大子駅〜池田中〜門の井, 大子駅前〜蛇穴"
上郷（大子）,茨城交通（株）,"大子駅〜池田中〜蛇穴, 大子駅〜池田中〜門の井, 大子駅前〜蛇穴"
高田入口,茨城交通（株）,"大子駅〜池田中〜蛇穴, 大子駅〜池田中〜門の井, 大子駅前〜蛇穴, 大子駅前〜唐竹久保, 唐竹久保〜池田中〜大子駅"
町付（大子）,茨城交通（株）,"大子駅〜池田中〜蛇穴, 大子駅〜池田中〜門の井, 大子駅前〜蛇穴"
黒沢小学校下,茨城交通（株）,"大子駅〜池田中〜蛇穴, 大子駅〜池田中〜門の井, 大子駅前〜蛇穴"
黒沢中校前,茨城交通（株）,"大子駅〜池田中〜蛇穴, 大子駅〜池田中〜門の井, 大子駅前〜蛇穴"
廣橋クリニック前,北茨城市,五浦線
常北中学校前,北茨城市,五浦線
大津小学校入口,北茨城市,五浦線
五浦美術館前,北茨城市,五浦線
岩崎,茨城交通（株）,"大子営業所〜梨野沢〜地瀬, 大子駅前〜梨野沢〜地瀬"
堰の上,茨城交通（株）,"大子駅〜池田中〜蛇穴, 大子駅〜池田中〜門の井, 大子駅前〜蛇穴, 大子駅前〜唐竹久保, 唐竹久保〜池田中〜大子駅"
森の前（大子）,茨城交通（株）,"大子営業所〜森の前, 大子駅前〜森の前"
北平,茨城交通（株）,"大子駅〜池田中〜蛇穴, 大子駅〜池田中〜門の井, 大子駅前〜蛇穴, 大子駅前〜唐竹久保, 唐竹久保〜池田中〜大子駅"
六角堂入口,北茨城市,五浦線
正分,茨城交通（株）,"大子営業所〜梨野沢〜地瀬, 大子駅前〜梨野沢〜地瀬"
左貫宿,茨城交通（株）,"大子営業所〜森の前, 大子駅前〜森の前"
仁井田十文字,北茨城市,大津線
大津西町,北茨城市,五浦線
神岡下,北茨城市,大津線
大津港前,北茨城市,五浦線
雨情の里スポーツ広場前,北茨城市,華川線
大津港入口,北茨城市,五浦線
仲井橋,茨城交通（株）,"大子営業所〜森の前, 大子駅前〜森の前"
下小津田,北茨城市,華川線
四道,茨城交通（株）,"大子営業所〜梨野沢〜地瀬, 大子駅前〜梨野沢〜地瀬"
五浦団地,北茨城市,五浦線
奥久慈茶の里公園前,茨城交通（株）,"大子営業所〜森の前, 大子駅前〜森の前"
華川小学校前,北茨城市,華川線
杉の内,茨城交通（株）,"大子営業所〜森の前, 大子駅前〜森の前"
漆平,茨城交通（株）,"下幡〜漆平, 総合福祉会館〜ぬく森の湯〜漆平"
下の内,茨城交通（株）,"大子駅〜池田中〜蛇穴, 大子駅〜池田中〜門の井, 大子駅前〜蛇穴, 大子駅前〜唐竹久保, 唐竹久保〜池田中〜大子駅"
神岡市営住宅前,北茨城市,大津線
稲荷神社前,北茨城市,大津線
立岩入口,茨城交通（株）,"大子営業所〜森の前, 大子駅前〜森の前"
笹の沢,茨城交通（株）,"下幡〜漆平, 総合福祉会館〜ぬく森の湯〜漆平"
七反,茨城交通（株）,"下幡〜漆平, 総合福祉会館〜ぬく森の湯〜漆平"
駐在所前,茨城交通（株）,"大子営業所〜森の前, 大子駅前〜森の前"
牧場入口,茨城交通（株）,"下幡〜漆平, 総合福祉会館〜ぬく森の湯〜漆平, 総合福祉会館〜森湯〜つりぼり, 太田営業所〜若駒つりぼり"
神岡上,北茨城市,大津線
阿坪,茨城交通（株）,"大子営業所〜森の前, 大子駅前〜森の前"
山下,北茨城市,華川線
井戸ヶ沢入口,茨城交通（株）,"大子駅〜池田中〜蛇穴, 大子駅〜池田中〜門の井, 大子駅前〜蛇穴, 大子駅前〜唐竹久保, 唐竹久保〜池田中〜大子駅"
大野平,茨城交通（株）,"大子営業所〜梨野沢〜地瀬, 大子駅前〜梨野沢〜地瀬"
里川宿,茨城交通（株）,"下幡〜漆平, 総合福祉会館〜ぬく森の湯〜漆平, 総合福祉会館〜森湯〜つりぼり, 太田営業所〜若駒つりぼり"
阿坪下,茨城交通（株）,"大子営業所〜森の前, 大子駅前〜森の前"
宿下,茨城交通（株）,"下幡〜漆平, 総合福祉会館〜ぬく森の湯〜漆平, 総合福祉会館〜森湯〜つりぼり, 太田営業所〜若駒つりぼり"
下野宮,茨城交通（株）,"大子駅〜池田中〜蛇穴, 大子駅〜池田中〜門の井, 大子駅前〜蛇穴, 大子駅前〜唐竹久保, 唐竹久保〜池田中〜大子駅"
広畑,茨城交通（株）,"大子営業所〜森の前, 大子駅前〜森の前"
車,北茨城市,華川線
旧華川中学校前,北茨城市,華川線
時当,茨城交通（株）,"大子営業所〜梨野沢〜地瀬, 大子駅前〜梨野沢〜地瀬"
三ツ目,茨城交通（株）,"下幡〜漆平, 総合福祉会館〜ぬく森の湯〜漆平, 総合福祉会館〜森湯〜つりぼり, 太田営業所〜若駒つりぼり"
半蔵,北茨城市,磯原線
内野,北茨城市,磯原線
下三ツ目,茨城交通（株）,"下幡〜漆平, 総合福祉会館〜ぬく森の湯〜漆平, 総合福祉会館〜森湯〜つりぼり, 太田営業所〜若駒つりぼり"
初原集会所前,茨城交通（株）,"大子営業所〜森の前, 大子駅前〜森の前"
下半蔵,北茨城市,磯原線
中妻小学校前,北茨城市,"磯原線, 華川線"
下相田,北茨城市,磯原線
中井,茨城交通（株）,"大子営業所〜梨野沢〜地瀬, 大子駅前〜梨野沢〜地瀬"
中妻,北茨城市,華川線
熊穴,茨城交通（株）,"下幡〜漆平, 総合福祉会館〜ぬく森の湯〜漆平, 総合福祉会館〜森湯〜つりぼり, 太田営業所〜若駒つりぼり"
大日本,北茨城市,"磯原線, 華川線"
高藪下,茨城交通（株）,"生瀬小学校〜高藪下〜大子営業所, 大子駅前〜高藪下〜家戸内"
嵯峨草橋,茨城交通（株）,"生瀬小学校〜高藪下〜大子営業所, 大子駅前〜高藪下〜家戸内"
おはよう館前,北茨城市,"磯原線, 華川線"
古内入口,茨城交通（株）,"大子営業所〜梨野沢〜地瀬, 大子駅前〜梨野沢〜地瀬"
宮川分館前,茨城交通（株）,"生瀬小学校〜高藪下〜大子営業所, 大子駅〜池田中〜蛇穴, 大子駅〜池田中〜門の井, 大子駅前〜高藪下〜家戸内, 大子駅前〜蛇穴, 大子駅前〜唐竹久保, 唐竹久保〜池田中〜大子駅"
岩目,茨城交通（株）,"大子営業所〜森の前, 大子駅前〜森の前"
富の草,茨城交通（株）,"生瀬小学校〜高藪下〜大子営業所, 大子駅前〜高藪下〜家戸内"
峰岸,北茨城市,磯原線
熊久保入口,茨城交通（株）,"生瀬小学校〜高藪下〜大子営業所, 大子駅前〜高藪下〜家戸内"
島上,北茨城市,大津線
駒木,北茨城市,"磯原線, 華川線"
若駒つりぼり前,茨城交通（株）,"総合福祉会館〜森湯〜つりぼり, 太田営業所〜若駒つりぼり"
市役所［北茨城市］,北茨城市,大津線
北原,北茨城市,磯原線
徳田発電所,茨城交通（株）,"下幡〜漆平, 総合福祉会館〜ぬく森の湯〜漆平, 総合福祉会館〜森湯〜つりぼり, 太田営業所〜若駒つりぼり"
坂西集会所,茨城交通（株）,"生瀬小学校〜高藪下〜大子営業所, 大子駅前〜高藪下〜家戸内"
岩崎,北茨城市,磯原線
浅川駐在所前,茨城交通（株）,"大子営業所〜梨野沢〜地瀬, 大子駅前〜梨野沢〜地瀬"
重内,北茨城市,磯原線
川山宿,茨城交通（株）,"生瀬小学校〜高藪下〜大子営業所, 大子駅〜池田中〜蛇穴, 大子駅〜池田中〜門の井, 大子駅前〜高藪下〜家戸内, 大子駅前〜蛇穴, 大子駅前〜唐竹久保, 唐竹久保〜池田中〜大子駅"
宮前,北茨城市,磯原線
臼場,北茨城市,"磯原線, 華川線"
辰の口,茨城交通（株）,"大子営業所〜森の前, 大子駅前〜森の前"
前掛,北茨城市,華川線
外大野,茨城交通（株）,"生瀬小学校〜高藪下〜大子営業所, 大子駅前〜高藪下〜家戸内"
打越,茨城交通（株）,"生瀬小学校〜高藪下〜大子営業所, 大子駅前〜高藪下〜家戸内"
磯原工業団地,北茨城市,"磯原線, 華川線"
給食センター前（大子町）,茨城交通（株）,"生瀬小学校〜高藪下〜大子営業所, 大子駅〜池田中〜蛇穴, 大子駅〜池田中〜門の井, 大子駅前〜高藪下〜家戸内, 大子駅前〜蛇穴, 大子駅前〜唐竹久保, 唐竹久保〜池田中〜大子駅"
矢沢,茨城交通（株）,"大子営業所〜梨野沢〜地瀬, 大子駅前〜梨野沢〜地瀬"
西日照,茨城交通（株）,"生瀬小学校〜高藪下〜大子営業所, 大子駅前〜高藪下〜家戸内"
榎台住宅入口,茨城交通（株）,"生瀬小学校〜高藪下〜大子営業所, 大子駅〜池田中〜蛇穴, 大子駅〜池田中〜門の井, 大子駅前〜高藪下〜家戸内, 大子駅前〜蛇穴, 大子駅前〜唐竹久保, 唐竹久保〜池田中〜大子駅"
木皿保育所入口,北茨城市,磯原線
上木皿,北茨城市,磯原線
東日照,茨城交通（株）,"生瀬小学校〜高藪下〜大子営業所, 大子駅前〜高藪下〜家戸内"
森林の温泉,茨城交通（株）,大子駅前〜フォレスパ大子
若宮橋,北茨城市,華川線
工業団地前（大子町）,茨城交通（株）,"生瀬小学校〜高藪下〜大子営業所, 大子駅〜池田中〜蛇穴, 大子駅〜池田中〜門の井, 大子駅前〜高藪下〜家戸内, 大子駅前〜蛇穴, 大子駅前〜唐竹久保, 唐竹久保〜池田中〜大子駅"
中組,茨城交通（株）,"生瀬小学校〜高藪下〜大子営業所, 大子駅前〜高藪下〜家戸内"
岡の内入口,茨城交通（株）,"大子営業所〜梨野沢〜地瀬, 大子駅前〜梨野沢〜地瀬"
天橋本通り,北茨城市,石岡線
精華小学校前,北茨城市,"磯原線, 華川線"
矢田岩花,茨城交通（株）,"生瀬小学校〜高藪下〜大子営業所, 大子駅〜池田中〜蛇穴, 大子駅〜池田中〜門の井, 大子駅前〜高藪下〜家戸内, 大子駅前〜蛇穴, 大子駅前〜唐竹久保, 唐竹久保〜池田中〜大子駅"
虹の丘入口,茨城交通（株）,大子駅前〜フォレスパ大子
フォレスパ大子,茨城交通（株）,大子駅前〜フォレスパ大子
木皿,北茨城市,磯原線
ときわ団地入口,北茨城市,"磯原線, 石岡線"
北茨城郵便局前,北茨城市,"磯原線, 華川線, 石岡線, 大津線, 中郷線"
豊田,北茨城市,石岡線
瀧病院前,北茨城市,"磯原線, 石岡線, 中郷線"
滑石,茨城交通（株）,"大子営業所〜梨野沢〜地瀬, 大子駅前〜梨野沢〜地瀬"
磯原中学校前,北茨城市,磯原線
永戸,茨城交通（株）,"下幡〜漆平, 総合福祉会館〜ぬく森の湯〜漆平, 総合福祉会館〜森湯〜つりぼり, 太田営業所〜若駒つりぼり"
天橋,北茨城市,磯原線
磯原駅西口,北茨城市,"磯原線, 華川線, 石岡線, 大津線, 中郷線"
小吹,茨城交通（株）,"大子営業所〜森の前, 大子駅前〜森の前"
センターやみぞ前,茨城交通（株）,"生瀬小学校〜高藪下〜大子営業所, 大子A循環, 大子B循環, 大子営業所〜池田中〜大子駅, 大子駅〜池田中〜蛇穴, 大子駅〜池田中〜門の井, 大子駅前〜フォレスパ大子, 大子駅前〜高藪下〜家戸内, 大子駅前〜蛇穴, 大子駅前〜大子営業所, 大子駅前〜唐竹久保, 唐竹久保〜池田中〜大子駅"
里川入口,茨城交通（株）,"下幡〜漆平, 総合福祉会館〜ぬく森の湯〜漆平, 総合福祉会館〜森湯〜つりぼり, 太田営業所〜若駒つりぼり, 太田営業所〜里川入口"
筑波銀行前,北茨城市,中郷線
ふれあいセンター入口,北茨城市,中郷線
大塚,北茨城市,石岡線
内大野,茨城交通（株）,"生瀬小学校〜高藪下〜大子営業所, 大子駅前〜高藪下〜家戸内"
徳田山口,茨城交通（株）,"下幡〜漆平, 総合福祉会館〜ぬく森の湯〜漆平, 総合福祉会館〜森湯〜つりぼり, 太田営業所〜若駒つりぼり, 太田営業所〜里川入口"
JA大子支所前,茨城交通（株）,"大子A循環, 大子B循環, 大子営業所〜池田中〜大子駅, 大子駅〜池田中〜蛇穴, 大子駅〜池田中〜門の井, 大子駅前〜フォレスパ大子, 大子駅前〜大子営業所, 唐竹久保〜池田中〜大子駅"
下の内入口,茨城交通（株）,"大子営業所〜梨野沢〜地瀬, 大子駅前〜梨野沢〜地瀬"
大子営業所,茨城交通（株）,"生瀬小学校〜高藪下〜大子営業所, 大子A循環, 大子B循環, 大子営業所〜森の前, 大子営業所〜大子駅前, 大子営業所〜池田中〜大子駅, 大子営業所〜栃原新田, 大子営業所〜馬次入口, 大子営業所〜梨野沢〜地瀬, 大子駅前〜高藪下〜家戸内, 大子駅前〜蛇穴, 大子駅前〜大子営業所, 大子駅前〜唐竹久保"
池田中,茨城交通（株）,"大子A循環, 大子B循環, 大子営業所〜池田中〜大子駅, 大子駅〜池田中〜蛇穴, 大子駅〜池田中〜門の井, 大子駅前〜フォレスパ大子, 大子駅前〜大子営業所, 唐竹久保〜池田中〜大子駅"
大森医院前,茨城交通（株）,"下幡〜漆平, 総合福祉会館〜ぬく森の湯〜漆平, 総合福祉会館〜森湯〜つりぼり, 太田営業所〜若駒つりぼり, 太田営業所〜里川入口"
池田,茨城交通（株）,"大子A循環, 大子B循環, 大子営業所〜池田中〜大子駅, 大子駅〜池田中〜蛇穴, 大子駅〜池田中〜門の井, 大子駅前〜フォレスパ大子, 大子駅前〜大子営業所, 唐竹久保〜池田中〜大子駅"
中村入口,茨城交通（株）,"大子営業所〜森の前, 大子駅前〜森の前"
老人ホーム入口,茨城交通（株）,"大子A循環, 大子B循環, 大子営業所〜森の前, 大子営業所〜大子駅前, 大子営業所〜栃原新田, 大子営業所〜馬次入口, 大子営業所〜梨野沢〜地瀬, 大子駅前〜高藪下〜家戸内, 大子駅前〜蛇穴, 大子駅前〜唐竹久保"
旧消防署前［北茨城市］,北茨城市,中郷線
中郷第一小学校入口,北茨城市,中郷線
上の畑,北茨城市,石岡線
八戸橋,茨城交通（株）,大子駅前〜盛泉
椢立目,茨城交通（株）,"大子営業所〜梨野沢〜地瀬, 大子駅前〜梨野沢〜地瀬"
芦野倉,茨城交通（株）,大子駅前〜盛泉
鉱業所下,北茨城市,石岡線
徳田宿上,茨城交通（株）,"下幡〜漆平, 総合福祉会館〜ぬく森の湯〜漆平, 総合福祉会館〜森湯〜つりぼり, 太田営業所〜若駒つりぼり, 太田営業所〜里川入口"
石岡スポーツ広場前,北茨城市,"石岡線, 中郷線"
黒羽根道,茨城交通（株）,"大子営業所〜森の前, 大子駅前〜森の前, 大子駅前〜盛泉"
志那志口,茨城交通（株）,大子駅前〜盛泉
大子温泉入口,茨城交通（株）,"大子A循環, 大子B循環, 大子営業所〜森の前, 大子営業所〜大子駅前, 大子営業所〜栃原新田, 大子営業所〜馬次入口, 大子営業所〜梨野沢〜地瀬, 大子駅前〜高藪下〜家戸内, 大子駅前〜蛇穴, 大子駅前〜唐竹久保"
上岡,茨城交通（株）,"大子営業所〜森の前, 大子駅前〜森の前, 大子駅前〜盛泉"
徳田宿下,茨城交通（株）,"下幡〜漆平, 総合福祉会館〜ぬく森の湯〜漆平, 総合福祉会館〜森湯〜つりぼり, 太田営業所〜若駒つりぼり, 太田営業所〜里川入口"
上金沢,茨城交通（株）,大子駅前〜盛泉
久慈橋場,茨城交通（株）,大子駅前〜盛泉
下桜井市営団地前,北茨城市,中郷線
近町,茨城交通（株）,"大子営業所〜森の前, 大子駅前〜森の前, 大子駅前〜盛泉"
相川口,茨城交通（株）,大子駅前〜盛泉
下金沢,茨城交通（株）,大子駅前〜盛泉
生瀬小学校,茨城交通（株）,"生瀬小学校〜高藪下〜大子営業所, 大子駅前〜高藪下〜家戸内"
常磐炭鉱前,北茨城市,"石岡線, 中郷線"
依上,茨城交通（株）,大子駅前〜盛泉
鷺の巣,茨城交通（株）,大子駅前〜盛泉
旧上岡小学校前,茨城交通（株）,"大子営業所〜森の前, 大子駅前〜森の前, 大子駅前〜盛泉"
上岡橋,茨城交通（株）,"大子営業所〜森の前, 大子駅前〜森の前, 大子駅前〜盛泉"
上桜井,北茨城市,中郷線
大子消防署前,茨城交通（株）,"大子A循環, 大子B循環, 大子営業所〜池田中〜大子駅, 大子駅〜池田中〜蛇穴, 大子駅〜池田中〜門の井, 大子駅前〜フォレスパ大子, 大子駅前〜大子営業所, 唐竹久保〜池田中〜大子駅"
田野河原,茨城交通（株）,"大子営業所〜森の前, 大子駅前〜森の前, 大子駅前〜盛泉"
仲の内入口,茨城交通（株）,"大子営業所〜森の前, 大子駅前〜森の前, 大子駅前〜盛泉"
徳田竹の内,茨城交通（株）,"下幡〜漆平, 総合福祉会館〜ぬく森の湯〜漆平, 総合福祉会館〜森湯〜つりぼり, 太田営業所〜若駒つりぼり, 太田営業所〜里川入口"
池田橋,茨城交通（株）,"大子A循環, 大子B循環, 大子営業所〜森の前, 大子営業所〜大子駅前, 大子営業所〜栃原新田, 大子営業所〜馬次入口, 大子営業所〜梨野沢〜地瀬, 大子駅前〜高藪下〜家戸内, 大子駅前〜蛇穴, 大子駅前〜唐竹久保"
愛宕町（大子）,茨城交通（株）,"大子営業所〜森の前, 大子営業所〜梨野沢〜地瀬, 大子駅前〜森の前, 大子駅前〜盛泉, 大子駅前〜梨野沢〜地瀬"
足洗,北茨城市,中郷線
中郷中学校入口,北茨城市,中郷線
金町,茨城交通（株）,"大子A循環, 大子B循環, 大子営業所〜森の前, 大子営業所〜大子駅前, 大子営業所〜池田中〜大子駅, 大子営業所〜栃原新田, 大子営業所〜馬次入口, 大子営業所〜梨野沢〜地瀬, 大子駅〜池田中〜蛇穴, 大子駅〜池田中〜門の井, 大子駅前〜高藪下〜家戸内, 大子駅前〜蛇穴, 大子駅前〜唐竹久保, 唐竹久保〜池田中〜大子駅"
大子警察署前,茨城交通（株）,"大子A循環, 大子B循環, 大子駅前〜フォレスパ大子, 大子駅前〜大子営業所"
柳町,茨城交通（株）,大子駅前〜高藪下〜家戸内
松井,北茨城市,中郷線
えみの里前,茨城交通（株）,"下幡〜漆平, 総合福祉会館〜ぬく森の湯〜漆平, 総合福祉会館〜森湯〜つりぼり, 太田営業所〜若駒つりぼり, 太田営業所〜里川入口"
古宿,茨城交通（株）,大子駅前〜高藪下〜家戸内
京塚,茨城交通（株）,大子駅前〜高藪下〜家戸内
前柏原,茨城交通（株）,大子駅前〜高藪下〜家戸内
入柏原,茨城交通（株）,大子駅前〜高藪下〜家戸内
大子局前,茨城交通（株）,"大子A循環, 大子営業所〜森の前, 大子営業所〜大子駅前, 大子営業所〜池田中〜大子駅, 大子営業所〜栃原新田, 大子営業所〜馬次入口, 大子営業所〜梨野沢〜地瀬, 大子駅〜池田中〜蛇穴, 大子駅前〜高藪下〜家戸内, 大子駅前〜蛇穴, 大子駅前〜唐竹久保, 唐竹久保〜池田中〜大子駅"
根本,茨城交通（株）,"大子営業所〜馬次入口, 大子駅前〜高藪下〜家戸内, 大子駅前〜馬次入口"
本町（大子町）,茨城交通（株）,"大子A循環, 大子営業所〜森の前, 大子営業所〜大子駅前, 大子営業所〜池田中〜大子駅, 大子営業所〜栃原新田, 大子営業所〜馬次入口, 大子営業所〜梨野沢〜地瀬, 大子駅〜池田中〜蛇穴, 大子駅前〜高藪下〜家戸内, 大子駅前〜蛇穴, 大子駅前〜唐竹久保, 唐竹久保〜池田中〜大子駅"
大子駅前,茨城交通（株）,"大子A循環, 大子B循環, 大子営業所〜森の前, 大子営業所〜大子駅前, 大子営業所〜池田中〜大子駅, 大子営業所〜栃原新田, 大子営業所〜馬次入口, 大子営業所〜梨野沢〜地瀬, 大子駅〜池田中〜蛇穴, 大子駅〜池田中〜門の井, 大子駅前〜フォレスパ大子, 大子駅前〜高藪下〜家戸内, 大子駅前〜蛇穴, 大子駅前〜森の前, 大子駅前〜盛泉, 大子駅前〜大子営業所, 大子駅前〜滝本, 大子駅前〜唐竹久保, 大子駅前〜栃原新田, 大子駅前〜馬次入口, 大子駅前〜梨野沢〜地瀬, 唐竹久保〜池田中〜大子駅"
常陽銀行大子支店前,茨城交通（株）,"大子B循環, 大子営業所〜森の前, 大子営業所〜大子駅前, 大子営業所〜池田中〜大子駅, 大子営業所〜栃原新田, 大子営業所〜馬次入口, 大子営業所〜梨野沢〜地瀬, 大子駅〜池田中〜蛇穴, 大子駅〜池田中〜門の井, 大子駅前〜フォレスパ大子, 大子駅前〜高藪下〜家戸内, 大子駅前〜蛇穴, 大子駅前〜栃原新田, 大子駅前〜馬次入口"
中井塚,茨城交通（株）,"下幡〜漆平, 総合福祉会館〜ぬく森の湯〜漆平, 総合福祉会館〜森湯〜つりぼり, 太田営業所〜若駒つりぼり, 太田営業所〜里川入口"
三鉱,北茨城市,中郷線
泉町新道,茨城交通（株）,"大子A循環, 大子B循環, 大子営業所〜栃原新田, 大子営業所〜馬次入口, 大子駅前〜フォレスパ大子, 大子駅前〜大子営業所, 大子駅前〜栃原新田, 大子駅前〜馬次入口"
グリーンヒル中郷,北茨城市,中郷線
グリーンヒル中郷,茨城交通（株）,南中郷駅〜グリーンヒル中郷
泉町（大子町）,茨城交通（株）,"大子A循環, 大子B循環, 大子営業所〜栃原新田, 大子営業所〜馬次入口, 大子駅前〜フォレスパ大子, 大子駅前〜大子営業所, 大子駅前〜栃原新田, 大子駅前〜馬次入口"
集会所前,北茨城市,中郷線
集会所前,茨城交通（株）,南中郷駅〜グリーンヒル中郷
苗代田,茨城交通（株）,"大子営業所〜馬次入口, 大子駅前〜馬次入口"
小生瀬,茨城交通（株）,"大子営業所〜馬次入口, 大子駅前〜馬次入口"
大子町役場,茨城交通（株）,"大子A循環, 大子B循環, 大子営業所〜栃原新田, 大子営業所〜馬次入口, 大子駅前〜大子営業所, 大子駅前〜滝本, 大子駅前〜栃原新田, 大子駅前〜馬次入口"
寺地,茨城交通（株）,大子駅前〜高藪下〜家戸内
家戸内,茨城交通（株）,大子駅前〜高藪下〜家戸内
炭鉱口,北茨城市,中郷線
汐見ヶ丘十丁目,茨城交通（株）,南中郷駅〜グリーンヒル中郷
汐見ヶ丘10丁目,北茨城市,中郷線
小生瀬宿中,茨城交通（株）,"大子営業所〜馬次入口, 大子駅前〜馬次入口"
営林署（小妻）,茨城交通（株）,"下幡〜漆平, 総合福祉会館〜ぬく森の湯〜漆平, 総合福祉会館〜森湯〜つりぼり, 太田営業所〜若駒つりぼり, 太田営業所〜里川入口"
希望ヶ丘団地入口,北茨城市,中郷線
汐見ヶ丘九丁目,茨城交通（株）,南中郷駅〜グリーンヒル中郷
大子合同庁舎前,茨城交通（株）,"大子A循環, 大子B循環, 大子営業所〜栃原新田, 大子営業所〜馬次入口, 大子駅前〜大子営業所, 大子駅前〜滝本, 大子駅前〜栃原新田, 大子駅前〜馬次入口"
汐見ヶ丘五丁目,茨城交通（株）,南中郷駅〜グリーンヒル中郷
汐見ヶ丘5丁目,北茨城市,中郷線
道の駅南,茨城交通（株）,"大子A循環, 大子B循環, 大子駅前〜大子営業所"
大沢口,北茨城市,中郷線
小妻馬場,茨城交通（株）,"下幡〜漆平, 総合福祉会館〜ぬく森の湯〜漆平, 総合福祉会館〜森湯〜つりぼり, 太田営業所〜若駒つりぼり, 太田営業所〜里川入口"
油研工業入口,茨城交通（株）,"大子営業所〜栃原新田, 大子営業所〜馬次入口, 大子駅前〜滝本, 大子駅前〜栃原新田, 大子駅前〜馬次入口"
小生瀬上町,茨城交通（株）,"大子営業所〜馬次入口, 大子駅前〜馬次入口"
羽抜田,茨城交通（株）,"大子営業所〜馬次入口, 大子駅前〜馬次入口"
立神入口,茨城交通（株）,"大子営業所〜馬次入口, 大子駅前〜馬次入口"
汐見ヶ丘3丁目,北茨城市,中郷線
汐見ヶ丘三丁目,茨城交通（株）,南中郷駅〜グリーンヒル中郷
小久慈,茨城交通（株）,"大子A循環, 大子B循環, 大子営業所〜栃原新田, 大子営業所〜馬次入口, 大子駅前〜大子営業所, 大子駅前〜滝本, 大子駅前〜栃原新田, 大子駅前〜馬次入口"
滝本,茨城交通（株）,"袋田駅前〜滝本, 大子駅前〜滝本"
汐見ヶ丘一丁目,茨城交通（株）,南中郷駅〜グリーンヒル中郷
汐見ヶ丘1丁目,北茨城市,中郷線
第二団地入口,茨城交通（株）,"大子営業所〜栃原新田, 大子営業所〜馬次入口, 大子駅前〜滝本, 大子駅前〜栃原新田, 大子駅前〜馬次入口"
小妻宿上,茨城交通（株）,"下幡〜漆平, 総合福祉会館〜ぬく森の湯〜漆平, 総合福祉会館〜森湯〜つりぼり, 太田営業所〜若駒つりぼり, 太田営業所〜里川入口"
久野瀬,茨城交通（株）,"大子営業所〜栃原新田, 大子営業所〜馬次入口, 大子駅前〜滝本, 大子駅前〜栃原新田, 大子駅前〜馬次入口"
日棚,北茨城市,中郷線
北田気,茨城交通（株）,"大子営業所〜栃原新田, 大子営業所〜馬次入口, 大子駅前〜滝本, 大子駅前〜栃原新田, 大子駅前〜馬次入口"
王子前,北茨城市,中郷線
粟野,北茨城市,中郷線
北田気下,茨城交通（株）,"大子営業所〜栃原新田, 大子営業所〜馬次入口, 大子駅前〜滝本, 大子駅前〜栃原新田, 大子駅前〜馬次入口"
水根,茨城交通（株）,"大子営業所〜馬次入口, 大子駅前〜馬次入口"
思い出浪漫館前,茨城交通（株）,"袋田駅前〜滝本, 大子営業所〜馬次入口, 大子駅前〜滝本, 大子駅前〜馬次入口"
袋田,茨城交通（株）,"袋田駅前〜滝本, 大子営業所〜馬次入口, 大子駅前〜滝本, 大子駅前〜馬次入口"
小妻宿下,茨城交通（株）,"下幡〜漆平, 総合福祉会館〜ぬく森の湯〜漆平, 総合福祉会館〜森湯〜つりぼり, 太田営業所〜若駒つりぼり, 太田営業所〜里川入口"
割山,茨城交通（株）,"袋田駅前〜滝本, 大子営業所〜栃原新田, 大子営業所〜馬次入口, 大子駅前〜滝本, 大子駅前〜栃原新田, 大子駅前〜馬次入口"
ニュータウン入口,茨城交通（株）,南中郷駅〜グリーンヒル中郷
中郷ニュータウン入口,北茨城市,中郷線
小生瀬入口,茨城交通（株）,"下幡〜漆平, 総合福祉会館〜ぬく森の湯〜漆平, 総合福祉会館〜森湯〜つりぼり, 太田営業所〜若駒つりぼり, 太田営業所〜里川入口"
南中郷郵便局前,北茨城市,中郷線
南中郷郵便局前,茨城交通（株）,南中郷駅〜グリーンヒル中郷
袋田駅前,茨城交通（株）,袋田駅前〜滝本
町井,茨城交通（株）,"大子営業所〜馬次入口, 大子駅前〜馬次入口"
関口,茨城交通（株）,高萩駅〜福祉〜協同病院〜関口
小中車庫,茨城交通（株）,"下幡〜漆平, 小中車庫〜森の湯〜町屋〜太田営, 小中車庫〜分庁舎〜太田営業所, 総合福祉会館〜ぬく森の湯〜漆平, 総合福祉会館〜森湯〜つりぼり, 太田営業所〜若駒つりぼり, 太田営業所〜町屋〜小中車庫, 太田営業所〜里川入口"
南中郷駅,茨城交通（株）,南中郷駅〜グリーンヒル中郷
南中郷駅前,北茨城市,中郷線
小里宿入口,茨城交通（株）,"下幡〜漆平, 小中車庫〜森の湯〜町屋〜太田営, 小中車庫〜分庁舎〜太田営業所, 総合福祉会館〜ぬく森の湯〜漆平, 総合福祉会館〜森湯〜つりぼり, 太田営業所〜若駒つりぼり, 太田営業所〜町屋〜小中車庫, 太田営業所〜里川入口"
入合,茨城交通（株）,"総合福祉会館〜市役所〜入合, 大子営業所〜馬次入口, 大子駅前〜馬次入口, 入合〜水府支所〜総合福祉会館, 入合〜竜神大吊橋〜総合福祉会館"
取上,茨城交通（株）,"総合福祉会館〜市役所〜入合, 大子営業所〜馬次入口, 大子駅前〜馬次入口, 入合〜水府支所〜総合福祉会館, 入合〜竜神大吊橋〜総合福祉会館"
大塩,茨城交通（株）,"大子営業所〜栃原新田, 大子駅前〜栃原新田"
石舟,茨城交通（株）,高萩駅〜福祉〜協同病院〜関口
生田,茨城交通（株）,"下幡〜漆平, 小中車庫〜森の湯〜町屋〜太田営, 小中車庫〜分庁舎〜太田営業所, 総合福祉会館〜ぬく森の湯〜漆平, 総合福祉会館〜森湯〜つりぼり, 太田営業所〜若駒つりぼり, 太田営業所〜町屋〜小中車庫, 太田営業所〜里川入口"
湯草橋,茨城交通（株）,"総合福祉会館〜市役所〜入合, 大子営業所〜馬次入口, 大子駅前〜馬次入口, 入合〜水府支所〜総合福祉会館, 入合〜竜神大吊橋〜総合福祉会館"
丸木,茨城交通（株）,"大子営業所〜栃原新田, 大子駅前〜栃原新田"
石舟橋,茨城交通（株）,高萩駅〜福祉〜協同病院〜関口
白幡台集会所,茨城交通（株）,"下幡〜漆平, 小中車庫〜森の湯〜町屋〜太田営, 小中車庫〜分庁舎〜太田営業所, 総合福祉会館〜ぬく森の湯〜漆平, 総合福祉会館〜森湯〜つりぼり, 太田営業所〜若駒つりぼり, 太田営業所〜町屋〜小中車庫, 太田営業所〜里川入口"
大久保,茨城交通（株）,"総合福祉会館〜市役所〜入合, 大久保〜太田営業所, 大子営業所〜馬次入口, 大子駅前〜馬次入口, 入合〜水府支所〜総合福祉会館, 入合〜竜神大吊橋〜総合福祉会館"
ぬく森の湯,茨城交通（株）,"下幡〜漆平, 小中車庫〜森の湯〜町屋〜太田営, 小中車庫〜分庁舎〜太田営業所, 総合福祉会館〜ぬく森の湯〜漆平, 総合福祉会館〜森湯〜つりぼり, 太田営業所〜若駒つりぼり, 太田営業所〜町屋〜小中車庫, 太田営業所〜里川入口"
馬場,茨城交通（株）,高萩駅〜福祉〜協同病院〜関口
粕塚,茨城交通（株）,"下幡〜漆平, 小中車庫〜森の湯〜町屋〜太田営, 小中車庫〜分庁舎〜太田営業所, 総合福祉会館〜ぬく森の湯〜漆平, 総合福祉会館〜森湯〜つりぼり, 太田営業所〜若駒つりぼり, 太田営業所〜町屋〜小中車庫, 太田営業所〜里川入口"
千代田,茨城交通（株）,"高萩駅〜イオン〜和野〜協同病院, 高萩駅〜協同病院〜千代田, 高萩駅〜福祉〜協同病院〜千代田, 福祉〜高萩駅〜イオン〜協同病院"
前の内（高萩市）,茨城交通（株）,"高萩駅〜イオン〜和野〜協同病院, 高萩駅〜協同病院〜千代田, 高萩駅〜福祉〜協同病院〜関口, 高萩駅〜福祉〜協同病院〜千代田, 福祉〜高萩駅〜イオン〜協同病院"
赤浜,茨城交通（株）,高萩駅〜高萩清松高校
所谷西口,茨城交通（株）,"大子営業所〜栃原新田, 大子駅前〜栃原新田"
穂積家前,茨城交通（株）,高萩駅〜福祉〜協同病院〜関口
湯草,茨城交通（株）,"水府小中学校入口〜湯草, 総合福祉会館〜市役所〜入合, 大久保〜太田営業所, 大子営業所〜馬次入口, 大子駅前〜馬次入口, 入合〜水府支所〜総合福祉会館, 入合〜竜神大吊橋〜総合福祉会館"
里美農協前,茨城交通（株）,"下幡〜漆平, 小中車庫〜森の湯〜町屋〜太田営, 小中車庫〜分庁舎〜太田営業所, 総合福祉会館〜ぬく森の湯〜漆平, 総合福祉会館〜森湯〜つりぼり, 太田営業所〜若駒つりぼり, 太田営業所〜町屋〜小中車庫, 太田営業所〜里川入口"
切草,茨城交通（株）,"大子営業所〜栃原新田, 大子駅前〜栃原新田"
栃原下,茨城交通（株）,"大子営業所〜栃原新田, 大子駅前〜栃原新田"
高萩清松高校前,茨城交通（株）,高萩駅〜高萩清松高校
栃原,茨城交通（株）,"大子営業所〜栃原新田, 大子駅前〜栃原新田"
所谷,茨城交通（株）,"大子営業所〜栃原新田, 大子駅前〜栃原新田"
川側（高萩市）,茨城交通（株）,"高萩駅〜協同病院〜千代田, 高萩駅〜福祉〜協同病院〜千代田"
貝沼入口,茨城交通（株）,"大子営業所〜栃原新田, 大子駅前〜栃原新田"
粕内,茨城交通（株）,"高萩駅〜協同病院〜千代田, 高萩駅〜福祉〜協同病院〜関口, 高萩駅〜福祉〜協同病院〜千代田"
JA斉場前,茨城交通（株）,"高萩駅〜イオン〜和野〜協同病院, 福祉〜高萩駅〜イオン〜協同病院"
堀の内（高萩市）,茨城交通（株）,"高萩駅〜協同病院〜千代田, 高萩駅〜福祉〜協同病院〜関口, 高萩駅〜福祉〜協同病院〜千代田"
小畑橋,茨城交通（株）,"大子営業所〜栃原新田, 大子駅前〜栃原新田"
てつな市営住宅前,茨城交通（株）,"高萩駅〜イオン〜和野〜協同病院, 高萩駅〜協同病院〜千代田, 高萩駅〜福祉〜協同病院〜関口, 高萩駅〜福祉〜協同病院〜千代田, 福祉〜高萩駅〜イオン〜協同病院"
高齢者生産活動センター,茨城交通（株）,"下幡〜漆平, 小中車庫〜森の湯〜町屋〜太田営, 総合福祉会館〜ぬく森の湯〜漆平, 総合福祉会館〜森湯〜つりぼり"
松岡公民館前,茨城交通（株）,"高萩駅〜協同病院〜千代田, 高萩駅〜福祉〜協同病院〜関口, 高萩駅〜福祉〜協同病院〜千代田"
泉沢入口,茨城交通（株）,"下幡〜漆平, 小中車庫〜森の湯〜町屋〜太田営, 小中車庫〜分庁舎〜太田営業所, 総合福祉会館〜ぬく森の湯〜漆平, 総合福祉会館〜森湯〜つりぼり, 太田営業所〜若駒つりぼり, 太田営業所〜町屋〜小中車庫, 太田営業所〜里川入口"
てつな団地,茨城交通（株）,"高萩駅〜イオン〜和野〜協同病院, 高萩駅〜協同病院〜千代田, 高萩駅〜福祉〜協同病院〜関口, 高萩駅〜福祉〜協同病院〜千代田, 福祉〜高萩駅〜イオン〜協同病院"
西平,茨城交通（株）,"大子営業所〜栃原新田, 大子駅前〜栃原新田"
大工町（高萩市）,茨城交通（株）,"高萩駅〜協同病院〜千代田, 高萩駅〜福祉〜協同病院〜関口, 高萩駅〜福祉〜協同病院〜千代田"
仲町,茨城交通（株）,"高萩駅〜協同病院〜千代田, 高萩駅〜福祉〜協同病院〜関口, 高萩駅〜福祉〜協同病院〜千代田"
宮本（栃原）,茨城交通（株）,"大子営業所〜栃原新田, 大子駅前〜栃原新田"
てつな団地中,茨城交通（株）,"高萩駅〜イオン〜和野〜協同病院, 高萩駅〜協同病院〜千代田, 高萩駅〜福祉〜協同病院〜関口, 高萩駅〜福祉〜協同病院〜千代田, 福祉〜高萩駅〜イオン〜協同病院"
ふれあい館前,茨城交通（株）,"下幡〜漆平, 小中車庫〜森の湯〜町屋〜太田営, 総合福祉会館〜ぬく森の湯〜漆平, 総合福祉会館〜森湯〜つりぼり"
大中郵便局前,茨城交通（株）,"下幡〜漆平, 小中車庫〜森の湯〜町屋〜太田営, 小中車庫〜分庁舎〜太田営業所, 総合福祉会館〜ぬく森の湯〜漆平, 総合福祉会館〜森湯〜つりぼり, 太田営業所〜若駒つりぼり, 太田営業所〜町屋〜小中車庫, 太田営業所〜里川入口"
高萩協同病院,茨城交通（株）,"高萩駅〜イオン〜和野〜協同病院, 高萩駅〜協同病院〜千代田, 高萩駅〜福祉〜協同病院〜関口, 高萩駅〜福祉〜協同病院〜千代田, 福祉〜高萩駅〜イオン〜協同病院"
高萩協同病院,椎名観光バス（株）,高萩駅　⇔　高萩共同病院（上和野）線
下町,茨城交通（株）,"高萩駅〜協同病院〜千代田, 高萩駅〜福祉〜協同病院〜関口, 高萩駅〜福祉〜協同病院〜千代田"
上和野,椎名観光バス（株）,高萩駅　⇔　高萩共同病院（上和野）線
山造入口,茨城交通（株）,"大子営業所〜栃原新田, 大子駅前〜栃原新田"
山造,茨城交通（株）,"大子営業所〜栃原新田, 大子駅前〜栃原新田"
持方入口,茨城交通（株）,"水府小中学校入口〜湯草, 総合福祉会館〜市役所〜入合, 大久保〜太田営業所, 大子営業所〜馬次入口, 大子駅前〜馬次入口, 入合〜水府支所〜総合福祉会館, 入合〜竜神大吊橋〜総合福祉会館"
大中近江屋,茨城交通（株）,"下幡〜漆平, 小中車庫〜森の湯〜町屋〜太田営, 小中車庫〜分庁舎〜太田営業所, 総合福祉会館〜ぬく森の湯〜漆平, 総合福祉会館〜森湯〜つりぼり, 太田営業所〜若駒つりぼり, 太田営業所〜町屋〜小中車庫, 太田営業所〜里川入口"
十郎平,茨城交通（株）,"大子営業所〜栃原新田, 大子駅前〜栃原新田"
大沢集会所前,茨城交通（株）,"大子営業所〜栃原新田, 大子駅前〜栃原新田"
天南堂,茨城交通（株）,"高萩駅〜協同病院〜千代田, 高萩駅〜福祉〜協同病院〜関口, 高萩駅〜福祉〜協同病院〜千代田"
大心苑,椎名観光バス（株）,高萩駅　⇔　高萩共同病院（上和野）線
和野,茨城交通（株）,"高萩駅〜イオン〜和野, 高萩駅〜イオン〜和野〜協同病院, 高萩駅〜和野, 福祉〜高萩駅〜イオン〜協同病院"
緑苑住宅前,椎名観光バス（株）,高萩駅　⇔　高萩共同病院（上和野）線
高萩モール前,茨城交通（株）,"高萩駅〜協同病院〜千代田, 高萩駅〜福祉〜協同病院〜関口, 高萩駅〜福祉〜協同病院〜千代田"
岡平,茨城交通（株）,"大子営業所〜栃原新田, 大子駅前〜栃原新田"
仲沢（大子町）,茨城交通（株）,"大子営業所〜栃原新田, 大子駅前〜栃原新田"
市営球場前,椎名観光バス（株）,高萩駅　⇔　高萩共同病院（上和野）線
大心苑前,茨城交通（株）,"高萩駅〜イオン〜和野, 高萩駅〜イオン〜和野〜協同病院, 高萩駅〜和野, 福祉〜高萩駅〜イオン〜協同病院"
高戸入口,茨城交通（株）,高萩駅〜高萩清松高校
大中金沢屋,茨城交通（株）,"下幡〜漆平, 小中車庫〜森の湯〜町屋〜太田営, 小中車庫〜分庁舎〜太田営業所, 総合福祉会館〜ぬく森の湯〜漆平, 総合福祉会館〜森湯〜つりぼり, 太田営業所〜若駒つりぼり, 太田営業所〜町屋〜小中車庫, 太田営業所〜里川入口"
枡形,茨城交通（株）,"高萩駅〜協同病院〜千代田, 高萩駅〜福祉〜協同病院〜関口, 高萩駅〜福祉〜協同病院〜千代田"
お手まき交差点,椎名観光バス（株）,高萩駅　⇔　高萩共同病院（上和野）線
栃原新田,茨城交通（株）,"大子営業所〜栃原新田, 大子駅前〜栃原新田"
大沢（大子）,茨城交通（株）,"大子営業所〜栃原新田, 大子駅前〜栃原新田"
上小川上宿,茨城交通（株）,"大子営業所〜栃原新田, 大子駅前〜栃原新田"
板東塚,椎名観光バス（株）,高萩駅　⇔　高萩共同病院（上和野）線
大中吉野屋,茨城交通（株）,"下幡〜漆平, 小中車庫〜森の湯〜町屋〜太田営, 小中車庫〜分庁舎〜太田営業所, 総合福祉会館〜ぬく森の湯〜漆平, 総合福祉会館〜森湯〜つりぼり, 太田営業所〜若駒つりぼり, 太田営業所〜町屋〜小中車庫, 太田営業所〜里川入口"
和野入口,茨城交通（株）,"高萩駅〜イオン〜和野, 高萩駅〜イオン〜和野〜協同病院, 高萩駅〜和野, 福祉〜高萩駅〜イオン〜協同病院"
里美小北,茨城交通（株）,"小中車庫〜森の湯〜町屋〜太田営, 小中車庫〜分庁舎〜太田営業所, 総合福祉会館〜ぬく森の湯〜漆平, 総合福祉会館〜森湯〜つりぼり, 太田営業所〜若駒つりぼり, 太田営業所〜町屋〜小中車庫, 太田営業所〜里川入口"
高萩警察署前,茨城交通（株）,高萩駅〜高萩清松高校
市場平,茨城交通（株）,"大子営業所〜栃原新田, 大子駅前〜栃原新田"
坂下,茨城交通（株）,"水府小中学校入口〜湯草, 総合福祉会館〜市役所〜入合, 大久保〜太田営業所, 大子営業所〜馬次入口, 大子駅前〜馬次入口, 入合〜水府支所〜総合福祉会館, 入合〜竜神大吊橋〜総合福祉会館"
里美小中学校前,茨城交通（株）,"下幡〜漆平, 小中車庫〜森の湯〜町屋〜太田営, 小中車庫〜分庁舎〜太田営業所, 総合福祉会館〜ぬく森の湯〜漆平, 総合福祉会館〜森湯〜つりぼり, 太田営業所〜若駒つりぼり, 太田営業所〜町屋〜小中車庫, 太田営業所〜里川入口"
行人塚,茨城交通（株）,"高萩駅〜協同病院〜千代田, 高萩駅〜福祉〜協同病院〜関口, 高萩駅〜福祉〜協同病院〜千代田"
駒木原,椎名観光バス（株）,高萩駅　⇔　高萩共同病院（上和野）線
冥賀平,茨城交通（株）,"大子営業所〜栃原新田, 大子駅前〜栃原新田"
北方,茨城交通（株）,"高萩駅〜イオン〜和野, 高萩駅〜イオン〜和野〜協同病院, 高萩駅〜和野, 福祉〜高萩駅〜イオン〜協同病院"
上小川宿,茨城交通（株）,"大子営業所〜栃原新田, 大子駅前〜栃原新田"
駒木原十文字,椎名観光バス（株）,高萩駅　⇔　高萩共同病院（上和野）線
乳児院前,茨城交通（株）,"高萩駅〜イオン〜和野, 高萩駅〜イオン〜和野〜協同病院, 高萩駅〜和野, 福祉〜高萩駅〜イオン〜協同病院"
地蔵前,椎名観光バス（株）,高萩駅　⇔　高萩共同病院（上和野）線
台高萩,椎名観光バス（株）,高萩駅　⇔　高萩共同病院（上和野）線
坂下南橋,茨城交通（株）,"水府小中学校入口〜湯草, 総合福祉会館〜市役所〜入合, 大久保〜太田営業所, 大子営業所〜馬次入口, 大子駅前〜馬次入口, 入合〜水府支所〜総合福祉会館, 入合〜竜神大吊橋〜総合福祉会館"
上小川橋,茨城交通（株）,"大子営業所〜栃原新田, 大子駅前〜栃原新田"
上小川駅前,茨城交通（株）,"大子営業所〜栃原新田, 大子駅前〜栃原新田"
高校入口,椎名観光バス（株）,高萩駅　⇔　高萩共同病院（上和野）線
総合福祉センター（高萩市）,茨城交通（株）,"高萩駅〜福祉〜協同病院〜関口, 高萩駅〜福祉〜協同病院〜千代田, 福祉〜高萩駅〜イオン〜協同病院"
東本町四丁目,茨城交通（株）,高萩駅〜高萩清松高校
西中原,茨城交通（株）,"高萩駅〜イオン〜和野, 高萩駅〜イオン〜和野〜協同病院, 高萩駅〜和野, 福祉〜高萩駅〜イオン〜協同病院"
野倉,茨城交通（株）,"大子営業所〜栃原新田, 大子駅前〜栃原新田"
大沢口,茨城交通（株）,"大子営業所〜栃原新田, 大子駅前〜栃原新田"
県税事務所口,茨城交通（株）,"高萩駅〜協同病院〜千代田, 高萩駅〜高萩清松高校, 高萩駅〜福祉〜協同病院〜関口, 高萩駅〜福祉〜協同病院〜千代田, 福祉〜高萩駅〜イオン〜協同病院"
折橋上,茨城交通（株）,"下幡〜漆平, 小中車庫〜森の湯〜町屋〜太田営, 小中車庫〜分庁舎〜太田営業所, 総合福祉会館〜ぬく森の湯〜漆平, 総合福祉会館〜森湯〜つりぼり, 太田営業所〜若駒つりぼり, 太田営業所〜町屋〜小中車庫, 太田営業所〜里川入口"
貯水池,椎名観光バス（株）,高萩駅　⇔　高萩共同病院（上和野）線
秋山小学校入口,茨城交通（株）,"高萩駅〜イオン〜和野, 高萩駅〜イオン〜和野〜協同病院, 高萩駅〜和野, 福祉〜高萩駅〜イオン〜協同病院"
向洋台団地入口,茨城交通（株）,"高萩駅〜イオン〜和野, 高萩駅〜イオン〜和野〜協同病院, 高萩駅〜和野, 福祉〜高萩駅〜イオン〜協同病院"
島名郵便局前,茨城交通（株）,"高萩駅〜イオン〜和野, 高萩駅〜イオン〜和野〜協同病院, 高萩駅〜和野, 福祉〜高萩駅〜イオン〜協同病院"
高萩常銀前,茨城交通（株）,"高萩駅〜イオン〜和野, 高萩駅〜イオン〜和野〜協同病院, 高萩駅〜協同病院〜千代田, 高萩駅〜高萩清松高校, 高萩駅〜福祉〜協同病院〜関口, 高萩駅〜福祉〜協同病院〜千代田, 高萩駅〜和野, 福祉〜高萩駅〜イオン〜協同病院"
常陽銀行前,椎名観光バス（株）,"高萩駅　⇔　いぶき台団地循環線, 高萩駅　⇔　ソーラーリゾート（旧ゴルフ場）線, 高萩駅　⇔　高萩共同病院（上和野）線"
上圷（高倉）,茨城交通（株）,"水府小中学校入口〜湯草, 総合福祉会館〜市役所〜入合, 大久保〜太田営業所, 大子営業所〜馬次入口, 大子駅前〜馬次入口, 入合〜水府支所〜総合福祉会館, 入合〜竜神大吊橋〜総合福祉会館"
里美文化センター前,茨城交通（株）,"下幡〜漆平, 総合福祉会館〜ぬく森の湯〜漆平, 総合福祉会館〜森湯〜つりぼり"
安良川団地,茨城交通（株）,"高萩駅〜イオン〜和野, 高萩駅〜イオン〜和野〜協同病院, 高萩駅〜和野, 福祉〜高萩駅〜イオン〜協同病院"
折橋十文字,茨城交通（株）,"下幡〜漆平, 小中車庫〜森の湯〜町屋〜太田営, 小中車庫〜分庁舎〜太田営業所, 総合福祉会館〜ぬく森の湯〜漆平, 総合福祉会館〜森湯〜つりぼり, 太田営業所〜若駒つりぼり, 太田営業所〜町屋〜小中車庫, 太田営業所〜里川入口"
高萩駅,椎名観光バス（株）,"高萩駅　⇔　いぶき台団地循環線, 高萩駅　⇔　ソーラーリゾート（旧ゴルフ場）線, 高萩駅　⇔　高萩共同病院（上和野）線"
高萩駅前,茨城交通（株）,"高萩駅〜イオン〜和野, 高萩駅〜イオン〜和野〜協同病院, 高萩駅〜協同病院〜千代田, 高萩駅〜高萩清松高校, 高萩駅〜福祉〜協同病院〜関口, 高萩駅〜福祉〜協同病院〜千代田, 高萩駅〜和野, 福祉〜高萩駅〜イオン〜協同病院"
圷公民館前,茨城交通（株）,"水府小中学校入口〜湯草, 総合福祉会館〜市役所〜入合, 大久保〜太田営業所, 大子営業所〜馬次入口, 大子駅前〜馬次入口, 入合〜水府支所〜総合福祉会館, 入合〜竜神大吊橋〜総合福祉会館"
高萩小学校前,茨城交通（株）,"高萩駅〜イオン〜和野, 高萩駅〜イオン〜和野〜協同病院, 高萩駅〜和野, 福祉〜高萩駅〜イオン〜協同病院"
市役所前,椎名観光バス（株）,高萩駅　⇔　高萩共同病院（上和野）線
折橋下,茨城交通（株）,"小中車庫〜森の湯〜町屋〜太田営, 小中車庫〜分庁舎〜太田営業所, 太田営業所〜若駒つりぼり, 太田営業所〜町屋〜小中車庫, 太田営業所〜里川入口"
高萩市役所入口,茨城交通（株）,"高萩駅〜イオン〜和野, 高萩駅〜イオン〜和野〜協同病院, 高萩駅〜和野, 福祉〜高萩駅〜イオン〜協同病院"
高萩市役所口,椎名観光バス（株）,"高萩駅　⇔　いぶき台団地循環線, 高萩駅　⇔　ソーラーリゾート（旧ゴルフ場）線, 高萩駅　⇔　高萩共同病院（上和野）線"
清水入口バイパス口,茨城交通（株）,"下幡〜漆平, 総合福祉会館〜ぬく森の湯〜漆平, 総合福祉会館〜森湯〜つりぼり"
安良川,茨城交通（株）,"高萩駅〜イオン〜和野, 高萩駅〜イオン〜和野〜協同病院, 高萩駅〜和野, 福祉〜高萩駅〜イオン〜協同病院"
安良川,椎名観光バス（株）,"高萩駅　⇔　いぶき台団地循環線, 高萩駅　⇔　ソーラーリゾート（旧ゴルフ場）線, 高萩駅　⇔　高萩共同病院（上和野）線"
島名中,椎名観光バス（株）,高萩駅　⇔　ソーラーリゾート（旧ゴルフ場）線
下高倉,茨城交通（株）,"水府小中学校入口〜湯草, 総合福祉会館〜市役所〜入合, 大久保〜太田営業所, 大子営業所〜馬次入口, 大子駅前〜馬次入口, 入合〜水府支所〜総合福祉会館, 入合〜竜神大吊橋〜総合福祉会館"
島名団地口,椎名観光バス（株）,高萩駅　⇔　ソーラーリゾート（旧ゴルフ場）線
電々社宅前,椎名観光バス（株）,高萩駅　⇔　いぶき台団地循環線
島名下,椎名観光バス（株）,高萩駅　⇔　ソーラーリゾート（旧ゴルフ場）線
島名第一公園前,椎名観光バス（株）,高萩駅　⇔　ソーラーリゾート（旧ゴルフ場）線
荒屋,椎名観光バス（株）,高萩駅　⇔　ソーラーリゾート（旧ゴルフ場）線
島名,椎名観光バス（株）,高萩駅　⇔　ソーラーリゾート（旧ゴルフ場）線
清水入口,茨城交通（株）,"小中車庫〜森の湯〜町屋〜太田営, 小中車庫〜分庁舎〜太田営業所, 太田営業所〜若駒つりぼり, 太田営業所〜町屋〜小中車庫, 太田営業所〜里川入口"
新町,椎名観光バス（株）,高萩駅　⇔　いぶき台団地循環線
馬次入口,茨城交通（株）,"水府小中学校入口〜湯草, 総合福祉会館〜市役所〜入合, 太田営〜竜神大吊橋〜馬次入口, 太田営業所〜大門〜高倉, 大久保〜太田営業所, 大子営業所〜馬次入口, 大子駅前〜馬次入口, 道の駅ひたちおおた〜馬次入口, 入合〜水府支所〜総合福祉会館, 入合〜竜神大吊橋〜総合福祉会館, 竜神大吊橋線"
安良川南,椎名観光バス（株）,"高萩駅　⇔　ソーラーリゾート（旧ゴルフ場）線, 高萩駅　⇔　高萩共同病院（上和野）線"
河原,椎名観光バス（株）,高萩駅　⇔　ソーラーリゾート（旧ゴルフ場）線
鏡神社前,椎名観光バス（株）,高萩駅　⇔　ソーラーリゾート（旧ゴルフ場）線
境橋,椎名観光バス（株）,高萩駅　⇔　ソーラーリゾート（旧ゴルフ場）線
イオン高萩店前,茨城交通（株）,"高萩駅〜イオン〜和野, 高萩駅〜イオン〜和野〜協同病院, 福祉〜高萩駅〜イオン〜協同病院"
高萩サティ前,椎名観光バス（株）,高萩駅　⇔　いぶき台団地循環線
イオン高萩店入口,茨城交通（株）,"高萩駅〜イオン〜和野, 高萩駅〜イオン〜和野〜協同病院, 福祉〜高萩駅〜イオン〜協同病院"
小菅下圷入口,茨城交通（株）,"下幡〜漆平, 小中車庫〜森の湯〜町屋〜太田営, 小中車庫〜分庁舎〜太田営業所, 総合福祉会館〜ぬく森の湯〜漆平, 総合福祉会館〜森湯〜つりぼり, 太田営業所〜若駒つりぼり, 太田営業所〜町屋〜小中車庫, 太田営業所〜里川入口"
秋山南,椎名観光バス（株）,高萩駅　⇔　ソーラーリゾート（旧ゴルフ場）線
久保田橋,茨城交通（株）,"水府小中学校入口〜湯草, 総合福祉会館〜市役所〜入合, 太田営〜竜神大吊橋〜馬次入口, 太田営業所〜大門〜高倉, 大久保〜太田営業所, 道の駅ひたちおおた〜馬次入口, 入合〜水府支所〜総合福祉会館, 入合〜竜神大吊橋〜総合福祉会館, 竜神大吊橋線"
里美郵便局前,茨城交通（株）,"下幡〜漆平, 小中車庫〜森の湯〜町屋〜太田営, 小中車庫〜分庁舎〜太田営業所, 総合福祉会館〜ぬく森の湯〜漆平, 総合福祉会館〜森湯〜つりぼり, 太田営業所〜若駒つりぼり, 太田営業所〜町屋〜小中車庫, 太田営業所〜里川入口"
石滝,椎名観光バス（株）,高萩駅　⇔　いぶき台団地循環線
細崎,茨城交通（株）,"水府小中学校入口〜湯草, 総合福祉会館〜市役所〜入合, 太田営〜竜神大吊橋〜馬次入口, 太田営業所〜大門〜高倉, 大久保〜太田営業所, 道の駅ひたちおおた〜馬次入口, 入合〜水府支所〜総合福祉会館, 入合〜竜神大吊橋〜総合福祉会館, 竜神大吊橋線"
ソーラーリゾート,椎名観光バス（株）,"十王駅　⇔　ソーラーリゾート（旧ゴルフ場）線, 高萩駅　⇔　ソーラーリゾート（旧ゴルフ場）線"
明秀学園キャンパス前,椎名観光バス（株）,高萩駅　⇔　いぶき台団地循環線
賀美診療所,茨城交通（株）,"下幡〜漆平, 小中車庫〜森の湯〜町屋〜太田営, 小中車庫〜分庁舎〜太田営業所, 総合福祉会館〜ぬく森の湯〜漆平, 総合福祉会館〜森湯〜つりぼり, 太田営業所〜若駒つりぼり, 太田営業所〜町屋〜小中車庫, 太田営業所〜里川入口"
下小幡,椎名観光バス（株）,十王駅　⇔　ソーラーリゾート（旧ゴルフ場）線
上原,茨城交通（株）,"下幡〜漆平, 小中車庫〜森の湯〜町屋〜太田営, 小中車庫〜分庁舎〜太田営業所, 総合福祉会館〜ぬく森の湯〜漆平, 総合福祉会館〜森湯〜つりぼり, 太田営業所〜若駒つりぼり, 太田営業所〜町屋〜小中車庫, 太田営業所〜里川入口"
武生山入口,茨城交通（株）,"水府小中学校入口〜湯草, 総合福祉会館〜市役所〜入合, 太田営〜竜神大吊橋〜馬次入口, 太田営業所〜大門〜高倉, 大久保〜太田営業所, 道の駅ひたちおおた〜馬次入口, 入合〜水府支所〜総合福祉会館, 入合〜竜神大吊橋〜総合福祉会館, 竜神大吊橋線"
石滝市営住宅前,椎名観光バス（株）,高萩駅　⇔　いぶき台団地循環線
石滝団地東,椎名観光バス（株）,"十王駅　⇔　いぶき台団地循環線, 高萩駅　⇔　いぶき台団地循環線"
石滝団地,椎名観光バス（株）,"十王駅　⇔　いぶき台団地循環線, 高萩駅　⇔　いぶき台団地循環線"
石滝団地口,椎名観光バス（株）,"十王駅　⇔　いぶき台団地循環線, 高萩駅　⇔　いぶき台団地循環線"
上原下,茨城交通（株）,"下幡〜漆平, 小中車庫〜森の湯〜町屋〜太田営, 小中車庫〜分庁舎〜太田営業所, 総合福祉会館〜ぬく森の湯〜漆平, 総合福祉会館〜森湯〜つりぼり, 太田営業所〜若駒つりぼり, 太田営業所〜町屋〜小中車庫, 太田営業所〜里川入口"
いぶき台団地口,椎名観光バス（株）,"十王駅　⇔　いぶき台団地循環線, 高萩駅　⇔　いぶき台団地循環線"
畑中（水府）,茨城交通（株）,"水府小中学校入口〜湯草, 総合福祉会館〜市役所〜入合, 太田営〜竜神大吊橋〜馬次入口, 太田営業所〜大門〜高倉, 大久保〜太田営業所, 道の駅ひたちおおた〜馬次入口, 入合〜水府支所〜総合福祉会館, 入合〜竜神大吊橋〜総合福祉会館, 竜神大吊橋線"
黒坂（鬼越）,椎名観光バス（株）,十王駅　⇔　高原（黒坂）線
山部学校下,椎名観光バス（株）,十王駅　⇔　ソーラーリゾート（旧ゴルフ場）線
いぶき台団地西,椎名観光バス（株）,"十王駅　⇔　いぶき台団地循環線, 高萩駅　⇔　いぶき台団地循環線"
冷水場,茨城交通（株）,"下幡〜漆平, 小中車庫〜森の湯〜町屋〜太田営, 小中車庫〜分庁舎〜太田営業所, 総合福祉会館〜ぬく森の湯〜漆平, 総合福祉会館〜森湯〜つりぼり, 太田営業所〜若駒つりぼり, 太田営業所〜町屋〜小中車庫, 太田営業所〜里川入口"
いぶき台団地,椎名観光バス（株）,"十王駅　⇔　いぶき台団地循環線, 高萩駅　⇔　いぶき台団地循環線"
いぶき台団地南,椎名観光バス（株）,"十王駅　⇔　いぶき台団地循環線, 高萩駅　⇔　いぶき台団地循環線"
堂坂,茨城交通（株）,"水府小中学校入口〜湯草, 総合福祉会館〜市役所〜入合, 太田営〜竜神大吊橋〜馬次入口, 太田営業所〜大門〜高倉, 大久保〜太田営業所, 道の駅ひたちおおた〜馬次入口, 入合〜水府支所〜総合福祉会館, 入合〜竜神大吊橋〜総合福祉会館, 竜神大吊橋線"
いぶき台団地公園前,椎名観光バス（株）,"十王駅　⇔　いぶき台団地循環線, 高萩駅　⇔　いぶき台団地循環線"
山部小学校前,椎名観光バス（株）,十王駅　⇔　ソーラーリゾート（旧ゴルフ場）線
愛宕原,椎名観光バス（株）,十王駅　⇔　いぶき台団地循環線
後谷,椎名観光バス（株）,十王駅　⇔　ソーラーリゾート（旧ゴルフ場）線
林木育種センター,椎名観光バス（株）,十王駅　⇔　いぶき台団地循環線
試験場前,椎名観光バス（株）,十王駅　⇔　いぶき台団地循環線
山部,椎名観光バス（株）,十王駅　⇔　ソーラーリゾート（旧ゴルフ場）線
小石川,椎名観光バス（株）,十王駅　⇔　いぶき台団地循環線
小菅篠手,茨城交通（株）,"下幡〜漆平, 小中車庫〜森の湯〜町屋〜太田営, 小中車庫〜分庁舎〜太田営業所, 総合福祉会館〜ぬく森の湯〜漆平, 総合福祉会館〜森湯〜つりぼり, 太田営業所〜若駒つりぼり, 太田営業所〜町屋〜小中車庫, 太田営業所〜里川入口"
黒坂,椎名観光バス（株）,十王駅　⇔　高原（黒坂）線
竜神ダム入口,茨城交通（株）,"水府小中学校入口〜湯草, 総合福祉会館〜市役所〜入合, 太田営〜竜神大吊橋〜馬次入口, 太田営業所〜大門〜高倉, 大久保〜太田営業所, 道の駅ひたちおおた〜馬次入口, 入合〜水府支所〜総合福祉会館, 入合〜竜神大吊橋〜総合福祉会館, 竜神大吊橋線"
池の端団地,椎名観光バス（株）,十王駅　⇔　いぶき台団地循環線
塙,椎名観光バス（株）,十王駅　⇔　ソーラーリゾート（旧ゴルフ場）線
竜神橋,茨城交通（株）,"水府小中学校入口〜湯草, 総合福祉会館〜市役所〜入合, 太田営〜竜神大吊橋〜馬次入口, 太田営業所〜大門〜高倉, 大久保〜太田営業所, 道の駅ひたちおおた〜馬次入口, 入合〜水府支所〜総合福祉会館, 入合〜竜神大吊橋〜総合福祉会館, 竜神大吊橋線"
池の端団地口南,椎名観光バス（株）,十王駅　⇔　いぶき台団地循環線
上台団地,椎名観光バス（株）,十王駅　⇔　いぶき台団地循環線
池の端団地口,椎名観光バス（株）,十王駅　⇔　いぶき台団地循環線
竜神大吊橋,茨城交通（株）,"総合福祉会館〜市役所〜入合, 太田営〜竜神大吊橋〜馬次入口, 入合〜竜神大吊橋〜総合福祉会館, 竜神大吊橋線"
中台入口,椎名観光バス（株）,十王駅　⇔　いぶき台団地循環線
天下野六区,茨城交通（株）,"水府小中学校入口〜湯草, 総合福祉会館〜市役所〜入合, 太田営〜竜神大吊橋〜馬次入口, 太田営業所〜大門〜高倉, 大久保〜太田営業所, 道の駅ひたちおおた〜馬次入口, 入合〜水府支所〜総合福祉会館, 入合〜竜神大吊橋〜総合福祉会館, 竜神大吊橋線"
新田,椎名観光バス（株）,十王駅　⇔　高原（黒坂）線
黒磯,椎名観光バス（株）,十王駅　⇔　ソーラーリゾート（旧ゴルフ場）線
大島,椎名観光バス（株）,十王駅　⇔　ソーラーリゾート（旧ゴルフ場）線
伊師町,椎名観光バス（株）,十王駅　⇔　鵜の岬線
鹿島谷,椎名観光バス（株）,十王駅　⇔　いぶき台団地循環線
座禅山工業団地,椎名観光バス（株）,十王駅　⇔　ソーラーリゾート（旧ゴルフ場）線
十王団地北,椎名観光バス（株）,十王駅　⇔　ソーラーリゾート（旧ゴルフ場）線
境橋（里美）,茨城交通（株）,"下幡〜漆平, 小中車庫〜森の湯〜町屋〜太田営, 小中車庫〜分庁舎〜太田営業所, 総合福祉会館〜ぬく森の湯〜漆平, 総合福祉会館〜森湯〜つりぼり, 太田営業所〜若駒つりぼり, 太田営業所〜町屋〜小中車庫, 太田営業所〜里川入口"
東入口,椎名観光バス（株）,十王駅　⇔　ソーラーリゾート（旧ゴルフ場）線
伊師本郷口,椎名観光バス（株）,十王駅　⇔　いぶき台団地循環線
ゆうゆう十王,椎名観光バス（株）,"十王駅　⇔　いぶき台団地循環線, 十王駅　⇔　ソーラーリゾート（旧ゴルフ場）線, 十王駅　⇔　鵜の岬線, 十王駅　⇔　高原（黒坂）線"
日向,椎名観光バス（株）,十王駅　⇔　高原（黒坂）線
竜神大吊橋入口,茨城交通（株）,"水府小中学校入口〜湯草, 総合福祉会館〜市役所〜入合, 太田営〜竜神大吊橋〜馬次入口, 太田営業所〜大門〜高倉, 大久保〜太田営業所, 道の駅ひたちおおた〜馬次入口, 入合〜水府支所〜総合福祉会館, 入合〜竜神大吊橋〜総合福祉会館, 竜神大吊橋線"
櫛形,椎名観光バス（株）,十王駅　⇔　いぶき台団地循環線
横川,椎名観光バス（株）,十王駅　⇔　高原（黒坂）線
陣屋,椎名観光バス（株）,"十王駅　⇔　いぶき台団地循環線, 十王駅　⇔　高原（黒坂）線"
大平入口,椎名観光バス（株）,十王駅　⇔　高原（黒坂）線
座禅山,椎名観光バス（株）,"十王駅　⇔　ソーラーリゾート（旧ゴルフ場）線, 十王駅　⇔　高原（黒坂）線"
河原野,茨城交通（株）,"下幡〜漆平, 小中車庫〜森の湯〜町屋〜太田営, 小中車庫〜分庁舎〜太田営業所, 総合福祉会館〜ぬく森の湯〜漆平, 総合福祉会館〜森湯〜つりぼり, 太田営業所〜若駒つりぼり, 太田営業所〜町屋〜小中車庫, 太田営業所〜里川入口"
東染明神,茨城交通（株）,"水府小中学校入口〜東染明神, 道の駅〜棚谷〜東染明神"
伊師町入口,椎名観光バス（株）,十王駅　⇔　鵜の岬線
十王支所口,椎名観光バス（株）,"十王駅　⇔　いぶき台団地循環線, 十王駅　⇔　ソーラーリゾート（旧ゴルフ場）線, 十王駅　⇔　鵜の岬線, 十王駅　⇔　高原（黒坂）線"
小学校前,椎名観光バス（株）,十王駅　⇔　高原（黒坂）線
谷地,椎名観光バス（株）,十王駅　⇔　鵜の岬線
福祉作業所,椎名観光バス（株）,"十王駅　⇔　ソーラーリゾート（旧ゴルフ場）線, 十王駅　⇔　高原（黒坂）線"
十王中学校前,椎名観光バス（株）,"十王駅　⇔　ソーラーリゾート（旧ゴルフ場）線, 十王駅　⇔　高原（黒坂）線"
明神,茨城交通（株）,"水府小中学校入口〜東染明神, 道の駅〜棚谷〜東染明神"
高田橋,椎名観光バス（株）,"十王駅　⇔　ソーラーリゾート（旧ゴルフ場）線, 十王駅　⇔　高原（黒坂）線"
高田入口,椎名観光バス（株）,十王駅　⇔　ソーラーリゾート（旧ゴルフ場）線
高田橋入口,椎名観光バス（株）,十王駅　⇔　高原（黒坂）線
常陸川上,椎名観光バス（株）,"十王駅　⇔　ソーラーリゾート（旧ゴルフ場）線, 十王駅　⇔　高原（黒坂）線"
常陸友部,椎名観光バス（株）,"十王駅　⇔　ソーラーリゾート（旧ゴルフ場）線, 十王駅　⇔　高原（黒坂）線"
伊師本郷,椎名観光バス（株）,十王駅　⇔　鵜の岬線
河原田,椎名観光バス（株）,"十王駅　⇔　いぶき台団地循環線, 十王駅　⇔　ソーラーリゾート（旧ゴルフ場）線, 十王駅　⇔　鵜の岬線, 十王駅　⇔　高原（黒坂）線"
古田,椎名観光バス（株）,十王駅　⇔　高原（黒坂）線
川上四区,椎名観光バス（株）,"十王駅　⇔　ソーラーリゾート（旧ゴルフ場）線, 十王駅　⇔　高原（黒坂）線"
本丸,茨城交通（株）,"水府小中学校入口〜湯草, 総合福祉会館〜市役所〜入合, 太田営〜竜神大吊橋〜馬次入口, 太田営業所〜大門〜高倉, 大久保〜太田営業所, 道の駅ひたちおおた〜馬次入口, 入合〜水府支所〜総合福祉会館, 入合〜竜神大吊橋〜総合福祉会館, 竜神大吊橋線"
十王町幼稚園,椎名観光バス（株）,"十王駅　⇔　ソーラーリゾート（旧ゴルフ場）線, 十王駅　⇔　高原（黒坂）線"
長久保,椎名観光バス（株）,十王駅　⇔　高原（黒坂）線
三太の湯,茨城交通（株）,大宮駅前〜三太の湯
塙（美和）,茨城交通（株）,"大宮駅〜済生会〜白谷〜高部〜塙, 大宮駅前〜白谷峠〜北斗星〜塙"
月の平,椎名観光バス（株）,十王駅　⇔　高原（黒坂）線
伊師浜,椎名観光バス（株）,十王駅　⇔　鵜の岬線
十王交流センター前,椎名観光バス（株）,"十王駅　⇔　いぶき台団地循環線, 十王駅　⇔　ソーラーリゾート（旧ゴルフ場）線, 十王駅　⇔　鵜の岬線, 十王駅　⇔　城の丘団地線, 十王駅　⇔　高原（黒坂）線"
枝谷津,茨城交通（株）,"水府小中学校入口〜東染明神, 道の駅〜棚谷〜東染明神"
十王駅西口,椎名観光バス（株）,"十王駅　⇔　いぶき台団地循環線, 十王駅　⇔　ソーラーリゾート（旧ゴルフ場）線, 十王駅　⇔　城の丘団地線, 十王駅　⇔　高原（黒坂）線"
上大原,椎名観光バス（株）,十王駅　⇔　高原（黒坂）線
十王駅東口,椎名観光バス（株）,"十王駅　⇔　いぶき台団地循環線, 十王駅　⇔　ソーラーリゾート（旧ゴルフ場）線, 十王駅　⇔　鵜の岬線, 十王駅　⇔　城の丘団地線, 十王駅　⇔　高原（黒坂）線"
下大原,椎名観光バス（株）,十王駅　⇔　高原（黒坂）線
鉱泉入口（里美）,茨城交通（株）,"下幡〜漆平, 小中車庫〜森の湯〜町屋〜太田営, 小中車庫〜分庁舎〜太田営業所, 総合福祉会館〜ぬく森の湯〜漆平, 総合福祉会館〜森湯〜つりぼり, 太田営業所〜若駒つりぼり, 太田営業所〜町屋〜小中車庫, 太田営業所〜里川入口"
十王駅前,茨城交通（株）,"77十王駅〜豊良台団地〜日立駅, 83十王駅〜滑川十文字〜日立駅, 83十王駅〜高砂工場"
パノラマ公園前,椎名観光バス（株）,十王駅　⇔　高原（黒坂）線
城の丘2丁目,椎名観光バス（株）,十王駅　⇔　城の丘団地線
花町,茨城交通（株）,"水府小中学校入口〜湯草, 総合福祉会館〜市役所〜入合, 太田営〜竜神大吊橋〜馬次入口, 太田営業所〜大門〜高倉, 大久保〜太田営業所, 道の駅ひたちおおた〜馬次入口, 入合〜水府支所〜総合福祉会館, 入合〜竜神大吊橋〜総合福祉会館, 竜神大吊橋線"
いさご沢入口,茨城交通（株）,"小中車庫〜森の湯〜町屋〜太田営, 小中車庫〜分庁舎〜太田営業所, 総合福祉会館〜ぬく森の湯〜漆平, 総合福祉会館〜森湯〜つりぼり, 太田営業所〜若駒つりぼり, 太田営業所〜町屋〜小中車庫, 太田営業所〜里川入口"
城の丘4丁目,椎名観光バス（株）,十王駅　⇔　城の丘団地線
照願寺前,茨城交通（株）,"大宮駅〜済生会〜白谷〜高部〜塙, 大宮駅前〜白谷峠〜北斗星〜塙"
城の丘1丁目,椎名観光バス（株）,十王駅　⇔　城の丘団地線
黒田,椎名観光バス（株）,十王駅　⇔　高原（黒坂）線
下幡,茨城交通（株）,下幡〜漆平
七の内入口,茨城交通（株）,"大宮駅〜済生会〜長沢〜高部車庫, 大宮駅〜済生会〜白谷〜高部〜塙, 大宮駅前〜ささの湯〜北斗星, 大宮駅前〜白谷峠〜北斗星〜塙"
清宿,茨城交通（株）,"大宮駅〜済生会〜長沢〜高部車庫, 大宮駅〜済生会〜白谷〜高部〜塙, 大宮駅前〜ささの湯〜北斗星, 大宮駅前〜白谷峠〜北斗星〜塙"
四反田,茨城交通（株）,"77十王駅〜豊良台団地〜日立駅, 83十王駅〜滑川十文字〜日立駅, 83十王駅〜高砂工場"
清水（常陸太田市）,茨城交通（株）,"水府小中学校入口〜東染明神, 道の駅〜棚谷〜東染明神"
天下野三区,茨城交通（株）,"水府小中学校入口〜湯草, 総合福祉会館〜市役所〜入合, 太田営〜竜神大吊橋〜馬次入口, 太田営業所〜大門〜高倉, 大久保〜太田営業所, 道の駅ひたちおおた〜馬次入口, 入合〜水府支所〜総合福祉会館, 入合〜竜神大吊橋〜総合福祉会館, 竜神大吊橋線"
城の丘5丁目,椎名観光バス（株）,十王駅　⇔　城の丘団地線
城の丘3丁目,椎名観光バス（株）,十王駅　⇔　城の丘団地線
山方諸沢簡易郵便局前,茨城交通（株）,大宮駅前〜三太の湯
三ツ木,茨城交通（株）,"大宮駅〜済生会〜長沢〜高部車庫, 大宮駅〜済生会〜白谷〜高部〜塙, 大宮駅前〜ささの湯〜北斗星, 大宮駅前〜白谷峠〜北斗星〜塙"
民宿前,椎名観光バス（株）,十王駅　⇔　鵜の岬線
伊師浜海岸口,椎名観光バス（株）,十王駅　⇔　鵜の岬線
川尻町郵便局前,茨城交通（株）,"83十王駅〜滑川十文字〜日立駅, 83十王駅〜高砂工場"
堀之内,茨城交通（株）,"水府小中学校入口〜湯草, 総合福祉会館〜市役所〜入合, 太田営〜竜神大吊橋〜馬次入口, 太田営業所〜大門〜高倉, 大久保〜太田営業所, 道の駅ひたちおおた〜馬次入口, 入合〜水府支所〜総合福祉会館, 入合〜竜神大吊橋〜総合福祉会館, 竜神大吊橋線"
細田（里美）,茨城交通（株）,"小中車庫〜森の湯〜町屋〜太田営, 小中車庫〜分庁舎〜太田営業所, 総合福祉会館〜ぬく森の湯〜漆平, 総合福祉会館〜森湯〜つりぼり, 太田営業所〜若駒つりぼり, 太田営業所〜町屋〜小中車庫, 太田営業所〜里川入口"
鷲の子山村広場,茨城交通（株）,"大宮駅〜済生会〜白谷〜高部〜塙, 大宮駅前〜白谷峠〜北斗星〜塙"
天下野宿・天下野診療所前,茨城交通（株）,"水府小中学校入口〜湯草, 総合福祉会館〜市役所〜入合, 太田営〜竜神大吊橋〜馬次入口, 太田営業所〜大門〜高倉, 大久保〜太田営業所, 道の駅ひたちおおた〜馬次入口, 入合〜水府支所〜総合福祉会館, 入合〜竜神大吊橋〜総合福祉会館, 竜神大吊橋線"
豊浦工場,茨城交通（株）,77十王駅〜豊良台団地〜日立駅
旧中央保育園前（常陸大宮市）,茨城交通（株）,"大宮駅〜済生会〜長沢〜高部車庫, 大宮駅〜済生会〜白谷〜高部〜塙, 大宮駅前〜ささの湯〜北斗星, 大宮駅前〜白谷峠〜北斗星〜塙"
鵜の岬国民宿舎前,椎名観光バス（株）,十王駅　⇔　鵜の岬線
鏡泉院入口,茨城交通（株）,大宮駅前〜三太の湯
美和支所,茨城交通（株）,"大宮駅〜済生会〜長沢〜高部車庫, 大宮駅〜済生会〜白谷〜高部〜塙, 大宮駅前〜ささの湯〜北斗星, 大宮駅前〜白谷峠〜北斗星〜塙"
榎内,茨城交通（株）,"水府小中学校入口〜東染明神, 道の駅〜棚谷〜東染明神"
上桧沢岡田屋前,茨城交通（株）,"大宮駅〜済生会〜長沢〜高部車庫, 大宮駅〜済生会〜白谷〜高部〜塙, 大宮駅前〜ささの湯〜北斗星, 大宮駅前〜白谷峠〜北斗星〜塙"
高部,茨城交通（株）,"大宮駅〜済生会〜長沢〜高部車庫, 大宮駅〜済生会〜白谷〜高部〜塙, 大宮駅前〜ささの湯〜北斗星, 大宮駅前〜白谷峠〜北斗星〜塙"
高部車庫,茨城交通（株）,"大宮駅〜済生会〜長沢〜高部車庫, 大宮駅〜済生会〜白谷〜高部〜塙, 大宮駅前〜ささの湯〜北斗星, 大宮駅前〜白谷峠〜北斗星〜塙"
旧美和中学校前,茨城交通（株）,"大宮駅〜済生会〜長沢〜高部車庫, 大宮駅〜済生会〜白谷〜高部〜塙, 大宮駅前〜ささの湯〜北斗星, 大宮駅前〜白谷峠〜北斗星〜塙"
鵜の岬温泉前,椎名観光バス（株）,十王駅　⇔　鵜の岬線
鷲の子糀屋前,茨城交通（株）,"大宮駅〜済生会〜白谷〜高部〜塙, 大宮駅前〜白谷峠〜北斗星〜塙"
里美橋,茨城交通（株）,"小中車庫〜森の湯〜町屋〜太田営, 小中車庫〜分庁舎〜太田営業所, 総合福祉会館〜ぬく森の湯〜漆平, 総合福祉会館〜森湯〜つりぼり, 太田営業所〜若駒つりぼり, 太田営業所〜町屋〜小中車庫, 太田営業所〜里川入口"
日立北高入口,茨城交通（株）,"83十王駅〜滑川十文字〜日立駅, 83十王駅〜高砂工場"
砂沢,茨城交通（株）,83十王駅〜滑川十文字〜日立駅
天下野坂本,茨城交通（株）,"水府小中学校入口〜湯草, 総合福祉会館〜市役所〜入合, 太田営〜竜神大吊橋〜馬次入口, 太田営業所〜大門〜高倉, 大久保〜太田営業所, 道の駅ひたちおおた〜馬次入口, 入合〜水府支所〜総合福祉会館, 入合〜竜神大吊橋〜総合福祉会館, 竜神大吊橋線"
国井入口,茨城交通（株）,77十王駅〜豊良台団地〜日立駅
砂沢公民館前,茨城交通（株）,83十王駅〜滑川十文字〜日立駅
上桧沢,茨城交通（株）,"大宮駅〜済生会〜長沢〜高部車庫, 大宮駅〜済生会〜白谷〜高部〜塙, 大宮駅前〜ささの湯〜北斗星, 大宮駅前〜白谷峠〜北斗星〜塙"
谷熊佐藤,茨城交通（株）,"大宮駅〜済生会〜白谷〜高部〜塙, 大宮駅前〜ささの湯〜北斗星, 大宮駅前〜白谷峠〜北斗星〜塙"
高砂工場入口,茨城交通（株）,"83十王駅〜滑川十文字〜日立駅, 83十王駅〜高砂工場"
豊良台団地,茨城交通（株）,77十王駅〜豊良台団地〜日立駅
反田川入口,茨城交通（株）,77十王駅〜豊良台団地〜日立駅
鷲の子宿,茨城交通（株）,"大宮駅〜済生会〜白谷〜高部〜塙, 大宮駅前〜白谷峠〜北斗星〜塙"
だいのうしろ児童公園入口,茨城交通（株）,"83十王駅〜滑川十文字〜日立駅, 83十王駅〜高砂工場"
豊良台東,茨城交通（株）,77十王駅〜豊良台団地〜日立駅
小貝浜入口,茨城交通（株）,77十王駅〜豊良台団地〜日立駅
藤坂,椎名観光バス（株）,十王駅　⇔　高原（黒坂）線
天下野局前,茨城交通（株）,"水府小中学校入口〜湯草, 総合福祉会館〜市役所〜入合, 太田営〜竜神大吊橋〜馬次入口, 太田営業所〜大門〜高倉, 大久保〜太田営業所, 道の駅ひたちおおた〜馬次入口, 入合〜水府支所〜総合福祉会館, 入合〜竜神大吊橋〜総合福祉会館, 竜神大吊橋線"
大月,茨城交通（株）,"水府小中学校入口〜東染明神, 道の駅〜棚谷〜東染明神"
美和小学校前,茨城交通（株）,"大宮駅〜済生会〜白谷〜高部〜塙, 大宮駅前〜ささの湯〜北斗星, 大宮駅前〜白谷峠〜北斗星〜塙"
上深荻,茨城交通（株）,"小中車庫〜森の湯〜町屋〜太田営, 小中車庫〜分庁舎〜太田営業所, 総合福祉会館〜ぬく森の湯〜漆平, 総合福祉会館〜森湯〜つりぼり, 太田営業所〜若駒つりぼり, 太田営業所〜町屋〜小中車庫, 太田営業所〜里川入口"
小田野口,茨城交通（株）,"大宮駅〜済生会〜白谷〜高部〜塙, 大宮駅前〜ささの湯〜北斗星, 大宮駅前〜白谷峠〜北斗星〜塙"
山下橋（大宮）,茨城交通（株）,"大宮駅〜済生会〜長沢〜高部車庫, 大宮駅〜済生会〜白谷〜高部〜塙, 大宮駅前〜ささの湯〜北斗星, 大宮駅前〜白谷峠〜北斗星〜塙"
三浦杉前,茨城交通（株）,"大宮駅〜済生会〜白谷〜高部〜塙, 大宮駅前〜ささの湯〜北斗星, 大宮駅前〜白谷峠〜北斗星〜塙"
袋木,茨城交通（株）,"大宮駅〜済生会〜白谷〜高部〜塙, 大宮駅前〜白谷峠〜北斗星〜塙"
諸沢駐在所,茨城交通（株）,大宮駅前〜三太の湯
石畑入口,茨城交通（株）,"水府小中学校入口〜湯草, 総合福祉会館〜市役所〜入合, 太田営〜竜神大吊橋〜馬次入口, 太田営業所〜大門〜高倉, 大久保〜太田営業所, 道の駅ひたちおおた〜馬次入口, 入合〜水府支所〜総合福祉会館, 入合〜竜神大吊橋〜総合福祉会館, 竜神大吊橋線"
観光道路入口,茨城交通（株）,77十王駅〜豊良台団地〜日立駅
東染,茨城交通（株）,"水府小中学校入口〜東染明神, 道の駅〜棚谷〜東染明神"
豊浦小学校入口,茨城交通（株）,"83十王駅〜滑川十文字〜日立駅, 83十王駅〜高砂工場"
空久保,茨城交通（株）,83十王駅〜滑川十文字〜日立駅
川尻十文字,茨城交通（株）,77十王駅〜豊良台団地〜日立駅
道の駅北斗星,茨城交通（株）,"大宮駅前〜ささの湯〜北斗星, 大宮駅前〜白谷峠〜北斗星〜塙, 大宮駅前〜物産C〜北斗星"
柏木,茨城交通（株）,"大宮駅〜済生会〜白谷〜高部〜塙, 大宮駅前〜白谷峠〜北斗星〜塙"
花立自然公園入口,茨城交通（株）,大宮駅前〜物産C〜北斗星
鷲の子下郷,茨城交通（株）,"大宮駅〜済生会〜白谷〜高部〜塙, 大宮駅前〜白谷峠〜北斗星〜塙"
蟹穴,茨城交通（株）,"水府小中学校入口〜東染明神, 道の駅〜棚谷〜東染明神"
鷲の子松坂屋前,茨城交通（株）,"大宮駅〜済生会〜白谷〜高部〜塙, 大宮駅前〜白谷峠〜北斗星〜塙"
坂の上（里美）,茨城交通（株）,"小中車庫〜森の湯〜町屋〜太田営, 小中車庫〜分庁舎〜太田営業所, 総合福祉会館〜ぬく森の湯〜漆平, 総合福祉会館〜森湯〜つりぼり, 太田営業所〜若駒つりぼり, 太田営業所〜町屋〜小中車庫, 太田営業所〜里川入口"
川尻海岸入口,茨城交通（株）,77十王駅〜豊良台団地〜日立駅
中桧沢,茨城交通（株）,"大宮駅〜済生会〜長沢〜高部車庫, 大宮駅〜済生会〜白谷〜高部〜塙, 大宮駅前〜ささの湯〜北斗星, 大宮駅前〜白谷峠〜北斗星〜塙"
天下野二区,茨城交通（株）,"水府小中学校入口〜湯草, 総合福祉会館〜市役所〜入合, 太田営〜竜神大吊橋〜馬次入口, 太田営業所〜大門〜高倉, 大久保〜太田営業所, 道の駅ひたちおおた〜馬次入口, 入合〜水府支所〜総合福祉会館, 入合〜竜神大吊橋〜総合福祉会館, 竜神大吊橋線"
元内（常陸太田市）,茨城交通（株）,"水府小中学校入口〜東染明神, 道の駅〜棚谷〜東染明神"
川尻海岸,茨城交通（株）,80日立駅〜田尻〜川尻海岸
折笠入口,茨城交通（株）,77十王駅〜豊良台団地〜日立駅
珂北前,茨城交通（株）,"大宮駅〜済生会〜長沢〜高部車庫, 大宮駅〜済生会〜白谷〜高部〜塙, 大宮駅前〜ささの湯〜北斗星, 大宮駅前〜白谷峠〜北斗星〜塙"
幌輪,茨城交通（株）,83十王駅〜滑川十文字〜日立駅
海洋センター入口,茨城交通（株）,"水府小中学校入口〜湯草, 総合福祉会館〜市役所〜入合, 太田営〜竜神大吊橋〜馬次入口, 太田営業所〜大門〜高倉, 大久保〜太田営業所, 道の駅ひたちおおた〜馬次入口, 入合〜水府支所〜総合福祉会館, 入合〜竜神大吊橋〜総合福祉会館, 竜神大吊橋線"
折笠,茨城交通（株）,80日立駅〜田尻〜川尻海岸
諸沢二区農村集落センター,茨城交通（株）,大宮駅前〜三太の湯
桧沢局前,茨城交通（株）,"大宮駅〜済生会〜長沢〜高部車庫, 大宮駅〜済生会〜白谷〜高部〜塙, 大宮駅前〜ささの湯〜北斗星, 大宮駅前〜白谷峠〜北斗星〜塙"
細草,茨城交通（株）,"水府小中学校入口〜東染明神, 道の駅〜棚谷〜東染明神"
天下野一区,茨城交通（株）,"水府小中学校入口〜湯草, 総合福祉会館〜市役所〜入合, 太田営〜竜神大吊橋〜馬次入口, 太田営業所〜大門〜高倉, 大久保〜太田営業所, 道の駅ひたちおおた〜馬次入口, 入合〜水府支所〜総合福祉会館, 入合〜竜神大吊橋〜総合福祉会館, 竜神大吊橋線"
桧沢,茨城交通（株）,"大宮駅〜済生会〜長沢〜高部車庫, 大宮駅〜済生会〜白谷〜高部〜塙, 大宮駅前〜ささの湯〜北斗星, 大宮駅前〜白谷峠〜北斗星〜塙"
岩折上,茨城交通（株）,"小中車庫〜森の湯〜町屋〜太田営, 小中車庫〜分庁舎〜太田営業所, 総合福祉会館〜ぬく森の湯〜漆平, 総合福祉会館〜森湯〜つりぼり, 太田営業所〜若駒つりぼり, 太田営業所〜町屋〜小中車庫, 太田営業所〜里川入口"
東の台団地入口,茨城交通（株）,"水府小中学校入口〜東染明神, 道の駅〜棚谷〜東染明神"
沢平,椎名観光バス（株）,十王駅　⇔　高原（黒坂）線
美和総合福祉センター,茨城交通（株）,"大宮駅〜済生会〜長沢〜高部車庫, 大宮駅〜済生会〜白谷〜高部〜塙, 大宮駅前〜ささの湯〜北斗星, 大宮駅前〜白谷峠〜北斗星〜塙"
諸沢入口,茨城交通（株）,大宮駅前〜三太の湯
小木津浜入口,茨城交通（株）,77十王駅〜豊良台団地〜日立駅
岩折,茨城交通（株）,"小中車庫〜森の湯〜町屋〜太田営, 小中車庫〜分庁舎〜太田営業所, 総合福祉会館〜ぬく森の湯〜漆平, 総合福祉会館〜森湯〜つりぼり, 太田営業所〜若駒つりぼり, 太田営業所〜町屋〜小中車庫, 太田営業所〜里川入口"
旧桧沢学校下,茨城交通（株）,"大宮駅〜済生会〜長沢〜高部車庫, 大宮駅〜済生会〜白谷〜高部〜塙, 大宮駅前〜ささの湯〜北斗星, 大宮駅前〜白谷峠〜北斗星〜塙"
西町,茨城交通（株）,83十王駅〜滑川十文字〜日立駅
小木津浜,茨城交通（株）,80日立駅〜田尻〜川尻海岸
深荻橋,茨城交通（株）,60日立駅〜神峰公園口〜東河内
大貝生活改善センター,茨城交通（株）,大宮駅前〜物産C〜北斗星
宮の脇,茨城交通（株）,60日立駅〜神峰公園口〜東河内
入四間下,茨城交通（株）,60日立駅〜神峰公園口〜東河内
呉坪入口,茨城交通（株）,60日立駅〜神峰公園口〜東河内
竹の内（日立市）,茨城交通（株）,60日立駅〜神峰公園口〜東河内
西の内,茨城交通（株）,60日立駅〜神峰公園口〜東河内
梨久保,茨城交通（株）,60日立駅〜神峰公園口〜東河内
辻,茨城交通（株）,"水府小中学校入口〜東染明神, 道の駅〜棚谷〜東染明神"
緑ヶ丘,茨城交通（株）,60日立駅〜神峰公園口〜東河内
滝平,茨城交通（株）,"水府小中学校入口〜湯草, 総合福祉会館〜市役所〜入合, 太田営〜竜神大吊橋〜馬次入口, 太田営業所〜大門〜高倉, 大久保〜太田営業所, 道の駅ひたちおおた〜馬次入口, 入合〜水府支所〜総合福祉会館, 入合〜竜神大吊橋〜総合福祉会館, 竜神大吊橋線"
松ヶ丘団地入口,茨城交通（株）,77十王駅〜豊良台団地〜日立駅
きららの里前,茨城交通（株）,60日立駅〜神峰公園口〜東河内
日高町三丁目,茨城交通（株）,80日立駅〜田尻〜川尻海岸
西上渕入口,茨城交通（株）,"小中車庫〜森の湯〜町屋〜太田営, 小中車庫〜分庁舎〜太田営業所, 総合福祉会館〜ぬく森の湯〜漆平, 総合福祉会館〜森湯〜つりぼり, 太田営業所〜若駒つりぼり, 太田営業所〜町屋〜小中車庫, 太田営業所〜里川入口"
横内,茨城交通（株）,80日立駅〜田尻〜川尻海岸
日高交流センター入口,茨城交通（株）,80日立駅〜田尻〜川尻海岸
若者センター前,茨城交通（株）,60日立駅〜神峰公園口〜東河内
大藪,茨城交通（株）,"金砂郷小学校〜大藪, 大藪〜総合福祉会館"
油ヶ崎,茨城交通（株）,60日立駅〜神峰公園口〜東河内
市営西野内住宅,茨城交通（株）,大宮駅前〜三太の湯
越地,茨城交通（株）,"水府小中学校入口〜東染明神, 道の駅〜棚谷〜東染明神"
自然公園入口,茨城交通（株）,83十王駅〜滑川十文字〜日立駅
入四間宿,茨城交通（株）,60日立駅〜神峰公園口〜東河内
小木津宿,茨城交通（株）,80日立駅〜田尻〜川尻海岸
御岩神社前,茨城交通（株）,60日立駅〜神峰公園口〜東河内
大越,茨城交通（株）,"水府小中学校入口〜東染明神, 道の駅〜棚谷〜東染明神"
日高工場前,茨城交通（株）,75小木津駅〜公園口〜日立駅
下深荻,茨城交通（株）,"小中車庫〜森の湯〜町屋〜太田営, 小中車庫〜分庁舎〜太田営業所, 総合福祉会館〜ぬく森の湯〜漆平, 総合福祉会館〜森湯〜つりぼり, 太田営業所〜若駒つりぼり, 太田営業所〜町屋〜小中車庫, 太田営業所〜里川入口"
桧沢下郷,茨城交通（株）,"大宮駅〜済生会〜長沢〜高部車庫, 大宮駅〜済生会〜白谷〜高部〜塙, 大宮駅前〜ささの湯〜北斗星, 大宮駅前〜白谷峠〜北斗星〜塙"
小木津駅前,茨城交通（株）,75小木津駅〜公園口〜日立駅
油ヶ崎橋,茨城交通（株）,60日立駅〜神峰公園口〜東河内
西消防署,茨城交通（株）,大宮駅前〜物産C〜北斗星
グリーンライン入口,茨城交通（株）,大宮駅前〜三太の湯
西足,茨城交通（株）,"水府小中学校入口〜東染明神, 水府小中学校入口〜湯草, 総合福祉会館〜市役所〜入合, 太田営〜竜神大吊橋〜馬次入口, 太田営業所〜大門〜高倉, 大久保〜太田営業所, 道の駅〜棚谷〜東染明神, 道の駅ひたちおおた〜馬次入口, 入合〜水府支所〜総合福祉会館, 入合〜竜神大吊橋〜総合福祉会館, 竜神大吊橋線"
南静公園入口,茨城交通（株）,"75小木津駅〜公園口〜日立駅, 77十王駅〜豊良台団地〜日立駅"
上宮田代,茨城交通（株）,"上宮田代〜金砂郷中学校, 上宮田代〜公園〜総合福祉会館, 太田営業所〜金砂郷小〜上宮田代, 太田営業所〜利員〜上宮田代, 道の駅〜上宮田代, 福祉会館〜常陸太田駅〜上宮田代"
小木津駅入口,茨城交通（株）,"80日立駅〜田尻〜川尻海岸, 83十王駅〜滑川十文字〜日立駅, 神峰営業所〜レジャー〜日立駅"
中里診療所前,茨城交通（株）,"小中車庫〜森の湯〜町屋〜太田営, 小中車庫〜分庁舎〜太田営業所, 総合福祉会館〜ぬく森の湯〜漆平, 総合福祉会館〜森湯〜つりぼり, 太田営業所〜若駒つりぼり, 太田営業所〜町屋〜小中車庫, 太田営業所〜里川入口"
中里小前,茨城交通（株）,60日立駅〜神峰公園口〜東河内
沢尻（太田）,茨城交通（株）,"金砂郷小学校〜大藪, 大藪〜総合福祉会館"
上渕菊屋,茨城交通（株）,"小中車庫〜森の湯〜町屋〜太田営, 小中車庫〜分庁舎〜太田営業所, 総合福祉会館〜ぬく森の湯〜漆平, 総合福祉会館〜森湯〜つりぼり, 太田営業所〜若駒つりぼり, 太田営業所〜町屋〜小中車庫, 太田営業所〜里川入口"
東河内,茨城交通（株）,"60日立駅〜神峰公園口〜東河内, 小中車庫〜森の湯〜町屋〜太田営, 小中車庫〜分庁舎〜太田営業所, 総合福祉会館〜ぬく森の湯〜漆平, 総合福祉会館〜森湯〜つりぼり, 太田営業所〜若駒つりぼり, 太田営業所〜町屋〜小中車庫, 太田営業所〜里川入口"
JA中里支所前,茨城交通（株）,"小中車庫〜森の湯〜町屋〜太田営, 小中車庫〜分庁舎〜太田営業所, 総合福祉会館〜ぬく森の湯〜漆平, 総合福祉会館〜森湯〜つりぼり, 太田営業所〜若駒つりぼり, 太田営業所〜町屋〜小中車庫, 太田営業所〜里川入口"
長沢峠下,茨城交通（株）,"大宮駅〜済生会〜長沢〜高部車庫, 大宮駅〜済生会〜白谷〜高部〜塙, 大宮駅前〜ささの湯〜北斗星, 大宮駅前〜白谷峠〜北斗星〜塙"
高磯台,茨城交通（株）,"75小木津駅〜公園口〜日立駅, 77十王駅〜豊良台団地〜日立駅"
深久保入口,茨城交通（株）,"逆久保上〜総合福祉会館, 太田営業所〜はたそめ〜逆久保"
有平,茨城交通（株）,"逆久保上〜総合福祉会館, 太田営業所〜はたそめ〜逆久保"
上田尻,茨城交通（株）,"5多賀駅〜上合団地, 82日製山側門〜日立駅〜鞍掛山, 82日立駅〜鞍掛山, 85上合団地〜省線門, 上合団地〜日立総合病院"
舟木電業入口,茨城交通（株）,"上宮田代〜金砂郷中学校, 上宮田代〜公園〜総合福祉会館, 太田営業所〜金砂郷小〜上宮田代, 太田営業所〜利員〜上宮田代, 道の駅〜上宮田代, 福祉会館〜常陸太田駅〜上宮田代"
西染入口,茨城交通（株）,"水府小中学校入口〜東染明神, 水府小中学校入口〜湯草, 総合福祉会館〜市役所〜入合, 太田営〜竜神大吊橋〜馬次入口, 太田営業所〜大門〜高倉, 大久保〜太田営業所, 道の駅〜棚谷〜東染明神, 道の駅ひたちおおた〜馬次入口, 入合〜水府支所〜総合福祉会館, 入合〜竜神大吊橋〜総合福祉会館, 竜神大吊橋線"
山方支所前,茨城交通（株）,大宮駅前〜三太の湯
田尻,茨城交通（株）,"5多賀駅〜上合団地, 80日立駅〜田尻〜川尻海岸, 82日製山側門〜日立駅〜鞍掛山, 82日立駅〜鞍掛山, 83十王駅〜滑川十文字〜日立駅, 85上合団地〜省線門, 上合団地〜日立総合病院, 神峰営業所〜レジャー〜日立駅"
二又,茨城交通（株）,"逆久保上〜総合福祉会館, 太田営業所〜はたそめ〜逆久保"
日鉱記念館前,茨城交通（株）,60日立駅〜神峰公園口〜東河内
上合団地入口,茨城交通（株）,"5多賀駅〜上合団地, 82日製山側門〜日立駅〜鞍掛山, 82日立駅〜鞍掛山, 85上合団地〜省線門, 上合団地〜日立総合病院, 神峰営業所〜レジャー〜日立駅"
常陽銀行山方出張所前,茨城交通（株）,大宮駅前〜三太の湯
そば工房,茨城交通（株）,"金砂郷小学校〜大藪, 大藪〜総合福祉会館"
高鈴入口,茨城交通（株）,"小中車庫〜森の湯〜町屋〜太田営, 小中車庫〜分庁舎〜太田営業所, 総合福祉会館〜ぬく森の湯〜漆平, 総合福祉会館〜森湯〜つりぼり, 太田営業所〜若駒つりぼり, 太田営業所〜町屋〜小中車庫, 太田営業所〜里川入口"
天神前,茨城交通（株）,"84日立駅〜田尻団地, 上合団地〜日立総合病院"
中染,茨城交通（株）,"水府小中学校入口〜東染明神, 水府小中学校入口〜湯草, 総合福祉会館〜市役所〜入合, 太田営〜竜神大吊橋〜馬次入口, 太田営業所〜大門〜高倉, 大久保〜太田営業所, 道の駅〜棚谷〜東染明神, 道の駅ひたちおおた〜馬次入口, 入合〜水府支所〜総合福祉会館, 入合〜竜神大吊橋〜総合福祉会館, 竜神大吊橋線"
鞍掛山,茨城交通（株）,"82日製山側門〜日立駅〜鞍掛山, 82日立駅〜鞍掛山, 鞍掛山〜レジャー〜広〜日立駅, 日立駅〜広〜レジャー〜鞍掛山"
逆久保,茨城交通（株）,"逆久保上〜総合福祉会館, 太田営業所〜はたそめ〜逆久保"
三岫,茨城交通（株）,"逆久保上〜総合福祉会館, 太田営業所〜はたそめ〜逆久保"
下田尻,茨城交通（株）,"5多賀駅〜上合団地, 80日立駅〜田尻〜川尻海岸, 82日製山側門〜日立駅〜鞍掛山, 82日立駅〜鞍掛山, 83十王駅〜滑川十文字〜日立駅, 84日立駅〜田尻団地, 85上合団地〜省線門, 上合団地〜日立総合病院, 神峰営業所〜レジャー〜日立駅"
あかさわ山荘前,茨城交通（株）,60日立駅〜神峰公園口〜東河内
上合団地中,茨城交通（株）,"5多賀駅〜上合団地, 82日製山側門〜日立駅〜鞍掛山, 82日立駅〜鞍掛山, 85上合団地〜省線門, 上合団地〜日立総合病院, 神峰営業所〜レジャー〜日立駅"
上合団地地区センター前,茨城交通（株）,"5多賀駅〜上合団地, 82日製山側門〜日立駅〜鞍掛山, 82日立駅〜鞍掛山, 85上合団地〜省線門, 上合団地〜日立総合病院, 神峰営業所〜レジャー〜日立駅"
上宮高橋,茨城交通（株）,"上宮田代〜金砂郷中学校, 上宮田代〜公園〜総合福祉会館, 太田営業所〜金砂郷小〜上宮田代, 太田営業所〜利員〜上宮田代, 道の駅〜上宮田代, 福祉会館〜常陸太田駅〜上宮田代"
玉簾,茨城交通（株）,"小中車庫〜森の湯〜町屋〜太田営, 小中車庫〜分庁舎〜太田営業所, 総合福祉会館〜ぬく森の湯〜漆平, 総合福祉会館〜森湯〜つりぼり, 太田営業所〜若駒つりぼり, 太田営業所〜町屋〜小中車庫, 太田営業所〜里川入口"
田尻団地入口,茨城交通（株）,"84日立駅〜田尻団地, 上合団地〜日立総合病院"
グリーンタウン上合団地,茨城交通（株）,"5多賀駅〜上合団地, 82日製山側門〜日立駅〜鞍掛山, 82日立駅〜鞍掛山, 85上合団地〜省線門, 上合団地〜日立総合病院, 神峰営業所〜レジャー〜日立駅"
エコス山方店,茨城交通（株）,大宮駅前〜三太の湯
鹿野場（常陸大宮市）,茨城交通（株）,大宮駅〜済生会〜長沢〜高部車庫
氷の沢,茨城交通（株）,"大宮駅〜済生会〜白谷〜高部〜塙, 大宮駅前〜ささの湯〜北斗星, 大宮駅前〜白谷峠〜北斗星〜塙"
上相田団地,茨城交通（株）,"75小木津駅〜公園口〜日立駅, 77十王駅〜豊良台団地〜日立駅"
逆久保上,茨城交通（株）,"逆久保上〜総合福祉会館, 太田営業所〜はたそめ〜逆久保"
美和ささの湯,茨城交通（株）,"大宮駅前〜ささの湯〜北斗星, 大宮駅前〜白谷峠〜北斗星〜塙"
一本杉,茨城交通（株）,60日立駅〜神峰公園口〜東河内
那北前,茨城交通（株）,"大宮駅〜済生会〜白谷〜高部〜塙, 大宮駅前〜ささの湯〜北斗星, 大宮駅前〜白谷峠〜北斗星〜塙"
水府商工会前,茨城交通（株）,"水府小中学校入口〜東染明神, 水府小中学校入口〜湯草, 総合福祉会館〜市役所〜入合, 太田営〜竜神大吊橋〜馬次入口, 太田営業所〜大門〜高倉, 大久保〜太田営業所, 道の駅〜棚谷〜東染明神, 道の駅ひたちおおた〜馬次入口, 入合〜水府支所〜総合福祉会館, 入合〜竜神大吊橋〜総合福祉会館, 竜神大吊橋線"
笹原,茨城交通（株）,"逆久保上〜総合福祉会館, 太田営業所〜はたそめ〜逆久保"
田沢台団地入口,茨城交通（株）,"5多賀駅〜上合団地, 80日立駅〜田尻〜川尻海岸, 82日製山側門〜日立駅〜鞍掛山, 82日立駅〜鞍掛山, 83十王駅〜滑川十文字〜日立駅, 84日立駅〜田尻団地, 85上合団地〜省線門, 上合団地〜日立総合病院, 神峰営業所〜レジャー〜日立駅"
田尻団地,茨城交通（株）,"84日立駅〜田尻団地, 上合団地〜日立総合病院"
上田沢アパート前,茨城交通（株）,"1多賀駅〜上田沢アパート前, 2多賀駅〜上田沢アパート前"
平山,茨城交通（株）,"小中車庫〜森の湯〜町屋〜太田営, 小中車庫〜分庁舎〜太田営業所, 総合福祉会館〜ぬく森の湯〜漆平, 総合福祉会館〜森湯〜つりぼり, 太田営業所〜若駒つりぼり, 太田営業所〜町屋〜小中車庫, 太田営業所〜里川入口"
天神下,茨城交通（株）,"金砂郷小学校〜大藪, 大藪〜総合福祉会館"
不動滝,茨城交通（株）,60日立駅〜神峰公園口〜東河内
長沢竹之内,茨城交通（株）,大宮駅〜済生会〜長沢〜高部車庫
大串医院前,茨城交通（株）,大宮駅前〜三太の湯
上宮精米所,茨城交通（株）,"上宮田代〜金砂郷中学校, 上宮田代〜公園〜総合福祉会館, 太田営業所〜金砂郷小〜上宮田代, 太田営業所〜利員〜上宮田代, 道の駅〜上宮田代, 福祉会館〜常陸太田駅〜上宮田代"
水府支所,茨城交通（株）,"水府小中学校入口〜東染明神, 水府小中学校入口〜湯草, 総合福祉会館〜市役所〜入合, 太田営〜竜神大吊橋〜馬次入口, 太田営業所〜大門〜高倉, 大久保〜太田営業所, 道の駅〜棚谷〜東染明神, 道の駅ひたちおおた〜馬次入口, 入合〜水府支所〜総合福祉会館, 入合〜竜神大吊橋〜総合福祉会館, 竜神大吊橋線"
田尻小学校入口,茨城交通（株）,"75小木津駅〜公園口〜日立駅, 77十王駅〜豊良台団地〜日立駅"
田畑,茨城交通（株）,"逆久保上〜総合福祉会館, 太田営業所〜はたそめ〜逆久保"
滑川丘,茨城交通（株）,"1多賀駅〜上田沢アパート前, 2多賀駅〜上田沢アパート前, 5多賀駅〜上合団地, 80日立駅〜田尻〜川尻海岸, 82日製山側門〜日立駅〜鞍掛山, 82日立駅〜鞍掛山, 83十王駅〜滑川十文字〜日立駅, 84日立駅〜田尻団地, 85上合団地〜省線門, 上合団地〜日立総合病院, 神峰営業所〜レジャー〜日立駅"
JA常陸山方支店前,茨城交通（株）,大宮駅前〜三太の湯
ハイキングコース入口,茨城交通（株）,"鞍掛山〜レジャー〜広〜日立駅, 神峰営業所〜レジャー〜日立駅, 日立駅〜広〜レジャー〜鞍掛山"
石灰山口,茨城交通（株）,60日立駅〜神峰公園口〜東河内
天神宮前,茨城交通（株）,"逆久保上〜総合福祉会館, 太田営業所〜はたそめ〜逆久保"
日月神社前,茨城交通（株）,"小中車庫〜森の湯〜町屋〜太田営, 小中車庫〜分庁舎〜太田営業所, 総合福祉会館〜ぬく森の湯〜漆平, 総合福祉会館〜森湯〜つりぼり, 太田営業所〜若駒つりぼり, 太田営業所〜町屋〜小中車庫, 太田営業所〜里川入口"
下宮上,茨城交通（株）,"上宮田代〜金砂郷中学校, 上宮田代〜公園〜総合福祉会館, 太田営業所〜金砂郷小〜上宮田代, 太田営業所〜利員〜上宮田代, 道の駅〜上宮田代, 福祉会館〜常陸太田駅〜上宮田代"
長沢,茨城交通（株）,大宮駅〜済生会〜長沢〜高部車庫
水府小・中学校入口,茨城交通（株）,"水府小中学校入口〜岩折入口, 水府小中学校入口〜滝名子, 水府小中学校入口〜東染明神, 水府小中学校入口〜湯草, 総合福祉会館〜市役所〜入合, 太田営〜竜神大吊橋〜馬次入口, 太田営業所〜大門〜高倉, 大久保〜太田営業所, 道の駅〜棚谷〜東染明神, 道の駅ひたちおおた〜馬次入口, 入合〜水府支所〜総合福祉会館, 入合〜竜神大吊橋〜総合福祉会館, 竜神大吊橋線"
後久保団地入口,茨城交通（株）,"1多賀駅〜上田沢アパート前, 2多賀駅〜上田沢アパート前, 5多賀駅〜上合団地, 80日立駅〜田尻〜川尻海岸, 82日製山側門〜日立駅〜鞍掛山, 82日立駅〜鞍掛山, 83十王駅〜滑川十文字〜日立駅, 84日立駅〜田尻団地, 85上合団地〜省線門, 上合団地〜日立総合病院"
文字部,茨城交通（株）,"逆久保上〜総合福祉会館, 太田営業所〜はたそめ〜逆久保"
物産センターかざぐるま,茨城交通（株）,大宮駅前〜物産C〜北斗星
下宮布金,茨城交通（株）,"上宮田代〜金砂郷中学校, 上宮田代〜公園〜総合福祉会館, 太田営業所〜金砂郷小〜上宮田代, 太田営業所〜利員〜上宮田代, 道の駅〜上宮田代, 福祉会館〜常陸太田駅〜上宮田代"
境橋（上小瀬）,茨城交通（株）,"大宮駅前〜上小瀬〜境橋, 大宮駅前〜物産C〜北斗星"
後久保,茨城交通（株）,神峰営業所〜レジャー〜日立駅
町田,茨城交通（株）,"総合福祉会館〜市役所〜入合, 太田営〜竜神大吊橋〜馬次入口, 太田営業所〜大門〜高倉, 大久保〜太田営業所, 道の駅〜棚谷〜東染明神, 道の駅ひたちおおた〜馬次入口, 入合〜水府支所〜総合福祉会館, 入合〜竜神大吊橋〜総合福祉会館, 竜神大吊橋線"
西根橋,茨城交通（株）,"大宮駅前〜上小瀬〜境橋, 大宮駅前〜物産C〜北斗星"
祝崎,茨城交通（株）,"75小木津駅〜公園口〜日立駅, 77十王駅〜豊良台団地〜日立駅"
野沢口,茨城交通（株）,"大宮駅〜済生会〜白谷〜高部〜塙, 大宮駅前〜ささの湯〜北斗星, 大宮駅前〜白谷峠〜北斗星〜塙"
高村外科医院前,茨城交通（株）,大宮駅前〜三太の湯
堰場,茨城交通（株）,"金砂郷小学校〜大藪, 大藪〜総合福祉会館"
滑川十文字,茨城交通（株）,"1多賀駅〜上田沢アパート前, 2多賀駅〜上田沢アパート前, 5多賀駅〜上合団地, 80日立駅〜田尻〜川尻海岸, 82日製山側門〜日立駅〜鞍掛山, 82日立駅〜鞍掛山, 83十王駅〜滑川十文字〜日立駅, 84日立駅〜田尻団地, 85上合団地〜省線門, 上合団地〜日立総合病院"
大雄院事務所前,茨城交通（株）,60日立駅〜神峰公園口〜東河内
中山,茨城交通（株）,"逆久保上〜総合福祉会館, 太田営業所〜はたそめ〜逆久保"
下宮中,茨城交通（株）,"上宮田代〜金砂郷中学校, 上宮田代〜公園〜総合福祉会館, 太田営業所〜金砂郷小〜上宮田代, 太田営業所〜利員〜上宮田代, 道の駅〜上宮田代, 福祉会館〜常陸太田駅〜上宮田代"
シーマーク・スクエア,茨城交通（株）,日立駅〜シーマーク・スクエア
水瀬入口,茨城交通（株）,"小中車庫〜森の湯〜町屋〜太田営, 小中車庫〜分庁舎〜太田営業所, 総合福祉会館〜ぬく森の湯〜漆平, 総合福祉会館〜森湯〜つりぼり, 太田営業所〜若駒つりぼり, 太田営業所〜町屋〜小中車庫, 太田営業所〜里川入口"
清掃センター前,茨城交通（株）,"鞍掛山〜レジャー〜広〜日立駅, 神峰営業所〜レジャー〜日立駅, 日立駅〜広〜レジャー〜鞍掛山"
滑川台,茨城交通（株）,"1多賀駅〜上田沢アパート前, 2多賀駅〜上田沢アパート前, 5多賀駅〜上合団地, 80日立駅〜田尻〜川尻海岸, 82日製山側門〜日立駅〜鞍掛山, 82日立駅〜鞍掛山, 83十王駅〜滑川十文字〜日立駅, 84日立駅〜田尻団地, 85上合団地〜省線門, 上合団地〜日立総合病院"
発電所入口,茨城交通（株）,"小中車庫〜森の湯〜町屋〜太田営, 小中車庫〜分庁舎〜太田営業所, 総合福祉会館〜ぬく森の湯〜漆平, 総合福祉会館〜森湯〜つりぼり, 太田営業所〜若駒つりぼり, 太田営業所〜町屋〜小中車庫, 太田営業所〜里川入口"
高性地橋,茨城交通（株）,"水府小中学校入口〜岩折入口, 水府小中学校入口〜滝名子, 総合福祉会館〜市役所〜入合, 太田営〜竜神大吊橋〜馬次入口, 太田営業所〜大門〜高倉, 大久保〜太田営業所, 道の駅〜棚谷〜東染明神, 道の駅ひたちおおた〜馬次入口, 入合〜水府支所〜総合福祉会館, 入合〜竜神大吊橋〜総合福祉会館, 竜神大吊橋線"
樅木,茨城交通（株）,大宮駅〜済生会〜長沢〜高部車庫
大間ケ沢,茨城交通（株）,"大間ケ沢〜総合福祉会館, 大間ケ沢〜太田営業所, 誉田小学校前〜大間ケ沢"
金山入口,茨城交通（株）,60日立駅〜神峰公園口〜東河内
マルト滑川店前,茨城交通（株）,神峰営業所〜レジャー〜日立駅
造宗,茨城交通（株）,造宗〜機初小学校
松本医院前,茨城交通（株）,"小中車庫〜森の湯〜町屋〜太田営, 小中車庫〜分庁舎〜太田営業所, 総合福祉会館〜ぬく森の湯〜漆平, 総合福祉会館〜森湯〜つりぼり, 太田営業所〜若駒つりぼり, 太田営業所〜町屋〜小中車庫, 太田営業所〜里川入口"
滑川浜入口,茨城交通（株）,"75小木津駅〜公園口〜日立駅, 77十王駅〜豊良台団地〜日立駅"
タービン前,茨城交通（株）,"大宮駅〜済生会〜白谷〜高部〜塙, 大宮駅前〜ささの湯〜北斗星, 大宮駅前〜白谷峠〜北斗星〜塙"
赤土集会所入口,茨城交通（株）,"金砂郷小学校〜大藪, 大藪〜総合福祉会館"
滑川配水場入口,茨城交通（株）,"1多賀駅〜上田沢アパート前, 2多賀駅〜上田沢アパート前, 5多賀駅〜上合団地, 80日立駅〜田尻〜川尻海岸, 82日製山側門〜日立駅〜鞍掛山, 82日立駅〜鞍掛山, 83十王駅〜滑川十文字〜日立駅, 84日立駅〜田尻団地, 85上合団地〜省線門, 上合団地〜日立総合病院"
金砂局前,茨城交通（株）,"上宮田代〜金砂郷中学校, 上宮田代〜公園〜総合福祉会館, 太田営業所〜金砂郷小〜上宮田代, 太田営業所〜利員〜上宮田代, 道の駅〜上宮田代, 福祉会館〜常陸太田駅〜上宮田代"
日立中央インター入口,茨城交通（株）,60日立駅〜神峰公園口〜東河内
西根古内,茨城交通（株）,"大宮駅前〜上小瀬〜境橋, 大宮駅前〜物産C〜北斗星"
塙（常陸太田市）,茨城交通（株）,"逆久保上〜総合福祉会館, 太田営業所〜はたそめ〜逆久保"
長田局前,茨城交通（株）,大宮駅〜済生会〜長沢〜高部車庫
白銀町三丁目,茨城交通（株）,60日立駅〜神峰公園口〜東河内
神峰アパート入口,茨城交通（株）,"1多賀駅〜上田沢アパート前, 2多賀駅〜上田沢アパート前, 5多賀駅〜上合団地, 80日立駅〜田尻〜川尻海岸, 82日製山側門〜日立駅〜鞍掛山, 82日立駅〜鞍掛山, 83十王駅〜滑川十文字〜日立駅, 84日立駅〜田尻団地, 85上合団地〜省線門, 上合団地〜日立総合病院"
造宗入口,茨城交通（株）,"小中車庫〜森の湯〜町屋〜太田営, 小中車庫〜分庁舎〜太田営業所, 総合福祉会館〜ぬく森の湯〜漆平, 総合福祉会館〜森湯〜つりぼり, 造宗〜機初小学校, 太田営業所〜若駒つりぼり, 太田営業所〜町屋〜小中車庫, 太田営業所〜里川入口"
高田,茨城交通（株）,"大間ケ沢〜総合福祉会館, 大間ケ沢〜太田営業所, 誉田小学校前〜大間ケ沢"
真山,茨城交通（株）,"金砂郷小学校〜大藪, 上宮田代〜金砂郷中学校, 上宮田代〜公園〜総合福祉会館, 太田営業所〜金砂郷小〜上宮田代, 太田営業所〜利員〜上宮田代, 道の駅〜上宮田代, 福祉会館〜常陸太田駅〜上宮田代"
かみね市民プール前,茨城交通（株）,"鞍掛山〜レジャー〜広〜日立駅, 神峰営業所〜レジャー〜日立駅, 日立駅〜広〜レジャー〜鞍掛山"
JA常陸緒川支店前,茨城交通（株）,"大宮駅前〜上小瀬〜境橋, 大宮駅前〜物産C〜北斗星"
武道館前（日立市）,茨城交通（株）,60日立駅〜神峰公園口〜東河内
小林医院前,茨城交通（株）,"水府小中学校入口〜岩折入口, 水府小中学校入口〜滝名子, 総合福祉会館〜市役所〜入合, 太田営〜竜神大吊橋〜馬次入口, 太田営業所〜大門〜高倉, 大久保〜太田営業所, 道の駅〜棚谷〜東染明神, 道の駅ひたちおおた〜馬次入口, 入合〜水府支所〜総合福祉会館, 入合〜竜神大吊橋〜総合福祉会館, 竜神大吊橋線"
神峰営業所前,茨城交通（株）,"1多賀駅〜神峰営業所, 2多賀駅〜神峰営業所, 40日立駅〜諏訪大平〜神峰営, 42神峰営〜助川中〜成沢団地, 42神峰営業所〜成沢団地, 47神峰営〜青葉台〜堂平団地, 47神峰営〜日製病院〜堂平団地, 47神峰営業所〜堂平団地, 神峰〜ヨークタウン〜多賀駅, 神峰営業〜健康管理〜堂平団地, 神峰営業所〜ヨーク〜成沢団地内, 神峰営業所〜ヨーク〜堂平団地内, 神峰営業所〜レジャー〜日立駅, 神峰営業所〜日立駅〜多賀駅, 多賀駅〜日立駅〜神峰営業所"
石川医院前,茨城交通（株）,"金砂郷小学校〜大藪, 上宮田代〜金砂郷中学校, 上宮田代〜公園〜総合福祉会館, 太田営業所〜金砂郷小〜上宮田代, 太田営業所〜利員〜上宮田代, 道の駅〜上宮田代, 福祉会館〜常陸太田駅〜上宮田代"
生保内,茨城交通（株）,"75小木津駅〜公園口〜日立駅, 77十王駅〜豊良台団地〜日立駅"
レジャーランド入口,茨城交通（株）,"鞍掛山〜レジャー〜広〜日立駅, 神峰営業所〜レジャー〜日立駅, 日立駅〜広〜レジャー〜鞍掛山"
所沢,茨城交通（株）,"40日立駅〜諏訪大平〜神峰営, 42神峰営〜助川中〜成沢団地, 42神峰営業所〜成沢団地, 47神峰営〜青葉台〜堂平団地, 47神峰営〜日製病院〜堂平団地, 47神峰営業所〜堂平団地, 神峰営業〜健康管理〜堂平団地, 神峰営業所〜ヨーク〜成沢団地内, 神峰営業所〜ヨーク〜堂平団地内"
下平,茨城交通（株）,"逆久保上〜総合福祉会館, 太田営業所〜はたそめ〜逆久保"
山下町（日立市）,茨城交通（株）,"1多賀駅〜上田沢アパート前, 1多賀駅〜神峰営業所, 2多賀駅〜上田沢アパート前, 2多賀駅〜神峰営業所, 5多賀駅〜上合団地, 80日立駅〜田尻〜川尻海岸, 82日製山側門〜日立駅〜鞍掛山, 82日立駅〜鞍掛山, 83十王駅〜滑川十文字〜日立駅, 84日立駅〜田尻団地, 85上合団地〜省線門, 上合団地〜日立総合病院, 神峰〜ヨークタウン〜多賀駅, 神峰営業所〜日立駅〜多賀駅, 多賀駅〜日立駅〜神峰営業所"
椢平,茨城交通（株）,60日立駅〜神峰公園口〜東河内
入山,茨城交通（株）,"大間ケ沢〜総合福祉会館, 大間ケ沢〜太田営業所, 誉田小学校前〜大間ケ沢"
西河内入口,茨城交通（株）,"逆久保上〜総合福祉会館, 小中車庫〜森の湯〜町屋〜太田営, 小中車庫〜分庁舎〜太田営業所, 総合福祉会館〜ぬく森の湯〜漆平, 総合福祉会館〜森湯〜つりぼり, 造宗〜機初小学校, 太田営業所〜はたそめ〜逆久保, 太田営業所〜若駒つりぼり, 太田営業所〜町屋〜小中車庫, 太田営業所〜里川入口"
和久,茨城交通（株）,"水府小中学校入口〜岩折入口, 水府小中学校入口〜滝名子, 総合福祉会館〜市役所〜入合, 太田営〜竜神大吊橋〜馬次入口, 太田営業所〜大門〜高倉, 大久保〜太田営業所, 道の駅〜棚谷〜東染明神, 道の駅ひたちおおた〜馬次入口, 入合〜水府支所〜総合福祉会館, 入合〜竜神大吊橋〜総合福祉会館, 竜神大吊橋線"
高鈴台団地,茨城交通（株）,"47省高鈴台団地〜堂平団地, 65日立駅〜芝内〜高鈴台団地, 高鈴台公民館〜モール前〜日立駅, 日立駅〜モール前〜高鈴台公民館"
淡島神社前,茨城交通（株）,大宮駅〜済生会〜長沢〜高部車庫
大門公民館下,茨城交通（株）,"大間ケ沢〜総合福祉会館, 大間ケ沢〜太田営業所, 誉田小学校前〜大間ケ沢"
高鈴台公民館前,茨城交通（株）,"高鈴台公民館〜モール前〜日立駅, 日立駅〜モール前〜高鈴台公民館"
小瀬高校前,茨城交通（株）,"大宮営業所〜寺前〜小瀬高校, 大宮営業所〜野口〜小瀬高校前, 大宮駅〜済生会〜白谷〜高部〜塙, 大宮駅前〜小瀬高校前"
川西,茨城交通（株）,"大宮駅前〜上小瀬〜境橋, 大宮駅前〜物産C〜北斗星"
万城内,茨城交通（株）,"47省高鈴台団地〜堂平団地, 65日立駅〜芝内〜高鈴台団地, 高鈴台公民館〜モール前〜日立駅, 日立駅〜モール前〜高鈴台公民館"
旧町屋変電所入口,茨城交通（株）,"逆久保上〜総合福祉会館, 小中車庫〜森の湯〜町屋〜太田営, 小中車庫〜分庁舎〜太田営業所, 総合福祉会館〜ぬく森の湯〜漆平, 総合福祉会館〜森湯〜つりぼり, 太田営業所〜はたそめ〜逆久保, 太田営業所〜若駒つりぼり, 太田営業所〜町屋〜小中車庫, 太田営業所〜里川入口"
どうぶつえん入口,茨城交通（株）,"神峰営業所〜レジャー〜日立駅, 日立駅〜広〜レジャー〜鞍掛山"
仲町小学校前,茨城交通（株）,"60日立駅〜神峰公園口〜東河内, 鞍掛山〜レジャー〜広〜日立駅, 神峰営業所〜レジャー〜日立駅"
本宮町一丁目,茨城交通（株）,"1多賀駅〜上田沢アパート前, 1多賀駅〜神峰営業所, 2多賀駅〜上田沢アパート前, 2多賀駅〜神峰営業所, 5多賀駅〜上合団地, 75小木津駅〜公園口〜日立駅, 77十王駅〜豊良台団地〜日立駅, 80日立駅〜田尻〜川尻海岸, 82日立駅〜鞍掛山, 83十王駅〜滑川十文字〜日立駅, 84日立駅〜田尻団地, 85上合団地〜省線門, 上合団地〜日立総合病院, 神峰〜ヨークタウン〜多賀駅, 神峰営業所〜日立駅〜多賀駅"
石畑,茨城交通（株）,"大間ケ沢〜総合福祉会館, 大間ケ沢〜太田営業所, 誉田小学校前〜大間ケ沢"
高鈴台下,茨城交通（株）,"47省高鈴台団地〜堂平団地, 65日立駅〜芝内〜高鈴台団地, 高鈴台公民館〜モール前〜日立駅, 日立駅〜モール前〜高鈴台公民館"
上小瀬十文字,茨城交通（株）,"上小瀬十文字〜玉川駅, 上小瀬十文字〜野口〜大宮駅前, 大宮営業所〜寺前〜小瀬高校, 大宮営業所〜野口〜小瀬高校前, 大宮駅〜済生会〜白谷〜高部〜塙, 大宮駅〜上小瀬十文字, 大宮駅前〜ささの湯〜北斗星, 大宮駅前〜小瀬高校前, 大宮駅前〜上小瀬〜境橋, 大宮駅前〜白谷峠〜北斗星〜塙, 大宮駅前〜物産C〜北斗星"
清水浜,茨城交通（株）,日立駅〜シーマーク・スクエア
町屋中央,茨城交通（株）,"逆久保上〜総合福祉会館, 小中車庫〜森の湯〜町屋〜太田営, 小中車庫〜分庁舎〜太田営業所, 総合福祉会館〜ぬく森の湯〜漆平, 総合福祉会館〜森湯〜つりぼり, 太田営業所〜はたそめ〜逆久保, 太田営業所〜若駒つりぼり, 太田営業所〜町屋〜小中車庫, 太田営業所〜里川入口"
大平・日立警察署前,茨城交通（株）,"40日立駅〜諏訪大平〜神峰営, 42神峰営〜助川中〜成沢団地, 42神峰営業所〜成沢団地, 47神峰営〜青葉台〜堂平団地, 47神峰営〜日製病院〜堂平団地, 47神峰営業所〜堂平団地, 54多賀駅〜山崎工場, 54日立駅〜山崎工場, 神峰営業〜健康管理〜堂平団地, 神峰営業所〜ヨーク〜成沢団地内, 神峰営業所〜ヨーク〜堂平団地内, 日立駅〜シーマーク・スクエア"
照山入口,茨城交通（株）,"金砂郷小学校〜大藪, 上宮田代〜金砂郷中学校, 上宮田代〜公園〜総合福祉会館, 太田営業所〜金砂郷小〜上宮田代, 太田営業所〜利員〜上宮田代, 道の駅〜上宮田代, 福祉会館〜常陸太田駅〜上宮田代"
鹿野場（日立市）,茨城交通（株）,"47省高鈴台団地〜堂平団地, 65日立駅〜芝内〜高鈴台団地, 高鈴台公民館〜モール前〜日立駅, 日立駅〜モール前〜高鈴台公民館"
緒川地域センター,茨城交通（株）,"大宮駅〜上小瀬十文字, 大宮駅前〜ささの湯〜北斗星, 大宮駅前〜上小瀬〜境橋, 大宮駅前〜白谷峠〜北斗星〜塙, 大宮駅前〜物産C〜北斗星"
神峰公園口,茨城交通（株）,"1多賀駅〜上田沢アパート前, 1多賀駅〜神峰営業所, 2多賀駅〜上田沢アパート前, 2多賀駅〜神峰営業所, 5多賀駅〜上合団地, 60日立駅〜神峰公園口〜東河内, 75小木津駅〜公園口〜日立駅, 77十王駅〜豊良台団地〜日立駅, 80日立駅〜田尻〜川尻海岸, 82日製山側門〜日立駅〜鞍掛山, 82日立駅〜鞍掛山, 83十王駅〜滑川十文字〜日立駅, 84日立駅〜田尻団地, 85上合団地〜省線門, 鞍掛山〜レジャー〜広〜日立駅, 上合団地〜日立総合病院, 神峰〜ヨークタウン〜多賀駅, 神峰営業所〜レジャー〜日立駅, 神峰営業所〜日立駅〜多賀駅, 多賀駅〜日立駅〜神峰営業所, 日立駅〜広〜レジャー〜鞍掛山"
荻の窪,茨城交通（株）,大藪〜総合福祉会館
芝内,茨城交通（株）,"47省高鈴台団地〜堂平団地, 64山堂平団地〜芝内, 65日立駅〜芝内〜高鈴台団地, 高鈴台公民館〜モール前〜日立駅, 日立駅〜モール前〜高鈴台公民館"
町屋下宿,茨城交通（株）,"逆久保上〜総合福祉会館, 小中車庫〜森の湯〜町屋〜太田営, 小中車庫〜分庁舎〜太田営業所, 総合福祉会館〜ぬく森の湯〜漆平, 総合福祉会館〜森湯〜つりぼり, 太田営業所〜はたそめ〜逆久保, 太田営業所〜若駒つりぼり, 太田営業所〜町屋〜小中車庫, 太田営業所〜里川入口"
上小瀬丁字路,茨城交通（株）,"上小瀬十文字〜玉川駅, 上小瀬十文字〜野口〜大宮駅前, 大宮営業所〜寺前〜小瀬高校, 大宮営業所〜野口〜小瀬高校前, 大宮駅〜済生会〜白谷〜高部〜塙, 大宮駅〜上小瀬十文字, 大宮駅前〜ささの湯〜北斗星, 大宮駅前〜小瀬高校前, 大宮駅前〜上小瀬〜境橋, 大宮駅前〜白谷峠〜北斗星〜塙, 大宮駅前〜物産C〜北斗星"
小瀬山口,茨城交通（株）,"上小瀬十文字〜玉川駅, 大宮駅〜済生会〜白谷〜高部〜塙, 大宮駅前〜ささの湯〜北斗星, 大宮駅前〜小瀬高校前, 大宮駅前〜白谷峠〜北斗星〜塙, 大宮駅前〜物産C〜北斗星"
山崎工場前,茨城交通（株）,"54多賀駅〜山崎工場, 54日立駅〜山崎工場, 54日立駅〜山崎工場［直通］"
もとみや児童公園入口,茨城交通（株）,"40日立駅〜諏訪大平〜神峰営, 42神峰営〜助川中〜成沢団地, 42神峰営業所〜成沢団地, 47神峰営〜青葉台〜堂平団地, 47神峰営〜日製病院〜堂平団地, 47神峰営業所〜堂平団地, 54多賀駅〜山崎工場, 54日立駅〜山崎工場, 神峰営業〜健康管理〜堂平団地, 神峰営業所〜ヨーク〜成沢団地内, 神峰営業所〜ヨーク〜堂平団地内, 日立駅〜シーマーク・スクエア"
高野（常陸太田市）,茨城交通（株）,大藪〜総合福祉会館
Gセブン前,茨城交通（株）,造宗〜機初小学校
菅野,茨城交通（株）,"大間ケ沢〜総合福祉会館, 大間ケ沢〜太田営業所, 誉田小学校前〜大間ケ沢"
上利員十文字,茨城交通（株）,"金砂郷小学校〜大藪, 上宮田代〜金砂郷中学校, 上宮田代〜公園〜総合福祉会館, 太田営業所〜金砂郷小〜上宮田代, 太田営業所〜利員〜上宮田代, 道の駅〜上宮田代, 福祉会館〜常陸太田駅〜上宮田代"
宮田町二丁目,茨城交通（株）,"1多賀駅〜上田沢アパート前, 1多賀駅〜神峰営業所, 2多賀駅〜上田沢アパート前, 2多賀駅〜神峰営業所, 5多賀駅〜上合団地, 60日立駅〜神峰公園口〜東河内, 75小木津駅〜公園口〜日立駅, 77十王駅〜豊良台団地〜日立駅, 80日立駅〜田尻〜川尻海岸, 82日製山側門〜日立駅〜鞍掛山, 82日立駅〜鞍掛山, 83十王駅〜滑川十文字〜日立駅, 84日立駅〜田尻団地, 85上合団地〜省線門, 鞍掛山〜レジャー〜広〜日立駅, 上合団地〜日立総合病院, 神峰〜ヨークタウン〜多賀駅, 神峰営業所〜レジャー〜日立駅, 神峰営業所〜日立駅〜多賀駅, 多賀駅〜日立駅〜神峰営業所, 日立駅〜広〜レジャー〜鞍掛山"
桜塚,茨城交通（株）,"高鈴台公民館〜モール前〜日立駅, 日立駅〜モール前〜高鈴台公民館"
中照田,茨城交通（株）,大宮駅〜済生会〜長沢〜高部車庫
町屋橋,茨城交通（株）,"逆久保上〜総合福祉会館, 小中車庫〜森の湯〜町屋〜太田営, 小中車庫〜分庁舎〜太田営業所, 総合福祉会館〜ぬく森の湯〜漆平, 総合福祉会館〜森湯〜つりぼり, 太田営業所〜はたそめ〜逆久保, 太田営業所〜若駒つりぼり, 太田営業所〜町屋〜小中車庫, 太田営業所〜里川入口"
市立おがわ幼稚園,茨城交通（株）,"上小瀬十文字〜野口〜大宮駅前, 大宮営業所〜寺前〜小瀬高校, 大宮営業所〜野口〜小瀬高校前, 大宮駅〜上小瀬十文字, 大宮駅前〜上小瀬〜境橋"
宮田町一丁目,茨城交通（株）,"47省高鈴台団地〜堂平団地, 64山堂平団地〜芝内, 65日立駅〜芝内〜高鈴台団地"
戸の内（日立市）,茨城交通（株）,"40日立駅〜諏訪大平〜神峰営, 42神峰営〜助川中〜成沢団地, 42神峰営業所〜成沢団地, 47神峰営〜青葉台〜堂平団地, 47神峰営〜日製病院〜堂平団地, 47神峰営業所〜堂平団地, 54多賀駅〜山崎工場, 54日立駅〜山崎工場, 神峰営業〜健康管理〜堂平団地, 神峰営業所〜ヨーク〜成沢団地内, 神峰営業所〜ヨーク〜堂平団地内, 日立駅〜シーマーク・スクエア"
国安,茨城交通（株）,"水府小中学校入口〜岩折入口, 水府小中学校入口〜滝名子, 総合福祉会館〜市役所〜入合, 太田営〜竜神大吊橋〜馬次入口, 太田営業所〜大門〜高倉, 大久保〜太田営業所, 道の駅〜棚谷〜東染明神, 道の駅ひたちおおた〜馬次入口, 入合〜水府支所〜総合福祉会館, 入合〜竜神大吊橋〜総合福祉会館, 竜神大吊橋線"
白谷峠,茨城交通（株）,"上小瀬十文字〜玉川駅, 大宮駅〜済生会〜白谷〜高部〜塙, 大宮駅前〜ささの湯〜北斗星, 大宮駅前〜小瀬高校前, 大宮駅前〜白谷峠〜北斗星〜塙, 大宮駅前〜物産C〜北斗星"
大内［常陸太田市］,茨城交通（株）,大藪〜総合福祉会館
臼本,茨城交通（株）,"上小瀬十文字〜野口〜大宮駅前, 大宮営業所〜寺前〜小瀬高校, 大宮営業所〜野口〜小瀬高校前, 大宮駅〜上小瀬十文字, 大宮駅前〜上小瀬〜境橋"
看護学校前,茨城交通（株）,"高鈴台公民館〜モール前〜日立駅, 日立駅〜モール前〜高鈴台公民館"
日立市役所前,茨城交通（株）,"1多賀駅〜上田沢アパート前, 1多賀駅〜神峰営業所, 2多賀駅〜上田沢アパート前, 2多賀駅〜神峰営業所, 47省高鈴台団地〜堂平団地, 5多賀駅〜上合団地, 60日立駅〜神峰公園口〜東河内, 64山堂平団地〜芝内, 65日立駅〜芝内〜高鈴台団地, 75小木津駅〜公園口〜日立駅, 77十王駅〜豊良台団地〜日立駅, 80日立駅〜田尻〜川尻海岸, 82日製山側門〜日立駅〜鞍掛山, 82日立駅〜鞍掛山, 83十王駅〜滑川十文字〜日立駅, 84日立駅〜田尻団地, 85上合団地〜省線門, 鞍掛山〜レジャー〜広〜日立駅, 上合団地〜日立総合病院, 神峰〜ヨークタウン〜多賀駅, 神峰営業所〜レジャー〜日立駅, 神峰営業所〜日立駅〜多賀駅, 多賀駅〜日立駅〜神峰営業所, 日立駅〜モール前〜高鈴台公民館"
上利員公民館前,茨城交通（株）,"金砂郷小学校〜大藪, 上宮田代〜金砂郷中学校, 上宮田代〜公園〜総合福祉会館, 太田営業所〜金砂郷小〜上宮田代, 太田営業所〜利員〜上宮田代, 道の駅〜上宮田代, 福祉会館〜常陸太田駅〜上宮田代"
新町屋橋下,茨城交通（株）,"逆久保上〜総合福祉会館, 小中車庫〜森の湯〜町屋〜太田営, 小中車庫〜分庁舎〜太田営業所, 総合福祉会館〜ぬく森の湯〜漆平, 総合福祉会館〜森湯〜つりぼり, 太田営業所〜はたそめ〜逆久保, 太田営業所〜若駒つりぼり, 太田営業所〜町屋〜小中車庫, 太田営業所〜里川入口"
日立一高前,茨城交通（株）,"40日立駅〜諏訪大平〜神峰営, 42神峰営〜助川中〜成沢団地, 42神峰営業所〜成沢団地, 47神峰営〜青葉台〜堂平団地, 47神峰営〜日製病院〜堂平団地, 47神峰営業所〜堂平団地, 54多賀駅〜山崎工場, 54日立駅〜山崎工場, 神峰営業〜健康管理〜堂平団地, 神峰営業所〜ヨーク〜成沢団地内, 神峰営業所〜ヨーク〜堂平団地内, 日立駅〜シーマーク・スクエア"
日立市役所交通広場,茨城交通（株）,"鞍掛山〜レジャー〜広〜日立駅, 高鈴台公民館〜モール前〜日立駅, 神峰〜ヨークタウン〜多賀駅, 神峰営業所〜レジャー〜日立駅, 神峰営業所〜日立駅〜多賀駅, 多賀駅〜日立駅〜神峰営業所, 日立駅〜モール前〜高鈴台公民館, 日立駅〜広〜レジャー〜鞍掛山"
緒川小学校入口,茨城交通（株）,"上小瀬十文字〜野口〜大宮駅前, 大宮営業所〜寺前〜小瀬高校, 大宮営業所〜野口〜小瀬高校前, 大宮駅〜上小瀬十文字, 大宮駅前〜上小瀬〜境橋"
前沢,茨城交通（株）,"前沢〜常陸太田駅, 太田営業所〜前沢, 大間ケ沢〜総合福祉会館, 大間ケ沢〜太田営業所, 誉田小学校前〜大間ケ沢"
桜本,茨城交通（株）,大宮駅〜済生会〜長沢〜高部車庫
市民会館前,茨城交通（株）,"鞍掛山〜レジャー〜広〜日立駅, 神峰営業所〜レジャー〜日立駅, 日立駅〜広〜レジャー〜鞍掛山"
中小路小学校前,茨城交通（株）,"40日立駅〜諏訪大平〜神峰営, 42神峰営〜助川中〜成沢団地, 42神峰営業所〜成沢団地, 47神峰営〜青葉台〜堂平団地, 47神峰営〜日製病院〜堂平団地, 47神峰営業所〜堂平団地, 54多賀駅〜山崎工場, 54日立駅〜山崎工場, 神峰営業〜健康管理〜堂平団地, 神峰営業所〜ヨーク〜成沢団地内, 神峰営業所〜ヨーク〜堂平団地内, 日立駅〜シーマーク・スクエア"
関根（大宮）,茨城交通（株）,"上小瀬十文字〜野口〜大宮駅前, 大宮営業所〜寺前〜小瀬高校, 大宮営業所〜野口〜小瀬高校前, 大宮駅〜上小瀬十文字, 大宮駅前〜上小瀬〜境橋"
曲松（上小瀬）,茨城交通（株）,"上小瀬十文字〜玉川駅, 大宮駅〜済生会〜白谷〜高部〜塙, 大宮駅前〜ささの湯〜北斗星, 大宮駅前〜小瀬高校前, 大宮駅前〜白谷峠〜北斗星〜塙, 大宮駅前〜物産C〜北斗星"
銀行前,茨城交通（株）,"19日立駅〜金沢団地〜下台原, 2多賀駅〜上田沢アパート前, 2多賀駅〜神峰営業所, 42神峰営〜助川中〜成沢団地, 42神峰営業所〜成沢団地, 42成沢団地〜銀行前〜日立駅, 47省高鈴台団地〜堂平団地, 47神峰営〜日製病院〜堂平団地, 47日立駅〜銀行前〜堂平団地, 54多賀駅〜山崎工場, 60日立駅〜神峰公園口〜東河内, 64山堂平団地〜芝内, 65日立駅〜芝内〜高鈴台団地, 6多賀駅〜日立駅, 75小木津駅〜公園口〜日立駅, 77十王駅〜豊良台団地〜日立駅, 80日立駅〜田尻〜川尻海岸, 82日製山側門〜日立駅〜鞍掛山, 82日立駅〜鞍掛山, 83十王駅〜滑川十文字〜日立駅, 84日立駅〜田尻団地, 85上合団地〜省線門, 高鈴台公民館〜モール前〜日立駅, 神峰〜ヨークタウン〜多賀駅, 神峰営業〜健康管理〜堂平団地, 神峰営業所〜ヨーク〜成沢団地内, 神峰営業所〜ヨーク〜堂平団地内, 神峰営業所〜日立駅〜多賀駅, 多賀駅〜日立駅〜神峰営業所, 大甕駅〜シオン〜多賀駅〜日立駅, 日立駅〜モール前〜高鈴台公民館, 日立駅〜銀行前〜城南台, 日立駅〜多賀駅〜みかの原団地, 日立駅〜多賀駅〜石名坂〜大甕駅, 日立駅〜日立総合病院, 日立駅〜日立総合病院〜城南台"
道の駅かわプラザ,茨城交通（株）,"市内循環線, 大宮駅前〜三太の湯"
中橋袂,茨城交通（株）,"逆久保上〜総合福祉会館, 小中車庫〜森の湯〜町屋〜太田営, 小中車庫〜分庁舎〜太田営業所, 総合福祉会館〜ぬく森の湯〜漆平, 総合福祉会館〜森湯〜つりぼり, 太田営業所〜はたそめ〜逆久保, 太田営業所〜若駒つりぼり, 太田営業所〜町屋〜小中車庫, 太田営業所〜里川入口"
岩折入口,茨城交通（株）,"水府小中学校入口〜岩折入口, 大藪〜総合福祉会館"
日立市保健センター前,茨城交通（株）,"19日立駅〜金沢団地〜下台原, 1多賀駅〜上田沢アパート前, 1多賀駅〜神峰営業所, 42神峰営〜助川中〜成沢団地, 42神峰営業所〜成沢団地, 42成沢団地〜銀行前〜日立駅, 47神峰営〜日製病院〜堂平団地, 47日立駅〜銀行前〜堂平団地, 54多賀駅〜山崎工場, 5多賀駅〜上合団地, 6多賀駅〜日立駅, 上合団地〜日立総合病院, 神峰営業〜健康管理〜堂平団地, 神峰営業所〜ヨーク〜成沢団地内, 神峰営業所〜ヨーク〜堂平団地内, 大甕駅〜シオン〜多賀駅〜日立駅, 日立駅〜銀行前〜城南台, 日立駅〜多賀駅〜みかの原団地, 日立駅〜多賀駅〜石名坂〜大甕駅, 日立駅〜日立総合病院, 日立駅〜日立総合病院〜城南台"
市民会館入口,茨城交通（株）,"19日立駅〜金沢団地〜下台原, 2多賀駅〜上田沢アパート前, 2多賀駅〜神峰営業所, 42神峰営〜助川中〜成沢団地, 42神峰営業所〜成沢団地, 42成沢団地〜銀行前〜日立駅, 47省高鈴台団地〜堂平団地, 47神峰営〜日製病院〜堂平団地, 47日立駅〜銀行前〜堂平団地, 54多賀駅〜山崎工場, 60日立駅〜神峰公園口〜東河内, 64山堂平団地〜芝内, 65日立駅〜芝内〜高鈴台団地, 6多賀駅〜日立駅, 75小木津駅〜公園口〜日立駅, 77十王駅〜豊良台団地〜日立駅, 80日立駅〜田尻〜川尻海岸, 82日製山側門〜日立駅〜鞍掛山, 82日立駅〜鞍掛山, 83十王駅〜滑川十文字〜日立駅, 84日立駅〜田尻団地, 85上合団地〜省線門, 鞍掛山〜レジャー〜広〜日立駅, 高鈴台公民館〜モール前〜日立駅, 神峰〜ヨークタウン〜多賀駅, 神峰営業〜健康管理〜堂平団地, 神峰営業所〜ヨーク〜成沢団地内, 神峰営業所〜ヨーク〜堂平団地内, 神峰営業所〜レジャー〜日立駅, 神峰営業所〜日立駅〜多賀駅, 多賀駅〜日立駅〜神峰営業所, 大甕駅〜シオン〜多賀駅〜日立駅, 日立駅〜モール前〜高鈴台公民館, 日立駅〜銀行前〜城南台, 日立駅〜広〜レジャー〜鞍掛山, 日立駅〜多賀駅〜みかの原団地, 日立駅〜多賀駅〜石名坂〜大甕駅, 日立駅〜日立総合病院, 日立駅〜日立総合病院〜城南台"
上利員松屋,茨城交通（株）,"金砂郷小学校〜大藪, 上宮田代〜金砂郷中学校, 上宮田代〜公園〜総合福祉会館, 太田営業所〜金砂郷小〜上宮田代, 太田営業所〜利員〜上宮田代, 道の駅〜上宮田代, 福祉会館〜常陸太田駅〜上宮田代"
春友,茨城交通（株）,"逆久保上〜総合福祉会館, 小中車庫〜森の湯〜町屋〜太田営, 小中車庫〜分庁舎〜太田営業所, 総合福祉会館〜ぬく森の湯〜漆平, 総合福祉会館〜森湯〜つりぼり, 造宗〜機初小学校, 太田営業所〜はたそめ〜逆久保, 太田営業所〜若駒つりぼり, 太田営業所〜町屋〜小中車庫, 太田営業所〜里川入口"
河原橋,茨城交通（株）,"水府小中学校入口〜岩折入口, 水府小中学校入口〜滝名子, 総合福祉会館〜市役所〜入合, 太田営〜竜神大吊橋〜馬次入口, 太田営業所〜大門〜高倉, 大久保〜太田営業所, 道の駅〜棚谷〜東染明神, 道の駅ひたちおおた〜馬次入口, 入合〜水府支所〜総合福祉会館, 入合〜竜神大吊橋〜総合福祉会館, 竜神大吊橋線"
桜畑,茨城交通（株）,"前沢〜常陸太田駅, 太田営業所〜前沢, 大間ケ沢〜総合福祉会館, 大間ケ沢〜太田営業所, 誉田小学校前〜大間ケ沢"
大仁田入口,茨城交通（株）,"水府小中学校入口〜岩折入口, 大藪〜総合福祉会館"
平和町,茨城交通（株）,"19日立駅〜金沢団地〜下台原, 2多賀駅〜上田沢アパート前, 2多賀駅〜神峰営業所, 3・4多賀駅〜日立駅［中央線］, 3・4日立駅〜ケーズ電気〜霊園, 3・4日立駅〜諏訪大平〜霊園, 3・4日立駅〜多賀中〜霊園, 3・4日立駅〜平和台〜霊園, 40日立駅〜諏訪大平〜神峰営, 42神峰営〜助川中〜成沢団地, 42神峰営業所〜成沢団地, 42成沢団地〜銀行前〜日立駅, 47省高鈴台団地〜堂平団地, 47神峰営〜青葉台〜堂平団地, 47神峰営〜日製病院〜堂平団地, 47神峰営業所〜堂平団地, 47日立駅〜銀行前〜堂平団地, 54多賀駅〜山崎工場, 54日立駅〜山崎工場, 60日立駅〜神峰公園口〜東河内, 64山堂平団地〜芝内, 65日立駅〜芝内〜高鈴台団地, 6多賀駅〜日立駅, 75小木津駅〜公園口〜日立駅, 77十王駅〜豊良台団地〜日立駅, 80日立駅〜田尻〜川尻海岸, 82日製山側門〜日立駅〜鞍掛山, 82日立駅〜鞍掛山, 83十王駅〜滑川十文字〜日立駅, 84日立駅〜田尻団地, 鞍掛山〜レジャー〜広〜日立駅, 神峰営業〜健康管理〜堂平団地, 神峰営業所〜ヨーク〜成沢団地内, 神峰営業所〜ヨーク〜堂平団地内, 神峰営業所〜レジャー〜日立駅, 多賀駅〜日立駅〜神峰営業所, 大甕駅〜シオン〜多賀駅〜日立駅, 日立駅〜シーマーク・スクエア, 日立駅〜モール前〜高鈴台公民館, 日立駅〜銀行前〜城南台, 日立駅〜広〜レジャー〜鞍掛山, 日立駅〜多賀駅〜みかの原団地, 日立駅〜多賀駅〜石名坂〜大甕駅, 日立駅〜日立総合病院, 日立駅〜日立総合病院〜城南台"
照田,茨城交通（株）,大宮駅〜済生会〜長沢〜高部車庫
電線工場入口,茨城交通（株）,"19日立駅〜金沢団地〜下台原, 1多賀駅〜上田沢アパート前, 1多賀駅〜神峰営業所, 42神峰営〜助川中〜成沢団地, 42神峰営業所〜成沢団地, 42成沢団地〜銀行前〜日立駅, 47神峰営〜日製病院〜堂平団地, 47日立駅〜銀行前〜堂平団地, 54多賀駅〜山崎工場, 5多賀駅〜上合団地, 6多賀駅〜日立駅, 上合団地〜日立総合病院, 神峰営業〜健康管理〜堂平団地, 神峰営業所〜ヨーク〜成沢団地内, 神峰営業所〜ヨーク〜堂平団地内, 大甕駅〜シオン〜多賀駅〜日立駅, 日立駅〜銀行前〜城南台, 日立駅〜多賀駅〜みかの原団地, 日立駅〜多賀駅〜石名坂〜大甕駅, 日立駅〜日立総合病院, 日立駅〜日立総合病院〜城南台"
春友藤の屋,茨城交通（株）,"逆久保上〜総合福祉会館, 小中車庫〜森の湯〜町屋〜太田営, 小中車庫〜分庁舎〜太田営業所, 総合福祉会館〜ぬく森の湯〜漆平, 総合福祉会館〜森湯〜つりぼり, 造宗〜機初小学校, 太田営業所〜はたそめ〜逆久保, 太田営業所〜若駒つりぼり, 太田営業所〜町屋〜小中車庫, 太田営業所〜里川入口"
弁天町（日立市）,茨城交通（株）,"2多賀駅〜上田沢アパート前, 2多賀駅〜神峰営業所, 3・4多賀駅〜日立駅, 3・4多賀駅〜日立駅［中央線］, 3・4日立駅〜ケーズ電気〜霊園, 3・4日立駅〜諏訪大平〜霊園, 3・4日立駅〜多賀中〜霊園, 3・4日立駅〜平和台〜霊園, 47神峰営〜青葉台〜堂平団地, 64山堂平団地〜芝内, 85上合団地〜省線門, 高鈴台公民館〜モール前〜日立駅, 神峰〜ヨークタウン〜多賀駅, 神峰営業所〜日立駅〜多賀駅, 多賀駅〜日立駅〜神峰営業所, 日立駅〜モール前〜高鈴台公民館"
御殿山団地（日立市）,茨城交通（株）,"日立駅〜銀行前〜城南台, 日立駅〜日立総合病院〜城南台"
パティオモール前,茨城交通（株）,"高鈴台公民館〜モール前〜日立駅, 日立駅〜モール前〜高鈴台公民館"
日立駅中央口,茨城交通（株）,"19日立駅〜金沢団地〜下台原, 3・4多賀駅〜日立駅, 3・4多賀駅〜日立駅［中央線］, 3・4日立駅〜ケーズ電気〜霊園, 3・4日立駅〜諏訪大平〜霊園, 3・4日立駅〜多賀中〜霊園, 3・4日立駅〜平和台〜霊園, 40日立駅〜諏訪大平〜神峰営, 41省多賀駅〜省線門〜日立駅, 42神峰営〜助川中〜成沢団地, 42神峰営業所〜成沢団地, 42成沢団地〜銀行前〜日立駅, 42日立駅〜省線門〜成沢団地, 47省高鈴台団地〜堂平団地, 47神峰営〜青葉台〜堂平団地, 47神峰営〜日製病院〜堂平団地, 47神峰営業所〜堂平団地, 47日立駅〜銀行前〜堂平団地, 47日立駅〜青葉台〜堂平団地, 4省日立駅〜平和台霊園, 54多賀駅〜山崎工場, 54日立駅〜山崎工場, 54日立駅〜山崎工場［直通］, 60日立駅〜神峰公園口〜東河内, 64山堂平団地〜芝内, 65日立駅〜芝内〜高鈴台団地, 69多賀駅〜国分工場〜日立駅, 6多賀駅〜日立駅, 75小木津駅〜公園口〜日立駅, 77十王駅〜豊良台団地〜日立駅, 80日立駅〜田尻〜川尻海岸, 82日製山側門〜日立駅〜鞍掛山, 82日立駅〜鞍掛山, 83十王駅〜滑川十文字〜日立駅, 84日立駅〜田尻団地, 鞍掛山〜レジャー〜広〜日立駅, 高鈴台公民館〜モール前〜日立駅, 神峰営業〜健康管理〜堂平団地, 神峰営業所〜ヨーク〜成沢団地内, 神峰営業所〜ヨーク〜堂平団地内, 神峰営業所〜レジャー〜日立駅, 大甕駅〜シオン〜多賀駅〜日立駅, 日立駅〜シーマーク・スクエア, 日立駅〜モール前〜高鈴台公民館, 日立駅〜鮎川〜多賀駅〜日研中央, 日立駅〜銀行前〜城南台, 日立駅〜広〜レジャー〜鞍掛山, 日立駅〜多賀駅〜みかの原団地, 日立駅〜多賀駅〜石名坂〜大甕駅, 日立駅〜日立総合病院, 日立駅〜日立総合病院〜城南台"
幸町二丁目,茨城交通（株）,"2多賀駅〜上田沢アパート前, 2多賀駅〜神峰営業所, 神峰〜ヨークタウン〜多賀駅, 神峰営業所〜日立駅〜多賀駅, 多賀駅〜日立駅〜神峰営業所"
日立工業高校前,茨城交通（株）,"日立駅〜銀行前〜城南台, 日立駅〜日立総合病院〜城南台"
日立駅海岸口,茨城交通（株）,"2多賀駅〜上田沢アパート前, 2多賀駅〜神峰営業所, 神峰〜ヨークタウン〜多賀駅, 神峰営業所〜日立駅〜多賀駅, 多賀駅〜日立駅〜神峰営業所"
小瀬沢入口,茨城交通（株）,"上小瀬十文字〜野口〜大宮駅前, 大宮営業所〜寺前〜小瀬高校, 大宮営業所〜野口〜小瀬高校前, 大宮駅〜上小瀬十文字, 大宮駅前〜上小瀬〜境橋"
日製病院前,茨城交通（株）,"19日立駅〜金沢団地〜下台原, 1多賀駅〜上田沢アパート前, 1多賀駅〜神峰営業所, 42神峰営〜助川中〜成沢団地, 42神峰営業所〜成沢団地, 42成沢団地〜銀行前〜日立駅, 47神峰営〜日製病院〜堂平団地, 47日立駅〜銀行前〜堂平団地, 54多賀駅〜山崎工場, 5多賀駅〜上合団地, 6多賀駅〜日立駅, 神峰営業〜健康管理〜堂平団地, 神峰営業所〜ヨーク〜成沢団地内, 神峰営業所〜ヨーク〜堂平団地内, 大甕駅〜シオン〜多賀駅〜日立駅, 日立駅〜銀行前〜城南台, 日立駅〜多賀駅〜みかの原団地, 日立駅〜多賀駅〜石名坂〜大甕駅"
海岸工場入口,茨城交通（株）,"3・4多賀駅〜日立駅, 3・4多賀駅〜日立駅［中央線］, 3・4日立駅〜ケーズ電気〜霊園, 3・4日立駅〜諏訪大平〜霊園, 3・4日立駅〜多賀中〜霊園, 3・4日立駅〜平和台〜霊園, 47神峰営〜青葉台〜堂平団地, 64山堂平団地〜芝内, 85上合団地〜省線門"
大福地,茨城交通（株）,"前沢〜常陸太田駅, 太田営業所〜前沢, 大間ケ沢〜総合福祉会館, 大間ケ沢〜太田営業所, 誉田小学校前〜大間ケ沢"
旧塩田小学校入口,茨城交通（株）,"上小瀬十文字〜玉川駅, 大宮駅〜済生会〜白谷〜高部〜塙, 大宮駅前〜ささの湯〜北斗星, 大宮駅前〜小瀬高校前, 大宮駅前〜白谷峠〜北斗星〜塙, 大宮駅前〜物産C〜北斗星"
出羽,茨城交通（株）,"水府小中学校入口〜岩折入口, 大藪〜総合福祉会館"
日立総合病院,茨城交通（株）,"上合団地〜日立総合病院, 日立駅〜日立総合病院, 日立駅〜日立総合病院〜城南台"
エスカルロード,茨城交通（株）,"41省多賀駅〜省線門〜日立駅, 42日立駅〜省線門〜成沢団地, 47省高鈴台団地〜堂平団地, 47神峰営業所〜堂平団地, 47日立駅〜青葉台〜堂平団地, 4省日立駅〜平和台霊園, 69多賀駅〜国分工場〜日立駅, 82日製山側門〜日立駅〜鞍掛山, 日立駅〜鮎川〜多賀駅〜日研中央"
城南台アパート前,茨城交通（株）,"日立駅〜銀行前〜城南台, 日立駅〜日立総合病院〜城南台"
海下門,茨城交通（株）,"2多賀駅〜上田沢アパート前, 2多賀駅〜神峰営業所, 神峰〜ヨークタウン〜多賀駅, 神峰営業所〜日立駅〜多賀駅, 多賀駅〜日立駅〜神峰営業所"
松平,茨城交通（株）,"水府小中学校入口〜岩折入口, 水府小中学校入口〜滝名子, 総合福祉会館〜市役所〜入合, 太田営〜竜神大吊橋〜馬次入口, 太田営業所〜大門〜高倉, 大久保〜太田営業所, 道の駅〜棚谷〜東染明神, 道の駅ひたちおおた〜馬次入口, 入合〜水府支所〜総合福祉会館, 入合〜竜神大吊橋〜総合福祉会館, 竜神大吊橋線"
照田堀内,茨城交通（株）,大宮駅〜済生会〜長沢〜高部車庫
上利員原下,茨城交通（株）,"金砂郷小学校〜大藪, 上宮田代〜金砂郷中学校, 上宮田代〜公園〜総合福祉会館, 太田営業所〜金砂郷小〜上宮田代, 太田営業所〜利員〜上宮田代, 道の駅〜上宮田代, 福祉会館〜常陸太田駅〜上宮田代"
城南台,茨城交通（株）,"日立駅〜銀行前〜城南台, 日立駅〜日立総合病院〜城南台"
保土内,茨城交通（株）,"前沢〜常陸太田駅, 太田営業所〜前沢, 大間ケ沢〜総合福祉会館, 大間ケ沢〜太田営業所, 誉田小学校前〜大間ケ沢"
棚谷入口,茨城交通（株）,"水府小中学校入口〜岩折入口, 水府小中学校入口〜滝名子, 総合福祉会館〜市役所〜入合, 太田営〜竜神大吊橋〜馬次入口, 太田営業所〜大門〜高倉, 大久保〜太田営業所, 大藪〜総合福祉会館, 道の駅〜棚谷〜東染明神, 道の駅ひたちおおた〜馬次入口, 入合〜水府支所〜総合福祉会館, 入合〜竜神大吊橋〜総合福祉会館, 竜神大吊橋線"
幸町,茨城交通（株）,"2多賀駅〜上田沢アパート前, 2多賀駅〜神峰営業所, 神峰〜ヨークタウン〜多賀駅, 神峰営業所〜日立駅〜多賀駅, 多賀駅〜日立駅〜神峰営業所"
助川中学校前,茨城交通（株）,"41省多賀駅〜省線門〜日立駅, 42神峰営〜助川中〜成沢団地, 神峰営業〜健康管理〜堂平団地"
日製山側門,茨城交通（株）,"3・4多賀駅〜日立駅, 3・4多賀駅〜日立駅［中央線］, 3・4日立駅〜ケーズ電気〜霊園, 3・4日立駅〜諏訪大平〜霊園, 3・4日立駅〜多賀中〜霊園, 3・4日立駅〜平和台〜霊園, 47神峰営〜青葉台〜堂平団地, 64山堂平団地〜芝内, 82日製山側門〜日立駅〜鞍掛山, 85上合団地〜省線門"
下小瀬タバコ屋前,茨城交通（株）,"上小瀬十文字〜野口〜大宮駅前, 大宮営業所〜寺前〜小瀬高校, 大宮営業所〜野口〜小瀬高校前, 大宮駅〜上小瀬十文字, 大宮駅前〜上小瀬〜境橋"
日立工業高校入口,茨城交通（株）,"19日立駅〜金沢団地〜下台原, 1多賀駅〜上田沢アパート前, 1多賀駅〜神峰営業所, 41省多賀駅〜省線門〜日立駅, 42神峰営業所〜成沢団地, 42成沢団地〜銀行前〜日立駅, 47神峰営〜日製病院〜堂平団地, 47日立駅〜銀行前〜堂平団地, 54多賀駅〜山崎工場, 5多賀駅〜上合団地, 6多賀駅〜日立駅, 神峰営業所〜ヨーク〜成沢団地内, 神峰営業所〜ヨーク〜堂平団地内, 大甕駅〜シオン〜多賀駅〜日立駅, 日立駅〜多賀駅〜みかの原団地, 日立駅〜多賀駅〜石名坂〜大甕駅"
旭町（日立市）,茨城交通（株）,"2多賀駅〜上田沢アパート前, 2多賀駅〜神峰営業所, 神峰〜ヨークタウン〜多賀駅, 神峰営業所〜日立駅〜多賀駅, 多賀駅〜日立駅〜神峰営業所"
柳下,茨城交通（株）,"逆久保上〜総合福祉会館, 小中車庫〜森の湯〜町屋〜太田営, 小中車庫〜分庁舎〜太田営業所, 総合福祉会館〜ぬく森の湯〜漆平, 総合福祉会館〜森湯〜つりぼり, 造宗〜機初小学校, 太田営業所〜はたそめ〜逆久保, 太田営業所〜若駒つりぼり, 太田営業所〜町屋〜小中車庫, 太田営業所〜里川入口"
東原（大宮）,茨城交通（株）,大宮駅〜済生会〜長沢〜高部車庫
会瀬グランド前,茨城交通（株）,"3・4多賀駅〜日立駅, 3・4多賀駅〜日立駅［中央線］, 3・4日立駅〜ケーズ電気〜霊園, 3・4日立駅〜諏訪大平〜霊園, 3・4日立駅〜多賀中〜霊園, 3・4日立駅〜平和台〜霊園, 41省多賀駅〜省線門〜日立駅, 42日立駅〜省線門〜成沢団地, 47省高鈴台団地〜堂平団地, 47神峰営業所〜堂平団地, 47日立駅〜青葉台〜堂平団地, 82日製山側門〜日立駅〜鞍掛山, 85上合団地〜省線門"
会瀬グランド西,茨城交通（株）,"42神峰営〜助川中〜成沢団地, 42日立駅〜省線門〜成沢団地, 47省高鈴台団地〜堂平団地, 47神峰営〜青葉台〜堂平団地, 47神峰営業所〜堂平団地, 47日立駅〜青葉台〜堂平団地, 64山堂平団地〜芝内, 神峰営業〜健康管理〜堂平団地"
城南町一丁目,茨城交通（株）,"42日立駅〜省線門〜成沢団地, 47省高鈴台団地〜堂平団地, 47神峰営〜青葉台〜堂平団地, 47神峰営業所〜堂平団地, 47日立駅〜青葉台〜堂平団地, 64山堂平団地〜芝内"
山田公民館入口,茨城交通（株）,"水府小中学校入口〜滝名子, 総合福祉会館〜市役所〜入合, 太田営〜竜神大吊橋〜馬次入口, 太田営業所〜大門〜高倉, 大久保〜太田営業所, 大藪〜総合福祉会館, 道の駅〜棚谷〜東染明神, 道の駅ひたちおおた〜馬次入口, 入合〜水府支所〜総合福祉会館, 入合〜竜神大吊橋〜総合福祉会館, 竜神大吊橋線"
省線門,茨城交通（株）,"41省多賀駅〜省線門〜日立駅, 42日立駅〜省線門〜成沢団地, 47省高鈴台団地〜堂平団地, 47神峰営業所〜堂平団地, 47日立駅〜青葉台〜堂平団地, 4省日立駅〜平和台霊園, 69多賀駅〜国分工場〜日立駅, 82日製山側門〜日立駅〜鞍掛山, 85上合団地〜省線門, 日立駅〜鮎川〜多賀駅〜日研中央"
初崎,茨城交通（株）,"2多賀駅〜上田沢アパート前, 2多賀駅〜神峰営業所, 神峰〜ヨークタウン〜多賀駅, 神峰営業所〜日立駅〜多賀駅, 多賀駅〜日立駅〜神峰営業所"
兎平,茨城交通（株）,"19日立駅〜金沢団地〜下台原, 1多賀駅〜上田沢アパート前, 1多賀駅〜神峰営業所, 41省多賀駅〜省線門〜日立駅, 42神峰営〜助川中〜成沢団地, 42神峰営業所〜成沢団地, 42成沢団地〜銀行前〜日立駅, 42日立駅〜省線門〜成沢団地, 47省高鈴台団地〜堂平団地, 47神峰営〜青葉台〜堂平団地, 47神峰営〜日製病院〜堂平団地, 47神峰営業所〜堂平団地, 47日立駅〜銀行前〜堂平団地, 54多賀駅〜山崎工場, 5多賀駅〜上合団地, 6多賀駅〜日立駅, 神峰営業〜健康管理〜堂平団地, 神峰営業所〜ヨーク〜成沢団地内, 神峰営業所〜ヨーク〜堂平団地内, 大甕駅〜シオン〜多賀駅〜日立駅, 日立駅〜多賀駅〜みかの原団地, 日立駅〜多賀駅〜石名坂〜大甕駅"
辰ノ口橋入口,茨城交通（株）,"市内循環線, 大宮駅前〜三太の湯"
堀の内（常陸太田市）,茨城交通（株）,"前沢〜常陸太田駅, 太田営業所〜前沢, 大間ケ沢〜総合福祉会館, 大間ケ沢〜太田営業所, 誉田小学校前〜大間ケ沢"
健康管理センター,茨城交通（株）,"42神峰営〜助川中〜成沢団地, 神峰営業〜健康管理〜堂平団地"
法性寺入口,茨城交通（株）,"上小瀬十文字〜野口〜大宮駅前, 大宮営業所〜寺前〜小瀬高校, 大宮営業所〜野口〜小瀬高校前, 大宮駅〜上小瀬十文字, 大宮駅前〜上小瀬〜境橋"
ヨークベニマル日立会瀬店,茨城交通（株）,"神峰営業所〜ヨーク〜成沢団地内, 神峰営業所〜ヨーク〜堂平団地内"
第6公園前,茨城交通（株）,神峰営業所〜ヨーク〜堂平団地内
常福地,茨城交通（株）,"逆久保上〜総合福祉会館, 小中車庫〜森の湯〜町屋〜太田営, 小中車庫〜分庁舎〜太田営業所, 総合福祉会館〜ぬく森の湯〜漆平, 総合福祉会館〜森湯〜つりぼり, 造宗〜機初小学校, 太田営業所〜はたそめ〜逆久保, 太田営業所〜若駒つりぼり, 太田営業所〜町屋〜小中車庫, 太田営業所〜里川入口"
稲荷山門,茨城交通（株）,"41省多賀駅〜省線門〜日立駅, 42日立駅〜省線門〜成沢団地, 47省高鈴台団地〜堂平団地, 47神峰営業所〜堂平団地, 47日立駅〜青葉台〜堂平団地, 4省日立駅〜平和台霊園, 82日製山側門〜日立駅〜鞍掛山, 85上合団地〜省線門"
稲荷山,茨城交通（株）,"3・4多賀駅〜日立駅, 3・4多賀駅〜日立駅［中央線］, 3・4日立駅〜ケーズ電気〜霊園, 3・4日立駅〜諏訪大平〜霊園, 3・4日立駅〜多賀中〜霊園, 3・4日立駅〜平和台〜霊園, 4省日立駅〜平和台霊園"
成沢団地,茨城交通（株）,"42神峰営〜助川中〜成沢団地, 42神峰営業所〜成沢団地, 42成沢団地〜銀行前〜日立駅, 42日立駅〜省線門〜成沢団地, 神峰営業所〜ヨーク〜成沢団地内"
会瀬レスティア前,茨城交通（株）,"42神峰営〜助川中〜成沢団地, 神峰営業〜健康管理〜堂平団地"
山の神団地内フリー乗降区間,茨城交通（株）,神峰営業所〜ヨーク〜成沢団地内
和田玉喜屋,茨城交通（株）,"水府小中学校入口〜滝名子, 総合福祉会館〜市役所〜入合, 太田営〜竜神大吊橋〜馬次入口, 太田営業所〜大門〜高倉, 大久保〜太田営業所, 大藪〜総合福祉会館, 道の駅〜棚谷〜東染明神, 道の駅ひたちおおた〜馬次入口, 入合〜水府支所〜総合福祉会館, 入合〜竜神大吊橋〜総合福祉会館, 竜神大吊橋線"
第2青葉台入口,茨城交通（株）,神峰営業所〜ヨーク〜堂平団地内
青葉台上,茨城交通（株）,神峰営業所〜ヨーク〜堂平団地内
塩畑,茨城交通（株）,"前沢〜常陸太田駅, 太田営業所〜前沢, 大間ケ沢〜総合福祉会館, 大間ケ沢〜太田営業所, 誉田小学校前〜大間ケ沢"
赤須入口,茨城交通（株）,"逆久保上〜総合福祉会館, 小中車庫〜森の湯〜町屋〜太田営, 小中車庫〜分庁舎〜太田営業所, 総合福祉会館〜ぬく森の湯〜漆平, 総合福祉会館〜森湯〜つりぼり, 造宗〜機初小学校, 太田営業所〜はたそめ〜逆久保, 太田営業所〜若駒つりぼり, 太田営業所〜町屋〜小中車庫, 太田営業所〜里川入口"
よっこら坂,茨城交通（株）,"42神峰営〜助川中〜成沢団地, 42神峰営業所〜成沢団地, 42成沢団地〜銀行前〜日立駅, 42日立駅〜省線門〜成沢団地, 神峰営業所〜ヨーク〜成沢団地内"
中利員,茨城交通（株）,"金砂郷小学校〜大藪, 上宮田代〜金砂郷中学校, 上宮田代〜公園〜総合福祉会館, 太田営業所〜金砂郷小〜上宮田代, 太田営業所〜利員〜上宮田代, 道の駅〜上宮田代, 福祉会館〜常陸太田駅〜上宮田代"
成沢団地下,茨城交通（株）,"42神峰営〜助川中〜成沢団地, 42神峰営業所〜成沢団地, 42成沢団地〜銀行前〜日立駅, 42日立駅〜省線門〜成沢団地, 神峰営業所〜ヨーク〜成沢団地内"
東野,茨城交通（株）,"上小瀬十文字〜玉川駅, 大宮駅〜済生会〜白谷〜高部〜塙, 大宮駅前〜ささの湯〜北斗星, 大宮駅前〜小瀬高校前, 大宮駅前〜白谷峠〜北斗星〜塙, 大宮駅前〜物産C〜北斗星"
境橋国長口,茨城交通（株）,"上小瀬十文字〜野口〜大宮駅前, 大宮営業所〜寺前〜小瀬高校, 大宮営業所〜野口〜小瀬高校前, 大宮駅〜上小瀬十文字, 大宮駅前〜上小瀬〜境橋"
正門前,茨城交通（株）,"2多賀駅〜上田沢アパート前, 2多賀駅〜神峰営業所, 69多賀駅〜国分工場〜日立駅, 神峰〜ヨークタウン〜多賀駅, 神峰営業所〜日立駅〜多賀駅, 多賀駅〜日立駅〜神峰営業所, 日立駅〜鮎川〜多賀駅〜日研中央"
青葉台団地,茨城交通（株）,"34多賀駅〜堂平団地, 47省高鈴台団地〜堂平団地, 47神峰営〜青葉台〜堂平団地, 47神峰営〜日製病院〜堂平団地, 47神峰営業所〜堂平団地, 47日立駅〜銀行前〜堂平団地, 47日立駅〜青葉台〜堂平団地, 64山堂平団地〜芝内, 神峰営業〜健康管理〜堂平団地, 神峰営業所〜ヨーク〜堂平団地内"
国長穴田,茨城交通（株）,"大宮営業所〜寺前〜小瀬高校, 大宮駅〜上小瀬十文字"
青葉台団地東口,茨城交通（株）,"34多賀駅〜堂平団地, 47省高鈴台団地〜堂平団地, 47神峰営〜青葉台〜堂平団地, 47神峰営〜日製病院〜堂平団地, 47神峰営業所〜堂平団地, 47日立駅〜銀行前〜堂平団地, 47日立駅〜青葉台〜堂平団地, 64山堂平団地〜芝内, 神峰営業〜健康管理〜堂平団地, 神峰営業所〜ヨーク〜堂平団地内"
寺前［常陸大宮市］,茨城交通（株）,"大宮営業所〜寺前〜小瀬高校, 大宮駅〜上小瀬十文字"
会瀬町二丁目,茨城交通（株）,"3・4多賀駅〜日立駅, 3・4多賀駅〜日立駅［中央線］, 3・4日立駅〜ケーズ電気〜霊園, 3・4日立駅〜諏訪大平〜霊園, 3・4日立駅〜多賀中〜霊園, 3・4日立駅〜平和台〜霊園, 4省日立駅〜平和台霊園"
堂平北,茨城交通（株）,神峰営業所〜ヨーク〜堂平団地内
青葉台中,茨城交通（株）,"34多賀駅〜堂平団地, 47省高鈴台団地〜堂平団地, 47神峰営〜青葉台〜堂平団地, 47神峰営〜日製病院〜堂平団地, 47神峰営業所〜堂平団地, 47日立駅〜銀行前〜堂平団地, 47日立駅〜青葉台〜堂平団地, 64山堂平団地〜芝内, 神峰営業〜健康管理〜堂平団地, 神峰営業所〜ヨーク〜堂平団地内"
国長原坪,茨城交通（株）,"大宮営業所〜寺前〜小瀬高校, 大宮駅〜上小瀬十文字"
玉川駅前,茨城交通（株）,"上小瀬十文字〜玉川駅, 大宮駅〜済生会〜長沢〜高部車庫"
堂平入口,茨城交通（株）,"34多賀駅〜堂平団地, 47省高鈴台団地〜堂平団地, 47神峰営〜青葉台〜堂平団地, 47神峰営〜日製病院〜堂平団地, 47神峰営業所〜堂平団地, 47日立駅〜銀行前〜堂平団地, 47日立駅〜青葉台〜堂平団地, 64山堂平団地〜芝内, 神峰営業〜健康管理〜堂平団地, 神峰営業所〜ヨーク〜堂平団地内"
天神馬場,茨城交通（株）,"前沢〜常陸太田駅, 太田営業所〜前沢, 大間ケ沢〜総合福祉会館, 大間ケ沢〜太田営業所, 誉田小学校前〜大間ケ沢"
堂平下,茨城交通（株）,"34多賀駅〜堂平団地, 47省高鈴台団地〜堂平団地, 47神峰営〜青葉台〜堂平団地, 47神峰営〜日製病院〜堂平団地, 47神峰営業所〜堂平団地, 47日立駅〜銀行前〜堂平団地, 47日立駅〜青葉台〜堂平団地, 64山堂平団地〜芝内, 神峰営業〜健康管理〜堂平団地, 神峰営業所〜ヨーク〜堂平団地内"
上の内,茨城交通（株）,"19日立駅〜金沢団地〜下台原, 1多賀駅〜上田沢アパート前, 1多賀駅〜神峰営業所, 41省多賀駅〜省線門〜日立駅, 47省高鈴台団地〜堂平団地, 47神峰営〜青葉台〜堂平団地, 47神峰営〜日製病院〜堂平団地, 47神峰営業所〜堂平団地, 47日立駅〜銀行前〜堂平団地, 47日立駅〜青葉台〜堂平団地, 54多賀駅〜山崎工場, 5多賀駅〜上合団地, 64山堂平団地〜芝内, 6多賀駅〜日立駅, 神峰営業〜健康管理〜堂平団地, 神峰営業所〜ヨーク〜堂平団地内, 大甕駅〜シオン〜多賀駅〜日立駅, 日立駅〜多賀駅〜みかの原団地, 日立駅〜多賀駅〜石名坂〜大甕駅"
堂平中,茨城交通（株）,"34多賀駅〜堂平団地, 47省高鈴台団地〜堂平団地, 47神峰営〜青葉台〜堂平団地, 47神峰営〜日製病院〜堂平団地, 47神峰営業所〜堂平団地, 47日立駅〜銀行前〜堂平団地, 47日立駅〜青葉台〜堂平団地, 64山堂平団地〜芝内, 神峰営業〜健康管理〜堂平団地, 神峰営業所〜ヨーク〜堂平団地内"
東連地下平,茨城交通（株）,"水府小中学校入口〜滝名子, 大藪〜総合福祉会館"
中成沢一丁目,茨城交通（株）,"3・4多賀駅〜日立駅, 3・4多賀駅〜日立駅［中央線］, 3・4日立駅〜ケーズ電気〜霊園, 3・4日立駅〜諏訪大平〜霊園, 3・4日立駅〜多賀中〜霊園, 3・4日立駅〜平和台〜霊園, 4省日立駅〜平和台霊園"
青葉坂,茨城交通（株）,"34多賀駅〜堂平団地, 47省高鈴台団地〜堂平団地, 47神峰営〜青葉台〜堂平団地, 47神峰営〜日製病院〜堂平団地, 47神峰営業所〜堂平団地, 47日立駅〜銀行前〜堂平団地, 47日立駅〜青葉台〜堂平団地, 64山堂平団地〜芝内, 神峰営業〜健康管理〜堂平団地, 神峰営業所〜ヨーク〜堂平団地内"
青葉台団地南口,茨城交通（株）,"34多賀駅〜堂平団地, 47省高鈴台団地〜堂平団地, 47神峰営〜青葉台〜堂平団地, 47神峰営〜日製病院〜堂平団地, 47神峰営業所〜堂平団地, 47日立駅〜銀行前〜堂平団地, 47日立駅〜青葉台〜堂平団地, 64山堂平団地〜芝内, 神峰営業〜健康管理〜堂平団地, 神峰営業所〜ヨーク〜堂平団地内"
会瀬十文字,茨城交通（株）,"2多賀駅〜上田沢アパート前, 2多賀駅〜神峰営業所, 69多賀駅〜国分工場〜日立駅, 神峰〜ヨークタウン〜多賀駅, 神峰営業所〜日立駅〜多賀駅, 多賀駅〜日立駅〜神峰営業所, 日立駅〜鮎川〜多賀駅〜日研中央"
ウィングヒル入口,茨城交通（株）,"34多賀駅〜堂平団地, 47省高鈴台団地〜堂平団地, 47神峰営〜青葉台〜堂平団地, 47神峰営〜日製病院〜堂平団地, 47神峰営業所〜堂平団地, 47日立駅〜銀行前〜堂平団地, 神峰営業〜健康管理〜堂平団地, 神峰営業所〜ヨーク〜堂平団地内"
日専校前,茨城交通（株）,"34多賀駅〜堂平団地, 47省高鈴台団地〜堂平団地, 47神峰営〜青葉台〜堂平団地, 47神峰営〜日製病院〜堂平団地, 47神峰営業所〜堂平団地, 47日立駅〜銀行前〜堂平団地, 47日立駅〜青葉台〜堂平団地, 64山堂平団地〜芝内, 神峰営業〜健康管理〜堂平団地, 神峰営業所〜ヨーク〜堂平団地内"
茅根町田中,茨城交通（株）,"逆久保上〜総合福祉会館, 太田営業所〜はたそめ〜逆久保"
和田朝日屋,茨城交通（株）,"総合福祉会館〜市役所〜入合, 太田営〜竜神大吊橋〜馬次入口, 太田営業所〜大門〜高倉, 大久保〜太田営業所, 道の駅〜棚谷〜東染明神, 道の駅ひたちおおた〜馬次入口, 入合〜水府支所〜総合福祉会館, 入合〜竜神大吊橋〜総合福祉会館, 竜神大吊橋線, 和田朝日屋〜常陸太田駅"
堂平東,茨城交通（株）,"34多賀駅〜堂平団地, 47神峰営〜日製病院〜堂平団地, 47日立駅〜青葉台〜堂平団地, 64山堂平団地〜芝内, 神峰営業〜健康管理〜堂平団地, 神峰営業所〜ヨーク〜堂平団地内"
那賀神社前,茨城交通（株）,"上小瀬十文字〜野口〜大宮駅前, 大宮営業所〜寺前〜小瀬高校, 大宮営業所〜野口〜小瀬高校前, 大宮駅〜上小瀬十文字, 大宮駅前〜上小瀬〜境橋"
仲坪（常陸大宮市）,茨城交通（株）,"上小瀬十文字〜玉川駅, 大宮駅〜済生会〜白谷〜高部〜塙, 大宮駅前〜ささの湯〜北斗星, 大宮駅前〜小瀬高校前, 大宮駅前〜白谷峠〜北斗星〜塙, 大宮駅前〜物産C〜北斗星"
産業支援センター前,茨城交通（株）,"34多賀駅〜堂平団地, 47省高鈴台団地〜堂平団地, 47神峰営〜青葉台〜堂平団地, 47神峰営〜日製病院〜堂平団地, 47神峰営業所〜堂平団地, 47日立駅〜銀行前〜堂平団地, 47日立駅〜青葉台〜堂平団地, 64山堂平団地〜芝内, 神峰営業〜健康管理〜堂平団地, 神峰営業所〜ヨーク〜堂平団地内"
茅根町,茨城交通（株）,"逆久保上〜総合福祉会館, 小中車庫〜森の湯〜町屋〜太田営, 小中車庫〜分庁舎〜太田営業所, 総合福祉会館〜ぬく森の湯〜漆平, 総合福祉会館〜森湯〜つりぼり, 造宗〜機初小学校, 太田営業所〜はたそめ〜逆久保, 太田営業所〜若駒つりぼり, 太田営業所〜町屋〜小中車庫, 太田営業所〜里川入口"
竹の内（常陸太田市）,茨城交通（株）,"前沢〜常陸太田駅, 太田営業所〜前沢, 大間ケ沢〜総合福祉会館, 大間ケ沢〜太田営業所, 誉田小学校前〜大間ケ沢"
成沢,茨城交通（株）,"19日立駅〜金沢団地〜下台原, 1多賀駅〜上田沢アパート前, 1多賀駅〜神峰営業所, 34多賀駅〜堂平団地, 41省多賀駅〜省線門〜日立駅, 54多賀駅〜山崎工場, 5多賀駅〜上合団地, 6多賀駅〜日立駅, 大甕駅〜シオン〜多賀駅〜日立駅, 日立駅〜多賀駅〜みかの原団地, 日立駅〜多賀駅〜石名坂〜大甕駅"
堂平団地,茨城交通（株）,"34多賀駅〜堂平団地, 47省高鈴台団地〜堂平団地, 47神峰営〜青葉台〜堂平団地, 47神峰営〜日製病院〜堂平団地, 47神峰営業所〜堂平団地, 47日立駅〜銀行前〜堂平団地, 47日立駅〜青葉台〜堂平団地, 64山堂平団地〜芝内, 神峰営業〜健康管理〜堂平団地, 神峰営業所〜ヨーク〜堂平団地内"
運動公園前,茨城交通（株）,"3・4多賀駅〜日立駅, 3・4多賀駅〜日立駅［中央線］, 3・4日立駅〜ケーズ電気〜霊園, 3・4日立駅〜諏訪大平〜霊園, 3・4日立駅〜多賀中〜霊園, 3・4日立駅〜平和台〜霊園, 4省日立駅〜平和台霊園"
中利員精米所,茨城交通（株）,"金砂郷小学校〜大藪, 上宮田代〜金砂郷中学校, 上宮田代〜公園〜総合福祉会館, 太田営業所〜金砂郷小〜上宮田代, 太田営業所〜利員〜上宮田代, 道の駅〜上宮田代, 福祉会館〜常陸太田駅〜上宮田代"
石川病院跡,茨城交通（株）,"上小瀬十文字〜野口〜大宮駅前, 大宮営業所〜寺前〜小瀬高校, 大宮営業所〜野口〜小瀬高校前, 大宮駅〜上小瀬十文字, 大宮駅前〜上小瀬〜境橋"
南高台,茨城交通（株）,"2多賀駅〜上田沢アパート前, 2多賀駅〜神峰営業所, 69多賀駅〜国分工場〜日立駅, 神峰〜ヨークタウン〜多賀駅, 神峰営業所〜日立駅〜多賀駅, 多賀駅〜日立駅〜神峰営業所, 日立駅〜鮎川〜多賀駅〜日研中央"
大門,茨城交通（株）,"前沢〜常陸太田駅, 総合福祉会館〜市役所〜入合, 太田営〜竜神大吊橋〜馬次入口, 太田営業所〜前沢, 太田営業所〜大門〜高倉, 大間ケ沢〜総合福祉会館, 大間ケ沢〜太田営業所, 大久保〜太田営業所, 道の駅ひたちおおた〜馬次入口, 誉田小学校前〜大間ケ沢, 竜神大吊橋線"
瑞龍浄水場,茨城交通（株）,瑞龍浄水場〜総合福祉会館
白羽スポーツ広場入口,茨城交通（株）,"逆久保上〜総合福祉会館, 太田営業所〜はたそめ〜逆久保"
滝名子,茨城交通（株）,"水府小中学校入口〜滝名子, 大藪〜総合福祉会館"
玉川十文字,茨城交通（株）,"上小瀬十文字〜玉川駅, 大宮駅〜済生会〜長沢〜高部車庫, 大宮駅〜済生会〜白谷〜高部〜塙, 大宮駅前〜ささの湯〜北斗星, 大宮駅前〜小瀬高校前, 大宮駅前〜白谷峠〜北斗星〜塙, 大宮駅前〜物産C〜北斗星"
高倉団地,茨城交通（株）,瑞龍浄水場〜総合福祉会館
茨大前（日立キャンパス）,茨城交通（株）,"3・4多賀駅〜日立駅, 3・4多賀駅〜日立駅［中央線］, 3・4日立駅〜ケーズ電気〜霊園, 3・4日立駅〜諏訪大平〜霊園, 3・4日立駅〜多賀中〜霊園, 3・4日立駅〜平和台〜霊園, 4省日立駅〜平和台霊園"
天志良波神社入口,茨城交通（株）,"逆久保上〜総合福祉会館, 太田営業所〜はたそめ〜逆久保"
大宮北小学校入口,茨城交通（株）,"大宮駅〜済生会〜長沢〜高部車庫, 大宮駅〜済生会〜白谷〜高部〜塙, 大宮駅前〜ささの湯〜北斗星, 大宮駅前〜小瀬高校前, 大宮駅前〜白谷峠〜北斗星〜塙, 大宮駅前〜物産C〜北斗星"
鮎見橋,茨城交通（株）,"2多賀駅〜上田沢アパート前, 2多賀駅〜神峰営業所, 69多賀駅〜国分工場〜日立駅, 神峰〜ヨークタウン〜多賀駅, 神峰営業所〜日立駅〜多賀駅, 多賀駅〜日立駅〜神峰営業所, 日立駅〜鮎川〜多賀駅〜日研中央"
高倉団地入口,茨城交通（株）,"小中車庫〜森の湯〜町屋〜太田営, 小中車庫〜分庁舎〜太田営業所, 総合福祉会館〜ぬく森の湯〜漆平, 総合福祉会館〜森湯〜つりぼり, 造宗〜機初小学校, 太田営業所〜若駒つりぼり, 太田営業所〜町屋〜小中車庫, 太田営業所〜里川入口"
和久前,茨城交通（株）,"道の駅〜棚谷〜東染明神, 入合〜水府支所〜総合福祉会館, 入合〜竜神大吊橋〜総合福祉会館, 和田朝日屋〜常陸太田駅"
油縄子下町,茨城交通（株）,"19日立駅〜金沢団地〜下台原, 1多賀駅〜上田沢アパート前, 1多賀駅〜神峰営業所, 34多賀駅〜堂平団地, 41省多賀駅〜省線門〜日立駅, 54多賀駅〜山崎工場, 5多賀駅〜上合団地, 6多賀駅〜日立駅, 大甕駅〜シオン〜多賀駅〜日立駅, 日立駅〜多賀駅〜みかの原団地, 日立駅〜多賀駅〜石名坂〜大甕駅"
門井神社前,茨城交通（株）,"上小瀬十文字〜野口〜大宮駅前, 大宮営業所〜寺前〜小瀬高校, 大宮営業所〜野口〜小瀬高校前, 大宮駅〜上小瀬十文字, 大宮駅前〜上小瀬〜境橋"
平和台霊園前,茨城交通（株）,"3・4日立駅〜ケーズ電気〜霊園, 3・4日立駅〜諏訪大平〜霊園, 3・4日立駅〜多賀中〜霊園, 3・4日立駅〜平和台〜霊園, 4省日立駅〜平和台霊園"
大宮運動公園入口,茨城交通（株）,"市内循環線, 大宮駅前〜三太の湯"
繁,茨城交通（株）,大藪〜総合福祉会館
高倉団地下,茨城交通（株）,瑞龍浄水場〜総合福祉会館
水引,茨城交通（株）,"大宮駅〜済生会〜長沢〜高部車庫, 大宮駅〜済生会〜白谷〜高部〜塙, 大宮駅前〜ささの湯〜北斗星, 大宮駅前〜小瀬高校前, 大宮駅前〜白谷峠〜北斗星〜塙, 大宮駅前〜物産C〜北斗星"
瑞龍山,茨城交通（株）,瑞龍浄水場〜総合福祉会館
中利員坂上,茨城交通（株）,"金砂郷小学校〜大藪, 上宮田代〜金砂郷中学校, 上宮田代〜公園〜総合福祉会館, 太田営業所〜金砂郷小〜上宮田代, 太田営業所〜利員〜上宮田代, 道の駅〜上宮田代, 福祉会館〜常陸太田駅〜上宮田代"
四季彩館,茨城交通（株）,大宮駅前〜野口〜御前山車庫
枕石,茨城交通（株）,"前沢〜常陸太田駅, 総合福祉会館〜市役所〜入合, 太田営〜竜神大吊橋〜馬次入口, 太田営業所〜前沢, 太田営業所〜大門〜高倉, 大間ケ沢〜総合福祉会館, 大間ケ沢〜太田営業所, 大久保〜太田営業所, 道の駅ひたちおおた〜馬次入口, 誉田小学校前〜大間ケ沢, 竜神大吊橋線"
門井下,茨城交通（株）,"上小瀬十文字〜野口〜大宮駅前, 大宮営業所〜寺前〜小瀬高校, 大宮営業所〜野口〜小瀬高校前, 大宮駅〜上小瀬十文字, 大宮駅前〜上小瀬〜境橋"
芦間,茨城交通（株）,"道の駅〜棚谷〜東染明神, 入合〜水府支所〜総合福祉会館, 入合〜竜神大吊橋〜総合福祉会館, 和田朝日屋〜常陸太田駅"
鮎川町四丁目,茨城交通（株）,"2多賀駅〜上田沢アパート前, 2多賀駅〜神峰営業所, 69多賀駅〜国分工場〜日立駅, 神峰〜ヨークタウン〜多賀駅, 神峰営業所〜日立駅〜多賀駅, 多賀駅〜日立駅〜神峰営業所, 日立駅〜鮎川〜多賀駅〜日研中央"
油縄子仲町,茨城交通（株）,"19日立駅〜金沢団地〜下台原, 1多賀駅〜上田沢アパート前, 1多賀駅〜神峰営業所, 34多賀駅〜堂平団地, 41省多賀駅〜省線門〜日立駅, 54多賀駅〜山崎工場, 5多賀駅〜上合団地, 6多賀駅〜日立駅, 大甕駅〜シオン〜多賀駅〜日立駅, 日立駅〜多賀駅〜みかの原団地, 日立駅〜多賀駅〜石名坂〜大甕駅"
小咲台団地,茨城交通（株）,"3・4日立駅〜ケーズ電気〜霊園, 3・4日立駅〜諏訪大平〜霊園, 3・4日立駅〜多賀中〜霊園, 3・4日立駅〜平和台〜霊園, 4省日立駅〜平和台霊園"
平和台,茨城交通（株）,"3・4日立駅〜諏訪大平〜霊園, 3・4日立駅〜平和台〜霊園"
諏訪大平,茨城交通（株）,"3・4日立駅〜諏訪大平〜霊園, 3・4日立駅〜平和台〜霊園"
長倉宿,茨城交通（株）,"モビリティRもてぎ〜水戸駅北口, 水戸駅〜石塚〜御前山車庫, 大宮駅前〜野口〜御前山車庫, 浜田営業所〜水戸駅〜御前山車庫"
多賀高校前,茨城交通（株）,"3・4多賀駅〜日立駅, 3・4多賀駅〜日立駅［中央線］, 3・4日立駅〜ケーズ電気〜霊園, 3・4日立駅〜諏訪大平〜霊園, 3・4日立駅〜多賀中〜霊園, 3・4日立駅〜平和台〜霊園, 4省日立駅〜平和台霊園"
三王山公園入口,茨城交通（株）,"モビリティRもてぎ〜水戸駅北口, 水戸駅〜石塚〜御前山車庫, 大宮駅前〜野口〜御前山車庫, 浜田営業所〜水戸駅〜御前山車庫"
里の宮,茨城交通（株）,"小中車庫〜森の湯〜町屋〜太田営, 小中車庫〜分庁舎〜太田営業所, 総合福祉会館〜ぬく森の湯〜漆平, 総合福祉会館〜森湯〜つりぼり, 造宗〜機初小学校, 太田営業所〜若駒つりぼり, 太田営業所〜町屋〜小中車庫, 太田営業所〜里川入口"
白羽町根本,茨城交通（株）,"逆久保上〜総合福祉会館, 太田営業所〜はたそめ〜逆久保"
潮見台団地内フリー乗降区間,茨城交通（株）,3・4日立駅〜諏訪大平〜霊園
八田（大宮）,茨城交通（株）,"大宮駅〜済生会〜長沢〜高部車庫, 大宮駅〜済生会〜白谷〜高部〜塙, 大宮駅前〜ささの湯〜北斗星, 大宮駅前〜小瀬高校前, 大宮駅前〜白谷峠〜北斗星〜塙, 大宮駅前〜物産C〜北斗星"
サニータウン諏訪,茨城交通（株）,"3・4日立駅〜ケーズ電気〜霊園, 3・4日立駅〜諏訪大平〜霊園, 3・4日立駅〜多賀中〜霊園, 3・4日立駅〜平和台〜霊園, 4省日立駅〜平和台霊園"
上石内,茨城交通（株）,"3・4日立駅〜ケーズ電気〜霊園, 3・4日立駅〜諏訪大平〜霊園, 3・4日立駅〜多賀中〜霊園, 3・4日立駅〜平和台〜霊園, 4省日立駅〜平和台霊園"
多賀中学校前,茨城交通（株）,"3・4多賀駅〜日立駅［中央線］, 3・4日立駅〜多賀中〜霊園, 3・4日立駅〜平和台〜霊園, 4省日立駅〜平和台霊園"
長倉下町,茨城交通（株）,"モビリティRもてぎ〜水戸駅北口, 水戸駅〜石塚〜御前山車庫, 大宮駅前〜野口〜御前山車庫, 浜田営業所〜水戸駅〜御前山車庫"
ぶどうの郷,茨城交通（株）,"瑞竜中学校〜誉田小学校, 瑞龍浄水場〜総合福祉会館"
小咲台団地内フリー乗降区間,茨城交通（株）,"3・4日立駅〜諏訪大平〜霊園, 3・4日立駅〜多賀中〜霊園, 3・4日立駅〜平和台〜霊園"
下小咲台,茨城交通（株）,"3・4日立駅〜ケーズ電気〜霊園, 3・4日立駅〜諏訪大平〜霊園, 3・4日立駅〜多賀中〜霊園, 3・4日立駅〜平和台〜霊園, 4省日立駅〜平和台霊園"
鮎川,茨城交通（株）,"2多賀駅〜上田沢アパート前, 2多賀駅〜神峰営業所, 69多賀駅〜国分工場〜日立駅, 神峰〜ヨークタウン〜多賀駅, 神峰営業所〜日立駅〜多賀駅, 多賀駅〜日立駅〜神峰営業所, 日立駅〜鮎川〜多賀駅〜日研中央"
新根本橋,茨城交通（株）,造宗〜機初小学校
四季彩館入口,茨城交通（株）,"モビリティRもてぎ〜水戸駅北口, 水戸駅〜石塚〜御前山車庫, 浜田営業所〜水戸駅〜御前山車庫"
ひたち医療センター前,茨城交通（株）,"19日立駅〜金沢団地〜下台原, 1多賀駅〜上田沢アパート前, 1多賀駅〜神峰営業所, 34多賀駅〜堂平団地, 5多賀駅〜上合団地, 6多賀駅〜日立駅, 大甕駅〜シオン〜多賀駅〜日立駅, 日立駅〜多賀駅〜みかの原団地, 日立駅〜多賀駅〜石名坂〜大甕駅"
御前山車庫,茨城交通（株）,"モビリティRもてぎ〜水戸駅北口, 水戸駅〜石塚〜御前山車庫, 大宮駅前〜野口〜御前山車庫, 浜田営業所〜水戸駅〜御前山車庫"
柏崎,茨城交通（株）,"モビリティRもてぎ〜水戸駅北口, 水戸駅〜石塚〜御前山車庫, 大宮駅前〜野口〜御前山車庫, 浜田営業所〜水戸駅〜御前山車庫"
国長入口,茨城交通（株）,"モビリティRもてぎ〜水戸駅北口, 水戸駅〜石塚〜御前山車庫, 大宮駅前〜野口〜御前山車庫, 浜田営業所〜水戸駅〜御前山車庫"
里野宮郵便局前,茨城交通（株）,"小中車庫〜森の湯〜町屋〜太田営, 小中車庫〜分庁舎〜太田営業所, 総合福祉会館〜ぬく森の湯〜漆平, 総合福祉会館〜森湯〜つりぼり, 太田営業所〜若駒つりぼり, 太田営業所〜町屋〜小中車庫, 太田営業所〜里川入口"
瑞龍上町,茨城交通（株）,"瑞竜中学校〜誉田小学校, 瑞龍浄水場〜総合福祉会館"
諏訪交流センター前,茨城交通（株）,"3・4日立駅〜ケーズ電気〜霊園, 3・4日立駅〜諏訪大平〜霊園, 3・4日立駅〜多賀中〜霊園, 3・4日立駅〜平和台〜霊園, 4省日立駅〜平和台霊園"
諏訪表原,茨城交通（株）,"19日立駅〜金沢団地〜下台原, 1多賀駅〜上田沢アパート前, 1多賀駅〜神峰営業所, 34多賀駅〜堂平団地, 41省多賀駅〜省線門〜日立駅, 54多賀駅〜山崎工場, 5多賀駅〜上合団地, 6多賀駅〜日立駅, 大甕駅〜シオン〜多賀駅〜日立駅, 日立駅〜多賀駅〜みかの原団地, 日立駅〜多賀駅〜石名坂〜大甕駅"
上岩手,茨城交通（株）,大藪〜総合福祉会館
油縄子小学校前,茨城交通（株）,"3・4多賀駅〜日立駅［中央線］, 3・4日立駅〜多賀中〜霊園, 3・4日立駅〜平和台〜霊園, 4省日立駅〜平和台霊園"
瑞龍町,茨城交通（株）,瑞龍浄水場〜総合福祉会館
青少年旅行村入口,茨城交通（株）,"モビリティRもてぎ〜水戸駅北口, 水戸駅〜石塚〜御前山車庫, 大宮駅前〜野口〜御前山車庫, 浜田営業所〜水戸駅〜御前山車庫"
旧大宮一中前,茨城交通（株）,"大宮営業所〜済生会〜大宮駅前, 大宮駅〜済生会〜長沢〜高部車庫, 大宮駅〜済生会〜白谷〜高部〜塙, 大宮駅前〜ささの湯〜北斗星, 大宮駅前〜小瀬高校前, 大宮駅前〜白谷峠〜北斗星〜塙, 大宮駅前〜物産C〜北斗星"
マルト諏訪店前,茨城交通（株）,28中丸団地循環線
日立鮎川ショッピングセンター前,茨城交通（株）,"3・4多賀駅〜日立駅, 3・4日立駅〜ケーズ電気〜霊園, 3・4日立駅〜諏訪大平〜霊園"
国分町三丁目,茨城交通（株）,"2多賀駅〜上田沢アパート前, 2多賀駅〜神峰営業所, 69多賀駅〜国分工場〜日立駅, 神峰〜ヨークタウン〜多賀駅, 神峰営業所〜日立駅〜多賀駅, 多賀駅〜日立駅〜神峰営業所, 日立駅〜鮎川〜多賀駅〜日研中央"
誉田養徳園前,茨城交通（株）,"瑞竜中学校〜誉田小学校, 瑞龍浄水場〜総合福祉会館"
石内十文字,茨城交通（株）,"28中丸団地循環線, 3・4日立駅〜ケーズ電気〜霊園, 3・4日立駅〜諏訪大平〜霊園, 3・4日立駅〜多賀中〜霊園, 3・4日立駅〜平和台〜霊園, 4省日立駅〜平和台霊園"
御前山中学校前,茨城交通（株）,"モビリティRもてぎ〜水戸駅北口, 水戸駅〜石塚〜御前山車庫, 大宮駅前〜野口〜御前山車庫, 浜田営業所〜水戸駅〜御前山車庫"
平菓子店前,茨城交通（株）,"上小瀬十文字〜野口〜大宮駅前, 大宮営業所〜寺前〜小瀬高校, 大宮営業所〜野口〜小瀬高校前, 大宮駅〜上小瀬十文字, 大宮駅前〜上小瀬〜境橋"
兵部内,茨城交通（株）,"前沢〜常陸太田駅, 総合福祉会館〜市役所〜入合, 太田営〜竜神大吊橋〜馬次入口, 太田営業所〜前沢, 太田営業所〜大門〜高倉, 大間ケ沢〜総合福祉会館, 大間ケ沢〜太田営業所, 大久保〜太田営業所, 道の駅ひたちおおた〜馬次入口, 誉田小学校前〜大間ケ沢, 竜神大吊橋線"
白羽町横山,茨城交通（株）,"逆久保上〜総合福祉会館, 造宗〜機初小学校, 太田営業所〜はたそめ〜逆久保"
刀崎,茨城交通（株）,"道の駅〜棚谷〜東染明神, 入合〜水府支所〜総合福祉会館, 入合〜竜神大吊橋〜総合福祉会館, 和田朝日屋〜常陸太田駅"
下利員タバコ店,茨城交通（株）,"金砂郷小学校〜大藪, 上宮田代〜金砂郷中学校, 上宮田代〜公園〜総合福祉会館, 太田営業所〜金砂郷小〜上宮田代, 太田営業所〜利員〜上宮田代, 道の駅〜上宮田代, 福祉会館〜常陸太田駅〜上宮田代"
大倉［常陸太田市長倉］,茨城交通（株）,"モビリティRもてぎ〜水戸駅北口, 水戸駅〜石塚〜御前山車庫, 大宮駅前〜野口〜御前山車庫, 浜田営業所〜水戸駅〜御前山車庫"
松崎,茨城交通（株）,"小中車庫〜森の湯〜町屋〜太田営, 小中車庫〜分庁舎〜太田営業所, 総合福祉会館〜ぬく森の湯〜漆平, 総合福祉会館〜森湯〜つりぼり, 太田営業所〜若駒つりぼり, 太田営業所〜町屋〜小中車庫, 太田営業所〜里川入口"
御前山支所,茨城交通（株）,大宮駅前〜野口〜御前山車庫
食糧事務所前,茨城交通（株）,"大宮営業所〜済生会〜大宮駅前, 大宮駅〜済生会〜長沢〜高部車庫, 大宮駅〜済生会〜白谷〜高部〜塙, 大宮駅前〜ささの湯〜北斗星, 大宮駅前〜小瀬高校前, 大宮駅前〜白谷峠〜北斗星〜塙, 大宮駅前〜物産C〜北斗星"
田子内,茨城交通（株）,大宮営業所〜済生会〜大宮駅前
諏訪十文字,茨城交通（株）,"1多賀駅〜上田沢アパート前, 1多賀駅〜神峰営業所, 41省多賀駅〜省線門〜日立駅, 54多賀駅〜山崎工場"
戸沢西,茨城交通（株）,28多賀駅〜中丸団地
常陸太田特別支援学校下,茨城交通（株）,"上菅谷駅〜常陸太田特別支援学校, 総合福祉会館〜ぬく森の湯〜漆平, 総合福祉会館〜森湯〜つりぼり"
戸沢,茨城交通（株）,"28中丸団地循環線, 3・4日立駅〜ケーズ電気〜霊園, 3・4日立駅〜諏訪大平〜霊園, 3・4日立駅〜多賀中〜霊園, 3・4日立駅〜平和台〜霊園, 4省日立駅〜平和台霊園"
八反原,茨城交通（株）,"2多賀駅〜上田沢アパート前, 2多賀駅〜神峰営業所, 69多賀駅〜国分工場〜日立駅, 神峰〜ヨークタウン〜多賀駅, 神峰営業所〜日立駅〜多賀駅, 多賀駅〜日立駅〜神峰営業所, 日立駅〜鮎川〜多賀駅〜日研中央"
熊野神社入口,茨城交通（株）,"瑞竜中学校〜誉田小学校, 瑞龍浄水場〜総合福祉会館"
諏訪,茨城交通（株）,"19日立駅〜金沢団地〜下台原, 3・4多賀駅〜日立駅［中央線］, 3・4日立駅〜多賀中〜霊園, 3・4日立駅〜平和台〜霊園, 34多賀駅〜堂平団地, 4省日立駅〜平和台霊園, 5多賀駅〜上合団地, 6多賀駅〜日立駅, 大甕駅〜シオン〜多賀駅〜日立駅, 日立駅〜多賀駅〜みかの原団地, 日立駅〜多賀駅〜石名坂〜大甕駅"
瑞竜十文字,茨城交通（株）,"上菅谷駅〜常陸太田特別支援学校, 瑞竜中学校〜誉田小学校, 瑞龍浄水場〜総合福祉会館, 総合福祉会館〜ぬく森の湯〜漆平, 総合福祉会館〜森湯〜つりぼり"
末広町三丁目,茨城交通（株）,"28多賀駅〜中丸団地, 28中丸団地循環線"
中岩手,茨城交通（株）,大藪〜総合福祉会館
常陸大宮済生会病院,茨城交通（株）,"市内循環線, 大宮営業所〜済生会〜大宮駅前, 大宮駅〜済生会〜長沢〜高部車庫, 大宮駅〜済生会〜白谷〜高部〜塙, 大宮駅前〜ささの湯〜北斗星, 大宮駅前〜白谷峠〜北斗星〜塙, 大宮駅前〜物産C〜北斗星"
上孫,茨城交通（株）,"1多賀駅〜上田沢アパート前, 1多賀駅〜神峰営業所, 41省多賀駅〜省線門〜日立駅, 54多賀駅〜山崎工場"
増井車庫,茨城交通（株）,"上菅谷駅〜増井車庫, 前沢〜常陸太田駅, 総合福祉会館〜市役所〜入合, 太田営〜常陸太田駅〜増井車庫, 太田営〜竜神大吊橋〜馬次入口, 太田営業所〜前沢, 太田営業所〜大門〜高倉, 大間ケ沢〜総合福祉会館, 大間ケ沢〜太田営業所, 大久保〜太田営業所, 道の駅ひたちおおた〜馬次入口, 誉田小学校前〜大間ケ沢, 竜神大吊橋線"
田渡公民館前,茨城交通（株）,"逆久保上〜総合福祉会館, 造宗〜機初小学校, 太田営業所〜はたそめ〜逆久保"
中丸団地,茨城交通（株）,"28多賀駅〜中丸団地, 28中丸団地循環線"
戸沢東,茨城交通（株）,"28多賀駅〜中丸団地, 28中丸団地循環線, 3・4日立駅〜ケーズ電気〜霊園, 3・4日立駅〜諏訪大平〜霊園, 3・4日立駅〜多賀中〜霊園, 3・4日立駅〜平和台〜霊園, 4省日立駅〜平和台霊園"
上郷（御前山）,茨城交通（株）,"モビリティRもてぎ〜水戸駅北口, 水戸駅〜石塚〜御前山車庫, 大宮駅前〜野口〜御前山車庫, 浜田営業所〜水戸駅〜御前山車庫"
中丸団地入口,茨城交通（株）,"28多賀駅〜中丸団地, 28中丸団地循環線"
誉田小学校前,茨城交通（株）,"瑞竜中学校〜誉田小学校, 瑞龍浄水場〜総合福祉会館, 前沢〜常陸太田駅, 太田営業所〜前沢, 誉田小学校前〜大間ケ沢"
姥賀,茨城交通（株）,"市内循環線, 大宮営業所〜済生会〜大宮駅前, 大宮駅〜済生会〜長沢〜高部車庫, 大宮駅〜済生会〜白谷〜高部〜塙, 大宮駅前〜ささの湯〜北斗星, 大宮駅前〜小瀬高校前, 大宮駅前〜白谷峠〜北斗星〜塙, 大宮駅前〜物産C〜北斗星"
中丸町二丁目,茨城交通（株）,"28多賀駅〜中丸団地, 28中丸団地循環線"
大倉［常陸太田市増井町］,茨城交通（株）,"上菅谷駅〜増井車庫, 前沢〜常陸太田駅, 総合福祉会館〜市役所〜入合, 太田営〜常陸太田駅〜増井車庫, 太田営〜竜神大吊橋〜馬次入口, 太田営業所〜前沢, 太田営業所〜大門〜高倉, 大間ケ沢〜総合福祉会館, 大間ケ沢〜太田営業所, 大久保〜太田営業所, 道の駅ひたちおおた〜馬次入口, 誉田小学校前〜大間ケ沢, 竜神大吊橋線"
中丸町一丁目,茨城交通（株）,"28多賀駅〜中丸団地, 28中丸団地循環線"
下利員局前,茨城交通（株）,"金砂郷小学校〜大藪, 上宮田代〜金砂郷中学校, 上宮田代〜公園〜総合福祉会館, 太田営業所〜金砂郷小〜上宮田代, 太田営業所〜利員〜上宮田代, 道の駅〜上宮田代, 福祉会館〜常陸太田駅〜上宮田代"
姥賀三叉路,茨城交通（株）,"市内循環線, 大宮駅前〜三太の湯"
大久保中学校前,茨城交通（株）,"28多賀駅〜中丸団地, 28中丸団地循環線"
工場入口,茨城交通（株）,"19日立駅〜金沢団地〜下台原, 3・4多賀駅〜日立駅［中央線］, 3・4日立駅〜多賀中〜霊園, 3・4日立駅〜平和台〜霊園, 34多賀駅〜堂平団地, 4省日立駅〜平和台霊園, 5多賀駅〜上合団地, 6多賀駅〜日立駅, 大甕駅〜シオン〜多賀駅〜日立駅, 日立駅〜多賀駅〜みかの原団地, 日立駅〜多賀駅〜石名坂〜大甕駅"
温水プール,茨城交通（株）,大間ケ沢〜総合福祉会館
国分町二丁目,茨城交通（株）,"2多賀駅〜上田沢アパート前, 2多賀駅〜神峰営業所, 69多賀駅〜国分工場〜日立駅, 神峰〜ヨークタウン〜多賀駅, 神峰営業所〜日立駅〜多賀駅, 多賀駅〜日立駅〜神峰営業所, 日立駅〜鮎川〜多賀駅〜日研中央"
富士山団地［大宮］,茨城交通（株）,大宮営業所〜済生会〜大宮駅前
ケーズデンキ日立店前,茨城交通（株）,"3・4多賀駅〜日立駅, 3・4日立駅〜ケーズ電気〜霊園, 3・4日立駅〜諏訪大平〜霊園"
御前山支所入口,茨城交通（株）,"モビリティRもてぎ〜水戸駅北口, 水戸駅〜石塚〜御前山車庫, 大宮駅前〜野口〜御前山車庫, 浜田営業所〜水戸駅〜御前山車庫"
中丸団地内フリー乗降区間,茨城交通（株）,28中丸団地循環線
増井（太田）,茨城交通（株）,"上菅谷駅〜増井車庫, 前沢〜常陸太田駅, 総合福祉会館〜市役所〜入合, 太田営〜常陸太田駅〜増井車庫, 太田営〜竜神大吊橋〜馬次入口, 太田営業所〜前沢, 太田営業所〜大門〜高倉, 大間ケ沢〜総合福祉会館, 大間ケ沢〜太田営業所, 大久保〜太田営業所, 道の駅ひたちおおた〜馬次入口, 誉田小学校前〜大間ケ沢, 竜神大吊橋線"
玉造,茨城交通（株）,"道の駅〜棚谷〜東染明神, 入合〜水府支所〜総合福祉会館, 入合〜竜神大吊橋〜総合福祉会館"
大宮営業所,茨城交通（株）,"市内循環線, 大宮〜那珂西部工業団地〜水戸駅, 大宮営業所〜瓜連〜水戸駅, 大宮営業所〜済生会〜大宮駅前, 大宮営業所〜寺前〜小瀬高校, 大宮営業所〜大宮駅前, 大宮営業所〜野口〜小瀬高校前, 大宮駅〜済生会〜長沢〜高部車庫, 大宮駅〜済生会〜白谷〜高部〜塙, 大宮駅前〜ささの湯〜北斗星, 大宮駅前〜三太の湯, 大宮駅前〜小瀬高校前, 大宮駅前〜白谷峠〜北斗星〜塙, 大宮駅前〜物産C〜北斗星"
榎谷津,茨城交通（株）,和田朝日屋〜常陸太田駅
大久保小学校前,茨城交通（株）,"28多賀駅〜中丸団地, 28中丸団地循環線, 3・4日立駅〜ケーズ電気〜霊園, 3・4日立駅〜諏訪大平〜霊園, 3・4日立駅〜多賀中〜霊園, 3・4日立駅〜平和台〜霊園, 4省日立駅〜平和台霊園"
平旗立場,茨城交通（株）,"上小瀬十文字〜野口〜大宮駅前, 大宮営業所〜寺前〜小瀬高校, 大宮営業所〜野口〜小瀬高校前, 大宮駅〜上小瀬十文字, 大宮駅前〜上小瀬〜境橋"
玉造十文字,茨城交通（株）,"大藪〜総合福祉会館, 和田朝日屋〜常陸太田駅"
内桶,茨城交通（株）,"逆久保上〜総合福祉会館, 造宗〜機初小学校, 太田営業所〜はたそめ〜逆久保"
栗原商店前,茨城交通（株）,"大藪〜総合福祉会館, 和田朝日屋〜常陸太田駅"
瑞竜下,茨城交通（株）,"上菅谷駅〜常陸太田特別支援学校, 瑞竜中学校〜誉田小学校, 総合福祉会館〜ぬく森の湯〜漆平, 総合福祉会館〜森湯〜つりぼり"
那珂滝沢,茨城交通（株）,"モビリティRもてぎ〜水戸駅北口, 水戸駅〜石塚〜御前山車庫, 大宮駅前〜野口〜御前山車庫, 浜田営業所〜水戸駅〜御前山車庫"
峯崎,茨城交通（株）,"上宮田代〜金砂郷中学校, 上宮田代〜公園〜総合福祉会館, 太田営業所〜金砂郷小〜上宮田代, 太田営業所〜利員〜上宮田代, 道の駅〜上宮田代, 福祉会館〜常陸太田駅〜上宮田代"
常陸大宮高校前,茨城交通（株）,大宮営業所〜済生会〜大宮駅前
多賀市民プラザ,茨城交通（株）,"19日立駅〜金沢団地〜下台原, 1多賀駅〜上田沢アパート前, 1多賀駅〜神峰営業所, 28多賀駅〜中丸団地, 28中丸団地循環線, 3・4日立駅〜ケーズ電気〜霊園, 3・4日立駅〜諏訪大平〜霊園, 3・4日立駅〜多賀中〜霊園, 3・4日立駅〜平和台〜霊園, 41省多賀駅〜省線門〜日立駅, 4省日立駅〜平和台霊園, 54多賀駅〜山崎工場, 金沢団地〜水木〜多賀駅, 多賀病院〜塙山フリー〜塙山団地, 大甕駅〜シオン〜多賀駅〜日立駅, 大甕駅西口〜石名坂〜多賀駅, 日立駅〜鮎川〜多賀駅〜日研中央, 日立駅〜多賀駅〜みかの原団地, 日立駅〜多賀駅〜石名坂〜大甕駅, 塙山団地〜塙山フリー〜多賀病院"
誉田小学校入口,茨城交通（株）,"上菅谷駅〜増井車庫, 前沢〜常陸太田駅, 総合福祉会館〜市役所〜入合, 太田営〜常陸太田駅〜増井車庫, 太田営〜竜神大吊橋〜馬次入口, 太田営業所〜前沢, 太田営業所〜大門〜高倉, 大間ケ沢〜総合福祉会館, 大間ケ沢〜太田営業所, 大久保〜太田営業所, 道の駅ひたちおおた〜馬次入口, 誉田小学校前〜大間ケ沢, 竜神大吊橋線"
中央歯科診療所前,茨城交通（株）,市内循環線
下孫,茨城交通（株）,"19日立駅〜金沢団地〜下台原, 3・4多賀駅〜日立駅, 3・4多賀駅〜日立駅［中央線］, 3・4日立駅〜ケーズ電気〜霊園, 3・4日立駅〜諏訪大平〜霊園, 3・4日立駅〜多賀中〜霊園, 3・4日立駅〜平和台〜霊園, 34多賀駅〜堂平団地, 4省日立駅〜平和台霊園, 5多賀駅〜上合団地, 69多賀駅〜国分工場〜日立駅, 6多賀駅〜日立駅, 大甕駅〜シオン〜多賀駅〜日立駅, 日立駅〜鮎川〜多賀駅〜日研中央, 日立駅〜多賀駅〜みかの原団地, 日立駅〜多賀駅〜石名坂〜大甕駅"
東宮前,茨城交通（株）,金砂郷小学校〜大藪
東富,茨城交通（株）,"大宮駅〜済生会〜長沢〜高部車庫, 大宮駅〜済生会〜白谷〜高部〜塙, 大宮駅前〜ささの湯〜北斗星, 大宮駅前〜小瀬高校前, 大宮駅前〜白谷峠〜北斗星〜塙, 大宮駅前〜物産C〜北斗星"
多賀国分工場前,茨城交通（株）,"69多賀駅〜国分工場〜日立駅, 日立駅〜鮎川〜多賀駅〜日研中央"
金砂郷支所前,茨城交通（株）,"上宮田代〜金砂郷中学校, 上宮田代〜公園〜総合福祉会館, 太田営業所〜金砂郷小〜上宮田代, 太田営業所〜利員〜上宮田代, 道の駅〜上宮田代, 福祉会館〜常陸太田駅〜上宮田代"
北三丁目,茨城交通（株）,"市内循環線, 大宮〜那珂西部工業団地〜水戸駅, 大宮営業所〜瓜連〜水戸駅, 大宮営業所〜寺前〜小瀬高校, 大宮営業所〜大宮駅前, 大宮営業所〜野口〜小瀬高校前, 大宮駅前〜三太の湯"
瑞竜中学校前,茨城交通（株）,"上菅谷駅〜常陸太田特別支援学校, 瑞竜中学校〜誉田小学校, 総合福祉会館〜ぬく森の湯〜漆平, 総合福祉会館〜森湯〜つりぼり"
多賀常銀前,茨城交通（株）,"19日立駅〜金沢団地〜下台原, 1多賀駅〜神峰営業所, 28多賀駅〜中丸団地, 28中丸団地循環線, 3・4日立駅〜ケーズ電気〜霊園, 3・4日立駅〜諏訪大平〜霊園, 3・4日立駅〜多賀中〜霊園, 3・4日立駅〜平和台〜霊園, 41省多賀駅〜省線門〜日立駅, 54多賀駅〜山崎工場, 金沢団地〜水木〜多賀駅, 多賀病院〜塙山フリー〜塙山団地, 大甕駅〜シオン〜多賀駅〜日立駅, 日立駅〜鮎川〜多賀駅〜日研中央, 日立駅〜多賀駅〜みかの原団地, 日立駅〜多賀駅〜石名坂〜大甕駅"
田渡下坪,茨城交通（株）,"逆久保上〜総合福祉会館, 造宗〜機初小学校, 太田営業所〜はたそめ〜逆久保"
宮渡,茨城交通（株）,"上宮田代〜金砂郷中学校, 上宮田代〜公園〜総合福祉会館, 太田営業所〜金砂郷小〜上宮田代, 太田営業所〜利員〜上宮田代, 道の駅〜上宮田代, 福祉会館〜常陸太田駅〜上宮田代, 和田朝日屋〜常陸太田駅"
総合庁舎入口（常陸大宮市）,茨城交通（株）,大宮営業所〜済生会〜大宮駅前
国分町一丁目,茨城交通（株）,"2多賀駅〜上田沢アパート前, 2多賀駅〜神峰営業所, 69多賀駅〜国分工場〜日立駅, 神峰〜ヨークタウン〜多賀駅, 神峰営業所〜日立駅〜多賀駅, 多賀駅〜日立駅〜神峰営業所, 日立駅〜鮎川〜多賀駅〜日研中央"
千石町,茨城交通（株）,"19日立駅〜金沢団地〜下台原, 1多賀駅〜上田沢アパート前, 1多賀駅〜神峰営業所, 28多賀駅〜中丸団地, 28中丸団地循環線, 3・4日立駅〜ケーズ電気〜霊園, 3・4日立駅〜諏訪大平〜霊園, 3・4日立駅〜多賀中〜霊園, 3・4日立駅〜平和台〜霊園, 41省多賀駅〜省線門〜日立駅, 4省日立駅〜平和台霊園, 54多賀駅〜山崎工場, 金沢団地〜水木〜多賀駅, 多賀病院〜塙山フリー〜塙山団地, 大甕駅〜シオン〜多賀駅〜日立駅, 大甕駅西口〜石名坂〜多賀駅, 日立駅〜鮎川〜多賀駅〜日研中央, 日立駅〜多賀駅〜みかの原団地, 日立駅〜多賀駅〜石名坂〜大甕駅, 塙山団地〜塙山フリー〜多賀病院"
国分町,茨城交通（株）,"69多賀駅〜国分工場〜日立駅, 日立駅〜鮎川〜多賀駅〜日研中央"
旧野口小学校前,茨城交通（株）,"上小瀬十文字〜野口〜大宮駅前, 大宮営業所〜寺前〜小瀬高校, 大宮営業所〜野口〜小瀬高校前, 大宮駅〜上小瀬十文字, 大宮駅前〜上小瀬〜境橋"
多賀郵便局入口,茨城交通（株）,"19日立駅〜金沢団地〜下台原, 3・4多賀駅〜日立駅, 3・4多賀駅〜日立駅［中央線］, 3・4日立駅〜ケーズ電気〜霊園, 3・4日立駅〜諏訪大平〜霊園, 3・4日立駅〜多賀中〜霊園, 3・4日立駅〜平和台〜霊園, 34多賀駅〜堂平団地, 4省日立駅〜平和台霊園, 5多賀駅〜上合団地, 69多賀駅〜国分工場〜日立駅, 6多賀駅〜日立駅, 大甕駅〜シオン〜多賀駅〜日立駅, 日立駅〜鮎川〜多賀駅〜日研中央, 日立駅〜多賀駅〜みかの原団地, 日立駅〜多賀駅〜石名坂〜大甕駅"
野中,茨城交通（株）,大宮営業所〜済生会〜大宮駅前
下宿十文字,茨城交通（株）,"19日立駅〜金沢団地〜下台原, 金沢団地〜水木〜多賀駅, 多賀病院〜塙山フリー〜塙山団地, 大甕駅〜シオン〜多賀駅〜日立駅, 大甕駅西口〜石名坂〜多賀駅, 日立駅〜鮎川〜多賀駅〜日研中央, 日立駅〜多賀駅〜みかの原団地, 日立駅〜多賀駅〜石名坂〜大甕駅, 塙山団地〜塙山フリー〜多賀病院"
馬場八幡前（常陸太田市新宿町）,茨城交通（株）,"上菅谷駅〜増井車庫, 瑞龍浄水場〜総合福祉会館, 前沢〜常陸太田駅, 総合福祉会館〜市役所〜入合, 太田営〜常陸太田駅〜増井車庫, 太田営〜竜神大吊橋〜馬次入口, 太田営業所〜前沢, 太田営業所〜大門〜高倉, 大間ケ沢〜総合福祉会館, 大間ケ沢〜太田営業所, 大久保〜太田営業所, 道の駅ひたちおおた〜馬次入口, 竜神大吊橋線"
小野下,茨城交通（株）,"小中車庫〜森の湯〜町屋〜太田営, 小中車庫〜分庁舎〜太田営業所, 太田営業所〜若駒つりぼり, 太田営業所〜町屋〜小中車庫, 太田営業所〜里川入口"
馬場八幡前（常陸太田市馬場町）,茨城交通（株）,"大甕駅西〜はたそめ〜馬場八幡, 大甕駅西〜真弓ヶ丘〜馬場八幡, 大甕駅西〜東バイパス〜馬場八幡, 大甕駅西口〜大橋〜馬場八幡, 大甕駅西口〜二高〜馬場八幡, 馬場八幡〜真弓ヶ丘〜大甕工場"
多賀駅前,茨城交通（株）,"19日立駅〜金沢団地〜下台原, 1多賀駅〜上田沢アパート前, 1多賀駅〜神峰営業所, 28多賀駅〜中丸団地, 28中丸団地循環線, 2多賀駅〜上田沢アパート前, 2多賀駅〜神峰営業所, 3・4多賀駅〜日立駅, 3・4多賀駅〜日立駅［中央線］, 3・4日立駅〜ケーズ電気〜霊園, 3・4日立駅〜諏訪大平〜霊園, 3・4日立駅〜多賀中〜霊園, 3・4日立駅〜平和台〜霊園, 34多賀駅〜堂平団地, 35多賀駅〜河原子〜大甕駅, 41省多賀駅〜省線門〜日立駅, 4省日立駅〜平和台霊園, 54多賀駅〜山崎工場, 5多賀駅〜上合団地, 69多賀駅〜国分工場〜日立駅, 6多賀駅〜日立駅, おさかなC〜大甕駅西〜多賀駅, 金沢団地〜水木〜多賀駅, 神峰〜ヨークタウン〜多賀駅, 神峰営業所〜日立駅〜多賀駅, 多賀駅〜大甕駅〜おさかなC, 多賀駅〜大甕駅〜大甕工場, 多賀駅〜日立駅〜神峰営業所, 多賀病院〜塙山フリー〜塙山団地, 大甕駅〜シオン〜多賀駅〜日立駅, 大甕駅〜多賀駅, 大甕駅西口〜石名坂〜多賀駅, 日立駅〜鮎川〜多賀駅〜日研中央, 日立駅〜多賀駅〜みかの原団地, 日立駅〜多賀駅〜石名坂〜大甕駅, 塙山団地〜塙山フリー〜多賀病院"
北二丁目,茨城交通（株）,"市内循環線, 大宮〜那珂西部工業団地〜水戸駅, 大宮営業所〜瓜連〜水戸駅, 大宮営業所〜済生会〜大宮駅前, 大宮営業所〜寺前〜小瀬高校, 大宮営業所〜大宮駅前, 大宮営業所〜野口〜小瀬高校前, 大宮駅〜済生会〜長沢〜高部車庫, 大宮駅〜済生会〜白谷〜高部〜塙, 大宮駅前〜ささの湯〜北斗星, 大宮駅前〜三太の湯, 大宮駅前〜小瀬高校前, 大宮駅前〜白谷峠〜北斗星〜塙, 大宮駅前〜物産C〜北斗星"
瑞竜山入口,茨城交通（株）,"小中車庫〜森の湯〜町屋〜太田営, 上菅谷駅〜常陸太田特別支援学校, 瑞龍浄水場〜総合福祉会館, 総合福祉会館〜ぬく森の湯〜漆平, 総合福祉会館〜市役所〜入合, 総合福祉会館〜森湯〜つりぼり, 太田営業所〜前沢, 太田営業所〜町屋〜小中車庫, 太田営業所〜里川入口, 大間ケ沢〜総合福祉会館, 大藪〜総合福祉会館, 道の駅〜棚谷〜東染明神, 入合〜水府支所〜総合福祉会館, 入合〜竜神大吊橋〜総合福祉会館"
やまぶき台団地,茨城交通（株）,"上菅谷駅〜増井車庫, 瑞龍浄水場〜総合福祉会館, 前沢〜常陸太田駅, 総合福祉会館〜市役所〜入合, 太田営〜常陸太田駅〜増井車庫, 太田営〜竜神大吊橋〜馬次入口, 太田営業所〜前沢, 太田営業所〜大門〜高倉, 大間ケ沢〜総合福祉会館, 大間ケ沢〜太田営業所, 大久保〜太田営業所, 大甕駅西〜はたそめ〜馬場八幡, 大甕駅西〜真弓ヶ丘〜馬場八幡, 大甕駅西〜東バイパス〜馬場八幡, 大甕駅西口〜大橋〜馬場八幡, 大甕駅西口〜二高〜馬場八幡, 道の駅ひたちおおた〜馬次入口, 馬場八幡〜真弓ヶ丘〜大甕工場, 竜神大吊橋線"
馬場坂下,茨城交通（株）,"小中車庫〜分庁舎〜太田営業所, 瑞龍浄水場〜総合福祉会館, 総合福祉会館〜ぬく森の湯〜漆平, 総合福祉会館〜市役所〜入合, 総合福祉会館〜森湯〜つりぼり, 太田営業所〜若駒つりぼり, 太田営業所〜前沢, 大間ケ沢〜総合福祉会館, 大藪〜総合福祉会館, 道の駅〜棚谷〜東染明神, 入合〜水府支所〜総合福祉会館, 入合〜竜神大吊橋〜総合福祉会館"
野口上町,茨城交通（株）,"モビリティRもてぎ〜水戸駅北口, 水戸駅〜石塚〜御前山車庫, 大宮駅前〜野口〜御前山車庫, 浜田営業所〜水戸駅〜御前山車庫"
野口坂上,茨城交通（株）,"上小瀬十文字〜野口〜大宮駅前, 大宮営業所〜寺前〜小瀬高校, 大宮営業所〜野口〜小瀬高校前, 大宮駅〜上小瀬十文字, 大宮駅前〜上小瀬〜境橋"
大平団地入口,茨城交通（株）,"道の駅〜棚谷〜東染明神, 入合〜水府支所〜総合福祉会館, 入合〜竜神大吊橋〜総合福祉会館"
野口下宿,茨城交通（株）,"モビリティRもてぎ〜水戸駅北口, 水戸駅〜石塚〜御前山車庫, 大宮駅前〜野口〜御前山車庫, 浜田営業所〜水戸駅〜御前山車庫"
上町,茨城交通（株）,"上菅谷駅〜増井車庫, 瑞龍浄水場〜総合福祉会館, 前沢〜常陸太田駅, 総合福祉会館〜市役所〜入合, 太田営〜常陸太田駅〜増井車庫, 太田営〜竜神大吊橋〜馬次入口, 太田営業所〜前沢, 太田営業所〜大門〜高倉, 大間ケ沢〜総合福祉会館, 大間ケ沢〜太田営業所, 大久保〜太田営業所, 大甕駅西〜はたそめ〜馬場八幡, 大甕駅西〜真弓ヶ丘〜馬場八幡, 大甕駅西〜東バイパス〜馬場八幡, 大甕駅西口〜大橋〜馬場八幡, 大甕駅西口〜二高〜馬場八幡, 道の駅ひたちおおた〜馬次入口, 馬場八幡〜真弓ヶ丘〜大甕工場, 竜神大吊橋線"
高柿一本松,茨城交通（株）,"上宮田代〜金砂郷中学校, 上宮田代〜公園〜総合福祉会館, 太田営業所〜金砂郷小〜上宮田代, 太田営業所〜利員〜上宮田代, 道の駅〜上宮田代, 福祉会館〜常陸太田駅〜上宮田代, 和田朝日屋〜常陸太田駅"
真渕,茨城交通（株）,"小中車庫〜森の湯〜町屋〜太田営, 上菅谷駅〜常陸太田特別支援学校, 瑞龍浄水場〜総合福祉会館, 総合福祉会館〜市役所〜入合, 太田営業所〜前沢, 太田営業所〜町屋〜小中車庫, 太田営業所〜里川入口, 大間ケ沢〜総合福祉会館, 大藪〜総合福祉会館, 道の駅〜棚谷〜東染明神, 入合〜水府支所〜総合福祉会館, 入合〜竜神大吊橋〜総合福祉会館"
八幡,茨城交通（株）,"上小瀬十文字〜野口〜大宮駅前, 大宮営業所〜寺前〜小瀬高校, 大宮営業所〜野口〜小瀬高校前, 大宮駅〜上小瀬十文字, 大宮駅前〜上小瀬〜境橋, 大宮駅前〜野口〜御前山車庫"
大久保町三丁目,茨城交通（株）,"19日立駅〜金沢団地〜下台原, 金沢団地〜水木〜多賀駅, 多賀病院〜塙山フリー〜塙山団地, 大甕駅〜シオン〜多賀駅〜日立駅, 大甕駅西口〜石名坂〜多賀駅, 日立駅〜鮎川〜多賀駅〜日研中央, 日立駅〜多賀駅〜みかの原団地, 日立駅〜多賀駅〜石名坂〜大甕駅, 塙山団地〜塙山フリー〜多賀病院"
大宮十文字,茨城交通（株）,"市内循環線, 上小瀬十文字〜野口〜大宮駅前, 大宮〜那珂西部工業団地〜水戸駅, 大宮営業所〜瓜連〜水戸駅, 大宮営業所〜済生会〜大宮駅前, 大宮営業所〜寺前〜小瀬高校, 大宮営業所〜大宮駅前, 大宮営業所〜野口〜小瀬高校前, 大宮駅〜済生会〜長沢〜高部車庫, 大宮駅〜済生会〜白谷〜高部〜塙, 大宮駅〜上小瀬十文字, 大宮駅前〜ささの湯〜北斗星, 大宮駅前〜三太の湯, 大宮駅前〜小瀬高校前, 大宮駅前〜上小瀬〜境橋, 大宮駅前〜白谷峠〜北斗星〜塙, 大宮駅前〜物産C〜北斗星, 大宮駅前〜野口〜御前山車庫"
野口車庫,茨城交通（株）,"モビリティRもてぎ〜水戸駅北口, 水戸駅〜石塚〜御前山車庫, 水戸駅〜石塚車庫〜野口車庫, 大宮駅前〜野口〜御前山車庫, 浜田〜水戸駅〜野口車庫, 浜田営業所〜水戸駅〜御前山車庫"
上町西,茨城交通（株）,"上小瀬十文字〜野口〜大宮駅前, 大宮営業所〜寺前〜小瀬高校, 大宮営業所〜野口〜小瀬高校前, 大宮駅〜上小瀬十文字, 大宮駅前〜上小瀬〜境橋, 大宮駅前〜野口〜御前山車庫"
ヨークタウン日立河原子,茨城交通（株）,神峰〜ヨークタウン〜多賀駅
柏商店前,茨城交通（株）,"上小瀬十文字〜野口〜大宮駅前, 大宮営業所〜寺前〜小瀬高校, 大宮営業所〜野口〜小瀬高校前, 大宮駅〜上小瀬十文字, 大宮駅前〜上小瀬〜境橋, 大宮駅前〜野口〜御前山車庫"
泉町（日立市）,茨城交通（株）,"2多賀駅〜上田沢アパート前, 2多賀駅〜神峰営業所, 35多賀駅〜河原子〜大甕駅, おさかなC〜大甕駅西〜多賀駅, 神峰〜ヨークタウン〜多賀駅, 神峰営業所〜日立駅〜多賀駅, 多賀駅〜大甕駅〜おさかなC, 多賀駅〜大甕駅〜大甕工場, 多賀駅〜日立駅〜神峰営業所, 大甕駅〜多賀駅"
那珂川大橋,茨城交通（株）,"モビリティRもてぎ〜水戸駅北口, 上小瀬十文字〜野口〜大宮駅前, 水戸駅〜石塚〜御前山車庫, 水戸駅〜石塚車庫〜野口車庫, 大宮営業所〜寺前〜小瀬高校, 大宮営業所〜野口〜小瀬高校前, 大宮駅〜上小瀬十文字, 大宮駅前〜上小瀬〜境橋, 大宮駅前〜野口〜御前山車庫, 浜田〜水戸駅〜野口車庫, 浜田営業所〜水戸駅〜御前山車庫"
湯楽の里,茨城交通（株）,"2多賀駅〜上田沢アパート前, 2多賀駅〜神峰営業所, 神峰営業所〜日立駅〜多賀駅, 多賀駅〜日立駅〜神峰営業所"
塙山団地北口,茨城交通（株）,"多賀病院〜塙山フリー〜塙山団地, 塙山団地〜塙山フリー〜多賀病院"
抽ケ台,茨城交通（株）,"上小瀬十文字〜野口〜大宮駅前, 大宮営業所〜寺前〜小瀬高校, 大宮営業所〜野口〜小瀬高校前, 大宮駅〜上小瀬十文字, 大宮駅前〜上小瀬〜境橋, 大宮駅前〜野口〜御前山車庫"
太田馬場,茨城交通（株）,"小中車庫〜森の湯〜町屋〜太田営, 上菅谷駅〜常陸太田特別支援学校, 上菅谷駅〜増井車庫, 前沢〜常陸太田駅, 太田営〜常陸太田駅〜増井車庫, 太田営〜竜神大吊橋〜馬次入口, 太田営業所〜大門〜高倉, 太田営業所〜町屋〜小中車庫, 太田営業所〜里川入口, 大間ケ沢〜太田営業所, 大久保〜太田営業所, 大甕駅西〜はたそめ〜馬場八幡, 大甕駅西〜真弓ヶ丘〜馬場八幡, 大甕駅西〜東バイパス〜馬場八幡, 大甕駅西口〜大橋〜馬場八幡, 大甕駅西口〜二高〜馬場八幡, 大藪〜総合福祉会館, 道の駅〜棚谷〜東染明神, 道の駅ひたちおおた〜馬次入口, 入合〜水府支所〜総合福祉会館, 入合〜竜神大吊橋〜総合福祉会館, 馬場八幡〜真弓ヶ丘〜大甕工場, 竜神大吊橋線"
鹿島神社前（太田）,茨城交通（株）,大藪〜総合福祉会館
一高前（太田）,茨城交通（株）,"上菅谷駅〜常陸太田特別支援学校, 上菅谷駅〜太田一高, 常陸太田駅〜一高前, 太田営業所〜金砂郷小〜上宮田代, 太田営業所〜利員〜上宮田代, 大甕駅西口〜二高〜馬場八幡, 大藪〜総合福祉会館, 道の駅〜棚谷〜東染明神, 入合〜水府支所〜総合福祉会館, 入合〜竜神大吊橋〜総合福祉会館, 福祉会館〜常陸太田駅〜上宮田代, 和田朝日屋〜常陸太田駅"
河原子中学校入口,茨城交通（株）,"2多賀駅〜上田沢アパート前, 2多賀駅〜神峰営業所, 35多賀駅〜河原子〜大甕駅, おさかなC〜大甕駅西〜多賀駅, 神峰〜ヨークタウン〜多賀駅, 神峰営業所〜日立駅〜多賀駅, 多賀駅〜大甕駅〜おさかなC, 多賀駅〜大甕駅〜大甕工場, 多賀駅〜日立駅〜神峰営業所, 大甕駅〜多賀駅"
塙山団地中,茨城交通（株）,"多賀病院〜塙山フリー〜塙山団地, 塙山団地〜塙山フリー〜多賀病院"
大宮駅前,茨城交通（株）,"市内循環線, 小場公民館〜大宮駅, 上小瀬十文字〜野口〜大宮駅前, 大宮営業所〜済生会〜大宮駅前, 大宮営業所〜寺前〜小瀬高校, 大宮営業所〜大宮駅前, 大宮営業所〜野口〜小瀬高校前, 大宮駅〜済生会〜長沢〜高部車庫, 大宮駅〜済生会〜白谷〜高部〜塙, 大宮駅〜上小瀬十文字, 大宮駅前〜ささの湯〜北斗星, 大宮駅前〜三太の湯, 大宮駅前〜小瀬高校前, 大宮駅前〜上小瀬〜境橋, 大宮駅前〜白谷峠〜北斗星〜塙, 大宮駅前〜物産C〜北斗星, 大宮駅前〜野口〜御前山車庫"
はたそめ団地北,茨城交通（株）,"逆久保上〜総合福祉会館, 造宗〜機初小学校, 太田営業所〜はたそめ〜逆久保"
東多賀町,茨城交通（株）,"2多賀駅〜上田沢アパート前, 2多賀駅〜神峰営業所, 35多賀駅〜河原子〜大甕駅, おさかなC〜大甕駅西〜多賀駅, 神峰〜ヨークタウン〜多賀駅, 神峰営業所〜日立駅〜多賀駅, 多賀駅〜大甕駅〜おさかなC, 多賀駅〜大甕駅〜大甕工場, 多賀駅〜日立駅〜神峰営業所, 大甕駅〜多賀駅"
塙山団地下,茨城交通（株）,"多賀病院〜塙山フリー〜塙山団地, 塙山団地〜塙山フリー〜多賀病院"
大宮駅口,茨城交通（株）,"市内循環線, 小場公民館〜大宮駅, 上小瀬十文字〜野口〜大宮駅前, 大宮〜那珂西部工業団地〜水戸駅, 大宮営業所〜瓜連〜水戸駅, 大宮営業所〜済生会〜大宮駅前, 大宮営業所〜寺前〜小瀬高校, 大宮営業所〜大宮駅前, 大宮営業所〜野口〜小瀬高校前, 大宮駅〜済生会〜長沢〜高部車庫, 大宮駅〜済生会〜白谷〜高部〜塙, 大宮駅〜上小瀬十文字, 大宮駅前〜上小瀬〜境橋"
金沢二丁目,茨城交通（株）,"多賀病院〜塙山フリー〜塙山団地, 塙山団地〜塙山フリー〜多賀病院"
柳沢［常陸太田市］,茨城交通（株）,"道の駅〜棚谷〜東染明神, 入合〜水府支所〜総合福祉会館, 入合〜竜神大吊橋〜総合福祉会館"
塙山,茨城交通（株）,"19日立駅〜金沢団地〜下台原, 金沢団地〜水木〜多賀駅, 多賀病院〜塙山フリー〜塙山団地, 大甕駅〜シオン〜多賀駅〜日立駅, 大甕駅西口〜石名坂〜多賀駅, 日立駅〜鮎川〜多賀駅〜日研中央, 日立駅〜多賀駅〜みかの原団地, 日立駅〜多賀駅〜石名坂〜大甕駅, 塙山団地〜塙山フリー〜多賀病院"
塙山団地,茨城交通（株）,"多賀病院〜塙山フリー〜塙山団地, 塙山団地〜塙山フリー〜多賀病院"
抽ケ台下,茨城交通（株）,"上小瀬十文字〜野口〜大宮駅前, 大宮営業所〜寺前〜小瀬高校, 大宮営業所〜野口〜小瀬高校前, 大宮駅〜上小瀬十文字, 大宮駅前〜上小瀬〜境橋, 大宮駅前〜野口〜御前山車庫"
宮本町,茨城交通（株）,"太田営業所〜金砂郷小〜上宮田代, 太田営業所〜利員〜上宮田代, 大甕駅西口〜二高〜馬場八幡, 大藪〜総合福祉会館, 道の駅〜棚谷〜東染明神, 入合〜水府支所〜総合福祉会館, 入合〜竜神大吊橋〜総合福祉会館, 福祉会館〜常陸太田駅〜上宮田代, 和田朝日屋〜常陸太田駅"
三美十文字,茨城交通（株）,"上小瀬十文字〜野口〜大宮駅前, 大宮営業所〜寺前〜小瀬高校, 大宮営業所〜野口〜小瀬高校前, 大宮駅〜上小瀬十文字, 大宮駅前〜上小瀬〜境橋, 大宮駅前〜野口〜御前山車庫"
上三美,茨城交通（株）,"上小瀬十文字〜野口〜大宮駅前, 大宮営業所〜寺前〜小瀬高校, 大宮営業所〜野口〜小瀬高校前, 大宮駅〜上小瀬十文字, 大宮駅前〜上小瀬〜境橋, 大宮駅前〜野口〜御前山車庫"
塙山交流センター,茨城交通（株）,"多賀病院〜塙山フリー〜塙山団地, 塙山団地〜塙山フリー〜多賀病院"
栄町（太田）,茨城交通（株）,"小中車庫〜森の湯〜町屋〜太田営, 上菅谷駅〜増井車庫, 前沢〜常陸太田駅, 太田営〜常陸太田駅〜増井車庫, 太田営〜竜神大吊橋〜馬次入口, 太田営業所〜金砂郷小〜上宮田代, 太田営業所〜大門〜高倉, 太田営業所〜町屋〜小中車庫, 太田営業所〜利員〜上宮田代, 太田営業所〜里川入口, 大間ケ沢〜太田営業所, 大久保〜太田営業所, 大甕駅西〜はたそめ〜馬場八幡, 大甕駅西〜真弓ヶ丘〜馬場八幡, 大甕駅西〜東バイパス〜馬場八幡, 大甕駅西口〜大橋〜馬場八幡, 道の駅ひたちおおた〜馬次入口, 馬場八幡〜真弓ヶ丘〜大甕工場, 福祉会館〜常陸太田駅〜上宮田代, 竜神大吊橋線, 和田朝日屋〜常陸太田駅"
塙山団地南,茨城交通（株）,"多賀病院〜塙山フリー〜塙山団地, 塙山団地〜塙山フリー〜多賀病院"
太田中入口,茨城交通（株）,"太田営業所〜金砂郷小〜上宮田代, 太田営業所〜利員〜上宮田代, 大藪〜総合福祉会館, 道の駅〜棚谷〜東染明神, 入合〜水府支所〜総合福祉会館, 入合〜竜神大吊橋〜総合福祉会館, 福祉会館〜常陸太田駅〜上宮田代, 和田朝日屋〜常陸太田駅"
機初小学校,茨城交通（株）,"逆久保上〜総合福祉会館, 造宗〜機初小学校, 太田営業所〜はたそめ〜逆久保"
太田中学校前,茨城交通（株）,大甕駅西口〜二高〜馬場八幡
河原子交流センター入口,茨城交通（株）,"2多賀駅〜上田沢アパート前, 2多賀駅〜神峰営業所, 35多賀駅〜河原子〜大甕駅, おさかなC〜大甕駅西〜多賀駅, 神峰〜ヨークタウン〜多賀駅, 神峰営業所〜日立駅〜多賀駅, 多賀駅〜大甕駅〜おさかなC, 多賀駅〜大甕駅〜大甕工場, 多賀駅〜日立駅〜神峰営業所, 大甕駅〜多賀駅"
若林（大宮）,茨城交通（株）,"上小瀬十文字〜野口〜大宮駅前, 大宮営業所〜寺前〜小瀬高校, 大宮営業所〜野口〜小瀬高校前, 大宮駅〜上小瀬十文字, 大宮駅前〜上小瀬〜境橋, 大宮駅前〜野口〜御前山車庫"
中富,茨城交通（株）,市内循環線
御前山,茨城交通（株）,"モビリティRもてぎ〜水戸駅北口, 水戸駅〜石塚〜御前山車庫, 水戸駅〜石塚車庫〜野口車庫, 浜田〜水戸駅〜野口車庫, 浜田営業所〜水戸駅〜御前山車庫"
新宿,茨城交通（株）,"太田営業所〜金砂郷小〜上宮田代, 太田営業所〜利員〜上宮田代, 大藪〜総合福祉会館, 道の駅〜棚谷〜東染明神, 入合〜水府支所〜総合福祉会館, 入合〜竜神大吊橋〜総合福祉会館, 福祉会館〜常陸太田駅〜上宮田代, 和田朝日屋〜常陸太田駅"
南町,茨城交通（株）,"市内循環線, 小場公民館〜大宮駅, 大宮〜那珂西部工業団地〜水戸駅, 大宮営業所〜瓜連〜水戸駅"
山新常陸太田店,茨城交通（株）,"小中車庫〜分庁舎〜太田営業所, 瑞龍浄水場〜総合福祉会館, 総合福祉会館〜ぬく森の湯〜漆平, 総合福祉会館〜市役所〜入合, 総合福祉会館〜森湯〜つりぼり, 太田営業所〜若駒つりぼり, 太田営業所〜前沢, 大間ケ沢〜総合福祉会館, 大藪〜総合福祉会館, 道の駅〜棚谷〜東染明神, 入合〜水府支所〜総合福祉会館, 入合〜竜神大吊橋〜総合福祉会館"
大平（太田）,茨城交通（株）,"太田営業所〜金砂郷小〜上宮田代, 太田営業所〜利員〜上宮田代, 大藪〜総合福祉会館, 福祉会館〜常陸太田駅〜上宮田代, 和田朝日屋〜常陸太田駅"
大方交番前,茨城交通（株）,"上宮田代〜金砂郷中学校, 上宮田代〜公園〜総合福祉会館, 太田営業所〜金砂郷小〜上宮田代, 太田営業所〜利員〜上宮田代, 道の駅〜上宮田代, 福祉会館〜常陸太田駅〜上宮田代, 和田朝日屋〜常陸太田駅"
久米局前,茨城交通（株）,大藪〜総合福祉会館
はたそめ団地中央,茨城交通（株）,"逆久保上〜総合福祉会館, 造宗〜機初小学校, 太田営業所〜はたそめ〜逆久保"
一の沢,茨城交通（株）,"上小瀬十文字〜野口〜大宮駅前, 大宮営業所〜寺前〜小瀬高校, 大宮営業所〜野口〜小瀬高校前, 大宮駅〜上小瀬十文字, 大宮駅前〜上小瀬〜境橋, 大宮駅前〜野口〜御前山車庫"
河原子,茨城交通（株）,"2多賀駅〜上田沢アパート前, 2多賀駅〜神峰営業所, 35多賀駅〜河原子〜大甕駅, 神峰〜ヨークタウン〜多賀駅, 神峰営業所〜日立駅〜多賀駅, 多賀駅〜日立駅〜神峰営業所"
仲城町,茨城交通（株）,"小中車庫〜森の湯〜町屋〜太田営, 上菅谷駅〜増井車庫, 前沢〜常陸太田駅, 太田営〜常陸太田駅〜増井車庫, 太田営〜竜神大吊橋〜馬次入口, 太田営業所〜金砂郷小〜上宮田代, 太田営業所〜大門〜高倉, 太田営業所〜町屋〜小中車庫, 太田営業所〜利員〜上宮田代, 太田営業所〜里川入口, 大間ケ沢〜太田営業所, 大久保〜太田営業所, 大甕駅西〜はたそめ〜馬場八幡, 大甕駅西〜真弓ヶ丘〜馬場八幡, 大甕駅西〜東バイパス〜馬場八幡, 大甕駅西口〜大橋〜馬場八幡, 道の駅ひたちおおた〜馬次入口, 馬場八幡〜真弓ヶ丘〜大甕工場, 福祉会館〜常陸太田駅〜上宮田代, 竜神大吊橋線, 和田朝日屋〜常陸太田駅"
峠,茨城交通（株）,"太田営業所〜金砂郷小〜上宮田代, 太田営業所〜利員〜上宮田代, 大藪〜総合福祉会館, 福祉会館〜常陸太田駅〜上宮田代, 和田朝日屋〜常陸太田駅"
はたそめ入口,茨城交通（株）,"逆久保上〜総合福祉会館, 造宗〜機初小学校, 太田営業所〜はたそめ〜逆久保, 大甕駅西〜はたそめ〜馬場八幡, 大甕駅西〜真弓ヶ丘〜馬場八幡, 馬場八幡〜真弓ヶ丘〜大甕工場"
太子堂,茨城交通（株）,金沢団地〜水木〜多賀駅
西山荘入口,茨城交通（株）,"太田営業所〜金砂郷小〜上宮田代, 太田営業所〜利員〜上宮田代, 大藪〜総合福祉会館, 道の駅〜棚谷〜東染明神, 入合〜水府支所〜総合福祉会館, 入合〜竜神大吊橋〜総合福祉会館, 福祉会館〜常陸太田駅〜上宮田代, 和田朝日屋〜常陸太田駅"
清水（大宮）,茨城交通（株）,"上小瀬十文字〜野口〜大宮駅前, 大宮営業所〜寺前〜小瀬高校, 大宮営業所〜野口〜小瀬高校前, 大宮駅〜上小瀬十文字, 大宮駅前〜上小瀬〜境橋, 大宮駅前〜野口〜御前山車庫"
森下団地入口,茨城交通（株）,"19日立駅〜金沢団地〜下台原, 大甕駅〜シオン〜多賀駅〜日立駅, 大甕駅西口〜石名坂〜多賀駅, 日立駅〜鮎川〜多賀駅〜日研中央, 日立駅〜多賀駅〜みかの原団地, 日立駅〜多賀駅〜石名坂〜大甕駅"
河原子［BRT］,茨城交通（株）,"おさかなC〜大甕駅西〜多賀駅, 多賀駅〜大甕駅〜おさかなC, 多賀駅〜大甕駅〜大甕工場, 大甕駅〜多賀駅"
前原,茨城交通（株）,金砂郷小学校〜大藪
幡町団地前,茨城交通（株）,"逆久保上〜総合福祉会館, 造宗〜機初小学校, 太田営業所〜はたそめ〜逆久保"
新機初橋,茨城交通（株）,"逆久保上〜総合福祉会館, 太田営業所〜はたそめ〜逆久保, 大甕駅西〜はたそめ〜馬場八幡, 大甕駅西〜真弓ヶ丘〜馬場八幡, 馬場八幡〜真弓ヶ丘〜大甕工場"
村境（大宮）,茨城交通（株）,"上小瀬十文字〜野口〜大宮駅前, 大宮営業所〜寺前〜小瀬高校, 大宮営業所〜野口〜小瀬高校前, 大宮駅〜上小瀬十文字, 大宮駅前〜上小瀬〜境橋"
生涯学習センター入口,茨城交通（株）,大甕駅西〜東バイパス〜馬場八幡
生涯学習センター,茨城交通（株）,"逆久保上〜総合福祉会館, 上宮田代〜公園〜総合福祉会館, 常陸太田駅〜上坪, 総合福祉会館〜ぬく森の湯〜漆平, 総合福祉会館〜市役所〜入合, 総合福祉会館〜森湯〜つりぼり, 太田営業所〜はたそめ〜逆久保, 大間ケ沢〜総合福祉会館, 大藪〜総合福祉会館, 道の駅〜堅磐, 道の駅〜上宮田代, 道の駅〜棚谷〜東染明神, 入合〜水府支所〜総合福祉会館, 入合〜竜神大吊橋〜総合福祉会館, 福祉会館〜常陸太田駅〜上宮田代"
河原子十文字,茨城交通（株）,35多賀駅〜河原子〜大甕駅
金砂郷小学校入口,茨城交通（株）,"金砂郷小学校〜小島中小鶴, 金砂郷小学校〜大藪, 金砂郷小学校〜竹越, 太田営業所〜金砂郷小〜上宮田代, 太田営業所〜利員〜上宮田代, 大藪〜総合福祉会館, 福祉会館〜常陸太田駅〜上宮田代, 和田朝日屋〜常陸太田駅"
寿町,茨城交通（株）,"上菅谷駅〜常陸太田特別支援学校, 上菅谷駅〜太田一高, 常陸太田駅〜一高前"
内堀町,茨城交通（株）,"逆久保上〜総合福祉会館, 小中車庫〜森の湯〜町屋〜太田営, 上宮田代〜公園〜総合福祉会館, 上菅谷駅〜増井車庫, 常陸太田駅〜上坪, 前沢〜常陸太田駅, 総合福祉会館〜ぬく森の湯〜漆平, 総合福祉会館〜市役所〜入合, 総合福祉会館〜森湯〜つりぼり, 太田営〜常陸太田駅〜増井車庫, 太田営〜竜神大吊橋〜馬次入口, 太田営業所〜はたそめ〜逆久保, 太田営業所〜金砂郷小〜上宮田代, 太田営業所〜大門〜高倉, 太田営業所〜町屋〜小中車庫, 太田営業所〜利員〜上宮田代, 太田営業所〜里川入口, 大間ケ沢〜総合福祉会館, 大間ケ沢〜太田営業所, 大久保〜太田営業所, 大甕駅西〜はたそめ〜馬場八幡, 大甕駅西〜真弓ヶ丘〜馬場八幡, 大甕駅西口〜大橋〜馬場八幡, 大藪〜総合福祉会館, 道の駅〜堅磐, 道の駅〜上宮田代, 道の駅〜棚谷〜東染明神, 道の駅ひたちおおた〜馬次入口, 入合〜水府支所〜総合福祉会館, 入合〜竜神大吊橋〜総合福祉会館, 馬場八幡〜真弓ヶ丘〜大甕工場, 福祉会館〜常陸太田駅〜上宮田代, 竜神大吊橋線, 和田朝日屋〜常陸太田駅"
カスミ常陸太田店前,茨城交通（株）,"逆久保上〜総合福祉会館, 小中車庫〜分庁舎〜太田営業所, 上宮田代〜公園〜総合福祉会館, 常陸太田駅〜上坪, 瑞龍浄水場〜総合福祉会館, 総合福祉会館〜ぬく森の湯〜漆平, 総合福祉会館〜市役所〜入合, 総合福祉会館〜森湯〜つりぼり, 太田営業所〜はたそめ〜逆久保, 太田営業所〜若駒つりぼり, 太田営業所〜前沢, 大間ケ沢〜総合福祉会館, 大甕駅西〜はたそめ〜馬場八幡, 大甕駅西〜真弓ヶ丘〜馬場八幡, 大甕駅西〜東バイパス〜馬場八幡, 大藪〜総合福祉会館, 道の駅〜堅磐, 道の駅〜上宮田代, 道の駅〜棚谷〜東染明神, 入合〜水府支所〜総合福祉会館, 入合〜竜神大吊橋〜総合福祉会館, 馬場八幡〜真弓ヶ丘〜大甕工場, 福祉会館〜常陸太田駅〜上宮田代"
市営住宅前（常陸太田市）,茨城交通（株）,大甕駅西口〜二高〜馬場八幡
大宮工業団地前,茨城交通（株）,"上小瀬十文字〜野口〜大宮駅前, 大宮営業所〜寺前〜小瀬高校, 大宮営業所〜野口〜小瀬高校前, 大宮駅〜上小瀬十文字, 大宮駅前〜上小瀬〜境橋"
宇留野入口,茨城交通（株）,"市内循環線, 小場公民館〜大宮駅, 大宮〜那珂西部工業団地〜水戸駅, 大宮営業所〜瓜連〜水戸駅"
常陸大宮市役所,茨城交通（株）,市内循環線
荒地町,茨城交通（株）,35多賀駅〜河原子〜大甕駅
金砂郷小学校,茨城交通（株）,"金砂郷小学校〜小島中小鶴, 金砂郷小学校〜大藪, 金砂郷小学校〜竹越, 太田営業所〜金砂郷小〜上宮田代, 和田朝日屋〜常陸太田駅"
赤沢,茨城交通（株）,"モビリティRもてぎ〜水戸駅北口, 水戸駅〜石塚〜御前山車庫, 水戸駅〜石塚車庫〜野口車庫, 浜田〜水戸駅〜野口車庫, 浜田営業所〜水戸駅〜御前山車庫"
竹合入口,茨城交通（株）,"上宮田代〜金砂郷中学校, 上宮田代〜公園〜総合福祉会館, 太田営業所〜金砂郷小〜上宮田代, 太田営業所〜利員〜上宮田代, 道の駅〜上宮田代, 福祉会館〜常陸太田駅〜上宮田代, 和田朝日屋〜常陸太田駅"
東一丁目,茨城交通（株）,"逆久保上〜総合福祉会館, 小中車庫〜森の湯〜町屋〜太田営, 上宮田代〜公園〜総合福祉会館, 上菅谷駅〜増井車庫, 常陸太田駅〜上坪, 前沢〜常陸太田駅, 総合福祉会館〜ぬく森の湯〜漆平, 総合福祉会館〜市役所〜入合, 太田営〜竜神大吊橋〜馬次入口, 太田営業所〜金砂郷小〜上宮田代, 太田営業所〜大門〜高倉, 太田営業所〜町屋〜小中車庫, 太田営業所〜利員〜上宮田代, 太田営業所〜里川入口, 大間ケ沢〜総合福祉会館, 大間ケ沢〜太田営業所, 大久保〜太田営業所, 大甕駅西〜はたそめ〜馬場八幡, 大甕駅西〜真弓ヶ丘〜馬場八幡, 大甕駅西口〜大橋〜馬場八幡, 大藪〜総合福祉会館, 道の駅〜堅磐, 道の駅〜上宮田代, 道の駅〜棚谷〜東染明神, 入合〜水府支所〜総合福祉会館, 入合〜竜神大吊橋〜総合福祉会館, 馬場八幡〜真弓ヶ丘〜大甕工場, 竜神大吊橋線, 和田朝日屋〜常陸太田駅"
久米,茨城交通（株）,"金砂郷小学校〜小島中小鶴, 金砂郷小学校〜大藪, 金砂郷小学校〜竹越, 上宮田代〜公園〜総合福祉会館, 太田営業所〜金砂郷小〜上宮田代, 太田営業所〜利員〜上宮田代, 道の駅〜上宮田代, 福祉会館〜常陸太田駅〜上宮田代, 和田朝日屋〜常陸太田駅"
大宮工業団地北,茨城交通（株）,大宮駅前〜野口〜御前山車庫
久米十文字,茨城交通（株）,"金砂郷小学校〜小島中小鶴, 金砂郷小学校〜大藪, 金砂郷小学校〜竹越, 太田営業所〜金砂郷小〜上宮田代, 太田営業所〜利員〜上宮田代, 大藪〜総合福祉会館, 福祉会館〜常陸太田駅〜上宮田代, 和田朝日屋〜常陸太田駅"
西一丁目,茨城交通（株）,"逆久保上〜総合福祉会館, 上菅谷駅〜増井車庫, 常陸太田駅〜上坪, 総合福祉会館〜ぬく森の湯〜漆平, 総合福祉会館〜市役所〜入合, 総合福祉会館〜森湯〜つりぼり, 太田営〜常陸太田駅〜増井車庫, 太田営〜竜神大吊橋〜馬次入口, 太田営業所〜はたそめ〜逆久保, 太田営業所〜金砂郷小〜上宮田代, 太田営業所〜大門〜高倉, 太田営業所〜町屋〜小中車庫, 太田営業所〜利員〜上宮田代, 太田営業所〜里川入口, 大間ケ沢〜総合福祉会館, 大久保〜太田営業所, 大甕駅西〜はたそめ〜馬場八幡, 大甕駅西〜真弓ヶ丘〜馬場八幡, 大甕駅西口〜大橋〜馬場八幡, 大藪〜総合福祉会館, 道の駅〜堅磐, 道の駅〜上宮田代, 道の駅〜棚谷〜東染明神, 道の駅ひたちおおた〜馬次入口, 入合〜水府支所〜総合福祉会館, 入合〜竜神大吊橋〜総合福祉会館, 馬場八幡〜真弓ヶ丘〜大甕工場, 福祉会館〜常陸太田駅〜上宮田代, 竜神大吊橋線"
根本医院前,茨城交通（株）,"金砂郷小学校〜大藪, 上宮田代〜金砂郷中学校, 太田営業所〜金砂郷小〜上宮田代, 太田営業所〜利員〜上宮田代, 福祉会館〜常陸太田駅〜上宮田代"
梶内,茨城交通（株）,金沢団地〜水木〜多賀駅
東二丁目,茨城交通（株）,"逆久保上〜総合福祉会館, 小中車庫〜森の湯〜町屋〜太田営, 上宮田代〜公園〜総合福祉会館, 上菅谷駅〜増井車庫, 常陸太田駅〜上坪, 前沢〜常陸太田駅, 総合福祉会館〜ぬく森の湯〜漆平, 総合福祉会館〜市役所〜入合, 太田営〜竜神大吊橋〜馬次入口, 太田営業所〜金砂郷小〜上宮田代, 太田営業所〜大門〜高倉, 太田営業所〜町屋〜小中車庫, 太田営業所〜利員〜上宮田代, 太田営業所〜里川入口, 大間ケ沢〜総合福祉会館, 大間ケ沢〜太田営業所, 大久保〜太田営業所, 大甕駅西〜はたそめ〜馬場八幡, 大甕駅西〜真弓ヶ丘〜馬場八幡, 大甕駅西口〜大橋〜馬場八幡, 大藪〜総合福祉会館, 道の駅〜堅磐, 道の駅〜上宮田代, 道の駅〜棚谷〜東染明神, 入合〜水府支所〜総合福祉会館, 入合〜竜神大吊橋〜総合福祉会館, 馬場八幡〜真弓ヶ丘〜大甕工場, 竜神大吊橋線, 和田朝日屋〜常陸太田駅"
栄町局前,茨城交通（株）,小場公民館〜大宮駅
栄町（大宮）,茨城交通（株）,"市内循環線, 大宮〜那珂西部工業団地〜水戸駅, 大宮営業所〜瓜連〜水戸駅"
太田西山高校前,茨城交通（株）,大甕駅西口〜二高〜馬場八幡
金沢団地北口,茨城交通（株）,"19日立駅〜金沢団地〜下台原, 56金沢団地〜大甕工場前, 56大甕駅〜下台原〜金沢団地, 59金沢団地〜大甕工場前, 金沢団地〜旭ヶ丘〜水木〜大甕駅, 金沢団地〜水木〜多賀駅, 金沢団地〜水木〜大甕駅, 日立駅〜多賀駅〜みかの原団地"
金沢,茨城交通（株）,"19日立駅〜金沢団地〜下台原, 大甕駅〜シオン〜多賀駅〜日立駅, 大甕駅西口〜石名坂〜多賀駅, 日立駅〜鮎川〜多賀駅〜日研中央, 日立駅〜多賀駅〜みかの原団地, 日立駅〜多賀駅〜石名坂〜大甕駅"
旧小野学校下,茨城交通（株）,"上小瀬十文字〜野口〜大宮駅前, 大宮営業所〜寺前〜小瀬高校, 大宮営業所〜野口〜小瀬高校前, 大宮駅〜上小瀬十文字, 大宮駅前〜上小瀬〜境橋, 大宮駅前〜野口〜御前山車庫"
西二丁目,茨城交通（株）,"逆久保上〜総合福祉会館, 上菅谷駅〜増井車庫, 常陸太田駅〜上坪, 総合福祉会館〜ぬく森の湯〜漆平, 総合福祉会館〜市役所〜入合, 総合福祉会館〜森湯〜つりぼり, 太田営〜常陸太田駅〜増井車庫, 太田営〜竜神大吊橋〜馬次入口, 太田営業所〜はたそめ〜逆久保, 太田営業所〜金砂郷小〜上宮田代, 太田営業所〜大門〜高倉, 太田営業所〜町屋〜小中車庫, 太田営業所〜利員〜上宮田代, 太田営業所〜里川入口, 大間ケ沢〜総合福祉会館, 大久保〜太田営業所, 大甕駅西〜はたそめ〜馬場八幡, 大甕駅西〜真弓ヶ丘〜馬場八幡, 大甕駅西口〜大橋〜馬場八幡, 大藪〜総合福祉会館, 道の駅〜堅磐, 道の駅〜上宮田代, 道の駅〜棚谷〜東染明神, 道の駅ひたちおおた〜馬次入口, 入合〜水府支所〜総合福祉会館, 入合〜竜神大吊橋〜総合福祉会館, 馬場八幡〜真弓ヶ丘〜大甕工場, 福祉会館〜常陸太田駅〜上宮田代, 竜神大吊橋線"
太田二高・太田西山高校入口,茨城交通（株）,"上菅谷駅〜常陸太田特別支援学校, 上菅谷駅〜太田一高, 常陸太田駅〜一高前"
大方,茨城交通（株）,"金砂郷小学校〜小島中小鶴, 金砂郷小学校〜大藪, 金砂郷小学校〜竹越, 上宮田代〜金砂郷中学校, 上宮田代〜公園〜総合福祉会館, 太田営業所〜金砂郷小〜上宮田代, 太田営業所〜利員〜上宮田代, 道の駅〜上宮田代, 福祉会館〜常陸太田駅〜上宮田代, 和田朝日屋〜常陸太田駅"
大里コミュニティセンター前,茨城交通（株）,"上宮田代〜公園〜総合福祉会館, 道の駅〜上宮田代"
フェスタ前,茨城交通（株）,"逆久保上〜総合福祉会館, 小中車庫〜分庁舎〜太田営業所, 上宮田代〜公園〜総合福祉会館, 常陸太田駅〜上坪, 瑞龍浄水場〜総合福祉会館, 総合福祉会館〜ぬく森の湯〜漆平, 総合福祉会館〜市役所〜入合, 総合福祉会館〜森湯〜つりぼり, 太田営業所〜はたそめ〜逆久保, 太田営業所〜若駒つりぼり, 太田営業所〜前沢, 大間ケ沢〜総合福祉会館, 大甕駅西〜はたそめ〜馬場八幡, 大甕駅西〜真弓ヶ丘〜馬場八幡, 大甕駅西〜東バイパス〜馬場八幡, 大藪〜総合福祉会館, 道の駅〜堅磐, 道の駅〜上宮田代, 道の駅〜棚谷〜東染明神, 入合〜水府支所〜総合福祉会館, 入合〜竜神大吊橋〜総合福祉会館, 馬場八幡〜真弓ヶ丘〜大甕工場, 福祉会館〜常陸太田駅〜上宮田代"
馬舟,茨城交通（株）,"大甕駅西〜はたそめ〜馬場八幡, 大甕駅西〜真弓ヶ丘〜馬場八幡, 馬場八幡〜真弓ヶ丘〜大甕工場"
常陸大宮市役所南,茨城交通（株）,市内循環線
磯坪,茨城交通（株）,"おさかなC〜大甕駅西〜多賀駅, 多賀駅〜大甕駅〜おさかなC, 多賀駅〜大甕駅〜大甕工場, 大甕駅〜多賀駅"
金沢団地中,茨城交通（株）,"56金沢団地〜大甕工場前, 56大甕駅〜下台原〜金沢団地, 金沢団地〜旭ヶ丘〜水木〜大甕駅, 金沢団地〜水木〜多賀駅, 金沢団地〜水木〜大甕駅"
常盤橋,茨城交通（株）,35多賀駅〜河原子〜大甕駅
市役所（常陸太田市）,茨城交通（株）,"逆久保上〜総合福祉会館, 小中車庫〜分庁舎〜太田営業所, 上宮田代〜公園〜総合福祉会館, 常陸太田駅〜上坪, 総合福祉会館〜ぬく森の湯〜漆平, 総合福祉会館〜市役所〜入合, 総合福祉会館〜森湯〜つりぼり, 太田営業所〜はたそめ〜逆久保, 太田営業所〜若駒つりぼり, 太田営業所〜前沢, 大間ケ沢〜総合福祉会館, 大藪〜総合福祉会館, 道の駅〜堅磐, 道の駅〜上宮田代, 道の駅〜棚谷〜東染明神, 入合〜水府支所〜総合福祉会館, 入合〜竜神大吊橋〜総合福祉会館, 福祉会館〜常陸太田駅〜上宮田代"
金沢団地東口,茨城交通（株）,"19日立駅〜金沢団地〜下台原, 59金沢団地〜大甕工場前, 日立駅〜多賀駅〜みかの原団地"
亀作神社前,茨城交通（株）,"大甕駅西〜はたそめ〜馬場八幡, 大甕駅西〜真弓ヶ丘〜馬場八幡, 馬場八幡〜真弓ヶ丘〜大甕工場"
白山入口,茨城交通（株）,"モビリティRもてぎ〜水戸駅北口, 水戸駅〜石塚〜御前山車庫, 水戸駅〜石塚車庫〜野口車庫, 浜田〜水戸駅〜野口車庫, 浜田営業所〜水戸駅〜御前山車庫"
タバタ物流センター前,茨城交通（株）,大宮駅前〜野口〜御前山車庫
呑竜山下,茨城交通（株）,"上菅谷駅〜常陸太田特別支援学校, 上菅谷駅〜太田一高, 常陸太田駅〜一高前"
ここキララ前,茨城交通（株）,"小中車庫〜分庁舎〜太田営業所, 上宮田代〜公園〜総合福祉会館, 常陸太田駅〜上坪, 瑞龍浄水場〜総合福祉会館, 太田営業所〜若駒つりぼり, 太田営業所〜前沢, 大甕駅西〜はたそめ〜馬場八幡, 大甕駅西〜真弓ヶ丘〜馬場八幡, 大甕駅西〜東バイパス〜馬場八幡, 道の駅〜堅磐, 道の駅〜上宮田代, 馬場八幡〜真弓ヶ丘〜大甕工場"
金沢団地,茨城交通（株）,"19日立駅〜金沢団地〜下台原, 56金沢団地〜大甕工場前, 56大甕駅〜下台原〜金沢団地, 59金沢団地〜大甕工場前, 金沢団地〜旭ヶ丘〜水木〜大甕駅, 金沢団地〜水木〜多賀駅, 金沢団地〜水木〜大甕駅, 日立駅〜多賀駅〜みかの原団地"
東三丁目,茨城交通（株）,"逆久保上〜総合福祉会館, 小中車庫〜森の湯〜町屋〜太田営, 上宮田代〜公園〜総合福祉会館, 上菅谷駅〜増井車庫, 常陸太田駅〜上坪, 前沢〜常陸太田駅, 総合福祉会館〜ぬく森の湯〜漆平, 総合福祉会館〜市役所〜入合, 太田営〜竜神大吊橋〜馬次入口, 太田営業所〜金砂郷小〜上宮田代, 太田営業所〜大門〜高倉, 太田営業所〜町屋〜小中車庫, 太田営業所〜利員〜上宮田代, 太田営業所〜里川入口, 大間ケ沢〜総合福祉会館, 大間ケ沢〜太田営業所, 大久保〜太田営業所, 大甕駅西〜はたそめ〜馬場八幡, 大甕駅西〜真弓ヶ丘〜馬場八幡, 大甕駅西口〜大橋〜馬場八幡, 大藪〜総合福祉会館, 道の駅〜堅磐, 道の駅〜上宮田代, 道の駅〜棚谷〜東染明神, 入合〜水府支所〜総合福祉会館, 入合〜竜神大吊橋〜総合福祉会館, 馬場八幡〜真弓ヶ丘〜大甕工場, 竜神大吊橋線, 和田朝日屋〜常陸太田駅"
大塚（大宮）,茨城交通（株）,"市内循環線, 大宮〜那珂西部工業団地〜水戸駅, 大宮営業所〜瓜連〜水戸駅"
大沼社宅,茨城交通（株）,金沢団地〜水木〜多賀駅
老人センター前,茨城交通（株）,35多賀駅〜河原子〜大甕駅
石沢,茨城交通（株）,小場公民館〜大宮駅
大沼［BRT］,茨城交通（株）,"おさかなC〜大甕駅西〜多賀駅, 多賀駅〜大甕駅〜おさかなC, 多賀駅〜大甕駅〜大甕工場, 大甕駅〜多賀駅"
渡辺医院前,茨城交通（株）,"逆久保上〜総合福祉会館, 上菅谷駅〜増井車庫, 常陸太田駅〜上坪, 総合福祉会館〜ぬく森の湯〜漆平, 総合福祉会館〜市役所〜入合, 総合福祉会館〜森湯〜つりぼり, 太田営〜常陸太田駅〜増井車庫, 太田営〜竜神大吊橋〜馬次入口, 太田営業所〜はたそめ〜逆久保, 太田営業所〜金砂郷小〜上宮田代, 太田営業所〜大門〜高倉, 太田営業所〜町屋〜小中車庫, 太田営業所〜利員〜上宮田代, 太田営業所〜里川入口, 大間ケ沢〜総合福祉会館, 大久保〜太田営業所, 大甕駅西〜はたそめ〜馬場八幡, 大甕駅西〜真弓ヶ丘〜馬場八幡, 大甕駅西口〜大橋〜馬場八幡, 大藪〜総合福祉会館, 道の駅〜堅磐, 道の駅〜上宮田代, 道の駅〜棚谷〜東染明神, 道の駅ひたちおおた〜馬次入口, 入合〜水府支所〜総合福祉会館, 入合〜竜神大吊橋〜総合福祉会館, 馬場八幡〜真弓ヶ丘〜大甕工場, 福祉会館〜常陸太田駅〜上宮田代, 竜神大吊橋線"
亀作上,茨城交通（株）,"大甕駅西〜はたそめ〜馬場八幡, 大甕駅西〜真弓ヶ丘〜馬場八幡, 馬場八幡〜真弓ヶ丘〜大甕工場"
小峰団地入口,茨城交通（株）,"19日立駅〜金沢団地〜下台原, 大甕駅〜シオン〜多賀駅〜日立駅, 大甕駅西口〜石名坂〜多賀駅, 日立駅〜鮎川〜多賀駅〜日研中央, 日立駅〜多賀駅〜みかの原団地, 日立駅〜多賀駅〜石名坂〜大甕駅"
上根道,茨城交通（株）,"19日立駅〜金沢団地〜下台原, 59金沢団地〜大甕工場前, 日立駅〜多賀駅〜みかの原団地"
和田酒店前,茨城交通（株）,"上宮田代〜公園〜総合福祉会館, 道の駅〜上宮田代"
木の下,茨城交通（株）,"モビリティRもてぎ〜水戸駅北口, 水戸駅〜石塚〜御前山車庫, 水戸駅〜石塚車庫〜野口車庫, 浜田〜水戸駅〜野口車庫, 浜田営業所〜水戸駅〜御前山車庫"
金砂郷中学校前,茨城交通（株）,"金砂郷小学校〜大藪, 上宮田代〜金砂郷中学校, 太田営業所〜金砂郷小〜上宮田代, 太田営業所〜利員〜上宮田代, 福祉会館〜常陸太田駅〜上宮田代"
台原団地,茨城交通（株）,"19日立駅〜金沢団地〜下台原, 56金沢団地〜大甕工場前, 56大甕駅〜下台原〜金沢団地, 金沢団地〜旭ヶ丘〜水木〜大甕駅, 金沢団地〜水木〜多賀駅, 金沢団地〜水木〜大甕駅, 日立駅〜多賀駅〜みかの原団地"
JA茨城みずほ前,茨城交通（株）,"金砂郷小学校〜小島中小鶴, 金砂郷小学校〜竹越, 上宮田代〜公園〜総合福祉会館, 道の駅〜上宮田代"
西真弓,茨城交通（株）,"大甕駅西〜はたそめ〜馬場八幡, 大甕駅西〜真弓ヶ丘〜馬場八幡, 馬場八幡〜真弓ヶ丘〜大甕工場"
税務署・藤井病院前,茨城交通（株）,"小中車庫〜分庁舎〜太田営業所, 上宮田代〜公園〜総合福祉会館, 常陸太田駅〜上坪, 瑞龍浄水場〜総合福祉会館, 太田営業所〜若駒つりぼり, 太田営業所〜前沢, 大甕駅西〜はたそめ〜馬場八幡, 大甕駅西〜真弓ヶ丘〜馬場八幡, 大甕駅西〜東バイパス〜馬場八幡, 道の駅〜堅磐, 道の駅〜上宮田代, 馬場八幡〜真弓ヶ丘〜大甕工場"
山吹運動公園前,茨城交通（株）,大甕駅西口〜二高〜馬場八幡
花房西,茨城交通（株）,"金砂郷小学校〜小島中小鶴, 上宮田代〜公園〜総合福祉会館, 道の駅〜上宮田代"
木崎一丁目,茨城交通（株）,"逆久保上〜総合福祉会館, 小中車庫〜森の湯〜町屋〜太田営, 上宮田代〜公園〜総合福祉会館, 上菅谷駅〜増井車庫, 常陸太田駅〜上坪, 前沢〜常陸太田駅, 総合福祉会館〜ぬく森の湯〜漆平, 総合福祉会館〜市役所〜入合, 総合福祉会館〜森湯〜つりぼり, 太田営〜常陸太田駅〜増井車庫, 太田営〜竜神大吊橋〜馬次入口, 太田営業所〜はたそめ〜逆久保, 太田営業所〜金砂郷小〜上宮田代, 太田営業所〜大門〜高倉, 太田営業所〜町屋〜小中車庫, 太田営業所〜利員〜上宮田代, 太田営業所〜里川入口, 大間ケ沢〜総合福祉会館, 大間ケ沢〜太田営業所, 大久保〜太田営業所, 大甕駅西〜はたそめ〜馬場八幡, 大甕駅西〜真弓ヶ丘〜馬場八幡, 大甕駅西口〜大橋〜馬場八幡, 大藪〜総合福祉会館, 道の駅〜堅磐, 道の駅〜上宮田代, 道の駅〜棚谷〜東染明神, 道の駅ひたちおおた〜馬次入口, 入合〜水府支所〜総合福祉会館, 入合〜竜神大吊橋〜総合福祉会館, 馬場八幡〜真弓ヶ丘〜大甕工場, 福祉会館〜常陸太田駅〜上宮田代, 竜神大吊橋線, 和田朝日屋〜常陸太田駅"
大沼新町,茨城交通（株）,金沢団地〜水木〜多賀駅
西部総合公園入口,茨城交通（株）,大宮駅前〜野口〜御前山車庫
花房中,茨城交通（株）,"金砂郷小学校〜小島中小鶴, 上宮田代〜公園〜総合福祉会館, 道の駅〜上宮田代"
花房東,茨城交通（株）,"金砂郷小学校〜小島中小鶴, 上宮田代〜公園〜総合福祉会館, 道の駅〜上宮田代"
新高貫橋,茨城交通（株）,"大甕駅西〜はたそめ〜馬場八幡, 大甕駅西〜真弓ヶ丘〜馬場八幡, 馬場八幡〜真弓ヶ丘〜大甕工場"
青木,茨城交通（株）,金砂郷小学校〜竹越
根道ヶ丘団地入口,茨城交通（株）,"19日立駅〜金沢団地〜下台原, 大甕駅〜シオン〜多賀駅〜日立駅, 大甕駅西口〜石名坂〜多賀駅, 日立駅〜鮎川〜多賀駅〜日研中央, 日立駅〜多賀駅〜みかの原団地, 日立駅〜多賀駅〜石名坂〜大甕駅"
花房石崎,茨城交通（株）,"金砂郷小学校〜小島中小鶴, 上宮田代〜公園〜総合福祉会館, 道の駅〜上宮田代"
二中入口,茨城交通（株）,小場公民館〜大宮駅
弁天入口,茨城交通（株）,"大甕駅西〜はたそめ〜馬場八幡, 大甕駅西〜真弓ヶ丘〜馬場八幡, 馬場八幡〜真弓ヶ丘〜大甕工場"
河原子南浜入口,茨城交通（株）,35多賀駅〜河原子〜大甕駅
下井戸,茨城交通（株）,"上菅谷駅〜常陸太田特別支援学校, 上菅谷駅〜太田一高, 常陸太田駅〜一高前"
常陸太田工業団地,茨城交通（株）,"大甕駅西〜はたそめ〜馬場八幡, 大甕駅西〜真弓ヶ丘〜馬場八幡, 馬場八幡〜真弓ヶ丘〜大甕工場"
下井戸南,茨城交通（株）,"上宮田代〜公園〜総合福祉会館, 常陸太田駅〜上坪, 道の駅〜上宮田代"
天神台,茨城交通（株）,"モビリティRもてぎ〜水戸駅北口, 水戸駅〜石塚〜御前山車庫, 水戸駅〜石塚車庫〜野口車庫, 浜田〜水戸駅〜野口車庫, 浜田営業所〜水戸駅〜御前山車庫"
警察署前,茨城交通（株）,"小中車庫〜分庁舎〜太田営業所, 上宮田代〜公園〜総合福祉会館, 常陸太田駅〜上坪, 瑞龍浄水場〜総合福祉会館, 太田営業所〜若駒つりぼり, 太田営業所〜前沢, 大甕駅西〜はたそめ〜馬場八幡, 大甕駅西〜真弓ヶ丘〜馬場八幡, 大甕駅西〜東バイパス〜馬場八幡, 道の駅〜堅磐, 道の駅〜上宮田代, 馬場八幡〜真弓ヶ丘〜大甕工場"
農機センター前,茨城交通（株）,"大甕駅西〜はたそめ〜馬場八幡, 大甕駅西〜真弓ヶ丘〜馬場八幡, 馬場八幡〜真弓ヶ丘〜大甕工場"
台原中学校前,茨城交通（株）,"19日立駅〜金沢団地〜下台原, 56金沢団地〜大甕工場前, 56大甕駅〜下台原〜金沢団地, 金沢団地〜旭ヶ丘〜水木〜大甕駅, 金沢団地〜水木〜多賀駅, 金沢団地〜水木〜大甕駅, 日立駅〜多賀駅〜みかの原団地"
下根道,茨城交通（株）,"19日立駅〜金沢団地〜下台原, 59金沢団地〜大甕工場前, 日立駅〜多賀駅〜みかの原団地"
大宮警察署入口,茨城交通（株）,市内循環線
川崎クリニック前,茨城交通（株）,"逆久保上〜総合福祉会館, 小中車庫〜森の湯〜町屋〜太田営, 上宮田代〜公園〜総合福祉会館, 上菅谷駅〜増井車庫, 常陸太田駅〜上坪, 前沢〜常陸太田駅, 総合福祉会館〜ぬく森の湯〜漆平, 総合福祉会館〜市役所〜入合, 総合福祉会館〜森湯〜つりぼり, 太田営〜常陸太田駅〜増井車庫, 太田営〜竜神大吊橋〜馬次入口, 太田営業所〜はたそめ〜逆久保, 太田営業所〜金砂郷小〜上宮田代, 太田営業所〜大門〜高倉, 太田営業所〜町屋〜小中車庫, 太田営業所〜利員〜上宮田代, 太田営業所〜里川入口, 大間ケ沢〜総合福祉会館, 大間ケ沢〜太田営業所, 大久保〜太田営業所, 大甕駅西〜はたそめ〜馬場八幡, 大甕駅西〜真弓ヶ丘〜馬場八幡, 大甕駅西口〜大橋〜馬場八幡, 大藪〜総合福祉会館, 道の駅〜堅磐, 道の駅〜上宮田代, 道の駅〜棚谷〜東染明神, 道の駅ひたちおおた〜馬次入口, 入合〜水府支所〜総合福祉会館, 入合〜竜神大吊橋〜総合福祉会館, 馬場八幡〜真弓ヶ丘〜大甕工場, 福祉会館〜常陸太田駅〜上宮田代, 竜神大吊橋線, 和田朝日屋〜常陸太田駅"
大沼小学校前,茨城交通（株）,金沢団地〜水木〜多賀駅
大沼小学校東,茨城交通（株）,"おさかなC〜大甕駅西〜多賀駅, 多賀駅〜大甕駅〜おさかなC, 多賀駅〜大甕駅〜大甕工場, 大甕駅〜多賀駅"
かわねや前,茨城交通（株）,"上宮田代〜公園〜総合福祉会館, 上菅谷駅〜常陸太田特別支援学校, 上菅谷駅〜太田一高, 常陸太田駅〜一高前, 常陸太田駅〜上坪, 道の駅〜上宮田代"
泉新道,茨城交通（株）,"市内循環線, 大宮〜那珂西部工業団地〜水戸駅, 大宮営業所〜瓜連〜水戸駅"
福祉会館入口,茨城交通（株）,"上宮田代〜公園〜総合福祉会館, 上菅谷駅〜常陸太田特別支援学校, 上菅谷駅〜太田一高, 常陸太田駅〜一高前, 常陸太田駅〜上坪, 道の駅〜上宮田代"
魚富前,茨城交通（株）,"上宮田代〜公園〜総合福祉会館, 道の駅〜上宮田代"
栄坪,茨城交通（株）,大甕駅西〜はたそめ〜馬場八幡
大沼,茨城交通（株）,"59金沢団地〜大甕工場前, 大甕駅〜シオン〜多賀駅〜日立駅, 大甕駅西口〜石名坂〜多賀駅, 日立駅〜鮎川〜多賀駅〜日研中央, 日立駅〜多賀駅〜石名坂〜大甕駅"
稲木町,茨城交通（株）,大甕駅西口〜二高〜馬場八幡
新地上,茨城交通（株）,"金砂郷小学校〜小島中小鶴, 上宮田代〜公園〜総合福祉会館, 道の駅〜上宮田代"
下台原,茨城交通（株）,"19日立駅〜金沢団地〜下台原, 56金沢団地〜大甕工場前, 56大甕駅〜下台原〜金沢団地, 金沢団地〜旭ヶ丘〜水木〜大甕駅, 金沢団地〜水木〜多賀駅, 金沢団地〜水木〜大甕駅, 日立駅〜多賀駅〜みかの原団地"
常陸太田駅,茨城交通（株）,"逆久保上〜総合福祉会館, 小中車庫〜森の湯〜町屋〜太田営, 小中車庫〜分庁舎〜太田営業所, 上宮田代〜公園〜総合福祉会館, 上菅谷駅〜常陸太田駅, 上菅谷駅〜常陸太田特別支援学校, 上菅谷駅〜増井車庫, 上菅谷駅〜太田一高, 常陸太田駅〜一高前, 常陸太田駅〜上坪, 瑞龍浄水場〜総合福祉会館, 前沢〜常陸太田駅, 総合福祉会館〜ぬく森の湯〜漆平, 総合福祉会館〜市役所〜入合, 総合福祉会館〜森湯〜つりぼり, 太田営〜常陸太田駅〜増井車庫, 太田営〜竜神大吊橋〜馬次入口, 太田営業所〜はたそめ〜逆久保, 太田営業所〜金砂郷小〜上宮田代, 太田営業所〜若駒つりぼり, 太田営業所〜前沢, 太田営業所〜大門〜高倉, 太田営業所〜町屋〜小中車庫, 太田営業所〜利員〜上宮田代, 太田営業所〜里川入口, 大間ケ沢〜総合福祉会館, 大間ケ沢〜太田営業所, 大久保〜太田営業所, 大甕駅西〜はたそめ〜馬場八幡, 大甕駅西〜真弓ヶ丘〜馬場八幡, 大甕駅西〜東バイパス〜馬場八幡, 大甕駅西口〜大橋〜常陸太田駅, 大甕駅西口〜大橋〜馬場八幡, 大甕駅西口〜二高〜馬場八幡, 大藪〜総合福祉会館, 道の駅〜堅磐, 道の駅〜上宮田代, 道の駅〜棚谷〜東染明神, 道の駅ひたちおおた〜馬次入口, 入合〜水府支所〜総合福祉会館, 入合〜竜神大吊橋〜総合福祉会館, 馬場八幡〜真弓ヶ丘〜大甕工場, 福祉会館〜常陸太田駅〜上宮田代, 竜神大吊橋線, 和田朝日屋〜常陸太田駅"
日向入口,茨城交通（株）,"大甕駅西〜真弓ヶ丘〜馬場八幡, 馬場八幡〜真弓ヶ丘〜大甕工場"
泉入口,茨城交通（株）,"市内循環線, 大宮〜那珂西部工業団地〜水戸駅, 大宮営業所〜瓜連〜水戸駅"
西山堂病院ひたちの中央C前,茨城交通（株）,"逆久保上〜総合福祉会館, 上宮田代〜公園〜総合福祉会館, 常陸太田駅〜上坪, 瑞龍浄水場〜総合福祉会館, 総合福祉会館〜ぬく森の湯〜漆平, 総合福祉会館〜市役所〜入合, 総合福祉会館〜森湯〜つりぼり, 大間ケ沢〜総合福祉会館, 大甕駅西口〜二高〜馬場八幡, 大藪〜総合福祉会館, 道の駅〜堅磐, 道の駅〜上宮田代, 道の駅〜棚谷〜東染明神, 入合〜水府支所〜総合福祉会館, 入合〜竜神大吊橋〜総合福祉会館, 福祉会館〜常陸太田駅〜上宮田代"
上阿野沢,茨城交通（株）,"モビリティRもてぎ〜水戸駅北口, 水戸駅〜石塚〜御前山車庫, 水戸駅〜石塚車庫〜野口車庫, 浜田〜水戸駅〜野口車庫, 浜田営業所〜水戸駅〜御前山車庫"
消防署前,茨城交通（株）,"大甕駅西〜東バイパス〜馬場八幡, 大甕駅西口〜大橋〜常陸太田駅, 大甕駅西口〜大橋〜馬場八幡, 大甕駅西口〜二高〜馬場八幡, 道の駅〜堅磐"
泉,茨城交通（株）,市内循環線
大沼工場前,茨城交通（株）,35多賀駅〜河原子〜大甕駅
大沼団地,茨城交通（株）,金沢団地〜水木〜多賀駅
東真弓,茨城交通（株）,大甕駅西〜はたそめ〜馬場八幡
稲木,茨城交通（株）,"上宮田代〜公園〜総合福祉会館, 常陸太田駅〜上坪, 道の駅〜上宮田代"
金畑団地,茨城交通（株）,"59金沢団地〜大甕工場前, 大甕駅〜シオン〜多賀駅〜日立駅, 大甕駅西口〜石名坂〜多賀駅, 日立駅〜鮎川〜多賀駅〜日研中央, 日立駅〜多賀駅〜石名坂〜大甕駅"
農村環境改善センター入口,茨城交通（株）,小場公民館〜大宮駅
総合福祉会館,茨城交通（株）,"逆久保上〜総合福祉会館, 上宮田代〜公園〜総合福祉会館, 常陸太田駅〜上坪, 瑞龍浄水場〜総合福祉会館, 総合福祉会館〜ぬく森の湯〜漆平, 総合福祉会館〜市役所〜入合, 総合福祉会館〜森湯〜つりぼり, 大間ケ沢〜総合福祉会館, 大藪〜総合福祉会館, 道の駅〜堅磐, 道の駅〜上宮田代, 道の駅〜棚谷〜東染明神, 入合〜水府支所〜総合福祉会館, 入合〜竜神大吊橋〜総合福祉会館, 福祉会館〜常陸太田駅〜上宮田代"
ゴトー電気前,茨城交通（株）,"金砂郷小学校〜小島中小鶴, 上宮田代〜公園〜総合福祉会館, 道の駅〜上宮田代"
三才,茨城交通（株）,"大甕駅西〜東バイパス〜馬場八幡, 大甕駅西口〜大橋〜常陸太田駅, 大甕駅西口〜大橋〜馬場八幡, 大甕駅西口〜二高〜馬場八幡, 道の駅〜堅磐"
総合福祉会館西,茨城交通（株）,大甕駅西口〜二高〜馬場八幡
山下町（常陸太田市）,茨城交通（株）,"小中車庫〜森の湯〜町屋〜太田営, 小中車庫〜分庁舎〜太田営業所, 上菅谷駅〜常陸太田駅, 上菅谷駅〜常陸太田特別支援学校, 上菅谷駅〜増井車庫, 上菅谷駅〜太田一高, 太田営〜常陸太田駅〜増井車庫, 太田営〜竜神大吊橋〜馬次入口, 太田営業所〜はたそめ〜逆久保, 太田営業所〜金砂郷小〜上宮田代, 太田営業所〜若駒つりぼり, 太田営業所〜前沢, 太田営業所〜大門〜高倉, 太田営業所〜町屋〜小中車庫, 太田営業所〜利員〜上宮田代, 太田営業所〜里川入口, 大間ケ沢〜太田営業所, 大久保〜太田営業所, 道の駅〜堅磐, 道の駅〜上宮田代, 道の駅〜棚谷〜東染明神, 道の駅ひたちおおた〜馬次入口, 竜神大吊橋線"
稲木集落センター,茨城交通（株）,"上宮田代〜公園〜総合福祉会館, 常陸太田駅〜上坪, 道の駅〜上宮田代"
井坂商店前,茨城交通（株）,"金砂郷小学校〜竹越, 上宮田代〜公園〜総合福祉会館, 道の駅〜上宮田代"
寺方,茨城交通（株）,"おさかなC〜大甕駅西〜多賀駅, 多賀駅〜大甕駅〜おさかなC, 多賀駅〜大甕駅〜大甕工場, 大甕駅〜多賀駅"
道師内団地前,茨城交通（株）,"金沢団地〜旭ヶ丘〜水木〜大甕駅, 金沢団地〜水木〜多賀駅, 金沢団地〜水木〜大甕駅"
南久保,茨城交通（株）,金沢団地〜水木〜多賀駅
新地下,茨城交通（株）,"金砂郷小学校〜小島中小鶴, 上宮田代〜公園〜総合福祉会館, 道の駅〜上宮田代"
村田小学校,茨城交通（株）,小場公民館〜大宮駅
南原,茨城交通（株）,"金沢団地〜旭ヶ丘〜水木〜大甕駅, 金沢団地〜水木〜多賀駅, 金沢団地〜水木〜大甕駅"
佐竹南台入口,茨城交通（株）,"上宮田代〜公園〜総合福祉会館, 常陸太田駅〜上坪, 道の駅〜上宮田代"
根本入口,茨城交通（株）,"市内循環線, 大宮〜那珂西部工業団地〜水戸駅, 大宮営業所〜瓜連〜水戸駅"
世矢堺,茨城交通（株）,大甕駅西〜はたそめ〜馬場八幡
海端団地,茨城交通（株）,35多賀駅〜河原子〜大甕駅
切通,茨城交通（株）,"金砂郷小学校〜竹越, 上宮田代〜公園〜総合福祉会館, 道の駅〜上宮田代"
森山町三丁目,茨城交通（株）,"56金沢団地〜大甕工場前, 56大甕駅〜下台原〜金沢団地, 金沢団地〜旭ヶ丘〜水木〜大甕駅, 金沢団地〜水木〜多賀駅, 金沢団地〜水木〜大甕駅"
丸山公園前,茨城交通（株）,"上宮田代〜公園〜総合福祉会館, 道の駅〜上宮田代"
みかの原団地入口,茨城交通（株）,"56金沢団地〜大甕工場前, 56大甕駅〜下台原〜金沢団地, 金沢団地〜旭ヶ丘〜水木〜大甕駅, 金沢団地〜水木〜多賀駅, 金沢団地〜水木〜大甕駅, 日立駅〜多賀駅〜みかの原団地"
東大沼町三丁目,茨城交通（株）,"金沢団地〜旭ヶ丘〜水木〜大甕駅, 金沢団地〜水木〜多賀駅, 金沢団地〜水木〜大甕駅"
太田営業所,茨城交通（株）,"小中車庫〜森の湯〜町屋〜太田営, 小中車庫〜分庁舎〜太田営業所, 上菅谷駅〜常陸太田駅, 上菅谷駅〜常陸太田特別支援学校, 上菅谷駅〜増井車庫, 上菅谷駅〜太田一高, 太田営〜常陸太田駅〜増井車庫, 太田営〜竜神大吊橋〜馬次入口, 太田営業所〜はたそめ〜逆久保, 太田営業所〜金砂郷小〜上宮田代, 太田営業所〜若駒つりぼり, 太田営業所〜前沢, 太田営業所〜大門〜高倉, 太田営業所〜町屋〜小中車庫, 太田営業所〜利員〜上宮田代, 太田営業所〜里川入口, 大間ケ沢〜太田営業所, 大久保〜太田営業所, 道の駅〜堅磐, 道の駅〜上宮田代, 道の駅〜棚谷〜東染明神, 道の駅ひたちおおた〜馬次入口, 竜神大吊橋線"
沢山,茨城交通（株）,"モビリティRもてぎ〜水戸駅北口, 水戸駅〜石塚〜御前山車庫, 水戸駅〜石塚車庫〜野口車庫, 浜田〜水戸駅〜野口車庫, 浜田営業所〜水戸駅〜御前山車庫"
小沢東,茨城交通（株）,"大甕駅西〜東バイパス〜馬場八幡, 大甕駅西口〜大橋〜常陸太田駅, 大甕駅西口〜大橋〜馬場八幡, 大甕駅西口〜二高〜馬場八幡, 峰山小学校〜岡田町樋口"
山根,茨城交通（株）,大甕駅西〜はたそめ〜馬場八幡
真弓ヶ丘,茨城交通（株）,"真弓ヶ丘〜大甕工場前, 大甕駅西〜真弓ヶ丘〜馬場八幡, 馬場八幡〜真弓ヶ丘〜大甕工場"
小沢,茨城交通（株）,"大甕駅西〜東バイパス〜馬場八幡, 大甕駅西口〜大橋〜常陸太田駅, 大甕駅西口〜大橋〜馬場八幡, 大甕駅西口〜二高〜馬場八幡, 道の駅〜堅磐"
大宮自動車教習所前,茨城交通（株）,"市内循環線, 大宮〜那珂西部工業団地〜水戸駅, 大宮営業所〜瓜連〜水戸駅"
変電所前（日立市）,茨城交通（株）,"56金沢団地〜大甕工場前, 56大甕駅〜下台原〜金沢団地, 59金沢団地〜大甕工場前, 大甕駅〜シオン〜多賀駅〜日立駅, 大甕駅西口〜石名坂〜多賀駅, 日立駅〜鮎川〜多賀駅〜日研中央, 日立駅〜多賀駅〜石名坂〜大甕駅"
岡田,茨城交通（株）,"大甕駅西〜東バイパス〜馬場八幡, 大甕駅西口〜大橋〜常陸太田駅, 大甕駅西口〜大橋〜馬場八幡, 大甕駅西口〜二高〜馬場八幡"
岡田町樋口,茨城交通（株）,峰山小学校〜岡田町樋口
弥平台,茨城交通（株）,35多賀駅〜河原子〜大甕駅
旭ヶ丘団地入口（日立市）,茨城交通（株）,"金沢団地〜旭ヶ丘〜水木〜大甕駅, 日立駅〜多賀駅〜みかの原団地"
水木,茨城交通（株）,"金沢団地〜旭ヶ丘〜水木〜大甕駅, 金沢団地〜水木〜多賀駅, 金沢団地〜水木〜大甕駅"
長堀（太田）,茨城交通（株）,"道の駅〜堅磐, 峰山小学校〜岡田町樋口"
水木［BRT］,茨城交通（株）,"おさかなC〜大甕駅西〜多賀駅, 多賀駅〜大甕駅〜おさかなC, 多賀駅〜大甕駅〜大甕工場, 大甕駅〜多賀駅"
真弓ヶ丘ニュータウン,茨城交通（株）,"真弓ヶ丘〜大甕工場前, 大甕駅西〜真弓ヶ丘〜馬場八幡, 馬場八幡〜真弓ヶ丘〜大甕工場"
佐竹ふれあいセンター前,茨城交通（株）,"上宮田代〜公園〜総合福祉会館, 道の駅〜上宮田代"
沢山小学校前,茨城交通（株）,"モビリティRもてぎ〜水戸駅北口, 水戸駅〜石塚〜御前山車庫, 水戸駅〜石塚車庫〜野口車庫, 浜田〜水戸駅〜野口車庫, 浜田営業所〜水戸駅〜御前山車庫"
佐竹南台菜のはなクリニック前,茨城交通（株）,常陸太田駅〜上坪
峰山小学校,茨城交通（株）,"峰山小学校〜粟原, 峰山小学校〜岡田町樋口, 峰山小学校〜鹿島神社, 峰山小学校〜島町西"
みかの原団地,茨城交通（株）,"金沢団地〜旭ヶ丘〜水木〜大甕駅, 日立駅〜多賀駅〜みかの原団地"
ニュータウン南台,茨城交通（株）,小場公民館〜大宮駅
富士見台団地前,茨城交通（株）,"大宮〜那珂西部工業団地〜水戸駅, 大宮営業所〜瓜連〜水戸駅"
磯部,茨城交通（株）,"上菅谷駅〜常陸太田駅, 上菅谷駅〜常陸太田特別支援学校, 上菅谷駅〜増井車庫, 上菅谷駅〜太田一高, 道の駅〜堅磐, 道の駅〜上宮田代, 道の駅〜棚谷〜東染明神, 道の駅ひたちおおた〜馬次入口, 竜神大吊橋線"
ピサーロ・イオン常陸大宮店,茨城交通（株）,市内循環線
近藤前,茨城交通（株）,"道の駅〜堅磐, 峰山小学校〜岡田町樋口"
大森,茨城交通（株）,大甕駅西〜はたそめ〜馬場八幡
水木小学校入口,茨城交通（株）,"35多賀駅〜河原子〜大甕駅, 金沢団地〜旭ヶ丘〜水木〜大甕駅, 金沢団地〜水木〜大甕駅"
森山,茨城交通（株）,"56金沢団地〜大甕工場前, 56大甕駅〜下台原〜金沢団地, 59金沢団地〜大甕工場前, 大甕駅〜シオン〜多賀駅〜日立駅, 大甕駅西口〜石名坂〜多賀駅, 日立駅〜鮎川〜多賀駅〜日研中央, 日立駅〜多賀駅〜石名坂〜大甕駅"
佐竹南台集会所前,茨城交通（株）,常陸太田駅〜上坪
東真弓入口,茨城交通（株）,"真弓ヶ丘〜大甕工場前, 大甕駅西〜真弓ヶ丘〜馬場八幡, 馬場八幡〜真弓ヶ丘〜大甕工場"
高井下,茨城交通（株）,"大甕駅西〜東バイパス〜馬場八幡, 大甕駅西口〜大橋〜常陸太田駅, 大甕駅西口〜大橋〜馬場八幡, 大甕駅西口〜二高〜馬場八幡"
高根山入口,茨城交通（株）,"モビリティRもてぎ〜水戸駅北口, 水戸駅〜石塚〜御前山車庫, 水戸駅〜石塚車庫〜野口車庫, 浜田〜水戸駅〜野口車庫, 浜田営業所〜水戸駅〜御前山車庫"
佐竹南台東,茨城交通（株）,"上宮田代〜公園〜総合福祉会館, 常陸太田駅〜上坪, 道の駅〜上宮田代, 峰山小学校〜粟原, 峰山小学校〜岡田町樋口, 峰山小学校〜鹿島神社, 峰山小学校〜島町西"
泉が森,茨城交通（株）,"おさかなC〜大甕駅西〜多賀駅, 多賀駅〜大甕駅〜おさかなC, 多賀駅〜大甕駅〜大甕工場, 大甕駅〜多賀駅"
磯部十文字西,茨城交通（株）,"峰山小学校〜粟原, 峰山小学校〜岡田町樋口, 峰山小学校〜鹿島神社"
谷河原町東,茨城交通（株）,"峰山小学校〜粟原, 峰山小学校〜岡田町樋口, 峰山小学校〜鹿島神社"
富士山（大宮）,茨城交通（株）,"大宮〜那珂西部工業団地〜水戸駅, 大宮営業所〜瓜連〜水戸駅"
金田団地,茨城交通（株）,"真弓ヶ丘〜大甕工場前, 大甕駅西〜真弓ヶ丘〜馬場八幡, 馬場八幡〜真弓ヶ丘〜大甕工場"
峰入口,茨城交通（株）,"上菅谷駅〜常陸太田駅, 上菅谷駅〜常陸太田特別支援学校, 上菅谷駅〜増井車庫, 上菅谷駅〜太田一高, 道の駅〜堅磐, 道の駅〜上宮田代, 道の駅〜棚谷〜東染明神, 道の駅ひたちおおた〜馬次入口, 峰山小学校〜粟原, 竜神大吊橋線"
谷河原十文字,茨城交通（株）,"峰山小学校〜粟原, 峰山小学校〜岡田町樋口, 峰山小学校〜鹿島神社"
泉ヶ森入口,茨城交通（株）,"35多賀駅〜河原子〜大甕駅, 金沢団地〜旭ヶ丘〜水木〜大甕駅, 金沢団地〜水木〜大甕駅"
下村田,茨城交通（株）,小場公民館〜大宮駅
天神林五丁目,茨城交通（株）,峰山小学校〜島町西
赤羽根,茨城交通（株）,大甕駅西〜はたそめ〜馬場八幡
サンコーシャ前,茨城交通（株）,小場公民館〜大宮駅
磯部町東,茨城交通（株）,"峰山小学校〜岡田町樋口, 峰山小学校〜鹿島神社"
北西看護学校,茨城交通（株）,小場公民館〜大宮駅
谷河原町西,茨城交通（株）,"峰山小学校〜粟原, 峰山小学校〜岡田町樋口, 峰山小学校〜鹿島神社"
小目,茨城交通（株）,"大甕駅西〜東バイパス〜馬場八幡, 大甕駅西口〜大橋〜常陸太田駅, 大甕駅西口〜大橋〜馬場八幡, 大甕駅西口〜二高〜馬場八幡"
上村田高野公民館前,茨城交通（株）,小場公民館〜大宮駅
藤田十文字,茨城交通（株）,"上宮田代〜公園〜総合福祉会館, 道の駅〜上宮田代, 峰山小学校〜島町西"
宮畑北,茨城交通（株）,金砂郷小学校〜竹越
桂中学校前,茨城交通（株）,"モビリティRもてぎ〜水戸駅北口, 水戸駅〜石塚〜御前山車庫, 水戸駅〜石塚車庫〜野口車庫, 浜田〜水戸駅〜野口車庫, 浜田営業所〜水戸駅〜御前山車庫"
計算センター前,茨城交通（株）,"大甕駅西口〜石名坂〜多賀駅, 日立駅〜鮎川〜多賀駅〜日研中央, 日立駅〜多賀駅〜石名坂〜大甕駅"
丹奈団地,茨城交通（株）,"真弓ヶ丘〜大甕工場前, 大甕駅西〜真弓ヶ丘〜馬場八幡, 馬場八幡〜真弓ヶ丘〜大甕工場"
赤羽根工場前,茨城交通（株）,"真弓ヶ丘〜大甕工場前, 大甕駅西〜はたそめ〜馬場八幡, 大甕駅西〜真弓ヶ丘〜馬場八幡, 馬場八幡〜真弓ヶ丘〜大甕工場"
シオン学園入口,茨城交通（株）,"56金沢団地〜大甕工場前, 56大甕駅〜下台原〜金沢団地, 59金沢団地〜大甕工場前, 大甕駅〜シオン〜多賀駅〜日立駅"
小場入口,茨城交通（株）,小場公民館〜大宮駅
川中子,茨城交通（株）,"大甕駅西〜東バイパス〜馬場八幡, 大甕駅西口〜大橋〜常陸太田駅, 大甕駅西口〜大橋〜馬場八幡, 大甕駅西口〜二高〜馬場八幡"
松栄,茨城交通（株）,"金砂郷小学校〜小島中小鶴, 常陸太田駅〜上坪"
水木西台,茨城交通（株）,"35多賀駅〜河原子〜大甕駅, 金沢団地〜旭ヶ丘〜水木〜大甕駅, 金沢団地〜水木〜大甕駅"
宮畑南,茨城交通（株）,金砂郷小学校〜竹越
阿波山十文字,茨城交通（株）,"モビリティRもてぎ〜水戸駅北口, 水戸駅〜石塚〜御前山車庫, 水戸駅〜石塚車庫〜野口車庫, 浜田〜水戸駅〜野口車庫, 浜田営業所〜水戸駅〜御前山車庫"
久慈鉄工団地入口,茨城交通（株）,"真弓ヶ丘〜大甕工場前, 大甕駅西〜はたそめ〜馬場八幡, 大甕駅西〜真弓ヶ丘〜馬場八幡, 馬場八幡〜真弓ヶ丘〜大甕工場"
竹越,茨城交通（株）,金砂郷小学校〜竹越
BP南太田・太田NC前,茨城交通（株）,"上菅谷駅〜常陸太田駅, 上菅谷駅〜常陸太田特別支援学校, 上菅谷駅〜増井車庫, 上菅谷駅〜太田一高, 道の駅〜堅磐, 道の駅〜上宮田代, 道の駅〜棚谷〜東染明神, 道の駅ひたちおおた〜馬次入口, 峰山小学校〜粟原, 竜神大吊橋線"
亀田,茨城交通（株）,峰山小学校〜鹿島神社
内田一本杉,茨城交通（株）,峰山小学校〜岡田町樋口
藤田町岸内,茨城交通（株）,"上宮田代〜公園〜総合福祉会館, 道の駅〜上宮田代, 峰山小学校〜島町西"
下大賀坂下,茨城交通（株）,"大宮〜那珂西部工業団地〜水戸駅, 大宮営業所〜瓜連〜水戸駅"
表田,茨城交通（株）,"道の駅〜堅磐, 峰山小学校〜岡田町樋口"
日研中央,茨城交通（株）,"大甕駅〜日研中央, 日立駅〜鮎川〜多賀駅〜日研中央"
上坪［常陸太田市］,茨城交通（株）,"金砂郷小学校〜小島中小鶴, 常陸太田駅〜上坪"
日立研究所前,茨城交通（株）,"大甕駅〜日研中央, 日立駅〜鮎川〜多賀駅〜日研中央"
大甕駅入口,茨城交通（株）,"56金沢団地〜大甕工場前, 56大甕駅〜下台原〜金沢団地, 59金沢団地〜大甕工場前"
大甕駅西口,茨城交通（株）,"おさかなC〜大甕駅西〜多賀駅, メモリアル〜日立南営〜大甕駅, 真弓ヶ丘〜大甕工場前, 多賀駅〜大甕駅〜おさかなC, 多賀駅〜大甕駅〜大甕工場, 大甕駅〜おさかなセンター, 大甕駅〜シオン〜多賀駅〜日立駅, 大甕駅〜多賀駅, 大甕駅〜日研中央, 大甕駅西〜はたそめ〜馬場八幡, 大甕駅西〜真弓ヶ丘〜馬場八幡, 大甕駅西〜東バイパス〜馬場八幡, 大甕駅西口〜石名坂〜多賀駅, 大甕駅西口〜大橋〜常陸太田駅, 大甕駅西口〜大橋〜馬場八幡, 大甕駅西口〜二高〜馬場八幡, 南交流C〜おさかなC〜大甕駅, 日立駅〜多賀駅〜石名坂〜大甕駅, 日立南交流C〜久慈小〜大甕駅西, 馬場八幡〜真弓ヶ丘〜大甕工場"
松栄火の見下,茨城交通（株）,常陸太田駅〜上坪
日立研究所入口,茨城交通（株）,"大甕駅〜日研中央, 大甕駅西口〜石名坂〜多賀駅, 日立駅〜鮎川〜多賀駅〜日研中央, 日立駅〜多賀駅〜石名坂〜大甕駅"
下合,茨城交通（株）,"上宮田代〜公園〜総合福祉会館, 道の駅〜上宮田代, 峰山小学校〜島町西"
阿波山宿入口,茨城交通（株）,"モビリティRもてぎ〜水戸駅北口, 水戸駅〜石塚〜御前山車庫, 水戸駅〜石塚車庫〜野口車庫, 浜田〜水戸駅〜野口車庫, 浜田営業所〜水戸駅〜御前山車庫"
大甕駅東口,茨城交通（株）,"35多賀駅〜河原子〜大甕駅, 56金沢団地〜大甕工場前, 56大甕駅〜下台原〜金沢団地, 59金沢団地〜大甕工場前, 96大甕駅〜大甕工場前, 金沢団地〜旭ヶ丘〜水木〜大甕駅, 金沢団地〜水木〜大甕駅, 大甕駅〜臨海工場・翔洋高校〜大甕駅"
石名坂,茨城交通（株）,"大甕駅西口〜石名坂〜多賀駅, 日立駅〜多賀駅〜石名坂〜大甕駅"
西内子,茨城交通（株）,金砂郷小学校〜竹越
元内（日立市）,茨城交通（株）,"大甕駅西〜東バイパス〜馬場八幡, 大甕駅西口〜大橋〜常陸太田駅, 大甕駅西口〜大橋〜馬場八幡, 大甕駅西口〜二高〜馬場八幡"
小場福山,茨城交通（株）,小場公民館〜大宮駅
大橋宿,茨城交通（株）,"大甕駅西〜東バイパス〜馬場八幡, 大甕駅西口〜大橋〜常陸太田駅, 大甕駅西口〜大橋〜馬場八幡, 大甕駅西口〜二高〜馬場八幡"
石名坂榎木元,茨城交通（株）,"真弓ヶ丘〜大甕工場前, 大甕駅西〜はたそめ〜馬場八幡, 大甕駅西〜真弓ヶ丘〜馬場八幡, 馬場八幡〜真弓ヶ丘〜大甕工場"
大橋,茨城交通（株）,"大甕駅西〜東バイパス〜馬場八幡, 大甕駅西口〜大橋〜常陸太田駅, 大甕駅西口〜大橋〜馬場八幡, 大甕駅西口〜二高〜馬場八幡"
大甕町1丁目,茨城交通（株）,"35多賀駅〜河原子〜大甕駅, 金沢団地〜旭ヶ丘〜水木〜大甕駅, 金沢団地〜水木〜大甕駅, 大甕駅〜臨海工場・翔洋高校〜大甕駅"
梵天山入口,茨城交通（株）,"上宮田代〜公園〜総合福祉会館, 常陸太田駅〜上坪, 道の駅〜上宮田代, 峰山小学校〜島町西"
西宿,茨城交通（株）,"大甕駅西〜東バイパス〜馬場八幡, 大甕駅西口〜大橋〜常陸太田駅, 大甕駅西口〜大橋〜馬場八幡, 大甕駅西口〜二高〜馬場八幡"
石名坂東,茨城交通（株）,"大甕駅〜日研中央, 大甕駅西口〜石名坂〜多賀駅, 日立駅〜多賀駅〜石名坂〜大甕駅"
大甕小学校入口,茨城交通（株）,"35多賀駅〜河原子〜大甕駅, 金沢団地〜旭ヶ丘〜水木〜大甕駅, 金沢団地〜水木〜大甕駅, 大甕駅〜臨海工場・翔洋高校〜大甕駅"
小場ローズタウン,茨城交通（株）,小場公民館〜大宮駅
翔洋学園高校前,茨城交通（株）,"35多賀駅〜河原子〜大甕駅, 金沢団地〜旭ヶ丘〜水木〜大甕駅, 金沢団地〜水木〜大甕駅, 大甕駅〜臨海工場・翔洋高校〜大甕駅"
石名坂宿,茨城交通（株）,"真弓ヶ丘〜大甕工場前, 大甕駅西〜はたそめ〜馬場八幡, 大甕駅西〜真弓ヶ丘〜馬場八幡, 馬場八幡〜真弓ヶ丘〜大甕工場"
小場消防詰所前,茨城交通（株）,小場公民館〜大宮駅
山越,茨城交通（株）,金砂郷小学校〜竹越
田園都市センター前,茨城交通（株）,"道の駅〜堅磐, 峰山小学校〜鹿島神社"
安藤酒店,茨城交通（株）,小場公民館〜大宮駅
松栄酒店,茨城交通（株）,"金砂郷小学校〜竹越, 常陸太田駅〜上坪"
回春荘入口,茨城交通（株）,"メモリアル〜日立南営〜大甕駅, 真弓ヶ丘〜大甕工場前, 大甕駅〜日研中央, 大甕駅西〜はたそめ〜馬場八幡, 大甕駅西〜真弓ヶ丘〜馬場八幡, 大甕駅西口〜石名坂〜多賀駅, 日立駅〜多賀駅〜石名坂〜大甕駅, 馬場八幡〜真弓ヶ丘〜大甕工場"
大みか町四丁目,茨城交通（株）,大甕駅〜臨海工場・翔洋高校〜大甕駅
中沢（日立市）,茨城交通（株）,"56金沢団地〜大甕工場前, 59金沢団地〜大甕工場前, 96大甕駅〜大甕工場前, 大甕駅〜臨海工場・翔洋高校〜大甕駅"
東島,茨城交通（株）,峰山小学校〜島町西
石名坂下,茨城交通（株）,"大甕駅西〜東バイパス〜馬場八幡, 大甕駅西口〜大橋〜常陸太田駅, 大甕駅西口〜大橋〜馬場八幡, 大甕駅西口〜二高〜馬場八幡"
道の駅ひたちおおた,茨城交通（株）,"上菅谷駅〜常陸太田駅, 上菅谷駅〜常陸太田特別支援学校, 上菅谷駅〜増井車庫, 上菅谷駅〜太田一高, 道の駅〜堅磐, 道の駅〜上宮田代, 道の駅〜棚谷〜東染明神, 道の駅ひたちおおた〜馬次入口, 峰山小学校〜粟原, 竜神大吊橋線"
木工団地,茨城交通（株）,"大甕駅西〜東バイパス〜馬場八幡, 大甕駅西口〜大橋〜常陸太田駅, 大甕駅西口〜大橋〜馬場八幡, 大甕駅西口〜二高〜馬場八幡"
南高野三丁目,茨城交通（株）,"真弓ヶ丘〜大甕工場前, 大甕駅西〜はたそめ〜馬場八幡, 大甕駅西〜真弓ヶ丘〜馬場八幡, 大甕駅西〜東バイパス〜馬場八幡, 大甕駅西口〜大橋〜常陸太田駅, 大甕駅西口〜大橋〜馬場八幡, 大甕駅西口〜二高〜馬場八幡, 馬場八幡〜真弓ヶ丘〜大甕工場"
中粟,茨城交通（株）,"モビリティRもてぎ〜水戸駅北口, 水戸駅〜石塚〜御前山車庫, 水戸駅〜石塚車庫〜野口車庫, 浜田〜水戸駅〜野口車庫, 浜田営業所〜水戸駅〜御前山車庫"
下河合,茨城交通（株）,峰山小学校〜粟原
中野十文字,茨城交通（株）,"金砂郷小学校〜小島中小鶴, 金砂郷小学校〜竹越, 常陸太田駅〜上坪"
上河合三丁目,茨城交通（株）,"常陸太田駅〜上坪, 峰山小学校〜粟原"
地蔵店,茨城交通（株）,"道の駅〜堅磐, 峰山小学校〜鹿島神社"
下河合東,茨城交通（株）,"上菅谷駅〜常陸太田駅, 上菅谷駅〜常陸太田特別支援学校, 上菅谷駅〜増井車庫, 上菅谷駅〜太田一高, 峰山小学校〜粟原"
臨海工場前,茨城交通（株）,"56金沢団地〜大甕工場前, 59金沢団地〜大甕工場前, 96大甕駅〜大甕工場前, 真弓ヶ丘〜大甕工場前, 多賀駅〜大甕駅〜大甕工場, 大甕駅〜臨海工場・翔洋高校〜大甕駅, 馬場八幡〜真弓ヶ丘〜大甕工場"
江向,茨城交通（株）,峰山小学校〜粟原
島町馬場下,茨城交通（株）,"常陸太田駅〜上坪, 峰山小学校〜島町西"
臨海工場西,茨城交通（株）,"おさかなC〜大甕駅西〜多賀駅, 多賀駅〜大甕駅〜おさかなC, 多賀駅〜大甕駅〜大甕工場, 大甕駅〜おさかなセンター"
臨海工場入口,茨城交通（株）,"真弓ヶ丘〜大甕工場前, 馬場八幡〜真弓ヶ丘〜大甕工場"
日立南交流センター,茨城交通（株）,"南交流C〜おさかなC〜大甕駅, 日立南交流C〜久慈小〜大甕駅西"
久慈中学校入口,茨城交通（株）,"メモリアル〜日立南営〜大甕駅, 真弓ヶ丘〜大甕工場前, 大甕駅〜日研中央, 大甕駅西〜はたそめ〜馬場八幡, 大甕駅西〜真弓ヶ丘〜馬場八幡, 大甕駅西口〜石名坂〜多賀駅, 日立駅〜多賀駅〜石名坂〜大甕駅, 馬場八幡〜真弓ヶ丘〜大甕工場"
焼肉栄前,茨城交通（株）,"金砂郷小学校〜竹越, 常陸太田駅〜上坪"
吉田神社前,茨城交通（株）,"道の駅〜堅磐, 峰山小学校〜鹿島神社"
下河合四丁目,茨城交通（株）,峰山小学校〜粟原
上河合公民館前,茨城交通（株）,"常陸太田駅〜上坪, 峰山小学校〜粟原"
下河合公民館,茨城交通（株）,峰山小学校〜粟原
南高野団地,茨城交通（株）,"真弓ヶ丘〜大甕工場前, 大甕駅西〜はたそめ〜馬場八幡, 大甕駅西〜真弓ヶ丘〜馬場八幡, 大甕駅西〜東バイパス〜馬場八幡, 大甕駅西口〜大橋〜常陸太田駅, 大甕駅西口〜大橋〜馬場八幡, 大甕駅西口〜二高〜馬場八幡, 馬場八幡〜真弓ヶ丘〜大甕工場"
落合町,茨城交通（株）,"道の駅〜堅磐, 峰山小学校〜鹿島神社"
河合十文字,茨城交通（株）,峰山小学校〜粟原
鹿志村商店前,茨城交通（株）,"常陸太田駅〜上坪, 峰山小学校〜島町西"
小場,茨城交通（株）,小場公民館〜大宮駅
南部支所前,茨城交通（株）,"メモリアル〜日立南営〜大甕駅, 真弓ヶ丘〜大甕工場前, 大甕駅西〜はたそめ〜馬場八幡, 大甕駅西〜真弓ヶ丘〜馬場八幡, 馬場八幡〜真弓ヶ丘〜大甕工場"
大甕工場前,茨城交通（株）,"56金沢団地〜大甕工場前, 59金沢団地〜大甕工場前, 96大甕駅〜大甕工場前, 真弓ヶ丘〜大甕工場前, 多賀駅〜大甕駅〜大甕工場, 大甕駅〜臨海工場・翔洋高校〜大甕駅, 馬場八幡〜真弓ヶ丘〜大甕工場"
西仲,茨城交通（株）,峰山小学校〜粟原
下大賀入口,茨城交通（株）,"大宮〜那珂西部工業団地〜水戸駅, 大宮営業所〜瓜連〜水戸駅"
東橋,茨城交通（株）,"常陸太田駅〜上坪, 峰山小学校〜粟原"
吹上橋,茨城交通（株）,"おさかなC〜大甕駅西〜多賀駅, 多賀駅〜大甕駅〜おさかなC, 大甕駅〜おさかなセンター"
行戸入口,茨城交通（株）,"真弓ヶ丘〜大甕工場前, 馬場八幡〜真弓ヶ丘〜大甕工場"
東仲,茨城交通（株）,峰山小学校〜粟原
川端（城里町）,茨城交通（株）,"モビリティRもてぎ〜水戸駅北口, 水戸駅〜石塚〜御前山車庫, 水戸駅〜石塚車庫〜野口車庫, 浜田〜水戸駅〜野口車庫, 浜田営業所〜水戸駅〜御前山車庫"
マイシティ大みか前,茨城交通（株）,"真弓ヶ丘〜大甕工場前, 大甕駅西〜東バイパス〜馬場八幡, 大甕駅西口〜大橋〜常陸太田駅, 大甕駅西口〜大橋〜馬場八幡, 大甕駅西口〜二高〜馬場八幡, 南交流C〜おさかなC〜大甕駅, 日立南交流C〜久慈小〜大甕駅西, 馬場八幡〜真弓ヶ丘〜大甕工場"
小場公民館,茨城交通（株）,小場公民館〜大宮駅
土木内入口,茨城交通（株）,"道の駅〜堅磐, 峰山小学校〜鹿島神社"
島町西,茨城交通（株）,"常陸太田駅〜上坪, 峰山小学校〜島町西"
南高野一丁目,茨城交通（株）,"真弓ヶ丘〜大甕工場前, 大甕駅西〜はたそめ〜馬場八幡, 大甕駅西〜真弓ヶ丘〜馬場八幡, 大甕駅西〜東バイパス〜馬場八幡, 大甕駅西口〜大橋〜常陸太田駅, 大甕駅西口〜大橋〜馬場八幡, 大甕駅西口〜二高〜馬場八幡, 馬場八幡〜真弓ヶ丘〜大甕工場"
釜田,茨城交通（株）,峰山小学校〜粟原
どうのいり公園,茨城交通（株）,"おさかなC〜大甕駅西〜多賀駅, 多賀駅〜大甕駅〜おさかなC, 大甕駅〜おさかなセンター"
下宿畑,茨城交通（株）,"金砂郷小学校〜小島中小鶴, 常陸太田駅〜上坪"
粟原町東,茨城交通（株）,"常陸太田駅〜上坪, 峰山小学校〜粟原"
北瓜連,茨城交通（株）,"大宮〜那珂西部工業団地〜水戸駅, 大宮営業所〜瓜連〜水戸駅"
鹿島神社前（堅磐）,茨城交通（株）,"道の駅〜堅磐, 峰山小学校〜鹿島神社"
茂宮,茨城交通（株）,"メモリアル〜日立南営〜大甕駅, 南交流C〜おさかなC〜大甕駅, 日立南交流C〜久慈小〜大甕駅西"
曲松団地入口,茨城交通（株）,"メモリアル〜日立南営〜大甕駅, 真弓ヶ丘〜大甕工場前, 大甕駅西〜はたそめ〜馬場八幡, 大甕駅西〜真弓ヶ丘〜馬場八幡, 大甕駅西〜東バイパス〜馬場八幡, 大甕駅西口〜大橋〜常陸太田駅, 大甕駅西口〜大橋〜馬場八幡, 大甕駅西口〜二高〜馬場八幡, 南交流C〜おさかなC〜大甕駅, 日立南交流C〜久慈小〜大甕駅西, 馬場八幡〜真弓ヶ丘〜大甕工場"
日立商業高校,茨城交通（株）,"おさかなC〜大甕駅西〜多賀駅, 多賀駅〜大甕駅〜おさかなC, 大甕駅〜おさかなセンター"
聖麗メモリアル病院,茨城交通（株）,メモリアル〜日立南営〜大甕駅
行戸,茨城交通（株）,"南交流C〜おさかなC〜大甕駅, 日立南交流C〜久慈小〜大甕駅西"
粟原公民館前,茨城交通（株）,"常陸太田駅〜上坪, 峰山小学校〜粟原"
粟原町仲,茨城交通（株）,"常陸太田駅〜上坪, 峰山小学校〜粟原"
日立商高入口,茨城交通（株）,"大甕駅西〜東バイパス〜馬場八幡, 大甕駅西口〜大橋〜常陸太田駅, 大甕駅西口〜大橋〜馬場八幡, 大甕駅西口〜二高〜馬場八幡, 南交流C〜おさかなC〜大甕駅, 日立南交流C〜久慈小〜大甕駅西"
下粟,茨城交通（株）,"モビリティRもてぎ〜水戸駅北口, 水戸駅〜石塚〜御前山車庫, 水戸駅〜石塚車庫〜野口車庫, 浜田〜水戸駅〜野口車庫, 浜田営業所〜水戸駅〜御前山車庫"
中瓜連,茨城交通（株）,"大宮〜那珂西部工業団地〜水戸駅, 大宮営業所〜瓜連〜水戸駅"
小島中小鶴,茨城交通（株）,"金砂郷小学校〜小島中小鶴, 常陸太田駅〜上坪"
日立商業下,茨城交通（株）,"おさかなC〜大甕駅西〜多賀駅, 多賀駅〜大甕駅〜おさかなC, 大甕駅〜おさかなセンター"
久慈浜郵便局入口,茨城交通（株）,"大甕駅西〜東バイパス〜馬場八幡, 大甕駅西口〜大橋〜常陸太田駅, 大甕駅西口〜大橋〜馬場八幡, 大甕駅西口〜二高〜馬場八幡"
南瓜連,茨城交通（株）,"大宮〜那珂西部工業団地〜水戸駅, 大宮営業所〜瓜連〜水戸駅"
行戸下宿,茨城交通（株）,"南交流C〜おさかなC〜大甕駅, 日立南交流C〜久慈小〜大甕駅西"
堅磐,茨城交通（株）,道の駅〜堅磐
金井戸団地入口,茨城交通（株）,"メモリアル〜日立南営〜大甕駅, 南交流C〜おさかなC〜大甕駅, 日立南交流C〜久慈小〜大甕駅西"
日立南部葬祭場,茨城交通（株）,"メモリアル〜日立南営〜大甕駅, 南交流C〜おさかなC〜大甕駅, 日立南交流C〜久慈小〜大甕駅西"
久慈小学校前,茨城交通（株）,"南交流C〜おさかなC〜大甕駅, 日立南交流C〜久慈小〜大甕駅西"
久慈浜郵便局前,茨城交通（株）,"南交流C〜おさかなC〜大甕駅, 日立南交流C〜久慈小〜大甕駅西"
南部図書館,茨城交通（株）,"おさかなC〜大甕駅西〜多賀駅, 多賀駅〜大甕駅〜おさかなC, 大甕駅〜おさかなセンター"
貝塚公園,茨城交通（株）,"メモリアル〜日立南営〜大甕駅, 南交流C〜おさかなC〜大甕駅, 日立南交流C〜久慈小〜大甕駅西"
久慈浜,茨城交通（株）,"おさかなC〜大甕駅西〜多賀駅, 多賀駅〜大甕駅〜おさかなC, 大甕駅〜おさかなセンター, 南交流C〜おさかなC〜大甕駅, 日立南交流C〜久慈小〜大甕駅西"
額田新寿,茨城交通（株）,"上菅谷駅〜常陸太田駅, 上菅谷駅〜常陸太田特別支援学校, 上菅谷駅〜増井車庫, 上菅谷駅〜太田一高"
本町十文字,茨城交通（株）,"南交流C〜おさかなC〜大甕駅, 日立南交流C〜久慈小〜大甕駅西"
日立南工業団地入口,茨城交通（株）,"メモリアル〜日立南営〜大甕駅, 南交流C〜おさかなC〜大甕駅, 日立南交流C〜久慈小〜大甕駅西"
瓜連駅口,茨城交通（株）,"大宮〜那珂西部工業団地〜水戸駅, 大宮営業所〜瓜連〜水戸駅"
本町新明橋,茨城交通（株）,"南交流C〜おさかなC〜大甕駅, 日立南交流C〜久慈小〜大甕駅西"
圷支所前,茨城交通（株）,"モビリティRもてぎ〜水戸駅北口, 水戸駅〜石塚〜御前山車庫, 水戸駅〜石塚車庫〜野口車庫, 浜田〜水戸駅〜野口車庫, 浜田営業所〜水戸駅〜御前山車庫"
サンピア日立,茨城交通（株）,おさかなC〜大甕駅西〜多賀駅
日立南工業団地,茨城交通（株）,"メモリアル〜日立南営〜大甕駅, 南交流C〜おさかなC〜大甕駅, 日立南交流C〜久慈小〜大甕駅西"
瀬上新橋,茨城交通（株）,"おさかなC〜大甕駅西〜多賀駅, 多賀駅〜大甕駅〜おさかなC, 大甕駅〜おさかなセンター, 南交流C〜おさかなC〜大甕駅"
下瓜連,茨城交通（株）,"大宮〜那珂西部工業団地〜水戸駅, 大宮営業所〜瓜連〜水戸駅"
岩下入口,茨城交通（株）,常北中学校〜岩下入口
日立南営業所前,茨城交通（株）,"メモリアル〜日立南営〜大甕駅, 南交流C〜おさかなC〜大甕駅, 日立南交流C〜久慈小〜大甕駅西"
カインズホーム前,茨城交通（株）,"メモリアル〜日立南営〜大甕駅, 南交流C〜おさかなC〜大甕駅, 日立南交流C〜久慈小〜大甕駅西"
おさかなセンター,茨城交通（株）,"おさかなC〜大甕駅西〜多賀駅, 多賀駅〜大甕駅〜おさかなC, 大甕駅〜おさかなセンター, 南交流C〜おさかなC〜大甕駅"
北額田,茨城交通（株）,"上菅谷駅〜常陸太田駅, 上菅谷駅〜常陸太田特別支援学校, 上菅谷駅〜増井車庫, 上菅谷駅〜太田一高"
下江戸,茨城交通（株）,水戸駅〜下江戸
塩子支所前,茨城交通（株）,常北中学校〜岩下入口
中里住宅口,茨城交通（株）,"大宮〜那珂西部工業団地〜水戸駅, 大宮営業所〜瓜連〜水戸駅"
下江戸中坪,茨城交通（株）,水戸駅〜下江戸
上圷（桂）,茨城交通（株）,"モビリティRもてぎ〜水戸駅北口, 水戸駅〜石塚〜御前山車庫, 水戸駅〜石塚車庫〜野口車庫, 浜田〜水戸駅〜野口車庫, 浜田営業所〜水戸駅〜御前山車庫"
額田十文字,茨城交通（株）,"上菅谷駅〜常陸太田駅, 上菅谷駅〜常陸太田特別支援学校, 上菅谷駅〜増井車庫, 上菅谷駅〜太田一高"
塩子宿,茨城交通（株）,常北中学校〜岩下入口
高取入口,茨城交通（株）,常北中学校〜岩下入口
塩子宮前,茨城交通（株）,常北中学校〜岩下入口
下江戸寺前,茨城交通（株）,水戸駅〜下江戸
七会小学校前,茨城交通（株）,常北中学校〜岩下入口
中里,茨城交通（株）,"大宮〜那珂西部工業団地〜水戸駅, 大宮営業所〜瓜連〜水戸駅"
塩子局前,茨城交通（株）,常北中学校〜岩下入口
額田下町,茨城交通（株）,"上菅谷駅〜常陸太田駅, 上菅谷駅〜常陸太田特別支援学校, 上菅谷駅〜増井車庫, 上菅谷駅〜太田一高"
石塚上町,茨城交通（株）,"モビリティRもてぎ〜水戸駅北口, 水戸駅〜石塚〜御前山車庫, 水戸駅〜石塚車庫〜野口車庫, 浜田〜水戸駅〜野口車庫, 浜田営業所〜水戸駅〜御前山車庫"
新町,茨城交通（株）,"モビリティRもてぎ〜水戸駅北口, 水戸駅〜石塚〜御前山車庫, 水戸駅〜石塚車庫〜野口車庫, 浜田〜水戸駅〜野口車庫, 浜田営業所〜水戸駅〜御前山車庫"
石塚下町,茨城交通（株）,モビリティRもてぎ〜水戸駅北口
塩子製茶工場前,茨城交通（株）,常北中学校〜岩下入口
掛越,茨城交通（株）,水戸駅〜下江戸
額田坂下,茨城交通（株）,"上菅谷駅〜常陸太田駅, 上菅谷駅〜常陸太田特別支援学校, 上菅谷駅〜増井車庫, 上菅谷駅〜太田一高"
石塚十文字,茨城交通（株）,"モビリティRもてぎ〜水戸駅北口, 桜ノ牧高〜済生会〜赤塚駅, 常北高校〜病院〜赤塚駅北口, 水戸駅〜栄町〜成沢〜石塚車庫, 水戸駅〜栄町〜飯富〜石塚車庫, 水戸駅〜常北高校, 水戸駅〜石塚〜御前山車庫, 水戸駅〜石塚車庫〜野口車庫, 石塚車庫〜サテライト〜赤塚駅, 石塚車庫〜済生会〜赤塚駅, 石塚車庫〜成沢〜水戸駅, 浜田〜水戸駅〜野口車庫, 浜田営業所〜水戸駅〜御前山車庫"
石塚車庫,茨城交通（株）,"モビリティRもてぎ〜水戸駅北口, 桜ノ牧高〜済生会〜赤塚駅, 常北高校〜病院〜赤塚駅北口, 常北中学校〜岩下入口, 常北中学校〜赤沢観音, 水戸駅〜栄町〜成沢〜石塚車庫, 水戸駅〜栄町〜飯富〜石塚車庫, 水戸駅〜常北高校, 水戸駅〜石塚〜御前山車庫, 水戸駅〜石塚車庫〜野口車庫, 石塚車庫〜サテライト〜赤塚駅, 石塚車庫〜済生会〜赤塚駅, 石塚車庫〜成沢〜水戸駅, 浜田〜水戸駅〜野口車庫, 浜田営業所〜水戸駅〜御前山車庫"
石塚本町,茨城交通（株）,"桜ノ牧高〜済生会〜赤塚駅, 常北高校〜病院〜赤塚駅北口, 水戸駅〜栄町〜成沢〜石塚車庫, 石塚車庫〜サテライト〜赤塚駅, 石塚車庫〜済生会〜赤塚駅, 石塚車庫〜成沢〜水戸駅"
田町一丁目,茨城交通（株）,"モビリティRもてぎ〜水戸駅北口, 水戸駅〜栄町〜飯富〜石塚車庫, 水戸駅〜常北高校, 水戸駅〜石塚〜御前山車庫, 水戸駅〜石塚車庫〜野口車庫, 浜田〜水戸駅〜野口車庫, 浜田営業所〜水戸駅〜御前山車庫"
大内,茨城交通（株）,水戸駅〜下江戸
一本松（常北高）,茨城交通（株）,"桜ノ牧高〜済生会〜赤塚駅, 常北高校〜病院〜赤塚駅北口, 常北中学校〜岩下入口, 常北中学校〜赤沢観音, 水戸駅〜常北高校"
赤坂,茨城交通（株）,"大宮〜那珂西部工業団地〜水戸駅, 大宮営業所〜瓜連〜水戸駅"
小勝,茨城交通（株）,"常北中学校〜岩下入口, 常北中学校〜赤沢観音, 赤沢観音〜物産センター山桜"
那珂二中入口,茨城交通（株）,"上菅谷駅〜常陸太田駅, 上菅谷駅〜常陸太田特別支援学校, 上菅谷駅〜増井車庫, 上菅谷駅〜太田一高"
城里町役場前,茨城交通（株）,"桜ノ牧高〜済生会〜赤塚駅, 常北高校〜病院〜赤塚駅北口, 水戸駅〜栄町〜成沢〜石塚車庫, 石塚車庫〜サテライト〜赤塚駅, 石塚車庫〜済生会〜赤塚駅, 石塚車庫〜成沢〜水戸駅"
城里町役場入口,茨城交通（株）,"モビリティRもてぎ〜水戸駅北口, 水戸駅〜栄町〜飯富〜石塚車庫, 水戸駅〜常北高校, 水戸駅〜石塚〜御前山車庫, 水戸駅〜石塚車庫〜野口車庫, 浜田〜水戸駅〜野口車庫, 浜田営業所〜水戸駅〜御前山車庫"
桜ノ牧高校常北校,茨城交通（株）,"桜ノ牧高〜済生会〜赤塚駅, 常北高校〜病院〜赤塚駅北口"
物産センター山桜,茨城交通（株）,"常北中学校〜岩下入口, 常北中学校〜赤沢観音, 赤沢観音〜物産センター山桜"
大内公民館前,茨城交通（株）,水戸駅〜下江戸
衛生センター前,茨城交通（株）,"常北中学校〜赤沢観音, 赤沢観音〜物産センター山桜"
石神二軒茶屋,茨城交通（株）,"茨大前営業所〜国道〜東海駅, 水戸駅〜国道〜東海駅"
高岡二区,茨城交通（株）,"上菅谷駅〜常陸太田駅, 上菅谷駅〜常陸太田特別支援学校, 上菅谷駅〜増井車庫, 上菅谷駅〜太田一高"
常北高校入口,茨城交通（株）,"桜ノ牧高〜済生会〜赤塚駅, 常北高校〜病院〜赤塚駅北口, 常北中学校〜岩下入口, 常北中学校〜赤沢観音, 水戸駅〜常北高校"
石塚一本松,茨城交通（株）,"モビリティRもてぎ〜水戸駅北口, 水戸駅〜栄町〜飯富〜石塚車庫, 水戸駅〜常北高校, 水戸駅〜石塚〜御前山車庫, 水戸駅〜石塚車庫〜野口車庫, 浜田〜水戸駅〜野口車庫, 浜田営業所〜水戸駅〜御前山車庫"
戸崎十文字,茨城交通（株）,"大宮〜那珂西部工業団地〜水戸駅, 大宮営業所〜瓜連〜水戸駅"
常北中学校入口,茨城交通（株）,"桜ノ牧高〜済生会〜赤塚駅, 常北高校〜病院〜赤塚駅北口, 水戸駅〜栄町〜成沢〜石塚車庫, 石塚車庫〜サテライト〜赤塚駅, 石塚車庫〜済生会〜赤塚駅, 石塚車庫〜成沢〜水戸駅"
常北中学校前,茨城交通（株）,"常北中学校〜岩下入口, 常北中学校〜赤沢観音"
石塚小学校前,茨城交通（株）,"モビリティRもてぎ〜水戸駅北口, 水戸駅〜栄町〜飯富〜石塚車庫, 水戸駅〜常北高校, 水戸駅〜石塚〜御前山車庫, 水戸駅〜石塚車庫〜野口車庫, 浜田〜水戸駅〜野口車庫, 浜田営業所〜水戸駅〜御前山車庫"
東海団地入口,茨城交通（株）,"茨大前営業所〜国道〜東海駅, 水戸駅〜国道〜東海駅"
古新田,茨城交通（株）,"上菅谷駅〜常陸太田駅, 上菅谷駅〜常陸太田特別支援学校, 上菅谷駅〜増井車庫, 上菅谷駅〜太田一高"
戸多局前,茨城交通（株）,水戸駅〜下江戸
小勝十文字,茨城交通（株）,"常北中学校〜赤沢観音, 赤沢観音〜物産センター山桜"
舟石川入口,茨城交通（株）,"茨大前営業所〜国道〜東海駅, 水戸駅〜国道〜東海駅"
エコス城里店前,茨城交通（株）,"モビリティRもてぎ〜水戸駅北口, 水戸駅〜栄町〜飯富〜石塚車庫, 水戸駅〜常北高校, 水戸駅〜石塚〜御前山車庫, 水戸駅〜石塚車庫〜野口車庫, 浜田〜水戸駅〜野口車庫, 浜田営業所〜水戸駅〜御前山車庫"
北の根入口,茨城交通（株）,"常北中学校〜赤沢観音, 赤沢観音〜物産センター山桜"
小畔,茨城交通（株）,"常北中学校〜岩下入口, 常北中学校〜赤沢観音"
大山台,茨城交通（株）,"茨大前営業所〜国道〜東海駅, 水戸駅〜国道〜東海駅"
戸崎松並,茨城交通（株）,"大宮〜那珂西部工業団地〜水戸駅, 大宮営業所〜瓜連〜水戸駅"
常北小学校前,茨城交通（株）,"常北中学校〜岩下入口, 常北中学校〜赤沢観音"
上那珂西,茨城交通（株）,"モビリティRもてぎ〜水戸駅北口, 水戸駅〜栄町〜飯富〜石塚車庫, 水戸駅〜常北高校, 水戸駅〜石塚〜御前山車庫, 水戸駅〜石塚車庫〜野口車庫, 浜田〜水戸駅〜野口車庫, 浜田営業所〜水戸駅〜御前山車庫"
田崎,茨城交通（株）,水戸駅〜下江戸
内宿入口,茨城交通（株）,"茨大前営業所〜国道〜東海駅, 水戸駅〜国道〜東海駅"
那珂西,茨城交通（株）,"モビリティRもてぎ〜水戸駅北口, 水戸駅〜栄町〜飯富〜石塚車庫, 水戸駅〜常北高校, 水戸駅〜石塚〜御前山車庫, 水戸駅〜石塚車庫〜野口車庫, 浜田〜水戸駅〜野口車庫, 浜田営業所〜水戸駅〜御前山車庫"
戸多小学校前,茨城交通（株）,水戸駅〜下江戸
舟石川西,茨城交通（株）,"茨大前営業所〜国道〜東海駅, 水戸駅〜国道〜東海駅"
北米,茨城交通（株）,"桜ノ牧高〜済生会〜赤塚駅, 常北高校〜病院〜赤塚駅北口, 水戸駅〜栄町〜成沢〜石塚車庫, 石塚車庫〜サテライト〜赤塚駅, 石塚車庫〜済生会〜赤塚駅, 石塚車庫〜成沢〜水戸駅"
高田荘入口,茨城交通（株）,"常北中学校〜赤沢観音, 赤沢観音〜物産センター山桜"
那珂安全自動車学校前,茨城交通（株）,"上菅谷駅〜常陸太田駅, 上菅谷駅〜常陸太田特別支援学校, 上菅谷駅〜増井車庫, 上菅谷駅〜太田一高"
東海橋,茨城交通（株）,"茨大前営業所〜国道〜東海駅, 水戸駅〜国道〜東海駅"
舟石川,茨城交通（株）,"茨大前営業所〜国道〜東海駅, 水戸駅〜国道〜東海駅"
東海中学校,茨城交通（株）,"東海駅〜茨城東病院, 東海駅〜真崎東〜海浜公園西口, 東海駅〜村松宿〜茨城東病院"
立石公民館前,茨城交通（株）,水戸駅〜下江戸
杉玉川,茨城交通（株）,"上菅谷駅〜常陸太田駅, 上菅谷駅〜常陸太田特別支援学校, 上菅谷駅〜増井車庫, 上菅谷駅〜太田一高"
中島,茨城交通（株）,"大宮〜那珂西部工業団地〜水戸駅, 大宮営業所〜瓜連〜水戸駅"
那珂西公民館前,茨城交通（株）,"モビリティRもてぎ〜水戸駅北口, 水戸駅〜栄町〜飯富〜石塚車庫, 水戸駅〜常北高校, 水戸駅〜石塚〜御前山車庫, 水戸駅〜石塚車庫〜野口車庫, 浜田〜水戸駅〜野口車庫, 浜田営業所〜水戸駅〜御前山車庫"
上古内,茨城交通（株）,"常北中学校〜岩下入口, 常北中学校〜赤沢観音"
東海駅西口,茨城交通（株）,"茨大前営業所〜国道〜東海駅, 水戸駅〜国道〜東海駅"
荒谷台住宅前,茨城交通（株）,"東海駅〜茨城東病院, 東海駅〜真崎東〜海浜公園西口, 東海駅〜村松宿〜茨城東病院"
東海駅東口,茨城交通（株）,"須和間循環, 東海駅〜茨城東病院, 東海駅〜真崎東〜海浜公園西口, 東海駅〜村松宿〜茨城東病院, 東海駅〜南台南"
なごみ入口,茨城交通（株）,"東海駅〜茨城東病院, 東海駅〜真崎東〜海浜公園西口, 東海駅〜村松宿〜茨城東病院"
イオン東海店前,茨城交通（株）,"須和間循環, 東海駅〜茨城東病院, 東海駅〜真崎東〜海浜公園西口, 東海駅〜村松宿〜茨城東病院, 東海駅〜南台南"
真崎十文字,茨城交通（株）,"東海駅〜茨城東病院, 東海駅〜真崎東〜海浜公園西口, 東海駅〜村松宿〜茨城東病院"
笠松,茨城交通（株）,"茨大前営業所〜国道〜東海駅, 水戸駅〜国道〜東海駅"
押寄木公民館前,茨城交通（株）,"常北中学校〜赤沢観音, 赤沢観音〜物産センター山桜"
勝見沢入口,茨城交通（株）,"常北中学校〜岩下入口, 常北中学校〜赤沢観音"
立石,茨城交通（株）,水戸駅〜下江戸
杉境,茨城交通（株）,"上菅谷駅〜常陸太田駅, 上菅谷駅〜常陸太田特別支援学校, 上菅谷駅〜増井車庫, 上菅谷駅〜太田一高"
内郷入口（那珂）,茨城交通（株）,"大宮〜那珂西部工業団地〜水戸駅, 大宮営業所〜瓜連〜水戸駅"
横小路,茨城交通（株）,"モビリティRもてぎ〜水戸駅北口, 水戸駅〜栄町〜飯富〜石塚車庫, 水戸駅〜常北高校, 水戸駅〜石塚〜御前山車庫, 水戸駅〜石塚車庫〜野口車庫, 浜田〜水戸駅〜野口車庫, 浜田営業所〜水戸駅〜御前山車庫"
水戸藤が原ニュータウン西,茨城交通（株）,"下飯富〜水戸藤が原NT西, 若宮団地〜茨大前〜水戸NT, 水戸駅〜茨大前〜水戸NT, 水戸藤が原NT西〜茨大前"
山新入口,茨城交通（株）,"須和間循環, 東海駅〜南台南"
真崎仲町,茨城交通（株）,"東海駅〜茨城東病院, 東海駅〜真崎東〜海浜公園西口, 東海駅〜村松宿〜茨城東病院"
杉前,茨城交通（株）,"上菅谷駅〜常陸太田駅, 上菅谷駅〜常陸太田特別支援学校, 上菅谷駅〜増井車庫, 上菅谷駅〜太田一高"
真崎東,茨城交通（株）,"東海駅〜茨城東病院, 東海駅〜真崎東〜海浜公園西口, 東海駅〜村松宿〜茨城東病院"
東海文化センター入口,茨城交通（株）,"須和間循環, 東海駅〜南台南"
水戸藤が原ニュータウン中央,茨城交通（株）,"下飯富〜水戸藤が原NT西, 若宮団地〜茨大前〜水戸NT, 水戸駅〜茨大前〜水戸NT, 水戸藤が原NT西〜茨大前"
下那珂西,茨城交通（株）,"モビリティRもてぎ〜水戸駅北口, 水戸駅〜栄町〜飯富〜石塚車庫, 水戸駅〜常北高校, 水戸駅〜石塚〜御前山車庫, 水戸駅〜石塚車庫〜野口車庫, 浜田〜水戸駅〜野口車庫, 浜田営業所〜水戸駅〜御前山車庫"
原研前,茨城交通（株）,"東海駅〜茨城東病院, 東海駅〜真崎東〜海浜公園西口, 東海駅〜村松宿〜茨城東病院"
石原,茨城交通（株）,"桜ノ牧高〜済生会〜赤塚駅, 常北高校〜病院〜赤塚駅北口, 水戸駅〜栄町〜成沢〜石塚車庫, 石塚車庫〜サテライト〜赤塚駅, 石塚車庫〜済生会〜赤塚駅, 石塚車庫〜成沢〜水戸駅"
戸村十文字,茨城交通（株）,水戸駅〜下江戸
笠松運動公園前,茨城交通（株）,"茨大前営業所〜国道〜東海駅, 水戸駅〜笠松運動公園前, 水戸駅〜国道〜東海駅"
アツマーレ前,茨城交通（株）,"常北中学校〜赤沢観音, 赤沢観音〜物産センター山桜"
那珂総合公園入口,茨城交通（株）,大宮〜那珂西部工業団地〜水戸駅
仲郷,茨城交通（株）,"常北中学校〜岩下入口, 常北中学校〜赤沢観音"
東海高校前,茨城交通（株）,"須和間循環, 東海駅〜南台南"
県営藤が原アパート,茨城交通（株）,"下飯富〜水戸藤が原NT西, 若宮団地〜茨大前〜水戸NT, 水戸駅〜茨大前〜水戸NT, 水戸藤が原NT西〜茨大前"
ひばりケ丘（那珂）,茨城交通（株）,"上菅谷駅〜常陸太田駅, 上菅谷駅〜常陸太田特別支援学校, 上菅谷駅〜増井車庫, 上菅谷駅〜太田一高"
東海病院,茨城交通（株）,須和間循環
飯田局前,茨城交通（株）,"大宮〜那珂西部工業団地〜水戸駅, 大宮営業所〜瓜連〜水戸駅"
那珂西部工業団地北,茨城交通（株）,大宮〜那珂西部工業団地〜水戸駅
宝憧院前,茨城交通（株）,"モビリティRもてぎ〜水戸駅北口, 水戸駅〜栄町〜飯富〜石塚車庫, 水戸駅〜常北高校, 水戸駅〜石塚〜御前山車庫, 水戸駅〜石塚車庫〜野口車庫, 浜田〜水戸駅〜野口車庫, 浜田営業所〜水戸駅〜御前山車庫"
戸村下宿,茨城交通（株）,水戸駅〜下江戸
孫目,茨城交通（株）,"茨大前営業所〜国道〜東海駅, 水戸駅〜笠松運動公園前, 水戸駅〜国道〜東海駅"
磯野入口,茨城交通（株）,"桜ノ牧高〜済生会〜赤塚駅, 常北高校〜病院〜赤塚駅北口, 水戸駅〜栄町〜成沢〜石塚車庫, 石塚車庫〜サテライト〜赤塚駅, 石塚車庫〜済生会〜赤塚駅, 石塚車庫〜成沢〜水戸駅"
JA菅谷支所前,茨城交通（株）,"上菅谷駅〜常陸太田駅, 上菅谷駅〜常陸太田特別支援学校, 上菅谷駅〜増井車庫, 上菅谷駅〜太田一高"
上菅谷駅口,茨城交通（株）,"上菅谷駅〜常陸太田駅, 上菅谷駅〜常陸太田特別支援学校, 上菅谷駅〜増井車庫, 上菅谷駅〜太田一高"
関取,茨城交通（株）,"常北中学校〜赤沢観音, 赤沢観音〜物産センター山桜"
沢尻（七会）,茨城交通（株）,"常北中学校〜赤沢観音, 赤沢観音〜物産センター山桜"
徳蔵寺前,茨城交通（株）,"常北中学校〜赤沢観音, 赤沢観音〜物産センター山桜"
上菅谷駅,茨城交通（株）,"上菅谷駅〜常陸太田駅, 上菅谷駅〜常陸太田特別支援学校, 上菅谷駅〜増井車庫, 上菅谷駅〜太田一高"
中央公民館入口（城里町）,茨城交通（株）,"常北中学校〜赤沢観音, 赤沢観音〜物産センター山桜"
JA七会支店前,茨城交通（株）,"常北中学校〜赤沢観音, 赤沢観音〜物産センター山桜"
飯田上新田,茨城交通（株）,"大宮〜那珂西部工業団地〜水戸駅, 大宮営業所〜瓜連〜水戸駅"
徳蔵局前,茨城交通（株）,"常北中学校〜赤沢観音, 赤沢観音〜物産センター山桜"
那珂西部工業団地中央,茨城交通（株）,大宮〜那珂西部工業団地〜水戸駅
総合福祉センター（東海村）,茨城交通（株）,須和間循環
須和間北,茨城交通（株）,"須和間循環, 東海駅〜南台南"
阿漕ヶ浦,茨城交通（株）,"東海駅〜茨城東病院, 東海駅〜真崎東〜海浜公園西口, 東海駅〜村松宿〜茨城東病院"
東海村総合福祉センター入口,茨城交通（株）,須和間循環
赤沢中組,茨城交通（株）,"常北中学校〜赤沢観音, 赤沢観音〜物産センター山桜"
赤沢上組,茨城交通（株）,"常北中学校〜赤沢観音, 赤沢観音〜物産センター山桜"
若宮,茨城交通（株）,水戸駅〜下江戸
那珂西部工業団地南,茨城交通（株）,大宮〜那珂西部工業団地〜水戸駅
上宿東,ひたちなか市,佐和コース
堤入口,茨城交通（株）,"茨大前営業所〜国道〜東海駅, 水戸駅〜笠松運動公園前, 水戸駅〜国道〜東海駅"
増井（城里）,茨城交通（株）,"桜ノ牧高〜済生会〜赤塚駅, 常北高校〜病院〜赤塚駅北口, 水戸駅〜栄町〜成沢〜石塚車庫, 石塚車庫〜サテライト〜赤塚駅, 石塚車庫〜済生会〜赤塚駅, 石塚車庫〜成沢〜水戸駅"
飯田中新田,茨城交通（株）,"大宮〜那珂西部工業団地〜水戸駅, 大宮営業所〜瓜連〜水戸駅"
荒地,茨城交通（株）,"常北中学校〜赤沢観音, 赤沢観音〜物産センター山桜"
笠松運動公園入口,ひたちなか市,佐和コース
押延交差点,茨城交通（株）,須和間循環
徳蔵団地前,茨城交通（株）,"常北中学校〜赤沢観音, 赤沢観音〜物産センター山桜"
フローレスタ須和間北,茨城交通（株）,"須和間循環, 東海駅〜南台南"
水戸藤が原ニュータウン入口,茨城交通（株）,"下飯富〜水戸藤が原NT西, 若宮団地〜茨大前〜水戸NT, 水戸駅〜茨大前〜水戸NT, 水戸藤が原NT西〜茨大前"
虚空蔵尊入口,茨城交通（株）,"東海駅〜茨城東病院, 東海駅〜真崎東〜海浜公園西口, 東海駅〜村松宿〜茨城東病院"
鶏足山前,茨城交通（株）,"常北中学校〜赤沢観音, 赤沢観音〜物産センター山桜"
押延,茨城交通（株）,須和間循環
西田川,茨城交通（株）,"モビリティRもてぎ〜水戸駅北口, 下飯富〜水戸藤が原NT西, 若宮団地〜茨大前〜水戸NT, 水戸駅〜茨大前〜水戸NT, 水戸駅〜栄町〜飯富〜石塚車庫, 水戸駅〜常北高校, 水戸駅〜石塚〜御前山車庫, 水戸駅〜石塚車庫〜野口車庫, 水戸藤が原NT西〜茨大前, 浜田〜水戸駅〜野口車庫, 浜田営業所〜水戸駅〜御前山車庫"
飯田下新田,茨城交通（株）,"大宮〜那珂西部工業団地〜水戸駅, 大宮営業所〜瓜連〜水戸駅"
佐和上宿,ひたちなか市,佐和コース
佐和上宿,茨城交通（株）,"茨大前営業所〜国道〜東海駅, 水戸駅〜笠松運動公園前, 水戸駅〜国道〜東海駅"
一里塚,茨城交通（株）,水戸駅〜下江戸
フローレスタ須和間,茨城交通（株）,"須和間循環, 東海駅〜南台南"
虚空蔵尊前,茨城交通（株）,"東海駅〜茨城東病院, 東海駅〜真崎東〜海浜公園西口"
さわ野杜ふれあいセンター,ひたちなか市,佐和コース
村松宿,茨城交通（株）,東海駅〜村松宿〜茨城東病院
緑ケ丘団地北口,茨城交通（株）,須和間循環
フローレスタ須和間南,茨城交通（株）,"須和間循環, 東海駅〜南台南"
関根（小松）,茨城交通（株）,"桜ノ牧高〜済生会〜赤塚駅, 常北高校〜病院〜赤塚駅北口, 水戸駅〜栄町〜成沢〜石塚車庫, 石塚車庫〜サテライト〜赤塚駅, 石塚車庫〜済生会〜赤塚駅, 石塚車庫〜成沢〜水戸駅"
佐和西小堀内,ひたちなか市,佐和コース
赤沢観音前,茨城交通（株）,"常北中学校〜赤沢観音, 赤沢観音〜物産センター山桜"
佐和,茨城交通（株）,"茨大前営業所〜国道〜東海駅, 水戸駅〜笠松運動公園前, 水戸駅〜国道〜東海駅"
佐和中宿,ひたちなか市,佐和コース
緑ヶ丘区自治会集会所前,茨城交通（株）,須和間循環
藤井団地前,茨城交通（株）,"モビリティRもてぎ〜水戸駅北口, 下飯富〜水戸藤が原NT西, 若宮団地〜茨大前〜水戸NT, 水戸駅〜茨大前〜水戸NT, 水戸駅〜栄町〜飯富〜石塚車庫, 水戸駅〜常北高校, 水戸駅〜石塚〜御前山車庫, 水戸駅〜石塚車庫〜野口車庫, 水戸藤が原NT西〜茨大前, 浜田〜水戸駅〜野口車庫, 浜田営業所〜水戸駅〜御前山車庫"
鈴木内科医院,ひたちなか市,佐和コース
緑ケ丘団地南口,茨城交通（株）,須和間循環
小松農業倉庫前,茨城交通（株）,"桜ノ牧高〜済生会〜赤塚駅, 常北高校〜病院〜赤塚駅北口, 水戸駅〜栄町〜成沢〜石塚車庫, 石塚車庫〜サテライト〜赤塚駅, 石塚車庫〜済生会〜赤塚駅, 石塚車庫〜成沢〜水戸駅"
農業試験場入口,茨城交通（株）,"大宮〜那珂西部工業団地〜水戸駅, 大宮営業所〜瓜連〜水戸駅"
南台北,茨城交通（株）,"須和間循環, 東海駅〜南台南"
原子力機構前,茨城交通（株）,"東海駅〜茨城東病院, 東海駅〜真崎東〜海浜公園西口, 東海駅〜村松宿〜茨城東病院"
南台中央,茨城交通（株）,"須和間循環, 東海駅〜南台南"
鹿島神社前（小松）,茨城交通（株）,"水戸駅〜栄町〜成沢〜石塚車庫, 石塚車庫〜成沢〜水戸駅"
佐和十文字,茨城交通（株）,"茨大前営業所〜国道〜東海駅, 水戸駅〜笠松運動公園前, 水戸駅〜国道〜東海駅"
佐和十文字,ひたちなか市,佐和コース
台青木,茨城交通（株）,"水戸駅〜栄町〜成沢〜石塚車庫, 石塚車庫〜成沢〜水戸駅"
上国井,茨城交通（株）,水戸駅〜下江戸
小松,茨城交通（株）,"桜ノ牧高〜済生会〜赤塚駅, 常北高校〜病院〜赤塚駅北口, 水戸駅〜栄町〜成沢〜石塚車庫, 石塚車庫〜サテライト〜赤塚駅, 石塚車庫〜済生会〜赤塚駅, 石塚車庫〜成沢〜水戸駅"
須和間宿入口,茨城交通（株）,須和間循環
佐和高校入口,ひたちなか市,佐和コース
佐野運動ひろば,ひたちなか市,佐和コース
大網,茨城交通（株）,"常北中学校〜赤沢観音, 赤沢観音〜物産センター山桜"
小松小学校入口,茨城交通（株）,"水戸駅〜栄町〜成沢〜石塚車庫, 石塚車庫〜成沢〜水戸駅"
上稲田,ひたちなか市,佐和コース
柏野会館,ひたちなか市,佐和コース
上真端,茨城交通（株）,"常北中学校〜赤沢観音, 赤沢観音〜物産センター山桜"
下真端,茨城交通（株）,"常北中学校〜赤沢観音, 赤沢観音〜物産センター山桜"
南台南,茨城交通（株）,"須和間循環, 東海駅〜南台南"
大網公民館,茨城交通（株）,"常北中学校〜赤沢観音, 赤沢観音〜物産センター山桜"
前側,茨城交通（株）,"水戸駅〜栄町〜成沢〜石塚車庫, 石塚車庫〜成沢〜水戸駅"
佐和十字路東,ひたちなか市,佐和コース
常葉台団地,ひたちなか市,佐和コース
大橋場,茨城交通（株）,"モビリティRもてぎ〜水戸駅北口, 下飯富〜水戸藤が原NT西, 若宮団地〜茨大前〜水戸NT, 水戸駅〜茨大前〜水戸NT, 水戸駅〜栄町〜飯富〜石塚車庫, 水戸駅〜常北高校, 水戸駅〜石塚〜御前山車庫, 水戸駅〜石塚車庫〜野口車庫, 水戸藤が原NT西〜茨大前, 浜田〜水戸駅〜野口車庫, 浜田営業所〜水戸駅〜御前山車庫"
豊喰,茨城交通（株）,"大宮〜那珂西部工業団地〜水戸駅, 大宮営業所〜瓜連〜水戸駅"
村境（下江戸）,茨城交通（株）,水戸駅〜下江戸
佐藤内科クリニック,ひたちなか市,佐和コース
茨城東病院,茨城交通（株）,"東海駅〜茨城東病院, 東海駅〜真崎東〜海浜公園西口, 東海駅〜村松宿〜茨城東病院"
稲田区民館,ひたちなか市,佐和コース
茨城東病院前,茨城交通（株）,"東海駅〜茨城東病院, 東海駅〜真崎東〜海浜公園西口, 東海駅〜村松宿〜茨城東病院"
稲田上谷,ひたちなか市,佐和コース
下飯富,茨城交通（株）,"モビリティRもてぎ〜水戸駅北口, 下飯富〜水戸藤が原NT西, 若宮団地〜茨大前〜水戸NT, 水戸駅〜茨大前〜水戸NT, 水戸駅〜栄町〜飯富〜石塚車庫, 水戸駅〜常北高校, 水戸駅〜石塚〜御前山車庫, 水戸駅〜石塚車庫〜野口車庫, 水戸藤が原NT西〜茨大前, 浜田〜水戸駅〜野口車庫, 浜田営業所〜水戸駅〜御前山車庫"
坂の上（水戸）,茨城交通（株）,"水戸駅〜栄町〜成沢〜石塚車庫, 石塚車庫〜成沢〜水戸駅"
田谷入口,茨城交通（株）,"大宮〜那珂西部工業団地〜水戸駅, 大宮営業所〜瓜連〜水戸駅"
サテライト水戸入口,茨城交通（株）,"桜ノ牧高〜済生会〜赤塚駅, 常北高校〜病院〜赤塚駅北口, 石塚車庫〜サテライト〜赤塚駅, 石塚車庫〜済生会〜赤塚駅"
サテライト水戸,茨城交通（株）,"常北高校〜病院〜赤塚駅北口, 石塚車庫〜サテライト〜赤塚駅"
稲田十文字,茨城交通（株）,"茨大前営業所〜国道〜東海駅, 水戸駅〜笠松運動公園前, 水戸駅〜国道〜東海駅"
海原医院,ひたちなか市,佐和コース
稲田十文字西,ひたちなか市,佐和コース
カスミ佐和店,ひたちなか市,佐和コース
県営稲田アパート,ひたちなか市,佐和コース
鉱泉入口（成沢）,茨城交通（株）,"水戸駅〜栄町〜成沢〜石塚車庫, 石塚車庫〜成沢〜水戸駅"
外の内（水戸市）,茨城交通（株）,水戸駅〜下江戸
森の前（馬渡）,茨城交通（株）,追分〜森の前
釜井戸,茨城交通（株）,"モビリティRもてぎ〜水戸駅北口, 若宮団地〜茨大前〜水戸NT, 水戸駅〜茨大前〜水戸NT, 水戸駅〜栄町〜飯富〜石塚車庫, 水戸駅〜常北高校, 水戸駅〜石塚〜御前山車庫, 水戸駅〜石塚車庫〜野口車庫, 水戸藤が原NT西〜茨大前, 浜田〜水戸駅〜野口車庫, 浜田営業所〜水戸駅〜御前山車庫"
成沢十文字,茨城交通（株）,"水戸駅〜栄町〜成沢〜石塚車庫, 石塚車庫〜成沢〜水戸駅"
佐和駅入口,ひたちなか市,佐和コース
高場西,ひたちなか市,佐和コース
森林公園西口,茨城交通（株）,"桜ノ牧高〜済生会〜赤塚駅, 常北高校〜病院〜赤塚駅北口, 石塚車庫〜サテライト〜赤塚駅, 石塚車庫〜済生会〜赤塚駅"
下国井,茨城交通（株）,水戸駅〜下江戸
鹿島台入口,ひたちなか市,佐和コース
鹿島台入口,茨城交通（株）,"茨大前営業所〜国道〜東海駅, 水戸駅〜笠松運動公園前, 水戸駅〜国道〜東海駅"
今鹿島,茨城交通（株）,"水戸駅〜栄町〜成沢〜石塚車庫, 石塚車庫〜成沢〜水戸駅"
高野,ひたちなか市,佐和コース
長砂,茨城交通（株）,追分〜森の前
佐和駅,ひたちなか市,"佐和コース, 勝田北コース"
飯富局前,茨城交通（株）,"モビリティRもてぎ〜水戸駅北口, 若宮団地〜茨大前〜水戸NT, 水戸駅〜茨大前〜水戸NT, 水戸駅〜栄町〜飯富〜石塚車庫, 水戸駅〜常北高校, 水戸駅〜石塚〜御前山車庫, 水戸駅〜石塚車庫〜野口車庫, 水戸藤が原NT西〜茨大前, 浜田〜水戸駅〜野口車庫, 浜田営業所〜水戸駅〜御前山車庫"
稲田団地南,ひたちなか市,佐和コース
ホロルの湯入口,茨城交通（株）,"桜ノ牧高〜済生会〜赤塚駅, 常北高校〜病院〜赤塚駅北口, 石塚車庫〜サテライト〜赤塚駅, 石塚車庫〜済生会〜赤塚駅"
豊喰本郷,茨城交通（株）,"大宮〜那珂西部工業団地〜水戸駅, 大宮営業所〜瓜連〜水戸駅"
市営高場第1アパート入口,ひたちなか市,"佐和コース, 勝田北コース"
高野十字路南,ひたちなか市,"佐和コース, 勝田中央コース"
高場荘,ひたちなか市,佐和コース
北城,茨城交通（株）,追分〜森の前
国田公民館前,茨城交通（株）,水戸駅〜下江戸
東稲田,茨城交通（株）,"茨大前〜東海工場前〜勝田営業所, 水戸駅〜東海工場前〜勝田営業所"
不動尊前,茨城交通（株）,"水戸駅〜栄町〜成沢〜石塚車庫, 石塚車庫〜成沢〜水戸駅"
佐野図書館,ひたちなか市,佐和コース
東海工場前,茨城交通（株）,"茨大前〜東海工場前〜勝田営業所, 茨大前営業所〜国道〜東海駅, 水戸駅〜笠松運動公園前, 水戸駅〜国道〜東海駅, 水戸駅〜東海工場前〜勝田営業所"
高野小学校入口,ひたちなか市,勝田中央コース
後台駅入口,茨城交通（株）,"水戸駅〜木の倉〜茨大前営業所, 木の倉循環"
諏訪前,茨城交通（株）,"大宮〜那珂西部工業団地〜水戸駅, 大宮営業所〜瓜連〜水戸駅"
国田学校前,茨城交通（株）,水戸駅〜下江戸
大井神社前,茨城交通（株）,"モビリティRもてぎ〜水戸駅北口, 若宮団地〜茨大前〜水戸NT, 水戸駅〜茨大前〜水戸NT, 水戸駅〜栄町〜飯富〜石塚車庫, 水戸駅〜常北高校, 水戸駅〜石塚〜御前山車庫, 水戸駅〜石塚車庫〜野口車庫, 水戸藤が原NT西〜茨大前, 浜田〜水戸駅〜野口車庫, 浜田営業所〜水戸駅〜御前山車庫"
水農前,茨城交通（株）,"水戸駅〜栄町〜水農前, 水戸駅〜木の倉〜茨大前営業所, 木の倉循環"
佐和工場前,茨城交通（株）,"茨大前〜東海工場前〜勝田営業所, 茨大前営業所〜国道〜東海駅, 水戸駅〜笠松運動公園前, 水戸駅〜国道〜東海駅, 水戸駅〜東海工場前〜勝田営業所"
ヨークベニマル佐和店,ひたちなか市,"佐和コース, 勝田中央コース"
スギウラ薬品,ひたちなか市,佐和コース
高野原,ひたちなか市,勝田中央コース
長砂中宿,茨城交通（株）,追分〜森の前
茨城女子短大前,茨城交通（株）,"水戸駅〜木の倉〜茨大前営業所, 木の倉循環"
那珂高校前,茨城交通（株）,"水戸駅〜木の倉〜茨大前営業所, 木の倉循環"
高場南,ひたちなか市,"佐和コース, 勝田北コース"
高場南下,茨城交通（株）,"茨大前〜東海工場前〜勝田営業所, 水戸駅〜東海工場前〜勝田営業所"
五台田向,茨城交通（株）,"水戸駅〜木の倉〜茨大前営業所, 木の倉循環"
台坪（水戸）,茨城交通（株）,"水戸駅〜栄町〜成沢〜石塚車庫, 石塚車庫〜成沢〜水戸駅"
横町,茨城交通（株）,水戸駅〜下江戸
ヨークベニマル田彦西店,ひたちなか市,佐和コース
高場東,ひたちなか市,勝田中央コース
天王尊前,ひたちなか市,佐和コース
高野郵便局,ひたちなか市,勝田中央コース
木の倉,茨城交通（株）,"水戸駅〜栄町〜水農前, 水戸駅〜木の倉〜茨大前営業所, 大宮〜那珂西部工業団地〜水戸駅, 大宮営業所〜瓜連〜水戸駅, 木の倉循環"
ヨークベニマル田彦西店南,ひたちなか市,田彦・金上コース
杉山,茨城交通（株）,"モビリティRもてぎ〜水戸駅北口, 若宮団地〜茨大前〜水戸NT, 水戸駅〜茨大前〜水戸NT, 水戸駅〜栄町〜飯富〜石塚車庫, 水戸駅〜常北高校, 水戸駅〜石塚〜御前山車庫, 水戸駅〜石塚車庫〜野口車庫, 水戸藤が原NT西〜茨大前, 浜田〜水戸駅〜野口車庫, 浜田営業所〜水戸駅〜御前山車庫"
木葉下,茨城交通（株）,"桜ノ牧高〜済生会〜赤塚駅, 常北高校〜病院〜赤塚駅北口, 石塚車庫〜サテライト〜赤塚駅, 石塚車庫〜済生会〜赤塚駅"
門前橋,茨城交通（株）,水戸駅〜下江戸
西田谷,茨城交通（株）,水戸駅〜下江戸
田彦コミュニティセンター入口,ひたちなか市,"佐和コース, 田彦・金上コース"
高野前,ひたちなか市,勝田中央コース
長砂直売所,ひたちなか市,勝田中央コース
国田局前,茨城交通（株）,水戸駅〜下江戸
上河内神社前,茨城交通（株）,水戸駅〜下江戸
房田,ひたちなか市,"佐和コース, 勝田北コース"
太田街道口,ひたちなか市,田彦・金上コース
北越コーポレーション北,ひたちなか市,勝田中央コース
香取神社前,茨城交通（株）,"桜ノ牧高〜済生会〜赤塚駅, 常北高校〜病院〜赤塚駅北口, 石塚車庫〜サテライト〜赤塚駅, 石塚車庫〜済生会〜赤塚駅"
JA長砂,茨城交通（株）,東海駅〜真崎東〜海浜公園西口
長砂公民館前,茨城交通（株）,追分〜森の前
田彦コミュニティセンター,ひたちなか市,田彦・金上コース
長砂転作推進センター,ひたちなか市,勝田中央コース
金山,茨城交通（株）,"桜ノ牧高〜済生会〜赤塚駅, 常北高校〜病院〜赤塚駅北口, 石塚車庫〜サテライト〜赤塚駅, 石塚車庫〜済生会〜赤塚駅"
庚塚,茨城交通（株）,勝田営業所〜足崎〜勝田駅前
JAひたちなかホール,ひたちなか市,勝田中央コース
勝田営業所,茨城交通（株）,"茨大前〜水戸駅〜勝田営業所, 茨大前〜東海工場前〜勝田営業所, 勝田〜外野〜勝田駅前, 勝田営業所〜足崎〜勝田駅前, 水戸駅〜市毛〜勝田駅〜勝田営業, 水戸駅〜東海工場前〜勝田営業所"
足崎原,ひたちなか市,勝田中央コース
コープひたちなか,ひたちなか市,勝田北コース
茨城学園,茨城交通（株）,"水戸駅〜木の倉〜茨大前営業所, 木の倉循環"
太田街道口,茨城交通（株）,"茨大前〜東海工場前〜勝田営業所, 茨大前営業所〜国道〜東海駅, 水戸駅〜笠松運動公園前, 水戸駅〜国道〜東海駅, 水戸駅〜東海工場前〜勝田営業所"
山崎橋,茨城交通（株）,"水戸駅〜栄町〜水農前, 水戸駅〜木の倉〜茨大前営業所, 大宮〜那珂西部工業団地〜水戸駅, 大宮営業所〜瓜連〜水戸駅, 木の倉循環"
西光地,ひたちなか市,"佐和コース, 勝田北コース"
猪山,ひたちなか市,勝田西コース
しまむら田彦店西,ひたちなか市,田彦・金上コース
いきがいプラザ,ひたちなか市,田彦・金上コース
睦,茨城交通（株）,"モビリティRもてぎ〜水戸駅北口, 若宮団地〜茨大前〜水戸NT, 水戸駅〜茨大前〜水戸NT, 水戸駅〜栄町〜成沢〜石塚車庫, 水戸駅〜栄町〜飯富〜石塚車庫, 水戸駅〜常北高校, 水戸駅〜石塚〜御前山車庫, 水戸駅〜石塚車庫〜野口車庫, 水戸藤が原NT西〜茨大前, 石塚車庫〜成沢〜水戸駅, 浜田〜水戸駅〜野口車庫, 浜田営業所〜水戸駅〜御前山車庫"
横並木入口,茨城交通（株）,追分〜森の前
北越コーポレーション前,茨城交通（株）,勝田営業所〜足崎〜勝田駅前
長砂久保,ひたちなか市,勝田中央コース
田中循環器内科クリニック,ひたちなか市,勝田西コース
うなぎ溜西,ひたちなか市,勝田北コース
水道事務所前（那珂市）,茨城交通（株）,"水戸駅〜栄町〜水農前, 水戸駅〜木の倉〜茨大前営業所, 大宮〜那珂西部工業団地〜水戸駅, 大宮営業所〜瓜連〜水戸駅, 木の倉循環"
みか野,茨城交通（株）,"桜ノ牧高〜済生会〜赤塚駅, 常北高校〜病院〜赤塚駅北口, 石塚車庫〜サテライト〜赤塚駅, 石塚車庫〜済生会〜赤塚駅"
足崎団地,ひたちなか市,勝田中央コース
下原公園,茨城交通（株）,勝田営業所〜足崎〜勝田駅前
下原公園,ひたちなか市,勝田北コース
足崎四丁目,茨城交通（株）,"勝田営業所〜足崎〜勝田駅前, 勝田駅〜足崎団地入口〜勝田駅, 勝田駅前〜第二工業団地入口"
一本松（下江戸）,茨城交通（株）,水戸駅〜下江戸
足崎東,ひたちなか市,勝田中央コース
片岡前,ひたちなか市,勝田西コース
ヨークタウンひたちなか,ひたちなか市,"佐和コース, 勝田北コース"
中田彦,茨城交通（株）,"茨大前〜東海工場前〜勝田営業所, 茨大前営業所〜国道〜東海駅, 水戸駅〜笠松運動公園前, 水戸駅〜国道〜東海駅, 水戸駅〜東海工場前〜勝田営業所"
中田彦,ひたちなか市,田彦・金上コース
横道,茨城交通（株）,追分〜森の前
駒形団地西,ひたちなか市,勝田西コース
長砂西,ひたちなか市,勝田中央コース
東山団地南,ひたちなか市,勝田西コース
工業団地中央,茨城交通（株）,勝田営業所〜足崎〜勝田駅前
田彦消防署,ひたちなか市,田彦・金上コース
駒形団地,ひたちなか市,勝田西コース
日立プラントC,茨城交通（株）,"勝田営業所〜足崎〜勝田駅前, 勝田駅〜足崎団地入口〜勝田駅, 勝田駅前〜第二工業団地入口"
東石川十字路,ひたちなか市,"佐和コース, 勝田北コース"
うなぎ溜,ひたちなか市,勝田北コース
足崎六丁目,茨城交通（株）,"勝田営業所〜足崎〜勝田駅前, 勝田駅〜足崎団地入口〜勝田駅, 勝田駅前〜第二工業団地入口"
安戸星,茨城交通（株）,"モビリティRもてぎ〜水戸駅北口, 若宮団地〜茨大前〜水戸NT, 水戸駅〜茨大前〜水戸NT, 水戸駅〜栄町〜成沢〜石塚車庫, 水戸駅〜栄町〜飯富〜石塚車庫, 水戸駅〜常北高校, 水戸駅〜石塚〜御前山車庫, 水戸駅〜石塚車庫〜野口車庫, 水戸藤が原NT西〜茨大前, 石塚車庫〜成沢〜水戸駅, 浜田〜水戸駅〜野口車庫, 浜田営業所〜水戸駅〜御前山車庫"
足崎十字路東,ひたちなか市,勝田中央コース
田彦,茨城交通（株）,"茨大前〜東海工場前〜勝田営業所, 茨大前営業所〜国道〜東海駅, 水戸駅〜笠松運動公園前, 水戸駅〜国道〜東海駅, 水戸駅〜東海工場前〜勝田営業所"
田彦,ひたちなか市,田彦・金上コース
外野,茨城交通（株）,"茨大前〜水戸駅〜勝田営業所, 勝田〜外野〜勝田駅前, 水戸駅〜市毛〜勝田駅〜勝田営業"
工機HLDGS佐和工場,茨城交通（株）,"勝田営業所〜足崎〜勝田駅前, 勝田駅〜足崎団地入口〜勝田駅, 勝田駅前〜第二工業団地入口"
田彦小学校,ひたちなか市,田彦・金上コース
中台並木,茨城交通（株）,"水戸駅〜木の倉〜茨大前営業所, 木の倉循環"
津田小学校,ひたちなか市,勝田西コース
足崎サングリーン,茨城交通（株）,"勝田営業所〜足崎〜勝田駅前, 勝田駅〜足崎団地入口〜勝田駅, 勝田駅前〜第二工業団地入口"
津田西,ひたちなか市,勝田西コース
日立産機システム,茨城交通（株）,"勝田営業所〜足崎〜勝田駅前, 勝田駅〜足崎団地入口〜勝田駅, 勝田駅前〜第二工業団地入口"
足崎団地入口,茨城交通（株）,"勝田営業所〜足崎〜勝田駅前, 勝田駅〜足崎団地入口〜勝田駅, 勝田駅前〜第二工業団地入口"
山根市民センター,茨城交通（株）,"桜ノ牧高〜済生会〜赤塚駅, 常北高校〜病院〜赤塚駅北口, 石塚車庫〜サテライト〜赤塚駅, 石塚車庫〜済生会〜赤塚駅"
堂端,ひたちなか市,勝田北コース
旧山根小学校,茨城交通（株）,"桜ノ牧高〜済生会〜赤塚駅, 常北高校〜病院〜赤塚駅北口, 石塚車庫〜サテライト〜赤塚駅, 石塚車庫〜済生会〜赤塚駅"
いずみ眼科クリニック,ひたちなか市,田彦・金上コース
細田（水戸）,茨城交通（株）,"水戸駅〜栄町〜水農前, 水戸駅〜木の倉〜茨大前営業所, 大宮〜那珂西部工業団地〜水戸駅, 大宮営業所〜瓜連〜水戸駅, 木の倉循環"
コロナ電気西,ひたちなか市,勝田北コース
西原北,ひたちなか市,勝田中央コース
西原北,茨城交通（株）,"勝田営業所〜足崎〜勝田駅前, 勝田駅〜足崎団地入口〜勝田駅"
外西原,茨城交通（株）,"勝田営業所〜足崎〜勝田駅前, 勝田駅〜足崎団地入口〜勝田駅, 勝田駅前〜第二工業団地入口"
外西原,ひたちなか市,勝田北コース
ジョイフル山新田彦店,ひたちなか市,田彦・金上コース
谷津,茨城交通（株）,"桜ノ牧高〜済生会〜赤塚駅, 常北高校〜病院〜赤塚駅北口, 石塚車庫〜サテライト〜赤塚駅, 石塚車庫〜済生会〜赤塚駅"
渡里ゴルフセンター,茨城交通（株）,"若宮団地〜水戸駅〜渡里GC, 渡里GC〜栄町〜水戸駅, 浜田〜水戸駅〜渡里GC"
雷神前（勝田）,茨城交通（株）,"茨大前〜水戸駅〜勝田営業所, 勝田〜外野〜勝田駅前, 水戸駅〜市毛〜勝田駅〜勝田営業"
永代,茨城交通（株）,"桜ノ牧高〜済生会〜赤塚駅, 常北高校〜病院〜赤塚駅北口, 石塚車庫〜サテライト〜赤塚駅, 石塚車庫〜済生会〜赤塚駅"
田彦小学校東,ひたちなか市,田彦・金上コース
勝田三中南,ひたちなか市,勝田中央コース
新谷（水戸市渡里町）,茨城交通（株）,"若宮団地〜水戸駅〜渡里GC, 渡里GC〜栄町〜水戸駅, 浜田〜水戸駅〜渡里GC"
砂沢,ひたちなか市,勝田西コース
昭和電工マテリアルズ,茨城交通（株）,"勝田営業所〜足崎〜勝田駅前, 勝田駅〜足崎団地入口〜勝田駅"
七軒屋,ひたちなか市,勝田西コース
七軒屋,茨城交通（株）,勝田駅西口〜市毛〜水戸駅
第二工業団地入口,茨城交通（株）,"勝田営業所〜足崎〜勝田駅前, 勝田駅〜足崎団地入口〜勝田駅, 勝田駅前〜第二工業団地入口"
中河内神社前,茨城交通（株）,水戸駅〜下江戸
台楽,ひたちなか市,勝田西コース
総合福祉C［ひたちなか市］,ひたちなか市,"勝田北コース, 田彦・金上コース"
駒形団地入口,茨城交通（株）,勝田駅西口〜市毛〜水戸駅
門毛金場,桜川市,南飯田・門毛ルート
田彦中学校南,ひたちなか市,田彦・金上コース
台渡里,茨城交通（株）,"モビリティRもてぎ〜水戸駅北口, 若宮団地〜茨大前〜水戸NT, 若宮団地〜水戸駅〜渡里GC, 水戸駅〜茨大前〜水戸NT, 水戸駅〜栄町〜成沢〜石塚車庫, 水戸駅〜栄町〜飯富〜石塚車庫, 水戸駅〜常北高校, 水戸駅〜石塚〜御前山車庫, 水戸駅〜石塚車庫〜野口車庫, 水戸藤が原NT西〜茨大前, 石塚車庫〜成沢〜水戸駅, 渡里GC〜栄町〜水戸駅, 浜田〜水戸駅〜渡里GC, 浜田〜水戸駅〜野口車庫, 浜田営業所〜水戸駅〜御前山車庫"
第2工業団地入口,ひたちなか市,勝田中央コース
はしかべ団地,ひたちなか市,勝田北コース
ライフタウン馬渡入口,ひたちなか市,勝田中央コース
南田彦,茨城交通（株）,勝田駅西口〜市毛〜水戸駅
水戸工場前,茨城交通（株）,"茨大前〜東海工場前〜勝田営業所, 茨大前営業所〜国道〜東海駅, 勝田駅西口〜市毛〜水戸駅, 水戸駅〜笠松運動公園前, 水戸駅〜国道〜東海駅, 水戸駅〜東海工場前〜勝田営業所"
向野団地北,ひたちなか市,勝田中央コース
西山公園,ひたちなか市,勝田西コース
津田郵便局,ひたちなか市,勝田西コース
中河内立,茨城交通（株）,"水戸駅〜栄町〜水農前, 水戸駅〜木の倉〜茨大前営業所, 大宮〜那珂西部工業団地〜水戸駅, 大宮営業所〜瓜連〜水戸駅, 木の倉循環"
中台（那珂）,茨城交通（株）,"水戸駅〜木の倉〜茨大前営業所, 木の倉循環"
谷津三差路,茨城交通（株）,"桜ノ牧高〜済生会〜赤塚駅, 常北高校〜病院〜赤塚駅北口, 石塚車庫〜サテライト〜赤塚駅, 石塚車庫〜済生会〜赤塚駅"
あやべ内科医院,ひたちなか市,"勝田北コース, 田彦・金上コース"
東石川アパート入口,茨城交通（株）,"茨大前〜水戸駅〜勝田営業所, 勝田〜外野〜勝田駅前, 水戸駅〜市毛〜勝田駅〜勝田営業"
中山［水戸市］,茨城交通（株）,"桜ノ牧高〜済生会〜赤塚駅, 常北高校〜病院〜赤塚駅北口, 石塚車庫〜サテライト〜赤塚駅, 石塚車庫〜済生会〜赤塚駅"
ジョイフル本田,ひたちなか市,"勝田中央コース, 勝田南コース, 那珂湊コース"
西大島3丁目,ひたちなか市,田彦・金上コース
津田公民館,茨城交通（株）,勝田駅西口〜市毛〜水戸駅
津田コミュニティセンター,ひたちなか市,勝田西コース
西山団地入口,ひたちなか市,勝田西コース
大島公園西,ひたちなか市,田彦・金上コース
西久保,ひたちなか市,勝田西コース
津田運動ひろば,ひたちなか市,勝田西コース
日立側門,茨城交通（株）,勝田駅西口〜市毛〜水戸駅
渡里農協前,茨城交通（株）,"モビリティRもてぎ〜水戸駅北口, 若宮団地〜茨大前〜水戸NT, 若宮団地〜水戸駅〜渡里GC, 水戸駅〜茨大前〜水戸NT, 水戸駅〜栄町〜成沢〜石塚車庫, 水戸駅〜栄町〜飯富〜石塚車庫, 水戸駅〜開江・済生会〜双葉台二, 水戸駅〜常北高校, 水戸駅〜石塚〜御前山車庫, 水戸駅〜石塚車庫〜野口車庫, 水戸藤が原NT西〜茨大前, 石塚車庫〜成沢〜水戸駅, 双葉台二〜開江〜水戸駅, 渡里GC〜栄町〜水戸駅, 浜田〜水戸駅〜渡里GC, 浜田〜水戸駅〜野口車庫, 浜田営業所〜水戸駅〜御前山車庫"
外野第一公園,ひたちなか市,勝田北コース
渡里小学校前,茨城交通（株）,"水戸駅〜開江・済生会〜双葉台二, 双葉台二〜開江〜水戸駅"
常陸の湯,茨城交通（株）,"桜ノ牧高〜済生会〜赤塚駅, 常北高校〜病院〜赤塚駅北口, 石塚車庫〜サテライト〜赤塚駅, 石塚車庫〜済生会〜赤塚駅"
権現台,茨城交通（株）,"桜ノ牧高〜済生会〜赤塚駅, 常北高校〜病院〜赤塚駅北口, 石塚車庫〜サテライト〜赤塚駅, 石塚車庫〜済生会〜赤塚駅"
谷津坂上,茨城交通（株）,"桜ノ牧高〜済生会〜赤塚駅, 常北高校〜病院〜赤塚駅北口, 石塚車庫〜サテライト〜赤塚駅, 石塚車庫〜済生会〜赤塚駅"
大島公園東,ひたちなか市,田彦・金上コース
東京インテリア家具,ひたちなか市,"勝田南コース, 那珂湊コース"
勝田高校前,茨城交通（株）,"勝田営業所〜足崎〜勝田駅前, 勝田駅〜足崎団地入口〜勝田駅, 勝田駅前〜勝田高校前, 勝田駅前〜第二工業団地入口"
勝田高校前,ひたちなか市,勝田北コース
中河内,茨城交通（株）,水戸駅〜下江戸
西大島,ひたちなか市,"勝田北コース, 田彦・金上コース"
津田,ひたちなか市,勝田西コース
もみじが丘アパート,ひたちなか市,勝田西コース
小松整形外科,ひたちなか市,勝田西コース
西原,ひたちなか市,勝田中央コース
開江宮久保,茨城交通（株）,"桜ノ牧高〜済生会〜赤塚駅, 常北高校〜病院〜赤塚駅北口, 石塚車庫〜サテライト〜赤塚駅, 石塚車庫〜済生会〜赤塚駅"
前田,茨城交通（株）,"水戸駅〜栄町〜水農前, 水戸駅〜下江戸, 水戸駅〜木の倉〜茨大前営業所, 大宮〜那珂西部工業団地〜水戸駅, 大宮営業所〜瓜連〜水戸駅, 木の倉循環"
六ツ野十字路,ひたちなか市,勝田北コース
渡里小学校入口,茨城交通（株）,"モビリティRもてぎ〜水戸駅北口, 若宮団地〜茨大前〜水戸NT, 若宮団地〜水戸駅〜渡里GC, 水戸駅〜茨大前〜水戸NT, 水戸駅〜栄町〜成沢〜石塚車庫, 水戸駅〜栄町〜飯富〜石塚車庫, 水戸駅〜開江・済生会〜双葉台二, 水戸駅〜常北高校, 水戸駅〜石塚〜御前山車庫, 水戸駅〜石塚車庫〜野口車庫, 水戸藤が原NT西〜茨大前, 石塚車庫〜成沢〜水戸駅, 双葉台二〜開江〜水戸駅, 渡里GC〜栄町〜水戸駅, 浜田〜水戸駅〜渡里GC, 浜田〜水戸駅〜野口車庫, 浜田営業所〜水戸駅〜御前山車庫"
東大島二丁目,茨城交通（株）,"茨大前〜水戸駅〜勝田営業所, 勝田〜外野〜勝田駅前, 水戸駅〜市毛〜勝田駅〜勝田営業"
大島コミュニティセンター,ひたちなか市,勝田北コース
追分,茨城交通（株）,追分〜森の前
追分,ひたちなか市,勝田中央コース
ジョイフル本田西,茨城交通（株）,"ジョイフル本田〜勝田駅前, 勝田駅前〜安全運転中央研修所, 勝田駅前〜海浜公園南口, 東海駅〜真崎東〜海浜公園西口"
向野団地南,ひたちなか市,勝田中央コース
ジョイフル本田東,ひたちなか市,"勝田中央コース, 勝田南コース, 那珂湊コース"
ジョイフル本田東,茨城交通（株）,"ジョイフル本田〜勝田駅前, 勝田駅前〜安全運転中央研修所, 勝田駅前〜海浜公園南口, 東海駅〜真崎東〜海浜公園西口"
大島陸橋西,ひたちなか市,田彦・金上コース
八幡神社前,ひたちなか市,勝田西コース
五中入口（水戸）,茨城交通（株）,"茨大前〜五中入口〜赤塚駅, 水戸駅〜五中入口〜赤塚駅"
開江,茨城交通（株）,"桜ノ牧高〜済生会〜赤塚駅, 常北高校〜病院〜赤塚駅北口, 水戸駅〜開江・済生会〜双葉台二, 石塚車庫〜サテライト〜赤塚駅, 石塚車庫〜済生会〜赤塚駅, 双葉台二〜開江〜水戸駅"
ちとせ二丁目,茨城交通（株）,"水戸駅〜栄町〜水農前, 水戸駅〜下江戸, 水戸駅〜木の倉〜茨大前営業所, 大宮〜那珂西部工業団地〜水戸駅, 大宮営業所〜瓜連〜水戸駅, 木の倉循環"
那珂工場前,茨城交通（株）,"茨大前〜東海工場前〜勝田営業所, 茨大前営業所〜国道〜東海駅, 水戸駅〜笠松運動公園前, 水戸駅〜国道〜東海駅, 水戸駅〜東海工場前〜勝田営業所"
渡里二区,茨城交通（株）,"モビリティRもてぎ〜水戸駅北口, 茨大前〜五中入口〜赤塚駅, 若宮団地〜茨大前〜水戸NT, 若宮団地〜水戸駅〜渡里GC, 水戸駅〜茨大前〜水戸NT, 水戸駅〜栄町〜成沢〜石塚車庫, 水戸駅〜栄町〜飯富〜石塚車庫, 水戸駅〜開江・済生会〜双葉台二, 水戸駅〜五中入口〜赤塚駅, 水戸駅〜常北高校, 水戸駅〜石塚〜御前山車庫, 水戸駅〜石塚車庫〜野口車庫, 水戸藤が原NT西〜茨大前, 石塚車庫〜成沢〜水戸駅, 双葉台二〜開江〜水戸駅, 渡里GC〜栄町〜水戸駅, 浜田〜水戸駅〜渡里GC, 浜田〜水戸駅〜野口車庫, 浜田営業所〜水戸駅〜御前山車庫"
開江観音,茨城交通（株）,"水戸駅〜開江・済生会〜双葉台二, 双葉台二〜開江〜水戸駅"
勝又眼科前,茨城交通（株）,"水戸駅〜開江・済生会〜双葉台二, 双葉台二〜開江〜水戸駅"
堀前の内,茨城交通（株）,"水戸駅〜開江・済生会〜双葉台二, 双葉台二〜開江〜水戸駅"
大島中学校入口,ひたちなか市,勝田北コース
山口内科クリニック,ひたちなか市,勝田北コース
はにわ公園入口,ひたちなか市,勝田中央コース
ローズヴィラ水戸,茨城交通（株）,"水戸駅〜開江・済生会〜双葉台二, 双葉台二〜開江〜水戸駅"
海浜公園西口,茨城交通（株）,"勝田駅前〜安全運転中央研修所, 勝田駅前〜海浜公園南口, 東海駅〜真崎東〜海浜公園西口"
海浜公園西口,ひたちなか市,"勝田中央コース, 勝田南コース, 那珂湊コース"
深谷津,ひたちなか市,"勝田中央コース, 勝田北コース"
深谷津,茨城交通（株）,"勝田営業所〜足崎〜勝田駅前, 勝田駅〜足崎団地入口〜勝田駅, 勝田駅前〜勝田高校前, 勝田駅前〜第二工業団地入口"
門毛阿弥陀如来堂,桜川市,南飯田・門毛ルート
芳山,茨城交通（株）,"水戸駅〜木の倉〜茨大前営業所, 木の倉循環"
津田火の見下,ひたちなか市,勝田西コース
東大島一丁目,茨城交通（株）,"茨大前〜水戸駅〜勝田営業所, 勝田〜外野〜勝田駅前, 水戸駅〜市毛〜勝田駅〜勝田営業"
東大島1丁目,ひたちなか市,勝田北コース
西大島1丁目,ひたちなか市,田彦・金上コース
門毛多目的集会場,桜川市,南飯田・門毛ルート
堀町,茨城交通（株）,"茨大前〜五中入口〜赤塚駅, 水戸駅〜五中入口〜赤塚駅"
堀四区,茨城交通（株）,茨大前〜堀原小〜赤塚駅
市民球場入口（ひたちなか市）,茨城交通（株）,"ジョイフル本田〜勝田駅前, 勝田駅前〜安全運転中央研修所, 勝田駅前〜海浜公園南口"
市民球場入口,ひたちなか市,"勝田中央コース, 勝田南コース"
馬渡十字路東,ひたちなか市,"勝田中央コース, 勝田南コース"
三夜前,茨城交通（株）,"桜ノ牧高〜済生会〜赤塚駅, 常北高校〜病院〜赤塚駅北口, 水戸駅〜開江・済生会〜双葉台二, 石塚車庫〜サテライト〜赤塚駅, 石塚車庫〜済生会〜赤塚駅, 双葉台二〜開江〜水戸駅"
堀三区,茨城交通（株）,"モビリティRもてぎ〜水戸駅北口, 茨大前〜五中入口〜赤塚駅, 茨大前〜堀原小〜赤塚駅, 若宮団地〜茨大前〜水戸NT, 若宮団地〜水戸駅〜渡里GC, 水戸駅〜茨大前〜水戸NT, 水戸駅〜栄町〜成沢〜石塚車庫, 水戸駅〜栄町〜飯富〜石塚車庫, 水戸駅〜開江・済生会〜双葉台二, 水戸駅〜五中入口〜赤塚駅, 水戸駅〜常北高校, 水戸駅〜石塚〜御前山車庫, 水戸駅〜石塚車庫〜野口車庫, 水戸藤が原NT西〜茨大前, 石塚車庫〜成沢〜水戸駅, 双葉台二〜開江〜水戸駅, 渡里GC〜栄町〜水戸駅, 浜田〜水戸駅〜渡里GC, 浜田〜水戸駅〜野口車庫, 浜田営業所〜水戸駅〜御前山車庫"
馬渡十文字,茨城交通（株）,"ジョイフル本田〜勝田駅前, 勝田駅前〜ひたちなか市民球場前, 勝田駅前〜安全運転中央研修所, 勝田駅前〜海浜公園南口"
津田十文字,ひたちなか市,勝田西コース
市毛北町,茨城交通（株）,"茨大前〜東海工場前〜勝田営業所, 茨大前営業所〜国道〜東海駅, 水戸駅〜笠松運動公園前, 水戸駅〜国道〜東海駅, 水戸駅〜東海工場前〜勝田営業所"
開江永田前,茨城交通（株）,"水戸駅〜開江・済生会〜双葉台二, 双葉台二〜開江〜水戸駅"
中宿西,茨城交通（株）,"ジョイフル本田〜勝田駅前, 勝田駅前〜ひたちなか市民球場前, 勝田駅前〜安全運転中央研修所, 勝田駅前〜海浜公園南口"
市毛北,ひたちなか市,勝田西コース
市営弥生アパート,ひたちなか市,勝田中央コース
市毛小学校,ひたちなか市,勝田西コース
馬渡宮前,茨城交通（株）,"ジョイフル本田〜勝田駅前, 勝田駅前〜ひたちなか市民球場前, 勝田駅前〜安全運転中央研修所, 勝田駅前〜海浜公園南口"
市毛小学校前,茨城交通（株）,勝田駅西口〜市毛〜水戸駅
六ツ野,ひたちなか市,"勝田中央コース, 勝田北コース"
六ツ野,茨城交通（株）,"勝田営業所〜足崎〜勝田駅前, 勝田駅〜足崎団地入口〜勝田駅, 勝田駅前〜勝田高校前, 勝田駅前〜第二工業団地入口"
茨大正門前,茨城交通（株）,"茨大前〜茨大正門〜栄町〜水戸駅, 茨大前〜曙町19〜赤塚駅, 水戸駅〜新原11〜茨大正門前, 水戸駅〜特急〜正門〜茨大前営業"
五中前（水戸）,茨城交通（株）,"茨大前〜五中入口〜赤塚駅, 水戸駅〜五中入口〜赤塚駅"
笹野十字路北,ひたちなか市,勝田北コース
茨大前（水戸キャンパス）,茨城交通（株）,"モビリティRもてぎ〜水戸駅北口, 阿字ケ浦駅〜茨大前営業所, 茨大前〜FT〜アクア〜那珂湊駅, 茨大前〜アクア〜那珂湊駅, 茨大前〜栄町12〜水戸駅, 茨大前〜五中入口〜赤塚駅, 茨大前〜酒門〜常磐の杜, 茨大前〜曙町19〜赤塚駅, 茨大前〜水戸〜東前〜大串公園, 茨大前〜水戸駅〜アクアワールド, 茨大前〜水戸駅〜勝田営業所, 茨大前〜水戸駅〜勝田駅前, 茨大前〜水戸駅〜大洗〜那珂湊駅, 茨大前〜水戸駅〜東中根団地, 茨大前〜水高スクエア27〜赤塚, 茨大前〜双葉台〜イオン水戸内原, 茨大前〜大洗〜FT〜那珂湊駅, 茨大前〜大洗FT, 茨大前〜大野〜平磯中学校下, 茨大前〜東海工場前〜勝田営業所, 茨大前〜堀原小〜赤塚駅, 茨大前営業所〜国道〜東海駅, 茨大前営業所〜大野〜那珂湊駅, 若宮団地〜茨大前〜水戸NT, 若宮団地〜水戸駅〜渡里GC, 水戸駅〜茨大前〜水戸NT, 水戸駅〜栄町〜成沢〜石塚車庫, 水戸駅〜栄町〜飯富〜石塚車庫, 水戸駅〜開江・済生会〜双葉台二, 水戸駅〜五中入口〜赤塚駅, 水戸駅〜常北高校, 水戸駅〜石塚〜御前山車庫, 水戸駅〜石塚車庫〜野口車庫, 水戸駅〜特急〜正門〜茨大前営業, 水戸駅〜木の倉〜茨大前営業所, 水戸藤が原NT西〜茨大前, 石塚車庫〜成沢〜水戸駅, 千波循環, 千波循環文化C経由, 双葉台二〜開江〜水戸駅, 渡里GC〜栄町〜水戸駅, 浜田〜水戸駅〜渡里GC, 浜田〜水戸駅〜野口車庫, 浜田営業所〜水戸駅〜御前山車庫"
文京町,茨城交通（株）,"水戸駅〜栄町〜水農前, 水戸駅〜下江戸, 水戸駅〜木の倉〜茨大前営業所, 大宮〜那珂西部工業団地〜水戸駅, 大宮営業所〜瓜連〜水戸駅, 木の倉循環"
カワチひたちなか店,ひたちなか市,勝田北コース
共栄町,茨城交通（株）,"茨大前〜水戸駅〜勝田営業所, 勝田〜外野〜勝田駅前, 水戸駅〜市毛〜勝田駅〜勝田営業"
弥生団地,茨城交通（株）,"ジョイフル本田〜勝田駅前, 勝田駅前〜ひたちなか市民球場前, 勝田駅前〜安全運転中央研修所, 勝田駅前〜海浜公園南口"
済生会病院,茨城交通（株）,"桜ノ牧高〜済生会〜赤塚駅, 常北高校〜病院〜赤塚駅北口, 水戸駅〜開江・済生会〜双葉台二, 水戸駅〜中丸・済生会〜双葉台五, 水戸駅〜中丸・済生会〜双葉台二, 水戸駅北口〜赤塚駅北〜双葉台二, 石塚車庫〜サテライト〜赤塚駅, 石塚車庫〜済生会〜赤塚駅, 赤塚駅北口〜大塚〜双葉台二丁目"
本郷台団地入口,茨城交通（株）,"ジョイフル本田〜勝田駅前, 茨大前〜水戸駅〜東中根団地, 勝田駅前〜ひたちなか市民球場前, 勝田駅前〜安全運転中央研修所, 勝田駅前〜海浜公園南口, 勝田駅前〜本郷台〜東中根団地, 勝田駅前〜薬師台〜東中根団地"
市毛十文字,茨城交通（株）,"茨大前〜水戸駅〜勝田営業所, 茨大前〜水戸駅〜勝田駅前, 茨大前〜水戸駅〜東中根団地, 茨大前〜東海工場前〜勝田営業所, 茨大前営業所〜国道〜東海駅, 勝田駅西口〜市毛〜水戸駅, 水戸駅〜笠松運動公園前, 水戸駅〜国道〜東海駅, 水戸駅〜市毛〜勝田駅〜勝田営業, 水戸駅〜東海工場前〜勝田営業所"
青柳北,茨城交通（株）,"水戸駅〜木の倉〜茨大前営業所, 木の倉循環"
茨大前営業所,茨城交通（株）,"阿字ケ浦駅〜茨大前営業所, 茨大前〜FT〜アクア〜那珂湊駅, 茨大前〜アクア〜那珂湊駅, 茨大前〜茨大正門〜栄町〜水戸駅, 茨大前〜栄町12〜水戸駅, 茨大前〜五中入口〜赤塚駅, 茨大前〜酒門〜常磐の杜, 茨大前〜曙町19〜赤塚駅, 茨大前〜常磐小5〜水戸駅, 茨大前〜新原11〜水戸駅, 茨大前〜水戸〜東前〜大串公園, 茨大前〜水戸駅〜アクアワールド, 茨大前〜水戸駅〜勝田営業所, 茨大前〜水戸駅〜勝田駅前, 茨大前〜水戸駅〜大洗〜那珂湊駅, 茨大前〜水戸駅〜東中根団地, 茨大前〜水高スクエア27〜赤塚, 茨大前〜双葉台〜イオン水戸内原, 茨大前〜大洗〜FT〜那珂湊駅, 茨大前〜大洗FT, 茨大前〜大野〜平磯中学校下, 茨大前〜東海工場前〜勝田営業所, 茨大前〜堀原小〜赤塚駅, 茨大前営業所〜国道〜東海駅, 茨大前営業所〜大野〜那珂湊駅, 水戸駅〜新原11〜茨大正門前, 水戸駅〜特急〜正門〜茨大前営業, 水戸駅〜木の倉〜茨大前営業所, 水戸藤が原NT西〜茨大前, 千波循環, 千波循環文化C経由"
大泉北,桜川市,富谷・大泉ルート
中根郵便局前,茨城交通（株）,"ジョイフル本田〜勝田駅前, 茨大前〜水戸駅〜東中根団地, 勝田駅前〜ひたちなか市民球場前, 勝田駅前〜安全運転中央研修所, 勝田駅前〜海浜公園南口, 勝田駅前〜本郷台〜東中根団地, 勝田駅前〜薬師台〜東中根団地"
済生会病院入口,茨城交通（株）,"桜ノ牧高〜済生会〜赤塚駅, 常北高校〜病院〜赤塚駅北口, 水戸駅〜開江・済生会〜双葉台二, 石塚車庫〜サテライト〜赤塚駅, 石塚車庫〜済生会〜赤塚駅, 双葉台二〜開江〜水戸駅"
ワークプラザ,ひたちなか市,勝田中央コース
笹野団地,茨城交通（株）,"勝田営業所〜足崎〜勝田駅前, 勝田駅〜足崎団地入口〜勝田駅, 勝田駅前〜勝田高校前, 勝田駅前〜第二工業団地入口"
袴塚三丁目,茨城交通（株）,"モビリティRもてぎ〜水戸駅北口, 阿字ケ浦駅〜茨大前営業所, 茨大前〜FT〜アクア〜那珂湊駅, 茨大前〜アクア〜那珂湊駅, 茨大前〜栄町12〜水戸駅, 茨大前〜酒門〜常磐の杜, 茨大前〜水戸〜東前〜大串公園, 茨大前〜水戸駅〜アクアワールド, 茨大前〜水戸駅〜勝田営業所, 茨大前〜水戸駅〜勝田駅前, 茨大前〜水戸駅〜大洗〜那珂湊駅, 茨大前〜水戸駅〜東中根団地, 茨大前〜水高スクエア27〜赤塚, 茨大前〜双葉台〜イオン水戸内原, 茨大前〜大洗〜FT〜那珂湊駅, 茨大前〜大洗FT, 茨大前〜大野〜平磯中学校下, 茨大前〜東海工場前〜勝田営業所, 茨大前営業所〜国道〜東海駅, 茨大前営業所〜大野〜那珂湊駅, 若宮団地〜茨大前〜水戸NT, 若宮団地〜水戸駅〜渡里GC, 水戸駅〜茨大前〜水戸NT, 水戸駅〜栄町〜成沢〜石塚車庫, 水戸駅〜栄町〜飯富〜石塚車庫, 水戸駅〜開江・済生会〜双葉台二, 水戸駅〜五中入口〜赤塚駅, 水戸駅〜常北高校, 水戸駅〜石塚〜御前山車庫, 水戸駅〜石塚車庫〜野口車庫, 水戸駅〜木の倉〜茨大前営業所, 石塚車庫〜成沢〜水戸駅, 千波循環, 千波循環文化C経由, 双葉台二〜開江〜水戸駅, 渡里GC〜栄町〜水戸駅, 浜田〜水戸駅〜渡里GC, 浜田〜水戸駅〜野口車庫, 浜田営業所〜水戸駅〜御前山車庫"
附属中前（茨城大学）,茨城交通（株）,茨大前〜曙町19〜赤塚駅
堀町街区公園前,茨城交通（株）,茨大前〜堀原小〜赤塚駅
茨城高専前,茨城交通（株）,"ジョイフル本田〜勝田駅前, 茨大前〜水戸駅〜東中根団地, 勝田駅前〜ひたちなか市民球場前, 勝田駅前〜安全運転中央研修所, 勝田駅前〜茨城高専前, 勝田駅前〜海浜公園南口, 勝田駅前〜本郷台〜東中根団地, 勝田駅前〜薬師台〜東中根団地"
双葉台三丁目,茨城交通（株）,"茨大前〜双葉台〜イオン水戸内原, 水戸駅〜中丸〜双葉台五丁目, 水戸駅〜中丸・済生会〜双葉台五, 水戸駅〜中丸・済生会〜双葉台二, 水戸駅北口〜赤塚駅北〜双葉台二, 赤塚駅北口〜大塚〜双葉台二丁目, 双葉台五〜赤塚二丁目〜水戸駅"
おひさま館,ひたちなか市,勝田南コース
市営住宅前（水戸市）,茨城交通（株）,"水戸駅〜中丸〜双葉台五丁目, 水戸駅〜中丸・済生会〜双葉台五, 双葉台五〜赤塚二丁目〜水戸駅"
勝田二中前,茨城交通（株）,"茨大前〜水戸駅〜勝田営業所, 茨大前〜水戸駅〜勝田駅前, 茨大前〜水戸駅〜東中根団地, 水戸駅〜市毛〜勝田駅〜勝田営業"
元町（ひたちなか市）,茨城交通（株）,"茨大前〜水戸駅〜勝田営業所, 勝田〜外野〜勝田駅前, 水戸駅〜市毛〜勝田駅〜勝田営業"
元町・中央図書館,ひたちなか市,勝田北コース
武道館前（水戸市）,茨城交通（株）,"茨大前〜常磐小5〜水戸駅, 茨大前〜新原11〜水戸駅, 水戸駅〜新原11〜茨大正門前"
堀町団地,茨城交通（株）,"茨大前〜五中入口〜赤塚駅, 水戸駅〜五中入口〜赤塚駅"
勝田工場,茨城交通（株）,勝田駅西口〜市毛〜水戸駅
筑波台,ひたちなか市,勝田西コース
松戸体育館,茨城交通（株）,"ジョイフル本田〜勝田駅前, 勝田駅前〜ひたちなか市民球場前, 勝田駅前〜安全運転中央研修所, 勝田駅前〜茨城高専前, 勝田駅前〜海浜公園南口, 勝田駅前〜本郷台〜東中根団地"
門毛大内,桜川市,南飯田・門毛ルート
双葉台五丁目,茨城交通（株）,"水戸駅〜中丸〜双葉台五丁目, 水戸駅〜中丸・済生会〜双葉台五, 双葉台五〜赤塚二丁目〜水戸駅"
中央研修所入口,茨城交通（株）,"勝田駅前〜安全運転中央研修所, 勝田駅前〜海浜公園南口"
馬渡集落センター,ひたちなか市,勝田南コース
西久保公園,ひたちなか市,勝田北コース
袴塚二丁目,茨城交通（株）,"モビリティRもてぎ〜水戸駅北口, 阿字ケ浦駅〜茨大前営業所, 茨大前〜FT〜アクア〜那珂湊駅, 茨大前〜アクア〜那珂湊駅, 茨大前〜茨大正門〜栄町〜水戸駅, 茨大前〜栄町12〜水戸駅, 茨大前〜酒門〜常磐の杜, 茨大前〜水戸〜東前〜大串公園, 茨大前〜水戸駅〜アクアワールド, 茨大前〜水戸駅〜勝田営業所, 茨大前〜水戸駅〜勝田駅前, 茨大前〜水戸駅〜大洗〜那珂湊駅, 茨大前〜水戸駅〜東中根団地, 茨大前〜水高スクエア27〜赤塚, 茨大前〜双葉台〜イオン水戸内原, 茨大前〜大洗〜FT〜那珂湊駅, 茨大前〜大洗FT, 茨大前〜大野〜平磯中学校下, 茨大前〜東海工場前〜勝田営業所, 茨大前営業所〜国道〜東海駅, 茨大前営業所〜大野〜那珂湊駅, 若宮団地〜茨大前〜水戸NT, 若宮団地〜水戸駅〜渡里GC, 水戸駅〜茨大前〜水戸NT, 水戸駅〜栄町〜水農前, 水戸駅〜栄町〜成沢〜石塚車庫, 水戸駅〜栄町〜飯富〜石塚車庫, 水戸駅〜下江戸, 水戸駅〜開江・済生会〜双葉台二, 水戸駅〜五中入口〜赤塚駅, 水戸駅〜常北高校, 水戸駅〜石塚〜御前山車庫, 水戸駅〜石塚車庫〜野口車庫, 水戸駅〜特急〜正門〜茨大前営業, 石塚車庫〜成沢〜水戸駅, 千波循環, 千波循環文化C経由, 双葉台二〜開江〜水戸駅, 大宮〜那珂西部工業団地〜水戸駅, 大宮営業所〜瓜連〜水戸駅, 渡里GC〜栄町〜水戸駅, 浜田〜水戸駅〜渡里GC, 浜田〜水戸駅〜野口車庫, 浜田営業所〜水戸駅〜御前山車庫, 木の倉循環"
市毛火の見下,茨城交通（株）,"茨大前〜水戸駅〜勝田営業所, 茨大前〜水戸駅〜勝田駅前, 茨大前〜水戸駅〜東中根団地, 茨大前〜東海工場前〜勝田営業所, 茨大前営業所〜国道〜東海駅, 勝田駅西口〜市毛〜水戸駅, 水戸駅〜笠松運動公園前, 水戸駅〜国道〜東海駅, 水戸駅〜市毛〜勝田駅〜勝田営業, 水戸駅〜東海工場前〜勝田営業所"
双葉台県営住宅前,茨城交通（株）,"茨大前〜双葉台〜イオン水戸内原, 水戸駅〜中丸〜双葉台五丁目, 水戸駅〜中丸・済生会〜双葉台五, 水戸駅〜中丸・済生会〜双葉台二, 水戸駅北口〜赤塚駅北〜双葉台二, 赤塚駅北口〜大塚〜双葉台二丁目, 双葉台五〜赤塚二丁目〜水戸駅"
笹野アパート前,茨城交通（株）,"ジョイフル本田〜勝田駅前, 勝田営業所〜足崎〜勝田駅前, 勝田駅〜足崎団地入口〜勝田駅, 勝田駅前〜ひたちなか市民球場前, 勝田駅前〜安全運転中央研修所, 勝田駅前〜茨城高専前, 勝田駅前〜海浜公園南口, 勝田駅前〜勝田高校前, 勝田駅前〜第二工業団地入口, 勝田駅前〜本郷台〜東中根団地"
市毛コミュニティセンター,ひたちなか市,勝田西コース
茨交東石川団地,茨城交通（株）,"ジョイフル本田〜勝田駅前, 勝田営業所〜足崎〜勝田駅前, 勝田駅〜足崎団地入口〜勝田駅, 勝田駅前〜ひたちなか市民球場前, 勝田駅前〜安全運転中央研修所, 勝田駅前〜茨城高専前, 勝田駅前〜海浜公園南口, 勝田駅前〜勝田高校前, 勝田駅前〜第二工業団地入口, 勝田駅前〜本郷台〜東中根団地"
宮前（勝田）,茨城交通（株）,"茨大前〜水戸駅〜勝田営業所, 茨大前〜水戸駅〜勝田駅前, 茨大前〜水戸駅〜東中根団地, 水戸駅〜市毛〜勝田駅〜勝田営業"
水戸ブレインハートセンター,茨城交通（株）,水戸公設市場線
ひたちなか市役所,茨城交通（株）,"ジョイフル本田〜勝田駅前, 勝田営業所〜足崎〜勝田駅前, 勝田駅〜足崎団地入口〜勝田駅, 勝田駅前〜ひたちなか市民球場前, 勝田駅前〜安全運転中央研修所, 勝田駅前〜茨城高専前, 勝田駅前〜海浜公園南口, 勝田駅前〜勝田高校前, 勝田駅前〜第二工業団地入口, 勝田駅前〜本郷台〜東中根団地"
ひたちなか市役所,ひたちなか市,"勝田中央コース, 勝田南コース, 勝田北コース"
入野新田,桜川市,南飯田・門毛ルート
勝田駅東口,ひたちなか市,"勝田中央コース, 勝田南コース, 勝田北コース, 田彦・金上コース"
本郷台中央,ひたちなか市,勝田中央コース
本郷台中央,茨城交通（株）,"茨大前〜水戸駅〜東中根団地, 勝田駅前〜本郷台〜東中根団地, 勝田駅前〜薬師台〜東中根団地"
NTT前（勝田）,茨城交通（株）,"ジョイフル本田〜勝田駅前, 勝田営業所〜足崎〜勝田駅前, 勝田駅〜足崎団地入口〜勝田駅, 勝田駅前〜ひたちなか市民球場前, 勝田駅前〜安全運転中央研修所, 勝田駅前〜茨城高専前, 勝田駅前〜海浜公園南口, 勝田駅前〜勝田高校前, 勝田駅前〜第二工業団地入口, 勝田駅前〜本郷台〜東中根団地"
勝田駅前,茨城交通（株）,"ジョイフル本田〜勝田駅前, 茨大前〜水戸駅〜勝田営業所, 茨大前〜水戸駅〜勝田駅前, 茨大前〜水戸駅〜東中根団地, 勝田〜外野〜勝田駅前, 勝田営業所〜足崎〜勝田駅前, 勝田駅〜足崎団地入口〜勝田駅, 勝田駅前〜ひたちなか市民球場前, 勝田駅前〜安全運転中央研修所, 勝田駅前〜茨城高専前, 勝田駅前〜海浜公園南口, 勝田駅前〜金上〜那珂湊駅, 勝田駅前〜勝田高校前, 勝田駅前〜第二工業団地入口, 勝田駅前〜本郷台〜東中根団地, 勝田駅前〜薬師台〜東中根団地, 水戸駅〜市毛〜勝田駅〜勝田営業"
学校前（双葉台）,茨城交通（株）,"水戸駅〜中丸〜双葉台五丁目, 水戸駅〜中丸・済生会〜双葉台五, 双葉台五〜赤塚二丁目〜水戸駅"
常銀前（勝田）,茨城交通（株）,"ジョイフル本田〜勝田駅前, 勝田営業所〜足崎〜勝田駅前, 勝田駅〜足崎団地入口〜勝田駅, 勝田駅前〜ひたちなか市民球場前, 勝田駅前〜安全運転中央研修所, 勝田駅前〜茨城高専前, 勝田駅前〜海浜公園南口, 勝田駅前〜勝田高校前, 勝田駅前〜第二工業団地入口, 勝田駅前〜本郷台〜東中根団地"
喜楽里別邸,ひたちなか市,勝田西コース
南開江,茨城交通（株）,"茨大前〜双葉台〜イオン水戸内原, 水戸駅〜中丸〜双葉台五丁目, 水戸駅〜中丸・済生会〜双葉台五, 双葉台五〜赤塚二丁目〜水戸駅"
双葉台四丁目,茨城交通（株）,"茨大前〜双葉台〜イオン水戸内原, 水戸駅〜中丸〜双葉台五丁目, 水戸駅〜中丸・済生会〜双葉台五, 双葉台五〜赤塚二丁目〜水戸駅"
長堀北,ひたちなか市,勝田中央コース
堀口向町,ひたちなか市,勝田西コース
堀口向町,茨城交通（株）,"茨大前〜水戸駅〜勝田営業所, 茨大前〜水戸駅〜勝田駅前, 茨大前〜水戸駅〜東中根団地, 水戸駅〜市毛〜勝田駅〜勝田営業"
双葉台学校入口,茨城交通（株）,"水戸駅〜中丸〜双葉台五丁目, 水戸駅〜中丸・済生会〜双葉台五, 双葉台五〜赤塚二丁目〜水戸駅"
水戸市公設市場,茨城交通（株）,水戸公設市場線
盲学校前,茨城交通（株）,"モビリティRもてぎ〜水戸駅北口, 阿字ケ浦駅〜茨大前営業所, 茨大前〜FT〜アクア〜那珂湊駅, 茨大前〜アクア〜那珂湊駅, 茨大前〜茨大正門〜栄町〜水戸駅, 茨大前〜栄町12〜水戸駅, 茨大前〜酒門〜常磐の杜, 茨大前〜水戸〜東前〜大串公園, 茨大前〜水戸駅〜アクアワールド, 茨大前〜水戸駅〜勝田営業所, 茨大前〜水戸駅〜勝田駅前, 茨大前〜水戸駅〜大洗〜那珂湊駅, 茨大前〜水戸駅〜東中根団地, 茨大前〜水高スクエア27〜赤塚, 茨大前〜大洗〜FT〜那珂湊駅, 茨大前〜大洗FT, 茨大前〜大野〜平磯中学校下, 茨大前〜東海工場前〜勝田営業所, 茨大前営業所〜国道〜東海駅, 茨大前営業所〜大野〜那珂湊駅, 若宮団地〜茨大前〜水戸NT, 若宮団地〜水戸駅〜渡里GC, 水戸駅〜茨大前〜水戸NT, 水戸駅〜栄町〜水農前, 水戸駅〜栄町〜成沢〜石塚車庫, 水戸駅〜栄町〜飯富〜石塚車庫, 水戸駅〜下江戸, 水戸駅〜開江・済生会〜双葉台二, 水戸駅〜五中入口〜赤塚駅, 水戸駅〜常北高校, 水戸駅〜石塚〜御前山車庫, 水戸駅〜石塚車庫〜野口車庫, 水戸駅〜特急〜正門〜茨大前営業, 石塚車庫〜成沢〜水戸駅, 千波循環, 千波循環文化C経由, 双葉台二〜開江〜水戸駅, 大宮〜那珂西部工業団地〜水戸駅, 大宮営業所〜瓜連〜水戸駅, 渡里GC〜栄町〜水戸駅, 浜田〜水戸駅〜渡里GC, 浜田〜水戸駅〜野口車庫, 浜田営業所〜水戸駅〜御前山車庫, 木の倉循環"
勝田駅西口,茨城交通（株）,勝田駅西口〜市毛〜水戸駅
勝田駅西口,ひたちなか市,"勝田西コース, 田彦・金上コース"
ひたちなか市民球場前,茨城交通（株）,勝田駅前〜ひたちなか市民球場前
ひたちなか郵便局,ひたちなか市,"勝田中央コース, 勝田南コース, 勝田北コース"
本郷台団地東,ひたちなか市,勝田南コース
双葉台二丁目,茨城交通（株）,"茨大前〜双葉台〜イオン水戸内原, 桜ノ牧高〜済生会〜赤塚駅, 常北高校〜病院〜赤塚駅北口, 水戸駅〜開江・済生会〜双葉台二, 水戸駅〜中丸〜双葉台五丁目, 水戸駅〜中丸・済生会〜双葉台五, 水戸駅〜中丸・済生会〜双葉台二, 水戸駅北口〜赤塚駅北〜双葉台二, 石塚車庫〜サテライト〜赤塚駅, 石塚車庫〜済生会〜赤塚駅, 赤塚駅北口〜大塚〜双葉台二丁目, 双葉台五〜赤塚二丁目〜水戸駅, 双葉台二〜開江〜水戸駅"
長堀1丁目,ひたちなか市,勝田南コース
筑波台,茨城交通（株）,"茨大前〜水戸駅〜勝田営業所, 茨大前〜水戸駅〜勝田駅前, 茨大前〜水戸駅〜東中根団地, 茨大前〜東海工場前〜勝田営業所, 茨大前営業所〜国道〜東海駅, 勝田駅西口〜市毛〜水戸駅, 水戸駅〜笠松運動公園前, 水戸駅〜国道〜東海駅, 水戸駅〜市毛〜勝田駅〜勝田営業, 水戸駅〜東海工場前〜勝田営業所"
青柳三丸屋前,茨城交通（株）,"水戸駅〜木の倉〜茨大前営業所, 木の倉循環"
勝田中原町,ひたちなか市,勝田西コース
曙町,茨城交通（株）,"茨大前〜曙町19〜赤塚駅, 茨大前〜常磐小5〜水戸駅, 茨大前〜新原11〜水戸駅, 茨大前〜双葉台〜イオン水戸内原, 水戸駅〜新原11〜茨大正門前"
表町北,茨城交通（株）,"茨大前〜水戸駅〜東中根団地, 勝田駅前〜金上〜那珂湊駅, 勝田駅前〜薬師台〜東中根団地"
堀原小学校前,茨城交通（株）,茨大前〜堀原小〜赤塚駅
交通公園,茨城交通（株）,"勝田駅前〜安全運転中央研修所, 勝田駅前〜海浜公園南口"
本郷台集会所,ひたちなか市,勝田中央コース
海浜公園南口,茨城交通（株）,勝田駅前〜海浜公園南口
老人ホーム前,茨城交通（株）,茨大前〜双葉台〜イオン水戸内原
つだ中央クリニック,茨城交通（株）,水戸公設市場線
ヘルスケアセンター,ひたちなか市,勝田中央コース
勝田工業高校前,茨城交通（株）,"茨大前〜水戸駅〜東中根団地, 勝田駅前〜薬師台〜東中根団地"
地区センター前（双葉台）,茨城交通（株）,"茨大前〜双葉台〜イオン水戸内原, 桜ノ牧高〜済生会〜赤塚駅, 常北高校〜病院〜赤塚駅北口, 水戸駅〜中丸〜双葉台五丁目, 水戸駅〜中丸・済生会〜双葉台五, 水戸駅〜中丸・済生会〜双葉台二, 水戸駅北口〜赤塚駅北〜双葉台二, 石塚車庫〜サテライト〜赤塚駅, 石塚車庫〜済生会〜赤塚駅, 赤塚駅北口〜大塚〜双葉台二丁目, 双葉台五〜赤塚二丁目〜水戸駅"
石川四丁目,茨城交通（株）,"茨大前〜五中入口〜赤塚駅, 水戸駅〜五中入口〜赤塚駅"
泉町北,茨城交通（株）,"茨大前〜水戸駅〜勝田営業所, 茨大前〜水戸駅〜勝田駅前, 茨大前〜水戸駅〜東中根団地, 水戸駅〜市毛〜勝田駅〜勝田営業"
半四郎,ひたちなか市,勝田南コース
体育館南口（ひたちなか市）,茨城交通（株）,"茨大前〜水戸駅〜東中根団地, 勝田駅前〜薬師台〜東中根団地"
新原二丁目,茨城交通（株）,"茨大前〜曙町19〜赤塚駅, 茨大前〜新原11〜水戸駅, 茨大前〜双葉台〜イオン水戸内原, 水戸駅〜新原11〜茨大正門前"
堀口,茨城交通（株）,"茨大前〜水戸駅〜勝田営業所, 茨大前〜水戸駅〜勝田駅前, 茨大前〜水戸駅〜東中根団地, 水戸駅〜市毛〜勝田駅〜勝田営業"
後野,ひたちなか市,勝田中央コース
中央研修所,茨城交通（株）,"勝田駅前〜安全運転中央研修所, 勝田駅前〜海浜公園南口"
上水戸入口,茨城交通（株）,"モビリティRもてぎ〜水戸駅北口, 阿字ケ浦駅〜茨大前営業所, 茨大前〜FT〜アクア〜那珂湊駅, 茨大前〜アクア〜那珂湊駅, 茨大前〜茨大正門〜栄町〜水戸駅, 茨大前〜栄町12〜水戸駅, 茨大前〜酒門〜常磐の杜, 茨大前〜水戸〜東前〜大串公園, 茨大前〜水戸駅〜アクアワールド, 茨大前〜水戸駅〜勝田営業所, 茨大前〜水戸駅〜勝田駅前, 茨大前〜水戸駅〜大洗〜那珂湊駅, 茨大前〜水戸駅〜東中根団地, 茨大前〜水高スクエア27〜赤塚, 茨大前〜大洗〜FT〜那珂湊駅, 茨大前〜大洗FT, 茨大前〜大野〜平磯中学校下, 茨大前〜東海工場前〜勝田営業所, 茨大前営業所〜国道〜東海駅, 茨大前営業所〜大野〜那珂湊駅, 若宮団地〜茨大前〜水戸NT, 若宮団地〜水戸駅〜渡里GC, 水戸駅〜茨大前〜水戸NT, 水戸駅〜栄町〜水農前, 水戸駅〜栄町〜成沢〜石塚車庫, 水戸駅〜栄町〜飯富〜石塚車庫, 水戸駅〜下江戸, 水戸駅〜開江・済生会〜双葉台二, 水戸駅〜五中入口〜赤塚駅, 水戸駅〜常北高校, 水戸駅〜石塚〜御前山車庫, 水戸駅〜石塚車庫〜野口車庫, 水戸駅〜特急〜正門〜茨大前営業, 石塚車庫〜成沢〜水戸駅, 千波循環, 千波循環文化C経由, 双葉台二〜開江〜水戸駅, 大宮〜那珂西部工業団地〜水戸駅, 大宮営業所〜瓜連〜水戸駅, 渡里GC〜栄町〜水戸駅, 浜田〜水戸駅〜渡里GC, 浜田〜水戸駅〜野口車庫, 浜田営業所〜水戸駅〜御前山車庫, 木の倉循環"
富士山（勝田）,茨城交通（株）,"茨大前〜水戸駅〜東中根団地, 勝田駅前〜薬師台〜東中根団地"
富士山団地,茨城交通（株）,"茨大前〜水戸駅〜東中根団地, 勝田駅前〜薬師台〜東中根団地"
富士山団地,ひたちなか市,勝田中央コース
笠間ショッピングセンター,茨城交通（株）,笠間益子連絡バス
長堀十文字,茨城交通（株）,"茨大前〜水戸駅〜東中根団地, 勝田駅前〜薬師台〜東中根団地"
長堀十文字,ひたちなか市,勝田南コース
中根上野公園,ひたちなか市,勝田中央コース
大泉中,桜川市,富谷・大泉ルート
双葉台東,茨城交通（株）,"桜ノ牧高〜済生会〜赤塚駅, 常北高校〜病院〜赤塚駅北口, 水戸駅〜中丸〜双葉台五丁目, 水戸駅〜中丸・済生会〜双葉台五, 水戸駅〜中丸・済生会〜双葉台二, 石塚車庫〜サテライト〜赤塚駅, 石塚車庫〜済生会〜赤塚駅, 双葉台五〜赤塚二丁目〜水戸駅"
本郷台団地,茨城交通（株）,"茨大前〜水戸駅〜東中根団地, 勝田駅前〜本郷台〜東中根団地, 勝田駅前〜薬師台〜東中根団地"
本郷台団地,ひたちなか市,勝田南コース
石川一丁目東,茨城交通（株）,茨大前〜堀原小〜赤塚駅
新原一丁目,茨城交通（株）,"茨大前〜曙町19〜赤塚駅, 茨大前〜新原11〜水戸駅, 茨大前〜双葉台〜イオン水戸内原, 水戸駅〜新原11〜茨大正門前"
堀口小学校入口,茨城交通（株）,"茨大前〜水戸駅〜勝田営業所, 茨大前〜水戸駅〜勝田駅前, 茨大前〜水戸駅〜東中根団地, 水戸駅〜市毛〜勝田駅〜勝田営業"
堀口小学校口,ひたちなか市,勝田西コース
まちかど交流館ふらっと,ひたちなか市,"勝田中央コース, 勝田南コース, 勝田北コース, 田彦・金上コース"
日製ひたちなか総合病院,ひたちなか市,"勝田西コース, 勝田中央コース, 勝田南コース, 勝田北コース, 田彦・金上コース"
堀口会館,ひたちなか市,勝田西コース
西原三丁目,茨城交通（株）,茨大前〜常磐小5〜水戸駅
東石川第3公園,ひたちなか市,勝田南コース
保和苑入口,茨城交通（株）,"モビリティRもてぎ〜水戸駅北口, 阿字ケ浦駅〜茨大前営業所, 茨大前〜FT〜アクア〜那珂湊駅, 茨大前〜アクア〜那珂湊駅, 茨大前〜茨大正門〜栄町〜水戸駅, 茨大前〜栄町12〜水戸駅, 茨大前〜酒門〜常磐の杜, 茨大前〜水戸〜東前〜大串公園, 茨大前〜水戸駅〜アクアワールド, 茨大前〜水戸駅〜勝田営業所, 茨大前〜水戸駅〜勝田駅前, 茨大前〜水戸駅〜大洗〜那珂湊駅, 茨大前〜水戸駅〜東中根団地, 茨大前〜水高スクエア27〜赤塚, 茨大前〜大洗〜FT〜那珂湊駅, 茨大前〜大洗FT, 茨大前〜大野〜平磯中学校下, 茨大前〜東海工場前〜勝田営業所, 茨大前営業所〜国道〜東海駅, 茨大前営業所〜大野〜那珂湊駅, 若宮団地〜茨大前〜水戸NT, 若宮団地〜水戸駅〜渡里GC, 水戸駅〜茨大前〜水戸NT, 水戸駅〜栄町〜水農前, 水戸駅〜栄町〜成沢〜石塚車庫, 水戸駅〜栄町〜飯富〜石塚車庫, 水戸駅〜下江戸, 水戸駅〜開江・済生会〜双葉台二, 水戸駅〜五中入口〜赤塚駅, 水戸駅〜常北高校, 水戸駅〜石塚〜御前山車庫, 水戸駅〜石塚車庫〜野口車庫, 水戸駅〜特急〜正門〜茨大前営業, 石塚車庫〜成沢〜水戸駅, 千波循環, 千波循環文化C経由, 双葉台二〜開江〜水戸駅, 大宮〜那珂西部工業団地〜水戸駅, 大宮営業所〜瓜連〜水戸駅, 渡里GC〜栄町〜水戸駅, 浜田〜水戸駅〜渡里GC, 浜田〜水戸駅〜野口車庫, 浜田営業所〜水戸駅〜御前山車庫, 木の倉循環"
表町中央,茨城交通（株）,"茨大前〜水戸駅〜東中根団地, 勝田駅前〜金上〜那珂湊駅, 勝田駅前〜薬師台〜東中根団地"
新原,茨城交通（株）,"茨大前〜曙町19〜赤塚駅, 茨大前〜新原11〜水戸駅, 茨大前〜双葉台〜イオン水戸内原, 水戸駅〜新原11〜茨大正門前"
双葉台一丁目,茨城交通（株）,"茨大前〜双葉台〜イオン水戸内原, 水戸駅北口〜赤塚駅北〜双葉台二, 赤塚駅北口〜大塚〜双葉台二丁目"
勝田工業高校,ひたちなか市,勝田中央コース
北谷津,茨城交通（株）,"茨大前〜五中入口〜赤塚駅, 水戸駅〜五中入口〜赤塚駅"
富士山クリニック,ひたちなか市,勝田南コース
子育て支援・多世代交流施設,ひたちなか市,"勝田西コース, 勝田中央コース, 勝田南コース, 勝田北コース, 田彦・金上コース"
石島整形外科医院,茨城交通（株）,水戸公設市場線
武田本町,茨城交通（株）,"茨大前〜水戸駅〜勝田営業所, 茨大前〜水戸駅〜勝田駅前, 茨大前〜水戸駅〜東中根団地, 水戸駅〜市毛〜勝田駅〜勝田営業"
表町（勝田）,茨城交通（株）,"茨大前〜水戸駅〜東中根団地, 勝田駅前〜金上〜那珂湊駅, 勝田駅前〜薬師台〜東中根団地"
青柳町,茨城交通（株）,"水戸駅〜木の倉〜茨大前営業所, 木の倉循環"
東中根集会所,ひたちなか市,勝田南コース
東中根団地中央,茨城交通（株）,"茨大前〜水戸駅〜東中根団地, 勝田駅前〜本郷台〜東中根団地, 勝田駅前〜薬師台〜東中根団地"
東中根団地中央,ひたちなか市,勝田南コース
本町自治会館,ひたちなか市,勝田西コース
中丸,茨城交通（株）,"茨大前〜双葉台〜イオン水戸内原, 桜ノ牧高〜済生会〜赤塚駅, 常北高校〜病院〜赤塚駅北口, 水戸駅〜中丸〜双葉台五丁目, 水戸駅〜中丸・済生会〜双葉台五, 水戸駅〜中丸・済生会〜双葉台二, 石塚車庫〜サテライト〜赤塚駅, 石塚車庫〜済生会〜赤塚駅, 双葉台五〜赤塚二丁目〜水戸駅"
松戸三丁目,茨城交通（株）,"茨大前〜水戸駅〜東中根団地, 勝田駅前〜薬師台〜東中根団地"
松戸3丁目,ひたちなか市,勝田南コース
新原三差路,茨城交通（株）,"イオン水戸内原〜赤塚駅〜水戸駅, 茨大前〜曙町19〜赤塚駅, 茨大前〜新原11〜水戸駅, 茨大前〜水高スクエア27〜赤塚, 茨大前〜双葉台〜イオン水戸内原, 水戸〜栄町〜水高スクエア〜赤塚, 水戸駅〜新原11〜茨大正門前, 水戸駅〜石川町〜赤塚駅, 水戸駅〜赤塚駅〜河和田団地, 水戸駅〜中丸〜双葉台五丁目, 水戸駅〜中丸・済生会〜双葉台五, 水戸駅〜中丸・済生会〜双葉台二, 水戸駅北口〜赤塚駅北〜双葉台二, 双葉台五〜赤塚二丁目〜水戸駅, 大足〜赤塚駅北口〜水戸駅北口"
末広町二丁目,茨城交通（株）,"モビリティRもてぎ〜水戸駅北口, 阿字ケ浦駅〜茨大前営業所, 茨大前〜FT〜アクア〜那珂湊駅, 茨大前〜アクア〜那珂湊駅, 茨大前〜茨大正門〜栄町〜水戸駅, 茨大前〜栄町12〜水戸駅, 茨大前〜酒門〜常磐の杜, 茨大前〜水戸〜東前〜大串公園, 茨大前〜水戸駅〜アクアワールド, 茨大前〜水戸駅〜勝田営業所, 茨大前〜水戸駅〜勝田駅前, 茨大前〜水戸駅〜大洗〜那珂湊駅, 茨大前〜水戸駅〜東中根団地, 茨大前〜大洗〜FT〜那珂湊駅, 茨大前〜大洗FT, 茨大前〜大野〜平磯中学校下, 茨大前〜東海工場前〜勝田営業所, 茨大前営業所〜国道〜東海駅, 茨大前営業所〜大野〜那珂湊駅, 若宮団地〜茨大前〜水戸NT, 若宮団地〜水戸駅〜渡里GC, 水戸駅〜茨大前〜水戸NT, 水戸駅〜栄町〜水農前, 水戸駅〜栄町〜成沢〜石塚車庫, 水戸駅〜栄町〜飯富〜石塚車庫, 水戸駅〜下江戸, 水戸駅〜開江・済生会〜双葉台二, 水戸駅〜五中入口〜赤塚駅, 水戸駅〜常北高校, 水戸駅〜石塚〜御前山車庫, 水戸駅〜石塚車庫〜野口車庫, 水戸駅〜特急〜正門〜茨大前営業, 石塚車庫〜成沢〜水戸駅, 千波循環, 千波循環文化C経由, 双葉台二〜開江〜水戸駅, 大宮〜那珂西部工業団地〜水戸駅, 大宮営業所〜瓜連〜水戸駅, 渡里GC〜栄町〜水戸駅, 浜田〜水戸駅〜渡里GC, 浜田〜水戸駅〜野口車庫, 浜田営業所〜水戸駅〜御前山車庫, 木の倉循環"
石川一丁目,茨城交通（株）,"イオン水戸内原〜赤塚駅〜水戸駅, 茨大前〜曙町19〜赤塚駅, 茨大前〜水高スクエア27〜赤塚, 茨大前〜双葉台〜イオン水戸内原, 茨大前〜堀原小〜赤塚駅, 水戸〜栄町〜水高スクエア〜赤塚, 水戸駅〜石川町〜赤塚駅, 水戸駅〜赤塚駅〜河和田団地, 水戸駅〜中丸〜双葉台五丁目, 水戸駅〜中丸・済生会〜双葉台五, 水戸駅〜中丸・済生会〜双葉台二, 水戸駅北口〜赤塚駅北〜双葉台二, 双葉台五〜赤塚二丁目〜水戸駅, 大足〜赤塚駅北口〜水戸駅北口"
大泉さくら直売所,桜川市,富谷・大泉ルート
青葉・石川町,ひたちなか市,勝田南コース
石川保育園前,茨城交通（株）,"イオン水戸内原〜赤塚駅〜水戸駅, 茨大前〜曙町19〜赤塚駅, 茨大前〜水高スクエア27〜赤塚, 茨大前〜双葉台〜イオン水戸内原, 茨大前〜堀原小〜赤塚駅, 水戸〜栄町〜水高スクエア〜赤塚, 水戸駅〜石川町〜赤塚駅, 水戸駅〜赤塚駅〜河和田団地, 水戸駅〜中丸〜双葉台五丁目, 水戸駅〜中丸・済生会〜双葉台五, 水戸駅〜中丸・済生会〜双葉台二, 水戸駅北口〜赤塚駅北〜双葉台二, 双葉台五〜赤塚二丁目〜水戸駅, 大足〜赤塚駅北口〜水戸駅北口"
松ケ丘二丁目,茨城交通（株）,"イオン水戸内原〜赤塚駅〜水戸駅, 茨大前〜新原11〜水戸駅, 茨大前〜水高スクエア27〜赤塚, 水戸〜栄町〜水高スクエア〜赤塚, 水戸駅〜新原11〜茨大正門前, 水戸駅〜石川町〜赤塚駅, 水戸駅〜赤塚駅〜河和田団地, 水戸駅〜中丸〜双葉台五丁目, 水戸駅〜中丸・済生会〜双葉台五, 水戸駅〜中丸・済生会〜双葉台二, 水戸駅北口〜赤塚駅北〜双葉台二, 双葉台五〜赤塚二丁目〜水戸駅, 大足〜赤塚駅北口〜水戸駅北口"
石川小学校前,茨城交通（株）,"イオン水戸内原〜赤塚駅〜水戸駅, 茨大前〜五中入口〜赤塚駅, 茨大前〜曙町19〜赤塚駅, 茨大前〜水高スクエア27〜赤塚, 茨大前〜双葉台〜イオン水戸内原, 茨大前〜堀原小〜赤塚駅, 水戸〜栄町〜水高スクエア〜赤塚, 水戸駅〜五中入口〜赤塚駅, 水戸駅〜石川町〜赤塚駅, 水戸駅〜赤塚駅〜河和田団地, 水戸駅〜中丸〜双葉台五丁目, 水戸駅〜中丸・済生会〜双葉台五, 水戸駅〜中丸・済生会〜双葉台二, 水戸駅北口〜赤塚駅北〜双葉台二, 双葉台五〜赤塚二丁目〜水戸駅, 大足〜赤塚駅北口〜水戸駅北口"
石川二丁目,茨城交通（株）,"イオン水戸内原〜赤塚駅〜水戸駅, 茨大前〜曙町19〜赤塚駅, 茨大前〜水高スクエア27〜赤塚, 茨大前〜双葉台〜イオン水戸内原, 茨大前〜堀原小〜赤塚駅, 水戸〜栄町〜水高スクエア〜赤塚, 水戸駅〜石川町〜赤塚駅, 水戸駅〜赤塚駅〜河和田団地, 水戸駅〜中丸〜双葉台五丁目, 水戸駅〜中丸・済生会〜双葉台五, 水戸駅〜中丸・済生会〜双葉台二, 水戸駅北口〜赤塚駅北〜双葉台二, 双葉台五〜赤塚二丁目〜水戸駅, 大足〜赤塚駅北口〜水戸駅北口"
東中根,ひたちなか市,勝田南コース
間中農村集落センター,桜川市,南飯田・門毛ルート
石川三丁目,茨城交通（株）,"イオン水戸内原〜赤塚駅〜水戸駅, 茨大前〜五中入口〜赤塚駅, 茨大前〜曙町19〜赤塚駅, 茨大前〜水高スクエア27〜赤塚, 茨大前〜双葉台〜イオン水戸内原, 茨大前〜堀原小〜赤塚駅, 水戸〜栄町〜水高スクエア〜赤塚, 水戸駅〜五中入口〜赤塚駅, 水戸駅〜石川町〜赤塚駅, 水戸駅〜赤塚駅〜河和田団地, 水戸駅〜中丸〜双葉台五丁目, 水戸駅〜中丸・済生会〜双葉台五, 水戸駅〜中丸・済生会〜双葉台二, 水戸駅北口〜赤塚駅北〜双葉台二, 双葉台五〜赤塚二丁目〜水戸駅, 大足〜赤塚駅北口〜水戸駅北口"
春日町,茨城交通（株）,"茨大前〜水戸駅〜勝田営業所, 茨大前〜水戸駅〜勝田駅前, 茨大前〜水戸駅〜東中根団地, 水戸駅〜市毛〜勝田駅〜勝田営業"
東中根団地,茨城交通（株）,"茨大前〜水戸駅〜東中根団地, 勝田駅前〜本郷台〜東中根団地, 勝田駅前〜薬師台〜東中根団地"
東中根団地,ひたちなか市,勝田南コース
1中地区コミュニティセンター,ひたちなか市,"勝田中央コース, 勝田南コース"
県営柴田アパート,ひたちなか市,勝田南コース
中丸橋,茨城交通（株）,"茨大前〜双葉台〜イオン水戸内原, 桜ノ牧高〜済生会〜赤塚駅, 常北高校〜病院〜赤塚駅北口, 水戸駅〜中丸〜双葉台五丁目, 水戸駅〜中丸・済生会〜双葉台五, 水戸駅〜中丸・済生会〜双葉台二, 石塚車庫〜サテライト〜赤塚駅, 石塚車庫〜済生会〜赤塚駅, 双葉台五〜赤塚二丁目〜水戸駅"
阿字ヶ浦海岸,ひたちなか市,那珂湊コース
水戸女子高校・水商前,茨城交通（株）,"茨大前〜水高スクエア27〜赤塚, 水戸〜栄町〜水高スクエア〜赤塚, 水戸駅〜栄町〜水高スクエア"
双葉台南,茨城交通（株）,"茨大前〜双葉台〜イオン水戸内原, 水戸駅北口〜赤塚駅北〜双葉台二, 赤塚駅北口〜大塚〜双葉台二丁目"
石井神社前,茨城交通（株）,笠間駅前〜桃山
薬師台,茨城交通（株）,"茨大前〜水戸駅〜東中根団地, 勝田駅前〜薬師台〜東中根団地"
西原二丁目,茨城交通（株）,"イオン水戸内原〜赤塚駅〜水戸駅, 茨大前〜新原11〜水戸駅, 茨大前〜水高スクエア27〜赤塚, 水戸〜栄町〜水高スクエア〜赤塚, 水戸駅〜新原11〜茨大正門前, 水戸駅〜石川町〜赤塚駅, 水戸駅〜赤塚駅〜河和田団地, 水戸駅〜中丸〜双葉台五丁目, 水戸駅〜中丸・済生会〜双葉台五, 水戸駅〜中丸・済生会〜双葉台二, 水戸駅〜東赤塚〜赤塚駅, 水戸駅北口〜赤塚駅北〜双葉台二, 双葉台五〜赤塚二丁目〜水戸駅, 大足〜赤塚駅北口〜水戸駅北口"
中根寺,茨城交通（株）,"イオン水戸内原〜赤塚駅〜水戸駅, 茨大前〜双葉台〜イオン水戸内原, 大足〜赤塚駅北口〜水戸駅北口"
工機前,茨城交通（株）,"茨大前〜水戸駅〜勝田営業所, 茨大前〜水戸駅〜勝田駅前, 茨大前〜水戸駅〜東中根団地, 水戸駅〜市毛〜勝田駅〜勝田営業"
一中入口（水戸第一中）,茨城交通（株）,"茨大前〜水高スクエア27〜赤塚, 水戸〜栄町〜水高スクエア〜赤塚, 水戸駅〜栄町〜水高スクエア"
加倉井,茨城交通（株）,"イオン水戸内原〜赤塚駅〜水戸駅, 茨大前〜双葉台〜イオン水戸内原, 大足〜赤塚駅北口〜水戸駅北口"
水高スクエア,茨城交通（株）,"茨大前〜水高スクエア27〜赤塚, 水戸〜栄町〜水高スクエア〜赤塚, 水戸駅〜栄町〜水高スクエア"
中石井,茨城交通（株）,笠間駅前〜桃山
阿字ヶ浦小学校西,ひたちなか市,那珂湊コース
勝田一中前,茨城交通（株）,"茨大前〜水戸駅〜東中根団地, 勝田駅前〜薬師台〜東中根団地"
並木,茨城交通（株）,"イオン水戸内原〜赤塚駅〜水戸駅, 茨大前〜五中入口〜赤塚駅, 茨大前〜曙町19〜赤塚駅, 茨大前〜水高スクエア27〜赤塚, 茨大前〜双葉台〜イオン水戸内原, 茨大前〜堀原小〜赤塚駅, 水戸〜栄町〜水高スクエア〜赤塚, 水戸駅〜五中入口〜赤塚駅, 水戸駅〜石川町〜赤塚駅, 水戸駅〜赤塚駅〜河和田団地, 水戸駅〜中丸〜双葉台五丁目, 水戸駅〜中丸・済生会〜双葉台五, 水戸駅〜中丸・済生会〜双葉台二, 水戸駅北口〜赤塚駅北〜双葉台二, 大足〜赤塚駅北口〜水戸駅北口"
表町南,ひたちなか市,"勝田西コース, 田彦・金上コース"
表町南,茨城交通（株）,"茨大前〜水戸駅〜東中根団地, 勝田駅前〜金上〜那珂湊駅, 勝田駅前〜薬師台〜東中根団地"
青葉町,茨城交通（株）,"茨大前〜水戸駅〜東中根団地, 勝田駅前〜薬師台〜東中根団地"
市民体育館入口（笠間市）,茨城交通（株）,笠間駅前〜桃山
赤塚二丁目,茨城交通（株）,双葉台五〜赤塚二丁目〜水戸駅
茨城高校入口,茨城交通（株）,"モビリティRもてぎ〜水戸駅北口, 阿字ケ浦駅〜茨大前営業所, 茨大前〜FT〜アクア〜那珂湊駅, 茨大前〜アクア〜那珂湊駅, 茨大前〜茨大正門〜栄町〜水戸駅, 茨大前〜栄町12〜水戸駅, 茨大前〜酒門〜常磐の杜, 茨大前〜水戸〜東前〜大串公園, 茨大前〜水戸駅〜アクアワールド, 茨大前〜水戸駅〜勝田営業所, 茨大前〜水戸駅〜勝田駅前, 茨大前〜水戸駅〜大洗〜那珂湊駅, 茨大前〜水戸駅〜東中根団地, 茨大前〜大洗〜FT〜那珂湊駅, 茨大前〜大洗FT, 茨大前〜大野〜平磯中学校下, 茨大前〜東海工場前〜勝田営業所, 茨大前営業所〜国道〜東海駅, 茨大前営業所〜大野〜那珂湊駅, 若宮団地〜茨大前〜水戸NT, 若宮団地〜水戸駅〜渡里GC, 水戸〜栄町〜水高スクエア〜赤塚, 水戸駅〜茨大前〜水戸NT, 水戸駅〜栄町〜水高スクエア, 水戸駅〜栄町〜水農前, 水戸駅〜栄町〜成沢〜石塚車庫, 水戸駅〜栄町〜飯富〜石塚車庫, 水戸駅〜下江戸, 水戸駅〜開江・済生会〜双葉台二, 水戸駅〜五中入口〜赤塚駅, 水戸駅〜常北高校, 水戸駅〜石塚〜御前山車庫, 水戸駅〜石塚車庫〜野口車庫, 水戸駅〜特急〜正門〜茨大前営業, 石塚車庫〜成沢〜水戸駅, 千波循環, 千波循環文化C経由, 双葉台二〜開江〜水戸駅, 大宮〜那珂西部工業団地〜水戸駅, 大宮営業所〜瓜連〜水戸駅, 渡里GC〜栄町〜水戸駅, 浜田〜水戸駅〜渡里GC, 浜田〜水戸駅〜野口車庫, 浜田営業所〜水戸駅〜御前山車庫, 木の倉循環"
石井台,茨城交通（株）,笠間駅前〜桃山
常磐小学校前,茨城交通（株）,"茨大前〜常磐小5〜水戸駅, 茨大前〜水高スクエア27〜赤塚, 水戸〜栄町〜水高スクエア〜赤塚"
青葉中央,茨城交通（株）,"茨大前〜水戸駅〜東中根団地, 勝田駅前〜薬師台〜東中根団地"
南飯田公民館,桜川市,南飯田・門毛ルート
大塚（水戸）,茨城交通（株）,"イオン水戸内原〜赤塚駅〜水戸駅, 茨大前〜双葉台〜イオン水戸内原, 大足〜赤塚駅北口〜水戸駅北口"
赤塚団地入口,茨城交通（株）,水戸駅〜東赤塚〜赤塚駅
北巡見,茨城交通（株）,双葉台五〜赤塚二丁目〜水戸駅
文化会館（ひたちなか市）,茨城交通（株）,"茨大前〜水戸駅〜東中根団地, 勝田駅前〜薬師台〜東中根団地"
久保材木店,ひたちなか市,勝田南コース
勝田一中西,ひたちなか市,勝田南コース
大塚農協,茨城交通（株）,"イオン水戸内原〜赤塚駅〜水戸駅, 茨大前〜双葉台〜イオン水戸内原, 大足〜赤塚駅北口〜水戸駅北口"
入野本田,桜川市,南飯田・門毛ルート
西原一丁目,茨城交通（株）,"イオン水戸内原〜赤塚駅〜水戸駅, 茨大前〜新原11〜水戸駅, 茨大前〜水高スクエア27〜赤塚, 水戸〜栄町〜水高スクエア〜赤塚, 水戸駅〜新原11〜茨大正門前, 水戸駅〜石川町〜赤塚駅, 水戸駅〜赤塚駅〜河和田団地, 水戸駅〜中丸〜双葉台五丁目, 水戸駅〜中丸・済生会〜双葉台五, 水戸駅〜中丸・済生会〜双葉台二, 水戸駅〜東赤塚〜赤塚駅, 水戸駅北口〜赤塚駅北〜双葉台二, 双葉台五〜赤塚二丁目〜水戸駅, 大足〜赤塚駅北口〜水戸駅北口"
南中丸,茨城交通（株）,"茨大前〜双葉台〜イオン水戸内原, 桜ノ牧高〜済生会〜赤塚駅, 常北高校〜病院〜赤塚駅北口, 水戸駅〜中丸〜双葉台五丁目, 水戸駅〜中丸・済生会〜双葉台五, 水戸駅〜中丸・済生会〜双葉台二, 石塚車庫〜サテライト〜赤塚駅, 石塚車庫〜済生会〜赤塚駅, 双葉台五〜赤塚二丁目〜水戸駅"
大橋際,茨城交通（株）,笠間駅前〜桃山
双葉台団地入口,茨城交通（株）,"イオン水戸内原〜赤塚駅〜水戸駅, 茨大前〜双葉台〜イオン水戸内原, 水戸駅北口〜赤塚駅北〜双葉台二, 赤塚駅北口〜大塚〜双葉台二丁目, 大足〜赤塚駅北口〜水戸駅北口"
東赤塚アパート入口,茨城交通（株）,水戸駅〜東赤塚〜赤塚駅
大成町,ひたちなか市,勝田南コース
常磐小南,茨城交通（株）,茨大前〜常磐小5〜水戸駅
枝川,茨城交通（株）,"茨大前〜水戸駅〜勝田営業所, 茨大前〜水戸駅〜勝田駅前, 茨大前〜水戸駅〜東中根団地, 茨大前〜東海工場前〜勝田営業所, 茨大前営業所〜国道〜東海駅, 勝田駅西口〜市毛〜水戸駅, 水戸駅〜笠松運動公園前, 水戸駅〜国道〜東海駅, 水戸駅〜市毛〜勝田駅〜勝田営業, 水戸駅〜枝川, 水戸駅〜東海工場前〜勝田営業所, 水戸公設市場線"
枝川,ひたちなか市,勝田西コース
東赤塚,茨城交通（株）,水戸駅〜東赤塚〜赤塚駅
八幡宮入口,茨城交通（株）,"水戸市内循環［外周り］, 水戸市内循環［内周り］"
甲の山,茨城交通（株）,笠間駅前〜桃山
自由ケ丘,茨城交通（株）,"イオン水戸内原〜赤塚駅〜水戸駅, 茨大前〜新原11〜水戸駅, 茨大前〜水高スクエア27〜赤塚, 常磐大〜水戸駅, 常磐大〜水戸駅［特急］, 水戸〜栄町〜水高スクエア〜赤塚, 水戸駅〜御殿山〜赤塚駅南口, 水戸駅〜常磐大〜河和田団地, 水戸駅〜新原11〜茨大正門前, 水戸駅〜石川町〜赤塚駅, 水戸駅〜赤塚駅〜河和田団地, 水戸駅〜赤塚駅南口［特急］, 水戸駅〜中丸〜双葉台五丁目, 水戸駅〜中丸・済生会〜双葉台五, 水戸駅〜中丸・済生会〜双葉台二, 水戸駅〜東赤塚〜赤塚駅, 水戸駅北口〜赤塚駅北〜双葉台二, 双葉台五〜赤塚二丁目〜水戸駅, 大足〜赤塚駅北口〜水戸駅北口"
自由ヶ丘,関東鉄道（株）,水戸駅〜常磐大学〜赤塚駅南口
大足火の見下,茨城交通（株）,"イオン水戸内原〜赤塚駅〜水戸駅, 茨大前〜双葉台〜イオン水戸内原, 大足〜赤塚駅北口〜水戸駅北口"
赤塚幼稚園前,茨城交通（株）,"イオン水戸内原〜赤塚駅〜水戸駅, 茨大前〜五中入口〜赤塚駅, 茨大前〜曙町19〜赤塚駅, 茨大前〜水高スクエア27〜赤塚, 茨大前〜双葉台〜イオン水戸内原, 茨大前〜堀原小〜赤塚駅, 水戸〜栄町〜水高スクエア〜赤塚, 水戸駅〜五中入口〜赤塚駅, 水戸駅〜石川町〜赤塚駅, 水戸駅〜赤塚駅〜河和田団地, 水戸駅〜中丸〜双葉台五丁目, 水戸駅〜中丸・済生会〜双葉台五, 水戸駅〜中丸・済生会〜双葉台二, 水戸駅北口〜赤塚駅北〜双葉台二, 大足〜赤塚駅北口〜水戸駅北口"
荒町,茨城交通（株）,笠間駅前〜桃山
勝田病院,ひたちなか市,"勝田中央コース, 勝田南コース"
稲荷神社前,茨城交通（株）,笠間駅前〜芸術の森公園
市営薬師台アパート,ひたちなか市,勝田南コース
栄町二丁目,茨城交通（株）,"モビリティRもてぎ〜水戸駅北口, 阿字ケ浦駅〜茨大前営業所, 茨大前〜FT〜アクア〜那珂湊駅, 茨大前〜アクア〜那珂湊駅, 茨大前〜茨大正門〜栄町〜水戸駅, 茨大前〜栄町12〜水戸駅, 茨大前〜酒門〜常磐の杜, 茨大前〜水戸〜東前〜大串公園, 茨大前〜水戸駅〜アクアワールド, 茨大前〜水戸駅〜勝田営業所, 茨大前〜水戸駅〜勝田駅前, 茨大前〜水戸駅〜大洗〜那珂湊駅, 茨大前〜水戸駅〜東中根団地, 茨大前〜大洗〜FT〜那珂湊駅, 茨大前〜大洗FT, 茨大前〜大野〜平磯中学校下, 茨大前〜東海工場前〜勝田営業所, 茨大前営業所〜国道〜東海駅, 茨大前営業所〜大野〜那珂湊駅, 若宮団地〜茨大前〜水戸NT, 若宮団地〜水戸駅〜渡里GC, 水戸〜栄町〜水高スクエア〜赤塚, 水戸駅〜茨大前〜水戸NT, 水戸駅〜栄町〜水高スクエア, 水戸駅〜栄町〜水農前, 水戸駅〜栄町〜成沢〜石塚車庫, 水戸駅〜栄町〜飯富〜石塚車庫, 水戸駅〜下江戸, 水戸駅〜開江・済生会〜双葉台二, 水戸駅〜五中入口〜赤塚駅, 水戸駅〜常北高校, 水戸駅〜石塚〜御前山車庫, 水戸駅〜石塚車庫〜野口車庫, 水戸駅〜特急〜正門〜茨大前営業, 水戸市内循環［外周り］, 水戸市内循環［内周り］, 石塚車庫〜成沢〜水戸駅, 千波循環, 千波循環文化C経由, 双葉台二〜開江〜水戸駅, 大宮〜那珂西部工業団地〜水戸駅, 大宮営業所〜瓜連〜水戸駅, 渡里GC〜栄町〜水戸駅, 浜田〜水戸駅〜渡里GC, 浜田〜水戸駅〜野口車庫, 浜田営業所〜水戸駅〜御前山車庫, 木の倉循環"
南飯田西,桜川市,南飯田・門毛ルート
池亀,桜川市,平沢・山口ルート
ジャクセン前,ひたちなか市,"勝田中央コース, 勝田南コース"
宮西入口,茨城交通（株）,水戸駅〜東赤塚〜赤塚駅
太郎坂,茨城交通（株）,"水戸市内循環［外周り］, 水戸市内循環［内周り］"
大泉南,桜川市,富谷・大泉ルート
荒町角,茨城交通（株）,"笠間駅前〜芸術の森公園, 笠間駅前〜桃山"
大足,茨城交通（株）,"イオン水戸内原〜赤塚駅〜水戸駅, 茨大前〜双葉台〜イオン水戸内原, 大足〜赤塚駅北口〜水戸駅北口"
笠間稲荷神社入口,茨城交通（株）,笠間益子連絡バス
阿字ヶ浦小学校入口,ひたちなか市,那珂湊コース
日動美術館入口,茨城交通（株）,笠間駅前〜芸術の森公園
施設学校前,茨城交通（株）,勝田駅前〜金上〜那珂湊駅
大塚東,茨城交通（株）,"イオン水戸内原〜赤塚駅〜水戸駅, 水戸駅北口〜赤塚駅北〜双葉台二, 赤塚駅北口〜大塚〜双葉台二丁目, 大足〜赤塚駅北口〜水戸駅北口"
前浜火の見下,茨城交通（株）,那珂湊駅〜十三奉行〜阿字ケ浦駅
東原二丁目,茨城交通（株）,"イオン水戸内原〜赤塚駅〜水戸駅, 茨大前〜常磐小5〜水戸駅, 茨大前〜新原11〜水戸駅, 常磐大〜水戸駅, 水戸駅〜御殿山〜赤塚駅南口, 水戸駅〜常磐大〜河和田団地, 水戸駅〜新原11〜茨大正門前, 水戸駅〜石川町〜赤塚駅, 水戸駅〜赤塚駅〜河和田団地, 水戸駅〜中丸〜双葉台五丁目, 水戸駅〜中丸・済生会〜双葉台五, 水戸駅〜中丸・済生会〜双葉台二, 水戸駅〜東赤塚〜赤塚駅, 水戸駅北口〜赤塚駅北〜双葉台二, 双葉台五〜赤塚二丁目〜水戸駅, 大足〜赤塚駅北口〜水戸駅北口"
東原二丁目,関東鉄道（株）,水戸駅〜常磐大学〜赤塚駅南口
魚市場,茨城交通（株）,阿字ケ浦駅〜茨大前営業所
平沢公民館,桜川市,平沢・山口ルート
大塚池の端,茨城交通（株）,"イオン水戸内原〜赤塚駅〜水戸駅, 水戸駅北口〜赤塚駅北〜双葉台二, 赤塚駅北口〜大塚〜双葉台二丁目, 大足〜赤塚駅北口〜水戸駅北口"
見和町入口,関東鉄道（株）,水戸駅〜常磐大学〜赤塚駅南口
金町三丁目,茨城交通（株）,"水戸市内循環［外周り］, 水戸市内循環［内周り］"
岡田,関東鉄道（株）,水戸駅〜常磐大学〜赤塚駅南口
阿字ケ浦駅,茨城交通（株）,"阿字ケ浦駅〜茨大前営業所, 那珂湊駅〜十三奉行〜阿字ケ浦駅"
阿字ヶ浦駅,ひたちなか市,那珂湊コース
鏡ヶ池前,桜川市,平沢・山口ルート
巡見,茨城交通（株）,"イオン水戸内原〜赤塚駅〜水戸駅, 茨大前〜双葉台〜イオン水戸内原, 桜ノ牧高〜済生会〜赤塚駅, 常北高校〜病院〜赤塚駅北口, 水戸駅〜赤塚駅〜河和田団地, 水戸駅〜中丸〜双葉台五丁目, 水戸駅〜中丸・済生会〜双葉台五, 水戸駅〜中丸・済生会〜双葉台二, 水戸駅北口〜赤塚駅北〜双葉台二, 石塚車庫〜サテライト〜赤塚駅, 石塚車庫〜済生会〜赤塚駅, 赤塚駅北口〜大塚〜双葉台二丁目, 大足〜赤塚駅北口〜水戸駅北口"
前浜,茨城交通（株）,那珂湊駅〜十三奉行〜阿字ケ浦駅
前浜,ひたちなか市,那珂湊コース
東原一丁目,茨城交通（株）,"イオン水戸内原〜赤塚駅〜水戸駅, 茨大前〜常磐小5〜水戸駅, 茨大前〜新原11〜水戸駅, 常磐大〜水戸駅, 水戸駅〜御殿山〜赤塚駅南口, 水戸駅〜常磐大〜河和田団地, 水戸駅〜新原11〜茨大正門前, 水戸駅〜石川町〜赤塚駅, 水戸駅〜赤塚駅〜河和田団地, 水戸駅〜中丸〜双葉台五丁目, 水戸駅〜中丸・済生会〜双葉台五, 水戸駅〜中丸・済生会〜双葉台二, 水戸駅〜東赤塚〜赤塚駅, 水戸駅北口〜赤塚駅北〜双葉台二, 双葉台五〜赤塚二丁目〜水戸駅, 大足〜赤塚駅北口〜水戸駅北口"
東原一丁目,関東鉄道（株）,水戸駅〜常磐大学〜赤塚駅南口
行幸町,茨城交通（株）,"笠間駅前〜芸術の森公園, 笠間駅前〜桃山"
飯岡,茨城交通（株）,笠間駅前〜桃山
枝川郵便局,ひたちなか市,勝田西コース
JAひたちなか,ひたちなか市,勝田南コース
石川町入口,関東鉄道（株）,"けやき台団地〜水戸駅〜大山台住宅〜赤塚駅南口, 東部工業団地〜水戸駅〜大工町〜大山台住宅〜赤塚駅南口, 水戸駅〜大工町〜大山台住宅〜赤塚駅南口, 吉沢車庫〜一里塚〜県福祉会館前〜大山台住宅〜赤塚駅南口, 水戸駅〜芳流橋〜大山台住宅〜赤塚駅南口, 水戸駅〜常磐大学〜赤塚駅南口"
飯綱神社前,茨城交通（株）,水戸駅〜東赤塚〜赤塚駅
水戸気象台下,茨城交通（株）,"水戸駅〜木の倉〜茨大前営業所, 水戸公設市場線, 木の倉循環"
阿字ケ浦,茨城交通（株）,那珂湊駅〜十三奉行〜阿字ケ浦駅
枝川舟付,茨城交通（株）,"茨大前〜水戸駅〜勝田営業所, 茨大前〜水戸駅〜勝田駅前, 茨大前〜水戸駅〜東中根団地, 茨大前〜東海工場前〜勝田営業所, 茨大前営業所〜国道〜東海駅, 勝田駅西口〜市毛〜水戸駅, 水戸駅〜笠松運動公園前, 水戸駅〜国道〜東海駅, 水戸駅〜市毛〜勝田駅〜勝田営業, 水戸駅〜枝川, 水戸駅〜東海工場前〜勝田営業所, 水戸公設市場線"
大平会館,ひたちなか市,勝田南コース
赤塚一丁目,茨城交通（株）,水戸駅〜東赤塚〜赤塚駅
栄町一丁目,茨城交通（株）,"モビリティRもてぎ〜水戸駅北口, 阿字ケ浦駅〜茨大前営業所, 茨大前〜FT〜アクア〜那珂湊駅, 茨大前〜アクア〜那珂湊駅, 茨大前〜茨大正門〜栄町〜水戸駅, 茨大前〜栄町12〜水戸駅, 茨大前〜酒門〜常磐の杜, 茨大前〜水戸〜東前〜大串公園, 茨大前〜水戸駅〜アクアワールド, 茨大前〜水戸駅〜勝田営業所, 茨大前〜水戸駅〜勝田駅前, 茨大前〜水戸駅〜大洗〜那珂湊駅, 茨大前〜水戸駅〜東中根団地, 茨大前〜大洗〜FT〜那珂湊駅, 茨大前〜大洗FT, 茨大前〜大野〜平磯中学校下, 茨大前〜東海工場前〜勝田営業所, 茨大前営業所〜国道〜東海駅, 茨大前営業所〜大野〜那珂湊駅, 若宮団地〜茨大前〜水戸NT, 若宮団地〜水戸駅〜渡里GC, 水戸〜栄町〜水高スクエア〜赤塚, 水戸駅〜茨大前〜水戸NT, 水戸駅〜栄町〜水高スクエア, 水戸駅〜栄町〜水農前, 水戸駅〜栄町〜成沢〜石塚車庫, 水戸駅〜栄町〜飯富〜石塚車庫, 水戸駅〜下江戸, 水戸駅〜開江・済生会〜双葉台二, 水戸駅〜五中入口〜赤塚駅, 水戸駅〜常北高校, 水戸駅〜石塚〜御前山車庫, 水戸駅〜石塚車庫〜野口車庫, 水戸駅〜特急〜正門〜茨大前営業, 水戸市内循環［外周り］, 水戸市内循環［内周り］, 石塚車庫〜成沢〜水戸駅, 千波循環, 千波循環文化C経由, 双葉台二〜開江〜水戸駅, 大宮〜那珂西部工業団地〜水戸駅, 大宮営業所〜瓜連〜水戸駅, 渡里GC〜栄町〜水戸駅, 浜田〜水戸駅〜渡里GC, 浜田〜水戸駅〜野口車庫, 浜田営業所〜水戸駅〜御前山車庫, 木の倉循環"
常磐大学前,茨城交通（株）,"常磐大〜水戸駅, 常磐大〜水戸駅［特急］, 常磐大〜赤塚駅南口, 水戸駅〜御殿山〜赤塚駅南口, 水戸駅〜常磐大〜河和田団地, 水戸駅〜赤塚駅南口［特急］"
常磐大学前,関東鉄道（株）,水戸駅〜常磐大学〜赤塚駅南口
姫子一丁目,関東鉄道（株）,"けやき台団地〜水戸駅〜大山台住宅〜赤塚駅南口, 東部工業団地〜水戸駅〜大工町〜大山台住宅〜赤塚駅南口, 水戸駅〜大工町〜大山台住宅〜赤塚駅南口, 吉沢車庫〜一里塚〜県福祉会館前〜大山台住宅〜赤塚駅南口, 水戸駅〜芳流橋〜大山台住宅〜赤塚駅南口, 水戸駅〜常磐大学〜赤塚駅南口"
磯崎神社前,茨城交通（株）,阿字ケ浦駅〜茨大前営業所
姫子中央,関東鉄道（株）,"けやき台団地〜水戸駅〜大山台住宅〜赤塚駅南口, 東部工業団地〜水戸駅〜大工町〜大山台住宅〜赤塚駅南口, 水戸駅〜大工町〜大山台住宅〜赤塚駅南口, 吉沢車庫〜一里塚〜県福祉会館前〜大山台住宅〜赤塚駅南口, 水戸駅〜芳流橋〜大山台住宅〜赤塚駅南口, 水戸駅〜常磐大学〜赤塚駅南口"
姫子二丁目,関東鉄道（株）,"けやき台団地〜水戸駅〜大山台住宅〜赤塚駅南口, 東部工業団地〜水戸駅〜大工町〜大山台住宅〜赤塚駅南口, 水戸駅〜大工町〜大山台住宅〜赤塚駅南口, 吉沢車庫〜一里塚〜県福祉会館前〜大山台住宅〜赤塚駅南口, 水戸駅〜芳流橋〜大山台住宅〜赤塚駅南口, 水戸駅〜常磐大学〜赤塚駅南口"
赤塚東踏切,関東鉄道（株）,"けやき台団地〜水戸駅〜大山台住宅〜赤塚駅南口, 東部工業団地〜水戸駅〜大工町〜大山台住宅〜赤塚駅南口, 水戸駅〜大工町〜大山台住宅〜赤塚駅南口, 吉沢車庫〜一里塚〜県福祉会館前〜大山台住宅〜赤塚駅南口, 水戸駅〜芳流橋〜大山台住宅〜赤塚駅南口, 水戸駅〜常磐大学〜赤塚駅南口"
大工町三丁目,茨城交通（株）,"イオン水戸内原〜赤塚駅〜水戸駅, 茨大前〜常磐小5〜水戸駅, 茨大前〜新原11〜水戸駅, 常磐大〜水戸駅, 水戸駅〜御殿山〜赤塚駅南口, 水戸駅〜弘道館・偕楽園〜水戸駅, 水戸駅〜常磐大〜河和田団地, 水戸駅〜新原11〜茨大正門前, 水戸駅〜石川町〜赤塚駅, 水戸駅〜赤塚駅〜河和田団地, 水戸駅〜中丸〜双葉台五丁目, 水戸駅〜中丸・済生会〜双葉台五, 水戸駅〜中丸・済生会〜双葉台二, 水戸駅〜東赤塚〜赤塚駅, 水戸駅〜偕楽園〜弘道館〜水戸駅, 水戸駅〜偕楽園〜水戸駅, 水戸駅北口〜赤塚駅北〜双葉台二, 双葉台五〜赤塚二丁目〜水戸駅, 大足〜赤塚駅北口〜水戸駅北口"
大工町三丁目（アダストリアみとアリーナ）,関東鉄道（株）,水戸駅〜常磐大学〜赤塚駅南口
赤塚駅（北口）,茨城交通（株）,"イオン水戸内原〜赤塚駅〜水戸駅, 茨大前〜五中入口〜赤塚駅, 茨大前〜曙町19〜赤塚駅, 茨大前〜水高スクエア27〜赤塚, 茨大前〜双葉台〜イオン水戸内原, 茨大前〜堀原小〜赤塚駅, 桜ノ牧高〜済生会〜赤塚駅, 常北高校〜病院〜赤塚駅北口, 水戸〜栄町〜水高スクエア〜赤塚, 水戸駅〜五中入口〜赤塚駅, 水戸駅〜石川町〜赤塚駅, 水戸駅〜赤塚駅〜河和田団地, 水戸駅〜中丸〜双葉台五丁目, 水戸駅〜中丸・済生会〜双葉台五, 水戸駅〜中丸・済生会〜双葉台二, 水戸駅〜東赤塚〜赤塚駅, 水戸駅北口〜赤塚駅北〜双葉台二, 石塚車庫〜サテライト〜赤塚駅, 石塚車庫〜済生会〜赤塚駅, 赤塚駅北口〜大塚〜双葉台二丁目, 大足〜赤塚駅北口〜水戸駅北口"
磯崎口,茨城交通（株）,阿字ケ浦駅〜茨大前営業所
磯崎口,ひたちなか市,那珂湊コース
ジャクセン南,ひたちなか市,勝田南コース
常磐大学入口,茨城交通（株）,"常磐大〜赤塚駅南口, 水戸駅〜御殿山〜赤塚駅南口, 水戸駅〜常磐大〜河和田団地, 水戸駅〜赤塚駅南口［特急］"
笠間小学校前,茨城交通（株）,笠間駅前〜芸術の森公園
金上駅前,茨城交通（株）,勝田駅前〜金上〜那珂湊駅
金上駅前,ひたちなか市,田彦・金上コース
柴田屋・Hニュー白亜紀入口,ひたちなか市,那珂湊コース
中根小学校西,ひたちなか市,勝田南コース
磯崎灯台下,茨城交通（株）,阿字ケ浦駅〜茨大前営業所
柴田屋前,茨城交通（株）,阿字ケ浦駅〜茨大前営業所
大成女子高前,茨城交通（株）,"水戸市内循環［外周り］, 水戸市内循環［内周り］"
中根小学校,ひたちなか市,勝田南コース
梅が丘小学校前,関東鉄道（株）,"けやき台団地〜水戸駅〜大山台住宅〜赤塚駅南口, 東部工業団地〜水戸駅〜大工町〜大山台住宅〜赤塚駅南口, 水戸駅〜大工町〜大山台住宅〜赤塚駅南口, 吉沢車庫〜一里塚〜県福祉会館前〜大山台住宅〜赤塚駅南口, 水戸駅〜芳流橋〜大山台住宅〜赤塚駅南口"
赤塚駅南口,茨城交通（株）,"常磐大〜赤塚駅南口, 水戸駅〜御殿山〜赤塚駅南口, 水戸駅〜常磐大〜河和田団地, 水戸駅〜赤塚駅南口［特急］, 赤塚駅南口〜桜ノ牧高〜県庁BT, 赤塚駅南口〜桜ノ牧高〜智学館, 赤塚駅南口〜常陸高田, 赤塚駅南口〜谷中〜鯉渕営業所, 赤塚駅南口〜表町〜水戸駅, 赤塚南口〜桜ノ牧高〜水戸医療C"
赤塚駅南口,関東鉄道（株）,"けやき台団地〜水戸駅〜大山台住宅〜赤塚駅南口, 東部工業団地〜水戸駅〜大工町〜大山台住宅〜赤塚駅南口, 水戸駅〜大工町〜大山台住宅〜赤塚駅南口, 吉沢車庫〜一里塚〜県福祉会館前〜大山台住宅〜赤塚駅南口, 水戸駅〜芳流橋〜大山台住宅〜赤塚駅南口, 水戸駅〜常磐大学〜赤塚駅南口"
中原,茨城交通（株）,"イオン水戸内原〜赤塚駅〜水戸駅, 茨大前〜双葉台〜イオン水戸内原"
関内科クリニック,ひたちなか市,田彦・金上コース
大工町二丁目,茨城交通（株）,"イオン水戸内原〜赤塚駅〜水戸駅, 茨大前〜常磐小5〜水戸駅, 茨大前〜新原11〜水戸駅, 鯉渕営業所〜河和田小〜水戸駅, 鯉渕営業所〜桜川団地〜水戸駅, 鯉渕営業所〜表町〜水戸駅, 桜川車庫〜桜川団地〜水戸駅, 桜川車庫〜山房〜表町〜水戸駅, 若宮〜水戸駅〜滝下〜智学館, 若宮団地〜城東水戸駅〜桜川車庫, 常磐大〜水戸駅, 水戸〜桜ノ牧高入口〜水戸医療C, 水戸医療C〜桜ノ牧高入口〜水戸, 水戸駅〜旭台〜友部駅, 水戸駅〜御殿山〜赤塚駅南口, 水戸駅〜弘道館・偕楽園〜水戸駅, 水戸駅〜常磐大〜河和田団地, 水戸駅〜新原11〜茨大正門前, 水戸駅〜清水〜総合運動公園前, 水戸駅〜石川町〜赤塚駅, 水戸駅〜赤塚駅〜河和田団地, 水戸駅〜大内田〜桜川車庫, 水戸駅〜滝下〜桜ノ牧高校, 水戸駅〜中丸〜双葉台五丁目, 水戸駅〜中丸・済生会〜双葉台五, 水戸駅〜中丸・済生会〜双葉台二, 水戸駅〜東赤塚〜赤塚駅, 水戸駅〜偕楽園〜弘道館〜水戸駅, 水戸駅〜偕楽園〜水戸駅, 水戸駅北口〜赤塚駅北〜双葉台二, 赤塚駅南口〜表町〜水戸駅, 双葉台五〜赤塚二丁目〜水戸駅, 大足〜赤塚駅北口〜水戸駅北口, 智学館〜滝下〜水戸駅, 浜田〜城東水戸駅〜桜川車庫, 浜田〜日赤〜桜ノ牧高校, 友部駅〜中央病院〜水戸駅"
大工町二丁目,関東鉄道（株）,水戸駅〜常磐大学〜赤塚駅南口
山口中,桜川市,平沢・山口ルート
東電前,茨城交通（株）,"笠間駅前〜芸術の森公園, 笠間駅前〜桃山"
馬渡荘,ひたちなか市,勝田南コース
飯渕,桜川市,富谷・大泉ルート
緑町歴史館・東町運動公園入口,茨城交通（株）,"水戸駅〜弘道館・偕楽園〜水戸駅, 水戸駅〜偕楽園〜弘道館〜水戸駅, 水戸駅〜偕楽園〜水戸駅"
ハローワーク水戸前,茨城交通（株）,"茨大前〜水戸駅〜勝田営業所, 茨大前〜水戸駅〜勝田駅前, 茨大前〜水戸駅〜東中根団地, 茨大前〜東海工場前〜勝田営業所, 茨大前営業所〜国道〜東海駅, 勝田駅西口〜市毛〜水戸駅, 水戸駅〜笠松運動公園前, 水戸駅〜国道〜東海駅, 水戸駅〜市毛〜勝田駅〜勝田営業, 水戸駅〜枝川, 水戸駅〜東海工場前〜勝田営業所, 水戸公設市場線"
水戸芸術館・志村病院前,茨城交通（株）,"水戸市内循環［外周り］, 水戸市内循環［内周り］"
第一自動車学校前,茨城交通（株）,"常磐大〜赤塚駅南口, 水戸駅〜御殿山〜赤塚駅南口, 水戸駅〜常磐大〜河和田団地, 水戸駅〜赤塚駅南口［特急］"
山口下,桜川市,平沢・山口ルート
石塚街道,茨城交通（株）,"イオン水戸内原〜赤塚駅〜水戸駅, 茨大前〜双葉台〜イオン水戸内原"
磯崎郵便局,ひたちなか市,那珂湊コース
市立中央図書館・博物館前,茨城交通（株）,"水戸駅〜弘道館・偕楽園〜水戸駅, 水戸駅〜木の倉〜茨大前営業所, 水戸公設市場線, 木の倉循環"
大工町（水戸市）,茨城交通（株）,"イオン水戸内原〜赤塚駅〜水戸駅, モビリティRもてぎ〜水戸駅北口, 阿字ケ浦駅〜茨大前営業所, 茨大前〜FT〜アクア〜那珂湊駅, 茨大前〜アクア〜那珂湊駅, 茨大前〜茨大正門〜栄町〜水戸駅, 茨大前〜栄町12〜水戸駅, 茨大前〜酒門〜常磐の杜, 茨大前〜常磐小5〜水戸駅, 茨大前〜新原11〜水戸駅, 茨大前〜水戸〜東前〜大串公園, 茨大前〜水戸駅〜アクアワールド, 茨大前〜水戸駅〜勝田営業所, 茨大前〜水戸駅〜勝田駅前, 茨大前〜水戸駅〜大洗〜那珂湊駅, 茨大前〜水戸駅〜東中根団地, 茨大前〜大洗〜FT〜那珂湊駅, 茨大前〜大洗FT, 茨大前〜大野〜平磯中学校下, 茨大前〜東海工場前〜勝田営業所, 茨大前営業所〜国道〜東海駅, 茨大前営業所〜大野〜那珂湊駅, 鯉渕営業所〜河和田小〜水戸駅, 鯉渕営業所〜桜川団地〜水戸駅, 鯉渕営業所〜表町〜水戸駅, 桜川車庫〜桜川団地〜水戸駅, 桜川車庫〜山房〜表町〜水戸駅, 若宮〜水戸駅〜滝下〜智学館, 若宮団地〜茨大前〜水戸NT, 若宮団地〜城東水戸駅〜桜川車庫, 若宮団地〜水戸駅〜渡里GC, 常磐大〜水戸駅, 水戸〜栄町〜水高スクエア〜赤塚, 水戸〜桜ノ牧高入口〜水戸医療C, 水戸医療C〜桜ノ牧高入口〜水戸, 水戸駅〜旭台〜友部駅, 水戸駅〜茨大前〜水戸NT, 水戸駅〜栄町〜水高スクエア, 水戸駅〜栄町〜水農前, 水戸駅〜栄町〜成沢〜石塚車庫, 水戸駅〜栄町〜飯富〜石塚車庫, 水戸駅〜下江戸, 水戸駅〜開江・済生会〜双葉台二, 水戸駅〜五中入口〜赤塚駅, 水戸駅〜御殿山〜赤塚駅南口, 水戸駅〜弘道館・偕楽園〜水戸駅, 水戸駅〜常磐大〜河和田団地, 水戸駅〜常北高校, 水戸駅〜新原11〜茨大正門前, 水戸駅〜清水〜総合運動公園前, 水戸駅〜石川町〜赤塚駅, 水戸駅〜石塚〜御前山車庫, 水戸駅〜石塚車庫〜野口車庫, 水戸駅〜赤塚駅〜河和田団地, 水戸駅〜大内田〜桜川車庫, 水戸駅〜滝下〜桜ノ牧高校, 水戸駅〜中丸〜双葉台五丁目, 水戸駅〜中丸・済生会〜双葉台五, 水戸駅〜中丸・済生会〜双葉台二, 水戸駅〜東赤塚〜赤塚駅, 水戸駅〜偕楽園〜弘道館〜水戸駅, 水戸駅〜偕楽園〜水戸駅, 水戸駅北口〜赤塚駅北〜双葉台二, 水戸市内循環［外周り］, 水戸市内循環［内周り］, 石塚車庫〜成沢〜水戸駅, 赤塚駅南口〜表町〜水戸駅, 千波循環, 千波循環文化C経由, 双葉台五〜赤塚二丁目〜水戸駅, 双葉台二〜開江〜水戸駅, 大宮〜那珂西部工業団地〜水戸駅, 大宮営業所〜瓜連〜水戸駅, 大足〜赤塚駅北口〜水戸駅北口, 智学館〜滝下〜水戸駅, 渡里GC〜栄町〜水戸駅, 浜田〜城東水戸駅〜桜川車庫, 浜田〜水戸駅〜渡里GC, 浜田〜水戸駅〜野口車庫, 浜田〜日赤〜桜ノ牧高校, 浜田営業所〜水戸駅〜御前山車庫, 木の倉循環, 友部駅〜中央病院〜水戸駅"
大工町,関東鉄道（株）,"県自動車学校〜平須・大工町・水戸駅・三高下〜運転免許センター, 茨城町役場〜矢頭・台町・三高下・水戸駅〜県庁バスターミナル, 県自動車学校〜台町・三高下・水戸駅〜県庁バスターミナル, 吉沢車庫〜台町・三高下・水戸駅・平須〜県自動車学校, 吉沢車庫〜台町・三高下・水戸駅・千波〜県庁バスターミナル, けやき台団地〜竹隈町・水戸駅・大工町・ときわ台団地〜大山台住, 東部工業団地〜竹隅町・水戸駅・大工町〜県庁バスターミナル, 東部工業団地〜竹隈町・水戸駅・大工町・ときわ台団地〜大山台住, けやき台団地〜水戸駅〜大山台住宅〜赤塚駅南口, 東部工業団地〜水戸駅〜大工町〜大山台住宅〜赤塚駅南口, 水戸駅〜大工町〜大山台住宅〜赤塚駅南口, けやき台団地〜太刀洗〜水戸駅〜大工町〜偕楽園, 石岡車庫〜石岡駅・堅倉・奥ノ谷・千波・大工町〜水戸駅, 水戸駅〜大工町・千波・奥ノ谷・堅倉〜石岡駅, 堅倉〜奥ノ谷・平須・千波・大工町〜水戸駅, 水戸駅〜大工町・千波・平須〜奥ノ谷坂上, 県庁バスターミナル〜千波・大工町〜水戸駅, 水戸駅〜大工町・千波・寿小学校前〜水戸医療センター, 水戸医療センター〜寿小前・水戸駅・市役所前・台町〜吉沢車庫, 水戸駅〜千波坂上・千波〜茨城町役場, 県自校〜みなみ団地・市役所・水戸駅・木工団地〜市立競技場, 県自校〜みなみ団地・市役所・水戸駅・木工団地〜植物公園, 水戸駅〜大工町・千波・木工団地前〜植物公園, 市立競技場〜木工団地前・千波・大工町〜水戸駅, 偕楽園〜水戸駅・後川・長堀・畑中・払沢・舟付坂上〜水戸駅, 偕楽園〜水戸駅・長堀・畑中・払沢・水戸駅〜偕楽園, 県自校〜南平台団地前・県庁BT・長堀・水戸駅〜偕楽園, 県自動車学校〜平須・大工町〜水戸駅, 水戸駅〜大工町〜偕楽園, 運転免許センター〜矢頭・台町・水戸駅・大工町〜県自動車学校, 県自動車学校〜台町〜水戸駅〜大工町〜県自動車学校, 水戸駅〜常磐大学〜赤塚駅南口"
大工町,関鉄グリーンバス（株）,"茨城空港〜奥ノ谷〜水戸駅, 水戸駅〜海老沢〜役場〜鉾田駅, 水戸駅〜大工町〜奥ノ谷坂上, 水戸駅〜大和田〜鉾田駅, 水戸駅〜町役場（関鉄グリーン）"
姫子一丁目南,関東鉄道（株）,"けやき台団地〜水戸駅〜大山台住宅〜赤塚駅南口, 東部工業団地〜水戸駅〜大工町〜大山台住宅〜赤塚駅南口, 水戸駅〜大工町〜大山台住宅〜赤塚駅南口, 吉沢車庫〜一里塚〜県福祉会館前〜大山台住宅〜赤塚駅南口, 水戸駅〜芳流橋〜大山台住宅〜赤塚駅南口"
水府町,茨城交通（株）,"茨大前〜水戸駅〜勝田営業所, 茨大前〜水戸駅〜勝田駅前, 茨大前〜水戸駅〜東中根団地, 茨大前〜東海工場前〜勝田営業所, 茨大前営業所〜国道〜東海駅, 勝田駅西口〜市毛〜水戸駅, 水戸駅〜笠松運動公園前, 水戸駅〜国道〜東海駅, 水戸駅〜市毛〜勝田駅〜勝田営業, 水戸駅〜枝川, 水戸駅〜東海工場前〜勝田営業所, 水戸公設市場線"
大和田,茨城交通（株）,笠間駅前〜芸術の森公園
勝倉台,ひたちなか市,田彦・金上コース
姫子二丁目,茨城交通（株）,"常磐大〜赤塚駅南口, 水戸駅〜御殿山〜赤塚駅南口, 水戸駅〜常磐大〜河和田団地, 水戸駅〜赤塚駅南口［特急］, 赤塚駅南口〜桜ノ牧高〜県庁BT, 赤塚駅南口〜桜ノ牧高〜智学館, 赤塚駅南口〜常陸高田, 赤塚駅南口〜谷中〜鯉渕営業所, 赤塚駅南口〜表町〜水戸駅, 赤塚南口〜桜ノ牧高〜水戸医療C"
河和田一丁目,茨城交通（株）,"水戸駅〜常磐大〜河和田団地, 水戸駅〜赤塚駅〜河和田団地"
泉町三丁目,茨城交通（株）,"イオン水戸内原〜赤塚駅〜水戸駅, モビリティRもてぎ〜水戸駅北口, 阿字ケ浦駅〜茨大前営業所, 茨大前〜FT〜アクア〜那珂湊駅, 茨大前〜アクア〜那珂湊駅, 茨大前〜茨大正門〜栄町〜水戸駅, 茨大前〜栄町12〜水戸駅, 茨大前〜酒門〜常磐の杜, 茨大前〜常磐小5〜水戸駅, 茨大前〜新原11〜水戸駅, 茨大前〜水戸〜東前〜大串公園, 茨大前〜水戸駅〜アクアワールド, 茨大前〜水戸駅〜勝田営業所, 茨大前〜水戸駅〜勝田駅前, 茨大前〜水戸駅〜大洗〜那珂湊駅, 茨大前〜水戸駅〜東中根団地, 茨大前〜大洗〜FT〜那珂湊駅, 茨大前〜大洗FT, 茨大前〜大野〜平磯中学校下, 茨大前〜東海工場前〜勝田営業所, 茨大前営業所〜国道〜東海駅, 茨大前営業所〜大野〜那珂湊駅, 鯉渕営業所〜河和田小〜水戸駅, 鯉渕営業所〜桜川団地〜水戸駅, 鯉渕営業所〜表町〜水戸駅, 桜川車庫〜桜川団地〜水戸駅, 桜川車庫〜山房〜表町〜水戸駅, 若宮〜水戸駅〜滝下〜智学館, 若宮団地〜茨大前〜水戸NT, 若宮団地〜城東水戸駅〜桜川車庫, 若宮団地〜水戸駅〜渡里GC, 常磐大〜水戸駅, 水戸〜栄町〜水高スクエア〜赤塚, 水戸〜桜ノ牧高入口〜水戸医療C, 水戸医療C〜桜ノ牧高入口〜水戸, 水戸駅〜旭台〜友部駅, 水戸駅〜茨大前〜水戸NT, 水戸駅〜栄町〜水高スクエア, 水戸駅〜栄町〜水農前, 水戸駅〜栄町〜成沢〜石塚車庫, 水戸駅〜栄町〜飯富〜石塚車庫, 水戸駅〜下江戸, 水戸駅〜開江・済生会〜双葉台二, 水戸駅〜五中入口〜赤塚駅, 水戸駅〜御殿山〜赤塚駅南口, 水戸駅〜弘道館・偕楽園〜水戸駅, 水戸駅〜常磐大〜河和田団地, 水戸駅〜常北高校, 水戸駅〜新原11〜茨大正門前, 水戸駅〜清水〜総合運動公園前, 水戸駅〜石川町〜赤塚駅, 水戸駅〜石塚〜御前山車庫, 水戸駅〜石塚車庫〜野口車庫, 水戸駅〜赤塚駅〜河和田団地, 水戸駅〜大内田〜桜川車庫, 水戸駅〜滝下〜桜ノ牧高校, 水戸駅〜中丸〜双葉台五丁目, 水戸駅〜中丸・済生会〜双葉台五, 水戸駅〜中丸・済生会〜双葉台二, 水戸駅〜東赤塚〜赤塚駅, 水戸駅〜偕楽園〜弘道館〜水戸駅, 水戸駅〜偕楽園〜水戸駅, 水戸駅北口〜赤塚駅北〜双葉台二, 水戸市内循環［外周り］, 水戸市内循環［内周り］, 石塚車庫〜成沢〜水戸駅, 赤塚駅南口〜表町〜水戸駅, 千波循環, 千波循環文化C経由, 双葉台五〜赤塚二丁目〜水戸駅, 双葉台二〜開江〜水戸駅, 大宮〜那珂西部工業団地〜水戸駅, 大宮営業所〜瓜連〜水戸駅, 大足〜赤塚駅北口〜水戸駅北口, 智学館〜滝下〜水戸駅, 渡里GC〜栄町〜水戸駅, 浜田〜城東水戸駅〜桜川車庫, 浜田〜水戸駅〜渡里GC, 浜田〜水戸駅〜野口車庫, 浜田〜日赤〜桜ノ牧高校, 浜田営業所〜水戸駅〜御前山車庫, 木の倉循環, 友部駅〜中央病院〜水戸駅"
泉町三丁目,関東鉄道（株）,"県自動車学校〜平須・大工町・水戸駅・三高下〜運転免許センター, 茨城町役場〜矢頭・台町・三高下・水戸駅〜県庁バスターミナル, 県自動車学校〜台町・三高下・水戸駅〜県庁バスターミナル, 吉沢車庫〜台町・三高下・水戸駅・平須〜県自動車学校, 吉沢車庫〜台町・三高下・水戸駅・千波〜県庁バスターミナル, けやき台団地〜竹隈町・水戸駅・大工町・ときわ台団地〜大山台住, 東部工業団地〜竹隅町・水戸駅・大工町〜県庁バスターミナル, 東部工業団地〜竹隈町・水戸駅・大工町・ときわ台団地〜大山台住, けやき台団地〜水戸駅〜大山台住宅〜赤塚駅南口, 東部工業団地〜水戸駅〜大工町〜大山台住宅〜赤塚駅南口, 水戸駅〜大工町〜大山台住宅〜赤塚駅南口, けやき台団地〜太刀洗〜水戸駅〜大工町〜偕楽園, 石岡車庫〜石岡駅・堅倉・奥ノ谷・千波・大工町〜水戸駅, 水戸駅〜大工町・千波・奥ノ谷・堅倉〜石岡駅, 堅倉〜奥ノ谷・平須・千波・大工町〜水戸駅, 水戸駅〜大工町・千波・平須〜奥ノ谷坂上, 県庁バスターミナル〜千波・大工町〜水戸駅, 水戸駅〜大工町・千波・寿小学校前〜水戸医療センター, 水戸医療センター〜寿小前・水戸駅・市役所前・台町〜吉沢車庫, 水戸駅〜千波坂上・千波〜茨城町役場, 県自校〜みなみ団地・市役所・水戸駅・木工団地〜市立競技場, 県自校〜みなみ団地・市役所・水戸駅・木工団地〜植物公園, 水戸駅〜大工町・千波・木工団地前〜植物公園, 市立競技場〜木工団地前・千波・大工町〜水戸駅, 偕楽園〜水戸駅・後川・長堀・畑中・払沢・舟付坂上〜水戸駅, 偕楽園〜水戸駅・長堀・畑中・払沢・水戸駅〜偕楽園, 県自校〜南平台団地前・県庁BT・長堀・水戸駅〜偕楽園, 県自動車学校〜平須・大工町〜水戸駅, 水戸駅〜大工町〜偕楽園, 運転免許センター〜矢頭・台町・水戸駅・大工町〜県自動車学校, 県自動車学校〜台町〜水戸駅〜大工町〜県自動車学校, 水戸駅〜常磐大学〜赤塚駅南口"
泉町三丁目,関鉄グリーンバス（株）,"茨城空港〜奥ノ谷〜水戸駅, 水戸駅〜海老沢〜役場〜鉾田駅, 水戸駅〜大工町〜奥ノ谷坂上, 水戸駅〜大和田〜鉾田駅, 水戸駅〜町役場（関鉄グリーン）"
信願寺前,茨城交通（株）,"鯉渕営業所〜河和田小〜水戸駅, 鯉渕営業所〜桜川団地〜水戸駅, 鯉渕営業所〜表町〜水戸駅, 桜川車庫〜桜川団地〜水戸駅, 桜川車庫〜山房〜表町〜水戸駅, 若宮〜水戸駅〜滝下〜智学館, 若宮団地〜城東水戸駅〜桜川車庫, 水戸〜桜ノ牧高入口〜水戸医療C, 水戸医療C〜桜ノ牧高入口〜水戸, 水戸駅〜旭台〜友部駅, 水戸駅〜清水〜総合運動公園前, 水戸駅〜大内田〜桜川車庫, 水戸駅〜滝下〜桜ノ牧高校, 赤塚駅南口〜表町〜水戸駅, 智学館〜滝下〜水戸駅, 浜田〜城東水戸駅〜桜川車庫, 浜田〜日赤〜桜ノ牧高校, 友部駅〜中央病院〜水戸駅"
表町入口,茨城交通（株）,"常磐大〜赤塚駅南口, 水戸駅〜御殿山〜赤塚駅南口, 水戸駅〜常磐大〜河和田団地, 水戸駅〜赤塚駅南口［特急］"
雷神前（水戸）,茨城交通（株）,"水戸駅〜弘道館・偕楽園〜水戸駅, 水戸駅〜偕楽園〜弘道館〜水戸駅, 水戸駅〜偕楽園〜水戸駅"
雷神前,関東鉄道（株）,"県自動車学校〜平須・大工町・水戸駅・三高下〜運転免許センター, 茨城町役場〜矢頭・台町・三高下・水戸駅〜県庁バスターミナル, 県自動車学校〜台町・三高下・水戸駅〜県庁バスターミナル, 吉沢車庫〜台町・三高下・水戸駅・平須〜県自動車学校, 吉沢車庫〜台町・三高下・水戸駅・千波〜県庁バスターミナル, けやき台団地〜竹隈町・水戸駅・大工町・ときわ台団地〜大山台住, 東部工業団地〜竹隅町・水戸駅・大工町〜県庁バスターミナル, 東部工業団地〜竹隈町・水戸駅・大工町・ときわ台団地〜大山台住, けやき台団地〜水戸駅〜大山台住宅〜赤塚駅南口, 東部工業団地〜水戸駅〜大工町〜大山台住宅〜赤塚駅南口, 水戸駅〜大工町〜大山台住宅〜赤塚駅南口, けやき台団地〜太刀洗〜水戸駅〜大工町〜偕楽園, 石岡車庫〜石岡駅・堅倉・奥ノ谷・千波・大工町〜水戸駅, 水戸駅〜大工町・千波・奥ノ谷・堅倉〜石岡駅, 堅倉〜奥ノ谷・平須・千波・大工町〜水戸駅, 水戸駅〜大工町・千波・平須〜奥ノ谷坂上, 県庁バスターミナル〜千波・大工町〜水戸駅, 水戸駅〜大工町・千波・寿小学校前〜水戸医療センター, 水戸医療センター〜寿小前・水戸駅・市役所前・台町〜吉沢車庫, 水戸駅〜千波坂上・千波〜茨城町役場, 県自校〜みなみ団地・市役所・水戸駅・木工団地〜市立競技場, 県自校〜みなみ団地・市役所・水戸駅・木工団地〜植物公園, 水戸駅〜大工町・千波・木工団地前〜植物公園, 市立競技場〜木工団地前・千波・大工町〜水戸駅, 偕楽園〜水戸駅・後川・長堀・畑中・払沢・舟付坂上〜水戸駅, 偕楽園〜水戸駅・長堀・畑中・払沢・水戸駅〜偕楽園, 県自校〜南平台団地前・県庁BT・長堀・水戸駅〜偕楽園, 県自動車学校〜平須・大工町〜水戸駅, 水戸駅〜大工町〜偕楽園, 運転免許センター〜矢頭・台町・水戸駅・大工町〜県自動車学校, 県自動車学校〜台町〜水戸駅〜大工町〜県自動車学校"
雷神前,関鉄グリーンバス（株）,"茨城空港〜奥ノ谷〜水戸駅, 水戸駅〜海老沢〜役場〜鉾田駅, 水戸駅〜大工町〜奥ノ谷坂上, 水戸駅〜大和田〜鉾田駅, 水戸駅〜町役場（関鉄グリーン）"
大平（勝田）,茨城交通（株）,勝田駅前〜金上〜那珂湊駅
大平,ひたちなか市,田彦・金上コース
高校入口（笠間）,茨城交通（株）,"笠間駅前〜芸術の森公園, 笠間駅前〜桃山"
NTT茨城支店,茨城交通（株）,"水戸市内循環［外周り］, 水戸市内循環［内周り］"
杉崎十字路,茨城交通（株）,"イオン水戸内原〜赤塚駅〜水戸駅, 茨大前〜双葉台〜イオン水戸内原"
青少年会館前,茨城交通（株）,"水戸駅〜弘道館・偕楽園〜水戸駅, 水戸駅〜偕楽園〜弘道館〜水戸駅, 水戸駅〜偕楽園〜水戸駅"
山口入口,桜川市,平沢・山口ルート
部田野交差点・広域斎場入口,ひたちなか市,勝田南コース
亀岡農村集落センター入口,桜川市,平沢・山口ルート
勝倉小学校,ひたちなか市,田彦・金上コース
岩間街道口,茨城交通（株）,"常磐大〜赤塚駅南口, 水戸駅〜御殿山〜赤塚駅南口, 水戸駅〜常磐大〜河和田団地, 水戸駅〜赤塚駅南口［特急］"
磯崎小学校入口,茨城交通（株）,阿字ケ浦駅〜茨大前営業所
中里,桜川市,南飯田・門毛ルート
市民プール入口（水戸市）,茨城交通（株）,"茨大前〜水戸駅〜勝田営業所, 茨大前〜水戸駅〜勝田駅前, 茨大前〜水戸駅〜東中根団地, 茨大前〜東海工場前〜勝田営業所, 茨大前営業所〜国道〜東海駅, 勝田駅西口〜市毛〜水戸駅, 水戸駅〜笠松運動公園前, 水戸駅〜国道〜東海駅, 水戸駅〜市毛〜勝田駅〜勝田営業, 水戸駅〜枝川, 水戸駅〜東海工場前〜勝田営業所, 水戸公設市場線"
泉町一丁目,茨城交通（株）,"イオン水戸内原〜赤塚駅〜水戸駅, モビリティRもてぎ〜水戸駅北口, 阿字ケ浦駅〜茨大前営業所, 茨大前〜FT〜アクア〜那珂湊駅, 茨大前〜アクア〜那珂湊駅, 茨大前〜茨大正門〜栄町〜水戸駅, 茨大前〜栄町12〜水戸駅, 茨大前〜酒門〜常磐の杜, 茨大前〜常磐小5〜水戸駅, 茨大前〜新原11〜水戸駅, 茨大前〜水戸〜東前〜大串公園, 茨大前〜水戸駅〜アクアワールド, 茨大前〜水戸駅〜勝田営業所, 茨大前〜水戸駅〜勝田駅前, 茨大前〜水戸駅〜大洗〜那珂湊駅, 茨大前〜水戸駅〜東中根団地, 茨大前〜大洗〜FT〜那珂湊駅, 茨大前〜大洗FT, 茨大前〜大野〜平磯中学校下, 茨大前〜東海工場前〜勝田営業所, 茨大前営業所〜国道〜東海駅, 茨大前営業所〜大野〜那珂湊駅, 鯉渕営業所〜河和田小〜水戸駅, 鯉渕営業所〜桜川団地〜水戸駅, 鯉渕営業所〜表町〜水戸駅, 桜川車庫〜桜川団地〜水戸駅, 桜川車庫〜山房〜表町〜水戸駅, 若宮〜水戸駅〜滝下〜智学館, 若宮団地〜茨大前〜水戸NT, 若宮団地〜城東水戸駅〜桜川車庫, 若宮団地〜水戸駅〜渡里GC, 常磐大〜水戸駅, 水戸〜栄町〜水高スクエア〜赤塚, 水戸〜桜ノ牧高入口〜水戸医療C, 水戸医療C〜桜ノ牧高入口〜水戸, 水戸駅〜旭台〜友部駅, 水戸駅〜茨大前〜水戸NT, 水戸駅〜栄町〜水高スクエア, 水戸駅〜栄町〜水農前, 水戸駅〜栄町〜成沢〜石塚車庫, 水戸駅〜栄町〜飯富〜石塚車庫, 水戸駅〜下江戸, 水戸駅〜開江・済生会〜双葉台二, 水戸駅〜五中入口〜赤塚駅, 水戸駅〜御殿山〜赤塚駅南口, 水戸駅〜弘道館・偕楽園〜水戸駅, 水戸駅〜常磐大〜河和田団地, 水戸駅〜常北高校, 水戸駅〜新原11〜茨大正門前, 水戸駅〜清水〜総合運動公園前, 水戸駅〜石川町〜赤塚駅, 水戸駅〜石塚〜御前山車庫, 水戸駅〜石塚車庫〜野口車庫, 水戸駅〜赤塚駅〜河和田団地, 水戸駅〜大内田〜桜川車庫, 水戸駅〜滝下〜桜ノ牧高校, 水戸駅〜中丸〜双葉台五丁目, 水戸駅〜中丸・済生会〜双葉台五, 水戸駅〜中丸・済生会〜双葉台二, 水戸駅〜東赤塚〜赤塚駅, 水戸駅〜偕楽園〜弘道館〜水戸駅, 水戸駅〜偕楽園〜水戸駅, 水戸駅北口〜赤塚駅北〜双葉台二, 水戸市内循環［外周り］, 水戸市内循環［内周り］, 石塚車庫〜成沢〜水戸駅, 赤塚駅南口〜表町〜水戸駅, 千波循環, 千波循環文化C経由, 双葉台五〜赤塚二丁目〜水戸駅, 双葉台二〜開江〜水戸駅, 大宮〜那珂西部工業団地〜水戸駅, 大宮営業所〜瓜連〜水戸駅, 大足〜赤塚駅北口〜水戸駅北口, 智学館〜滝下〜水戸駅, 渡里GC〜栄町〜水戸駅, 浜田〜城東水戸駅〜桜川車庫, 浜田〜水戸駅〜渡里GC, 浜田〜水戸駅〜野口車庫, 浜田〜日赤〜桜ノ牧高校, 浜田営業所〜水戸駅〜御前山車庫, 木の倉循環, 友部駅〜中央病院〜水戸駅"
泉町一丁目,関東鉄道（株）,"県自動車学校〜平須・大工町・水戸駅・三高下〜運転免許センター, 茨城町役場〜矢頭・台町・三高下・水戸駅〜県庁バスターミナル, 県自動車学校〜台町・三高下・水戸駅〜県庁バスターミナル, 吉沢車庫〜台町・三高下・水戸駅・平須〜県自動車学校, 吉沢車庫〜台町・三高下・水戸駅・千波〜県庁バスターミナル, けやき台団地〜竹隈町・水戸駅・大工町・ときわ台団地〜大山台住, 東部工業団地〜竹隅町・水戸駅・大工町〜県庁バスターミナル, 東部工業団地〜竹隈町・水戸駅・大工町・ときわ台団地〜大山台住, けやき台団地〜水戸駅〜大山台住宅〜赤塚駅南口, 東部工業団地〜水戸駅〜大工町〜大山台住宅〜赤塚駅南口, 水戸駅〜大工町〜大山台住宅〜赤塚駅南口, けやき台団地〜太刀洗〜水戸駅〜大工町〜偕楽園, 石岡車庫〜石岡駅・堅倉・奥ノ谷・千波・大工町〜水戸駅, 水戸駅〜大工町・千波・奥ノ谷・堅倉〜石岡駅, 堅倉〜奥ノ谷・平須・千波・大工町〜水戸駅, 水戸駅〜大工町・千波・平須〜奥ノ谷坂上, 県庁バスターミナル〜千波・大工町〜水戸駅, 水戸駅〜大工町・千波・寿小学校前〜水戸医療センター, 水戸医療センター〜寿小前・水戸駅・市役所前・台町〜吉沢車庫, 水戸駅〜千波坂上・千波〜茨城町役場, 県自校〜みなみ団地・市役所・水戸駅・木工団地〜市立競技場, 県自校〜みなみ団地・市役所・水戸駅・木工団地〜植物公園, 水戸駅〜大工町・千波・木工団地前〜植物公園, 市立競技場〜木工団地前・千波・大工町〜水戸駅, 偕楽園〜水戸駅・後川・長堀・畑中・払沢・舟付坂上〜水戸駅, 偕楽園〜水戸駅・長堀・畑中・払沢・水戸駅〜偕楽園, 県自校〜南平台団地前・県庁BT・長堀・水戸駅〜偕楽園, 県自動車学校〜平須・大工町〜水戸駅, 水戸駅〜大工町〜偕楽園, 運転免許センター〜矢頭・台町・水戸駅・大工町〜県自動車学校, 県自動車学校〜台町〜水戸駅〜大工町〜県自動車学校, 水戸駅〜常磐大学〜赤塚駅南口"
泉町一丁目,関鉄グリーンバス（株）,"茨城空港〜奥ノ谷〜水戸駅, 水戸駅〜海老沢〜役場〜鉾田駅, 水戸駅〜大工町〜奥ノ谷坂上, 水戸駅〜大和田〜鉾田駅, 水戸駅〜町役場（関鉄グリーン）"
会神原アパート入口,茨城交通（株）,"常磐大〜赤塚駅南口, 水戸駅〜御殿山〜赤塚駅南口, 水戸駅〜常磐大〜河和田団地, 水戸駅〜赤塚駅南口［特急］"
名城内入口,茨城交通（株）,"水戸駅〜常磐大〜河和田団地, 水戸駅〜赤塚駅〜河和田団地"
歴史館偕楽園入口,茨城交通（株）,"鯉渕営業所〜河和田小〜水戸駅, 鯉渕営業所〜桜川団地〜水戸駅, 鯉渕営業所〜表町〜水戸駅, 桜川車庫〜桜川団地〜水戸駅, 桜川車庫〜山房〜表町〜水戸駅, 若宮〜水戸駅〜滝下〜智学館, 若宮団地〜城東水戸駅〜桜川車庫, 水戸〜桜ノ牧高入口〜水戸医療C, 水戸医療C〜桜ノ牧高入口〜水戸, 水戸駅〜旭台〜友部駅, 水戸駅〜清水〜総合運動公園前, 水戸駅〜大内田〜桜川車庫, 水戸駅〜滝下〜桜ノ牧高校, 赤塚駅南口〜表町〜水戸駅, 智学館〜滝下〜水戸駅, 浜田〜城東水戸駅〜桜川車庫, 浜田〜日赤〜桜ノ牧高校, 友部駅〜中央病院〜水戸駅"
飯合,茨城交通（株）,笠間駅前〜桃山
水戸二高前,茨城交通（株）,"水戸市内循環［外周り］, 水戸市内循環［内周り］"
磯崎駅,ひたちなか市,那珂湊コース
南町角,茨城交通（株）,"水戸駅〜弘道館・偕楽園〜水戸駅, 水戸駅〜木の倉〜茨大前営業所, 水戸公設市場線, 木の倉循環"
中根消防コミュニティセンター,ひたちなか市,勝田南コース
久原,桜川市,富谷・大泉ルート
小塩,桜川市,平沢・山口ルート
好文亭表門入口,茨城交通（株）,"水戸駅〜弘道館・偕楽園〜水戸駅, 水戸駅〜偕楽園〜弘道館〜水戸駅, 水戸駅〜偕楽園〜水戸駅"
高天原,茨城交通（株）,"常磐大〜赤塚駅南口, 水戸駅〜御殿山〜赤塚駅南口, 水戸駅〜常磐大〜河和田団地, 水戸駅〜赤塚駅南口［特急］, 赤塚駅南口〜桜ノ牧高〜県庁BT, 赤塚駅南口〜桜ノ牧高〜智学館, 赤塚駅南口〜常陸高田, 赤塚駅南口〜谷中〜鯉渕営業所, 赤塚駅南口〜表町〜水戸駅, 赤塚南口〜桜ノ牧高〜水戸医療C"
御殿山団地（水戸市）,茨城交通（株）,"常磐大〜赤塚駅南口, 水戸駅〜御殿山〜赤塚駅南口, 水戸駅〜常磐大〜河和田団地, 水戸駅〜赤塚駅南口［特急］"
福崎,桜川市,平沢・山口ルート
変電所前（笠間市）,茨城交通（株）,"笠間駅前〜芸術の森公園, 笠間駅前〜桃山"
水戸税務署前,茨城交通（株）,"水戸駅〜弘道館・偕楽園〜水戸駅, 水戸駅〜偕楽園〜弘道館〜水戸駅"
見和図書館,関東鉄道（株）,"けやき台団地〜水戸駅〜大山台住宅〜赤塚駅南口, 東部工業団地〜水戸駅〜大工町〜大山台住宅〜赤塚駅南口, 水戸駅〜大工町〜大山台住宅〜赤塚駅南口, 吉沢車庫〜一里塚〜県福祉会館前〜大山台住宅〜赤塚駅南口, 水戸駅〜芳流橋〜大山台住宅〜赤塚駅南口"
南町三丁目,茨城交通（株）,"イオン水戸内原〜赤塚駅〜水戸駅, モビリティRもてぎ〜水戸駅北口, 阿字ケ浦駅〜茨大前営業所, 茨大前〜FT〜アクア〜那珂湊駅, 茨大前〜アクア〜那珂湊駅, 茨大前〜茨大正門〜栄町〜水戸駅, 茨大前〜栄町12〜水戸駅, 茨大前〜酒門〜常磐の杜, 茨大前〜常磐小5〜水戸駅, 茨大前〜新原11〜水戸駅, 茨大前〜水戸〜東前〜大串公園, 茨大前〜水戸駅〜アクアワールド, 茨大前〜水戸駅〜勝田営業所, 茨大前〜水戸駅〜勝田駅前, 茨大前〜水戸駅〜大洗〜那珂湊駅, 茨大前〜水戸駅〜東中根団地, 茨大前〜大洗〜FT〜那珂湊駅, 茨大前〜大洗FT, 茨大前〜大野〜平磯中学校下, 茨大前〜東海工場前〜勝田営業所, 茨大前営業所〜国道〜東海駅, 茨大前営業所〜大野〜那珂湊駅, 鯉渕営業所〜河和田小〜水戸駅, 鯉渕営業所〜桜川団地〜水戸駅, 鯉渕営業所〜表町〜水戸駅, 桜川車庫〜桜川団地〜水戸駅, 桜川車庫〜山房〜表町〜水戸駅, 若宮〜水戸駅〜滝下〜智学館, 若宮団地〜茨大前〜水戸NT, 若宮団地〜城東水戸駅〜桜川車庫, 若宮団地〜水戸駅〜渡里GC, 常磐大〜水戸駅, 水戸〜栄町〜水高スクエア〜赤塚, 水戸〜桜ノ牧高入口〜水戸医療C, 水戸医療C〜桜ノ牧高入口〜水戸, 水戸駅〜旭台〜友部駅, 水戸駅〜茨大前〜水戸NT, 水戸駅〜栄町〜水高スクエア, 水戸駅〜栄町〜水農前, 水戸駅〜栄町〜成沢〜石塚車庫, 水戸駅〜栄町〜飯富〜石塚車庫, 水戸駅〜下江戸, 水戸駅〜開江・済生会〜双葉台二, 水戸駅〜五中入口〜赤塚駅, 水戸駅〜御殿山〜赤塚駅南口, 水戸駅〜弘道館・偕楽園〜水戸駅, 水戸駅〜常磐大〜河和田団地, 水戸駅〜常北高校, 水戸駅〜新原11〜茨大正門前, 水戸駅〜清水〜総合運動公園前, 水戸駅〜石川町〜赤塚駅, 水戸駅〜石塚〜御前山車庫, 水戸駅〜石塚車庫〜野口車庫, 水戸駅〜赤塚駅〜河和田団地, 水戸駅〜大内田〜桜川車庫, 水戸駅〜滝下〜桜ノ牧高校, 水戸駅〜中丸〜双葉台五丁目, 水戸駅〜中丸・済生会〜双葉台五, 水戸駅〜中丸・済生会〜双葉台二, 水戸駅〜東赤塚〜赤塚駅, 水戸駅〜木の倉〜茨大前営業所, 水戸駅〜偕楽園〜弘道館〜水戸駅, 水戸駅〜偕楽園〜水戸駅, 水戸駅北口〜赤塚駅北〜双葉台二, 水戸公設市場線, 水戸市内循環［外周り］, 水戸市内循環［内周り］, 石塚車庫〜成沢〜水戸駅, 赤塚駅南口〜表町〜水戸駅, 千波循環, 千波循環文化C経由, 双葉台五〜赤塚二丁目〜水戸駅, 双葉台二〜開江〜水戸駅, 大宮〜那珂西部工業団地〜水戸駅, 大宮営業所〜瓜連〜水戸駅, 大足〜赤塚駅北口〜水戸駅北口, 智学館〜滝下〜水戸駅, 渡里GC〜栄町〜水戸駅, 浜田〜城東水戸駅〜桜川車庫, 浜田〜水戸駅〜渡里GC, 浜田〜水戸駅〜野口車庫, 浜田〜日赤〜桜ノ牧高校, 浜田営業所〜水戸駅〜御前山車庫, 木の倉循環, 友部駅〜中央病院〜水戸駅"
南町三丁目,関東鉄道（株）,"県自動車学校〜平須・大工町・水戸駅・三高下〜運転免許センター, 茨城町役場〜矢頭・台町・三高下・水戸駅〜県庁バスターミナル, 県自動車学校〜台町・三高下・水戸駅〜県庁バスターミナル, 吉沢車庫〜台町・三高下・水戸駅・平須〜県自動車学校, 吉沢車庫〜台町・三高下・水戸駅・千波〜県庁バスターミナル, けやき台団地〜竹隈町・水戸駅・大工町・ときわ台団地〜大山台住, 東部工業団地〜竹隅町・水戸駅・大工町〜県庁バスターミナル, 東部工業団地〜竹隈町・水戸駅・大工町・ときわ台団地〜大山台住, けやき台団地〜水戸駅〜大山台住宅〜赤塚駅南口, 東部工業団地〜水戸駅〜大工町〜大山台住宅〜赤塚駅南口, 水戸駅〜大工町〜大山台住宅〜赤塚駅南口, けやき台団地〜太刀洗〜水戸駅〜大工町〜偕楽園, 石岡車庫〜石岡駅・堅倉・奥ノ谷・千波・大工町〜水戸駅, 水戸駅〜大工町・千波・奥ノ谷・堅倉〜石岡駅, 堅倉〜奥ノ谷・平須・千波・大工町〜水戸駅, 水戸駅〜大工町・千波・平須〜奥ノ谷坂上, 県庁バスターミナル〜千波・大工町〜水戸駅, 水戸駅〜大工町・千波・寿小学校前〜水戸医療センター, 水戸医療センター〜寿小前・水戸駅・市役所前・台町〜吉沢車庫, 水戸駅〜千波坂上・千波〜茨城町役場, 県自校〜みなみ団地・市役所・水戸駅・木工団地〜市立競技場, 県自校〜みなみ団地・市役所・水戸駅・木工団地〜植物公園, 水戸駅〜大工町・千波・木工団地前〜植物公園, 市立競技場〜木工団地前・千波・大工町〜水戸駅, 偕楽園〜水戸駅・後川・長堀・畑中・払沢・舟付坂上〜水戸駅, 偕楽園〜水戸駅・長堀・畑中・払沢・水戸駅〜偕楽園, 県自校〜南平台団地前・県庁BT・長堀・水戸駅〜偕楽園, 県自動車学校〜平須・大工町〜水戸駅, 水戸駅〜大工町〜偕楽園, 運転免許センター〜矢頭・台町・水戸駅・大工町〜県自動車学校, 県自動車学校〜台町〜水戸駅〜大工町〜県自動車学校, 水戸駅〜常磐大学〜赤塚駅南口"
南町三丁目,関鉄グリーンバス（株）,"茨城空港〜奥ノ谷〜水戸駅, 水戸駅〜海老沢〜役場〜鉾田駅, 水戸駅〜大工町〜奥ノ谷坂上, 水戸駅〜大和田〜鉾田駅, 水戸駅〜町役場（関鉄グリーン）"
金上平井,茨城交通（株）,勝田駅前〜金上〜那珂湊駅
金上平井,ひたちなか市,田彦・金上コース
見和一丁目,茨城交通（株）,"鯉渕営業所〜河和田小〜水戸駅, 鯉渕営業所〜桜川団地〜水戸駅, 鯉渕営業所〜表町〜水戸駅, 桜川車庫〜桜山〜水戸駅南口, 桜川車庫〜桜川団地〜水戸駅, 桜川車庫〜山房〜表町〜水戸駅, 水戸駅〜旭台〜友部駅, 赤塚駅南口〜表町〜水戸駅, 友部駅〜中央病院〜水戸駅"
桜山,茨城交通（株）,"鯉渕営業所〜河和田小〜水戸駅, 鯉渕営業所〜桜川団地〜水戸駅, 鯉渕営業所〜表町〜水戸駅, 桜川車庫〜桜山〜水戸駅南口, 桜川車庫〜桜川団地〜水戸駅, 桜川車庫〜山房〜表町〜水戸駅, 若宮〜水戸駅〜滝下〜智学館, 若宮団地〜城東水戸駅〜桜川車庫, 水戸〜桜ノ牧高入口〜水戸医療C, 水戸医療C〜桜ノ牧高入口〜水戸, 水戸駅〜旭台〜友部駅, 水戸駅〜清水〜総合運動公園前, 水戸駅〜大内田〜桜川車庫, 水戸駅〜滝下〜桜ノ牧高校, 赤塚駅南口〜表町〜水戸駅, 智学館〜滝下〜水戸駅, 浜田〜城東水戸駅〜桜川車庫, 浜田〜日赤〜桜ノ牧高校, 友部駅〜中央病院〜水戸駅"
裁判所前（水戸）,茨城交通（株）,"水戸駅〜偕楽園〜弘道館〜水戸駅, 水戸市内循環［外周り］, 水戸市内循環［内周り］"
富谷東,桜川市,南飯田・門毛ルート
赤塚中学校前,茨城交通（株）,"水戸駅〜常磐大〜河和田団地, 水戸駅〜赤塚駅〜河和田団地"
見川中学校入口,茨城交通（株）,"鯉渕営業所〜河和田小〜水戸駅, 鯉渕営業所〜桜川団地〜水戸駅, 鯉渕営業所〜表町〜水戸駅, 桜川車庫〜桜山〜水戸駅南口, 桜川車庫〜桜川団地〜水戸駅, 桜川車庫〜山房〜表町〜水戸駅, 水戸駅〜旭台〜友部駅, 赤塚駅南口〜表町〜水戸駅, 友部駅〜中央病院〜水戸駅"
水府橋,茨城交通（株）,"茨大前〜水戸駅〜勝田営業所, 茨大前〜水戸駅〜勝田駅前, 茨大前〜水戸駅〜東中根団地, 茨大前〜東海工場前〜勝田営業所, 茨大前営業所〜国道〜東海駅, 勝田駅西口〜市毛〜水戸駅, 水戸駅〜笠松運動公園前, 水戸駅〜国道〜東海駅, 水戸駅〜市毛〜勝田駅〜勝田営業, 水戸駅〜枝川, 水戸駅〜東海工場前〜勝田営業所, 水戸公設市場線"
偕楽園東門・常磐神社北参道,茨城交通（株）,"水戸駅〜弘道館・偕楽園〜水戸駅, 水戸駅〜偕楽園〜弘道館〜水戸駅, 水戸駅〜偕楽園〜水戸駅"
富谷西,桜川市,富谷・大泉ルート
南町二丁目,茨城交通（株）,"イオン水戸内原〜赤塚駅〜水戸駅, モビリティRもてぎ〜水戸駅北口, 阿字ケ浦駅〜茨大前営業所, 茨大前〜FT〜アクア〜那珂湊駅, 茨大前〜アクア〜那珂湊駅, 茨大前〜茨大正門〜栄町〜水戸駅, 茨大前〜栄町12〜水戸駅, 茨大前〜酒門〜常磐の杜, 茨大前〜常磐小5〜水戸駅, 茨大前〜新原11〜水戸駅, 茨大前〜水戸〜東前〜大串公園, 茨大前〜水戸駅〜アクアワールド, 茨大前〜水戸駅〜勝田営業所, 茨大前〜水戸駅〜勝田駅前, 茨大前〜水戸駅〜大洗〜那珂湊駅, 茨大前〜水戸駅〜東中根団地, 茨大前〜大洗〜FT〜那珂湊駅, 茨大前〜大洗FT, 茨大前〜大野〜平磯中学校下, 茨大前〜東海工場前〜勝田営業所, 茨大前営業所〜国道〜東海駅, 茨大前営業所〜大野〜那珂湊駅, 鯉渕営業所〜河和田小〜水戸駅, 鯉渕営業所〜桜川団地〜水戸駅, 鯉渕営業所〜表町〜水戸駅, 桜川車庫〜桜川団地〜水戸駅, 桜川車庫〜山房〜表町〜水戸駅, 若宮〜水戸駅〜滝下〜智学館, 若宮団地〜茨大前〜水戸NT, 若宮団地〜城東水戸駅〜桜川車庫, 若宮団地〜水戸駅〜渡里GC, 常磐大〜水戸駅, 水戸〜栄町〜水高スクエア〜赤塚, 水戸〜桜ノ牧高入口〜水戸医療C, 水戸医療C〜桜ノ牧高入口〜水戸, 水戸駅〜旭台〜友部駅, 水戸駅〜茨大前〜水戸NT, 水戸駅〜栄町〜水高スクエア, 水戸駅〜栄町〜水農前, 水戸駅〜栄町〜成沢〜石塚車庫, 水戸駅〜栄町〜飯富〜石塚車庫, 水戸駅〜下江戸, 水戸駅〜開江・済生会〜双葉台二, 水戸駅〜五中入口〜赤塚駅, 水戸駅〜御殿山〜赤塚駅南口, 水戸駅〜弘道館・偕楽園〜水戸駅, 水戸駅〜常磐大〜河和田団地, 水戸駅〜常北高校, 水戸駅〜新原11〜茨大正門前, 水戸駅〜清水〜総合運動公園前, 水戸駅〜石川町〜赤塚駅, 水戸駅〜石塚〜御前山車庫, 水戸駅〜石塚車庫〜野口車庫, 水戸駅〜赤塚駅〜河和田団地, 水戸駅〜大内田〜桜川車庫, 水戸駅〜滝下〜桜ノ牧高校, 水戸駅〜中丸〜双葉台五丁目, 水戸駅〜中丸・済生会〜双葉台五, 水戸駅〜中丸・済生会〜双葉台二, 水戸駅〜東赤塚〜赤塚駅, 水戸駅〜木の倉〜茨大前営業所, 水戸駅〜偕楽園〜弘道館〜水戸駅, 水戸駅〜偕楽園〜水戸駅, 水戸駅北口〜赤塚駅北〜双葉台二, 水戸公設市場線, 水戸市内循環［外周り］, 水戸市内循環［内周り］, 石塚車庫〜成沢〜水戸駅, 赤塚駅南口〜表町〜水戸駅, 千波循環, 千波循環文化C経由, 双葉台五〜赤塚二丁目〜水戸駅, 双葉台二〜開江〜水戸駅, 大宮〜那珂西部工業団地〜水戸駅, 大宮営業所〜瓜連〜水戸駅, 大足〜赤塚駅北口〜水戸駅北口, 智学館〜滝下〜水戸駅, 渡里GC〜栄町〜水戸駅, 浜田〜城東水戸駅〜桜川車庫, 浜田〜水戸駅〜渡里GC, 浜田〜水戸駅〜野口車庫, 浜田〜日赤〜桜ノ牧高校, 浜田営業所〜水戸駅〜御前山車庫, 木の倉循環, 友部駅〜中央病院〜水戸駅"
南町二丁目,関東鉄道（株）,"県自動車学校〜平須・大工町・水戸駅・三高下〜運転免許センター, 茨城町役場〜矢頭・台町・三高下・水戸駅〜県庁バスターミナル, 県自動車学校〜台町・三高下・水戸駅〜県庁バスターミナル, 吉沢車庫〜台町・三高下・水戸駅・平須〜県自動車学校, 吉沢車庫〜台町・三高下・水戸駅・千波〜県庁バスターミナル, けやき台団地〜竹隈町・水戸駅・大工町・ときわ台団地〜大山台住, 東部工業団地〜竹隅町・水戸駅・大工町〜県庁バスターミナル, 東部工業団地〜竹隈町・水戸駅・大工町・ときわ台団地〜大山台住, けやき台団地〜水戸駅〜大山台住宅〜赤塚駅南口, 東部工業団地〜水戸駅〜大工町〜大山台住宅〜赤塚駅南口, 水戸駅〜大工町〜大山台住宅〜赤塚駅南口, けやき台団地〜太刀洗〜水戸駅〜大工町〜偕楽園, 石岡車庫〜石岡駅・堅倉・奥ノ谷・千波・大工町〜水戸駅, 水戸駅〜大工町・千波・奥ノ谷・堅倉〜石岡駅, 堅倉〜奥ノ谷・平須・千波・大工町〜水戸駅, 水戸駅〜大工町・千波・平須〜奥ノ谷坂上, 県庁バスターミナル〜千波・大工町〜水戸駅, 水戸駅〜大工町・千波・寿小学校前〜水戸医療センター, 水戸医療センター〜寿小前・水戸駅・市役所前・台町〜吉沢車庫, 水戸駅〜千波坂上・千波〜茨城町役場, 県自校〜みなみ団地・市役所・水戸駅・木工団地〜市立競技場, 県自校〜みなみ団地・市役所・水戸駅・木工団地〜植物公園, 水戸駅〜大工町・千波・木工団地前〜植物公園, 市立競技場〜木工団地前・千波・大工町〜水戸駅, 偕楽園〜水戸駅・後川・長堀・畑中・払沢・舟付坂上〜水戸駅, 偕楽園〜水戸駅・長堀・畑中・払沢・水戸駅〜偕楽園, 県自校〜南平台団地前・県庁BT・長堀・水戸駅〜偕楽園, 県自動車学校〜平須・大工町〜水戸駅, 水戸駅〜大工町〜偕楽園, 運転免許センター〜矢頭・台町・水戸駅・大工町〜県自動車学校, 県自動車学校〜台町〜水戸駅〜大工町〜県自動車学校, 水戸駅〜常磐大学〜赤塚駅南口"
南町二丁目,関鉄グリーンバス（株）,"茨城空港〜奥ノ谷〜水戸駅, 水戸駅〜海老沢〜役場〜鉾田駅, 水戸駅〜大工町〜奥ノ谷坂上, 水戸駅〜大和田〜鉾田駅, 水戸駅〜町役場（関鉄グリーン）"
坂本,桜川市,平沢・山口ルート
杉崎南,茨城交通（株）,"イオン水戸内原〜赤塚駅〜水戸駅, 茨大前〜双葉台〜イオン水戸内原"
亀岡中央,桜川市,平沢・山口ルート
弁天町（笠間市）,茨城交通（株）,"笠間駅前〜芸術の森公園, 笠間駅前〜桃山"
春日台,茨城交通（株）,"赤塚駅南口〜桜ノ牧高〜県庁BT, 赤塚駅南口〜桜ノ牧高〜智学館, 赤塚駅南口〜常陸高田, 赤塚駅南口〜谷中〜鯉渕営業所, 赤塚駅南口〜表町〜水戸駅, 赤塚南口〜桜ノ牧高〜水戸医療C"
若宮団地,茨城交通（株）,"若宮〜水戸駅〜滝下〜智学館, 若宮団地〜茨大前〜水戸NT, 若宮団地〜城東水戸駅〜桜川車庫, 若宮団地〜水戸駅〜渡里GC, 若宮団地〜柳町〜水戸駅, 浜若〜城東〜水戸駅, 浜田〜日赤〜桜ノ牧高校"
城東五丁目,茨城交通（株）,"若宮〜水戸駅〜滝下〜智学館, 若宮団地〜城東水戸駅〜桜川車庫, 浜若〜城東〜水戸駅, 浜田〜城東水戸駅〜桜川車庫, 浜田〜日赤〜桜ノ牧高校"
常磐神社入口,茨城交通（株）,"水戸駅〜弘道館・偕楽園〜水戸駅, 水戸駅〜偕楽園〜弘道館〜水戸駅, 水戸駅〜偕楽園〜水戸駅"
常磐神社入口（神崎寺前）,関東鉄道（株）,"県自動車学校〜平須・大工町・水戸駅・三高下〜運転免許センター, 茨城町役場〜矢頭・台町・三高下・水戸駅〜県庁バスターミナル, 県自動車学校〜台町・三高下・水戸駅〜県庁バスターミナル, 吉沢車庫〜台町・三高下・水戸駅・平須〜県自動車学校, 吉沢車庫〜台町・三高下・水戸駅・千波〜県庁バスターミナル, けやき台団地〜竹隈町・水戸駅・大工町・ときわ台団地〜大山台住, 東部工業団地〜竹隅町・水戸駅・大工町〜県庁バスターミナル, 東部工業団地〜竹隈町・水戸駅・大工町・ときわ台団地〜大山台住, けやき台団地〜水戸駅〜大山台住宅〜赤塚駅南口, 東部工業団地〜水戸駅〜大工町〜大山台住宅〜赤塚駅南口, 水戸駅〜大工町〜大山台住宅〜赤塚駅南口, けやき台団地〜太刀洗〜水戸駅〜大工町〜偕楽園, 石岡車庫〜石岡駅・堅倉・奥ノ谷・千波・大工町〜水戸駅, 水戸駅〜大工町・千波・奥ノ谷・堅倉〜石岡駅, 堅倉〜奥ノ谷・平須・千波・大工町〜水戸駅, 水戸駅〜大工町・千波・平須〜奥ノ谷坂上, 県庁バスターミナル〜千波・大工町〜水戸駅, 水戸駅〜大工町・千波・寿小学校前〜水戸医療センター, 水戸医療センター〜寿小前・水戸駅・市役所前・台町〜吉沢車庫, 水戸駅〜千波坂上・千波〜茨城町役場, 県自校〜みなみ団地・市役所・水戸駅・木工団地〜市立競技場, 県自校〜みなみ団地・市役所・水戸駅・木工団地〜植物公園, 水戸駅〜大工町・千波・木工団地前〜植物公園, 市立競技場〜木工団地前・千波・大工町〜水戸駅, 偕楽園〜水戸駅・後川・長堀・畑中・払沢・舟付坂上〜水戸駅, 偕楽園〜水戸駅・長堀・畑中・払沢・水戸駅〜偕楽園, 県自校〜南平台団地前・県庁BT・長堀・水戸駅〜偕楽園, 県自動車学校〜平須・大工町〜水戸駅, 水戸駅〜大工町〜偕楽園, 運転免許センター〜矢頭・台町・水戸駅・大工町〜県自動車学校, 県自動車学校〜台町〜水戸駅〜大工町〜県自動車学校"
常磐神社入口,関鉄グリーンバス（株）,"茨城空港〜奥ノ谷〜水戸駅, 水戸駅〜海老沢〜役場〜鉾田駅, 水戸駅〜大工町〜奥ノ谷坂上, 水戸駅〜大和田〜鉾田駅, 水戸駅〜町役場（関鉄グリーン）"
団地前,茨城交通（株）,"若宮〜水戸駅〜滝下〜智学館, 若宮団地〜茨大前〜水戸NT, 若宮団地〜城東水戸駅〜桜川車庫, 若宮団地〜水戸駅〜渡里GC, 若宮団地〜柳町〜水戸駅, 浜若〜城東〜水戸駅, 浜田〜日赤〜桜ノ牧高校"
磯合,ひたちなか市,那珂湊コース
弘道館,茨城交通（株）,"水戸駅〜弘道館・偕楽園〜水戸駅, 水戸駅〜偕楽園〜弘道館〜水戸駅"
赤坂稲荷下,茨城交通（株）,阿字ケ浦駅〜茨大前営業所
歯科医師会館前,茨城交通（株）,"鯉渕営業所〜河和田小〜水戸駅, 鯉渕営業所〜桜川団地〜水戸駅, 鯉渕営業所〜表町〜水戸駅, 桜川車庫〜桜山〜水戸駅南口, 桜川車庫〜桜川団地〜水戸駅, 桜川車庫〜山房〜表町〜水戸駅, 水戸駅〜旭台〜友部駅, 赤塚駅南口〜表町〜水戸駅, 友部駅〜中央病院〜水戸駅"
見和団地南,関東鉄道（株）,"けやき台団地〜水戸駅〜大山台住宅〜赤塚駅南口, 東部工業団地〜水戸駅〜大工町〜大山台住宅〜赤塚駅南口, 水戸駅〜大工町〜大山台住宅〜赤塚駅南口, 吉沢車庫〜一里塚〜県福祉会館前〜大山台住宅〜赤塚駅南口, 水戸駅〜芳流橋〜大山台住宅〜赤塚駅南口"
大郷戸入口,茨城交通（株）,笠間駅前〜桃山
城東四丁目,茨城交通（株）,"若宮〜水戸駅〜滝下〜智学館, 若宮団地〜城東水戸駅〜桜川車庫, 浜若〜城東〜水戸駅, 浜田〜城東水戸駅〜桜川車庫, 浜田〜日赤〜桜ノ牧高校"
富谷中央,桜川市,富谷・大泉ルート
イオンモール水戸内原,茨城交通（株）,"イオン水戸内原〜鯉渕営業所, イオン水戸内原〜赤塚駅〜水戸駅, イオン水戸内原〜内原駅, イオン水戸内原〜内原循環, 茨大前〜双葉台〜イオン水戸内原"
大手門下,茨城交通（株）,"茨大前〜水戸駅〜勝田営業所, 茨大前〜水戸駅〜勝田駅前, 茨大前〜水戸駅〜東中根団地, 茨大前〜東海工場前〜勝田営業所, 茨大前営業所〜国道〜東海駅, 勝田駅西口〜市毛〜水戸駅, 水戸駅〜笠松運動公園前, 水戸駅〜国道〜東海駅, 水戸駅〜市毛〜勝田駅〜勝田営業, 水戸駅〜枝川, 水戸駅〜東海工場前〜勝田営業所, 水戸公設市場線"
芸術の森公園,茨城交通（株）,笠間駅前〜芸術の森公園
偕楽園・常磐神社前,茨城交通（株）,"水戸駅〜弘道館・偕楽園〜水戸駅, 水戸駅〜偕楽園〜弘道館〜水戸駅, 水戸駅〜偕楽園〜水戸駅"
津島神社,ひたちなか市,田彦・金上コース
河和田団地車庫,茨城交通（株）,"水戸駅〜常磐大〜河和田団地, 水戸駅〜赤塚駅〜河和田団地"
表町（水戸）,茨城交通（株）,"鯉渕営業所〜河和田小〜水戸駅, 鯉渕営業所〜桜川団地〜水戸駅, 鯉渕営業所〜表町〜水戸駅, 桜川車庫〜桜山〜水戸駅南口, 桜川車庫〜桜川団地〜水戸駅, 桜川車庫〜山房〜表町〜水戸駅, 水戸駅〜旭台〜友部駅, 赤塚駅南口〜表町〜水戸駅, 友部駅〜中央病院〜水戸駅"
河和田神社前,茨城交通（株）,"水戸駅〜常磐大〜河和田団地, 水戸駅〜赤塚駅〜河和田団地"
銀杏坂,茨城交通（株）,"イオン水戸内原〜赤塚駅〜水戸駅, モビリティRもてぎ〜水戸駅北口, 阿字ケ浦駅〜茨大前営業所, 茨大前〜FT〜アクア〜那珂湊駅, 茨大前〜アクア〜那珂湊駅, 茨大前〜茨大正門〜栄町〜水戸駅, 茨大前〜栄町12〜水戸駅, 茨大前〜酒門〜常磐の杜, 茨大前〜常磐小5〜水戸駅, 茨大前〜新原11〜水戸駅, 茨大前〜水戸〜東前〜大串公園, 茨大前〜水戸駅〜アクアワールド, 茨大前〜水戸駅〜勝田営業所, 茨大前〜水戸駅〜勝田駅前, 茨大前〜水戸駅〜大洗〜那珂湊駅, 茨大前〜水戸駅〜東中根団地, 茨大前〜大洗〜FT〜那珂湊駅, 茨大前〜大洗FT, 茨大前〜大野〜平磯中学校下, 茨大前〜東海工場前〜勝田営業所, 茨大前営業所〜国道〜東海駅, 茨大前営業所〜大野〜那珂湊駅, 鯉渕営業所〜河和田小〜水戸駅, 鯉渕営業所〜桜川団地〜水戸駅, 鯉渕営業所〜表町〜水戸駅, 桜川車庫〜桜川団地〜水戸駅, 桜川車庫〜山房〜表町〜水戸駅, 若宮〜水戸駅〜滝下〜智学館, 若宮団地〜茨大前〜水戸NT, 若宮団地〜城東水戸駅〜桜川車庫, 若宮団地〜水戸駅〜渡里GC, 常磐大〜水戸駅, 水戸〜栄町〜水高スクエア〜赤塚, 水戸〜桜ノ牧高入口〜水戸医療C, 水戸医療C〜桜ノ牧高入口〜水戸, 水戸駅〜旭台〜友部駅, 水戸駅〜茨大前〜水戸NT, 水戸駅〜栄町〜水高スクエア, 水戸駅〜栄町〜水農前, 水戸駅〜栄町〜成沢〜石塚車庫, 水戸駅〜栄町〜飯富〜石塚車庫, 水戸駅〜下江戸, 水戸駅〜開江・済生会〜双葉台二, 水戸駅〜五中入口〜赤塚駅, 水戸駅〜御殿山〜赤塚駅南口, 水戸駅〜弘道館・偕楽園〜水戸駅, 水戸駅〜常磐大〜河和田団地, 水戸駅〜常北高校, 水戸駅〜新原11〜茨大正門前, 水戸駅〜清水〜総合運動公園前, 水戸駅〜石川町〜赤塚駅, 水戸駅〜石塚〜御前山車庫, 水戸駅〜石塚車庫〜野口車庫, 水戸駅〜赤塚駅〜河和田団地, 水戸駅〜大内田〜桜川車庫, 水戸駅〜滝下〜桜ノ牧高校, 水戸駅〜中丸〜双葉台五丁目, 水戸駅〜中丸・済生会〜双葉台五, 水戸駅〜中丸・済生会〜双葉台二, 水戸駅〜東赤塚〜赤塚駅, 水戸駅〜木の倉〜茨大前営業所, 水戸駅〜偕楽園〜弘道館〜水戸駅, 水戸駅〜偕楽園〜水戸駅, 水戸駅北口〜赤塚駅北〜双葉台二, 水戸公設市場線, 水戸市内循環［外周り］, 水戸市内循環［内周り］, 石塚車庫〜成沢〜水戸駅, 赤塚駅南口〜表町〜水戸駅, 千波循環, 千波循環文化C経由, 双葉台五〜赤塚二丁目〜水戸駅, 双葉台二〜開江〜水戸駅, 大宮〜那珂西部工業団地〜水戸駅, 大宮営業所〜瓜連〜水戸駅, 大足〜赤塚駅北口〜水戸駅北口, 智学館〜滝下〜水戸駅, 渡里GC〜栄町〜水戸駅, 浜田〜城東水戸駅〜桜川車庫, 浜田〜水戸駅〜渡里GC, 浜田〜水戸駅〜野口車庫, 浜田〜日赤〜桜ノ牧高校, 浜田営業所〜水戸駅〜御前山車庫, 木の倉循環, 友部駅〜中央病院〜水戸駅"
銀杏坂,関東鉄道（株）,"県自動車学校〜平須・大工町・水戸駅・三高下〜運転免許センター, 茨城町役場〜矢頭・台町・三高下・水戸駅〜県庁バスターミナル, 県自動車学校〜台町・三高下・水戸駅〜県庁バスターミナル, 吉沢車庫〜台町・三高下・水戸駅・平須〜県自動車学校, 吉沢車庫〜台町・三高下・水戸駅・千波〜県庁バスターミナル, けやき台団地〜竹隈町・水戸駅・大工町・ときわ台団地〜大山台住, 東部工業団地〜竹隅町・水戸駅・大工町〜県庁バスターミナル, 東部工業団地〜竹隈町・水戸駅・大工町・ときわ台団地〜大山台住, けやき台団地〜水戸駅〜大山台住宅〜赤塚駅南口, 東部工業団地〜水戸駅〜大工町〜大山台住宅〜赤塚駅南口, 水戸駅〜大工町〜大山台住宅〜赤塚駅南口, けやき台団地〜太刀洗〜水戸駅〜大工町〜偕楽園, 石岡車庫〜石岡駅・堅倉・奥ノ谷・千波・大工町〜水戸駅, 水戸駅〜大工町・千波・奥ノ谷・堅倉〜石岡駅, 堅倉〜奥ノ谷・平須・千波・大工町〜水戸駅, 水戸駅〜大工町・千波・平須〜奥ノ谷坂上, 県庁バスターミナル〜千波・大工町〜水戸駅, 水戸駅〜大工町・千波・寿小学校前〜水戸医療センター, 水戸医療センター〜寿小前・水戸駅・市役所前・台町〜吉沢車庫, 水戸駅〜千波坂上・千波〜茨城町役場, 県自校〜みなみ団地・市役所・水戸駅・木工団地〜市立競技場, 県自校〜みなみ団地・市役所・水戸駅・木工団地〜植物公園, 水戸駅〜大工町・千波・木工団地前〜植物公園, 市立競技場〜木工団地前・千波・大工町〜水戸駅, 偕楽園〜水戸駅・後川・長堀・畑中・払沢・舟付坂上〜水戸駅, 偕楽園〜水戸駅・長堀・畑中・払沢・水戸駅〜偕楽園, 県自校〜南平台団地前・県庁BT・長堀・水戸駅〜偕楽園, 県自動車学校〜平須・大工町〜水戸駅, 水戸駅〜大工町〜偕楽園, 運転免許センター〜矢頭・台町・水戸駅・大工町〜県自動車学校, 県自動車学校〜台町〜水戸駅〜大工町〜県自動車学校, 水戸駅〜常磐大学〜赤塚駅南口"
銀杏坂,関鉄グリーンバス（株）,"茨城空港〜奥ノ谷〜水戸駅, 水戸駅〜海老沢〜役場〜鉾田駅, 水戸駅〜大工町〜奥ノ谷坂上, 水戸駅〜大和田〜鉾田駅, 水戸駅〜町役場（関鉄グリーン）"
川岸通り,茨城交通（株）,"若宮〜水戸駅〜滝下〜智学館, 若宮団地〜城東水戸駅〜桜川車庫, 浜若〜城東〜水戸駅, 浜田〜城東水戸駅〜桜川車庫, 浜田〜日赤〜桜ノ牧高校"
若宮一丁目,茨城交通（株）,"若宮〜水戸駅〜滝下〜智学館, 若宮団地〜茨大前〜水戸NT, 若宮団地〜城東水戸駅〜桜川車庫, 若宮団地〜水戸駅〜渡里GC, 若宮団地〜柳町〜水戸駅, 浜若〜城東〜水戸駅, 浜田〜日赤〜桜ノ牧高校"
偕楽園入口,関東鉄道（株）,"県自動車学校〜平須・大工町・水戸駅・三高下〜運転免許センター, 茨城町役場〜矢頭・台町・三高下・水戸駅〜県庁バスターミナル, 県自動車学校〜台町・三高下・水戸駅〜県庁バスターミナル, 吉沢車庫〜台町・三高下・水戸駅・平須〜県自動車学校, 吉沢車庫〜台町・三高下・水戸駅・千波〜県庁バスターミナル, けやき台団地〜竹隈町・水戸駅・大工町・ときわ台団地〜大山台住, 東部工業団地〜竹隅町・水戸駅・大工町〜県庁バスターミナル, 東部工業団地〜竹隈町・水戸駅・大工町・ときわ台団地〜大山台住, けやき台団地〜水戸駅〜大山台住宅〜赤塚駅南口, 東部工業団地〜水戸駅〜大工町〜大山台住宅〜赤塚駅南口, 水戸駅〜大工町〜大山台住宅〜赤塚駅南口, けやき台団地〜太刀洗〜水戸駅〜大工町〜偕楽園, 石岡車庫〜石岡駅・堅倉・奥ノ谷・千波・大工町〜水戸駅, 水戸駅〜大工町・千波・奥ノ谷・堅倉〜石岡駅, 堅倉〜奥ノ谷・平須・千波・大工町〜水戸駅, 水戸駅〜大工町・千波・平須〜奥ノ谷坂上, 県庁バスターミナル〜千波・大工町〜水戸駅, 水戸駅〜大工町・千波・寿小学校前〜水戸医療センター, 水戸医療センター〜寿小前・水戸駅・市役所前・台町〜吉沢車庫, 水戸駅〜千波坂上・千波〜茨城町役場, 県自校〜みなみ団地・市役所・水戸駅・木工団地〜市立競技場, 県自校〜みなみ団地・市役所・水戸駅・木工団地〜植物公園, 水戸駅〜大工町・千波・木工団地前〜植物公園, 市立競技場〜木工団地前・千波・大工町〜水戸駅, 偕楽園〜水戸駅・後川・長堀・畑中・払沢・舟付坂上〜水戸駅, 偕楽園〜水戸駅・長堀・畑中・払沢・水戸駅〜偕楽園, 県自校〜南平台団地前・県庁BT・長堀・水戸駅〜偕楽園, 県自動車学校〜平須・大工町〜水戸駅, 水戸駅〜大工町〜偕楽園, 運転免許センター〜矢頭・台町・水戸駅・大工町〜県自動車学校, 県自動車学校〜台町〜水戸駅〜大工町〜県自動車学校"
偕楽園入口,関鉄グリーンバス（株）,"茨城空港〜奥ノ谷〜水戸駅, 水戸駅〜海老沢〜役場〜鉾田駅, 水戸駅〜大工町〜奥ノ谷坂上, 水戸駅〜大和田〜鉾田駅, 水戸駅〜町役場（関鉄グリーン）"
若宮アパート入口,茨城交通（株）,"若宮〜水戸駅〜滝下〜智学館, 若宮団地〜城東水戸駅〜桜川車庫, 浜若〜城東〜水戸駅, 浜田〜城東水戸駅〜桜川車庫, 浜田〜日赤〜桜ノ牧高校"
下稲田,茨城交通（株）,笠間駅前〜桃山
新堀団地,茨城交通（株）,勝田駅前〜金上〜那珂湊駅
新堀団地,ひたちなか市,田彦・金上コース
高天原団地,茨城交通（株）,"赤塚駅南口〜桜ノ牧高〜県庁BT, 赤塚駅南口〜桜ノ牧高〜智学館, 赤塚駅南口〜常陸高田, 赤塚駅南口〜谷中〜鯉渕営業所, 赤塚駅南口〜表町〜水戸駅, 赤塚南口〜桜ノ牧高〜水戸医療C"
笠間駅前,茨城交通（株）,"笠間益子連絡バス, 笠間駅前〜芸術の森公園, 笠間駅前〜桃山"
見川二丁目,茨城交通（株）,"若宮〜水戸駅〜滝下〜智学館, 若宮団地〜城東水戸駅〜桜川車庫, 水戸〜桜ノ牧高入口〜水戸医療C, 水戸医療C〜桜ノ牧高入口〜水戸, 水戸駅〜清水〜総合運動公園前, 水戸駅〜大内田〜桜川車庫, 水戸駅〜滝下〜桜ノ牧高校, 智学館〜滝下〜水戸駅, 浜田〜城東水戸駅〜桜川車庫, 浜田〜日赤〜桜ノ牧高校"
大月,桜川市,平沢・山口ルート
見川二丁目西（表町）,関東鉄道（株）,"けやき台団地〜水戸駅〜大山台住宅〜赤塚駅南口, 東部工業団地〜水戸駅〜大工町〜大山台住宅〜赤塚駅南口, 水戸駅〜大工町〜大山台住宅〜赤塚駅南口, 吉沢車庫〜一里塚〜県福祉会館前〜大山台住宅〜赤塚駅南口, 水戸駅〜芳流橋〜大山台住宅〜赤塚駅南口"
原十文字,茨城交通（株）,那珂湊駅〜十三奉行〜阿字ケ浦駅
原十文字,ひたちなか市,那珂湊コース
偕楽園,関東鉄道（株）,"けやき台団地〜太刀洗〜水戸駅〜大工町〜偕楽園, 偕楽園〜水戸駅・後川・長堀・畑中・払沢・舟付坂上〜水戸駅, 偕楽園〜水戸駅・長堀・畑中・払沢・水戸駅〜偕楽園, 県自校〜南平台団地前・県庁BT・長堀・水戸駅〜偕楽園, 水戸駅〜大工町〜偕楽園"
高嶋医院前,茨城交通（株）,"鯉渕営業所〜河和田小〜水戸駅, 鯉渕営業所〜桜川団地〜水戸駅, 鯉渕営業所〜表町〜水戸駅, 桜川車庫〜桜山〜水戸駅南口, 桜川車庫〜桜川団地〜水戸駅, 桜川車庫〜山房〜表町〜水戸駅, 水戸駅〜旭台〜友部駅, 赤塚駅南口〜表町〜水戸駅, 友部駅〜中央病院〜水戸駅"
偕楽園南口,茨城交通（株）,桜川車庫〜桜山〜水戸駅南口
磯合住宅前,茨城交通（株）,阿字ケ浦駅〜茨大前営業所
亀岡西,桜川市,平沢・山口ルート
中央ショップ入口,茨城交通（株）,"水戸駅〜常磐大〜河和田団地, 水戸駅〜赤塚駅〜河和田団地"
長屋門,茨城交通（株）,"鯉渕営業所〜桜川団地〜水戸駅, 鯉渕営業所〜表町〜水戸駅, 桜川車庫〜山房〜表町〜水戸駅, 水戸駅〜旭台〜友部駅, 赤塚駅南口〜表町〜水戸駅, 友部駅〜中央病院〜水戸駅"
芳流橋,茨城交通（株）,桜川車庫〜桜山〜水戸駅南口
芳流橋,関東鉄道（株）,"奥ノ谷坂上〜平須・千波・芳流橋〜水戸駅, 水戸駅〜芳流橋・千波・平須〜県自動車学校, 大山台住宅〜ときわ台団地・千波坂上・芳流橋〜水戸駅, 県庁バスターミナル〜千波・芳流橋〜水戸駅, 水戸駅〜芳流橋・千波・寿小学校前〜水戸医療センター, 水戸駅〜芳流橋〜大山台住宅〜赤塚駅南口"
芳流橋,関鉄グリーンバス（株）,水戸駅〜千波〜奥ノ谷
見川市民センター,関東鉄道（株）,"けやき台団地〜水戸駅〜大山台住宅〜赤塚駅南口, 東部工業団地〜水戸駅〜大工町〜大山台住宅〜赤塚駅南口, 水戸駅〜大工町〜大山台住宅〜赤塚駅南口, 吉沢車庫〜一里塚〜県福祉会館前〜大山台住宅〜赤塚駅南口, 水戸駅〜芳流橋〜大山台住宅〜赤塚駅南口"
梅香橋下,関東鉄道（株）,"奥ノ谷坂上〜平須・千波・芳流橋〜水戸駅, 水戸駅〜芳流橋・千波・平須〜県自動車学校, 大山台住宅〜ときわ台団地・千波坂上・芳流橋〜水戸駅, 県庁バスターミナル〜千波・芳流橋〜水戸駅, 水戸駅〜芳流橋・千波・寿小学校前〜水戸医療センター, 水戸駅〜芳流橋〜大山台住宅〜赤塚駅南口"
梅香橋下,関鉄グリーンバス（株）,水戸駅〜千波〜奥ノ谷
美乃浜学園,ひたちなか市,那珂湊コース
三高下,関東鉄道（株）,"県自動車学校〜平須・大工町・水戸駅・三高下〜運転免許センター, 水戸駅〜台町・三高下〜運転免許センター, 茨城町役場〜矢頭・台町・三高下・水戸駅〜県庁バスターミナル, 県自動車学校〜台町・三高下・水戸駅〜県庁バスターミナル, 吉沢車庫〜台町・三高下・水戸駅・平須〜県自動車学校, 吉沢車庫〜台町・三高下〜水戸駅, 吉沢車庫〜台町・三高下・水戸駅・千波〜県庁バスターミナル, 運転免許センター〜矢頭・台町・水戸駅・大工町〜県自動車学校, 県自動車学校〜台町〜水戸駅〜大工町〜県自動車学校"
三高下（水戸）,茨城交通（株）,"阿字ケ浦駅〜茨大前営業所, 茨大前〜FT〜アクア〜那珂湊駅, 茨大前〜アクア〜那珂湊駅, 茨大前〜酒門〜常磐の杜, 茨大前〜水戸〜東前〜大串公園, 茨大前〜水戸駅〜アクアワールド, 茨大前〜水戸駅〜大洗〜那珂湊駅, 茨大前〜大洗〜FT〜那珂湊駅, 茨大前〜大洗FT, 茨大前〜大野〜平磯中学校下, 茨大前営業所〜大野〜那珂湊駅, 若宮団地〜茨大前〜水戸NT, 若宮団地〜水戸駅〜渡里GC, 若宮団地〜柳町〜水戸駅, 常磐〜会館〜中央病院〜水戸駅, 常磐〜団地〜中央病院〜水戸駅, 常磐の杜〜百合が丘〜水戸駅, 水戸駅〜水戸中央病院, 水戸駅〜大洗〜那珂湊駅, 水戸駅〜大洗FT〜那珂湊駅, 水戸駅〜中央病院〜元石川団地, 水戸駅〜東前団地〜大串公園, 水戸駅〜東台二丁目〜浜田営業所, 浜田〜水戸駅〜渡里GC, 浜田〜水戸駅〜野口車庫, 浜田〜柳町〜水戸駅, 浜田営業所〜水戸駅〜御前山車庫, 蓮乗寺〜水戸駅"
原,茨城交通（株）,勝田駅前〜金上〜那珂湊駅
原,ひたちなか市,田彦・金上コース
城東一丁目,茨城交通（株）,"若宮〜水戸駅〜滝下〜智学館, 若宮団地〜城東水戸駅〜桜川車庫, 浜若〜城東〜水戸駅, 浜田〜城東水戸駅〜桜川車庫, 浜田〜日赤〜桜ノ牧高校"
三の丸ホテル前,茨城交通（株）,"茨大前〜水戸駅〜勝田営業所, 茨大前〜水戸駅〜勝田駅前, 茨大前〜水戸駅〜東中根団地, 茨大前〜東海工場前〜勝田営業所, 茨大前営業所〜国道〜東海駅, 勝田駅西口〜市毛〜水戸駅, 水戸駅〜笠松運動公園前, 水戸駅〜国道〜東海駅, 水戸駅〜市毛〜勝田駅〜勝田営業, 水戸駅〜枝川, 水戸駅〜東海工場前〜勝田営業所, 水戸公設市場線"
城東小学校前,茨城交通（株）,"若宮〜水戸駅〜滝下〜智学館, 若宮団地〜城東水戸駅〜桜川車庫, 浜若〜城東〜水戸駅, 浜田〜城東水戸駅〜桜川車庫, 浜田〜日赤〜桜ノ牧高校"
勝倉集落センター,ひたちなか市,田彦・金上コース
河和田団地中央,茨城交通（株）,"水戸駅〜常磐大〜河和田団地, 水戸駅〜赤塚駅〜河和田団地"
大月農村集落センター,桜川市,平沢・山口ルート
妙雲寺,関東鉄道（株）,"けやき台団地〜水戸駅〜大山台住宅〜赤塚駅南口, 東部工業団地〜水戸駅〜大工町〜大山台住宅〜赤塚駅南口, 水戸駅〜大工町〜大山台住宅〜赤塚駅南口, 吉沢車庫〜一里塚〜県福祉会館前〜大山台住宅〜赤塚駅南口, 水戸駅〜芳流橋〜大山台住宅〜赤塚駅南口"
河和田団地入口,茨城交通（株）,"水戸駅〜常磐大〜河和田団地, 水戸駅〜赤塚駅〜河和田団地"
原丁字路,茨城交通（株）,那珂湊駅〜十三奉行〜阿字ケ浦駅
原丁字路,ひたちなか市,那珂湊コース
河和田団地東,茨城交通（株）,"水戸駅〜常磐大〜河和田団地, 水戸駅〜赤塚駅〜河和田団地"
三の丸二丁目,茨城交通（株）,"若宮〜水戸駅〜滝下〜智学館, 若宮団地〜城東水戸駅〜桜川車庫, 水戸駅〜日赤病院, 浜若〜城東〜水戸駅, 浜田〜城東水戸駅〜桜川車庫, 浜田〜竹隈町〜水戸駅, 浜田〜日赤〜桜ノ牧高校, 浜田営業所〜日赤〜水戸駅"
三ノ丸二丁目,関東鉄道（株）,"けやき台団地〜竹隅町〜水戸駅, けやき台団地〜竹隈町・水戸駅・大工町・ときわ台団地〜大山台住, 東部工業団地〜竹隅町〜水戸駅, 東部工業団地〜竹隅町・水戸駅・大工町〜県庁バスターミナル, 東部工業団地〜竹隈町・水戸駅・大工町・ときわ台団地〜大山台住, けやき台団地〜水戸駅〜大山台住宅〜赤塚駅南口, 東部工業団地〜水戸駅〜大工町〜大山台住宅〜赤塚駅南口"
千波湖,関東鉄道（株）,"県自動車学校〜平須・大工町・水戸駅・三高下〜運転免許センター, 茨城町役場〜矢頭・台町・三高下・水戸駅〜県庁バスターミナル, 県自動車学校〜台町・三高下・水戸駅〜県庁バスターミナル, 吉沢車庫〜台町・三高下・水戸駅・平須〜県自動車学校, 吉沢車庫〜台町・三高下・水戸駅・千波〜県庁バスターミナル, けやき台団地〜竹隈町・水戸駅・大工町・ときわ台団地〜大山台住, 東部工業団地〜竹隅町・水戸駅・大工町〜県庁バスターミナル, 東部工業団地〜竹隈町・水戸駅・大工町・ときわ台団地〜大山台住, けやき台団地〜水戸駅〜大山台住宅〜赤塚駅南口, 東部工業団地〜水戸駅〜大工町〜大山台住宅〜赤塚駅南口, 水戸駅〜大工町〜大山台住宅〜赤塚駅南口, 石岡車庫〜石岡駅・堅倉・奥ノ谷・千波・大工町〜水戸駅, 水戸駅〜大工町・千波・奥ノ谷・堅倉〜石岡駅, 堅倉〜奥ノ谷・平須・千波・大工町〜水戸駅, 水戸駅〜大工町・千波・平須〜奥ノ谷坂上, 県庁バスターミナル〜千波・大工町〜水戸駅, 水戸駅〜大工町・千波・寿小学校前〜水戸医療センター, 水戸医療センター〜寿小前・水戸駅・市役所前・台町〜吉沢車庫, 水戸駅〜千波坂上・千波〜茨城町役場, 奥ノ谷坂上〜平須・千波・芳流橋〜水戸駅, 水戸駅〜芳流橋・千波・平須〜県自動車学校, 大山台住宅〜ときわ台団地・千波坂上・芳流橋〜水戸駅, 県庁バスターミナル〜千波・芳流橋〜水戸駅, 水戸駅〜芳流橋・千波・寿小学校前〜水戸医療センター, 水戸駅〜芳流橋〜大山台住宅〜赤塚駅南口, 県自校〜みなみ団地・市役所・水戸駅・木工団地〜市立競技場, 県自校〜みなみ団地・市役所・水戸駅・木工団地〜植物公園, 水戸駅〜大工町・千波・木工団地前〜植物公園, 市立競技場〜木工団地前・千波・大工町〜水戸駅, 県自動車学校〜平須・大工町〜水戸駅, 運転免許センター〜矢頭・台町・水戸駅・大工町〜県自動車学校, 県自動車学校〜台町〜水戸駅〜大工町〜県自動車学校"
千波湖,関鉄グリーンバス（株）,"茨城空港〜奥ノ谷〜水戸駅, 水戸駅〜海老沢〜役場〜鉾田駅, 水戸駅〜千波〜奥ノ谷, 水戸駅〜大工町〜奥ノ谷坂上, 水戸駅〜大和田〜鉾田駅, 水戸駅〜町役場（関鉄グリーン）"
水戸駅（北口）,茨城交通（株）,"イオン水戸内原〜赤塚駅〜水戸駅, モビリティRもてぎ〜水戸駅北口, 阿字ケ浦駅〜茨大前営業所, 茨大前〜FT〜アクア〜那珂湊駅, 茨大前〜アクア〜那珂湊駅, 茨大前〜茨大正門〜栄町〜水戸駅, 茨大前〜栄町12〜水戸駅, 茨大前〜酒門〜常磐の杜, 茨大前〜常磐小5〜水戸駅, 茨大前〜新原11〜水戸駅, 茨大前〜水戸〜東前〜大串公園, 茨大前〜水戸駅〜アクアワールド, 茨大前〜水戸駅〜勝田営業所, 茨大前〜水戸駅〜勝田駅前, 茨大前〜水戸駅〜大洗〜那珂湊駅, 茨大前〜水戸駅〜東中根団地, 茨大前〜大洗〜FT〜那珂湊駅, 茨大前〜大洗FT, 茨大前〜大野〜平磯中学校下, 茨大前〜東海工場前〜勝田営業所, 茨大前営業所〜国道〜東海駅, 茨大前営業所〜大野〜那珂湊駅, 鯉渕営業所〜河和田小〜水戸駅, 鯉渕営業所〜桜川団地〜水戸駅, 鯉渕営業所〜表町〜水戸駅, 桜川車庫〜桜川団地〜水戸駅, 桜川車庫〜山房〜表町〜水戸駅, 若宮〜水戸駅〜滝下〜智学館, 若宮団地〜茨大前〜水戸NT, 若宮団地〜城東水戸駅〜桜川車庫, 若宮団地〜水戸駅〜渡里GC, 若宮団地〜柳町〜水戸駅, 勝田駅西口〜市毛〜水戸駅, 常磐〜会館〜中央病院〜水戸駅, 常磐〜団地〜中央病院〜水戸駅, 常磐の杜〜百合が丘〜水戸駅, 常磐大〜水戸駅, 常磐大〜水戸駅［特急］, 水戸〜栄町〜水高スクエア〜赤塚, 水戸〜桜ノ牧高入口〜水戸医療C, 水戸医療C〜桜ノ牧高入口〜水戸, 水戸駅〜旭台〜友部駅, 水戸駅〜茨大前〜水戸NT, 水戸駅〜栄町〜水高スクエア, 水戸駅〜栄町〜水農前, 水戸駅〜栄町〜成沢〜石塚車庫, 水戸駅〜栄町〜飯富〜石塚車庫, 水戸駅〜下江戸, 水戸駅〜開江・済生会〜双葉台二, 水戸駅〜笠松運動公園前, 水戸駅〜五中入口〜赤塚駅, 水戸駅〜御殿山〜赤塚駅南口, 水戸駅〜弘道館・偕楽園〜水戸駅, 水戸駅〜国道〜東海駅, 水戸駅〜市毛〜勝田駅〜勝田営業, 水戸駅〜枝川, 水戸駅〜常磐大〜河和田団地, 水戸駅〜常北高校, 水戸駅〜新原11〜茨大正門前, 水戸駅〜水戸中央病院, 水戸駅〜清水〜総合運動公園前, 水戸駅〜石川町〜赤塚駅, 水戸駅〜石塚〜御前山車庫, 水戸駅〜石塚車庫〜野口車庫, 水戸駅〜赤塚駅〜河和田団地, 水戸駅〜赤塚駅南口［特急］, 水戸駅〜大洗〜那珂湊駅, 水戸駅〜大洗FT〜那珂湊駅, 水戸駅〜大内田〜桜川車庫, 水戸駅〜滝下〜桜ノ牧高校, 水戸駅〜中央病院〜元石川団地, 水戸駅〜中丸〜双葉台五丁目, 水戸駅〜中丸・済生会〜双葉台五, 水戸駅〜中丸・済生会〜双葉台二, 水戸駅〜東海工場前〜勝田営業所, 水戸駅〜東赤塚〜赤塚駅, 水戸駅〜東前団地〜大串公園, 水戸駅〜東台二丁目〜浜田営業所, 水戸駅〜特急〜正門〜茨大前営業, 水戸駅〜日赤病院, 水戸駅〜木の倉〜茨大前営業所, 水戸駅〜偕楽園〜弘道館〜水戸駅, 水戸駅〜偕楽園〜水戸駅, 水戸駅北口〜赤塚駅北〜双葉台二, 水戸公設市場線, 水戸市内循環［外周り］, 水戸市内循環［内周り］, 石塚車庫〜成沢〜水戸駅, 赤塚駅南口〜表町〜水戸駅, 千波循環, 千波循環文化C経由, 双葉台五〜赤塚二丁目〜水戸駅, 双葉台二〜開江〜水戸駅, 大宮〜那珂西部工業団地〜水戸駅, 大宮営業所〜瓜連〜水戸駅, 大足〜赤塚駅北口〜水戸駅北口, 智学館〜滝下〜水戸駅, 渡里GC〜栄町〜水戸駅, 浜若〜城東〜水戸駅, 浜田〜城東水戸駅〜桜川車庫, 浜田〜水戸駅〜渡里GC, 浜田〜水戸駅〜野口車庫, 浜田〜竹隈町〜水戸駅, 浜田〜日赤〜桜ノ牧高校, 浜田〜柳町〜水戸駅, 浜田営業所〜水戸駅〜御前山車庫, 浜田営業所〜日赤〜水戸駅, 木の倉循環, 友部駅〜中央病院〜水戸駅, 蓮乗寺〜水戸駅"
水戸駅,関東鉄道（株）,"県自動車学校〜平須・大工町・水戸駅・三高下〜運転免許センター, 水戸駅〜台町・三高下〜運転免許センター, 運転免許センター〜（直行）〜水戸駅, 茨城町役場〜矢頭・台町・三高下・水戸駅〜県庁バスターミナル, 県自動車学校〜台町・三高下・水戸駅〜県庁バスターミナル, 吉沢車庫〜台町・三高下・水戸駅・平須〜県自動車学校, 吉沢車庫〜台町・三高下〜水戸駅, 吉沢車庫〜台町・三高下・水戸駅・千波〜県庁バスターミナル, けやき台団地〜竹隅町〜水戸駅, けやき台団地〜竹隈町・水戸駅・大工町・ときわ台団地〜大山台住, 東部工業団地〜竹隅町〜水戸駅, 東部工業団地〜竹隅町・水戸駅・大工町〜県庁バスターミナル, 東部工業団地〜竹隈町・水戸駅・大工町・ときわ台団地〜大山台住, けやき台団地〜水戸駅〜大山台住宅〜赤塚駅南口, 東部工業団地〜水戸駅〜大工町〜大山台住宅〜赤塚駅南口, 水戸駅〜大工町〜大山台住宅〜赤塚駅南口, けやき台団地〜太刀洗〜水戸駅〜大工町〜偕楽園, 石岡車庫〜石岡駅・堅倉・奥ノ谷・千波・大工町〜水戸駅, 水戸駅〜大工町・千波・奥ノ谷・堅倉〜石岡駅, 堅倉〜奥ノ谷・平須・千波・大工町〜水戸駅, 吉沢車庫〜四中前・水戸駅南口〜水戸駅, 水戸駅〜大工町・千波・平須〜奥ノ谷坂上, 県庁バスターミナル〜千波・大工町〜水戸駅, 水戸駅〜大工町・千波・寿小学校前〜水戸医療センター, 水戸医療センター〜寿小前・水戸駅・市役所前・台町〜吉沢車庫, 水戸駅〜千波坂上・千波〜茨城町役場, 奥ノ谷坂上〜平須・千波・芳流橋〜水戸駅, 水戸駅〜芳流橋・千波・平須〜県自動車学校, 大山台住宅〜ときわ台団地・千波坂上・芳流橋〜水戸駅, 県庁バスターミナル〜千波・芳流橋〜水戸駅, 水戸駅〜芳流橋・千波・寿小学校前〜水戸医療センター, 水戸駅〜芳流橋〜大山台住宅〜赤塚駅南口, 県自校〜みなみ団地・市役所・水戸駅・木工団地〜市立競技場, 県自校〜みなみ団地・市役所・水戸駅・木工団地〜植物公園, 水戸駅〜大工町・千波・木工団地前〜植物公園, 市立競技場〜木工団地前・千波・大工町〜水戸駅, 吉沢車庫〜畑中・長堀・後川〜水戸駅, 吉沢車庫〜畑中・払沢・舟付坂上〜水戸駅, 水戸駅〜後川・長堀・畑中・払沢・舟付坂上〜水戸駅, 偕楽園〜水戸駅・後川・長堀・畑中・払沢・舟付坂上〜水戸駅, 偕楽園〜水戸駅・長堀・畑中・払沢・水戸駅〜偕楽園, 県自校〜南平台団地前・県庁BT・長堀・水戸駅〜偕楽園, 県自動車学校〜平須・大工町〜水戸駅, 水戸駅〜大工町〜偕楽園, 運転免許センター〜矢頭・台町・水戸駅・大工町〜県自動車学校, 県自動車学校〜台町〜水戸駅〜大工町〜県自動車学校, 水戸駅〜常磐大学〜赤塚駅南口"
水戸駅,関鉄グリーンバス（株）,"茨城空港〜奥ノ谷〜水戸駅, 水戸駅〜海老沢〜役場〜鉾田駅, 水戸駅〜千波〜奥ノ谷, 水戸駅〜大工町〜奥ノ谷坂上, 水戸駅〜大和田〜鉾田駅, 水戸駅〜町役場（関鉄グリーン）"
見川稲荷神社前,茨城交通（株）,"若宮〜水戸駅〜滝下〜智学館, 若宮団地〜城東水戸駅〜桜川車庫, 水戸〜桜ノ牧高入口〜水戸医療C, 水戸医療C〜桜ノ牧高入口〜水戸, 水戸駅〜清水〜総合運動公園前, 水戸駅〜大内田〜桜川車庫, 水戸駅〜滝下〜桜ノ牧高校, 智学館〜滝下〜水戸駅, 浜田〜城東水戸駅〜桜川車庫, 浜田〜日赤〜桜ノ牧高校"
千波大橋,茨城交通（株）,"千波循環, 千波循環文化C経由"
千波大橋,関東鉄道（株）,"吉沢車庫〜四中前・水戸駅南口〜水戸駅, 水戸医療センター〜寿小前・水戸駅・市役所前・台町〜吉沢車庫, 県自校〜みなみ団地・市役所・水戸駅・木工団地〜市立競技場, 県自校〜みなみ団地・市役所・水戸駅・木工団地〜植物公園, 吉沢車庫〜畑中・長堀・後川〜水戸駅, 吉沢車庫〜畑中・払沢・舟付坂上〜水戸駅, 水戸駅〜後川・長堀・畑中・払沢・舟付坂上〜水戸駅, 偕楽園〜水戸駅・後川・長堀・畑中・払沢・舟付坂上〜水戸駅, 偕楽園〜水戸駅・長堀・畑中・払沢・水戸駅〜偕楽園, 県自校〜南平台団地前・県庁BT・長堀・水戸駅〜偕楽園"
若林（水戸）,茨城交通（株）,"鯉渕営業所〜桜川団地〜水戸駅, 鯉渕営業所〜表町〜水戸駅, 桜川車庫〜山房〜表町〜水戸駅, 水戸駅〜旭台〜友部駅, 赤塚駅南口〜表町〜水戸駅, 友部駅〜中央病院〜水戸駅"
テニスコート前（水戸市）,茨城交通（株）,桜川車庫〜桜山〜水戸駅南口
松山,茨城交通（株）,"水戸〜桜ノ牧高入口〜水戸医療C, 水戸医療C〜桜ノ牧高入口〜水戸, 水戸駅〜清水〜総合運動公園前, 浜田〜日赤〜桜ノ牧高校"
見川稲荷南,関東鉄道（株）,"けやき台団地〜水戸駅〜大山台住宅〜赤塚駅南口, 東部工業団地〜水戸駅〜大工町〜大山台住宅〜赤塚駅南口, 水戸駅〜大工町〜大山台住宅〜赤塚駅南口, 吉沢車庫〜一里塚〜県福祉会館前〜大山台住宅〜赤塚駅南口, 水戸駅〜芳流橋〜大山台住宅〜赤塚駅南口"
八幡橋,茨城交通（株）,"鯉渕営業所〜桜川団地〜水戸駅, 鯉渕営業所〜表町〜水戸駅, 桜川車庫〜山房〜表町〜水戸駅, 水戸駅〜旭台〜友部駅, 赤塚駅南口〜表町〜水戸駅, 友部駅〜中央病院〜水戸駅"
内原駅,茨城交通（株）,"イオン水戸内原〜鯉渕営業所, イオン水戸内原〜内原駅, イオン水戸内原〜内原循環"
宮町,茨城交通（株）,"千波循環, 千波循環文化C経由"
宮町,関東鉄道（株）,"吉沢車庫〜四中前・水戸駅南口〜水戸駅, 水戸医療センター〜寿小前・水戸駅・市役所前・台町〜吉沢車庫, 奥ノ谷坂上〜平須・千波・芳流橋〜水戸駅, 水戸駅〜芳流橋・千波・平須〜県自動車学校, 大山台住宅〜ときわ台団地・千波坂上・芳流橋〜水戸駅, 県庁バスターミナル〜千波・芳流橋〜水戸駅, 水戸駅〜芳流橋・千波・寿小学校前〜水戸医療センター, 水戸駅〜芳流橋〜大山台住宅〜赤塚駅南口, 県自校〜みなみ団地・市役所・水戸駅・木工団地〜市立競技場, 県自校〜みなみ団地・市役所・水戸駅・木工団地〜植物公園, 吉沢車庫〜畑中・長堀・後川〜水戸駅, 吉沢車庫〜畑中・払沢・舟付坂上〜水戸駅, 水戸駅〜後川・長堀・畑中・払沢・舟付坂上〜水戸駅, 偕楽園〜水戸駅・後川・長堀・畑中・払沢・舟付坂上〜水戸駅, 偕楽園〜水戸駅・長堀・畑中・払沢・水戸駅〜偕楽園, 県自校〜南平台団地前・県庁BT・長堀・水戸駅〜偕楽園"
宮町,関鉄グリーンバス（株）,水戸駅〜千波〜奥ノ谷
金上ふれあいセンター,ひたちなか市,田彦・金上コース
三反田団地入口,ひたちなか市,田彦・金上コース
県営西十三奉行団地,ひたちなか市,那珂湊コース
ショッピングセンター,茨城交通（株）,"鯉渕営業所〜河和田小〜水戸駅, 鯉渕営業所〜桜川団地〜水戸駅, 桜川車庫〜桜山〜水戸駅南口, 桜川車庫〜桜川団地〜水戸駅"
日赤病院,茨城交通（株）,"若宮〜水戸駅〜滝下〜智学館, 若宮団地〜城東水戸駅〜桜川車庫, 水戸駅〜日赤病院, 浜若〜城東〜水戸駅, 浜田〜城東水戸駅〜桜川車庫, 浜田〜日赤〜桜ノ牧高校, 浜田営業所〜日赤〜水戸駅"
三の丸三丁目,茨城交通（株）,"若宮〜水戸駅〜滝下〜智学館, 若宮団地〜城東水戸駅〜桜川車庫, 水戸駅〜日赤病院, 浜若〜城東〜水戸駅, 浜田〜城東水戸駅〜桜川車庫, 浜田〜竹隈町〜水戸駅, 浜田〜日赤〜桜ノ牧高校, 浜田営業所〜日赤〜水戸駅"
三ノ丸三丁目,関東鉄道（株）,"けやき台団地〜竹隅町〜水戸駅, けやき台団地〜竹隈町・水戸駅・大工町・ときわ台団地〜大山台住, 東部工業団地〜竹隅町〜水戸駅, 東部工業団地〜竹隅町・水戸駅・大工町〜県庁バスターミナル, 東部工業団地〜竹隈町・水戸駅・大工町・ときわ台団地〜大山台住, けやき台団地〜水戸駅〜大山台住宅〜赤塚駅南口, 東部工業団地〜水戸駅〜大工町〜大山台住宅〜赤塚駅南口"
一高下（水戸）,茨城交通（株）,"阿字ケ浦駅〜茨大前営業所, 茨大前〜FT〜アクア〜那珂湊駅, 茨大前〜アクア〜那珂湊駅, 茨大前〜酒門〜常磐の杜, 茨大前〜水戸〜東前〜大串公園, 茨大前〜水戸駅〜アクアワールド, 茨大前〜水戸駅〜大洗〜那珂湊駅, 茨大前〜大洗〜FT〜那珂湊駅, 茨大前〜大洗FT, 茨大前〜大野〜平磯中学校下, 茨大前営業所〜大野〜那珂湊駅, 若宮団地〜茨大前〜水戸NT, 若宮団地〜水戸駅〜渡里GC, 若宮団地〜柳町〜水戸駅, 常磐〜会館〜中央病院〜水戸駅, 常磐〜団地〜中央病院〜水戸駅, 常磐の杜〜百合が丘〜水戸駅, 水戸駅〜水戸中央病院, 水戸駅〜大洗〜那珂湊駅, 水戸駅〜大洗FT〜那珂湊駅, 水戸駅〜中央病院〜元石川団地, 水戸駅〜東前団地〜大串公園, 水戸駅〜東台二丁目〜浜田営業所, 浜田〜水戸駅〜渡里GC, 浜田〜水戸駅〜野口車庫, 浜田〜柳町〜水戸駅, 浜田営業所〜水戸駅〜御前山車庫, 蓮乗寺〜水戸駅"
一高下,関東鉄道（株）,"県自動車学校〜平須・大工町・水戸駅・三高下〜運転免許センター, 水戸駅〜台町・三高下〜運転免許センター, 茨城町役場〜矢頭・台町・三高下・水戸駅〜県庁バスターミナル, 県自動車学校〜台町・三高下・水戸駅〜県庁バスターミナル, 吉沢車庫〜台町・三高下・水戸駅・平須〜県自動車学校, 吉沢車庫〜台町・三高下〜水戸駅, 吉沢車庫〜台町・三高下・水戸駅・千波〜県庁バスターミナル, 運転免許センター〜矢頭・台町・水戸駅・大工町〜県自動車学校, 県自動車学校〜台町〜水戸駅〜大工町〜県自動車学校"
三反田団地入口,茨城交通（株）,勝田駅前〜金上〜那珂湊駅
稲田駅入口,茨城交通（株）,笠間駅前〜桃山
宮前（赤塚）,茨城交通（株）,"鯉渕営業所〜桜川団地〜水戸駅, 鯉渕営業所〜表町〜水戸駅, 桜川車庫〜山房〜表町〜水戸駅, 水戸駅〜旭台〜友部駅, 赤塚駅南口〜桜ノ牧高〜県庁BT, 赤塚駅南口〜桜ノ牧高〜智学館, 赤塚駅南口〜常陸高田, 赤塚駅南口〜谷中〜鯉渕営業所, 赤塚駅南口〜表町〜水戸駅, 赤塚南口〜桜ノ牧高〜水戸医療C, 友部駅〜中央病院〜水戸駅"
水戸駅南口,茨城交通（株）,"桜川車庫〜桜山〜水戸駅南口, 水戸駅南口〜県庁〜県庁BT, 浜田営業所〜市役所〜水戸駅南口, 浜田営業所〜柳町〜水戸駅南口"
水戸駅南口,関東鉄道（株）,"吉沢車庫〜四中前・水戸駅南口〜水戸駅, 水戸医療センター〜寿小前・水戸駅・市役所前・台町〜吉沢車庫, イオンタウン水戸南〜県自校・米沢中央・みなみ団地〜水戸駅南口, 吉沢車庫〜米沢町入口・みなみ団地入口〜水戸駅南口, 県自校〜みなみ団地・市役所・水戸駅・木工団地〜市立競技場, 県自校〜みなみ団地・市役所・水戸駅・木工団地〜植物公園, 水戸駅南口〜みなみ団地・県庁前・寿小入口〜水戸医療センター, 県自校〜みなみ団地〜水戸駅南口, 水戸駅南口〜工業高校, 水戸駅南口〜【県庁】〜県庁バスターミナル, けやき台団地〜みなみ団地入口〜水戸駅南口, 【市役所】水戸駅南口〜後川〜緑高〜畑中〜払沢〜舟付坂上〜駅南, 駅南⇒市役所, 水戸駅南口〜笠原橋東〜中水門橋東〜水戸駅南口, 笠原橋東〜南平台団地〜中水門橋東〜水戸駅南口, 水戸駅南口〜笠原橋東〜南平台団地〜中水門橋東, 県庁BT〜中水門橋東〜みなみ団地入口〜水戸駅南口"
無線下,茨城交通（株）,阿字ケ浦駅〜茨大前営業所
渋井町,茨城交通（株）,"阿字ケ浦駅〜茨大前営業所, 茨大前〜大野〜平磯中学校下, 茨大前営業所〜大野〜那珂湊駅"
稲,桜川市,西小塙・高幡ルート
河和田農協前,茨城交通（株）,"鯉渕営業所〜桜川団地〜水戸駅, 鯉渕営業所〜表町〜水戸駅, 水戸駅〜旭台〜友部駅, 赤塚駅南口〜常陸高田, 赤塚駅南口〜谷中〜鯉渕営業所, 友部駅〜中央病院〜水戸駅"
桜川団地,茨城交通（株）,"鯉渕営業所〜河和田小〜水戸駅, 鯉渕営業所〜桜川団地〜水戸駅, 桜川車庫〜桜山〜水戸駅南口, 桜川車庫〜桜川団地〜水戸駅"
日赤入口,茨城交通（株）,"若宮〜水戸駅〜滝下〜智学館, 若宮団地〜城東水戸駅〜桜川車庫, 水戸駅〜日赤病院, 浜若〜城東〜水戸駅, 浜田〜城東水戸駅〜桜川車庫, 浜田〜竹隈町〜水戸駅, 浜田〜日赤〜桜ノ牧高校, 浜田営業所〜日赤〜水戸駅"
日赤入口,関東鉄道（株）,"けやき台団地〜竹隅町〜水戸駅, けやき台団地〜竹隈町・水戸駅・大工町・ときわ台団地〜大山台住, 東部工業団地〜竹隅町〜水戸駅, 東部工業団地〜竹隅町・水戸駅・大工町〜県庁バスターミナル, 東部工業団地〜竹隈町・水戸駅・大工町・ときわ台団地〜大山台住, けやき台団地〜水戸駅〜大山台住宅〜赤塚駅南口, 東部工業団地〜水戸駅〜大工町〜大山台住宅〜赤塚駅南口, けやき台団地〜太刀洗〜水戸駅〜大工町〜偕楽園"
大岡東,桜川市,平沢・山口ルート
元岩瀬北,桜川市,南飯田・門毛ルート
弓道場入口,茨城交通（株）,イオン水戸内原〜内原循環
トッパン前,茨城交通（株）,"浜田〜竹隈町〜水戸駅, 浜田営業所〜日赤〜水戸駅"
トッパン前,関東鉄道（株）,"けやき台団地〜竹隅町〜水戸駅, けやき台団地〜竹隈町・水戸駅・大工町・ときわ台団地〜大山台住, 東部工業団地〜竹隅町〜水戸駅, 東部工業団地〜竹隅町・水戸駅・大工町〜県庁バスターミナル, 東部工業団地〜竹隈町・水戸駅・大工町・ときわ台団地〜大山台住, けやき台団地〜水戸駅〜大山台住宅〜赤塚駅南口, 東部工業団地〜水戸駅〜大工町〜大山台住宅〜赤塚駅南口, けやき台団地〜太刀洗〜水戸駅〜大工町〜偕楽園"
清水（水戸）,茨城交通（株）,"水戸〜桜ノ牧高入口〜水戸医療C, 水戸医療C〜桜ノ牧高入口〜水戸, 水戸駅〜清水〜総合運動公園前, 浜田〜日赤〜桜ノ牧高校"
久保入口,茨城交通（株）,笠間駅前〜桃山
浜田営業所,茨城交通（株）,"阿字ケ浦駅〜茨大前営業所, 茨大前〜大野〜平磯中学校下, 茨大前営業所〜大野〜那珂湊駅, 若宮〜水戸駅〜滝下〜智学館, 若宮団地〜茨大前〜水戸NT, 若宮団地〜城東水戸駅〜桜川車庫, 若宮団地〜水戸駅〜渡里GC, 若宮団地〜柳町〜水戸駅, 水戸駅〜東台二丁目〜浜田営業所, 浜若〜城東〜水戸駅, 浜田〜城東水戸駅〜桜川車庫, 浜田〜水戸駅〜渡里GC, 浜田〜水戸駅〜野口車庫, 浜田〜竹隈町〜水戸駅, 浜田〜日赤〜桜ノ牧高校, 浜田〜柳町〜水戸駅, 浜田営業所〜市役所〜水戸駅南口, 浜田営業所〜水戸駅〜御前山車庫, 浜田営業所〜日赤〜水戸駅, 浜田営業所〜柳町〜水戸駅南口"
NTT前（内原）,茨城交通（株）,イオン水戸内原〜内原循環
美都里橋,茨城交通（株）,桜川車庫〜桜山〜水戸駅南口
峪新平,茨城交通（株）,勝田駅前〜金上〜那珂湊駅
峪新平,ひたちなか市,田彦・金上コース
表入口,茨城交通（株）,"若宮〜水戸駅〜滝下〜智学館, 若宮団地〜城東水戸駅〜桜川車庫, 水戸駅〜大内田〜桜川車庫, 水戸駅〜滝下〜桜ノ牧高校, 智学館〜滝下〜水戸駅, 浜田〜城東水戸駅〜桜川車庫"
表入口,関東鉄道（株）,"けやき台団地〜水戸駅〜大山台住宅〜赤塚駅南口, 東部工業団地〜水戸駅〜大工町〜大山台住宅〜赤塚駅南口, 水戸駅〜大工町〜大山台住宅〜赤塚駅南口, 吉沢車庫〜一里塚〜県福祉会館前〜大山台住宅〜赤塚駅南口, 水戸駅〜芳流橋〜大山台住宅〜赤塚駅南口"
元岩瀬公民館,桜川市,富谷・大泉ルート
磯部稲村神社前,桜川市,西小塙・高幡ルート
団地橋,茨城交通（株）,"鯉渕営業所〜河和田小〜水戸駅, 桜川車庫〜桜山〜水戸駅南口, 桜川車庫〜桜川団地〜水戸駅, 若宮団地〜城東水戸駅〜桜川車庫, 水戸駅〜大内田〜桜川車庫, 浜田〜城東水戸駅〜桜川車庫"
浜田北,茨城交通（株）,"阿字ケ浦駅〜茨大前営業所, 茨大前〜大野〜平磯中学校下, 茨大前営業所〜大野〜那珂湊駅, 若宮団地〜茨大前〜水戸NT, 若宮団地〜水戸駅〜渡里GC, 若宮団地〜柳町〜水戸駅, 水戸駅〜東台二丁目〜浜田営業所, 浜田〜水戸駅〜渡里GC, 浜田〜水戸駅〜野口車庫, 浜田〜竹隈町〜水戸駅, 浜田〜柳町〜水戸駅, 浜田営業所〜市役所〜水戸駅南口, 浜田営業所〜水戸駅〜御前山車庫, 浜田営業所〜日赤〜水戸駅, 浜田営業所〜柳町〜水戸駅南口"
河和田山房前,茨城交通（株）,"桜川車庫〜山房〜表町〜水戸駅, 赤塚駅南口〜桜ノ牧高〜智学館, 赤塚南口〜桜ノ牧高〜水戸医療C"
産業会館前,茨城交通（株）,桜川車庫〜桜山〜水戸駅南口
呉服屋,茨城交通（株）,"鯉渕営業所〜河和田小〜水戸駅, 鯉渕営業所〜桜川団地〜水戸駅, 鯉渕営業所〜表町〜水戸駅, 水戸駅〜旭台〜友部駅, 赤塚駅南口〜谷中〜鯉渕営業所, 友部駅〜中央病院〜水戸駅"
千波山,関東鉄道（株）,"県自動車学校〜平須・大工町・水戸駅・三高下〜運転免許センター, 茨城町役場〜矢頭・台町・三高下・水戸駅〜県庁バスターミナル, 県自動車学校〜台町・三高下・水戸駅〜県庁バスターミナル, 吉沢車庫〜台町・三高下・水戸駅・平須〜県自動車学校, 吉沢車庫〜台町・三高下・水戸駅・千波〜県庁バスターミナル, けやき台団地〜竹隈町・水戸駅・大工町・ときわ台団地〜大山台住, 東部工業団地〜竹隅町・水戸駅・大工町〜県庁バスターミナル, 東部工業団地〜竹隈町・水戸駅・大工町・ときわ台団地〜大山台住, けやき台団地〜水戸駅〜大山台住宅〜赤塚駅南口, 東部工業団地〜水戸駅〜大工町〜大山台住宅〜赤塚駅南口, 水戸駅〜大工町〜大山台住宅〜赤塚駅南口, 石岡車庫〜石岡駅・堅倉・奥ノ谷・千波・大工町〜水戸駅, 水戸駅〜大工町・千波・奥ノ谷・堅倉〜石岡駅, 堅倉〜奥ノ谷・平須・千波・大工町〜水戸駅, 水戸駅〜大工町・千波・平須〜奥ノ谷坂上, 県庁バスターミナル〜千波・大工町〜水戸駅, 水戸駅〜大工町・千波・寿小学校前〜水戸医療センター, 水戸医療センター〜寿小前・水戸駅・市役所前・台町〜吉沢車庫, 水戸駅〜千波坂上・千波〜茨城町役場, 奥ノ谷坂上〜平須・千波・芳流橋〜水戸駅, 水戸駅〜芳流橋・千波・平須〜県自動車学校, 大山台住宅〜ときわ台団地・千波坂上・芳流橋〜水戸駅, 県庁バスターミナル〜千波・芳流橋〜水戸駅, 水戸駅〜芳流橋・千波・寿小学校前〜水戸医療センター, 水戸駅〜芳流橋〜大山台住宅〜赤塚駅南口, 県自校〜みなみ団地・市役所・水戸駅・木工団地〜市立競技場, 県自校〜みなみ団地・市役所・水戸駅・木工団地〜植物公園, 水戸駅〜大工町・千波・木工団地前〜植物公園, 市立競技場〜木工団地前・千波・大工町〜水戸駅, 県自動車学校〜平須・大工町〜水戸駅, 運転免許センター〜矢頭・台町・水戸駅・大工町〜県自動車学校, 県自動車学校〜台町〜水戸駅〜大工町〜県自動車学校"
千波山,関鉄グリーンバス（株）,"茨城空港〜奥ノ谷〜水戸駅, 水戸駅〜海老沢〜役場〜鉾田駅, 水戸駅〜千波〜奥ノ谷, 水戸駅〜大工町〜奥ノ谷坂上, 水戸駅〜大和田〜鉾田駅, 水戸駅〜町役場（関鉄グリーン）"
合同庁舎入口（水戸）,茨城交通（株）,桜川車庫〜桜山〜水戸駅南口
見川一本松,茨城交通（株）,"若宮団地〜城東水戸駅〜桜川車庫, 水戸〜桜ノ牧高入口〜水戸医療C, 水戸医療C〜桜ノ牧高入口〜水戸, 水戸駅〜清水〜総合運動公園前, 水戸駅〜大内田〜桜川車庫, 浜田〜城東水戸駅〜桜川車庫, 浜田〜日赤〜桜ノ牧高校"
文化センター入口（水戸市）,茨城交通（株）,"千波循環, 千波循環文化C経由"
文化センター入口,関東鉄道（株）,"吉沢車庫〜四中前・水戸駅南口〜水戸駅, 水戸医療センター〜寿小前・水戸駅・市役所前・台町〜吉沢車庫, 県自校〜みなみ団地・市役所・水戸駅・木工団地〜市立競技場, 県自校〜みなみ団地・市役所・水戸駅・木工団地〜植物公園, 吉沢車庫〜畑中・長堀・後川〜水戸駅, 吉沢車庫〜畑中・払沢・舟付坂上〜水戸駅, 水戸駅〜後川・長堀・畑中・払沢・舟付坂上〜水戸駅, 偕楽園〜水戸駅・後川・長堀・畑中・払沢・舟付坂上〜水戸駅, 偕楽園〜水戸駅・長堀・畑中・払沢・水戸駅〜偕楽園, 県自校〜南平台団地前・県庁BT・長堀・水戸駅〜偕楽園, 【市役所】水戸駅南口〜後川〜緑高〜畑中〜払沢〜舟付坂上〜駅南"
地蔵院前,茨城交通（株）,"イオン水戸内原〜鯉渕営業所, イオン水戸内原〜内原循環"
東台二丁目,茨城交通（株）,"阿字ケ浦駅〜茨大前営業所, 茨大前〜大野〜平磯中学校下, 茨大前営業所〜大野〜那珂湊駅, 水戸駅〜東台二丁目〜浜田営業所, 浜田営業所〜日赤〜水戸駅"
河和田小学校,茨城交通（株）,"鯉渕営業所〜河和田小〜水戸駅, 赤塚駅南口〜常陸高田"
竹隈町,茨城交通（株）,"浜田〜竹隈町〜水戸駅, 浜田営業所〜日赤〜水戸駅"
竹隈町,関東鉄道（株）,"けやき台団地〜竹隅町〜水戸駅, けやき台団地〜竹隈町・水戸駅・大工町・ときわ台団地〜大山台住, 東部工業団地〜竹隅町〜水戸駅, 東部工業団地〜竹隅町・水戸駅・大工町〜県庁バスターミナル, 東部工業団地〜竹隈町・水戸駅・大工町・ときわ台団地〜大山台住, けやき台団地〜水戸駅〜大山台住宅〜赤塚駅南口, 東部工業団地〜水戸駅〜大工町〜大山台住宅〜赤塚駅南口, けやき台団地〜太刀洗〜水戸駅〜大工町〜偕楽園"
三ツ塚,茨城交通（株）,阿字ケ浦駅〜茨大前営業所
稲田神社,茨城交通（株）,笠間駅前〜桃山
水戸市役所北,茨城交通（株）,浜田営業所〜市役所〜水戸駅南口
水戸市役所北,関東鉄道（株）,"吉沢車庫〜四中前・水戸駅南口〜水戸駅, 水戸医療センター〜寿小前・水戸駅・市役所前・台町〜吉沢車庫, 県自校〜みなみ団地・市役所・水戸駅・木工団地〜市立競技場, 県自校〜みなみ団地・市役所・水戸駅・木工団地〜植物公園, 【市役所】水戸駅南口〜後川〜緑高〜畑中〜払沢〜舟付坂上〜駅南, 駅南⇒市役所"
三角田,茨城交通（株）,"阿字ケ浦駅〜茨大前営業所, 茨大前〜大野〜平磯中学校下, 茨大前営業所〜大野〜那珂湊駅"
西飯岡東,桜川市,長方・本郷ルート
柳堤橋,茨城交通（株）,"阿字ケ浦駅〜茨大前営業所, 茨大前〜FT〜アクア〜那珂湊駅, 茨大前〜アクア〜那珂湊駅, 茨大前〜酒門〜常磐の杜, 茨大前〜水戸〜東前〜大串公園, 茨大前〜水戸駅〜アクアワールド, 茨大前〜水戸駅〜大洗〜那珂湊駅, 茨大前〜大洗〜FT〜那珂湊駅, 茨大前〜大洗FT, 茨大前〜大野〜平磯中学校下, 茨大前営業所〜大野〜那珂湊駅, 若宮団地〜茨大前〜水戸NT, 若宮団地〜水戸駅〜渡里GC, 若宮団地〜柳町〜水戸駅, 常磐〜会館〜中央病院〜水戸駅, 常磐〜団地〜中央病院〜水戸駅, 常磐の杜〜百合が丘〜水戸駅, 水戸駅〜水戸中央病院, 水戸駅〜大洗〜那珂湊駅, 水戸駅〜大洗FT〜那珂湊駅, 水戸駅〜中央病院〜元石川団地, 水戸駅〜東前団地〜大串公園, 水戸駅〜東台二丁目〜浜田営業所, 浜田〜水戸駅〜渡里GC, 浜田〜水戸駅〜野口車庫, 浜田〜柳町〜水戸駅, 浜田営業所〜水戸駅〜御前山車庫, 蓮乗寺〜水戸駅"
柳堤橋,関東鉄道（株）,"県自動車学校〜平須・大工町・水戸駅・三高下〜運転免許センター, 水戸駅〜台町・三高下〜運転免許センター, 茨城町役場〜矢頭・台町・三高下・水戸駅〜県庁バスターミナル, 県自動車学校〜台町・三高下・水戸駅〜県庁バスターミナル, 吉沢車庫〜台町・三高下・水戸駅・平須〜県自動車学校, 吉沢車庫〜台町・三高下〜水戸駅, 吉沢車庫〜台町・三高下・水戸駅・千波〜県庁バスターミナル, 運転免許センター〜矢頭・台町・水戸駅・大工町〜県自動車学校, 県自動車学校〜台町〜水戸駅〜大工町〜県自動車学校"
三反田,茨城交通（株）,勝田駅前〜金上〜那珂湊駅
富岡,桜川市,長方・本郷ルート
磯部中央,桜川市,西小塙・高幡ルート
素鵞神社,ひたちなか市,田彦・金上コース
水城高校入口,茨城交通（株）,"浜田営業所〜市役所〜水戸駅南口, 浜田営業所〜柳町〜水戸駅南口"
水城高校入口,関東鉄道（株）,"吉沢車庫〜四中前・水戸駅南口〜水戸駅, 水戸医療センター〜寿小前・水戸駅・市役所前・台町〜吉沢車庫, イオンタウン水戸南〜県自校・米沢中央・みなみ団地〜水戸駅南口, 吉沢車庫〜米沢町入口・みなみ団地入口〜水戸駅南口, 県自校〜みなみ団地・市役所・水戸駅・木工団地〜市立競技場, 県自校〜みなみ団地・市役所・水戸駅・木工団地〜植物公園, 水戸駅南口〜みなみ団地・県庁前・寿小入口〜水戸医療センター, 県自校〜みなみ団地〜水戸駅南口, 水戸駅南口〜工業高校, けやき台団地〜みなみ団地入口〜水戸駅南口, 【市役所】水戸駅南口〜後川〜緑高〜畑中〜払沢〜舟付坂上〜駅南, 駅南⇒市役所, 水戸駅南口〜笠原橋東〜中水門橋東〜水戸駅南口, 笠原橋東〜南平台団地〜中水門橋東〜水戸駅南口, 水戸駅南口〜笠原橋東〜南平台団地〜中水門橋東, 県庁BT〜中水門橋東〜みなみ団地入口〜水戸駅南口"
ショッピングセンター浜田前,茨城交通（株）,"茨大前〜FT〜アクア〜那珂湊駅, 茨大前〜アクア〜那珂湊駅, 茨大前〜水戸駅〜アクアワールド, 茨大前〜水戸駅〜大洗〜那珂湊駅, 茨大前〜大洗〜FT〜那珂湊駅, 茨大前〜大洗FT, 茨大前〜大野〜平磯中学校下, 茨大前営業所〜大野〜那珂湊駅, 若宮団地〜茨大前〜水戸NT, 若宮団地〜水戸駅〜渡里GC, 若宮団地〜柳町〜水戸駅, 常磐〜会館〜中央病院〜水戸駅, 常磐〜団地〜中央病院〜水戸駅, 常磐の杜〜百合が丘〜水戸駅, 水戸駅〜水戸中央病院, 水戸駅〜大洗〜那珂湊駅, 水戸駅〜大洗FT〜那珂湊駅, 水戸駅〜中央病院〜元石川団地, 浜田〜水戸駅〜渡里GC, 浜田〜水戸駅〜野口車庫, 浜田〜竹隈町〜水戸駅, 浜田〜柳町〜水戸駅, 浜田営業所〜市役所〜水戸駅南口, 浜田営業所〜水戸駅〜御前山車庫, 浜田営業所〜柳町〜水戸駅南口"
文化センター前（水戸市）,茨城交通（株）,千波循環文化C経由
文化センター,関東鉄道（株）,"吉沢車庫〜畑中・長堀・後川〜水戸駅, 水戸駅〜後川・長堀・畑中・払沢・舟付坂上〜水戸駅, 偕楽園〜水戸駅・後川・長堀・畑中・払沢・舟付坂上〜水戸駅, 偕楽園〜水戸駅・長堀・畑中・払沢・水戸駅〜偕楽園, 県自校〜南平台団地前・県庁BT・長堀・水戸駅〜偕楽園, 【市役所】水戸駅南口〜後川〜緑高〜畑中〜払沢〜舟付坂上〜駅南"
釣堀前,茨城交通（株）,イオン水戸内原〜内原循環
吉沼,茨城交通（株）,"阿字ケ浦駅〜茨大前営業所, 茨大前〜大野〜平磯中学校下, 茨大前営業所〜大野〜那珂湊駅"
部田野十文字,ひたちなか市,那珂湊コース
御領,桜川市,桜川市バス「ヤマザクラGO」
報仏寺,茨城交通（株）,"鯉渕営業所〜河和田小〜水戸駅, 桜川車庫〜山房〜表町〜水戸駅, 赤塚駅南口〜桜ノ牧高〜智学館, 赤塚駅南口〜常陸高田, 赤塚南口〜桜ノ牧高〜水戸医療C"
東台一丁目,茨城交通（株）,"阿字ケ浦駅〜茨大前営業所, 茨大前〜大野〜平磯中学校下, 茨大前営業所〜大野〜那珂湊駅, 水戸駅〜東台二丁目〜浜田営業所, 浜田営業所〜日赤〜水戸駅"
看護学院入口,茨城交通（株）,"鯉渕営業所〜河和田小〜水戸駅, 桜川車庫〜桜山〜水戸駅南口, 桜川車庫〜桜川団地〜水戸駅, 若宮団地〜城東水戸駅〜桜川車庫, 水戸駅〜大内田〜桜川車庫, 浜田〜城東水戸駅〜桜川車庫"
旧下泉分校,桜川市,長方・本郷ルート
南高校入口（水戸）,茨城交通（株）,浜田営業所〜柳町〜水戸駅南口
南高校入口,関東鉄道（株）,"吉沢車庫〜四中前・水戸駅南口〜水戸駅, 水戸医療センター〜寿小前・水戸駅・市役所前・台町〜吉沢車庫"
西飯岡西,桜川市,長方・本郷ルート
本郷不動尊,桜川市,長方・本郷ルート
ツインフィールド入口,茨城交通（株）,"鯉渕営業所〜河和田小〜水戸駅, 鯉渕営業所〜桜川団地〜水戸駅, 鯉渕営業所〜表町〜水戸駅, 水戸駅〜旭台〜友部駅, 赤塚駅南口〜谷中〜鯉渕営業所, 友部駅〜中央病院〜水戸駅"
浜田西,茨城交通（株）,"茨大前〜FT〜アクア〜那珂湊駅, 茨大前〜アクア〜那珂湊駅, 茨大前〜水戸駅〜アクアワールド, 茨大前〜水戸駅〜大洗〜那珂湊駅, 茨大前〜大洗〜FT〜那珂湊駅, 茨大前〜大洗FT, 茨大前〜大野〜平磯中学校下, 茨大前営業所〜大野〜那珂湊駅, 若宮団地〜茨大前〜水戸NT, 若宮団地〜水戸駅〜渡里GC, 若宮団地〜柳町〜水戸駅, 常磐〜会館〜中央病院〜水戸駅, 常磐〜団地〜中央病院〜水戸駅, 常磐の杜〜百合が丘〜水戸駅, 水戸駅〜水戸中央病院, 水戸駅〜大洗〜那珂湊駅, 水戸駅〜大洗FT〜那珂湊駅, 水戸駅〜中央病院〜元石川団地, 浜田〜水戸駅〜渡里GC, 浜田〜水戸駅〜野口車庫, 浜田〜竹隈町〜水戸駅, 浜田〜柳町〜水戸駅, 浜田営業所〜市役所〜水戸駅南口, 浜田営業所〜水戸駅〜御前山車庫, 浜田営業所〜柳町〜水戸駅南口"
柳町二丁目,茨城交通（株）,"阿字ケ浦駅〜茨大前営業所, 茨大前〜アクア〜那珂湊駅, 茨大前〜酒門〜常磐の杜, 茨大前〜水戸〜東前〜大串公園, 茨大前〜水戸駅〜アクアワールド, 茨大前〜水戸駅〜大洗〜那珂湊駅, 茨大前〜大洗〜FT〜那珂湊駅, 茨大前〜大洗FT, 茨大前〜大野〜平磯中学校下, 茨大前営業所〜大野〜那珂湊駅, 若宮団地〜茨大前〜水戸NT, 若宮団地〜水戸駅〜渡里GC, 若宮団地〜柳町〜水戸駅, 常磐〜会館〜中央病院〜水戸駅, 常磐〜団地〜中央病院〜水戸駅, 常磐の杜〜百合が丘〜水戸駅, 水戸駅〜大洗〜那珂湊駅, 水戸駅〜大洗FT〜那珂湊駅, 水戸駅〜中央病院〜元石川団地, 水戸駅〜東前団地〜大串公園, 水戸駅〜東台二丁目〜浜田営業所, 浜田〜水戸駅〜渡里GC, 浜田〜水戸駅〜野口車庫, 浜田〜柳町〜水戸駅, 浜田営業所〜市役所〜水戸駅南口, 浜田営業所〜水戸駅〜御前山車庫, 浜田営業所〜柳町〜水戸駅南口"
坂戸小学校前,桜川市,長方・本郷ルート
明日香東,桜川市,"友部・猿田ルート, 西小塙・高幡ルート, 平沢・山口ルート, 南飯田・門毛ルート, 富谷・大泉ルート, 長方・本郷ルート, 犬田・青木ルート"
磯部桜川公園入口,桜川市,西小塙・高幡ルート
明日香,桜川市,桜川市バス「ヤマザクラGO」
西飯岡農村集落センター,桜川市,長方・本郷ルート
三反田小学校,ひたちなか市,田彦・金上コース
本町三丁目,茨城交通（株）,"茨大前〜FT〜アクア〜那珂湊駅, 茨大前〜アクア〜那珂湊駅, 茨大前〜水戸駅〜アクアワールド, 茨大前〜水戸駅〜大洗〜那珂湊駅, 茨大前〜大洗〜FT〜那珂湊駅, 茨大前〜大洗FT, 茨大前〜大野〜平磯中学校下, 茨大前営業所〜大野〜那珂湊駅, 若宮団地〜茨大前〜水戸NT, 若宮団地〜水戸駅〜渡里GC, 若宮団地〜柳町〜水戸駅, 常磐〜会館〜中央病院〜水戸駅, 常磐〜団地〜中央病院〜水戸駅, 常磐の杜〜百合が丘〜水戸駅, 水戸駅〜水戸中央病院, 水戸駅〜大洗〜那珂湊駅, 水戸駅〜大洗FT〜那珂湊駅, 水戸駅〜中央病院〜元石川団地, 浜田〜水戸駅〜渡里GC, 浜田〜水戸駅〜野口車庫, 浜田〜竹隈町〜水戸駅, 浜田〜柳町〜水戸駅, 浜田営業所〜市役所〜水戸駅南口, 浜田営業所〜水戸駅〜御前山車庫, 浜田営業所〜柳町〜水戸駅南口"
大内田,茨城交通（株）,"若宮〜水戸駅〜滝下〜智学館, 若宮団地〜城東水戸駅〜桜川車庫, 水戸駅〜大内田〜桜川車庫, 水戸駅〜滝下〜桜ノ牧高校, 智学館〜滝下〜水戸駅, 浜田〜城東水戸駅〜桜川車庫"
大内田,関東鉄道（株）,"けやき台団地〜水戸駅〜大山台住宅〜赤塚駅南口, 東部工業団地〜水戸駅〜大工町〜大山台住宅〜赤塚駅南口, 水戸駅〜大工町〜大山台住宅〜赤塚駅南口, 吉沢車庫〜一里塚〜県福祉会館前〜大山台住宅〜赤塚駅南口, 水戸駅〜芳流橋〜大山台住宅〜赤塚駅南口"
柳町中央,茨城交通（株）,"阿字ケ浦駅〜茨大前営業所, 茨大前〜アクア〜那珂湊駅, 茨大前〜酒門〜常磐の杜, 茨大前〜水戸〜東前〜大串公園, 茨大前〜水戸駅〜アクアワールド, 茨大前〜水戸駅〜大洗〜那珂湊駅, 茨大前〜大洗〜FT〜那珂湊駅, 茨大前〜大洗FT, 茨大前〜大野〜平磯中学校下, 茨大前営業所〜大野〜那珂湊駅, 若宮団地〜茨大前〜水戸NT, 若宮団地〜水戸駅〜渡里GC, 若宮団地〜柳町〜水戸駅, 常磐〜会館〜中央病院〜水戸駅, 常磐〜団地〜中央病院〜水戸駅, 常磐の杜〜百合が丘〜水戸駅, 水戸駅〜大洗〜那珂湊駅, 水戸駅〜大洗FT〜那珂湊駅, 水戸駅〜中央病院〜元石川団地, 水戸駅〜東前団地〜大串公園, 水戸駅〜東台二丁目〜浜田営業所, 浜田〜水戸駅〜渡里GC, 浜田〜水戸駅〜野口車庫, 浜田〜柳町〜水戸駅, 浜田営業所〜市役所〜水戸駅南口, 浜田営業所〜水戸駅〜御前山車庫, 浜田営業所〜柳町〜水戸駅南口"
柳町一丁目,茨城交通（株）,"阿字ケ浦駅〜茨大前営業所, 茨大前〜FT〜アクア〜那珂湊駅, 茨大前〜アクア〜那珂湊駅, 茨大前〜酒門〜常磐の杜, 茨大前〜水戸〜東前〜大串公園, 茨大前〜水戸駅〜アクアワールド, 茨大前〜水戸駅〜大洗〜那珂湊駅, 茨大前〜大洗〜FT〜那珂湊駅, 茨大前〜大洗FT, 茨大前〜大野〜平磯中学校下, 茨大前営業所〜大野〜那珂湊駅, 若宮団地〜茨大前〜水戸NT, 若宮団地〜水戸駅〜渡里GC, 若宮団地〜柳町〜水戸駅, 常磐〜会館〜中央病院〜水戸駅, 常磐〜団地〜中央病院〜水戸駅, 常磐の杜〜百合が丘〜水戸駅, 水戸駅〜水戸中央病院, 水戸駅〜大洗〜那珂湊駅, 水戸駅〜大洗FT〜那珂湊駅, 水戸駅〜中央病院〜元石川団地, 水戸駅〜東前団地〜大串公園, 水戸駅〜東台二丁目〜浜田営業所, 浜田〜水戸駅〜渡里GC, 浜田〜水戸駅〜野口車庫, 浜田〜柳町〜水戸駅, 浜田営業所〜市役所〜水戸駅南口, 浜田営業所〜水戸駅〜御前山車庫, 浜田営業所〜柳町〜水戸駅南口, 蓮乗寺〜水戸駅"
柳町一丁目,関東鉄道（株）,"県自動車学校〜平須・大工町・水戸駅・三高下〜運転免許センター, 水戸駅〜台町・三高下〜運転免許センター, 茨城町役場〜矢頭・台町・三高下・水戸駅〜県庁バスターミナル, 県自動車学校〜台町・三高下・水戸駅〜県庁バスターミナル, 吉沢車庫〜台町・三高下・水戸駅・平須〜県自動車学校, 吉沢車庫〜台町・三高下〜水戸駅, 吉沢車庫〜台町・三高下・水戸駅・千波〜県庁バスターミナル, 吉沢車庫〜四中前・水戸駅南口〜水戸駅, 水戸医療センター〜寿小前・水戸駅・市役所前・台町〜吉沢車庫, 運転免許センター〜矢頭・台町・水戸駅・大工町〜県自動車学校, 県自動車学校〜台町〜水戸駅〜大工町〜県自動車学校"
御領1丁目,桜川市,"友部・猿田ルート, 西小塙・高幡ルート, 平沢・山口ルート, 南飯田・門毛ルート, 富谷・大泉ルート, 長方・本郷ルート, 犬田・青木ルート"
水戸市役所,茨城交通（株）,浜田営業所〜市役所〜水戸駅南口
水戸市役所,関東鉄道（株）,"【市役所】水戸駅南口〜後川〜緑高〜畑中〜払沢〜舟付坂上〜駅南, 駅南⇒市役所"
谷中,茨城交通（株）,"鯉渕営業所〜河和田小〜水戸駅, 鯉渕営業所〜桜川団地〜水戸駅, 鯉渕営業所〜表町〜水戸駅, 水戸駅〜旭台〜友部駅, 赤塚駅南口〜谷中〜鯉渕営業所, 友部駅〜中央病院〜水戸駅"
大岡西,桜川市,平沢・山口ルート
湖南住宅前,関東鉄道（株）,湖南住宅前〜千波小学校前
三反田小学校前,茨城交通（株）,勝田駅前〜金上〜那珂湊駅
桜川橋,茨城交通（株）,"水戸〜桜ノ牧高入口〜水戸医療C, 水戸医療C〜桜ノ牧高入口〜水戸, 水戸駅〜清水〜総合運動公園前, 浜田〜日赤〜桜ノ牧高校"
ひばりケ丘（湊）,茨城交通（株）,那珂湊駅〜十三奉行〜阿字ケ浦駅
後川,茨城交通（株）,千波循環文化C経由
後川,関東鉄道（株）,"吉沢車庫〜畑中・長堀・後川〜水戸駅, 水戸駅〜後川・長堀・畑中・払沢・舟付坂上〜水戸駅, 偕楽園〜水戸駅・後川・長堀・畑中・払沢・舟付坂上〜水戸駅, 偕楽園〜水戸駅・長堀・畑中・払沢・水戸駅〜偕楽園, 県自校〜南平台団地前・県庁BT・長堀・水戸駅〜偕楽園, 【市役所】水戸駅南口〜後川〜緑高〜畑中〜払沢〜舟付坂上〜駅南"
桜川車庫,茨城交通（株）,"鯉渕営業所〜河和田小〜水戸駅, 桜川車庫〜桜山〜水戸駅南口, 桜川車庫〜桜川団地〜水戸駅, 桜川車庫〜山房〜表町〜水戸駅, 若宮団地〜城東水戸駅〜桜川車庫, 水戸駅〜大内田〜桜川車庫, 赤塚駅南口〜桜ノ牧高〜智学館, 赤塚南口〜桜ノ牧高〜水戸医療C, 浜田〜城東水戸駅〜桜川車庫"
ファミリークリニック西,ひたちなか市,田彦・金上コース
岩瀬高校南,桜川市,桜川市バス「ヤマザクラGO」
水城高校前,茨城交通（株）,浜田営業所〜市役所〜水戸駅南口
本町二丁目,茨城交通（株）,"茨大前〜FT〜アクア〜那珂湊駅, 茨大前〜アクア〜那珂湊駅, 茨大前〜酒門〜常磐の杜, 茨大前〜水戸〜東前〜大串公園, 茨大前〜水戸駅〜アクアワールド, 茨大前〜水戸駅〜大洗〜那珂湊駅, 茨大前〜大洗〜FT〜那珂湊駅, 茨大前〜大野〜平磯中学校下, 茨大前営業所〜大野〜那珂湊駅, 若宮団地〜茨大前〜水戸NT, 若宮団地〜水戸駅〜渡里GC, 若宮団地〜柳町〜水戸駅, 常磐〜会館〜中央病院〜水戸駅, 常磐〜団地〜中央病院〜水戸駅, 水戸駅〜水戸中央病院, 水戸駅〜大洗〜那珂湊駅, 水戸駅〜大洗FT〜那珂湊駅, 水戸駅〜中央病院〜元石川団地, 水戸駅〜東前団地〜大串公園, 浜田〜水戸駅〜渡里GC, 浜田〜柳町〜水戸駅, 浜田営業所〜市役所〜水戸駅南口, 浜田営業所〜水戸駅〜御前山車庫, 浜田営業所〜柳町〜水戸駅南口"
御茶園,関東鉄道（株）,湖南住宅前〜千波小学校前
ショッピングセンター南,茨城交通（株）,"茨大前〜水戸〜東前〜大串公園, 水戸駅〜東前団地〜大串公園"
平磯遠原中央,ひたちなか市,平磯那珂湊
西念寺,茨城交通（株）,笠間駅前〜桃山
平和公園前,茨城交通（株）,浜田営業所〜市役所〜水戸駅南口
内原中学校前,茨城交通（株）,イオン水戸内原〜内原循環
常銀内原支店前,茨城交通（株）,"イオン水戸内原〜鯉渕営業所, イオン水戸内原〜内原循環"
本町一丁目,茨城交通（株）,"茨大前〜FT〜アクア〜那珂湊駅, 茨大前〜アクア〜那珂湊駅, 茨大前〜酒門〜常磐の杜, 茨大前〜水戸〜東前〜大串公園, 茨大前〜水戸駅〜アクアワールド, 茨大前〜水戸駅〜大洗〜那珂湊駅, 茨大前〜大洗〜FT〜那珂湊駅, 茨大前〜大野〜平磯中学校下, 茨大前営業所〜大野〜那珂湊駅, 若宮団地〜茨大前〜水戸NT, 若宮団地〜水戸駅〜渡里GC, 若宮団地〜柳町〜水戸駅, 常磐〜会館〜中央病院〜水戸駅, 常磐〜団地〜中央病院〜水戸駅, 水戸駅〜水戸中央病院, 水戸駅〜大洗〜那珂湊駅, 水戸駅〜大洗FT〜那珂湊駅, 水戸駅〜中央病院〜元石川団地, 水戸駅〜東前団地〜大串公園, 浜田〜水戸駅〜渡里GC, 浜田〜柳町〜水戸駅, 浜田営業所〜市役所〜水戸駅南口, 浜田営業所〜水戸駅〜御前山車庫, 浜田営業所〜柳町〜水戸駅南口, 蓮乗寺〜水戸駅"
本町1丁目,関東鉄道（株）,"県自動車学校〜平須・大工町・水戸駅・三高下〜運転免許センター, 水戸駅〜台町・三高下〜運転免許センター, 茨城町役場〜矢頭・台町・三高下・水戸駅〜県庁バスターミナル, 県自動車学校〜台町・三高下・水戸駅〜県庁バスターミナル, 吉沢車庫〜台町・三高下・水戸駅・平須〜県自動車学校, 吉沢車庫〜台町・三高下〜水戸駅, 吉沢車庫〜台町・三高下・水戸駅・千波〜県庁バスターミナル, 吉沢車庫〜四中前・水戸駅南口〜水戸駅, 水戸医療センター〜寿小前・水戸駅・市役所前・台町〜吉沢車庫, 運転免許センター〜矢頭・台町・水戸駅・大工町〜県自動車学校, 県自動車学校〜台町〜水戸駅〜大工町〜県自動車学校"
東大野,茨城交通（株）,"阿字ケ浦駅〜茨大前営業所, 茨大前〜大野〜平磯中学校下, 茨大前営業所〜大野〜那珂湊駅"
月山寺,桜川市,西小塙・高幡ルート
東原（水戸）,茨城交通（株）,"鯉渕営業所〜河和田小〜水戸駅, 桜川車庫〜桜山〜水戸駅南口, 桜川車庫〜桜川団地〜水戸駅, 若宮団地〜城東水戸駅〜桜川車庫, 水戸駅〜大内田〜桜川車庫, 赤塚駅南口〜桜ノ牧高〜智学館, 赤塚南口〜桜ノ牧高〜水戸医療C, 浜田〜城東水戸駅〜桜川車庫"
桜川西団地,茨城交通（株）,"鯉渕営業所〜河和田小〜水戸駅, 桜川車庫〜桜山〜水戸駅南口, 桜川車庫〜桜川団地〜水戸駅, 若宮団地〜城東水戸駅〜桜川車庫, 水戸駅〜大内田〜桜川車庫, 浜田〜城東水戸駅〜桜川車庫"
荒野（水戸市見川）,茨城交通（株）,"若宮団地〜城東水戸駅〜桜川車庫, 水戸駅〜大内田〜桜川車庫, 浜田〜城東水戸駅〜桜川車庫"
青物町,茨城交通（株）,"茨大前〜酒門〜常磐の杜, 茨大前〜水戸〜東前〜大串公園, 水戸駅〜東前団地〜大串公園"
青物町,関東鉄道（株）,"けやき台団地〜竹隅町〜水戸駅, けやき台団地〜竹隈町・水戸駅・大工町・ときわ台団地〜大山台住, 東部工業団地〜竹隅町〜水戸駅, 東部工業団地〜竹隅町・水戸駅・大工町〜県庁バスターミナル, 東部工業団地〜竹隈町・水戸駅・大工町・ときわ台団地〜大山台住, けやき台団地〜水戸駅〜大山台住宅〜赤塚駅南口, 東部工業団地〜水戸駅〜大工町〜大山台住宅〜赤塚駅南口, けやき台団地〜太刀洗〜水戸駅〜大工町〜偕楽園"
圷大野西,茨城交通（株）,"阿字ケ浦駅〜茨大前営業所, 茨大前〜大野〜平磯中学校下, 茨大前営業所〜大野〜那珂湊駅"
浜田南,茨城交通（株）,"茨大前〜FT〜アクア〜那珂湊駅, 茨大前〜アクア〜那珂湊駅, 茨大前〜水戸〜東前〜大串公園, 茨大前〜水戸駅〜アクアワールド, 茨大前〜水戸駅〜大洗〜那珂湊駅, 茨大前〜大洗〜FT〜那珂湊駅, 茨大前〜大洗FT, 常磐〜会館〜中央病院〜水戸駅, 常磐〜団地〜中央病院〜水戸駅, 常磐の杜〜百合が丘〜水戸駅, 水戸駅〜水戸中央病院, 水戸駅〜大洗〜那珂湊駅, 水戸駅〜大洗FT〜那珂湊駅, 水戸駅〜中央病院〜元石川団地, 水戸駅〜東前団地〜大串公園"
舟付坂上,茨城交通（株）,"千波循環, 千波循環文化C経由"
舟付坂上,関東鉄道（株）,"吉沢車庫〜畑中・払沢・舟付坂上〜水戸駅, 水戸駅〜後川・長堀・畑中・払沢・舟付坂上〜水戸駅, 偕楽園〜水戸駅・後川・長堀・畑中・払沢・舟付坂上〜水戸駅, 偕楽園〜水戸駅・長堀・畑中・払沢・水戸駅〜偕楽園, 【市役所】水戸駅南口〜後川〜緑高〜畑中〜払沢〜舟付坂上〜駅南"
水城高校前,関東鉄道（株）,"イオンタウン水戸南〜県自校・米沢中央・みなみ団地〜水戸駅南口, 吉沢車庫〜米沢町入口・みなみ団地入口〜水戸駅南口, 県自校〜みなみ団地・市役所・水戸駅・木工団地〜市立競技場, 県自校〜みなみ団地・市役所・水戸駅・木工団地〜植物公園, 水戸駅南口〜みなみ団地・県庁前・寿小入口〜水戸医療センター, 県自校〜みなみ団地〜水戸駅南口, 水戸駅南口〜工業高校, けやき台団地〜みなみ団地入口〜水戸駅南口, 水戸駅南口〜笠原橋東〜中水門橋東〜水戸駅南口, 笠原橋東〜南平台団地〜中水門橋東〜水戸駅南口, 水戸駅南口〜笠原橋東〜南平台団地〜中水門橋東, 県庁BT〜中水門橋東〜みなみ団地入口〜水戸駅南口"
城南病院前,茨城交通（株）,浜田営業所〜市役所〜水戸駅南口
上大野市民センター,茨城交通（株）,"阿字ケ浦駅〜茨大前営業所, 茨大前〜大野〜平磯中学校下, 茨大前営業所〜大野〜那珂湊駅"
富士見台西,桜川市,"友部・猿田ルート, 西小塙・高幡ルート, 平沢・山口ルート, 南飯田・門毛ルート, 富谷・大泉ルート, 長方・本郷ルート, 犬田・青木ルート"
中下入口,茨城交通（株）,赤塚駅南口〜常陸高田
大内田センター,関東鉄道（株）,"けやき台団地〜水戸駅〜大山台住宅〜赤塚駅南口, 東部工業団地〜水戸駅〜大工町〜大山台住宅〜赤塚駅南口, 水戸駅〜大工町〜大山台住宅〜赤塚駅南口, 吉沢車庫〜一里塚〜県福祉会館前〜大山台住宅〜赤塚駅南口, 水戸駅〜芳流橋〜大山台住宅〜赤塚駅南口"
千波本郷,関東鉄道（株）,湖南住宅前〜千波小学校前
極楽,茨城交通（株）,"阿字ケ浦駅〜茨大前営業所, 茨大前〜大野〜平磯中学校下, 茨大前営業所〜大野〜那珂湊駅"
千波坂上,関東鉄道（株）,"県自動車学校〜平須・大工町・水戸駅・三高下〜運転免許センター, 茨城町役場〜矢頭・台町・三高下・水戸駅〜県庁バスターミナル, 県自動車学校〜台町・三高下・水戸駅〜県庁バスターミナル, 吉沢車庫〜台町・三高下・水戸駅・平須〜県自動車学校, 吉沢車庫〜台町・三高下・水戸駅・千波〜県庁バスターミナル, けやき台団地〜竹隈町・水戸駅・大工町・ときわ台団地〜大山台住, 東部工業団地〜竹隅町・水戸駅・大工町〜県庁バスターミナル, 東部工業団地〜竹隈町・水戸駅・大工町・ときわ台団地〜大山台住, けやき台団地〜水戸駅〜大山台住宅〜赤塚駅南口, 東部工業団地〜水戸駅〜大工町〜大山台住宅〜赤塚駅南口, 水戸駅〜大工町〜大山台住宅〜赤塚駅南口, 石岡車庫〜石岡駅・堅倉・奥ノ谷・千波・大工町〜水戸駅, 水戸駅〜大工町・千波・奥ノ谷・堅倉〜石岡駅, 堅倉〜奥ノ谷・平須・千波・大工町〜水戸駅, 水戸駅〜大工町・千波・平須〜奥ノ谷坂上, 県庁バスターミナル〜千波・大工町〜水戸駅, 水戸駅〜大工町・千波・寿小学校前〜水戸医療センター, 水戸医療センター〜寿小前・水戸駅・市役所前・台町〜吉沢車庫, 水戸駅〜千波坂上・千波〜茨城町役場, 奥ノ谷坂上〜平須・千波・芳流橋〜水戸駅, 水戸駅〜芳流橋・千波・平須〜県自動車学校, 大山台住宅〜ときわ台団地・千波坂上・芳流橋〜水戸駅, 県庁バスターミナル〜千波・芳流橋〜水戸駅, 水戸駅〜芳流橋・千波・寿小学校前〜水戸医療センター, 水戸駅〜芳流橋〜大山台住宅〜赤塚駅南口, 県自校〜みなみ団地・市役所・水戸駅・木工団地〜市立競技場, 県自校〜みなみ団地・市役所・水戸駅・木工団地〜植物公園, 水戸駅〜大工町・千波・木工団地前〜植物公園, 市立競技場〜木工団地前・千波・大工町〜水戸駅, 県自動車学校〜平須・大工町〜水戸駅, 運転免許センター〜矢頭・台町・水戸駅・大工町〜県自動車学校, 県自動車学校〜台町〜水戸駅〜大工町〜県自動車学校"
千波坂上,関鉄グリーンバス（株）,"茨城空港〜奥ノ谷〜水戸駅, 水戸駅〜海老沢〜役場〜鉾田駅, 水戸駅〜千波〜奥ノ谷, 水戸駅〜大工町〜奥ノ谷坂上, 水戸駅〜大和田〜鉾田駅, 水戸駅〜町役場（関鉄グリーン）"
西団地入口,茨城交通（株）,"鯉渕営業所〜河和田小〜水戸駅, 桜川車庫〜桜山〜水戸駅南口, 桜川車庫〜桜川団地〜水戸駅, 若宮団地〜城東水戸駅〜桜川車庫, 水戸駅〜大内田〜桜川車庫, 赤塚駅南口〜桜ノ牧高〜智学館, 赤塚南口〜桜ノ牧高〜水戸医療C, 浜田〜城東水戸駅〜桜川車庫"
千波下本郷,茨城交通（株）,"千波循環, 千波循環文化C経由"
千波下本郷,関東鉄道（株）,"吉沢車庫〜畑中・長堀・後川〜水戸駅, 水戸駅〜後川・長堀・畑中・払沢・舟付坂上〜水戸駅, 偕楽園〜水戸駅・後川・長堀・畑中・払沢・舟付坂上〜水戸駅, 偕楽園〜水戸駅・長堀・畑中・払沢・水戸駅〜偕楽園, 県自校〜南平台団地前・県庁BT・長堀・水戸駅〜偕楽園, 湖南住宅前〜千波小学校前, 【市役所】水戸駅南口〜後川〜緑高〜畑中〜払沢〜舟付坂上〜駅南"
岩瀬中央,桜川市,"桜川市バス「ヤマザクラGO」, 友部・猿田ルート, 西小塙・高幡ルート, 平沢・山口ルート, 南飯田・門毛ルート, 富谷・大泉ルート, 長方・本郷ルート, 犬田・青木ルート"
圷大野,茨城交通（株）,"阿字ケ浦駅〜茨大前営業所, 茨大前〜大野〜平磯中学校下, 茨大前営業所〜大野〜那珂湊駅"
富士見台東,桜川市,"友部・猿田ルート, 西小塙・高幡ルート, 平沢・山口ルート, 南飯田・門毛ルート, 富谷・大泉ルート, 長方・本郷ルート, 犬田・青木ルート"
平磯中入口,ひたちなか市,那珂湊コース
紺屋町,茨城交通（株）,蓮乗寺〜水戸駅
下泉中,桜川市,長方・本郷ルート
浜田幼稚園前,茨城交通（株）,"茨大前〜水戸〜東前〜大串公園, 水戸駅〜東前団地〜大串公園"
内原庁舎前,茨城交通（株）,"イオン水戸内原〜鯉渕営業所, イオン水戸内原〜内原循環"
平磯中学校下,茨城交通（株）,"阿字ケ浦駅〜茨大前営業所, 茨大前〜大野〜平磯中学校下, 那珂湊駅〜平磯中学校下"
円通寺前,茨城交通（株）,"千波循環, 千波循環文化C経由"
円通寺前,関東鉄道（株）,"吉沢車庫〜畑中・払沢・舟付坂上〜水戸駅, 水戸駅〜後川・長堀・畑中・払沢・舟付坂上〜水戸駅, 偕楽園〜水戸駅・後川・長堀・畑中・払沢・舟付坂上〜水戸駅, 偕楽園〜水戸駅・長堀・畑中・払沢・水戸駅〜偕楽園, 【市役所】水戸駅南口〜後川〜緑高〜畑中〜払沢〜舟付坂上〜駅南"
常陸山橋,茨城交通（株）,茨大前〜酒門〜常磐の杜
常陸山橋,関東鉄道（株）,"けやき台団地〜竹隅町〜水戸駅, けやき台団地〜竹隈町・水戸駅・大工町・ときわ台団地〜大山台住, 東部工業団地〜竹隅町〜水戸駅, 東部工業団地〜竹隅町・水戸駅・大工町〜県庁バスターミナル, 東部工業団地〜竹隈町・水戸駅・大工町・ときわ台団地〜大山台住, けやき台団地〜水戸駅〜大山台住宅〜赤塚駅南口, 東部工業団地〜水戸駅〜大工町〜大山台住宅〜赤塚駅南口, けやき台団地〜太刀洗〜水戸駅〜大工町〜偕楽園"
朝日町,関東鉄道（株）,"県自動車学校〜平須・大工町・水戸駅・三高下〜運転免許センター, 水戸駅〜台町・三高下〜運転免許センター, 茨城町役場〜矢頭・台町・三高下・水戸駅〜県庁バスターミナル, 県自動車学校〜台町・三高下・水戸駅〜県庁バスターミナル, 吉沢車庫〜台町・三高下・水戸駅・平須〜県自動車学校, 吉沢車庫〜台町・三高下〜水戸駅, 吉沢車庫〜台町・三高下・水戸駅・千波〜県庁バスターミナル, 吉沢車庫〜四中前・水戸駅南口〜水戸駅, 水戸医療センター〜寿小前・水戸駅・市役所前・台町〜吉沢車庫, 運転免許センター〜矢頭・台町・水戸駅・大工町〜県自動車学校, 県自動車学校〜台町〜水戸駅〜大工町〜県自動車学校"
黒沢歯科医院,ひたちなか市,平磯那珂湊
中大野,茨城交通（株）,"阿字ケ浦駅〜茨大前営業所, 茨大前〜大野〜平磯中学校下, 茨大前営業所〜大野〜那珂湊駅"
平磯遠原集会所,ひたちなか市,平磯那珂湊
十三奉行,茨城交通（株）,那珂湊駅〜十三奉行〜阿字ケ浦駅
十三奉行西,ひたちなか市,平磯那珂湊
南組,茨城交通（株）,赤塚駅南口〜常陸高田
高井,茨城交通（株）,勝田駅前〜金上〜那珂湊駅
白梅坂上,関東鉄道（株）,"イオンタウン水戸南〜県自校・米沢中央・みなみ団地〜水戸駅南口, 吉沢車庫〜米沢町入口・みなみ団地入口〜水戸駅南口, 県自校〜みなみ団地・市役所・水戸駅・木工団地〜市立競技場, 県自校〜みなみ団地・市役所・水戸駅・木工団地〜植物公園, 水戸駅南口〜みなみ団地・県庁前・寿小入口〜水戸医療センター, 県自校〜みなみ団地〜水戸駅南口, 水戸駅南口〜工業高校, けやき台団地〜みなみ団地入口〜水戸駅南口, 水戸駅南口〜笠原橋東〜中水門橋東〜水戸駅南口, 笠原橋東〜南平台団地〜中水門橋東〜水戸駅南口, 水戸駅南口〜笠原橋東〜南平台団地〜中水門橋東, 県庁BT〜中水門橋東〜みなみ団地入口〜水戸駅南口"
丹下十文字,茨城交通（株）,"水戸〜桜ノ牧高入口〜水戸医療C, 水戸医療C〜桜ノ牧高入口〜水戸, 水戸駅〜清水〜総合運動公園前, 赤塚駅南口〜桜ノ牧高〜智学館, 赤塚南口〜桜ノ牧高〜水戸医療C, 浜田〜日赤〜桜ノ牧高校"
稲荷橋ふるさとコミュニティセンター,桜川市,西小塙・高幡ルート
桜川市役所岩瀬庁舎,桜川市,"桜川市バス「ヤマザクラGO」, 友部・猿田ルート, 西小塙・高幡ルート, 平沢・山口ルート, 南飯田・門毛ルート, 富谷・大泉ルート, 長方・本郷ルート, 犬田・青木ルート"
平磯遠原,ひたちなか市,平磯那珂湊
御茶園入口,茨城交通（株）,"千波循環, 千波循環文化C経由"
御茶園入口,関東鉄道（株）,"吉沢車庫〜畑中・長堀・後川〜水戸駅, 水戸駅〜後川・長堀・畑中・払沢・舟付坂上〜水戸駅, 偕楽園〜水戸駅・後川・長堀・畑中・払沢・舟付坂上〜水戸駅, 偕楽園〜水戸駅・長堀・畑中・払沢・水戸駅〜偕楽園, 県自校〜南平台団地前・県庁BT・長堀・水戸駅〜偕楽園, 【市役所】水戸駅南口〜後川〜緑高〜畑中〜払沢〜舟付坂上〜駅南"
鍬田,桜川市,桜川市バス「ヤマザクラGO」
葵陵高校入口,関東鉄道（株）,"県自動車学校〜平須・大工町・水戸駅・三高下〜運転免許センター, 茨城町役場〜矢頭・台町・三高下・水戸駅〜県庁バスターミナル, 県自動車学校〜台町・三高下・水戸駅〜県庁バスターミナル, 吉沢車庫〜台町・三高下・水戸駅・平須〜県自動車学校, 吉沢車庫〜台町・三高下・水戸駅・千波〜県庁バスターミナル, けやき台団地〜竹隈町・水戸駅・大工町・ときわ台団地〜大山台住, 東部工業団地〜竹隅町・水戸駅・大工町〜県庁バスターミナル, 東部工業団地〜竹隈町・水戸駅・大工町・ときわ台団地〜大山台住, けやき台団地〜水戸駅〜大山台住宅〜赤塚駅南口, 東部工業団地〜水戸駅〜大工町〜大山台住宅〜赤塚駅南口, 水戸駅〜大工町〜大山台住宅〜赤塚駅南口, 石岡車庫〜石岡駅・堅倉・奥ノ谷・千波・大工町〜水戸駅, 水戸駅〜大工町・千波・奥ノ谷・堅倉〜石岡駅, 堅倉〜奥ノ谷・平須・千波・大工町〜水戸駅, 水戸駅〜大工町・千波・平須〜奥ノ谷坂上, 県庁バスターミナル〜千波・大工町〜水戸駅, 水戸駅〜大工町・千波・寿小学校前〜水戸医療センター, 水戸医療センター〜寿小前・水戸駅・市役所前・台町〜吉沢車庫, 水戸駅〜千波坂上・千波〜茨城町役場, 奥ノ谷坂上〜平須・千波・芳流橋〜水戸駅, 水戸駅〜芳流橋・千波・平須〜県自動車学校, 大山台住宅〜ときわ台団地・千波坂上・芳流橋〜水戸駅, 県庁バスターミナル〜千波・芳流橋〜水戸駅, 水戸駅〜芳流橋・千波・寿小学校前〜水戸医療センター, 水戸駅〜芳流橋〜大山台住宅〜赤塚駅南口, 県自校〜みなみ団地・市役所・水戸駅・木工団地〜市立競技場, 県自校〜みなみ団地・市役所・水戸駅・木工団地〜植物公園, 水戸駅〜大工町・千波・木工団地前〜植物公園, 市立競技場〜木工団地前・千波・大工町〜水戸駅, 県自動車学校〜平須・大工町〜水戸駅, 運転免許センター〜矢頭・台町・水戸駅・大工町〜県自動車学校, 県自動車学校〜台町〜水戸駅〜大工町〜県自動車学校"
葵陵高校入口,関鉄グリーンバス（株）,"茨城空港〜奥ノ谷〜水戸駅, 水戸駅〜海老沢〜役場〜鉾田駅, 水戸駅〜千波〜奥ノ谷, 水戸駅〜大工町〜奥ノ谷坂上, 水戸駅〜大和田〜鉾田駅, 水戸駅〜町役場（関鉄グリーン）"
払沢地蔵前,茨城交通（株）,"千波循環, 千波循環文化C経由"
払沢地蔵前,関東鉄道（株）,"吉沢車庫〜畑中・払沢・舟付坂上〜水戸駅, 水戸駅〜後川・長堀・畑中・払沢・舟付坂上〜水戸駅, 偕楽園〜水戸駅・後川・長堀・畑中・払沢・舟付坂上〜水戸駅, 偕楽園〜水戸駅・長堀・畑中・払沢・水戸駅〜偕楽園, 【市役所】水戸駅南口〜後川〜緑高〜畑中〜払沢〜舟付坂上〜駅南"
吉田神社前,関東鉄道（株）,"県自動車学校〜平須・大工町・水戸駅・三高下〜運転免許センター, 水戸駅〜台町・三高下〜運転免許センター, 茨城町役場〜矢頭・台町・三高下・水戸駅〜県庁バスターミナル, 県自動車学校〜台町・三高下・水戸駅〜県庁バスターミナル, 吉沢車庫〜台町・三高下・水戸駅・平須〜県自動車学校, 吉沢車庫〜台町・三高下〜水戸駅, 吉沢車庫〜台町・三高下・水戸駅・千波〜県庁バスターミナル, 吉沢車庫〜四中前・水戸駅南口〜水戸駅, 水戸医療センター〜寿小前・水戸駅・市役所前・台町〜吉沢車庫, 運転免許センター〜矢頭・台町・水戸駅・大工町〜県自動車学校, 県自動車学校〜台町〜水戸駅〜大工町〜県自動車学校"
中道,茨城交通（株）,赤塚駅南口〜常陸高田
出河原,茨城交通（株）,"阿字ケ浦駅〜茨大前営業所, 茨大前〜大野〜平磯中学校下, 茨大前営業所〜大野〜那珂湊駅"
朝日町三区,茨城交通（株）,蓮乗寺〜水戸駅
三中前（水戸）,茨城交通（株）,蓮乗寺〜水戸駅
羅漢橋,茨城交通（株）,"茨大前〜FT〜アクア〜那珂湊駅, 茨大前〜アクア〜那珂湊駅, 茨大前〜水戸〜東前〜大串公園, 茨大前〜水戸駅〜アクアワールド, 茨大前〜水戸駅〜大洗〜那珂湊駅, 茨大前〜大洗〜FT〜那珂湊駅, 茨大前〜大洗FT, 常磐〜会館〜中央病院〜水戸駅, 常磐〜団地〜中央病院〜水戸駅, 常磐の杜〜百合が丘〜水戸駅, 水戸駅〜水戸中央病院, 水戸駅〜大洗〜那珂湊駅, 水戸駅〜大洗FT〜那珂湊駅, 水戸駅〜中央病院〜元石川団地, 水戸駅〜東前団地〜大串公園"
総合学校前（稲田）,茨城交通（株）,笠間駅前〜桃山
千波上本郷,茨城交通（株）,"千波循環, 千波循環文化C経由"
千波上本郷,関東鉄道（株）,"吉沢車庫〜畑中・長堀・後川〜水戸駅, 水戸駅〜後川・長堀・畑中・払沢・舟付坂上〜水戸駅, 偕楽園〜水戸駅・後川・長堀・畑中・払沢・舟付坂上〜水戸駅, 偕楽園〜水戸駅・長堀・畑中・払沢・水戸駅〜偕楽園, 県自校〜南平台団地前・県庁BT・長堀・水戸駅〜偕楽園, 【市役所】水戸駅南口〜後川〜緑高〜畑中〜払沢〜舟付坂上〜駅南"
報徳,茨城交通（株）,"鯉渕営業所〜河和田小〜水戸駅, 鯉渕営業所〜桜川団地〜水戸駅, 鯉渕営業所〜表町〜水戸駅, 水戸駅〜旭台〜友部駅, 赤塚駅南口〜谷中〜鯉渕営業所, 友部駅〜中央病院〜水戸駅"
岩瀬駅,桜川市,"桜川市バス「ヤマザクラGO」, 友部・猿田ルート, 西小塙・高幡ルート, 平沢・山口ルート, 南飯田・門毛ルート, 富谷・大泉ルート, 長方・本郷ルート, 犬田・青木ルート"
仲田,茨城交通（株）,茨大前〜酒門〜常磐の杜
仲田,関東鉄道（株）,"けやき台団地〜竹隅町〜水戸駅, けやき台団地〜竹隈町・水戸駅・大工町・ときわ台団地〜大山台住, 東部工業団地〜竹隅町〜水戸駅, 東部工業団地〜竹隅町・水戸駅・大工町〜県庁バスターミナル, 東部工業団地〜竹隈町・水戸駅・大工町・ときわ台団地〜大山台住, けやき台団地〜水戸駅〜大山台住宅〜赤塚駅南口, 東部工業団地〜水戸駅〜大工町〜大山台住宅〜赤塚駅南口, けやき台団地〜太刀洗〜水戸駅〜大工町〜偕楽園"
谷中（上城）,桜川市,西小塙・高幡ルート
平磯浜田町,茨城交通（株）,"阿字ケ浦駅〜茨大前営業所, 茨大前〜大野〜平磯中学校下, 那珂湊駅〜平磯中学校下"
平磯浜田町,ひたちなか市,"那珂湊コース, 平磯那珂湊"
リリースポーツクラブ前,茨城交通（株）,イオン水戸内原〜鯉渕営業所
ロー学校前,茨城交通（株）,"千波循環, 千波循環文化C経由"
聾学校前,関東鉄道（株）,"吉沢車庫〜畑中・長堀・後川〜水戸駅, 水戸駅〜後川・長堀・畑中・払沢・舟付坂上〜水戸駅, 偕楽園〜水戸駅・後川・長堀・畑中・払沢・舟付坂上〜水戸駅, 偕楽園〜水戸駅・長堀・畑中・払沢・水戸駅〜偕楽園, 県自校〜南平台団地前・県庁BT・長堀・水戸駅〜偕楽園, 【市役所】水戸駅南口〜後川〜緑高〜畑中〜払沢〜舟付坂上〜駅南"
西小塙三区,桜川市,西小塙・高幡ルート
平磯駅北,ひたちなか市,平磯那珂湊
平磯保育園,ひたちなか市,平磯那珂湊
大山台住宅,関東鉄道（株）,"けやき台団地〜竹隈町・水戸駅・大工町・ときわ台団地〜大山台住, 東部工業団地〜竹隈町・水戸駅・大工町・ときわ台団地〜大山台住, けやき台団地〜水戸駅〜大山台住宅〜赤塚駅南口, 東部工業団地〜水戸駅〜大工町〜大山台住宅〜赤塚駅南口, 水戸駅〜大工町〜大山台住宅〜赤塚駅南口, 吉沢車庫〜一里塚〜県福祉会館前〜大山台住宅〜赤塚駅南口, 大山台住宅〜ときわ台団地・千波坂上・芳流橋〜水戸駅, 水戸駅〜芳流橋〜大山台住宅〜赤塚駅南口"
金比羅前,茨城交通（株）,那珂湊駅〜十三奉行〜阿字ケ浦駅
金比羅前,ひたちなか市,平磯那珂湊
運動公園入口（水戸市）,茨城交通（株）,"水戸〜桜ノ牧高入口〜水戸医療C, 水戸医療C〜桜ノ牧高入口〜水戸, 水戸駅〜清水〜総合運動公園前, 赤塚駅南口〜桜ノ牧高〜智学館, 赤塚南口〜桜ノ牧高〜水戸医療C, 浜田〜日赤〜桜ノ牧高校"
江戸道橋,関東鉄道（株）,"けやき台団地〜水戸駅〜大山台住宅〜赤塚駅南口, 東部工業団地〜水戸駅〜大工町〜大山台住宅〜赤塚駅南口, 水戸駅〜大工町〜大山台住宅〜赤塚駅南口, 吉沢車庫〜一里塚〜県福祉会館前〜大山台住宅〜赤塚駅南口, 水戸駅〜芳流橋〜大山台住宅〜赤塚駅南口"
青柳,桜川市,西小塙・高幡ルート
鍬田西,桜川市,桜川市バス「ヤマザクラGO」
西小塙一区,桜川市,西小塙・高幡ルート
柳沢,茨城交通（株）,勝田駅前〜金上〜那珂湊駅
ときわ台団地,関東鉄道（株）,"けやき台団地〜竹隈町・水戸駅・大工町・ときわ台団地〜大山台住, 東部工業団地〜竹隈町・水戸駅・大工町・ときわ台団地〜大山台住, けやき台団地〜水戸駅〜大山台住宅〜赤塚駅南口, 東部工業団地〜水戸駅〜大工町〜大山台住宅〜赤塚駅南口, 水戸駅〜大工町〜大山台住宅〜赤塚駅南口, 吉沢車庫〜一里塚〜県福祉会館前〜大山台住宅〜赤塚駅南口, 大山台住宅〜ときわ台団地・千波坂上・芳流橋〜水戸駅, 水戸駅〜芳流橋〜大山台住宅〜赤塚駅南口"
新道払沢,関東鉄道（株）,湖南住宅前〜千波小学校前
西小塙二区,桜川市,西小塙・高幡ルート
払沢,茨城交通（株）,"千波循環, 千波循環文化C経由"
払沢,関東鉄道（株）,"吉沢車庫〜畑中・払沢・舟付坂上〜水戸駅, 水戸駅〜後川・長堀・畑中・払沢・舟付坂上〜水戸駅, 偕楽園〜水戸駅・後川・長堀・畑中・払沢・舟付坂上〜水戸駅, 偕楽園〜水戸駅・長堀・畑中・払沢・水戸駅〜偕楽園, 【市役所】水戸駅南口〜後川〜緑高〜畑中〜払沢〜舟付坂上〜駅南"
もみじ台団地,関東鉄道（株）,"けやき台団地〜竹隈町・水戸駅・大工町・ときわ台団地〜大山台住, 東部工業団地〜竹隈町・水戸駅・大工町・ときわ台団地〜大山台住, けやき台団地〜水戸駅〜大山台住宅〜赤塚駅南口, 東部工業団地〜水戸駅〜大工町〜大山台住宅〜赤塚駅南口, 水戸駅〜大工町〜大山台住宅〜赤塚駅南口, 吉沢車庫〜一里塚〜県福祉会館前〜大山台住宅〜赤塚駅南口, 大山台住宅〜ときわ台団地・千波坂上・芳流橋〜水戸駅, 水戸駅〜芳流橋〜大山台住宅〜赤塚駅南口"
緑岡団地,関東鉄道（株）,"けやき台団地〜竹隈町・水戸駅・大工町・ときわ台団地〜大山台住, 東部工業団地〜竹隈町・水戸駅・大工町・ときわ台団地〜大山台住, けやき台団地〜水戸駅〜大山台住宅〜赤塚駅南口, 東部工業団地〜水戸駅〜大工町〜大山台住宅〜赤塚駅南口, 水戸駅〜大工町〜大山台住宅〜赤塚駅南口, 吉沢車庫〜一里塚〜県福祉会館前〜大山台住宅〜赤塚駅南口, 大山台住宅〜ときわ台団地・千波坂上・芳流橋〜水戸駅, 水戸駅〜芳流橋〜大山台住宅〜赤塚駅南口"
雇用促進住宅前,茨城交通（株）,"若宮〜水戸駅〜滝下〜智学館, 水戸駅〜滝下〜桜ノ牧高校, 智学館〜滝下〜水戸駅"
吉田古墳入口,関東鉄道（株）,"イオンタウン水戸南〜県自校・米沢中央・みなみ団地〜水戸駅南口, 吉沢車庫〜米沢町入口・みなみ団地入口〜水戸駅南口, 県自校〜みなみ団地・市役所・水戸駅・木工団地〜市立競技場, 県自校〜みなみ団地・市役所・水戸駅・木工団地〜植物公園, 水戸駅南口〜みなみ団地・県庁前・寿小入口〜水戸医療センター, 県自校〜みなみ団地〜水戸駅南口, 水戸駅南口〜工業高校, けやき台団地〜みなみ団地入口〜水戸駅南口, 水戸駅南口〜笠原橋東〜中水門橋東〜水戸駅南口, 笠原橋東〜南平台団地〜中水門橋東〜水戸駅南口, 水戸駅南口〜笠原橋東〜南平台団地〜中水門橋東, 県庁BT〜中水門橋東〜みなみ団地入口〜水戸駅南口"
谷田町,茨城交通（株）,"茨大前〜FT〜アクア〜那珂湊駅, 茨大前〜アクア〜那珂湊駅, 茨大前〜水戸〜東前〜大串公園, 茨大前〜水戸駅〜アクアワールド, 茨大前〜水戸駅〜大洗〜那珂湊駅, 茨大前〜大洗〜FT〜那珂湊駅, 茨大前〜大洗FT, 常磐〜会館〜中央病院〜水戸駅, 常磐〜団地〜中央病院〜水戸駅, 常磐の杜〜百合が丘〜水戸駅, 水戸駅〜水戸中央病院, 水戸駅〜大洗〜那珂湊駅, 水戸駅〜大洗FT〜那珂湊駅, 水戸駅〜中央病院〜元石川団地, 水戸駅〜東前団地〜大串公園"
台町3丁目,関東鉄道（株）,"県自動車学校〜平須・大工町・水戸駅・三高下〜運転免許センター, 水戸駅〜台町・三高下〜運転免許センター, 茨城町役場〜矢頭・台町・三高下・水戸駅〜県庁バスターミナル, 県自動車学校〜台町・三高下・水戸駅〜県庁バスターミナル, 吉沢車庫〜台町・三高下・水戸駅・平須〜県自動車学校, 吉沢車庫〜台町・三高下〜水戸駅, 吉沢車庫〜台町・三高下・水戸駅・千波〜県庁バスターミナル, 吉沢車庫〜四中前・水戸駅南口〜水戸駅, 水戸医療センター〜寿小前・水戸駅・市役所前・台町〜吉沢車庫, 運転免許センター〜矢頭・台町・水戸駅・大工町〜県自動車学校, 県自動車学校〜台町〜水戸駅〜大工町〜県自動車学校"
酒門坂下,茨城交通（株）,茨大前〜酒門〜常磐の杜
酒門坂下,関東鉄道（株）,"けやき台団地〜竹隅町〜水戸駅, けやき台団地〜竹隈町・水戸駅・大工町・ときわ台団地〜大山台住, 東部工業団地〜竹隅町〜水戸駅, 東部工業団地〜竹隅町・水戸駅・大工町〜県庁バスターミナル, 東部工業団地〜竹隈町・水戸駅・大工町・ときわ台団地〜大山台住, けやき台団地〜水戸駅〜大山台住宅〜赤塚駅南口, 東部工業団地〜水戸駅〜大工町〜大山台住宅〜赤塚駅南口, けやき台団地〜太刀洗〜水戸駅〜大工町〜偕楽園"
千波中山,関東鉄道（株）,"けやき台団地〜竹隈町・水戸駅・大工町・ときわ台団地〜大山台住, 東部工業団地〜竹隈町・水戸駅・大工町・ときわ台団地〜大山台住, けやき台団地〜水戸駅〜大山台住宅〜赤塚駅南口, 東部工業団地〜水戸駅〜大工町〜大山台住宅〜赤塚駅南口, 水戸駅〜大工町〜大山台住宅〜赤塚駅南口, 吉沢車庫〜一里塚〜県福祉会館前〜大山台住宅〜赤塚駅南口, 大山台住宅〜ときわ台団地・千波坂上・芳流橋〜水戸駅, 水戸駅〜芳流橋〜大山台住宅〜赤塚駅南口"
青柳ふるさとコミュニティセンター,桜川市,友部・猿田ルート
下泉公民館,桜川市,長方・本郷ルート
平磯宮崎,茨城交通（株）,"阿字ケ浦駅〜茨大前営業所, 茨大前〜大野〜平磯中学校下, 那珂湊駅〜平磯中学校下"
平磯宮崎,ひたちなか市,"那珂湊コース, 平磯那珂湊"
河和田並木,茨城交通（株）,"鯉渕営業所〜河和田小〜水戸駅, 鯉渕営業所〜桜川団地〜水戸駅, 鯉渕営業所〜表町〜水戸駅, 水戸駅〜旭台〜友部駅, 赤塚駅南口〜谷中〜鯉渕営業所, 友部駅〜中央病院〜水戸駅"
緑岡中学校入口,関東鉄道（株）,"県自動車学校〜平須・大工町・水戸駅・三高下〜運転免許センター, 茨城町役場〜矢頭・台町・三高下・水戸駅〜県庁バスターミナル, 県自動車学校〜台町・三高下・水戸駅〜県庁バスターミナル, 吉沢車庫〜台町・三高下・水戸駅・平須〜県自動車学校, 吉沢車庫〜台町・三高下・水戸駅・千波〜県庁バスターミナル, けやき台団地〜竹隈町・水戸駅・大工町・ときわ台団地〜大山台住, 東部工業団地〜竹隅町・水戸駅・大工町〜県庁バスターミナル, 東部工業団地〜竹隈町・水戸駅・大工町・ときわ台団地〜大山台住, けやき台団地〜水戸駅〜大山台住宅〜赤塚駅南口, 東部工業団地〜水戸駅〜大工町〜大山台住宅〜赤塚駅南口, 水戸駅〜大工町〜大山台住宅〜赤塚駅南口, 石岡車庫〜石岡駅・堅倉・奥ノ谷・千波・大工町〜水戸駅, 水戸駅〜大工町・千波・奥ノ谷・堅倉〜石岡駅, 堅倉〜奥ノ谷・平須・千波・大工町〜水戸駅, 水戸駅〜大工町・千波・平須〜奥ノ谷坂上, 県庁バスターミナル〜千波・大工町〜水戸駅, 水戸駅〜大工町・千波・寿小学校前〜水戸医療センター, 水戸医療センター〜寿小前・水戸駅・市役所前・台町〜吉沢車庫, 水戸駅〜千波坂上・千波〜茨城町役場, 奥ノ谷坂上〜平須・千波・芳流橋〜水戸駅, 水戸駅〜芳流橋・千波・平須〜県自動車学校, 大山台住宅〜ときわ台団地・千波坂上・芳流橋〜水戸駅, 県庁バスターミナル〜千波・芳流橋〜水戸駅, 水戸駅〜芳流橋・千波・寿小学校前〜水戸医療センター, 水戸駅〜芳流橋〜大山台住宅〜赤塚駅南口, 県自校〜みなみ団地・市役所・水戸駅・木工団地〜市立競技場, 県自校〜みなみ団地・市役所・水戸駅・木工団地〜植物公園, 水戸駅〜大工町・千波・木工団地前〜植物公園, 市立競技場〜木工団地前・千波・大工町〜水戸駅, 県自動車学校〜平須・大工町〜水戸駅, 運転免許センター〜矢頭・台町・水戸駅・大工町〜県自動車学校, 県自動車学校〜台町〜水戸駅〜大工町〜県自動車学校"
緑岡中学校入口,関鉄グリーンバス（株）,"茨城空港〜奥ノ谷〜水戸駅, 水戸駅〜海老沢〜役場〜鉾田駅, 水戸駅〜千波〜奥ノ谷, 水戸駅〜大工町〜奥ノ谷坂上, 水戸駅〜大和田〜鉾田駅, 水戸駅〜町役場（関鉄グリーン）"
長方北公民館,桜川市,長方・本郷ルート
平磯駅,ひたちなか市,平磯那珂湊
中曽根,茨城交通（株）,赤塚駅南口〜常陸高田
市民球場前（水戸市）,茨城交通（株）,"若宮〜水戸駅〜滝下〜智学館, 水戸〜桜ノ牧高入口〜水戸医療C, 水戸医療C〜桜ノ牧高入口〜水戸, 水戸駅〜清水〜総合運動公園前, 水戸駅〜滝下〜桜ノ牧高校, 赤塚駅南口〜桜ノ牧高〜智学館, 赤塚南口〜桜ノ牧高〜水戸医療C, 智学館〜滝下〜水戸駅, 浜田〜日赤〜桜ノ牧高校"
関戸（笠間）,茨城交通（株）,笠間駅前〜桃山
平磯コミュニティセンター,ひたちなか市,平磯那珂湊
朝日町二区,茨城交通（株）,蓮乗寺〜水戸駅
総合運動公園前（水戸市）,茨城交通（株）,水戸駅〜清水〜総合運動公園前
田宮原,ひたちなか市,那珂湊コース
下大野,茨城交通（株）,"阿字ケ浦駅〜茨大前営業所, 茨大前〜大野〜平磯中学校下, 茨大前営業所〜大野〜那珂湊駅"
長堀,茨城交通（株）,"千波循環, 千波循環文化C経由"
長堀,関東鉄道（株）,"吉沢車庫〜畑中・長堀・後川〜水戸駅, 水戸駅〜後川・長堀・畑中・払沢・舟付坂上〜水戸駅, 偕楽園〜水戸駅・後川・長堀・畑中・払沢・舟付坂上〜水戸駅, 偕楽園〜水戸駅・長堀・畑中・払沢・水戸駅〜偕楽園, 県自校〜南平台団地前・県庁BT・長堀・水戸駅〜偕楽園, 【市役所】水戸駅南口〜後川〜緑高〜畑中〜払沢〜舟付坂上〜駅南"
平磯川向町,茨城交通（株）,"阿字ケ浦駅〜茨大前営業所, 茨大前〜大野〜平磯中学校下, 那珂湊駅〜平磯中学校下"
平磯川向町,ひたちなか市,"那珂湊コース, 平磯那珂湊"
加茂部一区,桜川市,西小塙・高幡ルート
水戸,桜川市,友部・猿田ルート
千波幼稚園前,関東鉄道（株）,"水戸駅南口〜笠原橋東〜中水門橋東〜水戸駅南口, 笠原橋東〜南平台団地〜中水門橋東〜水戸駅南口, 水戸駅南口〜笠原橋東〜南平台団地〜中水門橋東"
酒門坂上,茨城交通（株）,茨大前〜酒門〜常磐の杜
酒門坂上,関東鉄道（株）,"けやき台団地〜竹隅町〜水戸駅, けやき台団地〜竹隈町・水戸駅・大工町・ときわ台団地〜大山台住, 東部工業団地〜竹隅町〜水戸駅, 東部工業団地〜竹隅町・水戸駅・大工町〜県庁バスターミナル, 東部工業団地〜竹隈町・水戸駅・大工町・ときわ台団地〜大山台住, けやき台団地〜水戸駅〜大山台住宅〜赤塚駅南口, 東部工業団地〜水戸駅〜大工町〜大山台住宅〜赤塚駅南口, けやき台団地〜太刀洗〜水戸駅〜大工町〜偕楽園"
柳沢公民館入口,茨城交通（株）,勝田駅前〜金上〜那珂湊駅
ミトレン河和田前,茨城交通（株）,"鯉渕営業所〜河和田小〜水戸駅, 鯉渕営業所〜桜川団地〜水戸駅, 鯉渕営業所〜表町〜水戸駅, 水戸駅〜旭台〜友部駅, 赤塚駅南口〜谷中〜鯉渕営業所, 友部駅〜中央病院〜水戸駅"
加茂部公民館,桜川市,西小塙・高幡ルート
市営犬田住宅東,桜川市,犬田・青木ルート
福沢住宅口,茨城交通（株）,"千波循環, 千波循環文化C経由"
平磯小学校南,ひたちなか市,平磯那珂湊
平磯コミュニティセンター南,ひたちなか市,平磯那珂湊
北神敷台,ひたちなか市,那珂湊コース
千波中入口,関東鉄道（株）,"イオンタウン水戸南〜県自校・米沢中央・みなみ団地〜水戸駅南口, 吉沢車庫〜米沢町入口・みなみ団地入口〜水戸駅南口, 県自校〜みなみ団地・市役所・水戸駅・木工団地〜市立競技場, 県自校〜みなみ団地・市役所・水戸駅・木工団地〜植物公園, 水戸駅南口〜みなみ団地・県庁前・寿小入口〜水戸医療センター, 県自校〜みなみ団地〜水戸駅南口, 水戸駅南口〜工業高校, けやき台団地〜みなみ団地入口〜水戸駅南口, 水戸駅南口〜笠原橋東〜中水門橋東〜水戸駅南口, 笠原橋東〜南平台団地〜中水門橋東〜水戸駅南口, 水戸駅南口〜笠原橋東〜南平台団地〜中水門橋東, 県庁BT〜中水門橋東〜みなみ団地入口〜水戸駅南口"
千波中央,関東鉄道（株）,"県自動車学校〜平須・大工町・水戸駅・三高下〜運転免許センター, 茨城町役場〜矢頭・台町・三高下・水戸駅〜県庁バスターミナル, 県自動車学校〜台町・三高下・水戸駅〜県庁バスターミナル, 吉沢車庫〜台町・三高下・水戸駅・平須〜県自動車学校, 吉沢車庫〜台町・三高下・水戸駅・千波〜県庁バスターミナル, 東部工業団地〜竹隅町・水戸駅・大工町〜県庁バスターミナル, 吉沢車庫〜一里塚〜県福祉会館前〜大山台住宅〜赤塚駅南口, 石岡車庫〜石岡駅・堅倉・奥ノ谷・千波・大工町〜水戸駅, 水戸駅〜大工町・千波・奥ノ谷・堅倉〜石岡駅, 堅倉〜奥ノ谷・平須・千波・大工町〜水戸駅, 水戸駅〜大工町・千波・平須〜奥ノ谷坂上, 県庁バスターミナル〜千波・大工町〜水戸駅, 水戸駅〜大工町・千波・寿小学校前〜水戸医療センター, 水戸医療センター〜寿小前・水戸駅・市役所前・台町〜吉沢車庫, 水戸駅〜千波坂上・千波〜茨城町役場, 奥ノ谷坂上〜平須・千波・芳流橋〜水戸駅, 水戸駅〜芳流橋・千波・平須〜県自動車学校, 県庁バスターミナル〜千波・芳流橋〜水戸駅, 水戸駅〜芳流橋・千波・寿小学校前〜水戸医療センター, 県自校〜みなみ団地・市役所・水戸駅・木工団地〜市立競技場, 県自校〜みなみ団地・市役所・水戸駅・木工団地〜植物公園, 水戸駅〜大工町・千波・木工団地前〜植物公園, 市立競技場〜木工団地前・千波・大工町〜水戸駅, 県自動車学校〜平須・大工町〜水戸駅, 運転免許センター〜矢頭・台町・水戸駅・大工町〜県自動車学校, 県自動車学校〜台町〜水戸駅〜大工町〜県自動車学校"
千波中央,関鉄グリーンバス（株）,"茨城空港〜奥ノ谷〜水戸駅, 水戸駅〜海老沢〜役場〜鉾田駅, 水戸駅〜千波〜奥ノ谷, 水戸駅〜大工町〜奥ノ谷坂上, 水戸駅〜大和田〜鉾田駅, 水戸駅〜町役場（関鉄グリーン）"
薬王院前,関東鉄道（株）,"県自動車学校〜平須・大工町・水戸駅・三高下〜運転免許センター, 水戸駅〜台町・三高下〜運転免許センター, 茨城町役場〜矢頭・台町・三高下・水戸駅〜県庁バスターミナル, 県自動車学校〜台町・三高下・水戸駅〜県庁バスターミナル, 吉沢車庫〜台町・三高下・水戸駅・平須〜県自動車学校, 吉沢車庫〜台町・三高下〜水戸駅, 吉沢車庫〜台町・三高下・水戸駅・千波〜県庁バスターミナル, 吉沢車庫〜四中前・水戸駅南口〜水戸駅, 水戸医療センター〜寿小前・水戸駅・市役所前・台町〜吉沢車庫, 運転免許センター〜矢頭・台町・水戸駅・大工町〜県自動車学校, 県自動車学校〜台町〜水戸駅〜大工町〜県自動車学校"
ミートセンター,茨城交通（株）,"若宮〜水戸駅〜滝下〜智学館, 水戸駅〜滝下〜桜ノ牧高校, 智学館〜滝下〜水戸駅"
千波小学校前,関東鉄道（株）,湖南住宅前〜千波小学校前
羽黒駅,桜川市,友部・猿田ルート
福沢住宅入口,関東鉄道（株）,"吉沢車庫〜畑中・払沢・舟付坂上〜水戸駅, 水戸駅〜後川・長堀・畑中・払沢・舟付坂上〜水戸駅, 偕楽園〜水戸駅・後川・長堀・畑中・払沢・舟付坂上〜水戸駅, 偕楽園〜水戸駅・長堀・畑中・払沢・水戸駅〜偕楽園, 【市役所】水戸駅南口〜後川〜緑高〜畑中〜払沢〜舟付坂上〜駅南, 水戸駅南口〜笠原橋東〜中水門橋東〜水戸駅南口, 笠原橋東〜南平台団地〜中水門橋東〜水戸駅南口, 水戸駅南口〜笠原橋東〜南平台団地〜中水門橋東"
平磯南町,茨城交通（株）,"阿字ケ浦駅〜茨大前営業所, 茨大前〜大野〜平磯中学校下, 那珂湊駅〜平磯中学校下"
平磯南町,ひたちなか市,"那珂湊コース, 平磯那珂湊"
桜ノ牧高校入口,茨城交通（株）,"若宮〜水戸駅〜滝下〜智学館, 水戸〜桜ノ牧高入口〜水戸医療C, 水戸医療C〜桜ノ牧高入口〜水戸, 水戸駅〜滝下〜桜ノ牧高校, 赤塚駅南口〜桜ノ牧高〜智学館, 赤塚南口〜桜ノ牧高〜水戸医療C, 智学館〜滝下〜水戸駅, 浜田〜日赤〜桜ノ牧高校"
蓮乗寺,茨城交通（株）,蓮乗寺〜水戸駅
長方東,桜川市,長方・本郷ルート
六地蔵入口,茨城交通（株）,"茨大前〜FT〜アクア〜那珂湊駅, 茨大前〜アクア〜那珂湊駅, 茨大前〜水戸〜東前〜大串公園, 茨大前〜水戸駅〜アクアワールド, 茨大前〜水戸駅〜大洗〜那珂湊駅, 茨大前〜大洗〜FT〜那珂湊駅, 茨大前〜大洗FT, 常磐〜会館〜中央病院〜水戸駅, 常磐〜団地〜中央病院〜水戸駅, 常磐の杜〜百合が丘〜水戸駅, 水戸駅〜水戸中央病院, 水戸駅〜大洗〜那珂湊駅, 水戸駅〜大洗FT〜那珂湊駅, 水戸駅〜中央病院〜元石川団地, 水戸駅〜東前団地〜大串公園"
小林報徳,茨城交通（株）,イオン水戸内原〜鯉渕営業所
荒谷一本松北,関東鉄道（株）,"水戸駅南口〜笠原橋東〜中水門橋東〜水戸駅南口, 笠原橋東〜南平台団地〜中水門橋東〜水戸駅南口, 水戸駅南口〜笠原橋東〜南平台団地〜中水門橋東"
鯉渕並木,茨城交通（株）,"鯉渕営業所〜河和田小〜水戸駅, 鯉渕営業所〜桜川団地〜水戸駅, 鯉渕営業所〜表町〜水戸駅, 水戸駅〜旭台〜友部駅, 赤塚駅南口〜谷中〜鯉渕営業所, 友部駅〜中央病院〜水戸駅"
台町,関東鉄道（株）,"県自動車学校〜平須・大工町・水戸駅・三高下〜運転免許センター, 水戸駅〜台町・三高下〜運転免許センター, 茨城町役場〜矢頭・台町・三高下・水戸駅〜県庁バスターミナル, 県自動車学校〜台町・三高下・水戸駅〜県庁バスターミナル, 吉沢車庫〜台町・三高下・水戸駅・平須〜県自動車学校, 吉沢車庫〜台町・三高下〜水戸駅, 吉沢車庫〜台町・三高下・水戸駅・千波〜県庁バスターミナル, 吉沢車庫〜四中前・水戸駅南口〜水戸駅, 水戸医療センター〜寿小前・水戸駅・市役所前・台町〜吉沢車庫, 運転免許センター〜矢頭・台町・水戸駅・大工町〜県自動車学校, 県自動車学校〜台町〜水戸駅〜大工町〜県自動車学校"
西赤坂,ひたちなか市,平磯那珂湊
酒門,茨城交通（株）,茨大前〜酒門〜常磐の杜
酒門,関東鉄道（株）,"けやき台団地〜竹隅町〜水戸駅, けやき台団地〜竹隈町・水戸駅・大工町・ときわ台団地〜大山台住, 東部工業団地〜竹隅町〜水戸駅, 東部工業団地〜竹隅町・水戸駅・大工町〜県庁バスターミナル, 東部工業団地〜竹隈町・水戸駅・大工町・ときわ台団地〜大山台住, けやき台団地〜水戸駅〜大山台住宅〜赤塚駅南口, 東部工業団地〜水戸駅〜大工町〜大山台住宅〜赤塚駅南口, けやき台団地〜太刀洗〜水戸駅〜大工町〜偕楽園"
上城農村集落センター,桜川市,友部・猿田ルート
西友部農村集落センター,桜川市,友部・猿田ルート
清水町北,ひたちなか市,平磯那珂湊
南中曽根,茨城交通（株）,赤塚駅南口〜常陸高田
桜ノ牧高校前,茨城交通（株）,"水戸〜桜ノ牧高入口〜水戸医療C, 赤塚駅南口〜桜ノ牧高〜県庁BT, 赤塚南口〜桜ノ牧高〜水戸医療C"
向井古屋東,茨城交通（株）,"鯉渕営業所〜河和田小〜水戸駅, 鯉渕営業所〜桜川団地〜水戸駅, 鯉渕営業所〜表町〜水戸駅, 水戸駅〜旭台〜友部駅, 赤塚駅南口〜谷中〜鯉渕営業所, 友部駅〜中央病院〜水戸駅"
福沢,茨城交通（株）,"千波循環, 千波循環文化C経由"
福沢,関東鉄道（株）,"吉沢車庫〜畑中・払沢・舟付坂上〜水戸駅, 水戸駅〜後川・長堀・畑中・払沢・舟付坂上〜水戸駅, 偕楽園〜水戸駅・後川・長堀・畑中・払沢・舟付坂上〜水戸駅, 偕楽園〜水戸駅・長堀・畑中・払沢・水戸駅〜偕楽園, 【市役所】水戸駅南口〜後川〜緑高〜畑中〜払沢〜舟付坂上〜駅南"
竹下,茨城交通（株）,笠間駅前〜桃山
荒谷一本松,関東鉄道（株）,"イオンタウン水戸南〜県自校・米沢中央・みなみ団地〜水戸駅南口, 吉沢車庫〜米沢町入口・みなみ団地入口〜水戸駅南口, 県自校〜みなみ団地・市役所・水戸駅・木工団地〜市立競技場, 県自校〜みなみ団地・市役所・水戸駅・木工団地〜植物公園, 水戸駅南口〜みなみ団地・県庁前・寿小入口〜水戸医療センター, 県自校〜みなみ団地〜水戸駅南口, 水戸駅南口〜工業高校, けやき台団地〜みなみ団地入口〜水戸駅南口, 県庁BT〜中水門橋東〜みなみ団地入口〜水戸駅南口"
しあわせプラザ,ひたちなか市,"那珂湊コース, 平磯那珂湊"
長方南・中泉農村集落センター,桜川市,長方・本郷ルート
桜ノ牧高校,茨城交通（株）,"若宮〜水戸駅〜滝下〜智学館, 水戸駅〜滝下〜桜ノ牧高校, 赤塚駅南口〜桜ノ牧高〜智学館, 智学館〜滝下〜水戸駅, 浜田〜日赤〜桜ノ牧高校"
千波,関東鉄道（株）,"県自動車学校〜平須・大工町・水戸駅・三高下〜運転免許センター, 茨城町役場〜矢頭・台町・三高下・水戸駅〜県庁バスターミナル, 県自動車学校〜台町・三高下・水戸駅〜県庁バスターミナル, 吉沢車庫〜台町・三高下・水戸駅・平須〜県自動車学校, 吉沢車庫〜台町・三高下・水戸駅・千波〜県庁バスターミナル, 東部工業団地〜竹隅町・水戸駅・大工町〜県庁バスターミナル, 吉沢車庫〜一里塚〜県福祉会館前〜大山台住宅〜赤塚駅南口, 石岡車庫〜石岡駅・堅倉・奥ノ谷・千波・大工町〜水戸駅, 水戸駅〜大工町・千波・奥ノ谷・堅倉〜石岡駅, 堅倉〜奥ノ谷・平須・千波・大工町〜水戸駅, 水戸駅〜大工町・千波・平須〜奥ノ谷坂上, 県庁バスターミナル〜千波・大工町〜水戸駅, 水戸駅〜大工町・千波・寿小学校前〜水戸医療センター, 水戸医療センター〜寿小前・水戸駅・市役所前・台町〜吉沢車庫, 水戸駅〜千波坂上・千波〜茨城町役場, 奥ノ谷坂上〜平須・千波・芳流橋〜水戸駅, 水戸駅〜芳流橋・千波・平須〜県自動車学校, 県庁バスターミナル〜千波・芳流橋〜水戸駅, 水戸駅〜芳流橋・千波・寿小学校前〜水戸医療センター, 県自校〜みなみ団地・市役所・水戸駅・木工団地〜市立競技場, 県自校〜みなみ団地・市役所・水戸駅・木工団地〜植物公園, 水戸駅〜大工町・千波・木工団地前〜植物公園, 市立競技場〜木工団地前・千波・大工町〜水戸駅, 県自動車学校〜平須・大工町〜水戸駅, 運転免許センター〜矢頭・台町・水戸駅・大工町〜県自動車学校, 県自動車学校〜台町〜水戸駅〜大工町〜県自動車学校"
千波,関鉄グリーンバス（株）,"茨城空港〜奥ノ谷〜水戸駅, 水戸駅〜海老沢〜役場〜鉾田駅, 水戸駅〜千波〜奥ノ谷, 水戸駅〜大工町〜奥ノ谷坂上, 水戸駅〜大和田〜鉾田駅, 水戸駅〜町役場（関鉄グリーン）"
緑岡高校入口,茨城交通（株）,"千波循環, 千波循環文化C経由"
緑岡高校入口,関東鉄道（株）,"吉沢車庫〜畑中・長堀・後川〜水戸駅, 水戸駅〜後川・長堀・畑中・払沢・舟付坂上〜水戸駅, 偕楽園〜水戸駅・後川・長堀・畑中・払沢・舟付坂上〜水戸駅, 偕楽園〜水戸駅・長堀・畑中・払沢・水戸駅〜偕楽園, 県自校〜南平台団地前・県庁BT・長堀・水戸駅〜偕楽園, 【市役所】水戸駅南口〜後川〜緑高〜畑中〜払沢〜舟付坂上〜駅南"
柳が丘団地中央,ひたちなか市,平磯那珂湊
東友部転作推進センター入口,桜川市,友部・猿田ルート
長方南,桜川市,長方・本郷ルート
平磯館,ひたちなか市,平磯那珂湊
友部西,桜川市,友部・猿田ルート
上城東,桜川市,友部・猿田ルート
六反田,茨城交通（株）,"茨大前〜FT〜アクア〜那珂湊駅, 茨大前〜アクア〜那珂湊駅, 茨大前〜水戸〜東前〜大串公園, 茨大前〜水戸駅〜アクアワールド, 茨大前〜水戸駅〜大洗〜那珂湊駅, 茨大前〜大洗〜FT〜那珂湊駅, 茨大前〜大洗FT, 常磐〜会館〜中央病院〜水戸駅, 常磐〜団地〜中央病院〜水戸駅, 常磐の杜〜百合が丘〜水戸駅, 水戸駅〜水戸中央病院, 水戸駅〜大洗〜那珂湊駅, 水戸駅〜大洗FT〜那珂湊駅, 水戸駅〜中央病院〜元石川団地, 水戸駅〜東前団地〜大串公園"
荒谷入口,関東鉄道（株）,"水戸駅南口〜笠原橋東〜中水門橋東〜水戸駅南口, 笠原橋東〜南平台団地〜中水門橋東〜水戸駅南口, 水戸駅南口〜笠原橋東〜南平台団地〜中水門橋東"
茨城県学校給食会前,茨城交通（株）,イオン水戸内原〜鯉渕営業所
荒谷一班,茨城交通（株）,"千波循環, 千波循環文化C経由"
荒谷一班,関東鉄道（株）,"吉沢車庫〜畑中・払沢・舟付坂上〜水戸駅, 水戸駅〜後川・長堀・畑中・払沢・舟付坂上〜水戸駅, 偕楽園〜水戸駅・後川・長堀・畑中・払沢・舟付坂上〜水戸駅, 偕楽園〜水戸駅・長堀・畑中・払沢・水戸駅〜偕楽園, 【市役所】水戸駅南口〜後川〜緑高〜畑中〜払沢〜舟付坂上〜駅南"
相金町北,ひたちなか市,那珂湊コース
市営平磯アパート入口,ひたちなか市,平磯那珂湊
清水町,茨城交通（株）,"阿字ケ浦駅〜茨大前営業所, 茨大前〜大野〜平磯中学校下, 那珂湊駅〜平磯中学校下"
清水町,ひたちなか市,那珂湊コース
子安神社,茨城交通（株）,"千波循環, 千波循環文化C経由"
子安神社前,関東鉄道（株）,"吉沢車庫〜畑中・長堀・後川〜水戸駅, 水戸駅〜後川・長堀・畑中・払沢・舟付坂上〜水戸駅, 偕楽園〜水戸駅・後川・長堀・畑中・払沢・舟付坂上〜水戸駅, 偕楽園〜水戸駅・長堀・畑中・払沢・水戸駅〜偕楽園, 県自校〜南平台団地前・県庁BT・長堀・水戸駅〜偕楽園, 【市役所】水戸駅南口〜後川〜緑高〜畑中〜払沢〜舟付坂上〜駅南"
鴨神社西,桜川市,西小塙・高幡ルート
湊中原,ひたちなか市,平磯那珂湊
犬田北,桜川市,桜川市バス「ヤマザクラGO」
智学館中等教育学校,茨城交通（株）,"若宮〜水戸駅〜滝下〜智学館, 赤塚駅南口〜桜ノ牧高〜智学館, 智学館〜滝下〜水戸駅"
上野原公園,桜川市,長方・本郷ルート
酒門橋,茨城交通（株）,茨大前〜酒門〜常磐の杜
内原特別支援学校前,茨城交通（株）,イオン水戸内原〜鯉渕営業所
福原駅,茨城交通（株）,笠間駅前〜桃山
後藤医院,ひたちなか市,平磯那珂湊
荒谷中央,関東鉄道（株）,"イオンタウン水戸南〜県自校・米沢中央・みなみ団地〜水戸駅南口, 吉沢車庫〜米沢町入口・みなみ団地入口〜水戸駅南口, 県自校〜みなみ団地・市役所・水戸駅・木工団地〜市立競技場, 県自校〜みなみ団地・市役所・水戸駅・木工団地〜植物公園, 水戸駅南口〜みなみ団地・県庁前・寿小入口〜水戸医療センター, 県自校〜みなみ団地〜水戸駅南口, 水戸駅南口〜工業高校, けやき台団地〜みなみ団地入口〜水戸駅南口, 県庁BT〜中水門橋東〜みなみ団地入口〜水戸駅南口"
保健所・メディカルセンター入口,茨城交通（株）,"千波循環, 千波循環文化C経由"
メディカルセンター前（水戸）,関東鉄道（株）,"吉沢車庫〜畑中・長堀・後川〜水戸駅, 水戸駅〜後川・長堀・畑中・払沢・舟付坂上〜水戸駅, 偕楽園〜水戸駅・後川・長堀・畑中・払沢・舟付坂上〜水戸駅, 偕楽園〜水戸駅・長堀・畑中・払沢・水戸駅〜偕楽園, 【市役所】水戸駅南口〜後川〜緑高〜畑中〜払沢〜舟付坂上〜駅南"
柳が丘団地南,ひたちなか市,平磯那珂湊
柳が丘,茨城交通（株）,勝田駅前〜金上〜那珂湊駅
柳が丘,ひたちなか市,平磯那珂湊
太刀洗,関東鉄道（株）,"けやき台団地〜竹隅町〜水戸駅, けやき台団地〜竹隈町・水戸駅・大工町・ときわ台団地〜大山台住, 東部工業団地〜竹隅町〜水戸駅, 東部工業団地〜竹隅町・水戸駅・大工町〜県庁バスターミナル, 東部工業団地〜竹隈町・水戸駅・大工町・ときわ台団地〜大山台住, けやき台団地〜水戸駅〜大山台住宅〜赤塚駅南口, 東部工業団地〜水戸駅〜大工町〜大山台住宅〜赤塚駅南口, けやき台団地〜太刀洗〜水戸駅〜大工町〜偕楽園"
元吉田十字路,関東鉄道（株）,"県自動車学校〜平須・大工町・水戸駅・三高下〜運転免許センター, 水戸駅〜台町・三高下〜運転免許センター, 茨城町役場〜矢頭・台町・三高下・水戸駅〜県庁バスターミナル, 県自動車学校〜台町・三高下・水戸駅〜県庁バスターミナル, 吉沢車庫〜台町・三高下・水戸駅・平須〜県自動車学校, 吉沢車庫〜台町・三高下〜水戸駅, 吉沢車庫〜台町・三高下・水戸駅・千波〜県庁バスターミナル, 吉沢車庫〜四中前・水戸駅南口〜水戸駅, 水戸医療センター〜寿小前・水戸駅・市役所前・台町〜吉沢車庫, 運転免許センター〜矢頭・台町・水戸駅・大工町〜県自動車学校, 県自動車学校〜台町〜水戸駅〜大工町〜県自動車学校"
南神敷台,ひたちなか市,平磯那珂湊
相金町,ひたちなか市,平磯那珂湊
相金町南,ひたちなか市,平磯那珂湊
内原高速バス停入口,茨城交通（株）,イオン水戸内原〜鯉渕営業所
内郷入口（友部）,茨城交通（株）,友部駅〜中央病院〜水戸駅
那珂湊中学校前,茨城交通（株）,那珂湊駅〜十三奉行〜阿字ケ浦駅
畑中（水戸）,茨城交通（株）,"千波循環, 千波循環文化C経由"
畑中,関東鉄道（株）,"吉沢車庫〜畑中・長堀・後川〜水戸駅, 吉沢車庫〜畑中・払沢・舟付坂上〜水戸駅, 水戸駅〜後川・長堀・畑中・払沢・舟付坂上〜水戸駅, 偕楽園〜水戸駅・後川・長堀・畑中・払沢・舟付坂上〜水戸駅, 偕楽園〜水戸駅・長堀・畑中・払沢・水戸駅〜偕楽園, 【市役所】水戸駅南口〜後川〜緑高〜畑中〜払沢〜舟付坂上〜駅南, 水戸駅南口〜笠原橋東〜中水門橋東〜水戸駅南口, 笠原橋東〜南平台団地〜中水門橋東〜水戸駅南口, 水戸駅南口〜笠原橋東〜南平台団地〜中水門橋東"
北中山,茨城交通（株）,笠間駅前〜桃山
下遠田,茨城交通（株）,友部駅〜中央病院〜水戸駅
向井古屋,茨城交通（株）,"鯉渕営業所〜河和田小〜水戸駅, 鯉渕営業所〜桜川団地〜水戸駅, 鯉渕営業所〜表町〜水戸駅, 水戸駅〜旭台〜友部駅, 赤塚駅南口〜谷中〜鯉渕営業所, 友部駅〜中央病院〜水戸駅"
三和団地前,関東鉄道（株）,"県自校〜みなみ団地・市役所・水戸駅・木工団地〜市立競技場, 県自校〜みなみ団地・市役所・水戸駅・木工団地〜植物公園, 水戸駅〜大工町・千波・木工団地前〜植物公園, 市立競技場〜木工団地前・千波・大工町〜水戸駅"
友部駅,茨城交通（株）,"鯉淵学園〜柿橋・友部小〜友部駅, 鯉渕営業所〜西原住宅〜友部駅, 水戸駅〜旭台〜友部駅, 友部駅〜モノタロウ前, 友部駅〜医療C〜モノタロウ前, 友部駅〜住宅前〜中央病院, 友部駅〜中央病院〜水戸駅, 友部循環"
県福祉会館前,関東鉄道（株）,"県自動車学校〜平須・大工町・水戸駅・三高下〜運転免許センター, 茨城町役場〜矢頭・台町・三高下・水戸駅〜県庁バスターミナル, 県自動車学校〜台町・三高下・水戸駅〜県庁バスターミナル, 吉沢車庫〜台町・三高下・水戸駅・平須〜県自動車学校, 吉沢車庫〜台町・三高下・水戸駅・千波〜県庁バスターミナル, 東部工業団地〜竹隅町・水戸駅・大工町〜県庁バスターミナル, 吉沢車庫〜一里塚〜県福祉会館前〜大山台住宅〜赤塚駅南口, 石岡車庫〜石岡駅・堅倉・奥ノ谷・千波・大工町〜水戸駅, 水戸駅〜大工町・千波・奥ノ谷・堅倉〜石岡駅, 堅倉〜奥ノ谷・平須・千波・大工町〜水戸駅, 水戸駅〜大工町・千波・平須〜奥ノ谷坂上, 県庁バスターミナル〜千波・大工町〜水戸駅, 水戸駅〜大工町・千波・寿小学校前〜水戸医療センター, 水戸医療センター〜寿小前・水戸駅・市役所前・台町〜吉沢車庫, 水戸駅〜千波坂上・千波〜茨城町役場, 奥ノ谷坂上〜平須・千波・芳流橋〜水戸駅, 水戸駅〜芳流橋・千波・平須〜県自動車学校, 県庁バスターミナル〜千波・芳流橋〜水戸駅, 水戸駅〜芳流橋・千波・寿小学校前〜水戸医療センター, 県自校〜みなみ団地・市役所・水戸駅・木工団地〜市立競技場, 県自校〜みなみ団地・市役所・水戸駅・木工団地〜植物公園, 水戸駅〜大工町・千波・木工団地前〜植物公園, 市立競技場〜木工団地前・千波・大工町〜水戸駅, 県自動車学校〜平須・大工町〜水戸駅, 運転免許センター〜矢頭・台町・水戸駅・大工町〜県自動車学校, 県自動車学校〜台町〜水戸駅〜大工町〜県自動車学校"
県福祉会館前,関鉄グリーンバス（株）,"茨城空港〜奥ノ谷〜水戸駅, 水戸駅〜海老沢〜役場〜鉾田駅, 水戸駅〜千波〜奥ノ谷, 水戸駅〜大工町〜奥ノ谷坂上, 水戸駅〜大和田〜鉾田駅, 水戸駅〜町役場（関鉄グリーン）"
旧道入口,茨城交通（株）,"阿字ケ浦駅〜茨大前営業所, 茨大前〜大野〜平磯中学校下, 茨大前営業所〜大野〜那珂湊駅"
常陸飯田,茨城交通（株）,友部駅〜中央病院〜水戸駅
アフターケアー,茨城交通（株）,"友部駅〜住宅前〜中央病院, 友部駅〜中央病院〜水戸駅"
中央病院,茨城交通（株）,"友部駅〜住宅前〜中央病院, 友部駅〜中央病院〜水戸駅"
住宅前,茨城交通（株）,"友部駅〜住宅前〜中央病院, 友部駅〜中央病院〜水戸駅"
結城信用金庫前,茨城交通（株）,"友部駅〜住宅前〜中央病院, 友部駅〜中央病院〜水戸駅"
関戸（湊）,茨城交通（株）,勝田駅前〜金上〜那珂湊駅
関戸,ひたちなか市,平磯那珂湊
青木北,桜川市,犬田・青木ルート
犬田西山北,桜川市,犬田・青木ルート
駅前十字路（友部駅）,茨城交通（株）,"友部駅〜住宅前〜中央病院, 友部駅〜中央病院〜水戸駅"
矢向井,茨城交通（株）,赤塚駅南口〜常陸高田
リハビリティション,茨城交通（株）,友部駅〜中央病院〜水戸駅
南中山,茨城交通（株）,笠間駅前〜桃山
稲荷第二公民館前,茨城交通（株）,"茨大前〜FT〜アクア〜那珂湊駅, 茨大前〜アクア〜那珂湊駅, 茨大前〜水戸〜東前〜大串公園, 茨大前〜水戸駅〜アクアワールド, 茨大前〜水戸駅〜大洗〜那珂湊駅, 茨大前〜大洗〜FT〜那珂湊駅, 茨大前〜大洗FT, 水戸駅〜大洗〜那珂湊駅, 水戸駅〜大洗FT〜那珂湊駅, 水戸駅〜東前団地〜大串公園"
岩瀬日大高校前,桜川市,友部・猿田ルート
木工団地前,関東鉄道（株）,"県自校〜みなみ団地・市役所・水戸駅・木工団地〜市立競技場, 県自校〜みなみ団地・市役所・水戸駅・木工団地〜植物公園, 水戸駅〜大工町・千波・木工団地前〜植物公園, 市立競技場〜木工団地前・千波・大工町〜水戸駅"
八幡上,茨城交通（株）,那珂湊駅〜十三奉行〜阿字ケ浦駅
八幡上,ひたちなか市,平磯那珂湊
殿山,茨城交通（株）,"阿字ケ浦駅〜茨大前営業所, 茨大前〜大野〜平磯中学校下, 那珂湊駅〜平磯中学校下"
殿山,ひたちなか市,那珂湊コース
桃山,茨城交通（株）,笠間駅前〜桃山
落合橋,茨城交通（株）,"鯉渕営業所〜河和田小〜水戸駅, 鯉渕営業所〜桜川団地〜水戸駅, 鯉渕営業所〜表町〜水戸駅, 水戸駅〜旭台〜友部駅, 赤塚駅南口〜谷中〜鯉渕営業所, 友部駅〜中央病院〜水戸駅"
みなみ団地入口,関東鉄道（株）,"イオンタウン水戸南〜県自校・米沢中央・みなみ団地〜水戸駅南口, 吉沢車庫〜米沢町入口・みなみ団地入口〜水戸駅南口, 県自校〜みなみ団地・市役所・水戸駅・木工団地〜市立競技場, 県自校〜みなみ団地・市役所・水戸駅・木工団地〜植物公園, 水戸駅南口〜みなみ団地・県庁前・寿小入口〜水戸医療センター, 県自校〜みなみ団地〜水戸駅南口, 水戸駅南口〜工業高校, けやき台団地〜みなみ団地入口〜水戸駅南口, 県庁BT〜中水門橋東〜みなみ団地入口〜水戸駅南口"
笠原十字路,茨城交通（株）,"千波循環, 千波循環文化C経由"
笠原十字路,関東鉄道（株）,"吉沢車庫〜畑中・長堀・後川〜水戸駅, 水戸駅〜後川・長堀・畑中・払沢・舟付坂上〜水戸駅, 偕楽園〜水戸駅・後川・長堀・畑中・払沢・舟付坂上〜水戸駅, 偕楽園〜水戸駅・長堀・畑中・払沢・水戸駅〜偕楽園, 【市役所】水戸駅南口〜後川〜緑高〜畑中〜払沢〜舟付坂上〜駅南"
米沢町交差点,関東鉄道（株）,"吉沢車庫〜畑中・長堀・後川〜水戸駅, 吉沢車庫〜畑中・払沢・舟付坂上〜水戸駅, 水戸駅南口〜笠原橋東〜中水門橋東〜水戸駅南口, 笠原橋東〜南平台団地〜中水門橋東〜水戸駅南口, 水戸駅南口〜笠原橋東〜南平台団地〜中水門橋東"
ヨークベニマル那珂湊店,ひたちなか市,平磯那珂湊
西飯田,茨城交通（株）,友部駅〜中央病院〜水戸駅
野沢歯科医院,ひたちなか市,平磯那珂湊
石川道,関東鉄道（株）,"けやき台団地〜竹隅町〜水戸駅, けやき台団地〜竹隈町・水戸駅・大工町・ときわ台団地〜大山台住, 東部工業団地〜竹隅町〜水戸駅, 東部工業団地〜竹隅町・水戸駅・大工町〜県庁バスターミナル, 東部工業団地〜竹隈町・水戸駅・大工町・ときわ台団地〜大山台住, けやき台団地〜水戸駅〜大山台住宅〜赤塚駅南口, 東部工業団地〜水戸駅〜大工町〜大山台住宅〜赤塚駅南口, けやき台団地〜太刀洗〜水戸駅〜大工町〜偕楽園"
笠原町,関東鉄道（株）,県自校〜南平台団地前・県庁BT・長堀・水戸駅〜偕楽園
米沢町坂上,茨城交通（株）,"千波循環, 千波循環文化C経由"
米沢町坂上,関東鉄道（株）,"吉沢車庫〜畑中・長堀・後川〜水戸駅, 水戸駅〜後川・長堀・畑中・払沢・舟付坂上〜水戸駅, 偕楽園〜水戸駅・後川・長堀・畑中・払沢・舟付坂上〜水戸駅, 偕楽園〜水戸駅・長堀・畑中・払沢・水戸駅〜偕楽園, 【市役所】水戸駅南口〜後川〜緑高〜畑中〜払沢〜舟付坂上〜駅南"
関戸南,ひたちなか市,平磯那珂湊
一里塚三差路,関東鉄道（株）,"県自動車学校〜平須・大工町・水戸駅・三高下〜運転免許センター, 水戸駅〜台町・三高下〜運転免許センター, 茨城町役場〜矢頭・台町・三高下・水戸駅〜県庁バスターミナル, 県自動車学校〜台町・三高下・水戸駅〜県庁バスターミナル, 吉沢車庫〜台町・三高下・水戸駅・平須〜県自動車学校, 吉沢車庫〜台町・三高下〜水戸駅, 吉沢車庫〜台町・三高下・水戸駅・千波〜県庁バスターミナル, 吉沢車庫〜四中前・水戸駅南口〜水戸駅, 水戸医療センター〜寿小前・水戸駅・市役所前・台町〜吉沢車庫, 運転免許センター〜矢頭・台町・水戸駅・大工町〜県自動車学校, 県自動車学校〜台町〜水戸駅〜大工町〜県自動車学校"
恵愛小林クリニック,ひたちなか市,那珂湊コース
大増街道,茨城交通（株）,笠間駅前〜桃山
加茂部二区,桜川市,西小塙・高幡ルート
笠原西,関東鉄道（株）,"吉沢車庫〜一里塚〜県福祉会館前〜大山台住宅〜赤塚駅南口, 水戸駅南口〜みなみ団地・県庁前・寿小入口〜水戸医療センター"
町付（水戸）,茨城交通（株）,茨大前〜酒門〜常磐の杜
犬田西山南,桜川市,犬田・青木ルート
犬田畑ヶ中,桜川市,犬田・青木ルート
小泉瓦屋前,茨城交通（株）,"阿字ケ浦駅〜茨大前営業所, 茨大前〜大野〜平磯中学校下, 茨大前営業所〜大野〜那珂湊駅"
昭和自動車教習所前,茨城交通（株）,赤塚駅南口〜桜ノ牧高〜県庁BT
昭和自動車教習所前,関東鉄道（株）,"県自動車学校〜平須・大工町・水戸駅・三高下〜運転免許センター, 茨城町役場〜矢頭・台町・三高下・水戸駅〜県庁バスターミナル, 県自動車学校〜台町・三高下・水戸駅〜県庁バスターミナル, 吉沢車庫〜台町・三高下・水戸駅・平須〜県自動車学校, 吉沢車庫〜台町・三高下・水戸駅・千波〜県庁バスターミナル, 東部工業団地〜竹隅町・水戸駅・大工町〜県庁バスターミナル, 石岡車庫〜石岡駅・堅倉・奥ノ谷・千波・大工町〜水戸駅, 水戸駅〜大工町・千波・奥ノ谷・堅倉〜石岡駅, 堅倉〜奥ノ谷・平須・千波・大工町〜水戸駅, 水戸駅〜大工町・千波・平須〜奥ノ谷坂上, 県庁バスターミナル〜千波・大工町〜水戸駅, 水戸駅〜大工町・千波・寿小学校前〜水戸医療センター, 水戸医療センター〜寿小前・水戸駅・市役所前・台町〜吉沢車庫, 水戸駅〜千波坂上・千波〜茨城町役場, 奥ノ谷坂上〜平須・千波・芳流橋〜水戸駅, 水戸駅〜芳流橋・千波・平須〜県自動車学校, 県庁バスターミナル〜千波・芳流橋〜水戸駅, 水戸駅〜芳流橋・千波・寿小学校前〜水戸医療センター, 水戸駅南口〜みなみ団地・県庁前・寿小入口〜水戸医療センター, 県自動車学校〜平須・大工町〜水戸駅, 運転免許センター〜矢頭・台町・水戸駅・大工町〜県自動車学校, 県自動車学校〜台町〜水戸駅〜大工町〜県自動車学校"
昭和自動車教習所前,関鉄グリーンバス（株）,"茨城空港〜奥ノ谷〜水戸駅, 水戸駅〜海老沢〜役場〜鉾田駅, 水戸駅〜千波〜奥ノ谷, 水戸駅〜大工町〜奥ノ谷坂上, 水戸駅〜大和田〜鉾田駅, 水戸駅〜町役場（関鉄グリーン）"
湊泉町北,ひたちなか市,平磯那珂湊
湊大橋,茨城交通（株）,"阿字ケ浦駅〜茨大前営業所, 茨大前〜大野〜平磯中学校下, 茨大前営業所〜大野〜那珂湊駅, 勝田駅前〜金上〜那珂湊駅"
牛久保,茨城交通（株）,"阿字ケ浦駅〜茨大前営業所, 茨大前〜大野〜平磯中学校下, 那珂湊駅〜平磯中学校下"
牛久保,ひたちなか市,那珂湊コース
鯉渕十字路,茨城交通（株）,"イオン水戸内原〜鯉渕営業所, 鯉渕営業所〜河和田小〜水戸駅, 鯉渕営業所〜桜川団地〜水戸駅, 鯉渕営業所〜表町〜水戸駅, 水戸駅〜旭台〜友部駅, 赤塚駅南口〜谷中〜鯉渕営業所, 友部駅〜中央病院〜水戸駅"
青木農村集落センター,桜川市,犬田・青木ルート
笠原東,関東鉄道（株）,"吉沢車庫〜一里塚〜県福祉会館前〜大山台住宅〜赤塚駅南口, 水戸駅南口〜みなみ団地・県庁前・寿小入口〜水戸医療センター"
平町交差点,茨城交通（株）,"鯉淵学園〜柿橋・友部小〜友部駅, 鯉渕営業所〜西原住宅〜友部駅, 水戸駅〜旭台〜友部駅, 友部駅〜モノタロウ前, 友部駅〜医療C〜モノタロウ前, 友部循環"
さくらがわ地域医療センター,桜川市,桜川市バス「ヤマザクラGO」
笠原中央,関東鉄道（株）,"吉沢車庫〜一里塚〜県福祉会館前〜大山台住宅〜赤塚駅南口, 水戸駅南口〜みなみ団地・県庁前・寿小入口〜水戸医療センター"
栗崎,茨城交通（株）,"茨大前〜FT〜アクア〜那珂湊駅, 茨大前〜アクア〜那珂湊駅, 茨大前〜水戸〜東前〜大串公園, 茨大前〜水戸駅〜アクアワールド, 茨大前〜水戸駅〜大洗〜那珂湊駅, 茨大前〜大洗〜FT〜那珂湊駅, 茨大前〜大洗FT, 水戸駅〜大洗〜那珂湊駅, 水戸駅〜大洗FT〜那珂湊駅, 水戸駅〜東前団地〜大串公園"
競技場入口,関東鉄道（株）,"県自校〜みなみ団地・市役所・水戸駅・木工団地〜市立競技場, 市立競技場〜木工団地前・千波・大工町〜水戸駅"
犬田南,桜川市,桜川市バス「ヤマザクラGO」
松田,桜川市,友部・猿田ルート
幸町東,ひたちなか市,平磯那珂湊
一里塚団地前,関東鉄道（株）,吉沢車庫〜四中前・水戸駅南口〜水戸駅
工業高校前,関東鉄道（株）,"吉沢車庫〜一里塚〜県福祉会館前〜大山台住宅〜赤塚駅南口, イオンタウン水戸南〜県自校・米沢中央・みなみ団地〜水戸駅南口, 県自校〜みなみ団地・市役所・水戸駅・木工団地〜市立競技場, 県自校〜みなみ団地・市役所・水戸駅・木工団地〜植物公園, 水戸駅南口〜みなみ団地・県庁前・寿小入口〜水戸医療センター, 県自校〜みなみ団地〜水戸駅南口, 水戸駅南口〜工業高校, 県庁BT〜中水門橋東〜みなみ団地入口〜水戸駅南口"
笠原東区,関東鉄道（株）,県自校〜南平台団地前・県庁BT・長堀・水戸駅〜偕楽園
田中町,ひたちなか市,那珂湊コース
水戸中央病院,茨城交通（株）,"常磐〜会館〜中央病院〜水戸駅, 常磐〜団地〜中央病院〜水戸駅, 水戸駅〜水戸中央病院, 水戸駅〜中央病院〜元石川団地"
水戸中央病院入口,茨城交通（株）,"常磐〜会館〜中央病院〜水戸駅, 常磐〜団地〜中央病院〜水戸駅, 水戸駅〜水戸中央病院, 水戸駅〜中央病院〜元石川団地"
田中町入口,茨城交通（株）,"阿字ケ浦駅〜茨大前営業所, 茨大前〜大野〜平磯中学校下, 茨大前営業所〜大野〜那珂湊駅, 勝田駅前〜金上〜那珂湊駅"
カスミ那珂湊店,ひたちなか市,平磯那珂湊
釜場,関東鉄道（株）,"県自校〜みなみ団地・市役所・水戸駅・木工団地〜市立競技場, 県自校〜みなみ団地・市役所・水戸駅・木工団地〜植物公園, 水戸駅〜大工町・千波・木工団地前〜植物公園, 市立競技場〜木工団地前・千波・大工町〜水戸駅"
上坪［水戸市］,茨城交通（株）,赤塚駅南口〜常陸高田
市立競技場（ケーズデンキスタジアム水戸）,関東鉄道（株）,"県自校〜みなみ団地・市役所・水戸駅・木工団地〜市立競技場, 市立競技場〜木工団地前・千波・大工町〜水戸駅"
谷田組,茨城交通（株）,茨大前〜酒門〜常磐の杜
町付,関東鉄道（株）,"けやき台団地〜竹隅町〜水戸駅, けやき台団地〜竹隈町・水戸駅・大工町・ときわ台団地〜大山台住, 東部工業団地〜竹隅町〜水戸駅, 東部工業団地〜竹隅町・水戸駅・大工町〜県庁バスターミナル, 東部工業団地〜竹隈町・水戸駅・大工町・ときわ台団地〜大山台住, けやき台団地〜水戸駅〜大山台住宅〜赤塚駅南口, 東部工業団地〜水戸駅〜大工町〜大山台住宅〜赤塚駅南口, けやき台団地〜太刀洗〜水戸駅〜大工町〜偕楽園"
国土交通省前,茨城交通（株）,赤塚駅南口〜桜ノ牧高〜県庁BT
国土交通省前,関東鉄道（株）,"県自動車学校〜平須・大工町・水戸駅・三高下〜運転免許センター, 茨城町役場〜矢頭・台町・三高下・水戸駅〜県庁バスターミナル, 県自動車学校〜台町・三高下・水戸駅〜県庁バスターミナル, 吉沢車庫〜台町・三高下・水戸駅・平須〜県自動車学校, 吉沢車庫〜台町・三高下・水戸駅・千波〜県庁バスターミナル, 東部工業団地〜竹隅町・水戸駅・大工町〜県庁バスターミナル, 石岡車庫〜石岡駅・堅倉・奥ノ谷・千波・大工町〜水戸駅, 水戸駅〜大工町・千波・奥ノ谷・堅倉〜石岡駅, 堅倉〜奥ノ谷・平須・千波・大工町〜水戸駅, 水戸駅〜大工町・千波・平須〜奥ノ谷坂上, 県庁バスターミナル〜千波・大工町〜水戸駅, 水戸駅〜大工町・千波・寿小学校前〜水戸医療センター, 水戸医療センター〜寿小前・水戸駅・市役所前・台町〜吉沢車庫, 水戸駅〜千波坂上・千波〜茨城町役場, 奥ノ谷坂上〜平須・千波・芳流橋〜水戸駅, 水戸駅〜芳流橋・千波・平須〜県自動車学校, 県庁バスターミナル〜千波・芳流橋〜水戸駅, 水戸駅〜芳流橋・千波・寿小学校前〜水戸医療センター, 水戸駅南口〜みなみ団地・県庁前・寿小入口〜水戸医療センター, 県自動車学校〜平須・大工町〜水戸駅, 運転免許センター〜矢頭・台町・水戸駅・大工町〜県自動車学校, 県自動車学校〜台町〜水戸駅〜大工町〜県自動車学校"
国土交通省前,関鉄グリーンバス（株）,"茨城空港〜奥ノ谷〜水戸駅, 水戸駅〜海老沢〜役場〜鉾田駅, 水戸駅〜千波〜奥ノ谷, 水戸駅〜大工町〜奥ノ谷坂上, 水戸駅〜大和田〜鉾田駅, 水戸駅〜町役場（関鉄グリーン）"
那珂湊支所前,茨城交通（株）,"阿字ケ浦駅〜茨大前営業所, 茨大前〜大野〜平磯中学校下, 那珂湊駅〜平磯中学校下"
那珂湊支所,ひたちなか市,那珂湊コース
小吹町,茨城交通（株）,"水戸〜桜ノ牧高入口〜水戸医療C, 水戸医療C〜桜ノ牧高入口〜水戸, 赤塚南口〜桜ノ牧高〜水戸医療C"
鯉渕営業所,茨城交通（株）,"イオン水戸内原〜鯉渕営業所, 鯉渕営業所〜河和田小〜水戸駅, 鯉渕営業所〜桜川団地〜水戸駅, 鯉渕営業所〜西原住宅〜友部駅, 鯉渕営業所〜表町〜水戸駅, 水戸駅〜旭台〜友部駅, 赤塚駅南口〜谷中〜鯉渕営業所, 友部駅〜中央病院〜水戸駅"
吉田小学校前,関東鉄道（株）,"県自動車学校〜平須・大工町・水戸駅・三高下〜運転免許センター, 水戸駅〜台町・三高下〜運転免許センター, 茨城町役場〜矢頭・台町・三高下・水戸駅〜県庁バスターミナル, 県自動車学校〜台町・三高下・水戸駅〜県庁バスターミナル, 吉沢車庫〜台町・三高下・水戸駅・平須〜県自動車学校, 吉沢車庫〜台町・三高下〜水戸駅, 吉沢車庫〜台町・三高下・水戸駅・千波〜県庁バスターミナル, 水戸医療センター〜寿小前・水戸駅・市役所前・台町〜吉沢車庫, 運転免許センター〜矢頭・台町・水戸駅・大工町〜県自動車学校, 県自動車学校〜台町〜水戸駅〜大工町〜県自動車学校"
四中前,関東鉄道（株）,吉沢車庫〜四中前・水戸駅南口〜水戸駅
緑の丘,茨城交通（株）,"常磐〜会館〜中央病院〜水戸駅, 常磐〜団地〜中央病院〜水戸駅, 常磐の杜〜百合が丘〜水戸駅, 水戸駅〜中央病院〜元石川団地"
大山原,関東鉄道（株）,"県自校〜みなみ団地・市役所・水戸駅・木工団地〜市立競技場, 市立競技場〜木工団地前・千波・大工町〜水戸駅"
湊整形外科内科,ひたちなか市,平磯那珂湊
高幡公民館,桜川市,西小塙・高幡ルート
犬塚,茨城交通（株）,友部駅〜中央病院〜水戸駅
那珂湊駅,茨城交通（株）,"阿字ケ浦駅〜茨大前営業所, 茨大前〜FT〜アクア〜那珂湊駅, 茨大前〜アクア〜那珂湊駅, 茨大前〜水戸駅〜大洗〜那珂湊駅, 茨大前〜大洗〜FT〜那珂湊駅, 茨大前〜大野〜平磯中学校下, 茨大前営業所〜大野〜那珂湊駅, 勝田駅前〜金上〜那珂湊駅, 水戸駅〜大洗〜那珂湊駅, 水戸駅〜大洗FT〜那珂湊駅, 那珂湊駅〜十三奉行〜阿字ケ浦駅, 那珂湊駅〜大洗駅〜大洗高校前, 那珂湊駅〜大洗高校前, 那珂湊駅〜平磯中学校下"
那珂湊駅,ひたちなか市,"那珂湊コース, 平磯那珂湊"
八幡下,茨城交通（株）,那珂湊駅〜十三奉行〜阿字ケ浦駅
大和駅入口,桜川市,桜川市バス「ヤマザクラGO」
笠原住宅前,関東鉄道（株）,"茨城町役場〜矢頭・台町・三高下・水戸駅〜県庁バスターミナル, 県自動車学校〜台町・三高下・水戸駅〜県庁バスターミナル, 吉沢車庫〜台町・三高下・水戸駅・千波〜県庁バスターミナル, 東部工業団地〜竹隅町・水戸駅・大工町〜県庁バスターミナル, 県庁バスターミナル〜千波・大工町〜水戸駅, 県庁バスターミナル〜千波・芳流橋〜水戸駅"
競技場南門,関東鉄道（株）,"県自校〜みなみ団地・市役所・水戸駅・木工団地〜市立競技場, 市立競技場〜木工団地前・千波・大工町〜水戸駅"
小吹,関東鉄道（株）,"県自校〜みなみ団地・市役所・水戸駅・木工団地〜市立競技場, 県自校〜みなみ団地・市役所・水戸駅・木工団地〜植物公園, 水戸駅〜大工町・千波・木工団地前〜植物公園, 市立競技場〜木工団地前・千波・大工町〜水戸駅"
中坪（水戸市）,茨城交通（株）,赤塚駅南口〜常陸高田
湊泉町,ひたちなか市,平磯那珂湊
東前原入口,茨城交通（株）,"茨大前〜FT〜アクア〜那珂湊駅, 茨大前〜アクア〜那珂湊駅, 茨大前〜水戸〜東前〜大串公園, 茨大前〜水戸駅〜アクアワールド, 茨大前〜水戸駅〜大洗〜那珂湊駅, 茨大前〜大洗〜FT〜那珂湊駅, 茨大前〜大洗FT, 水戸駅〜大洗〜那珂湊駅, 水戸駅〜大洗FT〜那珂湊駅, 水戸駅〜東前団地〜大串公園"
東本町,茨城交通（株）,"阿字ケ浦駅〜茨大前営業所, 茨大前〜大野〜平磯中学校下, 那珂湊駅〜平磯中学校下"
卸センター,関東鉄道（株）,県自校〜南平台団地前・県庁BT・長堀・水戸駅〜偕楽園
湊歯科医院,ひたちなか市,那珂湊コース
松田田園都市センター入口,桜川市,友部・猿田ルート
小吹十字路,関東鉄道（株）,"県自校〜みなみ団地・市役所・水戸駅・木工団地〜市立競技場, 県自校〜みなみ団地・市役所・水戸駅・木工団地〜植物公園, 水戸駅〜大工町・千波・木工団地前〜植物公園, 市立競技場〜木工団地前・千波・大工町〜水戸駅"
ヨークタウン水戸,関東鉄道（株）,"イオンタウン水戸南〜県自校・米沢中央・みなみ団地〜水戸駅南口, 県自校〜みなみ団地・市役所・水戸駅・木工団地〜市立競技場, 県自校〜みなみ団地・市役所・水戸駅・木工団地〜植物公園, 県自校〜みなみ団地〜水戸駅南口, 吉沢車庫〜畑中・長堀・後川〜水戸駅, 吉沢車庫〜畑中・払沢・舟付坂上〜水戸駅, 水戸駅南口〜笠原橋東〜中水門橋東〜水戸駅南口, 笠原橋東〜南平台団地〜中水門橋東〜水戸駅南口, 水戸駅南口〜笠原橋東〜南平台団地〜中水門橋東, 県庁BT〜中水門橋東〜みなみ団地入口〜水戸駅南口"
釈迦町,茨城交通（株）,"阿字ケ浦駅〜茨大前営業所, 茨大前〜FT〜アクア〜那珂湊駅, 茨大前〜アクア〜那珂湊駅, 茨大前〜水戸駅〜大洗〜那珂湊駅, 茨大前〜大洗〜FT〜那珂湊駅, 茨大前〜大野〜平磯中学校下, 水戸駅〜大洗〜那珂湊駅, 水戸駅〜大洗FT〜那珂湊駅, 那珂湊駅〜十三奉行〜阿字ケ浦駅, 那珂湊駅〜大洗駅〜大洗高校前, 那珂湊駅〜大洗高校前, 那珂湊駅〜平磯中学校下"
釈迦町,ひたちなか市,"那珂湊コース, 平磯那珂湊"
笠原橋東,関東鉄道（株）,"水戸駅南口〜笠原橋東〜中水門橋東〜水戸駅南口, 笠原橋東〜南平台団地〜中水門橋東〜水戸駅南口, 水戸駅南口〜笠原橋東〜南平台団地〜中水門橋東"
笠原小学校,関東鉄道（株）,県自校〜南平台団地前・県庁BT・長堀・水戸駅〜偕楽園
四中入口,関東鉄道（株）,吉沢車庫〜四中前・水戸駅南口〜水戸駅
一里塚,関東鉄道（株）,"県自動車学校〜平須・大工町・水戸駅・三高下〜運転免許センター, 水戸駅〜台町・三高下〜運転免許センター, 茨城町役場〜矢頭・台町・三高下・水戸駅〜県庁バスターミナル, 県自動車学校〜台町・三高下・水戸駅〜県庁バスターミナル, 吉沢車庫〜台町・三高下・水戸駅・平須〜県自動車学校, 吉沢車庫〜台町・三高下〜水戸駅, 吉沢車庫〜台町・三高下・水戸駅・千波〜県庁バスターミナル, 吉沢車庫〜一里塚〜県福祉会館前〜大山台住宅〜赤塚駅南口, 水戸医療センター〜寿小前・水戸駅・市役所前・台町〜吉沢車庫, 吉沢車庫〜米沢町入口・みなみ団地入口〜水戸駅南口, 運転免許センター〜矢頭・台町・水戸駅・大工町〜県自動車学校, 県自動車学校〜台町〜水戸駅〜大工町〜県自動車学校"
植物公園,関東鉄道（株）,"県自校〜みなみ団地・市役所・水戸駅・木工団地〜市立競技場, 県自校〜みなみ団地・市役所・水戸駅・木工団地〜植物公園, 水戸駅〜大工町・千波・木工団地前〜植物公園, 市立競技場〜木工団地前・千波・大工町〜水戸駅"
小吹町,関東鉄道（株）,"県自校〜みなみ団地・市役所・水戸駅・木工団地〜市立競技場, 市立競技場〜木工団地前・千波・大工町〜水戸駅"
友部小学校,茨城交通（株）,鯉淵学園〜柿橋・友部小〜友部駅
平町,茨城交通（株）,"鯉渕営業所〜西原住宅〜友部駅, 水戸駅〜旭台〜友部駅, 友部駅〜モノタロウ前, 友部駅〜医療C〜モノタロウ前, 友部循環"
小泉,茨城交通（株）,"阿字ケ浦駅〜茨大前営業所, 茨大前〜大野〜平磯中学校下, 茨大前営業所〜大野〜那珂湊駅"
反射炉,ひたちなか市,平磯那珂湊
みなと屋,ひたちなか市,"那珂湊コース, 平磯那珂湊"
本町北,茨城交通（株）,"阿字ケ浦駅〜茨大前営業所, 茨大前〜大野〜平磯中学校下, 那珂湊駅〜平磯中学校下"
百合が丘,茨城交通（株）,"常磐〜会館〜中央病院〜水戸駅, 常磐〜団地〜中央病院〜水戸駅, 常磐の杜〜百合が丘〜水戸駅, 水戸駅〜中央病院〜元石川団地"
市町村会館前,関東鉄道（株）,"茨城町役場〜矢頭・台町・三高下・水戸駅〜県庁バスターミナル, 県自動車学校〜台町・三高下・水戸駅〜県庁バスターミナル, 吉沢車庫〜台町・三高下・水戸駅・千波〜県庁バスターミナル, 東部工業団地〜竹隅町・水戸駅・大工町〜県庁バスターミナル, 県庁バスターミナル〜千波・大工町〜水戸駅, 県庁バスターミナル〜千波・芳流橋〜水戸駅, 県自校〜南平台団地前・県庁BT・長堀・水戸駅〜偕楽園"
笠原市民センター入口,関東鉄道（株）,"水戸駅南口〜笠原橋東〜中水門橋東〜水戸駅南口, 笠原橋東〜南平台団地〜中水門橋東〜水戸駅南口, 水戸駅南口〜笠原橋東〜南平台団地〜中水門橋東"
小吹西,関東鉄道（株）,"県自校〜みなみ団地・市役所・水戸駅・木工団地〜市立競技場, 県自校〜みなみ団地・市役所・水戸駅・木工団地〜植物公園, 水戸駅〜大工町・千波・木工団地前〜植物公園, 市立競技場〜木工団地前・千波・大工町〜水戸駅"
黒澤内科医院,ひたちなか市,平磯那珂湊
西坪,茨城交通（株）,鯉淵学園〜柿橋・友部小〜友部駅
中組,関東鉄道（株）,"東部工業団地〜竹隅町〜水戸駅, 東部工業団地〜竹隅町・水戸駅・大工町〜県庁バスターミナル, 東部工業団地〜竹隈町・水戸駅・大工町・ときわ台団地〜大山台住, 東部工業団地〜水戸駅〜大工町〜大山台住宅〜赤塚駅南口"
稲荷前,茨城交通（株）,"阿字ケ浦駅〜茨大前営業所, 茨大前〜FT〜アクア〜那珂湊駅, 茨大前〜アクア〜那珂湊駅, 茨大前〜水戸駅〜大洗〜那珂湊駅, 茨大前〜大洗〜FT〜那珂湊駅, 茨大前〜大野〜平磯中学校下, 水戸駅〜大洗〜那珂湊駅, 水戸駅〜大洗FT〜那珂湊駅, 那珂湊駅〜大洗駅〜大洗高校前, 那珂湊駅〜大洗高校前, 那珂湊駅〜平磯中学校下"
稲荷前,ひたちなか市,那珂湊コース
街の丘,茨城交通（株）,"常磐〜会館〜中央病院〜水戸駅, 常磐〜団地〜中央病院〜水戸駅, 常磐の杜〜百合が丘〜水戸駅, 水戸駅〜中央病院〜元石川団地"
小吹神社前,関東鉄道（株）,"県自校〜みなみ団地・市役所・水戸駅・木工団地〜市立競技場, 県自校〜みなみ団地・市役所・水戸駅・木工団地〜植物公園, 水戸駅〜大工町・千波・木工団地前〜植物公園, 市立競技場〜木工団地前・千波・大工町〜水戸駅"
上千束,関東鉄道（株）,吉沢車庫〜四中前・水戸駅南口〜水戸駅
本町西,茨城交通（株）,"阿字ケ浦駅〜茨大前営業所, 茨大前〜FT〜アクア〜那珂湊駅, 茨大前〜アクア〜那珂湊駅, 茨大前〜水戸駅〜大洗〜那珂湊駅, 茨大前〜大洗〜FT〜那珂湊駅, 茨大前〜大野〜平磯中学校下, 水戸駅〜大洗〜那珂湊駅, 水戸駅〜大洗FT〜那珂湊駅, 那珂湊駅〜大洗駅〜大洗高校前, 那珂湊駅〜大洗高校前, 那珂湊駅〜平磯中学校下"
東前,茨城交通（株）,"茨大前〜FT〜アクア〜那珂湊駅, 茨大前〜アクア〜那珂湊駅, 茨大前〜水戸駅〜アクアワールド, 茨大前〜水戸駅〜大洗〜那珂湊駅, 茨大前〜大洗〜FT〜那珂湊駅, 茨大前〜大洗FT, 水戸駅〜大洗〜那珂湊駅, 水戸駅〜大洗FT〜那珂湊駅"
萱場,茨城交通（株）,赤塚駅南口〜常陸高田
百合が丘団地入口,茨城交通（株）,"茨大前〜酒門〜常磐の杜, 常磐〜会館〜中央病院〜水戸駅, 常磐〜団地〜中央病院〜水戸駅, 常磐の杜〜百合が丘〜水戸駅, 水戸駅〜中央病院〜元石川団地"
青木南,桜川市,犬田・青木ルート
笠原幼稚園前,関東鉄道（株）,"水戸駅南口〜笠原橋東〜中水門橋東〜水戸駅南口, 笠原橋東〜南平台団地〜中水門橋東〜水戸駅南口, 水戸駅南口〜笠原橋東〜南平台団地〜中水門橋東"
県庁前,関東鉄道（株）,"県自動車学校〜平須・大工町・水戸駅・三高下〜運転免許センター, 吉沢車庫〜台町・三高下・水戸駅・平須〜県自動車学校, 石岡車庫〜石岡駅・堅倉・奥ノ谷・千波・大工町〜水戸駅, 水戸駅〜大工町・千波・奥ノ谷・堅倉〜石岡駅, 堅倉〜奥ノ谷・平須・千波・大工町〜水戸駅, 水戸駅〜大工町・千波・平須〜奥ノ谷坂上, 水戸駅〜大工町・千波・寿小学校前〜水戸医療センター, 水戸医療センター〜寿小前・水戸駅・市役所前・台町〜吉沢車庫, 水戸駅〜千波坂上・千波〜茨城町役場, 奥ノ谷坂上〜平須・千波・芳流橋〜水戸駅, 水戸駅〜芳流橋・千波・平須〜県自動車学校, 水戸駅〜芳流橋・千波・寿小学校前〜水戸医療センター, 水戸駅南口〜みなみ団地・県庁前・寿小入口〜水戸医療センター, 県自動車学校〜平須・大工町〜水戸駅, 運転免許センター〜矢頭・台町・水戸駅・大工町〜県自動車学校, 県自動車学校〜台町〜水戸駅〜大工町〜県自動車学校"
おさかな市場,ひたちなか市,那珂湊コース
小川町,ひたちなか市,平磯那珂湊
県庁前（茨城）,茨城交通（株）,赤塚駅南口〜桜ノ牧高〜県庁BT
県庁前［茨城県］,関鉄グリーンバス（株）,"茨城空港〜奥ノ谷〜水戸駅, 水戸駅〜海老沢〜役場〜鉾田駅, 水戸駅〜千波〜奥ノ谷, 水戸駅〜大工町〜奥ノ谷坂上, 水戸駅〜大和田〜鉾田駅, 水戸駅〜町役場（関鉄グリーン）"
柿橋,茨城交通（株）,鯉淵学園〜柿橋・友部小〜友部駅
小吹神社前,茨城交通（株）,"水戸〜桜ノ牧高入口〜水戸医療C, 水戸医療C〜桜ノ牧高入口〜水戸, 赤塚南口〜桜ノ牧高〜水戸医療C"
東前団地東,茨城交通（株）,"茨大前〜水戸〜東前〜大串公園, 水戸駅〜東前団地〜大串公園"
一里塚下西,関東鉄道（株）,"県自動車学校〜平須・大工町・水戸駅・三高下〜運転免許センター, 水戸駅〜台町・三高下〜運転免許センター, 茨城町役場〜矢頭・台町・三高下・水戸駅〜県庁バスターミナル, 県自動車学校〜台町・三高下・水戸駅〜県庁バスターミナル, 吉沢車庫〜台町・三高下・水戸駅・平須〜県自動車学校, 吉沢車庫〜台町・三高下〜水戸駅, 吉沢車庫〜台町・三高下・水戸駅・千波〜県庁バスターミナル, 吉沢車庫〜一里塚〜県福祉会館前〜大山台住宅〜赤塚駅南口, 吉沢車庫〜四中前・水戸駅南口〜水戸駅, 水戸医療センター〜寿小前・水戸駅・市役所前・台町〜吉沢車庫, 吉沢車庫〜米沢町入口・みなみ団地入口〜水戸駅南口, 運転免許センター〜矢頭・台町・水戸駅・大工町〜県自動車学校, 県自動車学校〜台町〜水戸駅〜大工町〜県自動車学校"
本町南,茨城交通（株）,"茨大前〜FT〜アクア〜那珂湊駅, 茨大前〜アクア〜那珂湊駅, 茨大前〜水戸駅〜大洗〜那珂湊駅, 茨大前〜大洗〜FT〜那珂湊駅, 水戸駅〜大洗〜那珂湊駅, 水戸駅〜大洗FT〜那珂湊駅, 那珂湊駅〜大洗駅〜大洗高校前, 那珂湊駅〜大洗高校前"
藤屋ホテル,ひたちなか市,平磯那珂湊
酒門小入口,関東鉄道（株）,"けやき台団地〜竹隅町〜水戸駅, けやき台団地〜竹隈町・水戸駅・大工町・ときわ台団地〜大山台住, けやき台団地〜水戸駅〜大山台住宅〜赤塚駅南口, けやき台団地〜太刀洗〜水戸駅〜大工町〜偕楽園"
県庁バスターミナル,関東鉄道（株）,"茨城町役場〜矢頭・台町・三高下・水戸駅〜県庁バスターミナル, 県自動車学校〜台町・三高下・水戸駅〜県庁バスターミナル, 吉沢車庫〜台町・三高下・水戸駅・千波〜県庁バスターミナル, 東部工業団地〜竹隅町・水戸駅・大工町〜県庁バスターミナル, 県庁バスターミナル〜千波・大工町〜水戸駅, 県庁バスターミナル〜千波・芳流橋〜水戸駅, 県自校〜南平台団地前・県庁BT・長堀・水戸駅〜偕楽園, 水戸駅南口〜【県庁】〜県庁バスターミナル, 県庁BT〜中水門橋東〜みなみ団地入口〜水戸駅南口"
県庁バスターミナル（茨城）,茨城交通（株）,"水戸駅南口〜県庁〜県庁BT, 赤塚駅南口〜桜ノ牧高〜県庁BT"
住吉十字路,関東鉄道（株）,吉沢車庫〜四中前・水戸駅南口〜水戸駅
那珂湊児童館,ひたちなか市,平磯那珂湊
吉沢北,関東鉄道（株）,"県自動車学校〜平須・大工町・水戸駅・三高下〜運転免許センター, 水戸駅〜台町・三高下〜運転免許センター, 茨城町役場〜矢頭・台町・三高下・水戸駅〜県庁バスターミナル, 県自動車学校〜台町・三高下・水戸駅〜県庁バスターミナル, 吉沢車庫〜台町・三高下・水戸駅・平須〜県自動車学校, 吉沢車庫〜台町・三高下〜水戸駅, 吉沢車庫〜台町・三高下・水戸駅・千波〜県庁バスターミナル, 吉沢車庫〜一里塚〜県福祉会館前〜大山台住宅〜赤塚駅南口, 吉沢車庫〜四中前・水戸駅南口〜水戸駅, 水戸医療センター〜寿小前・水戸駅・市役所前・台町〜吉沢車庫, 吉沢車庫〜米沢町入口・みなみ団地入口〜水戸駅南口, 運転免許センター〜矢頭・台町・水戸駅・大工町〜県自動車学校, 県自動車学校〜台町〜水戸駅〜大工町〜県自動車学校"
けやき台入口,関東鉄道（株）,"けやき台団地〜竹隅町〜水戸駅, けやき台団地〜竹隈町・水戸駅・大工町・ときわ台団地〜大山台住, けやき台団地〜水戸駅〜大山台住宅〜赤塚駅南口, けやき台団地〜太刀洗〜水戸駅〜大工町〜偕楽園"
中台（内原）,茨城交通（株）,"鯉渕営業所〜西原住宅〜友部駅, 水戸駅〜旭台〜友部駅, 友部駅〜中央病院〜水戸駅"
栄町,ひたちなか市,平磯那珂湊
県庁（茨城）,茨城交通（株）,"水戸駅南口〜県庁〜県庁BT, 赤塚駅南口〜桜ノ牧高〜県庁BT"
県庁,関東鉄道（株）,"水戸駅南口〜【県庁】〜県庁バスターミナル, 県庁BT〜中水門橋東〜みなみ団地入口〜水戸駅南口"
米沢町入口,関東鉄道（株）,"県自動車学校〜平須・大工町・水戸駅・三高下〜運転免許センター, 水戸駅〜台町・三高下〜運転免許センター, 茨城町役場〜矢頭・台町・三高下・水戸駅〜県庁バスターミナル, 県自動車学校〜台町・三高下・水戸駅〜県庁バスターミナル, 吉沢車庫〜台町・三高下・水戸駅・平須〜県自動車学校, 吉沢車庫〜台町・三高下〜水戸駅, 吉沢車庫〜台町・三高下・水戸駅・千波〜県庁バスターミナル, 吉沢車庫〜一里塚〜県福祉会館前〜大山台住宅〜赤塚駅南口, 吉沢車庫〜四中前・水戸駅南口〜水戸駅, 水戸医療センター〜寿小前・水戸駅・市役所前・台町〜吉沢車庫, 吉沢車庫〜米沢町入口・みなみ団地入口〜水戸駅南口, 運転免許センター〜矢頭・台町・水戸駅・大工町〜県自動車学校, 県自動車学校〜台町〜水戸駅〜大工町〜県自動車学校"
県庁南,関東鉄道（株）,"県自動車学校〜平須・大工町・水戸駅・三高下〜運転免許センター, 吉沢車庫〜台町・三高下・水戸駅・平須〜県自動車学校, 石岡車庫〜石岡駅・堅倉・奥ノ谷・千波・大工町〜水戸駅, 水戸駅〜大工町・千波・奥ノ谷・堅倉〜石岡駅, 堅倉〜奥ノ谷・平須・千波・大工町〜水戸駅, 水戸駅〜大工町・千波・平須〜奥ノ谷坂上, 水戸駅〜大工町・千波・寿小学校前〜水戸医療センター, 水戸医療センター〜寿小前・水戸駅・市役所前・台町〜吉沢車庫, 水戸駅〜千波坂上・千波〜茨城町役場, 奥ノ谷坂上〜平須・千波・芳流橋〜水戸駅, 水戸駅〜芳流橋・千波・平須〜県自動車学校, 水戸駅〜芳流橋・千波・寿小学校前〜水戸医療センター, 水戸駅南口〜みなみ団地・県庁前・寿小入口〜水戸医療センター, 県自動車学校〜平須・大工町〜水戸駅, 運転免許センター〜矢頭・台町・水戸駅・大工町〜県自動車学校, 県自動車学校〜台町〜水戸駅〜大工町〜県自動車学校"
県庁南［茨城県］,関鉄グリーンバス（株）,"茨城空港〜奥ノ谷〜水戸駅, 水戸駅〜海老沢〜役場〜鉾田駅, 水戸駅〜千波〜奥ノ谷, 水戸駅〜大工町〜奥ノ谷坂上, 水戸駅〜大和田〜鉾田駅, 水戸駅〜町役場（関鉄グリーン）"
吉沢団地前,関東鉄道（株）,"イオンタウン水戸南〜県自校・米沢中央・みなみ団地〜水戸駅南口, 県自校〜みなみ団地・市役所・水戸駅・木工団地〜市立競技場, 県自校〜みなみ団地・市役所・水戸駅・木工団地〜植物公園, 県自校〜みなみ団地〜水戸駅南口, 吉沢車庫〜畑中・長堀・後川〜水戸駅, 吉沢車庫〜畑中・払沢・舟付坂上〜水戸駅, 水戸駅南口〜笠原橋東〜中水門橋東〜水戸駅南口, 笠原橋東〜南平台団地〜中水門橋東〜水戸駅南口, 県庁BT〜中水門橋東〜みなみ団地入口〜水戸駅南口"
東前団地中央,茨城交通（株）,"茨大前〜水戸〜東前〜大串公園, 水戸駅〜東前団地〜大串公園"
海門橋北口,茨城交通（株）,"茨大前〜FT〜アクア〜那珂湊駅, 茨大前〜アクア〜那珂湊駅, 茨大前〜水戸駅〜大洗〜那珂湊駅, 茨大前〜大洗〜FT〜那珂湊駅, 水戸駅〜大洗〜那珂湊駅, 水戸駅〜大洗FT〜那珂湊駅, 那珂湊駅〜大洗駅〜大洗高校前, 那珂湊駅〜大洗高校前"
大沢（友部）,茨城交通（株）,"鯉渕営業所〜西原住宅〜友部駅, 水戸駅〜旭台〜友部駅, 友部駅〜モノタロウ前, 友部駅〜医療C〜モノタロウ前, 友部循環"
笠原下組,関東鉄道（株）,"水戸駅南口〜笠原橋東〜中水門橋東〜水戸駅南口, 笠原橋東〜南平台団地〜中水門橋東〜水戸駅南口, 水戸駅南口〜笠原橋東〜南平台団地〜中水門橋東"
東原住宅前,関東鉄道（株）,"東部工業団地〜竹隅町〜水戸駅, 東部工業団地〜竹隅町・水戸駅・大工町〜県庁バスターミナル, 東部工業団地〜竹隈町・水戸駅・大工町・ときわ台団地〜大山台住, 東部工業団地〜水戸駅〜大工町〜大山台住宅〜赤塚駅南口"
海門町2丁目,ひたちなか市,平磯那珂湊
子供福祉医療センター,関東鉄道（株）,吉沢車庫〜四中前・水戸駅南口〜水戸駅
県庁東,関東鉄道（株）,県庁BT〜中水門橋東〜みなみ団地入口〜水戸駅南口
酒門東,関東鉄道（株）,けやき台団地〜みなみ団地入口〜水戸駅南口
台山高森工業団地,桜川市,桜川市バス「ヤマザクラGO」
中台上,茨城交通（株）,友部駅〜中央病院〜水戸駅
曽根,桜川市,友部・猿田ルート
常澄庁舎前,茨城交通（株）,"茨大前〜FT〜アクア〜那珂湊駅, 茨大前〜アクア〜那珂湊駅, 茨大前〜水戸駅〜アクアワールド, 茨大前〜水戸駅〜大洗〜那珂湊駅, 茨大前〜大洗〜FT〜那珂湊駅, 茨大前〜大洗FT, 水戸駅〜大洗〜那珂湊駅, 水戸駅〜大洗FT〜那珂湊駅"
海門町2丁目東,ひたちなか市,平磯那珂湊
中央児童公園前,関東鉄道（株）,"けやき台団地〜竹隅町〜水戸駅, けやき台団地〜竹隈町・水戸駅・大工町・ときわ台団地〜大山台住, けやき台団地〜水戸駅〜大山台住宅〜赤塚駅南口, けやき台団地〜太刀洗〜水戸駅〜大工町〜偕楽園, けやき台団地〜みなみ団地入口〜水戸駅南口"
下坪,茨城交通（株）,赤塚駅南口〜常陸高田
篠立,茨城交通（株）,鯉淵学園〜柿橋・友部小〜友部駅
海門町1丁目,ひたちなか市,平磯那珂湊
笠原中東,関東鉄道（株）,県庁BT〜中水門橋東〜みなみ団地入口〜水戸駅南口
吉沢,関東鉄道（株）,"県自動車学校〜平須・大工町・水戸駅・三高下〜運転免許センター, 水戸駅〜台町・三高下〜運転免許センター, 茨城町役場〜矢頭・台町・三高下・水戸駅〜県庁バスターミナル, 県自動車学校〜台町・三高下・水戸駅〜県庁バスターミナル, 吉沢車庫〜台町・三高下・水戸駅・平須〜県自動車学校, 吉沢車庫〜台町・三高下〜水戸駅, 吉沢車庫〜台町・三高下・水戸駅・千波〜県庁バスターミナル, 吉沢車庫〜一里塚〜県福祉会館前〜大山台住宅〜赤塚駅南口, 吉沢車庫〜四中前・水戸駅南口〜水戸駅, 水戸医療センター〜寿小前・水戸駅・市役所前・台町〜吉沢車庫, 吉沢車庫〜米沢町入口・みなみ団地入口〜水戸駅南口, 運転免許センター〜矢頭・台町・水戸駅・大工町〜県自動車学校, 県自動車学校〜台町〜水戸駅〜大工町〜県自動車学校"
大場原,茨城交通（株）,"茨大前〜酒門〜常磐の杜, 常磐〜会館〜中央病院〜水戸駅, 常磐〜団地〜中央病院〜水戸駅, 常磐の杜〜百合が丘〜水戸駅, 水戸駅〜中央病院〜元石川団地"
東部工業団地,関東鉄道（株）,"東部工業団地〜竹隅町〜水戸駅, 東部工業団地〜竹隅町・水戸駅・大工町〜県庁バスターミナル, 東部工業団地〜竹隈町・水戸駅・大工町・ときわ台団地〜大山台住, 東部工業団地〜水戸駅〜大工町〜大山台住宅〜赤塚駅南口"
柏渕入口,関東鉄道（株）,"東部工業団地〜竹隅町〜水戸駅, 東部工業団地〜竹隅町・水戸駅・大工町〜県庁バスターミナル, 東部工業団地〜竹隈町・水戸駅・大工町・ときわ台団地〜大山台住, 東部工業団地〜水戸駅〜大工町〜大山台住宅〜赤塚駅南口"
友部第二小学校前,茨城交通（株）,"鯉渕営業所〜西原住宅〜友部駅, 水戸駅〜旭台〜友部駅, 友部駅〜モノタロウ前, 友部駅〜医療C〜モノタロウ前, 友部循環"
中水門橋東,関東鉄道（株）,"水戸駅南口〜笠原橋東〜中水門橋東〜水戸駅南口, 笠原橋東〜南平台団地〜中水門橋東〜水戸駅南口, 水戸駅南口〜笠原橋東〜南平台団地〜中水門橋東, 県庁BT〜中水門橋東〜みなみ団地入口〜水戸駅南口"
笠原中学校前,関東鉄道（株）,"県自校〜南平台団地前・県庁BT・長堀・水戸駅〜偕楽園, 水戸駅南口〜笠原橋東〜中水門橋東〜水戸駅南口, 笠原橋東〜南平台団地〜中水門橋東〜水戸駅南口, 水戸駅南口〜笠原橋東〜南平台団地〜中水門橋東"
吉沢小学校前,関東鉄道（株）,"イオンタウン水戸南〜県自校・米沢中央・みなみ団地〜水戸駅南口, 県自校〜みなみ団地・市役所・水戸駅・木工団地〜市立競技場, 県自校〜みなみ団地・市役所・水戸駅・木工団地〜植物公園, 県自校〜みなみ団地〜水戸駅南口, 吉沢車庫〜畑中・長堀・後川〜水戸駅, 吉沢車庫〜畑中・払沢・舟付坂上〜水戸駅"
興国,茨城交通（株）,鯉淵学園〜柿橋・友部小〜友部駅
稲荷第一小学校前,茨城交通（株）,稲荷第一小学校〜越堀
六番池団地前,関東鉄道（株）,"県自動車学校〜平須・大工町・水戸駅・三高下〜運転免許センター, 吉沢車庫〜台町・三高下・水戸駅・平須〜県自動車学校, 石岡車庫〜石岡駅・堅倉・奥ノ谷・千波・大工町〜水戸駅, 水戸駅〜大工町・千波・奥ノ谷・堅倉〜石岡駅, 堅倉〜奥ノ谷・平須・千波・大工町〜水戸駅, 水戸駅〜大工町・千波・平須〜奥ノ谷坂上, 水戸駅〜大工町・千波・寿小学校前〜水戸医療センター, 水戸医療センター〜寿小前・水戸駅・市役所前・台町〜吉沢車庫, 水戸駅〜千波坂上・千波〜茨城町役場, 奥ノ谷坂上〜平須・千波・芳流橋〜水戸駅, 水戸駅〜芳流橋・千波・平須〜県自動車学校, 水戸駅〜芳流橋・千波・寿小学校前〜水戸医療センター, 水戸駅南口〜みなみ団地・県庁前・寿小入口〜水戸医療センター, 県自動車学校〜平須・大工町〜水戸駅, 運転免許センター〜矢頭・台町・水戸駅・大工町〜県自動車学校, 県自動車学校〜台町〜水戸駅〜大工町〜県自動車学校"
六番池団地前,関鉄グリーンバス（株）,"茨城空港〜奥ノ谷〜水戸駅, 水戸駅〜海老沢〜役場〜鉾田駅, 水戸駅〜千波〜奥ノ谷, 水戸駅〜大工町〜奥ノ谷坂上, 水戸駅〜大和田〜鉾田駅, 水戸駅〜町役場（関鉄グリーン）"
けやき台団地中央（水戸市）,関東鉄道（株）,"けやき台団地〜竹隅町〜水戸駅, けやき台団地〜竹隈町・水戸駅・大工町・ときわ台団地〜大山台住, けやき台団地〜水戸駅〜大山台住宅〜赤塚駅南口, けやき台団地〜太刀洗〜水戸駅〜大工町〜偕楽園, けやき台団地〜みなみ団地入口〜水戸駅南口"
研修所舎宅前,茨城交通（株）,"鯉渕営業所〜西原住宅〜友部駅, 水戸駅〜旭台〜友部駅"
東前団地西,茨城交通（株）,"茨大前〜水戸〜東前〜大串公園, 水戸駅〜東前団地〜大串公園"
新笠原,関東鉄道（株）,"水戸駅南口〜笠原橋東〜中水門橋東〜水戸駅南口, 笠原橋東〜南平台団地〜中水門橋東〜水戸駅南口, 水戸駅南口〜笠原橋東〜南平台団地〜中水門橋東"
台山高森工業団地入口,桜川市,桜川市バス「ヤマザクラGO」
大串下畑,茨城交通（株）,"稲荷第一小学校〜越堀, 茨大前〜FT〜アクア〜那珂湊駅, 茨大前〜アクア〜那珂湊駅, 茨大前〜水戸駅〜アクアワールド, 茨大前〜水戸駅〜大洗〜那珂湊駅, 茨大前〜大洗〜FT〜那珂湊駅, 茨大前〜大洗FT, 水戸駅〜大洗〜那珂湊駅, 水戸駅〜大洗FT〜那珂湊駅"
常陸高田,茨城交通（株）,赤塚駅南口〜常陸高田
鯉淵学園銀杏並木前,茨城交通（株）,鯉淵学園〜柿橋・友部小〜友部駅
米沢代官山,関東鉄道（株）,"水戸駅南口〜笠原橋東〜中水門橋東〜水戸駅南口, 笠原橋東〜南平台団地〜中水門橋東〜水戸駅南口, 水戸駅南口〜笠原橋東〜南平台団地〜中水門橋東"
東部工業団地入口,関東鉄道（株）,"東部工業団地〜竹隅町〜水戸駅, 東部工業団地〜竹隅町・水戸駅・大工町〜県庁バスターミナル, 東部工業団地〜竹隈町・水戸駅・大工町・ときわ台団地〜大山台住, 東部工業団地〜水戸駅〜大工町〜大山台住宅〜赤塚駅南口"
元石川団地中央,茨城交通（株）,"茨大前〜酒門〜常磐の杜, 常磐〜会館〜中央病院〜水戸駅, 常磐〜団地〜中央病院〜水戸駅, 常磐の杜〜百合が丘〜水戸駅, 水戸駅〜中央病院〜元石川団地"
福泉公民館,桜川市,上谷貝・金敷ルート
我がまま館前,茨城交通（株）,"水戸〜桜ノ牧高入口〜水戸医療C, 水戸医療C〜桜ノ牧高入口〜水戸, 赤塚南口〜桜ノ牧高〜水戸医療C"
米沢中央,関東鉄道（株）,"イオンタウン水戸南〜県自校・米沢中央・みなみ団地〜水戸駅南口, 県自校〜みなみ団地・市役所・水戸駅・木工団地〜市立競技場, 県自校〜みなみ団地・市役所・水戸駅・木工団地〜植物公園, 県自校〜みなみ団地〜水戸駅南口"
けやき台団地（水戸市）,関東鉄道（株）,"けやき台団地〜竹隅町〜水戸駅, けやき台団地〜竹隈町・水戸駅・大工町・ときわ台団地〜大山台住, けやき台団地〜水戸駅〜大山台住宅〜赤塚駅南口, けやき台団地〜太刀洗〜水戸駅〜大工町〜偕楽園, けやき台団地〜みなみ団地入口〜水戸駅南口"
車検場入口,関東鉄道（株）,"県自動車学校〜平須・大工町・水戸駅・三高下〜運転免許センター, 水戸駅〜台町・三高下〜運転免許センター, 茨城町役場〜矢頭・台町・三高下・水戸駅〜県庁バスターミナル, 県自動車学校〜台町・三高下・水戸駅〜県庁バスターミナル, 吉沢車庫〜台町・三高下・水戸駅・平須〜県自動車学校, 吉沢車庫〜台町・三高下〜水戸駅, 吉沢車庫〜台町・三高下・水戸駅・千波〜県庁バスターミナル, 吉沢車庫〜一里塚〜県福祉会館前〜大山台住宅〜赤塚駅南口, 吉沢車庫〜四中前・水戸駅南口〜水戸駅, 水戸医療センター〜寿小前・水戸駅・市役所前・台町〜吉沢車庫, 吉沢車庫〜米沢町入口・みなみ団地入口〜水戸駅南口, 吉沢車庫〜畑中・長堀・後川〜水戸駅, 吉沢車庫〜畑中・払沢・舟付坂上〜水戸駅, 運転免許センター〜矢頭・台町・水戸駅・大工町〜県自動車学校, 県自動車学校〜台町〜水戸駅〜大工町〜県自動車学校"
平須消防署前,関東鉄道（株）,"県自動車学校〜平須・大工町・水戸駅・三高下〜運転免許センター, 吉沢車庫〜台町・三高下・水戸駅・平須〜県自動車学校, 石岡車庫〜石岡駅・堅倉・奥ノ谷・千波・大工町〜水戸駅, 水戸駅〜大工町・千波・奥ノ谷・堅倉〜石岡駅, 堅倉〜奥ノ谷・平須・千波・大工町〜水戸駅, 水戸駅〜大工町・千波・平須〜奥ノ谷坂上, 水戸駅〜大工町・千波・寿小学校前〜水戸医療センター, 水戸医療センター〜寿小前・水戸駅・市役所前・台町〜吉沢車庫, 水戸駅〜千波坂上・千波〜茨城町役場, 奥ノ谷坂上〜平須・千波・芳流橋〜水戸駅, 水戸駅〜芳流橋・千波・平須〜県自動車学校, 水戸駅〜芳流橋・千波・寿小学校前〜水戸医療センター, 水戸駅南口〜みなみ団地・県庁前・寿小入口〜水戸医療センター, 県自動車学校〜平須・大工町〜水戸駅, 運転免許センター〜矢頭・台町・水戸駅・大工町〜県自動車学校, 県自動車学校〜台町〜水戸駅〜大工町〜県自動車学校"
平須消防署前,関鉄グリーンバス（株）,"茨城空港〜奥ノ谷〜水戸駅, 水戸駅〜海老沢〜役場〜鉾田駅, 水戸駅〜千波〜奥ノ谷, 水戸駅〜大工町〜奥ノ谷坂上, 水戸駅〜大和田〜鉾田駅, 水戸駅〜町役場（関鉄グリーン）"
石川会館,茨城交通（株）,"常磐〜会館〜中央病院〜水戸駅, 石川会館〜常磐の杜中央"
大串団地,茨城交通（株）,"茨大前〜水戸〜東前〜大串公園, 水戸駅〜東前団地〜大串公園"
鯉淵学園,茨城交通（株）,"鯉淵学園〜柿橋・友部小〜友部駅, 鯉渕営業所〜西原住宅〜友部駅, 水戸駅〜旭台〜友部駅"
猿田東,桜川市,友部・猿田ルート
笠原保育園前,関東鉄道（株）,"県自校〜南平台団地前・県庁BT・長堀・水戸駅〜偕楽園, 水戸駅南口〜笠原橋東〜中水門橋東〜水戸駅南口, 笠原橋東〜南平台団地〜中水門橋東〜水戸駅南口, 水戸駅南口〜笠原橋東〜南平台団地〜中水門橋東"
塩ケ崎,茨城交通（株）,"稲荷第一小学校〜越堀, 茨大前〜FT〜アクア〜那珂湊駅, 茨大前〜アクア〜那珂湊駅, 茨大前〜水戸駅〜アクアワールド, 茨大前〜水戸駅〜大洗〜那珂湊駅, 茨大前〜大洗〜FT〜那珂湊駅, 茨大前〜大洗FT, 水戸駅〜大洗〜那珂湊駅, 水戸駅〜大洗FT〜那珂湊駅"
大串公園,茨城交通（株）,"茨大前〜水戸〜東前〜大串公園, 水戸駅〜東前団地〜大串公園"
県立こころの医療センター,茨城交通（株）,友部駅〜医療C〜モノタロウ前
米沢代官山下,関東鉄道（株）,"水戸駅南口〜笠原橋東〜中水門橋東〜水戸駅南口, 笠原橋東〜南平台団地〜中水門橋東〜水戸駅南口, 水戸駅南口〜笠原橋東〜南平台団地〜中水門橋東"
医療センター正門,茨城交通（株）,友部駅〜医療C〜モノタロウ前
汐ケ崎病院,茨城交通（株）,"茨大前〜水戸〜東前〜大串公園, 水戸駅〜東前団地〜大串公園"
旭町（笠間市）,茨城交通（株）,"鯉渕営業所〜西原住宅〜友部駅, 水戸駅〜旭台〜友部駅, 友部循環"
猿田公民館,桜川市,友部・猿田ルート
吉沢市民センター前,関東鉄道（株）,"イオンタウン水戸南〜県自校・米沢中央・みなみ団地〜水戸駅南口, 県自校〜みなみ団地・市役所・水戸駅・木工団地〜市立競技場, 県自校〜みなみ団地・市役所・水戸駅・木工団地〜植物公園, 県自校〜みなみ団地〜水戸駅南口"
アクアワールド・大洗,茨城交通（株）,"茨大前〜FT〜アクア〜那珂湊駅, 茨大前〜アクア〜那珂湊駅, 茨大前〜水戸駅〜アクアワールド"
アクアワールド大洗,大洗町,"アクアワールド・大洗ルート, アクアワールドFTサンビーチルート, アクアワールド大洗サンビーチルート"
鯉淵学園学生ホール,茨城交通（株）,鯉淵学園〜柿橋・友部小〜友部駅
亀の井ホテル入口,茨城交通（株）,"茨大前〜FT〜アクア〜那珂湊駅, 茨大前〜アクア〜那珂湊駅, 茨大前〜水戸駅〜アクアワールド, 茨大前〜水戸駅〜大洗〜那珂湊駅, 茨大前〜大洗〜FT〜那珂湊駅, 水戸駅〜大洗〜那珂湊駅, 水戸駅〜大洗FT〜那珂湊駅, 那珂湊駅〜大洗駅〜大洗高校前, 那珂湊駅〜大洗高校前"
羽田,桜川市,犬田・青木ルート
元石川団地,茨城交通（株）,"茨大前〜酒門〜常磐の杜, 常磐〜会館〜中央病院〜水戸駅, 常磐〜団地〜中央病院〜水戸駅, 常磐の杜〜百合が丘〜水戸駅, 水戸駅〜中央病院〜元石川団地"
南平台団地,関東鉄道（株）,"県自校〜南平台団地前・県庁BT・長堀・水戸駅〜偕楽園, 水戸駅南口〜笠原橋東〜中水門橋東〜水戸駅南口, 笠原橋東〜南平台団地〜中水門橋東〜水戸駅南口, 水戸駅南口〜笠原橋東〜南平台団地〜中水門橋東"
吉沢車庫,関東鉄道（株）,"吉沢車庫〜台町・三高下・水戸駅・平須〜県自動車学校, 吉沢車庫〜台町・三高下〜水戸駅, 吉沢車庫〜台町・三高下・水戸駅・千波〜県庁バスターミナル, 吉沢車庫〜一里塚〜県福祉会館前〜大山台住宅〜赤塚駅南口, 吉沢車庫〜四中前・水戸駅南口〜水戸駅, 水戸医療センター〜寿小前・水戸駅・市役所前・台町〜吉沢車庫, 吉沢車庫〜米沢町入口・みなみ団地入口〜水戸駅南口, 吉沢車庫〜畑中・長堀・後川〜水戸駅, 吉沢車庫〜畑中・払沢・舟付坂上〜水戸駅"
赤穂川,茨城交通（株）,"水戸〜桜ノ牧高入口〜水戸医療C, 水戸医療C〜桜ノ牧高入口〜水戸, 赤塚南口〜桜ノ牧高〜水戸医療C"
祝町,大洗町,"アクアワールド・大洗ルート, アクアワールドFTサンビーチルート, アクアワールド大洗サンビーチルート"
今泉農村集落センター前（今泉公民館前）,桜川市,友部・猿田ルート
水戸南インター,茨城交通（株）,"茨大前〜酒門〜常磐の杜, 常磐〜会館〜中央病院〜水戸駅, 常磐〜団地〜中央病院〜水戸駅, 常磐の杜〜百合が丘〜水戸駅, 石川会館〜常磐の杜中央"
平須団地入口,関東鉄道（株）,"県自動車学校〜平須・大工町・水戸駅・三高下〜運転免許センター, 吉沢車庫〜台町・三高下・水戸駅・平須〜県自動車学校, 石岡車庫〜石岡駅・堅倉・奥ノ谷・千波・大工町〜水戸駅, 水戸駅〜大工町・千波・奥ノ谷・堅倉〜石岡駅, 堅倉〜奥ノ谷・平須・千波・大工町〜水戸駅, 水戸駅〜大工町・千波・平須〜奥ノ谷坂上, 水戸駅〜大工町・千波・寿小学校前〜水戸医療センター, 水戸医療センター〜寿小前・水戸駅・市役所前・台町〜吉沢車庫, 水戸駅〜千波坂上・千波〜茨城町役場, 奥ノ谷坂上〜平須・千波・芳流橋〜水戸駅, 水戸駅〜芳流橋・千波・平須〜県自動車学校, 水戸駅〜芳流橋・千波・寿小学校前〜水戸医療センター, 水戸駅南口〜みなみ団地・県庁前・寿小入口〜水戸医療センター, 県自動車学校〜平須・大工町〜水戸駅, 運転免許センター〜矢頭・台町・水戸駅・大工町〜県自動車学校, 県自動車学校〜台町〜水戸駅〜大工町〜県自動車学校"
平須団地入口,関鉄グリーンバス（株）,"茨城空港〜奥ノ谷〜水戸駅, 水戸駅〜海老沢〜役場〜鉾田駅, 水戸駅〜千波〜奥ノ谷, 水戸駅〜大工町〜奥ノ谷坂上, 水戸駅〜大和田〜鉾田駅, 水戸駅〜町役場（関鉄グリーン）"
あさ川製菓本社前,茨城交通（株）,"茨大前〜酒門〜常磐の杜, 常磐〜会館〜中央病院〜水戸駅, 常磐〜団地〜中央病院〜水戸駅, 常磐の杜〜百合が丘〜水戸駅"
雨引観音,桜川市,桜川市バス「ヤマザクラGO」
学園社宅前,茨城交通（株）,"鯉渕営業所〜西原住宅〜友部駅, 水戸駅〜旭台〜友部駅"
吉沢中央,関東鉄道（株）,"県自動車学校〜平須・大工町・水戸駅・三高下〜運転免許センター, 水戸駅〜台町・三高下〜運転免許センター, 茨城町役場〜矢頭・台町・三高下・水戸駅〜県庁バスターミナル, 県自動車学校〜台町・三高下・水戸駅〜県庁バスターミナル, 運転免許センター〜矢頭・台町・水戸駅・大工町〜県自動車学校, 県自動車学校〜台町〜水戸駅〜大工町〜県自動車学校"
祝町幼稚園入口,大洗町,"アクアワールド・大洗ルート, アクアワールドFTサンビーチルート, アクアワールド大洗サンビーチルート"
祝町幼稚園入口,茨城交通（株）,"茨大前〜FT〜アクア〜那珂湊駅, 茨大前〜アクア〜那珂湊駅, 茨大前〜水戸駅〜アクアワールド, 茨大前〜水戸駅〜大洗〜那珂湊駅, 茨大前〜大洗〜FT〜那珂湊駅, 水戸駅〜大洗〜那珂湊駅, 水戸駅〜大洗FT〜那珂湊駅, 那珂湊駅〜大洗駅〜大洗高校前, 那珂湊駅〜大洗高校前"
モノタロウ前,茨城交通（株）,"友部駅〜モノタロウ前, 友部駅〜医療C〜モノタロウ前"
木植,桜川市,友部・猿田ルート
ことぶき町,関東鉄道（株）,"水戸駅〜大工町・千波・寿小学校前〜水戸医療センター, 水戸医療センター〜寿小前・水戸駅・市役所前・台町〜吉沢車庫, 水戸駅〜芳流橋・千波・寿小学校前〜水戸医療センター"
笠原八ツ無地,関東鉄道（株）,"水戸駅南口〜笠原橋東〜中水門橋東〜水戸駅南口, 笠原橋東〜南平台団地〜中水門橋東〜水戸駅南口, 水戸駅南口〜笠原橋東〜南平台団地〜中水門橋東"
平須団地前,関東鉄道（株）,"水戸駅〜大工町・千波・寿小学校前〜水戸医療センター, 水戸医療センター〜寿小前・水戸駅・市役所前・台町〜吉沢車庫, 水戸駅〜芳流橋・千波・寿小学校前〜水戸医療センター"
東野谷津,関東鉄道（株）,"水戸駅南口〜笠原橋東〜中水門橋東〜水戸駅南口, 笠原橋東〜南平台団地〜中水門橋東〜水戸駅南口, 水戸駅南口〜笠原橋東〜南平台団地〜中水門橋東"
緑ケ丘団地,茨城交通（株）,友部循環
向井,関東鉄道（株）,"水戸駅〜大工町・千波・寿小学校前〜水戸医療センター, 水戸医療センター〜寿小前・水戸駅・市役所前・台町〜吉沢車庫, 水戸駅〜芳流橋・千波・寿小学校前〜水戸医療センター"
吉沢南,関東鉄道（株）,"イオンタウン水戸南〜県自校・米沢中央・みなみ団地〜水戸駅南口, 県自校〜みなみ団地・市役所・水戸駅・木工団地〜市立競技場, 県自校〜みなみ団地・市役所・水戸駅・木工団地〜植物公園, 県自校〜みなみ団地〜水戸駅南口"
平須新田,関東鉄道（株）,"水戸駅〜大工町・千波・寿小学校前〜水戸医療センター, 水戸医療センター〜寿小前・水戸駅・市役所前・台町〜吉沢車庫, 水戸駅〜芳流橋・千波・寿小学校前〜水戸医療センター"
松ケ丘,茨城交通（株）,"茨大前〜FT〜アクア〜那珂湊駅, 茨大前〜アクア〜那珂湊駅, 茨大前〜水戸駅〜アクアワールド, 茨大前〜水戸駅〜大洗〜那珂湊駅, 茨大前〜大洗〜FT〜那珂湊駅, 水戸駅〜大洗〜那珂湊駅, 水戸駅〜大洗FT〜那珂湊駅, 那珂湊駅〜大洗駅〜大洗高校前, 那珂湊駅〜大洗高校前"
松ヶ丘,大洗町,"アクアワールド・大洗ルート, アクアワールドFTサンビーチルート, アクアワールド大洗サンビーチルート"
笠原団地南,関東鉄道（株）,"県自校〜南平台団地前・県庁BT・長堀・水戸駅〜偕楽園, 水戸駅南口〜笠原橋東〜中水門橋東〜水戸駅南口, 笠原橋東〜南平台団地〜中水門橋東〜水戸駅南口, 水戸駅南口〜笠原橋東〜南平台団地〜中水門橋東"
寿小学校前,関東鉄道（株）,"水戸駅〜大工町・千波・寿小学校前〜水戸医療センター, 水戸医療センター〜寿小前・水戸駅・市役所前・台町〜吉沢車庫, 水戸駅〜芳流橋・千波・寿小学校前〜水戸医療センター"
東野中山,関東鉄道（株）,"水戸駅南口〜笠原橋東〜中水門橋東〜水戸駅南口, 笠原橋東〜南平台団地〜中水門橋東〜水戸駅南口, 水戸駅南口〜笠原橋東〜南平台団地〜中水門橋東"
東野入口,関東鉄道（株）,"県自動車学校〜平須・大工町・水戸駅・三高下〜運転免許センター, 水戸駅〜台町・三高下〜運転免許センター, 茨城町役場〜矢頭・台町・三高下・水戸駅〜県庁バスターミナル, 県自動車学校〜台町・三高下・水戸駅〜県庁バスターミナル, 運転免許センター〜矢頭・台町・水戸駅・大工町〜県自動車学校, 県自動車学校〜台町〜水戸駅〜大工町〜県自動車学校"
随分付,茨城交通（株）,"鯉渕営業所〜西原住宅〜友部駅, 水戸駅〜旭台〜友部駅"
中丸木公民館,桜川市,上谷貝・金敷ルート
友部自動車学校,茨城交通（株）,"鯉渕営業所〜西原住宅〜友部駅, 水戸駅〜旭台〜友部駅, 友部循環"
平須,関東鉄道（株）,"県自動車学校〜平須・大工町・水戸駅・三高下〜運転免許センター, 吉沢車庫〜台町・三高下・水戸駅・平須〜県自動車学校, 石岡車庫〜石岡駅・堅倉・奥ノ谷・千波・大工町〜水戸駅, 水戸駅〜大工町・千波・奥ノ谷・堅倉〜石岡駅, 堅倉〜奥ノ谷・平須・千波・大工町〜水戸駅, 水戸駅〜大工町・千波・平須〜奥ノ谷坂上, 水戸駅〜千波坂上・千波〜茨城町役場, 奥ノ谷坂上〜平須・千波・芳流橋〜水戸駅, 水戸駅〜芳流橋・千波・平須〜県自動車学校, 水戸駅南口〜みなみ団地・県庁前・寿小入口〜水戸医療センター, 県自動車学校〜平須・大工町〜水戸駅, 運転免許センター〜矢頭・台町・水戸駅・大工町〜県自動車学校, 県自動車学校〜台町〜水戸駅〜大工町〜県自動車学校"
平須,関鉄グリーンバス（株）,"茨城空港〜奥ノ谷〜水戸駅, 水戸駅〜海老沢〜役場〜鉾田駅, 水戸駅〜千波〜奥ノ谷, 水戸駅〜大工町〜奥ノ谷坂上, 水戸駅〜大和田〜鉾田駅, 水戸駅〜町役場（関鉄グリーン）"
平須神社,関東鉄道（株）,水戸駅南口〜みなみ団地・県庁前・寿小入口〜水戸医療センター
田向井,関東鉄道（株）,"水戸駅〜大工町・千波・寿小学校前〜水戸医療センター, 水戸医療センター〜寿小前・水戸駅・市役所前・台町〜吉沢車庫, 水戸駅〜芳流橋・千波・寿小学校前〜水戸医療センター"
東山団地,関東鉄道（株）,"県自動車学校〜平須・大工町・水戸駅・三高下〜運転免許センター, 吉沢車庫〜台町・三高下・水戸駅・平須〜県自動車学校, 水戸駅〜芳流橋・千波・平須〜県自動車学校, 県自動車学校〜平須・大工町〜水戸駅, 運転免許センター〜矢頭・台町・水戸駅・大工町〜県自動車学校, 県自動車学校〜台町〜水戸駅〜大工町〜県自動車学校"
大国玉,桜川市,桜川市バス「ヤマザクラGO」
平須中央,関東鉄道（株）,水戸駅南口〜みなみ団地・県庁前・寿小入口〜水戸医療センター
平須東,関東鉄道（株）,"県自動車学校〜平須・大工町・水戸駅・三高下〜運転免許センター, 吉沢車庫〜台町・三高下・水戸駅・平須〜県自動車学校, 水戸駅〜芳流橋・千波・平須〜県自動車学校, 県自動車学校〜平須・大工町〜水戸駅, 運転免許センター〜矢頭・台町・水戸駅・大工町〜県自動車学校, 県自動車学校〜台町〜水戸駅〜大工町〜県自動車学校"
桜川市役所大和庁舎,桜川市,"桜川市バス「ヤマザクラGO」, 犬田・青木ルート, 高久・原方ルート"
東野町,関東鉄道（株）,"県自動車学校〜平須・大工町・水戸駅・三高下〜運転免許センター, 吉沢車庫〜台町・三高下・水戸駅・平須〜県自動車学校, 水戸駅〜芳流橋・千波・平須〜県自動車学校, 県自校〜南平台団地前・県庁BT・長堀・水戸駅〜偕楽園, 県自動車学校〜平須・大工町〜水戸駅, 運転免許センター〜矢頭・台町・水戸駅・大工町〜県自動車学校, 県自動車学校〜台町〜水戸駅〜大工町〜県自動車学校, 水戸駅南口〜笠原橋東〜中水門橋東〜水戸駅南口, 笠原橋東〜南平台団地〜中水門橋東〜水戸駅南口, 水戸駅南口〜笠原橋東〜南平台団地〜中水門橋東"
本木,桜川市,桜川市バス「ヤマザクラGO」
平須西,関東鉄道（株）,水戸駅南口〜みなみ団地・県庁前・寿小入口〜水戸医療センター
寿小学校入口,関東鉄道（株）,水戸駅南口〜みなみ団地・県庁前・寿小入口〜水戸医療センター
木崎,桜川市,高久・原方ルート
二葉町入口,茨城交通（株）,"茨大前〜FT〜アクア〜那珂湊駅, 茨大前〜アクア〜那珂湊駅, 茨大前〜水戸駅〜アクアワールド, 茨大前〜水戸駅〜大洗〜那珂湊駅, 茨大前〜大洗〜FT〜那珂湊駅, 水戸駅〜大洗〜那珂湊駅, 水戸駅〜大洗FT〜那珂湊駅, 那珂湊駅〜大洗駅〜大洗高校前, 那珂湊駅〜大洗高校前"
日吉神社前,関東鉄道（株）,"県自動車学校〜平須・大工町・水戸駅・三高下〜運転免許センター, 吉沢車庫〜台町・三高下・水戸駅・平須〜県自動車学校, 水戸駅〜芳流橋・千波・平須〜県自動車学校, 県自校〜南平台団地前・県庁BT・長堀・水戸駅〜偕楽園, 県自動車学校〜平須・大工町〜水戸駅, 運転免許センター〜矢頭・台町・水戸駅・大工町〜県自動車学校, 県自動車学校〜台町〜水戸駅〜大工町〜県自動車学校, 水戸駅南口〜笠原橋東〜中水門橋東〜水戸駅南口, 笠原橋東〜南平台団地〜中水門橋東〜水戸駅南口, 水戸駅南口〜笠原橋東〜南平台団地〜中水門橋東"
桜の郷東,茨城交通（株）,"水戸〜桜ノ牧高入口〜水戸医療C, 水戸医療C〜桜ノ牧高入口〜水戸, 赤塚南口〜桜ノ牧高〜水戸医療C"
金敷公民館,桜川市,上谷貝・金敷ルート
友部二中前,茨城交通（株）,友部循環
水戸医療センター,茨城交通（株）,"水戸〜桜ノ牧高入口〜水戸医療C, 水戸医療C〜桜ノ牧高入口〜水戸, 赤塚南口〜桜ノ牧高〜水戸医療C"
水戸医療センター,関東鉄道（株）,"水戸駅〜大工町・千波・寿小学校前〜水戸医療センター, 水戸医療センター〜寿小前・水戸駅・市役所前・台町〜吉沢車庫, 水戸駅〜芳流橋・千波・寿小学校前〜水戸医療センター, 水戸駅南口〜みなみ団地・県庁前・寿小入口〜水戸医療センター"
明光台団地入口,関東鉄道（株）,"水戸駅〜大工町・千波・寿小学校前〜水戸医療センター, 水戸医療センター〜寿小前・水戸駅・市役所前・台町〜吉沢車庫, 水戸駅〜芳流橋・千波・寿小学校前〜水戸医療センター, 水戸駅南口〜みなみ団地・県庁前・寿小入口〜水戸医療センター"
松ケ丘,関東鉄道（株）,"石岡車庫〜石岡駅・堅倉・奥ノ谷・千波・大工町〜水戸駅, 水戸駅〜大工町・千波・奥ノ谷・堅倉〜石岡駅, 堅倉〜奥ノ谷・平須・千波・大工町〜水戸駅, 松ヶ丘〜奥ノ谷・堅倉〜石岡駅, 水戸駅〜大工町・千波・平須〜奥ノ谷坂上, 水戸駅〜千波坂上・千波〜茨城町役場, 奥ノ谷坂上〜平須・千波・芳流橋〜水戸駅"
松ケ丘,関鉄グリーンバス（株）,"茨城空港〜奥ノ谷〜水戸駅, 水戸駅〜海老沢〜役場〜鉾田駅, 水戸駅〜千波〜奥ノ谷, 水戸駅〜大工町〜奥ノ谷坂上, 水戸駅〜大和田〜鉾田駅, 水戸駅〜町役場（関鉄グリーン）"
阿部田,桜川市,桜川市バス「ヤマザクラGO」
県自動車学校,関東鉄道（株）,"県自動車学校〜平須・大工町・水戸駅・三高下〜運転免許センター, 水戸駅〜台町・三高下〜運転免許センター, 茨城町役場〜矢頭・台町・三高下・水戸駅〜県庁バスターミナル, 県自動車学校〜台町・三高下・水戸駅〜県庁バスターミナル, 吉沢車庫〜台町・三高下・水戸駅・平須〜県自動車学校, 水戸駅〜芳流橋・千波・平須〜県自動車学校, イオンタウン水戸南〜県自校・米沢中央・みなみ団地〜水戸駅南口, 県自校〜みなみ団地・市役所・水戸駅・木工団地〜市立競技場, 県自校〜みなみ団地・市役所・水戸駅・木工団地〜植物公園, 県自校〜みなみ団地〜水戸駅南口, 県自校〜南平台団地前・県庁BT・長堀・水戸駅〜偕楽園, 県自動車学校〜平須・大工町〜水戸駅, 運転免許センター〜矢頭・台町・水戸駅・大工町〜県自動車学校, 県自動車学校〜台町〜水戸駅〜大工町〜県自動車学校"
前原公民館,桜川市,高久・原方ルート
県自校正門前,関東鉄道（株）,"県自動車学校〜平須・大工町・水戸駅・三高下〜運転免許センター, 吉沢車庫〜台町・三高下・水戸駅・平須〜県自動車学校, 水戸駅〜芳流橋・千波・平須〜県自動車学校, 県自校〜南平台団地前・県庁BT・長堀・水戸駅〜偕楽園, 県自動車学校〜平須・大工町〜水戸駅, 運転免許センター〜矢頭・台町・水戸駅・大工町〜県自動車学校, 県自動車学校〜台町〜水戸駅〜大工町〜県自動車学校"
旭台団地入口,茨城交通（株）,"鯉渕営業所〜西原住宅〜友部駅, 水戸駅〜旭台〜友部駅, 友部循環"
大戸,関東鉄道（株）,"水戸駅〜大工町・千波・寿小学校前〜水戸医療センター, 水戸医療センター〜寿小前・水戸駅・市役所前・台町〜吉沢車庫, 水戸駅〜芳流橋・千波・寿小学校前〜水戸医療センター, 水戸駅南口〜みなみ団地・県庁前・寿小入口〜水戸医療センター"
平戸,茨城交通（株）,"茨大前〜FT〜アクア〜那珂湊駅, 茨大前〜アクア〜那珂湊駅, 茨大前〜水戸駅〜アクアワールド, 茨大前〜水戸駅〜大洗〜那珂湊駅, 茨大前〜大洗〜FT〜那珂湊駅, 茨大前〜大洗FT, 水戸駅〜大洗〜那珂湊駅, 水戸駅〜大洗FT〜那珂湊駅"
住吉並木,茨城交通（株）,"鯉渕営業所〜西原住宅〜友部駅, 水戸駅〜旭台〜友部駅, 友部循環"
公園墓地入口,大洗町,"アクアワールド・大洗ルート, アクアワールドFTサンビーチルート, アクアワールド大洗サンビーチルート"
公園墓地入口,茨城交通（株）,"茨大前〜FT〜アクア〜那珂湊駅, 茨大前〜アクア〜那珂湊駅, 茨大前〜水戸駅〜アクアワールド, 茨大前〜水戸駅〜大洗〜那珂湊駅, 茨大前〜大洗〜FT〜那珂湊駅, 水戸駅〜大洗〜那珂湊駅, 水戸駅〜大洗FT〜那珂湊駅, 那珂湊駅〜大洗駅〜大洗高校前, 那珂湊駅〜大洗高校前"
桜の郷,茨城交通（株）,"水戸〜桜ノ牧高入口〜水戸医療C, 水戸医療C〜桜ノ牧高入口〜水戸, 赤塚南口〜桜ノ牧高〜水戸医療C"
桜の郷,関東鉄道（株）,"水戸駅〜大工町・千波・寿小学校前〜水戸医療センター, 水戸医療センター〜寿小前・水戸駅・市役所前・台町〜吉沢車庫, 水戸駅〜芳流橋・千波・寿小学校前〜水戸医療センター, 水戸駅南口〜みなみ団地・県庁前・寿小入口〜水戸医療センター"
ときわの杜保育園,茨城交通（株）,"茨大前〜酒門〜常磐の杜, 常磐〜会館〜中央病院〜水戸駅, 常磐〜団地〜中央病院〜水戸駅, 常磐の杜〜百合が丘〜水戸駅, 石川会館〜常磐の杜中央"
大戸西,関東鉄道（株）,"水戸駅〜大工町・千波・寿小学校前〜水戸医療センター, 水戸医療センター〜寿小前・水戸駅・市役所前・台町〜吉沢車庫, 水戸駅〜芳流橋・千波・寿小学校前〜水戸医療センター, 水戸駅南口〜みなみ団地・県庁前・寿小入口〜水戸医療センター"
本木西,桜川市,桜川市バス「ヤマザクラGO」
西原住宅,茨城交通（株）,"鯉渕営業所〜西原住宅〜友部駅, 水戸駅〜旭台〜友部駅, 友部循環"
島田町,茨城交通（株）,稲荷第一小学校〜越堀
幕末と明治の博物館入口,大洗町,"アクアワールド・大洗ルート, アクアワールドFTサンビーチルート, アクアワールド大洗サンビーチルート"
越堀,茨城交通（株）,稲荷第一小学校〜越堀
平戸橋,茨城交通（株）,"茨大前〜FT〜アクア〜那珂湊駅, 茨大前〜アクア〜那珂湊駅, 茨大前〜水戸駅〜アクアワールド, 茨大前〜水戸駅〜大洗〜那珂湊駅, 茨大前〜大洗〜FT〜那珂湊駅, 茨大前〜大洗FT, 水戸駅〜大洗〜那珂湊駅, 水戸駅〜大洗FT〜那珂湊駅"
和銅入口,大洗町,"アクアワールド・大洗ルート, アクアワールドFTサンビーチルート, アクアワールド大洗サンビーチルート"
大曽根,桜川市,桜川市バス「ヤマザクラGO」
常磐の杜北,茨城交通（株）,"茨大前〜酒門〜常磐の杜, 常磐〜会館〜中央病院〜水戸駅, 常磐〜団地〜中央病院〜水戸駅, 常磐の杜〜百合が丘〜水戸駅, 石川会館〜常磐の杜中央"
旭ケ丘団地入口（笠間市）,茨城交通（株）,"鯉渕営業所〜西原住宅〜友部駅, 水戸駅〜旭台〜友部駅, 友部循環"
松並,茨城交通（株）,稲荷第一小学校〜越堀
前田入口,関東鉄道（株）,"石岡車庫〜石岡駅・堅倉・奥ノ谷・千波・大工町〜水戸駅, 水戸駅〜大工町・千波・奥ノ谷・堅倉〜石岡駅, 堅倉〜奥ノ谷・平須・千波・大工町〜水戸駅, 松ヶ丘〜奥ノ谷・堅倉〜石岡駅, 水戸駅〜大工町・千波・平須〜奥ノ谷坂上, 水戸駅〜千波坂上・千波〜茨城町役場, 奥ノ谷坂上〜平須・千波・芳流橋〜水戸駅"
前田入口,関鉄グリーンバス（株）,"茨城空港〜奥ノ谷〜水戸駅, 水戸駅〜海老沢〜役場〜鉾田駅, 水戸駅〜千波〜奥ノ谷, 水戸駅〜大工町〜奥ノ谷坂上, 水戸駅〜大和田〜鉾田駅, 水戸駅〜町役場（関鉄グリーン）"
幕末と明治の博物館前,茨城交通（株）,"茨大前〜FT〜アクア〜那珂湊駅, 茨大前〜アクア〜那珂湊駅, 茨大前〜水戸駅〜アクアワールド, 茨大前〜水戸駅〜大洗〜那珂湊駅, 茨大前〜大洗〜FT〜那珂湊駅, 水戸駅〜大洗〜那珂湊駅, 水戸駅〜大洗FT〜那珂湊駅, 那珂湊駅〜大洗駅〜大洗高校前, 那珂湊駅〜大洗高校前"
常磐の杜入口,茨城交通（株）,"茨大前〜酒門〜常磐の杜, 常磐〜会館〜中央病院〜水戸駅, 常磐〜団地〜中央病院〜水戸駅, 常磐の杜〜百合が丘〜水戸駅, 石川会館〜常磐の杜中央"
住吉団地入口,茨城交通（株）,"鯉渕営業所〜西原住宅〜友部駅, 水戸駅〜旭台〜友部駅, 友部循環"
新町,大洗町,"アクアワールド・大洗ルート, アクアワールドFTサンビーチルート, アクアワールド大洗サンビーチルート"
前原十字路西,桜川市,上谷貝・金敷ルート
大洗テニスクラブ,茨城交通（株）,"茨大前〜FT〜アクア〜那珂湊駅, 茨大前〜アクア〜那珂湊駅, 茨大前〜水戸駅〜アクアワールド, 茨大前〜水戸駅〜大洗〜那珂湊駅, 茨大前〜大洗〜FT〜那珂湊駅, 水戸駅〜大洗〜那珂湊駅, 水戸駅〜大洗FT〜那珂湊駅, 那珂湊駅〜大洗駅〜大洗高校前, 那珂湊駅〜大洗高校前"
大洗駅入口,茨城交通（株）,"茨大前〜FT〜アクア〜那珂湊駅, 茨大前〜アクア〜那珂湊駅, 茨大前〜水戸駅〜アクアワールド, 茨大前〜水戸駅〜大洗〜那珂湊駅, 茨大前〜大洗〜FT〜那珂湊駅, 茨大前〜大洗FT, 水戸駅〜大洗〜那珂湊駅, 水戸駅〜大洗FT〜那珂湊駅"
常磐の杜西,茨城交通（株）,"茨大前〜酒門〜常磐の杜, 常磐〜会館〜中央病院〜水戸駅, 常磐〜団地〜中央病院〜水戸駅, 常磐の杜〜百合が丘〜水戸駅, 石川会館〜常磐の杜中央"
常磐の杜東,茨城交通（株）,"茨大前〜酒門〜常磐の杜, 常磐〜会館〜中央病院〜水戸駅, 常磐〜団地〜中央病院〜水戸駅, 常磐の杜〜百合が丘〜水戸駅, 石川会館〜常磐の杜中央"
警察学校前,関東鉄道（株）,"県自動車学校〜平須・大工町・水戸駅・三高下〜運転免許センター, 水戸駅〜台町・三高下〜運転免許センター"
大洗海岸,茨城交通（株）,"茨大前〜FT〜アクア〜那珂湊駅, 茨大前〜アクア〜那珂湊駅, 茨大前〜水戸駅〜アクアワールド, 茨大前〜水戸駅〜大洗〜那珂湊駅, 茨大前〜大洗〜FT〜那珂湊駅, 水戸駅〜大洗〜那珂湊駅, 水戸駅〜大洗FT〜那珂湊駅, 那珂湊駅〜大洗駅〜大洗高校前, 那珂湊駅〜大洗高校前"
中根,桜川市,高久・原方ルート
矢頭,関東鉄道（株）,"茨城町役場〜矢頭・台町・三高下・水戸駅〜県庁バスターミナル, イオンタウン水戸南〜県自校・米沢中央・みなみ団地〜水戸駅南口, 運転免許センター〜矢頭・台町・水戸駅・大工町〜県自動車学校"
常磐の杜中央,茨城交通（株）,"茨大前〜酒門〜常磐の杜, 常磐〜会館〜中央病院〜水戸駅, 常磐〜団地〜中央病院〜水戸駅, 常磐の杜〜百合が丘〜水戸駅, 石川会館〜常磐の杜中央"
観光情報センター前,大洗町,"アクアワールド・大洗ルート, アクアワールドFTサンビーチルート, アクアワールド大洗サンビーチルート"
東原,関東鉄道（株）,"石岡車庫〜石岡駅・堅倉・奥ノ谷・千波・大工町〜水戸駅, 水戸駅〜大工町・千波・奥ノ谷・堅倉〜石岡駅, 堅倉〜奥ノ谷・平須・千波・大工町〜水戸駅, 松ヶ丘〜奥ノ谷・堅倉〜石岡駅, 水戸駅〜大工町・千波・平須〜奥ノ谷坂上, 水戸駅〜千波坂上・千波〜茨城町役場, 奥ノ谷坂上〜平須・千波・芳流橋〜水戸駅"
東原,関鉄グリーンバス（株）,"茨城空港〜奥ノ谷〜水戸駅, 水戸駅〜海老沢〜役場〜鉾田駅, 水戸駅〜千波〜奥ノ谷, 水戸駅〜大工町〜奥ノ谷坂上, 水戸駅〜大和田〜鉾田駅, 水戸駅〜町役場（関鉄グリーン）"
大洗神社東,茨城交通（株）,"茨大前〜FT〜アクア〜那珂湊駅, 茨大前〜アクア〜那珂湊駅, 茨大前〜水戸駅〜アクアワールド, 茨大前〜水戸駅〜大洗〜那珂湊駅, 茨大前〜大洗〜FT〜那珂湊駅, 水戸駅〜大洗〜那珂湊駅, 水戸駅〜大洗FT〜那珂湊駅, 那珂湊駅〜大洗駅〜大洗高校前, 那珂湊駅〜大洗高校前"
涸沼川橋,茨城交通（株）,稲荷第一小学校〜越堀
TAIRAYA前,茨城交通（株）,"茨大前〜FT〜アクア〜那珂湊駅, 茨大前〜アクア〜那珂湊駅, 茨大前〜水戸駅〜アクアワールド, 茨大前〜水戸駅〜大洗〜那珂湊駅, 茨大前〜大洗〜FT〜那珂湊駅, 茨大前〜大洗FT, 水戸駅〜大洗〜那珂湊駅, 水戸駅〜大洗FT〜那珂湊駅, 那珂湊駅〜大洗駅〜大洗高校前, 那珂湊駅〜大洗高校前"
TAIRAYA前,大洗町,"アクアワールドFTサンビーチルート, アクアワールド大洗サンビーチルート, 大洗町じんぐりバス「なっちゃん号」, 大洗サンビーチルート"
曲松（大洗）,茨城交通（株）,"茨大前〜FT〜アクア〜那珂湊駅, 茨大前〜アクア〜那珂湊駅, 茨大前〜水戸駅〜アクアワールド, 茨大前〜水戸駅〜大洗〜那珂湊駅, 茨大前〜大洗〜FT〜那珂湊駅, 茨大前〜大洗FT, 水戸駅〜大洗〜那珂湊駅, 水戸駅〜大洗FT〜那珂湊駅, 那珂湊駅〜大洗駅〜大洗高校前, 那珂湊駅〜大洗高校前"
大洗駅,大洗町,"アクアワールド・大洗ルート, アクアワールドFTサンビーチルート, アクアワールド大洗サンビーチルート, 大洗町じんぐりバス「なっちゃん号」, 大洗サンビーチルート, 大洗南ルート"
大洗駅,茨城交通（株）,"那珂湊駅〜大洗駅〜大洗高校前, 那珂湊駅〜大洗高校前"
曲松,大洗町,"アクアワールド・大洗ルート, アクアワールドFTサンビーチルート, アクアワールド大洗サンビーチルート"
大洗磯前神社下,大洗町,"アクアワールド・大洗ルート, アクアワールドFTサンビーチルート, アクアワールド大洗サンビーチルート"
大洗神社前,茨城交通（株）,"茨大前〜FT〜アクア〜那珂湊駅, 茨大前〜アクア〜那珂湊駅, 茨大前〜水戸駅〜アクアワールド, 茨大前〜水戸駅〜大洗〜那珂湊駅, 茨大前〜大洗〜FT〜那珂湊駅, 水戸駅〜大洗〜那珂湊駅, 水戸駅〜大洗FT〜那珂湊駅, 那珂湊駅〜大洗駅〜大洗高校前, 那珂湊駅〜大洗高校前"
大洗地区交番入口,茨城交通（株）,"茨大前〜FT〜アクア〜那珂湊駅, 茨大前〜アクア〜那珂湊駅, 茨大前〜水戸駅〜アクアワールド, 茨大前〜水戸駅〜大洗〜那珂湊駅, 茨大前〜大洗〜FT〜那珂湊駅, 茨大前〜大洗FT, 水戸駅〜大洗〜那珂湊駅, 水戸駅〜大洗FT〜那珂湊駅, 那珂湊駅〜大洗駅〜大洗高校前, 那珂湊駅〜大洗高校前"
大洗派出所入口,大洗町,"アクアワールド・大洗ルート, アクアワールドFTサンビーチルート, アクアワールド大洗サンビーチルート"
板敷山前,関鉄グリーンバス（株）,羽鳥駅〜園部〜板敷山前
役場入口（大洗町）,茨城交通（株）,"茨大前〜FT〜アクア〜那珂湊駅, 茨大前〜アクア〜那珂湊駅, 茨大前〜水戸駅〜アクアワールド, 茨大前〜水戸駅〜大洗〜那珂湊駅, 茨大前〜大洗〜FT〜那珂湊駅, 水戸駅〜大洗〜那珂湊駅, 水戸駅〜大洗FT〜那珂湊駅, 那珂湊駅〜大洗駅〜大洗高校前, 那珂湊駅〜大洗高校前"
役場入口［大洗町］,大洗町,"アクアワールド・大洗ルート, アクアワールドFTサンビーチルート, アクアワールド大洗サンビーチルート"
磯浜新道,茨城交通（株）,"茨大前〜FT〜アクア〜那珂湊駅, 茨大前〜アクア〜那珂湊駅, 茨大前〜水戸駅〜アクアワールド, 茨大前〜水戸駅〜大洗〜那珂湊駅, 茨大前〜大洗〜FT〜那珂湊駅, 茨大前〜大洗FT, 水戸駅〜大洗〜那珂湊駅, 水戸駅〜大洗FT〜那珂湊駅, 那珂湊駅〜大洗駅〜大洗高校前, 那珂湊駅〜大洗高校前"
大洗シーサイドホテル前,茨城交通（株）,"茨大前〜FT〜アクア〜那珂湊駅, 茨大前〜アクア〜那珂湊駅, 茨大前〜水戸駅〜アクアワールド, 茨大前〜水戸駅〜大洗〜那珂湊駅, 茨大前〜大洗〜FT〜那珂湊駅, 水戸駅〜大洗〜那珂湊駅, 水戸駅〜大洗FT〜那珂湊駅, 那珂湊駅〜大洗駅〜大洗高校前, 那珂湊駅〜大洗高校前"
永町,大洗町,"アクアワールド・大洗ルート, アクアワールドFTサンビーチルート, アクアワールド大洗サンビーチルート"
永町,茨城交通（株）,"茨大前〜FT〜アクア〜那珂湊駅, 茨大前〜アクア〜那珂湊駅, 茨大前〜水戸駅〜アクアワールド, 茨大前〜水戸駅〜大洗〜那珂湊駅, 茨大前〜大洗〜FT〜那珂湊駅, 茨大前〜大洗FT, 水戸駅〜大洗〜那珂湊駅, 水戸駅〜大洗FT〜那珂湊駅, 那珂湊駅〜大洗駅〜大洗高校前, 那珂湊駅〜大洗高校前"
常銀前（大洗）,茨城交通（株）,"茨大前〜FT〜アクア〜那珂湊駅, 茨大前〜アクア〜那珂湊駅, 茨大前〜水戸駅〜アクアワールド, 茨大前〜水戸駅〜大洗〜那珂湊駅, 茨大前〜大洗〜FT〜那珂湊駅, 茨大前〜大洗FT, 水戸駅〜大洗〜那珂湊駅, 水戸駅〜大洗FT〜那珂湊駅, 那珂湊駅〜大洗駅〜大洗高校前, 那珂湊駅〜大洗高校前"
大洗ホテル前,茨城交通（株）,"茨大前〜FT〜アクア〜那珂湊駅, 茨大前〜アクア〜那珂湊駅, 茨大前〜水戸駅〜アクアワールド, 茨大前〜水戸駅〜大洗〜那珂湊駅, 茨大前〜大洗〜FT〜那珂湊駅, 水戸駅〜大洗〜那珂湊駅, 水戸駅〜大洗FT〜那珂湊駅, 那珂湊駅〜大洗駅〜大洗高校前, 那珂湊駅〜大洗高校前"
古関屋前,大洗町,"アクアワールド・大洗ルート, アクアワールドFTサンビーチルート, アクアワールド大洗サンビーチルート"
古関屋前,茨城交通（株）,"茨大前〜FT〜アクア〜那珂湊駅, 茨大前〜アクア〜那珂湊駅, 茨大前〜水戸駅〜アクアワールド, 茨大前〜水戸駅〜大洗〜那珂湊駅, 茨大前〜大洗〜FT〜那珂湊駅, 水戸駅〜大洗〜那珂湊駅, 水戸駅〜大洗FT〜那珂湊駅, 那珂湊駅〜大洗駅〜大洗高校前, 那珂湊駅〜大洗高校前"
髭釜,大洗町,"アクアワールド・大洗ルート, アクアワールドFTサンビーチルート, アクアワールド大洗サンビーチルート, 大洗町じんぐりバス「なっちゃん号」, 大洗サンビーチルート"
明神町,大洗町,"アクアワールド・大洗ルート, アクアワールドFTサンビーチルート, アクアワールド大洗サンビーチルート"
明神町,茨城交通（株）,"茨大前〜FT〜アクア〜那珂湊駅, 茨大前〜アクア〜那珂湊駅, 茨大前〜水戸駅〜アクアワールド, 茨大前〜水戸駅〜大洗〜那珂湊駅, 茨大前〜大洗〜FT〜那珂湊駅, 水戸駅〜大洗〜那珂湊駅, 水戸駅〜大洗FT〜那珂湊駅, 那珂湊駅〜大洗駅〜大洗高校前, 那珂湊駅〜大洗高校前"
漁港入口,大洗町,"アクアワールド・大洗ルート, アクアワールドFTサンビーチルート, アクアワールド大洗サンビーチルート"
沼屋前,茨城交通（株）,"茨大前〜FT〜アクア〜那珂湊駅, 茨大前〜アクア〜那珂湊駅, 茨大前〜水戸駅〜アクアワールド, 茨大前〜水戸駅〜大洗〜那珂湊駅, 茨大前〜大洗〜FT〜那珂湊駅, 水戸駅〜大洗〜那珂湊駅, 水戸駅〜大洗FT〜那珂湊駅, 那珂湊駅〜大洗駅〜大洗高校前, 那珂湊駅〜大洗高校前"
ゆっくら健康館前,大洗町,"アクアワールドFTサンビーチルート, 大洗町じんぐりバス「なっちゃん号」, 大洗サンビーチルート"
運転免許センター,関東鉄道（株）,"県自動車学校〜平須・大工町・水戸駅・三高下〜運転免許センター, 水戸駅〜台町・三高下〜運転免許センター, 運転免許センター〜（直行）〜水戸駅, 運転免許センター〜矢頭・台町・水戸駅・大工町〜県自動車学校"
魚市場前,大洗町,"アクアワールド・大洗ルート, アクアワールドFTサンビーチルート, アクアワールド大洗サンビーチルート"
長岡西,関東鉄道（株）,"石岡車庫〜石岡駅・堅倉・奥ノ谷・千波・大工町〜水戸駅, 水戸駅〜大工町・千波・奥ノ谷・堅倉〜石岡駅, 堅倉〜奥ノ谷・平須・千波・大工町〜水戸駅, 松ヶ丘〜奥ノ谷・堅倉〜石岡駅, 水戸駅〜大工町・千波・平須〜奥ノ谷坂上, 水戸駅〜千波坂上・千波〜茨城町役場, 奥ノ谷坂上〜平須・千波・芳流橋〜水戸駅"
長岡西,関鉄グリーンバス（株）,"茨城空港〜奥ノ谷〜水戸駅, 水戸駅〜海老沢〜役場〜鉾田駅, 水戸駅〜千波〜奥ノ谷, 水戸駅〜大工町〜奥ノ谷坂上, 水戸駅〜大和田〜鉾田駅, 水戸駅〜町役場（関鉄グリーン）"
ゆっくら健康館,大洗町,大洗町じんぐりバス「なっちゃん号」
上谷貝北部田園都市センター,桜川市,上谷貝・金敷ルート
鷲宿西,桜川市,高久・原方ルート
東飯田,桜川市,桜川市バス「ヤマザクラGO」
大貫小学校入口,茨城交通（株）,那珂湊駅〜大洗駅〜大洗高校前
大貫,大洗町,"アクアワールド・大洗ルート, アクアワールドFTサンビーチルート, アクアワールド大洗サンビーチルート, 大洗町じんぐりバス「なっちゃん号」, 大洗サンビーチルート"
高久集落センター,桜川市,高久・原方ルート
大洗マリンタワー,大洗町,"アクアワールドFTサンビーチルート, 大洗サンビーチルート"
消防第五分団詰所前,大洗町,大洗南ルート
矢頭南,関東鉄道（株）,"茨城町役場〜矢頭・台町・三高下・水戸駅〜県庁バスターミナル, イオンタウン水戸南〜県自校・米沢中央・みなみ団地〜水戸駅南口, 運転免許センター〜矢頭・台町・水戸駅・大工町〜県自動車学校"
大洗変電所前,大洗町,大洗町じんぐりバス「なっちゃん号」
大洗フェリーターミナル,大洗町,"アクアワールドFTサンビーチルート, 大洗サンビーチルート"
大洗フェリーターミナル,茨城交通（株）,"茨大前〜FT〜アクア〜那珂湊駅, 茨大前〜大洗〜FT〜那珂湊駅, 茨大前〜大洗FT, 水戸駅〜大洗FT〜那珂湊駅"
長岡,関鉄グリーンバス（株）,"茨城空港〜奥ノ谷〜水戸駅, 水戸駅〜海老沢〜役場〜鉾田駅, 水戸駅〜千波〜奥ノ谷, 水戸駅〜大工町〜奥ノ谷坂上, 水戸駅〜大和田〜鉾田駅, 水戸駅〜町役場（関鉄グリーン）"
大貫上宿,大洗町,"アクアワールドFTサンビーチルート, アクアワールド大洗サンビーチルート, 大洗町じんぐりバス「なっちゃん号」, 大洗サンビーチルート, 大洗南ルート"
大貫上宿,茨城交通（株）,那珂湊駅〜大洗駅〜大洗高校前
長岡,関東鉄道（株）,"石岡車庫〜石岡駅・堅倉・奥ノ谷・千波・大工町〜水戸駅, 水戸駅〜大工町・千波・奥ノ谷・堅倉〜石岡駅, 堅倉〜奥ノ谷・平須・千波・大工町〜水戸駅, 松ヶ丘〜奥ノ谷・堅倉〜石岡駅, 水戸駅〜大工町・千波・平須〜奥ノ谷坂上, 水戸駅〜千波坂上・千波〜茨城町役場, 奥ノ谷坂上〜平須・千波・芳流橋〜水戸駅"
大増,関鉄グリーンバス（株）,羽鳥駅〜園部〜板敷山前
イオンタウン水戸南,関東鉄道（株）,イオンタウン水戸南〜県自校・米沢中央・みなみ団地〜水戸駅南口
わくわく科学館・大洗シーサイドステーション前,大洗町,"アクアワールドFTサンビーチルート, アクアワールド大洗サンビーチルート, 大洗サンビーチルート, 大洗南ルート"
大貫中宿,茨城交通（株）,那珂湊駅〜大洗駅〜大洗高校前
大洗高校前,茨城交通（株）,"那珂湊駅〜大洗駅〜大洗高校前, 那珂湊駅〜大洗高校前"
鷲宿東,桜川市,高久・原方ルート
中央図書館東,筑西市,筑西市広域連携バス
上谷貝中,桜川市,上谷貝・金敷ルート
長岡十字路,関東鉄道（株）,茨城町役場〜矢頭・台町・三高下・水戸駅〜県庁バスターミナル
大貫下宿,茨城交通（株）,那珂湊駅〜大洗駅〜大洗高校前
大塚新田転作推進センター,桜川市,上谷貝・金敷ルート
大増下宿,関鉄グリーンバス（株）,羽鳥駅〜園部〜板敷山前
上小幡,桜川市,桜川市バス「ヤマザクラGO」
新長岡,関東鉄道（株）,"石岡車庫〜石岡駅・堅倉・奥ノ谷・千波・大工町〜水戸駅, 水戸駅〜大工町・千波・奥ノ谷・堅倉〜石岡駅, 堅倉〜奥ノ谷・平須・千波・大工町〜水戸駅, 松ヶ丘〜奥ノ谷・堅倉〜石岡駅, 水戸駅〜大工町・千波・平須〜奥ノ谷坂上, 水戸駅〜千波坂上・千波〜茨城町役場, 奥ノ谷坂上〜平須・千波・芳流橋〜水戸駅"
サンビーチ海岸,大洗町,"アクアワールドFTサンビーチルート, アクアワールド大洗サンビーチルート, 大洗サンビーチルート"
新長岡,関鉄グリーンバス（株）,"茨城空港〜奥ノ谷〜水戸駅, 水戸駅〜海老沢〜役場〜鉾田駅, 水戸駅〜千波〜奥ノ谷, 水戸駅〜大工町〜奥ノ谷坂上, 水戸駅〜大和田〜鉾田駅, 水戸駅〜町役場（関鉄グリーン）"
下館駅北口,筑西市,筑西市広域連携バス
海岸病院入口,大洗町,"アクアワールドFTサンビーチルート, アクアワールド大洗サンビーチルート, 大洗町じんぐりバス「なっちゃん号」, 大洗サンビーチルート, 大洗南ルート"
海岸病院入口,茨城交通（株）,那珂湊駅〜大洗駅〜大洗高校前
十日橋,関鉄グリーンバス（株）,羽鳥駅〜園部〜板敷山前
植農入口,関東鉄道（株）,茨城町役場〜矢頭・台町・三高下・水戸駅〜県庁バスターミナル
下中山,筑西市,筑西市広域連携バス
上谷貝飽戸会館,桜川市,上谷貝・金敷ルート
土師十字路,茨城交通（株）,岩間駅〜下安居酒屋
長岡小学校前,関東鉄道（株）,茨城町役場〜矢頭・台町・三高下・水戸駅〜県庁バスターミナル
大貫集落センター前,茨城交通（株）,那珂湊駅〜大洗駅〜大洗高校前
神山川口,大洗町,大洗町じんぐりバス「なっちゃん号」
海岸病院バイパス口,茨城交通（株）,那珂湊駅〜大洗駅〜大洗高校前
金ケ沢,関鉄グリーンバス（株）,羽鳥駅〜園部〜板敷山前
東矢貝西,桜川市,上谷貝・金敷ルート
大貫角一,茨城交通（株）,那珂湊駅〜大洗駅〜大洗高校前
土師西区,茨城交通（株）,岩間駅〜下安居酒屋
上押辺,茨城交通（株）,岩間駅〜下安居酒屋
岩間支所前,茨城交通（株）,岩間駅〜下安居酒屋
神山十文字,大洗町,大洗町じんぐりバス「なっちゃん号」
東矢貝中,桜川市,上谷貝・金敷ルート
下小幡,桜川市,桜川市バス「ヤマザクラGO」
前原,大洗町,"アクアワールドFTサンビーチルート, アクアワールド大洗サンビーチルート, 大洗町じんぐりバス「なっちゃん号」, 大洗サンビーチルート, 大洗南ルート"
小見坂上,関鉄グリーンバス（株）,羽鳥駅〜園部〜板敷山前
前原山,茨城交通（株）,那珂湊駅〜大洗駅〜大洗高校前
長岡坂下,関東鉄道（株）,"茨城町役場〜矢頭・台町・三高下・水戸駅〜県庁バスターミナル, 石岡車庫〜石岡駅・堅倉・奥ノ谷・千波・大工町〜水戸駅, 水戸駅〜大工町・千波・奥ノ谷・堅倉〜石岡駅, 堅倉〜奥ノ谷・平須・千波・大工町〜水戸駅, 松ヶ丘〜奥ノ谷・堅倉〜石岡駅, 水戸駅〜大工町・千波・平須〜奥ノ谷坂上, 水戸駅〜千波坂上・千波〜茨城町役場, 奥ノ谷坂上〜平須・千波・芳流橋〜水戸駅"
長岡坂下,関鉄グリーンバス（株）,"茨城空港〜奥ノ谷〜水戸駅, 水戸駅〜海老沢〜役場〜鉾田駅, 水戸駅〜千波〜奥ノ谷, 水戸駅〜大工町〜奥ノ谷坂上, 水戸駅〜大和田〜鉾田駅, 水戸駅〜町役場（関鉄グリーン）"
島,筑西市,筑西市広域連携バス
岩間中学校前,茨城交通（株）,岩間駅〜下安居酒屋
原方公民館,桜川市,高久・原方ルート
日吉町,茨城交通（株）,岩間駅〜下安居酒屋
恋瀬小学校前,関鉄グリーンバス（株）,羽鳥駅〜園部〜板敷山前
辰巳屋前,茨城交通（株）,岩間駅〜下安居酒屋
電話交換局前,茨城交通（株）,岩間駅〜下安居酒屋
曲松（押辺）,茨城交通（株）,岩間駅〜下安居酒屋
小見,関鉄グリーンバス（株）,羽鳥駅〜園部〜板敷山前
下押辺,茨城交通（株）,岩間駅〜下安居酒屋
岩間駅,茨城交通（株）,岩間駅〜下安居酒屋
川島呉服店前,茨城交通（株）,岩間駅〜下安居酒屋
押辺田殿,茨城交通（株）,岩間駅〜下安居酒屋
小鶴,関東鉄道（株）,"茨城町役場〜矢頭・台町・三高下・水戸駅〜県庁バスターミナル, 石岡車庫〜石岡駅・堅倉・奥ノ谷・千波・大工町〜水戸駅, 水戸駅〜大工町・千波・奥ノ谷・堅倉〜石岡駅, 堅倉〜奥ノ谷・平須・千波・大工町〜水戸駅, 松ヶ丘〜奥ノ谷・堅倉〜石岡駅, 水戸駅〜大工町・千波・平須〜奥ノ谷坂上, 水戸駅〜千波坂上・千波〜茨城町役場, 奥ノ谷坂上〜平須・千波・芳流橋〜水戸駅"
小鶴,関鉄グリーンバス（株）,"茨城空港〜奥ノ谷〜水戸駅, 水戸駅〜海老沢〜役場〜鉾田駅, 水戸駅〜千波〜奥ノ谷, 水戸駅〜大工町〜奥ノ谷坂上, 水戸駅〜大和田〜鉾田駅, 水戸駅〜町役場（関鉄グリーン）"
旧南学校給食センター,桜川市,高久・原方ルート
蕨,筑西市,筑西市広域連携バス
大洗南小中前,大洗町,"大洗町じんぐりバス「なっちゃん号」, 大洗南ルート"
太田,関鉄グリーンバス（株）,羽鳥駅〜園部〜板敷山前
小鶴中央,関東鉄道（株）,"茨城町役場〜矢頭・台町・三高下・水戸駅〜県庁バスターミナル, 石岡車庫〜石岡駅・堅倉・奥ノ谷・千波・大工町〜水戸駅, 水戸駅〜大工町・千波・奥ノ谷・堅倉〜石岡駅, 堅倉〜奥ノ谷・平須・千波・大工町〜水戸駅, 松ヶ丘〜奥ノ谷・堅倉〜石岡駅, 水戸駅〜大工町・千波・平須〜奥ノ谷坂上, 水戸駅〜千波坂上・千波〜茨城町役場, 奥ノ谷坂上〜平須・千波・芳流橋〜水戸駅"
小鶴中央,関鉄グリーンバス（株）,"茨城空港〜奥ノ谷〜水戸駅, 水戸駅〜海老沢〜役場〜鉾田駅, 水戸駅〜千波〜奥ノ谷, 水戸駅〜大工町〜奥ノ谷坂上, 水戸駅〜大和田〜鉾田駅, 水戸駅〜町役場（関鉄グリーン）"
下谷貝北,桜川市,源法寺・下谷貝ルート
公民館谷貝分館,桜川市,源法寺・下谷貝ルート
上安居,茨城交通（株）,岩間駅〜下安居酒屋
廣澤美術館,筑西市,筑西市広域連携バス
堀込,関鉄グリーンバス（株）,羽鳥駅〜園部〜板敷山前
東矢貝東,桜川市,上谷貝・金敷ルート
小鶴橋,関東鉄道（株）,"茨城町役場〜矢頭・台町・三高下・水戸駅〜県庁バスターミナル, 石岡車庫〜石岡駅・堅倉・奥ノ谷・千波・大工町〜水戸駅, 水戸駅〜大工町・千波・奥ノ谷・堅倉〜石岡駅, 堅倉〜奥ノ谷・平須・千波・大工町〜水戸駅, 松ヶ丘〜奥ノ谷・堅倉〜石岡駅, 水戸駅〜大工町・千波・平須〜奥ノ谷坂上, 水戸駅〜千波坂上・千波〜茨城町役場, 奥ノ谷坂上〜平須・千波・芳流橋〜水戸駅"
小鶴橋,関鉄グリーンバス（株）,"茨城空港〜奥ノ谷〜水戸駅, 水戸駅〜海老沢〜役場〜鉾田駅, 水戸駅〜千波〜奥ノ谷, 水戸駅〜大工町〜奥ノ谷坂上, 水戸駅〜大和田〜鉾田駅, 水戸駅〜町役場（関鉄グリーン）"
長岡,桜川市,桜川市バス「ヤマザクラGO」
亀熊北,桜川市,高久・原方ルート
下安居酒屋,茨城交通（株）,岩間駅〜下安居酒屋
夏海荒谷,大洗町,大洗町じんぐりバス「なっちゃん号」
下安居,茨城交通（株）,岩間駅〜下安居酒屋
有明,関鉄グリーンバス（株）,羽鳥駅〜園部〜板敷山前
徳持,筑西市,筑西市広域連携バス
茨城町役場,関東鉄道（株）,"茨城町役場〜矢頭・台町・三高下・水戸駅〜県庁バスターミナル, 水戸駅〜千波坂上・千波〜茨城町役場"
茨城町役場,関鉄グリーンバス（株）,"水戸駅〜海老沢〜役場〜鉾田駅, 水戸駅〜町役場（関鉄グリーン）"
茨城県西部メディカルセンター,筑西市,筑西市広域連携バス
夏海十文字,大洗町,大洗町じんぐりバス「なっちゃん号」
下谷貝中,桜川市,源法寺・下谷貝ルート
白井,桜川市,桜川市バス「ヤマザクラGO」
小塙［石岡市］,関鉄グリーンバス（株）,羽鳥駅〜園部〜板敷山前
奥ノ谷,関東鉄道（株）,"茨城町役場〜矢頭・台町・三高下・水戸駅〜県庁バスターミナル, 石岡車庫〜石岡駅・堅倉・奥ノ谷・千波・大工町〜水戸駅, 水戸駅〜大工町・千波・奥ノ谷・堅倉〜石岡駅, 堅倉〜奥ノ谷・平須・千波・大工町〜水戸駅, 松ヶ丘〜奥ノ谷・堅倉〜石岡駅, 水戸駅〜大工町・千波・平須〜奥ノ谷坂上, 水戸駅〜千波坂上・千波〜茨城町役場, 奥ノ谷坂上〜平須・千波・芳流橋〜水戸駅"
奥ノ谷,関鉄グリーンバス（株）,"茨城空港〜奥ノ谷〜水戸駅, 水戸駅〜海老沢〜役場〜鉾田駅, 水戸駅〜千波〜奥ノ谷, 水戸駅〜大工町〜奥ノ谷坂上, 水戸駅〜大和田〜鉾田駅, 水戸駅〜町役場（関鉄グリーン）"
旧夏海小学校前,大洗町,大洗町じんぐりバス「なっちゃん号」
茨城町役場前,関東鉄道（株）,"茨城町役場〜矢頭・台町・三高下・水戸駅〜県庁バスターミナル, 水戸駅〜千波坂上・千波〜茨城町役場"
茨城町役場前,関鉄グリーンバス（株）,"水戸駅〜海老沢〜役場〜鉾田駅, 水戸駅〜町役場（関鉄グリーン）"
亀熊田園都市センター,桜川市,高久・原方ルート
夏海仙南,大洗町,大洗町じんぐりバス「なっちゃん号」
薬師下,関鉄グリーンバス（株）,水戸駅〜海老沢〜役場〜鉾田駅
夏海古宿,大洗町,大洗町じんぐりバス「なっちゃん号」
川連,筑西市,筑西市広域連携バス
下谷貝南,桜川市,源法寺・下谷貝ルート
亀熊西,桜川市,上谷貝・金敷ルート
神山干拓,大洗町,大洗町じんぐりバス「なっちゃん号」
夏海火の見下,大洗町,大洗町じんぐりバス「なっちゃん号」
奥ノ谷坂上,関東鉄道（株）,"石岡車庫〜石岡駅・堅倉・奥ノ谷・千波・大工町〜水戸駅, 水戸駅〜大工町・千波・奥ノ谷・堅倉〜石岡駅, 堅倉〜奥ノ谷・平須・千波・大工町〜水戸駅, 松ヶ丘〜奥ノ谷・堅倉〜石岡駅, 水戸駅〜大工町・千波・平須〜奥ノ谷坂上, 奥ノ谷坂上〜平須・千波・芳流橋〜水戸駅"
奥ノ谷坂上,関鉄グリーンバス（株）,"茨城空港〜奥ノ谷〜水戸駅, 水戸駅〜大工町〜奥ノ谷坂上, 水戸駅〜大和田〜鉾田駅"
細芝北,桜川市,源法寺・下谷貝ルート
堤団地前,関鉄グリーンバス（株）,水戸駅〜海老沢〜役場〜鉾田駅
亀熊南,桜川市,上谷貝・金敷ルート
松川報国,大洗町,大洗町じんぐりバス「なっちゃん号」
真壁運動場東,桜川市,源法寺・下谷貝ルート
桜ケ丘団地入口,関東鉄道（株）,"石岡車庫〜石岡駅・堅倉・奥ノ谷・千波・大工町〜水戸駅, 水戸駅〜大工町・千波・奥ノ谷・堅倉〜石岡駅, 堅倉〜奥ノ谷・平須・千波・大工町〜水戸駅, 松ヶ丘〜奥ノ谷・堅倉〜石岡駅"
桜井西,桜川市,"高久・原方ルート, 上谷貝・金敷ルート, 源法寺・下谷貝ルート"
駒場西,関鉄グリーンバス（株）,水戸駅〜海老沢〜役場〜鉾田駅
小塙台,関鉄グリーンバス（株）,羽鳥駅〜園部〜板敷山前
桜井,桜川市,桜川市バス「ヤマザクラGO」
矢場,大洗町,大洗町じんぐりバス「なっちゃん号」
高上町,桜川市,"高久・原方ルート, 上谷貝・金敷ルート, 源法寺・下谷貝ルート"
松川集落センター前,大洗町,大洗町じんぐりバス「なっちゃん号」
塙世,桜川市,源法寺・下谷貝ルート
細芝公民館前,桜川市,源法寺・下谷貝ルート
仲町,桜川市,"高久・原方ルート, 上谷貝・金敷ルート, 源法寺・下谷貝ルート"
桜川市役所真壁庁舎,桜川市,"桜川市バス「ヤマザクラGO」, 高久・原方ルート, 上谷貝・金敷ルート, 源法寺・下谷貝ルート"
真壁高校,桜川市,桜川市バス「ヤマザクラGO」
駒場中央,関鉄グリーンバス（株）,水戸駅〜海老沢〜役場〜鉾田駅
小堤,関鉄グリーンバス（株）,"茨城空港〜奥ノ谷〜水戸駅, 水戸駅〜大和田〜鉾田駅"
下宿,桜川市,桜川市バス「ヤマザクラGO」
真壁高校南,桜川市,"高久・原方ルート, 上谷貝・金敷ルート, 源法寺・下谷貝ルート"
赤坂入口,関東鉄道（株）,"石岡車庫〜石岡駅・堅倉・奥ノ谷・千波・大工町〜水戸駅, 水戸駅〜大工町・千波・奥ノ谷・堅倉〜石岡駅, 堅倉〜奥ノ谷・平須・千波・大工町〜水戸駅, 松ヶ丘〜奥ノ谷・堅倉〜石岡駅"
松川漁港入口,大洗町,大洗町じんぐりバス「なっちゃん号」
上宿,桜川市,桜川市バス「ヤマザクラGO」
源法寺集落センター入口,桜川市,源法寺・下谷貝ルート
瓦谷,関鉄グリーンバス（株）,羽鳥駅〜園部〜板敷山前
真壁城跡,桜川市,桜川市バス「ヤマザクラGO」
駒場,関鉄グリーンバス（株）,水戸駅〜海老沢〜役場〜鉾田駅
源法寺,桜川市,源法寺・下谷貝ルート
平沢,関鉄グリーンバス（株）,羽鳥駅〜園部〜板敷山前
松川共励,大洗町,大洗町じんぐりバス「なっちゃん号」
トヨペットエンジョイパーク大洗入口,大洗町,大洗町じんぐりバス「なっちゃん号」
茨城東高校前,関東鉄道（株）,"石岡車庫〜石岡駅・堅倉・奥ノ谷・千波・大工町〜水戸駅, 水戸駅〜大工町・千波・奥ノ谷・堅倉〜石岡駅, 堅倉〜奥ノ谷・平須・千波・大工町〜水戸駅, 松ヶ丘〜奥ノ谷・堅倉〜石岡駅"
瓦塚,関鉄グリーンバス（株）,羽鳥駅〜園部〜板敷山前
村田,筑西市,筑西市広域連携バス
旧真壁小学校,桜川市,桜川市バス「ヤマザクラGO」
成田,大洗町,大洗町じんぐりバス「なっちゃん号」
須津賀ふるさとコミュニティセンター,桜川市,源法寺・下谷貝ルート
松川第二,大洗町,大洗町じんぐりバス「なっちゃん号」
伊佐々,桜川市,桜川市バス「ヤマザクラGO」
部原,関鉄グリーンバス（株）,羽鳥駅〜園部〜板敷山前
神宿,関鉄グリーンバス（株）,水戸駅〜海老沢〜役場〜鉾田駅
篠ノ内,筑西市,筑西市広域連携バス
桃山学園,桜川市,桜川市バス「ヤマザクラGO」
新小幡,関東鉄道（株）,"石岡車庫〜石岡駅・堅倉・奥ノ谷・千波・大工町〜水戸駅, 水戸駅〜大工町・千波・奥ノ谷・堅倉〜石岡駅, 堅倉〜奥ノ谷・平須・千波・大工町〜水戸駅, 松ヶ丘〜奥ノ谷・堅倉〜石岡駅"
涸沼駅,大洗町,大洗町じんぐりバス「なっちゃん号」
本郷,関鉄グリーンバス（株）,水戸駅〜海老沢〜役場〜鉾田駅
海老沢横町,関鉄グリーンバス（株）,水戸駅〜海老沢〜役場〜鉾田駅
茨城小幡,関東鉄道（株）,"石岡車庫〜石岡駅・堅倉・奥ノ谷・千波・大工町〜水戸駅, 水戸駅〜大工町・千波・奥ノ谷・堅倉〜石岡駅, 堅倉〜奥ノ谷・平須・千波・大工町〜水戸駅, 松ヶ丘〜奥ノ谷・堅倉〜石岡駅"
海老沢,関鉄グリーンバス（株）,水戸駅〜海老沢〜役場〜鉾田駅
三ツ谷,筑西市,筑西市広域連携バス
園部,関鉄グリーンバス（株）,羽鳥駅〜園部〜板敷山前
秋葉,関鉄グリーンバス（株）,"茨城空港〜奥ノ谷〜水戸駅, 水戸駅〜大和田〜鉾田駅"
池の端,関鉄グリーンバス（株）,羽鳥駅〜園部〜板敷山前
北浦団地北,小美玉市,"市内縦断西ルート, 市内縦断東ルート"
海老沢坂下,関鉄グリーンバス（株）,水戸駅〜海老沢〜役場〜鉾田駅
北浦団地,小美玉市,"市内縦断西ルート, 市内縦断東ルート"
東山田羽鳥,桜川市,桜川市バス「ヤマザクラGO」
ギター文化館入口,関鉄グリーンバス（株）,羽鳥駅〜園部〜板敷山前
原子力機構前,大洗町,大洗町じんぐりバス「なっちゃん号」
園部小学校,関鉄グリーンバス（株）,羽鳥駅〜園部〜板敷山前
秋葉坂上,関鉄グリーンバス（株）,"茨城空港〜奥ノ谷〜水戸駅, 水戸駅〜大和田〜鉾田駅"
先後,小美玉市,通学ルート
北浦団地入口,小美玉市,"市内縦断西ルート, 市内縦断東ルート"
常陸新谷,関鉄グリーンバス（株）,羽鳥駅〜園部〜板敷山前
足尾神社前,関鉄グリーンバス（株）,石岡駅〜柿岡車庫〜上曽
上曽下宿,関鉄グリーンバス（株）,石岡駅〜柿岡車庫〜上曽
新地,関鉄グリーンバス（株）,羽鳥駅〜園部〜板敷山前
桜並木入口,関東鉄道（株）,"石岡車庫〜石岡駅・堅倉・奥ノ谷・千波・大工町〜水戸駅, 水戸駅〜大工町・千波・奥ノ谷・堅倉〜石岡駅, 堅倉〜奥ノ谷・平須・千波・大工町〜水戸駅, 松ヶ丘〜奥ノ谷・堅倉〜石岡駅"
西松原,筑西市,筑西市広域連携バス
上曽,関鉄グリーンバス（株）,石岡駅〜柿岡車庫〜上曽
芦穂農協前,関鉄グリーンバス（株）,石岡駅〜柿岡車庫〜上曽
東新谷,関鉄グリーンバス（株）,羽鳥駅〜園部〜板敷山前
納場公民館前,小美玉市,"市内縦断西ルート, 市内縦断東ルート"
椎尾北,桜川市,桜川市バス「ヤマザクラGO」
山崎宿,関鉄グリーンバス（株）,羽鳥駅〜園部〜板敷山前
海老沢坂上,関鉄グリーンバス（株）,水戸駅〜海老沢〜役場〜鉾田駅
南新谷,関鉄グリーンバス（株）,羽鳥駅〜園部〜板敷山前
納場小学校前,小美玉市,市内縦断西ルート
納場十字路,小美玉市,市内縦断東ルート
江戸住宅入口,小美玉市,"市内縦断西ルート, 市内縦断東ルート"
先後入口,関東鉄道（株）,"石岡車庫〜石岡駅・堅倉・奥ノ谷・千波・大工町〜水戸駅, 水戸駅〜大工町・千波・奥ノ谷・堅倉〜石岡駅, 堅倉〜奥ノ谷・平須・千波・大工町〜水戸駅, 松ヶ丘〜奥ノ谷・堅倉〜石岡駅"
松原,筑西市,筑西市広域連携バス
上曽新田,関鉄グリーンバス（株）,石岡駅〜柿岡車庫〜上曽
江戸住宅中央公園,小美玉市,市内縦断西ルート
東成井口,関鉄グリーンバス（株）,羽鳥駅〜園部〜板敷山前
江戸住宅区コミュニティセンター,小美玉市,市内縦断西ルート
遠州池前,小美玉市,"市内縦断西ルート, 市内縦断東ルート"
羽刈前,小美玉市,"市内縦断西ルート, 市内縦断東ルート"
旧紫尾小学校,桜川市,桜川市バス「ヤマザクラGO」
城之内本田,関鉄グリーンバス（株）,水戸駅〜海老沢〜役場〜鉾田駅
羽刈橋東,小美玉市,"市内縦断西ルート, 市内縦断東ルート"
西郷地,関東鉄道（株）,"石岡車庫〜石岡駅・堅倉・奥ノ谷・千波・大工町〜水戸駅, 水戸駅〜大工町・千波・奥ノ谷・堅倉〜石岡駅, 堅倉〜奥ノ谷・平須・千波・大工町〜水戸駅, 松ヶ丘〜奥ノ谷・堅倉〜石岡駅"
東平,小美玉市,"市内縦断西ルート, 市内縦断東ルート"
向原（石岡市）,関鉄グリーンバス（株）,羽鳥駅〜園部〜板敷山前
江戸,小美玉市,市内縦断西ルート
部室本田,小美玉市,市内縦断東ルート
篭田入口,関鉄グリーンバス（株）,石岡駅〜柿岡車庫〜上曽
踏切前,小美玉市,希望ヶ丘ルート
明野支所前,筑西市,筑西市広域連携バス
五万堀,小美玉市,"市内縦断中央ルート, 通学ルート"
あけの元気館入口,筑西市,筑西市広域連携バス
城之内,関鉄グリーンバス（株）,水戸駅〜海老沢〜役場〜鉾田駅
高山,関鉄グリーンバス（株）,石岡駅〜柿岡車庫〜上曽
ハトリ第二団地前,小美玉市,"市内縦断中央ルート, 通学ルート"
橋場美入口,関東鉄道（株）,"石岡車庫〜石岡駅・堅倉・奥ノ谷・千波・大工町〜水戸駅, 水戸駅〜大工町・千波・奥ノ谷・堅倉〜石岡駅, 堅倉〜奥ノ谷・平須・千波・大工町〜水戸駅, 松ヶ丘〜奥ノ谷・堅倉〜石岡駅"
橋場美入口,小美玉市,通学ルート
紫尾団地［旧道］,桜川市,桜川市バス「ヤマザクラGO」
花館北,小美玉市,"市内縦断中央ルート, 通学ルート"
柿岡車庫,関鉄グリーンバス（株）,"HG美野里〜石岡駅〜柿岡車庫, 石岡駅〜医師会病院〜柿岡車庫, 石岡駅〜柿岡車庫〜上曽, 石岡駅〜石岡二高入口〜柿岡車庫, 石岡駅〜八郷小幡〜柿岡車庫, 土浦駅〜上志筑〜柿岡車庫"
紫尾団地［県道］,桜川市,桜川市バス「ヤマザクラGO」
羽鳥駅,関鉄グリーンバス（株）,羽鳥駅〜園部〜板敷山前
旭,小美玉市,"希望ヶ丘ルート, 市内縦断西ルート, 市内縦断中央ルート, 市内縦断東ルート, 通学ルート"
八郷中学校北門,関鉄グリーンバス（株）,"HG美野里〜石岡駅〜柿岡車庫, 土浦駅〜上志筑〜柿岡車庫"
羽鳥十字路,関鉄グリーンバス（株）,羽鳥駅〜園部〜板敷山前
増山,関鉄グリーンバス（株）,"茨城空港〜奥ノ谷〜水戸駅, 水戸駅〜大和田〜鉾田駅"
羽鳥駅東口,小美玉市,"希望ヶ丘ルート, 市内縦断西ルート, 市内縦断中央ルート, 市内縦断東ルート, 通学ルート"
羽鳥駅西口,小美玉市,希望ヶ丘ルート
旭町（石岡市）,関鉄グリーンバス（株）,"HG美野里〜石岡駅〜柿岡車庫, 石岡駅〜医師会病院〜柿岡車庫, 石岡駅〜柿岡車庫〜上曽, 石岡駅〜石岡二高入口〜柿岡車庫, 石岡駅〜八郷小幡〜柿岡車庫, 土浦駅〜上志筑〜柿岡車庫"
中央高校,小美玉市,"市内縦断中央ルート, 通学ルート"
八郷庁舎,関鉄グリーンバス（株）,"HG美野里〜石岡駅〜柿岡車庫, 土浦駅〜上志筑〜柿岡車庫"
住崎,小美玉市,市内縦断東ルート
明野農協前,筑西市,筑西市広域連携バス
明野中学校東,筑西市,筑西市広域連携バス
第3分団機庫前,小美玉市,希望ヶ丘ルート
小岩戸十字路,関東鉄道（株）,"石岡車庫〜石岡駅・堅倉・奥ノ谷・千波・大工町〜水戸駅, 水戸駅〜大工町・千波・奥ノ谷・堅倉〜石岡駅, 堅倉〜奥ノ谷・平須・千波・大工町〜水戸駅, 松ヶ丘〜奥ノ谷・堅倉〜石岡駅"
小岩戸十字路,小美玉市,通学ルート
上宿,関鉄グリーンバス（株）,"HG美野里〜石岡駅〜柿岡車庫, 石岡駅〜医師会病院〜柿岡車庫, 石岡駅〜柿岡車庫〜上曽, 石岡駅〜石岡二高入口〜柿岡車庫, 石岡駅〜八郷小幡〜柿岡車庫, 土浦駅〜上志筑〜柿岡車庫"
八郷中学校入口,関鉄グリーンバス（株）,"HG美野里〜石岡駅〜柿岡車庫, 土浦駅〜上志筑〜柿岡車庫"
美野里地区交番,小美玉市,"市内縦断中央ルート, 通学ルート"
西明地十字路,小美玉市,市内縦断東ルート
池花池,小美玉市,市内縦断西ルート
シビックガーデン,小美玉市,"市内縦断西ルート, 市内縦断中央ルート, 通学ルート"
JA前,小美玉市,"市内縦断中央ルート, 通学ルート"
鳥羽田,関鉄グリーンバス（株）,"茨城空港〜奥ノ谷〜水戸駅, 水戸駅〜大和田〜鉾田駅"
明野高校前,筑西市,筑西市広域連携バス
新宿［県道7号］,関鉄グリーンバス（株）,"HG美野里〜石岡駅〜柿岡車庫, 石岡駅〜医師会病院〜柿岡車庫, 石岡駅〜柿岡車庫〜上曽, 石岡駅〜石岡二高入口〜柿岡車庫, 土浦駅〜上志筑〜柿岡車庫"
柿岡,関鉄グリーンバス（株）,"HG美野里〜石岡駅〜柿岡車庫, 石岡駅〜医師会病院〜柿岡車庫, 石岡駅〜柿岡車庫〜上曽, 石岡駅〜石岡二高入口〜柿岡車庫, 石岡駅〜八郷小幡〜柿岡車庫, 土浦駅〜上志筑〜柿岡車庫"
美野里酪農組合,小美玉市,市内縦断東ルート
小岩戸,関東鉄道（株）,"石岡車庫〜石岡駅・堅倉・奥ノ谷・千波・大工町〜水戸駅, 水戸駅〜大工町・千波・奥ノ谷・堅倉〜石岡駅, 堅倉〜奥ノ谷・平須・千波・大工町〜水戸駅, 松ヶ丘〜奥ノ谷・堅倉〜石岡駅"
小岩戸,小美玉市,通学ルート
城之内十字路,関鉄グリーンバス（株）,水戸駅〜海老沢〜役場〜鉾田駅
内宿,関鉄グリーンバス（株）,"HG美野里〜石岡駅〜柿岡車庫, 石岡駅〜医師会病院〜柿岡車庫, 石岡駅〜柿岡車庫〜上曽, 石岡駅〜石岡二高入口〜柿岡車庫, 土浦駅〜上志筑〜柿岡車庫"
四季の里前,小美玉市,"市内縦断西ルート, 市内縦断中央ルート, 通学ルート"
赤町,筑西市,筑西市広域連携バス
堅倉北,小美玉市,"市内縦断西ルート, 市内縦断中央ルート, 市内縦断東ルート"
荒宿［小倉川北］,関鉄グリーンバス（株）,石岡駅〜八郷小幡〜柿岡車庫
吉生入口,関鉄グリーンバス（株）,石岡駅〜八郷小幡〜柿岡車庫
小美玉市役所,小美玉市,"空港ルート, 市内縦断西ルート, 市内縦断中央ルート, 市内縦断東ルート, 通学ルート"
下宿,関鉄グリーンバス（株）,"HG美野里〜石岡駅〜柿岡車庫, 石岡駅〜医師会病院〜柿岡車庫, 石岡駅〜柿岡車庫〜上曽, 石岡駅〜石岡二高入口〜柿岡車庫, 土浦駅〜上志筑〜柿岡車庫"
善能寺前,関鉄グリーンバス（株）,石岡駅〜八郷小幡〜柿岡車庫
旧道堅倉,小美玉市,"市内縦断西ルート, 市内縦断中央ルート, 市内縦断東ルート"
小倉公会堂前,関鉄グリーンバス（株）,石岡駅〜八郷小幡〜柿岡車庫
堅倉,関東鉄道（株）,"石岡車庫〜石岡駅・堅倉・奥ノ谷・千波・大工町〜水戸駅, 水戸駅〜大工町・千波・奥ノ谷・堅倉〜石岡駅, 堅倉〜奥ノ谷・平須・千波・大工町〜水戸駅, 松ヶ丘〜奥ノ谷・堅倉〜石岡駅"
堅倉,小美玉市,通学ルート
金谷久保入口,小美玉市,希望ヶ丘ルート
城之内原,関鉄グリーンバス（株）,水戸駅〜海老沢〜役場〜鉾田駅
小美玉市役所前,関東鉄道（株）,"石岡車庫〜石岡駅・堅倉・奥ノ谷・千波・大工町〜水戸駅, 水戸駅〜大工町・千波・奥ノ谷・堅倉〜石岡駅, 松ヶ丘〜奥ノ谷・堅倉〜石岡駅"
小美玉市役所前,小美玉市,"空港ルート, 市内縦断西ルート, 市内縦断中央ルート, 通学ルート"
中根,筑西市,筑西市広域連携バス
下宿坂下,関鉄グリーンバス（株）,"HG美野里〜石岡駅〜柿岡車庫, 石岡駅〜医師会病院〜柿岡車庫, 石岡駅〜柿岡車庫〜上曽, 石岡駅〜石岡二高入口〜柿岡車庫"
堅倉信号前,小美玉市,"空港ルート, 市内縦断中央ルート, 通学ルート"
大曲中央,小美玉市,"市内縦断西ルート, 市内縦断中央ルート, 通学ルート"
堅倉三差路,関東鉄道（株）,"石岡車庫〜石岡駅・堅倉・奥ノ谷・千波・大工町〜水戸駅, 水戸駅〜大工町・千波・奥ノ谷・堅倉〜石岡駅, 松ヶ丘〜奥ノ谷・堅倉〜石岡駅"
堅倉三叉路,小美玉市,"市内縦断西ルート, 市内縦断中央ルート, 通学ルート"
小倉,関鉄グリーンバス（株）,石岡駅〜八郷小幡〜柿岡車庫
東大曲,関東鉄道（株）,"石岡車庫〜石岡駅・堅倉・奥ノ谷・千波・大工町〜水戸駅, 水戸駅〜大工町・千波・奥ノ谷・堅倉〜石岡駅, 松ヶ丘〜奥ノ谷・堅倉〜石岡駅"
東大曲,小美玉市,"市内縦断西ルート, 市内縦断中央ルート, 通学ルート"
柴高入口,小美玉市,"市内縦断西ルート, 市内縦断東ルート"
下宿南,関鉄グリーンバス（株）,土浦駅〜上志筑〜柿岡車庫
大曲,関東鉄道（株）,"石岡車庫〜石岡駅・堅倉・奥ノ谷・千波・大工町〜水戸駅, 水戸駅〜大工町・千波・奥ノ谷・堅倉〜石岡駅, 松ヶ丘〜奥ノ谷・堅倉〜石岡駅"
前島入口,関鉄グリーンバス（株）,"HG美野里〜石岡駅〜柿岡車庫, 石岡駅〜医師会病院〜柿岡車庫, 石岡駅〜柿岡車庫〜上曽, 石岡駅〜石岡二高入口〜柿岡車庫"
瓜谷,関鉄グリーンバス（株）,石岡駅〜八郷小幡〜柿岡車庫
柴高東,小美玉市,"市内縦断西ルート, 市内縦断東ルート"
瓜谷十字路,関鉄グリーンバス（株）,石岡駅〜八郷小幡〜柿岡車庫
遠野北,関鉄グリーンバス（株）,水戸駅〜海老沢〜役場〜鉾田駅
世楽,小美玉市,"市内縦断西ルート, 市内縦断東ルート, 通学ルート"
笛田入口,関鉄グリーンバス（株）,石岡駅〜八郷小幡〜柿岡車庫
坂東,関鉄グリーンバス（株）,"茨城空港〜奥ノ谷〜水戸駅, 水戸駅〜大和田〜鉾田駅"
高場入口,小美玉市,希望ヶ丘ルート
吉生小学校入口,関鉄グリーンバス（株）,石岡駅〜八郷小幡〜柿岡車庫
柴高西,小美玉市,"市内縦断西ルート, 市内縦断東ルート"
大曲南,関東鉄道（株）,"石岡車庫〜石岡駅・堅倉・奥ノ谷・千波・大工町〜水戸駅, 水戸駅〜大工町・千波・奥ノ谷・堅倉〜石岡駅, 松ヶ丘〜奥ノ谷・堅倉〜石岡駅"
旧酒寄駅跡,桜川市,桜川市バス「ヤマザクラGO」
上根入口,関鉄グリーンバス（株）,石岡駅〜八郷小幡〜柿岡車庫
堅倉小学校,小美玉市,"空港ルート, 市内縦断中央ルート, 通学ルート"
柴高十字路,小美玉市,"市内縦断西ルート, 市内縦断東ルート"
上林,関鉄グリーンバス（株）,"HG美野里〜石岡駅〜柿岡車庫, 石岡駅〜医師会病院〜柿岡車庫, 石岡駅〜柿岡車庫〜上曽, 石岡駅〜石岡二高入口〜柿岡車庫"
遠野,関鉄グリーンバス（株）,水戸駅〜海老沢〜役場〜鉾田駅
赤城,関鉄グリーンバス（株）,石岡駅〜八郷小幡〜柿岡車庫
世楽コミュニティセンター,小美玉市,"市内縦断西ルート, 市内縦断東ルート, 通学ルート"
上林東,関鉄グリーンバス（株）,"HG美野里〜石岡駅〜柿岡車庫, 石岡駅〜医師会病院〜柿岡車庫, 石岡駅〜柿岡車庫〜上曽, 石岡駅〜石岡二高入口〜柿岡車庫"
上大島工業団地,筑西市,筑西市広域連携バス
飯塚,関鉄グリーンバス（株）,"HG美野里〜石岡駅〜柿岡車庫, 石岡駅〜医師会病院〜柿岡車庫, 石岡駅〜柿岡車庫〜上曽, 石岡駅〜石岡二高入口〜柿岡車庫"
林,関鉄グリーンバス（株）,"HG美野里〜石岡駅〜柿岡車庫, 石岡駅〜医師会病院〜柿岡車庫, 石岡駅〜柿岡車庫〜上曽, 石岡駅〜石岡二高入口〜柿岡車庫"
十二所,小美玉市,希望ヶ丘ルート
戸ノ内坂下,関鉄グリーンバス（株）,"HG美野里〜石岡駅〜柿岡車庫, 石岡駅〜医師会病院〜柿岡車庫, 石岡駅〜柿岡車庫〜上曽, 石岡駅〜石岡二高入口〜柿岡車庫"
堅倉南,小美玉市,"空港ルート, 市内縦断中央ルート, 通学ルート"
中ノ谷北,関東鉄道（株）,"石岡車庫〜石岡駅・堅倉・奥ノ谷・千波・大工町〜水戸駅, 水戸駅〜大工町・千波・奥ノ谷・堅倉〜石岡駅, 松ヶ丘〜奥ノ谷・堅倉〜石岡駅"
東堺入口,関鉄グリーンバス（株）,水戸駅〜海老沢〜役場〜鉾田駅
下林,関鉄グリーンバス（株）,"HG美野里〜石岡駅〜柿岡車庫, 石岡駅〜医師会病院〜柿岡車庫, 石岡駅〜柿岡車庫〜上曽, 石岡駅〜石岡二高入口〜柿岡車庫"
桜本三差路,関鉄グリーンバス（株）,"茨城空港〜奥ノ谷〜水戸駅, 水戸駅〜大和田〜鉾田駅"
戸ノ内西,関鉄グリーンバス（株）,"HG美野里〜石岡駅〜柿岡車庫, 石岡駅〜医師会病院〜柿岡車庫, 石岡駅〜柿岡車庫〜上曽, 石岡駅〜石岡二高入口〜柿岡車庫"
酒寄南,桜川市,桜川市バス「ヤマザクラGO」
根小屋入口,関鉄グリーンバス（株）,"HG美野里〜石岡駅〜柿岡車庫, 石岡駅〜医師会病院〜柿岡車庫, 石岡駅〜柿岡車庫〜上曽, 石岡駅〜石岡二高入口〜柿岡車庫"
金指中央,関鉄グリーンバス（株）,土浦駅〜上志筑〜柿岡車庫
北菖蒲沼,関鉄グリーンバス（株）,水戸駅〜海老沢〜役場〜鉾田駅
中ノ谷中央,関東鉄道（株）,"石岡車庫〜石岡駅・堅倉・奥ノ谷・千波・大工町〜水戸駅, 水戸駅〜大工町・千波・奥ノ谷・堅倉〜石岡駅, 松ヶ丘〜奥ノ谷・堅倉〜石岡駅"
十二所南,小美玉市,希望ヶ丘ルート
戸ノ内［石岡市］,関鉄グリーンバス（株）,"HG美野里〜石岡駅〜柿岡車庫, 石岡駅〜医師会病院〜柿岡車庫, 石岡駅〜柿岡車庫〜上曽, 石岡駅〜石岡二高入口〜柿岡車庫"
細内橋,関鉄グリーンバス（株）,石岡駅〜八郷小幡〜柿岡車庫
金指,関鉄グリーンバス（株）,土浦駅〜上志筑〜柿岡車庫
菖蒲沼,関鉄グリーンバス（株）,水戸駅〜海老沢〜役場〜鉾田駅
西三角,関鉄グリーンバス（株）,水戸駅〜大和田〜鉾田駅
医師会病院入口,関鉄グリーンバス（株）,石岡駅〜医師会病院〜柿岡車庫
上吉影北,小美玉市,"市内縦断西ルート, 市内縦断東ルート, 通学ルート"
生井沢,関鉄グリーンバス（株）,茨城空港〜奥ノ谷〜水戸駅
大谷西,小美玉市,希望ヶ丘ルート
石岡医師会病院,関鉄グリーンバス（株）,石岡駅〜医師会病院〜柿岡車庫
細内,関鉄グリーンバス（株）,石岡駅〜八郷小幡〜柿岡車庫
竜の口,関鉄グリーンバス（株）,"HG美野里〜石岡駅〜柿岡車庫, 石岡駅〜医師会病院〜柿岡車庫, 石岡駅〜柿岡車庫〜上曽, 石岡駅〜石岡二高入口〜柿岡車庫"
上大島,桜川市,桜川市バス「ヤマザクラGO」
上大島,筑西市,筑西市広域連携バス
ヒルズガーデン美野里,小美玉市,希望ヶ丘ルート
ヒルズガーデン美野里,関鉄グリーンバス（株）,"HG美野里〜石岡駅〜柿岡車庫, 土浦駅〜土田〜石岡車庫, 土浦駅〜東風高校〜HG美野里"
中ノ谷,関東鉄道（株）,"石岡車庫〜石岡駅・堅倉・奥ノ谷・千波・大工町〜水戸駅, 水戸駅〜大工町・千波・奥ノ谷・堅倉〜石岡駅, 松ヶ丘〜奥ノ谷・堅倉〜石岡駅"
広畑,小美玉市,希望ヶ丘ルート
小幡中宿,関鉄グリーンバス（株）,石岡駅〜八郷小幡〜柿岡車庫
ふれあいの里,関鉄グリーンバス（株）,石岡駅〜医師会病院〜柿岡車庫
八郷小幡,関鉄グリーンバス（株）,石岡駅〜八郷小幡〜柿岡車庫
小幡下宿,関鉄グリーンバス（株）,石岡駅〜八郷小幡〜柿岡車庫
下鶴田,小美玉市,"空港ルート, 市内縦断中央ルート, 通学ルート"
稲荷山,関鉄グリーンバス（株）,石岡駅〜八郷小幡〜柿岡車庫
八郷蒸溜所,関鉄グリーンバス（株）,石岡駅〜八郷小幡〜柿岡車庫
須釜,関鉄グリーンバス（株）,石岡駅〜八郷小幡〜柿岡車庫
希望ヶ丘,小美玉市,希望ヶ丘ルート
片野上宿,関鉄グリーンバス（株）,土浦駅〜上志筑〜柿岡車庫
小曽納入口,小美玉市,希望ヶ丘ルート
小曽納入口,関鉄グリーンバス（株）,"HG美野里〜石岡駅〜柿岡車庫, 土浦駅〜土田〜石岡車庫, 土浦駅〜東風高校〜HG美野里"
北茂呂車庫,茨城急行自動車（株）,"古河駅東口〜牛ヶ谷〜北茂呂車庫, 古河駅東口〜丘里工業団地〜北茂呂車庫"
古新田,関鉄グリーンバス（株）,水戸駅〜大和田〜鉾田駅
竜神山下,関鉄グリーンバス（株）,"HG美野里〜石岡駅〜柿岡車庫, 石岡駅〜医師会病院〜柿岡車庫, 石岡駅〜柿岡車庫〜上曽, 石岡駅〜石岡二高入口〜柿岡車庫"
舟木神社前,関鉄グリーンバス（株）,水戸駅〜海老沢〜役場〜鉾田駅
片野下宿,関鉄グリーンバス（株）,土浦駅〜上志筑〜柿岡車庫
船玉台,小美玉市,希望ヶ丘ルート
小美玉温泉入口,関鉄グリーンバス（株）,茨城空港〜奥ノ谷〜水戸駅
小美玉温泉入口,小美玉市,市内縦断西ルート
大谷北,小美玉市,希望ヶ丘ルート
上吉影公民館入口,小美玉市,"市内縦断西ルート, 市内縦断東ルート, 通学ルート"
つつじケ丘,関東鉄道（株）,つくばセンター〜筑波山神社入口〜つつじヶ丘【筑波山シャトル】
上鶴田,小美玉市,"空港ルート, 市内縦断中央ルート, 通学ルート"
小美玉温泉ことぶき,小美玉市,市内縦断西ルート
南茂呂,茨城急行自動車（株）,"古河駅東口〜牛ヶ谷〜北茂呂車庫, 古河駅東口〜丘里工業団地〜北茂呂車庫"
大谷,関鉄グリーンバス（株）,"HG美野里〜石岡駅〜柿岡車庫, 土浦駅〜土田〜石岡車庫, 土浦駅〜東風高校〜HG美野里"
竹原局前,関東鉄道（株）,"石岡車庫〜石岡駅・堅倉・奥ノ谷・千波・大工町〜水戸駅, 水戸駅〜大工町・千波・奥ノ谷・堅倉〜石岡駅, 松ヶ丘〜奥ノ谷・堅倉〜石岡駅"
上吉影,関鉄グリーンバス（株）,茨城空港〜奥ノ谷〜水戸駅
上吉影,小美玉市,"市内縦断西ルート, 市内縦断東ルート, 通学ルート"
村上,関鉄グリーンバス（株）,"HG美野里〜石岡駅〜柿岡車庫, 石岡駅〜医師会病院〜柿岡車庫, 石岡駅〜柿岡車庫〜上曽, 石岡駅〜石岡二高入口〜柿岡車庫"
原,関鉄グリーンバス（株）,石岡駅〜八郷小幡〜柿岡車庫
中坪,関鉄グリーンバス（株）,水戸駅〜海老沢〜役場〜鉾田駅
竹原,関東鉄道（株）,"石岡車庫〜石岡駅・堅倉・奥ノ谷・千波・大工町〜水戸駅, 水戸駅〜大工町・千波・奥ノ谷・堅倉〜石岡駅, 松ヶ丘〜奥ノ谷・堅倉〜石岡駅"
三箇神社前,小美玉市,"空港ルート, 市内縦断中央ルート, 通学ルート"
紅葉,関鉄グリーンバス（株）,水戸駅〜大和田〜鉾田駅
納屋,関鉄グリーンバス（株）,土浦駅〜上志筑〜柿岡車庫
七五三場,茨城急行自動車（株）,"古河駅東口〜牛ヶ谷〜北茂呂車庫, 古河駅東口〜丘里工業団地〜北茂呂車庫"
舟木,関鉄グリーンバス（株）,水戸駅〜海老沢〜役場〜鉾田駅
上吉影小学校前,関鉄グリーンバス（株）,茨城空港〜奥ノ谷〜水戸駅
上吉影小学校前,小美玉市,"市内縦断西ルート, 市内縦断東ルート, 通学ルート"
村上東,関鉄グリーンバス（株）,"HG美野里〜石岡駅〜柿岡車庫, 石岡駅〜医師会病院〜柿岡車庫, 石岡駅〜柿岡車庫〜上曽, 石岡駅〜石岡二高入口〜柿岡車庫"
フラワーパーク前,関鉄グリーンバス（株）,石岡駅〜八郷小幡〜柿岡車庫
筑波山神社入口,関東鉄道（株）,つくばセンター〜筑波山神社入口〜つつじヶ丘【筑波山シャトル】
筑波山神社入口,つくば市,つくばね号
筑波山郵便局入口,つくば市,つくばね号
行里川入口,関鉄グリーンバス（株）,"HG美野里〜石岡駅〜柿岡車庫, 土浦駅〜土田〜石岡車庫, 土浦駅〜東風高校〜HG美野里"
三箇,小美玉市,"空港ルート, 市内縦断中央ルート, 通学ルート"
東山入口,つくば市,つくばね号
下七五三場,茨城急行自動車（株）,"古河駅東口〜牛ヶ谷〜北茂呂車庫, 古河駅東口〜丘里工業団地〜北茂呂車庫"
川又新地,関鉄グリーンバス（株）,"石岡駅〜八郷小幡〜柿岡車庫, 土浦駅〜上志筑〜柿岡車庫"
マーケットシティ古河,古河市,西コース
大砂,関鉄グリーンバス（株）,"HG美野里〜石岡駅〜柿岡車庫, 石岡駅〜医師会病院〜柿岡車庫, 石岡駅〜柿岡車庫〜上曽, 石岡駅〜石岡二高入口〜柿岡車庫"
筑波ふれあいの里入口（つくば湯）,つくば市,つくばね号
二十三夜前,つくば市,つくばね号
下青柳,関鉄グリーンバス（株）,石岡駅〜八郷小幡〜柿岡車庫
けやき公園［静町］,古河市,西コース
飯前原,関鉄グリーンバス（株）,茨城空港〜奥ノ谷〜水戸駅
飯前原,小美玉市,"市内縦断西ルート, 市内縦断東ルート"
額相,関鉄グリーンバス（株）,水戸駅〜海老沢〜役場〜鉾田駅
沼田,関東鉄道（株）,"土浦駅〜高岡〜北条駅入口〜筑波山口, つくばセンター〜筑波山神社入口〜つつじヶ丘【筑波山シャトル】"
青柳,関鉄グリーンバス（株）,石岡駅〜八郷小幡〜柿岡車庫
馬場,関東鉄道（株）,"筑波山口〜郡道橋〜北条駅入口〜高岡〜土浦一高前〜土浦駅, 土浦駅〜高岡〜北条駅入口〜筑波山口"
三箇坂下,小美玉市,"空港ルート, 市内縦断中央ルート, 通学ルート"
石岡車庫,関東鉄道（株）,"土浦駅西口〜中貫〜石岡駅〜石岡車庫（グリーン）, 土浦駅西口〜中貫〜石岡駅〜石岡二高（グリーン）, 石岡車庫〜石岡駅・堅倉・奥ノ谷・千波・大工町〜水戸駅"
石岡車庫,関鉄グリーンバス（株）,"HG美野里〜石岡駅〜柿岡車庫, 石岡駅〜上山〜小川駅〜鉾田駅, 土浦駅〜土田〜石岡車庫, 土浦駅〜東風高校〜HG美野里"
国松,関東鉄道（株）,土浦駅〜高岡〜北条駅入口〜筑波山口
沼田上坪,つくば市,つくばね号
川又,関鉄グリーンバス（株）,石岡駅〜八郷小幡〜柿岡車庫
小桜小学校前,関鉄グリーンバス（株）,石岡駅〜八郷小幡〜柿岡車庫
須田,関鉄グリーンバス（株）,水戸駅〜大和田〜鉾田駅
サンクレイドル古河前,古河市,西コース
中小堤,茨城急行自動車（株）,"古河駅東口〜牛ヶ谷〜北茂呂車庫, 古河駅東口〜牛ヶ谷〜諸川, 古河駅東口〜諸川〜八千代町役場, 古河駅東口〜牛ヶ谷〜古河市三和庁舎, 古河駅東口〜牛ヶ谷〜菅谷, 古河駅東口〜牛ヶ谷・八千代高校前〜八千代町役場"
小堤,茨城急行自動車（株）,"古河駅東口〜牛ヶ谷〜北茂呂車庫, 古河駅東口〜牛ヶ谷〜諸川, 古河駅東口〜諸川〜八千代町役場, 古河駅東口〜牛ヶ谷〜古河市三和庁舎, 古河駅東口〜牛ヶ谷〜菅谷, 古河駅東口〜牛ヶ谷・八千代高校前〜八千代町役場, 古河駅東口〜丘里工業団地〜北茂呂車庫, 古河駅東口〜丘里工業団地〜八千代町役場, 古河駅東口〜丘里工業団地〜古河市三和庁舎"
曲松,関東鉄道（株）,"石岡車庫〜石岡駅・堅倉・奥ノ谷・千波・大工町〜水戸駅, 水戸駅〜大工町・千波・奥ノ谷・堅倉〜石岡駅, 松ヶ丘〜奥ノ谷・堅倉〜石岡駅"
カナルハウス南,古河市,西コース
友愛記念病院,茨城急行自動車（株）,古河駅東口〜古河第一高校前〜友愛記念病院
友愛記念病院,古河市,福祉の森・病院コース
西小堤,茨城急行自動車（株）,"古河駅東口〜牛ヶ谷〜北茂呂車庫, 古河駅東口〜牛ヶ谷〜諸川, 古河駅東口〜諸川〜八千代町役場, 古河駅東口〜牛ヶ谷〜古河市三和庁舎, 古河駅東口〜牛ヶ谷〜菅谷, 古河駅東口〜牛ヶ谷・八千代高校前〜八千代町役場"
古河青果裏,古河市,西コース
郡道橋,関東鉄道（株）,筑波山口〜郡道橋〜北条駅入口〜高岡〜土浦一高前〜土浦駅
筑波山口,関東鉄道（株）,"筑波山口〜郡道橋〜北条駅入口〜高岡〜土浦一高前〜土浦駅, 土浦駅〜高岡〜北条駅入口〜筑波山口"
筑波山口,筑西市,筑西市広域連携バス
筑波山口,つくば市,"北部シャトル, つくばね号"
筑波山口,桜川市,桜川市バス「ヤマザクラGO」
東牛ヶ谷,茨城急行自動車（株）,"古河駅東口〜牛ヶ谷〜北茂呂車庫, 古河駅東口〜牛ヶ谷〜諸川, 古河駅東口〜諸川〜八千代町役場, 古河駅東口〜牛ヶ谷〜古河市三和庁舎, 古河駅東口〜牛ヶ谷〜菅谷, 古河駅東口〜牛ヶ谷・八千代高校前〜八千代町役場"
上大野宮前,茨城急行自動車（株）,"古河駅東口〜牛ヶ谷〜北茂呂車庫, 古河駅東口〜牛ヶ谷〜諸川, 古河駅東口〜諸川〜八千代町役場, 古河駅東口〜牛ヶ谷〜古河市三和庁舎, 古河駅東口〜牛ヶ谷〜菅谷, 古河駅東口〜牛ヶ谷・八千代高校前〜八千代町役場, 古河駅東口〜丘里工業団地〜北茂呂車庫, 古河駅東口〜丘里工業団地〜八千代町役場, 古河駅東口〜丘里工業団地〜古河市三和庁舎"
東牛谷新田,古河市,総和庁舎・病院コース
沼田中坪,つくば市,つくばね号
鹿の子,関鉄グリーンバス（株）,"HG美野里〜石岡駅〜柿岡車庫, 石岡駅〜医師会病院〜柿岡車庫, 石岡駅〜柿岡車庫〜上曽, 石岡駅〜石岡二高入口〜柿岡車庫"
フォレストモール石岡,関東鉄道（株）,石岡車庫〜石岡駅・堅倉・奥ノ谷・千波・大工町〜水戸駅
フォレストモール石岡,関鉄グリーンバス（株）,"石岡駅〜上山〜小川駅〜鉾田駅, 土浦駅〜土田〜石岡車庫, 土浦駅〜東風高校〜HG美野里"
友愛記念病院入口,茨城急行自動車（株）,"古河駅東口〜牛ヶ谷〜北茂呂車庫, 古河駅東口〜牛ヶ谷〜諸川, 古河駅東口〜諸川〜八千代町役場, 古河駅東口〜牛ヶ谷〜古河市三和庁舎, 古河駅東口〜牛ヶ谷〜菅谷, 古河駅東口〜牛ヶ谷・八千代高校前〜八千代町役場, 古河駅東口〜古河第一高校前〜友愛記念病院"
塚原,関鉄グリーンバス（株）,"石岡駅〜八郷小幡〜柿岡車庫, 土浦駅〜上志筑〜柿岡車庫"
大和田西,関鉄グリーンバス（株）,水戸駅〜大和田〜鉾田駅
鉾田二高農場入口,関鉄グリーンバス（株）,水戸駅〜海老沢〜役場〜鉾田駅
つくばわんわんランド入口,関東鉄道（株）,"筑波山口〜郡道橋〜北条駅入口〜高岡〜土浦一高前〜土浦駅, 土浦駅〜高岡〜北条駅入口〜筑波山口"
東牛谷南町,古河市,総和庁舎・病院コース
みどりケ丘ふれあいの家,古河市,西コース
沼田東,つくば市,つくばね号
中牛ヶ谷,茨城急行自動車（株）,"古河駅東口〜牛ヶ谷〜北茂呂車庫, 古河駅東口〜牛ヶ谷〜諸川, 古河駅東口〜諸川〜八千代町役場, 古河駅東口〜牛ヶ谷〜古河市三和庁舎, 古河駅東口〜牛ヶ谷〜菅谷, 古河駅東口〜牛ヶ谷・八千代高校前〜八千代町役場, 古河駅東口〜古河第一高校前〜友愛記念病院"
月岡本田,関鉄グリーンバス（株）,石岡駅〜八郷小幡〜柿岡車庫
諸川局,茨城急行自動車（株）,"古河駅東口〜牛ヶ谷〜北茂呂車庫, 古河駅東口〜丘里工業団地〜北茂呂車庫"
松原町会館前,古河市,西コース
水久保東,関鉄グリーンバス（株）,HG美野里〜石岡駅〜柿岡車庫
大和田（鉾田市）,関鉄グリーンバス（株）,"水戸駅〜大和田〜鉾田駅, 鉾田駅〜大和田〜石岡駅"
飯前十字路,小美玉市,"市内縦断西ルート, 市内縦断東ルート"
ジョイフル本田前,古河市,福祉の森・病院コース
月岡局前,関鉄グリーンバス（株）,石岡駅〜八郷小幡〜柿岡車庫
鹿の子東,関鉄グリーンバス（株）,"HG美野里〜石岡駅〜柿岡車庫, 石岡駅〜医師会病院〜柿岡車庫, 石岡駅〜柿岡車庫〜上曽, 石岡駅〜石岡二高入口〜柿岡車庫"
上大野,茨城急行自動車（株）,"古河駅東口〜牛ヶ谷〜北茂呂車庫, 古河駅東口〜牛ヶ谷〜諸川, 古河駅東口〜諸川〜八千代町役場, 古河駅東口〜牛ヶ谷〜古河市三和庁舎, 古河駅東口〜牛ヶ谷〜菅谷, 古河駅東口〜牛ヶ谷・八千代高校前〜八千代町役場, 古河駅東口〜丘里工業団地〜北茂呂車庫, 古河駅東口〜丘里工業団地〜八千代町役場, 古河駅東口〜丘里工業団地〜古河市三和庁舎"
松金,関鉄グリーンバス（株）,"石岡駅〜八郷小幡〜柿岡車庫, 土浦駅〜上志筑〜柿岡車庫"
北中学校入口,茨城急行自動車（株）,"古河駅東口〜丘里工業団地〜北茂呂車庫, 古河駅東口〜丘里工業団地〜八千代町役場, 古河駅東口〜丘里工業団地〜古河市三和庁舎"
上大野東,茨城急行自動車（株）,"古河駅東口〜牛ヶ谷〜北茂呂車庫, 古河駅東口〜牛ヶ谷〜諸川, 古河駅東口〜諸川〜八千代町役場, 古河駅東口〜牛ヶ谷〜古河市三和庁舎, 古河駅東口〜牛ヶ谷〜菅谷, 古河駅東口〜牛ヶ谷・八千代高校前〜八千代町役場, 古河駅東口〜丘里工業団地〜北茂呂車庫, 古河駅東口〜丘里工業団地〜八千代町役場, 古河駅東口〜丘里工業団地〜古河市三和庁舎"
諸川仲町,茨城急行自動車（株）,"古河駅東口〜牛ヶ谷〜北茂呂車庫, 古河駅東口〜丘里工業団地〜北茂呂車庫"
大戸入口,関鉄グリーンバス（株）,水戸駅〜海老沢〜役場〜鉾田駅
飯名神社入口,つくば市,つくばね号
県営平和町アパート前,古河市,西コース
杉並小学校前,関東鉄道（株）,石岡車庫〜石岡駅・堅倉・奥ノ谷・千波・大工町〜水戸駅
杉並小学校前,関鉄グリーンバス（株）,"石岡駅〜上山〜小川駅〜鉾田駅, 土浦駅〜土田〜石岡車庫, 土浦駅〜東風高校〜HG美野里"
大和田,茨城急行自動車（株）,"古河駅東口〜牛ヶ谷〜北茂呂車庫, 古河駅東口〜牛ヶ谷〜諸川, 古河駅東口〜諸川〜八千代町役場, 古河駅東口〜牛ヶ谷〜古河市三和庁舎, 古河駅東口〜牛ヶ谷〜菅谷, 古河駅東口〜牛ヶ谷・八千代高校前〜八千代町役場, 古河駅東口〜丘里工業団地〜北茂呂車庫, 古河駅東口〜丘里工業団地〜八千代町役場, 古河駅東口〜丘里工業団地〜古河市三和庁舎"
裏新町,古河市,西コース
第六小学校前,古河市,西コース
八軒台北,関東鉄道（株）,"石岡車庫〜石岡駅・堅倉・奥ノ谷・千波・大工町〜水戸駅, 水戸駅〜大工町・千波・奥ノ谷・堅倉〜石岡駅, 松ヶ丘〜奥ノ谷・堅倉〜石岡駅"
永光寺下,茨城急行自動車（株）,"古河駅東口〜諸川〜八千代町役場, 古河駅東口〜牛ヶ谷〜菅谷, 古河駅東口〜牛ヶ谷・八千代高校前〜八千代町役場, 古河駅東口〜丘里工業団地〜八千代町役場"
本成寺南門,古河市,西コース
臼井,つくば市,つくばね号
第一病院前,関鉄グリーンバス（株）,HG美野里〜石岡駅〜柿岡車庫
西牛ヶ谷,茨城急行自動車（株）,"古河駅東口〜牛ヶ谷〜北茂呂車庫, 古河駅東口〜牛ヶ谷〜諸川, 古河駅東口〜諸川〜八千代町役場, 古河駅東口〜牛ヶ谷〜古河市三和庁舎, 古河駅東口〜牛ヶ谷〜菅谷, 古河駅東口〜牛ヶ谷・八千代高校前〜八千代町役場, 古河駅東口〜古河第一高校前〜友愛記念病院"
伏沼,関鉄グリーンバス（株）,茨城空港〜奥ノ谷〜水戸駅
伏沼,小美玉市,"市内縦断西ルート, 市内縦断東ルート"
尾崎十字路,茨城急行自動車（株）,"古河駅東口〜諸川〜八千代町役場, 古河駅東口〜牛ヶ谷〜菅谷, 古河駅東口〜牛ヶ谷・八千代高校前〜八千代町役場, 古河駅東口〜丘里工業団地〜八千代町役場"
三杉町郵便局前,古河市,西コース
明神下,茨城急行自動車（株）,"古河駅東口〜牛ヶ谷〜北茂呂車庫, 古河駅東口〜牛ヶ谷〜諸川, 古河駅東口〜諸川〜八千代町役場, 古河駅東口〜牛ヶ谷〜古河市三和庁舎, 古河駅東口〜牛ヶ谷〜菅谷, 古河駅東口〜牛ヶ谷・八千代高校前〜八千代町役場, 古河駅東口〜丘里工業団地〜北茂呂車庫, 古河駅東口〜丘里工業団地〜八千代町役場, 古河駅東口〜丘里工業団地〜古河市三和庁舎"
高速石岡東,関鉄グリーンバス（株）,"HG美野里〜石岡駅〜柿岡車庫, 石岡駅〜医師会病院〜柿岡車庫, 石岡駅〜柿岡車庫〜上曽, 石岡駅〜石岡二高入口〜柿岡車庫"
下片田,茨城急行自動車（株）,"古河駅東口〜牛ヶ谷〜北茂呂車庫, 古河駅東口〜牛ヶ谷〜諸川, 古河駅東口〜諸川〜八千代町役場, 古河駅東口〜牛ヶ谷〜古河市三和庁舎, 古河駅東口〜牛ヶ谷〜菅谷, 古河駅東口〜牛ヶ谷・八千代高校前〜八千代町役場, 古河駅東口〜丘里工業団地〜北茂呂車庫, 古河駅東口〜丘里工業団地〜八千代町役場, 古河駅東口〜丘里工業団地〜古河市三和庁舎"
産業技術専門学校前,茨城急行自動車（株）,"古河駅東口〜牛ヶ谷〜北茂呂車庫, 古河駅東口〜牛ヶ谷〜諸川, 古河駅東口〜諸川〜八千代町役場, 古河駅東口〜牛ヶ谷〜古河市三和庁舎, 古河駅東口〜牛ヶ谷〜菅谷, 古河駅東口〜牛ヶ谷・八千代高校前〜八千代町役場, 古河駅東口〜丘里工業団地〜北茂呂車庫, 古河駅東口〜丘里工業団地〜八千代町役場, 古河駅東口〜丘里工業団地〜古河市三和庁舎"
西川面,関東鉄道（株）,"筑波山口〜郡道橋〜北条駅入口〜高岡〜土浦一高前〜土浦駅, 土浦駅〜高岡〜北条駅入口〜筑波山口"
下吉影,関鉄グリーンバス（株）,鉾田駅〜大和田〜石岡駅
関戸上,茨城急行自動車（株）,"古河駅東口〜丘里工業団地〜北茂呂車庫, 古河駅東口〜丘里工業団地〜八千代町役場, 古河駅東口〜丘里工業団地〜古河市三和庁舎"
西諸川,茨城急行自動車（株）,"古河駅東口〜牛ヶ谷〜北茂呂車庫, 古河駅東口〜牛ヶ谷〜諸川, 古河駅東口〜諸川〜八千代町役場, 古河駅東口〜牛ヶ谷〜古河市三和庁舎, 古河駅東口〜牛ヶ谷〜菅谷, 古河駅東口〜牛ヶ谷・八千代高校前〜八千代町役場, 古河駅東口〜丘里工業団地〜北茂呂車庫, 古河駅東口〜丘里工業団地〜八千代町役場, 古河駅東口〜丘里工業団地〜古河市三和庁舎"
立野西,つくば市,つくばね号
雷電二丁目［信明電工前］,古河市,西コース
諸川,茨城急行自動車（株）,"古河駅東口〜牛ヶ谷〜北茂呂車庫, 古河駅東口〜牛ヶ谷〜諸川, 古河駅東口〜諸川〜八千代町役場, 古河駅東口〜牛ヶ谷〜古河市三和庁舎, 古河駅東口〜牛ヶ谷〜菅谷, 古河駅東口〜牛ヶ谷・八千代高校前〜八千代町役場, 古河駅東口〜丘里工業団地〜北茂呂車庫, 古河駅東口〜丘里工業団地〜八千代町役場, 古河駅東口〜丘里工業団地〜古河市三和庁舎"
東牛谷本村,古河市,総和庁舎・病院コース
雀神社前,古河市,西コース
諸川新町,茨城急行自動車（株）,"古河駅東口〜諸川〜八千代町役場, 古河駅東口〜牛ヶ谷〜菅谷, 古河駅東口〜牛ヶ谷・八千代高校前〜八千代町役場, 古河駅東口〜丘里工業団地〜八千代町役場"
臼井入口,つくば市,つくばね号
尾崎,茨城急行自動車（株）,"古河駅東口〜諸川〜八千代町役場, 古河駅東口〜牛ヶ谷〜菅谷, 古河駅東口〜牛ヶ谷・八千代高校前〜八千代町役場, 古河駅東口〜丘里工業団地〜八千代町役場"
前の台,関鉄グリーンバス（株）,鉾田駅〜大和田〜石岡駅
旭町,茨城急行自動車（株）,"古河駅東口〜牛ヶ谷〜北茂呂車庫, 古河駅東口〜牛ヶ谷〜諸川, 古河駅東口〜諸川〜八千代町役場, 古河駅東口〜牛ヶ谷〜古河市三和庁舎, 古河駅東口〜牛ヶ谷〜菅谷, 古河駅東口〜牛ヶ谷・八千代高校前〜八千代町役場, 古河駅東口〜古河第一高校前〜友愛記念病院"
半田,関鉄グリーンバス（株）,"石岡駅〜八郷小幡〜柿岡車庫, 土浦駅〜上志筑〜柿岡車庫"
立野東,つくば市,つくばね号
府中中学校前,関鉄グリーンバス（株）,"HG美野里〜石岡駅〜柿岡車庫, 石岡駅〜医師会病院〜柿岡車庫, 石岡駅〜柿岡車庫〜上曽, 石岡駅〜石岡二高入口〜柿岡車庫"
円満寺下,関鉄グリーンバス（株）,"水戸駅〜大和田〜鉾田駅, 鉾田駅〜大和田〜石岡駅"
東諸川,茨城急行自動車（株）,"古河駅東口〜諸川〜八千代町役場, 古河駅東口〜牛ヶ谷〜菅谷, 古河駅東口〜牛ヶ谷・八千代高校前〜八千代町役場, 古河駅東口〜丘里工業団地〜八千代町役場"
猿島厚生病院前,古河市,"総和庁舎・病院コース, 福祉の森・病院コース"
ウェルサイト石岡,関東鉄道（株）,"石岡車庫〜石岡駅・堅倉・奥ノ谷・千波・大工町〜水戸駅, 水戸駅〜大工町・千波・奥ノ谷・堅倉〜石岡駅, 松ヶ丘〜奥ノ谷・堅倉〜石岡駅"
熊木税理士事務所前,古河市,西コース
石岡二高前,関東鉄道（株）,土浦駅西口〜中貫〜石岡駅〜石岡二高（グリーン）
石岡二高前,関鉄グリーンバス（株）,土浦駅〜石岡駅〜石岡二高前
三杉町,茨城急行自動車（株）,"古河駅東口〜牛ヶ谷〜北茂呂車庫, 古河駅東口〜牛ヶ谷〜諸川, 古河駅東口〜諸川〜八千代町役場, 古河駅東口〜牛ヶ谷〜古河市三和庁舎, 古河駅東口〜牛ヶ谷〜菅谷, 古河駅東口〜牛ヶ谷・八千代高校前〜八千代町役場"
住宅入口,関鉄グリーンバス（株）,鉾田駅〜大和田〜石岡駅
武澤接骨院前,古河市,西コース
東二丁目,古河市,西コース
下尾崎,茨城急行自動車（株）,"古河駅東口〜諸川〜八千代町役場, 古河駅東口〜牛ヶ谷〜菅谷, 古河駅東口〜牛ヶ谷・八千代高校前〜八千代町役場, 古河駅東口〜丘里工業団地〜八千代町役場"
旭町中央,茨城急行自動車（株）,古河駅東口〜古河第一高校前〜友愛記念病院
出し山入口,関東鉄道（株）,石岡車庫〜石岡駅・堅倉・奥ノ谷・千波・大工町〜水戸駅
出し山入口,関鉄グリーンバス（株）,"石岡駅〜上山〜小川駅〜鉾田駅, 土浦駅〜土田〜石岡車庫, 土浦駅〜東風高校〜HG美野里"
若松町,関鉄グリーンバス（株）,"HG美野里〜石岡駅〜柿岡車庫, 石岡駅〜医師会病院〜柿岡車庫, 石岡駅〜柿岡車庫〜上曽, 石岡駅〜石岡二高入口〜柿岡車庫"
旭町中央［盈科学園前］,古河市,西コース
県信用組合前,茨城急行自動車（株）,"古河駅東口〜牛ヶ谷〜古河市三和庁舎, 古河駅東口〜丘里工業団地〜古河市三和庁舎"
八軒台,関鉄グリーンバス（株）,HG美野里〜石岡駅〜柿岡車庫
石岡二高入口,関鉄グリーンバス（株）,石岡駅〜石岡二高入口〜柿岡車庫
百里大砂,関鉄グリーンバス（株）,鉾田駅〜大和田〜石岡駅
上の台,関鉄グリーンバス（株）,"石岡駅〜八郷小幡〜柿岡車庫, 土浦駅〜上志筑〜柿岡車庫"
間中橋,茨城急行自動車（株）,"古河駅東口〜諸川〜八千代町役場, 古河駅東口〜牛ヶ谷〜菅谷, 古河駅東口〜牛ヶ谷・八千代高校前〜八千代町役場, 古河駅東口〜丘里工業団地〜八千代町役場"
古河三丁目［長島外科前］,古河市,西コース
イオン古河店前,古河市,"西コース, 総和庁舎・病院コース, 通勤通学コース"
六所,つくば市,つくばね号
東泉町2,古河市,"総和庁舎・病院コース, 福祉の森・病院コース"
雷電一丁目,古河市,総和庁舎・病院コース
旭町二丁目,古河市,"総和庁舎・病院コース, 通勤通学コース"
古河図書館前,古河市,総和庁舎・病院コース
百里基地入口,関鉄グリーンバス（株）,鉾田駅〜大和田〜石岡駅
はなももプラザ前,古河市,西コース
半田東,関鉄グリーンバス（株）,"石岡駅〜八郷小幡〜柿岡車庫, 土浦駅〜上志筑〜柿岡車庫"
東牛谷東町,古河市,総和庁舎・病院コース
上富田,関鉄グリーンバス（株）,"水戸駅〜大和田〜鉾田駅, 鉾田駅〜大和田〜石岡駅"
鷺沼入口,関鉄グリーンバス（株）,茨城空港〜奥ノ谷〜水戸駅
鷺沼入口,小美玉市,"市内縦断西ルート, 市内縦断東ルート"
労働基準監督署前［古河市］,古河市,"西コース, 通勤通学コース"
石八戸,関鉄グリーンバス（株）,水戸駅〜海老沢〜役場〜鉾田駅
ビアスパークしもつま,下妻市,シモンちゃんバス
東泉町,古河市,"総和庁舎・病院コース, 通勤通学コース"
すだ包装前,古河市,"西コース, 総和庁舎・病院コース"
長谷川駐車場前,茨城急行自動車（株）,"古河駅東口〜牛ヶ谷〜古河市三和庁舎, 古河駅東口〜丘里工業団地〜古河市三和庁舎"
八軒入口,関東鉄道（株）,"石岡車庫〜石岡駅・堅倉・奥ノ谷・千波・大工町〜水戸駅, 水戸駅〜大工町・千波・奥ノ谷・堅倉〜石岡駅, 松ヶ丘〜奥ノ谷・堅倉〜石岡駅"
国分寺入口,関鉄グリーンバス（株）,"HG美野里〜石岡駅〜柿岡車庫, 石岡駅〜医師会病院〜柿岡車庫, 石岡駅〜柿岡車庫〜上曽"
半田入口,関鉄グリーンバス（株）,"石岡駅〜八郷小幡〜柿岡車庫, 土浦駅〜上志筑〜柿岡車庫"
国分寺,関鉄グリーンバス（株）,"石岡駅〜石岡二高入口〜柿岡車庫, 土浦駅〜石岡駅〜石岡二高前"
関戸,茨城急行自動車（株）,"古河駅東口〜丘里工業団地〜北茂呂車庫, 古河駅東口〜丘里工業団地〜八千代町役場, 古河駅東口〜丘里工業団地〜古河市三和庁舎"
古河第一高校前,茨城急行自動車（株）,古河駅東口〜古河第一高校前〜友愛記念病院
並木東,関東鉄道（株）,石岡車庫〜石岡駅・堅倉・奥ノ谷・千波・大工町〜水戸駅
並木東,関鉄グリーンバス（株）,"石岡駅〜上山〜小川駅〜鉾田駅, 土浦駅〜土田〜石岡車庫, 土浦駅〜東風高校〜HG美野里"
伊勢屋呉服店前［西町］,古河市,西コース
歴史博物館入口交差点,古河市,西コース
大貫,関東鉄道（株）,"筑波山口〜郡道橋〜北条駅入口〜高岡〜土浦一高前〜土浦駅, 土浦駅〜高岡〜北条駅入口〜筑波山口"
大貫,つくば市,北部シャトル
古河駅東口,茨城急行自動車（株）,"古河駅東口〜牛ヶ谷〜北茂呂車庫, 古河駅東口〜牛ヶ谷〜諸川, 古河駅東口〜諸川〜八千代町役場, 古河駅東口〜牛ヶ谷〜古河市三和庁舎, 古河駅東口〜牛ヶ谷〜菅谷, 古河駅東口〜牛ヶ谷・八千代高校前〜八千代町役場, 古河駅東口〜古河第一高校前〜友愛記念病院, 古河駅東口〜丘里工業団地〜北茂呂車庫, 古河駅東口〜丘里工業団地〜八千代町役場, 古河駅東口〜丘里工業団地〜古河市三和庁舎"
古河駅東口,古河市,"西コース, 総和庁舎・病院コース, 通勤通学コース, 道の駅・三和庁舎コース, 福祉の森・病院コース"
古河駅入口,朝日自動車（株）,【KG01】古河駅西口〜境車庫
古河駅入口,古河市,"西コース, 南コース"
末広町,茨城急行自動車（株）,"古河駅東口〜牛ヶ谷〜北茂呂車庫, 古河駅東口〜牛ヶ谷〜諸川, 古河駅東口〜諸川〜八千代町役場, 古河駅東口〜牛ヶ谷〜古河市三和庁舎, 古河駅東口〜牛ヶ谷〜菅谷, 古河駅東口〜牛ヶ谷・八千代高校前〜八千代町役場, 古河駅東口〜古河第一高校前〜友愛記念病院, 古河駅東口〜丘里工業団地〜北茂呂車庫, 古河駅東口〜丘里工業団地〜八千代町役場, 古河駅東口〜丘里工業団地〜古河市三和庁舎"
末広町,ジェイアールバス関東（株）,"茨城県古河駅〜大綱, 茨城県古河駅〜駒羽根〜古河駅"
篆刻・街角美術館前,古河市,西コース
成田新田,茨城急行自動車（株）,"古河駅東口〜諸川〜八千代町役場, 古河駅東口〜牛ヶ谷〜菅谷, 古河駅東口〜丘里工業団地〜八千代町役場"
古河駅,ジェイアールバス関東（株）,"茨城県古河駅〜大綱, 茨城県古河駅〜駒羽根〜古河駅"
朝日タクシー,朝日自動車（株）,【KG01】古河駅西口〜境車庫
アプリKOGA南,古河市,"西コース, 南コース"
下山郵便局前,茨城急行自動車（株）,"古河駅東口〜牛ヶ谷〜北茂呂車庫, 古河駅東口〜牛ヶ谷〜諸川, 古河駅東口〜諸川〜八千代町役場, 古河駅東口〜牛ヶ谷〜古河市三和庁舎, 古河駅東口〜牛ヶ谷〜菅谷, 古河駅東口〜牛ヶ谷・八千代高校前〜八千代町役場, 古河駅東口〜古河第一高校前〜友愛記念病院, 古河駅東口〜丘里工業団地〜北茂呂車庫, 古河駅東口〜丘里工業団地〜八千代町役場, 古河駅東口〜丘里工業団地〜古河市三和庁舎"
下山郵便局前,ジェイアールバス関東（株）,"茨城県古河駅〜大綱, 茨城県古河駅〜駒羽根〜古河駅"
下山一丁目,茨城急行自動車（株）,"古河駅東口〜牛ヶ谷〜北茂呂車庫, 古河駅東口〜牛ヶ谷〜諸川, 古河駅東口〜諸川〜八千代町役場, 古河駅東口〜牛ヶ谷〜古河市三和庁舎, 古河駅東口〜牛ヶ谷〜菅谷, 古河駅東口〜牛ヶ谷・八千代高校前〜八千代町役場, 古河駅東口〜古河第一高校前〜友愛記念病院, 古河駅東口〜丘里工業団地〜北茂呂車庫, 古河駅東口〜丘里工業団地〜八千代町役場, 古河駅東口〜丘里工業団地〜古河市三和庁舎"
警察署前,茨城急行自動車（株）,"古河駅東口〜古河第一高校前〜友愛記念病院, 古河駅東口〜丘里工業団地〜北茂呂車庫, 古河駅東口〜丘里工業団地〜八千代町役場, 古河駅東口〜丘里工業団地〜古河市三和庁舎"
警察署前,ジェイアールバス関東（株）,"茨城県古河駅〜大綱, 茨城県古河駅〜駒羽根〜古河駅"
大串,下妻市,シモンちゃんバス
古河駅西口,朝日自動車（株）,【KG01】古河駅西口〜境車庫
古河駅西口,古河市,"西コース, 南コース"
関戸東,古河市,道の駅・三和庁舎コース
第三小学校前,茨城急行自動車（株）,"古河駅東口〜古河第一高校前〜友愛記念病院, 古河駅東口〜丘里工業団地〜北茂呂車庫, 古河駅東口〜丘里工業団地〜八千代町役場, 古河駅東口〜丘里工業団地〜古河市三和庁舎"
第三小学校前,ジェイアールバス関東（株）,"茨城県古河駅〜大綱, 茨城県古河駅〜駒羽根〜古河駅"
百里自営,関鉄グリーンバス（株）,鉾田駅〜大和田〜石岡駅
丘里工業団地,茨城急行自動車（株）,"古河駅東口〜丘里工業団地〜北茂呂車庫, 古河駅東口〜丘里工業団地〜八千代町役場, 古河駅東口〜丘里工業団地〜古河市三和庁舎"
高野坪入口,茨城急行自動車（株）,"古河駅東口〜丘里工業団地〜北茂呂車庫, 古河駅東口〜丘里工業団地〜八千代町役場, 古河駅東口〜丘里工業団地〜古河市三和庁舎"
五輪堂,関鉄グリーンバス（株）,"石岡駅〜八郷小幡〜柿岡車庫, 土浦駅〜上志筑〜柿岡車庫"
東本町四丁目,茨城急行自動車（株）,"古河駅東口〜丘里工業団地〜北茂呂車庫, 古河駅東口〜丘里工業団地〜八千代町役場, 古河駅東口〜丘里工業団地〜古河市三和庁舎"
団地中央,茨城急行自動車（株）,"古河駅東口〜丘里工業団地〜北茂呂車庫, 古河駅東口〜丘里工業団地〜八千代町役場, 古河駅東口〜丘里工業団地〜古河市三和庁舎"
仲の橋,茨城急行自動車（株）,"古河駅東口〜丘里工業団地〜北茂呂車庫, 古河駅東口〜丘里工業団地〜八千代町役場, 古河駅東口〜丘里工業団地〜古河市三和庁舎"
団地入口,茨城急行自動車（株）,"古河駅東口〜丘里工業団地〜北茂呂車庫, 古河駅東口〜丘里工業団地〜八千代町役場, 古河駅東口〜丘里工業団地〜古河市三和庁舎"
東小学校入口,関東鉄道（株）,"石岡車庫〜石岡駅・堅倉・奥ノ谷・千波・大工町〜水戸駅, 水戸駅〜大工町・千波・奥ノ谷・堅倉〜石岡駅, 松ヶ丘〜奥ノ谷・堅倉〜石岡駅"
東小学校入口,関鉄グリーンバス（株）,HG美野里〜石岡駅〜柿岡車庫
上辺見東,茨城急行自動車（株）,"古河駅東口〜丘里工業団地〜北茂呂車庫, 古河駅東口〜丘里工業団地〜八千代町役場, 古河駅東口〜丘里工業団地〜古河市三和庁舎"
泉町,関東鉄道（株）,石岡車庫〜石岡駅・堅倉・奥ノ谷・千波・大工町〜水戸駅
泉町,関鉄グリーンバス（株）,"石岡駅〜上山〜小川駅〜鉾田駅, 土浦駅〜石岡駅〜石岡二高前, 土浦駅〜土田〜石岡車庫, 土浦駅〜東風高校〜HG美野里"
今泉,茨城急行自動車（株）,"古河駅東口〜丘里工業団地〜北茂呂車庫, 古河駅東口〜丘里工業団地〜八千代町役場, 古河駅東口〜丘里工業団地〜古河市三和庁舎"
上辺見,茨城急行自動車（株）,"古河駅東口〜丘里工業団地〜北茂呂車庫, 古河駅東口〜丘里工業団地〜八千代町役場, 古河駅東口〜丘里工業団地〜古河市三和庁舎"
国分町,関東鉄道（株）,石岡車庫〜石岡駅・堅倉・奥ノ谷・千波・大工町〜水戸駅
国分町,関鉄グリーンバス（株）,"石岡駅〜石岡二高入口〜柿岡車庫, 土浦駅〜石岡駅〜石岡二高前"
オリオン商店街［長寿庵前］,古河市,福祉の森・病院コース
石の宮,下妻市,シモンちゃんバス
神郡東,つくば市,つくばね号
稲葉モータース前,古河市,西コース
宮部入口,関鉄グリーンバス（株）,"HG美野里〜石岡駅〜柿岡車庫, 石岡駅〜医師会病院〜柿岡車庫, 石岡駅〜柿岡車庫〜上曽"
坂井,下妻市,シモンちゃんバス
小貝川ふれあい公園,下妻市,シモンちゃんバス
上辺見新田,古河市,通勤通学コース
神郡,つくば市,つくばね号
下山二丁目,古河市,通勤通学コース
山川住宅前,関鉄グリーンバス（株）,茨城空港〜奥ノ谷〜水戸駅
七軒町,古河市,通勤通学コース
菅谷新田,茨城急行自動車（株）,"古河駅東口〜諸川〜八千代町役場, 古河駅東口〜牛ヶ谷〜菅谷, 古河駅東口〜丘里工業団地〜八千代町役場"
永塚金物店前,古河市,通勤通学コース
八幡通り,関鉄グリーンバス（株）,"HG美野里〜石岡駅〜柿岡車庫, 石岡駅〜医師会病院〜柿岡車庫, 石岡駅〜柿岡車庫〜上曽"
中央ハイツ入口,茨城急行自動車（株）,"古河駅東口〜牛ヶ谷〜古河市三和庁舎, 古河駅東口〜丘里工業団地〜古河市三和庁舎"
館,つくば市,つくばね号
ひろさわ肉店前,古河市,通勤通学コース
関戸高野,古河市,総和庁舎・病院コース
小川北中前,関鉄グリーンバス（株）,茨城空港〜奥ノ谷〜水戸駅
小川北中学校前,小美玉市,"市内縦断西ルート, 市内縦断東ルート"
下富田寺前,関鉄グリーンバス（株）,"水戸駅〜大和田〜鉾田駅, 鉾田駅〜大和田〜石岡駅"
古河一丁目,朝日自動車（株）,【KG01】古河駅西口〜境車庫
古河一丁目,古河市,"南コース, 福祉の森・病院コース"
職業安定所入口,関東鉄道（株）,"石岡車庫〜石岡駅・堅倉・奥ノ谷・千波・大工町〜水戸駅, 水戸駅〜大工町・千波・奥ノ谷・堅倉〜石岡駅, 松ヶ丘〜奥ノ谷・堅倉〜石岡駅"
職業安定所入口,関鉄グリーンバス（株）,HG美野里〜石岡駅〜柿岡車庫
下山町,ジェイアールバス関東（株）,"茨城県古河駅〜大綱, 茨城県古河駅〜駒羽根〜古河駅"
下辺見今泉,古河市,福祉の森・病院コース
歴史博物館前［古河市］,古河市,西コース
神郡南,つくば市,つくばね号
西菅谷,茨城急行自動車（株）,"古河駅東口〜諸川〜八千代町役場, 古河駅東口〜牛ヶ谷〜菅谷, 古河駅東口〜牛ヶ谷・八千代高校前〜八千代町役場, 古河駅東口〜丘里工業団地〜八千代町役場"
そば善前,古河市,"総和庁舎・病院コース, 福祉の森・病院コース"
野田東,関鉄グリーンバス（株）,"茨城空港〜奥ノ谷〜水戸駅, 石岡駅〜小川駅〜茨城空港"
野田東,小美玉市,空港ルート
大串西,下妻市,シモンちゃんバス
イオンモール下妻,下妻市,シモンちゃんバス
道の駅まくらがの里こが,古河市,道の駅・三和庁舎コース
国府二丁目,関鉄グリーンバス（株）,"HG美野里〜石岡駅〜柿岡車庫, 石岡駅〜医師会病院〜柿岡車庫, 石岡駅〜柿岡車庫〜上曽, 石岡駅〜上山〜小川駅〜鉾田駅, 石岡駅〜石岡二高入口〜柿岡車庫, 石岡駅〜八郷小幡〜柿岡車庫, 土浦駅〜石岡駅〜石岡二高前, 土浦駅〜土田〜石岡車庫, 土浦駅〜東風高校〜HG美野里, 鉾田駅〜大和田〜石岡駅"
石八戸坂上,関鉄グリーンバス（株）,水戸駅〜海老沢〜役場〜鉾田駅
八間道路,関東鉄道（株）,石岡車庫〜石岡駅・堅倉・奥ノ谷・千波・大工町〜水戸駅
八間道路,関鉄グリーンバス（株）,"HG美野里〜石岡駅〜柿岡車庫, 石岡駅〜医師会病院〜柿岡車庫, 石岡駅〜柿岡車庫〜上曽, 石岡駅〜上山〜小川駅〜鉾田駅, 石岡駅〜石岡二高入口〜柿岡車庫, 石岡駅〜八郷小幡〜柿岡車庫, 土浦駅〜石岡駅〜石岡二高前, 土浦駅〜土田〜石岡車庫, 土浦駅〜東風高校〜HG美野里, 鉾田駅〜大和田〜石岡駅"
台町,朝日自動車（株）,【KG01】古河駅西口〜境車庫
百里開拓,関鉄グリーンバス（株）,鉾田駅〜大和田〜石岡駅
台町［歴史博物館入口］,古河市,南コース
石岡駅,関東鉄道（株）,"土浦駅西口〜中貫〜石岡駅〜石岡車庫（グリーン）, 土浦駅西口〜中貫〜石岡駅〜石岡二高（グリーン）, 石岡車庫〜石岡駅・堅倉・奥ノ谷・千波・大工町〜水戸駅, 水戸駅〜大工町・千波・奥ノ谷・堅倉〜石岡駅, 松ヶ丘〜奥ノ谷・堅倉〜石岡駅"
石岡駅,関鉄グリーンバス（株）,"HG美野里〜石岡駅〜柿岡車庫, 石岡駅〜医師会病院〜柿岡車庫, 石岡駅〜柿岡車庫〜上曽, 石岡駅〜小川駅〜茨城空港, 石岡駅〜小川駅〜玉造駅〜新鉾田, 石岡駅〜上山〜小川駅〜鉾田駅, 石岡駅〜石岡二高入口〜柿岡車庫, 石岡駅〜大谷津〜小川駅, 石岡駅〜八郷小幡〜柿岡車庫, 土浦駅〜石岡駅〜石岡二高前, 土浦駅〜土田〜石岡車庫, 土浦駅〜東風高校〜HG美野里, 南台循環線, 鉾田駅〜大和田〜石岡駅"
古河三中前,古河市,通勤通学コース
古河三中前,ジェイアールバス関東（株）,"茨城県古河駅〜大綱, 茨城県古河駅〜駒羽根〜古河駅"
下富田,関鉄グリーンバス（株）,"水戸駅〜大和田〜鉾田駅, 鉾田駅〜大和田〜石岡駅"
高道祖十字路,関鉄パープルバス（株）,"下妻駅〜筑波記念病院〜学園並木, 土浦駅〜高岡〜下妻駅"
高道祖十字路,関東鉄道（株）,"下妻駅〜高道祖〜田中〜北条駅入口〜高岡〜土浦一高前〜土浦駅, 土浦駅〜高岡〜北条駅入口〜田中〜下妻駅, 土浦駅西口〜高岡〜北条駅入口〜下妻駅（パープル）"
桜町会議所前,古河市,西コース
上志筑北,関鉄グリーンバス（株）,"石岡駅〜八郷小幡〜柿岡車庫, 土浦駅〜上志筑〜柿岡車庫"
稲宮,古河市,道の駅・三和庁舎コース
国府三丁目,関鉄グリーンバス（株）,"石岡駅〜上山〜小川駅〜鉾田駅, 石岡駅〜八郷小幡〜柿岡車庫, 土浦駅〜石岡駅〜石岡二高前, 土浦駅〜土田〜石岡車庫, 土浦駅〜東風高校〜HG美野里, 鉾田駅〜大和田〜石岡駅"
砂沼サンビーチ,下妻市,シモンちゃんバス
野田,関鉄グリーンバス（株）,石岡駅〜小川駅〜茨城空港
野田,小美玉市,"市内縦断西ルート, 市内縦断中央ルート, 市内縦断東ルート, 通学ルート"
上辺見本中,古河市,通勤通学コース
石岡警察署,関東鉄道（株）,"石岡車庫〜石岡駅・堅倉・奥ノ谷・千波・大工町〜水戸駅, 水戸駅〜大工町・千波・奥ノ谷・堅倉〜石岡駅, 松ヶ丘〜奥ノ谷・堅倉〜石岡駅"
石岡警察署,関鉄グリーンバス（株）,HG美野里〜石岡駅〜柿岡車庫
菅谷,茨城急行自動車（株）,"古河駅東口〜諸川〜八千代町役場, 古河駅東口〜牛ヶ谷〜菅谷, 古河駅東口〜牛ヶ谷・八千代高校前〜八千代町役場, 古河駅東口〜丘里工業団地〜八千代町役場"
仁連工業団地,古河市,道の駅・三和庁舎コース
百里基地,関鉄グリーンバス（株）,"百里基地〜茨城空港, 鉾田駅〜大和田〜石岡駅"
富士自動車前,古河市,福祉の森・病院コース
高道祖,関鉄パープルバス（株）,"下妻駅〜筑波記念病院〜学園並木, 土浦駅〜高岡〜下妻駅"
高道祖,関東鉄道（株）,"下妻駅〜高道祖〜田中〜北条駅入口〜高岡〜土浦一高前〜土浦駅, 土浦駅〜高岡〜北条駅入口〜田中〜下妻駅, 土浦駅西口〜高岡〜北条駅入口〜下妻駅（パープル）"
日赤入口,古河市,通勤通学コース
日赤入口,ジェイアールバス関東（株）,"茨城県古河駅〜大綱, 茨城県古河駅〜駒羽根〜古河駅"
木ノ地町,関鉄グリーンバス（株）,石岡駅〜八郷小幡〜柿岡車庫
関戸新町,古河市,通勤通学コース
石岡一高下,関鉄グリーンバス（株）,"石岡駅〜小川駅〜茨城空港, 石岡駅〜小川駅〜玉造駅〜新鉾田, 南台循環線"
藤屋クリーニング前,古河市,西コース
古河市三和庁舎,茨城急行自動車（株）,"古河駅東口〜牛ヶ谷〜古河市三和庁舎, 古河駅東口〜丘里工業団地〜古河市三和庁舎"
古河市役所三和庁舎,古河市,道の駅・三和庁舎コース
池の下,関鉄グリーンバス（株）,石岡駅〜八郷小幡〜柿岡車庫
石岡一高入口,関東鉄道（株）,"石岡車庫〜石岡駅・堅倉・奥ノ谷・千波・大工町〜水戸駅, 水戸駅〜大工町・千波・奥ノ谷・堅倉〜石岡駅, 松ヶ丘〜奥ノ谷・堅倉〜石岡駅"
石岡一高入口,関鉄グリーンバス（株）,HG美野里〜石岡駅〜柿岡車庫
西原［つくば市］,関鉄パープルバス（株）,"下妻駅〜筑波記念病院〜学園並木, 土浦駅〜高岡〜下妻駅"
廣澤精機製作所,関東鉄道（株）,"下妻駅〜高道祖〜田中〜北条駅入口〜高岡〜土浦一高前〜土浦駅, 土浦駅〜高岡〜北条駅入口〜田中〜下妻駅, 土浦駅西口〜高岡〜北条駅入口〜下妻駅（パープル）"
上辺見小学校前,古河市,福祉の森・病院コース
国府四丁目,関東鉄道（株）,"石岡車庫〜石岡駅・堅倉・奥ノ谷・千波・大工町〜水戸駅, 水戸駅〜大工町・千波・奥ノ谷・堅倉〜石岡駅, 松ヶ丘〜奥ノ谷・堅倉〜石岡駅"
国府四丁目,関鉄グリーンバス（株）,"HG美野里〜石岡駅〜柿岡車庫, 石岡駅〜大谷津〜小川駅, 南台循環線"
古河日赤,ジェイアールバス関東（株）,"茨城県古河駅〜大綱, 茨城県古河駅〜駒羽根〜古河駅"
金比羅前,関鉄グリーンバス（株）,"石岡駅〜上山〜小川駅〜鉾田駅, 土浦駅〜石岡駅〜石岡二高前, 土浦駅〜土田〜石岡車庫, 土浦駅〜東風高校〜HG美野里, 鉾田駅〜大和田〜石岡駅"
古河赤十字病院,古河市,福祉の森・病院コース
志筑,関鉄グリーンバス（株）,石岡駅〜八郷小幡〜柿岡車庫
下山二丁目自治会議所前,古河市,福祉の森・病院コース
田町北,下妻市,シモンちゃんバス
兵崎,関鉄グリーンバス（株）,"石岡駅〜大谷津〜小川駅, 南台循環線"
イオンモール下妻入口,関鉄パープルバス（株）,"下妻駅〜筑波記念病院〜学園並木, 土浦駅〜高岡〜下妻駅"
イオンモール下妻入口,関東鉄道（株）,"下妻駅〜高道祖〜田中〜北条駅入口〜高岡〜土浦一高前〜土浦駅, 土浦駅〜高岡〜北条駅入口〜田中〜下妻駅, 土浦駅西口〜高岡〜北条駅入口〜下妻駅（パープル）"
上志筑,関鉄グリーンバス（株）,"石岡駅〜八郷小幡〜柿岡車庫, 土浦駅〜上志筑〜柿岡車庫"
川戸橋,関鉄グリーンバス（株）,"茨城空港〜奥ノ谷〜水戸駅, 石岡駅〜小川駅〜茨城空港"
川戸橋,小美玉市,空港ルート
百里原,関鉄グリーンバス（株）,鉾田駅〜大和田〜石岡駅
神社前,関鉄グリーンバス（株）,石岡駅〜八郷小幡〜柿岡車庫
田井郵便局,つくば市,つくばね号
小川B＆G海洋センター,小美玉市,"市内縦断西ルート, 市内縦断中央ルート, 市内縦断東ルート, 通学ルート"
杉木,関東鉄道（株）,"筑波山口〜郡道橋〜北条駅入口〜高岡〜土浦一高前〜土浦駅, 土浦駅〜高岡〜北条駅入口〜筑波山口"
杉木,つくば市,北部シャトル
高道祖西,関鉄パープルバス（株）,"下妻駅〜筑波記念病院〜学園並木, 土浦駅〜高岡〜下妻駅"
高道祖西,関東鉄道（株）,"下妻駅〜高道祖〜田中〜北条駅入口〜高岡〜土浦一高前〜土浦駅, 土浦駅〜高岡〜北条駅入口〜田中〜下妻駅, 土浦駅西口〜高岡〜北条駅入口〜下妻駅（パープル）"
台町三叉路,朝日自動車（株）,【KG01】古河駅西口〜境車庫
台町三叉路,古河市,南コース
遠高野3,古河市,通勤通学コース
宮下町,関鉄グリーンバス（株）,石岡駅〜八郷小幡〜柿岡車庫
石岡中学校前,関鉄グリーンバス（株）,"石岡駅〜大谷津〜小川駅, 南台循環線"
上辺見,ジェイアールバス関東（株）,"茨城県古河駅〜大綱, 茨城県古河駅〜駒羽根〜古河駅"
下山二丁目・住吉町,古河市,福祉の森・病院コース
下大野遠高野1,古河市,総和庁舎・病院コース
仁連上町,古河市,道の駅・三和庁舎コース
上筑波自動車学校,関鉄パープルバス（株）,"下妻駅〜筑波記念病院〜学園並木, 土浦駅〜高岡〜下妻駅"
上筑波自動車学校,関東鉄道（株）,"下妻駅〜高道祖〜田中〜北条駅入口〜高岡〜土浦一高前〜土浦駅, 土浦駅〜高岡〜北条駅入口〜田中〜下妻駅, 土浦駅西口〜高岡〜北条駅入口〜下妻駅（パープル）"
中辺見泉町,古河市,"総和庁舎・病院コース, 福祉の森・病院コース"
大谷津住宅前,関鉄グリーンバス（株）,石岡駅〜大谷津〜小川駅
中志筑,関鉄グリーンバス（株）,"石岡駅〜八郷小幡〜柿岡車庫, 土浦駅〜上志筑〜柿岡車庫"
大堤北,古河市,総和庁舎・病院コース
いちょうプラザ入口,古河市,福祉の森・病院コース
大和田南,古河市,道の駅・三和庁舎コース
仁連御辺,古河市,道の駅・三和庁舎コース
ユーセンター総和南,古河市,"通勤通学コース, 福祉の森・病院コース"
国府六丁目,関鉄グリーンバス（株）,"石岡駅〜上山〜小川駅〜鉾田駅, 土浦駅〜石岡駅〜石岡二高前, 土浦駅〜土田〜石岡車庫, 土浦駅〜東風高校〜HG美野里, 鉾田駅〜大和田〜石岡駅"
大谷津,関鉄グリーンバス（株）,石岡駅〜大谷津〜小川駅
北条横町北,つくば市,つくばね号
鳥栖本郷,関鉄グリーンバス（株）,"水戸駅〜大和田〜鉾田駅, 鉾田駅〜大和田〜石岡駅"
本宿町一丁目,下妻市,シモンちゃんバス
下三,古河市,"総和庁舎・病院コース, 福祉の森・病院コース"
千勝神社前,関鉄パープルバス（株）,"下妻駅〜筑波記念病院〜学園並木, 土浦駅〜高岡〜下妻駅"
千勝神社前,関東鉄道（株）,"下妻駅〜高道祖〜田中〜北条駅入口〜高岡〜土浦一高前〜土浦駅, 土浦駅〜高岡〜北条駅入口〜田中〜下妻駅, 土浦駅西口〜高岡〜北条駅入口〜下妻駅（パープル）"
原町,朝日自動車（株）,【KG01】古河駅西口〜境車庫
原町,古河市,南コース
ふれあいスポーツセンター,古河市,道の駅・三和庁舎コース
八千代高校前,茨城急行自動車（株）,古河駅東口〜牛ヶ谷・八千代高校前〜八千代町役場
川戸東,関鉄グリーンバス（株）,"茨城空港〜奥ノ谷〜水戸駅, 石岡駅〜小川駅〜茨城空港"
川戸東,小美玉市,空港ルート
台町三叉路南,古河市,南コース
長塚,下妻市,シモンちゃんバス
国府五丁目,関鉄グリーンバス（株）,"石岡駅〜上山〜小川駅〜鉾田駅, 鉾田駅〜大和田〜石岡駅"
兵崎南,関鉄グリーンバス（株）,"石岡駅〜小川駅〜茨城空港, 石岡駅〜小川駅〜玉造駅〜新鉾田, 南台循環線"
野田坂上,関鉄グリーンバス（株）,石岡駅〜小川駅〜茨城空港
野田坂上,小美玉市,"市内縦断西ルート, 市内縦断中央ルート, 市内縦断東ルート, 通学ルート"
東石岡三丁目,関鉄グリーンバス（株）,南台循環線
内出,関鉄グリーンバス（株）,石岡駅〜八郷小幡〜柿岡車庫
西町,下妻市,シモンちゃんバス
田町,下妻市,シモンちゃんバス
八千代グリーンビレッジ入口,茨城急行自動車（株）,古河駅東口〜牛ヶ谷・八千代高校前〜八千代町役場
南野入口,関鉄グリーンバス（株）,水戸駅〜海老沢〜役場〜鉾田駅
古河庁舎入口,古河市,南コース
山川,関鉄グリーンバス（株）,鉾田駅〜大和田〜石岡駅
本城町一丁目,下妻市,シモンちゃんバス
上辺見東町,ジェイアールバス関東（株）,"茨城県古河駅〜大綱, 茨城県古河駅〜駒羽根〜古河駅"
貝地,関鉄グリーンバス（株）,"石岡駅〜上山〜小川駅〜鉾田駅, 鉾田駅〜大和田〜石岡駅"
長塚中央,下妻市,シモンちゃんバス
南台一丁目,関鉄グリーンバス（株）,"石岡駅〜小川駅〜茨城空港, 石岡駅〜小川駅〜玉造駅〜新鉾田, 南台循環線"
石岡商業高校,関鉄グリーンバス（株）,石岡駅〜大谷津〜小川駅
二高裏門前,古河市,福祉の森・病院コース
ロイヤルサンハイツ,古河市,通勤通学コース
名崎小学校前,古河市,道の駅・三和庁舎コース
東下志筑,関鉄グリーンバス（株）,石岡駅〜八郷小幡〜柿岡車庫
市役所古河庁舎,古河市,"西コース, 南コース"
山野,関鉄グリーンバス（株）,"茨城空港〜奥ノ谷〜水戸駅, 石岡駅〜小川駅〜茨城空港"
山野,小美玉市,空港ルート
幼稚園前,関鉄パープルバス（株）,"下妻駅〜筑波記念病院〜学園並木, 土浦駅〜高岡〜下妻駅"
幼稚園前,関東鉄道（株）,"下妻駅〜高道祖〜田中〜北条駅入口〜高岡〜土浦一高前〜土浦駅, 土浦駅〜高岡〜北条駅入口〜田中〜下妻駅, 土浦駅西口〜高岡〜北条駅入口〜下妻駅（パープル）"
八千代工業団地,茨城急行自動車（株）,古河駅東口〜牛ヶ谷・八千代高校前〜八千代町役場
下志筑,関鉄グリーンバス（株）,石岡駅〜八郷小幡〜柿岡車庫
別所,関鉄グリーンバス（株）,石岡駅〜八郷小幡〜柿岡車庫
寺具,つくば市,作岡シャトル
寺具,関鉄パープルバス（株）,"下妻駅〜筑波記念病院〜学園並木, 土浦駅〜高岡〜下妻駅"
寺具,関東鉄道（株）,"下妻駅〜高道祖〜田中〜北条駅入口〜高岡〜土浦一高前〜土浦駅, 土浦駅〜高岡〜北条駅入口〜田中〜下妻駅, 土浦駅西口〜高岡〜北条駅入口〜下妻駅（パープル）"
二高前,朝日自動車（株）,【KG01】古河駅西口〜境車庫
二高前,古河市,南コース
保健センター,下妻市,シモンちゃんバス
石岡南台駅,関鉄グリーンバス（株）,"石岡駅〜小川駅〜茨城空港, 石岡駅〜小川駅〜玉造駅〜新鉾田, 南台循環線"
下妻市役所,下妻市,シモンちゃんバス
国府七丁目,関鉄グリーンバス（株）,"土浦駅〜石岡駅〜石岡二高前, 土浦駅〜土田〜石岡車庫, 土浦駅〜東風高校〜HG美野里"
貝地寺前,関鉄グリーンバス（株）,"石岡駅〜上山〜小川駅〜鉾田駅, 鉾田駅〜大和田〜石岡駅"
長塚東,下妻市,シモンちゃんバス
上辺見富士見町,古河市,通勤通学コース
大谷津南,関鉄グリーンバス（株）,"石岡駅〜小川駅〜茨城空港, 石岡駅〜小川駅〜玉造駅〜新鉾田, 南台循環線"
三道地,下妻市,シモンちゃんバス
鳥栖,関鉄グリーンバス（株）,"水戸駅〜大和田〜鉾田駅, 鉾田駅〜大和田〜石岡駅"
六万坂,小美玉市,"市内縦断西ルート, 市内縦断中央ルート, 市内縦断東ルート, 通学ルート"
堀篭,関鉄パープルバス（株）,"下妻駅〜筑波記念病院〜学園並木, 土浦駅〜高岡〜下妻駅"
堀篭,関東鉄道（株）,"下妻駅〜高道祖〜田中〜北条駅入口〜高岡〜土浦一高前〜土浦駅, 土浦駅〜高岡〜北条駅入口〜田中〜下妻駅, 土浦駅西口〜高岡〜北条駅入口〜下妻駅（パープル）"
県営住宅前,関鉄グリーンバス（株）,南台循環線
さん歩の駅サン・SUNさぬま,下妻市,シモンちゃんバス
南台三丁目,関鉄グリーンバス（株）,"石岡駅〜小川駅〜茨城空港, 石岡駅〜小川駅〜玉造駅〜新鉾田, 南台循環線"
新原北,古河市,福祉の森・病院コース
女沼沼田,古河市,通勤通学コース
東光台四丁目,関鉄グリーンバス（株）,石岡駅〜大谷津〜小川駅
鴻巣交差点北,古河市,南コース
新町,下妻市,シモンちゃんバス
西女沼,古河市,通勤通学コース
西女沼,ジェイアールバス関東（株）,"茨城県古河駅〜大綱, 茨城県古河駅〜駒羽根〜古河駅"
五反田三差路,関鉄グリーンバス（株）,土浦駅〜上志筑〜柿岡車庫
香取神社前,古河市,西コース
スポーツ交流センター［古河市］,古河市,西コース
上町東,関鉄パープルバス（株）,"下妻駅〜筑波記念病院〜学園並木, 土浦駅〜高岡〜下妻駅"
上町東,関東鉄道（株）,"下妻駅〜高道祖〜田中〜北条駅入口〜高岡〜土浦一高前〜土浦駅, 土浦駅〜高岡〜北条駅入口〜田中〜下妻駅, 土浦駅西口〜高岡〜北条駅入口〜下妻駅（パープル）"
上町東,下妻市,シモンちゃんバス
中央運動公園,古河市,総和庁舎・病院コース
作谷,つくば市,作岡シャトル
作谷,関鉄パープルバス（株）,"下妻駅〜筑波記念病院〜学園並木, 土浦駅〜高岡〜下妻駅"
作谷,関東鉄道（株）,"下妻駅〜高道祖〜田中〜北条駅入口〜高岡〜土浦一高前〜土浦駅, 土浦駅〜高岡〜北条駅入口〜田中〜下妻駅, 土浦駅西口〜高岡〜北条駅入口〜下妻駅（パープル）"
西田中,関鉄パープルバス（株）,"下妻駅〜筑波記念病院〜学園並木, 土浦駅〜高岡〜下妻駅"
西田中,関東鉄道（株）,"下妻駅〜高道祖〜田中〜北条駅入口〜高岡〜土浦一高前〜土浦駅, 土浦駅〜高岡〜北条駅入口〜田中〜下妻駅, 土浦駅西口〜高岡〜北条駅入口〜下妻駅（パープル）"
内手下公園前,古河市,"総和庁舎・病院コース, 通勤通学コース"
下妻駅,関鉄パープルバス（株）,"下妻駅〜筑波記念病院〜学園並木, 直通, 土浦駅〜高岡〜下妻駅"
下妻駅,関東鉄道（株）,"下妻駅〜高道祖〜田中〜北条駅入口〜高岡〜土浦一高前〜土浦駅, 土浦駅〜高岡〜北条駅入口〜田中〜下妻駅, 土浦駅西口〜高岡〜北条駅入口〜下妻駅（パープル）"
下妻駅,下妻市,シモンちゃんバス
東田中駅,関鉄グリーンバス（株）,"石岡駅〜小川駅〜茨城空港, 石岡駅〜小川駅〜玉造駅〜新鉾田, 南台循環線"
上辺見南町,古河市,"総和庁舎・病院コース, 通勤通学コース"
小野子町一丁目,下妻市,シモンちゃんバス
南台二丁目,関鉄グリーンバス（株）,南台循環線
八千代町役場,茨城急行自動車（株）,"古河駅東口〜諸川〜八千代町役場, 古河駅東口〜牛ヶ谷・八千代高校前〜八千代町役場, 古河駅東口〜丘里工業団地〜八千代町役場"
空のえき［そ・ら・ら］,関鉄グリーンバス（株）,"茨城空港〜奥ノ谷〜水戸駅, 石岡駅〜小川駅〜茨城空港"
空のえき［そ・ら・ら］,小美玉市,空港ルート
栗山,関鉄パープルバス（株）,"下妻駅〜筑波記念病院〜学園並木, 土浦駅〜高岡〜下妻駅"
栗山,関東鉄道（株）,"下妻駅〜高道祖〜田中〜北条駅入口〜高岡〜土浦一高前〜土浦駅, 土浦駅〜高岡〜北条駅入口〜田中〜下妻駅, 土浦駅西口〜高岡〜北条駅入口〜下妻駅（パープル）"
栗山,下妻市,シモンちゃんバス
石岡玉里,関鉄グリーンバス（株）,"石岡駅〜小川駅〜茨城空港, 石岡駅〜小川駅〜玉造駅〜新鉾田"
原十字路,朝日自動車（株）,【KG01】古河駅西口〜境車庫
原十字路,古河市,南コース
東作谷,関鉄パープルバス（株）,"下妻駅〜筑波記念病院〜学園並木, 土浦駅〜高岡〜下妻駅"
東作谷,関東鉄道（株）,"下妻駅〜高道祖〜田中〜北条駅入口〜高岡〜土浦一高前〜土浦駅, 土浦駅〜高岡〜北条駅入口〜田中〜下妻駅, 土浦駅西口〜高岡〜北条駅入口〜下妻駅（パープル）"
下大野宮崎,古河市,総和庁舎・病院コース
女沼本郷,古河市,通勤通学コース
下子町,関鉄パープルバス（株）,"下妻駅〜筑波記念病院〜学園並木, 土浦駅〜高岡〜下妻駅"
下子町,関東鉄道（株）,"下妻駅〜高道祖〜田中〜北条駅入口〜高岡〜土浦一高前〜土浦駅, 土浦駅〜高岡〜北条駅入口〜田中〜下妻駅, 土浦駅西口〜高岡〜北条駅入口〜下妻駅（パープル）"
平沢中央,つくば市,つくばね号
女沼,古河市,通勤通学コース
女沼,ジェイアールバス関東（株）,"茨城県古河駅〜大綱, 茨城県古河駅〜駒羽根〜古河駅"
上町,関東鉄道（株）,"下妻駅〜高道祖〜田中〜北条駅入口〜高岡〜土浦一高前〜土浦駅, 土浦駅〜高岡〜北条駅入口〜田中〜下妻駅, 土浦駅西口〜高岡〜北条駅入口〜下妻駅（パープル）"
上町,関鉄パープルバス（株）,"下妻駅〜筑波記念病院〜学園並木, 土浦駅〜高岡〜下妻駅"
上町,下妻市,シモンちゃんバス
小美玉市医療センター前,関鉄グリーンバス（株）,石岡駅〜小川駅〜茨城空港
小美玉市医療センター前,小美玉市,"市内縦断西ルート, 市内縦断中央ルート, 市内縦断東ルート, 通学ルート"
南小学校前,関鉄グリーンバス（株）,南台循環線
小川総合支所,小美玉市,"市内縦断西ルート, 市内縦断中央ルート, 市内縦断東ルート, 通学ルート"
明石,つくば市,作岡シャトル
明石,関鉄パープルバス（株）,"下妻駅〜筑波記念病院〜学園並木, 土浦駅〜高岡〜下妻駅"
明石,関東鉄道（株）,"下妻駅〜高道祖〜田中〜北条駅入口〜高岡〜土浦一高前〜土浦駅, 土浦駅〜高岡〜北条駅入口〜田中〜下妻駅, 土浦駅西口〜高岡〜北条駅入口〜下妻駅（パープル）"
栗又四ケ北,関鉄グリーンバス（株）,石岡駅〜大谷津〜小川駅
茨木,関鉄グリーンバス（株）,"石岡駅〜上山〜小川駅〜鉾田駅, 鉾田駅〜大和田〜石岡駅"
小美玉市医療センター,小美玉市,"市内縦断西ルート, 市内縦断中央ルート, 通学ルート"
五反田,関鉄グリーンバス（株）,土浦駅〜上志筑〜柿岡車庫
小野子,関鉄パープルバス（株）,"下妻駅〜筑波記念病院〜学園並木, 土浦駅〜高岡〜下妻駅"
小野子,関東鉄道（株）,"下妻駅〜高道祖〜田中〜北条駅入口〜高岡〜土浦一高前〜土浦駅, 土浦駅〜高岡〜北条駅入口〜田中〜下妻駅, 土浦駅西口〜高岡〜北条駅入口〜下妻駅（パープル）"
平沢東,つくば市,つくばね号
富士見町,古河市,"西コース, 南コース"
女沼土々原,ジェイアールバス関東（株）,"茨城県古河駅〜大綱, 茨城県古河駅〜駒羽根〜古河駅"
北条三差路,関東鉄道（株）,"筑波山口〜郡道橋〜北条駅入口〜高岡〜土浦一高前〜土浦駅, 土浦駅〜高岡〜北条駅入口〜筑波山口, 下妻駅〜高道祖〜田中〜北条駅入口〜高岡〜土浦一高前〜土浦駅, 土浦駅〜高岡〜北条駅入口〜田中〜下妻駅, 土浦駅西口〜高岡〜北条駅入口〜下妻駅（パープル）"
北条三差路,つくば市,小田シャトル
北条三差路,関鉄パープルバス（株）,土浦駅〜高岡〜下妻駅
名崎工業団地前,古河市,道の駅・三和庁舎コース
仁連江口,古河市,道の駅・三和庁舎コース
田中,関鉄パープルバス（株）,"下妻駅〜筑波記念病院〜学園並木, 土浦駅〜高岡〜下妻駅"
田中,関東鉄道（株）,"下妻駅〜高道祖〜田中〜北条駅入口〜高岡〜土浦一高前〜土浦駅, 土浦駅〜高岡〜北条駅入口〜田中〜下妻駅, 土浦駅西口〜高岡〜北条駅入口〜下妻駅（パープル）"
栗又四ケ,関鉄グリーンバス（株）,石岡駅〜大谷津〜小川駅
Waiwaiドームしもつま,下妻市,シモンちゃんバス
平沢官衙西入口,つくば市,つくばね号
泉入口,関東鉄道（株）,"下妻駅〜高道祖〜田中〜北条駅入口〜高岡〜土浦一高前〜土浦駅, 土浦駅〜高岡〜北条駅入口〜田中〜下妻駅, 土浦駅西口〜高岡〜北条駅入口〜下妻駅（パープル）"
泉入口,関鉄パープルバス（株）,土浦駅〜高岡〜下妻駅
玉里駅,関鉄グリーンバス（株）,"石岡駅〜小川駅〜茨城空港, 石岡駅〜小川駅〜玉造駅〜新鉾田"
石岡運動公園,関鉄グリーンバス（株）,南台循環線
そ・ら・ら東,関鉄グリーンバス（株）,"新鉾田駅〜鉾田駅〜茨城空港, 鉾田駅〜大和田〜石岡駅"
そ・ら・ら東,小美玉市,空港ルート
田中東,つくば市,北部シャトル
峰,関鉄パープルバス（株）,"下妻駅〜筑波記念病院〜学園並木, 土浦駅〜高岡〜下妻駅"
峰,関東鉄道（株）,"下妻駅〜高道祖〜田中〜北条駅入口〜高岡〜土浦一高前〜土浦駅, 土浦駅〜高岡〜北条駅入口〜田中〜下妻駅, 土浦駅西口〜高岡〜北条駅入口〜下妻駅（パープル）"
北条内町,関東鉄道（株）,"筑波山口〜郡道橋〜北条駅入口〜高岡〜土浦一高前〜土浦駅, 土浦駅〜高岡〜北条駅入口〜筑波山口, 下妻駅〜高道祖〜田中〜北条駅入口〜高岡〜土浦一高前〜土浦駅, 土浦駅〜高岡〜北条駅入口〜田中〜下妻駅, 土浦駅西口〜高岡〜北条駅入口〜下妻駅（パープル）"
北条内町,関鉄パープルバス（株）,土浦駅〜高岡〜下妻駅
玉里工業団地西口,関鉄グリーンバス（株）,"石岡駅〜小川駅〜茨城空港, 石岡駅〜小川駅〜玉造駅〜新鉾田"
東女沼,ジェイアールバス関東（株）,"茨城県古河駅〜大綱, 茨城県古河駅〜駒羽根〜古河駅"
玉里中山,関鉄グリーンバス（株）,石岡駅〜大谷津〜小川駅
公方公園入口,古河市,"西コース, 南コース"
大堤,朝日自動車（株）,【KG01】古河駅西口〜境車庫
せせらぎパーク入口,関鉄グリーンバス（株）,南台循環線
上辺見内手,古河市,総和庁舎・病院コース
玉里運動公園前,関鉄グリーンバス（株）,石岡駅〜大谷津〜小川駅
小川二本松,関鉄グリーンバス（株）,石岡駅〜小川駅〜茨城空港
新高浜駅,関鉄グリーンバス（株）,"石岡駅〜小川駅〜茨城空港, 石岡駅〜小川駅〜玉造駅〜新鉾田"
秋山,関鉄グリーンバス（株）,水戸駅〜海老沢〜役場〜鉾田駅
二高前,関鉄パープルバス（株）,"下妻駅〜筑波記念病院〜学園並木, 土浦駅〜高岡〜下妻駅"
二高前,関東鉄道（株）,"下妻駅〜高道祖〜田中〜北条駅入口〜高岡〜土浦一高前〜土浦駅, 土浦駅〜高岡〜北条駅入口〜田中〜下妻駅, 土浦駅西口〜高岡〜北条駅入口〜下妻駅（パープル）"
北条,関東鉄道（株）,"筑波山口〜郡道橋〜北条駅入口〜高岡〜土浦一高前〜土浦駅, 土浦駅〜高岡〜北条駅入口〜筑波山口, 下妻駅〜高道祖〜田中〜北条駅入口〜高岡〜土浦一高前〜土浦駅, 土浦駅〜高岡〜北条駅入口〜田中〜下妻駅, 土浦駅西口〜高岡〜北条駅入口〜下妻駅（パープル）"
北条,つくば市,つくばね号
北条,関鉄パープルバス（株）,土浦駅〜高岡〜下妻駅
仲町（下妻）,関東鉄道（株）,"下妻駅〜高道祖〜田中〜北条駅入口〜高岡〜土浦一高前〜土浦駅, 土浦駅〜高岡〜北条駅入口〜田中〜下妻駅, 土浦駅西口〜高岡〜北条駅入口〜下妻駅（パープル）"
仲町,関鉄パープルバス（株）,"下妻駅〜筑波記念病院〜学園並木, 土浦駅〜高岡〜下妻駅"
玉里工業団地東口,関鉄グリーンバス（株）,"石岡駅〜小川駅〜茨城空港, 石岡駅〜小川駅〜玉造駅〜新鉾田"
古河市役所,古河市,総和庁舎・病院コース
古河市役所,ジェイアールバス関東（株）,茨城県古河駅〜駒羽根〜古河駅
北条仲町,関東鉄道（株）,"筑波山口〜郡道橋〜北条駅入口〜高岡〜土浦一高前〜土浦駅, 土浦駅〜高岡〜北条駅入口〜筑波山口, 下妻駅〜高道祖〜田中〜北条駅入口〜高岡〜土浦一高前〜土浦駅, 土浦駅〜高岡〜北条駅入口〜田中〜下妻駅, 土浦駅西口〜高岡〜北条駅入口〜下妻駅（パープル）"
北条仲町,つくば市,"小田シャトル, つくばね号"
北条仲町,関鉄パープルバス（株）,土浦駅〜高岡〜下妻駅
小池原,関鉄グリーンバス（株）,土浦駅〜上志筑〜柿岡車庫
大堤新国道,朝日自動車（株）,【KG01】古河駅西口〜境車庫
石岡運動公園南,関鉄グリーンバス（株）,南台循環線
東田中,関鉄グリーンバス（株）,南台循環線
立延,小美玉市,"市内縦断西ルート, 市内縦断中央ルート, 市内縦断東ルート, 通学ルート"
商工会館［古河市］,古河市,総和庁舎・病院コース
商工会館,ジェイアールバス関東（株）,茨城県古河駅〜駒羽根〜古河駅
茨城空港,関鉄グリーンバス（株）,"茨城空港〜奥ノ谷〜水戸駅, 新鉾田駅〜鉾田駅〜茨城空港, 石岡駅〜小川駅〜茨城空港, 百里基地〜茨城空港"
茨城空港,小美玉市,空港ルート
鴻巣,古河市,"南コース, 福祉の森・病院コース"
木ノ内,関鉄グリーンバス（株）,石岡駅〜大谷津〜小川駅
茨木三差路,関鉄グリーンバス（株）,"石岡駅〜上山〜小川駅〜鉾田駅, 鉾田駅〜大和田〜石岡駅"
北条駅入口,関東鉄道（株）,"筑波山口〜郡道橋〜北条駅入口〜高岡〜土浦一高前〜土浦駅, 土浦駅〜高岡〜北条駅入口〜筑波山口, 下妻駅〜高道祖〜田中〜北条駅入口〜高岡〜土浦一高前〜土浦駅, 土浦駅〜高岡〜北条駅入口〜田中〜下妻駅, 土浦駅西口〜高岡〜北条駅入口〜下妻駅（パープル）"
北条駅入口,関鉄パープルバス（株）,土浦駅〜高岡〜下妻駅
女沼仲町,ジェイアールバス関東（株）,"茨城県古河駅〜大綱, 茨城県古河駅〜駒羽根〜古河駅"
旧北条駅入口,つくば市,つくばね号
公方公園前,古河市,西コース
新木ノ内,関鉄グリーンバス（株）,"石岡駅〜小川駅〜茨城空港, 石岡駅〜小川駅〜玉造駅〜新鉾田"
市川,関鉄グリーンバス（株）,"土浦駅〜石岡駅〜石岡二高前, 土浦駅〜土田〜石岡車庫, 土浦駅〜東風高校〜HG美野里"
玉里沼田,関鉄グリーンバス（株）,石岡駅〜大谷津〜小川駅
鴻巣西,古河市,南コース
東田中,関鉄パープルバス（株）,下妻駅〜筑波記念病院〜学園並木
鳥栖寺下,関鉄グリーンバス（株）,"水戸駅〜大和田〜鉾田駅, 鉾田駅〜大和田〜石岡駅"
三桜工業前,古河市,福祉の森・病院コース
四箇村駅,関鉄グリーンバス（株）,"石岡駅〜小川駅〜茨城空港, 石岡駅〜小川駅〜玉造駅〜新鉾田"
総和中学校,ジェイアールバス関東（株）,"茨城県古河駅〜大綱, 茨城県古河駅〜駒羽根〜古河駅"
思案橋,朝日自動車（株）,【KG01】古河駅西口〜境車庫
カスミ筑波店,つくば市,つくばね号
下辺見小学校西,古河市,総和庁舎・病院コース
筑波中央病院,つくば市,つくばね号
グリーンパレス石岡前,関鉄グリーンバス（株）,"石岡駅〜上山〜小川駅〜鉾田駅, 鉾田駅〜大和田〜石岡駅"
山口,つくば市,つくばね号
旧玉里北小学校前,関鉄グリーンバス（株）,"石岡駅〜小川駅〜茨城空港, 石岡駅〜小川駅〜玉造駅〜新鉾田, 石岡駅〜大谷津〜小川駅"
平沢入口,関東鉄道（株）,"筑波山口〜郡道橋〜北条駅入口〜高岡〜土浦一高前〜土浦駅, 土浦駅〜高岡〜北条駅入口〜筑波山口, 下妻駅〜高道祖〜田中〜北条駅入口〜高岡〜土浦一高前〜土浦駅, 土浦駅〜高岡〜北条駅入口〜田中〜下妻駅, 土浦駅西口〜高岡〜北条駅入口〜下妻駅（パープル）"
平沢入口,関鉄パープルバス（株）,土浦駅〜高岡〜下妻駅
北条新町,つくば市,つくばね号
市民研修センター,つくば市,つくばね号
坂上立延,小美玉市,"市内縦断西ルート, 市内縦断中央ルート, 市内縦断東ルート, 通学ルート"
駒羽根西町,ジェイアールバス関東（株）,"茨城県古河駅〜大綱, 茨城県古河駅〜駒羽根〜古河駅"
南田中,関鉄パープルバス（株）,下妻駅〜筑波記念病院〜学園並木
スーパーフレッシュ前,古河市,"南コース, 福祉の森・病院コース"
北条大池・運動公園入口,つくば市,つくばね号
ヤクルト古河南センター前,古河市,西コース
平嶋医院前,ジェイアールバス関東（株）,茨城県古河駅〜駒羽根〜古河駅
外ノ内［小美玉市］,関鉄グリーンバス（株）,"新鉾田駅〜鉾田駅〜茨城空港, 鉾田駅〜大和田〜石岡駅"
外ノ内［小美玉市］,小美玉市,空港ルート
下辺見中坪,古河市,総和庁舎・病院コース
小川上宿,関鉄グリーンバス（株）,石岡駅〜小川駅〜茨城空港
平沢官衙入口,関東鉄道（株）,"筑波山口〜郡道橋〜北条駅入口〜高岡〜土浦一高前〜土浦駅, 土浦駅〜高岡〜北条駅入口〜筑波山口, 下妻駅〜高道祖〜田中〜北条駅入口〜高岡〜土浦一高前〜土浦駅, 土浦駅〜高岡〜北条駅入口〜田中〜下妻駅, 土浦駅西口〜高岡〜北条駅入口〜下妻駅（パープル）"
大池・平沢官衙入口,つくば市,小田シャトル
平沢官衙入口,関鉄パープルバス（株）,土浦駅〜高岡〜下妻駅
安藤整形外科前,古河市,総和庁舎・病院コース
女沼宿,古河市,総和庁舎・病院コース
筑波交流センター,つくば市,"小田シャトル, 北部シャトル, つくばね号"
野寺,関鉄グリーンバス（株）,"土浦駅〜石岡駅〜石岡二高前, 土浦駅〜土田〜石岡車庫, 土浦駅〜東風高校〜HG美野里"
下辺見,朝日自動車（株）,【KG01】古河駅西口〜境車庫
北山田,ジェイアールバス関東（株）,茨城県古河駅〜大綱
山田新町,ジェイアールバス関東（株）,茨城県古河駅〜大綱
女沼向原,古河市,総和庁舎・病院コース
玉里辻,関鉄グリーンバス（株）,"石岡駅〜小川駅〜茨城空港, 石岡駅〜小川駅〜玉造駅〜新鉾田, 石岡駅〜大谷津〜小川駅"
駒羽根,ジェイアールバス関東（株）,茨城県古河駅〜駒羽根〜古河駅
小川中延,小美玉市,"空港ルート, 市内縦断西ルート, 市内縦断中央ルート, 市内縦断東ルート, 通学ルート"
第二中学校前,古河市,南コース
山田十字路,ジェイアールバス関東（株）,茨城県古河駅〜大綱
古河総合病院前,古河市,"西コース, 南コース, 福祉の森・病院コース"
中津川,関鉄グリーンバス（株）,"石岡駅〜上山〜小川駅〜鉾田駅, 鉾田駅〜大和田〜石岡駅"
東駒羽根,ジェイアールバス関東（株）,茨城県古河駅〜駒羽根〜古河駅
小川中央,関鉄グリーンバス（株）,"石岡駅〜小川駅〜茨城空港, 石岡駅〜上山〜小川駅〜鉾田駅, 鉾田駅〜大和田〜石岡駅"
小川中央,小美玉市,空港ルート
西原山,ジェイアールバス関東（株）,茨城県古河駅〜駒羽根〜古河駅
小池,関鉄グリーンバス（株）,土浦駅〜上志筑〜柿岡車庫
東山田,ジェイアールバス関東（株）,茨城県古河駅〜大綱
大池東,関東鉄道（株）,"筑波山口〜郡道橋〜北条駅入口〜高岡〜土浦一高前〜土浦駅, 土浦駅〜高岡〜北条駅入口〜筑波山口, 下妻駅〜高道祖〜田中〜北条駅入口〜高岡〜土浦一高前〜土浦駅, 土浦駅〜高岡〜北条駅入口〜田中〜下妻駅, 土浦駅西口〜高岡〜北条駅入口〜下妻駅（パープル）"
大池東,関鉄パープルバス（株）,土浦駅〜高岡〜下妻駅
飯名,関鉄グリーンバス（株）,水戸駅〜海老沢〜役場〜鉾田駅
田木谷交差点,小美玉市,"空港ルート, 市内縦断西ルート, 市内縦断中央ルート, 市内縦断東ルート, 通学ルート"
平足塚,関鉄グリーンバス（株）,"石岡駅〜上山〜小川駅〜鉾田駅, 鉾田駅〜大和田〜石岡駅"
北山田入口,ジェイアールバス関東（株）,茨城県古河駅〜大綱
辺見橋,朝日自動車（株）,【KG01】古河駅西口〜境車庫
第二中学校南,古河市,南コース
赤松町,古河市,南コース
原山本町,ジェイアールバス関東（株）,茨城県古河駅〜駒羽根〜古河駅
小川橋向,関鉄グリーンバス（株）,"石岡駅〜小川駅〜茨城空港, 石岡駅〜上山〜小川駅〜鉾田駅, 鉾田駅〜大和田〜石岡駅"
駒羽根第一,ジェイアールバス関東（株）,茨城県古河駅〜大綱
小川局前,関鉄グリーンバス（株）,"石岡駅〜上山〜小川駅〜鉾田駅, 鉾田駅〜大和田〜石岡駅"
小川局前,小美玉市,空港ルート
舟塚山古墳入口,関鉄グリーンバス（株）,"石岡駅〜上山〜小川駅〜鉾田駅, 鉾田駅〜大和田〜石岡駅"
田上,関鉄グリーンバス（株）,土浦駅〜上志筑〜柿岡車庫
ニュータウン入口,小美玉市,空港ルート
蔵王,関鉄グリーンバス（株）,"水戸駅〜大和田〜鉾田駅, 鉾田駅〜大和田〜石岡駅"
田木谷,関鉄グリーンバス（株）,"石岡駅〜小川駅〜茨城空港, 石岡駅〜小川駅〜玉造駅〜新鉾田, 石岡駅〜大谷津〜小川駅"
田木谷,小美玉市,"空港ルート, 市内縦断西ルート, 市内縦断中央ルート, 市内縦断東ルート, 通学ルート"
中里,ジェイアールバス関東（株）,茨城県古河駅〜大綱
野寺坂,関鉄グリーンバス（株）,"土浦駅〜石岡駅〜石岡二高前, 土浦駅〜土田〜石岡車庫, 土浦駅〜東風高校〜HG美野里"
磯部,朝日自動車（株）,【KG01】古河駅西口〜境車庫
福祉の森会館［古河市］,古河市,"西コース, 南コース, 福祉の森・病院コース"
柳橋坂上,ジェイアールバス関東（株）,茨城県古河駅〜大綱
柳橋下宿,ジェイアールバス関東（株）,茨城県古河駅〜大綱
柳橋,ジェイアールバス関東（株）,茨城県古河駅〜大綱
総和郵便局,ジェイアールバス関東（株）,茨城県古河駅〜駒羽根〜古河駅
ニュータウン中央,小美玉市,空港ルート
北条新田,つくば市,小田シャトル
小川南小学校前,関鉄グリーンバス（株）,"石岡駅〜上山〜小川駅〜鉾田駅, 鉾田駅〜大和田〜石岡駅"
小川南小学校前,小美玉市,空港ルート
老人福祉センター［古河市］,古河市,"西コース, 南コース, 福祉の森・病院コース"
西大堤,古河市,南コース
東久能,ジェイアールバス関東（株）,茨城県古河駅〜大綱
日本注射針工業前,古河市,"南コース, 福祉の森・病院コース"
久能住宅地,ジェイアールバス関東（株）,"茨城県古河駅〜大綱, 茨城県古河駅〜駒羽根〜古河駅"
大綱,ジェイアールバス関東（株）,茨城県古河駅〜大綱
小川南中前,関鉄グリーンバス（株）,"石岡駅〜上山〜小川駅〜鉾田駅, 鉾田駅〜大和田〜石岡駅"
小川南中学校前,小美玉市,空港ルート
小和田入口,関東鉄道（株）,"筑波山口〜郡道橋〜北条駅入口〜高岡〜土浦一高前〜土浦駅, 土浦駅〜高岡〜北条駅入口〜筑波山口, 下妻駅〜高道祖〜田中〜北条駅入口〜高岡〜土浦一高前〜土浦駅, 土浦駅〜高岡〜北条駅入口〜田中〜下妻駅, 土浦駅西口〜高岡〜北条駅入口〜下妻駅（パープル）"
小和田入口,関鉄パープルバス（株）,土浦駅〜高岡〜下妻駅
久能,ジェイアールバス関東（株）,茨城県古河駅〜大綱
下大野小学校,ジェイアールバス関東（株）,茨城県古河駅〜大綱
配電盤団地,ジェイアールバス関東（株）,"茨城県古河駅〜大綱, 茨城県古河駅〜駒羽根〜古河駅"
小川駅,関鉄グリーンバス（株）,"石岡駅〜小川駅〜茨城空港, 石岡駅〜小川駅〜玉造駅〜新鉾田, 石岡駅〜上山〜小川駅〜鉾田駅, 石岡駅〜大谷津〜小川駅, 鉾田駅〜大和田〜石岡駅"
小川駅,小美玉市,"空港ルート, 市内縦断西ルート, 市内縦断中央ルート, 市内縦断東ルート, 通学ルート"
三和郵便局入口,古河市,"南コース, 福祉の森・病院コース"
高浜踏切前,関鉄グリーンバス（株）,"石岡駅〜上山〜小川駅〜鉾田駅, 鉾田駅〜大和田〜石岡駅"
北山木,関鉄パープルバス（株）,下妻駅〜筑波記念病院〜学園並木
企業団地入口,古河市,"南コース, 福祉の森・病院コース"
ネーブルパーク前,ジェイアールバス関東（株）,茨城県古河駅〜大綱
ニュータウン公民館,小美玉市,空港ルート
川中子入口,関鉄グリーンバス（株）,石岡駅〜小川駅〜玉造駅〜新鉾田
久能新田北,ジェイアールバス関東（株）,茨城県古河駅〜駒羽根〜古河駅
小塙［小美玉市］,関鉄グリーンバス（株）,"石岡駅〜上山〜小川駅〜鉾田駅, 鉾田駅〜大和田〜石岡駅"
小塙［小美玉市］,小美玉市,空港ルート
薬師公園,ジェイアールバス関東（株）,"茨城県古河駅〜大綱, 茨城県古河駅〜駒羽根〜古河駅"
中根原,小美玉市,空港ルート
上玉里,小美玉市,"市内縦断西ルート, 市内縦断中央ルート, 市内縦断東ルート, 通学ルート"
新里,関鉄グリーンバス（株）,"水戸駅〜大和田〜鉾田駅, 鉾田駅〜大和田〜石岡駅"
下土田,関鉄グリーンバス（株）,"土浦駅〜石岡駅〜石岡二高前, 土浦駅〜土田〜石岡車庫, 土浦駅〜東風高校〜HG美野里"
田中台入口,小美玉市,空港ルート
川戸入口,関鉄グリーンバス（株）,"新鉾田駅〜鉾田駅〜茨城空港, 鉾田駅〜大和田〜石岡駅"
高浜学校下,関鉄グリーンバス（株）,"石岡駅〜上山〜小川駅〜鉾田駅, 鉾田駅〜大和田〜石岡駅"
坂間自治会議所入口,古河市,"南コース, 福祉の森・病院コース"
茶屋新田,古河市,"南コース, 福祉の森・病院コース"
久能新田中,ジェイアールバス関東（株）,茨城県古河駅〜駒羽根〜古河駅
東上町,関鉄グリーンバス（株）,"石岡駅〜上山〜小川駅〜鉾田駅, 鉾田駅〜大和田〜石岡駅"
高浜駅,関鉄グリーンバス（株）,"石岡駅〜上山〜小川駅〜鉾田駅, 鉾田駅〜大和田〜石岡駅"
山木,関鉄パープルバス（株）,下妻駅〜筑波記念病院〜学園並木
山木,つくば市,北部シャトル
上佐谷,関鉄グリーンバス（株）,土浦駅〜上志筑〜柿岡車庫
下玉里入口,関鉄グリーンバス（株）,"石岡駅〜小川駅〜玉造駅〜新鉾田, 石岡駅〜上山〜小川駅〜鉾田駅, 鉾田駅〜大和田〜石岡駅"
下玉里入口,小美玉市,"市内縦断西ルート, 市内縦断中央ルート, 市内縦断東ルート, 通学ルート"
総和中央病院前,ジェイアールバス関東（株）,"茨城県古河駅〜大綱, 茨城県古河駅〜駒羽根〜古河駅"
北条新田入口,関東鉄道（株）,"筑波山口〜郡道橋〜北条駅入口〜高岡〜土浦一高前〜土浦駅, 土浦駅〜高岡〜北条駅入口〜筑波山口, 下妻駅〜高道祖〜田中〜北条駅入口〜高岡〜土浦一高前〜土浦駅, 土浦駅〜高岡〜北条駅入口〜田中〜下妻駅, 土浦駅西口〜高岡〜北条駅入口〜下妻駅（パープル）"
北条新田入口,関鉄パープルバス（株）,土浦駅〜高岡〜下妻駅
総和南中学校,ジェイアールバス関東（株）,茨城県古河駅〜大綱
高浜公民館前,関鉄グリーンバス（株）,"石岡駅〜上山〜小川駅〜鉾田駅, 鉾田駅〜大和田〜石岡駅"
せせらぎ第4,ジェイアールバス関東（株）,茨城県古河駅〜駒羽根〜古河駅
寄居,関鉄グリーンバス（株）,"水戸駅〜大和田〜鉾田駅, 鉾田駅〜大和田〜石岡駅"
高浜中央,関鉄グリーンバス（株）,"石岡駅〜上山〜小川駅〜鉾田駅, 鉾田駅〜大和田〜石岡駅"
北部工業団地和台公園,つくば市,作岡シャトル
中磯部,朝日自動車（株）,【KG01】古河駅西口〜境車庫
玉里総合支所,小美玉市,"市内縦断西ルート, 市内縦断中央ルート, 市内縦断東ルート, 通学ルート"
玉里支所入口,関鉄グリーンバス（株）,"石岡駅〜小川駅〜玉造駅〜新鉾田, 石岡駅〜上山〜小川駅〜鉾田駅, 鉾田駅〜大和田〜石岡駅"
小塙入口,関鉄グリーンバス（株）,"石岡駅〜上山〜小川駅〜鉾田駅, 鉾田駅〜大和田〜石岡駅"
小塙入口,小美玉市,空港ルート
けやき平入口,古河市,"南コース, 福祉の森・病院コース"
羽木上,関鉄グリーンバス（株）,"石岡駅〜上山〜小川駅〜鉾田駅, 鉾田駅〜大和田〜石岡駅"
団地東第2,ジェイアールバス関東（株）,茨城県古河駅〜駒羽根〜古河駅
上沢入口,関鉄パープルバス（株）,下妻駅〜筑波記念病院〜学園並木
駒羽根団地,ジェイアールバス関東（株）,茨城県古河駅〜大綱
高崎西,関鉄グリーンバス（株）,"石岡駅〜上山〜小川駅〜鉾田駅, 鉾田駅〜大和田〜石岡駅"
せせらぎ第6,ジェイアールバス関東（株）,茨城県古河駅〜駒羽根〜古河駅
旧小川高校下,関鉄グリーンバス（株）,石岡駅〜小川駅〜玉造駅〜新鉾田
幡谷,関鉄グリーンバス（株）,"石岡駅〜上山〜小川駅〜鉾田駅, 鉾田駅〜大和田〜石岡駅"
幡谷,小美玉市,空港ルート
けやき平公園前,古河市,南コース
玉里学園,関鉄グリーンバス（株）,石岡駅〜小川駅〜玉造駅〜新鉾田
上与沢,関鉄グリーンバス（株）,"新鉾田駅〜鉾田駅〜茨城空港, 石岡駅〜上山〜小川駅〜鉾田駅, 鉾田駅〜大和田〜石岡駅"
団地東第3,ジェイアールバス関東（株）,茨城県古河駅〜駒羽根〜古河駅
中田踏切北,古河市,"南コース, 福祉の森・病院コース"
羽木上東,関鉄グリーンバス（株）,"石岡駅〜上山〜小川駅〜鉾田駅, 鉾田駅〜大和田〜石岡駅"
筑波北部工業団地東,関東鉄道（株）,"土浦駅東口〜吾妻〜つくばセンター〜高エネ研〜テクノパーク大穂, つくばセンター〜高エネ研〜テクノパーク大穂, つくばセンター〜天久保三〜テクノパーク大穂"
旧橘小学校前,関鉄グリーンバス（株）,"新鉾田駅〜鉾田駅〜茨城空港, 石岡駅〜上山〜小川駅〜鉾田駅"
久能新田,ジェイアールバス関東（株）,茨城県古河駅〜駒羽根〜古河駅
土田,関鉄グリーンバス（株）,"土浦駅〜石岡駅〜石岡二高前, 土浦駅〜土田〜石岡車庫, 土浦駅〜東風高校〜HG美野里"
松山,関鉄グリーンバス（株）,"石岡駅〜上山〜小川駅〜鉾田駅, 鉾田駅〜大和田〜石岡駅"
駒羽根小,ジェイアールバス関東（株）,茨城県古河駅〜駒羽根〜古河駅
つくばウェルネスパーク,つくば市,北部シャトル
上佐谷入口,関鉄グリーンバス（株）,土浦駅〜上志筑〜柿岡車庫
つくばウエルネスパーク入口,関東鉄道（株）,"土浦駅東口〜吾妻〜つくばセンター〜高エネ研〜テクノパーク大穂, つくばセンター〜高エネ研〜テクノパーク大穂, つくばセンター〜天久保三〜テクノパーク大穂"
中田踏切,古河市,南コース
高崎,関鉄グリーンバス（株）,"石岡駅〜上山〜小川駅〜鉾田駅, 鉾田駅〜大和田〜石岡駅"
当間,関鉄グリーンバス（株）,"水戸駅〜大和田〜鉾田駅, 鉾田駅〜大和田〜石岡駅"
鉾田市役所前,関鉄グリーンバス（株）,"新鉾田駅〜鉾田駅〜茨城空港, 石岡駅〜小川駅〜玉造駅〜新鉾田"
筑波北部工業団地北,関東鉄道（株）,"土浦駅東口〜吾妻〜つくばセンター〜高エネ研〜テクノパーク大穂, つくばセンター〜高エネ研〜テクノパーク大穂, つくばセンター〜天久保三〜テクノパーク大穂"
借宿神社前,関鉄グリーンバス（株）,"新鉾田駅〜鉾田駅〜茨城空港, 石岡駅〜小川駅〜玉造駅〜新鉾田, 石岡駅〜上山〜小川駅〜鉾田駅"
国立公文書館つくば分館,関東鉄道（株）,"土浦駅東口〜吾妻〜つくばセンター〜高エネ研〜テクノパーク大穂, つくばセンター〜高エネ研〜テクノパーク大穂, つくばセンター〜天久保三〜テクノパーク大穂"
総和福祉センター,ジェイアールバス関東（株）,茨城県古河駅〜駒羽根〜古河駅
警察署前,関鉄グリーンバス（株）,水戸駅〜海老沢〜役場〜鉾田駅
新当間,関鉄グリーンバス（株）,"新鉾田駅〜鉾田駅〜茨城空港, 石岡駅〜小川駅〜玉造駅〜新鉾田, 石岡駅〜上山〜小川駅〜鉾田駅"
西町入口,関東鉄道（株）,"筑波山口〜郡道橋〜北条駅入口〜高岡〜土浦一高前〜土浦駅, 土浦駅〜高岡〜北条駅入口〜筑波山口, 下妻駅〜高道祖〜田中〜北条駅入口〜高岡〜土浦一高前〜土浦駅, 土浦駅〜高岡〜北条駅入口〜田中〜下妻駅, 土浦駅西口〜高岡〜北条駅入口〜下妻駅（パープル）"
西町入口,関鉄パープルバス（株）,土浦駅〜高岡〜下妻駅
借宿,関鉄グリーンバス（株）,"新鉾田駅〜鉾田駅〜茨城空港, 石岡駅〜小川駅〜玉造駅〜新鉾田, 石岡駅〜上山〜小川駅〜鉾田駅"
古河三高,古河市,"南コース, 福祉の森・病院コース"
下馬場,関鉄グリーンバス（株）,石岡駅〜小川駅〜玉造駅〜新鉾田
車作,関鉄グリーンバス（株）,"水戸駅〜大和田〜鉾田駅, 鉾田駅〜大和田〜石岡駅"
団地東第9,ジェイアールバス関東（株）,茨城県古河駅〜駒羽根〜古河駅
高校入口東（鉾田）,関鉄グリーンバス（株）,"新鉾田駅〜鉾田駅〜茨城空港, 石岡駅〜小川駅〜玉造駅〜新鉾田"
上土田,関鉄グリーンバス（株）,"土浦駅〜石岡駅〜石岡二高前, 土浦駅〜土田〜石岡車庫, 土浦駅〜東風高校〜HG美野里"
北利根工業団地,ジェイアールバス関東（株）,茨城県古河駅〜駒羽根〜古河駅
北部工業団地入口,関鉄パープルバス（株）,下妻駅〜筑波記念病院〜学園並木
北部工業団地入口,関東鉄道（株）,"土浦駅東口〜吾妻〜つくばセンター〜高エネ研〜テクノパーク大穂, つくばセンター〜高エネ研〜テクノパーク大穂, つくばセンター〜天久保三〜テクノパーク大穂"
健康の駅,ジェイアールバス関東（株）,茨城県古河駅〜駒羽根〜古河駅
新車作,関鉄グリーンバス（株）,"新鉾田駅〜鉾田駅〜茨城空港, 石岡駅〜小川駅〜玉造駅〜新鉾田, 石岡駅〜上山〜小川駅〜鉾田駅"
高校入口,関鉄グリーンバス（株）,石岡駅〜上山〜小川駅〜鉾田駅
つくば国際大学東風高校,関鉄グリーンバス（株）,土浦駅〜東風高校〜HG美野里
つくば国際大学東風高校,関鉄観光バス（株）,"神立駅〜下稲荷十字路〜つくば国際大学東風高校, 神立駅〜つくば国際大学東風高校（直行）"
釈迦,朝日自動車（株）,【KG01】古河駅西口〜境車庫
小田,関東鉄道（株）,"筑波山口〜郡道橋〜北条駅入口〜高岡〜土浦一高前〜土浦駅, 土浦駅〜高岡〜北条駅入口〜筑波山口, 下妻駅〜高道祖〜田中〜北条駅入口〜高岡〜土浦一高前〜土浦駅, 土浦駅〜高岡〜北条駅入口〜田中〜下妻駅, 土浦駅西口〜高岡〜北条駅入口〜下妻駅（パープル）"
小田,関鉄パープルバス（株）,土浦駅〜高岡〜下妻駅
ダイセー倉庫前,古河市,"南コース, 福祉の森・病院コース"
坂戸中央,関鉄グリーンバス（株）,"新鉾田駅〜鉾田駅〜茨城空港, 水戸駅〜大和田〜鉾田駅, 石岡駅〜小川駅〜玉造駅〜新鉾田, 石岡駅〜上山〜小川駅〜鉾田駅, 鉾田駅〜大和田〜石岡駅"
西町,関鉄グリーンバス（株）,水戸駅〜海老沢〜役場〜鉾田駅
筑波北部工業団地中央,関東鉄道（株）,"土浦駅東口〜吾妻〜つくばセンター〜高エネ研〜テクノパーク大穂, つくばセンター〜高エネ研〜テクノパーク大穂, つくばセンター〜天久保三〜テクノパーク大穂"
北部工業団地中央,つくば市,作岡シャトル
小田中部,つくば市,小田シャトル
借宿原,関鉄グリーンバス（株）,"新鉾田駅〜鉾田駅〜茨城空港, 石岡駅〜小川駅〜玉造駅〜新鉾田, 石岡駅〜上山〜小川駅〜鉾田駅"
下与沢,関鉄グリーンバス（株）,"新鉾田駅〜鉾田駅〜茨城空港, 石岡駅〜上山〜小川駅〜鉾田駅"
釈迦小入口,朝日自動車（株）,【KG01】古河駅西口〜境車庫
第四小学校前,古河市,"南コース, 福祉の森・病院コース"
清水丘診療所前,（株）昭和観光自動車,清水丘内野山線
鉾田小学校下,関鉄グリーンバス（株）,石岡駅〜上山〜小川駅〜鉾田駅
スエオカハーベスト前,古河市,"南コース, 福祉の森・病院コース"
筑波北部工業団地,関東鉄道（株）,"土浦駅東口〜吾妻〜つくばセンター〜高エネ研〜テクノパーク大穂, つくばセンター〜高エネ研〜テクノパーク大穂, つくばセンター〜天久保三〜テクノパーク大穂"
鉾田駅,関鉄グリーンバス（株）,"新鉾田駅〜鉾田駅〜茨城空港, 水戸駅〜海老沢〜役場〜鉾田駅, 水戸駅〜大和田〜鉾田駅, 石岡駅〜小川駅〜玉造駅〜新鉾田, 石岡駅〜上山〜小川駅〜鉾田駅, 鉾田駅〜大和田〜石岡駅"
下佐谷,関鉄グリーンバス（株）,土浦駅〜上志筑〜柿岡車庫
ほっとパーク鉾田入口,関鉄グリーンバス（株）,"新鉾田駅〜鉾田駅〜茨城空港, 水戸駅〜大和田〜鉾田駅, 石岡駅〜小川駅〜玉造駅〜新鉾田, 石岡駅〜上山〜小川駅〜鉾田駅, 鉾田駅〜大和田〜石岡駅"
筑波北部工業団地南,関東鉄道（株）,"土浦駅東口〜吾妻〜つくばセンター〜高エネ研〜テクノパーク大穂, つくばセンター〜高エネ研〜テクノパーク大穂, つくばセンター〜天久保三〜テクノパーク大穂"
大峰,関鉄グリーンバス（株）,"新鉾田駅〜鉾田駅〜茨城空港, 石岡駅〜小川駅〜玉造駅〜新鉾田, 石岡駅〜上山〜小川駅〜鉾田駅"
新町,関鉄グリーンバス（株）,"新鉾田駅〜鉾田駅〜茨城空港, 石岡駅〜小川駅〜玉造駅〜新鉾田, 石岡駅〜上山〜小川駅〜鉾田駅"
塔ケ崎西,関鉄グリーンバス（株）,"新鉾田駅〜鉾田駅〜茨城空港, 水戸駅〜大和田〜鉾田駅, 石岡駅〜小川駅〜玉造駅〜新鉾田, 石岡駅〜上山〜小川駅〜鉾田駅, 鉾田駅〜大和田〜石岡駅"
千代田庁舎,関鉄グリーンバス（株）,土浦駅〜東風高校〜HG美野里
千代田庁舎,関鉄観光バス（株）,神立駅〜下稲荷十字路〜つくば国際大学東風高校
塔ケ崎,関鉄グリーンバス（株）,"新鉾田駅〜鉾田駅〜茨城空港, 水戸駅〜大和田〜鉾田駅, 石岡駅〜小川駅〜玉造駅〜新鉾田, 石岡駅〜上山〜小川駅〜鉾田駅, 鉾田駅〜大和田〜石岡駅"
千代田庁舎前,関鉄グリーンバス（株）,"土浦駅〜石岡駅〜石岡二高前, 土浦駅〜土田〜石岡車庫, 土浦駅〜東風高校〜HG美野里"
隣保館,古河市,"南コース, 福祉の森・病院コース"
新道塔ケ崎,関鉄グリーンバス（株）,"新鉾田駅〜鉾田駅〜茨城空港, 水戸駅〜大和田〜鉾田駅, 石岡駅〜小川駅〜玉造駅〜新鉾田, 石岡駅〜上山〜小川駅〜鉾田駅, 鉾田駅〜大和田〜石岡駅"
佐入口,関鉄パープルバス（株）,下妻駅〜筑波記念病院〜学園並木
佐入口,関東鉄道（株）,"土浦駅東口〜吾妻〜つくばセンター〜高エネ研〜テクノパーク大穂, つくばセンター〜高エネ研〜テクノパーク大穂, つくばセンター〜天久保三〜テクノパーク大穂"
沖洲,関鉄グリーンバス（株）,石岡駅〜小川駅〜玉造駅〜新鉾田
新鉾田駅,関鉄グリーンバス（株）,"新鉾田駅〜鉾田駅〜茨城空港, 石岡駅〜小川駅〜玉造駅〜新鉾田"
小田東部,つくば市,小田シャトル
本町,関鉄グリーンバス（株）,"新鉾田駅〜鉾田駅〜茨城空港, 石岡駅〜小川駅〜玉造駅〜新鉾田, 石岡駅〜上山〜小川駅〜鉾田駅"
つくばテクノパーク大穂北,関東鉄道（株）,"土浦駅東口〜吾妻〜つくばセンター〜高エネ研〜テクノパーク大穂, つくばセンター〜高エネ研〜テクノパーク大穂, つくばセンター〜天久保三〜テクノパーク大穂"
向新田,朝日自動車（株）,【KG01】古河駅西口〜境車庫
東陣屋,関鉄グリーンバス（株）,"新鉾田駅〜鉾田駅〜茨城空港, 石岡駅〜上山〜小川駅〜鉾田駅"
テクノパーク大穂,つくば市,作岡シャトル
中田八幡前,古河市,"南コース, 福祉の森・病院コース"
宝篋山入口,関東鉄道（株）,"筑波山口〜郡道橋〜北条駅入口〜高岡〜土浦一高前〜土浦駅, 土浦駅〜高岡〜北条駅入口〜筑波山口, 下妻駅〜高道祖〜田中〜北条駅入口〜高岡〜土浦一高前〜土浦駅, 土浦駅〜高岡〜北条駅入口〜田中〜下妻駅, 土浦駅西口〜高岡〜北条駅入口〜下妻駅（パープル）"
宝篋山入口,関鉄パープルバス（株）,土浦駅〜高岡〜下妻駅
陣屋,関鉄グリーンバス（株）,"新鉾田駅〜鉾田駅〜茨城空港, 石岡駅〜上山〜小川駅〜鉾田駅"
上山西,関鉄グリーンバス（株）,"新鉾田駅〜鉾田駅〜茨城空港, 石岡駅〜上山〜小川駅〜鉾田駅"
論山,関鉄グリーンバス（株）,"新鉾田駅〜鉾田駅〜茨城空港, 石岡駅〜小川駅〜玉造駅〜新鉾田, 石岡駅〜上山〜小川駅〜鉾田駅"
上山,関鉄グリーンバス（株）,"新鉾田駅〜鉾田駅〜茨城空港, 石岡駅〜小川駅〜玉造駅〜新鉾田, 石岡駅〜上山〜小川駅〜鉾田駅"
下佐谷入口,関鉄グリーンバス（株）,土浦駅〜上志筑〜柿岡車庫
大山2丁目,古河市,南コース
下之内,関鉄グリーンバス（株）,"新鉾田駅〜鉾田駅〜茨城空港, 石岡駅〜上山〜小川駅〜鉾田駅"
大山一丁目,古河市,福祉の森・病院コース
倉数,関鉄グリーンバス（株）,"新鉾田駅〜鉾田駅〜茨城空港, 石岡駅〜上山〜小川駅〜鉾田駅"
高エネルギー加速器研究機構,関東鉄道（株）,"土浦駅東口〜吾妻〜つくばセンター〜高エネ研〜テクノパーク大穂, つくばセンター〜高エネ研〜テクノパーク大穂, つくばセンター〜天久保三〜テクノパーク大穂"
高エネルギー加速器研究機構,つくば市,北部シャトル
高エネルギー加速器研究機構,関鉄パープルバス（株）,下妻駅〜筑波記念病院〜学園並木
中田萬福寺,古河市,福祉の森・病院コース
小田今宿,関東鉄道（株）,"筑波山口〜郡道橋〜北条駅入口〜高岡〜土浦一高前〜土浦駅, 土浦駅〜高岡〜北条駅入口〜筑波山口, 下妻駅〜高道祖〜田中〜北条駅入口〜高岡〜土浦一高前〜土浦駅, 土浦駅〜高岡〜北条駅入口〜田中〜下妻駅, 土浦駅西口〜高岡〜北条駅入口〜下妻駅（パープル）"
小田今宿,関鉄パープルバス（株）,土浦駅〜高岡〜下妻駅
中田自治会館前,古河市,"南コース, 福祉の森・病院コース"
中佐谷,関鉄グリーンバス（株）,土浦駅〜上志筑〜柿岡車庫
倉数大橋,関鉄グリーンバス（株）,"新鉾田駅〜鉾田駅〜茨城空港, 石岡駅〜上山〜小川駅〜鉾田駅"
つくばテクノパーク大穂中央,関東鉄道（株）,"土浦駅東口〜吾妻〜つくばセンター〜高エネ研〜テクノパーク大穂, つくばセンター〜高エネ研〜テクノパーク大穂, つくばセンター〜天久保三〜テクノパーク大穂"
上新田前,（株）昭和観光自動車,清水丘内野山線
沖洲陸橋,関鉄グリーンバス（株）,石岡駅〜小川駅〜玉造駅〜新鉾田
大砂ニュータウン,つくば市,作岡シャトル
町水海,朝日自動車（株）,【KG01】古河駅西口〜境車庫
上山郵便局前,関鉄グリーンバス（株）,石岡駅〜小川駅〜玉造駅〜新鉾田
利根川橋下,古河市,南コース
中田陸橋脇,古河市,南コース
小田入口,関東鉄道（株）,"筑波山口〜郡道橋〜北条駅入口〜高岡〜土浦一高前〜土浦駅, 土浦駅〜高岡〜北条駅入口〜筑波山口, 下妻駅〜高道祖〜田中〜北条駅入口〜高岡〜土浦一高前〜土浦駅, 土浦駅〜高岡〜北条駅入口〜田中〜下妻駅, 土浦駅西口〜高岡〜北条駅入口〜下妻駅（パープル）"
小田入口,関鉄パープルバス（株）,土浦駅〜高岡〜下妻駅
つくばテクノパーク大穂,関東鉄道（株）,"土浦駅東口〜吾妻〜つくばセンター〜高エネ研〜テクノパーク大穂, つくばセンター〜高エネ研〜テクノパーク大穂, つくばセンター〜天久保三〜テクノパーク大穂"
香取神社入口［大山3丁目］,古河市,南コース
利根川橋東詰,古河市,南コース
西高野,つくば市,吉沼シャトル
吉沼,つくば市,吉沼シャトル
吉沼四ツ角,つくば市,吉沼シャトル
北太田,つくば市,小田シャトル
小松工務店前,古河市,南コース
下稲吉,関鉄グリーンバス（株）,"土浦駅〜石岡駅〜石岡二高前, 土浦駅〜土田〜石岡車庫, 土浦駅〜東風高校〜HG美野里"
下稲吉,関鉄観光バス（株）,神立駅〜下稲荷十字路〜つくば国際大学東風高校
大形入口,関東鉄道（株）,"筑波山口〜郡道橋〜北条駅入口〜高岡〜土浦一高前〜土浦駅, 土浦駅〜高岡〜北条駅入口〜筑波山口, 下妻駅〜高道祖〜田中〜北条駅入口〜高岡〜土浦一高前〜土浦駅, 土浦駅〜高岡〜北条駅入口〜田中〜下妻駅, 土浦駅西口〜高岡〜北条駅入口〜下妻駅（パープル）"
大形入口,関鉄パープルバス（株）,土浦駅〜高岡〜下妻駅
沼の田前,（株）昭和観光自動車,清水丘内野山線
水海寺前,朝日自動車（株）,【KG01】古河駅西口〜境車庫
桃浦,関鉄グリーンバス（株）,石岡駅〜小川駅〜玉造駅〜新鉾田
大砂,つくば市,吉沼シャトル
中田集会所前,古河市,南コース
西大形,関東鉄道（株）,"筑波山口〜郡道橋〜北条駅入口〜高岡〜土浦一高前〜土浦駅, 土浦駅〜高岡〜北条駅入口〜筑波山口, 下妻駅〜高道祖〜田中〜北条駅入口〜高岡〜土浦一高前〜土浦駅, 土浦駅〜高岡〜北条駅入口〜田中〜下妻駅, 土浦駅西口〜高岡〜北条駅入口〜下妻駅（パープル）"
西大形,関鉄パープルバス（株）,土浦駅〜高岡〜下妻駅
七会小学校入口,関鉄グリーンバス（株）,土浦駅〜上志筑〜柿岡車庫
上山南,関鉄グリーンバス（株）,石岡駅〜小川駅〜玉造駅〜新鉾田
羽生南,関鉄グリーンバス（株）,石岡駅〜小川駅〜玉造駅〜新鉾田
吉沼南,つくば市,吉沼シャトル
いちはら病院,関鉄パープルバス（株）,下妻駅〜筑波記念病院〜学園並木
いちはら病院,関東鉄道（株）,"土浦駅東口〜吾妻〜つくばセンター〜高エネ研〜テクノパーク大穂, つくばセンター〜高エネ研〜テクノパーク大穂, つくばセンター〜天久保三〜テクノパーク大穂"
大山児童公園入口,古河市,南コース
下稲吉十字路,関鉄観光バス（株）,神立駅〜下稲荷十字路〜つくば国際大学東風高校
下稲吉十字路,関鉄グリーンバス（株）,"土浦駅〜石岡駅〜石岡二高前, 土浦駅〜土田〜石岡車庫, 土浦駅〜東風高校〜HG美野里"
新田水海,朝日自動車（株）,【KG01】古河駅西口〜境車庫
大形,関東鉄道（株）,"筑波山口〜郡道橋〜北条駅入口〜高岡〜土浦一高前〜土浦駅, 土浦駅〜高岡〜北条駅入口〜筑波山口, 下妻駅〜高道祖〜田中〜北条駅入口〜高岡〜土浦一高前〜土浦駅, 土浦駅〜高岡〜北条駅入口〜田中〜下妻駅, 土浦駅西口〜高岡〜北条駅入口〜下妻駅（パープル）"
大形,つくば市,小田シャトル
大形,関鉄パープルバス（株）,土浦駅〜高岡〜下妻駅
長高野西,つくば市,作岡シャトル
大砂・今鹿島入口,つくば市,吉沼シャトル
鈴木建工前［大山4丁目］,古河市,南コース
長高野,つくば市,吉沼シャトル
下新田広場前,（株）昭和観光自動車,清水丘内野山線
前野小学校入口,つくば市,吉沼シャトル
西坪広場前,（株）昭和観光自動車,西坪生子線
南大形,関東鉄道（株）,"筑波山口〜郡道橋〜北条駅入口〜高岡〜土浦一高前〜土浦駅, 土浦駅〜高岡〜北条駅入口〜筑波山口, 下妻駅〜高道祖〜田中〜北条駅入口〜高岡〜土浦一高前〜土浦駅, 土浦駅〜高岡〜北条駅入口〜田中〜下妻駅, 土浦駅西口〜高岡〜北条駅入口〜下妻駅（パープル）"
南大形,関鉄パープルバス（株）,土浦駅〜高岡〜下妻駅
大穂窓口センター西,関鉄パープルバス（株）,下妻駅〜筑波記念病院〜学園並木
大穂窓口センター入口,関東鉄道（株）,"土浦駅東口〜吾妻〜つくばセンター〜高エネ研〜テクノパーク大穂, つくばセンター〜高エネ研〜テクノパーク大穂, つくばセンター〜天久保三〜テクノパーク大穂"
下稲吉横町,関鉄観光バス（株）,神立駅〜下稲荷十字路〜つくば国際大学東風高校
下大島,つくば市,小田シャトル
西山,関鉄グリーンバス（株）,"土浦駅〜石岡駅〜石岡二高前, 土浦駅〜土田〜石岡車庫, 土浦駅〜東風高校〜HG美野里"
大穂窓口センター,つくば市,"吉沼シャトル, 小田シャトル, 北部シャトル"
上稲吉,関鉄グリーンバス（株）,土浦駅〜上志筑〜柿岡車庫
高野,朝日自動車（株）,【KG01】古河駅西口〜境車庫
篠崎,つくば市,吉沼シャトル
今鹿島北,つくば市,作岡シャトル
逆井山郵便局前,（株）昭和観光自動車,西坪生子線
笄崎,関鉄観光バス（株）,神立駅〜下稲荷十字路〜つくば国際大学東風高校
下大島,関東鉄道（株）,"筑波山口〜郡道橋〜北条駅入口〜高岡〜土浦一高前〜土浦駅, 土浦駅〜高岡〜北条駅入口〜筑波山口, 下妻駅〜高道祖〜田中〜北条駅入口〜高岡〜土浦一高前〜土浦駅, 土浦駅〜高岡〜北条駅入口〜田中〜下妻駅, 土浦駅西口〜高岡〜北条駅入口〜下妻駅（パープル）"
下大島,関鉄パープルバス（株）,土浦駅〜高岡〜下妻駅
玉造中山,関鉄グリーンバス（株）,石岡駅〜小川駅〜玉造駅〜新鉾田
逆井山小学校前,（株）昭和観光自動車,西坪生子線
西山南,関鉄グリーンバス（株）,"土浦駅〜石岡駅〜石岡二高前, 土浦駅〜土田〜石岡車庫, 土浦駅〜東風高校〜HG美野里"
八木蒔,関鉄グリーンバス（株）,石岡駅〜小川駅〜玉造駅〜新鉾田
三輪眼科,関鉄グリーンバス（株）,千代田神立ライン
笄崎団地,関鉄観光バス（株）,"土浦駅〜大塚団地〜神立駅, 土浦駅〜真鍋新町中央・大塚団地〜神立駅, 土浦駅〜大塚団地・神立駅〜土浦湖北高校"
塚崎六軒,朝日自動車（株）,【KG01】古河駅西口〜境車庫
大原入口,関鉄観光バス（株）,"土浦駅〜大塚団地〜神立駅, 土浦駅〜真鍋新町中央・大塚団地〜神立駅, 神立駅〜下稲荷十字路〜つくば国際大学東風高校, 土浦駅〜大塚団地・神立駅〜土浦湖北高校"
前山十字路前,（株）昭和観光自動車,"西坪生子線, 清水丘内野山線"
角来,関鉄グリーンバス（株）,千代田神立ライン
大塚団地入口,関鉄観光バス（株）,"土浦駅〜大塚団地〜神立駅, 土浦駅〜真鍋新町中央・大塚団地〜神立駅, 土浦駅〜大塚団地・神立駅〜土浦湖北高校"
大塚団地入口,関鉄グリーンバス（株）,千代田神立ライン
坂東総合高等学校入口前,（株）昭和観光自動車,西坪生子線
建築研究所,関東鉄道（株）,"ひたち野うしく駅〜つくばセンター〜建築研究所, 荒川沖駅西口〜竹園二丁目〜つくばセンター〜建築研究所, つくばセンター〜春日三丁目〜建築研究所"
教職員支援機構,関東鉄道（株）,"ひたち野うしく駅〜つくばセンター〜建築研究所, 荒川沖駅西口〜竹園二丁目〜つくばセンター〜建築研究所, つくばセンター〜春日三丁目〜建築研究所"
教職員支援機構,つくば市,吉沼シャトル
教職員支援機構,関鉄パープルバス（株）,下妻駅〜筑波記念病院〜学園並木
大塚団地,関鉄観光バス（株）,"土浦駅〜大塚団地〜神立駅, 土浦駅〜真鍋新町中央・大塚団地〜神立駅, 土浦駅〜大塚団地・神立駅〜土浦湖北高校"
大塚団地,関鉄グリーンバス（株）,千代田神立ライン
大塚団地,かすみがうら市,千代田神立ライン
花畑一丁目,関東鉄道（株）,"土浦駅東口〜吾妻〜つくばセンター〜高エネ研〜テクノパーク大穂, つくばセンター〜高エネ研〜テクノパーク大穂, つくばセンター〜天久保三〜テクノパーク大穂"
清水北,関鉄グリーンバス（株）,"土浦駅〜石岡駅〜石岡二高前, 土浦駅〜土田〜石岡車庫, 土浦駅〜東風高校〜HG美野里"
高岡（土浦）,関東鉄道（株）,"筑波山口〜郡道橋〜北条駅入口〜高岡〜土浦一高前〜土浦駅, 土浦駅〜高岡〜北条駅入口〜筑波山口, 下妻駅〜高道祖〜田中〜北条駅入口〜高岡〜土浦一高前〜土浦駅, 土浦駅〜高岡〜北条駅入口〜田中〜下妻駅, 土浦駅西口〜亀城公園前〜土浦一高前〜高岡, 土浦駅西口〜亀城公園前〜土浦一高前〜さんあぴお〜高岡, 土浦駅西口〜高岡〜北条駅入口〜下妻駅（パープル）"
高岡,関鉄パープルバス（株）,土浦駅〜高岡〜下妻駅
中登商店前,（株）昭和観光自動車,西坪生子線
大塚南,関鉄観光バス（株）,"土浦駅〜大塚団地〜神立駅, 土浦駅〜真鍋新町中央・大塚団地〜神立駅, 土浦駅〜大塚団地・神立駅〜土浦湖北高校"
大塚南,関鉄グリーンバス（株）,千代田神立ライン
大塚南,かすみがうら市,千代田神立ライン
東下原,関鉄観光バス（株）,"土浦駅〜大塚団地〜神立駅, 土浦駅〜真鍋新町中央・大塚団地〜神立駅, 神立駅〜下稲荷十字路〜つくば国際大学東風高校, 土浦駅〜大塚団地・神立駅〜土浦湖北高校"
下原公民館入口,かすみがうら市,千代田神立ライン
静小学校入口,朝日自動車（株）,【KG01】古河駅西口〜境車庫
稲吉東三丁目,関鉄グリーンバス（株）,千代田神立ライン
今鹿島小学校入口,つくば市,作岡シャトル
高岡東,関東鉄道（株）,"筑波山口〜郡道橋〜北条駅入口〜高岡〜土浦一高前〜土浦駅, 土浦駅〜高岡〜北条駅入口〜筑波山口, 下妻駅〜高道祖〜田中〜北条駅入口〜高岡〜土浦一高前〜土浦駅, 土浦駅〜高岡〜北条駅入口〜田中〜下妻駅, 土浦駅西口〜亀城公園前〜土浦一高前〜高岡, 土浦駅西口〜亀城公園前〜土浦一高前〜さんあぴお〜高岡, 土浦駅西口〜高岡〜北条駅入口〜下妻駅（パープル）"
高岡東,関鉄パープルバス（株）,土浦駅〜高岡〜下妻駅
清水,関鉄グリーンバス（株）,"土浦駅〜石岡駅〜石岡二高前, 土浦駅〜土田〜石岡車庫, 土浦駅〜東風高校〜HG美野里"
栗原東,つくば市,小田シャトル
工業団地北,関鉄観光バス（株）,"土浦駅〜大塚団地〜神立駅, 土浦駅〜真鍋新町中央・大塚団地〜神立駅, 土浦駅〜大塚団地・神立駅〜土浦湖北高校"
工業団地北,関鉄グリーンバス（株）,千代田神立ライン
工業団地北,かすみがうら市,千代田神立ライン
下稲吉局前,関鉄観光バス（株）,"土浦駅〜大塚団地〜神立駅, 土浦駅〜真鍋新町中央・大塚団地〜神立駅, 神立駅〜下稲荷十字路〜つくば国際大学東風高校, 土浦駅〜大塚団地・神立駅〜土浦湖北高校"
玉造工業高校,関鉄グリーンバス（株）,石岡駅〜小川駅〜玉造駅〜新鉾田
向原（土浦市）,関鉄グリーンバス（株）,土浦駅〜上志筑〜柿岡車庫
防災科学技術研究所,関東鉄道（株）,"土浦駅東口〜吾妻〜つくばセンター〜高エネ研〜テクノパーク大穂, つくばセンター〜高エネ研〜テクノパーク大穂, つくばセンター〜天久保三〜テクノパーク大穂"
花畑（防災科学技術研究所）,つくば市,北部シャトル
清水南,関鉄グリーンバス（株）,"土浦駅〜石岡駅〜石岡二高前, 土浦駅〜土田〜石岡車庫, 土浦駅〜東風高校〜HG美野里"
とよさと病院,つくば市,"吉沼シャトル, 上郷シャトル, 西部シャトル"
平須賀,関鉄グリーンバス（株）,石岡駅〜小川駅〜玉造駅〜新鉾田
千代田ショッピングモール北,関鉄グリーンバス（株）,千代田神立ライン
ショッピングモール北,かすみがうら市,千代田神立ライン
高木医院,関鉄グリーンバス（株）,千代田神立ライン
マルゴストアー前,行方市,"北浦玉造ルート休日便, 北浦ルート, 玉造ルート1号車"
藤沢十字路,関東鉄道（株）,"筑波山口〜郡道橋〜北条駅入口〜高岡〜土浦一高前〜土浦駅, 土浦駅〜高岡〜北条駅入口〜筑波山口, 下妻駅〜高道祖〜田中〜北条駅入口〜高岡〜土浦一高前〜土浦駅, 土浦駅〜高岡〜北条駅入口〜田中〜下妻駅, 土浦駅西口〜亀城公園前〜土浦一高前〜高岡, 土浦駅西口〜亀城公園前〜土浦一高前〜さんあぴお〜高岡, 土浦駅西口〜高岡〜北条駅入口〜下妻駅（パープル）"
藤沢十字路,関鉄パープルバス（株）,土浦駅〜高岡〜下妻駅
藤沢神社前,関東鉄道（株）,"筑波山口〜郡道橋〜北条駅入口〜高岡〜土浦一高前〜土浦駅, 土浦駅〜高岡〜北条駅入口〜筑波山口, 下妻駅〜高道祖〜田中〜北条駅入口〜高岡〜土浦一高前〜土浦駅, 土浦駅〜高岡〜北条駅入口〜田中〜下妻駅, 土浦駅西口〜亀城公園前〜土浦一高前〜高岡, 土浦駅西口〜亀城公園前〜土浦一高前〜さんあぴお〜高岡, 土浦駅西口〜高岡〜北条駅入口〜下妻駅（パープル）"
藤沢神社前,関鉄パープルバス（株）,土浦駅〜高岡〜下妻駅
稲吉ふれあい公園入口,かすみがうら市,千代田神立ライン
井岡青木呉服店前,（株）昭和観光自動車,西坪生子線
藤沢下宿,関東鉄道（株）,"筑波山口〜郡道橋〜北条駅入口〜高岡〜土浦一高前〜土浦駅, 土浦駅〜高岡〜北条駅入口〜筑波山口, 下妻駅〜高道祖〜田中〜北条駅入口〜高岡〜土浦一高前〜土浦駅, 土浦駅〜高岡〜北条駅入口〜田中〜下妻駅, 土浦駅西口〜亀城公園前〜土浦一高前〜高岡, 土浦駅西口〜亀城公園前〜土浦一高前〜さんあぴお〜高岡, 土浦駅西口〜高岡〜北条駅入口〜下妻駅（パープル）"
藤沢下宿,関鉄パープルバス（株）,土浦駅〜高岡〜下妻駅
つくば特別支援学校,つくば市,小田シャトル
東清水,関鉄観光バス（株）,"土浦駅〜大塚団地〜神立駅, 土浦駅〜真鍋新町中央・大塚団地〜神立駅, 土浦駅〜大塚団地・神立駅〜土浦湖北高校"
下原,かすみがうら市,千代田神立ライン
下原十字路,かすみがうら市,千代田神立ライン
千代田ショッピングモール南,関鉄グリーンバス（株）,千代田神立ライン
中貫十字路,関鉄グリーンバス（株）,土浦駅〜上志筑〜柿岡車庫
緑ヶ丘北,関鉄グリーンバス（株）,石岡駅〜小川駅〜玉造駅〜新鉾田
境クリニック前,（株）昭和観光自動車,西坪生子線
ショッピングモール南,かすみがうら市,千代田神立ライン
角来入口,関鉄観光バス（株）,"土浦駅〜大塚団地〜神立駅, 土浦駅〜真鍋新町中央・大塚団地〜神立駅, 神立駅〜下稲荷十字路〜つくば国際大学東風高校, 土浦駅〜大塚団地・神立駅〜土浦湖北高校"
角来入口,関鉄グリーンバス（株）,千代田神立ライン
塚崎本田,朝日自動車（株）,【KG01】古河駅西口〜境車庫
境車庫,朝日自動車（株）,"【KW04】川間駅〜東宝珠花〜関タ〜境町〜境車庫, 【TD01】東武動物公園駅〜吉田橋〜境車庫, 【KG01】古河駅西口〜境車庫"
稲吉南二丁目,かすみがうら市,千代田神立ライン
藤沢小学校前,関東鉄道（株）,"筑波山口〜郡道橋〜北条駅入口〜高岡〜土浦一高前〜土浦駅, 土浦駅〜高岡〜北条駅入口〜筑波山口, 下妻駅〜高道祖〜田中〜北条駅入口〜高岡〜土浦一高前〜土浦駅, 土浦駅〜高岡〜北条駅入口〜田中〜下妻駅, 土浦駅西口〜亀城公園前〜土浦一高前〜高岡, 土浦駅西口〜亀城公園前〜土浦一高前〜さんあぴお〜高岡, 土浦駅西口〜高岡〜北条駅入口〜下妻駅（パープル）"
藤沢小学校前,関鉄パープルバス（株）,土浦駅〜高岡〜下妻駅
大房地蔵尊前,（株）昭和観光自動車,"西坪生子線, 清水丘内野山線"
大場内科玉造クリニック前,行方市,玉造ルート1号車
栗原,つくば市,小田シャトル
上砂,関鉄観光バス（株）,"土浦駅〜大塚団地〜神立駅, 土浦駅〜真鍋新町中央・大塚団地〜神立駅, 土浦駅〜大塚団地・神立駅〜土浦湖北高校"
稲吉二丁目,かすみがうら市,千代田神立ライン
土木研究所,関東鉄道（株）,"ひたち野うしく駅〜つくばセンター〜建築研究所, 荒川沖駅西口〜竹園二丁目〜つくばセンター〜建築研究所, つくばセンター〜春日三丁目〜建築研究所"
土木研究所,つくば市,吉沼シャトル
土木研究所,関鉄パープルバス（株）,下妻駅〜筑波記念病院〜学園並木
稲吉南ポケットパーク,かすみがうら市,千代田神立ライン
中貫,関東鉄道（株）,"土浦駅西口〜中貫〜石岡駅〜石岡車庫（グリーン）, 土浦駅西口〜中貫〜石岡駅〜石岡二高（グリーン）, 土浦駅西口〜中貫（グリーン）, 土浦駅西口〜亀城公園前〜県南自動車学校前〜中貫"
中貫,関鉄グリーンバス（株）,"土浦駅〜上志筑〜柿岡車庫, 土浦駅〜石岡駅〜石岡二高前, 土浦駅〜中貫（関鉄グリーン）, 土浦駅〜土田〜石岡車庫, 土浦駅〜東風高校〜HG美野里"
田倉,つくば市,西部シャトル
しゃぼん玉造店前,行方市,"北浦玉造ルート休日便, 北浦ルート, 玉造ルート1号車"
中学校入口,朝日自動車（株）,"【KW04】川間駅〜東宝珠花〜関タ〜境町〜境車庫, 【KG01】古河駅西口〜境車庫"
東町,関東鉄道（株）,"筑波山口〜郡道橋〜北条駅入口〜高岡〜土浦一高前〜土浦駅, 土浦駅〜高岡〜北条駅入口〜筑波山口, 下妻駅〜高道祖〜田中〜北条駅入口〜高岡〜土浦一高前〜土浦駅, 土浦駅〜高岡〜北条駅入口〜田中〜下妻駅, 土浦駅西口〜亀城公園前〜土浦一高前〜高岡, 土浦駅西口〜亀城公園前〜土浦一高前〜さんあぴお〜高岡, 土浦駅西口〜高岡〜北条駅入口〜下妻駅（パープル）"
東町,関鉄パープルバス（株）,土浦駅〜高岡〜下妻駅
一ノ矢交差点,関東鉄道（株）,"土浦駅東口〜吾妻〜つくばセンター〜高エネ研〜テクノパーク大穂, つくばセンター〜高エネ研〜テクノパーク大穂, つくばセンター〜天久保三〜テクノパーク大穂"
第二千代田南団地,関鉄グリーンバス（株）,千代田神立ライン
第2千代田南団地,かすみがうら市,千代田神立ライン
田倉東,つくば市,上郷シャトル
浜野球場入口,関鉄グリーンバス（株）,石岡駅〜小川駅〜玉造駅〜新鉾田
神立駅西口,関鉄グリーンバス（株）,千代田神立ライン
神立駅（西口）,関鉄観光バス（株）,"土浦駅〜神立小学校〜神立駅, 土浦駅〜大塚団地〜神立駅, 土浦駅〜真鍋新町中央・大塚団地〜神立駅, 神立駅〜下稲荷十字路〜つくば国際大学東風高校, 神立駅〜つくば国際大学東風高校（直行）, 土浦駅〜神立小学校・神立駅〜土浦湖北高校, 土浦駅〜大塚団地・神立駅〜土浦湖北高校, 神立駅〜土浦湖北高校"
神立駅西口,かすみがうら市,千代田神立ライン
皆畑,つくば市,作岡シャトル
神立工業団地中央,関鉄観光バス（株）,"土浦駅〜神立小学校〜神立駅, 土浦駅〜大塚団地〜神立駅, 土浦駅〜真鍋新町中央・大塚団地〜神立駅, 土浦駅〜神立小学校・神立駅〜土浦湖北高校, 土浦駅〜大塚団地・神立駅〜土浦湖北高校"
中貫南,関東鉄道（株）,"土浦駅西口〜中貫〜石岡駅〜石岡車庫（グリーン）, 土浦駅西口〜中貫〜石岡駅〜石岡二高（グリーン）, 土浦駅西口〜中貫（グリーン）, 土浦駅西口〜亀城公園前〜県南自動車学校前〜中貫"
中貫南,関鉄グリーンバス（株）,"土浦駅〜上志筑〜柿岡車庫, 土浦駅〜石岡駅〜石岡二高前, 土浦駅〜中貫（関鉄グリーン）, 土浦駅〜土田〜石岡車庫, 土浦駅〜東風高校〜HG美野里"
北神立,関鉄観光バス（株）,"土浦駅〜神立小学校〜神立駅, 土浦駅〜神立小学校・神立駅〜土浦湖北高校"
有機肥料供給センター入口,行方市,北浦ルート
さんあぴお,関東鉄道（株）,土浦駅西口〜亀城公園前〜土浦一高前〜さんあぴお〜高岡
西南医療センター病院入口,朝日自動車（株）,"【KW04】川間駅〜東宝珠花〜関タ〜境町〜境車庫, 【TD01】東武動物公園駅〜吉田橋〜境車庫, 【KG01】古河駅西口〜境車庫"
神立駅東口,関鉄グリーンバス（株）,千代田神立ライン
神立駅東口,かすみがうら市,千代田神立ライン
小手指,五霞町,ごかりん号
西南医療センター前,（株）昭和観光自動車,西坪生子線
神立病院,関鉄グリーンバス（株）,千代田神立ライン
神立病院,関鉄観光バス（株）,"土浦駅〜神立小学校〜神立駅, 土浦駅〜神立小学校・神立駅〜土浦湖北高校"
上坂田入口,関東鉄道（株）,"筑波山口〜郡道橋〜北条駅入口〜高岡〜土浦一高前〜土浦駅, 土浦駅〜高岡〜北条駅入口〜筑波山口, 下妻駅〜高道祖〜田中〜北条駅入口〜高岡〜土浦一高前〜土浦駅, 土浦駅〜高岡〜北条駅入口〜田中〜下妻駅, 土浦駅西口〜亀城公園前〜土浦一高前〜高岡, 土浦駅西口〜亀城公園前〜土浦一高前〜さんあぴお〜高岡, 土浦駅西口〜高岡〜北条駅入口〜下妻駅（パープル）"
上坂田入口,関鉄パープルバス（株）,土浦駅〜高岡〜下妻駅
神立小学校前,関鉄グリーンバス（株）,千代田神立ライン
神立小学校入口,関鉄観光バス（株）,"土浦駅〜神立小学校〜神立駅, 土浦駅〜神立小学校・神立駅〜土浦湖北高校"
一ノ矢学生宿舎前,関東鉄道（株）,筑波大学循環
さしま窓口センター,坂東市,庁舎間シャトル
中神立,関鉄観光バス（株）,"土浦駅〜神立小学校〜神立駅, 土浦駅〜神立小学校・神立駅〜土浦湖北高校"
中神立,関鉄グリーンバス（株）,千代田神立ライン
南口堀入口,関鉄パープルバス（株）,下妻駅〜筑波記念病院〜学園並木
南口堀入口,関東鉄道（株）,"ひたち野うしく駅〜つくばセンター〜建築研究所, 荒川沖駅西口〜竹園二丁目〜つくばセンター〜建築研究所, つくばセンター〜春日三丁目〜建築研究所"
農林技術センター,関東鉄道（株）,筑波大学循環
キユーピー前,五霞町,ごかりん号
元橋,朝日自動車（株）,【KG01】古河駅西口〜境車庫
新幸谷,五霞町,ごかりん号
さしま窓口センター前,（株）昭和観光自動車,"西坪生子線, 清水丘内野山線"
中松岡町,朝日自動車（株）,"【KW04】川間駅〜東宝珠花〜関タ〜境町〜境車庫, 【TD01】東武動物公園駅〜吉田橋〜境車庫, 【KG01】古河駅西口〜境車庫"
県営住宅,関鉄観光バス（株）,"土浦駅〜神立小学校〜神立駅, 土浦駅〜神立小学校・神立駅〜土浦湖北高校"
猿島バスターミナル,坂東市,庁舎間シャトル
猿島バスターミナル前,（株）昭和観光自動車,"西坪生子線, 清水丘内野山線"
菅谷十字路前,（株）昭和観光自動車,"西坪生子線, 清水丘内野山線"
玉造緑ヶ丘,関鉄グリーンバス（株）,石岡駅〜小川駅〜玉造駅〜新鉾田
石下駅,関鉄パープルバス（株）,"石下駅〜鬼怒中学校前, 土浦駅〜つくばセンター〜石下駅"
石下駅入口,関鉄パープルバス（株）,"石下駅〜鬼怒中学校前, 土浦駅〜つくばセンター〜石下駅"
関鉄ゴルフ場前,関東鉄道（株）,"筑波山口〜郡道橋〜北条駅入口〜高岡〜土浦一高前〜土浦駅, 土浦駅〜高岡〜北条駅入口〜筑波山口, 下妻駅〜高道祖〜田中〜北条駅入口〜高岡〜土浦一高前〜土浦駅, 土浦駅〜高岡〜北条駅入口〜田中〜下妻駅, 土浦駅西口〜亀城公園前〜土浦一高前〜高岡, 土浦駅西口〜亀城公園前〜土浦一高前〜さんあぴお〜高岡, 土浦駅西口〜高岡〜北条駅入口〜下妻駅（パープル）"
関鉄ゴルフ場前,関鉄パープルバス（株）,土浦駅〜高岡〜下妻駅
緑ヶ丘歯科医院前,行方市,北浦玉造ルート休日便
塙医院前,行方市,北浦玉造ルート休日便
緑ヶ丘（旧塙医院前）,行方市,北浦ルート
神立原,関鉄観光バス（株）,"土浦駅〜神立小学校〜神立駅, 土浦駅〜神立小学校・神立駅〜土浦湖北高校"
塚崎正面,朝日自動車（株）,【KG01】古河駅西口〜境車庫
松岡町,朝日自動車（株）,"【KW04】川間駅〜東宝珠花〜関タ〜境町〜境車庫, 【TD01】東武動物公園駅〜吉田橋〜境車庫, 【KG01】古河駅西口〜境車庫"
大学植物見本園,関東鉄道（株）,筑波大学循環
浜,関鉄グリーンバス（株）,石岡駅〜小川駅〜玉造駅〜新鉾田
中央公民館入口,五霞町,ごかりん号
西山住宅,関鉄観光バス（株）,"土浦駅〜神立小学校〜神立駅, 土浦駅〜大塚団地〜神立駅, 土浦駅〜真鍋新町中央・大塚団地〜神立駅, 土浦駅〜神立小学校・神立駅〜土浦湖北高校, 土浦駅〜大塚団地・神立駅〜土浦湖北高校"
K・T・O前,行方市,"北浦玉造ルート休日便, 北浦ルート"
田倉南,つくば市,西部シャトル
給食センター,関東鉄道（株）,"土浦駅東口〜吾妻〜つくばセンター〜高エネ研〜テクノパーク大穂, つくばセンター〜高エネ研〜テクノパーク大穂, つくばセンター〜天久保三〜テクノパーク大穂"
新治診療所前,関東鉄道（株）,"筑波山口〜郡道橋〜北条駅入口〜高岡〜土浦一高前〜土浦駅, 土浦駅〜高岡〜北条駅入口〜筑波山口, 下妻駅〜高道祖〜田中〜北条駅入口〜高岡〜土浦一高前〜土浦駅, 土浦駅〜高岡〜北条駅入口〜田中〜下妻駅, 土浦駅西口〜亀城公園前〜土浦一高前〜高岡, 土浦駅西口〜亀城公園前〜土浦一高前〜さんあぴお〜高岡, 土浦駅西口〜高岡〜北条駅入口〜下妻駅（パープル）"
新治診療所前,関鉄パープルバス（株）,土浦駅〜高岡〜下妻駅
春風台,つくば市,小田シャトル
五霞町役場入口,五霞町,ごかりん号
テクノパーク豊里中央,つくば市,上郷シャトル
新石下,関鉄パープルバス（株）,"石下駅〜鬼怒中学校前, 土浦駅〜つくばセンター〜石下駅"
松岡町南,朝日自動車（株）,"【KW04】川間駅〜東宝珠花〜関タ〜境町〜境車庫, 【TD01】東武動物公園駅〜吉田橋〜境車庫, 【KG01】古河駅西口〜境車庫"
虹の広場,関東鉄道（株）,筑波大学循環
五霞中学校前,五霞町,ごかりん号
五霞町役場,朝日自動車（株）,【ST21】五霞町役場〜辰堂〜幸手駅
境町松岡町エコス境店前,（株）昭和観光自動車,西坪生子線
境高等学校前,（株）昭和観光自動車,西坪生子線
下坂田入口,関東鉄道（株）,"筑波山口〜郡道橋〜北条駅入口〜高岡〜土浦一高前〜土浦駅, 土浦駅〜高岡〜北条駅入口〜筑波山口, 下妻駅〜高道祖〜田中〜北条駅入口〜高岡〜土浦一高前〜土浦駅, 土浦駅〜高岡〜北条駅入口〜田中〜下妻駅, 土浦駅西口〜亀城公園前〜土浦一高前〜高岡, 土浦駅西口〜亀城公園前〜土浦一高前〜さんあぴお〜高岡, 土浦駅西口〜高岡〜北条駅入口〜下妻駅（パープル）"
下坂田入口,関鉄パープルバス（株）,土浦駅〜高岡〜下妻駅
五霞町役場前,五霞町,"ごかりん号, 代替バス：五霞町役場前⇔幸手駅前"
板谷,関東鉄道（株）,"土浦駅西口〜中貫〜石岡駅〜石岡車庫（グリーン）, 土浦駅西口〜中貫〜石岡駅〜石岡二高（グリーン）, 土浦駅西口〜中貫（グリーン）, 土浦駅西口〜亀城公園前〜県南自動車学校前〜中貫"
板谷,関鉄グリーンバス（株）,"土浦駅〜上志筑〜柿岡車庫, 土浦駅〜石岡駅〜石岡二高前, 土浦駅〜中貫（関鉄グリーン）, 土浦駅〜土田〜石岡車庫, 土浦駅〜東風高校〜HG美野里"
第二エリア前,関鉄パープルバス（株）,土浦駅〜学園竹園〜筑波大学中央
TARAセンター前,関東鉄道（株）,筑波大学循環
TARAセンター前,関鉄パープルバス（株）,土浦駅〜学園竹園〜筑波大学中央
テクノパーク豊里西,つくば市,上郷シャトル
テクノパーク桜,つくば市,小田シャトル
西神立,関鉄観光バス（株）,"土浦駅〜神立小学校〜神立駅, 土浦駅〜大塚団地〜神立駅, 土浦駅〜真鍋新町中央・大塚団地〜神立駅, 土浦駅〜神立小学校・神立駅〜土浦湖北高校, 土浦駅〜大塚団地・神立駅〜土浦湖北高校, 土浦駅〜土浦局前〜西神立"
八幡町,関鉄パープルバス（株）,"石下駅〜鬼怒中学校前, 土浦駅〜つくばセンター〜石下駅"
生子新田西,坂東市,庁舎間シャトル
口ノ堀陸橋下,関鉄パープルバス（株）,下妻駅〜筑波記念病院〜学園並木
口ノ堀陸橋下,関東鉄道（株）,"ひたち野うしく駅〜つくばセンター〜建築研究所, 荒川沖駅西口〜竹園二丁目〜つくばセンター〜建築研究所, つくばセンター〜春日三丁目〜建築研究所"
住吉町,朝日自動車（株）,"【KW04】川間駅〜東宝珠花〜関タ〜境町〜境車庫, 【TD01】東武動物公園駅〜吉田橋〜境車庫, 【KG01】古河駅西口〜境車庫"
並木西,関東鉄道（株）,"筑波山口〜郡道橋〜北条駅入口〜高岡〜土浦一高前〜土浦駅, 土浦駅〜高岡〜北条駅入口〜筑波山口, 下妻駅〜高道祖〜田中〜北条駅入口〜高岡〜土浦一高前〜土浦駅, 土浦駅〜高岡〜北条駅入口〜田中〜下妻駅, 土浦駅西口〜亀城公園前〜土浦一高前〜高岡, 土浦駅西口〜亀城公園前〜土浦一高前〜さんあぴお〜高岡, 土浦駅西口〜高岡〜北条駅入口〜下妻駅（パープル）"
並木西,関鉄パープルバス（株）,土浦駅〜高岡〜下妻駅
元栗橋坂間,五霞町,ごかりん号
筑波大学中央,関東鉄道（株）,"土浦駅東口〜吾妻〜つくばセンター〜高エネ研〜テクノパーク大穂, つくばセンター〜高エネ研〜テクノパーク大穂, つくばセンター〜天久保三〜テクノパーク大穂, 筑波大学循環"
筑波大学中央,関鉄パープルバス（株）,土浦駅〜学園竹園〜筑波大学中央
玉造駅,関鉄グリーンバス（株）,"石岡駅〜小川駅〜玉造駅〜新鉾田, 土浦駅〜田伏〜玉造駅"
旧玉造駅,行方市,"北浦玉造ルート休日便, 麻生ルート, 玉造ルート1号車"
玉造駅,かすみがうら市,霞ヶ浦広域バス
境中央名店街,朝日自動車（株）,"【KW04】川間駅〜東宝珠花〜関タ〜境町〜境車庫, 【TD01】東武動物公園駅〜吉田橋〜境車庫, 【KG01】古河駅西口〜境車庫"
長峰橋,関鉄パープルバス（株）,土浦駅〜つくばセンター〜石下駅
コメリハート＆グリーン玉造店前,行方市,"北浦ルート, 玉造ルート1号車, 玉造ルート2号車"
泉東,関鉄グリーンバス（株）,石岡駅〜小川駅〜玉造駅〜新鉾田
北生子香取神社前,（株）昭和観光自動車,"西坪生子線, 清水丘内野山線"
境小学校前,朝日自動車（株）,"【KW04】川間駅〜東宝珠花〜関タ〜境町〜境車庫, 【TD01】東武動物公園駅〜吉田橋〜境車庫, 【KG01】古河駅西口〜境車庫"
菅南公民館前,（株）昭和観光自動車,"西坪生子線, 清水丘内野山線"
第三エリア前,関東鉄道（株）,筑波大学循環
第三エリア前,関鉄パープルバス（株）,土浦駅〜学園竹園〜筑波大学中央
常名清水,関東鉄道（株）,"筑波山口〜郡道橋〜北条駅入口〜高岡〜土浦一高前〜土浦駅, 土浦駅〜高岡〜北条駅入口〜筑波山口, 下妻駅〜高道祖〜田中〜北条駅入口〜高岡〜土浦一高前〜土浦駅, 土浦駅〜高岡〜北条駅入口〜田中〜下妻駅, 土浦駅西口〜亀城公園前〜土浦一高前〜高岡, 土浦駅西口〜亀城公園前〜土浦一高前〜さんあぴお〜高岡, 土浦駅西口〜高岡〜北条駅入口〜下妻駅（パープル）"
常名清水,関鉄パープルバス（株）,土浦駅〜高岡〜下妻駅
高野,つくば市,作岡シャトル
大学公園,関東鉄道（株）,"土浦駅東口〜吾妻〜つくばセンター〜高エネ研〜テクノパーク大穂, つくばセンター〜高エネ研〜テクノパーク大穂, つくばセンター〜天久保三〜テクノパーク大穂, 筑波大学循環"
旧小貫小学校前,行方市,"北浦玉造ルート休日便, 北浦ルート"
さくらの森,つくば市,小田シャトル
新石下三差路,関鉄パープルバス（株）,"石下駅〜鬼怒中学校前, 土浦駅〜つくばセンター〜石下駅"
上郷上宿,つくば市,"上郷シャトル, 西部シャトル"
保健センター前,朝日自動車（株）,【ST21】五霞町役場〜辰堂〜幸手駅
保健センター前,五霞町,"ごかりん号, 代替バス：五霞町役場前⇔幸手駅前"
白鳥新町,関鉄グリーンバス（株）,千代田神立ライン
白鳥新町,かすみがうら市,千代田神立ライン
釜口前,（株）昭和観光自動車,"西坪生子線, 清水丘内野山線"
三嶋神社前,五霞町,ごかりん号
石下保育所前,関鉄パープルバス（株）,土浦駅〜つくばセンター〜石下駅
上境,つくば市,小田シャトル
玉造郵便局交差点前,行方市,"北浦玉造ルート休日便, 麻生ルート, 玉造ルート1号車"
中並木,関東鉄道（株）,"筑波山口〜郡道橋〜北条駅入口〜高岡〜土浦一高前〜土浦駅, 土浦駅〜高岡〜北条駅入口〜筑波山口, 下妻駅〜高道祖〜田中〜北条駅入口〜高岡〜土浦一高前〜土浦駅, 土浦駅〜高岡〜北条駅入口〜田中〜下妻駅, 土浦駅西口〜亀城公園前〜土浦一高前〜高岡, 土浦駅西口〜亀城公園前〜土浦一高前〜さんあぴお〜高岡, 土浦駅西口〜高岡〜北条駅入口〜下妻駅（パープル）"
中並木,関鉄パープルバス（株）,土浦駅〜高岡〜下妻駅
上郷,つくば市,上郷シャトル
上郷,関鉄パープルバス（株）,土浦駅〜つくばセンター〜石下駅
第一エリア前,関東鉄道（株）,筑波大学循環
第一エリア前,関鉄パープルバス（株）,土浦駅〜学園竹園〜筑波大学中央
松美池,関東鉄道（株）,"土浦駅東口〜吾妻〜つくばセンター〜高エネ研〜テクノパーク大穂, つくばセンター〜高エネ研〜テクノパーク大穂, つくばセンター〜天久保三〜テクノパーク大穂, 筑波大学循環"
西谷,朝日自動車（株）,【ST21】五霞町役場〜辰堂〜幸手駅
西谷,五霞町,代替バス：五霞町役場前⇔幸手駅前
谷島入口,関鉄グリーンバス（株）,石岡駅〜小川駅〜玉造駅〜新鉾田
宮本町,朝日自動車（株）,【KG01】古河駅西口〜境車庫
谷島,関鉄グリーンバス（株）,石岡駅〜小川駅〜玉造駅〜新鉾田
上郷大宿,関鉄パープルバス（株）,土浦駅〜つくばセンター〜石下駅
つくば国際大学,関東鉄道（株）,土浦駅西口〜県南自動車学校前〜つくば国際大学〜土浦駅西口
テクノパーク桜入口,つくば市,北部シャトル
上郷大宿,つくば市,西部シャトル
上郷郵便局,つくば市,上郷シャトル
天久保四丁目北,関東鉄道（株）,"土浦駅東口〜吾妻〜つくばセンター〜高エネ研〜テクノパーク大穂, つくばセンター〜高エネ研〜テクノパーク大穂"
大宿三区,関鉄パープルバス（株）,土浦駅〜つくばセンター〜石下駅
坂東市こども発達センター前,（株）昭和観光自動車,"西坪生子線, 清水丘内野山線"
こども発達センターにじ,坂東市,庁舎間シャトル
泉入口,関鉄グリーンバス（株）,石岡駅〜小川駅〜玉造駅〜新鉾田
横堤,関鉄パープルバス（株）,土浦駅〜つくばセンター〜石下駅
重ケ下,関鉄パープルバス（株）,土浦駅〜つくばセンター〜石下駅
新滝屋前,行方市,"北浦玉造ルート休日便, 北浦ルート"
香取神社前,朝日自動車（株）,【KG01】古河駅西口〜境車庫
上仲町,朝日自動車（株）,"【KW04】川間駅〜東宝珠花〜関タ〜境町〜境車庫, 【TD01】東武動物公園駅〜吉田橋〜境車庫, 【KG01】古河駅西口〜境車庫"
豊田西,関鉄パープルバス（株）,土浦駅〜つくばセンター〜石下駅
玉造下宿,関鉄グリーンバス（株）,"石岡駅〜小川駅〜玉造駅〜新鉾田, 土浦駅〜田伏〜玉造駅"
玉造下宿,かすみがうら市,霞ヶ浦広域バス
若松町住宅前,関東鉄道（株）,"土浦駅西口〜中貫〜石岡駅〜石岡車庫（グリーン）, 土浦駅西口〜中貫〜石岡駅〜石岡二高（グリーン）, 土浦駅西口〜中貫（グリーン）, 土浦駅西口〜亀城公園前〜県南自動車学校前〜中貫"
若松町住宅前,関鉄グリーンバス（株）,"土浦駅〜上志筑〜柿岡車庫, 土浦駅〜石岡駅〜石岡二高前, 土浦駅〜中貫（関鉄グリーン）, 土浦駅〜土田〜石岡車庫, 土浦駅〜東風高校〜HG美野里"
筑波記念病院,つくば市,吉沼シャトル
筑波記念病院,関鉄パープルバス（株）,下妻駅〜筑波記念病院〜学園並木
筑波記念病院,関東鉄道（株）,"ひたち野うしく駅〜つくばセンター〜建築研究所, 荒川沖駅西口〜竹園二丁目〜つくばセンター〜建築研究所, つくばセンター〜春日三丁目〜建築研究所"
元栗橋池成,五霞町,ごかりん号
松栄団地,つくば市,小田シャトル
大場紙器工業泉倉庫前,行方市,"北浦ルート, 玉造ルート1号車, 玉造ルート2号車"
手子生,つくば市,上郷シャトル
手子生,関鉄パープルバス（株）,土浦駅〜つくばセンター〜石下駅
天久保三丁目,関東鉄道（株）,"つくばセンター〜天久保三〜テクノパーク大穂, 筑波大学循環"
沓掛工業団地前,（株）昭和観光自動車,"西坪生子線, 清水丘内野山線"
一本松,関鉄パープルバス（株）,土浦駅〜つくばセンター〜石下駅
八竜神,つくば市,小田シャトル
並木一区,関東鉄道（株）,"筑波山口〜郡道橋〜北条駅入口〜高岡〜土浦一高前〜土浦駅, 土浦駅〜高岡〜北条駅入口〜筑波山口, 下妻駅〜高道祖〜田中〜北条駅入口〜高岡〜土浦一高前〜土浦駅, 土浦駅〜高岡〜北条駅入口〜田中〜下妻駅, 土浦駅西口〜亀城公園前〜土浦一高前〜高岡, 土浦駅西口〜亀城公園前〜土浦一高前〜さんあぴお〜高岡, 土浦駅西口〜高岡〜北条駅入口〜下妻駅（パープル）"
並木一区,関鉄パープルバス（株）,土浦駅〜高岡〜下妻駅
豊里中学校前,関鉄パープルバス（株）,土浦駅〜つくばセンター〜石下駅
豊里中学校,つくば市,上郷シャトル
一丁田台,関鉄観光バス（株）,"土浦駅〜神立小学校〜神立駅, 土浦駅〜大塚団地〜神立駅, 土浦駅〜真鍋新町中央・大塚団地〜神立駅, 土浦駅〜神立小学校・神立駅〜土浦湖北高校, 土浦駅〜大塚団地・神立駅〜土浦湖北高校, 土浦駅〜土浦局前〜西神立"
石下紫峰高校前,関鉄パープルバス（株）,土浦駅〜つくばセンター〜石下駅
生子十字路前,（株）昭和観光自動車,"西坪生子線, 清水丘内野山線"
大房,関鉄パープルバス（株）,石下駅〜鬼怒中学校前
川口公園入口,つくば市,西部シャトル
玉造庁舎前,関鉄グリーンバス（株）,"石岡駅〜小川駅〜玉造駅〜新鉾田, 土浦駅〜田伏〜玉造駅"
玉造庁舎前,かすみがうら市,霞ヶ浦広域バス
高野,関鉄パープルバス（株）,土浦駅〜つくばセンター〜石下駅
市役所玉造庁舎,行方市,"北浦玉造ルート休日便, 麻生ルート, 玉造ルート1号車"
大学会館前,関東鉄道（株）,筑波大学循環
大学会館前,関鉄パープルバス（株）,土浦駅〜学園竹園〜筑波大学中央
栄,つくば市,小田シャトル
境町（河岸の駅さかい）,朝日自動車（株）,"【KW04】川間駅〜東宝珠花〜関タ〜境町〜境車庫, 【KW05】川間駅〜東宝珠花〜関タ〜関宿城博物館〜境町, 【TD01】東武動物公園駅〜吉田橋〜境車庫, 【KG01】古河駅西口〜境車庫"
松塚入口,つくば市,小田シャトル
坂花町,朝日自動車（株）,"【KW04】川間駅〜東宝珠花〜関タ〜境町〜境車庫, 【KW05】川間駅〜東宝珠花〜関タ〜関宿城博物館〜境町, 【TD01】東武動物公園駅〜吉田橋〜境車庫"
土塔,五霞町,ごかりん号
湖北高校前,関鉄観光バス（株）,"土浦駅〜神立小学校・神立駅〜土浦湖北高校, 土浦駅〜大塚団地・神立駅〜土浦湖北高校, 神立駅〜土浦湖北高校"
中東,関鉄パープルバス（株）,土浦駅〜つくばセンター〜石下駅
土浦湖北高校,関鉄観光バス（株）,"土浦駅〜神立小学校・神立駅〜土浦湖北高校, 土浦駅〜大塚団地・神立駅〜土浦湖北高校, 神立駅〜土浦湖北高校"
木田余東台,関鉄観光バス（株）,"土浦駅〜神立小学校〜神立駅, 土浦駅〜大塚団地〜神立駅, 土浦駅〜真鍋新町中央・大塚団地〜神立駅, 土浦駅〜神立小学校・神立駅〜土浦湖北高校, 土浦駅〜大塚団地・神立駅〜土浦湖北高校, 土浦駅〜土浦局前〜西神立"
浮戸,朝日自動車（株）,【ST21】五霞町役場〜辰堂〜幸手駅
浮戸,五霞町,代替バス：五霞町役場前⇔幸手駅前
筑波技術大学産業技術学部,関東鉄道（株）,"土浦駅東口〜吾妻〜つくばセンター〜高エネ研〜テクノパーク大穂, つくばセンター〜高エネ研〜テクノパーク大穂"
新吉町,朝日自動車（株）,"【KW04】川間駅〜東宝珠花〜関タ〜境町〜境車庫, 【KW05】川間駅〜東宝珠花〜関タ〜関宿城博物館〜境町, 【TD01】東武動物公園駅〜吉田橋〜境車庫"
合宿所,関東鉄道（株）,"つくばセンター〜天久保三〜テクノパーク大穂, 筑波大学循環"
道の駅さかい,朝日自動車（株）,"【KW04】川間駅〜東宝珠花〜関タ〜境町〜境車庫, 【KW05】川間駅〜東宝珠花〜関タ〜関宿城博物館〜境町, 【TD01】東武動物公園駅〜吉田橋〜境車庫"
在宅,関東鉄道（株）,"筑波山口〜郡道橋〜北条駅入口〜高岡〜土浦一高前〜土浦駅, 土浦駅〜高岡〜北条駅入口〜筑波山口, 下妻駅〜高道祖〜田中〜北条駅入口〜高岡〜土浦一高前〜土浦駅, 土浦駅〜高岡〜北条駅入口〜田中〜下妻駅, 土浦駅西口〜亀城公園前〜土浦一高前〜高岡, 土浦駅西口〜亀城公園前〜土浦一高前〜さんあぴお〜高岡, 土浦駅西口〜高岡〜北条駅入口〜下妻駅（パープル）"
在宅,関鉄パープルバス（株）,土浦駅〜高岡〜下妻駅
東光台入口,つくば市,"作岡シャトル, 上郷シャトル"
県南自動車学校前,関東鉄道（株）,"土浦駅西口〜中貫〜石岡駅〜石岡車庫（グリーン）, 土浦駅西口〜中貫〜石岡駅〜石岡二高（グリーン）, 土浦駅西口〜中貫（グリーン）, 土浦駅西口〜亀城公園前〜県南自動車学校前〜中貫, 土浦駅西口〜県南自動車学校前〜つくば国際大学〜土浦駅西口"
県南自動車学校前,関鉄グリーンバス（株）,"土浦駅〜上志筑〜柿岡車庫, 土浦駅〜石岡駅〜石岡二高前, 土浦駅〜中貫（関鉄グリーン）, 土浦駅〜土田〜石岡車庫, 土浦駅〜東風高校〜HG美野里"
上郷権下,つくば市,西部シャトル
旧玉造小学校下,関鉄グリーンバス（株）,"石岡駅〜小川駅〜玉造駅〜新鉾田, 土浦駅〜田伏〜玉造駅"
旧玉造小学校下,かすみがうら市,霞ヶ浦広域バス
筑波大学西,関東鉄道（株）,筑波大学循環
筑波大学西,関鉄パープルバス（株）,土浦駅〜学園竹園〜筑波大学中央
半谷ライスセンター,坂東市,半谷ルート
国土地理院・つくば警察署,つくば市,吉沼シャトル
国土地理院,関鉄パープルバス（株）,下妻駅〜筑波記念病院〜学園並木
国土地理院,関東鉄道（株）,"ひたち野うしく駅〜つくばセンター〜建築研究所, 荒川沖駅西口〜竹園二丁目〜つくばセンター〜建築研究所, つくばセンター〜春日三丁目〜建築研究所"
舟渡橋入口,五霞町,ごかりん号
ニューいせ山前,行方市,"北浦玉造ルート休日便, 北浦ルート"
酒丸,つくば市,"作岡シャトル, 上郷シャトル"
酒丸,関鉄パープルバス（株）,土浦駅〜つくばセンター〜石下駅
片倉屋（郵便局）前,（株）昭和観光自動車,"西坪生子線, 清水丘内野山線"
芝田クリニック前,五霞町,ごかりん号
遠東,関鉄パープルバス（株）,土浦駅〜つくばセンター〜石下駅
横町,つくば市,小田シャトル
西村中,坂東市,庁舎間シャトル
西村木村歯科医院前,（株）昭和観光自動車,"西坪生子線, 清水丘内野山線"
半谷北,坂東市,半谷ルート
玉造中学校前,関鉄グリーンバス（株）,石岡駅〜小川駅〜玉造駅〜新鉾田
東山,関鉄パープルバス（株）,土浦駅〜つくばセンター〜石下駅
金田東,つくば市,小田シャトル
合同庁舎,関東鉄道（株）,"福田〜阿見中央公民館〜阿見坂下〜土浦駅西口〜合同庁舎, 土浦駅西口〜亀城公園前〜土浦一高前〜合同庁舎, つくばセンター〜土浦二高〜真鍋橋〜合同庁舎, 研究学園駅〜つくばセンター〜土浦一高〜合同庁舎"
MGMパワーセンター前,（株）昭和観光自動車,西坪生子線
玉造中学校下,関鉄グリーンバス（株）,"石岡駅〜小川駅〜玉造駅〜新鉾田, 土浦駅〜田伏〜玉造駅"
玉造中学校下,かすみがうら市,霞ヶ浦広域バス
土浦工業高校前,関東鉄道（株）,"筑波山口〜郡道橋〜北条駅入口〜高岡〜土浦一高前〜土浦駅, 土浦駅〜高岡〜北条駅入口〜筑波山口, 下妻駅〜高道祖〜田中〜北条駅入口〜高岡〜土浦一高前〜土浦駅, 土浦駅〜高岡〜北条駅入口〜田中〜下妻駅, 土浦駅西口〜亀城公園前〜土浦一高前〜高岡, 土浦駅西口〜亀城公園前〜土浦一高前〜さんあぴお〜高岡, 土浦駅西口〜高岡〜北条駅入口〜下妻駅（パープル）, 福田〜阿見中央公民館〜阿見坂下〜土浦駅西口〜合同庁舎, 土浦駅西口〜県南自動車学校前〜つくば国際大学〜土浦駅西口, 土浦駅西口〜亀城公園前〜土浦一高前〜合同庁舎, つくばセンター〜土浦二高〜真鍋橋〜合同庁舎, 研究学園駅〜つくばセンター〜土浦一高〜合同庁舎"
土浦工業高校前,関鉄パープルバス（株）,土浦駅〜高岡〜下妻駅
ふきのとう前,行方市,"北浦玉造ルート休日便, 北浦ルート"
カインズモール玉造店前,行方市,"北浦玉造ルート休日便, 麻生ルート, 玉造ルート1号車"
東山住宅入口,関鉄パープルバス（株）,土浦駅〜つくばセンター〜石下駅
沓掛商店街,坂東市,"沓掛・内野山ルート, 庁舎間シャトル"
山王生活改善センター,五霞町,ごかりん号
豊里の杜,つくば市,"作岡シャトル, 上郷シャトル"
木田余台,関鉄観光バス（株）,"土浦駅〜神立小学校〜神立駅, 土浦駅〜大塚団地〜神立駅, 土浦駅〜真鍋新町中央・大塚団地〜神立駅, 土浦駅〜神立小学校・神立駅〜土浦湖北高校, 土浦駅〜大塚団地・神立駅〜土浦湖北高校, 土浦駅〜土浦局前〜西神立"
真鍋台,関東鉄道（株）,"筑波山口〜郡道橋〜北条駅入口〜高岡〜土浦一高前〜土浦駅, 土浦駅〜高岡〜北条駅入口〜筑波山口, 下妻駅〜高道祖〜田中〜北条駅入口〜高岡〜土浦一高前〜土浦駅, 土浦駅〜高岡〜北条駅入口〜田中〜下妻駅, 土浦駅西口〜亀城公園前〜土浦一高前〜高岡, 土浦駅西口〜亀城公園前〜土浦一高前〜さんあぴお〜高岡, 土浦駅西口〜高岡〜北条駅入口〜下妻駅（パープル）, 福田〜阿見中央公民館〜阿見坂下〜土浦駅西口〜合同庁舎, 土浦駅西口〜県南自動車学校前〜つくば国際大学〜土浦駅西口, 土浦駅西口〜亀城公園前〜土浦一高前〜合同庁舎, つくばセンター〜土浦二高〜真鍋橋〜合同庁舎, 研究学園駅〜つくばセンター〜土浦一高〜合同庁舎"
真鍋台,関鉄パープルバス（株）,土浦駅〜高岡〜下妻駅
学園の森2丁目北,つくば市,吉沼シャトル
猿島郵便局,坂東市,沓掛・内野山ルート
沓掛小学校（郵便局）前,（株）昭和観光自動車,"西坪生子線, 清水丘内野山線"
かめだ整形外科リハビリテーションクリニック前,行方市,"麻生ルート, 玉造ルート1号車"
東光台二丁目,つくば市,"作岡シャトル, 上郷シャトル"
天久保池,関東鉄道（株）,筑波大学循環
上大津西小学校前,関鉄グリーンバス（株）,土浦駅〜田伏〜玉造駅
上大津西小学校前,かすみがうら市,霞ヶ浦広域バス
ベイシア玉造店前,行方市,"北浦玉造ルート休日便, 麻生ルート, 玉造ルート1号車"
上三坂,関鉄パープルバス（株）,石下駅〜鬼怒中学校前
西村南,坂東市,"沓掛・内野山ルート, 庁舎間シャトル"
高須東,関鉄グリーンバス（株）,土浦駅〜田伏〜玉造駅
高須東,かすみがうら市,霞ヶ浦広域バス
神社口,関東鉄道（株）,"土浦駅西口〜中貫〜石岡駅〜石岡車庫（グリーン）, 土浦駅西口〜中貫〜石岡駅〜石岡二高（グリーン）, 土浦駅西口〜中貫（グリーン）, 筑波山口〜郡道橋〜北条駅入口〜高岡〜土浦一高前〜土浦駅, 土浦駅〜高岡〜北条駅入口〜筑波山口, 下妻駅〜高道祖〜田中〜北条駅入口〜高岡〜土浦一高前〜土浦駅, 土浦駅〜高岡〜北条駅入口〜田中〜下妻駅, 土浦駅西口〜亀城公園前〜土浦一高前〜高岡, 土浦駅西口〜亀城公園前〜土浦一高前〜さんあぴお〜高岡, 土浦駅西口〜高岡〜北条駅入口〜下妻駅（パープル）, 福田〜阿見中央公民館〜阿見坂下〜土浦駅西口〜合同庁舎, 土浦駅西口〜亀城公園前〜県南自動車学校前〜中貫, 土浦駅西口〜県南自動車学校前〜つくば国際大学〜土浦駅西口, 土浦駅西口〜亀城公園前〜土浦一高前〜合同庁舎, つくばセンター〜土浦二高〜真鍋橋〜合同庁舎, 研究学園駅〜つくばセンター〜土浦一高〜合同庁舎"
神社口,関鉄グリーンバス（株）,"土浦駅〜上志筑〜柿岡車庫, 土浦駅〜石岡駅〜石岡二高前, 土浦駅〜中貫（関鉄グリーン）, 土浦駅〜土田〜石岡車庫, 土浦駅〜東風高校〜HG美野里"
神社口,関鉄パープルバス（株）,土浦駅〜高岡〜下妻駅
学園の森3丁目北,つくば市,吉沼シャトル
玉造小学校,行方市,玉造ルート2号車
小座山,行方市,"北浦玉造ルート休日便, 北浦ルート, 玉造ルート1号車, 玉造ルート2号車"
冬木,朝日自動車（株）,【ST21】五霞町役場〜辰堂〜幸手駅
冬木,五霞町,代替バス：五霞町役場前⇔幸手駅前
手野坂下,関鉄グリーンバス（株）,土浦駅〜田伏〜玉造駅
手野坂下,かすみがうら市,霞ヶ浦広域バス
筑波実験植物園前,関東鉄道（株）,"土浦駅東口〜吾妻〜つくばセンター〜高エネ研〜テクノパーク大穂, つくばセンター〜高エネ研〜テクノパーク大穂, つくばセンター〜天久保三〜テクノパーク大穂"
天久保（筑波実験植物園）,つくば市,北部シャトル
高須西,関鉄グリーンバス（株）,土浦駅〜田伏〜玉造駅
高須西,かすみがうら市,霞ヶ浦広域バス
深谷住宅前,関鉄グリーンバス（株）,土浦駅〜田伏〜玉造駅
深谷住宅前,かすみがうら市,霞ヶ浦広域バス
金田西,つくば市,小田シャトル
深谷第三,関鉄グリーンバス（株）,土浦駅〜田伏〜玉造駅
深谷第三,かすみがうら市,霞ヶ浦広域バス
福祉センター前,五霞町,ごかりん号
西平塚,関鉄パープルバス（株）,土浦駅〜つくばセンター〜石下駅
武田地区館,行方市,"北浦玉造ルート休日便, 北浦ルート"
上原西,関鉄グリーンバス（株）,土浦駅〜田伏〜玉造駅
上原西,かすみがうら市,霞ヶ浦広域バス
上郷台宿（上郷小学校入口）,つくば市,西部シャトル
加茂入口,関鉄グリーンバス（株）,土浦駅〜田伏〜玉造駅
加茂入口,かすみがうら市,霞ヶ浦広域バス
童夢公園前,五霞町,ごかりん号
沓掛,坂東市,"沓掛・内野山ルート, 庁舎間シャトル"
沓掛南前,（株）昭和観光自動車,清水丘内野山線
西平塚三差路,関鉄パープルバス（株）,土浦駅〜つくばセンター〜石下駅
土浦五中前,関鉄グリーンバス（株）,土浦駅〜田伏〜玉造駅
土浦五中前,かすみがうら市,霞ヶ浦広域バス
JA沓掛,坂東市,沓掛・内野山ルート
JA沓掛入口前,（株）昭和観光自動車,"西坪生子線, 清水丘内野山線"
土浦一高前,関東鉄道（株）,"土浦駅西口〜中貫〜石岡駅〜石岡車庫（グリーン）, 土浦駅西口〜中貫〜石岡駅〜石岡二高（グリーン）, 土浦駅西口〜中貫（グリーン）, 筑波山口〜郡道橋〜北条駅入口〜高岡〜土浦一高前〜土浦駅, 土浦駅〜高岡〜北条駅入口〜筑波山口, 下妻駅〜高道祖〜田中〜北条駅入口〜高岡〜土浦一高前〜土浦駅, 土浦駅〜高岡〜北条駅入口〜田中〜下妻駅, 土浦駅西口〜亀城公園前〜土浦一高前〜高岡, 土浦駅西口〜亀城公園前〜土浦一高前〜さんあぴお〜高岡, 土浦駅西口〜高岡〜北条駅入口〜下妻駅（パープル）, 福田〜阿見中央公民館〜阿見坂下〜土浦駅西口〜合同庁舎, 土浦駅西口〜亀城公園前〜県南自動車学校前〜中貫, 土浦駅西口〜県南自動車学校前〜つくば国際大学〜土浦駅西口, 土浦駅西口〜亀城公園前〜土浦一高前〜合同庁舎, つくばセンター〜土浦二高〜真鍋橋〜合同庁舎, 研究学園駅〜つくばセンター〜土浦一高〜合同庁舎, 研究学園駅〜つくばセンター〜土浦一高, つくばセンター〜土浦一高スクール"
土浦一高前,関鉄グリーンバス（株）,"土浦駅〜上志筑〜柿岡車庫, 土浦駅〜石岡駅〜石岡二高前, 土浦駅〜中貫（関鉄グリーン）, 土浦駅〜土田〜石岡車庫, 土浦駅〜東風高校〜HG美野里"
土浦一高前,関鉄パープルバス（株）,土浦駅〜高岡〜下妻駅
成忠テクノス㈱前,行方市,"北浦玉造ルート休日便, 麻生ルート, 玉造ルート1号車"
西平塚入口,関鉄パープルバス（株）,"下妻駅〜筑波記念病院〜学園並木, 土浦駅〜つくばセンター〜石下駅"
西平塚入口,関東鉄道（株）,"ひたち野うしく駅〜つくばセンター〜建築研究所, 荒川沖駅西口〜竹園二丁目〜つくばセンター〜建築研究所, つくばセンター〜春日三丁目〜建築研究所"
東光台三丁目,つくば市,"作岡シャトル, 上郷シャトル"
平砂学生宿舎前,関東鉄道（株）,筑波大学循環
平砂学生宿舎前,関鉄パープルバス（株）,土浦駅〜学園竹園〜筑波大学中央
学園の森2丁目,つくば市,吉沼シャトル
半谷中,坂東市,半谷ルート
天久保二丁目,関東鉄道（株）,筑波大学循環
土浦クリニックタウン前,関鉄グリーンバス（株）,土浦駅〜田伏〜玉造駅
土浦クリニックタウン前,かすみがうら市,霞ヶ浦広域バス
上原,関鉄グリーンバス（株）,土浦駅〜田伏〜玉造駅
上原,かすみがうら市,霞ヶ浦広域バス
浅間台,関鉄観光バス（株）,"土浦駅〜神立小学校〜神立駅, 土浦駅〜大塚団地〜神立駅, 土浦駅〜真鍋新町中央・大塚団地〜神立駅, 土浦駅〜神立小学校・神立駅〜土浦湖北高校, 土浦駅〜大塚団地・神立駅〜土浦湖北高校, 土浦駅〜土浦局前〜西神立"
原宿台二丁目,五霞町,ごかりん号
道の駅たまつくり,関鉄グリーンバス（株）,土浦駅〜田伏〜玉造駅
道の駅たまつくり,行方市,"北浦玉造ルート休日便, 麻生ルート, 玉造ルート1号車"
道の駅たまつくり,かすみがうら市,霞ヶ浦広域バス
霞ケ浦ふれあいランド,関鉄グリーンバス（株）,土浦駅〜田伏〜玉造駅
霞ヶ浦ふれあいランド,かすみがうら市,霞ヶ浦広域バス
三坂,関鉄パープルバス（株）,石下駅〜鬼怒中学校前
深谷公民館前,関鉄グリーンバス（株）,土浦駅〜田伏〜玉造駅
深谷公民館前,かすみがうら市,霞ヶ浦広域バス
岩坪坂下,関鉄グリーンバス（株）,土浦駅〜田伏〜玉造駅
岩坪坂下,かすみがうら市,霞ヶ浦広域バス
冬木生活改善センター入口,五霞町,ごかりん号
おおつ野北,関鉄グリーンバス（株）,土浦駅〜田伏〜玉造駅
おおつ野北,かすみがうら市,霞ヶ浦広域バス
内宿ふるさとコミュニティセンター前,行方市,"北浦玉造ルート休日便, 北浦ルート"
辰堂,五霞町,"ごかりん号, 代替バス：五霞町役場前⇔幸手駅前"
辰堂,朝日自動車（株）,"【ST21】五霞町役場〜辰堂〜幸手駅, 【ST22】辰堂〜幸手駅"
戸崎原中央,関鉄グリーンバス（株）,土浦駅〜田伏〜玉造駅
戸崎原中央,かすみがうら市,霞ヶ浦広域バス
おおつ野台,関鉄観光バス（株）,土浦駅〜土浦局前〜おおつ野八丁目〜土浦協同病院
おおつ野台,関鉄グリーンバス（株）,"千代田神立ライン, 土浦駅〜田伏〜玉造駅"
おおつ野台,かすみがうら市,"霞ヶ浦広域バス, 千代田神立ライン"
松山養鶏農場卵直売所前,行方市,"北浦玉造ルート休日便, 北浦ルート"
ウエルシア前,五霞町,ごかりん号
深谷,関鉄グリーンバス（株）,土浦駅〜田伏〜玉造駅
深谷,かすみがうら市,霞ヶ浦広域バス
道の駅ごか,五霞町,ごかりん号
追越学生宿舎前,関東鉄道（株）,筑波大学循環
追越学生宿舎前,関鉄パープルバス（株）,土浦駅〜学園竹園〜筑波大学中央
戸崎原,関鉄グリーンバス（株）,土浦駅〜田伏〜玉造駅
戸崎原,かすみがうら市,霞ヶ浦広域バス
浅間下,関鉄グリーンバス（株）,土浦駅〜田伏〜玉造駅
浅間下,かすみがうら市,霞ヶ浦広域バス
原宿台四丁目,五霞町,ごかりん号
高野歯科医院前,行方市,"北浦玉造ルート休日便, 麻生ルート, 玉造ルート1号車"
山崎,坂東市,沓掛・内野山ルート
山崎前,（株）昭和観光自動車,"西坪生子線, 清水丘内野山線"
岩坪,関鉄グリーンバス（株）,土浦駅〜田伏〜玉造駅
岩坪,かすみがうら市,霞ヶ浦広域バス
下高野,関鉄グリーンバス（株）,土浦駅〜田伏〜玉造駅
下高野,かすみがうら市,霞ヶ浦広域バス
追越宿舎東,関東鉄道（株）,筑波大学循環
幕戸入口,関鉄グリーンバス（株）,土浦駅〜田伏〜玉造駅
幕戸入口,かすみがうら市,霞ヶ浦広域バス
大成,関鉄グリーンバス（株）,土浦駅〜田伏〜玉造駅
大成,かすみがうら市,霞ヶ浦広域バス
中三坂,関鉄パープルバス（株）,石下駅〜鬼怒中学校前
善応寺,土浦市,Aコース市民会館循環
春日三丁目,関東鉄道（株）,"ひたち野うしく駅〜つくばセンター〜建築研究所, 荒川沖駅西口〜竹園二丁目〜つくばセンター〜建築研究所, つくばセンター〜春日三丁目〜建築研究所"
春日三丁目,関鉄パープルバス（株）,"下妻駅〜筑波記念病院〜学園並木, 土浦駅〜つくばセンター〜石下駅"
半谷南,坂東市,半谷ルート
桜窓口センター,つくば市,小田シャトル
霞ケ浦庁舎前,関鉄グリーンバス（株）,土浦駅〜田伏〜玉造駅
霞ヶ浦庁舎前,かすみがうら市,霞ヶ浦広域バス
学園の森1丁目,つくば市,吉沼シャトル
桜窓口センター入口,つくば市,小田シャトル
真鍋三丁目公民館前,関鉄グリーンバス（株）,土浦駅〜田伏〜玉造駅
真鍋三丁目公民館前,土浦市,Aコース市民会館循環
真鍋三丁目公民館前,かすみがうら市,霞ヶ浦広域バス
真鍋宿通り,土浦市,Aコース市民会館循環
筑波大学病院入口,関東鉄道（株）,筑波大学循環
筑波大学病院入口,関鉄パープルバス（株）,土浦駅〜学園竹園〜筑波大学中央
加藤製作所,朝日自動車（株）,"【ST21】五霞町役場〜辰堂〜幸手駅, 【ST22】辰堂〜幸手駅"
加藤製作所,五霞町,代替バス：五霞町役場前⇔幸手駅前
木田余三ツ又,関鉄観光バス（株）,"土浦駅〜神立小学校〜神立駅, 土浦駅〜大塚団地〜神立駅, 土浦駅〜真鍋新町中央・大塚団地〜神立駅, 土浦駅〜神立小学校・神立駅〜土浦湖北高校, 土浦駅〜大塚団地・神立駅〜土浦湖北高校, 土浦駅〜土浦局前〜西神立"
手野町西交差点,関鉄観光バス（株）,土浦駅〜土浦局前〜おおつ野八丁目〜土浦協同病院
ピアタウン,土浦市,Aコース市民会館循環
小舟津,行方市,"北浦玉造ルート休日便, 北浦ルート"
江川天満宮前,五霞町,ごかりん号
大和田（かすみがうら市）,関鉄グリーンバス（株）,土浦駅〜田伏〜玉造駅
大和田,かすみがうら市,霞ヶ浦広域バス
メディカルセンター病院,関東鉄道（株）,筑波大学循環
真鍋交番,土浦市,Aコース市民会館循環
クラフトシビックホール,土浦市,Aコース市民会館循環
東光台体育館,つくば市,"作岡シャトル, 上郷シャトル"
真鍋三丁目,土浦市,Aコース市民会館循環
おおつ野八丁目,関鉄観光バス（株）,土浦駅〜土浦局前〜おおつ野八丁目〜土浦協同病院
おおつ野八丁目,関鉄グリーンバス（株）,"千代田神立ライン, 土浦駅〜田伏〜玉造駅"
おおつ野八丁目,かすみがうら市,"霞ヶ浦広域バス, 千代田神立ライン"
久月総本舗本社入口,土浦市,Aコース市民会館循環
田伏十字路,関鉄グリーンバス（株）,土浦駅〜田伏〜玉造駅
田伏十字路,かすみがうら市,霞ヶ浦広域バス
筑波大学病院,関東鉄道（株）,"牛久駅〜谷田部車庫〜生物研〜つくばセンター〜筑波大学病院, ひたち野うしく駅〜イオン〜つくばセンター〜筑波大学病院, ひたち野うしく駅〜つくばセンター〜筑波大学病院, 土浦駅西口〜つくばセンター〜筑波大学病院, 荒川沖駅西口〜学園並木〜つくばセンター〜筑波大学病院"
筑波大学病院,関鉄パープルバス（株）,"下妻駅〜筑波記念病院〜学園並木, 土浦駅〜つくばセンター〜石下駅"
下原,関鉄グリーンバス（株）,土浦駅〜田伏〜玉造駅
下原,かすみがうら市,霞ヶ浦広域バス
真鍋宿通り入口,土浦市,Aコース市民会館循環
古来,関東鉄道（株）,"つくばセンター〜土浦二高〜土浦駅西口（パープル）, 土浦駅西口〜千束町〜学園竹園〜つくばセンター, 土浦駅西口〜亀城公園〜土浦二高前〜学園竹園〜つくばセンター, 土浦駅東口〜吾妻〜つくばセンター〜高エネ研〜テクノパーク大穂, つくばセンター〜土浦二高〜真鍋橋〜合同庁舎, 研究学園駅〜つくばセンター〜土浦一高〜合同庁舎, 研究学園駅〜つくばセンター〜土浦一高, つくばセンター〜土浦一高スクール, 土浦駅西口〜つくばセンター〜筑波大学病院, 土浦車庫・土浦駅〜つくばセンター, 土浦車庫・土浦駅〜土浦二高・つくばセンター"
古来,関鉄パープルバス（株）,"土浦駅〜つくばセンター〜石下駅, 土浦駅〜学園竹園〜筑波大学中央"
手野町南,関鉄観光バス（株）,土浦駅〜土浦局前〜おおつ野八丁目〜土浦協同病院
ホスピタル坂東,坂東市,"沓掛・内野山ルート, 庁舎間シャトル"
妻木,関東鉄道（株）,"土浦駅東口〜吾妻〜つくばセンター〜高エネ研〜テクノパーク大穂, つくばセンター〜高エネ研〜テクノパーク大穂, つくばセンター〜天久保三〜テクノパーク大穂"
妻木,つくば市,北部シャトル
ホスピタル坂東前,（株）昭和観光自動車,清水丘内野山線
春日一丁目,関鉄パープルバス（株）,"下妻駅〜筑波記念病院〜学園並木, 土浦駅〜つくばセンター〜石下駅"
春日一丁目,関東鉄道（株）,"牛久駅〜谷田部車庫〜生物研〜つくばセンター〜筑波大学病院, ひたち野うしく駅〜つくばセンター〜建築研究所, 荒川沖駅西口〜竹園二丁目〜つくばセンター〜建築研究所, つくばセンター〜春日三丁目〜建築研究所"
筑波メディカルセンター前,関鉄パープルバス（株）,"下妻駅〜筑波記念病院〜学園並木, 土浦駅〜つくばセンター〜石下駅, 土浦駅〜学園竹園〜筑波大学中央"
筑波メディカルセンター前,関東鉄道（株）,"ひたち野うしく駅〜つくばセンター〜建築研究所, ひたち野うしく駅〜イオン〜つくばセンター〜筑波大学病院, ひたち野うしく駅〜つくばセンター〜筑波大学病院, 土浦駅西口〜つくばセンター〜筑波大学病院, 荒川沖駅西口〜竹園二丁目〜つくばセンター〜建築研究所, つくばセンター〜春日三丁目〜建築研究所, 荒川沖駅西口〜学園並木〜つくばセンター〜筑波大学病院, 筑波大学循環"
真鍋郵便局,土浦市,Aコース市民会館循環
真鍋新町北,関鉄観光バス（株）,"土浦駅〜神立小学校〜神立駅, 土浦駅〜大塚団地〜神立駅, 土浦駅〜真鍋新町中央・大塚団地〜神立駅, 土浦駅〜神立小学校・神立駅〜土浦湖北高校, 土浦駅〜大塚団地・神立駅〜土浦湖北高校, 土浦駅〜土浦局前〜西神立"
霞ケ浦中学校前,関鉄グリーンバス（株）,土浦駅〜田伏〜玉造駅
霞ヶ浦中学校前,かすみがうら市,霞ヶ浦広域バス
真鍋一丁目,土浦市,Aコース市民会館循環
消防詰所前,五霞町,ごかりん号
南三坂,関鉄パープルバス（株）,石下駅〜鬼怒中学校前
土与部,五霞町,代替バス：五霞町役場前⇔幸手駅前
土与部,朝日自動車（株）,"【ST21】五霞町役場〜辰堂〜幸手駅, 【ST22】辰堂〜幸手駅"
関鉄本社入口,関東鉄道（株）,"土浦駅西口〜中貫〜石岡駅〜石岡車庫（グリーン）, 土浦駅西口〜中貫〜石岡駅〜石岡二高（グリーン）, 土浦駅西口〜中貫（グリーン）, 筑波山口〜郡道橋〜北条駅入口〜高岡〜土浦一高前〜土浦駅, 土浦駅〜高岡〜北条駅入口〜筑波山口, 下妻駅〜高道祖〜田中〜北条駅入口〜高岡〜土浦一高前〜土浦駅, 土浦駅〜高岡〜北条駅入口〜田中〜下妻駅, 土浦駅西口〜亀城公園前〜土浦一高前〜高岡, 土浦駅西口〜亀城公園前〜土浦一高前〜さんあぴお〜高岡, 土浦駅西口〜高岡〜北条駅入口〜下妻駅（パープル）, 福田〜阿見中央公民館〜阿見坂下〜土浦駅西口〜合同庁舎, 土浦駅西口〜亀城公園前〜県南自動車学校前〜中貫, 土浦駅西口〜県南自動車学校前〜つくば国際大学〜土浦駅西口, 土浦駅西口〜亀城公園前〜土浦一高前〜合同庁舎, つくばセンター〜土浦二高〜真鍋橋〜合同庁舎, 研究学園駅〜つくばセンター〜土浦一高〜合同庁舎, 研究学園駅〜つくばセンター〜土浦一高, つくばセンター〜土浦一高スクール"
関鉄本社入口,関鉄グリーンバス（株）,"土浦駅〜上志筑〜柿岡車庫, 土浦駅〜石岡駅〜石岡二高前, 土浦駅〜中貫（関鉄グリーン）, 土浦駅〜田伏〜玉造駅, 土浦駅〜土田〜石岡車庫, 土浦駅〜東風高校〜HG美野里"
関鉄本社入口,関鉄パープルバス（株）,土浦駅〜高岡〜下妻駅
関鉄本社入口,かすみがうら市,霞ヶ浦広域バス
湯楽の里土浦店,土浦市,Aコース市民会館循環
真鍋新町中央,関鉄観光バス（株）,"土浦駅〜真鍋新町中央・大塚団地〜神立駅, 土浦駅〜土浦局前〜おおつ野八丁目〜土浦協同病院"
真鍋新町中央,関東鉄道（株）,土浦車庫〜真鍋新町中央〜東崎町〜土浦駅西口
塚越,坂東市,沓掛・内野山ルート
借宿,坂東市,"長須・七重ルート, 半谷ルート"
大和田坂下,関鉄グリーンバス（株）,土浦駅〜田伏〜玉造駅
大和田坂下,かすみがうら市,霞ヶ浦広域バス
金村別雷神社入口,つくば市,西部シャトル
新川橋,土浦市,Aコース市民会館循環
田伏,関鉄グリーンバス（株）,土浦駅〜田伏〜玉造駅
田伏,かすみがうら市,霞ヶ浦広域バス
コスモ研究所前,朝日自動車（株）,"【ST21】五霞町役場〜辰堂〜幸手駅, 【ST22】辰堂〜幸手駅"
コスモ研究所前,五霞町,代替バス：五霞町役場前⇔幸手駅前
花室観音入口,関鉄パープルバス（株）,"土浦駅〜つくばセンター〜石下駅, 土浦駅〜学園竹園〜筑波大学中央"
花室観音入口,関東鉄道（株）,"つくばセンター〜土浦二高〜土浦駅西口（パープル）, 土浦駅西口〜千束町〜学園竹園〜つくばセンター, 土浦駅西口〜亀城公園〜土浦二高前〜学園竹園〜つくばセンター, 土浦駅東口〜吾妻〜つくばセンター〜高エネ研〜テクノパーク大穂, つくばセンター〜土浦二高〜真鍋橋〜合同庁舎, 研究学園駅〜つくばセンター〜土浦一高〜合同庁舎, 研究学園駅〜つくばセンター〜土浦一高, つくばセンター〜土浦一高スクール, 土浦駅西口〜つくばセンター〜筑波大学病院, 土浦車庫・土浦駅〜つくばセンター, 土浦車庫・土浦駅〜土浦二高・つくばセンター"
真鍋新町,関鉄観光バス（株）,"土浦駅〜神立小学校〜神立駅, 土浦駅〜大塚団地〜神立駅, 土浦駅〜真鍋新町中央・大塚団地〜神立駅, 土浦駅〜神立小学校・神立駅〜土浦湖北高校, 土浦駅〜大塚団地・神立駅〜土浦湖北高校, 土浦駅〜土浦局前〜西神立, 土浦駅〜土浦局前〜おおつ野八丁目〜土浦協同病院"
真鍋新町,関東鉄道（株）,土浦車庫〜真鍋新町中央〜東崎町〜土浦駅西口
八千代台西,関鉄グリーンバス（株）,土浦駅〜田伏〜玉造駅
八千代台西,かすみがうら市,霞ヶ浦広域バス
花園,つくば市,小田シャトル
八千代台,関鉄グリーンバス（株）,土浦駅〜田伏〜玉造駅
八千代台,かすみがうら市,霞ヶ浦広域バス
田中二丁目北,関鉄パープルバス（株）,土浦駅〜つくばセンター〜石下駅
田中二丁目北,関東鉄道（株）,"つくばセンター〜土浦二高〜土浦駅西口（パープル）, 土浦駅西口〜亀城公園〜土浦二高前〜学園竹園〜つくばセンター, つくばセンター〜土浦二高〜真鍋橋〜合同庁舎, 研究学園駅〜つくばセンター〜土浦一高〜合同庁舎, 研究学園駅〜つくばセンター〜土浦一高, つくばセンター〜土浦一高スクール, 土浦車庫・土浦駅〜土浦二高・つくばセンター"
宿消防機庫前,行方市,"北浦玉造ルート休日便, 麻生ルート, 玉造ルート1号車"
田中町,関鉄パープルバス（株）,土浦駅〜つくばセンター〜石下駅
アキバ,土浦市,Bコース亀城公園循環
田中町,関東鉄道（株）,"つくばセンター〜土浦二高〜土浦駅西口（パープル）, 土浦駅西口〜亀城公園〜土浦二高前〜学園竹園〜つくばセンター, つくばセンター〜土浦二高〜真鍋橋〜合同庁舎, 研究学園駅〜つくばセンター〜土浦一高〜合同庁舎, 研究学園駅〜つくばセンター〜土浦一高, つくばセンター〜土浦一高スクール, 土浦車庫・土浦駅〜土浦二高・つくばセンター"
刈浜,坂東市,沓掛・内野山ルート
真鍋橋,関東鉄道（株）,"土浦駅西口〜中貫〜石岡駅〜石岡車庫（グリーン）, 土浦駅西口〜中貫〜石岡駅〜石岡二高（グリーン）, 土浦駅西口〜中貫（グリーン）, 筑波山口〜郡道橋〜北条駅入口〜高岡〜土浦一高前〜土浦駅, 土浦駅〜高岡〜北条駅入口〜筑波山口, 下妻駅〜高道祖〜田中〜北条駅入口〜高岡〜土浦一高前〜土浦駅, 土浦駅〜高岡〜北条駅入口〜田中〜下妻駅, 土浦駅西口〜亀城公園前〜土浦一高前〜高岡, 土浦駅西口〜亀城公園前〜土浦一高前〜さんあぴお〜高岡, 土浦駅西口〜高岡〜北条駅入口〜下妻駅（パープル）, 福田〜阿見中央公民館〜阿見坂下〜土浦駅西口〜合同庁舎, 土浦駅西口〜亀城公園前〜県南自動車学校前〜中貫, 土浦駅西口〜県南自動車学校前〜つくば国際大学〜土浦駅西口, 土浦駅西口〜亀城公園前〜土浦一高前〜合同庁舎, つくばセンター〜土浦二高〜真鍋橋〜合同庁舎, 研究学園駅〜つくばセンター〜土浦一高〜合同庁舎, 研究学園駅〜つくばセンター〜土浦一高, つくばセンター〜土浦一高スクール"
真鍋橋,関鉄グリーンバス（株）,"土浦駅〜上志筑〜柿岡車庫, 土浦駅〜石岡駅〜石岡二高前, 土浦駅〜中貫（関鉄グリーン）, 土浦駅〜田伏〜玉造駅, 土浦駅〜土田〜石岡車庫, 土浦駅〜東風高校〜HG美野里"
真鍋橋,関鉄パープルバス（株）,土浦駅〜高岡〜下妻駅
真鍋橋,かすみがうら市,霞ヶ浦広域バス
田中一丁目北,関鉄パープルバス（株）,土浦駅〜つくばセンター〜石下駅
田中一丁目北,関東鉄道（株）,"つくばセンター〜土浦二高〜土浦駅西口（パープル）, 土浦駅西口〜亀城公園〜土浦二高前〜学園竹園〜つくばセンター, つくばセンター〜土浦二高〜真鍋橋〜合同庁舎, 研究学園駅〜つくばセンター〜土浦一高〜合同庁舎, 研究学園駅〜つくばセンター〜土浦一高, つくばセンター〜土浦一高スクール, 土浦車庫・土浦駅〜土浦二高・つくばセンター"
筑波大学春日エリア前,関鉄パープルバス（株）,"下妻駅〜筑波記念病院〜学園並木, 土浦駅〜つくばセンター〜石下駅, 土浦駅〜学園竹園〜筑波大学中央"
筑波大学春日エリア前,関東鉄道（株）,"ひたち野うしく駅〜つくばセンター〜建築研究所, ひたち野うしく駅〜イオン〜つくばセンター〜筑波大学病院, ひたち野うしく駅〜つくばセンター〜筑波大学病院, 研究学園駅〜つくばセンター〜土浦一高〜合同庁舎, 研究学園駅〜つくばセンター〜土浦一高, 土浦駅西口〜つくばセンター〜筑波大学病院, 荒川沖駅西口〜竹園二丁目〜つくばセンター〜建築研究所, つくばセンター〜春日三丁目〜建築研究所, 荒川沖駅西口〜学園並木〜つくばセンター〜筑波大学病院, 筑波大学循環"
研究学園3丁目,つくば市,吉沼シャトル
吉瀬,関鉄パープルバス（株）,"土浦駅〜つくばセンター〜石下駅, 土浦駅〜学園竹園〜筑波大学中央"
吉瀬,関東鉄道（株）,"つくばセンター〜土浦二高〜土浦駅西口（パープル）, 土浦駅西口〜千束町〜学園竹園〜つくばセンター, 土浦駅西口〜亀城公園〜土浦二高前〜学園竹園〜つくばセンター, 土浦駅東口〜吾妻〜つくばセンター〜高エネ研〜テクノパーク大穂, つくばセンター〜土浦二高〜真鍋橋〜合同庁舎, 研究学園駅〜つくばセンター〜土浦一高〜合同庁舎, 研究学園駅〜つくばセンター〜土浦一高, つくばセンター〜土浦一高スクール, 土浦駅西口〜つくばセンター〜筑波大学病院, 土浦車庫・土浦駅〜つくばセンター, 土浦車庫・土浦駅〜土浦二高・つくばセンター"
花室交差点,関東鉄道（株）,"つくばセンター〜土浦二高〜土浦駅西口（パープル）, 土浦駅西口〜千束町〜学園竹園〜つくばセンター, 土浦駅西口〜亀城公園〜土浦二高前〜学園竹園〜つくばセンター, 土浦駅東口〜吾妻〜つくばセンター〜高エネ研〜テクノパーク大穂, つくばセンター〜土浦二高〜真鍋橋〜合同庁舎, 研究学園駅〜つくばセンター〜土浦一高〜合同庁舎, 研究学園駅〜つくばセンター〜土浦一高, つくばセンター〜土浦一高スクール, 土浦駅西口〜つくばセンター〜筑波大学病院, 土浦車庫・土浦駅〜つくばセンター, 土浦車庫・土浦駅〜土浦二高・つくばセンター"
花室交差点,関鉄パープルバス（株）,"土浦駅〜つくばセンター〜石下駅, 土浦駅〜学園竹園〜筑波大学中央"
土浦二高,関鉄パープルバス（株）,土浦駅〜つくばセンター〜石下駅
土浦二高,土浦市,Bコース亀城公園循環
土浦二高,関東鉄道（株）,"つくばセンター〜土浦二高〜土浦駅西口（パープル）, 土浦駅西口〜亀城公園〜土浦二高前〜学園竹園〜つくばセンター, つくばセンター〜土浦二高〜真鍋橋〜合同庁舎, 研究学園駅〜つくばセンター〜土浦一高〜合同庁舎, 研究学園駅〜つくばセンター〜土浦一高, つくばセンター〜土浦一高スクール, 土浦車庫・土浦駅〜土浦二高・つくばセンター"
湖北一丁目,関東鉄道（株）,土浦車庫〜真鍋新町中央〜東崎町〜土浦駅西口
湖北一丁目,土浦市,Aコース市民会館循環
田中三丁目,関東鉄道（株）,"土浦駅西口〜千束町〜学園竹園〜つくばセンター, 土浦駅西口〜つくばセンター〜筑波大学病院, 土浦車庫・土浦駅〜つくばセンター"
田中三丁目,関鉄パープルバス（株）,土浦駅〜学園竹園〜筑波大学中央
月読神社,土浦市,Aコース市民会館循環
吾妻二丁目,関東鉄道（株）,"土浦駅東口〜吾妻〜つくばセンター〜高エネ研〜テクノパーク大穂, つくばセンター〜高エネ研〜テクノパーク大穂, つくばセンター〜天久保三〜テクノパーク大穂"
あじさい館,関鉄グリーンバス（株）,土浦駅〜田伏〜玉造駅
あじさい館,かすみがうら市,霞ヶ浦広域バス
北浦庁舎入口,行方市,北浦玉造ルート休日便
市役所北浦庁舎入口,行方市,北浦ルート
樫の木公園,関鉄観光バス（株）,土浦駅〜土浦局前〜おおつ野八丁目〜土浦協同病院
樫の木公園,関鉄グリーンバス（株）,"千代田神立ライン, 土浦駅〜田伏〜玉造駅"
樫の木公園,かすみがうら市,"霞ヶ浦広域バス, 千代田神立ライン"
東光台五丁目,つくば市,"作岡シャトル, 上郷シャトル"
上郷野手,つくば市,西部シャトル
春日二丁目,関東鉄道（株）,"研究学園駅〜つくばセンター〜土浦一高〜合同庁舎, 研究学園駅〜つくばセンター〜土浦一高"
春日二丁目,つくば市,上郷シャトル
粕毛,関鉄パープルバス（株）,"土浦駅〜つくばセンター〜石下駅, 土浦駅〜学園竹園〜筑波大学中央"
粕毛,関東鉄道（株）,"つくばセンター〜土浦二高〜土浦駅西口（パープル）, 土浦駅西口〜千束町〜学園竹園〜つくばセンター, 土浦駅西口〜亀城公園〜土浦二高前〜学園竹園〜つくばセンター, 土浦駅東口〜吾妻〜つくばセンター〜高エネ研〜テクノパーク大穂, つくばセンター〜土浦二高〜真鍋橋〜合同庁舎, 研究学園駅〜つくばセンター〜土浦一高〜合同庁舎, 研究学園駅〜つくばセンター〜土浦一高, つくばセンター〜土浦一高スクール, 土浦駅西口〜つくばセンター〜筑波大学病院, 土浦車庫・土浦駅〜つくばセンター, 土浦車庫・土浦駅〜土浦二高・つくばセンター"
内野山小学校,坂東市,沓掛・内野山ルート
北浦荘,行方市,"北浦玉造ルート休日便, 麻生東ルート, 北浦ルート"
田中二丁目,関東鉄道（株）,"土浦駅西口〜千束町〜学園竹園〜つくばセンター, 土浦駅西口〜つくばセンター〜筑波大学病院, 土浦車庫・土浦駅〜つくばセンター"
田中二丁目,関鉄パープルバス（株）,土浦駅〜学園竹園〜筑波大学中央
田中二丁目,土浦市,Bコース亀城公園循環
天王橋,土浦市,Aコース市民会館循環
内野山小学校北側前,（株）昭和観光自動車,"西坪生子線, 清水丘内野山線"
城北町,土浦市,Aコース市民会館循環
亀城公園前,関鉄グリーンバス（株）,"土浦駅〜上志筑〜柿岡車庫, 土浦駅〜石岡駅〜石岡二高前, 土浦駅〜中貫（関鉄グリーン）, 土浦駅〜田伏〜玉造駅, 土浦駅〜土田〜石岡車庫, 土浦駅〜東風高校〜HG美野里"
亀城公園前,関鉄パープルバス（株）,"土浦駅〜つくばセンター〜石下駅, 土浦駅〜高岡〜下妻駅"
亀城公園前,土浦市,Bコース亀城公園循環
亀城公園前,関東鉄道（株）,"土浦駅西口〜中貫〜石岡駅〜石岡車庫（グリーン）, つくばセンター〜土浦二高〜土浦駅西口（パープル）, 土浦駅西口〜中貫〜石岡駅〜石岡二高（グリーン）, 土浦駅西口〜中貫（グリーン）, 筑波山口〜郡道橋〜北条駅入口〜高岡〜土浦一高前〜土浦駅, 土浦駅〜高岡〜北条駅入口〜筑波山口, 下妻駅〜高道祖〜田中〜北条駅入口〜高岡〜土浦一高前〜土浦駅, 土浦駅〜高岡〜北条駅入口〜田中〜下妻駅, 土浦駅西口〜亀城公園前〜土浦一高前〜高岡, 土浦駅西口〜亀城公園前〜土浦一高前〜さんあぴお〜高岡, 土浦駅西口〜高岡〜北条駅入口〜下妻駅（パープル）, 水海道駅〜みどりの駅〜学園並木〜土浦駅西口, 水海道駅〜みどりの駅〜農林団地〜学園並木〜土浦駅西口, みどりの駅〜農林団地〜学園並木〜土浦駅西口, みどりの駅〜学園並木〜土浦駅西口, 福田〜阿見中央公民館〜阿見坂下〜土浦駅西口〜合同庁舎, 土浦駅西口〜亀城公園前〜天川団地入口〜桜ニュータウン, 土浦駅西口〜亀城公園前〜天川団地入口〜筑波研究学園専門学校, 土浦駅西口〜亀城公園前〜県南自動車学校前〜中貫, 土浦駅西口〜県南自動車学校前〜つくば国際大学〜土浦駅西口, 土浦駅西口〜亀城公園前〜土浦一高前〜合同庁舎, 土浦駅西口〜亀城公園〜土浦二高前〜学園竹園〜つくばセンター, 土浦車庫・土浦駅〜土浦二高・つくばセンター"
亀城公園前,ジェイアールバス関東（株）,茨城県土浦駅〜イオンモール土浦
亀城公園前,かすみがうら市,霞ヶ浦広域バス
土浦局前,関鉄観光バス（株）,"土浦駅〜神立小学校〜神立駅, 土浦駅〜大塚団地〜神立駅, 土浦駅〜真鍋新町中央・大塚団地〜神立駅, 土浦駅〜神立小学校・神立駅〜土浦湖北高校, 土浦駅〜大塚団地・神立駅〜土浦湖北高校, 土浦駅〜土浦局前〜西神立, 土浦駅〜土浦局前〜おおつ野八丁目〜土浦協同病院"
土浦局前,関東鉄道（株）,土浦車庫〜真鍋新町中央〜東崎町〜土浦駅西口
吾妻小学校,関鉄パープルバス（株）,"下妻駅〜筑波記念病院〜学園並木, 土浦駅〜つくばセンター〜石下駅, 土浦駅〜学園竹園〜筑波大学中央"
吾妻小学校,関東鉄道（株）,"ひたち野うしく駅〜つくばセンター〜建築研究所, ひたち野うしく駅〜イオン〜つくばセンター〜筑波大学病院, ひたち野うしく駅〜つくばセンター〜筑波大学病院, 研究学園駅〜つくばセンター〜土浦一高〜合同庁舎, 研究学園駅〜つくばセンター〜土浦一高, 土浦駅西口〜つくばセンター〜筑波大学病院, 荒川沖駅西口〜竹園二丁目〜つくばセンター〜建築研究所, つくばセンター〜春日三丁目〜建築研究所, 荒川沖駅西口〜学園並木〜つくばセンター〜筑波大学病院, 筑波大学循環"
土浦一中,土浦市,Bコース亀城公園循環
文京町,土浦市,Bコース亀城公園循環
つくば市役所北,つくば市,"吉沼シャトル, 作岡シャトル, 上郷シャトル"
市役所北浦庁舎,行方市,"北浦玉造ルート休日便, 麻生東ルート, 北浦ルート"
吾妻,関東鉄道（株）,土浦駅東口〜吾妻〜つくばセンター〜高エネ研〜テクノパーク大穂
吾妻住宅,関東鉄道（株）,"つくばセンター〜土浦二高〜土浦駅西口（パープル）, 土浦駅西口〜千束町〜学園竹園〜つくばセンター, 土浦駅西口〜亀城公園〜土浦二高前〜学園竹園〜つくばセンター, 土浦駅東口〜吾妻〜つくばセンター〜高エネ研〜テクノパーク大穂, つくばセンター〜高エネ研〜テクノパーク大穂, つくばセンター〜天久保三〜テクノパーク大穂, つくばセンター〜土浦二高〜真鍋橋〜合同庁舎, 研究学園駅〜つくばセンター〜土浦一高〜合同庁舎, 研究学園駅〜つくばセンター〜土浦一高, つくばセンター〜土浦一高スクール, 土浦駅西口〜つくばセンター〜筑波大学病院, 土浦車庫・土浦駅〜つくばセンター, 土浦車庫・土浦駅〜土浦二高・つくばセンター, 荒川沖駅西口〜並木大橋〜竹園二丁目〜つくばセンター, 荒川沖駅西口〜竹園二丁目〜つくばセンター〜建築研究所, つくばセンター〜学園並木〜つくばセンター, 荒川沖駅西口〜学園並木〜つくばセンター〜筑波大学病院, 桜ニュータウン〜常総学院入口・並木二丁目〜つくばセンター"
吾妻住宅,関鉄パープルバス（株）,"下妻駅〜筑波記念病院〜学園並木, 土浦駅〜つくばセンター〜石下駅, 土浦駅〜学園竹園〜筑波大学中央"
田中町【高架道】,関東鉄道（株）,土浦駅東口〜吾妻〜つくばセンター〜高エネ研〜テクノパーク大穂
田中一丁目,関東鉄道（株）,"土浦駅西口〜千束町〜学園竹園〜つくばセンター, 土浦駅西口〜つくばセンター〜筑波大学病院, 土浦車庫・土浦駅〜つくばセンター"
田中一丁目,関鉄パープルバス（株）,土浦駅〜学園竹園〜筑波大学中央
セブンイレブン北浦岡店前,行方市,麻生東ルート
研究学園駅入口,関東鉄道（株）,"研究学園駅〜つくばセンター〜土浦一高〜合同庁舎, 研究学園駅〜つくばセンター〜土浦一高"
研究学園駅入口,つくば市,上郷シャトル
県南造園土木協業組合,土浦市,Bコース亀城公園循環
宍塚,関鉄パープルバス（株）,"土浦駅〜つくばセンター〜石下駅, 土浦駅〜学園竹園〜筑波大学中央"
宍塚,関東鉄道（株）,"つくばセンター〜土浦二高〜土浦駅西口（パープル）, 土浦駅西口〜千束町〜学園竹園〜つくばセンター, 土浦駅西口〜亀城公園〜土浦二高前〜学園竹園〜つくばセンター, 土浦駅東口〜吾妻〜つくばセンター〜高エネ研〜テクノパーク大穂, つくばセンター〜土浦二高〜真鍋橋〜合同庁舎, 研究学園駅〜つくばセンター〜土浦一高〜合同庁舎, 研究学園駅〜つくばセンター〜土浦一高, つくばセンター〜土浦一高スクール, 土浦駅西口〜つくばセンター〜筑波大学病院, 土浦車庫・土浦駅〜つくばセンター, 土浦車庫・土浦駅〜土浦二高・つくばセンター"
さしま健康交流センター前,（株）昭和観光自動車,清水丘内野山線
吾妻四丁目,関鉄パープルバス（株）,"下妻駅〜筑波記念病院〜学園並木, 土浦駅〜つくばセンター〜石下駅, 土浦駅〜学園竹園〜筑波大学中央"
吾妻四丁目,関東鉄道（株）,"つくばセンター〜土浦二高〜土浦駅西口（パープル）, 土浦駅西口〜千束町〜学園竹園〜つくばセンター, 土浦駅西口〜亀城公園〜土浦二高前〜学園竹園〜つくばセンター, つくばセンター〜土浦二高〜真鍋橋〜合同庁舎, 研究学園駅〜つくばセンター〜土浦一高〜合同庁舎, 研究学園駅〜つくばセンター〜土浦一高, つくばセンター〜土浦一高スクール, 土浦駅西口〜つくばセンター〜筑波大学病院, 土浦車庫・土浦駅〜つくばセンター, 土浦車庫・土浦駅〜土浦二高・つくばセンター, 荒川沖駅西口〜並木大橋〜竹園二丁目〜つくばセンター, 荒川沖駅西口〜竹園二丁目〜つくばセンター〜建築研究所, つくばセンター〜学園並木〜つくばセンター, 荒川沖駅西口〜学園並木〜つくばセンター〜筑波大学病院, 桜ニュータウン〜常総学院入口・並木二丁目〜つくばセンター"
研究学園6丁目,つくば市,上郷シャトル
苅間,関東鉄道（株）,"研究学園駅〜つくばセンター〜土浦一高〜合同庁舎, 研究学園駅〜つくばセンター〜土浦一高"
土浦監督署・ハローワーク入口,関鉄パープルバス（株）,土浦駅〜つくばセンター〜石下駅
土浦監督署・ハローワーク入口,関東鉄道（株）,"つくばセンター〜土浦二高〜土浦駅西口（パープル）, 土浦駅西口〜千束町〜学園竹園〜つくばセンター, 土浦駅西口〜亀城公園〜土浦二高前〜学園竹園〜つくばセンター, 土浦駅東口〜吾妻〜つくばセンター〜高エネ研〜テクノパーク大穂, つくばセンター〜土浦二高〜真鍋橋〜合同庁舎, 研究学園駅〜つくばセンター〜土浦一高〜合同庁舎, 研究学園駅〜つくばセンター〜土浦一高, つくばセンター〜土浦一高スクール, 土浦駅西口〜つくばセンター〜筑波大学病院, 土浦車庫・土浦駅〜つくばセンター, 土浦車庫・土浦駅〜土浦二高・つくばセンター"
土浦車庫,関東鉄道（株）,"土浦車庫〜真鍋新町中央〜東崎町〜土浦駅西口, 土浦車庫・土浦駅〜つくばセンター, 土浦車庫・土浦駅〜土浦二高・つくばセンター"
土浦車庫,土浦市,Aコース市民会館循環
つくばハウジングパーク,関東鉄道（株）,"研究学園駅〜つくばセンター〜土浦一高〜合同庁舎, 研究学園駅〜つくばセンター〜土浦一高"
さしま健康交流センター,坂東市,"長須・七重ルート, 半谷ルート"
吾妻二丁目西,関東鉄道（株）,牛久駅〜谷田部車庫〜生物研〜つくばセンター〜筑波大学病院
七重小学校,坂東市,半谷ルート
土浦一中前,関東鉄道（株）,"水海道駅〜みどりの駅〜学園並木〜土浦駅西口, 水海道駅〜みどりの駅〜農林団地〜学園並木〜土浦駅西口, みどりの駅〜農林団地〜学園並木〜土浦駅西口, みどりの駅〜学園並木〜土浦駅西口, 土浦駅西口〜亀城公園前〜天川団地入口〜桜ニュータウン, 土浦駅西口〜亀城公園前〜天川団地入口〜筑波研究学園専門学校"
土浦一中前,ジェイアールバス関東（株）,茨城県土浦駅〜イオンモール土浦
七重郵便局,坂東市,長須・七重ルート
苅間篠前,関東鉄道（株）,"研究学園駅〜つくばセンター〜土浦一高〜合同庁舎, 研究学園駅〜つくばセンター〜土浦一高"
研究学園7丁目,つくば市,上郷シャトル
研究学園西,つくば市,"作岡シャトル, 上郷シャトル"
山戸内,関鉄パープルバス（株）,石下駅〜鬼怒中学校前
大馬新田大浜,坂東市,沓掛・内野山ルート
つくば学園局前,ジェイアールバス関東（株）,茨城県つくばセンター〜イオンモール土浦
竹園高校前,関鉄パープルバス（株）,"下妻駅〜筑波記念病院〜学園並木, 土浦駅〜つくばセンター〜石下駅, 土浦駅〜学園竹園〜筑波大学中央"
竹園高校前,関東鉄道（株）,"つくばセンター〜土浦二高〜土浦駅西口（パープル）, 土浦駅西口〜千束町〜学園竹園〜つくばセンター, 土浦駅西口〜亀城公園〜土浦二高前〜学園竹園〜つくばセンター, つくばセンター〜土浦二高〜真鍋橋〜合同庁舎, 研究学園駅〜つくばセンター〜土浦一高〜合同庁舎, 研究学園駅〜つくばセンター〜土浦一高, つくばセンター〜土浦一高スクール, 土浦駅西口〜つくばセンター〜筑波大学病院, 土浦車庫・土浦駅〜つくばセンター, 土浦車庫・土浦駅〜土浦二高・つくばセンター"
竹園高校前,ジェイアールバス関東（株）,茨城県つくばセンター〜イオンモール土浦
中央おおいちょう,土浦市,Bコース亀城公園循環
裁判所前［土浦市］,土浦市,Bコース亀城公園循環
つくば市役所,つくば市,"吉沼シャトル, 作岡シャトル, 上郷シャトル, 谷田部シャトル"
東崎保育所,土浦市,Aコース市民会館循環
生田町西,土浦市,Bコース亀城公園循環
城北町入口,土浦市,Aコース市民会館循環
商工会議所,土浦市,Aコース市民会館循環
土浦協同病院,かすみがうら市,"霞ヶ浦広域バス, 千代田神立ライン"
土浦協同病院,関鉄グリーンバス（株）,"千代田神立ライン, 土浦駅〜田伏〜玉造駅"
土浦協同病院,関鉄観光バス（株）,土浦駅〜土浦局前〜おおつ野八丁目〜土浦協同病院
まちかど蔵,土浦市,Bコース亀城公園循環
千束町北,土浦市,Bコース亀城公園循環
研究学園駅,関東鉄道（株）,"【深夜】守谷駅東口〜つくばセンター, 研究学園駅〜つくばセンター〜土浦一高〜合同庁舎, 研究学園駅〜つくばセンター〜土浦一高"
研究学園駅,つくば市,"吉沼シャトル, 作岡シャトル, 上郷シャトル, 谷田部シャトル"
ラクスマリーナ,土浦市,Aコース市民会館循環
千束町,関東鉄道（株）,"水海道駅〜みどりの駅〜学園並木〜土浦駅西口, 水海道駅〜みどりの駅〜農林団地〜学園並木〜土浦駅西口, みどりの駅〜農林団地〜学園並木〜土浦駅西口, みどりの駅〜学園並木〜土浦駅西口, 土浦駅西口〜亀城公園前〜天川団地入口〜桜ニュータウン, 土浦駅西口〜亀城公園前〜天川団地入口〜筑波研究学園専門学校, 土浦駅西口〜千束町〜学園竹園〜つくばセンター, 土浦駅〜千束町〜土浦特別支援学校〜野田団地〜つくばセンター, 土浦駅西口〜つくばセンター〜筑波大学病院, 土浦車庫・土浦駅〜つくばセンター"
千束町,関鉄パープルバス（株）,土浦駅〜学園竹園〜筑波大学中央
千束町,土浦市,Bコース亀城公園循環
桜橋,関鉄グリーンバス（株）,"土浦駅〜上志筑〜柿岡車庫, 土浦駅〜石岡駅〜石岡二高前, 土浦駅〜中貫（関鉄グリーン）, 土浦駅〜田伏〜玉造駅, 土浦駅〜土田〜石岡車庫, 土浦駅〜東風高校〜HG美野里"
桜橋,関鉄パープルバス（株）,"土浦駅〜つくばセンター〜石下駅, 土浦駅〜高岡〜下妻駅"
桜橋,土浦市,Aコース市民会館循環
桜橋,関東鉄道（株）,"土浦駅西口〜中貫〜石岡駅〜石岡車庫（グリーン）, つくばセンター〜土浦二高〜土浦駅西口（パープル）, 土浦駅西口〜中貫〜石岡駅〜石岡二高（グリーン）, 土浦駅西口〜中貫（グリーン）, 筑波山口〜郡道橋〜北条駅入口〜高岡〜土浦一高前〜土浦駅, 土浦駅〜高岡〜北条駅入口〜筑波山口, 下妻駅〜高道祖〜田中〜北条駅入口〜高岡〜土浦一高前〜土浦駅, 土浦駅〜高岡〜北条駅入口〜田中〜下妻駅, 土浦駅西口〜亀城公園前〜土浦一高前〜高岡, 土浦駅西口〜亀城公園前〜土浦一高前〜さんあぴお〜高岡, 土浦駅西口〜高岡〜北条駅入口〜下妻駅（パープル）, 水海道駅〜みどりの駅〜学園並木〜土浦駅西口, 水海道駅〜みどりの駅〜農林団地〜学園並木〜土浦駅西口, みどりの駅〜農林団地〜学園並木〜土浦駅西口, みどりの駅〜学園並木〜土浦駅西口, 福田〜阿見中央公民館〜阿見坂下〜土浦駅西口〜合同庁舎, 土浦駅西口〜亀城公園前〜天川団地入口〜桜ニュータウン, 土浦駅西口〜亀城公園前〜天川団地入口〜筑波研究学園専門学校, 土浦駅西口〜亀城公園前〜県南自動車学校前〜中貫, 土浦駅西口〜県南自動車学校前〜つくば国際大学〜土浦駅西口, 土浦駅西口〜亀城公園前〜土浦一高前〜合同庁舎, 土浦駅西口〜亀城公園〜土浦二高前〜学園竹園〜つくばセンター, 土浦車庫・土浦駅〜土浦二高・つくばセンター"
桜橋,かすみがうら市,霞ヶ浦広域バス
桜橋,ジェイアールバス関東（株）,茨城県土浦駅〜イオンモール土浦
大手門入口,土浦市,Bコース亀城公園循環
中央警察前,ジェイアールバス関東（株）,茨城県つくばセンター〜イオンモール土浦
生田町東,土浦市,Bコース亀城公園循環
東崎町,関鉄観光バス（株）,"土浦駅〜神立小学校〜神立駅, 土浦駅〜大塚団地〜神立駅, 土浦駅〜真鍋新町中央・大塚団地〜神立駅, 土浦駅〜神立小学校・神立駅〜土浦湖北高校, 土浦駅〜大塚団地・神立駅〜土浦湖北高校, 土浦駅〜土浦局前〜西神立, 土浦駅〜土浦局前〜おおつ野八丁目〜土浦協同病院"
東崎町,土浦市,Aコース市民会館循環
東崎町,関東鉄道（株）,"土浦車庫〜真鍋新町中央〜東崎町〜土浦駅西口, 土浦車庫・土浦駅〜つくばセンター, 土浦車庫・土浦駅〜土浦二高・つくばセンター"
弓田北,坂東市,庁舎間シャトル
つくばセンター,関東鉄道（株）,"つくばセンター〜土浦二高〜土浦駅西口（パープル）, つくばセンター〜筑波山神社入口〜つつじヶ丘【筑波山シャトル】, 牛久駅〜谷田部車庫〜生物研〜つくばセンター〜筑波大学病院, ひたち野うしく駅〜二の宮中央〜つくばセンター, ひたち野うしく駅〜つくばセンター〜建築研究所, ひたち野うしく駅〜イオン〜つくばセンター〜筑波大学病院, ひたち野うしく駅〜イオン〜つくばセンター, ひたち野うしく駅〜つくばセンター〜筑波大学病院, つくばセンター〜手代木団地〜松代小学校〜つくばセンター, 手代木団地〜松代二丁目〜つくばセンター, 学園南循環【右回り】, 【深夜】守谷駅東口〜つくばセンター, 土浦駅西口〜千束町〜学園竹園〜つくばセンター, 土浦駅西口〜亀城公園〜土浦二高前〜学園竹園〜つくばセンター, 土浦駅東口〜吾妻〜つくばセンター〜高エネ研〜テクノパーク大穂, つくばセンター〜高エネ研〜テクノパーク大穂, 土浦駅〜千束町〜土浦特別支援学校〜野田団地〜つくばセンター, つくばセンター〜天久保三〜テクノパーク大穂, つくばセンター〜土浦二高〜真鍋橋〜合同庁舎, 研究学園駅〜つくばセンター〜土浦一高〜合同庁舎, 研究学園駅〜つくばセンター〜土浦一高, つくばセンター〜土浦一高スクール, 土浦駅西口〜つくばセンター〜筑波大学病院, 土浦車庫・土浦駅〜つくばセンター, 土浦車庫・土浦駅〜土浦二高・つくばセンター, 荒川沖駅西口〜並木大橋〜竹園二丁目〜つくばセンター, 荒川沖駅西口〜竹園二丁目〜つくばセンター〜建築研究所, つくばセンター〜春日三丁目〜建築研究所, つくばセンター〜学園並木〜つくばセンター, 荒川沖駅西口〜学園並木〜つくばセンター〜筑波大学病院, 筑波大学循環, 桜ニュータウン〜常総学院入口・並木二丁目〜つくばセンター"
つくばセンター,つくば市,"小田シャトル, 上郷シャトル, 南部シャトル, 北部シャトル"
つくばセンター,関鉄パープルバス（株）,"下妻駅〜筑波記念病院〜学園並木, 直通, 土浦駅〜つくばセンター〜石下駅, 土浦駅〜学園竹園〜筑波大学中央"
つくばセンター,ジェイアールバス関東（株）,"茨城県つくばセンター〜イオンモール土浦, 茨城県ひたち野うしく駅〜つくばセンター"
竹園一丁目,関東鉄道（株）,"つくばセンター〜土浦二高〜土浦駅西口（パープル）, 土浦駅西口〜千束町〜学園竹園〜つくばセンター, 土浦駅西口〜亀城公園〜土浦二高前〜学園竹園〜つくばセンター, つくばセンター〜土浦二高〜真鍋橋〜合同庁舎, 研究学園駅〜つくばセンター〜土浦一高〜合同庁舎, 研究学園駅〜つくばセンター〜土浦一高, つくばセンター〜土浦一高スクール, 土浦駅西口〜つくばセンター〜筑波大学病院, 土浦車庫・土浦駅〜つくばセンター, 土浦車庫・土浦駅〜土浦二高・つくばセンター, 荒川沖駅西口〜並木大橋〜竹園二丁目〜つくばセンター, 荒川沖駅西口〜竹園二丁目〜つくばセンター〜建築研究所, つくばセンター〜学園並木〜つくばセンター, 荒川沖駅西口〜学園並木〜つくばセンター〜筑波大学病院, 桜ニュータウン〜常総学院入口・並木二丁目〜つくばセンター"
竹園一丁目,関鉄パープルバス（株）,"土浦駅〜つくばセンター〜石下駅, 土浦駅〜学園竹園〜筑波大学中央"
川口一丁目,土浦市,Aコース市民会館循環
吾妻一丁目西,関東鉄道（株）,牛久駅〜谷田部車庫〜生物研〜つくばセンター〜筑波大学病院
研究学園駅前公園,つくば市,谷田部シャトル
大手町,土浦市,Bコース亀城公園循環
中央通り西,関東鉄道（株）,"牛久駅〜谷田部車庫〜生物研〜つくばセンター〜筑波大学病院, ひたち野うしく駅〜二の宮中央〜つくばセンター, ひたち野うしく駅〜イオン〜つくばセンター〜筑波大学病院, ひたち野うしく駅〜イオン〜つくばセンター, ひたち野うしく駅〜つくばセンター〜筑波大学病院"
中央通り西,ジェイアールバス関東（株）,茨城県ひたち野うしく駅〜つくばセンター
クレオ前,関東鉄道（株）,"つくばセンター〜手代木団地〜松代小学校〜つくばセンター, 手代木団地〜松代二丁目〜つくばセンター, 学園南循環【右回り】"
東京電力,土浦市,Bコース亀城公園循環
大馬新田公民館,坂東市,沓掛・内野山ルート
しんしん玉造店前,行方市,"北浦ルート, 玉造ルート1号車, 玉造ルート2号車"
竹原西広場公園,ジェイアールバス関東（株）,茨城県つくばセンター〜イオンモール土浦
上郷大山,つくば市,西部シャトル
川口町モール505入口,土浦市,Aコース市民会館循環
川口町【高架道】,関東鉄道（株）,土浦駅東口〜吾妻〜つくばセンター〜高エネ研〜テクノパーク大穂
港橋,土浦市,Aコース市民会館循環
桜町四丁目,関東鉄道（株）,"土浦駅西口〜千束町〜学園竹園〜つくばセンター, 土浦駅〜千束町〜土浦特別支援学校〜野田団地〜つくばセンター, 土浦駅西口〜つくばセンター〜筑波大学病院, 土浦車庫・土浦駅〜つくばセンター"
桜町四丁目,関鉄パープルバス（株）,土浦駅〜学園竹園〜筑波大学中央
桜町四丁目,土浦市,Bコース亀城公園循環
桜町四丁目【高架道】,関東鉄道（株）,土浦駅東口〜吾妻〜つくばセンター〜高エネ研〜テクノパーク大穂
川口町,関鉄観光バス（株）,"土浦駅〜神立小学校〜神立駅, 土浦駅〜大塚団地〜神立駅, 土浦駅〜真鍋新町中央・大塚団地〜神立駅, 土浦駅〜神立小学校・神立駅〜土浦湖北高校, 土浦駅〜大塚団地・神立駅〜土浦湖北高校, 土浦駅〜土浦局前〜西神立, 土浦駅〜土浦局前〜おおつ野八丁目〜土浦協同病院"
川口町,関鉄パープルバス（株）,"土浦駅〜つくばセンター〜石下駅, 土浦駅〜高岡〜下妻駅"
川口町,土浦市,Aコース市民会館循環
川口町,関東鉄道（株）,"土浦駅西口〜中貫〜石岡駅〜石岡車庫（グリーン）, つくばセンター〜土浦二高〜土浦駅西口（パープル）, 土浦駅西口〜中貫〜石岡駅〜石岡二高（グリーン）, 土浦駅西口〜中貫（グリーン）, 筑波山口〜郡道橋〜北条駅入口〜高岡〜土浦一高前〜土浦駅, 土浦駅〜高岡〜北条駅入口〜筑波山口, 下妻駅〜高道祖〜田中〜北条駅入口〜高岡〜土浦一高前〜土浦駅, 土浦駅〜高岡〜北条駅入口〜田中〜下妻駅, 土浦駅西口〜亀城公園前〜土浦一高前〜高岡, 土浦駅西口〜亀城公園前〜土浦一高前〜さんあぴお〜高岡, 土浦駅西口〜高岡〜北条駅入口〜下妻駅（パープル）, 水海道駅〜みどりの駅〜学園並木〜土浦駅西口, 水海道駅〜みどりの駅〜農林団地〜学園並木〜土浦駅西口, みどりの駅〜農林団地〜学園並木〜土浦駅西口, みどりの駅〜学園並木〜土浦駅西口, 福田〜阿見中央公民館〜阿見坂下〜土浦駅西口〜合同庁舎, 土浦車庫〜真鍋新町中央〜東崎町〜土浦駅西口, 土浦駅西口〜亀城公園前〜天川団地入口〜桜ニュータウン, 土浦駅西口〜亀城公園前〜天川団地入口〜筑波研究学園専門学校, 土浦駅西口〜亀城公園前〜県南自動車学校前〜中貫, 土浦駅西口〜県南自動車学校前〜つくば国際大学〜土浦駅西口, 土浦駅西口〜亀城公園前〜土浦一高前〜合同庁舎, 土浦駅西口〜亀城公園〜土浦二高前〜学園竹園〜つくばセンター, 土浦車庫・土浦駅〜つくばセンター, 土浦車庫・土浦駅〜土浦二高・つくばセンター"
川口町,関鉄グリーンバス（株）,"土浦駅〜上志筑〜柿岡車庫, 土浦駅〜石岡駅〜石岡二高前, 土浦駅〜中貫（関鉄グリーン）, 土浦駅〜田伏〜玉造駅, 土浦駅〜土田〜石岡車庫, 土浦駅〜東風高校〜HG美野里"
川口町,ジェイアールバス関東（株）,茨城県土浦駅〜イオンモール土浦
川口町,かすみがうら市,霞ヶ浦広域バス
大町北,土浦市,Bコース亀城公園循環
白畑,関鉄パープルバス（株）,石下駅〜鬼怒中学校前
上郷神谷森,つくば市,西部シャトル
川口運動公園入口,土浦市,Aコース市民会館循環
上の室,関東鉄道（株）,土浦駅〜千束町〜土浦特別支援学校〜野田団地〜つくばセンター
弓田前,（株）昭和観光自動車,清水丘内野山線
学園竹園,関鉄パープルバス（株）,"下妻駅〜筑波記念病院〜学園並木, 土浦駅〜つくばセンター〜石下駅, 土浦駅〜学園竹園〜筑波大学中央"
学園竹園,関東鉄道（株）,"つくばセンター〜土浦二高〜土浦駅西口（パープル）, 土浦駅西口〜千束町〜学園竹園〜つくばセンター, 土浦駅西口〜亀城公園〜土浦二高前〜学園竹園〜つくばセンター, つくばセンター〜土浦二高〜真鍋橋〜合同庁舎, 研究学園駅〜つくばセンター〜土浦一高〜合同庁舎, 研究学園駅〜つくばセンター〜土浦一高, つくばセンター〜土浦一高スクール, 土浦駅西口〜つくばセンター〜筑波大学病院, 土浦車庫・土浦駅〜つくばセンター, 土浦車庫・土浦駅〜土浦二高・つくばセンター"
竹園二丁目,関東鉄道（株）,"つくばセンター〜土浦二高〜土浦駅西口（パープル）, 土浦駅西口〜千束町〜学園竹園〜つくばセンター, 土浦駅西口〜亀城公園〜土浦二高前〜学園竹園〜つくばセンター, つくばセンター〜土浦二高〜真鍋橋〜合同庁舎, 研究学園駅〜つくばセンター〜土浦一高〜合同庁舎, 研究学園駅〜つくばセンター〜土浦一高, つくばセンター〜土浦一高スクール, 土浦駅西口〜つくばセンター〜筑波大学病院, 土浦車庫・土浦駅〜つくばセンター, 土浦車庫・土浦駅〜土浦二高・つくばセンター, 荒川沖駅西口〜並木大橋〜竹園二丁目〜つくばセンター, 荒川沖駅西口〜竹園二丁目〜つくばセンター〜建築研究所, つくばセンター〜学園並木〜つくばセンター, 荒川沖駅西口〜学園並木〜つくばセンター〜筑波大学病院, 桜ニュータウン〜常総学院入口・並木二丁目〜つくばセンター"
竹園二丁目,関鉄パープルバス（株）,"土浦駅〜つくばセンター〜石下駅, 土浦駅〜学園竹園〜筑波大学中央"
土浦橋,関東鉄道（株）,"水海道駅〜みどりの駅〜学園並木〜土浦駅西口, 水海道駅〜みどりの駅〜農林団地〜学園並木〜土浦駅西口, みどりの駅〜農林団地〜学園並木〜土浦駅西口, みどりの駅〜学園並木〜土浦駅西口, 土浦駅西口〜亀城公園前〜天川団地入口〜桜ニュータウン, 土浦駅西口〜亀城公園前〜天川団地入口〜筑波研究学園専門学校, 土浦駅〜千束町〜土浦特別支援学校〜野田団地〜つくばセンター"
桜町三丁目,関東鉄道（株）,"土浦駅西口〜千束町〜学園竹園〜つくばセンター, 土浦駅〜千束町〜土浦特別支援学校〜野田団地〜つくばセンター, 土浦駅西口〜つくばセンター〜筑波大学病院, 土浦車庫・土浦駅〜つくばセンター"
桜町三丁目,関鉄パープルバス（株）,土浦駅〜学園竹園〜筑波大学中央
桜町三丁目,土浦市,Bコース亀城公園循環
大町南,土浦市,Bコース亀城公園循環
上の室坂上,関東鉄道（株）,土浦駅〜千束町〜土浦特別支援学校〜野田団地〜つくばセンター
イオンモール土浦,土浦市,"つちまるバス（中村南・西根南地区経由）, つちまるバス（右籾地区経由）"
イオンモール土浦,ジェイアールバス関東（株）,"茨城県つくばセンター〜イオンモール土浦, 茨城県土浦駅〜イオンモール土浦"
ナヴァーレ,土浦市,Aコース市民会館循環
さくら団地,関東鉄道（株）,"学園南循環【右回り】, 土浦駅〜千束町〜土浦特別支援学校〜野田団地〜つくばセンター"
上郷神谷森東（TIS入口）,つくば市,西部シャトル
学園西,関東鉄道（株）,"牛久駅〜谷田部車庫〜生物研〜つくばセンター〜筑波大学病院, つくばセンター〜手代木団地〜松代小学校〜つくばセンター, 手代木団地〜松代二丁目〜つくばセンター"
桜町,土浦市,Bコース亀城公園循環
港町中央,土浦市,Aコース市民会館循環
土浦駅西口,関東鉄道（株）,"土浦駅西口〜中貫〜石岡駅〜石岡車庫（グリーン）, つくばセンター〜土浦二高〜土浦駅西口（パープル）, 土浦駅西口〜中貫〜石岡駅〜石岡二高（グリーン）, 土浦駅西口〜中貫（グリーン）, 筑波山口〜郡道橋〜北条駅入口〜高岡〜土浦一高前〜土浦駅, 土浦駅〜高岡〜北条駅入口〜筑波山口, 下妻駅〜高道祖〜田中〜北条駅入口〜高岡〜土浦一高前〜土浦駅, 土浦駅〜高岡〜北条駅入口〜田中〜下妻駅, 土浦駅西口〜亀城公園前〜土浦一高前〜高岡, 土浦駅西口〜亀城公園前〜土浦一高前〜さんあぴお〜高岡, 土浦駅西口〜高岡〜北条駅入口〜下妻駅（パープル）, 水海道駅〜みどりの駅〜学園並木〜土浦駅西口, 水海道駅〜みどりの駅〜農林団地〜学園並木〜土浦駅西口, みどりの駅〜農林団地〜学園並木〜土浦駅西口, みどりの駅〜学園並木〜土浦駅西口, 土浦駅西口〜富士崎町〜阿見坂下〜阿見中央公民館, 土浦駅西口〜富士崎町〜阿見坂下〜東京医大〜阿見中央公民館, 土浦駅西口〜霞ケ浦高校前, 土浦駅西口〜阿見坂下〜阿見中央公民館〜福田, 福田〜阿見中央公民館〜阿見坂下〜土浦駅西口〜合同庁舎, 土浦駅〜若栗〜阿見中央公民館〜土浦駅, 土浦駅西口〜小松ヶ丘〜桜ヶ丘〜補給処〜荒川沖駅東口, 土浦駅西口〜桜ヶ丘〜小松ヶ丘〜土浦駅西口, 土浦駅西口〜霞ヶ岡〜小岩田団地〜烏山団地, 土浦駅西口〜桜ヶ丘〜小岩田団地〜烏山団地, 土浦車庫〜真鍋新町中央〜東崎町〜土浦駅西口, 土浦駅西口〜亀城公園前〜天川団地入口〜桜ニュータウン, 土浦駅西口〜亀城公園前〜天川団地入口〜筑波研究学園専門学校, 土浦駅西口〜亀城公園前〜県南自動車学校前〜中貫, 土浦駅西口〜県南自動車学校前〜つくば国際大学〜土浦駅西口, 土浦駅西口〜亀城公園前〜土浦一高前〜合同庁舎, 土浦駅西口〜千束町〜学園竹園〜つくばセンター, 土浦駅西口〜亀城公園〜土浦二高前〜学園竹園〜つくばセンター, 土浦駅〜千束町〜土浦特別支援学校〜野田団地〜つくばセンター, 土浦駅西口〜つくばセンター〜筑波大学病院, 土浦車庫・土浦駅〜つくばセンター, 土浦車庫・土浦駅〜土浦二高・つくばセンター"
土浦駅西口,土浦市,"Aコース市民会館循環, Bコース亀城公園循環, Cコース霞ヶ浦循環"
桜町一丁目,関東鉄道（株）,"福田〜阿見中央公民館〜阿見坂下〜土浦駅西口〜合同庁舎, 土浦駅〜若栗〜阿見中央公民館〜土浦駅, 土浦駅西口〜桜ヶ丘〜小松ヶ丘〜土浦駅西口, 土浦駅西口〜桜ヶ丘〜小岩田団地〜烏山団地"
馬内橋,坂東市,沓掛・内野山ルート
土浦駅,関鉄グリーンバス（株）,"土浦駅〜上志筑〜柿岡車庫, 土浦駅〜石岡駅〜石岡二高前, 土浦駅〜中貫（関鉄グリーン）, 土浦駅〜田伏〜玉造駅, 土浦駅〜土田〜石岡車庫, 土浦駅〜東風高校〜HG美野里"
土浦駅,関鉄観光バス（株）,"土浦駅〜神立小学校〜神立駅, 土浦駅〜大塚団地〜神立駅, 土浦駅〜真鍋新町中央・大塚団地〜神立駅, 土浦駅〜神立小学校・神立駅〜土浦湖北高校, 土浦駅〜大塚団地・神立駅〜土浦湖北高校, 土浦駅〜土浦局前〜西神立, 土浦駅〜土浦局前〜おおつ野八丁目〜土浦協同病院"
土浦駅,関鉄パープルバス（株）,"土浦駅〜つくばセンター〜石下駅, 土浦駅〜学園竹園〜筑波大学中央, 土浦駅〜高岡〜下妻駅"
土浦駅,ジェイアールバス関東（株）,"茨城県土浦駅〜イオンモール土浦, 茨城県土浦駅〜阿見〜島津〜木原〜美浦トレセン前〜江戸崎, 茨城県土浦駅〜阿見〜曙町〜南平台〜君島〜江戸崎"
土浦駅,かすみがうら市,霞ヶ浦広域バス
土浦駅東口,関東鉄道（株）,土浦駅東口〜吾妻〜つくばセンター〜高エネ研〜テクノパーク大穂
要地区館前,行方市,"麻生東ルート, 北浦ルート"
駒跿十字路,坂東市,長須・七重ルート
土浦駅東口,土浦市,Aコース市民会館循環
つくば秀英高校,つくば市,谷田部シャトル
下高津小学校下,関東鉄道（株）,土浦駅〜千束町〜土浦特別支援学校〜野田団地〜つくばセンター
リカー＆フーズはこや前,行方市,"北浦玉造ルート休日便, 麻生ルート, 玉造ルート1号車"
弓田一区,坂東市,庁舎間シャトル
竹園三丁目,関東鉄道（株）,土浦駅〜千束町〜土浦特別支援学校〜野田団地〜つくばセンター
揚水機場,関東鉄道（株）,土浦駅〜千束町〜土浦特別支援学校〜野田団地〜つくばセンター
桜町一丁目,土浦市,"Bコース亀城公園循環, Cコース霞ヶ浦循環"
土浦酪農前,関東鉄道（株）,土浦駅〜千束町〜土浦特別支援学校〜野田団地〜つくばセンター
下高津入口,関東鉄道（株）,土浦駅〜千束町〜土浦特別支援学校〜野田団地〜つくばセンター
銭亀橋南,土浦市,Bコース亀城公園循環
港町三丁目,土浦市,Aコース市民会館循環
港町二丁目,土浦市,Aコース市民会館循環
小池,関東鉄道（株）,"牛久駅〜谷田部車庫〜生物研〜つくばセンター〜筑波大学病院, つくばセンター〜手代木団地〜松代小学校〜つくばセンター, 手代木団地〜松代二丁目〜つくばセンター"
小池,つくば市,南部シャトル
港町二丁目北,土浦市,Aコース市民会館循環
港町一丁目,土浦市,Aコース市民会館循環
つくば国際会議場,関東鉄道（株）,"学園南循環【右回り】, 土浦駅〜千束町〜土浦特別支援学校〜野田団地〜つくばセンター"
大志崎,（株）池田交通,鹿嶋コミュニティバス　湖岸海岸線
別府学園台入口,つくば市,西部シャトル
上高津,関東鉄道（株）,土浦駅〜千束町〜土浦特別支援学校〜野田団地〜つくばセンター
駒跿原山,坂東市,長須・七重ルート
重郷,関東鉄道（株）,土浦駅〜千束町〜土浦特別支援学校〜野田団地〜つくばセンター
千現一丁目,関東鉄道（株）,"荒川沖駅西口〜並木大橋〜竹園二丁目〜つくばセンター, 荒川沖駅西口〜竹園二丁目〜つくばセンター〜建築研究所, つくばセンター〜学園並木〜つくばセンター, 荒川沖駅西口〜学園並木〜つくばセンター〜筑波大学病院, 桜ニュータウン〜常総学院入口・並木二丁目〜つくばセンター"
千現一丁目,関鉄パープルバス（株）,下妻駅〜筑波記念病院〜学園並木
金崎橋,坂東市,沓掛・内野山ルート
富士崎一丁目,土浦市,Bコース亀城公園循環
小野崎南,関東鉄道（株）,"ひたち野うしく駅〜二の宮中央〜つくばセンター, ひたち野うしく駅〜イオン〜つくばセンター〜筑波大学病院, ひたち野うしく駅〜イオン〜つくばセンター, ひたち野うしく駅〜つくばセンター〜筑波大学病院"
小野崎南,ジェイアールバス関東（株）,茨城県ひたち野うしく駅〜つくばセンター
倉掛,関東鉄道（株）,土浦駅〜千束町〜土浦特別支援学校〜野田団地〜つくばセンター
土浦特別支援学校,関東鉄道（株）,土浦駅〜千束町〜土浦特別支援学校〜野田団地〜つくばセンター
大境,つくば市,谷田部シャトル
鹿島灘駅,（株）池田交通,"鹿嶋コミュニティバス　中央線, 鹿嶋コミュニティバス　湖岸海岸線"
下高津一丁目,土浦市,Bコース亀城公園循環
竹園二丁目南,関東鉄道（株）,土浦駅〜千束町〜土浦特別支援学校〜野田団地〜つくばセンター
清峰前,関東鉄道（株）,土浦駅〜千束町〜土浦特別支援学校〜野田団地〜つくばセンター
三妻,関鉄パープルバス（株）,石下駅〜鬼怒中学校前
松代二丁目,関東鉄道（株）,"牛久駅〜谷田部車庫〜生物研〜つくばセンター〜筑波大学病院, つくばセンター〜手代木団地〜松代小学校〜つくばセンター, 手代木団地〜松代二丁目〜つくばセンター"
富士崎町,関東鉄道（株）,"土浦駅西口〜富士崎町〜阿見坂下〜阿見中央公民館, 土浦駅西口〜富士崎町〜阿見坂下〜東京医大〜阿見中央公民館, 土浦駅西口〜阿見坂下〜阿見中央公民館〜福田, 福田〜阿見中央公民館〜阿見坂下〜土浦駅西口〜合同庁舎, 土浦駅〜若栗〜阿見中央公民館〜土浦駅, 土浦駅西口〜小松ヶ丘〜桜ヶ丘〜補給処〜荒川沖駅東口, 土浦駅西口〜桜ヶ丘〜小松ヶ丘〜土浦駅西口, 土浦駅西口〜霞ヶ岡〜小岩田団地〜烏山団地, 土浦駅西口〜桜ヶ丘〜小岩田団地〜烏山団地"
富士崎町,土浦市,Cコース霞ヶ浦循環
富士崎町,ジェイアールバス関東（株）,"茨城県土浦駅〜阿見〜島津〜木原〜美浦トレセン前〜江戸崎, 茨城県土浦駅〜阿見〜曙町〜南平台〜君島〜江戸崎"
野田団地,関東鉄道（株）,土浦駅〜千束町〜土浦特別支援学校〜野田団地〜つくばセンター
下高津郵便局,土浦市,Bコース亀城公園循環
圓満寺入口,行方市,麻生東ルート
東新井南,関東鉄道（株）,"ひたち野うしく駅〜二の宮中央〜つくばセンター, ひたち野うしく駅〜イオン〜つくばセンター〜筑波大学病院, ひたち野うしく駅〜イオン〜つくばセンター, ひたち野うしく駅〜つくばセンター〜筑波大学病院"
JRバス土浦支店前,関東鉄道（株）,"土浦駅西口〜富士崎町〜阿見坂下〜阿見中央公民館, 土浦駅西口〜富士崎町〜阿見坂下〜東京医大〜阿見中央公民館, 土浦駅西口〜阿見坂下〜阿見中央公民館〜福田, 福田〜阿見中央公民館〜阿見坂下〜土浦駅西口〜合同庁舎, 土浦駅〜若栗〜阿見中央公民館〜土浦駅, 土浦駅西口〜小松ヶ丘〜桜ヶ丘〜補給処〜荒川沖駅東口, 土浦駅西口〜桜ヶ丘〜小松ヶ丘〜土浦駅西口, 土浦駅西口〜霞ヶ岡〜小岩田団地〜烏山団地, 土浦駅西口〜桜ヶ丘〜小岩田団地〜烏山団地"
菊地内科医院,土浦市,Bコース亀城公園循環
鍛冶畑児童公園,関東鉄道（株）,つくばセンター〜手代木団地〜松代小学校〜つくばセンター
国立病院入口,関東鉄道（株）,"水海道駅〜みどりの駅〜学園並木〜土浦駅西口, 水海道駅〜みどりの駅〜農林団地〜学園並木〜土浦駅西口, みどりの駅〜農林団地〜学園並木〜土浦駅西口, みどりの駅〜学園並木〜土浦駅西口, 土浦駅西口〜亀城公園前〜天川団地入口〜桜ニュータウン, 土浦駅西口〜亀城公園前〜天川団地入口〜筑波研究学園専門学校"
北浦郵便局前,行方市,麻生東ルート
みむら十字路前,（株）昭和観光自動車,清水丘内野山線
上河原崎,つくば市,西部シャトル
霞ヶ浦医療センター,土浦市,"Bコース亀城公園循環, つちまるバス（中村南・西根南地区経由）, つちまるバス（右籾地区経由）"
小室建具店前,行方市,麻生東ルート
松代二丁目南,関東鉄道（株）,つくばセンター〜手代木団地〜松代小学校〜つくばセンター
コープつちうら,土浦市,Cコース霞ヶ浦循環
上出島東原,坂東市,長須・七重ルート
あかね前,関東鉄道（株）,土浦駅〜千束町〜土浦特別支援学校〜野田団地〜つくばセンター
二の宮公園北,関東鉄道（株）,学園南循環【右回り】
土浦保健所,土浦市,Bコース亀城公園循環
土浦第二小学校,土浦市,Cコース霞ヶ浦循環
松代小学校,関東鉄道（株）,つくばセンター〜手代木団地〜松代小学校〜つくばセンター
島名十字路北,つくば市,谷田部シャトル
小志崎,（株）池田交通,鹿嶋コミュニティバス　湖岸海岸線
白帆保育園,土浦市,Cコース霞ヶ浦循環
土浦年金事務所,土浦市,Bコース亀城公園循環
西蓮寺入口,行方市,"北浦玉造ルート休日便, 麻生ルート, 玉造ルート1号車"
松代一丁目,関東鉄道（株）,"牛久駅〜谷田部車庫〜生物研〜つくばセンター〜筑波大学病院, つくばセンター〜手代木団地〜松代小学校〜つくばセンター, 手代木団地〜松代二丁目〜つくばセンター"
松代一丁目,つくば市,南部シャトル
島名小学校,つくば市,西部シャトル
高山北,つくば市,西部シャトル
なめがた地域医療センター,行方市,"北浦玉造ルート休日便, 麻生右左回りルート休日便, 麻生ルート, 麻生東ルート, 北浦ルート, 玉造ルート1号車, 玉造ルート2号車"
上広岡,関東鉄道（株）,土浦駅〜千束町〜土浦特別支援学校〜野田団地〜つくばセンター
白帆幼稚園,土浦市,Cコース霞ヶ浦循環
富士崎二丁目,土浦市,Cコース霞ヶ浦循環
滝田入口,土浦市,Cコース霞ヶ浦循環
小松坂下,関東鉄道（株）,"土浦駅西口〜富士崎町〜阿見坂下〜阿見中央公民館, 土浦駅西口〜富士崎町〜阿見坂下〜東京医大〜阿見中央公民館, 土浦駅西口〜阿見坂下〜阿見中央公民館〜福田, 福田〜阿見中央公民館〜阿見坂下〜土浦駅西口〜合同庁舎, 土浦駅〜若栗〜阿見中央公民館〜土浦駅, 土浦駅西口〜小松ヶ丘〜桜ヶ丘〜補給処〜荒川沖駅東口, 土浦駅西口〜桜ヶ丘〜小松ヶ丘〜土浦駅西口, 土浦駅西口〜霞ヶ岡〜小岩田団地〜烏山団地, 土浦駅西口〜桜ヶ丘〜小岩田団地〜烏山団地"
浄国寺前,（株）昭和観光自動車,清水丘内野山線
松代三丁目,関東鉄道（株）,つくばセンター〜手代木団地〜松代小学校〜つくばセンター
中高津,関東鉄道（株）,"水海道駅〜みどりの駅〜学園並木〜土浦駅西口, 水海道駅〜みどりの駅〜農林団地〜学園並木〜土浦駅西口, みどりの駅〜農林団地〜学園並木〜土浦駅西口, みどりの駅〜学園並木〜土浦駅西口, 土浦駅西口〜亀城公園前〜天川団地入口〜桜ニュータウン, 土浦駅西口〜亀城公園前〜天川団地入口〜筑波研究学園専門学校"
滝田けやき公園,土浦市,Cコース霞ヶ浦循環
山田橋,行方市,麻生東ルート
下別府,つくば市,西部シャトル
物質材料研究機構,関東鉄道（株）,"荒川沖駅西口〜並木大橋〜竹園二丁目〜つくばセンター, 荒川沖駅西口〜竹園二丁目〜つくばセンター〜建築研究所, つくばセンター〜学園並木〜つくばセンター, 荒川沖駅西口〜学園並木〜つくばセンター〜筑波大学病院, 桜ニュータウン〜常総学院入口・並木二丁目〜つくばセンター"
物質材料研究機構,関鉄パープルバス（株）,下妻駅〜筑波記念病院〜学園並木
筑波研究学園専門学校,関東鉄道（株）,"土浦駅西口〜亀城公園前〜天川団地入口〜桜ニュータウン, 土浦駅西口〜亀城公園前〜天川団地入口〜筑波研究学園専門学校"
アジュール,土浦市,Cコース霞ヶ浦循環
下河原崎,つくば市,西部シャトル
二の宮三丁目,関東鉄道（株）,"ひたち野うしく駅〜二の宮中央〜つくばセンター, ひたち野うしく駅〜イオン〜つくばセンター〜筑波大学病院, ひたち野うしく駅〜イオン〜つくばセンター, ひたち野うしく駅〜つくばセンター〜筑波大学病院"
天川団地西,関東鉄道（株）,"土浦駅西口〜亀城公園前〜天川団地入口〜桜ニュータウン, 土浦駅西口〜亀城公園前〜天川団地入口〜筑波研究学園専門学校"
しまむら高津店,土浦市,Cコース霞ヶ浦循環
旧岩井西高等学校前,（株）昭和観光自動車,清水丘内野山線
香取台,つくば市,谷田部シャトル
高山南,つくば市,西部シャトル
大小志崎,（株）池田交通,鹿嶋コミュニティバス　中央線
天川団地,関東鉄道（株）,"土浦駅西口〜亀城公園前〜天川団地入口〜桜ニュータウン, 土浦駅西口〜亀城公園前〜天川団地入口〜筑波研究学園専門学校"
鬼怒中学校前,関鉄パープルバス（株）,石下駅〜鬼怒中学校前
土浦四中入口,関東鉄道（株）,"水海道駅〜みどりの駅〜学園並木〜土浦駅西口, 水海道駅〜みどりの駅〜農林団地〜学園並木〜土浦駅西口, みどりの駅〜農林団地〜学園並木〜土浦駅西口, みどりの駅〜学園並木〜土浦駅西口, 土浦駅西口〜亀城公園前〜天川団地入口〜桜ニュータウン, 土浦駅西口〜亀城公園前〜天川団地入口〜筑波研究学園専門学校"
二の宮一丁目,関東鉄道（株）,学園南循環【右回り】
松代公園,関東鉄道（株）,"つくばセンター〜手代木団地〜松代小学校〜つくばセンター, 手代木団地〜松代二丁目〜つくばセンター"
高須賀北,つくば市,西部シャトル
霞ヶ浦湖畔,土浦市,Cコース霞ヶ浦循環
桜ニュータウン入口,関東鉄道（株）,"土浦駅西口〜亀城公園前〜天川団地入口〜桜ニュータウン, 桜ニュータウン〜常総学院入口・並木二丁目〜つくばセンター"
天川公園前,関東鉄道（株）,"土浦駅西口〜亀城公園前〜天川団地入口〜桜ニュータウン, 土浦駅西口〜亀城公園前〜天川団地入口〜筑波研究学園専門学校"
三夜下,関東鉄道（株）,"土浦駅西口〜富士崎町〜阿見坂下〜阿見中央公民館, 土浦駅西口〜富士崎町〜阿見坂下〜東京医大〜阿見中央公民館, 土浦駅西口〜阿見坂下〜阿見中央公民館〜福田, 福田〜阿見中央公民館〜阿見坂下〜土浦駅西口〜合同庁舎, 土浦駅〜若栗〜阿見中央公民館〜土浦駅"
三夜下,ジェイアールバス関東（株）,"茨城県土浦駅〜阿見〜島津〜木原〜美浦トレセン前〜江戸崎, 茨城県土浦駅〜阿見〜曙町〜南平台〜君島〜江戸崎"
島名入坪,つくば市,西部シャトル
天川東口,関東鉄道（株）,"土浦駅西口〜亀城公園前〜天川団地入口〜桜ニュータウン, 土浦駅西口〜亀城公園前〜天川団地入口〜筑波研究学園専門学校"
勘助十字路,坂東市,沓掛・内野山ルート
産総研つくば東事業所つくば研究支援センター入口,関東鉄道（株）,"学園南循環【右回り】, 荒川沖駅西口〜並木大橋〜竹園二丁目〜つくばセンター, 荒川沖駅西口〜竹園二丁目〜つくばセンター〜建築研究所, つくばセンター〜学園並木〜つくばセンター, 荒川沖駅西口〜学園並木〜つくばセンター〜筑波大学病院, 桜ニュータウン〜常総学院入口・並木二丁目〜つくばセンター"
産業技術総合研究所筑波東事業所,関鉄パープルバス（株）,下妻駅〜筑波記念病院〜学園並木
小松坂上,関東鉄道（株）,"土浦駅西口〜小松ヶ丘〜桜ヶ丘〜補給処〜荒川沖駅東口, 土浦駅西口〜桜ヶ丘〜小松ヶ丘〜土浦駅西口, 土浦駅西口〜霞ヶ岡〜小岩田団地〜烏山団地, 土浦駅西口〜桜ヶ丘〜小岩田団地〜烏山団地"
並木小学校,関東鉄道（株）,桜ニュータウン〜常総学院入口・並木二丁目〜つくばセンター
土浦土木事務所前,関東鉄道（株）,"土浦駅西口〜亀城公園前〜天川団地入口〜桜ニュータウン, 土浦駅西口〜亀城公園前〜天川団地入口〜筑波研究学園専門学校"
千現二丁目南,関東鉄道（株）,学園南循環【右回り】
岩井保健センター,坂東市,庁舎間シャトル
並木公園南,関東鉄道（株）,桜ニュータウン〜常総学院入口・並木二丁目〜つくばセンター
並木二丁目住宅,関東鉄道（株）,桜ニュータウン〜常総学院入口・並木二丁目〜つくばセンター
千上児童公園,関東鉄道（株）,つくばセンター〜手代木団地〜松代小学校〜つくばセンター
科学万博記念公園,つくば市,谷田部シャトル
山中学園台入口,つくば市,谷田部シャトル
並木三丁目学園,関東鉄道（株）,"水海道駅〜みどりの駅〜学園並木〜土浦駅西口, 水海道駅〜みどりの駅〜農林団地〜学園並木〜土浦駅西口, みどりの駅〜農林団地〜学園並木〜土浦駅西口, みどりの駅〜学園並木〜土浦駅西口"
高山中学校入口,つくば市,西部シャトル
四中地区公民館,土浦市,Cコース霞ヶ浦循環
小松一区,関東鉄道（株）,"土浦駅西口〜富士崎町〜阿見坂下〜阿見中央公民館, 土浦駅西口〜富士崎町〜阿見坂下〜東京医大〜阿見中央公民館, 土浦駅西口〜阿見坂下〜阿見中央公民館〜福田, 福田〜阿見中央公民館〜阿見坂下〜土浦駅西口〜合同庁舎, 土浦駅〜若栗〜阿見中央公民館〜土浦駅"
桜ニュータウン西,関東鉄道（株）,"土浦駅西口〜亀城公園前〜天川団地入口〜桜ニュータウン, 桜ニュータウン〜常総学院入口・並木二丁目〜つくばセンター"
高須賀中央,つくば市,西部シャトル
北桜ケ丘,関東鉄道（株）,"土浦駅西口〜小松ヶ丘〜桜ヶ丘〜補給処〜荒川沖駅東口, 土浦駅西口〜桜ヶ丘〜小松ヶ丘〜土浦駅西口, 土浦駅西口〜桜ヶ丘〜小岩田団地〜烏山団地"
天川団地入口,関東鉄道（株）,"水海道駅〜みどりの駅〜学園並木〜土浦駅西口, 水海道駅〜みどりの駅〜農林団地〜学園並木〜土浦駅西口, みどりの駅〜農林団地〜学園並木〜土浦駅西口, みどりの駅〜学園並木〜土浦駅西口, 土浦駅西口〜亀城公園前〜天川団地入口〜桜ニュータウン, 土浦駅西口〜亀城公園前〜天川団地入口〜筑波研究学園専門学校"
久保,坂東市,長須・七重ルート
共栄,（株）池田交通,鹿嶋コミュニティバス　中央線
小松ケ丘,関東鉄道（株）,"土浦駅西口〜小松ヶ丘〜桜ヶ丘〜補給処〜荒川沖駅東口, 土浦駅西口〜桜ヶ丘〜小松ヶ丘〜土浦駅西口, 土浦駅西口〜桜ヶ丘〜小岩田団地〜烏山団地"
西谷御堂寺集会所前,行方市,"麻生ルート, 玉造ルート1号車"
山口板金前,行方市,"北浦玉造ルート休日便, 麻生右左回りルート休日便"
カスミ高津店,土浦市,Cコース霞ヶ浦循環
霞浦の湯,土浦市,Cコース霞ヶ浦循環
三番橋,土浦市,Cコース霞ヶ浦循環
桜南小学校前,関東鉄道（株）,"水海道駅〜みどりの駅〜学園並木〜土浦駅西口, 水海道駅〜みどりの駅〜農林団地〜学園並木〜土浦駅西口, みどりの駅〜農林団地〜学園並木〜土浦駅西口, みどりの駅〜学園並木〜土浦駅西口, 桜ニュータウン〜常総学院入口・並木二丁目〜つくばセンター"
白畑児童公園,関東鉄道（株）,学園南循環【右回り】
並木二丁目,関鉄パープルバス（株）,下妻駅〜筑波記念病院〜学園並木
並木二丁目,関東鉄道（株）,"学園南循環【右回り】, 荒川沖駅西口〜並木大橋〜竹園二丁目〜つくばセンター, 荒川沖駅西口〜竹園二丁目〜つくばセンター〜建築研究所, つくばセンター〜学園並木〜つくばセンター, 荒川沖駅西口〜学園並木〜つくばセンター〜筑波大学病院, 桜ニュータウン〜常総学院入口・並木二丁目〜つくばセンター"
桜ニュータウン,関東鉄道（株）,"土浦駅西口〜亀城公園前〜天川団地入口〜桜ニュータウン, 桜ニュータウン〜常総学院入口・並木二丁目〜つくばセンター"
松代四丁目,関東鉄道（株）,"牛久駅〜谷田部車庫〜生物研〜つくばセンター〜筑波大学病院, つくばセンター〜手代木団地〜松代小学校〜つくばセンター, 手代木団地〜松代二丁目〜つくばセンター"
栄泉寺入口,関東鉄道（株）,桜ニュータウン〜常総学院入口・並木二丁目〜つくばセンター
手代木団地,関東鉄道（株）,"牛久駅〜谷田部車庫〜生物研〜つくばセンター〜筑波大学病院, つくばセンター〜手代木団地〜松代小学校〜つくばセンター, 手代木団地〜松代二丁目〜つくばセンター"
武井釜,（株）池田交通,鹿嶋コミュニティバス　湖岸海岸線
並木中学校前,関東鉄道（株）,"水海道駅〜みどりの駅〜学園並木〜土浦駅西口, 水海道駅〜みどりの駅〜農林団地〜学園並木〜土浦駅西口, みどりの駅〜農林団地〜学園並木〜土浦駅西口, みどりの駅〜学園並木〜土浦駅西口"
大岩田二区,関東鉄道（株）,"土浦駅西口〜富士崎町〜阿見坂下〜阿見中央公民館, 土浦駅西口〜富士崎町〜阿見坂下〜東京医大〜阿見中央公民館, 土浦駅西口〜阿見坂下〜阿見中央公民館〜福田, 福田〜阿見中央公民館〜阿見坂下〜土浦駅西口〜合同庁舎, 土浦駅〜若栗〜阿見中央公民館〜土浦駅"
つくば研究支援センター,関東鉄道（株）,学園南循環【右回り】
三角山,坂東市,長須・七重ルート
霞ケ岡,関東鉄道（株）,"土浦駅西口〜小松ヶ丘〜桜ヶ丘〜補給処〜荒川沖駅東口, 土浦駅西口〜桜ヶ丘〜小松ヶ丘〜土浦駅西口, 土浦駅西口〜霞ヶ岡〜小岩田団地〜烏山団地, 土浦駅西口〜桜ヶ丘〜小岩田団地〜烏山団地"
永国郵便局,土浦市,Cコース霞ヶ浦循環
桜ケ丘,関東鉄道（株）,"土浦駅西口〜小松ヶ丘〜桜ヶ丘〜補給処〜荒川沖駅東口, 土浦駅西口〜桜ヶ丘〜小松ヶ丘〜土浦駅西口, 土浦駅西口〜桜ヶ丘〜小岩田団地〜烏山団地"
二の宮中央,関東鉄道（株）,"ひたち野うしく駅〜二の宮中央〜つくばセンター, ひたち野うしく駅〜イオン〜つくばセンター〜筑波大学病院, ひたち野うしく駅〜イオン〜つくばセンター, ひたち野うしく駅〜つくばセンター〜筑波大学病院"
二の宮中央,ジェイアールバス関東（株）,茨城県ひたち野うしく駅〜つくばセンター
幸田新田十字路,坂東市,沓掛・内野山ルート
常陽リビング,土浦市,Cコース霞ヶ浦循環
手代木中学校前,関東鉄道（株）,牛久駅〜谷田部車庫〜生物研〜つくばセンター〜筑波大学病院
洞峰公園北,関東鉄道（株）,学園南循環【右回り】
上岩井西,坂東市,長須・七重ルート
香取神社,坂東市,長須・七重ルート
二の宮,関東鉄道（株）,学園南循環【右回り】
高須賀南,つくば市,西部シャトル
オランダ風車,土浦市,Cコース霞ヶ浦循環
松代,つくば市,南部シャトル
学園並木,関東鉄道（株）,"水海道駅〜みどりの駅〜学園並木〜土浦駅西口, 水海道駅〜みどりの駅〜農林団地〜学園並木〜土浦駅西口, みどりの駅〜農林団地〜学園並木〜土浦駅西口, みどりの駅〜学園並木〜土浦駅西口, 荒川沖駅西口〜並木大橋〜竹園二丁目〜つくばセンター, つくばセンター〜学園並木〜つくばセンター, 荒川沖駅西口〜学園並木〜つくばセンター〜筑波大学病院, 荒川沖駅西口〜学園並木スクール"
学園並木,関鉄パープルバス（株）,下妻駅〜筑波記念病院〜学園並木
ピアシティ前,つくば市,谷田部シャトル
上岩井東,坂東市,庁舎間シャトル
南桜ケ丘,関東鉄道（株）,"土浦駅西口〜小松ヶ丘〜桜ヶ丘〜補給処〜荒川沖駅東口, 土浦駅西口〜桜ヶ丘〜小松ヶ丘〜土浦駅西口, 土浦駅西口〜桜ヶ丘〜小岩田団地〜烏山団地"
消防署前［土浦市］,土浦市,Cコース霞ヶ浦循環
旧玉川小学校前,行方市,"北浦玉造ルート休日便, 麻生右左回りルート休日便, 麻生ルート, 玉造ルート1号車"
大岩田,関東鉄道（株）,"土浦駅西口〜富士崎町〜阿見坂下〜阿見中央公民館, 土浦駅西口〜富士崎町〜阿見坂下〜東京医大〜阿見中央公民館, 土浦駅西口〜阿見坂下〜阿見中央公民館〜福田, 福田〜阿見中央公民館〜阿見坂下〜土浦駅西口〜合同庁舎, 土浦駅〜若栗〜阿見中央公民館〜土浦駅"
永国,関東鉄道（株）,"水海道駅〜みどりの駅〜学園並木〜土浦駅西口, 水海道駅〜みどりの駅〜農林団地〜学園並木〜土浦駅西口, みどりの駅〜農林団地〜学園並木〜土浦駅西口, みどりの駅〜学園並木〜土浦駅西口"
永国東町,土浦市,Cコース霞ヶ浦循環
鍋沼新田,つくば市,西部シャトル
志崎,（株）池田交通,鹿嶋コミュニティバス　湖岸海岸線
常総学院入口,関東鉄道（株）,"水海道駅〜みどりの駅〜学園並木〜土浦駅西口, 水海道駅〜みどりの駅〜農林団地〜学園並木〜土浦駅西口, みどりの駅〜農林団地〜学園並木〜土浦駅西口, みどりの駅〜学園並木〜土浦駅西口, 桜ニュータウン〜常総学院入口・並木二丁目〜つくばセンター"
並木大橋,関鉄パープルバス（株）,下妻駅〜筑波記念病院〜学園並木
並木大橋,関東鉄道（株）,"学園南循環【右回り】, 荒川沖駅西口〜並木大橋〜竹園二丁目〜つくばセンター, 荒川沖駅西口〜竹園二丁目〜つくばセンター〜建築研究所, つくばセンター〜学園並木〜つくばセンター, 荒川沖駅西口〜学園並木〜つくばセンター〜筑波大学病院"
幸田新田公民館,坂東市,沓掛・内野山ルート
島名中西,つくば市,西部シャトル
国王神社,坂東市,庁舎間シャトル
下大角豆,関東鉄道（株）,"水海道駅〜みどりの駅〜学園並木〜土浦駅西口, 水海道駅〜みどりの駅〜農林団地〜学園並木〜土浦駅西口, みどりの駅〜農林団地〜学園並木〜土浦駅西口, みどりの駅〜学園並木〜土浦駅西口, 桜ニュータウン〜常総学院入口・並木二丁目〜つくばセンター"
中芝,坂東市,長須・七重ルート
西原集落センター,坂東市,長須・七重ルート
スーパーハリガエ,土浦市,Cコース霞ヶ浦循環
岩井自動車整備センター,坂東市,沓掛・内野山ルート
洞峰公園,関東鉄道（株）,"ひたち野うしく駅〜二の宮中央〜つくばセンター, ひたち野うしく駅〜イオン〜つくばセンター〜筑波大学病院, ひたち野うしく駅〜イオン〜つくばセンター, ひたち野うしく駅〜つくばセンター〜筑波大学病院"
洞峰公園,ジェイアールバス関東（株）,茨城県ひたち野うしく駅〜つくばセンター
青少年広場,土浦市,Cコース霞ヶ浦循環
二の宮児童館,関東鉄道（株）,学園南循環【右回り】
大岩田団地入口,土浦市,Cコース霞ヶ浦循環
小岩田団地入口,関東鉄道（株）,"土浦駅西口〜桜ヶ丘〜小松ヶ丘〜土浦駅西口, 土浦駅西口〜霞ヶ岡〜小岩田団地〜烏山団地, 土浦駅西口〜桜ヶ丘〜小岩田団地〜烏山団地"
諏訪北,つくば市,西部シャトル
松代南,関東鉄道（株）,牛久駅〜谷田部車庫〜生物研〜つくばセンター〜筑波大学病院
万博公園西,つくば市,西部シャトル
前芝,坂東市,長須・七重ルート
田向,坂東市,長須・七重ルート
浅間公園,坂東市,長須・七重ルート
水郷体育館,土浦市,Cコース霞ヶ浦循環
馬立十字路,坂東市,沓掛・内野山ルート
大石内科クリニック前,土浦市,Cコース霞ヶ浦循環
お山の公園,土浦市,Cコース霞ヶ浦循環
松代五丁目,関東鉄道（株）,牛久駅〜谷田部車庫〜生物研〜つくばセンター〜筑波大学病院
国道浜津賀,（株）池田交通,鹿嶋コミュニティバス　湖岸海岸線
天理教,坂東市,長須・七重ルート
小岩田団地西,関東鉄道（株）,"土浦駅西口〜霞ヶ岡〜小岩田団地〜烏山団地, 土浦駅西口〜桜ヶ丘〜小岩田団地〜烏山団地"
緑ケ丘（土浦）,関東鉄道（株）,"土浦駅西口〜小松ヶ丘〜桜ヶ丘〜補給処〜荒川沖駅東口, 土浦駅西口〜桜ヶ丘〜小松ヶ丘〜土浦駅西口, 土浦駅西口〜桜ヶ丘〜小岩田団地〜烏山団地"
西原前,坂東市,長須・七重ルート
真瀬小学校,つくば市,西部シャトル
万博記念公園駅,関東鉄道（株）,【深夜】守谷駅東口〜つくばセンター
万博記念公園駅,つくば市,"西部シャトル, 谷田部シャトル"
洞峰公園入口,関東鉄道（株）,学園南循環【右回り】
県道浜津賀,（株）池田交通,鹿嶋コミュニティバス　中央線
四部公民館,坂東市,長須・七重ルート
井上,行方市,"麻生右左回りルート休日便, 麻生ルート, 玉造ルート1号車"
土浦三高,土浦市,Cコース霞ヶ浦循環
馬立十字路西,坂東市,沓掛・内野山ルート
霞ケ浦総合公園,関東鉄道（株）,"土浦駅西口〜富士崎町〜阿見坂下〜阿見中央公民館, 土浦駅西口〜富士崎町〜阿見坂下〜東京医大〜阿見中央公民館, 土浦駅西口〜阿見坂下〜阿見中央公民館〜福田, 福田〜阿見中央公民館〜阿見坂下〜土浦駅西口〜合同庁舎, 土浦駅〜若栗〜阿見中央公民館〜土浦駅"
霞ケ浦総合公園,ジェイアールバス関東（株）,"茨城県土浦駅〜阿見〜島津〜木原〜美浦トレセン前〜江戸崎, 茨城県土浦駅〜阿見〜曙町〜南平台〜君島〜江戸崎"
中村,関東鉄道（株）,"水海道駅〜みどりの駅〜学園並木〜土浦駅西口, 水海道駅〜みどりの駅〜農林団地〜学園並木〜土浦駅西口, みどりの駅〜農林団地〜学園並木〜土浦駅西口, みどりの駅〜学園並木〜土浦駅西口"
並木団地南,関東鉄道（株）,"水海道駅〜みどりの駅〜学園並木〜土浦駅西口, 水海道駅〜みどりの駅〜農林団地〜学園並木〜土浦駅西口, みどりの駅〜農林団地〜学園並木〜土浦駅西口, みどりの駅〜学園並木〜土浦駅西口, 学園南循環【右回り】, 荒川沖駅西口〜並木大橋〜竹園二丁目〜つくばセンター, 荒川沖駅西口〜竹園二丁目〜つくばセンター〜建築研究所, 荒川沖駅西口〜学園並木〜つくばセンター〜筑波大学病院"
広岡,関東鉄道（株）,"水海道駅〜みどりの駅〜学園並木〜土浦駅西口, 水海道駅〜みどりの駅〜農林団地〜学園並木〜土浦駅西口, みどりの駅〜農林団地〜学園並木〜土浦駅西口, みどりの駅〜学園並木〜土浦駅西口, 桜ニュータウン〜常総学院入口・並木二丁目〜つくばセンター"
小岩田団地中央,関東鉄道（株）,"土浦駅西口〜霞ヶ岡〜小岩田団地〜烏山団地, 土浦駅西口〜桜ヶ丘〜小岩田団地〜烏山団地"
第一小学校,坂東市,長須・七重ルート
平福寺入口,行方市,麻生東ルート
梅園公園東,関東鉄道（株）,学園南循環【右回り】
鳥内,坂東市,長須・七重ルート
JA長須,坂東市,長須・七重ルート
小岩田,関東鉄道（株）,"土浦駅西口〜小松ヶ丘〜桜ヶ丘〜補給処〜荒川沖駅東口, 土浦駅西口〜桜ヶ丘〜小松ヶ丘〜土浦駅西口, 土浦駅西口〜桜ヶ丘〜小岩田団地〜烏山団地"
岩井車庫,茨城急行自動車（株）,野田市駅〜下町〜岩井車庫
長須小学校,坂東市,長須・七重ルート
土浦三高下,関東鉄道（株）,"土浦駅西口〜富士崎町〜阿見坂下〜阿見中央公民館, 土浦駅西口〜富士崎町〜阿見坂下〜東京医大〜阿見中央公民館, 土浦駅西口〜阿見坂下〜阿見中央公民館〜福田, 福田〜阿見中央公民館〜阿見坂下〜土浦駅西口〜合同庁舎, 土浦駅〜若栗〜阿見中央公民館〜土浦駅"
土浦三高下,ジェイアールバス関東（株）,"茨城県土浦駅〜阿見〜島津〜木原〜美浦トレセン前〜江戸崎, 茨城県土浦駅〜阿見〜曙町〜南平台〜君島〜江戸崎"
藤井,行方市,"麻生右左回りルート休日便, 麻生ルート, 玉造ルート1号車"
真瀬総合センター（JA真瀬支所）,つくば市,西部シャトル
幸田上,坂東市,沓掛・内野山ルート
中根,坂東市,庁舎間シャトル
梅園公園,関東鉄道（株）,学園南循環【右回り】
小岩田団地,関東鉄道（株）,"土浦駅西口〜霞ヶ岡〜小岩田団地〜烏山団地, 土浦駅西口〜桜ヶ丘〜小岩田団地〜烏山団地"
創造の池,坂東市,沓掛・内野山ルート
東二丁目,関東鉄道（株）,学園南循環【右回り】
大角豆,関東鉄道（株）,"水海道駅〜みどりの駅〜学園並木〜土浦駅西口, 水海道駅〜みどりの駅〜農林団地〜学園並木〜土浦駅西口, みどりの駅〜農林団地〜学園並木〜土浦駅西口, みどりの駅〜学園並木〜土浦駅西口, 学園南循環【右回り】"
上鵠戸,茨城急行自動車（株）,野田市駅〜下町〜岩井車庫
梅園二丁目南,関東鉄道（株）,学園南循環【右回り】
気象研究所,関東鉄道（株）,"ひたち野うしく駅〜二の宮中央〜つくばセンター, ひたち野うしく駅〜イオン〜つくばセンター〜筑波大学病院, ひたち野うしく駅〜イオン〜つくばセンター, ひたち野うしく駅〜つくばセンター〜筑波大学病院, 学園南循環【右回り】"
武井,（株）池田交通,鹿嶋コミュニティバス　湖岸海岸線
生物研大わしキャンパス,関東鉄道（株）,"牛久駅〜谷田部車庫〜生物研〜つくばセンター〜筑波大学病院, 牛久駅〜谷田部車庫〜生物研大わしキャンパス"
県道荒井,（株）池田交通,鹿嶋コミュニティバス　中央線
国道荒井,（株）池田交通,鹿嶋コミュニティバス　湖岸海岸線
大角豆南部,関東鉄道（株）,"荒川沖駅西口〜並木大橋〜竹園二丁目〜つくばセンター, 荒川沖駅西口〜竹園二丁目〜つくばセンター〜建築研究所, 荒川沖駅西口〜学園並木〜つくばセンター〜筑波大学病院"
総合文化センター入口,茨城急行自動車（株）,野田市駅〜下町〜岩井車庫
荒宿,行方市,"麻生右左回りルート休日便, 麻生ルート, 玉造ルート1号車"
五斗蒔,坂東市,長須・七重ルート
鷺沼児童公園,関東鉄道（株）,学園南循環【右回り】
霞ケ浦高校前,関東鉄道（株）,"土浦駅西口〜富士崎町〜阿見坂下〜阿見中央公民館, 土浦駅西口〜富士崎町〜阿見坂下〜東京医大〜阿見中央公民館, 土浦駅西口〜霞ケ浦高校前, 土浦駅西口〜阿見坂下〜阿見中央公民館〜福田, 福田〜阿見中央公民館〜阿見坂下〜土浦駅西口〜合同庁舎, 土浦駅〜若栗〜阿見中央公民館〜土浦駅"
霞ヶ浦高校前,ジェイアールバス関東（株）,"茨城県土浦駅〜阿見〜島津〜木原〜美浦トレセン前〜江戸崎, 茨城県土浦駅〜阿見〜曙町〜南平台〜君島〜江戸崎"
岩井バスターミナル,関東鉄道（株）,岩井バスターミナル〜自然博物館入口〜きぬの里〜守谷駅西口
岩井バスターミナル,坂東市,"直行坂東号, 沓掛・内野山ルート, 七郷・中川ルート, 庁舎間シャトル, 長須・七重ルート"
岩井バスターミナル前,（株）昭和観光自動車,清水丘内野山線
真瀬新田中央,つくば市,西部シャトル
松倉中央クリニック前,（株）池田交通,鹿嶋コミュニティバス　中央線
烏山第一団地,関東鉄道（株）,"土浦駅西口〜霞ヶ岡〜小岩田団地〜烏山団地, 土浦駅西口〜桜ヶ丘〜小岩田団地〜烏山団地"
寺地坪,土浦市,つちまるバス（右籾地区経由）
小間口,坂東市,長須・七重ルート
五十塚,関東鉄道（株）,"水海道駅〜みどりの駅〜学園並木〜土浦駅西口, 水海道駅〜みどりの駅〜農林団地〜学園並木〜土浦駅西口, みどりの駅〜農林団地〜学園並木〜土浦駅西口, みどりの駅〜学園並木〜土浦駅西口, 学園南循環【右回り】"
岩井警察署前,茨城急行自動車（株）,野田市駅〜下町〜岩井車庫
大野駅入口,（株）池田交通,鹿嶋コミュニティバス　中央線
右籾坂上,関東鉄道（株）,土浦駅西口〜小松ヶ丘〜桜ヶ丘〜補給処〜荒川沖駅東口
右籾坂上,土浦市,つちまるバス（右籾地区経由）
茗渓学園,関東鉄道（株）,学園南循環【右回り】
岩井公民館,坂東市,"沓掛・内野山ルート, 七郷・中川ルート, 庁舎間シャトル, 長須・七重ルート"
東武井,（株）池田交通,鹿嶋コミュニティバス　湖岸海岸線
岩井地区交番,坂東市,"庁舎間シャトル, 長須・七重ルート"
江東微生物研究所,関東鉄道（株）,"牛久駅〜谷田部車庫〜生物研〜つくばセンター〜筑波大学病院, 牛久駅〜谷田部車庫〜生物研大わしキャンパス"
環境研究所,関東鉄道（株）,"ひたち野うしく駅〜二の宮中央〜つくばセンター, ひたち野うしく駅〜イオン〜つくばセンター〜筑波大学病院, ひたち野うしく駅〜イオン〜つくばセンター, ひたち野うしく駅〜つくばセンター〜筑波大学病院, 学園南循環【右回り】"
環境研究所,ジェイアールバス関東（株）,茨城県ひたち野うしく駅〜つくばセンター
岩井公民館前,（株）昭和観光自動車,清水丘内野山線
節斉記念館,坂東市,沓掛・内野山ルート
（有）コマキ前,行方市,麻生東ルート
商工会館［坂東市］,坂東市,"沓掛・内野山ルート, 七郷・中川ルート"
岩井公民館入口,坂東市,"沓掛・内野山ルート, 七郷・中川ルート, 庁舎間シャトル, 長須・七重ルート"
岩井高校,坂東市,沓掛・内野山ルート
烏山団地中央,関東鉄道（株）,"土浦駅西口〜霞ヶ岡〜小岩田団地〜烏山団地, 土浦駅西口〜桜ヶ丘〜小岩田団地〜烏山団地"
気象台,関東鉄道（株）,"水海道駅〜みどりの駅〜学園並木〜土浦駅西口, 水海道駅〜みどりの駅〜農林団地〜学園並木〜土浦駅西口, みどりの駅〜農林団地〜学園並木〜土浦駅西口, みどりの駅〜学園並木〜土浦駅西口, 学園南循環【右回り】"
大野出張所前,（株）池田交通,鹿嶋コミュニティバス　中央線
阿見自動車学校前,関東鉄道（株）,"土浦駅西口〜富士崎町〜阿見坂下〜阿見中央公民館, 土浦駅西口〜富士崎町〜阿見坂下〜東京医大〜阿見中央公民館, 土浦駅西口〜阿見坂下〜阿見中央公民館〜福田, 福田〜阿見中央公民館〜阿見坂下〜土浦駅西口〜合同庁舎, 土浦駅〜若栗〜阿見中央公民館〜土浦駅"
種苗管理センター,関東鉄道（株）,"牛久駅〜谷田部車庫〜生物研〜つくばセンター〜筑波大学病院, 牛久駅〜谷田部車庫〜生物研大わしキャンパス"
坂東市役所,坂東市,"沓掛・内野山ルート, 七郷・中川ルート, 庁舎間シャトル, 長須・七重ルート"
坂東市役所前,（株）昭和観光自動車,清水丘内野山線
県南病院,土浦市,"つちまるバス（中村南・西根南地区経由）, つちまるバス（右籾地区経由）"
本町,関東鉄道（株）,岩井バスターミナル〜自然博物館入口〜きぬの里〜守谷駅西口
本町,茨城急行自動車（株）,野田市駅〜下町〜岩井車庫
本町［坂東市］,坂東市,"直行坂東号, 沓掛・内野山ルート, 七郷・中川ルート, 庁舎間シャトル, 長須・七重ルート"
烏山第二団地,関東鉄道（株）,"土浦駅西口〜霞ヶ岡〜小岩田団地〜烏山団地, 土浦駅西口〜桜ヶ丘〜小岩田団地〜烏山団地"
仲町十字路前,（株）昭和観光自動車,清水丘内野山線
つくば双愛コーポ,土浦市,つちまるバス（中村南・西根南地区経由）
稲荷前,関東鉄道（株）,学園南循環【右回り】
船子,行方市,"麻生右左回りルート休日便, 麻生ルート, 玉造ルート1号車"
青塚,（株）池田交通,鹿嶋コミュニティバス　湖岸海岸線
羽金,坂東市,長須・七重ルート
清風高等学校前,（株）昭和観光自動車,清水丘内野山線
真瀬新田南,つくば市,西部シャトル
土浦産業学院,関東鉄道（株）,"荒川沖駅西口〜並木大橋〜竹園二丁目〜つくばセンター, 荒川沖駅西口〜竹園二丁目〜つくばセンター〜建築研究所, 荒川沖駅西口〜学園並木〜つくばセンター〜筑波大学病院"
五町田,行方市,"麻生右左回りルート休日便, 麻生ルート, 玉造ルート1号車"
武器学校前,関東鉄道（株）,"土浦駅西口〜富士崎町〜阿見坂下〜阿見中央公民館, 土浦駅西口〜富士崎町〜阿見坂下〜東京医大〜阿見中央公民館, 土浦駅西口〜阿見坂下〜阿見中央公民館〜福田, 福田〜阿見中央公民館〜阿見坂下〜土浦駅西口〜合同庁舎, 土浦駅〜若栗〜阿見中央公民館〜土浦駅"
ヌカガストアー,（株）池田交通,鹿嶋コミュニティバス　中央線
岩井局前,茨城急行自動車（株）,野田市駅〜下町〜岩井車庫
岩井局前,坂東市,"直行坂東号, 沓掛・内野山ルート, 七郷・中川ルート, 庁舎間シャトル, 長須・七重ルート"
岩井局前,関東鉄道（株）,岩井バスターミナル〜自然博物館入口〜きぬの里〜守谷駅西口
岩井局前,（株）昭和観光自動車,清水丘内野山線
右籾,関東鉄道（株）,土浦駅西口〜小松ヶ丘〜桜ヶ丘〜補給処〜荒川沖駅東口
右籾,土浦市,つちまるバス（右籾地区経由）
和,（株）池田交通,鹿嶋コミュニティバス　中央線
西根南二丁目東,土浦市,つちまるバス（中村南・西根南地区経由）
烏山団地,関東鉄道（株）,"土浦駅西口〜霞ヶ岡〜小岩田団地〜烏山団地, 土浦駅西口〜桜ヶ丘〜小岩田団地〜烏山団地"
大山交差点,坂東市,沓掛・内野山ルート
五浜館入口,行方市,"麻生右左回りルート休日便, 麻生ルート, 玉造ルート1号車"
中交差点,土浦市,つちまるバス（中村南・西根南地区経由）
西根南二丁目公民館,土浦市,つちまるバス（中村南・西根南地区経由）
ときわ児童館前,土浦市,つちまるバス（右籾地区経由）
八坂神社前,坂東市,"沓掛・内野山ルート, 七郷・中川ルート, 庁舎間シャトル, 長須・七重ルート"
浅間神社,行方市,"麻生右左回りルート休日便, 麻生ルート, 玉造ルート1号車"
新町,茨城急行自動車（株）,野田市駅〜下町〜岩井車庫
環境研究所入口,関東鉄道（株）,"水海道駅〜みどりの駅〜学園並木〜土浦駅西口, 水海道駅〜みどりの駅〜農林団地〜学園並木〜土浦駅西口, みどりの駅〜農林団地〜学園並木〜土浦駅西口, みどりの駅〜学園並木〜土浦駅西口"
阿見坂下,関東鉄道（株）,"土浦駅西口〜富士崎町〜阿見坂下〜阿見中央公民館, 土浦駅西口〜富士崎町〜阿見坂下〜東京医大〜阿見中央公民館, 土浦駅西口〜阿見坂下〜阿見中央公民館〜福田, 福田〜阿見中央公民館〜阿見坂下〜土浦駅西口〜合同庁舎, 土浦駅〜若栗〜阿見中央公民館〜土浦駅"
阿見坂下,ジェイアールバス関東（株）,"茨城県土浦駅〜阿見〜島津〜木原〜美浦トレセン前〜江戸崎, 茨城県土浦駅〜阿見〜曙町〜南平台〜君島〜江戸崎"
新町［坂東市］,坂東市,"沓掛・内野山ルート, 七郷・中川ルート, 庁舎間シャトル, 長須・七重ルート"
西根南一丁目,土浦市,つちまるバス（中村南・西根南地区経由）
右籾神社前,関東鉄道（株）,土浦駅西口〜小松ヶ丘〜桜ヶ丘〜補給処〜荒川沖駅東口
右籾神社前,土浦市,つちまるバス（右籾地区経由）
果樹研究所,関東鉄道（株）,"牛久駅〜谷田部車庫〜生物研〜つくばセンター〜筑波大学病院, 牛久駅〜谷田部車庫〜生物研大わしキャンパス"
赤塚,関東鉄道（株）,"水海道駅〜みどりの駅〜学園並木〜土浦駅西口, 水海道駅〜みどりの駅〜農林団地〜学園並木〜土浦駅西口, みどりの駅〜農林団地〜学園並木〜土浦駅西口, みどりの駅〜学園並木〜土浦駅西口"
関鉄NTつくば,関東鉄道（株）,"荒川沖駅西口〜並木大橋〜竹園二丁目〜つくばセンター, 荒川沖駅西口〜竹園二丁目〜つくばセンター〜建築研究所, 荒川沖駅西口〜学園並木〜つくばセンター〜筑波大学病院"
緑のスポーツ広場,坂東市,長須・七重ルート
真瀬本田,つくば市,西部シャトル
まりやま新町北,土浦市,つちまるバス（右籾地区経由）
果樹研究所入口,関東鉄道（株）,"牛久駅〜谷田部車庫〜生物研〜つくばセンター〜筑波大学病院, 牛久駅〜谷田部車庫〜生物研大わしキャンパス"
果樹研究所入口,つくば市,南部シャトル
新町十字路,茨城急行自動車（株）,野田市駅〜下町〜岩井車庫
新町十字路,坂東市,"沓掛・内野山ルート, 七郷・中川ルート, 庁舎間シャトル, 長須・七重ルート"
新町十字路前,（株）昭和観光自動車,清水丘内野山線
木根淵病院,坂東市,沓掛・内野山ルート
竹中工務店,土浦市,つちまるバス（中村南・西根南地区経由）
館野,関東鉄道（株）,"水海道駅〜みどりの駅〜学園並木〜土浦駅西口, 水海道駅〜みどりの駅〜農林団地〜学園並木〜土浦駅西口, みどりの駅〜農林団地〜学園並木〜土浦駅西口, みどりの駅〜学園並木〜土浦駅西口"
天朝井戸,（株）池田交通,鹿嶋コミュニティバス　中央線
ファミリーマート土浦中村東店,土浦市,つちまるバス（中村南・西根南地区経由）
中村南五丁目公民館,土浦市,つちまるバス（中村南・西根南地区経由）
行方郵便局前,行方市,"麻生右左回りルート休日便, 麻生ルート, 玉造ルート1号車"
篠山十字路,坂東市,"沓掛・内野山ルート, 七郷・中川ルート"
トーホーランド前,関東鉄道（株）,"ひたち野うしく駅〜二の宮中央〜つくばセンター, ひたち野うしく駅〜イオン〜つくばセンター〜筑波大学病院, ひたち野うしく駅〜イオン〜つくばセンター, ひたち野うしく駅〜つくばセンター〜筑波大学病院"
トーホーランド前,ジェイアールバス関東（株）,茨城県ひたち野うしく駅〜つくばセンター
サニータウン,土浦市,つちまるバス（右籾地区経由）
中村南一丁目公民館,土浦市,つちまるバス（中村南・西根南地区経由）
原口北,坂東市,"沓掛・内野山ルート, 七郷・中川ルート, 庁舎間シャトル, 長須・七重ルート"
原口北,茨城急行自動車（株）,野田市駅〜下町〜岩井車庫
館野変電所前,関東鉄道（株）,"水海道駅〜みどりの駅〜学園並木〜土浦駅西口, 水海道駅〜みどりの駅〜農林団地〜学園並木〜土浦駅西口, みどりの駅〜農林団地〜学園並木〜土浦駅西口, みどりの駅〜学園並木〜土浦駅西口"
阿見坂上,関東鉄道（株）,"土浦駅西口〜富士崎町〜阿見坂下〜阿見中央公民館, 土浦駅西口〜富士崎町〜阿見坂下〜東京医大〜阿見中央公民館, 土浦駅西口〜阿見坂下〜阿見中央公民館〜福田, 福田〜阿見中央公民館〜阿見坂下〜土浦駅西口〜合同庁舎, 土浦駅〜若栗〜阿見中央公民館〜土浦駅"
霞台,ジェイアールバス関東（株）,茨城県土浦駅〜阿見〜曙町〜南平台〜君島〜江戸崎
みずほ団地入口,つくば市,谷田部シャトル
補給処裏門,関東鉄道（株）,土浦駅西口〜小松ヶ丘〜桜ヶ丘〜補給処〜荒川沖駅東口
富士見ヶ丘団地,つくば市,西部シャトル
まりやま新町,土浦市,つちまるバス（右籾地区経由）
原口北前,（株）昭和観光自動車,清水丘内野山線
富士見ヶ丘団地入口,つくば市,西部シャトル
二小入口,坂東市,沓掛・内野山ルート
ほねつぎ・松本内科医院,土浦市,"つちまるバス（中村南・西根南地区経由）, つちまるバス（右籾地区経由）"
真瀬鎌倉（真瀬郵便局）,つくば市,西部シャトル
烏山入口,関東鉄道（株）,土浦駅西口〜小松ヶ丘〜桜ヶ丘〜補給処〜荒川沖駅東口
ベルフォーレ,坂東市,"沓掛・内野山ルート, 七郷・中川ルート, 庁舎間シャトル, 長須・七重ルート"
住宅下,ジェイアールバス関東（株）,茨城県土浦駅〜阿見〜島津〜木原〜美浦トレセン前〜江戸崎
㈱田口製作所前,行方市,"麻生右左回りルート休日便, 麻生ルート, 麻生東ルート, 北浦ルート, 玉造ルート2号車"
中村九区,関東鉄道（株）,"荒川沖駅西口〜並木大橋〜竹園二丁目〜つくばセンター, 荒川沖駅西口〜竹園二丁目〜つくばセンター〜建築研究所, 荒川沖駅西口〜学園並木〜つくばセンター〜筑波大学病院"
ベルフォーレ前,（株）昭和観光自動車,清水丘内野山線
郡司建設前,土浦市,つちまるバス（右籾地区経由）
榎戸,関東鉄道（株）,"水海道駅〜みどりの駅〜学園並木〜土浦駅西口, 水海道駅〜みどりの駅〜農林団地〜学園並木〜土浦駅西口, みどりの駅〜農林団地〜学園並木〜土浦駅西口, みどりの駅〜学園並木〜土浦駅西口, 牛久駅〜谷田部車庫〜生物研〜つくばセンター〜筑波大学病院, 牛久駅〜谷田部車庫〜生物研大わしキャンパス, みどりの駅〜谷田部四ツ角〜農林団地中央〜みどりの駅"
いこい接骨院,土浦市,つちまるバス（中村南・西根南地区経由）
榎戸,つくば市,南部シャトル
下原北,関東鉄道（株）,"ひたち野うしく駅〜二の宮中央〜つくばセンター, ひたち野うしく駅〜イオン〜つくばセンター〜筑波大学病院, ひたち野うしく駅〜イオン〜つくばセンター, ひたち野うしく駅〜つくばセンター〜筑波大学病院"
陣場ふれあい公園,つくば市,谷田部シャトル
サンビレッジ椚,土浦市,つちまるバス（中村南・西根南地区経由）
カスミ中村店,土浦市,つちまるバス（中村南・西根南地区経由）
岡崎,関東鉄道（株）,"土浦駅西口〜富士崎町〜阿見坂下〜阿見中央公民館, 土浦駅西口〜富士崎町〜阿見坂下〜東京医大〜阿見中央公民館, 土浦駅西口〜阿見坂下〜阿見中央公民館〜福田, 福田〜阿見中央公民館〜阿見坂下〜土浦駅西口〜合同庁舎, 土浦駅〜若栗〜阿見中央公民館〜土浦駅"
Ere・めぐみヘア,土浦市,つちまるバス（中村南・西根南地区経由）
西額賀,（株）池田交通,鹿嶋コミュニティバス　湖岸海岸線
クスリのアオキまりやま店,土浦市,つちまるバス（右籾地区経由）
筑波学園病院前,関東鉄道（株）,"水海道駅〜みどりの駅〜学園並木〜土浦駅西口, 水海道駅〜みどりの駅〜農林団地〜学園並木〜土浦駅西口, みどりの駅〜農林団地〜学園並木〜土浦駅西口, みどりの駅〜学園並木〜土浦駅西口, 牛久駅〜谷田部車庫〜生物研〜つくばセンター〜筑波大学病院, 牛久駅〜谷田部車庫〜生物研大わしキャンパス, みどりの駅〜谷田部四ツ角〜農林団地中央〜みどりの駅, 取手駅西口〜谷井田〜豊体〜筑波ゴルフ場〜谷田部車庫, 取手駅西口〜谷井田〜豊体〜みらい平駅〜谷田部車庫"
上横場交差点東,つくば市,自由ヶ丘シャトル
新洞,（株）池田交通,鹿嶋コミュニティバス　湖岸海岸線
まりやま団地,土浦市,つちまるバス（右籾地区経由）
大野診療所前,（株）池田交通,鹿嶋コミュニティバス　中央線
三中地区公民館,土浦市,つちまるバス（中村南・西根南地区経由）
津賀駐在所前,（株）池田交通,鹿嶋コミュニティバス　湖岸海岸線
佐久間商店前,土浦市,つちまるバス（右籾地区経由）
原口,茨城急行自動車（株）,野田市駅〜下町〜岩井車庫
原口,坂東市,"直行坂東号, 沓掛・内野山ルート, 七郷・中川ルート, 庁舎間シャトル, 長須・七重ルート"
原口,関東鉄道（株）,岩井バスターミナル〜自然博物館入口〜きぬの里〜守谷駅西口
大参商店前,土浦市,つちまるバス（中村南・西根南地区経由）
阿見原西,関東鉄道（株）,荒川沖駅東口〜補給処〜東京医大前〜県立医療大学
中郷東,関東鉄道（株）,"土浦駅西口〜富士崎町〜阿見坂下〜阿見中央公民館, 土浦駅西口〜富士崎町〜阿見坂下〜東京医大〜阿見中央公民館, 土浦駅西口〜阿見坂下〜阿見中央公民館〜福田, 福田〜阿見中央公民館〜阿見坂下〜土浦駅西口〜合同庁舎, 土浦駅〜若栗〜阿見中央公民館〜土浦駅"
小牧,行方市,麻生東ルート
谷田部車庫,関東鉄道（株）,"水海道駅〜みどりの駅〜農林団地〜学園並木〜土浦駅西口, みどりの駅〜農林団地〜学園並木〜土浦駅西口, 牛久駅〜農林団地中央〜谷田部車庫, 牛久駅〜谷田部車庫〜生物研〜つくばセンター〜筑波大学病院, 牛久駅〜谷田部車庫〜生物研大わしキャンパス, みどりの駅〜谷田部四ツ角〜農林団地中央〜みどりの駅, 取手駅西口〜谷井田〜豊体〜筑波ゴルフ場〜谷田部車庫, 取手駅西口〜谷井田〜豊体〜みらい平駅〜谷田部車庫"
谷田部車庫,つくば市,"自由ヶ丘シャトル, 南部シャトル"
三中地区公民館南,関東鉄道（株）,"荒川沖駅西口〜並木大橋〜竹園二丁目〜つくばセンター, 荒川沖駅西口〜竹園二丁目〜つくばセンター〜建築研究所, 荒川沖駅西口〜学園並木〜つくばセンター〜筑波大学病院"
曙町,ジェイアールバス関東（株）,茨城県土浦駅〜阿見〜曙町〜南平台〜君島〜江戸崎
一区北,関東鉄道（株）,荒川沖駅東口〜補給処〜東京医大前〜県立医療大学
通横場,関東鉄道（株）,"水海道駅〜みどりの駅〜学園並木〜土浦駅西口, 水海道駅〜みどりの駅〜農林団地〜学園並木〜土浦駅西口, みどりの駅〜農林団地〜学園並木〜土浦駅西口, みどりの駅〜学園並木〜土浦駅西口, みどりの駅〜谷田部四ツ角〜農林団地中央〜みどりの駅, 取手駅西口〜谷井田〜豊体〜筑波ゴルフ場〜谷田部車庫, 取手駅西口〜谷井田〜豊体〜みらい平駅〜谷田部車庫"
阿見原,関東鉄道（株）,荒川沖駅東口〜補給処〜東京医大前〜県立医療大学
ジョイフル本田,土浦市,つちまるバス（中村南・西根南地区経由）
一区,関東鉄道（株）,"土浦駅西口〜小松ヶ丘〜桜ヶ丘〜補給処〜荒川沖駅東口, 荒川沖駅東口〜補給処〜東京医大前〜県立医療大学"
津賀城址公園,（株）池田交通,鹿嶋コミュニティバス　湖岸海岸線
みどり町,坂東市,"庁舎間シャトル, 長須・七重ルート"
歓喜寺入口,坂東市,沓掛・内野山ルート
竹来下,ジェイアールバス関東（株）,茨城県土浦駅〜阿見〜島津〜木原〜美浦トレセン前〜江戸崎
辺田並木,茨城急行自動車（株）,野田市駅〜下町〜岩井車庫
辺田並木,坂東市,"沓掛・内野山ルート, 七郷・中川ルート, 庁舎間シャトル, 長須・七重ルート"
Kマートはまだ店前,行方市,"麻生右左回りルート休日便, 麻生ルート, 玉造ルート1号車"
補給処,関東鉄道（株）,"土浦駅西口〜小松ヶ丘〜桜ヶ丘〜補給処〜荒川沖駅東口, 荒川沖駅東口〜補給処〜東京医大前〜県立医療大学"
みどりの2丁目,つくば市,谷田部シャトル
谷田部老人福祉センター,つくば市,自由ヶ丘シャトル
東京医科大学茨城医療センター,関東鉄道（株）,"土浦駅西口〜富士崎町〜阿見坂下〜東京医大〜阿見中央公民館, 荒川沖駅東口〜補給処〜東京医大前〜県立医療大学"
東京医大病院前,ジェイアールバス関東（株）,茨城県土浦駅〜阿見〜曙町〜南平台〜君島〜江戸崎
東京医科大学茨城医療センター前,関東鉄道（株）,"土浦駅西口〜富士崎町〜阿見坂下〜阿見中央公民館, 土浦駅西口〜富士崎町〜阿見坂下〜東京医大〜阿見中央公民館, 土浦駅西口〜阿見坂下〜阿見中央公民館〜福田, 福田〜阿見中央公民館〜阿見坂下〜土浦駅西口〜合同庁舎, 土浦駅〜若栗〜阿見中央公民館〜土浦駅, 荒川沖駅東口〜補給処〜東京医大前〜県立医療大学"
台町新田,関東鉄道（株）,"水海道駅〜みどりの駅〜学園並木〜土浦駅西口, 水海道駅〜みどりの駅〜農林団地〜学園並木〜土浦駅西口, みどりの駅〜農林団地〜学園並木〜土浦駅西口, みどりの駅〜学園並木〜土浦駅西口, みどりの駅〜谷田部四ツ角〜農林団地中央〜みどりの駅, 取手駅西口〜谷井田〜豊体〜筑波ゴルフ場〜谷田部車庫, 取手駅西口〜谷井田〜豊体〜みらい平駅〜谷田部車庫"
無添加住宅,土浦市,つちまるバス（中村南・西根南地区経由）
右籾三区,関東鉄道（株）,"土浦駅西口〜小松ヶ丘〜桜ヶ丘〜補給処〜荒川沖駅東口, 荒川沖駅東口〜補給処〜東京医大前〜県立医療大学"
西郷,関東鉄道（株）,荒川沖駅東口〜補給処〜東京医大前〜県立医療大学
ヒロテナント前,土浦市,つちまるバス（右籾地区経由）
掛馬,ジェイアールバス関東（株）,茨城県土浦駅〜阿見〜島津〜木原〜美浦トレセン前〜江戸崎
荒川沖入口,関東鉄道（株）,"土浦駅西口〜小松ヶ丘〜桜ヶ丘〜補給処〜荒川沖駅東口, 荒川沖駅東口〜補給処〜東京医大前〜県立医療大学"
荒川沖西一丁目,関東鉄道（株）,"荒川沖駅西口〜並木大橋〜竹園二丁目〜つくばセンター, 荒川沖駅西口〜竹園二丁目〜つくばセンター〜建築研究所, 荒川沖駅西口〜学園並木〜つくばセンター〜筑波大学病院"
長谷川モータース前,行方市,"麻生右左回りルート休日便, 麻生ルート, 麻生東ルート, 北浦ルート, 玉造ルート2号車"
谷田部窓口センター,つくば市,"自由ヶ丘シャトル, 谷田部シャトル"
岩井自動車学校前,坂東市,"沓掛・内野山ルート, 七郷・中川ルート, 庁舎間シャトル, 長須・七重ルート"
岩井自動車学校前,茨城急行自動車（株）,野田市駅〜下町〜岩井車庫
谷田部台町,関東鉄道（株）,"水海道駅〜みどりの駅〜学園並木〜土浦駅西口, 水海道駅〜みどりの駅〜農林団地〜学園並木〜土浦駅西口, みどりの駅〜農林団地〜学園並木〜土浦駅西口, みどりの駅〜学園並木〜土浦駅西口, みどりの駅〜谷田部四ツ角〜農林団地中央〜みどりの駅, 牛久駅〜桜ヶ丘団地〜みどりの駅, 取手駅西口〜谷井田〜豊体〜筑波ゴルフ場〜谷田部車庫, 取手駅西口〜谷井田〜豊体〜みらい平駅〜谷田部車庫"
みどりの2丁目西,つくば市,西部シャトル
島原口,坂東市,"七郷・中川ルート, 庁舎間シャトル, 長須・七重ルート"
住吉,関東鉄道（株）,"土浦駅西口〜小松ヶ丘〜桜ヶ丘〜補給処〜荒川沖駅東口, 荒川沖駅東口〜補給処〜東京医大前〜県立医療大学"
しらさぎ団地中央,関東鉄道（株）,荒川沖駅東口〜補給処〜東京医大前〜県立医療大学
乙戸南,関東鉄道（株）,【新】荒川沖駅〜イオンモールつくば循環
稲岡中央,関東鉄道（株）,"ひたち野うしく駅〜二の宮中央〜つくばセンター, ひたち野うしく駅〜イオン〜つくばセンター〜筑波大学病院, ひたち野うしく駅〜イオン〜つくばセンター, ひたち野うしく駅〜つくばセンター〜筑波大学病院"
茨大前,関東鉄道（株）,"土浦駅西口〜富士崎町〜阿見坂下〜阿見中央公民館, 土浦駅西口〜富士崎町〜阿見坂下〜東京医大〜阿見中央公民館, 土浦駅西口〜阿見坂下〜阿見中央公民館〜福田, 福田〜阿見中央公民館〜阿見坂下〜土浦駅西口〜合同庁舎, 土浦駅〜若栗〜阿見中央公民館〜土浦駅, 荒川沖駅東口〜補給処〜東京医大前〜県立医療大学"
中郷,関東鉄道（株）,荒川沖駅東口〜補給処〜東京医大前〜県立医療大学
右籾三区公民館,土浦市,つちまるバス（右籾地区経由）
イオンモールつくば,関東鉄道（株）,"ひたち野うしく駅〜イオン〜つくばセンター〜筑波大学病院, ひたち野うしく駅〜イオン〜つくばセンター, 【新】荒川沖駅〜イオンモールつくば循環"
イオンモールつくば,ジェイアールバス関東（株）,茨城県ひたち野うしく駅〜つくばセンター
はまなす公園下,（株）池田交通,鹿嶋コミュニティバス　湖岸海岸線
神田山,坂東市,直行坂東号
乙戸小入口,関東鉄道（株）,【新】荒川沖駅〜イオンモールつくば循環
県道角折北,（株）池田交通,鹿嶋コミュニティバス　中央線
谷田部坂町,関東鉄道（株）,"水海道駅〜みどりの駅〜学園並木〜土浦駅西口, 水海道駅〜みどりの駅〜農林団地〜学園並木〜土浦駅西口, みどりの駅〜農林団地〜学園並木〜土浦駅西口, みどりの駅〜学園並木〜土浦駅西口, みどりの駅〜谷田部四ツ角〜農林団地中央〜みどりの駅, 牛久駅〜桜ヶ丘団地〜みどりの駅, 取手駅西口〜谷井田〜豊体〜筑波ゴルフ場〜谷田部車庫, 取手駅西口〜谷井田〜豊体〜みらい平駅〜谷田部車庫"
農村工学研究所,関東鉄道（株）,"水海道駅〜みどりの駅〜農林団地〜学園並木〜土浦駅西口, みどりの駅〜農林団地〜学園並木〜土浦駅西口, 牛久駅〜農林団地中央〜谷田部車庫, 牛久駅〜谷田部車庫〜生物研〜つくばセンター〜筑波大学病院, 牛久駅〜谷田部車庫〜生物研大わしキャンパス, みどりの駅〜谷田部四ツ角〜農林団地中央〜みどりの駅"
於下,行方市,"麻生右左回りルート休日便, 麻生ルート, 玉造ルート1号車"
東原,坂東市,七郷・中川ルート
辺田香取神社前,茨城急行自動車（株）,野田市駅〜下町〜岩井車庫
辺田香取神社前,坂東市,直行坂東号
辺田香取神社前,関東鉄道（株）,岩井バスターミナル〜自然博物館入口〜きぬの里〜守谷駅西口
東荒川沖,関東鉄道（株）,"土浦駅西口〜小松ヶ丘〜桜ヶ丘〜補給処〜荒川沖駅東口, 荒川沖駅東口〜補給処〜東京医大前〜県立医療大学"
しらさぎ団地入口,関東鉄道（株）,荒川沖駅東口〜補給処〜東京医大前〜県立医療大学
荒川沖西一丁目中央,関東鉄道（株）,"荒川沖駅西口〜並木大橋〜竹園二丁目〜つくばセンター, 荒川沖駅西口〜竹園二丁目〜つくばセンター〜建築研究所, 荒川沖駅西口〜学園並木〜つくばセンター〜筑波大学病院"
麻生東駐在所前,行方市,麻生東ルート
学校区,関東鉄道（株）,"土浦駅西口〜富士崎町〜阿見坂下〜阿見中央公民館, 土浦駅西口〜富士崎町〜阿見坂下〜東京医大〜阿見中央公民館, 土浦駅西口〜阿見坂下〜阿見中央公民館〜福田, 福田〜阿見中央公民館〜阿見坂下〜土浦駅西口〜合同庁舎, 土浦駅〜若栗〜阿見中央公民館〜土浦駅"
島津,ジェイアールバス関東（株）,茨城県土浦駅〜阿見〜島津〜木原〜美浦トレセン前〜江戸崎
鹿島,坂東市,七郷・中川ルート
下台町,関東鉄道（株）,牛久駅〜桜ヶ丘団地〜みどりの駅
辺田郵便局,坂東市,沓掛・内野山ルート
谷田部中央,関東鉄道（株）,"水海道駅〜みどりの駅〜学園並木〜土浦駅西口, 水海道駅〜みどりの駅〜農林団地〜学園並木〜土浦駅西口, みどりの駅〜農林団地〜学園並木〜土浦駅西口, みどりの駅〜学園並木〜土浦駅西口, みどりの駅〜谷田部四ツ角〜農林団地中央〜みどりの駅, 牛久駅〜桜ヶ丘団地〜みどりの駅, 取手駅西口〜谷井田〜豊体〜筑波ゴルフ場〜谷田部車庫, 取手駅西口〜谷井田〜豊体〜みらい平駅〜谷田部車庫"
夢積館,坂東市,"沓掛・内野山ルート, 七郷・中川ルート, 庁舎間シャトル, 長須・七重ルート"
辺田,茨城急行自動車（株）,野田市駅〜下町〜岩井車庫
善慶西,土浦市,つちまるバス（右籾地区経由）
長谷二区公民館,坂東市,七郷・中川ルート
辺田三差路,坂東市,直行坂東号
辺田三差路,関東鉄道（株）,岩井バスターミナル〜自然博物館入口〜きぬの里〜守谷駅西口
谷田部四ツ角,関東鉄道（株）,"水海道駅〜みどりの駅〜学園並木〜土浦駅西口, 水海道駅〜みどりの駅〜農林団地〜学園並木〜土浦駅西口, みどりの駅〜農林団地〜学園並木〜土浦駅西口, みどりの駅〜学園並木〜土浦駅西口, みどりの駅〜谷田部四ツ角〜農林団地中央〜みどりの駅, 牛久駅〜桜ヶ丘団地〜みどりの駅, 取手駅西口〜谷井田〜豊体〜筑波ゴルフ場〜谷田部車庫, 取手駅西口〜谷井田〜豊体〜みらい平駅〜谷田部車庫"
谷田部四ツ角,つくば市,谷田部シャトル
乙戸,関東鉄道（株）,【新】荒川沖駅〜イオンモールつくば循環
西町坂下,関東鉄道（株）,"水海道駅〜みどりの駅〜学園並木〜土浦駅西口, 水海道駅〜みどりの駅〜農林団地〜学園並木〜土浦駅西口, みどりの駅〜農林団地〜学園並木〜土浦駅西口, みどりの駅〜学園並木〜土浦駅西口, みどりの駅〜谷田部四ツ角〜農林団地中央〜みどりの駅, 牛久駅〜桜ヶ丘団地〜みどりの駅"
農林団地中央,関東鉄道（株）,"水海道駅〜みどりの駅〜農林団地〜学園並木〜土浦駅西口, みどりの駅〜農林団地〜学園並木〜土浦駅西口, 牛久駅〜農林団地中央〜谷田部車庫, 牛久駅〜谷田部車庫〜生物研〜つくばセンター〜筑波大学病院, 牛久駅〜谷田部車庫〜生物研大わしキャンパス, みどりの駅〜谷田部四ツ角〜農林団地中央〜みどりの駅"
農林団地中央,つくば市,"自由ヶ丘シャトル, 南部シャトル"
西町,関東鉄道（株）,"水海道駅〜みどりの駅〜学園並木〜土浦駅西口, 水海道駅〜みどりの駅〜農林団地〜学園並木〜土浦駅西口, みどりの駅〜農林団地〜学園並木〜土浦駅西口, みどりの駅〜学園並木〜土浦駅西口, みどりの駅〜谷田部四ツ角〜農林団地中央〜みどりの駅, 牛久駅〜桜ヶ丘団地〜みどりの駅"
動物衛生研究所,関東鉄道（株）,"水海道駅〜みどりの駅〜農林団地〜学園並木〜土浦駅西口, みどりの駅〜農林団地〜学園並木〜土浦駅西口, 牛久駅〜農林団地中央〜谷田部車庫, 牛久駅〜谷田部車庫〜生物研〜つくばセンター〜筑波大学病院, 牛久駅〜谷田部車庫〜生物研大わしキャンパス, みどりの駅〜谷田部四ツ角〜農林団地中央〜みどりの駅"
萱丸三差路,関東鉄道（株）,"水海道駅〜みどりの駅〜学園並木〜土浦駅西口, 水海道駅〜みどりの駅〜農林団地〜学園並木〜土浦駅西口, みどりの駅〜農林団地〜学園並木〜土浦駅西口, みどりの駅〜学園並木〜土浦駅西口, みどりの駅〜谷田部四ツ角〜農林団地中央〜みどりの駅, 牛久駅〜桜ヶ丘団地〜みどりの駅"
萱丸,関東鉄道（株）,"水海道駅〜みどりの駅〜学園並木〜土浦駅西口, 水海道駅〜みどりの駅〜農林団地〜学園並木〜土浦駅西口, みどりの駅〜農林団地〜学園並木〜土浦駅西口, みどりの駅〜学園並木〜土浦駅西口, みどりの駅〜谷田部四ツ角〜農林団地中央〜みどりの駅, 牛久駅〜桜ヶ丘団地〜みどりの駅"
富士団地入口,関東鉄道（株）,荒川沖駅東口〜補給処〜東京医大前〜県立医療大学
花島新田,関東鉄道（株）,"水海道駅〜みどりの駅〜学園並木〜土浦駅西口, 水海道駅〜みどりの駅〜農林団地〜学園並木〜土浦駅西口"
警察前,関東鉄道（株）,"荒川沖駅西口〜並木大橋〜竹園二丁目〜つくばセンター, 荒川沖駅西口〜竹園二丁目〜つくばセンター〜建築研究所, 荒川沖駅西口〜学園並木〜つくばセンター〜筑波大学病院"
逆川,関東鉄道（株）,"水海道駅〜みどりの駅〜学園並木〜土浦駅西口, 水海道駅〜みどりの駅〜農林団地〜学園並木〜土浦駅西口"
前原,坂東市,七郷・中川ルート
阿見中央,関東鉄道（株）,荒川沖駅東口〜補給処〜東京医大前〜県立医療大学
岡津賀,（株）池田交通,鹿嶋コミュニティバス　湖岸海岸線
掛崎,（株）池田交通,鹿嶋コミュニティバス　湖岸海岸線
荒川沖交番前,土浦市,つちまるバス（中村南・西根南地区経由）
辺田三叉路,茨城急行自動車（株）,野田市駅〜下町〜岩井車庫
荒川沖駅,土浦市,つちまるバス（中村南・西根南地区経由）
荒川沖駅西口,関東鉄道（株）,"荒川沖駅西口〜並木大橋〜竹園二丁目〜つくばセンター, 荒川沖駅西口〜竹園二丁目〜つくばセンター〜建築研究所, 荒川沖駅西口〜学園並木〜つくばセンター〜筑波大学病院, 【新】荒川沖駅〜イオンモールつくば循環, 荒川沖駅西口〜学園並木スクール"
㈱コウン前,行方市,"麻生右左回りルート休日便, 麻生ルート, 麻生東ルート, 北浦ルート, 玉造ルート2号車"
はまなす駅入口,（株）池田交通,鹿嶋コミュニティバス　中央線
二区西,関東鉄道（株）,"土浦駅西口〜小松ヶ丘〜桜ヶ丘〜補給処〜荒川沖駅東口, 荒川沖駅東口〜補給処〜東京医大前〜県立医療大学"
みどりの駅,関東鉄道（株）,"水海道駅〜みどりの駅〜学園並木〜土浦駅西口, 水海道駅〜みどりの駅〜農林団地〜学園並木〜土浦駅西口, みどりの駅〜農林団地〜学園並木〜土浦駅西口, みどりの駅〜学園並木〜土浦駅西口, みどりの駅〜谷田部四ツ角〜農林団地中央〜みどりの駅, 牛久駅〜桜ヶ丘団地〜みどりの駅, 【深夜】守谷駅東口〜つくばセンター"
みどりの駅,つくば市,"自由ヶ丘シャトル, 西部シャトル, 谷田部シャトル"
稲岡南,関東鉄道（株）,"ひたち野うしく駅〜二の宮中央〜つくばセンター, ひたち野うしく駅〜イオン〜つくばセンター〜筑波大学病院, ひたち野うしく駅〜イオン〜つくばセンター, ひたち野うしく駅〜つくばセンター〜筑波大学病院"
稲岡南,ジェイアールバス関東（株）,茨城県ひたち野うしく駅〜つくばセンター
荒川沖駅東口,関東鉄道（株）,"土浦駅西口〜小松ヶ丘〜桜ヶ丘〜補給処〜荒川沖駅東口, 荒川沖駅東口〜補給処〜東京医大前〜県立医療大学, 荒川沖駅東口〜荒川本郷〜あみアウトレット, 荒川沖駅東口〜阿見よしわら"
荒川沖駅東口,土浦市,つちまるバス（右籾地区経由）
阿見町役場前,関東鉄道（株）,"土浦駅西口〜富士崎町〜阿見坂下〜阿見中央公民館, 土浦駅西口〜富士崎町〜阿見坂下〜東京医大〜阿見中央公民館, 土浦駅西口〜阿見坂下〜阿見中央公民館〜福田, 福田〜阿見中央公民館〜阿見坂下〜土浦駅西口〜合同庁舎, 土浦駅〜若栗〜阿見中央公民館〜土浦駅"
福岡寺前,関東鉄道（株）,"水海道駅〜みどりの駅〜学園並木〜土浦駅西口, 水海道駅〜みどりの駅〜農林団地〜学園並木〜土浦駅西口"
新町（つくば）,関東鉄道（株）,"取手駅西口〜谷井田〜豊体〜筑波ゴルフ場〜谷田部車庫, 取手駅西口〜谷井田〜豊体〜みらい平駅〜谷田部車庫"
福岡,関東鉄道（株）,"水海道駅〜みどりの駅〜学園並木〜土浦駅西口, 水海道駅〜みどりの駅〜農林団地〜学園並木〜土浦駅西口"
山崎,関東鉄道（株）,牛久駅〜桜ヶ丘団地〜みどりの駅
水門,関東鉄道（株）,"水海道駅〜みどりの駅〜学園並木〜土浦駅西口, 水海道駅〜みどりの駅〜農林団地〜学園並木〜土浦駅西口"
舟子,ジェイアールバス関東（株）,茨城県土浦駅〜阿見〜島津〜木原〜美浦トレセン前〜江戸崎
大同局下,（株）池田交通,鹿嶋コミュニティバス　湖岸海岸線
みどりの駅入口,つくば市,谷田部シャトル
農業環境技術研究所,関東鉄道（株）,"牛久駅〜農林団地中央〜谷田部車庫, 牛久駅〜谷田部車庫〜生物研〜つくばセンター〜筑波大学病院, 牛久駅〜谷田部車庫〜生物研大わしキャンパス"
農業環境技術研究所,つくば市,南部シャトル
沖新田,関東鉄道（株）,"土浦駅西口〜小松ヶ丘〜桜ヶ丘〜補給処〜荒川沖駅東口, 荒川沖駅東口〜補給処〜東京医大前〜県立医療大学"
阿見五本松,関東鉄道（株）,荒川沖駅東口〜補給処〜東京医大前〜県立医療大学
橋門八坂神社,行方市,"麻生右左回りルート休日便, 麻生ルート, 玉造ルート1号車"
堺田,（株）池田交通,鹿嶋コミュニティバス　湖岸海岸線
上宿,関東鉄道（株）,牛久駅〜桜ヶ丘団地〜みどりの駅
不動町,関東鉄道（株）,"取手駅西口〜谷井田〜豊体〜筑波ゴルフ場〜谷田部車庫, 取手駅西口〜谷井田〜豊体〜みらい平駅〜谷田部車庫"
東信団地西,坂東市,七郷・中川ルート
つくばアカデミーセンター前,つくば市,谷田部シャトル
南平台北,ジェイアールバス関東（株）,茨城県土浦駅〜阿見〜曙町〜南平台〜君島〜江戸崎
山一団地前,ジェイアールバス関東（株）,茨城県土浦駅〜阿見〜島津〜木原〜美浦トレセン前〜江戸崎
根新田,関東鉄道（株）,"水海道駅〜みどりの駅〜学園並木〜土浦駅西口, 水海道駅〜みどりの駅〜農林団地〜学園並木〜土浦駅西口"
押砂,関東鉄道（株）,"水海道駅〜みどりの駅〜学園並木〜土浦駅西口, 水海道駅〜みどりの駅〜農林団地〜学園並木〜土浦駅西口"
県立医療大学,関東鉄道（株）,荒川沖駅東口〜補給処〜東京医大前〜県立医療大学
福祉センター前,ジェイアールバス関東（株）,茨城県土浦駅〜阿見〜島津〜木原〜美浦トレセン前〜江戸崎
県立医療大入口,関東鉄道（株）,"土浦駅西口〜富士崎町〜阿見坂下〜阿見中央公民館, 土浦駅西口〜富士崎町〜阿見坂下〜東京医大〜阿見中央公民館, 土浦駅西口〜阿見坂下〜阿見中央公民館〜福田, 福田〜阿見中央公民館〜阿見坂下〜土浦駅西口〜合同庁舎, 土浦駅〜若栗〜阿見中央公民館〜土浦駅, 荒川沖駅東口〜補給処〜東京医大前〜県立医療大学"
高野台,関東鉄道（株）,"牛久駅〜農林団地中央〜谷田部車庫, 牛久駅〜谷田部車庫〜生物研〜つくばセンター〜筑波大学病院, 牛久駅〜谷田部車庫〜生物研大わしキャンパス"
高野台,つくば市,南部シャトル
羽成公園,つくば市,自由ヶ丘シャトル
南平台西,ジェイアールバス関東（株）,茨城県土浦駅〜阿見〜曙町〜南平台〜君島〜江戸崎
大利根ゴルフ場入口,茨城急行自動車（株）,野田市駅〜下町〜岩井車庫
つばさクリニック前,行方市,"麻生右左回りルート休日便, 麻生ルート, 麻生東ルート, 北浦ルート, 玉造ルート2号車"
本郷ふれあいセンター,関東鉄道（株）,"荒川沖駅東口〜荒川本郷〜あみアウトレット, 荒川沖駅東口〜阿見よしわら"
椎木,（株）池田交通,鹿嶋コミュニティバス　湖岸海岸線
理化学研究所,つくば市,南部シャトル
三菱化学,関東鉄道（株）,"土浦駅西口〜富士崎町〜阿見坂下〜阿見中央公民館, 土浦駅西口〜富士崎町〜阿見坂下〜東京医大〜阿見中央公民館, 土浦駅西口〜阿見坂下〜阿見中央公民館〜福田, 福田〜阿見中央公民館〜阿見坂下〜土浦駅西口〜合同庁舎, 土浦駅〜若栗〜阿見中央公民館〜土浦駅, 荒川沖駅東口〜補給処〜東京医大前〜県立医療大学"
南平台東,ジェイアールバス関東（株）,茨城県土浦駅〜阿見〜曙町〜南平台〜君島〜江戸崎
中宿,関東鉄道（株）,牛久駅〜桜ヶ丘団地〜みどりの駅
きぬ医師会病院,関東鉄道（株）,"水海道駅〜みどりの駅〜学園並木〜土浦駅西口, 水海道駅〜みどりの駅〜農林団地〜学園並木〜土浦駅西口"
荒川本郷,関東鉄道（株）,"荒川沖駅東口〜荒川本郷〜あみアウトレット, 荒川沖駅東口〜阿見よしわら"
北新井木,関東鉄道（株）,"水海道駅〜みどりの駅〜学園並木〜土浦駅西口, 水海道駅〜みどりの駅〜農林団地〜学園並木〜土浦駅西口"
みどりの中央,つくば市,谷田部シャトル
つくば工科高校,関東鉄道（株）,"取手駅西口〜谷井田〜豊体〜筑波ゴルフ場〜谷田部車庫, 取手駅西口〜谷井田〜豊体〜みらい平駅〜谷田部車庫"
つくば工科高校,つくば市,谷田部シャトル
市役所前,関東鉄道（株）,"水海道駅〜みどりの駅〜学園並木〜土浦駅西口, 水海道駅〜みどりの駅〜農林団地〜学園並木〜土浦駅西口"
高野台中央,関東鉄道（株）,"牛久駅〜農林団地中央〜谷田部車庫, 牛久駅〜谷田部車庫〜生物研〜つくばセンター〜筑波大学病院, 牛久駅〜谷田部車庫〜生物研大わしキャンパス"
高野台中央,つくば市,南部シャトル
岡農村集落センター前,行方市,麻生東ルート
南平台南,ジェイアールバス関東（株）,茨城県土浦駅〜阿見〜曙町〜南平台〜君島〜江戸崎
レイクエコー,関鉄グリーンバス（株）,道の駅〜潮来駅〜あそう温泉
レイクエコー,潮来市・行方市,鹿行北浦ライン
北中島,関東鉄道（株）,"ひたち野うしく駅〜二の宮中央〜つくばセンター, ひたち野うしく駅〜イオン〜つくばセンター〜筑波大学病院, ひたち野うしく駅〜イオン〜つくばセンター, ひたち野うしく駅〜つくばセンター〜筑波大学病院"
浅間塚,（株）池田交通,鹿嶋コミュニティバス　中央線
若栗新山,関東鉄道（株）,土浦駅〜若栗〜阿見中央公民館〜土浦駅
小高,行方市,"麻生右左回りルート休日便, 麻生ルート, 玉造ルート1号車"
羽成,関東鉄道（株）,牛久駅〜桜ヶ丘団地〜みどりの駅
地区センター前,ジェイアールバス関東（株）,茨城県土浦駅〜阿見〜曙町〜南平台〜君島〜江戸崎
長谷五区,坂東市,七郷・中川ルート
観音台一丁目,つくば市,自由ヶ丘シャトル
木原,ジェイアールバス関東（株）,茨城県土浦駅〜阿見〜島津〜木原〜美浦トレセン前〜江戸崎
レイクエコー,行方市,麻生東ルート
長助入口,関東鉄道（株）,"水海道駅〜みどりの駅〜学園並木〜土浦駅西口, 水海道駅〜みどりの駅〜農林団地〜学園並木〜土浦駅西口"
池ノ台,ジェイアールバス関東（株）,茨城県土浦駅〜阿見〜曙町〜南平台〜君島〜江戸崎
若栗北,関東鉄道（株）,土浦駅〜若栗〜阿見中央公民館〜土浦駅
中里,関東鉄道（株）,岩井バスターミナル〜自然博物館入口〜きぬの里〜守谷駅西口
中里,茨城急行自動車（株）,野田市駅〜下町〜岩井車庫
なめがた農協麻生支店前,行方市,"麻生右左回りルート休日便, 麻生ルート, 麻生東ルート, 北浦ルート, 玉造ルート2号車"
嘉平塚,関東鉄道（株）,"土浦駅西口〜富士崎町〜阿見坂下〜阿見中央公民館, 土浦駅西口〜富士崎町〜阿見坂下〜東京医大〜阿見中央公民館, 土浦駅西口〜阿見坂下〜阿見中央公民館〜福田, 福田〜阿見中央公民館〜阿見坂下〜土浦駅西口〜合同庁舎, 土浦駅〜若栗〜阿見中央公民館〜土浦駅"
牧園中央,つくば市,南部シャトル
踏切,関東鉄道（株）,"水海道駅〜みどりの駅〜学園並木〜土浦駅西口, 水海道駅〜みどりの駅〜農林団地〜学園並木〜土浦駅西口"
内出前,関東鉄道（株）,土浦駅〜若栗〜阿見中央公民館〜土浦駅
畜産草地研究所,関東鉄道（株）,"牛久駅〜農林団地中央〜谷田部車庫, 牛久駅〜谷田部車庫〜生物研〜つくばセンター〜筑波大学病院, 牛久駅〜谷田部車庫〜生物研大わしキャンパス"
大和橋,関東鉄道（株）,"水海道駅〜みどりの駅〜学園並木〜土浦駅西口, 水海道駅〜みどりの駅〜農林団地〜学園並木〜土浦駅西口"
みどりの中央南,つくば市,谷田部シャトル
牛久栄進高校,関東鉄道（株）,"ひたち野うしく駅〜二の宮中央〜つくばセンター, ひたち野うしく駅〜イオン〜つくばセンター〜筑波大学病院, ひたち野うしく駅〜イオン〜つくばセンター, ひたち野うしく駅〜つくばセンター〜筑波大学病院"
牛久栄進高校,ジェイアールバス関東（株）,茨城県ひたち野うしく駅〜つくばセンター
中川小学校,坂東市,七郷・中川ルート
セイミヤモール麻生店,関鉄グリーンバス（株）,道の駅〜潮来駅〜あそう温泉
セイミヤモール麻生店・カウチ薬品麻生店中央,行方市,"麻生右左回りルート休日便, 麻生ルート, 麻生東ルート, 北浦ルート, 玉造ルート2号車"
セイミヤモール麻生店・カワチ薬品麻生店中央,潮来市・行方市,鹿行北浦ライン
居合中央,（株）池田交通,鹿嶋コミュニティバス　湖岸海岸線
阿見中央公民館,関東鉄道（株）,"土浦駅西口〜富士崎町〜阿見坂下〜阿見中央公民館, 土浦駅西口〜富士崎町〜阿見坂下〜東京医大〜阿見中央公民館, 土浦駅西口〜阿見坂下〜阿見中央公民館〜福田, 福田〜阿見中央公民館〜阿見坂下〜土浦駅西口〜合同庁舎, 土浦駅〜若栗〜阿見中央公民館〜土浦駅"
産業技術学院前,（株）池田交通,鹿嶋コミュニティバス　中央線
水海道駅,関東鉄道（株）,"水海道駅〜みどりの駅〜学園並木〜土浦駅西口, 水海道駅〜みどりの駅〜農林団地〜学園並木〜土浦駅西口"
中野入口,関東鉄道（株）,"取手駅西口〜谷井田〜豊体〜筑波ゴルフ場〜谷田部車庫, 取手駅西口〜谷井田〜豊体〜みらい平駅〜谷田部車庫"
セブンイレブン行方根小屋店前,行方市,麻生東ルート
セブンイレブン根小屋店前,関鉄グリーンバス（株）,道の駅〜潮来駅〜あそう温泉
セブンイレブン根小屋店前,潮来市・行方市,鹿行北浦ライン
西大井,関東鉄道（株）,"牛久駅〜農林団地中央〜谷田部車庫, 牛久駅〜谷田部車庫〜生物研〜つくばセンター〜筑波大学病院, 牛久駅〜谷田部車庫〜生物研大わしキャンパス"
荒野,（株）池田交通,鹿嶋コミュニティバス　湖岸海岸線
工業団地前,ジェイアールバス関東（株）,茨城県土浦駅〜阿見〜曙町〜南平台〜君島〜江戸崎
根小屋,関鉄グリーンバス（株）,道の駅〜潮来駅〜あそう温泉
根小屋,潮来市・行方市,鹿行北浦ライン
茎崎若栗,関東鉄道（株）,牛久駅〜桜ヶ丘団地〜みどりの駅
高橋精工前,関鉄グリーンバス（株）,道の駅〜潮来駅〜あそう温泉
高橋精工㈱前,行方市,麻生東ルート
高橋精工㈱前,潮来市・行方市,鹿行北浦ライン
飯田,関東鉄道（株）,"取手駅西口〜谷井田〜豊体〜筑波ゴルフ場〜谷田部車庫, 取手駅西口〜谷井田〜豊体〜みらい平駅〜谷田部車庫"
北境田,つくば市,谷田部シャトル
大谷口,茨城急行自動車（株）,野田市駅〜下町〜岩井車庫
レイク本社前,関鉄グリーンバス（株）,道の駅〜潮来駅〜あそう温泉
㈱レイク本社前,行方市,麻生東ルート
㈱レイク本社前,潮来市・行方市,鹿行北浦ライン
若栗本郷,関東鉄道（株）,土浦駅〜若栗〜阿見中央公民館〜土浦駅
小山上集落センター,坂東市,七郷・中川ルート
南,行方市,"麻生右左回りルート休日便, 麻生ルート, 玉造ルート1号車"
橋本屋旅館前,関鉄グリーンバス（株）,道の駅〜潮来駅〜あそう温泉
橋本屋旅館前,潮来市・行方市,鹿行北浦ライン
下若栗,関東鉄道（株）,牛久駅〜桜ヶ丘団地〜みどりの駅
追原辻,ジェイアールバス関東（株）,茨城県土浦駅〜阿見〜曙町〜南平台〜君島〜江戸崎
飯田,つくば市,谷田部シャトル
居合,（株）池田交通,鹿嶋コミュニティバス　湖岸海岸線
若栗,関東鉄道（株）,土浦駅〜若栗〜阿見中央公民館〜土浦駅
若栗南,関東鉄道（株）,牛久駅〜桜ヶ丘団地〜みどりの駅
畔橋,関東鉄道（株）,"取手駅西口〜谷井田〜豊体〜筑波ゴルフ場〜谷田部車庫, 取手駅西口〜谷井田〜豊体〜みらい平駅〜谷田部車庫"
矢幡十字路,関鉄グリーンバス（株）,道の駅〜潮来駅〜あそう温泉
矢幡十字路,潮来市・行方市,鹿行北浦ライン
柏根,関東鉄道（株）,"土浦駅西口〜阿見坂下〜阿見中央公民館〜福田, 福田〜阿見中央公民館〜阿見坂下〜土浦駅西口〜合同庁舎"
ひたち野西3丁目北,牛久市,ひたち野うしくルート
ひたち野西2丁目,牛久市,ひたち野うしくルート
ひたち野うしく小学校前,牛久市,ひたち野うしくルート
荒野台,（株）池田交通,鹿嶋コミュニティバス　中央線
郷中,ジェイアールバス関東（株）,茨城県土浦駅〜阿見〜島津〜木原〜美浦トレセン前〜江戸崎
矢幡郵便局前,関鉄グリーンバス（株）,道の駅〜潮来駅〜あそう温泉
矢幡郵便局前,行方市,麻生東ルート
矢幡郵便局前,潮来市・行方市,鹿行北浦ライン
明神前,関東鉄道（株）,"牛久駅〜桜ヶ丘団地, 牛久駅〜桜ヶ丘団地〜みどりの駅"
電車の見える丘公園前,牛久市,ひたち野うしくルート
小山中,坂東市,七郷・中川ルート
谷田部南小学校,つくば市,谷田部シャトル
小山,（株）池田交通,鹿嶋コミュニティバス　湖岸海岸線
ひたち野西1丁目東,牛久市,ひたち野うしくルート
ひたち野西1丁目西,牛久市,ひたち野うしくルート
菅間,つくば市,南部シャトル
はまなす幼稚園,（株）池田交通,鹿嶋コミュニティバス　湖岸海岸線
島並,行方市,"麻生右左回りルート休日便, 麻生ルート, 玉造ルート1号車"
蔵太鼓麻生店前,行方市,麻生東ルート
蔵太鼓麻生店前,潮来市・行方市,鹿行北浦ライン
蔵太皷麻生店前,関鉄グリーンバス（株）,道の駅〜潮来駅〜あそう温泉
稲荷原北,関東鉄道（株）,"牛久駅〜桜ヶ丘団地, 牛久駅〜桜ヶ丘団地〜みどりの駅"
みどりの東,つくば市,谷田部シャトル
小山駐在所前,（株）池田交通,鹿嶋コミュニティバス　中央線
奈良毛,（株）池田交通,鹿嶋コミュニティバス　湖岸海岸線
小泉,茨城急行自動車（株）,野田市駅〜下町〜岩井車庫
ひたち野西3丁目南,牛久市,ひたち野うしくルート
みずべ公園前,牛久市,ひたち野うしくルート
桜ケ丘団地,関東鉄道（株）,"牛久駅〜桜ヶ丘団地, 牛久駅〜桜ヶ丘団地〜みどりの駅"
ひたち野東2丁目,牛久市,ひたち野うしくルート
ひたち野西4丁目,牛久市,ひたち野うしくルート
ひたち野うしく駅西口,牛久市,ひたち野うしくルート
稲荷原,関東鉄道（株）,"牛久駅〜桜ヶ丘団地, 牛久駅〜桜ヶ丘団地〜みどりの駅"
森林総合研究所,関東鉄道（株）,"牛久駅〜農林団地中央〜谷田部車庫, 牛久駅〜谷田部車庫〜生物研〜つくばセンター〜筑波大学病院, 牛久駅〜谷田部車庫〜生物研大わしキャンパス"
熊野神社,行方市,"麻生右左回りルート休日便, 麻生ルート, 玉造ルート1号車"
中根北,関東鉄道（株）,"ひたち野うしく駅〜二の宮中央〜つくばセンター, ひたち野うしく駅〜イオン〜つくばセンター〜筑波大学病院, ひたち野うしく駅〜イオン〜つくばセンター, ひたち野うしく駅〜つくばセンター〜筑波大学病院"
緑が丘団地入口,関東鉄道（株）,牛久駅〜森の里〜緑が丘団地
緑が丘団地入口,つくば市,谷田部シャトル
林入口,（株）池田交通,鹿嶋コミュニティバス　湖岸海岸線
緑が丘団地,関東鉄道（株）,牛久駅〜森の里〜緑が丘団地
緑が丘団地,つくば市,自由ヶ丘シャトル
二階,関東鉄道（株）,取手駅西口〜谷井田〜豊体〜筑波ゴルフ場〜谷田部車庫
おやま公園前,牛久市,ひたち野うしくルート
ひたち野うしく駅,関東鉄道（株）,"ひたち野うしく駅〜二の宮中央〜つくばセンター, ひたち野うしく駅〜つくばセンター〜建築研究所, ひたち野うしく駅〜イオン〜つくばセンター〜筑波大学病院, ひたち野うしく駅〜イオン〜つくばセンター, ひたち野うしく駅〜つくばセンター〜筑波大学病院, 江戸崎〜奥野〜ひたち野うしく駅【県南広域バス】"
ひたち野うしく駅東口,牛久市,"ひたち野うしくルート, 運動公園ルート"
ひたち野うしく駅,ジェイアールバス関東（株）,茨城県ひたち野うしく駅〜つくばセンター
君島,ジェイアールバス関東（株）,茨城県土浦駅〜阿見〜曙町〜南平台〜君島〜江戸崎
小山下集落センター,坂東市,七郷・中川ルート
美浦中学前,ジェイアールバス関東（株）,茨城県土浦駅〜阿見〜島津〜木原〜美浦トレセン前〜江戸崎
常陽ゴルフ場,関東鉄道（株）,取手駅西口〜谷井田〜豊体〜みらい平駅〜谷田部車庫
富士見ヶ丘4丁目北,つくばみらい市,板橋・みらい平ルート
ひたち野東4丁目西,牛久市,"ひたち野うしくルート, 運動公園ルート"
紫峰ヶ丘3丁目北,つくばみらい市,板橋・みらい平ルート
ひたち野東4丁目,関東鉄道（株）,江戸崎〜奥野〜ひたち野うしく駅【県南広域バス】
紫峰ヶ丘3丁目西,つくばみらい市,板橋・みらい平ルート
七郷小学校,坂東市,矢作ルート
紫峰ヶ丘3丁目東,つくばみらい市,板橋・みらい平ルート
みらいの森公園東,つくばみらい市,"みらい平通勤ライナー, 板橋・みらい平ルート"
県道小山,（株）池田交通,鹿嶋コミュニティバス　中央線
みんなの家公園前,牛久市,ひたち野うしくルート
ミュージアムパーク茨城県自然博物館,関東鉄道（株）,守谷駅西口〜自然博物館
矢幡,関鉄グリーンバス（株）,道の駅〜潮来駅〜あそう温泉
矢幡,潮来市・行方市,鹿行北浦ライン
南境松,関東鉄道（株）,牛久駅〜森の里〜緑が丘団地
自然博物館入口,茨城急行自動車（株）,野田市駅〜下町〜岩井車庫
つくば双愛病院,関東鉄道（株）,"牛久駅〜桜ヶ丘団地, 牛久駅〜桜ヶ丘団地〜みどりの駅"
七郷小入口,関東鉄道（株）,岩井バスターミナル〜自然博物館入口〜きぬの里〜守谷駅西口
JA七郷,坂東市,矢作ルート
ひたち野東3丁目,関東鉄道（株）,江戸崎〜奥野〜ひたち野うしく駅【県南広域バス】
島並自動車整備工場前,行方市,"麻生右左回りルート休日便, 麻生ルート, 玉造ルート1号車"
紫峰ヶ丘4丁目,つくばみらい市,板橋・みらい平ルート
紫峰ヶ丘3丁目南,つくばみらい市,板橋・みらい平ルート
びゅうパルク前,牛久市,ひたち野うしくルート
茨城ゴルフ場,関東鉄道（株）,取手駅西口〜谷井田〜豊体〜みらい平駅〜谷田部車庫
カスミ富士見ヶ丘店前,つくばみらい市,"みらい平通勤ライナー, 板橋・みらい平ルート"
茨城ゴルフ場前,つくばみらい市,"地区間東ルート, 板橋・みらい平ルート"
宮地,ジェイアールバス関東（株）,茨城県土浦駅〜阿見〜島津〜木原〜美浦トレセン前〜江戸崎
ひたち野東3丁目,牛久市,"ひたち野うしくルート, 運動公園ルート"
根崎,関東鉄道（株）,"土浦駅西口〜阿見坂下〜阿見中央公民館〜福田, 福田〜阿見中央公民館〜阿見坂下〜土浦駅西口〜合同庁舎"
自然博物館入口,関東鉄道（株）,"岩井バスターミナル〜自然博物館入口〜きぬの里〜守谷駅西口, 守谷駅西口〜自然博物館"
自然博物館入口,坂東市,矢作ルート
みらいの森公園西,つくばみらい市,"みらい平通勤ライナー, 板橋・みらい平ルート"
高岡（つくばみらい）,関東鉄道（株）,取手駅西口〜谷井田〜豊体〜筑波ゴルフ場〜谷田部車庫
小山下,坂東市,七郷・中川ルート
高崎入口,関東鉄道（株）,"牛久駅〜桜ヶ丘団地, 牛久駅〜桜ヶ丘団地〜みどりの駅"
富士見ヶ丘4丁目南,つくばみらい市,板橋・みらい平ルート
鹿島ハイツ,（株）池田交通,鹿嶋コミュニティバス　湖岸海岸線
ひたち野東4丁目南,牛久市,ひたち野うしくルート
紫峰ヶ丘5丁目,つくばみらい市,板橋・みらい平ルート
みらい平コミセン入口,つくばみらい市,みらい平通勤ライナー
清水,（株）池田交通,鹿嶋コミュニティバス　湖岸海岸線
みらい平コミセン前,つくばみらい市,板橋・みらい平ルート
ひたち野東自治会館前,牛久市,運動公園ルート
出山住宅前,関東鉄道（株）,取手駅西口〜谷井田〜豊体〜みらい平駅〜谷田部車庫
出山住宅前,つくばみらい市,"地区間東ルート, 板橋・みらい平ルート"
谷津入,ジェイアールバス関東（株）,茨城県土浦駅〜阿見〜島津〜木原〜美浦トレセン前〜江戸崎
クリニックビレッジ入口,牛久市,ひたち野うしくルート
紫峰ヶ丘2丁目,つくばみらい市,"みらい平通勤ライナー, 板橋・みらい平ルート"
阿見東部工業団地,関東鉄道（株）,"荒川沖駅東口〜荒川本郷〜あみアウトレット, 荒川沖駅東口〜阿見よしわら"
大賀,関鉄グリーンバス（株）,道の駅〜潮来駅〜あそう温泉
大賀,潮来市・行方市,鹿行北浦ライン
高崎中央,つくば市,南部シャトル
大谷,ジェイアールバス関東（株）,茨城県土浦駅〜阿見〜島津〜木原〜美浦トレセン前〜江戸崎
高波,関東鉄道（株）,"取手駅西口〜谷井田〜豊体〜みらい平駅〜谷田部車庫, 【深夜】守谷駅東口〜つくばセンター"
高波,つくばみらい市,"地区間東ルート, 板橋・みらい平ルート"
荒地,関東鉄道（株）,"牛久駅〜桜ヶ丘団地, 牛久駅〜桜ヶ丘団地〜みどりの駅"
中矢作,茨城急行自動車（株）,野田市駅〜下町〜岩井車庫
大崎,坂東市,矢作ルート
伊奈東北,つくばみらい市,"地区間東ルート, 板橋・みらい平ルート"
はんの木台,関東鉄道（株）,"牛久駅〜農林団地中央〜谷田部車庫, 牛久駅〜谷田部車庫〜生物研〜つくばセンター〜筑波大学病院, 牛久駅〜谷田部車庫〜生物研大わしキャンパス"
ふたばランド入口,つくばみらい市,"みらい平通勤ライナー, 板橋・みらい平ルート"
茎崎第一小学校,関東鉄道（株）,"牛久駅〜桜ヶ丘団地, 牛久駅〜桜ヶ丘団地〜みどりの駅"
駒込,つくば市,自由ヶ丘シャトル
JA下根直売所,牛久市,運動公園ルート
牛久運動公園,牛久市,運動公園ルート
子どもの家菫の苑前,行方市,"麻生右左回りルート休日便, 麻生ルート, 玉造ルート1号車"
大山,関東鉄道（株）,取手駅西口〜谷井田〜豊体〜筑波ゴルフ場〜谷田部車庫
駒込,関東鉄道（株）,牛久駅〜森の里〜緑が丘団地
明石,（株）池田交通,鹿嶋コミュニティバス　湖岸海岸線
伊奈東自治会館前,つくばみらい市,"地区間東ルート, 板橋・みらい平ルート"
陽光台2丁目,つくばみらい市,"みらい平通勤ライナー, 地区間東ルート, 板橋・みらい平ルート"
大生原公民館前,関鉄グリーンバス（株）,道の駅〜潮来駅〜あそう温泉
大生原公民館前,潮来市・行方市,鹿行北浦ライン
田谷,（株）池田交通,鹿嶋コミュニティバス　中央線
吉原,関東鉄道（株）,"土浦駅西口〜阿見坂下〜阿見中央公民館〜福田, 福田〜阿見中央公民館〜阿見坂下〜土浦駅西口〜合同庁舎"
高崎南,つくば市,茎埼シャトル
高見原団地入口,関東鉄道（株）,"牛久駅〜桜ヶ丘団地, 牛久駅〜桜ヶ丘団地〜みどりの駅"
高見原団地入口,つくば市,"南部シャトル, 茎埼シャトル"
姥神,ジェイアールバス関東（株）,茨城県土浦駅〜阿見〜島津〜木原〜美浦トレセン前〜江戸崎
東陽寺前,茨城急行自動車（株）,野田市駅〜下町〜岩井車庫
牛久愛和病院前,関東鉄道（株）,"牛久駅〜農林団地中央〜谷田部車庫, 牛久駅〜谷田部車庫〜生物研〜つくばセンター〜筑波大学病院, 牛久駅〜谷田部車庫〜生物研大わしキャンパス"
高見原,関東鉄道（株）,"牛久駅〜桜ヶ丘団地, 牛久駅〜桜ヶ丘団地〜みどりの駅"
みらい平駅,関東鉄道（株）,"取手駅西口〜谷井田〜豊体〜みらい平駅〜谷田部車庫, 【深夜】守谷駅東口〜つくばセンター"
みらい平駅,つくばみらい市,"みらい平通勤ライナー, 地区間西ルート, 地区間東ルート, 地区間南ルート, 板橋・みらい平ルート"
莚打,坂東市,七郷・中川ルート
野原集落センター,ブルーバス（株）,鳩崎線
明石入口,（株）池田交通,鹿嶋コミュニティバス　湖岸海岸線
色川接骨院前,つくばみらい市,地区間西ルート
伊奈東中央,つくばみらい市,"地区間東ルート, 板橋・みらい平ルート"
狸穴,つくばみらい市,地区間東ルート
麻生高校前,関鉄グリーンバス（株）,道の駅〜潮来駅〜あそう温泉
麻生高校前,行方市,"麻生ルート, 麻生東ルート, 北浦ルート, 玉造ルート1号車, 玉造ルート2号車"
麻生高校前,潮来市・行方市,鹿行北浦ライン
下矢作,関東鉄道（株）,"岩井バスターミナル〜自然博物館入口〜きぬの里〜守谷駅西口, 守谷駅西口〜自然博物館"
下矢作,坂東市,矢作ルート
みらい平市民センター前,つくばみらい市,"地区間西ルート, 地区間東ルート, 地区間南ルート, 板橋・みらい平ルート"
筑波ゴルフ場,関東鉄道（株）,取手駅西口〜谷井田〜豊体〜筑波ゴルフ場〜谷田部車庫
沼尾,（株）池田交通,鹿嶋コミュニティバス　湖岸海岸線
さくら園,牛久市,"運動公園ルート, 通勤ライナー上柏田・むつみルート"
福田入口,関東鉄道（株）,"土浦駅西口〜阿見坂下〜阿見中央公民館〜福田, 福田〜阿見中央公民館〜阿見坂下〜土浦駅西口〜合同庁舎"
森の里北,関東鉄道（株）,"牛久駅〜森の里, 牛久駅〜森の里〜緑が丘団地"
森の里西,関東鉄道（株）,"牛久駅〜森の里, 牛久駅〜森の里〜緑が丘団地"
竹の台入口,牛久市,運動公園ルート
大生原郵便局前,関鉄グリーンバス（株）,道の駅〜潮来駅〜あそう温泉
大生原郵便局前,潮来市・行方市,鹿行北浦ライン
グリーンランド,坂東市,七郷・中川ルート
ひまわり台入口,つくばみらい市,地区間東ルート
狸穴西,つくばみらい市,地区間東ルート
むつみ団地,牛久市,"運動公園ルート, 通勤ライナー上柏田・むつみルート"
高見原中央,関東鉄道（株）,"牛久駅〜桜ヶ丘団地, 牛久駅〜桜ヶ丘団地〜みどりの駅"
高見原中央,つくば市,"南部シャトル, 茎埼シャトル"
麻生電装前,行方市,"麻生右左回りルート休日便, 麻生ルート, 玉造ルート1号車"
城山団地中央,つくば市,茎埼シャトル
西ノ台東,つくばみらい市,小絹ルート
小山,関東鉄道（株）,牛久駅〜森の里〜緑が丘団地
上柏田1丁目,牛久市,通勤ライナー上柏田・むつみルート
狸穴団地前,つくばみらい市,地区間東ルート
前新田入口,つくばみらい市,地区間西ルート
二池北,牛久市,通勤ライナー上柏田・むつみルート
阿見よしわら,関東鉄道（株）,"荒川沖駅東口〜荒川本郷〜あみアウトレット, 荒川沖駅東口〜阿見よしわら"
勘兵衛新田児童公園入口,つくばみらい市,"地区間東ルート, 板橋・みらい平ルート"
高見原三差路,関東鉄道（株）,"牛久駅〜桜ヶ丘団地, 牛久駅〜桜ヶ丘団地〜みどりの駅"
市役所麻生庁舎,行方市,"麻生右左回りルート休日便, 麻生ルート, 麻生東ルート, 北浦ルート, 玉造ルート1号車, 玉造ルート2号車"
西ノ台中央,つくばみらい市,小絹ルート
麻生庁舎,関鉄グリーンバス（株）,道の駅〜潮来駅〜あそう温泉
麻生庁舎,鹿嶋市・潮来市・行方市,神宮あやめ白帆ライン
麻生庁舎,潮来市・行方市,鹿行北浦ライン
スタジアム駅入口,（株）池田交通,鹿嶋コミュニティバス　中央線
森の里,関東鉄道（株）,"牛久駅〜森の里, 牛久駅〜森の里〜緑が丘団地"
一本松,関東鉄道（株）,"牛久駅〜農林団地中央〜谷田部車庫, 牛久駅〜谷田部車庫〜生物研〜つくばセンター〜筑波大学病院, 牛久駅〜谷田部車庫〜生物研大わしキャンパス"
上柏田2丁目北,牛久市,通勤ライナー上柏田・むつみルート
法師戸,坂東市,矢作ルート
古川十字路,つくばみらい市,地区間西ルート
茎崎高校前,関東鉄道（株）,"牛久駅〜森の里団地入口〜茎崎高校前, 茎崎高校前〜（直行）〜牛久駅【スクール】"
森の里中央,関東鉄道（株）,"牛久駅〜森の里, 牛久駅〜森の里〜緑が丘団地"
原入口,関東鉄道（株）,"岩井バスターミナル〜自然博物館入口〜きぬの里〜守谷駅西口, 守谷駅西口〜自然博物館"
上柏田3丁目北,牛久市,"運動公園ルート, 通勤ライナー上柏田・むつみルート"
二池,牛久市,通勤ライナー上柏田・むつみルート
小山入口,茨城急行自動車（株）,野田市駅〜下町〜岩井車庫
ゴルフ練習場前,牛久市,小坂団地ルート
狸穴入口,関東鉄道（株）,取手駅西口〜谷井田〜豊体〜筑波ゴルフ場〜谷田部車庫
狸穴入口,つくばみらい市,"地区間東ルート, 板橋・みらい平ルート"
谷和原郵便局前,つくばみらい市,地区間西ルート
土屋,ジェイアールバス関東（株）,茨城県土浦駅〜阿見〜曙町〜南平台〜君島〜江戸崎
陽光台3丁目,関東鉄道（株）,取手駅西口〜谷井田〜豊体〜みらい平駅〜谷田部車庫
陽光台3丁目,つくばみらい市,"地区間西ルート, 地区間南ルート, 板橋・みらい平ルート"
谷和原庁舎,つくばみらい市,地区間西ルート
栄町2丁目北,牛久市,"運動公園ルート, 通勤ライナー上柏田・むつみルート"
卜伝の郷運動公園入口,（株）池田交通,鹿嶋コミュニティバス　湖岸海岸線
城山団地南,つくば市,茎埼シャトル
法師戸,関東鉄道（株）,"岩井バスターミナル〜自然博物館入口〜きぬの里〜守谷駅西口, 守谷駅西口〜自然博物館"
下根ヶ丘,牛久市,小坂団地ルート
天王崎入口,行方市,"麻生右左回りルート休日便, 麻生ルート, 玉造ルート1号車"
教育センター前,ブルーバス（株）,鳩崎線
すくすく広場前,牛久市,運動公園ルート
柏田入口,関東鉄道（株）,"牛久駅〜農林団地中央〜谷田部車庫, 牛久駅〜谷田部車庫〜生物研〜つくばセンター〜筑波大学病院, 牛久駅〜谷田部車庫〜生物研大わしキャンパス"
法師戸西,坂東市,"七郷・中川ルート, 矢作ルート"
高見原南,関東鉄道（株）,"牛久駅〜桜ヶ丘団地, 牛久駅〜桜ヶ丘団地〜みどりの駅"
高見原南,つくば市,"南部シャトル, 茎埼シャトル"
上柏田2丁目,牛久市,"運動公園ルート, 通勤ライナー上柏田・むつみルート"
まるたか前,つくばみらい市,小絹ルート
法師戸東,坂東市,"七郷・中川ルート, 矢作ルート"
上柏田3丁目西,牛久市,"運動公園ルート, 通勤ライナー上柏田・むつみルート"
栄町三丁目,関東鉄道（株）,"牛久駅東口〜栄町〜小坂団地, 牛久駅東口〜小坂団地〜牛久浄苑・牛久大仏"
黒田歯科前,つくばみらい市,小絹ルート
栄西,牛久市,通勤ライナー上柏田・むつみルート
松ヶ丘入口,牛久市,"運動公園ルート, 通勤ライナー上柏田・むつみルート"
森の里南,関東鉄道（株）,"牛久駅〜森の里, 牛久駅〜森の里〜緑が丘団地"
キヤノン前（阿見）,関東鉄道（株）,"土浦駅西口〜阿見坂下〜阿見中央公民館〜福田, 福田〜阿見中央公民館〜阿見坂下〜土浦駅西口〜合同庁舎"
須賀,（株）池田交通,鹿嶋コミュニティバス　湖岸海岸線
菅生南,関東鉄道（株）,"岩井バスターミナル〜自然博物館入口〜きぬの里〜守谷駅西口, 守谷駅西口〜自然博物館"
小茎公民館前,関東鉄道（株）,"牛久駅〜森の里, 牛久駅〜森の里〜緑が丘団地, 牛久駅〜森の里団地入口〜茎崎高校前"
栄町三丁目交差点,牛久市,運動公園ルート
美浦トレセン前,ジェイアールバス関東（株）,茨城県土浦駅〜阿見〜島津〜木原〜美浦トレセン前〜江戸崎
麻生公民館,行方市,"麻生右左回りルート休日便, 麻生ルート, 玉造ルート1号車"
麻生公民館,関鉄グリーンバス（株）,道の駅〜潮来駅〜あそう温泉
麻生公民館,鹿嶋市・潮来市・行方市,神宮あやめ白帆ライン
麻生公民館,潮来市・行方市,鹿行北浦ライン
あそう温泉白帆の湯,関鉄グリーンバス（株）,道の駅〜潮来駅〜あそう温泉
あそう温泉「白帆の湯」（天王崎）,行方市,"麻生右左回りルート休日便, 麻生ルート, 玉造ルート1号車"
あそう温泉「白帆の湯」（天皇崎）,鹿嶋市・潮来市・行方市,神宮あやめ白帆ライン
あそう温泉「白帆の湯」（天王崎）,潮来市・行方市,鹿行北浦ライン
上池親水公園,牛久市,小坂団地ルート
茎崎窓口センター,関東鉄道（株）,"牛久駅〜森の里, 牛久駅〜森の里〜緑が丘団地, 牛久駅〜森の里団地入口〜茎崎高校前"
茎崎窓口センター,つくば市,"自由ヶ丘シャトル, 南部シャトル, 茎埼シャトル"
栄町第一児童公園入口,牛久市,通勤ライナー上柏田・むつみルート
小目橋,つくばみらい市,地区間西ルート
梅ケ丘団地,関東鉄道（株）,牛久駅〜森の里〜緑が丘団地
梅ケ丘団地,つくば市,自由ヶ丘シャトル
えんぴつ坂入口,関鉄グリーンバス（株）,道の駅〜潮来駅〜あそう温泉
えんぴつ坂入口,潮来市・行方市,鹿行北浦ライン
みらいっ娘前,つくばみらい市,地区間西ルート
栄町一丁目,関東鉄道（株）,"牛久駅東口〜栄町〜小坂団地, 牛久駅東口〜小坂団地〜牛久浄苑・牛久大仏"
上柏田四丁目,牛久市,通勤ライナー上柏田・むつみルート
筑波銀行麻生支店前,行方市,"麻生右左回りルート休日便, 麻生ルート, 玉造ルート1号車"
筑波銀行麻生支店前,関鉄グリーンバス（株）,道の駅〜潮来駅〜あそう温泉
筑波銀行麻生支店前,鹿嶋市・潮来市・行方市,神宮あやめ白帆ライン
筑波銀行麻生支店前,潮来市・行方市,鹿行北浦ライン
庄兵エ新田,関東鉄道（株）,"牛久駅〜森の里〜緑が丘団地, 牛久駅〜森の里団地入口〜茎崎高校前"
小張北,関東鉄道（株）,取手駅西口〜谷井田〜豊体〜みらい平駅〜谷田部車庫
北田宮,関東鉄道（株）,"牛久駅〜農林団地中央〜谷田部車庫, 牛久駅〜谷田部車庫〜生物研〜つくばセンター〜筑波大学病院, 牛久駅〜谷田部車庫〜生物研大わしキャンパス"
森の里団地入口,関東鉄道（株）,"牛久駅〜森の里, 牛久駅〜森の里〜緑が丘団地, 牛久駅〜森の里団地入口〜茎崎高校前"
森の里団地入口,つくば市,"自由ヶ丘シャトル, 南部シャトル, 茎埼シャトル"
勘兵ヱ新田,関東鉄道（株）,取手駅西口〜谷井田〜豊体〜筑波ゴルフ場〜谷田部車庫
勘兵衛新田,つくばみらい市,"地区間東ルート, 板橋・みらい平ルート"
豊郷小学校前,（株）池田交通,鹿嶋コミュニティバス　湖岸海岸線
弁天前（つくば）,関東鉄道（株）,"牛久駅〜森の里, 牛久駅〜森の里〜緑が丘団地, 牛久駅〜森の里団地入口〜茎崎高校前"
弁天前,牛久市,つつじが丘ルート
弁天前,つくば市,"南部シャトル, 茎埼シャトル"
天宝喜,関東鉄道（株）,"牛久駅〜森の里, 牛久駅〜森の里〜緑が丘団地, 牛久駅〜森の里団地入口〜茎崎高校前"
新山,関東鉄道（株）,"牛久駅〜桜ヶ丘団地, 牛久駅〜桜ヶ丘団地〜みどりの駅"
新山,つくば市,"南部シャトル, 茎埼シャトル"
内守谷工業団地北,関東鉄道（株）,"岩井バスターミナル〜自然博物館入口〜きぬの里〜守谷駅西口, 守谷駅西口〜自然博物館"
谷原大橋,つくばみらい市,地区間西ルート
茎崎高校入口,関東鉄道（株）,"牛久駅〜森の里〜緑が丘団地, 牛久駅〜森の里団地入口〜茎崎高校前"
麻生交差点,行方市,"麻生右左回りルート休日便, 麻生ルート, 玉造ルート1号車"
麻生交差点,関鉄グリーンバス（株）,道の駅〜潮来駅〜あそう温泉
麻生交差点,鹿嶋市・潮来市・行方市,神宮あやめ白帆ライン
麻生交差点,潮来市・行方市,鹿行北浦ライン
第八岡見,牛久市,小坂団地ルート
上柏田,関東鉄道（株）,牛久駅東口〜小坂団地〜牛久浄苑・牛久大仏
上柏田,牛久市,通勤ライナー上柏田・むつみルート
新井田歯科医院前,鹿嶋市・潮来市・行方市,神宮あやめ白帆ライン
芽吹橋北詰,茨城急行自動車（株）,野田市駅〜下町〜岩井車庫
芽吹橋,坂東市,矢作ルート
上池台団地,牛久市,小坂団地ルート
マルヘイストア,（株）池田交通,"鹿嶋コミュニティバス　中央線, 鹿嶋コミュニティバス　湖岸海岸線"
栄町4丁目西,牛久市,運動公園ルート
栄町6丁目,牛久市,通勤ライナー上柏田・むつみルート
あみプレミアムアウトレット,関東鉄道（株）,"荒川沖駅東口〜荒川本郷〜あみアウトレット, （直行）牛久駅東口〜牛久大仏〜あみプレミアムアウトレット"
西ノ台南入口,つくばみらい市,地区間西ルート
八坂神社前,つくばみらい市,小絹ルート
矢作新田西,坂東市,矢作ルート
上池台中央,牛久市,小坂団地ルート
上池台東,牛久市,小坂団地ルート
天王宮,ジェイアールバス関東（株）,茨城県土浦駅〜阿見〜島津〜木原〜美浦トレセン前〜江戸崎
小宮作,（株）池田交通,鹿嶋コミュニティバス　湖岸海岸線
内守谷工業団地入口,関東鉄道（株）,内守谷工業団地〜きぬの里〜守谷駅西口
北岩崎,関東鉄道（株）,牛久駅〜森の里〜緑が丘団地
茎崎運動公園前,関東鉄道（株）,牛久駅〜森の里〜緑が丘団地
茎崎運動公園,つくば市,"自由ヶ丘シャトル, 南部シャトル, 茎埼シャトル"
小張,関東鉄道（株）,"取手駅西口〜谷井田〜豊体〜筑波ゴルフ場〜谷田部車庫, 取手駅西口〜谷井田〜豊体〜みらい平駅〜谷田部車庫"
小張,つくばみらい市,"地区間西ルート, 地区間南ルート, 板橋・みらい平ルート"
西田宮,関東鉄道（株）,"牛久駅〜森の里, 牛久駅〜森の里〜緑が丘団地, 牛久駅〜森の里団地入口〜茎崎高校前"
県立牛久高校,関東鉄道（株）,牛久駅東口〜牛久市役所前〜県立牛久高校〜小坂団地
きぬの里,関東鉄道（株）,"岩井バスターミナル〜自然博物館入口〜きぬの里〜守谷駅西口, 内守谷工業団地〜きぬの里〜守谷駅西口, きぬの里〜守谷駅西口, 守谷駅西口〜自然博物館"
岡見町,関東鉄道（株）,江戸崎〜奥野〜ひたち野うしく駅【県南広域バス】
岡見町,牛久市,小坂団地ルート
ウェルポート前,（株）池田交通,鹿嶋コミュニティバス　中央線
一本松,ジェイアールバス関東（株）,茨城県土浦駅〜阿見〜曙町〜南平台〜君島〜江戸崎
矢作新田公民館,坂東市,矢作ルート
宮田歯科前,つくばみらい市,"地区間南ルート, 板橋・みらい平ルート"
農協前（牛久）,関東鉄道（株）,"牛久駅東口〜牛久市役所前〜小坂団地, 牛久駅東口〜栄町〜小坂団地, 牛久駅東口〜小坂団地〜牛久浄苑・牛久大仏, 牛久駅東口〜牛久市役所前〜県立牛久高校〜小坂団地"
農協前,牛久市,小坂団地ルート
粗毛,鹿嶋市・潮来市・行方市,神宮あやめ白帆ライン
栄町団地中央,関東鉄道（株）,牛久駅東口〜栄町〜小坂団地
栄町団地中央,牛久市,運動公園ルート
宝陽台北,牛久市,つつじが丘ルート
田宮町,つくば市,南部シャトル
田宮,関東鉄道（株）,"牛久駅〜農林団地中央〜谷田部車庫, 牛久駅〜谷田部車庫〜生物研〜つくばセンター〜筑波大学病院, 牛久駅〜谷田部車庫〜生物研大わしキャンパス"
小絹コミセン入口,つくばみらい市,小絹ルート
栄町,関東鉄道（株）,"牛久駅東口〜栄町〜小坂団地, 牛久駅東口〜小坂団地〜牛久浄苑・牛久大仏"
中央2丁目,牛久市,通勤ライナー上柏田・むつみルート
岡田小学校前,関東鉄道（株）,"牛久駅東口〜牛久市役所前〜小坂団地, 牛久駅東口〜栄町〜小坂団地, 牛久駅東口〜小坂団地〜牛久浄苑・牛久大仏, 牛久駅東口〜牛久市役所前〜県立牛久高校〜小坂団地"
岡田小学校前,牛久市,小坂団地ルート
白鳥の里・かんぽの宿潮来下,関鉄グリーンバス（株）,道の駅〜潮来駅〜あそう温泉
白鳥の里・かんぽの宿潮来下,潮来市・行方市,鹿行北浦ライン
総合運動公園西,つくばみらい市,"地区間南ルート, 板橋・みらい平ルート"
伊奈東小学校西,つくばみらい市,"地区間東ルート, 板橋・みらい平ルート"
矢作新田東,坂東市,矢作ルート
麻生富田,鹿嶋市・潮来市・行方市,神宮あやめ白帆ライン
浄水場入口,（株）池田交通,鹿嶋コミュニティバス　湖岸海岸線
そよそよ公園,関東鉄道（株）,"岩井バスターミナル〜自然博物館入口〜きぬの里〜守谷駅西口, 内守谷工業団地〜きぬの里〜守谷駅西口, きぬの里〜守谷駅西口, 守谷駅西口〜自然博物館"
田宮跨線橋西,関東鉄道（株）,"牛久駅〜桜ヶ丘団地, 牛久駅〜森の里, 牛久駅〜森の里〜緑が丘団地, 牛久駅〜森の里団地入口〜茎崎高校前, 牛久駅〜桜ヶ丘団地〜みどりの駅"
一本松,稲敷市,コミバス　江戸崎西ルート
小張下宿,関東鉄道（株）,"取手駅西口〜谷井田〜豊体〜筑波ゴルフ場〜谷田部車庫, 取手駅西口〜谷井田〜豊体〜みらい平駅〜谷田部車庫"
小張下宿,つくばみらい市,"地区間西ルート, 地区間南ルート"
西山,関東鉄道（株）,取手駅西口〜谷井田〜豊体〜筑波ゴルフ場〜谷田部車庫
西山,つくばみらい市,"地区間南ルート, 板橋・みらい平ルート"
下吉原,関東鉄道（株）,牛久駅東口〜小坂団地〜牛久浄苑・牛久大仏
第七東宝ランド入口,関東鉄道（株）,"牛久駅東口〜牛久市役所前〜小坂団地, 牛久駅東口〜栄町〜小坂団地, 牛久駅東口〜小坂団地〜牛久浄苑・牛久大仏, 牛久駅東口〜牛久市役所前〜県立牛久高校〜小坂団地"
福田（阿見）,関東鉄道（株）,"土浦駅西口〜阿見坂下〜阿見中央公民館〜福田, 福田〜阿見中央公民館〜阿見坂下〜土浦駅西口〜合同庁舎"
月出里大形,稲敷市,コミバス　江戸崎西ルート
つくばセントラル病院前,関東鉄道（株）,"牛久駅東口〜牛久市役所前〜小坂団地, 牛久駅東口〜栄町〜小坂団地, 牛久駅東口〜牛久市役所前〜県立牛久高校〜小坂団地"
つくばセントラル病院前,牛久市,"小坂団地ルート, 通勤ライナー上柏田・むつみルート"
きぬの里3丁目,関東鉄道（株）,"岩井バスターミナル〜自然博物館入口〜きぬの里〜守谷駅西口, 内守谷工業団地〜きぬの里〜守谷駅西口, きぬの里〜守谷駅西口, 守谷駅西口〜自然博物館"
伊奈東小学校前,関東鉄道（株）,取手駅西口〜谷井田〜豊体〜筑波ゴルフ場〜谷田部車庫
伊奈東小学校前,つくばみらい市,"地区間東ルート, 地区間南ルート"
きぬの里2丁目,関東鉄道（株）,"岩井バスターミナル〜自然博物館入口〜きぬの里〜守谷駅西口, 内守谷工業団地〜きぬの里〜守谷駅西口, きぬの里〜守谷駅西口, 守谷駅西口〜自然博物館"
中央生涯学習センター,牛久市,運動公園ルート
板橋不動尊前,つくばみらい市,"地区間南ルート, 板橋・みらい平ルート"
内守谷工業団地中央,関東鉄道（株）,内守谷工業団地〜きぬの里〜守谷駅西口
不動尊前,関東鉄道（株）,取手駅西口〜谷井田〜豊体〜筑波ゴルフ場〜谷田部車庫
伊奈郵便局前,つくばみらい市,"地区間東ルート, 地区間南ルート"
巣立山公園,関東鉄道（株）,"岩井バスターミナル〜自然博物館入口〜きぬの里〜守谷駅西口, 内守谷工業団地〜きぬの里〜守谷駅西口, きぬの里〜守谷駅西口, 守谷駅西口〜自然博物館"
牛久浄苑,関東鉄道（株）,"牛久駅東口〜小坂団地〜牛久浄苑・牛久大仏, （直行）牛久駅東口〜牛久大仏〜あみプレミアムアウトレット"
小絹駅,つくばみらい市,"小絹ルート, 地区間西ルート"
公園前,牛久市,つつじが丘ルート
茎崎老人福祉センター,つくば市,南部シャトル
牛久大仏,関東鉄道（株）,"牛久駅東口〜小坂団地〜牛久浄苑・牛久大仏, （直行）牛久駅東口〜牛久大仏〜あみプレミアムアウトレット"
東洋大牛久高校入口,関東鉄道（株）,"牛久駅東口〜牛久市役所前〜小坂団地, 牛久駅東口〜栄町〜小坂団地, 牛久駅東口〜牛久市役所前〜県立牛久高校〜小坂団地"
東洋高校入口,牛久市,"運動公園ルート, 小坂団地ルート, 通勤ライナー上柏田・むつみルート"
宝陽台公民館,牛久市,つつじが丘ルート
きぬの里中央,関東鉄道（株）,"岩井バスターミナル〜自然博物館入口〜きぬの里〜守谷駅西口, 内守谷工業団地〜きぬの里〜守谷駅西口, きぬの里〜守谷駅西口, 守谷駅西口〜自然博物館"
八軒,関東鉄道（株）,"牛久駅東口〜牛久市役所前〜小坂団地, 牛久駅東口〜栄町〜小坂団地, 牛久駅東口〜小坂団地〜牛久浄苑・牛久大仏, 牛久駅東口〜牛久市役所前〜県立牛久高校〜小坂団地"
東板橋,つくばみらい市,地区間東ルート
取手国際ゴルフ場前,つくばみらい市,地区間東ルート
中田宮,関東鉄道（株）,"牛久駅〜農林団地中央〜谷田部車庫, 牛久駅〜谷田部車庫〜生物研〜つくばセンター〜筑波大学病院, 牛久駅〜谷田部車庫〜生物研大わしキャンパス, 牛久駅〜桜ヶ丘団地, 牛久駅〜森の里, 牛久駅〜森の里〜緑が丘団地, 牛久駅〜森の里団地入口〜茎崎高校前, 牛久駅〜桜ヶ丘団地〜みどりの駅"
富田中央,鹿嶋市・潮来市・行方市,神宮あやめ白帆ライン
第二つつじが丘,牛久市,つつじが丘ルート
小絹中学校,関東鉄道（株）,"岩井バスターミナル〜自然博物館入口〜きぬの里〜守谷駅西口, 内守谷工業団地〜きぬの里〜守谷駅西口, きぬの里〜守谷駅西口, 守谷駅西口〜自然博物館"
上岩崎,つくば市,自由ヶ丘シャトル
北坪,関東鉄道（株）,牛久駅〜森の里〜緑が丘団地
内守谷工業団地南,関東鉄道（株）,内守谷工業団地〜きぬの里〜守谷駅西口
第2公園前,牛久市,つつじが丘ルート
月出里ホワイト急便前,稲敷市,コミバス　江戸崎西ルート
牛久第二小学校前,牛久市,つつじが丘ルート
石橋,ジェイアールバス関東（株）,茨城県土浦駅〜阿見〜島津〜木原〜美浦トレセン前〜江戸崎
野中,ブルーバス（株）,浮島線
西山牧場入口,稲敷市,コミバス　江戸崎西ルート
松川,ブルーバス（株）,浮島線
下岩崎,つくば市,"自由ヶ丘シャトル, 南部シャトル, 茎埼シャトル"
寺下,関東鉄道（株）,"取手駅西口〜谷井田〜豊体〜筑波ゴルフ場〜谷田部車庫, 取手駅西口〜谷井田〜豊体〜みらい平駅〜谷田部車庫"
寺下,つくばみらい市,"地区間西ルート, 地区間南ルート"
南太田住宅前,つくばみらい市,地区間南ルート
古渡小学校前,ブルーバス（株）,浮島線
牛久市役所,牛久市,"運動公園ルート, 小坂団地ルート"
西三次,ブルーバス（株）,浮島線
大岡山,牛久市,"運動公園ルート, 小坂団地ルート"
大岡山,関東鉄道（株）,"牛久駅東口〜牛久市役所前〜小坂団地, 牛久駅東口〜栄町〜小坂団地, 牛久駅東口〜牛久市役所前〜県立牛久高校〜小坂団地"
大和田入口,つくばみらい市,地区間東ルート
宮中野南,（株）池田交通,鹿嶋コミュニティバス　湖岸海岸線
絹の台集会所前,つくばみらい市,小絹ルート
第1公園入口,牛久市,つつじが丘ルート
富田,鹿嶋市・潮来市・行方市,神宮あやめ白帆ライン
宮津台ふれあい公園前,（株）池田交通,鹿嶋コミュニティバス　中央線
花指,稲敷市,コミバス　江戸崎西ルート
田宮町,牛久市,つつじが丘ルート
内守谷工業団地,関東鉄道（株）,内守谷工業団地〜きぬの里〜守谷駅西口
洋チャン食堂前,牛久市,つつじが丘ルート
東三次,ブルーバス（株）,浮島線
茎崎第二小学校,つくば市,茎埼シャトル
水原観音愛染院前,関鉄グリーンバス（株）,道の駅〜潮来駅〜あそう温泉
水原観音愛染院前,潮来市・行方市,鹿行北浦ライン
市民センター前,（株）池田交通,鹿嶋コミュニティバス　中央線
岡部,牛久市,小坂団地ルート
つつじが丘東公園,牛久市,つつじが丘ルート
牛久市役所前,関東鉄道（株）,"牛久駅東口〜牛久市役所前〜小坂団地, 牛久駅東口〜牛久市役所前〜県立牛久高校〜小坂団地"
月出里台五叉路,稲敷市,コミバス　江戸崎西ルート
絹の台西,つくばみらい市,小絹ルート
つつじが丘中央,牛久市,つつじが丘ルート
牛久駅入口（駅西口出口側）,関東鉄道（株）,"牛久駅〜農林団地中央〜谷田部車庫, 牛久駅〜谷田部車庫〜生物研〜つくばセンター〜筑波大学病院, 牛久駅〜谷田部車庫〜生物研大わしキャンパス, 牛久駅〜桜ヶ丘団地, 牛久駅〜森の里, 牛久駅〜森の里〜緑が丘団地, 牛久駅〜森の里団地入口〜茎崎高校前, 牛久駅〜桜ヶ丘団地〜みどりの駅"
上馬渡,ブルーバス（株）,浮島線
絹の台桜公園前,つくばみらい市,小絹ルート
牛久シャトー前,牛久市,"運動公園ルート, 小坂団地ルート"
追分,つくばみらい市,小絹ルート
信太古渡,ブルーバス（株）,"浮島線, 鳩崎線"
笛の丘公園前,つくばみらい市,小絹ルート
岡見会館入口,関東鉄道（株）,"牛久駅東口〜牛久市役所前〜小坂団地, 牛久駅東口〜栄町〜小坂団地, 牛久駅東口〜小坂団地〜牛久浄苑・牛久大仏, 牛久駅東口〜牛久市役所前〜県立牛久高校〜小坂団地"
つつじが丘西,牛久市,つつじが丘ルート
内浦,ブルーバス（株）,"浮島線, 鳩崎線"
富田東,鹿嶋市・潮来市・行方市,神宮あやめ白帆ライン
牛久中央,関東鉄道（株）,"牛久駅東口〜牛久市役所前〜小坂団地, 牛久駅東口〜牛久市役所前〜県立牛久高校〜小坂団地"
野堀,つくばみらい市,地区間東ルート
武兵衛新田,つくばみらい市,地区間東ルート
つつじが丘保育園入口,牛久市,つつじが丘ルート
石材センター前,稲敷市,コミバス　江戸崎西ルート
市営団地前,（株）池田交通,鹿嶋コミュニティバス　湖岸海岸線
茎崎みなみ郵便局,つくば市,茎埼シャトル
刈谷1丁目北,牛久市,"刈谷ルート, 刈谷城中ルート"
つつじが丘坂上,牛久市,つつじが丘ルート
厨台,（株）池田交通,鹿嶋コミュニティバス　中央線
向坪,稲敷市,コミバス　江戸崎西ルート
岡見,関東鉄道（株）,"牛久駅東口〜牛久市役所前〜小坂団地, 牛久駅東口〜栄町〜小坂団地, 牛久駅東口〜小坂団地〜牛久浄苑・牛久大仏, 牛久駅東口〜牛久市役所前〜県立牛久高校〜小坂団地"
つつじが丘入口,牛久市,つつじが丘ルート
野堀消防小屋前,つくばみらい市,地区間東ルート
つつじが丘南,牛久市,つつじが丘ルート
牛久駅東口,関東鉄道（株）,"牛久駅東口〜かわはら台〜みどり野団地〜牛久駅東口, 牛久駅東口〜かわはら台〜さくら台1丁目〜牛久駅東口, 牛久駅東口〜みどり野団地〜さくら台1丁目〜ニュータウン長山, 牛久駅東口〜牛久市役所前〜小坂団地, 牛久駅東口〜栄町〜小坂団地, 牛久駅東口〜小坂団地〜牛久浄苑・牛久大仏, 牛久駅東口〜牛久市役所前〜県立牛久高校〜小坂団地, （直行）牛久駅東口〜牛久大仏〜あみプレミアムアウトレット"
牛久駅東口,牛久市,"みどり野ルート, 運動公園ルート, 小坂団地ルート, 通勤ライナーさくら台・みどり野ルート, 通勤ライナー上柏田・むつみルート"
絹の台中央,つくばみらい市,小絹ルート
佐倉,稲敷市,"コミバス　江戸崎西ルート, コミバス　上君山ルート"
佐倉南,稲敷市,コミバス　上君山ルート
佐倉南,ブルーバス（株）,神宮寺線
せせらぎの小路,関東鉄道（株）,"岩井バスターミナル〜自然博物館入口〜きぬの里〜守谷駅西口, 内守谷工業団地〜きぬの里〜守谷駅西口, きぬの里〜守谷駅西口, 守谷駅西口〜自然博物館"
図書館入口,（株）池田交通,鹿嶋コミュニティバス　中央線
東中央,関東鉄道（株）,"牛久駅東口〜かわはら台〜みどり野団地〜牛久駅東口, 牛久駅東口〜かわはら台〜さくら台1丁目〜牛久駅東口"
牛久駅西口,牛久市,"つつじが丘ルート, 刈谷ルート, 刈谷城中ルート"
牛久駅西口,つくば市,茎埼シャトル
佐倉河岸,ブルーバス（株）,"浮島線, 鳩崎線"
月出里第一橋北,稲敷市,コミバス　江戸崎西ルート
絹の台6丁目西,つくばみらい市,小絹ルート
西三,守谷市,市役所・板戸井ルート
刈谷1丁目東,牛久市,"刈谷ルート, 刈谷城中ルート"
小角コンビニ前,稲敷市,"コミバス　江戸崎西ルート, コミバス　上君山ルート"
牛久駅入口（駅西入口側）,関東鉄道（株）,"牛久駅〜刈谷四丁目, 牛久駅〜刈谷四丁目〜三日月橋生涯学習センター"
牛久駅,関東鉄道（株）,"牛久駅〜農林団地中央〜谷田部車庫, 牛久駅〜谷田部車庫〜生物研〜つくばセンター〜筑波大学病院, 牛久駅〜谷田部車庫〜生物研大わしキャンパス, 牛久駅〜桜ヶ丘団地, 牛久駅〜森の里, 牛久駅〜森の里〜緑が丘団地, 牛久駅〜森の里団地入口〜茎崎高校前, 茎崎高校前〜（直行）〜牛久駅【スクール】, 牛久駅〜刈谷四丁目, 牛久駅〜刈谷四丁目〜三日月橋生涯学習センター, 牛久駅〜桜ヶ丘団地〜みどりの駅"
伊奈東中学校入口,つくばみらい市,地区間南ルート
駅西郵便局前,牛久市,"刈谷ルート, 刈谷城中ルート"
岡見下宿,関東鉄道（株）,"牛久駅東口〜牛久市役所前〜小坂団地, 牛久駅東口〜栄町〜小坂団地, 牛久駅東口〜小坂団地〜牛久浄苑・牛久大仏, 牛久駅東口〜牛久市役所前〜県立牛久高校〜小坂団地"
うしくあみ斎場前,関東鉄道（株）,牛久駅東口〜小坂団地〜牛久浄苑・牛久大仏
小坂団地（稲敷広域バス）,関東鉄道（株）,江戸崎〜奥野〜ひたち野うしく駅【県南広域バス】
古渡,ブルーバス（株）,浮島線
小山記念病院,（株）池田交通,"鹿嶋コミュニティバス　中央線, 鹿嶋コミュニティバス　湖岸海岸線"
小山記念病院,鹿嶋市・潮来市・行方市,神宮あやめ白帆ライン
西二,守谷市,市役所・板戸井ルート
かわはら台,関東鉄道（株）,"牛久駅東口〜かわはら台〜みどり野団地〜牛久駅東口, 牛久駅東口〜かわはら台〜さくら台1丁目〜牛久駅東口"
上岩崎入口,つくば市,茎埼シャトル
下馬渡,ブルーバス（株）,浮島線
鐘の丘公園前,つくばみらい市,小絹ルート
田園都市センター前,守谷市,市役所・板戸井ルート
ウエルシア鹿嶋宮津台店前,（株）池田交通,鹿嶋コミュニティバス　中央線
下馬木,つくばみらい市,小絹ルート
あやめ荘前,関鉄グリーンバス（株）,道の駅〜潮来駅〜あそう温泉
あやめ荘前,潮来市・行方市,鹿行北浦ライン
刈谷1丁目西,牛久市,"刈谷ルート, 刈谷城中ルート"
刈谷大橋,関東鉄道（株）,"牛久駅〜刈谷四丁目, 牛久駅〜刈谷四丁目〜三日月橋生涯学習センター"
刈谷大橋,牛久市,"刈谷ルート, 刈谷城中ルート"
いこいの広場前,守谷市,市役所・板戸井ルート
北守谷公民館,関東鉄道（株）,北守谷公民館〜御所ケ丘〜新守谷駅入口〜守谷駅西口
犬塚コインランドリー前,稲敷市,コミバス　江戸崎西ルート
犬塚コインランドリー前,関東鉄道（株）,江戸崎〜奥野〜ひたち野うしく駅【県南広域バス】
刈谷一丁目,関東鉄道（株）,"牛久駅〜刈谷四丁目, 牛久駅〜刈谷四丁目〜三日月橋生涯学習センター"
神谷1丁目,牛久市,みどり野ルート
犬塚コンビニ前,稲敷市,コミバス　江戸崎西ルート
市野深入口,関東鉄道（株）,"取手駅西口〜谷井田〜豊体〜筑波ゴルフ場〜谷田部車庫, 取手駅西口〜谷井田〜豊体〜みらい平駅〜谷田部車庫"
市野深入口,つくばみらい市,"地区間西ルート, 地区間南ルート"
絹の台6丁目南,つくばみらい市,小絹ルート
桜川運動公園前,ブルーバス（株）,浮島線
稲敷市役所,稲敷市,"コミバス　江戸崎西ルート, コミバス　上君山ルート"
稲敷市役所,ジェイアールバス関東（株）,茨城県土浦駅〜阿見〜曙町〜南平台〜君島〜江戸崎
稲敷市役所,ブルーバス（株）,鳩崎線
港ヶ丘,（株）池田交通,鹿嶋コミュニティバス　湖岸海岸線
第二高天原住宅,（株）池田交通,鹿嶋コミュニティバス　湖岸海岸線
関電工前,牛久市,小坂団地ルート
久保ケ丘,関東鉄道（株）,"岩井バスターミナル〜自然博物館入口〜きぬの里〜守谷駅西口, 内守谷工業団地〜きぬの里〜守谷駅西口, きぬの里〜守谷駅西口, 守谷駅西口〜自然博物館"
南2丁目,牛久市,みどり野ルート
刈谷二丁目,関東鉄道（株）,"牛久駅〜刈谷四丁目, 牛久駅〜刈谷四丁目〜三日月橋生涯学習センター"
永山西,鹿嶋市・潮来市・行方市,神宮あやめ白帆ライン
吹上,稲敷市,コミバス　上君山ルート
吹上,ジェイアールバス関東（株）,"茨城県土浦駅〜阿見〜島津〜木原〜美浦トレセン前〜江戸崎, 茨城県土浦駅〜阿見〜曙町〜南平台〜君島〜江戸崎"
吹上,ブルーバス（株）,"浮島線, 神宮寺線, 鳩崎線"
おおの生花店前,牛久市,"刈谷ルート, 刈谷城中ルート"
かわはら台中央,牛久市,みどり野ルート
第十東宝ランド入口,関東鉄道（株）,"牛久駅東口〜牛久市役所前〜小坂団地, 牛久駅東口〜栄町〜小坂団地, 牛久駅東口〜小坂団地〜牛久浄苑・牛久大仏, 牛久駅東口〜牛久市役所前〜県立牛久高校〜小坂団地"
和田公園入口,ブルーバス（株）,浮島線
古渡郵便局,ブルーバス（株）,浮島線
小坂団地,関東鉄道（株）,"牛久駅東口〜牛久市役所前〜小坂団地, 牛久駅東口〜栄町〜小坂団地, 牛久駅東口〜小坂団地〜牛久浄苑・牛久大仏, 牛久駅東口〜牛久市役所前〜県立牛久高校〜小坂団地"
小坂団地,牛久市,小坂団地ルート
みどり住宅前,つくばみらい市,地区間東ルート
中倉動物病院前,稲敷市,コミバス　江戸崎西ルート
浮島郵便局,ブルーバス（株）,浮島線
前原,守谷市,市役所・板戸井ルート
稲敷市役所,関東鉄道（株）,江戸崎〜奥野〜ひたち野うしく駅【県南広域バス】
松前台七丁目,関東鉄道（株）,北守谷公民館〜御所ケ丘〜新守谷駅入口〜守谷駅西口
桜川中学校前,ブルーバス（株）,浮島線
戸崎,ブルーバス（株）,浮島線
刈谷中央公園,牛久市,"刈谷ルート, 刈谷城中ルート"
久保ケ丘三丁目,関東鉄道（株）,新守谷駅〜久保ケ丘東〜松前台六丁目〜守谷市役所〜守谷駅西口
久保ケ丘東,関東鉄道（株）,新守谷駅〜久保ケ丘東〜松前台六丁目〜守谷市役所〜守谷駅西口
松前台二丁目,関東鉄道（株）,新守谷駅〜久保ケ丘東〜松前台六丁目〜守谷市役所〜守谷駅西口
刈谷5丁目,牛久市,"刈谷ルート, 刈谷城中ルート"
平井郵便局前,（株）池田交通,鹿嶋コミュニティバス　湖岸海岸線
内宿,つくばみらい市,小絹ルート
くるまやさん前,守谷市,市役所・板戸井ルート
南3丁目,牛久市,小坂団地ルート
東区,牛久市,みどり野ルート
栄町保育園,牛久市,みどり野ルート
刈谷2丁目東,牛久市,"刈谷ルート, 刈谷城中ルート"
松前台五丁目,関東鉄道（株）,"新守谷駅〜久保ケ丘東〜松前台六丁目〜守谷市役所〜守谷駅西口, 北守谷公民館〜御所ケ丘〜新守谷駅入口〜守谷駅西口"
立沢公園,関東鉄道（株）,新守谷駅〜久保ケ丘東〜松前台六丁目〜守谷市役所〜守谷駅西口
鹿島神宮駅,関東鉄道（株）,"鹿島神宮〜日川〜銚子駅（利根川線）, 鹿島神宮〜済生会〜銚子駅（海岸線）, 鹿島神宮〜済生会〜土合鹿石, 鹿島神宮〜セントラル〜済生会病院, 【MIX】鹿島神宮駅〜海水浴場〜銚子駅（海岸線）"
鹿島神宮駅,神栖市,系統3　鹿島神宮駅〜小見川駅
鹿島神宮駅,（株）池田交通,"鹿嶋コミュニティバス　中央線, 鹿嶋コミュニティバス　湖岸海岸線"
鹿島神宮駅,鹿嶋市・潮来市・行方市,神宮あやめ白帆ライン
市野深,関東鉄道（株）,"取手駅西口〜谷井田〜豊体〜筑波ゴルフ場〜谷田部車庫, 取手駅西口〜谷井田〜豊体〜みらい平駅〜谷田部車庫"
市野深,つくばみらい市,"地区間西ルート, 地区間南ルート"
タマノ酒店前,牛久市,"刈谷ルート, 刈谷城中ルート"
みどり幼稚園前,稲敷市,コミバス　江戸崎西ルート
富士山,関東鉄道（株）,"牛久駅東口〜かわはら台〜みどり野団地〜牛久駅東口, 牛久駅東口〜かわはら台〜さくら台1丁目〜牛久駅東口, 牛久駅東口〜みどり野団地〜さくら台1丁目〜ニュータウン長山"
永井商店前,稲敷市,コミバス　江戸崎西ルート
松前台四丁目,関東鉄道（株）,新守谷駅〜久保ケ丘東〜松前台六丁目〜守谷市役所〜守谷駅西口
大舟戸原,つくば市,茎埼シャトル
刈谷3丁目北,牛久市,"刈谷ルート, 刈谷城中ルート"
羽生入口,ブルーバス（株）,浮島線
蒲ケ山コンビニ前,関東鉄道（株）,江戸崎〜奥野〜ひたち野うしく駅【県南広域バス】
前浦,ブルーバス（株）,浮島線
刈谷四丁目,関東鉄道（株）,"牛久駅〜刈谷四丁目, 牛久駅〜刈谷四丁目〜三日月橋生涯学習センター"
久野中央,関東鉄道（株）,牛久駅東口〜小坂団地〜牛久浄苑・牛久大仏
刈谷4丁目北,牛久市,"刈谷ルート, 刈谷城中ルート"
素住台歩道橋,関東鉄道（株）,"岩井バスターミナル〜自然博物館入口〜きぬの里〜守谷駅西口, 内守谷工業団地〜きぬの里〜守谷駅西口, きぬの里〜守谷駅西口, 守谷駅西口〜自然博物館"
神谷2丁目,牛久市,小坂団地ルート
蛇喰,関東鉄道（株）,牛久駅東口〜かわはら台〜みどり野団地〜牛久駅東口
はしむら歯科前,稲敷市,コミバス　江戸崎西ルート
平和台住宅入口,つくばみらい市,地区間東ルート
宮崎利兵衛商店前,牛久市,"刈谷ルート, 刈谷城中ルート"
松前台六丁目,関東鉄道（株）,新守谷駅〜久保ケ丘東〜松前台六丁目〜守谷市役所〜守谷駅西口
粟生団地,（株）池田交通,鹿嶋コミュニティバス　湖岸海岸線
滝下,守谷市,市役所・板戸井ルート
団地中央,関東鉄道（株）,"牛久駅東口〜牛久市役所前〜小坂団地, 牛久駅東口〜栄町〜小坂団地, 牛久駅東口〜小坂団地〜牛久浄苑・牛久大仏, 牛久駅東口〜牛久市役所前〜県立牛久高校〜小坂団地"
団地中央,牛久市,小坂団地ルート
神谷2丁目東,牛久市,みどり野ルート
ホンダ造園前,稲敷市,コミバス　江戸崎西ルート
荒野入口,稲敷市,コミバス　江戸崎西ルート
荒野入口,ブルーバス（株）,鳩崎線
浮島中央,ブルーバス（株）,浮島線
永山中央,鹿嶋市・潮来市・行方市,神宮あやめ白帆ライン
刈谷4丁目南,牛久市,"刈谷ルート, 刈谷城中ルート"
篭田市民の森,牛久市,みどり野ルート
江戸崎総合高校,稲敷市,コミバス　上君山ルート
江戸崎総合高校,ジェイアールバス関東（株）,"茨城県土浦駅〜阿見〜島津〜木原〜美浦トレセン前〜江戸崎, 茨城県土浦駅〜阿見〜曙町〜南平台〜君島〜江戸崎"
江戸崎総合高校,ブルーバス（株）,"浮島線, 神宮寺線, 鳩崎線"
研修センター前,関東鉄道（株）,北守谷公民館〜御所ケ丘〜新守谷駅入口〜守谷駅西口
刈谷4丁目,牛久市,"刈谷ルート, 刈谷城中ルート"
久保ケ丘一丁目,関東鉄道（株）,新守谷駅〜久保ケ丘東〜松前台六丁目〜守谷市役所〜守谷駅西口
豊体,関東鉄道（株）,"取手駅西口〜谷井田〜豊体〜筑波ゴルフ場〜谷田部車庫, 取手駅西口〜谷井田〜豊体〜みらい平駅〜谷田部車庫, 取手駅西口〜山王局前〜谷井田〜豊体"
豊体,つくばみらい市,"地区間西ルート, 谷井田ルート, 地区間南ルート"
みどり野北,関東鉄道（株）,"牛久駅東口〜かわはら台〜みどり野団地〜牛久駅東口, 牛久駅東口〜かわはら台〜さくら台1丁目〜牛久駅東口, 牛久駅東口〜みどり野団地〜さくら台1丁目〜ニュータウン長山"
緑ケ丘（牛久）,関東鉄道（株）,牛久駅東口〜かわはら台〜みどり野団地〜牛久駅東口
神谷6丁目,牛久市,通勤ライナーさくら台・みどり野ルート
蒲ケ山交差点,稲敷市,コミバス　江戸崎西ルート
蒲ケ山交差点,関東鉄道（株）,江戸崎〜奥野〜ひたち野うしく駅【県南広域バス】
正源寺,牛久市,"刈谷ルート, 刈谷城中ルート"
小坂城跡入口,牛久市,小坂団地ルート
禅福寺入口,つくばみらい市,小絹ルート
合同庁舎前,稲敷市,コミバス　江戸崎西ルート
合同庁舎前,ブルーバス（株）,神宮寺線
第14次,関東鉄道（株）,牛久駅東口〜かわはら台〜さくら台1丁目〜牛久駅東口
刈谷三丁目,関東鉄道（株）,牛久駅〜刈谷四丁目〜三日月橋生涯学習センター
刈谷3丁目,牛久市,"刈谷ルート, 刈谷城中ルート"
平井海岸入口,（株）池田交通,鹿嶋コミュニティバス　中央線
浮島コンビニ前,ブルーバス（株）,浮島線
鹿島神宮入口,（株）池田交通,鹿嶋コミュニティバス　中央線
大町,関東鉄道（株）,"鹿島神宮〜日川〜銚子駅（利根川線）, 鹿島神宮〜済生会〜銚子駅（海岸線）, 鹿島神宮〜済生会〜土合鹿石, 鹿島神宮〜セントラル〜済生会病院, 【MIX】鹿島神宮駅〜海水浴場〜銚子駅（海岸線）"
大町,鹿嶋市・潮来市・行方市,神宮あやめ白帆ライン
武兵衛新田南,つくばみらい市,地区間南ルート
文化会館前,関東鉄道（株）,北守谷公民館〜御所ケ丘〜新守谷駅入口〜守谷駅西口
守谷高校入口,関東鉄道（株）,新守谷駅〜久保ケ丘東〜松前台六丁目〜守谷市役所〜守谷駅西口
守谷高校入口,守谷市,市役所・板戸井ルート
鬼久保,関東鉄道（株）,新守谷駅〜久保ケ丘東〜松前台六丁目〜守谷市役所〜守谷駅西口
研修センター入口,関東鉄道（株）,新守谷駅〜久保ケ丘東〜松前台六丁目〜守谷市役所〜守谷駅西口
第一病院前,関東鉄道（株）,北守谷公民館〜御所ケ丘〜新守谷駅入口〜守谷駅西口
第一病院前,つくばみらい市,小絹ルート
御所ケ丘,関東鉄道（株）,北守谷公民館〜御所ケ丘〜新守谷駅入口〜守谷駅西口
小坂団地入口,関東鉄道（株）,"牛久駅東口〜牛久市役所前〜小坂団地, 牛久駅東口〜栄町〜小坂団地, 牛久駅東口〜小坂団地〜牛久浄苑・牛久大仏, 牛久駅東口〜牛久市役所前〜県立牛久高校〜小坂団地"
小坂団地入口,牛久市,小坂団地ルート
桜川公民館,ブルーバス（株）,"浮島線, 神宮寺線"
江戸崎車庫前,ジェイアールバス関東（株）,"茨城県土浦駅〜阿見〜島津〜木原〜美浦トレセン前〜江戸崎, 茨城県土浦駅〜阿見〜曙町〜南平台〜君島〜江戸崎"
大八洲農協前,守谷市,市役所・板戸井ルート
ワープステーション江戸前,つくばみらい市,地区間南ルート
仲町（鹿嶋）,関東鉄道（株）,"鹿島神宮〜日川〜銚子駅（利根川線）, 鹿島神宮〜済生会〜銚子駅（海岸線）, 鹿島神宮〜済生会〜土合鹿石, 鹿島神宮〜セントラル〜済生会病院, 【MIX】鹿島神宮駅〜海水浴場〜銚子駅（海岸線）"
仲町,鹿嶋市・潮来市・行方市,神宮あやめ白帆ライン
レイクサイドつくば入口,つくば市,茎埼シャトル
東みどり野区民会館,牛久市,"みどり野ルート, 通勤ライナーさくら台・みどり野ルート"
福田（つくばみらい）,関東鉄道（株）,"取手駅西口〜谷井田〜豊体〜筑波ゴルフ場〜谷田部車庫, 取手駅西口〜谷井田〜豊体〜みらい平駅〜谷田部車庫, 取手駅西口〜山王局前〜谷井田〜豊体"
新守谷駅,関東鉄道（株）,新守谷駅〜久保ケ丘東〜松前台六丁目〜守谷市役所〜守谷駅西口
牛久ミニゴルフ,牛久市,通勤ライナーさくら台・みどり野ルート
ふれあい橋下,牛久市,"みどり野ルート, 通勤ライナーさくら台・みどり野ルート"
荒野生活改善センター,稲敷市,コミバス　江戸崎西ルート
豊小学校前,つくばみらい市,谷井田ルート
旭ヶ丘,（株）池田交通,鹿嶋コミュニティバス　湖岸海岸線
南総通運前,稲敷市,コミバス　江戸崎西ルート
市民交流プラザ前,関東鉄道（株）,"岩井バスターミナル〜自然博物館入口〜きぬの里〜守谷駅西口, 内守谷工業団地〜きぬの里〜守谷駅西口, きぬの里〜守谷駅西口, 守谷駅西口〜自然博物館"
北守谷橋,関東鉄道（株）,"新守谷駅〜久保ケ丘東〜松前台六丁目〜守谷市役所〜守谷駅西口, 北守谷公民館〜御所ケ丘〜新守谷駅入口〜守谷駅西口"
鹿嶋宮中,関東鉄道（株）,"鹿島神宮〜日川〜銚子駅（利根川線）, 鹿島神宮〜済生会〜銚子駅（海岸線）, 鹿島神宮〜済生会〜土合鹿石, 鹿島神宮〜セントラル〜済生会病院, 【MIX】鹿島神宮駅〜海水浴場〜銚子駅（海岸線）"
鹿嶋宮中,鹿嶋市・潮来市・行方市,神宮あやめ白帆ライン
今泉工業所,牛久市,通勤ライナーさくら台・みどり野ルート
新守谷駅入口,関東鉄道（株）,北守谷公民館〜御所ケ丘〜新守谷駅入口〜守谷駅西口
農芸学院,関東鉄道（株）,"牛久駅東口〜小坂団地〜牛久浄苑・牛久大仏, 江戸崎〜奥野〜ひたち野うしく駅【県南広域バス】"
上町区民会館前,牛久市,"刈谷ルート, 刈谷城中ルート"
角内,（株）池田交通,鹿嶋コミュニティバス　中央線
神生東,つくばみらい市,地区間東ルート
南5丁目東,牛久市,通勤ライナーさくら台・みどり野ルート
ふれあい橋,関東鉄道（株）,牛久駅東口〜かわはら台〜みどり野団地〜牛久駅東口
神生,つくばみらい市,"地区間東ルート, 地区間南ルート"
新宮,関鉄グリーンバス（株）,道の駅〜潮来駅〜あそう温泉
新宮,潮来市・行方市,鹿行北浦ライン
沼田台,稲敷市,コミバス　江戸崎西ルート
鹿島高校東,神栖市,系統3　鹿島神宮駅〜小見川駅
鹿島高校東,（株）池田交通,鹿嶋コミュニティバス　湖岸海岸線
鹿島高校東,鹿嶋市・潮来市・行方市,神宮あやめ白帆ライン
下生,鹿嶋市・潮来市・行方市,神宮あやめ白帆ライン
東山第二団地,関東鉄道（株）,鹿島神宮〜日川〜銚子駅（利根川線）
北須賀津,ブルーバス（株）,神宮寺線
馬場,つくばみらい市,小絹ルート
守谷高校前,守谷市,市役所・板戸井ルート
市役所前,（株）池田交通,"鹿嶋コミュニティバス　中央線, 鹿嶋コミュニティバス　湖岸海岸線"
鹿嶋市役所前,関東鉄道（株）,鹿島神宮〜日川〜銚子駅（利根川線）
東山,関東鉄道（株）,鹿島神宮〜日川〜銚子駅（利根川線）
東山,（株）池田交通,鹿嶋コミュニティバス　中央線
東山,鹿嶋市・潮来市・行方市,神宮あやめ白帆ライン
永山東,鹿嶋市・潮来市・行方市,神宮あやめ白帆ライン
みどり野中央,関東鉄道（株）,"牛久駅東口〜かわはら台〜みどり野団地〜牛久駅東口, 牛久駅東口〜かわはら台〜さくら台1丁目〜牛久駅東口, 牛久駅東口〜みどり野団地〜さくら台1丁目〜ニュータウン長山"
神谷4丁目,牛久市,通勤ライナーさくら台・みどり野ルート
鉢形,関東鉄道（株）,鹿島神宮〜日川〜銚子駅（利根川線）
鉢形入口,関東鉄道（株）,鹿島神宮〜日川〜銚子駅（利根川線）
鉢形入口,（株）池田交通,鹿嶋コミュニティバス　中央線
図書館入口,関東鉄道（株）,"取手駅西口〜谷井田〜豊体〜筑波ゴルフ場〜谷田部車庫, 取手駅西口〜谷井田〜豊体〜みらい平駅〜谷田部車庫, 取手駅西口〜山王局前〜谷井田〜豊体"
南5丁目,牛久市,"みどり野ルート, 通勤ライナーさくら台・みどり野ルート"
南7丁目北,牛久市,みどり野ルート
前田病院入口,（株）池田交通,鹿嶋コミュニティバス　中央線
東山第一団地,関東鉄道（株）,鹿島神宮〜日川〜銚子駅（利根川線）
東山第一団地,鹿嶋市・潮来市・行方市,神宮あやめ白帆ライン
下久野,関東鉄道（株）,牛久駅東口〜小坂団地〜牛久浄苑・牛久大仏
鹿島神宮前病院,（株）池田交通,鹿嶋コミュニティバス　中央線
公営住宅前,関東鉄道（株）,新守谷駅〜久保ケ丘東〜松前台六丁目〜守谷市役所〜守谷駅西口
聖苑香澄,ブルーバス（株）,浮島線
朝日ケ丘ニュータウン入口,関東鉄道（株）,鹿島神宮〜日川〜銚子駅（利根川線）
ニュータウン入口,（株）池田交通,鹿嶋コミュニティバス　中央線
ショッピングプラザラ・ラ・ルー,鹿嶋市・潮来市・行方市,神宮あやめ白帆ライン
宮中交番前,（株）池田交通,鹿嶋コミュニティバス　中央線
牛久第三中学校,関東鉄道（株）,牛久駅〜刈谷四丁目〜三日月橋生涯学習センター
牛久第三中学校,牛久市,"刈谷ルート, 刈谷城中ルート"
本牛久郵便局,牛久市,"刈谷ルート, 刈谷城中ルート"
御所ケ丘小入口,関東鉄道（株）,"岩井バスターミナル〜自然博物館入口〜きぬの里〜守谷駅西口, 内守谷工業団地〜きぬの里〜守谷駅西口, きぬの里〜守谷駅西口, 守谷駅西口〜自然博物館"
上蒲ケ山,稲敷市,コミバス　江戸崎西ルート
大船津,鹿嶋市・潮来市・行方市,神宮あやめ白帆ライン
青古新田入口,つくばみらい市,谷井田ルート
上町保育園入口,牛久市,刈谷ルート
山来,ブルーバス（株）,神宮寺線
勤労文化会館前,（株）池田交通,"鹿嶋コミュニティバス　中央線, 鹿嶋コミュニティバス　湖岸海岸線"
伊奈庁舎,関東鉄道（株）,"取手駅西口〜谷井田〜豊体〜筑波ゴルフ場〜谷田部車庫, 取手駅西口〜谷井田〜豊体〜みらい平駅〜谷田部車庫, 取手駅西口〜山王局前〜谷井田〜豊体"
鹿島病院,（株）池田交通,"鹿嶋コミュニティバス　中央線, 鹿嶋コミュニティバス　湖岸海岸線"
上太田会館,牛久市,小坂団地ルート
柏田台入口,牛久市,小坂団地ルート
東みどり野,関東鉄道（株）,"牛久駅東口〜かわはら台〜みどり野団地〜牛久駅東口, 牛久駅東口〜かわはら台〜さくら台1丁目〜牛久駅東口, 牛久駅東口〜みどり野団地〜さくら台1丁目〜ニュータウン長山"
鈴木クリニック前,稲敷市,コミバス　江戸崎西ルート
浮島直売所前,ブルーバス（株）,浮島線
きらくやまふれあいの丘,つくばみらい市,"地区間東ルート, 地区間南ルート"
井上眼科前,（株）池田交通,鹿嶋コミュニティバス　湖岸海岸線
鹿島病院前,関東鉄道（株）,鹿島神宮〜日川〜銚子駅（利根川線）
南桜町,関東鉄道（株）,"鹿島神宮〜済生会〜銚子駅（海岸線）, 鹿島神宮〜済生会〜土合鹿石, 鹿島神宮〜セントラル〜済生会病院, 【MIX】鹿島神宮駅〜海水浴場〜銚子駅（海岸線）"
向台中央,関東鉄道（株）,"牛久駅東口〜かわはら台〜みどり野団地〜牛久駅東口, 牛久駅東口〜かわはら台〜さくら台1丁目〜牛久駅東口, 牛久駅東口〜みどり野団地〜さくら台1丁目〜ニュータウン長山"
伊奈庁舎,つくばみらい市,"地区間西ルート, 谷井田ルート, 地区間南ルート"
牛久自然観察の森正門,牛久市,小坂団地ルート
神谷小学校下,牛久市,通勤ライナーさくら台・みどり野ルート
牛久城中,関東鉄道（株）,牛久駅〜刈谷四丁目〜三日月橋生涯学習センター
中須賀津,ブルーバス（株）,神宮寺線
南7丁目南,牛久市,みどり野ルート
四箇中央,ブルーバス（株）,神宮寺線
さくら台1丁目,関東鉄道（株）,"牛久駅東口〜かわはら台〜さくら台1丁目〜牛久駅東口, 牛久駅東口〜みどり野団地〜さくら台1丁目〜ニュータウン長山"
みどり野第2街区公園,牛久市,みどり野ルート
奥野小学校前,関東鉄道（株）,牛久駅東口〜小坂団地〜牛久浄苑・牛久大仏
ビッグハウス前,（株）池田交通,鹿嶋コミュニティバス　中央線
谷井田北,関東鉄道（株）,"取手駅西口〜谷井田〜豊体〜筑波ゴルフ場〜谷田部車庫, 取手駅西口〜谷井田〜豊体〜みらい平駅〜谷田部車庫, 取手駅西口〜山王局前〜谷井田〜豊体"
島崎外科前,（株）池田交通,"鹿嶋コミュニティバス　中央線, 鹿嶋コミュニティバス　湖岸海岸線"
潮来二中前,関鉄グリーンバス（株）,道の駅〜潮来駅〜あそう温泉
潮来二中前,潮来市・行方市,鹿行北浦ライン
市営南裏住宅,牛久市,刈谷ルート
神野,神栖市,系統3　鹿島神宮駅〜小見川駅
三日月橋生涯学習センター,関東鉄道（株）,牛久駅〜刈谷四丁目〜三日月橋生涯学習センター
三日月橋生涯学習センター,牛久市,"刈谷ルート, 刈谷城中ルート"
松並青葉三丁目,守谷市,みずき野・松並青葉ルート
鹿嶋警察署入口,関東鉄道（株）,"鹿島神宮〜済生会〜銚子駅（海岸線）, 鹿島神宮〜済生会〜土合鹿石, 鹿島神宮〜セントラル〜済生会病院, 【MIX】鹿島神宮駅〜海水浴場〜銚子駅（海岸線）"
中央薬局前,（株）池田交通,鹿嶋コミュニティバス　湖岸海岸線
伊奈高校前,関東鉄道（株）,"取手駅西口〜谷井田〜豊体〜筑波ゴルフ場〜谷田部車庫, 取手駅西口〜谷井田〜豊体〜みらい平駅〜谷田部車庫, 取手駅西口〜山王局前〜谷井田〜豊体"
伊奈高校前,つくばみらい市,"谷井田ルート, 地区間南ルート"
大井沢小学校前,関東鉄道（株）,新守谷駅〜久保ケ丘東〜松前台六丁目〜守谷市役所〜守谷駅西口
松並青葉二丁目,守谷市,みずき野・松並青葉ルート
みはらし台,牛久市,みどり野ルート
下町坂下,牛久市,刈谷城中ルート
平井,関東鉄道（株）,鹿島神宮〜日川〜銚子駅（利根川線）
自由ケ丘団地,つくば市,"自由ヶ丘シャトル, 茎埼シャトル"
北斎公園前,鹿嶋市・潮来市・行方市,神宮あやめ白帆ライン
神谷小学校入口,牛久市,小坂団地ルート
奥野中央,関東鉄道（株）,牛久駅東口〜小坂団地〜牛久浄苑・牛久大仏
神谷市営住宅,関東鉄道（株）,牛久駅東口〜みどり野団地〜さくら台1丁目〜ニュータウン長山
神谷市営住宅入口,牛久市,"小坂団地ルート, 通勤ライナーさくら台・みどり野ルート"
稲敷BT,ブルーバス（株）,鳩崎線
稲敷美浦バスターミナル,関東鉄道（株）,江戸崎〜奥野〜ひたち野うしく駅【県南広域バス】
さくら台3丁目東,牛久市,通勤ライナーさくら台・みどり野ルート
江戸崎,稲敷市,"コミバス　江戸崎西ルート, コミバス　上君山ルート"
江戸崎,関東鉄道（株）,"江戸崎〜角崎〜竜ケ崎駅〜龍ケ崎市駅, 江戸崎〜新利根体育館〜済生会〜龍ケ崎市駅, 江戸崎〜奥野〜ひたち野うしく駅【県南広域バス】"
江戸崎,ジェイアールバス関東（株）,"茨城県土浦駅〜阿見〜島津〜木原〜美浦トレセン前〜江戸崎, 茨城県土浦駅〜阿見〜曙町〜南平台〜君島〜江戸崎"
江戸崎,ブルーバス（株）,"浮島線, 神宮寺線, 鳩崎線"
来栖,ブルーバス（株）,神宮寺線
鉢形台,（株）池田交通,鹿嶋コミュニティバス　湖岸海岸線
あしび野公園,つくば市,茎埼シャトル
向台自治会館,牛久市,みどり野ルート
青木,つくばみらい市,谷井田ルート
下蒲ケ山,稲敷市,コミバス　江戸崎西ルート
神谷市営住宅前,牛久市,通勤ライナーさくら台・みどり野ルート
大木,守谷市,市役所・板戸井ルート
薬師台五丁目,関東鉄道（株）,新守谷駅〜久保ケ丘東〜松前台六丁目〜守谷市役所〜守谷駅西口
自由ケ丘団地中央,つくば市,"自由ヶ丘シャトル, 茎埼シャトル"
松並青葉四丁目,守谷市,みずき野・松並青葉ルート
城中北,牛久市,"刈谷ルート, 刈谷城中ルート"
さくら台区民会館,牛久市,"小坂団地ルート, 通勤ライナーさくら台・みどり野ルート"
愛宕下,ジェイアールバス関東（株）,茨城県土浦駅〜阿見〜曙町〜南平台〜君島〜江戸崎
パンプ前,稲敷市,"コミバス　江戸崎西ルート, コミバス　上君山ルート"
さくら台3丁目,牛久市,通勤ライナーさくら台・みどり野ルート
松並青葉4丁目,つくばみらい市,小絹ルート
あしび野,つくば市,"自由ヶ丘シャトル, 茎埼シャトル"
御園生橋東,神栖市,系統3　鹿島神宮駅〜小見川駅
奥野生涯学習センター,関東鉄道（株）,江戸崎〜奥野〜ひたち野うしく駅【県南広域バス】
六建団地,牛久市,みどり野ルート
稲敷大橋,ブルーバス（株）,浮島線
チェリオ・イオン,（株）池田交通,"鹿嶋コミュニティバス　中央線, 鹿嶋コミュニティバス　湖岸海岸線"
チェリオ・イオン,鹿嶋市・潮来市・行方市,神宮あやめ白帆ライン
西町,稲敷市,"コミバス　江戸崎西ルート, コミバス　上君山ルート"
農協前（つくばみらい）,関東鉄道（株）,"守谷駅東口〜けやき通り中央〜谷井田〜取手駅西口【郷沼】, 大橋〜谷井田〜けやき通り中央〜守谷駅東口【郷沼】"
守谷営業所,関東鉄道（株）,"岩井バスターミナル〜自然博物館入口〜きぬの里〜守谷駅西口, 内守谷工業団地〜きぬの里〜守谷駅西口, きぬの里〜守谷駅西口, 守谷駅西口〜自然博物館"
愛宕橋南,稲敷市,コミバス　江戸崎西ルート
得月院,牛久市,刈谷城中ルート
参道公園前,つくばみらい市,小絹ルート
立沢本田,関東鉄道（株）,新守谷駅〜久保ケ丘東〜松前台六丁目〜守谷市役所〜守谷駅西口
赤法花,つくばみらい市,谷井田ルート
前川製作所前,関東鉄道（株）,"岩井バスターミナル〜自然博物館入口〜きぬの里〜守谷駅西口, 内守谷工業団地〜きぬの里〜守谷駅西口, きぬの里〜守谷駅西口, 守谷駅西口〜自然博物館"
酒井入口,ブルーバス（株）,神宮寺線
谷井田,関東鉄道（株）,"守谷駅東口〜けやき通り中央〜谷井田〜取手駅西口【郷沼】, 大橋〜谷井田〜けやき通り中央〜守谷駅東口【郷沼】, 取手駅西口〜谷井田〜豊体〜筑波ゴルフ場〜谷田部車庫, 取手駅西口〜谷井田〜豊体〜みらい平駅〜谷田部車庫, 取手駅西口〜山王局前〜谷井田〜豊体"
谷井田,つくばみらい市,"谷井田ルート, 地区間南ルート"
潮来市立図書館前,鹿嶋市・潮来市・行方市,神宮あやめ白帆ライン
総合福祉センター前,関東鉄道（株）,鹿島神宮〜日川〜銚子駅（利根川線）
チェリオ・イオン前,神栖市,系統3　鹿島神宮駅〜小見川駅
平井浜,（株）池田交通,鹿嶋コミュニティバス　中央線
浜町,関東鉄道（株）,"江戸崎〜角崎〜竜ケ崎駅〜龍ケ崎市駅, 江戸崎〜新利根体育館〜済生会〜龍ケ崎市駅"
浜町,ブルーバス（株）,神宮寺線
延方駅,関鉄グリーンバス（株）,道の駅〜潮来駅〜あそう温泉
延方駅,鹿嶋市・潮来市・行方市,神宮あやめ白帆ライン
延方駅,潮来市・行方市,鹿行北浦ライン
西町交差点,ブルーバス（株）,"神宮寺線, 鳩崎線"
郵便局前,稲敷市,コミバス　上君山ルート
ヨークタウン前,つくばみらい市,小絹ルート
ヨークタウン前,守谷市,みずき野・松並青葉ルート
井ノ岡,関東鉄道（株）,江戸崎〜奥野〜ひたち野うしく駅【県南広域バス】
城中公民館,牛久市,刈谷城中ルート
松並青葉一丁目,守谷市,みずき野・松並青葉ルート
さくら台4丁目,牛久市,小坂団地ルート
細見入口,つくば市,"自由ヶ丘シャトル, 茎埼シャトル"
総合福祉センター前,（株）池田交通,鹿嶋コミュニティバス　湖岸海岸線
牛久市総合福祉センター,牛久市,小坂団地ルート
本新第7,稲敷市,あずまコミバス　月木ルート
タイヨー脇,稲敷市,"コミバス　江戸崎西ルート, コミバス　上君山ルート"
さくら台南,関東鉄道（株）,牛久駅東口〜みどり野団地〜さくら台1丁目〜ニュータウン長山
常総運動公園入口,守谷市,市役所・板戸井ルート
宇宙通信センター前,（株）池田交通,鹿嶋コミュニティバス　中央線
鹿島宇宙センター,関東鉄道（株）,鹿島神宮〜日川〜銚子駅（利根川線）
東栗山下,つくばみらい市,地区間南ルート
長渡呂公民館前,つくばみらい市,谷井田ルート
四季の里公園入口,守谷市,市役所・板戸井ルート
沼田住宅入口,稲敷市,コミバス　上君山ルート
大野橋,守谷市,市役所・板戸井ルート
ザ・ゴルフクラブ竜ヶ崎,龍ケ崎市,05八原線
瑞祥院入口,稲敷市,"コミバス　江戸崎西ルート, コミバス　上君山ルート"
長町,関東鉄道（株）,"鹿島神宮〜済生会〜銚子駅（海岸線）, 鹿島神宮〜済生会〜土合鹿石, 鹿島神宮〜セントラル〜済生会病院, 【MIX】鹿島神宮駅〜海水浴場〜銚子駅（海岸線）"
鉢形,（株）池田交通,鹿嶋コミュニティバス　湖岸海岸線
荒宿,稲敷市,"コミバス　江戸崎西ルート, コミバス　上君山ルート"
芝宿,鹿嶋市・潮来市・行方市,神宮あやめ白帆ライン
立沢,関東鉄道（株）,"岩井バスターミナル〜自然博物館入口〜きぬの里〜守谷駅西口, 内守谷工業団地〜きぬの里〜守谷駅西口, きぬの里〜守谷駅西口, 守谷駅西口〜自然博物館"
西谷井田,関東鉄道（株）,"守谷駅東口〜けやき通り中央〜谷井田〜取手駅西口【郷沼】, 大橋〜谷井田〜けやき通り中央〜守谷駅東口【郷沼】"
谷井田中央,関東鉄道（株）,"守谷駅東口〜けやき通り中央〜谷井田〜取手駅西口【郷沼】, 大橋〜谷井田〜けやき通り中央〜守谷駅東口【郷沼】, 取手駅西口〜谷井田〜豊体〜筑波ゴルフ場〜谷田部車庫, 取手駅西口〜谷井田〜豊体〜みらい平駅〜谷田部車庫, 取手駅西口〜山王局前〜谷井田〜豊体"
谷井田中央,つくばみらい市,"谷井田ルート, 地区間南ルート"
潮来税務署前,関鉄グリーンバス（株）,道の駅〜潮来駅〜あそう温泉
潮来税務署前,潮来市・行方市,鹿行北浦ライン
神宮寺,ブルーバス（株）,神宮寺線
女化東,牛久市,小坂団地ルート
かっぱの碑入口,牛久市,刈谷城中ルート
警察署前,ブルーバス（株）,神宮寺線
江戸崎車庫,関東鉄道（株）,"江戸崎〜角崎〜竜ケ崎駅〜龍ケ崎市駅, 江戸崎〜新利根体育館〜済生会〜龍ケ崎市駅"
タイヨー江戸崎店前,関東鉄道（株）,江戸崎〜奥野〜ひたち野うしく駅【県南広域バス】
タイヨー前,稲敷市,コミバス　上君山ルート
タイヨー前,ブルーバス（株）,"神宮寺線, 鳩崎線"
北園西,つくばみらい市,小絹ルート
北園西,守谷市,みずき野・松並青葉ルート
沼里コミュニティセンター,稲敷市,コミバス　江戸崎西ルート
ひがしクリニック慶友前,つくばみらい市,谷井田ルート
ひがしクリニック慶友前,守谷市,みずき野・松並青葉ルート
第一沼田公民館,稲敷市,コミバス　上君山ルート
立沢向地,関東鉄道（株）,新守谷駅〜久保ケ丘東〜松前台六丁目〜守谷市役所〜守谷駅西口
本新第1,ブルーバス（株）,浮島線
直売センター前,ブルーバス（株）,神宮寺線
小泉,関鉄グリーンバス（株）,道の駅〜潮来駅〜あそう温泉
小泉,潮来市・行方市,鹿行北浦ライン
江戸崎小前,ブルーバス（株）,"神宮寺線, 鳩崎線"
牛堀中央,鹿嶋市・潮来市・行方市,神宮あやめ白帆ライン
洲崎,鹿嶋市・潮来市・行方市,神宮あやめ白帆ライン
クラブハウス前,（株）池田交通,鹿嶋コミュニティバス　中央線
西原,ブルーバス（株）,神宮寺線
弥柳,関東鉄道（株）,"守谷駅東口〜けやき通り中央〜谷井田〜取手駅西口【郷沼】, 大橋〜谷井田〜けやき通り中央〜守谷駅東口【郷沼】"
遠山,牛久市,刈谷城中ルート
筑波南奥原工業団地中央,関東鉄道（株）,江戸崎〜奥野〜ひたち野うしく駅【県南広域バス】
沖,関東鉄道（株）,"江戸崎〜角崎〜竜ケ崎駅〜龍ケ崎市駅, 江戸崎〜新利根体育館〜済生会〜龍ケ崎市駅"
本新第5北,稲敷市,あずまコミバス　月木ルート
下須田,稲敷市,あずまコミバス　月木ルート
根崎,守谷市,市役所・板戸井ルート
高田神社,ブルーバス（株）,神宮寺線
ザ・ゴルフクラブ竜ヶ崎南,龍ケ崎市,05八原線
南谷井田,関東鉄道（株）,"守谷駅東口〜けやき通り中央〜谷井田〜取手駅西口【郷沼】, 大橋〜谷井田〜けやき通り中央〜守谷駅東口【郷沼】, 取手駅西口〜谷井田〜豊体〜筑波ゴルフ場〜谷田部車庫, 取手駅西口〜谷井田〜豊体〜みらい平駅〜谷田部車庫, 取手駅西口〜山王局前〜谷井田〜豊体"
南谷井田,つくばみらい市,"谷井田ルート, 地区間南ルート"
諏訪神社前,鹿嶋市・潮来市・行方市,神宮あやめ白帆ライン
上泉,龍ケ崎市,05八原線
古新田,稲敷市,あずまコミバス　月木ルート
西時崎,稲敷市,"コミバス　江戸崎西ルート, コミバス　上君山ルート"
高松緑地公園,（株）池田交通,鹿嶋コミュニティバス　中央線
カスミ谷井田店,つくばみらい市,谷井田ルート
岩町東,関東鉄道（株）,新守谷駅〜久保ケ丘東〜松前台六丁目〜守谷市役所〜守谷駅西口
時崎,稲敷市,コミバス　上君山ルート
上阿波,ブルーバス（株）,神宮寺線
高田須賀,関東鉄道（株）,"江戸崎〜角崎〜竜ケ崎駅〜龍ケ崎市駅, 江戸崎〜新利根体育館〜済生会〜龍ケ崎市駅"
高田須賀,ブルーバス（株）,神宮寺線
本新第4,稲敷市,あずまコミバス　月木ルート
本新第4,ブルーバス（株）,浮島線
東栗山団地前,つくばみらい市,地区間南ルート
元気館前,牛久市,刈谷城中ルート
高田岡,ブルーバス（株）,神宮寺線
ふれあい第1保育園前,つくばみらい市,谷井田ルート
国際交流センター前,守谷市,市役所・板戸井ルート
向町,ブルーバス（株）,神宮寺線
守谷市役所,関東鉄道（株）,新守谷駅〜久保ケ丘東〜松前台六丁目〜守谷市役所〜守谷駅西口
いこいの郷,守谷市,市役所・板戸井ルート
大久保入口,関東鉄道（株）,"鹿島神宮〜済生会〜銚子駅（海岸線）, 鹿島神宮〜済生会〜土合鹿石, 鹿島神宮〜セントラル〜済生会病院, 【MIX】鹿島神宮駅〜海水浴場〜銚子駅（海岸線）"
阿波崎中妻,稲敷市,あずまコミバス　月木ルート
すみれ野団地入口,関東鉄道（株）,"守谷駅東口〜けやき通り中央〜谷井田〜取手駅西口【郷沼】, 大橋〜谷井田〜けやき通り中央〜守谷駅東口【郷沼】, 取手駅西口〜谷井田〜豊体〜筑波ゴルフ場〜谷田部車庫, 取手駅西口〜谷井田〜豊体〜みらい平駅〜谷田部車庫, 取手駅西口〜山王局前〜谷井田〜豊体"
守谷市役所,守谷市,市役所・板戸井ルート
ひがし野二丁目,関東鉄道（株）,"守谷駅東口〜けやき通り中央〜谷井田〜取手駅西口【郷沼】, 大橋〜谷井田〜けやき通り中央〜守谷駅東口【郷沼】, 守谷駅東口〜けやき通り中央〜守谷駅東口【郷沼】, けやき通り中央〜守谷駅東口【郷沼】"
伊奈小学校前,つくばみらい市,"谷井田ルート, 地区間南ルート"
峰林荘入口,守谷市,市役所・板戸井ルート
山谷,関東鉄道（株）,"守谷駅東口〜けやき通り中央〜谷井田〜取手駅西口【郷沼】, 大橋〜谷井田〜けやき通り中央〜守谷駅東口【郷沼】"
横須賀,鹿嶋市・潮来市・行方市,神宮あやめ白帆ライン
沼田坂下,稲敷市,コミバス　上君山ルート
旧東小学校前,つくばみらい市,地区間南ルート
ひばり幼稚園前,守谷市,市役所・板戸井ルート
野颪,龍ケ崎市,05八原線
谷中池,関東鉄道（株）,"江戸崎〜角崎〜竜ケ崎駅〜龍ケ崎市駅, 江戸崎〜新利根体育館〜済生会〜龍ケ崎市駅"
守谷駅東口,関東鉄道（株）,"守谷駅東口〜けやき通り中央〜谷井田〜取手駅西口【郷沼】, 大橋〜谷井田〜けやき通り中央〜守谷駅東口【郷沼】, 守谷駅東口〜けやき通り中央〜守谷駅東口【郷沼】, けやき通り中央〜守谷駅東口【郷沼】, 【深夜】守谷駅東口〜つくばセンター"
守谷駅東口,つくばみらい市,"小絹ルート, 谷井田ルート"
守谷駅東口,守谷市,みずき野・松並青葉ルート
女化西,関東鉄道（株）,牛久駅東口〜みどり野団地〜さくら台1丁目〜ニュータウン長山
守谷駅西口,坂東市,直行坂東号
守谷駅西口,関東鉄道（株）,"新守谷駅〜久保ケ丘東〜松前台六丁目〜守谷市役所〜守谷駅西口, 守谷駅西口〜けやき台六丁目〜美園〜けやき台六丁目〜守谷駅西口, 守谷駅西口〜松ケ丘四丁目〜けやき台六丁目〜美園中央〜美園, 美園〜美園中央〜けやき台六丁目〜守谷駅西口, 岩井バスターミナル〜自然博物館入口〜きぬの里〜守谷駅西口, 内守谷工業団地〜きぬの里〜守谷駅西口, きぬの里〜守谷駅西口, 守谷駅西口〜自然博物館, 北守谷公民館〜御所ケ丘〜新守谷駅入口〜守谷駅西口, 守谷駅西口〜（直行）〜江戸川学園正門"
守谷駅西口,守谷市,市役所・板戸井ルート
本新第5,稲敷市,あずまコミバス　月木ルート
富士見台,つくば市,"自由ヶ丘シャトル, 茎埼シャトル"
時崎会館,稲敷市,"コミバス　江戸崎西ルート, コミバス　上君山ルート"
根古屋,牛久市,刈谷城中ルート
伊奈小学校南,つくばみらい市,谷井田ルート
境島,稲敷市,あずまコミバス　火金ルート
奥村牧場,稲敷市,コミバス　上君山ルート
富士見台入口,つくば市,"自由ヶ丘シャトル, 茎埼シャトル"
ひがし野三丁目中央,関東鉄道（株）,"守谷駅東口〜けやき通り中央〜谷井田〜取手駅西口【郷沼】, 大橋〜谷井田〜けやき通り中央〜守谷駅東口【郷沼】, 守谷駅東口〜けやき通り中央〜守谷駅東口【郷沼】, けやき通り中央〜守谷駅東口【郷沼】"
谷井田コミセン入口,つくばみらい市,"谷井田ルート, 地区間南ルート"
土井商店前,関鉄グリーンバス（株）,道の駅〜潮来駅〜あそう温泉
土井商店前,潮来市・行方市,鹿行北浦ライン
新東小跡,稲敷市,あずまコミバス　火金ルート
上須田,稲敷市,あずまコミバス　月木ルート
本新交差点,ブルーバス（株）,浮島線
小羽賀入口,稲敷市,コミバス　上君山ルート
外記新田,関東鉄道（株）,"守谷駅東口〜けやき通り中央〜谷井田〜取手駅西口【郷沼】, 大橋〜谷井田〜けやき通り中央〜守谷駅東口【郷沼】, 取手駅西口〜谷井田〜豊体〜筑波ゴルフ場〜谷田部車庫, 取手駅西口〜谷井田〜豊体〜みらい平駅〜谷田部車庫, 取手駅西口〜山王局前〜谷井田〜豊体"
辺田前,守谷市,市役所・板戸井ルート
城中台,つくばみらい市,地区間南ルート
須賀集会所前,関鉄グリーンバス（株）,道の駅〜潮来駅〜あそう温泉
須賀集会所前,潮来市・行方市,鹿行北浦ライン
守谷駅入口,関東鉄道（株）,"守谷駅西口〜けやき台六丁目〜美園〜けやき台六丁目〜守谷駅西口, 美園〜美園中央〜けやき台六丁目〜守谷駅西口"
女化区民会館前,牛久市,小坂団地ルート
本新第1西,稲敷市,あずまコミバス　月木ルート
下泉,龍ケ崎市,05八原線
奥野貯水池,稲敷市,コミバス　上君山ルート
城址公園入口,関東鉄道（株）,"守谷駅東口〜けやき通り中央〜谷井田〜取手駅西口【郷沼】, 大橋〜谷井田〜けやき通り中央〜守谷駅東口【郷沼】, 守谷駅東口〜けやき通り中央〜守谷駅東口【郷沼】, けやき通り中央〜守谷駅東口【郷沼】"
女化,関東鉄道（株）,牛久駅東口〜みどり野団地〜さくら台1丁目〜ニュータウン長山
上下水道事務所,守谷市,市役所・板戸井ルート
長山,龍ケ崎市,02長山・松葉線
長山第ニ児童公園,龍ケ崎市,02長山・松葉線
村田台,稲敷市,コミバス　上君山ルート
阿波崎南,稲敷市,あずまコミバス　月木ルート
稲井川橋,関鉄グリーンバス（株）,道の駅〜潮来駅〜あそう温泉
稲井川橋,潮来市・行方市,鹿行北浦ライン
伊丹神橋,つくばみらい市,地区間南ルート
本新中央,ブルーバス（株）,浮島線
四期住宅前,つくばみらい市,"谷井田ルート, 地区間南ルート"
筑波南奥原工業団地入口,関東鉄道（株）,江戸崎〜奥野〜ひたち野うしく駅【県南広域バス】
上町［守谷市］,守谷市,みずき野・松並青葉ルート
稲豊橋,関東鉄道（株）,"守谷駅東口〜けやき通り中央〜谷井田〜取手駅西口【郷沼】, 大橋〜谷井田〜けやき通り中央〜守谷駅東口【郷沼】"
城中倉庫前,つくばみらい市,地区間南ルート
市之代,関東鉄道（株）,"守谷駅東口〜けやき通り中央〜谷井田〜取手駅西口【郷沼】, 大橋〜谷井田〜けやき通り中央〜守谷駅東口【郷沼】"
狸渕,つくばみらい市,谷井田ルート
津知,関鉄グリーンバス（株）,道の駅〜潮来駅〜あそう温泉
津知,潮来市・行方市,鹿行北浦ライン
守谷小学校入口,関東鉄道（株）,"守谷駅東口〜けやき通り中央〜谷井田〜取手駅西口【郷沼】, 大橋〜谷井田〜けやき通り中央〜守谷駅東口【郷沼】, 守谷駅東口〜けやき通り中央〜守谷駅東口【郷沼】, けやき通り中央〜守谷駅東口【郷沼】"
下外記新田,関東鉄道（株）,"守谷駅東口〜けやき通り中央〜谷井田〜取手駅西口【郷沼】, 大橋〜谷井田〜けやき通り中央〜守谷駅東口【郷沼】, 取手駅西口〜谷井田〜豊体〜筑波ゴルフ場〜谷田部車庫, 取手駅西口〜谷井田〜豊体〜みらい平駅〜谷田部車庫, 取手駅西口〜山王局前〜谷井田〜豊体"
ニュータウン長山,関東鉄道（株）,"牛久駅東口〜みどり野団地〜さくら台1丁目〜ニュータウン長山, ニュータウン長山〜龍ケ崎市駅"
角釜,守谷市,市役所・板戸井ルート
女化北,龍ケ崎市,05八原線
伊丹排水機場前,つくばみらい市,地区間南ルート
道の駅いたこ,関鉄グリーンバス（株）,道の駅〜潮来駅〜あそう温泉
道の駅いたこ,鹿嶋市・潮来市・行方市,神宮あやめ白帆ライン
道の駅いたこ,潮来市・行方市,鹿行北浦ライン
清原歯科前,稲敷市,コミバス　上君山ルート
天神,関東鉄道（株）,"守谷駅西口〜けやき台六丁目〜美園〜けやき台六丁目〜守谷駅西口, 守谷駅西口〜松ケ丘四丁目〜けやき台六丁目〜美園中央〜美園, 美園〜美園中央〜けやき台六丁目〜守谷駅西口"
さとうクリニック前,守谷市,市役所・板戸井ルート
長山七丁目,関東鉄道（株）,ニュータウン長山〜龍ケ崎市駅
城中東,つくばみらい市,地区間南ルート
三夜前,関鉄グリーンバス（株）,道の駅〜潮来駅〜あそう温泉
三夜前,潮来市・行方市,鹿行北浦ライン
女化中央,牛久市,小坂団地ルート
上戸川,鹿嶋市・潮来市・行方市,神宮あやめ白帆ライン
八筋川東口,稲敷市,あずまコミバス　火金ルート
長山8丁目,龍ケ崎市,02長山・松葉線
保健センター前［守谷市］,守谷市,みずき野・松並青葉ルート
野颪南,龍ケ崎市,05八原線
長山小学校,関東鉄道（株）,ニュータウン長山〜龍ケ崎市駅
天神東,守谷市,市役所・板戸井ルート
長山コミュニティセンター,龍ケ崎市,02長山・松葉線
神住新田,つくばみらい市,地区間南ルート
佐田,関東鉄道（株）,"鹿島神宮〜済生会〜銚子駅（海岸線）, 鹿島神宮〜済生会〜土合鹿石, 鹿島神宮〜セントラル〜済生会病院, 【MIX】鹿島神宮駅〜海水浴場〜銚子駅（海岸線）"
本新第2北,稲敷市,あずまコミバス　月木ルート
大野小学校前,守谷市,市役所・板戸井ルート
森林公園,龍ケ崎市,05八原線
城中新田,つくばみらい市,地区間南ルート
長山4丁目,龍ケ崎市,02長山・松葉線
百合ケ丘三丁目,守谷市,市役所・板戸井ルート
大橋,関東鉄道（株）,"守谷駅東口〜けやき通り中央〜谷井田〜取手駅西口【郷沼】, 大橋〜谷井田〜けやき通り中央〜守谷駅東口【郷沼】, 取手駅西口〜谷井田〜豊体〜筑波ゴルフ場〜谷田部車庫, 取手駅西口〜谷井田〜豊体〜みらい平駅〜谷田部車庫, 取手駅西口〜山王局前〜谷井田〜豊体"
潮来市役所入口,関鉄グリーンバス（株）,道の駅〜潮来駅〜あそう温泉
潮来市役所入口,潮来市・行方市,鹿行北浦ライン
高田小学校前,関東鉄道（株）,"江戸崎〜角崎〜竜ケ崎駅〜龍ケ崎市駅, 江戸崎〜新利根体育館〜済生会〜龍ケ崎市駅"
野木崎郵便局入口,守谷市,市役所・板戸井ルート
本新第3東,稲敷市,あずまコミバス　月木ルート
伊奈第1保育所前,つくばみらい市,地区間南ルート
大塚,龍ケ崎市,03長戸・白羽線
水神,稲敷市,あずまコミバス　月木ルート
大塚野入口,鹿嶋市・潮来市・行方市,神宮あやめ白帆ライン
イオンタウン守谷,守谷市,市役所・板戸井ルート
蛇沼公園,龍ケ崎市,02長山・松葉線
松ケ丘小入口,関東鉄道（株）,"守谷駅西口〜けやき台六丁目〜美園〜けやき台六丁目〜守谷駅西口, 守谷駅西口〜松ケ丘四丁目〜けやき台六丁目〜美園中央〜美園, 美園〜美園中央〜けやき台六丁目〜守谷駅西口"
八筋川開拓,稲敷市,あずまコミバス　火金ルート
長山中学校,龍ケ崎市,02長山・松葉線
長山中学校,関東鉄道（株）,ニュータウン長山〜龍ケ崎市駅
高松郵便局前,神栖市,系統3　鹿島神宮駅〜小見川駅
七丁目,関鉄グリーンバス（株）,道の駅〜潮来駅〜あそう温泉
七丁目,潮来市・行方市,鹿行北浦ライン
女化,龍ケ崎市,05八原線
七期住宅前,つくばみらい市,地区間南ルート
上平柳処理場入口,つくばみらい市,"谷井田ルート, 地区間南ルート"
守谷郵便局前,守谷市,みずき野・松並青葉ルート
パークシティ守谷,関東鉄道（株）,"守谷駅東口〜けやき通り中央〜谷井田〜取手駅西口【郷沼】, 大橋〜谷井田〜けやき通り中央〜守谷駅東口【郷沼】, 守谷駅東口〜けやき通り中央〜守谷駅東口【郷沼】, けやき通り中央〜守谷駅東口【郷沼】"
パークシティ守谷,守谷市,みずき野・松並青葉ルート
本新第2,稲敷市,あずまコミバス　月木ルート
半田台,稲敷市,あずまコミバス　月木ルート
五丁目,関鉄グリーンバス（株）,道の駅〜潮来駅〜あそう温泉
五丁目,潮来市・行方市,鹿行北浦ライン
西町,鹿嶋市・潮来市・行方市,神宮あやめ白帆ライン
八筋川センター前,稲敷市,あずまコミバス　火金ルート
小羽賀台,稲敷市,コミバス　上君山ルート
松ケ丘四丁目（守谷）,関東鉄道（株）,"守谷駅西口〜けやき台六丁目〜美園〜けやき台六丁目〜守谷駅西口, 守谷駅西口〜松ケ丘四丁目〜けやき台六丁目〜美園中央〜美園, 美園〜美園中央〜けやき台六丁目〜守谷駅西口"
木滝,関東鉄道（株）,"鹿島神宮〜済生会〜銚子駅（海岸線）, 鹿島神宮〜済生会〜土合鹿石, 鹿島神宮〜セントラル〜済生会病院, 【MIX】鹿島神宮駅〜海水浴場〜銚子駅（海岸線）"
下平柳,つくばみらい市,地区間南ルート
北小前,稲敷市,あずまコミバス　月木ルート
稲荷山下,鹿嶋市・潮来市・行方市,神宮あやめ白帆ライン
山王新田,関東鉄道（株）,"守谷駅東口〜けやき通り中央〜谷井田〜取手駅西口【郷沼】, 取手駅西口〜谷井田〜豊体〜筑波ゴルフ場〜谷田部車庫, 取手駅西口〜谷井田〜豊体〜みらい平駅〜谷田部車庫, 取手駅西口〜山王局前〜谷井田〜豊体"
山王新田,つくばみらい市,地区間南ルート
四丁目,関鉄グリーンバス（株）,道の駅〜潮来駅〜あそう温泉
四丁目,潮来市・行方市,鹿行北浦ライン
本新第3,稲敷市,あずまコミバス　月木ルート
本新第3,ブルーバス（株）,浮島線
間宮林蔵記念館入口,つくばみらい市,地区間南ルート
諏訪下,関東鉄道（株）,"江戸崎〜角崎〜竜ケ崎駅〜龍ケ崎市駅, 江戸崎〜新利根体育館〜済生会〜龍ケ崎市駅"
浜田集落センター,取手市,東北部ルート
一期住宅入口,つくばみらい市,地区間南ルート
神住,取手市,北部ルート
山王新田農村公園入口,つくばみらい市,地区間南ルート
粟生,関東鉄道（株）,"鹿島神宮〜済生会〜銚子駅（海岸線）, 鹿島神宮〜済生会〜土合鹿石, 鹿島神宮〜セントラル〜済生会病院, 【MIX】鹿島神宮駅〜海水浴場〜銚子駅（海岸線）"
みずき野七丁目,関東鉄道（株）,"守谷駅東口〜けやき通り中央〜谷井田〜取手駅西口【郷沼】, 大橋〜谷井田〜けやき通り中央〜守谷駅東口【郷沼】"
伊佐部宿,稲敷市,あずまコミバス　月木ルート
板橋北,龍ケ崎市,03長戸・白羽線
上平柳,つくばみらい市,地区間南ルート
松ケ丘公園前,関東鉄道（株）,"守谷駅西口〜けやき台六丁目〜美園〜けやき台六丁目〜守谷駅西口, 守谷駅西口〜松ケ丘四丁目〜けやき台六丁目〜美園中央〜美園, 美園〜美園中央〜けやき台六丁目〜守谷駅西口"
さくらんぼ公園前,関東鉄道（株）,"守谷駅東口〜けやき通り中央〜谷井田〜取手駅西口【郷沼】, 大橋〜谷井田〜けやき通り中央〜守谷駅東口【郷沼】, 守谷駅東口〜けやき通り中央〜守谷駅東口【郷沼】, けやき通り中央〜守谷駅東口【郷沼】"
さくらんぼ公園前,守谷市,みずき野・松並青葉ルート
伊佐部西,稲敷市,あずまコミバス　月木ルート
こもれび森のイバライド,稲敷市,コミバス　上君山ルート
二丁目,鹿嶋市・潮来市・行方市,神宮あやめ白帆ライン
上町,鹿嶋市・潮来市・行方市,神宮あやめ白帆ライン
中平柳,つくばみらい市,地区間南ルート
伊佐部仲郷,稲敷市,あずまコミバス　月木ルート
紫水高校,取手市,東北部ルート
若柴公園,関東鉄道（株）,ニュータウン長山〜龍ケ崎市駅
若柴公園,龍ケ崎市,"02長山・松葉線, 07若柴線"
配松,取手市,北部ルート
星宮神社,龍ケ崎市,07若柴線
松ケ丘三丁目（守谷）,関東鉄道（株）,"守谷駅西口〜けやき台六丁目〜美園〜けやき台六丁目〜守谷駅西口, 守谷駅西口〜松ケ丘四丁目〜けやき台六丁目〜美園中央〜美園, 美園〜美園中央〜けやき台六丁目〜守谷駅西口"
貝原塚,龍ケ崎市,05八原線
下新田,守谷市,みずき野・松並青葉ルート
幸田車庫,稲敷市,"あずまコミバス　月木ルート, あずまコミバス　火金ルート, あずまコミバス　水ルート, あずまコミバス　通学快速"
二三成橋,関東鉄道（株）,"守谷駅東口〜けやき通り中央〜谷井田〜取手駅西口【郷沼】, 取手駅西口〜谷井田〜豊体〜筑波ゴルフ場〜谷田部車庫, 取手駅西口〜谷井田〜豊体〜みらい平駅〜谷田部車庫, 取手駅西口〜山王局前〜谷井田〜豊体"
けやき通り中央,関東鉄道（株）,"守谷駅東口〜けやき通り中央〜谷井田〜取手駅西口【郷沼】, 大橋〜谷井田〜けやき通り中央〜守谷駅東口【郷沼】, 守谷駅東口〜けやき通り中央〜守谷駅東口【郷沼】, けやき通り中央〜守谷駅東口【郷沼】"
けやき通り中央,守谷市,みずき野・松並青葉ルート
釜井住宅,稲敷市,あずまコミバス　月木ルート
国末,関東鉄道（株）,"鹿島神宮〜済生会〜銚子駅（海岸線）, 鹿島神宮〜済生会〜土合鹿石, 鹿島神宮〜セントラル〜済生会病院, 【MIX】鹿島神宮駅〜海水浴場〜銚子駅（海岸線）"
鹿島製鉄所,関東鉄道（株）,鹿島神宮〜日川〜銚子駅（利根川線）
藤ケ丘五丁目,関東鉄道（株）,"江戸崎〜新利根体育館〜済生会〜龍ケ崎市駅, 龍ケ崎市駅〜白羽一丁目, 龍ケ崎市駅〜済生会病院〜白羽一丁目, 龍ケ崎市駅〜総合運動公園, 龍ケ崎市駅〜中根台中・NT久保台・済生会〜白羽一丁目, 龍ケ崎市駅〜中根台中学校〜NT久保台〜白羽一丁目"
藤ヶ丘5丁目,龍ケ崎市,00循環ルート
向陽台2丁目,龍ケ崎市,03長戸・白羽線
東大沼,稲敷市,あずまコミバス　月木ルート
けやき台六丁目,関東鉄道（株）,"守谷駅西口〜けやき台六丁目〜美園〜けやき台六丁目〜守谷駅西口, 守谷駅西口〜松ケ丘四丁目〜けやき台六丁目〜美園中央〜美園, 美園〜美園中央〜けやき台六丁目〜守谷駅西口"
こもれび森のイバライド入口,稲敷市,コミバス　上君山ルート
谷原,神栖市,系統3　鹿島神宮駅〜小見川駅
水郷潮来バスターミナル,関鉄グリーンバス（株）,道の駅〜潮来駅〜あそう温泉
水郷潮来バスターミナル,鹿嶋市・潮来市・行方市,神宮あやめ白帆ライン
水郷潮来バスターミナル,潮来市・行方市,鹿行北浦ライン
愛宕中学校入口,守谷市,みずき野・松並青葉ルート
椎塚,関東鉄道（株）,"江戸崎〜角崎〜竜ケ崎駅〜龍ケ崎市駅, 江戸崎〜新利根体育館〜済生会〜龍ケ崎市駅"
藤ケ丘一丁目,関東鉄道（株）,"江戸崎〜新利根体育館〜済生会〜龍ケ崎市駅, 龍ケ崎市駅〜白羽一丁目, 龍ケ崎市駅〜済生会病院〜白羽一丁目, 龍ケ崎市駅〜総合運動公園, 龍ケ崎市駅〜中根台中・NT久保台・済生会〜白羽一丁目, 龍ケ崎市駅〜中根台中学校〜NT久保台〜白羽一丁目"
さくらの杜公園前,関東鉄道（株）,"守谷駅東口〜けやき通り中央〜谷井田〜取手駅西口【郷沼】, 大橋〜谷井田〜けやき通り中央〜守谷駅東口【郷沼】, 守谷駅東口〜けやき通り中央〜守谷駅東口【郷沼】, けやき通り中央〜守谷駅東口【郷沼】"
さくらの杜公園前,守谷市,みずき野・松並青葉ルート
松葉小学校,龍ケ崎市,"02長山・松葉線, 07若柴線"
松葉小学校,関東鉄道（株）,ニュータウン長山〜龍ケ崎市駅
本新第2南,稲敷市,あずまコミバス　月木ルート
郷州小学校前,関東鉄道（株）,"守谷駅東口〜けやき通り中央〜谷井田〜取手駅西口【郷沼】, 大橋〜谷井田〜けやき通り中央〜守谷駅東口【郷沼】, 守谷駅東口〜けやき通り中央〜守谷駅東口【郷沼】, けやき通り中央〜守谷駅東口【郷沼】"
紫水高校西,取手市,東北部ルート
板橋,龍ケ崎市,03長戸・白羽線
浜田東,取手市,東北部ルート
藤ヶ丘1丁目,龍ケ崎市,00循環ルート
潮来駅,関鉄グリーンバス（株）,道の駅〜潮来駅〜あそう温泉
潮来駅,鹿嶋市・潮来市・行方市,神宮あやめ白帆ライン
潮来駅,潮来市・行方市,鹿行北浦ライン
松ヶ丘四丁目（龍ヶ崎）,関東鉄道（株）,龍ケ崎市駅〜総合運動公園
若柴北,龍ケ崎市,07若柴線
南守谷駅入口,守谷市,みずき野・松並青葉ルート
双葉一丁目,取手市,"東北部ルート, 北部ルート"
いちょう通り中央,守谷市,みずき野・松並青葉ルート
双葉団地,取手市,"東北部ルート, 北部ルート"
郷州小学校前,守谷市,みずき野・松並青葉ルート
羽賀辺田,稲敷市,コミバス　上君山ルート
竜ヶ岡西,龍ケ崎市,05八原線
浜田下,取手市,東北部ルート
上泉川,関東鉄道（株）,"鹿島神宮〜済生会〜銚子駅（海岸線）, 鹿島神宮〜済生会〜土合鹿石, 鹿島神宮〜セントラル〜済生会病院, 【MIX】鹿島神宮駅〜海水浴場〜銚子駅（海岸線）"
上貝原塚,関東鉄道（株）,"江戸崎〜新利根体育館〜済生会〜龍ケ崎市駅, 龍ケ崎市駅〜白羽一丁目, 龍ケ崎市駅〜済生会病院〜白羽一丁目, 龍ケ崎市駅〜総合運動公園, 龍ケ崎市駅〜中根台中・NT久保台・済生会〜白羽一丁目, 龍ケ崎市駅〜中根台中学校〜NT久保台〜白羽一丁目"
上貝原塚,龍ケ崎市,00循環ルート
向陽台1丁目,龍ケ崎市,03長戸・白羽線
日の出8丁目,関鉄グリーンバス（株）,道の駅〜潮来駅〜あそう温泉
日の出8丁目,鹿嶋市・潮来市・行方市,神宮あやめ白帆ライン
日の出8丁目,潮来市・行方市,鹿行北浦ライン
ニュータウン久保台,関東鉄道（株）,"ニュータウン久保台〜龍ケ崎市駅, 龍ケ崎市駅〜中根台中・NT久保台・済生会〜白羽一丁目, 龍ケ崎市駅〜中根台中学校〜NT久保台〜白羽一丁目"
ニュータウン久保台,龍ケ崎市,00循環ルート
パークスクエア前,関東鉄道（株）,"守谷駅東口〜けやき通り中央〜谷井田〜取手駅西口【郷沼】, 大橋〜谷井田〜けやき通り中央〜守谷駅東口【郷沼】, 守谷駅東口〜けやき通り中央〜守谷駅東口【郷沼】, けやき通り中央〜守谷駅東口【郷沼】"
パークスクエア前,守谷市,みずき野・松並青葉ルート
潮来駅東,関鉄グリーンバス（株）,道の駅〜潮来駅〜あそう温泉
潮来駅東,鹿嶋市・潮来市・行方市,神宮あやめ白帆ライン
潮来駅東,潮来市・行方市,鹿行北浦ライン
山王局前,関東鉄道（株）,"守谷駅東口〜けやき通り中央〜谷井田〜取手駅西口【郷沼】, 取手駅西口〜谷井田〜豊体〜筑波ゴルフ場〜谷田部車庫, 取手駅西口〜谷井田〜豊体〜みらい平駅〜谷田部車庫, 取手駅西口〜山王局前〜谷井田〜豊体"
山王局前,取手市,北部ルート
上萱場西,取手市,東北部ルート
上高井中央,取手市,西部ルート
中里一丁目,関東鉄道（株）,"江戸崎〜新利根体育館〜済生会〜龍ケ崎市駅, 龍ケ崎市駅〜白羽一丁目, 龍ケ崎市駅〜済生会病院〜白羽一丁目, 龍ケ崎市駅〜中根台中・NT久保台・済生会〜白羽一丁目, 龍ケ崎市駅〜中根台中学校〜NT久保台〜白羽一丁目"
けやき台,関東鉄道（株）,"守谷駅西口〜けやき台六丁目〜美園〜けやき台六丁目〜守谷駅西口, 守谷駅西口〜松ケ丘四丁目〜けやき台六丁目〜美園中央〜美園, 美園〜美園中央〜けやき台六丁目〜守谷駅西口"
ニュータウン中央,龍ケ崎市,"02長山・松葉線, 07若柴線"
愛宕,守谷市,みずき野・松並青葉ルート
パークシティ守谷入口,守谷市,みずき野・松並青葉ルート
佐貫第二児童公園,龍ケ崎市,07若柴線
いいつかストアー前,関鉄グリーンバス（株）,道の駅〜潮来駅〜あそう温泉
いいつかストアー前,鹿嶋市・潮来市・行方市,神宮あやめ白帆ライン
いいつかストアー前,潮来市・行方市,鹿行北浦ライン
みずき野野球場前,関東鉄道（株）,"守谷駅東口〜けやき通り中央〜谷井田〜取手駅西口【郷沼】, 大橋〜谷井田〜けやき通り中央〜守谷駅東口【郷沼】, 守谷駅東口〜けやき通り中央〜守谷駅東口【郷沼】, けやき通り中央〜守谷駅東口【郷沼】"
みずき野野球場前,守谷市,みずき野・松並青葉ルート
中内,取手市,北部ルート
日の出中学校園前,関鉄グリーンバス（株）,道の駅〜潮来駅〜あそう温泉
日の出中学校前,鹿嶋市・潮来市・行方市,神宮あやめ白帆ライン
日の出中学校前,潮来市・行方市,鹿行北浦ライン
羽賀公民館,稲敷市,コミバス　上君山ルート
日の出こども園前,関鉄グリーンバス（株）,道の駅〜潮来駅〜あそう温泉
日の出こども園前,鹿嶋市・潮来市・行方市,神宮あやめ白帆ライン
日の出こども園前,潮来市・行方市,鹿行北浦ライン
健康センター,稲敷市,あずまコミバス　月木ルート
上萱場,取手市,東北部ルート
日の出1丁目（茨城）,関鉄グリーンバス（株）,道の駅〜潮来駅〜あそう温泉
日の出1丁目,鹿嶋市・潮来市・行方市,神宮あやめ白帆ライン
日の出1丁目,潮来市・行方市,鹿行北浦ライン
大須賀橋,稲敷市,あずまコミバス　水ルート
旧山口商店前,稲敷市,コミバス　上君山ルート
久保台二丁目,関東鉄道（株）,"ニュータウン久保台〜龍ケ崎市駅, 龍ケ崎市駅〜中根台中・NT久保台・済生会〜白羽一丁目, 龍ケ崎市駅〜中根台中学校〜NT久保台〜白羽一丁目"
久保台2丁目,龍ケ崎市,00循環ルート
龍ケ崎済生会病院,河内町,河内町コミュニティバス
山王,関東鉄道（株）,"守谷駅東口〜けやき通り中央〜谷井田〜取手駅西口【郷沼】, 取手駅西口〜谷井田〜豊体〜筑波ゴルフ場〜谷田部車庫, 取手駅西口〜谷井田〜豊体〜みらい平駅〜谷田部車庫, 取手駅西口〜山王局前〜谷井田〜豊体"
山王,取手市,北部ルート
豊作村入口,龍ケ崎市,03長戸・白羽線
松ヶ丘三丁目（龍ヶ崎）,関東鉄道（株）,龍ケ崎市駅〜総合運動公園
上高井新田,取手市,西部ルート
藤ヶ丘6丁目,龍ケ崎市,00循環ルート
佐貫4丁目西,龍ケ崎市,07若柴線
竜ケ崎ニュータウン中央,関東鉄道（株）,"江戸崎〜新利根体育館〜済生会〜龍ケ崎市駅, ニュータウン長山〜龍ケ崎市駅, ニュータウン久保台〜龍ケ崎市駅, 龍ケ崎市駅〜総合運動公園"
済生会病院,関東鉄道（株）,"江戸崎〜新利根体育館〜済生会〜龍ケ崎市駅, 龍ケ崎市駅〜済生会病院〜白羽一丁目, 龍ケ崎市駅〜中根台中・NT久保台・済生会〜白羽一丁目"
済生会病院,龍ケ崎市,"03長戸・白羽線, 05八原線, シャトルバス, 00循環ルート"
久保台3丁目,龍ケ崎市,00循環ルート
久保台三丁目,関東鉄道（株）,"龍ケ崎市駅〜中根台中・NT久保台・済生会〜白羽一丁目, 龍ケ崎市駅〜中根台中学校〜NT久保台〜白羽一丁目"
羽賀,稲敷市,コミバス　上君山ルート
若柴,龍ケ崎市,07若柴線
佐貫4丁目,龍ケ崎市,06佐貫・川原代線
ショッピングセンターサプラ,龍ケ崎市,"02長山・松葉線, 07若柴線, 00循環ルート"
竜崎ニュータウン南,関東鉄道（株）,"江戸崎〜新利根体育館〜済生会〜龍ケ崎市駅, ニュータウン長山〜龍ケ崎市駅, ニュータウン久保台〜龍ケ崎市駅, 龍ケ崎市駅〜総合運動公園"
図書館,稲敷市,あずまコミバス　火金ルート
北竜台ショッピングセンター,関東鉄道（株）,"江戸崎〜新利根体育館〜済生会〜龍ケ崎市駅, ニュータウン久保台〜龍ケ崎市駅"
佐原下手,稲敷市,あずまコミバス　火金ルート
泉川中央,関東鉄道（株）,"鹿島神宮〜済生会〜銚子駅（海岸線）, 鹿島神宮〜済生会〜土合鹿石, 鹿島神宮〜セントラル〜済生会病院, 【MIX】鹿島神宮駅〜海水浴場〜銚子駅（海岸線）"
和田,取手市,北部ルート
和田入口,関東鉄道（株）,"守谷駅東口〜けやき通り中央〜谷井田〜取手駅西口【郷沼】, 取手駅西口〜谷井田〜豊体〜筑波ゴルフ場〜谷田部車庫, 取手駅西口〜谷井田〜豊体〜みらい平駅〜谷田部車庫, 取手駅西口〜山王局前〜谷井田〜豊体"
和田入口,取手市,北部ルート
けやき台三丁目,関東鉄道（株）,"守谷駅西口〜けやき台六丁目〜美園〜けやき台六丁目〜守谷駅西口, 守谷駅西口〜松ケ丘四丁目〜けやき台六丁目〜美園中央〜美園, 美園〜美園中央〜けやき台六丁目〜守谷駅西口"
久保台,関東鉄道（株）,"江戸崎〜新利根体育館〜済生会〜龍ケ崎市駅, 龍ケ崎市駅〜白羽一丁目, 龍ケ崎市駅〜済生会病院〜白羽一丁目, 龍ケ崎市駅〜総合運動公園"
ハートフルふじしろ病院,取手市,東北部ルート
八原小学校南,龍ケ崎市,"05八原線, 00循環ルート"
八原小学校,関東鉄道（株）,"江戸崎〜新利根体育館〜済生会〜龍ケ崎市駅, 龍ケ崎市駅〜白羽一丁目, 龍ケ崎市駅〜済生会病院〜白羽一丁目, 龍ケ崎市駅〜中根台中・NT久保台・済生会〜白羽一丁目, 龍ケ崎市駅〜中根台中学校〜NT久保台〜白羽一丁目"
湯ったり館,龍ケ崎市,03長戸・白羽線
湯ったり館,稲敷市,コミバス　上君山ルート
松ヶ丘1丁目,龍ケ崎市,00循環ルート
若柴,関東鉄道（株）,"江戸崎〜新利根体育館〜済生会〜龍ケ崎市駅, ニュータウン長山〜龍ケ崎市駅, ニュータウン久保台〜龍ケ崎市駅, 龍ケ崎市駅〜総合運動公園"
久賀公民館前,取手市,"東北部ルート, 北部ルート"
堤橋北,取手市,東北部ルート
薄倉,龍ケ崎市,03長戸・白羽線
中根台,関東鉄道（株）,"江戸崎〜新利根体育館〜済生会〜龍ケ崎市駅, 龍ケ崎市駅〜白羽一丁目, 龍ケ崎市駅〜済生会病院〜白羽一丁目, 龍ケ崎市駅〜総合運動公園"
中根台,龍ケ崎市,02長山・松葉線
佐貫第三児童公園,龍ケ崎市,06佐貫・川原代線
泉川,関東鉄道（株）,"鹿島神宮〜日川〜銚子駅（利根川線）, 鹿島神宮〜済生会〜銚子駅（海岸線）, 鹿島神宮〜済生会〜土合鹿石, 鹿島神宮〜セントラル〜済生会病院, 【MIX】鹿島神宮駅〜海水浴場〜銚子駅（海岸線）"
桑山坂上,関東鉄道（株）,"江戸崎〜角崎〜竜ケ崎駅〜龍ケ崎市駅, 江戸崎〜新利根体育館〜済生会〜龍ケ崎市駅"
小柴四丁目,関東鉄道（株）,"江戸崎〜新利根体育館〜済生会〜龍ケ崎市駅, ニュータウン久保台〜龍ケ崎市駅, 龍ケ崎市駅〜総合運動公園"
小柴4丁目,龍ケ崎市,"02長山・松葉線, 07若柴線, 00循環ルート"
佐貫3丁目,龍ケ崎市,"06佐貫・川原代線, 07若柴線"
小柴1丁目,龍ケ崎市,"02長山・松葉線, 07若柴線"
小柴一丁目,関東鉄道（株）,"江戸崎〜新利根体育館〜済生会〜龍ケ崎市駅, ニュータウン久保台〜龍ケ崎市駅, 龍ケ崎市駅〜白羽一丁目, 龍ケ崎市駅〜済生会病院〜白羽一丁目, 龍ケ崎市駅〜総合運動公園, 龍ケ崎市駅〜中根台中・NT久保台・済生会〜白羽一丁目, 龍ケ崎市駅〜中根台中学校〜NT久保台〜白羽一丁目"
ヤオコー佐貫店前,取手市,東北部ルート
新川,龍ケ崎市,07若柴線
中根台二丁目,関東鉄道（株）,"ニュータウン久保台〜龍ケ崎市駅, 龍ケ崎市駅〜中根台中・NT久保台・済生会〜白羽一丁目, 龍ケ崎市駅〜中根台中学校〜NT久保台〜白羽一丁目"
中根台2丁目,龍ケ崎市,00循環ルート
龍ケ崎市駅西口,取手市,東北部ルート
龍ケ崎市駅西口,龍ケ崎市,07若柴線
藤ヶ丘6丁目南,龍ケ崎市,05八原線
藤代スポーツセンター前,取手市,北部ルート
下高井本薬師,取手市,西部ルート
久保台一丁目,関東鉄道（株）,"ニュータウン久保台〜龍ケ崎市駅, 龍ケ崎市駅〜中根台中・NT久保台・済生会〜白羽一丁目, 龍ケ崎市駅〜中根台中学校〜NT久保台〜白羽一丁目"
長栖,神栖市,系統3　鹿島神宮駅〜小見川駅
松ヶ丘2丁目,龍ケ崎市,00循環ルート
松ケ丘二丁目,関東鉄道（株）,龍ケ崎市駅〜総合運動公園
龍ケ崎市駅［JR］,関東鉄道（株）,"江戸崎〜角崎〜竜ケ崎駅〜龍ケ崎市駅, 江戸崎〜新利根体育館〜済生会〜龍ケ崎市駅, ニュータウン長山〜龍ケ崎市駅, ニュータウン久保台〜龍ケ崎市駅, 龍ケ崎市駅〜白羽一丁目, 龍ケ崎市駅〜済生会病院〜白羽一丁目, 龍ケ崎市駅〜総合運動公園, 龍ケ崎市駅〜中根台中・NT久保台・済生会〜白羽一丁目, 龍ケ崎市駅〜中根台中学校〜NT久保台〜白羽一丁目"
若柴南,関東鉄道（株）,"江戸崎〜新利根体育館〜済生会〜龍ケ崎市駅, ニュータウン長山〜龍ケ崎市駅, ニュータウン久保台〜龍ケ崎市駅, 龍ケ崎市駅〜総合運動公園"
若柴南,龍ケ崎市,07若柴線
高源寺入口,取手市,西部ルート
新川,関東鉄道（株）,竜ケ崎駅〜龍ケ崎市駅東口前〜光風台団地入口〜取手駅東口
けやき台二丁目,関東鉄道（株）,"守谷駅西口〜けやき台六丁目〜美園〜けやき台六丁目〜守谷駅西口, 守谷駅西口〜松ケ丘四丁目〜けやき台六丁目〜美園中央〜美園, 美園〜美園中央〜けやき台六丁目〜守谷駅西口"
馴柴小学校北,関東鉄道（株）,"江戸崎〜新利根体育館〜済生会〜龍ケ崎市駅, ニュータウン長山〜龍ケ崎市駅, ニュータウン久保台〜龍ケ崎市駅, 龍ケ崎市駅〜白羽一丁目, 龍ケ崎市駅〜済生会病院〜白羽一丁目, 龍ケ崎市駅〜総合運動公園, 龍ケ崎市駅〜中根台中・NT久保台・済生会〜白羽一丁目, 龍ケ崎市駅〜中根台中学校〜NT久保台〜白羽一丁目"
馴柴小学校北,龍ケ崎市,"06佐貫・川原代線, 07若柴線"
高丸,稲敷市,あずまコミバス　火金ルート
並木,関東鉄道（株）,取手駅西口〜取手中央タウン〜取手スポーツセンター〜戸頭駅
龍ケ崎市駅東口前,関東鉄道（株）,竜ケ崎駅〜龍ケ崎市駅東口前〜光風台団地入口〜取手駅東口
龍ケ崎市駅東口,龍ケ崎市,"06佐貫・川原代線, 07若柴線"
上高井,取手市,西部ルート
戸頭駅,関東鉄道（株）,取手駅西口〜取手中央タウン〜取手スポーツセンター〜戸頭駅
戸頭駅,取手市,西部ルート
役前,稲敷市,あずまコミバス　火金ルート
中根台中学校,関東鉄道（株）,"ニュータウン久保台〜龍ケ崎市駅, 龍ケ崎市駅〜中根台中・NT久保台・済生会〜白羽一丁目, 龍ケ崎市駅〜中根台中学校〜NT久保台〜白羽一丁目"
中根台中学校,龍ケ崎市,00循環ルート
中根台5丁目,龍ケ崎市,00循環ルート
中根台五丁目,関東鉄道（株）,"ニュータウン久保台〜龍ケ崎市駅, 龍ケ崎市駅〜中根台中・NT久保台・済生会〜白羽一丁目, 龍ケ崎市駅〜中根台中学校〜NT久保台〜白羽一丁目"
さんさん館,龍ケ崎市,03長戸・白羽線
さんさん館,関東鉄道（株）,"龍ケ崎市駅〜白羽一丁目, 龍ケ崎市駅〜済生会病院〜白羽一丁目, 龍ケ崎市駅〜中根台中・NT久保台・済生会〜白羽一丁目, 龍ケ崎市駅〜中根台中学校〜NT久保台〜白羽一丁目"
東部出張所,龍ケ崎市,"05八原線, 00循環ルート"
佐貫二丁目,関東鉄道（株）,"江戸崎〜角崎〜竜ケ崎駅〜龍ケ崎市駅, 竜ケ崎駅〜龍ケ崎市駅東口前〜光風台団地入口〜取手駅東口"
上羽原,龍ケ崎市,05八原線
東支所,稲敷市,"あずまコミバス　月木ルート, あずまコミバス　火金ルート, あずまコミバス　水ルート, あずまコミバス　通学快速"
小柴2丁目,龍ケ崎市,00循環ルート
小柴二丁目,関東鉄道（株）,"龍ケ崎市駅〜白羽一丁目, 龍ケ崎市駅〜済生会病院〜白羽一丁目, 龍ケ崎市駅〜中根台中・NT久保台・済生会〜白羽一丁目, 龍ケ崎市駅〜中根台中学校〜NT久保台〜白羽一丁目"
長戸,龍ケ崎市,03長戸・白羽線
高井城址入口,取手市,西部ルート
安福寺入口,稲敷市,コミバス　上君山ルート
松山中央,稲敷市,コミバス　上君山ルート
旭町,取手市,"東北部ルート, 北部ルート"
馴柴コミュニティセンター,関東鉄道（株）,"龍ケ崎市駅〜白羽一丁目, 龍ケ崎市駅〜済生会病院〜白羽一丁目, 龍ケ崎市駅〜中根台中・NT久保台・済生会〜白羽一丁目, 龍ケ崎市駅〜中根台中学校〜NT久保台〜白羽一丁目"
馴柴コミュニティセンター,龍ケ崎市,06佐貫・川原代線
共生保育園前,取手市,北部ルート
マンハイム佐貫前,龍ケ崎市,07若柴線
浦向,関東鉄道（株）,"江戸崎〜角崎〜竜ケ崎駅〜龍ケ崎市駅, 江戸崎〜新利根体育館〜済生会〜龍ケ崎市駅"
さくら荘,取手市,"西部ルート, 北部ルート"
城ノ内2丁目,龍ケ崎市,05八原線
流経大フットボール場,龍ケ崎市,03長戸・白羽線
戸頭二丁目［消防署東］,取手市,西部ルート
半田北,龍ケ崎市,03長戸・白羽線
戸頭公民館前,取手市,西部ルート
下結佐,稲敷市,"あずまコミバス　火金ルート, あずまコミバス　水ルート, あずまコミバス　通学快速"
総合運動公園,関東鉄道（株）,龍ケ崎市駅〜総合運動公園
総合運動公園,龍ケ崎市,"05八原線, 00循環ルート"
西代,ブルーバス（株）,浮島線
椚木,取手市,北部ルート
戸頭団地西,関東鉄道（株）,取手駅西口〜取手中央タウン〜取手スポーツセンター〜戸頭駅
戸頭団地西,取手市,西部ルート
美園二丁目,関東鉄道（株）,"守谷駅西口〜けやき台六丁目〜美園〜けやき台六丁目〜守谷駅西口, 守谷駅西口〜松ケ丘四丁目〜けやき台六丁目〜美園中央〜美園, 美園〜美園中央〜けやき台六丁目〜守谷駅西口"
稲戸井駅,取手市,西部ルート
小通橋,関東鉄道（株）,竜ケ崎駅〜龍ケ崎市駅東口前〜光風台団地入口〜取手駅東口
総合運動公園入口,関東鉄道（株）,江戸崎〜新利根体育館〜済生会〜龍ケ崎市駅
ゆめみ野三丁目,取手市,"西部ルート, 北部ルート"
城ノ内一丁目,関東鉄道（株）,"龍ケ崎市駅〜白羽一丁目, 龍ケ崎市駅〜済生会病院〜白羽一丁目, 龍ケ崎市駅〜中根台中・NT久保台・済生会〜白羽一丁目, 龍ケ崎市駅〜中根台中学校〜NT久保台〜白羽一丁目"
城ノ内1丁目,龍ケ崎市,"03長戸・白羽線, 00循環ルート"
佐貫台,龍ケ崎市,07若柴線
下君山西,稲敷市,コミバス　上君山ルート
桑山,関東鉄道（株）,"江戸崎〜角崎〜竜ケ崎駅〜龍ケ崎市駅, 江戸崎〜新利根体育館〜済生会〜龍ケ崎市駅"
曙町,関東鉄道（株）,竜ケ崎駅〜龍ケ崎市駅東口前〜光風台団地入口〜取手駅東口
龍ケ崎市駅入口,関東鉄道（株）,竜ケ崎駅〜龍ケ崎市駅東口前〜光風台団地入口〜取手駅東口
龍ケ崎市駅入口,龍ケ崎市,07若柴線
下高井南,取手市,西部ルート
馴柴小学校,関東鉄道（株）,"江戸崎〜角崎〜竜ケ崎駅〜龍ケ崎市駅, 竜ケ崎駅〜龍ケ崎市駅東口前〜光風台団地入口〜取手駅東口"
馴柴小学校,龍ケ崎市,06佐貫・川原代線
細井入口,取手市,東北部ルート
戸頭団地入口,関東鉄道（株）,"守谷駅西口〜けやき台六丁目〜美園〜けやき台六丁目〜守谷駅西口, 守谷駅西口〜松ケ丘四丁目〜けやき台六丁目〜美園中央〜美園, 美園〜美園中央〜けやき台六丁目〜守谷駅西口"
文巻橋,取手市,東北部ルート
永山公民館前,取手市,西部ルート
文化村公園前,龍ケ崎市,07若柴線
堀川,関東鉄道（株）,"江戸崎〜角崎〜竜ケ崎駅〜龍ケ崎市駅, 江戸崎〜新利根体育館〜済生会〜龍ケ崎市駅"
美園中央,関東鉄道（株）,"守谷駅西口〜けやき台六丁目〜美園〜けやき台六丁目〜守谷駅西口, 守谷駅西口〜松ケ丘四丁目〜けやき台六丁目〜美園中央〜美園, 美園〜美園中央〜けやき台六丁目〜守谷駅西口"
桔梗塚,取手市,西部ルート
ふじしろ図書館,取手市,東北部ルート
永山中前,取手市,西部ルート
美園三丁目,関東鉄道（株）,"守谷駅西口〜けやき台六丁目〜美園〜けやき台六丁目〜守谷駅西口, 守谷駅西口〜松ケ丘四丁目〜けやき台六丁目〜美園中央〜美園, 美園〜美園中央〜けやき台六丁目〜守谷駅西口"
平台入口,関東鉄道（株）,"龍ケ崎市駅〜白羽一丁目, 龍ケ崎市駅〜済生会病院〜白羽一丁目, 龍ケ崎市駅〜中根台中・NT久保台・済生会〜白羽一丁目, 龍ケ崎市駅〜中根台中学校〜NT久保台〜白羽一丁目"
平台入口,龍ケ崎市,00循環ルート
城ノ内三丁目,関東鉄道（株）,"龍ケ崎市駅〜白羽一丁目, 龍ケ崎市駅〜済生会病院〜白羽一丁目, 龍ケ崎市駅〜中根台中・NT久保台・済生会〜白羽一丁目, 龍ケ崎市駅〜中根台中学校〜NT久保台〜白羽一丁目"
城ノ内3丁目,龍ケ崎市,05八原線
椚木三叉路,取手市,"東北部ルート, 北部ルート"
松山上,稲敷市,コミバス　上君山ルート
白羽二丁目,関東鉄道（株）,"龍ケ崎市駅〜白羽一丁目, 龍ケ崎市駅〜済生会病院〜白羽一丁目, 龍ケ崎市駅〜中根台中・NT久保台・済生会〜白羽一丁目, 龍ケ崎市駅〜中根台中学校〜NT久保台〜白羽一丁目"
白羽2丁目,龍ケ崎市,03長戸・白羽線
岡,関東鉄道（株）,"守谷駅東口〜けやき通り中央〜谷井田〜取手駅西口【郷沼】, 取手駅西口〜谷井田〜豊体〜筑波ゴルフ場〜谷田部車庫, 取手駅西口〜谷井田〜豊体〜みらい平駅〜谷田部車庫, 取手駅西口〜山王局前〜谷井田〜豊体"
米ノ井,取手市,西部ルート
新宮和田,関東鉄道（株）,竜ケ崎駅〜龍ケ崎市駅東口前〜光風台団地入口〜取手駅東口
下君山,稲敷市,コミバス　上君山ルート
長峰西,龍ケ崎市,03長戸・白羽線
長峰西公園入口,関東鉄道（株）,"龍ケ崎市駅〜白羽一丁目, 龍ケ崎市駅〜済生会病院〜白羽一丁目, 龍ケ崎市駅〜中根台中・NT久保台・済生会〜白羽一丁目, 龍ケ崎市駅〜中根台中学校〜NT久保台〜白羽一丁目"
城ノ内四丁目,関東鉄道（株）,"龍ケ崎市駅〜白羽一丁目, 龍ケ崎市駅〜済生会病院〜白羽一丁目, 龍ケ崎市駅〜中根台中・NT久保台・済生会〜白羽一丁目, 龍ケ崎市駅〜中根台中学校〜NT久保台〜白羽一丁目"
城ノ内4丁目,龍ケ崎市,05八原線
宮和田,取手市,東北部ルート
美園,関東鉄道（株）,"守谷駅西口〜けやき台六丁目〜美園〜けやき台六丁目〜守谷駅西口, 守谷駅西口〜松ケ丘四丁目〜けやき台六丁目〜美園中央〜美園, 美園〜美園中央〜けやき台六丁目〜守谷駅西口"
佐原組新田,稲敷市,"あずまコミバス　火金ルート, あずまコミバス　通学快速"
富士見住宅,龍ケ崎市,02長山・松葉線
藤代公民館前,取手市,東南部ルート
上西代,ブルーバス（株）,浮島線
ハーモニータウン入口,取手市,西部ルート
花丸住宅前,関東鉄道（株）,"江戸崎〜角崎〜竜ケ崎駅〜龍ケ崎市駅, 竜ケ崎駅〜龍ケ崎市駅東口前〜光風台団地入口〜取手駅東口"
平台2丁目,龍ケ崎市,00循環ルート
城ノ内五丁目西,関東鉄道（株）,"龍ケ崎市駅〜白羽一丁目, 龍ケ崎市駅〜済生会病院〜白羽一丁目, 龍ケ崎市駅〜中根台中・NT久保台・済生会〜白羽一丁目, 龍ケ崎市駅〜中根台中学校〜NT久保台〜白羽一丁目"
城ノ内5丁目西,龍ケ崎市,05八原線
ゆめみ野駅入口,取手市,北部ルート
白羽一丁目,関東鉄道（株）,"龍ケ崎市駅〜白羽一丁目, 龍ケ崎市駅〜済生会病院〜白羽一丁目, 龍ケ崎市駅〜中根台中・NT久保台・済生会〜白羽一丁目, 龍ケ崎市駅〜中根台中学校〜NT久保台〜白羽一丁目"
白羽1丁目,龍ケ崎市,03長戸・白羽線
戸頭三丁目,取手市,西部ルート
君賀小,稲敷市,コミバス　上君山ルート
藤代,関東鉄道（株）,竜ケ崎駅〜龍ケ崎市駅東口前〜光風台団地入口〜取手駅東口
戸頭公園前,関東鉄道（株）,取手駅西口〜取手中央タウン〜取手スポーツセンター〜戸頭駅
戸頭公園前,取手市,西部ルート
新大利根橋北,関東鉄道（株）,"守谷駅西口〜けやき台六丁目〜美園〜けやき台六丁目〜守谷駅西口, 守谷駅西口〜松ケ丘四丁目〜けやき台六丁目〜美園中央〜美園, 美園〜美園中央〜けやき台六丁目〜守谷駅西口"
城西中学校前,龍ケ崎市,06佐貫・川原代線
奈戸岡,龍ケ崎市,02長山・松葉線
堀割,神栖市,系統3　鹿島神宮駅〜小見川駅
城ノ内五丁目中央,関東鉄道（株）,"龍ケ崎市駅〜白羽一丁目, 龍ケ崎市駅〜済生会病院〜白羽一丁目, 龍ケ崎市駅〜中根台中・NT久保台・済生会〜白羽一丁目, 龍ケ崎市駅〜中根台中学校〜NT久保台〜白羽一丁目"
城ノ内5丁目中央,龍ケ崎市,05八原線
半田,龍ケ崎市,03長戸・白羽線
手賀組新田,稲敷市,あずまコミバス　火金ルート
藤代交差点,取手市,"東南部ルート, 北部ルート"
大重,稲敷市,あずまコミバス　火金ルート
馴馬台コミュニティセンター,龍ケ崎市,00循環ルート
藤代駅入口,取手市,"東南部ルート, 東北部ルート"
ホーマック前,取手市,西部ルート
下羽原,龍ケ崎市,00循環ルート
上曽根,取手市,東北部ルート
南中島,関東鉄道（株）,"江戸崎〜角崎〜竜ケ崎駅〜龍ケ崎市駅, 竜ケ崎駅〜龍ケ崎市駅東口前〜光風台団地入口〜取手駅東口"
城ノ内五丁目東,関東鉄道（株）,"龍ケ崎市駅〜白羽一丁目, 龍ケ崎市駅〜済生会病院〜白羽一丁目, 龍ケ崎市駅〜中根台中・NT久保台・済生会〜白羽一丁目, 龍ケ崎市駅〜中根台中学校〜NT久保台〜白羽一丁目"
太田下宿,関東鉄道（株）,"江戸崎〜角崎〜竜ケ崎駅〜龍ケ崎市駅, 江戸崎〜新利根体育館〜済生会〜龍ケ崎市駅"
城ノ内5丁目東,龍ケ崎市,05八原線
岡南,関東鉄道（株）,"守谷駅東口〜けやき通り中央〜谷井田〜取手駅西口【郷沼】, 取手駅西口〜谷井田〜豊体〜筑波ゴルフ場〜谷田部車庫, 取手駅西口〜谷井田〜豊体〜みらい平駅〜谷田部車庫, 取手駅西口〜山王局前〜谷井田〜豊体"
上塗戸,龍ケ崎市,03長戸・白羽線
下塗戸,龍ケ崎市,03長戸・白羽線
結佐,稲敷市,"あずまコミバス　火金ルート, あずまコミバス　水ルート, あずまコミバス　通学快速"
半田,関東鉄道（株）,"江戸崎〜角崎〜竜ケ崎駅〜龍ケ崎市駅, 江戸崎〜新利根体育館〜済生会〜龍ケ崎市駅"
上塗戸,関東鉄道（株）,"江戸崎〜角崎〜竜ケ崎駅〜龍ケ崎市駅, 江戸崎〜新利根体育館〜済生会〜龍ケ崎市駅"
野々井十字路,取手市,西部ルート
白羽三丁目,関東鉄道（株）,"龍ケ崎市駅〜白羽一丁目, 龍ケ崎市駅〜済生会病院〜白羽一丁目, 龍ケ崎市駅〜中根台中・NT久保台・済生会〜白羽一丁目, 龍ケ崎市駅〜中根台中学校〜NT久保台〜白羽一丁目"
白羽3丁目,龍ケ崎市,03長戸・白羽線
常福橋,取手市,東北部ルート
藤代郵便局前,取手市,東北部ルート
藤代庁舎,取手市,"東南部ルート, 東北部ルート, 北部ルート"
白羽入口,龍ケ崎市,03長戸・白羽線
白羽入口,関東鉄道（株）,"江戸崎〜新利根体育館〜済生会〜龍ケ崎市駅, 龍ケ崎市駅〜白羽一丁目, 龍ケ崎市駅〜済生会病院〜白羽一丁目, 龍ケ崎市駅〜中根台中・NT久保台・済生会〜白羽一丁目, 龍ケ崎市駅〜中根台中学校〜NT久保台〜白羽一丁目"
藤代駅北口,取手市,"東南部ルート, 東北部ルート, 北部ルート"
藤代庁舎前,関東鉄道（株）,竜ケ崎駅〜龍ケ崎市駅東口前〜光風台団地入口〜取手駅東口
新取手五丁目,取手市,中央循環西ルート
花輪,関東鉄道（株）,取手駅西口〜取手中央タウン〜取手スポーツセンター〜戸頭駅
花輪,取手市,西部ルート
下塗戸,関東鉄道（株）,"江戸崎〜角崎〜竜ケ崎駅〜龍ケ崎市駅, 江戸崎〜新利根体育館〜済生会〜龍ケ崎市駅"
宮和田関,取手市,"東南部ルート, 東北部ルート"
下太田,関東鉄道（株）,"江戸崎〜角崎〜竜ケ崎駅〜龍ケ崎市駅, 江戸崎〜新利根体育館〜済生会〜龍ケ崎市駅"
戸頭小入口,取手市,西部ルート
藤代駅南口,関東鉄道（株）,"藤代駅南口〜藤代桜が丘, 藤代駅南口〜藤代ゴルフ〜藤代桜が丘, 藤代駅南口〜藤代桜が丘〜桜が丘小学校, 桜が丘小学校〜藤代桜が丘〜藤代ゴルフ〜藤代駅南口"
藤代駅南口,取手市,"東南部ルート, 東北部ルート"
新取手団地東口,関東鉄道（株）,"守谷駅東口〜けやき通り中央〜谷井田〜取手駅西口【郷沼】, 取手駅西口〜谷井田〜豊体〜筑波ゴルフ場〜谷田部車庫, 取手駅西口〜谷井田〜豊体〜みらい平駅〜谷田部車庫, 取手駅西口〜山王局前〜谷井田〜豊体"
新取手団地東口,取手市,中央循環西ルート
馴馬,龍ケ崎市,00循環ルート
谷中本田,取手市,"東南部ルート, 東北部ルート"
長峰,龍ケ崎市,03長戸・白羽線
山之坊,取手市,"西部ルート, 中央循環西ルート, 北部ルート"
上根本入口,関東鉄道（株）,"江戸崎〜角崎〜竜ケ崎駅〜龍ケ崎市駅, 江戸崎〜新利根体育館〜済生会〜龍ケ崎市駅"
紅葉内住宅前,関東鉄道（株）,"江戸崎〜角崎〜竜ケ崎駅〜龍ケ崎市駅, 竜ケ崎駅〜龍ケ崎市駅東口前〜光風台団地入口〜取手駅東口"
長峰中央,龍ケ崎市,03長戸・白羽線
冨士浅間神社前,龍ケ崎市,03長戸・白羽線
長峰,龍ケ崎市,03長戸・白羽線
長峰,関東鉄道（株）,"江戸崎〜角崎〜竜ケ崎駅〜龍ケ崎市駅, 江戸崎〜新利根体育館〜済生会〜龍ケ崎市駅"
上結佐,稲敷市,"あずまコミバス　火金ルート, あずまコミバス　水ルート, あずまコミバス　通学快速"
野々井市営住宅前,取手市,"西部ルート, 中央循環西ルート"
戸頭中学校前,関東鉄道（株）,取手駅西口〜取手中央タウン〜取手スポーツセンター〜戸頭駅
戸頭中前,取手市,西部ルート
堀割一丁目西,神栖市,系統2　息栖神社〜ふれあいセンター湯楽々
花丸,龍ケ崎市,06佐貫・川原代線
谷中本田,関東鉄道（株）,竜ケ崎駅〜龍ケ崎市駅東口前〜光風台団地入口〜取手駅東口
新取手一丁目,取手市,中央循環西ルート
長峰中央,龍ケ崎市,03長戸・白羽線
長峰中央,関東鉄道（株）,"江戸崎〜角崎〜竜ケ崎駅〜龍ケ崎市駅, 江戸崎〜新利根体育館〜済生会〜龍ケ崎市駅"
戸頭緑地前,関東鉄道（株）,取手駅西口〜取手中央タウン〜取手スポーツセンター〜戸頭駅
戸頭緑地前,取手市,西部ルート
長峰沖,龍ケ崎市,03長戸・白羽線
堀割一丁目東,神栖市,系統2　息栖神社〜ふれあいセンター湯楽々
太田（稲敷）,関東鉄道（株）,"江戸崎〜角崎〜竜ケ崎駅〜龍ケ崎市駅, 江戸崎〜新利根体育館〜済生会〜龍ケ崎市駅"
川原代,関東鉄道（株）,"江戸崎〜角崎〜竜ケ崎駅〜龍ケ崎市駅, 竜ケ崎駅〜龍ケ崎市駅東口前〜光風台団地入口〜取手駅東口"
長峰沖,関東鉄道（株）,"江戸崎〜角崎〜竜ケ崎駅〜龍ケ崎市駅, 江戸崎〜新利根体育館〜済生会〜龍ケ崎市駅"
池端,関東鉄道（株）,"江戸崎〜角崎〜竜ケ崎駅〜龍ケ崎市駅, 江戸崎〜新利根体育館〜済生会〜龍ケ崎市駅"
上八代,龍ケ崎市,03長戸・白羽線
長峰沖,龍ケ崎市,03長戸・白羽線
ショッピングセンターパルナ,稲敷市,"あずまコミバス　月木ルート, あずまコミバス　火金ルート, あずまコミバス　水ルート"
ショッピングセンターパルナ,香取市,北佐原・新島ルート
逆川公会堂,稲敷市,あずまコミバス　水ルート
パルナ前,ブルーバス（株）,浮島線
中八代,龍ケ崎市,03長戸・白羽線
取手スポーツセンター,関東鉄道（株）,取手駅西口〜取手中央タウン〜取手スポーツセンター〜戸頭駅
白旗,関東鉄道（株）,取手駅西口〜取手中央タウン〜取手スポーツセンター〜戸頭駅
グリーンスポーツセンター,取手市,西部ルート
川原代西,龍ケ崎市,06佐貫・川原代線
深芝,関東鉄道（株）,"鹿島神宮〜日川〜銚子駅（利根川線）, 鹿島神宮〜済生会〜銚子駅（海岸線）, 鹿島神宮〜済生会〜土合鹿石, 鹿島神宮〜セントラル〜済生会病院, 【MIX】鹿島神宮駅〜海水浴場〜銚子駅（海岸線）"
平須,稲敷市,あずまコミバス　水ルート
新谷中,関東鉄道（株）,竜ケ崎駅〜龍ケ崎市駅東口前〜光風台団地入口〜取手駅東口
ときわ台団地,取手市,"東南部ルート, 東北部ルート"
新取手駅,取手市,"西部ルート, 中央循環西ルート, 北部ルート"
藤代南二丁目,取手市,"東南部ルート, 東北部ルート"
太田新宿,関東鉄道（株）,"江戸崎〜角崎〜竜ケ崎駅〜龍ケ崎市駅, 江戸崎〜新利根体育館〜済生会〜龍ケ崎市駅"
ショッピングセンター（藤代南）,関東鉄道（株）,"藤代駅南口〜藤代桜が丘, 藤代駅南口〜藤代ゴルフ〜藤代桜が丘, 藤代駅南口〜藤代桜が丘〜桜が丘小学校, 桜が丘小学校〜藤代桜が丘〜藤代ゴルフ〜藤代駅南口"
下八代,龍ケ崎市,03長戸・白羽線
下八代,関東鉄道（株）,江戸崎〜角崎〜竜ケ崎駅〜龍ケ崎市駅
毛有,取手市,東北部ルート
中八代,関東鉄道（株）,江戸崎〜角崎〜竜ケ崎駅〜龍ケ崎市駅
ショッピングセンター,取手市,"東南部ルート, 東北部ルート"
六角坂下,稲敷市,"あずまコミバス　水ルート, あずまコミバス　通学快速"
後山,関東鉄道（株）,"守谷駅東口〜けやき通り中央〜谷井田〜取手駅西口【郷沼】, 取手駅西口〜谷井田〜豊体〜筑波ゴルフ場〜谷田部車庫, 取手駅西口〜谷井田〜豊体〜みらい平駅〜谷田部車庫, 取手駅西口〜山王局前〜谷井田〜豊体"
後山,取手市,中央循環西ルート
川原代小学校前,関東鉄道（株）,"江戸崎〜角崎〜竜ケ崎駅〜龍ケ崎市駅, 竜ケ崎駅〜龍ケ崎市駅東口前〜光風台団地入口〜取手駅東口"
南,関東鉄道（株）,"江戸崎〜角崎〜竜ケ崎駅〜龍ケ崎市駅, 江戸崎〜新利根体育館〜済生会〜龍ケ崎市駅"
紅葉内,龍ケ崎市,06佐貫・川原代線
あけぼの,取手市,"西部ルート, 中央循環西ルート, 北部ルート"
流通経済大学前,龍ケ崎市,00循環ルート
谷中,関東鉄道（株）,竜ケ崎駅〜龍ケ崎市駅東口前〜光風台団地入口〜取手駅東口
平泉西谷原,神栖市,"系統2　息栖神社〜ふれあいセンター湯楽々, 系統3　鹿島神宮駅〜小見川駅"
東カン団地入口,取手市,東南部ルート
野々井石戸,取手市,西部ルート
野々井向山,取手市,西部ルート
第二庁舎,龍ケ崎市,02長山・松葉線
来迎院,龍ケ崎市,00循環ルート
下太田工業団地前,関東鉄道（株）,"江戸崎〜角崎〜竜ケ崎駅〜龍ケ崎市駅, 江戸崎〜新利根体育館〜済生会〜龍ケ崎市駅"
上八代,関東鉄道（株）,江戸崎〜角崎〜竜ケ崎駅〜龍ケ崎市駅
成沖集会所,取手市,東北部ルート
文化会館,龍ケ崎市,"02長山・松葉線, 06佐貫・川原代線, 00循環ルート"
白山神社前,取手市,西部ルート
根本中央,関東鉄道（株）,"江戸崎〜角崎〜竜ケ崎駅〜龍ケ崎市駅, 江戸崎〜新利根体育館〜済生会〜龍ケ崎市駅"
太田谷中,関東鉄道（株）,"江戸崎〜角崎〜竜ケ崎駅〜龍ケ崎市駅, 江戸崎〜新利根体育館〜済生会〜龍ケ崎市駅"
寺原,関東鉄道（株）,"守谷駅東口〜けやき通り中央〜谷井田〜取手駅西口【郷沼】, 取手駅西口〜谷井田〜豊体〜筑波ゴルフ場〜谷田部車庫, 取手駅西口〜谷井田〜豊体〜みらい平駅〜谷田部車庫, 取手駅西口〜山王局前〜谷井田〜豊体"
寺原,取手市,中央循環西ルート
とげぬき地蔵,取手市,"西部ルート, 北部ルート"
橋向住宅前,稲敷市,あずまコミバス　水ルート
横町下,関東鉄道（株）,"江戸崎〜角崎〜竜ケ崎駅〜龍ケ崎市駅, 江戸崎〜新利根体育館〜済生会〜龍ケ崎市駅"
川原代コミュニティセンター,龍ケ崎市,06佐貫・川原代線
深芝出波,関東鉄道（株）,"鹿島神宮〜日川〜銚子駅（利根川線）, 鹿島神宮〜済生会〜銚子駅（海岸線）, 鹿島神宮〜済生会〜土合鹿石, 鹿島神宮〜セントラル〜済生会病院, 【MIX】鹿島神宮駅〜海水浴場〜銚子駅（海岸線）"
飯島,稲敷市,あずまコミバス　水ルート
押砂,稲敷市,"あずまコミバス　水ルート, あずまコミバス　通学快速"
酒詰,取手市,東南部ルート
六角西,稲敷市,あずまコミバス　水ルート
野々井,取手市,中央循環西ルート
竜ヶ崎一高下,龍ケ崎市,00循環ルート
成沖橋北,取手市,東北部ルート
中曽根,龍ケ崎市,"02長山・松葉線, 06佐貫・川原代線, 00循環ルート"
愛戸,河内町,河内町コミュニティバス
愛戸,龍ケ崎市,"03長戸・白羽線, 05八原線"
知手（龍ヶ崎）,関東鉄道（株）,"江戸崎〜角崎〜竜ケ崎駅〜龍ケ崎市駅, 竜ケ崎駅〜龍ケ崎市駅東口前〜光風台団地入口〜取手駅東口"
中田橋,取手市,東南部ルート
天神下,関東鉄道（株）,"江戸崎〜角崎〜竜ケ崎駅〜龍ケ崎市駅, 江戸崎〜新利根体育館〜済生会〜龍ケ崎市駅"
新利根公民館,関東鉄道（株）,江戸崎〜新利根体育館〜済生会〜龍ケ崎市駅
下幡木,神栖市,系統2　息栖神社〜ふれあいセンター湯楽々
竜ケ崎自動車教習所前,関東鉄道（株）,"江戸崎〜角崎〜竜ケ崎駅〜龍ケ崎市駅, 竜ケ崎駅〜龍ケ崎市駅東口前〜光風台団地入口〜取手駅東口"
平泉関下,神栖市,"系統1　平泉関下〜小見川駅, 系統2　息栖神社〜ふれあいセンター湯楽々, 系統3　鹿島神宮駅〜小見川駅"
新橋,稲敷市,あずまコミバス　水ルート
本郷四丁目,取手市,北部ルート
寺田西［フジボウル前］,取手市,"西部ルート, 北部ルート"
寺原駅入口,取手市,北部ルート
六ツ谷橋,龍ケ崎市,06佐貫・川原代線
江戸川学園取手小学校前,関東鉄道（株）,取手駅西口〜取手中央タウン〜取手スポーツセンター〜戸頭駅
出し山,龍ケ崎市,"03長戸・白羽線, 05八原線, 00循環ルート"
撞舞通り西,龍ケ崎市,04大宮線
柴崎寄居,関東鉄道（株）,"江戸崎〜角崎〜竜ケ崎駅〜龍ケ崎市駅, 江戸崎〜新利根体育館〜済生会〜龍ケ崎市駅"
寺原公民館前,取手市,"中央循環東ルート, 北部ルート"
深芝新田,関東鉄道（株）,"鹿島神宮〜日川〜銚子駅（利根川線）, 鹿島神宮〜済生会〜銚子駅（海岸線）, 鹿島神宮〜済生会〜土合鹿石, 鹿島神宮〜セントラル〜済生会病院, 【MIX】鹿島神宮駅〜海水浴場〜銚子駅（海岸線）"
平泉上谷原,神栖市,"系統1　平泉関下〜小見川駅, 系統2　息栖神社〜ふれあいセンター湯楽々, 系統3　鹿島神宮駅〜小見川駅"
橋向,稲敷市,あずまコミバス　水ルート
新利根体育館,関東鉄道（株）,江戸崎〜新利根体育館〜済生会〜龍ケ崎市駅
六郷,関東鉄道（株）,竜ケ崎駅〜龍ケ崎市駅東口前〜光風台団地入口〜取手駅東口
清久島,稲敷市,あずまコミバス　水ルート
夢とりで,取手市,"中央循環東ルート, 東南部ルート, 東北部ルート"
六ツ谷,関東鉄道（株）,"江戸崎〜角崎〜竜ケ崎駅〜龍ケ崎市駅, 竜ケ崎駅〜龍ケ崎市駅東口前〜光風台団地入口〜取手駅東口"
六ツ谷,龍ケ崎市,06佐貫・川原代線
市役所入口（取手）,関東鉄道（株）,"守谷駅東口〜けやき通り中央〜谷井田〜取手駅西口【郷沼】, 取手駅西口〜谷井田〜豊体〜筑波ゴルフ場〜谷田部車庫, 取手駅西口〜谷井田〜豊体〜みらい平駅〜谷田部車庫, 取手駅西口〜山王局前〜谷井田〜豊体"
市役所入口［取手市］,取手市,"中央循環西ルート, 北部ルート"
市役所［龍ケ崎市］,龍ケ崎市,"02長山・松葉線, 03長戸・白羽線, 04大宮線, 05八原線, 06佐貫・川原代線, シャトルバス, 00循環ルート"
四ツ谷,稲敷市,"あずまコミバス　水ルート, あずまコミバス　通学快速"
池袋,取手市,中央循環西ルート
取手市役所,取手市,"西部ルート, 中央循環西ルート, 中央循環東ルート, 北部ルート"
本郷二丁目,取手市,"中央循環西ルート, 中央循環東ルート, 北部ルート"
中田橋南,取手市,東南部ルート
ゆりのき公園前,取手市,中央循環東ルート
宮和田新田,関東鉄道（株）,"藤代駅南口〜藤代桜が丘, 藤代駅南口〜藤代ゴルフ〜藤代桜が丘, 藤代駅南口〜藤代桜が丘〜桜が丘小学校, 桜が丘小学校〜藤代桜が丘〜藤代ゴルフ〜藤代駅南口"
般若院,龍ケ崎市,04大宮線
中山,関東鉄道（株）,"江戸崎〜角崎〜竜ケ崎駅〜龍ケ崎市駅, 江戸崎〜新利根体育館〜済生会〜龍ケ崎市駅"
曲渕,稲敷市,"あずまコミバス　水ルート, あずまコミバス　通学快速"
緑町,龍ケ崎市,00循環ルート
寺原小前,取手市,中央循環西ルート
JAとりで総合医療センター,関東鉄道（株）,"取手駅西口〜井野台〜JAとりで総合医療センター, 取手駅東口〜井野団地〜JAとりで総合医療センター"
JAとりで総合医療センター,取手市,"中央循環西ルート, 中央循環東ルート, 東南部ルート, 東北部ルート, 北部ルート"
東郵便局,稲敷市,"あずまコミバス　水ルート, あずまコミバス　通学快速"
取手アジアゴルフ場,関東鉄道（株）,取手駅西口〜取手中央タウン〜取手スポーツセンター〜戸頭駅
深芝南,関東鉄道（株）,"鹿島神宮〜日川〜銚子駅（利根川線）, 鹿島神宮〜済生会〜銚子駅（海岸線）, 鹿島神宮〜済生会〜土合鹿石, 鹿島神宮〜セントラル〜済生会病院, 【MIX】鹿島神宮駅〜海水浴場〜銚子駅（海岸線）"
深芝南,神栖市,系統2　息栖神社〜ふれあいセンター湯楽々
曽根辺田,関東鉄道（株）,"江戸崎〜角崎〜竜ケ崎駅〜龍ケ崎市駅, 江戸崎〜新利根体育館〜済生会〜龍ケ崎市駅"
姫宮,関東鉄道（株）,"江戸崎〜角崎〜竜ケ崎駅〜龍ケ崎市駅, 竜ケ崎駅〜龍ケ崎市駅東口前〜光風台団地入口〜取手駅東口"
川原代姫宮,龍ケ崎市,06佐貫・川原代線
寺田,関東鉄道（株）,"守谷駅東口〜けやき通り中央〜谷井田〜取手駅西口【郷沼】, 取手駅西口〜谷井田〜豊体〜筑波ゴルフ場〜谷田部車庫, 取手駅西口〜谷井田〜豊体〜みらい平駅〜谷田部車庫, 取手駅西口〜山王局前〜谷井田〜豊体"
西取手駅前,取手市,中央循環東ルート
光風台団地,関東鉄道（株）,光風台団地〜取手駅東口
光風台団地,取手市,東南部ルート
根町,龍ケ崎市,04大宮線
清水新田,稲敷市,あずまコミバス　水ルート
光風台団地入口,関東鉄道（株）,"光風台団地〜取手駅東口, 竜ケ崎駅〜龍ケ崎市駅東口前〜光風台団地入口〜取手駅東口"
柴崎,関東鉄道（株）,"江戸崎〜角崎〜竜ケ崎駅〜龍ケ崎市駅, 江戸崎〜新利根体育館〜済生会〜龍ケ崎市駅"
西取手駅入口,取手市,中央循環東ルート
稲,取手市,中央循環西ルート
角崎坂下,関東鉄道（株）,"江戸崎〜角崎〜竜ケ崎駅〜龍ケ崎市駅, 江戸崎〜新利根体育館〜済生会〜龍ケ崎市駅"
竜ケ崎駅［関鉄］,関東鉄道（株）,"江戸崎〜角崎〜竜ケ崎駅〜龍ケ崎市駅, 竜ケ崎駅〜龍ケ崎市駅東口前〜光風台団地入口〜取手駅東口"
五郎台南,神栖市,"系統1　平泉関下〜小見川駅, 系統3　鹿島神宮駅〜小見川駅"
竜ヶ崎駅,龍ケ崎市,"01南が丘・長沖線, 02長山・松葉線, 03長戸・白羽線, 04大宮線, 05八原線, 06佐貫・川原代線, シャトルバス, 00循環ルート"
竜ケ崎駅,河内町,河内町コミュニティバス
北中原（キリンビール前）,関東鉄道（株）,"取手駅西口〜井野台〜JAとりで総合医療センター, 取手駅東口〜井野団地〜JAとりで総合医療センター"
馴馬入口,関東鉄道（株）,"江戸崎〜角崎〜竜ケ崎駅〜龍ケ崎市駅, 竜ケ崎駅〜龍ケ崎市駅東口前〜光風台団地入口〜取手駅東口"
上米,龍ケ崎市,02長山・松葉線
取手郵便局前,取手市,中央循環西ルート
中田,取手市,東南部ルート
本郷一丁目,取手市,中央循環西ルート
キリンビール前,取手市,"中央循環西ルート, 東南部ルート"
警察署前,龍ケ崎市,00循環ルート
ひかりの里,取手市,中央循環東ルート
南中学校,関東鉄道（株）,"藤代駅南口〜藤代桜が丘, 藤代駅南口〜藤代ゴルフ〜藤代桜が丘, 藤代駅南口〜藤代桜が丘〜桜が丘小学校, 桜が丘小学校〜藤代桜が丘〜藤代ゴルフ〜藤代駅南口"
桜が丘一丁目東,取手市,"東南部ルート, 東北部ルート"
川原代道仙田,龍ケ崎市,06佐貫・川原代線
横町,龍ケ崎市,04大宮線
米町,龍ケ崎市,00循環ルート
桑原中央,取手市,中央循環東ルート
白山八丁目,関東鉄道（株）,"守谷駅東口〜けやき通り中央〜谷井田〜取手駅西口【郷沼】, 取手駅西口〜谷井田〜豊体〜筑波ゴルフ場〜谷田部車庫, 取手駅西口〜谷井田〜豊体〜みらい平駅〜谷田部車庫, 取手駅西口〜山王局前〜谷井田〜豊体"
白山八丁目,取手市,"中央循環西ルート, 中央循環東ルート"
団地中央,取手市,東南部ルート
稲観音堂,取手市,中央循環西ルート
桜が丘西,関東鉄道（株）,"藤代駅南口〜藤代桜が丘, 藤代駅南口〜藤代ゴルフ〜藤代桜が丘, 藤代駅南口〜藤代桜が丘〜桜が丘小学校, 桜が丘小学校〜藤代桜が丘〜藤代ゴルフ〜藤代駅南口"
城南ショッピングセンター,龍ケ崎市,00循環ルート
新町（龍ヶ崎）,関東鉄道（株）,江戸崎〜角崎〜竜ケ崎駅〜龍ケ崎市駅
新町,龍ケ崎市,00循環ルート
キヤノン前（取手）,関東鉄道（株）,"守谷駅東口〜けやき通り中央〜谷井田〜取手駅西口【郷沼】, 取手駅西口〜谷井田〜豊体〜筑波ゴルフ場〜谷田部車庫, 取手駅西口〜谷井田〜豊体〜みらい平駅〜谷田部車庫, 取手駅西口〜山王局前〜谷井田〜豊体"
余津谷,稲敷市,あずまコミバス　水ルート
商工会前,龍ケ崎市,04大宮線
桜が丘一丁目中央,取手市,東北部ルート
にぎわい広場,龍ケ崎市,00循環ルート
新利根小学校前,関東鉄道（株）,"江戸崎〜角崎〜竜ケ崎駅〜龍ケ崎市駅, 江戸崎〜新利根体育館〜済生会〜龍ケ崎市駅"
姫宮西,龍ケ崎市,01南が丘・長沖線
井野台,関東鉄道（株）,取手駅西口〜井野台〜JAとりで総合医療センター
井野台,取手市,"中央循環西ルート, 東南部ルート"
稲地蔵堂,取手市,中央循環西ルート
上町辻,関東鉄道（株）,江戸崎〜角崎〜竜ケ崎駅〜龍ケ崎市駅
上町辻,龍ケ崎市,00循環ルート
水門東,龍ケ崎市,01南が丘・長沖線
平泉,関東鉄道（株）,"鹿島神宮〜日川〜銚子駅（利根川線）, 鹿島神宮〜済生会〜銚子駅（海岸線）, 鹿島神宮〜済生会〜土合鹿石, 鹿島神宮〜セントラル〜済生会病院, 【MIX】鹿島神宮駅〜海水浴場〜銚子駅（海岸線）"
平泉,神栖市,系統2　息栖神社〜ふれあいセンター湯楽々
竜ヶ崎二高入口,龍ケ崎市,00循環ルート
竜ケ崎二高入口,河内町,河内町コミュニティバス
竜ケ崎二高入口,関東鉄道（株）,江戸崎〜角崎〜竜ケ崎駅〜龍ケ崎市駅
白山公民館前,取手市,"中央循環西ルート, 中央循環東ルート"
百井戸橋,取手市,東南部ルート
新町南,龍ケ崎市,01南が丘・長沖線
姫宮東,龍ケ崎市,01南が丘・長沖線
観音前,関東鉄道（株）,江戸崎〜角崎〜竜ケ崎駅〜龍ケ崎市駅
観音前,龍ケ崎市,00循環ルート
総合福祉センター,龍ケ崎市,"01南が丘・長沖線, 06佐貫・川原代線, シャトルバス"
光風台三丁目,取手市,東南部ルート
光明寺,取手市,中央循環東ルート
競輪場入口,関東鉄道（株）,"守谷駅東口〜けやき通り中央〜谷井田〜取手駅西口【郷沼】, 取手駅西口〜谷井田〜豊体〜筑波ゴルフ場〜谷田部車庫, 取手駅西口〜谷井田〜豊体〜みらい平駅〜谷田部車庫, 取手駅西口〜山王局前〜谷井田〜豊体"
下町下,関東鉄道（株）,江戸崎〜角崎〜竜ケ崎駅〜龍ケ崎市駅
桜が丘一丁目,関東鉄道（株）,"藤代駅南口〜藤代桜が丘, 藤代駅南口〜藤代ゴルフ〜藤代桜が丘, 藤代駅南口〜藤代桜が丘〜桜が丘小学校, 桜が丘小学校〜藤代桜が丘〜藤代ゴルフ〜藤代駅南口"
姫宮南,龍ケ崎市,01南が丘・長沖線
江戸川学園前,取手市,中央循環西ルート
高橋,取手市,東南部ルート
桜が丘二丁目東,取手市,"東南部ルート, 東北部ルート"
江戸川学園正門,関東鉄道（株）,"守谷駅西口〜（直行）〜江戸川学園正門, 取手駅西口〜取手中央タウン〜取手スポーツセンター〜戸頭駅"
賀児童公園前,神栖市,系統2　息栖神社〜ふれあいセンター湯楽々
平泉東,神栖市,"系統1　平泉関下〜小見川駅, 系統3　鹿島神宮駅〜小見川駅"
栄町,龍ケ崎市,"01南が丘・長沖線, 04大宮線"
砂町西,龍ケ崎市,"04大宮線, 00循環ルート"
桜が丘小学校,関東鉄道（株）,"藤代駅南口〜藤代桜が丘〜桜が丘小学校, 桜が丘小学校〜藤代桜が丘〜藤代ゴルフ〜藤代駅南口"
取手中央タウン西,関東鉄道（株）,取手駅西口〜取手中央タウン〜取手スポーツセンター〜戸頭駅
取手桜が丘ゴルフクラブ,関東鉄道（株）,"藤代駅南口〜藤代ゴルフ〜藤代桜が丘, 桜が丘小学校〜藤代桜が丘〜藤代ゴルフ〜藤代駅南口"
桜が丘二丁目中央,取手市,東北部ルート
井野台公園,取手市,"小堀ルート, 中央循環西ルート"
桜が丘二丁目,関東鉄道（株）,"藤代駅南口〜藤代桜が丘, 藤代駅南口〜藤代ゴルフ〜藤代桜が丘, 藤代駅南口〜藤代桜が丘〜桜が丘小学校, 桜が丘小学校〜藤代桜が丘〜藤代ゴルフ〜藤代駅南口"
取手中央タウン,関東鉄道（株）,"取手駅西口〜取手中央タウン〜江戸川学園, 取手駅西口〜取手中央タウン〜取手スポーツセンター〜戸頭駅"
取手中央タウン,取手市,中央循環西ルート
息栖小学校前,関東鉄道（株）,"鹿島神宮〜日川〜銚子駅（利根川線）, 鹿島神宮〜済生会〜銚子駅（海岸線）, 鹿島神宮〜済生会〜土合鹿石, 鹿島神宮〜セントラル〜済生会病院, 【MIX】鹿島神宮駅〜海水浴場〜銚子駅（海岸線）"
息栖小学校前,神栖市,系統2　息栖神社〜ふれあいセンター湯楽々
南中原,取手市,中央循環東ルート
中央タウン西,取手市,中央循環西ルート
城南中学校入口,関東鉄道（株）,江戸崎〜角崎〜竜ケ崎駅〜龍ケ崎市駅
城南中学校入口,龍ケ崎市,"04大宮線, 00循環ルート"
東取手病院前,関東鉄道（株）,"光風台団地〜取手駅東口, 竜ケ崎駅〜龍ケ崎市駅東口前〜光風台団地入口〜取手駅東口"
競輪場下,取手市,中央循環西ルート
戸張,関東鉄道（株）,江戸崎〜角崎〜竜ケ崎駅〜龍ケ崎市駅
戸張,龍ケ崎市,00循環ルート
十三間戸,河内町,河内町コミュニティバス
西小学校前,龍ケ崎市,01南が丘・長沖線
南中原,関東鉄道（株）,"守谷駅東口〜けやき通り中央〜谷井田〜取手駅西口【郷沼】, 取手駅西口〜谷井田〜豊体〜筑波ゴルフ場〜谷田部車庫, 取手駅西口〜谷井田〜豊体〜みらい平駅〜谷田部車庫, 取手駅西口〜井野台〜JAとりで総合医療センター, 取手駅西口〜山王局前〜谷井田〜豊体"
砂町,関東鉄道（株）,江戸崎〜角崎〜竜ケ崎駅〜龍ケ崎市駅
砂町,龍ケ崎市,"04大宮線, 00循環ルート"
桜が丘中央,関東鉄道（株）,"藤代駅南口〜藤代桜が丘, 藤代駅南口〜藤代ゴルフ〜藤代桜が丘, 藤代駅南口〜藤代桜が丘〜桜が丘小学校, 桜が丘小学校〜藤代桜が丘〜藤代ゴルフ〜藤代駅南口"
前新田,龍ケ崎市,01南が丘・長沖線
神栖第二中学校前,神栖市,"系統1　平泉関下〜小見川駅, 系統3　鹿島神宮駅〜小見川駅"
城南橋,龍ケ崎市,04大宮線
高砂橋,龍ケ崎市,"01南が丘・長沖線, 04大宮線"
江戸川学園,関東鉄道（株）,"取手駅西口〜取手中央タウン〜江戸川学園, 取手駅西口〜江戸川学園【スクール】"
井野二丁目三叉路,取手市,中央循環東ルート
双葉幼稚園,関東鉄道（株）,取手駅西口〜取手中央タウン〜江戸川学園
双葉幼稚園,取手市,中央循環西ルート
井野下踏切,取手市,"小堀ルート, 中央循環西ルート"
西コミュニティセンター前,龍ケ崎市,01南が丘・長沖線
桜が丘三丁目東,関東鉄道（株）,"藤代駅南口〜藤代桜が丘〜桜が丘小学校, 桜が丘小学校〜藤代桜が丘〜藤代ゴルフ〜藤代駅南口"
桜が丘三丁目東,取手市,"東南部ルート, 東北部ルート"
道仙田,龍ケ崎市,01南が丘・長沖線
上大徳,龍ケ崎市,04大宮線
桜が丘三丁目中央,取手市,東北部ルート
新町六丁目中央,取手市,中央循環西ルート
桜が丘三丁目,関東鉄道（株）,"藤代駅南口〜藤代桜が丘, 藤代駅南口〜藤代ゴルフ〜藤代桜が丘, 藤代駅南口〜藤代桜が丘〜桜が丘小学校, 桜が丘小学校〜藤代桜が丘〜藤代ゴルフ〜藤代駅南口"
鹿島セントラルホテル,関東鉄道（株）,"鹿島神宮〜日川〜銚子駅（利根川線）, 鹿島神宮〜済生会〜銚子駅（海岸線）, 鹿島神宮〜済生会〜土合鹿石, 鹿島神宮〜セントラル〜済生会病院, 【MIX】鹿島神宮駅〜海水浴場〜銚子駅（海岸線）"
鹿島セントラルホテル,神栖市,"系統1　平泉関下〜小見川駅, 系統2　息栖神社〜ふれあいセンター湯楽々, 系統3　鹿島神宮駅〜小見川駅"
井野一丁目,取手市,"小堀ルート, 中央循環西ルート"
新町六丁目,関東鉄道（株）,"取手駅西口〜取手中央タウン〜江戸川学園, 取手駅西口〜取手中央タウン〜取手スポーツセンター〜戸頭駅"
団地二丁目,関東鉄道（株）,"取手駅東口〜井野団地〜取手駅東口, ショッピングセンター〜井野団地〜取手駅東口, 取手駅東口〜井野団地, 取手駅東口〜井野団地〜JAとりで総合医療センター"
桜が丘四丁目東,関東鉄道（株）,"藤代駅南口〜藤代桜が丘〜桜が丘小学校, 桜が丘小学校〜藤代桜が丘〜藤代ゴルフ〜藤代駅南口"
桜が丘四丁目東,取手市,"東南部ルート, 東北部ルート"
新町五丁目中央,取手市,中央循環西ルート
高砂,龍ケ崎市,04大宮線
白十字総合病院,神栖市,"系統2　息栖神社〜ふれあいセンター湯楽々, 系統3　鹿島神宮駅〜小見川駅"
公民館前,関東鉄道（株）,"取手駅東口〜井野団地〜取手駅東口, ショッピングセンター〜井野団地〜取手駅東口, 取手駅東口〜井野団地, 取手駅東口〜井野団地〜JAとりで総合医療センター"
井野公民館前,取手市,中央循環東ルート
取手ウェルネスプラザ,取手市,"小堀ルート, 中央循環西ルート, 中央循環東ルート, 東南部ルート"
宮前,龍ケ崎市,04大宮線
青柳,関東鉄道（株）,"光風台団地〜取手駅東口, 竜ケ崎駅〜龍ケ崎市駅東口前〜光風台団地入口〜取手駅東口"
白山前,関東鉄道（株）,"守谷駅東口〜けやき通り中央〜谷井田〜取手駅西口【郷沼】, 取手駅西口〜谷井田〜豊体〜筑波ゴルフ場〜谷田部車庫, 取手駅西口〜谷井田〜豊体〜みらい平駅〜谷田部車庫, 取手駅西口〜井野台〜JAとりで総合医療センター, 取手駅西口〜山王局前〜谷井田〜豊体"
平川,河内町,河内町コミュニティバス
大野原西,関東鉄道（株）,"鹿島神宮〜日川〜銚子駅（利根川線）, 鹿島神宮〜済生会〜銚子駅（海岸線）, 鹿島神宮〜済生会〜土合鹿石, 鹿島神宮〜セントラル〜済生会病院, 【MIX】鹿島神宮駅〜海水浴場〜銚子駅（海岸線）"
大野原西,神栖市,系統2　息栖神社〜ふれあいセンター湯楽々
ショッピングセンター（井野団地）,関東鉄道（株）,"取手駅東口〜井野団地〜取手駅東口, ショッピングセンター〜井野団地〜取手駅東口, 取手駅東口〜井野団地"
息栖原,神栖市,系統1　平泉関下〜小見川駅
桜が丘四丁目,関東鉄道（株）,"藤代駅南口〜藤代桜が丘, 藤代駅南口〜藤代ゴルフ〜藤代桜が丘, 藤代駅南口〜藤代桜が丘〜桜が丘小学校, 桜が丘小学校〜藤代桜が丘〜藤代ゴルフ〜藤代駅南口"
新町四丁目,関東鉄道（株）,"取手駅西口〜取手中央タウン〜江戸川学園, 取手駅西口〜取手中央タウン〜取手スポーツセンター〜戸頭駅"
新町四丁目,取手市,中央循環西ルート
桜が丘四丁目中央,取手市,東北部ルート
井野団地三丁目,取手市,中央循環東ルート
取手駅西口,関東鉄道（株）,"守谷駅東口〜けやき通り中央〜谷井田〜取手駅西口【郷沼】, 取手駅西口〜谷井田〜豊体〜筑波ゴルフ場〜谷田部車庫, 取手駅西口〜谷井田〜豊体〜みらい平駅〜谷田部車庫, 取手駅西口〜取手中央タウン〜江戸川学園, 取手駅西口〜江戸川学園【スクール】, 取手駅西口〜井野台〜JAとりで総合医療センター, 取手駅西口〜取手中央タウン〜取手スポーツセンター〜戸頭駅, 取手駅西口〜山王局前〜谷井田〜豊体"
井野団地,関東鉄道（株）,"取手駅東口〜井野団地〜取手駅東口, ショッピングセンター〜井野団地〜取手駅東口, 取手駅東口〜井野団地, 取手駅東口〜井野団地〜JAとりで総合医療センター"
神栖中央公園西,関東鉄道（株）,"鹿島神宮〜日川〜銚子駅（利根川線）, 鹿島神宮〜済生会〜銚子駅（海岸線）, 鹿島神宮〜済生会〜土合鹿石, 鹿島神宮〜セントラル〜済生会病院, 【MIX】鹿島神宮駅〜海水浴場〜銚子駅（海岸線）"
神栖中央公園西,神栖市,系統2　息栖神社〜ふれあいセンター湯楽々
雇用促進住宅,取手市,中央循環東ルート
桜が丘四丁目南,関東鉄道（株）,"藤代駅南口〜藤代桜が丘, 藤代駅南口〜藤代ゴルフ〜藤代桜が丘, 藤代駅南口〜藤代桜が丘〜桜が丘小学校, 桜が丘小学校〜藤代桜が丘〜藤代ゴルフ〜藤代駅南口"
桜が丘,取手市,"東南部ルート, 東北部ルート"
関,龍ケ崎市,04大宮線
藤代桜が丘,関東鉄道（株）,"藤代駅南口〜藤代桜が丘, 藤代駅南口〜藤代ゴルフ〜藤代桜が丘, 藤代駅南口〜藤代桜が丘〜桜が丘小学校, 桜が丘小学校〜藤代桜が丘〜藤代ゴルフ〜藤代駅南口"
取手駅東口,関東鉄道（株）,"取手駅東口〜井野団地〜取手駅東口, ショッピングセンター〜井野団地〜取手駅東口, 取手駅東口〜井野団地, 取手駅東口〜井野団地〜JAとりで総合医療センター, 光風台団地〜取手駅東口, 竜ケ崎駅〜龍ケ崎市駅東口前〜光風台団地入口〜取手駅東口"
取手駅東口,取手市,"小堀ルート, 中央循環西ルート, 中央循環東ルート, 東南部ルート"
取手駅,大利根交通自動車（株）,"取手駅　⇔　北方車庫, 取手駅　⇔　北方車庫（東京藝術大学経由）, 取手駅　⇔　もえぎ野台, 取手駅　⇔　もえぎ野台（東京藝術大学経由）, 取手駅　→　もえぎ野台＝羽黒経由, 取手駅　⇔　立崎, 取手駅　⇔　利根ニュータウン, 利根ニュータウン　→　取手駅（東京藝術大学経由）"
アトンパレスホテル,関東鉄道（株）,"鹿島神宮〜日川〜銚子駅（利根川線）, 鹿島神宮〜済生会〜銚子駅（海岸線）, 鹿島神宮〜済生会〜土合鹿石, 鹿島神宮〜セントラル〜済生会病院, 【MIX】鹿島神宮駅〜海水浴場〜銚子駅（海岸線）"
アトンパレスホテル,神栖市,系統2　息栖神社〜ふれあいセンター湯楽々
ふれあいセンター湯楽々,神栖市,系統2　息栖神社〜ふれあいセンター湯楽々
本願寺,取手市,中央循環東ルート
台宿コミュニティセンター,取手市,中央循環東ルート
細内,関東鉄道（株）,"光風台団地〜取手駅東口, 竜ケ崎駅〜龍ケ崎市駅東口前〜光風台団地入口〜取手駅東口"
上宮渕,龍ケ崎市,04大宮線
秋山医院前,河内町,河内町コミュニティバス
梶内,龍ケ崎市,04大宮線
八重洲団地,関東鉄道（株）,"取手駅東口〜井野団地〜取手駅東口, ショッピングセンター〜井野団地〜取手駅東口, 取手駅東口〜井野団地, 取手駅東口〜井野団地〜JAとりで総合医療センター"
八重洲団地,取手市,東南部ルート
台宿坂上,関東鉄道（株）,"取手駅東口〜井野団地〜取手駅東口, ショッピングセンター〜井野団地〜取手駅東口, 取手駅東口〜井野団地, 取手駅東口〜井野団地〜JAとりで総合医療センター"
台宿坂上,取手市,東南部ルート
木崎,関東鉄道（株）,"鹿島神宮〜日川〜銚子駅（利根川線）, 鹿島神宮〜済生会〜銚子駅（海岸線）, 鹿島神宮〜済生会〜土合鹿石, 鹿島神宮〜セントラル〜済生会病院, 【MIX】鹿島神宮駅〜海水浴場〜銚子駅（海岸線）"
木崎,神栖市,系統2　息栖神社〜ふれあいセンター湯楽々
根柄台,関東鉄道（株）,"取手駅東口〜井野団地〜取手駅東口, ショッピングセンター〜井野団地〜取手駅東口, 取手駅東口〜井野団地, 取手駅東口〜井野団地〜JAとりで総合医療センター"
根柄台,取手市,東南部ルート
北文間,龍ケ崎市,01南が丘・長沖線
大宮コミュニティセンター,龍ケ崎市,04大宮線
ヤオコー前,取手市,"中央循環東ルート, 東南部ルート"
宮渕,河内町,河内町コミュニティバス
取手東小入口,取手市,"小堀ルート, 中央循環東ルート, 東南部ルート"
取手一中前,取手市,"小堀ルート, 中央循環東ルート, 東南部ルート"
青柳南,関東鉄道（株）,"光風台団地〜取手駅東口, 竜ケ崎駅〜龍ケ崎市駅東口前〜光風台団地入口〜取手駅東口"
青柳南,取手市,小堀ルート
仲町（取手）,関東鉄道（株）,"光風台団地〜取手駅東口, 竜ケ崎駅〜龍ケ崎市駅東口前〜光風台団地入口〜取手駅東口"
仲町,取手市,小堀ルート
仲町,大利根交通自動車（株）,"取手駅　⇔　北方車庫, 取手駅　⇔　北方車庫（東京藝術大学経由）, 取手駅　⇔　もえぎ野台, 取手駅　⇔　もえぎ野台（東京藝術大学経由）, 取手駅　→　もえぎ野台＝羽黒経由, 取手駅　⇔　立崎, 取手駅　⇔　利根ニュータウン, 利根ニュータウン　→　取手駅（東京藝術大学経由）"
軽野東小学校前,神栖市,系統2　息栖神社〜ふれあいセンター湯楽々
豊田,龍ケ崎市,01南が丘・長沖線
下金江津,河内町,河内町コミュニティバス
大利根団地前,取手市,東南部ルート
大野原中央,神栖市,系統1　平泉関下〜小見川駅
山王台住宅下,取手市,東南部ルート
市民会館入口,関東鉄道（株）,"光風台団地〜取手駅東口, 竜ケ崎駅〜龍ケ崎市駅東口前〜光風台団地入口〜取手駅東口"
市民会館入口,取手市,小堀ルート
市民会館入口,大利根交通自動車（株）,"取手駅　⇔　北方車庫, 取手駅　⇔　北方車庫（東京藝術大学経由）, 取手駅　⇔　もえぎ野台, 取手駅　⇔　もえぎ野台（東京藝術大学経由）, 取手駅　→　もえぎ野台＝羽黒経由, 取手駅　⇔　立崎, 取手駅　⇔　利根ニュータウン, 利根ニュータウン　→　取手駅（東京藝術大学経由）"
城根,取手市,東南部ルート
城根,大利根交通自動車（株）,"取手駅　⇔　北方車庫, 取手駅　⇔　北方車庫（東京藝術大学経由）, 取手駅　⇔　もえぎ野台, 取手駅　⇔　もえぎ野台（東京藝術大学経由）, 取手駅　→　もえぎ野台＝羽黒経由, 取手駅　⇔　立崎, 取手駅　⇔　利根ニュータウン, 利根ニュータウン　→　取手駅（東京藝術大学経由）"
かたらいの郷,取手市,"小堀ルート, 中央循環東ルート, 東南部ルート"
神栖市役所前,関東鉄道（株）,"鹿島神宮〜日川〜銚子駅（利根川線）, 鹿島神宮〜済生会〜銚子駅（海岸線）, 鹿島神宮〜済生会〜土合鹿石, 鹿島神宮〜セントラル〜済生会病院, 【MIX】鹿島神宮駅〜海水浴場〜銚子駅（海岸線）"
神栖市役所前,神栖市,系統2　息栖神社〜ふれあいセンター湯楽々
新道,関東鉄道（株）,"光風台団地〜取手駅東口, 竜ケ崎駅〜龍ケ崎市駅東口前〜光風台団地入口〜取手駅東口"
新道,取手市,小堀ルート
新道,大利根交通自動車（株）,"取手駅　⇔　北方車庫, 取手駅　⇔　北方車庫（東京藝術大学経由）, 取手駅　⇔　もえぎ野台, 取手駅　⇔　もえぎ野台（東京藝術大学経由）, 取手駅　→　もえぎ野台＝羽黒経由, 取手駅　⇔　立崎, 取手駅　⇔　利根ニュータウン, 利根ニュータウン　→　取手駅（東京藝術大学経由）"
下佐沼,龍ケ崎市,04大宮線
馬坂,大利根交通自動車（株）,"取手駅　⇔　北方車庫, 取手駅　⇔　北方車庫（東京藝術大学経由）, 取手駅　⇔　もえぎ野台, 取手駅　⇔　もえぎ野台（東京藝術大学経由）, 取手駅　→　もえぎ野台＝羽黒経由, 取手駅　⇔　立崎, 取手駅　⇔　利根ニュータウン, 利根ニュータウン　→　取手駅（東京藝術大学経由）"
幸谷入口,河内町,河内町コミュニティバス
東三丁目,関東鉄道（株）,"光風台団地〜取手駅東口, 竜ケ崎駅〜龍ケ崎市駅東口前〜光風台団地入口〜取手駅東口"
東三丁目,取手市,小堀ルート
東三丁目,大利根交通自動車（株）,"取手駅　⇔　北方車庫, 取手駅　⇔　北方車庫（東京藝術大学経由）, 取手駅　⇔　もえぎ野台, 取手駅　⇔　もえぎ野台（東京藝術大学経由）, 取手駅　→　もえぎ野台＝羽黒経由, 取手駅　⇔　立崎, 取手駅　⇔　利根ニュータウン, 利根ニュータウン　→　取手駅（東京藝術大学経由）"
大圦橋,取手市,東南部ルート
長町住宅,大利根交通自動車（株）,"取手駅　⇔　北方車庫, 取手駅　⇔　北方車庫（東京藝術大学経由）, 取手駅　⇔　もえぎ野台, 取手駅　⇔　もえぎ野台（東京藝術大学経由）, 取手駅　→　もえぎ野台＝羽黒経由, 取手駅　⇔　立崎, 取手駅　⇔　利根ニュータウン, 利根ニュータウン　→　取手駅（東京藝術大学経由）"
片町,関東鉄道（株）,"光風台団地〜取手駅東口, 竜ケ崎駅〜龍ケ崎市駅東口前〜光風台団地入口〜取手駅東口"
片町,取手市,小堀ルート
片町,大利根交通自動車（株）,"取手駅　⇔　北方車庫, 取手駅　⇔　北方車庫（東京藝術大学経由）, 取手駅　⇔　もえぎ野台, 取手駅　⇔　もえぎ野台（東京藝術大学経由）, 取手駅　→　もえぎ野台＝羽黒経由, 取手駅　⇔　立崎, 取手駅　⇔　利根ニュータウン, 利根ニュータウン　→　取手駅（東京藝術大学経由）"
平石,取手市,東南部ルート
平石,大利根交通自動車（株）,"取手駅　⇔　北方車庫, 取手駅　⇔　北方車庫（東京藝術大学経由）, 取手駅　⇔　もえぎ野台, 取手駅　⇔　もえぎ野台（東京藝術大学経由）, 取手駅　→　もえぎ野台＝羽黒経由, 取手駅　⇔　立崎, 取手駅　⇔　利根ニュータウン, 利根ニュータウン　→　取手駅（東京藝術大学経由）"
神栖市文化センター前,関東鉄道（株）,"鹿島神宮〜日川〜銚子駅（利根川線）, 鹿島神宮〜済生会〜銚子駅（海岸線）, 鹿島神宮〜済生会〜土合鹿石, 鹿島神宮〜セントラル〜済生会病院, 【MIX】鹿島神宮駅〜海水浴場〜銚子駅（海岸線）"
神栖市文化センター前,神栖市,系統2　息栖神社〜ふれあいセンター湯楽々
吉田,大利根交通自動車（株）,"取手駅　⇔　北方車庫, 取手駅　⇔　北方車庫（東京藝術大学経由）, 取手駅　⇔　もえぎ野台, 取手駅　⇔　もえぎ野台（東京藝術大学経由）, 取手駅　→　もえぎ野台＝羽黒経由, 取手駅　⇔　立崎, 取手駅　⇔　利根ニュータウン, 利根ニュータウン　→　取手駅（東京藝術大学経由）"
中金江津,河内町,河内町コミュニティバス
知手北,神栖市,系統2　息栖神社〜ふれあいセンター湯楽々
妙行寺,龍ケ崎市,04大宮線
浄玄,河内町,河内町コミュニティバス
中妻,取手市,東南部ルート
中妻,大利根交通自動車（株）,"取手駅　⇔　北方車庫, 取手駅　⇔　北方車庫（東京藝術大学経由）, 取手駅　⇔　もえぎ野台, 取手駅　⇔　もえぎ野台（東京藝術大学経由）, 取手駅　→　もえぎ野台＝羽黒経由, 取手駅　⇔　立崎, 取手駅　⇔　利根ニュータウン, 利根ニュータウン　→　取手駅（東京藝術大学経由）"
金江津小入口,河内町,河内町コミュニティバス
千秋,龍ケ崎市,04大宮線
小文間公民館前,取手市,東南部ルート
小文間公民館前,大利根交通自動車（株）,"取手駅　⇔　北方車庫, 取手駅　⇔　北方車庫（東京藝術大学経由）, 取手駅　⇔　もえぎ野台, 取手駅　⇔　もえぎ野台（東京藝術大学経由）, 取手駅　→　もえぎ野台＝羽黒経由, 取手駅　⇔　立崎, 取手駅　⇔　利根ニュータウン, 利根ニュータウン　→　取手駅（東京藝術大学経由）"
上金江津,河内町,河内町コミュニティバス
息栖神社,神栖市,"系統2　息栖神社〜ふれあいセンター湯楽々, 系統3　鹿島神宮駅〜小見川駅"
金江津西,河内町,河内町コミュニティバス
東京芸大前,大利根交通自動車（株）,"取手駅　⇔　北方車庫, 取手駅　⇔　北方車庫（東京藝術大学経由）, 取手駅　⇔　もえぎ野台, 取手駅　⇔　もえぎ野台（東京藝術大学経由）, 取手駅　→　もえぎ野台＝羽黒経由, 取手駅　⇔　立崎, 取手駅　⇔　利根ニュータウン, 利根ニュータウン　→　取手駅（東京藝術大学経由）"
長竿農協前,河内町,河内町コミュニティバス
知手入口,関東鉄道（株）,"鹿島神宮〜済生会〜銚子駅（海岸線）, 鹿島神宮〜済生会〜土合鹿石, 【MIX】鹿島神宮駅〜海水浴場〜銚子駅（海岸線）"
知手入口,神栖市,系統2　息栖神社〜ふれあいセンター湯楽々
河内役場前,河内町,河内町コミュニティバス
長竿四ツ角,河内町,河内町コミュニティバス
東京芸術大学下,取手市,東南部ルート
上長竿,河内町,河内町コミュニティバス
北方,龍ケ崎市,01南が丘・長沖線
北方,大利根交通自動車（株）,"取手駅　⇔　もえぎ野台, 取手駅　⇔　もえぎ野台（東京藝術大学経由）, 取手駅　→　もえぎ野台＝羽黒経由, 取手駅　⇔　立崎"
北方中央,龍ケ崎市,01南が丘・長沖線
東北方,大利根交通自動車（株）,"取手駅　⇔　もえぎ野台, 取手駅　⇔　もえぎ野台（東京藝術大学経由）, 取手駅　→　もえぎ野台＝羽黒経由, 取手駅　⇔　立崎"
天神前,大利根交通自動車（株）,"取手駅　⇔　北方車庫, 取手駅　⇔　北方車庫（東京藝術大学経由）, 取手駅　⇔　もえぎ野台, 取手駅　⇔　もえぎ野台（東京藝術大学経由）, 取手駅　→　もえぎ野台＝羽黒経由, 取手駅　⇔　立崎, 取手駅　⇔　利根ニュータウン, 利根ニュータウン　→　取手駅（東京藝術大学経由）"
羽子騎入口,河内町,河内町コミュニティバス
掘割,河内町,河内町コミュニティバス
池ノ端,関東鉄道（株）,"鹿島神宮〜日川〜銚子駅（利根川線）, 鹿島神宮〜済生会〜銚子駅（海岸線）, 鹿島神宮〜済生会〜土合鹿石, 鹿島神宮〜セントラル〜済生会病院, 【MIX】鹿島神宮駅〜海水浴場〜銚子駅（海岸線）"
池ノ端,神栖市,系統2　息栖神社〜ふれあいセンター湯楽々
南が丘公園,龍ケ崎市,01南が丘・長沖線
中央公民館前［河内町］,河内町,河内町コミュニティバス
上源清田,河内町,河内町コミュニティバス
知手浜,関東鉄道（株）,"鹿島神宮〜済生会〜銚子駅（海岸線）, 鹿島神宮〜済生会〜土合鹿石, 【MIX】鹿島神宮駅〜海水浴場〜銚子駅（海岸線）"
竜ヶ崎南高前,龍ケ崎市,01南が丘・長沖線
知手東,関東鉄道（株）,"鹿島神宮〜済生会〜銚子駅（海岸線）, 鹿島神宮〜済生会〜土合鹿石, 【MIX】鹿島神宮駅〜海水浴場〜銚子駅（海岸線）"
知手東,神栖市,系統2　息栖神社〜ふれあいセンター湯楽々
二本松,河内町,河内町コミュニティバス
下源清田,河内町,河内町コミュニティバス
息栖稲荷,神栖市,系統1　平泉関下〜小見川駅
もえぎ野台入口,大利根交通自動車（株）,取手駅　⇔　立崎
東羽黒（羽黒経由）,大利根交通自動車（株）,取手駅　→　もえぎ野台＝羽黒経由
戸田井橋,大利根交通自動車（株）,"取手駅　⇔　北方車庫, 取手駅　⇔　北方車庫（東京藝術大学経由）, 取手駅　⇔　もえぎ野台, 取手駅　⇔　もえぎ野台（東京藝術大学経由）, 取手駅　→　もえぎ野台＝羽黒経由, 取手駅　⇔　立崎, 取手駅　⇔　利根ニュータウン, 利根ニュータウン　→　取手駅（東京藝術大学経由）"
戸田井［松陽高校入口］,取手市,東南部ルート
戸田井,大利根交通自動車（株）,"取手駅　⇔　北方車庫, 取手駅　⇔　北方車庫（東京藝術大学経由）, 取手駅　⇔　もえぎ野台, 取手駅　⇔　もえぎ野台（東京藝術大学経由）, 取手駅　→　もえぎ野台＝羽黒経由, 取手駅　⇔　立崎, 取手駅　⇔　利根ニュータウン, 利根ニュータウン　→　取手駅（東京藝術大学経由）"
日鉱団地西,取手市,東南部ルート
羽黒（羽黒経由）,大利根交通自動車（株）,取手駅　→　もえぎ野台＝羽黒経由
羽黒町,龍ケ崎市,01南が丘・長沖線
高入口,河内町,河内町コミュニティバス
奥山,大利根交通自動車（株）,取手駅　⇔　立崎
豊田町根柄,龍ケ崎市,01南が丘・長沖線
南が丘1丁目,龍ケ崎市,01南が丘・長沖線
羽根野,大利根交通自動車（株）,"取手駅　⇔　北方車庫, 取手駅　⇔　北方車庫（東京藝術大学経由）, 取手駅　⇔　もえぎ野台, 取手駅　⇔　もえぎ野台（東京藝術大学経由）, 取手駅　→　もえぎ野台＝羽黒経由, 取手駅　⇔　立崎, 取手駅　⇔　利根ニュータウン, 利根ニュータウン　→　取手駅（東京藝術大学経由）"
十里入口,河内町,河内町コミュニティバス
東京藝術大学,大利根交通自動車（株）,"取手駅　⇔　北方車庫（東京藝術大学経由）, 取手駅　⇔　もえぎ野台（東京藝術大学経由）, 利根ニュータウン　→　取手駅（東京藝術大学経由）"
下片巻,河内町,河内町コミュニティバス
南が丘6丁目,龍ケ崎市,01南が丘・長沖線
日鉱団地東,取手市,東南部ルート
押戸,大利根交通自動車（株）,取手駅　⇔　立崎
奥ノ谷,関東鉄道（株）,"鹿島神宮〜済生会〜銚子駅（海岸線）, 鹿島神宮〜済生会〜土合鹿石, 鹿島神宮〜セントラル〜済生会病院, 【MIX】鹿島神宮駅〜海水浴場〜銚子駅（海岸線）"
奥ノ谷,神栖市,系統2　息栖神社〜ふれあいセンター湯楽々
知手団地入口,関東鉄道（株）,"鹿島神宮〜済生会〜銚子駅（海岸線）, 鹿島神宮〜済生会〜土合鹿石, 鹿島神宮〜セントラル〜済生会病院, 【MIX】鹿島神宮駅〜海水浴場〜銚子駅（海岸線）"
知手団地入口,神栖市,系統2　息栖神社〜ふれあいセンター湯楽々
神之池,関東鉄道（株）,鹿島神宮〜日川〜銚子駅（利根川線）
小堀,取手市,小堀ルート
荒地,河内町,河内町コミュニティバス
北方車庫,大利根交通自動車（株）,"取手駅　⇔　北方車庫, 取手駅　⇔　北方車庫（東京藝術大学経由）, 取手駅　⇔　もえぎ野台, 取手駅　⇔　もえぎ野台（東京藝術大学経由）, 取手駅　⇔　立崎"
諏訪神社,大利根交通自動車（株）,"取手駅　⇔　北方車庫, 取手駅　⇔　北方車庫（東京藝術大学経由）, 取手駅　⇔　もえぎ野台, 取手駅　⇔　もえぎ野台（東京藝術大学経由）, 取手駅　⇔　立崎, 取手駅　⇔　利根ニュータウン, 利根ニュータウン　→　取手駅（東京藝術大学経由）"
もえぎ野台,大利根交通自動車（株）,"取手駅　⇔　もえぎ野台, 取手駅　⇔　もえぎ野台（東京藝術大学経由）, 取手駅　→　もえぎ野台＝羽黒経由, 取手駅　⇔　立崎"
突合せ,河内町,河内町コミュニティバス
大房四つ角,大利根交通自動車（株）,取手駅　⇔　立崎
羽根野台,大利根交通自動車（株）,"取手駅　⇔　北方車庫, 取手駅　⇔　北方車庫（東京藝術大学経由）, 取手駅　⇔　もえぎ野台, 取手駅　⇔　もえぎ野台（東京藝術大学経由）, 取手駅　⇔　立崎, 取手駅　⇔　利根ニュータウン, 利根ニュータウン　→　取手駅（東京藝術大学経由）"
中片巻,河内町,河内町コミュニティバス
公園前,大利根交通自動車（株）,"取手駅　⇔　北方車庫, 取手駅　⇔　北方車庫（東京藝術大学経由）, 取手駅　⇔　もえぎ野台, 取手駅　⇔　もえぎ野台（東京藝術大学経由）, 取手駅　⇔　立崎, 取手駅　⇔　利根ニュータウン, 利根ニュータウン　→　取手駅（東京藝術大学経由）"
柳川北,関東鉄道（株）,"鹿島神宮〜済生会〜銚子駅（海岸線）, 鹿島神宮〜済生会〜土合鹿石, 【MIX】鹿島神宮駅〜海水浴場〜銚子駅（海岸線）"
団地中央,大利根交通自動車（株）,"取手駅　⇔　北方車庫, 取手駅　⇔　北方車庫（東京藝術大学経由）, 取手駅　⇔　もえぎ野台, 取手駅　⇔　もえぎ野台（東京藝術大学経由）, 取手駅　⇔　立崎, 取手駅　⇔　利根ニュータウン, 利根ニュータウン　→　取手駅（東京藝術大学経由）"
前野団地,関東鉄道（株）,"鹿島神宮〜済生会〜銚子駅（海岸線）, 鹿島神宮〜済生会〜土合鹿石, 鹿島神宮〜セントラル〜済生会病院, 【MIX】鹿島神宮駅〜海水浴場〜銚子駅（海岸線）"
前野団地,神栖市,系統2　息栖神社〜ふれあいセンター湯楽々
もえぎ野台五丁目,大利根交通自動車（株）,"取手駅　⇔　もえぎ野台, 取手駅　⇔　もえぎ野台（東京藝術大学経由）, 取手駅　→　もえぎ野台＝羽黒経由, 取手駅　⇔　立崎"
旧道奥ノ谷,関東鉄道（株）,鹿島神宮〜日川〜銚子駅（利根川線）
知手西,関東鉄道（株）,"鹿島神宮〜済生会〜銚子駅（海岸線）, 鹿島神宮〜済生会〜土合鹿石, 鹿島神宮〜セントラル〜済生会病院, 【MIX】鹿島神宮駅〜海水浴場〜銚子駅（海岸線）"
知手西,神栖市,"系統2　息栖神社〜ふれあいセンター湯楽々, 系統4　神栖済生会病院〜下総橘駅"
早尾台,大利根交通自動車（株）,"取手駅　⇔　北方車庫, 取手駅　⇔　北方車庫（東京藝術大学経由）, 取手駅　⇔　もえぎ野台, 取手駅　⇔　もえぎ野台（東京藝術大学経由）, 取手駅　⇔　立崎"
早尾台東,大利根交通自動車（株）,"取手駅　⇔　北方車庫, 取手駅　⇔　北方車庫（東京藝術大学経由）, 取手駅　⇔　もえぎ野台, 取手駅　⇔　もえぎ野台（東京藝術大学経由）, 取手駅　⇔　立崎"
中田川,河内町,河内町コミュニティバス
大房,大利根交通自動車（株）,取手駅　⇔　立崎
もえぎ野台自然公園,大利根交通自動車（株）,"取手駅　⇔　もえぎ野台, 取手駅　⇔　もえぎ野台（東京藝術大学経由）, 取手駅　→　もえぎ野台＝羽黒経由, 取手駅　⇔　立崎"
知手団地北,関東鉄道（株）,"鹿島神宮〜済生会〜銚子駅（海岸線）, 鹿島神宮〜済生会〜土合鹿石, 鹿島神宮〜セントラル〜済生会病院, 【MIX】鹿島神宮駅〜海水浴場〜銚子駅（海岸線）"
知手団地北,神栖市,系統2　息栖神社〜ふれあいセンター湯楽々
もえぎ野台四丁目,大利根交通自動車（株）,"取手駅　⇔　もえぎ野台, 取手駅　⇔　もえぎ野台（東京藝術大学経由）, 取手駅　→　もえぎ野台＝羽黒経由, 取手駅　⇔　立崎"
片巻,河内町,河内町コミュニティバス
もえぎ野台一丁目,大利根交通自動車（株）,"取手駅　⇔　もえぎ野台, 取手駅　⇔　もえぎ野台（東京藝術大学経由）, 取手駅　→　もえぎ野台＝羽黒経由, 取手駅　⇔　立崎"
知手南部団地,関東鉄道（株）,"鹿島神宮〜済生会〜銚子駅（海岸線）, 鹿島神宮〜済生会〜土合鹿石, 鹿島神宮〜セントラル〜済生会病院, 【MIX】鹿島神宮駅〜海水浴場〜銚子駅（海岸線）"
知手南部団地,神栖市,"系統2　息栖神社〜ふれあいセンター湯楽々, 系統4　神栖済生会病院〜下総橘駅"
神栖済生会病院東,関東鉄道（株）,"鹿島神宮〜済生会〜銚子駅（海岸線）, 鹿島神宮〜済生会〜土合鹿石, 鹿島神宮〜セントラル〜済生会病院, 【MIX】鹿島神宮駅〜海水浴場〜銚子駅（海岸線）"
神栖済生会病院東,神栖市,系統2　息栖神社〜ふれあいセンター湯楽々
奥ノ谷公民館前,関東鉄道（株）,"鹿島神宮〜済生会〜銚子駅（海岸線）, 鹿島神宮〜済生会〜土合鹿石, 鹿島神宮〜セントラル〜済生会病院, 【MIX】鹿島神宮駅〜海水浴場〜銚子駅（海岸線）"
奥ノ谷公民館前,神栖市,系統2　息栖神社〜ふれあいセンター湯楽々
柳川上,関東鉄道（株）,"鹿島神宮〜済生会〜銚子駅（海岸線）, 鹿島神宮〜済生会〜土合鹿石, 【MIX】鹿島神宮駅〜海水浴場〜銚子駅（海岸線）"
知手（神栖）,関東鉄道（株）,鹿島神宮〜日川〜銚子駅（利根川線）
うずもコミュニティセンター,関東鉄道（株）,"鹿島神宮〜済生会〜銚子駅（海岸線）, 鹿島神宮〜済生会〜土合鹿石, 【MIX】鹿島神宮駅〜海水浴場〜銚子駅（海岸線）"
うずもコミュニティセンター,神栖市,"系統2　息栖神社〜ふれあいセンター湯楽々, 系統4　神栖済生会病院〜下総橘駅"
公民館前,大利根交通自動車（株）,"取手駅　⇔　利根ニュータウン, 利根ニュータウン　→　取手駅（東京藝術大学経由）"
奥ノ谷南,関東鉄道（株）,"鹿島神宮〜済生会〜銚子駅（海岸線）, 鹿島神宮〜済生会〜土合鹿石, 鹿島神宮〜セントラル〜済生会病院, 【MIX】鹿島神宮駅〜海水浴場〜銚子駅（海岸線）"
奥ノ谷南,神栖市,"系統2　息栖神社〜ふれあいセンター湯楽々, 系統4　神栖済生会病院〜下総橘駅"
神栖済生会病院,関東鉄道（株）,"鹿島神宮〜済生会〜銚子駅（海岸線）, 鹿島神宮〜済生会〜土合鹿石, 鹿島神宮〜セントラル〜済生会病院, 【MIX】鹿島神宮駅〜海水浴場〜銚子駅（海岸線）"
神栖済生会病院,神栖市,"系統2　息栖神社〜ふれあいセンター湯楽々, 系統4　神栖済生会病院〜下総橘駅"
立木,大利根交通自動車（株）,取手駅　⇔　立崎
浜松,関東鉄道（株）,"鹿島神宮〜済生会〜銚子駅（海岸線）, 鹿島神宮〜済生会〜土合鹿石, 【MIX】鹿島神宮駅〜海水浴場〜銚子駅（海岸線）"
柳堀,関東鉄道（株）,鹿島神宮〜日川〜銚子駅（利根川線）
横瀬小学校,神栖市,系統4　神栖済生会病院〜下総橘駅
立木新田,大利根交通自動車（株）,取手駅　⇔　立崎
押付,大利根交通自動車（株）,"取手駅　⇔　利根ニュータウン, 利根ニュータウン　→　取手駅（東京藝術大学経由）"
二本松,関東鉄道（株）,"鹿島神宮〜済生会〜銚子駅（海岸線）, 鹿島神宮〜済生会〜土合鹿石, 【MIX】鹿島神宮駅〜海水浴場〜銚子駅（海岸線）"
立崎,大利根交通自動車（株）,取手駅　⇔　立崎
日川,関東鉄道（株）,鹿島神宮〜日川〜銚子駅（利根川線）
日川浜町,関東鉄道（株）,鹿島神宮〜日川〜銚子駅（利根川線）
フレッシュタウン北,大利根交通自動車（株）,"取手駅　⇔　利根ニュータウン, 利根ニュータウン　→　取手駅（東京藝術大学経由）"
浄水場前,大利根交通自動車（株）,"取手駅　⇔　利根ニュータウン, 利根ニュータウン　→　取手駅（東京藝術大学経由）, 布佐駅　⇔　利根ニュータウン東"
とねっ子公園,大利根交通自動車（株）,"取手駅　⇔　利根ニュータウン, 利根ニュータウン　→　取手駅（東京藝術大学経由）, 布佐駅　⇔　利根ニュータウン東"
フレッシュタウン,大利根交通自動車（株）,布佐駅　⇔　利根ニュータウン東
利根ニュータウン東,大利根交通自動車（株）,"取手駅　⇔　利根ニュータウン, 利根ニュータウン　→　取手駅（東京藝術大学経由）, 布佐駅　⇔　利根ニュータウン東"
布川東前,大利根交通自動車（株）,"取手駅　⇔　利根ニュータウン, 利根ニュータウン　→　取手駅（東京藝術大学経由）, 布佐駅　⇔　利根ニュータウン東"
石塚十字路,神栖市,系統4　神栖済生会病院〜下総橘駅
柳川小学校前,関東鉄道（株）,"鹿島神宮〜済生会〜銚子駅（海岸線）, 鹿島神宮〜済生会〜土合鹿石, 【MIX】鹿島神宮駅〜海水浴場〜銚子駅（海岸線）"
風の公園前,大利根交通自動車（株）,"取手駅　⇔　利根ニュータウン, 利根ニュータウン　→　取手駅（東京藝術大学経由）, 布佐駅　⇔　利根ニュータウン東"
日川一番,関東鉄道（株）,鹿島神宮〜日川〜銚子駅（利根川線）
ショッピングセンター,大利根交通自動車（株）,"取手駅　⇔　利根ニュータウン, 利根ニュータウン　→　取手駅（東京藝術大学経由）, 布佐駅　⇔　利根ニュータウン東"
油内,大利根交通自動車（株）,"取手駅　⇔　利根ニュータウン, 利根ニュータウン　→　取手駅（東京藝術大学経由）, 布佐駅　⇔　利根ニュータウン東"
利根町役場前,大利根交通自動車（株）,布佐駅　⇔　利根ニュータウン東
長峰入口,関東鉄道（株）,鹿島神宮〜日川〜銚子駅（利根川線）
高砂,関東鉄道（株）,"鹿島神宮〜済生会〜銚子駅（海岸線）, 鹿島神宮〜済生会〜土合鹿石, 【MIX】鹿島神宮駅〜海水浴場〜銚子駅（海岸線）"
横瀬,関東鉄道（株）,鹿島神宮〜日川〜銚子駅（利根川線）
相生,関東鉄道（株）,"鹿島神宮〜済生会〜銚子駅（海岸線）, 鹿島神宮〜済生会〜土合鹿石, 【MIX】鹿島神宮駅〜海水浴場〜銚子駅（海岸線）"
東横瀬,関東鉄道（株）,鹿島神宮〜日川〜銚子駅（利根川線）
利根川水門前,神栖市,系統4　神栖済生会病院〜下総橘駅
西宝山,関東鉄道（株）,鹿島神宮〜日川〜銚子駅（利根川線）
西組,関東鉄道（株）,"鹿島神宮〜済生会〜銚子駅（海岸線）, 鹿島神宮〜済生会〜土合鹿石, 【MIX】鹿島神宮駅〜海水浴場〜銚子駅（海岸線）"
ゆーぽーとはさき,関東鉄道（株）,"鹿島神宮〜済生会〜銚子駅（海岸線）, 鹿島神宮〜済生会〜土合鹿石, 【MIX】鹿島神宮駅〜海水浴場〜銚子駅（海岸線）"
宝山,関東鉄道（株）,鹿島神宮〜日川〜銚子駅（利根川線）
西須田,関東鉄道（株）,"鹿島神宮〜済生会〜銚子駅（海岸線）, 鹿島神宮〜済生会〜土合鹿石, 【MIX】鹿島神宮駅〜海水浴場〜銚子駅（海岸線）"
太田小学校入口,関東鉄道（株）,鹿島神宮〜日川〜銚子駅（利根川線）
六軒町,関東鉄道（株）,"鹿島神宮〜済生会〜銚子駅（海岸線）, 鹿島神宮〜済生会〜土合鹿石, 【MIX】鹿島神宮駅〜海水浴場〜銚子駅（海岸線）"
西太田,関東鉄道（株）,鹿島神宮〜日川〜銚子駅（利根川線）
東須田,関東鉄道（株）,"鹿島神宮〜済生会〜銚子駅（海岸線）, 鹿島神宮〜済生会〜土合鹿石, 【MIX】鹿島神宮駅〜海水浴場〜銚子駅（海岸線）"
太田中央,関東鉄道（株）,鹿島神宮〜日川〜銚子駅（利根川線）
太田（神栖）,関東鉄道（株）,鹿島神宮〜日川〜銚子駅（利根川線）
下沼,関東鉄道（株）,"鹿島神宮〜済生会〜銚子駅（海岸線）, 鹿島神宮〜済生会〜土合鹿石, 【MIX】鹿島神宮駅〜海水浴場〜銚子駅（海岸線）"
但馬山,関東鉄道（株）,鹿島神宮〜日川〜銚子駅（利根川線）
十町歩,関東鉄道（株）,"鹿島神宮〜済生会〜銚子駅（海岸線）, 鹿島神宮〜済生会〜土合鹿石, 【MIX】鹿島神宮駅〜海水浴場〜銚子駅（海岸線）"
東太田,関東鉄道（株）,鹿島神宮〜日川〜銚子駅（利根川線）
西松下,関東鉄道（株）,"鹿島神宮〜済生会〜銚子駅（海岸線）, 鹿島神宮〜済生会〜土合鹿石, 【MIX】鹿島神宮駅〜海水浴場〜銚子駅（海岸線）"
松下,関東鉄道（株）,"鹿島神宮〜済生会〜銚子駅（海岸線）, 鹿島神宮〜済生会〜土合鹿石, 【MIX】鹿島神宮駅〜海水浴場〜銚子駅（海岸線）"
東松下,関東鉄道（株）,"鹿島神宮〜済生会〜銚子駅（海岸線）, 鹿島神宮〜済生会〜土合鹿石, 【MIX】鹿島神宮駅〜海水浴場〜銚子駅（海岸線）"
川尻,関東鉄道（株）,鹿島神宮〜日川〜銚子駅（利根川線）
植松,関東鉄道（株）,"鹿島神宮〜済生会〜銚子駅（海岸線）, 鹿島神宮〜済生会〜土合鹿石, 【MIX】鹿島神宮駅〜海水浴場〜銚子駅（海岸線）"
東川尻,関東鉄道（株）,鹿島神宮〜日川〜銚子駅（利根川線）
土合ケ原東電社宅前,関東鉄道（株）,"土合ヶ原東電社宅前〜銚子駅, 【MIX】土合東電〜海水浴場〜銚子駅, 鹿島神宮〜済生会〜銚子駅（海岸線）, 鹿島神宮〜済生会〜土合鹿石, 【MIX】鹿島神宮駅〜海水浴場〜銚子駅（海岸線）"
土合本町,関東鉄道（株）,銚子駅〜済生会土合クリニック前〜矢田部公民館
土合ケ原信越社宅前,関東鉄道（株）,"土合ヶ原東電社宅前〜銚子駅, 【MIX】土合東電〜海水浴場〜銚子駅, 鹿島神宮〜済生会〜銚子駅（海岸線）, 鹿島神宮〜済生会〜土合鹿石, 【MIX】鹿島神宮駅〜海水浴場〜銚子駅（海岸線）, 銚子駅〜済生会土合クリニック前〜矢田部公民館"
矢田部公民館,関東鉄道（株）,"鹿島神宮〜日川〜銚子駅（利根川線）, 銚子駅〜済生会土合クリニック前〜矢田部公民館"
矢田部団地入口,関東鉄道（株）,鹿島神宮〜日川〜銚子駅（利根川線）
土合西,関東鉄道（株）,鹿島神宮〜日川〜銚子駅（利根川線）
押植,関東鉄道（株）,"土合ヶ原東電社宅前〜銚子駅, 【MIX】土合東電〜海水浴場〜銚子駅, 鹿島神宮〜済生会〜銚子駅（海岸線）, 【MIX】鹿島神宮駅〜海水浴場〜銚子駅（海岸線）"
土合北,関東鉄道（株）,"土合ヶ原東電社宅前〜銚子駅, 【MIX】土合東電〜海水浴場〜銚子駅, 鹿島神宮〜済生会〜銚子駅（海岸線）, 鹿島神宮〜済生会〜土合鹿石, 【MIX】鹿島神宮駅〜海水浴場〜銚子駅（海岸線）, 銚子駅〜済生会土合クリニック前〜矢田部公民館"
押上,関東鉄道（株）,"土合ヶ原東電社宅前〜銚子駅, 【MIX】土合東電〜海水浴場〜銚子駅, 鹿島神宮〜済生会〜銚子駅（海岸線）, 【MIX】鹿島神宮駅〜海水浴場〜銚子駅（海岸線）"
矢田部公民館入口,関東鉄道（株）,鹿島神宮〜日川〜銚子駅（利根川線）
西前宿,関東鉄道（株）,鹿島神宮〜日川〜銚子駅（利根川線）
やたべ土合小学校前,関東鉄道（株）,鹿島神宮〜日川〜銚子駅（利根川線）
済生会土合クリニック前,関東鉄道（株）,銚子駅〜済生会土合クリニック前〜矢田部公民館
済生会土合クリニック入口,関東鉄道（株）,"土合ヶ原東電社宅前〜銚子駅, 【MIX】土合東電〜海水浴場〜銚子駅, 鹿島神宮〜済生会〜銚子駅（海岸線）, 【MIX】鹿島神宮駅〜海水浴場〜銚子駅（海岸線）"
西矢田部,関東鉄道（株）,鹿島神宮〜日川〜銚子駅（利根川線）
土合中央,関東鉄道（株）,"鹿島神宮〜日川〜銚子駅（利根川線）, 銚子駅〜済生会土合クリニック前〜矢田部公民館"
寺前,関東鉄道（株）,鹿島神宮〜日川〜銚子駅（利根川線）
東矢田部,関東鉄道（株）,鹿島神宮〜日川〜銚子駅（利根川線）
矢田部,関東鉄道（株）,鹿島神宮〜日川〜銚子駅（利根川線）
土合東,関東鉄道（株）,"鹿島神宮〜日川〜銚子駅（利根川線）, 銚子駅〜済生会土合クリニック前〜矢田部公民館"
大沼,関東鉄道（株）,"土合ヶ原東電社宅前〜銚子駅, 【MIX】土合東電〜海水浴場〜銚子駅, 鹿島神宮〜済生会〜銚子駅（海岸線）, 【MIX】鹿島神宮駅〜海水浴場〜銚子駅（海岸線）"
波崎清水,関東鉄道（株）,"鹿島神宮〜日川〜銚子駅（利根川線）, 銚子駅〜済生会土合クリニック前〜矢田部公民館"
駒立,関東鉄道（株）,"鹿島神宮〜日川〜銚子駅（利根川線）, 銚子駅〜済生会土合クリニック前〜矢田部公民館"
仲新田,関東鉄道（株）,"鹿島神宮〜日川〜銚子駅（利根川線）, 銚子駅〜済生会土合クリニック前〜矢田部公民館"
大堺,関東鉄道（株）,"鹿島神宮〜日川〜銚子駅（利根川線）, 銚子駅〜済生会土合クリニック前〜矢田部公民館"
舎利,関東鉄道（株）,"土合ヶ原東電社宅前〜銚子駅, 【MIX】土合東電〜海水浴場〜銚子駅, 鹿島神宮〜済生会〜銚子駅（海岸線）, 【MIX】鹿島神宮駅〜海水浴場〜銚子駅（海岸線）"
関鉄波崎営業所,関東鉄道（株）,"鹿島神宮〜日川〜銚子駅（利根川線）, 関鉄波崎営業所〜銚子駅, 銚子駅〜済生会土合クリニック前〜矢田部公民館"
舎利寺前,関東鉄道（株）,"土合ヶ原東電社宅前〜銚子駅, 【MIX】土合東電〜海水浴場〜銚子駅, 鹿島神宮〜済生会〜銚子駅（海岸線）, 【MIX】鹿島神宮駅〜海水浴場〜銚子駅（海岸線）"
石津,関東鉄道（株）,"鹿島神宮〜日川〜銚子駅（利根川線）, 関鉄波崎営業所〜銚子駅, 銚子駅〜済生会土合クリニック前〜矢田部公民館"
東舎利,関東鉄道（株）,"土合ヶ原東電社宅前〜銚子駅, 【MIX】土合東電〜海水浴場〜銚子駅, 鹿島神宮〜済生会〜銚子駅（海岸線）, 【MIX】鹿島神宮駅〜海水浴場〜銚子駅（海岸線）"
荒波,関東鉄道（株）,"鹿島神宮〜日川〜銚子駅（利根川線）, 関鉄波崎営業所〜銚子駅, 銚子駅〜済生会土合クリニック前〜矢田部公民館"
小玉台,関東鉄道（株）,"土合ヶ原東電社宅前〜銚子駅, 【MIX】土合東電〜海水浴場〜銚子駅, 鹿島神宮〜済生会〜銚子駅（海岸線）, 【MIX】鹿島神宮駅〜海水浴場〜銚子駅（海岸線）"
別所十字路,関東鉄道（株）,"鹿島神宮〜日川〜銚子駅（利根川線）, 関鉄波崎営業所〜銚子駅, 銚子駅〜済生会土合クリニック前〜矢田部公民館"
波崎中学校前,関東鉄道（株）,"土合ヶ原東電社宅前〜銚子駅, 【MIX】土合東電〜海水浴場〜銚子駅, 鹿島神宮〜済生会〜銚子駅（海岸線）, 【MIX】鹿島神宮駅〜海水浴場〜銚子駅（海岸線）"
新高野,関東鉄道（株）,"鹿島神宮〜日川〜銚子駅（利根川線）, 関鉄波崎営業所〜銚子駅, 銚子駅〜済生会土合クリニック前〜矢田部公民館"
波崎総合支所入口,関東鉄道（株）,"鹿島神宮〜日川〜銚子駅（利根川線）, 関鉄波崎営業所〜銚子駅, 銚子駅〜済生会土合クリニック前〜矢田部公民館"
浜新田,関東鉄道（株）,"土合ヶ原東電社宅前〜銚子駅, 【MIX】土合東電〜海水浴場〜銚子駅, 鹿島神宮〜済生会〜銚子駅（海岸線）, 【MIX】鹿島神宮駅〜海水浴場〜銚子駅（海岸線）"
新本郷,関東鉄道（株）,"鹿島神宮〜日川〜銚子駅（利根川線）, 関鉄波崎営業所〜銚子駅, 銚子駅〜済生会土合クリニック前〜矢田部公民館"
波崎海水浴場,関東鉄道（株）,"【MIX】土合東電〜海水浴場〜銚子駅, 【MIX】鹿島神宮駅〜海水浴場〜銚子駅（海岸線）, 波崎海水浴場〜銚子駅"
本新町,関東鉄道（株）,"鹿島神宮〜日川〜銚子駅（利根川線）, 関鉄波崎営業所〜銚子駅, 銚子駅〜済生会土合クリニック前〜矢田部公民館"
波崎診療所入口,関東鉄道（株）,"土合ヶ原東電社宅前〜銚子駅, 【MIX】土合東電〜海水浴場〜銚子駅, 鹿島神宮〜済生会〜銚子駅（海岸線）, 【MIX】鹿島神宮駅〜海水浴場〜銚子駅（海岸線）"
波崎診療所,関東鉄道（株）,"【MIX】土合東電〜海水浴場〜銚子駅, 【MIX】鹿島神宮駅〜海水浴場〜銚子駅（海岸線）"
総合体育館前,関東鉄道（株）,"【MIX】土合東電〜海水浴場〜銚子駅, 【MIX】鹿島神宮駅〜海水浴場〜銚子駅（海岸線）, 波崎海水浴場〜銚子駅"
三夜尊入口,関東鉄道（株）,"鹿島神宮〜日川〜銚子駅（利根川線）, 関鉄波崎営業所〜銚子駅, 銚子駅〜済生会土合クリニック前〜矢田部公民館"
ふれあいセンター前,関東鉄道（株）,"【MIX】土合東電〜海水浴場〜銚子駅, 【MIX】鹿島神宮駅〜海水浴場〜銚子駅（海岸線）, 波崎海水浴場〜銚子駅"
手子后神社前,関東鉄道（株）,"鹿島神宮〜日川〜銚子駅（利根川線）, 関鉄波崎営業所〜銚子駅, 鹿島神宮〜済生会〜銚子駅（海岸線）, 波崎海水浴場〜銚子駅, 銚子駅〜済生会土合クリニック前〜矢田部公民館"
波崎中央,関東鉄道（株）,"土合ヶ原東電社宅前〜銚子駅, 【MIX】土合東電〜海水浴場〜銚子駅, 鹿島神宮〜済生会〜銚子駅（海岸線）, 【MIX】鹿島神宮駅〜海水浴場〜銚子駅（海岸線）, 波崎海水浴場〜銚子駅"
西明神,関東鉄道（株）,"土合ヶ原東電社宅前〜銚子駅, 【MIX】土合東電〜海水浴場〜銚子駅, 鹿島神宮〜済生会〜銚子駅（海岸線）, 【MIX】鹿島神宮駅〜海水浴場〜銚子駅（海岸線）, 波崎海水浴場〜銚子駅"
仲町公園,関東鉄道（株）,"【MIX】土合東電〜海水浴場〜銚子駅, 【MIX】鹿島神宮駅〜海水浴場〜銚子駅（海岸線）, 波崎海水浴場〜銚子駅"
東明神,関東鉄道（株）,"【MIX】土合東電〜海水浴場〜銚子駅, 【MIX】鹿島神宮駅〜海水浴場〜銚子駅（海岸線）, 波崎海水浴場〜銚子駅"
新港,関東鉄道（株）,"【MIX】土合東電〜海水浴場〜銚子駅, 【MIX】鹿島神宮駅〜海水浴場〜銚子駅（海岸線）, 波崎海水浴場〜銚子駅"
波崎,関東鉄道（株）,"【MIX】土合東電〜海水浴場〜銚子駅, 【MIX】鹿島神宮駅〜海水浴場〜銚子駅（海岸線）, 波崎海水浴場〜銚子駅"
リバーサイド公園,関東鉄道（株）,"【MIX】土合東電〜海水浴場〜銚子駅, 【MIX】鹿島神宮駅〜海水浴場〜銚子駅（海岸線）, 波崎海水浴場〜銚子駅"
