停留所名,事業者名,バス系統
那須どうぶつ王国,関東自動車（株）,那須高原観光周遊バス：Aコース
那須ロープウェイ,関東自動車（株）,"那須RW〜共和大学〜那須塩原駅, 那須塩原駅〜共和大学〜那須RW, 那須塩原駅〜黒磯駅〜那須RW"
大丸温泉,関東自動車（株）,"那須RW〜共和大学〜那須塩原駅, 那須塩原駅〜共和大学〜那須RW, 那須塩原駅〜黒磯駅〜那須RW"
弁天東口,関東自動車（株）,"那須RW〜共和大学〜那須塩原駅, 那須塩原駅〜黒磯駅〜那須RW"
北湯入口,関東自動車（株）,"那須RW〜共和大学〜那須塩原駅, 那須塩原駅〜黒磯駅〜那須RW"
休暇村那須,関東自動車（株）,"那須塩原駅〜共和大学〜那須RW, 那須塩原駅〜黒磯駅〜那須RW"
白戸川,関東自動車（株）,"那須RW〜共和大学〜那須塩原駅, 那須塩原駅〜黒磯駅〜那須RW"
矢隠岩北,関東自動車（株）,"那須RW〜共和大学〜那須塩原駅, 那須塩原駅〜黒磯駅〜那須RW"
綱子,福島交通（株）,綱子線［台上経由］
中曽根,関東自動車（株）,"那須塩原駅〜共和大学〜那須RW, 那須塩原駅〜黒磯駅〜那須RW"
八幡温泉,関東自動車（株）,"那須RW〜共和大学〜那須塩原駅, 那須塩原駅〜黒磯駅〜那須RW"
なす自然の家,関東自動車（株）,"那須RW〜共和大学〜那須塩原駅, 那須塩原駅〜黒磯駅〜那須RW"
展望台上,関東自動車（株）,"那須塩原駅〜共和大学〜那須RW, 那須塩原駅〜黒磯駅〜那須RW"
おだん上,関東自動車（株）,"那須塩原駅〜共和大学〜那須RW, 那須塩原駅〜黒磯駅〜那須RW"
つつじ吊橋入口,関東自動車（株）,"那須RW〜共和大学〜那須塩原駅, 那須塩原駅〜共和大学〜那須RW, 那須塩原駅〜黒磯駅〜那須RW"
恋人の聖地,関東自動車（株）,"那須塩原駅〜共和大学〜那須RW, 那須塩原駅〜黒磯駅〜那須RW"
ビジターセンター入口,関東自動車（株）,"那須RW〜共和大学〜那須塩原駅, 那須塩原駅〜共和大学〜那須RW, 那須塩原駅〜黒磯駅〜那須RW"
那須湯本温泉,関東自動車（株）,"那須RW〜共和大学〜那須塩原駅, 那須塩原駅〜共和大学〜那須RW, 那須塩原駅〜黒磯駅〜那須RW, 那須塩原駅〜黒磯駅〜那須湯本, 那須高原観光周遊バス：Aコース, 那須高原観光周遊バス：Dコース"
那須湯本温泉,那須町,町民バス　湯本線
いこいの家,那須町,町民バス　湯本線
湯本2丁目,関東自動車（株）,"那須RW〜共和大学〜那須塩原駅, 那須塩原駅〜共和大学〜那須RW, 那須塩原駅〜黒磯駅〜那須RW, 那須塩原駅〜黒磯駅〜那須湯本"
湯本1丁目,関東自動車（株）,"那須RW〜共和大学〜那須塩原駅, 那須塩原駅〜共和大学〜那須RW, 那須塩原駅〜黒磯駅〜那須RW, 那須塩原駅〜黒磯駅〜那須湯本"
湯本旭町,関東自動車（株）,"那須RW〜共和大学〜那須塩原駅, 那須塩原駅〜共和大学〜那須RW, 那須塩原駅〜黒磯駅〜那須RW, 那須塩原駅〜黒磯駅〜那須湯本"
湯本旭町,那須町,町民バス　湯本線
仲町（那須町）,関東自動車（株）,"那須RW〜共和大学〜那須塩原駅, 那須塩原駅〜共和大学〜那須RW, 那須塩原駅〜黒磯駅〜那須RW, 那須塩原駅〜黒磯駅〜那須湯本"
仲町,那須町,町民バス　湯本線
新那須,関東自動車（株）,"那須RW〜共和大学〜那須塩原駅, 那須塩原駅〜共和大学〜那須RW, 那須塩原駅〜黒磯駅〜那須RW, 那須塩原駅〜黒磯駅〜那須湯本, 那須高原観光周遊バス：Aコース, 那須高原観光周遊バス：Dコース"
新那須,那須町,町民バス　湯本線
ホテルサンバレー那須,関東自動車（株）,"那須高原観光周遊バス：Aコース, 那須高原観光周遊バス：Dコース"
山水閣入口,関東自動車（株）,"那須RW〜共和大学〜那須塩原駅, 那須塩原駅〜共和大学〜那須RW, 那須塩原駅〜黒磯駅〜那須RW, 那須塩原駅〜黒磯駅〜那須湯本, 那須高原観光周遊バス：Aコース, 那須高原観光周遊バス：Dコース"
一軒茶屋,関東自動車（株）,"那須RW〜共和大学〜那須塩原駅, 那須塩原駅〜共和大学〜那須RW, 那須塩原駅〜黒磯駅〜那須RW, 那須塩原駅〜黒磯駅〜那須湯本, 那須高原観光周遊バス：Aコース, 那須高原観光周遊バス：Bコース, 那須高原観光周遊バス：Cコース, 那須高原観光周遊バス：Dコース"
一軒茶屋,那須町,町民バス　湯本線
藤城清治美術館入口,関東自動車（株）,"那須高原観光周遊バス：Aコース, 那須高原観光周遊バス：Bコース, 那須高原観光周遊バス：Cコース, 那須高原観光周遊バス：Dコース"
南ヶ丘牧場,関東自動車（株）,"那須高原観光周遊バス：Aコース, 那須高原観光周遊バス：Bコース, 那須高原観光周遊バス：Cコース, 那須高原観光周遊バス：Dコース"
那須渓流パーク,関東自動車（株）,那須高原観光周遊バス：Cコース
寿楽本店前,関東自動車（株）,"那須RW〜共和大学〜那須塩原駅, 那須塩原駅〜共和大学〜那須RW, 那須塩原駅〜黒磯駅〜那須RW, 那須塩原駅〜黒磯駅〜那須湯本"
三沢台,関東自動車（株）,那須塩原駅〜板室温泉〜那須HP
奥那須自然休養林入口,関東自動車（株）,那須塩原駅〜板室温泉〜那須HP
那須高原保育園入口,関東自動車（株）,"那須RW〜共和大学〜那須塩原駅, 那須塩原駅〜共和大学〜那須RW, 那須塩原駅〜黒磯駅〜那須RW, 那須塩原駅〜黒磯駅〜那須湯本"
ペニーレイン那須店入口,関東自動車（株）,那須高原観光周遊バス：Cコース
三沢台4号通り,関東自動車（株）,那須塩原駅〜板室温泉〜那須HP
東急ハーヴェストクラブ,関東自動車（株）,"那須高原観光周遊バス：Aコース, 那須高原観光周遊バス：Bコース, 那須高原観光周遊バス：Dコース"
高湯入口,関東自動車（株）,"那須RW〜共和大学〜那須塩原駅, 那須塩原駅〜共和大学〜那須RW, 那須塩原駅〜黒磯駅〜那須RW, 那須塩原駅〜黒磯駅〜那須湯本"
遅山10号通り,関東自動車（株）,那須塩原駅〜板室温泉〜那須HP
遅山橋,関東自動車（株）,那須塩原駅〜板室温泉〜那須HP
ジョイア・ミーア前,関東自動車（株）,"那須RW〜共和大学〜那須塩原駅, 那須塩原駅〜共和大学〜那須RW, 那須塩原駅〜黒磯駅〜那須RW, 那須塩原駅〜黒磯駅〜那須湯本"
乙女の滝,関東自動車（株）,那須塩原駅〜板室温泉〜那須HP
遅山14号通り,関東自動車（株）,那須塩原駅〜板室温泉〜那須HP
板室温泉,関東自動車（株）,"那須塩原駅〜黒磯駅〜板室温泉, 那須塩原駅〜板室温泉〜那須HP"
教会前,那須町,町民バス　湯本線
那須ステンドグラス美術館,関東自動車（株）,"那須高原観光周遊バス：Aコース, 那須高原観光周遊バス：Bコース, 那須高原観光周遊バス：Cコース, 那須高原観光周遊バス：Dコース"
TOWAピュアコテージ,関東自動車（株）,"那須高原観光周遊バス：Aコース, 那須高原観光周遊バス：Bコース, 那須高原観光周遊バス：Dコース"
那須ハイランドパーク,関東自動車（株）,"那須塩原駅〜板室温泉〜那須HP, 那須高原観光周遊バス：Aコース, 那須高原観光周遊バス：Bコース, 那須高原観光周遊バス：Dコース"
湯石温泉入口,関東自動車（株）,那須塩原駅〜板室温泉〜那須HP
幾世橋,関東自動車（株）,"那須塩原駅〜黒磯駅〜板室温泉, 那須塩原駅〜板室温泉〜那須HP"
清流の里,関東自動車（株）,"那須高原観光周遊バス：Aコース, 那須高原観光周遊バス：Bコース, 那須高原観光周遊バス：Cコース, 那須高原観光周遊バス：Dコース"
守子坂,関東自動車（株）,"那須RW〜共和大学〜那須塩原駅, 那須塩原駅〜共和大学〜那須RW, 那須塩原駅〜黒磯駅〜那須RW, 那須塩原駅〜黒磯駅〜那須湯本"
板室本村上,関東自動車（株）,那須塩原駅〜板室温泉〜那須HP
上横沢,関東自動車（株）,"那須高原観光周遊バス：Aコース, 那須高原観光周遊バス：Bコース, 那須高原観光周遊バス：Dコース"
那須サファリパーク,関東自動車（株）,"那須高原観光周遊バス：Aコース, 那須高原観光周遊バス：Bコース, 那須高原観光周遊バス：Cコース, 那須高原観光周遊バス：Dコース"
那須サファリパーク入口,関東自動車（株）,"那須RW〜共和大学〜那須塩原駅, 那須塩原駅〜共和大学〜那須RW, 那須塩原駅〜黒磯駅〜那須RW, 那須塩原駅〜黒磯駅〜那須湯本"
板室本村,関東自動車（株）,那須塩原駅〜板室温泉〜那須HP
池田,那須町,町民バス　湯本線
下横沢,関東自動車（株）,"那須高原観光周遊バス：Aコース, 那須高原観光周遊バス：Bコース, 那須高原観光周遊バス：Cコース, 那須高原観光周遊バス：Dコース"
幸乃湯温泉前,関東自動車（株）,"那須塩原駅〜黒磯駅〜板室温泉, 那須塩原駅〜板室温泉〜那須HP"
ファミリーロード入口,関東自動車（株）,"那須高原観光周遊バス：Aコース, 那須高原観光周遊バス：Bコース, 那須高原観光周遊バス：Dコース, 那須高原観光周遊バス：Eコース"
四ツ川橋,那須町,町民バス　湯本線
上新屋,関東自動車（株）,"那須RW〜共和大学〜那須塩原駅, 那須塩原駅〜共和大学〜那須RW, 那須塩原駅〜黒磯駅〜那須RW, 那須塩原駅〜黒磯駅〜那須湯本"
北条,那須町,町民バス　湯本線
藤塩,那須町,町民バス　湯本線
トレジャーストーンパーク,関東自動車（株）,"那須高原観光周遊バス：Aコース, 那須高原観光周遊バス：Bコース, 那須高原観光周遊バス：Cコース, 那須高原観光周遊バス：Dコース, 那須高原観光周遊バス：Eコース"
ホテルエピナール那須,関東自動車（株）,"那須高原観光周遊バス：Aコース, 那須高原観光周遊バス：Bコース, 那須高原観光周遊バス：Cコース, 那須高原観光周遊バス：Dコース, 那須高原観光周遊バス：Eコース"
木の俣,関東自動車（株）,"那須塩原駅〜黒磯駅〜板室温泉, 那須塩原駅〜板室温泉〜那須HP"
那須テディベア・ミュージアム,関東自動車（株）,"那須高原観光周遊バス：Aコース, 那須高原観光周遊バス：Bコース, 那須高原観光周遊バス：Dコース, 那須高原観光周遊バス：Eコース"
新屋,関東自動車（株）,"那須RW〜共和大学〜那須塩原駅, 那須塩原駅〜共和大学〜那須RW, 那須塩原駅〜黒磯駅〜那須RW, 那須塩原駅〜黒磯駅〜那須湯本"
板室分署前,関東自動車（株）,"那須塩原駅〜黒磯駅〜板室温泉, 那須塩原駅〜板室温泉〜那須HP"
ウェルネスの森那須,関東自動車（株）,"那須高原観光周遊バス：Aコース, 那須高原観光周遊バス：Bコース, 那須高原観光周遊バス：Cコース, 那須高原観光周遊バス：Dコース, 那須高原観光周遊バス：Eコース"
松原（那須塩原）,関東自動車（株）,"那須塩原駅〜黒磯駅〜板室温泉, 那須塩原駅〜板室温泉〜那須HP"
戸能,那須町,町民バス　湯本線
広谷地,関東自動車（株）,"那須RW〜共和大学〜那須塩原駅, 那須塩原駅〜共和大学〜那須RW, 那須塩原駅〜黒磯駅〜那須RW, 那須塩原駅〜黒磯駅〜那須湯本"
大島,那須町,町民バス　湯本線
キャンドルハウスシュシュ,関東自動車（株）,"那須高原観光周遊バス：Aコース, 那須高原観光周遊バス：Bコース, 那須高原観光周遊バス：Cコース, 那須高原観光周遊バス：Dコース"
りんどう湖ファミリー牧場,関東自動車（株）,"那須高原観光周遊バス：Aコース, 那須高原観光周遊バス：Bコース, 那須高原観光周遊バス：Dコース, 那須高原観光周遊バス：Eコース"
友愛の森,関東自動車（株）,"那須塩原駅〜黒磯駅〜那須RW, 那須塩原駅〜黒磯駅〜那須湯本"
那須高原大橋,関東自動車（株）,"那須RW〜共和大学〜那須塩原駅, 那須塩原駅〜共和大学〜那須RW"
道の駅那須高原友愛の森,関東自動車（株）,"那須高原観光周遊バス：Aコース, 那須高原観光周遊バス：Bコース, 那須高原観光周遊バス：Cコース, 那須高原観光周遊バス：Dコース, 那須高原観光周遊バス：Eコース"
ロイヤルホテル那須,関東自動車（株）,"那須高原観光周遊バス：Aコース, 那須高原観光周遊バス：Bコース, 那須高原観光周遊バス：Dコース"
小島,那須町,町民バス　湯本線
上白沢橋,関東自動車（株）,"那須塩原駅〜黒磯駅〜那須RW, 那須塩原駅〜黒磯駅〜那須湯本"
那須ワールドモンキーパーク,関東自動車（株）,那須高原観光周遊バス：Eコース
穴沢,関東自動車（株）,"那須塩原駅〜黒磯駅〜板室温泉, 那須塩原駅〜板室温泉〜那須HP"
穴沢農協前,関東自動車（株）,"那須塩原駅〜黒磯駅〜板室温泉, 那須塩原駅〜板室温泉〜那須HP"
那須とりっくあーとぴあ,関東自動車（株）,那須高原観光周遊バス：Eコース
チーズガーデン前,関東自動車（株）,"那須塩原駅〜黒磯駅〜那須RW, 那須塩原駅〜黒磯駅〜那須湯本"
穴沢東,関東自動車（株）,"那須塩原駅〜黒磯駅〜板室温泉, 那須塩原駅〜板室温泉〜那須HP"
田代,関東自動車（株）,"那須塩原駅〜黒磯駅〜那須RW, 那須塩原駅〜黒磯駅〜那須湯本"
音羽町,那須町,町民バス　湯本線
GOODNEWS,関東自動車（株）,那須高原観光周遊バス：Eコース
黒田原駅前,関東自動車（株）,黒田原駅前〜上町
黒田原駅,那須町,町民バス　湯本線
音羽町,関東自動車（株）,黒田原駅前〜上町
田代友愛小学校,関東自動車（株）,"那須塩原駅〜黒磯駅〜那須RW, 那須塩原駅〜黒磯駅〜那須湯本"
幸町3,那須町,町民バス　湯本線
那須町役場前,関東自動車（株）,黒田原駅前〜上町
追分,那須町,町民バス　追分・黒磯駅線
笠木入口,関東自動車（株）,"那須塩原駅〜黒磯駅〜板室温泉, 那須塩原駅〜板室温泉〜那須HP"
那須町役場,那須町,町民バス　湯本線
本町（那須町）,関東自動車（株）,黒田原駅前〜上町
お菓子の城,関東自動車（株）,"那須塩原駅〜黒磯駅〜那須RW, 那須塩原駅〜黒磯駅〜那須湯本, 那須高原観光周遊バス：Eコース"
余笹川ふれあい公園,那須町,町民バス　湯本線
本町下,関東自動車（株）,黒田原駅前〜上町
ゆめプラザ前,那須町,町民バス　湯本線
上三依塩原温泉口駅,那須塩原市,ゆーバス塩原・上三依線
那須高等学校前,関東自動車（株）,黒田原駅前〜上町
那須高等学校前,那須町,町民バス　湯本線
戸田,関東自動車（株）,"那須塩原駅〜黒磯駅〜板室温泉, 那須塩原駅〜板室温泉〜那須HP"
なすの苑前,那須町,町民バス　湯本線
上塩阿久津,関東自動車（株）,黒田原駅前〜上町
上松子,関東自動車（株）,"那須塩原駅〜黒磯駅〜那須RW, 那須塩原駅〜黒磯駅〜那須湯本"
開拓事務所前,関東自動車（株）,"那須塩原駅〜黒磯駅〜板室温泉, 那須塩原駅〜板室温泉〜那須HP"
塩阿久津,関東自動車（株）,黒田原駅前〜上町
下松子,関東自動車（株）,"那須塩原駅〜黒磯駅〜那須RW, 那須塩原駅〜黒磯駅〜那須湯本"
寿山荘那須,那須町,町民バス　湯本線
りぼーる・たなか,那須町,町民バス　湯本線
白井入口,関東自動車（株）,黒田原駅前〜上町
沓石,那須町,町民バス　追分・黒磯駅線
青木別荘前,関東自動車（株）,"那須塩原駅〜黒磯駅〜板室温泉, 那須塩原駅〜板室温泉〜那須HP"
腰掛松,関東自動車（株）,"那須塩原駅〜黒磯駅〜那須RW, 那須塩原駅〜黒磯駅〜那須湯本"
高久駅,那須町,町民バス　湯本線
打尾木,那須町,町民バス　追分・黒磯駅線
青木,関東自動車（株）,"那須RW〜共和大学〜那須塩原駅, 那須塩原駅〜共和大学〜那須RW, 那須塩原駅〜黒磯駅〜板室温泉, 那須塩原駅〜板室温泉〜那須HP"
芦野支所前,関東自動車（株）,黒田原駅前〜上町
新高久,関東自動車（株）,"那須塩原駅〜黒磯駅〜那須RW, 那須塩原駅〜黒磯駅〜那須湯本"
青木中,関東自動車（株）,"那須塩原駅〜黒磯駅〜板室温泉, 那須塩原駅〜板室温泉〜那須HP"
大畑,那須町,町民バス　追分・黒磯駅線
青木東,関東自動車（株）,"那須塩原駅〜黒磯駅〜板室温泉, 那須塩原駅〜板室温泉〜那須HP"
芦野仲町,関東自動車（株）,黒田原駅前〜上町
高原病院前,那須町,"町民バス　湯本線, 町民バス　追分・黒磯駅線"
上塩原,那須塩原市,ゆーバス塩原・上三依線
上野町,関東自動車（株）,黒田原駅前〜上町
イオンタウン那須,那須町,"町民バス　湯本線, 町民バス　追分・黒磯駅線"
藤田,関東自動車（株）,"那須塩原駅〜黒磯駅〜板室温泉, 那須塩原駅〜板室温泉〜那須HP"
旧美野沢小学校前,那須町,町民バス　追分・黒磯駅線
別当坂,那須塩原市,ゆーバス塩原・上三依線
塚原,那須塩原市,ゆーバス塩原・上三依線
芦の又,那須町,町民バス　追分・黒磯駅線
東原入口,関東自動車（株）,"那須塩原駅〜黒磯駅〜板室温泉, 那須塩原駅〜板室温泉〜那須HP"
蓑沢,那須町,町民バス　追分・黒磯駅線
元湯温泉口,那須塩原市,ゆーバス塩原・上三依線
宮島,那須塩原市,ゆーバス塩原・上三依線
唐木田,関東自動車（株）,黒田原駅前〜上町
稲村団地,関東自動車（株）,"那須塩原駅〜黒磯駅〜板室温泉, 那須塩原駅〜板室温泉〜那須HP"
熊久保,那須町,町民バス　追分・黒磯駅線
塩原田代,那須塩原市,ゆーバス塩原・上三依線
明神下,那須塩原市,ゆーバス塩原・上三依線
那珂川,関東自動車（株）,"那須塩原駅〜黒磯駅〜那須RW, 那須塩原駅〜黒磯駅〜那須湯本"
那珂川,那須町,町民バス　追分・黒磯駅線
若松団地,関東自動車（株）,"那須塩原駅〜黒磯駅〜板室温泉, 那須塩原駅〜板室温泉〜那須HP"
木の葉化石園入口,那須塩原市,ゆーバス塩原・上三依線
晩翠橋,関東自動車（株）,"那須塩原駅〜黒磯駅〜那須RW, 那須塩原駅〜黒磯駅〜那須湯本"
晩翠橋,那須塩原市,ゆーバス黒磯線
晩翠橋,那須町,町民バス　追分・黒磯駅線
塩原支所,那須塩原市,ゆーバス塩原・上三依線
鳥の目入口,関東自動車（株）,"那須塩原駅〜黒磯駅〜板室温泉, 那須塩原駅〜板室温泉〜那須HP"
源三窟,那須塩原市,ゆーバス塩原・上三依線
梓入口,那須町,町民バス　追分・黒磯駅線
下芦野,関東自動車（株）,黒田原駅前〜上町
ビーエス工場前,関東自動車（株）,"那須塩原駅〜黒磯駅〜板室温泉, 那須塩原駅〜板室温泉〜那須HP"
いきいきふれあいセンター前,那須塩原市,"ゆーバス西那須野線, ゆーバス黒磯線, ゆーバス黒磯線（黒磯南高校止まり）"
追沢橋,那須塩原市,ゆーバス塩原・上三依線
青葉台団地前,那須塩原市,ゆーバス黒磯線
宮町,那須塩原市,"ゆーバス西那須野線, ゆーバス黒磯線, ゆーバス黒磯線（黒磯南高校止まり）"
宮町,那須町,町民バス　追分・黒磯駅線
宮町,関東自動車（株）,"那須塩原駅〜黒磯駅〜那須RW, 那須塩原駅〜黒磯駅〜那須湯本"
紅葉橋,那須塩原市,ゆーバス塩原・上三依線
百村通り4丁目,関東自動車（株）,"那須塩原駅〜黒磯駅〜板室温泉, 那須塩原駅〜板室温泉〜那須HP"
生きいきの里入口,那須塩原市,ゆーバス塩原・上三依線
赤坂,那須町,町民バス　追分・黒磯駅線
平場,那須町,町民バス　追分・黒磯駅線
塩原温泉バスターミナル,那須塩原市,ゆーバス塩原・上三依線
塩原温泉バスターミナル,ジェイアールバス関東（株）,栃木県那須塩原駅〜西那須野駅〜塩原温泉バスターミナル
中央町,那須塩原市,"ゆーバス西那須野線, ゆーバス黒磯線, ゆーバス黒磯線（黒磯南高校止まり）"
中央町,関東自動車（株）,"那須塩原駅〜黒磯駅〜那須RW, 那須塩原駅〜黒磯駅〜那須湯本"
東陽小学校,関東自動車（株）,黒田原駅前〜上町
百村通り3丁目,関東自動車（株）,"那須塩原駅〜黒磯駅〜板室温泉, 那須塩原駅〜板室温泉〜那須HP"
黒磯高校入口,那須塩原市,"ゆーバス西那須野線, ゆーバス黒磯線, ゆーバス黒磯線（黒磯南高校止まり）"
菅間記念病院,那須塩原市,"ゆーバス西那須野線, ゆーバス黒磯線, ゆーバス黒磯線（黒磯南高校止まり）"
湯西川保育所前,日光交通（株）,湯西川線
本町,那須塩原市,ゆーバス黒磯線（黒磯南高校急行）
共和大学,関東自動車（株）,"那須RW〜共和大学〜那須塩原駅, 那須塩原駅〜共和大学〜那須RW"
黒磯駅西口,那須塩原市,"ゆーバス西那須野線, ゆーバス黒磯線（黒磯南高校急行）, ゆーバス黒磯線, ゆーバス黒磯線（黒磯南高校止まり）"
黒磯駅西口,那須町,町民バス　追分・黒磯駅線
黒磯駅西口,関東自動車（株）,"那須塩原駅〜黒磯駅〜那須RW, 那須塩原駅〜黒磯駅〜那須湯本, 那須塩原駅〜黒磯駅〜板室温泉, 那須塩原駅〜板室温泉〜那須HP"
四ツ角,関東自動車（株）,"那須塩原駅〜黒磯駅〜板室温泉, 那須塩原駅〜板室温泉〜那須HP"
ホテルニュー塩原前,那須塩原市,ゆーバス塩原・上三依線
塩原門前,那須塩原市,ゆーバス塩原・上三依線
塩原門前,ジェイアールバス関東（株）,栃木県那須塩原駅〜西那須野駅〜塩原温泉バスターミナル
黒磯駅東口,大田原市,黒磯駅・黒羽高校線
黒磯駅東口,那須塩原市,ゆーバス黒磯線
望田,那須町,町民バス　追分・黒磯駅線
市民健康センター前,関東自動車（株）,"那須塩原駅〜黒磯駅〜那須RW, 那須塩原駅〜黒磯駅〜那須湯本, 那須塩原駅〜黒磯駅〜板室温泉, 那須塩原駅〜板室温泉〜那須HP"
黒磯保健センター前,那須塩原市,ゆーバス黒磯線（黒磯南高校急行）
塩原畑下,那須塩原市,ゆーバス塩原・上三依線
塩原畑下,ジェイアールバス関東（株）,栃木県那須塩原駅〜西那須野駅〜塩原温泉バスターミナル
川戸市営住宅前,日光交通（株）,湯西川線
水の郷観光センター前,日光交通（株）,湯西川線
旧黒磯図書館前,那須塩原市,"ゆーバス西那須野線, ゆーバス黒磯線, ゆーバス黒磯線（黒磯南高校止まり）"
旧寺子小学校前,那須町,町民バス　追分・黒磯駅線
七ツ岩吊橋,那須塩原市,ゆーバス塩原・上三依線
七ツ岩吊橋,ジェイアールバス関東（株）,栃木県那須塩原駅〜西那須野駅〜塩原温泉バスターミナル
湯っ歩の里入口,那須塩原市,ゆーバス塩原・上三依線
東岩崎,関東自動車（株）,黒田原駅前〜上町
天皇の間記念公園前,那須塩原市,ゆーバス塩原・上三依線
東栄1丁目,那須塩原市,ゆーバス黒磯線
東栄1丁目,大田原市,黒磯駅・黒羽高校線
ビジターセンター前,那須塩原市,ゆーバス塩原・上三依線
塩原塩釜,那須塩原市,ゆーバス塩原・上三依線
塩原塩釜,ジェイアールバス関東（株）,栃木県那須塩原駅〜西那須野駅〜塩原温泉バスターミナル
竜化の滝入口,ジェイアールバス関東（株）,栃木県那須塩原駅〜西那須野駅〜塩原温泉バスターミナル
連珠の滝,ジェイアールバス関東（株）,栃木県那須塩原駅〜西那須野駅〜塩原温泉バスターミナル
寺子十文字,那須町,町民バス　追分・黒磯駅線
塩原大網,ジェイアールバス関東（株）,栃木県那須塩原駅〜西那須野駅〜塩原温泉バスターミナル
那須ガーデンアウトレット,関東自動車（株）,"那須RW〜共和大学〜那須塩原駅, 那須塩原駅〜共和大学〜那須RW"
下埼玉,那須塩原市,"ゆーバス西那須野線, ゆーバス黒磯線"
ホテル花と華前,日光交通（株）,湯西川線
下平,那須町,町民バス　追分・黒磯駅線
住吉町（那須塩原）,関東自動車（株）,"那須塩原駅〜黒磯駅〜那須RW, 那須塩原駅〜黒磯駅〜那須湯本, 那須塩原駅〜黒磯駅〜板室温泉, 那須塩原駅〜板室温泉〜那須HP"
住吉町,那須塩原市,ゆーバス黒磯線（黒磯南高校急行）
医師会塩原温泉病院,那須塩原市,ゆーバス塩原・上三依線
仲内入口,日光交通（株）,湯西川線
塩原福渡,那須塩原市,ゆーバス塩原・上三依線
塩原福渡,那須塩原市,ゆーバス塩原・上三依線
塩原福渡,ジェイアールバス関東（株）,栃木県那須塩原駅〜西那須野駅〜塩原温泉バスターミナル
四季の里,那須塩原市,ゆーバス塩原・上三依線
夕の原,那須塩原市,ゆーバス塩原・上三依線
夕の原,ジェイアールバス関東（株）,栃木県那須塩原駅〜西那須野駅〜塩原温泉バスターミナル
塩原福渡,那須塩原市,ゆーバス塩原・上三依線
回顧園地,ジェイアールバス関東（株）,栃木県那須塩原駅〜西那須野駅〜塩原温泉バスターミナル
山城屋ホテル前,日光交通（株）,湯西川線
下岩崎,関東自動車（株）,黒田原駅前〜上町
共墾社,那須塩原市,ゆーバス黒磯線（黒磯南高校急行）
エイトタウン前,那須塩原市,ゆーバス黒磯線
エイトタウン前,大田原市,黒磯駅・黒羽高校線
福渡口,那須塩原市,ゆーバス塩原・上三依線
福渡口,ジェイアールバス関東（株）,栃木県那須塩原駅〜西那須野駅〜塩原温泉バスターミナル
埼玉小学校前,那須塩原市,"ゆーバス西那須野線, ゆーバス黒磯線"
平家の庄前,日光交通（株）,湯西川線
本家伴久旅館前,日光交通（株）,湯西川線
上厚崎3丁目,那須塩原市,"ゆーバス西那須野線, ゆーバス黒磯線"
湯西川温泉,日光交通（株）,湯西川線
エイトタウン那須塩原,那須塩原市,ゆーバス黒磯線
共墾社,関東自動車（株）,"那須塩原駅〜黒磯駅〜那須RW, 那須塩原駅〜黒磯駅〜那須湯本, 那須塩原駅〜黒磯駅〜板室温泉, 那須塩原駅〜板室温泉〜那須HP"
那須塩原市役所,那須塩原市,"ゆーバス西那須野線, ゆーバス黒磯線, ゆーバス黒磯線（黒磯南高校止まり）"
坂本,那須町,町民バス　追分・黒磯駅線
ヨークベニマル上厚崎店,那須塩原市,ゆーバス黒磯線
ヨークタウン前,那須塩原市,"ゆーバス西那須野線, ゆーバス黒磯線"
大林,那須町,町民バス　追分・黒磯駅線
回顧橋,ジェイアールバス関東（株）,栃木県那須塩原駅〜西那須野駅〜塩原温泉バスターミナル
市役所入口,関東自動車（株）,"那須塩原駅〜黒磯駅〜那須RW, 那須塩原駅〜黒磯駅〜那須湯本, 那須塩原駅〜黒磯駅〜板室温泉, 那須塩原駅〜板室温泉〜那須HP"
下水処理場入口,日光交通（株）,湯西川線
上町（伊王野）,関東自動車（株）,黒田原駅前〜上町
伊王野車庫前,関東自動車（株）,黒田原駅前〜上町
松ヶ丘団地,那須塩原市,ゆーバス黒磯線
松ヶ丘団地,大田原市,黒磯駅・黒羽高校線
くろいそ運動場入口,那須塩原市,"ゆーバス西那須野線, ゆーバス黒磯線（黒磯南高校急行）, ゆーバス黒磯線, ゆーバス黒磯線（黒磯南高校止まり）"
黒磯南高校前,那須塩原市,"ゆーバス西那須野線, ゆーバス黒磯線（黒磯南高校急行）, ゆーバス黒磯線, ゆーバス黒磯線（黒磯南高校止まり）"
伊王野支所前,那須町,町民バス　追分・黒磯駅線
旧伊王野小学校前,関東自動車（株）,黒田原駅前〜上町
旧伊王野小学校前,那須町,町民バス　追分・黒磯駅線
厚崎中学校入口,那須塩原市,"ゆーバス西那須野線, ゆーバス黒磯線"
もみじ谷大吊橋,ジェイアールバス関東（株）,栃木県那須塩原駅〜西那須野駅〜塩原温泉バスターミナル
下町（伊王野）,関東自動車（株）,黒田原駅前〜上町
下町,那須町,町民バス　追分・黒磯駅線
豊浦入口,関東自動車（株）,"那須塩原駅〜黒磯駅〜那須RW, 那須塩原駅〜黒磯駅〜那須湯本, 那須塩原駅〜黒磯駅〜板室温泉, 那須塩原駅〜板室温泉〜那須HP"
日新中学校前,那須塩原市,ゆーバス黒磯線
日新中学校前,大田原市,黒磯駅・黒羽高校線
上厚崎4丁目,那須塩原市,"ゆーバス西那須野線, ゆーバス黒磯線（黒磯南高校急行）, ゆーバス黒磯線, ゆーバス黒磯線（黒磯南高校止まり）"
アグリパル塩原,ジェイアールバス関東（株）,栃木県那須塩原駅〜西那須野駅〜塩原温泉バスターミナル
三軒茶屋,那須塩原市,ゆーバス黒磯線
三軒茶屋,大田原市,黒磯駅・黒羽高校線
道の駅東山道伊王野,那須町,町民バス　追分・黒磯駅線
ビバモール前,那須塩原市,ゆーバス黒磯線
上厚崎2丁目,那須塩原市,"ゆーバス西那須野線, ゆーバス黒磯線"
沼野井,那須町,町民バス　追分・黒磯駅線
文化会館前（那須塩原）,関東自動車（株）,"那須塩原駅〜黒磯駅〜那須RW, 那須塩原駅〜黒磯駅〜那須湯本, 那須塩原駅〜黒磯駅〜板室温泉, 那須塩原駅〜板室温泉〜那須HP"
沓掛新田十文字,那須塩原市,"ゆーバス西那須野線, ゆーバス黒磯線"
那須グリコ乳業前,関東自動車（株）,"那須塩原駅〜黒磯駅〜那須RW, 那須塩原駅〜黒磯駅〜那須湯本, 那須塩原駅〜黒磯駅〜板室温泉, 那須塩原駅〜板室温泉〜那須HP"
下厚崎,関東自動車（株）,"那須塩原駅〜黒磯駅〜那須RW, 那須塩原駅〜黒磯駅〜那須湯本, 那須塩原駅〜黒磯駅〜板室温泉, 那須塩原駅〜板室温泉〜那須HP"
北弥六,那須塩原市,"ゆーバス西那須野線, ゆーバス黒磯線"
梁瀬入口,那須町,町民バス　追分・黒磯駅線
関谷宿,ジェイアールバス関東（株）,栃木県那須塩原駅〜西那須野駅〜塩原温泉バスターミナル
笹掛,那須塩原市,ゆーバス黒磯線
笹掛,大田原市,黒磯駅・黒羽高校線
唐杉東,那須塩原市,"ゆーバス西那須野線, ゆーバス黒磯線"
根柄下,那須町,町民バス　追分・黒磯駅線
唐杉南,那須塩原市,"ゆーバス西那須野線, ゆーバス黒磯線"
鍋掛小学校入口,那須塩原市,ゆーバス黒磯線
鍋掛小学校入口,大田原市,黒磯駅・黒羽高校線
樋世原,那須町,町民バス　追分・黒磯駅線
沓掛,那須町,町民バス　追分・黒磯駅線
下田野,ジェイアールバス関東（株）,栃木県那須塩原駅〜西那須野駅〜塩原温泉バスターミナル
一ツ石,日光交通（株）,湯西川線
沓掛,関東自動車（株）,"那須塩原駅〜黒磯駅〜那須RW, 那須塩原駅〜黒磯駅〜那須湯本, 那須塩原駅〜黒磯駅〜板室温泉, 那須塩原駅〜板室温泉〜那須HP"
鍋掛交差点,大田原市,黒磯駅・黒羽高校線
鍋掛十文字,那須塩原市,ゆーバス黒磯線
東那須野中学校入口,那須塩原市,"ゆーバス西那須野線, ゆーバス黒磯線"
弥六,関東自動車（株）,"那須塩原駅〜黒磯駅〜那須RW, 那須塩原駅〜黒磯駅〜那須湯本, 那須塩原駅〜黒磯駅〜板室温泉, 那須塩原駅〜板室温泉〜那須HP"
塩原口,ジェイアールバス関東（株）,栃木県那須塩原駅〜西那須野駅〜塩原温泉バスターミナル
樋沢公民館前,那須塩原市,ゆーバス黒磯線
JA東那須野前,那須塩原市,"ゆーバス西那須野線, ゆーバス黒磯線"
伊野田眼科クリニック前,関東自動車（株）,"那須塩原駅〜黒磯駅〜那須RW, 那須塩原駅〜黒磯駅〜那須湯本, 那須塩原駅〜黒磯駅〜板室温泉, 那須塩原駅〜板室温泉〜那須HP"
湯西川ダムサイト,日光交通（株）,湯西川線
みんなの歩道橋,那須塩原市,ゆーバス西那須野線
方京1丁目,那須塩原市,ゆーバス西那須野線
西川中央,日光交通（株）,湯西川線
野間十文字,那須塩原市,ゆーバス黒磯線
那須塩原駅,ジェイアールバス関東（株）,栃木県那須塩原駅〜西那須野駅〜塩原温泉バスターミナル
西川入口,日光交通（株）,湯西川線
上野,日光交通（株）,湯西川線
那須塩原駅西口,関東自動車（株）,"那須RW〜共和大学〜那須塩原駅, 那須塩原駅〜共和大学〜那須RW, 那須塩原駅〜黒磯駅〜那須RW, 那須塩原駅〜黒磯駅〜那須湯本, 那須塩原駅〜黒磯駅〜板室温泉, 那須塩原駅〜板室温泉〜那須HP"
那須塩原駅西口,那須塩原市,"ゆーバス西那須野線, ゆーバス黒磯線"
上中野,那須塩原市,ゆーバス西那須野線
那須塩原駅東口,大田原市,"雲巌寺線, 金丸線, 大田原女子高線, 那須塩原駅線"
那須脳神経外科病院,那須塩原市,ゆーバス黒磯線
那須脳神経外科病院,大田原市,金田方面循環線
那須塩原警察署前,那須塩原市,ゆーバス西那須野線
湯西川温泉駅,日光交通（株）,湯西川線
東小屋,大田原市,"雲巌寺線, 金丸線"
寒井北部境,大田原市,黒磯駅・黒羽高校線
鴻巣平入口,大田原市,金田方面循環線
イオンタウン那須塩原,那須塩原市,ゆーバス西那須野線
三本木,大田原市,"雲巌寺線, 金丸線"
練貫新田,大田原市,金田方面循環線
東那須野郵便局前,大田原市,"雲巌寺線, 金丸線"
上中野十文字,那須塩原市,ゆーバス西那須野線
稲沢,那須町,町民バス　追分・黒磯駅線
大原間,大田原市,"大田原女子高線, 那須塩原駅線"
関谷商店前,大田原市,黒磯駅・黒羽高校線
羽田入口,大田原市,金田方面循環線
羽田沼入口,大田原市,金田方面循環線
千本松,ジェイアールバス関東（株）,栃木県那須塩原駅〜西那須野駅〜塩原温泉バスターミナル
鴻の巣,大田原市,"雲巌寺線, 金丸線, 金田方面循環線"
六町歩入口,大田原市,金田方面循環線
藤形公民館前,大田原市,金田方面循環線
海尻橋,日光交通（株）,湯西川線
井口工業団地入口,那須塩原市,ゆーバス西那須野線
鴻巣公民館前,大田原市,"雲巌寺線, 金丸線, 金田方面循環線"
全薬工業入口,大田原市,黒磯駅・黒羽高校線
羽田公民館前,大田原市,金田方面循環線
練貫,大田原市,金田方面循環線
井口北,那須塩原市,ゆーバス西那須野線
北赤田公民館前,那須塩原市,ゆーバス西那須野外循環線
東鴻の巣,大田原市,"雲巌寺線, 金丸線, 金田方面循環線"
八龍神社前,大田原市,金田方面循環線
練貫十文字,大田原市,"雲巌寺線, 金丸線, 金田方面循環線"
東部集落センター前,大田原市,金田方面循環線
寒井簡易郵便局,大田原市,黒磯駅・黒羽高校線
新屋敷,大田原市,金田方面循環線
東赤田,那須塩原市,"ゆーバス西那須野線, ゆーバス西那須野外循環線"
赤田工業団地入口,那須塩原市,ゆーバス西那須野外循環線
下中野,大田原市,"大田原女子高線, 那須塩原駅線"
羽田東部下,大田原市,金田方面循環線
国際医療福祉大学病院,那須塩原市,"ゆーバス西那須野線, ゆーバス西那須野外循環線, ゆーバス西那須野内循環線"
羽田小学校前,大田原市,金田方面循環線
乙連沢上,大田原市,雲巌寺線
寒井駐在所,大田原市,黒磯駅・黒羽高校線
四区工業団地入口,那須塩原市,ゆーバス西那須野外循環線
呑内,大田原市,金田方面循環線
市野沢公民館前,大田原市,"金丸線, 金田方面循環線"
下羽田,大田原市,金田方面循環線
東三島6丁目,那須塩原市,"ゆーバス西那須野線, ゆーバス西那須野外循環線, ゆーバス西那須野内循環線"
西富山,ジェイアールバス関東（株）,栃木県那須塩原駅〜西那須野駅〜塩原温泉バスターミナル
羽田小学校入口,大田原市,金田方面循環線
乙連沢,大田原市,金田方面循環線
市野沢,大田原市,"金丸線, 金田方面循環線"
乙連沢十文字,大田原市,雲巌寺線
四区公民館前,那須塩原市,ゆーバス西那須野外循環線
今泉,大田原市,"大田原女子高線, 那須塩原駅線"
五十里ダムサイド,しおや交通（株）,鬼怒川温泉女夫渕線
五十里ダムサイト,日光交通（株）,湯西川線
東三島4丁目,那須塩原市,ゆーバス西那須野内循環線
小滝苑入口,大田原市,金田方面循環線
西那須野消防署前,那須塩原市,ゆーバス西那須野内循環線
三島中学校入口,那須塩原市,"ゆーバス西那須野線, ゆーバス西那須野外循環線, ゆーバス西那須野内循環線"
三島体育センター前,那須塩原市,ゆーバス西那須野内循環線
那須野が原博物館,那須塩原市,ゆーバス西那須野内循環線
乙連沢下,大田原市,雲巌寺線
健康長寿センター前,那須塩原市,ゆーバス西那須野内循環線
三島農場,ジェイアールバス関東（株）,栃木県那須塩原駅〜西那須野駅〜塩原温泉バスターミナル
見晴台,日光交通（株）,湯西川線
川治ダムサイド,しおや交通（株）,鬼怒川温泉女夫渕線
東三島2丁目,那須塩原市,"ゆーバス西那須野外循環線, ゆーバス西那須野内循環線"
市野沢交差点,大田原市,金丸線
川治湯元駅入口,しおや交通（株）,鬼怒川温泉女夫渕線
川治湯本駅入口,日光交通（株）,湯西川線
三島,那須塩原市,ゆーバス西那須野線
増山医院前,大田原市,金田方面循環線
東山閣前,しおや交通（株）,鬼怒川温泉女夫渕線
東山閣前,日光交通（株）,湯西川線
宿屋伝七前,しおや交通（株）,鬼怒川温泉女夫渕線
川治温泉,日光交通（株）,湯西川線
小滝集落センター前,大田原市,金田方面循環線
三島3丁目,那須塩原市,ゆーバス西那須野線
西小学校,那須塩原市,ゆーバス西那須野外循環線
睦,那須塩原市,"ゆーバス西那須野外循環線, ゆーバス西那須野内循環線"
西三島7丁目,那須塩原市,ゆーバス西那須野内循環線
金田北中学校入口,大田原市,金田方面循環線
川治橋,日光交通（株）,湯西川線
三島小学校前,ジェイアールバス関東（株）,栃木県那須塩原駅〜西那須野駅〜塩原温泉バスターミナル
小指,しおや交通（株）,鬼怒川温泉女夫渕線
登隆館前,しおや交通（株）,鬼怒川温泉女夫渕線
登隆館前,日光交通（株）,湯西川線
一柳閣前,日光交通（株）,湯西川線
岡十文字,大田原市,"大田原女子高線, 那須塩原駅線"
那須製作所前,大田原市,黒磯駅・黒羽高校線
柏屋ホテル前,しおや交通（株）,鬼怒川温泉女夫渕線
柏屋ホテル前,日光交通（株）,湯西川線
西三島5丁目,那須塩原市,ゆーバス西那須野線
篠原境,大田原市,雲巌寺線
JA小滝倉庫前,大田原市,金田方面循環線
資材センター前,那須塩原市,ゆーバス西那須野内循環線
つくし共同作業所前,那須塩原市,ゆーバス西那須野内循環線
南郷屋1丁目,那須塩原市,ゆーバス西那須野外循環線
なでしこ幼稚園前,大田原市,金丸線
小網,日光交通（株）,湯西川線
戸中,しおや交通（株）,鬼怒川温泉女夫渕線
市野沢小学校入口,大田原市,金田方面循環線
雲照寺入口,那須塩原市,ゆーバス西那須野外循環線
狩野宿前,那須塩原市,"ゆーバス西那須野線, ゆーバス西那須野内循環線"
足利銀行前,那須塩原市,ゆーバス西那須野外循環線
野尻入口,しおや交通（株）,鬼怒川温泉女夫渕線
篠原公民館前,大田原市,雲巌寺線
上深田,大田原市,金田方面循環線
そすいの郷,那須塩原市,ゆーバス西那須野外循環線
西原町,那須塩原市,"ゆーバス西那須野線, ゆーバス西那須野内循環線"
学校入口［旧川治小中］,日光交通（株）,湯西川線
新南,那須塩原市,ゆーバス西那須野内循環線
疏水パーク前,那須塩原市,"ゆーバス西那須野線, ゆーバス西那須野外循環線, ゆーバス西那須野内循環線"
野尻,しおや交通（株）,鬼怒川温泉女夫渕線
五峰の湯,関東自動車（株）,"西那須野駅〜黒羽高校〜五峰の湯, 西那須野駅〜赤・福〜五峰の湯, 大田原市役所〜黒・黒〜五峰の湯"
西那須野駅,ジェイアールバス関東（株）,栃木県那須塩原駅〜西那須野駅〜塩原温泉バスターミナル
西那須野駅西口,那須塩原市,"ゆーバス西那須野線, ゆーバス西那須野外循環線, ゆーバス西那須野内循環線"
川治温泉駅,日光交通（株）,湯西川線
西那須野公民館前,那須塩原市,"ゆーバス西那須野線, ゆーバス西那須野内循環線"
西那須野駅東口,関東自動車（株）,"西那須野駅〜国際医療福祉大学, 西那須野駅〜黒羽高校〜五峰の湯, 西那須野駅〜黒羽郵便局前, 西那須野駅〜赤・福〜五峰の湯, 西那須野駅〜赤十字〜黒羽郵便局, 西那須野駅〜大田原中学校前, 西那須野駅〜那須赤十字病院, 馬頭車庫〜倉骨〜西那須野駅"
西那須野駅東口,那須塩原市,"ゆーバス西那須野外循環線, ゆーバス西那須野内循環線"
川治温泉駅前,しおや交通（株）,鬼怒川温泉女夫渕線
西那須野駅東口,大田原市,大田原市内循環線
紫塚ニュータウン前,大田原市,"大田原女子高線, 那須塩原駅線"
赤煉瓦前,関東自動車（株）,"西那須野駅〜国際医療福祉大学, 西那須野駅〜黒羽高校〜五峰の湯, 西那須野駅〜黒羽郵便局前, 西那須野駅〜赤・福〜五峰の湯, 西那須野駅〜赤十字〜黒羽郵便局, 西那須野駅〜大田原中学校前, 西那須野駅〜那須赤十字病院, 馬頭車庫〜倉骨〜西那須野駅"
市営住宅入口［大田原市］,大田原市,金田方面循環線
小滝,大田原市,金丸線
乃木神社参道入口,那須塩原市,ゆーバス西那須野内循環線
旧日向公民館前,しおや交通（株）,鬼怒川温泉女夫渕線
西那須野庁舎,那須塩原市,"ゆーバス西那須野線, ゆーバス西那須野外循環線, ゆーバス西那須野内循環線"
一柳閣前,しおや交通（株）,鬼怒川温泉女夫渕線
黒羽橋,大田原市,黒磯駅・黒羽高校線
多賀神社前,大田原市,雲巌寺線
五峰ヶ丘団地入口,大田原市,黒磯駅・黒羽高校線
那須赤十字病院,関東自動車（株）,"西那須野駅〜赤・福〜五峰の湯, 西那須野駅〜赤十字〜黒羽郵便局, 西那須野駅〜那須赤十字病院"
那須赤十字病院,大田原市,"金田方面循環線, 大田原市内循環線, 那須塩原駅線, まちなか循環線"
ピアートホール入口,関東自動車（株）,"西那須野駅〜黒羽高校〜五峰の湯, 西那須野駅〜赤・福〜五峰の湯, 大田原市役所〜黒・黒〜五峰の湯"
乃木参道入口,関東自動車（株）,"西那須野駅〜国際医療福祉大学, 西那須野駅〜黒羽高校〜五峰の湯, 西那須野駅〜黒羽郵便局前, 西那須野駅〜赤・福〜五峰の湯, 西那須野駅〜赤十字〜黒羽郵便局, 西那須野駅〜大田原中学校前, 西那須野駅〜那須赤十字病院, 馬頭車庫〜倉骨〜西那須野駅"
川俣温泉,しおや交通（株）,鬼怒川温泉女夫渕線
くらしの館,大田原市,雲巌寺線
ふくよ館前,しおや交通（株）,鬼怒川温泉女夫渕線
仙心亭前,しおや交通（株）,鬼怒川温泉女夫渕線
石林,那須塩原市,ゆーバス西那須野内循環線
間欠泉,しおや交通（株）,鬼怒川温泉女夫渕線
下永田,関東自動車（株）,"西那須野駅〜国際医療福祉大学, 西那須野駅〜黒羽高校〜五峰の湯, 西那須野駅〜黒羽郵便局前, 西那須野駅〜赤・福〜五峰の湯, 西那須野駅〜赤十字〜黒羽郵便局, 西那須野駅〜大田原中学校前, 西那須野駅〜那須赤十字病院, 馬頭車庫〜倉骨〜西那須野駅"
川俣温泉運動公園前,しおや交通（株）,鬼怒川温泉女夫渕線
川俣温泉入口,しおや交通（株）,鬼怒川温泉女夫渕線
女夫渕,しおや交通（株）,鬼怒川温泉女夫渕線
JA大田原北支店前,大田原市,金田方面循環線
東電別館前,大田原市,大田原市内循環線
旧栗山中学校前,しおや交通（株）,鬼怒川温泉女夫渕線
北金丸,大田原市,金丸線
逆セ川,日光交通（株）,湯西川線
那須拓陽高校前,那須塩原市,"ゆーバス西那須野外循環線, ゆーバス西那須野内循環線"
平家平温泉,しおや交通（株）,鬼怒川温泉女夫渕線
トライアル大田原店前,関東自動車（株）,"西那須野駅〜赤・福〜五峰の湯, 西那須野駅〜赤十字〜黒羽郵便局, 西那須野駅〜那須赤十字病院"
トライアル大田原店前,大田原市,"金田方面循環線, 大田原市内循環線, 那須塩原駅線, まちなか循環線"
石林入口,関東自動車（株）,"西那須野駅〜国際医療福祉大学, 西那須野駅〜黒羽高校〜五峰の湯, 西那須野駅〜黒羽郵便局前, 西那須野駅〜赤・福〜五峰の湯, 西那須野駅〜赤十字〜黒羽郵便局, 西那須野駅〜大田原中学校前, 西那須野駅〜那須赤十字病院, 馬頭車庫〜倉骨〜西那須野駅"
大輪入口,関東自動車（株）,"西那須野駅〜黒羽高校〜五峰の湯, 西那須野駅〜赤・福〜五峰の湯, 大田原市役所〜黒・黒〜五峰の湯"
大輪入口,大田原市,黒磯駅・黒羽高校線
大王入口,しおや交通（株）,鬼怒川温泉女夫渕線
だいなリハビリクリニック前,大田原市,"大田原女子高線, 那須塩原駅線"
またぎの里,しおや交通（株）,鬼怒川温泉女夫渕線
一本松,関東自動車（株）,"西那須野駅〜国際医療福祉大学, 西那須野駅〜黒羽高校〜五峰の湯, 西那須野駅〜黒羽郵便局前, 西那須野駅〜赤・福〜五峰の湯, 西那須野駅〜赤十字〜黒羽郵便局, 西那須野駅〜大田原中学校前, 西那須野駅〜那須赤十字病院, 馬頭車庫〜倉骨〜西那須野駅"
蜂巣十文字,大田原市,雲巌寺線
清峰高前,大田原市,大田原市内循環線
松ノ木平,しおや交通（株）,鬼怒川温泉女夫渕線
中田原工業団地,大田原市,"金田方面循環線, 大田原市内循環線"
国道4号線東,那須塩原市,ゆーバス西那須野外循環線
大高入口,関東自動車（株）,"西那須野駅〜赤・福〜五峰の湯, 西那須野駅〜赤十字〜黒羽郵便局"
大高入口,大田原市,"大田原市内循環線, 大田原女子高線, 那須塩原駅線, まちなか循環線"
TBC学院前,関東自動車（株）,西那須野駅〜那須赤十字病院
那須清峰高校入口,那須塩原市,ゆーバス西那須野内循環線
富士電機前,大田原市,金田方面循環線
川俣大橋,しおや交通（株）,鬼怒川温泉女夫渕線
本町（大田原）,関東自動車（株）,"西那須野駅〜国際医療福祉大学, 西那須野駅〜黒羽高校〜五峰の湯, 西那須野駅〜黒羽郵便局前, 西那須野駅〜赤・福〜五峰の湯, 西那須野駅〜赤十字〜黒羽郵便局, 西那須野駅〜大田原中学校前, 西那須野駅〜那須赤十字病院, 馬頭車庫〜倉骨〜西那須野駅"
大田原高校前,関東自動車（株）,西那須野駅〜那須赤十字病院
川俣平家塚,しおや交通（株）,鬼怒川温泉女夫渕線
富士電機入口,大田原市,大田原市内循環線
JUKI大田原工場前,関東自動車（株）,"西那須野駅〜国際医療福祉大学, 西那須野駅〜黒羽高校〜五峰の湯, 西那須野駅〜黒羽郵便局前, 西那須野駅〜赤・福〜五峰の湯, 西那須野駅〜赤十字〜黒羽郵便局, 大田原市役所〜黒・黒〜五峰の湯, 大田原市役所〜黒羽郵便局前"
JUKI大田原工場前,大田原市,那須塩原駅線
川俣湖温泉民宿村,しおや交通（株）,鬼怒川温泉女夫渕線
中わらび,しおや交通（株）,鬼怒川温泉女夫渕線
堀之内,関東自動車（株）,"西那須野駅〜黒羽高校〜五峰の湯, 西那須野駅〜赤・福〜五峰の湯, 大田原市役所〜黒・黒〜五峰の湯"
堀之内,大田原市,黒磯駅・黒羽高校線
ヨークタウン前,大田原市,"大田原市内循環線, 大田原女子高線, 那須塩原駅線, まちなか循環線"
西幸町,那須塩原市,"ゆーバス西那須野外循環線, ゆーバス西那須野内循環線"
稲荷神社前,関東自動車（株）,"西那須野駅〜国際医療福祉大学, 西那須野駅〜黒羽高校〜五峰の湯, 西那須野駅〜黒羽郵便局前, 西那須野駅〜赤・福〜五峰の湯, 西那須野駅〜赤十字〜黒羽郵便局, 西那須野駅〜大田原中学校前, 馬頭車庫〜倉骨〜西那須野駅"
古町入口,関東自動車（株）,"西那須野駅〜国際医療福祉大学, 西那須野駅〜黒羽高校〜五峰の湯, 西那須野駅〜黒羽郵便局前, 西那須野駅〜赤・福〜五峰の湯, 西那須野駅〜赤十字〜黒羽郵便局, 大田原市役所〜黒・黒〜五峰の湯, 大田原市役所〜黒羽郵便局前"
古町入口,大田原市,那須塩原駅線
大田原市役所入口,関東自動車（株）,"西那須野駅〜国際医療福祉大学, 西那須野駅〜黒羽高校〜五峰の湯, 西那須野駅〜黒羽郵便局前, 西那須野駅〜赤・福〜五峰の湯, 西那須野駅〜赤十字〜黒羽郵便局, 西那須野駅〜大田原中学校前, 馬頭車庫〜倉骨〜西那須野駅"
那須野ヶ原温泉入口,大田原市,大田原市内循環線
ヨークタウン前,関東自動車（株）,"西那須野駅〜赤・福〜五峰の湯, 西那須野駅〜赤十字〜黒羽郵便局"
河原,大田原市,金田方面循環線
北條光学入口,大田原市,雲巌寺線
住吉1丁目,関東自動車（株）,"西那須野駅〜国際医療福祉大学, 西那須野駅〜黒羽高校〜五峰の湯, 西那須野駅〜黒羽郵便局前, 西那須野駅〜赤・福〜五峰の湯, 西那須野駅〜赤十字〜黒羽郵便局, 西那須野駅〜大田原中学校前, 馬頭車庫〜倉骨〜西那須野駅"
県北健康福祉センター,関東自動車（株）,"西那須野駅〜国際医療福祉大学, 西那須野駅〜黒羽高校〜五峰の湯, 西那須野駅〜黒羽郵便局前, 西那須野駅〜赤・福〜五峰の湯, 西那須野駅〜赤十字〜黒羽郵便局, 西那須野駅〜大田原中学校前, 馬頭車庫〜倉骨〜西那須野駅"
県北健康福祉センター前,大田原市,"金田方面循環線, 大田原市内循環線, 那須塩原駅線, 蛭田・湯津上線, 野崎方面循環線, まちなか循環線"
ハーモニーホール前,大田原市,大田原市内循環線
住吉2丁目,関東自動車（株）,"西那須野駅〜国際医療福祉大学, 西那須野駅〜黒羽高校〜五峰の湯, 西那須野駅〜黒羽郵便局前, 西那須野駅〜赤・福〜五峰の湯, 西那須野駅〜赤十字〜黒羽郵便局, 西那須野駅〜大田原中学校前, 馬頭車庫〜倉骨〜西那須野駅"
新田入口,関東自動車（株）,"西那須野駅〜国際医療福祉大学, 西那須野駅〜黒羽高校〜五峰の湯, 西那須野駅〜黒羽郵便局前, 西那須野駅〜赤・福〜五峰の湯, 西那須野駅〜赤十字〜黒羽郵便局, 大田原市役所〜黒・黒〜五峰の湯, 大田原市役所〜黒羽郵便局前"
大田原温泉前,関東自動車（株）,"西那須野駅〜国際医療福祉大学, 西那須野駅〜黒羽高校〜五峰の湯, 西那須野駅〜黒羽郵便局前, 西那須野駅〜赤・福〜五峰の湯, 西那須野駅〜赤十字〜黒羽郵便局"
鉢木,大田原市,"雲巌寺線, 須賀川線"
黒羽高校入口,関東自動車（株）,"西那須野駅〜黒羽高校〜五峰の湯, 西那須野駅〜赤・福〜五峰の湯, 大田原市役所〜黒・黒〜五峰の湯"
黒羽高校入口,大田原市,"雲巌寺線, 黒磯駅・黒羽高校線, 須賀川線"
高岩河川公園入口,大田原市,雲巌寺線
松の木内,大田原市,"雲巌寺線, 須賀川線"
国際医療福祉大学前,関東自動車（株）,"西那須野駅〜国際医療福祉大学, 西那須野駅〜黒羽高校〜五峰の湯, 西那須野駅〜黒羽郵便局前, 西那須野駅〜赤・福〜五峰の湯, 西那須野駅〜赤十字〜黒羽郵便局, 大田原市役所〜黒・黒〜五峰の湯, 大田原市役所〜黒羽郵便局前"
国際医療福祉大学,大田原市,"金丸線, 那須塩原駅線"
市体育館前,関東自動車（株）,"大田原市役所〜黒・黒〜五峰の湯, 大田原市役所〜黒羽郵便局前"
市体育館前［大田原市］,大田原市,"金田方面循環線, 大田原市内循環線, 那須塩原駅線, 蛭田・湯津上線, 野崎方面循環線, まちなか循環線"
旧北野上小前,大田原市,"雲巌寺線, 須賀川線"
緑2丁目,那須塩原市,ゆーバス西那須野内循環線
日蔭,しおや交通（株）,鬼怒川温泉女夫渕線
大田原市役所,関東自動車（株）,"大田原市役所〜黒・黒〜五峰の湯, 大田原市役所〜黒羽郵便局前"
大田原市役所,大田原市,"金田方面循環線, 大田原市内循環線, 那須塩原駅線, 蛭田・湯津上線, 野崎方面循環線, まちなか循環線"
太夫塚4丁目,那須塩原市,"ゆーバス西那須野外循環線, ゆーバス西那須野内循環線"
龍城公園前,関東自動車（株）,"西那須野駅〜国際医療福祉大学, 西那須野駅〜黒羽高校〜五峰の湯, 西那須野駅〜黒羽郵便局前, 西那須野駅〜赤・福〜五峰の湯, 西那須野駅〜赤十字〜黒羽郵便局"
白岩,日光交通（株）,湯西川線
中央［大田原市］,大田原市,蛭田・湯津上線
労働基準監督署前,大田原市,大田原市内循環線
奥沢入口,大田原市,那須塩原駅線
大清水入口,大田原市,雲巌寺線
JA植木センター,那須塩原市,ゆーバス西那須野外循環線
龍城公園前,大田原市,金田方面循環線
荒屋敷,関東自動車（株）,"西那須野駅〜国際医療福祉大学, 西那須野駅〜黒羽高校〜五峰の湯, 西那須野駅〜黒羽郵便局前, 西那須野駅〜赤・福〜五峰の湯, 西那須野駅〜赤十字〜黒羽郵便局"
奥沢小学校入口,関東自動車（株）,"西那須野駅〜国際医療福祉大学, 西那須野駅〜黒羽高校〜五峰の湯, 西那須野駅〜黒羽郵便局前, 西那須野駅〜赤・福〜五峰の湯, 西那須野駅〜赤十字〜黒羽郵便局, 大田原市役所〜黒・黒〜五峰の湯, 大田原市役所〜黒羽郵便局前"
山の手1丁目,関東自動車（株）,"西那須野駅〜国際医療福祉大学, 西那須野駅〜黒羽高校〜五峰の湯, 西那須野駅〜黒羽郵便局前, 西那須野駅〜赤・福〜五峰の湯, 西那須野駅〜赤十字〜黒羽郵便局, 西那須野駅〜大田原中学校前, 馬頭車庫〜倉骨〜西那須野駅"
青柳平,しおや交通（株）,鬼怒川温泉女夫渕線
金丸入口,関東自動車（株）,"西那須野駅〜黒羽高校〜五峰の湯, 西那須野駅〜黒羽郵便局前, 西那須野駅〜赤・福〜五峰の湯, 西那須野駅〜赤十字〜黒羽郵便局, 大田原市役所〜黒・黒〜五峰の湯, 大田原市役所〜黒羽郵便局前"
金丸入口,大田原市,"金丸線, 那須塩原駅線"
黒部,しおや交通（株）,鬼怒川温泉女夫渕線
大田原温泉入口,大田原市,大田原市内循環線
トコトコ大田原前,関東自動車（株）,"西那須野駅〜国際医療福祉大学, 西那須野駅〜黒羽高校〜五峰の湯, 西那須野駅〜黒羽郵便局前, 西那須野駅〜赤・福〜五峰の湯, 西那須野駅〜赤十字〜黒羽郵便局, 西那須野駅〜大田原中学校前, 馬頭車庫〜倉骨〜西那須野駅"
トコトコ大田原前,大田原市,"金田方面循環線, 大田原女子高線, 野崎方面循環線, まちなか循環線"
上前田,関東自動車（株）,"西那須野駅〜黒羽高校〜五峰の湯, 西那須野駅〜赤・福〜五峰の湯, 大田原市役所〜黒・黒〜五峰の湯"
上前田,大田原市,"雲巌寺線, 須賀川線"
城山,関東自動車（株）,"西那須野駅〜国際医療福祉大学, 西那須野駅〜黒羽高校〜五峰の湯, 西那須野駅〜黒羽郵便局前, 西那須野駅〜赤・福〜五峰の湯, 西那須野駅〜赤十字〜黒羽郵便局"
城山,大田原市,金田方面循環線
日蔭木工所,しおや交通（株）,鬼怒川温泉女夫渕線
中央多目的公園前,大田原市,蛭田・湯津上線
湯泉坂上,関東自動車（株）,"西那須野駅〜国際医療福祉大学, 西那須野駅〜黒羽高校〜五峰の湯, 西那須野駅〜黒羽郵便局前, 西那須野駅〜赤・福〜五峰の湯, 西那須野駅〜赤十字〜黒羽郵便局"
黒羽高校,関東自動車（株）,"西那須野駅〜黒羽高校〜五峰の湯, 西那須野駅〜赤・福〜五峰の湯, 大田原市役所〜黒・黒〜五峰の湯"
黒羽高校,大田原市,"雲巌寺線, 黒磯駅・黒羽高校線"
緑,大田原市,大田原市内循環線
上奥沢,関東自動車（株）,"西那須野駅〜国際医療福祉大学, 西那須野駅〜黒羽高校〜五峰の湯, 西那須野駅〜黒羽郵便局前, 西那須野駅〜赤・福〜五峰の湯, 西那須野駅〜赤十字〜黒羽郵便局, 大田原市役所〜黒・黒〜五峰の湯, 大田原市役所〜黒羽郵便局前"
上奥沢,大田原市,那須塩原駅線
田沢,大田原市,"雲巌寺線, 須賀川線"
萓峠,しおや交通（株）,鬼怒川温泉女夫渕線
青柳車庫前,しおや交通（株）,鬼怒川温泉女夫渕線
二区町公民館入口,那須塩原市,ゆーバス西那須野外循環線
二つ室,那須塩原市,ゆーバス西那須野内循環線
観光ドライブイン前,しおや交通（株）,鬼怒川温泉女夫渕線
上栗山,しおや交通（株）,鬼怒川温泉女夫渕線
栗山行政センター前,しおや交通（株）,鬼怒川温泉女夫渕線
下前田,関東自動車（株）,"西那須野駅〜黒羽高校〜五峰の湯, 西那須野駅〜赤・福〜五峰の湯, 大田原市役所〜黒・黒〜五峰の湯"
下前田,大田原市,"雲巌寺線, 須賀川線"
末広橋,関東自動車（株）,"大田原市役所〜黒・黒〜五峰の湯, 大田原市役所〜黒羽郵便局前"
末広橋,大田原市,蛭田・湯津上線
二つ室公民館,那須塩原市,ゆーバス西那須野内循環線
金燈籠,関東自動車（株）,馬頭車庫〜倉骨〜西那須野駅
金燈籠,大田原市,大田原女子高線
明王寺前,大田原市,雲巌寺線
那須庁舎前,関東自動車（株）,西那須野駅〜大田原中学校前
那須庁舎前,大田原市,"野崎方面循環線, まちなか循環線"
白河信用金庫前,大田原市,"那須塩原駅線, まちなか循環線"
ときながクリニック前,大田原市,大田原市内循環線
清水内,大田原市,"雲巌寺線, 須賀川線"
大川筑,しおや交通（株）,鬼怒川温泉女夫渕線
五道橋,関東自動車（株）,"大田原市役所〜黒・黒〜五峰の湯, 大田原市役所〜黒羽郵便局前"
五道橋,大田原市,蛭田・湯津上線
裁判所前（大田原）,関東自動車（株）,西那須野駅〜大田原中学校前
裁判所前［大田原市］,大田原市,"野崎方面循環線, まちなか循環線"
堂川,大田原市,雲巌寺線
大雄寺入口,関東自動車（株）,"西那須野駅〜黒羽高校〜五峰の湯, 西那須野駅〜赤・福〜五峰の湯, 大田原市役所〜黒・黒〜五峰の湯"
大雄寺入口,大田原市,"雲巌寺線, 須賀川線"
末広2丁目,大田原市,"那須塩原駅線, まちなか循環線"
金丸小学校前,関東自動車（株）,"西那須野駅〜黒羽高校〜五峰の湯, 西那須野駅〜黒羽郵便局前, 西那須野駅〜赤・福〜五峰の湯, 西那須野駅〜赤十字〜黒羽郵便局, 大田原市役所〜黒・黒〜五峰の湯, 大田原市役所〜黒羽郵便局前"
金丸小学校前,大田原市,"金丸線, 那須塩原駅線"
もみじライン入口,日光交通（株）,湯西川線
新富三丁目,関東自動車（株）,西那須野駅〜大田原中学校前
新富3丁目,大田原市,"野崎方面循環線, まちなか循環線"
大田原郵便局前,関東自動車（株）,馬頭車庫〜倉骨〜西那須野駅
常盤が丘,那須塩原市,ゆーバス西那須野外循環線
黒羽支所,関東自動車（株）,"西那須野駅〜黒羽高校〜五峰の湯, 西那須野駅〜赤・福〜五峰の湯, 大田原市役所〜黒・黒〜五峰の湯"
黒羽支所,大田原市,"雲巌寺線, 須賀川線"
蛇王の滝,しおや交通（株）,鬼怒川温泉女夫渕線
蛇王平温泉民宿村,しおや交通（株）,鬼怒川温泉女夫渕線
東武百貨店前,関東自動車（株）,"大田原市役所〜黒・黒〜五峰の湯, 大田原市役所〜黒羽郵便局前"
東武百貨店前,大田原市,"大田原市内循環線, 蛭田・湯津上線"
あさひ橋,関東自動車（株）,"大田原市役所〜黒・黒〜五峰の湯, 大田原市役所〜黒羽郵便局前"
あさひ橋,大田原市,"大田原市内循環線, 那須塩原駅線"
道の駅那須与一の郷,大田原市,"金丸線, 那須塩原駅線"
家康の里民宿村入口,しおや交通（株）,鬼怒川温泉女夫渕線
下町（大田原）,関東自動車（株）,"西那須野駅〜黒羽高校〜五峰の湯, 西那須野駅〜黒羽郵便局前, 西那須野駅〜赤・福〜五峰の湯, 西那須野駅〜赤十字〜黒羽郵便局, 大田原市役所〜黒・黒〜五峰の湯, 大田原市役所〜黒羽郵便局前"
下町,大田原市,雲巌寺線
黒羽郵便局前,関東自動車（株）,"西那須野駅〜黒羽高校〜五峰の湯, 西那須野駅〜黒羽郵便局前, 西那須野駅〜赤・福〜五峰の湯, 西那須野駅〜赤十字〜黒羽郵便局, 大田原市役所〜黒・黒〜五峰の湯, 大田原市役所〜黒羽郵便局前"
黒羽郵便局前,大田原市,雲巌寺線
塩畑,大田原市,"雲巌寺線, 須賀川線"
大田原女子高校前,関東自動車（株）,馬頭車庫〜倉骨〜西那須野駅
大田原女子高校前,大田原市,大田原女子高線
原眼科前,関東自動車（株）,西那須野駅〜大田原中学校前
原眼科前,大田原市,野崎方面循環線
黒羽神社下,関東自動車（株）,"西那須野駅〜黒羽高校〜五峰の湯, 西那須野駅〜赤・福〜五峰の湯, 大田原市役所〜黒・黒〜五峰の湯"
黒羽神社下,大田原市,"雲巌寺線, 須賀川線"
室井病院前,大田原市,那須塩原駅線
八幡神社前,関東自動車（株）,"西那須野駅〜黒羽高校〜五峰の湯, 西那須野駅〜黒羽郵便局前, 西那須野駅〜赤・福〜五峰の湯, 西那須野駅〜赤十字〜黒羽郵便局, 大田原市役所〜黒・黒〜五峰の湯, 大田原市役所〜黒羽郵便局前"
龍王峡入口,しおや交通（株）,鬼怒川温泉女夫渕線
龍王峡入口,日光交通（株）,湯西川線
王冠ボウル前,関東自動車（株）,"大田原市役所〜黒・黒〜五峰の湯, 大田原市役所〜黒羽郵便局前"
王冠ボウル前,大田原市,"大田原市内循環線, 蛭田・湯津上線"
向町,関東自動車（株）,"西那須野駅〜黒羽高校〜五峰の湯, 西那須野駅〜黒羽郵便局前, 西那須野駅〜赤・福〜五峰の湯, 西那須野駅〜赤十字〜黒羽郵便局, 大田原市役所〜黒・黒〜五峰の湯, 大田原市役所〜黒羽郵便局前"
向町,大田原市,雲巌寺線
さいとうハートアンドキッズクリニック前,大田原市,野崎方面循環線
金丸橋,関東自動車（株）,"西那須野駅〜黒羽高校〜五峰の湯, 西那須野駅〜黒羽郵便局前, 西那須野駅〜赤・福〜五峰の湯, 西那須野駅〜赤十字〜黒羽郵便局, 大田原市役所〜黒・黒〜五峰の湯, 大田原市役所〜黒羽郵便局前"
田町ロータリー,関東自動車（株）,"西那須野駅〜黒羽高校〜五峰の湯, 西那須野駅〜赤・福〜五峰の湯, 大田原市役所〜黒・黒〜五峰の湯"
田町ロータリー,大田原市,雲巌寺線
野崎工業団地,大田原市,野崎方面循環線
大田原女子高校南,関東自動車（株）,"大田原市役所〜黒・黒〜五峰の湯, 大田原市役所〜黒羽郵便局前"
大田原女子高校南,大田原市,"大田原市内循環線, 那須塩原駅線, 蛭田・湯津上線"
大田原浅香町,関東自動車（株）,西那須野駅〜大田原中学校前
若草一丁目,関東自動車（株）,馬頭車庫〜倉骨〜西那須野駅
美原公園入口,大田原市,野崎方面循環線
二ツ室岳西,那須塩原市,ゆーバス西那須野外循環線
カンセキ前（大田原）,関東自動車（株）,"大田原市役所〜黒・黒〜五峰の湯, 大田原市役所〜黒羽郵便局前"
カンセキ前,大田原市,"大田原市内循環線, 蛭田・湯津上線"
花月前,関東自動車（株）,"西那須野駅〜黒羽高校〜五峰の湯, 西那須野駅〜黒羽郵便局前, 西那須野駅〜赤十字〜黒羽郵便局, 大田原市役所〜黒・黒〜五峰の湯"
南金丸,関東自動車（株）,"西那須野駅〜黒羽高校〜五峰の湯, 西那須野駅〜黒羽郵便局前, 西那須野駅〜赤・福〜五峰の湯, 西那須野駅〜赤十字〜黒羽郵便局, 大田原市役所〜黒・黒〜五峰の湯, 大田原市役所〜黒羽郵便局前"
大田原中学校前,関東自動車（株）,西那須野駅〜大田原中学校前
大田原中学校前,大田原市,野崎方面循環線
田中入口,関東自動車（株）,"西那須野駅〜黒羽高校〜五峰の湯, 西那須野駅〜黒羽郵便局前, 西那須野駅〜赤・福〜五峰の湯, 西那須野駅〜赤十字〜黒羽郵便局, 大田原市役所〜黒・黒〜五峰の湯, 大田原市役所〜黒羽郵便局前"
清水坂,関東自動車（株）,"西那須野駅〜黒羽高校〜五峰の湯, 西那須野駅〜黒羽郵便局前, 西那須野駅〜赤・福〜五峰の湯, 西那須野駅〜赤十字〜黒羽郵便局, 大田原市役所〜黒・黒〜五峰の湯, 大田原市役所〜黒羽郵便局前"
保健福祉センター入口,大田原市,野崎方面循環線
富士見1丁目,関東自動車（株）,"大田原市役所〜黒・黒〜五峰の湯, 大田原市役所〜黒羽郵便局前"
富士見1丁目,大田原市,"大田原市内循環線, 那須塩原駅線, 蛭田・湯津上線"
那須中央病院前,大田原市,野崎方面循環線
大豆田,関東自動車（株）,"西那須野駅〜黒羽高校〜五峰の湯, 西那須野駅〜黒羽郵便局前, 西那須野駅〜赤・福〜五峰の湯, 西那須野駅〜赤十字〜黒羽郵便局, 大田原市役所〜黒・黒〜五峰の湯, 大田原市役所〜黒羽郵便局前"
西原小学校・県北体育館入口,大田原市,野崎方面循環線
保健福祉センター東口,関東自動車（株）,"大田原市役所〜黒・黒〜五峰の湯, 大田原市役所〜黒羽郵便局前"
保健福祉センター東口,大田原市,"大田原市内循環線, 蛭田・湯津上線"
十二神社前,日光交通（株）,湯西川線
あさかクリニック前,大田原市,那須塩原駅線
南小学校前,那須塩原市,ゆーバス西那須野外循環線
足銀南出張所,関東自動車（株）,"大田原市役所〜黒・黒〜五峰の湯, 大田原市役所〜黒羽郵便局前"
足銀南出張所前,大田原市,"大田原市内循環線, 蛭田・湯津上線"
若草二丁目,関東自動車（株）,馬頭車庫〜倉骨〜西那須野駅
増山クリニック前,大田原市,野崎方面循環線
浅香2丁目,大田原市,野崎方面循環線
保育所前［日光市］,日光交通（株）,湯西川線
中山,大田原市,"雲巌寺線, 須賀川線"
西郷神社前,大田原市,野崎方面循環線
下石上公園入口,大田原市,野崎方面循環線
若草園前,大田原市,蛭田・湯津上線
新藤原駅前,しおや交通（株）,鬼怒川温泉女夫渕線
藤原,日光交通（株）,湯西川線
雲巌寺前,大田原市,"雲巌寺線, 須賀川線"
一区町東,那須塩原市,ゆーバス西那須野外循環線
加治屋,大田原市,野崎方面循環線
千丈橋,関東自動車（株）,馬頭車庫〜倉骨〜西那須野駅
野崎研修センター前,大田原市,野崎方面循環線
北大和久,関東自動車（株）,馬頭車庫〜倉骨〜西那須野駅
一区町公民館入口,那須塩原市,ゆーバス西那須野外循環線
一区町十文字,那須塩原市,ゆーバス西那須野外循環線
一区町十文字,大田原市,野崎方面循環線
若草川下,大田原市,蛭田・湯津上線
小原,日光交通（株）,湯西川線
下石上,大田原市,野崎方面循環線
須賀川小学校前,大田原市,"雲巌寺線, 須賀川線"
ほほえみセンター入口,大田原市,野崎方面循環線
鹿畑入口,関東自動車（株）,馬頭車庫〜倉骨〜西那須野駅
実取団地前,大田原市,野崎方面循環線
西堀,大田原市,野崎方面循環線
如来入口,大田原市,須賀川線
野崎駅,大田原市,野崎方面循環線
須賀川出張所前,大田原市,"雲巌寺線, 須賀川線"
東沢入口,大田原市,"雲巌寺線, 須賀川線"
須佐木郵便局前,大田原市,"雲巌寺線, 須賀川線"
須佐木竹の内,大田原市,"雲巌寺線, 須賀川線"
宇田川川毛,大田原市,蛭田・湯津上線
上滝入口,日光交通（株）,仲町線
鬼怒川公園駅,日光交通（株）,"仲町線, 湯西川線"
旧須佐木小上,大田原市,"雲巌寺線, 須賀川線"
鬼怒川公園駅前,しおや交通（株）,鬼怒川温泉女夫渕線
薄葉団地入口,大田原市,野崎方面循環線
三角屋前,大田原市,須賀川線
野崎中学校前,大田原市,野崎方面循環線
合格神社前,大田原市,野崎方面循環線
吊り橋入口,日光交通（株）,湯西川線
ロープウェイ前,日光交通（株）,仲町線
薄葉第1団地,大田原市,野崎方面循環線
倉骨倉庫前,関東自動車（株）,馬頭車庫〜倉骨〜西那須野駅
上薄葉,大田原市,野崎方面循環線
第一ホテル前,日光交通（株）,湯西川線
野崎ニュータウン前,大田原市,野崎方面循環線
仲町（日光市）,日光交通（株）,仲町線
宿,大田原市,須賀川線
薄葉児童公園,大田原市,野崎方面循環線
宇田川小学校前,大田原市,蛭田・湯津上線
温泉中央口,日光交通（株）,湯西川線
倉骨,関東自動車（株）,馬頭車庫〜倉骨〜西那須野駅
中薄葉児童公園,大田原市,野崎方面循環線
NTT前（日光市）,日光交通（株）,仲町線
藤原総合支所前,日光交通（株）,湯西川線
神社前［日光市］,日光交通（株）,仲町線
中薄葉公民館前,大田原市,野崎方面循環線
ふれあい橋,日光交通（株）,湯西川線
鬼怒川発電所前,日光交通（株）,仲町線
横山,大田原市,須賀川線
東倉骨,関東自動車（株）,馬頭車庫〜倉骨〜西那須野駅
さくら通り,日光交通（株）,湯西川線
園地入口,日光交通（株）,仲町線
鬼怒川温泉駅,東武バス日光（株）,SL（日光鬼怒川線）
鬼怒川温泉駅,日光交通（株）,"仲町線, 湯西川線, 日光江戸村線, 鬼怒川線"
楯岩橋,日光交通（株）,仲町線
上品川,関東自動車（株）,馬頭車庫〜倉骨〜西那須野駅
鹿島下,大田原市,須賀川線
鬼怒川温泉駅,しおや交通（株）,鬼怒川温泉女夫渕線
やすらぎの湯,大田原市,蛭田・湯津上線
バイパス十字路,日光交通（株）,"仲町線, 鬼怒川線"
湯津上支所,大田原市,蛭田・湯津上線
樽沢入口,大田原市,須賀川線
片府田,大田原市,蛭田・湯津上線
中学校前［藤原中］,日光交通（株）,鬼怒川線
学校下,大田原市,須賀川線
下品川,関東自動車（株）,馬頭車庫〜倉骨〜西那須野駅
大原,日光交通（株）,鬼怒川線
宝寿院,大田原市,蛭田・湯津上線
品川台工業団地,大田原市,蛭田・湯津上線
大原団地前,日光交通（株）,鬼怒川線
新宿,大田原市,蛭田・湯津上線
蛭田入口,関東自動車（株）,馬頭車庫〜倉骨〜西那須野駅
蛭田入口,大田原市,蛭田・湯津上線
市場,大田原市,須賀川線
蛭田小学校入口,大田原市,蛭田・湯津上線
上蛭田,大田原市,蛭田・湯津上線
自由ヶ丘,日光交通（株）,"日光江戸村線, 鬼怒川線"
東武ワールドスクウェア園内,日光交通（株）,"日光江戸村線, 鬼怒川線"
蛭田下集落センター,大田原市,蛭田・湯津上線
花いちもんめ,日光交通（株）,日光江戸村線
湯元温泉,東武バス日光（株）,Y・C・H・M・YK・N・HY・SP
湯元温泉,関越交通（株）,"湯元温泉線, 日光・かたしなエクスプレス号, 鳩待峠行バス連絡所〜湯元温泉線"
霧降高原,東武バス日光（株）,K
清水,大田原市,須賀川線
湖畔前,東武バス日光（株）,Y・C・H・M・YK・N・HY・SP
須賀川竹の内,大田原市,須賀川線
蛭畑,関東自動車（株）,馬頭車庫〜倉骨〜西那須野駅
小佐越駅前,日光交通（株）,"日光江戸村線, 鬼怒川線"
第1駐車場入口,東武バス日光（株）,K
湯津上中学校入口,関東自動車（株）,馬頭車庫〜倉骨〜西那須野駅
鬼怒川レジャー公園前,日光交通（株）,"日光江戸村線, 鬼怒川線"
西の原,関東自動車（株）,馬頭車庫〜倉骨〜西那須野駅
平渡土,大田原市,須賀川線
光徳温泉・日光アストリアホテル,東武バス日光（株）,Y・C・H・M・YK・N・HY・SP
光徳温泉日光アストリアホテル,関越交通（株）,日光・かたしなエクスプレス号
湯滝入口,東武バス日光（株）,Y・C・H・M・YK・N・HY・SP
光徳沼,東武バス日光（株）,Y・C・H・M・YK・N・HY・SP
大森商店前,大田原市,須賀川線
佐良土小学校前,関東自動車（株）,馬頭車庫〜倉骨〜西那須野駅
鬼怒大瀞,日光交通（株）,"日光江戸村線, 鬼怒川線"
高原歩道入口,東武バス日光（株）,K
日光江戸村,日光交通（株）,日光江戸村線
佐良土,関東自動車（株）,馬頭車庫〜倉骨〜西那須野駅
高原橋,東武バス日光（株）,K
石畑,大田原市,須賀川線
とりっくあーと前,日光交通（株）,日光江戸村線
古宿,関東自動車（株）,馬頭車庫〜倉骨〜西那須野駅
田宿,関東自動車（株）,馬頭車庫〜倉骨〜西那須野駅
鳴沢,東武バス日光（株）,K
中岩発電所前,日光交通（株）,鬼怒川線
光徳入口,東武バス日光（株）,Y・C・H・M・YK・N・HY・SP
獨協医大日光医療センター前,日光交通（株）,鬼怒川線
お猿の学校前,日光交通（株）,日光江戸村線
隠れ三滝入口,東武バス日光（株）,K
関場,関東自動車（株）,馬頭車庫〜倉骨〜西那須野駅
高徳郵便局前,日光交通（株）,鬼怒川線
柄倉入口,日光交通（株）,日光江戸村線
新高徳駅,日光交通（株）,"日光江戸村線, 鬼怒川線"
つつじヶ丘,東武バス日光（株）,K
三本松,東武バス日光（株）,Y・C・H・M・YK・N・HY・SP
霧降の滝,東武バス日光（株）,"K, T"
ゴルフ場入口,日光交通（株）,鬼怒川線
盛泉,茨城交通（株）,大子駅前〜盛泉
穴沢,関東自動車（株）,小百線
玉生車庫,関東自動車（株）,"玉生車庫〜健康の森〜駒生, 駒生〜玉生車庫"
栗原入口,日光交通（株）,日光江戸村線
中の原,関東自動車（株）,馬頭車庫〜倉骨〜西那須野駅
霧降,東武バス日光（株）,"K, T"
栗原,日光交通（株）,鬼怒川線
境の明神峠,茨城交通（株）,大子駅前〜盛泉
玉生宿,関東自動車（株）,"玉生車庫〜健康の森〜駒生, 駒生〜玉生車庫"
小田代原,東武バス日光（株）,EV（赤沼奥日光低公害バス）
もみじ平別荘入口,東武バス日光（株）,"K, T"
赤沼車庫,東武バス日光（株）,EV（赤沼奥日光低公害バス）
赤沼,東武バス日光（株）,Y・C・H・M・YK・N・HY・SP
佐貫入口,関東自動車（株）,宇都宮〜船生
船生公民館,関東自動車（株）,宇都宮〜船生
喜多入口,関東自動車（株）,"玉生車庫〜健康の森〜駒生, 駒生〜玉生車庫"
船生,関東自動車（株）,宇都宮〜船生
上町（那珂川）,関東自動車（株）,馬頭車庫〜倉骨〜西那須野駅
小百,東武バス日光（株）,SL（日光鬼怒川線）
道下,関東自動車（株）,"玉生車庫〜健康の森〜駒生, 駒生〜玉生車庫"
石楠花橋,東武バス日光（株）,EV（赤沼奥日光低公害バス）
足立林間学園,東武バス日光（株）,"K, T"
小百,関東自動車（株）,小百線
川村入口,関東自動車（株）,宇都宮〜船生
小川屋前,関東自動車（株）,馬頭車庫〜倉骨〜西那須野駅
大渡,関東自動車（株）,大渡線
川室入口,日光交通（株）,鬼怒川線
大桑支所前,日光交通（株）,鬼怒川線
小川中学校入口,関東自動車（株）,馬頭車庫〜倉骨〜西那須野駅
馬坂,関東自動車（株）,小百線
小川郵便局,関東自動車（株）,馬頭車庫〜倉骨〜西那須野駅
上大桑,日光交通（株）,鬼怒川線
小川横町,関東自動車（株）,馬頭車庫〜倉骨〜西那須野駅
上大渡,関東自動車（株）,大渡線
原荻の目,関東自動車（株）,"玉生車庫〜健康の森〜駒生, 駒生〜玉生車庫"
下西の原,関東自動車（株）,馬頭車庫〜小川・喜連川〜氏家駅
滝上,東武バス日光（株）,Y・C・H・M・YK・N・HY・SP
日光霧降スケートセンター,東武バス日光（株）,T
沼倉,関東自動車（株）,宇都宮〜船生
三輪東,関東自動車（株）,馬頭車庫〜小川・喜連川〜氏家駅
小川車庫前,関東自動車（株）,馬頭車庫〜小川・喜連川〜氏家駅
大桑駅入口,日光交通（株）,鬼怒川線
丸美,東武バス日光（株）,"K, T"
下大渡,関東自動車（株）,大渡線
栄町,関東自動車（株）,馬頭車庫〜小川・喜連川〜氏家駅
栄町,那珂川町,コミュニティバス　馬頭烏山線
高畑,関東自動車（株）,小百線
三輪,関東自動車（株）,馬頭車庫〜小川・喜連川〜氏家駅
寺町（那珂川）,関東自動車（株）,馬頭車庫〜小川・喜連川〜氏家駅
小川仲町,関東自動車（株）,"馬頭車庫〜小川・喜連川〜氏家駅, 馬頭車庫〜倉骨〜西那須野駅"
小川仲町,那珂川町,コミュニティバス　馬頭烏山線
舟戸,関東自動車（株）,"馬頭車庫〜小川・喜連川〜氏家駅, 馬頭車庫〜倉骨〜西那須野駅"
金枝火の見下,関東自動車（株）,"玉生車庫〜健康の森〜駒生, 駒生〜玉生車庫"
曲沢,関東自動車（株）,大渡線
大猷院・二荒山神社前,東武バス日光（株）,"W（世界遺産めぐりバス）, SL（日光鬼怒川線）, 日光グリーンスローモビリティ"
竜頭の滝,東武バス日光（株）,Y・C・H・M・YK・N・HY・SP
下丸美,東武バス日光（株）,"K, T"
小川南,関東自動車（株）,"馬頭車庫〜小川・喜連川〜氏家駅, 馬頭車庫〜倉骨〜西那須野駅"
東照宮東参道入口ホテル清晃苑前,東武バス日光（株）,W（世界遺産めぐりバス）
辻町,那珂川町,コミュニティバス　馬頭烏山線
斎場入口,関東自動車（株）,小百線
日光山輪王寺,東武バス日光（株）,日光グリーンスローモビリティ
上沢,関東自動車（株）,宇都宮〜船生
菖蒲ヶ浜,東武バス日光（株）,Y・C・H・M・YK・N・HY・SP
西参道茶屋,東武バス日光（株）,"W（世界遺産めぐりバス）, SL（日光鬼怒川線）, 日光グリーンスローモビリティ"
西参道,東武バス日光（株）,Y・C・H・M・YK・N・HY・SP
西参道入口,東武バス日光（株）,"Y・C・H・M・YK・N・HY・SP, 日光グリーンスローモビリティ"
金枝神社前,関東自動車（株）,"玉生車庫〜健康の森〜駒生, 駒生〜玉生車庫"
勝道上人像前,東武バス日光（株）,"W（世界遺産めぐりバス）, 日光グリーンスローモビリティ"
表参道,東武バス日光（株）,"W（世界遺産めぐりバス）, 日光グリーンスローモビリティ"
金谷ホテル歴史館,東武バス日光（株）,"Y・C・H・M・YK・N・HY・SP, 日光グリーンスローモビリティ"
日光東照宮,関東自動車（株）,"宇都宮〜篠井NT〜日光東照宮, 宇都宮〜日光東照宮"
西ノ湖入口,東武バス日光（株）,EV（赤沼奥日光低公害バス）
安川町,日光市,足尾JR日光駅線
安川町,東武バス日光（株）,"Y・C・H・M・YK・N・HY・SP, W（世界遺産めぐりバス）, SL（日光鬼怒川線）"
日光田母沢御用邸記念公園前,東武バス日光（株）,日光グリーンスローモビリティ
西参道駐車場前,東武バス日光（株）,日光グリーンスローモビリティ
ホテル日光千姫物語前,東武バス日光（株）,日光グリーンスローモビリティ
藤山入口,関東自動車（株）,馬頭車庫〜小川・喜連川〜氏家駅
神橋,関東自動車（株）,"宇都宮〜篠井NT〜日光東照宮, 宇都宮〜日光東照宮"
神橋,東武バス日光（株）,"Y・C・H・M・YK・N・HY・SP, W（世界遺産めぐりバス）, SL（日光鬼怒川線）"
館坂上,関東自動車（株）,大渡線
日光田母沢御用邸記念公園,東武バス日光（株）,Y・C・H・M・YK・N・HY・SP
御用邸通り,東武バス日光（株）,日光グリーンスローモビリティ
神田,那珂川町,コミュニティバス　馬頭烏山線
菖蒲遊覧船発着所,東武バス日光（株）,Y・C・H・M・YK・N・HY・SP
梶ヶ原,日光交通（株）,鬼怒川線
蓮華石,東武バス日光（株）,Y・C・H・M・YK・N・HY・SP
中禅寺金谷ホテル前,東武バス日光（株）,Y・C・H・M・YK・N・HY・SP
霧降大橋,東武バス日光（株）,"K, T"
霧降大橋,日光交通（株）,日光線
日光植物園,東武バス日光（株）,Y・C・H・M・YK・N・HY・SP
鉢石町,日光市,足尾JR日光駅線
鉢石町,東武バス日光（株）,"Y・C・H・M・YK・N・HY・SP, W（世界遺産めぐりバス）, SL（日光鬼怒川線）"
鉢石町,関東自動車（株）,"宇都宮〜篠井NT〜日光東照宮, 宇都宮〜日光東照宮"
轟火の見下,関東自動車（株）,大渡線
小川原,那珂川町,コミュニティバス　馬頭烏山線
日光郷土センター前,関東自動車（株）,"宇都宮〜篠井NT〜日光東照宮, 宇都宮〜日光東照宮"
日光郷土センター前,東武バス日光（株）,"Y・C・H・M・YK・N・HY・SP, W（世界遺産めぐりバス）, SL（日光鬼怒川線）"
東武バス日光営業所,東武バス日光（株）,T
安良沢,東武バス日光（株）,Y・C・H・M・YK・N・HY・SP
憾満ヶ淵・化け地蔵,東武バス日光（株）,日光グリーンスローモビリティ
佐貫,関東自動車（株）,宇都宮〜船生
小川ゴルフクラブ入口,関東自動車（株）,馬頭車庫〜小川・喜連川〜氏家駅
日光行政センター前,関東自動車（株）,"宇都宮〜篠井NT〜日光東照宮, 宇都宮〜日光東照宮"
日光行政センター前,東武バス日光（株）,"Y・C・H・M・YK・N・HY・SP, W（世界遺産めぐりバス）, SL（日光鬼怒川線）"
轟小学校前,関東自動車（株）,大渡線
大宮北,関東自動車（株）,"玉生車庫〜健康の森〜駒生, 駒生〜玉生車庫"
千手ヶ浜,東武バス日光（株）,EV（赤沼奥日光低公害バス）
第一発電所前,日光交通（株）,日光線
びゅうフォレスト北,関東自動車（株）,びゅうフォレスト〜フィ〜氏家駅
高田,那珂川町,コミュニティバス　馬頭烏山線
道の駅ばとう,関東自動車（株）,"馬頭車庫〜小川・喜連川〜氏家駅, 馬頭車庫〜倉骨〜西那須野駅"
道の駅ばとう,那珂川町,コミュニティバス　馬頭烏山線
日光市民病院前,日光市,足尾JR日光駅線
裏見の滝入口,東武バス日光（株）,Y・C・H・M・YK・N・HY・SP
石屋町,関東自動車（株）,"宇都宮〜篠井NT〜日光東照宮, 宇都宮〜日光東照宮"
石屋町,東武バス日光（株）,"Y・C・H・M・YK・N・HY・SP, W（世界遺産めぐりバス）, SL（日光鬼怒川線）"
佐貫観音前,関東自動車（株）,宇都宮〜船生
所野公園前,日光交通（株）,日光線
市民ゴルフ場前,日光交通（株）,日光線
富士山下,関東自動車（株）,大渡線
所野第二団地,日光交通（株）,日光線
温泉保養センター,関東自動車（株）,温泉線
さくら野公園前,関東自動車（株）,びゅうフォレスト〜フィ〜氏家駅
東武日光駅,東武バス日光（株）,"Y・C・H・M・YK・N・HY・SP, W（世界遺産めぐりバス）, K, T, SL（日光鬼怒川線）"
東武日光駅,日光交通（株）,日光線
東武日光駅,日光市,足尾JR日光駅線
東武日光駅,関越交通（株）,日光・かたしなエクスプレス号
緑の里,日光交通（株）,日光線
倉ヶ崎,日光交通（株）,鬼怒川線
東武日光駅前,関東自動車（株）,"宇都宮〜篠井NT〜日光東照宮, 宇都宮〜日光東照宮"
第二発電所前,日光交通（株）,日光線
JR日光駅,東武バス日光（株）,"Y・C・H・M・YK・N・HY・SP, W（世界遺産めぐりバス）, K, T"
JR日光駅,日光交通（株）,日光線
JR日光駅,関東自動車（株）,"宇都宮〜JR日光駅：桜通り経由, 宇都宮〜篠井NT〜JR日光駅, 宇都宮〜篠井NT〜日光東照宮, 宇都宮〜日光東照宮"
JR日光駅,日光市,足尾JR日光駅線
馬頭車庫,関東自動車（株）,"馬頭車庫〜小川・喜連川〜氏家駅, 馬頭車庫〜倉骨〜西那須野駅"
丹勢,東武バス日光（株）,Y・C・H・M・YK・N・HY・SP
びゅうフォレスト中央,関東自動車（株）,びゅうフォレスト〜フィ〜氏家駅
奥日光ホテル四季彩入口,東武バス日光（株）,Y・C・H・M・YK・N・HY・SP
那須吉田,那珂川町,コミュニティバス　馬頭烏山線
下芹沼,関東自動車（株）,大渡線
小梨入口,関東自動車（株）,馬頭車庫〜小川・喜連川〜氏家駅
北向田,関東自動車（株）,"馬頭車庫〜小川・喜連川〜氏家駅, 馬頭車庫〜倉骨〜西那須野駅"
北向田,那珂川町,コミュニティバス　馬頭烏山線
ゴルフ場前,日光交通（株）,日光線
大宮上町,関東自動車（株）,"玉生車庫〜健康の森〜駒生, 駒生〜玉生車庫"
芹沼保育園前,関東自動車（株）,大渡線
萱場,関東自動車（株）,温泉線
観音橋,関東自動車（株）,宇都宮〜船生
田野母,関東自動車（株）,小百線
南沢,関東自動車（株）,大渡線
芹沼本田,関東自動車（株）,大渡線
広久保,日光交通（株）,日光線
古大谷,日光交通（株）,鬼怒川線
やしおの湯,東武バス日光（株）,Y・C・H・M・YK・N・HY・SP
大宮小学校入口,関東自動車（株）,"玉生車庫〜健康の森〜駒生, 駒生〜玉生車庫"
丸山,東武バス日光（株）,Y・C・H・M・YK・N・HY・SP
藤沢,関東自動車（株）,"馬頭車庫〜小川・喜連川〜氏家駅, 馬頭車庫〜倉骨〜西那須野駅"
和の代入口,東武バス日光（株）,Y・C・H・M・YK・N・HY・SP
今市自動車教習所前,関東自動車（株）,大渡線
七里,関東自動車（株）,"宇都宮〜JR日光駅：桜通り経由, 宇都宮〜篠井NT〜JR日光駅, 宇都宮〜篠井NT〜日光東照宮, 宇都宮〜日光東照宮"
清滝一丁目,東武バス日光（株）,Y・C・H・M・YK・N・HY・SP
芝河原,関東自動車（株）,宇都宮〜船生
東照宮晃陽苑前,日光交通（株）,日光線
大宮下町,関東自動車（株）,"玉生車庫〜健康の森〜駒生, 駒生〜玉生車庫"
大崎,東武バス日光（株）,Y・C・H・M・YK・N・HY・SP
明静寺前,関東自動車（株）,小百線
都橋,関東自動車（株）,"馬頭車庫〜小川・喜連川〜氏家駅, 馬頭車庫〜倉骨〜西那須野駅"
都橋,那珂川町,コミュニティバス　馬頭烏山線
二荒山神社中宮祠,東武バス日光（株）,Y・C・H・M・YK・N・HY・SP
新町上,関東自動車（株）,"馬頭車庫〜小川・喜連川〜氏家駅, 馬頭車庫〜倉骨〜西那須野駅"
中禅寺郵便局,東武バス日光（株）,Y・C・H・M・YK・N・HY・SP
針貝原,関東自動車（株）,温泉線
船の駅中禅寺,東武バス日光（株）,Y・C・H・M・YK・N・HY・SP
立木観音入口,東武バス日光（株）,Y・C・H・M・YK・N・HY・SP
今市特別支援学校,日光交通（株）,日光線
華厳の滝入口,東武バス日光（株）,Y・C・H・M・YK・N・HY・SP
諏訪坂,那珂川町,コミュニティバス　馬頭烏山線
中禅寺温泉,関越交通（株）,日光・かたしなエクスプレス号
中禅寺温泉,東武バス日光（株）,"Y・C・H・M・YK・N・HY・SP, G・U"
針貝公民館前,関東自動車（株）,温泉線
フィオーレ中央,関東自動車（株）,びゅうフォレスト〜フィ〜氏家駅
フィオーレガーデン前,関東自動車（株）,びゅうフォレスト〜フィ〜氏家駅
氏家街道口,関東自動車（株）,"玉生車庫〜健康の森〜駒生, 駒生〜玉生車庫"
馬返,東武バス日光（株）,Y・C・H・M・YK・N・HY・SP
ザ・リッツ・カールトン日光,東武バス日光（株）,Y・C・H・M・YK・N・HY・SP
後沢,関東自動車（株）,馬頭車庫〜小川・喜連川〜氏家駅
倉ヶ崎新田,日光交通（株）,鬼怒川線
清滝駐在所前,東武バス日光（株）,Y・C・H・M・YK・N・HY・SP
新町,関東自動車（株）,"馬頭車庫〜小川・喜連川〜氏家駅, 馬頭車庫〜倉骨〜西那須野駅"
ベイシア今市モール前,関東自動車（株）,大渡線
生岡神社前,関東自動車（株）,"宇都宮〜JR日光駅：桜通り経由, 宇都宮〜篠井NT〜JR日光駅, 宇都宮〜篠井NT〜日光東照宮, 宇都宮〜日光東照宮"
茶臼山入口,日光交通（株）,鬼怒川線
室町（那珂川）,関東自動車（株）,"馬頭車庫〜小川・喜連川〜氏家駅, 馬頭車庫〜倉骨〜西那須野駅"
室町,那珂川町,コミュニティバス　馬頭烏山線
萱場十文字東,関東自動車（株）,温泉線
火の見下,関東自動車（株）,小百線
フィオーレ北,関東自動車（株）,びゅうフォレスト〜フィ〜氏家駅
後新田,関東自動車（株）,大渡線
南町,関東自動車（株）,"馬頭車庫〜小川・喜連川〜氏家駅, 馬頭車庫〜倉骨〜西那須野駅"
南町,那珂川町,コミュニティバス　馬頭烏山線
明智平,東武バス日光（株）,Y・C・H・M・YK・N・HY・SP
市営松原住宅入口,日光交通（株）,日光線
材木町,日光交通（株）,日光線
瀬尾入口,日光交通（株）,日光線
萱場公民館前,関東自動車（株）,温泉線
清滝,日光市,足尾JR日光駅線
清滝,東武バス日光（株）,Y・C・H・M・YK・N・HY・SP
川崎口,那珂川町,コミュニティバス　馬頭烏山線
川崎入口,関東自動車（株）,"馬頭車庫〜小川・喜連川〜氏家駅, 馬頭車庫〜倉骨〜西那須野駅"
田町,那珂川町,コミュニティバス　馬頭烏山線
横手,東武バス日光（株）,Y・C・H・M・YK・N・HY・SP
サンヒルズ瀬尾入口,日光交通（株）,日光線
風見入口,関東自動車（株）,"玉生車庫〜健康の森〜駒生, 駒生〜玉生車庫"
小幡南,日光交通（株）,日光線
馬頭田町,関東自動車（株）,"馬頭車庫〜小川・喜連川〜氏家駅, 馬頭車庫〜倉骨〜西那須野駅"
那珂川町役場,那珂川町,コミュニティバス　馬頭烏山線
那珂川町役場前,関東自動車（株）,"馬頭車庫〜小川・喜連川〜氏家駅, 馬頭車庫〜倉骨〜西那須野駅"
星野リゾート界日光入口,東武バス日光（株）,G・U
木の根坂,日光交通（株）,鬼怒川線
北塩野室,関東自動車（株）,宇都宮〜船生
材木町,関東自動車（株）,小百線
今市警察署前,日光交通（株）,日光線
清滝三丁目,東武バス日光（株）,Y・C・H・M・YK・N・HY・SP
魚屋前,関東自動車（株）,"宇都宮〜船生, 今市車庫〜下小林, 下小林線"
野口小学校前,関東自動車（株）,"宇都宮〜JR日光駅：桜通り経由, 宇都宮〜篠井NT〜JR日光駅, 宇都宮〜篠井NT〜日光東照宮, 宇都宮〜日光東照宮"
新栄郷萱場入口,関東自動車（株）,温泉線
上志鳥,関東自動車（株）,馬頭車庫〜小川・喜連川〜氏家駅
下田町,関東自動車（株）,"馬頭車庫〜小川・喜連川〜氏家駅, 馬頭車庫〜倉骨〜西那須野駅"
下田町,那珂川町,コミュニティバス　馬頭烏山線
豊田公民館,関東自動車（株）,大渡線
野口石橋,関東自動車（株）,"宇都宮〜JR日光駅：桜通り経由, 宇都宮〜篠井NT〜JR日光駅, 宇都宮〜篠井NT〜日光東照宮, 宇都宮〜日光東照宮"
那須谷田,那珂川町,コミュニティバス　馬頭烏山線
三枚畑,関東自動車（株）,"馬頭車庫〜小川・喜連川〜氏家駅, 馬頭車庫〜倉骨〜西那須野駅"
三枚畑,那珂川町,コミュニティバス　馬頭烏山線
第二小学校前,日光交通（株）,日光線
大谷向（小百線）,関東自動車（株）,小百線
志鳥新道,関東自動車（株）,馬頭車庫〜小川・喜連川〜氏家駅
細尾入口,東武バス日光（株）,Y・C・H・M・YK・N・HY・SP
豊田,関東自動車（株）,大渡線
中学校入口,関東自動車（株）,びゅうフォレスト〜フィ〜氏家駅
県営南駐車場,東武バス日光（株）,G・U
馬頭高校前,関東自動車（株）,"馬頭車庫〜小川・喜連川〜氏家駅, 馬頭車庫〜倉骨〜西那須野駅"
馬頭高校前,那珂川町,コミュニティバス　馬頭烏山線
大谷向駅前,関東自動車（株）,大渡線
大谷向駅前,日光交通（株）,鬼怒川線
野口十文字,関東自動車（株）,"宇都宮〜JR日光駅：桜通り経由, 宇都宮〜篠井NT〜JR日光駅, 宇都宮〜篠井NT〜日光東照宮, 宇都宮〜日光東照宮"
塩野室,関東自動車（株）,"宇都宮〜船生, 今市車庫〜下小林, 下小林線"
大谷向（大渡線）,関東自動車（株）,大渡線
大谷向,日光交通（株）,鬼怒川線
上平,関東自動車（株）,"玉生車庫〜健康の森〜駒生, 駒生〜玉生車庫"
和田,関東自動車（株）,"今市車庫〜下小林, 下小林線"
細尾リンク入口,日光市,足尾JR日光駅線
立木観音・遊覧船発着所,東武バス日光（株）,G・U
塩野室局前,関東自動車（株）,"宇都宮〜船生, 今市車庫〜下小林, 下小林線"
小林農協前,関東自動車（株）,"今市車庫〜下小林, 下小林線"
長坂,関東自動車（株）,馬頭車庫〜小川・喜連川〜氏家駅
和田新道入口,関東自動車（株）,"今市車庫〜下小林, 下小林線"
並木,那珂川町,コミュニティバス　馬頭烏山線
イオン今市,日光交通（株）,鬼怒川線
今市車庫,関東自動車（株）,"宇都宮〜JR日光駅：桜通り経由, 宇都宮〜今市車庫, 宇都宮〜篠井NT〜JR日光駅, 宇都宮〜篠井NT〜今市車庫, 宇都宮〜篠井NT〜日光東照宮, 宇都宮〜日光東照宮, 今市車庫〜下小林, 下野大沢線, 下小林線"
瀬川,関東自動車（株）,"宇都宮〜JR日光駅：桜通り経由, 宇都宮〜篠井NT〜JR日光駅, 宇都宮〜篠井NT〜日光東照宮, 宇都宮〜日光東照宮"
イタリア・英国大使館別荘記念公園入口,東武バス日光（株）,G・U
朝日町,関東自動車（株）,"小百線, 大渡線"
朝日町,日光交通（株）,"鬼怒川線, 日光線"
公民館前（日光）,関東自動車（株）,今市車庫〜下小林
公民館前,関東自動車（株）,下小林線
樋場,関東自動車（株）,"今市車庫〜下小林, 下小林線"
沢又入口,関東自動車（株）,"今市車庫〜下小林, 下小林線"
上今市,関東自動車（株）,"宇都宮〜JR日光駅：桜通り経由, 宇都宮〜今市車庫, 宇都宮〜篠井NT〜JR日光駅, 宇都宮〜篠井NT〜今市車庫, 宇都宮〜篠井NT〜日光東照宮, 宇都宮〜日光東照宮, 今市車庫〜下小林, 下野大沢線, 下小林線"
今市工高前,関東自動車（株）,"今市車庫〜下小林, 温泉線, 下小林線"
清住町,関東自動車（株）,"小百線, 大渡線"
市営住宅前,関東自動車（株）,"今市車庫〜下小林, 温泉線, 下小林線, 今中・市営住宅線"
荊沢入口,関東自動車（株）,"今市車庫〜下小林, 温泉線, 下小林線"
赤間々,関東自動車（株）,"今市車庫〜下小林, 温泉線, 下小林線, 今中・市営住宅線"
今市中学校前,関東自動車（株）,"今市車庫〜下小林, 温泉線, 下小林線, 今中・市営住宅線"
春日町,日光交通（株）,"鬼怒川線, 日光線"
軍沢口,関東自動車（株）,馬頭車庫〜小川・喜連川〜氏家駅
大木,関東自動車（株）,"今市車庫〜下小林, 下小林線"
芝山住宅前,関東自動車（株）,"今市車庫〜下小林, 温泉線, 下小林線"
ひばりヶ丘入口,関東自動車（株）,びゅうフォレスト〜フィ〜氏家駅
春日町一丁目,関東自動車（株）,"宇都宮〜JR日光駅：桜通り経由, 宇都宮〜今市車庫, 宇都宮〜篠井NT〜JR日光駅, 宇都宮〜篠井NT〜今市車庫, 宇都宮〜篠井NT〜日光東照宮, 宇都宮〜日光東照宮, 今市車庫〜下小林, 下野大沢線, 下小林線"
大室西原,関東自動車（株）,"今市車庫〜下小林, 温泉線, 下小林線"
古河バッテリー前,関東自動車（株）,"今市車庫〜下小林, 温泉線, 下小林線"
東武下今市駅,関東自動車（株）,"小百線, 下野大沢線, 大渡線, 温泉線"
下今市駅,日光交通（株）,"鬼怒川線, 日光線"
上の原,関東自動車（株）,"今市車庫〜下小林, 下小林線"
相の道,関東自動車（株）,"宇都宮〜JR日光駅：桜通り経由, 宇都宮〜今市車庫, 宇都宮〜篠井NT〜JR日光駅, 宇都宮〜篠井NT〜今市車庫, 宇都宮〜篠井NT〜日光東照宮, 宇都宮〜日光東照宮, 今市車庫〜下小林, 小百線, 下野大沢線, 大渡線, 下小林線"
大室下西原,関東自動車（株）,"今市車庫〜下小林, 温泉線, 下小林線"
細内,関東自動車（株）,"今市車庫〜下小林, 下小林線"
大室公民館前,関東自動車（株）,温泉線
白久,那珂川町,コミュニティバス　馬頭烏山線
矢野口,関東自動車（株）,"今市車庫〜下小林, 下小林線"
大室学道,関東自動車（株）,"今市車庫〜下小林, 温泉線, 下小林線"
住吉町（日光）,関東自動車（株）,"宇都宮〜JR日光駅：桜通り経由, 宇都宮〜今市車庫, 宇都宮〜篠井NT〜JR日光駅, 宇都宮〜篠井NT〜今市車庫, 宇都宮〜篠井NT〜日光東照宮, 宇都宮〜日光東照宮, 今市車庫〜下小林"
住吉町・小倉町,関東自動車（株）,"温泉線, 下小林線"
蛇木入口,関東自動車（株）,"今市車庫〜下小林, 下小林線"
住吉町,日光交通（株）,"鬼怒川線, 日光線"
東武下今市駅入口,関東自動車（株）,"今市車庫〜下小林, 小百線, 下野大沢線, 大渡線, 下小林線"
向原,関東自動車（株）,"今市車庫〜下小林, 下小林線"
七本桜入口,関東自動車（株）,"今市車庫〜下小林, 温泉線, 下小林線"
大室十文字,関東自動車（株）,"今市車庫〜下小林, 下小林線"
六斗蒔,関東自動車（株）,"今市車庫〜下小林, 下小林線"
仲町,関東自動車（株）,"小百線, 下野大沢線, 大渡線, 温泉線"
小倉町,関東自動車（株）,"宇都宮〜JR日光駅：桜通り経由, 宇都宮〜今市車庫, 宇都宮〜篠井NT〜今市車庫, 宇都宮〜篠井NT〜日光東照宮, 宇都宮〜日光東照宮, 今市車庫〜下小林"
緑水公園入口,宇都宮市,西小コース
下今市,関東自動車（株）,"宇都宮〜JR日光駅：桜通り経由, 宇都宮〜今市車庫, 宇都宮〜篠井NT〜JR日光駅, 宇都宮〜篠井NT〜今市車庫, 宇都宮〜篠井NT〜日光東照宮, 宇都宮〜日光東照宮, 今市車庫〜下小林, 温泉線, 下小林線"
今市病院北口,関東自動車（株）,"小百線, 下野大沢線, 大渡線, 温泉線"
小倉町,日光交通（株）,"鬼怒川線, 日光線"
東町（日光）,関東自動車（株）,今市車庫〜下小林
東町,関東自動車（株）,"小百線, 下野大沢線, 大渡線, 下小林線"
東町（日光市）,日光交通（株）,"鬼怒川線, 日光線"
下今市郵便局南,関東自動車（株）,"小百線, 下野大沢線, 大渡線, 温泉線"
沓掛十文字,関東自動車（株）,宇都宮〜船生
寿町,関東自動車（株）,びゅうフォレスト〜フィ〜氏家駅
七本桜,日光交通（株）,鬼怒川線
逆木,関東自動車（株）,"玉生車庫〜健康の森〜駒生, 駒生〜玉生車庫"
逆木,宇都宮市,"西小コース, 東小コース（上小倉西組〜東小学校〜上小倉中組ルート）"
鹿沼街道入口,関東自動車（株）,"宇都宮〜JR日光駅：桜通り経由, 宇都宮〜今市車庫, 宇都宮〜篠井NT〜JR日光駅, 宇都宮〜篠井NT〜今市車庫, 宇都宮〜篠井NT〜日光東照宮, 宇都宮〜日光東照宮, 小百線, 下野大沢線, 大渡線, 温泉線"
ドッグセンター入口,関東自動車（株）,"今市車庫〜下小林, 下小林線"
日光市役所,関東自動車（株）,"宇都宮〜JR日光駅：桜通り経由, 宇都宮〜今市車庫, 宇都宮〜篠井NT〜JR日光駅, 宇都宮〜篠井NT〜今市車庫, 宇都宮〜篠井NT〜日光東照宮, 宇都宮〜日光東照宮"
市役所入口［日光市］,日光交通（株）,鬼怒川線
七本桜,関東自動車（株）,"宇都宮〜JR日光駅：桜通り経由, 宇都宮〜今市車庫, 宇都宮〜篠井NT〜JR日光駅, 宇都宮〜篠井NT〜今市車庫, 宇都宮〜篠井NT〜日光東照宮, 宇都宮〜日光東照宮, 今中・市営住宅線"
JR今市駅,関東自動車（株）,"小百線, 下野大沢線, 大渡線, 温泉線"
JR今市駅,日光交通（株）,"鬼怒川線, 日光線"
上大桶,那珂川町,コミュニティバス　馬頭烏山線
日光市役所前,関東自動車（株）,"小百線, 下野大沢線, 大渡線, 温泉線"
仲町（さくら）,関東自動車（株）,びゅうフォレスト〜フィ〜氏家駅
逆木発電所入口,関東自動車（株）,"玉生車庫〜健康の森〜駒生, 駒生〜玉生車庫"
逆木発電所入口,宇都宮市,"西小コース, 東小コース（上小倉西組〜東小学校〜上小倉中組ルート）"
茶ノ木平遊歩道入口,東武バス日光（株）,G・U
高間木,宇都宮市,西小コース
第三小学校前,関東自動車（株）,"下野大沢線, 今中・市営住宅線"
川井口,関東自動車（株）,馬頭車庫〜小川・喜連川〜氏家駅
下小林,関東自動車（株）,"今市車庫〜下小林, 下小林線"
御宮橋,宇都宮市,西小コース
今市日産前,関東自動車（株）,"宇都宮〜JR日光駅：桜通り経由, 宇都宮〜今市車庫, 宇都宮〜篠井NT〜JR日光駅, 宇都宮〜篠井NT〜今市車庫, 宇都宮〜篠井NT〜日光東照宮, 宇都宮〜日光東照宮"
喜連川役場前,関東自動車（株）,びゅうフォレスト〜フィ〜氏家駅
鹿子畑,関東自動車（株）,馬頭車庫〜小川・喜連川〜氏家駅
喜連川センター,関東自動車（株）,馬頭車庫〜小川・喜連川〜氏家駅
謡辻,宇都宮市,西小コース
旭橋,関東自動車（株）,馬頭車庫〜小川・喜連川〜氏家駅
向山,関東自動車（株）,馬頭車庫〜小川・喜連川〜氏家駅
日野町,関東自動車（株）,馬頭車庫〜小川・喜連川〜氏家駅
喜連川本町,関東自動車（株）,"びゅうフォレスト〜フィ〜氏家駅, 馬頭車庫〜小川・喜連川〜氏家駅"
三箇入口,関東自動車（株）,馬頭車庫〜小川・喜連川〜氏家駅
沓掛桜の木,関東自動車（株）,宇都宮〜船生
上吉沢,関東自動車（株）,下野大沢線
中禅寺湖展望台,東武バス日光（株）,G・U
上森友,関東自動車（株）,"宇都宮〜JR日光駅：桜通り経由, 宇都宮〜今市車庫, 宇都宮〜篠井NT〜JR日光駅, 宇都宮〜篠井NT〜今市車庫, 宇都宮〜篠井NT〜日光東照宮, 宇都宮〜日光東照宮"
竜の口,那珂川町,コミュニティバス　馬頭烏山線
板橋,宇都宮市,東小コース（上小倉西組〜東小学校〜上小倉中組ルート）
小室,宇都宮市,西小コース
中森友,関東自動車（株）,"宇都宮〜JR日光駅：桜通り経由, 宇都宮〜今市車庫, 宇都宮〜篠井NT〜JR日光駅, 宇都宮〜篠井NT〜今市車庫, 宇都宮〜篠井NT〜日光東照宮, 宇都宮〜日光東照宮"
下森友,関東自動車（株）,"宇都宮〜JR日光駅：桜通り経由, 宇都宮〜今市車庫, 宇都宮〜篠井NT〜JR日光駅, 宇都宮〜篠井NT〜今市車庫, 宇都宮〜篠井NT〜日光東照宮, 宇都宮〜日光東照宮"
中吉沢,関東自動車（株）,下野大沢線
板橋,関東自動車（株）,"玉生車庫〜健康の森〜駒生, 駒生〜玉生車庫"
連城橋,関東自動車（株）,"びゅうフォレスト〜フィ〜氏家駅, 馬頭車庫〜小川・喜連川〜氏家駅"
シドミ原,関東自動車（株）,"宇都宮〜JR日光駅：桜通り経由, 宇都宮〜今市車庫, 宇都宮〜篠井NT〜JR日光駅, 宇都宮〜篠井NT〜今市車庫, 宇都宮〜篠井NT〜日光東照宮, 宇都宮〜日光東照宮"
祥豊苑前,宇都宮市,西小コース
下吉沢,関東自動車（株）,下野大沢線
大桶,那珂川町,コミュニティバス　馬頭烏山線
生活センター前,宇都宮市,東小コース（上小倉西組〜東小学校〜上小倉中組ルート）
御嶽神社前,関東自動車（株）,"びゅうフォレスト〜フィ〜氏家駅, 馬頭車庫〜小川・喜連川〜氏家駅"
上小倉上組,関東自動車（株）,"玉生車庫〜健康の森〜駒生, 駒生〜玉生車庫"
上水無,関東自動車（株）,"宇都宮〜JR日光駅：桜通り経由, 宇都宮〜今市車庫, 宇都宮〜篠井NT〜JR日光駅, 宇都宮〜篠井NT〜今市車庫, 宇都宮〜篠井NT〜日光東照宮, 宇都宮〜日光東照宮"
飯山入口,関東自動車（株）,宇都宮〜船生
下水無,関東自動車（株）,"宇都宮〜JR日光駅：桜通り経由, 宇都宮〜今市車庫, 宇都宮〜篠井NT〜JR日光駅, 宇都宮〜篠井NT〜今市車庫, 宇都宮〜篠井NT〜日光東照宮, 宇都宮〜日光東照宮"
半月山,東武バス日光（株）,G・U
土沢,関東自動車（株）,下野大沢線
下大桶,那珂川町,コミュニティバス　馬頭烏山線
大昌電子前,関東自動車（株）,下野大沢線
上小倉中組,宇都宮市,東小コース（上小倉西組〜東小学校〜上小倉中組ルート）
山田,宇都宮市,西小コース
土沢十文字,関東自動車（株）,下野大沢線
上小倉西組,関東自動車（株）,"玉生車庫〜健康の森〜駒生, 駒生〜玉生車庫"
上小倉西組,宇都宮市,東小コース（上小倉西組〜東小学校〜上小倉中組ルート）
土沢中組,関東自動車（株）,下野大沢線
広域センター前,那珂川町,コミュニティバス　馬頭烏山線
公民館入口,宇都宮市,西小コース
下土沢,関東自動車（株）,下野大沢線
下小倉入口,関東自動車（株）,"玉生車庫〜健康の森〜駒生, 駒生〜玉生車庫"
上篠井雑貨屋前,関東自動車（株）,宇都宮〜船生
御殿工場入口,関東自動車（株）,"宇都宮〜JR日光駅：桜通り経由, 宇都宮〜今市車庫, 宇都宮〜篠井NT〜JR日光駅, 宇都宮〜篠井NT〜今市車庫, 宇都宮〜篠井NT〜日光東照宮, 宇都宮〜日光東照宮"
松山東,関東自動車（株）,"びゅうフォレスト〜フィ〜氏家駅, 馬頭車庫〜小川・喜連川〜氏家駅"
今里下町,関東自動車（株）,"玉生車庫〜健康の森〜駒生, 駒生〜玉生車庫"
谷中入口,関東自動車（株）,"びゅうフォレスト〜フィ〜氏家駅, 馬頭車庫〜小川・喜連川〜氏家駅"
根本入口,関東自動車（株）,"びゅうフォレスト〜フィ〜氏家駅, 馬頭車庫〜小川・喜連川〜氏家駅"
上谷浅見,那珂川町,コミュニティバス　馬頭烏山線
橋場,宇都宮市,西小コース
松山,関東自動車（株）,"びゅうフォレスト〜フィ〜氏家駅, 馬頭車庫〜小川・喜連川〜氏家駅"
大沢小学校入口,関東自動車（株）,"宇都宮〜JR日光駅：桜通り経由, 宇都宮〜今市車庫, 宇都宮〜篠井NT〜JR日光駅, 宇都宮〜篠井NT〜今市車庫, 宇都宮〜篠井NT〜日光東照宮, 宇都宮〜日光東照宮, 下野大沢線"
羽黒山入口,関東自動車（株）,"玉生車庫〜健康の森〜駒生, 駒生〜玉生車庫"
大沢地区センター,関東自動車（株）,下野大沢線
土沢原,関東自動車（株）,下野大沢線
今里,関東自動車（株）,"玉生車庫〜健康の森〜駒生, 駒生〜玉生車庫, 駒生〜健康の森〜今里, 駒生〜田原〜今里"
神崎前,関東自動車（株）,"宇都宮〜JR日光駅：桜通り経由, 宇都宮〜今市車庫, 宇都宮〜篠井NT〜JR日光駅, 宇都宮〜篠井NT〜今市車庫, 宇都宮〜篠井NT〜日光東照宮, 宇都宮〜日光東照宮"
栃木平,日光市,足尾JR日光駅線
大沢交差点,関東自動車（株）,下野大沢線
中篠井寺前,関東自動車（株）,宇都宮〜船生
谷浅見,那珂川町,コミュニティバス　馬頭烏山線
下大沢,関東自動車（株）,"宇都宮〜JR日光駅：桜通り経由, 宇都宮〜今市車庫, 宇都宮〜篠井NT〜JR日光駅, 宇都宮〜篠井NT〜今市車庫, 宇都宮〜篠井NT〜日光東照宮, 宇都宮〜日光東照宮"
並木,関東自動車（株）,"びゅうフォレスト〜フィ〜氏家駅, 馬頭車庫〜小川・喜連川〜氏家駅"
関白一本木,宇都宮市,西小コース
八日市西,関東自動車（株）,下野大沢線
今里下,関東自動車（株）,"玉生車庫〜健康の森〜駒生, 駒生〜玉生車庫, 駒生〜健康の森〜今里, 駒生〜田原〜今里"
八日市東,関東自動車（株）,下野大沢線
富野岡,宇都宮市,氏家線
大沢並木入口,関東自動車（株）,"宇都宮〜JR日光駅：桜通り経由, 宇都宮〜今市車庫, 宇都宮〜篠井NT〜JR日光駅, 宇都宮〜篠井NT〜今市車庫, 宇都宮〜篠井NT〜日光東照宮, 宇都宮〜日光東照宮"
旭町（さくら）,関東自動車（株）,"びゅうフォレスト〜フィ〜氏家駅, 馬頭車庫〜小川・喜連川〜氏家駅"
東小学校,宇都宮市,"東小コース（ふれあい西芦沼館〜東小学校〜上河原ルート）, 東小コース（東芦沼神社前〜東小学校〜煙草屋前ルート）, 東小コース（上小倉西組〜東小学校〜上小倉中組ルート）"
北草川一丁目,宇都宮市,氏家線
関白,宇都宮市,西小コース
小松原北,関東自動車（株）,下野大沢線
八日市中央,関東自動車（株）,下野大沢線
七合,那珂川町,コミュニティバス　馬頭烏山線
青少年スポーツセンター入口,関東自動車（株）,"宇都宮〜JR日光駅：桜通り経由, 宇都宮〜今市車庫, 宇都宮〜篠井NT〜JR日光駅, 宇都宮〜篠井NT〜今市車庫, 宇都宮〜篠井NT〜日光東照宮, 宇都宮〜日光東照宮"
北草川,宇都宮市,氏家線
木和田島,関東自動車（株）,下野大沢線
篠井学道,関東自動車（株）,宇都宮〜船生
氏家農協前,関東自動車（株）,"びゅうフォレスト〜フィ〜氏家駅, 馬頭車庫〜小川・喜連川〜氏家駅"
東小学校前,宇都宮市,氏家線
平成町公民館前,関東自動車（株）,下野大沢線
下小倉,宇都宮市,氏家線
氏家街道口,宇都宮市,氏家線
JR下野大沢駅,関東自動車（株）,下野大沢線
黒沢,日光市,足尾JR日光駅線
老人福祉センター前,関東自動車（株）,"玉生車庫〜健康の森〜駒生, 駒生〜玉生車庫, 駒生〜健康の森〜今里, 駒生〜田原〜今里"
西河原,宇都宮市,氏家線
松風台,宇都宮市,氏家線
山口,関東自動車（株）,"宇都宮〜JR日光駅：桜通り経由, 宇都宮〜今市車庫, 宇都宮〜篠井NT〜JR日光駅, 宇都宮〜篠井NT〜今市車庫, 宇都宮〜篠井NT〜日光東照宮, 宇都宮〜日光東照宮"
地域交流館（梵天の湯）,宇都宮市,氏家線
下組東,宇都宮市,氏家線
中山口,那珂川町,コミュニティバス　馬頭烏山線
桜野東町,関東自動車（株）,"びゅうフォレスト〜フィ〜氏家駅, 馬頭車庫〜小川・喜連川〜氏家駅"
松田,関東自動車（株）,"玉生車庫〜健康の森〜駒生, 駒生〜玉生車庫, 駒生〜健康の森〜今里, 駒生〜田原〜今里"
桜野西町,関東自動車（株）,"びゅうフォレスト〜フィ〜氏家駅, 馬頭車庫〜小川・喜連川〜氏家駅"
遠上,日光市,足尾JR日光駅線
上小池,関東自動車（株）,"宇都宮〜JR日光駅：桜通り経由, 宇都宮〜今市車庫, 宇都宮〜篠井NT〜JR日光駅, 宇都宮〜篠井NT〜今市車庫, 宇都宮〜篠井NT〜日光東照宮, 宇都宮〜日光東照宮"
西小学校前,宇都宮市,"西小コース, 氏家線"
篠井ニュータウン北,関東自動車（株）,"宇都宮〜篠井NT［桜通り経由］, 宇都宮〜篠井NT〜JR日光駅, 宇都宮〜篠井NT〜今市車庫, 宇都宮〜篠井NT〜日光東照宮"
西小学校入口,宇都宮市,西小コース
松風台南,宇都宮市,氏家線
遠上回転所,日光市,足尾JR日光駅線
遠上回転所,日光交通（株）,日光市営バス　遠上線
市民センター玄関前,宇都宮市,"氏家線, 済生会病院線"
氏家上町,関東自動車（株）,びゅうフォレスト〜フィ〜氏家駅
桜野南,関東自動車（株）,馬頭車庫〜小川・喜連川〜氏家駅
ゆずのこ保育園前,宇都宮市,氏家線
氏家駅前,関東自動車（株）,"びゅうフォレスト〜フィ〜氏家駅, 馬頭車庫〜小川・喜連川〜氏家駅"
上河内地区市民センター,関東自動車（株）,"玉生車庫〜健康の森〜駒生, 駒生〜玉生車庫, 駒生〜健康の森〜今里, 駒生〜田原〜今里"
上河内地区市民センター,宇都宮市,済生会病院線
氏家仲町,関東自動車（株）,馬頭車庫〜小川・喜連川〜氏家駅
上田入口,宇都宮市,氏家線
氏家駅西口,宇都宮市,氏家線
篠井小学校前,関東自動車（株）,"宇都宮〜篠井NT［桜通り経由］, 宇都宮〜篠井NT〜JR日光駅, 宇都宮〜篠井NT〜今市車庫, 宇都宮〜篠井NT〜日光東照宮, 宇都宮〜船生"
松本,関東自動車（株）,"宇都宮〜JR日光駅：桜通り経由, 宇都宮〜今市車庫, 宇都宮〜篠井NT〜JR日光駅, 宇都宮〜篠井NT〜今市車庫, 宇都宮〜篠井NT〜日光東照宮, 宇都宮〜日光東照宮"
篠井ニュータウン,関東自動車（株）,"宇都宮〜篠井NT［桜通り経由］, 宇都宮〜篠井NT〜JR日光駅, 宇都宮〜篠井NT〜今市車庫, 宇都宮〜篠井NT〜日光東照宮"
上河内中学校入口,宇都宮市,氏家線
下小池,関東自動車（株）,"宇都宮〜篠井NT〜JR日光駅, 宇都宮〜篠井NT〜今市車庫, 宇都宮〜篠井NT〜日光東照宮"
篠井地区市民センター,関東自動車（株）,"宇都宮〜篠井NT〜JR日光駅, 宇都宮〜篠井NT〜今市車庫, 宇都宮〜篠井NT〜日光東照宮"
神子内,日光市,足尾JR日光駅線
神子内,日光交通（株）,日光市営バス　遠上線
滝田,那珂川町,コミュニティバス　馬頭烏山線
黒須病院前,関東自動車（株）,馬頭車庫〜小川・喜連川〜氏家駅
中里,宇都宮市,西小コース
中里東組,宇都宮市,氏家線
原石那田,関東自動車（株）,"宇都宮〜JR日光駅：桜通り経由, 宇都宮〜今市車庫, 宇都宮〜日光東照宮"
古河入口,関東自動車（株）,"宇都宮〜篠井NT［桜通り経由］, 宇都宮〜篠井NT〜JR日光駅, 宇都宮〜篠井NT〜今市車庫, 宇都宮〜篠井NT〜日光東照宮, 宇都宮〜船生"
銅親水公園入口,日光市,足尾JR日光駅線
銅親水公園入口,日光交通（株）,日光市営バス　赤倉線
中里原十文字,関東自動車（株）,"玉生車庫〜健康の森〜駒生, 駒生〜玉生車庫, 駒生〜健康の森〜今里, 駒生〜田原〜今里"
中里原十文字,宇都宮市,済生会病院線
皇海荘入口,日光市,足尾JR日光駅線
皇海荘入口,日光交通（株）,日光市営バス　遠上線
海老王子,関東自動車（株）,"宇都宮〜JR日光駅：桜通り経由, 宇都宮〜今市車庫, 宇都宮〜日光東照宮"
富士山苑,那珂川町,コミュニティバス　馬頭烏山線
林業センター前,関東自動車（株）,"宇都宮〜篠井NT［桜通り経由］, 宇都宮〜篠井NT〜JR日光駅, 宇都宮〜篠井NT〜今市車庫, 宇都宮〜篠井NT〜日光東照宮, 宇都宮〜船生"
石那田中央,関東自動車（株）,"宇都宮〜JR日光駅：桜通り経由, 宇都宮〜今市車庫, 宇都宮〜日光東照宮"
東芦沼神社前,宇都宮市,東小コース（東芦沼神社前〜東小学校〜煙草屋前ルート）
変電所前,那珂川町,コミュニティバス　馬頭烏山線
上河原,宇都宮市,東小コース（ふれあい西芦沼館〜東小学校〜上河原ルート）
石那田,関東自動車（株）,"宇都宮〜JR日光駅：桜通り経由, 宇都宮〜今市車庫, 宇都宮〜篠井NT［桜通り経由］, 宇都宮〜篠井NT〜JR日光駅, 宇都宮〜篠井NT〜今市車庫, 宇都宮〜篠井NT〜日光東照宮, 宇都宮〜石那田, 宇都宮〜船生, 宇都宮〜日光東照宮"
中里原南,関東自動車（株）,"玉生車庫〜健康の森〜駒生, 駒生〜玉生車庫, 駒生〜健康の森〜今里, 駒生〜田原〜今里"
中里原南,宇都宮市,済生会病院線
天王様前,日光市,足尾JR日光駅線
天王様前,日光交通（株）,日光市営バス　遠上線
滝田本郷,那珂川町,コミュニティバス　馬頭烏山線
煙草屋前,宇都宮市,東小コース（東芦沼神社前〜東小学校〜煙草屋前ルート）
龍蔵寺前,日光市,足尾JR日光駅線
龍蔵寺前,日光交通（株）,日光市営バス　赤倉線
榊里,関東自動車（株）,"宇都宮〜JR日光駅：桜通り経由, 宇都宮〜今市車庫, 宇都宮〜篠井NT［桜通り経由］, 宇都宮〜篠井NT〜JR日光駅, 宇都宮〜篠井NT〜今市車庫, 宇都宮〜篠井NT〜日光東照宮, 宇都宮〜石那田, 宇都宮〜船生, 宇都宮〜日光東照宮"
小学校前,日光市,足尾JR日光駅線
小学校前,日光交通（株）,日光市営バス　遠上線
一里塚,関東自動車（株）,"宇都宮〜JR日光駅：桜通り経由, 宇都宮〜今市車庫, 宇都宮〜篠井NT［桜通り経由］, 宇都宮〜篠井NT〜JR日光駅, 宇都宮〜篠井NT〜今市車庫, 宇都宮〜篠井NT〜日光東照宮, 宇都宮〜石那田, 宇都宮〜船生, 宇都宮〜日光東照宮"
東金田,関東自動車（株）,"玉生車庫〜健康の森〜駒生, 駒生〜玉生車庫, 駒生〜健康の森〜今里, 駒生〜田原〜今里"
東金田,宇都宮市,済生会病院線
三軒入口,宇都宮市,東小コース（ふれあい西芦沼館〜東小学校〜上河原ルート）
三号,日光市,足尾JR日光駅線
三号,日光交通（株）,日光市営バス　遠上線
ふれあい西芦沼館前,宇都宮市,東小コース（ふれあい西芦沼館〜東小学校〜上河原ルート）
赤倉,日光市,足尾JR日光駅線
赤倉,日光交通（株）,日光市営バス　赤倉線
上徳次郎,関東自動車（株）,"宇都宮〜JR日光駅：桜通り経由, 宇都宮〜今市車庫, 宇都宮〜篠井NT［桜通り経由］, 宇都宮〜篠井NT〜JR日光駅, 宇都宮〜篠井NT〜今市車庫, 宇都宮〜篠井NT〜日光東照宮, 宇都宮〜石那田, 宇都宮〜船生, 宇都宮〜日光東照宮"
烏山高校前,那珂川町,コミュニティバス　馬頭烏山線
神子内橋,日光市,足尾JR日光駅線
神子内橋,日光交通（株）,日光市営バス　遠上線
金田南,関東自動車（株）,"玉生車庫〜健康の森〜駒生, 駒生〜玉生車庫, 駒生〜健康の森〜今里, 駒生〜田原〜今里"
金田南,宇都宮市,済生会病院線
城山下,那珂川町,コミュニティバス　馬頭烏山線
小来川森崎,鹿沼市,小来川森崎線
南橋,日光市,足尾JR日光駅線
南橋,日光交通（株）,日光市営バス　赤倉線
大網入口,関東自動車（株）,"宇都宮〜JR日光駅：桜通り経由, 宇都宮〜今市車庫, 宇都宮〜篠井NT［桜通り経由］, 宇都宮〜篠井NT〜JR日光駅, 宇都宮〜篠井NT〜今市車庫, 宇都宮〜篠井NT〜日光東照宮, 宇都宮〜石那田, 宇都宮〜船生, 宇都宮〜日光東照宮"
上間藤,日光市,足尾JR日光駅線
上間藤,日光交通（株）,日光市営バス　赤倉線
那須南病院前,那珂川町,コミュニティバス　馬頭烏山線
泉町,那珂川町,コミュニティバス　馬頭烏山線
足尾石油前,日光市,足尾JR日光駅線
足尾石油前,日光交通（株）,日光市営バス　遠上線
六本杉,関東自動車（株）,"宇都宮〜JR日光駅：桜通り経由, 宇都宮〜今市車庫, 宇都宮〜篠井NT［桜通り経由］, 宇都宮〜篠井NT〜JR日光駅, 宇都宮〜篠井NT〜今市車庫, 宇都宮〜篠井NT〜日光東照宮, 宇都宮〜石那田, 宇都宮〜船生, 宇都宮〜日光東照宮"
上原,鹿沼市,小来川森崎線
上仲町,那珂川町,コミュニティバス　馬頭烏山線
野路又,日光市,足尾JR日光駅線
野路又,日光交通（株）,日光市営バス　遠上線
烏山仲町,那珂川町,コミュニティバス　馬頭烏山線
下間藤,日光市,足尾JR日光駅線
下間藤,日光交通（株）,日光市営バス　赤倉線
柿の木,関東自動車（株）,"玉生車庫〜健康の森〜駒生, 駒生〜玉生車庫, 駒生〜健康の森〜今里, 駒生〜田原〜今里"
晃陽中前,関東自動車（株）,"宇都宮〜JR日光駅：桜通り経由, 宇都宮〜今市車庫, 宇都宮〜篠井NT［桜通り経由］, 宇都宮〜篠井NT〜JR日光駅, 宇都宮〜篠井NT〜今市車庫, 宇都宮〜篠井NT〜日光東照宮, 宇都宮〜石那田, 宇都宮〜船生, 宇都宮〜日光東照宮"
旧烏山女子高前,那珂川町,コミュニティバス　馬頭烏山線
長久保,鹿沼市,小来川森崎線
旧高校前,日光市,足尾JR日光駅線
旧高校前,日光交通（株）,日光市営バス　遠上線
古峯神社,鹿沼市,古峰原線
間藤駅前,日光市,足尾JR日光駅線
間藤駅前,日光交通（株）,日光市営バス　赤倉線
相の沢入口,関東自動車（株）,"玉生車庫〜健康の森〜駒生, 駒生〜玉生車庫, 駒生〜健康の森〜今里, 駒生〜田原〜今里"
金井町,那珂川町,コミュニティバス　馬頭烏山線
JR烏山駅,那珂川町,コミュニティバス　馬頭烏山線
中徳次郎,関東自動車（株）,"宇都宮〜JR日光駅：桜通り経由, 宇都宮〜今市車庫, 宇都宮〜篠井NT［桜通り経由］, 宇都宮〜篠井NT〜JR日光駅, 宇都宮〜篠井NT〜今市車庫, 宇都宮〜篠井NT〜日光東照宮, 宇都宮〜石那田, 宇都宮〜船生, 宇都宮〜日光東照宮"
山口橋,鹿沼市,小来川森崎線
田元橋,日光市,足尾JR日光駅線
田元橋,日光交通（株）,日光市営バス　赤倉線
松手,鹿沼市,古峰原線
田元,日光市,足尾JR日光駅線
田元,日光交通（株）,"日光市営バス　赤倉線, 日光市営バス　遠上線"
宿田原,関東自動車（株）,"玉生車庫〜健康の森〜駒生, 駒生〜玉生車庫, 駒生〜健康の森〜今里, 駒生〜田原〜今里"
山中,鹿沼市,小来川森崎線
天善教,鹿沼市,小来川森崎線
滝ケ花入口,鹿沼市,古峰原線
一の鳥居大貫屋前,鹿沼市,古峰原線
古越路,鹿沼市,古峰原線
富屋小学校前,関東自動車（株）,"宇都宮〜JR日光駅：桜通り経由, 宇都宮〜今市車庫, 宇都宮〜篠井NT［桜通り経由］, 宇都宮〜篠井NT〜JR日光駅, 宇都宮〜篠井NT〜今市車庫, 宇都宮〜篠井NT〜日光東照宮, 宇都宮〜石那田, 宇都宮〜船生, 宇都宮〜日光東照宮"
上原山,鹿沼市,古峰原線
一の鳥居,鹿沼市,古峰原線
下の向,鹿沼市,古峰原線
大原,鹿沼市,小来川森崎線
渡良瀬橋,日光市,足尾JR日光駅線
渡良瀬橋,日光交通（株）,"日光市営バス　赤倉線, 日光市営バス　遠上線"
金剛山,鹿沼市,古峰原線
下原山,鹿沼市,古峰原線
大原入口,鹿沼市,小来川森崎線
立伏,関東自動車（株）,"グリンT〜駒生［森・田原経由］, グリンT〜駒生［森・宝井経由］, 駒生〜田原〜グリーンタウン, 駒生〜宝井〜グリーンタウン"
上田原,関東自動車（株）,"玉生車庫〜健康の森〜駒生, 駒生〜玉生車庫, 駒生〜健康の森〜今里, 駒生〜田原〜今里"
太陽ヶ丘団地入口,関東自動車（株）,"グリンT〜駒生［森・田原経由］, グリンT〜駒生［森・宝井経由］, 駒生〜田原〜グリーンタウン, 駒生〜宝井〜グリーンタウン"
板荷コミュニティセンター前,鹿沼市,小来川森崎線
泉内,鹿沼市,小来川森崎線
板荷小学校前,鹿沼市,小来川森崎線
両の手,鹿沼市,古峰原線
上八岡,鹿沼市,古峰原線
足尾駅前,日光市,足尾JR日光駅線
足尾駅前,日光交通（株）,"日光市営バス　赤倉線, 日光市営バス　遠上線"
山王団地入口,関東自動車（株）,"宇都宮〜JR日光駅：桜通り経由, 宇都宮〜今市車庫, 宇都宮〜山王団地, 宇都宮〜篠井NT［桜通り経由］, 宇都宮〜篠井NT〜JR日光駅, 宇都宮〜篠井NT〜今市車庫, 宇都宮〜篠井NT〜日光東照宮, 宇都宮〜石那田, 宇都宮〜船生, 宇都宮〜日光東照宮"
宇都宮グリーンタウン,関東自動車（株）,"グリンT〜駒生［森・田原経由］, グリンT〜駒生［森・宝井経由］, 駒生〜田原〜グリーンタウン, 駒生〜宝井〜グリーンタウン"
自由ヶ丘団地入口,関東自動車（株）,"グリンT〜駒生［森・田原経由］, グリンT〜駒生［森・宝井経由］, 駒生〜田原〜グリーンタウン, 駒生〜宝井〜グリーンタウン"
唐沢,鹿沼市,小来川森崎線
八岡局前,鹿沼市,古峰原線
田原小学校,関東自動車（株）,"グリンT〜駒生［森・田原経由］, グリンT〜駒生［森・宝井経由］, 玉生車庫〜健康の森〜駒生, 駒生〜玉生車庫, 駒生〜健康の森〜今里, 駒生〜田原〜グリーンタウン, 駒生〜田原〜今里, 駒生〜宝井〜グリーンタウン"
足尾橋,日光市,足尾JR日光駅線
足尾橋,日光交通（株）,"日光市営バス　赤倉線, 日光市営バス　遠上線"
中内,鹿沼市,古峰原線
宇都宮グリーンタウン入口,関東自動車（株）,"グリンT〜駒生［森・田原経由］, グリンT〜駒生［森・宝井経由］, 駒生〜田原〜グリーンタウン, 駒生〜宝井〜グリーンタウン"
山王団地,関東自動車（株）,宇都宮〜山王団地
多島医院前,日光市,足尾JR日光駅線
多島医院前,日光交通（株）,"日光市営バス　赤倉線, 日光市営バス　遠上線"
小川橋,鹿沼市,古峰原線
西大芦小前,鹿沼市,古峰原線
下徳次郎,関東自動車（株）,"宇都宮〜JR日光駅：桜通り経由, 宇都宮〜今市車庫, 宇都宮〜山王団地, 宇都宮〜篠井NT［桜通り経由］, 宇都宮〜篠井NT〜JR日光駅, 宇都宮〜篠井NT〜今市車庫, 宇都宮〜篠井NT〜日光東照宮, 宇都宮〜石那田, 宇都宮〜船生, 宇都宮〜日光東照宮"
新田,鹿沼市,小来川森崎線
白沢河原,関東自動車（株）,"細谷車庫〜白沢河原, 宝木団地〜奈坪台〜白沢河原, 宝木団地〜白沢河原"
郵便局前,日光市,足尾JR日光駅線
郵便局前,日光交通（株）,"日光市営バス　赤倉線, 日光市営バス　遠上線"
田原中学校前,関東自動車（株）,"グリンT〜駒生［森・田原経由］, グリンT〜駒生［森・宝井経由］, 玉生車庫〜健康の森〜駒生, 駒生〜玉生車庫, 駒生〜健康の森〜今里, 駒生〜田原〜グリーンタウン, 駒生〜田原〜今里, 駒生〜宝井〜グリーンタウン"
足尾小中学校入口,日光市,足尾JR日光駅線
足尾小中学校入口,日光交通（株）,"日光市営バス　赤倉線, 日光市営バス　遠上線"
グリーンタウン西,関東自動車（株）,"グリンT〜駒生［森・田原経由］, グリンT〜駒生［森・宝井経由］, 駒生〜田原〜グリーンタウン, 駒生〜宝井〜グリーンタウン"
グリーンタウン東,関東自動車（株）,"グリンT〜駒生［森・田原経由］, グリンT〜駒生［森・宝井経由］, 駒生〜田原〜グリーンタウン, 駒生〜宝井〜グリーンタウン"
通洞駅前,日光市,足尾JR日光駅線
通洞駅前,日光交通（株）,"日光市営バス　赤倉線, 日光市営バス　遠上線"
足立野外センター,鹿沼市,小来川森崎線
鹿の入橋,鹿沼市,古峰原線
田原コミュニティプラザ,宇都宮市,済生会病院線
グリーンタウン中央,関東自動車（株）,"グリンT〜駒生［森・田原経由］, グリンT〜駒生［森・宝井経由］, 駒生〜田原〜グリーンタウン, 駒生〜宝井〜グリーンタウン"
銅山観光入口,日光市,足尾JR日光駅線
銅山観光入口,日光交通（株）,"日光市営バス　赤倉線, 日光市営バス　遠上線"
新谷十文字,関東自動車（株）,"グリンT〜駒生［森・宝井経由］, 駒生〜宝井〜グリーンタウン"
白沢小学校入口,関東自動車（株）,"細谷車庫〜白沢河原, 宝木団地〜奈坪台〜白沢河原, 宝木団地〜白沢河原"
ろまんちっく村,関東自動車（株）,"宇都宮〜仁良塚〜ろまんちっく村, 宇都宮〜陽西中〜ろまんちっく村"
銅山観光前,日光市,足尾JR日光駅線
銅山観光前,日光交通（株）,"日光市営バス　赤倉線, 日光市営バス　遠上線"
上金井,関東自動車（株）,"宇都宮〜JR日光駅：桜通り経由, 宇都宮〜今市車庫, 宇都宮〜山王団地, 宇都宮〜篠井NT［桜通り経由］, 宇都宮〜篠井NT〜JR日光駅, 宇都宮〜篠井NT〜今市車庫, 宇都宮〜篠井NT〜日光東照宮, 宇都宮〜石那田, 宇都宮〜船生, 宇都宮〜日光東照宮"
下田原交差点,関東自動車（株）,"グリンT〜駒生［森・田原経由］, グリンT〜駒生［森・宝井経由］, 玉生車庫〜健康の森〜駒生, 駒生〜玉生車庫, 駒生〜健康の森〜今里, 駒生〜田原〜グリーンタウン, 駒生〜田原〜今里, 駒生〜宝井〜グリーンタウン"
上宝井,関東自動車（株）,"グリンT〜駒生［森・宝井経由］, 駒生〜宝井〜グリーンタウン"
正面ゲート前,関東自動車（株）,"宇都宮〜仁良塚〜ろまんちっく村, 宇都宮〜陽西中〜ろまんちっく村"
今里,鹿沼市,小来川森崎線
温泉館前,関東自動車（株）,"宇都宮〜仁良塚〜ろまんちっく村, 宇都宮〜陽西中〜ろまんちっく村"
白沢宿,関東自動車（株）,"細谷車庫〜白沢河原, 宝木団地〜奈坪台〜白沢河原, 宝木団地〜白沢河原"
古鹿の入,鹿沼市,古峰原線
砂畑入口,日光市,足尾JR日光駅線
砂畑入口,日光交通（株）,"日光市営バス　赤倉線, 日光市営バス　遠上線"
新里町,関東自動車（株）,"宇都宮〜仁良塚〜ろまんちっく村, 宇都宮〜陽西中〜ろまんちっく村"
岡本街道口,関東自動車（株）,"細谷車庫〜白沢河原, 宝木団地〜奈坪台〜白沢河原, 宝木団地〜白沢河原"
中才,日光市,足尾JR日光駅線
中才,日光交通（株）,"日光市営バス　赤倉線, 日光市営バス　遠上線"
藤本,関東自動車（株）,"宇都宮〜仁良塚〜ろまんちっく村, 宇都宮〜陽西中〜ろまんちっく村"
大鹿島,鹿沼市,小来川森崎線
河内総合福祉センター,関東自動車（株）,"細谷車庫〜白沢河原, 宝木団地〜奈坪台〜白沢河原, 宝木団地〜白沢河原"
下田原,関東自動車（株）,"グリンT〜駒生［森・田原経由］, 玉生車庫〜健康の森〜駒生, 駒生〜玉生車庫, 駒生〜健康の森〜今里, 駒生〜田原〜グリーンタウン, 駒生〜田原〜今里"
下金井,関東自動車（株）,"宇都宮〜JR日光駅：桜通り経由, 宇都宮〜今市車庫, 宇都宮〜山王団地, 宇都宮〜篠井NT［桜通り経由］, 宇都宮〜篠井NT〜JR日光駅, 宇都宮〜篠井NT〜今市車庫, 宇都宮〜篠井NT〜日光東照宮, 宇都宮〜石那田, 宇都宮〜船生, 宇都宮〜日光東照宮"
双愛病院,日光市,足尾JR日光駅線
双愛病院,日光交通（株）,"日光市営バス　赤倉線, 日光市営バス　遠上線"
遠下,日光市,足尾JR日光駅線
遠下,日光交通（株）,"日光市営バス　赤倉線, 日光市営バス　遠上線"
下宝井,関東自動車（株）,"グリンT〜駒生［森・宝井経由］, 駒生〜宝井〜グリーンタウン"
西大堀,関東自動車（株）,"宇都宮〜仁良塚〜ろまんちっく村, 宇都宮〜陽西中〜ろまんちっく村"
塩沢橋,鹿沼市,古峰原線
大堺,鹿沼市,古峰原線
草久星野屋前,鹿沼市,古峰原線
上大久保,鹿沼市,古峰原線
ニュー富士見,関東自動車（株）,宇都宮〜帝京大〜ニュー富士見
大久保田中,鹿沼市,古峰原線
和久,関東自動車（株）,宇都宮駅東口〜岡本駅西口〜和久
石割塚,関東自動車（株）,"細谷車庫〜白沢河原, 宝木団地〜奈坪台〜白沢河原, 宝木団地〜白沢河原"
下大久保,鹿沼市,古峰原線
東大堀,関東自動車（株）,"宇都宮〜仁良塚〜ろまんちっく村, 宇都宮〜陽西中〜ろまんちっく村"
ニュー富士見上,関東自動車（株）,宇都宮〜帝京大〜ニュー富士見
山田橋,関東自動車（株）,"グリンT〜駒生［森・田原経由］, 玉生車庫〜健康の森〜駒生, 駒生〜玉生車庫, 駒生〜健康の森〜今里, 駒生〜田原〜グリーンタウン, 駒生〜田原〜今里"
三沢坪,鹿沼市,古峰原線
東武板荷駅前,鹿沼市,小来川森崎線
稚ヶ坂坂上,関東自動車（株）,"細谷車庫〜白沢河原, 宝木団地〜奈坪台〜白沢河原, 宝木団地〜白沢河原"
大杉屋,関東自動車（株）,"宇都宮〜JR日光駅：桜通り経由, 宇都宮〜今市車庫, 宇都宮〜山王団地, 宇都宮〜篠井NT［桜通り経由］, 宇都宮〜篠井NT〜JR日光駅, 宇都宮〜篠井NT〜今市車庫, 宇都宮〜篠井NT〜日光東照宮, 宇都宮〜石那田, 宇都宮〜船生, 宇都宮〜日光東照宮"
片野道,鹿沼市,古峰原線
芝原十文字,関東自動車（株）,"グリンT〜駒生［森・宝井経由］, 駒生〜宝井〜グリーンタウン"
長ノ原,鹿沼市,小来川森崎線
稚ケ坂,関東自動車（株）,"細谷車庫〜白沢河原, 宝木団地〜奈坪台〜白沢河原, 宝木団地〜白沢河原"
塚原,関東自動車（株）,"グリンT〜駒生［森・田原経由］, 玉生車庫〜健康の森〜駒生, 駒生〜玉生車庫, 駒生〜健康の森〜今里, 駒生〜田原〜グリーンタウン, 駒生〜田原〜今里"
古里中学校,関東自動車（株）,宇都宮駅東口〜岡本駅西口〜和久
ニュー富士見中,関東自動車（株）,宇都宮〜帝京大〜ニュー富士見
仁良塚,関東自動車（株）,"宇都宮〜仁良塚〜ろまんちっく村, 宇都宮〜陽西中〜ろまんちっく村"
奈坪台西口,関東自動車（株）,宝木団地〜奈坪台〜白沢河原
奈坪台北,関東自動車（株）,宝木団地〜奈坪台〜白沢河原
大塚公民館前,関東自動車（株）,"グリンT〜駒生［森・宝井経由］, 駒生〜宝井〜グリーンタウン"
台岡本上,関東自動車（株）,宇都宮駅東口〜岡本駅西口〜和久
河内図書館,関東自動車（株）,宝木団地〜奈坪台〜白沢河原
高畑,鹿沼市,古峰原線
ニュー富士見団地入口,関東自動車（株）,宇都宮〜帝京大〜ニュー富士見
上海道町,関東自動車（株）,"細谷車庫〜白沢河原, 宝木団地〜白沢河原"
奈坪台中央,関東自動車（株）,"宝木団地〜奈坪台, 宝木団地〜奈坪台〜白沢河原"
野沢寺前,関東自動車（株）,"宇都宮〜JR日光駅：桜通り経由, 宇都宮〜今市車庫, 宇都宮〜山王団地, 宇都宮〜篠井NT［桜通り経由］, 宇都宮〜篠井NT〜JR日光駅, 宇都宮〜篠井NT〜今市車庫, 宇都宮〜篠井NT〜日光東照宮, 宇都宮〜石那田, 宇都宮〜船生, 宇都宮〜日光東照宮"
北山霊園前,関東自動車（株）,"グリンT〜駒生［森・田原経由］, 玉生車庫〜健康の森〜駒生, 駒生〜玉生車庫, 駒生〜健康の森〜今里, 駒生〜田原〜グリーンタウン, 駒生〜田原〜今里"
仁良塚下,関東自動車（株）,"宇都宮〜仁良塚〜ろまんちっく村, 宇都宮〜陽西中〜ろまんちっく村"
川化下,鹿沼市,小来川森崎線
台岡本中,関東自動車（株）,宇都宮駅東口〜岡本駅西口〜和久
天王橋,鹿沼市,古峰原線
下大塚,関東自動車（株）,"グリンT〜駒生［森・宝井経由］, 駒生〜宝井〜グリーンタウン"
台岡本下,関東自動車（株）,宇都宮駅東口〜岡本駅西口〜和久
奈坪台南,関東自動車（株）,"宝木団地〜奈坪台, 宝木団地〜奈坪台〜白沢河原"
宇都宮美術館,関東自動車（株）,宇都宮〜帝京大〜宇都宮美術館
古関,鹿沼市,古峰原線
瓦谷町東,関東自動車（株）,宇都宮〜帝京大〜ニュー富士見
豊郷台三丁目,関東自動車（株）,宇都宮〜帝京大〜宇都宮美術館
弁天橋,関東自動車（株）,"宇都宮〜JR日光駅：桜通り経由, 宇都宮〜今市車庫, 宇都宮〜山王団地, 宇都宮〜篠井NT［桜通り経由］, 宇都宮〜篠井NT〜JR日光駅, 宇都宮〜篠井NT〜今市車庫, 宇都宮〜篠井NT〜日光東照宮, 宇都宮〜石那田, 宇都宮〜船生, 宇都宮〜日光東照宮"
引田岡,鹿沼市,古峰原線
奈坪台入口,関東自動車（株）,"宝木団地〜奈坪台, 宝木団地〜奈坪台〜白沢河原"
岩本,関東自動車（株）,"グリンT〜駒生［森・田原経由］, 玉生車庫〜健康の森〜駒生, 駒生〜玉生車庫, 駒生〜健康の森〜今里, 駒生〜田原〜グリーンタウン, 駒生〜田原〜今里"
下遠部,鹿沼市,小来川森崎線
台ハイツ入口,関東自動車（株）,宇都宮駅東口〜岡本駅西口〜和久
中海道町,関東自動車（株）,"細谷車庫〜白沢河原, 宝木団地〜釜井台団地, 宝木団地〜白沢河原"
豊郷台中央公園前,関東自動車（株）,宇都宮〜帝京大〜ニュー富士見
古川橋,関東自動車（株）,"グリンT〜駒生［森・宝井経由］, 駒生〜宝井〜グリーンタウン"
引田宮一,鹿沼市,古峰原線
立岩,関東自動車（株）,宇都宮〜立岩［大谷経由］
仁良塚神社前,関東自動車（株）,"宇都宮〜仁良塚〜ろまんちっく村, 宇都宮〜陽西中〜ろまんちっく村"
豊郷台ショッピングセンター,関東自動車（株）,"宇都宮〜帝京大〜ニュー富士見, 宇都宮〜帝京大〜宇都宮美術館"
申田,関東自動車（株）,宇都宮〜立岩［大谷経由］
岡本西小入口,関東自動車（株）,宝木団地〜釜井台団地
上五月,鹿沼市,入粟野上五月線
松ヶ久保,鹿沼市,小来川森崎線
宝木本町上,関東自動車（株）,"宇都宮〜仁良塚〜ろまんちっく村, 宇都宮〜陽西中〜ろまんちっく村"
帝京大学,関東自動車（株）,"宇都宮〜済生会〜帝京大学, 宇都宮〜帝京大〜ニュー富士見, 宇都宮〜帝京大〜宇都宮美術館, 宇都宮〜帝京大学, 宇都宮〜帝京大学：深夜, 宇都宮〜帝京大学［直通］"
金井台上,関東自動車（株）,"宝木団地〜奈坪台, 宝木団地〜奈坪台〜白沢河原"
関沢,関東自動車（株）,"グリンT〜駒生［森・田原経由］, 玉生車庫〜健康の森〜駒生, 駒生〜玉生車庫, 駒生〜健康の森〜今里, 駒生〜田原〜グリーンタウン, 駒生〜田原〜今里"
石裂山,鹿沼市,上久我線
釜井台団地入口,関東自動車（株）,宝木団地〜釜井台団地
下岡本十字路,関東自動車（株）,宇都宮駅東口〜岡本駅西口〜和久
岩花,鹿沼市,古峰原線
西川俣,関東自動車（株）,"グリンT〜駒生［森・宝井経由］, 駒生〜宝井〜グリーンタウン"
川俣農業倉庫,関東自動車（株）,"グリンT〜駒生［森・宝井経由］, 駒生〜宝井〜グリーンタウン"
豊郷台二丁目,関東自動車（株）,"宇都宮〜済生会〜帝京大学, 宇都宮〜帝京大〜ニュー富士見, 宇都宮〜帝京大〜宇都宮美術館, 宇都宮〜帝京大学, 宇都宮〜帝京大学：深夜"
とちぎ男女共同参画センター,関東自動車（株）,"宇都宮〜JR日光駅：桜通り経由, 宇都宮〜今市車庫, 宇都宮〜山王団地, 宇都宮〜篠井NT［桜通り経由］, 宇都宮〜篠井NT〜JR日光駅, 宇都宮〜篠井NT〜今市車庫, 宇都宮〜篠井NT〜日光東照宮, 宇都宮〜石那田, 宇都宮〜船生, 宇都宮〜日光東照宮"
宝木本町,関東自動車（株）,"宇都宮〜仁良塚〜ろまんちっく村, 宇都宮〜陽西中〜ろまんちっく村"
台病院入口,関東自動車（株）,宇都宮駅東口〜岡本駅西口〜和久
下海道町,関東自動車（株）,"細谷車庫〜白沢河原, 宝木団地〜釜井台団地, 宝木団地〜白沢河原"
豊郷中学校前,関東自動車（株）,"グリンT〜駒生［森・田原経由］, 玉生車庫〜健康の森〜駒生, 駒生〜玉生車庫, 駒生〜健康の森〜今里, 駒生〜田原〜グリーンタウン, 駒生〜田原〜今里"
つつじの湯温泉,鹿沼市,入粟野上五月線
あわの山荘,鹿沼市,入粟野上五月線
立岩入口,関東自動車（株）,宇都宮〜立岩［大谷経由］
保健環境センター前,関東自動車（株）,"宇都宮駅東口〜岡本駅西口〜和久, 宇都宮駅東口〜上野〜岡本駅西口"
金井台中,関東自動車（株）,"宝木団地〜奈坪台, 宝木団地〜奈坪台〜白沢河原"
文星大学前,関東自動車（株）,"宇都宮〜JR日光駅：桜通り経由, 宇都宮〜今市車庫, 宇都宮〜山王団地, 宇都宮〜篠井NT［桜通り経由］, 宇都宮〜篠井NT〜JR日光駅, 宇都宮〜篠井NT〜今市車庫, 宇都宮〜篠井NT〜日光東照宮, 宇都宮〜石那田, 宇都宮〜船生, 宇都宮〜日光東照宮"
釜井台団地中央,関東自動車（株）,宝木団地〜釜井台団地
資料館入口,関東自動車（株）,宇都宮〜立岩［大谷経由］
JR岡本駅西口,関東自動車（株）,"宇都宮駅東口〜岡本駅西口〜和久, 宇都宮駅東口〜上野〜岡本駅西口"
原坪,鹿沼市,小来川森崎線
豊郷台入口,関東自動車（株）,"宇都宮〜済生会〜帝京大学, 宇都宮〜帝京大〜ニュー富士見, 宇都宮〜帝京大〜宇都宮美術館, 宇都宮〜帝京大学, 宇都宮〜帝京大学：深夜"
営農組合,鹿沼市,入粟野上五月線
柿の木幼稚園,関東自動車（株）,"宇都宮〜仁良塚〜ろまんちっく村, 宇都宮〜陽西中〜ろまんちっく村"
引田橋,鹿沼市,古峰原線
上久我馬返,鹿沼市,上久我線
緑ヶ丘入口,関東自動車（株）,"宇都宮〜済生会〜帝京大学, 宇都宮〜帝京大〜ニュー富士見, 宇都宮〜帝京大〜宇都宮美術館, 宇都宮〜帝京大学, 宇都宮〜帝京大学：深夜"
JR岡本駅,関東自動車（株）,宇都宮駅東口〜陽東〜JR岡本駅
大谷景観公園,関東自動車（株）,宇都宮〜立岩［大谷経由］
金井台南,関東自動車（株）,"宝木団地〜奈坪台, 宝木団地〜奈坪台〜白沢河原"
宇都宮病院東,関東自動車（株）,"宇都宮駅東口〜岡本駅西口〜和久, 宇都宮駅東口〜上野〜岡本駅西口"
下沢西,鹿沼市,古峰原線
上戸祭四丁目,関東自動車（株）,"宇都宮〜JR日光駅：桜通り経由, 宇都宮〜今市車庫, 宇都宮〜山王団地, 宇都宮〜篠井NT［桜通り経由］, 宇都宮〜篠井NT〜JR日光駅, 宇都宮〜篠井NT〜今市車庫, 宇都宮〜篠井NT〜日光東照宮, 宇都宮〜石那田, 宇都宮〜船生, 宇都宮〜日光東照宮"
豊郷中央小前,関東自動車（株）,"グリンT〜駒生［森・田原経由］, グリンT〜駒生［森・宝井経由］, 宇都宮〜済生会〜帝京大学, 宇都宮〜帝京大〜ニュー富士見, 宇都宮〜帝京大〜宇都宮美術館, 宇都宮〜帝京大学, 宇都宮〜帝京大学：深夜, 玉生車庫〜健康の森〜駒生, 駒生〜玉生車庫, 駒生〜健康の森〜今里, 駒生〜田原〜グリーンタウン, 駒生〜田原〜今里, 駒生〜宝井〜グリーンタウン"
大谷観音前,関東自動車（株）,宇都宮〜立岩［大谷経由］
山の神,鹿沼市,上粕尾山の神線
宇都宮病院前,関東自動車（株）,"宇都宮駅東口〜岡本駅西口〜和久, 宇都宮駅東口〜上野〜岡本駅西口"
森林公園入口,関東自動車（株）,宇都宮〜荒針〜鹿沼営業所
釜井台団地南,関東自動車（株）,宝木団地〜釜井台団地
五月公民館前,鹿沼市,入粟野上五月線
田野町,関東自動車（株）,宇都宮〜荒針〜鹿沼営業所
宝木中学校入口,関東自動車（株）,"宇都宮〜仁良塚〜ろまんちっく村, 宇都宮〜陽西中〜ろまんちっく村"
岡本南台,関東自動車（株）,宇都宮駅東口〜陽東〜JR岡本駅
釜井台団地,関東自動車（株）,宝木団地〜釜井台団地
前原,関東自動車（株）,"細谷車庫〜白沢河原, 宝木団地〜釜井台団地, 宝木団地〜白沢河原"
上坪,鹿沼市,古峰原線
御幸が原小学校前,関東自動車（株）,"宝木団地〜奈坪台, 宝木団地〜奈坪台〜白沢河原"
新里街道口,関東自動車（株）,宇都宮〜荒針〜鹿沼営業所
見野駐在所前,鹿沼市,小来川森崎線
公園前（宇都宮）,関東自動車（株）,"宇都宮駅東口〜岡本駅西口〜和久, 宇都宮駅東口〜上野〜岡本駅西口"
下五月,鹿沼市,入粟野上五月線
ニューサンピア栃木,関東自動車（株）,宇都宮〜荒針〜鹿沼営業所
御幸ヶ原,関東自動車（株）,"宝木団地〜奈坪台, 宝木団地〜奈坪台〜白沢河原"
下川俣町東,関東自動車（株）,"宝木団地〜奈坪台, 宝木団地〜奈坪台〜白沢河原"
切通し,関東自動車（株）,宇都宮〜立岩［大谷経由］
細谷新道口,関東自動車（株）,"宇都宮〜JR日光駅：桜通り経由, 宇都宮〜今市車庫, 宇都宮〜山王団地, 宇都宮〜篠井NT［桜通り経由］, 宇都宮〜篠井NT〜JR日光駅, 宇都宮〜篠井NT〜今市車庫, 宇都宮〜篠井NT〜日光東照宮, 宇都宮〜石那田, 宇都宮〜船生, 宇都宮〜日光東照宮"
城山中央小学校前,関東自動車（株）,宇都宮〜荒針〜鹿沼営業所
法長内,鹿沼市,上久我線
北高西,関東自動車（株）,"グリンT〜駒生［森・田原経由］, グリンT〜駒生［森・宝井経由］, 宇都宮〜済生会〜帝京大学, 宇都宮〜帝京大〜ニュー富士見, 宇都宮〜帝京大〜宇都宮美術館, 宇都宮〜帝京大学, 宇都宮〜帝京大学：深夜, 玉生車庫〜健康の森〜駒生, 駒生〜玉生車庫, 駒生〜健康の森〜今里, 駒生〜田原〜グリーンタウン, 駒生〜田原〜今里, 駒生〜宝井〜グリーンタウン"
西岡入口,関東自動車（株）,"宇都宮〜仁良塚〜ろまんちっく村, 宇都宮〜陽西中〜ろまんちっく村"
小佐部沢,鹿沼市,上久我線
三菱製鋼,関東自動車（株）,宇都宮駅東口〜陽東〜JR岡本駅
公民館前（上野町）,関東自動車（株）,"宇都宮駅東口〜岡本駅西口〜和久, 宇都宮駅東口〜上野〜岡本駅西口"
漆久保,関東自動車（株）,宇都宮〜荒針〜鹿沼営業所
寺畑,鹿沼市,上久我線
ヨークベニマル前,関東自動車（株）,"宇都宮駅東口〜岡本駅西口〜和久, 宇都宮駅東口〜上野〜岡本駅西口"
和田内,鹿沼市,上久我線
菊沢西小学校前,鹿沼市,小来川森崎線
上野団地,関東自動車（株）,"宇都宮駅東口〜岡本駅西口〜和久, 宇都宮駅東口〜上野〜岡本駅西口"
富見沢入口,鹿沼市,上久我線
大谷橋,関東自動車（株）,"宇都宮〜荒針〜鹿沼営業所, 宇都宮〜立岩［大谷経由］"
宝木団地,関東自動車（株）,"宇都宮〜西塙田〜宝木団地, 宝木団地〜釜井台団地, 宝木団地〜奈坪台, 宝木団地〜奈坪台〜白沢河原, 宝木団地〜白沢河原"
墨田学園前,鹿沼市,上粕尾山の神線
栃窪寺前,関東自動車（株）,宇都宮〜荒針〜鹿沼営業所
西原,関東自動車（株）,宇都宮〜荒針〜鹿沼営業所
宇都宮リハビリテーション,関東自動車（株）,"宇都宮駅東口〜岡本駅西口〜和久, 宇都宮駅東口〜上野〜岡本駅西口"
御幸ヶ原児童公園前,関東自動車（株）,"宇都宮駅東口〜岡本駅西口〜和久, 宇都宮駅東口〜上野〜岡本駅西口"
堀切,関東自動車（株）,"細谷車庫〜白沢河原, 宝木団地〜釜井台団地, 宝木団地〜奈坪台, 宝木団地〜奈坪台〜白沢河原, 宝木団地〜白沢河原"
宇都宮北高校,関東自動車（株）,宇都宮〜済生会〜帝京大学
県営細谷住宅前,関東自動車（株）,"宇都宮〜西塙田〜宝木団地, 宝木団地〜釜井台団地, 宝木団地〜奈坪台, 宝木団地〜奈坪台〜白沢河原, 宝木団地〜白沢河原"
上戸祭小入口,関東自動車（株）,"宇都宮〜JR日光駅：桜通り経由, 宇都宮〜今市車庫, 宇都宮〜山王団地, 宇都宮〜篠井NT［桜通り経由］, 宇都宮〜篠井NT〜JR日光駅, 宇都宮〜篠井NT〜今市車庫, 宇都宮〜篠井NT〜日光東照宮, 宇都宮〜石那田, 宇都宮〜船生, 宇都宮〜日光東照宮"
スーパーオータニ前,関東自動車（株）,"宇都宮駅東口〜岡本駅西口〜和久, 宇都宮駅東口〜上野〜岡本駅西口"
コカ・コーラ前,関東自動車（株）,宇都宮駅東口〜陽東〜JR岡本駅
中道,関東自動車（株）,"宇都宮〜西塙田〜宝木団地, 宝木団地〜釜井台団地, 宝木団地〜奈坪台, 宝木団地〜奈坪台〜白沢河原, 宝木団地〜白沢河原"
橋本,鹿沼市,入粟野上五月線
城山地区市民センター,関東自動車（株）,"宇都宮〜荒針〜鹿沼営業所, 宇都宮〜立岩［大谷経由］"
団地北,関東自動車（株）,"宇都宮〜十文字〜富士見が丘団地, 宇都宮〜竹林〜富士見が丘団地, 宇都宮〜富士見が丘団地, 駒生〜済生会〜富士見が丘団地, 駒生〜十文字〜富士見が丘団地, 駒生〜富士見が丘団地"
久我小学校入口,鹿沼市,上久我線
みふみ幼稚園前,関東自動車（株）,"宇都宮〜十文字〜富士見が丘団地, 宇都宮〜竹林〜富士見が丘団地, 宇都宮〜富士見が丘団地, 駒生〜済生会〜富士見が丘団地, 駒生〜十文字〜富士見が丘団地, 駒生〜富士見が丘団地"
細谷小学校前,関東自動車（株）,宇都宮〜西塙田〜宝木団地
栃窪堀の内,関東自動車（株）,宇都宮〜荒針〜鹿沼営業所
細谷車庫,関東自動車（株）,"宇都宮〜清住町〜細谷, 宇都宮〜清住町〜細谷［深夜］, 宇都宮〜和尚塚〜細谷, 細谷車庫〜白沢河原"
中坪,鹿沼市,古峰原線
若草4丁目,関東自動車（株）,"宇都宮〜仁良塚〜ろまんちっく村, 宇都宮〜清住町〜細谷, 宇都宮〜清住町〜細谷［深夜］, 宇都宮〜西塙田〜宝木団地, 宇都宮〜陽西中〜ろまんちっく村, 宇都宮〜和尚塚〜細谷, 細谷車庫〜白沢河原, 宝木団地〜釜井台団地, 宝木団地〜奈坪台, 宝木団地〜奈坪台〜白沢河原, 宝木団地〜白沢河原"
JA城山支所,関東自動車（株）,"宇都宮〜荒針〜鹿沼営業所, 宇都宮〜立岩［大谷経由］"
富士見が丘郵便局,関東自動車（株）,"宇都宮〜十文字〜富士見が丘団地, 宇都宮〜竹林〜富士見が丘団地, 宇都宮〜富士見が丘団地, 駒生〜済生会〜富士見が丘団地, 駒生〜十文字〜富士見が丘団地, 駒生〜富士見が丘団地"
久我神社入口,鹿沼市,上久我線
上玉田,鹿沼市,小来川森崎線
団地坂上,関東自動車（株）,"宇都宮〜十文字〜富士見が丘団地, 宇都宮〜竹林〜富士見が丘団地, 宇都宮〜富士見が丘団地, 駒生〜済生会〜富士見が丘団地, 駒生〜十文字〜富士見が丘団地, 駒生〜富士見が丘団地"
第二グリーンヒル北,関東自動車（株）,宇都宮〜県庁〜戸祭台循環
豊郷地区市民センター入口,関東自動車（株）,宇都宮〜済生会〜帝京大学
栃木県JAビル前,関東自動車（株）,宇都宮駅東口〜陽東〜JR岡本駅
団地中央,関東自動車（株）,"宇都宮〜十文字〜富士見が丘団地, 宇都宮〜竹林〜富士見が丘団地, 宇都宮〜富士見が丘団地, 駒生〜済生会〜富士見が丘団地, 駒生〜十文字〜富士見が丘団地, 駒生〜富士見が丘団地"
公民館前（宇都宮）,関東自動車（株）,宇都宮〜西塙田〜宝木団地
宇都宮化成前,関東自動車（株）,"細谷車庫〜白沢河原, 宝木団地〜釜井台団地, 宝木団地〜奈坪台, 宝木団地〜奈坪台〜白沢河原, 宝木団地〜白沢河原"
木喰堂,関東自動車（株）,宇都宮〜荒針〜鹿沼営業所
第一グリーンヒル,関東自動車（株）,宇都宮〜県庁〜戸祭台循環
栃窪十文字,関東自動車（株）,宇都宮〜荒針〜鹿沼営業所
岩曽西,関東自動車（株）,"グリンT〜駒生［森・田原経由］, グリンT〜駒生［森・宝井経由］, 宇都宮〜帝京大〜ニュー富士見, 宇都宮〜帝京大〜宇都宮美術館, 宇都宮〜帝京大学, 宇都宮〜帝京大学：深夜, 玉生車庫〜健康の森〜駒生, 駒生〜玉生車庫, 駒生〜健康の森〜今里, 駒生〜田原〜グリーンタウン, 駒生〜田原〜今里, 駒生〜宝井〜グリーンタウン"
御幸ヶ原元町,関東自動車（株）,"宇都宮駅東口〜岡本駅西口〜和久, 宇都宮駅東口〜上野〜岡本駅西口"
大出,鹿沼市,入粟野上五月線
沢河原,鹿沼市,上久我線
御幸交番前,関東自動車（株）,"宇都宮〜東図書館〜平出工業団地, 宇都宮駅東口〜陽東〜JR岡本駅"
栃窪沼,関東自動車（株）,宇都宮〜荒針〜鹿沼営業所
羽立口,鹿沼市,上粕尾山の神線
鎧川,関東自動車（株）,"宇都宮〜荒針〜鹿沼営業所, 宇都宮〜立岩［大谷経由］"
尾ざく山神社,鹿沼市,入粟野上五月線
長岡街道入口,関東自動車（株）,"宇都宮〜JR日光駅：桜通り経由, 宇都宮〜今市車庫, 宇都宮〜山王団地, 宇都宮〜篠井NT［桜通り経由］, 宇都宮〜篠井NT〜JR日光駅, 宇都宮〜篠井NT〜今市車庫, 宇都宮〜篠井NT〜日光東照宮, 宇都宮〜石那田, 宇都宮〜船生, 宇都宮〜日光東照宮"
リハビリテーションセンター,関東自動車（株）,"グリンT〜駒生［森・田原経由］, グリンT〜駒生［森・宝井経由］, 玉生車庫〜健康の森〜駒生, 駒生〜健康の森〜宇都宮駅西口, 駒生〜健康の森〜今里, 駒生〜健康の森〜瑞穂野団地, 駒生〜森・越戸〜柳田車庫, 上三川〜健康の森〜駒生, 瑞穂野団地〜駒生［森経由］, 本郷台西汗〜健康の森〜駒生"
団地南,関東自動車（株）,"宇都宮〜十文字〜富士見が丘団地, 宇都宮〜竹林〜富士見が丘団地, 宇都宮〜富士見が丘団地, 駒生〜済生会〜富士見が丘団地, 駒生〜十文字〜富士見が丘団地, 駒生〜富士見が丘団地"
福祉プラザ,関東自動車（株）,宇都宮〜西塙田〜宝木団地
駒生営業所,関東自動車（株）,"グリンT〜駒生［森・田原経由］, グリンT〜駒生［森・宝井経由］, 宇都宮〜駒生, 宇都宮〜駒生［深夜］, 玉生車庫〜健康の森〜駒生, 駒生〜インターパーク〜上三川, 駒生〜宇商高校〜済生会病院, 駒生〜越戸〜平出工業団地, 駒生〜越戸〜柳田車庫, 駒生〜屋板〜上三川, 駒生〜卸会館前, 駒生〜玉生車庫, 駒生〜健康の森〜宇都宮駅西口, 駒生〜健康の森〜今里, 駒生〜健康の森〜瑞穂野団地, 駒生〜済生会〜富士見が丘団地, 駒生〜十文字〜富士見が丘団地, 駒生〜森・越戸〜柳田車庫, 駒生〜瑞穂野団地［駅経由］, 駒生〜田原〜グリーンタウン, 駒生〜田原〜今里, 駒生〜東汗, 駒生〜富士見が丘団地, 駒生〜宝井〜グリーンタウン, 駒生〜本郷台西汗, 駒生〜緑の郷〜瑞穂野団地, 上三川〜健康の森〜駒生, 瑞穂野団地〜駒生［森経由］, 本郷台西汗〜健康の森〜駒生"
地蔵前,関東自動車（株）,"細谷車庫〜白沢河原, 宝木団地〜釜井台団地, 宝木団地〜奈坪台, 宝木団地〜奈坪台〜白沢河原, 宝木団地〜白沢河原"
御幸ヶ原南,関東自動車（株）,"宇都宮駅東口〜岡本駅西口〜和久, 宇都宮駅東口〜上野〜岡本駅西口"
市営住宅入口,関東自動車（株）,"宇都宮〜仁良塚〜ろまんちっく村, 宇都宮〜清住町〜細谷, 宇都宮〜清住町〜細谷［深夜］, 宇都宮〜陽西中〜ろまんちっく村, 宇都宮〜和尚塚〜細谷, 細谷車庫〜白沢河原, 宝木団地〜釜井台団地, 宝木団地〜奈坪台, 宝木団地〜奈坪台〜白沢河原, 宝木団地〜白沢河原"
下玉田,鹿沼市,小来川森崎線
小奈良橋,鹿沼市,上久我線
青葉台,関東自動車（株）,宇都宮〜県庁〜戸祭台循環
上粕尾発光路,鹿沼市,上粕尾山の神線
第二グリーンヒル南,関東自動車（株）,宇都宮〜県庁〜戸祭台循環
鹿沼市森林組合,鹿沼市,古峰原線
ゆたか団地北,関東自動車（株）,宇都宮〜県庁〜戸祭台循環
とちぎ健康の森,関東自動車（株）,"グリンT〜駒生［森・田原経由］, グリンT〜駒生［森・宝井経由］, 玉生車庫〜健康の森〜駒生, 駒生〜健康の森〜宇都宮駅西口, 駒生〜健康の森〜今里, 駒生〜健康の森〜瑞穂野団地, 駒生〜森・越戸〜柳田車庫, 上三川〜健康の森〜駒生, 瑞穂野団地〜駒生［森経由］, 本郷台西汗〜健康の森〜駒生"
団地南坂上,関東自動車（株）,"宇都宮〜十文字〜富士見が丘団地, 宇都宮〜竹林〜富士見が丘団地, 宇都宮〜富士見が丘団地, 駒生〜済生会〜富士見が丘団地, 駒生〜十文字〜富士見が丘団地, 駒生〜富士見が丘団地"
鹿沼東高校前,関東自動車（株）,宇都宮〜荒針〜鹿沼営業所
戸祭台二号,関東自動車（株）,宇都宮〜県庁〜戸祭台循環
山崎街道入口,関東自動車（株）,"宇都宮〜荒針〜鹿沼営業所, 宇都宮〜立岩［大谷経由］"
日本信号前,関東自動車（株）,"宇都宮〜東図書館〜平出工業団地, 宇都宮駅東口〜陽東〜JR岡本駅"
石川外科医院前,関東自動車（株）,宇都宮〜東図書館〜平出工業団地
富士見が丘団地,関東自動車（株）,"宇都宮〜十文字〜富士見が丘団地, 宇都宮〜竹林〜富士見が丘団地, 宇都宮〜富士見が丘団地, 駒生〜済生会〜富士見が丘団地, 駒生〜十文字〜富士見が丘団地, 駒生〜富士見が丘団地"
鹿沼自動車教習所入口,鹿沼市,小来川森崎線
富士見が丘入口,関東自動車（株）,"グリンT〜駒生［森・田原経由］, グリンT〜駒生［森・宝井経由］, 宇都宮〜十文字〜富士見が丘団地, 宇都宮〜竹林〜富士見が丘団地, 宇都宮〜帝京大〜ニュー富士見, 宇都宮〜帝京大〜宇都宮美術館, 宇都宮〜帝京大学, 宇都宮〜帝京大学：深夜, 宇都宮〜富士見が丘団地, 玉生車庫〜健康の森〜駒生, 駒生〜玉生車庫, 駒生〜健康の森〜今里, 駒生〜済生会〜富士見が丘団地, 駒生〜十文字〜富士見が丘団地, 駒生〜田原〜グリーンタウン, 駒生〜田原〜今里, 駒生〜富士見が丘団地, 駒生〜宝井〜グリーンタウン"
中戸祭,関東自動車（株）,"宇都宮〜JR日光駅：桜通り経由, 宇都宮〜今市車庫, 宇都宮〜山王団地, 宇都宮〜篠井NT［桜通り経由］, 宇都宮〜篠井NT〜JR日光駅, 宇都宮〜篠井NT〜今市車庫, 宇都宮〜篠井NT〜日光東照宮, 宇都宮〜清住町〜細谷, 宇都宮〜清住町〜細谷［深夜］, 宇都宮〜西塙田〜戸祭, 宇都宮〜西塙田〜宝木団地, 宇都宮〜石那田, 宇都宮〜船生, 宇都宮〜日光東照宮"
ゆたか団地入口,関東自動車（株）,宇都宮〜県庁〜戸祭台循環
警察学校前,関東自動車（株）,"宇都宮〜仁良塚〜ろまんちっく村, 宇都宮〜清住町〜細谷, 宇都宮〜清住町〜細谷［深夜］, 宇都宮〜陽西中〜ろまんちっく村, 宇都宮〜和尚塚〜細谷, 細谷車庫〜白沢河原, 宝木団地〜釜井台団地, 宝木団地〜奈坪台, 宝木団地〜奈坪台〜白沢河原, 宝木団地〜白沢河原"
若草町,関東自動車（株）,"宇都宮〜仁良塚〜ろまんちっく村, 宇都宮〜清住町〜細谷, 宇都宮〜清住町〜細谷［深夜］, 宇都宮〜西塙田〜戸祭, 宇都宮〜西塙田〜宝木団地"
たびや前,鹿沼市,上久我線
井戸産業前,鹿沼市,上粕尾山の神線
ゆたか団地,関東自動車（株）,宇都宮〜県庁〜戸祭台循環
戸祭台一号,関東自動車（株）,宇都宮〜県庁〜戸祭台循環
笑楽館前,鹿沼市,入粟野上五月線
田の端,鹿沼市,上粕尾山の神線
挟又局前,関東自動車（株）,"グリンT〜駒生［森・田原経由］, グリンT〜駒生［森・宝井経由］, 宇都宮〜駒生, 宇都宮〜駒生［深夜］, 玉生車庫〜健康の森〜駒生, 駒生〜インターパーク〜上三川, 駒生〜宇商高校〜済生会病院, 駒生〜越戸〜平出工業団地, 駒生〜越戸〜柳田車庫, 駒生〜屋板〜上三川, 駒生〜卸会館前, 駒生〜玉生車庫, 駒生〜健康の森〜宇都宮駅西口, 駒生〜健康の森〜今里, 駒生〜健康の森〜瑞穂野団地, 駒生〜済生会〜富士見が丘団地, 駒生〜十文字〜富士見が丘団地, 駒生〜森・越戸〜柳田車庫, 駒生〜瑞穂野団地［駅経由］, 駒生〜田原〜グリーンタウン, 駒生〜田原〜今里, 駒生〜東汗, 駒生〜富士見が丘団地, 駒生〜宝井〜グリーンタウン, 駒生〜本郷台西汗, 駒生〜緑の郷〜瑞穂野団地, 上三川〜健康の森〜駒生, 瑞穂野団地〜駒生［森経由］, 本郷台西汗〜健康の森〜駒生"
戸祭,関東自動車（株）,"宇都宮〜仁良塚〜ろまんちっく村, 宇都宮〜清住町〜細谷, 宇都宮〜清住町〜細谷［深夜］, 宇都宮〜西塙田〜戸祭, 宇都宮〜西塙田〜宝木団地"
菊沢東小学校前,関東自動車（株）,宇都宮〜荒針〜鹿沼営業所
戸祭台三号,関東自動車（株）,宇都宮〜県庁〜戸祭台循環
宝木,関東自動車（株）,"宇都宮〜仁良塚〜ろまんちっく村, 宇都宮〜清住町〜細谷, 宇都宮〜清住町〜細谷［深夜］, 宇都宮〜陽西中〜ろまんちっく村, 宇都宮〜和尚塚〜細谷, 細谷車庫〜白沢河原, 宝木団地〜釜井台団地, 宝木団地〜奈坪台, 宝木団地〜奈坪台〜白沢河原, 宝木団地〜白沢河原"
栃木医療センター前,関東自動車（株）,"宇都宮〜JR日光駅：桜通り経由, 宇都宮〜今市車庫, 宇都宮〜山王団地, 宇都宮〜篠井NT［桜通り経由］, 宇都宮〜篠井NT〜JR日光駅, 宇都宮〜篠井NT〜今市車庫, 宇都宮〜篠井NT〜日光東照宮, 宇都宮〜清住町〜細谷, 宇都宮〜清住町〜細谷［深夜］, 宇都宮〜西塙田〜戸祭, 宇都宮〜西塙田〜宝木団地, 宇都宮〜石那田, 宇都宮〜船生, 宇都宮〜日光東照宮"
平出工業団地西,関東自動車（株）,宇都宮〜東図書館〜平出工業団地
宇都宮中央高校,関東自動車（株）,"宇都宮〜仁良塚〜ろまんちっく村, 宇都宮〜清住町〜細谷, 宇都宮〜清住町〜細谷［深夜］"
平出工業団地,関東自動車（株）,"宇都宮〜東図書館〜平出工業団地, 宇都宮駅東口〜陽東〜JR岡本駅, 宇都宮東武〜越戸〜平出工業団地, 駒生〜越戸〜平出工業団地"
山本,関東自動車（株）,"グリンT〜駒生［森・田原経由］, グリンT〜駒生［森・宝井経由］, 宇都宮〜十文字〜富士見が丘団地, 宇都宮〜竹林〜富士見が丘団地, 宇都宮〜帝京大〜ニュー富士見, 宇都宮〜帝京大〜宇都宮美術館, 宇都宮〜帝京大学, 宇都宮〜帝京大学：深夜, 宇都宮〜富士見が丘団地, 玉生車庫〜健康の森〜駒生, 駒生〜玉生車庫, 駒生〜健康の森〜今里, 駒生〜済生会〜富士見が丘団地, 駒生〜十文字〜富士見が丘団地, 駒生〜田原〜グリーンタウン, 駒生〜田原〜今里, 駒生〜富士見が丘団地, 駒生〜宝井〜グリーンタウン"
岩の下,鹿沼市,上久我線
中御幸町,関東自動車（株）,"宇都宮駅東口〜岡本駅西口〜和久, 宇都宮駅東口〜上野〜岡本駅西口"
栃木医療センター正門前,関東自動車（株）,宇都宮〜仁良塚〜ろまんちっく村
豊郷南小学校前,関東自動車（株）,"細谷車庫〜白沢河原, 宝木団地〜釜井台団地, 宝木団地〜奈坪台, 宝木団地〜奈坪台〜白沢河原, 宝木団地〜白沢河原"
中丸公園前,関東自動車（株）,"グリンT〜駒生［森・田原経由］, グリンT〜駒生［森・宝井経由］, 宇都宮〜駒生, 宇都宮〜駒生［深夜］, 宇都宮〜荒針〜鹿沼営業所, 宇都宮〜立岩［大谷経由］, 玉生車庫〜健康の森〜駒生, 駒生〜インターパーク〜上三川, 駒生〜宇商高校〜済生会病院, 駒生〜越戸〜平出工業団地, 駒生〜越戸〜柳田車庫, 駒生〜屋板〜上三川, 駒生〜卸会館前, 駒生〜玉生車庫, 駒生〜健康の森〜宇都宮駅西口, 駒生〜健康の森〜今里, 駒生〜健康の森〜瑞穂野団地, 駒生〜済生会〜富士見が丘団地, 駒生〜十文字〜富士見が丘団地, 駒生〜森・越戸〜柳田車庫, 駒生〜瑞穂野団地［駅経由］, 駒生〜田原〜グリーンタウン, 駒生〜田原〜今里, 駒生〜東汗, 駒生〜富士見が丘団地, 駒生〜宝井〜グリーンタウン, 駒生〜本郷台西汗, 駒生〜緑の郷〜瑞穂野団地, 上三川〜健康の森〜駒生, 瑞穂野団地〜駒生［森経由］, 本郷台西汗〜健康の森〜駒生"
東宝木,関東自動車（株）,"宇都宮〜陽西中〜ろまんちっく村, 宇都宮〜和尚塚〜細谷, 細谷車庫〜白沢河原, 宝木団地〜釜井台団地, 宝木団地〜奈坪台, 宝木団地〜奈坪台〜白沢河原, 宝木団地〜白沢河原"
仁神堂町,関東自動車（株）,宇都宮〜荒針〜鹿沼営業所
天出,鹿沼市,入粟野上五月線
下沢大関橋,鹿沼市,古峰原線
体育館前,関東自動車（株）,"宇都宮〜JR日光駅：桜通り経由, 宇都宮〜今市車庫, 宇都宮〜山王団地, 宇都宮〜篠井NT［桜通り経由］, 宇都宮〜篠井NT〜JR日光駅, 宇都宮〜篠井NT〜今市車庫, 宇都宮〜篠井NT〜日光東照宮, 宇都宮〜仁良塚〜ろまんちっく村, 宇都宮〜清住町〜細谷, 宇都宮〜清住町〜細谷［深夜］, 宇都宮〜西塙田〜戸祭, 宇都宮〜西塙田〜宝木団地, 宇都宮〜石那田, 宇都宮〜船生, 宇都宮〜日光東照宮"
済生会病院,関東自動車（株）,"宇都宮〜済生会〜帝京大学, 宇都宮〜竹林〜富士見が丘団地, 宇都宮〜竹林十文字〜済生会病院, 駒生〜宇商高校〜済生会病院, 駒生〜済生会〜富士見が丘団地"
済生会病院,宇都宮市,済生会病院線
駒生町,関東自動車（株）,"グリンT〜駒生［森・田原経由］, グリンT〜駒生［森・宝井経由］, 宇都宮〜駒生, 宇都宮〜駒生［深夜］, 宇都宮〜荒針〜鹿沼営業所, 宇都宮〜立岩［大谷経由］, 玉生車庫〜健康の森〜駒生, 駒生〜インターパーク〜上三川, 駒生〜宇商高校〜済生会病院, 駒生〜越戸〜平出工業団地, 駒生〜越戸〜柳田車庫, 駒生〜屋板〜上三川, 駒生〜卸会館前, 駒生〜玉生車庫, 駒生〜健康の森〜宇都宮駅西口, 駒生〜健康の森〜今里, 駒生〜健康の森〜瑞穂野団地, 駒生〜済生会〜富士見が丘団地, 駒生〜十文字〜富士見が丘団地, 駒生〜森・越戸〜柳田車庫, 駒生〜瑞穂野団地［駅経由］, 駒生〜田原〜グリーンタウン, 駒生〜田原〜今里, 駒生〜東汗, 駒生〜富士見が丘団地, 駒生〜宝井〜グリーンタウン, 駒生〜本郷台西汗, 駒生〜緑の郷〜瑞穂野団地, 上三川〜健康の森〜駒生, 瑞穂野団地〜駒生［森経由］, 本郷台西汗〜健康の森〜駒生"
南御幸町,関東自動車（株）,"宇都宮駅東口〜岡本駅西口〜和久, 宇都宮駅東口〜上野〜岡本駅西口"
玉田町,鹿沼市,お買いものバス
大井,鹿沼市,上粕尾山の神線
西中丸,関東自動車（株）,"グリンT〜駒生［森・田原経由］, グリンT〜駒生［森・宝井経由］, 宇都宮〜駒生, 宇都宮〜駒生［深夜］, 宇都宮〜荒針〜鹿沼営業所, 宇都宮〜立岩［大谷経由］, 玉生車庫〜健康の森〜駒生, 駒生〜インターパーク〜上三川, 駒生〜宇商高校〜済生会病院, 駒生〜越戸〜平出工業団地, 駒生〜越戸〜柳田車庫, 駒生〜屋板〜上三川, 駒生〜卸会館前, 駒生〜玉生車庫, 駒生〜健康の森〜宇都宮駅西口, 駒生〜健康の森〜今里, 駒生〜健康の森〜瑞穂野団地, 駒生〜済生会〜富士見が丘団地, 駒生〜十文字〜富士見が丘団地, 駒生〜森・越戸〜柳田車庫, 駒生〜瑞穂野団地［駅経由］, 駒生〜田原〜グリーンタウン, 駒生〜田原〜今里, 駒生〜東汗, 駒生〜富士見が丘団地, 駒生〜宝井〜グリーンタウン, 駒生〜本郷台西汗, 駒生〜緑の郷〜瑞穂野団地, 上三川〜健康の森〜駒生, 瑞穂野団地〜駒生［森経由］, 本郷台西汗〜健康の森〜駒生"
竹林,関東自動車（株）,"細谷車庫〜白沢河原, 宝木団地〜釜井台団地, 宝木団地〜奈坪台, 宝木団地〜奈坪台〜白沢河原, 宝木団地〜白沢河原"
御幸本町中,関東自動車（株）,宇都宮〜東図書館〜平出工業団地
仏所護念会入口,関東自動車（株）,"宇都宮〜JR日光駅：桜通り経由, 宇都宮〜今市車庫, 宇都宮〜山王団地, 宇都宮〜篠井NT［桜通り経由］, 宇都宮〜篠井NT〜JR日光駅, 宇都宮〜篠井NT〜今市車庫, 宇都宮〜篠井NT〜日光東照宮, 宇都宮〜仁良塚〜ろまんちっく村, 宇都宮〜清住町〜細谷, 宇都宮〜清住町〜細谷［深夜］, 宇都宮〜西塙田〜戸祭, 宇都宮〜西塙田〜宝木団地, 宇都宮〜石那田, 宇都宮〜船生, 宇都宮〜日光東照宮"
御成橋,鹿沼市,小来川森崎線
待居,鹿沼市,上久我線
千手町,鹿沼市,お買いものバス
上大曽,関東自動車（株）,"グリンT〜駒生［森・田原経由］, グリンT〜駒生［森・宝井経由］, 宇都宮〜十文字〜富士見が丘団地, 宇都宮〜竹林〜富士見が丘団地, 宇都宮〜帝京大〜ニュー富士見, 宇都宮〜帝京大〜宇都宮美術館, 宇都宮〜帝京大学, 宇都宮〜帝京大学：深夜, 宇都宮〜富士見が丘団地, 玉生車庫〜健康の森〜駒生, 駒生〜玉生車庫, 駒生〜健康の森〜今里, 駒生〜済生会〜富士見が丘団地, 駒生〜十文字〜富士見が丘団地, 駒生〜田原〜グリーンタウン, 駒生〜田原〜今里, 駒生〜富士見が丘団地, 駒生〜宝井〜グリーンタウン"
中丸,関東自動車（株）,"グリンT〜駒生［森・田原経由］, グリンT〜駒生［森・宝井経由］, 宇都宮〜駒生, 宇都宮〜駒生［深夜］, 宇都宮〜荒針〜鹿沼営業所, 宇都宮〜立岩［大谷経由］, 玉生車庫〜健康の森〜駒生, 駒生〜インターパーク〜上三川, 駒生〜宇商高校〜済生会病院, 駒生〜越戸〜平出工業団地, 駒生〜越戸〜柳田車庫, 駒生〜屋板〜上三川, 駒生〜卸会館前, 駒生〜玉生車庫, 駒生〜健康の森〜宇都宮駅西口, 駒生〜健康の森〜今里, 駒生〜健康の森〜瑞穂野団地, 駒生〜済生会〜富士見が丘団地, 駒生〜十文字〜富士見が丘団地, 駒生〜森・越戸〜柳田車庫, 駒生〜瑞穂野団地［駅経由］, 駒生〜田原〜グリーンタウン, 駒生〜田原〜今里, 駒生〜東汗, 駒生〜富士見が丘団地, 駒生〜宝井〜グリーンタウン, 駒生〜本郷台西汗, 駒生〜緑の郷〜瑞穂野団地, 上三川〜健康の森〜駒生, 瑞穂野団地〜駒生［森経由］, 本郷台西汗〜健康の森〜駒生"
戸祭四丁目,関東自動車（株）,宇都宮〜和尚塚〜細谷
西の宮自治会館,関東自動車（株）,宇都宮〜西の宮団地
下原,関東自動車（株）,"宇都宮〜陽西中〜ろまんちっく村, 細谷車庫〜白沢河原, 宝木団地〜釜井台団地, 宝木団地〜奈坪台, 宝木団地〜奈坪台〜白沢河原, 宝木団地〜白沢河原"
下沢,鹿沼市,古峰原線
河内庁舎東口,関東自動車（株）,"宇都宮〜済生会〜帝京大学, 宇都宮〜竹林〜富士見が丘団地, 宇都宮〜竹林十文字〜済生会病院, 駒生〜宇商高校〜済生会病院, 駒生〜済生会〜富士見が丘団地"
クボタ前,関東自動車（株）,"宇都宮駅東口〜陽東〜JR岡本駅, 宇都宮東武〜越戸〜平出工業団地, 駒生〜越戸〜平出工業団地"
大井煙草屋,鹿沼市,上粕尾山の神線
泉町北,鹿沼市,お買いものバス
下武子町東,関東自動車（株）,宇都宮〜荒針〜鹿沼営業所
御幸小学校入口,関東自動車（株）,宇都宮〜東図書館〜平出工業団地
御成橋1丁目,鹿沼市,小来川森崎線
西の宮団地,関東自動車（株）,宇都宮〜西の宮団地
東町（宇都宮）,関東自動車（株）,"宇都宮駅東口〜岡本駅西口〜和久, 宇都宮駅東口〜上野〜岡本駅西口"
竹林十文字,関東自動車（株）,"宝木団地〜釜井台団地, 宝木団地〜奈坪台, 宝木団地〜奈坪台〜白沢河原, 宝木団地〜白沢河原"
坂田山北,鹿沼市,お買いものバス
松原交差点,関東自動車（株）,"宇都宮〜清住町〜細谷, 宇都宮〜清住町〜細谷［深夜］, 宇都宮〜西塙田〜戸祭, 宇都宮〜西塙田〜宝木団地"
馬返橋,鹿沼市,入粟野上五月線
西の宮団地北,関東自動車（株）,宇都宮〜西の宮団地
河内庁舎正門,関東自動車（株）,"宇都宮〜十文字〜富士見が丘団地, 宇都宮〜竹林〜富士見が丘団地, 駒生〜宇商高校〜済生会病院, 駒生〜済生会〜富士見が丘団地, 駒生〜十文字〜富士見が丘団地"
竹林西,関東自動車（株）,"宇都宮〜済生会〜帝京大学, 宇都宮〜十文字〜富士見が丘団地, 宇都宮〜竹林〜富士見が丘団地, 宇都宮〜竹林十文字〜済生会病院, 駒生〜済生会〜富士見が丘団地, 駒生〜十文字〜富士見が丘団地"
陽北中学校北口,関東自動車（株）,"宇都宮〜済生会〜帝京大学, 宇都宮〜十文字〜富士見が丘団地, 宇都宮〜竹林〜富士見が丘団地, 宇都宮〜竹林十文字〜済生会病院, 駒生〜済生会〜富士見が丘団地, 駒生〜十文字〜富士見が丘団地"
竹林十文字,関東自動車（株）,"宇都宮〜済生会〜帝京大学, 宇都宮〜十文字〜富士見が丘団地, 宇都宮〜竹林〜富士見が丘団地, 宇都宮〜竹林十文字〜済生会病院, 駒生〜済生会〜富士見が丘団地, 駒生〜十文字〜富士見が丘団地, 細谷車庫〜白沢河原"
西の宮団地中央,関東自動車（株）,宇都宮〜西の宮団地
東中丸,関東自動車（株）,"グリンT〜駒生［森・田原経由］, グリンT〜駒生［森・宝井経由］, 宇都宮〜駒生, 宇都宮〜駒生［深夜］, 宇都宮〜荒針〜鹿沼営業所, 宇都宮〜立岩［大谷経由］, 玉生車庫〜健康の森〜駒生, 駒生〜インターパーク〜上三川, 駒生〜宇商高校〜済生会病院, 駒生〜越戸〜平出工業団地, 駒生〜越戸〜柳田車庫, 駒生〜屋板〜上三川, 駒生〜卸会館前, 駒生〜玉生車庫, 駒生〜健康の森〜宇都宮駅西口, 駒生〜健康の森〜今里, 駒生〜健康の森〜瑞穂野団地, 駒生〜済生会〜富士見が丘団地, 駒生〜十文字〜富士見が丘団地, 駒生〜森・越戸〜柳田車庫, 駒生〜瑞穂野団地［駅経由］, 駒生〜田原〜グリーンタウン, 駒生〜田原〜今里, 駒生〜東汗, 駒生〜富士見が丘団地, 駒生〜宝井〜グリーンタウン, 駒生〜本郷台西汗, 駒生〜緑の郷〜瑞穂野団地, 上三川〜健康の森〜駒生, 瑞穂野団地〜駒生［森経由］, 本郷台西汗〜健康の森〜駒生"
下戸祭二丁目,関東自動車（株）,"宇都宮〜県庁〜戸祭台循環, 宇都宮〜西塙田〜戸祭, 宇都宮〜西塙田〜宝木団地"
大曽十文字,関東自動車（株）,"グリンT〜駒生［森・田原経由］, グリンT〜駒生［森・宝井経由］, 宇都宮〜帝京大〜ニュー富士見, 宇都宮〜帝京大〜宇都宮美術館, 宇都宮〜帝京大学, 宇都宮〜帝京大学：深夜, 宇都宮〜富士見が丘団地, 玉生車庫〜健康の森〜駒生, 駒生〜宇商高校〜済生会病院, 駒生〜玉生車庫, 駒生〜健康の森〜今里, 駒生〜田原〜グリーンタウン, 駒生〜田原〜今里, 駒生〜富士見が丘団地, 駒生〜宝井〜グリーンタウン"
宇都宮医師会館前,関東自動車（株）,宇都宮〜和尚塚〜細谷
陽西中学校前,関東自動車（株）,"宇都宮〜陽西中〜ろまんちっく村, 細谷車庫〜白沢河原, 宝木団地〜釜井台団地, 宝木団地〜奈坪台, 宝木団地〜奈坪台〜白沢河原, 宝木団地〜白沢河原"
水沢,鹿沼市,入粟野上五月線
喫茶ジュエル前,鹿沼市,お買いものバス
クボタ空調前,関東自動車（株）,"宇都宮駅東口〜陽東〜JR岡本駅, 宇都宮東武〜越戸〜平出工業団地, 駒生〜越戸〜平出工業団地"
今泉新町,関東自動車（株）,"宇都宮駅東口〜岡本駅西口〜和久, 宇都宮駅東口〜上野〜岡本駅西口"
とちぎ産業創造プラザ,ジェイアールバス関東（株）,栃木県作新学院前〜JR宇都宮駅〜鐺山〜道場宿・清原台団地・芳賀
競輪場前,関東自動車（株）,"宇都宮〜県庁〜戸祭台循環, 宇都宮〜西塙田〜戸祭, 宇都宮〜西塙田〜宝木団地"
上日向,鹿沼市,古峰原線
上粕尾小学校前,鹿沼市,上粕尾山の神線
仁良塚街道入口,関東自動車（株）,"宇都宮〜JR日光駅：桜通り経由, 宇都宮〜今市車庫, 宇都宮〜山王団地, 宇都宮〜篠井NT［桜通り経由］, 宇都宮〜篠井NT〜JR日光駅, 宇都宮〜篠井NT〜今市車庫, 宇都宮〜篠井NT〜日光東照宮, 宇都宮〜仁良塚〜ろまんちっく村, 宇都宮〜石那田, 宇都宮〜船生, 宇都宮〜日光東照宮"
半縄,鹿沼市,上粕尾山の神線
泉町,鹿沼市,"小来川森崎線, お買いものバス"
西の宮団地入口,関東自動車（株）,宇都宮〜西の宮団地
王子タック南口,関東自動車（株）,宇都宮〜東図書館〜平出工業団地
今泉町東,関東自動車（株）,"宇都宮駅東口〜岡本駅西口〜和久, 宇都宮駅東口〜上野〜岡本駅西口"
陽西中西,関東自動車（株）,"グリンT〜駒生［森・田原経由］, グリンT〜駒生［森・宝井経由］, 宇都宮〜駒生, 宇都宮〜駒生［深夜］, 宇都宮〜荒針〜鹿沼営業所, 宇都宮〜立岩［大谷経由］, 玉生車庫〜健康の森〜駒生, 駒生〜インターパーク〜上三川, 駒生〜宇商高校〜済生会病院, 駒生〜越戸〜平出工業団地, 駒生〜越戸〜柳田車庫, 駒生〜屋板〜上三川, 駒生〜卸会館前, 駒生〜玉生車庫, 駒生〜健康の森〜宇都宮駅西口, 駒生〜健康の森〜今里, 駒生〜健康の森〜瑞穂野団地, 駒生〜済生会〜富士見が丘団地, 駒生〜十文字〜富士見が丘団地, 駒生〜森・越戸〜柳田車庫, 駒生〜瑞穂野団地［駅経由］, 駒生〜田原〜グリーンタウン, 駒生〜田原〜今里, 駒生〜東汗, 駒生〜富士見が丘団地, 駒生〜宝井〜グリーンタウン, 駒生〜本郷台西汗, 駒生〜緑の郷〜瑞穂野団地, 上三川〜健康の森〜駒生, 瑞穂野団地〜駒生［森経由］, 本郷台西汗〜健康の森〜駒生"
今泉八丁目,関東自動車（株）,"宇都宮〜済生会〜帝京大学, 宇都宮〜十文字〜富士見が丘団地, 宇都宮〜竹林〜富士見が丘団地, 宇都宮〜竹林十文字〜済生会病院, 駒生〜済生会〜富士見が丘団地, 駒生〜十文字〜富士見が丘団地, 細谷車庫〜白沢河原, 宝木団地〜釜井台団地, 宝木団地〜奈坪台, 宝木団地〜奈坪台〜白沢河原, 宝木団地〜白沢河原"
加蘇中学校前,鹿沼市,上久我線
戸祭小学校入口,関東自動車（株）,宇都宮〜和尚塚〜細谷
武子十文字,関東自動車（株）,宇都宮〜荒針〜鹿沼営業所
戸祭一丁目,関東自動車（株）,"宇都宮〜JR日光駅：桜通り経由, 宇都宮〜今市車庫, 宇都宮〜山王団地, 宇都宮〜篠井NT［桜通り経由］, 宇都宮〜篠井NT〜JR日光駅, 宇都宮〜篠井NT〜今市車庫, 宇都宮〜篠井NT〜日光東照宮, 宇都宮〜仁良塚〜ろまんちっく村, 宇都宮〜石那田, 宇都宮〜船生, 宇都宮〜日光東照宮"
松原町,関東自動車（株）,"宇都宮〜清住町〜細谷, 宇都宮〜清住町〜細谷［深夜］"
平出駐在所前,関東自動車（株）,"宇都宮〜越戸〜柳田車庫, 宇都宮東武〜越戸〜柳田車庫, 駒生〜越戸〜柳田車庫, 駒生〜森・越戸〜柳田車庫, 柳田車庫〜越戸〜作新学院前"
雷電神社前,関東自動車（株）,"宇都宮〜越戸〜柳田車庫, 宇都宮東武〜越戸〜柳田車庫, 駒生〜越戸〜柳田車庫, 駒生〜森・越戸〜柳田車庫, 柳田車庫〜越戸〜作新学院前"
越戸北児童公園前,関東自動車（株）,宇都宮〜東図書館〜平出工業団地
明保小東口,関東自動車（株）,宇都宮〜西の宮団地
水神,鹿沼市,上粕尾山の神線
文化センター入口,鹿沼市,お買いものバス
睦町,鹿沼市,"小来川森崎線, お買いものバス"
ミヤ健康クリニック,きよはら地域内公共交通運営協議会,清原さきがけ号
中央警察署前,関東自動車（株）,"宇都宮〜県庁〜戸祭台循環, 宇都宮〜西塙田〜戸祭, 宇都宮〜西塙田〜宝木団地"
今泉町中,関東自動車（株）,"宇都宮駅東口〜岡本駅西口〜和久, 宇都宮駅東口〜上野〜岡本駅西口"
JR鹿沼駅,鹿沼市,"古峰原線, 公設市場線, 口粟野線, 鹿沼南高校線, 上久我線, 上粕尾山の神線, 南摩線, 入粟野上五月線, 運転免許センター線, 南押原線"
東警察署南,関東自動車（株）,宇都宮〜東図書館〜平出工業団地
宇商高校前,関東自動車（株）,"グリンT〜駒生［森・田原経由］, グリンT〜駒生［森・宝井経由］, 宇都宮〜帝京大〜ニュー富士見, 宇都宮〜帝京大〜宇都宮美術館, 宇都宮〜帝京大学, 宇都宮〜帝京大学：深夜, 宇都宮〜富士見が丘団地, 玉生車庫〜健康の森〜駒生, 駒生〜宇商高校〜済生会病院, 駒生〜玉生車庫, 駒生〜健康の森〜今里, 駒生〜田原〜グリーンタウン, 駒生〜田原〜今里, 駒生〜富士見が丘団地, 駒生〜宝井〜グリーンタウン"
バイパス東,関東自動車（株）,宇都宮〜東図書館〜平出工業団地
越戸二丁目,関東自動車（株）,宇都宮〜東図書館〜平出工業団地
滝団地前,関東自動車（株）,"宇都宮〜越戸〜柳田車庫, 宇都宮東武〜越戸〜柳田車庫, 駒生〜越戸〜柳田車庫, 駒生〜森・越戸〜柳田車庫, 柳田車庫〜越戸〜作新学院前"
春日丘,鹿沼市,上久我線
北越戸町,関東自動車（株）,宇都宮〜東図書館〜平出工業団地
平出橋,関東自動車（株）,"宇都宮〜越戸〜柳田車庫, 宇都宮東武〜越戸〜柳田車庫, 駒生〜越戸〜柳田車庫, 駒生〜森・越戸〜柳田車庫, 柳田車庫〜越戸〜作新学院前"
鹿沼駅,関東自動車（株）,"宇都宮〜宇短大〜鹿沼営業所, 宇都宮〜荒針〜鹿沼営業所, 宇都宮〜長坂〜鹿沼営業所"
作新学院前,ジェイアールバス関東（株）,栃木県作新学院前〜JR宇都宮駅〜鐺山〜道場宿・清原台団地・芳賀
和尚塚,関東自動車（株）,宇都宮〜和尚塚〜細谷
図書館・川上澄生美術館前,鹿沼市,小来川森崎線
平出公園,関東自動車（株）,"宇都宮〜越戸〜柳田車庫, 宇都宮東武〜越戸〜柳田車庫, 駒生〜越戸〜柳田車庫, 駒生〜森・越戸〜柳田車庫, 柳田車庫〜越戸〜作新学院前"
ハローワーク前,鹿沼市,小来川森崎線
かましん,きよはら地域内公共交通運営協議会,清原さきがけ号
桜四丁目,関東自動車（株）,"宇都宮〜JR日光駅：桜通り経由, 宇都宮〜今市車庫, 宇都宮〜山王団地, 宇都宮〜篠井NT［桜通り経由］, 宇都宮〜篠井NT〜JR日光駅, 宇都宮〜篠井NT〜今市車庫, 宇都宮〜篠井NT〜日光東照宮, 宇都宮〜仁良塚〜ろまんちっく村, 宇都宮〜石那田, 宇都宮〜船生, 宇都宮〜日光東照宮"
JR鹿沼駅前,鹿沼市,運転免許センター線
上粕尾郵便局前,鹿沼市,上粕尾山の神線
鹿沼西小前,鹿沼市,古峰原線
作新学院前,関東自動車（株）,"グリンT〜駒生［森・田原経由］, グリンT〜駒生［森・宝井経由］, 宇都宮〜駒生, 宇都宮〜駒生［深夜］, 宇都宮〜荒針〜鹿沼営業所, 宇都宮〜陽西中〜ろまんちっく村, 宇都宮〜立岩［大谷経由］, 玉生車庫〜健康の森〜駒生, 駒生〜インターパーク〜上三川, 駒生〜宇商高校〜済生会病院, 駒生〜越戸〜平出工業団地, 駒生〜越戸〜柳田車庫, 駒生〜屋板〜上三川, 駒生〜卸会館前, 駒生〜玉生車庫, 駒生〜健康の森〜宇都宮駅西口, 駒生〜健康の森〜今里, 駒生〜健康の森〜瑞穂野団地, 駒生〜済生会〜富士見が丘団地, 駒生〜十文字〜富士見が丘団地, 駒生〜森・越戸〜柳田車庫, 駒生〜瑞穂野団地［駅経由］, 駒生〜田原〜グリーンタウン, 駒生〜田原〜今里, 駒生〜東汗, 駒生〜富士見が丘団地, 駒生〜宝井〜グリーンタウン, 駒生〜本郷台西汗, 駒生〜緑の郷〜瑞穂野団地, 細谷車庫〜白沢河原, 上三川〜健康の森〜駒生, 瑞穂野団地〜駒生［森経由］, 宝木団地〜釜井台団地, 宝木団地〜奈坪台, 宝木団地〜奈坪台〜白沢河原, 宝木団地〜白沢河原, 本郷台西汗〜健康の森〜駒生, 柳田車庫〜越戸〜作新学院前"
陽北中学校入口,関東自動車（株）,"宇都宮〜済生会〜帝京大学, 宇都宮〜十文字〜富士見が丘団地, 宇都宮〜竹林〜富士見が丘団地, 宇都宮〜竹林十文字〜済生会病院, 駒生〜済生会〜富士見が丘団地, 駒生〜十文字〜富士見が丘団地, 細谷車庫〜白沢河原, 宝木団地〜釜井台団地, 宝木団地〜奈坪台, 宝木団地〜奈坪台〜白沢河原, 宝木団地〜白沢河原"
上平出入口,関東自動車（株）,"宇都宮〜越戸〜柳田車庫, 宇都宮駅東口〜陽東〜JR岡本駅, 宇都宮東武〜越戸〜平出工業団地, 宇都宮東武〜越戸〜柳田車庫, 駒生〜越戸〜平出工業団地, 駒生〜越戸〜柳田車庫, 駒生〜森・越戸〜柳田車庫, 柳田車庫〜越戸〜作新学院前"
ビバモール入口,鹿沼市,"小来川森崎線, お買いものバス"
星が丘中学校入口,関東自動車（株）,"宇都宮〜清住町〜細谷, 宇都宮〜清住町〜細谷［深夜］"
西公園入口,関東自動車（株）,宇都宮〜東図書館〜平出工業団地
中今泉五丁目,関東自動車（株）,宇都宮〜東図書館〜平出工業団地
駒生運動公園,関東自動車（株）,宇都宮〜西の宮団地
文化活動交流館前,鹿沼市,"小来川森崎線, お買いものバス"
昭和小学校前,関東自動車（株）,"宇都宮〜県庁〜戸祭台循環, 宇都宮〜西塙田〜戸祭, 宇都宮〜西塙田〜宝木団地"
柳田車庫,関東自動車（株）,"宇都宮〜ベルモール〜柳田車庫, 宇都宮〜越戸〜柳田車庫, 宇都宮駅東口〜中平出〜柳田車庫, 宇都宮東武〜越戸〜柳田車庫, 駒生〜越戸〜柳田車庫, 駒生〜森・越戸〜柳田車庫, 柳田車庫〜越戸〜作新学院前, 柳田車庫〜中平出〜宇都宮東武"
柳田車庫,ジェイアールバス関東（株）,栃木県作新学院前〜JR宇都宮駅〜鐺山〜道場宿・清原台団地・芳賀
府所,関東自動車（株）,"宇都宮〜宇短大〜鹿沼営業所, 宇都宮〜荒針〜鹿沼営業所, 宇都宮〜長坂〜鹿沼営業所"
府所町,鹿沼市,"古峰原線, 公設市場線, 口粟野線, 鹿沼南高校線, 上久我線, 上粕尾山の神線, 南摩線, 入粟野上五月線, 運転免許センター線, 南押原線"
文化橋町,鹿沼市,"小来川森崎線, お買いものバス"
大黒天橋,関東自動車（株）,"宇都宮駅東口〜岡本駅西口〜和久, 宇都宮駅東口〜上野〜岡本駅西口"
ゆいの杜たいらや前,ジェイアールバス関東（株）,栃木県作新学院前〜JR宇都宮駅〜鐺山〜道場宿・清原台団地・芳賀
大曽一丁目,関東自動車（株）,"グリンT〜駒生［森・田原経由］, グリンT〜駒生［森・宝井経由］, 宇都宮〜帝京大〜ニュー富士見, 宇都宮〜帝京大〜宇都宮美術館, 宇都宮〜帝京大学, 宇都宮〜帝京大学：深夜, 宇都宮〜富士見が丘団地, 玉生車庫〜健康の森〜駒生, 駒生〜宇商高校〜済生会病院, 駒生〜玉生車庫, 駒生〜健康の森〜今里, 駒生〜田原〜グリーンタウン, 駒生〜田原〜今里, 駒生〜富士見が丘団地, 駒生〜宝井〜グリーンタウン"
ゆいの杜6丁目,ジェイアールバス関東（株）,栃木県作新学院前〜JR宇都宮駅〜鐺山〜道場宿・清原台団地・芳賀
上野町交差点,関東自動車（株）,"宇都宮〜宇短大〜鹿沼営業所, 宇都宮〜長坂〜鹿沼営業所"
上野町交差点,鹿沼市,運転免許センター線
東図書館入口,関東自動車（株）,宇都宮〜東図書館〜平出工業団地
ゆいの杜壁梨,ジェイアールバス関東（株）,栃木県作新学院前〜JR宇都宮駅〜鐺山〜道場宿・清原台団地・芳賀
ゆいの杜カスミ前,ジェイアールバス関東（株）,栃木県作新学院前〜JR宇都宮駅〜鐺山〜道場宿・清原台団地・芳賀
朝日町,関東自動車（株）,"宇都宮〜宇短大〜鹿沼営業所, 宇都宮〜荒針〜鹿沼営業所, 宇都宮〜長坂〜鹿沼営業所"
朝日町,鹿沼市,"古峰原線, 公設市場線, 口粟野線, 鹿沼南高校線, 上久我線, 上粕尾山の神線, 南摩線, 入粟野上五月線, 運転免許センター線, 南押原線"
栃原,鹿沼市,上粕尾山の神線
宇大附属学校園入口,関東自動車（株）,"宇都宮〜清住町〜細谷, 宇都宮〜清住町〜細谷［深夜］"
関東自動車整備前,関東自動車（株）,"グリンT〜駒生［森・田原経由］, グリンT〜駒生［森・宝井経由］, 宇都宮〜駒生, 宇都宮〜駒生［深夜］, 宇都宮〜荒針〜鹿沼営業所, 宇都宮〜陽西中〜ろまんちっく村, 宇都宮〜立岩［大谷経由］, 玉生車庫〜健康の森〜駒生, 駒生〜インターパーク〜上三川, 駒生〜宇商高校〜済生会病院, 駒生〜越戸〜平出工業団地, 駒生〜越戸〜柳田車庫, 駒生〜屋板〜上三川, 駒生〜卸会館前, 駒生〜玉生車庫, 駒生〜健康の森〜宇都宮駅西口, 駒生〜健康の森〜今里, 駒生〜健康の森〜瑞穂野団地, 駒生〜済生会〜富士見が丘団地, 駒生〜十文字〜富士見が丘団地, 駒生〜森・越戸〜柳田車庫, 駒生〜瑞穂野団地［駅経由］, 駒生〜田原〜グリーンタウン, 駒生〜田原〜今里, 駒生〜東汗, 駒生〜富士見が丘団地, 駒生〜宝井〜グリーンタウン, 駒生〜本郷台西汗, 駒生〜緑の郷〜瑞穂野団地, 細谷車庫〜白沢河原, 上三川〜健康の森〜駒生, 瑞穂野団地〜駒生［森経由］, 宝木団地〜釜井台団地, 宝木団地〜奈坪台, 宝木団地〜奈坪台〜白沢河原, 宝木団地〜白沢河原, 本郷台西汗〜健康の森〜駒生, 柳田車庫〜越戸〜作新学院前"
市役所前,鹿沼市,お買いものバス
西塙田町,関東自動車（株）,"宇都宮〜県庁〜戸祭台循環, 宇都宮〜西塙田〜戸祭, 宇都宮〜西塙田〜宝木団地"
天神町,関東自動車（株）,"宇都宮〜宇短大〜鹿沼営業所, 宇都宮〜荒針〜鹿沼営業所, 宇都宮〜長坂〜鹿沼営業所"
天神町,鹿沼市,"古峰原線, 口粟野線, 鹿沼南高校線, 小来川森崎線, 上久我線, 上粕尾山の神線, 南摩線, 入粟野上五月線"
上田町,関東自動車（株）,"宇都宮〜宇短大〜鹿沼営業所, 宇都宮〜荒針〜鹿沼営業所, 宇都宮〜長坂〜鹿沼営業所"
上田町,鹿沼市,"古峰原線, 口粟野線, 鹿沼南高校線, 小来川森崎線, 上久我線, 上粕尾山の神線, 南摩線, 入粟野上五月線"
小田詰,鹿沼市,入粟野上五月線
西の宮通り,関東自動車（株）,宇都宮〜西の宮団地
文星女子高入口,関東自動車（株）,"宇都宮〜JR日光駅：桜通り経由, 宇都宮〜今市車庫, 宇都宮〜山王団地, 宇都宮〜篠井NT［桜通り経由］, 宇都宮〜篠井NT〜JR日光駅, 宇都宮〜篠井NT〜今市車庫, 宇都宮〜篠井NT〜日光東照宮, 宇都宮〜仁良塚〜ろまんちっく村, 宇都宮〜石那田, 宇都宮〜船生, 宇都宮〜日光東照宮, 宇都宮〜和尚塚〜細谷"
刈沼,ジェイアールバス関東（株）,栃木県作新学院前〜JR宇都宮駅〜鐺山〜道場宿・清原台団地・芳賀
久保町,関東自動車（株）,"宇都宮〜宇短大〜鹿沼営業所, 宇都宮〜荒針〜鹿沼営業所, 宇都宮〜長坂〜鹿沼営業所"
久保町,鹿沼市,"古峰原線, 口粟野線, 鹿沼南高校線, 小来川森崎線, 上久我線, 上粕尾山の神線, 南摩線, 入粟野上五月線, お買いものバス"
桑原,鹿沼市,上久我線
東町1丁目,鹿沼市,運転免許センター線
日吉団地入口,鹿沼市,"古峰原線, 上久我線"
東校西,関東自動車（株）,"グリンT〜駒生［森・田原経由］, グリンT〜駒生［森・宝井経由］, 宇都宮〜帝京大〜ニュー富士見, 宇都宮〜帝京大〜宇都宮美術館, 宇都宮〜帝京大学, 宇都宮〜帝京大学：深夜, 宇都宮〜富士見が丘団地, 玉生車庫〜健康の森〜駒生, 駒生〜宇商高校〜済生会病院, 駒生〜玉生車庫, 駒生〜健康の森〜今里, 駒生〜田原〜グリーンタウン, 駒生〜田原〜今里, 駒生〜富士見が丘団地, 駒生〜宝井〜グリーンタウン"
三軒店,鹿沼市,"古峰原線, 上久我線"
芳賀工業団地西,ジェイアールバス関東（株）,栃木県作新学院前〜JR宇都宮駅〜鐺山〜道場宿・清原台団地・芳賀
滝の端,鹿沼市,入粟野上五月線
茂呂街道口,関東自動車（株）,"宇都宮〜宇短大〜鹿沼営業所, 宇都宮〜長坂〜鹿沼営業所"
今泉五丁目,関東自動車（株）,"宇都宮〜済生会〜帝京大学, 宇都宮〜十文字〜富士見が丘団地, 宇都宮〜竹林〜富士見が丘団地, 宇都宮〜竹林十文字〜済生会病院, 駒生〜済生会〜富士見が丘団地, 駒生〜十文字〜富士見が丘団地, 細谷車庫〜白沢河原, 宝木団地〜釜井台団地, 宝木団地〜奈坪台, 宝木団地〜奈坪台〜白沢河原, 宝木団地〜白沢河原"
越戸新田,関東自動車（株）,"宇都宮〜越戸〜柳田車庫, 宇都宮東武〜越戸〜平出工業団地, 宇都宮東武〜越戸〜柳田車庫, 駒生〜越戸〜平出工業団地, 駒生〜越戸〜柳田車庫, 駒生〜森・越戸〜柳田車庫, 柳田車庫〜越戸〜作新学院前"
なまい接骨院,きよはら地域内公共交通運営協議会,清原さきがけ号
道場宿台,ジェイアールバス関東（株）,栃木県作新学院前〜JR宇都宮駅〜鐺山〜道場宿・清原台団地・芳賀
清住町,関東自動車（株）,"宇都宮〜清住町〜細谷, 宇都宮〜清住町〜細谷［深夜］"
福田屋前,鹿沼市,"公設市場線, 運転免許センター線, 南押原線, お買いものバス"
藤井産業前,関東自動車（株）,"宇都宮〜越戸〜柳田車庫, 宇都宮駅東口〜陽東〜JR岡本駅, 宇都宮東武〜越戸〜平出工業団地, 宇都宮東武〜越戸〜柳田車庫, 駒生〜越戸〜平出工業団地, 駒生〜越戸〜柳田車庫, 駒生〜森・越戸〜柳田車庫, 柳田車庫〜越戸〜作新学院前"
鹿沼西中入口,鹿沼市,"古峰原線, 上久我線"
日吉町,鹿沼市,"古峰原線, 上久我線"
日向農協前,鹿沼市,古峰原線
屋敷北,関東自動車（株）,"宇都宮〜ベルモール〜柳田車庫, 宇都宮駅東口〜中平出〜柳田車庫, 柳田車庫〜中平出〜宇都宮東武"
イベントホール前,きよはら地域内公共交通運営協議会,清原さきがけ号
斉藤内科クリニック,きよはら地域内公共交通運営協議会,清原さきがけ号
清原台入口,ジェイアールバス関東（株）,栃木県作新学院前〜JR宇都宮駅〜鐺山〜道場宿・清原台団地・芳賀
県庁西門前,関東自動車（株）,"宇都宮〜県庁〜戸祭台循環, 宇都宮〜西塙田〜戸祭, 宇都宮〜西塙田〜宝木団地"
天目外科胃腸科,きよはら地域内公共交通運営協議会,清原さきがけ号
弁才天橋,関東自動車（株）,"宇都宮〜東図書館〜平出工業団地, 宇都宮駅東口〜岡本駅西口〜和久, 宇都宮駅東口〜上野〜岡本駅西口"
桜通十文字,関東自動車（株）,"グリンT〜駒生［森・田原経由］, グリンT〜駒生［森・宝井経由］, 宇都宮〜JR日光駅：桜通り経由, 宇都宮〜宇短大〜鹿沼営業所, 宇都宮〜駒生, 宇都宮〜駒生［深夜］, 宇都宮〜荒針〜鹿沼営業所, 宇都宮〜今市車庫, 宇都宮〜桜通り〜西川田駅, 宇都宮〜桜通り〜鶴田駅, 宇都宮〜山王団地, 宇都宮〜篠井NT［桜通り経由］, 宇都宮〜篠井NT〜JR日光駅, 宇都宮〜篠井NT〜今市車庫, 宇都宮〜篠井NT〜日光東照宮, 宇都宮〜仁良塚〜ろまんちっく村, 宇都宮〜西の宮団地, 宇都宮〜石那田, 宇都宮〜船生, 宇都宮〜長坂〜鹿沼営業所, 宇都宮〜砥上団地, 宇都宮〜日光東照宮, 宇都宮〜陽西中〜ろまんちっく村, 宇都宮〜立岩［大谷経由］, 宇都宮〜和尚塚〜細谷, 玉生車庫〜健康の森〜駒生, 駒生〜インターパーク〜上三川, 駒生〜宇商高校〜済生会病院, 駒生〜越戸〜平出工業団地, 駒生〜越戸〜柳田車庫, 駒生〜屋板〜上三川, 駒生〜卸会館前, 駒生〜玉生車庫, 駒生〜健康の森〜宇都宮駅西口, 駒生〜健康の森〜今里, 駒生〜健康の森〜瑞穂野団地, 駒生〜済生会〜富士見が丘団地, 駒生〜十文字〜富士見が丘団地, 駒生〜森・越戸〜柳田車庫, 駒生〜瑞穂野団地［駅経由］, 駒生〜田原〜グリーンタウン, 駒生〜田原〜今里, 駒生〜東汗, 駒生〜富士見が丘団地, 駒生〜宝井〜グリーンタウン, 駒生〜本郷台西汗, 駒生〜緑の郷〜瑞穂野団地, 細谷車庫〜白沢河原, 上三川〜健康の森〜駒生, 瑞穂野団地〜駒生［森経由］, 宝木団地〜釜井台団地, 宝木団地〜奈坪台, 宝木団地〜奈坪台〜白沢河原, 宝木団地〜白沢河原, 本郷台西汗〜健康の森〜駒生, 柳田車庫〜越戸〜作新学院前"
東町（鹿沼）,関東自動車（株）,"宇都宮〜宇短大〜鹿沼営業所, 宇都宮〜長坂〜鹿沼営業所"
西鹿沼栃木屋前,鹿沼市,"古峰原線, 上久我線"
越戸,関東自動車（株）,"宇都宮〜越戸〜柳田車庫, 宇都宮東武〜越戸〜平出工業団地, 宇都宮東武〜越戸〜柳田車庫, 駒生〜越戸〜平出工業団地, 駒生〜越戸〜柳田車庫, 駒生〜森・越戸〜柳田車庫, 柳田車庫〜越戸〜作新学院前"
飯岡橋,関東自動車（株）,"宇都宮〜宇短大〜鹿沼営業所, 宇都宮〜長坂〜鹿沼営業所"
栃木県庁舎前,関東自動車（株）,"宇都宮市内循環線：県庁先回り, 宇都宮市内循環線：市役所先回り, 市内循環バス（きぶな）"
滝沢,鹿沼市,入粟野上五月線
府中町,鹿沼市,お買いものバス
仲町（鹿沼）,関東自動車（株）,"宇都宮〜宇短大〜鹿沼営業所, 宇都宮〜荒針〜鹿沼営業所, 宇都宮〜長坂〜鹿沼営業所"
1丁目東,きよはら地域内公共交通運営協議会,清原さきがけ号
日向駐在所,鹿沼市,"古峰原線, 上久我線"
上の内,鹿沼市,上粕尾山の神線
平出工業団地南,関東自動車（株）,宇都宮駅東口〜陽東〜JR岡本駅
県庁東,関東自動車（株）,"宇都宮市内循環線：県庁先回り, 宇都宮市内循環線：市役所先回り, 市内循環バス（きぶな）"
桜小学校入口,関東自動車（株）,"グリンT〜駒生［森・田原経由］, グリンT〜駒生［森・宝井経由］, 宇都宮〜JR日光駅：桜通り経由, 宇都宮〜宇短大〜鹿沼営業所, 宇都宮〜駒生, 宇都宮〜駒生［深夜］, 宇都宮〜荒針〜鹿沼営業所, 宇都宮〜今市車庫, 宇都宮〜桜通り〜西川田駅, 宇都宮〜桜通り〜鶴田駅, 宇都宮〜山王団地, 宇都宮〜篠井NT［桜通り経由］, 宇都宮〜篠井NT〜JR日光駅, 宇都宮〜篠井NT〜今市車庫, 宇都宮〜篠井NT〜日光東照宮, 宇都宮〜仁良塚〜ろまんちっく村, 宇都宮〜西の宮団地, 宇都宮〜石那田, 宇都宮〜船生, 宇都宮〜長坂〜鹿沼営業所, 宇都宮〜砥上団地, 宇都宮〜日光東照宮, 宇都宮〜陽西中〜ろまんちっく村, 宇都宮〜立岩［大谷経由］, 宇都宮〜和尚塚〜細谷, 玉生車庫〜健康の森〜駒生, 駒生〜インターパーク〜上三川, 駒生〜宇商高校〜済生会病院, 駒生〜越戸〜平出工業団地, 駒生〜越戸〜柳田車庫, 駒生〜屋板〜上三川, 駒生〜卸会館前, 駒生〜玉生車庫, 駒生〜健康の森〜宇都宮駅西口, 駒生〜健康の森〜今里, 駒生〜健康の森〜瑞穂野団地, 駒生〜済生会〜富士見が丘団地, 駒生〜十文字〜富士見が丘団地, 駒生〜森・越戸〜柳田車庫, 駒生〜瑞穂野団地［駅経由］, 駒生〜田原〜グリーンタウン, 駒生〜田原〜今里, 駒生〜東汗, 駒生〜富士見が丘団地, 駒生〜宝井〜グリーンタウン, 駒生〜本郷台西汗, 駒生〜緑の郷〜瑞穂野団地, 細谷車庫〜白沢河原, 上三川〜健康の森〜駒生, 瑞穂野団地〜駒生［森経由］, 宝木団地〜釜井台団地, 宝木団地〜奈坪台, 宝木団地〜奈坪台〜白沢河原, 宝木団地〜白沢河原, 本郷台西汗〜健康の森〜駒生, 柳田車庫〜越戸〜作新学院前"
日向辻,鹿沼市,"古峰原線, 上久我線"
西鹿沼局前,鹿沼市,"古峰原線, 上久我線"
西三の沢,関東自動車（株）,"宇都宮〜宇短大〜鹿沼営業所, 宇都宮〜西の宮団地, 宇都宮〜長坂〜鹿沼営業所, 宇都宮〜砥上団地"
千渡,関東自動車（株）,"宇都宮〜宇短大〜鹿沼営業所, 宇都宮〜長坂〜鹿沼営業所"
上野町,鹿沼市,お買いものバス
塙田十文字,関東自動車（株）,"グリンT〜駒生［森・田原経由］, グリンT〜駒生［森・宝井経由］, 宇都宮〜帝京大〜ニュー富士見, 宇都宮〜帝京大〜宇都宮美術館, 宇都宮〜帝京大学, 宇都宮〜帝京大学：深夜, 宇都宮〜富士見が丘団地, 玉生車庫〜健康の森〜駒生, 駒生〜宇商高校〜済生会病院, 駒生〜玉生車庫, 駒生〜健康の森〜今里, 駒生〜田原〜グリーンタウン, 駒生〜田原〜今里, 駒生〜富士見が丘団地, 駒生〜宝井〜グリーンタウン"
三の沢,関東自動車（株）,"宇都宮〜宇短大〜鹿沼営業所, 宇都宮〜西の宮団地, 宇都宮〜長坂〜鹿沼営業所, 宇都宮〜砥上団地"
西久保入口,関東自動車（株）,"宇都宮〜宇短大〜鹿沼営業所, 宇都宮〜長坂〜鹿沼営業所"
新・鹿沼宿,鹿沼市,"古峰原線, 口粟野線, 小来川森崎線, 上久我線, 南摩線, 運転免許センター線"
仲町,鹿沼市,"古峰原線, 口粟野線, 鹿沼南高校線, 小来川森崎線, 上久我線, 上粕尾山の神線, 南摩線, 入粟野上五月線, お買いものバス"
東大芦コミュニティセンター入口,鹿沼市,上久我線
県総合文化センター前,関東自動車（株）,"宇都宮市内循環線：県庁先回り, 宇都宮市内循環線：市役所先回り, 市内循環バス（きぶな）"
清原台1丁目,ジェイアールバス関東（株）,栃木県作新学院前〜JR宇都宮駅〜鐺山〜道場宿・清原台団地・芳賀
千渡東,関東自動車（株）,"宇都宮〜宇短大〜鹿沼営業所, 宇都宮〜長坂〜鹿沼営業所"
鶴田橋,関東自動車（株）,"宇都宮〜宇短大〜鹿沼営業所, 宇都宮〜長坂〜鹿沼営業所, 宇都宮〜砥上団地"
清原台整形外科,きよはら地域内公共交通運営協議会,清原さきがけ号
泉が丘小学校前,関東自動車（株）,"宇都宮〜越戸〜柳田車庫, 宇都宮東武〜越戸〜平出工業団地, 宇都宮東武〜越戸〜柳田車庫, 駒生〜越戸〜平出工業団地, 駒生〜越戸〜柳田車庫, 駒生〜森・越戸〜柳田車庫, 柳田車庫〜越戸〜作新学院前"
西千渡,関東自動車（株）,"宇都宮〜宇短大〜鹿沼営業所, 宇都宮〜長坂〜鹿沼営業所"
道場宿,ジェイアールバス関東（株）,栃木県作新学院前〜JR宇都宮駅〜鐺山〜道場宿・清原台団地・芳賀
慈光寺前,関東自動車（株）,"宇都宮市内循環線：県庁先回り, 宇都宮市内循環線：市役所先回り, 市内循環バス（きぶな）"
芳賀バスターミナル,ジェイアールバス関東（株）,栃木県作新学院前〜JR宇都宮駅〜鐺山〜道場宿・清原台団地・芳賀
東小前,鹿沼市,お買いものバス
睦町,関東自動車（株）,"宇都宮〜宇短大〜鹿沼営業所, 宇都宮〜西の宮団地, 宇都宮〜長坂〜鹿沼営業所, 宇都宮〜砥上団地"
2丁目北,きよはら地域内公共交通運営協議会,清原さきがけ号
羽黒下,関東自動車（株）,"宇都宮〜宇短大〜鹿沼営業所, 宇都宮〜長坂〜鹿沼営業所, 宇都宮〜砥上団地"
泉が丘三丁目,関東自動車（株）,"宇都宮〜越戸〜柳田車庫, 宇都宮東武〜越戸〜平出工業団地, 宇都宮東武〜越戸〜柳田車庫, 駒生〜越戸〜平出工業団地, 駒生〜越戸〜柳田車庫, 駒生〜森・越戸〜柳田車庫, 柳田車庫〜越戸〜作新学院前"
石橋町,鹿沼市,"古峰原線, 口粟野線, 鹿沼南高校線, 小来川森崎線, 上久我線, 上粕尾山の神線, 南摩線, 入粟野上五月線, お買いものバス"
麻苧町,鹿沼市,"古峰原線, 上久我線"
新川,関東自動車（株）,"グリンT〜駒生［森・田原経由］, グリンT〜駒生［森・宝井経由］, 宇都宮〜JR日光駅：桜通り経由, 宇都宮〜宇短大〜鹿沼営業所, 宇都宮〜駒生, 宇都宮〜駒生［深夜］, 宇都宮〜荒針〜鹿沼営業所, 宇都宮〜今市車庫, 宇都宮〜桜通り〜西川田駅, 宇都宮〜桜通り〜鶴田駅, 宇都宮〜山王団地, 宇都宮〜篠井NT［桜通り経由］, 宇都宮〜篠井NT〜JR日光駅, 宇都宮〜篠井NT〜今市車庫, 宇都宮〜篠井NT〜日光東照宮, 宇都宮〜仁良塚〜ろまんちっく村, 宇都宮〜西の宮団地, 宇都宮〜石那田, 宇都宮〜船生, 宇都宮〜長坂〜鹿沼営業所, 宇都宮〜砥上団地, 宇都宮〜日光東照宮, 宇都宮〜陽西中〜ろまんちっく村, 宇都宮〜陽西通り〜鶴田駅, 宇都宮〜立岩［大谷経由］, 宇都宮〜和尚塚〜細谷, 玉生車庫〜健康の森〜駒生, 駒生〜インターパーク〜上三川, 駒生〜宇商高校〜済生会病院, 駒生〜越戸〜平出工業団地, 駒生〜越戸〜柳田車庫, 駒生〜屋板〜上三川, 駒生〜卸会館前, 駒生〜玉生車庫, 駒生〜健康の森〜宇都宮駅西口, 駒生〜健康の森〜今里, 駒生〜健康の森〜瑞穂野団地, 駒生〜済生会〜富士見が丘団地, 駒生〜十文字〜富士見が丘団地, 駒生〜森・越戸〜柳田車庫, 駒生〜瑞穂野団地［駅経由］, 駒生〜田原〜グリーンタウン, 駒生〜田原〜今里, 駒生〜東汗, 駒生〜富士見が丘団地, 駒生〜宝井〜グリーンタウン, 駒生〜本郷台西汗, 駒生〜緑の郷〜瑞穂野団地, 細谷車庫〜白沢河原, 上三川〜健康の森〜駒生, 瑞穂野団地〜駒生［森経由］, 宝木団地〜釜井台団地, 宝木団地〜奈坪台, 宝木団地〜奈坪台〜白沢河原, 宝木団地〜白沢河原, 本郷台西汗〜健康の森〜駒生, 柳田車庫〜越戸〜作新学院前"
今泉新田入口,関東自動車（株）,"宇都宮〜越戸〜柳田車庫, 宇都宮東武〜越戸〜平出工業団地, 宇都宮東武〜越戸〜柳田車庫, 駒生〜越戸〜平出工業団地, 駒生〜越戸〜柳田車庫, 駒生〜森・越戸〜柳田車庫, 柳田車庫〜越戸〜作新学院前"
文星芸術大学附属中高,関東自動車（株）,"宇都宮〜宇短大〜鹿沼営業所, 宇都宮〜西の宮団地, 宇都宮〜長坂〜鹿沼営業所, 宇都宮〜砥上団地"
北原入口,関東自動車（株）,"宇都宮〜ベルモール〜柳田車庫, 宇都宮駅東口〜中平出〜柳田車庫, 柳田車庫〜中平出〜宇都宮東武"
風ヶ台,鹿沼市,上久我線
花蔵院角,関東自動車（株）,"宇都宮〜越戸〜柳田車庫, 宇都宮〜東図書館〜平出工業団地, 宇都宮駅東口〜岡本駅西口〜和久, 宇都宮駅東口〜上野〜岡本駅西口, 宇都宮東武〜越戸〜平出工業団地, 宇都宮東武〜越戸〜柳田車庫, 駒生〜越戸〜平出工業団地, 駒生〜越戸〜柳田車庫, 駒生〜森・越戸〜柳田車庫, 柳田車庫〜越戸〜作新学院前"
桜小学校前,関東自動車（株）,宇都宮〜陽西通り〜鶴田駅
白楊高校,関東自動車（株）,"宇都宮〜越戸〜柳田車庫, 宇都宮東武〜越戸〜平出工業団地, 宇都宮東武〜越戸〜柳田車庫, 駒生〜越戸〜平出工業団地, 駒生〜越戸〜柳田車庫, 駒生〜森・越戸〜柳田車庫, 柳田車庫〜越戸〜作新学院前"
七久保入口,関東自動車（株）,"宇都宮〜宇短大〜鹿沼営業所, 宇都宮〜長坂〜鹿沼営業所"
下田町北,鹿沼市,"公設市場線, 運転免許センター線, 南押原線"
野尻,関東自動車（株）,"宇都宮〜宇短大〜鹿沼営業所, 宇都宮〜長坂〜鹿沼営業所, 宇都宮〜砥上団地"
今泉一丁目,関東自動車（株）,"宇都宮〜越戸〜柳田車庫, 宇都宮〜済生会〜帝京大学, 宇都宮〜十文字〜富士見が丘団地, 宇都宮〜竹林〜富士見が丘団地, 宇都宮〜竹林十文字〜済生会病院, 宇都宮東武〜越戸〜平出工業団地, 宇都宮東武〜越戸〜柳田車庫, 駒生〜越戸〜平出工業団地, 駒生〜越戸〜柳田車庫, 駒生〜済生会〜富士見が丘団地, 駒生〜十文字〜富士見が丘団地, 駒生〜森・越戸〜柳田車庫, 細谷車庫〜白沢河原, 宝木団地〜釜井台団地, 宝木団地〜奈坪台, 宝木団地〜奈坪台〜白沢河原, 宝木団地〜白沢河原, 柳田車庫〜越戸〜作新学院前"
幸町1丁目,鹿沼市,運転免許センター線
白桑田,関東自動車（株）,"宇都宮〜宇短大〜鹿沼営業所, 宇都宮〜長坂〜鹿沼営業所"
共生の丘,関東自動車（株）,"宇都宮〜宇短大〜鹿沼営業所, 宇都宮〜長坂〜鹿沼営業所"
裁判所前（宇都宮）,関東自動車（株）,"グリンT〜駒生［森・田原経由］, グリンT〜駒生［森・宝井経由］, 宇都宮〜JR日光駅：桜通り経由, 宇都宮〜宇短大〜鹿沼営業所, 宇都宮〜駒生, 宇都宮〜駒生［深夜］, 宇都宮〜荒針〜鹿沼営業所, 宇都宮〜今市車庫, 宇都宮〜桜通り〜西川田駅, 宇都宮〜桜通り〜鶴田駅, 宇都宮〜山王団地, 宇都宮〜篠井NT［桜通り経由］, 宇都宮〜篠井NT〜JR日光駅, 宇都宮〜篠井NT〜今市車庫, 宇都宮〜篠井NT〜日光東照宮, 宇都宮〜仁良塚〜ろまんちっく村, 宇都宮〜西の宮団地, 宇都宮〜石那田, 宇都宮〜船生, 宇都宮〜長坂〜鹿沼営業所, 宇都宮〜砥上団地, 宇都宮〜日光東照宮, 宇都宮〜陽西中〜ろまんちっく村, 宇都宮〜陽西通り〜鶴田駅, 宇都宮〜立岩［大谷経由］, 宇都宮〜和尚塚〜細谷, 玉生車庫〜健康の森〜駒生, 駒生〜インターパーク〜上三川, 駒生〜宇商高校〜済生会病院, 駒生〜越戸〜平出工業団地, 駒生〜越戸〜柳田車庫, 駒生〜屋板〜上三川, 駒生〜卸会館前, 駒生〜玉生車庫, 駒生〜健康の森〜宇都宮駅西口, 駒生〜健康の森〜今里, 駒生〜健康の森〜瑞穂野団地, 駒生〜済生会〜富士見が丘団地, 駒生〜十文字〜富士見が丘団地, 駒生〜森・越戸〜柳田車庫, 駒生〜瑞穂野団地［駅経由］, 駒生〜田原〜グリーンタウン, 駒生〜田原〜今里, 駒生〜東汗, 駒生〜富士見が丘団地, 駒生〜宝井〜グリーンタウン, 駒生〜本郷台西汗, 駒生〜緑の郷〜瑞穂野団地, 細谷車庫〜白沢河原, 上三川〜健康の森〜駒生, 瑞穂野団地〜駒生［森経由］, 宝木団地〜釜井台団地, 宝木団地〜奈坪台, 宝木団地〜奈坪台〜白沢河原, 宝木団地〜白沢河原, 本郷台西汗〜健康の森〜駒生, 柳田車庫〜越戸〜作新学院前"
裁判所前,ジェイアールバス関東（株）,栃木県作新学院前〜JR宇都宮駅〜鐺山〜道場宿・清原台団地・芳賀
2丁目南,きよはら地域内公共交通運営協議会,清原さきがけ号
伝馬町,関東自動車（株）,"グリンT〜駒生［森・田原経由］, グリンT〜駒生［森・宝井経由］, 宇都宮〜JR日光駅：桜通り経由, 宇都宮〜宇短大〜鹿沼営業所, 宇都宮〜運転免許C〜楡木車庫, 宇都宮〜運転免許センター, 宇都宮〜駒生, 宇都宮〜駒生［深夜］, 宇都宮〜荒針〜鹿沼営業所, 宇都宮〜今市車庫, 宇都宮〜桜通り〜西川田駅, 宇都宮〜桜通り〜鶴田駅, 宇都宮〜山王団地, 宇都宮〜篠井NT［桜通り経由］, 宇都宮〜篠井NT〜JR日光駅, 宇都宮〜篠井NT〜今市車庫, 宇都宮〜篠井NT〜日光東照宮, 宇都宮〜仁良塚〜ろまんちっく村, 宇都宮〜清住町〜細谷, 宇都宮〜清住町〜細谷［深夜］, 宇都宮〜西の宮団地, 宇都宮〜石那田, 宇都宮〜船生, 宇都宮〜長坂〜鹿沼営業所, 宇都宮〜砥上団地, 宇都宮〜日光東照宮, 宇都宮〜陽西中〜ろまんちっく村, 宇都宮〜陽西通り〜鶴田駅, 宇都宮〜立岩［大谷経由］, 宇都宮〜六道〜西川田東, 宇都宮〜六道〜総合運動公園西, 宇都宮〜六道〜鶴田駅, 宇都宮〜和尚塚〜細谷, 宇都宮〜楡木車庫, 玉生車庫〜健康の森〜駒生, 駒生〜インターパーク〜上三川, 駒生〜宇商高校〜済生会病院, 駒生〜越戸〜平出工業団地, 駒生〜越戸〜柳田車庫, 駒生〜屋板〜上三川, 駒生〜卸会館前, 駒生〜玉生車庫, 駒生〜健康の森〜宇都宮駅西口, 駒生〜健康の森〜今里, 駒生〜健康の森〜瑞穂野団地, 駒生〜済生会〜富士見が丘団地, 駒生〜十文字〜富士見が丘団地, 駒生〜森・越戸〜柳田車庫, 駒生〜瑞穂野団地［駅経由］, 駒生〜田原〜グリーンタウン, 駒生〜田原〜今里, 駒生〜東汗, 駒生〜富士見が丘団地, 駒生〜宝井〜グリーンタウン, 駒生〜本郷台西汗, 駒生〜緑の郷〜瑞穂野団地, 細谷車庫〜白沢河原, 上三川〜健康の森〜駒生, 瑞穂野団地〜駒生［森経由］, 宝木団地〜釜井台団地, 宝木団地〜奈坪台, 宝木団地〜奈坪台〜白沢河原, 宝木団地〜白沢河原, 本郷台西汗〜健康の森〜駒生, 柳田車庫〜越戸〜作新学院前"
長坂坂上,関東自動車（株）,"宇都宮〜宇短大〜鹿沼営業所, 宇都宮〜長坂〜鹿沼営業所"
共和大・宇短大入口,関東自動車（株）,"宇都宮〜宇短大〜鹿沼営業所, 宇都宮〜長坂〜鹿沼営業所"
馬置,鹿沼市,上粕尾山の神線
東武駅前,関東自動車（株）,"グリンT〜駒生［森・田原経由］, グリンT〜駒生［森・宝井経由］, 宇都宮〜JR日光駅：桜通り経由, 宇都宮〜一条町〜江曽島, 宇都宮〜宇短大〜鹿沼営業所, 宇都宮〜運転免許C〜楡木車庫, 宇都宮〜運転免許センター, 宇都宮〜駒生, 宇都宮〜駒生［深夜］, 宇都宮〜江曽島［深夜］, 宇都宮〜江曽島〜総合運動公園西, 宇都宮〜荒針〜鹿沼営業所, 宇都宮〜今市車庫, 宇都宮〜桜通り〜西川田駅, 宇都宮〜桜通り〜鶴田駅, 宇都宮〜山王団地, 宇都宮〜自衛隊〜上古山入口, 宇都宮〜篠井NT［桜通り経由］, 宇都宮〜篠井NT〜JR日光駅, 宇都宮〜篠井NT〜今市車庫, 宇都宮〜篠井NT〜日光東照宮, 宇都宮〜仁良塚〜ろまんちっく村, 宇都宮〜清住町〜細谷, 宇都宮〜清住町〜細谷［深夜］, 宇都宮〜西の宮団地, 宇都宮〜石橋駅, 宇都宮〜石那田, 宇都宮〜船生, 宇都宮〜長坂〜鹿沼営業所, 宇都宮〜砥上団地, 宇都宮〜日光東照宮, 宇都宮〜文教〜石橋駅, 宇都宮〜陽西中〜ろまんちっく村, 宇都宮〜陽西通り〜鶴田駅, 宇都宮〜立岩［大谷経由］, 宇都宮〜六道〜西川田東, 宇都宮〜六道〜総合運動公園西, 宇都宮〜六道〜鶴田駅, 宇都宮〜和尚塚〜細谷, 宇都宮〜楡木車庫, 宇都宮市内循環線：県庁先回り, 宇都宮市役所循環, 宇都宮東武〜越戸〜平出工業団地, 宇都宮東武〜越戸〜柳田車庫, 運転免許C〜宇都宮［直通］, 玉生車庫〜健康の森〜駒生, 駒生〜インターパーク〜上三川, 駒生〜宇商高校〜済生会病院, 駒生〜越戸〜平出工業団地, 駒生〜越戸〜柳田車庫, 駒生〜屋板〜上三川, 駒生〜卸会館前, 駒生〜玉生車庫, 駒生〜健康の森〜宇都宮駅西口, 駒生〜健康の森〜今里, 駒生〜健康の森〜瑞穂野団地, 駒生〜済生会〜富士見が丘団地, 駒生〜十文字〜富士見が丘団地, 駒生〜森・越戸〜柳田車庫, 駒生〜瑞穂野団地［駅経由］, 駒生〜田原〜グリーンタウン, 駒生〜田原〜今里, 駒生〜東汗, 駒生〜富士見が丘団地, 駒生〜宝井〜グリーンタウン, 駒生〜本郷台西汗, 駒生〜緑の郷〜瑞穂野団地, 細谷車庫〜白沢河原, 上三川〜健康の森〜駒生, 瑞穂野団地〜駒生［森経由］, 宝木団地〜釜井台団地, 宝木団地〜奈坪台, 宝木団地〜奈坪台〜白沢河原, 宝木団地〜白沢河原, 本郷台西汗〜健康の森〜駒生, 柳田車庫〜越戸〜作新学院前, 柳田車庫〜中平出〜宇都宮東武, 市内循環バス（きぶな）"
東武駅前,ジェイアールバス関東（株）,栃木県作新学院前〜JR宇都宮駅〜鐺山〜道場宿・清原台団地・芳賀
宇都宮二荒山神社下,関東自動車（株）,"宇都宮市内循環線：県庁先回り, 宇都宮市内循環線：市役所先回り, 市内循環バス（きぶな）"
県庁前,関東自動車（株）,"グリンT〜駒生［森・田原経由］, グリンT〜駒生［森・宝井経由］, ベルモール〜宇大〜宇都宮東武, ベルモール〜宇大〜西原車庫, 宇都宮〜JR日光駅：桜通り経由, 宇都宮〜一条町〜江曽島, 宇都宮〜宇短大〜鹿沼営業所, 宇都宮〜運転免許C〜楡木車庫, 宇都宮〜運転免許センター, 宇都宮〜駒生, 宇都宮〜駒生［深夜］, 宇都宮〜県庁〜戸祭台循環, 宇都宮〜江曽島［深夜］, 宇都宮〜江曽島〜総合運動公園西, 宇都宮〜荒針〜鹿沼営業所, 宇都宮〜今市車庫, 宇都宮〜桜通り〜西川田駅, 宇都宮〜桜通り〜鶴田駅, 宇都宮〜山王団地, 宇都宮〜自衛隊〜上古山入口, 宇都宮〜篠井NT［桜通り経由］, 宇都宮〜篠井NT〜JR日光駅, 宇都宮〜篠井NT〜今市車庫, 宇都宮〜篠井NT〜日光東照宮, 宇都宮〜仁良塚〜ろまんちっく村, 宇都宮〜清住町〜細谷, 宇都宮〜清住町〜細谷［深夜］, 宇都宮〜西の宮団地, 宇都宮〜西塙田〜戸祭, 宇都宮〜西塙田〜宝木団地, 宇都宮〜石橋駅, 宇都宮〜石那田, 宇都宮〜船生, 宇都宮〜長坂〜鹿沼営業所, 宇都宮〜砥上団地, 宇都宮〜日光東照宮, 宇都宮〜文教〜石橋駅, 宇都宮〜陽西中〜ろまんちっく村, 宇都宮〜陽西通り〜鶴田駅, 宇都宮〜立岩［大谷経由］, 宇都宮〜六道〜西川田東, 宇都宮〜六道〜総合運動公園西, 宇都宮〜六道〜鶴田駅, 宇都宮〜和尚塚〜細谷, 宇都宮〜楡木車庫, 宇都宮市内循環線：県庁先回り, 宇都宮市役所循環, 宇都宮東武〜越戸〜平出工業団地, 宇都宮東武〜越戸〜柳田車庫, 運転免許C〜宇都宮［直通］, 益子駅〜ベルモール〜宇都宮東武, 益子駅〜東高橋〜宇都宮東武, 海星学院〜宇・宇〜宇都宮東武, 玉生車庫〜健康の森〜駒生, 駒生〜インターパーク〜上三川, 駒生〜宇商高校〜済生会病院, 駒生〜越戸〜平出工業団地, 駒生〜越戸〜柳田車庫, 駒生〜屋板〜上三川, 駒生〜卸会館前, 駒生〜玉生車庫, 駒生〜健康の森〜宇都宮駅西口, 駒生〜健康の森〜今里, 駒生〜健康の森〜瑞穂野団地, 駒生〜済生会〜富士見が丘団地, 駒生〜十文字〜富士見が丘団地, 駒生〜森・越戸〜柳田車庫, 駒生〜瑞穂野団地［駅経由］, 駒生〜田原〜グリーンタウン, 駒生〜田原〜今里, 駒生〜東汗, 駒生〜富士見が丘団地, 駒生〜宝井〜グリーンタウン, 駒生〜本郷台西汗, 駒生〜緑の郷〜瑞穂野団地, 細谷車庫〜白沢河原, 上三川〜健康の森〜駒生, 真岡営業所〜橋場〜宇都宮東武, 真岡営業所〜石・ベ〜西原車庫, 真岡営業所〜石法寺〜西原車庫, 瑞穂野団地〜駒生［森経由］, 宝木団地〜釜井台団地, 宝木団地〜奈坪台, 宝木団地〜奈坪台〜白沢河原, 宝木団地〜白沢河原, 本郷台西汗〜健康の森〜駒生, 柳田車庫〜越戸〜作新学院前, 柳田車庫〜中平出〜宇都宮東武, 市内循環バス（きぶな）"
県庁前,ジェイアールバス関東（株）,栃木県作新学院前〜JR宇都宮駅〜鐺山〜道場宿・清原台団地・芳賀
飯田,関東自動車（株）,"宇都宮〜宇短大〜鹿沼営業所, 宇都宮〜長坂〜鹿沼営業所"
上都賀病院東,鹿沼市,南押原線
富士見通り・平和タクシー,鹿沼市,"古峰原線, 小来川森崎線, 上久我線, 運転免許センター線"
寺町・下材木町,鹿沼市,"古峰原線, 公設市場線, 口粟野線, 鹿沼南高校線, 小来川森崎線, 上久我線, 上粕尾山の神線, 南摩線, 入粟野上五月線, 運転免許センター線, お買いものバス"
加園農協前,鹿沼市,上久我線
国際情報ビジネス専門学校,関東自動車（株）,"宇都宮市内循環線：県庁先回り, 宇都宮市内循環線：市役所先回り, 市内循環バス（きぶな）"
二荒山神社前,関東自動車（株）,"ベルモール〜宇大〜宇都宮東武, ベルモール〜宇大〜西原車庫, 益子駅〜ベルモール〜宇都宮東武, 益子駅〜東高橋〜宇都宮東武, 海星学院〜宇・宇〜宇都宮東武, 真岡営業所〜橋場〜宇都宮東武, 真岡営業所〜石・ベ〜西原車庫, 真岡営業所〜石法寺〜西原車庫"
馬場町,関東自動車（株）,"グリンT〜駒生［森・田原経由］, グリンT〜駒生［森・宝井経由］, 宇都宮〜JR日光駅：桜通り経由, 宇都宮〜一条町〜江曽島, 宇都宮〜宇短大〜鹿沼営業所, 宇都宮〜運転免許C〜楡木車庫, 宇都宮〜運転免許センター, 宇都宮〜駒生, 宇都宮〜駒生［深夜］, 宇都宮〜県庁〜戸祭台循環, 宇都宮〜江曽島［深夜］, 宇都宮〜江曽島〜総合運動公園西, 宇都宮〜荒針〜鹿沼営業所, 宇都宮〜今市車庫, 宇都宮〜桜通り〜西川田駅, 宇都宮〜桜通り〜鶴田駅, 宇都宮〜山王団地, 宇都宮〜自衛隊〜上古山入口, 宇都宮〜篠井NT［桜通り経由］, 宇都宮〜篠井NT〜JR日光駅, 宇都宮〜篠井NT〜今市車庫, 宇都宮〜篠井NT〜日光東照宮, 宇都宮〜仁良塚〜ろまんちっく村, 宇都宮〜清住町〜細谷, 宇都宮〜清住町〜細谷［深夜］, 宇都宮〜西の宮団地, 宇都宮〜西塙田〜戸祭, 宇都宮〜西塙田〜宝木団地, 宇都宮〜石橋駅, 宇都宮〜石那田, 宇都宮〜船生, 宇都宮〜長坂〜鹿沼営業所, 宇都宮〜砥上団地, 宇都宮〜日光東照宮, 宇都宮〜文教〜石橋駅, 宇都宮〜陽西中〜ろまんちっく村, 宇都宮〜陽西通り〜鶴田駅, 宇都宮〜立岩［大谷経由］, 宇都宮〜六道〜西川田東, 宇都宮〜六道〜総合運動公園西, 宇都宮〜六道〜鶴田駅, 宇都宮〜和尚塚〜細谷, 宇都宮〜楡木車庫, 宇都宮市役所循環, 宇都宮東武〜越戸〜平出工業団地, 宇都宮東武〜越戸〜柳田車庫, 運転免許C〜宇都宮［直通］, 玉生車庫〜健康の森〜駒生, 駒生〜インターパーク〜上三川, 駒生〜宇商高校〜済生会病院, 駒生〜越戸〜平出工業団地, 駒生〜越戸〜柳田車庫, 駒生〜屋板〜上三川, 駒生〜卸会館前, 駒生〜玉生車庫, 駒生〜健康の森〜宇都宮駅西口, 駒生〜健康の森〜今里, 駒生〜健康の森〜瑞穂野団地, 駒生〜済生会〜富士見が丘団地, 駒生〜十文字〜富士見が丘団地, 駒生〜森・越戸〜柳田車庫, 駒生〜瑞穂野団地［駅経由］, 駒生〜田原〜グリーンタウン, 駒生〜田原〜今里, 駒生〜東汗, 駒生〜富士見が丘団地, 駒生〜宝井〜グリーンタウン, 駒生〜本郷台西汗, 駒生〜緑の郷〜瑞穂野団地, 細谷車庫〜白沢河原, 上三川〜健康の森〜駒生, 瑞穂野団地〜駒生［森経由］, 宝木団地〜釜井台団地, 宝木団地〜奈坪台, 宝木団地〜奈坪台〜白沢河原, 宝木団地〜白沢河原, 本郷台西汗〜健康の森〜駒生, 柳田車庫〜越戸〜作新学院前, 柳田車庫〜中平出〜宇都宮東武"
妙正寺前,関東自動車（株）,"宇都宮市内循環線：県庁先回り, 宇都宮市内循環線：市役所先回り, 市内循環バス（きぶな）"
御弊岩橋,鹿沼市,上久我線
姿川橋,関東自動車（株）,"宇都宮〜宇短大〜鹿沼営業所, 宇都宮〜長坂〜鹿沼営業所"
宇都宮記念病院前,関東自動車（株）,"宇都宮市内循環線：県庁先回り, 宇都宮市内循環線：市役所先回り, 市内循環バス（きぶな）"
出口,鹿沼市,入粟野上五月線
宮島町十文字,関東自動車（株）,"グリンT〜駒生［森・田原経由］, グリンT〜駒生［森・宝井経由］, 宇都宮〜JR日光駅：桜通り経由, 宇都宮〜一条町〜江曽島, 宇都宮〜宇短大〜鹿沼営業所, 宇都宮〜運転免許C〜楡木車庫, 宇都宮〜運転免許センター, 宇都宮〜駒生, 宇都宮〜駒生［深夜］, 宇都宮〜県庁〜戸祭台循環, 宇都宮〜江曽島［深夜］, 宇都宮〜江曽島〜総合運動公園西, 宇都宮〜荒針〜鹿沼営業所, 宇都宮〜今市車庫, 宇都宮〜桜通り〜西川田駅, 宇都宮〜桜通り〜鶴田駅, 宇都宮〜山王団地, 宇都宮〜自衛隊〜上古山入口, 宇都宮〜篠井NT［桜通り経由］, 宇都宮〜篠井NT〜JR日光駅, 宇都宮〜篠井NT〜今市車庫, 宇都宮〜篠井NT〜日光東照宮, 宇都宮〜仁良塚〜ろまんちっく村, 宇都宮〜清住町〜細谷, 宇都宮〜清住町〜細谷［深夜］, 宇都宮〜西の宮団地, 宇都宮〜西塙田〜戸祭, 宇都宮〜西塙田〜宝木団地, 宇都宮〜石橋駅, 宇都宮〜石那田, 宇都宮〜船生, 宇都宮〜長坂〜鹿沼営業所, 宇都宮〜帝京大〜ニュー富士見, 宇都宮〜帝京大〜宇都宮美術館, 宇都宮〜帝京大学, 宇都宮〜帝京大学：深夜, 宇都宮〜砥上団地, 宇都宮〜日光東照宮, 宇都宮〜富士見が丘団地, 宇都宮〜文教〜石橋駅, 宇都宮〜陽西中〜ろまんちっく村, 宇都宮〜陽西通り〜鶴田駅, 宇都宮〜立岩［大谷経由］, 宇都宮〜六道〜西川田東, 宇都宮〜六道〜総合運動公園西, 宇都宮〜六道〜鶴田駅, 宇都宮〜和尚塚〜細谷, 宇都宮〜楡木車庫, 宇都宮市役所循環, 宇都宮東武〜越戸〜平出工業団地, 宇都宮東武〜越戸〜柳田車庫, 運転免許C〜宇都宮［直通］, 玉生車庫〜健康の森〜駒生, 駒生〜インターパーク〜上三川, 駒生〜宇商高校〜済生会病院, 駒生〜越戸〜平出工業団地, 駒生〜越戸〜柳田車庫, 駒生〜屋板〜上三川, 駒生〜卸会館前, 駒生〜玉生車庫, 駒生〜健康の森〜宇都宮駅西口, 駒生〜健康の森〜今里, 駒生〜健康の森〜瑞穂野団地, 駒生〜済生会〜富士見が丘団地, 駒生〜十文字〜富士見が丘団地, 駒生〜森・越戸〜柳田車庫, 駒生〜瑞穂野団地［駅経由］, 駒生〜田原〜グリーンタウン, 駒生〜田原〜今里, 駒生〜東汗, 駒生〜富士見が丘団地, 駒生〜宝井〜グリーンタウン, 駒生〜本郷台西汗, 駒生〜緑の郷〜瑞穂野団地, 細谷車庫〜白沢河原, 上三川〜健康の森〜駒生, 瑞穂野団地〜駒生［森経由］, 宝木団地〜釜井台団地, 宝木団地〜奈坪台, 宝木団地〜奈坪台〜白沢河原, 宝木団地〜白沢河原, 本郷台西汗〜健康の森〜駒生, 柳田車庫〜越戸〜作新学院前, 柳田車庫〜中平出〜宇都宮東武"
上都賀病院前,鹿沼市,"古峰原線, 公設市場線, 口粟野線, 鹿沼南高校線, 小来川森崎線, 上久我線, 上粕尾山の神線, 南摩線, 入粟野上五月線, 運転免許センター線, お買いものバス"
晃望台,鹿沼市,お買いものバス
シンボルロード,関東自動車（株）,"宇都宮市内循環線：市役所先回り, 市内循環バス（きぶな）"
寺町,関東自動車（株）,"宇都宮〜宇短大〜鹿沼営業所, 宇都宮〜荒針〜鹿沼営業所, 宇都宮〜長坂〜鹿沼営業所"
清原台2丁目,ジェイアールバス関東（株）,栃木県作新学院前〜JR宇都宮駅〜鐺山〜道場宿・清原台団地・芳賀
材木町,関東自動車（株）,"宇都宮〜運転免許C〜楡木車庫, 宇都宮〜運転免許センター, 宇都宮〜六道〜西川田東, 宇都宮〜六道〜総合運動公園西, 宇都宮〜六道〜鶴田駅, 宇都宮〜楡木車庫"
大工町,関東自動車（株）,"グリンT〜駒生［森・田原経由］, グリンT〜駒生［森・宝井経由］, ベルモール〜宇大〜宇都宮東武, ベルモール〜宇大〜西原車庫, 宇都宮〜JR日光駅：桜通り経由, 宇都宮〜一条町〜江曽島, 宇都宮〜宇短大〜鹿沼営業所, 宇都宮〜運転免許C〜楡木車庫, 宇都宮〜運転免許センター, 宇都宮〜駒生, 宇都宮〜駒生［深夜］, 宇都宮〜県庁〜戸祭台循環, 宇都宮〜江曽島［深夜］, 宇都宮〜江曽島〜総合運動公園西, 宇都宮〜荒針〜鹿沼営業所, 宇都宮〜今市車庫, 宇都宮〜桜通り〜西川田駅, 宇都宮〜桜通り〜鶴田駅, 宇都宮〜山王団地, 宇都宮〜自衛隊〜上古山入口, 宇都宮〜篠井NT［桜通り経由］, 宇都宮〜篠井NT〜JR日光駅, 宇都宮〜篠井NT〜今市車庫, 宇都宮〜篠井NT〜日光東照宮, 宇都宮〜仁良塚〜ろまんちっく村, 宇都宮〜清住町〜細谷, 宇都宮〜清住町〜細谷［深夜］, 宇都宮〜西の宮団地, 宇都宮〜西塙田〜戸祭, 宇都宮〜西塙田〜宝木団地, 宇都宮〜石橋駅, 宇都宮〜石那田, 宇都宮〜船生, 宇都宮〜長坂〜鹿沼営業所, 宇都宮〜帝京大〜ニュー富士見, 宇都宮〜帝京大〜宇都宮美術館, 宇都宮〜帝京大学, 宇都宮〜帝京大学：深夜, 宇都宮〜砥上団地, 宇都宮〜日光東照宮, 宇都宮〜富士見が丘団地, 宇都宮〜文教〜石橋駅, 宇都宮〜陽西中〜ろまんちっく村, 宇都宮〜陽西通り〜鶴田駅, 宇都宮〜立岩［大谷経由］, 宇都宮〜六道〜西川田東, 宇都宮〜六道〜総合運動公園西, 宇都宮〜六道〜鶴田駅, 宇都宮〜和尚塚〜細谷, 宇都宮〜楡木車庫, 宇都宮市役所循環, 宇都宮東武〜越戸〜平出工業団地, 宇都宮東武〜越戸〜柳田車庫, 運転免許C〜宇都宮［直通］, 益子駅〜ベルモール〜宇都宮東武, 益子駅〜東高橋〜宇都宮東武, 海星学院〜宇・宇〜宇都宮東武, 玉生車庫〜健康の森〜駒生, 駒生〜インターパーク〜上三川, 駒生〜越戸〜平出工業団地, 駒生〜越戸〜柳田車庫, 駒生〜屋板〜上三川, 駒生〜卸会館前, 駒生〜玉生車庫, 駒生〜健康の森〜宇都宮駅西口, 駒生〜健康の森〜今里, 駒生〜健康の森〜瑞穂野団地, 駒生〜済生会〜富士見が丘団地, 駒生〜十文字〜富士見が丘団地, 駒生〜森・越戸〜柳田車庫, 駒生〜瑞穂野団地［駅経由］, 駒生〜田原〜グリーンタウン, 駒生〜田原〜今里, 駒生〜東汗, 駒生〜富士見が丘団地, 駒生〜宝井〜グリーンタウン, 駒生〜本郷台西汗, 駒生〜緑の郷〜瑞穂野団地, 細谷車庫〜白沢河原, 上三川〜健康の森〜駒生, 真岡営業所〜橋場〜宇都宮東武, 真岡営業所〜石・ベ〜西原車庫, 真岡営業所〜石法寺〜西原車庫, 瑞穂野団地〜駒生［森経由］, 宝木団地〜釜井台団地, 宝木団地〜奈坪台, 宝木団地〜奈坪台〜白沢河原, 宝木団地〜白沢河原, 本郷台西汗〜健康の森〜駒生, 柳田車庫〜越戸〜作新学院前, 柳田車庫〜中平出〜宇都宮東武"
大工町,ジェイアールバス関東（株）,栃木県作新学院前〜JR宇都宮駅〜鐺山〜道場宿・清原台団地・芳賀
西大寛町,関東自動車（株）,宇都宮〜陽西通り〜鶴田駅
加園小学校前,鹿沼市,上久我線
オリオン通り入口,関東自動車（株）,"宇都宮市内循環線：県庁先回り, 市内循環バス（きぶな）"
加園宿,鹿沼市,上久我線
3丁目西,きよはら地域内公共交通運営協議会,清原さきがけ号
下田町南,鹿沼市,公設市場線
宇短大附属高校前,関東自動車（株）,"宇都宮〜桜通り〜西川田駅, 宇都宮〜桜通り〜鶴田駅"
産業技術大学前,関東自動車（株）,宇都宮駅東口〜陽東〜JR岡本駅
加園火の見下,鹿沼市,上久我線
上河原,関東自動車（株）,"グリンT〜駒生［森・田原経由］, グリンT〜駒生［森・宝井経由］, ベルモール〜宇大〜宇都宮東武, ベルモール〜宇大〜西原車庫, 宇都宮〜JR日光駅：桜通り経由, 宇都宮〜一条町〜江曽島, 宇都宮〜宇短大〜鹿沼営業所, 宇都宮〜運転免許C〜楡木車庫, 宇都宮〜運転免許センター, 宇都宮〜駒生, 宇都宮〜駒生［深夜］, 宇都宮〜県庁〜戸祭台循環, 宇都宮〜江曽島［深夜］, 宇都宮〜江曽島〜総合運動公園西, 宇都宮〜荒針〜鹿沼営業所, 宇都宮〜今市車庫, 宇都宮〜桜通り〜西川田駅, 宇都宮〜桜通り〜鶴田駅, 宇都宮〜山王団地, 宇都宮〜自衛隊〜上古山入口, 宇都宮〜篠井NT［桜通り経由］, 宇都宮〜篠井NT〜JR日光駅, 宇都宮〜篠井NT〜今市車庫, 宇都宮〜篠井NT〜日光東照宮, 宇都宮〜仁良塚〜ろまんちっく村, 宇都宮〜清住町〜細谷, 宇都宮〜清住町〜細谷［深夜］, 宇都宮〜西の宮団地, 宇都宮〜西塙田〜戸祭, 宇都宮〜西塙田〜宝木団地, 宇都宮〜石橋駅, 宇都宮〜石那田, 宇都宮〜船生, 宇都宮〜長坂〜鹿沼営業所, 宇都宮〜帝京大〜ニュー富士見, 宇都宮〜帝京大〜宇都宮美術館, 宇都宮〜帝京大学, 宇都宮〜帝京大学：深夜, 宇都宮〜砥上団地, 宇都宮〜日光東照宮, 宇都宮〜富士見が丘団地, 宇都宮〜文教〜石橋駅, 宇都宮〜陽西中〜ろまんちっく村, 宇都宮〜陽西通り〜鶴田駅, 宇都宮〜立岩［大谷経由］, 宇都宮〜六道〜西川田東, 宇都宮〜六道〜総合運動公園西, 宇都宮〜六道〜鶴田駅, 宇都宮〜和尚塚〜細谷, 宇都宮〜楡木車庫, 宇都宮市役所循環, 宇都宮東武〜越戸〜平出工業団地, 宇都宮東武〜越戸〜柳田車庫, 運転免許C〜宇都宮［直通］, 益子駅〜ベルモール〜宇都宮東武, 益子駅〜東高橋〜宇都宮東武, 海星学院〜宇・宇〜宇都宮東武, 玉生車庫〜健康の森〜駒生, 駒生〜インターパーク〜上三川, 駒生〜越戸〜平出工業団地, 駒生〜越戸〜柳田車庫, 駒生〜屋板〜上三川, 駒生〜卸会館前, 駒生〜玉生車庫, 駒生〜健康の森〜宇都宮駅西口, 駒生〜健康の森〜今里, 駒生〜健康の森〜瑞穂野団地, 駒生〜済生会〜富士見が丘団地, 駒生〜十文字〜富士見が丘団地, 駒生〜森・越戸〜柳田車庫, 駒生〜瑞穂野団地［駅経由］, 駒生〜田原〜グリーンタウン, 駒生〜田原〜今里, 駒生〜東汗, 駒生〜富士見が丘団地, 駒生〜宝井〜グリーンタウン, 駒生〜本郷台西汗, 駒生〜緑の郷〜瑞穂野団地, 細谷車庫〜白沢河原, 上三川〜健康の森〜駒生, 真岡営業所〜橋場〜宇都宮東武, 真岡営業所〜石・ベ〜西原車庫, 真岡営業所〜石法寺〜西原車庫, 瑞穂野団地〜駒生［森経由］, 宝木団地〜釜井台団地, 宝木団地〜奈坪台, 宝木団地〜奈坪台〜白沢河原, 宝木団地〜白沢河原, 本郷台西汗〜健康の森〜駒生, 柳田車庫〜越戸〜作新学院前, 柳田車庫〜中平出〜宇都宮東武"
日野町通り,関東自動車（株）,"宇都宮市内循環線：県庁先回り, 市内循環バス（きぶな）"
中平出,関東自動車（株）,"宇都宮駅東口〜中平出〜柳田車庫, 柳田車庫〜中平出〜宇都宮東武"
宮の橋北,関東自動車（株）,"宇都宮〜越戸〜柳田車庫, 宇都宮〜済生会〜帝京大学, 宇都宮〜十文字〜富士見が丘団地, 宇都宮〜竹林〜富士見が丘団地, 宇都宮〜竹林十文字〜済生会病院, 宇都宮市内循環線：県庁先回り, 宇都宮東武〜越戸〜平出工業団地, 宇都宮東武〜越戸〜柳田車庫, 駒生〜越戸〜平出工業団地, 駒生〜越戸〜柳田車庫, 駒生〜済生会〜富士見が丘団地, 駒生〜十文字〜富士見が丘団地, 駒生〜森・越戸〜柳田車庫, 細谷車庫〜白沢河原, 宝木団地〜釜井台団地, 宝木団地〜奈坪台, 宝木団地〜奈坪台〜白沢河原, 宝木団地〜白沢河原, 市内循環バス（きぶな）"
東武西口,関東自動車（株）,"宇都宮〜一条町〜江曽島, 宇都宮〜江曽島［深夜］, 宇都宮〜江曽島〜総合運動公園西, 宇都宮〜自衛隊〜上古山入口, 宇都宮〜石橋駅, 宇都宮〜文教〜石橋駅, 宇都宮市役所循環"
宇都宮駅東口,関東自動車（株）,"宇都宮〜ベルモール〜海星学院, 宇都宮〜ベルモール〜柳田車庫, 宇都宮〜東図書館〜平出工業団地, 宇都宮駅東口〜ベルモール, 宇都宮駅東口〜岡本駅西口〜和久, 宇都宮駅東口〜下平出〜海星学院, 宇都宮駅東口〜上野〜岡本駅西口, 宇都宮駅東口〜中平出〜柳田車庫, 宇都宮駅東口〜陽東〜JR岡本駅, 宇都宮東口〜営業C〜宇都宮東口, 宇都宮東口〜東峰町〜宇都宮東口, 宇都宮東循環［右回り］, 宇都宮東循環［左回り］, 平松本町循環, 柳田車庫〜中平出〜宇都宮東武"
宇都宮駅東口,ジェイアールバス関東（株）,栃木県作新学院前〜JR宇都宮駅〜鐺山〜道場宿・清原台団地・芳賀
砥上町,関東自動車（株）,宇都宮〜砥上団地
JA平石支所,関東自動車（株）,"宇都宮駅東口〜中平出〜柳田車庫, 柳田車庫〜中平出〜宇都宮東武"
宮の橋,関東自動車（株）,"グリンT〜駒生［森・田原経由］, グリンT〜駒生［森・宝井経由］, 宇都宮〜JR日光駅：桜通り経由, 宇都宮〜一条町〜江曽島, 宇都宮〜宇短大〜鹿沼営業所, 宇都宮〜運転免許C〜楡木車庫, 宇都宮〜運転免許センター, 宇都宮〜駒生, 宇都宮〜県庁〜戸祭台循環, 宇都宮〜江曽島〜総合運動公園西, 宇都宮〜荒針〜鹿沼営業所, 宇都宮〜今市車庫, 宇都宮〜桜通り〜西川田駅, 宇都宮〜桜通り〜鶴田駅, 宇都宮〜山王団地, 宇都宮〜自衛隊〜上古山入口, 宇都宮〜篠井NT［桜通り経由］, 宇都宮〜篠井NT〜今市車庫, 宇都宮〜篠井NT〜日光東照宮, 宇都宮〜仁良塚〜ろまんちっく村, 宇都宮〜清住町〜細谷, 宇都宮〜西の宮団地, 宇都宮〜西塙田〜宝木団地, 宇都宮〜石橋駅, 宇都宮〜石那田, 宇都宮〜船生, 宇都宮〜長坂〜鹿沼営業所, 宇都宮〜帝京大〜ニュー富士見, 宇都宮〜帝京大〜宇都宮美術館, 宇都宮〜帝京大学, 宇都宮〜砥上団地, 宇都宮〜日光東照宮, 宇都宮〜富士見が丘団地, 宇都宮〜文教〜石橋駅, 宇都宮〜陽西中〜ろまんちっく村, 宇都宮〜陽西通り〜鶴田駅, 宇都宮〜立岩［大谷経由］, 宇都宮〜六道〜西川田東, 宇都宮〜六道〜総合運動公園西, 宇都宮〜六道〜鶴田駅, 宇都宮〜和尚塚〜細谷, 宇都宮〜楡木車庫, 宇都宮市役所循環, 宇都宮東武〜越戸〜平出工業団地, 宇都宮東武〜越戸〜柳田車庫, 運転免許C〜宇都宮［直通］, 玉生車庫〜健康の森〜駒生, 駒生〜インターパーク〜上三川, 駒生〜越戸〜平出工業団地, 駒生〜越戸〜柳田車庫, 駒生〜屋板〜上三川, 駒生〜卸会館前, 駒生〜玉生車庫, 駒生〜健康の森〜宇都宮駅西口, 駒生〜健康の森〜今里, 駒生〜健康の森〜瑞穂野団地, 駒生〜済生会〜富士見が丘団地, 駒生〜十文字〜富士見が丘団地, 駒生〜森・越戸〜柳田車庫, 駒生〜瑞穂野団地［駅経由］, 駒生〜田原〜グリーンタウン, 駒生〜田原〜今里, 駒生〜東汗, 駒生〜富士見が丘団地, 駒生〜宝井〜グリーンタウン, 駒生〜本郷台西汗, 駒生〜緑の郷〜瑞穂野団地, 細谷車庫〜白沢河原, 瑞穂野団地〜駒生［森経由］, 宝木団地〜釜井台団地, 宝木団地〜奈坪台, 宝木団地〜奈坪台〜白沢河原, 宝木団地〜白沢河原"
共和大学・宇都宮短期大学,関東自動車（株）,宇都宮〜宇短大〜鹿沼営業所
陽東五丁目,関東自動車（株）,"宇都宮駅東口〜中平出〜柳田車庫, 宇都宮東循環［右回り］, 宇都宮東循環［左回り］, 柳田車庫〜中平出〜宇都宮東武"
産業技術大学校,関東自動車（株）,"宇都宮駅東口〜中平出〜柳田車庫, 宇都宮東循環［右回り］, 宇都宮東循環［左回り］, 柳田車庫〜中平出〜宇都宮東武"
貝島橋西,鹿沼市,公設市場線
総合福祉センター前,関東自動車（株）,"宇都宮市内循環線：県庁先回り, 宇都宮市内循環線：市役所先回り, 市内循環バス（きぶな）"
鹿沼高校入口,関東自動車（株）,"宇都宮〜宇短大〜鹿沼営業所, 宇都宮〜荒針〜鹿沼営業所, 宇都宮〜長坂〜鹿沼営業所"
鹿沼高校入口,鹿沼市,運転免許センター線
宇都宮東武,関東自動車（株）,"ベルモール〜宇大〜宇都宮東武, ベルモール〜宇大〜西原車庫, 宇都宮東武〜越戸〜平出工業団地, 宇都宮東武〜越戸〜柳田車庫, 益子駅〜ベルモール〜宇都宮東武, 益子駅〜東高橋〜宇都宮東武, 海星学院〜宇・宇〜宇都宮東武, 真岡営業所〜橋場〜宇都宮東武, 真岡営業所〜石・ベ〜西原車庫, 真岡営業所〜石法寺〜西原車庫, 柳田車庫〜中平出〜宇都宮東武"
貝島橋東,鹿沼市,公設市場線
八幡越路,鹿沼市,上久我線
二番町,関東自動車（株）,"宇都宮市内循環線：県庁先回り, 宇都宮市内循環線：市役所先回り, 市内循環バス（きぶな）"
3丁目東,きよはら地域内公共交通運営協議会,清原さきがけ号
三幸町,鹿沼市,"古峰原線, 公設市場線, 小来川森崎線, 上久我線, 運転免許センター線"
緑町2丁目北,鹿沼市,運転免許センター線
みはし通り,関東自動車（株）,"宇都宮市内循環線：県庁先回り, 市内循環バス（きぶな）"
下平出,関東自動車（株）,宇都宮〜ベルモール〜柳田車庫
陽西通り北,関東自動車（株）,宇都宮〜陽西通り〜鶴田駅
宮の橋南,関東自動車（株）,"ベルモール〜宇大〜宇都宮東武, ベルモール〜宇大〜西原車庫, 宇都宮〜旭陵〜今宮〜雀宮駅, 宇都宮〜瑞穂野団地, 宇都宮市内循環線：県庁先回り, 宇都宮市内循環線：市役所先回り, 宇都宮市役所循環, 益子駅〜ベルモール〜宇都宮東武, 益子駅〜東高橋〜宇都宮東武, 海星学院〜宇・宇〜宇都宮東武, 駒生〜インターパーク〜上三川, 駒生〜屋板〜上三川, 駒生〜卸会館前, 駒生〜健康の森〜瑞穂野団地, 駒生〜瑞穂野団地［駅経由］, 駒生〜東汗, 駒生〜本郷台西汗, 駒生〜緑の郷〜瑞穂野団地, 上三川〜健康の森〜駒生, 真岡営業所〜橋場〜宇都宮東武, 真岡営業所〜石・ベ〜西原車庫, 真岡営業所〜石法寺〜西原車庫, 瑞穂野団地〜駒生［森経由］, 本郷台西汗〜健康の森〜駒生, 柳田車庫〜中平出〜宇都宮東武"
宮の橋（南）,関東自動車（株）,市内循環バス（きぶな）
宮の橋（南）,ジェイアールバス関東（株）,栃木県作新学院前〜JR宇都宮駅〜鐺山〜道場宿・清原台団地・芳賀
中久保,関東自動車（株）,"宇都宮駅東口〜中平出〜柳田車庫, 宇都宮東循環［右回り］, 宇都宮東循環［左回り］, 柳田車庫〜中平出〜宇都宮東武"
西校入口,関東自動車（株）,"宇都宮〜運転免許C〜楡木車庫, 宇都宮〜運転免許センター, 宇都宮〜六道〜西川田東, 宇都宮〜六道〜総合運動公園西, 宇都宮〜六道〜鶴田駅, 宇都宮〜楡木車庫"
一番町,関東自動車（株）,"宇都宮市内循環線：県庁先回り, 宇都宮市内循環線：市役所先回り, 市内循環バス（きぶな）"
JR宇都宮駅,関東自動車（株）,市内循環バス（きぶな）
JR宇都宮駅,ジェイアールバス関東（株）,栃木県作新学院前〜JR宇都宮駅〜鐺山〜道場宿・清原台団地・芳賀
万町,鹿沼市,"古峰原線, 公設市場線, 口粟野線, 鹿沼南高校線, 小来川森崎線, 上久我線, 上粕尾山の神線, 南摩線, 入粟野上五月線, 南押原線, お買いものバス"
宇都宮駅西口,関東自動車（株）,"グリンT〜駒生［森・田原経由］, グリンT〜駒生［森・宝井経由］, ベルモール〜宇大〜宇都宮東武, ベルモール〜宇大〜西原車庫, 宇都宮〜JR日光駅：桜通り経由, 宇都宮〜旭陵〜今宮〜雀宮駅, 宇都宮〜一条町〜江曽島, 宇都宮〜宇短大〜鹿沼営業所, 宇都宮〜運転免許C〜楡木車庫, 宇都宮〜運転免許センター, 宇都宮〜越戸〜柳田車庫, 宇都宮〜駒生, 宇都宮〜駒生［深夜］, 宇都宮〜県庁〜戸祭台循環, 宇都宮〜江曽島［深夜］, 宇都宮〜江曽島〜総合運動公園西, 宇都宮〜荒針〜鹿沼営業所, 宇都宮〜今市車庫, 宇都宮〜済生会〜帝京大学, 宇都宮〜桜通り〜西川田駅, 宇都宮〜桜通り〜鶴田駅, 宇都宮〜山王団地, 宇都宮〜自衛隊〜上古山入口, 宇都宮〜篠井NT［桜通り経由］, 宇都宮〜篠井NT〜JR日光駅, 宇都宮〜篠井NT〜今市車庫, 宇都宮〜篠井NT〜日光東照宮, 宇都宮〜十文字〜富士見が丘団地, 宇都宮〜仁良塚〜ろまんちっく村, 宇都宮〜瑞穂野団地, 宇都宮〜清住町〜細谷, 宇都宮〜清住町〜細谷［深夜］, 宇都宮〜西の宮団地, 宇都宮〜西塙田〜戸祭, 宇都宮〜西塙田〜宝木団地, 宇都宮〜石橋駅, 宇都宮〜石那田, 宇都宮〜船生, 宇都宮〜竹林〜富士見が丘団地, 宇都宮〜竹林十文字〜済生会病院, 宇都宮〜長坂〜鹿沼営業所, 宇都宮〜帝京大〜ニュー富士見, 宇都宮〜帝京大〜宇都宮美術館, 宇都宮〜帝京大学, 宇都宮〜帝京大学：深夜, 宇都宮〜帝京大学［直通］, 宇都宮〜砥上団地, 宇都宮〜日光東照宮, 宇都宮〜富士見が丘団地, 宇都宮〜文教〜石橋駅, 宇都宮〜陽西中〜ろまんちっく村, 宇都宮〜陽西通り〜鶴田駅, 宇都宮〜立岩［大谷経由］, 宇都宮〜六道〜西川田東, 宇都宮〜六道〜総合運動公園西, 宇都宮〜六道〜鶴田駅, 宇都宮〜和尚塚〜細谷, 宇都宮〜楡木車庫, 宇都宮市内循環線：県庁先回り, 宇都宮市内循環線：市役所先回り, 宇都宮市役所循環, 宇都宮東武〜越戸〜平出工業団地, 宇都宮東武〜越戸〜柳田車庫, 運転免許C〜宇都宮［直通］, 益子駅〜ベルモール〜宇都宮東武, 益子駅〜東高橋〜宇都宮東武, 海星学院〜宇・宇〜宇都宮東武, 玉生車庫〜健康の森〜駒生, 駒生〜インターパーク〜上三川, 駒生〜越戸〜平出工業団地, 駒生〜越戸〜柳田車庫, 駒生〜屋板〜上三川, 駒生〜卸会館前, 駒生〜玉生車庫, 駒生〜健康の森〜宇都宮駅西口, 駒生〜健康の森〜今里, 駒生〜健康の森〜瑞穂野団地, 駒生〜済生会〜富士見が丘団地, 駒生〜十文字〜富士見が丘団地, 駒生〜森・越戸〜柳田車庫, 駒生〜瑞穂野団地［駅経由］, 駒生〜田原〜グリーンタウン, 駒生〜田原〜今里, 駒生〜東汗, 駒生〜富士見が丘団地, 駒生〜宝井〜グリーンタウン, 駒生〜本郷台西汗, 駒生〜緑の郷〜瑞穂野団地, 細谷車庫〜白沢河原, 上三川〜健康の森〜駒生, 真岡営業所〜橋場〜宇都宮東武, 真岡営業所〜石・ベ〜西原車庫, 真岡営業所〜石法寺〜西原車庫, 瑞穂野団地〜駒生［森経由］, 宝木団地〜釜井台団地, 宝木団地〜奈坪台, 宝木団地〜奈坪台〜白沢河原, 宝木団地〜白沢河原, 本郷台西汗〜健康の森〜駒生, 柳田車庫〜越戸〜作新学院前, 柳田車庫〜中平出〜宇都宮東武"
東中久保児童公園,関東自動車（株）,"宇都宮東循環［右回り］, 宇都宮東循環［左回り］"
宮の内,鹿沼市,入粟野上五月線
三日市台,ジェイアールバス関東（株）,栃木県作新学院前〜JR宇都宮駅〜鐺山〜道場宿・清原台団地・芳賀
今泉新道口,関東自動車（株）,"宇都宮駅東口〜中平出〜柳田車庫, 宇都宮東循環［右回り］, 宇都宮東循環［左回り］, 柳田車庫〜中平出〜宇都宮東武"
貝島町,鹿沼市,公設市場線
宿郷町,関東自動車（株）,"宇都宮〜ベルモール〜海星学院, 宇都宮〜ベルモール〜柳田車庫, 宇都宮〜東図書館〜平出工業団地, 宇都宮駅東口〜ベルモール, 宇都宮駅東口〜岡本駅西口〜和久, 宇都宮駅東口〜下平出〜海星学院, 宇都宮駅東口〜上野〜岡本駅西口, 宇都宮駅東口〜中平出〜柳田車庫, 宇都宮駅東口〜陽東〜JR岡本駅, 宇都宮東口〜営業C〜宇都宮東口, 宇都宮東口〜東峰町〜宇都宮東口, 宇都宮東循環［右回り］, 宇都宮東循環［左回り］, 平松本町循環, 柳田車庫〜中平出〜宇都宮東武"
鳥居跡町,関東自動車（株）,"宇都宮〜宇短大〜鹿沼営業所, 宇都宮〜荒針〜鹿沼営業所, 宇都宮〜長坂〜鹿沼営業所"
中央公園博物館前,関東自動車（株）,"宇都宮〜桜通り〜西川田駅, 宇都宮〜桜通り〜鶴田駅"
東宿郷四丁目,関東自動車（株）,"宇都宮〜ベルモール〜海星学院, 宇都宮〜ベルモール〜柳田車庫, 宇都宮駅東口〜ベルモール, 宇都宮駅東口〜下平出〜海星学院, 宇都宮駅東口〜中平出〜柳田車庫, 宇都宮駅東口〜陽東〜JR岡本駅, 宇都宮東循環［右回り］, 宇都宮東循環［左回り］, 柳田車庫〜中平出〜宇都宮東武"
いづも通り,関東自動車（株）,"宇都宮市内循環線：市役所先回り, 市内循環バス（きぶな）"
東宿郷,関東自動車（株）,"宇都宮〜ベルモール〜海星学院, 宇都宮〜ベルモール〜柳田車庫, 宇都宮駅東口〜ベルモール, 宇都宮駅東口〜下平出〜海星学院, 宇都宮駅東口〜中平出〜柳田車庫, 宇都宮駅東口〜陽東〜JR岡本駅, 柳田車庫〜中平出〜宇都宮東武"
宇女高前,関東自動車（株）,"宇都宮〜運転免許C〜楡木車庫, 宇都宮〜運転免許センター, 宇都宮〜六道〜西川田東, 宇都宮〜六道〜総合運動公園西, 宇都宮〜六道〜鶴田駅, 宇都宮〜楡木車庫"
鳥居跡新鹿沼,鹿沼市,"古峰原線, 公設市場線, 小来川森崎線, 上久我線, 運転免許センター線"
松が峰教会前,関東自動車（株）,"宇都宮市内循環線：県庁先回り, 宇都宮市内循環線：市役所先回り, 市内循環バス（きぶな）"
中央郵便局前,関東自動車（株）,"宇都宮市内循環線：県庁先回り, 宇都宮市内循環線：市役所先回り, 市内循環バス（きぶな）"
芳賀三日市,ジェイアールバス関東（株）,栃木県作新学院前〜JR宇都宮駅〜鐺山〜道場宿・清原台団地・芳賀
宇女高西口,関東自動車（株）,宇都宮〜陽西通り〜鶴田駅
バイパス十文字,関東自動車（株）,"宇都宮〜ベルモール〜海星学院, 宇都宮〜ベルモール〜柳田車庫, 宇都宮駅東口〜ベルモール, 宇都宮駅東口〜下平出〜海星学院, 宇都宮駅東口〜中平出〜柳田車庫, 宇都宮駅東口〜陽東〜JR岡本駅, 柳田車庫〜中平出〜宇都宮東武"
宇女高入口,関東自動車（株）,"宇都宮〜運転免許C〜楡木車庫, 宇都宮〜運転免許センター, 宇都宮〜六道〜西川田東, 宇都宮〜六道〜総合運動公園西, 宇都宮〜六道〜鶴田駅, 宇都宮〜楡木車庫"
清原台3丁目,ジェイアールバス関東（株）,栃木県作新学院前〜JR宇都宮駅〜鐺山〜道場宿・清原台団地・芳賀
駅前通り2丁目,関東自動車（株）,"宇都宮市内循環線：県庁先回り, 宇都宮市内循環線：市役所先回り, 市内循環バス（きぶな）"
今泉町,関東自動車（株）,"宇都宮〜ベルモール〜海星学院, 宇都宮〜ベルモール〜柳田車庫, 宇都宮駅東口〜ベルモール, 宇都宮駅東口〜下平出〜海星学院, 宇都宮駅東口〜陽東〜JR岡本駅"
今泉町,ジェイアールバス関東（株）,栃木県作新学院前〜JR宇都宮駅〜鐺山〜道場宿・清原台団地・芳賀
西二丁目公園前,関東自動車（株）,"ベルモール〜宇大〜西原車庫, 真岡営業所〜石・ベ〜西原車庫, 真岡営業所〜石法寺〜西原車庫"
JA清原支所前,ジェイアールバス関東（株）,栃木県作新学院前〜JR宇都宮駅〜鐺山〜道場宿・清原台団地・芳賀
鹿沼高校前,鹿沼市,"古峰原線, 公設市場線, 口粟野線, 鹿沼南高校線, 小来川森崎線, 上久我線, 上粕尾山の神線, 南摩線, 入粟野上五月線"
陽東四丁目,関東自動車（株）,"宇都宮〜ベルモール〜海星学院, 宇都宮〜ベルモール〜柳田車庫, 宇都宮駅東口〜ベルモール, 宇都宮駅東口〜下平出〜海星学院, 宇都宮駅東口〜陽東〜JR岡本駅"
松が峰二丁目,関東自動車（株）,宇都宮市役所循環
陽東三丁目,関東自動車（株）,"宇都宮〜ベルモール〜海星学院, 宇都宮〜ベルモール〜柳田車庫, 宇都宮駅東口〜ベルモール, 宇都宮駅東口〜下平出〜海星学院, 宇都宮駅東口〜陽東〜JR岡本駅"
鳥居跡町,鹿沼市,"古峰原線, 公設市場線, 口粟野線, 鹿沼南高校線, 小来川森崎線, 上久我線, 上粕尾山の神線, 南摩線, 入粟野上五月線, 運転免許センター線"
東武新鹿沼駅,鹿沼市,"古峰原線, 公設市場線, 口粟野線, 鹿沼南高校線, 小来川森崎線, 上久我線, 上粕尾山の神線, 南摩線, 入粟野上五月線, 運転免許センター線"
東宿郷三丁目,関東自動車（株）,"宇都宮東口〜営業C〜宇都宮東口, 宇都宮東口〜東峰町〜宇都宮東口, 平松本町循環"
上野原西,鹿沼市,公設市場線
花岡町西,鹿沼市,南摩線
ベルモール入口,関東自動車（株）,"宇都宮〜ベルモール〜海星学院, 宇都宮〜ベルモール〜柳田車庫, 宇都宮駅東口〜ベルモール, 宇都宮駅東口〜下平出〜海星学院"
とちぎん前,鹿沼市,お買いものバス
三井寺,関東自動車（株）,"宇都宮〜ベルモール〜海星学院, 宇都宮駅東口〜下平出〜海星学院"
工業団地南,関東自動車（株）,"宇都宮〜ベルモール〜海星学院, 宇都宮〜ベルモール〜柳田車庫, 宇都宮駅東口〜下平出〜海星学院"
工業団地南,ジェイアールバス関東（株）,栃木県作新学院前〜JR宇都宮駅〜鐺山〜道場宿・清原台団地・芳賀
上野原,鹿沼市,お買いものバス
砥上団地,関東自動車（株）,宇都宮〜砥上団地
宇都宮城址公園入口,関東自動車（株）,"宇都宮市内循環線：県庁先回り, 宇都宮市内循環線：市役所先回り, 市内循環バス（きぶな）"
足利銀行東,きよはら地域内公共交通運営協議会,清原さきがけ号
下平出北,関東自動車（株）,"宇都宮〜ベルモール〜海星学院, 宇都宮〜ベルモール〜柳田車庫, 宇都宮駅東口〜下平出〜海星学院"
峰一丁目北,関東自動車（株）,"宇都宮東循環［右回り］, 宇都宮東循環［左回り］"
緑町2丁目南,鹿沼市,運転免許センター線
宿郷町十文字,関東自動車（株）,柳田車庫〜中平出〜宇都宮東武
天神一丁目,関東自動車（株）,宇都宮市役所循環
宿郷西,関東自動車（株）,"ベルモール〜宇大〜宇都宮東武, ベルモール〜宇大〜西原車庫, 宇都宮〜旭陵〜今宮〜雀宮駅, 宇都宮〜瑞穂野団地, 宇都宮市役所循環, 益子駅〜ベルモール〜宇都宮東武, 益子駅〜東高橋〜宇都宮東武, 海星学院〜宇・宇〜宇都宮東武, 駒生〜インターパーク〜上三川, 駒生〜屋板〜上三川, 駒生〜卸会館前, 駒生〜健康の森〜瑞穂野団地, 駒生〜瑞穂野団地［駅経由］, 駒生〜東汗, 駒生〜本郷台西汗, 駒生〜緑の郷〜瑞穂野団地, 上三川〜健康の森〜駒生, 真岡営業所〜橋場〜宇都宮東武, 真岡営業所〜石・ベ〜西原車庫, 真岡営業所〜石法寺〜西原車庫, 瑞穂野団地〜駒生［森経由］, 本郷台西汗〜健康の森〜駒生, 柳田車庫〜中平出〜宇都宮東武"
西茂呂1丁目,鹿沼市,お買いものバス
ベイシア前,石井地域公共交通運営委員会,ぐるっと石井号
もみじ通り,関東自動車（株）,"宇都宮〜一条町〜江曽島, 宇都宮〜江曽島［深夜］, 宇都宮〜江曽島〜総合運動公園西, 宇都宮〜自衛隊〜上古山入口, 宇都宮〜石橋駅, 宇都宮〜文教〜石橋駅"
東宿郷東,関東自動車（株）,"宇都宮東循環［右回り］, 宇都宮東循環［左回り］"
陽西通り十文字,関東自動車（株）,宇都宮〜陽西通り〜鶴田駅
上野原東,鹿沼市,"公設市場線, お買いものバス"
東武新鹿沼駅入口,鹿沼市,"口粟野線, 上粕尾山の神線, 南摩線, 入粟野上五月線"
老健かみつが北,鹿沼市,南押原線
東宿郷六丁目,関東自動車（株）,"宇都宮東循環［右回り］, 宇都宮東循環［左回り］"
緑町西,鹿沼市,"公設市場線, お買いものバス"
鹿沼商工正門前,鹿沼市,南摩線
宇都宮市役所,関東自動車（株）,"宇都宮市内循環線：県庁先回り, 宇都宮市内循環線：市役所先回り, 宇都宮市役所循環, 市内循環バス（きぶな）"
もみじ通り入口,関東自動車（株）,"ベルモール〜宇大〜西原車庫, 真岡営業所〜石・ベ〜西原車庫, 真岡営業所〜石法寺〜西原車庫"
市役所庁舎前,関東自動車（株）,"宇都宮市内循環線：県庁先回り, 宇都宮市内循環線：市役所先回り, 市内循環バス（きぶな）"
富士見小学校北口,関東自動車（株）,"宇都宮〜桜通り〜西川田駅, 宇都宮〜桜通り〜鶴田駅"
旭中学校,関東自動車（株）,宇都宮市役所循環
4丁目南,きよはら地域内公共交通運営協議会,清原さきがけ号
あずま保育園前,関東自動車（株）,柳田車庫〜中平出〜宇都宮東武
簗瀬小学校,関東自動車（株）,宇都宮市役所循環
清原台4丁目,ジェイアールバス関東（株）,栃木県作新学院前〜JR宇都宮駅〜鐺山〜道場宿・清原台団地・芳賀
宿郷三丁目,関東自動車（株）,"宇都宮東循環［右回り］, 宇都宮東循環［左回り］"
本丸西通り,関東自動車（株）,宇都宮市役所循環
六道,関東自動車（株）,"宇都宮〜運転免許C〜楡木車庫, 宇都宮〜運転免許センター, 宇都宮〜六道〜西川田東, 宇都宮〜六道〜総合運動公園西, 宇都宮〜六道〜鶴田駅, 宇都宮〜楡木車庫"
石井街道口,関東自動車（株）,"ベルモール〜宇大〜宇都宮東武, ベルモール〜宇大〜西原車庫, 宇都宮〜瑞穂野団地, 益子駅〜ベルモール〜宇都宮東武, 益子駅〜東高橋〜宇都宮東武, 海星学院〜宇・宇〜宇都宮東武, 駒生〜卸会館前, 駒生〜健康の森〜瑞穂野団地, 駒生〜瑞穂野団地［駅経由］, 駒生〜東汗, 駒生〜本郷台西汗, 駒生〜緑の郷〜瑞穂野団地, 真岡営業所〜橋場〜宇都宮東武, 真岡営業所〜石・ベ〜西原車庫, 真岡営業所〜石法寺〜西原車庫, 瑞穂野団地〜駒生［森経由］, 本郷台西汗〜健康の森〜駒生, 柳田車庫〜中平出〜宇都宮東武"
平石小学校前,関東自動車（株）,"宇都宮〜ベルモール〜海星学院, 宇都宮駅東口〜下平出〜海星学院"
栄町北,鹿沼市,お買いものバス
鹿沼商工グラウンド南,鹿沼市,南摩線
コジマ×ビックカメラ前,鹿沼市,お買いものバス
大倉ホンダ前,鹿沼市,南摩線
和田公園,鹿沼市,入粟野上五月線
鹿沼商工入口,鹿沼市,"口粟野線, 鹿沼南高校線, 上粕尾山の神線, 入粟野上五月線"
鹿沼商工入口,関東自動車（株）,"宇都宮〜宇短大〜鹿沼営業所, 宇都宮〜荒針〜鹿沼営業所, 宇都宮〜長坂〜鹿沼営業所"
ベルモール,関東自動車（株）,"ベルモール〜宇大〜宇都宮東武, ベルモール〜宇大〜西原車庫, 宇都宮〜ベルモール〜海星学院, 宇都宮〜ベルモール〜柳田車庫, 宇都宮駅東口〜ベルモール, 宇都宮東循環［右回り］, 宇都宮東循環［左回り］, 益子駅〜ベルモール〜宇都宮東武, 真岡営業所〜石・ベ〜西原車庫"
ベルモール,石井地域公共交通運営委員会,ぐるっと石井号
ベルモール前,ジェイアールバス関東（株）,栃木県作新学院前〜JR宇都宮駅〜鐺山〜道場宿・清原台団地・芳賀
陽東桜が丘東,関東自動車（株）,"宇都宮東循環［右回り］, 宇都宮東循環［左回り］"
陽東桜が丘西,関東自動車（株）,"宇都宮東循環［右回り］, 宇都宮東循環［左回り］"
西原小学校入口,関東自動車（株）,"ベルモール〜宇大〜西原車庫, 真岡営業所〜石・ベ〜西原車庫, 真岡営業所〜石法寺〜西原車庫"
簗瀬小入口,関東自動車（株）,"宇都宮〜旭陵〜今宮〜雀宮駅, 駒生〜インターパーク〜上三川, 駒生〜屋板〜上三川, 上三川〜健康の森〜駒生"
陽西通り南,関東自動車（株）,宇都宮〜陽西通り〜鶴田駅
宿郷五丁目,関東自動車（株）,"宇都宮東口〜営業C〜宇都宮東口, 宇都宮東口〜東峰町〜宇都宮東口, 平松本町循環"
宿郷中,関東自動車（株）,"ベルモール〜宇大〜宇都宮東武, ベルモール〜宇大〜西原車庫, 宇都宮〜瑞穂野団地, 益子駅〜ベルモール〜宇都宮東武, 益子駅〜東高橋〜宇都宮東武, 海星学院〜宇・宇〜宇都宮東武, 駒生〜卸会館前, 駒生〜健康の森〜瑞穂野団地, 駒生〜瑞穂野団地［駅経由］, 駒生〜東汗, 駒生〜本郷台西汗, 駒生〜緑の郷〜瑞穂野団地, 真岡営業所〜橋場〜宇都宮東武, 真岡営業所〜石・ベ〜西原車庫, 真岡営業所〜石法寺〜西原車庫, 瑞穂野団地〜駒生［森経由］, 本郷台西汗〜健康の森〜駒生, 柳田車庫〜中平出〜宇都宮東武"
東郵便局,関東自動車（株）,"宇都宮東循環［右回り］, 宇都宮東循環［左回り］"
宇都宮城址公園東,関東自動車（株）,宇都宮市役所循環
西茂呂東,鹿沼市,公設市場線
芳賀温泉ロマンの湯,ジェイアールバス関東（株）,栃木県作新学院前〜JR宇都宮駅〜鐺山〜道場宿・清原台団地・芳賀
簗瀬,関東自動車（株）,"ベルモール〜宇大〜宇都宮東武, ベルモール〜宇大〜西原車庫, 宇都宮東口〜営業C〜宇都宮東口, 宇都宮東口〜東峰町〜宇都宮東口, 益子駅〜ベルモール〜宇都宮東武, 益子駅〜東高橋〜宇都宮東武, 海星学院〜宇・宇〜宇都宮東武, 真岡営業所〜橋場〜宇都宮東武, 真岡営業所〜石・ベ〜西原車庫, 真岡営業所〜石法寺〜西原車庫"
簗瀬,ジェイアールバス関東（株）,栃木県作新学院前〜JR宇都宮駅〜鐺山〜道場宿・清原台団地・芳賀
老健かみつが南,鹿沼市,南押原線
5丁目北,きよはら地域内公共交通運営協議会,清原さきがけ号
ふれあい荘前,石井地域公共交通運営委員会,ぐるっと石井号
一条,関東自動車（株）,"宇都宮〜一条町〜江曽島, 宇都宮〜江曽島［深夜］, 宇都宮〜江曽島〜総合運動公園西, 宇都宮〜自衛隊〜上古山入口, 宇都宮〜石橋駅, 宇都宮〜文教〜石橋駅"
祖母井,ジェイアールバス関東（株）,栃木県作新学院前〜JR宇都宮駅〜鐺山〜道場宿・清原台団地・芳賀
鹿沼営業所,関東自動車（株）,"宇都宮〜宇短大〜鹿沼営業所, 宇都宮〜荒針〜鹿沼営業所, 宇都宮〜長坂〜鹿沼営業所"
鹿沼営業所,鹿沼市,"口粟野線, 鹿沼南高校線, 上粕尾山の神線, 入粟野上五月線"
宿郷東,関東自動車（株）,"ベルモール〜宇大〜宇都宮東武, ベルモール〜宇大〜西原車庫, 宇都宮東口〜営業C〜宇都宮東口, 宇都宮東口〜東峰町〜宇都宮東口, 益子駅〜ベルモール〜宇都宮東武, 益子駅〜東高橋〜宇都宮東武, 海星学院〜宇・宇〜宇都宮東武, 真岡営業所〜橋場〜宇都宮東武, 真岡営業所〜石・ベ〜西原車庫, 真岡営業所〜石法寺〜西原車庫"
楡木街道入口,関東自動車（株）,"宇都宮〜運転免許C〜楡木車庫, 宇都宮〜運転免許センター, 宇都宮〜桜通り〜西川田駅, 宇都宮〜桜通り〜鶴田駅, 宇都宮〜楡木車庫"
下日向,鹿沼市,南摩線
栄町2丁目,鹿沼市,運転免許センター線
京町西,関東自動車（株）,"宇都宮〜陽西通り〜鶴田駅, 宇都宮〜六道〜西川田東, 宇都宮〜六道〜総合運動公園西, 宇都宮〜六道〜鶴田駅"
栄町1丁目,鹿沼市,"運転免許センター線, お買いものバス"
西原三丁目,関東自動車（株）,"ベルモール〜宇大〜西原車庫, 真岡営業所〜石・ベ〜西原車庫, 真岡営業所〜石法寺〜西原車庫"
簗瀬町十文字,関東自動車（株）,平松本町循環
今宿,関東自動車（株）,"宇都宮〜ベルモール〜海星学院, 宇都宮駅東口〜下平出〜海星学院"
遠木金田屋,鹿沼市,上粕尾山の神線
ヨークベニマル前,鹿沼市,"公設市場線, 運転免許センター線, お買いものバス"
遠木橋,鹿沼市,上粕尾山の神線
宇都宮東部クリニック前,きよはら地域内公共交通運営協議会,清原さきがけ号
砥上車庫,関東自動車（株）,宇都宮〜砥上団地
平松町,関東自動車（株）,"ベルモール〜宇大〜宇都宮東武, ベルモール〜宇大〜西原車庫, 宇都宮東口〜営業C〜宇都宮東口, 宇都宮東口〜東峰町〜宇都宮東口, 益子駅〜ベルモール〜宇都宮東武, 益子駅〜東高橋〜宇都宮東武, 海星学院〜宇・宇〜宇都宮東武, 真岡営業所〜橋場〜宇都宮東武, 真岡営業所〜石・ベ〜西原車庫, 真岡営業所〜石法寺〜西原車庫"
滝澤病院前,関東自動車（株）,"宇都宮〜一条町〜江曽島, 宇都宮〜江曽島［深夜］, 宇都宮〜江曽島〜総合運動公園西, 宇都宮〜自衛隊〜上古山入口, 宇都宮〜石橋駅, 宇都宮〜文教〜石橋駅"
滝谷町,関東自動車（株）,"宇都宮〜桜通り〜西川田駅, 宇都宮〜桜通り〜鶴田駅"
西茂呂交差点,鹿沼市,"公設市場線, 運転免許センター線"
宇都宮大学前,関東自動車（株）,"ベルモール〜宇大〜宇都宮東武, ベルモール〜宇大〜西原車庫, 宇都宮東口〜営業C〜宇都宮東口, 宇都宮東口〜東峰町〜宇都宮東口, 宇都宮東循環［右回り］, 宇都宮東循環［左回り］, 益子駅〜ベルモール〜宇都宮東武, 益子駅〜東高橋〜宇都宮東武, 海星学院〜宇・宇〜宇都宮東武, 真岡営業所〜橋場〜宇都宮東武, 真岡営業所〜石・ベ〜西原車庫, 真岡営業所〜石法寺〜西原車庫"
宇大前,ジェイアールバス関東（株）,栃木県作新学院前〜JR宇都宮駅〜鐺山〜道場宿・清原台団地・芳賀
簗瀬西,関東自動車（株）,"宇都宮〜旭陵〜今宮〜雀宮駅, 駒生〜インターパーク〜上三川, 駒生〜屋板〜上三川, 上三川〜健康の森〜駒生"
旧粟野第二小前,鹿沼市,入粟野上五月線
遠木鈴木商店前,鹿沼市,上粕尾山の神線
十九夜前,関東自動車（株）,"宇都宮〜運転免許C〜楡木車庫, 宇都宮〜運転免許センター, 宇都宮〜楡木車庫"
城東小学校,関東自動車（株）,平松本町循環
桜内,鹿沼市,"口粟野線, 鹿沼南高校線, 上粕尾山の神線, 入粟野上五月線"
芳賀町体育館前,ジェイアールバス関東（株）,栃木県作新学院前〜JR宇都宮駅〜鐺山〜道場宿・清原台団地・芳賀
ハローワーク,関東自動車（株）,"宇都宮〜陽西通り〜鶴田駅, 宇都宮〜六道〜西川田東, 宇都宮〜六道〜総合運動公園西, 宇都宮〜六道〜鶴田駅"
宇大東,関東自動車（株）,"ベルモール〜宇大〜宇都宮東武, ベルモール〜宇大〜西原車庫, 宇都宮東循環［右回り］, 宇都宮東循環［左回り］, 益子駅〜ベルモール〜宇都宮東武, 益子駅〜東高橋〜宇都宮東武, 海星学院〜宇・宇〜宇都宮東武, 真岡営業所〜橋場〜宇都宮東武, 真岡営業所〜石・ベ〜西原車庫, 真岡営業所〜石法寺〜西原車庫"
城東小前,関東自動車（株）,"宇都宮〜瑞穂野団地, 駒生〜卸会館前, 駒生〜健康の森〜瑞穂野団地, 駒生〜瑞穂野団地［駅経由］, 駒生〜東汗, 駒生〜本郷台西汗, 駒生〜緑の郷〜瑞穂野団地, 瑞穂野団地〜駒生［森経由］, 本郷台西汗〜健康の森〜駒生"
桜馬場通り十文字,関東自動車（株）,"ベルモール〜宇大〜西原車庫, 真岡営業所〜石・ベ〜西原車庫, 真岡営業所〜石法寺〜西原車庫"
大栗,鹿沼市,入粟野上五月線
峰小前,関東自動車（株）,"ベルモール〜宇大〜宇都宮東武, ベルモール〜宇大〜西原車庫, 宇都宮東循環［右回り］, 宇都宮東循環［左回り］, 益子駅〜ベルモール〜宇都宮東武, 益子駅〜東高橋〜宇都宮東武, 海星学院〜宇・宇〜宇都宮東武, 真岡営業所〜橋場〜宇都宮東武, 真岡営業所〜石・ベ〜西原車庫, 真岡営業所〜石法寺〜西原車庫"
工学部西,関東自動車（株）,"ベルモール〜宇大〜宇都宮東武, ベルモール〜宇大〜西原車庫, 益子駅〜ベルモール〜宇都宮東武, 真岡営業所〜石・ベ〜西原車庫"
宇大工学部正門,関東自動車（株）,"宇都宮東循環［右回り］, 宇都宮東循環［左回り］"
前俵,関東自動車（株）,"宇都宮〜ベルモール〜海星学院, 宇都宮駅東口〜下平出〜海星学院"
梨の木原,ジェイアールバス関東（株）,栃木県作新学院前〜JR宇都宮駅〜鐺山〜道場宿・清原台団地・芳賀
ベニマル前,関東自動車（株）,平松本町循環
野尻公民館前,鹿沼市,南摩線
郵便局東,きよはら地域内公共交通運営協議会,清原さきがけ号
花房町,関東自動車（株）,"宇都宮〜一条町〜江曽島, 宇都宮〜江曽島［深夜］, 宇都宮〜江曽島〜総合運動公園西, 宇都宮〜自衛隊〜上古山入口, 宇都宮〜石橋駅, 宇都宮〜文教〜石橋駅"
簗瀬五丁目東,関東自動車（株）,平松本町循環
鶴田神社前,関東自動車（株）,"宇都宮〜運転免許C〜楡木車庫, 宇都宮〜運転免許センター, 宇都宮〜楡木車庫"
こえご,関東自動車（株）,"ベルモール〜宇大〜宇都宮東武, ベルモール〜宇大〜西原車庫, 宇都宮東循環［右回り］, 宇都宮東循環［左回り］, 益子駅〜ベルモール〜宇都宮東武, 益子駅〜東高橋〜宇都宮東武, 海星学院〜宇・宇〜宇都宮東武, 真岡営業所〜橋場〜宇都宮東武, 真岡営業所〜石・ベ〜西原車庫, 真岡営業所〜石法寺〜西原車庫"
西茂呂北,鹿沼市,"公設市場線, 運転免許センター線"
片山医院東,石井地域公共交通運営委員会,ぐるっと石井号
沖保育園前,鹿沼市,南押原線
文化会館西口,関東自動車（株）,"宇都宮〜桜通り〜西川田駅, 宇都宮〜桜通り〜鶴田駅"
工学部前,関東自動車（株）,"ベルモール〜宇大〜宇都宮東武, ベルモール〜宇大〜西原車庫, 宇都宮東循環［右回り］, 宇都宮東循環［左回り］, 益子駅〜ベルモール〜宇都宮東武, 益子駅〜東高橋〜宇都宮東武, 海星学院〜宇・宇〜宇都宮東武, 真岡営業所〜橋場〜宇都宮東武, 真岡営業所〜石・ベ〜西原車庫, 真岡営業所〜石法寺〜西原車庫"
工学部前,ジェイアールバス関東（株）,栃木県作新学院前〜JR宇都宮駅〜鐺山〜道場宿・清原台団地・芳賀
工学部前（ベル経由側）,ジェイアールバス関東（株）,栃木県作新学院前〜JR宇都宮駅〜鐺山〜道場宿・清原台団地・芳賀
清原台5丁目,ジェイアールバス関東（株）,栃木県作新学院前〜JR宇都宮駅〜鐺山〜道場宿・清原台団地・芳賀
栃木銀行（ATM）前,石井地域公共交通運営委員会,ぐるっと石井号
上菅沼,鹿沼市,入粟野上五月線
簗瀬東,関東自動車（株）,"宇都宮〜瑞穂野団地, 駒生〜卸会館前, 駒生〜健康の森〜瑞穂野団地, 駒生〜瑞穂野団地［駅経由］, 駒生〜東汗, 駒生〜本郷台西汗, 駒生〜緑の郷〜瑞穂野団地, 瑞穂野団地〜駒生［森経由］, 本郷台西汗〜健康の森〜駒生"
芳賀町役場東,ジェイアールバス関東（株）,栃木県作新学院前〜JR宇都宮駅〜鐺山〜道場宿・清原台団地・芳賀
中央市場前,関東自動車（株）,"駒生〜インターパーク〜上三川, 駒生〜屋板〜上三川, 上三川〜健康の森〜駒生"
芳賀町役場,ジェイアールバス関東（株）,栃木県作新学院前〜JR宇都宮駅〜鐺山〜道場宿・清原台団地・芳賀
押原神社入口,鹿沼市,"口粟野線, 鹿沼南高校線, 上粕尾山の神線, 入粟野上五月線"
室瀬回転場,鹿沼市,南摩線
象間橋,鹿沼市,南摩線
文化会館前（宇都宮）,関東自動車（株）,"宇都宮〜陽西通り〜鶴田駅, 宇都宮〜六道〜西川田東, 宇都宮〜六道〜総合運動公園西, 宇都宮〜六道〜鶴田駅"
岡新田,関東自動車（株）,"益子駅〜ベルモール〜宇都宮東武, 益子駅〜東高橋〜宇都宮東武, 海星学院〜宇・宇〜宇都宮東武, 真岡営業所〜橋場〜宇都宮東武, 真岡営業所〜石・ベ〜西原車庫, 真岡営業所〜石法寺〜西原車庫"
平松西,関東自動車（株）,平松本町循環
宇大南,関東自動車（株）,"宇都宮東口〜営業C〜宇都宮東口, 宇都宮東口〜東峰町〜宇都宮東口"
福祉センター,鹿沼市,南摩線
和泉ニュータウン,ジェイアールバス関東（株）,栃木県作新学院前〜JR宇都宮駅〜鐺山〜道場宿・清原台団地・芳賀
旭陵橋東,関東自動車（株）,宇都宮〜旭陵〜今宮〜雀宮駅
カワチ・たいらや前,石井地域公共交通運営委員会,ぐるっと石井号
ゼビオスポーツ・ケーヨーデーツー前,石井地域公共交通運営委員会,ぐるっと石井号
日星前,関東自動車（株）,"宇都宮〜一条町〜江曽島, 宇都宮〜江曽島［深夜］, 宇都宮〜江曽島〜総合運動公園西, 宇都宮〜自衛隊〜上古山入口, 宇都宮〜石橋駅, 宇都宮〜文教〜石橋駅"
西茂呂中央,鹿沼市,"公設市場線, 運転免許センター線"
清原地区市民センター,きよはら地域内公共交通運営協議会,清原さきがけ号
西原車庫,関東自動車（株）,"ベルモール〜宇大〜西原車庫, 真岡営業所〜石・ベ〜西原車庫, 真岡営業所〜石法寺〜西原車庫"
田沼歯科医院前,きよはら地域内公共交通運営協議会,清原さきがけ号
簗瀬南,関東自動車（株）,"駒生〜インターパーク〜上三川, 駒生〜屋板〜上三川, 上三川〜健康の森〜駒生"
清原地区市民センター,ジェイアールバス関東（株）,栃木県作新学院前〜JR宇都宮駅〜鐺山〜道場宿・清原台団地・芳賀
岡西,関東自動車（株）,"益子駅〜ベルモール〜宇都宮東武, 益子駅〜東高橋〜宇都宮東武, 海星学院〜宇・宇〜宇都宮東武, 真岡営業所〜橋場〜宇都宮東武, 真岡営業所〜石・ベ〜西原車庫, 真岡営業所〜石法寺〜西原車庫"
金田橋,関東自動車（株）,"宇都宮〜ベルモール〜海星学院, 宇都宮駅東口〜下平出〜海星学院"
菊水町,関東自動車（株）,宇都宮〜陽西通り〜鶴田駅
東中の島,ジェイアールバス関東（株）,栃木県作新学院前〜JR宇都宮駅〜鐺山〜道場宿・清原台団地・芳賀
消防本部南,鹿沼市,南押原線
下菅沼,鹿沼市,入粟野上五月線
上殿,鹿沼市,"口粟野線, 鹿沼南高校線, 上粕尾山の神線, 入粟野上五月線"
篠﨑内科クリニック前,きよはら地域内公共交通運営協議会,清原さきがけ号
室瀬,鹿沼市,南摩線
県営平松本町住宅入口,関東自動車（株）,平松本町循環
西茂呂南,鹿沼市,"公設市場線, 運転免許センター線"
つなかわ歯科前,関東自動車（株）,平松本町循環
東峰町西,関東自動車（株）,"宇都宮東口〜営業C〜宇都宮東口, 宇都宮東口〜東峰町〜宇都宮東口"
平松本町西,関東自動車（株）,平松本町循環
烏山信金前,関東自動車（株）,平松本町循環
陽東中学校前,石井地域公共交通運営委員会,ぐるっと石井号
清原球場,ジェイアールバス関東（株）,栃木県作新学院前〜JR宇都宮駅〜鐺山〜道場宿・清原台団地・芳賀
あけぼの公園,関東自動車（株）,"宇都宮〜六道〜西川田東, 宇都宮〜六道〜総合運動公園西, 宇都宮〜六道〜鶴田駅"
南宇都宮,関東自動車（株）,宇都宮〜陽西通り〜鶴田駅
簗瀬金堀,関東自動車（株）,"宇都宮〜瑞穂野団地, 駒生〜インターパーク〜上三川, 駒生〜屋板〜上三川, 駒生〜卸会館前, 駒生〜健康の森〜瑞穂野団地, 駒生〜瑞穂野団地［駅経由］, 駒生〜東汗, 駒生〜本郷台西汗, 駒生〜緑の郷〜瑞穂野団地, 上三川〜健康の森〜駒生, 瑞穂野団地〜駒生［森経由］, 本郷台西汗〜健康の森〜駒生"
滝の原,関東自動車（株）,"宇都宮〜桜通り〜西川田駅, 宇都宮〜桜通り〜鶴田駅, 宇都宮〜六道〜西川田東, 宇都宮〜六道〜総合運動公園西, 宇都宮〜六道〜鶴田駅"
県営平松本町住宅前,関東自動車（株）,平松本町循環
峰町南,関東自動車（株）,"宇都宮東口〜営業C〜宇都宮東口, 宇都宮東口〜東峰町〜宇都宮東口"
花木センター入口,鹿沼市,運転免許センター線
岡（十字路）,関東自動車（株）,"益子駅〜ベルモール〜宇都宮東武, 益子駅〜東高橋〜宇都宮東武, 海星学院〜宇・宇〜宇都宮東武, 真岡営業所〜橋場〜宇都宮東武, 真岡営業所〜石・ベ〜西原車庫, 真岡営業所〜石法寺〜西原車庫"
岡,ジェイアールバス関東（株）,栃木県作新学院前〜JR宇都宮駅〜鐺山〜道場宿・清原台団地・芳賀
赤石河原,鹿沼市,上粕尾山の神線
さいとう医院,石井地域公共交通運営委員会,ぐるっと石井号
6丁目公民館前,きよはら地域内公共交通運営協議会,清原さきがけ号
清原工業団地東,ジェイアールバス関東（株）,栃木県作新学院前〜JR宇都宮駅〜鐺山〜道場宿・清原台団地・芳賀
上南摩小学校前,鹿沼市,南摩線
不動前,関東自動車（株）,"宇都宮〜一条町〜江曽島, 宇都宮〜江曽島［深夜］, 宇都宮〜江曽島〜総合運動公園西, 宇都宮〜自衛隊〜上古山入口, 宇都宮〜石橋駅, 宇都宮〜文教〜石橋駅"
姿川第二小学校前,関東自動車（株）,"宇都宮〜運転免許C〜楡木車庫, 宇都宮〜運転免許センター, 宇都宮〜楡木車庫"
花木センター,鹿沼市,運転免許センター線
あさひの保育園南,関東自動車（株）,平松本町循環
下野原,ジェイアールバス関東（株）,栃木県作新学院前〜JR宇都宮駅〜鐺山〜道場宿・清原台団地・芳賀
鹿沼脳神経外科,鹿沼市,運転免許センター線
吉野二丁目,関東自動車（株）,宇都宮〜陽西通り〜鶴田駅
平成理研前,石井地域公共交通運営委員会,ぐるっと石井号
上殿T字路,鹿沼市,"口粟野線, 鹿沼南高校線, 上粕尾山の神線, 入粟野上五月線"
サシバの里いちかい,ジェイアールバス関東（株）,栃木県作新学院前〜JR宇都宮駅〜鐺山〜道場宿・清原台団地・芳賀
石井局前,関東自動車（株）,"宇都宮〜ベルモール〜海星学院, 宇都宮駅東口〜下平出〜海星学院, 益子駅〜ベルモール〜宇都宮東武, 益子駅〜東高橋〜宇都宮東武, 海星学院〜宇・宇〜宇都宮東武, 真岡営業所〜橋場〜宇都宮東武, 真岡営業所〜石・ベ〜西原車庫, 真岡営業所〜石法寺〜西原車庫"
男山稲荷神社北,関東自動車（株）,平松本町循環
平松本町公民館,関東自動車（株）,平松本町循環
下栗団地,関東自動車（株）,"宇都宮〜瑞穂野団地, 駒生〜卸会館前, 駒生〜健康の森〜瑞穂野団地, 駒生〜瑞穂野団地［駅経由］, 駒生〜東汗, 駒生〜本郷台西汗, 駒生〜緑の郷〜瑞穂野団地, 瑞穂野団地〜駒生［森経由］, 本郷台西汗〜健康の森〜駒生"
鬼怒橋東,関東自動車（株）,"宇都宮〜ベルモール〜海星学院, 宇都宮駅東口〜下平出〜海星学院, 益子駅〜ベルモール〜宇都宮東武, 益子駅〜東高橋〜宇都宮東武, 海星学院〜宇・宇〜宇都宮東武, 真岡営業所〜橋場〜宇都宮東武, 真岡営業所〜石・ベ〜西原車庫, 真岡営業所〜石法寺〜西原車庫"
鬼怒橋東,ジェイアールバス関東（株）,栃木県作新学院前〜JR宇都宮駅〜鐺山〜道場宿・清原台団地・芳賀
清原中央公園,ジェイアールバス関東（株）,栃木県作新学院前〜JR宇都宮駅〜鐺山〜道場宿・清原台団地・芳賀
清陵高校,ジェイアールバス関東（株）,栃木県作新学院前〜JR宇都宮駅〜鐺山〜道場宿・清原台団地・芳賀
鬼怒大島,関東自動車（株）,"宇都宮〜ベルモール〜海星学院, 宇都宮駅東口〜下平出〜海星学院, 益子駅〜ベルモール〜宇都宮東武, 益子駅〜東高橋〜宇都宮東武, 海星学院〜宇・宇〜宇都宮東武, 真岡営業所〜橋場〜宇都宮東武, 真岡営業所〜石・ベ〜西原車庫, 真岡営業所〜石法寺〜西原車庫"
上殿駐在所前,鹿沼市,南押原線
弥生町,関東自動車（株）,宇都宮〜陽西通り〜鶴田駅
酒野谷公民館前,鹿沼市,南摩線
ヘアアティース前,石井地域公共交通運営委員会,ぐるっと石井号
陽東中学校南,石井地域公共交通運営委員会,ぐるっと石井号
出会いの森,鹿沼市,南摩線
小金沢,鹿沼市,入粟野上五月線
6丁目中央北,きよはら地域内公共交通運営協議会,清原さきがけ号
東峰町,関東自動車（株）,"宇都宮東口〜営業C〜宇都宮東口, 宇都宮東口〜東峰町〜宇都宮東口"
東峰町,石井地域公共交通運営委員会,ぐるっと石井号
清原台6丁目,ジェイアールバス関東（株）,栃木県作新学院前〜JR宇都宮駅〜鐺山〜道場宿・清原台団地・芳賀
旭が丘団地入口,鹿沼市,南摩線
しらゆり幼児園,関東自動車（株）,"宇都宮〜運転免許C〜楡木車庫, 宇都宮〜運転免許センター, 宇都宮〜楡木車庫"
運動公園前,鹿沼市,南摩線
栃木日産前,関東自動車（株）,"宇都宮〜旭陵〜今宮〜雀宮駅, 宇都宮〜一条町〜江曽島, 宇都宮〜江曽島［深夜］, 宇都宮〜江曽島〜総合運動公園西, 宇都宮〜自衛隊〜上古山入口, 宇都宮〜石橋駅, 宇都宮〜文教〜石橋駅"
宇都宮高校,関東自動車（株）,"宇都宮〜桜通り〜西川田駅, 宇都宮〜桜通り〜鶴田駅, 宇都宮〜陽西通り〜鶴田駅, 宇都宮〜六道〜西川田東, 宇都宮〜六道〜総合運動公園西, 宇都宮〜六道〜鶴田駅"
鐺山河原,関東自動車（株）,"宇都宮〜ベルモール〜海星学院, 宇都宮駅東口〜下平出〜海星学院, 益子駅〜ベルモール〜宇都宮東武, 益子駅〜東高橋〜宇都宮東武, 海星学院〜宇・宇〜宇都宮東武, 真岡営業所〜橋場〜宇都宮東武, 真岡営業所〜石・ベ〜西原車庫, 真岡営業所〜石法寺〜西原車庫"
旭が丘団地東,鹿沼市,南摩線
平松本町,関東自動車（株）,"宇都宮東口〜営業C〜宇都宮東口, 宇都宮東口〜東峰町〜宇都宮東口"
りき斗前,石井地域公共交通運営委員会,ぐるっと石井号
6丁目中央南,きよはら地域内公共交通運営協議会,清原さきがけ号
茂呂寺前,鹿沼市,運転免許センター線
平松自転車屋前,関東自動車（株）,"宇都宮〜瑞穂野団地, 駒生〜卸会館前, 駒生〜健康の森〜瑞穂野団地, 駒生〜瑞穂野団地［駅経由］, 駒生〜東汗, 駒生〜本郷台西汗, 駒生〜緑の郷〜瑞穂野団地, 瑞穂野団地〜駒生［森経由］, 本郷台西汗〜健康の森〜駒生"
石井小学校前,石井地域公共交通運営委員会,ぐるっと石井号
祖陽が丘団地,ジェイアールバス関東（株）,栃木県作新学院前〜JR宇都宮駅〜鐺山〜道場宿・清原台団地・芳賀
東峰西,石井地域公共交通運営委員会,ぐるっと石井号
石井小学校西,石井地域公共交通運営委員会,ぐるっと石井号
旭が丘団地坂上,鹿沼市,南摩線
大門宿,鹿沼市,"口粟野線, 鹿沼南高校線, 上粕尾山の神線, 入粟野上五月線, 南押原線"
清陵高校南,ジェイアールバス関東（株）,栃木県作新学院前〜JR宇都宮駅〜鐺山〜道場宿・清原台団地・芳賀
月見ヶ丘児童公園,関東自動車（株）,"宇都宮東口〜営業C〜宇都宮東口, 宇都宮東口〜東峰町〜宇都宮東口"
トレモンテ明日館前,石井地域公共交通運営委員会,ぐるっと石井号
堀の内,鹿沼市,南摩線
上欠下,関東自動車（株）,"宇都宮〜運転免許C〜楡木車庫, 宇都宮〜運転免許センター, 宇都宮〜楡木車庫"
聖山公園入口,関東自動車（株）,"宇都宮〜運転免許C〜楡木車庫, 宇都宮〜運転免許センター, 宇都宮〜楡木車庫"
鐺山十字路,関東自動車（株）,"宇都宮〜ベルモール〜海星学院, 宇都宮駅東口〜下平出〜海星学院, 益子駅〜ベルモール〜宇都宮東武, 益子駅〜東高橋〜宇都宮東武, 海星学院〜宇・宇〜宇都宮東武, 真岡営業所〜橋場〜宇都宮東武, 真岡営業所〜石・ベ〜西原車庫, 真岡営業所〜石法寺〜西原車庫"
鐺山十字路,ジェイアールバス関東（株）,栃木県作新学院前〜JR宇都宮駅〜鐺山〜道場宿・清原台団地・芳賀
市塙駅入口,ジェイアールバス関東（株）,栃木県作新学院前〜JR宇都宮駅〜鐺山〜道場宿・清原台団地・芳賀
中央公園前,きよはら地域内公共交通運営協議会,清原さきがけ号
SUBARU前,関東自動車（株）,"宇都宮〜旭陵〜今宮〜雀宮駅, 宇都宮〜一条町〜江曽島, 宇都宮〜江曽島［深夜］, 宇都宮〜江曽島〜総合運動公園西, 宇都宮〜自衛隊〜上古山入口, 宇都宮〜石橋駅, 宇都宮〜文教〜石橋駅"
光が丘入口,ジェイアールバス関東（株）,栃木県作新学院前〜JR宇都宮駅〜鐺山〜道場宿・清原台団地・芳賀
6丁目東,きよはら地域内公共交通運営協議会,清原さきがけ号
平松宿,関東自動車（株）,"宇都宮〜瑞穂野団地, 駒生〜卸会館前, 駒生〜健康の森〜瑞穂野団地, 駒生〜瑞穂野団地［駅経由］, 駒生〜東汗, 駒生〜本郷台西汗, 駒生〜緑の郷〜瑞穂野団地, 瑞穂野団地〜駒生［森経由］, 本郷台西汗〜健康の森〜駒生"
思川団地前,鹿沼市,南摩線
追地口,鹿沼市,入粟野上五月線
ミツトヨ営業センター前,関東自動車（株）,"宇都宮東口〜営業C〜宇都宮東口, 宇都宮東口〜東峰町〜宇都宮東口"
栃木県消防整備前,石井地域公共交通運営委員会,ぐるっと石井号
栃木街道分岐点,関東自動車（株）,"宇都宮〜桜通り〜鶴田駅, 宇都宮〜陽西通り〜鶴田駅, 宇都宮〜六道〜鶴田駅"
石井団地児童公園前,石井地域公共交通運営委員会,ぐるっと石井号
鶴田駅,関東自動車（株）,"宇都宮〜桜通り〜鶴田駅, 宇都宮〜陽西通り〜鶴田駅, 宇都宮〜六道〜鶴田駅"
ひだまりの森クリニック,石井地域公共交通運営委員会,ぐるっと石井号
市塙駅,ジェイアールバス関東（株）,栃木県作新学院前〜JR宇都宮駅〜鐺山〜道場宿・清原台団地・芳賀
八幡前,鹿沼市,南摩線
下栗団地西,関東自動車（株）,"駒生〜インターパーク〜上三川, 駒生〜屋板〜上三川, 上三川〜健康の森〜駒生"
深津,関東自動車（株）,"宇都宮〜運転免許C〜楡木車庫, 宇都宮〜運転免許センター, 宇都宮〜楡木車庫"
鐺山東,関東自動車（株）,"宇都宮〜ベルモール〜海星学院, 宇都宮駅東口〜下平出〜海星学院, 益子駅〜ベルモール〜宇都宮東武, 益子駅〜東高橋〜宇都宮東武, 海星学院〜宇・宇〜宇都宮東武, 真岡営業所〜橋場〜宇都宮東武"
鐺山東,ジェイアールバス関東（株）,栃木県作新学院前〜JR宇都宮駅〜鐺山〜道場宿・清原台団地・芳賀
モビリティリゾートもてぎ,茨城交通（株）,モビリティRもてぎ〜水戸駅北口
モビリティリゾートもてぎ,ジェイアールバス関東（株）,栃木県作新学院前〜JR宇都宮駅〜鐺山〜道場宿・清原台団地・芳賀
加戸沢入口,鹿沼市,上粕尾山の神線
卸団地東,関東自動車（株）,"宇都宮東口〜営業C〜宇都宮東口, 宇都宮東口〜東峰町〜宇都宮東口"
いしだ整形外科前,石井地域公共交通運営委員会,ぐるっと石井号
深津入口,鹿沼市,運転免許センター線
三の久保,関東自動車（株）,"宇都宮東口〜営業C〜宇都宮東口, 宇都宮東口〜東峰町〜宇都宮東口"
北押原コミュニティセンター入口,鹿沼市,"鹿沼南高校線, 南押原線"
公設市場,鹿沼市,公設市場線
竹の家そば店前,石井地域公共交通運営委員会,ぐるっと石井号
平松県営住宅東,石井地域公共交通運営委員会,ぐるっと石井号
小貝口,ジェイアールバス関東（株）,栃木県作新学院前〜JR宇都宮駅〜鐺山〜道場宿・清原台団地・芳賀
平松神社前,関東自動車（株）,"宇都宮〜瑞穂野団地, 駒生〜卸会館前, 駒生〜健康の森〜瑞穂野団地, 駒生〜瑞穂野団地［駅経由］, 駒生〜東汗, 駒生〜本郷台西汗, 駒生〜緑の郷〜瑞穂野団地, 瑞穂野団地〜駒生［森経由］, 本郷台西汗〜健康の森〜駒生"
火の見下,ジェイアールバス関東（株）,栃木県作新学院前〜JR宇都宮駅〜鐺山〜道場宿・清原台団地・芳賀
生子神社入口,鹿沼市,"口粟野線, 上粕尾山の神線, 入粟野上五月線"
卸団地入口,関東自動車（株）,"宇都宮東口〜営業C〜宇都宮東口, 宇都宮東口〜東峰町〜宇都宮東口"
卸団地入口,石井地域公共交通運営委員会,ぐるっと石井号
加戸,鹿沼市,上粕尾山の神線
かましん,石井地域公共交通運営委員会,ぐるっと石井号
大塚町,関東自動車（株）,"宇都宮〜桜通り〜西川田駅, 宇都宮〜六道〜西川田東, 宇都宮〜六道〜総合運動公園西"
光ヶ丘北,きよはら地域内公共交通運営協議会,清原さきがけ号
卸団地西,関東自動車（株）,"宇都宮東口〜営業C〜宇都宮東口, 宇都宮東口〜東峰町〜宇都宮東口"
ミツトヨ東,関東自動車（株）,"宇都宮東口〜営業C〜宇都宮東口, 宇都宮東口〜東峰町〜宇都宮東口"
ミツトヨ東,石井地域公共交通運営委員会,ぐるっと石井号
砂田街道入口,関東自動車（株）,"駒生〜インターパーク〜上三川, 駒生〜屋板〜上三川, 上三川〜健康の森〜駒生"
光ヶ丘入り口,きよはら地域内公共交通運営協議会,清原さきがけ号
川田北口,関東自動車（株）,"駒生〜インターパーク〜上三川, 駒生〜屋板〜上三川, 上三川〜健康の森〜駒生"
姿川中学校入口,関東自動車（株）,"宇都宮〜桜通り〜西川田駅, 宇都宮〜六道〜西川田東, 宇都宮〜六道〜総合運動公園西"
荒宿横町,ジェイアールバス関東（株）,栃木県作新学院前〜JR宇都宮駅〜鐺山〜道場宿・清原台団地・芳賀
樅山町北,鹿沼市,"鹿沼南高校線, 南押原線"
光ヶ丘公民館前,きよはら地域内公共交通運営協議会,清原さきがけ号
光ヶ丘東,きよはら地域内公共交通運営協議会,清原さきがけ号
ミツトヨ前,関東自動車（株）,"宇都宮〜瑞穂野団地, 駒生〜卸会館前, 駒生〜健康の森〜瑞穂野団地, 駒生〜瑞穂野団地［駅経由］, 駒生〜東汗, 駒生〜本郷台西汗, 駒生〜緑の郷〜瑞穂野団地, 瑞穂野団地〜駒生［森経由］, 本郷台西汗〜健康の森〜駒生"
川田入口,関東自動車（株）,"宇都宮〜旭陵〜今宮〜雀宮駅, 宇都宮〜一条町〜江曽島, 宇都宮〜江曽島［深夜］, 宇都宮〜江曽島〜総合運動公園西, 宇都宮〜自衛隊〜上古山入口, 宇都宮〜石橋駅, 宇都宮〜文教〜石橋駅"
中粟野板名,鹿沼市,入粟野上五月線
鹿沼工業団地東口,関東自動車（株）,"宇都宮〜運転免許C〜楡木車庫, 宇都宮〜運転免許センター, 宇都宮〜楡木車庫"
鬼平,鹿沼市,上粕尾山の神線
上根新田,ジェイアールバス関東（株）,栃木県作新学院前〜JR宇都宮駅〜鐺山〜道場宿・清原台団地・芳賀
陽南中学校前,関東自動車（株）,"宇都宮〜旭陵〜今宮〜雀宮駅, 宇都宮〜一条町〜江曽島, 宇都宮〜江曽島［深夜］, 宇都宮〜江曽島〜総合運動公園西"
光ヶ丘団地入口,鹿沼市,南摩線
光ヶ丘南,きよはら地域内公共交通運営協議会,清原さきがけ号
コーポマスブチ前,石井地域公共交通運営委員会,ぐるっと石井号
市貝小学校前,ジェイアールバス関東（株）,栃木県作新学院前〜JR宇都宮駅〜鐺山〜道場宿・清原台団地・芳賀
自動車学校入口,関東自動車（株）,"宇都宮〜旭陵〜今宮〜雀宮駅, 宇都宮〜一条町〜江曽島, 宇都宮〜江曽島［深夜］, 宇都宮〜江曽島〜総合運動公園西"
繊維会館前,関東自動車（株）,駒生〜卸会館前
下茂呂たばこ屋前,鹿沼市,運転免許センター線
県立がんセンター前,関東自動車（株）,"宇都宮〜一条町〜江曽島, 宇都宮〜江曽島［深夜］, 宇都宮〜江曽島〜総合運動公園西"
鐺山南,関東自動車（株）,"真岡営業所〜石・ベ〜西原車庫, 真岡営業所〜石法寺〜西原車庫"
東川田,関東自動車（株）,"駒生〜インターパーク〜上三川, 駒生〜屋板〜上三川, 上三川〜健康の森〜駒生"
東武樅山駅,鹿沼市,"口粟野線, 上粕尾山の神線, 入粟野上五月線"
足利銀行問屋町出張所前,石井地域公共交通運営委員会,ぐるっと石井号
八千代町,関東自動車（株）,"宇都宮〜桜通り〜西川田駅, 宇都宮〜六道〜西川田東, 宇都宮〜六道〜総合運動公園西"
荒宿,ジェイアールバス関東（株）,栃木県作新学院前〜JR宇都宮駅〜鐺山〜道場宿・清原台団地・芳賀
樅山駅入口,鹿沼市,鹿沼南高校線
西中台,関東自動車（株）,"益子駅〜ベルモール〜宇都宮東武, 益子駅〜東高橋〜宇都宮東武, 真岡営業所〜橋場〜宇都宮東武"
市営球場入口,関東自動車（株）,"宇都宮〜一条町〜江曽島, 宇都宮〜江曽島［深夜］, 宇都宮〜江曽島〜総合運動公園西"
上根,ジェイアールバス関東（株）,栃木県作新学院前〜JR宇都宮駅〜鐺山〜道場宿・清原台団地・芳賀
陽南小学校前,関東自動車（株）,"宇都宮〜一条町〜江曽島, 宇都宮〜江曽島［深夜］, 宇都宮〜江曽島〜総合運動公園西"
栃農大前,関東自動車（株）,"益子駅〜ベルモール〜宇都宮東武, 益子駅〜東高橋〜宇都宮東武, 真岡営業所〜橋場〜宇都宮東武"
市貝温泉入口,ジェイアールバス関東（株）,栃木県作新学院前〜JR宇都宮駅〜鐺山〜道場宿・清原台団地・芳賀
さつき町,関東自動車（株）,"宇都宮〜運転免許C〜楡木車庫, 宇都宮〜運転免許センター, 宇都宮〜楡木車庫"
松原（宇都宮）,関東自動車（株）,"宇都宮〜ベルモール〜海星学院, 宇都宮駅東口〜下平出〜海星学院, 益子駅〜ベルモール〜宇都宮東武, 益子駅〜東高橋〜宇都宮東武, 海星学院〜宇・宇〜宇都宮東武, 真岡営業所〜橋場〜宇都宮東武"
すみや橋,鹿沼市,入粟野上五月線
樅山町南,鹿沼市,南押原線
南西原20班,石井地域公共交通運営委員会,ぐるっと石井号
上奈良部町北・上石川,鹿沼市,公設市場線
問屋町,関東自動車（株）,駒生〜卸会館前
問屋町,石井地域公共交通運営委員会,ぐるっと石井号
下栗,関東自動車（株）,"宇都宮〜瑞穂野団地, 駒生〜卸会館前, 駒生〜健康の森〜瑞穂野団地, 駒生〜瑞穂野団地［駅経由］, 駒生〜東汗, 駒生〜本郷台西汗, 駒生〜緑の郷〜瑞穂野団地, 瑞穂野団地〜駒生［森経由］, 本郷台西汗〜健康の森〜駒生"
氷室,関東自動車（株）,"益子駅〜ベルモール〜宇都宮東武, 益子駅〜東高橋〜宇都宮東武, 真岡営業所〜橋場〜宇都宮東武"
江曽島郵便局,関東自動車（株）,宇都宮〜旭陵〜今宮〜雀宮駅
卸会館前,関東自動車（株）,駒生〜卸会館前
茂木駅,ジェイアールバス関東（株）,栃木県作新学院前〜JR宇都宮駅〜鐺山〜道場宿・清原台団地・芳賀
上向橋,鹿沼市,上粕尾山の神線
江曽島駅,関東自動車（株）,"宇都宮〜一条町〜江曽島, 宇都宮〜江曽島［深夜］, 宇都宮〜江曽島〜総合運動公園西"
北犬飼コミュニティセンター前,鹿沼市,運転免許センター線
北原,関東自動車（株）,"宇都宮〜運転免許C〜楡木車庫, 宇都宮〜運転免許センター, 宇都宮〜楡木車庫"
三山沢入口,鹿沼市,南摩線
大師窪,鹿沼市,"口粟野線, 上粕尾山の神線, 入粟野上五月線"
日渡路,鹿沼市,入粟野上五月線
ヨークベニマル前,石井地域公共交通運営委員会,ぐるっと石井号
江曽島駅入口,関東自動車（株）,"宇都宮〜桜通り〜西川田駅, 宇都宮〜六道〜西川田東, 宇都宮〜六道〜総合運動公園西"
大和町,関東自動車（株）,"宇都宮〜一条町〜江曽島, 宇都宮〜江曽島［深夜］, 宇都宮〜江曽島〜総合運動公園西"
芳賀中妻,関東自動車（株）,"益子駅〜ベルモール〜宇都宮東武, 益子駅〜東高橋〜宇都宮東武, 真岡営業所〜橋場〜宇都宮東武"
天矢場,ジェイアールバス関東（株）,栃木県作新学院前〜JR宇都宮駅〜鐺山〜道場宿・清原台団地・芳賀
宮本町交番前,関東自動車（株）,"宇都宮〜一条町〜江曽島, 宇都宮〜江曽島［深夜］, 宇都宮〜江曽島〜総合運動公園西"
一里,関東自動車（株）,"宇都宮〜自衛隊〜上古山入口, 宇都宮〜石橋駅, 宇都宮〜文教〜石橋駅"
道の駅もてぎ北,ジェイアールバス関東（株）,栃木県作新学院前〜JR宇都宮駅〜鐺山〜道場宿・清原台団地・芳賀
上石川十文字,関東自動車（株）,"宇都宮〜運転免許C〜楡木車庫, 宇都宮〜運転免許センター, 宇都宮〜楡木車庫"
上石川十文字,鹿沼市,運転免許センター線
スーパーオータニ江曽島店,関東自動車（株）,宇都宮〜旭陵〜今宮〜雀宮駅
東高校前,関東自動車（株）,"宇都宮〜瑞穂野団地, 駒生〜卸会館前, 駒生〜健康の森〜瑞穂野団地, 駒生〜瑞穂野団地［駅経由］, 駒生〜東汗, 駒生〜本郷台西汗, 駒生〜緑の郷〜瑞穂野団地, 瑞穂野団地〜駒生［森経由］, 本郷台西汗〜健康の森〜駒生"
塩山町,鹿沼市,南押原線
中粕尾車庫,鹿沼市,上粕尾山の神線
宮本町,関東自動車（株）,"宇都宮〜一条町〜江曽島, 宇都宮〜江曽島［深夜］, 宇都宮〜江曽島〜総合運動公園西"
不動,鹿沼市,南摩線
河原橋,鹿沼市,入粟野上五月線
道の駅もてぎ南,ジェイアールバス関東（株）,栃木県作新学院前〜JR宇都宮駅〜鐺山〜道場宿・清原台団地・芳賀
上奈良部町南,鹿沼市,公設市場線
大城内,関東自動車（株）,"駒生〜インターパーク〜上三川, 駒生〜屋板〜上三川, 上三川〜健康の森〜駒生"
弁天下,鹿沼市,上粕尾山の神線
高田沼公園入口,関東自動車（株）,"真岡営業所〜石・ベ〜西原車庫, 真岡営業所〜石法寺〜西原車庫"
東原町,関東自動車（株）,"宇都宮〜桜通り〜西川田駅, 宇都宮〜六道〜西川田東, 宇都宮〜六道〜総合運動公園西"
海星学院,関東自動車（株）,"宇都宮〜ベルモール〜海星学院, 宇都宮駅東口〜下平出〜海星学院, 海星学院〜宇・宇〜宇都宮東武"
中台,関東自動車（株）,"益子駅〜ベルモール〜宇都宮東武, 益子駅〜東高橋〜宇都宮東武, 真岡営業所〜橋場〜宇都宮東武"
双葉町,関東自動車（株）,"宇都宮〜一条町〜江曽島, 宇都宮〜江曽島［深夜］, 宇都宮〜江曽島〜総合運動公園西"
赤羽根交差点,関東自動車（株）,"宇都宮〜運転免許C〜楡木車庫, 宇都宮〜運転免許センター"
酒野谷入口,鹿沼市,"口粟野線, 上粕尾山の神線, 入粟野上五月線"
塩山町南,鹿沼市,南押原線
赤羽根,関東自動車（株）,"宇都宮〜運転免許C〜楡木車庫, 宇都宮〜楡木車庫"
市営住宅前,鹿沼市,公設市場線
龍泉院,関東自動車（株）,宇都宮〜旭陵〜今宮〜雀宮駅
橋場,関東自動車（株）,"益子駅〜ベルモール〜宇都宮東武, 益子駅〜東高橋〜宇都宮東武, 真岡営業所〜橋場〜宇都宮東武"
浅間神社前,鹿沼市,南摩線
競馬場北口,関東自動車（株）,"宇都宮〜六道〜西川田東, 宇都宮〜六道〜総合運動公園西"
石川小学校前,鹿沼市,運転免許センター線
西水沼,関東自動車（株）,"益子駅〜ベルモール〜宇都宮東武, 益子駅〜東高橋〜宇都宮東武, 真岡営業所〜橋場〜宇都宮東武"
赤石橋,鹿沼市,"口粟野線, 上粕尾山の神線, 入粟野上五月線"
梅の木原,鹿沼市,入粟野上五月線
江曽島4丁目,関東自動車（株）,宇都宮〜旭陵〜今宮〜雀宮駅
清原南小,関東自動車（株）,"真岡営業所〜石・ベ〜西原車庫, 真岡営業所〜石法寺〜西原車庫"
緑町,関東自動車（株）,"宇都宮〜一条町〜江曽島, 宇都宮〜江曽島［深夜］, 宇都宮〜江曽島〜総合運動公園西"
奈佐原神社東,鹿沼市,南押原線
横川西小学校前,関東自動車（株）,"宇都宮〜自衛隊〜上古山入口, 宇都宮〜石橋駅, 宇都宮〜文教〜石橋駅"
西川田北部,関東自動車（株）,宇都宮〜桜通り〜西川田駅
島田入口,鹿沼市,上粕尾山の神線
南摩十文字,鹿沼市,"口粟野線, 上粕尾山の神線, 入粟野上五月線"
さる山入口,関東自動車（株）,駒生〜東汗
粕尾保育園入口,鹿沼市,上粕尾山の神線
横川中学校入口,関東自動車（株）,"宇都宮〜瑞穂野団地, 駒生〜健康の森〜瑞穂野団地, 駒生〜瑞穂野団地［駅経由］, 駒生〜本郷台西汗, 駒生〜緑の郷〜瑞穂野団地, 瑞穂野団地〜駒生［森経由］, 本郷台西汗〜健康の森〜駒生"
粟野地区公民館,鹿沼市,入粟野上五月線
芳賀南小学校前,関東自動車（株）,真岡営業所〜橋場〜宇都宮東武
下与能,関東自動車（株）,"益子駅〜ベルモール〜宇都宮東武, 益子駅〜東高橋〜宇都宮東武"
屋板運動場,関東自動車（株）,"駒生〜インターパーク〜上三川, 駒生〜屋板〜上三川, 上三川〜健康の森〜駒生"
東舟戸,関東自動車（株）,"益子駅〜ベルモール〜宇都宮東武, 益子駅〜東高橋〜宇都宮東武, 真岡営業所〜橋場〜宇都宮東武"
なんま保育園入口,鹿沼市,南摩線
上石川中,関東自動車（株）,"宇都宮〜運転免許C〜楡木車庫, 宇都宮〜運転免許センター"
下南摩,鹿沼市,"口粟野線, 上粕尾山の神線, 入粟野上五月線"
緑2丁目,関東自動車（株）,"宇都宮〜一条町〜江曽島, 宇都宮〜江曽島［深夜］, 宇都宮〜江曽島〜総合運動公園西"
釜丁,鹿沼市,上粕尾山の神線
鹿沼南高校,鹿沼市,"公設市場線, 鹿沼南高校線"
奈佐原町北,鹿沼市,南押原線
南摩中学校入口,鹿沼市,南摩線
中妻,鹿沼市,入粟野上五月線
台新田神社前,関東自動車（株）,"宇都宮〜自衛隊〜上古山入口, 宇都宮〜石橋駅, 宇都宮〜文教〜石橋駅"
JA南摩支店前,鹿沼市,"口粟野線, 上粕尾山の神線, 入粟野上五月線"
軽車検場入口,関東自動車（株）,宇都宮〜桜通り〜西川田駅
緑3丁目,関東自動車（株）,"宇都宮〜一条町〜江曽島, 宇都宮〜江曽島［深夜］, 宇都宮〜江曽島〜総合運動公園西"
東高橋,関東自動車（株）,"益子駅〜ベルモール〜宇都宮東武, 益子駅〜東高橋〜宇都宮東武"
北川医院前,鹿沼市,"口粟野線, 上粕尾山の神線, 南摩線, 入粟野上五月線"
星の宮神社前,関東自動車（株）,"駒生〜インターパーク〜上三川, 駒生〜屋板〜上三川, 上三川〜健康の森〜駒生"
今宮1丁目,関東自動車（株）,宇都宮〜旭陵〜今宮〜雀宮駅
住山,鹿沼市,運転免許センター線
一本杉,関東自動車（株）,"真岡営業所〜石・ベ〜西原車庫, 真岡営業所〜石法寺〜西原車庫"
粕尾局前,鹿沼市,上粕尾山の神線
筌場,鹿沼市,"口粟野線, 上粕尾山の神線, 入粟野上五月線"
奈佐原町南,鹿沼市,南押原線
競馬場通り,関東自動車（株）,"宇都宮〜一条町〜江曽島, 宇都宮〜江曽島［深夜］, 宇都宮〜江曽島〜総合運動公園西, 宇都宮〜六道〜西川田東, 宇都宮〜六道〜総合運動公園西"
豊年町,鹿沼市,"口粟野線, 上粕尾山の神線, 南摩線, 入粟野上五月線"
ファミリータウン入口,鹿沼市,"口粟野線, 上粕尾山の神線, 入粟野上五月線"
上桑島,関東自動車（株）,駒生〜東汗
桜塚,関東自動車（株）,"宇都宮〜運転免許C〜楡木車庫, 宇都宮〜楡木車庫"
粟野保育園前,鹿沼市,"口粟野線, 上粕尾山の神線, 入粟野上五月線"
さる山団地入口,関東自動車（株）,"宇都宮〜瑞穂野団地, 駒生〜健康の森〜瑞穂野団地, 駒生〜瑞穂野団地［駅経由］, 駒生〜本郷台西汗, 駒生〜緑の郷〜瑞穂野団地, 瑞穂野団地〜駒生［森経由］, 本郷台西汗〜健康の森〜駒生"
流通団地北,関東自動車（株）,"宇都宮〜運転免許C〜楡木車庫, 宇都宮〜運転免許センター"
落の沢,鹿沼市,"口粟野線, 上粕尾山の神線, 入粟野上五月線"
粟野横町,鹿沼市,入粟野上五月線
高橋神社前,関東自動車（株）,"益子駅〜ベルモール〜宇都宮東武, 益子駅〜東高橋〜宇都宮東武"
寿鶴薬師堂,関東自動車（株）,"宇都宮〜自衛隊〜上古山入口, 宇都宮〜石橋駅, 宇都宮〜文教〜石橋駅"
粟野小学校前,鹿沼市,"口粟野線, 上粕尾山の神線, 入粟野上五月線"
栃木県自動車会館北,関東自動車（株）,宇都宮〜旭陵〜今宮〜雀宮駅
西川田駅入口,関東自動車（株）,宇都宮〜桜通り〜西川田駅
久野中坪,鹿沼市,"口粟野線, 上粕尾山の神線, 入粟野上五月線"
旧粟野町役場,鹿沼市,口粟野線
大畑東,関東自動車（株）,"益子駅〜ベルモール〜宇都宮東武, 益子駅〜東高橋〜宇都宮東武"
奈佐原集落センター入口,鹿沼市,南押原線
上仲町,鹿沼市,"口粟野線, 上粕尾山の神線"
屋板郵便局前,関東自動車（株）,"駒生〜インターパーク〜上三川, 駒生〜屋板〜上三川, 上三川〜健康の森〜駒生"
今宮2丁目,関東自動車（株）,宇都宮〜旭陵〜今宮〜雀宮駅
久野T字路,鹿沼市,"口粟野線, 上粕尾山の神線, 入粟野上五月線"
小泉,関東自動車（株）,"真岡営業所〜石・ベ〜西原車庫, 真岡営業所〜石法寺〜西原車庫"
西川田駅,関東自動車（株）,宇都宮〜桜通り〜西川田駅
西川田駅東口,関東自動車（株）,雀宮駅〜さつき団地〜西川田駅東
粟野上町,鹿沼市,"口粟野線, 上粕尾山の神線"
柿の木坂,関東自動車（株）,駒生〜東汗
西川田東（江曽島）,関東自動車（株）,"宇都宮〜一条町〜江曽島, 宇都宮〜江曽島［深夜］, 宇都宮〜江曽島〜総合運動公園西, 宇都宮〜六道〜西川田東, 宇都宮〜六道〜総合運動公園西"
叶,鹿沼市,"口粟野線, 上粕尾山の神線"
赤羽小学校前,関東自動車（株）,"益子駅〜ベルモール〜宇都宮東武, 益子駅〜東高橋〜宇都宮東武"
みずほ幼稚園北,関東自動車（株）,"駒生〜緑の郷〜瑞穂野団地, 瑞穂野団地〜駒生［森経由］"
楡木町北,鹿沼市,南押原線
さる山団地,関東自動車（株）,"宇都宮〜瑞穂野団地, 駒生〜瑞穂野団地［駅経由］, 駒生〜本郷台西汗, 駒生〜緑の郷〜瑞穂野団地, 瑞穂野団地〜駒生［森経由］, 本郷台西汗〜健康の森〜駒生"
上野さつき屋前,関東自動車（株）,"宇都宮〜運転免許C〜楡木車庫, 宇都宮〜楡木車庫"
上高橋,関東自動車（株）,真岡営業所〜橋場〜宇都宮東武
下赤羽,関東自動車（株）,"益子駅〜ベルモール〜宇都宮東武, 益子駅〜東高橋〜宇都宮東武"
流通団地南,関東自動車（株）,"宇都宮〜運転免許C〜楡木車庫, 宇都宮〜運転免許センター"
瑞穂一丁目,関東自動車（株）,"宇都宮〜瑞穂野団地, 駒生〜健康の森〜瑞穂野団地, 駒生〜瑞穂野団地［駅経由］, 駒生〜本郷台西汗, 駒生〜緑の郷〜瑞穂野団地, 瑞穂野団地〜駒生［森経由］, 本郷台西汗〜健康の森〜駒生"
航空学校前,関東自動車（株）,"宇都宮〜自衛隊〜上古山入口, 宇都宮〜石橋駅, 宇都宮〜文教〜石橋駅"
総合運動公園西,関東自動車（株）,"宇都宮〜江曽島〜総合運動公園西, 宇都宮〜六道〜総合運動公園西"
布施谷神社前,鹿沼市,上粕尾山の神線
総合運動公園東,関東自動車（株）,宇都宮〜旭陵〜今宮〜雀宮駅
西川田五丁目,関東自動車（株）,雀宮駅〜さつき団地〜西川田駅東
下石川中野屋前,鹿沼市,運転免許センター線
西新宿,関東自動車（株）,駒生〜東汗
中央橋,関東自動車（株）,"駒生〜緑の郷〜瑞穂野団地, 瑞穂野団地〜駒生［森経由］"
口粟野車庫,鹿沼市,"口粟野線, 上粕尾山の神線"
楡木町中央,鹿沼市,南押原線
緑の郷入口,関東自動車（株）,"駒生〜緑の郷〜瑞穂野団地, 瑞穂野団地〜駒生［森経由］"
西川田南,関東自動車（株）,雀宮駅〜さつき団地〜西川田駅東
新宿,関東自動車（株）,駒生〜東汗
鹿沼ゴルフ場,関東自動車（株）,"宇都宮〜運転免許C〜楡木車庫, 宇都宮〜楡木車庫"
栃木県動物愛護センター,関東自動車（株）,宇都宮〜旭陵〜今宮〜雀宮駅
東横田入口,関東自動車（株）,"宇都宮〜自衛隊〜上古山入口, 宇都宮〜石橋駅, 宇都宮〜文教〜石橋駅"
粕尾小学校前,鹿沼市,上粕尾山の神線
運転免許センター,関東自動車（株）,"宇都宮〜運転免許C〜楡木車庫, 宇都宮〜運転免許センター, 運転免許C〜宇都宮［直通］"
運転免許センター,鹿沼市,運転免許センター線
ことぶき会館入口,関東自動車（株）,"駒生〜インターパーク〜上三川, 駒生〜屋板〜上三川, 上三川〜健康の森〜駒生"
総合運動公園南門,関東自動車（株）,宇都宮〜旭陵〜今宮〜雀宮駅
楡木神社入口,鹿沼市,南押原線
上篭谷下,関東自動車（株）,"真岡営業所〜石・ベ〜西原車庫, 真岡営業所〜石法寺〜西原車庫"
瑞穂二丁目,関東自動車（株）,"宇都宮〜瑞穂野団地, 駒生〜健康の森〜瑞穂野団地, 駒生〜瑞穂野団地［駅経由］, 駒生〜本郷台西汗, 駒生〜緑の郷〜瑞穂野団地, 瑞穂野団地〜駒生［森経由］, 本郷台西汗〜健康の森〜駒生"
大越路,鹿沼市,上粕尾山の神線
下石川,鹿沼市,運転免許センター線
兵庫塚入口,関東自動車（株）,雀宮駅〜さつき団地〜西川田駅東
松崎大正屋前,鹿沼市,上粕尾山の神線
下桑島,関東自動車（株）,駒生〜東汗
宮沢,鹿沼市,上粕尾山の神線
辻,関東自動車（株）,真岡営業所〜橋場〜宇都宮東武
楡木郵便局,鹿沼市,南押原線
楡木駅前,鹿沼市,南押原線
瑞穂三丁目,関東自動車（株）,"宇都宮〜瑞穂野団地, 駒生〜健康の森〜瑞穂野団地, 駒生〜瑞穂野団地［駅経由］, 駒生〜本郷台西汗, 駒生〜緑の郷〜瑞穂野団地, 瑞穂野団地〜駒生［森経由］, 本郷台西汗〜健康の森〜駒生"
北若松原,関東自動車（株）,宇都宮〜旭陵〜今宮〜雀宮駅
松崎火の見下,鹿沼市,上粕尾山の神線
岩鼻,鹿沼市,上粕尾山の神線
瑞穂野団地,関東自動車（株）,"宇都宮〜瑞穂野団地, 駒生〜健康の森〜瑞穂野団地, 駒生〜瑞穂野団地［駅経由］, 駒生〜本郷台西汗, 駒生〜緑の郷〜瑞穂野団地, 瑞穂野団地〜駒生［森経由］, 本郷台西汗〜健康の森〜駒生"
楡木町公民館前,鹿沼市,南押原線
瑞穂野市民センター,関東自動車（株）,"駒生〜本郷台西汗, 本郷台西汗〜健康の森〜駒生"
楡木小学校前,関東自動車（株）,"宇都宮〜運転免許C〜楡木車庫, 宇都宮〜楡木車庫"
寒沢入口,鹿沼市,上粕尾山の神線
成願寺街道入口,関東自動車（株）,"駒生〜本郷台西汗, 本郷台西汗〜健康の森〜駒生"
楡木駅入口,関東自動車（株）,"宇都宮〜運転免許C〜楡木車庫, 宇都宮〜楡木車庫"
琴平神社前,関東自動車（株）,"宇都宮〜運転免許C〜楡木車庫, 宇都宮〜楡木車庫"
楡木町西,鹿沼市,南押原線
南押原コミュニティセンター,鹿沼市,南押原線
楡木橋,関東自動車（株）,"宇都宮〜運転免許C〜楡木車庫, 宇都宮〜楡木車庫"
前畑,鹿沼市,運転免許センター線
下屋板,関東自動車（株）,"駒生〜インターパーク〜上三川, 駒生〜屋板〜上三川, 上三川〜健康の森〜駒生"
瑞穂野中学校西,関東自動車（株）,"駒生〜本郷台西汗, 本郷台西汗〜健康の森〜駒生"
西原北公民館,関東自動車（株）,宇都宮〜旭陵〜今宮〜雀宮駅
上篭谷,関東自動車（株）,"真岡営業所〜石・ベ〜西原車庫, 真岡営業所〜石法寺〜西原車庫"
楡木下町,鹿沼市,南押原線
藤江,関東自動車（株）,"宇都宮〜運転免許C〜楡木車庫, 宇都宮〜楡木車庫"
宮の内交差点,関東自動車（株）,"宇都宮〜自衛隊〜上古山入口, 宇都宮〜石橋駅, 宇都宮〜文教〜石橋駅"
楡木下町,関東自動車（株）,"宇都宮〜運転免許C〜楡木車庫, 宇都宮〜楡木車庫"
谷川,関東自動車（株）,駒生〜東汗
兵庫塚町,関東自動車（株）,雀宮駅〜さつき団地〜西川田駅東
天王寺,関東自動車（株）,真岡営業所〜橋場〜宇都宮東武
若松原通り中央,関東自動車（株）,宇都宮〜旭陵〜今宮〜雀宮駅
楡木車庫,関東自動車（株）,"宇都宮〜運転免許C〜楡木車庫, 宇都宮〜楡木車庫"
楡木車庫,鹿沼市,南押原線
兵庫塚二丁目,関東自動車（株）,雀宮駅〜さつき団地〜西川田駅東
旭ヶ丘公民館,関東自動車（株）,雀宮駅〜さつき団地〜西川田駅東
鴻の宿,関東自動車（株）,"益子駅〜ベルモール〜宇都宮東武, 益子駅〜東高橋〜宇都宮東武"
刑部橋,関東自動車（株）,"駒生〜本郷台西汗, 本郷台西汗〜健康の森〜駒生"
宮の内,関東自動車（株）,"宇都宮〜自衛隊〜上古山入口, 宇都宮〜石橋駅, 宇都宮〜文教〜石橋駅"
兵庫塚一丁目,関東自動車（株）,雀宮駅〜さつき団地〜西川田駅東
森,関東自動車（株）,駒生〜東汗
若松原2丁目,関東自動車（株）,宇都宮〜旭陵〜今宮〜雀宮駅
若松原中西,関東自動車（株）,雀宮駅〜さつき団地〜西川田駅東
西高橋,関東自動車（株）,真岡営業所〜橋場〜宇都宮東武
芳賀衛生組合前,関東自動車（株）,"益子駅〜ベルモール〜宇都宮東武, 益子駅〜東高橋〜宇都宮東武"
上御田入口,関東自動車（株）,"宇都宮〜自衛隊〜上古山入口, 宇都宮〜石橋駅, 宇都宮〜文教〜石橋駅"
畑中,関東自動車（株）,駒生〜東汗
みどり野町中,関東自動車（株）,雀宮駅〜さつき団地〜西川田駅東
北雀宮保育園入口,関東自動車（株）,宇都宮〜旭陵〜今宮〜雀宮駅
台町西,関東自動車（株）,"益子駅〜ベルモール〜宇都宮東武, 益子駅〜東高橋〜宇都宮東武"
万所成願寺,関東自動車（株）,"駒生〜本郷台西汗, 本郷台西汗〜健康の森〜駒生"
五代小西,関東自動車（株）,雀宮駅〜さつき団地〜西川田駅東
星の宮入口,関東自動車（株）,"益子駅〜ベルモール〜宇都宮東武, 益子駅〜東高橋〜宇都宮東武"
中島（宇都宮）,関東自動車（株）,"駒生〜インターパーク〜上三川, 駒生〜屋板〜上三川, 上三川〜健康の森〜駒生"
下高橋,関東自動車（株）,真岡営業所〜橋場〜宇都宮東武
七井下町,関東自動車（株）,"益子駅〜ベルモール〜宇都宮東武, 益子駅〜東高橋〜宇都宮東武"
雀宮駅入口,関東自動車（株）,"宇都宮〜旭陵〜今宮〜雀宮駅, 宇都宮〜自衛隊〜上古山入口, 宇都宮〜石橋駅, 宇都宮〜文教〜石橋駅"
前田内,関東自動車（株）,駒生〜東汗
七井台町,関東自動車（株）,"益子駅〜ベルモール〜宇都宮東武, 益子駅〜東高橋〜宇都宮東武"
みどり野町南,関東自動車（株）,雀宮駅〜さつき団地〜西川田駅東
雀宮駅,関東自動車（株）,"宇都宮〜旭陵〜今宮〜雀宮駅, 雀宮駅〜さつき団地〜西川田駅東"
石法寺,関東自動車（株）,"真岡営業所〜石・ベ〜西原車庫, 真岡営業所〜石法寺〜西原車庫"
七井駅前,関東自動車（株）,"益子駅〜ベルモール〜宇都宮東武, 益子駅〜東高橋〜宇都宮東武"
七井仲町,関東自動車（株）,"益子駅〜ベルモール〜宇都宮東武, 益子駅〜東高橋〜宇都宮東武"
雀宮中央小,関東自動車（株）,雀宮駅〜さつき団地〜西川田駅東
七井局前,関東自動車（株）,"益子駅〜ベルモール〜宇都宮東武, 益子駅〜東高橋〜宇都宮東武"
さつき一丁目北,関東自動車（株）,雀宮駅〜さつき団地〜西川田駅東
雀宮中央小学校入口,関東自動車（株）,"宇都宮〜自衛隊〜上古山入口, 宇都宮〜石橋駅, 宇都宮〜文教〜石橋駅"
インターパーク宇都宮南,関東自動車（株）,駒生〜インターパーク〜上三川
近内,関東自動車（株）,真岡営業所〜橋場〜宇都宮東武
中坪天神前,関東自動車（株）,"駒生〜本郷台西汗, 本郷台西汗〜健康の森〜駒生"
雀宮五丁目,関東自動車（株）,雀宮駅〜さつき団地〜西川田駅東
さつき3号児童公園,関東自動車（株）,雀宮駅〜さつき団地〜西川田駅東
堀の内（宇都宮）,関東自動車（株）,駒生〜東汗
東谷新田,関東自動車（株）,"駒生〜インターパーク〜上三川, 駒生〜屋板〜上三川, 上三川〜健康の森〜駒生"
田中内,関東自動車（株）,"駒生〜本郷台西汗, 本郷台西汗〜健康の森〜駒生"
大田和入口,関東自動車（株）,真岡営業所〜橋場〜宇都宮東武
風戸,関東自動車（株）,"益子駅〜ベルモール〜宇都宮東武, 益子駅〜東高橋〜宇都宮東武"
雀宮地区市民センター,関東自動車（株）,"宇都宮〜自衛隊〜上古山入口, 宇都宮〜石橋駅, 宇都宮〜文教〜石橋駅"
新富町,関東自動車（株）,雀宮駅〜さつき団地〜西川田駅東
南町児童公園,関東自動車（株）,雀宮駅〜さつき団地〜西川田駅東
雀宮中西,関東自動車（株）,雀宮駅〜さつき団地〜西川田駅東
南町北,関東自動車（株）,雀宮駅〜さつき団地〜西川田駅東
大内西小前,関東自動車（株）,"真岡営業所〜石・ベ〜西原車庫, 真岡営業所〜石法寺〜西原車庫"
平塚町,関東自動車（株）,"駒生〜本郷台西汗, 本郷台西汗〜健康の森〜駒生"
南高校前,関東自動車（株）,"駒生〜インターパーク〜上三川, 駒生〜屋板〜上三川, 上三川〜健康の森〜駒生"
南町西,関東自動車（株）,雀宮駅〜さつき団地〜西川田駅東
さつき団地局,関東自動車（株）,雀宮駅〜さつき団地〜西川田駅東
南町自治会館,関東自動車（株）,雀宮駅〜さつき団地〜西川田駅東
高島橋,関東自動車（株）,"駒生〜本郷台西汗, 本郷台西汗〜健康の森〜駒生"
日の出通り,関東自動車（株）,"宇都宮〜自衛隊〜上古山入口, 宇都宮〜石橋駅, 宇都宮〜文教〜石橋駅, 雀宮駅〜さつき団地〜西川田駅東"
本郷台東,関東自動車（株）,"駒生〜本郷台西汗, 本郷台西汗〜健康の森〜駒生"
さつき中央児童公園,関東自動車（株）,雀宮駅〜さつき団地〜西川田駅東
京塚,関東自動車（株）,"益子駅〜ベルモール〜宇都宮東武, 益子駅〜東高橋〜宇都宮東武"
南町二丁目,関東自動車（株）,雀宮駅〜さつき団地〜西川田駅東
上飯貝,関東自動車（株）,真岡営業所〜橋場〜宇都宮東武
西方ふれあいパーク,栃木市,6　金崎線
ジェイコーうつのみや病院,関東自動車（株）,"宇都宮〜自衛隊〜上古山入口, 宇都宮〜石橋駅, 宇都宮〜文教〜石橋駅, 雀宮駅〜さつき団地〜西川田駅東"
さつき三丁目,関東自動車（株）,雀宮駅〜さつき団地〜西川田駅東
ゆうがお公園,関東自動車（株）,"駒生〜本郷台西汗, 本郷台西汗〜健康の森〜駒生"
東谷,関東自動車（株）,"駒生〜インターパーク〜上三川, 駒生〜屋板〜上三川, 上三川〜健康の森〜駒生"
雀宮南小西,関東自動車（株）,雀宮駅〜さつき団地〜西川田駅東
雀宮南小学校,関東自動車（株）,雀宮駅〜さつき団地〜西川田駅東
西木の代,関東自動車（株）,駒生〜東汗
南高砂町,関東自動車（株）,雀宮駅〜さつき団地〜西川田駅東
本郷台,関東自動車（株）,"駒生〜本郷台西汗, 本郷台西汗〜健康の森〜駒生"
小倉山下,栃木市,6　金崎線
本郷台団地南,関東自動車（株）,"駒生〜本郷台西汗, 本郷台西汗〜健康の森〜駒生"
大内中学校前,関東自動車（株）,真岡営業所〜橋場〜宇都宮東武
真岡北陵高校前,関東自動車（株）,"真岡営業所〜石・ベ〜西原車庫, 真岡営業所〜石法寺〜西原車庫"
雀宮陸上自衛隊前,関東自動車（株）,"宇都宮〜自衛隊〜上古山入口, 宇都宮〜石橋駅, 宇都宮〜文教〜石橋駅"
北中,関東自動車（株）,"益子駅〜ベルモール〜宇都宮東武, 益子駅〜東高橋〜宇都宮東武"
中島（真岡）,関東自動車（株）,真岡営業所〜橋場〜宇都宮東武
本郷台西汗,関東自動車（株）,"駒生〜本郷台西汗, 本郷台西汗〜健康の森〜駒生"
真名子介護保険事業所,栃木市,5　真名子線
水木集落センター前,栃木市,5　真名子線
露梨文挟,関東自動車（株）,駒生〜東汗
下横田,関東自動車（株）,"駒生〜インターパーク〜上三川, 駒生〜屋板〜上三川, 上三川〜健康の森〜駒生"
星野遺跡前,栃木市,1　寺尾線
上鷺谷,関東自動車（株）,"真岡営業所〜石・ベ〜西原車庫, 真岡営業所〜石法寺〜西原車庫"
星野御嶽山入口,栃木市,1　寺尾線
工業団地東交差点,栃木市,6　金崎線
小沼入口,栃木市,5　真名子線
茂原観音入口,関東自動車（株）,"宇都宮〜自衛隊〜上古山入口, 宇都宮〜石橋駅, 宇都宮〜文教〜石橋駅"
北益子,関東自動車（株）,"益子駅〜ベルモール〜宇都宮東武, 益子駅〜東高橋〜宇都宮東武"
真名子夢ホール前,栃木市,5　真名子線
出流観音,栃木市,1　寺尾線
東汗,関東自動車（株）,駒生〜東汗
石田,関東自動車（株）,"駒生〜インターパーク〜上三川, 駒生〜屋板〜上三川, 上三川〜健康の森〜駒生"
獨協医大病院前,関東自動車（株）,"おもちゃのまち駅〜獨協医大病院, 石橋駅〜おもちゃ〜獨協医大病院"
出流中央,栃木市,1　寺尾線
益子町民センター前,関東自動車（株）,"益子駅〜ベルモール〜宇都宮東武, 益子駅〜東高橋〜宇都宮東武"
赤層入口,関東自動車（株）,"真岡営業所〜石・ベ〜西原車庫, 真岡営業所〜石法寺〜西原車庫"
星野新町,栃木市,1　寺尾線
獨協医大入口,関東自動車（株）,"おもちゃのまち駅〜獨協医大病院, 石橋駅〜おもちゃ〜獨協医大病院"
中宿集落センター前,栃木市,6　金崎線
堀の内（真岡）,関東自動車（株）,真岡営業所〜橋場〜宇都宮東武
出流橋,栃木市,1　寺尾線
道租土下,関東自動車（株）,"益子駅〜ベルモール〜宇都宮東武, 益子駅〜東高橋〜宇都宮東武"
益子参考館入口,関東自動車（株）,"益子駅〜ベルモール〜宇都宮東武, 益子駅〜東高橋〜宇都宮東武"
西方病院前,栃木市,"5　真名子線, 6　金崎線"
益子中学校前,関東自動車（株）,"益子駅〜ベルモール〜宇都宮東武, 益子駅〜東高橋〜宇都宮東武"
ふれあいプラザ北,栃木市,6　金崎線
向宿公民館入口,栃木市,5　真名子線
上古山入口,関東自動車（株）,"宇都宮〜自衛隊〜上古山入口, 宇都宮〜石橋駅, 宇都宮〜文教〜石橋駅"
西方総合支所入口,栃木市,"5　真名子線, 6　金崎線"
西田北,関東自動車（株）,"駒生〜インターパーク〜上三川, 駒生〜屋板〜上三川, 上三川〜健康の森〜駒生"
真名子駐在所南,栃木市,5　真名子線
栗崎,関東自動車（株）,"益子駅〜ベルモール〜宇都宮東武, 益子駅〜東高橋〜宇都宮東武"
星野高内,栃木市,1　寺尾線
西方小学校北,栃木市,6　金崎線
道の駅にしかた,栃木市,"5　真名子線, 6　金崎線"
助谷入口,関東自動車（株）,"おもちゃのまち駅〜獨協医大病院, 石橋駅〜おもちゃ〜獨協医大病院"
東武金崎駅前,栃木市,"5　真名子線, 6　金崎線"
おもちゃのまち駅,関東自動車（株）,"おもちゃのまち駅〜獨協医大病院, 石橋駅〜おもちゃ〜獨協医大病院"
道租土上,関東自動車（株）,"益子駅〜ベルモール〜宇都宮東武, 益子駅〜東高橋〜宇都宮東武"
石橋北小入口,関東自動車（株）,"宇都宮〜石橋駅, 宇都宮〜文教〜石橋駅"
あけぼの町,関東自動車（株）,石橋駅〜おもちゃ〜獨協医大病院
石田柳屋前,関東自動車（株）,"駒生〜インターパーク〜上三川, 駒生〜屋板〜上三川, 上三川〜健康の森〜駒生"
下鷺谷,関東自動車（株）,"真岡営業所〜石・ベ〜西原車庫, 真岡営業所〜石法寺〜西原車庫"
大嶋商店前,栃木市,5　真名子線
西方小学校前,栃木市,"5　真名子線, 6　金崎線"
木の宮東公民館入口,栃木市,6　金崎線
陶芸メッセ入口,関東自動車（株）,"益子駅〜ベルモール〜宇都宮東武, 益子駅〜東高橋〜宇都宮東武"
陶芸メッセ入口,茨城交通（株）,笠間益子連絡バス
おもちゃのまち交差点北,関東自動車（株）,石橋駅〜おもちゃ〜獨協医大病院
城内坂,関東自動車（株）,"益子駅〜ベルモール〜宇都宮東武, 益子駅〜東高橋〜宇都宮東武"
鹿島神社前,関東自動車（株）,"益子駅〜ベルモール〜宇都宮東武, 益子駅〜東高橋〜宇都宮東武"
内町,関東自動車（株）,"益子駅〜ベルモール〜宇都宮東武, 益子駅〜東高橋〜宇都宮東武"
田町（益子）,関東自動車（株）,"益子駅〜ベルモール〜宇都宮東武, 益子駅〜東高橋〜宇都宮東武"
益子駅前,関東自動車（株）,"益子駅〜ベルモール〜宇都宮東武, 益子駅〜東高橋〜宇都宮東武"
益子駅,茨城交通（株）,笠間益子連絡バス
益子新町,関東自動車（株）,"益子駅〜ベルモール〜宇都宮東武, 益子駅〜東高橋〜宇都宮東武"
おもちゃのまち5丁目,関東自動車（株）,石橋駅〜おもちゃ〜獨協医大病院
おもちゃのまち3丁目,関東自動車（株）,石橋駅〜おもちゃ〜獨協医大病院
睦小学校入口,関東自動車（株）,石橋駅〜おもちゃ〜獨協医大病院
幸町4丁目,関東自動車（株）,石橋駅〜おもちゃ〜獨協医大病院
幸町3丁目,関東自動車（株）,石橋駅〜おもちゃ〜獨協医大病院
熊下北,栃木市,1　寺尾線
関沢橋,関東自動車（株）,石橋駅〜おもちゃ〜獨協医大病院
松本酒店前,栃木市,5　真名子線
田島入口,関東自動車（株）,真岡営業所〜橋場〜宇都宮東武
西方中学校前,栃木市,6　金崎線
茂木さかがわ館前,茨城交通（株）,笠間益子連絡バス
鞘堂,関東自動車（株）,"宇都宮〜石橋駅, 宇都宮〜文教〜石橋駅"
寺尾橋東,栃木市,1　寺尾線
峰,栃木市,5　真名子線
金井北,栃木市,6　金崎線
南嶺入口,栃木市,5　真名子線
熊下,栃木市,1　寺尾線
大田山団地入口,関東自動車（株）,"真岡営業所〜石・ベ〜西原車庫, 真岡営業所〜石法寺〜西原車庫"
上願成寺,関東自動車（株）,"駒生〜インターパーク〜上三川, 駒生〜屋板〜上三川, 上三川〜健康の森〜駒生"
真岡営業所,関東自動車（株）,"真岡営業所〜橋場〜宇都宮東武, 真岡営業所〜石・ベ〜西原車庫, 真岡営業所〜石法寺〜西原車庫"
下古山,関東自動車（株）,石橋駅〜おもちゃ〜獨協医大病院
鍋山新田,栃木市,1　寺尾線
西方南グラウンド入口,栃木市,6　金崎線
西郷入口,関東自動車（株）,真岡営業所〜橋場〜宇都宮東武
消防署都賀分署前,栃木市,5　真名子線
本所,栃木市,5　真名子線
田源前,栃木市,1　寺尾線
上三川北小前,関東自動車（株）,"駒生〜インターパーク〜上三川, 駒生〜屋板〜上三川, 上三川〜健康の森〜駒生"
西方総合文化体育館入口,栃木市,6　金崎線
赤津郵便局前,栃木市,5　真名子線
下野警察署,関東自動車（株）,"宇都宮〜石橋駅, 宇都宮〜文教〜石橋駅"
岡田前,栃木市,1　寺尾線
若林,関東自動車（株）,石橋駅〜おもちゃ〜獨協医大病院
鍋山石川前,栃木市,1　寺尾線
西郷西,関東自動車（株）,"真岡営業所〜石・ベ〜西原車庫, 真岡営業所〜石法寺〜西原車庫"
若色,関東自動車（株）,"真岡営業所〜橋場〜宇都宮東武, 真岡営業所〜石・ベ〜西原車庫, 真岡営業所〜石法寺〜西原車庫"
太子堂公園北,真岡市,いちごバス
山際,栃木市,1　寺尾線
田政前,栃木市,1　寺尾線
新田上交差点,関東自動車（株）,石橋駅〜おもちゃ〜獨協医大病院
西方寺前,栃木市,1　寺尾線
芳賀赤十字病院,真岡市,いちごバス
オータニ西方店前,栃木市,6　金崎線
中郷,関東自動車（株）,真岡営業所〜橋場〜宇都宮東武
若林入口,関東自動車（株）,"宇都宮〜石橋駅, 宇都宮〜文教〜石橋駅"
下河原,栃木市,1　寺尾線
深沢北,栃木市,5　真名子線
西方なかよしこども園前,栃木市,6　金崎線
上蒲生,関東自動車（株）,"駒生〜インターパーク〜上三川, 駒生〜屋板〜上三川, 上三川〜健康の森〜駒生"
寺久保,関東自動車（株）,"真岡営業所〜石・ベ〜西原車庫, 真岡営業所〜石法寺〜西原車庫"
三本木,関東自動車（株）,"真岡営業所〜橋場〜宇都宮東武, 真岡営業所〜石・ベ〜西原車庫, 真岡営業所〜石法寺〜西原車庫"
文教3丁目,関東自動車（株）,石橋駅〜おもちゃ〜獨協医大病院
亀山一丁目（ツタヤ前）,真岡市,いちごバス
北真岡駅,真岡市,いちごバス
熊倉公園,真岡市,いちごバス
上新田北,栃木市,6　金崎線
日産前,関東自動車（株）,"駒生〜インターパーク〜上三川, 駒生〜屋板〜上三川, 上三川〜健康の森〜駒生"
赤津レンタカー前,栃木市,5　真名子線
宝蓮寺前,栃木市,1　寺尾線
グリムの森入口,関東自動車（株）,石橋駅〜おもちゃ〜獨協医大病院
大前神社前,関東自動車（株）,"真岡営業所〜橋場〜宇都宮東武, 真岡営業所〜石・ベ〜西原車庫, 真岡営業所〜石法寺〜西原車庫"
大前神社前,真岡市,いちごバス
駒塚,関東自動車（株）,"真岡営業所〜橋場〜宇都宮東武, 真岡営業所〜石・ベ〜西原車庫, 真岡営業所〜石法寺〜西原車庫"
保健所前,関東自動車（株）,真岡営業所〜橋場〜宇都宮東武
真岡病院前,真岡市,いちごバス
中の宿十文字,関東自動車（株）,"真岡営業所〜橋場〜宇都宮東武, 真岡営業所〜石・ベ〜西原車庫, 真岡営業所〜石法寺〜西原車庫"
真岡工業高校前,関東自動車（株）,"真岡営業所〜石・ベ〜西原車庫, 真岡営業所〜石法寺〜西原車庫"
荒町二丁目［オータニ荒町店前］,真岡市,いちごバス
荒町三丁目,真岡市,いちごバス
荒町二丁目［クスリのアオキ前］,真岡市,いちごバス
通古山,関東自動車（株）,"宇都宮〜石橋駅, 宇都宮〜文教〜石橋駅"
富張北,栃木市,5　真名子線
古山小学校,関東自動車（株）,石橋駅〜おもちゃ〜獨協医大病院
西の台公園東,真岡市,いちごバス
中の宿,関東自動車（株）,"真岡営業所〜橋場〜宇都宮東武, 真岡営業所〜石・ベ〜西原車庫, 真岡営業所〜石法寺〜西原車庫"
寺尾小学校前,栃木市,1　寺尾線
泉町,関東自動車（株）,真岡営業所〜橋場〜宇都宮東武
東郷団地入口,真岡市,いちごバス
上高間木二丁目,真岡市,いちごバス
高寺下,関東自動車（株）,"真岡営業所〜石・ベ〜西原車庫, 真岡営業所〜石法寺〜西原車庫, 石橋駅〜真岡車庫, 石橋駅〜真岡女子高校〜真岡車庫"
高寺下,真岡市,いちごバス
梅沢郵便局前,栃木市,1　寺尾線
荒田,関東自動車（株）,"駒生〜インターパーク〜上三川, 駒生〜屋板〜上三川, 上三川〜健康の森〜駒生"
文教,関東自動車（株）,宇都宮〜文教〜石橋駅
上新田交差点,栃木市,6　金崎線
真岡車庫,関東自動車（株）,"石橋駅〜真岡車庫, 石橋駅〜真岡女子高校〜真岡車庫"
癸生川酒店前,栃木市,6　金崎線
福田記念病院,真岡市,いちごバス
旧赤津支所前,栃木市,5　真名子線
たいらや真岡店東,真岡市,いちごバス
荒町二,関東自動車（株）,真岡営業所〜橋場〜宇都宮東武
木綿会館前,真岡市,いちごバス
文教通り下古山,関東自動車（株）,"宇都宮〜文教〜石橋駅, 石橋駅〜おもちゃ〜獨協医大病院"
真岡中学校前,関東自動車（株）,"石橋駅〜真岡車庫, 石橋駅〜真岡女子高校〜真岡車庫"
上三川役場入口,関東自動車（株）,"駒生〜インターパーク〜上三川, 駒生〜屋板〜上三川, 上三川〜健康の森〜駒生"
真岡東小学校前,真岡市,いちごバス
台町,関東自動車（株）,"真岡営業所〜橋場〜宇都宮東武, 真岡営業所〜石・ベ〜西原車庫, 真岡営業所〜石法寺〜西原車庫, 石橋駅〜真岡車庫, 石橋駅〜真岡女子高校〜真岡車庫"
台町,真岡市,いちごバス
荒町,関東自動車（株）,"真岡営業所〜橋場〜宇都宮東武, 真岡営業所〜石・ベ〜西原車庫, 真岡営業所〜石法寺〜西原車庫, 石橋駅〜真岡車庫, 石橋駅〜真岡女子高校〜真岡車庫"
熊倉町,関東自動車（株）,"石橋駅〜真岡車庫, 石橋駅〜真岡女子高校〜真岡車庫"
梅沢新町,栃木市,1　寺尾線
田町（真岡）,関東自動車（株）,"真岡営業所〜橋場〜宇都宮東武, 真岡営業所〜石・ベ〜西原車庫, 真岡営業所〜石法寺〜西原車庫, 石橋駅〜真岡車庫, 石橋駅〜真岡女子高校〜真岡車庫"
とりせん東光寺店,真岡市,いちごバス
真岡駅入口,関東自動車（株）,"石橋駅〜真岡車庫, 石橋駅〜真岡女子高校〜真岡車庫"
ベイシア,真岡市,いちごバス
上町（下野）,関東自動車（株）,宇都宮〜石橋駅
真岡市役所前,関東自動車（株）,"真岡営業所〜橋場〜宇都宮東武, 真岡営業所〜石・ベ〜西原車庫, 真岡営業所〜石法寺〜西原車庫, 石橋駅〜真岡車庫, 石橋駅〜真岡女子高校〜真岡車庫"
田町,真岡市,いちごバス
真岡市役所,真岡市,いちごバス
上高間木,関東自動車（株）,"石橋駅〜真岡車庫, 石橋駅〜真岡女子高校〜真岡車庫"
松しま前,栃木市,6　金崎線
石橋総合病院入口,関東自動車（株）,"宇都宮〜文教〜石橋駅, 石橋駅〜おもちゃ〜獨協医大病院"
メイコーオート前,栃木市,6　金崎線
真岡駅前,関東自動車（株）,"真岡営業所〜橋場〜宇都宮東武, 石橋駅〜真岡車庫, 石橋駅〜真岡女子高校〜真岡車庫"
渋谷整形外科,真岡市,いちごバス
真岡市民会館,真岡市,いちごバス
西高間木,関東自動車（株）,"石橋駅〜真岡車庫, 石橋駅〜真岡女子高校〜真岡車庫"
真岡駅東口,真岡市,いちごバス
白鷺神社前,関東自動車（株）,"駒生〜インターパーク〜上三川, 駒生〜屋板〜上三川, 上三川〜健康の森〜駒生"
真岡駅西口,真岡市,いちごバス
芳賀庁舎,真岡市,いちごバス
高勢町入口,関東自動車（株）,"石橋駅〜真岡車庫, 石橋駅〜真岡女子高校〜真岡車庫"
常盤橋,関東自動車（株）,真岡営業所〜橋場〜宇都宮東武
上高間木三丁目,真岡市,いちごバス
大橋交差点,栃木市,5　真名子線
真岡女子高校北,関東自動車（株）,"真岡営業所〜橋場〜宇都宮東武, 石橋駅〜真岡車庫, 石橋駅〜真岡女子高校〜真岡車庫"
石橋高校,関東自動車（株）,"宇都宮〜文教〜石橋駅, 石橋駅〜おもちゃ〜獨協医大病院"
梅沢ドライブイン前,栃木市,1　寺尾線
長田東,関東自動車（株）,"石橋駅〜真岡車庫, 石橋駅〜真岡女子高校〜真岡車庫"
真岡工業団地,関東自動車（株）,"石橋駅〜真岡車庫, 石橋駅〜真岡女子高校〜真岡車庫"
普門寺前,関東自動車（株）,"駒生〜インターパーク〜上三川, 駒生〜屋板〜上三川, 上三川〜健康の森〜駒生"
桜内交差点,栃木市,6　金崎線
グリム通り,関東自動車（株）,"宇都宮〜文教〜石橋駅, 石橋駅〜おもちゃ〜獨協医大病院"
石橋待合所,関東自動車（株）,"宇都宮〜石橋駅, 宇都宮〜文教〜石橋駅, 石橋駅〜おもちゃ〜獨協医大病院, 石橋駅〜真岡車庫, 石橋駅〜真岡女子高校〜真岡車庫"
おおはし整形外科前,真岡市,いちごバス
長田,関東自動車（株）,"石橋駅〜真岡車庫, 石橋駅〜真岡女子高校〜真岡車庫"
桜井内科前,真岡市,いちごバス
石橋駅,関東自動車（株）,"宇都宮〜石橋駅, 宇都宮〜文教〜石橋駅, 石橋駅〜おもちゃ〜獨協医大病院, 石橋駅〜真岡車庫, 石橋駅〜真岡女子高校〜真岡車庫"
辻入口,栃木市,1　寺尾線
江戸川入口,関東自動車（株）,"石橋駅〜真岡車庫, 石橋駅〜真岡女子高校〜真岡車庫"
工業団地管理協会前,真岡市,いちごバス
上郷,関東自動車（株）,"石橋駅〜真岡車庫, 石橋駅〜真岡女子高校〜真岡車庫"
橋本北,栃木市,6　金崎線
上大沼,関東自動車（株）,"石橋駅〜真岡車庫, 石橋駅〜真岡女子高校〜真岡車庫"
大久保,栃木市,1　寺尾線
大町,関東自動車（株）,"駒生〜インターパーク〜上三川, 駒生〜屋板〜上三川, 上三川〜健康の森〜駒生"
上三川病院前,関東自動車（株）,"石橋駅〜真岡車庫, 石橋駅〜真岡女子高校〜真岡車庫"
真岡女子高校,関東自動車（株）,石橋駅〜真岡女子高校〜真岡車庫
真岡女子高等学校前,真岡市,いちごバス
JAしもつけ都賀支店前,栃木市,6　金崎線
大谷本町,真岡市,いちごバス
中町,関東自動車（株）,"駒生〜インターパーク〜上三川, 駒生〜屋板〜上三川, 上三川〜健康の森〜駒生"
つがの里,栃木市,5　真名子線
下高間木一丁目,真岡市,いちごバス
峰町,関東自動車（株）,"石橋駅〜真岡車庫, 石橋駅〜真岡女子高校〜真岡車庫"
上三川車庫前,関東自動車（株）,"駒生〜インターパーク〜上三川, 駒生〜屋板〜上三川, 上三川〜健康の森〜駒生, 石橋駅〜真岡車庫, 石橋駅〜真岡女子高校〜真岡車庫"
都賀中学校北,栃木市,6　金崎線
大沼,関東自動車（株）,"石橋駅〜真岡車庫, 石橋駅〜真岡女子高校〜真岡車庫"
上三川街道入口,関東自動車（株）,"石橋駅〜真岡車庫, 石橋駅〜真岡女子高校〜真岡車庫"
木の北公民館入口,栃木市,5　真名子線
ザ・ビッグエクストラ,真岡市,いちごバス
横地畳店倉庫前,栃木市,1　寺尾線
上三川小学校前,関東自動車（株）,"石橋駅〜真岡車庫, 石橋駅〜真岡女子高校〜真岡車庫"
旭町（下野）,関東自動車（株）,"石橋駅〜真岡車庫, 石橋駅〜真岡女子高校〜真岡車庫"
粕田川岸,関東自動車（株）,"石橋駅〜真岡車庫, 石橋駅〜真岡女子高校〜真岡車庫"
高勢町二丁目,真岡市,いちごバス
真岡脳神経クリニック前,真岡市,いちごバス
旧都賀文化会館前,栃木市,6　金崎線
とりせん真岡店,真岡市,いちごバス
道城林,関東自動車（株）,"石橋駅〜真岡車庫, 石橋駅〜真岡女子高校〜真岡車庫"
宿多功,関東自動車（株）,"石橋駅〜真岡車庫, 石橋駅〜真岡女子高校〜真岡車庫"
八木岡,真岡市,いちごバス
尻内篠崎前,栃木市,1　寺尾線
高勢町三丁目,真岡市,いちごバス
尻内石井前,栃木市,1　寺尾線
家中駅前,栃木市,6　金崎線
木コミュニティセンター前,栃木市,5　真名子線
台宿,関東自動車（株）,"石橋駅〜真岡車庫, 石橋駅〜真岡女子高校〜真岡車庫"
下蒲生,関東自動車（株）,"石橋駅〜真岡車庫, 石橋駅〜真岡女子高校〜真岡車庫"
都賀総合支所前,栃木市,6　金崎線
川中子,関東自動車（株）,"石橋駅〜真岡車庫, 石橋駅〜真岡女子高校〜真岡車庫"
中新田西,栃木市,6　金崎線
下梁,関東自動車（株）,"石橋駅〜真岡車庫, 石橋駅〜真岡女子高校〜真岡車庫"
尻内入口,栃木市,1　寺尾線
船越医院前,栃木市,6　金崎線
西真岡こどもクリニック前,真岡市,いちごバス
木の東公民館前,栃木市,5　真名子線
梓,栃木市,1　寺尾線
都賀中央医院入口,栃木市,6　金崎線
コメリ都賀店前,栃木市,6　金崎線
松田町,足利市,松田線
木臼井宅前,栃木市,5　真名子線
サントリー入口,栃木市,1　寺尾線
入名草,足利市,名草線
湯ノ沢,足利市,松田線
箕輪,足利市,名草線
小俣北町,足利市,小俣線
下新田南,栃木市,6　金崎線
荒倉,足利市,小俣線
福寿園入口,栃木市,1　寺尾線
木野地,栃木市,5　真名子線
鳴石,足利市,小俣線
升塚,栃木市,6　金崎線
千塚小学校北,栃木市,1　寺尾線
松田四丁目,足利市,松田線
臥竜院,足利市,名草線
神谷,足利市,小俣線
千塚小学校入口,栃木市,1　寺尾線
ヘアーショップカルズ前,栃木市,7　大宮国府線
川東,栃木市,5　真名子線
ふるさと学習資料館前,足利市,小俣線
合戦場北,栃木市,6　金崎線
足松,足利市,名草線
大塚団地公民館東,栃木市,7　大宮国府線
松田三丁目,足利市,松田線
吹上新道,栃木市,1　寺尾線
山本自動車工場前,栃木市,7　大宮国府線
大塚団地西,栃木市,7　大宮国府線
野州大塚駅前,栃木市,7　大宮国府線
田中,足利市,名草線
不二屋前,栃木市,6　金崎線
白葉峠,足利市,小俣線
いちご園入口,栃木市,5　真名子線
旧松田小前,足利市,松田線
惣社東工業団地,栃木市,7　大宮国府線
国府郵便局前,栃木市,7　大宮国府線
レストランやまと前,栃木市,1　寺尾線
合戦場郵便局前,栃木市,6　金崎線
野州大塚駅入口,栃木市,7　大宮国府線
ヤオハン川原田店前,栃木市,5　真名子線
大橋,足利市,名草線
中手橋,足利市,松田線
野州平川駅入口,栃木市,7　大宮国府線
東武跨線橋北,栃木市,6　金崎線
中根製作所前,栃木市,7　大宮国府線
柏倉温泉太子館入口,栃木市,"8　皆川樋ノ口線, 9　小野寺線"
まえの食堂前,栃木市,5　真名子線
くぬぎ山入口,栃木市,1　寺尾線
石尊下,足利市,小俣線
大山整形外科前,栃木市,7　大宮国府線
新村ファミリークリニック前,栃木市,7　大宮国府線
壁谷鋼業前,栃木市,"8　皆川樋ノ口線, 9　小野寺線"
江保地,足利市,名草線
総合運動公園西,栃木市,1　寺尾線
とちぎメディカルセンターとちのき,栃木市,"3　市街地北部循環線, 5　真名子線, 6　金崎線, 7　大宮国府線"
大宮市営住宅西,栃木市,7　大宮国府線
西光寺前,栃木市,7　大宮国府線
自治医大病院,関東自動車（株）,自治医大駅〜自治医大病院前
総合運動公園前,栃木市,3　市街地北部循環線
天王様前,足利市,松田線
総合運動公園東,栃木市,"3　市街地北部循環線, 5　真名子線, 6　金崎線, 7　大宮国府線"
東武跨線橋南,栃木市,6　金崎線
葛生駅南バス回転場,佐野市,田沼葛生線
栃木平柳郵便局前,栃木市,7　大宮国府線
野中,栃木市,1　寺尾線
叶花,足利市,小俣線
目薬の木前,栃木市,"8　皆川樋ノ口線, 9　小野寺線"
大楽院前,栃木市,"8　皆川樋ノ口線, 9　小野寺線"
湯楽の里前,栃木市,"3　市街地北部循環線, 6　金崎線, 7　大宮国府線"
権現前,栃木市,"8　皆川樋ノ口線, 9　小野寺線"
旧松田保育所前,足利市,松田線
イオン,栃木市,"2　市街地循環線, 3　市街地北部循環線, 6　金崎線, 7　大宮国府線"
栃木警察署前,栃木市,"5　真名子線, 6　金崎線, 7　大宮国府線"
自治医大駅,関東自動車（株）,自治医大駅〜自治医大病院前
日光神社,足利市,名草線
南柏倉公民館前,栃木市,"8　皆川樋ノ口線, 9　小野寺線"
ヨークベニマル栃木平柳店,栃木市,7　大宮国府線
自治医大駅東,関東自動車（株）,自治医大駅〜自治医大病院前
イオン前,栃木市,"1　寺尾線, 5　真名子線"
皆川城内産業団地入口,栃木市,"8　皆川樋ノ口線, 9　小野寺線"
皆川城東小学校入口,栃木市,"8　皆川樋ノ口線, 9　小野寺線"
聖地公園入口,栃木市,"8　皆川樋ノ口線, 9　小野寺線"
皆川郵便局前,栃木市,"8　皆川樋ノ口線, 9　小野寺線"
本町天神,佐野市,田沼葛生線
皆川城カントリークラブ入口,栃木市,"8　皆川樋ノ口線, 9　小野寺線"
消防署前［栃木市］,栃木市,6　金崎線
松田二丁目,足利市,松田線
エクステリアガーデンタカキュー前,栃木市,7　大宮国府線
富士食品工業前,栃木市,7　大宮国府線
皆川中学校前,栃木市,"8　皆川樋ノ口線, 9　小野寺線"
屋内運動場前,栃木市,"8　皆川樋ノ口線, 9　小野寺線"
カワチインター店前,栃木市,"1　寺尾線, 2　市街地循環線, 3　市街地北部循環線, 5　真名子線"
八坂神社前,栃木市,9　小野寺線
大日,栃木市,7　大宮国府線
なかつぼクリニック前,栃木市,"1　寺尾線, 2　市街地循環線, 3　市街地北部循環線, 5　真名子線"
岩出養蜂所前,栃木市,9　小野寺線
十二社前,栃木市,3　市街地北部循環線
町谷,足利市,小俣線
栃木第三小学校入口,栃木市,"2　市街地循環線, 3　市街地北部循環線, 5　真名子線"
滝沢ハム泉川工場入口,栃木市,"8　皆川樋ノ口線, 9　小野寺線"
中町上,佐野市,田沼葛生線
東小野口町公民館前,栃木市,9　小野寺線
ヤオハンアイム東,栃木市,6　金崎線
新栃木駅東口,栃木市,7　大宮国府線
ヤオハンアイム前,栃木市,"2　市街地循環線, 3　市街地北部循環線, 5　真名子線"
ぎんなん山,栃木市,7　大宮国府線
新栃木駅,栃木市,"2　市街地循環線, 3　市街地北部循環線, 5　真名子線, 6　金崎線"
新栃木駅西,栃木市,"2　市街地循環線, 3　市街地北部循環線, 5　真名子線, 6　金崎線"
こひらメディカルクリニック前,栃木市,1　寺尾線
大宮北小学校前,栃木市,7　大宮国府線
油伝前,栃木市,2　市街地循環線
三和公民館前,足利市,松田線
栃木信用金庫東支店前,栃木市,7　大宮国府線
鶏足寺前,足利市,小俣線
国府南小学校前,栃木市,7　大宮国府線
西原住宅入口,佐野市,田沼葛生線
金蔵院,足利市,名草線
大宮公民館前,栃木市,7　大宮国府線
ナカタキ前,栃木市,"8　皆川樋ノ口線, 9　小野寺線"
野尻歯科医院前,栃木市,3　市街地北部循環線
光永寺入口,栃木市,7　大宮国府線
平六,栃木市,7　大宮国府線
東陽中南,栃木市,7　大宮国府線
コープ栃木店前,栃木市,7　大宮国府線
日ノ出町五差路北,栃木市,2　市街地循環線
労働金庫前,栃木市,"3　市街地北部循環線, 5　真名子線, 6　金崎線"
勝見沢,栃木市,9　小野寺線
入小屋入口,足利市,小俣線
名草小学校,足利市,名草線
岡田記念館前,栃木市,2　市街地循環線
幸田瓦店前,栃木市,9　小野寺線
中町中,佐野市,田沼葛生線
永島前,栃木市,"1　寺尾線, 3　市街地北部循環線"
松田一丁目自治会館前,足利市,松田線
とりせん栃木店東,栃木市,8　皆川樋ノ口線
日ノ出町五差路南,栃木市,2　市街地循環線
浅間神社前,足利市,小俣線
栃木高校入口,栃木市,"1　寺尾線, 3　市街地北部循環線"
万町交差点,栃木市,"3　市街地北部循環線, 5　真名子線, 6　金崎線"
伝建地区入口,栃木市,2　市街地循環線
下宿橋,足利市,名草線
永野川緑地公園,栃木市,9　小野寺線
泉寿園前,栃木市,7　大宮国府線
栃木工業高校前,栃木市,9　小野寺線
小俣白髭,足利市,小俣線
中妻,足利市,小俣線
小曽根住宅入口,佐野市,田沼葛生線
松田郵便局前,足利市,松田線
錦着山南,栃木市,9　小野寺線
成都酒家前,栃木市,8　皆川樋ノ口線
市民会館前［栃木市］,栃木市,"2　市街地循環線, 7　大宮国府線"
市役所前,栃木市,"1　寺尾線, 2　市街地循環線, 3　市街地北部循環線, 5　真名子線, 6　金崎線"
栄橋北,佐野市,田沼葛生線
藤沼酒店前,栃木市,2　市街地循環線
恵川いたみと漢方のクリニック前,栃木市,7　大宮国府線
保健福祉センター前,栃木市,7　大宮国府線
田舎茶屋前,栃木市,9　小野寺線
下濁沼,足利市,小俣線
中屋敷,足利市,名草線
坂西北小前,足利市,松田線
観光協会前,栃木市,"1　寺尾線, 3　市街地北部循環線, 5　真名子線, 6　金崎線"
栃木中央小学校入口,関東自動車（株）,栃木駅〜倭町〜国学院
芳賀耳鼻咽喉科医院入口,栃木市,8　皆川樋ノ口線
ヨークベニマル栃木祝町店,栃木市,"1　寺尾線, 2　市街地循環線, 5　真名子線, 6　金崎線, 7　大宮国府線, 8　皆川樋ノ口線, 9　小野寺線"
本町郵便局前,栃木市,"2　市街地循環線, 7　大宮国府線"
稲荷前,足利市,小俣線
とりせん蔵の街店,関東自動車（株）,栃木駅〜倭町〜国学院
とりせん蔵の街店前,栃木市,"1　寺尾線, 2　市街地循環線, 5　真名子線, 6　金崎線, 7　大宮国府線, 8　皆川樋ノ口線, 9　小野寺線"
エスアイアイクリスタルテクノロジー前,栃木市,4　部屋線
幸来橋,関東自動車（株）,栃木駅〜倭町〜国学院
幸来橋,栃木市,"1　寺尾線, 5　真名子線, 6　金崎線, 7　大宮国府線, 8　皆川樋ノ口線, 9　小野寺線"
小俣境町,足利市,小俣線
中ノ目,足利市,松田線
文化会館前,栃木市,"2　市街地循環線, 7　大宮国府線"
栃木南中学校入口,栃木市,"2　市街地循環線, 7　大宮国府線"
NTT北,栃木市,"2　市街地循環線, 7　大宮国府線"
多田駅前,佐野市,田沼葛生線
栃木女子高校東,栃木市,"2　市街地循環線, 4　部屋線, 6　金崎線, 7　大宮国府線"
倭町,関東自動車（株）,栃木駅〜倭町〜国学院
室町,栃木市,"1　寺尾線, 2　市街地循環線, 3　市街地北部循環線, 8　皆川樋ノ口線, 9　小野寺線"
栃木女子高校前,関東自動車（株）,栃木駅〜倭町〜国学院
栃木女子高校前,栃木市,"1　寺尾線, 4　部屋線, 5　真名子線, 9　小野寺線"
西ノ内,栃木市,9　小野寺線
小俣公民館前,足利市,小俣線
多田地蔵堂前,佐野市,田沼葛生線
室町（佐野）,関東自動車（株）,栃木駅〜倭町〜国学院
長寿園・栃木商業高校北,栃木市,"4　部屋線, 9　小野寺線"
行道山,足利市,行道線
小俣駅入口,足利市,小俣線
青木眼科医院前,栃木市,"1　寺尾線, 4　部屋線, 5　真名子線, 9　小野寺線"
法務局入口［栃木市］,栃木市,"2　市街地循環線, 4　部屋線, 6　金崎線, 7　大宮国府線"
多田町南,佐野市,田沼葛生線
栃木商業高校前,関東自動車（株）,栃木駅〜倭町〜国学院
板倉橋,足利市,松田線
栃木商業高校東,栃木市,"1　寺尾線, 5　真名子線"
田沼町北,佐野市,田沼葛生線
薬師前,足利市,行道線
駅前,小山市,おーバス羽川線
田沼行政センター,佐野市,田沼葛生線
小金井駅西口,小山市,おーバス羽川線
山越町東,佐野市,田沼葛生線
田沼総合運動場入口,佐野市,田沼葛生線
境町,関東自動車（株）,栃木駅〜倭町〜国学院
境町,栃木市,"1　寺尾線, 2　市街地循環線, 3　市街地北部循環線, 8　皆川樋ノ口線, 9　小野寺線"
高田産婦人科前,栃木市,"1　寺尾線, 5　真名子線"
岩下の新生姜ミュージアム前,栃木市,8　皆川樋ノ口線
大坂入口,足利市,名草線
栃木農業高校東,栃木市,4　部屋線
栃木年金事務所前,栃木市,8　皆川樋ノ口線
第五小学校前,関東自動車（株）,栃木駅〜倭町〜国学院
学悠館高校入口,栃木市,8　皆川樋ノ口線
桃里カントリー倶楽部入口,栃木市,9　小野寺線
ツタヤ前,栃木市,8　皆川樋ノ口線
山越神社前,佐野市,田沼葛生線
小俣中町,足利市,小俣線
江田クリニック前,栃木市,9　小野寺線
山中,栃木市,9　小野寺線
駅前郵便局前,栃木市,2　市街地循環線
栃木商工会議所前,栃木市,"1　寺尾線, 4　部屋線, 5　真名子線"
川東,小山市,おーバス羽川線
八幡沢,栃木市,9　小野寺線
栃木駅,関東自動車（株）,栃木駅〜倭町〜国学院
二杉神社前,関東自動車（株）,栃木駅〜倭町〜国学院
佐野市民病院,佐野市,田沼葛生線
三杉屋前,栃木市,9　小野寺線
栃木駅（北口）,栃木市,"1　寺尾線, 2　市街地循環線, 3　市街地北部循環線, 4　部屋線, 5　真名子線, 6　金崎線, 7　大宮国府線, 8　皆川樋ノ口線, 9　小野寺線"
ココファーム入口,足利市,行道線
小野口西集会所前,栃木市,9　小野寺線
田沼行政センター入口南,佐野市,田沼葛生線
足利銀行片柳出張所前,栃木市,4　部屋線
月谷自然教室前,足利市,行道線
サンプラザ前,栃木市,"1　寺尾線, 4　部屋線, 5　真名子線, 6　金崎線, 7　大宮国府線, 8　皆川樋ノ口線, 9　小野寺線"
栃木駅南口,栃木市,"10　大平線, 11　藤岡線, 12　岩舟線"
ヤオハン城内店前,栃木市,8　皆川樋ノ口線
出合橋,足利市,松田線
上町,佐野市,田沼葛生線
小俣下町,足利市,小俣線
家具の小松屋前,栃木市,2　市街地循環線
持舟入口,足利市,名草線
平井町,関東自動車（株）,栃木駅〜倭町〜国学院
かわしまクリニック前,栃木市,8　皆川樋ノ口線
粟谷町入口,足利市,松田線
コメリ田沼店前,佐野市,田沼葛生線
うおとみ小金井店前,小山市,おーバス羽川線
阿戸,足利市,松田線
彦谷町,足利市,松田線
ヤオハンNEW西店前,栃木市,4　部屋線
坂西中前,足利市,松田線
ヌーヴェルヴァーグ前,栃木市,4　部屋線
とちぎの郷前,栃木市,"1　寺尾線, 4　部屋線, 5　真名子線, 6　金崎線, 7　大宮国府線, 8　皆川樋ノ口線, 9　小野寺線, 12　岩舟線"
隆興寺前,足利市,行道線
仲町,佐野市,田沼葛生線
カワチ薬品田沼店前,佐野市,田沼葛生線
大沢調剤薬局駅南店前,栃木市,"2　市街地循環線, 10　大平線, 12　岩舟線"
信行寺前,関東自動車（株）,栃木駅〜倭町〜国学院
村檜神社入口,栃木市,9　小野寺線
坂西団地,足利市,松田線
さくら眼科クリニック前,栃木市,4　部屋線
県営羽川住宅前,小山市,おーバス羽川線
ベルク佐野田沼店,佐野市,田沼葛生線
角町（一瓶塚稲荷神社前）,佐野市,田沼葛生線
平井公民館前,関東自動車（株）,栃木駅〜倭町〜国学院
小俣公園入口,足利市,小俣線
中河原,足利市,行道線
栃木労働基準監督署入口,栃木市,10　大平線
登戸橋,足利市,名草線
田沼小学校前,佐野市,田沼葛生線
とちぎメディカルセンターしもつが,栃木市,"1　寺尾線, 2　市街地循環線, 4　部屋線, 5　真名子線, 6　金崎線, 7　大宮国府線, 8　皆川樋ノ口線, 9　小野寺線, 10　大平線, 12　岩舟線"
田島町,足利市,行道線
白沢電気前,栃木市,10　大平線
葉鹿小前,足利市,松田線
国学院前,関東自動車（株）,栃木駅〜倭町〜国学院
赤松台北,足利市,行道線
栃木翔南高校入口,栃木市,12　岩舟線
羽川上,小山市,おーバス羽川線
橋本医院前,栃木市,8　皆川樋ノ口線
田沼地区公民館入口,佐野市,田沼葛生線
葉鹿上町,足利市,小俣線
新松田川橋,足利市,松田線
菅田,足利市,名草線
赤見中学校入口,佐野市,"田沼葛生線, 運動公園循環線"
ローソン栃木川連店前,栃木市,"4　部屋線, 10　大平線, 12　岩舟線"
足利西プラザ,足利市,"小俣線, 松田線"
田沼下町,佐野市,田沼葛生線
葉鹿仲町,足利市,小俣線
くろき内科クリニック前,栃木市,12　岩舟線
小野寺地区公民館前,栃木市,9　小野寺線
牛久公民館入口,栃木市,10　大平線
ゆーあい工房前,栃木市,8　皆川樋ノ口線
葉鹿下町,足利市,小俣線
赤松台公園,足利市,行道線
石塚緑町団地北,佐野市,運動公園循環線
橿原神社南,小山市,おーバス羽川線
松田新道入口,足利市,小俣線
扶桑団地,小山市,おーバス羽川線
羽田,栃木市,9　小野寺線
大前三丁目,足利市,松田線
北郷小前,足利市,名草線
吉水上,佐野市,田沼葛生線
佐野松桜高校,佐野市,"田沼葛生線, 運動公園循環線"
石塚緑町団地南,佐野市,運動公園循環線
ラウンドワン前,栃木市,8　皆川樋ノ口線
樋ノ口生協団地第二公園,栃木市,8　皆川樋ノ口線
大原神社前,足利市,小俣線
扶桑町,小山市,おーバス羽川線
植原歯科医院前,栃木市,10　大平線
春日団地,足利市,松田線
川連,栃木市,"4　部屋線, 10　大平線, 12　岩舟線"
樋ノ口生協団地第一公園,栃木市,8　皆川樋ノ口線
やすらぎハウス,足利市,"行道線, 中央循環線, 名草線"
桑農協前,小山市,おーバス羽川線
大前一丁目,足利市,小俣線
北郷公民館前,足利市,名草線
大前五丁目,足利市,松田線
関東工業前,栃木市,9　小野寺線
扶桑センター,小山市,おーバス羽川線
北武井公民館前,栃木市,8　皆川樋ノ口線
吉水中,佐野市,田沼葛生線
みずほクリニック入口,栃木市,10　大平線
太平山謙信平入口,栃木市,12　岩舟線
大中寺入口,栃木市,12　岩舟線
佐野日大前（セブンイレブン佐野日大高前店）,佐野市,運動公園循環線
足利大学,足利市,小俣線
山前郵便局前,足利市,小俣線
春日団地南,足利市,松田線
土与,栃木市,12　岩舟線
江川町二丁目,足利市,行道線
カインズモール大平,栃木市,"4　部屋線, 10　大平線, 11　藤岡線, 12　岩舟線"
大沼前,小山市,おーバス羽川線
利保町一丁目,足利市,中央循環線
羽川小学校前,小山市,おーバス羽川線
江川町自治会館前,足利市,"中央循環線, 名草線"
山前小前,足利市,松田線
北武井入口,栃木市,8　皆川樋ノ口線
羽川下田西,小山市,おーバス羽川線
若原公民館入口,佐野市,運動公園循環線
小名路,栃木市,9　小野寺線
運動公園,佐野市,"田沼葛生線, 運動公園循環線"
小山西高校前,小山市,おーバス思川駅線
小山西高校前,栃木市,8　皆川樋ノ口線
羽川交差点北,小山市,おーバス羽川線
みずほの家前,栃木市,10　大平線
おおひら歴史民俗資料館前,栃木市,12　岩舟線
羽川交差点西,小山市,おーバス羽川線
思川駅,小山市,おーバス思川駅線
鹿島町,足利市,小俣線
江川町一丁目,足利市,"中央循環線, 名草線"
ぶどう団地入口,栃木市,12　岩舟線
桑市民交流センター前,小山市,おーバス羽川線
足利高校入口,足利市,行道線
新梶川橋,足利市,中央循環線
カワチ大平店前,栃木市,"10　大平線, 11　藤岡線, 12　岩舟線"
房合,小山市,おーバス思川駅線
吉水歩道橋,佐野市,田沼葛生線
スーパーヤマグチ前,佐野市,運動公園循環線
山下四丁目,足利市,松田線
下皆川東,栃木市,4　部屋線
大平横堀郵便局前,栃木市,10　大平線
豊田公民館,小山市,おーバス思川駅線
大坂屋運送前,栃木市,12　岩舟線
石塚大橋西,佐野市,"田沼葛生線, 運動公園循環線"
西中前,足利市,松田線
桑中学校北,小山市,おーバス羽川線
船田医院前,小山市,おーバス思川駅線
新山西団地前,足利市,"中央循環線, 名草線"
二中前,足利市,行道線
ヨークベニマル大平町店,栃木市,"4　部屋線, 10　大平線, 11　藤岡線"
卒島郵便局,小山市,おーバス思川駅線
吉水駅入口西,佐野市,田沼葛生線
山前駅前,足利市,小俣線
かかしの里東,栃木市,12　岩舟線
大月町,足利市,中央循環線
石塚町南,佐野市,"田沼葛生線, 運動公園循環線"
三立工業前,栃木市,4　部屋線
西中入口,足利市,小俣線
大平図書館前,栃木市,4　部屋線
五十部町内中,足利市,松田線
桑中学校入口,小山市,おーバス羽川線
豊田南小学校前,小山市,おーバス思川駅線
三谷公民館前,栃木市,9　小野寺線
おおひらふじ幼稚園前,栃木市,4　部屋線
武道館前,足利市,"中央循環線, 名草線"
JR大平下駅,栃木市,"4　部屋線, 10　大平線, 11　藤岡線"
市民体育館前,足利市,"中央循環線, 名草線"
電話交換センター,小山市,おーバス思川駅線
内仲新道,足利市,小俣線
どまんなかたぬま,佐野市,田沼葛生線
消防本部西,足利市,中央循環線
三重郵便局前,足利市,松田線
大正町,足利市,中央循環線
女子校前,足利市,"行道線, 中央循環線, 名草線"
上高島公民館前,栃木市,10　大平線
とちのみ学園前,佐野市,"田沼葛生線, 運動公園循環線"
足利赤十字病院入口,足利市,小俣線
今福三丁目,足利市,"小俣線, 松田線, 御厨線, 名草線"
喜沢分岐点北,小山市,おーバス羽川線
今福町,足利市,"小俣線, 松田線, 御厨線, 名草線"
蔵王様前,足利市,"行道線, 名草線"
大平郵便局前,栃木市,"4　部屋線, 10　大平線, 11　藤岡線"
足利赤十字病院,足利市,"小俣線, 松田線, 山辺線, 御厨線, 名草線"
人丸神社西,佐野市,"田沼葛生線, 運動公園循環線"
市役所前,足利市,"小俣線, 松田線, 山辺線, 御厨線"
通七丁目,足利市,"小俣線, 松田線, 御厨線, 名草線"
旭町,足利市,"山辺線, 御厨線, 中央循環線"
さくらのクリニック北,小山市,おーバス思川駅線
大平運動公園入口,栃木市,12　岩舟線
遊楽々館,栃木市,"9　小野寺線, 12　岩舟線"
東武新大平下駅・プラッツおおひら,栃木市,"4　部屋線, 10　大平線, 11　藤岡線"
通六丁目,足利市,"小俣線, 松田線, 御厨線, 名草線"
栃木信用金庫大平町支店前,栃木市,"4　部屋線, 10　大平線, 11　藤岡線"
田中正造生家東,佐野市,"田沼葛生線, 運動公園循環線"
藤沼医院前,栃木市,"4　部屋線, 10　大平線, 11　藤岡線"
小野寺小学校前,栃木市,9　小野寺線
通五丁目,足利市,"小俣線, 松田線, 御厨線, 名草線"
大日西門,足利市,"小俣線, 松田線"
カシマヤ前,栃木市,10　大平線
通四丁目,足利市,"小俣線, 松田線, 名草線"
真弓集会所前,栃木市,10　大平線
医療福祉モール,栃木市,"4　部屋線, 10　大平線"
静林幼稚園,小山市,おーバス羽川線
足利病院,足利市,富田線
ゆうゆうプラザ,栃木市,"4　部屋線, 10　大平線, 12　岩舟線"
やすらぎの湯,佐野市,"田沼葛生線, 運動公園循環線"
通三丁目,足利市,"小俣線, 松田線, 名草線"
JAしもつけ大平支店前,栃木市,"4　部屋線, 10　大平線"
白岩,栃木市,12　岩舟線
小山温泉思川,小山市,おーバスハーヴェストウォーク線
アシコタウンあしかが,足利市,"富田線, 中央循環線"
南小見集会所入口,佐野市,田沼葛生線
足利学校東,足利市,"行道線, 御厨線, 中央循環線, 名草線"
富田,栃木市,11　藤岡線
かわたクリニック前,栃木市,"4　部屋線, 10　大平線, 12　岩舟線"
豊田分署前,小山市,おーバス思川駅線
美術館前,足利市,"小俣線, 松田線, 行道線, 富田線, 御厨線, 名草線"
ハーヴェストウォーク,小山市,おーバスハーヴェストウォーク線
通二丁目,足利市,"行道線, 富田線, 御厨線, 名草線"
通一丁目,足利市,"行道線, 富田線, 御厨線, 名草線"
松永医院前,栃木市,9　小野寺線
大出自動車前,栃木市,11　藤岡線
上立木,小山市,おーバス思川駅線
喜沢南,小山市,おーバス羽川線
小野寺ふれあい館前,栃木市,9　小野寺線
JR足利駅,足利市,"行道線, 富田線, 山辺線, 御厨線, 中央循環線, 名草線"
東橋,足利市,"富田線, 中央循環線"
富田南,栃木市,11　藤岡線
菊川町北,佐野市,田沼葛生線
助戸三丁目,足利市,"富田線, 中央循環線"
西野田,栃木市,"4　部屋線, 10　大平線, 12　岩舟線"
借宿町,足利市,山辺線
助戸仲町,足利市,富田線
浅間下,足利市,山辺線
ローソン大平バイパス店前,栃木市,11　藤岡線
小平産業前,小山市,おーバス羽川線
助戸一丁目,足利市,富田線
朱雀大橋西（スーパーアイザワ前）,佐野市,田沼葛生線
鷲巣,栃木市,12　岩舟線
満願寺入口,小山市,おーバス思川駅線
古橋交差点北,栃木市,11　藤岡線
東光高岳北,小山市,おーバス高岳線
龍泉寺前,足利市,富田線
真弓南部公民館前,栃木市,10　大平線
東武足利市駅,足利市,"小俣線, 松田線, 行道線, 富田線, 山辺線, 御厨線, 名草線"
大沼田集会所,足利市,富田線
ヤオハンNEW大平店,栃木市,"4　部屋線, 10　大平線, 12　岩舟線"
朱雀大橋東（業務スーパー佐野店前）,佐野市,田沼葛生線
警察署北,足利市,中央循環線
ベイシア,小山市,おーバス思川駅線
大月入口,足利市,"富田線, 中央循環線"
小林縫製前,栃木市,"9　小野寺線, 12　岩舟線"
安純の里,栃木市,9　小野寺線
八幡郵便局,足利市,山辺線
小山高校前,小山市,おーバスハーヴェストウォーク線
熊倉医院前,栃木市,9　小野寺線
朱雀町（セブンイレブン佐野朱雀店前）,佐野市,田沼葛生線
堀米地蔵堂,佐野市,"田沼葛生線, 運動公園循環線"
岩舟駅,栃木市,"9　小野寺線, 11　藤岡線, 12　岩舟線"
白髭神社前,足利市,"富田線, 中央循環線"
若木小前,小山市,おーバスハーヴェストウォーク線
東光高岳南,小山市,おーバス高岳線
菊川町,佐野市,"田沼葛生線, 運動公園循環線"
野州山辺駅入口,足利市,山辺線
丸山公民館入口,小山市,おーバス高岳線
つくし保育園入口,小山市,おーバス羽川線
渡辺金属,小山市,おーバス高岳線
朝田屋食堂前,栃木市,11　藤岡線
上宮先,足利市,富田線
城北5丁目,小山市,おーバス高岳線
堀米橋西（とりせん佐野西店前）,佐野市,"田沼葛生線, 運動公園循環線"
中川町,足利市,山辺線
関川町西,佐野市,犬伏線
犬伏薬師堂西,佐野市,犬伏線
下立木,小山市,おーバス思川駅線
城北小北,小山市,おーバス高岳線
犬伏新町,佐野市,犬伏線
米山市営住宅,佐野市,犬伏線
唐木田精肉店前,栃木市,9　小野寺線
犬伏下町,佐野市,犬伏線
城北4丁目,小山市,おーバス高岳線
毛野団地東,足利市,富田線
犬伏小学校前,佐野市,犬伏線
八幡十字路,足利市,山辺線
犬伏駐在所南,佐野市,犬伏線
犬伏中町金居宿,佐野市,犬伏線
花垣町公民館前,小山市,おーバス羽川線
今井病院前,足利市,"小俣線, 松田線, 行道線, 富田線, 山辺線, 御厨線, 名草線"
勧農郵便局前,足利市,中央循環線
下宮先,足利市,富田線
JA佐野　佐野中央支店前,佐野市,田沼葛生線
コメリ大平店前,栃木市,"4　部屋線, 10　大平線, 12　岩舟線"
犬伏中町西,佐野市,犬伏線
東ニュータウン北入口,小山市,"おーバス高岳線, おーバス城東中久喜線"
山川町,足利市,中央循環線
厚生病院,佐野市,"田沼葛生線, 運動公園循環線"
毛野新町中央児童公園,足利市,富田線
中久喜5丁目,小山市,おーバス城東中久喜線
犬伏上町公民館前,佐野市,犬伏線
城北1丁目歩道橋,小山市,おーバス高岳線
立木,小山市,おーバス思川駅線
若木町一丁目,小山市,おーバスハーヴェストウォーク線
つむぎの郷,小山市,おーバス高岳線
白木屋商店前,栃木市,10　大平線
堀米町安良町下,佐野市,犬伏線
佐野信金堀米支店前,佐野市,犬伏線
堀米町安良町上,佐野市,犬伏線
朝日森天満宮北,佐野市,"田沼葛生線, 運動公園循環線"
西山公園北,小山市,おーバス城東中久喜線
米山南町,佐野市,犬伏線
米山南町公民館前,佐野市,犬伏線
イオンモール小山前,小山市,"おーバス高岳線, おーバス城東中久喜線"
円仁誕生地入口,栃木市,12　岩舟線
つみだ公園入口,佐野市,犬伏線
西山公園,小山市,おーバス高岳線
小山花垣郵便局前,小山市,おーバス羽川線
毛野郵便局前,足利市,富田線
和泉天満宮前,栃木市,11　藤岡線
フレッシュ北,小山市,おーバス高岳線
犬伏陸橋北（セブンイレブン佐野米山南町店前）,佐野市,犬伏線
堀米市営住宅南,佐野市,犬伏線
下津原公民館入口,栃木市,9　小野寺線
小松原医院前,栃木市,"9　小野寺線, 11　藤岡線, 12　岩舟線"
天神町東,佐野市,"田沼葛生線, 運動公園循環線"
南大町郵便局前,足利市,山辺線
荒町公民館前,栃木市,10　大平線
小山高専入口,小山市,おーバス高岳線
アピタ前,足利市,"小俣線, 松田線, 行道線, 富田線, 山辺線, 御厨線, 名草線"
観晃橋西,小山市,おーバス思川駅線
大川島,小山市,おーバス道の駅線
堀米町横手,佐野市,犬伏線
毛野公民館前,足利市,富田線
本郷町二丁目,小山市,おーバスハーヴェストウォーク線
イオンモール小山南,小山市,おーバス城東中久喜線
中久喜2丁目,小山市,おーバス城東中久喜線
駅東通り3丁目,小山市,おーバス高岳線
毛野中入口,足利市,富田線
本郷町公民館入口,小山市,おーバス羽川線
アピタ,足利市,"小俣線, 松田線, 行道線, 富田線, 山辺線, 御厨線, 名草線"
岩舟静和郵便局北,栃木市,11　藤岡線
フジマート岩舟店前,栃木市,"11　藤岡線, 12　岩舟線"
コメリ岩舟店前,栃木市,"11　藤岡線, 12　岩舟線"
生駒,小山市,おーバス道の駅線
高専正門,小山市,おーバス城東中久喜線
JAしもつけ岩舟センター前,栃木市,9　小野寺線
橋本腎内科クリニック前,栃木市,"11　藤岡線, 12　岩舟線"
南小林,小山市,おーバス道の駅線
八椚町,足利市,富田線
長谷川医院前,栃木市,"11　藤岡線, 12　岩舟線"
佐野高等学校前,佐野市,"田沼葛生線, 運動公園循環線"
白鴎大学入口,小山市,おーバス道の駅線
岩舟静和郵便局前,栃木市,"11　藤岡線, 12　岩舟線"
久保町北,佐野市,犬伏線
ヤオハン岩舟店前,栃木市,9　小野寺線
とりせん大平店,栃木市,"4　部屋線, 10　大平線, 12　岩舟線"
東ニュータウン,小山市,おーバス城東中久喜線
結城街道入口,小山市,おーバス羽川線
岩舟総合支所前,栃木市,"9　小野寺線, 11　藤岡線, 12　岩舟線"
いちごの里,小山市,おーバス道の駅線
東幸楽荘,足利市,富田線
岩舟公民館,栃木市,12　岩舟線
大平南地区公民館前,栃木市,10　大平線
富士通東門,小山市,おーバス城東中久喜線
城山公園入口,小山市,おーバスハーヴェストウォーク線
南大町,足利市,山辺線
東足利,足利市,富田線
朝日町,佐野市,"田沼葛生線, 運動公園循環線"
駅東通り郵便局,小山市,おーバス高岳線
岩舟郵便局前,栃木市,9　小野寺線
静和小学校入口,栃木市,11　藤岡線
静和駅入口,栃木市,"11　藤岡線, 12　岩舟線"
UACJ小山入口,小山市,おーバス城東中久喜線
滝の宮団地,足利市,山辺線
伊勢山町公民館前,佐野市,犬伏線
久保町,佐野市,犬伏線
城山公園南,小山市,"おーバス思川駅線, おーバス道の駅線"
大久保川崎入口,足利市,富田線
佐野駅,佐野市,"田沼葛生線, 植下高萩線, 運動公園循環線, 犬伏線"
佐野駅,関東自動車（株）,"佐野BT循環［右回り］, 佐野BT循環［左回り］, 佐野駅〜佐野BT"
小山自教前,小山市,おーバス道の駅線
小三郎前,栃木市,12　岩舟線
伊賀町,佐野市,"田沼葛生線, 運動公園循環線"
大久保町,足利市,富田線
みなみ保育所入口,足利市,山辺線
富田郵便局前,足利市,富田線
東大久保,足利市,富田線
かがやき東,栃木市,12　岩舟線
静和医院前,栃木市,"11　藤岡線, 12　岩舟線"
ヨークタウン,足利市,"山辺線, 御厨線"
迫間町,足利市,富田線
富田駅,足利市,富田線
大平南小入口,栃木市,4　部屋線
岩船園前,栃木市,12　岩舟線
城山町三丁目,小山市,おーバス羽川線
堀込一丁目,足利市,山辺線
城東5丁目,小山市,おーバス城東中久喜線
戸野塚医院前,小山市,おーバス道の駅線
中公民館前,小山市,おーバス道の駅線
泉崎,小山市,おーバス城東中久喜線
多田木町,足利市,富田線
市役所前,佐野市,"植下高萩線, 犬伏線"
小山中央医院前,小山市,"おーバス思川駅線, おーバス道の駅線, おーバスハーヴェストウォーク線"
久保町南,佐野市,犬伏線
岩舟小学校前,栃木市,"11　藤岡線, 12　岩舟線"
駅東通り2丁目,小山市,"おーバス高岳線, おーバス城東中久喜線"
駅前上町,小山市,おーバスハーヴェストウォーク線
大町,関東自動車（株）,"佐野BT循環［右回り］, 佐野BT循環［左回り］"
寺岡町,足利市,富田線
下石塚,小山市,おーバス道の駅線
泉崎東,小山市,おーバス城東中久喜線
高砂町（足利銀行佐野支店前）,佐野市,犬伏線
大谷分署前,小山市,おーバス城東中久喜線
相生町,佐野市,犬伏線
小山駅西口,小山市,"おーバス羽川線, おーバス間々田線, おーバス思川駅線, おーバス道の駅線, おーバス新市民病院線, おーバス渡良瀬ライン, おーバスハーヴェストウォーク線"
相生町,関東自動車（株）,"佐野BT循環［右回り］, 佐野BT循環［左回り］, 佐野駅〜佐野BT"
城東5丁目交差点北,小山市,おーバス城東中久喜線
浅沼町,関東自動車（株）,"佐野BT循環［右回り］, 佐野BT循環［左回り］, 佐野駅〜佐野BT"
ジョイホン前,小山市,"おーバス高岳線, おーバス城東中久喜線"
林中原,栃木市,12　岩舟線
下国府塚,小山市,おーバス道の駅線
後橋,足利市,山辺線
中央町,小山市,"おーバス間々田線, おーバス新市民病院線, おーバス渡良瀬ライン"
大行寺,小山市,おーバス道の駅線
小山駅東口,小山市,"おーバス高岳線, おーバス城東中久喜線, おーバス土塔平成通り線, おーバス大谷中央線"
小山駅東口,関東自動車（株）,"小山駅東循環, 小山駅東循環［新市民病院線］, 小山駅東循環［保育園経由］"
土塔通り,小山市,おーバス城東中久喜線
県南市場前,小山市,おーバス道の駅線
JA穂積支店前,小山市,おーバス道の駅線
佐野厄除け大師,関東自動車（株）,"佐野BT循環［右回り］, 佐野BT循環［左回り］"
いすゞ北口,栃木市,4　部屋線
金屋仲町,佐野市,植下高萩線
昭和電工前,小山市,おーバス城東中久喜線
羽抜本郷,栃木市,12　岩舟線
須賀神社参道入口,小山市,"おーバス間々田線, おーバス新市民病院線, おーバス渡良瀬ライン"
卸売市場,足利市,御厨線
カワチ薬局前,小山市,おーバス城東中久喜線
岡崎山,足利市,富田線
東京電力前,小山市,"おーバス土塔平成通り線, おーバス大谷中央線"
あぶづか公園北,佐野市,犬伏線
とちぎ花センター前,栃木市,12　岩舟線
商工会議所前,小山市,"おーバス土塔平成通り線, おーバス大谷中央線"
犬塚交差点西,小山市,おーバス城東中久喜線
城東公園入口,小山市,"おーバス土塔平成通り線, おーバス大谷中央線"
すみれ保育園前,栃木市,11　藤岡線
駅東通り1丁目,関東自動車（株）,"小山駅東循環, 小山駅東循環［新市民病院線］, 小山駅東循環［保育園経由］"
道の駅,小山市,おーバス道の駅線
ヤオハン南,小山市,"おーバス土塔平成通り線, おーバス大谷中央線"
宮本町,小山市,"おーバス間々田線, おーバス新市民病院線, おーバス渡良瀬ライン"
八州苑前,栃木市,12　岩舟線
佐野市文化会館前,関東自動車（株）,"佐野BT循環［右回り］, 佐野BT循環［左回り］, 佐野駅〜佐野BT"
矢場川公民館,足利市,山辺線
堀込十字路,足利市,山辺線
静戸,栃木市,12　岩舟線
八坂神社入口,足利市,御厨線
工業団地南,関東自動車（株）,"佐野BT循環［右回り］, 佐野BT循環［左回り］, 佐野駅〜佐野BT"
雨ヶ谷踏切北,小山市,"おーバス土塔平成通り線, おーバス大谷中央線"
天神町,小山市,"おーバス間々田線, おーバス新市民病院線, おーバス渡良瀬ライン"
福富町一丁目,足利市,御厨線
植野町,佐野市,植下高萩線
鐙塚町北,佐野市,犬伏線
御門神社北,栃木市,11　藤岡線
梁田公民館,足利市,御厨線
八木宿,足利市,御厨線
堀里ニュータウン南,足利市,山辺線
曲ケ島入口,栃木市,11　藤岡線
福居駅入口,足利市,御厨線
植野町南,佐野市,植下高萩線
鐙塚町南,佐野市,犬伏線
佐野警察署南,関東自動車（株）,"佐野BT循環［右回り］, 佐野BT循環［左回り］"
祝町公園前,関東自動車（株）,"小山駅東循環, 小山駅東循環［新市民病院線］, 小山駅東循環［保育園経由］"
駅南町3丁目,関東自動車（株）,小山駅東循環
第二中学校入口,小山市,"おーバス間々田線, おーバス新市民病院線, おーバス渡良瀬ライン"
新宿十字路,足利市,山辺線
佐野医師会病院,関東自動車（株）,"佐野BT循環［右回り］, 佐野BT循環［左回り］"
三峯2丁目,関東自動車（株）,"小山駅東循環, 小山駅東循環［保育園経由］"
祝町公園南,関東自動車（株）,"小山駅東循環, 小山駅東循環［新市民病院線］, 小山駅東循環［保育園経由］"
いすゞライネックス前,栃木市,4　部屋線
旭小学校前,関東自動車（株）,小山駅東循環
駅南町1丁目,関東自動車（株）,"小山駅東循環, 小山駅東循環［保育園経由］"
南分署,足利市,御厨線
あさひ保育園西,関東自動車（株）,"小山駅東循環［新市民病院線］, 小山駅東循環［保育園経由］"
土塔二公民館西,小山市,"おーバス土塔平成通り線, おーバス大谷中央線"
梁田町自治会館,足利市,御厨線
神明地,足利市,御厨線
太田公民館前,栃木市,12　岩舟線
植上町公民館前,佐野市,植下高萩線
佐野短大,関東自動車（株）,"佐野BT循環［右回り］, 佐野BT循環［左回り］, 佐野駅〜佐野BT"
神山1丁目,関東自動車（株）,"小山駅東循環, 小山駅東循環［保育園経由］"
あさひ公園南,関東自動車（株）,小山駅東循環
土塔二グラウンド北,小山市,おーバス土塔平成通り線
駅南町4丁目,関東自動車（株）,小山駅東循環［新市民病院線］
吉浜歯科前,小山市,おーバス土塔平成通り線
梁田町,足利市,御厨線
植上町南,佐野市,植下高萩線
たいらや前,小山市,おーバス土塔平成通り線
柴内公園東,小山市,"おーバス間々田線, おーバス新市民病院線, おーバス渡良瀬ライン"
上渋垂町,足利市,御厨線
駅南町2丁目,関東自動車（株）,"小山駅東循環［新市民病院線］, 小山駅東循環［保育園経由］"
犬塚8丁目,小山市,おーバス土塔平成通り線
森子塚公園南,関東自動車（株）,小山駅東循環
外城工業団地,小山市,おーバス間々田線
中央福祉医療専門学校,小山市,おーバス大谷中央線
温水プール館前,小山市,おーバス間々田線
佐藤商事前,栃木市,4　部屋線
御厨公民館入口,足利市,御厨線
上加子,足利市,御厨線
高萩町,佐野市,植下高萩線
高萩町東,佐野市,植下高萩線
高萩町西,佐野市,植下高萩線
かみもとスポーツクリニック前,佐野市,植下高萩線
イオンモール佐野新都市,栃木市,12　岩舟線
植野小学校入口,佐野市,植下高萩線
稲荷公園北,関東自動車（株）,"小山駅東循環, 小山駅東循環［新市民病院線］, 小山駅東循環［保育園経由］"
植下町東,佐野市,植下高萩線
小山第三小学校北,小山市,おーバス間々田線
青蓮寺公園前,関東自動車（株）,"小山駅東循環, 小山駅東循環［新市民病院線］, 小山駅東循環［保育園経由］"
植下町,佐野市,植下高萩線
野田茂木,足利市,御厨線
イオンモール佐野新都市,関東自動車（株）,"佐野BT循環［右回り］, 佐野BT循環［左回り］, 佐野駅〜佐野BT"
イオンモール佐野新都市,佐野市,"植下高萩線, 犬伏線"
神鳥谷二丁目（おくりや前）,小山市,"おーバス間々田線, おーバス新市民病院線, おーバス渡良瀬ライン"
南中学校前,佐野市,植下高萩線
西城南3丁目,関東自動車（株）,"小山駅東循環, 小山駅東循環［新市民病院線］, 小山駅東循環［保育園経由］"
神鳥谷五丁目,小山市,おーバス間々田線
西城南1丁目,関東自動車（株）,"小山駅東循環, 小山駅東循環［新市民病院線］, 小山駅東循環［保育園経由］"
東京オート前,関東自動車（株）,"小山駅東循環, 小山駅東循環［新市民病院線］, 小山駅東循環［保育園経由］"
スズヤス前,小山市,おーバス土塔平成通り線
上岡モーターサイクル前,栃木市,12　岩舟線
道の駅みかも,栃木市,12　岩舟線
雨ヶ谷新田北,小山市,おーバス大谷中央線
富士見台団地入口,小山市,おーバス間々田線
ふれあい健康センター,小山市,おーバス間々田線
五十嵐自動車前,栃木市,4　部屋線
小山工業団地北,小山市,おーバス土塔平成通り線
小山クリニック入口,小山市,おーバス間々田線
下加子,足利市,御厨線
城南中東,関東自動車（株）,"小山駅東循環, 小山駅東循環［新市民病院線］, 小山駅東循環［保育園経由］"
佐野新都市バスターミナル,関東自動車（株）,"佐野BT循環［右回り］, 佐野BT循環［左回り］, 佐野駅〜佐野BT"
佐野新都市バスターミナル,栃木市,12　岩舟線
佐野新都市バスターミナル,佐野市,"植下高萩線, 犬伏線"
馬場倉庫前,足利市,御厨線
宮脇書店前,関東自動車（株）,"小山駅東循環, 小山駅東循環［新市民病院線］, 小山駅東循環［保育園経由］"
神鳥谷六丁目（老人ホームゆう愛）,小山市,"おーバス新市民病院線, おーバス渡良瀬ライン"
城南小前,関東自動車（株）,"小山駅東循環, 小山駅東循環［新市民病院線］, 小山駅東循環［保育園経由］"
小山第三小学校南,小山市,おーバス間々田線
野田中集会所,足利市,御厨線
城南公園入口,関東自動車（株）,"小山駅東循環, 小山駅東循環［新市民病院線］, 小山駅東循環［保育園経由］"
星野胃腸科外科医院前,小山市,おーバス間々田線
あけぼの公園前,小山市,おーバス土塔平成通り線
雨ヶ谷新田,小山市,おーバス大谷中央線
農村婦人の家前,栃木市,4　部屋線
自由が丘公園西,関東自動車（株）,"小山駅東循環, 小山駅東循環［新市民病院線］, 小山駅東循環［保育園経由］"
大田和南,栃木市,12　岩舟線
協和中入口,足利市,御厨線
城南小南,関東自動車（株）,"小山駅東循環, 小山駅東循環［新市民病院線］, 小山駅東循環［保育園経由］"
佐野プレミアム・アウトレット,栃木市,12　岩舟線
佐野プレミアム・アウトレット,佐野市,"植下高萩線, 犬伏線"
佐野アウトレット,関東自動車（株）,"佐野BT循環［右回り］, 佐野BT循環［左回り］, 佐野駅〜佐野BT"
城南高校前,関東自動車（株）,"小山駅東循環, 小山駅東循環［新市民病院線］, 小山駅東循環［保育園経由］"
城南高校西,関東自動車（株）,"小山駅東循環, 小山駅東循環［新市民病院線］, 小山駅東循環［保育園経由］"
コマツ前,小山市,おーバス土塔平成通り線
城南高校南,関東自動車（株）,"小山駅東循環, 小山駅東循環［新市民病院線］, 小山駅東循環［保育園経由］"
マルエツ前,関東自動車（株）,"小山駅東循環, 小山駅東循環［新市民病院線］, 小山駅東循環［保育園経由］"
消防署・警察署前,小山市,"おーバス新市民病院線, おーバス渡良瀬ライン"
久野小前,足利市,御厨線
せきぐち電気前,関東自動車（株）,"小山駅東循環, 小山駅東循環［新市民病院線］, 小山駅東循環［保育園経由］"
ニュー船前,栃木市,11　藤岡線
幸ヶ丘入口,小山市,おーバス大谷中央線
五十鈴前,小山市,おーバス土塔平成通り線
伯仲南,栃木市,4　部屋線
森田建設前,栃木市,12　岩舟線
安房神社入口,小山市,おーバス間々田線
県宿,足利市,御厨線
関東農機前,小山市,おーバス土塔平成通り線
ケーヨーD2前,関東自動車（株）,"小山駅東循環, 小山駅東循環［新市民病院線］, 小山駅東循環［保育園経由］"
三横研修館前,栃木市,4　部屋線
西坪公園東,関東自動車（株）,"小山駅東循環, 小山駅東循環［新市民病院線］, 小山駅東循環［保育園経由］"
本郷公民館前,栃木市,12　岩舟線
星宮神社前,栃木市,11　藤岡線
久保田駐在所前,足利市,御厨線
小松グリーンタウン,小山市,おーバス大谷中央線
東京鉄鋼前,小山市,おーバス土塔平成通り線
原之内公園前,小山市,"おーバス新市民病院線, おーバス渡良瀬ライン"
西堀酒造前,小山市,おーバス間々田線
三鴨郵便局前,栃木市,12　岩舟線
愛宕前公園南,関東自動車（株）,"小山駅東循環, 小山駅東循環［新市民病院線］, 小山駅東循環［保育園経由］"
雨ケ谷一北,関東自動車（株）,"小山駅東循環, 小山駅東循環［新市民病院線］, 小山駅東循環［保育園経由］"
コマツ南,小山市,おーバス土塔平成通り線
雨ヶ谷公民館,小山市,おーバス大谷中央線
県十字路,足利市,御厨線
小西屋前,栃木市,11　藤岡線
神倉神社前,栃木市,4　部屋線
関東能開大西,小山市,おーバス土塔平成通り線
粟宮下,小山市,おーバス間々田線
小山整形外科内科北,小山市,おーバス大谷中央線
横倉新田公民館北,小山市,おーバス大谷中央線
とりせん小山東店,小山市,おーバス大谷中央線
ひととのやヴィレッジ,小山市,おーバス新市民病院線
西前原入口,栃木市,4　部屋線
関東能開大正門,小山市,"おーバス土塔平成通り線, おーバス大谷中央線"
雨ケ谷南,小山市,おーバス大谷中央線
戸崎公民館前,栃木市,4　部屋線
高松町東,足利市,御厨線
千駄塚公民館,小山市,おーバス間々田線
旧部屋保育園前,栃木市,4　部屋線
鈴成自動車前,小山市,"おーバス土塔平成通り線, おーバス大谷中央線"
市営塚崎住宅,関東自動車（株）,小山駅東循環［新市民病院線］
中根地区公民館前,栃木市,4　部屋線
観音寺前,足利市,御厨線
蛭沼,栃木市,4　部屋線
小山整形外科内科,小山市,おーバス大谷中央線
持田医院前,栃木市,4　部屋線
羽刈十字路,足利市,御厨線
マルサ工業所前,栃木市,11　藤岡線
神鳥谷東,小山市,おーバス新市民病院線
神鳥谷東,関東自動車（株）,小山駅東循環［新市民病院線］
横倉公民館,小山市,おーバス土塔平成通り線
県営横倉第一住宅南,小山市,おーバス大谷中央線
千駄塚,小山市,おーバス間々田線
ながしお歯科医院前,栃木市,11　藤岡線
そえやはり・きゅう整骨院,小山市,おーバス大谷中央線
県営横倉住宅,小山市,おーバス大谷中央線
神明神社,足利市,御厨線
筑波小前,足利市,御厨線
平成橋,足利市,御厨線
江川南,栃木市,4　部屋線
大谷中学校,小山市,おーバス大谷中央線
小曽根町自治会館,足利市,御厨線
新市民病院,関東自動車（株）,小山駅東循環［新市民病院線］
新市民病院,小山市,"おーバス新市民病院線, おーバス間々田東西線, おーバス渡良瀬ライン"
長者町入口,小山市,おーバス間々田線
羽刈工業団地南,足利市,御厨線
西黒田上,小山市,"おーバス間々田東西線, おーバス渡良瀬ライン"
部屋出張所,栃木市,4　部屋線
国際ティビィシィ小山看護,関東自動車（株）,小山駅東循環［新市民病院線］
国際ティビィシィ小山看護専門学校,小山市,"おーバス新市民病院線, おーバス間々田東西線, おーバス渡良瀬ライン"
大谷公民館,小山市,おーバス大谷中央線
間々田五丁目,小山市,"おーバス間々田線, おーバス間々田東西線, おーバス渡良瀬ライン"
小曽根電機前,栃木市,11　藤岡線
羽刈前河原,足利市,御厨線
しらさぎ館,小山市,おーバス間々田東西線
田中入口,栃木市,4　部屋線
西黒田中,小山市,"おーバス間々田東西線, おーバス渡良瀬ライン"
五料,小山市,"おーバス間々田東西線, おーバス渡良瀬ライン"
藤岡中学校北,栃木市,4　部屋線
藤岡中学校前,栃木市,"4　部屋線, 11　藤岡線"
美しが丘とりせん前,小山市,おーバス間々田東西線
間々田四丁目公民館,小山市,"おーバス間々田線, おーバス間々田東西線, おーバス渡良瀬ライン"
いし川前,栃木市,4　部屋線
美しが丘1丁目,小山市,"おーバス間々田東西線, おーバス渡良瀬ライン"
ベーカリーメルヘン東,栃木市,4　部屋線
間々田小学校前,小山市,おーバス間々田東西線
明野線前,小山市,おーバス間々田東西線
間々田三丁目,小山市,"おーバス間々田線, おーバス間々田東西線, おーバス渡良瀬ライン"
藤岡文化会館西,栃木市,"4　部屋線, 11　藤岡線"
西黒田下,小山市,"おーバス間々田東西線, おーバス渡良瀬ライン"
四区待合所,栃木市,4　部屋線
間々田二丁目,小山市,"おーバス間々田線, おーバス間々田東西線, おーバス渡良瀬ライン"
渡良瀬の里,栃木市,4　部屋線
美しが丘公園前,小山市,おーバス間々田東西線
東間々田2丁目,小山市,おーバス間々田東西線
暁,小山市,おーバス間々田東西線
間々田分署前,小山市,"おーバス間々田線, おーバス間々田東西線, おーバス渡良瀬ライン"
藤岡総合支所前,栃木市,"4　部屋線, 11　藤岡線"
デンソーテン入口,小山市,おーバス間々田東西線
車屋美術館前,小山市,"おーバス間々田線, おーバス間々田東西線, おーバス渡良瀬ライン"
博物館入口,小山市,おーバス渡良瀬ライン
乙女上町,小山市,おーバス渡良瀬ライン
団地西,小山市,おーバス間々田東西線
足利銀行藤岡支店前,栃木市,"4　部屋線, 11　藤岡線"
帯刀入口,栃木市,4　部屋線
小山南高校,小山市,おーバス間々田東西線
美しが丘整骨院,小山市,おーバス間々田東西線
間々田駅西口,小山市,"おーバス間々田線, おーバス間々田東西線, おーバス渡良瀬ライン"
間々田駅東口,小山市,おーバス間々田東西線
乙女八幡宮入口,小山市,おーバス渡良瀬ライン
石川入口,栃木市,4　部屋線
ヤオキ前,栃木市,"4　部屋線, 11　藤岡線"
乙女公園前,小山市,おーバス間々田東西線
藤岡郵便局入口,栃木市,"4　部屋線, 11　藤岡線"
白鳥,小山市,おーバス渡良瀬ライン
藤岡駅前,栃木市,"4　部屋線, 11　藤岡線"
町谷入口,小山市,"おーバス間々田東西線, おーバス渡良瀬ライン"
乙女下町,小山市,おーバス間々田東西線
藤岡町商工会館前,栃木市,4　部屋線
飯田踏切前,小山市,おーバス間々田東西線
中妻,小山市,"おーバス間々田東西線, おーバス渡良瀬ライン"
上生井,小山市,おーバス渡良瀬ライン
部屋南部桜づつみ公園,栃木市,4　部屋線
腰塚医院入口,栃木市,11　藤岡線
ラムサール渡良瀬遊水地駅,小山市,おーバス渡良瀬ライン
みゅぜ・ど・ぱすてる前,小山市,"おーバス間々田東西線, おーバス渡良瀬ライン"
光南病院,小山市,"おーバス間々田東西線, おーバス渡良瀬ライン"
藤浪商店前,栃木市,11　藤岡線
旧思川入口,小山市,おーバス渡良瀬ライン
下生井小入口,小山市,おーバス渡良瀬ライン
磯の宮,小山市,おーバス渡良瀬ライン
コウノトリ交流館西,小山市,おーバス渡良瀬ライン
コウノトリ渡良瀬遊水地駅,小山市,おーバス渡良瀬ライン
原向高間公民館前,栃木市,11　藤岡線
なまいふるさと公園,小山市,おーバス渡良瀬ライン
間明田理容室前,栃木市,11　藤岡線
谷中湖,栃木市,11　藤岡線
