停留所名,事業者名,バス系統
鳩待峠,関越交通（株）,鳩待峠線
大清水,関越交通（株）,鎌田線
洞元の滝,関越交通（株）,水上線：湯の小屋〜水上駅
湯の小屋,関越交通（株）,水上線：湯の小屋〜水上駅
洞元湖温泉前,関越交通（株）,水上線：湯の小屋〜水上駅
湯の小屋一本松,関越交通（株）,水上線：湯の小屋〜水上駅
洞元水神前,関越交通（株）,水上線：湯の小屋〜水上駅
須田貝発電所入口,関越交通（株）,水上線：湯の小屋〜水上駅
大芦,関越交通（株）,水上線：湯の小屋〜水上駅
藤原スキー場入口,関越交通（株）,水上線：湯の小屋〜水上駅
須田貝,関越交通（株）,水上線：湯の小屋〜水上駅
スノーパーク尾瀬戸倉,関越交通（株）,鎌田線
明川,関越交通（株）,水上線：湯の小屋〜水上駅
鳩待入口,関越交通（株）,鎌田線
学校入口,関越交通（株）,水上線：湯の小屋〜水上駅
一畝田,関越交通（株）,水上線：湯の小屋〜水上駅
戸倉上,関越交通（株）,鎌田線
尾瀬戸倉,関越交通（株）,"鎌田線, 鳩待峠行バス連絡所〜湯元温泉線"
戸倉中,関越交通（株）,"鎌田線, 鳩待峠行バス連絡所〜湯元温泉線, 鳩待峠線"
宝川入口,関越交通（株）,"水上線：湯の小屋〜水上駅, 水上線：宝川入口〜上毛高原駅"
戸倉宿,関越交通（株）,"鎌田線, 鳩待峠行バス連絡所〜湯元温泉線"
谷川岳ロープウェイ駅,関越交通（株）,水上線：谷川岳RW〜上毛駅
久保,関越交通（株）,"水上線：湯の小屋〜水上駅, 水上線：宝川入口〜上毛高原駅"
土合橋,関越交通（株）,水上線：谷川岳RW〜上毛駅
丸沼温泉環湖荘,関越交通（株）,"湯元温泉線, 日光・かたしなエクスプレス号, 鳩待峠行バス連絡所〜湯元温泉線"
上の原入口,関越交通（株）,"水上線：湯の小屋〜水上駅, 水上線：宝川入口〜上毛高原駅"
土合駅前,関越交通（株）,水上線：谷川岳RW〜上毛駅
栓の滝,関越交通（株）,"鎌田線, 鳩待峠行バス連絡所〜湯元温泉線"
大滝沢,関越交通（株）,"水上線：湯の小屋〜水上駅, 水上線：宝川入口〜上毛高原駅"
師入入口,関越交通（株）,"水上線：湯の小屋〜水上駅, 水上線：宝川入口〜上毛高原駅"
武尊橋,関越交通（株）,"水上線：湯の小屋〜水上駅, 水上線：宝川入口〜上毛高原駅"
丸沼ダム,関越交通（株）,"湯元温泉線, 日光・かたしなエクスプレス号, 鳩待峠行バス連絡所〜湯元温泉線"
菅沼,関越交通（株）,"湯元温泉線, 日光・かたしなエクスプレス号, 鳩待峠行バス連絡所〜湯元温泉線"
古仲,関越交通（株）,"鎌田線, 鳩待峠行バス連絡所〜湯元温泉線"
赤沢橋,関越交通（株）,水上線：谷川岳RW〜上毛駅
栃坂,関越交通（株）,"鎌田線, 鳩待峠行バス連絡所〜湯元温泉線"
日光白根山ロープウエイ,関越交通（株）,"湯元温泉線, 日光・かたしなエクスプレス号, 鳩待峠行バス連絡所〜湯元温泉線"
平出,関越交通（株）,"水上線：湯の小屋〜水上駅, 水上線：宝川入口〜上毛高原駅"
丸沼高原第一ペンション村,関越交通（株）,"湯元温泉線, 日光・かたしなエクスプレス号, 鳩待峠行バス連絡所〜湯元温泉線"
平出船付場,関越交通（株）,"水上線：湯の小屋〜水上駅, 水上線：宝川入口〜上毛高原駅"
土出温泉,関越交通（株）,"鎌田線, 鳩待峠行バス連絡所〜湯元温泉線"
丸沼高原第二ペンション村,関越交通（株）,"湯元温泉線, 日光・かたしなエクスプレス号, 鳩待峠行バス連絡所〜湯元温泉線"
ゆびそ温泉,関越交通（株）,"水上線：水上駅〜粟沢, 水上線：谷川岳RW〜上毛駅"
唐沢,関越交通（株）,"湯元温泉線, 鳩待峠行バス連絡所〜湯元温泉線"
塩尻,関越交通（株）,"鎌田線, 鳩待峠行バス連絡所〜湯元温泉線"
夜後沢橋,関越交通（株）,"水上線：湯の小屋〜水上駅, 水上線：宝川入口〜上毛高原駅"
粟沢橋,関越交通（株）,"水上線：水上駅〜粟沢, 水上線：湯の小屋〜水上駅, 水上線：宝川入口〜上毛高原駅"
発電所入口,関越交通（株）,"湯元温泉線, 鳩待峠行バス連絡所〜湯元温泉線"
粟沢,関越交通（株）,"水上線：水上駅〜粟沢, 水上線：湯の小屋〜水上駅, 水上線：宝川入口〜上毛高原駅"
ゆびそ温泉街,関越交通（株）,"水上線：水上駅〜粟沢, 水上線：谷川岳RW〜上毛駅"
ダム管理事務所入口,関越交通（株）,"水上線：湯の小屋〜水上駅, 水上線：宝川入口〜上毛高原駅"
奥利根スノーパーク入口,関越交通（株）,"水上線：水上駅〜粟沢, 水上線：湯の小屋〜水上駅, 水上線：宝川入口〜上毛高原駅"
長沢橋,関越交通（株）,"水上線：湯の小屋〜水上駅, 水上線：宝川入口〜上毛高原駅"
中里,関越交通（株）,"鎌田線, 鳩待峠行バス連絡所〜湯元温泉線"
綱子上,関越交通（株）,"水上線：水上駅〜粟沢, 水上線：湯の小屋〜水上駅, 水上線：宝川入口〜上毛高原駅"
白根魚苑,関越交通（株）,"湯元温泉線, 日光・かたしなエクスプレス号, 鳩待峠行バス連絡所〜湯元温泉線"
綱子,関越交通（株）,"水上線：水上駅〜粟沢, 水上線：湯の小屋〜水上駅, 水上線：宝川入口〜上毛高原駅"
柿平,関越交通（株）,"水上線：湯の小屋〜水上駅, 水上線：宝川入口〜上毛高原駅"
十二神社,関越交通（株）,"水上線：湯の小屋〜水上駅, 水上線：宝川入口〜上毛高原駅"
ゆびそ駅前,関越交通（株）,"水上線：水上駅〜粟沢, 水上線：谷川岳RW〜上毛駅"
藤原ダム南側,関越交通（株）,"水上線：湯の小屋〜水上駅, 水上線：宝川入口〜上毛高原駅"
経塚,関越交通（株）,"水上線：水上駅〜粟沢, 水上線：湯の小屋〜水上駅, 水上線：宝川入口〜上毛高原駅"
片品スキー場入口,関越交通（株）,"鎌田線, 鳩待峠行バス連絡所〜湯元温泉線"
幸知,関越交通（株）,"水上線：水上駅〜粟沢, 水上線：湯の小屋〜水上駅, 水上線：宝川入口〜上毛高原駅"
ゆびそ入口,関越交通（株）,"水上線：水上駅〜粟沢, 水上線：湯の小屋〜水上駅, 水上線：宝川入口〜上毛高原駅"
赤沢,関越交通（株）,"湯元温泉線, 鳩待峠行バス連絡所〜湯元温泉線"
上而,関越交通（株）,"鎌田線, 鳩待峠行バス連絡所〜湯元温泉線"
白根温泉,関越交通（株）,"湯元温泉線, 日光・かたしなエクスプレス号, 鳩待峠行バス連絡所〜湯元温泉線"
大穴,関越交通（株）,"水上線：水上駅〜粟沢, 水上線：谷川岳RW〜上毛駅, 水上線：湯の小屋〜水上駅, 水上線：宝川入口〜上毛高原駅"
白根温泉露天風呂前,関越交通（株）,"湯元温泉線, 日光・かたしなエクスプレス号, 鳩待峠行バス連絡所〜湯元温泉線"
越本,関越交通（株）,"鎌田線, 鳩待峠行バス連絡所〜湯元温泉線"
大穴変電所前,関越交通（株）,"水上線：水上駅〜粟沢, 水上線：谷川岳RW〜上毛駅, 水上線：湯の小屋〜水上駅, 水上線：宝川入口〜上毛高原駅"
大滝ドライブイン,関越交通（株）,"湯元温泉線, 日光・かたしなエクスプレス号, 鳩待峠行バス連絡所〜湯元温泉線"
大穴町営住宅入口,関越交通（株）,"水上線：水上駅〜粟沢, 水上線：谷川岳RW〜上毛駅, 水上線：湯の小屋〜水上駅, 水上線：宝川入口〜上毛高原駅"
細工屋,関越交通（株）,"鎌田線, 鳩待峠行バス連絡所〜湯元温泉線"
白根発電所,関越交通（株）,"湯元温泉線, 日光・かたしなエクスプレス号, 鳩待峠行バス連絡所〜湯元温泉線"
うのせ温泉上,関越交通（株）,"水上線：水上駅〜粟沢, 水上線：谷川岳RW〜上毛駅, 水上線：湯の小屋〜水上駅, 水上線：宝川入口〜上毛高原駅"
うのせ温泉,関越交通（株）,"水上線：水上駅〜粟沢, 水上線：谷川岳RW〜上毛駅, 水上線：湯の小屋〜水上駅, 水上線：宝川入口〜上毛高原駅"
大沢,関越交通（株）,"湯元温泉線, 日光・かたしなエクスプレス号, 鳩待峠行バス連絡所〜湯元温泉線"
上小川,関越交通（株）,"湯元温泉線, 日光・かたしなエクスプレス号, 鳩待峠行バス連絡所〜湯元温泉線"
太田上,関越交通（株）,"鎌田線, 鳩待峠行バス連絡所〜湯元温泉線"
学校橋,関越交通（株）,"湯元温泉線, 日光・かたしなエクスプレス号, 鳩待峠行バス連絡所〜湯元温泉線"
下坪野,関越交通（株）,"水上線：水上駅〜粟沢, 水上線：谷川岳RW〜上毛駅, 水上線：湯の小屋〜水上駅, 水上線：宝川入口〜上毛高原駅"
太田,関越交通（株）,"鎌田線, 鳩待峠行バス連絡所〜湯元温泉線"
大鹿橋,関越交通（株）,"水上線：水上駅〜粟沢, 水上線：谷川岳RW〜上毛駅, 水上線：湯の小屋〜水上駅, 水上線：宝川入口〜上毛高原駅"
中井,関越交通（株）,"湯元温泉線, 日光・かたしなエクスプレス号, 鳩待峠行バス連絡所〜湯元温泉線"
長沢,関越交通（株）,"水上線：水上駅〜粟沢, 水上線：谷川岳RW〜上毛駅, 水上線：湯の小屋〜水上駅, 水上線：宝川入口〜上毛高原駅"
水上支所前,関越交通（株）,"水上線：水上駅〜粟沢, 水上線：谷川岳RW〜上毛駅, 水上線：湯の小屋〜水上駅, 水上線：宝川入口〜上毛高原駅"
たんばらセンターハウス,沼田市,迦葉山線
下小川,関越交通（株）,"湯元温泉線, 日光・かたしなエクスプレス号, 鳩待峠行バス連絡所〜湯元温泉線"
芦間,関越交通（株）,"水上線：谷川岳RW〜上毛駅, 水上線：宝川入口〜上毛高原駅"
水上駅,関越交通（株）,"水上線：水上駅〜粟沢, 水上線：谷川岳RW〜上毛駅, 水上線：湯の小屋〜水上駅, 水上線：宝川入口〜上毛高原駅"
松乃井入口,関越交通（株）,"水上線：谷川岳RW〜上毛駅, 水上線：宝川入口〜上毛高原駅"
尾瀬大橋,関越交通（株）,"鎌田線, 鳩待峠行バス連絡所〜湯元温泉線"
たんばらラベンダーパーク,沼田市,迦葉山線
井戸尻,関越交通（株）,"湯元温泉線, 鳩待峠行バス連絡所〜湯元温泉線"
道の駅尾瀬かたしな前,関越交通（株）,"鎌田線, 湯元温泉線, 日光・かたしなエクスプレス号, 鳩待峠行バス連絡所〜湯元温泉線"
観光会館前,関越交通（株）,"水上線：谷川岳RW〜上毛駅, 水上線：宝川入口〜上毛高原駅"
鎌田,関越交通（株）,"鎌田線, 湯元温泉線, 日光・かたしなエクスプレス号, 鳩待峠行バス連絡所〜湯元温泉線"
水上温泉,関越交通（株）,"水上線：谷川岳RW〜上毛駅, 水上線：宝川入口〜上毛高原駅"
小学校下,関越交通（株）,"水上線：谷川岳RW〜上毛駅, 水上線：宝川入口〜上毛高原駅"
片品公園入口,関越交通（株）,鎌田線
川上入口,関越交通（株）,"水上線：谷川岳RW〜上毛駅, 水上線：宝川入口〜上毛高原駅"
須賀川,関越交通（株）,鎌田線
諏訪神社前,関越交通（株）,"水上線：谷川岳RW〜上毛駅, 水上線：宝川入口〜上毛高原駅"
須賀川下,関越交通（株）,鎌田線
銚子橋,関越交通（株）,"水上線：谷川岳RW〜上毛駅, 水上線：宝川入口〜上毛高原駅"
高日向,関越交通（株）,"水上線：谷川岳RW〜上毛駅, 水上線：宝川入口〜上毛高原駅"
不動沢,関越交通（株）,鎌田線
高日向下,関越交通（株）,"水上線：谷川岳RW〜上毛駅, 水上線：宝川入口〜上毛高原駅"
上牧上,関越交通（株）,"水上線：谷川岳RW〜上毛駅, 水上線：宝川入口〜上毛高原駅"
立沢,関越交通（株）,鎌田線
立沢下,関越交通（株）,鎌田線
道木,関越交通（株）,"水上線：谷川岳RW〜上毛駅, 水上線：宝川入口〜上毛高原駅"
上牧駅前,関越交通（株）,"水上線：谷川岳RW〜上毛駅, 水上線：宝川入口〜上毛高原駅"
迦葉山,沼田市,迦葉山線
平原集会所,沼田市,根利尾瀬高校線
尾瀬高校前,関越交通（株）,鎌田線
尾瀬高校,沼田市,根利尾瀬高校線
坂上,沼田市,迦葉山線
歌碑公園,関越交通（株）,"猿ヶ京線：蟹枠団地経由, 猿ヶ京線：矢瀬遺跡経由"
カルチャーセンター前,関越交通（株）,"水上線：谷川岳RW〜上毛駅, 水上線：宝川入口〜上毛高原駅"
まんてん星の湯下,関越交通（株）,"猿ヶ京線：蟹枠団地経由, 猿ヶ京線：矢瀬遺跡経由"
武尊口,関越交通（株）,鎌田線
学校下,関越交通（株）,"猿ヶ京線：蟹枠団地経由, 猿ヶ京線：矢瀬遺跡経由"
関所跡,関越交通（株）,"猿ヶ京線：蟹枠団地経由, 猿ヶ京線：矢瀬遺跡経由"
平川上組,沼田市,根利尾瀬高校線
猿ヶ京,関越交通（株）,"猿ヶ京線：蟹枠団地経由, 猿ヶ京線：矢瀬遺跡経由"
坂下,沼田市,迦葉山線
木の根,関越交通（株）,"水上線：谷川岳RW〜上毛駅, 水上線：宝川入口〜上毛高原駅"
平川中組,沼田市,根利尾瀬高校線
伊香原,関越交通（株）,鎌田線
伊香原,沼田市,根利尾瀬高校線
休石,関越交通（株）,"猿ヶ京線：蟹枠団地経由, 猿ヶ京線：矢瀬遺跡経由"
相俣,関越交通（株）,"猿ヶ京線：蟹枠団地経由, 猿ヶ京線：矢瀬遺跡経由"
健康村,川場村,"川場循環線：生品先回り, 川場循環線：立岩先回り"
上発知,沼田市,迦葉山線
切通し,関越交通（株）,鎌田線
平川小学校,沼田市,根利尾瀬高校線
相俣下,関越交通（株）,"猿ヶ京線：蟹枠団地経由, 猿ヶ京線：矢瀬遺跡経由"
野反湖,中之条町,花敷温泉野反湖線
佐山,沼田市,佐山線
杭門橋,沼田市,迦葉山線
サラダパークぬまた,沼田市,迦葉山線
千鳥,沼田市,根利尾瀬高校線
小松,関越交通（株）,"水上線：谷川岳RW〜上毛駅, 水上線：宝川入口〜上毛高原駅"
富士山,川場村,"川場循環線：生品先回り, 川場循環線：立岩先回り"
大鹿窪,沼田市,佐山線
駒寄,沼田市,根利尾瀬高校線
日向,関越交通（株）,鎌田線
岩本,沼田市,迦葉山線
逆桜,関越交通（株）,"猿ヶ京線：蟹枠団地経由, 猿ヶ京線：矢瀬遺跡経由"
田中,沼田市,佐山線
大峰橋,関越交通（株）,"猿ヶ京線：蟹枠団地経由, 猿ヶ京線：矢瀬遺跡経由"
川場温泉,川場村,"川場循環線：生品先回り, 川場循環線：立岩先回り"
別所,川場村,"川場循環線：生品先回り, 川場循環線：立岩先回り"
沢浦,沼田市,佐山線
川場温泉口,川場村,"川場循環線：生品先回り, 川場循環線：立岩先回り"
下沢橋,沼田市,迦葉山線
上界戸,川場村,"川場循環線：生品先回り, 川場循環線：立岩先回り"
平川橋,関越交通（株）,鎌田線
平川橋,沼田市,根利尾瀬高校線
中宿,川場村,"川場循環線：生品先回り, 川場循環線：立岩先回り"
湖畔,中之条町,花敷温泉野反湖線
佐山旧分校前,沼田市,佐山線
吉芦,川場村,"川場循環線：生品先回り, 川場循環線：立岩先回り"
中発知,沼田市,迦葉山線
下宿,川場村,"川場循環線：生品先回り, 川場循環線：立岩先回り"
追貝上,関越交通（株）,鎌田線
宮地,関越交通（株）,"水上線：谷川岳RW〜上毛駅, 水上線：宝川入口〜上毛高原駅"
竹替戸,沼田市,佐山線
十二河原,関越交通（株）,"猿ヶ京線：蟹枠団地経由, 猿ヶ京線：矢瀬遺跡経由"
谷地,川場村,"川場循環線：生品先回り, 川場循環線：立岩先回り"
谷地入口,川場村,"川場循環線：生品先回り, 川場循環線：立岩先回り"
下佐山,沼田市,佐山線
湯宿温泉上,関越交通（株）,"猿ヶ京線：蟹枠団地経由, 猿ヶ京線：矢瀬遺跡経由"
湯宿温泉,関越交通（株）,"猿ヶ京線：蟹枠団地経由, 猿ヶ京線：矢瀬遺跡経由"
吹割の滝,関越交通（株）,鎌田線
佐山入口,沼田市,迦葉山線
諏訪橋,関越交通（株）,"猿ヶ京線：矢瀬遺跡経由, 鎌田線, 水上線：谷川岳RW〜上毛駅, 水上線：宝川入口〜上毛高原駅"
追貝,沼田市,根利尾瀬高校線
矢瀬遺跡前,関越交通（株）,"猿ヶ京線：矢瀬遺跡経由, 鎌田線, 水上線：谷川岳RW〜上毛駅, 水上線：宝川入口〜上毛高原駅"
利根支所,沼田市,根利尾瀬高校線
桂昌寺前,川場村,"川場循環線：生品先回り, 川場循環線：立岩先回り"
湯宿温泉下,関越交通（株）,"猿ヶ京線：蟹枠団地経由, 猿ヶ京線：矢瀬遺跡経由"
新井,川場村,"川場循環線：生品先回り, 川場循環線：立岩先回り"
蓬田,沼田市,佐山線
たくみの里,関越交通（株）,猿ヶ京線：矢瀬遺跡経由
学校前,川場村,"川場循環線：生品先回り, 川場循環線：立岩先回り"
下牧,関越交通（株）,"猿ヶ京線：矢瀬遺跡経由, 鎌田線"
保健センター前,関越交通（株）,"猿ヶ京線：蟹枠団地経由, 猿ヶ京線：矢瀬遺跡経由"
発知新田,沼田市,迦葉山線
門前上,川場村,"川場循環線：生品先回り, 川場循環線：立岩先回り"
高戸谷十二廻り,関越交通（株）,鎌田線
吉祥寺入口,川場村,"川場循環線：生品先回り, 川場循環線：立岩先回り"
二反田,関越交通（株）,"猿ヶ京線：矢瀬遺跡経由, 鎌田線"
保健センター,沼田市,根利尾瀬高校線
岩田橋,川場村,"川場循環線：生品先回り, 川場循環線：立岩先回り"
上毛高原駅,関越交通（株）,"猿ヶ京線：矢瀬遺跡経由, 鎌田線, 水上線：谷川岳RW〜上毛駅, 水上線：宝川入口〜上毛高原駅"
高戸谷,関越交通（株）,鎌田線
高戸谷,沼田市,根利尾瀬高校線
門前下,川場村,"川場循環線：生品先回り, 川場循環線：立岩先回り"
新布橋,関越交通（株）,"猿ヶ京線：蟹枠団地経由, 猿ヶ京線：矢瀬遺跡経由"
野反峠,中之条町,花敷温泉野反湖線
奈良入口,沼田市,迦葉山線
下河原,関越交通（株）,"猿ヶ京線：矢瀬遺跡経由, 鎌田線"
高戸谷神社,沼田市,根利尾瀬高校線
橋下,関越交通（株）,猿ヶ京線：矢瀬遺跡経由
中野,川場村,"川場循環線：生品先回り, 川場循環線：立岩先回り"
養魚場入口,川場村,"川場循環線：生品先回り, 川場循環線：立岩先回り"
十間橋,沼田市,佐山線
上光寺,沼田市,迦葉山線
新治中学校,関越交通（株）,"猿ヶ京線：蟹枠団地経由, 猿ヶ京線：矢瀬遺跡経由"
公会堂前,関越交通（株）,猿ヶ京線：矢瀬遺跡経由
天神,川場村,"川場循環線：生品先回り, 川場循環線：立岩先回り"
大楊上,沼田市,根利尾瀬高校線
下街道,関越交通（株）,鎌田線
下街道,沼田市,根利尾瀬高校線
上河原,関越交通（株）,"猿ヶ京線：矢瀬遺跡経由, 鎌田線"
巾,川場村,"川場循環線：生品先回り, 川場循環線：立岩先回り"
田園プラザ,川場村,"川場循環線：生品先回り, 川場循環線：立岩先回り"
新治支所入口,関越交通（株）,"猿ヶ京線：蟹枠団地経由, 猿ヶ京線：矢瀬遺跡経由"
峯谷戸,沼田市,佐山線
四万温泉,関越交通（株）,四万温泉線
下発知,沼田市,迦葉山線
たばこ屋,沼田市,根利尾瀬高校線
利根商前,関越交通（株）,猿ヶ京線：矢瀬遺跡経由
東橋,関越交通（株）,鎌田線
桐の木平,関越交通（株）,四万温泉線
布施河原,関越交通（株）,"猿ヶ京線：蟹枠団地経由, 猿ヶ京線：矢瀬遺跡経由"
黒岩八景,関越交通（株）,"猿ヶ京線：蟹枠団地経由, 猿ヶ京線：矢瀬遺跡経由"
利根商入口,関越交通（株）,猿ヶ京線：蟹枠団地経由
今宿,関越交通（株）,"猿ヶ京線：蟹枠団地経由, 猿ヶ京線：矢瀬遺跡経由"
羽場,関越交通（株）,"猿ヶ京線：蟹枠団地経由, 猿ヶ京線：矢瀬遺跡経由"
月夜野郵便局前,関越交通（株）,"猿ヶ京線：蟹枠団地経由, 猿ヶ京線：矢瀬遺跡経由"
大楢,中之条町,花敷温泉野反湖線
蟹枠団地入口,関越交通（株）,猿ヶ京線：蟹枠団地経由
押出,関越交通（株）,"猿ヶ京線：蟹枠団地経由, 猿ヶ京線：矢瀬遺跡経由"
神社,沼田市,根利尾瀬高校線
大楊入口,関越交通（株）,鎌田線
大楊入口,沼田市,根利尾瀬高校線
月見橋,関越交通（株）,四万温泉線
瀬久保,沼田市,佐山線
月夜野橋,関越交通（株）,"猿ヶ京線：蟹枠団地経由, 猿ヶ京線：矢瀬遺跡経由, 鎌田線"
徳巌寺前,関越交通（株）,"猿ヶ京線：蟹枠団地経由, 猿ヶ京線：矢瀬遺跡経由"
立岩,川場村,"川場循環線：生品先回り, 川場循環線：立岩先回り"
山口,関越交通（株）,四万温泉線
下新田,関越交通（株）,"猿ヶ京線：蟹枠団地経由, 猿ヶ京線：矢瀬遺跡経由"
諏訪の木,関越交通（株）,"猿ヶ京線：蟹枠団地経由, 猿ヶ京線：矢瀬遺跡経由"
後閑駅前,関越交通（株）,"猿ヶ京線：蟹枠団地経由, 猿ヶ京線：矢瀬遺跡経由, 鎌田線"
廻戸,関越交通（株）,"猿ヶ京線：蟹枠団地経由, 猿ヶ京線：矢瀬遺跡経由"
石墨一本松,沼田市,佐山線
権現沢,関越交通（株）,四万温泉線
郵便局前,川場村,"川場循環線：生品先回り, 川場循環線：立岩先回り"
老神本村,関越交通（株）,鎌田線
本村,沼田市,根利尾瀬高校線
大平,沼田市,根利尾瀬高校線
生品中,川場村,"川場循環線：生品先回り, 川場循環線：立岩先回り"
神社上,沼田市,迦葉山線
温泉口,関越交通（株）,四万温泉線
清流の湯入口,関越交通（株）,四万温泉線
大原上,関越交通（株）,鎌田線
上新道,関越交通（株）,"猿ヶ京線：蟹枠団地経由, 猿ヶ京線：矢瀬遺跡経由, 鎌田線"
田沢橋,川場村,"川場循環線：生品先回り, 川場循環線：立岩先回り"
生品下,川場村,"川場循環線：生品先回り, 川場循環線：立岩先回り"
東老神,関越交通（株）,鎌田線
戸神町,沼田市,佐山線
東石墨,沼田市,佐山線
原田,川場村,"川場循環線：生品先回り, 川場循環線：立岩先回り"
老神車庫,沼田市,根利尾瀬高校線
大自然村入口,中之条町,花敷温泉野反湖線
大楊橋,沼田市,根利尾瀬高校線
嘉満ヶ淵,関越交通（株）,四万温泉線
西戸神,沼田市,佐山線
老神温泉,関越交通（株）,鎌田線
岡谷上,沼田市,迦葉山線
大原老神入口,関越交通（株）,鎌田線
大原老神入口,沼田市,根利尾瀬高校線
観光会館前,沼田市,根利尾瀬高校線
坂上,川場村,"川場循環線：生品先回り, 川場循環線：立岩先回り"
真庭局前,関越交通（株）,"猿ヶ京線：蟹枠団地経由, 猿ヶ京線：矢瀬遺跡経由, 鎌田線"
古語父入口,川場村,"川場循環線：生品先回り, 川場循環線：立岩先回り"
老神温泉,沼田市,根利尾瀬高校線
渡戸橋,関越交通（株）,四万温泉線
善桂寺,沼田市,佐山線
雨堤,関越交通（株）,鎌田線
工業団地前,沼田市,佐山線
ほたか病院入口,川場村,"川場循環線：生品先回り, 川場循環線：立岩先回り"
真庭下,関越交通（株）,"猿ヶ京線：蟹枠団地経由, 猿ヶ京線：矢瀬遺跡経由, 鎌田線"
桃畑,川場村,"川場循環線：生品先回り, 川場循環線：立岩先回り"
秋鹿,関越交通（株）,四万温泉線
岡谷,沼田市,迦葉山線
四万甌穴前,関越交通（株）,四万温泉線
久屋原東,関越交通（株）,鎌田線
一本松,関越交通（株）,鎌田線
岡谷下,沼田市,迦葉山線
中道,関越交通（株）,鎌田線
塩の井,関越交通（株）,鎌田線
沼田東中学校前,川場村,"川場循環線：生品先回り, 川場循環線：立岩先回り"
西町田,沼田市,佐山線
高平上,関越交通（株）,鎌田線
高平中,関越交通（株）,鎌田線
学校下,関越交通（株）,鎌田線
白沢小学校前,関越交通（株）,鎌田線
赤沢橋,沼田市,根利尾瀬高校線
井土上,関越交通（株）,"猿ヶ京線：蟹枠団地経由, 猿ヶ京線：矢瀬遺跡経由, 鎌田線"
上久屋原,関越交通（株）,鎌田線
生品入口,川場村,"川場循環線：生品先回り, 川場循環線：立岩先回り"
観音寺前,関越交通（株）,鎌田線
町田公民館,沼田市,佐山線
三本辻下,関越交通（株）,鎌田線
久屋,沼田市,南郷線
上久屋,関越交通（株）,鎌田線
上河原,沼田市,迦葉山線
三本辻,関越交通（株）,鎌田線
孝養寺前,沼田市,南郷線
上久屋神社前,沼田市,南郷線
平出ダム,沼田市,南郷線
下組,川場村,"川場循環線：生品先回り, 川場循環線：立岩先回り"
上久屋新田,沼田市,南郷線
浄水場,関越交通（株）,鎌田線
東町田,沼田市,佐山線
久屋学校前,沼田市,南郷線
下久屋原,関越交通（株）,鎌田線
恩田,関越交通（株）,"猿ヶ京線：蟹枠団地経由, 猿ヶ京線：矢瀬遺跡経由, 鎌田線"
平出下,沼田市,南郷線
寺久保橋,沼田市,佐山線
土橋,関越交通（株）,鎌田線
土橋,川場村,"川場循環線：生品先回り, 川場循環線：立岩先回り"
平出,沼田市,南郷線
平出上,沼田市,南郷線
和光原,中之条町,花敷温泉野反湖線
園原社会体育館,沼田市,根利尾瀬高校線
白沢橋,沼田市,南郷線
公営住宅前,沼田市,迦葉山線
万延橋,沼田市,南郷線
オリエント前,関越交通（株）,"猿ヶ京線：蟹枠団地経由, 猿ヶ京線：矢瀬遺跡経由, 鎌田線"
沼田横塚町,関越交通（株）,鎌田線
横塚町,川場村,"川場循環線：生品先回り, 川場循環線：立岩先回り"
木田坂上,沼田市,迦葉山線
谷地端第二団地前,沼田市,迦葉山線
下久屋上,沼田市,南郷線
ふれあい福祉センター,沼田市,佐山線
沢南郷,沼田市,根利尾瀬高校線
下久屋,沼田市,南郷線
貝野瀬農協前,昭和村,昭和村循環線
三光院前,沼田市,佐山線
沼田警察署西,沼田市,迦葉山線
久保内,昭和村,昭和村循環線
市営住宅入口,関越交通（株）,"鎌田線, 沼田駅〜関越道〜群大病院線"
市営住宅入口,川場村,"川場循環線：生品先回り, 川場循環線：立岩先回り"
寺社平口,関越交通（株）,四万温泉線
ミツバ前,沼田市,南郷線
城堀川,関越交通（株）,鎌田線
城堀川,沼田市,中山本宿線
城堀川,川場村,"川場循環線：生品先回り, 川場循環線：立岩先回り"
三つ又,沼田市,迦葉山線
硯田上,関越交通（株）,"猿ヶ京線：蟹枠団地経由, 猿ヶ京線：矢瀬遺跡経由, 鎌田線"
生越,昭和村,昭和村循環線
柳町,沼田市,佐山線
尾合宿,沼田市,南郷線
沼田三軒屋,関越交通（株）,"鎌田線, 沼田駅〜関越道〜群大病院線"
沼田三軒屋,沼田市,中山本宿線
沼田三軒屋,川場村,"川場循環線：生品先回り, 川場循環線：立岩先回り"
生越下,昭和村,昭和村循環線
貝野瀬,昭和村,昭和村循環線
園原下,沼田市,根利尾瀬高校線
上原町,沼田市,中山本宿線
堀ノ内,昭和村,昭和村循環線
尾合下,沼田市,南郷線
公民館前,沼田市,南郷線
高橋場,沼田市,"迦葉山線, 佐山線"
十王公園入口,関越交通（株）,"猿ヶ京線：蟹枠団地経由, 猿ヶ京線：矢瀬遺跡経由"
十王公園入口,沼田市,"迦葉山線, 岩本線, 佐山線, 中山本宿線, 南郷線"
国立病院入口,昭和村,"永井線, 昭和村循環線, 赤谷・桜循環線"
三牧分校前,沼田市,南郷線
硯田下,関越交通（株）,"猿ヶ京線：蟹枠団地経由, 猿ヶ京線：矢瀬遺跡経由, 鎌田線"
利根沼田文化会館前,沼田市,中山本宿線
岩室,沼田市,南郷線
田岸,昭和村,昭和村循環線
岩室下,沼田市,南郷線
榛名幼稚園前,関越交通（株）,"猿ヶ京線：蟹枠団地経由, 猿ヶ京線：矢瀬遺跡経由"
榛名幼稚園前,沼田市,"岩本線, 中山本宿線"
関越車庫前,昭和村,"永井線, 昭和村循環線, 赤谷・桜循環線"
関越車庫前,川場村,"川場循環線：生品先回り, 川場循環線：立岩先回り"
沼田市保健福祉センター前,関越交通（株）,"猿ヶ京線：蟹枠団地経由, 猿ヶ京線：矢瀬遺跡経由, 鎌田線, 沼田駅〜関越道〜群大病院線"
沼田市保健福祉センター前,沼田市,"迦葉山線, 岩本線, 佐山線, 中山本宿線, 南郷線"
輪組入口,沼田市,南郷線
尾合上,沼田市,南郷線
沼田税務署前,関越交通（株）,"猿ヶ京線：蟹枠団地経由, 猿ヶ京線：矢瀬遺跡経由"
沼田税務署前,沼田市,"迦葉山線, 岩本線, 佐山線, 中山本宿線, 南郷線"
沼田税務署前,昭和村,"永井線, 昭和村循環線, 赤谷・桜循環線"
沼田高校入口,関越交通（株）,"猿ヶ京線：蟹枠団地経由, 猿ヶ京線：矢瀬遺跡経由"
沼田高校入口,沼田市,"迦葉山線, 岩本線, 佐山線, 中山本宿線, 南郷線"
沼田高校入口,昭和村,"永井線, 昭和村循環線, 赤谷・桜循環線"
国立病院前,関越交通（株）,鎌田線
国立病院前,川場村,"川場循環線：生品先回り, 川場循環線：立岩先回り"
花敷温泉,中之条町,花敷温泉野反湖線
駒岩,関越交通（株）,四万温泉線
輪組大橋,沼田市,南郷線
材木町,関越交通（株）,"猿ヶ京線：蟹枠団地経由, 猿ヶ京線：矢瀬遺跡経由"
材木町,沼田市,"迦葉山線, 岩本線, 佐山線, 中山本宿線, 南郷線"
材木町,昭和村,"永井線, 昭和村循環線, 赤谷・桜循環線"
沼田高校前,関越交通（株）,鎌田線
沼田高校前,川場村,"川場循環線：生品先回り, 川場循環線：立岩先回り"
国立病院北,沼田市,迦葉山線
寺貝戸,昭和村,昭和村循環線
国立病院,沼田市,"岩本線, 佐山線, 南郷線"
東倉内町,関越交通（株）,"猿ヶ京線：蟹枠団地経由, 猿ヶ京線：矢瀬遺跡経由"
東倉内町,沼田市,中山本宿線
神明神社前,関越交通（株）,"鎌田線, 沼田駅〜関越道〜群大病院線"
神明神社前,川場村,"川場循環線：生品先回り, 川場循環線：立岩先回り"
薄根町,関越交通（株）,"猿ヶ京線：蟹枠団地経由, 猿ヶ京線：矢瀬遺跡経由, 鎌田線"
沼田市中央公民館前,関越交通（株）,"猿ヶ京線：蟹枠団地経由, 猿ヶ京線：矢瀬遺跡経由"
沼田市中央公民館前,沼田市,中山本宿線
上沼須新田,沼田市,南郷線
上之町,関越交通（株）,鎌田線
上之町,沼田市,"迦葉山線, 岩本線, 南郷線"
上之町,昭和村,"永井線, 昭和村循環線, 赤谷・桜循環線"
上之町,川場村,"川場循環線：生品先回り, 川場循環線：立岩先回り"
榛名町,関越交通（株）,"猿ヶ京線：蟹枠団地経由, 猿ヶ京線：矢瀬遺跡経由"
榛名町,沼田市,"岩本線, 中山本宿線"
花敷温泉口,中之条町,花敷温泉野反湖線
沼田局前,関越交通（株）,"猿ヶ京線：蟹枠団地経由, 猿ヶ京線：矢瀬遺跡経由"
沼田局前,沼田市,中山本宿線
中町,関越交通（株）,鎌田線
中町,沼田市,"迦葉山線, 岩本線, 佐山線, 南郷線"
中町,川場村,"川場循環線：生品先回り, 川場循環線：立岩先回り"
北清水町,関越交通（株）,"猿ヶ京線：蟹枠団地経由, 猿ヶ京線：矢瀬遺跡経由, 鎌田線"
北清水町,沼田市,中山本宿線
輪組,沼田市,南郷線
テラスぬまた・市役所前,関越交通（株）,"鎌田線, 沼田駅〜関越道〜群大病院線"
テラスぬまた・市役所前,沼田市,"迦葉山線, 岩本線, 佐山線, 南郷線"
テラスぬまた・市役所前,川場村,"川場循環線：生品先回り, 川場循環線：立岩先回り"
馬喰町,沼田市,"佐山線, 南郷線"
馬喰町,昭和村,"永井線, 昭和村循環線, 赤谷・桜循環線"
清水町,関越交通（株）,"猿ヶ京線：蟹枠団地経由, 猿ヶ京線：矢瀬遺跡経由, 鎌田線"
清水町,沼田市,"迦葉山線, 岩本線, 佐山線, 中山本宿線, 南郷線"
清水町,川場村,"川場循環線：生品先回り, 川場循環線：立岩先回り"
自動車教習所前,沼田市,中山本宿線
引沼,中之条町,花敷温泉野反湖線
沼田駅前,関越交通（株）,"猿ヶ京線：蟹枠団地経由, 猿ヶ京線：矢瀬遺跡経由, 鎌田線, 沼田駅〜関越道〜群大病院線"
沼田駅前,川場村,"川場循環線：生品先回り, 川場循環線：立岩先回り"
上沼須東,沼田市,南郷線
沼田駅,沼田市,"迦葉山線, 岩本線, 佐山線, 中山本宿線, 南郷線"
テラスぬまた南,沼田市,岩本線
昭和東小前,昭和村,"昭和村循環線, 赤谷・桜循環線"
岩室発電所入口,沼田市,南郷線
中内,昭和村,"昭和村循環線, 赤谷・桜循環線"
西原新町,沼田市,"佐山線, 南郷線"
旭ヶ丘,沼田市,"佐山線, 南郷線"
旭ヶ丘,昭和村,"永井線, 昭和村循環線, 赤谷・桜循環線"
地蔵橋,沼田市,中山本宿線
上沼須,沼田市,南郷線
上沼須,昭和村,"永井線, 昭和村循環線, 赤谷・桜循環線"
白井野,昭和村,昭和村循環線
上内出,昭和村,"昭和村循環線, 赤谷・桜循環線"
中棚,昭和村,"昭和村循環線, 赤谷・桜循環線"
東電前,沼田市,岩本線
下方,昭和村,"永井線, 昭和村循環線, 赤谷・桜循環線"
世立,中之条町,花敷温泉野反湖線
糸井区民館前,昭和村,"昭和村循環線, 赤谷・桜循環線"
万座温泉上,西武観光バス（株）,M、O、H　軽井沢駅〜万座バスターミナル
旭ヶ丘下,沼田市,佐山線
昭和村役場前,昭和村,"永井線, 昭和村循環線, 赤谷・桜循環線"
二本松入口,昭和村,昭和村循環線
細新道,沼田市,南郷線
細新道,昭和村,"永井線, 昭和村循環線, 赤谷・桜循環線"
園原ダム,沼田市,根利尾瀬高校線
多那公民館前,昭和村,昭和村循環線
糸井宿,昭和村,"昭和村循環線, 赤谷・桜循環線"
万座温泉,西武観光バス（株）,M、O、H　軽井沢駅〜万座バスターミナル
奥万座,西武観光バス（株）,M、O、H　軽井沢駅〜万座バスターミナル
万座プリンスホテル,西武観光バス（株）,M、O、H　軽井沢駅〜万座バスターミナル
白根火山,長電バス（株）,急行　長野-志賀高原線　夏季冬季
白根火山,ジェイアールバス関東（株）・西武観光バス（株）,群馬県草津温泉〜殺生河原〜白根火山
白根火山,西武観光バス（株）,M、O、H　軽井沢駅〜万座バスターミナル
湯原,関越交通（株）,四万温泉線
滝,沼田市,中山本宿線
万座高原ホテル,西武観光バス（株）,M、O、H　軽井沢駅〜万座バスターミナル
新堀,昭和村,"昭和村循環線, 赤谷・桜循環線"
新道入口,沼田市,南郷線
南郷橋,沼田市,"根利尾瀬高校線, 南郷線"
赤城根橋,沼田市,南郷線
平井,沼田市,中山本宿線
万座バスターミナル,西武観光バス（株）,M、O、H　軽井沢駅〜万座バスターミナル
滝見前,中之条町,花敷温泉野反湖線
石戸,昭和村,昭和村循環線
権現峠,沼田市,中山本宿線
利根実業前,沼田市,岩本線
平井公民館前,沼田市,中山本宿線
南郷,沼田市,"根利尾瀬高校線, 南郷線"
糸井河原,昭和村,"永井線, 昭和村循環線, 赤谷・桜循環線"
升形口,沼田市,岩本線
ロックハート城前,沼田市,中山本宿線
湯原橋,関越交通（株）,四万温泉線
多那,昭和村,昭和村循環線
御成山スキー場,ジェイアールバス関東（株）・西武観光バス（株）,群馬県草津温泉〜殺生河原〜白根火山
御成山スキー場,西武観光バス（株）,M、O、H　軽井沢駅〜万座バスターミナル
見寄口,中之条町,花敷温泉野反湖線
今井町,沼田市,中山本宿線
川田学校裏,沼田市,中山本宿線
今井下,沼田市,中山本宿線
二本松,昭和村,昭和村循環線
権現下,沼田市,中山本宿線
川田郵便局前,沼田市,中山本宿線
堂山入口,沼田市,中山本宿線
今井,沼田市,中山本宿線
君の尾,関越交通（株）,四万温泉線
大菅,沼田市,中山本宿線
子持山入口,沼田市,中山本宿線
中山新田,高山村,"1中山本宿〜中之条駅線, 2中山本宿〜日赤病院線, 3中山本宿〜原町ベイシア線"
草津国際スキー場,草津町,A循環（温泉街周辺）
草津温泉スキー場,ジェイアールバス関東（株）・西武観光バス（株）,群馬県草津温泉〜殺生河原〜白根火山
草津温泉スキー場,西武観光バス（株）,M、O、H　軽井沢駅〜万座バスターミナル
関口入口,沼田市,中山本宿線
入沢上,沼田市,中山本宿線
旧南郷小学校,沼田市,根利尾瀬高校線
殺生河原,ジェイアールバス関東（株）・西武観光バス（株）,群馬県草津温泉〜殺生河原〜白根火山
殺生河原,西武観光バス（株）,M、O、H　軽井沢駅〜万座バスターミナル
十二平入口,沼田市,中山本宿線
ベルツこども園前,草津町,"A循環（温泉街周辺）, C循環（南本町・昭和区方面）, D循環（こども園帰り便）"
ナウリゾート前,草津町,"A循環（温泉街周辺）, C循環（南本町・昭和区方面）, D循環（こども園帰り便）"
中山本宿,沼田市,中山本宿線
中山本宿,高山村,"1中山本宿〜中之条駅線, 2中山本宿〜日赤病院線, 3中山本宿〜原町ベイシア線"
美の原入口,関越交通（株）,四万温泉線
レクの森入口,草津町,"A循環（温泉街周辺）, C循環（南本町・昭和区方面）, D循環（こども園帰り便）"
長者久保入口,昭和村,"昭和村循環線, 赤谷・桜循環線"
西の河原露天風呂入口,草津町,"A循環（温泉街周辺）, C循環（南本町・昭和区方面）"
昭和中学校前,昭和村,"永井線, 昭和村循環線, 赤谷・桜循環線"
テルメテルメ前,草津町,"A循環（温泉街周辺）, C循環（南本町・昭和区方面）, D循環（こども園帰り便）"
利根中央病院,沼田市,岩本線
西の河原公園駐車場前,草津町,"A循環（温泉街周辺）, C循環（南本町・昭和区方面）, D循環（こども園帰り便）"
弁天橋,西武観光バス（株）,M、O、H　軽井沢駅〜万座バスターミナル
田中,沼田市,中山本宿線
入沢下,沼田市,中山本宿線
橡久保入口,昭和村,"永井線, 赤谷・桜循環線"
中和工場入口,草津町,"A循環（温泉街周辺）, C循環（南本町・昭和区方面）, D循環（こども園帰り便）"
寺尾,沼田市,中山本宿線
南原,昭和村,昭和村循環線
沢渡温泉,関越交通（株）,"沢渡線：山田経由, 沢渡線：上之町経由, 沢渡線：中之条ガーデンズ経由"
五領口,高山村,"1中山本宿〜中之条駅線, 2中山本宿〜日赤病院線, 3中山本宿〜原町ベイシア線"
鶴太郎美術館入口,草津町,"A循環（温泉街周辺）, C循環（南本町・昭和区方面）"
北群馬信用金庫前,草津町,A循環（温泉街周辺）
総合運動公園,昭和村,赤谷・桜循環線
中野,昭和村,昭和村循環線
大滝乃湯,草津町,A循環（温泉街周辺）
石古根,高山村,"1中山本宿〜中之条駅線, 2中山本宿〜日赤病院線, 3中山本宿〜原町ベイシア線"
湯畑白旗の湯前,草津町,A循環（温泉街周辺）
関田,高山村,"1中山本宿〜中之条駅線, 2中山本宿〜日赤病院線, 3中山本宿〜原町ベイシア線"
温泉口,関越交通（株）,"沢渡線：山田経由, 沢渡線：上之町経由, 沢渡線：中之条ガーデンズ経由"
高山温泉,高山村,"1中山本宿〜中之条駅線, 2中山本宿〜日赤病院線, 3中山本宿〜原町ベイシア線"
草津熱帯圏,草津町,A循環（温泉街周辺）
八十八カ所,草津町,"A循環（温泉街周辺）, C循環（南本町・昭和区方面）, D循環（こども園帰り便）"
四万湖,関越交通（株）,四万温泉線
公園墓地,草津町,C循環（南本町・昭和区方面）
つつじ亭前,草津町,"A循環（温泉街周辺）, C循環（南本町・昭和区方面）, D循環（こども園帰り便）"
本多酒店前,草津町,C循環（南本町・昭和区方面）
巽の湯,草津町,"C循環（南本町・昭和区方面）, D循環（こども園帰り便）"
沢渡,関越交通（株）,"沢渡線：山田経由, 沢渡線：上之町経由, 沢渡線：中之条ガーデンズ経由"
高山小学校前,高山村,"1中山本宿〜中之条駅線, 2中山本宿〜日赤病院線, 3中山本宿〜原町ベイシア線"
ベルツの里,草津町,"A循環（温泉街周辺）, C循環（南本町・昭和区方面）, D循環（こども園帰り便）"
ベルツの里,ジェイアールバス関東（株）・西武観光バス（株）,群馬県草津温泉〜殺生河原〜白根火山
ベルツの里,西武観光バス（株）,M、O、H　軽井沢駅〜万座バスターミナル
高山役場前,高山村,"1中山本宿〜中之条駅線, 2中山本宿〜日赤病院線, 3中山本宿〜原町ベイシア線"
清水畳店前,草津町,"C循環（南本町・昭和区方面）, D循環（こども園帰り便）"
総合保健福祉センター,草津町,"A循環（温泉街周辺）, B循環（前口方面）, C循環（南本町・昭和区方面）, D循環（こども園帰り便）"
草津温泉,草軽交通（株）,"草津温泉〜西吾妻病院〜軽井沢, 草津温泉〜北軽井沢"
草津温泉,西武観光バス（株）,"M、O、H　軽井沢駅〜万座バスターミナル, S　軽井沢駅〜草津温泉"
草津温泉,長電バス（株）,急行　長野-志賀高原線　夏季冬季
草津温泉,ジェイアールバス関東（株）,草津温泉〜長野原草津口
草津温泉,ジェイアールバス関東（株）・西武観光バス（株）,群馬県草津温泉〜殺生河原〜白根火山
新橋,沼田市,岩本線
草津温泉バスターミナル,草津町,"A循環（温泉街周辺）, B循環（前口方面）, C循環（南本町・昭和区方面）"
昭和公園前,草津町,C循環（南本町・昭和区方面）
反下口,関越交通（株）,"沢渡線：山田経由, 沢渡線：上之町経由, 沢渡線：中之条ガーデンズ経由"
大河原,昭和村,昭和村循環線
向判形,高山村,"1中山本宿〜中之条駅線, 2中山本宿〜日赤病院線, 3中山本宿〜原町ベイシア線"
戸室,高山村,"1中山本宿〜中之条駅線, 2中山本宿〜日赤病院線, 3中山本宿〜原町ベイシア線"
追分,昭和村,昭和村循環線
布施医院前,草津町,"A循環（温泉街周辺）, B循環（前口方面）, C循環（南本町・昭和区方面）, D循環（こども園帰り便）"
赤狩,高山村,"1中山本宿〜中之条駅線, 2中山本宿〜日赤病院線, 3中山本宿〜原町ベイシア線"
鎌沢,昭和村,"永井線, 赤谷・桜循環線"
草津郵便局,草津町,"C循環（南本町・昭和区方面）, D循環（こども園帰り便）"
溝口,高山村,"1中山本宿〜中之条駅線, 2中山本宿〜日赤病院線, 3中山本宿〜原町ベイシア線"
本町（スーパー大津前）,草津町,"C循環（南本町・昭和区方面）, D循環（こども園帰り便）"
季の庭下,草津町,C循環（南本町・昭和区方面）
草津こまくさ病院前,草津町,A循環（温泉街周辺）
学校前,草津町,"A循環（温泉街周辺）, B循環（前口方面）, C循環（南本町・昭和区方面）, D循環（こども園帰り便）"
学校前［草津中］,ジェイアールバス関東（株）,草津温泉〜長野原草津口
赤谷入口,昭和村,昭和村循環線
草津クリニック前,草津町,C循環（南本町・昭和区方面）
ペンションブランシェ前,草津町,C循環（南本町・昭和区方面）
赤谷下,昭和村,赤谷・桜循環線
戸鹿野橋,沼田市,岩本線
大河原小前,昭和村,昭和村循環線
大森神社前,昭和村,"永井線, 赤谷・桜循環線"
尻高,高山村,"1中山本宿〜中之条駅線, 2中山本宿〜日赤病院線, 3中山本宿〜原町ベイシア線"
湯原,関越交通（株）,"沢渡線：山田経由, 沢渡線：上之町経由, 沢渡線：中之条ガーデンズ経由"
南本町児童公園前,草津町,C循環（南本町・昭和区方面）
入沢口,高山村,"1中山本宿〜中之条駅線, 2中山本宿〜日赤病院線, 3中山本宿〜原町ベイシア線"
婦人の家,沼田市,岩本線
赤城沢橋,沼田市,根利尾瀬高校線
草津入口,草軽交通（株）,"草津温泉〜西吾妻病院〜軽井沢, 草津温泉〜北軽井沢"
運動茶屋,草津町,"A循環（温泉街周辺）, B循環（前口方面）, C循環（南本町・昭和区方面）, D循環（こども園帰り便）"
運動茶屋,西武観光バス（株）,S　軽井沢駅〜草津温泉
運動茶屋,ジェイアールバス関東（株）,草津温泉〜長野原草津口
梨木,中之条町,花敷温泉野反湖線
赤谷,昭和村,赤谷・桜循環線
開協前,昭和村,昭和村循環線
東大塚,高山村,"1中山本宿〜中之条駅線, 2中山本宿〜日赤病院線, 3中山本宿〜原町ベイシア線"
正禅寺,昭和村,赤谷・桜循環線
久呂保農協前,昭和村,永井線
小松集会所,沼田市,根利尾瀬高校線
沢口,関越交通（株）,四万温泉線
草津ヒルズ前,草津町,C循環（南本町・昭和区方面）
下梨木,中之条町,花敷温泉野反湖線
道の駅,草津町,"A循環（温泉街周辺）, B循環（前口方面）"
一ノ沢前,草津町,"C循環（南本町・昭和区方面）, D循環（こども園帰り便）"
八尺,関越交通（株）,"沢渡線：山田経由, 沢渡線：上之町経由, 沢渡線：中之条ガーデンズ経由"
大塚,高山村,"1中山本宿〜中之条駅線, 2中山本宿〜日赤病院線, 3中山本宿〜原町ベイシア線"
昭和インター入口,昭和村,赤谷・桜循環線
赤谷区民館前,昭和村,赤谷・桜循環線
屋形原,沼田市,岩本線
本白根農場前,草津町,B循環（前口方面）
本白根農場前,ジェイアールバス関東（株）,草津温泉〜長野原草津口
本白根団地前,草津町,"C循環（南本町・昭和区方面）, D循環（こども園帰り便）"
藤井,昭和村,永井線
前原団地,草津町,C循環（南本町・昭和区方面）
伊賀野口,関越交通（株）,"沢渡線：山田経由, 沢渡線：上之町経由, 沢渡線：中之条ガーデンズ経由"
大原入口,高山村,"1中山本宿〜中之条駅線, 2中山本宿〜日赤病院線, 3中山本宿〜原町ベイシア線"
赤谷上,昭和村,赤谷・桜循環線
湯の平温泉口,中之条町,花敷温泉野反湖線
沢田農協前,関越交通（株）,四万温泉線
宮貝戸,昭和村,永井線
下原,昭和村,赤谷・桜循環線
菅田口,関越交通（株）,"沢渡線：山田経由, 沢渡線：上之町経由, 沢渡線：中之条ガーデンズ経由"
二日市,高山村,"1中山本宿〜中之条駅線, 2中山本宿〜日赤病院線, 3中山本宿〜原町ベイシア線"
旧根利小学校,沼田市,根利尾瀬高校線
静可山入口,草津町,B循環（前口方面）
静可山入口,ジェイアールバス関東（株）,草津温泉〜長野原草津口
道の駅六合,中之条町,花敷温泉野反湖線
下沢渡,関越交通（株）,"四万温泉線, 沢渡線：上之町経由, 沢渡線：中之条ガーデンズ経由"
赤城原開協前,昭和村,赤谷・桜循環線
金久保橋,沼田市,根利尾瀬高校線
名久田小学校前,高山村,"1中山本宿〜中之条駅線, 2中山本宿〜日赤病院線, 3中山本宿〜原町ベイシア線"
赤城原,昭和村,赤谷・桜循環線
上原,昭和村,赤谷・桜循環線
根利集会所,沼田市,根利尾瀬高校線
久呂保橋,沼田市,岩本線
入沢,昭和村,永井線
高沼,関越交通（株）,沢渡線：山田経由
赤仁田,ジェイアールバス関東（株）,草津温泉〜長野原草津口
赤仁田,草津町,B循環（前口方面）
六合中学校前,中之条町,花敷温泉野反湖線
下平,高山村,"1中山本宿〜中之条駅線, 2中山本宿〜日赤病院線, 3中山本宿〜原町ベイシア線"
岩本駅,沼田市,岩本線
赤城林間学園,昭和村,赤谷・桜循環線
松之木平第1入口,昭和村,赤谷・桜循環線
名久田橋,高山村,"1中山本宿〜中之条駅線, 2中山本宿〜日赤病院線, 3中山本宿〜原町ベイシア線"
入原,昭和村,永井線
上折田,関越交通（株）,"四万温泉線, 沢渡線：上之町経由, 沢渡線：中之条ガーデンズ経由"
中之条ガーデンズ,関越交通（株）,"四万温泉線, 沢渡線：中之条ガーデンズ経由"
小雨駐在所前,中之条町,花敷温泉野反湖線
上組,沼田市,岩本線
桐生地区,昭和村,赤谷・桜循環線
清水［中之条町］,関越交通（株）,沢渡線：山田経由
小雨,中之条町,花敷温泉野反湖線
天神,高山村,"1中山本宿〜中之条駅線, 2中山本宿〜日赤病院線, 3中山本宿〜原町ベイシア線"
板戸,昭和村,赤谷・桜循環線
岩本分教場下,沼田市,岩本線
上妻,関越交通（株）,"四万温泉線, 沢渡線：上之町経由, 沢渡線：中之条ガーデンズ経由"
郵便局前,中之条町,花敷温泉野反湖線
横尾,高山村,"1中山本宿〜中之条駅線, 2中山本宿〜日赤病院線, 3中山本宿〜原町ベイシア線"
清水,昭和村,永井線
天神原,関越交通（株）,"四万温泉線, 沢渡線：上之町経由, 沢渡線：中之条ガーデンズ経由"
草津谷所,ジェイアールバス関東（株）,草津温泉〜長野原草津口
谷所,草津町,B循環（前口方面）
永井口,昭和村,永井線
谷所,草津町,B循環（前口方面）
谷所,西武観光バス（株）,S　軽井沢駅〜草津温泉
山田,関越交通（株）,沢渡線：山田経由
成田口,関越交通（株）,"四万温泉線, 沢渡線：上之町経由, 沢渡線：中之条ガーデンズ経由"
十二様前,昭和村,赤谷・桜循環線
上野,沼田市,岩本線
下折田,関越交通（株）,"四万温泉線, 沢渡線：上之町経由"
吾妻中央高校,東吾妻町,大戸線
草津ホンダ前,草津町,B循環（前口方面）
中原,西武観光バス（株）,S　軽井沢駅〜草津温泉
旧前口保育園前,草津町,B循環（前口方面）
箱根神社,昭和村,永井線
小川入口,関越交通（株）,"四万温泉線, 沢渡線：上之町経由"
石橋,関越交通（株）,沢渡線：山田経由
嬬恋牧場愛妻の鐘,西武観光バス（株）,M、O、H　軽井沢駅〜万座バスターミナル
桜,昭和村,赤谷・桜循環線
促進住宅前,関越交通（株）,沢渡線：山田経由
下永井,昭和村,永井線
鳥居原,高山村,"1中山本宿〜中之条駅線, 2中山本宿〜日赤病院線, 3中山本宿〜原町ベイシア線"
文化会館前,関越交通（株）,"四万温泉線, 沢渡線：上之町経由"
オガワハウス,関越交通（株）,"沢渡線：山田経由, 沢渡線：中之条ガーデンズ経由"
永井中,昭和村,永井線
太子,中之条町,花敷温泉野反湖線
西中之条,関越交通（株）,"四万温泉線, 沢渡線：上之町経由"
博物館前,関越交通（株）,"四万温泉線, 沢渡線：上之町経由"
博物館前,高山村,"2中山本宿〜日赤病院線, 3中山本宿〜原町ベイシア線"
関水,沼田市,岩本線
四万新道,関越交通（株）,"四万温泉線, 沢渡線：上之町経由"
上之町,関越交通（株）,"四万温泉線, 沢渡線：上之町経由"
上之町,高山村,"2中山本宿〜日赤病院線, 3中山本宿〜原町ベイシア線"
合同庁舎入口,関越交通（株）,"四万温泉線, 沢渡線：上之町経由"
合同庁舎入口,高山村,"2中山本宿〜日赤病院線, 3中山本宿〜原町ベイシア線"
草津前口,草津町,B循環（前口方面）
草津前口,西武観光バス（株）,S　軽井沢駅〜草津温泉
名久田口,高山村,"1中山本宿〜中之条駅線, 2中山本宿〜日赤病院線, 3中山本宿〜原町ベイシア線"
伊参橋,高山村,"1中山本宿〜中之条駅線, 2中山本宿〜日赤病院線, 3中山本宿〜原町ベイシア線"
駅入口,高山村,"1中山本宿〜中之条駅線, 2中山本宿〜日赤病院線, 3中山本宿〜原町ベイシア線"
吾妻中央高校入口,高山村,"2中山本宿〜日赤病院線, 3中山本宿〜原町ベイシア線"
高校入口,関越交通（株）,"四万温泉線, 沢渡線：山田経由, 沢渡線：上之町経由, 沢渡線：中之条ガーデンズ経由"
赤城久呂保高原,昭和村,赤谷・桜循環線
新田,高山村,"2中山本宿〜日赤病院線, 3中山本宿〜原町ベイシア線"
永井,昭和村,永井線
上小川,関越交通（株）,"沢渡線：山田経由, 沢渡線：中之条ガーデンズ経由"
温泉センター,沼田市,岩本線
中原,草津町,B循環（前口方面）
中之条駅,関越交通（株）,"四万温泉線, 沢渡線：山田経由, 沢渡線：上之町経由, 沢渡線：中之条ガーデンズ経由"
中之条駅,東吾妻町,大戸線
中之条駅,高山村,"1中山本宿〜中之条駅線, 2中山本宿〜日赤病院線, 3中山本宿〜原町ベイシア線"
ヤオコー前,関越交通（株）,"沢渡線：山田経由, 沢渡線：中之条ガーデンズ経由"
上野入口,渋川市,渋川駅〜桜の木線
上野入口,沼田市,岩本線
座禅草公園入口,草津町,B循環（前口方面）
太陽誘電前,関越交通（株）,"沢渡線：山田経由, 沢渡線：中之条ガーデンズ経由"
昭和の森山荘前,昭和村,赤谷・桜循環線
小川住宅入口,関越交通（株）,"沢渡線：山田経由, 沢渡線：中之条ガーデンズ経由"
伊勢の森,高山村,"2中山本宿〜日赤病院線, 3中山本宿〜原町ベイシア線"
井堀,草津町,B循環（前口方面）
井堀,ジェイアールバス関東（株）,草津温泉〜長野原草津口
旧太子駅,中之条町,花敷温泉野反湖線
土木事務所前,関越交通（株）,"沢渡線：山田経由, 沢渡線：中之条ガーデンズ経由"
伊勢宮下,関越交通（株）,"沢渡線：山田経由, 沢渡線：中之条ガーデンズ経由"
赤川原,草津町,B循環（前口方面）
苗圃前,草津町,B循環（前口方面）
苗圃前,西武観光バス（株）,S　軽井沢駅〜草津温泉
綾戸橋,渋川市,渋川駅〜桜の木線
駐在所前,赤城観光自動車（株）,"沢入線, 沢入線：運動公園経由, 沢入線：国民宿舎経由"
沢入駅,赤城観光自動車（株）,"沢入線, 沢入線：運動公園経由, 沢入線：国民宿舎経由"
羽根尾別荘地入口,西武観光バス（株）,S　軽井沢駅〜草津温泉
大杉,中之条町,花敷温泉野反湖線
オートキャンプ場,赤城観光自動車（株）,"沢入線, 沢入線：運動公園経由, 沢入線：国民宿舎経由"
草津ゴルフ場前,ジェイアールバス関東（株）,草津温泉〜長野原草津口
仙之入四ツ角,西武観光バス（株）,S　軽井沢駅〜草津温泉
南大橋,中之条町,花敷温泉野反湖線
田端,中之条町,花敷温泉野反湖線
東橋,東吾妻町,湯中子線
吾妻脳外科前,高山村,"2中山本宿〜日赤病院線, 3中山本宿〜原町ベイシア線"
明神前,東吾妻町,湯中子線
岩井地蔵前,東吾妻町,湯中子線
東宮団地,赤城観光自動車（株）,"沢入線, 沢入線：運動公園経由, 沢入線：国民宿舎経由"
岩井山根口,東吾妻町,湯中子線
上組,東吾妻町,湯中子線
仙之入,西武観光バス（株）,S　軽井沢駅〜草津温泉
槻の木,東吾妻町,湯中子線
Aコープ裏,東吾妻町,"大戸線, 天狗の湯循環線, 湯中子線"
八沢,赤城観光自動車（株）,"沢入線, 沢入線：運動公園経由, 沢入線：国民宿舎経由"
原町ベイシア,高山村,3中山本宿〜原町ベイシア線
桜の木,渋川市,渋川駅〜桜の木線
伊勢町口,東吾妻町,湯中子線
下の町,東吾妻町,湯中子線
太田公民館前,東吾妻町,湯中子線
日赤病院,東吾妻町,"大戸線, 天狗の湯循環線, 湯中子線"
日赤病院,高山村,"2中山本宿〜日赤病院線, 3中山本宿〜原町ベイシア線"
川中温泉口,東吾妻町,天狗の湯循環線
日赤前,東吾妻町,"大戸線, 湯中子線"
原町駅北口,東吾妻町,大戸線
東吾妻町役場,東吾妻町,"大戸線, 天狗の湯循環線, 湯中子線"
原町駅,東吾妻町,"大戸線, 天狗の湯循環線, 湯中子線"
太田農協前,東吾妻町,湯中子線
天狗の湯,東吾妻町,天狗の湯循環線
松谷,東吾妻町,天狗の湯循環線
中沢,中之条町,花敷温泉野反湖線
紺屋町,東吾妻町,"大戸線, 天狗の湯循環線"
上郷,東吾妻町,天狗の湯循環線
赤岩入口,中之条町,花敷温泉野反湖線
洞口,ジェイアールバス関東（株）,草津温泉〜長野原草津口
出立橋,中之条町,花敷温泉野反湖線
上組,東吾妻町,天狗の湯循環線
小泉神社前,東吾妻町,湯中子線
追付橋,赤城観光自動車（株）,小中線
暮沢,渋川市,渋川駅〜桜の木線
下組,東吾妻町,天狗の湯循環線
大戸口,東吾妻町,"大戸線, 天狗の湯循環線"
大沢,東吾妻町,天狗の湯循環線
漆貝戸,東吾妻町,天狗の湯循環線
柏ケ谷,赤城観光自動車（株）,小中線
泉沢口,東吾妻町,湯中子線
寒沢,赤城観光自動車（株）,"沢入線, 沢入線：運動公園経由, 沢入線：国民宿舎経由"
広池,中之条町,花敷温泉野反湖線
石津,西武観光バス（株）,S　軽井沢駅〜草津温泉
湯窪入口,ジェイアールバス関東（株）,草津温泉〜長野原草津口
内出,東吾妻町,"大戸線, 天狗の湯循環線"
原町発電所前,東吾妻町,天狗の湯循環線
御園,東吾妻町,湯中子線
岩島駅前,東吾妻町,天狗の湯循環線
小川田橋,渋川市,渋川駅〜深山線
細谷,東吾妻町,天狗の湯循環線
久保,渋川市,渋川駅〜深山線
暮坪,赤城観光自動車（株）,小中線
草木橋,赤城観光自動車（株）,"沢入線, 沢入線：運動公園経由, 沢入線：国民宿舎経由, 美術館線：あずま小学校経由, 美術館線：運動公園経由"
下石津,西武観光バス（株）,S　軽井沢駅〜草津温泉
清水橋,渋川市,渋川駅〜深山線
吾妻立石,ジェイアールバス関東（株）,草津温泉〜長野原草津口
糀屋,東吾妻町,湯中子線
公民館前,渋川市,渋川駅〜深山線
年丸橋,渋川市,渋川駅〜深山線
日陰橋,渋川市,渋川駅〜深山線
上白井一軒屋,渋川市,渋川駅〜桜の木線
深山,渋川市,渋川駅〜深山線
机,東吾妻町,天狗の湯循環線
地蔵堂,渋川市,渋川駅〜深山線
あづま温泉桔梗館,東吾妻町,湯中子線
二軒屋橋,ジェイアールバス関東（株）,草津温泉〜長野原草津口
あづま温泉入口,東吾妻町,湯中子線
立石,東吾妻町,天狗の湯循環線
岩下,東吾妻町,天狗の湯循環線
上の宮,東吾妻町,"大戸線, 天狗の湯循環線"
貝瀬,中之条町,花敷温泉野反湖線
小野上温泉駅入口,渋川市,渋川駅〜小野上温泉線
センター入口,渋川市,渋川駅〜小野上温泉線
羽越平,東吾妻町,湯中子線
上白井,渋川市,渋川駅〜桜の木線
西吾妻福祉病院,草軽交通（株）,"草津温泉〜西吾妻病院〜軽井沢, 草津温泉〜北軽井沢"
西吾妻福祉病院,ジェイアールバス関東（株）,草津温泉〜長野原草津口
根古屋,東吾妻町,天狗の湯循環線
地域振興センター前,東吾妻町,天狗の湯循環線
仙石,渋川市,渋川駅〜深山線
小野上温泉センター,渋川市,渋川駅〜小野上温泉線
麻の里会館,東吾妻町,天狗の湯循環線
嬬恋プリンスホテル前,西武観光バス（株）,M、O、H　軽井沢駅〜万座バスターミナル
上大津,ジェイアールバス関東（株）,草津温泉〜長野原草津口
袖丸,赤城観光自動車（株）,小中線
堂西,草軽交通（株）,北軽井沢〜長野原草津口
堂西,ジェイアールバス関東（株）,草津温泉〜長野原草津口
行沢,東吾妻町,天狗の湯循環線
サンレイク草木,赤城観光自動車（株）,"沢入線：運動公園経由, 沢入線：国民宿舎経由, 美術館線：あずま小学校経由, 美術館線：運動公園経由"
西沢,東吾妻町,湯中子線
坪井平,草軽交通（株）,北軽井沢〜長野原草津口
坪井平,ジェイアールバス関東（株）,草津温泉〜長野原草津口
上州大津,ジェイアールバス関東（株）,草津温泉〜長野原草津口
大津,草軽交通（株）,北軽井沢〜長野原草津口
警察署前（長野原）,草軽交通（株）,北軽井沢〜長野原草津口
警察署前［長野原町］,ジェイアールバス関東（株）,草津温泉〜長野原草津口
東支所前,東吾妻町,湯中子線
富弘美術館,赤城観光自動車（株）,"沢入線, 沢入線：運動公園経由, 沢入線：国民宿舎経由, 美術館線：あずま小学校経由, 美術館線：運動公園経由"
赤城北中学校前,渋川市,渋川駅〜深山線
嬬恋高原,西武観光バス（株）,M、O、H　軽井沢駅〜万座バスターミナル
羽根尾発電所,草軽交通（株）,"草津温泉〜西吾妻病院〜軽井沢, 草津温泉〜北軽井沢, 北軽井沢〜長野原草津口"
上の町,草軽交通（株）,北軽井沢〜長野原草津口
上の町,ジェイアールバス関東（株）,草津温泉〜長野原草津口
小野上駅,渋川市,渋川駅〜小野上温泉線
小野上駅,東吾妻町,湯中子線
西滝,渋川市,渋川駅〜小野上温泉線
JRバス長野原支店前,草軽交通（株）,北軽井沢〜長野原草津口
JRバス長野原支店前,ジェイアールバス関東（株）,草津温泉〜長野原草津口
太郎谷戸,東吾妻町,湯中子線
矢倉駅前,東吾妻町,天狗の湯循環線
橋詰,東吾妻町,"大戸線, 天狗の湯循環線"
仲の町,草軽交通（株）,北軽井沢〜長野原草津口
中の町［長野原町］,ジェイアールバス関東（株）,草津温泉〜長野原草津口
唐堀,東吾妻町,天狗の湯循環線
羽根尾公民館前,草軽交通（株）,"草津温泉〜西吾妻病院〜軽井沢, 草津温泉〜北軽井沢, 北軽井沢〜長野原草津口"
下の町,草軽交通（株）,北軽井沢〜長野原草津口
下の町,ジェイアールバス関東（株）,草津温泉〜長野原草津口
農協前,東吾妻町,湯中子線
湖尻厚生団地入口,関越交通（株）,"赤城山線：前橋〜赤城山, 赤城山線：前橋〜富士見〜赤城山"
湖尻厚生団地入口,前橋市,赤城山線
唐沢,東吾妻町,天狗の湯循環線
上宿,渋川市,渋川駅〜深山線
上小野子,渋川市,渋川駅〜小野上温泉線
応桑道,草軽交通（株）,"草津温泉〜西吾妻病院〜軽井沢, 草津温泉〜北軽井沢, 北軽井沢〜長野原草津口"
赤城少年自然の家,関越交通（株）,"赤城山線：前橋〜赤城山, 赤城山線：前橋〜富士見〜赤城山"
赤城少年自然の家,前橋市,赤城山線
東小学校前,東吾妻町,湯中子線
甲里,渋川市,渋川駅〜小野上温泉線
郷原駅,東吾妻町,天狗の湯循環線
あかぎ広場前,関越交通（株）,"赤城山線：前橋〜赤城山, 赤城山線：前橋〜富士見〜赤城山"
あかぎ広場前,前橋市,赤城山線
万木沢,東吾妻町,天狗の湯循環線
伊熊,渋川市,渋川駅〜桜の木線
須川橋,草軽交通（株）,北軽井沢〜長野原草津口
須川橋,中之条町,花敷温泉野反湖線
須川橋,ジェイアールバス関東（株）,草津温泉〜長野原草津口
津久田小前,渋川市,渋川駅〜深山線
小野子河原,渋川市,渋川駅〜小野上温泉線
展望台下,関越交通（株）,"赤城山線：前橋〜赤城山, 赤城山線：前橋〜富士見〜赤城山"
展望台下,前橋市,赤城山線
湯窪,西武観光バス（株）,S　軽井沢駅〜草津温泉
花小橋,赤城観光自動車（株）,"小中線, 二区集会所線"
長野原草津口,草軽交通（株）,北軽井沢〜長野原草津口
長野原草津口,中之条町,花敷温泉野反湖線
長野原草津口,ジェイアールバス関東（株）,草津温泉〜長野原草津口
四戸,東吾妻町,天狗の湯循環線
赤城山大洞,関越交通（株）,"赤城山線：前橋〜赤城山, 赤城山線：前橋〜富士見〜赤城山"
赤城山大洞,前橋市,赤城山線
箱島発電所前,東吾妻町,湯中子線
本田中,東吾妻町,"大戸線, 天狗の湯循環線"
覚満淵入口,関越交通（株）,"赤城山線：前橋〜赤城山, 赤城山線：前橋〜富士見〜赤城山"
覚満淵入口,前橋市,赤城山線
田中,東吾妻町,"大戸線, 天狗の湯循環線"
六萬,渋川市,渋川駅〜深山線
伊香保口,東吾妻町,湯中子線
小野子,渋川市,渋川駅〜小野上温泉線
梅木,渋川市,渋川駅〜桜の木線
箱島,東吾妻町,湯中子線
腰越,赤城観光自動車（株）,"小中線, 二区集会所線"
岡崎,渋川市,渋川駅〜神田原・祖母島線
新井,東吾妻町,"大戸線, 天狗の湯循環線"
赤城山ビジターセンター,関越交通（株）,"赤城山線：前橋〜赤城山, 赤城山線：前橋〜富士見〜赤城山"
赤城山ビジターセンター,前橋市,赤城山線
採石場入口,渋川市,渋川駅〜神田原・祖母島線
箱島下宿,東吾妻町,湯中子線
新坂平,関越交通（株）,"赤城山線：前橋〜赤城山, 赤城山線：前橋〜富士見〜赤城山"
新坂平,前橋市,赤城山線
ダムサイド,赤城観光自動車（株）,"沢入線, 沢入線：運動公園経由, 沢入線：国民宿舎経由, 美術館線：あずま小学校経由, 美術館線：運動公園経由"
古森,草軽交通（株）,"草津温泉〜西吾妻病院〜軽井沢, 草津温泉〜北軽井沢, 北軽井沢〜長野原草津口"
岩井堂,西武観光バス（株）,"M、O、H　軽井沢駅〜万座バスターミナル, S　軽井沢駅〜草津温泉"
上の山,西武観光バス（株）,M、O、H　軽井沢駅〜万座バスターミナル
赤城高原ホスピタル口,渋川市,渋川駅〜勝保沢線
華蔵寺,渋川市,渋川駅〜深山線
あかぎ育成園入口,渋川市,渋川駅〜勝保沢線
はんのき沢,草軽交通（株）,"草津温泉〜西吾妻病院〜軽井沢, 草津温泉〜北軽井沢, 北軽井沢〜長野原草津口"
祖母島神社前,渋川市,渋川駅〜神田原・祖母島線
阿入橋,赤城観光自動車（株）,"小中線, 二区集会所線"
堀之内,渋川市,渋川駅〜深山線
栃原,赤城観光自動車（株）,二区集会所線
清水寺前,赤城観光自動車（株）,"沢入線, 沢入線：国民宿舎経由, 美術館線：あずま小学校経由"
神戸原,赤城観光自動車（株）,"沢入線, 沢入線：国民宿舎経由, 美術館線：あずま小学校経由"
石合,渋川市,渋川駅〜小野上温泉線
津久田,渋川市,渋川駅〜深山線
改善センター前,赤城観光自動車（株）,"花輪線（みどり市）, 小中線, 沢入線, 沢入線：国民宿舎経由, 二区集会所線, 美術館線：あずま小学校経由"
角屋前,赤城観光自動車（株）,"花輪線（みどり市）, 小中線, 二区集会所線"
上野原口,渋川市,渋川駅〜小野上温泉線
与喜屋口,草軽交通（株）,"草津温泉〜西吾妻病院〜軽井沢, 草津温泉〜北軽井沢, 北軽井沢〜長野原草津口"
祖母島駅入口,渋川市,渋川駅〜神田原・祖母島線
長坂,渋川市,渋川駅〜桜の木線
東三原,西武観光バス（株）,"M、O、H　軽井沢駅〜万座バスターミナル, S　軽井沢駅〜草津温泉"
あずま小学校,赤城観光自動車（株）,"花輪線（みどり市）, 小中線, 沢入線, 沢入線：国民宿舎経由, 二区集会所線, 美術館線：あずま小学校経由"
敷島駅前,渋川市,渋川駅〜深山線
橋詰入口,赤城観光自動車（株）,"沢入線：運動公園経由, 美術館線：運動公園経由"
赤城インター前,渋川市,渋川駅〜勝保沢線
松島橋入口,赤城観光自動車（株）,"花輪線（みどり市）, 小中線, 二区集会所線"
神戸駅,赤城観光自動車（株）,"花輪線（みどり市）, 小中線, 沢入線, 沢入線：運動公園経由, 沢入線：国民宿舎経由, 二区集会所線, 美術館線：あずま小学校経由, 美術館線：運動公園経由"
運動公園,赤城観光自動車（株）,"沢入線：運動公園経由, 美術館線：運動公園経由"
滝の上橋,赤城観光自動車（株）,"沢入線：運動公園経由, 美術館線：運動公園経由"
童謡ふるさと館,赤城観光自動車（株）,"沢入線：運動公園経由, 美術館線：運動公園経由"
蘭塔場,赤城観光自動車（株）,"沢入線：運動公園経由, 美術館線：運動公園経由"
一杯清水,関越交通（株）,"赤城山線：前橋〜赤城山, 赤城山線：前橋〜富士見〜赤城山"
一杯清水,前橋市,赤城山線
祖母島弁天前,渋川市,渋川駅〜神田原・祖母島線
小中橋,赤城観光自動車（株）,"花輪線（みどり市）, 小中線, 二区集会所線"
兵庫平,東吾妻町,大戸線
柳平,赤城観光自動車（株）,二区集会所線
赤城総合運動自然公園,渋川市,渋川駅〜勝保沢線
ヘルシーパル赤城・清流の郷,渋川市,渋川駅〜深山線
赤城行政センター,渋川市,渋川駅〜深山線
祖母島立場前,渋川市,渋川駅〜神田原・祖母島線
群馬横堀,渋川市,渋川駅〜小野上温泉線
上の山入口,渋川市,渋川駅〜神田原・祖母島線
ユートピア赤城,渋川市,渋川駅〜深山線
上州三原,西武観光バス（株）,"M、O、H　軽井沢駅〜万座バスターミナル, S　軽井沢駅〜草津温泉"
十二社前,東吾妻町,湯中子線
浅田入口,渋川市,渋川駅〜桜の木線
長藤入口,東吾妻町,大戸線
勝保沢,渋川市,渋川駅〜勝保沢線
二区集会所,赤城観光自動車（株）,二区集会所線
三ケ郷,赤城観光自動車（株）,花輪線（みどり市）
万座鹿沢口駅,西武観光バス（株）,"M、O、H　軽井沢駅〜万座バスターミナル, S　軽井沢駅〜草津温泉"
北渋川,渋川市,渋川駅〜神田原・祖母島線
三原,西武観光バス（株）,"M、O、H　軽井沢駅〜万座バスターミナル, S　軽井沢駅〜草津温泉"
上の山,渋川市,渋川駅〜神田原・祖母島線
水上,渋川市,渋川駅〜勝保沢線
下三ケ郷,赤城観光自動車（株）,花輪線（みどり市）
赤城自然園,関越交通（株）,"伊香保線：女子高経由, 伊香保線：佛光山法水寺経由, 赤城自然園シャトルバス"
赤城自然園,渋川市,渋川駅〜南柏木線
北群馬橋,渋川市,渋川駅〜小野上温泉線
中川島,渋川市,渋川駅〜神田原・祖母島線
中郷,渋川市,渋川駅〜桜の木線
金島駅,渋川市,渋川駅〜神田原・祖母島線
中組,東吾妻町,湯中子線
八幡団地前,渋川市,渋川駅〜小野上温泉線
大谷沢,東吾妻町,大戸線
金島駅前,渋川市,渋川駅〜神田原・祖母島線
箕輪,関越交通（株）,"赤城山線：前橋〜赤城山, 赤城山線：前橋〜富士見〜赤城山"
箕輪,前橋市,赤城山線
さくらの広場入口,関越交通（株）,"赤城山線：前橋〜赤城山, 赤城山線：前橋〜富士見〜赤城山"
さくらの広場入口,前橋市,赤城山線
西替戸,渋川市,渋川駅〜勝保沢線
宮田北組,渋川市,渋川駅〜深山線
殿原,東吾妻町,"大柏木線, 権田大柏木線"
天神,東吾妻町,"大柏木線, 権田大柏木線"
北牧,渋川市,渋川駅〜小野上温泉線
下川島,渋川市,渋川駅〜神田原・祖母島線
堂光原,草軽交通（株）,"草津温泉〜西吾妻病院〜軽井沢, 草津温泉〜北軽井沢, 北軽井沢〜長野原草津口"
大曲,赤城観光自動車（株）,花輪線（みどり市）
子持入口,渋川市,渋川駅〜桜の木線
砂押,東吾妻町,湯中子線
羽田,東吾妻町,"大柏木線, 権田大柏木線"
中峯,渋川市,渋川駅〜勝保沢線
長尾農協前,渋川市,渋川駅〜小野上温泉線
猿谷戸,東吾妻町,"大柏木線, 権田大柏木線"
大柏木,東吾妻町,"大柏木線, 権田大柏木線"
西馬場,渋川市,渋川駅〜神田原・祖母島線
集成館前,渋川市,渋川駅〜深山線
富貴原,渋川市,渋川駅〜神田原・祖母島線
南牧,渋川市,渋川駅〜神田原・祖母島線
長尾小学校下,渋川市,渋川駅〜小野上温泉線
中井,東吾妻町,"大柏木線, 権田大柏木線"
小夜戸入口,赤城観光自動車（株）,花輪線（みどり市）
前畑,渋川市,渋川駅〜勝保沢線
神田原,渋川市,渋川駅〜神田原・祖母島線
岡崎公民館前,東吾妻町,湯中子線
田尻,渋川市,渋川駅〜小野上温泉線
稲田,東吾妻町,大戸線
三軒屋,草軽交通（株）,"草津温泉〜西吾妻病院〜軽井沢, 草津温泉〜北軽井沢, 北軽井沢〜長野原草津口"
鎌原入口,西武観光バス（株）,"M、O、H　軽井沢駅〜万座バスターミナル, S　軽井沢駅〜草津温泉"
金島小入口,渋川市,渋川駅〜青葉台経由りんご団地線
金島農協前,渋川市,"渋川駅〜神田原・祖母島線, 渋川駅〜青葉台経由りんご団地線"
金島ふれあいセンター,渋川市,渋川駅〜青葉台経由りんご団地線
花輪局前,赤城観光自動車（株）,花輪線（みどり市）
不動前,渋川市,渋川駅〜深山線
吹屋,渋川市,渋川駅〜小野上温泉線
宮谷戸,東吾妻町,"大柏木線, 権田大柏木線"
消防署前,渋川市,渋川駅〜小野上温泉線
花輪駅,赤城観光自動車（株）,花輪線（みどり市）
神田原入口,渋川市,渋川駅〜神田原・祖母島線
寺内,渋川市,渋川駅〜勝保沢線
赤城幼稚園,渋川市,渋川駅〜勝保沢線
花輪駅入口,赤城観光自動車（株）,花輪線（みどり市）
上村住民センター,渋川市,渋川駅〜神田原・祖母島線
子持行政センター入口,渋川市,"渋川駅〜桜の木線, 渋川駅〜小野上温泉線"
金井中の町,渋川市,"渋川駅〜神田原・祖母島線, 渋川駅〜青葉台経由りんご団地線"
こもちの湯北,渋川市,渋川駅〜小野上温泉線
桃畑,関越交通（株）,"赤城山線：前橋〜赤城山, 赤城山線：前橋〜富士見〜赤城山"
桃畑,前橋市,赤城山線
子持山学園入口,渋川市,渋川駅〜小野上温泉線
二本樋橋西,渋川市,渋川駅〜青葉台経由りんご団地線
榛名前,東吾妻町,湯中子線
栄分校前,渋川市,渋川駅〜南柏木線
寺内橋,渋川市,渋川駅〜南柏木線
岩鼻,東吾妻町,"大柏木線, 権田大柏木線"
鎌原観音堂前,西武観光バス（株）,"M、O、H　軽井沢駅〜万座バスターミナル, S　軽井沢駅〜草津温泉"
鯉沢,渋川市,"渋川駅〜桜の木線, 渋川駅〜小野上温泉線"
溝呂木四ツ角,渋川市,渋川駅〜南柏木線
広場,東吾妻町,湯中子線
赤城地区住民センター前,渋川市,渋川駅〜勝保沢線
阿久津口,渋川市,"渋川駅〜神田原・祖母島線, 渋川駅〜青葉台経由りんご団地線"
はるな墓地公園,渋川市,渋川温泉〜スカイランドパーク線
鳴瀬,東吾妻町,大戸線
青葉台第一,渋川市,渋川駅〜青葉台経由りんご団地線
白川水門,関越交通（株）,"赤城山線：前橋〜赤城山, 赤城山線：前橋〜富士見〜赤城山"
白川水門,前橋市,赤城山線
諏訪神社前,渋川市,渋川駅〜南柏木線
栄,渋川市,渋川駅〜南柏木線
大戸,東吾妻町,"権田萩生線, 大戸線, 権田大柏木線"
青葉台第二,渋川市,渋川駅〜青葉台経由りんご団地線
滝原口,草軽交通（株）,"草津温泉〜西吾妻病院〜軽井沢, 草津温泉〜北軽井沢, 北軽井沢〜長野原草津口"
大戸坂下,東吾妻町,"権田萩生線, 大戸線, 権田大柏木線"
霜田,東吾妻町,"大柏木線, 権田大柏木線"
南雲橋,渋川市,渋川駅〜南柏木線
大柏木入口,東吾妻町,"権田萩生線, 大戸線, 大柏木線, 権田大柏木線"
見立,渋川市,渋川駅〜勝保沢線
国町,渋川市,"渋川駅〜桜の木線, 渋川駅〜小野上温泉線"
樽集荷場,渋川市,渋川駅〜深山線
自動車教習所入口,草軽交通（株）,草津温泉〜西吾妻病院〜軽井沢
地蔵前,渋川市,"渋川駅〜神田原・祖母島線, 渋川駅〜青葉台経由りんご団地線"
大戸診療所前,東吾妻町,"権田萩生線, 大戸線, 大柏木線, 権田大柏木線"
硯石,渋川市,伊香保タウンバス2号
沖門,渋川市,渋川駅〜南柏木線
向橋,渋川市,渋川駅〜南柏木線
大戸宿,東吾妻町,"権田萩生線, 権田大柏木線"
狩宿口,草軽交通（株）,"草津温泉〜西吾妻病院〜軽井沢, 草津温泉〜北軽井沢, 北軽井沢〜長野原草津口"
角田接骨前,渋川市,渋川駅〜南柏木線
上三原田,渋川市,渋川駅〜勝保沢線
応桑,草軽交通（株）,"草津温泉〜西吾妻病院〜軽井沢, 草津温泉〜北軽井沢, 北軽井沢〜長野原草津口"
小学校前（応桑小）,草軽交通（株）,"草津温泉〜西吾妻病院〜軽井沢, 草津温泉〜北軽井沢, 北軽井沢〜長野原草津口"
苗松,渋川市,伊香保タウンバス2号
内ノ島,渋川市,伊香保タウンバス2号
中子稲荷,渋川市,伊香保タウンバス2号
上宿,渋川市,渋川駅〜南柏木線
坂上公民館前,東吾妻町,"権田萩生線, 大戸線, 大柏木線, 権田大柏木線"
さかうえ,東吾妻町,"権田萩生線, 須賀尾線, 大戸線, 大柏木線"
電化研究所前,渋川市,"渋川駅〜桜の木線, 渋川駅〜小野上温泉線, 渋川駅〜神田原・祖母島線, 渋川駅〜青葉台経由りんご団地線"
コスモス会館前,渋川市,伊香保タウンバス2号
三原田小学校前,渋川市,渋川駅〜南柏木線
阿久津北原,渋川市,"渋川駅〜神田原・祖母島線, 渋川駅〜青葉台経由りんご団地線"
唐沢,渋川市,渋川駅〜南柏木線
さかうえこども園前,東吾妻町,権田大柏木線
東組,渋川市,伊香保タウンバス2号
前原団地,渋川市,渋川駅〜神田原・祖母島線
渋川医療センター,関越交通（株）,伊香保線：佛光山法水寺経由
渋川医療センター,渋川市,渋川駅〜渋川医療センター線
湯中子会館,渋川市,伊香保タウンバス2号
湯中子,東吾妻町,湯中子線
前田,渋川市,伊香保タウンバス2号
野本橋,渋川市,渋川駅〜深山線
上苗松,渋川市,伊香保タウンバス2号
さかうえ児童クラブ前,東吾妻町,"須賀尾線, 権田大柏木線"
ドドメキ,渋川市,伊香保タウンバス2号
下松原入口,西武観光バス（株）,"M、O、H　軽井沢駅〜万座バスターミナル, S　軽井沢駅〜草津温泉"
前原,渋川市,"渋川駅〜神田原・祖母島線, 渋川駅〜青葉台経由りんご団地線"
りんご団地北,渋川市,渋川駅〜青葉台経由りんご団地線
りんご団地,渋川市,"渋川駅〜青葉台経由りんご団地線, 渋川温泉〜りんご団地線"
弁天橋,東吾妻町,"須賀尾線, 権田大柏木線"
持柏木,渋川市,渋川駅〜南柏木線
伊香保口,渋川市,伊香保タウンバス2号
舞台上,渋川市,渋川駅〜南柏木線
軽浜団地西,渋川市,渋川温泉〜スカイランドパーク線
田通口,草軽交通（株）,"草津温泉〜西吾妻病院〜軽井沢, 草津温泉〜北軽井沢, 北軽井沢〜長野原草津口"
矢久,東吾妻町,"須賀尾線, 権田大柏木線"
小藤沢,渋川市,伊香保タウンバス2号
中子墓地,渋川市,伊香保タウンバス2号
下三原田,渋川市,渋川駅〜勝保沢線
金井鳥頭平,渋川市,"渋川駅〜神田原・祖母島線, 渋川駅〜青葉台経由りんご団地線"
軽浜団地,渋川市,渋川温泉〜スカイランドパーク線
軽浜団地東,渋川市,渋川温泉〜スカイランドパーク線
温川橋,東吾妻町,"須賀尾線, 権田大柏木線"
紅葉台団地,渋川市,伊香保タウンバス2号
須賀尾公民館前,東吾妻町,"須賀尾線, 権田大柏木線"
山鳩学園前,東吾妻町,"須賀尾線, 権田大柏木線"
五輪平下,渋川市,伊香保タウンバス3号
三原田,渋川市,渋川駅〜南柏木線
りんご団地中央公園,渋川市,"渋川駅〜青葉台経由りんご団地線, 渋川温泉〜りんご団地線"
香東下,渋川市,伊香保タウンバス3号
りんご団地入口,渋川市,渋川温泉〜スカイランドパーク線
大日向団地,渋川市,"伊香保タウンバス3号, 渋川駅〜青葉台経由りんご団地線"
市営住宅入口,渋川市,"渋川駅〜神田原・祖母島線, 渋川駅〜青葉台経由りんご団地線"
渋川青翠高校,関越交通（株）,伊香保線：高校〜渋川駅
日向入口,東吾妻町,"須賀尾線, 権田大柏木線"
須賀尾寺前,東吾妻町,"須賀尾線, 権田大柏木線"
関谷,東吾妻町,"須賀尾線, 権田大柏木線"
大日向,渋川市,伊香保タウンバス3号
神社前,渋川市,渋川駅〜南柏木線
郵便局前,渋川市,"伊香保タウンバス1号, 伊香保タウンバス2号, 伊香保タウンバス3号"
阿久津,渋川市,"渋川駅〜桜の木線, 渋川駅〜小野上温泉線, 渋川駅〜神田原・祖母島線, 渋川駅〜青葉台経由りんご団地線"
金井南町,渋川市,"渋川駅〜神田原・祖母島線, 渋川駅〜青葉台経由りんご団地線"
五輪平,渋川市,伊香保タウンバス3号
白井,関越交通（株）,伊香保線：佛光山法水寺経由
白井,渋川市,渋川駅〜渋川医療センター線
下の関,東吾妻町,"須賀尾線, 権田大柏木線"
丑ヶ淵,東吾妻町,"須賀尾線, 権田大柏木線"
大日向団地東,渋川市,伊香保タウンバス3号
上中子,渋川市,伊香保タウンバス2号
湯沢,渋川市,伊香保タウンバス2号
うわの会館,渋川市,伊香保タウンバス3号
観音前,渋川市,"渋川駅〜勝保沢線, 渋川駅〜南柏木線"
小学校前,渋川市,"伊香保タウンバス1号, 伊香保タウンバス2号"
香東,渋川市,伊香保タウンバス3号
諏訪神社前,東吾妻町,"須賀尾線, 権田大柏木線"
炭附街道,渋川市,"伊香保タウンバス1号, 伊香保タウンバス3号"
御蔭下,関越交通（株）,"伊香保線：SLP経由, 伊香保線：女子高経由, 伊香保線：佛光山法水寺経由"
御蔭下,渋川市,渋川温泉〜りんご団地線
下宿,渋川市,渋川駅〜南柏木線
渋川スカイランドパーク,関越交通（株）,伊香保線：SLP経由
渋川スカイランドパーク,渋川市,"渋川温泉〜スカイランドパーク線, 渋川温泉〜りんご団地線"
大日向口,渋川市,伊香保タウンバス3号
老人センター前,渋川市,渋川温泉〜スカイランドパーク線
御蔭,関越交通（株）,"伊香保線：SLP経由, 伊香保線：女子高経由, 伊香保線：佛光山法水寺経由"
御蔭,渋川市,渋川温泉〜りんご団地線
切絵美術館前,渋川市,伊香保タウンバス3号
老人センター入口,関越交通（株）,"伊香保線：SLP経由, 伊香保線：高校〜渋川駅, 伊香保線：女子高経由, 伊香保線：佛光山法水寺経由"
老人センター入口,渋川市,渋川温泉〜りんご団地線
下外野,渋川市,伊香保タウンバス3号
診療所前（へき地）,草軽交通（株）,"草津温泉〜西吾妻病院〜軽井沢, 草津温泉〜北軽井沢, 北軽井沢〜長野原草津口"
りんご団地南,関越交通（株）,伊香保線：SLP経由
りんご団地南,渋川市,渋川温泉〜りんご団地線
変電所前,渋川市,"伊香保タウンバス1号, 伊香保タウンバス3号"
清水入口,東吾妻町,"須賀尾線, 権田大柏木線"
外野,渋川市,伊香保タウンバス3号
パークタウン梅ヶ丘,関越交通（株）,伊香保線：SLP経由
パークタウン梅ヶ丘,渋川市,渋川温泉〜りんご団地線
坂下町,渋川市,"渋川駅〜桜の木線, 渋川駅〜小野上温泉線, 渋川駅〜神田原・祖母島線, 渋川駅〜青葉台経由りんご団地線"
美術館前,渋川市,"伊香保タウンバス1号, 伊香保タウンバス2号"
ハラミュージアム,渋川市,伊香保タウンバス3号
梨木,渋川市,伊香保タウンバス1号
上之原,渋川市,北橘循環線
清水,東吾妻町,"須賀尾線, 権田大柏木線"
原沢医院,渋川市,"伊香保タウンバス2号, 伊香保タウンバス3号, 渋川駅〜青葉台経由りんご団地線"
中学校（西中）,草軽交通（株）,"草津温泉〜西吾妻病院〜軽井沢, 草津温泉〜北軽井沢, 北軽井沢〜長野原草津口"
八幡前,関越交通（株）,"伊香保線：SLP経由, 伊香保線：高校〜渋川駅, 伊香保線：佛光山法水寺経由"
八幡前,渋川市,渋川温泉〜りんご団地線
かみなり坂,渋川市,伊香保タウンバス1号
入沢,関越交通（株）,"伊香保線：SLP経由, 伊香保線：高校〜渋川駅, 伊香保線：女子高経由, 伊香保線：佛光山法水寺経由"
入沢,渋川市,"渋川温泉〜スカイランドパーク線, 渋川温泉〜りんご団地線"
忠治地蔵前,東吾妻町,"権田萩生線, 権田大柏木線"
天竜橋,渋川市,"渋川駅〜勝保沢線, 渋川駅〜深山線, 渋川駅〜南柏木線"
南柏木,渋川市,渋川駅〜南柏木線
梨木坂,渋川市,伊香保タウンバス1号
ちろりん坂,渋川市,伊香保タウンバス3号
折原十二社,関越交通（株）,"伊香保線：SLP経由, 伊香保線：女子高経由, 伊香保線：佛光山法水寺経由"
折原十二社,渋川市,渋川温泉〜りんご団地線
峠下,渋川市,"伊香保タウンバス2号, 伊香保タウンバス4号"
雷之塚,渋川市,"伊香保タウンバス1号, 伊香保タウンバス4号"
中央公民館前,渋川市,"渋川駅〜神田原・祖母島線, 渋川駅〜青葉台経由りんご団地線"
見晴下,（株）群馬バス,"高崎〜水沢〜伊香保線, 渋川駅〜上の原〜伊香保線, 伊香保榛名湖線"
見晴下,渋川市,"伊香保BT〜榛名湖温泉線, 伊香保タウンバス1号, 伊香保タウンバス4号, 水沢シャトルバス"
長峰公園前,渋川市,伊香保BT〜榛名湖温泉線
榛名登山口,（株）群馬バス,"高崎〜水沢〜伊香保線, 渋川駅〜上の原〜伊香保線, 伊香保榛名湖線"
榛名登山口,関越交通（株）,"伊香保線：女子高経由, 伊香保線：佛光山法水寺経由"
榛名登山口,渋川市,"伊香保BT〜榛名湖温泉線, 水沢シャトルバス"
児童遊園前,渋川市,"伊香保タウンバス2号, 伊香保タウンバス3号, 伊香保タウンバス4号"
鉱泉入口,渋川市,"渋川駅〜勝保沢線, 渋川駅〜南柏木線"
八千代坂下,（株）群馬バス,"高崎〜水沢〜伊香保線, 渋川駅〜上の原〜伊香保線, 伊香保榛名湖線"
八千代坂下,関越交通（株）,"伊香保線：女子高経由, 伊香保線：佛光山法水寺経由"
八千代坂下,渋川市,"伊香保BT〜榛名湖温泉線, 伊香保タウンバス1号, 伊香保タウンバス2号, 伊香保タウンバス3号, 水沢シャトルバス"
石段街口,（株）群馬バス,"高崎〜水沢〜伊香保線, 渋川駅〜上の原〜伊香保線, 伊香保榛名湖線"
石段街口,関越交通（株）,"伊香保線：女子高経由, 伊香保線：佛光山法水寺経由"
石段街口,渋川市,"伊香保BT〜榛名湖温泉線, 伊香保タウンバス1号, 伊香保タウンバス2号, 伊香保タウンバス3号, 水沢シャトルバス"
見晴下,関越交通（株）,"伊香保線：SLP経由, 伊香保線：女子高経由, 伊香保線：佛光山法水寺経由"
梅田ふるさとセンター前,桐生市,梅田線
西大河原,関越交通（株）,"赤城山線：前橋〜赤城山, 赤城山線：前橋〜富士見〜赤城山"
西大河原,前橋市,赤城山線
六本松東,関越交通（株）,伊香保線：SLP経由
六本松東,渋川市,渋川温泉〜りんご団地線
峠三差路,渋川市,"伊香保タウンバス2号, 伊香保タウンバス3号, 伊香保タウンバス4号"
梨木,渋川市,伊香保タウンバス4号
梨木東,渋川市,伊香保タウンバス1号
長峰公園前,（株）群馬バス,伊香保榛名湖線
元町,関越交通（株）,"伊香保線：SLP経由, 伊香保線：高校〜渋川駅, 伊香保線：佛光山法水寺経由"
元町,渋川市,渋川温泉〜りんご団地線
文学館前,渋川市,伊香保タウンバス1号
境沢下,渋川市,伊香保タウンバス1号
伊香保中学校入口,関越交通（株）,"伊香保線：SLP経由, 伊香保線：女子高経由, 伊香保線：佛光山法水寺経由"
上之原病院入口,渋川市,北橘循環線
関所前,渋川市,"伊香保タウンバス1号, 伊香保タウンバス2号, 伊香保タウンバス3号"
伊香保カントリークラブ前,関越交通（株）,"伊香保線：SLP経由, 伊香保線：女子高経由, 伊香保線：佛光山法水寺経由"
グリーン牧場前,関越交通（株）,"伊香保線：SLP経由, 伊香保線：女子高経由, 伊香保線：佛光山法水寺経由"
グリーン牧場,渋川市,伊香保タウンバス3号
水沢入口ビジターセンター前,関越交通（株）,"伊香保線：SLP経由, 伊香保線：女子高経由, 伊香保線：佛光山法水寺経由"
六本松,関越交通（株）,"伊香保線：SLP経由, 伊香保線：女子高経由, 伊香保線：佛光山法水寺経由"
地蔵河原,（株）群馬バス,"高崎〜水沢〜伊香保線, 渋川駅〜上の原〜伊香保線"
地蔵河原,渋川市,"伊香保タウンバス4号, 水沢シャトルバス"
伊香保温泉口,渋川市,伊香保タウンバス3号
水沢入口・地蔵河原前,関越交通（株）,伊香保線：佛光山法水寺経由
上郷,関越交通（株）,伊香保線：女子高経由
上野原,西武観光バス（株）,"M、O、H　軽井沢駅〜万座バスターミナル, S　軽井沢駅〜草津温泉"
境沢,（株）群馬バス,"渋川駅〜上の原〜伊香保線, 伊香保榛名湖線"
境沢,関越交通（株）,"伊香保線：SLP経由, 伊香保線：女子高経由, 伊香保線：佛光山法水寺経由"
境沢,渋川市,"伊香保BT〜榛名湖温泉線, 伊香保タウンバス1号, 水沢シャトルバス"
あじさい公園,渋川市,渋川温泉〜スカイランドパーク線
見晴台温泉街,渋川市,伊香保タウンバス1号
東町,関越交通（株）,伊香保線：佛光山法水寺経由
東町,渋川市,渋川駅〜渋川医療センター線
浅間隠温泉郷,東吾妻町,権田大柏木線
榛名口,渋川市,伊香保タウンバス1号
上南室,渋川市,北橘循環線
寄居町会館前,関越交通（株）,伊香保線：佛光山法水寺経由
寄居町会館前,渋川市,"渋川駅〜渋川医療センター線, 渋川駅〜神田原・祖母島線, 渋川駅〜青葉台経由りんご団地線"
伊香保榛名口,関越交通（株）,"伊香保線：女子高経由, 伊香保線：佛光山法水寺経由"
北寄居,渋川市,"渋川駅〜桜の木線, 渋川駅〜小野上温泉線"
伊香保案内所,（株）群馬バス,"高崎〜水沢〜伊香保線, 渋川駅〜上の原〜伊香保線, 伊香保榛名湖線"
伊香保案内所,渋川市,"伊香保BT〜榛名湖温泉線, 水沢シャトルバス"
伊香保バスターミナル,（株）群馬バス,"渋川駅〜上の原〜伊香保線, 伊香保榛名湖線"
伊香保バスターミナル,関越交通（株）,"伊香保線：SLP経由, 伊香保線：女子高経由, 伊香保線：佛光山法水寺経由"
バスターミナル,渋川市,"伊香保BT〜榛名湖温泉線, 伊香保タウンバス1号, 伊香保タウンバス2号, 伊香保タウンバス3号, 伊香保タウンバス4号, 水沢シャトルバス"
伊香保温泉,関越交通（株）,"伊香保線：SLP経由, 伊香保線：女子高経由, 伊香保線：佛光山法水寺経由"
八崎口,渋川市,"渋川駅〜勝保沢線, 渋川駅〜深山線, 渋川駅〜南柏木線, 北橘循環線"
源蔵橋,桐生市,梅田線
下郷,渋川市,"渋川駅〜勝保沢線, 渋川駅〜深山線, 渋川駅〜南柏木線, 北橘循環線"
香湯,渋川市,伊香保タウンバス1号
川原町,関越交通（株）,"伊香保線：SLP経由, 伊香保線：高校〜渋川駅, 伊香保線：佛光山法水寺経由, 前橋線：渋川行循環, 前橋線：前橋行循環"
川原町,渋川市,渋川温泉〜りんご団地線
御用邸跡,渋川市,伊香保タウンバス1号
神社下,渋川市,伊香保タウンバス3号
渋川郵便局西,関越交通（株）,伊香保線：佛光山法水寺経由
渋川郵便局西,渋川市,"渋川駅〜渋川医療センター線, 渋川駅〜神田原・祖母島線, 渋川駅〜青葉台経由りんご団地線"
渋川四ツ角西,関越交通（株）,"伊香保線：SLP経由, 伊香保線：高校〜渋川駅, 伊香保線：佛光山法水寺経由, 前橋線：前橋行循環"
渋川四ツ角西,渋川市,渋川温泉〜りんご団地線
渋川四ツ角,（株）群馬バス,渋川箕郷線
渋川四ツ角,関越交通（株）,"伊香保線：SLP経由, 伊香保線：高校〜渋川駅, 伊香保線：佛光山法水寺経由, 高崎線：渋川駅〜高崎, 前橋線：渋川行循環, 前橋線：前橋行循環"
渋川四ツ角,渋川市,"渋川駅〜桜の木線, 渋川駅〜小野上温泉線, 渋川温泉〜りんご団地線, 箕郷営業所〜渋川駅線"
正善寺,渋川市,北橘循環線
神社口,渋川市,伊香保タウンバス1号
渋川郵便局前,渋川市,"渋川駅〜勝保沢線, 渋川駅〜深山線, 渋川駅〜南柏木線, 北橘循環線"
シャンソン館前,渋川市,"渋川駅〜勝保沢線, 渋川駅〜深山線, 渋川駅〜南柏木線, 北橘循環線"
女子高前,関越交通（株）,"前橋線：渋川行循環, 前橋線：前橋行循環"
渋川新町,（株）群馬バス,渋川箕郷線
渋川新町,関越交通（株）,"伊香保線：SLP経由, 伊香保線：高校〜渋川駅, 伊香保線：佛光山法水寺経由, 高崎線：渋川駅〜高崎, 前橋線：渋川行循環, 前橋線：前橋行循環"
湯沢通り,渋川市,伊香保タウンバス1号
市民会館前,関越交通（株）,伊香保線：女子高経由
市民会館前,渋川市,渋川温泉〜スカイランドパーク線
大河原橋,関越交通（株）,"赤城山線：前橋〜赤城山, 赤城山線：前橋〜富士見〜赤城山"
大河原橋,前橋市,赤城山線
湯元通り,渋川市,伊香保タウンバス1号
長塚町,渋川市,箕郷営業所〜渋川駅線
渋川新町,渋川市,"渋川駅〜桜の木線, 渋川駅〜渋川医療センター線, 渋川駅〜勝保沢線, 渋川駅〜小野上温泉線, 渋川駅〜深山線, 渋川駅〜神田原・祖母島線, 渋川駅〜青葉台経由りんご団地線, 渋川駅〜南柏木線, 渋川温泉〜りんご団地線, 北橘循環線, 箕郷営業所〜渋川駅線"
延貝戸,渋川市,北橘循環線
馬立集会所前,桐生市,梅田線
大河原,関越交通（株）,"赤城山線：前橋〜赤城山, 赤城山線：前橋〜富士見〜赤城山"
大河原,前橋市,赤城山線
久保,渋川市,北橘循環線
八崎坂上,渋川市,北橘循環線
女子高入口,関越交通（株）,"伊香保線：女子高経由, 前橋線：渋川行循環, 前橋線：前橋行循環"
女子高入口,渋川市,渋川温泉〜スカイランドパーク線
湯元,渋川市,伊香保タウンバス1号
長塚町,（株）群馬バス,渋川箕郷線
長塚町,関越交通（株）,高崎線：渋川駅〜高崎
伊香保森林自然公園前,（株）群馬バス,伊香保榛名湖線
伊香保森林自然公園前,渋川市,伊香保BT〜榛名湖温泉線
市役所入口,関越交通（株）,"伊香保線：女子高経由, 前橋線：渋川行循環, 前橋線：前橋行循環"
市役所入口,渋川市,渋川温泉〜スカイランドパーク線
NTT前,関越交通（株）,"伊香保線：女子高経由, 前橋線：渋川行循環, 前橋線：前橋行循環"
NTT前,渋川市,"渋川温泉〜スカイランドパーク線, 渋川温泉〜りんご団地線"
群銀渋川支店前,渋川市,渋川温泉〜スカイランドパーク線
野外活動センター入口,桐生市,梅田線
渋川駅,（株）群馬バス,"渋川駅〜上の原〜伊香保線, 渋川箕郷線"
渋川駅,関越交通（株）,"伊香保線：SLP経由, 伊香保線：高校〜渋川駅, 伊香保線：女子高経由, 伊香保線：佛光山法水寺経由, 高崎線：渋川駅〜高崎, 赤城自然園シャトルバス, 前橋線：渋川行循環, 前橋線：前橋駅〜渋川駅, 前橋線：前橋行循環, 南橘団地線：前橋駅〜渋川駅"
渋川駅,渋川市,"渋川駅〜桜の木線, 渋川駅〜渋川医療センター線, 渋川駅〜勝保沢線, 渋川駅〜小野上温泉線, 渋川駅〜深山線, 渋川駅〜神田原・祖母島線, 渋川駅〜青葉台経由りんご団地線, 渋川駅〜南柏木線, 渋川温泉〜スカイランドパーク線, 渋川温泉〜りんご団地線, 北橘循環線, 箕郷営業所〜渋川駅線"
八崎局入口,渋川市,北橘循環線
わらびヶ丘,（株）群馬バス,"高崎〜水沢〜伊香保線, 渋川駅〜上の原〜伊香保線"
わらびヶ丘,渋川市,水沢シャトルバス
高源地,渋川市,渋川温泉〜スカイランドパーク線
青葉湖入口,西武観光バス（株）,"M、O、H　軽井沢駅〜万座バスターミナル, S　軽井沢駅〜草津温泉"
市役所入口,（株）群馬バス,渋川箕郷線
市役所入口,関越交通（株）,高崎線：渋川駅〜高崎
市役所入口,渋川市,"渋川温泉〜りんご団地線, 箕郷営業所〜渋川駅線"
下田,東吾妻町,"権田萩生線, 権田大柏木線"
市役所南,渋川市,渋川温泉〜スカイランドパーク線
勤労福祉センター東,渋川市,渋川温泉〜スカイランドパーク線
北町,渋川市,北橘循環線
上箱田,渋川市,北橘循環線
向山,渋川市,北橘循環線
佛光山法水寺,関越交通（株）,伊香保線：佛光山法水寺経由
大崎,関越交通（株）,"前橋線：渋川行循環, 前橋線：前橋駅〜渋川駅, 前橋線：前橋行循環, 南橘団地線：前橋駅〜渋川駅"
佛光山前,（株）群馬バス,"高崎〜水沢〜伊香保線, 渋川駅〜上の原〜伊香保線"
佛光山前,渋川市,"伊香保タウンバス4号, 水沢シャトルバス"
吾妻,草軽交通（株）,"草津温泉〜西吾妻病院〜軽井沢, 草津温泉〜北軽井沢, 北軽井沢〜長野原草津口"
赤城薬師入口,関越交通（株）,"赤城山線：前橋〜赤城山, 赤城山線：前橋〜富士見〜赤城山"
赤城薬師入口,前橋市,赤城山線
豊秋団地北,渋川市,渋川温泉〜スカイランドパーク線
分郷八崎,渋川市,北橘循環線
手川,渋川市,渋川温泉〜スカイランドパーク線
渋川中央病院前,渋川市,北橘循環線
萩生,東吾妻町,"権田萩生線, 権田大柏木線"
豊秋団地南,渋川市,渋川温泉〜スカイランドパーク線
御所平,草軽交通（株）,"草津温泉〜西吾妻病院〜軽井沢, 草津温泉〜北軽井沢, 北軽井沢〜長野原草津口"
道訓塚,渋川市,北橘循環線
西浦,渋川市,渋川温泉〜スカイランドパーク線
下南室,渋川市,北橘循環線
早尾神社前,関越交通（株）,"前橋線：渋川行循環, 前橋線：前橋駅〜渋川駅, 前橋線：前橋行循環, 南橘団地線：前橋駅〜渋川駅"
石原,（株）群馬バス,渋川箕郷線
石原,関越交通（株）,高崎線：渋川駅〜高崎
石原,渋川市,"渋川温泉〜りんご団地線, 箕郷営業所〜渋川駅線"
鎌原湖入口,西武観光バス（株）,"M、O、H　軽井沢駅〜万座バスターミナル, S　軽井沢駅〜草津温泉"
分去,東吾妻町,"権田萩生線, 権田大柏木線"
ヤセオネ峠,（株）群馬バス,伊香保榛名湖線
ヤセオネ峠,渋川市,伊香保BT〜榛名湖温泉線
こだま団地,渋川市,北橘循環線
烏帽子岳登山口,（株）群馬バス,伊香保榛名湖線
烏帽子岳登山口,渋川市,伊香保BT〜榛名湖温泉線
台緑地公園入口,桐生市,梅田線
北橘行政センター西,渋川市,北橘循環線
豊秋公民館入口,渋川市,渋川温泉〜スカイランドパーク線
山口,日本中央バス（株）,北31　富士見線　［7301・7302］
山田原,渋川市,北橘循環線
水沢観音,（株）群馬バス,"高崎〜水沢〜伊香保線, 渋川駅〜上の原〜伊香保線"
水沢観音,渋川市,"伊香保タウンバス4号, 水沢シャトルバス"
佐久発電所入口,渋川市,北橘循環線
北新地,関越交通（株）,"赤城山線：前橋〜赤城山, 赤城山線：前橋〜富士見〜赤城山, 赤城青年の家循環線"
北新地,前橋市,赤城山線
榛名湖温泉ゆうすげ,（株）群馬バス,伊香保榛名湖線
榛名湖温泉ゆうすげ,渋川市,伊香保BT〜榛名湖温泉線
国立赤城青少年交流の家,関越交通（株）,赤城青年の家循環線
旧役場下,渋川市,北橘循環線
ゆうすげ入口,（株）群馬バス,伊香保榛名湖線
ゆうすげ入口,渋川市,伊香保BT〜榛名湖温泉線
北橘行政センター前,渋川市,北橘循環線
行幸田,（株）群馬バス,渋川箕郷線
行幸田,関越交通（株）,高崎線：渋川駅〜高崎
行幸田,渋川市,"渋川温泉〜りんご団地線, 箕郷営業所〜渋川駅線"
歴史資料館,渋川市,北橘循環線
榛名高原学校入口,（株）群馬バス,伊香保榛名湖線
榛名高原学校入口,渋川市,伊香保BT〜榛名湖温泉線
東大河原,関越交通（株）,"赤城山線：前橋〜赤城山, 赤城山線：前橋〜富士見〜赤城山, 赤城青年の家循環線"
東大河原,前橋市,赤城山線
水沢,（株）群馬バス,"高崎〜水沢〜伊香保線, 渋川駅〜上の原〜伊香保線"
水沢,渋川市,"伊香保タウンバス4号, 水沢シャトルバス"
音楽村,草軽交通（株）,"草津温泉〜西吾妻病院〜軽井沢, 草津温泉〜北軽井沢, 北軽井沢〜長野原草津口"
中村,関越交通（株）,"前橋線：渋川行循環, 前橋線：前橋駅〜渋川駅, 前橋線：前橋行循環, 南橘団地線：前橋駅〜渋川駅"
行幸田東,渋川市,北橘循環線
箱田入口,日本中央バス（株）,北31　富士見線　［7301・7302］
真壁十字路下,渋川市,北橘循環線
梅田大橋,桐生市,梅田線
笠口,日本中央バス（株）,北31　富士見線　［7301・7302］
行幸田,渋川市,渋川温泉〜スカイランドパーク線
龍の口,関越交通（株）,"赤城山線：前橋〜赤城山, 赤城山線：前橋〜富士見〜赤城山, 赤城青年の家循環線"
龍の口,前橋市,赤城山線
南原,渋川市,伊香保タウンバス4号
吾妻荘前,（株）群馬バス,伊香保榛名湖線
吾妻荘前,渋川市,伊香保BT〜榛名湖温泉線
総合グランド前,関越交通（株）,赤城青年の家循環線
松原,関越交通（株）,"前橋線：渋川行循環, 前橋線：前橋駅〜渋川駅, 前橋線：前橋行循環, 南橘団地線：前橋駅〜渋川駅"
有馬茂沢,渋川市,北橘循環線
軍場,桐生市,梅田線
市の木場,日本中央バス（株）,北31　富士見線　［7301・7302］
ゆうあいプール,渋川市,伊香保タウンバス4号
吹上,桐生市,"川内線幹線, 川内線支線"
プリンスランド,西武観光バス（株）,"M、O、H　軽井沢駅〜万座バスターミナル, S　軽井沢駅〜草津温泉"
新地公民館前,関越交通（株）,"赤城山線：前橋〜赤城山, 赤城山線：前橋〜富士見〜赤城山, 赤城青年の家循環線"
新地公民館前,前橋市,赤城山線
伊勢山,渋川市,北橘循環線
二渡神社入口,桐生市,梅田線
総合グランド前,（株）群馬バス,渋川箕郷線
総合グランド前,関越交通（株）,高崎線：渋川駅〜高崎
総合グランド前,渋川市,"渋川温泉〜りんご団地線, 箕郷営業所〜渋川駅線"
研修団地入口,日本中央バス（株）,北31　富士見線　［7301・7302］
甘楽,草軽交通（株）,"草津温泉〜西吾妻病院〜軽井沢, 草津温泉〜北軽井沢, 北軽井沢〜長野原草津口"
カーリット前,関越交通（株）,"前橋線：渋川行循環, 前橋線：前橋駅〜渋川駅, 前橋線：前橋行循環, 南橘団地線：前橋駅〜渋川駅"
蜂島,渋川市,渋川温泉〜りんご団地線
行幸田団地,渋川市,渋川温泉〜スカイランドパーク線
米野北,日本中央バス（株）,北31　富士見線　［7301・7302］
北毛病院入口,渋川市,渋川温泉〜りんご団地線
行幸田団地入口,渋川市,渋川温泉〜スカイランドパーク線
大沢峰,東吾妻町,"権田萩生線, 権田大柏木線"
湖畔の宿記念公園入口,（株）群馬バス,伊香保榛名湖線
湖畔の宿記念公園入口,渋川市,伊香保BT〜榛名湖温泉線
北毛病院東,渋川市,北橘循環線
沼の原,（株）群馬バス,伊香保榛名湖線
沼の原,渋川市,伊香保BT〜榛名湖温泉線
ロープウェイ前,（株）群馬バス,伊香保榛名湖線
ロープウェイ前,渋川市,伊香保BT〜榛名湖温泉線
二渡神社前,桐生市,梅田線
木部神社前,（株）群馬バス,伊香保榛名湖線
木部神社前,渋川市,伊香保BT〜榛名湖温泉線
桜の里公園,渋川市,渋川温泉〜スカイランドパーク線
新地,関越交通（株）,"赤城山線：前橋〜赤城山, 赤城山線：前橋〜富士見〜赤城山, 赤城青年の家循環線"
新地,前橋市,赤城山線
船尾滝入口,（株）群馬バス,"高崎〜水沢〜伊香保線, 渋川駅〜上の原〜伊香保線"
船尾滝入口,渋川市,水沢シャトルバス
ロッヂ前,（株）群馬バス,伊香保榛名湖線
ロッヂ前,渋川市,伊香保BT〜榛名湖温泉線
公会堂前,関越交通（株）,赤城青年の家循環線
小原目,日本中央バス（株）,"北31　富士見線　［7301・7302］, 北30　富士見線　［7303・7304］"
天神峠,（株）群馬バス,高崎〜本郷〜榛名湖線
渋川温泉,渋川市,"渋川温泉〜スカイランドパーク線, 渋川温泉〜りんご団地線"
榛名湖,（株）群馬バス,"高崎〜本郷〜榛名湖線, 伊香保榛名湖線"
榛名湖,渋川市,伊香保BT〜榛名湖温泉線
塔の辻,（株）群馬バス,"高崎〜水沢〜伊香保線, 渋川駅〜上の原〜伊香保線"
塔の辻,渋川市,水沢シャトルバス
珊瑚寺入口,日本中央バス（株）,北30　富士見線　［7303・7304］
沼辺,関越交通（株）,"前橋線：渋川行循環, 前橋線：前橋駅〜渋川駅, 前橋線：前橋行循環, 南橘団地線：前橋駅〜渋川駅"
堂場前,桐生市,"川内線幹線, 川内線支線"
上有馬,渋川市,渋川温泉〜スカイランドパーク線
久保屋敷,渋川市,北橘循環線
有馬,（株）群馬バス,渋川箕郷線
有馬,関越交通（株）,高崎線：渋川駅〜高崎
有馬,渋川市,箕郷営業所〜渋川駅線
富士見温泉,日本中央バス（株）,北30　富士見線　［7303・7304］
富士見温泉,関越交通（株）,"赤城山線：前橋〜赤城山, 赤城山線：前橋〜富士見〜赤城山, 赤城青年の家循環線"
富士見温泉,前橋市,赤城山線
新田,渋川市,北橘循環線
白川小学校前,関越交通（株）,"赤城山線：前橋〜赤城山, 赤城山線：前橋〜富士見〜赤城山, 赤城青年の家循環線"
白川小学校前,前橋市,赤城山線
市の木場入口,日本中央バス（株）,北31　富士見線　［7301・7302］
相満入口,東吾妻町,"権田萩生線, 権田大柏木線"
県営テニスコート前,（株）群馬バス,伊香保榛名湖線
県営テニスコート前,渋川市,伊香保BT〜榛名湖温泉線
田中,桐生市,"川内線幹線, 川内線支線"
半田北,関越交通（株）,"前橋線：渋川行循環, 前橋線：前橋駅〜渋川駅, 前橋線：前橋行循環, 南橘団地線：前橋駅〜渋川駅"
猿石入口,桐生市,梅田線
天神平入口,関越交通（株）,"赤城山線：前橋〜赤城山, 赤城山線：前橋〜富士見〜赤城山, 赤城青年の家循環線"
天神平入口,前橋市,赤城山線
高若寺北,渋川市,渋川温泉〜スカイランドパーク線
下有馬,渋川市,渋川温泉〜スカイランドパーク線
北軽井沢,草軽交通（株）,"草津温泉〜西吾妻病院〜軽井沢, 草津温泉〜北軽井沢, 北軽井沢〜軽井沢, 北軽井沢〜長野原草津口"
古中北,渋川市,渋川温泉〜スカイランドパーク線
中居橋,桐生市,梅田線
半田,関越交通（株）,"前橋線：渋川行循環, 前橋線：前橋駅〜渋川駅, 前橋線：前橋行循環, 南橘団地線：前橋駅〜渋川駅"
南有馬,（株）群馬バス,渋川箕郷線
南有馬,関越交通（株）,高崎線：渋川駅〜高崎
南有馬,渋川市,箕郷営業所〜渋川駅線
畜産試験場入口,関越交通（株）,"赤城山線：前橋〜赤城山, 赤城山線：前橋〜富士見〜赤城山, 赤城青年の家循環線"
畜産試験場入口,前橋市,赤城山線
橋場,桐生市,"川内線幹線, 川内線支線"
石井,日本中央バス（株）,"北31　富士見線　［7301・7302］, 北30　富士見線　［7303・7304］"
坂東橋東,渋川市,北橘循環線
すずらん坂,西武観光バス（株）,"M、O、H　軽井沢駅〜万座バスターミナル, S　軽井沢駅〜草津温泉"
常法院橋,渋川市,北橘循環線
東半田,関越交通（株）,"前橋線：渋川行循環, 前橋線：前橋駅〜渋川駅, 前橋線：前橋行循環, 南橘団地線：前橋駅〜渋川駅"
赤竹,（株）群馬バス,権田車庫〜川浦〜新開入口・はまゆう山荘
畜産試験場前,関越交通（株）,赤城青年の家循環線
米野上宿,日本中央バス（株）,北31　富士見線　［7301・7302］
神社裏山,（株）群馬バス,高崎〜本郷〜榛名湖線
古中東,渋川市,渋川温泉〜スカイランドパーク線
坂東橋,関越交通（株）,"前橋線：渋川行循環, 前橋線：前橋駅〜渋川駅, 前橋線：前橋行循環, 南橘団地線：前橋駅〜渋川駅"
矢陸,（株）群馬バス,権田車庫〜川浦〜新開入口・はまゆう山荘
八木原郵便局前,渋川市,"渋川温泉〜スカイランドパーク線, 北橘循環線"
上の原,（株）群馬バス,"高崎〜水沢〜伊香保線, 渋川駅〜上の原〜伊香保線"
上の原,渋川市,水沢シャトルバス
川浦,（株）群馬バス,権田車庫〜川浦〜新開入口・はまゆう山荘
上ノ原,桐生市,梅田線
小倉十字路,（株）群馬バス,渋川箕郷線
小倉十字路,渋川市,箕郷営業所〜渋川駅線
八木原駅前,渋川市,"渋川温泉〜スカイランドパーク線, 北橘循環線"
勇進会館,桐生市,"川内線幹線, 川内線支線"
行根,日本中央バス（株）,"北31　富士見線　［7301・7302］, 北30　富士見線　［7303・7304］"
定住促進住宅入口,渋川市,"渋川温泉〜スカイランドパーク線, 渋川温泉〜りんご団地線, 北橘循環線"
米野十字路,日本中央バス（株）,北31　富士見線　［7301・7302］
川浦小前,（株）群馬バス,権田車庫〜川浦〜新開入口・はまゆう山荘
小倉四ツ角,関越交通（株）,高崎線：渋川駅〜高崎
北軽井沢小学校入口,草軽交通（株）,"草津温泉〜西吾妻病院〜軽井沢, 北軽井沢〜軽井沢"
下箱田,関越交通（株）,"前橋線：渋川行循環, 前橋線：前橋駅〜渋川駅, 前橋線：前橋行循環, 南橘団地線：前橋駅〜渋川駅"
細尾,（株）群馬バス,権田車庫〜川浦〜新開入口・はまゆう山荘
発電所入口［吉岡町］,（株）群馬バス,"高崎〜水沢〜伊香保線, 渋川駅〜上の原〜伊香保線"
橋詰,桐生市,梅田線
三堂坂上,桐生市,"川内線幹線, 川内線支線"
小倉産泰神社前,（株）群馬バス,渋川箕郷線
小倉産泰神社前,渋川市,箕郷営業所〜渋川駅線
二の宮,関越交通（株）,"赤城山線：前橋〜富士見〜赤城山, 赤城青年の家循環線"
七区公民館前,（株）群馬バス,権田車庫〜川浦〜新開入口・はまゆう山荘
西沢橋,（株）群馬バス,高崎〜本郷〜榛名湖線
定住促進住宅前,渋川市,渋川温泉〜りんご団地線
富士見公民館,日本中央バス（株）,"北31　富士見線　［7301・7302］, 北30　富士見線　［7303・7304］, 北32　富士見線　［7305・7306］"
小児医療センター,関越交通（株）,前橋線：前橋駅〜医療センター
月並,（株）群馬バス,権田車庫〜川浦〜新開入口・はまゆう山荘
瀬場橋入口,桐生市,梅田線
嶺公園,永井運輸（株）,"庁58　荻窪公園線, 庁59　荻窪公園線, 北59　荻窪公園線, 北50　嶺公園線"
北野,（株）群馬バス,高崎〜水沢〜伊香保線
十二山入口,日本中央バス（株）,北31　富士見線　［7301・7302］
木曽神社入口,関越交通（株）,"前橋線：渋川行循環, 前橋線：前橋駅〜医療センター, 前橋線：前橋駅〜渋川駅, 前橋線：前橋行循環, 南橘団地線：前橋駅〜渋川駅"
半田南,渋川市,渋川温泉〜りんご団地線
梨子本,（株）群馬バス,権田車庫〜川浦〜新開入口・はまゆう山荘
蟹沢橋,（株）群馬バス,渋川箕郷線
蟹沢橋,渋川市,箕郷営業所〜渋川駅線
新開入口,（株）群馬バス,権田車庫〜川浦〜新開入口・はまゆう山荘
循環器病院入口,関越交通（株）,前橋線：前橋駅〜医療センター
梅田中学校前,桐生市,梅田線
本田,東吾妻町,"権田萩生線, 権田大柏木線"
白滝神社入口,桐生市,"川内線幹線, 川内線支線"
木の根坂,関越交通（株）,"赤城山線：前橋〜富士見〜赤城山, 赤城青年の家循環線"
引田,日本中央バス（株）,北31　富士見線　［7301・7302］
北関東循環器病院,渋川市,渋川温泉〜スカイランドパーク線
小井堤橋,（株）群馬バス,高崎〜水沢〜伊香保線
富士見支所前,日本中央バス（株）,"北30　富士見線　［7303・7304］, 北32　富士見線　［7305・7306］"
名久木,桐生市,"川内線幹線, 川内線支線"
パルコール村,草軽交通（株）,"草津温泉〜西吾妻病院〜軽井沢, 北軽井沢〜軽井沢"
長井,東吾妻町,"権田萩生線, 権田大柏木線"
上野田四つ角,日本中央バス（株）,"西33　榛東線　［8231］, 西33　榛東線　［8232］, 西34　榛東線　［8233］, 西34　榛東線　［8234］, 西39-2　吉岡線　［9261］, 西39-1　吉岡線　［9263］, 西39-1　吉岡線　［9264］, 西30　吉岡線　［9266］, 吉岡線　［9267・9268］"
上野田四ツ角,（株）群馬バス,"イオン高崎〜長岡〜榛東村役場線, 高崎〜水沢〜伊香保線, 渋川箕郷線"
上野田四ツ角,渋川市,箕郷営業所〜渋川駅線
北野田,関越交通（株）,高崎線：渋川駅〜高崎
沼田,（株）群馬バス,権田車庫〜川浦〜新開入口・はまゆう山荘
宮ノ沢,桐生市,"川内線幹線, 川内線支線"
四小前,（株）群馬バス,高崎〜本郷〜榛名湖線
田島十字路,日本中央バス（株）,"北31　富士見線　［7301・7302］, 北30　富士見線　［7303・7304］, 北32　富士見線　［7305・7306］"
嶺公園管理事務所,永井運輸（株）,"庁58　荻窪公園線, 庁59　荻窪公園線, 北59　荻窪公園線, 北50　嶺公園線"
梅田南小学校前,桐生市,梅田線
発電所前,関越交通（株）,"前橋線：渋川行循環, 前橋線：前橋駅〜医療センター, 前橋線：前橋駅〜渋川駅, 前橋線：前橋行循環, 南橘団地線：前橋駅〜渋川駅"
小暮,関越交通（株）,"赤城山線：前橋〜富士見〜赤城山, 赤城青年の家循環線"
榛名神社,（株）群馬バス,高崎〜本郷〜榛名湖線
長井下宿,東吾妻町,"権田萩生線, 権田大柏木線"
宝徳寺入口,桐生市,"川内線幹線, 川内線支線"
三沢橋,（株）群馬バス,権田車庫〜川浦〜新開入口・はまゆう山荘
上野田上町,日本中央バス（株）,"西39-2　吉岡線　［9261］, 西39-1　吉岡線　［9263］, 西39-1　吉岡線　［9264］, 西30　吉岡線　［9266］, 吉岡線　［9267・9268］"
上野田上町,（株）群馬バス,イオン高崎〜長岡〜榛東村役場線
梅田公民館入口,桐生市,梅田線
笹久保,桐生市,"川内線幹線, 川内線支線"
白樺の丘,草軽交通（株）,"草津温泉〜西吾妻病院〜軽井沢, 北軽井沢〜軽井沢"
長岡,日本中央バス（株）,"西33　榛東線　［8231］, 西33　榛東線　［8232］, 西34　榛東線　［8233］, 西34　榛東線　［8234］"
長岡,（株）群馬バス,"イオン高崎〜長岡〜榛東村役場線, 高崎〜水沢〜伊香保線, 渋川箕郷線"
長岡,渋川市,箕郷営業所〜渋川駅線
新田,日本中央バス（株）,"西39-2　吉岡線　［9261］, 西39-1　吉岡線　［9263］, 西39-1　吉岡線　［9264］, 西30　吉岡線　［9266］, 吉岡線　［9267・9268］"
新田,（株）群馬バス,イオン高崎〜長岡〜榛東村役場線
桑本,（株）群馬バス,権田車庫〜川浦〜新開入口・はまゆう山荘
黒門橋,（株）群馬バス,高崎〜本郷〜榛名湖線
旧川北小前,桐生市,"川内線幹線, 川内線支線"
吹上坂,日本中央バス（株）,"北31　富士見線　［7301・7302］, 北30　富士見線　［7303・7304］, 北32　富士見線　［7305・7306］"
観音橋,桐生市,梅田線
一里塚,関越交通（株）,"赤城山線：前橋〜富士見〜赤城山, 赤城青年の家循環線"
第1区コミセン前,日本中央バス（株）,"西33　榛東線　［8231］, 西33　榛東線　［8232］, 西34　榛東線　［8233］, 西34　榛東線　［8234］"
長岡公会堂前,（株）群馬バス,"イオン高崎〜長岡〜榛東村役場線, 高崎〜水沢〜伊香保線, 渋川箕郷線"
長岡公会堂前,渋川市,箕郷営業所〜渋川駅線
権田車庫,（株）群馬バス,"権田〜里見〜高崎線, 高崎〜岩氷〜権田線, 室田〜岩氷〜権田線, 室田〜大番道〜権田線, 権田線, 権田車庫〜川浦〜新開入口・はまゆう山荘"
権田車庫,高崎市,倉渕線
権田車庫,東吾妻町,"権田萩生線, 権田大柏木線"
下野田,（株）群馬バス,イオン高崎〜長岡〜榛東村役場線
下野田,関越交通（株）,高崎線：渋川駅〜高崎
小倉入口,（株）群馬バス,権田車庫〜川浦〜新開入口・はまゆう山荘
桃泉,日本中央バス（株）,"西38　榛東線　［8235］, 西38　榛東線　［8236］, 西35　榛東線　［8237］, 西35　榛東線　［8238］, 西36　榛東線　［8240］"
吉岡町役場前,（株）群馬バス,イオン高崎〜長岡〜榛東村役場線
嶺小学校入口,永井運輸（株）,"庁58　荻窪公園線, 庁59　荻窪公園線, 北59　荻窪公園線, 北50　嶺公園線"
八幡宮前,桐生市,"川内線幹線, 川内線支線"
下野田,日本中央バス（株）,"西39-2　吉岡線　［9261］, 西39-1　吉岡線　［9263］, 西39-1　吉岡線　［9264］, 西30　吉岡線　［9266］, 吉岡線　［9267・9268］"
田口,関越交通（株）,"前橋線：渋川行循環, 前橋線：前橋駅〜医療センター, 前橋線：前橋駅〜渋川駅, 前橋線：前橋行循環, 南橘団地線：前橋駅〜渋川駅"
弥勒寺,日本中央バス（株）,"北31　富士見線　［7301・7302］, 北30　富士見線　［7303・7304］, 北32　富士見線　［7305・7306］"
倉渕小学校,（株）群馬バス,権田車庫〜川浦〜新開入口・はまゆう山荘
倉渕小学校前,（株）群馬バス,権田車庫〜川浦〜新開入口・はまゆう山荘
倉渕小学校前,高崎市,倉渕線
権田館前,（株）群馬バス,"権田〜里見〜高崎線, 高崎〜岩氷〜権田線, 室田〜岩氷〜権田線, 室田〜大番道〜権田線, 権田線"
下り,桐生市,"川内線幹線, 川内線支線"
三つ家,日本中央バス（株）,"西33　榛東線　［8231］, 西33　榛東線　［8232］, 西34　榛東線　［8233］, 西34　榛東線　［8234］"
三ツ家,（株）群馬バス,"イオン高崎〜長岡〜榛東村役場線, 高崎〜水沢〜伊香保線, 渋川箕郷線"
三ツ家,渋川市,箕郷営業所〜渋川駅線
小暮一の鳥居,関越交通（株）,"赤城山線：前橋〜富士見〜赤城山, 赤城青年の家循環線"
吉岡町役場入口,日本中央バス（株）,"西39-2　吉岡線　［9261］, 西39-1　吉岡線　［9263］, 西39-1　吉岡線　［9264］, 西30　吉岡線　［9266］, 吉岡線　［9267・9268］"
鬼押出し園,西武観光バス（株）,"M、O、H　軽井沢駅〜万座バスターミナル, S　軽井沢駅〜草津温泉"
大平口,日本中央バス（株）,"西38　榛東線　［8235］, 西38　榛東線　［8236］, 西35　榛東線　［8237］, 西35　榛東線　［8238］, 西36　榛東線　［8240］"
権田寺前,（株）群馬バス,"権田〜里見〜高崎線, 高崎〜岩氷〜権田線, 室田〜岩氷〜権田線, 室田〜大番道〜権田線, 権田線, 権田車庫〜川浦〜新開入口・はまゆう山荘"
権田寺前,高崎市,倉渕線
下の坊,（株）群馬バス,高崎〜本郷〜榛名湖線
北下,関越交通（株）,高崎線：渋川駅〜高崎
川五団地,桐生市,川内線支線
横道,日本中央バス（株）,"西38　榛東線　［8235］, 西38　榛東線　［8236］, 西35　榛東線　［8237］, 西35　榛東線　［8238］, 西36　榛東線　［8240］"
城山入口,桐生市,梅田線
倉海戸,日本中央バス（株）,"西33　榛東線　［8231］, 西33　榛東線　［8232］, 西34　榛東線　［8233］, 西34　榛東線　［8234］"
倉海戸,（株）群馬バス,"イオン高崎〜長岡〜榛東村役場線, 高崎〜水沢〜伊香保線, 渋川箕郷線"
倉海戸,渋川市,箕郷営業所〜渋川駅線
火の見下,（株）群馬バス,"権田〜里見〜高崎線, 室田〜大番道〜権田線, 権田線, 権田車庫〜川浦〜新開入口・はまゆう山荘"
児童館入口,日本中央バス（株）,"西39-2　吉岡線　［9261］, 西39-1　吉岡線　［9263］, 西39-1　吉岡線　［9264］, 西30　吉岡線　［9266］, 吉岡線　［9267・9268］"
児童館入口,（株）群馬バス,イオン高崎〜長岡〜榛東村役場線
鳥居下,関越交通（株）,"赤城山線：前橋〜富士見〜赤城山, 赤城青年の家循環線"
浅間牧場,草軽交通（株）,"草津温泉〜西吾妻病院〜軽井沢, 北軽井沢〜軽井沢"
宮原,（株）群馬バス,"高崎〜岩氷〜権田線, 室田〜岩氷〜権田線, 権田線, 権田車庫〜川浦〜新開入口・はまゆう山荘"
宮原,高崎市,倉渕線
くわばら整形外科前,日本中央バス（株）,"西39-2　吉岡線　［9261］, 西39-1　吉岡線　［9263］, 西39-1　吉岡線　［9264］, 吉岡線　［9267・9268］"
法華沢,関越交通（株）,"前橋線：渋川行循環, 前橋線：前橋駅〜医療センター, 前橋線：前橋駅〜渋川駅, 前橋線：前橋行循環, 南橘団地線：前橋駅〜渋川駅"
原神社,日本中央バス（株）,"北31　富士見線　［7301・7302］, 北30　富士見線　［7303・7304］, 北32　富士見線　［7305・7306］"
忠霊塔入口,桐生市,"川内線幹線, 川内線支線"
よしおか温泉,日本中央バス（株）,"西39-2　吉岡線　［9261］, 西39-1　吉岡線　［9263］, 西39-1　吉岡線　［9264］, 吉岡線　［9267・9268］"
自然観察の森,桐生市,"川内線幹線, 川内線支線"
公会堂前,日本中央バス（株）,"西38　榛東線　［8235］, 西38　榛東線　［8236］, 西35　榛東線　［8237］, 西35　榛東線　［8238］, 西36　榛東線　［8240］"
三宮住宅入口,日本中央バス（株）,"西39-2　吉岡線　［9261］, 西39-1　吉岡線　［9263］, 西39-1　吉岡線　［9264］, 西30　吉岡線　［9266］, 吉岡線　［9267・9268］"
三宮住宅入口,（株）群馬バス,イオン高崎〜長岡〜榛東村役場線
旧十二柱神社前,日本中央バス（株）,"西38　榛東線　［8235］, 西38　榛東線　［8236］, 西35　榛東線　［8237］, 西35　榛東線　［8238］, 西36　榛東線　［8240］"
椿名神社,（株）群馬バス,"権田〜里見〜高崎線, 室田〜大番道〜権田線, 権田線, 権田車庫〜川浦〜新開入口・はまゆう山荘"
柳沢寺,日本中央バス（株）,"西38　榛東線　［8235］, 西38　榛東線　［8236］, 西35　榛東線　［8237］, 西35　榛東線　［8238］, 西36　榛東線　［8240］, 西37　榛東線　［8241］, 西37　榛東線　［8242］"
柳沢寺,（株）群馬バス,イオン高崎〜長岡〜榛東村役場線
神田,日本中央バス（株）,"西38　榛東線　［8235］, 西38　榛東線　［8236］, 西35　榛東線　［8237］, 西35　榛東線　［8238］, 西36　榛東線　［8240］, 西37　榛東線　［8241］, 西37　榛東線　［8242］"
山の神,（株）群馬バス,高崎〜本郷〜榛名湖線
旧榛東村役場前,日本中央バス（株）,"西33　榛東線　［8231］, 西33　榛東線　［8232］, 西34　榛東線　［8233］, 西34　榛東線　［8234］"
旧榛東村役場前,（株）群馬バス,"イオン高崎〜長岡〜榛東村役場線, 高崎〜水沢〜伊香保線, 渋川箕郷線"
旧榛東村役場前,渋川市,箕郷営業所〜渋川駅線
桃泉三叉路,日本中央バス（株）,"西38　榛東線　［8235］, 西38　榛東線　［8236］, 西35　榛東線　［8237］, 西35　榛東線　［8238］, 西36　榛東線　［8240］"
居館,桐生市,梅田線
南野,日本中央バス（株）,"西38　榛東線　［8235］, 西38　榛東線　［8236］, 西35　榛東線　［8237］, 西35　榛東線　［8238］, 西36　榛東線　［8240］, 西37　榛東線　［8241］, 西37　榛東線　［8242］"
川内中学校前,桐生市,"川内線幹線, 川内線支線"
山子田,日本中央バス（株）,"西38　榛東線　［8235］, 西38　榛東線　［8236］, 西35　榛東線　［8237］, 西35　榛東線　［8238］, 西36　榛東線　［8240］, 西37　榛東線　［8241］, 西37　榛東線　［8242］"
山子田,（株）群馬バス,イオン高崎〜長岡〜榛東村役場線
総合スポーツセンター,日本中央バス（株）,"渋30　総社線　［3481］, 渋30　総社線　［3482］"
総合スポーツセンター,関越交通（株）,"前橋駅〜群大附属小〜総合SC線, 緑が丘線：前橋駅〜総合SC"
神田東,（株）群馬バス,イオン高崎〜長岡〜榛東村役場線
分去の茶屋,草軽交通（株）,"草津温泉〜西吾妻病院〜軽井沢, 北軽井沢〜軽井沢"
富士塚十字路,日本中央バス（株）,"北31　富士見線　［7301・7302］, 北30　富士見線　［7303・7304］, 北32　富士見線　［7305・7306］"
倉渕幼稚園入口,（株）群馬バス,"高崎〜岩氷〜権田線, 室田〜岩氷〜権田線, 権田線"
くらぶちこども園入口,（株）群馬バス,権田車庫〜川浦〜新開入口・はまゆう山荘
くらぶちこども園入口,高崎市,倉渕線
中島,日本中央バス（株）,"西39-2　吉岡線　［9261］, 西39-1　吉岡線　［9263］, 西39-1　吉岡線　［9264］, 西30　吉岡線　［9266］, 吉岡線　［9267・9268］"
中島,（株）群馬バス,イオン高崎〜長岡〜榛東村役場線
時沢学校前,関越交通（株）,"赤城山線：前橋〜富士見〜赤城山, 赤城青年の家循環線"
田中,関越交通（株）,高崎線：渋川駅〜高崎
榛東村役場,日本中央バス（株）,"西38　榛東線　［8235］, 西38　榛東線　［8236］, 西35　榛東線　［8237］, 西35　榛東線　［8238］, 西37　榛東線　［8241］, 西37　榛東線　［8242］"
榛東村役場,（株）群馬バス,"イオン高崎〜長岡〜榛東村役場線, 高崎〜イオン〜榛東村役場線, 高崎〜井出〜榛東村役場線"
嶺公民館前,永井運輸（株）,"庁58　荻窪公園線, 庁59　荻窪公園線, 北59　荻窪公園線, 北50　嶺公園線"
川内中学校東,桐生市,川内線支線
駒寄小学校前,日本中央バス（株）,"西39-2　吉岡線　［9261］, 西39-1　吉岡線　［9263］, 西39-1　吉岡線　［9264］, 吉岡線　［9267・9268］"
橋前場,桐生市,"川内線幹線, 川内線支線"
さわらび療育園入口,（株）群馬バス,高崎〜本郷〜榛名湖線
駒寄診療所,日本中央バス（株）,"西39-2　吉岡線　［9261］, 西39-1　吉岡線　［9263］, 西39-1　吉岡線　［9264］, 西30　吉岡線　［9266］, 吉岡線　［9267・9268］"
駒寄,日本中央バス（株）,"西39-2　吉岡線　［9261］, 西39-1　吉岡線　［9263］, 西39-1　吉岡線　［9264］, 西30　吉岡線　［9266］, 吉岡線　［9267・9268］"
しんとう温泉,日本中央バス（株）,"西38　榛東線　［8235］, 西38　榛東線　［8236］, 西35　榛東線　［8237］, 西35　榛東線　［8238］, 西37　榛東線　［8241］, 西37　榛東線　［8242］"
しんとう温泉,（株）群馬バス,"イオン高崎〜長岡〜榛東村役場線, 高崎〜イオン〜榛東村役場線, 高崎〜井出〜榛東村役場線"
大門,桐生市,梅田線
はまゆう山荘,（株）群馬バス,権田車庫〜川浦〜新開入口・はまゆう山荘
須永橋,桐生市,"川内線幹線, 川内線支線"
上菱団地,桐生市,梅田線
はるな郷,（株）群馬バス,はるな郷線
大番道,（株）群馬バス,"権田〜里見〜高崎線, 室田〜大番道〜権田線, 権田線, 権田車庫〜川浦〜新開入口・はまゆう山荘"
寺前,桐生市,"川内線幹線, 川内線支線"
赤坂,関越交通（株）,"赤城山線：前橋〜富士見〜赤城山, 赤城青年の家循環線"
嶺十字路,永井運輸（株）,"庁58　荻窪公園線, 庁59　荻窪公園線, 北59　荻窪公園線, 北50　嶺公園線"
関根,関越交通（株）,"前橋線：渋川行循環, 前橋線：前橋駅〜医療センター, 前橋線：前橋駅〜渋川駅, 前橋線：前橋行循環, 南橘団地線：前橋駅〜渋川駅"
下も下道,（株）群馬バス,"高崎〜岩氷〜権田線, 室田〜岩氷〜権田線, 権田線, 権田車庫〜川浦〜新開入口・はまゆう山荘"
下も下道,高崎市,倉渕線
堀の内,日本中央バス（株）,"北31　富士見線　［7301・7302］, 北30　富士見線　［7303・7304］, 北32　富士見線　［7305・7306］"
旧女子高前,桐生市,"中央幹線：新桐生駅〜旧女子高, 梅田線"
三津屋古墳入口,日本中央バス（株）,"西39-2　吉岡線　［9261］, 西39-1　吉岡線　［9263］, 西39-1　吉岡線　［9264］, 西30　吉岡線　［9266］, 吉岡線　［9267・9268］"
駒寄三津屋,（株）群馬バス,イオン高崎〜長岡〜榛東村役場線
思いやり・かがやき前,桐生市,"川内線幹線, 川内線支線"
八幡橋,日本中央バス（株）,"西33　榛東線　［8231］, 西33　榛東線　［8232］, 西34　榛東線　［8233］, 西34　榛東線　［8234］, 西38　榛東線　［8235］, 西38　榛東線　［8236］, 西35　榛東線　［8237］, 西35　榛東線　［8238］, 西36　榛東線　［8240］, 西37　榛東線　［8241］, 西37　榛東線　［8242］"
八幡橋,（株）群馬バス,"高崎〜水沢〜伊香保線, 渋川箕郷線"
八幡橋,渋川市,箕郷営業所〜渋川駅線
新堀団地入口,桐生市,"川内線幹線, 川内線支線"
川内公民館入口,桐生市,川内線支線
南下,関越交通（株）,高崎線：渋川駅〜高崎
小松橋,桐生市,梅田線
関根町三丁目,日本中央バス（株）,"渋30　総社線　［3481］, 渋30　総社線　［3482］"
関根町三丁目,関越交通（株）,"前橋駅〜群大附属小〜総合SC線, 緑が丘線：前橋駅〜総合SC"
浅間ハイランドパーク,草軽交通（株）,"草津温泉〜西吾妻病院〜軽井沢, 北軽井沢〜軽井沢"
四丁目集会所前,桐生市,"川内線幹線, 川内線支線"
自衛隊前,日本中央バス（株）,"西33　榛東線　［8231］, 西33　榛東線　［8232］, 西38　榛東線　［8235］, 西38　榛東線　［8236］, 西36　榛東線　［8240］"
相馬ヶ原自衛隊,（株）群馬バス,"高崎〜イオン〜榛東村役場線, 高崎〜井出〜榛東村役場線"
天沼集荷所,永井運輸（株）,北50　嶺公園線
川内町四丁目,桐生市,"川内線幹線, 川内線支線"
時沢神社前,関越交通（株）,"赤城山線：前橋〜富士見〜赤城山, 赤城青年の家循環線"
湯が沢,（株）群馬バス,"高崎〜岩氷〜権田線, 室田〜岩氷〜権田線, 権田線, 権田車庫〜川浦〜新開入口・はまゆう山荘"
湯が沢,高崎市,倉渕線
梅田町一丁目,桐生市,"中央幹線：新桐生駅〜旧女子高, 梅田線"
榛名女子学園前,（株）群馬バス,"高崎〜イオン〜榛東村役場線, 高崎〜井出〜榛東村役場線"
前橋自動車教習所前,関越交通（株）,"前橋線：渋川行循環, 前橋線：前橋駅〜医療センター, 前橋線：前橋駅〜渋川駅, 前橋線：前橋行循環, 南橘団地線：前橋駅〜群馬大学, 南橘団地線：前橋駅〜渋川駅"
川内町一丁目,桐生市,"川内線幹線, 川内線支線"
南新井,日本中央バス（株）,"西33　榛東線　［8231］, 西33　榛東線　［8232］, 西34　榛東線　［8233］, 西34　榛東線　［8234］, 西38　榛東線　［8235］, 西38　榛東線　［8236］, 西35　榛東線　［8237］, 西35　榛東線　［8238］, 西36　榛東線　［8240］, 西37　榛東線　［8241］, 西37　榛東線　［8242］"
南新井,（株）群馬バス,"高崎〜イオン〜榛東村役場線, 高崎〜井出〜榛東村役場線, 高崎〜水沢〜伊香保線, 渋川箕郷線"
南新井,渋川市,箕郷営業所〜渋川駅線
大久保上町,日本中央バス（株）,"西39-2　吉岡線　［9261］, 西39-1　吉岡線　［9263］, 西39-1　吉岡線　［9264］, 西30　吉岡線　［9266］, 吉岡線　［9267・9268］"
公田,永井運輸（株）,"北54　荻窪公園線, 庁54　荻窪公園線, 北51　荻窪公園線, 北53　荻窪公園線, 庁53　荻窪公園線, 北52　荻窪公園線, 庁58　荻窪公園線, 庁59　荻窪公園線, 北59　荻窪公園線, 庁51　荻窪公園線"
群馬大学荒牧,関越交通（株）,"前橋線：渋川行循環, 前橋線：前橋駅〜医療センター, 前橋線：前橋駅〜渋川駅, 前橋線：前橋行循環, 南橘団地線：前橋駅〜群馬大学"
川内修道院入口,桐生市,"川内線幹線, 川内線支線"
商工連会館前,日本中央バス（株）,"渋30　総社線　［3481］, 渋30　総社線　［3482］"
商工連会館前,関越交通（株）,"前橋駅〜群大附属小〜総合SC線, 緑が丘線：前橋駅〜総合SC"
西新井,永井運輸（株）,"北54　荻窪公園線, 庁54　荻窪公園線, 北51　荻窪公園線, 北53　荻窪公園線, 庁53　荻窪公園線, 北52　荻窪公園線, 庁51　荻窪公園線"
川内小学校前,桐生市,"川内線幹線, 川内線支線"
小倉会館前,桐生市,"川内線幹線, 川内線支線"
原之郷入口,日本中央バス（株）,"北31　富士見線　［7301・7302］, 北30　富士見線　［7303・7304］, 北32　富士見線　［7305・7306］"
公会堂前,関越交通（株）,高崎線：渋川駅〜高崎
二軒茶屋,（株）群馬バス,高崎〜本郷〜榛名湖線
団地北,永井運輸（株）,"北54　荻窪公園線, 庁54　荻窪公園線, 北51　荻窪公園線, 北53　荻窪公園線, 庁53　荻窪公園線, 北52　荻窪公園線, 庁58　荻窪公園線, 庁59　荻窪公園線, 北59　荻窪公園線, 庁51　荻窪公園線"
むつみ橋入口,桐生市,"川内線幹線, 川内線支線"
上村,（株）群馬バス,"高崎〜岩氷〜権田線, 室田〜岩氷〜権田線, 権田線, 権田車庫〜川浦〜新開入口・はまゆう山荘"
上村,高崎市,倉渕線
川原町北,日本中央バス（株）,"渋30　総社線　［3481］, 渋30　総社線　［3482］"
川原町北,関越交通（株）,"前橋駅〜群大附属小〜総合SC線, 緑が丘線：前橋駅〜総合SC"
天神町三丁目,桐生市,"中央幹線：新桐生駅〜旧女子高, 梅田線"
十二沢,日本中央バス（株）,"西33　榛東線　［8231］, 西33　榛東線　［8232］, 西34　榛東線　［8233］, 西34　榛東線　［8234］, 西38　榛東線　［8235］, 西38　榛東線　［8236］, 西35　榛東線　［8237］, 西35　榛東線　［8238］, 西36　榛東線　［8240］, 西37　榛東線　［8241］, 西37　榛東線　［8242］"
陣場,関越交通（株）,高崎線：渋川駅〜高崎
蜂ヶ沢,桐生市,川内線幹線
宮原,桐生市,"川内線幹線, 川内線支線"
集荷所,永井運輸（株）,"北54　荻窪公園線, 庁54　荻窪公園線, 北51　荻窪公園線, 北53　荻窪公園線, 庁53　荻窪公園線, 北52　荻窪公園線, 庁51　荻窪公園線"
源兵衛山古墳入口,（株）群馬バス,イオン高崎〜長岡〜榛東村役場線
相川橋北,桐生市,川内線支線
大久保中町,日本中央バス（株）,"西39-2　吉岡線　［9261］, 西39-1　吉岡線　［9263］, 西39-1　吉岡線　［9264］, 西30　吉岡線　［9266］, 吉岡線　［9267・9268］"
荒牧,関越交通（株）,"前橋駅〜群大附属小〜総合SC線, 前橋線：渋川行循環, 前橋線：前橋駅〜医療センター, 前橋線：前橋駅〜渋川駅, 前橋線：前橋行循環, 南橘団地線：前橋駅〜群馬大学, 南橘団地線：前橋駅〜渋川駅"
小坂子,永井運輸（株）,"北54　荻窪公園線, 庁54　荻窪公園線, 北51　荻窪公園線, 北53　荻窪公園線, 庁53　荻窪公園線, 北52　荻窪公園線, 庁51　荻窪公園線"
十一屋前,（株）群馬バス,"権田〜里見〜高崎線, 高崎〜岩氷〜権田線, 室田〜岩氷〜権田線, 室田〜大番道〜権田線, 権田線, 権田車庫〜川浦〜新開入口・はまゆう山荘"
倉渕中学校前,（株）群馬バス,"高崎〜岩氷〜権田線, 室田〜岩氷〜権田線, 権田線"
不動入口,関越交通（株）,"赤城山線：前橋〜富士見〜赤城山, 赤城青年の家循環線"
下新井,日本中央バス（株）,"西33　榛東線　［8231］, 西33　榛東線　［8232］, 西34　榛東線　［8233］, 西34　榛東線　［8234］, 西38　榛東線　［8235］, 西38　榛東線　［8236］, 西35　榛東線　［8237］, 西35　榛東線　［8238］, 西36　榛東線　［8240］, 西37　榛東線　［8241］, 西37　榛東線　［8242］"
勝沢町,永井運輸（株）,北50　嶺公園線
団地中央,永井運輸（株）,"北54　荻窪公園線, 庁54　荻窪公園線, 北51　荻窪公園線, 北53　荻窪公園線, 庁53　荻窪公園線, 北52　荻窪公園線, 庁58　荻窪公園線, 庁59　荻窪公園線, 北59　荻窪公園線, 庁51　荻窪公園線"
大久保中町西,日本中央バス（株）,"渋30　総社線　［3481］, 渋30　総社線　［3482］"
川原町,関越交通（株）,"前橋駅〜群大附属小〜総合SC線, 緑が丘線：前橋駅〜総合SC"
荒牧小学校入口,関越交通（株）,前橋駅〜群大附属小〜総合SC線
大川,（株）群馬バス,"高崎〜イオン〜榛東村役場線, 高崎〜井出〜榛東村役場線, 高崎〜水沢〜伊香保線, 渋川箕郷線"
大川,渋川市,箕郷営業所〜渋川駅線
南橘団地,関越交通（株）,"南橘団地線：前橋駅〜群馬大学, 南橘団地線：前橋駅〜渋川駅"
石津,（株）群馬バス,"権田〜里見〜高崎線, 高崎〜岩氷〜権田線, 室田〜岩氷〜権田線, 室田〜大番道〜権田線, 権田線, 権田車庫〜川浦〜新開入口・はまゆう山荘"
元丸,（株）群馬バス,"高崎〜岩氷〜権田線, 室田〜岩氷〜権田線, 権田線"
小坂子東,永井運輸（株）,"北53　荻窪公園線, 庁53　荻窪公園線, 北52　荻窪公園線"
上毛大橋東,日本中央バス（株）,"渋30　総社線　［3481］, 渋30　総社線　［3482］"
荒牧新道,関越交通（株）,"前橋駅〜群大附属小〜総合SC線, 前橋線：渋川行循環, 前橋線：前橋駅〜医療センター, 前橋線：前橋駅〜渋川駅, 前橋線：前橋行循環, 南橘団地線：前橋駅〜群馬大学, 南橘団地線：前橋駅〜渋川駅"
天神町二丁目,桐生市,"中央幹線：新桐生駅〜旧女子高, 梅田線"
倉渕福祉センター入口,（株）群馬バス,権田車庫〜川浦〜新開入口・はまゆう山荘
岩氷南,高崎市,倉渕線
団地入口,日本中央バス（株）,"北31　富士見線　［7301・7302］, 北30　富士見線　［7303・7304］, 北32　富士見線　［7305・7306］"
南橘保育所北,関越交通（株）,"南橘団地線：前橋駅〜群馬大学, 南橘団地線：前橋駅〜渋川駅"
浅間六里ヶ原休憩所,西武観光バス（株）,"M、O、H　軽井沢駅〜万座バスターミナル, S　軽井沢駅〜草津温泉"
荒牧小西,関越交通（株）,前橋駅〜群大附属小〜総合SC線
柿の木坂,日本中央バス（株）,"西33　榛東線　［8231］, 西33　榛東線　［8232］, 西34　榛東線　［8233］, 西34　榛東線　［8234］, 西38　榛東線　［8235］, 西38　榛東線　［8236］, 西35　榛東線　［8237］, 西35　榛東線　［8238］, 西36　榛東線　［8240］, 西37　榛東線　［8241］, 西37　榛東線　［8242］"
第五保育所前,日本中央バス（株）,"西39-2　吉岡線　［9261］, 西39-1　吉岡線　［9263］, 西39-1　吉岡線　［9264］, 西30　吉岡線　［9266］, 吉岡線　［9267・9268］"
高花台団地,永井運輸（株）,"北54　荻窪公園線, 庁54　荻窪公園線, 北51　荻窪公園線, 北53　荻窪公園線, 庁53　荻窪公園線, 北52　荻窪公園線, 庁58　荻窪公園線, 庁59　荻窪公園線, 北59　荻窪公園線, 庁51　荻窪公園線"
駒寄,（株）群馬バス,駒寄線
堀割,（株）群馬バス,高崎〜本郷〜榛名湖線
南橘団地入口,関越交通（株）,"南橘団地線：前橋駅〜群馬大学, 南橘団地線：前橋駅〜渋川駅"
一本松,関越交通（株）,高崎線：渋川駅〜高崎
富士見入口,関越交通（株）,"赤城山線：前橋〜富士見〜赤城山, 赤城青年の家循環線"
清桜高校前,桐生市,"川内線支線, 相生線"
松の沢三号橋,（株）群馬バス,はるな郷線
市杵嶋神社入口,関越交通（株）,緑が丘線：前橋駅〜総合SC
鷹ノ巣入口,桐生市,川内線幹線
倉渕支所,高崎市,倉渕線
小田原入口,（株）群馬バス,駒寄線
総合庁舎前,（株）群馬バス,"権田〜里見〜高崎線, 高崎〜岩氷〜権田線, 室田〜岩氷〜権田線, 室田〜大番道〜権田線, 権田線, 権田車庫〜川浦〜新開入口・はまゆう山荘"
勝沢十字路,永井運輸（株）,北50　嶺公園線
工業団地入口,桐生市,相生線
運動公園入口,桐生市,相生線
荻窪公園,永井運輸（株）,"北53　荻窪公園線, 庁53　荻窪公園線, 北52　荻窪公園線"
八ノ海道,（株）群馬バス,"高崎〜井出〜榛東村役場線, 高崎〜水沢〜伊香保線, 渋川箕郷線"
八ノ海道,渋川市,箕郷営業所〜渋川駅線
八ノ海道下,（株）群馬バス,高崎〜イオン〜榛東村役場線
群馬の松入口,（株）群馬バス,駒寄線
大久保下町,日本中央バス（株）,"西39-2　吉岡線　［9261］, 西39-1　吉岡線　［9263］, 西39-1　吉岡線　［9264］, 西30　吉岡線　［9266］, 吉岡線　［9267・9268］"
二本松団地,桐生市,相生線
芳賀小前,永井運輸（株）,"北54　荻窪公園線, 庁54　荻窪公園線, 北51　荻窪公園線, 北53　荻窪公園線, 庁53　荻窪公園線, 北52　荻窪公園線, 庁58　荻窪公園線, 庁59　荻窪公園線, 北59　荻窪公園線, 庁51　荻窪公園線"
松の沢,（株）群馬バス,はるな郷線
南橘中学校前,関越交通（株）,"南橘団地線：前橋駅〜群馬大学, 南橘団地線：前橋駅〜渋川駅"
中里橋東,桐生市,菱線
群馬大学桐生東門前,桐生市,菱線
倉渕福祉センター,高崎市,倉渕線
水沼,（株）群馬バス,権田車庫〜川浦〜新開入口・はまゆう山荘
水沼,高崎市,倉渕線
川原町南,関越交通（株）,緑が丘線：前橋駅〜総合SC
判塚,日本中央バス（株）,"西33　榛東線　［8231］, 西33　榛東線　［8232］, 西34　榛東線　［8233］, 西34　榛東線　［8234］, 西38　榛東線　［8235］, 西38　榛東線　［8236］, 西35　榛東線　［8237］, 西35　榛東線　［8238］, 西36　榛東線　［8240］, 西37　榛東線　［8241］, 西37　榛東線　［8242］"
新田上東,高崎市,"松原線, 柏木沢線"
群馬大学桐生正門前,桐生市,"中央幹線：新桐生駅〜旧女子高, 梅田線"
中ノ前,（株）群馬バス,"高崎〜井出〜榛東村役場線, 高崎〜水沢〜伊香保線, 渋川箕郷線"
中ノ前,渋川市,箕郷営業所〜渋川駅線
上清野,関越交通（株）,高崎線：渋川駅〜高崎
北前橋,関越交通（株）,"前橋駅〜群大附属小〜総合SC線, 前橋線：渋川行循環, 前橋線：前橋駅〜医療センター, 前橋線：前橋駅〜渋川駅, 前橋線：前橋行循環, 南橘団地線：前橋駅〜群馬大学, 南橘団地線：前橋駅〜渋川駅"
聖宮神社前,（株）群馬バス,高崎〜イオン〜榛東村役場線
大間々グランド前,桐生市,相生線
遊園地・動物園,桐生市,MAYU　遊園地・動物園コース
渡良瀬団地,桐生市,"川内線支線, 相生線"
太陽誘電三ノ倉工場前,（株）群馬バス,"権田〜里見〜高崎線, 高崎〜岩氷〜権田線, 室田〜岩氷〜権田線, 室田〜大番道〜権田線, 権田線, 権田車庫〜川浦〜新開入口・はまゆう山荘"
太陽誘電三ノ倉工場前,高崎市,倉渕線
峠,桐生市,川内線幹線
上細井,関越交通（株）,"赤城山線：前橋〜富士見〜赤城山, 赤城青年の家循環線"
東部住宅団地入口,永井運輸（株）,"北54　荻窪公園線, 庁54　荻窪公園線, 北51　荻窪公園線, 北53　荻窪公園線, 庁53　荻窪公園線, 北52　荻窪公園線, 庁58　荻窪公園線, 庁59　荻窪公園線, 北59　荻窪公園線, 庁51　荻窪公園線"
緑が丘町,関越交通（株）,緑が丘線：前橋駅〜総合SC
青柳,日本中央バス（株）,"北31　富士見線　［7301・7302］, 北30　富士見線　［7303・7304］, 北32　富士見線　［7305・7306］"
笹熊公会堂前,日本中央バス（株）,"西33　榛東線　［8231］, 西33　榛東線　［8232］, 西34　榛東線　［8233］, 西34　榛東線　［8234］, 西38　榛東線　［8235］, 西38　榛東線　［8236］, 西35　榛東線　［8237］, 西35　榛東線　［8238］, 西36　榛東線　［8240］, 西37　榛東線　［8241］, 西37　榛東線　［8242］"
相間川温泉,高崎市,倉渕線
新田上西,高崎市,"松原線, 柏木沢線"
湯の道利久,日本中央バス（株）,"渋30　総社線　［3481］, 渋30　総社線　［3482］, 渋30　総社線　［3483・3484］"
善徳,（株）群馬バス,イオン高崎〜長岡〜榛東村役場線
前川橋,（株）群馬バス,駒寄線
宮昌寺入口,（株）群馬バス,高崎〜イオン〜榛東村役場線
富士塚,永井運輸（株）,北50　嶺公園線
四辻の齋嘉,桐生市,"MAYU　遊園地・動物園コース, MAYU　重伝建コース"
菱町四丁目集会所前,桐生市,菱線
相生町三丁目,桐生市,"川内線支線, 相生線"
本町一丁目,桐生市,"中央幹線：新桐生駅〜旧女子高, 梅田線"
老人センター入口,関越交通（株）,緑が丘線：前橋駅〜総合SC
清野,日本中央バス（株）,"西33　榛東線　［8231］, 西33　榛東線　［8232］, 西34　榛東線　［8233］, 西34　榛東線　［8234］, 西38　榛東線　［8235］, 西38　榛東線　［8236］, 西35　榛東線　［8237］, 西35　榛東線　［8238］, 西36　榛東線　［8240］, 西37　榛東線　［8241］, 西37　榛東線　［8242］"
桐生球場前駅西,桐生市,相生線
総社北郵便局,日本中央バス（株）,"西39-2　吉岡線　［9261］, 西39-1　吉岡線　［9263］, 西39-1　吉岡線　［9264］, 西30　吉岡線　［9266］, 吉岡線　［9267・9268］"
観音坂,（株）群馬バス,はるな郷線
清野町,関越交通（株）,高崎線：渋川駅〜高崎
東久方二丁目,桐生市,菱線
広馬場,（株）群馬バス,"高崎〜井出〜榛東村役場線, 高崎〜水沢〜伊香保線, 渋川箕郷線"
広馬場,渋川市,箕郷営業所〜渋川駅線
前橋西高等学校,日本中央バス（株）,"西33　榛東線　［8231］, 西33　榛東線　［8232］, 西34　榛東線　［8233］, 西34　榛東線　［8234］, 西38　榛東線　［8235］, 西38　榛東線　［8236］, 西35　榛東線　［8237］, 西35　榛東線　［8238］, 西36　榛東線　［8240］, 西37　榛東線　［8241］, 西37　榛東線　［8242］"
明神平,高崎市,斉渡中北線
下水沼,（株）群馬バス,権田車庫〜川浦〜新開入口・はまゆう山荘
下水沼,高崎市,倉渕線
水沼入口,（株）群馬バス,"権田〜里見〜高崎線, 高崎〜岩氷〜権田線, 室田〜岩氷〜権田線, 室田〜大番道〜権田線, 権田線"
水沼入口,高崎市,倉渕線
修道院入口,桐生市,川内線幹線
本町二丁目,桐生市,"中央幹線：新桐生駅〜旧女子高, 梅田線"
敷島公園北,関越交通（株）,緑が丘線：前橋駅〜総合SC
見柳東,（株）群馬バス,イオン高崎〜長岡〜榛東村役場線
龍蔵寺町,日本中央バス（株）,"北31　富士見線　［7301・7302］, 北30　富士見線　［7303・7304］, 北32　富士見線　［7305・7306］"
県前橋合同庁舎入口,関越交通（株）,"赤城山線：前橋〜富士見〜赤城山, 赤城青年の家循環線"
相生保育園北,桐生市,"川内線支線, 相生線"
柏木沢農協前,（株）群馬バス,"高崎〜井出〜榛東村役場線, 高崎〜水沢〜伊香保線, 渋川箕郷線"
柏木沢農協前,渋川市,箕郷営業所〜渋川駅線
前小路貯水池東,高崎市,"松原線, 柏木沢線"
上小出,関越交通（株）,"前橋駅〜群大附属小〜総合SC線, 前橋線：渋川行循環, 前橋線：前橋駅〜医療センター, 前橋線：前橋駅〜渋川駅, 前橋線：前橋行循環, 南橘団地線：前橋駅〜群馬大学, 南橘団地線：前橋駅〜渋川駅"
北松原,高崎市,松原線
三愛クリニック前,（株）群馬バス,高崎〜イオン〜榛東村役場線
東松原北,高崎市,松原線
群馬温泉やすらぎの湯入口,（株）群馬バス,高崎〜イオン〜榛東村役場線
八幡神社前,日本中央バス（株）,"西33　榛東線　［8231］, 西33　榛東線　［8232］, 西34　榛東線　［8233］, 西34　榛東線　［8234］, 西38　榛東線　［8235］, 西38　榛東線　［8236］, 西35　榛東線　［8237］, 西35　榛東線　［8238］, 西36　榛東線　［8240］, 西37　榛東線　［8241］, 西37　榛東線　［8242］"
教習所前,桐生市,川内線幹線
有鄰館前,桐生市,"中央幹線：新桐生駅〜旧女子高, 梅田線"
総社植野,日本中央バス（株）,"西39-2　吉岡線　［9261］, 西39-1　吉岡線　［9263］, 西39-1　吉岡線　［9264］, 西30　吉岡線　［9266］, 吉岡線　［9267・9268］"
演習所入口,（株）群馬バス,はるな郷線
三の倉会館前,（株）群馬バス,"権田〜里見〜高崎線, 高崎〜岩氷〜権田線, 室田〜岩氷〜権田線, 室田〜大番道〜権田線, 権田線"
三の倉会館前,高崎市,倉渕線
稲荷橋東,桐生市,菱線
鳥取町,永井運輸（株）,"北54　荻窪公園線, 庁54　荻窪公園線, 北51　荻窪公園線, 北53　荻窪公園線, 庁53　荻窪公園線, 北52　荻窪公園線, 庁58　荻窪公園線, 庁59　荻窪公園線, 北59　荻窪公園線, 庁51　荻窪公園線"
小神明三叉路,永井運輸（株）,北50　嶺公園線
北公民館前,桐生市,菱線
有鄰館,桐生市,"MAYU　遊園地・動物園コース, MAYU　重伝建コース"
西松原集荷所,（株）群馬バス,はるな郷線
青梨子,日本中央バス（株）,"西33　榛東線　［8231］, 西33　榛東線　［8232］, 西34　榛東線　［8233］, 西34　榛東線　［8234］, 西38　榛東線　［8235］, 西38　榛東線　［8236］, 西35　榛東線　［8237］, 西35　榛東線　［8238］, 西36　榛東線　［8240］, 西37　榛東線　［8241］, 西37　榛東線　［8242］"
KG入口,高崎市,斉渡中北線
岡登緑道,桐生市,相生線
清里小学校前,日本中央バス（株）,"西33　榛東線　［8231］, 西33　榛東線　［8232］, 西34　榛東線　［8233］, 西34　榛東線　［8234］, 西38　榛東線　［8235］, 西38　榛東線　［8236］, 西35　榛東線　［8237］, 西35　榛東線　［8238］, 西36　榛東線　［8240］, 西37　榛東線　［8241］, 西37　榛東線　［8242］"
カスミ前,桐生市,相生線
KGカントリークラブ入口,（株）群馬バス,高崎〜本郷〜榛名湖線
群馬温泉,関越交通（株）,高崎線：渋川駅〜高崎
群馬温泉,前橋市,金古王塚台線
群馬温泉やすらぎの湯,高崎市,こうづけ国分寺線
丸山下,桐生市,川内線幹線
諏訪橋,関越交通（株）,緑が丘線：前橋駅〜総合SC
群馬総社駅,日本中央バス（株）,"渋30　総社線　［3481］, 渋30　総社線　［3482］, 渋30　総社線　［3483・3484］, 渋30　総社線　［3485］, 西39-2　吉岡線　［9261］, 吉岡線　［9267・9268］"
サニータウン前,関越交通（株）,高崎線：渋川駅〜高崎
サニータウン前,高崎市,こうづけ国分寺線
サニータウン前,前橋市,金古王塚台線
希望の家前,桐生市,相生線
相生団地,桐生市,相生線
鎌倉坂,永井運輸（株）,北50　嶺公園線
三の倉下宿,（株）群馬バス,"権田〜里見〜高崎線, 高崎〜岩氷〜権田線, 室田〜岩氷〜権田線, 室田〜大番道〜権田線, 権田線"
三の倉下宿,高崎市,倉渕線
県営住宅前,桐生市,相生線
木戸際,関越交通（株）,高崎線：渋川駅〜高崎
仲町一丁目,桐生市,菱線
総社高井,日本中央バス（株）,"西33　榛東線　［8231］, 西33　榛東線　［8232］, 西34　榛東線　［8233］, 西34　榛東線　［8234］, 西38　榛東線　［8235］, 西38　榛東線　［8236］, 西35　榛東線　［8237］, 西35　榛東線　［8238］, 西36　榛東線　［8240］, 西37　榛東線　［8241］, 西37　榛東線　［8242］"
柏木沢青山前,（株）群馬バス,"高崎〜井出〜榛東村役場線, 高崎〜水沢〜伊香保線, 渋川箕郷線"
柏木沢青山前,高崎市,柏木沢線
柏木沢青山前,渋川市,箕郷営業所〜渋川駅線
新屋後,高崎市,斉渡中北線
さくらもーる東,桐生市,相生線
白髭神社前,桐生市,川内線幹線
学校前,永井運輸（株）,北50　嶺公園線
青年の家北,桐生市,菱線
銭神橋,高崎市,斉渡中北線
金古2区公民館入口,関越交通（株）,高崎線：渋川駅〜高崎
金古2区公民館入口,高崎市,こうづけ国分寺線
金古2区公民館入口,前橋市,金古王塚台線
芳賀工業団地,永井運輸（株）,"北54　荻窪公園線, 庁54　荻窪公園線, 北51　荻窪公園線, 北53　荻窪公園線, 庁53　荻窪公園線, 北52　荻窪公園線, 庁58　荻窪公園線, 庁59　荻窪公園線, 北59　荻窪公園線, 庁51　荻窪公園線"
幸橋東,桐生市,菱線
高井町一丁目,（株）群馬バス,イオン高崎〜長岡〜榛東村役場線
さくらもーる,桐生市,相生線
細井小学校入口,関越交通（株）,"赤城山線：前橋〜富士見〜赤城山, 赤城青年の家循環線"
東一丁目,桐生市,菱線
高井,日本中央バス（株）,"渋30　総社線　［3481］, 渋30　総社線　［3482］, 渋30　総社線　［3483・3484］, 西33　榛東線　［8231］, 西33　榛東線　［8232］, 西34　榛東線　［8233］, 西34　榛東線　［8234］, 西38　榛東線　［8235］, 西38　榛東線　［8236］, 西35　榛東線　［8237］, 西35　榛東線　［8238］, 西36　榛東線　［8240］, 西37　榛東線　［8241］, 西37　榛東線　［8242］, 西39-2　吉岡線　［9261］, 西39-1　吉岡線　［9263］, 西39-1　吉岡線　［9264］, 西30　吉岡線　［9266］"
本町三丁目,桐生市,"中央幹線：新桐生駅〜旧女子高, 梅田線, 菱線"
西桐生駅,桐生市,MAYU　遊園地・動物園コース
愛宕神社前,高崎市,こうづけ国分寺線
東三丁目団地前,桐生市,菱線
宮前町二丁目,桐生市,川内線幹線
本町四丁目,桐生市,"中央幹線：新桐生駅〜旧女子高, 梅田線, 菱線"
東松原集荷所,（株）群馬バス,はるな郷線
東松原集会所,高崎市,松原線
東長寿センター入口,桐生市,菱線
新坂橋,（株）群馬バス,駒寄線
大胡駅,日本中央バス（株）,"高崎駅〜大胡駅線　［5452］, 高崎駅〜大胡駅線　［5453］, 高崎駅〜大胡駅線　［5454］, 高崎駅〜大胡駅線　［5461・5462］, 高崎駅〜大胡駅線　［5463］, 高崎駅〜大胡駅線　［5464］"
立石,日本中央バス（株）,"渋30　総社線　［3481］, 渋30　総社線　［3482］, 渋30　総社線　［3483・3484］, 渋30　総社線　［3485］, 西33　榛東線　［8231］, 西33　榛東線　［8232］, 西34　榛東線　［8233］, 西34　榛東線　［8234］, 西38　榛東線　［8235］, 西38　榛東線　［8236］, 西35　榛東線　［8237］, 西35　榛東線　［8238］, 西36　榛東線　［8240］, 西37　榛東線　［8241］, 西37　榛東線　［8242］"
前橋高等養護学校前,（株）群馬バス,イオン高崎〜長岡〜榛東村役場線
競技場入口,関越交通（株）,緑が丘線：前橋駅〜総合SC
本田下集会所前,高崎市,"松原線, 柏木沢線"
下小出,関越交通（株）,"前橋駅〜群大附属小〜総合SC線, 前橋線：渋川行循環, 前橋線：前橋駅〜医療センター, 前橋線：前橋駅〜渋川駅, 前橋線：前橋行循環, 南橘団地線：前橋駅〜群馬大学, 南橘団地線：前橋駅〜渋川駅"
高井町ふそう前,（株）群馬バス,イオン高崎〜長岡〜榛東村役場線
森下,（株）群馬バス,"権田〜里見〜高崎線, 高崎〜岩氷〜権田線, 室田〜岩氷〜権田線, 室田〜大番道〜権田線, 権田線"
森下,高崎市,倉渕線
県営住宅前,永井運輸（株）,北50　嶺公園線
菱小学校前,桐生市,菱線
青柳大師入口,日本中央バス（株）,"北31　富士見線　［7301・7302］, 北30　富士見線　［7303・7304］, 北32　富士見線　［7305・7306］"
桐生駅北口,桐生市,"境野線, 広沢線, 川内線幹線, 相生線, 中央幹線：桐生駅北口〜東邦病院, 中央幹線：新桐生駅〜旧女子高, 梅田線, 菱線"
高井一丁目,日本中央バス（株）,"西39-2　吉岡線　［9261］, 西39-1　吉岡線　［9263］, 西39-1　吉岡線　［9264］, 西30　吉岡線　［9266］"
後大石,高崎市,斉渡中北線
元景寺,日本中央バス（株）,"渋30　総社線　［3481］, 渋30　総社線　［3482］, 渋30　総社線　［3483・3484］, 渋30　総社線　［3485］, 西33　榛東線　［8231］, 西33　榛東線　［8232］, 西34　榛東線　［8233］, 西34　榛東線　［8234］, 西38　榛東線　［8235］, 西38　榛東線　［8236］, 西35　榛東線　［8237］, 西35　榛東線　［8238］, 西36　榛東線　［8240］, 西37　榛東線　［8241］, 西37　榛東線　［8242］"
桐生駅,桐生市,MAYU　遊園地・動物園コース
MEGAドン・キホーテ,桐生市,"境野線, 広沢線, 相生線, 中央幹線：桐生駅北口〜東邦病院, 中央幹線：新桐生駅〜旧女子高, 梅田線, 菱線"
下細井町,永井運輸（株）,北50　嶺公園線
本町五丁目・シルクル前,桐生市,"中央幹線：新桐生駅〜旧女子高, 梅田線, 菱線"
シルクル桐生,桐生市,"MAYU　遊園地・動物園コース, MAYU　重伝建コース"
金古上宿,関越交通（株）,高崎線：渋川駅〜高崎
金古上宿,高崎市,こうづけ国分寺線
金古上宿,前橋市,金古王塚台線
織物参考館”紫”,桐生市,MAYU　重伝建コース
末広町,桐生市,"境野線, 中央幹線：新桐生駅〜旧女子高, 梅田線, 菱線"
矢原,（株）群馬バス,"高崎〜水沢〜伊香保線, 渋川箕郷線"
矢原,渋川市,箕郷営業所〜渋川駅線
金古王塚台団地,高崎市,かみつけの里線
金古王塚台団地,前橋市,金古王塚台線
相老駅,桐生市,"川内線支線, 相生線"
桐生相生郵便局前,桐生市,"川内線支線, 相生線"
常仙寺西,高崎市,こうづけ国分寺線
東四丁目,桐生市,菱線
端気町,永井運輸（株）,"北54　荻窪公園線, 庁54　荻窪公園線, 北51　荻窪公園線, 北53　荻窪公園線, 庁53　荻窪公園線, 北52　荻窪公園線, 庁58　荻窪公園線, 庁59　荻窪公園線, 北59　荻窪公園線, 庁51　荻窪公園線"
高峰温泉（夏季）,ジェイアールバス関東（株）,長野県佐久平駅・小諸駅〜きのこの森〜高峰高原
第二保育園前,（株）群馬バス,高崎〜井出〜榛東村役場線
第二保育園前,高崎市,柏木沢線
仲町二丁目,桐生市,菱線
菱公民館前,桐生市,菱線
中善地,（株）群馬バス,駒寄線
清里前原団地,（株）群馬バス,イオン高崎〜長岡〜榛東村役場線
本田下,高崎市,"松原線, 柏木沢線"
敷島公園バスターミナル,日本中央バス（株）,"南33-2　広瀬線　［2401］, 南33-1　広瀬線　［2403］, 庁39-1　広瀬線　［2404］, 庁39-2　広瀬線　［2402］, 渋30　総社線　［3481］, 渋30　総社線　［3482］, 渋30　総社線　［3483・3484］"
敷島公園バスターミナル,関越交通（株）,"前橋公園線, 緑が丘線：前橋駅〜総合SC"
火の見下,（株）群馬バス,駒寄線
北代田,関越交通（株）,"赤城山線：前橋〜富士見〜赤城山, 赤城青年の家循環線"
峰の原,（株）群馬バス,高崎〜本郷〜榛名湖線
東小学校前,桐生市,菱線
北代田町,永井運輸（株）,北50　嶺公園線
松原入口,（株）群馬バス,はるな郷線
松原入口,高崎市,松原線
団地前,前橋市,金古王塚台線
総社郵便局前,日本中央バス（株）,"渋30　総社線　［3481］, 渋30　総社線　［3482］, 渋30　総社線　［3483・3484］, 渋30　総社線　［3485］, 西33　榛東線　［8231］, 西33　榛東線　［8232］, 西34　榛東線　［8233］, 西34　榛東線　［8234］, 西38　榛東線　［8235］, 西38　榛東線　［8236］, 西35　榛東線　［8237］, 西35　榛東線　［8238］, 西36　榛東線　［8240］, 西37　榛東線　［8241］, 西37　榛東線　［8242］"
森林管理局前,関越交通（株）,緑が丘線：前橋駅〜総合SC
本田下東,高崎市,"松原線, 柏木沢線"
中屋敷,日本中央バス（株）,"北31　富士見線　［7301・7302］, 北30　富士見線　［7303・7304］, 北32　富士見線　［7305・7306］"
高野谷戸,（株）群馬バス,"権田〜里見〜高崎線, 高崎〜岩氷〜権田線, 室田〜岩氷〜権田線, 室田〜大番道〜権田線, 権田線"
高野谷戸,高崎市,倉渕線
下新田,桐生市,"川内線支線, 相生線"
前大石,高崎市,斉渡中北線
大和田,高崎市,斉渡中北線
下小出町一丁目,関越交通（株）,"前橋駅〜群大附属小〜総合SC線, 前橋線：渋川行循環, 前橋線：前橋駅〜医療センター, 前橋線：前橋駅〜渋川駅, 前橋線：前橋行循環, 南橘団地線：前橋駅〜群馬大学, 南橘団地線：前橋駅〜渋川駅"
下田前,（株）群馬バス,前橋〜金古〜箕郷線
東公民館,桐生市,菱線
東小学校南,桐生市,菱線
高峰マウンテンリゾート,ジェイアールバス関東（株）,長野県佐久平駅・小諸駅〜きのこの森〜高峰高原
前原,（株）群馬バス,"イオン高崎〜長岡〜榛東村役場線, 前橋〜金古〜箕郷線"
日本絹の里前,高崎市,かみつけの里線
日本絹の里前,前橋市,金古王塚台線
桐陽台団地入口,桐生市,菱線
桐陽台団地北,桐生市,菱線
新川公園前,桐生市,"広沢線, 相生線, 中央幹線：桐生駅北口〜東邦病院, 菱線"
本町六丁目,桐生市,"境野線, 中央幹線：新桐生駅〜旧女子高"
金古四ツ角,関越交通（株）,高崎線：渋川駅〜高崎
北原,（株）群馬バス,前橋〜金古〜箕郷線
北原町,高崎市,こうづけ国分寺線
金古四ツ角北,高崎市,こうづけ国分寺線
諏訪神社,（株）群馬バス,前橋〜金古〜箕郷線
諏訪神社前,高崎市,かみつけの里線
諏訪神社,前橋市,金古王塚台線
茂木,日本中央バス（株）,"高崎駅〜大胡駅線　［5452］, 高崎駅〜大胡駅線　［5453］, 高崎駅〜大胡駅線　［5454］, 高崎駅〜大胡駅線　［5461・5462］, 高崎駅〜大胡駅線　［5463］, 高崎駅〜大胡駅線　［5464］"
新屋敷,（株）群馬バス,高崎〜井出〜榛東村役場線
新屋敷,高崎市,柏木沢線
竜門寺,（株）群馬バス,"高崎〜水沢〜伊香保線, 渋川箕郷線"
竜門寺,高崎市,松原線
竜門寺,渋川市,箕郷営業所〜渋川駅線
坂下,（株）群馬バス,駒寄線
石上寺,（株）群馬バス,はるな郷線
神子田,高崎市,斉渡中北線
金古四ツ角西,高崎市,こうづけ国分寺線
天神集会所前,高崎市,松原線
東公民館入口,桐生市,菱線
金古四ツ角,前橋市,金古王塚台線
北原中央,高崎市,こうづけ国分寺線
明和県央高校入口,（株）群馬バス,前橋〜金古〜箕郷線
大渡橋通り,関越交通（株）,緑が丘線：前橋駅〜総合SC
金古十字路,（株）群馬バス,前橋〜金古〜箕郷線
蚕業試験場前,（株）群馬バス,前橋〜金古〜箕郷線
群大病院,日本中央バス（株）,"渋30　総社線　［3481］, 渋30　総社線　［3482］, 渋30　総社線　［3483・3484］, 渋30　総社線　［3485］"
群大病院,関越交通（株）,"沼田駅〜関越道〜群大病院線, 南橘団地線：前橋駅〜群馬大学"
群大病院,群馬中央バス（株）,群大病院〜高崎駅前線
社会保険事務所前,日本中央バス（株）,"渋30　総社線　［3481］, 渋30　総社線　［3482］, 渋30　総社線　［3483・3484］, 渋30　総社線　［3485］"
本田下南,高崎市,"松原線, 柏木沢線"
金古運動広場入口,高崎市,かみつけの里線
大渡橋,日本中央バス（株）,"南33-2　広瀬線　［2401］, 南33-1　広瀬線　［2403］, 庁39-1　広瀬線　［2404］, 庁39-2　広瀬線　［2402］, 西33　榛東線　［8231］, 西33　榛東線　［8232］, 西34　榛東線　［8233］, 西34　榛東線　［8234］, 西38　榛東線　［8235］, 西38　榛東線　［8236］, 西35　榛東線　［8237］, 西35　榛東線　［8238］, 西36　榛東線　［8240］, 西37　榛東線　［8241］, 西37　榛東線　［8242］"
大渡橋東,日本中央バス（株）,"渋30　総社線　［3481］, 渋30　総社線　［3482］, 渋30　総社線　［3483・3484］, 渋30　総社線　［3485］"
大渡橋,（株）群馬バス,前橋〜金古〜箕郷線
大渡橋西詰,日本中央バス（株）,"渋30　総社線　［3481］, 渋30　総社線　［3482］, 渋30　総社線　［3483・3484］, 渋30　総社線　［3485］, 西33　榛東線　［8231］, 西33　榛東線　［8232］, 西34　榛東線　［8233］, 西34　榛東線　［8234］, 西38　榛東線　［8235］, 西38　榛東線　［8236］, 西35　榛東線　［8237］, 西35　榛東線　［8238］, 西36　榛東線　［8240］, 西37　榛東線　［8241］, 西37　榛東線　［8242］"
大渡橋西詰,（株）群馬バス,前橋〜金古〜箕郷線
国領町二丁目,日本中央バス（株）,"渋30　総社線　［3481］, 渋30　総社線　［3482］, 渋30　総社線　［3483・3484］, 渋30　総社線　［3485］"
一の瀬,（株）群馬バス,前橋〜金古〜箕郷線
一の瀬,前橋市,金古王塚台線
若宮町四丁目,日本中央バス（株）,"渋30　総社線　［3481］, 渋30　総社線　［3482］, 渋30　総社線　［3483・3484］, 渋30　総社線　［3485］, 北31　富士見線　［7301・7302］, 北30　富士見線　［7303・7304］, 北32　富士見線　［7305・7306］"
かみつけ信用組合前,日本中央バス（株）,"渋30　総社線　［3481］, 渋30　総社線　［3482］, 渋30　総社線　［3483・3484］, 渋30　総社線　［3485］, 西33　榛東線　［8231］, 西33　榛東線　［8232］, 西34　榛東線　［8233］, 西34　榛東線　［8234］, 西38　榛東線　［8235］, 西38　榛東線　［8236］, 西35　榛東線　［8237］, 西35　榛東線　［8238］, 西36　榛東線　［8240］, 西37　榛東線　［8241］, 西37　榛東線　［8242］"
かみつけ信用組合前,（株）群馬バス,前橋〜金古〜箕郷線
昭和町三丁目,日本中央バス（株）,"渋30　総社線　［3481］, 渋30　総社線　［3482］, 渋30　総社線　［3483・3484］, 渋30　総社線　［3485］"
昭和町三丁目,関越交通（株）,南橘団地線：前橋駅〜群馬大学
昭和町三丁目,群馬中央バス（株）,群大病院〜高崎駅前線
日新電機前,（株）群馬バス,前橋〜金古〜箕郷線
下善地,（株）群馬バス,駒寄線
医学部前,日本中央バス（株）,"渋30　総社線　［3481］, 渋30　総社線　［3482］, 渋30　総社線　［3483・3484］, 渋30　総社線　［3485］"
岩神小学校前,日本中央バス（株）,"渋30　総社線　［3481］, 渋30　総社線　［3482］, 渋30　総社線　［3483・3484］, 渋30　総社線　［3485］"
蚕業試験場東,日本中央バス（株）,"西39-2　吉岡線　［9261］, 西39-1　吉岡線　［9263］, 西39-1　吉岡線　［9264］, 西30　吉岡線　［9266］"
上沖入口,永井運輸（株）,"北54　荻窪公園線, 庁54　荻窪公園線, 北51　荻窪公園線, 北53　荻窪公園線, 庁53　荻窪公園線, 北52　荻窪公園線, 庁58　荻窪公園線, 庁59　荻窪公園線, 北59　荻窪公園線, 庁51　荻窪公園線"
金古5区区民センター,高崎市,かみつけの里線
若宮十字路,関越交通（株）,"赤城山線：前橋〜富士見〜赤城山, 赤城青年の家循環線"
若宮十字路,永井運輸（株）,北50　嶺公園線
飛石稲荷,日本中央バス（株）,"渋30　総社線　［3481］, 渋30　総社線　［3482］, 渋30　総社線　［3483・3484］, 渋30　総社線　［3485］"
桐陽台団地南,桐生市,菱線
若宮町十字路,日本中央バス（株）,"渋30　総社線　［3481］, 渋30　総社線　［3482］, 渋30　総社線　［3483・3484］, 渋30　総社線　［3485］, 北31　富士見線　［7301・7302］, 北30　富士見線　［7303・7304］, 北32　富士見線　［7305・7306］"
ヤオコー相生店西,桐生市,"川内線支線, 相生線"
明和県央高校東,（株）群馬バス,高崎〜イオン〜榛東村役場線
明和県央高校入口,高崎市,こうづけ国分寺線
大屋敷,（株）群馬バス,前橋〜金古〜箕郷線
群大病院入口,関越交通（株）,"前橋駅〜群大附属小〜総合SC線, 前橋線：渋川行循環, 前橋線：前橋駅〜医療センター, 前橋線：前橋駅〜渋川駅, 前橋線：前橋行循環, 南橘団地線：前橋駅〜群馬大学, 南橘団地線：前橋駅〜渋川駅"
群大病院入口,群馬中央バス（株）,群大病院〜高崎駅前線
兎橋,（株）群馬バス,"権田〜里見〜高崎線, 高崎〜岩氷〜権田線, 室田〜岩氷〜権田線, 室田〜大番道〜権田線, 権田線"
兎橋,高崎市,倉渕線
錦町一丁目,桐生市,"境野線, 中央幹線：新桐生駅〜旧女子高"
運動広場,高崎市,こうづけ国分寺線
桐生スケートセンター,桐生市,菱線
厚生病院,桐生市,"境野線, 広沢線, 相生線, 中央幹線：桐生駅北口〜東邦病院, 菱線"
高峰高原ホテル前,ジェイアールバス関東（株）,長野県佐久平駅・小諸駅〜きのこの森〜高峰高原
今宮集会所前,高崎市,"松原線, 柏木沢線"
飯玉神社入口,前橋市,北循環線
市役所・市民文化会館前,桐生市,"境野線, 広沢線, 相生線, 中央幹線：桐生駅北口〜東邦病院, 菱線"
原中北,高崎市,"生原線, 松原線"
金古上組,関越交通（株）,高崎線：渋川駅〜高崎
金古上組,高崎市,こうづけ国分寺線
金古上組,前橋市,金古王塚台線
関越中央病院入口,高崎市,こうづけ国分寺線
若宮小南,前橋市,北循環線
西国分新田,高崎市,こうづけ国分寺線
十文字,高崎市,宮沢白岩線
東明屋［県道］,（株）群馬バス,高崎〜水沢〜伊香保線
東明屋,（株）群馬バス,"渋川箕郷線, はるな郷線"
東明屋,高崎市,松原線
東明屋,渋川市,箕郷営業所〜渋川駅線
みずき通り北,前橋市,北循環線
ヤオコー相生店,桐生市,"広沢線, 川内線支線, 中央幹線：桐生駅北口〜東邦病院"
今宮,（株）群馬バス,高崎〜井出〜榛東村役場線
前橋リリカ前,前橋市,北循環線
厚生病院前,桐生市,中央幹線：新桐生駅〜旧女子高
浜松町,桐生市,菱線
信用金庫前,日本中央バス（株）,"西33　榛東線　［8231］, 西33　榛東線　［8232］, 西34　榛東線　［8233］, 西34　榛東線　［8234］, 西38　榛東線　［8235］, 西38　榛東線　［8236］, 西35　榛東線　［8237］, 西35　榛東線　［8238］, 西36　榛東線　［8240］, 西37　榛東線　［8241］, 西37　榛東線　［8242］"
信用金庫前,（株）群馬バス,前橋〜金古〜箕郷線
岩神町信用金庫前,関越交通（株）,緑が丘線：前橋駅〜総合SC
茂木南,日本中央バス（株）,"高崎駅〜大胡駅線　［5452］, 高崎駅〜大胡駅線　［5453］, 高崎駅〜大胡駅線　［5454］, 高崎駅〜大胡駅線　［5461・5462］, 高崎駅〜大胡駅線　［5463］, 高崎駅〜大胡駅線　［5464］"
西国分公民館前,高崎市,こうづけ国分寺線
敷島小北,前橋市,北循環線
県民健康科学大学,永井運輸（株）,"北51　荻窪公園線, 庁53　荻窪公園線, 庁51　荻窪公園線"
碓原,高崎市,斉渡中北線
県民健康科学大学前,永井運輸（株）,"北54　荻窪公園線, 庁54　荻窪公園線, 北51　荻窪公園線, 北53　荻窪公園線, 庁53　荻窪公園線, 北52　荻窪公園線, 庁58　荻窪公園線, 庁59　荻窪公園線, 北59　荻窪公園線"
フランシスコ前,（株）群馬バス,"イオン高崎〜群馬支所〜箕郷線, 前橋〜金古〜箕郷線"
フランシスコ前,高崎市,かみつけの里線
昭和団地入口,前橋市,北循環線
新久沢,高崎市,斉渡中北線
大屋敷入口,日本中央バス（株）,"西39-2　吉岡線　［9261］, 西39-1　吉岡線　［9263］, 西39-1　吉岡線　［9264］, 西30　吉岡線　［9266］"
大屋敷入口,関越交通（株）,前橋線：前橋駅〜前橋営業所
新浜,桐生市,"境野線, 菱線"
総合教育プラザ前,前橋市,北循環線
若宮町三丁目,日本中央バス（株）,"渋30　総社線　［3481］, 渋30　総社線　［3482］, 渋30　総社線　［3483・3484］, 渋30　総社線　［3485］, 北31　富士見線　［7301・7302］, 北30　富士見線　［7303・7304］, 北32　富士見線　［7305・7306］"
若宮町三丁目,関越交通（株）,"赤城山線：前橋〜富士見〜赤城山, 赤城青年の家循環線"
若宮町三丁目,永井運輸（株）,北50　嶺公園線
ハローワーク桐生,桐生市,中央幹線：新桐生駅〜旧女子高
金敷平,（株）群馬バス,駒寄線
足仲団地,桐生市,相生線
新屋入口,（株）群馬バス,高崎〜本郷〜榛名湖線
敷島学校入口,関越交通（株）,"前橋駅〜群大附属小〜総合SC線, 前橋線：渋川行循環, 前橋線：前橋駅〜医療センター, 前橋線：前橋駅〜渋川駅, 前橋線：前橋行循環, 南橘団地線：前橋駅〜群馬大学, 南橘団地線：前橋駅〜渋川駅"
敷島学校入口,群馬中央バス（株）,群大病院〜高崎駅前線
保育園入口,日本中央バス（株）,"西33　榛東線　［8231］, 西33　榛東線　［8232］, 西34　榛東線　［8233］, 西34　榛東線　［8234］, 西38　榛東線　［8235］, 西38　榛東線　［8236］, 西35　榛東線　［8237］, 西35　榛東線　［8238］, 西36　榛東線　［8240］, 西37　榛東線　［8241］, 西37　榛東線　［8242］"
保育園入口［前橋市］,（株）群馬バス,前橋〜金古〜箕郷線
岩神保育所入口,関越交通（株）,緑が丘線：前橋駅〜総合SC
八坂橋,桐生市,菱線
桜塚,桐生市,相生線
島山入口,（株）群馬バス,"権田〜里見〜高崎線, 高崎〜岩氷〜権田線, 室田〜岩氷〜権田線, 室田〜大番道〜権田線, 権田線"
島山入口,高崎市,倉渕線
JA箕郷北,高崎市,生原線
錦町二丁目,桐生市,"境野線, 中央幹線：新桐生駅〜旧女子高, 菱線"
二の沢,（株）群馬バス,"イオン高崎〜群馬支所〜箕郷線, 前橋〜金古〜箕郷線"
相生町一丁目,桐生市,"広沢線, 中央幹線：桐生駅北口〜東邦病院"
みずき中入口,永井運輸（株）,"北54　荻窪公園線, 庁54　荻窪公園線, 北52　荻窪公園線, 庁58　荻窪公園線"
みずき中入口,前橋市,北循環線
日吉町,永井運輸（株）,"北54　荻窪公園線, 庁54　荻窪公園線, 北52　荻窪公園線, 庁58　荻窪公園線"
日吉町,前橋市,北循環線
香林上,伊勢崎市,赤堀シャトルバス
広瀬橋,日本中央バス（株）,"西33　榛東線　［8231］, 西33　榛東線　［8232］, 西34　榛東線　［8233］, 西34　榛東線　［8234］, 西38　榛東線　［8235］, 西38　榛東線　［8236］, 西35　榛東線　［8237］, 西35　榛東線　［8238］, 西36　榛東線　［8240］, 西37　榛東線　［8241］, 西37　榛東線　［8242］"
広瀬橋,（株）群馬バス,前橋〜金古〜箕郷線
広瀬橋,関越交通（株）,緑が丘線：前橋駅〜総合SC
広瀬橋,前橋市,北循環線
織姫団地,桐生市,"境野線, 広沢線, 中央幹線：桐生駅北口〜東邦病院, 中央幹線：新桐生駅〜旧女子高, 菱線"
ルネス二之沢,高崎市,かみつけの里線
熊野神社北,高崎市,こうづけ国分寺線
上三俣町,永井運輸（株）,"北54　荻窪公園線, 庁54　荻窪公園線, 北52　荻窪公園線, 庁58　荻窪公園線"
中込,高崎市,斉渡中北線
関越交通前橋営業所,関越交通（株）,前橋線：前橋駅〜前橋営業所
斉渡上宿,（株）群馬バス,高崎〜本郷〜榛名湖線
斉渡上宿,高崎市,斉渡中北線
二葉養護学校前,高崎市,かみつけの里線
附属小前,永井運輸（株）,"北54　荻窪公園線, 庁54　荻窪公園線, 北51　荻窪公園線, 北53　荻窪公園線, 庁53　荻窪公園線, 北52　荻窪公園線, 庁58　荻窪公園線, 庁59　荻窪公園線, 北59　荻窪公園線, 北50　嶺公園線, 庁51　荻窪公園線"
新宿一丁目,桐生市,"境野線, 菱線"
十文字公民館前,高崎市,宮沢白岩線
城山入口,（株）群馬バス,"高崎〜水沢〜伊香保線, 渋川箕郷線, はるな郷線"
城山入口,高崎市,松原線
城山入口,渋川市,箕郷営業所〜渋川駅線
群大附属小前,関越交通（株）,"赤城山線：前橋〜富士見〜赤城山, 赤城青年の家循環線, 前橋駅〜群大附属小〜総合SC線"
下沖町,永井運輸（株）,"北54　荻窪公園線, 庁54　荻窪公園線, 北51　荻窪公園線, 北53　荻窪公園線, 庁53　荻窪公園線, 北52　荻窪公園線, 庁58　荻窪公園線, 庁59　荻窪公園線, 北59　荻窪公園線, 庁51　荻窪公園線"
附属小学校前,日本中央バス（株）,"渋30　総社線　［3481］, 渋30　総社線　［3482］, 渋30　総社線　［3483・3484］, 渋30　総社線　［3485］, 北31　富士見線　［7301・7302］, 北30　富士見線　［7303・7304］, 北32　富士見線　［7305・7306］"
城の岡団地,桐生市,菱線
総社山王,日本中央バス（株）,"西39-2　吉岡線　［9261］, 西39-1　吉岡線　［9263］, 西39-1　吉岡線　［9264］, 西30　吉岡線　［9266］"
総社山王,関越交通（株）,前橋線：前橋駅〜前橋営業所
国領町一丁目,関越交通（株）,"前橋線：渋川行循環, 前橋線：前橋駅〜医療センター, 前橋線：前橋駅〜渋川駅, 前橋線：前橋行循環, 南橘団地線：前橋駅〜群馬大学, 南橘団地線：前橋駅〜渋川駅"
国領町一丁目,群馬中央バス（株）,群大病院〜高崎駅前線
三吉町,桐生市,境野線
分去,（株）群馬バス,高崎〜本郷〜榛名湖線
分去,高崎市,斉渡中北線
みずき中前,永井運輸（株）,"北51　荻窪公園線, 北53　荻窪公園線, 庁53　荻窪公園線, 庁59　荻窪公園線, 北59　荻窪公園線, 庁51　荻窪公園線"
岩神郵便局前,日本中央バス（株）,"南33-2　広瀬線　［2401］, 南33-1　広瀬線　［2403］, 庁39-1　広瀬線　［2404］, 庁39-2　広瀬線　［2402］"
金古南小学校入口,高崎市,かみつけの里線
錦町三丁目,桐生市,"境野線, 中央幹線：新桐生駅〜旧女子高, 菱線"
箕輪城長寿センター,高崎市,"白川線, 生原線, 松原線, 柏木沢線"
三中前,日本中央バス（株）,"西33　榛東線　［8231］, 西33　榛東線　［8232］, 西34　榛東線　［8233］, 西34　榛東線　［8234］, 西38　榛東線　［8235］, 西38　榛東線　［8236］, 西35　榛東線　［8237］, 西35　榛東線　［8238］, 西36　榛東線　［8240］, 西37　榛東線　［8241］, 西37　榛東線　［8242］"
三中前,（株）群馬バス,前橋〜金古〜箕郷線
三中前,関越交通（株）,緑が丘線：前橋駅〜総合SC
三中前,前橋市,北循環線
一本松,（株）群馬バス,駒寄線
みよし公園,前橋市,北循環線
金古下宿,関越交通（株）,高崎線：渋川駅〜高崎
金古下宿,高崎市,こうづけ国分寺線
金古下宿,前橋市,金古王塚台線
斉渡,（株）群馬バス,高崎〜本郷〜榛名湖線
斉渡,高崎市,斉渡中北線
霊園入口,永井運輸（株）,"北54　荻窪公園線, 庁54　荻窪公園線, 北51　荻窪公園線, 北53　荻窪公園線, 庁53　荻窪公園線, 北52　荻窪公園線, 庁58　荻窪公園線, 庁59　荻窪公園線, 北59　荻窪公園線, 庁51　荻窪公園線"
斉渡坂上,（株）群馬バス,高崎〜本郷〜榛名湖線
斉渡坂上,高崎市,斉渡中北線
雨堤,高崎市,斉渡中北線
箕郷文化会館前,高崎市,"松原線, 柏木沢線"
はるなくらぶち聖苑前,（株）群馬バス,高崎〜本郷〜榛名湖線
はるなくらぶち聖苑前,高崎市,斉渡中北線
香林新井,伊勢崎市,赤堀シャトルバス
JA箕郷南,高崎市,生原線
原中南,高崎市,"生原線, 松原線"
平和郵便局東,前橋市,北循環線
西国分公会堂入口,高崎市,こうづけ国分寺線
石上,（株）群馬バス,"権田〜里見〜高崎線, 高崎〜岩氷〜権田線, 室田〜岩氷〜権田線, 室田〜大番道〜権田線, 権田線"
石上,高崎市,倉渕線
城見橋,（株）群馬バス,駒寄線
カリビアンビーチ,伊勢崎市,赤堀シャトルバス
群馬総合運動場入口,高崎市,かみつけの里線
12区東,高崎市,生原線
幸塚入口,永井運輸（株）,"北54　荻窪公園線, 庁54　荻窪公園線, 北51　荻窪公園線, 北53　荻窪公園線, 庁53　荻窪公園線, 北52　荻窪公園線, 庁58　荻窪公園線, 庁59　荻窪公園線, 北59　荻窪公園線, 庁51　荻窪公園線"
原新田,（株）群馬バス,"イオン高崎〜群馬支所〜箕郷線, 高崎〜井出〜榛東村役場線, 前橋〜金古〜箕郷線"
冷水,（株）群馬バス,高崎〜イオン〜榛東村役場線
日吉児童館入口,永井運輸（株）,"北51　荻窪公園線, 北53　荻窪公園線, 庁53　荻窪公園線, 庁59　荻窪公園線, 北59　荻窪公園線, 庁51　荻窪公園線"
十文字南,高崎市,宮沢白岩線
三俣町,永井運輸（株）,"北54　荻窪公園線, 庁54　荻窪公園線, 北51　荻窪公園線, 北53　荻窪公園線, 庁53　荻窪公園線, 北52　荻窪公園線, 庁58　荻窪公園線, 庁59　荻窪公園線, 北59　荻窪公園線, 庁51　荻窪公園線"
若宮町一丁目,日本中央バス（株）,"渋30　総社線　［3481］, 渋30　総社線　［3482］, 渋30　総社線　［3483・3484］, 渋30　総社線　［3485］, 北31　富士見線　［7301・7302］, 北30　富士見線　［7303・7304］, 北32　富士見線　［7305・7306］"
若宮町一丁目,関越交通（株）,"赤城山線：前橋〜富士見〜赤城山, 赤城青年の家循環線, 前橋駅〜群大附属小〜総合SC線"
若宮町一丁目,永井運輸（株）,"北54　荻窪公園線, 庁54　荻窪公園線, 北51　荻窪公園線, 北53　荻窪公園線, 庁53　荻窪公園線, 北52　荻窪公園線, 庁58　荻窪公園線, 庁59　荻窪公園線, 北59　荻窪公園線, 北50　嶺公園線, 庁51　荻窪公園線"
総合福祉会館前,前橋市,北循環線
総合福祉会館,永井運輸（株）,"北51　荻窪公園線, 北53　荻窪公園線, 庁53　荻窪公園線, 庁59　荻窪公園線, 北59　荻窪公園線, 庁51　荻窪公園線"
清王寺町,前橋市,北循環線
みつわ保育園前,高崎市,宮沢白岩線
火雷神社入口,伊勢崎市,赤堀シャトルバス
問屋町二丁目,日本中央バス（株）,"西39-2　吉岡線　［9261］, 西39-1　吉岡線　［9263］, 西39-1　吉岡線　［9264］, 西30　吉岡線　［9266］"
箕輪小学校西,高崎市,"生原線, 松原線, 柏木沢線"
桐生整形外科病院前,桐生市,"広沢線, 中央幹線：桐生駅北口〜東邦病院"
伏間,高崎市,斉渡中北線
小学校前,（株）群馬バス,"高崎〜水沢〜伊香保線, 渋川箕郷線, 駒寄線, はるな郷線"
箕輪小学校前,高崎市,"白川線, 松原線"
小学校前,渋川市,箕郷営業所〜渋川駅線
住吉町交番前,日本中央バス（株）,"西33　榛東線　［8231］, 西33　榛東線　［8232］, 西34　榛東線　［8233］, 西34　榛東線　［8234］, 西38　榛東線　［8235］, 西38　榛東線　［8236］, 西35　榛東線　［8237］, 西35　榛東線　［8238］, 西36　榛東線　［8240］, 西37　榛東線　［8241］, 西37　榛東線　［8242］"
住吉町交番前,（株）群馬バス,前橋〜金古〜箕郷線
住吉町交番前,関越交通（株）,"沼田駅〜関越道〜群大病院線, 前橋駅〜群大附属小〜総合SC線, 前橋線：渋川行循環, 前橋線：前橋駅〜医療センター, 前橋線：前橋駅〜渋川駅, 前橋線：前橋行循環, 南橘団地線：前橋駅〜群馬大学, 南橘団地線：前橋駅〜渋川駅, 緑が丘線：前橋駅〜総合SC"
住吉町交番前,群馬中央バス（株）,群大病院〜高崎駅前線
赤坂電停,日本中央バス（株）,"東31　西大室線　［4201］, 庁33　西大室線　［4202］, 東32　西大室線　［4203］, 庁34　西大室線　［4204］, 東33　西大室線　［4205］, 庁33　西大室線　［4206］, 東35　西大室線　［4207］, 庁34　西大室線　［4208］, 東31　西大室線　［4209・4210］, 東32　西大室線　［4211・4212］, 東33　西大室線　［4213・4214］, 東34　西大室線　［4215・4216］"
田畑,（株）群馬バス,"権田〜里見〜高崎線, 高崎〜岩氷〜権田線, 室田〜岩氷〜権田線, 室田〜大番道〜権田線, 権田線"
田畑,高崎市,倉渕線
泉の園前,高崎市,松原線
県民会館,前橋市,北循環線
東小入口,（株）群馬バス,"イオン高崎〜群馬支所〜箕郷線, 前橋〜金古〜箕郷線"
東小入口,高崎市,"松原線, 柏木沢線"
新宿三丁目,桐生市,境野線
金井原入口,高崎市,宮沢白岩線
ソシアス・群馬支所前,高崎市,"こうづけ国分寺線, かみつけの里線"
原嶋屋南,前橋市,北循環線
桜木町,桐生市,"広沢線, 中央幹線：桐生駅北口〜東邦病院, 中央幹線：新桐生駅〜旧女子高"
榛名荘前,（株）群馬バス,高崎〜本郷〜榛名湖線
金古南足門公民館前,（株）群馬バス,イオン高崎〜群馬支所〜箕郷線
金古南足門公民館前,高崎市,かみつけの里線
小梅町,桐生市,境野線
足門四ツ角北,高崎市,"こうづけ国分寺線, かみつけの里線"
榛名荘病院前,高崎市,斉渡中北線
県民会館前,日本中央バス（株）,"渋30　総社線　［3481］, 渋30　総社線　［3482］, 渋30　総社線　［3483・3484］, 渋30　総社線　［3485］, 北31　富士見線　［7301・7302］, 北30　富士見線　［7303・7304］, 北32　富士見線　［7305・7306］"
県民会館前,関越交通（株）,"赤城山線：前橋〜富士見〜赤城山, 赤城青年の家循環線"
県民会館前,永井運輸（株）,"北54　荻窪公園線, 庁54　荻窪公園線, 北51　荻窪公園線, 北53　荻窪公園線, 庁53　荻窪公園線, 北52　荻窪公園線, 庁58　荻窪公園線, 庁59　荻窪公園線, 北59　荻窪公園線, 北50　嶺公園線, 庁51　荻窪公園線"
赤坂,日本中央バス（株）,"東31　西大室線　［4201］, 庁33　西大室線　［4202］, 東32　西大室線　［4203］, 庁34　西大室線　［4204］, 東33　西大室線　［4205］, 庁33　西大室線　［4206］, 東35　西大室線　［4207］, 庁34　西大室線　［4208］, 東31　西大室線　［4209・4210］, 東32　西大室線　［4211・4212］, 東33　西大室線　［4213・4214］, 東34　西大室線　［4215・4216］"
桂萱小学校前,日本中央バス（株）,"東31　西大室線　［4201］, 庁33　西大室線　［4202］, 東32　西大室線　［4203］, 庁34　西大室線　［4204］, 東33　西大室線　［4205］, 庁33　西大室線　［4206］, 東35　西大室線　［4207］, 庁34　西大室線　［4208］, 東31　西大室線　［4209・4210］, 東32　西大室線　［4211・4212］, 東33　西大室線　［4213・4214］, 東34　西大室線　［4215・4216］"
ローズタウン中央公園入口,日本中央バス（株）,"東31　西大室線　［4201］, 庁33　西大室線　［4202］, 東32　西大室線　［4203］, 庁34　西大室線　［4204］, 東33　西大室線　［4205］, 庁33　西大室線　［4206］, 東35　西大室線　［4207］, 庁34　西大室線　［4208］, 東31　西大室線　［4209・4210］, 東32　西大室線　［4211・4212］, 東33　西大室線　［4213・4214］, 東34　西大室線　［4215・4216］"
前橋公園,日本中央バス（株）,"南30　広瀬線　［2411］, 南33-2　広瀬線　［2405］, 南31　広瀬線　［2419］, 南33-2　広瀬線　［2401］, 南33-1　広瀬線　［2403］, 南33-1　広瀬線　［2407］, 南32　広瀬線　［2421］, 庁38　広瀬線　［2422］, 庁39-3　広瀬線　［2424］, 庁39-1　広瀬線　［2404］, 庁39-2　広瀬線　［2402］, 庁39-1　広瀬線　［2408］, 庁39-2　広瀬線　［2406］, 庁35-2　広瀬線　［2410］, 庁32　広瀬線　［2420］, 東31　西大室線　［4201］, 庁33　西大室線　［4202］, 東32　西大室線　［4203］, 庁34　西大室線　［4204］, 東33　西大室線　［4205］, 庁33　西大室線　［4206］, 東35　西大室線　［4207］, 庁34　西大室線　［4208］, 東30　石関町南線　［4217］, 庁31　石関町南線　［4218］"
前橋公園,関越交通（株）,前橋公園線
前橋公園,永井運輸（株）,"東大室線, 南52　新町玉村線, 庁52　新町玉村線, 新町玉村線, 北54　荻窪公園線, 庁54　荻窪公園線, 北51　荻窪公園線, 北53　荻窪公園線, 庁53　荻窪公園線, 北52　荻窪公園線, 庁58　荻窪公園線, 庁59　荻窪公園線, 庁51　荻窪公園線, 南56　下川団地線, 庁56　下川団地線"
グリーンドーム前橋,関越交通（株）,沼田駅〜関越道〜群大病院線
上泉,日本中央バス（株）,"東31　西大室線　［4201］, 庁33　西大室線　［4202］, 東32　西大室線　［4203］, 庁34　西大室線　［4204］, 東33　西大室線　［4205］, 庁33　西大室線　［4206］, 東35　西大室線　［4207］, 庁34　西大室線　［4208］, 東31　西大室線　［4209・4210］, 東32　西大室線　［4211・4212］, 東33　西大室線　［4213・4214］, 東34　西大室線　［4215・4216］"
桂萱農協前,日本中央バス（株）,"東31　西大室線　［4201］, 庁33　西大室線　［4202］, 東32　西大室線　［4203］, 庁34　西大室線　［4204］, 東33　西大室線　［4205］, 庁33　西大室線　［4206］, 東35　西大室線　［4207］, 庁34　西大室線　［4208］, 東31　西大室線　［4209・4210］, 東32　西大室線　［4211・4212］, 東33　西大室線　［4213・4214］, 東34　西大室線　［4215・4216］"
生原中区,高崎市,生原線
連雀町,（株）群馬バス,"高崎〜水沢〜伊香保線, 渋川箕郷線, 駒寄線, はるな郷線"
箕郷連雀町,渋川市,箕郷営業所〜渋川駅線
引間西,（株）群馬バス,"イオン高崎〜長岡〜榛東村役場線, 高崎〜イオン〜榛東村役場線"
群馬支所南口,（株）群馬バス,イオン高崎〜群馬支所〜箕郷線
足門,関越交通（株）,高崎線：渋川駅〜高崎
足門町,高崎市,"こうづけ国分寺線, かみつけの里線"
足門,前橋市,金古王塚台線
上野国分寺跡前,高崎市,こうづけ国分寺線
元中入口,日本中央バス（株）,"西39-2　吉岡線　［9261］, 西39-1　吉岡線　［9263］, 西39-1　吉岡線　［9264］, 西30　吉岡線　［9266］"
萱野県営住宅,日本中央バス（株）,"東31　西大室線　［4201］, 庁33　西大室線　［4202］, 東32　西大室線　［4203］, 庁34　西大室線　［4204］, 東33　西大室線　［4205］, 庁33　西大室線　［4206］, 東35　西大室線　［4207］, 庁34　西大室線　［4208］, 東31　西大室線　［4209・4210］, 東32　西大室線　［4211・4212］, 東33　西大室線　［4213・4214］, 東34　西大室線　［4215・4216］"
ローズタウン東,日本中央バス（株）,"東31　西大室線　［4201］, 庁33　西大室線　［4202］, 東32　西大室線　［4203］, 庁34　西大室線　［4204］, 東33　西大室線　［4205］, 庁33　西大室線　［4206］, 東35　西大室線　［4207］, 庁34　西大室線　［4208］, 東31　西大室線　［4209・4210］, 東32　西大室線　［4211・4212］, 東33　西大室線　［4213・4214］, 東34　西大室線　［4215・4216］"
下久保,（株）群馬バス,"権田〜里見〜高崎線, 高崎〜岩氷〜権田線, 室田〜岩氷〜権田線, 室田〜大番道〜権田線, 権田線"
下久保,高崎市,倉渕線
桜木中学校入口,桐生市,広沢線
箕郷中学校前,（株）群馬バス,"イオン高崎〜群馬支所〜箕郷線, 前橋〜金古〜箕郷線"
箕郷中学校前,高崎市,"松原線, 柏木沢線"
藤田,高崎市,斉渡中北線
中組,伊勢崎市,赤堀シャトルバス
臨江閣前,前橋市,北循環線
上毛,前橋市,金古王塚台線
上毛・須賀内科医院前,高崎市,"こうづけ国分寺線, かみつけの里線"
生原,（株）群馬バス,高崎〜井出〜榛東村役場線
中央郵便局,前橋市,北循環線
箕郷図書館前,高崎市,"白川線, 生原線, 松原線, 柏木沢線"
箕郷営業所,（株）群馬バス,"イオン高崎〜群馬支所〜箕郷線, 高崎〜沖白川橋〜箕郷線, 高崎〜水沢〜伊香保線, 高崎〜浜川〜箕郷営業所線, 前橋〜金古〜箕郷線, 箕郷〜貸切バスセンター線, 渋川箕郷線, 駒寄線, はるな郷線"
群馬バス箕郷営業所,高崎市,"白川線, 生原線, 松原線, 柏木沢線"
箕郷営業所,渋川市,箕郷営業所〜渋川駅線
新桐生駅,桐生市,"広沢線, 中央幹線：桐生駅北口〜東邦病院, 中央幹線：新桐生駅〜旧女子高"
上富田公民館,日本中央バス（株）,"高崎駅〜大胡駅線　［5452］, 高崎駅〜大胡駅線　［5453］, 高崎駅〜大胡駅線　［5454］, 高崎駅〜大胡駅線　［5461・5462］, 高崎駅〜大胡駅線　［5463］, 高崎駅〜大胡駅線　［5464］"
片貝,日本中央バス（株）,"東31　西大室線　［4201］, 庁33　西大室線　［4202］, 東32　西大室線　［4203］, 庁34　西大室線　［4204］, 東33　西大室線　［4205］, 庁33　西大室線　［4206］, 東35　西大室線　［4207］, 庁34　西大室線　［4208］, 東31　西大室線　［4209・4210］, 東32　西大室線　［4211・4212］, 東33　西大室線　［4213・4214］, 東34　西大室線　［4215・4216］"
国府小学校東,高崎市,こうづけ国分寺線
総合福祉センター前,桐生市,境野線
城東町一丁目,日本中央バス（株）,"渋30　総社線　［3481］, 渋30　総社線　［3482］, 渋30　総社線　［3483・3484］, 渋30　総社線　［3485］, 北31　富士見線　［7301・7302］, 北30　富士見線　［7303・7304］, 北32　富士見線　［7305・7306］"
城東町一丁目,関越交通（株）,"赤城山線：前橋〜富士見〜赤城山, 赤城青年の家循環線"
城東町一丁目,永井運輸（株）,"北54　荻窪公園線, 庁54　荻窪公園線, 北51　荻窪公園線, 北53　荻窪公園線, 庁53　荻窪公園線, 北52　荻窪公園線, 庁58　荻窪公園線, 庁59　荻窪公園線, 北59　荻窪公園線, 北50　嶺公園線, 庁51　荻窪公園線"
千代田町三丁目,日本中央バス（株）,"西33　榛東線　［8231］, 西33　榛東線　［8232］, 西34　榛東線　［8233］, 西34　榛東線　［8234］, 西38　榛東線　［8235］, 西38　榛東線　［8236］, 西35　榛東線　［8237］, 西35　榛東線　［8238］, 西36　榛東線　［8240］, 西37　榛東線　［8241］, 西37　榛東線　［8242］"
千代田町三丁目,（株）群馬バス,前橋〜金古〜箕郷線
千代田町三丁目,関越交通（株）,"沼田駅〜関越道〜群大病院線, 前橋駅〜群大附属小〜総合SC線, 前橋線：渋川行循環, 前橋線：前橋駅〜医療センター, 前橋線：前橋駅〜渋川駅, 前橋線：前橋行循環, 南橘団地線：前橋駅〜群馬大学, 南橘団地線：前橋駅〜渋川駅, 緑が丘線：前橋駅〜総合SC"
千代田町三丁目,群馬中央バス（株）,群大病院〜高崎駅前線
上宿,高崎市,こうづけ国分寺線
上宿,前橋市,金古王塚台線
箕郷本町,（株）群馬バス,"高崎〜沖白川橋〜箕郷線, 高崎〜水沢〜伊香保線, 高崎〜浜川〜箕郷営業所線, 箕郷〜貸切バスセンター線, 渋川箕郷線, 駒寄線, はるな郷線"
箕郷本町,渋川市,箕郷営業所〜渋川駅線
西片貝,日本中央バス（株）,"東31　西大室線　［4201］, 庁33　西大室線　［4202］, 東33　西大室線　［4205］, 庁33　西大室線　［4206］, 東31　西大室線　［4209・4210］, 東33　西大室線　［4213・4214］"
総合福祉センター,桐生市,境野線
琴平町,桐生市,境野線
公社ビル入口,日本中央バス（株）,"西39-2　吉岡線　［9261］, 西39-1　吉岡線　［9263］, 西39-1　吉岡線　［9264］, 西30　吉岡線　［9266］"
公社ビル入口,（株）群馬バス,前橋〜県庁・大橋〜イオン高崎線
公社ビル入口,関越交通（株）,前橋線：前橋駅〜前橋営業所
遊園地坂下,日本中央バス（株）,"西33　榛東線　［8231］, 西33　榛東線　［8232］, 西34　榛東線　［8233］, 西34　榛東線　［8234］, 西38　榛東線　［8235］, 西38　榛東線　［8236］, 西35　榛東線　［8237］, 西35　榛東線　［8238］, 西36　榛東線　［8240］, 西37　榛東線　［8241］, 西37　榛東線　［8242］"
箕輪郵便局前,高崎市,"白川線, 生原線, 松原線, 柏木沢線"
亀泉,日本中央バス（株）,"東31　西大室線　［4201］, 庁33　西大室線　［4202］, 東32　西大室線　［4203］, 庁34　西大室線　［4204］, 東33　西大室線　［4205］, 庁33　西大室線　［4206］, 東35　西大室線　［4207］, 庁34　西大室線　［4208］, 東31　西大室線　［4209・4210］, 東32　西大室線　［4211・4212］, 東33　西大室線　［4213・4214］, 東34　西大室線　［4215・4216］"
萱野団地,日本中央バス（株）,"東31　西大室線　［4201］, 庁33　西大室線　［4202］, 東32　西大室線　［4203］, 庁34　西大室線　［4204］, 東33　西大室線　［4205］, 庁33　西大室線　［4206］, 東35　西大室線　［4207］, 庁34　西大室線　［4208］, 東31　西大室線　［4209・4210］, 東32　西大室線　［4211・4212］, 東33　西大室線　［4213・4214］, 東34　西大室線　［4215・4216］"
中新田集会所入口,高崎市,生原線
三俣,日本中央バス（株）,"東31　西大室線　［4201］, 庁33　西大室線　［4202］, 東33　西大室線　［4205］, 庁33　西大室線　［4206］, 東31　西大室線　［4209・4210］, 東33　西大室線　［4213・4214］"
城東小学校前,日本中央バス（株）,"東31　西大室線　［4201］, 庁33　西大室線　［4202］, 東33　西大室線　［4205］, 庁33　西大室線　［4206］, 東31　西大室線　［4209・4210］, 東33　西大室線　［4213・4214］"
千代田町一丁目,前橋市,"南循環線, 北循環線"
城東町二丁目,前橋市,北循環線
大渡温水プール前,日本中央バス（株）,"西39-2　吉岡線　［9261］, 西39-1　吉岡線　［9263］, 西39-1　吉岡線　［9264］, 西30　吉岡線　［9266］"
大渡温水プール前,（株）群馬バス,前橋〜県庁・大橋〜イオン高崎線
大渡温水プール前,関越交通（株）,前橋線：前橋駅〜前橋営業所
元総社二丁目,日本中央バス（株）,"西39-2　吉岡線　［9261］, 西39-1　吉岡線　［9263］, 西39-1　吉岡線　［9264］, 西30　吉岡線　［9266］"
老年病研究所前,日本中央バス（株）,"西39-2　吉岡線　［9261］, 西39-1　吉岡線　［9263］, 西39-1　吉岡線　［9264］, 西30　吉岡線　［9266］"
老年病研究所前,（株）群馬バス,前橋〜県庁・大橋〜イオン高崎線
前橋公園前,日本中央バス（株）,"西33　榛東線　［8231］, 西33　榛東線　［8232］, 西34　榛東線　［8233］, 西34　榛東線　［8234］, 西38　榛東線　［8235］, 西38　榛東線　［8236］, 西35　榛東線　［8237］, 西35　榛東線　［8238］, 西36　榛東線　［8240］, 西37　榛東線　［8241］, 西37　榛東線　［8242］, 西39-2　吉岡線　［9261］, 西39-1　吉岡線　［9263］, 西39-1　吉岡線　［9264］, 西30　吉岡線　［9266］"
前橋公園前,（株）群馬バス,前橋〜県庁・大橋〜イオン高崎線
前橋公園前,前橋市,北循環線
前橋公園前,関越交通（株）,前橋線：前橋駅〜前橋営業所
城東町二丁目,日本中央バス（株）,"渋30　総社線　［3481］, 渋30　総社線　［3482］, 渋30　総社線　［3483・3484］, 渋30　総社線　［3485］, 東31　西大室線　［4201］, 庁33　西大室線　［4202］, 東33　西大室線　［4205］, 庁33　西大室線　［4206］, 東31　西大室線　［4209・4210］, 東33　西大室線　［4213・4214］, 北31　富士見線　［7301・7302］, 北30　富士見線　［7303・7304］, 北32　富士見線　［7305・7306］"
城東町二丁目,関越交通（株）,"赤城山線：前橋〜富士見〜赤城山, 赤城青年の家循環線"
城東町二丁目,永井運輸（株）,"北54　荻窪公園線, 庁54　荻窪公園線, 北51　荻窪公園線, 北53　荻窪公園線, 庁53　荻窪公園線, 北52　荻窪公園線, 庁58　荻窪公園線, 庁59　荻窪公園線, 北59　荻窪公園線, 北50　嶺公園線, 庁51　荻窪公園線"
はぐくみ農協群馬支店入口,高崎市,かみつけの里線
市営パーク千代田北,前橋市,"南循環線, 北循環線"
箕郷田町,（株）群馬バス,"高崎〜沖白川橋〜箕郷線, 高崎〜水沢〜伊香保線, 高崎〜浜川〜箕郷営業所線, 箕郷〜貸切バスセンター線"
新桐生駅南,桐生市,中央幹線：桐生駅北口〜東邦病院
前橋中央駐車場入口,前橋市,"南循環線, 北循環線"
千鳥,伊勢崎市,赤堀シャトルバス
堤,日本中央バス（株）,"東31　西大室線　［4201］, 庁33　西大室線　［4202］, 東32　西大室線　［4203］, 庁34　西大室線　［4204］, 東33　西大室線　［4205］, 庁33　西大室線　［4206］, 東35　西大室線　［4207］, 庁34　西大室線　［4208］, 東31　西大室線　［4209・4210］, 東32　西大室線　［4211・4212］, 東33　西大室線　［4213・4214］, 東34　西大室線　［4215・4216］"
西片貝二丁目,日本中央バス（株）,"東32　西大室線　［4203］, 庁34　西大室線　［4204］, 東35　西大室線　［4207］, 庁34　西大室線　［4208］, 東32　西大室線　［4211・4212］, 東34　西大室線　［4215・4216］"
前橋協立診療所入口,前橋市,東循環
前引間,高崎市,こうづけ国分寺線
前引間,前橋市,金古王塚台線
広沢町一丁目集会所入口,桐生市,広沢線
生原一区東,高崎市,生原線
城東町三丁目,前橋市,"北循環線, 東循環"
フレッセイ箕郷店,高崎市,"白川線, 生原線, 松原線, 柏木沢線"
中室田,（株）群馬バス,高崎〜本郷〜榛名湖線
中室田,高崎市,斉渡中北線
スズラン前,前橋市,"南循環線, 北循環線"
観音寺,関越交通（株）,高崎線：渋川駅〜高崎
観音寺,高崎市,"こうづけ国分寺線, かみつけの里線"
千代田町二丁目,（株）群馬バス,前橋〜金古〜箕郷線
千代田町二丁目,関越交通（株）,"前橋駅〜群大附属小〜総合SC線, 前橋線：渋川行循環, 前橋線：前橋駅〜医療センター, 前橋線：前橋駅〜渋川駅, 前橋線：前橋行循環, 南橘団地線：前橋駅〜群馬大学, 南橘団地線：前橋駅〜渋川駅, 緑が丘線：前橋駅〜総合SC"
千代田町二丁目,群馬中央バス（株）,群大病院〜高崎駅前線
箕郷支所,高崎市,"白川線, 生原線, 松原線, 柏木沢線"
上金井原公民館前,高崎市,宮沢白岩線
教会南,前橋市,"南循環線, 北循環線"
中央駅,永井運輸（株）,"北54　荻窪公園線, 庁54　荻窪公園線, 北51　荻窪公園線, 北53　荻窪公園線, 庁53　荻窪公園線, 北52　荻窪公園線, 庁58　荻窪公園線, 庁59　荻窪公園線, 北59　荻窪公園線, 北50　嶺公園線, 庁51　荻窪公園線"
中宮沢三叉路,高崎市,宮沢白岩線
林歯科医院前,前橋市,東循環
元気21北,前橋市,"南循環線, 北循環線"
江戸村橋入口,高崎市,斉渡中北線
中央前橋駅,日本中央バス（株）,"渋30　総社線　［3481］, 渋30　総社線　［3482］, 渋30　総社線　［3483・3484］, 渋30　総社線　［3485］, 東31　西大室線　［4201］, 庁33　西大室線　［4202］, 東33　西大室線　［4205］, 庁33　西大室線　［4206］, 東31　西大室線　［4209・4210］, 東33　西大室線　［4213・4214］, 川曲線　［6281］, 川曲線　［6282］, 北31　富士見線　［7301・7302］, 北30　富士見線　［7303・7304］, 北32　富士見線　［7305・7306］, 循30　シャトルバス　［10321・10322］"
中央前橋駅,関越交通（株）,"赤城山線：前橋〜赤城山, 赤城山線：前橋〜富士見〜赤城山, 赤城青年の家循環線"
中央前橋駅,前橋市,"北循環線, 東循環"
箕郷福祉会館入口,高崎市,生原線
阿左美東,桐生市,中央幹線：桐生駅北口〜東邦病院
前橋地方検察庁前,前橋市,"南循環線, 北循環線"
Qの広場,前橋市,"南循環線, 北循環線"
群馬会館北,前橋市,"南循環線, 北循環線"
城東駅前,前橋市,東循環
ローズタウン西,日本中央バス（株）,"東31　西大室線　［4201］, 庁33　西大室線　［4202］, 東32　西大室線　［4203］, 庁34　西大室線　［4204］, 東33　西大室線　［4205］, 庁33　西大室線　［4206］, 東35　西大室線　［4207］, 庁34　西大室線　［4208］, 東31　西大室線　［4209・4210］, 東32　西大室線　［4211・4212］, 東33　西大室線　［4213・4214］, 東34　西大室線　［4215・4216］"
柳原,日本中央バス（株）,"東31　西大室線　［4201］, 庁33　西大室線　［4202］, 東32　西大室線　［4203］, 庁34　西大室線　［4204］, 東33　西大室線　［4205］, 庁33　西大室線　［4206］, 東35　西大室線　［4207］, 庁34　西大室線　［4208］, 東31　西大室線　［4209・4210］, 東32　西大室線　［4211・4212］, 東33　西大室線　［4213・4214］, 東34　西大室線　［4215・4216］"
大室公園,日本中央バス（株）,"東31　西大室線　［4201］, 庁33　西大室線　［4202］, 東32　西大室線　［4203］, 庁34　西大室線　［4204］, 東31　西大室線　［4209・4210］, 東32　西大室線　［4211・4212］"
東邦病院,桐生市,中央幹線：桐生駅北口〜東邦病院
江木町,日本中央バス（株）,"東31　西大室線　［4201］, 庁33　西大室線　［4202］, 東32　西大室線　［4203］, 庁34　西大室線　［4204］, 東33　西大室線　［4205］, 庁33　西大室線　［4206］, 東35　西大室線　［4207］, 庁34　西大室線　［4208］, 東31　西大室線　［4209・4210］, 東32　西大室線　［4211・4212］, 東33　西大室線　［4213・4214］, 東34　西大室線　［4215・4216］"
県庁前［群馬県］,（株）群馬バス,前橋〜県庁・大橋〜イオン高崎線
四ツ谷,（株）群馬バス,"高崎〜沖白川橋〜箕郷線, 高崎〜水沢〜伊香保線, 高崎〜浜川〜箕郷営業所線, 箕郷〜貸切バスセンター線"
日銀前,日本中央バス（株）,"南30　広瀬線　［2411］, 南33-2　広瀬線　［2405］, 南31　広瀬線　［2419］, 南33-2　広瀬線　［2401］, 南33-1　広瀬線　［2403］, 南33-1　広瀬線　［2407］, 南32　広瀬線　［2421］, 東31　西大室線　［4201］, 東32　西大室線　［4203］, 東33　西大室線　［4205］, 東35　西大室線　［4207］, 東30　石関町南線　［4217］, 川曲線　［6282］, 西33　榛東線　［8232］, 西34　榛東線　［8234］, 西38　榛東線　［8236］, 西35　榛東線　［8238］, 西36　榛東線　［8240］, 西37　榛東線　［8242］, 西39-1　吉岡線　［9264］, 西30　吉岡線　［9266］"
日銀前,（株）群馬バス,前橋〜県庁・大橋〜イオン高崎線
日銀前,関越交通（株）,"沼田駅〜関越道〜群大病院線, 前橋公園線, 前橋線：前橋駅〜前橋営業所"
日銀前,永井運輸（株）,"東大室線, 南52　新町玉村線, 新町玉村線, 北54　荻窪公園線, 北51　荻窪公園線, 北53　荻窪公園線, 北52　荻窪公園線, 南56　下川団地線"
日銀前,前橋市,"金古王塚台線, 土屋文明文学館線"
日銀前,（株）上信観光バス,高崎駅〜前橋駅・中央前橋駅
日銀前,群馬中央バス（株）,"群大病院〜高崎駅前線, 前橋駅前〜芝塚〜高崎駅前線"
城南病院,日本中央バス（株）,"東31　西大室線　［4201］, 庁33　西大室線　［4202］, 東32　西大室線　［4203］, 庁34　西大室線　［4204］, 東33　西大室線　［4205］, 庁33　西大室線　［4206］, 東35　西大室線　［4207］, 庁34　西大室線　［4208］, 東31　西大室線　［4209・4210］, 東32　西大室線　［4211・4212］, 東33　西大室線　［4213・4214］, 東34　西大室線　［4215・4216］"
児童文化センター,前橋市,東循環
市役所・合庁前,日本中央バス（株）,"南30　広瀬線　［2411］, 南33-2　広瀬線　［2405］, 南31　広瀬線　［2419］, 南33-2　広瀬線　［2401］, 南33-1　広瀬線　［2403］, 南33-1　広瀬線　［2407］, 南32　広瀬線　［2421］, 庁38　広瀬線　［2422］, 庁39-3　広瀬線　［2424］, 庁39-1　広瀬線　［2404］, 庁39-2　広瀬線　［2402］, 庁39-1　広瀬線　［2408］, 庁39-2　広瀬線　［2406］, 庁35-2　広瀬線　［2410］, 庁32　広瀬線　［2420］, 東31　西大室線　［4201］, 庁33　西大室線　［4202］, 東32　西大室線　［4203］, 庁34　西大室線　［4204］, 東33　西大室線　［4205］, 庁33　西大室線　［4206］, 東35　西大室線　［4207］, 庁34　西大室線　［4208］, 東30　石関町南線　［4217］, 庁31　石関町南線　［4218］, 川曲線　［6281］, 川曲線　［6282］, 西33　榛東線　［8231］, 西33　榛東線　［8232］, 西34　榛東線　［8233］, 西34　榛東線　［8234］, 西38　榛東線　［8235］, 西38　榛東線　［8236］, 西35　榛東線　［8237］, 西35　榛東線　［8238］, 西36　榛東線　［8240］, 西37　榛東線　［8241］, 西37　榛東線　［8242］, 西39-2　吉岡線　［9261］, 西39-1　吉岡線　［9263］, 西39-1　吉岡線　［9264］, 西30　吉岡線　［9266］"
市役所・合庁前,（株）群馬バス,前橋〜県庁・大橋〜イオン高崎線
市役所・合庁前,関越交通（株）,"沼田駅〜関越道〜群大病院線, 前橋公園線, 前橋線：前橋駅〜前橋営業所"
市役所・合庁前,永井運輸（株）,"東大室線, 南52　新町玉村線, 庁52　新町玉村線, 新町玉村線, 北54　荻窪公園線, 庁54　荻窪公園線, 北51　荻窪公園線, 北53　荻窪公園線, 庁53　荻窪公園線, 北52　荻窪公園線, 庁58　荻窪公園線, 庁59　荻窪公園線, 庁51　荻窪公園線, 南56　下川団地線, 庁56　下川団地線"
市役所・合庁前,前橋市,"金古王塚台線, 土屋文明文学館線"
市役所・合庁前（前橋）,（株）上信観光バス,高崎駅〜前橋駅・中央前橋駅
市役所・合庁前,群馬中央バス（株）,"群大病院〜高崎駅前線, 前橋駅前〜芝塚〜高崎駅前線"
あさひ特別支援学校入口,桐生市,広沢線
中里,（株）群馬バス,高崎〜井出〜榛東村役場線
県庁前,日本中央バス（株）,"南30　広瀬線　［2411］, 南33-2　広瀬線　［2405］, 南31　広瀬線　［2419］, 南33-2　広瀬線　［2401］, 南33-1　広瀬線　［2403］, 南33-1　広瀬線　［2407］, 南32　広瀬線　［2421］, 庁38　広瀬線　［2422］, 庁39-3　広瀬線　［2424］, 庁39-1　広瀬線　［2404］, 庁39-2　広瀬線　［2402］, 庁39-1　広瀬線　［2408］, 庁39-2　広瀬線　［2406］, 庁35-2　広瀬線　［2410］, 庁32　広瀬線　［2420］, 東31　西大室線　［4201］, 庁33　西大室線　［4202］, 東32　西大室線　［4203］, 庁34　西大室線　［4204］, 東33　西大室線　［4205］, 庁33　西大室線　［4206］, 東35　西大室線　［4207］, 庁34　西大室線　［4208］, 東30　石関町南線　［4217］, 庁31　石関町南線　［4218］, 川曲線　［6281］, 川曲線　［6282］, 西33　榛東線　［8231］, 西33　榛東線　［8232］, 西34　榛東線　［8233］, 西34　榛東線　［8234］, 西38　榛東線　［8235］, 西38　榛東線　［8236］, 西35　榛東線　［8237］, 西35　榛東線　［8238］, 西36　榛東線　［8240］, 西37　榛東線　［8241］, 西37　榛東線　［8242］, 西39-2　吉岡線　［9261］, 西39-1　吉岡線　［9263］, 西39-1　吉岡線　［9264］, 西30　吉岡線　［9266］"
県庁前,関越交通（株）,"沼田駅〜関越道〜群大病院線, 前橋公園線, 前橋線：前橋駅〜前橋営業所"
県庁前,永井運輸（株）,"東大室線, 南52　新町玉村線, 庁52　新町玉村線, 新町玉村線, 北54　荻窪公園線, 庁54　荻窪公園線, 北51　荻窪公園線, 北53　荻窪公園線, 庁53　荻窪公園線, 北52　荻窪公園線, 庁58　荻窪公園線, 庁59　荻窪公園線, 庁51　荻窪公園線, 南56　下川団地線, 庁56　下川団地線"
妙見前,前橋市,金古王塚台線
下宮沢北入口,高崎市,宮沢白岩線
富田,日本中央バス（株）,"東31　西大室線　［4201］, 庁33　西大室線　［4202］, 東32　西大室線　［4203］, 庁34　西大室線　［4204］, 東33　西大室線　［4205］, 庁33　西大室線　［4206］, 東35　西大室線　［4207］, 庁34　西大室線　［4208］, 東31　西大室線　［4209・4210］, 東32　西大室線　［4211・4212］, 東33　西大室線　［4213・4214］, 東34　西大室線　［4215・4216］"
境野町二丁目,桐生市,境野線
磯入口,伊勢崎市,赤堀シャトルバス
産泰,日本中央バス（株）,"東31　西大室線　［4201］, 庁33　西大室線　［4202］, 東32　西大室線　［4203］, 庁34　西大室線　［4204］, 東31　西大室線　［4209・4210］, 東32　西大室線　［4211・4212］"
本町,日本中央バス（株）,"南30　広瀬線　［2411］, 南33-2　広瀬線　［2405］, 南31　広瀬線　［2419］, 南33-2　広瀬線　［2401］, 南33-1　広瀬線　［2403］, 南33-1　広瀬線　［2407］, 南32　広瀬線　［2421］, 庁38　広瀬線　［2422］, 庁39-3　広瀬線　［2424］, 庁39-1　広瀬線　［2404］, 庁39-2　広瀬線　［2402］, 庁39-1　広瀬線　［2408］, 庁39-2　広瀬線　［2406］, 庁35-2　広瀬線　［2410］, 庁32　広瀬線　［2420］, 東31　西大室線　［4201］, 庁33　西大室線　［4202］, 東32　西大室線　［4203］, 庁34　西大室線　［4204］, 東33　西大室線　［4205］, 庁33　西大室線　［4206］, 東35　西大室線　［4207］, 庁34　西大室線　［4208］, 東30　石関町南線　［4217］, 庁31　石関町南線　［4218］, 川曲線　［6281］, 川曲線　［6282］, 西33　榛東線　［8231］, 西33　榛東線　［8232］, 西34　榛東線　［8233］, 西34　榛東線　［8234］, 西38　榛東線　［8235］, 西38　榛東線　［8236］, 西35　榛東線　［8237］, 西35　榛東線　［8238］, 西36　榛東線　［8240］, 西37　榛東線　［8241］, 西37　榛東線　［8242］, 西39-2　吉岡線　［9261］, 西39-1　吉岡線　［9263］, 西39-1　吉岡線　［9264］, 西30　吉岡線　［9266］"
本町,（株）群馬バス,"前橋〜金古〜箕郷線, 前橋〜県庁・大橋〜イオン高崎線"
本町,関越交通（株）,"前橋駅〜群大附属小〜総合SC線, 前橋公園線, 前橋線：渋川行循環, 前橋線：前橋駅〜医療センター, 前橋線：前橋駅〜渋川駅, 前橋線：前橋駅〜前橋営業所, 前橋線：前橋行循環, 南橘団地線：前橋駅〜群馬大学, 南橘団地線：前橋駅〜渋川駅, 緑が丘線：前橋駅〜総合SC"
本町,永井運輸（株）,"東大室線, 南52　新町玉村線, 庁52　新町玉村線, 新町玉村線, 北54　荻窪公園線, 庁54　荻窪公園線, 北51　荻窪公園線, 北53　荻窪公園線, 庁53　荻窪公園線, 北52　荻窪公園線, 庁58　荻窪公園線, 庁59　荻窪公園線, 庁51　荻窪公園線, 南56　下川団地線, 庁56　下川団地線"
本町,前橋市,"東循環, 金古王塚台線, 土屋文明文学館線"
本町,（株）上信観光バス,高崎駅〜前橋駅・中央前橋駅
上芝集会所前,高崎市,"白川線, 生原線, 松原線, 柏木沢線"
辻,日本中央バス（株）,"東31　西大室線　［4201］, 庁33　西大室線　［4202］, 東32　西大室線　［4203］, 庁34　西大室線　［4204］, 東33　西大室線　［4205］, 庁33　西大室線　［4206］, 東35　西大室線　［4207］, 庁34　西大室線　［4208］, 東31　西大室線　［4209・4210］, 東32　西大室線　［4211・4212］, 東33　西大室線　［4213・4214］, 東34　西大室線　［4215・4216］"
玉蔵院,日本中央バス（株）,"東32　西大室線　［4203］, 庁34　西大室線　［4204］, 東35　西大室線　［4207］, 庁34　西大室線　［4208］, 東32　西大室線　［4211・4212］, 東34　西大室線　［4215・4216］"
天神橋,（株）群馬バス,"権田〜里見〜高崎線, 高崎〜岩氷〜権田線, 室田〜岩氷〜権田線, 室田〜大番道〜権田線, 権田線"
天神橋,高崎市,倉渕線
雨堤入口,（株）群馬バス,"権田〜里見〜高崎線, 高崎〜岩氷〜権田線, 室田〜岩氷〜権田線, 室田〜大番道〜権田線, 権田線"
雨堤入口,高崎市,倉渕線
落合,（株）群馬バス,"権田〜里見〜高崎線, 高崎〜岩氷〜権田線, 室田〜岩氷〜権田線, 室田〜大番道〜権田線, 権田線"
落合,高崎市,倉渕線
下大屋,日本中央バス（株）,"東31　西大室線　［4201］, 庁33　西大室線　［4202］, 東32　西大室線　［4203］, 庁34　西大室線　［4204］, 東31　西大室線　［4209・4210］, 東32　西大室線　［4211・4212］"
イオンモール高崎,（株）群馬バス,"イオン高崎〜群馬支所〜箕郷線, イオン高崎〜長岡〜榛東村役場線, 高崎〜イオン〜榛東村役場線, 高崎〜イオンモール高崎線, 前橋〜県庁・大橋〜イオン高崎線"
イオンモール高崎,関越交通（株）,高崎線：渋川駅〜高崎
イオンモール高崎,高崎市,"こうづけ国分寺線, かみつけの里線"
中里町南,高崎市,かみつけの里線
西片貝五丁目,日本中央バス（株）,東34　西大室線　［4215・4216］
西片貝五丁目,前橋市,東循環
坂下,日本中央バス（株）,"渋30　総社線　［3481］, 渋30　総社線　［3482］, 渋30　総社線　［3483・3484］, 渋30　総社線　［3485］, 東31　西大室線　［4201］, 庁33　西大室線　［4202］, 東33　西大室線　［4205］, 庁33　西大室線　［4206］, 東31　西大室線　［4209・4210］, 東33　西大室線　［4213・4214］, 川曲線　［6281］, 川曲線　［6282］, 北31　富士見線　［7301・7302］, 北30　富士見線　［7303・7304］, 北32　富士見線　［7305・7306］"
坂下,関越交通（株）,"赤城山線：前橋〜富士見〜赤城山, 赤城青年の家循環線"
坂下,永井運輸（株）,"北54　荻窪公園線, 庁54　荻窪公園線, 北51　荻窪公園線, 北53　荻窪公園線, 庁53　荻窪公園線, 北52　荻窪公園線, 庁58　荻窪公園線, 庁59　荻窪公園線, 北59　荻窪公園線, 北50　嶺公園線, 庁51　荻窪公園線"
坂下,前橋市,"南循環線, 東循環"
本庄,（株）群馬バス,"権田〜里見〜高崎線, 高崎〜岩氷〜権田線, 室田〜岩氷〜権田線, 室田〜大番道〜権田線, 権田線"
本庄,高崎市,倉渕線
金井原十字路,高崎市,宮沢白岩線
妙見南,高崎市,こうづけ国分寺線
交通公園入口,日本中央バス（株）,東34　西大室線　［4215・4216］
県庁前,前橋市,"南循環線, 金古王塚台線, 土屋文明文学館線"
県庁前（群馬）,（株）上信観光バス,高崎駅〜前橋駅・中央前橋駅
県庁前,群馬中央バス（株）,"群大病院〜高崎駅前線, 前橋駅前〜芝塚〜高崎駅前線"
広沢町一丁目,桐生市,広沢線
玉蔵院東,日本中央バス（株）,"東30　石関町南線　［4217］, 庁31　石関町南線　［4218］"
境野公民館前,桐生市,境野線
昭和橋,桐生市,広沢線
発電所入口,高崎市,倉渕線
発電所入口［高崎市］,（株）群馬バス,"権田〜里見〜高崎線, 高崎〜岩氷〜権田線, 室田〜岩氷〜権田線, 室田〜大番道〜権田線, 権田線"
一五沢入口,高崎市,宮沢白岩線
菖蒲沢入口,（株）群馬バス,"権田〜里見〜高崎線, 高崎〜岩氷〜権田線, 室田〜岩氷〜権田線, 室田〜大番道〜権田線, 権田線"
菖蒲沢入口,高崎市,倉渕線
荒子,日本中央バス（株）,"東31　西大室線　［4201］, 庁33　西大室線　［4202］, 東32　西大室線　［4203］, 庁34　西大室線　［4204］, 東31　西大室線　［4209・4210］, 東32　西大室線　［4211・4212］"
棟高,関越交通（株）,高崎線：渋川駅〜高崎
棟高,高崎市,"こうづけ国分寺線, かみつけの里線"
富田集落センター,日本中央バス（株）,"高崎駅〜大胡駅線　［5452］, 高崎駅〜大胡駅線　［5453］, 高崎駅〜大胡駅線　［5454］, 高崎駅〜大胡駅線　［5461・5462］, 高崎駅〜大胡駅線　［5463］, 高崎駅〜大胡駅線　［5464］"
車郷小学校入口,高崎市,"白川線, 生原線"
塚田町,高崎市,こうづけ国分寺線
下宮沢入口,高崎市,宮沢白岩線
明神前,前橋市,金古王塚台線
えびす通り,前橋市,東循環
天上橋,（株）群馬バス,"権田〜里見〜高崎線, 高崎〜岩氷〜権田線, 室田〜岩氷〜権田線, 室田〜大番道〜権田線, 権田線"
天上橋,高崎市,倉渕線
箕郷温泉まねきの湯,（株）群馬バス,"高崎〜水沢〜伊香保線, 高崎〜浜川〜箕郷営業所線"
中原十字路,高崎市,宮沢白岩線
稲荷台,前橋市,金古王塚台線
辻久保イオンモール高崎前,（株）群馬バス,"高崎〜イオン〜榛東村役場線, 高崎〜イオンモール高崎線"
中宿,前橋市,金古王塚台線
観音寺南,関越交通（株）,高崎線：渋川駅〜高崎
明神東,前橋市,金古王塚台線
三益半導体工業前,高崎市,かみつけの里線
西片貝三丁目,日本中央バス（株）,"東30　石関町南線　［4217］, 庁31　石関町南線　［4218］"
弁才,（株）群馬バス,高崎〜本郷〜榛名湖線
弁才,高崎市,斉渡中北線
元総社上宿,前橋市,金古王塚台線
箕郷温泉まねきの湯,（株）群馬バス,"高崎〜沖白川橋〜箕郷線, 箕郷〜貸切バスセンター線"
箕郷温泉まねきの湯,高崎市,"白川線, 生原線, 松原線, 柏木沢線"
湯清寺前,日本中央バス（株）,"東31　西大室線　［4201］, 庁33　西大室線　［4202］, 東32　西大室線　［4203］, 庁34　西大室線　［4204］, 東31　西大室線　［4209・4210］, 東32　西大室線　［4211・4212］"
大久保辻,高崎市,斉渡中北線
東片貝,日本中央バス（株）,"東30　石関町南線　［4217］, 庁31　石関町南線　［4218］"
野,伊勢崎市,赤堀シャトルバス
朝貝橋,日本中央バス（株）,東34　西大室線　［4215・4216］
朝貝橋,前橋市,東循環
表町,日本中央バス（株）,"南30　広瀬線　［2411］, 南33-2　広瀬線　［2405］, 南31　広瀬線　［2419］, 南33-2　広瀬線　［2401］, 南33-1　広瀬線　［2403］, 南33-1　広瀬線　［2407］, 南32　広瀬線　［2421］, 庁38　広瀬線　［2422］, 庁39-3　広瀬線　［2424］, 庁39-1　広瀬線　［2404］, 庁39-2　広瀬線　［2402］, 庁39-1　広瀬線　［2408］, 庁39-2　広瀬線　［2406］, 庁35-2　広瀬線　［2410］, 庁32　広瀬線　［2420］, 渋30　総社線　［3481］, 渋30　総社線　［3482］, 渋30　総社線　［3483・3484］, 渋30　総社線　［3485］, 東31　西大室線　［4201］, 庁33　西大室線　［4202］, 東32　西大室線　［4203］, 庁34　西大室線　［4204］, 東33　西大室線　［4205］, 庁33　西大室線　［4206］, 東35　西大室線　［4207］, 庁34　西大室線　［4208］, 東31　西大室線　［4209・4210］, 東33　西大室線　［4213・4214］, 東30　石関町南線　［4217］, 庁31　石関町南線　［4218］, 北31　富士見線　［7301・7302］, 北30　富士見線　［7303・7304］, 北32　富士見線　［7305・7306］, 西33　榛東線　［8231］, 西33　榛東線　［8232］, 西34　榛東線　［8233］, 西34　榛東線　［8234］, 西38　榛東線　［8235］, 西38　榛東線　［8236］, 西35　榛東線　［8237］, 西35　榛東線　［8238］, 西36　榛東線　［8240］, 西37　榛東線　［8241］, 西37　榛東線　［8242］, 西39-2　吉岡線　［9261］, 西39-1　吉岡線　［9263］, 西39-1　吉岡線　［9264］, 西30　吉岡線　［9266］"
表町,（株）群馬バス,"前橋〜金古〜箕郷線, 前橋〜県庁・大橋〜イオン高崎線"
表町,関越交通（株）,"赤城山線：前橋〜富士見〜赤城山, 赤城青年の家循環線, 前橋駅〜群大附属小〜総合SC線, 前橋公園線, 前橋線：渋川行循環, 前橋線：前橋駅〜医療センター, 前橋線：前橋駅〜渋川駅, 前橋線：前橋駅〜前橋営業所, 前橋線：前橋行循環, 南橘団地線：前橋駅〜群馬大学, 南橘団地線：前橋駅〜渋川駅, 緑が丘線：前橋駅〜総合SC"
表町,永井運輸（株）,"東大室線, 南52　新町玉村線, 庁52　新町玉村線, 新町玉村線, 北54　荻窪公園線, 庁54　荻窪公園線, 北51　荻窪公園線, 北53　荻窪公園線, 庁53　荻窪公園線, 北52　荻窪公園線, 庁58　荻窪公園線, 庁59　荻窪公園線, 北59　荻窪公園線, 北50　嶺公園線, 庁51　荻窪公園線, 南56　下川団地線, 庁56　下川団地線"
表町,群馬中央バス（株）,前橋駅前〜芝塚〜高崎駅前線
表町,前橋市,"南循環線, 東循環, 金古王塚台線, 土屋文明文学館線"
表町,（株）上信観光バス,高崎駅〜前橋駅・中央前橋駅
中央病院入口,関越交通（株）,沼田駅〜関越道〜群大病院線
中央病院入口,前橋市,"金古王塚台線, 土屋文明文学館線"
中央病院入口,（株）上信観光バス,高崎駅〜前橋駅・中央前橋駅
中央病院入口,群馬中央バス（株）,"群大病院〜高崎駅前線, 前橋駅前〜芝塚〜高崎駅前線"
産業道路入口,前橋市,金古王塚台線
白山橋,日本中央バス（株）,"東31　西大室線　［4201］, 庁33　西大室線　［4202］, 東32　西大室線　［4203］, 庁34　西大室線　［4204］, 東31　西大室線　［4209・4210］, 東32　西大室線　［4211・4212］"
片貝神社入口,日本中央バス（株）,"東30　石関町南線　［4217］, 庁31　石関町南線　［4218］"
石関町南,日本中央バス（株）,"東30　石関町南線　［4217］, 庁31　石関町南線　［4218］"
石関町南,永井運輸（株）,前橋大島駅線
上郊小学校前,（株）群馬バス,高崎〜井出〜榛東村役場線
上石倉,前橋市,"金古王塚台線, 土屋文明文学館線"
上石倉,（株）上信観光バス,高崎駅〜前橋駅・中央前橋駅
上石倉,群馬中央バス（株）,"群大病院〜高崎駅前線, 前橋駅前〜芝塚〜高崎駅前線"
富岡集会所前,高崎市,"白川線, 生原線"
青果市場前,永井運輸（株）,前橋大島駅線
間ノ島団地,桐生市,広沢線
とりせん箕郷店,高崎市,"白川線, 生原線, 松原線, 柏木沢線"
鳴沢,（株）群馬バス,"権田〜里見〜高崎線, 高崎〜岩氷〜権田線, 室田〜岩氷〜権田線, 室田〜大番道〜権田線, 権田線"
鳴沢,高崎市,倉渕線
三本辻,日本中央バス（株）,"東31　西大室線　［4201］, 庁33　西大室線　［4202］, 東32　西大室線　［4203］, 庁34　西大室線　［4204］, 東31　西大室線　［4209・4210］, 東32　西大室線　［4211・4212］"
日陰本庄,高崎市,倉渕線
中央病院前,日本中央バス（株）,"川曲線　［6281］, 川曲線　［6282］"
中央病院前,前橋市,南循環線
石関町学園中央,永井運輸（株）,前橋大島駅線
NHK東,関越交通（株）,沼田駅〜関越道〜群大病院線
NHK東,前橋市,土屋文明文学館線
NHK東,群馬中央バス（株）,群大病院〜高崎駅前線
新田入口,高崎市,宮沢白岩線
稲荷台区民センター前,高崎市,こうづけ国分寺線
上郊小学校西,高崎市,かみつけの里線
境野小学校入口,桐生市,境野線
朝日町県営住宅,日本中央バス（株）,"東32　西大室線　［4203］, 庁34　西大室線　［4204］, 東35　西大室線　［4207］, 庁34　西大室線　［4208］, 東32　西大室線　［4211・4212］, 東30　石関町南線　［4217］, 庁31　石関町南線　［4218］"
朝日町県営住宅前,前橋市,東循環
保健所・保健センター,前橋市,東循環
新堀・千年台前,高崎市,"こうづけ国分寺線, かみつけの里線"
保健センター入口,日本中央バス（株）,"東32　西大室線　［4203］, 庁34　西大室線　［4204］, 東35　西大室線　［4207］, 庁34　西大室線　［4208］, 東32　西大室線　［4211・4212］, 東30　石関町南線　［4217］, 庁31　石関町南線　［4218］"
高田原,高崎市,宮沢白岩線
白岩観音北三叉路,高崎市,宮沢白岩線
永井外科胃腸科入口,（株）群馬バス,"高崎〜沖白川橋〜箕郷線, 箕郷〜貸切バスセンター線"
西大室,日本中央バス（株）,"東31　西大室線　［4201］, 庁33　西大室線　［4202］, 東32　西大室線　［4203］, 庁34　西大室線　［4204］, 東31　西大室線　［4209・4210］, 東32　西大室線　［4211・4212］"
大字会館前,高崎市,"宮沢白岩線, 斉渡中北線"
大字会館前,（株）群馬バス,"高崎〜本郷〜室田線, 高崎〜本郷〜榛名湖線"
ユーアイホテル前,日本中央バス（株）,"東31　西大室線　［4201］, 庁33　西大室線　［4202］, 東32　西大室線　［4203］, 庁34　西大室線　［4204］, 東33　西大室線　［4205］, 庁33　西大室線　［4206］, 東35　西大室線　［4207］, 庁34　西大室線　［4208］, 東31　西大室線　［4209・4210］, 東33　西大室線　［4213・4214］, 東30　石関町南線　［4217］, 庁31　石関町南線　［4218］, 北31　富士見線　［7301・7302］, 北30　富士見線　［7303・7304］, 北32　富士見線　［7305・7306］, 西33　榛東線　［8231］, 西33　榛東線　［8232］, 西34　榛東線　［8233］, 西34　榛東線　［8234］, 西38　榛東線　［8235］, 西38　榛東線　［8236］, 西35　榛東線　［8237］, 西35　榛東線　［8238］, 西36　榛東線　［8240］, 西37　榛東線　［8241］, 西37　榛東線　［8242］, 西39-2　吉岡線　［9261］, 西39-1　吉岡線　［9263］, 西39-1　吉岡線　［9264］, 西30　吉岡線　［9266］"
ユーアイホテル前,永井運輸（株）,"北54　荻窪公園線, 庁54　荻窪公園線, 北51　荻窪公園線, 北53　荻窪公園線, 庁53　荻窪公園線, 北52　荻窪公園線, 庁58　荻窪公園線, 庁59　荻窪公園線, 北59　荻窪公園線, 北50　嶺公園線, 庁51　荻窪公園線"
ユーアイホテル前,群馬中央バス（株）,前橋駅前〜芝塚〜高崎駅前線
前内出,前橋市,土屋文明文学館線
三河町,日本中央バス（株）,"南30　広瀬線　［2411］, 南32　広瀬線　［2421］, 庁38　広瀬線　［2422］, 庁35-2　広瀬線　［2410］, 東32　西大室線　［4203］, 庁34　西大室線　［4204］, 東35　西大室線　［4207］, 庁34　西大室線　［4208］, 東32　西大室線　［4211・4212］, 東34　西大室線　［4215・4216］, 東30　石関町南線　［4217］, 庁31　石関町南線　［4218］"
三河町,永井運輸（株）,東大室線
元小西,前橋市,土屋文明文学館線
永井外科胃腸科前,（株）群馬バス,"高崎〜水沢〜伊香保線, 高崎〜浜川〜箕郷営業所線"
旧日赤入口,日本中央バス（株）,"東32　西大室線　［4203］, 庁34　西大室線　［4204］, 東35　西大室線　［4207］, 庁34　西大室線　［4208］, 東32　西大室線　［4211・4212］, 東34　西大室線　［4215・4216］, 東30　石関町南線　［4217］, 庁31　石関町南線　［4218］"
旧日赤入口,前橋市,東循環
元総社,前橋市,土屋文明文学館線
消防2分団前,伊勢崎市,波志江・赤堀・あずま連絡バス
JA元総社入口,前橋市,土屋文明文学館線
老人いこいの家北,伊勢崎市,波志江・赤堀・あずま連絡バス
境橋,日本中央バス（株）,"南30　広瀬線　［2411］, 南32　広瀬線　［2421］, 庁38　広瀬線　［2422］, 庁35-2　広瀬線　［2410］, 東32　西大室線　［4203］, 庁34　西大室線　［4204］, 東35　西大室線　［4207］, 庁34　西大室線　［4208］, 東32　西大室線　［4211・4212］, 東34　西大室線　［4215・4216］, 東30　石関町南線　［4217］, 庁31　石関町南線　［4218］"
境橋,永井運輸（株）,東大室線
新堀,関越交通（株）,高崎線：渋川駅〜高崎
ヤオコー境野店,桐生市,境野線
下室田小学校前,（株）群馬バス,"高崎〜本郷〜室田線, 高崎〜本郷〜榛名湖線"
下室田小学校前,高崎市,"宮沢白岩線, 斉渡中北線"
榛名支所前,（株）群馬バス,"高崎〜本郷〜室田線, 高崎〜本郷〜榛名湖線"
榛名支所前,高崎市,"宮沢白岩線, 斉渡中北線"
警察学校入口,前橋市,土屋文明文学館線
駒寄神社前,高崎市,宮沢白岩線
草倉,伊勢崎市,"赤堀シャトルバス, 波志江・赤堀・あずま連絡バス"
群馬バス室田営業所,高崎市,"榛名線, 倉渕線, 宮沢白岩線, 斉渡中北線"
榛名支所,高崎市,"榛名線, 倉渕線"
利根橋,日本中央バス（株）,"川曲線　［6281］, 川曲線　［6282］"
利根の湯前,前橋市,南循環線
鶴が谷団地,日本中央バス（株）,"東31　西大室線　［4201］, 庁33　西大室線　［4202］, 東32　西大室線　［4203］, 庁34　西大室線　［4204］, 東33　西大室線　［4205］, 庁33　西大室線　［4206］, 東35　西大室線　［4207］, 庁34　西大室線　［4208］, 東31　西大室線　［4209・4210］, 東32　西大室線　［4211・4212］, 東33　西大室線　［4213・4214］, 東34　西大室線　［4215・4216］"
室田営業所,（株）群馬バス,"権田〜里見〜高崎線, 高崎〜岩氷〜権田線, 高崎〜本郷〜室田線, 高崎〜本郷〜榛名湖線, 高崎〜里見〜室田線, 室田〜岩氷〜権田線, 室田〜大番道〜権田線, 権田線"
染谷,前橋市,土屋文明文学館線
永寿寺前,日本中央バス（株）,"南30　広瀬線　［2411］, 南32　広瀬線　［2421］, 庁38　広瀬線　［2422］, 庁35-2　広瀬線　［2410］, 東32　西大室線　［4203］, 庁34　西大室線　［4204］, 東35　西大室線　［4207］, 庁34　西大室線　［4208］, 東32　西大室線　［4211・4212］, 東34　西大室線　［4215・4216］, 東30　石関町南線　［4217］, 庁31　石関町南線　［4218］"
永寿寺前,関越交通（株）,"赤城山線：前橋〜富士見〜赤城山, 赤城青年の家循環線, 前橋公園線"
永寿寺前,永井運輸（株）,東大室線
永寿寺前,前橋市,"南循環線, 西循環, 東循環, 土屋文明文学館線"
前橋駅,日本中央バス（株）,"南30　広瀬線　［2411］, 南33-2　広瀬線　［2405］, 南31　広瀬線　［2419］, 南33-2　広瀬線　［2401］, 南33-1　広瀬線　［2403］, 南33-1　広瀬線　［2407］, 南32　広瀬線　［2421］, 南33-3　広瀬線　［2425・2426］, 庁38　広瀬線　［2422］, 庁39-3　広瀬線　［2424］, 庁39-1　広瀬線　［2404］, 庁39-2　広瀬線　［2402］, 庁39-1　広瀬線　［2408］, 庁39-2　広瀬線　［2406］, 庁35-2　広瀬線　［2410］, 庁32　広瀬線　［2420］, 渋30　総社線　［3481］, 渋30　総社線　［3482］, 渋30　総社線　［3483・3484］, 渋30　総社線　［3485］, 東31　西大室線　［4201］, 庁33　西大室線　［4202］, 東32　西大室線　［4203］, 庁34　西大室線　［4204］, 東33　西大室線　［4205］, 庁33　西大室線　［4206］, 東35　西大室線　［4207］, 庁34　西大室線　［4208］, 東31　西大室線　［4209・4210］, 東32　西大室線　［4211・4212］, 東33　西大室線　［4213・4214］, 東34　西大室線　［4215・4216］, 東30　石関町南線　［4217］, 庁31　石関町南線　［4218］, 北31　富士見線　［7301・7302］, 北30　富士見線　［7303・7304］, 北32　富士見線　［7305・7306］, 西33　榛東線　［8231］, 西33　榛東線　［8232］, 西34　榛東線　［8233］, 西34　榛東線　［8234］, 西38　榛東線　［8235］, 西38　榛東線　［8236］, 西35　榛東線　［8237］, 西35　榛東線　［8238］, 西36　榛東線　［8240］, 西37　榛東線　［8241］, 西37　榛東線　［8242］, 西39-2　吉岡線　［9261］, 西39-1　吉岡線　［9263］, 西39-1　吉岡線　［9264］, 西30　吉岡線　［9266］, 循30　シャトルバス　［10321・10322］"
前橋駅,（株）群馬バス,"前橋〜金古〜箕郷線, 前橋〜県庁・大橋〜イオン高崎線, 前橋駅〜日赤病院線"
前橋駅,関越交通（株）,"赤城山線：前橋〜赤城山, 赤城山線：前橋〜富士見〜赤城山, 赤城青年の家循環線, 前橋駅〜群大附属小〜総合SC線, 前橋公園線, 前橋線：渋川行循環, 前橋線：前橋駅〜医療センター, 前橋線：前橋駅〜渋川駅, 前橋線：前橋駅〜前橋営業所, 前橋線：前橋行循環, 南橘団地線：前橋駅〜群馬大学, 南橘団地線：前橋駅〜渋川駅, 緑が丘線：前橋駅〜総合SC"
前橋駅,永井運輸（株）,"東大室線, 南52　新町玉村線, 庁52　新町玉村線, 新町玉村線, 北54　荻窪公園線, 庁54　荻窪公園線, 北51　荻窪公園線, 北53　荻窪公園線, 庁53　荻窪公園線, 北52　荻窪公園線, 庁58　荻窪公園線, 庁59　荻窪公園線, 北59　荻窪公園線, 北50　嶺公園線, 庁51　荻窪公園線, 南56　下川団地線, 庁56　下川団地線, （臨時）新町玉村線"
前橋駅前,群馬中央バス（株）,前橋駅前〜芝塚〜高崎駅前線
前橋駅,前橋市,"南循環線, 西循環, 東循環, 金古王塚台線, 土屋文明文学館線"
前橋駅,（株）上信観光バス,高崎駅〜前橋駅・中央前橋駅
下宿角屋前,（株）群馬バス,"高崎〜本郷〜室田線, 高崎〜本郷〜榛名湖線"
下宿角屋前,高崎市,"榛名線, 倉渕線, 宮沢白岩線, 斉渡中北線"
表町二丁目,永井運輸（株）,"南52　新町玉村線, 庁52　新町玉村線, 南56　下川団地線, 庁56　下川団地線"
石倉,（株）上信観光バス,高崎駅〜前橋駅・中央前橋駅
石倉,群馬中央バス（株）,前橋駅前〜芝塚〜高崎駅前線
旧日赤前,日本中央バス（株）,"南30　広瀬線　［2411］, 南32　広瀬線　［2421］, 庁38　広瀬線　［2422］, 庁35-2　広瀬線　［2410］"
旧日赤前,永井運輸（株）,東大室線
宮谷戸,（株）群馬バス,"権田〜里見〜高崎線, 高崎〜岩氷〜権田線, 室田〜岩氷〜権田線, 室田〜大番道〜権田線, 権田線"
宮谷戸,高崎市,倉渕線
中央小学校前,前橋市,西循環
木戸原入口,（株）群馬バス,"権田〜里見〜高崎線, 高崎〜岩氷〜権田線, 室田〜岩氷〜権田線, 室田〜大番道〜権田線, 権田線"
木戸原入口,高崎市,倉渕線
車久保,（株）群馬バス,"高崎〜イオン〜榛東村役場線, 高崎〜イオンモール高崎線"
朝日町,日本中央バス（株）,"南30　広瀬線　［2411］, 南32　広瀬線　［2421］, 庁38　広瀬線　［2422］, 庁35-2　広瀬線　［2410］"
朝日町,永井運輸（株）,東大室線
富田町南,日本中央バス（株）,"高崎駅〜大胡駅線　［5452］, 高崎駅〜大胡駅線　［5453］, 高崎駅〜大胡駅線　［5454］, 高崎駅〜大胡駅線　［5461・5462］, 高崎駅〜大胡駅線　［5463］, 高崎駅〜大胡駅線　［5464］"
保渡田,（株）群馬バス,高崎〜井出〜榛東村役場線
長年寺前,（株）群馬バス,"高崎〜本郷〜室田線, 高崎〜本郷〜榛名湖線"
長年寺前,高崎市,"宮沢白岩線, 斉渡中北線"
高専入口,前橋市,土屋文明文学館線
前橋女子高前,前橋市,西循環
広沢公民館入口,桐生市,広沢線
稲荷台町,高崎市,こうづけ国分寺線
石倉郵便局,前橋市,西循環
土屋文明文学館,前橋市,土屋文明文学館線
南口改良住宅前,関越交通（株）,"赤城山線：前橋〜富士見〜赤城山, 赤城青年の家循環線, 前橋公園線"
南口改良住宅前,前橋市,"南循環線, 西循環, 東循環, 土屋文明文学館線"
紅雲町十字路,前橋市,南循環線
利根橋西詰,前橋市,西循環
曲沢町,伊勢崎市,波志江・赤堀・あずま連絡バス
紅雲町一丁目,前橋市,西循環
前橋駅南口入口,日本中央バス（株）,"南33-2　広瀬線　［2405］, 南31　広瀬線　［2419］, 南33-2　広瀬線　［2401］, 南33-1　広瀬線　［2403］, 南33-1　広瀬線　［2407］, 南33-3　広瀬線　［2425・2426］, 庁39-3　広瀬線　［2424］, 庁39-1　広瀬線　［2404］, 庁39-2　広瀬線　［2402］, 庁39-1　広瀬線　［2408］, 庁39-2　広瀬線　［2406］, 庁32　広瀬線　［2420］"
間野公民館前,高崎市,倉渕線
間野,（株）群馬バス,間野〜里見小線
前橋医療センター前,永井運輸（株）,東大室線
稲荷台南,前橋市,土屋文明文学館線
紅雲町二丁目,前橋市,南循環線
県立女子高入口,日本中央バス（株）,"川曲線　［6281］, 川曲線　［6282］"
和田山北,高崎市,"白川線, 生原線"
東間野,（株）群馬バス,間野〜里見小線
みさとニュータウン,（株）群馬バス,"高崎〜水沢〜伊香保線, 高崎〜浜川〜箕郷営業所線"
みさとニュータウン,高崎市,白川線
駒寄入口,（株）群馬バス,"高崎〜本郷〜室田線, 高崎〜本郷〜榛名湖線"
駒寄入口,高崎市,"宮沢白岩線, 斉渡中北線"
鶴が谷公民館,日本中央バス（株）,"東31　西大室線　［4201］, 庁33　西大室線　［4202］, 東32　西大室線　［4203］, 庁34　西大室線　［4204］, 東33　西大室線　［4205］, 庁33　西大室線　［4206］, 東35　西大室線　［4207］, 庁34　西大室線　［4208］, 東31　西大室線　［4209・4210］, 東32　西大室線　［4211・4212］, 東33　西大室線　［4213・4214］, 東34　西大室線　［4215・4216］"
境野中学校入口,桐生市,境野線
前橋東警察署入口,永井運輸（株）,東大室線
文一松前公園前,前橋市,東循環
三ツ寺公園・長寿センター西,高崎市,"こうづけ国分寺線, かみつけの里線"
サーパス文京前,前橋市,東循環
西部病院前,（株）群馬バス,"高崎〜沖白川橋〜箕郷線, 箕郷〜貸切バスセンター線"
保渡田中部集会所,高崎市,かみつけの里線
西久保町北,伊勢崎市,波志江・赤堀・あずま連絡バス
白岩公民館東,高崎市,宮沢白岩線
前橋駅南口,永井運輸（株）,"南52　新町玉村線, 庁52　新町玉村線, 南56　下川団地線, 庁56　下川団地線, （臨時）新町玉村線"
広沢幼稚園前,桐生市,広沢線
南町一丁目,日本中央バス（株）,"川曲線　［6281］, 川曲線　［6282］"
榛名高校入口,（株）群馬バス,"権田〜里見〜高崎線, 高崎〜岩氷〜権田線, 高崎〜里見〜室田線, 権田線"
榛名高校入口,高崎市,"倉渕線, 宮沢白岩線, 斉渡中北線"
南町住宅西,前橋市,南循環線
天川大島町三丁目,永井運輸（株）,東大室線
菅谷村東,前橋市,土屋文明文学館線
群馬病院南,高崎市,大八木線
菅谷町村東,高崎市,こうづけ国分寺線
運転試験場前,関越交通（株）,沼田駅〜関越道〜群大病院線
運転試験場前,群馬中央バス（株）,群大病院〜高崎駅前線
保渡田交流館,高崎市,かみつけの里線
わかば病院,前橋市,西循環
保古里,高崎市,倉渕線
一ツ橋,（株）群馬バス,間野〜里見小線
菅谷三社免,高崎市,こうづけ国分寺線
菅谷三社免,前橋市,土屋文明文学館線
静和幼稚園前,日本中央バス（株）,"南33-2　広瀬線　［2405］, 南31　広瀬線　［2419］, 南33-2　広瀬線　［2401］, 南33-1　広瀬線　［2403］, 南33-1　広瀬線　［2407］, 南33-3　広瀬線　［2425・2426］, 庁39-3　広瀬線　［2424］, 庁39-1　広瀬線　［2404］, 庁39-2　広瀬線　［2402］, 庁39-1　広瀬線　［2408］, 庁39-2　広瀬線　［2406］, 庁32　広瀬線　［2420］"
静和幼稚園前,関越交通（株）,"赤城山線：前橋〜富士見〜赤城山, 赤城青年の家循環線, 前橋公園線"
静和幼稚園前,前橋市,"南循環線, 西循環, 土屋文明文学館線"
滝川橋,前橋市,西循環
滝川橋,（株）上信観光バス,高崎駅〜前橋駅・中央前橋駅
滝川橋,群馬中央バス（株）,前橋駅前〜芝塚〜高崎駅前線
けやきウォーク前橋北,日本中央バス（株）,"南33-2　広瀬線　［2405］, 南31　広瀬線　［2419］, 南33-2　広瀬線　［2401］, 南33-1　広瀬線　［2403］, 南33-1　広瀬線　［2407］, 南33-3　広瀬線　［2425・2426］, 庁39-3　広瀬線　［2424］, 庁39-1　広瀬線　［2404］, 庁39-2　広瀬線　［2402］, 庁39-1　広瀬線　［2408］, 庁39-2　広瀬線　［2406］, 庁32　広瀬線　［2420］"
平成大橋西詰,日本中央バス（株）,"川曲線　［6281］, 川曲線　［6282］"
文京町四つ角,日本中央バス（株）,"南30　広瀬線　［2411］, 南32　広瀬線　［2421］, 庁38　広瀬線　［2422］, 庁35-2　広瀬線　［2410］"
天川小学校入口,日本中央バス（株）,"南33-2　広瀬線　［2405］, 南31　広瀬線　［2419］, 南33-2　広瀬線　［2401］, 南33-1　広瀬線　［2403］, 南33-1　広瀬線　［2407］, 南33-3　広瀬線　［2425・2426］, 庁39-3　広瀬線　［2424］, 庁39-1　広瀬線　［2404］, 庁39-2　広瀬線　［2402］, 庁39-1　広瀬線　［2408］, 庁39-2　広瀬線　［2406］, 庁32　広瀬線　［2420］"
わかば病院前,日本中央バス（株）,"川曲線　［6281］, 川曲線　［6282］"
赤堀支所前,伊勢崎市,"赤堀シャトルバス, 波志江・赤堀・あずま連絡バス"
新田住民センター前,高崎市,宮沢白岩線
発電所前,（株）群馬バス,間野〜里見小線
文京町四つ角西,日本中央バス（株）,"南33-2　広瀬線　［2405］, 南31　広瀬線　［2419］, 南33-2　広瀬線　［2401］, 南33-1　広瀬線　［2403］, 南33-1　広瀬線　［2407］, 南33-3　広瀬線　［2425・2426］, 庁39-3　広瀬線　［2424］, 庁39-1　広瀬線　［2404］, 庁39-2　広瀬線　［2402］, 庁39-1　広瀬線　［2408］, 庁39-2　広瀬線　［2406］, 庁32　広瀬線　［2420］"
矢ヶ沢,（株）群馬バス,間野〜里見小線
梁場入口,（株）群馬バス,間野〜里見小線
JA直売所前,前橋市,土屋文明文学館線
社会福祉総合センター前,日本中央バス（株）,"川曲線　［6281］, 川曲線　［6282］"
菅谷,前橋市,土屋文明文学館線
鎧橋,（株）群馬バス,間野〜里見小線
保渡田町南,高崎市,かみつけの里線
かみつけの里博物館前,高崎市,かみつけの里線
春日神社前,高崎市,倉渕線
県勤労福祉センター入口,永井運輸（株）,東大室線
高浜北原,高崎市,宮沢白岩線
フォリオ赤堀,伊勢崎市,波志江・赤堀・あずま連絡バス
広沢中学校裏,桐生市,広沢線
野中町十字路,永井運輸（株）,前橋大島駅線
滝の宮神社前,前橋市,土屋文明文学館線
一中南,前橋市,南循環線
秋葉前,（株）群馬バス,高崎〜井出〜榛東村役場線
城南運動公園,日本中央バス（株）,"東31　西大室線　［4201］, 庁33　西大室線　［4202］, 東32　西大室線　［4203］, 庁34　西大室線　［4204］, 東33　西大室線　［4205］, 庁33　西大室線　［4206］, 東35　西大室線　［4207］, 庁34　西大室線　［4208］, 東31　西大室線　［4209・4210］, 東32　西大室線　［4211・4212］, 東33　西大室線　［4213・4214］, 東34　西大室線　［4215・4216］"
榛名中学校入口,高崎市,"宮沢白岩線, 斉渡中北線"
太陽誘電入口,高崎市,"宮沢白岩線, 斉渡中北線"
太陽誘電入口,（株）群馬バス,"権田〜里見〜高崎線, 高崎〜岩氷〜権田線, 高崎〜里見〜室田線, 権田線, 間野〜里見小線"
棟高東,（株）群馬バス,"高崎〜イオン〜榛東村役場線, 高崎〜イオンモール高崎線"
棟高東,前橋市,土屋文明文学館線
けやきウォーク,前橋市,西循環
五中東,前橋市,東循環
けやきウォーク前橋,関越交通（株）,"赤城山線：前橋〜富士見〜赤城山, 赤城青年の家循環線, 前橋公園線"
けやきウォーク前橋,前橋市,土屋文明文学館線
手長,（株）群馬バス,"高崎〜本郷〜室田線, 高崎〜本郷〜榛名湖線"
けやきウォーク前橋東,前橋市,東循環
下芝研修センター入口,高崎市,白川線
勢多会館北,前橋市,南循環線
境野町七丁目,桐生市,境野線
南町四丁目,永井運輸（株）,"南52　新町玉村線, 庁52　新町玉村線, 南56　下川団地線, 庁56　下川団地線"
群銀前橋駅南支店前,前橋市,南循環線
市民文化会館南,前橋市,南循環線
新前橋駅,日本中央バス（株）,"川曲線　［6281］, 川曲線　［6282］, 川曲線　［6283・6284］, 川曲線（急行）　［6285・6286］"
新前橋駅,（株）上信観光バス,高崎駅〜前橋駅・中央前橋駅
新前橋駅,前橋市,西循環
新前橋駅,群馬中央バス（株）,前橋駅前〜芝塚〜高崎駅前線
保渡田市営住宅入口,高崎市,かみつけの里線
盲学校北,前橋市,南循環線
東保育園前,日本中央バス（株）,"南30　広瀬線　［2411］, 南33-2　広瀬線　［2405］, 南31　広瀬線　［2419］, 南33-2　広瀬線　［2401］, 南33-1　広瀬線　［2403］, 南33-1　広瀬線　［2407］, 南32　広瀬線　［2421］, 南33-3　広瀬線　［2425・2426］, 庁38　広瀬線　［2422］, 庁39-3　広瀬線　［2424］, 庁39-1　広瀬線　［2404］, 庁39-2　広瀬線　［2402］, 庁39-1　広瀬線　［2408］, 庁39-2　広瀬線　［2406］, 庁35-2　広瀬線　［2410］, 庁32　広瀬線　［2420］"
白岩南,高崎市,宮沢白岩線
古市町一丁目,前橋市,西循環
かみつけの里博物館前,前橋市,土屋文明文学館線
棟高南,前橋市,土屋文明文学館線
野中町,永井運輸（株）,東大室線
群馬高専前,高崎市,大八木線
神山上宿,（株）群馬バス,"権田〜里見〜高崎線, 高崎〜岩氷〜権田線, 高崎〜里見〜室田線, 権田線, 間野〜里見小線"
神山上宿,高崎市,"宮沢白岩線, 斉渡中北線"
鳥羽町東,高崎市,大八木線
文京三自治会館,前橋市,東循環
菅谷公民館入口,高崎市,こうづけ国分寺線
青木,（株）群馬バス,"高崎〜水沢〜伊香保線, 高崎〜浜川〜箕郷営業所線"
青木,高崎市,白川線
間野谷町西,伊勢崎市,波志江・赤堀・あずま連絡バス
三ツ寺,関越交通（株）,高崎線：渋川駅〜高崎
三ツ寺,高崎市,"こうづけ国分寺線, かみつけの里線"
三ツ寺,前橋市,土屋文明文学館線
けやきウォーク前橋前,（株）群馬バス,前橋駅〜日赤病院線
鳥羽町,高崎市,大八木線
前商東,永井運輸（株）,"南56　下川団地線, 庁56　下川団地線"
前橋東高校入口,日本中央バス（株）,"高崎駅〜大胡駅線　［5452］, 高崎駅〜大胡駅線　［5453］, 高崎駅〜大胡駅線　［5454］, 高崎駅〜大胡駅線　［5461・5462］, 高崎駅〜大胡駅線　［5463］, 高崎駅〜大胡駅線　［5464］"
前商前,永井運輸（株）,"南56　下川団地線, 庁56　下川団地線"
消防南分署前,桐生市,境野線
鳥羽町,群馬中央バス（株）,群大病院〜高崎駅前線
内山,高崎市,宮沢白岩線
新前橋駅入口,群馬中央バス（株）,前橋駅前〜芝塚〜高崎駅前線
南町二丁目,前橋市,南循環線
三ツ寺西,前橋市,土屋文明文学館線
生涯学習センター前,前橋市,東循環
前商入口,永井運輸（株）,"南52　新町玉村線, 庁52　新町玉村線"
アニバーサリーコートラシーネ,日本中央バス（株）,"川曲線　［6281］, 川曲線　［6282］, 川曲線　［6283・6284］, 川曲線（急行）　［6285・6286］"
アニバーサリーコートラシーネ,（株）上信観光バス,高崎駅〜前橋駅・中央前橋駅
文京町二丁目,前橋市,東循環
けやきウォーク南,永井運輸（株）,"南56　下川団地線, 庁56　下川団地線"
けやきウォーク南,前橋市,西循環
広沢町五丁目,桐生市,広沢線
神山下宿,（株）群馬バス,"権田〜里見〜高崎線, 高崎〜岩氷〜権田線, 高崎〜里見〜室田線, 権田線, 間野〜里見小線"
神山下宿,高崎市,"宮沢白岩線, 斉渡中北線"
井出上宿,（株）群馬バス,高崎〜井出〜榛東村役場線
井出上宿,高崎市,かみつけの里線
高浜東部北,高崎市,宮沢白岩線
浜川貯水池前,高崎市,"白川線, 大八木線"
井堤神社入口,前橋市,土屋文明文学館線
下芝区,高崎市,白川線
はるなふれあいの郷前,高崎市,"榛名線, 倉渕線, 宮沢白岩線, 斉渡中北線"
小相木北,（株）上信観光バス,高崎駅〜前橋駅・中央前橋駅
文京町郵便局前,日本中央バス（株）,"南30　広瀬線　［2411］, 南33-2　広瀬線　［2405］, 南31　広瀬線　［2419］, 南33-2　広瀬線　［2401］, 南33-1　広瀬線　［2403］, 南33-1　広瀬線　［2407］, 南32　広瀬線　［2421］, 南33-3　広瀬線　［2425・2426］, 庁38　広瀬線　［2422］, 庁39-3　広瀬線　［2424］, 庁39-1　広瀬線　［2404］, 庁39-2　広瀬線　［2402］, 庁39-1　広瀬線　［2408］, 庁39-2　広瀬線　［2406］, 庁35-2　広瀬線　［2410］, 庁32　広瀬線　［2420］"
赤堀郵便局前,伊勢崎市,赤堀シャトルバス
フェリカ専門学校南,前橋市,南循環線
東大室,永井運輸（株）,東大室線
生川,前橋市,西循環
前橋商業高校前,前橋市,西循環
天川原町,永井運輸（株）,"南56　下川団地線, 庁56　下川団地線"
県勤労福祉センター東,永井運輸（株）,前橋大島駅線
生涯学習センター前,（株）群馬バス,前橋駅〜日赤病院線
生涯学習センター前,永井運輸（株）,"南56　下川団地線, 庁56　下川団地線"
文書館入口,永井運輸（株）,"南56　下川団地線, 庁56　下川団地線"
上長磯町,永井運輸（株）,東大室線
下手長,（株）群馬バス,"高崎〜本郷〜室田線, 高崎〜本郷〜榛名湖線"
南中前,前橋市,土屋文明文学館線
エコール入口,（株）群馬バス,"権田〜里見〜高崎線, 高崎〜岩氷〜権田線, 高崎〜里見〜室田線, 権田線, 間野〜里見小線"
エコール入口,高崎市,"宮沢白岩線, 斉渡中北線"
下芝,（株）群馬バス,"高崎〜沖白川橋〜箕郷線, 箕郷〜貸切バスセンター線"
小相木町北,前橋市,西循環
南町二丁目,前橋市,西循環
榛名ドライブイン前,高崎市,"榛名線, 倉渕線"
広沢町五丁目集会所前,桐生市,広沢線
城南小入口,永井運輸（株）,"南52　新町玉村線, 庁52　新町玉村線"
浜川第二公民館,高崎市,"白川線, 大八木線"
白川山口,高崎市,"白川線, 生原線"
古市町南,日本中央バス（株）,"川曲線　［6281］, 川曲線　［6282］, 川曲線　［6283・6284］, 川曲線（急行）　［6285・6286］"
二子山幼稚園,日本中央バス（株）,"南30　広瀬線　［2411］, 南33-2　広瀬線　［2405］, 南31　広瀬線　［2419］, 南33-2　広瀬線　［2401］, 南33-1　広瀬線　［2403］, 南33-1　広瀬線　［2407］, 南32　広瀬線　［2421］, 南33-3　広瀬線　［2425・2426］, 庁38　広瀬線　［2422］, 庁39-3　広瀬線　［2424］, 庁39-1　広瀬線　［2404］, 庁39-2　広瀬線　［2402］, 庁39-1　広瀬線　［2408］, 庁39-2　広瀬線　［2406］, 庁35-2　広瀬線　［2410］, 庁32　広瀬線　［2420］"
正観寺町東,高崎市,大八木線
久留馬選果場前,高崎市,宮沢白岩線
聾学校入口,前橋市,東循環
井出東,前橋市,土屋文明文学館線
井出東,高崎市,大八木線
フォレストモール新前橋,群馬中央バス（株）,前橋駅前〜芝塚〜高崎駅前線
中尾町,群馬中央バス（株）,群大病院〜高崎駅前線
せせらぎ病院,伊勢崎市,波志江・赤堀・あずま連絡バス
二子山団地,永井運輸（株）,"南56　下川団地線, 庁56　下川団地線"
天川原一自治会館入口,前橋市,東循環
中央群馬脳神経外科病院,高崎市,大八木線
正観寺町,高崎市,大八木線
里見局前（里見小学校）,（株）群馬バス,"権田〜里見〜高崎線, 高崎〜岩氷〜権田線, 高崎〜里見〜室田線, 権田線, 間野〜里見小線"
里見局前,高崎市,宮沢白岩線
菅谷町南,高崎市,"こうづけ国分寺線, 大八木線"
エコール,高崎市,"宮沢白岩線, 斉渡中北線"
井出十字路,（株）群馬バス,高崎〜井出〜榛東村役場線
井出十字路,高崎市,かみつけの里線
マタイ紙工前,（株）群馬バス,"高崎〜本郷〜室田線, 高崎〜本郷〜榛名湖線"
城南工業団地入口,永井運輸（株）,東大室線
六供八幡前,永井運輸（株）,"南52　新町玉村線, 庁52　新町玉村線"
井出町西,高崎市,大八木線
井出西,前橋市,土屋文明文学館線
木工団地,永井運輸（株）,前橋大島駅線
南部大橋西詰,前橋市,西循環
楽間団地入口,（株）群馬バス,"高崎〜水沢〜伊香保線, 高崎〜浜川〜箕郷営業所線"
楽間団地入口,高崎市,白川線
女屋町,永井運輸（株）,東大室線
群馬南中学校前,高崎市,大八木線
中泉,高崎市,"こうづけ国分寺線, かみつけの里線"
中泉,関越交通（株）,高崎線：渋川駅〜高崎
八坂神社前,伊勢崎市,赤堀シャトルバス
小島田十字路,日本中央バス（株）,"高崎駅〜大胡駅線　［5452］, 高崎駅〜大胡駅線　［5453］, 高崎駅〜大胡駅線　［5454］, 高崎駅〜大胡駅線　［5461・5462］, 高崎駅〜大胡駅線　［5463］, 高崎駅〜大胡駅線　［5464］"
庚申橋,高崎市,"白川線, 大八木線"
とりせん群馬町店前,高崎市,大八木線
行力町,高崎市,白川線
広沢町六丁目,桐生市,広沢線
飯土井町,永井運輸（株）,東大室線
東公民館,前橋市,西循環
中里見交流館前,高崎市,"榛名線, 倉渕線"
江田,群馬中央バス（株）,前橋駅前〜芝塚〜高崎駅前線
けやき公園入口,高崎市,"かみつけの里線, 大八木線"
群バス貸切バスセンター前,（株）群馬バス,"高崎〜沖白川橋〜箕郷線, 箕郷〜貸切バスセンター線"
高浜郵便局前,高崎市,宮沢白岩線
里光集会所前,（株）群馬バス,"権田〜里見〜高崎線, 高崎〜岩氷〜権田線, 高崎〜里見〜室田線, 権田線"
里光集会所前,高崎市,宮沢白岩線
神戸,（株）群馬バス,"高崎〜本郷〜室田線, 高崎〜本郷〜榛名湖線"
六供天神公園,前橋市,東循環
小相木,（株）上信観光バス,高崎駅〜前橋駅・中央前橋駅
バラ公園入口,永井運輸（株）,"南56　下川団地線, 庁56　下川団地線"
東保育所前,前橋市,西循環
天川変電所前,前橋市,東循環
箱田町北,日本中央バス（株）,"川曲線　［6281］, 川曲線　［6282］, 川曲線　［6283・6284］, 川曲線（急行）　［6285・6286］"
光が丘団地,前橋市,西循環
松原橋,桐生市,境野線
石塚古墳南,（株）群馬バス,"高崎〜イオン〜榛東村役場線, 高崎〜イオンモール高崎線"
朝倉町二丁目,（株）群馬バス,前橋駅〜日赤病院線
県央病院前,高崎市,"こうづけ国分寺線, 大八木線"
小相木町,前橋市,西循環
天川原町南,前橋市,東循環
ユートピア広沢,桐生市,"境野線, 広沢線"
前橋東高校入口,永井運輸（株）,東大室線
桜山小学校入口,高崎市,"こうづけ国分寺線, 大八木線"
高崎北高校前,高崎市,大八木線
県営住宅入口,日本中央バス（株）,"南30　広瀬線　［2411］, 南33-1　広瀬線　［2403］, 南33-1　広瀬線　［2407］, 南32　広瀬線　［2421］, 南33-3　広瀬線　［2425・2426］, 庁38　広瀬線　［2422］, 庁39-3　広瀬線　［2424］, 庁39-1　広瀬線　［2404］, 庁39-1　広瀬線　［2408］"
朝倉町2丁目,日本中央バス（株）,"南30　広瀬線　［2411］, 南33-2　広瀬線　［2405］, 南31　広瀬線　［2419］, 南33-2　広瀬線　［2401］, 南33-1　広瀬線　［2403］, 南33-1　広瀬線　［2407］, 南32　広瀬線　［2421］, 南33-3　広瀬線　［2425・2426］, 庁38　広瀬線　［2422］, 庁39-3　広瀬線　［2424］, 庁39-1　広瀬線　［2404］, 庁39-2　広瀬線　［2402］, 庁39-1　広瀬線　［2408］, 庁39-2　広瀬線　［2406］, 庁35-2　広瀬線　［2410］, 庁32　広瀬線　［2420］"
今井・南原,伊勢崎市,波志江・赤堀・あずま連絡バス
朝倉団地,日本中央バス（株）,"南30　広瀬線　［2411］, 南33-1　広瀬線　［2403］, 南33-1　広瀬線　［2407］, 南32　広瀬線　［2421］, 南33-3　広瀬線　［2425・2426］, 庁38　広瀬線　［2422］, 庁39-3　広瀬線　［2424］, 庁39-1　広瀬線　［2404］, 庁39-1　広瀬線　［2408］"
前橋大島駅,永井運輸（株）,前橋大島駅線
前橋大島駅,群馬中央バス（株）,伊勢崎市民病院北〜日赤病院線
大島公園前,永井運輸（株）,前橋大島駅線
協立病院前,永井運輸（株）,"南56　下川団地線, 庁56　下川団地線"
協立病院前,前橋市,東循環
今井町,永井運輸（株）,東大室線
箱田町南,日本中央バス（株）,"川曲線　［6281］, 川曲線　［6282］, 川曲線　［6283・6284］, 川曲線（急行）　［6285・6286］"
箱田町南,前橋市,西循環
榛名パワーセンター前,高崎市,"榛名線, 倉渕線"
群馬循環器病院,高崎市,大八木線
旧桐生温泉前,桐生市,"境野線, 広沢線"
パワーセンター前,高崎市,宮沢白岩線
二之宮町,永井運輸（株）,東大室線
前中尾,群馬中央バス（株）,群大病院〜高崎駅前線
行力入口,（株）群馬バス,"高崎〜水沢〜伊香保線, 高崎〜浜川〜箕郷営業所線"
中泉団地南,高崎市,"こうづけ国分寺線, 大八木線"
浜川町東,高崎市,大八木線
坂上,高崎市,宮沢白岩線
六供町,永井運輸（株）,"南52　新町玉村線, 庁52　新町玉村線"
ハローワーク前橋前,群馬中央バス（株）,伊勢崎市民病院北〜日赤病院線
御蔵橋,永井運輸（株）,東大室線
染谷橋,群馬中央バス（株）,前橋駅前〜芝塚〜高崎駅前線
東箱田後家町公民館,前橋市,西循環
福島町西,高崎市,かみつけの里線
二之宮町神社裏,永井運輸（株）,東大室線
井出下宿,（株）群馬バス,高崎〜井出〜榛東村役場線
井出下宿,高崎市,かみつけの里線
城南支所前,永井運輸（株）,東大室線
中里見,（株）群馬バス,"権田〜里見〜高崎線, 高崎〜岩氷〜権田線, 高崎〜里見〜室田線, 権田線"
中里見,高崎市,宮沢白岩線
育英高校,前橋市,西循環
育英高校,（株）上信観光バス,高崎駅〜前橋駅・中央前橋駅
朝倉町3丁目,日本中央バス（株）,"南33-2　広瀬線　［2405］, 南31　広瀬線　［2419］, 南33-2　広瀬線　［2401］, 庁39-2　広瀬線　［2402］, 庁39-2　広瀬線　［2406］, 庁35-2　広瀬線　［2410］, 庁32　広瀬線　［2420］"
総合運動公園入口,永井運輸（株）,東大室線
六供東,永井運輸（株）,"南56　下川団地線, 庁56　下川団地線"
松原橋入口,桐生市,広沢線
楽間入口,（株）群馬バス,高崎〜沖白川橋〜箕郷線
楽間入口,高崎市,白川線
箱田新橋入口,日本中央バス（株）,"川曲線　［6281］, 川曲線　［6282］, 川曲線　［6283・6284］, 川曲線（急行）　［6285・6286］"
若宮上,日本中央バス（株）,"南30　広瀬線　［2411］, 南33-1　広瀬線　［2403］, 南33-1　広瀬線　［2407］, 南32　広瀬線　［2421］, 南33-3　広瀬線　［2425・2426］, 庁38　広瀬線　［2422］, 庁39-3　広瀬線　［2424］, 庁39-1　広瀬線　［2404］, 庁39-1　広瀬線　［2408］"
白川団地,高崎市,"白川線, 生原線"
市場,伊勢崎市,赤堀シャトルバス
鳥井沢,（株）群馬バス,"高崎〜本郷〜室田線, 高崎〜本郷〜榛名湖線"
鳥井沢,高崎市,"榛名線, 宮沢白岩線"
ドドメキ,（株）群馬バス,"高崎〜本郷〜室田線, 高崎〜本郷〜榛名湖線"
浜川住宅団地入口,高崎市,大八木線
わかば小前,日本中央バス（株）,"南33-2　広瀬線　［2405］, 南31　広瀬線　［2419］, 南33-2　広瀬線　［2401］, 庁39-2　広瀬線　［2402］, 庁39-2　広瀬線　［2406］, 庁35-2　広瀬線　［2410］, 庁32　広瀬線　［2420］"
わかば小前,群馬中央バス（株）,伊勢崎市民病院北〜日赤病院線
佐倉,桐生市,"境野線, 広沢線"
久留馬小学校入口,（株）群馬バス,"高崎〜本郷〜室田線, 高崎〜本郷〜榛名湖線"
久留馬小学校入口,高崎市,榛名線
藤棚,（株）群馬バス,"権田〜里見〜高崎線, 高崎〜岩氷〜権田線, 高崎〜里見〜室田線, 権田線"
藤棚,高崎市,宮沢白岩線
済生会病院,前橋市,西循環
済生会前橋病院,（株）上信観光バス,高崎駅〜前橋駅・中央前橋駅
花しょうぶ園入口,伊勢崎市,波志江・赤堀・あずま連絡バス
プレイランド日高,群馬中央バス（株）,前橋駅前〜芝塚〜高崎駅前線
ひかりヶ丘団地北,高崎市,かみつけの里線
福島,関越交通（株）,高崎線：渋川駅〜高崎
六供南,永井運輸（株）,"南52　新町玉村線, 庁52　新町玉村線"
八幡山,日本中央バス（株）,"南30　広瀬線　［2411］, 南33-2　広瀬線　［2405］, 南31　広瀬線　［2419］, 南33-2　広瀬線　［2401］, 南33-1　広瀬線　［2403］, 南33-1　広瀬線　［2407］, 南32　広瀬線　［2421］, 南33-3　広瀬線　［2425・2426］, 庁38　広瀬線　［2422］, 庁39-3　広瀬線　［2424］, 庁39-1　広瀬線　［2404］, 庁39-2　広瀬線　［2402］, 庁39-1　広瀬線　［2408］, 庁39-2　広瀬線　［2406］, 庁35-2　広瀬線　［2410］, 庁32　広瀬線　［2420］"
東小学校,前橋市,西循環
小八木,群馬中央バス（株）,群大病院〜高崎駅前線
公民館入口,日本中央バス（株）,"川曲線　［6281］, 川曲線　［6282］, 川曲線　［6283・6284］, 川曲線（急行）　［6285・6286］"
東国定会議所,伊勢崎市,波志江・赤堀・あずま連絡バス
ひかりヶ丘団地前,（株）群馬バス,高崎〜井出〜榛東村役場線
広沢ドコモショップ前,桐生市,"境野線, 広沢線"
細谷医院前,（株）群馬バス,"高崎〜本郷〜室田線, 高崎〜本郷〜榛名湖線"
細谷医院前,高崎市,榛名線
高浜長信寺前,（株）群馬バス,"高崎〜本郷〜室田線, 高崎〜本郷〜榛名湖線"
高浜団地入口,（株）群馬バス,"高崎〜本郷〜室田線, 高崎〜本郷〜榛名湖線"
上佐鳥北,永井運輸（株）,"南56　下川団地線, 庁56　下川団地線"
白川入口,（株）群馬バス,高崎〜沖白川橋〜箕郷線
中川原,高崎市,宮沢白岩線
天川大島,群馬中央バス（株）,伊勢崎市民病院北〜日赤病院線
日高,群馬中央バス（株）,前橋駅前〜芝塚〜高崎駅前線
市民体育館入口,永井運輸（株）,"南52　新町玉村線, 庁52　新町玉村線"
根岸,（株）群馬バス,"権田〜里見〜高崎線, 高崎〜岩氷〜権田線, 高崎〜里見〜室田線, 権田線"
根岸,高崎市,宮沢白岩線
浜川十字路,（株）群馬バス,"高崎〜水沢〜伊香保線, 高崎〜浜川〜箕郷営業所線"
浜川十字路,高崎市,高経大線
しろがね学園前,伊勢崎市,波志江・赤堀・あずま連絡バス
大利根団地北,前橋市,西循環
天神山,日本中央バス（株）,"南30　広瀬線　［2411］, 南33-2　広瀬線　［2405］, 南31　広瀬線　［2419］, 南33-2　広瀬線　［2401］, 南33-1　広瀬線　［2403］, 南33-1　広瀬線　［2407］, 南32　広瀬線　［2421］, 南33-3　広瀬線　［2425・2426］, 庁38　広瀬線　［2422］, 庁39-3　広瀬線　［2424］, 庁39-1　広瀬線　［2404］, 庁39-2　広瀬線　［2402］, 庁39-1　広瀬線　［2408］, 庁39-2　広瀬線　［2406］, 庁35-2　広瀬線　［2410］, 庁32　広瀬線　［2420］"
広沢町七丁目,桐生市,広沢線
上新田郵便局,（株）上信観光バス,高崎駅〜前橋駅・中央前橋駅
県立リハビリセンター,伊勢崎市,波志江・赤堀・あずま連絡バス
ベイシア前,高崎市,倉渕線
浜川体育館,高崎市,大八木線
長野小学校前,高崎市,高経大線
前箱田団地,日本中央バス（株）,"川曲線　［6281］, 川曲線　［6282］, 川曲線　［6283・6284］, 川曲線（急行）　［6285・6286］"
中尾町,高崎市,大八木線
笂井,日本中央バス（株）,"高崎駅〜大胡駅線　［5452］, 高崎駅〜大胡駅線　［5453］, 高崎駅〜大胡駅線　［5454］, 高崎駅〜大胡駅線　［5461・5462］, 高崎駅〜大胡駅線　［5463］, 高崎駅〜大胡駅線　［5464］"
下原,伊勢崎市,赤堀シャトルバス
大八木工業団地東口,（株）群馬バス,"高崎〜イオン〜榛東村役場線, 高崎〜イオンモール高崎線"
北村,高崎市,"榛名線, 宮沢白岩線"
下触町南,伊勢崎市,波志江・赤堀・あずま連絡バス
あずま福祉作業所南,伊勢崎市,"あずま・境連絡バス, 波志江・赤堀・あずま連絡バス"
大利根中央公園,前橋市,西循環
前橋工科大前,永井運輸（株）,"南52　新町玉村線, 庁52　新町玉村線, 南56　下川団地線, 庁56　下川団地線, （臨時）新町玉村線"
ふるしま医院前,高崎市,"榛名線, 宮沢白岩線"
西国定会議所,伊勢崎市,"あずま・境連絡バス, 波志江・赤堀・あずま連絡バス"
南新波団地前,高崎市,高経大線
日高病院,高崎市,大八木線
日高病院,群馬中央バス（株）,前橋駅前〜芝塚〜高崎駅前線
国定町一丁目,伊勢崎市,"あずま・境連絡バス, 波志江・赤堀・あずま連絡バス"
上毛病院前,群馬中央バス（株）,伊勢崎市民病院北〜日赤病院線
菊地町,高崎市,高経大線
浜川,（株）群馬バス,"高崎〜水沢〜伊香保線, 高崎〜浜川〜箕郷営業所線"
飯玉,日本中央バス（株）,"南30　広瀬線　［2411］, 南33-2　広瀬線　［2405］, 南31　広瀬線　［2419］, 南33-2　広瀬線　［2401］, 南33-1　広瀬線　［2403］, 南33-1　広瀬線　［2407］, 南32　広瀬線　［2421］, 南33-3　広瀬線　［2425・2426］, 庁38　広瀬線　［2422］, 庁39-3　広瀬線　［2424］, 庁39-1　広瀬線　［2404］, 庁39-2　広瀬線　［2402］, 庁39-1　広瀬線　［2408］, 庁39-2　広瀬線　［2406］, 庁35-2　広瀬線　［2410］, 庁32　広瀬線　［2420］"
本郷保育園前,高崎市,榛名線
岐島屋前,（株）群馬バス,"高崎〜本郷〜室田線, 高崎〜本郷〜榛名湖線"
安中榛名駅,安中市,"安中榛名駅・安中市役所線, 安中榛名駅・磯部駅線, 秋間中関・碓氷病院線"
箱田中前,日本中央バス（株）,"川曲線　［6281］, 川曲線　［6282］, 川曲線　［6283・6284］, 川曲線（急行）　［6285・6286］"
下大島,群馬中央バス（株）,伊勢崎市民病院北〜日赤病院線
中尾中入口,群馬中央バス（株）,前橋駅前〜芝塚〜高崎駅前線
下里見,（株）群馬バス,"権田〜里見〜高崎線, 高崎〜岩氷〜権田線, 高崎〜里見〜室田線, 権田線"
下里見,高崎市,宮沢白岩線
工業団地入口,関越交通（株）,高崎線：渋川駅〜高崎
上佐鳥町,永井運輸（株）,"南52　新町玉村線, 庁52　新町玉村線, 南56　下川団地線, 庁56　下川団地線"
高経大附属高校前,高崎市,大八木線
中尾団地,高崎市,大八木線
前箱田町南,日本中央バス（株）,"川曲線　［6281］, 川曲線　［6282］, 川曲線　［6283・6284］"
大利根町西,前橋市,西循環
大利根ショッピングセンター,前橋市,西循環
下新田入口,前橋市,西循環
下新田入口,（株）上信観光バス,高崎駅〜前橋駅・中央前橋駅
経大附属高校前,（株）群馬バス,経大附属高校線
堀下,伊勢崎市,赤堀シャトルバス
上小塙,（株）群馬バス,"高崎〜水沢〜伊香保線, 高崎〜浜川〜箕郷営業所線"
秋間中関,安中市,秋間中関・碓氷病院線
群銀広瀬支店前,日本中央バス（株）,"南30　広瀬線　［2411］, 南33-2　広瀬線　［2405］, 南31　広瀬線　［2419］, 南33-2　広瀬線　［2401］, 南33-1　広瀬線　［2403］, 南33-1　広瀬線　［2407］, 南32　広瀬線　［2421］, 南33-3　広瀬線　［2425・2426］, 庁38　広瀬線　［2422］, 庁39-3　広瀬線　［2424］, 庁39-1　広瀬線　［2404］, 庁39-2　広瀬線　［2402］, 庁39-1　広瀬線　［2408］, 庁39-2　広瀬線　［2406］, 庁35-2　広瀬線　［2410］, 庁32　広瀬線　［2420］"
五目牛町北,伊勢崎市,波志江・赤堀・あずま連絡バス
学校前,前橋市,西循環
学校前（大利根小）,（株）上信観光バス,高崎駅〜前橋駅・中央前橋駅
国定郵便局,伊勢崎市,"あずま・境連絡バス, 波志江・赤堀・あずま連絡バス"
下沖,（株）群馬バス,高崎〜沖白川橋〜箕郷線
小八木町,高崎市,大八木線
ラジエ工業前,（株）群馬バス,高崎〜井出〜榛東村役場線
井野駅北,高崎市,大八木線
ヴィラ群馬中央バス前,群馬中央バス（株）,伊勢崎市民病院北〜日赤病院線
上小塙町,高崎市,高経大線
筑縄入口,（株）群馬バス,"高崎〜水沢〜伊香保線, 高崎〜浜川〜箕郷営業所線"
沖町東,高崎市,高経大線
殿田用水,前橋市,西循環
精神医療センター,伊勢崎市,"あずま・境連絡バス, 波志江・赤堀・あずま連絡バス"
経大附属高校入口,（株）群馬バス,"高崎〜水沢〜伊香保線, 高崎〜浜川〜箕郷営業所線"
鶴巻,日本中央バス（株）,"南30　広瀬線　［2411］, 南33-2　広瀬線　［2405］, 南31　広瀬線　［2419］, 南33-2　広瀬線　［2401］, 南33-1　広瀬線　［2403］, 南33-1　広瀬線　［2407］, 南32　広瀬線　［2421］, 南33-3　広瀬線　［2425・2426］, 庁38　広瀬線　［2422］, 庁39-3　広瀬線　［2424］, 庁39-1　広瀬線　［2404］, 庁39-2　広瀬線　［2402］, 庁39-1　広瀬線　［2408］, 庁39-2　広瀬線　［2406］, 庁35-2　広瀬線　［2410］, 庁32　広瀬線　［2420］"
しゅくはしえ,伊勢崎市,波志江・赤堀・あずま連絡バス
下里見局前,（株）群馬バス,"権田〜里見〜高崎線, 高崎〜岩氷〜権田線, 高崎〜里見〜室田線, 権田線"
五目牛町,伊勢崎市,波志江・赤堀・あずま連絡バス
稲荷新田町北,日本中央バス（株）,"川曲線　［6281］, 川曲線　［6282］, 川曲線　［6283・6284］"
柿平,安中市,後閑柿平・安中駅線
藪塚駅,太田市,西バス系統
国定駅南口,伊勢崎市,"あずま・境連絡バス, 波志江・赤堀・あずま連絡バス"
本郷,（株）群馬バス,"高崎〜本郷〜室田線, 高崎〜本郷〜榛名湖線"
本郷町,高崎市,榛名線
共愛学園前,日本中央バス（株）,"南30　広瀬線　［2411］, 南33-2　広瀬線　［2405］, 南33-2　広瀬線　［2401］, 南33-1　広瀬線　［2403］, 南33-1　広瀬線　［2407］, 庁39-1　広瀬線　［2404］, 庁39-2　広瀬線　［2402］, 庁39-1　広瀬線　［2408］, 庁39-2　広瀬線　［2406］, 庁35-2　広瀬線　［2410］, 高崎駅〜大胡駅線　［5452］, 高崎駅〜大胡駅線　［5453］, 高崎駅〜大胡駅線　［5454］, 高崎駅〜大胡駅線　［5461・5462］, 高崎駅〜大胡駅線　［5463］, 高崎駅〜大胡駅線　［5464］"
藪塚いこいの湯,太田市,西バス系統
大利根団地,前橋市,西循環
大利根団地,（株）上信観光バス,高崎駅〜前橋駅・中央前橋駅
竜貝戸入口,安中市,後閑柿平・安中駅線
大八木団地入口,群馬中央バス（株）,群大病院〜高崎駅前線
沖白川橋,（株）群馬バス,"高崎〜沖白川橋〜箕郷線, 高崎〜本郷〜室田線, 高崎〜本郷〜榛名湖線"
日赤病院,日本中央バス（株）,"南33-2　広瀬線　［2405］, 南31　広瀬線　［2419］, 南33-2　広瀬線　［2401］, 庁39-2　広瀬線　［2402］, 庁39-2　広瀬線　［2406］, 庁35-2　広瀬線　［2410］, 庁32　広瀬線　［2420］, 高崎駅〜大胡駅線　［5453］, 高崎駅〜大胡駅線　［5454］, 高崎駅〜大胡駅線　［5459］, 高崎駅〜大胡駅線　［5460］, 高崎駅〜大胡駅線　［5463］, 高崎駅〜大胡駅線　［5464］"
日赤病院,（株）群馬バス,"高崎駅東口〜日赤病院線, 前橋駅〜日赤病院線"
日赤病院,群馬中央バス（株）,伊勢崎市民病院北〜日赤病院線
めがね橋,ジェイアールバス関東（株）,"長野県横川駅〜軽井沢駅, 長野県横川駅〜めがね橋〜軽井沢"
沖,（株）群馬バス,"高崎〜本郷〜室田線, 高崎〜本郷〜榛名湖線"
沖,高崎市,高経大線
山王入口,群馬中央バス（株）,伊勢崎市民病院北〜日赤病院線
大八木,関越交通（株）,高崎線：渋川駅〜高崎
後閑町入口,永井運輸（株）,"南52　新町玉村線, 庁52　新町玉村線, 南56　下川団地線, 庁56　下川団地線"
井野,群馬中央バス（株）,前橋駅前〜芝塚〜高崎駅前線
家畜保健所前,（株）群馬バス,高崎〜井出〜榛東村役場線
浜尻町北,（株）群馬バス,"高崎〜イオン〜榛東村役場線, 高崎〜イオンモール高崎線"
下新田町南,前橋市,西循環
川曲北,日本中央バス（株）,"川曲線　［6281］, 川曲線　［6282］, 川曲線　［6283・6284］"
広瀬小学校前,日本中央バス（株）,"南30　広瀬線　［2411］, 南33-2　広瀬線　［2405］, 南31　広瀬線　［2419］, 南33-2　広瀬線　［2401］, 南33-1　広瀬線　［2403］, 南33-1　広瀬線　［2407］, 南32　広瀬線　［2421］, 南33-3　広瀬線　［2425・2426］, 庁38　広瀬線　［2422］, 庁39-3　広瀬線　［2424］, 庁39-1　広瀬線　［2404］, 庁39-2　広瀬線　［2402］, 庁39-1　広瀬線　［2408］, 庁39-2　広瀬線　［2406］, 庁35-2　広瀬線　［2410］, 庁32　広瀬線　［2420］"
小鳥住宅前,（株）群馬バス,"高崎〜水沢〜伊香保線, 高崎〜浜川〜箕郷営業所線"
小鳥住宅前,高崎市,大八木線
八丁目,（株）群馬バス,"権田〜里見〜高崎線, 高崎〜岩氷〜権田線, 高崎〜里見〜室田線, 権田線"
上小塙市営住宅前,高崎市,高経大線
五目牛入口,伊勢崎市,赤堀シャトルバス
旧卸売センター,前橋市,西循環
卸売センター,（株）上信観光バス,高崎駅〜前橋駅・中央前橋駅
下新田町公民館,前橋市,西循環
梅林入口,安中市,秋間中関・碓氷病院線
小八木市営住宅団地入口,高崎市,大八木線
田部井上,伊勢崎市,"あずま・境連絡バス, 波志江・赤堀・あずま連絡バス"
藪塚本町行政センター,太田市,西バス系統
群馬医療福祉大学前,日本中央バス（株）,"川曲線　［6281］, 川曲線　［6282］, 川曲線　［6283・6284］, 川曲線（急行）　［6285・6286］"
大利根緑地,前橋市,西循環
熊ノ平駐車場,ジェイアールバス関東（株）,長野県横川駅〜めがね橋〜軽井沢
上郊口,（株）群馬バス,"高崎〜井出〜榛東村役場線, 高崎〜水沢〜伊香保線, 高崎〜浜川〜箕郷営業所線"
我峰神社前,（株）群馬バス,"高崎〜沖白川橋〜箕郷線, 高崎〜本郷〜室田線, 高崎〜本郷〜榛名湖線"
松之木橋,高崎市,7京ヶ島線
中央中等教育学校前,高崎市,7京ヶ島線
川曲町,日本中央バス（株）,"川曲線　［6281］, 川曲線　［6282］, 川曲線　［6283・6284］, 川曲線（急行）　［6285・6286］"
群馬医療福祉大学入口,高崎市,7京ヶ島線
川曲新橋,日本中央バス（株）,"川曲線　［6281］, 川曲線　［6282］, 川曲線　［6283・6284］"
駒形駅北口,日本中央バス（株）,"南30　広瀬線　［2411］, 南33-2　広瀬線　［2405］, 南33-2　広瀬線　［2401］, 南33-1　広瀬線　［2403］, 南33-1　広瀬線　［2407］, 庁39-1　広瀬線　［2404］, 庁39-2　広瀬線　［2402］, 庁39-1　広瀬線　［2408］, 庁39-2　広瀬線　［2406］, 庁35-2　広瀬線　［2410］, 高崎駅〜大胡駅線　［5452］, 高崎駅〜大胡駅線　［5453］, 高崎駅〜大胡駅線　［5454］, 高崎駅〜大胡駅線　［5461・5462］, 高崎駅〜大胡駅線　［5463］, 高崎駅〜大胡駅線　［5464］"
井野駅入口,群馬中央バス（株）,前橋駅前〜芝塚〜高崎駅前線
町屋町,高崎市,"榛名線, 高経大線"
上大島,（株）群馬バス,"権田〜里見〜高崎線, 高崎〜岩氷〜権田線, 高崎〜里見〜室田線, 権田線"
せせらぎの家,安中市,後閑柿平・安中駅線
団地南,日本中央バス（株）,"南30　広瀬線　［2411］, 南33-2　広瀬線　［2405］, 南31　広瀬線　［2419］, 南33-2　広瀬線　［2401］, 南33-1　広瀬線　［2403］, 南33-1　広瀬線　［2407］, 南32　広瀬線　［2421］, 南33-3　広瀬線　［2425・2426］, 庁38　広瀬線　［2422］, 庁39-3　広瀬線　［2424］, 庁39-1　広瀬線　［2404］, 庁39-2　広瀬線　［2402］, 庁39-1　広瀬線　［2408］, 庁39-2　広瀬線　［2406］, 庁35-2　広瀬線　［2410］, 庁32　広瀬線　［2420］"
恵宝沢,安中市,秋間中関・碓氷病院線
変電所前,高崎市,7京ヶ島線
公会堂前,安中市,秋間中関・碓氷病院線
熊ノ平,ジェイアールバス関東（株）,長野県横川駅〜めがね橋〜軽井沢
第二団地,前橋市,西循環
第二団地,（株）上信観光バス,高崎駅〜前橋駅・中央前橋駅
井野町東,高崎市,7京ヶ島線
我峰,（株）群馬バス,"高崎〜沖白川橋〜箕郷線, 高崎〜本郷〜室田線, 高崎〜本郷〜榛名湖線"
くつろぎの郷,ジェイアールバス関東（株）,長野県横川駅〜めがね橋〜軽井沢
秋間団地,安中市,"安中榛名駅・安中市役所線, 秋間中関・碓氷病院線"
田部井西,伊勢崎市,"あずま・境連絡バス, 波志江・赤堀・あずま連絡バス"
秋間小前,安中市,"安中榛名駅・安中市役所線, 安中榛名駅・磯部駅線, 秋間中関・碓氷病院線"
水尾根,安中市,秋間中関・碓氷病院線
朝倉工業団地,日本中央バス（株）,"高崎駅〜大胡駅線　［5453］, 高崎駅〜大胡駅線　［5454］, 高崎駅〜大胡駅線　［5459］, 高崎駅〜大胡駅線　［5460］, 高崎駅〜大胡駅線　［5463］"
下小鳥町西,高崎市,大八木線
池尻,安中市,"安中榛名駅・安中市役所線, 秋間中関・碓氷病院線"
朝倉工業団地,（株）群馬バス,高崎駅東口〜日赤病院線
南高校入口,永井運輸（株）,"南52　新町玉村線, 庁52　新町玉村線, 南56　下川団地線, 庁56　下川団地線"
山王町,日本中央バス（株）,"南30　広瀬線　［2411］, 南33-2　広瀬線　［2405］, 南33-2　広瀬線　［2401］, 南33-1　広瀬線　［2403］, 南33-1　広瀬線　［2407］, 南33-3　広瀬線　［2425・2426］, 庁39-3　広瀬線　［2424］, 庁39-1　広瀬線　［2404］, 庁39-2　広瀬線　［2402］, 庁39-1　広瀬線　［2408］, 庁39-2　広瀬線　［2406］, 庁35-2　広瀬線　［2410］"
大利根第二団地西,前橋市,西循環
JA六郷支店前,高崎市,高経大線
六郷小学校前,高崎市,高経大線
いせさき聖苑,伊勢崎市,波志江・赤堀・あずま連絡バス
大利根第二団地東,前橋市,西循環
小鳥四ツ角,関越交通（株）,高崎線：渋川駅〜高崎
秋間公民館前,安中市,"安中榛名駅・安中市役所線, 秋間中関・碓氷病院線"
下大島中島,（株）群馬バス,"権田〜里見〜高崎線, 高崎〜岩氷〜権田線, 高崎〜里見〜室田線, 権田線"
秋間駐在所,安中市,秋間中関・碓氷病院線
緑町四丁目,（株）群馬バス,"高崎〜イオン〜榛東村役場線, 高崎〜イオンモール高崎線"
かじはら,伊勢崎市,波志江・赤堀・あずま連絡バス
広瀬山王町一丁目,日本中央バス（株）,"南30　広瀬線　［2411］, 南33-2　広瀬線　［2405］, 南31　広瀬線　［2419］, 南33-2　広瀬線　［2401］, 南33-1　広瀬線　［2403］, 南33-1　広瀬線　［2407］, 南32　広瀬線　［2421］, 南33-3　広瀬線　［2425・2426］, 庁38　広瀬線　［2422］, 庁39-3　広瀬線　［2424］, 庁39-1　広瀬線　［2404］, 庁39-2　広瀬線　［2402］, 庁39-1　広瀬線　［2408］, 庁39-2　広瀬線　［2406］, 庁35-2　広瀬線　［2410］, 庁32　広瀬線　［2420］"
広瀬,日本中央バス（株）,"南30　広瀬線　［2411］, 南33-2　広瀬線　［2405］, 南33-2　広瀬線　［2401］, 南33-1　広瀬線　［2403］, 南33-1　広瀬線　［2407］, 南33-3　広瀬線　［2425・2426］, 庁39-3　広瀬線　［2424］, 庁39-1　広瀬線　［2404］, 庁39-2　広瀬線　［2402］, 庁39-1　広瀬線　［2408］, 庁39-2　広瀬線　［2406］, 庁35-2　広瀬線　［2410］"
岡屋敷会館,伊勢崎市,波志江・赤堀・あずま連絡バス
緑町三丁目,（株）群馬バス,経大附属高校線
前橋南高校入口,（株）群馬バス,高崎駅東口〜日赤病院線
東貝沢町四丁目,高崎市,7京ヶ島線
下小鳥,（株）群馬バス,"高崎〜井出〜榛東村役場線, 高崎〜水沢〜伊香保線, 高崎〜浜川〜箕郷営業所線"
新井団地西,（株）群馬バス,"高崎〜沖白川橋〜箕郷線, 高崎〜本郷〜室田線, 高崎〜本郷〜榛名湖線"
前橋南高校前,日本中央バス（株）,"高崎駅〜大胡駅線　［5453］, 高崎駅〜大胡駅線　［5454］, 高崎駅〜大胡駅線　［5459］, 高崎駅〜大胡駅線　［5460］, 高崎駅〜大胡駅線　［5463］"
六郷長寿センター前,高崎市,高経大線
受地,安中市,秋間中関・碓氷病院線
伊豆村,安中市,秋間中関・碓氷病院線
下佐鳥町北,日本中央バス（株）,"高崎駅〜大胡駅線　［5453］, 高崎駅〜大胡駅線　［5459］, 高崎駅〜大胡駅線　［5463］"
井野川橋,群馬中央バス（株）,前橋駅前〜芝塚〜高崎駅前線
新井,（株）群馬バス,"高崎〜沖白川橋〜箕郷線, 高崎〜本郷〜室田線, 高崎〜本郷〜榛名湖線"
下大島,（株）群馬バス,"権田〜里見〜高崎線, 高崎〜岩氷〜権田線, 高崎〜里見〜室田線, 権田線"
金井淵団地中央,高崎市,"榛名線, 高経大線"
浜尻小学校入口,高崎市,大八木線
坂本宿,ジェイアールバス関東（株）,長野県横川駅〜めがね橋〜軽井沢
下小鳥町,高崎市,大八木線
大沢町,高崎市,7京ヶ島線
小鳥,関越交通（株）,高崎線：渋川駅〜高崎
下大島町,高崎市,少林山線
萩原町中央公園前,高崎市,7京ヶ島線
道城,安中市,"安中榛名駅・安中市役所線, 秋間中関・碓氷病院線"
波志江駐在所,伊勢崎市,波志江・赤堀・あずま連絡バス
山王病院前,日本中央バス（株）,"南30　広瀬線　［2411］, 南33-2　広瀬線　［2405］, 南33-2　広瀬線　［2401］, 南33-1　広瀬線　［2403］, 南33-1　広瀬線　［2407］, 南33-3　広瀬線　［2425・2426］, 庁39-3　広瀬線　［2424］, 庁39-1　広瀬線　［2404］, 庁39-2　広瀬線　［2402］, 庁39-1　広瀬線　［2408］, 庁39-2　広瀬線　［2406］, 庁35-2　広瀬線　［2410］"
問屋町中央,（株）群馬バス,"高崎〜イオン〜榛東村役場線, 高崎〜イオンモール高崎線"
育英短大前,高崎市,7京ヶ島線
続橋,（株）群馬バス,"高崎〜井出〜榛東村役場線, 高崎〜水沢〜伊香保線, 高崎〜浜川〜箕郷営業所線"
新井団地入口,高崎市,高経大線
本関町,伊勢崎市,赤堀シャトルバス
藪塚しゅんらん,太田市,西バス系統
岩崎歯科東,太田市,西バス系統
金井淵団地南,高崎市,"榛名線, 高経大線"
西部公民館前,高崎市,少林山線
西部公民館前,（株）群馬バス,"権田〜里見〜高崎線, 高崎〜岩氷〜権田線, 高崎〜里見〜室田線, 権田線"
唐崎,（株）群馬バス,"高崎〜沖白川橋〜箕郷線, 高崎〜本郷〜室田線, 高崎〜本郷〜榛名湖線"
唐崎,高崎市,高経大線
ひよこ保育園前,高崎市,7京ヶ島線
駒形小入口,日本中央バス（株）,"南30　広瀬線　［2411］, 南33-2　広瀬線　［2405］, 南33-2　広瀬線　［2401］, 南33-1　広瀬線　［2403］, 南33-1　広瀬線　［2407］, 庁39-1　広瀬線　［2404］, 庁39-2　広瀬線　［2402］, 庁39-1　広瀬線　［2408］, 庁39-2　広瀬線　［2406］, 庁35-2　広瀬線　［2410］, 高崎駅〜大胡駅線　［5452］, 高崎駅〜大胡駅線　［5453］, 高崎駅〜大胡駅線　［5454］, 高崎駅〜大胡駅線　［5461・5462］, 高崎駅〜大胡駅線　［5463］, 高崎駅〜大胡駅線　［5464］"
大原七区公民館,太田市,西バス系統
あずま小東,伊勢崎市,"あずま・境連絡バス, 波志江・赤堀・あずま連絡バス"
駒形町,日本中央バス（株）,"南30　広瀬線　［2411］, 南33-2　広瀬線　［2405］, 南33-2　広瀬線　［2401］, 南33-1　広瀬線　［2403］, 南33-1　広瀬線　［2407］, 南33-3　広瀬線　［2425・2426］, 庁39-3　広瀬線　［2424］, 庁39-1　広瀬線　［2404］, 庁39-2　広瀬線　［2402］, 庁39-1　広瀬線　［2408］, 庁39-2　広瀬線　［2406］, 庁35-2　広瀬線　［2410］"
駒形町,群馬中央バス（株）,伊勢崎市民病院北〜日赤病院線
小鳥入口,群馬中央バス（株）,群大病院〜高崎駅前線
第一病院,高崎市,大八木線
真木病院前,高崎市,高経大線
笹原,安中市,後閑柿平・安中駅線
貝沢,群馬中央バス（株）,前橋駅前〜芝塚〜高崎駅前線
筑縄町入口,高崎市,高経大線
新保町岡野,高崎市,7京ヶ島線
問屋街センター入口,高崎市,大八木線
日本中央タクシー前,日本中央バス（株）,"高崎駅〜大胡駅線　［5452］, 高崎駅〜大胡駅線　［5455・5456］"
上京目公民館前,高崎市,7京ヶ島線
下小塙,（株）群馬バス,"高崎〜沖白川橋〜箕郷線, 高崎〜本郷〜室田線, 高崎〜本郷〜榛名湖線"
下小塙,高崎市,高経大線
金井淵入口,（株）群馬バス,"権田〜里見〜高崎線, 高崎〜岩氷〜権田線, 高崎〜里見〜室田線, 権田線"
金井淵入口,高崎市,少林山線
高崎商業高校入口,高崎市,7京ヶ島線
問屋町南口,（株）群馬バス,"高崎〜イオン〜榛東村役場線, 高崎〜イオンモール高崎線"
上京目,（株）上信観光バス,高崎駅〜前橋駅・中央前橋駅
宮原入口,安中市,"安中榛名駅・安中市役所線, 秋間中関・碓氷病院線"
駒形十字路,日本中央バス（株）,"南33-3　広瀬線　［2425・2426］, 庁39-3　広瀬線　［2424］, 高崎駅〜大胡駅線　［5452］, 高崎駅〜大胡駅線　［5453］, 高崎駅〜大胡駅線　［5454］, 高崎駅〜大胡駅線　［5461・5462］, 高崎駅〜大胡駅線　［5463］, 高崎駅〜大胡駅線　［5464］"
上並榎町北,高崎市,高経大線
島野町北,高崎市,7京ヶ島線
田部井下,伊勢崎市,"あずま・境連絡バス, あずまシャトルバス"
問屋町二丁目,高崎市,大八木線
高崎問屋町駅,（株）群馬バス,経大附属高校線
山崎,安中市,"安中榛名駅・安中市役所線, 秋間中関・碓氷病院線"
東善北,日本中央バス（株）,"南31　広瀬線　［2419］, 南32　広瀬線　［2421］, 庁38　広瀬線　［2422］, 庁32　広瀬線　［2420］"
八幡霊園入口,高崎市,少林山線
高崎問屋町駅問屋口,高崎市,大八木線
剣崎十字路,高崎市,"少林山線, 榛名線, 高経大線"
高崎問屋町駅貝沢口,高崎市,7京ヶ島線
三郷公民館北,伊勢崎市,波志江・赤堀・あずま連絡バス
高経大前,高崎市,高経大線
経済大学前,（株）群馬バス,"高崎〜沖白川橋〜箕郷線, 高崎〜経済大学前線, 高崎〜本郷〜室田線, 高崎〜本郷〜榛名湖線"
新保町西,高崎市,7京ヶ島線
鹿島町北,伊勢崎市,赤堀シャトルバス
剣崎,（株）群馬バス,"権田〜里見〜高崎線, 高崎〜岩氷〜権田線, 高崎〜里見〜室田線, 権田線"
剣崎,高崎市,高経大線
あずま公民館,伊勢崎市,"あずま・境連絡バス, あずまシャトルバス"
宮地町,日本中央バス（株）,"南32　広瀬線　［2421］, 南33-3　広瀬線　［2425・2426］, 庁38　広瀬線　［2422］, 庁39-3　広瀬線　［2424］, 高崎駅〜大胡駅線　［5452］, 高崎駅〜大胡駅線　［5453］, 高崎駅〜大胡駅線　［5454］, 高崎駅〜大胡駅線　［5461・5462］, 高崎駅〜大胡駅線　［5463］, 高崎駅〜大胡駅線　［5464］"
祝昌第2保育園前,日本中央バス（株）,"高崎駅〜大胡駅線　［5453］, 高崎駅〜大胡駅線　［5454］, 高崎駅〜大胡駅線　［5459］, 高崎駅〜大胡駅線　［5460］, 高崎駅〜大胡駅線　［5463］"
島貝沢,群馬中央バス（株）,前橋駅前〜芝塚〜高崎駅前線
萩原町,高崎市,7京ヶ島線
前橋バスセンター,日本中央バス（株）,"南32　広瀬線　［2421］, 南33-3　広瀬線　［2425・2426］, 庁38　広瀬線　［2422］, 庁39-3　広瀬線　［2424］, 高崎駅〜大胡駅線　［5452］, 高崎駅〜大胡駅線　［5453］, 高崎駅〜大胡駅線　［5454］, 高崎駅〜大胡駅線　［5465］, 高崎駅〜大胡駅線　［5455・5456］, 高崎駅〜大胡駅線　［5459］, 高崎駅〜大胡駅線　［5460］, 高崎駅〜大胡駅線　［5461・5462］, 高崎駅〜大胡駅線　［5463］, 高崎駅〜大胡駅線　［5464］"
上並榎公民館前,高崎市,高経大線
上並榎公民館前,（株）群馬バス,"高崎〜沖白川橋〜箕郷線, 高崎〜経済大学前線, 高崎〜本郷〜室田線, 高崎〜本郷〜榛名湖線"
亀里町,永井運輸（株）,"南52　新町玉村線, 庁52　新町玉村線, 南56　下川団地線, 庁56　下川団地線"
東善十字路,日本中央バス（株）,"南33-3　広瀬線　［2425・2426］, 庁39-3　広瀬線　［2424］, 高崎駅〜大胡駅線　［5452］, 高崎駅〜大胡駅線　［5453］, 高崎駅〜大胡駅線　［5454］, 高崎駅〜大胡駅線　［5461・5462］, 高崎駅〜大胡駅線　［5463］, 高崎駅〜大胡駅線　［5464］"
駒形四丁目,群馬中央バス（株）,伊勢崎市民病院北〜日赤病院線
亀里町,日本中央バス（株）,"高崎駅〜大胡駅線　［5452］, 高崎駅〜大胡駅線　［5465］, 高崎駅〜大胡駅線　［5455・5456］"
板鼻ニュータウン,安中市,岩野谷・間仁田線
館,安中市,"安中榛名駅・安中市役所線, 秋間中関・碓氷病院線"
追分,（株）群馬バス,"高崎〜井出〜榛東村役場線, 高崎〜水沢〜伊香保線, 高崎〜浜川〜箕郷営業所線"
追分,関越交通（株）,高崎線：渋川駅〜高崎
追分,群馬中央バス（株）,群大病院〜高崎駅前線
上並榎,（株）群馬バス,"高崎〜沖白川橋〜箕郷線, 高崎〜経済大学前線, 高崎〜本郷〜室田線, 高崎〜本郷〜榛名湖線"
上並榎,高崎市,高経大線
引間,（株）群馬バス,"権田〜里見〜高崎線, 高崎〜岩氷〜権田線, 高崎〜里見〜室田線, 権田線"
引間,高崎市,高経大線
あずま支所,伊勢崎市,"あずま・境連絡バス, あずまシャトルバス, 波志江・赤堀・あずま連絡バス"
西善町,日本中央バス（株）,"南32　広瀬線　［2421］, 南33-3　広瀬線　［2425・2426］, 庁38　広瀬線　［2422］, 庁39-3　広瀬線　［2424］, 高崎駅〜大胡駅線　［5452］, 高崎駅〜大胡駅線　［5453］, 高崎駅〜大胡駅線　［5454］, 高崎駅〜大胡駅線　［5461・5462］, 高崎駅〜大胡駅線　［5463］, 高崎駅〜大胡駅線　［5464］"
梅の郷,安中市,安中榛名駅・磯部駅線
華蔵寺公園東,伊勢崎市,赤堀シャトルバス
八幡工業団地入口,高崎市,"少林山線, 榛名線"
追分入口,（株）群馬バス,"高崎〜イオン〜榛東村役場線, 高崎〜イオンモール高崎線"
追分入口,高崎市,大八木線
八幡中学校入口,高崎市,少林山線
上豊岡北,（株）群馬バス,"権田〜里見〜高崎線, 高崎〜岩氷〜権田線, 高崎〜里見〜室田線, 権田線"
井草医院前,高崎市,7京ヶ島線
飯塚町長泉寺前,高崎市,大八木線
打越入口,安中市,"安中榛名駅・安中市役所線, 秋間中関・碓氷病院線"
並榎中学校入口,高崎市,高経大線
団地中,日本中央バス（株）,"南31　広瀬線　［2419］, 庁32　広瀬線　［2420］"
家畜市場前,（株）群馬バス,"高崎〜沖白川橋〜箕郷線, 高崎〜経済大学前線, 高崎〜本郷〜室田線, 高崎〜本郷〜榛名湖線"
東善団地入口,日本中央バス（株）,"南31　広瀬線　［2419］, 庁32　広瀬線　［2420］"
西島町,高崎市,7京ヶ島線
鶴亀,永井運輸（株）,"南52　新町玉村線, 庁52　新町玉村線, 南56　下川団地線, 庁56　下川団地線"
京目,（株）上信観光バス,高崎駅〜前橋駅・中央前橋駅
東部小学校西,高崎市,7京ヶ島線
東貝沢町一丁目,高崎市,7京ヶ島線
公田町,日本中央バス（株）,"高崎駅〜大胡駅線　［5452］, 高崎駅〜大胡駅線　［5453］, 高崎駅〜大胡駅線　［5454］, 高崎駅〜大胡駅線　［5465］, 高崎駅〜大胡駅線　［5455・5456］, 高崎駅〜大胡駅線　［5459］, 高崎駅〜大胡駅線　［5460］"
上台,（株）群馬バス,"権田〜里見〜高崎線, 高崎〜岩氷〜権田線, 高崎〜里見〜室田線, 権田線"
萩原町南,高崎市,7京ヶ島線
駒形五丁目,群馬中央バス（株）,伊勢崎市民病院北〜日赤病院線
上並榎町南,高崎市,高経大線
東金井,（株）群馬バス,"高崎〜イオン〜榛東村役場線, 高崎〜イオンモール高崎線"
東金井,高崎市,大八木線
西島,（株）上信観光バス,高崎駅〜前橋駅・中央前橋駅
八幡西郵便局入口,高崎市,少林山線
群南団地北,日本中央バス（株）,"高崎駅〜大胡駅線　［5452］, 高崎駅〜大胡駅線　［5453］, 高崎駅〜大胡駅線　［5454］, 高崎駅〜大胡駅線　［5465］, 高崎駅〜大胡駅線　［5455・5456］, 高崎駅〜大胡駅線　［5459］, 高崎駅〜大胡駅線　［5460］"
群南団地,高崎市,7京ヶ島線
群南団地,（株）上信観光バス,高崎駅〜前橋駅・中央前橋駅
島前,群馬中央バス（株）,前橋駅前〜芝塚〜高崎駅前線
東善団地西,日本中央バス（株）,"南31　広瀬線　［2419］, 庁32　広瀬線　［2420］"
上並榎住宅前,（株）群馬バス,"高崎〜沖白川橋〜箕郷線, 高崎〜経済大学前線, 高崎〜本郷〜室田線, 高崎〜本郷〜榛名湖線"
京目町,日本中央バス（株）,"高崎駅〜大胡駅線　［5452］, 高崎駅〜大胡駅線　［5453］, 高崎駅〜大胡駅線　［5454］, 高崎駅〜大胡駅線　［5465］, 高崎駅〜大胡駅線　［5455・5456］, 高崎駅〜大胡駅線　［5459］, 高崎駅〜大胡駅線　［5460］"
京目町,高崎市,7京ヶ島線
東善,日本中央バス（株）,"南31　広瀬線　［2419］, 庁32　広瀬線　［2420］"
東町,伊勢崎市,"あずま・境連絡バス, あずまシャトルバス, 波志江・赤堀・あずま連絡バス"
古城団地,安中市,岩野谷・間仁田線
東部小学校前,高崎市,7京ヶ島線
山王入口,（株）上信観光バス,高崎駅〜前橋駅・中央前橋駅
スマーク北,伊勢崎市,"あずま・境連絡バス, あずまシャトルバス"
東部モール北,伊勢崎市,波志江・赤堀・あずま連絡バス
スマーク,群馬中央バス（株）,伊勢崎駅〜文化会館〜スマーク線
小井戸,安中市,後閑柿平・安中駅線
観音塚考古資料館,高崎市,少林山線
飯塚本町,（株）群馬バス,"高崎〜井出〜榛東村役場線, 高崎〜水沢〜伊香保線, 高崎〜浜川〜箕郷営業所線"
飯塚本町,関越交通（株）,高崎線：渋川駅〜高崎
飯塚本町,群馬中央バス（株）,群大病院〜高崎駅前線
県営住宅前,（株）群馬バス,"高崎〜イオン〜榛東村役場線, 高崎〜イオンモール高崎線"
かたくりの里,太田市,韮川・鳥之郷線
高崎女子高校入口,高崎市,7京ヶ島線
西校前,（株）群馬バス,"高崎〜沖白川橋〜箕郷線, 高崎〜経済大学前線, 高崎〜本郷〜室田線, 高崎〜本郷〜榛名湖線"
天然温泉湯都里前,日本中央バス（株）,"高崎駅〜大胡駅線　［5452］, 高崎駅〜大胡駅線　［5453］, 高崎駅〜大胡駅線　［5454］, 高崎駅〜大胡駅線　［5465］, 高崎駅〜大胡駅線　［5455・5456］, 高崎駅〜大胡駅線　［5459］, 高崎駅〜大胡駅線　［5460］"
貝沢町南,高崎市,7京ヶ島線
東金井県営住宅前,高崎市,大八木線
駒形六丁目,群馬中央バス（株）,伊勢崎市民病院北〜日赤病院線
下台,（株）群馬バス,"権田〜里見〜高崎線, 高崎〜岩氷〜権田線, 高崎〜里見〜室田線, 権田線"
下新保,（株）上信観光バス,高崎駅〜前橋駅・中央前橋駅
自性寺,安中市,"安中榛名駅・安中市役所線, 秋間中関・碓氷病院線"
老人福祉センター,安中市,岩野谷・間仁田線
八幡八幡宮前,高崎市,少林山線
高崎女子高校前,高崎市,7京ヶ島線
石井病院,伊勢崎市,"伊勢崎駅北巡回バス, 波志江・赤堀・あずま連絡バス"
小泉稲荷入口,伊勢崎市,"あずま・境連絡バス, あずまシャトルバス"
飯塚三叉路,高崎市,大八木線
亀里JAビル前,（株）群馬バス,高崎駅東口〜日赤病院線
六文棒,群馬中央バス（株）,伊勢崎市民病院北〜日赤病院線
太田町団地,伊勢崎市,伊勢崎駅北巡回バス
飯玉町,群馬中央バス（株）,前橋駅前〜芝塚〜高崎駅前線
上植木本町公民館,伊勢崎市,伊勢崎駅北巡回バス
農協ビル前,永井運輸（株）,"南52　新町玉村線, 庁52　新町玉村線, 南56　下川団地線, 庁56　下川団地線"
上並榎庭球場入口,高崎市,高経大線
群南工業団地入口,日本中央バス（株）,"高崎駅〜大胡駅線　［5452］, 高崎駅〜大胡駅線　［5453］, 高崎駅〜大胡駅線　［5454］, 高崎駅〜大胡駅線　［5465］, 高崎駅〜大胡駅線　［5455・5456］, 高崎駅〜大胡駅線　［5459］, 高崎駅〜大胡駅線　［5460］"
宏愛会第一病院,太田市,西バス系統
八幡町十字路北,伊勢崎市,赤堀シャトルバス
総合運動場南,伊勢崎市,伊勢崎駅北巡回バス
富岡新道入口,（株）群馬バス,高崎〜板鼻・新島学園〜市役所線
富岡新道入口,安中市,岩野谷・間仁田線
北高崎駅,（株）群馬バス,"高崎〜井出〜榛東村役場線, 高崎〜沖白川橋〜箕郷線, 高崎〜経済大学前線, 高崎〜水沢〜伊香保線, 高崎〜浜川〜箕郷営業所線, 高崎〜本郷〜室田線, 高崎〜本郷〜榛名湖線"
北高崎駅前,関越交通（株）,高崎線：渋川駅〜高崎
北高崎駅前,群馬中央バス（株）,群大病院〜高崎駅前線
群馬八幡駅,高崎市,"少林山線, 榛名線"
小泉稲荷前,伊勢崎市,"あずま・境連絡バス, あずまシャトルバス"
西小学校入口,高崎市,高経大線
鹿島町,伊勢崎市,伊勢崎駅北巡回バス
華蔵寺公園南,伊勢崎市,伊勢崎駅北巡回バス
マックス入口,（株）上信観光バス,高崎駅〜前橋駅・中央前橋駅
毛里田行政センター,太田市,韮川・鳥之郷線
鷹の巣橋東,安中市,岩野谷・間仁田線
団地入口,（株）群馬バス,"権田〜里見〜高崎線, 高崎〜岩氷〜権田線, 高崎〜里見〜室田線, 権田線"
小間入口,安中市,"安中榛名駅・安中市役所線, 秋間中関・碓氷病院線"
安堀町,伊勢崎市,波志江・赤堀・あずま連絡バス
板鼻公民館,安中市,岩野谷・間仁田線
板鼻郵便局,安中市,岩野谷・間仁田線
中内町,日本中央バス（株）,"南31　広瀬線　［2419］, 庁32　広瀬線　［2420］"
上大類町東,高崎市,7京ヶ島線
商科大学附属高前,高崎市,高経大線
総合福祉センター,高崎市,"高経大線, 大八木線"
板鼻,（株）群馬バス,高崎〜板鼻・新島学園〜市役所線
上大類,（株）上信観光バス,高崎駅〜前橋駅・中央前橋駅
新島短大前,高崎市,大八木線
板鼻下町入口,（株）群馬バス,高崎〜板鼻・新島学園〜市役所線
希望館病院入口,高崎市,7京ヶ島線
横川駅,ジェイアールバス関東（株）,"長野県横川駅〜軽井沢駅, 長野県横川駅〜めがね橋〜軽井沢"
昭和町,高崎市,高経大線
八幡小学校前,高崎市,少林山線
豊城町東,伊勢崎市,あずまシャトルバス
昭和町十字路,高崎市,高経大線
並榎住宅団地入口,高崎市,高経大線
駒形東,群馬中央バス（株）,伊勢崎市民病院北〜日赤病院線
吉見パーキング,（株）上信観光バス,高崎駅〜前橋駅・中央前橋駅
安中中宿,（株）群馬バス,高崎〜板鼻・新島学園〜市役所線
安中中宿,安中市,"安中榛名駅・安中市役所線, 岩野谷・間仁田線"
鶴光路町,（株）群馬バス,高崎駅東口〜日赤病院線
鶴光路町,永井運輸（株）,"南52　新町玉村線, 庁52　新町玉村線, 南56　下川団地線, 庁56　下川団地線"
八幡長寿センター前,高崎市,少林山線
四ツ葉学園西,伊勢崎市,"伊勢崎駅北巡回バス, 赤堀シャトルバス"
遠丸団地,安中市,安中榛名駅・安中市役所線
台町,（株）群馬バス,"権田〜里見〜高崎線, 高崎〜岩氷〜権田線, 高崎〜板鼻・新島学園〜市役所線, 高崎〜里見〜室田線, 権田線"
台町,高崎市,高経大線
並榎町,（株）群馬バス,"権田〜里見〜高崎線, 高崎〜岩氷〜権田線, 高崎〜板鼻・新島学園〜市役所線, 高崎〜里見〜室田線, 権田線"
並榎町,高崎市,高経大線
芝塚,群馬中央バス（株）,前橋駅前〜芝塚〜高崎駅前線
下豊岡,高崎市,少林山線
江木,（株）上信観光バス,高崎駅〜前橋駅・中央前橋駅
後閑公民館,安中市,後閑柿平・安中駅線
岩井郵便局,安中市,岩野谷・間仁田線
岩井郵便局前,（株）群馬バス,高崎〜板鼻・新島学園〜市役所線
中豊岡町,高崎市,少林山線
末広町,高崎市,"高経大線, 大八木線"
島野町南,高崎市,9群馬の森線
工業学校前,（株）上信観光バス,高崎駅〜前橋駅・中央前橋駅
下並榎,（株）群馬バス,"権田〜里見〜高崎線, 高崎〜岩氷〜権田線, 高崎〜板鼻・新島学園〜市役所線, 高崎〜里見〜室田線, 権田線"
豊岡小学校入口,高崎市,少林山線
宮子町会議所東,伊勢崎市,東西シャトルバス
城下橋,安中市,"安中榛名駅・安中市役所線, 秋間中関・碓氷病院線"
上豊岡町西,高崎市,少林山線
住吉町,（株）群馬バス,"権田〜里見〜高崎線, 高崎〜井出〜榛東村役場線, 高崎〜沖白川橋〜箕郷線, 高崎〜岩氷〜権田線, 高崎〜経済大学前線, 高崎〜水沢〜伊香保線, 高崎〜板鼻・新島学園〜市役所線, 高崎〜浜川〜箕郷営業所線, 高崎〜本郷〜室田線, 高崎〜本郷〜榛名湖線, 高崎〜里見〜室田線, 権田線"
住吉町,関越交通（株）,高崎線：渋川駅〜高崎
住吉町,高崎市,高経大線
住吉町,群馬中央バス（株）,群大病院〜高崎駅前線
下豊岡,（株）群馬バス,"権田〜里見〜高崎線, 高崎〜岩氷〜権田線, 高崎〜板鼻・新島学園〜市役所線, 高崎〜里見〜室田線, 権田線"
下川淵公民館前,永井運輸（株）,"南52　新町玉村線, 庁52　新町玉村線, 南56　下川団地線, 庁56　下川団地線"
宮子町西,伊勢崎市,東西シャトルバス
八幡大門前,（株）群馬バス,高崎〜板鼻・新島学園〜市役所線
寿町,伊勢崎市,伊勢崎駅北巡回バス
芝塚,（株）上信観光バス,高崎駅〜前橋駅・中央前橋駅
産業技術センター前,永井運輸（株）,"南52　新町玉村線, 庁52　新町玉村線, 南56　下川団地線, 庁56　下川団地線"
オートレース場前,伊勢崎市,伊勢崎駅北巡回バス
下後閑公民館前,安中市,安中榛名駅・磯部駅線
高砂町,（株）上信観光バス,高崎駅〜前橋駅・中央前橋駅
高砂町,群馬中央バス（株）,前橋駅前〜芝塚〜高崎駅前線
ベイシアモール入口,（株）群馬バス,高崎〜板鼻・新島学園〜市役所線
ベイシアモール入口,安中市,安中榛名駅・安中市役所線
中央公民館前,高崎市,大八木線
上豊岡町,高崎市,少林山線
保育園入口［高崎市中豊岡町］,（株）群馬バス,高崎〜板鼻・新島学園〜市役所線
上大類町,高崎市,7京ヶ島線
藤塚,（株）群馬バス,高崎〜板鼻・新島学園〜市役所線
安中駅入口,（株）群馬バス,高崎〜板鼻・新島学園〜市役所線
太田町,伊勢崎市,波志江・赤堀・あずま連絡バス
中豊岡,（株）群馬バス,高崎〜板鼻・新島学園〜市役所線
君が代橋西,（株）群馬バス,"権田〜里見〜高崎線, 高崎〜岩氷〜権田線, 高崎〜板鼻・新島学園〜市役所線, 高崎〜里見〜室田線, 権田線"
君が代橋西,高崎市,少林山線
相生町,（株）群馬バス,"権田〜里見〜高崎線, 高崎〜井出〜榛東村役場線, 高崎〜沖白川橋〜箕郷線, 高崎〜岩氷〜権田線, 高崎〜経済大学前線, 高崎〜水沢〜伊香保線, 高崎〜板鼻・新島学園〜市役所線, 高崎〜浜川〜箕郷営業所線, 高崎〜本郷〜室田線, 高崎〜本郷〜榛名湖線, 高崎〜里見〜室田線, 権田線"
相生町,関越交通（株）,高崎線：渋川駅〜高崎
相生町,高崎市,高経大線
相生町,群馬中央バス（株）,群大病院〜高崎駅前線
総合文化センター前,（株）群馬バス,"高崎〜イオン〜榛東村役場線, 高崎〜イオンモール高崎線"
総合文化センター前,高崎市,大八木線
総合文化センター前,（株）上信観光バス,高崎駅〜前橋駅・中央前橋駅
総合文化センター前,群馬中央バス（株）,前橋駅前〜芝塚〜高崎駅前線
藤川公園,永井運輸（株）,たまりん北コース
湯沢入口,（株）群馬バス,高崎〜板鼻・新島学園〜市役所線
稲荷山入口,群馬中央バス（株）,伊勢崎市民病院北〜日赤病院線
成塚住宅団地,太田市,韮川・鳥之郷線
藤川住民センター入口,日本中央バス（株）,"南31　広瀬線　［2419］, 庁32　広瀬線　［2420］"
上豊岡,（株）群馬バス,高崎〜板鼻・新島学園〜市役所線
にしはら,伊勢崎市,東西シャトルバス
並榎坂下,高崎市,少林山線
元島名町,高崎市,9群馬の森線
三室北,伊勢崎市,"あずま・境連絡バス, あずまシャトルバス"
みやまセンター,伊勢崎市,"あずま・境連絡バス, あずまシャトルバス"
殖蓮小南,伊勢崎市,伊勢崎駅北巡回バス
障害者センター北,伊勢崎市,波志江・赤堀・あずま連絡バス
宮子,群馬中央バス（株）,伊勢崎市民病院北〜日赤病院線
西部モール,伊勢崎市,"伊勢崎駅南巡回バス, 伊勢崎駅北巡回バス, 東西シャトルバス"
湯沢温泉入口,安中市,"後閑柿平・安中駅線, 岩野谷・間仁田線, 秋間中関・碓氷病院線"
豊城区民会館入口,伊勢崎市,あずまシャトルバス
安中駅,（株）群馬バス,"安中駅〜安中市役所線, 高崎〜板鼻・新島学園〜市役所線"
安中駅,安中市,"安中榛名駅・安中市役所線, 後閑柿平・安中駅線, 岩野谷・間仁田線, 秋間中関・碓氷病院線"
東小保方新町,伊勢崎市,"あずま・境連絡バス, あずまシャトルバス"
八寸コミュニティセンター,伊勢崎市,あずまシャトルバス
宗高町,伊勢崎市,"伊勢崎駅北巡回バス, 赤堀シャトルバス"
福島病院,伊勢崎市,"伊勢崎駅北巡回バス, 赤堀シャトルバス"
東横手,（株）群馬バス,高崎駅東口〜日赤病院線
東横手,永井運輸（株）,"南52　新町玉村線, 庁52　新町玉村線, 南56　下川団地線, 庁56　下川団地線"
三ツ木,安中市,後閑柿平・安中駅線
鼻高団地前,高崎市,少林山線
歌川町パークレーン前,高崎市,少林山線
下宿,群馬中央バス（株）,伊勢崎市民病院北〜日赤病院線
成田町,高崎市,大八木線
少林山入口,高崎市,少林山線
本町,群馬中央バス（株）,前橋駅前〜芝塚〜高崎駅前線
西太田公民館,伊勢崎市,伊勢崎駅南巡回バス
鼻高町,高崎市,少林山線
安中四丁目,安中市,"後閑柿平・安中駅線, 岩野谷・間仁田線, 秋間中関・碓氷病院線"
宿大類町,日本中央バス（株）,"高崎駅〜大胡駅線　［5452］, 高崎駅〜大胡駅線　［5453］, 高崎駅〜大胡駅線　［5454］, 高崎駅〜大胡駅線　［5465］, 高崎駅〜大胡駅線　［5455・5456］, 高崎駅〜大胡駅線　［5459］, 高崎駅〜大胡駅線　［5460］"
江木町,高崎市,7京ヶ島線
本町三丁目,（株）群馬バス,"権田〜里見〜高崎線, 高崎〜イオン〜榛東村役場線, 高崎〜イオンモール高崎線, 高崎〜井出〜榛東村役場線, 高崎〜沖白川橋〜箕郷線, 高崎〜岩氷〜権田線, 高崎〜経済大学前線, 高崎〜水沢〜伊香保線, 高崎〜板鼻・新島学園〜市役所線, 高崎〜浜川〜箕郷営業所線, 高崎〜本郷〜室田線, 高崎〜本郷〜榛名湖線, 高崎〜里見〜室田線, 権田線"
本町三丁目,関越交通（株）,高崎線：渋川駅〜高崎
本町三丁目,高崎市,大八木線
本町三丁目,（株）上信観光バス,高崎駅〜前橋駅・中央前橋駅
本町三丁目,群馬中央バス（株）,群大病院〜高崎駅前線
将軍塚工業団地,高崎市,9群馬の森線
本町二丁目,（株）群馬バス,"高崎〜井出〜榛東村役場線, 高崎〜沖白川橋〜箕郷線, 高崎〜岩氷〜権田線, 高崎〜経済大学前線, 高崎〜水沢〜伊香保線, 高崎〜板鼻・新島学園〜市役所線, 高崎〜浜川〜箕郷営業所線, 高崎〜本郷〜室田線, 高崎〜本郷〜榛名湖線, 高崎〜里見〜室田線, 権田線"
本町二丁目,関越交通（株）,高崎線：渋川駅〜高崎
本町二丁目,群馬中央バス（株）,群大病院〜高崎駅前線
本町一丁目,（株）群馬バス,"権田〜里見〜高崎線, 高崎〜井出〜榛東村役場線, 高崎〜沖白川橋〜箕郷線, 高崎〜岩氷〜権田線, 高崎〜経済大学前線, 高崎〜水沢〜伊香保線, 高崎〜板鼻・新島学園〜市役所線, 高崎〜浜川〜箕郷営業所線, 高崎〜本郷〜室田線, 高崎〜本郷〜榛名湖線, 高崎〜里見〜室田線, 権田線"
本町一丁目,関越交通（株）,高崎線：渋川駅〜高崎
本町一丁目,群馬中央バス（株）,群大病院〜高崎駅前線
南大類町西,高崎市,7京ヶ島線
西横手町,高崎市,9群馬の森線
西通り,（株）群馬バス,高崎駅東口〜日赤病院線
西通り,永井運輸（株）,"南52　新町玉村線, 庁52　新町玉村線, 南56　下川団地線, 庁56　下川団地線"
花の木,安中市,"安中榛名駅・磯部駅線, 後閑柿平・安中駅線"
ベイシアモールいせさき,日本中央バス（株）,"南31　広瀬線　［2419］, 庁32　広瀬線　［2420］"
稲荷町,伊勢崎市,東西シャトルバス
伝馬町,安中市,"後閑柿平・安中駅線, 岩野谷・間仁田線, 秋間中関・碓氷病院線"
山王,安中市,後閑柿平・安中駅線
常盤町,高崎市,少林山線
高崎神社前,高崎市,"少林山線, 高経大線"
伊勢崎宮子町,日本中央バス（株）,"南31　広瀬線　［2419］, 庁32　広瀬線　［2420］"
竜宮橋南,伊勢崎市,伊勢崎駅南巡回バス
グラウンド前,（株）群馬バス,高崎駅東口〜日赤病院線
グランド前,永井運輸（株）,"南52　新町玉村線, 庁52　新町玉村線, 南56　下川団地線, 庁56　下川団地線"
東小学校前,高崎市,高経大線
北二小西,伊勢崎市,"赤堀シャトルバス, 波志江・赤堀・あずま連絡バス"
油田橋,永井運輸（株）,"南52　新町玉村線, 庁52　新町玉村線, 南56　下川団地線, 庁56　下川団地線"
中央通り,（株）群馬バス,高崎駅東口〜日赤病院線
中央通り,永井運輸（株）,"南52　新町玉村線, 庁52　新町玉村線, 南56　下川団地線, 庁56　下川団地線"
油傳橋,（株）群馬バス,高崎駅東口〜日赤病院線
上諏訪町,群馬中央バス（株）,伊勢崎駅〜文化会館〜スマーク線
宇津木医院前,永井運輸（株）,たまりん北コース
岩野谷公民館,安中市,岩野谷・間仁田線
山寺,安中市,後閑柿平・安中駅線
ハイパーモールメルクス伊勢崎前,日本中央バス（株）,"南31　広瀬線　［2419］, 庁32　広瀬線　［2420］"
飯塚公民館前,永井運輸（株）,たまりん北コース
力丸工業団地入口,日本中央バス（株）,"南31　広瀬線　［2419］, 庁32　広瀬線　［2420］"
美原記念病院,伊勢崎市,伊勢崎駅南巡回バス
高齢者福祉センター,太田市,韮川・鳥之郷線
元島名公民館前,高崎市,9群馬の森線
大手前,（株）群馬バス,"安中駅〜安中市役所線, 高崎〜板鼻・新島学園〜市役所線"
大手前,安中市,"後閑柿平・安中駅線, 岩野谷・間仁田線, 秋間中関・碓氷病院線"
ハイパーモール前,伊勢崎市,東西シャトルバス
中鼻高町公民館前,高崎市,少林山線
金蔵入口,安中市,後閑柿平・安中駅線
流通団地前,伊勢崎市,"あずま・境連絡バス, あずまシャトルバス"
地域福祉支援センター,安中市,岩野谷・間仁田線
武家長屋前,安中市,安中榛名駅・安中市役所線
田町,（株）群馬バス,"権田〜里見〜高崎線, 高崎〜イオン〜榛東村役場線, 高崎〜イオンモール高崎線, 高崎〜井出〜榛東村役場線, 高崎〜沖白川橋〜箕郷線, 高崎〜岩氷〜権田線, 高崎〜経済大学前線, 高崎〜水沢〜伊香保線, 高崎〜板鼻・新島学園〜市役所線, 高崎〜浜川〜箕郷営業所線, 高崎〜本郷〜室田線, 高崎〜本郷〜榛名湖線, 高崎〜里見〜室田線, 権田線"
田町,関越交通（株）,高崎線：渋川駅〜高崎
田町,高崎市,大八木線
田町,群馬中央バス（株）,"群大病院〜高崎駅前線, 高崎駅前〜上滝〜県立女子大学線, 前橋駅前〜芝塚〜高崎駅前線"
田町,（株）上信観光バス,高崎駅〜前橋駅・中央前橋駅
弓町,群馬中央バス（株）,高崎駅前〜上滝〜県立女子大学線
東町十字路,群馬中央バス（株）,高崎駅前〜上滝〜県立女子大学線
江木町十字路,群馬中央バス（株）,高崎駅前〜上滝〜県立女子大学線
下代,伊勢崎市,"あずま・境連絡バス, あずまシャトルバス"
江木十字路,高崎市,7京ヶ島線
伝新橋,（株）群馬バス,"安中駅〜安中市役所線, 高崎〜板鼻・新島学園〜市役所線"
伝新橋,安中市,岩野谷・間仁田線
法務局職安前,伊勢崎市,伊勢崎駅南巡回バス
宮子町東,群馬中央バス（株）,伊勢崎市民病院北〜日赤病院線
杉名入口,安中市,"安中榛名駅・磯部駅線, 後閑柿平・安中駅線"
宮子東公園,伊勢崎市,伊勢崎駅南巡回バス
上諏訪町会館,伊勢崎市,あずまシャトルバス
宮子町東公園前,日本中央バス（株）,"南31　広瀬線　［2419］, 庁32　広瀬線　［2420］"
江木町東,高崎市,7京ヶ島線
江木町東,群馬中央バス（株）,高崎駅前〜上滝〜県立女子大学線
乗附緑地公園前,高崎市,少林山線
宮子町,永井運輸（株）,たまりん伊勢崎直行便
宮子町,伊勢崎市,"伊勢崎駅北巡回バス, 東西シャトルバス"
須藤病院前,（株）群馬バス,"安中駅〜安中市役所線, 高崎〜板鼻・新島学園〜市役所線"
須藤病院前,安中市,安中榛名駅・安中市役所線
新堀町,永井運輸（株）,"南52　新町玉村線, 庁52　新町玉村線"
高関町,高崎市,7京ヶ島線
高関町,群馬中央バス（株）,高崎駅前〜上滝〜県立女子大学線
宿横手団地入口,高崎市,9群馬の森線
あずま南小南,伊勢崎市,あずま・境連絡バス
新島学園前,（株）群馬バス,"安中駅〜安中市役所線, 高崎〜板鼻・新島学園〜市役所線"
新島学園前,安中市,"安中榛名駅・安中市役所線, 岩野谷・間仁田線"
高関,高崎市,7京ヶ島線
高関,群馬中央バス（株）,高崎駅前〜上滝〜県立女子大学線
後閑小前,安中市,後閑柿平・安中駅線
安中体育館前,安中市,安中榛名駅・安中市役所線
谷津坂下,（株）群馬バス,"安中駅〜安中市役所線, 高崎〜板鼻・新島学園〜市役所線"
谷津坂下,安中市,"後閑柿平・安中駅線, 岩野谷・間仁田線, 秋間中関・碓氷病院線"
連取町北,伊勢崎市,"伊勢崎駅北巡回バス, 東西シャトルバス"
連取町北,群馬中央バス（株）,伊勢崎市民病院北〜日赤病院線
中央病院入口,高崎市,7京ヶ島線
高崎郵便局前,高崎市,"少林山線, 高経大線"
文化会館,伊勢崎市,"あずまシャトルバス, 伊勢崎駅北巡回バス"
伊勢崎稲荷町,日本中央バス（株）,"南31　広瀬線　［2419］, 庁32　広瀬線　［2420］"
税務署前,高崎市,7京ヶ島線
玉村飯塚,日本中央バス（株）,"南31　広瀬線　［2419］, 庁32　広瀬線　［2420］"
セーブオン飯塚店前,永井運輸（株）,たまりん伊勢崎直行便
玉村藤川,日本中央バス（株）,"南31　広瀬線　［2419］, 庁32　広瀬線　［2420］"
伊勢崎駅前,群馬中央バス（株）,"伊勢崎駅〜三光町〜県立女子大線, 伊勢崎駅〜文化会館〜スマーク線, 県立女子大学〜病院〜伊勢崎駅線"
稲村クリニック前,群馬中央バス（株）,高崎駅前〜上滝〜県立女子大学線
安中市役所,（株）群馬バス,"安中駅〜安中市役所線, 高崎〜板鼻・新島学園〜市役所線, 安中松井田線"
安中市役所,安中市,"安中市役所・松井田支所線, 安中榛名駅・安中市役所線, 磯部・中野谷線, 岩野谷・間仁田線"
伊勢崎駅南口,伊勢崎市,"あずまシャトルバス, 伊勢崎駅南巡回バス, 伊勢崎駅北巡回バス, 境シャトルバス, 赤堀シャトルバス, 東西シャトルバス, 南部シャトルバス, 波志江・赤堀・あずま連絡バス"
谷津公園前,安中市,安中榛名駅・安中市役所線
乗附町,高崎市,少林山線
通町,高崎市,0都心循環線
白銀町,高崎市,0都心循環線
伊勢崎市文化会館,群馬中央バス（株）,伊勢崎駅〜文化会館〜スマーク線
伊勢崎駅,十王自動車（株）,伊勢崎・本庄線
本店タカハシ前,高崎市,0都心循環線
市役所谷津庁舎前,（株）群馬バス,"安中駅〜安中市役所線, 高崎〜板鼻・新島学園〜市役所線"
市役所谷津庁舎前,安中市,"後閑柿平・安中駅線, 岩野谷・間仁田線, 秋間中関・碓氷病院線"
東京電力・スズラン入口,高崎市,0都心循環線
NTT前,高崎市,0都心循環線
城東小学校前,高崎市,7京ヶ島線
総合保健センター・中央図書館,高崎市,0都心循環線
西部公園,伊勢崎市,伊勢崎駅北巡回バス
西部公園前,群馬中央バス（株）,伊勢崎市民病院北〜日赤病院線
連雀町,（株）群馬バス,"権田〜里見〜高崎線, 高崎〜イオン〜榛東村役場線, 高崎〜イオンモール高崎線, 高崎〜井出〜榛東村役場線, 高崎〜沖白川橋〜箕郷線, 高崎〜岩氷〜権田線, 高崎〜経済大学前線, 高崎〜水沢〜伊香保線, 高崎〜板鼻・新島学園〜市役所線, 高崎〜浜川〜箕郷営業所線, 高崎〜本郷〜室田線, 高崎〜本郷〜榛名湖線, 高崎〜里見〜室田線, 権田線"
連雀町,関越交通（株）,高崎線：渋川駅〜高崎
連雀町,高崎市,大八木線
連雀町,群馬中央バス（株）,"群大病院〜高崎駅前線, 高崎駅前〜上滝〜県立女子大学線, 前橋駅前〜芝塚〜高崎駅前線"
連雀町,（株）上信観光バス,高崎駅〜前橋駅・中央前橋駅
昭和町,伊勢崎市,伊勢崎駅北巡回バス
県営住宅前,伊勢崎市,伊勢崎駅南巡回バス
殖二小北,伊勢崎市,あずまシャトルバス
芸の宮団地入口,安中市,安中榛名駅・安中市役所線
平和町十字路,伊勢崎市,"あずまシャトルバス, 伊勢崎駅南巡回バス, 伊勢崎駅北巡回バス, 境シャトルバス, 赤堀シャトルバス, 東西シャトルバス, 南部シャトルバス, 波志江・赤堀・あずま連絡バス"
もてなし広場前,高崎市,"0都心循環線, 少林山線, 高経大線"
旭町,高崎市,0都心循環線
高崎東高校入口,高崎市,9群馬の森線
乗附公民館入口,高崎市,少林山線
平和町,群馬中央バス（株）,伊勢崎駅〜文化会館〜スマーク線
伊勢崎ショッピングモール北,伊勢崎市,伊勢崎駅北巡回バス
高島屋北入口,高崎市,0都心循環線
大手町,群馬中央バス（株）,"伊勢崎駅〜三光町〜県立女子大線, 県立女子大学〜病院〜伊勢崎駅線"
慈光通り,高崎市,0都心循環線
大手前連雀町,高崎市,0都心循環線
南大類町,日本中央バス（株）,"高崎駅〜大胡駅線　［5452］, 高崎駅〜大胡駅線　［5453］, 高崎駅〜大胡駅線　［5454］, 高崎駅〜大胡駅線　［5465］, 高崎駅〜大胡駅線　［5455・5456］, 高崎駅〜大胡駅線　［5459］, 高崎駅〜大胡駅線　［5460］"
スズラン前,高崎市,0都心循環線
音楽センター前,高崎市,0都心循環線
市役所入口,（株）群馬バス,"安中駅〜安中市役所線, 高崎〜板鼻・新島学園〜市役所線, 安中松井田線"
市役所入口,安中市,"安中市役所・松井田支所線, 磯部・中野谷線, 後閑柿平・安中駅線, 岩野谷・間仁田線, 秋間中関・碓氷病院線"
柳原,群馬中央バス（株）,高崎駅前〜上滝〜県立女子大学線
上樋越公民館,永井運輸（株）,たまりん北コース
伊勢崎市民病院北,群馬中央バス（株）,"伊勢崎市民病院北〜日赤病院線, 県立女子大学〜病院〜伊勢崎駅線"
市民病院北口,永井運輸（株）,たまりん伊勢崎直行便
市民病院北,伊勢崎市,"あずまシャトルバス, 伊勢崎駅南巡回バス, 伊勢崎駅北巡回バス, 宮郷・名和連絡バス, 境シャトルバス, 赤堀シャトルバス, 東西シャトルバス, 南部シャトルバス, 波志江・赤堀・あずま連絡バス"
杉名公民館前,安中市,"安中榛名駅・磯部駅線, 後閑柿平・安中駅線"
中樋越藤川橋前,永井運輸（株）,たまりん北コース
高島屋前,高崎市,0都心循環線
平井,伊勢崎市,"あずま・境連絡バス, あずまシャトルバス"
中島団地入口,高崎市,9群馬の森線
あら町銀行前,（株）群馬バス,"権田〜里見〜高崎線, 高崎〜イオン〜榛東村役場線, 高崎〜イオンモール高崎線, 高崎〜井出〜榛東村役場線, 高崎〜沖白川橋〜箕郷線, 高崎〜岩氷〜権田線, 高崎〜経済大学前線, 高崎〜水沢〜伊香保線, 高崎〜板鼻・新島学園〜市役所線, 高崎〜浜川〜箕郷営業所線, 高崎〜本郷〜室田線, 高崎〜本郷〜榛名湖線, 高崎〜里見〜室田線, 権田線"
あら町銀行前,関越交通（株）,高崎線：渋川駅〜高崎
あら町銀行前,高崎市,大八木線
あら町銀行前,群馬中央バス（株）,"群大病院〜高崎駅前線, 高崎駅前〜上滝〜県立女子大学線, 前橋駅前〜芝塚〜高崎駅前線"
あら町銀行前,（株）上信観光バス,高崎駅〜前橋駅・中央前橋駅
高崎健康福祉大学,高崎市,9群馬の森線
学園前,高崎市,少林山線
大平団地西,高崎市,少林山線
モントレー・オーパ前,高崎市,0都心循環線
七曲り,安中市,"磯部・中野谷線, 岩野谷・間仁田線"
下植木町北,伊勢崎市,あずまシャトルバス
八島町,高崎市,0都心循環線
みやさと保育園,伊勢崎市,伊勢崎駅南巡回バス
安中消防署前,（株）群馬バス,安中松井田線
安中消防署前,安中市,安中市役所・松井田支所線
岩押町,高崎市,7京ヶ島線
安中消防署,安中市,"後閑柿平・安中駅線, 秋間中関・碓氷病院線"
上陽小学校入口,永井運輸（株）,"たまりん北コース, たまりん伊勢崎直行便"
連取本町北,伊勢崎市,"あずまシャトルバス, 伊勢崎駅南巡回バス, 伊勢崎駅北巡回バス, 境シャトルバス, 赤堀シャトルバス, 東西シャトルバス, 南部シャトルバス, 波志江・赤堀・あずま連絡バス"
中樋越,永井運輸（株）,たまりん北コース
切通し,安中市,岩野谷・間仁田線
あら町,（株）群馬バス,"権田〜里見〜高崎線, 高崎〜イオン〜榛東村役場線, 高崎〜イオンモール高崎線, 高崎〜井出〜榛東村役場線, 高崎〜沖白川橋〜箕郷線, 高崎〜岩氷〜権田線, 高崎〜経済大学前線, 高崎〜水沢〜伊香保線, 高崎〜板鼻・新島学園〜市役所線, 高崎〜浜川〜箕郷営業所線, 高崎〜本郷〜室田線, 高崎〜本郷〜榛名湖線, 高崎〜里見〜室田線, 権田線"
あら町,関越交通（株）,高崎線：渋川駅〜高崎
あら町,高崎市,高崎アリーナシャトルバス
あら町,群馬中央バス（株）,"群大病院〜高崎駅前線, 高崎駅前〜上滝〜県立女子大学線, 前橋駅前〜芝塚〜高崎駅前線"
あら町,（株）上信観光バス,高崎駅〜前橋駅・中央前橋駅
のどの荘入口,安中市,岩野谷・間仁田線
高崎駅,（株）群馬バス,"権田〜里見〜高崎線, 高崎〜イオン〜榛東村役場線, 高崎〜イオンモール高崎線, 高崎〜井出〜榛東村役場線, 高崎〜沖白川橋〜箕郷線, 高崎〜岩氷〜権田線, 高崎〜経済大学前線, 高崎〜水沢〜伊香保線, 高崎〜板鼻・新島学園〜市役所線, 高崎〜浜川〜箕郷営業所線, 高崎〜本郷〜室田線, 高崎〜本郷〜榛名湖線, 高崎〜里見〜室田線, 権田線"
高崎駅,関越交通（株）,高崎線：渋川駅〜高崎
高崎駅,（株）上信観光バス,"高崎駅〜前橋駅・中央前橋駅, 高崎問屋町駅〜鶴辺団地"
高崎駅東口入口,（株）群馬バス,高崎駅東口〜日赤病院線
あら町交差点,高崎市,"観音山線, 少林山線, 高経大線"
栄町北,高崎市,"7京ヶ島線, 9群馬の森線"
高崎バスセンター,日本中央バス（株）,"高崎駅〜大胡駅線　［5452］, 高崎駅〜大胡駅線　［5453］, 高崎駅〜大胡駅線　［5454］, 高崎駅〜大胡駅線　［5465］, 高崎駅〜大胡駅線　［5455・5456］, 高崎駅〜大胡駅線　［5459］, 高崎駅〜大胡駅線　［5460］"
柴崎,群馬中央バス（株）,高崎駅前〜上滝〜県立女子大学線
高崎駅前,群馬中央バス（株）,"群大病院〜高崎駅前線, 高崎駅前〜上滝〜県立女子大学線, 前橋駅前〜芝塚〜高崎駅前線"
高崎総合医療センター,高崎市,"0都心循環線, 観音山線, 少林山線, 高経大線"
岩押郵便局前,日本中央バス（株）,"高崎駅〜大胡駅線　［5452］, 高崎駅〜大胡駅線　［5453］, 高崎駅〜大胡駅線　［5454］, 高崎駅〜大胡駅線　［5465］, 高崎駅〜大胡駅線　［5455・5456］, 高崎駅〜大胡駅線　［5459］, 高崎駅〜大胡駅線　［5460］"
岩押郵便局前,（株）群馬バス,高崎駅東口〜日赤病院線
岩押郵便局前,高崎市,9群馬の森線
古作クリニック,伊勢崎市,あずまシャトルバス
カンケンプラザ西,太田市,韮川・鳥之郷線
高崎駅西口,高崎市,"0都心循環線, 倉賀野線, 観音山線, 少林山線, 高経大線, 大八木線, 高崎〜農大〜城山団地〜南陽台線, 高崎アリーナシャトルバス"
市役所,高崎市,"0都心循環線, 観音山線, 少林山線, 高経大線"
群馬ヘリポート入口,永井運輸（株）,"南52　新町玉村線, 庁52　新町玉村線"
上中居西,日本中央バス（株）,"高崎駅〜大胡駅線　［5452］, 高崎駅〜大胡駅線　［5453］, 高崎駅〜大胡駅線　［5454］, 高崎駅〜大胡駅線　［5465］, 高崎駅〜大胡駅線　［5455・5456］, 高崎駅〜大胡駅線　［5459］, 高崎駅〜大胡駅線　［5460］"
上中居西,（株）群馬バス,高崎駅東口〜日赤病院線
上中居町西,高崎市,9群馬の森線
乗附,高崎市,少林山線
安中総合学園高校前,（株）群馬バス,安中松井田線
安中総合学園高校前,安中市,"安中市役所・松井田支所線, 後閑柿平・安中駅線, 秋間中関・碓氷病院線"
連取町南,群馬中央バス（株）,県立女子大学〜病院〜伊勢崎駅線
大手町,伊勢崎市,"あずまシャトルバス, 伊勢崎駅北巡回バス, 境シャトルバス, 赤堀シャトルバス, 東西シャトルバス, 南部シャトルバス, 波志江・赤堀・あずま連絡バス"
小日向口,（株）群馬バス,安中松井田線
小日向口,安中市,安中市役所・松井田支所線
高崎駅東口,日本中央バス（株）,"高崎駅〜大胡駅線　［5452］, 高崎駅〜大胡駅線　［5453］, 高崎駅〜大胡駅線　［5454］, 高崎駅〜大胡駅線　［5465］, 高崎駅〜大胡駅線　［5455・5456］, 高崎駅〜大胡駅線　［5459］, 高崎駅〜大胡駅線　［5460］"
高崎駅東口,（株）群馬バス,高崎駅東口〜日赤病院線
高崎駅東口,高崎市,"岩鼻線, 7京ヶ島線, 9群馬の森線"
信用金庫前,十王自動車（株）,伊勢崎・本庄線
信用金庫前,群馬中央バス（株）,"伊勢崎駅〜三光町〜県立女子大線, 県立女子大学〜病院〜伊勢崎駅線"
上中居町北,高崎市,9群馬の森線
鶴巻古墳西,伊勢崎市,あずま・境連絡バス
上中居北,日本中央バス（株）,"高崎駅〜大胡駅線　［5452］, 高崎駅〜大胡駅線　［5453］, 高崎駅〜大胡駅線　［5454］, 高崎駅〜大胡駅線　［5465］, 高崎駅〜大胡駅線　［5455・5456］, 高崎駅〜大胡駅線　［5459］, 高崎駅〜大胡駅線　［5460］"
上中居北,（株）群馬バス,高崎駅東口〜日赤病院線
丸山団地入口,高崎市,少林山線
上中居町,高崎市,9群馬の森線
玉村内科クリニック前,永井運輸（株）,たまりん北コース
神田医院前,高崎市,"観音山線, 少林山線"
若葉町,群馬中央バス（株）,県立女子大学〜病院〜伊勢崎駅線
美術館前,高崎市,"倉賀野線, 観音山線"
中居町一丁目,日本中央バス（株）,"高崎駅〜大胡駅線　［5452］, 高崎駅〜大胡駅線　［5453］, 高崎駅〜大胡駅線　［5454］, 高崎駅〜大胡駅線　［5465］, 高崎駅〜大胡駅線　［5455・5456］, 高崎駅〜大胡駅線　［5459］, 高崎駅〜大胡駅線　［5460］"
中居町一丁目,（株）群馬バス,高崎駅東口〜日赤病院線
中居町一丁目,高崎市,9群馬の森線
新田大町,太田市,西バス系統
柴崎町,日本中央バス（株）,"高崎駅〜大胡駅線　［5452］, 高崎駅〜大胡駅線　［5453］, 高崎駅〜大胡駅線　［5454］, 高崎駅〜大胡駅線　［5465］, 高崎駅〜大胡駅線　［5455・5456］, 高崎駅〜大胡駅線　［5459］, 高崎駅〜大胡駅線　［5460］"
北公民館,伊勢崎市,"あずまシャトルバス, 伊勢崎駅南巡回バス, 境シャトルバス, 東西シャトルバス, 南部シャトルバス"
大類公民館入口,（株）群馬バス,高崎駅東口〜日赤病院線
大類公民館入口,高崎市,9群馬の森線
大類公民館入口,日本中央バス（株）,"高崎駅〜大胡駅線　［5452］, 高崎駅〜大胡駅線　［5453］, 高崎駅〜大胡駅線　［5454］, 高崎駅〜大胡駅線　［5465］, 高崎駅〜大胡駅線　［5455・5456］, 高崎駅〜大胡駅線　［5459］, 高崎駅〜大胡駅線　［5460］"
矢中町入口,高崎市,9群馬の森線
矢中町入口,群馬中央バス（株）,高崎駅前〜上滝〜県立女子大学線
連取町,伊勢崎市,"伊勢崎駅南巡回バス, 宮郷・名和連絡バス"
ヤクルト高崎中央SC前,高崎市,高崎アリーナシャトルバス
北双葉町,高崎市,9群馬の森線
まちかど広瀬,永井運輸（株）,たまりん伊勢崎直行便
まちかど広瀬,伊勢崎市,"あずまシャトルバス, 伊勢崎駅北巡回バス, 境シャトルバス, 赤堀シャトルバス, 東西シャトルバス, 南部シャトルバス, 波志江・赤堀・あずま連絡バス"
高崎公園前,高崎市,"0都心循環線, 観音山線, 少林山線, 高経大線"
嶺公会堂前,（株）群馬バス,安中松井田線
嶺公会堂前,安中市,安中市役所・松井田支所線
鼻高展望花の丘,高崎市,少林山線
切通し南,安中市,岩野谷・間仁田線
鶴見町,高崎市,"倉賀野線, 観音山線, 高崎〜農大〜城山団地〜南陽台線"
鶴見町,（株）上信観光バス,高崎問屋町駅〜鶴辺団地
ウエルシア鳥山店,太田市,韮川・鳥之郷線
新田町,高崎市,"倉賀野線, 観音山線, 高崎〜農大〜城山団地〜南陽台線"
新田町読売ビル,（株）上信観光バス,高崎問屋町駅〜鶴辺団地
慈眼寺裏,群馬中央バス（株）,高崎駅前〜上滝〜県立女子大学線
本町西,伊勢崎市,"あずまシャトルバス, 伊勢崎駅北巡回バス, 境シャトルバス, 赤堀シャトルバス, 東西シャトルバス, 南部シャトルバス, 波志江・赤堀・あずま連絡バス"
本町二番,十王自動車（株）,伊勢崎・本庄線
本町二番,群馬中央バス（株）,"伊勢崎駅〜三光町〜県立女子大線, 県立女子大学〜病院〜伊勢崎駅線"
伊勢崎郵便局,伊勢崎市,"あずまシャトルバス, 伊勢崎駅北巡回バス, 境シャトルバス, 赤堀シャトルバス, 東西シャトルバス, 南部シャトルバス, 波志江・赤堀・あずま連絡バス"
伊勢崎郵便局前,群馬中央バス（株）,"伊勢崎駅〜三光町〜県立女子大線, 県立女子大学〜病院〜伊勢崎駅線"
本町東,伊勢崎市,あずまシャトルバス
上滝,群馬中央バス（株）,高崎駅前〜上滝〜県立女子大学線
古作クリニック玉村分院,永井運輸（株）,たまりん伊勢崎直行便
七曲橋,安中市,"磯部・中野谷線, 岩野谷・間仁田線"
白山神社,安中市,岩野谷・間仁田線
寄居,高崎市,9群馬の森線
寄居,群馬中央バス（株）,高崎駅前〜上滝〜県立女子大学線
板井住民センター,永井運輸（株）,たまりん西コース
本町郵便局前,十王自動車（株）,伊勢崎・本庄線
高崎高校前,高崎市,少林山線
佐藤病院,高崎市,高崎〜農大〜城山団地〜南陽台線
佐藤病院,（株）上信観光バス,高崎問屋町駅〜鶴辺団地
明嶺荘前,（株）群馬バス,安中松井田線
明嶺荘前,安中市,安中市役所・松井田支所線
東本町,伊勢崎市,あずまシャトルバス
進雄神社北,（株）群馬バス,高崎駅東口〜日赤病院線
赤坂,（株）群馬バス,安中松井田線
赤坂,安中市,安中市役所・松井田支所線
ベルシティー入口,安中市,"後閑柿平・安中駅線, 秋間中関・碓氷病院線"
クリーンセンター入口,（株）群馬バス,安中松井田線
クリーンセンター入口,安中市,安中市役所・松井田支所線
メディアメガ高崎前,高崎市,岩鼻線
榎町,群馬中央バス（株）,高崎駅前〜上滝〜県立女子大学線
板井,永井運輸（株）,たまりん西コース
連取町東,伊勢崎市,伊勢崎駅南巡回バス
下大類,群馬中央バス（株）,高崎駅前〜上滝〜県立女子大学線
本町十字路,伊勢崎市,"あずまシャトルバス, 伊勢崎駅南巡回バス, 境シャトルバス, 東西シャトルバス, 南部シャトルバス"
連取本町南,伊勢崎市,宮郷・名和連絡バス
山田かまち美術館入口,高崎市,少林山線
滝川郵便局入口,高崎市,9群馬の森線
南町十字路,高崎市,"倉賀野線, 観音山線, 高崎アリーナシャトルバス"
上福島,永井運輸（株）,"南52　新町玉村線, 庁52　新町玉村線, たまりん北コース"
片岡中学校入口,高崎市,観音山線
坂組,安中市,岩野谷・間仁田線
竜広寺,高崎市,高崎〜農大〜城山団地〜南陽台線
竜広寺,（株）上信観光バス,高崎問屋町駅〜鶴辺団地
宮郷第二小西,群馬中央バス（株）,県立女子大学〜病院〜伊勢崎駅線
綿貫入口,群馬中央バス（株）,高崎駅前〜上滝〜県立女子大学線
西部中央公園,伊勢崎市,伊勢崎駅南巡回バス
老人福祉センター,永井運輸（株）,"たまりん北コース, たまりん伊勢崎直行便"
新伊勢崎駅,伊勢崎市,"あずまシャトルバス, 伊勢崎駅南巡回バス, 宮郷・名和連絡バス, 境シャトルバス, 東西シャトルバス, 南部シャトルバス"
下植木町,伊勢崎市,あずまシャトルバス
宮内集会所前,（株）群馬バス,安中松井田線
宮内集会所前,安中市,安中市役所・松井田支所線
栄町,高崎市,倉賀野線
原市四丁目,安中市,"後閑柿平・安中駅線, 秋間中関・碓氷病院線"
工業団地入口東,伊勢崎市,東西シャトルバス
双葉町,高崎市,"倉賀野線, 9群馬の森線"
板井公民館,永井運輸（株）,たまりん西コース
上組,安中市,岩野谷・間仁田線
Gメッセ群馬,高崎市,"倉賀野線, 9群馬の森線"
片岡町一丁目,高崎市,観音山線
水口,安中市,"磯部・中野谷線, 岩野谷・間仁田線"
佐野中学校前,高崎市,"倉賀野線, 9群馬の森線"
粕川公園北,伊勢崎市,東西シャトルバス
三光町,十王自動車（株）,伊勢崎・本庄線
三光町,群馬中央バス（株）,伊勢崎駅〜三光町〜県立女子大線
板井団地入口,群馬中央バス（株）,高崎駅前〜上滝〜県立女子大学線
上中居郵便局前,高崎市,"倉賀野線, 9群馬の森線"
原市下町,（株）群馬バス,安中松井田線
原市下町,安中市,安中市役所・松井田支所線
上中居町東,高崎市,"倉賀野線, 9群馬の森線"
永久橋西,群馬中央バス（株）,伊勢崎駅〜三光町〜県立女子大線
若葉町,十王自動車（株）,伊勢崎・本庄線
聖石橋,高崎市,高崎〜農大〜城山団地〜南陽台線
聖石橋,（株）上信観光バス,高崎問屋町駅〜鶴辺団地
日乃出町南,伊勢崎市,東西シャトルバス
中居町二丁目,高崎市,9群馬の森線
ふくしプラザ前,伊勢崎市,"宮郷・名和連絡バス, 南部シャトルバス"
松井田病院入口,（株）群馬バス,安中松井田線
松井田病院入口,安中市,安中市役所・松井田支所線
西松井田駅,（株）群馬バス,安中松井田線
西松井田駅,安中市,安中市役所・松井田支所線
和田町,高崎市,"倉賀野線, 観音山線, 高崎アリーナシャトルバス"
東野殿,安中市,岩野谷・間仁田線
特別支援学校・キャンプ場,高崎市,少林山線
板井,群馬中央バス（株）,高崎駅前〜上滝〜県立女子大学線
片岡小学校前,高崎市,観音山線
碓氷病院前,（株）群馬バス,安中松井田線
碓氷病院前,安中市,"安中市役所・松井田支所線, 安中榛名駅・磯部駅線, 後閑柿平・安中駅線, 秋間中関・碓氷病院線"
下滝西,（株）群馬バス,高崎駅東口〜日赤病院線
八坂神社前,永井運輸（株）,たまりん西コース
玉村大橋北,群馬中央バス（株）,"伊勢崎駅〜三光町〜県立女子大線, 県立女子大学〜病院〜伊勢崎駅線"
東本町南,伊勢崎市,"あずまシャトルバス, 伊勢崎駅南巡回バス, 境シャトルバス, 東西シャトルバス"
連取元町北,伊勢崎市,"伊勢崎駅南巡回バス, 宮郷・名和連絡バス"
原森研修所,永井運輸（株）,たまりん北コース
護国神社前,高崎市,観音山線
原市三丁目,安中市,"後閑柿平・安中駅線, 秋間中関・碓氷病院線"
総合卸売市場前,（株）群馬バス,高崎駅東口〜日赤病院線
旧役場前,（株）群馬バス,安中松井田線
旧役場前,安中市,安中市役所・松井田支所線
医師会病院,伊勢崎市,"あずまシャトルバス, 伊勢崎駅南巡回バス, 境シャトルバス, 東西シャトルバス"
中居小学校前,高崎市,9群馬の森線
連取元町,群馬中央バス（株）,伊勢崎駅〜三光町〜県立女子大線
吉田歯科医院前,高崎市,高崎アリーナシャトルバス
上下水道局西,伊勢崎市,"伊勢崎駅南巡回バス, 宮郷・名和連絡バス"
雷電神社入口東,伊勢崎市,東西シャトルバス
松井田支所,（株）群馬バス,安中松井田線
松井田支所,安中市,安中市役所・松井田支所線
石原局前,高崎市,高崎〜農大〜城山団地〜南陽台線
福島橋北,永井運輸（株）,たまりん北コース
石原局,（株）上信観光バス,高崎問屋町駅〜鶴辺団地
高崎アリーナ,高崎市,高崎アリーナシャトルバス
福島橋,永井運輸（株）,"南52　新町玉村線, 庁52　新町玉村線"
福島橋,群馬中央バス（株）,"伊勢崎駅〜三光町〜県立女子大線, 県立女子大学〜病院〜伊勢崎駅線"
上福島郵便局前,永井運輸（株）,たまりん北コース
新田暁高校,伊勢崎市,東西シャトルバス
新田暁高校,太田市,"新田線, 西バス系統"
商工会館前,（株）群馬バス,安中松井田線
商工会館前,安中市,安中市役所・松井田支所線
下和田町,高崎市,"倉賀野線, 観音山線"
原市二丁目,安中市,"後閑柿平・安中駅線, 秋間中関・碓氷病院線"
辰巳,群馬中央バス（株）,高崎駅前〜上滝〜県立女子大学線
中居小学校南,高崎市,9群馬の森線
宗真寺前,高崎市,高崎アリーナシャトルバス
上福島,群馬中央バス（株）,"伊勢崎駅〜三光町〜県立女子大線, 県立女子大学〜病院〜伊勢崎駅線"
連取,群馬中央バス（株）,"伊勢崎駅〜三光町〜県立女子大線, 県立女子大学〜病院〜伊勢崎駅線"
八坂町,伊勢崎市,"宮郷・名和連絡バス, 南部シャトルバス"
中居団地東,高崎市,9群馬の森線
板井,永井運輸（株）,たまりん西コース
森下,群馬中央バス（株）,"伊勢崎駅〜三光町〜県立女子大線, 県立女子大学〜病院〜伊勢崎駅線"
嶺向,（株）群馬バス,安中松井田線
嶺向,安中市,安中市役所・松井田支所線
三枚橋駅,太田市,韮川・鳥之郷線
丸山団地南,高崎市,観音山線
片岡町二丁目,高崎市,観音山線
藤巻医院前,（株）群馬バス,安中松井田線
藤巻医院前,安中市,安中市役所・松井田支所線
原市小前,安中市,安中榛名駅・磯部駅線
岡本医院前,群馬中央バス（株）,"伊勢崎駅〜三光町〜県立女子大線, 県立女子大学〜病院〜伊勢崎駅線"
上渕名十字路東,伊勢崎市,"あずま・境連絡バス, 東西シャトルバス"
西上の宮,群馬中央バス（株）,"伊勢崎駅〜三光町〜県立女子大線, 県立女子大学〜病院〜伊勢崎駅線"
乗附五ツ塚,高崎市,少林山線
原市四つ角,（株）群馬バス,安中松井田線
原市四つ角,安中市,安中市役所・松井田支所線
城南野球場,高崎市,高崎アリーナシャトルバス
斉田公民館前,永井運輸（株）,たまりん西コース
田中神社,群馬中央バス（株）,"伊勢崎駅〜三光町〜県立女子大線, 県立女子大学〜病院〜伊勢崎駅線"
上の宮,群馬中央バス（株）,"伊勢崎駅〜三光町〜県立女子大線, 県立女子大学〜病院〜伊勢崎駅線"
観音山中腹,高崎市,観音山線
原森,永井運輸（株）,たまりん北コース
東上の宮,群馬中央バス（株）,"伊勢崎駅〜三光町〜県立女子大線, 県立女子大学〜病院〜伊勢崎駅線"
下中居町西,高崎市,倉賀野線
連取十字路西,群馬中央バス（株）,"伊勢崎駅〜三光町〜県立女子大線, 県立女子大学〜病院〜伊勢崎駅線"
新後閑郵便局前,高崎市,"倉賀野線, 観音山線"
池田,安中市,磯部・中野谷線
児童センター,伊勢崎市,境シャトルバス
原市公民館入口,安中市,安中榛名駅・磯部駅線
松井田四つ角,（株）群馬バス,安中松井田線
松井田四つ角,安中市,安中市役所・松井田支所線
馬場,安中市,磯部・中野谷線
石原町,高崎市,観音山線
境トレセン,伊勢崎市,"あずま・境連絡バス, 東西シャトルバス"
連取元町,伊勢崎市,"伊勢崎駅南巡回バス, 宮郷・名和連絡バス"
水境,安中市,岩野谷・間仁田線
八本木,安中市,安中榛名駅・磯部駅線
新後閑町,高崎市,高崎アリーナシャトルバス
田口医院前,（株）群馬バス,安中松井田線
田口医院前,安中市,安中市役所・松井田支所線
高崎高等特別支援学校,永井運輸（株）,たまりん高崎直行便
パルタウン集会所,太田市,宝泉・新田線
高等特別支援学校前,高崎市,9群馬の森線
下滝町,高崎市,9群馬の森線
保育園入口,高崎市,高崎〜農大〜城山団地〜南陽台線
保育園入口（石原第一）,（株）上信観光バス,高崎問屋町駅〜鶴辺団地
東新井北,伊勢崎市,東西シャトルバス
斉田,群馬中央バス（株）,高崎駅前〜上滝〜県立女子大学線
白衣観音前,高崎市,観音山線
ヘルスパーククリニック前,高崎市,9群馬の森線
下中居町東,高崎市,倉賀野線
清水寺石段下,高崎市,観音山線
原市四区公会堂前,安中市,安中榛名駅・磯部駅線
下町郵便局前,（株）群馬バス,安中松井田線
下町郵便局前,安中市,安中市役所・松井田支所線
和田多中町,高崎市,"倉賀野線, 岩鼻線"
矢場新町,太田市,韮川・鳥之郷線
黒沢病院附属ヘルスパーククリニック,永井運輸（株）,たまりん高崎直行便
フレッセイ玉村店,永井運輸（株）,"たまりん北コース, たまりん西コース"
安良岡町ゴールドタウン,太田市,東バス系統
観音山頂,高崎市,観音山線
連取元町,十王自動車（株）,伊勢崎・本庄線
東新井,伊勢崎市,あずま・境連絡バス
福島公民館,永井運輸（株）,"南52　新町玉村線, 庁52　新町玉村線"
福島公民館,群馬中央バス（株）,"伊勢崎駅〜三光町〜県立女子大線, 県立女子大学〜病院〜伊勢崎駅線"
下中居普門寺前,高崎市,倉賀野線
森下団地,永井運輸（株）,たまりん北コース
伊与久沼公園,伊勢崎市,境シャトルバス
社会福祉会館東,伊勢崎市,"宮郷・名和連絡バス, 南部シャトルバス"
市役所,伊勢崎市,"伊勢崎駅南巡回バス, 宮郷・名和連絡バス, 南部シャトルバス"
角田病院前,永井運輸（株）,たまりん西コース
綿打行政センター前,伊勢崎市,東西シャトルバス
綿打行政センター,太田市,"新田線, 西バス系統"
普門寺,安中市,磯部・中野谷線
大根西,伊勢崎市,東西シャトルバス
綿貫町北,（株）群馬バス,高崎駅東口〜日赤病院線
前小峰,安中市,岩野谷・間仁田線
今泉町二丁目,伊勢崎市,伊勢崎駅南巡回バス
原市雲雀,（株）群馬バス,安中松井田線
水境集荷所,安中市,岩野谷・間仁田線
原市雲雀,安中市,安中市役所・松井田支所線
満福寺入口,安中市,安中榛名駅・磯部駅線
特別支援学校北,伊勢崎市,境シャトルバス
アピタ高崎店前,高崎市,9群馬の森線
アピタ高崎店前,永井運輸（株）,たまりん高崎直行便
長坂,安中市,岩野谷・間仁田線
小祝神社,高崎市,高崎〜農大〜城山団地〜南陽台線
小祝神社,（株）上信観光バス,高崎問屋町駅〜鶴辺団地
国土交通省前,（株）群馬バス,安中松井田線
国土交通省前,安中市,安中市役所・松井田支所線
上渕名会議所,伊勢崎市,あずま・境連絡バス
大竹住民センター,安中市,磯部・中野谷線
下中居町南,高崎市,倉賀野線
斉田,永井運輸（株）,たまりん西コース
矢中町西,高崎市,倉賀野線
しまむら前,永井運輸（株）,たまりん東コース
大根,太田市,新田線
上佐野町北,高崎市,倉賀野線
国立のぞみの園,高崎市,観音山線
郷原東,（株）群馬バス,安中松井田線
郷原東,安中市,安中市役所・松井田支所線
上佐野町,高崎市,岩鼻線
本郷,太田市,新田線
交通安全協会,伊勢崎市,伊勢崎駅南巡回バス
石原町清水下,高崎市,観音山線
観音山公園,高崎市,観音山線
東新井会議所北,伊勢崎市,あずま・境連絡バス
韮川駅西,太田市,東バス系統
連取新田,十王自動車（株）,伊勢崎・本庄線
道の駅玉村宿,永井運輸（株）,"たまりん西コース, たまりん高崎直行便"
番匠屋敷,（株）群馬バス,安中松井田線
番匠屋敷,安中市,安中市役所・松井田支所線
大坂山入口,高崎市,"観音山線, 高崎〜農大〜城山団地〜南陽台線"
大坂山入口,（株）上信観光バス,高崎問屋町駅〜鶴辺団地
佐野小学校入口,高崎市,倉賀野線
金井十字路,太田市,新田線
石原町東,高崎市,観音山線
下渕名北,伊勢崎市,あずま・境連絡バス
矢中郵便局前,高崎市,倉賀野線
福島,永井運輸（株）,"南52　新町玉村線, 庁52　新町玉村線"
福島,群馬中央バス（株）,"伊勢崎駅〜三光町〜県立女子大線, 県立女子大学〜病院〜伊勢崎駅線"
茂呂島団地,伊勢崎市,"宮郷・名和連絡バス, 南部シャトルバス"
登城,安中市,磯部・中野谷線
清瀬公園前,太田市,宝泉・新田線
郷原西,（株）群馬バス,安中松井田線
郷原西,安中市,安中市役所・松井田支所線
ハーモニー高崎ケアセンター,高崎市,9群馬の森線
日枝神社前,（株）群馬バス,安中松井田線
日枝神社前,安中市,安中市役所・松井田支所線
交番・消防署北,太田市,新田線
新雁行橋西,高崎市,観音山線
洞窟観音入口,高崎市,観音山線
七区公会堂前,（株）群馬バス,安中松井田線
七区公会堂前,安中市,安中市役所・松井田支所線
染料植物園入口,高崎市,観音山線
旧郷原分校前,（株）群馬バス,安中松井田線
郷原分校前,安中市,安中市役所・松井田支所線
南玉公園前,永井運輸（株）,たまりん東コース
町営八幡団地前,永井運輸（株）,たまりん西コース
文化センター,永井運輸（株）,"たまりん北コース, たまりん南コース, たまりん東コース"
交通広場,永井運輸（株）,"たまりん高崎直行便, たまりん伊勢崎直行便"
矢場町,太田市,韮川・鳥之郷線
須山,安中市,岩野谷・間仁田線
岩鼻長寿センター前,高崎市,9群馬の森線
茂呂町一丁目,伊勢崎市,伊勢崎駅南巡回バス
新田診療所前,太田市,新田線
下斎田町,高崎市,9群馬の森線
両水前,永井運輸（株）,たまりん東コース
金平居,安中市,磯部・中野谷線
生品神社入口,太田市,新田線
磯部公民館,安中市,磯部・中野谷線
玉村高校,群馬中央バス（株）,高崎駅前〜上滝〜県立女子大学線
城南大橋西,高崎市,観音山線
松栄,安中市,岩野谷・間仁田線
太田東高校南,太田市,東バス系統
南玉公民館前,永井運輸（株）,たまりん東コース
磯部入口,安中市,安中榛名駅・磯部駅線
染料植物園駐車場前,高崎市,観音山線
倉賀野町西上正六,高崎市,倉賀野線
いわたバディーズクリニック,高崎市,倉賀野線
今井町,十王自動車（株）,伊勢崎・本庄線
消防団第二分団前,永井運輸（株）,たまりん西コース
茂呂郵便局,伊勢崎市,伊勢崎駅南巡回バス
台之郷公園,太田市,東バス系統
反町薬師入口,太田市,新田線
上佐野町寺前,高崎市,岩鼻線
綿貫町,高崎市,"岩鼻線, 9群馬の森線"
玉村町役場,永井運輸（株）,"南52　新町玉村線, 庁52　新町玉村線, 新町玉村線, （臨時）新町玉村線, たまりん北コース, たまりん南コース, たまりん東コース, たまりん西コース, たまりん高崎直行便, たまりん伊勢崎直行便"
玉村町役場入口,永井運輸（株）,"南52　新町玉村線, 庁52　新町玉村線"
玉村町役場入口,群馬中央バス（株）,"伊勢崎駅〜三光町〜県立女子大線, 県立女子大学〜病院〜伊勢崎駅線"
昭和病院,高崎市,岩鼻線
昭和病院,永井運輸（株）,たまりん高崎直行便
荒木医院前,太田市,新田線
磯部児童公園,安中市,磯部・中野谷線
高崎松風園・森の木クリニック,永井運輸（株）,たまりん高崎直行便
南玉,永井運輸（株）,たまりん東コース
農大二高入口,高崎市,"観音山線, 高崎〜農大〜城山団地〜南陽台線"
農大二高入口,（株）上信観光バス,高崎問屋町駅〜鶴辺団地
下之宮（北）,永井運輸（株）,たまりん東コース
今井町,伊勢崎市,宮郷・名和連絡バス
茂呂島団地南,伊勢崎市,南部シャトルバス
上耕地,安中市,岩野谷・間仁田線
ジョイフル本田新田店,太田市,"西バス系統：新田早川線, 西バス系統, 宝泉・新田線"
栗崎町,高崎市,9群馬の森線
綿貫団地南,高崎市,"岩鼻線, 9群馬の森線"
ジョイフルホンダ西,太田市,新田線
下渕名七区会議所,伊勢崎市,あずま・境連絡バス
伊与久二区,伊勢崎市,境シャトルバス
玉村三丁目,永井運輸（株）,新町玉村線
姥山入口,高崎市,観音山線
阿弥大寺町,伊勢崎市,宮郷・名和連絡バス
産業創造館入口,高崎市,岩鼻線
玉村四丁目,永井運輸（株）,新町玉村線
四丁目角,群馬中央バス（株）,高崎駅前〜上滝〜県立女子大学線
森の木クリニック前,高崎市,9群馬の森線
玉村五丁目,永井運輸（株）,新町玉村線
玉村五丁目,群馬中央バス（株）,高崎駅前〜上滝〜県立女子大学線
玉村六丁目,永井運輸（株）,新町玉村線
玉村六丁目,群馬中央バス（株）,高崎駅前〜上滝〜県立女子大学線
館東,高崎市,観音山線
女子大入口,永井運輸（株）,新町玉村線
玉村町役場南,群馬中央バス（株）,高崎駅前〜上滝〜県立女子大学線
上平,安中市,岩野谷・間仁田線
倉賀野町西,高崎市,"倉賀野線, 岩鼻線"
般若,太田市,新田線
広瀬公園,伊勢崎市,宮郷・名和連絡バス
北千木町,伊勢崎市,境シャトルバス
平成クリニック前,永井運輸（株）,たまりん西コース
とりせん前,永井運輸（株）,"たまりん南コース, たまりん東コース"
八幡原町,高崎市,9群馬の森線
磯部幼稚園,安中市,磯部・中野谷線
岩鼻小学校前,高崎市,9群馬の森線
サンピエール病院前,高崎市,"倉賀野線, 岩鼻線"
中町,十王自動車（株）,伊勢崎・本庄線
西光寺,永井運輸（株）,たまりん西コース
ベルクフォルテ太田店,太田市,宝泉・新田線
小塚,高崎市,観音山線
韮川行政センター,太田市,韮川・鳥之郷線
山王団地,伊勢崎市,"宮郷・名和連絡バス, 南部シャトルバス"
寺尾小学校,高崎市,高崎〜農大〜城山団地〜南陽台線
高風園前,高崎市,観音山線
町営上新田団地,永井運輸（株）,新町玉村線
恵みの湯,安中市,磯部・中野谷線
新田庁舎,太田市,西バス系統
恵みの湯前,安中市,安中榛名駅・磯部駅線
館西,高崎市,観音山線
愛光園前,太田市,西バス系統：新田早川線
磯部温泉,安中市,安中榛名駅・磯部駅線
高崎量子応用研究所,高崎市,"岩鼻線, 9群馬の森線"
農大二高,高崎市,"観音山線, 高崎〜農大〜城山団地〜南陽台線"
農大二高,（株）上信観光バス,高崎問屋町駅〜鶴辺団地
倉賀野町正六,高崎市,岩鼻線
脇屋入口,太田市,新田線
石原住宅北,太田市,韮川・鳥之郷線
奥平入口,高崎市,観音山線
消防団第七分団前,永井運輸（株）,たまりん東コース
愛妻橋,安中市,磯部・中野谷線
五十嵐医院下之宮出張前,永井運輸（株）,たまりん東コース
倉賀野町桜木,高崎市,倉賀野線
別所,太田市,新田線
下佐野町北,高崎市,倉賀野線
ユーランド新田,太田市,"西バス系統：新田早川線, 西バス系統"
八幡原公民館前,高崎市,9群馬の森線
台新田町,高崎市,9群馬の森線
倉賀野駅前,高崎市,"倉賀野線, 岩鼻線"
綿打中学校前,太田市,西バス系統：新田早川線
玉村ショッピングセンター,永井運輸（株）,"たまりん南コース, たまりん西コース"
茂呂大橋西,伊勢崎市,南部シャトルバス
境采女公民館,伊勢崎市,あずま・境連絡バス
鉱泉地,安中市,磯部・中野谷線
フレッセイ倉賀野西店前,高崎市,岩鼻線
新田遺跡入口,太田市,宝泉・新田線
みつわ団地入口,永井運輸（株）,たまりん東コース
茂呂大橋東,伊勢崎市,南部シャトルバス
磯部駅北口,安中市,磯部・中野谷線
アパート前,（株）上信観光バス,高崎問屋町駅〜鶴辺団地
中寺尾,高崎市,高崎〜農大〜城山団地〜南陽台線
新道町,太田市,新田線
県立女子大学,群馬中央バス（株）,"伊勢崎駅〜三光町〜県立女子大線, 県立女子大学〜病院〜伊勢崎駅線, 高崎駅前〜上滝〜県立女子大学線"
本今井町,十王自動車（株）,伊勢崎・本庄線
磯部駅,安中市,安中榛名駅・磯部駅線
太田記念病院,太田市,"新田線, 韮川・鳥之郷線, 宝泉・新田線"
太田記念病院,千代田町・大泉町,"1/3大泉・千代田線, 2/4大泉・千代田線"
玉村中央クリニック前,永井運輸（株）,たまりん南コース
倉賀野駅東,高崎市,倉賀野線
Aコープ新田店北,太田市,西バス系統：新田早川線
昭和,安中市,岩野谷・間仁田線
南部眼科前,永井運輸（株）,"たまりん南コース, たまりん東コース"
藤阿久,太田市,新田線
県立女子大学前,永井運輸（株）,たまりん南コース
県立女子大前,永井運輸（株）,新町玉村線
群馬の森,高崎市,"岩鼻線, 9群馬の森線"
倉賀野中学校入口,高崎市,岩鼻線
新寺,安中市,磯部・中野谷線
天啓園,伊勢崎市,宮郷・名和連絡バス
鶴辺団地,（株）上信観光バス,高崎問屋町駅〜鶴辺団地
上之手,永井運輸（株）,新町玉村線
太田記念病院南,太田市,新田線
太田記念病院南,千代田町・大泉町,"1/3大泉・千代田線, 2/4大泉・千代田線"
東横野公民館,安中市,磯部・中野谷線
和田公民館,伊勢崎市,宮郷・名和連絡バス
磯部駅南口,安中市,磯部・中野谷線
倉賀野神社入口,高崎市,岩鼻線
太田合同庁舎前,太田市,新田線
県立伊勢崎高校西,伊勢崎市,"境シャトルバス, 南部シャトルバス"
倉賀野公民館前,高崎市,"倉賀野線, 岩鼻線"
永福寺,高崎市,高崎〜農大〜城山団地〜南陽台線
総合運動公園,永井運輸（株）,新町玉村線
倉賀野上町,高崎市,岩鼻線
上之手団地,永井運輸（株）,新町玉村線
上之手公民館前,永井運輸（株）,新町玉村線
ダイヤパレス西,永井運輸（株）,新町玉村線
太田工業高校,太田市,東バス系統
五賀,安中市,磯部・中野谷線
本島病院前,太田市,新田線
本島病院前,千代田町・大泉町,"1/3大泉・千代田線, 2/4大泉・千代田線"
太田六丁目,太田市,新田線
太田六丁目,千代田町・大泉町,"1/3大泉・千代田線, 2/4大泉・千代田線"
大門入口,太田市,新田線
太田三丁目,太田市,新田線
倉賀野仲町,高崎市,"倉賀野線, 岩鼻線"
信越前,安中市,磯部・中野谷線
太田二丁目,太田市,新田線
文新,安中市,磯部・中野谷線
柴町北,伊勢崎市,宮郷・名和連絡バス
上之手公民館南,永井運輸（株）,たまりん南コース
下佐野町,高崎市,倉賀野線
日本化薬入口,高崎市,岩鼻線
アバンセ前,永井運輸（株）,たまりん南コース
大門整形外科前,永井運輸（株）,"たまりん南コース, たまりん東コース"
中耕地入口,安中市,岩野谷・間仁田線
ふれあいセンター,伊勢崎市,宮郷・名和連絡バス
倉賀野下町,高崎市,岩鼻線
消防団第五分団前,永井運輸（株）,たまりん東コース
いずみ団地南,太田市,西バス系統：新田早川線
イオンモール太田,太田市,"東バス系統, 韮川・鳥之郷線"
イオンモール太田,（株）矢島タクシー,イオンモール太田線
上奥平西,高崎市,坂口・奥平線
太田駅北口,太田市,"新田線, 尾島線"
見晴台団地入口,高崎市,高崎〜農大〜城山団地〜南陽台線
堀口町北,十王自動車（株）,伊勢崎・本庄線
茂呂中央公園,伊勢崎市,南部シャトルバス
三条機械前,高崎市,岩鼻線
宗伝寺東,高崎市,坂口・奥平線
川田クリニック北,太田市,宝泉・新田線
新柳瀬橋北,高崎市,岩鼻線
鰻橋,安中市,岩野谷・間仁田線
上之手南,永井運輸（株）,新町玉村線
太田駅南口,千代田町・大泉町,"1/3大泉・千代田線, 2/4大泉・千代田線"
太田駅南口,（株）矢島タクシー,"OTA-Cityシャトル500（熊谷-1）, イオンモール太田線"
隣保館前,伊勢崎市,南部シャトルバス
太田駅,朝日自動車（株）,【KM61】熊谷駅〜上根〜妻沼聖天前〜太田駅
岩鼻町,高崎市,岩鼻線
芝根小学校東,永井運輸（株）,たまりん東コース
カインズホーム前,永井運輸（株）,たまりん南コース
学習の森,安中市,岩野谷・間仁田線
根小屋駅入口,高崎市,高崎〜農大〜城山団地〜南陽台線
下佐野町南,高崎市,倉賀野線
黒沢商店前,永井運輸（株）,たまりん南コース
共立,安中市,磯部・中野谷線
市役所東,太田市,尾島線
ぐんま国際アカデミー中・高等部入口,（株）矢島タクシー,イオンモール太田線
ひらが脳神経外科前,永井運輸（株）,たまりん南コース
柴宿本陣跡,伊勢崎市,宮郷・名和連絡バス
城山団地入口,高崎市,高崎〜農大〜城山団地〜南陽台線
太田市役所前,朝日自動車（株）,【KM61】熊谷駅〜上根〜妻沼聖天前〜太田駅
名和小学校前,十王自動車（株）,伊勢崎・本庄線
角渕下之手,永井運輸（株）,たまりん南コース
下茂木,永井運輸（株）,たまりん東コース
角渕北,永井運輸（株）,新町玉村線
保泉ニュータウン北,伊勢崎市,境シャトルバス
木島,伊勢崎市,あずま・境連絡バス
南一番街,太田市,尾島線
南一番街,千代田町・大泉町,"1/3大泉・千代田線, 2/4大泉・千代田線"
南一番街,（株）矢島タクシー,"OTA-Cityシャトル500（熊谷-1）, イオンモール太田線"
久保,安中市,磯部・中野谷線
休泊行政センター,太田市,東バス系統
B＆G海洋センター,永井運輸（株）,たまりん東コース
根小屋町,高崎市,高崎〜農大〜城山団地〜南陽台線
城山一丁目,高崎市,高崎〜農大〜城山団地〜南陽台線
群馬銀行宝泉支店前,太田市,宝泉・新田線
八幡原公民館前,永井運輸（株）,たまりん南コース
飯田町,（株）矢島タクシー,イオンモール太田線
宇貫,永井運輸（株）,たまりん南コース
新島町南,（株）矢島タクシー,イオンモール太田線
五料常楽寺西,永井運輸（株）,たまりん東コース
城山県営住宅前,高崎市,高崎〜農大〜城山団地〜南陽台線
堀口,十王自動車（株）,伊勢崎・本庄線
山王町南,伊勢崎市,南部シャトルバス
羽黒町,伊勢崎市,南部シャトルバス
中町公民館,伊勢崎市,宮郷・名和連絡バス
東京福祉大学,十王自動車（株）,伊勢崎・本庄線
阿久津町,高崎市,倉賀野線
新田下田中会館,太田市,西バス系統：新田早川線
堀口町東,十王自動車（株）,伊勢崎・本庄線
城山団地,高崎市,高崎〜農大〜城山団地〜南陽台線
西川製薬（株）前,永井運輸（株）,たまりん南コース
芝根郵便局前,永井運輸（株）,たまりん東コース
角渕南,永井運輸（株）,新町玉村線
飯田,朝日自動車（株）,【KM61】熊谷駅〜上根〜妻沼聖天前〜太田駅
角渕八幡宮東,永井運輸（株）,たまりん南コース
上矢島,伊勢崎市,あずま・境連絡バス
川井八幡宮前,永井運輸（株）,たまりん東コース
境総合文化センター,伊勢崎市,あずま・境連絡バス
天神町会議所西,伊勢崎市,南部シャトルバス
商科大学前,高崎市,倉賀野線
城山二丁目,高崎市,高崎〜農大〜城山団地〜南陽台線
上田島会館前,太田市,宝泉・新田線
阿久津町南,高崎市,倉賀野線
保泉ニュータウン南,伊勢崎市,境シャトルバス
東京福祉大学前,十王自動車（株）,伊勢崎・本庄線
日向入口,高崎市,高崎〜農大〜城山団地〜南陽台線
金井沢の碑入口,高崎市,高崎〜農大〜城山団地〜南陽台線
上宿,安中市,磯部・中野谷線
境西今井,伊勢崎市,あずま・境連絡バス
群馬銀行太田支店前,太田市,尾島線
群馬銀行太田支店前,（株）矢島タクシー,OTA-Cityシャトル500（熊谷-1）
群馬銀行太田支店前,千代田町・大泉町,"1/3大泉・千代田線, 2/4大泉・千代田線"
五料公民館前,永井運輸（株）,たまりん東コース
木崎郵便局,太田市,西バス系統
川井公民館前,永井運輸（株）,たまりん東コース
下宿,安中市,磯部・中野谷線
豊受橋,伊勢崎市,南部シャトルバス
商科大学入口,高崎市,倉賀野線
木部町北,高崎市,倉賀野線
水琴亭,高崎市,高崎〜農大〜城山団地〜南陽台線
戸谷塚町,伊勢崎市,宮郷・名和連絡バス
福島町北,伊勢崎市,宮郷・名和連絡バス
飯倉公民館前,永井運輸（株）,たまりん東コース
休泊小学校東,太田市,東バス系統
太田年金事務所前,太田市,東バス系統
西平,高崎市,坂口・奥平線
宝泉行政センター,太田市,宝泉・新田線
除ヶ公園,十王自動車（株）,伊勢崎・本庄線
除ヶ公園,伊勢崎市,宮郷・名和連絡バス
北藤岡駅前,藤岡市,三ツ木〜高山線
ベルク竜舞店,太田市,東バス系統
城山病院入口,朝日自動車（株）,【KM61】熊谷駅〜上根〜妻沼聖天前〜太田駅
五料,永井運輸（株）,たまりん東コース
中山峠,高崎市,高崎〜農大〜城山団地〜南陽台線
馬見塚駐在所,伊勢崎市,南部シャトルバス
南八幡中学校前,高崎市,倉賀野線
長命寺西,太田市,宝泉・新田線
森公会堂前,藤岡市,三ツ木〜高山線
原病院,伊勢崎市,境シャトルバス
上武大学北,伊勢崎市,宮郷・名和連絡バス
城山病院前,太田市,尾島線
城山病院前,千代田町・大泉町,"1/3大泉・千代田線, 2/4大泉・千代田線"
城山病院前,（株）矢島タクシー,OTA-Cityシャトル500（熊谷-1）
百々東,伊勢崎市,あずま・境連絡バス
坂東小入口,十王自動車（株）,伊勢崎・本庄線
木部町,高崎市,倉賀野線
剛志公民館北,伊勢崎市,境シャトルバス
福島町,伊勢崎市,宮郷・名和連絡バス
さかい聖苑東,伊勢崎市,あずま・境連絡バス
徒坂,高崎市,坂口・奥平線
竜舞駅南口,太田市,東バス系統
傍示塚公民館前,館林市,渡瀬巡回線
竜舞十字路南,太田市,東バス系統
南陽台一丁目,高崎市,"高崎〜農大〜城山団地〜南陽台線, 南陽台・馬庭線"
馬見塚中町,伊勢崎市,南部シャトルバス
上武大入口,永井運輸（株）,新町玉村線
馬見塚十字路,伊勢崎市,南部シャトルバス
市民プラザ北,十王自動車（株）,伊勢崎・本庄線
新町消防団第三分団前,高崎市,35新町線/36新町線
消防団第九分団前,館林市,渡瀬巡回線
温水プール,高崎市,35新町線/36新町線
新町支所北,高崎市,35新町線/36新町線
上武大学入口,伊勢崎市,宮郷・名和連絡バス
子供のもり公園,伊勢崎市,南部シャトルバス
境町駅北口,伊勢崎市,あずま・境連絡バス
上武大入口,十王自動車（株）,伊勢崎・本庄線
上早川田町,館林市,渡瀬巡回線
木崎ドラッグストア前,太田市,西バス系統
吉井物産センター,高崎市,"高崎〜農大〜城山団地〜南陽台線, 坂口・奥平線, 多比良・小串線, 南陽台・馬庭線"
鶴谷病院,伊勢崎市,"境シャトルバス, 境島村シャトルバス, 境南巡回バス"
森郵便局前,藤岡市,三ツ木〜高山線
山名イーストタウン,高崎市,倉賀野線
南陽台二丁目,高崎市,"高崎〜農大〜城山団地〜南陽台線, 南陽台・馬庭線"
境支所,伊勢崎市,境シャトルバス
市民プラザ,伊勢崎市,宮郷・名和連絡バス
ベイシアパワーモールおおた,太田市,東バス系統
境町駅南口,伊勢崎市,"境シャトルバス, 境島村シャトルバス, 境南巡回バス"
マリエール太田前,朝日自動車（株）,【KM61】熊谷駅〜上根〜妻沼聖天前〜太田駅
群馬銀行前,高崎市,35新町線/36新町線
木戸町,館林市,渡瀬巡回線
橋場町,永井運輸（株）,新町玉村線
小山医院前,藤岡市,美土里線
山名郵便局前,高崎市,倉賀野線
境体育館,伊勢崎市,"境シャトルバス, 境南巡回バス"
フレッセイ新町店,高崎市,35新町線/36新町線
上町,伊勢崎市,"境シャトルバス, 境南巡回バス"
BUSターミナルおおた,太田市,"東バス系統, 尾島線"
BUSターミナルおおた,千代田町・大泉町,"1/3大泉・千代田線, 2/4大泉・千代田線"
BUSターミナルおおた,（株）矢島タクシー,OTA-Cityシャトル500（熊谷-1）
境ひがし公園,伊勢崎市,境シャトルバス
運動公園野球場前,千代田町・大泉町,"1/3大泉・千代田線, 2/4大泉・千代田線"
新町郵便局前,永井運輸（株）,新町玉村線
境郵便局,伊勢崎市,境南巡回バス
下奥平三差路,高崎市,坂口・奥平線
八斗島,十王自動車（株）,伊勢崎・本庄線
境社会福祉センター,伊勢崎市,境シャトルバス
富塚公園,伊勢崎市,宮郷・名和連絡バス
栄町,伊勢崎市,境シャトルバス
つどい前,藤岡市,神流線
下武士消防コミュニティセンター,伊勢崎市,境南巡回バス
下道寺町南,伊勢崎市,宮郷・名和連絡バス
川向団地,伊勢崎市,境南巡回バス
木崎跨線橋北,太田市,西バス系統
新町駅,日本中央バス（株）,"奥多野線　［1001・1002］, 奥多野線　［1003］, 奥多野線　［1005・1006］, 奥多野線　［1007・1008］, 奥多野線　［1011・1012］, 奥多野線　［1015・1016］, 奥多野線　［1017］, 奥多野線　［1021］, 奥多野線　［1026］, 奥多野線　［1027］"
新町駅,高崎市,35新町線/36新町線
新町駅,永井運輸（株）,"新町玉村線, （臨時）新町玉村線"
ららん藤岡,藤岡市,"三ツ木〜高山線, 市内循環線, 神流線, 藤岡〜上平線, 美土里線"
自衛隊前,永井運輸（株）,新町玉村線
諏訪町,伊勢崎市,"境島村シャトルバス, 境南巡回バス"
岩平小学校,高崎市,坂口・奥平線
坂口温泉前,高崎市,坂口・奥平線
国道十字路,日本中央バス（株）,"奥多野線　［1001・1002］, 奥多野線　［1003］, 奥多野線　［1005・1006］, 奥多野線　［1007・1008］, 奥多野線　［1011・1012］, 奥多野線　［1015・1016］, 奥多野線　［1017］, 奥多野線　［1021］, 奥多野線　［1026］, 奥多野線　［1027］"
国道十字路,高崎市,35新町線/36新町線
下蓮町北,伊勢崎市,南部シャトルバス
新町駅,藤岡市,神流線
境東町,伊勢崎市,"境島村シャトルバス, 境南巡回バス"
南陽台三丁目,高崎市,"高崎〜農大〜城山団地〜南陽台線, 南陽台・馬庭線"
山名町南,高崎市,倉賀野線
あいメンタルクリニック前,太田市,東バス系統
西矢島,朝日自動車（株）,"【KM61】熊谷駅〜上根〜妻沼聖天前〜太田駅, 【KM62】熊谷駅〜上根〜妻沼聖天前〜西矢島"
下蓮町,伊勢崎市,南部シャトルバス
下早川田町西,館林市,渡瀬巡回線
上蓮町,伊勢崎市,南部シャトルバス
ポリテクセンター群馬前,高崎市,倉賀野線
八斗島南,十王自動車（株）,伊勢崎・本庄線
木崎駅南口,太田市,西バス系統
長沼八幡前,伊勢崎市,南部シャトルバス
東別所,千代田町・大泉町,"1/3大泉・千代田線, 2/4大泉・千代田線"
高崎産業技術専門校,高崎市,"倉賀野線, 南陽台・馬庭線"
つつじ野団地東,館林市,渡瀬巡回線
日高リハビリテーション病院,高崎市,南陽台・馬庭線
八斗島町,伊勢崎市,宮郷・名和連絡バス
越沢入口,高崎市,坂口・奥平線
福祉センター,邑楽町,邑楽町内循環線
下早川田町東,館林市,渡瀬巡回線
神流保育園前,藤岡市,神流線
千原田,邑楽町,邑楽町内循環線
下郷公会堂前,藤岡市,神流線
中野向地,邑楽町,邑楽町内循環線
いちょう並木通り,高崎市,35新町線/36新町線
下早川田町南,館林市,渡瀬巡回線
鈴木建設前,高崎市,坂口・奥平線
岩木入口,高崎市,坂口・奥平線
境公園,伊勢崎市,"境シャトルバス, 境南巡回バス"
高正寺南,邑楽町,邑楽町内循環線
渡瀬公民館東,館林市,渡瀬巡回線
馬庭北,高崎市,南陽台・馬庭線
飯島町北,伊勢崎市,南部シャトルバス
新栄自動車前,邑楽町,邑楽町内循環線
下中林,高崎市,南陽台・馬庭線
東矢島町,太田市,尾島線
新町第十区市営住宅入口,日本中央バス（株）,"奥多野線　［1001・1002］, 奥多野線　［1003］, 奥多野線　［1005・1006］, 奥多野線　［1007・1008］, 奥多野線　［1011・1012］, 奥多野線　［1015・1016］, 奥多野線　［1017］, 奥多野線　［1021］, 奥多野線　［1026］, 奥多野線　［1027］"
小暮公民館,高崎市,南陽台・馬庭線
さわだ医院前,藤岡市,神流線
岩崎神社前,高崎市,坂口・奥平線
長沼本郷町,伊勢崎市,南部シャトルバス
栄町東,伊勢崎市,境南巡回バス
篠塚上組,藤岡市,美土里線
境第一学校給食センター,伊勢崎市,"境島村シャトルバス, 境南巡回バス"
つつじ野団地,館林市,渡瀬巡回線
藤岡総合病院,高崎市,"35新町線/36新町線, 吉井・藤岡線"
藤岡総合病院,藤岡市,"三ツ木〜高山線, 市内循環線, 神流線, 藤岡〜上平線, 美土里線"
久保入口,高崎市,坂口・奥平線
小此木,伊勢崎市,境南巡回バス
藤岡総合病院東,日本中央バス（株）,"奥多野線　［1021］, 奥多野線　［1026］, 奥多野線　［1027］"
藤岡総合病院東,高崎市,35新町線/36新町線
藤岡総合病院東,藤岡市,"三ツ木〜高山線, 市内循環線, 藤岡〜上平線"
公立藤岡総合病院,日本中央バス（株）,"奥多野線　［1021］, 奥多野線　［1026］, 奥多野線　［1027］"
タカナシ乳業群馬工場前,高崎市,35新町線/36新町線
馬庭小裏,高崎市,南陽台・馬庭線
団地入口,日本中央バス（株）,"奥多野線　［1001・1002］, 奥多野線　［1003］, 奥多野線　［1005・1006］, 奥多野線　［1007・1008］, 奥多野線　［1011・1012］, 奥多野線　［1015・1016］, 奥多野線　［1017］, 奥多野線　［1021］, 奥多野線　［1026］, 奥多野線　［1027］"
くまの前公園,伊勢崎市,境南巡回バス
田沼整形外科医院前,邑楽町,邑楽町内循環線
密蔵院前,高崎市,坂口・奥平線
北米岡会館,伊勢崎市,境島村シャトルバス
弥勒寺,高崎市,東谷・西吉井線
篠塚公会堂,藤岡市,美土里線
坂東橋北詰,十王自動車（株）,伊勢崎・本庄線
矢崎加工前,朝日自動車（株）,"【KM61】熊谷駅〜上根〜妻沼聖天前〜太田駅, 【KM62】熊谷駅〜上根〜妻沼聖天前〜西矢島"
下郷,日本中央バス（株）,"奥多野線　［1001・1002］, 奥多野線　［1003］, 奥多野線　［1005・1006］, 奥多野線　［1007・1008］, 奥多野線　［1011・1012］, 奥多野線　［1015・1016］, 奥多野線　［1017］, 奥多野線　［1021］, 奥多野線　［1026］, 奥多野線　［1027］"
小此木東,伊勢崎市,境南巡回バス
世良田上町,太田市,尾島線
とりせん下田島店,太田市,西バス系統
高根区民会館前,館林市,渡瀬巡回線
ふじの花,藤岡市,"三ツ木〜高山線, 市内循環線, 神流線, 美土里線"
穴岡,高崎市,東谷・西吉井線
中央保育園西,邑楽町,邑楽町内循環線
ベイシア大泉店前,千代田町・大泉町,"1/3大泉・千代田線, 2/4大泉・千代田線"
高根町,館林市,渡瀬巡回線
上落合,藤岡市,美土里線
足次町会館前,館林市,渡瀬巡回線
長沼会館,伊勢崎市,"宮郷・名和連絡バス, 南部シャトルバス"
リバーサイドおおしま西,館林市,渡瀬巡回線
山田電機前,藤岡市,三ツ木〜高山線
高根町南,館林市,渡瀬巡回線
多胡碑記念館前,高崎市,東谷・西吉井線
首塚八幡宮前,高崎市,35新町線/36新町線
長沼町,伊勢崎市,"宮郷・名和連絡バス, 南部シャトルバス"
県立館林美術館前,館林市,多々良巡回線
県立館林美術館入口,館林市,多々良巡回線
世良田交差点東,太田市,尾島線
清水歯科前,藤岡市,"三ツ木〜高山線, 美土里線"
下池,高崎市,東谷・西吉井線
岡之郷,日本中央バス（株）,"奥多野線　［1001・1002］, 奥多野線　［1003］, 奥多野線　［1005・1006］, 奥多野線　［1007・1008］, 奥多野線　［1011・1012］, 奥多野線　［1015・1016］, 奥多野線　［1017］, 奥多野線　［1021］, 奥多野線　［1026］, 奥多野線　［1027］"
中島会議所,伊勢崎市,"境シャトルバス, 境南巡回バス"
ミニストップ本動堂店,藤岡市,美土里線
萩の宮団地,藤岡市,美土里線
関越側道新田北,藤岡市,神流線
第四小学校前,館林市,館林・板倉北線
リバーサイドおおしま東,館林市,渡瀬巡回線
世良田下町,太田市,尾島線
萩の宮団地入口,藤岡市,三ツ木〜高山線
今井,太田市,尾島線
運動公園前,高崎市,東谷・西吉井線
上池,高崎市,"坂口・奥平線, 多比良・小串線, 東谷・西吉井線, 南陽台・馬庭線"
境東公民館,伊勢崎市,境島村シャトルバス
大島神社入口,館林市,館林・板倉北線
真光寺前,高崎市,南陽台・馬庭線
六軒町,藤岡市,三ツ木〜高山線
馬庭東,高崎市,南陽台・馬庭線
セブンイレブン岡之郷店,藤岡市,神流線
台薬師前,藤岡市,三ツ木〜高山線
岡里区民館入口,館林市,館林・板倉北線
七興山古墳入口,藤岡市,三ツ木〜高山線
堀江病院,朝日自動車（株）,"【KM61】熊谷駅〜上根〜妻沼聖天前〜太田駅, 【KM62】熊谷駅〜上根〜妻沼聖天前〜西矢島"
稲荷神社前,藤岡市,神流線
セブンイレブン新町中河原店,高崎市,35新町線/36新町線
出塚新田西,太田市,尾島線
小棚西,高崎市,東谷・西吉井線
邸前,日本中央バス（株）,"奥多野線　［1021］, 奥多野線　［1026］, 奥多野線　［1027］"
邸前,藤岡市,"三ツ木〜高山線, 市内循環線"
とりせん邑楽町店,邑楽町,邑楽町内循環線
南矢島町,太田市,尾島線
ミニストップ中栗須店,藤岡市,美土里線
落合,藤岡市,三ツ木〜高山線
コープぐんま中野店,邑楽町,邑楽町内循環線
堀江病院前,太田市,尾島線
川島脳神経外科医院前,館林市,渡瀬巡回線
尾島庁舎前,太田市,尾島線
本動堂,藤岡市,美土里線
泉,高崎市,南陽台・馬庭線
関越側道新田南,藤岡市,神流線
JA邑楽支所前,邑楽町,邑楽町内循環線
渡瀬歩道橋,館林市,渡瀬巡回線
正儀内東,館林市,"館林・板倉北線, 渡瀬巡回線"
薬師寺整形外科前,藤岡市,神流線
西高根町,館林市,多々良巡回線
西丘神社入口,館林市,館林・板倉北線
上郷新田,藤岡市,神流線
岩井西,高崎市,南陽台・馬庭線
片山,高崎市,東谷・西吉井線
第1浄水場前,館林市,館林・板倉北線
フィール,藤岡市,市内循環線
農協神流支店,日本中央バス（株）,"奥多野線　［1001・1002］, 奥多野線　［1003］, 奥多野線　［1005・1006］, 奥多野線　［1007・1008］, 奥多野線　［1011・1012］, 奥多野線　［1015・1016］, 奥多野線　［1017］, 奥多野線　［1021］, 奥多野線　［1026］, 奥多野線　［1027］"
セブンイレブン邑楽蛭沼店,邑楽町,邑楽町内循環線
四ッ角,高崎市,東谷・西吉井線
岡野集落センター前,館林市,渡瀬巡回線
西谷田郵便局前,館林市,館林・板倉北線
西岡新田新田前,館林市,館林・板倉北線
牛沢十字路,太田市,尾島線
ベイシア前,高崎市,"坂口・奥平線, 多比良・小串線, 東谷・西吉井線, 南陽台・馬庭線"
尾島歴史公園,太田市,尾島線
大沢建設前,太田市,西バス系統
富沢団地南,太田市,尾島線
岡野町東,館林市,渡瀬巡回線
東部工業団地西,館林市,館林・板倉北線
高林南町,太田市,尾島線
下栗須宮本,日本中央バス（株）,"奥多野線　［1021］, 奥多野線　［1026］, 奥多野線　［1027］"
下栗須公会堂前,藤岡市,神流線
県営住宅前,館林市,"館林・板倉北線, 渡瀬巡回線"
北向会議所,伊勢崎市,"境シャトルバス, 境南巡回バス"
老人センター入口,千代田町・大泉町,"1/3大泉・千代田線, 2/4大泉・千代田線"
多々良公民館南,館林市,多々良巡回線
県立がんセンター入口,太田市,尾島線
西島前河原,伊勢崎市,境シャトルバス
末広町北,太田市,尾島線
西高根町南,館林市,多々良巡回線
境島村北公園,伊勢崎市,"境シャトルバス, 境南巡回バス"
粕川住宅入口,太田市,尾島線
落合上,藤岡市,三ツ木〜高山線
神流公民館,藤岡市,神流線
合同庁舎入口,日本中央バス（株）,"奥多野線　［1001・1002］, 奥多野線　［1003］, 奥多野線　［1005・1006］, 奥多野線　［1007・1008］, 奥多野線　［1011・1012］, 奥多野線　［1015・1016］, 奥多野線　［1017］, 奥多野線　［1021］, 奥多野線　［1026］, 奥多野線　［1027］"
篠塚病院,藤岡市,美土里線
備前島入口,太田市,尾島線
西吉井団地北,高崎市,東谷・西吉井線
西中学校北,高崎市,東谷・西吉井線
戸塚クリニック,藤岡市,市内循環線
多々良中学校入口,館林市,多々良巡回線
高林,朝日自動車（株）,"【KM61】熊谷駅〜上根〜妻沼聖天前〜太田駅, 【KM62】熊谷駅〜上根〜妻沼聖天前〜西矢島"
本中野駅,邑楽町,邑楽町内循環線
尾島上町,太田市,尾島線
岡之郷緑地公園入口,藤岡市,神流線
尾島三丁目,太田市,尾島線
尾島一丁目,太田市,尾島線
細内町,館林市,"館林・板倉北線, 渡瀬巡回線"
三菱電機前,太田市,尾島線
広内町,館林市,渡瀬巡回線
消防団第4分団前,藤岡市,美土里線
藤岡市役所,日本中央バス（株）,"奥多野線　［1021］, 奥多野線　［1026］, 奥多野線　［1027］"
藤岡市役所,藤岡市,"三ツ木〜高山線, 市内循環線, 藤岡〜上平線"
クローバー荘東,館林市,館林・板倉北線
第一中学校北,館林市,渡瀬巡回線
牛沢団地北,太田市,尾島線
南米岡会館,伊勢崎市,境島村シャトルバス
尾島温泉利根の湯,太田市,"西バス系統, 尾島線"
西小泉駅,朝日自動車（株）,【KM63】熊谷駅〜上根〜妻沼聖天前〜西小泉駅
平塚,伊勢崎市,境島村シャトルバス
二ツ橋,高崎市,東谷・西吉井線
高根跨線橋下,館林市,多々良巡回線
西小泉駅前バスターミナル,千代田町・大泉町,"1/3大泉・千代田線, 2/4大泉・千代田線"
新中野西,邑楽町,邑楽町内循環線
県立がんセンター,太田市,尾島線
高根中央公園前,館林市,多々良巡回線
東部工業団地東,館林市,館林・板倉北線
かじ町,高崎市,東谷・西吉井線
広内町南,館林市,渡瀬巡回線
篠塚駅,邑楽町,邑楽町内循環線
西吉井団地西,高崎市,東谷・西吉井線
三ツ木公会堂前,藤岡市,三ツ木〜高山線
尾島生涯学習センター,太田市,西バス系統
広内町東,館林市,渡瀬巡回線
偕同苑入口,日本中央バス（株）,"奥多野線　［1021］, 奥多野線　［1026］, 奥多野線　［1027］"
美土里公民館,藤岡市,美土里線
JA入野支店,高崎市,多比良・小串線
吉井駅前,高崎市,"吉井・藤岡線, 坂口・奥平線, 多比良・小串線, 東谷・西吉井線, 南陽台・馬庭線"
飯塚商店前,藤岡市,美土里線
偕同苑,藤岡市,市内循環線
大街道二丁目,館林市,多々良巡回線
第一小学校西,館林市,渡瀬巡回線
上武大橋北,伊勢崎市,境島村シャトルバス
昭寿司前,高崎市,"坂口・奥平線, 多比良・小串線, 東谷・西吉井線, 南陽台・馬庭線"
フレッセイ藤岡店,藤岡市,神流線
松沼町市営住宅街,館林市,多々良巡回線
太田南小学校入口,朝日自動車（株）,"【KM61】熊谷駅〜上根〜妻沼聖天前〜太田駅, 【KM62】熊谷駅〜上根〜妻沼聖天前〜西矢島"
役所前整骨院,藤岡市,"市内循環線, 美土里線"
入野小学校,高崎市,多比良・小串線
相生北,日本中央バス（株）,"奥多野線　［1021］, 奥多野線　［1026］, 奥多野線　［1027］"
相生北,藤岡市,市内循環線
細内町東,館林市,渡瀬巡回線
入野小学校前,高崎市,"吉井・藤岡線, 多比良・小串線"
平塚中,伊勢崎市,境島村シャトルバス
北の原,藤岡市,"三ツ木〜高山線, 藤岡〜上平線"
吉井保健センター,高崎市,"坂口・奥平線, 多比良・小串線, 東谷・西吉井線, 南陽台・馬庭線"
矢田夜明,高崎市,"吉井・藤岡線, 多比良・小串線"
小串,高崎市,"吉井・藤岡線, 多比良・小串線"
観音入口,館林市,館林・板倉北線
西町集会所前,太田市,尾島線
石神,高崎市,"吉井・藤岡線, 多比良・小串線"
吉井支所,高崎市,"吉井・藤岡線, 坂口・奥平線, 東谷・西吉井線, 南陽台・馬庭線"
大街道会館前,館林市,多々良巡回線
松原新道,朝日自動車（株）,【KM63】熊谷駅〜上根〜妻沼聖天前〜西小泉駅
松原新道,千代田町・大泉町,"1/3大泉・千代田線, 2/4大泉・千代田線"
東和銀行北,邑楽町,邑楽町内循環線
松沼町,館林市,多々良巡回線
すずかけ団地,太田市,西バス系統
矢田,高崎市,"吉井・藤岡線, 多比良・小串線"
高林西町,太田市,尾島線
下戸塚公会堂,藤岡市,神流線
図書館前,高崎市,"吉井・藤岡線, 坂口・奥平線, 多比良・小串線, 東谷・西吉井線, 南陽台・馬庭線"
消防署前,高崎市,"吉井・藤岡線, 坂口・奥平線, 多比良・小串線, 東谷・西吉井線, 南陽台・馬庭線"
若宮住宅東,館林市,"館林・板倉北線, 渡瀬巡回線"
原内科前,藤岡市,神流線
石神公民館前,高崎市,多比良・小串線
第一小学校東,館林市,渡瀬巡回線
大街道一丁目,館林市,"多々良巡回線, 渡瀬巡回線"
朝日町公園前,館林市,渡瀬巡回線
宮本北,藤岡市,"三ツ木〜高山線, 藤岡〜上平線"
市民プール,藤岡市,"市内循環線, 美土里線"
中央中入口,高崎市,"吉井・藤岡線, 多比良・小串線"
ベルク大塚店,藤岡市,美土里線
瀬戸谷町,館林市,渡瀬巡回線
相生南,藤岡市,"市内循環線, 神流線"
相生南,日本中央バス（株）,"奥多野線　［1001・1002］, 奥多野線　［1003］, 奥多野線　［1005・1006］, 奥多野線　［1007・1008］, 奥多野線　［1011・1012］, 奥多野線　［1015・1016］, 奥多野線　［1017］, 奥多野線　［1021］, 奥多野線　［1026］, 奥多野線　［1027］"
邑楽町役場,邑楽町,邑楽町内循環線
吉井文化会館,高崎市,東谷・西吉井線
障がい者総合支援センター前,館林市,多々良巡回線
西本町,館林市,多々良巡回線
篠塚北,邑楽町,邑楽町内循環線
下長根,高崎市,東谷・西吉井線
宿西,高崎市,東谷・西吉井線
大街道一丁目南,館林市,"厚生病院シャトル線, 多々良巡回線, 渡瀬巡回線"
住吉,朝日自動車（株）,【KM63】熊谷駅〜上根〜妻沼聖天前〜西小泉駅
第二中学校西,館林市,"館林・板倉北線, 渡瀬巡回線"
細谷中妻,館林市,館林・板倉北線
白井,高崎市,東谷・西吉井線
浅間北,藤岡市,市内循環線
仲町,藤岡市,"三ツ木〜高山線, 藤岡〜上平線"
入野中入口,高崎市,多比良・小串線
宮本町公会堂前,藤岡市,市内循環線
宿,高崎市,東谷・西吉井線
館林郵便局前,館林市,渡瀬巡回線
税務署前,館林市,多々良巡回線
群馬藤岡駅,日本中央バス（株）,"奥多野線　［1001・1002］, 奥多野線　［1003］, 奥多野線　［1005・1006］, 奥多野線　［1007・1008］, 奥多野線　［1011・1012］, 奥多野線　［1015・1016］, 奥多野線　［1017］, 奥多野線　［1021］, 奥多野線　［1026］, 奥多野線　［1027］"
群馬藤岡駅,藤岡市,"三ツ木〜高山線, 市内循環線, 神流線, 藤岡〜上平線"
山田木材前,藤岡市,神流線
成島町,館林市,多々良巡回線
高木接骨院前,高崎市,"吉井・藤岡線, 坂口・奥平線, 多比良・小串線, 東谷・西吉井線, 南陽台・馬庭線"
労働金庫前,藤岡市,三ツ木〜高山線
古戸神社前,朝日自動車（株）,"【KM61】熊谷駅〜上根〜妻沼聖天前〜太田駅, 【KM62】熊谷駅〜上根〜妻沼聖天前〜西矢島"
大泉保専前,朝日自動車（株）,【KM63】熊谷駅〜上根〜妻沼聖天前〜西小泉駅
黒熊,高崎市,吉井・藤岡線
四ツ谷町,館林市,館林・板倉北線
長徳寺前,館林市,館林・板倉北線
仲町西,館林市,渡瀬巡回線
大曲倉庫前,館林市,館林・板倉北線
ファミリーマート藤岡バイパス店,藤岡市,美土里線
くすの木病院,藤岡市,"市内循環線, 神流線"
島村蚕のふるさと公園,伊勢崎市,境島村シャトルバス
大荷場住民センター前,館林市,館林・板倉北線
七丁目,藤岡市,三ツ木〜高山線
南ケ丘団地,太田市,西バス系統
旧中島家住宅,太田市,西バス系統
南保育園前,邑楽町,邑楽町内循環線
白石,高崎市,吉井・藤岡線
厚生病院前,館林市,"館林・千代田線, 館林・板倉北線, 厚生病院シャトル線, 多々良巡回線, 茂林寺巡回線, 六郷西線"
緑町東,藤岡市,藤岡〜上平線
セブンイレブン上戸塚店前,藤岡市,神流線
細谷集会所前,館林市,館林・板倉北線
第三小学校前,館林市,館林・板倉北線
篠塚南,邑楽町,邑楽町内循環線
緑町西,藤岡市,藤岡〜上平線
一行寺,藤岡市,"市内循環線, 藤岡〜上平線"
東毛光生園前,館林市,多々良巡回線
大泉町役場前,千代田町・大泉町,"1/3大泉・千代田線, 2/4大泉・千代田線"
古桜町,藤岡市,"市内循環線, 藤岡〜上平線"
大泉役場前,朝日自動車（株）,【KM63】熊谷駅〜上根〜妻沼聖天前〜西小泉駅
群馬銀行・東和銀行前,日本中央バス（株）,"奥多野線　［1001・1002］, 奥多野線　［1003］, 奥多野線　［1005・1006］, 奥多野線　［1007・1008］, 奥多野線　［1011・1012］, 奥多野線　［1015・1016］, 奥多野線　［1017］, 奥多野線　［1021］, 奥多野線　［1026］, 奥多野線　［1027］"
群馬銀行・東和銀行前,藤岡市,"市内循環線, 藤岡〜上平線"
本町二丁目北,館林市,"館林・板倉北線, 渡瀬巡回線"
新野新田,伊勢崎市,境島村シャトルバス
西深沢北,高崎市,多比良・小串線
大手町,館林市,館林・板倉北線
栄町住宅前,館林市,"館林・千代田線, 多々良巡回線, 茂林寺巡回線, 六郷西線"
六丁目,藤岡市,藤岡〜上平線
ミモザ荘北,館林市,館林・板倉北線
五丁目,藤岡市,藤岡〜上平線
上戸塚青年会館,藤岡市,神流線
高入口,高崎市,"吉井・藤岡線, 坂口・奥平線, 多比良・小串線, 東谷・西吉井線, 南陽台・馬庭線"
ふじの里前,藤岡市,美土里線
尾曳町郵便局前,館林市,館林・板倉北線
ナースリー前,藤岡市,藤岡〜上平線
尾曳町会館前,館林市,館林・板倉北線
館林駅西口,館林市,"館林・千代田線, 館林・板倉北線, 多々良巡回線, 茂林寺巡回線, 六郷西線"
境島村公民館,伊勢崎市,境島村シャトルバス
立作,伊勢崎市,境島村シャトルバス
郷谷公民館前,館林市,館林・板倉北線
赤土町,館林市,"茂林寺巡回線, 六郷西線"
藤岡郵便局・ピアゴ藤岡店前,日本中央バス（株）,"奥多野線　［1001・1002］, 奥多野線　［1003］, 奥多野線　［1005・1006］, 奥多野線　［1007・1008］, 奥多野線　［1011・1012］, 奥多野線　［1015・1016］, 奥多野線　［1017］, 奥多野線　［1021］, 奥多野線　［1026］, 奥多野線　［1027］"
藤岡郵便局・ピアゴ藤岡店前,藤岡市,市内循環線
緑町南,藤岡市,市内循環線
関東学園北,館林市,多々良巡回線
館林駅東口,館林市,"館林・千代田線, 館林・板倉線, 館林・板倉北線, 館林・明和・千代田線, 厚生病院シャトル線, 赤羽線, 多々良巡回線, 渡瀬巡回線"
大志辺,館林市,多々良巡回線
本町二丁目南,館林市,"館林・千代田線, 館林・板倉線, 館林・板倉北線, 館林・明和・千代田線, 赤羽線, 渡瀬巡回線"
第二小学校西,館林市,"館林・板倉線, 館林・明和・千代田線"
細谷・離バス停,館林市,館林・板倉北線
白石郵便局前,藤岡市,藤岡〜上平線
市光工業,藤岡市,藤岡〜上平線
下神保,高崎市,"吉井・藤岡線, 坂口・奥平線, 多比良・小串線, 東谷・西吉井線, 南陽台・馬庭線"
本町郵便局前,館林市,"館林・千代田線, 館林・明和・千代田線, 赤羽線"
西深沢,高崎市,多比良・小串線
館林市役所前,館林市,"館林・板倉線, 館林・板倉北線, 館林・明和・千代田線"
子ども科学館前,館林市,館林・板倉線
中大塚,藤岡市,藤岡〜上平線
丘山住宅前,朝日自動車（株）,【KM63】熊谷駅〜上根〜妻沼聖天前〜西小泉駅
二丁目,日本中央バス（株）,"奥多野線　［1001・1002］, 奥多野線　［1003］, 奥多野線　［1005・1006］, 奥多野線　［1007・1008］, 奥多野線　［1011・1012］, 奥多野線　［1015・1016］, 奥多野線　［1017］, 奥多野線　［1021］, 奥多野線　［1026］, 奥多野線　［1027］"
二丁目,藤岡市,市内循環線
中央公園,藤岡市,三ツ木〜高山線
中島集会所前,邑楽町,邑楽町内循環線
上大塚,藤岡市,藤岡〜上平線
サニータウン館林入口,館林市,"多々良巡回線, 六郷西線"
藤岡ボウル前,藤岡市,"藤岡〜上平線, 美土里線"
平塚新田,伊勢崎市,境島村シャトルバス
陣屋,館林市,館林・板倉北線
関東学園前,館林市,多々良巡回線
館林高校前,館林市,"多々良巡回線, 六郷西線"
成島南歩道橋,館林市,多々良巡回線
孫兵衛橋,邑楽町,邑楽町内循環線
総合学習センター,藤岡市,市内循環線
仙石,朝日自動車（株）,【KM63】熊谷駅〜上根〜妻沼聖天前〜西小泉駅
富士見町,館林市,"館林・千代田線, 茂林寺巡回線"
大谷町,館林市,"多々良巡回線, 六郷西線"
大戸町,藤岡市,市内循環線
総合学習センター入口,藤岡市,三ツ木〜高山線
大泉南小学校前,朝日自動車（株）,【KM63】熊谷駅〜上根〜妻沼聖天前〜西小泉駅
古戸川岸,朝日自動車（株）,"【KM61】熊谷駅〜上根〜妻沼聖天前〜太田駅, 【KM62】熊谷駅〜上根〜妻沼聖天前〜西矢島, 【KM63】熊谷駅〜上根〜妻沼聖天前〜西小泉駅"
第十小学校西,館林市,"多々良巡回線, 六郷西線"
とりせん富士見町店,館林市,"茂林寺巡回線, 六郷西線"
農協平井支所,藤岡市,藤岡〜上平線
アゼリアモール,板倉町,板倉町コミュニティバス
アゼリアモール,館林市,"館林・板倉北線, 赤羽線"
関東学園南,館林市,"多々良巡回線, 六郷西線"
本町四丁目,館林市,"館林・明和・千代田線, 赤羽線"
上神保入口,高崎市,"吉井・藤岡線, 坂口・奥平線, 多比良・小串線, 東谷・西吉井線, 南陽台・馬庭線"
水立西,邑楽町,邑楽町内循環線
おうらバスターミナル,邑楽町,邑楽町内循環線
川村眼科医院,館林市,茂林寺巡回線
六郷公民館前,館林市,"館林・千代田線, 茂林寺巡回線"
藤生医院前,藤岡市,"三ツ木〜高山線, 美土里線"
花山入口,館林市,赤羽線
松原緑地北,館林市,"館林・板倉線, 館林・明和・千代田線"
諏訪神社前,日本中央バス（株）,"奥多野線　［1001・1002］, 奥多野線　［1003］, 奥多野線　［1005・1006］, 奥多野線　［1007・1008］, 奥多野線　［1011・1012］, 奥多野線　［1015・1016］, 奥多野線　［1017］, 奥多野線　［1021］, 奥多野線　［1026］, 奥多野線　［1027］"
諏訪神社前,藤岡市,市内循環線
サイクリングターミナル西,館林市,赤羽線
トヨタカローラ前,藤岡市,三ツ木〜高山線
松原一丁目,館林市,"館林・明和・千代田線, 赤羽線"
新宿二丁目,館林市,"館林・千代田線, 茂林寺巡回線, 六郷西線"
芦田町南,藤岡市,市内循環線
つつじが岡公園,館林市,館林・板倉線
吉田郵便局前,千代田町・大泉町,"1/3大泉・千代田線, 2/4大泉・千代田線"
アゼリアモール前,館林市,館林・板倉線
アゼリアモール前,板倉町,板倉町コミュニティバス
近藤町,館林市,多々良巡回線
開拓東,館林市,六郷西線
長柄神社北,館林市,館林・板倉線
追辺野,高崎市,多比良・小串線
緑町北,館林市,館林・明和・千代田線
長柄小学校前,邑楽町,邑楽町内循環線
つつじ町,館林市,館林・板倉線
第六小学校北,館林市,茂林寺巡回線
松原一丁目南,館林市,"館林・板倉線, 赤羽線"
旧多胡幼稚園前,高崎市,"吉井・藤岡線, 坂口・奥平線, 多比良・小串線, 東谷・西吉井線, 南陽台・馬庭線"
ぽんぽこ,館林市,赤羽線
富士嶽神社東,館林市,"館林・千代田線, 六郷西線"
山崎外科病院前,藤岡市,市内循環線
花山駐車場東,館林市,赤羽線
離集会所前,館林市,館林・板倉北線
新宿一丁目,館林市,茂林寺巡回線
古城沼,館林市,赤羽線
楠町西,館林市,"館林・板倉線, 赤羽線"
みかぼみらい館第3駐車場,藤岡市,"三ツ木〜高山線, 市内循環線"
ダノン城沼アリーナ前,館林市,館林・板倉線
花山町南,館林市,館林・板倉線
松田北,高崎市,多比良・小串線
花山町,館林市,館林・板倉線
花山町西,館林市,館林・板倉線
つつじが岡公園入口,館林市,館林・板倉線
三菱自動車前,藤岡市,三ツ木〜高山線
籾谷松崎,板倉町,板倉町コミュニティバス
富士原町,館林市,"館林・千代田線, 六郷西線"
花山町東,館林市,"館林・板倉線, 赤羽線"
パークイン入口,館林市,館林・板倉線
緑埜公会堂前,藤岡市,藤岡〜上平線
本郷,日本中央バス（株）,"奥多野線　［1001・1002］, 奥多野線　［1003］, 奥多野線　［1005・1006］, 奥多野線　［1007・1008］, 奥多野線　［1011・1012］, 奥多野線　［1015・1016］, 奥多野線　［1017］, 奥多野線　［1021］, 奥多野線　［1026］, 奥多野線　［1027］"
松原,館林市,赤羽線
常木坂下,高崎市,多比良・小串線
第六小学校前,館林市,館林・千代田線
緑町南,館林市,館林・明和・千代田線
多胡小学校前,高崎市,"吉井・藤岡線, 坂口・奥平線, 多比良・小串線, 東谷・西吉井線, 南陽台・馬庭線"
内蔵新田,館林市,館林・板倉線
東部市営住宅入口,館林市,館林・板倉線
国道254陸橋下,藤岡市,市内循環線
市営水押団地前,藤岡市,"三ツ木〜高山線, 美土里線"
松原二丁目,館林市,館林・板倉線
コープ・芦田町郵便局前,藤岡市,"三ツ木〜高山線, 市内循環線"
カスミ館林店,館林市,茂林寺巡回線
大利根工業団地,千代田町・大泉町,"1/3大泉・千代田線, 2/4大泉・千代田線"
西美園町北,館林市,茂林寺巡回線
忠霊塔前,高崎市,"吉井・藤岡線, 坂口・奥平線, 多比良・小串線, 東谷・西吉井線, 南陽台・馬庭線"
塩公民館前,高崎市,東谷・西吉井線
松原三丁目東,館林市,赤羽線
老人福祉センター,藤岡市,市内循環線
美園町,館林市,館林・明和・千代田線
美園保育園西,館林市,茂林寺巡回線
塚原団地前,藤岡市,市内循環線
安勝寺前,板倉町,板倉町コミュニティバス
慶友整形外科クリニック西,館林市,赤羽線
慶友整形外科病院西,館林市,館林・板倉線
館林ケーブルテレビ,館林市,茂林寺巡回線
特別支援学校前,藤岡市,市内循環線
牛伏車庫,高崎市,"吉井・藤岡線, 坂口・奥平線, 多比良・小串線, 東谷・西吉井線, 南陽台・馬庭線"
開拓南,館林市,六郷西線
慶友整形外科クリニック,館林市,赤羽線
旧多比良分校前,高崎市,多比良・小串線
市斎場前,館林市,"多々良巡回線, 六郷西線"
牛伏ドリームセンター,高崎市,"吉井・藤岡線, 坂口・奥平線, 多比良・小串線, 東谷・西吉井線, 南陽台・馬庭線"
新福寺公民館西,千代田町・大泉町,2/4大泉・千代田線
新福寺辻,千代田町・大泉町,"1/3大泉・千代田線, 2/4大泉・千代田線"
諏訪町,館林市,館林・千代田線
小桑原町,館林市,"館林・千代田線, 六郷西線"
中塩,高崎市,東谷・西吉井線
上志柄集会所前,館林市,赤羽線
美園会館前,館林市,茂林寺巡回線
籾谷宿,板倉町,板倉町コミュニティバス
多比良,高崎市,多比良・小串線
東中入口,日本中央バス（株）,"奥多野線　［1001・1002］, 奥多野線　［1003］, 奥多野線　［1005・1006］, 奥多野線　［1007・1008］, 奥多野線　［1011・1012］, 奥多野線　［1015・1016］, 奥多野線　［1017］, 奥多野線　［1021］, 奥多野線　［1026］, 奥多野線　［1027］"
つつじメンタルホスピタル,館林市,六郷西線
総合福祉センター,館林市,"多々良巡回線, 六郷西線"
本郷団地前,藤岡市,市内循環線
第五小学校前,館林市,赤羽線
籾谷・浮戸北,館林市,館林・板倉線
久保製作所前,藤岡市,三ツ木〜高山線
松田公民館前,高崎市,多比良・小串線
第四中学校北,館林市,赤羽線
古海西公民館前,千代田町・大泉町,"1/3大泉・千代田線, 2/4大泉・千代田線"
羽附八坂神社西,館林市,館林・板倉線
水質管理センター入口,館林市,"館林・明和・千代田線, 茂林寺巡回線"
美園小学校東,館林市,茂林寺巡回線
邑楽土地改良区前,館林市,館林・板倉北線
籾谷浮戸信号南,板倉町,板倉町コミュニティバス
大泉園入口,千代田町・大泉町,"1/3大泉・千代田線, 2/4大泉・千代田線"
向平,高崎市,多比良・小串線
石塚,館林市,館林・板倉線
福島西,千代田町・大泉町,2/4大泉・千代田線
たぬき橋西,館林市,茂林寺巡回線
羽附町東,館林市,館林・板倉線
茂林寺前駅北,館林市,茂林寺巡回線
上塩,高崎市,東谷・西吉井線
赤羽公民館前,館林市,赤羽線
板倉中学校前,館林市,館林・板倉線
苗木会館,館林市,六郷西線
上赤生田町,館林市,赤羽線
青柳町,館林市,"館林・千代田線, 六郷西線"
光病院前,日本中央バス（株）,"奥多野線　［1001・1002］, 奥多野線　［1003］, 奥多野線　［1005・1006］, 奥多野線　［1007・1008］, 奥多野線　［1011・1012］, 奥多野線　［1015・1016］, 奥多野線　［1017］, 奥多野線　［1021］, 奥多野線　［1026］, 奥多野線　［1027］"
岩田下山浦,板倉町,板倉町コミュニティバス
雷電神社前,館林市,館林・板倉線
館林インター前,館林市,館林・板倉線
谷,高崎市,多比良・小串線
福島,千代田町・大泉町,2/4大泉・千代田線
岩田観音前,館林市,館林・板倉線
別所東,日本中央バス（株）,"奥多野線　［1001・1002］, 奥多野線　［1003］, 奥多野線　［1005・1006］, 奥多野線　［1007・1008］, 奥多野線　［1011・1012］, 奥多野線　［1015・1016］, 奥多野線　［1017］, 奥多野線　［1021］, 奥多野線　［1026］, 奥多野線　［1027］"
よしのや商店前,藤岡市,三ツ木〜高山線
中島,千代田町・大泉町,1/3大泉・千代田線
神戸,高崎市,東谷・西吉井線
熊野神社前,館林市,茂林寺巡回線
分福町,館林市,茂林寺巡回線
板倉町役場前,館林市,館林・板倉線
板倉町役場前,板倉町,板倉町コミュニティバス
海老瀬下新田,館林市,館林・板倉北線
大原公民館,館林市,"館林・明和・千代田線, 茂林寺巡回線"
青柳交差点,館林市,六郷西線
東平井公民館前,藤岡市,三ツ木〜高山線
茂林寺前駅,館林市,茂林寺巡回線
関東学園分福競技場南,館林市,茂林寺巡回線
館林交通安全協会,館林市,赤羽線
中島集会所前,館林市,赤羽線
長良神社,館林市,六郷西線
ふれあい運動広場,館林市,茂林寺巡回線
西平井公会堂,藤岡市,藤岡〜上平線
赤生田本町,館林市,赤羽線
第三中学校前,館林市,館林・千代田線
岩田,館林市,館林・板倉線
岩田,板倉町,板倉町コミュニティバス
堀工町南,館林市,館林・明和・千代田線
原宿上,館林市,館林・板倉線
別所,日本中央バス（株）,"奥多野線　［1001・1002］, 奥多野線　［1003］, 奥多野線　［1005・1006］, 奥多野線　［1007・1008］, 奥多野線　［1011・1012］, 奥多野線　［1015・1016］, 奥多野線　［1017］, 奥多野線　［1021］, 奥多野線　［1026］, 奥多野線　［1027］"
分福県営住宅団地前,館林市,茂林寺巡回線
茂林寺前,館林市,茂林寺巡回線
茂林寺西,館林市,茂林寺巡回線
西小学校前,館林市,館林・板倉線
分福公民館,館林市,茂林寺巡回線
原宿下,館林市,館林・板倉線
前天神原,千代田町・大泉町,2/4大泉・千代田線
中学校・公民館入口,板倉町,板倉町コミュニティバス
旧板倉町役場前,館林市,館林・板倉線
中天JA倉庫,千代田町・大泉町,2/4大泉・千代田線
大林集会所前,館林市,赤羽線
板倉高校前,館林市,館林・板倉線
ルンビニ保育園東,館林市,赤羽線
住吉神社前,高崎市,東谷・西吉井線
板倉東洋大前駅西口,館林市,"館林・板倉線, 館林・板倉北線"
板倉東洋大前駅西口,板倉町,板倉町コミュニティバス
朝日野一丁目,館林市,館林・板倉線
東洋大前,館林市,館林・板倉線
矢島商店前,藤岡市,藤岡〜上平線
下三林,館林市,館林・千代田線
旧役場入口,館林市,館林・板倉線
役場入口,館林市,館林・板倉線
商工会館前,館林市,館林・板倉線
西部野菜集出荷場前,藤岡市,三ツ木〜高山線
谷田川北部産業団地,館林市,赤羽線
板倉郵便局前,館林市,館林・板倉線
野辺町信号,館林市,館林・千代田線
中天神原,館林市,館林・千代田線
寺山,日本中央バス（株）,"奥多野線　［1001・1002］, 奥多野線　［1003］, 奥多野線　［1005・1006］, 奥多野線　［1007・1008］, 奥多野線　［1011・1012］, 奥多野線　［1015・1016］, 奥多野線　［1017］, 奥多野線　［1021］, 奥多野線　［1026］, 奥多野線　［1027］"
町谷集会所前,館林市,赤羽線
下三林長良神社前,館林市,館林・千代田線
上三林郵便局前,館林市,館林・千代田線
十二社橋北,館林市,赤羽線
特別支援学校前,館林市,館林・千代田線
なかさと公園北,千代田町・大泉町,1/3大泉・千代田線
本郷橋,館林市,館林・明和・千代田線
旧板倉変電所前,館林市,館林・板倉線
上三林,館林市,館林・千代田線
花公園前,館林市,館林・板倉線
東谷,高崎市,東谷・西吉井線
野辺集会所,館林市,館林・千代田線
福祉センター前,千代田町・大泉町,2/4大泉・千代田線
野辺東,館林市,館林・千代田線
板倉ゴルフ場前,館林市,館林・板倉線
千代田町役場前,館林市,"館林・千代田線, 館林・明和・千代田線"
千代田町役場前,千代田町・大泉町,"1/3大泉・千代田線, 2/4大泉・千代田線"
矢場公会堂前,藤岡市,三ツ木〜高山線
朝日野三丁目,板倉町,板倉町コミュニティバス
館林商工高校前,館林市,館林・明和・千代田線
後神田,日本中央バス（株）,"奥多野線　［1001・1002］, 奥多野線　［1003］, 奥多野線　［1005・1006］, 奥多野線　［1007・1008］, 奥多野線　［1011・1012］, 奥多野線　［1015・1016］, 奥多野線　［1017］, 奥多野線　［1021］, 奥多野線　［1026］, 奥多野線　［1027］"
中新田,館林市,館林・板倉線
小保呂,館林市,館林・板倉線
海老瀬通,板倉町,板倉町コミュニティバス
矢場,藤岡市,三ツ木〜高山線
金井郵便局前,藤岡市,藤岡〜上平線
鍋谷,館林市,館林・千代田線
三名湖入口,藤岡市,三ツ木〜高山線
町民プラザ西,館林市,館林・千代田線
コスメ・ニスト千代田町プラザ西,千代田町・大泉町,1/3大泉・千代田線
舞木中,千代田町・大泉町,1/3大泉・千代田線
下桧内,館林市,館林・千代田線
木崎,館林市,館林・千代田線
排水機場西,板倉町,板倉町コミュニティバス
町民プラザ前,館林市,館林・明和・千代田線
上新町,藤岡市,藤岡〜上平線
美九里公民館前,日本中央バス（株）,"奥多野線　［1001・1002］, 奥多野線　［1003］, 奥多野線　［1005・1006］, 奥多野線　［1007・1008］, 奥多野線　［1011・1012］, 奥多野線　［1015・1016］, 奥多野線　［1017］, 奥多野線　［1021］, 奥多野線　［1026］, 奥多野線　［1027］"
排水機場東,板倉町,板倉町コミュニティバス
厚生病院前,南牧村,"下仁田駅-山仲線, 下仁田駅-上底瀬線, 下仁田駅-大上上線, 下仁田駅-道場線"
厚生病院前,（有）雨沢ハイヤー,"下仁田駅-奥ノ萱線, 下仁田駅-勧能線, 下仁田駅-黒滝線, 下仁田駅-上高原線, 下仁田駅-大倉線, 下仁田駅-椚線"
日野小学校前,藤岡市,藤岡〜上平線
新村,板倉町,板倉町コミュニティバス
中新田,板倉町,板倉町コミュニティバス
熊野,館林市,館林・千代田線
熊野,千代田町・大泉町,1/3大泉・千代田線
五反田,館林市,館林・明和・千代田線
群馬銀行前,南牧村,"下仁田駅-山仲線, 下仁田駅-上底瀬線, 下仁田駅-大上上線, 下仁田駅-道場線"
群馬銀行前,（有）雨沢ハイヤー,"下仁田駅-奥ノ萱線, 下仁田駅-勧能線, 下仁田駅-黒滝線, 下仁田駅-上高原線, 下仁田駅-大倉線, 下仁田駅-椚線"
明和町役場前,館林市,館林・明和・千代田線
押出し,藤岡市,藤岡〜上平線
中神田,日本中央バス（株）,"奥多野線　［1001・1002］, 奥多野線　［1003］, 奥多野線　［1005・1006］, 奥多野線　［1007・1008］, 奥多野線　［1011・1012］, 奥多野線　［1015・1016］, 奥多野線　［1017］, 奥多野線　［1021］, 奥多野線　［1026］, 奥多野線　［1027］"
下仁田駅,南牧村,"下仁田駅-山仲線, 下仁田駅-上底瀬線, 下仁田駅-大上上線, 下仁田駅-道場線"
下仁田駅,（有）雨沢ハイヤー,"下仁田駅-奥ノ萱線, 下仁田駅-勧能線, 下仁田駅-黒滝線, 下仁田駅-上高原線, 下仁田駅-大倉線, 下仁田駅-椚線"
下五箇北坪,板倉町,板倉町コミュニティバス
地蔵院前,板倉町,板倉町コミュニティバス
コミュニティーセンターやすらぎ,藤岡市,三ツ木〜高山線
舞木南,千代田町・大泉町,1/3大泉・千代田線
飯野辻,板倉町,板倉町コミュニティバス
宿神田,日本中央バス（株）,"奥多野線　［1001・1002］, 奥多野線　［1003］, 奥多野線　［1005・1006］, 奥多野線　［1007・1008］, 奥多野線　［1011・1012］, 奥多野線　［1015・1016］, 奥多野線　［1017］, 奥多野線　［1021］, 奥多野線　［1026］, 奥多野線　［1027］"
上町,南牧村,"下仁田駅-山仲線, 下仁田駅-上底瀬線, 下仁田駅-大上上線, 下仁田駅-道場線"
上町,（有）雨沢ハイヤー,"下仁田駅-奥ノ萱線, 下仁田駅-勧能線, 下仁田駅-黒滝線, 下仁田駅-上高原線, 下仁田駅-大倉線, 下仁田駅-椚線"
JA永楽支所前,館林市,館林・千代田線
JA永楽支所前,千代田町・大泉町,1/3大泉・千代田線
三本木公会堂前,日本中央バス（株）,"奥多野線　［1011・1012］, 奥多野線　［1015・1016］, 奥多野線　［1017］"
三本木公会堂前,藤岡市,三ツ木〜高山線
川俣駅西口,館林市,館林・明和・千代田線
新里集会所東,館林市,館林・明和・千代田線
梨木商店前,日本中央バス（株）,"奥多野線　［1011・1012］, 奥多野線　［1015・1016］, 奥多野線　［1017］"
梨木商店前,藤岡市,三ツ木〜高山線
野島製作所前,日本中央バス（株）,"奥多野線　［1011・1012］, 奥多野線　［1015・1016］, 奥多野線　［1017］"
熊野南,館林市,館林・明和・千代田線
栄町,南牧村,"下仁田駅-山仲線, 下仁田駅-上底瀬線, 下仁田駅-大上上線, 下仁田駅-道場線"
栄町,（有）雨沢ハイヤー,"下仁田駅-奥ノ萱線, 下仁田駅-勧能線, 下仁田駅-黒滝線, 下仁田駅-上高原線, 下仁田駅-大倉線, 下仁田駅-椚線"
大佐貫信号機東,館林市,館林・明和・千代田線
網掛,南牧村,"下仁田駅-山仲線, 下仁田駅-上底瀬線, 下仁田駅-大上上線, 下仁田駅-道場線"
網掛,（有）雨沢ハイヤー,"下仁田駅-奥ノ萱線, 下仁田駅-勧能線, 下仁田駅-黒滝線, 下仁田駅-上高原線, 下仁田駅-大倉線, 下仁田駅-椚線"
赤岩渡船,館林市,館林・千代田線
中倉,藤岡市,藤岡〜上平線
南部公民館入口,板倉町,板倉町コミュニティバス
金蔵院前,板倉町,板倉町コミュニティバス
赤岩下宿,館林市,館林・明和・千代田線
塩平,藤岡市,藤岡〜上平線
青倉大橋,南牧村,"下仁田駅-山仲線, 下仁田駅-上底瀬線, 下仁田駅-大上上線, 下仁田駅-道場線"
青倉大橋,（有）雨沢ハイヤー,"下仁田駅-奥ノ萱線, 下仁田駅-勧能線, 下仁田駅-黒滝線, 下仁田駅-上高原線, 下仁田駅-大倉線, 下仁田駅-椚線"
高山下組,藤岡市,三ツ木〜高山線
ふれあいタウンジョイフル本田前,館林市,"館林・千代田線, 館林・明和・千代田線"
萱野,館林市,館林・明和・千代田線
旧南小学校前,板倉町,板倉町コミュニティバス
里東,館林市,館林・明和・千代田線
小合地,板倉町,板倉町コミュニティバス
高山社跡,日本中央バス（株）,"奥多野線　［1011・1012］, 奥多野線　［1015・1016］, 奥多野線　［1017］"
高山社跡,藤岡市,三ツ木〜高山線
大桑原,南牧村,"下仁田駅-山仲線, 下仁田駅-上底瀬線, 下仁田駅-大上上線, 下仁田駅-道場線"
大桑原,（有）雨沢ハイヤー,"下仁田駅-奥ノ萱線, 下仁田駅-勧能線, 下仁田駅-黒滝線, 下仁田駅-上高原線, 下仁田駅-大倉線, 下仁田駅-椚線"
東部運動公園,館林市,館林・明和・千代田線
黒石,藤岡市,藤岡〜上平線
保美二通屋,日本中央バス（株）,"奥多野線　［1001・1002］, 奥多野線　［1003］, 奥多野線　［1005・1006］, 奥多野線　［1007・1008］, 奥多野線　［1011・1012］, 奥多野線　［1015・1016］, 奥多野線　［1017］, 奥多野線　［1021］, 奥多野線　［1026］, 奥多野線　［1027］"
上高原,（有）雨沢ハイヤー,下仁田駅-上高原線
大輪東,館林市,館林・明和・千代田線
瀬戸井永徳橋,館林市,館林・明和・千代田線
明和西小学校前,館林市,館林・明和・千代田線
須賀信号機西,館林市,館林・明和・千代田線
宇那根農村公園前,板倉町,板倉町コミュニティバス
大輪上集会所前,館林市,館林・明和・千代田線
風口,南牧村,"下仁田駅-山仲線, 下仁田駅-上底瀬線, 下仁田駅-大上上線, 下仁田駅-道場線"
風口,（有）雨沢ハイヤー,"下仁田駅-奥ノ萱線, 下仁田駅-勧能線, 下仁田駅-黒滝線, 下仁田駅-上高原線, 下仁田駅-大倉線, 下仁田駅-椚線"
保美,日本中央バス（株）,"奥多野線　［1001・1002］, 奥多野線　［1003］, 奥多野線　［1005・1006］, 奥多野線　［1007・1008］, 奥多野線　［1011・1012］, 奥多野線　［1015・1016］, 奥多野線　［1017］, 奥多野線　［1021］, 奥多野線　［1026］, 奥多野線　［1027］"
瀬戸井東,館林市,館林・明和・千代田線
下中森東,館林市,館林・明和・千代田線
オモリ下,（有）雨沢ハイヤー,下仁田駅-上高原線
宮室,南牧村,"下仁田駅-山仲線, 下仁田駅-上底瀬線, 下仁田駅-大上上線, 下仁田駅-道場線"
宮室,（有）雨沢ハイヤー,"下仁田駅-奥ノ萱線, 下仁田駅-勧能線, 下仁田駅-黒滝線, 下仁田駅-上高原線, 下仁田駅-大倉線, 下仁田駅-椚線"
下中森西,館林市,館林・明和・千代田線
上五箇,館林市,館林・明和・千代田線
下五箇中妻,板倉町,板倉町コミュニティバス
上五箇三橋神社,館林市,館林・明和・千代田線
宇奈根,板倉町,板倉町コミュニティバス
上五箇,板倉町,板倉町コミュニティバス
富永郵便局前,館林市,館林・明和・千代田線
普光寺前,板倉町,板倉町コミュニティバス
高山中組,藤岡市,三ツ木〜高山線
上中森東,館林市,館林・明和・千代田線
印地入口,藤岡市,藤岡〜上平線
高山,藤岡市,三ツ木〜高山線
沢口,藤岡市,三ツ木〜高山線
駒留,藤岡市,藤岡〜上平線
上宮室,南牧村,"下仁田駅-山仲線, 下仁田駅-上底瀬線, 下仁田駅-大上上線, 下仁田駅-道場線"
上宮室,（有）雨沢ハイヤー,"下仁田駅-奥ノ萱線, 下仁田駅-勧能線, 下仁田駅-黒滝線, 下仁田駅-上高原線, 下仁田駅-大倉線, 下仁田駅-椚線"
浄法寺スポーツ公園入口,日本中央バス（株）,"奥多野線　［1001・1002］, 奥多野線　［1003］, 奥多野線　［1005・1006］, 奥多野線　［1007・1008］, 奥多野線　［1011・1012］, 奥多野線　［1015・1016］, 奥多野線　［1017］, 奥多野線　［1021］, 奥多野線　［1026］, 奥多野線　［1027］"
鹿島,藤岡市,藤岡〜上平線
山室,藤岡市,三ツ木〜高山線
岡本,藤岡市,藤岡〜上平線
上鹿島,藤岡市,藤岡〜上平線
坂野,藤岡市,藤岡〜上平線
大久保集会所前,（有）雨沢ハイヤー,下仁田駅-上高原線
土と火の里公園入口,藤岡市,藤岡〜上平線
馬渡戸,藤岡市,藤岡〜上平線
浄法寺,日本中央バス（株）,"奥多野線　［1001・1002］, 奥多野線　［1003］, 奥多野線　［1005・1006］, 奥多野線　［1007・1008］, 奥多野線　［1011・1012］, 奥多野線　［1015・1016］, 奥多野線　［1017］, 奥多野線　［1021］, 奥多野線　［1026］, 奥多野線　［1027］"
高山上組,藤岡市,三ツ木〜高山線
芝平,藤岡市,藤岡〜上平線
芝平公会堂,藤岡市,藤岡〜上平線
田本,藤岡市,藤岡〜上平線
中ノ萱,南牧村,"下仁田駅-山仲線, 下仁田駅-上底瀬線, 下仁田駅-大上上線, 下仁田駅-道場線"
中ノ萱,（有）雨沢ハイヤー,"下仁田駅-奥ノ萱線, 下仁田駅-勧能線, 下仁田駅-黒滝線, 下仁田駅-上高原線, 下仁田駅-大倉線, 下仁田駅-椚線"
細谷戸,藤岡市,藤岡〜上平線
黒滝,（有）雨沢ハイヤー,下仁田駅-黒滝線
浄法寺郵便局前,日本中央バス（株）,"奥多野線　［1001・1002］, 奥多野線　［1003］, 奥多野線　［1005・1006］, 奥多野線　［1007・1008］, 奥多野線　［1011・1012］, 奥多野線　［1015・1016］, 奥多野線　［1017］, 奥多野線　［1021］, 奥多野線　［1026］, 奥多野線　［1027］"
消防詰所前,（有）雨沢ハイヤー,"下仁田駅-黒滝線, 下仁田駅-上高原線"
4号橋,（有）雨沢ハイヤー,下仁田駅-黒滝線
高山入山,藤岡市,三ツ木〜高山線
矢掛,藤岡市,藤岡〜上平線
弁天橋,南牧村,"下仁田駅-山仲線, 下仁田駅-上底瀬線, 下仁田駅-大上上線, 下仁田駅-道場線"
弁天橋,（有）雨沢ハイヤー,"下仁田駅-奥ノ萱線, 下仁田駅-勧能線, 下仁田駅-黒滝線, 下仁田駅-上高原線, 下仁田駅-大倉線, 下仁田駅-椚線"
宇塩橋,日本中央バス（株）,"奥多野線　［1001・1002］, 奥多野線　［1003］, 奥多野線　［1005・1006］, 奥多野線　［1007・1008］, 奥多野線　［1011・1012］, 奥多野線　［1015・1016］, 奥多野線　［1017］, 奥多野線　［1021］, 奥多野線　［1026］, 奥多野線　［1027］"
上平,藤岡市,藤岡〜上平線
上底瀬,南牧村,下仁田駅-上底瀬線
小沢橋,南牧村,"下仁田駅-山仲線, 下仁田駅-上底瀬線, 下仁田駅-大上上線, 下仁田駅-道場線"
小沢橋,（有）雨沢ハイヤー,"下仁田駅-奥ノ萱線, 下仁田駅-勧能線, 下仁田駅-黒滝線, 下仁田駅-上高原線, 下仁田駅-大倉線, 下仁田駅-椚線"
道場,南牧村,下仁田駅-道場線
小柏,藤岡市,藤岡〜上平線
オアシスなんもく,南牧村,"下仁田駅-山仲線, 下仁田駅-上底瀬線, 下仁田駅-大上上線, 下仁田駅-道場線"
オアシスなんもく,（有）雨沢ハイヤー,"下仁田駅-奥ノ萱線, 下仁田駅-勧能線, 下仁田駅-大倉線, 下仁田駅-椚線"
大上上,南牧村,下仁田駅-大上上線
千原,南牧村,"下仁田駅-山仲線, 下仁田駅-上底瀬線, 下仁田駅-大上上線, 下仁田駅-道場線"
千原,（有）雨沢ハイヤー,"下仁田駅-奥ノ萱線, 下仁田駅-勧能線, 下仁田駅-大倉線, 下仁田駅-椚線"
八塩温泉郷,日本中央バス（株）,"奥多野線　［1001・1002］, 奥多野線　［1003］, 奥多野線　［1005・1006］, 奥多野線　［1007・1008］, 奥多野線　［1011・1012］, 奥多野線　［1015・1016］, 奥多野線　［1017］, 奥多野線　［1021］, 奥多野線　［1026］, 奥多野線　［1027］"
あじさいの里公園入口,日本中央バス（株）,"奥多野線　［1001・1002］, 奥多野線　［1003］, 奥多野線　［1005・1006］, 奥多野線　［1007・1008］, 奥多野線　［1011・1012］, 奥多野線　［1015・1016］, 奥多野線　［1017］, 奥多野線　［1021］, 奥多野線　［1026］, 奥多野線　［1027］"
山仲,南牧村,下仁田駅-山仲線
大上下,南牧村,下仁田駅-大上上線
下底瀬上,南牧村,下仁田駅-上底瀬線
仲庭,南牧村,"下仁田駅-大上上線, 下仁田駅-道場線"
上千原,南牧村,"下仁田駅-山仲線, 下仁田駅-上底瀬線, 下仁田駅-大上上線, 下仁田駅-道場線"
上千原,（有）雨沢ハイヤー,"下仁田駅-奥ノ萱線, 下仁田駅-勧能線, 下仁田駅-大倉線, 下仁田駅-椚線"
磐戸,南牧村,"下仁田駅-山仲線, 下仁田駅-上底瀬線, 下仁田駅-大上上線, 下仁田駅-道場線"
磐戸,（有）雨沢ハイヤー,"下仁田駅-奥ノ萱線, 下仁田駅-勧能線, 下仁田駅-大倉線, 下仁田駅-椚線"
磐戸橋,南牧村,"下仁田駅-山仲線, 下仁田駅-上底瀬線, 下仁田駅-大上上線, 下仁田駅-道場線"
磐戸橋,（有）雨沢ハイヤー,"下仁田駅-奥ノ萱線, 下仁田駅-勧能線, 下仁田駅-大倉線, 下仁田駅-椚線"
住吉集会施設前,南牧村,"下仁田駅-山仲線, 下仁田駅-上底瀬線"
フレッセイ前,日本中央バス（株）,"奥多野線　［1001・1002］, 奥多野線　［1003］, 奥多野線　［1005・1006］, 奥多野線　［1007・1008］, 奥多野線　［1011・1012］, 奥多野線　［1015・1016］, 奥多野線　［1017］, 奥多野線　［1021］, 奥多野線　［1026］, 奥多野線　［1027］"
久保［南牧村磐戸］,（有）雨沢ハイヤー,"下仁田駅-大倉線, 下仁田駅-椚線"
稲荷橋,南牧村,"下仁田駅-山仲線, 下仁田駅-上底瀬線, 下仁田駅-大上上線, 下仁田駅-道場線"
稲荷橋,（有）雨沢ハイヤー,"下仁田駅-奥ノ萱線, 下仁田駅-勧能線"
片瀬入口,（有）雨沢ハイヤー,下仁田駅-勧能線
勧能,（有）雨沢ハイヤー,下仁田駅-勧能線
鬼石入口,朝日自動車（株）,"【HJ31】本庄駅南口〜小島南〜神泉総合支所, 【HJ32】本庄駅南口〜沖電気前〜神泉総合支所"
本町,日本中央バス（株）,"奥多野線　［1001・1002］, 奥多野線　［1003］, 奥多野線　［1005・1006］, 奥多野線　［1007・1008］, 奥多野線　［1011・1012］, 奥多野線　［1015・1016］, 奥多野線　［1017］, 奥多野線　［1021］, 奥多野線　［1026］, 奥多野線　［1027］"
観月橋,（有）雨沢ハイヤー,下仁田駅-勧能線
上屋敷,（有）雨沢ハイヤー,下仁田駅-勧能線
門札,南牧村,"下仁田駅-山仲線, 下仁田駅-上底瀬線, 下仁田駅-大上上線, 下仁田駅-道場線"
門札,（有）雨沢ハイヤー,"下仁田駅-奥ノ萱線, 下仁田駅-勧能線"
羽根沢,南牧村,"下仁田駅-大上上線, 下仁田駅-道場線"
羽根沢,（有）雨沢ハイヤー,下仁田駅-勧能線
椚,（有）雨沢ハイヤー,下仁田駅-椚線
鬼石中学校入口,日本中央バス（株）,"奥多野線　［1001・1002］, 奥多野線　［1003］, 奥多野線　［1005・1006］, 奥多野線　［1007・1008］, 奥多野線　［1011・1012］, 奥多野線　［1015・1016］, 奥多野線　［1017］, 奥多野線　［1021］, 奥多野線　［1026］, 奥多野線　［1027］"
熊倉,（有）雨沢ハイヤー,下仁田駅-勧能線
織茂,朝日自動車（株）,"【HJ31】本庄駅南口〜小島南〜神泉総合支所, 【HJ32】本庄駅南口〜沖電気前〜神泉総合支所"
宮ノ平,南牧村,"下仁田駅-山仲線, 下仁田駅-上底瀬線, 下仁田駅-大上上線, 下仁田駅-道場線"
宮ノ平,（有）雨沢ハイヤー,"下仁田駅-奥ノ萱線, 下仁田駅-勧能線"
農協南牧支所,南牧村,"下仁田駅-山仲線, 下仁田駅-上底瀬線, 下仁田駅-大上上線, 下仁田駅-道場線"
農協南牧支所,（有）雨沢ハイヤー,"下仁田駅-奥ノ萱線, 下仁田駅-勧能線"
上砥沢局前,南牧村,"下仁田駅-大上上線, 下仁田駅-道場線"
上砥沢局前,（有）雨沢ハイヤー,下仁田駅-勧能線
上砥沢,南牧村,"下仁田駅-大上上線, 下仁田駅-道場線"
上砥沢,（有）雨沢ハイヤー,下仁田駅-勧能線
鬼石病院前,日本中央バス（株）,"奥多野線　［1001・1002］, 奥多野線　［1003］, 奥多野線　［1005・1006］, 奥多野線　［1007・1008］, 奥多野線　［1011・1012］, 奥多野線　［1015・1016］, 奥多野線　［1017］, 奥多野線　［1021］, 奥多野線　［1026］, 奥多野線　［1027］"
雨沢,南牧村,"下仁田駅-山仲線, 下仁田駅-上底瀬線, 下仁田駅-大上上線, 下仁田駅-道場線"
雨沢,（有）雨沢ハイヤー,"下仁田駅-奥ノ萱線, 下仁田駅-勧能線"
学校前,南牧村,"下仁田駅-山仲線, 下仁田駅-上底瀬線, 下仁田駅-大上上線, 下仁田駅-道場線"
学校前［南牧中］,（有）雨沢ハイヤー,下仁田駅-勧能線
南牧村役場前,南牧村,"下仁田駅-山仲線, 下仁田駅-上底瀬線, 下仁田駅-大上上線, 下仁田駅-道場線"
南牧村役場前,（有）雨沢ハイヤー,下仁田駅-勧能線
堂所,（有）雨沢ハイヤー,下仁田駅-大倉線
トレーニングセンター前,南牧村,"下仁田駅-山仲線, 下仁田駅-上底瀬線, 下仁田駅-大上上線, 下仁田駅-道場線"
トレーニングセンター前,（有）雨沢ハイヤー,下仁田駅-勧能線
蝉,南牧村,"下仁田駅-大上上線, 下仁田駅-道場線"
蝉,（有）雨沢ハイヤー,下仁田駅-勧能線
六車,南牧村,"下仁田駅-山仲線, 下仁田駅-上底瀬線, 下仁田駅-大上上線, 下仁田駅-道場線"
六車,（有）雨沢ハイヤー,下仁田駅-勧能線
六車坂下,南牧村,"下仁田駅-大上上線, 下仁田駅-道場線"
六車坂下,（有）雨沢ハイヤー,下仁田駅-勧能線
六車橋,南牧村,"下仁田駅-山仲線, 下仁田駅-上底瀬線, 下仁田駅-大上上線, 下仁田駅-道場線"
六車橋,（有）雨沢ハイヤー,下仁田駅-勧能線
赤岩,南牧村,"下仁田駅-大上上線, 下仁田駅-道場線"
赤岩,（有）雨沢ハイヤー,下仁田駅-勧能線
砥沢,南牧村,"下仁田駅-大上上線, 下仁田駅-道場線"
砥沢,（有）雨沢ハイヤー,下仁田駅-勧能線
鬼石郵便局前,朝日自動車（株）,"【HJ31】本庄駅南口〜小島南〜神泉総合支所, 【HJ32】本庄駅南口〜沖電気前〜神泉総合支所"
鬼石郵便局,日本中央バス（株）,"奥多野線　［1001・1002］, 奥多野線　［1003］, 奥多野線　［1005・1006］, 奥多野線　［1007・1008］, 奥多野線　［1011・1012］, 奥多野線　［1015・1016］, 奥多野線　［1017］, 奥多野線　［1021］, 奥多野線　［1026］, 奥多野線　［1027］"
下相生町,日本中央バス（株）,"奥多野線　［1003］, 奥多野線　［1005・1006］, 奥多野線　［1007・1008］, 奥多野線　［1015・1016］, 奥多野線　［1017］, 奥多野線　［1026］, 奥多野線　［1027］"
相生町,日本中央バス（株）,"奥多野線　［1003］, 奥多野線　［1005・1006］, 奥多野線　［1007・1008］, 奥多野線　［1015・1016］, 奥多野線　［1017］, 奥多野線　［1026］, 奥多野線　［1027］"
上町,朝日自動車（株）,"【HJ31】本庄駅南口〜小島南〜神泉総合支所, 【HJ32】本庄駅南口〜沖電気前〜神泉総合支所"
三杉町,日本中央バス（株）,"奥多野線　［1003］, 奥多野線　［1005・1006］, 奥多野線　［1007・1008］, 奥多野線　［1015・1016］, 奥多野線　［1017］, 奥多野線　［1026］, 奥多野線　［1027］"
鬼石保育園入口,日本中央バス（株）,"奥多野線　［1003］, 奥多野線　［1005・1006］, 奥多野線　［1007・1008］, 奥多野線　［1015・1016］, 奥多野線　［1017］, 奥多野線　［1026］, 奥多野線　［1027］"
萱入口,（有）雨沢ハイヤー,下仁田駅-大倉線
総合グランド入口,日本中央バス（株）,"奥多野線　［1003］, 奥多野線　［1005・1006］, 奥多野線　［1007・1008］, 奥多野線　［1015・1016］, 奥多野線　［1017］, 奥多野線　［1026］, 奥多野線　［1027］"
満福寺入口,日本中央バス（株）,"奥多野線　［1003］, 奥多野線　［1005・1006］, 奥多野線　［1007・1008］, 奥多野線　［1015・1016］, 奥多野線　［1017］, 奥多野線　［1026］, 奥多野線　［1027］"
久保［南牧村大仁田］,（有）雨沢ハイヤー,下仁田駅-奥ノ萱線
芸の宮前,（有）雨沢ハイヤー,下仁田駅-大倉線
体験学習館マグ,日本中央バス（株）,"奥多野線　［1003］, 奥多野線　［1005・1006］, 奥多野線　［1007・1008］, 奥多野線　［1015・1016］, 奥多野線　［1017］, 奥多野線　［1026］, 奥多野線　［1027］"
落合,（有）雨沢ハイヤー,下仁田駅-奥ノ萱線
奥ノ萱,（有）雨沢ハイヤー,下仁田駅-奥ノ萱線
柴原集会所前,日本中央バス（株）,"奥多野線　［1003］, 奥多野線　［1005・1006］, 奥多野線　［1007・1008］, 奥多野線　［1015・1016］, 奥多野線　［1017］, 奥多野線　［1026］, 奥多野線　［1027］"
大倉,（有）雨沢ハイヤー,下仁田駅-大倉線
坂本,日本中央バス（株）,"奥多野線　［1003］, 奥多野線　［1005・1006］, 奥多野線　［1007・1008］, 奥多野線　［1015・1016］, 奥多野線　［1017］, 奥多野線　［1026］, 奥多野線　［1027］"
保美濃山,日本中央バス（株）,"奥多野線　［1003］, 奥多野線　［1005・1006］, 奥多野線　［1007・1008］, 奥多野線　［1015・1016］, 奥多野線　［1017］, 奥多野線　［1026］, 奥多野線　［1027］"
活用センター入口,日本中央バス（株）,"奥多野線　［1003］, 奥多野線　［1005・1006］, 奥多野線　［1007・1008］, 奥多野線　［1015・1016］, 奥多野線　［1017］, 奥多野線　［1026］, 奥多野線　［1027］"
ダムサイト入口,日本中央バス（株）,"奥多野線　［1003］, 奥多野線　［1005・1006］, 奥多野線　［1007・1008］, 奥多野線　［1015・1016］, 奥多野線　［1017］, 奥多野線　［1026］, 奥多野線　［1027］"
犬目,日本中央バス（株）,"奥多野線　［1003］, 奥多野線　［1005・1006］, 奥多野線　［1007・1008］, 奥多野線　［1015・1016］, 奥多野線　［1017］, 奥多野線　［1026］, 奥多野線　［1027］"
下久保,日本中央バス（株）,"奥多野線　［1003］, 奥多野線　［1005・1006］, 奥多野線　［1007・1008］, 奥多野線　［1015・1016］, 奥多野線　［1017］, 奥多野線　［1026］, 奥多野線　［1027］"
神坂トンネル,日本中央バス（株）,"奥多野線　［1003］, 奥多野線　［1005・1006］, 奥多野線　［1007・1008］, 奥多野線　［1015・1016］, 奥多野線　［1017］, 奥多野線　［1026］, 奥多野線　［1027］"
長井屋前,日本中央バス（株）,"奥多野線　［1003］, 奥多野線　［1005・1006］, 奥多野線　［1007・1008］, 奥多野線　［1015・1016］, 奥多野線　［1017］, 奥多野線　［1026］, 奥多野線　［1027］"
今里,日本中央バス（株）,"奥多野線　［1003］, 奥多野線　［1005・1006］, 奥多野線　［1007・1008］, 奥多野線　［1015・1016］, 奥多野線　［1017］, 奥多野線　［1026］, 奥多野線　［1027］"
新高瀬橋,日本中央バス（株）,"奥多野線　［1003］, 奥多野線　［1005・1006］, 奥多野線　［1007・1008］, 奥多野線　［1015・1016］, 奥多野線　［1017］, 奥多野線　［1026］, 奥多野線　［1027］"
元坂原,日本中央バス（株）,"奥多野線　［1003］, 奥多野線　［1005・1006］, 奥多野線　［1007・1008］, 奥多野線　［1015・1016］, 奥多野線　［1017］, 奥多野線　［1026］, 奥多野線　［1027］"
赤土橋,日本中央バス（株）,"奥多野線　［1003］, 奥多野線　［1005・1006］, 奥多野線　［1007・1008］, 奥多野線　［1015・1016］, 奥多野線　［1017］, 奥多野線　［1026］, 奥多野線　［1027］"
栢ケ舞,日本中央バス（株）,"奥多野線　［1003］, 奥多野線　［1005・1006］, 奥多野線　［1007・1008］, 奥多野線　［1015・1016］, 奥多野線　［1017］, 奥多野線　［1026］, 奥多野線　［1027］"
河原橋,日本中央バス（株）,"奥多野線　［1003］, 奥多野線　［1005・1006］, 奥多野線　［1007・1008］, 奥多野線　［1015・1016］, 奥多野線　［1017］, 奥多野線　［1026］, 奥多野線　［1027］"
法久,日本中央バス（株）,"奥多野線　［1003］, 奥多野線　［1005・1006］, 奥多野線　［1007・1008］, 奥多野線　［1015・1016］, 奥多野線　［1017］, 奥多野線　［1026］, 奥多野線　［1027］"
高瀬入口,日本中央バス（株）,"奥多野線　［1003］, 奥多野線　［1005・1006］, 奥多野線　［1007・1008］, 奥多野線　［1015・1016］, 奥多野線　［1017］, 奥多野線　［1026］, 奥多野線　［1027］"
布施,日本中央バス（株）,"奥多野線　［1003］, 奥多野線　［1005・1006］, 奥多野線　［1007・1008］, 奥多野線　［1015・1016］, 奥多野線　［1017］, 奥多野線　［1026］, 奥多野線　［1027］"
不動橋,日本中央バス（株）,"奥多野線　［1003］, 奥多野線　［1005・1006］, 奥多野線　［1007・1008］, 奥多野線　［1015・1016］, 奥多野線　［1017］, 奥多野線　［1026］, 奥多野線　［1027］"
露久保,日本中央バス（株）,"奥多野線　［1003］, 奥多野線　［1005・1006］, 奥多野線　［1007・1008］, 奥多野線　［1015・1016］, 奥多野線　［1017］, 奥多野線　［1026］, 奥多野線　［1027］"
柏木,日本中央バス（株）,"奥多野線　［1003］, 奥多野線　［1005・1006］, 奥多野線　［1007・1008］, 奥多野線　［1015・1016］, 奥多野線　［1017］, 奥多野線　［1026］, 奥多野線　［1027］"
太田部入口,日本中央バス（株）,"奥多野線　［1003］, 奥多野線　［1005・1006］, 奥多野線　［1007・1008］, 奥多野線　［1015・1016］, 奥多野線　［1017］, 奥多野線　［1026］, 奥多野線　［1027］"
老人憩いの家,日本中央バス（株）,"奥多野線　［1003］, 奥多野線　［1005・1006］, 奥多野線　［1007・1008］, 奥多野線　［1015・1016］, 奥多野線　［1017］, 奥多野線　［1026］, 奥多野線　［1027］"
麻生,日本中央バス（株）,"奥多野線　［1003］, 奥多野線　［1005・1006］, 奥多野線　［1007・1008］, 奥多野線　［1015・1016］, 奥多野線　［1017］, 奥多野線　［1026］, 奥多野線　［1027］"
万場総合グランド入口,日本中央バス（株）,"奥多野線　［1003］, 奥多野線　［1005・1006］, 奥多野線　［1007・1008］, 奥多野線　［1015・1016］, 奥多野線　［1017］, 奥多野線　［1026］, 奥多野線　［1027］"
扇屋,日本中央バス（株）,"奥多野線　［1003］, 奥多野線　［1005・1006］, 奥多野線　［1007・1008］, 奥多野線　［1015・1016］, 奥多野線　［1017］, 奥多野線　［1026］, 奥多野線　［1027］"
生利,日本中央バス（株）,"奥多野線　［1003］, 奥多野線　［1005・1006］, 奥多野線　［1007・1008］, 奥多野線　［1015・1016］, 奥多野線　［1017］, 奥多野線　［1026］, 奥多野線　［1027］"
万生橋,日本中央バス（株）,"奥多野線　［1003］, 奥多野線　［1005・1006］, 奥多野線　［1007・1008］, 奥多野線　［1015・1016］, 奥多野線　［1017］, 奥多野線　［1026］, 奥多野線　［1027］"
神流町役場前,日本中央バス（株）,"奥多野線　［1003］, 奥多野線　［1005・1006］, 奥多野線　［1007・1008］, 奥多野線　［1015・1016］, 奥多野線　［1017］, 奥多野線　［1026］, 奥多野線　［1027］"
万場,日本中央バス（株）,"奥多野線　［1003］, 奥多野線　［1005・1006］, 奥多野線　［1007・1008］, 奥多野線　［1015・1016］, 奥多野線　［1017］, 奥多野線　［1026］, 奥多野線　［1027］, 奥多野線　［1085］"
御鉾橋,日本中央バス（株）,"奥多野線　［1003］, 奥多野線　［1005・1006］, 奥多野線　［1007・1008］, 奥多野線　［1015・1016］, 奥多野線　［1017］, 奥多野線　［1026］, 奥多野線　［1027］"
八幡神社,日本中央バス（株）,"奥多野線　［1005・1006］, 奥多野線　［1007・1008］, 奥多野線　［1015・1016］, 奥多野線　［1017］, 奥多野線　［1026］, 奥多野線　［1027］, 奥多野線　［1085］"
黒田,日本中央バス（株）,"奥多野線　［1005・1006］, 奥多野線　［1007・1008］, 奥多野線　［1015・1016］, 奥多野線　［1017］, 奥多野線　［1026］, 奥多野線　［1027］, 奥多野線　［1085］"
西黒田,日本中央バス（株）,"奥多野線　［1005・1006］, 奥多野線　［1007・1008］, 奥多野線　［1015・1016］, 奥多野線　［1017］, 奥多野線　［1026］, 奥多野線　［1027］, 奥多野線　［1085］"
道の駅万葉の里,日本中央バス（株）,"奥多野線　［1005・1006］, 奥多野線　［1007・1008］, 奥多野線　［1015・1016］, 奥多野線　［1017］, 奥多野線　［1026］, 奥多野線　［1027］, 奥多野線　［1085］"
坂井,日本中央バス（株）,"奥多野線　［1005・1006］, 奥多野線　［1007・1008］, 奥多野線　［1015・1016］, 奥多野線　［1017］, 奥多野線　［1026］, 奥多野線　［1027］, 奥多野線　［1085］"
小平,日本中央バス（株）,"奥多野線　［1005・1006］, 奥多野線　［1007・1008］, 奥多野線　［1015・1016］, 奥多野線　［1017］, 奥多野線　［1026］, 奥多野線　［1027］, 奥多野線　［1085］"
小平西,日本中央バス（株）,"奥多野線　［1005・1006］, 奥多野線　［1007・1008］, 奥多野線　［1015・1016］, 奥多野線　［1017］, 奥多野線　［1026］, 奥多野線　［1027］, 奥多野線　［1085］"
青梨,日本中央バス（株）,"奥多野線　［1005・1006］, 奥多野線　［1007・1008］, 奥多野線　［1015・1016］, 奥多野線　［1017］, 奥多野線　［1026］, 奥多野線　［1027］, 奥多野線　［1085］"
相原,日本中央バス（株）,"奥多野線　［1005・1006］, 奥多野線　［1007・1008］, 奥多野線　［1015・1016］, 奥多野線　［1017］, 奥多野線　［1026］, 奥多野線　［1027］, 奥多野線　［1085］"
高八木,日本中央バス（株）,"奥多野線　［1005・1006］, 奥多野線　［1007・1008］, 奥多野線　［1015・1016］, 奥多野線　［1017］, 奥多野線　［1026］, 奥多野線　［1027］, 奥多野線　［1085］"
伝田郷,日本中央バス（株）,"奥多野線　［1005・1006］, 奥多野線　［1007・1008］, 奥多野線　［1015・1016］, 奥多野線　［1017］, 奥多野線　［1026］, 奥多野線　［1027］, 奥多野線　［1085］"
三島橋,日本中央バス（株）,"奥多野線　［1005・1006］, 奥多野線　［1007・1008］, 奥多野線　［1015・1016］, 奥多野線　［1017］, 奥多野線　［1026］, 奥多野線　［1027］, 奥多野線　［1085］"
平原,日本中央バス（株）,"奥多野線　［1005・1006］, 奥多野線　［1007・1008］, 奥多野線　［1015・1016］, 奥多野線　［1017］, 奥多野線　［1026］, 奥多野線　［1027］, 奥多野線　［1085］"
恐竜センター,日本中央バス（株）,"奥多野線　［1005・1006］, 奥多野線　［1007・1008］, 奥多野線　［1015・1016］, 奥多野線　［1017］, 奥多野線　［1026］, 奥多野線　［1027］, 奥多野線　［1085］"
魚尾郵便局前,日本中央バス（株）,"奥多野線　［1005・1006］, 奥多野線　［1007・1008］, 奥多野線　［1015・1016］, 奥多野線　［1017］, 奥多野線　［1026］, 奥多野線　［1027］, 奥多野線　［1085］"
田の頭,日本中央バス（株）,"奥多野線　［1005・1006］, 奥多野線　［1007・1008］, 奥多野線　［1015・1016］, 奥多野線　［1017］, 奥多野線　［1026］, 奥多野線　［1027］, 奥多野線　［1085］"
下小越,日本中央バス（株）,"奥多野線　［1005・1006］, 奥多野線　［1007・1008］, 奥多野線　［1015・1016］, 奥多野線　［1017］, 奥多野線　［1026］, 奥多野線　［1027］, 奥多野線　［1085］"
神流町中里合同庁舎前,日本中央バス（株）,"奥多野線　［1005・1006］, 奥多野線　［1007・1008］, 奥多野線　［1015・1016］, 奥多野線　［1017］, 奥多野線　［1026］, 奥多野線　［1027］, 奥多野線　［1085］"
神ケ原,日本中央バス（株）,"奥多野線　［1005・1006］, 奥多野線　［1007・1008］, 奥多野線　［1015・1016］, 奥多野線　［1017］, 奥多野線　［1026］, 奥多野線　［1027］, 奥多野線　［1085］"
古鉄橋,日本中央バス（株）,"奥多野線　［1005・1006］, 奥多野線　［1007・1008］, 奥多野線　［1015・1016］, 奥多野線　［1017］, 奥多野線　［1026］, 奥多野線　［1027］, 奥多野線　［1085］"
尾附,日本中央バス（株）,"奥多野線　［1005・1006］, 奥多野線　［1007・1008］, 奥多野線　［1015・1016］, 奥多野線　［1017］, 奥多野線　［1026］, 奥多野線　［1027］, 奥多野線　［1085］"
吉田屋,日本中央バス（株）,"奥多野線　［1005・1006］, 奥多野線　［1007・1008］, 奥多野線　［1015・1016］, 奥多野線　［1017］, 奥多野線　［1026］, 奥多野線　［1027］, 奥多野線　［1085］"
高橋,日本中央バス（株）,"奥多野線　［1005・1006］, 奥多野線　［1007・1008］, 奥多野線　［1015・1016］, 奥多野線　［1017］, 奥多野線　［1026］, 奥多野線　［1027］, 奥多野線　［1085］"
宮地,日本中央バス（株）,"奥多野線　［1005・1006］, 奥多野線　［1007・1008］, 奥多野線　［1015・1016］, 奥多野線　［1017］, 奥多野線　［1026］, 奥多野線　［1027］, 奥多野線　［1085］"
亀甲橋,日本中央バス（株）,"奥多野線　［1005・1006］, 奥多野線　［1007・1008］, 奥多野線　［1015・1016］, 奥多野線　［1017］, 奥多野線　［1026］, 奥多野線　［1027］, 奥多野線　［1085］"
川中,日本中央バス（株）,"奥多野線　［1005・1006］, 奥多野線　［1007・1008］, 奥多野線　［1015・1016］, 奥多野線　［1017］, 奥多野線　［1026］, 奥多野線　［1027］, 奥多野線　［1085］"
上野村ふれあい館,日本中央バス（株）,"奥多野線　［1005・1006］, 奥多野線　［1007・1008］, 奥多野線　［1015・1016］, 奥多野線　［1017］, 奥多野線　［1026］, 奥多野線　［1027］, 奥多野線　［1085］"
砥根平,日本中央バス（株）,"奥多野線　［1005・1006］, 奥多野線　［1007・1008］, 奥多野線　［1015・1016］, 奥多野線　［1017］, 奥多野線　［1026］, 奥多野線　［1027］, 奥多野線　［1085］"
小春,日本中央バス（株）,"奥多野線　［1005・1006］, 奥多野線　［1007・1008］, 奥多野線　［1015・1016］, 奥多野線　［1017］, 奥多野線　［1026］, 奥多野線　［1027］, 奥多野線　［1085］"
学園入口,日本中央バス（株）,"奥多野線　［1005・1006］, 奥多野線　［1007・1008］, 奥多野線　［1015・1016］, 奥多野線　［1017］, 奥多野線　［1026］, 奥多野線　［1027］, 奥多野線　［1085］"
楢原,日本中央バス（株）,"奥多野線　［1005・1006］, 奥多野線　［1007・1008］, 奥多野線　［1015・1016］, 奥多野線　［1017］, 奥多野線　［1026］, 奥多野線　［1027］, 奥多野線　［1085］"
神寄,日本中央バス（株）,"奥多野線　［1005・1006］, 奥多野線　［1007・1008］, 奥多野線　［1015・1016］, 奥多野線　［1017］, 奥多野線　［1026］, 奥多野線　［1027］, 奥多野線　［1085］"
藤沢,日本中央バス（株）,"奥多野線　［1005・1006］, 奥多野線　［1007・1008］, 奥多野線　［1015・1016］, 奥多野線　［1017］, 奥多野線　［1026］, 奥多野線　［1027］, 奥多野線　［1085］"
乙父診療所,日本中央バス（株）,"奥多野線　［1005・1006］, 奥多野線　［1007・1008］, 奥多野線　［1015・1016］, 奥多野線　［1017］, 奥多野線　［1026］, 奥多野線　［1027］, 奥多野線　［1085］"
小学校前,日本中央バス（株）,"奥多野線　［1005・1006］, 奥多野線　［1007・1008］, 奥多野線　［1015・1016］, 奥多野線　［1017］, 奥多野線　［1026］, 奥多野線　［1027］, 奥多野線　［1085］"
上野村役場入口,日本中央バス（株）,"奥多野線　［1005・1006］, 奥多野線　［1007・1008］, 奥多野線　［1015・1016］, 奥多野線　［1017］, 奥多野線　［1026］, 奥多野線　［1027］, 奥多野線　［1085］"
乙母,日本中央バス（株）,"奥多野線　［1005・1006］, 奥多野線　［1007・1008］, 奥多野線　［1015・1016］, 奥多野線　［1017］, 奥多野線　［1026］, 奥多野線　［1027］, 奥多野線　［1085］"
乙父大橋,日本中央バス（株）,"奥多野線　［1005・1006］, 奥多野線　［1007・1008］, 奥多野線　［1015・1016］, 奥多野線　［1017］, 奥多野線　［1026］, 奥多野線　［1027］, 奥多野線　［1085］"
中村,日本中央バス（株）,"奥多野線　［1005・1006］, 奥多野線　［1007・1008］, 奥多野線　［1015・1016］, 奥多野線　［1017］, 奥多野線　［1026］, 奥多野線　［1027］, 奥多野線　［1085］"
新羽,日本中央バス（株）,"奥多野線　［1005・1006］, 奥多野線　［1007・1008］, 奥多野線　［1015・1016］, 奥多野線　［1017］, 奥多野線　［1026］, 奥多野線　［1027］, 奥多野線　［1085］"
蛇木,日本中央バス（株）,"奥多野線　［1005・1006］, 奥多野線　［1007・1008］, 奥多野線　［1015・1016］, 奥多野線　［1017］, 奥多野線　［1026］, 奥多野線　［1027］, 奥多野線　［1085］"
勝山,日本中央バス（株）,"奥多野線　［1005・1006］, 奥多野線　［1007・1008］, 奥多野線　［1015・1016］, 奥多野線　［1017］, 奥多野線　［1026］, 奥多野線　［1027］, 奥多野線　［1085］"
白井入口,日本中央バス（株）,"奥多野線　［1007・1008］, 奥多野線　［1017］, 奥多野線　［1027］"
新羽坂の上,日本中央バス（株）,"奥多野線　［1005・1006］, 奥多野線　［1007・1008］, 奥多野線　［1015・1016］, 奥多野線　［1017］, 奥多野線　［1026］, 奥多野線　［1027］, 奥多野線　［1085］"
八幡,日本中央バス（株）,"奥多野線　［1005・1006］, 奥多野線　［1007・1008］, 奥多野線　［1015・1016］, 奥多野線　［1017］, 奥多野線　［1026］, 奥多野線　［1027］, 奥多野線　［1085］"
しおじの湯,日本中央バス（株）,"奥多野線　［1007・1008］, 奥多野線　［1017］, 奥多野線　［1027］"
