停留所名,事業者名,バス系統
西金公会堂,上里町,こむぎっち号　北部ルート（アグリパーク上里循環）
黛,上里町,こむぎっち号　北部ルート（アグリパーク上里循環）
池上神社,上里町,こむぎっち号　北部ルート（ウニクス循環）
八町河原,上里町,こむぎっち号　北部ルート（ウニクス循環）
中忍保,上里町,こむぎっち号　北部ルート（ウニクス循環）
内出集落センター,上里町,こむぎっち号　北部ルート（アグリパーク上里循環）
勝場,上里町,こむぎっち号　北部ルート（アグリパーク上里循環）
中宿公園,上里町,こむぎっち号　北部ルート（アグリパーク上里循環）
忍保,上里町,こむぎっち号　北部ルート（ウニクス循環）
賀美公民館,上里町,こむぎっち号　北部ルート（アグリパーク上里循環）
金上公会堂東,上里町,こむぎっち号　北部ルート（アグリパーク上里循環）
金下,上里町,こむぎっち号　北部ルート（アグリパーク上里循環）
神保原公民館,上里町,こむぎっち号　北部ルート（ウニクス循環）
イオンタウン,上里町,"こむぎっち号　北部ルート（アグリパーク上里循環）, こむぎっち号　中央ルート"
関東フローズン,上里町,こむぎっち号　北部ルート（アグリパーク上里循環）
天神・真下,上里町,こむぎっち号　中央ルート
めぐみ保育園,上里町,こむぎっち号　北部ルート（ウニクス循環）
上里北中学校,上里町,こむぎっち号　北部ルート（アグリパーク上里循環）
宮本町,上里町,こむぎっち号　北部ルート（ウニクス循環）
原公会堂南,上里町,こむぎっち号　北部ルート（アグリパーク上里循環）
アグリホール,上里町,こむぎっち号　北部ルート（ウニクス循環）
金下東集会所,上里町,こむぎっち号　北部ルート（アグリパーク上里循環）
坂東橋南詰,十王自動車（株）,伊勢崎・本庄線
セブンイレブン神保原店,上里町,こむぎっち号　北部ルート（アグリパーク上里循環）
アグリパーク上里,上里町,"こむぎっち号　北部ルート（アグリパーク上里循環）, こむぎっち号　中央ルート, こむぎっち号　南部ルート（アグリパーク上里循環）"
カインズホーム,上里町,"こむぎっち号　北部ルート（ウニクス循環）, こむぎっち号　中央ルート"
三丁目,上里町,"こむぎっち号　北部ルート（ウニクス循環）, こむぎっち号　中央ルート"
二丁目中央,上里町,"こむぎっち号　北部ルート（アグリパーク上里循環）, こむぎっち号　中央ルート"
田通公園,上里町,こむぎっち号　北部ルート（ウニクス循環）
沼和田,十王自動車（株）,伊勢崎・本庄線
掘込,上里町,こむぎっち号　北部ルート（アグリパーク上里循環）
四丁目,上里町,こむぎっち号　北部ルート（ウニクス循環）
神保原陸橋北,上里町,こむぎっち号　北部ルート（ウニクス循環）
神保原駅北口,上里町,"こむぎっち号　北部ルート（アグリパーク上里循環）, こむぎっち号　北部ルート（ウニクス循環）, こむぎっち号　中央ルート"
西原町,上里町,こむぎっち号　中央ルート
神保原駅南広場,上里町,"こむぎっち号　中央ルート, こむぎっち号　南部ルート（アグリパーク上里循環）, こむぎっち号　南部ルート（ウニクス循環）"
天神社東,上里町,こむぎっち号　北部ルート（アグリパーク上里循環）
掘込西,上里町,こむぎっち号　北部ルート（アグリパーク上里循環）
五丁目交流センター,上里町,こむぎっち号　北部ルート（ウニクス循環）
上里町役場,上里町,"こむぎっち号　中央ルート, こむぎっち号　南部ルート（アグリパーク上里循環）, こむぎっち号　南部ルート（ウニクス循環）"
帯刀集会所,上里町,こむぎっち号　北部ルート（アグリパーク上里循環）
飯玉,十王自動車（株）,伊勢崎・本庄線
ワープ上里・図書館前,上里町,こむぎっち号　中央ルート
群馬銀行,上里町,"こむぎっち号　中央ルート, こむぎっち号　南部ルート（ウニクス循環）"
四ツ谷公民館,上里町,こむぎっち号　南部ルート（ウニクス循環）
若泉三丁目,十王自動車（株）,伊勢崎・本庄線
とりせん北,上里町,"こむぎっち号　北部ルート（ウニクス循環）, こむぎっち号　中央ルート"
東五明,上里町,こむぎっち号　南部ルート（アグリパーク上里循環）
農協前,上里町,"こむぎっち号　中央ルート, こむぎっち号　南部ルート（アグリパーク上里循環）"
中五明公民館南,上里町,こむぎっち号　南部ルート（アグリパーク上里循環）
若泉一丁目,十王自動車（株）,伊勢崎・本庄線
保健センター,上里町,"こむぎっち号　中央ルート, こむぎっち号　南部ルート（アグリパーク上里循環）"
三軒会館,上里町,こむぎっち号　北部ルート（ウニクス循環）
ローソン七本木店,上里町,こむぎっち号　中央ルート
下郷,上里町,こむぎっち号　南部ルート（アグリパーク上里循環）
菅原神社,上里町,こむぎっち号　南部ルート（アグリパーク上里循環）
上里中学校,上里町,こむぎっち号　南部ルート（ウニクス循環）
堀之内,上里町,こむぎっち号　南部ルート（アグリパーク上里循環）
南五明公会堂,上里町,こむぎっち号　南部ルート（アグリパーク上里循環）
宮本町車庫,朝日自動車（株）,"【HJ11】宮本町車庫〜本庄駅南口, 【HJ22】宮本町車庫〜本庄駅南口〜児玉折返し場, 【HJ24】宮本町車庫〜本庄駅南口〜赤城乳業千本さくら工場"
上里東公民館,上里町,"こむぎっち号　北部ルート（ウニクス循環）, こむぎっち号　南部ルート（ウニクス循環）"
三田西,上里町,こむぎっち号　中央ルート
本庄市役所,十王自動車（株）,伊勢崎・本庄線
上武大橋南,伊勢崎市,境島村シャトルバス
沖電気前,朝日自動車（株）,"【HJ32】本庄駅南口〜沖電気前〜神泉総合支所, 【HJ33】本庄駅南口〜沖電気前"
宮,上里町,こむぎっち号　南部ルート（アグリパーク上里循環）
三田公会堂,上里町,こむぎっち号　中央ルート
石倉・岡,上里町,こむぎっち号　南部ルート（アグリパーク上里循環）
本庄三丁目,十王自動車（株）,伊勢崎・本庄線
沖電住宅,朝日自動車（株）,【HJ31】本庄駅南口〜小島南〜神泉総合支所
本町,十王自動車（株）,伊勢崎・本庄線
長幡小学校北,上里町,こむぎっち号　南部ルート（アグリパーク上里循環）
キャノン北,上里町,"こむぎっち号　北部ルート（ウニクス循環）, こむぎっち号　南部ルート（ウニクス循環）"
前原二丁目,朝日自動車（株）,"【HJ11】宮本町車庫〜本庄駅南口, 【HJ22】宮本町車庫〜本庄駅南口〜児玉折返し場, 【HJ24】宮本町車庫〜本庄駅南口〜赤城乳業千本さくら工場, 【HJ31】本庄駅南口〜小島南〜神泉総合支所, 【HJ32】本庄駅南口〜沖電気前〜神泉総合支所, 【HJ33】本庄駅南口〜沖電気前"
田中,上里町,こむぎっち号　南部ルート（アグリパーク上里循環）
小島南,朝日自動車（株）,【HJ31】本庄駅南口〜小島南〜神泉総合支所
小島南三丁目,朝日自動車（株）,"【HJ31】本庄駅南口〜小島南〜神泉総合支所, 【HJ32】本庄駅南口〜沖電気前〜神泉総合支所"
ベルク七本木店,上里町,こむぎっち号　中央ルート
古新田,朝日自動車（株）,"【HJ31】本庄駅南口〜小島南〜神泉総合支所, 【HJ32】本庄駅南口〜沖電気前〜神泉総合支所"
古新田,上里町,こむぎっち号　中央ルート
並木,上里町,こむぎっち号　南部ルート（アグリパーク上里循環）
セブンイレブン長浜店,上里町,こむぎっち号　南部ルート（アグリパーク上里循環）
ウニクス,上里町,"こむぎっち号　北部ルート（ウニクス循環）, こむぎっち号　中央ルート, こむぎっち号　南部ルート（ウニクス循環）"
ウニクス上里,朝日自動車（株）,"【HJ31】本庄駅南口〜小島南〜神泉総合支所, 【HJ32】本庄駅南口〜沖電気前〜神泉総合支所"
前原一丁目,朝日自動車（株）,"【HJ11】宮本町車庫〜本庄駅南口, 【HJ22】宮本町車庫〜本庄駅南口〜児玉折返し場, 【HJ24】宮本町車庫〜本庄駅南口〜赤城乳業千本さくら工場, 【HJ31】本庄駅南口〜小島南〜神泉総合支所, 【HJ32】本庄駅南口〜沖電気前〜神泉総合支所, 【HJ33】本庄駅南口〜沖電気前"
本庄駅北口,十王自動車（株）,伊勢崎・本庄線
七本木小学校,上里町,こむぎっち号　南部ルート（ウニクス循環）
京塚,朝日自動車（株）,"【HJ31】本庄駅南口〜小島南〜神泉総合支所, 【HJ32】本庄駅南口〜沖電気前〜神泉総合支所"
諏訪神社,上里町,こむぎっち号　南部ルート（アグリパーク上里循環）
町民体育館,上里町,こむぎっち号　南部ルート（ウニクス循環）
本庄駅南口,朝日自動車（株）,"【HJ11】宮本町車庫〜本庄駅南口, 【HJ21】本庄駅南口〜児玉折返し場, 【HJ22】宮本町車庫〜本庄駅南口〜児玉折返し場, 【HJ23】本庄駅南口〜赤城乳業千本さくら工場, 【HJ24】宮本町車庫〜本庄駅南口〜赤城乳業千本さくら工場, 【HJ31】本庄駅南口〜小島南〜神泉総合支所, 【HJ32】本庄駅南口〜沖電気前〜神泉総合支所, 【HJ33】本庄駅南口〜沖電気前"
本庄駅南口,本庄観光（株）,はにぽんシャトル
本庄駅南口,武蔵観光（株）,寄居車庫⇔本庄早稲田駅北口⇔本庄駅南口
妻沼川岸,朝日自動車（株）,"【KM61】熊谷駅〜上根〜妻沼聖天前〜太田駅, 【KM62】熊谷駅〜上根〜妻沼聖天前〜西矢島, 【KM63】熊谷駅〜上根〜妻沼聖天前〜西小泉駅"
出来島入口,（株）協同バス,グライダーワゴン（妻沼行政センターから籠原駅北口）
久保神社,上里町,こむぎっち号　南部ルート（アグリパーク上里循環）
本郷,朝日自動車（株）,"【HJ31】本庄駅南口〜小島南〜神泉総合支所, 【HJ32】本庄駅南口〜沖電気前〜神泉総合支所"
七本木神社,上里町,こむぎっち号　南部ルート（ウニクス循環）
間々田,（株）協同バス,グライダーワゴン（妻沼行政センターから籠原駅北口）
エーザイ前,朝日自動車（株）,"【HJ21】本庄駅南口〜児玉折返し場, 【HJ22】宮本町車庫〜本庄駅南口〜児玉折返し場, 【HJ23】本庄駅南口〜赤城乳業千本さくら工場, 【HJ24】宮本町車庫〜本庄駅南口〜赤城乳業千本さくら工場"
三町公民館,上里町,こむぎっち号　南部ルート（ウニクス循環）
七軒町,朝日自動車（株）,"【HJ11】宮本町車庫〜本庄駅南口, 【HJ21】本庄駅南口〜児玉折返し場, 【HJ22】宮本町車庫〜本庄駅南口〜児玉折返し場, 【HJ23】本庄駅南口〜赤城乳業千本さくら工場, 【HJ24】宮本町車庫〜本庄駅南口〜赤城乳業千本さくら工場, 【HJ31】本庄駅南口〜小島南〜神泉総合支所, 【HJ32】本庄駅南口〜沖電気前〜神泉総合支所, 【HJ33】本庄駅南口〜沖電気前"
県営住宅,上里町,こむぎっち号　南部ルート（アグリパーク上里循環）
駅入口,朝日自動車（株）,"【HJ11】宮本町車庫〜本庄駅南口, 【HJ21】本庄駅南口〜児玉折返し場, 【HJ22】宮本町車庫〜本庄駅南口〜児玉折返し場, 【HJ23】本庄駅南口〜赤城乳業千本さくら工場, 【HJ24】宮本町車庫〜本庄駅南口〜赤城乳業千本さくら工場, 【HJ31】本庄駅南口〜小島南〜神泉総合支所, 【HJ32】本庄駅南口〜沖電気前〜神泉総合支所, 【HJ33】本庄駅南口〜沖電気前"
駅入口,武蔵観光（株）,寄居車庫⇔本庄早稲田駅北口⇔本庄駅南口
男沼小学校前,（株）協同バス,グライダーワゴン（妻沼行政センターから籠原駅北口）
宿前,朝日自動車（株）,"【HJ31】本庄駅南口〜小島南〜神泉総合支所, 【HJ32】本庄駅南口〜沖電気前〜神泉総合支所"
宿前,上里町,こむぎっち号　南部ルート（ウニクス循環）
渋沢栄一記念館,花園観光バス（株）,深谷市コミュニティバス「くるリン」北部シャトル便
上郷,上里町,こむぎっち号　南部ルート（アグリパーク上里循環）
三町四ツ角,朝日自動車（株）,"【HJ31】本庄駅南口〜小島南〜神泉総合支所, 【HJ32】本庄駅南口〜沖電気前〜神泉総合支所"
休安寺入口,上里町,こむぎっち号　南部ルート（ウニクス循環）
三町,朝日自動車（株）,"【HJ31】本庄駅南口〜小島南〜神泉総合支所, 【HJ32】本庄駅南口〜沖電気前〜神泉総合支所"
下久城,上里町,こむぎっち号　北部ルート（ウニクス循環）
駅南交番前,武蔵観光（株）,寄居車庫⇔本庄早稲田駅北口⇔本庄駅南口
駅南交番前,本庄観光（株）,はにぽんシャトル
本郷三,上里町,こむぎっち号　北部ルート（ウニクス循環）
三町,上里町,"こむぎっち号　南部ルート（アグリパーク上里循環）, こむぎっち号　南部ルート（ウニクス循環）"
東岡,朝日自動車（株）,"【KM61】熊谷駅〜上根〜妻沼聖天前〜太田駅, 【KM62】熊谷駅〜上根〜妻沼聖天前〜西矢島, 【KM63】熊谷駅〜上根〜妻沼聖天前〜西小泉駅"
本庄高校入口,朝日自動車（株）,"【HJ21】本庄駅南口〜児玉折返し場, 【HJ22】宮本町車庫〜本庄駅南口〜児玉折返し場, 【HJ23】本庄駅南口〜赤城乳業千本さくら工場, 【HJ24】宮本町車庫〜本庄駅南口〜赤城乳業千本さくら工場"
西大御堂,上里町,こむぎっち号　南部ルート（アグリパーク上里循環）
立野東,上里町,こむぎっち号　北部ルート（ウニクス循環）
あじさい寺（能護寺）,（株）協同バス,グライダーワゴン（妻沼行政センターから籠原駅北口）
東大北,上里町,こむぎっち号　南部ルート（アグリパーク上里循環）
五十石,（株）協同バス,グライダーワゴン（妻沼行政センターから籠原駅北口）
東富田,朝日自動車（株）,"【HJ21】本庄駅南口〜児玉折返し場, 【HJ22】宮本町車庫〜本庄駅南口〜児玉折返し場, 【HJ23】本庄駅南口〜赤城乳業千本さくら工場, 【HJ24】宮本町車庫〜本庄駅南口〜赤城乳業千本さくら工場"
南本町,本庄観光（株）,はにぽんシャトル
南本町,武蔵観光（株）,寄居車庫⇔本庄早稲田駅北口⇔本庄駅南口
壁ヶ谷戸自治会館,花園観光バス（株）,深谷市コミュニティバス「くるリン」北部シャトル便
立野,上里町,こむぎっち号　南部ルート（ウニクス循環）
下手計,花園観光バス（株）,深谷市コミュニティバス「くるリン」北部シャトル便
妻沼聖天前,朝日自動車（株）,"【KM61】熊谷駅〜上根〜妻沼聖天前〜太田駅, 【KM62】熊谷駅〜上根〜妻沼聖天前〜西矢島, 【KM63】熊谷駅〜上根〜妻沼聖天前〜西小泉駅, 【KM64】熊谷駅〜上根〜妻沼聖天前"
妻沼聖天前,（株）協同バス,"グライダーワゴン（妻沼循環）, グライダー号"
新戒,花園観光バス（株）,深谷市コミュニティバス「くるリン」北部シャトル便
西富田,朝日自動車（株）,"【HJ21】本庄駅南口〜児玉折返し場, 【HJ22】宮本町車庫〜本庄駅南口〜児玉折返し場, 【HJ23】本庄駅南口〜赤城乳業千本さくら工場, 【HJ24】宮本町車庫〜本庄駅南口〜赤城乳業千本さくら工場"
けや木,十王自動車（株）,伊勢崎・本庄線
けや木,本庄観光（株）,はにぽんシャトル
登戸,（株）協同バス,"グライダーワゴン（妻沼循環）, グライダー号"
聖天山南入口,（株）協同バス,"グライダーワゴン（妻沼循環）, グライダー号"
三町南,上里町,こむぎっち号　南部ルート（ウニクス循環）
妻沼西部工業団地,朝日自動車（株）,【KM52】熊谷駅〜中奈良〜妻沼工業団地〜妻沼
妻沼西一丁目,朝日自動車（株）,【KM52】熊谷駅〜中奈良〜妻沼工業団地〜妻沼
浅間神社,上里町,こむぎっち号　南部ルート（ウニクス循環）
大塚,花園観光バス（株）,深谷市コミュニティバス「くるリン」北部シャトル便
永井太田,（株）協同バス,グライダーワゴン（妻沼行政センターから籠原駅北口）
新田原,本庄観光（株）,はにぽんシャトル
妻沼西中学校前,（株）協同バス,グライダーワゴン（妻沼行政センターから籠原駅北口）
工業団地南,朝日自動車（株）,【KM52】熊谷駅〜中奈良〜妻沼工業団地〜妻沼
立野南公民館東,上里町,こむぎっち号　南部ルート（ウニクス循環）
妻沼運動公園,朝日自動車（株）,【KM52】熊谷駅〜中奈良〜妻沼工業団地〜妻沼
立野南,上里町,こむぎっち号　南部ルート（ウニクス循環）
妻沼仲町,朝日自動車（株）,"【KM61】熊谷駅〜上根〜妻沼聖天前〜太田駅, 【KM62】熊谷駅〜上根〜妻沼聖天前〜西矢島, 【KM63】熊谷駅〜上根〜妻沼聖天前〜西小泉駅, 【KM64】熊谷駅〜上根〜妻沼聖天前"
長久保公園南,上里町,こむぎっち号　南部ルート（ウニクス循環）
法務局南,十王自動車（株）,伊勢崎・本庄線
法務局南,本庄観光（株）,はにぽんシャトル
法務局南,武蔵観光（株）,寄居車庫⇔本庄早稲田駅北口⇔本庄駅南口
成塚,花園観光バス（株）,深谷市コミュニティバス「くるリン」北部シャトル便
妻沼中央公民館入口,（株）協同バス,"グライダーワゴン（妻沼循環）, グライダー号"
福寿荘前,花園観光バス（株）,深谷市コミュニティバス「くるリン」北部シャトル便
元阿保,朝日自動車（株）,"【HJ31】本庄駅南口〜小島南〜神泉総合支所, 【HJ32】本庄駅南口〜沖電気前〜神泉総合支所"
太田郵便局,（株）協同バス,グライダーワゴン（妻沼行政センターから籠原駅北口）
妻沼行政センター,朝日自動車（株）,"【KM51】熊谷駅〜中奈良〜妻沼, 【KM52】熊谷駅〜中奈良〜妻沼工業団地〜妻沼"
妻沼行政センター,（株）協同バス,"グライダーワゴン（妻沼循環）, グライダーワゴン（妻沼行政センターから籠原駅北口）, グライダー号"
大寄公民館,花園観光バス（株）,深谷市コミュニティバス「くるリン」北部シャトル便
農協支所前,朝日自動車（株）,"【KM51】熊谷駅〜中奈良〜妻沼, 【KM52】熊谷駅〜中奈良〜妻沼工業団地〜妻沼"
妻沼東中学校前,（株）協同バス,"グライダーワゴン（妻沼循環）, グライダー号"
妻沼下町,朝日自動車（株）,"【KM61】熊谷駅〜上根〜妻沼聖天前〜太田駅, 【KM62】熊谷駅〜上根〜妻沼聖天前〜西矢島, 【KM63】熊谷駅〜上根〜妻沼聖天前〜西小泉駅, 【KM64】熊谷駅〜上根〜妻沼聖天前, 【KM65】熊谷駅〜上根〜妻沼, 【KM51】熊谷駅〜中奈良〜妻沼, 【KM52】熊谷駅〜中奈良〜妻沼工業団地〜妻沼"
ニュータウン入口,朝日自動車（株）,"【KM65】熊谷駅〜上根〜妻沼, 【KM51】熊谷駅〜中奈良〜妻沼, 【KM52】熊谷駅〜中奈良〜妻沼工業団地〜妻沼"
備前橋南,（株）協同バス,グライダーワゴン（妻沼行政センターから籠原駅北口）
久下塚,本庄観光（株）,はにぽんシャトル
久下塚,武蔵観光（株）,寄居車庫⇔本庄早稲田駅北口⇔本庄駅南口
せきね商店前,花園観光バス（株）,深谷市コミュニティバス「くるリン」北部シャトル便
四方田,朝日自動車（株）,"【HJ21】本庄駅南口〜児玉折返し場, 【HJ22】宮本町車庫〜本庄駅南口〜児玉折返し場, 【HJ23】本庄駅南口〜赤城乳業千本さくら工場, 【HJ24】宮本町車庫〜本庄駅南口〜赤城乳業千本さくら工場"
善ヶ島西部,（株）協同バス,"グライダーワゴン（妻沼循環）, グライダー号"
ハナミズキ通り,朝日自動車（株）,"【KM65】熊谷駅〜上根〜妻沼, 【KM51】熊谷駅〜中奈良〜妻沼, 【KM52】熊谷駅〜中奈良〜妻沼工業団地〜妻沼"
前新田,（株）協同バス,グライダーワゴン（妻沼行政センターから籠原駅北口）
妻沼,朝日自動車（株）,"【KM65】熊谷駅〜上根〜妻沼, 【KM51】熊谷駅〜中奈良〜妻沼, 【KM52】熊谷駅〜中奈良〜妻沼工業団地〜妻沼"
本庄早稲田駅北口,本庄観光（株）,はにぽんシャトル
本庄早稲田駅北口,武蔵観光（株）,寄居車庫⇔本庄早稲田駅北口⇔本庄駅南口
本庄早稲田駅,十王自動車（株）,伊勢崎・本庄線
丹荘駅入口,朝日自動車（株）,"【HJ31】本庄駅南口〜小島南〜神泉総合支所, 【HJ32】本庄駅南口〜沖電気前〜神泉総合支所"
三ツ橋,朝日自動車（株）,"【KM61】熊谷駅〜上根〜妻沼聖天前〜太田駅, 【KM62】熊谷駅〜上根〜妻沼聖天前〜西矢島, 【KM63】熊谷駅〜上根〜妻沼聖天前〜西小泉駅, 【KM64】熊谷駅〜上根〜妻沼聖天前, 【KM65】熊谷駅〜上根〜妻沼"
内ヶ島,花園観光バス（株）,深谷市コミュニティバス「くるリン」北部シャトル便
新井郵便局前,花園観光バス（株）,深谷市コミュニティバス「くるリン」北部シャトル便
栗崎,武蔵観光（株）,寄居車庫⇔本庄早稲田駅北口⇔本庄駅南口
善ヶ島コミュニティセンター入口,（株）協同バス,"グライダーワゴン（妻沼循環）, グライダー号"
市ノ坪,（株）協同バス,グライダーワゴン（妻沼行政センターから籠原駅北口）
道の駅めぬま,朝日自動車（株）,"【KM51】熊谷駅〜中奈良〜妻沼, 【KM52】熊谷駅〜中奈良〜妻沼工業団地〜妻沼"
道の駅めぬま,（株）協同バス,グライダーワゴン（妻沼循環）
戸森（北）,花園観光バス（株）,深谷市コミュニティバス「くるリン」北部シャトル便
神川町役場入口,朝日自動車（株）,"【HJ31】本庄駅南口〜小島南〜神泉総合支所, 【HJ32】本庄駅南口〜沖電気前〜神泉総合支所"
高関,朝日自動車（株）,"【HJ21】本庄駅南口〜児玉折返し場, 【HJ22】宮本町車庫〜本庄駅南口〜児玉折返し場, 【HJ23】本庄駅南口〜赤城乳業千本さくら工場, 【HJ24】宮本町車庫〜本庄駅南口〜赤城乳業千本さくら工場"
リード前,朝日自動車（株）,"【KM61】熊谷駅〜上根〜妻沼聖天前〜太田駅, 【KM62】熊谷駅〜上根〜妻沼聖天前〜西矢島, 【KM63】熊谷駅〜上根〜妻沼聖天前〜西小泉駅, 【KM64】熊谷駅〜上根〜妻沼聖天前, 【KM65】熊谷駅〜上根〜妻沼"
大野,（株）協同バス,グライダーワゴン（妻沼循環）
明戸西部（2）,花園観光バス（株）,深谷市コミュニティバス「くるリン」北部シャトル便
市ノ坪南,（株）協同バス,グライダーワゴン（妻沼行政センターから籠原駅北口）
児玉温泉ファミリープラザ,朝日自動車（株）,"【HJ21】本庄駅南口〜児玉折返し場, 【HJ22】宮本町車庫〜本庄駅南口〜児玉折返し場, 【HJ23】本庄駅南口〜赤城乳業千本さくら工場, 【HJ24】宮本町車庫〜本庄駅南口〜赤城乳業千本さくら工場"
飯塚,（株）協同バス,グライダーワゴン（妻沼行政センターから籠原駅北口）
グライダー妻沼訓練所入口,（株）協同バス,グライダーワゴン（妻沼循環）
道ヶ谷戸,（株）協同バス,グライダーワゴン（妻沼行政センターから籠原駅北口）
植竹,朝日自動車（株）,"【HJ31】本庄駅南口〜小島南〜神泉総合支所, 【HJ32】本庄駅南口〜沖電気前〜神泉総合支所"
道の駅かぞわたらせ,栃木市,11　藤岡線
妻沼南,朝日自動車（株）,"【KM51】熊谷駅〜中奈良〜妻沼, 【KM52】熊谷駅〜中奈良〜妻沼工業団地〜妻沼"
妻沼南,（株）協同バス,グライダーワゴン（妻沼循環）
木部商店前,花園観光バス（株）,深谷市コミュニティバス「くるリン」北部シャトル便
弁財,（株）協同バス,"グライダーワゴン（妻沼循環）, グライダー号"
上根,朝日自動車（株）,"【KM61】熊谷駅〜上根〜妻沼聖天前〜太田駅, 【KM62】熊谷駅〜上根〜妻沼聖天前〜西矢島, 【KM63】熊谷駅〜上根〜妻沼聖天前〜西小泉駅, 【KM64】熊谷駅〜上根〜妻沼聖天前, 【KM65】熊谷駅〜上根〜妻沼"
明戸西部（1）,花園観光バス（株）,深谷市コミュニティバス「くるリン」北部シャトル便
武道館前,（株）協同バス,グライダーワゴン（妻沼循環）
蛭川,朝日自動車（株）,"【HJ21】本庄駅南口〜児玉折返し場, 【HJ22】宮本町車庫〜本庄駅南口〜児玉折返し場, 【HJ23】本庄駅南口〜赤城乳業千本さくら工場, 【HJ24】宮本町車庫〜本庄駅南口〜赤城乳業千本さくら工場"
上須戸ハイツ,（株）協同バス,グライダーワゴン（妻沼循環）
岡里団地（南）,花園観光バス（株）,深谷市コミュニティバス「くるリン」西部シャトル便
公会堂前,朝日自動車（株）,"【HJ31】本庄駅南口〜小島南〜神泉総合支所, 【HJ32】本庄駅南口〜沖電気前〜神泉総合支所"
向野コミュニティセンター前,（株）協同バス,グライダーワゴン（妻沼循環）
井殿橋,朝日自動車（株）,"【KM61】熊谷駅〜上根〜妻沼聖天前〜太田駅, 【KM62】熊谷駅〜上根〜妻沼聖天前〜西矢島, 【KM63】熊谷駅〜上根〜妻沼聖天前〜西小泉駅, 【KM64】熊谷駅〜上根〜妻沼聖天前, 【KM65】熊谷駅〜上根〜妻沼"
深谷警察署（西）,花園観光バス（株）,深谷市コミュニティバス「くるリン」北部シャトル便
埼玉りそな銀行岡部支店前,花園観光バス（株）,深谷市コミュニティバス「くるリン」西部シャトル便
下増田,（株）協同バス,グライダーワゴン（妻沼行政センターから籠原駅北口）
西島,（株）協同バス,"グライダーワゴン（妻沼循環）, グライダー号"
柳生駅,加須市,シャトルバス
岡部小学校,花園観光バス（株）,深谷市コミュニティバス「くるリン」西部シャトル便
普済寺,花園観光バス（株）,深谷市コミュニティバス「くるリン」西部シャトル便
岡部小学校前,花園観光バス（株）,深谷市コミュニティバス「くるリン」西部シャトル便
岡部駅,花園観光バス（株）,深谷市コミュニティバス「くるリン」西部シャトル便
神川中学校前,朝日自動車（株）,"【HJ31】本庄駅南口〜小島南〜神泉総合支所, 【HJ32】本庄駅南口〜沖電気前〜神泉総合支所"
普済寺（西）,花園観光バス（株）,深谷市コミュニティバス「くるリン」西部シャトル便
小茂田,武蔵観光（株）,寄居車庫⇔本庄早稲田駅北口⇔本庄駅南口
土手上,国際十王交通（株）,熊谷駅〜中条学校〜葛和田
葛和田上宿,国際十王交通（株）,熊谷駅〜中条学校〜葛和田
西大沼（北）,花園観光バス（株）,深谷市コミュニティバス「くるリン」北部シャトル便
天王店,国際十王交通（株）,熊谷駅〜中条学校〜葛和田
葛和田,国際十王交通（株）,熊谷駅〜中条学校〜葛和田
深谷中央病院前,花園観光バス（株）,深谷市コミュニティバス「くるリン」北部シャトル便
西蔵寺入口,花園観光バス（株）,深谷市コミュニティバス「くるリン」北部シャトル便
西光院前,（株）協同バス,グライダーワゴン（妻沼循環）
四ツ井,武蔵観光（株）,寄居車庫⇔本庄早稲田駅北口⇔本庄駅南口
小野袋,加須市,シャトルバス
フレッセイ田谷店前,花園観光バス（株）,深谷市コミュニティバス「くるリン」北部シャトル便
フレッセイ田谷店,花園観光バス（株）,深谷市コミュニティバス「くるリン」北部シャトル便
堤,羽生市,井泉・村君ルート（ムジナもん号）
永明寺前,羽生市,井泉・村君ルート（ムジナもん号）
村君公民館前,羽生市,井泉・村君ルート（ムジナもん号）
坂入医院,加須市,シャトルバス
岡部公会堂入口,花園観光バス（株）,深谷市コミュニティバス「くるリン」西部シャトル便
西野,朝日自動車（株）,"【KM61】熊谷駅〜上根〜妻沼聖天前〜太田駅, 【KM62】熊谷駅〜上根〜妻沼聖天前〜西矢島, 【KM63】熊谷駅〜上根〜妻沼聖天前〜西小泉駅, 【KM64】熊谷駅〜上根〜妻沼聖天前, 【KM65】熊谷駅〜上根〜妻沼"
西野,（株）協同バス,グライダーワゴン（妻沼循環）
吉田林,朝日自動車（株）,"【HJ21】本庄駅南口〜児玉折返し場, 【HJ22】宮本町車庫〜本庄駅南口〜児玉折返し場, 【HJ23】本庄駅南口〜赤城乳業千本さくら工場, 【HJ24】宮本町車庫〜本庄駅南口〜赤城乳業千本さくら工場"
葛和田老人憩いの家,（株）協同バス,"グライダーワゴン（妻沼循環）, グライダー号"
田島,（株）協同バス,グライダーワゴン（妻沼循環）
下十条,武蔵観光（株）,寄居車庫⇔本庄早稲田駅北口⇔本庄駅南口
荒宿,（株）協同バス,グライダーワゴン（妻沼循環）
柏戸,加須市,シャトルバス
セントグレースガーデン西,羽生市,井泉・村君ルート（ムジナもん号）
名集会所,羽生市,井泉・村君ルート（ムジナもん号）
西城就業改善センター入口,（株）協同バス,"グライダーワゴン（妻沼循環）, グライダー号"
日向入口,国際十王交通（株）,熊谷駅〜中条学校〜葛和田
田谷（西）,花園観光バス（株）,深谷市コミュニティバス「くるリン」北部シャトル便
森谷,（株）協同バス,"グライダーワゴン（妻沼循環）, グライダー号"
深谷市民文化会館前,花園観光バス（株）,深谷市コミュニティバス「くるリン」北部シャトル便
岡部（東）,花園観光バス（株）,深谷市コミュニティバス「くるリン」西部シャトル便
俵瀬,（株）協同バス,グライダーワゴン（妻沼循環）
原郷西部,花園観光バス（株）,深谷市コミュニティバス「くるリン」北部シャトル便
葛和田団地前,国際十王交通（株）,熊谷駅〜中条学校〜葛和田
萩野吟子記念館前,（株）協同バス,グライダーワゴン（妻沼循環）
天神町・稲荷町,花園観光バス（株）,深谷市コミュニティバス「くるリン」北部シャトル便
深谷城址公園（南）,花園観光バス（株）,深谷市コミュニティバス「くるリン」北部シャトル便
俵瀬入口,国際十王交通（株）,熊谷駅〜中条学校〜葛和田
宿根（西）,花園観光バス（株）,深谷市コミュニティバス「くるリン」西部シャトル便
阿那志火の見下,武蔵観光（株）,寄居車庫⇔本庄早稲田駅北口⇔本庄駅南口
青柳小学校前,朝日自動車（株）,"【HJ31】本庄駅南口〜小島南〜神泉総合支所, 【HJ32】本庄駅南口〜沖電気前〜神泉総合支所"
ガード下,朝日自動車（株）,"【HJ21】本庄駅南口〜児玉折返し場, 【HJ22】宮本町車庫〜本庄駅南口〜児玉折返し場, 【HJ23】本庄駅南口〜赤城乳業千本さくら工場, 【HJ24】宮本町車庫〜本庄駅南口〜赤城乳業千本さくら工場"
上村大橋,羽生市,井泉・村君ルート（ムジナもん号）
日向団地,（株）協同バス,"グライダーワゴン（妻沼循環）, グライダー号"
深谷市役所,花園観光バス（株）,深谷市コミュニティバス「くるリン」北部シャトル便
葉草,朝日自動車（株）,"【KM61】熊谷駅〜上根〜妻沼聖天前〜太田駅, 【KM62】熊谷駅〜上根〜妻沼聖天前〜西矢島, 【KM63】熊谷駅〜上根〜妻沼聖天前〜西小泉駅, 【KM64】熊谷駅〜上根〜妻沼聖天前, 【KM65】熊谷駅〜上根〜妻沼"
葛和田橋南,（株）協同バス,"グライダーワゴン（妻沼循環）, グライダー号"
宿根自治会館,花園観光バス（株）,深谷市コミュニティバス「くるリン」西部シャトル便
照岩寺前,国際十王交通（株）,熊谷駅〜中条学校〜葛和田
日向上,（株）協同バス,"グライダーワゴン（妻沼循環）, グライダー号"
くれよんかん,花園観光バス（株）,深谷市コミュニティバス「くるリン」西部シャトル便
日向中,（株）協同バス,"グライダーワゴン（妻沼循環）, グライダー号"
池田,朝日自動車（株）,"【HJ31】本庄駅南口〜小島南〜神泉総合支所, 【HJ32】本庄駅南口〜沖電気前〜神泉総合支所"
スカイスポーツ公園,羽生市,井泉・村君ルート（ムジナもん号）
別府荘,（株）協同バス,グライダーワゴン（妻沼行政センターから籠原駅北口）
別府沼公園,（株）協同バス,グライダーワゴン（妻沼行政センターから籠原駅北口）
北川辺西小学校,加須市,シャトルバス
松の木,羽生市,井泉・村君ルート（ムジナもん号）
麦倉上耕地,加須市,シャトルバス
上村君農業研修所,羽生市,井泉・村君ルート（ムジナもん号）
北尾崎,羽生市,井泉・村君ルート（ムジナもん号）
高校入口,朝日自動車（株）,"【HJ21】本庄駅南口〜児玉折返し場, 【HJ22】宮本町車庫〜本庄駅南口〜児玉折返し場, 【HJ23】本庄駅南口〜赤城乳業千本さくら工場, 【HJ24】宮本町車庫〜本庄駅南口〜赤城乳業千本さくら工場"
発戸,羽生市,井泉・村君ルート（ムジナもん号）
関入口,武蔵観光（株）,寄居車庫⇔本庄早稲田駅北口⇔本庄駅南口
県営萱場団地（西）,花園観光バス（株）,深谷市コミュニティバス「くるリン」西部シャトル便
日向下,（株）協同バス,グライダーワゴン（妻沼循環）
深谷駅北,花園観光バス（株）,深谷市コミュニティバス「くるリン」北部シャトル便
下奈良時花,（株）協同バス,グライダー号
葉草南,朝日自動車（株）,"【KM61】熊谷駅〜上根〜妻沼聖天前〜太田駅, 【KM62】熊谷駅〜上根〜妻沼聖天前〜西矢島, 【KM63】熊谷駅〜上根〜妻沼聖天前〜西小泉駅, 【KM64】熊谷駅〜上根〜妻沼聖天前, 【KM65】熊谷駅〜上根〜妻沼"
新古河駅西口,加須市,シャトルバス
深谷駅北入口,花園観光バス（株）,深谷市コミュニティバス「くるリン」東部シャトル便
深谷駅入口,武蔵観光（株）,寄居車庫⇔深谷駅
峰岸,朝日自動車（株）,"【HJ31】本庄駅南口〜小島南〜神泉総合支所, 【HJ32】本庄駅南口〜沖電気前〜神泉総合支所"
北河原公民館入口,行田市,行田市北西コース
深谷駅,武蔵観光（株）,寄居車庫⇔深谷駅
深谷駅北口,花園観光バス（株）,"深谷市コミュニティバス「くるリン」北部シャトル便, 深谷市コミュニティバス「くるリン」東部シャトル便"
十王堂前,行田市,行田市北西コース
正田眼科前,花園観光バス（株）,深谷市コミュニティバス「くるリン」東部シャトル便
埼玉グランドホテル前,花園観光バス（株）,深谷市コミュニティバス「くるリン」東部シャトル便
児玉駅入口,朝日自動車（株）,"【HJ21】本庄駅南口〜児玉折返し場, 【HJ22】宮本町車庫〜本庄駅南口〜児玉折返し場, 【HJ23】本庄駅南口〜赤城乳業千本さくら工場, 【HJ24】宮本町車庫〜本庄駅南口〜赤城乳業千本さくら工場"
寿町自治会館,花園観光バス（株）,深谷市コミュニティバス「くるリン」東部シャトル便
稲子集会所,羽生市,井泉・村君ルート（ムジナもん号）
JA別府支店,（株）協同バス,グライダーワゴン（妻沼行政センターから籠原駅北口）
飯積山越,加須市,シャトルバス
深谷駅南口,花園観光バス（株）,"深谷市コミュニティバス「くるリン」東部シャトル便, 深谷市コミュニティバス「くるリン」西部シャトル便, 深谷市コミュニティバス「くるリン」南部シャトル便"
北河原,行田市,行田市北西コース
北河原,国際十王交通（株）,熊谷駅〜中条学校〜葛和田
宿根市営住宅前,花園観光バス（株）,深谷市コミュニティバス「くるリン」西部シャトル便
農業活性化センター前,朝日自動車（株）,"【KM61】熊谷駅〜上根〜妻沼聖天前〜太田駅, 【KM62】熊谷駅〜上根〜妻沼聖天前〜西矢島, 【KM63】熊谷駅〜上根〜妻沼聖天前〜西小泉駅, 【KM64】熊谷駅〜上根〜妻沼聖天前, 【KM65】熊谷駅〜上根〜妻沼"
国済寺,花園観光バス（株）,深谷市コミュニティバス「くるリン」東部シャトル便
北川辺総合支所,加須市,シャトルバス
沖,羽生市,井泉・村君ルート（ムジナもん号）
寿町,花園観光バス（株）,深谷市コミュニティバス「くるリン」東部シャトル便
ローソン萱場店,花園観光バス（株）,深谷市コミュニティバス「くるリン」西部シャトル便
北川辺健康福祉センター,加須市,シャトルバス
寄島,朝日自動車（株）,"【HJ31】本庄駅南口〜小島南〜神泉総合支所, 【HJ32】本庄駅南口〜沖電気前〜神泉総合支所"
中通り,花園観光バス（株）,深谷市コミュニティバス「くるリン」西部シャトル便
荒宿農村広場,（株）協同バス,グライダー号
連雀町,朝日自動車（株）,"【HJ21】本庄駅南口〜児玉折返し場, 【HJ22】宮本町車庫〜本庄駅南口〜児玉折返し場, 【HJ23】本庄駅南口〜赤城乳業千本さくら工場, 【HJ24】宮本町車庫〜本庄駅南口〜赤城乳業千本さくら工場"
南公民館,花園観光バス（株）,深谷市コミュニティバス「くるリン」西部シャトル便
上野台八幡台,花園観光バス（株）,深谷市コミュニティバス「くるリン」西部シャトル便
中妻団地前,（株）協同バス,グライダー号
安楽寺入口,（株）協同バス,グライダーワゴン（妻沼行政センターから籠原駅北口）
駅南入口,花園観光バス（株）,"深谷市コミュニティバス「くるリン」西部シャトル便, 深谷市コミュニティバス「くるリン」南部シャトル便"
新屋敷,行田市,行田市北西コース
新屋敷,国際十王交通（株）,熊谷駅〜中条学校〜葛和田
酒巻,行田市,行田市北西コース
井原歯科クリニック,花園観光バス（株）,深谷市コミュニティバス「くるリン」東部シャトル便
下奈良久保南,（株）協同バス,グライダー号
志戸川,武蔵観光（株）,寄居車庫⇔本庄早稲田駅北口⇔本庄駅南口
桜ヶ丘,花園観光バス（株）,深谷市コミュニティバス「くるリン」東部シャトル便
別所,羽生市,川俣・新郷ルート（いがまん号）
葛西親水公園,羽生市,川俣・新郷ルート（いがまん号）
ローソン上野台茶売り通り店,花園観光バス（株）,深谷市コミュニティバス「くるリン」西部シャトル便
中奈良,朝日自動車（株）,"【KM51】熊谷駅〜中奈良〜妻沼, 【KM52】熊谷駅〜中奈良〜妻沼工業団地〜妻沼"
ビジネスホテル東和前,花園観光バス（株）,深谷市コミュニティバス「くるリン」西部シャトル便
台坂上,武蔵観光（株）,寄居車庫⇔深谷駅
四方寺農村広場,（株）協同バス,グライダー号
桜ヶ丘小学校（北）,花園観光バス（株）,"深谷市コミュニティバス「くるリン」西部シャトル便, 深谷市コミュニティバス「くるリン」南部シャトル便"
飯積新屋敷,加須市,シャトルバス
西松屋深谷上野台店前,花園観光バス（株）,深谷市コミュニティバス「くるリン」西部シャトル便
西新田,羽生市,川俣・新郷ルート（いがまん号）
観音寺入口,（株）協同バス,グライダー号
本川俣,羽生市,川俣・新郷ルート（いがまん号）
総合福祉会館,行田市,"行田市北西コース, 行田市北東コース"
しまむら上野台店前,花園観光バス（株）,深谷市コミュニティバス「くるリン」西部シャトル便
市営上柴住宅前,花園観光バス（株）,深谷市コミュニティバス「くるリン」東部シャトル便
児玉小学校入口,朝日自動車（株）,"【HJ21】本庄駅南口〜児玉折返し場, 【HJ22】宮本町車庫〜本庄駅南口〜児玉折返し場, 【HJ23】本庄駅南口〜赤城乳業千本さくら工場, 【HJ24】宮本町車庫〜本庄駅南口〜赤城乳業千本さくら工場"
北川辺東小学校,加須市,シャトルバス
県営住宅入口,武蔵観光（株）,寄居車庫⇔深谷駅
市営緑ヶ丘住宅入口,花園観光バス（株）,深谷市コミュニティバス「くるリン」東部シャトル便
竜住,羽生市,川俣・新郷ルート（いがまん号）
桜ヶ丘小学校（西）,花園観光バス（株）,深谷市コミュニティバス「くるリン」西部シャトル便
クスリのアオキ深谷桜ヶ丘店前,花園観光バス（株）,深谷市コミュニティバス「くるリン」西部シャトル便
松村泌尿器科医院前,花園観光バス（株）,深谷市コミュニティバス「くるリン」東部シャトル便
桜ヶ丘小学校前,武蔵観光（株）,寄居車庫⇔深谷駅
緑ヶ丘,花園観光バス（株）,深谷市コミュニティバス「くるリン」東部シャトル便
緑ヶ丘,武蔵観光（株）,寄居車庫⇔深谷駅
奈良小学校前,朝日自動車（株）,"【KM61】熊谷駅〜上根〜妻沼聖天前〜太田駅, 【KM62】熊谷駅〜上根〜妻沼聖天前〜西矢島, 【KM63】熊谷駅〜上根〜妻沼聖天前〜西小泉駅, 【KM64】熊谷駅〜上根〜妻沼聖天前, 【KM65】熊谷駅〜上根〜妻沼"
新宿,朝日自動車（株）,"【HJ31】本庄駅南口〜小島南〜神泉総合支所, 【HJ32】本庄駅南口〜沖電気前〜神泉総合支所"
上川俣道畑,羽生市,川俣・新郷ルート（いがまん号）
新田,行田市,行田市北西コース
桜ヶ丘小学校（南）,花園観光バス（株）,深谷市コミュニティバス「くるリン」南部シャトル便
須加公民館前,行田市,行田市北東コース
上柴メンタルクリニック前,花園観光バス（株）,深谷市コミュニティバス「くるリン」東部シャトル便
児玉警察署前,朝日自動車（株）,"【HJ23】本庄駅南口〜赤城乳業千本さくら工場, 【HJ24】宮本町車庫〜本庄駅南口〜赤城乳業千本さくら工場"
北藤井,羽生市,井泉・村君ルート（ムジナもん号）
別府中学校南,（株）協同バス,グライダーワゴン（妻沼行政センターから籠原駅北口）
児玉折返し場,朝日自動車（株）,"【HJ21】本庄駅南口〜児玉折返し場, 【HJ22】宮本町車庫〜本庄駅南口〜児玉折返し場, 【HJ23】本庄駅南口〜赤城乳業千本さくら工場, 【HJ24】宮本町車庫〜本庄駅南口〜赤城乳業千本さくら工場"
公会堂前,国際十王交通（株）,熊谷駅〜中条学校〜葛和田
須加郵便局前,行田市,行田市北東コース
上柴団地前,花園観光バス（株）,深谷市コミュニティバス「くるリン」東部シャトル便
興徳寺前,行田市,行田市北東コース
緑風苑前,行田市,行田市北東コース
小前田児玉線入口,朝日自動車（株）,"【HJ23】本庄駅南口〜赤城乳業千本さくら工場, 【HJ24】宮本町車庫〜本庄駅南口〜赤城乳業千本さくら工場"
岡田医院入口,行田市,行田市北西コース
諏訪神社（西）,花園観光バス（株）,深谷市コミュニティバス「くるリン」東部シャトル便
金井デンタルクリニック前,花園観光バス（株）,深谷市コミュニティバス「くるリン」東部シャトル便
根住,武蔵観光（株）,寄居車庫⇔深谷駅
今泉,羽生市,井泉・村君ルート（ムジナもん号）
老人福祉センター,行田市,行田市北東コース
麦倉内野,加須市,シャトルバス
麦倉北曽根,加須市,シャトルバス
深谷日赤,深谷観光バス（株）,"路線バス　KN1, 路線バス　KN2"
深谷赤十字病院,花園観光バス（株）,深谷市コミュニティバス「くるリン」東部シャトル便
井泉公民館前,羽生市,井泉・村君ルート（ムジナもん号）
今泉八幡,羽生市,井泉・村君ルート（ムジナもん号）
枯杉,羽生市,井泉・村君ルート（ムジナもん号）
法務局前,武蔵観光（株）,寄居車庫⇔深谷駅
日赤病院,武蔵観光（株）,寄居車庫⇔深谷駅
元農協川俣支店,羽生市,川俣・新郷ルート（いがまん号）
原,朝日自動車（株）,"【KM61】熊谷駅〜上根〜妻沼聖天前〜太田駅, 【KM62】熊谷駅〜上根〜妻沼聖天前〜西矢島, 【KM63】熊谷駅〜上根〜妻沼聖天前〜西小泉駅, 【KM64】熊谷駅〜上根〜妻沼聖天前, 【KM65】熊谷駅〜上根〜妻沼"
上野台大台,花園観光バス（株）,深谷市コミュニティバス「くるリン」南部シャトル便
南河原老人福祉センター,行田市,行田市北西コース
田舎教師像前,羽生市,井泉・村君ルート（ムジナもん号）
藤井上組,羽生市,井泉・村君ルート（ムジナもん号）
農協東支店,羽生市,手子林・三田ヶ谷ルート（ムジナもん号）
稲子塚原,羽生市,井泉・村君ルート（ムジナもん号）
勘兵衛松,羽生市,川俣・新郷ルート（いがまん号）
上柴町東4丁目,花園観光バス（株）,深谷市コミュニティバス「くるリン」東部シャトル便
ダイアパレス前,武蔵観光（株）,寄居車庫⇔深谷駅
別府第2公園,（株）協同バス,グライダーワゴン（妻沼行政センターから籠原駅北口）
上・下町集会所前,行田市,行田市北西コース
別府第2公園南,（株）協同バス,くまぴあ号
たかしの森クリニック前,（株）協同バス,くまぴあ号
南河原中学校入口,行田市,行田市北西コース
ARIO深谷・東都大学1号館前,深谷観光バス（株）,"路線バス　KN1, 路線バス　KN2, 路線バス　KN3"
アリオ深谷,花園観光バス（株）,深谷市コミュニティバス「くるリン」東部シャトル便
南河原支所前,行田市,行田市北西コース
南河原支所,国際十王交通（株）,熊谷駅〜陸上競技場入口〜南河原支所〜犬塚
小須賀団地,羽生市,川俣・新郷ルート（いがまん号）
八坂神社,加須市,シャトルバス
蓮台寺,羽生市,手子林・三田ヶ谷ルート（ムジナもん号）
別府一丁目,（株）協同バス,"グライダーワゴン（妻沼行政センターから籠原駅北口）, くまぴあ号"
玉井四丁目,国際十王交通（株）,熊谷駅〜新島車庫〜籠原駅
上柴西幼稚園前,武蔵観光（株）,寄居車庫⇔深谷駅
別府第二公園入口,国際十王交通（株）,熊谷駅〜新島車庫〜籠原駅
赤城乳業千本さくら工場,朝日自動車（株）,"【HJ23】本庄駅南口〜赤城乳業千本さくら工場, 【HJ24】宮本町車庫〜本庄駅南口〜赤城乳業千本さくら工場"
東都大学2号館,深谷観光バス（株）,"路線バス　KN1, 路線バス　KN2, 路線バス　KN3"
上中条,国際十王交通（株）,熊谷駅〜中条学校〜葛和田
行人塚,国際十王交通（株）,熊谷駅〜陸上競技場入口〜南河原支所〜犬塚
仲町診療所入口,花園観光バス（株）,深谷市コミュニティバス「くるリン」南部シャトル便
中堀橋,加須市,シャトルバス
竹の内,国際十王交通（株）,熊谷駅〜中条学校〜葛和田
仙元山公園下,武蔵観光（株）,寄居車庫⇔深谷駅
光厳寺前,武蔵観光（株）,寄居車庫⇔深谷駅
レクイエム聖殿前,深谷観光バス（株）,"路線バス　KN1, 路線バス　KN3"
中条学校,国際十王交通（株）,熊谷駅〜中条学校〜葛和田
中新田,国際十王交通（株）,熊谷駅〜陸上競技場入口〜南河原支所〜犬塚
玉井北,（株）協同バス,くまぴあ号
北2丁目,羽生市,川俣・新郷ルート（いがまん号）
香取神社,羽生市,井泉・村君ルート（ムジナもん号）
三区,国際十王交通（株）,熊谷駅〜陸上競技場入口〜南河原支所〜犬塚
古郡,武蔵観光（株）,寄居車庫⇔本庄早稲田駅北口⇔本庄駅南口
与兵工新田,羽生市,手子林・三田ヶ谷ルート（ムジナもん号）
はぎわら眼科前,（株）協同バス,くまぴあ号
玉井団地,国際十王交通（株）,熊谷駅〜新島車庫〜籠原駅
下渡瀬朝日工業前,朝日自動車（株）,"【HJ31】本庄駅南口〜小島南〜神泉総合支所, 【HJ32】本庄駅南口〜沖電気前〜神泉総合支所"
玉井二丁目,国際十王交通（株）,熊谷駅〜新島車庫〜籠原駅
籠原,国際十王交通（株）,熊谷駅〜新島車庫〜籠原駅
東3丁目,羽生市,井泉・村君ルート（ムジナもん号）
日赤血液センター前,朝日自動車（株）,"【KM51】熊谷駅〜中奈良〜妻沼, 【KM52】熊谷駅〜中奈良〜妻沼工業団地〜妻沼"
北柏合,武蔵観光（株）,寄居車庫⇔深谷駅
宿中,羽生市,川俣・新郷ルート（いがまん号）
バス転回場,（株）協同バス,くまぴあ号
二ノ町,国際十王交通（株）,熊谷駅〜陸上競技場入口〜南河原支所〜犬塚
今井,国際十王交通（株）,熊谷駅〜中条学校〜葛和田
小曽根,朝日自動車（株）,"【KM61】熊谷駅〜上根〜妻沼聖天前〜太田駅, 【KM62】熊谷駅〜上根〜妻沼聖天前〜西矢島, 【KM63】熊谷駅〜上根〜妻沼聖天前〜西小泉駅, 【KM64】熊谷駅〜上根〜妻沼聖天前, 【KM65】熊谷駅〜上根〜妻沼"
グリーンパーク前,武蔵観光（株）,寄居車庫⇔深谷駅
三区南集会所,行田市,行田市北西コース
中条中学校東,（株）協同バス,グライダー号
高野団地,加須市,シャトルバス
横塚,行田市,行田市北東コース
南河原公民館,国際十王交通（株）,熊谷駅〜陸上競技場入口〜南河原支所〜犬塚
埼玉セレモニー前,深谷観光バス（株）,"路線バス　KN1, 路線バス　KN3"
新堀,国際十王交通（株）,熊谷駅〜新島車庫〜籠原駅
内谷陸橋西,羽生市,手子林・三田ヶ谷ルート（ムジナもん号）
西柏合,武蔵観光（株）,寄居車庫⇔深谷駅
神鳥,羽生市,手子林・三田ヶ谷ルート（ムジナもん号）
広田,国際十王交通（株）,熊谷駅〜陸上競技場入口〜南河原支所〜犬塚
西新井,行田市,行田市北西コース
西新井,国際十王交通（株）,熊谷駅〜陸上競技場入口〜南河原支所〜犬塚
正光寺,羽生市,川俣・新郷ルート（いがまん号）
犬塚,国際十王交通（株）,熊谷駅〜陸上競技場入口〜南河原支所〜犬塚
栄西,加須市,シャトルバス
深谷ビッグタートル入口,花園観光バス（株）,深谷市コミュニティバス「くるリン」南部シャトル便
犬塚,行田市,行田市北西コース
西羽生駅南口,羽生市,川俣・新郷ルート（いがまん号）
祥雲寺前,羽生市,川俣・新郷ルート（いがまん号）
三田ヶ谷2区,羽生市,手子林・三田ヶ谷ルート（ムジナもん号）
石丸病院前,国際十王交通（株）,熊谷駅〜新島車庫〜籠原駅
城橋,羽生市,井泉・村君ルート（ムジナもん号）
渡瀬本宿,朝日自動車（株）,"【HJ31】本庄駅南口〜小島南〜神泉総合支所, 【HJ32】本庄駅南口〜沖電気前〜神泉総合支所"
三区南,行田市,行田市北西コース
田中,国際十王交通（株）,熊谷駅〜中条学校〜葛和田
向新田,国際十王交通（株）,熊谷駅〜陸上競技場入口〜南河原支所〜犬塚
中央公園入口,羽生市,井泉・村君ルート（ムジナもん号）
籠原駅北口,（株）協同バス,"グライダーワゴン（妻沼行政センターから籠原駅北口）, くまぴあ号"
籠原駅,国際十王交通（株）,熊谷駅〜新島車庫〜籠原駅
関東脳神経外科病院,（株）協同バス,くまぴあ号
東町郵便局前,羽生市,"井泉・村君ルート（ムジナもん号）, 川俣・新郷ルート（いがまん号）, 手子林・三田ヶ谷ルート（ムジナもん号）, 須影・岩瀬ルート（いがまん号）"
下宿天神社,羽生市,川俣・新郷ルート（いがまん号）
河原神社,国際十王交通（株）,熊谷駅〜陸上競技場入口〜南河原支所〜犬塚
栄町,羽生市,川俣・新郷ルート（いがまん号）
大沼,羽生市,手子林・三田ヶ谷ルート（ムジナもん号）
籠原駅南口,深谷観光バス（株）,"路線バス　KN1, 路線バス　KN2, 路線バス　KN3"
籠原駅南口,国際十王交通（株）,熊谷市内循環ゆうゆうバス（ほたる号）籠原駅南口-江南行政センタ
籠原駅南口,（株）協同バス,ムサシトミヨ号（熊谷駅南口から籠原駅南口）
籠原フェスティバルガーデン,深谷観光バス（株）,"路線バス　KN1, 路線バス　KN3"
八塩温泉入口,朝日自動車（株）,"【HJ31】本庄駅南口〜小島南〜神泉総合支所, 【HJ32】本庄駅南口〜沖電気前〜神泉総合支所"
前原,羽生市,手子林・三田ヶ谷ルート（ムジナもん号）
栄東,加須市,シャトルバス
羽生市役所,羽生市,"井泉・村君ルート（ムジナもん号）, 川俣・新郷ルート（いがまん号）, 手子林・三田ヶ谷ルート（ムジナもん号）, 須影・岩瀬ルート（いがまん号）"
キャッセ羽生・水郷公園,羽生市,手子林・三田ヶ谷ルート（ムジナもん号）
本町・プラザ前,羽生市,"井泉・村君ルート（ムジナもん号）, 川俣・新郷ルート（いがまん号）, 手子林・三田ヶ谷ルート（ムジナもん号）, 須影・岩瀬ルート（いがまん号）"
新堀新田・籠原南三丁目,深谷観光バス（株）,"路線バス　KN1, 路線バス　KN3"
人見第3,花園観光バス（株）,深谷市コミュニティバス「くるリン」南部シャトル便
高柳,国際十王交通（株）,熊谷駅〜新島車庫〜籠原駅
在家,国際十王交通（株）,熊谷駅〜陸上競技場入口〜南河原支所〜犬塚
松久,武蔵観光（株）,寄居車庫⇔本庄早稲田駅北口⇔本庄駅南口
大幡,朝日自動車（株）,"【KM61】熊谷駅〜上根〜妻沼聖天前〜太田駅, 【KM62】熊谷駅〜上根〜妻沼聖天前〜西矢島, 【KM63】熊谷駅〜上根〜妻沼聖天前〜西小泉駅, 【KM64】熊谷駅〜上根〜妻沼聖天前, 【KM65】熊谷駅〜上根〜妻沼"
赤城神社,国際十王交通（株）,"熊谷駅〜くまがやドーム, 熊谷駅〜中条学校〜葛和田"
新郷駅,羽生市,川俣・新郷ルート（いがまん号）
北袋,羽生市,手子林・三田ヶ谷ルート（ムジナもん号）
羽生駅東口,羽生市,"井泉・村君ルート（ムジナもん号）, 川俣・新郷ルート（いがまん号）, 手子林・三田ヶ谷ルート（ムジナもん号）, 須影・岩瀬ルート（いがまん号）"
南柏合,武蔵観光（株）,寄居車庫⇔深谷駅
二斎条,行田市,行田市北西コース
渡瀬中宿,朝日自動車（株）,"【HJ31】本庄駅南口〜小島南〜神泉総合支所, 【HJ32】本庄駅南口〜沖電気前〜神泉総合支所"
パープル羽生入口,羽生市,"井泉・村君ルート（ムジナもん号）, 川俣・新郷ルート（いがまん号）, 手子林・三田ヶ谷ルート（ムジナもん号）, 須影・岩瀬ルート（いがまん号）"
保育ステーション前,（株）協同バス,ムサシトミヨ号（熊谷駅南口から籠原駅南口）
くまぴあ前,（株）協同バス,くまぴあ号
籠原自動車教習所入口,深谷観光バス（株）,"路線バス　KN1, 路線バス　KN3"
道の駅童謡のふる里おおとね,加須市,シャトルバス
杉戸田,国際十王交通（株）,熊谷駅〜陸上競技場入口〜南河原支所〜犬塚
住吉,羽生市,川俣・新郷ルート（いがまん号）
ラグビー場入口,国際十王交通（株）,熊谷駅〜くまがやドーム
羽生駅西口,羽生市,"川俣・新郷ルート（いがまん号）, 須影・岩瀬ルート（いがまん号）"
北荻島,羽生市,手子林・三田ヶ谷ルート（ムジナもん号）
中妻東,羽生市,川俣・新郷ルート（いがまん号）
羽生駅,（株）平成エンタープライズ,イオンモール羽生線
荒木愛宕神社前,行田市,行田市北東コース
自衛隊前,深谷観光バス（株）,"路線バス　KN1, 路線バス　KN3"
ふじ高等学園前,羽生市,手子林・三田ヶ谷ルート（ムジナもん号）
代,（株）協同バス,くまぴあ号
筋交橋,国際十王交通（株）,熊谷駅〜新島車庫〜籠原駅
熊谷スポーツ文化公園,国際十王交通（株）,熊谷駅〜熊谷スポーツ文化公園（ラグビー場）
南4丁目,羽生市,須影・岩瀬ルート（いがまん号）
北袋集会所,羽生市,手子林・三田ヶ谷ルート（ムジナもん号）
清掃センター,羽生市,手子林・三田ヶ谷ルート（ムジナもん号）
テレビ熊谷前,朝日自動車（株）,"【KM51】熊谷駅〜中奈良〜妻沼, 【KM52】熊谷駅〜中奈良〜妻沼工業団地〜妻沼"
柿沼,朝日自動車（株）,"【KM61】熊谷駅〜上根〜妻沼聖天前〜太田駅, 【KM62】熊谷駅〜上根〜妻沼聖天前〜西矢島, 【KM63】熊谷駅〜上根〜妻沼聖天前〜西小泉駅, 【KM64】熊谷駅〜上根〜妻沼聖天前, 【KM65】熊谷駅〜上根〜妻沼"
くまがやドーム,国際十王交通（株）,熊谷駅〜くまがやドーム
宝泉寺前,行田市,行田市北西コース
肥塚団地,国際十王交通（株）,"熊谷駅〜くまがやドーム, 熊谷駅〜熊谷スポーツ文化公園（ラグビー場）, 熊谷駅〜中条学校〜葛和田"
農業試験場,国際十王交通（株）,熊谷駅〜新島車庫〜籠原駅
藤沢小学校入口,花園観光バス（株）,深谷市コミュニティバス「くるリン」南部シャトル便
スポーツ文化公園,（株）協同バス,グライダー号
大塚,国際十王交通（株）,熊谷駅〜陸上競技場入口〜南河原支所〜犬塚
大塚,（株）協同バス,グライダー号
上和田,行田市,行田市北西コース
元福祉健康会館,羽生市,須影・岩瀬ルート（いがまん号）
荒木天満宮前,行田市,行田市北東コース
彩華園前,国際十王交通（株）,熊谷駅〜陸上競技場入口〜南河原支所〜犬塚
渡戸,朝日自動車（株）,"【HJ31】本庄駅南口〜小島南〜神泉総合支所, 【HJ32】本庄駅南口〜沖電気前〜神泉総合支所"
JAふれあいセンター,（株）協同バス,ムサシトミヨ号（熊谷駅南口から籠原駅南口）
上川上入口,国際十王交通（株）,"熊谷駅〜くまがやドーム, 熊谷駅〜熊谷スポーツ文化公園（ラグビー場）, 熊谷駅〜中条学校〜葛和田"
文殊院前,羽生市,手子林・三田ヶ谷ルート（ムジナもん号）
南6丁目,羽生市,須影・岩瀬ルート（いがまん号）
人見,武蔵観光（株）,寄居車庫⇔深谷駅
文化ホール,羽生市,須影・岩瀬ルート（いがまん号）
熊谷文化創造館,国際十王交通（株）,熊谷市内循環ゆうゆうバス（ほたる号）籠原駅南口-江南行政センタ
西新島,国際十王交通（株）,熊谷駅〜新島車庫〜籠原駅
JAふかや藤沢支店前,花園観光バス（株）,深谷市コミュニティバス「くるリン」南部シャトル便
三田ヶ谷1区,羽生市,手子林・三田ヶ谷ルート（ムジナもん号）
岩瀬公民館前,羽生市,須影・岩瀬ルート（いがまん号）
水道課,羽生市,手子林・三田ヶ谷ルート（ムジナもん号）
大幡中学校北,朝日自動車（株）,"【KM51】熊谷駅〜中奈良〜妻沼, 【KM52】熊谷駅〜中奈良〜妻沼工業団地〜妻沼"
和田,行田市,行田市北西コース
宮田団地入口,羽生市,須影・岩瀬ルート（いがまん号）
藤沢公民館,花園観光バス（株）,深谷市コミュニティバス「くるリン」南部シャトル便
加須北中学校,加須市,シャトルバス
天神山,朝日自動車（株）,"【KM61】熊谷駅〜上根〜妻沼聖天前〜太田駅, 【KM62】熊谷駅〜上根〜妻沼聖天前〜西矢島, 【KM63】熊谷駅〜上根〜妻沼聖天前〜西小泉駅, 【KM64】熊谷駅〜上根〜妻沼聖天前, 【KM65】熊谷駅〜上根〜妻沼"
市営斎条団地前,行田市,行田市北西コース
甘粕,武蔵観光（株）,寄居車庫⇔本庄早稲田駅北口⇔本庄駅南口
清和園入口,羽生市,川俣・新郷ルート（いがまん号）
人見第4,花園観光バス（株）,深谷市コミュニティバス「くるリン」南部シャトル便
中新田橋,羽生市,川俣・新郷ルート（いがまん号）
下池守,行田市,行田市北西コース
武州荒木駅前,行田市,行田市北東コース
北肥塚,国際十王交通（株）,"熊谷駅〜くまがやドーム, 熊谷駅〜熊谷スポーツ文化公園（ラグビー場）, 熊谷駅〜中条学校〜葛和田"
埼玉純真短期大学,（株）平成エンタープライズ,イオンモール羽生線
肥塚四丁目西,（株）協同バス,くまぴあ号
肥塚四丁目東,（株）協同バス,くまぴあ号
遠新田,朝日自動車（株）,"【KM61】熊谷駅〜上根〜妻沼聖天前〜太田駅, 【KM62】熊谷駅〜上根〜妻沼聖天前〜西矢島, 【KM63】熊谷駅〜上根〜妻沼聖天前〜西小泉駅, 【KM64】熊谷駅〜上根〜妻沼聖天前, 【KM65】熊谷駅〜上根〜妻沼"
下川上,国際十王交通（株）,熊谷駅〜陸上競技場入口〜南河原支所〜犬塚
上川上自治会館前,（株）協同バス,グライダー号
中岩瀬,羽生市,須影・岩瀬ルート（いがまん号）
陸上競技場入口,国際十王交通（株）,熊谷駅〜陸上競技場入口〜南河原支所〜犬塚
陸上競技場入口,（株）協同バス,グライダー号
下岩瀬,（株）平成エンタープライズ,イオンモール羽生線
秀安上郷,羽生市,須影・岩瀬ルート（いがまん号）
小見武蔵橋,行田市,行田市北東コース
第7保育所前,羽生市,須影・岩瀬ルート（いがまん号）
肥塚郵便局前,（株）協同バス,くまぴあ号
羽生総合病院,羽生市,須影・岩瀬ルート（いがまん号）
羽生総合病院,（株）平成エンタープライズ,イオンモール羽生線
羽生第一高校,（株）平成エンタープライズ,イオンモール羽生線
新島車庫,国際十王交通（株）,熊谷駅〜新島車庫〜籠原駅
星川橋南,行田市,行田市北西コース
神明,羽生市,手子林・三田ヶ谷ルート（ムジナもん号）
下岩瀬南,羽生市,川俣・新郷ルート（いがまん号）
原島東,（株）協同バス,くまぴあ号
小見,行田市,行田市北東コース
雀宮団地入口,国際十王交通（株）,"熊谷駅〜くまがやドーム, 熊谷駅〜熊谷スポーツ文化公園（ラグビー場）, 熊谷駅〜中条学校〜葛和田"
北大谷,武蔵観光（株）,寄居車庫⇔深谷駅
うまだな橋,羽生市,手子林・三田ヶ谷ルート（ムジナもん号）
肥塚報恩寺前,朝日自動車（株）,"【KM61】熊谷駅〜上根〜妻沼聖天前〜太田駅, 【KM62】熊谷駅〜上根〜妻沼聖天前〜西矢島, 【KM63】熊谷駅〜上根〜妻沼聖天前〜西小泉駅, 【KM64】熊谷駅〜上根〜妻沼聖天前, 【KM65】熊谷駅〜上根〜妻沼"
久保島自治会館,（株）協同バス,ムサシトミヨ号（熊谷駅南口から籠原駅南口）
龍渕寺前,国際十王交通（株）,熊谷駅〜陸上競技場入口〜南河原支所〜犬塚
植木,国際十王交通（株）,熊谷駅〜新島車庫〜籠原駅
野中,武蔵観光（株）,寄居車庫⇔本庄早稲田駅北口⇔本庄駅南口
下新田県道交差点,羽生市,川俣・新郷ルート（いがまん号）
下岩瀬東集会所入口,羽生市,須影・岩瀬ルート（いがまん号）
上池守,行田市,行田市北西コース
下川上,（株）協同バス,グライダー号
愛藍タウン,羽生市,須影・岩瀬ルート（いがまん号）
愛藍タウン,（株）平成エンタープライズ,イオンモール羽生線
愛染堂前,（株）協同バス,グライダー号
熊谷警察署前,国際十王交通（株）,熊谷駅〜新島車庫〜籠原駅
秀安下郷,羽生市,須影・岩瀬ルート（いがまん号）
中央一丁目,国際十王交通（株）,"熊谷駅〜くまがやドーム, 熊谷駅〜熊谷スポーツ文化公園（ラグビー場）, 熊谷駅〜中条学校〜葛和田"
大原一丁目,朝日自動車（株）,"【KM51】熊谷駅〜中奈良〜妻沼, 【KM52】熊谷駅〜中奈良〜妻沼工業団地〜妻沼"
大原一丁目,（株）協同バス,くまぴあ号
メモリアル彩雲南,（株）協同バス,くまぴあ号
テニスコート入口,（株）協同バス,ムサシトミヨ号（熊谷駅南口から籠原駅南口）
宿裏,国際十王交通（株）,熊谷駅〜陸上競技場入口〜南河原支所〜犬塚
三尻郵便局,国際十王交通（株）,熊谷市内循環ゆうゆうバス（ほたる号）籠原駅南口-江南行政センタ
境ふれあいセンター（前）,花園観光バス（株）,深谷市コミュニティバス「くるリン」南部シャトル便
天満宮前,行田市,行田市北西コース
池上,（株）協同バス,グライダー号
小島土井尻,（株）協同バス,ムサシトミヨ号（熊谷駅南口から籠原駅南口）
円光,朝日自動車（株）,"【KM61】熊谷駅〜上根〜妻沼聖天前〜太田駅, 【KM62】熊谷駅〜上根〜妻沼聖天前〜西矢島, 【KM63】熊谷駅〜上根〜妻沼聖天前〜西小泉駅, 【KM64】熊谷駅〜上根〜妻沼聖天前, 【KM65】熊谷駅〜上根〜妻沼, 【KM51】熊谷駅〜中奈良〜妻沼, 【KM52】熊谷駅〜中奈良〜妻沼工業団地〜妻沼"
富士見中学校入口,（株）協同バス,くまぴあ号
上之,（株）協同バス,グライダー号
小松神社前,羽生市,須影・岩瀬ルート（いがまん号）
富士見中入口,国際十王交通（株）,"熊谷駅〜くまがやドーム, 熊谷駅〜熊谷スポーツ文化公園（ラグビー場）, 熊谷駅〜中条学校〜葛和田"
成田学校,国際十王交通（株）,熊谷駅〜陸上競技場入口〜南河原支所〜犬塚
藍の里2,羽生市,手子林・三田ヶ谷ルート（ムジナもん号）
工業団地,（株）平成エンタープライズ,イオンモール羽生線
南大谷,武蔵観光（株）,寄居車庫⇔深谷駅
行田県土整備事務所前,行田市,行田市北東コース
樋遣川十字路,加須市,シャトルバス
熊谷工業高校入口,（株）協同バス,ムサシトミヨ号（熊谷駅南口から籠原駅南口）
運動公園,（株）協同バス,ムサシトミヨ号（熊谷駅南口から籠原駅南口）
工業団地入口,（株）平成エンタープライズ,イオンモール羽生線
西熊谷病院前,国際十王交通（株）,熊谷駅〜新島車庫〜籠原駅
向諏訪,国際十王交通（株）,熊谷駅〜陸上競技場入口〜南河原支所〜犬塚
下新郷北,羽生市,川俣・新郷ルート（いがまん号）
荒木六本木,行田市,行田市東循環コース
母子健康センター,国際十王交通（株）,熊谷市内循環ゆうゆうバス（直実号）
谷郷こども園前,行田市,行田市北西コース
箱田保育所入口,国際十王交通（株）,"熊谷駅〜くまがやドーム, 熊谷駅〜熊谷スポーツ文化公園（ラグビー場）, 熊谷駅〜中条学校〜葛和田"
桜ヶ丘小学校前,行田市,行田市北東コース
林眼科前,国際十王交通（株）,熊谷市内循環ゆうゆうバス（ほたる号）籠原駅南口-江南行政センタ
総合公園,行田市,行田市北西コース
下須戸農民センター,行田市,行田市東循環コース
箱田車庫,国際十王交通（株）,熊谷駅〜箱田車庫
小松台一丁目,（株）平成エンタープライズ,イオンモール羽生線
富徳寺,羽生市,手子林・三田ヶ谷ルート（ムジナもん号）
広瀬北,（株）協同バス,ムサシトミヨ号（熊谷駅南口から籠原駅南口）
農協須影支店,羽生市,須影・岩瀬ルート（いがまん号）
手子林公民館前,羽生市,手子林・三田ヶ谷ルート（ムジナもん号）
上武橋,朝日自動車（株）,"【HJ31】本庄駅南口〜小島南〜神泉総合支所, 【HJ32】本庄駅南口〜沖電気前〜神泉総合支所"
法潤寺前,国際十王交通（株）,熊谷駅〜陸上競技場入口〜南河原支所〜犬塚
西箱田,朝日自動車（株）,"【KM61】熊谷駅〜上根〜妻沼聖天前〜太田駅, 【KM62】熊谷駅〜上根〜妻沼聖天前〜西矢島, 【KM63】熊谷駅〜上根〜妻沼聖天前〜西小泉駅, 【KM64】熊谷駅〜上根〜妻沼聖天前, 【KM65】熊谷駅〜上根〜妻沼, 【KM51】熊谷駅〜中奈良〜妻沼, 【KM52】熊谷駅〜中奈良〜妻沼工業団地〜妻沼"
石原一丁目,国際十王交通（株）,熊谷駅〜新島車庫〜籠原駅
谷郷二丁目,行田市,行田市北西コース
若小玉さやど,行田市,行田市東循環コース
JA神泉支店前,朝日自動車（株）,"【HJ31】本庄駅南口〜小島南〜神泉総合支所, 【HJ32】本庄駅南口〜沖電気前〜神泉総合支所"
市営小橋団地,行田市,行田市北西コース
境（南）,花園観光バス（株）,深谷市コミュニティバス「くるリン」南部シャトル便
ハローワーク熊谷前,国際十王交通（株）,"熊谷駅〜くまがやドーム, 熊谷駅〜熊谷スポーツ文化公園（ラグビー場）, 熊谷駅〜中条学校〜葛和田, 熊谷駅〜箱田車庫"
猪俣入口,武蔵観光（株）,寄居車庫⇔本庄早稲田駅北口⇔本庄駅南口
生協病院前,（株）協同バス,グライダー号
下新郷東,羽生市,須影・岩瀬ルート（いがまん号）
総合教育センター,朝日自動車（株）,【FK12】吹上駅〜佐間〜総合教育センター
気象台入口,朝日自動車（株）,"【KM61】熊谷駅〜上根〜妻沼聖天前〜太田駅, 【KM62】熊谷駅〜上根〜妻沼聖天前〜西矢島, 【KM63】熊谷駅〜上根〜妻沼聖天前〜西小泉駅, 【KM64】熊谷駅〜上根〜妻沼聖天前, 【KM65】熊谷駅〜上根〜妻沼, 【KM51】熊谷駅〜中奈良〜妻沼, 【KM52】熊谷駅〜中奈良〜妻沼工業団地〜妻沼"
神泉総合支所,朝日自動車（株）,"【HJ31】本庄駅南口〜小島南〜神泉総合支所, 【HJ32】本庄駅南口〜沖電気前〜神泉総合支所"
南羽生駅,羽生市,"手子林・三田ヶ谷ルート（ムジナもん号）, 須影・岩瀬ルート（いがまん号）"
石原小入口,国際十王交通（株）,熊谷市内循環ゆうゆうバス（直実号）
総合病院前,国際十王交通（株）,熊谷駅〜陸上競技場入口〜南河原支所〜犬塚
石原駅入口,国際十王交通（株）,熊谷駅〜新島車庫〜籠原駅
谷郷郵便局前,行田市,行田市北西コース
須影公民館入口,羽生市,須影・岩瀬ルート（いがまん号）
勤労青少年ホーム,（株）協同バス,ムサシトミヨ号（熊谷駅南口から籠原駅南口）
若小玉,朝日自動車（株）,【FK13】吹上駅〜佐間〜工業団地
慈恵病院前,国際十王交通（株）,熊谷市内循環ゆうゆうバス（直実号）
勝呂住宅前,朝日自動車（株）,"【FK11】吹上駅〜佐間〜行田折返し場, 【FK13】吹上駅〜佐間〜工業団地, 【FK21】吹上駅〜前谷〜行田折返し場"
中央交番西,国際十王交通（株）,熊谷市内循環ゆうゆうバス（直実号）
星宮公民館東,行田市,行田市北西コース
行田中央病院前,行田市,"行田市東循環コース, 行田市北東コース"
総合病院,国際十王交通（株）,熊谷市内循環ゆうゆうバス（直実号）
総合病院,（株）協同バス,"グライダー号, くまぴあ号"
中西一丁目,国際十王交通（株）,"熊谷駅〜くまがやドーム, 熊谷駅〜熊谷スポーツ文化公園（ラグビー場）, 熊谷駅〜中条学校〜葛和田, 熊谷駅〜箱田車庫"
八坂神社,行田市,行田市東循環コース
熊谷保健センター入口,国際十王交通（株）,熊谷市内循環ゆうゆうバス（直実号）
箱田,国際十王交通（株）,熊谷駅〜陸上競技場入口〜南河原支所〜犬塚
石原郵便局前,国際十王交通（株）,熊谷駅〜新島車庫〜籠原駅
羽生モータースクール入口,羽生市,須影・岩瀬ルート（いがまん号）
砂山集会所前,羽生市,須影・岩瀬ルート（いがまん号）
裁判所前,（株）協同バス,グライダー号
六本木,行田市,行田市南大通り線コース
六本木,朝日自動車（株）,【FK13】吹上駅〜佐間〜工業団地
新郷第二小学校,羽生市,須影・岩瀬ルート（いがまん号）
町屋,羽生市,手子林・三田ヶ谷ルート（ムジナもん号）
東行田駅前,行田市,行田市北東コース
用土,武蔵観光（株）,寄居車庫⇔本庄早稲田駅北口⇔本庄駅南口
銀座保育所北,（株）協同バス,グライダー号
下新郷中,羽生市,須影・岩瀬ルート（いがまん号）
さくら町通り,朝日自動車（株）,"【KM61】熊谷駅〜上根〜妻沼聖天前〜太田駅, 【KM62】熊谷駅〜上根〜妻沼聖天前〜西矢島, 【KM63】熊谷駅〜上根〜妻沼聖天前〜西小泉駅, 【KM64】熊谷駅〜上根〜妻沼聖天前, 【KM65】熊谷駅〜上根〜妻沼, 【KM51】熊谷駅〜中奈良〜妻沼, 【KM52】熊谷駅〜中奈良〜妻沼工業団地〜妻沼"
市役所前,国際十王交通（株）,熊谷市内循環ゆうゆうバス（直実号）
市役所前,（株）協同バス,"グライダー号, くまぴあ号"
長野一丁目,朝日自動車（株）,"【FK11】吹上駅〜佐間〜行田折返し場, 【FK12】吹上駅〜佐間〜総合教育センター, 【FK13】吹上駅〜佐間〜工業団地, 【FK21】吹上駅〜前谷〜行田折返し場"
上之西,（株）協同バス,グライダー号
行田折返し場,朝日自動車（株）,"【FK11】吹上駅〜佐間〜行田折返し場, 【FK21】吹上駅〜前谷〜行田折返し場"
上之荘,（株）協同バス,"ムサシトミヨ号（上之荘から熊谷駅南口）, グライダー号"
本石,国際十王交通（株）,"熊谷駅〜新島車庫〜籠原駅, 熊谷市内循環ゆうゆうバス（直実号）"
藤原町一丁目,行田市,行田市東循環コース
高橋,加須市,シャトルバス
源宗寺入口,（株）協同バス,グライダー号
南羽生団地,羽生市,手子林・三田ヶ谷ルート（ムジナもん号）
堤公園入口,（株）協同バス,ムサシトミヨ号（熊谷駅南口から籠原駅南口）
沢口公園（東）,花園観光バス（株）,深谷市コミュニティバス「くるリン」南部シャトル便
富士見公園入口,行田市,行田市東循環コース
猿ヶ谷戸,武蔵観光（株）,寄居車庫⇔深谷駅
工業団地,行田市,"行田市東循環コース, 行田市南大通り線コース"
工業団地,朝日自動車（株）,【FK13】吹上駅〜佐間〜工業団地
八木橋東,国際十王交通（株）,熊谷市内循環ゆうゆうバス（直実号）
八木橋東,（株）協同バス,グライダー号
武川駅入口,花園観光バス（株）,深谷市コミュニティバス「くるリン」南部シャトル便
熊谷女子高校北,国際十王交通（株）,熊谷市内循環ゆうゆうバス（直実号）
熊谷女子高校北,（株）協同バス,"グライダー号, くまぴあ号"
熊谷東小学校,国際十王交通（株）,熊谷市内循環ゆうゆうバス（直実号）
行田税務署前,行田市,行田市北西コース
長野ロータリー,朝日自動車（株）,"【FK11】吹上駅〜佐間〜行田折返し場, 【FK12】吹上駅〜佐間〜総合教育センター, 【FK13】吹上駅〜佐間〜工業団地, 【FK21】吹上駅〜前谷〜行田折返し場"
長野保育園,行田市,行田市東循環コース
熊谷寺前,朝日自動車（株）,"【KM61】熊谷駅〜上根〜妻沼聖天前〜太田駅, 【KM62】熊谷駅〜上根〜妻沼聖天前〜西矢島, 【KM63】熊谷駅〜上根〜妻沼聖天前〜西小泉駅, 【KM64】熊谷駅〜上根〜妻沼聖天前, 【KM65】熊谷駅〜上根〜妻沼, 【KM51】熊谷駅〜中奈良〜妻沼, 【KM52】熊谷駅〜中奈良〜妻沼工業団地〜妻沼"
熊谷寺前,国際十王交通（株）,"熊谷駅〜上岡〜東松山駅, 熊谷駅〜小江川〜小川町駅, 熊谷駅〜県立循環器呼吸器病センター〜小川町駅, 熊谷駅〜新島車庫〜籠原駅"
女子高前,国際十王交通（株）,"熊谷駅〜くまがやドーム, 熊谷駅〜熊谷スポーツ文化公園（ラグビー場）, 熊谷駅〜中条学校〜葛和田, 熊谷駅〜陸上競技場入口〜南河原支所〜犬塚, 熊谷駅〜箱田車庫"
本町,国際十王交通（株）,"熊谷駅〜上岡〜東松山駅, 熊谷駅〜小江川〜小川町駅, 熊谷駅〜県立循環器呼吸器病センター〜小川町駅, 熊谷駅〜新島車庫〜籠原駅, 熊谷市内循環ゆうゆうバス（直実号）"
本町,朝日自動車（株）,"【KM61】熊谷駅〜上根〜妻沼聖天前〜太田駅, 【KM62】熊谷駅〜上根〜妻沼聖天前〜西矢島, 【KM63】熊谷駅〜上根〜妻沼聖天前〜西小泉駅, 【KM64】熊谷駅〜上根〜妻沼聖天前, 【KM65】熊谷駅〜上根〜妻沼, 【KM51】熊谷駅〜中奈良〜妻沼, 【KM52】熊谷駅〜中奈良〜妻沼工業団地〜妻沼"
コミュニティひろば,国際十王交通（株）,熊谷市内循環ゆうゆうバス（直実号）
コミュニティひろば,（株）協同バス,くまぴあ号
イオンモール羽生北口,（株）平成エンタープライズ,イオンモール羽生線
藤間病院前,国際十王交通（株）,熊谷市内循環ゆうゆうバス（直実号）
藤間病院前,（株）協同バス,"グライダー号, くまぴあ号"
神戸前,羽生市,手子林・三田ヶ谷ルート（ムジナもん号）
上原（南）,花園観光バス（株）,深谷市コミュニティバス「くるリン」南部シャトル便
保健センター入口［行田市］,行田市,行田市北東コース
星渓園東,国際十王交通（株）,熊谷市内循環ゆうゆうバス（直実号）
桜町,朝日自動車（株）,"【FK11】吹上駅〜佐間〜行田折返し場, 【FK12】吹上駅〜佐間〜総合教育センター, 【FK13】吹上駅〜佐間〜工業団地, 【FK21】吹上駅〜前谷〜行田折返し場"
南運動場,（株）協同バス,ムサシトミヨ号（熊谷駅南口から籠原駅南口）
局前,朝日自動車（株）,"【KM61】熊谷駅〜上根〜妻沼聖天前〜太田駅, 【KM62】熊谷駅〜上根〜妻沼聖天前〜西矢島, 【KM63】熊谷駅〜上根〜妻沼聖天前〜西小泉駅, 【KM64】熊谷駅〜上根〜妻沼聖天前, 【KM65】熊谷駅〜上根〜妻沼, 【KM51】熊谷駅〜中奈良〜妻沼, 【KM52】熊谷駅〜中奈良〜妻沼工業団地〜妻沼"
局前,国際十王交通（株）,"熊谷駅〜上岡〜東松山駅, 熊谷駅〜小江川〜小川町駅, 熊谷駅〜県立循環器呼吸器病センター〜小川町駅, 熊谷駅〜新島車庫〜籠原駅"
田中,武蔵観光（株）,寄居車庫⇔本庄早稲田駅北口⇔本庄駅南口
県熊谷地方庁舎,国際十王交通（株）,熊谷市内循環ゆうゆうバス（直実号）
熊谷東中学校南,（株）協同バス,ムサシトミヨ号（上之荘から熊谷駅南口）
本町駐車場南,国際十王交通（株）,熊谷市内循環ゆうゆうバス（直実号）
藤原町,行田市,行田市南大通り線コース
藤原町,朝日自動車（株）,【FK13】吹上駅〜佐間〜工業団地
行田市駅,朝日自動車（株）,【FK23】吹上駅〜前谷〜行田市駅
小沼橋,行田市,行田市北東コース
行田市駅前,行田市,"行田市東循環コース, 行田市北西コース, 行田市北東コース"
上川崎集荷所,羽生市,須影・岩瀬ルート（いがまん号）
武川駅北口,花園観光バス（株）,深谷市コミュニティバス「くるリン」南部シャトル便
お祭り広場西,国際十王交通（株）,熊谷市内循環ゆうゆうバス（直実号）
お祭り広場東,国際十王交通（株）,熊谷市内循環ゆうゆうバス（直実号）
お祭り広場東,（株）協同バス,くまぴあ号
宮本町,朝日自動車（株）,【FK23】吹上駅〜前谷〜行田市駅
愛宕神社前,朝日自動車（株）,"【FK11】吹上駅〜佐間〜行田折返し場, 【FK12】吹上駅〜佐間〜総合教育センター, 【FK13】吹上駅〜佐間〜工業団地, 【FK21】吹上駅〜前谷〜行田折返し場"
イオンモール羽生南口,（株）平成エンタープライズ,イオンモール羽生線
熊谷駅入口,朝日自動車（株）,"【KM61】熊谷駅〜上根〜妻沼聖天前〜太田駅, 【KM62】熊谷駅〜上根〜妻沼聖天前〜西矢島, 【KM63】熊谷駅〜上根〜妻沼聖天前〜西小泉駅, 【KM64】熊谷駅〜上根〜妻沼聖天前, 【KM65】熊谷駅〜上根〜妻沼, 【KM51】熊谷駅〜中奈良〜妻沼, 【KM52】熊谷駅〜中奈良〜妻沼工業団地〜妻沼"
駅入口,国際十王交通（株）,"熊谷駅〜くまがやドーム, 熊谷駅〜熊谷スポーツ文化公園（ラグビー場）, 熊谷駅〜中条学校〜葛和田, 熊谷駅〜陸上競技場入口〜南河原支所〜犬塚, 熊谷駅〜箱田車庫, 熊谷駅〜上岡〜東松山駅, 熊谷駅〜小江川〜小川町駅, 熊谷駅〜県立循環器呼吸器病センター〜小川町駅, 熊谷駅〜新島車庫〜籠原駅"
太田公民館,行田市,行田市東循環コース
見晴郵便局,（株）協同バス,ムサシトミヨ号（熊谷駅南口から籠原駅南口）
筑波二丁目,国際十王交通（株）,熊谷市内循環ゆうゆうバス（直実号）
筑波二丁目,（株）協同バス,くまぴあ号
小子松,羽生市,須影・岩瀬ルート（いがまん号）
下川崎八幡,羽生市,須影・岩瀬ルート（いがまん号）
長野三丁目,行田市,行田市東循環コース
熊谷駅,朝日自動車（株）,"【KM61】熊谷駅〜上根〜妻沼聖天前〜太田駅, 【KM62】熊谷駅〜上根〜妻沼聖天前〜西矢島, 【KM63】熊谷駅〜上根〜妻沼聖天前〜西小泉駅, 【KM64】熊谷駅〜上根〜妻沼聖天前, 【KM65】熊谷駅〜上根〜妻沼, 【KM51】熊谷駅〜中奈良〜妻沼, 【KM52】熊谷駅〜中奈良〜妻沼工業団地〜妻沼"
上熊谷駅入口,国際十王交通（株）,"熊谷駅〜上岡〜東松山駅, 熊谷駅〜小江川〜小川町駅, 熊谷駅〜県立循環器呼吸器病センター〜小川町駅, 熊谷駅南口〜森林公園西口〜森林公園駅, 熊谷駅南口〜平塚〜立正大学"
熊谷団地西,国際十王交通（株）,熊谷市内循環ゆうゆうバス（直実号）
下川崎新田,羽生市,須影・岩瀬ルート（いがまん号）
保健センター,行田市,行田市北東コース
行田本町,朝日自動車（株）,"【FK11】吹上駅〜佐間〜行田折返し場, 【FK12】吹上駅〜佐間〜総合教育センター, 【FK13】吹上駅〜佐間〜工業団地, 【FK21】吹上駅〜前谷〜行田折返し場, 【FK23】吹上駅〜前谷〜行田市駅"
富士見町一丁目,行田市,行田市南大通り線コース
下新郷南,羽生市,須影・岩瀬ルート（いがまん号）
福島病院北,（株）協同バス,ムサシトミヨ号（熊谷駅南口から籠原駅南口）
川面,羽生市,手子林・三田ヶ谷ルート（ムジナもん号）
埼玉よりい病院前,武蔵観光（株）,寄居車庫⇔本庄早稲田駅北口⇔本庄駅南口
熊谷駅東口,国際十王交通（株）,熊谷市内循環ゆうゆうバス（直実号）
熊谷駅東口,（株）協同バス,くまぴあ号
熊谷駅,国際十王交通（株）,"熊谷駅〜くまがやドーム, 熊谷駅〜熊谷スポーツ文化公園（ラグビー場）, 熊谷駅〜中条学校〜葛和田, 熊谷駅〜陸上競技場入口〜南河原支所〜犬塚, 熊谷駅〜箱田車庫, 熊谷駅〜上岡〜東松山駅, 熊谷駅〜小江川〜小川町駅, 熊谷駅〜県立循環器呼吸器病センター〜小川町駅, 熊谷駅〜新島車庫〜籠原駅"
菅谷,行田市,行田市西循環コース
持田・小敷田,行田市,行田市西循環コース
商工センター,行田市,"行田市東循環コース, 行田市北西コース, 行田市北東コース"
商工センター,朝日自動車（株）,"【FK21】吹上駅〜前谷〜行田折返し場, 【FK23】吹上駅〜前谷〜行田市駅"
栗橋駅入口東,古河市,南コース
新町一丁目,朝日自動車（株）,"【FK11】吹上駅〜佐間〜行田折返し場, 【FK12】吹上駅〜佐間〜総合教育センター, 【FK13】吹上駅〜佐間〜工業団地"
行田八幡神社,行田市,行田市東循環コース
宮前町,国際十王交通（株）,"熊谷駅南口〜森林公園西口〜森林公園駅, 熊谷駅南口〜平塚〜立正大学"
市役所前,朝日自動車（株）,"【FK21】吹上駅〜前谷〜行田折返し場, 【FK23】吹上駅〜前谷〜行田市駅"
神戸東,羽生市,手子林・三田ヶ谷ルート（ムジナもん号）
中斉団地,行田市,行田市東循環コース
銀座二丁目,国際十王交通（株）,熊谷市内循環ゆうゆうバス（直実号）
北飯塚,武蔵観光（株）,寄居車庫⇔本庄早稲田駅北口⇔本庄駅南口
三軒屋,武蔵観光（株）,寄居車庫⇔深谷駅
新町二丁目,朝日自動車（株）,"【FK11】吹上駅〜佐間〜行田折返し場, 【FK12】吹上駅〜佐間〜総合教育センター, 【FK13】吹上駅〜佐間〜工業団地"
福島病院南,国際十王交通（株）,熊谷市内循環ゆうゆうバス（ほたる号）熊谷駅南口-江南行政センタ
福島病院南,北斗交通（株）,ひまわり号
真名板十字路,朝日自動車（株）,【KN23】鴻巣駅東口〜免許センター〜新落合橋〜堂裏〜真名板十字路
熊谷駅南口,（株）矢島タクシー,OTA-Cityシャトル500（熊谷-1）
熊谷駅南口,国際十王交通（株）,"熊谷駅南口〜森林公園西口〜森林公園駅, 熊谷駅南口〜平塚〜立正大学, 熊谷市内循環ゆうゆうバス（直実号）, 熊谷市内循環ゆうゆうバス（ほたる号）熊谷駅南口-江南行政センタ"
熊谷駅南口,（株）協同バス,"ムサシトミヨ号（上之荘から熊谷駅南口）, ムサシトミヨ号（熊谷駅南口から籠原駅南口）, グライダー号"
熊谷駅南口,北斗交通（株）,ひまわり号
忍城,朝日自動車（株）,"【FK21】吹上駅〜前谷〜行田折返し場, 【FK23】吹上駅〜前谷〜行田市駅"
城西公園前,行田市,行田市西循環コース
市役所前［行田市］,行田市,"行田市西循環コース, 行田市東循環コース, 行田市北西コース, 行田市北東コース"
忍城址・郷土博物館前,行田市,行田市西循環コース
河原町二丁目,国際十王交通（株）,熊谷市内循環ゆうゆうバス（直実号）
東小学校前［行田市］,行田市,行田市東循環コース
戸出十字路,（株）協同バス,ムサシトミヨ号（上之荘から熊谷駅南口）
神戸西,羽生市,手子林・三田ヶ谷ルート（ムジナもん号）
長野工業団地,行田市,行田市南大通り線コース
向町北,行田市,行田市東循環コース
城西,行田市,行田市西循環コース
向町会館入口,行田市,行田市東循環コース
藤間,行田市,行田市東循環コース
堂裏,朝日自動車（株）,"【KN22】堂裏〜新落合橋〜免許センター〜鴻巣駅東口, 【KN23】鴻巣駅東口〜免許センター〜新落合橋〜堂裏〜真名板十字路"
文化センター前,国際十王交通（株）,熊谷市内循環ゆうゆうバス（直実号）
榎町,国際十王交通（株）,"熊谷駅〜上岡〜東松山駅, 熊谷駅〜小江川〜小川町駅, 熊谷駅〜県立循環器呼吸器病センター〜小川町駅, 熊谷駅南口〜森林公園西口〜森林公園駅, 熊谷駅南口〜平塚〜立正大学"
真名板堂裏,行田市,行田市東循環コース
長野,行田市,行田市南大通り線コース
菅谷南,行田市,行田市西循環コース
忍城バスターミナル,行田市,"行田市観光拠点循環コース, 行田市西循環コース, 行田市東循環コース, 行田市北西コース, 行田市北東コース"
栗橋駅東口,古河市,南コース
正田クリニック前,（株）協同バス,ムサシトミヨ号（上之荘から熊谷駅南口）
長野新大橋,行田市,行田市観光拠点循環コース
新兵衛地蔵入口,朝日自動車（株）,"【FK11】吹上駅〜佐間〜行田折返し場, 【FK12】吹上駅〜佐間〜総合教育センター, 【FK13】吹上駅〜佐間〜工業団地"
持田駅入口,行田市,行田市西循環コース
ソシオ流通センター駅前,行田市,行田市西循環コース
ソシオ流通センター駅前,（株）協同バス,ムサシトミヨ号（上之荘から熊谷駅南口）
諏訪,朝日自動車（株）,"【FK21】吹上駅〜前谷〜行田折返し場, 【FK23】吹上駅〜前谷〜行田市駅"
持田,行田市,行田市西循環コース
警察署前,行田市,行田市南大通り線コース
つのだ小児医院,加須市,シャトルバス
緑町,行田市,行田市南大通り線コース
持田一丁目,行田市,行田市西循環コース
万平公園,（株）協同バス,ムサシトミヨ号（上之荘から熊谷駅南口）
市営佐間団地北,行田市,行田市南大通り線コース
成田,朝日自動車（株）,"【FK21】吹上駅〜前谷〜行田折返し場, 【FK23】吹上駅〜前谷〜行田市駅"
南飯塚,武蔵観光（株）,寄居車庫⇔本庄早稲田駅北口⇔本庄駅南口
久伊豆神社入口,朝日自動車（株）,"【KN22】堂裏〜新落合橋〜免許センター〜鴻巣駅東口, 【KN23】鴻巣駅東口〜免許センター〜新落合橋〜堂裏〜真名板十字路"
桜木公民館入口,（株）協同バス,ムサシトミヨ号（上之荘から熊谷駅南口）
上押切,国際十王交通（株）,熊谷市内循環ゆうゆうバス（ほたる号）熊谷駅南口-江南行政センタ
加須車庫,朝日自動車（株）,"【KZ01】加須駅北口〜加須車庫, 【KZ11】鴻巣駅東口〜騎〜加須駅南口〜加須車庫, 【KZ12】免許センター〜鴻巣駅東口〜騎〜加須駅南口〜加須車庫, 【KZ13】鴻巣駅東口〜騎〜済〜加須駅南口〜加須車庫, 【KZ14】免許センター〜鴻巣駅東口〜騎〜済〜加須駅南口〜加須車庫"
水城公園,行田市,"行田市西循環コース, 行田市東循環コース"
成就院三重塔,行田市,行田市観光拠点循環コース
薬師前,朝日自動車（株）,"【KN22】堂裏〜新落合橋〜免許センター〜鴻巣駅東口, 【KN23】鴻巣駅東口〜免許センター〜新落合橋〜堂裏〜真名板十字路"
佐間,朝日自動車（株）,"【FK11】吹上駅〜佐間〜行田折返し場, 【FK12】吹上駅〜佐間〜総合教育センター, 【FK13】吹上駅〜佐間〜工業団地"
原宿,武蔵観光（株）,寄居車庫⇔深谷駅
愛宕・馬内,加須市,西循環コース
忍川橋,朝日自動車（株）,"【FK21】吹上駅〜前谷〜行田折返し場, 【FK23】吹上駅〜前谷〜行田市駅"
JA直売所・なご味,国際十王交通（株）,熊谷市内循環ゆうゆうバス（ほたる号）熊谷駅南口-江南行政センタ
下押切,国際十王交通（株）,熊谷市内循環ゆうゆうバス（ほたる号）熊谷駅南口-江南行政センタ
愛宕,加須市,西循環コース
水城公園前,行田市,"行田市観光拠点循環コース, 行田市西循環コース, 行田市南大通り線コース"
礼羽,朝日自動車（株）,"【KZ01】加須駅北口〜加須車庫, 【KZ11】鴻巣駅東口〜騎〜加須駅南口〜加須車庫, 【KZ12】免許センター〜鴻巣駅東口〜騎〜加須駅南口〜加須車庫, 【KZ13】鴻巣駅東口〜騎〜済〜加須駅南口〜加須車庫, 【KZ14】免許センター〜鴻巣駅東口〜騎〜済〜加須駅南口〜加須車庫"
組合会館前,（株）協同バス,ムサシトミヨ号（上之荘から熊谷駅南口）
ムサシトミヨ保護センター入口,（株）協同バス,ムサシトミヨ号（上之荘から熊谷駅南口）
地域文化センター入口,行田市,行田市東循環コース
産業道路,朝日自動車（株）,"【FK11】吹上駅〜佐間〜行田折返し場, 【FK12】吹上駅〜佐間〜総合教育センター, 【FK13】吹上駅〜佐間〜工業団地"
ベイシア,五霞町,ごかりん号
流通センター中央,（株）協同バス,ムサシトミヨ号（上之荘から熊谷駅南口）
押切橋南,国際十王交通（株）,熊谷市内循環ゆうゆうバス（ほたる号）籠原駅南口-江南行政センタ
加須市役所,加須市,シャトルバス
不動岡高校前,朝日自動車（株）,"【KZ01】加須駅北口〜加須車庫, 【KZ11】鴻巣駅東口〜騎〜加須駅南口〜加須車庫, 【KZ12】免許センター〜鴻巣駅東口〜騎〜加須駅南口〜加須車庫, 【KZ13】鴻巣駅東口〜騎〜済〜加須駅南口〜加須車庫, 【KZ14】免許センター〜鴻巣駅東口〜騎〜済〜加須駅南口〜加須車庫"
城南,朝日自動車（株）,"【FK21】吹上駅〜前谷〜行田折返し場, 【FK23】吹上駅〜前谷〜行田市駅"
上新田,国際十王交通（株）,熊谷市内循環ゆうゆうバス（ほたる号）籠原駅南口-江南行政センタ
樋春南,国際十王交通（株）,熊谷市内循環ゆうゆうバス（ほたる号）熊谷駅南口-江南行政センタ
外科病院前,（株）協同バス,ムサシトミヨ号（上之荘から熊谷駅南口）
太田東小学校前,朝日自動車（株）,"【KN22】堂裏〜新落合橋〜免許センター〜鴻巣駅東口, 【KN23】鴻巣駅東口〜免許センター〜新落合橋〜堂裏〜真名板十字路"
持田三丁目,行田市,行田市西循環コース
愛の泉前,加須市,西循環コース
古代蓮の里,行田市,"行田市観光拠点循環コース, 行田市東循環コース"
川島胃腸科病院前,行田市,行田市東循環コース
渡唐神社,国際十王交通（株）,熊谷市内循環ゆうゆうバス（ほたる号）熊谷駅南口-江南行政センタ
佐谷田前方,（株）協同バス,ムサシトミヨ号（上之荘から熊谷駅南口）
寄居城北高校前,武蔵観光（株）,寄居車庫⇔深谷駅
礼羽コミュニティセンター前,加須市,西循環コース
熊久公園入口,（株）協同バス,ムサシトミヨ号（上之荘から熊谷駅南口）
豊野コミュニティセンター,朝日自動車（株）,"【HW01】東鷲宮駅西口〜豊野コミュニティセンター, 【HW02】東鷲宮駅西口〜アイワイフーズ（株）〜豊野コミュニティセンター"
加須市役所入口,朝日自動車（株）,"【KZ01】加須駅北口〜加須車庫, 【KZ11】鴻巣駅東口〜騎〜加須駅南口〜加須車庫, 【KZ12】免許センター〜鴻巣駅東口〜騎〜加須駅南口〜加須車庫, 【KZ13】鴻巣駅東口〜騎〜済〜加須駅南口〜加須車庫, 【KZ14】免許センター〜鴻巣駅東口〜騎〜済〜加須駅南口〜加須車庫"
大橋南,国際十王交通（株）,"熊谷駅〜上岡〜東松山駅, 熊谷駅〜小江川〜小川町駅, 熊谷駅〜県立循環器呼吸器病センター〜小川町駅, 熊谷駅南口〜森林公園西口〜森林公園駅, 熊谷駅南口〜平塚〜立正大学"
下真名板,朝日自動車（株）,"【KN22】堂裏〜新落合橋〜免許センター〜鴻巣駅東口, 【KN23】鴻巣駅東口〜免許センター〜新落合橋〜堂裏〜真名板十字路"
持田南,行田市,"行田市西循環コース, 行田市南大通り線コース"
西山救急クリニック,加須市,シャトルバス
江南北小,国際十王交通（株）,熊谷市内循環ゆうゆうバス（ほたる号）熊谷駅南口-江南行政センタ
土手二丁目,加須市,西循環コース
桜沢,武蔵観光（株）,"寄居車庫⇔深谷駅, 寄居車庫⇔本庄早稲田駅北口⇔本庄駅南口"
太田万蔵橋,行田市,行田市東循環コース
県営佐間団地前,行田市,行田市東循環コース
佐間団地,朝日自動車（株）,"【FK11】吹上駅〜佐間〜行田折返し場, 【FK12】吹上駅〜佐間〜総合教育センター, 【FK13】吹上駅〜佐間〜工業団地"
西駒形,朝日自動車（株）,"【FK21】吹上駅〜前谷〜行田折返し場, 【FK23】吹上駅〜前谷〜行田市駅"
豊野台一丁目,朝日自動車（株）,"【HW01】東鷲宮駅西口〜豊野コミュニティセンター, 【HW02】東鷲宮駅西口〜アイワイフーズ（株）〜豊野コミュニティセンター"
駒形公園入口,国際十王交通（株）,熊谷市内循環ゆうゆうバス（ほたる号）籠原駅南口-江南行政センタ
御正北,国際十王交通（株）,熊谷市内循環ゆうゆうバス（ほたる号）熊谷駅南口-江南行政センタ
ハイタウン入口,国際十王交通（株）,"熊谷駅〜小江川〜小川町駅, 熊谷駅〜県立循環器呼吸器病センター〜小川町駅"
中央一丁目,加須市,西循環コース
礼羽西,加須市,西循環コース
棚田町三丁目,行田市,行田市西循環コース
JA江南支店南,国際十王交通（株）,熊谷市内循環ゆうゆうバス（ほたる号）熊谷駅南口-江南行政センタ
行田病院前,行田市,"行田市観光拠点循環コース, 行田市西循環コース, 行田市南大通り線コース"
村岡三叉路,国際十王交通（株）,"熊谷駅〜上岡〜東松山駅, 熊谷駅南口〜森林公園西口〜森林公園駅, 熊谷駅南口〜平塚〜立正大学"
埼玉古墳公園,行田市,行田市観光拠点循環コース
加須駅入口,朝日自動車（株）,"【KZ01】加須駅北口〜加須車庫, 【KZ11】鴻巣駅東口〜騎〜加須駅南口〜加須車庫, 【KZ12】免許センター〜鴻巣駅東口〜騎〜加須駅南口〜加須車庫, 【KZ13】鴻巣駅東口〜騎〜済〜加須駅南口〜加須車庫, 【KZ14】免許センター〜鴻巣駅東口〜騎〜済〜加須駅南口〜加須車庫"
久下熊久,（株）協同バス,ムサシトミヨ号（上之荘から熊谷駅南口）
本町,加須市,東循環コース
銀行前,朝日自動車（株）,"【KZ11】鴻巣駅東口〜騎〜加須駅南口〜加須車庫, 【KZ12】免許センター〜鴻巣駅東口〜騎〜加須駅南口〜加須車庫, 【KZ13】鴻巣駅東口〜騎〜済〜加須駅南口〜加須車庫, 【KZ14】免許センター〜鴻巣駅東口〜騎〜済〜加須駅南口〜加須車庫"
豊野台二丁目,朝日自動車（株）,"【HW01】東鷲宮駅西口〜豊野コミュニティセンター, 【HW02】東鷲宮駅西口〜アイワイフーズ（株）〜豊野コミュニティセンター"
教育文化センター前,行田市,行田市東循環コース
新田入口,朝日自動車（株）,"【FK21】吹上駅〜前谷〜行田折返し場, 【FK23】吹上駅〜前谷〜行田市駅"
村岡東,北斗交通（株）,ひまわり号
加須小学校前,加須市,東循環コース
関根,朝日自動車（株）,"【KN22】堂裏〜新落合橋〜免許センター〜鴻巣駅東口, 【KN23】鴻巣駅東口〜免許センター〜新落合橋〜堂裏〜真名板十字路"
礼羽東,加須市,西循環コース
下忍上分,朝日自動車（株）,"【FK11】吹上駅〜佐間〜行田折返し場, 【FK12】吹上駅〜佐間〜総合教育センター, 【FK13】吹上駅〜佐間〜工業団地"
赤城神社,国際十王交通（株）,熊谷市内循環ゆうゆうバス（ほたる号）熊谷駅南口-江南行政センタ
吉岡,国際十王交通（株）,"熊谷駅〜小江川〜小川町駅, 熊谷駅〜県立循環器呼吸器病センター〜小川町駅"
東栄二丁目,加須市,東循環コース
市民プラザかぞ前,加須市,"シャトルバス, 西循環コース, 東循環コース"
本村,武蔵観光（株）,"寄居車庫⇔深谷駅, 寄居車庫⇔本庄早稲田駅北口⇔本庄駅南口"
加須駅北口,朝日自動車（株）,"【KZ01】加須駅北口〜加須車庫, 【KZ11】鴻巣駅東口〜騎〜加須駅南口〜加須車庫, 【KZ12】免許センター〜鴻巣駅東口〜騎〜加須駅南口〜加須車庫, 【KZ13】鴻巣駅東口〜騎〜済〜加須駅南口〜加須車庫, 【KZ14】免許センター〜鴻巣駅東口〜騎〜済〜加須駅南口〜加須車庫"
棚田町二丁目,行田市,行田市西循環コース
御正新田,国際十王交通（株）,熊谷市内循環ゆうゆうバス（ほたる号）熊谷駅南口-江南行政センタ
千方神社前,朝日自動車（株）,"【KZ11】鴻巣駅東口〜騎〜加須駅南口〜加須車庫, 【KZ12】免許センター〜鴻巣駅東口〜騎〜加須駅南口〜加須車庫, 【KZ13】鴻巣駅東口〜騎〜済〜加須駅南口〜加須車庫, 【KZ14】免許センター〜鴻巣駅東口〜騎〜済〜加須駅南口〜加須車庫"
村岡,国際十王交通（株）,熊谷駅〜上岡〜東松山駅
前玉神社前,行田市,行田市観光拠点循環コース
豊野台テクノタウン入口,朝日自動車（株）,"【HW01】東鷲宮駅西口〜豊野コミュニティセンター, 【HW02】東鷲宮駅西口〜アイワイフーズ（株）〜豊野コミュニティセンター"
上久下,（株）協同バス,ムサシトミヨ号（上之荘から熊谷駅南口）
いなほの湯,加須市,西循環コース
支所前,国際十王交通（株）,"熊谷駅南口〜森林公園西口〜森林公園駅, 熊谷駅南口〜平塚〜立正大学"
加須駅南口,加須市,"シャトルバス, 西循環コース, 東循環コース"
加須駅南口,朝日自動車（株）,"【KZ11】鴻巣駅東口〜騎〜加須駅南口〜加須車庫, 【KZ12】免許センター〜鴻巣駅東口〜騎〜加須駅南口〜加須車庫, 【KZ13】鴻巣駅東口〜騎〜済〜加須駅南口〜加須車庫, 【KZ14】免許センター〜鴻巣駅東口〜騎〜済〜加須駅南口〜加須車庫, 【KZ21】鴻巣駅東口〜騎〜加須駅南口, 【KZ22】免許センター〜鴻巣駅東口〜騎〜加須駅南口, 【KZ23】鴻巣駅東口〜騎〜済〜加須駅南口, 【KZ24】免許センター〜鴻巣駅東口〜騎〜済〜加須駅南口"
小埼沼入口,行田市,"行田市観光拠点循環コース, 行田市東循環コース"
県営下忍団地前,行田市,行田市東循環コース
太井公民館,（株）協同バス,ムサシトミヨ号（上之荘から熊谷駅南口）
手島,北斗交通（株）,ひまわり号
アイワイフーズ（株）,朝日自動車（株）,【HW02】東鷲宮駅西口〜アイワイフーズ（株）〜豊野コミュニティセンター
泉小学校入口,行田市,"行田市西循環コース, 行田市南大通り線コース"
下久下,（株）協同バス,ムサシトミヨ号（上之荘から熊谷駅南口）
久下三丁目,加須市,東循環コース
岩崎,武蔵観光（株）,"寄居車庫⇔深谷駅, 寄居車庫⇔本庄早稲田駅北口⇔本庄駅南口"
万吉,国際十王交通（株）,"熊谷駅〜小江川〜小川町駅, 熊谷駅〜県立循環器呼吸器病センター〜小川町駅"
千代東原,国際十王交通（株）,熊谷市内循環ゆうゆうバス（ほたる号）籠原駅南口-江南行政センタ
久下四丁目,加須市,東循環コース
新井新田,朝日自動車（株）,"【HW01】東鷲宮駅西口〜豊野コミュニティセンター, 【HW02】東鷲宮駅西口〜アイワイフーズ（株）〜豊野コミュニティセンター"
丹羽クリニック前,国際十王交通（株）,熊谷市内循環ゆうゆうバス（ほたる号）熊谷駅南口-江南行政センタ
保健所入口,朝日自動車（株）,"【KZ11】鴻巣駅東口〜騎〜加須駅南口〜加須車庫, 【KZ12】免許センター〜鴻巣駅東口〜騎〜加須駅南口〜加須車庫, 【KZ13】鴻巣駅東口〜騎〜済〜加須駅南口〜加須車庫, 【KZ14】免許センター〜鴻巣駅東口〜騎〜済〜加須駅南口〜加須車庫"
久下公民館,（株）協同バス,ムサシトミヨ号（上之荘から熊谷駅南口）
久下東会館前,加須市,東循環コース
門井二丁目,行田市,"行田市西循環コース, 行田市南大通り線コース"
加須コミュニティセンター前,加須市,東循環コース
太井公民館前,行田市,行田市西循環コース
前谷泉小学校入口,朝日自動車（株）,"【FK21】吹上駅〜前谷〜行田折返し場, 【FK23】吹上駅〜前谷〜行田市駅"
樋の上入口,朝日自動車（株）,"【FK11】吹上駅〜佐間〜行田折返し場, 【FK12】吹上駅〜佐間〜総合教育センター, 【FK13】吹上駅〜佐間〜工業団地"
千代南方,国際十王交通（株）,熊谷市内循環ゆうゆうバス（ほたる号）籠原駅南口-江南行政センタ
久下四丁目,（株）協同バス,ムサシトミヨ号（上之荘から熊谷駅南口）
加須南篠崎体育館前,加須市,東循環コース
南村岡,国際十王交通（株）,熊谷駅〜上岡〜東松山駅
百塚,行田市,行田市観光拠点循環コース
新落合橋,朝日自動車（株）,"【KN21】鴻巣駅東口〜免許センター〜新落合橋, 【KN22】堂裏〜新落合橋〜免許センター〜鴻巣駅東口, 【KN23】鴻巣駅東口〜免許センター〜新落合橋〜堂裏〜真名板十字路"
太井,（株）協同バス,ムサシトミヨ号（上之荘から熊谷駅南口）
前谷東,朝日自動車（株）,"【FK21】吹上駅〜前谷〜行田折返し場, 【FK23】吹上駅〜前谷〜行田市駅"
済生会加須病院,朝日自動車（株）,"【KZ13】鴻巣駅東口〜騎〜済〜加須駅南口〜加須車庫, 【KZ14】免許センター〜鴻巣駅東口〜騎〜済〜加須駅南口〜加須車庫, 【KZ23】鴻巣駅東口〜騎〜済〜加須駅南口, 【KZ24】免許センター〜鴻巣駅東口〜騎〜済〜加須駅南口"
済生会加須病院,加須市,"シャトルバス, 西循環コース, 東循環コース"
済生会通り,朝日自動車（株）,"【KZ11】鴻巣駅東口〜騎〜加須駅南口〜加須車庫, 【KZ12】免許センター〜鴻巣駅東口〜騎〜加須駅南口〜加須車庫, 【KZ13】鴻巣駅東口〜騎〜済〜加須駅南口〜加須車庫, 【KZ14】免許センター〜鴻巣駅東口〜騎〜済〜加須駅南口〜加須車庫, 【KZ21】鴻巣駅東口〜騎〜加須駅南口, 【KZ22】免許センター〜鴻巣駅東口〜騎〜加須駅南口, 【KZ23】鴻巣駅東口〜騎〜済〜加須駅南口, 【KZ24】免許センター〜鴻巣駅東口〜騎〜済〜加須駅南口"
吉岡学校入口,国際十王交通（株）,"熊谷駅南口〜森林公園西口〜森林公園駅, 熊谷駅南口〜平塚〜立正大学"
南篠崎,加須市,東循環コース
久下三丁目,（株）協同バス,ムサシトミヨ号（上之荘から熊谷駅南口）
成沢坂上,国際十王交通（株）,熊谷市内循環ゆうゆうバス（ほたる号）熊谷駅南口-江南行政センタ
太井堂免,（株）協同バス,ムサシトミヨ号（上之荘から熊谷駅南口）
押上町,行田市,"行田市西循環コース, 行田市南大通り線コース"
下忍小学校入口,行田市,行田市東循環コース
寄居駅,イーグルバス（株）,W03　東秩父村路線
清法寺,朝日自動車（株）,"【KN21】鴻巣駅東口〜免許センター〜新落合橋, 【KN22】堂裏〜新落合橋〜免許センター〜鴻巣駅東口, 【KN23】鴻巣駅東口〜免許センター〜新落合橋〜堂裏〜真名板十字路"
江南総合文化会館ピピア前,国際十王交通（株）,熊谷市内循環ゆうゆうバス（ほたる号）籠原駅南口-江南行政センタ
玉淀駅入口,武蔵観光（株）,"寄居車庫⇔深谷駅, 寄居車庫⇔本庄早稲田駅北口⇔本庄駅南口"
上恩田,北斗交通（株）,ひまわり号
下忍,朝日自動車（株）,"【FK11】吹上駅〜佐間〜行田折返し場, 【FK12】吹上駅〜佐間〜総合教育センター, 【FK13】吹上駅〜佐間〜工業団地"
埼玉小学校前,行田市,行田市東循環コース
農業教育センター,国際十王交通（株）,"熊谷駅〜小江川〜小川町駅, 熊谷駅〜県立循環器呼吸器病センター〜小川町駅"
南小学校前,加須市,東循環コース
赤城前原,鴻巣市,広田コース
ものつくり大学前,朝日自動車（株）,"【FK21】吹上駅〜前谷〜行田折返し場, 【FK23】吹上駅〜前谷〜行田市駅"
川里工業団地,鴻巣市,広田コース
久下一丁目,（株）協同バス,ムサシトミヨ号（上之荘から熊谷駅南口）
辰巳屋,朝日自動車（株）,"【KN21】鴻巣駅東口〜免許センター〜新落合橋, 【KN22】堂裏〜新落合橋〜免許センター〜鴻巣駅東口, 【KN23】鴻巣駅東口〜免許センター〜新落合橋〜堂裏〜真名板十字路"
江南中学校東,国際十王交通（株）,熊谷市内循環ゆうゆうバス（ほたる号）熊谷駅南口-江南行政センタ
花崎北三丁目,加須市,東循環コース
川口一丁目,朝日自動車（株）,"【HW01】東鷲宮駅西口〜豊野コミュニティセンター, 【HW02】東鷲宮駅西口〜アイワイフーズ（株）〜豊野コミュニティセンター"
寄居駅入口,武蔵観光（株）,"寄居車庫⇔深谷駅, 寄居車庫⇔本庄早稲田駅北口⇔本庄駅南口"
北根西原,鴻巣市,広田コース
江南行政センター,国際十王交通（株）,"熊谷市内循環ゆうゆうバス（ほたる号）熊谷駅南口-江南行政センタ, 熊谷市内循環ゆうゆうバス（ほたる号）籠原駅南口-江南行政センタ"
ものつくり大学入口,朝日自動車（株）,"【FK11】吹上駅〜佐間〜行田折返し場, 【FK12】吹上駅〜佐間〜総合教育センター, 【FK13】吹上駅〜佐間〜工業団地, 【FK21】吹上駅〜前谷〜行田折返し場, 【FK23】吹上駅〜前谷〜行田市駅"
北根三反地,鴻巣市,広田コース
済生会栗橋病院前,五霞町,ごかりん号
JR行田駅前,行田市,"行田市観光拠点循環コース, 行田市西循環コース, 行田市南大通り線コース"
畜産試験場,国際十王交通（株）,"熊谷駅〜小江川〜小川町駅, 熊谷駅〜県立循環器呼吸器病センター〜小川町駅"
栄町,イーグルバス（株）,W03　東秩父村路線
赤城,朝日自動車（株）,"【KN21】鴻巣駅東口〜免許センター〜新落合橋, 【KN22】堂裏〜新落合橋〜免許センター〜鴻巣駅東口, 【KN23】鴻巣駅東口〜免許センター〜新落合橋〜堂裏〜真名板十字路"
茅町,武蔵観光（株）,"寄居車庫⇔深谷駅, 寄居車庫⇔本庄早稲田駅北口⇔本庄駅南口"
上恩田,国際十王交通（株）,熊谷駅〜上岡〜東松山駅
平塚,国際十王交通（株）,"熊谷駅南口〜森林公園西口〜森林公園駅, 熊谷駅南口〜平塚〜立正大学"
花崎北二丁目,加須市,東循環コース
寄居車庫,武蔵観光（株）,"寄居車庫⇔深谷駅, 寄居車庫⇔本庄早稲田駅北口⇔本庄駅南口"
南栗橋駅,五霞町,ごかりん号
ブドー園,国際十王交通（株）,"熊谷駅〜小江川〜小川町駅, 熊谷駅〜県立循環器呼吸器病センター〜小川町駅"
堤根農村センター前,行田市,行田市東循環コース
江南病院前,国際十王交通（株）,"熊谷駅〜小江川〜小川町駅, 熊谷駅〜県立循環器呼吸器病センター〜小川町駅"
広田中央,鴻巣市,広田コース
花崎三丁目,加須市,東循環コース
大沼公園,国際十王交通（株）,"熊谷駅〜小江川〜小川町駅, 熊谷駅〜県立循環器呼吸器病センター〜小川町駅"
渡柳・利田,行田市,行田市東循環コース
高柳,朝日自動車（株）,"【KZ11】鴻巣駅東口〜騎〜加須駅南口〜加須車庫, 【KZ12】免許センター〜鴻巣駅東口〜騎〜加須駅南口〜加須車庫, 【KZ13】鴻巣駅東口〜騎〜済〜加須駅南口〜加須車庫, 【KZ14】免許センター〜鴻巣駅東口〜騎〜済〜加須駅南口〜加須車庫, 【KZ21】鴻巣駅東口〜騎〜加須駅南口, 【KZ22】免許センター〜鴻巣駅東口〜騎〜加須駅南口, 【KZ23】鴻巣駅東口〜騎〜済〜加須駅南口, 【KZ24】免許センター〜鴻巣駅東口〜騎〜済〜加須駅南口"
須賀広入口,国際十王交通（株）,"熊谷駅〜小江川〜小川町駅, 熊谷駅〜県立循環器呼吸器病センター〜小川町駅"
中恩田,北斗交通（株）,ひまわり号
ゼリア新薬前,国際十王交通（株）,"熊谷駅〜小江川〜小川町駅, 熊谷駅〜県立循環器呼吸器病センター〜小川町駅"
小原十字路（循）,国際十王交通（株）,熊谷駅〜県立循環器呼吸器病センター〜小川町駅
法泉寺前,加須市,東循環コース
北小原,国際十王交通（株）,熊谷駅〜県立循環器呼吸器病センター〜小川町駅
板井新田,国際十王交通（株）,熊谷駅〜県立循環器呼吸器病センター〜小川町駅
川口コミュニティセンター前,朝日自動車（株）,"【HW01】東鷲宮駅西口〜豊野コミュニティセンター, 【HW02】東鷲宮駅西口〜アイワイフーズ（株）〜豊野コミュニティセンター"
県立循環器・呼吸器病センター,国際十王交通（株）,熊谷駅〜県立循環器呼吸器病センター〜小川町駅
替津田,北斗交通（株）,ひまわり号
下高柳一丁目,加須市,東循環コース
広田駐在所前,朝日自動車（株）,"【KN21】鴻巣駅東口〜免許センター〜新落合橋, 【KN22】堂裏〜新落合橋〜免許センター〜鴻巣駅東口, 【KN23】鴻巣駅東口〜免許センター〜新落合橋〜堂裏〜真名板十字路"
小原十字路,国際十王交通（株）,熊谷駅〜小江川〜小川町駅
天神南,国際十王交通（株）,熊谷駅〜県立循環器呼吸器病センター〜小川町駅
吹上福祉活動センター,鴻巣市,吹上コース
花蔵院前,加須市,東循環コース
杉原会館前,行田市,行田市東循環コース
桜丘,国際十王交通（株）,熊谷駅〜県立循環器呼吸器病センター〜小川町駅
上の町,イーグルバス（株）,W03　東秩父村路線
市田小学校前,北斗交通（株）,ひまわり号
正福寺,行田市,行田市東循環コース
花崎駅北口,加須市,東循環コース
日出安,朝日自動車（株）,"【KZ11】鴻巣駅東口〜騎〜加須駅南口〜加須車庫, 【KZ12】免許センター〜鴻巣駅東口〜騎〜加須駅南口〜加須車庫, 【KZ13】鴻巣駅東口〜騎〜済〜加須駅南口〜加須車庫, 【KZ14】免許センター〜鴻巣駅東口〜騎〜済〜加須駅南口〜加須車庫, 【KZ21】鴻巣駅東口〜騎〜加須駅南口, 【KZ22】免許センター〜鴻巣駅東口〜騎〜加須駅南口, 【KZ23】鴻巣駅東口〜騎〜済〜加須駅南口, 【KZ24】免許センター〜鴻巣駅東口〜騎〜済〜加須駅南口"
小江川,国際十王交通（株）,熊谷駅〜小江川〜小川町駅
北根新田,鴻巣市,"共和コース, 広田コース"
吹上北中入口,朝日自動車（株）,"【FK11】吹上駅〜佐間〜行田折返し場, 【FK12】吹上駅〜佐間〜総合教育センター, 【FK13】吹上駅〜佐間〜工業団地, 【FK21】吹上駅〜前谷〜行田折返し場, 【FK23】吹上駅〜前谷〜行田市駅"
吹上北中入口,鴻巣市,吹上コース
花崎駅南口,加須市,東循環コース
川口中央公園,朝日自動車（株）,"【HW01】東鷲宮駅西口〜豊野コミュニティセンター, 【HW02】東鷲宮駅西口〜アイワイフーズ（株）〜豊野コミュニティセンター"
三ヶ谷戸,鴻巣市,広田コース
下忍小学校西,鴻巣市,吹上コース
JA市田支店前,北斗交通（株）,ひまわり号
立正大学,国際十王交通（株）,"熊谷駅南口〜森林公園西口〜森林公園駅, 熊谷駅南口〜平塚〜立正大学, 立正大学〜森林公園西口〜森林公園駅"
鎌塚,朝日自動車（株）,"【FK11】吹上駅〜佐間〜行田折返し場, 【FK12】吹上駅〜佐間〜総合教育センター, 【FK13】吹上駅〜佐間〜工業団地, 【FK21】吹上駅〜前谷〜行田折返し場, 【FK23】吹上駅〜前谷〜行田市駅"
下恩田,国際十王交通（株）,熊谷駅〜上岡〜東松山駅
川里支所,鴻巣市,広田コース
下忍農村センター入口,鴻巣市,吹上コース
農業研修センター,国際十王交通（株）,熊谷駅〜県立循環器呼吸器病センター〜小川町駅
鴻巣市川里支所,朝日自動車（株）,"【KN21】鴻巣駅東口〜免許センター〜新落合橋, 【KN22】堂裏〜新落合橋〜免許センター〜鴻巣駅東口, 【KN23】鴻巣駅東口〜免許センター〜新落合橋〜堂裏〜真名板十字路"
関新田上組,鴻巣市,"共和コース, 広田コース"
下忍小学校東,鴻巣市,吹上コース
南小原,国際十王交通（株）,熊谷駅〜小江川〜小川町駅
板井,国際十王交通（株）,熊谷駅〜県立循環器呼吸器病センター〜小川町駅
南小原（循）,国際十王交通（株）,熊谷駅〜県立循環器呼吸器病センター〜小川町駅
堤,鴻巣市,広田コース
中曽根,北斗交通（株）,ひまわり号
下忍第二公園,鴻巣市,吹上コース
加須川口工業団地入口,朝日自動車（株）,"【HW01】東鷲宮駅西口〜豊野コミュニティセンター, 【HW02】東鷲宮駅西口〜アイワイフーズ（株）〜豊野コミュニティセンター"
野文化センター入口,行田市,行田市東循環コース
吹上駅入口,朝日自動車（株）,"【FK11】吹上駅〜佐間〜行田折返し場, 【FK12】吹上駅〜佐間〜総合教育センター, 【FK13】吹上駅〜佐間〜工業団地, 【FK21】吹上駅〜前谷〜行田折返し場, 【FK23】吹上駅〜前谷〜行田市駅"
鉢形城歴史館前,イーグルバス（株）,W03　東秩父村路線
花久の里入口,鴻巣市,"共和コース, 広田コース"
関新田下組,鴻巣市,共和コース
津田新田,北斗交通（株）,ひまわり号
塩東,国際十王交通（株）,"熊谷駅〜小江川〜小川町駅, 熊谷駅〜県立循環器呼吸器病センター〜小川町駅"
立原,イーグルバス（株）,W03　東秩父村路線
騎西城,朝日自動車（株）,"【KZ11】鴻巣駅東口〜騎〜加須駅南口〜加須車庫, 【KZ12】免許センター〜鴻巣駅東口〜騎〜加須駅南口〜加須車庫, 【KZ13】鴻巣駅東口〜騎〜済〜加須駅南口〜加須車庫, 【KZ14】免許センター〜鴻巣駅東口〜騎〜済〜加須駅南口〜加須車庫, 【KZ21】鴻巣駅東口〜騎〜加須駅南口, 【KZ22】免許センター〜鴻巣駅東口〜騎〜加須駅南口, 【KZ23】鴻巣駅東口〜騎〜済〜加須駅南口, 【KZ24】免許センター〜鴻巣駅東口〜騎〜済〜加須駅南口, 【KZ31】鴻巣駅東口〜騎, 【KZ32】免許センター〜鴻巣駅東口〜騎"
筑波橋,鴻巣市,吹上コース
かがやき共同作業所前,行田市,行田市東循環コース
花久の里,鴻巣市,"共和コース, 広田コース"
吹上駅,朝日自動車（株）,"【FK11】吹上駅〜佐間〜行田折返し場, 【FK12】吹上駅〜佐間〜総合教育センター, 【FK13】吹上駅〜佐間〜工業団地, 【FK21】吹上駅〜前谷〜行田折返し場, 【FK23】吹上駅〜前谷〜行田市駅"
吹上駅北口,鴻巣市,吹上コース
文殊様,国際十王交通（株）,"熊谷駅南口〜森林公園西口〜森林公園駅, 立正大学〜森林公園西口〜森林公園駅"
ヘリオス会病院前,朝日自動車（株）,"【KN21】鴻巣駅東口〜免許センター〜新落合橋, 【KN22】堂裏〜新落合橋〜免許センター〜鴻巣駅東口, 【KN23】鴻巣駅東口〜免許センター〜新落合橋〜堂裏〜真名板十字路"
プラザきさい,朝日自動車（株）,"【KZ11】鴻巣駅東口〜騎〜加須駅南口〜加須車庫, 【KZ12】免許センター〜鴻巣駅東口〜騎〜加須駅南口〜加須車庫, 【KZ13】鴻巣駅東口〜騎〜済〜加須駅南口〜加須車庫, 【KZ14】免許センター〜鴻巣駅東口〜騎〜済〜加須駅南口〜加須車庫, 【KZ21】鴻巣駅東口〜騎〜加須駅南口, 【KZ22】免許センター〜鴻巣駅東口〜騎〜加須駅南口, 【KZ23】鴻巣駅東口〜騎〜済〜加須駅南口, 【KZ24】免許センター〜鴻巣駅東口〜騎〜済〜加須駅南口, 【KZ31】鴻巣駅東口〜騎, 【KZ32】免許センター〜鴻巣駅東口〜騎"
津田,北斗交通（株）,ひまわり号
寄居運動公園入口,イーグルバス（株）,W03　東秩父村路線
角栄住宅入口,朝日自動車（株）,"【HW01】東鷲宮駅西口〜豊野コミュニティセンター, 【HW02】東鷲宮駅西口〜アイワイフーズ（株）〜豊野コミュニティセンター"
森林公園北口入口,国際十王交通（株）,熊谷駅〜上岡〜東松山駅
吹上駅南口,鴻巣市,"吹上コース, 中山道コース"
塩八幡前,国際十王交通（株）,"熊谷駅〜小江川〜小川町駅, 熊谷駅〜県立循環器呼吸器病センター〜小川町駅"
騎西二丁目,朝日自動車（株）,"【KZ11】鴻巣駅東口〜騎〜加須駅南口〜加須車庫, 【KZ12】免許センター〜鴻巣駅東口〜騎〜加須駅南口〜加須車庫, 【KZ13】鴻巣駅東口〜騎〜済〜加須駅南口〜加須車庫, 【KZ14】免許センター〜鴻巣駅東口〜騎〜済〜加須駅南口〜加須車庫, 【KZ21】鴻巣駅東口〜騎〜加須駅南口, 【KZ22】免許センター〜鴻巣駅東口〜騎〜加須駅南口, 【KZ23】鴻巣駅東口〜騎〜済〜加須駅南口, 【KZ24】免許センター〜鴻巣駅東口〜騎〜済〜加須駅南口, 【KZ31】鴻巣駅東口〜騎, 【KZ32】免許センター〜鴻巣駅東口〜騎"
根古屋,朝日自動車（株）,"【KZ11】鴻巣駅東口〜騎〜加須駅南口〜加須車庫, 【KZ12】免許センター〜鴻巣駅東口〜騎〜加須駅南口〜加須車庫, 【KZ13】鴻巣駅東口〜騎〜済〜加須駅南口〜加須車庫, 【KZ14】免許センター〜鴻巣駅東口〜騎〜済〜加須駅南口〜加須車庫, 【KZ21】鴻巣駅東口〜騎〜加須駅南口, 【KZ22】免許センター〜鴻巣駅東口〜騎〜加須駅南口, 【KZ23】鴻巣駅東口〜騎〜済〜加須駅南口, 【KZ24】免許センター〜鴻巣駅東口〜騎〜済〜加須駅南口, 【KZ31】鴻巣駅東口〜騎, 【KZ32】免許センター〜鴻巣駅東口〜騎"
大里行政センター前,北斗交通（株）,ひまわり号
吹上郵便局入口,鴻巣市,吹上コース
騎西一丁目,朝日自動車（株）,"【KZ11】鴻巣駅東口〜騎〜加須駅南口〜加須車庫, 【KZ12】免許センター〜鴻巣駅東口〜騎〜加須駅南口〜加須車庫, 【KZ13】鴻巣駅東口〜騎〜済〜加須駅南口〜加須車庫, 【KZ14】免許センター〜鴻巣駅東口〜騎〜済〜加須駅南口〜加須車庫, 【KZ21】鴻巣駅東口〜騎〜加須駅南口, 【KZ22】免許センター〜鴻巣駅東口〜騎〜加須駅南口, 【KZ23】鴻巣駅東口〜騎〜済〜加須駅南口, 【KZ24】免許センター〜鴻巣駅東口〜騎〜済〜加須駅南口, 【KZ31】鴻巣駅東口〜騎, 【KZ32】免許センター〜鴻巣駅東口〜騎"
共和小学校,鴻巣市,共和コース
満願寺入口,行田市,行田市東循環コース
吉所敷,北斗交通（株）,ひまわり号
吹上図書館入口,鴻巣市,中山道コース
外国府間,幸手市,市内循環バス西Aコース
吹上支所,鴻巣市,吹上コース
騎西三丁目,朝日自動車（株）,"【KZ11】鴻巣駅東口〜騎〜加須駅南口〜加須車庫, 【KZ12】免許センター〜鴻巣駅東口〜騎〜加須駅南口〜加須車庫, 【KZ13】鴻巣駅東口〜騎〜済〜加須駅南口〜加須車庫, 【KZ14】免許センター〜鴻巣駅東口〜騎〜済〜加須駅南口〜加須車庫, 【KZ21】鴻巣駅東口〜騎〜加須駅南口, 【KZ22】免許センター〜鴻巣駅東口〜騎〜加須駅南口, 【KZ23】鴻巣駅東口〜騎〜済〜加須駅南口, 【KZ24】免許センター〜鴻巣駅東口〜騎〜済〜加須駅南口, 【KZ31】鴻巣駅東口〜騎, 【KZ32】免許センター〜鴻巣駅東口〜騎"
おおさきクリニック前,鴻巣市,中山道コース
ゆずの木保育園前,イーグルバス（株）,W03　東秩父村路線
袋,鴻巣市,吹上コース
吹上ふれあいセンター入口,鴻巣市,吹上コース
鷲宮神社入口,朝日自動車（株）,"【HW01】東鷲宮駅西口〜豊野コミュニティセンター, 【HW02】東鷲宮駅西口〜アイワイフーズ（株）〜豊野コミュニティセンター"
郵便局入口,朝日自動車（株）,"【HW01】東鷲宮駅西口〜豊野コミュニティセンター, 【HW02】東鷲宮駅西口〜アイワイフーズ（株）〜豊野コミュニティセンター"
吹上中学校東,鴻巣市,吹上コース
上谷田北,鴻巣市,広田コース
筑波二丁目,鴻巣市,吹上コース
宿自治会館入口,行田市,行田市東循環コース
袋神社,鴻巣市,吹上コース
川面橋,鴻巣市,吹上コース
高本,北斗交通（株）,ひまわり号
秋山,イーグルバス（株）,W03　東秩父村路線
向谷,北斗交通（株）,ひまわり号
高須賀池公園,幸手市,市内循環バス西Aコース
図書館入口,朝日自動車（株）,"【HW01】東鷲宮駅西口〜豊野コミュニティセンター, 【HW02】東鷲宮駅西口〜アイワイフーズ（株）〜豊野コミュニティセンター"
南一丁目,鴻巣市,吹上コース
吉田入口,国際十王交通（株）,"熊谷駅〜小江川〜小川町駅, 熊谷駅〜県立循環器呼吸器病センター〜小川町駅"
内郷,鴻巣市,共和コース
下崎,朝日自動車（株）,"【KZ11】鴻巣駅東口〜騎〜加須駅南口〜加須車庫, 【KZ12】免許センター〜鴻巣駅東口〜騎〜加須駅南口〜加須車庫, 【KZ13】鴻巣駅東口〜騎〜済〜加須駅南口〜加須車庫, 【KZ14】免許センター〜鴻巣駅東口〜騎〜済〜加須駅南口〜加須車庫, 【KZ21】鴻巣駅東口〜騎〜加須駅南口, 【KZ22】免許センター〜鴻巣駅東口〜騎〜加須駅南口, 【KZ23】鴻巣駅東口〜騎〜済〜加須駅南口, 【KZ24】免許センター〜鴻巣駅東口〜騎〜済〜加須駅南口, 【KZ31】鴻巣駅東口〜騎, 【KZ32】免許センター〜鴻巣駅東口〜騎"
袋工業団地入口,鴻巣市,吹上コース
健康スポーツセンター前,北斗交通（株）,ひまわり号
松石,幸手市,市内循環バス西Aコース
上岡地蔵前,国際十王交通（株）,熊谷駅〜上岡〜東松山駅
薬王寺,国際十王交通（株）,"熊谷駅南口〜森林公園西口〜森林公園駅, 立正大学〜森林公園西口〜森林公園駅"
上会下新田,鴻巣市,共和コース
善勝寺,鴻巣市,共和コース
吹上保健センター入口,鴻巣市,中山道コース
ふるさと館,鴻巣市,"共和コース, 広田コース"
フジモール吹上入口,鴻巣市,吹上コース
鷲宮5丁目,朝日自動車（株）,"【HW01】東鷲宮駅西口〜豊野コミュニティセンター, 【HW02】東鷲宮駅西口〜アイワイフーズ（株）〜豊野コミュニティセンター"
フジモール吹上,鴻巣市,吹上コース
行幸橋,幸手市,市内循環バス西Aコース
吹上団地,鴻巣市,吹上コース
鷲宮駅東口,朝日自動車（株）,"【HW01】東鷲宮駅西口〜豊野コミュニティセンター, 【HW02】東鷲宮駅西口〜アイワイフーズ（株）〜豊野コミュニティセンター"
上谷田南,鴻巣市,広田コース
三品,イーグルバス（株）,W03　東秩父村路線
太陽の園入口,北斗交通（株）,ひまわり号
前砂公園入口,鴻巣市,中山道コース
川面,鴻巣市,吹上コース
境台組,鴻巣市,共和コース
尾根入口,国際十王交通（株）,"熊谷駅〜小江川〜小川町駅, 熊谷駅〜県立循環器呼吸器病センター〜小川町駅"
大芦上,鴻巣市,吹上コース
上岡,国際十王交通（株）,熊谷駅〜上岡〜東松山駅
高須賀集会所前,幸手市,市内循環バス西Aコース
清瀧寺,鴻巣市,吹上コース
高須賀（常福寺入口）,幸手市,市内循環バス西Aコース
行幸小学校入口,幸手市,市内循環バス西Aコース
吹上富士見三丁目,鴻巣市,吹上コース
古里,国際十王交通（株）,"熊谷駅〜小江川〜小川町駅, 熊谷駅〜県立循環器呼吸器病センター〜小川町駅"
前砂上,鴻巣市,中山道コース
鷲宮変電所前,朝日自動車（株）,"【HW01】東鷲宮駅西口〜豊野コミュニティセンター, 【HW02】東鷲宮駅西口〜アイワイフーズ（株）〜豊野コミュニティセンター"
三ツ木交差点,鴻巣市,吹上コース
消防署前,朝日自動車（株）,"【HW01】東鷲宮駅西口〜豊野コミュニティセンター, 【HW02】東鷲宮駅西口〜アイワイフーズ（株）〜豊野コミュニティセンター"
大芦農村センター,鴻巣市,吹上コース
境新田,鴻巣市,共和コース
神光谷,国際十王交通（株）,熊谷駅〜上岡〜東松山駅
新酒屋,朝日自動車（株）,"【KN21】鴻巣駅東口〜免許センター〜新落合橋, 【KN22】堂裏〜新落合橋〜免許センター〜鴻巣駅東口, 【KN23】鴻巣駅東口〜免許センター〜新落合橋〜堂裏〜真名板十字路"
西古里,国際十王交通（株）,"熊谷駅〜小江川〜小川町駅, 熊谷駅〜県立循環器呼吸器病センター〜小川町駅"
川端,鴻巣市,広田コース
西大輪,朝日自動車（株）,"【HW01】東鷲宮駅西口〜豊野コミュニティセンター, 【HW02】東鷲宮駅西口〜アイワイフーズ（株）〜豊野コミュニティセンター"
前砂下,鴻巣市,中山道コース
下千塚集会所前,幸手市,市内循環バス西Aコース
中郷,朝日自動車（株）,"【KN21】鴻巣駅東口〜免許センター〜新落合橋, 【KN22】堂裏〜新落合橋〜免許センター〜鴻巣駅東口, 【KN23】鴻巣駅東口〜免許センター〜新落合橋〜堂裏〜真名板十字路"
松原,朝日自動車（株）,"【KZ11】鴻巣駅東口〜騎〜加須駅南口〜加須車庫, 【KZ12】免許センター〜鴻巣駅東口〜騎〜加須駅南口〜加須車庫, 【KZ13】鴻巣駅東口〜騎〜済〜加須駅南口〜加須車庫, 【KZ14】免許センター〜鴻巣駅東口〜騎〜済〜加須駅南口〜加須車庫, 【KZ21】鴻巣駅東口〜騎〜加須駅南口, 【KZ22】免許センター〜鴻巣駅東口〜騎〜加須駅南口, 【KZ23】鴻巣駅東口〜騎〜済〜加須駅南口, 【KZ24】免許センター〜鴻巣駅東口〜騎〜済〜加須駅南口, 【KZ31】鴻巣駅東口〜騎, 【KZ32】免許センター〜鴻巣駅東口〜騎"
明用,鴻巣市,吹上コース
上千塚,幸手市,市内循環バス西Aコース
北公民館,幸手市,市内循環バス西Aコース
森林公園西口,国際十王交通（株）,"熊谷駅南口〜森林公園西口〜森林公園駅, 立正大学〜森林公園西口〜森林公園駅"
大芦下,鴻巣市,吹上コース
かやの湯前,イーグルバス（株）,W03　東秩父村路線
千塚団地,幸手市,市内循環バス西Aコース
相上,北斗交通（株）,ひまわり号
千塚（宮田歯科医院前）,幸手市,市内循環バス西Aコース
渋井橋,鴻巣市,広田コース
五霞・江川本村,五霞町,ごかりん号
龍昌寺,鴻巣市,"中山道コース, 田間宮コース"
三ツ木神社,鴻巣市,吹上コース
東鷲宮駅西口,朝日自動車（株）,"【HW01】東鷲宮駅西口〜豊野コミュニティセンター, 【HW02】東鷲宮駅西口〜アイワイフーズ（株）〜豊野コミュニティセンター"
東鷲宮駅西口,中田商会（株）,アリオ鷲宮路線
西関宿（槇島商店）,幸手市,市内循環バス東Bコース
玉作,北斗交通（株）,ひまわり号
JA吉見支店前,北斗交通（株）,ひまわり号
榎戸,朝日自動車（株）,"【KZ11】鴻巣駅東口〜騎〜加須駅南口〜加須車庫, 【KZ12】免許センター〜鴻巣駅東口〜騎〜加須駅南口〜加須車庫, 【KZ13】鴻巣駅東口〜騎〜済〜加須駅南口〜加須車庫, 【KZ14】免許センター〜鴻巣駅東口〜騎〜済〜加須駅南口〜加須車庫, 【KZ21】鴻巣駅東口〜騎〜加須駅南口, 【KZ22】免許センター〜鴻巣駅東口〜騎〜加須駅南口, 【KZ23】鴻巣駅東口〜騎〜済〜加須駅南口, 【KZ24】免許センター〜鴻巣駅東口〜騎〜済〜加須駅南口, 【KZ31】鴻巣駅東口〜騎, 【KZ32】免許センター〜鴻巣駅東口〜騎"
フラワー通り,鴻巣市,広田コース
中井,鴻巣市,"中山道コース, 田間宮コース"
千塚西公園,幸手市,市内循環バス西Aコース
赤見台第二小前,鴻巣市,吹上コース
円藤内,幸手市,市内循環バス西Aコース
2街区東,久喜市,久喜本循環
3街区北,久喜市,久喜本循環
西公民館,幸手市,市内循環バス西Aコース
権現堂,五霞町,代替バス：五霞町役場前⇔幸手駅前
権現堂,朝日自動車（株）,"【ST21】五霞町役場〜辰堂〜幸手駅, 【ST22】辰堂〜幸手駅"
わし宮団地集会所前,久喜市,久喜本循環
屈巣学校前,朝日自動車（株）,"【KN21】鴻巣駅東口〜免許センター〜新落合橋, 【KN22】堂裏〜新落合橋〜免許センター〜鴻巣駅東口, 【KN23】鴻巣駅東口〜免許センター〜新落合橋〜堂裏〜真名板十字路"
コミュニティセンター,幸手市,市内循環バス西Aコース
寺谷東団地,鴻巣市,広田コース
香日向駐在所,幸手市,市内循環バス西Aコース
桜堤入口,幸手市,市内循環バス西Aコース
北三丁目集会所前,幸手市,市内循環バス西Aコース
園芸研究所前,久喜市,六万部・北中曽根循環
北2丁目,幸手市,市内循環バス西Bコース
東松山病院前,国際十王交通（株）,熊谷駅〜上岡〜東松山駅
吹上秋桜高校前,鴻巣市,田間宮コース
熊野神社前,朝日自動車（株）,"【ST21】五霞町役場〜辰堂〜幸手駅, 【ST22】辰堂〜幸手駅"
熊野神社前,五霞町,代替バス：五霞町役場前⇔幸手駅前
北鴻巣駅東口,鴻巣市,"吹上コース, 広田コース"
コスモスアリーナふきあげ,鴻巣市,吹上コース
北3丁目（中川土手上）,幸手市,市内循環バス西Aコース
大宝,イーグルバス（株）,W03　東秩父村路線
北鴻巣駅西口,鴻巣市,"中山道コース, 田間宮コース"
県央みずほ斎場,鴻巣市,共和コース
上新田,鴻巣市,田間宮コース
環境科学国際センター,朝日自動車（株）,"【KZ11】鴻巣駅東口〜騎〜加須駅南口〜加須車庫, 【KZ12】免許センター〜鴻巣駅東口〜騎〜加須駅南口〜加須車庫, 【KZ13】鴻巣駅東口〜騎〜済〜加須駅南口〜加須車庫, 【KZ14】免許センター〜鴻巣駅東口〜騎〜済〜加須駅南口〜加須車庫, 【KZ21】鴻巣駅東口〜騎〜加須駅南口, 【KZ22】免許センター〜鴻巣駅東口〜騎〜加須駅南口, 【KZ23】鴻巣駅東口〜騎〜済〜加須駅南口, 【KZ24】免許センター〜鴻巣駅東口〜騎〜済〜加須駅南口, 【KZ31】鴻巣駅東口〜騎, 【KZ32】免許センター〜鴻巣駅東口〜騎"
下屈巣,朝日自動車（株）,"【KN21】鴻巣駅東口〜免許センター〜新落合橋, 【KN22】堂裏〜新落合橋〜免許センター〜鴻巣駅東口, 【KN23】鴻巣駅東口〜免許センター〜新落合橋〜堂裏〜真名板十字路"
柳橋,鴻巣市,広田コース
中新田,朝日自動車（株）,"【ST21】五霞町役場〜辰堂〜幸手駅, 【ST22】辰堂〜幸手駅"
中新田,五霞町,代替バス：五霞町役場前⇔幸手駅前
幸手桜高校入口,幸手市,市内循環バス西Bコース
三ツ沼,国際十王交通（株）,"熊谷駅〜小江川〜小川町駅, 熊谷駅〜県立循環器呼吸器病センター〜小川町駅"
ひばりヶ丘桜泉園（環境課）,幸手市,市内循環バス東Bコース
ゆう・あい前,久喜市,久喜本循環
北1丁目,幸手市,市内循環バス西Bコース
水穴,国際十王交通（株）,熊谷駅〜上岡〜東松山駅
香日向南（香日向クリニック入口）,幸手市,市内循環バス西Aコース
上種足,朝日自動車（株）,"【KZ11】鴻巣駅東口〜騎〜加須駅南口〜加須車庫, 【KZ12】免許センター〜鴻巣駅東口〜騎〜加須駅南口〜加須車庫, 【KZ13】鴻巣駅東口〜騎〜済〜加須駅南口〜加須車庫, 【KZ14】免許センター〜鴻巣駅東口〜騎〜済〜加須駅南口〜加須車庫, 【KZ21】鴻巣駅東口〜騎〜加須駅南口, 【KZ22】免許センター〜鴻巣駅東口〜騎〜加須駅南口, 【KZ23】鴻巣駅東口〜騎〜済〜加須駅南口, 【KZ24】免許センター〜鴻巣駅東口〜騎〜済〜加須駅南口, 【KZ31】鴻巣駅東口〜騎, 【KZ32】免許センター〜鴻巣駅東口〜騎"
西中学校,幸手市,市内循環バス西Bコース
西1丁目,幸手市,市内循環バス西Bコース
井草,イーグルバス（株）,W03　東秩父村路線
変電所入口,鴻巣市,広田コース
長宮,久喜市,六万部・北中曽根循環
下川崎,幸手市,市内循環バス西Bコース
天神前,朝日自動車（株）,"【KN21】鴻巣駅東口〜免許センター〜新落合橋, 【KN22】堂裏〜新落合橋〜免許センター〜鴻巣駅東口, 【KN23】鴻巣駅東口〜免許センター〜新落合橋〜堂裏〜真名板十字路"
長宮神社南,久喜市,六万部・北中曽根循環
追分,鴻巣市,中山道コース
東明寺前,大和観光自動車（株）,清久線
西道下,久喜市,六万部・北中曽根循環
赤見台整形外科内科前,鴻巣市,広田コース
権現堂,幸手市,"市内循環バス東Bコース, 市内循環バス西Aコース"
箕輪,北斗交通（株）,ひまわり号
幸手警察署前,幸手市,市内循環バス東Bコース
上吉羽集落農業センター入口,幸手市,市内循環バス東Bコース
幸手中学校,幸手市,市内循環バス西Bコース
堤根,鴻巣市,田間宮コース
西中学校裏,幸手市,市内循環バス西Bコース
川妻,久喜市,六万部・北中曽根循環
アリオ鷲宮北［左回り］,久喜市,久喜本循環
鴻巣フラワーセンター入口,鴻巣市,笠原コース
幸手北モール,幸手市,"市内循環バス中央コース, 市内循環バス西Bコース"
関宿橋西詰,朝日自動車（株）,【TD01】東武動物公園駅〜吉田橋〜境車庫
赤見台中前,鴻巣市,広田コース
北中曽根,久喜市,六万部・北中曽根循環
練武道場跡,大和観光自動車（株）,清久線
中宿橋,鴻巣市,中山道コース
親鼻橋,西武観光バス（株）,T3　三沢線
北耕地集会所前,久喜市,六万部・北中曽根循環
井戸,イーグルバス（株）,W03　東秩父村路線
中川崎,幸手市,市内循環バス西Aコース
三田,朝日自動車（株）,【TD01】東武動物公園駅〜吉田橋〜境車庫
蔵前,久喜市,六万部・北中曽根循環
三田交差点,幸手市,市内循環バス東Bコース
荒宿交差点,幸手市,市内循環バス中央コース
牛村橋,幸手市,市内循環バス西Bコース
川妻バス停,久喜市,六万部・北中曽根循環
偕楽荘前,久喜市,六万部・北中曽根循環
川里苑入口,朝日自動車（株）,"【KN21】鴻巣駅東口〜免許センター〜新落合橋, 【KN22】堂裏〜新落合橋〜免許センター〜鴻巣駅東口, 【KN23】鴻巣駅東口〜免許センター〜新落合橋〜堂裏〜真名板十字路"
箕田公民館,鴻巣市,広田コース
アリオ鷲宮北［右回り］,久喜市,久喜本循環
六所神社前,久喜市,六万部・北中曽根循環
仲側,鴻巣市,田間宮コース
森下,久喜市,六万部・北中曽根循環
浅間横丁,五霞町,代替バス：五霞町役場前⇔幸手駅前
奈良梨,国際十王交通（株）,"熊谷駅〜小江川〜小川町駅, 熊谷駅〜県立循環器呼吸器病センター〜小川町駅"
浅間横町,朝日自動車（株）,"【ST21】五霞町役場〜辰堂〜幸手駅, 【ST22】辰堂〜幸手駅"
大岡市民活動センター,東松山市,大谷コース
アリオ鷲宮イトーヨーカドー,中田商会（株）,アリオ鷲宮路線
アリオ鷲宮イトーヨーカドー,大和観光自動車（株）,清久線
六所,久喜市,六万部・北中曽根循環
荒宿,朝日自動車（株）,"【ST21】五霞町役場〜辰堂〜幸手駅, 【ST22】辰堂〜幸手駅"
荒宿,五霞町,代替バス：五霞町役場前⇔幸手駅前
田ノ上,久喜市,六万部・北中曽根循環
川妻,朝日自動車（株）,"【KU01】久喜駅西口〜新久喜総合病院前〜菖蒲仲橋, 【KU02】久喜駅西口〜新久喜総合病院（玄関）〜新久喜総合病院前〜菖蒲仲橋, 【KU03】久喜駅西口〜久喜上町〜菖蒲仲橋"
上清久白幡,久喜市,六万部・北中曽根循環
本村,久喜市,六万部・北中曽根循環
中川崎堤公園,幸手市,市内循環バス西Aコース
満願寺入口,鴻巣市,中山道コース
親鼻駅,西武観光バス（株）,T3　三沢線
アリオ鷲宮前,大和観光自動車（株）,清久線
上清久,大和観光自動車（株）,清久線
オータニ前,幸手市,市内循環バス中央コース
北中曽根バス停,久喜市,六万部・北中曽根循環
長島記念館前,北斗交通（株）,ひまわり号
北中曽根,朝日自動車（株）,"【KU01】久喜駅西口〜新久喜総合病院前〜菖蒲仲橋, 【KU02】久喜駅西口〜新久喜総合病院（玄関）〜新久喜総合病院前〜菖蒲仲橋, 【KU03】久喜駅西口〜久喜上町〜菖蒲仲橋"
冑山,国際十王交通（株）,熊谷駅〜上岡〜東松山駅
木立,幸手市,市内循環バス東Bコース
東京理科大学前,久喜市,六万部・北中曽根循環
中5丁目小公園,幸手市,市内循環バス西Bコース
西浦,朝日自動車（株）,"【KU01】久喜駅西口〜新久喜総合病院前〜菖蒲仲橋, 【KU02】久喜駅西口〜新久喜総合病院（玄関）〜新久喜総合病院前〜菖蒲仲橋, 【KU03】久喜駅西口〜久喜上町〜菖蒲仲橋"
中曽根工場前,久喜市,六万部・北中曽根循環
中曽根工場前,朝日自動車（株）,"【KU01】久喜駅西口〜新久喜総合病院前〜菖蒲仲橋, 【KU02】久喜駅西口〜新久喜総合病院（玄関）〜新久喜総合病院前〜菖蒲仲橋, 【KU03】久喜駅西口〜久喜上町〜菖蒲仲橋"
埼玉りそな銀行前,幸手市,市内循環バス中央コース
りそな銀行前,朝日自動車（株）,"【ST21】五霞町役場〜辰堂〜幸手駅, 【ST22】辰堂〜幸手駅"
さいたまりそな銀行,五霞町,代替バス：五霞町役場前⇔幸手駅前
東京理科大学,大和観光自動車（株）,清久線
日枝神社,鴻巣市,田間宮コース
箕田郵便局前,鴻巣市,中山道コース
船木台中央公園前,北斗交通（株）,ひまわり号
久喜北陽高校入口,久喜市,久喜本循環
関上寺,鴻巣市,笠原コース
北小学校入口,久喜市,久喜本循環
牛村病院前,幸手市,市内循環バス西Bコース
幸手市役所,幸手市,"市内循環バス中央コース, 市内循環バス東Aコース, 市内循環バス東Bコース, 市内循環バス西Aコース, 市内循環バス西Bコース"
皆野中学入口,西武観光バス（株）,T3　三沢線
新宿,鴻巣市,田間宮コース
八幡神社入口,久喜市,六万部・北中曽根循環
橋場,久喜市,六万部・北中曽根循環
橋場,朝日自動車（株）,"【KU01】久喜駅西口〜新久喜総合病院前〜菖蒲仲橋, 【KU02】久喜駅西口〜新久喜総合病院（玄関）〜新久喜総合病院前〜菖蒲仲橋, 【KU03】久喜駅西口〜久喜上町〜菖蒲仲橋"
東4丁目（いいじまクリニック前）,幸手市,"市内循環バス中央コース, 市内循環バス東Bコース, 市内循環バス西Aコース"
満福寺,幸手市,市内循環バス西Aコース
箕田小前,鴻巣市,中山道コース
八和田学校前,国際十王交通（株）,"熊谷駅〜小江川〜小川町駅, 熊谷駅〜県立循環器呼吸器病センター〜小川町駅"
安養寺,鴻巣市,笠原コース
久喜けいわ,久喜市,六万部・北中曽根循環
八幡田,鴻巣市,笠原コース
大浦公園前,久喜市,久喜本循環
秋谷病院前,幸手市,市内循環バス中央コース
大谷交差点,東松山市,大谷コース
宮浦,久喜市,六万部・北中曽根循環
宮浦,大和観光自動車（株）,清久線
安養寺上,鴻巣市,笠原コース
中5丁目駅入り口交差点,幸手市,市内循環バス西Bコース
白幡雷電神社前,久喜市,六万部・北中曽根循環
観光農園村,西武観光バス（株）,T3　三沢線
ひばりが丘工業団地入口,朝日自動車（株）,【TD01】東武動物公園駅〜吉田橋〜境車庫
赤旗神社入口,大和観光自動車（株）,清久線
清久農協前,朝日自動車（株）,"【KU01】久喜駅西口〜新久喜総合病院前〜菖蒲仲橋, 【KU02】久喜駅西口〜新久喜総合病院（玄関）〜新久喜総合病院前〜菖蒲仲橋, 【KU03】久喜駅西口〜久喜上町〜菖蒲仲橋"
観音前,国際十王交通（株）,"熊谷駅南口〜森林公園西口〜森林公園駅, 立正大学〜森林公園西口〜森林公園駅"
北陽高校入口,大和観光自動車（株）,清久線
大内神社前,イーグルバス（株）,W03　東秩父村路線
清久コミセン・西公民館入口,久喜市,六万部・北中曽根循環
本町小学校入口,久喜市,久喜本循環
少年サッカー場入口,幸手市,市内循環バス東Bコース
大久保,朝日自動車（株）,"【KU01】久喜駅西口〜新久喜総合病院前〜菖蒲仲橋, 【KU02】久喜駅西口〜新久喜総合病院（玄関）〜新久喜総合病院前〜菖蒲仲橋, 【KU03】久喜駅西口〜久喜上町〜菖蒲仲橋"
モラージュ菖蒲中央口,朝日自動車（株）,【急行】久喜駅西口〜久喜上町〜モラージュ菖蒲中央口
北2丁目,久喜市,久喜本循環
野久喜集会所入口,久喜市,野久喜・吉羽循環
青毛四丁目,朝日自動車（株）,【KU23】久喜駅東口〜吉羽〜栗原〜青毛二丁目〜朝
大浦,久喜市,久喜本循環
勤労福祉会館,幸手市,市内循環バス西Aコース
八丁免下,鴻巣市,田間宮コース
箕田幼稚園前,鴻巣市,田間宮コース
小八林境,北斗交通（株）,ひまわり号
安養寺,朝日自動車（株）,"【KN21】鴻巣駅東口〜免許センター〜新落合橋, 【KN22】堂裏〜新落合橋〜免許センター〜鴻巣駅東口, 【KN23】鴻巣駅東口〜免許センター〜新落合橋〜堂裏〜真名板十字路"
けやき公園前,久喜市,久喜本循環
轡瀬集会所入口,幸手市,市内循環バス東Bコース
戦場,西武観光バス（株）,T3　三沢線
出来野,久喜市,野久喜・吉羽循環
八丁免上,鴻巣市,田間宮コース
中5丁目幸橋,幸手市,市内循環バス西Aコース
青毛二丁目,朝日自動車（株）,【KU23】久喜駅東口〜吉羽〜栗原〜青毛二丁目〜朝
商工会前,幸手市,"市内循環バス東Aコース, 市内循環バス西Aコース, 市内循環バス西Bコース"
宮登神社入口,鴻巣市,中山道コース
幸手学園入口,幸手市,市内循環バス東Bコース
船木台大境公園前,北斗交通（株）,ひまわり号
みどりが丘小学校,川越観光自動車（株）,みどりが丘循環
久喜本,大和観光自動車（株）,清久線
谷田向,朝日自動車（株）,"【KU01】久喜駅西口〜新久喜総合病院前〜菖蒲仲橋, 【KU02】久喜駅西口〜新久喜総合病院（玄関）〜新久喜総合病院前〜菖蒲仲橋, 【KU03】久喜駅西口〜久喜上町〜菖蒲仲橋"
幸手駅,朝日自動車（株）,"【ST01】幸手駅〜幸手団地〜杉戸高野台駅, 【ST21】五霞町役場〜辰堂〜幸手駅, 【ST22】辰堂〜幸手駅"
菖蒲車庫,朝日自動車（株）,"【OK01】桶川駅東口〜細谷〜菖蒲車庫, 【OK02】桶川駅東口〜細谷〜菖蒲総合支所前〜菖蒲車庫, 【OK03】桶川駅東口〜みの木〜加納公民館〜菖蒲車庫, 【HS01】蓮田駅西口〜井沼〜八幡神社前〜丸谷〜菖蒲車庫"
幸手駅東口,幸手市,市内循環バス中央コース
上高野,朝日自動車（株）,"【KU13】久喜駅東口〜青〜朝〜上高野〜弁天橋〜朝〜青〜久喜駅東口, 【KU14】久喜駅東口〜青〜朝〜上高野〜弁天橋, 【KU15】上高野〜弁天橋〜朝〜青〜久喜駅東口"
安養寺中,鴻巣市,笠原コース
新堀,久喜市,久喜本循環
青毛一丁目,朝日自動車（株）,【KU23】久喜駅東口〜吉羽〜栗原〜青毛二丁目〜朝
上町北,久喜市,六万部・北中曽根循環
上宿,久喜市,野久喜・吉羽循環
モラージュ菖蒲滝のコート南入口,朝日自動車（株）,【急行】桶川駅東口〜細谷〜モラージュ菖蒲滝のコート南入口
いちょうの木前,久喜市,六万部・北中曽根循環
モラージュ菖蒲,朝日自動車（株）,【直行】モラージュ菖蒲〜久喜駅西口
けやきの木,久喜市,野久喜・吉羽循環
長沢,西武観光バス（株）,G14　倉尾線
幸手駅西口,朝日自動車（株）,【KU16】久喜駅東口〜青〜朝〜弁天橋〜幸手駅西口
幸手駅西口,幸手市,"市内循環バス西Aコース, 市内循環バス西Bコース"
高木病院,朝日自動車（株）,"【KU01】久喜駅西口〜新久喜総合病院前〜菖蒲仲橋, 【KU02】久喜駅西口〜新久喜総合病院（玄関）〜新久喜総合病院前〜菖蒲仲橋, 【KU03】久喜駅西口〜久喜上町〜菖蒲仲橋, 【急行】久喜駅西口〜久喜上町〜モラージュ菖蒲中央口"
幸手駅前,五霞町,代替バス：五霞町役場前⇔幸手駅前
ワイナリー入口,国際十王交通（株）,"熊谷駅〜小江川〜小川町駅, 熊谷駅〜県立循環器呼吸器病センター〜小川町駅"
仁丁通り谷田向,久喜市,六万部・北中曽根循環
老人福祉センター,幸手市,"市内循環バス東Aコース, 市内循環バス東Bコース"
市ノ縄,鴻巣市,笠原コース
済生会病院入口,鴻巣市,笠原コース
青毛三丁目,朝日自動車（株）,"【KU13】久喜駅東口〜青〜朝〜上高野〜弁天橋〜朝〜青〜久喜駅東口, 【KU14】久喜駅東口〜青〜朝〜上高野〜弁天橋, 【KU21】久喜駅東口〜吉羽〜朝〜栗原〜吉羽〜久喜駅東口, 【KU22】久喜駅東口〜吉羽〜栗原〜朝"
きただい公園,川越観光自動車（株）,みどりが丘循環
居用,イーグルバス（株）,W03　東秩父村路線
上宇和田,朝日自動車（株）,【TD01】東武動物公園駅〜吉田橋〜境車庫
JA幸手支店前（幸手郵便局入口）,幸手市,市内循環バス東Aコース
箕田観音前,鴻巣市,中山道コース
久喜本,久喜市,"久喜本循環, 六万部・北中曽根循環"
関東工大前,鴻巣市,田間宮コース
清福寺前,朝日自動車（株）,"【KU01】久喜駅西口〜新久喜総合病院前〜菖蒲仲橋, 【KU02】久喜駅西口〜新久喜総合病院（玄関）〜新久喜総合病院前〜菖蒲仲橋, 【KU03】久喜駅西口〜久喜上町〜菖蒲仲橋, 【急行】久喜駅西口〜久喜上町〜モラージュ菖蒲中央口"
ライオンズガーデン久喜前,久喜市,野久喜・吉羽循環
藤山,国際十王交通（株）,熊谷駅〜上岡〜東松山駅
うわで,朝日自動車（株）,"【KZ11】鴻巣駅東口〜騎〜加須駅南口〜加須車庫, 【KZ12】免許センター〜鴻巣駅東口〜騎〜加須駅南口〜加須車庫, 【KZ13】鴻巣駅東口〜騎〜済〜加須駅南口〜加須車庫, 【KZ14】免許センター〜鴻巣駅東口〜騎〜済〜加須駅南口〜加須車庫, 【KZ21】鴻巣駅東口〜騎〜加須駅南口, 【KZ22】免許センター〜鴻巣駅東口〜騎〜加須駅南口, 【KZ23】鴻巣駅東口〜騎〜済〜加須駅南口, 【KZ24】免許センター〜鴻巣駅東口〜騎〜済〜加須駅南口, 【KZ31】鴻巣駅東口〜騎, 【KZ32】免許センター〜鴻巣駅東口〜騎"
南三丁目,朝日自動車（株）,【KU16】久喜駅東口〜青〜朝〜弁天橋〜幸手駅西口
東三丁目自治会館前,幸手市,市内循環バス中央コース
JAアグリホールくき前,朝日自動車（株）,"【OK01】桶川駅東口〜細谷〜菖蒲車庫, 【OK02】桶川駅東口〜細谷〜菖蒲総合支所前〜菖蒲車庫, 【OK03】桶川駅東口〜みの木〜加納公民館〜菖蒲車庫, 【HS01】蓮田駅西口〜井沼〜八幡神社前〜丸谷〜菖蒲車庫"
上野台,西武観光バス（株）,T3　三沢線
モラージュ菖蒲前,朝日自動車（株）,"【KU01】久喜駅西口〜新久喜総合病院前〜菖蒲仲橋, 【KU02】久喜駅西口〜新久喜総合病院（玄関）〜新久喜総合病院前〜菖蒲仲橋, 【KU03】久喜駅西口〜久喜上町〜菖蒲仲橋"
明善谷沼,東松山市,大谷コース
野久喜大橋,久喜市,野久喜・吉羽循環
すえひろ公園,川越観光自動車（株）,みどりが丘循環
北1丁目,久喜市,久喜本循環
青毛,朝日自動車（株）,"【KU11】久喜駅東口〜青〜久喜駅東口（団地先回り）, 【KU23】久喜駅東口〜吉羽〜栗原〜青毛二丁目〜朝"
栗原二丁目,朝日自動車（株）,"【KU21】久喜駅東口〜吉羽〜朝〜栗原〜吉羽〜久喜駅東口, 【KU22】久喜駅東口〜吉羽〜栗原〜朝, 【KU23】久喜駅東口〜吉羽〜栗原〜青毛二丁目〜朝"
本町6丁目,大和観光自動車（株）,清久線
清久さくら通り,大和観光自動車（株）,清久線
総合福祉センター前,鴻巣市,笠原コース
駅入口,朝日自動車（株）,"【ST01】幸手駅〜幸手団地〜杉戸高野台駅, 【ST21】五霞町役場〜辰堂〜幸手駅, 【ST22】辰堂〜幸手駅"
駅入口,五霞町,代替バス：五霞町役場前⇔幸手駅前
さざなみ会館入口,幸手市,市内循環バス西Bコース
三夜橋,朝日自動車（株）,"【KN21】鴻巣駅東口〜免許センター〜新落合橋, 【KN22】堂裏〜新落合橋〜免許センター〜鴻巣駅東口, 【KN23】鴻巣駅東口〜免許センター〜新落合橋〜堂裏〜真名板十字路"
みどりが丘四丁目,川越観光自動車（株）,みどりが丘循環
郷地橋西,鴻巣市,笠原コース
小八林原,北斗交通（株）,ひまわり号
ライオンズガーデン入口,久喜市,野久喜・吉羽循環
久喜東中学校前,朝日自動車（株）,"【KU11】久喜駅東口〜青〜久喜駅東口（団地先回り）, 【KU23】久喜駅東口〜吉羽〜栗原〜青毛二丁目〜朝"
本郷児童公園入口,朝日自動車（株）,"【KU11】久喜駅東口〜青〜久喜駅東口（団地先回り）, 【KU13】久喜駅東口〜青〜朝〜上高野〜弁天橋〜朝〜青〜久喜駅東口, 【KU14】久喜駅東口〜青〜朝〜上高野〜弁天橋, 【KU21】久喜駅東口〜吉羽〜朝〜栗原〜吉羽〜久喜駅東口, 【KU22】久喜駅東口〜吉羽〜栗原〜朝, 【KU23】久喜駅東口〜吉羽〜栗原〜青毛二丁目〜朝"
上早見（旧道）,朝日自動車（株）,"【KU03】久喜駅西口〜久喜上町〜菖蒲仲橋, 【急行】久喜駅西口〜久喜上町〜モラージュ菖蒲中央口"
上横田,国際十王交通（株）,"熊谷駅〜小江川〜小川町駅, 熊谷駅〜県立循環器呼吸器病センター〜小川町駅"
東2丁目,幸手市,市内循環バス西Bコース
上早見（新道）,朝日自動車（株）,"【KU01】久喜駅西口〜新久喜総合病院前〜菖蒲仲橋, 【KU02】久喜駅西口〜新久喜総合病院（玄関）〜新久喜総合病院前〜菖蒲仲橋"
本町6丁目,久喜市,"久喜本循環, 六万部・北中曽根循環"
本町8丁目,久喜市,久喜本循環
神明内集会所前（浄誓寺前）,幸手市,市内循環バス東Aコース
郷地,鴻巣市,共和コース
みどりが丘三丁目入口,川越観光自動車（株）,みどりが丘循環
みどりが丘五丁目,川越観光自動車（株）,みどりが丘循環
弁天橋,朝日自動車（株）,"【KU13】久喜駅東口〜青〜朝〜上高野〜弁天橋〜朝〜青〜久喜駅東口, 【KU14】久喜駅東口〜青〜朝〜上高野〜弁天橋, 【KU15】上高野〜弁天橋〜朝〜青〜久喜駅東口, 【KU16】久喜駅東口〜青〜朝〜弁天橋〜幸手駅西口"
ふれあいセンター久喜,久喜市,野久喜・吉羽循環
志手橋（神明神社前）,幸手市,市内循環バス中央コース
新田,久喜市,六万部・北中曽根循環
ヤオコー前,幸手市,市内循環バス中央コース
久喜上町,久喜市,六万部・北中曽根循環
久喜上町,朝日自動車（株）,"【KU03】久喜駅西口〜久喜上町〜菖蒲仲橋, 【急行】久喜駅西口〜久喜上町〜モラージュ菖蒲中央口"
県営住宅入口,朝日自動車（株）,"【KU11】久喜駅東口〜青〜久喜駅東口（団地先回り）, 【KU12】久喜駅東口〜青〜朝, 【KU13】久喜駅東口〜青〜朝〜上高野〜弁天橋〜朝〜青〜久喜駅東口, 【KU14】久喜駅東口〜青〜朝〜上高野〜弁天橋, 【KU15】上高野〜弁天橋〜朝〜青〜久喜駅東口, 【KU16】久喜駅東口〜青〜朝〜弁天橋〜幸手駅西口"
甘棠院入口,大和観光自動車（株）,清久線
鴻巣北中前,鴻巣市,笠原コース
上町,久喜市,六万部・北中曽根循環
市役所入口,朝日自動車（株）,【ST01】幸手駅〜幸手団地〜杉戸高野台駅
下吉羽交差点,幸手市,市内循環バス東Bコース
清久駐在所前,久喜市,六万部・北中曽根循環
中央4丁目,久喜市,久喜本循環
保健センター入口,久喜市,"久喜本循環, 六万部・北中曽根循環"
児童館・武道館前,幸手市,"市内循環バス中央コース, 市内循環バス東Aコース"
栗原三丁目,朝日自動車（株）,"【KU13】久喜駅東口〜青〜朝〜上高野〜弁天橋〜朝〜青〜久喜駅東口, 【KU15】上高野〜弁天橋〜朝〜青〜久喜駅東口, 【KU16】久喜駅東口〜青〜朝〜弁天橋〜幸手駅西口"
ふれあいセンター入口,鴻巣市,中山道コース
堂平,イーグルバス（株）,W03　東秩父村路線
橋戸,久喜市,六万部・北中曽根循環
橋戸,朝日自動車（株）,"【KU01】久喜駅西口〜新久喜総合病院前〜菖蒲仲橋, 【KU02】久喜駅西口〜新久喜総合病院（玄関）〜新久喜総合病院前〜菖蒲仲橋, 【KU03】久喜駅西口〜久喜上町〜菖蒲仲橋, 【急行】久喜駅西口〜久喜上町〜モラージュ菖蒲中央口"
新久喜総合病院前,朝日自動車（株）,"【KU01】久喜駅西口〜新久喜総合病院前〜菖蒲仲橋, 【KU02】久喜駅西口〜新久喜総合病院（玄関）〜新久喜総合病院前〜菖蒲仲橋"
下吉羽,朝日自動車（株）,【TD01】東武動物公園駅〜吉田橋〜境車庫
清久工業団地,大和観光自動車（株）,清久線
みどりが丘二丁目,川越観光自動車（株）,みどりが丘循環
下宿,久喜市,野久喜・吉羽循環
大石津,西武観光バス（株）,G14　倉尾線
中新田,幸手市,市内循環バス東Bコース
新久喜総合病院,久喜市,"除堀・所久喜循環, 六万部・北中曽根循環"
新久喜総合病院（玄関）,朝日自動車（株）,【KU02】久喜駅西口〜新久喜総合病院（玄関）〜新久喜総合病院前〜菖蒲仲橋
本町郵便局,久喜市,久喜本循環
三枚橋,鴻巣市,田間宮コース
南1丁目,幸手市,市内循環バス中央コース
久喜工業高等学校入口,久喜市,野久喜・吉羽循環
青葉団地中央,朝日自動車（株）,"【KU11】久喜駅東口〜青〜久喜駅東口（団地先回り）, 【KU12】久喜駅東口〜青〜朝, 【KU13】久喜駅東口〜青〜朝〜上高野〜弁天橋〜朝〜青〜久喜駅東口, 【KU14】久喜駅東口〜青〜朝〜上高野〜弁天橋, 【KU15】上高野〜弁天橋〜朝〜青〜久喜駅東口, 【KU16】久喜駅東口〜青〜朝〜弁天橋〜幸手駅西口"
仲井,朝日自動車（株）,"【KU01】久喜駅西口〜新久喜総合病院前〜菖蒲仲橋, 【KU02】久喜駅西口〜新久喜総合病院（玄関）〜新久喜総合病院前〜菖蒲仲橋, 【KU03】久喜駅西口〜久喜上町〜菖蒲仲橋"
太田小学校北,久喜市,野久喜・吉羽循環
東二丁目,朝日自動車（株）,【ST01】幸手駅〜幸手団地〜杉戸高野台駅
朝日バス車庫,朝日自動車（株）,"【KU11】久喜駅東口〜青〜久喜駅東口（団地先回り）, 【KU12】久喜駅東口〜青〜朝, 【KU13】久喜駅東口〜青〜朝〜上高野〜弁天橋〜朝〜青〜久喜駅東口, 【KU14】久喜駅東口〜青〜朝〜上高野〜弁天橋, 【KU15】上高野〜弁天橋〜朝〜青〜久喜駅東口, 【KU16】久喜駅東口〜青〜朝〜弁天橋〜幸手駅西口, 【KU21】久喜駅東口〜吉羽〜朝〜栗原〜吉羽〜久喜駅東口, 【KU22】久喜駅東口〜吉羽〜栗原〜朝, 【KU23】久喜駅東口〜吉羽〜栗原〜青毛二丁目〜朝"
古川橋,幸手市,市内循環バス東Aコース
郷地橋東,鴻巣市,笠原コース
本田北,久喜市,六万部・北中曽根循環
本町1丁目,大和観光自動車（株）,清久線
本町一丁目,朝日自動車（株）,"【KU01】久喜駅西口〜新久喜総合病院前〜菖蒲仲橋, 【KU02】久喜駅西口〜新久喜総合病院（玄関）〜新久喜総合病院前〜菖蒲仲橋, 【KU03】久喜駅西口〜久喜上町〜菖蒲仲橋, 【急行】久喜駅西口〜久喜上町〜モラージュ菖蒲中央口"
吉田橋,朝日自動車（株）,"【TD01】東武動物公園駅〜吉田橋〜境車庫, 【TD02】東武動物公園駅〜吉田橋"
強石橋,西武観光バス（株）,T3　三沢線
斉藤医院前,久喜市,"久喜本循環, 六万部・北中曽根循環"
久喜消防署入口,朝日自動車（株）,"【KU01】久喜駅西口〜新久喜総合病院前〜菖蒲仲橋, 【KU02】久喜駅西口〜新久喜総合病院（玄関）〜新久喜総合病院前〜菖蒲仲橋"
中央公民館・図書館入口,幸手市,市内循環バス中央コース
宮地三丁目,鴻巣市,笠原コース
野久喜,朝日自動車（株）,"【KU11】久喜駅東口〜青〜久喜駅東口（団地先回り）, 【KU12】久喜駅東口〜青〜朝, 【KU13】久喜駅東口〜青〜朝〜上高野〜弁天橋〜朝〜青〜久喜駅東口, 【KU14】久喜駅東口〜青〜朝〜上高野〜弁天橋, 【KU15】上高野〜弁天橋〜朝〜青〜久喜駅東口, 【KU16】久喜駅東口〜青〜朝〜弁天橋〜幸手駅西口"
栗原記念館,朝日自動車（株）,"【KU21】久喜駅東口〜吉羽〜朝〜栗原〜吉羽〜久喜駅東口, 【KU22】久喜駅東口〜吉羽〜栗原〜朝, 【KU23】久喜駅東口〜吉羽〜栗原〜青毛二丁目〜朝"
原宿,国際十王交通（株）,熊谷駅〜上岡〜東松山駅
久喜中学校入口,久喜市,六万部・北中曽根循環
清久公園前,大和観光自動車（株）,清久線
滑川中学校,国際十王交通（株）,"熊谷駅南口〜森林公園西口〜森林公園駅, 立正大学〜森林公園西口〜森林公園駅"
中学校入口,朝日自動車（株）,"【KU01】久喜駅西口〜新久喜総合病院前〜菖蒲仲橋, 【KU02】久喜駅西口〜新久喜総合病院（玄関）〜新久喜総合病院前〜菖蒲仲橋, 【KU03】久喜駅西口〜久喜上町〜菖蒲仲橋, 【急行】久喜駅西口〜久喜上町〜モラージュ菖蒲中央口"
資生堂前,大和観光自動車（株）,清久線
九郎右衛門,幸手市,市内循環バス東Bコース
皆野駅,西武観光バス（株）,T3　三沢線
本町4丁目,久喜市,"下早見循環, 除堀・所久喜循環"
二本木,鴻巣市,中山道コース
鴻巣免許センター,東武バスウエスト（株）,川越03
馬場,朝日自動車（株）,"【KU01】久喜駅西口〜新久喜総合病院前〜菖蒲仲橋, 【KU02】久喜駅西口〜新久喜総合病院（玄関）〜新久喜総合病院前〜菖蒲仲橋, 【KU03】久喜駅西口〜久喜上町〜菖蒲仲橋"
東中学校入口,幸手市,市内循環バス東Aコース
前高谷,国際十王交通（株）,"熊谷駅〜小江川〜小川町駅, 熊谷駅〜県立循環器呼吸器病センター〜小川町駅"
センター前,川越観光自動車（株）,みどりが丘循環
南2丁目,幸手市,市内循環バス西Bコース
自転車等保管所入口,久喜市,野久喜・吉羽循環
仁丁町,久喜市,六万部・北中曽根循環
竹林公園,鴻巣市,笠原コース
青葉団地東,朝日自動車（株）,"【KU11】久喜駅東口〜青〜久喜駅東口（団地先回り）, 【KU12】久喜駅東口〜青〜朝, 【KU13】久喜駅東口〜青〜朝〜上高野〜弁天橋〜朝〜青〜久喜駅東口, 【KU14】久喜駅東口〜青〜朝〜上高野〜弁天橋, 【KU15】上高野〜弁天橋〜朝〜青〜久喜駅東口, 【KU16】久喜駅東口〜青〜朝〜弁天橋〜幸手駅西口"
免許センター,朝日自動車（株）,"【KZ12】免許センター〜鴻巣駅東口〜騎〜加須駅南口〜加須車庫, 【KZ14】免許センター〜鴻巣駅東口〜騎〜済〜加須駅南口〜加須車庫, 【KZ22】免許センター〜鴻巣駅東口〜騎〜加須駅南口, 【KZ24】免許センター〜鴻巣駅東口〜騎〜済〜加須駅南口, 【KZ32】免許センター〜鴻巣駅東口〜騎, 【KN21】鴻巣駅東口〜免許センター〜新落合橋, 【KN22】堂裏〜新落合橋〜免許センター〜鴻巣駅東口, 【KN23】鴻巣駅東口〜免許センター〜新落合橋〜堂裏〜真名板十字路, 【KN01】鴻巣駅東口〜免許センター"
鴻巣免許センター,川越観光自動車（株）,免許センター
中央4丁目,大和観光自動車（株）,清久線
大堰橋,朝日自動車（株）,【ST01】幸手駅〜幸手団地〜杉戸高野台駅
中央公民館前,久喜市,久喜本循環
下三谷,鴻巣市,共和コース
畑中集会所入口,東松山市,大谷コース
ウェルス幸手（アスカル幸手前）,幸手市,"市内循環バス中央コース, 市内循環バス東Aコース, 市内循環バス東Bコース"
中央四丁目,朝日自動車（株）,"【KU01】久喜駅西口〜新久喜総合病院前〜菖蒲仲橋, 【KU02】久喜駅西口〜新久喜総合病院（玄関）〜新久喜総合病院前〜菖蒲仲橋, 【KU03】久喜駅西口〜久喜上町〜菖蒲仲橋, 【急行】久喜駅西口〜久喜上町〜モラージュ菖蒲中央口"
太田小学校前,久喜市,野久喜・吉羽循環
久喜郵便局前,久喜市,"下早見循環, 除堀・所久喜循環"
栗原,朝日自動車（株）,"【KU21】久喜駅東口〜吉羽〜朝〜栗原〜吉羽〜久喜駅東口, 【KU22】久喜駅東口〜吉羽〜栗原〜朝, 【KU23】久喜駅東口〜吉羽〜栗原〜青毛二丁目〜朝, 【KU24】久喜駅東口〜吉羽〜栗原〜昌平高校, 【KU26】久喜駅東口〜吉羽〜栗原"
ふるさと農園久喜入口,久喜市,"除堀・所久喜循環, 六万部・北中曽根循環"
本町1丁目,久喜市,"久喜本循環, 六万部・北中曽根循環"
浄水場前,朝日自動車（株）,"【KU11】久喜駅東口〜青〜久喜駅東口（団地先回り）, 【KU12】久喜駅東口〜青〜朝, 【KU13】久喜駅東口〜青〜朝〜上高野〜弁天橋〜朝〜青〜久喜駅東口, 【KU14】久喜駅東口〜青〜朝〜上高野〜弁天橋, 【KU15】上高野〜弁天橋〜朝〜青〜久喜駅東口, 【KU16】久喜駅東口〜青〜朝〜弁天橋〜幸手駅西口"
菖蒲神社前,朝日自動車（株）,"【KU01】久喜駅西口〜新久喜総合病院前〜菖蒲仲橋, 【KU02】久喜駅西口〜新久喜総合病院（玄関）〜新久喜総合病院前〜菖蒲仲橋, 【KU03】久喜駅西口〜久喜上町〜菖蒲仲橋, 【OK01】桶川駅東口〜細谷〜菖蒲車庫, 【OK02】桶川駅東口〜細谷〜菖蒲総合支所前〜菖蒲車庫, 【OK03】桶川駅東口〜みの木〜加納公民館〜菖蒲車庫, 【HS01】蓮田駅西口〜井沼〜八幡神社前〜丸谷〜菖蒲車庫"
青葉四丁目,朝日自動車（株）,"【KU11】久喜駅東口〜青〜久喜駅東口（団地先回り）, 【KU12】久喜駅東口〜青〜朝, 【KU13】久喜駅東口〜青〜朝〜上高野〜弁天橋〜朝〜青〜久喜駅東口, 【KU14】久喜駅東口〜青〜朝〜上高野〜弁天橋, 【KU15】上高野〜弁天橋〜朝〜青〜久喜駅東口, 【KU16】久喜駅東口〜青〜朝〜弁天橋〜幸手駅西口, 【KU21】久喜駅東口〜吉羽〜朝〜栗原〜吉羽〜久喜駅東口, 【KU22】久喜駅東口〜吉羽〜栗原〜朝, 【KU23】久喜駅東口〜吉羽〜栗原〜青毛二丁目〜朝, 【KU24】久喜駅東口〜吉羽〜栗原〜昌平高校, 【KU26】久喜駅東口〜吉羽〜栗原"
富田,西武観光バス（株）,G14　倉尾線
森林公園南口,川越観光自動車（株）,森林公園
宮前原,鴻巣市,中山道コース
前新田,朝日自動車（株）,"【KZ11】鴻巣駅東口〜騎〜加須駅南口〜加須車庫, 【KZ12】免許センター〜鴻巣駅東口〜騎〜加須駅南口〜加須車庫, 【KZ13】鴻巣駅東口〜騎〜済〜加須駅南口〜加須車庫, 【KZ14】免許センター〜鴻巣駅東口〜騎〜済〜加須駅南口〜加須車庫, 【KZ21】鴻巣駅東口〜騎〜加須駅南口, 【KZ22】免許センター〜鴻巣駅東口〜騎〜加須駅南口, 【KZ23】鴻巣駅東口〜騎〜済〜加須駅南口, 【KZ24】免許センター〜鴻巣駅東口〜騎〜済〜加須駅南口, 【KZ31】鴻巣駅東口〜騎, 【KZ32】免許センター〜鴻巣駅東口〜騎"
久喜警察署東,久喜市,"下早見循環, 除堀・所久喜循環"
愛生会病院前,久喜市,"下早見循環, 久喜本循環, 除堀・所久喜循環, 東西連絡, 六万部・北中曽根循環"
東公民館,幸手市,"市内循環バス東Aコース, 市内循環バス東Bコース"
二枚橋,鴻巣市,田間宮コース
吉羽公園,朝日自動車（株）,"【KU21】久喜駅東口〜吉羽〜朝〜栗原〜吉羽〜久喜駅東口, 【KU22】久喜駅東口〜吉羽〜栗原〜朝, 【KU23】久喜駅東口〜吉羽〜栗原〜青毛二丁目〜朝, 【KU24】久喜駅東口〜吉羽〜栗原〜昌平高校, 【KU26】久喜駅東口〜吉羽〜栗原"
エムズタウン幸手,幸手市,市内循環バス中央コース
本田南,久喜市,除堀・所久喜循環
わたまクリニック前,鴻巣市,中山道コース
鴻巣市役所前,朝日自動車（株）,"【KZ12】免許センター〜鴻巣駅東口〜騎〜加須駅南口〜加須車庫, 【KZ14】免許センター〜鴻巣駅東口〜騎〜済〜加須駅南口〜加須車庫, 【KZ22】免許センター〜鴻巣駅東口〜騎〜加須駅南口, 【KZ24】免許センター〜鴻巣駅東口〜騎〜済〜加須駅南口, 【KZ32】免許センター〜鴻巣駅東口〜騎, 【KN21】鴻巣駅東口〜免許センター〜新落合橋, 【KN22】堂裏〜新落合橋〜免許センター〜鴻巣駅東口, 【KN23】鴻巣駅東口〜免許センター〜新落合橋〜堂裏〜真名板十字路, 【KN01】鴻巣駅東口〜免許センター"
鴻巣市役所前,川越観光自動車（株）,免許センター
松の木公園前,久喜市,"除堀・所久喜循環, 六万部・北中曽根循環"
みどりが丘一丁目,川越観光自動車（株）,みどりが丘循環
久喜高校北,久喜市,"下早見循環, 除堀・所久喜循環"
中央3丁目,久喜市,"下早見循環, 久喜本循環, 除堀・所久喜循環, 東西連絡, 六万部・北中曽根循環"
鴻巣市役所,東武バスウエスト（株）,川越03
西,朝日自動車（株）,"【KU21】久喜駅東口〜吉羽〜朝〜栗原〜吉羽〜久喜駅東口, 【KU22】久喜駅東口〜吉羽〜栗原〜朝, 【KU23】久喜駅東口〜吉羽〜栗原〜青毛二丁目〜朝, 【KU24】久喜駅東口〜吉羽〜栗原〜昌平高校, 【KU26】久喜駅東口〜吉羽〜栗原"
上町（菖蒲）,朝日自動車（株）,【HS01】蓮田駅西口〜井沼〜八幡神社前〜丸谷〜菖蒲車庫
久喜小学校東,久喜市,"下早見循環, 除堀・所久喜循環, 東西連絡"
仲町,朝日自動車（株）,"【HS31】蓮田駅東口〜西新宿〜根金〜下大崎〜台〜菖蒲仲橋, 【SR01】白岡駅〜台〜菖蒲仲橋"
ひばり野,鴻巣市,共和コース
上高野,幸手市,市内循環バス西Bコース
上町,朝日自動車（株）,"【KU01】久喜駅西口〜新久喜総合病院前〜菖蒲仲橋, 【KU02】久喜駅西口〜新久喜総合病院（玄関）〜新久喜総合病院前〜菖蒲仲橋, 【KU03】久喜駅西口〜久喜上町〜菖蒲仲橋, 【OK01】桶川駅東口〜細谷〜菖蒲車庫, 【OK02】桶川駅東口〜細谷〜菖蒲総合支所前〜菖蒲車庫, 【OK03】桶川駅東口〜みの木〜加納公民館〜菖蒲車庫, 【HS31】蓮田駅東口〜西新宿〜根金〜下大崎〜台〜菖蒲仲橋, 【SR01】白岡駅〜台〜菖蒲仲橋"
釜伏峠口,西武観光バス（株）,T3　三沢線
西新田児童公園入口,久喜市,野久喜・吉羽循環
久喜駅東口,久喜市,"東循環, 東西連絡, 野久喜・吉羽循環"
久喜駅東口,朝日自動車（株）,"【KU11】久喜駅東口〜青〜久喜駅東口（団地先回り）, 【KU12】久喜駅東口〜青〜朝, 【KU13】久喜駅東口〜青〜朝〜上高野〜弁天橋〜朝〜青〜久喜駅東口, 【KU14】久喜駅東口〜青〜朝〜上高野〜弁天橋, 【KU15】上高野〜弁天橋〜朝〜青〜久喜駅東口, 【KU16】久喜駅東口〜青〜朝〜弁天橋〜幸手駅西口, 【KU21】久喜駅東口〜吉羽〜朝〜栗原〜吉羽〜久喜駅東口, 【KU22】久喜駅東口〜吉羽〜栗原〜朝, 【KU23】久喜駅東口〜吉羽〜栗原〜青毛二丁目〜朝, 【KU24】久喜駅東口〜吉羽〜栗原〜昌平高校, 【KU26】久喜駅東口〜吉羽〜栗原"
久喜駅西口,久喜市,"下早見循環, 久喜本循環, 除堀・所久喜循環, 東西連絡, 六万部・北中曽根循環"
久喜駅西口,朝日自動車（株）,"【KU01】久喜駅西口〜新久喜総合病院前〜菖蒲仲橋, 【KU02】久喜駅西口〜新久喜総合病院（玄関）〜新久喜総合病院前〜菖蒲仲橋, 【KU03】久喜駅西口〜久喜上町〜菖蒲仲橋, 【直行】モラージュ菖蒲〜久喜駅西口, 【急行】久喜駅西口〜久喜上町〜モラージュ菖蒲中央口"
久喜駅西口,大和観光自動車（株）,"清久線, 久喜菖蒲工業団地線"
松原上,国際十王交通（株）,熊谷駅〜上岡〜東松山駅
緑台一丁目,朝日自動車（株）,【ST01】幸手駅〜幸手団地〜杉戸高野台駅
市立図書館前,久喜市,野久喜・吉羽循環
渡内橋,鴻巣市,田間宮コース
図書館前,朝日自動車（株）,"【KU21】久喜駅東口〜吉羽〜朝〜栗原〜吉羽〜久喜駅東口, 【KU22】久喜駅東口〜吉羽〜栗原〜朝, 【KU23】久喜駅東口〜吉羽〜栗原〜青毛二丁目〜朝, 【KU24】久喜駅東口〜吉羽〜栗原〜昌平高校, 【KU26】久喜駅東口〜吉羽〜栗原"
下郷地,鴻巣市,笠原コース
水道部（第二浄水場）,幸手市,市内循環バス東Aコース
菖蒲仲橋,朝日自動車（株）,"【KU01】久喜駅西口〜新久喜総合病院前〜菖蒲仲橋, 【KU02】久喜駅西口〜新久喜総合病院（玄関）〜新久喜総合病院前〜菖蒲仲橋, 【KU03】久喜駅西口〜久喜上町〜菖蒲仲橋, 【OK01】桶川駅東口〜細谷〜菖蒲車庫, 【OK02】桶川駅東口〜細谷〜菖蒲総合支所前〜菖蒲車庫, 【OK03】桶川駅東口〜みの木〜加納公民館〜菖蒲車庫, 【HS31】蓮田駅東口〜西新宿〜根金〜下大崎〜台〜菖蒲仲橋, 【HS01】蓮田駅西口〜井沼〜八幡神社前〜丸谷〜菖蒲車庫, 【SR01】白岡駅〜台〜菖蒲仲橋"
上高野1丁目,幸手市,市内循環バス西Bコース
高田,朝日自動車（株）,"【KU11】久喜駅東口〜青〜久喜駅東口（団地先回り）, 【KU12】久喜駅東口〜青〜朝, 【KU13】久喜駅東口〜青〜朝〜上高野〜弁天橋〜朝〜青〜久喜駅東口, 【KU14】久喜駅東口〜青〜朝〜上高野〜弁天橋, 【KU15】上高野〜弁天橋〜朝〜青〜久喜駅東口, 【KU16】久喜駅東口〜青〜朝〜弁天橋〜幸手駅西口, 【KU21】久喜駅東口〜吉羽〜朝〜栗原〜吉羽〜久喜駅東口, 【KU22】久喜駅東口〜吉羽〜栗原〜朝, 【KU23】久喜駅東口〜吉羽〜栗原〜青毛二丁目〜朝, 【KU24】久喜駅東口〜吉羽〜栗原〜昌平高校, 【KU26】久喜駅東口〜吉羽〜栗原"
高田,久喜市,野久喜・吉羽循環
向野,大和観光自動車（株）,清久線
森林公園南口入口,国際十王交通（株）,"熊谷駅南口〜森林公園西口〜森林公園駅, 立正大学〜森林公園西口〜森林公園駅"
東武中央公園,幸手市,市内循環バス中央コース
清久工業団地東,大和観光自動車（株）,清久線
久喜高校入口,久喜市,"下早見循環, 除堀・所久喜循環, 東西連絡"
青葉五丁目,朝日自動車（株）,"【KU21】久喜駅東口〜吉羽〜朝〜栗原〜吉羽〜久喜駅東口, 【KU22】久喜駅東口〜吉羽〜栗原〜朝, 【KU23】久喜駅東口〜吉羽〜栗原〜青毛二丁目〜朝, 【KU24】久喜駅東口〜吉羽〜栗原〜昌平高校, 【KU26】久喜駅東口〜吉羽〜栗原"
南中学校前,久喜市,下早見循環
糠田屋敷,鴻巣市,田間宮コース
本宮町,鴻巣市,笠原コース
落合,イーグルバス（株）,"W01・W02　東秩父村路線, W03　東秩父村路線"
久喜駅入口,久喜市,"東循環, 東西連絡, 野久喜・吉羽循環"
東武団地,朝日自動車（株）,【ST01】幸手駅〜幸手団地〜杉戸高野台駅
鴻巣市役所入口,鴻巣市,"常光コース, 共和コース"
市役所入口,朝日自動車（株）,"【KZ11】鴻巣駅東口〜騎〜加須駅南口〜加須車庫, 【KZ12】免許センター〜鴻巣駅東口〜騎〜加須駅南口〜加須車庫, 【KZ13】鴻巣駅東口〜騎〜済〜加須駅南口〜加須車庫, 【KZ14】免許センター〜鴻巣駅東口〜騎〜済〜加須駅南口〜加須車庫, 【KZ21】鴻巣駅東口〜騎〜加須駅南口, 【KZ22】免許センター〜鴻巣駅東口〜騎〜加須駅南口, 【KZ23】鴻巣駅東口〜騎〜済〜加須駅南口, 【KZ24】免許センター〜鴻巣駅東口〜騎〜済〜加須駅南口, 【KZ31】鴻巣駅東口〜騎, 【KZ32】免許センター〜鴻巣駅東口〜騎"
笠原十字路,朝日自動車（株）,"【KZ11】鴻巣駅東口〜騎〜加須駅南口〜加須車庫, 【KZ12】免許センター〜鴻巣駅東口〜騎〜加須駅南口〜加須車庫, 【KZ13】鴻巣駅東口〜騎〜済〜加須駅南口〜加須車庫, 【KZ14】免許センター〜鴻巣駅東口〜騎〜済〜加須駅南口〜加須車庫, 【KZ21】鴻巣駅東口〜騎〜加須駅南口, 【KZ22】免許センター〜鴻巣駅東口〜騎〜加須駅南口, 【KZ23】鴻巣駅東口〜騎〜済〜加須駅南口, 【KZ24】免許センター〜鴻巣駅東口〜騎〜済〜加須駅南口, 【KZ31】鴻巣駅東口〜騎, 【KZ32】免許センター〜鴻巣駅東口〜騎"
エンゼル幼稚園入口,鴻巣市,中山道コース
田間宮小前,鴻巣市,田間宮コース
保健所前,朝日自動車（株）,"【KZ11】鴻巣駅東口〜騎〜加須駅南口〜加須車庫, 【KZ12】免許センター〜鴻巣駅東口〜騎〜加須駅南口〜加須車庫, 【KZ13】鴻巣駅東口〜騎〜済〜加須駅南口〜加須車庫, 【KZ14】免許センター〜鴻巣駅東口〜騎〜済〜加須駅南口〜加須車庫, 【KZ21】鴻巣駅東口〜騎〜加須駅南口, 【KZ22】免許センター〜鴻巣駅東口〜騎〜加須駅南口, 【KZ23】鴻巣駅東口〜騎〜済〜加須駅南口, 【KZ24】免許センター〜鴻巣駅東口〜騎〜済〜加須駅南口, 【KZ31】鴻巣駅東口〜騎, 【KZ32】免許センター〜鴻巣駅東口〜騎, 【KN21】鴻巣駅東口〜免許センター〜新落合橋, 【KN22】堂裏〜新落合橋〜免許センター〜鴻巣駅東口, 【KN23】鴻巣駅東口〜免許センター〜新落合橋〜堂裏〜真名板十字路, 【KN01】鴻巣駅東口〜免許センター"
保健所前,川越観光自動車（株）,免許センター
保健所前,鴻巣市,"常光コース, 共和コース"
保健所前,東武バスウエスト（株）,川越03
新堀,朝日自動車（株）,"【OK01】桶川駅東口〜細谷〜菖蒲車庫, 【OK02】桶川駅東口〜細谷〜菖蒲総合支所前〜菖蒲車庫, 【OK03】桶川駅東口〜みの木〜加納公民館〜菖蒲車庫, 【HS01】蓮田駅西口〜井沼〜八幡神社前〜丸谷〜菖蒲車庫"
所久喜,久喜市,除堀・所久喜循環
糠田本田,鴻巣市,田間宮コース
笠原公民館,鴻巣市,笠原コース
小川カントリー入口,国際十王交通（株）,"熊谷駅〜小江川〜小川町駅, 熊谷駅〜県立循環器呼吸器病センター〜小川町駅"
生出塚団地入口,鴻巣市,共和コース
東小学校前,朝日自動車（株）,"【HS31】蓮田駅東口〜西新宿〜根金〜下大崎〜台〜菖蒲仲橋, 【SR01】白岡駅〜台〜菖蒲仲橋"
放光寺裏,鴻巣市,田間宮コース
網張戸,東松山市,大谷コース
橋詰,久喜市,下早見循環
吉羽,朝日自動車（株）,"【KU21】久喜駅東口〜吉羽〜朝〜栗原〜吉羽〜久喜駅東口, 【KU22】久喜駅東口〜吉羽〜栗原〜朝, 【KU23】久喜駅東口〜吉羽〜栗原〜青毛二丁目〜朝, 【KU24】久喜駅東口〜吉羽〜栗原〜昌平高校, 【KU26】久喜駅東口〜吉羽〜栗原"
八谷,西武観光バス（株）,G14　倉尾線
東三丁目,朝日自動車（株）,"【KU11】久喜駅東口〜青〜久喜駅東口（団地先回り）, 【KU12】久喜駅東口〜青〜朝, 【KU13】久喜駅東口〜青〜朝〜上高野〜弁天橋〜朝〜青〜久喜駅東口, 【KU14】久喜駅東口〜青〜朝〜上高野〜弁天橋, 【KU15】上高野〜弁天橋〜朝〜青〜久喜駅東口, 【KU16】久喜駅東口〜青〜朝〜弁天橋〜幸手駅西口"
南4丁目,久喜市,"下早見循環, 除堀・所久喜循環, 東西連絡"
本町3丁目,久喜市,"下早見循環, 除堀・所久喜循環, 東西連絡"
松原下,国際十王交通（株）,熊谷駅〜上岡〜東松山駅
地産児童公園入口,久喜市,"東循環, 東西連絡, 野久喜・吉羽循環"
中瀬,幸手市,市内循環バス東Aコース
関東福祉専門学校前,朝日自動車（株）,"【KZ11】鴻巣駅東口〜騎〜加須駅南口〜加須車庫, 【KZ12】免許センター〜鴻巣駅東口〜騎〜加須駅南口〜加須車庫, 【KZ13】鴻巣駅東口〜騎〜済〜加須駅南口〜加須車庫, 【KZ14】免許センター〜鴻巣駅東口〜騎〜済〜加須駅南口〜加須車庫, 【KZ21】鴻巣駅東口〜騎〜加須駅南口, 【KZ22】免許センター〜鴻巣駅東口〜騎〜加須駅南口, 【KZ23】鴻巣駅東口〜騎〜済〜加須駅南口, 【KZ24】免許センター〜鴻巣駅東口〜騎〜済〜加須駅南口, 【KZ31】鴻巣駅東口〜騎, 【KZ32】免許センター〜鴻巣駅東口〜騎"
関東福祉専門学校前,鴻巣市,"常光コース, 共和コース"
吉羽,朝日自動車（株）,"【TD01】東武動物公園駅〜吉田橋〜境車庫, 【TD02】東武動物公園駅〜吉田橋"
東1丁目,久喜市,"東循環, 東西連絡"
吉羽大橋,朝日自動車（株）,"【KU21】久喜駅東口〜吉羽〜朝〜栗原〜吉羽〜久喜駅東口, 【KU22】久喜駅東口〜吉羽〜栗原〜朝, 【KU23】久喜駅東口〜吉羽〜栗原〜青毛二丁目〜朝, 【KU24】久喜駅東口〜吉羽〜栗原〜昌平高校, 【KU26】久喜駅東口〜吉羽〜栗原"
大田入口,西武観光バス（株）,D1、D2　秩父吉田線
柳井,西武観光バス（株）,D1、D2　秩父吉田線
慶作,幸手市,市内循環バス西Bコース
吉羽（吉田橋入口）,幸手市,市内循環バス東Aコース
南公民館,幸手市,市内循環バス西Bコース
沼向公園入口,朝日自動車（株）,"【KU21】久喜駅東口〜吉羽〜朝〜栗原〜吉羽〜久喜駅東口, 【KU22】久喜駅東口〜吉羽〜栗原〜朝, 【KU23】久喜駅東口〜吉羽〜栗原〜青毛二丁目〜朝, 【KU24】久喜駅東口〜吉羽〜栗原〜昌平高校, 【KU26】久喜駅東口〜吉羽〜栗原"
中斉,鴻巣市,笠原コース
向地児童公園入口,久喜市,"東循環, 東西連絡"
女子高入口,朝日自動車（株）,"【KZ11】鴻巣駅東口〜騎〜加須駅南口〜加須車庫, 【KZ12】免許センター〜鴻巣駅東口〜騎〜加須駅南口〜加須車庫, 【KZ13】鴻巣駅東口〜騎〜済〜加須駅南口〜加須車庫, 【KZ14】免許センター〜鴻巣駅東口〜騎〜済〜加須駅南口〜加須車庫, 【KZ21】鴻巣駅東口〜騎〜加須駅南口, 【KZ22】免許センター〜鴻巣駅東口〜騎〜加須駅南口, 【KZ23】鴻巣駅東口〜騎〜済〜加須駅南口, 【KZ24】免許センター〜鴻巣駅東口〜騎〜済〜加須駅南口, 【KZ31】鴻巣駅東口〜騎, 【KZ32】免許センター〜鴻巣駅東口〜騎, 【KN21】鴻巣駅東口〜免許センター〜新落合橋, 【KN22】堂裏〜新落合橋〜免許センター〜鴻巣駅東口, 【KN23】鴻巣駅東口〜免許センター〜新落合橋〜堂裏〜真名板十字路, 【KN01】鴻巣駅東口〜免許センター"
女子高入口,川越観光自動車（株）,免許センター
女子高入口,鴻巣市,"常光コース, 共和コース"
女子高入口,東武バスウエスト（株）,川越03
東二丁目,朝日自動車（株）,"【KU11】久喜駅東口〜青〜久喜駅東口（団地先回り）, 【KU12】久喜駅東口〜青〜朝, 【KU13】久喜駅東口〜青〜朝〜上高野〜弁天橋〜朝〜青〜久喜駅東口, 【KU14】久喜駅東口〜青〜朝〜上高野〜弁天橋, 【KU15】上高野〜弁天橋〜朝〜青〜久喜駅東口, 【KU16】久喜駅東口〜青〜朝〜弁天橋〜幸手駅西口"
西児童公園入口,久喜市,野久喜・吉羽循環
鴻神社,鴻巣市,"中山道コース, 笠原コース"
向地児童公園北,久喜市,野久喜・吉羽循環
角山,川越観光自動車（株）,みどりが丘循環
川島,久喜市,下早見循環
生涯学習センター入口,鴻巣市,田間宮コース
川面火の見下,朝日自動車（株）,"【KZ11】鴻巣駅東口〜騎〜加須駅南口〜加須車庫, 【KZ12】免許センター〜鴻巣駅東口〜騎〜加須駅南口〜加須車庫, 【KZ13】鴻巣駅東口〜騎〜済〜加須駅南口〜加須車庫, 【KZ14】免許センター〜鴻巣駅東口〜騎〜済〜加須駅南口〜加須車庫, 【KZ21】鴻巣駅東口〜騎〜加須駅南口, 【KZ22】免許センター〜鴻巣駅東口〜騎〜加須駅南口, 【KZ23】鴻巣駅東口〜騎〜済〜加須駅南口, 【KZ24】免許センター〜鴻巣駅東口〜騎〜済〜加須駅南口, 【KZ31】鴻巣駅東口〜騎, 【KZ32】免許センター〜鴻巣駅東口〜騎"
平須賀上株集会所,幸手市,市内循環バス東Aコース
内手（打出）,イーグルバス（株）,W01・W02　東秩父村路線
強矢,西武観光バス（株）,G14　倉尾線
市役所［久喜］,久喜市,"下早見循環, 除堀・所久喜循環, 東西連絡"
大野神社,鴻巣市,田間宮コース
ウェルディングアロイズ,大和観光自動車（株）,"清久線, 久喜菖蒲工業団地線"
野田交差点,東松山市,大谷コース
上谷公園入口,朝日自動車（株）,"【KZ11】鴻巣駅東口〜騎〜加須駅南口〜加須車庫, 【KZ12】免許センター〜鴻巣駅東口〜騎〜加須駅南口〜加須車庫, 【KZ13】鴻巣駅東口〜騎〜済〜加須駅南口〜加須車庫, 【KZ14】免許センター〜鴻巣駅東口〜騎〜済〜加須駅南口〜加須車庫, 【KZ21】鴻巣駅東口〜騎〜加須駅南口, 【KZ22】免許センター〜鴻巣駅東口〜騎〜加須駅南口, 【KZ23】鴻巣駅東口〜騎〜済〜加須駅南口, 【KZ24】免許センター〜鴻巣駅東口〜騎〜済〜加須駅南口, 【KZ31】鴻巣駅東口〜騎, 【KZ32】免許センター〜鴻巣駅東口〜騎"
所久喜集会所前,久喜市,除堀・所久喜循環
城址あやめ園,朝日自動車（株）,"【OK01】桶川駅東口〜細谷〜菖蒲車庫, 【OK02】桶川駅東口〜細谷〜菖蒲総合支所前〜菖蒲車庫, 【OK03】桶川駅東口〜みの木〜加納公民館〜菖蒲車庫"
日本マタイ,大和観光自動車（株）,久喜菖蒲工業団地線
さかえ小学校,朝日自動車（株）,【ST01】幸手駅〜幸手団地〜杉戸高野台駅
鴻巣西中入口,鴻巣市,田間宮コース
さいわい公園入口,鴻巣市,田間宮コース
かまなかクリニック前,久喜市,"東循環, 東西連絡"
中央図書館入口,鴻巣市,笠原コース
小柱,西武観光バス（株）,D1、D2　秩父吉田線
天神四丁目,朝日自動車（株）,"【KZ11】鴻巣駅東口〜騎〜加須駅南口〜加須車庫, 【KZ12】免許センター〜鴻巣駅東口〜騎〜加須駅南口〜加須車庫, 【KZ13】鴻巣駅東口〜騎〜済〜加須駅南口〜加須車庫, 【KZ14】免許センター〜鴻巣駅東口〜騎〜済〜加須駅南口〜加須車庫, 【KZ21】鴻巣駅東口〜騎〜加須駅南口, 【KZ22】免許センター〜鴻巣駅東口〜騎〜加須駅南口, 【KZ23】鴻巣駅東口〜騎〜済〜加須駅南口, 【KZ24】免許センター〜鴻巣駅東口〜騎〜済〜加須駅南口, 【KZ31】鴻巣駅東口〜騎, 【KZ32】免許センター〜鴻巣駅東口〜騎"
天神四丁目,鴻巣市,常光コース
東前谷,久喜市,下早見循環
こうのす共生病院,朝日自動車（株）,"【KZ11】鴻巣駅東口〜騎〜加須駅南口〜加須車庫, 【KZ12】免許センター〜鴻巣駅東口〜騎〜加須駅南口〜加須車庫, 【KZ13】鴻巣駅東口〜騎〜済〜加須駅南口〜加須車庫, 【KZ14】免許センター〜鴻巣駅東口〜騎〜済〜加須駅南口〜加須車庫, 【KZ21】鴻巣駅東口〜騎〜加須駅南口, 【KZ22】免許センター〜鴻巣駅東口〜騎〜加須駅南口, 【KZ23】鴻巣駅東口〜騎〜済〜加須駅南口, 【KZ24】免許センター〜鴻巣駅東口〜騎〜済〜加須駅南口, 【KZ31】鴻巣駅東口〜騎, 【KZ32】免許センター〜鴻巣駅東口〜騎"
三箇上出,朝日自動車（株）,"【HS31】蓮田駅東口〜西新宿〜根金〜下大崎〜台〜菖蒲仲橋, 【SR01】白岡駅〜台〜菖蒲仲橋"
東松山ぼたん園南,東松山市,大谷コース
上谷総合公園,鴻巣市,笠原コース
槇野地,幸手市,市内循環バス東Aコース
南4丁目,大和観光自動車（株）,久喜菖蒲工業団地線
塚越団地,西武観光バス（株）,D1、D2　秩父吉田線
駅入口,鴻巣市,中山道コース
鴻巣高校入口,鴻巣市,田間宮コース
三ツ家（ヨークフーズ前）,幸手市,市内循環バス中央コース
沢口町,川越観光自動車（株）,マイタウン循環
本町十字路,朝日自動車（株）,"【KZ11】鴻巣駅東口〜騎〜加須駅南口〜加須車庫, 【KZ12】免許センター〜鴻巣駅東口〜騎〜加須駅南口〜加須車庫, 【KZ13】鴻巣駅東口〜騎〜済〜加須駅南口〜加須車庫, 【KZ14】免許センター〜鴻巣駅東口〜騎〜済〜加須駅南口〜加須車庫, 【KZ21】鴻巣駅東口〜騎〜加須駅南口, 【KZ22】免許センター〜鴻巣駅東口〜騎〜加須駅南口, 【KZ23】鴻巣駅東口〜騎〜済〜加須駅南口, 【KZ24】免許センター〜鴻巣駅東口〜騎〜済〜加須駅南口, 【KZ31】鴻巣駅東口〜騎, 【KZ32】免許センター〜鴻巣駅東口〜騎, 【KN21】鴻巣駅東口〜免許センター〜新落合橋, 【KN22】堂裏〜新落合橋〜免許センター〜鴻巣駅東口, 【KN23】鴻巣駅東口〜免許センター〜新落合橋〜堂裏〜真名板十字路, 【KN01】鴻巣駅東口〜免許センター"
本町十字路,川越観光自動車（株）,免許センター
本町十字路,鴻巣市,"常光コース, 共和コース"
本町十字路,東武バスウエスト（株）,川越03
小川赤十字病院,川越観光自動車（株）,小川パークヒル
日赤病院前,イーグルバス（株）,と06・と06-2　ときがわ町路線バス
六丁目,川越観光自動車（株）,小川パークヒル
徳力本店,大和観光自動車（株）,"清久線, 久喜菖蒲工業団地線"
奥沢,イーグルバス（株）,"W01・W02　東秩父村路線, W03　東秩父村路線"
堀切,西武観光バス（株）,D1、D2　秩父吉田線
神扇集会所,幸手市,市内循環バス東Aコース
向山工場,大和観光自動車（株）,"清久線, 久喜菖蒲工業団地線"
東公民館東,久喜市,"東循環, 東西連絡"
池原,西武観光バス（株）,G14　倉尾線
ジョイフル本田,幸手市,"市内循環バス中央コース, 市内循環バス西Bコース"
マイタウン入口,川越観光自動車（株）,マイタウン循環
三宮司橋,西武観光バス（株）,T3　三沢線
エフテック,大和観光自動車（株）,久喜菖蒲工業団地線
大間四丁目,川越観光自動車（株）,免許センター
大間四丁目,東武バスウエスト（株）,川越03
生出塚,朝日自動車（株）,"【KZ11】鴻巣駅東口〜騎〜加須駅南口〜加須車庫, 【KZ12】免許センター〜鴻巣駅東口〜騎〜加須駅南口〜加須車庫, 【KZ13】鴻巣駅東口〜騎〜済〜加須駅南口〜加須車庫, 【KZ14】免許センター〜鴻巣駅東口〜騎〜済〜加須駅南口〜加須車庫, 【KZ21】鴻巣駅東口〜騎〜加須駅南口, 【KZ22】免許センター〜鴻巣駅東口〜騎〜加須駅南口, 【KZ23】鴻巣駅東口〜騎〜済〜加須駅南口, 【KZ24】免許センター〜鴻巣駅東口〜騎〜済〜加須駅南口, 【KZ31】鴻巣駅東口〜騎, 【KZ32】免許センター〜鴻巣駅東口〜騎"
日赤入口,国際十王交通（株）,"熊谷駅〜小江川〜小川町駅, 熊谷駅〜県立循環器呼吸器病センター〜小川町駅"
吉田元気村,西武観光バス（株）,D1、D2　秩父吉田線
東5丁目,久喜市,"東循環, 東西連絡"
小川パークヒル,川越観光自動車（株）,小川パークヒル
上吉田,西武観光バス（株）,"G14　倉尾線, D1、D2　秩父吉田線"
弐貫野集会所,鴻巣市,笠原コース
二貫野前,鴻巣市,笠原コース
平野,朝日自動車（株）,"【TD01】東武動物公園駅〜吉田橋〜境車庫, 【TD02】東武動物公園駅〜吉田橋"
花和楽の湯前,イーグルバス（株）,と06・と06-2　ときがわ町路線バス
駅入口,鴻巣市,常光コース
小川温泉花和楽の湯,川越観光自動車（株）,小川パークヒル
五丁目,川越観光自動車（株）,小川パークヒル
鴻巣駅東口,朝日自動車（株）,"【KZ11】鴻巣駅東口〜騎〜加須駅南口〜加須車庫, 【KZ12】免許センター〜鴻巣駅東口〜騎〜加須駅南口〜加須車庫, 【KZ13】鴻巣駅東口〜騎〜済〜加須駅南口〜加須車庫, 【KZ14】免許センター〜鴻巣駅東口〜騎〜済〜加須駅南口〜加須車庫, 【KZ21】鴻巣駅東口〜騎〜加須駅南口, 【KZ22】免許センター〜鴻巣駅東口〜騎〜加須駅南口, 【KZ23】鴻巣駅東口〜騎〜済〜加須駅南口, 【KZ24】免許センター〜鴻巣駅東口〜騎〜済〜加須駅南口, 【KZ31】鴻巣駅東口〜騎, 【KZ32】免許センター〜鴻巣駅東口〜騎, 【KN21】鴻巣駅東口〜免許センター〜新落合橋, 【KN22】堂裏〜新落合橋〜免許センター〜鴻巣駅東口, 【KN23】鴻巣駅東口〜免許センター〜新落合橋〜堂裏〜真名板十字路, 【KN01】鴻巣駅東口〜免許センター"
鴻巣駅東口,川越観光自動車（株）,免許センター
鴻巣駅東口,鴻巣市,"中山道コース, 笠原コース, 常光コース, 共和コース"
鴻巣駅東口,東武バスウエスト（株）,川越03
東洋製罐,大和観光自動車（株）,"清久線, 久喜菖蒲工業団地線"
八代郵便局,幸手市,市内循環バス東Aコース
鴻巣駅西口,川越観光自動車（株）,免許センター
西明寺南,東松山市,大谷コース
逆川公園,鴻巣市,田間宮コース
小川戸橋,西武観光バス（株）,"G14　倉尾線, D1、D2　秩父吉田線"
東平,川越観光自動車（株）,マイタウン循環
東平,国際十王交通（株）,熊谷駅〜上岡〜東松山駅
和みの里,久喜市,下早見循環
菖蒲総合支所前,朝日自動車（株）,"【OK02】桶川駅東口〜細谷〜菖蒲総合支所前〜菖蒲車庫, 【HS01】蓮田駅西口〜井沼〜八幡神社前〜丸谷〜菖蒲車庫"
変電所前,国際十王交通（株）,"熊谷駅〜小江川〜小川町駅, 熊谷駅〜県立循環器呼吸器病センター〜小川町駅"
富永町,鴻巣市,常光コース
鴻巣駅西口,鴻巣市,"田間宮コース, 馬室コース"
鴻巣駅西口,東武バスウエスト（株）,川越03
二貫野,鴻巣市,笠原コース
寺屋敷,久喜市,"下早見循環, 除堀・所久喜循環, 東西連絡"
向地大橋,久喜市,"東循環, 東西連絡"
小川町駅,川越観光自動車（株）,"小川パークヒル, みどりが丘循環"
小川町駅,イーグルバス（株）,"W01・W02　東秩父村路線, と06・と06-2　ときがわ町路線バス"
小川町駅,国際十王交通（株）,"熊谷駅〜小江川〜小川町駅, 熊谷駅〜県立循環器呼吸器病センター〜小川町駅"
東京電力変電所前,久喜市,"東循環, 東西連絡"
川口技研,大和観光自動車（株）,久喜菖蒲工業団地線
鴻巣駅入口,鴻巣市,"田間宮コース, 馬室コース"
備前前堀大橋,久喜市,除堀・所久喜循環
東秩父村役場入口,イーグルバス（株）,"W01・W02　東秩父村路線, W03　東秩父村路線"
女形入口,西武観光バス（株）,G14　倉尾線
保健センター前,イーグルバス（株）,W01・W02　東秩父村路線
広岡鉄工,大和観光自動車（株）,"清久線, 久喜菖蒲工業団地線"
マイタウン中央,川越観光自動車（株）,マイタウン循環
釜屋前,朝日自動車（株）,"【HS31】蓮田駅東口〜西新宿〜根金〜下大崎〜台〜菖蒲仲橋, 【SR01】白岡駅〜台〜菖蒲仲橋"
宝聖寺前,幸手市,市内循環バス東Aコース
早道場,西武観光バス（株）,D1、D2　秩父吉田線
町役場入口,川越観光自動車（株）,小川パークヒル
幸手団地中央,幸手市,"市内循環バス中央コース, 市内循環バス西Bコース"
東5丁目旧県道,久喜市,"東循環, 東西連絡"
久保田,西武観光バス（株）,D1、D2　秩父吉田線
NSKマシナリー,大和観光自動車（株）,久喜菖蒲工業団地線
小川町役場入口,イーグルバス（株）,と06・と06-2　ときがわ町路線バス
太平住宅団地,鴻巣市,常光コース
幸手団地,朝日自動車（株）,"【ST01】幸手駅〜幸手団地〜杉戸高野台駅, 【ST02】杉戸高野台駅〜幸手団地"
久喜菖蒲公園,大和観光自動車（株）,"清久線, 久喜菖蒲工業団地線"
総合体育館,久喜市,"下早見循環, 除堀・所久喜循環, 東西連絡"
四丁目,川越観光自動車（株）,小川パークヒル
下野八幡橋,杉戸町地域公共交通推進協議会,あいあい号　西コース
東4丁目公園,久喜市,"東循環, 東西連絡"
元市町,鴻巣市,常光コース
高野台西6丁目,杉戸町地域公共交通推進協議会,あいあい号　西コース
大田中学校入口,西武観光バス（株）,D1、D2　秩父吉田線
三丁目,川越観光自動車（株）,小川パークヒル
昌平高校,朝日自動車（株）,"【KU24】久喜駅東口〜吉羽〜栗原〜昌平高校, 【SU11】杉戸高野台駅西口〜昌平高校"
嶋上,西武観光バス（株）,D1、D2　秩父吉田線
市民グラウンド,久喜市,"下早見循環, 除堀・所久喜循環, 東西連絡"
東秩父中学校前,イーグルバス（株）,"W01・W02　東秩父村路線, W03　東秩父村路線"
国納,久喜市,"東循環, 東西連絡"
上谷谷田,鴻巣市,常光コース
高校入口,国際十王交通（株）,"熊谷駅〜小江川〜小川町駅, 熊谷駅〜県立循環器呼吸器病センター〜小川町駅"
女部田,西武観光バス（株）,"G14　倉尾線, D1、D2　秩父吉田線"
逆川,川越観光自動車（株）,免許センター
逆川,東武バスウエスト（株）,川越03
北杉山（しんみせ）,幸手市,市内循環バス東Aコース
中太田,西武観光バス（株）,D1、D2　秩父吉田線
三箇小学校北側,久喜市,除堀・所久喜循環
久喜自動車学校入口,久喜市,東循環
中野集会所前,幸手市,市内循環バス東Aコース
坂本,西武観光バス（株）,G13　志賀坂線
常光第六集会所,鴻巣市,常光コース
アトミクス,大和観光自動車（株）,久喜菖蒲工業団地線
馬頭尊前,西武観光バス（株）,D1、D2　秩父吉田線
上谷氷川神社前,鴻巣市,常光コース
逆川一丁目,川越観光自動車（株）,免許センター
逆川一丁目,鴻巣市,馬室コース
逆川一丁目,東武バスウエスト（株）,川越03
台宮五,久喜市,除堀・所久喜循環
東4丁目,久喜市,"東循環, 東西連絡"
中三沢,西武観光バス（株）,T3　三沢線
中野,朝日自動車（株）,"【TD01】東武動物公園駅〜吉田橋〜境車庫, 【TD02】東武動物公園駅〜吉田橋"
小川町駅入口,イーグルバス（株）,"W01・W02　東秩父村路線, と06・と06-2　ときがわ町路線バス"
小川町駅入口,国際十王交通（株）,"熊谷駅〜小江川〜小川町駅, 熊谷駅〜県立循環器呼吸器病センター〜小川町駅"
坂本,イーグルバス（株）,W01・W02　東秩父村路線
管理センター,大和観光自動車（株）,"清久線, 久喜菖蒲工業団地線"
一丁目,川越観光自動車（株）,小川パークヒル
JA江面支所,大和観光自動車（株）,久喜菖蒲工業団地線
諏訪橋,西武観光バス（株）,D1、D2　秩父吉田線
小学校前,川越観光自動車（株）,小川パークヒル
市営住宅,川越観光自動車（株）,マイタウン循環
半場,イーグルバス（株）,"W01・W02　東秩父村路線, W03　東秩父村路線"
本町,国際十王交通（株）,"熊谷駅〜小江川〜小川町駅, 熊谷駅〜県立循環器呼吸器病センター〜小川町駅"
本町,川越観光自動車（株）,小川パークヒル
駅入口,川越観光自動車（株）,小川パークヒル
南公民館入口,久喜市,"下早見循環, 除堀・所久喜循環, 東西連絡"
久喜メディカルクリニック前,久喜市,"東循環, 東西連絡"
東小学校入口,久喜市,"東循環, 東西連絡"
要トンネル,西武観光バス（株）,G14　倉尾線
久喜菖蒲公園,久喜市,除堀・所久喜循環
小学校東,川越観光自動車（株）,小川パークヒル
奈良川橋,西武観光バス（株）,D1、D2　秩父吉田線
沖新田集会所前,久喜市,除堀・所久喜循環
AGCポリマー建材,大和観光自動車（株）,久喜菖蒲工業団地線
鴻巣上谷,丸建つばさ交通（株）,北本東間深井循環
市民病院［東松山市］,東松山市,大谷コース
長久保入口,西武観光バス（株）,G14　倉尾線
相生町,イーグルバス（株）,W01・W02　東秩父村路線
ひなの里前,鴻巣市,常光コース
八宮神社入口,川越観光自動車（株）,小川パークヒル
三箇小学校,朝日自動車（株）,"【HS31】蓮田駅東口〜西新宿〜根金〜下大崎〜台〜菖蒲仲橋, 【SR01】白岡駅〜台〜菖蒲仲橋"
三沢郵便局,西武観光バス（株）,T3　三沢線
市民病院東,川越観光自動車（株）,マイタウン循環
野々宮,朝日自動車（株）,"【OK01】桶川駅東口〜細谷〜菖蒲車庫, 【OK02】桶川駅東口〜細谷〜菖蒲総合支所前〜菖蒲車庫, 【OK03】桶川駅東口〜みの木〜加納公民館〜菖蒲車庫"
松若町,イーグルバス（株）,W01・W02　東秩父村路線
東部塗料,大和観光自動車（株）,久喜菖蒲工業団地線
橋詰,西武観光バス（株）,G13　志賀坂線
東埼玉総合病院,杉戸町地域公共交通推進協議会,"あいあい号　西コース, あいあい号　南コース, あいあい号　東コース"
東埼玉総合病院,幸手市,市内循環バス中央コース
増尾,イーグルバス（株）,W01・W02　東秩父村路線
市民病院前,川越観光自動車（株）,マイタウン循環
市民病院前,国際十王交通（株）,熊谷駅〜上岡〜東松山駅
下谷氷川神社前,鴻巣市,常光コース
八代小学校,朝日自動車（株）,"【TD01】東武動物公園駅〜吉田橋〜境車庫, 【TD02】東武動物公園駅〜吉田橋"
天神橋,幸手市,市内循環バス東Aコース
JA大河サービスステーション前,イーグルバス（株）,W01・W02　東秩父村路線
八代小学校入口,幸手市,市内循環バス東Aコース
亜細亜工業,大和観光自動車（株）,久喜菖蒲工業団地線
和紙の里,イーグルバス（株）,"W01・W02　東秩父村路線, W03　東秩父村路線"
コモンシティ幸手,幸手市,市内循環バス中央コース
伝統工芸会館前,川越観光自動車（株）,小川パークヒル
市役所第二庁舎［久喜］,久喜市,"下早見循環, 東西連絡"
氷川町北,鴻巣市,馬室コース
馬室,東武バスウエスト（株）,川越03
馬室,川越観光自動車（株）,免許センター
鴻中陸橋西,鴻巣市,馬室コース
宮前大橋,久喜市,"下早見循環, 除堀・所久喜循環, 東西連絡"
沖ノ後,久喜市,"東循環, 東西連絡"
桜国屋入口,丸建つばさ交通（株）,北本東間深井循環
桜楓苑・ひらすかの郷前,幸手市,市内循環バス東Aコース
ぐるる宮代,宮代町,町内循環バス
沖ノ後（すずき整形外科クリニック）,宮代町,町内循環バス
白砂公園,西武観光バス（株）,D1、D2　秩父吉田線
鶴寿荘,久喜市,"下早見循環, 東西連絡"
特別支援学校下,東松山市,大谷コース
エコ・スポいずみ,杉戸町地域公共交通推進協議会,あいあい号　東コース
遠野,朝日自動車（株）,"【TD01】東武動物公園駅〜吉田橋〜境車庫, 【TD02】東武動物公園駅〜吉田橋"
大河公民館前,イーグルバス（株）,W01・W02　東秩父村路線
総合福祉エリア,東松山市,大谷コース
やまなみ前,イーグルバス（株）,W01・W02　東秩父村路線
槻川小学校入口,イーグルバス（株）,W01・W02　東秩父村路線
日尾,西武観光バス（株）,G14　倉尾線
ツバキ山久チェイン,大和観光自動車（株）,久喜菖蒲工業団地線
全農食品,大和観光自動車（株）,久喜菖蒲工業団地線
上万田,久喜市,東西連絡
杉戸高野台駅,朝日自動車（株）,"【ST01】幸手駅〜幸手団地〜杉戸高野台駅, 【ST02】杉戸高野台駅〜幸手団地"
尾ノ内渓谷入口,西武観光バス（株）,G13　志賀坂線
台,朝日自動車（株）,"【HS31】蓮田駅東口〜西新宿〜根金〜下大崎〜台〜菖蒲仲橋, 【SR01】白岡駅〜台〜菖蒲仲橋"
上丸谷,朝日自動車（株）,【HS01】蓮田駅西口〜井沼〜八幡神社前〜丸谷〜菖蒲車庫
すみれ保育園前,久喜市,除堀・所久喜循環
三井化学産資,大和観光自動車（株）,久喜菖蒲工業団地線
富士見保育所入口,鴻巣市,馬室コース
杉戸高野台駅西口,朝日自動車（株）,【SU11】杉戸高野台駅西口〜昌平高校
杉戸高野台駅西口,杉戸町地域公共交通推進協議会,あいあい号　西コース
深井7丁目,丸建つばさ交通（株）,北本東間深井循環
橋場,イーグルバス（株）,W01・W02　東秩父村路線
御堂,イーグルバス（株）,W01・W02　東秩父村路線
戸島,幸手市,市内循環バス東Aコース
下里,川越観光自動車（株）,小川パークヒル
馬上,西武観光バス（株）,G14　倉尾線
宮前緑ヶ丘団地,杉戸町地域公共交通推進協議会,あいあい号　東コース
東川交差点（セブンイレブン幸手惣新田店）,幸手市,市内循環バス東Aコース
白根,川越観光自動車（株）,小川パークヒル
スカイハイツ前,丸建つばさ交通（株）,北本東間深井循環
常光公民館入口,鴻巣市,常光コース
下寺尾,西武観光バス（株）,D1、D2　秩父吉田線
美原町北,東松山市,大谷コース
江川西,久喜市,除堀・所久喜循環
久喜の里,久喜市,除堀・所久喜循環
大河小学校入口,イーグルバス（株）,W01・W02　東秩父村路線
小金平,西武観光バス（株）,G13　志賀坂線
明石医院前,朝日自動車（株）,【SR01】白岡駅〜台〜菖蒲仲橋
市の川小学校南,東松山市,大谷コース
寳光院入口,久喜市,除堀・所久喜循環
戸島,朝日自動車（株）,"【TD01】東武動物公園駅〜吉田橋〜境車庫, 【TD02】東武動物公園駅〜吉田橋"
人形町,鴻巣市,常光コース
庚申前,大和観光自動車（株）,久喜菖蒲工業団地線
万年橋,西武観光バス（株）,D1、D2　秩父吉田線
中座,鴻巣市,馬室コース
中郷,久喜市,除堀・所久喜循環
常光小学校前,鴻巣市,常光コース
住宅前,イーグルバス（株）,と06・と06-2　ときがわ町路線バス
寺岡,イーグルバス（株）,W01・W02　東秩父村路線
西公民館前,杉戸町地域公共交通推進協議会,あいあい号　西コース
安戸,イーグルバス（株）,W01・W02　東秩父村路線
氷川町南,鴻巣市,馬室コース
北青柳新幹線下,久喜市,東西連絡
都沢入口,イーグルバス（株）,W01・W02　東秩父村路線
天神前,イーグルバス（株）,W01・W02　東秩父村路線
大諸,西武観光バス（株）,G13　志賀坂線
沖の山,宮代町,町内循環バス
下閭,鴻巣市,馬室コース
除堀神社公園入口,久喜市,除堀・所久喜循環
氷川神社北,東松山市,大谷コース
深井3丁目,丸建つばさ交通（株）,北本東間深井循環
下谷谷中,鴻巣市,常光コース
屏風フットサルパーク前,杉戸町地域公共交通推進協議会,あいあい号　東コース
龍勢会館,西武観光バス（株）,D1、D2　秩父吉田線
原,西武観光バス（株）,G13　志賀坂線
日向,西武観光バス（株）,G13　志賀坂線
深井8丁目,丸建つばさ交通（株）,北本東間深井循環
丸谷,朝日自動車（株）,"【HS01】蓮田駅西口〜井沼〜八幡神社前〜丸谷〜菖蒲車庫, 【HS02】蓮田駅西口〜井沼〜八幡神社前〜丸谷"
高野団地,杉戸町地域公共交通推進協議会,あいあい号　西コース
沙汰,久喜市,東西連絡
北根,イーグルバス（株）,W01・W02　東秩父村路線
台橋,朝日自動車（株）,【HS31】蓮田駅東口〜西新宿〜根金〜下大崎〜台〜菖蒲仲橋
皆代,久喜市,東西連絡
美原町中央,東松山市,大谷コース
原新田,久喜市,除堀・所久喜循環
太田袋,久喜市,東西連絡
下谷団地入口,鴻巣市,常光コース
神社前,朝日自動車（株）,【SR01】白岡駅〜台〜菖蒲仲橋
安戸橋,イーグルバス（株）,W01・W02　東秩父村路線
野合,久喜市,除堀・所久喜循環
下の寺,朝日自動車（株）,"【OK01】桶川駅東口〜細谷〜菖蒲車庫, 【OK02】桶川駅東口〜細谷〜菖蒲総合支所前〜菖蒲車庫, 【OK03】桶川駅東口〜みの木〜加納公民館〜菖蒲車庫"
和銅黒谷駅,秩父市,H1　原谷線
深井1丁目,丸建つばさ交通（株）,北本東間深井循環
馬室陸橋,鴻巣市,馬室コース
カルスタすぎと,杉戸町地域公共交通推進協議会,"あいあい号　西コース, あいあい号　南コース, あいあい号　東コース"
加美町,川越観光自動車（株）,マイタウン循環
加美町,国際十王交通（株）,熊谷駅〜上岡〜東松山駅
高野農村センター前,杉戸町地域公共交通推進協議会,あいあい号　西コース
江面郵便局前,久喜市,除堀・所久喜循環
局前,朝日自動車（株）,【SR01】白岡駅〜台〜菖蒲仲橋
深井田代,丸建つばさ交通（株）,北本東間深井循環
三夜前,西武観光バス（株）,T3　三沢線
御成河岸,川越観光自動車（株）,免許センター
御成河岸,東武バスウエスト（株）,川越03
神の木,朝日自動車（株）,"【HS01】蓮田駅西口〜井沼〜八幡神社前〜丸谷〜菖蒲車庫, 【HS02】蓮田駅西口〜井沼〜八幡神社前〜丸谷"
北本市体育センター入口,鴻巣市,常光コース
万福寺,西武観光バス（株）,"G14　倉尾線, D1、D2　秩父吉田線"
ペニーレーン前,杉戸町地域公共交通推進協議会,"あいあい号　南コース, あいあい号　東コース"
青山,イーグルバス（株）,と06・と06-2　ときがわ町路線バス
宮前集会所前,杉戸町地域公共交通推進協議会,あいあい号　東コース
招木,西武観光バス（株）,D1、D2　秩父吉田線
石間戸,西武観光バス（株）,D1、D2　秩父吉田線
給食センター前,鴻巣市,馬室コース
沼,朝日自動車（株）,"【TD01】東武動物公園駅〜吉田橋〜境車庫, 【TD02】東武動物公園駅〜吉田橋"
北本高校西,鴻巣市,常光コース
常光中通,鴻巣市,常光コース
丸子,丸建つばさ交通（株）,北本東間深井循環
佐左ヱ門,杉戸町地域公共交通推進協議会,あいあい号　東コース
宮戸,西武観光バス（株）,"G14　倉尾線, D1、D2　秩父吉田線"
常光氷川神社入口,鴻巣市,常光コース
森林公園駅,川越観光自動車（株）,森林公園
森林公園駅,国際十王交通（株）,"熊谷駅南口〜森林公園西口〜森林公園駅, 立正大学〜森林公園西口〜森林公園駅"
宮前,朝日自動車（株）,【TD11】東武動物公園駅〜関タ
田中橋,西武観光バス（株）,D1、D2　秩父吉田線
農協本店前,東松山市,大谷コース
宮内四丁目,鴻巣市,常光コース
大栄団地,鴻巣市,馬室コース
除堀,久喜市,除堀・所久喜循環
除堀,朝日自動車（株）,【SR01】白岡駅〜台〜菖蒲仲橋
体育センター,川越観光自動車（株）,桶川工業団地
小安戸,イーグルバス（株）,W01・W02　東秩父村路線
宮内4丁目西,丸建つばさ交通（株）,北本東間深井循環
西仮グランド,杉戸町地域公共交通推進協議会,あいあい号　西コース
パトリアおがわ,イーグルバス（株）,W01・W02　東秩父村路線
稲荷前,朝日自動車（株）,"【HS01】蓮田駅西口〜井沼〜八幡神社前〜丸谷〜菖蒲車庫, 【HS02】蓮田駅西口〜井沼〜八幡神社前〜丸谷"
宮井橋,朝日自動車（株）,【TD11】東武動物公園駅〜関タ
鷲巣・矢畑集会所入口,杉戸町地域公共交通推進協議会,あいあい号　東コース
鷲の巣,朝日自動車（株）,【TD11】東武動物公園駅〜関タ
東間6丁目,丸建つばさ交通（株）,北本東間深井循環
馬室小前,鴻巣市,馬室コース
上沼,川越観光自動車（株）,マイタウン循環
上沼,国際十王交通（株）,熊谷駅〜上岡〜東松山駅
玉子橋,幸手市,市内循環バス東Aコース
武蔵嵐山駅［西口］,イーグルバス（株）,"と01　ときがわ町路線, と02　ときがわ町路線"
下高野・永福寺前,杉戸町地域公共交通推進協議会,あいあい号　西コース
木落し,イーグルバス（株）,W01・W02　東秩父村路線
和戸2丁目,宮代町,町内循環バス
農協直売センター食堂前,朝日自動車（株）,"【OK01】桶川駅東口〜細谷〜菖蒲車庫, 【OK02】桶川駅東口〜細谷〜菖蒲総合支所前〜菖蒲車庫, 【OK03】桶川駅東口〜みの木〜加納公民館〜菖蒲車庫"
愛宕公園下,イーグルバス（株）,と06・と06-2　ときがわ町路線バス
内谷,久喜市,除堀・所久喜循環
七社大権現前,久喜市,除堀・所久喜循環
上吉田駐在所,西武観光バス（株）,"G14　倉尾線, D1、D2　秩父吉田線"
原,久喜市,除堀・所久喜循環
産業団地北,朝日自動車（株）,【TD11】東武動物公園駅〜関タ
一ツ谷,幸手市,市内循環バス東Aコース
大栄一号公園,鴻巣市,馬室コース
平沢西,イーグルバス（株）,と02　ときがわ町路線
権現神社前,朝日自動車（株）,【SR01】白岡駅〜台〜菖蒲仲橋
吉田仲町,西武観光バス（株）,D1、D2　秩父吉田線
河原井,朝日自動車（株）,【HS31】蓮田駅東口〜西新宿〜根金〜下大崎〜台〜菖蒲仲橋
北本高校前,川越観光自動車（株）,桶川工業団地
西福寺入口,鴻巣市,常光コース
宮代台1丁目,宮代町,町内循環バス
和田,西武観光バス（株）,D1、D2　秩父吉田線
本町一丁目,川越観光自動車（株）,マイタウン循環
本町一丁目,国際十王交通（株）,熊谷駅〜上岡〜東松山駅
宮内交差点,鴻巣市,常光コース
宮内交差点,丸建つばさ交通（株）,北本東間深井循環
クリーンセンターあさひ,川越観光自動車（株）,桶川工業団地
吉田上町,西武観光バス（株）,D1、D2　秩父吉田線
宮代台中央公園,宮代町,町内循環バス
堀口,朝日自動車（株）,【TD11】東武動物公園駅〜関タ
吉田下橋,西武観光バス（株）,D1、D2　秩父吉田線
吉田総合支所,西武観光バス（株）,D1、D2　秩父吉田線
フレッシュタウン,杉戸町地域公共交通推進協議会,あいあい号　西コース
和戸公民館入口,宮代町,町内循環バス
高原牧場入口,西武観光バス（株）,T3　三沢線
鷲巣・上原寺前,杉戸町地域公共交通推進協議会,あいあい号　東コース
吉田郵便局,西武観光バス（株）,D1、D2　秩父吉田線
常光果樹集荷場,鴻巣市,常光コース
切通し,イーグルバス（株）,W01・W02　東秩父村路線
サンマンション入口,丸建つばさ交通（株）,北本東間深井循環
黒谷六地蔵,秩父市,H1　原谷線
井上上,西武観光バス（株）,D1、D2　秩父吉田線
市役所［東松山市］,東松山市,大谷コース
菅谷,イーグルバス（株）,と01　ときがわ町路線
小松原神社入口,鴻巣市,馬室コース
樋ノ口,久喜市,除堀・所久喜循環
深輪産業団地,朝日自動車（株）,【TD11】東武動物公園駅〜関タ
東間5丁目,丸建つばさ交通（株）,北本東間深井循環
原,朝日自動車（株）,【SR01】白岡駅〜台〜菖蒲仲橋
木野川,朝日自動車（株）,【TD11】東武動物公園駅〜関タ
金山,秩父市,H1　原谷線
納宮,西武観光バス（株）,G13　志賀坂線
小松二丁目,鴻巣市,馬室コース
木野川団地,杉戸町地域公共交通推進協議会,あいあい号　東コース
上三沢,西武観光バス（株）,T3　三沢線
長八橋,朝日自動車（株）,"【TD01】東武動物公園駅〜吉田橋〜境車庫, 【TD02】東武動物公園駅〜吉田橋"
常光下通,鴻巣市,常光コース
観音堂,鴻巣市,馬室コース
樋ノ口表,久喜市,除堀・所久喜循環
国納集会所,宮代町,町内循環バス
和戸駅,宮代町,町内循環バス
皆谷,イーグルバス（株）,W01・W02　東秩父村路線
古市場一丁目,川越観光自動車（株）,桶川工業団地
松原団地入口,鴻巣市,馬室コース
古名,川越観光自動車（株）,免許センター
古名,東武バスウエスト（株）,川越03
ワコーレ北本,川越観光自動車（株）,桶川工業団地
すみれ苑団地,鴻巣市,馬室コース
深輪産業団地地区センター,杉戸町地域公共交通推進協議会,あいあい号　東コース
松原二丁目,鴻巣市,馬室コース
背戸原橋,西武観光バス（株）,G13　志賀坂線
菅谷学校,イーグルバス（株）,と01　ときがわ町路線
飯塚,西武観光バス（株）,D1、D2　秩父吉田線
雅楽の湯入口,杉戸町地域公共交通推進協議会,"あいあい号　南コース, あいあい号　東コース"
下大崎,朝日自動車（株）,"【HS31】蓮田駅東口〜西新宿〜根金〜下大崎〜台〜菖蒲仲橋, 【HS32】蓮田駅東口〜西新宿〜根金〜下大崎"
柴山,朝日自動車（株）,"【HS01】蓮田駅西口〜井沼〜八幡神社前〜丸谷〜菖蒲車庫, 【HS02】蓮田駅西口〜井沼〜八幡神社前〜丸谷"
樋の口,朝日自動車（株）,【SR01】白岡駅〜台〜菖蒲仲橋
巣掛,西武観光バス（株）,G14　倉尾線
本町二丁目,川越観光自動車（株）,マイタウン循環
本町二丁目,国際十王交通（株）,熊谷駅〜上岡〜東松山駅
宮内1丁目,丸建つばさ交通（株）,北本東間深井循環
木野川向台子供広場,杉戸町地域公共交通推進協議会,あいあい号　東コース
まるひろ通り,東松山市,大谷コース
千手堂北,イーグルバス（株）,と02　ときがわ町路線
産業団地南,朝日自動車（株）,【TD11】東武動物公園駅〜関タ
法師落人橋,西武観光バス（株）,G13　志賀坂線
木野川会館前,杉戸町地域公共交通推進協議会,あいあい号　東コース
宮内一丁目,鴻巣市,常光コース
小松団地,鴻巣市,馬室コース
あたご公民館東,鴻巣市,馬室コース
朝日四丁目,川越観光自動車（株）,桶川工業団地
丸貫,川越観光自動車（株）,免許センター
地蔵堂,鴻巣市,馬室コース
石上,西武観光バス（株）,G13　志賀坂線
文化通り,東松山市,大谷コース
東間4丁目,丸建つばさ交通（株）,北本東間深井循環
国納保育園,宮代町,町内循環バス
六反町,川越観光自動車（株）,"免許センター, パークタウン五領"
小川橋,朝日自動車（株）,"【HS01】蓮田駅西口〜井沼〜八幡神社前〜丸谷〜菖蒲車庫, 【HS02】蓮田駅西口〜井沼〜八幡神社前〜丸谷"
谷口,川越観光自動車（株）,免許センター
矢ノ口,イーグルバス（株）,と06・と06-2　ときがわ町路線バス
中丸小学校東,川越観光自動車（株）,桶川工業団地
松本町一丁目,川越観光自動車（株）,"免許センター, パークタウン五領"
百穴入口,川越観光自動車（株）,免許センター
西親野井,朝日自動車（株）,【TD11】東武動物公園駅〜関タ
宮内二丁目,鴻巣市,常光コース
宮内2丁目,丸建つばさ交通（株）,北本東間深井循環
下松本町,川越観光自動車（株）,免許センター
女性会館前,イーグルバス（株）,と01　ときがわ町路線
いちごの里よしみ,川越観光自動車（株）,免許センター
大栄団地,杉戸町地域公共交通推進協議会,あいあい号　西コース
妙楽寺入口,鴻巣市,馬室コース
東武観光前,朝日自動車（株）,"【TD01】東武動物公園駅〜吉田橋〜境車庫, 【TD02】東武動物公園駅〜吉田橋"
白山神社前,川越観光自動車（株）,桶川工業団地
あたご公民館前,鴻巣市,馬室コース
栢間小学校入口,朝日自動車（株）,"【OK01】桶川駅東口〜細谷〜菖蒲車庫, 【OK02】桶川駅東口〜細谷〜菖蒲総合支所前〜菖蒲車庫, 【OK03】桶川駅東口〜みの木〜加納公民館〜菖蒲車庫"
大平橋,朝日自動車（株）,"【HS01】蓮田駅西口〜井沼〜八幡神社前〜丸谷〜菖蒲車庫, 【HS02】蓮田駅西口〜井沼〜八幡神社前〜丸谷"
庚申塚前,朝日自動車（株）,"【HS31】蓮田駅東口〜西新宿〜根金〜下大崎〜台〜菖蒲仲橋, 【HS32】蓮田駅東口〜西新宿〜根金〜下大崎"
朝日四丁目南,川越観光自動車（株）,桶川工業団地
東松山駅入口,国際十王交通（株）,熊谷駅〜上岡〜東松山駅
三ヶ原,西武観光バス（株）,G13　志賀坂線
須賀上,宮代町,町内循環バス
太子堂,鴻巣市,馬室コース
みどりの村吉田口,西武観光バス（株）,G14　倉尾線
古市場三丁目,川越観光自動車（株）,桶川工業団地
松原小入口,鴻巣市,馬室コース
駅入口,川越観光自動車（株）,"マイタウン循環, 免許センター, パークタウン五領"
駅入口,東武バスウエスト（株）,川越01・川越02
御文殊前,朝日自動車（株）,【TD11】東武動物公園駅〜関タ
東分署前,川越観光自動車（株）,桶川工業団地
久保田,川越観光自動車（株）,免許センター
浅間神社前,丸建つばさ交通（株）,北本東間深井循環
千手堂,イーグルバス（株）,と02　ときがわ町路線
下小川,秩父市,H1　原谷線
泉駐在所前,杉戸町地域公共交通推進協議会,あいあい号　東コース
瑞岩寺入口,秩父市,H1　原谷線
朝日三丁目,川越観光自動車（株）,桶川工業団地
内田3丁目,杉戸町地域公共交通推進協議会,あいあい号　西コース
塚崎入口,朝日自動車（株）,【TD11】東武動物公園駅〜関タ
久米田,川越観光自動車（株）,免許センター
商工会館前,川越観光自動車（株）,桶川工業団地
商工会館前,丸建つばさ交通（株）,"北本駅東口循環（グリコ工場先回り）, 北本駅東口循環（二ツ家先回り）"
北本三丁目,鴻巣市,常光コース
新田,イーグルバス（株）,W01・W02　東秩父村路線
押出し,朝日自動車（株）,【SR01】白岡駅〜台〜菖蒲仲橋
白雲荘,鴻巣市,馬室コース
武蔵丘短期大学前,川越観光自動車（株）,免許センター
倉松公園前,杉戸町地域公共交通推進協議会,"あいあい号　南コース, あいあい号　東コース"
川辺,桶川市,東10
下栢間,朝日自動車（株）,"【OK01】桶川駅東口〜細谷〜菖蒲車庫, 【OK02】桶川駅東口〜細谷〜菖蒲総合支所前〜菖蒲車庫, 【OK03】桶川駅東口〜みの木〜加納公民館〜菖蒲車庫, 【急行】桶川駅東口〜細谷〜モラージュ菖蒲滝のコート南入口"
北本3丁目,丸建つばさ交通（株）,北本東間深井循環
船戸橋,朝日自動車（株）,【TD11】東武動物公園駅〜関タ
船渡橋,杉戸町地域公共交通推進協議会,あいあい号　東コース
中椿,朝日自動車（株）,【TD11】東武動物公園駅〜関タ
田宮,朝日自動車（株）,【TD11】東武動物公園駅〜関タ
黒竹,西武観光バス（株）,G13　志賀坂線
萬歳工業,川越観光自動車（株）,桶川工業団地
北本教職員住宅前,丸建つばさ交通（株）,"北本駅東口循環（グリコ工場先回り）, 北本駅東口循環（二ツ家先回り）"
上流川,川越観光自動車（株）,免許センター
天神沼,川越観光自動車（株）,免許センター
東松山駅,川越観光自動車（株）,"マイタウン循環, 免許センター, パークタウン五領"
東松山駅,国際十王交通（株）,熊谷駅〜上岡〜東松山駅
東松山駅,東武バスウエスト（株）,川越01・川越02
東松山駅東口,東松山市,"大谷コース, 唐子コース"
大沼,川越観光自動車（株）,免許センター
曽根坂峠,西武観光バス（株）,T3　三沢線
流川,川越観光自動車（株）,免許センター
真蔵院,宮代町,町内循環バス
県営杉戸とねり住宅,杉戸町地域公共交通推進協議会,あいあい号　西コース
六軒町,川越観光自動車（株）,パークタウン五領
根金橋,朝日自動車（株）,"【HS31】蓮田駅東口〜西新宿〜根金〜下大崎〜台〜菖蒲仲橋, 【HS32】蓮田駅東口〜西新宿〜根金〜下大崎"
大和田,東武バスウエスト（株）,川越03
カインズホーム杉戸店入口,杉戸町地域公共交通推進協議会,"あいあい号　南コース, あいあい号　東コース"
箭弓神社前,東松山市,唐子コース
半平,西武観光バス（株）,G13　志賀坂線
亀の甲,川越観光自動車（株）,免許センター
中山商店前,杉戸町地域公共交通推進協議会,あいあい号　東コース
庚申前,朝日自動車（株）,"【HS01】蓮田駅西口〜井沼〜八幡神社前〜丸谷〜菖蒲車庫, 【HS02】蓮田駅西口〜井沼〜八幡神社前〜丸谷"
中学校前,朝日自動車（株）,【TD11】東武動物公園駅〜関タ
篠津,桶川市,東10
東部ミニ工業団地,川越観光自動車（株）,桶川工業団地
西高尾二丁目,鴻巣市,馬室コース
県営杉戸倉松住宅,杉戸町地域公共交通推進協議会,あいあい号　西コース
間明平,西武観光バス（株）,G13　志賀坂線
田宮農協,朝日自動車（株）,【TD11】東武動物公園駅〜関タ
赤堀二丁目,川越観光自動車（株）,桶川工業団地
並塚,朝日自動車（株）,【TD11】東武動物公園駅〜関タ
小原,鴻巣市,馬室コース
才羽・上之島集会所前,杉戸町地域公共交通推進協議会,あいあい号　南コース
本宿四丁目,川越観光自動車（株）,桶川工業団地
本宿4丁目,丸建つばさ交通（株）,"北本駅東口循環（グリコ工場先回り）, 北本駅東口循環（二ツ家先回り）"
萩平,西武観光バス（株）,D1、D2　秩父吉田線
木崎北,春日部市,庄和北ルート
原谷公民館,秩父市,H1　原谷線
中学校前,朝日自動車（株）,"【TD01】東武動物公園駅〜吉田橋〜境車庫, 【TD02】東武動物公園駅〜吉田橋"
松原四丁目,鴻巣市,馬室コース
大凧公園前,朝日自動車（株）,【TD11】東武動物公園駅〜関タ
松山女子高校,東松山市,唐子コース
大凧公園,春日部市,庄和北ルート
五丁台,桶川市,東10
五丁台,朝日自動車（株）,"【OK01】桶川駅東口〜細谷〜菖蒲車庫, 【OK02】桶川駅東口〜細谷〜菖蒲総合支所前〜菖蒲車庫, 【OK03】桶川駅東口〜みの木〜加納公民館〜菖蒲車庫, 【急行】桶川駅東口〜細谷〜モラージュ菖蒲滝のコート南入口"
高台橋,朝日自動車（株）,【SR01】白岡駅〜台〜菖蒲仲橋
山方,朝日自動車（株）,"【HS01】蓮田駅西口〜井沼〜八幡神社前〜丸谷〜菖蒲車庫, 【HS02】蓮田駅西口〜井沼〜八幡神社前〜丸谷"
市民文化センター,川越観光自動車（株）,パークタウン五領
桶川工業団地,川越観光自動車（株）,桶川工業団地
パークタウン入口,川越観光自動車（株）,パークタウン五領
須賀下,宮代町,町内循環バス
五領公園前,川越観光自動車（株）,パークタウン五領
北本駅東口,川越観光自動車（株）,桶川工業団地
北本駅東口,鴻巣市,常光コース
北本駅東口,丸建つばさ交通（株）,"北本駅東口循環（グリコ工場先回り）, 北本駅東口循環（二ツ家先回り）, 北本東間深井循環, 北本駅東口-北本駅西口線"
北本二丁目,川越観光自動車（株）,桶川工業団地
休養地入口,イーグルバス（株）,と02　ときがわ町路線
北本駅西口,川越観光自動車（株）,"メディカル病院線, 北本団地線, 衛生研究所線"
北本駅西口,鴻巣市,馬室コース
ストッカー前,丸建つばさ交通（株）,"北本駅東口循環（グリコ工場先回り）, 北本駅東口循環（二ツ家先回り）"
藤搦,朝日自動車（株）,【TD11】東武動物公園駅〜関タ
松山神明町,東武バスウエスト（株）,川越01・川越02
中央三丁目,鴻巣市,馬室コース
鴻巣南中入口,鴻巣市,馬室コース
五丁台上,桶川市,東10
東部工業団地,桶川市,東10
上根金,朝日自動車（株）,"【HS31】蓮田駅東口〜西新宿〜根金〜下大崎〜台〜菖蒲仲橋, 【HS32】蓮田駅東口〜西新宿〜根金〜下大崎"
北本駅西口,丸建つばさ交通（株）,北本駅東口-北本駅西口線
西高尾五丁目,鴻巣市,馬室コース
八重蔵,イーグルバス（株）,W01・W02　東秩父村路線
中蒔田,西武観光バス（株）,G1、G2　小鹿野線
北本一丁目,川越観光自動車（株）,桶川工業団地
北本1丁目,丸建つばさ交通（株）,"北本駅東口循環（グリコ工場先回り）, 北本駅東口循環（二ツ家先回り）, 北本駅東口-北本駅西口線"
大凧公園入口,朝日自動車（株）,"【KB52】春日部駅東口〜イ春〜関タ, 【KB53】春日部駅東口〜関タ, 【KB54】春日部駅東口〜イ春〜庄和総合支所〜関タ, 【KB55】春日部駅東口〜イ春〜関タ〜関は, 【KB56】春日部駅東口〜関タ〜関は"
カスミ杉戸店入口,杉戸町地域公共交通推進協議会,"あいあい号　西コース, あいあい号　南コース, あいあい号　東コース"
西高尾郵便局前,鴻巣市,馬室コース
滝原団地前,西武観光バス（株）,"G1、G2　小鹿野線, G13　志賀坂線"
北本健康増進センター,丸建つばさ交通（株）,"北本駅東口循環（グリコ工場先回り）, 北本駅東口循環（二ツ家先回り）"
倉松,朝日自動車（株）,【TD11】東武動物公園駅〜関タ
杉戸第二小学校入口,杉戸町地域公共交通推進協議会,あいあい号　東コース
高虫,朝日自動車（株）,"【HS01】蓮田駅西口〜井沼〜八幡神社前〜丸谷〜菖蒲車庫, 【HS02】蓮田駅西口〜井沼〜八幡神社前〜丸谷"
太平ショッピングモール入口,杉戸町地域公共交通推進協議会,"あいあい号　南コース, あいあい号　東コース"
第二小学校,朝日自動車（株）,【TD11】東武動物公園駅〜関タ
宮内,朝日自動車（株）,【TD11】東武動物公園駅〜関タ
身代神社,宮代町,町内循環バス
工業団地入口,朝日自動車（株）,"【OK01】桶川駅東口〜細谷〜菖蒲車庫, 【OK02】桶川駅東口〜細谷〜菖蒲総合支所前〜菖蒲車庫, 【OK03】桶川駅東口〜みの木〜加納公民館〜菖蒲車庫, 【急行】桶川駅東口〜細谷〜モラージュ菖蒲滝のコート南入口"
三田川農協,西武観光バス（株）,"G1、G2　小鹿野線, G13　志賀坂線"
文化体育センター入口,秩父市,H1　原谷線
市役所入口,川越観光自動車（株）,"メディカル病院線, 衛生研究所線"
豊後,朝日自動車（株）,【TD11】東武動物公園駅〜関タ
すぎと幼稚園・すぎと保育園前,杉戸町地域公共交通推進協議会,"あいあい号　南コース, あいあい号　東コース"
西倉松,朝日自動車（株）,【TD11】東武動物公園駅〜関タ
セキ薬品杉戸店,杉戸町地域公共交通推進協議会,"あいあい号　西コース, あいあい号　東コース"
大塚,東松山市,唐子コース
栗尾,西武観光バス（株）,"G1、G2　小鹿野線, G13　志賀坂線"
大御堂橋入口,桶川市,東10
高尾二丁目,鴻巣市,馬室コース
局前,春日部市,庄和北ルート
局前,朝日自動車（株）,"【KB52】春日部駅東口〜イ春〜関タ, 【KB53】春日部駅東口〜関タ, 【KB54】春日部駅東口〜イ春〜庄和総合支所〜関タ, 【KB55】春日部駅東口〜イ春〜関タ〜関は, 【KB56】春日部駅東口〜関タ〜関は"
日本工業大学入口,宮代町,町内循環バス
パークタウン五領,川越観光自動車（株）,パークタウン五領
芦橋集会所,春日部市,庄和北ルート
黒海土入口,西武観光バス（株）,"G1、G2　小鹿野線, G13　志賀坂線, G14　倉尾線"
久月,西武観光バス（株）,G13　志賀坂線
NTT杉戸別館前,杉戸町地域公共交通推進協議会,あいあい号　西コース
不動沼,東松山市,唐子コース
堰の上,西武観光バス（株）,G1、G2　小鹿野線
市役所東,川越観光自動車（株）,北本団地線
市役所東,丸建つばさ交通（株）,北本駅東口-北本駅西口線
下根金,朝日自動車（株）,【HS05】蓮田駅東口〜西新宿〜根金〜根金神社入口〜井沼〜蓮田駅西口
本村,桶川市,東10
篠津神社前,朝日自動車（株）,【SR01】白岡駅〜台〜菖蒲仲橋
西宝珠花,春日部市,庄和北ルート
小北入口,イーグルバス（株）,と06・と06-2　ときがわ町路線バス
駅入口,朝日自動車（株）,"【TD11】東武動物公園駅〜関タ, 【TD01】東武動物公園駅〜吉田橋〜境車庫, 【TD02】東武動物公園駅〜吉田橋"
根金,朝日自動車（株）,"【HS31】蓮田駅東口〜西新宿〜根金〜下大崎〜台〜菖蒲仲橋, 【HS32】蓮田駅東口〜西新宿〜根金〜下大崎, 【HS33】蓮田駅東口〜西新宿〜根金, 【HS05】蓮田駅東口〜西新宿〜根金〜根金神社入口〜井沼〜蓮田駅西口"
上吉妻,春日部市,庄和北ルート
東松山保健所,東武バスウエスト（株）,川越01・川越02
大蔵,イーグルバス（株）,と01　ときがわ町路線
中丸公民館前,丸建つばさ交通（株）,"北本駅東口循環（グリコ工場先回り）, 北本駅東口循環（二ツ家先回り）"
しらおか虹保育園前,丸建つばさ交通（株）,"東伸団地-白岡中央総合病院線, 東伸団地-白岡中央総合病院線　白岡駅東口行"
不動橋,イーグルバス（株）,W01・W02　東秩父村路線
日影平橋,西武観光バス（株）,G13　志賀坂線
本田5丁目（クスリのアオキ）,宮代町,町内循環バス
丸木美術館東,東松山市,唐子コース
唐子市民活動センター,東松山市,唐子コース
清地5丁目,杉戸町地域公共交通推進協議会,あいあい号　西コース
宝珠花入口,朝日自動車（株）,"【KB52】春日部駅東口〜イ春〜関タ, 【KB53】春日部駅東口〜関タ, 【KB54】春日部駅東口〜イ春〜庄和総合支所〜関タ, 【KB55】春日部駅東口〜イ春〜関タ〜関は, 【KB56】春日部駅東口〜関タ〜関は"
観喜寺,朝日自動車（株）,"【HS01】蓮田駅西口〜井沼〜八幡神社前〜丸谷〜菖蒲車庫, 【HS02】蓮田駅西口〜井沼〜八幡神社前〜丸谷"
西高尾四丁目,川越観光自動車（株）,"メディカル病院線, 衛生研究所線"
杉戸3丁目,杉戸町地域公共交通推進協議会,"あいあい号　西コース, あいあい号　南コース, あいあい号　東コース"
北本市役所・文化センター,丸建つばさ交通（株）,北本駅東口-北本駅西口線
清地一丁目,朝日自動車（株）,【TD11】東武動物公園駅〜関タ
根金神社入口,朝日自動車（株）,【HS05】蓮田駅東口〜西新宿〜根金〜根金神社入口〜井沼〜蓮田駅西口
加納天満宮入口,桶川市,東10
大蔵神社前,イーグルバス（株）,と01　ときがわ町路線
宮の脇,朝日自動車（株）,"【OK01】桶川駅東口〜細谷〜菖蒲車庫, 【OK02】桶川駅東口〜細谷〜菖蒲総合支所前〜菖蒲車庫, 【OK03】桶川駅東口〜みの木〜加納公民館〜菖蒲車庫, 【急行】桶川駅東口〜細谷〜モラージュ菖蒲滝のコート南入口"
木崎南,春日部市,庄和北ルート
札所一番,西武観光バス（株）,T3　三沢線
小北,イーグルバス（株）,と06・と06-2　ときがわ町路線バス
農協倉庫,春日部市,庄和北ルート
本宿1丁目,丸建つばさ交通（株）,"北本駅東口循環（グリコ工場先回り）, 北本駅東口循環（二ツ家先回り）, 北本駅東口-北本駅西口線"
新井,西武観光バス（株）,"G1、G2　小鹿野線, G13　志賀坂線"
飯田八幡,西武観光バス（株）,G13　志賀坂線
五領,東武バスウエスト（株）,川越01・川越02
古川橋,杉戸町地域公共交通推進協議会,"あいあい号　西コース, あいあい号　南コース, あいあい号　東コース"
舎人新田,桶川市,東10
良宝園前,杉戸町地域公共交通推進協議会,"あいあい号　南コース, あいあい号　東コース"
八幡神社前,朝日自動車（株）,"【HS01】蓮田駅西口〜井沼〜八幡神社前〜丸谷〜菖蒲車庫, 【HS02】蓮田駅西口〜井沼〜八幡神社前〜丸谷, 【HS03】蓮田駅西口〜井沼〜八幡神社前"
若宮前,東松山市,唐子コース
清地二丁目,朝日自動車（株）,【TD11】東武動物公園駅〜関タ
才羽・内谷集会所前,杉戸町地域公共交通推進協議会,あいあい号　南コース
学校入口,朝日自動車（株）,【SR01】白岡駅〜台〜菖蒲仲橋
田ノ頭,西武観光バス（株）,G13　志賀坂線
巣掛峠入口,西武観光バス（株）,G14　倉尾線
百間2丁目,宮代町,町内循環バス
アグリパークゆめすぎと,杉戸町地域公共交通推進協議会,"あいあい号　南コース, あいあい号　東コース"
北本市総合福祉センター,川越観光自動車（株）,衛生研究所線
一本松,東松山市,唐子コース
本田1丁目,宮代町,町内循環バス
下宿,秩父市,H1　原谷線
石橋集会所入口,東松山市,唐子コース
平野,朝日自動車（株）,"【HS01】蓮田駅西口〜井沼〜八幡神社前〜丸谷〜菖蒲車庫, 【HS02】蓮田駅西口〜井沼〜八幡神社前〜丸谷, 【HS03】蓮田駅西口〜井沼〜八幡神社前"
清水工業団地入口,朝日自動車（株）,【HS05】蓮田駅東口〜西新宿〜根金〜根金神社入口〜井沼〜蓮田駅西口
役場,杉戸町地域公共交通推進協議会,"あいあい号　西コース, あいあい号　南コース, あいあい号　東コース"
西上平野,朝日自動車（株）,"【HS01】蓮田駅西口〜井沼〜八幡神社前〜丸谷〜菖蒲車庫, 【HS02】蓮田駅西口〜井沼〜八幡神社前〜丸谷, 【HS03】蓮田駅西口〜井沼〜八幡神社前"
平野小学校前,朝日自動車（株）,"【HS01】蓮田駅西口〜井沼〜八幡神社前〜丸谷〜菖蒲車庫, 【HS02】蓮田駅西口〜井沼〜八幡神社前〜丸谷, 【HS03】蓮田駅西口〜井沼〜八幡神社前"
北本郵便局前,川越観光自動車（株）,北本団地線
北本郵便局前,丸建つばさ交通（株）,北本駅東口-北本駅西口線
本町七丁目,川越観光自動車（株）,メディカル病院線
鎌形,イーグルバス（株）,と02　ときがわ町路線
東武動物公園駅,朝日自動車（株）,"【TD11】東武動物公園駅〜関タ, 【TD01】東武動物公園駅〜吉田橋〜境車庫, 【TD02】東武動物公園駅〜吉田橋"
緑が丘幼稚園入口,西武観光バス（株）,D1、D2　秩父吉田線
北向地蔵,朝日自動車（株）,"【HS31】蓮田駅東口〜西新宿〜根金〜下大崎〜台〜菖蒲仲橋, 【HS32】蓮田駅東口〜西新宿〜根金〜下大崎, 【HS33】蓮田駅東口〜西新宿〜根金, 【HS05】蓮田駅東口〜西新宿〜根金〜根金神社入口〜井沼〜蓮田駅西口"
石戸三丁目,川越観光自動車（株）,衛生研究所線
上平野,朝日自動車（株）,"【HS01】蓮田駅西口〜井沼〜八幡神社前〜丸谷〜菖蒲車庫, 【HS02】蓮田駅西口〜井沼〜八幡神社前〜丸谷, 【HS03】蓮田駅西口〜井沼〜八幡神社前"
舎人スポーツパーク前,桶川市,東10
グリコ工場前,丸建つばさ交通（株）,"北本駅東口循環（グリコ工場先回り）, 北本駅東口循環（二ツ家先回り）"
石橋,東松山市,唐子コース
長慶寺前,イーグルバス（株）,W01・W02　東秩父村路線
平野中学校前,朝日自動車（株）,"【HS01】蓮田駅西口〜井沼〜八幡神社前〜丸谷〜菖蒲車庫, 【HS02】蓮田駅西口〜井沼〜八幡神社前〜丸谷, 【HS03】蓮田駅西口〜井沼〜八幡神社前"
上郷,西武観光バス（株）,T1、T2　定峰線
東武動物公園駅西口,宮代町,町内循環バス
矢部医院入口,丸建つばさ交通（株）,"東伸団地-白岡中央総合病院線, 東伸団地-白岡中央総合病院線　白岡駅東口行"
東武動物公園駅,茨城急行自動車（株）,東武動物公園〜東武動物公園駅
栃谷,西武観光バス（株）,"T1、T2　定峰線, T3　三沢線"
飯田橋,西武観光バス（株）,G13　志賀坂線
上荒子,東武バスウエスト（株）,川越03
徳蔵院前,西武観光バス（株）,G13　志賀坂線
小鹿野車庫,西武観光バス（株）,"G1、G2　小鹿野線, G13　志賀坂線"
坂口,東松山市,唐子コース
南中学校,東松山市,唐子コース
宮山団地入口,丸建つばさ交通（株）,"東伸団地-白岡中央総合病院線, 東伸団地-白岡中央総合病院線　白岡駅東口行"
妙円寺入口,西武観光バス（株）,T1、T2　定峰線
運動公園入口,イーグルバス（株）,と01　ときがわ町路線
八坂神社前,西武観光バス（株）,G1、G2　小鹿野線
ドラッグストアセキ前,丸建つばさ交通（株）,蓮田駅西口-白岡中央総合病院線
くらかけ清流の郷東,東松山市,唐子コース
加納,朝日自動車（株）,"【OK01】桶川駅東口〜細谷〜菖蒲車庫, 【OK02】桶川駅東口〜細谷〜菖蒲総合支所前〜菖蒲車庫, 【OK03】桶川駅東口〜みの木〜加納公民館〜菖蒲車庫, 【急行】桶川駅東口〜細谷〜モラージュ菖蒲滝のコート南入口"
百間4丁目,宮代町,町内循環バス
真福寺入口,川越観光自動車（株）,メディカル病院線
秩父中央病院,西武観光バス（株）,D1、D2　秩父吉田線
木戸原,西武観光バス（株）,"T1、T2　定峰線, T3　三沢線"
天神,桶川市,東10
雀川ダム入口,イーグルバス（株）,と06・と06-2　ときがわ町路線バス
倉常,春日部市,庄和北ルート
白岡西7丁目,丸建つばさ交通（株）,蓮田駅西口-白岡中央総合病院線
大野原,秩父市,H1　原谷線
清地3丁目,杉戸町地域公共交通推進協議会,"あいあい号　西コース, あいあい号　南コース, あいあい号　東コース"
すぎとピア,杉戸町地域公共交通推進協議会,"あいあい号　西コース, あいあい号　南コース, あいあい号　東コース"
経塚,イーグルバス（株）,W01・W02　東秩父村路線
柏崎,東武バスウエスト（株）,川越01・川越02
定峰橋,西武観光バス（株）,T1、T2　定峰線
井沼団地入口,朝日自動車（株）,【HS05】蓮田駅東口〜西新宿〜根金〜根金神社入口〜井沼〜蓮田駅西口
医院前,春日部市,庄和北ルート
上神戸,東松山市,唐子コース
山田医院入口,丸建つばさ交通（株）,北本駅東口-北本駅西口線
井沼西,朝日自動車（株）,"【HS01】蓮田駅西口〜井沼〜八幡神社前〜丸谷〜菖蒲車庫, 【HS02】蓮田駅西口〜井沼〜八幡神社前〜丸谷, 【HS03】蓮田駅西口〜井沼〜八幡神社前"
中丸1丁目,丸建つばさ交通（株）,"北本駅東口循環（グリコ工場先回り）, 北本駅東口循環（二ツ家先回り）, 北本駅東口-北本駅西口線"
宮山商店街前,丸建つばさ交通（株）,"東伸団地-白岡中央総合病院線, 東伸団地-白岡中央総合病院線　白岡駅東口行"
興善寺,朝日自動車（株）,【SR01】白岡駅〜台〜菖蒲仲橋
小鹿野,西武観光バス（株）,"G1、G2　小鹿野線, G13　志賀坂線, G14　倉尾線"
赤坂峠,西武観光バス（株）,G1、G2　小鹿野線
新荒子,東武バスウエスト（株）,川越03
宮代町役場,宮代町,町内循環バス
東光寺入口,イーグルバス（株）,と06・と06-2　ときがわ町路線バス
日影,イーグルバス（株）,と06・と06-2　ときがわ町路線バス
氷川諏訪神社入口,桶川市,東30
さるすべり公園,伊奈町,北循環
井沼,朝日自動車（株）,"【HS05】蓮田駅東口〜西新宿〜根金〜根金神社入口〜井沼〜蓮田駅西口, 【HS01】蓮田駅西口〜井沼〜八幡神社前〜丸谷〜菖蒲車庫, 【HS02】蓮田駅西口〜井沼〜八幡神社前〜丸谷, 【HS03】蓮田駅西口〜井沼〜八幡神社前, 【HS04】蓮田駅西口〜井沼〜伊奈学園"
中丸8丁目,丸建つばさ交通（株）,"北本駅東口循環（グリコ工場先回り）, 北本駅東口循環（二ツ家先回り）"
大山,朝日自動車（株）,"【HS31】蓮田駅東口〜西新宿〜根金〜下大崎〜台〜菖蒲仲橋, 【HS32】蓮田駅東口〜西新宿〜根金〜下大崎, 【HS33】蓮田駅東口〜西新宿〜根金, 【HS05】蓮田駅東口〜西新宿〜根金〜根金神社入口〜井沼〜蓮田駅西口"
小針領家夜回り,桶川市,東30
本町西高尾学習センター前,川越観光自動車（株）,メディカル病院線
衛生研究所,川越観光自動車（株）,衛生研究所線
原町,西武観光バス（株）,"G1、G2　小鹿野線, G13　志賀坂線, G14　倉尾線"
田黒,イーグルバス（株）,と02　ときがわ町路線
荒井一丁目,川越観光自動車（株）,衛生研究所線
定峰,西武観光バス（株）,T1、T2　定峰線
百間新道,宮代町,町内循環バス
宮代2丁目,宮代町,町内循環バス
原ヶ井戸,丸建つばさ交通（株）,蓮田駅西口-白岡中央総合病院線
荒子,東武バスウエスト（株）,川越03
衛生研究所・健康づくり事業団前,川越観光自動車（株）,衛生研究所線
公設宮代福祉医療センター六花,宮代町,町内循環バス
護摩堂,桶川市,東10
野本,東武バスウエスト（株）,川越01・川越02
札所二十番入口,西武観光バス（株）,"G1、G2　小鹿野線, D1、D2　秩父吉田線"
桶川団地北口,朝日自動車（株）,【OK03】桶川駅東口〜みの木〜加納公民館〜菖蒲車庫
東第二小学校入口,川越観光自動車（株）,衛生研究所線
天神交差点,桶川市,東10
きんもくせい公園,伊奈町,北循環
府坂入口,西武観光バス（株）,G1、G2　小鹿野線
愛宕神社,秩父市,H1　原谷線
チサン第三団地入口,川越観光自動車（株）,メディカル病院線
二本木,朝日自動車（株）,"【HS05】蓮田駅東口〜西新宿〜根金〜根金神社入口〜井沼〜蓮田駅西口, 【HS01】蓮田駅西口〜井沼〜八幡神社前〜丸谷〜菖蒲車庫, 【HS02】蓮田駅西口〜井沼〜八幡神社前〜丸谷, 【HS03】蓮田駅西口〜井沼〜八幡神社前, 【HS04】蓮田駅西口〜井沼〜伊奈学園"
中寺尾,西武観光バス（株）,D1、D2　秩父吉田線
りんごの家入口,桶川市,東30
小鹿野町,西武観光バス（株）,"G1、G2　小鹿野線, G13　志賀坂線, G14　倉尾線"
小針領家本村,桶川市,東30
学校前,西武観光バス（株）,"T1、T2　定峰線, T3　三沢線"
市民健康増進センター,東松山市,唐子コース
石戸小学校入口,川越観光自動車（株）,メディカル病院線
植木山,イーグルバス（株）,と01　ときがわ町路線
東武動物公園,茨城急行自動車（株）,東武動物公園〜東武動物公園駅
福音診療所入口,丸建つばさ交通（株）,北本駅東口-北本駅西口線
江戸川小中学校,春日部市,庄和北ルート
東小学校入口,丸建つばさ交通（株）,"北本駅東口循環（グリコ工場先回り）, 北本駅東口循環（二ツ家先回り）, 北本駅東口-北本駅西口線"
尾田蒔学校,西武観光バス（株）,G1、G2　小鹿野線
南小学校入口,川越観光自動車（株）,北本団地線
高尾八丁目,川越観光自動車（株）,衛生研究所線
荒川荘,川越観光自動車（株）,衛生研究所線
野外活動センター入口,川越観光自動車（株）,衛生研究所線
大野原駅前,秩父市,H1　原谷線
保健センター前,宮代町,町内循環バス
細井表具店前,丸建つばさ交通（株）,蓮田駅西口-白岡中央総合病院線
白岡農協前,朝日自動車（株）,【SR01】白岡駅〜台〜菖蒲仲橋
おけがわ団地中央,桶川市,東20
蓮田病院前,朝日自動車（株）,"【HS31】蓮田駅東口〜西新宿〜根金〜下大崎〜台〜菖蒲仲橋, 【HS32】蓮田駅東口〜西新宿〜根金〜下大崎, 【HS33】蓮田駅東口〜西新宿〜根金, 【HS05】蓮田駅東口〜西新宿〜根金〜根金神社入口〜井沼〜蓮田駅西口"
白萩橋,イーグルバス（株）,W01・W02　東秩父村路線
吉妻,朝日自動車（株）,"【KB52】春日部駅東口〜イ春〜関タ, 【KB53】春日部駅東口〜関タ, 【KB54】春日部駅東口〜イ春〜庄和総合支所〜関タ, 【KB55】春日部駅東口〜イ春〜関タ〜関は, 【KB56】春日部駅東口〜関タ〜関は"
西小針6丁目,伊奈町,北循環
町立病院前,西武観光バス（株）,"G1、G2　小鹿野線, G13　志賀坂線, G14　倉尾線"
定峰峠入口,西武観光バス（株）,T1、T2　定峰線
県民活動総合センター,朝日自動車（株）,【AG93】上尾駅東口〜羽貫駅前〜伊奈学園〜県民活動総合センター
商店街,朝日自動車（株）,【SR01】白岡駅〜台〜菖蒲仲橋
白岡市役所前,丸建つばさ交通（株）,東伸団地-白岡中央総合病院線
天神入口,朝日自動車（株）,"【OK01】桶川駅東口〜細谷〜菖蒲車庫, 【OK02】桶川駅東口〜細谷〜菖蒲総合支所前〜菖蒲車庫, 【急行】桶川駅東口〜細谷〜モラージュ菖蒲滝のコート南入口"
県民活動センター,伊奈町,北循環
県民活動センター,丸建つばさ交通（株）,"桶川駅東口-伊奈学園線, 県民活動センター〜伊奈病院〜蓮田駅西口行"
白岡西5丁目,丸建つばさ交通（株）,蓮田駅西口-白岡中央総合病院線
北本宿,丸建つばさ交通（株）,北本駅東口-北本駅西口線
白石,イーグルバス（株）,W01・W02　東秩父村路線
小針領家東部,桶川市,東30
道仏,宮代町,町内循環バス
神戸神社前,鳩山町,町営路線バス
下野田,丸建つばさ交通（株）,"東伸団地-白岡中央総合病院線, 東伸団地-白岡中央総合病院線　白岡駅東口行"
北本団地,川越観光自動車（株）,北本団地線
五明,イーグルバス（株）,と06・と06-2　ときがわ町路線バス
赤砂利橋,丸建つばさ交通（株）,"東伸団地-白岡中央総合病院線, 東伸団地-白岡中央総合病院線　白岡駅東口行"
尾田蒔中学校,西武観光バス（株）,D1、D2　秩父吉田線
小針領家集会所南,桶川市,東30
加納小学校前,桶川市,東10
戸崎前,伊奈町,北循環
戸崎前,丸建つばさ交通（株）,"桶川駅東口-伊奈学園線, 県民活動センター〜伊奈病院〜蓮田駅西口行"
おけがわ団地集会所前,桶川市,東20
加納公民館,朝日自動車（株）,"【OK03】桶川駅東口〜みの木〜加納公民館〜菖蒲車庫, 【OK11】桶川駅東口〜坂田弁天公園〜加納公民館〜みの木〜桶川駅東口, 【OK12】坂田弁天公園〜加納公民館〜みの木〜桶川駅東口, 【OK13】桶川駅東口〜坂田弁天公園〜加納公民館〜みの木"
坂田加納団地入口,桶川市,東20
小鹿野役場,西武観光バス（株）,"G1、G2　小鹿野線, G13　志賀坂線, G14　倉尾線"
坊平,西武観光バス（株）,G1、G2　小鹿野線
新しい村,宮代町,町内循環バス
荒井三丁目,川越観光自動車（株）,メディカル病院線
白岡駅,朝日自動車（株）,【SR01】白岡駅〜台〜菖蒲仲橋
白岡駅西口,丸建つばさ交通（株）,蓮田駅西口-白岡中央総合病院線
加納南部,桶川市,"東10, 東20"
上貝塚,朝日自動車（株）,"【HS31】蓮田駅東口〜西新宿〜根金〜下大崎〜台〜菖蒲仲橋, 【HS32】蓮田駅東口〜西新宿〜根金〜下大崎, 【HS33】蓮田駅東口〜西新宿〜根金, 【HS05】蓮田駅東口〜西新宿〜根金〜根金神社入口〜井沼〜蓮田駅西口"
化石と自然の体験館,鳩山町,町営路線バス
松月寺前,イーグルバス（株）,と02　ときがわ町路線
べに花ふるさと館,桶川市,東20
閏戸大山,朝日自動車（株）,"【HS05】蓮田駅東口〜西新宿〜根金〜根金神社入口〜井沼〜蓮田駅西口, 【HS01】蓮田駅西口〜井沼〜八幡神社前〜丸谷〜菖蒲車庫, 【HS02】蓮田駅西口〜井沼〜八幡神社前〜丸谷, 【HS03】蓮田駅西口〜井沼〜八幡神社前, 【HS04】蓮田駅西口〜井沼〜伊奈学園"
加納小学校,朝日自動車（株）,"【OK03】桶川駅東口〜みの木〜加納公民館〜菖蒲車庫, 【OK11】桶川駅東口〜坂田弁天公園〜加納公民館〜みの木〜桶川駅東口, 【OK12】坂田弁天公園〜加納公民館〜みの木〜桶川駅東口, 【OK13】桶川駅東口〜坂田弁天公園〜加納公民館〜みの木"
稲荷橋南,鳩山町,町営路線バス
中須集会所,宮代町,町内循環バス
氷川神社,朝日自動車（株）,"【OK11】桶川駅東口〜坂田弁天公園〜加納公民館〜みの木〜桶川駅東口, 【OK12】坂田弁天公園〜加納公民館〜みの木〜桶川駅東口, 【OK13】桶川駅東口〜坂田弁天公園〜加納公民館〜みの木"
白岡駅東口,丸建つばさ交通（株）,"東伸団地-白岡中央総合病院線, 東伸団地-白岡中央総合病院線　白岡駅東口行"
倉田入谷,桶川市,東30
倉田北部,桶川市,東30
西小針2丁目,伊奈町,北循環
団地東,川越観光自動車（株）,北本団地線
白石車庫,イーグルバス（株）,W01・W02　東秩父村路線
秩父橋,西武観光バス（株）,"G1、G2　小鹿野線, D1、D2　秩父吉田線"
医王院,朝日自動車（株）,"【OK03】桶川駅東口〜みの木〜加納公民館〜菖蒲車庫, 【OK11】桶川駅東口〜坂田弁天公園〜加納公民館〜みの木〜桶川駅東口, 【OK12】坂田弁天公園〜加納公民館〜みの木〜桶川駅東口, 【OK13】桶川駅東口〜坂田弁天公園〜加納公民館〜みの木"
内宿台4丁目,伊奈町,北循環
原公会堂前,川越観光自動車（株）,メディカル病院線
南部公民館入口,丸建つばさ交通（株）,"北本駅東口循環（グリコ工場先回り）, 北本駅東口循環（二ツ家先回り）, 北本駅東口-北本駅西口線"
南公民館,杉戸町地域公共交通推進協議会,あいあい号　南コース
玉川工業団地入口,イーグルバス（株）,と01　ときがわ町路線
コカコーラ前,丸建つばさ交通（株）,"北本駅東口循環（グリコ工場先回り）, 北本駅東口循環（二ツ家先回り）"
白石神社,イーグルバス（株）,"と02　ときがわ町路線, と06・と06-2　ときがわ町路線バス"
坂田,朝日自動車（株）,"【OK11】桶川駅東口〜坂田弁天公園〜加納公民館〜みの木〜桶川駅東口, 【OK12】坂田弁天公園〜加納公民館〜みの木〜桶川駅東口, 【OK13】桶川駅東口〜坂田弁天公園〜加納公民館〜みの木"
マミーマート前,丸建つばさ交通（株）,"東伸団地-白岡中央総合病院線, 東伸団地-白岡中央総合病院線　白岡駅東口行"
まんまる公園前,丸建つばさ交通（株）,北本駅東口-北本駅西口線
古凍,東武バスウエスト（株）,川越01・川越02
西小針公園,伊奈町,北循環
コカ・コーラ前,桶川市,"東10, 東20"
白岡西3丁目,丸建つばさ交通（株）,"蓮田駅西口-白岡中央総合病院線, 蓮田駅西口-白岡中央総合病院線　白岡西3丁目行"
パークシティ北,丸建つばさ交通（株）,"東伸団地-白岡中央総合病院線, 東伸団地-白岡中央総合病院線　白岡駅東口行"
団地入口,朝日自動車（株）,"【HS05】蓮田駅東口〜西新宿〜根金〜根金神社入口〜井沼〜蓮田駅西口, 【HS01】蓮田駅西口〜井沼〜八幡神社前〜丸谷〜菖蒲車庫, 【HS02】蓮田駅西口〜井沼〜八幡神社前〜丸谷, 【HS03】蓮田駅西口〜井沼〜八幡神社前, 【HS04】蓮田駅西口〜井沼〜伊奈学園"
おけがわ団地南,桶川市,東20
札所二十一番,西武観光バス（株）,D1、D2　秩父吉田線
貝塚,朝日自動車（株）,"【HS31】蓮田駅東口〜西新宿〜根金〜下大崎〜台〜菖蒲仲橋, 【HS32】蓮田駅東口〜西新宿〜根金〜下大崎, 【HS33】蓮田駅東口〜西新宿〜根金, 【HS05】蓮田駅東口〜西新宿〜根金〜根金神社入口〜井沼〜蓮田駅西口"
徒歩橋,東武バスウエスト（株）,川越03
神間,朝日自動車（株）,"【KB52】春日部駅東口〜イ春〜関タ, 【KB53】春日部駅東口〜関タ, 【KB54】春日部駅東口〜イ春〜庄和総合支所〜関タ, 【KB55】春日部駅東口〜イ春〜関タ〜関は, 【KB56】春日部駅東口〜関タ〜関は"
地家,イーグルバス（株）,と02　ときがわ町路線
伊奈記念公園北,丸建つばさ交通（株）,桶川駅東口-伊奈学園線
小鹿野警察署,西武観光バス（株）,G1、G2　小鹿野線
センター前,川越観光自動車（株）,北本団地線
坂田交番前,桶川市,東20
坂田宮前,桶川市,"東10, 東30"
光明寺入口,西武観光バス（株）,"T1、T2　定峰線, T3　三沢線"
阿保,西武観光バス（株）,"G1、G2　小鹿野線, D1、D2　秩父吉田線"
西窪台,朝日自動車（株）,"【OK03】桶川駅東口〜みの木〜加納公民館〜菖蒲車庫, 【OK11】桶川駅東口〜坂田弁天公園〜加納公民館〜みの木〜桶川駅東口, 【OK12】坂田弁天公園〜加納公民館〜みの木〜桶川駅東口, 【OK13】桶川駅東口〜坂田弁天公園〜加納公民館〜みの木"
坂田堀ノ内,桶川市,東20
泉田,西武観光バス（株）,G1、G2　小鹿野線
児童公園,川越観光自動車（株）,北本団地線
坂田宮前公園前,桶川市,東30
内宿台5丁目,伊奈町,北循環
武蔵野台文化村入口,桶川市,"東10, 東20"
閏戸郵便局前,朝日自動車（株）,"【HS05】蓮田駅東口〜西新宿〜根金〜根金神社入口〜井沼〜蓮田駅西口, 【HS01】蓮田駅西口〜井沼〜八幡神社前〜丸谷〜菖蒲車庫, 【HS02】蓮田駅西口〜井沼〜八幡神社前〜丸谷, 【HS03】蓮田駅西口〜井沼〜八幡神社前, 【HS04】蓮田駅西口〜井沼〜伊奈学園"
二ツ家,丸建つばさ交通（株）,"北本駅東口循環（グリコ工場先回り）, 北本駅東口循環（二ツ家先回り）, 北本駅東口-北本駅西口線"
ひこべえの森入口,丸建つばさ交通（株）,"東伸団地-白岡中央総合病院線, 東伸団地-白岡中央総合病院線　白岡駅東口行"
円福寺前,西武観光バス（株）,G1、G2　小鹿野線
べに花の郷前,桶川市,東10
三島,西武観光バス（株）,G1、G2　小鹿野線
小山,イーグルバス（株）,"と02　ときがわ町路線, と06・と06-2　ときがわ町路線バス"
桂全寺,伊奈町,北循環
桂全寺前,丸建つばさ交通（株）,桶川駅東口-伊奈学園線
内宿駅,伊奈町,北循環
内宿駅,丸建つばさ交通（株）,桶川駅東口-伊奈学園線
細谷,朝日自動車（株）,"【OK01】桶川駅東口〜細谷〜菖蒲車庫, 【OK02】桶川駅東口〜細谷〜菖蒲総合支所前〜菖蒲車庫, 【急行】桶川駅東口〜細谷〜モラージュ菖蒲滝のコート南入口"
荒井五丁目,川越観光自動車（株）,メディカル病院線
中島,宮代町,町内循環バス
公団地域学習センター前,川越観光自動車（株）,北本団地線
南団地中央,丸建つばさ交通（株）,北本駅東口-北本駅西口線
つつじヶ丘公園,丸建つばさ交通（株）,"蓮田駅西口-白岡中央総合病院線, 蓮田駅西口-白岡中央総合病院線　白岡西3丁目行"
白岡中央総合病院,丸建つばさ交通（株）,"蓮田駅西口-白岡中央総合病院線, 東伸団地-白岡中央総合病院線"
パーク病院前,丸建つばさ交通（株）,東伸団地-白岡中央総合病院線
第一中学校,秩父市,H1　原谷線
記念公園東口,伊奈町,北循環
大塚交差点西,杉戸町地域公共交通推進協議会,あいあい号　南コース
坂田弁天公園,朝日自動車（株）,"【OK11】桶川駅東口〜坂田弁天公園〜加納公民館〜みの木〜桶川駅東口, 【OK12】坂田弁天公園〜加納公民館〜みの木〜桶川駅東口, 【OK13】桶川駅東口〜坂田弁天公園〜加納公民館〜みの木"
スマイルピアザ坂田,桶川市,"東20, 東30"
十王堂前,イーグルバス（株）,"と02　ときがわ町路線, と06・と06-2　ときがわ町路線バス"
上日出谷北,桶川市,西20
共済医院前,桶川市,"西20, 西21"
西中学校入口,川越観光自動車（株）,"メディカル病院線, けやき団地線"
伊奈学園,朝日自動車（株）,"【HS04】蓮田駅西口〜井沼〜伊奈学園, 【AG91】上尾駅東口〜羽貫駅前〜伊奈学園, 【AG93】上尾駅東口〜羽貫駅前〜伊奈学園〜県民活動総合センター"
伊奈学園,丸建つばさ交通（株）,"桶川駅東口-伊奈学園線, 県民活動センター〜伊奈病院〜蓮田駅西口行"
寺上,西武観光バス（株）,G1、G2　小鹿野線
悪戸,鳩山町,町営路線バス
今泉,東武バスウエスト（株）,川越01・川越02
信濃石,西武観光バス（株）,G1、G2　小鹿野線
原,イーグルバス（株）,と01　ときがわ町路線
松井田,西武観光バス（株）,G1、G2　小鹿野線
北本温泉湯楽の里前,丸建つばさ交通（株）,北本駅東口-北本駅西口線
立野交差点,春日部市,庄和北ルート
二ツ家4丁目,丸建つばさ交通（株）,北本駅東口-北本駅西口線
南団地前,桶川市,"西20, 西21"
根際,イーグルバス（株）,"と02　ときがわ町路線, と06・と06-2　ときがわ町路線バス"
山田,西武観光バス（株）,"T1、T2　定峰線, T3　三沢線"
坂田保育所,桶川市,東20
大加納,桶川市,"東10, 東20"
さくら団地入口,伊奈町,北循環
さくら団地入口,丸建つばさ交通（株）,桶川駅東口-伊奈学園線
視目坂下,西武観光バス（株）,"G1、G2　小鹿野線, D1、D2　秩父吉田線"
南団地南,丸建つばさ交通（株）,北本駅東口-北本駅西口線
ナーシングコート入口,桶川市,西20
ふれあいの里たまがわ前,イーグルバス（株）,"と01　ときがわ町路線, と02　ときがわ町路線, と06・と06-2　ときがわ町路線バス"
自然観察公園前,川越観光自動車（株）,メディカル病院線
坂田原中央公園入口,桶川市,東10
みどり団地,朝日自動車（株）,"【OK03】桶川駅東口〜みの木〜加納公民館〜菖蒲車庫, 【OK11】桶川駅東口〜坂田弁天公園〜加納公民館〜みの木〜桶川駅東口, 【OK12】坂田弁天公園〜加納公民館〜みの木〜桶川駅東口, 【OK13】桶川駅東口〜坂田弁天公園〜加納公民館〜みの木"
上日出谷北部,桶川市,西21
下吉妻,春日部市,庄和北ルート
JA直売所,西武観光バス（株）,D1、D2　秩父吉田線
坂田東一丁目,朝日自動車（株）,"【OK11】桶川駅東口〜坂田弁天公園〜加納公民館〜みの木〜桶川駅東口, 【OK13】桶川駅東口〜坂田弁天公園〜加納公民館〜みの木"
平松,イーグルバス（株）,"と02　ときがわ町路線, と06・と06-2　ときがわ町路線バス"
狐塚,イーグルバス（株）,と01　ときがわ町路線
あけぼの団地入口,丸建つばさ交通（株）,"東伸団地-白岡中央総合病院線, 東伸団地-白岡中央総合病院線　白岡駅東口行"
殿山団地入口,桶川市,"西20, 西21"
谷畑,朝日自動車（株）,"【AG91】上尾駅東口〜羽貫駅前〜伊奈学園, 【AG93】上尾駅東口〜羽貫駅前〜伊奈学園〜県民活動総合センター"
堀切,桶川市,"東10, 東20"
立野,朝日自動車（株）,"【KB52】春日部駅東口〜イ春〜関タ, 【KB53】春日部駅東口〜関タ, 【KB54】春日部駅東口〜イ春〜庄和総合支所〜関タ, 【KB55】春日部駅東口〜イ春〜関タ〜関は, 【KB56】春日部駅東口〜関タ〜関は"
上閏戸（バイパス）,朝日自動車（株）,"【HS31】蓮田駅東口〜西新宿〜根金〜下大崎〜台〜菖蒲仲橋, 【HS32】蓮田駅東口〜西新宿〜根金〜下大崎, 【HS33】蓮田駅東口〜西新宿〜根金, 【HS05】蓮田駅東口〜西新宿〜根金〜根金神社入口〜井沼〜蓮田駅西口"
シルバー人材センター前,杉戸町地域公共交通推進協議会,あいあい号　南コース
東中学校北,桶川市,東20
上閏戸（旧道）,朝日自動車（株）,"【HS05】蓮田駅東口〜西新宿〜根金〜根金神社入口〜井沼〜蓮田駅西口, 【HS01】蓮田駅西口〜井沼〜八幡神社前〜丸谷〜菖蒲車庫, 【HS02】蓮田駅西口〜井沼〜八幡神社前〜丸谷, 【HS03】蓮田駅西口〜井沼〜八幡神社前, 【HS04】蓮田駅西口〜井沼〜伊奈学園"
北里大学メディカルセンター,川越観光自動車（株）,"メディカル病院線, けやき団地線"
小針中学校,伊奈町,北循環
ウニクス前,丸建つばさ交通（株）,県民活動センター〜伊奈病院〜蓮田駅西口行
東小学校前,桶川市,東10
西新宿5丁目,丸建つばさ交通（株）,"蓮田駅西口-白岡中央総合病院線, 蓮田駅西口-白岡中央総合病院線　白岡西3丁目行"
滝の上公会堂,秩父市,H1　原谷線
本沢,桶川市,西20
新宿新田,伊奈町,北循環
殿山団地,桶川市,"西20, 西21"
県道倉田,丸建つばさ交通（株）,桶川駅東口-伊奈学園線
小針領家,朝日自動車（株）,"【OK03】桶川駅東口〜みの木〜加納公民館〜菖蒲車庫, 【OK11】桶川駅東口〜坂田弁天公園〜加納公民館〜みの木〜桶川駅東口, 【OK12】坂田弁天公園〜加納公民館〜みの木〜桶川駅東口, 【OK13】桶川駅東口〜坂田弁天公園〜加納公民館〜みの木"
殿山,桶川市,"西20, 西21"
西原自然の森,宮代町,町内循環バス
東中学校前,桶川市,"東20, 東30"
小針中学校前,丸建つばさ交通（株）,県民活動センター〜伊奈病院〜蓮田駅西口行
みの木,朝日自動車（株）,"【OK03】桶川駅東口〜みの木〜加納公民館〜菖蒲車庫, 【OK11】桶川駅東口〜坂田弁天公園〜加納公民館〜みの木〜桶川駅東口, 【OK12】坂田弁天公園〜加納公民館〜みの木〜桶川駅東口, 【OK13】桶川駅東口〜坂田弁天公園〜加納公民館〜みの木"
箕の木,上尾市,上平箕の木循環
田村,西武観光バス（株）,G1、G2　小鹿野線
石戸宿一丁目,川越観光自動車（株）,"メディカル病院線, けやき団地線"
一ト市,イーグルバス（株）,と01　ときがわ町路線
藤曽根,宮代町,町内循環バス
ときがわ町役場本庁舎,イーグルバス（株）,"と01　ときがわ町路線, と02　ときがわ町路線, と06・と06-2　ときがわ町路線バス"
柚の木橋,宮代町,町内循環バス
海老島団地入口,丸建つばさ交通（株）,"東伸団地-白岡中央総合病院線, 東伸団地-白岡中央総合病院線　白岡駅東口行"
青葉台団地,上尾市,上平箕の木循環
青葉台団地,朝日自動車（株）,"【OK03】桶川駅東口〜みの木〜加納公民館〜菖蒲車庫, 【OK11】桶川駅東口〜坂田弁天公園〜加納公民館〜みの木〜桶川駅東口, 【OK12】坂田弁天公園〜加納公民館〜みの木〜桶川駅東口, 【OK13】桶川駅東口〜坂田弁天公園〜加納公民館〜みの木"
北原（旧道）,朝日自動車（株）,"【HS05】蓮田駅東口〜西新宿〜根金〜根金神社入口〜井沼〜蓮田駅西口, 【HS01】蓮田駅西口〜井沼〜八幡神社前〜丸谷〜菖蒲車庫, 【HS02】蓮田駅西口〜井沼〜八幡神社前〜丸谷, 【HS03】蓮田駅西口〜井沼〜八幡神社前, 【HS04】蓮田駅西口〜井沼〜伊奈学園"
立野西,春日部市,庄和北ルート
箕の木東,上尾市,上平箕の木循環
つつじヶ丘団地,朝日自動車（株）,"【OK03】桶川駅東口〜みの木〜加納公民館〜菖蒲車庫, 【OK11】桶川駅東口〜坂田弁天公園〜加納公民館〜みの木〜桶川駅東口, 【OK12】坂田弁天公園〜加納公民館〜みの木〜桶川駅東口, 【OK13】桶川駅東口〜坂田弁天公園〜加納公民館〜みの木"
パルシー・ハストピア,朝日自動車（株）,【HS34】蓮田駅東口〜西新宿〜パルシー・ハストピア
諏訪野,桶川市,西20
保健センター,西武観光バス（株）,"G1、G2　小鹿野線, D1、D2　秩父吉田線"
諏訪北,川越観光自動車（株）,けやき団地線
西二丁目,桶川市,東20
大久保,朝日自動車（株）,"【OK03】桶川駅東口〜みの木〜加納公民館〜菖蒲車庫, 【OK11】桶川駅東口〜坂田弁天公園〜加納公民館〜みの木〜桶川駅東口, 【OK12】坂田弁天公園〜加納公民館〜みの木〜桶川駅東口, 【OK13】桶川駅東口〜坂田弁天公園〜加納公民館〜みの木"
北原（バイパス）,朝日自動車（株）,"【HS31】蓮田駅東口〜西新宿〜根金〜下大崎〜台〜菖蒲仲橋, 【HS32】蓮田駅東口〜西新宿〜根金〜下大崎, 【HS33】蓮田駅東口〜西新宿〜根金, 【HS05】蓮田駅東口〜西新宿〜根金〜根金神社入口〜井沼〜蓮田駅西口"
金昌寺,西武観光バス（株）,"T1、T2　定峰線, T3　三沢線"
北一丁目,朝日自動車（株）,"【OK01】桶川駅東口〜細谷〜菖蒲車庫, 【OK02】桶川駅東口〜細谷〜菖蒲総合支所前〜菖蒲車庫, 【急行】桶川駅東口〜細谷〜モラージュ菖蒲滝のコート南入口"
小針新宿,伊奈町,北循環
石戸宿三丁目,川越観光自動車（株）,"メディカル病院線, けやき団地線"
北二丁目,桶川市,東10
倉田,丸建つばさ交通（株）,桶川駅東口-伊奈学園線
札所二十二番入口,西武観光バス（株）,D1、D2　秩父吉田線
羽貫駅,伊奈町,北循環
下今泉,東武バスウエスト（株）,川越01・川越02
羽貫駅前,朝日自動車（株）,"【AG91】上尾駅東口〜羽貫駅前〜伊奈学園, 【AG92】上尾駅東口〜羽貫駅前, 【AG93】上尾駅東口〜羽貫駅前〜伊奈学園〜県民活動総合センター"
宮前児童公園,伊奈町,北循環
日出谷小学校前,桶川市,"西20, 西21"
寿3丁目,伊奈町,北循環
細田山会館前,丸建つばさ交通（株）,県民活動センター〜伊奈病院〜蓮田駅西口行
菅谷六丁目北,上尾市,上平菅谷北上尾線
ときがわ町役場入口,イーグルバス（株）,"と01　ときがわ町路線, と06・と06-2　ときがわ町路線バス"
総合福祉センター,朝日自動車（株）,"【OK03】桶川駅東口〜みの木〜加納公民館〜菖蒲車庫, 【OK11】桶川駅東口〜坂田弁天公園〜加納公民館〜みの木〜桶川駅東口, 【OK12】坂田弁天公園〜加納公民館〜みの木〜桶川駅東口, 【OK13】桶川駅東口〜坂田弁天公園〜加納公民館〜みの木"
川端公民館,宮代町,町内循環バス
箕の木公民館東,上尾市,上平箕の木循環
細田山中央,丸建つばさ交通（株）,県民活動センター〜伊奈病院〜蓮田駅西口行
相生町,西武観光バス（株）,G1、G2　小鹿野線
相生町,秩父市,H1　原谷線
諏訪神社前,桶川市,西20
公園下,イーグルバス（株）,と03　ときがわ町路線
上郷,上尾市,上平箕の木循環
足利,朝日自動車（株）,"【HS31】蓮田駅東口〜西新宿〜根金〜下大崎〜台〜菖蒲仲橋, 【HS32】蓮田駅東口〜西新宿〜根金〜下大崎, 【HS33】蓮田駅東口〜西新宿〜根金, 【HS05】蓮田駅東口〜西新宿〜根金〜根金神社入口〜井沼〜蓮田駅西口"
総合福祉センター入口,桶川市,"東20, 東30"
横瀬町川東下,西武観光バス（株）,"T1、T2　定峰線, T3　三沢線"
原,朝日自動車（株）,"【AG91】上尾駅東口〜羽貫駅前〜伊奈学園, 【AG92】上尾駅東口〜羽貫駅前, 【AG93】上尾駅東口〜羽貫駅前〜伊奈学園〜県民活動総合センター"
諏訪神社,川越観光自動車（株）,けやき団地線
下宿児童公園,伊奈町,北循環
相生町,桶川市,"東10, 東20"
大島,朝日自動車（株）,"【KB52】春日部駅東口〜イ春〜関タ, 【KB53】春日部駅東口〜関タ, 【KB54】春日部駅東口〜イ春〜庄和総合支所〜関タ, 【KB55】春日部駅東口〜イ春〜関タ〜関は, 【KB56】春日部駅東口〜関タ〜関は"
細田山南,丸建つばさ交通（株）,県民活動センター〜伊奈病院〜蓮田駅西口行
総合福祉センター,桶川市,"東10, 東30"
中閏戸（旧道）,朝日自動車（株）,"【HS05】蓮田駅東口〜西新宿〜根金〜根金神社入口〜井沼〜蓮田駅西口, 【HS01】蓮田駅西口〜井沼〜八幡神社前〜丸谷〜菖蒲車庫, 【HS02】蓮田駅西口〜井沼〜八幡神社前〜丸谷, 【HS03】蓮田駅西口〜井沼〜八幡神社前, 【HS04】蓮田駅西口〜井沼〜伊奈学園"
大針新田,伊奈町,北循環
末広町,朝日自動車（株）,"【OK03】桶川駅東口〜みの木〜加納公民館〜菖蒲車庫, 【OK11】桶川駅東口〜坂田弁天公園〜加納公民館〜みの木〜桶川駅東口, 【OK12】坂田弁天公園〜加納公民館〜みの木〜桶川駅東口, 【OK13】桶川駅東口〜坂田弁天公園〜加納公民館〜みの木"
埼玉杉戸診療所前,杉戸町地域公共交通推進協議会,あいあい号　南コース
桶川市役所入口,朝日自動車（株）,"【OK01】桶川駅東口〜細谷〜菖蒲車庫, 【OK02】桶川駅東口〜細谷〜菖蒲総合支所前〜菖蒲車庫, 【急行】桶川駅東口〜細谷〜モラージュ菖蒲滝のコート南入口"
姫宮北団地北公園,宮代町,町内循環バス
西新宿4丁目,丸建つばさ交通（株）,"蓮田駅西口-白岡中央総合病院線, 蓮田駅西口-白岡中央総合病院線　白岡西3丁目行"
細田山団地,伊奈町,北循環
日出谷保育所入口,桶川市,"西20, 西21"
上組公民館,上尾市,上平菅谷北上尾線
西小学校前,西武観光バス（株）,"G1、G2　小鹿野線, D1、D2　秩父吉田線"
安楽寺入口,丸建つばさ交通（株）,"東伸団地-白岡中央総合病院線, 東伸団地-白岡中央総合病院線　白岡駅東口行"
札所二十三番登り口,西武観光バス（株）,D1、D2　秩父吉田線
日出谷郵便局,川越観光自動車（株）,けやき団地線
寿1丁目,伊奈町,北循環
越瀬橋,イーグルバス（株）,と03　ときがわ町路線
番匠,イーグルバス（株）,"と01　ときがわ町路線, と06・と06-2　ときがわ町路線バス"
箕の木公民館西,上尾市,上平箕の木循環
箕の木公民館西,丸建つばさ交通（株）,桶川駅東口-伊奈学園線
大針区民会館,伊奈町,北循環
石戸蒲ザクラ入口,川越観光自動車（株）,メディカル病院線
上日出谷原新田トーハン前,川越観光自動車（株）,けやき団地線
良品計画鳩山センター入口,鳩山町,町営路線バス
須ヶ谷三丁目,上尾市,上平菅谷北上尾線
中学校前,イーグルバス（株）,と03　ときがわ町路線
桃木,イーグルバス（株）,と03　ときがわ町路線
上日出谷みろく,川越観光自動車（株）,けやき団地線
下郷橋,イーグルバス（株）,と03　ときがわ町路線
泉二丁目西,川越観光自動車（株）,けやき団地線
パルシー・ハストピア入口,朝日自動車（株）,【HS34】蓮田駅東口〜西新宿〜パルシー・ハストピア
札所十七番入口,西武観光バス（株）,G1、G2　小鹿野線
札所十七番入口,秩父市,H1　原谷線
細入,イーグルバス（株）,と03　ときがわ町路線
市場西,桶川市,西20
ピオニウォーク東松山,川越観光自動車（株）,ピオニウォーク線
三共理化学前,川越観光自動車（株）,けやき団地線
音楽寺,西武観光バス（株）,P1　ミューズパーク線
桶川小学校入口,桶川市,"東10, 東20"
ときがわ町役場第二庁舎前,イーグルバス（株）,"と02　ときがわ町路線, と03　ときがわ町路線, と05-2　ときがわ町路線"
上日出谷宮,川越観光自動車（株）,けやき団地線
原児童公園,伊奈町,北循環
細田山団地入口,伊奈町,北循環
関根,イーグルバス（株）,と03　ときがわ町路線
本郷会館前,杉戸町地域公共交通推進協議会,あいあい号　南コース
火の見やぐら下,上尾市,上平箕の木循環
火の見やぐら下,丸建つばさ交通（株）,桶川駅東口-伊奈学園線
稲荷神社,朝日自動車（株）,"【OK03】桶川駅東口〜みの木〜加納公民館〜菖蒲車庫, 【OK11】桶川駅東口〜坂田弁天公園〜加納公民館〜みの木〜桶川駅東口, 【OK12】坂田弁天公園〜加納公民館〜みの木〜桶川駅東口, 【OK13】桶川駅東口〜坂田弁天公園〜加納公民館〜みの木"
姫宮駅西口,宮代町,町内循環バス
上日出谷原公園東,川越観光自動車（株）,けやき団地線
旅立ちの丘,西武観光バス（株）,P1　ミューズパーク線
小見野公民館,東武バスウエスト（株）,川越03
高坂郵便局前,川越観光自動車（株）,ピオニウォーク線
せせらぎバスセンター,イーグルバス（株）,"と01　ときがわ町路線, と02　ときがわ町路線, と03　ときがわ町路線, と05-2　ときがわ町路線, と06・と06-2　ときがわ町路線バス"
上日出谷原公園前,桶川市,"西20, 西21"
秩父公園橋,西武観光バス（株）,P1　ミューズパーク線
西中学校入口,川越観光自動車（株）,けやき団地線
三波渓谷前,イーグルバス（株）,と03　ときがわ町路線
竹ノ内北,桶川市,西20
竹ノ内,川越観光自動車（株）,けやき団地線
六道,朝日自動車（株）,"【AG91】上尾駅東口〜羽貫駅前〜伊奈学園, 【AG92】上尾駅東口〜羽貫駅前, 【AG93】上尾駅東口〜羽貫駅前〜伊奈学園〜県民活動総合センター"
上尾第一団地東,上尾市,上平箕の木循環
慈光寺入口,イーグルバス（株）,と03　ときがわ町路線
須ヶ谷集落センター,上尾市,上平菅谷北上尾線
諏訪久保,川越観光自動車（株）,けやき団地線
明覚駅,イーグルバス（株）,"と01　ときがわ町路線, と06・と06-2　ときがわ町路線バス"
稲荷通り前,桶川市,"東10, 東20"
関堀,イーグルバス（株）,"と01　ときがわ町路線, と06・と06-2　ときがわ町路線バス"
上郷広場前,上尾市,上平箕の木循環
上郷集会所前,上尾市,上平箕の木循環
中閏戸（バイパス）,朝日自動車（株）,"【HS31】蓮田駅東口〜西新宿〜根金〜下大崎〜台〜菖蒲仲橋, 【HS32】蓮田駅東口〜西新宿〜根金〜下大崎, 【HS33】蓮田駅東口〜西新宿〜根金, 【HS05】蓮田駅東口〜西新宿〜根金〜根金神社入口〜井沼〜蓮田駅西口, 【HS34】蓮田駅東口〜西新宿〜パルシー・ハストピア"
黒浜西小学校前,丸建つばさ交通（株）,"蓮田駅西口-白岡中央総合病院線, 蓮田駅西口-白岡中央総合病院線　白岡西3丁目行"
高坂駅東口,川越観光自動車（株）,ピオニウォーク線
藤坂,イーグルバス（株）,"と01　ときがわ町路線, と06・と06-2　ときがわ町路線バス"
虚空蔵入口,西武観光バス（株）,G1、G2　小鹿野線
虚空蔵入口,秩父市,H1　原谷線
石神,朝日自動車（株）,"【KB52】春日部駅東口〜イ春〜関タ, 【KB53】春日部駅東口〜関タ, 【KB54】春日部駅東口〜イ春〜庄和総合支所〜関タ, 【KB55】春日部駅東口〜イ春〜関タ〜関は, 【KB56】春日部駅東口〜関タ〜関は"
市役所前,川越観光自動車（株）,けやき団地線
向原,伊奈町,北循環
竹本,鳩山町,町営路線バス
高坂駅,川越観光自動車（株）,"鳩山ニュータウン, 電大線"
寿5丁目,伊奈町,北循環
菅谷四丁目,上尾市,上平菅谷北上尾線
桶川図書館入口,朝日自動車（株）,"【OK01】桶川駅東口〜細谷〜菖蒲車庫, 【OK02】桶川駅東口〜細谷〜菖蒲総合支所前〜菖蒲車庫, 【OK03】桶川駅東口〜みの木〜加納公民館〜菖蒲車庫, 【OK11】桶川駅東口〜坂田弁天公園〜加納公民館〜みの木〜桶川駅東口, 【OK12】坂田弁天公園〜加納公民館〜みの木〜桶川駅東口, 【OK13】桶川駅東口〜坂田弁天公園〜加納公民館〜みの木, 【急行】桶川駅東口〜細谷〜モラージュ菖蒲滝のコート南入口"
北原,桶川市,西20
建具会館前,イーグルバス（株）,と03　ときがわ町路線
川端3丁目,宮代町,町内循環バス
高坂駅西口,鳩山町,町営路線バス
西本宿,川越観光自動車（株）,"鳩山ニュータウン, 電大線"
西本宿,鳩山町,町営路線バス
横瀬町川東上,西武観光バス（株）,"T1、T2　定峰線, T3　三沢線"
馬場,イーグルバス（株）,"と01　ときがわ町路線, と06・と06-2　ときがわ町路線バス"
東伸団地,丸建つばさ交通（株）,"東伸団地-白岡中央総合病院線, 東伸団地-白岡中央総合病院線　白岡駅東口行"
竹ノ内,桶川市,西20
伊奈町役場入口,丸建つばさ交通（株）,県民活動センター〜伊奈病院〜蓮田駅西口行
東,宮代町,町内循環バス
上日出谷原公園南,川越観光自動車（株）,けやき団地線
末広,丸建つばさ交通（株）,桶川駅東口-伊奈学園線
西平運動場入口,イーグルバス（株）,と03　ときがわ町路線
市立病院,西武観光バス（株）,"G1、G2　小鹿野線, D1、D2　秩父吉田線"
市立病院,秩父市,K2、N2　久那線/K1　市内線
末広二丁目,桶川市,"東10, 東30"
西小学校入口,桶川市,"西20, 西21"
上サ,イーグルバス（株）,と03　ときがわ町路線
物見山登山口,川越観光自動車（株）,鳩山ニュータウン
西城三丁目,朝日自動車（株）,"【HS31】蓮田駅東口〜西新宿〜根金〜下大崎〜台〜菖蒲仲橋, 【HS32】蓮田駅東口〜西新宿〜根金〜下大崎, 【HS33】蓮田駅東口〜西新宿〜根金, 【HS05】蓮田駅東口〜西新宿〜根金〜根金神社入口〜井沼〜蓮田駅西口, 【HS34】蓮田駅東口〜西新宿〜パルシー・ハストピア, 【HS35】蓮田駅東口〜西新宿"
蓮田東照宮入口,丸建つばさ交通（株）,"蓮田駅西口-白岡中央総合病院線, 蓮田駅西口-白岡中央総合病院線　白岡西3丁目行"
須ヶ谷庚申前,朝日自動車（株）,"【AG91】上尾駅東口〜羽貫駅前〜伊奈学園, 【AG92】上尾駅東口〜羽貫駅前, 【AG93】上尾駅東口〜羽貫駅前〜伊奈学園〜県民活動総合センター"
月ヶ丘,川越観光自動車（株）,鳩山ニュータウン
上日出谷宮公園,川越観光自動車（株）,けやき団地線
奥田公会堂,鳩山町,町営路線バス
富多橋南,春日部市,庄和北ルート
桶川本町,桶川市,"東10, 東20"
桶川本町,朝日自動車（株）,"【OK01】桶川駅東口〜細谷〜菖蒲車庫, 【OK02】桶川駅東口〜細谷〜菖蒲総合支所前〜菖蒲車庫, 【OK03】桶川駅東口〜みの木〜加納公民館〜菖蒲車庫, 【OK11】桶川駅東口〜坂田弁天公園〜加納公民館〜みの木〜桶川駅東口, 【OK12】坂田弁天公園〜加納公民館〜みの木〜桶川駅東口, 【OK13】桶川駅東口〜坂田弁天公園〜加納公民館〜みの木, 【急行】桶川駅東口〜細谷〜モラージュ菖蒲滝のコート南入口"
深町,イーグルバス（株）,と05-2　ときがわ町路線
須ヶ谷二丁目,上尾市,上平菅谷北上尾線
小見野,東武バスウエスト（株）,川越03
北戸守,東武バスウエスト（株）,川越01・川越02
上平北小学校西,上尾市,"上平菅谷北上尾線, 上平箕の木循環"
中村町四丁目,西武観光バス（株）,"P1　ミューズパーク線, D1、D2　秩父吉田線"
久保,伊奈町,北循環
桶川中学校前,川越観光自動車（株）,けやき団地線
上新梨子集会所前,上尾市,上平箕の木循環
こども動物自然公園,川越観光自動車（株）,鳩山ニュータウン
上日出谷南,川越観光自動車（株）,けやき団地線
西新宿,朝日自動車（株）,"【HS31】蓮田駅東口〜西新宿〜根金〜下大崎〜台〜菖蒲仲橋, 【HS32】蓮田駅東口〜西新宿〜根金〜下大崎, 【HS33】蓮田駅東口〜西新宿〜根金, 【HS05】蓮田駅東口〜西新宿〜根金〜根金神社入口〜井沼〜蓮田駅西口, 【HS34】蓮田駅東口〜西新宿〜パルシー・ハストピア, 【HS35】蓮田駅東口〜西新宿"
長浪公園,上尾市,上平箕の木循環
並木通り中央,川越観光自動車（株）,電大線
泉二丁目,東武バスウエスト（株）,川越04
教音寺前,川越観光自動車（株）,けやき団地線
正法寺入口,イーグルバス（株）,と03　ときがわ町路線
上金崎,春日部市,庄和北ルート
吹上,朝日自動車（株）,"【HS05】蓮田駅東口〜西新宿〜根金〜根金神社入口〜井沼〜蓮田駅西口, 【HS01】蓮田駅西口〜井沼〜八幡神社前〜丸谷〜菖蒲車庫, 【HS02】蓮田駅西口〜井沼〜八幡神社前〜丸谷, 【HS03】蓮田駅西口〜井沼〜八幡神社前, 【HS04】蓮田駅西口〜井沼〜伊奈学園"
宮側町,西武観光バス（株）,G1、G2　小鹿野線
宮側町,秩父市,H1　原谷線
エミナース入口,朝日自動車（株）,【KB34】春日部駅西口〜内牧彩光苑〜春日部エミナース
春日部エミナース,朝日自動車（株）,【KB34】春日部駅西口〜内牧彩光苑〜春日部エミナース
中荻住宅前,伊奈町,北循環
農林センター,西武観光バス（株）,M5、M6、M7　中津川線
市立病院入口,西武観光バス（株）,"P1　ミューズパーク線, D1、D2　秩父吉田線"
出合,西武観光バス（株）,M5、M6、M7　中津川線
須江,鳩山町,町営路線バス
上尾第一団地西,上尾市,上平箕の木循環
愛宕幼稚園,川越観光自動車（株）,けやき団地線
大東文化大学,川越観光自動車（株）,鳩山ニュータウン
東一丁目,桶川市,"東20, 東30"
東一丁目,上尾市,上平箕の木循環
桶川駅入口,丸建つばさ交通（株）,桶川駅東口-伊奈学園線
寿二丁目,桶川市,"東10, 東30"
須ヶ谷一丁目南,上尾市,上平菅谷北上尾線
須ヶ谷一丁目,上尾市,上平菅谷北上尾線
桶川中学校前,桶川市,"西20, 西21"
泉一丁目,東武バスウエスト（株）,川越04
姫宮南団地にじ公園,宮代町,町内循環バス
伊奈中央駅,伊奈町,北循環
亀井農村センター入口,鳩山町,町営路線バス
東台,桶川市,西20
道生町,西武観光バス（株）,"G1、G2　小鹿野線, P1　ミューズパーク線, D1、D2　秩父吉田線"
小貝戸,伊奈町,"南循環, 北循環"
出荷所前,上尾市,上平菅谷北上尾線
出荷所前,朝日自動車（株）,"【AG91】上尾駅東口〜羽貫駅前〜伊奈学園, 【AG92】上尾駅東口〜羽貫駅前, 【AG93】上尾駅東口〜羽貫駅前〜伊奈学園〜県民活動総合センター"
伊奈病院・一心館,丸建つばさ交通（株）,県民活動センター〜伊奈病院〜蓮田駅西口行
岡村北,桶川市,西20
中荻,伊奈町,北循環
語歌橋,西武観光バス（株）,"T1、T2　定峰線, T3　三沢線"
伊奈役場,朝日自動車（株）,"【AG72】上尾駅東口〜西原〜がんセンター〜伊奈役場, 【AG73】上尾駅東口〜西原〜伊奈役場"
大音団地入口,上尾市,上平菅谷北上尾線
山村学園短期大学,川越観光自動車（株）,鳩山ニュータウン
伊奈町役場,伊奈町,"南循環, 北循環"
給食センター前,丸建つばさ交通（株）,県民活動センター〜伊奈病院〜蓮田駅西口行
はにわの里,桶川市,西20
前沢,イーグルバス（株）,と05-2　ときがわ町路線
向島,春日部市,粕壁・幸松ルート
下日出谷中央公園前,桶川市,"西20, 西21"
中部公園,伊奈町,北循環
桶川郵便局前,桶川市,"西20, 西21"
けやき団地北（降車）,川越観光自動車（株）,けやき団地線
けやき団地北（乗車）,川越観光自動車（株）,けやき団地線
消防署上平分署前,上尾市,上平菅谷北上尾線
庄和中央病院,春日部市,"庄和北ルート, 庄和南ルート"
八丁目五丁田,春日部市,粕壁・幸松ルート
幸楽荘東,春日部市,粕壁・幸松ルート
上平保育所前,上尾市,"上平菅谷北上尾線, 上平箕の木循環"
秩父駅,西武観光バス（株）,"G1、G2　小鹿野線, P1　ミューズパーク線, Y1、Y2、Y3　横瀬線, T1、T2　定峰線, T3　三沢線, D1、D2　秩父吉田線"
秩父駅,秩父市,"K2、N2　久那線/K1　市内線, H1　原谷線"
農協センター前,朝日自動車（株）,"【KB52】春日部駅東口〜イ春〜関タ, 【KB53】春日部駅東口〜関タ, 【KB54】春日部駅東口〜イ春〜庄和総合支所〜関タ, 【KB55】春日部駅東口〜イ春〜関タ〜関は, 【KB56】春日部駅東口〜関タ〜関は"
展望台入口,西武観光バス（株）,P1　ミューズパーク線
桶川駅西口,桶川市,"西10, 西11, 西12, 西20, 西21, 西30"
桶川駅西口,上尾市,大石桶川線
桶川駅西口,川越観光自動車（株）,けやき団地線
桶川駅西口,東武バスウエスト（株）,川越04
総合センター,伊奈町,"南循環, 北循環"
深沢,西武観光バス（株）,"T1、T2　定峰線, T3　三沢線"
西平,西武観光バス（株）,M5、M6、M7　中津川線
横道,イーグルバス（株）,と03　ときがわ町路線
桶川駅東口,桶川市,"東10, 東20, 東30, 東40"
桶川駅東口,朝日自動車（株）,"【OK01】桶川駅東口〜細谷〜菖蒲車庫, 【OK02】桶川駅東口〜細谷〜菖蒲総合支所前〜菖蒲車庫, 【OK03】桶川駅東口〜みの木〜加納公民館〜菖蒲車庫, 【OK11】桶川駅東口〜坂田弁天公園〜加納公民館〜みの木〜桶川駅東口, 【OK12】坂田弁天公園〜加納公民館〜みの木〜桶川駅東口, 【OK13】桶川駅東口〜坂田弁天公園〜加納公民館〜みの木, 【急行】桶川駅東口〜細谷〜モラージュ菖蒲滝のコート南入口"
桶川駅東口,丸建つばさ交通（株）,桶川駅東口-伊奈学園線
上平中学校入口,上尾市,上平菅谷北上尾線
蓮田新道,朝日自動車（株）,"【HS25】蓮田駅東口〜橋場〜国立東埼玉病院〜江ヶ崎馬場〜岩槻駅西口, 【HS26】蓮田駅東口〜宿下〜国立東埼玉病院〜江ヶ崎馬場〜岩槻駅西口, 【IW11】岩槻駅西口〜江ヶ崎馬場〜国立東埼玉病院"
小渕北,春日部市,粕壁・幸松ルート
若宮一丁目,東武バスウエスト（株）,川越04
菅谷,上尾市,上平菅谷北上尾線
菅谷,朝日自動車（株）,"【AG91】上尾駅東口〜羽貫駅前〜伊奈学園, 【AG92】上尾駅東口〜羽貫駅前, 【AG93】上尾駅東口〜羽貫駅前〜伊奈学園〜県民活動総合センター"
道の駅庄和,春日部市,"庄和北ルート, 庄和南ルート"
一本木,東武バスウエスト（株）,川越03
下閏戸,朝日自動車（株）,"【HS05】蓮田駅東口〜西新宿〜根金〜根金神社入口〜井沼〜蓮田駅西口, 【HS01】蓮田駅西口〜井沼〜八幡神社前〜丸谷〜菖蒲車庫, 【HS02】蓮田駅西口〜井沼〜八幡神社前〜丸谷, 【HS03】蓮田駅西口〜井沼〜八幡神社前, 【HS04】蓮田駅西口〜井沼〜伊奈学園"
けやき団地,川越観光自動車（株）,けやき団地線
川田谷小学校前,桶川市,"西10, 西11, 西20"
鹿室上,朝日自動車（株）,"【HS25】蓮田駅東口〜橋場〜国立東埼玉病院〜江ヶ崎馬場〜岩槻駅西口, 【HS26】蓮田駅東口〜宿下〜国立東埼玉病院〜江ヶ崎馬場〜岩槻駅西口, 【IW11】岩槻駅西口〜江ヶ崎馬場〜国立東埼玉病院"
図書館入口,丸建つばさ交通（株）,県民活動センター〜伊奈病院〜蓮田駅西口行
上柳集会所,春日部市,庄和南ルート
山村学園短大タワー前,川越観光自動車（株）,鳩山ニュータウン
下日出谷,東武バスウエスト（株）,川越04
秩父まつり会館,西武観光バス（株）,"P1　ミューズパーク線, Y1、Y2、Y3　横瀬線, T1、T2　定峰線, T3　三沢線"
秩父まつり会館,秩父市,"K2、N2　久那線/K1　市内線, H1　原谷線"
南二丁目,桶川市,東40
秩父ふるさと館前,西武観光バス（株）,"G1、G2　小鹿野線, P1　ミューズパーク線, Y1、Y2、Y3　横瀬線, T1、T2　定峰線, T3　三沢線, D1、D2　秩父吉田線"
秩父ふるさと館前,秩父市,"K2、N2　久那線/K1　市内線, H1　原谷線"
東二丁目,桶川市,東40
しらこばと団地北,上尾市,上平菅谷北上尾線
西城沼公園,朝日自動車（株）,"【HS31】蓮田駅東口〜西新宿〜根金〜下大崎〜台〜菖蒲仲橋, 【HS32】蓮田駅東口〜西新宿〜根金〜下大崎, 【HS33】蓮田駅東口〜西新宿〜根金, 【HS05】蓮田駅東口〜西新宿〜根金〜根金神社入口〜井沼〜蓮田駅西口, 【HS34】蓮田駅東口〜西新宿〜パルシー・ハストピア, 【HS35】蓮田駅東口〜西新宿"
龍Q館,春日部市,"庄和北ルート, 庄和南ルート"
伊奈中学校,朝日自動車（株）,"【AG72】上尾駅東口〜西原〜がんセンター〜伊奈役場, 【AG73】上尾駅東口〜西原〜伊奈役場"
ベニバナウォーク前,桶川市,"西20, 西21"
図書館,伊奈町,南循環
柴中福祉センター,伊奈町,北循環
ウニクス前,秩父市,K2、N2　久那線/K1　市内線
大橋板谷,鳩山町,町営路線バス
高坂ニュータウン,川越観光自動車（株）,電大線
上平小学校入口,上尾市,"上平菅谷北上尾線, 上平箕の木循環"
岡村,桶川市,"西10, 西11"
天沼,桶川市,"西10, 西11, 西20"
札所十番,西武観光バス（株）,"T1、T2　定峰線, T3　三沢線"
西台,桶川市,西20
鴨川保育所前,桶川市,"西20, 西21"
秩父神社前,秩父市,H1　原谷線
ふれあい福祉センター,伊奈町,北循環
原,桶川市,"西10, 西11, 西20"
西城沼公園入口,丸建つばさ交通（株）,"蓮田駅西口-白岡中央総合病院線, 蓮田駅西口-白岡中央総合病院線　白岡西3丁目行"
春日部市場北,春日部市,粕壁・幸松ルート
粛正橋,春日部市,粕壁・幸松ルート
東観団地入口,東武バスウエスト（株）,川越04
椿山,朝日自動車（株）,"【HS31】蓮田駅東口〜西新宿〜根金〜下大崎〜台〜菖蒲仲橋, 【HS32】蓮田駅東口〜西新宿〜根金〜下大崎, 【HS33】蓮田駅東口〜西新宿〜根金, 【HS05】蓮田駅東口〜西新宿〜根金〜根金神社入口〜井沼〜蓮田駅西口, 【HS34】蓮田駅東口〜西新宿〜パルシー・ハストピア, 【HS35】蓮田駅東口〜西新宿"
町谷境,上尾市,上平箕の木循環
本町1丁目,伊奈町,南循環
泉井集落センター前,鳩山町,町営路線バス
小渕団地,春日部市,粕壁・幸松ルート
鹿室宿,朝日自動車（株）,"【HS25】蓮田駅東口〜橋場〜国立東埼玉病院〜江ヶ崎馬場〜岩槻駅西口, 【HS26】蓮田駅東口〜宿下〜国立東埼玉病院〜江ヶ崎馬場〜岩槻駅西口, 【IW11】岩槻駅西口〜江ヶ崎馬場〜国立東埼玉病院"
庄内橋,春日部市,"庄和北ルート, 庄和南ルート"
小渕橋東,春日部市,粕壁・幸松ルート
水道庁舎,伊奈町,南循環
七重橋,イーグルバス（株）,と03　ときがわ町路線
江ヶ崎馬場,朝日自動車（株）,"【HS22】蓮田駅東口〜橋場〜国立東埼玉病院〜江ヶ崎馬場, 【HS24】蓮田駅東口〜宿下〜国立東埼玉病院〜江ヶ崎馬場, 【HS25】蓮田駅東口〜橋場〜国立東埼玉病院〜江ヶ崎馬場〜岩槻駅西口, 【HS26】蓮田駅東口〜宿下〜国立東埼玉病院〜江ヶ崎馬場〜岩槻駅西口, 【IW11】岩槻駅西口〜江ヶ崎馬場〜国立東埼玉病院"
本区,朝日自動車（株）,"【AG72】上尾駅東口〜西原〜がんセンター〜伊奈役場, 【AG73】上尾駅東口〜西原〜伊奈役場"
若宮二丁目,桶川市,西30
しらこばと団地,上尾市,上平菅谷北上尾線
上尾税務署前,上尾市,上平菅谷北上尾線
前領家,桶川市,"西10, 西11, 西20"
大野特産物販売所,イーグルバス（株）,と03　ときがわ町路線
上野町,西武観光バス（株）,"P1　ミューズパーク線, Y1、Y2、Y3　横瀬線, T1、T2　定峰線, T3　三沢線"
上野町,秩父市,K2、N2　久那線/K1　市内線
音楽堂・野外ステージ,西武観光バス（株）,P1　ミューズパーク線
本町,西武観光バス（株）,"G1、G2　小鹿野線, P1　ミューズパーク線, Y1、Y2、Y3　横瀬線, T1、T2　定峰線, T3　三沢線, D1、D2　秩父吉田線"
本町,秩父市,"K2、N2　久那線/K1　市内線, H1　原谷線"
上平塚,上尾市,上平菅谷北上尾線
白山郵便局,川越観光自動車（株）,電大線
佐久良橋,秩父市,K2、N2　久那線/K1　市内線
中津川,西武観光バス（株）,M5、M6、M7　中津川線
本上,伊奈町,南循環
生涯学習センター入口,桶川市,"西10, 西11, 西20"
神明郵便局前,桶川市,東40
伊奈交番前,丸建つばさ交通（株）,"上尾駅東口-蓮田駅西口線（薬科大学経由）, がんセンター〜日本薬科大学〜志久駅〜蓮田駅西口行"
内牧彩光苑,朝日自動車（株）,"【KB34】春日部駅西口〜内牧彩光苑〜春日部エミナース, 【KB35】春日部駅西口〜内牧彩光苑"
市民ホール前,桶川市,"西10, 西11, 西12, 西20, 西21"
西不動院野,春日部市,粕壁・幸松ルート
上平支所前,朝日自動車（株）,"【AG91】上尾駅東口〜羽貫駅前〜伊奈学園, 【AG92】上尾駅東口〜羽貫駅前, 【AG93】上尾駅東口〜羽貫駅前〜伊奈学園〜県民活動総合センター"
市民ホール入口,桶川市,西30
川子田,鳩山町,町営路線バス
秩父第一病院,秩父市,K2、N2　久那線/K1　市内線
国立東埼玉病院,朝日自動車（株）,"【HS21】蓮田駅東口〜橋場〜国立東埼玉病院, 【HS22】蓮田駅東口〜橋場〜国立東埼玉病院〜江ヶ崎馬場, 【HS23】蓮田駅東口〜宿下〜国立東埼玉病院, 【HS24】蓮田駅東口〜宿下〜国立東埼玉病院〜江ヶ崎馬場, 【HS25】蓮田駅東口〜橋場〜国立東埼玉病院〜江ヶ崎馬場〜岩槻駅西口, 【HS26】蓮田駅東口〜宿下〜国立東埼玉病院〜江ヶ崎馬場〜岩槻駅西口, 【IW11】岩槻駅西口〜江ヶ崎馬場〜国立東埼玉病院"
江ヶ崎,朝日自動車（株）,"【HS22】蓮田駅東口〜橋場〜国立東埼玉病院〜江ヶ崎馬場, 【HS24】蓮田駅東口〜宿下〜国立東埼玉病院〜江ヶ崎馬場, 【HS25】蓮田駅東口〜橋場〜国立東埼玉病院〜江ヶ崎馬場〜岩槻駅西口, 【HS26】蓮田駅東口〜宿下〜国立東埼玉病院〜江ヶ崎馬場〜岩槻駅西口, 【IW11】岩槻駅西口〜江ヶ崎馬場〜国立東埼玉病院"
蓮田市役所前,朝日自動車（株）,"【HS31】蓮田駅東口〜西新宿〜根金〜下大崎〜台〜菖蒲仲橋, 【HS32】蓮田駅東口〜西新宿〜根金〜下大崎, 【HS33】蓮田駅東口〜西新宿〜根金, 【HS05】蓮田駅東口〜西新宿〜根金〜根金神社入口〜井沼〜蓮田駅西口, 【HS34】蓮田駅東口〜西新宿〜パルシー・ハストピア, 【HS35】蓮田駅東口〜西新宿"
上平支所公民館入口,上尾市,上平箕の木循環
境神,イーグルバス（株）,と03　ときがわ町路線
岡村南,桶川市,"西10, 西11"
中町,西武観光バス（株）,"G1、G2　小鹿野線, P1　ミューズパーク線, Y1、Y2、Y3　横瀬線, T1、T2　定峰線, T3　三沢線, D1、D2　秩父吉田線"
中町,秩父市,"K2、N2　久那線/K1　市内線, H1　原谷線"
松風台,川越観光自動車（株）,電大線
虹の橋,川越観光自動車（株）,電大線
内牧小学校前,朝日自動車（株）,"【KB34】春日部駅西口〜内牧彩光苑〜春日部エミナース, 【KB35】春日部駅西口〜内牧彩光苑"
日出谷,東武バスウエスト（株）,川越04
椿山2丁目,丸建つばさ交通（株）,"蓮田駅西口-白岡中央総合病院線, 蓮田駅西口-白岡中央総合病院線　白岡西3丁目行"
病院入口,朝日自動車（株）,"【HS21】蓮田駅東口〜橋場〜国立東埼玉病院, 【HS22】蓮田駅東口〜橋場〜国立東埼玉病院〜江ヶ崎馬場, 【HS23】蓮田駅東口〜宿下〜国立東埼玉病院, 【HS24】蓮田駅東口〜宿下〜国立東埼玉病院〜江ヶ崎馬場, 【HS25】蓮田駅東口〜橋場〜国立東埼玉病院〜江ヶ崎馬場〜岩槻駅西口, 【HS26】蓮田駅東口〜宿下〜国立東埼玉病院〜江ヶ崎馬場〜岩槻駅西口, 【IW11】岩槻駅西口〜江ヶ崎馬場〜国立東埼玉病院"
大橋,川越観光自動車（株）,大橋線
大橋,鳩山町,町営路線バス
春日部市場,春日部市,粕壁・幸松ルート
瀬戸,イーグルバス（株）,と05-2　ときがわ町路線
桜山小学校前,川越観光自動車（株）,電大線
ミューズパーク中央,西武観光バス（株）,P1　ミューズパーク線
花の木小入口,秩父市,K2、N2　久那線/K1　市内線
中山住宅,丸建つばさ交通（株）,"上尾駅東口-蓮田駅西口線（薬科大学経由）, がんセンター〜日本薬科大学〜志久駅〜蓮田駅西口行"
本町2丁目,丸建つばさ交通（株）,"上尾駅東口-蓮田駅西口線（薬科大学経由）, がんセンター〜日本薬科大学〜志久駅〜蓮田駅西口行"
蓮田中学校入口,朝日自動車（株）,"【HS05】蓮田駅東口〜西新宿〜根金〜根金神社入口〜井沼〜蓮田駅西口, 【HS01】蓮田駅西口〜井沼〜八幡神社前〜丸谷〜菖蒲車庫, 【HS02】蓮田駅西口〜井沼〜八幡神社前〜丸谷, 【HS03】蓮田駅西口〜井沼〜八幡神社前, 【HS04】蓮田駅西口〜井沼〜伊奈学園"
町谷北,上尾市,上平菅谷北上尾線
ニュータウン北,川越観光自動車（株）,鳩山ニュータウン
田里・丸建つばさ交通本社,丸建つばさ交通（株）,県民活動センター〜伊奈病院〜蓮田駅西口行
共栄大学入口,朝日自動車（株）,"【KB34】春日部駅西口〜内牧彩光苑〜春日部エミナース, 【KB35】春日部駅西口〜内牧彩光苑"
下日出谷,桶川市,"西10, 西11, 西12"
株式会社トーモク前,朝日自動車（株）,"【HS25】蓮田駅東口〜橋場〜国立東埼玉病院〜江ヶ崎馬場〜岩槻駅西口, 【HS26】蓮田駅東口〜宿下〜国立東埼玉病院〜江ヶ崎馬場〜岩槻駅西口, 【IW11】岩槻駅西口〜江ヶ崎馬場〜国立東埼玉病院"
天文台入口,イーグルバス（株）,と03　ときがわ町路線
朝日一丁目,桶川市,西30
上平公園北口,上尾市,上平菅谷北上尾線
浄水場前,朝日自動車（株）,"【AG81】上尾駅東口〜火の見下〜平塚住宅前〜上尾駅東口, 【AG82】上尾駅東口〜火の見下〜平塚住宅前, 【AG83】火の見下〜平塚住宅前〜上尾駅東口"
元宿,朝日自動車（株）,"【AG72】上尾駅東口〜西原〜がんセンター〜伊奈役場, 【AG73】上尾駅東口〜西原〜伊奈役場"
前原,桶川市,"西10, 西11"
鴨川公園入口,桶川市,"西10, 西11, 西12, 西20, 西21"
みどりがおか住宅,上尾市,"原市平塚循環, 上平菅谷北上尾線"
神明一丁目,桶川市,東40
中道,西武観光バス（株）,P1　ミューズパーク線
中道,秩父市,K2、N2　久那線/K1　市内線
八ツ林（川島町役場入口）,東武バスウエスト（株）,川越03
下日出谷東,桶川市,"西20, 西21"
梅原病院,春日部市,粕壁・幸松ルート
本区区民会館,伊奈町,南循環
庄和高齢者憩の家,春日部市,"庄和北ルート, 庄和南ルート"
内牧公園入口,春日部市,豊春・内牧・北春日部
上町一丁目,西武観光バス（株）,"G1、G2　小鹿野線, P1　ミューズパーク線, Y1、Y2、Y3　横瀬線, T1、T2　定峰線, T3　三沢線, D1、D2　秩父吉田線"
上町一丁目,秩父市,"K2、N2　久那線/K1　市内線, H1　原谷線"
黒浜局前,朝日自動車（株）,"【HS21】蓮田駅東口〜橋場〜国立東埼玉病院, 【HS22】蓮田駅東口〜橋場〜国立東埼玉病院〜江ヶ崎馬場, 【HS23】蓮田駅東口〜宿下〜国立東埼玉病院, 【HS24】蓮田駅東口〜宿下〜国立東埼玉病院〜江ヶ崎馬場, 【HS25】蓮田駅東口〜橋場〜国立東埼玉病院〜江ヶ崎馬場〜岩槻駅西口, 【HS26】蓮田駅東口〜宿下〜国立東埼玉病院〜江ヶ崎馬場〜岩槻駅西口"
松の木橋,川越観光自動車（株）,電大線
滝の宮交差点,桶川市,"西10, 西11, 西12"
泉井,鳩山町,町営路線バス
辻橋東,春日部市,"庄和北ルート, 庄和南ルート"
鳩山高校,川越観光自動車（株）,鳩山ニュータウン
東部浄水場南,上尾市,原市平塚循環
井戸木二丁目,桶川市,西30
井戸木二丁目,上尾市,大石桶川線
辻橋,朝日自動車（株）,"【KB52】春日部駅東口〜イ春〜関タ, 【KB53】春日部駅東口〜関タ, 【KB54】春日部駅東口〜イ春〜庄和総合支所〜関タ, 【KB55】春日部駅東口〜イ春〜関タ〜関は, 【KB56】春日部駅東口〜関タ〜関は, 【KB57】春日部駅東口〜イ春〜庄和総合支所"
赤尾弾正,坂戸市,すぐろ線
戸守,東武バスウエスト（株）,川越01・川越02
町谷,上尾市,上平菅谷北上尾線
島田赤尾境,坂戸市,すぐろ線
庄和総合支所,春日部市,"庄和北ルート, 庄和南ルート"
庄和総合支所,朝日自動車（株）,"【KB54】春日部駅東口〜イ春〜庄和総合支所〜関タ, 【KB57】春日部駅東口〜イ春〜庄和総合支所"
戸崎,朝日自動車（株）,"【KB34】春日部駅西口〜内牧彩光苑〜春日部エミナース, 【KB35】春日部駅西口〜内牧彩光苑"
サン・アリーナ入口,桶川市,"西10, 西11, 西12"
庄和高校,春日部市,"庄和北ルート, 庄和南ルート"
鴨川一丁目,桶川市,"西10, 西11, 西20, 西21"
札所十三番,西武観光バス（株）,"G1、G2　小鹿野線, P1　ミューズパーク線, Y1、Y2、Y3　横瀬線, T1、T2　定峰線, T3　三沢線, D1、D2　秩父吉田線"
札所十三番,秩父市,"K2、N2　久那線/K1　市内線, H1　原谷線"
滝の宮,桶川市,"西10, 西11, 西12"
鴨川二丁目,桶川市,"西10, 西11, 西12"
志久駅,伊奈町,南循環
志久駅,丸建つばさ交通（株）,"上尾駅東口-蓮田駅西口線（薬科大学経由）, がんセンター〜日本薬科大学〜志久駅〜蓮田駅西口行"
雷電神社前,桶川市,東40
椿山自治会館前,丸建つばさ交通（株）,"蓮田駅西口-白岡中央総合病院線, 蓮田駅西口-白岡中央総合病院線　白岡西3丁目行"
下日出谷第2公園前,桶川市,"西10, 西11, 西12"
キッズパーク,秩父市,K2、N2　久那線/K1　市内線
下柳,朝日自動車（株）,"【KB52】春日部駅東口〜イ春〜関タ, 【KB53】春日部駅東口〜関タ, 【KB54】春日部駅東口〜イ春〜庄和総合支所〜関タ, 【KB55】春日部駅東口〜イ春〜関タ〜関は, 【KB56】春日部駅東口〜関タ〜関は, 【KB57】春日部駅東口〜イ春〜庄和総合支所"
宿上,朝日自動車（株）,"【HS31】蓮田駅東口〜西新宿〜根金〜下大崎〜台〜菖蒲仲橋, 【HS32】蓮田駅東口〜西新宿〜根金〜下大崎, 【HS33】蓮田駅東口〜西新宿〜根金, 【HS05】蓮田駅東口〜西新宿〜根金〜根金神社入口〜井沼〜蓮田駅西口, 【HS34】蓮田駅東口〜西新宿〜パルシー・ハストピア, 【HS35】蓮田駅東口〜西新宿"
下モ,イーグルバス（株）,と03　ときがわ町路線
平塚,朝日自動車（株）,"【AG81】上尾駅東口〜火の見下〜平塚住宅前〜上尾駅東口, 【AG82】上尾駅東口〜火の見下〜平塚住宅前, 【AG83】火の見下〜平塚住宅前〜上尾駅東口"
小室小学校前,丸建つばさ交通（株）,"上尾駅東口-蓮田駅西口線（薬科大学経由）, がんセンター〜日本薬科大学〜志久駅〜蓮田駅西口行"
下瀬戸,イーグルバス（株）,と05-2　ときがわ町路線
坂氷,西武観光バス（株）,"Y1、Y2、Y3　横瀬線, T1、T2　定峰線, T3　三沢線"
下日出谷南,桶川市,"西10, 西11, 西12"
平塚団地入口,上尾市,"原市平塚循環, 上平菅谷北上尾線"
春日部サンハイツ,春日部市,粕壁・幸松ルート
滝の宮,東武バスウエスト（株）,川越04
島田新田,坂戸市,すぐろ線
朝日東公園入口,桶川市,西30
北春日部駅入口,春日部市,粕壁・幸松ルート
西金野井北,春日部市,"庄和北ルート, 庄和南ルート"
稲荷社入口,春日部市,豊春・内牧・北春日部
内牧公園,春日部市,豊春・内牧・北春日部
上尾市場,上尾市,上平箕の木循環
藤波二丁目,上尾市,大石桶川線
桜山台,川越観光自動車（株）,電大線
小室小学校,朝日自動車（株）,"【AG72】上尾駅東口〜西原〜がんセンター〜伊奈役場, 【AG73】上尾駅東口〜西原〜伊奈役場"
総合支所入口,春日部市,庄和北ルート
鹿室,朝日自動車（株）,"【HS25】蓮田駅東口〜橋場〜国立東埼玉病院〜江ヶ崎馬場〜岩槻駅西口, 【HS26】蓮田駅東口〜宿下〜国立東埼玉病院〜江ヶ崎馬場〜岩槻駅西口, 【IW11】岩槻駅西口〜江ヶ崎馬場〜国立東埼玉病院"
秩父公園前,西武観光バス（株）,"G1、G2　小鹿野線, P1　ミューズパーク線, Y1、Y2、Y3　横瀬線, T1、T2　定峰線, T3　三沢線, D1、D2　秩父吉田線"
秩父公園前,秩父市,"K2、N2　久那線/K1　市内線, H1　原谷線"
朝日公園,上尾市,大石領家北上尾線
赤尾中,坂戸市,すぐろ線
秩父市役所前,西武観光バス（株）,P1　ミューズパーク線
秩父市役所前,秩父市,K2、N2　久那線/K1　市内線
鳩山高校入口,川越観光自動車（株）,鳩山ニュータウン
町谷南,上尾市,上平菅谷北上尾線
関山,朝日自動車（株）,"【HS05】蓮田駅東口〜西新宿〜根金〜根金神社入口〜井沼〜蓮田駅西口, 【HS01】蓮田駅西口〜井沼〜八幡神社前〜丸谷〜菖蒲車庫, 【HS02】蓮田駅西口〜井沼〜八幡神社前〜丸谷, 【HS03】蓮田駅西口〜井沼〜八幡神社前, 【HS04】蓮田駅西口〜井沼〜伊奈学園"
裁判所前,西武観光バス（株）,P1　ミューズパーク線
裁判所前,秩父市,K2、N2　久那線/K1　市内線
小室郵便局,伊奈町,南循環
吹塚新田,東武バスウエスト（株）,若01
黒浜小学校前,朝日自動車（株）,"【HS21】蓮田駅東口〜橋場〜国立東埼玉病院, 【HS22】蓮田駅東口〜橋場〜国立東埼玉病院〜江ヶ崎馬場, 【HS23】蓮田駅東口〜宿下〜国立東埼玉病院, 【HS24】蓮田駅東口〜宿下〜国立東埼玉病院〜江ヶ崎馬場, 【HS25】蓮田駅東口〜橋場〜国立東埼玉病院〜江ヶ崎馬場〜岩槻駅西口, 【HS26】蓮田駅東口〜宿下〜国立東埼玉病院〜江ヶ崎馬場〜岩槻駅西口"
城山公園西口前,桶川市,"西10, 西11"
大野,イーグルバス（株）,と03　ときがわ町路線
北春日部駅西口,春日部市,豊春・内牧・北春日部
神明公園前,桶川市,東40
西金野井花輪,春日部市,庄和北ルート
農免道入口,丸建つばさ交通（株）,県民活動センター〜伊奈病院〜蓮田駅西口行
泉台三丁目西,上尾市,大石桶川線
関山3丁目,丸建つばさ交通（株）,"蓮田駅西口-白岡中央総合病院線, 蓮田駅西口-白岡中央総合病院線　白岡西3丁目行"
神明二丁目,桶川市,東40
お花見広場入口,春日部市,豊春・内牧・北春日部
平塚北交差点,朝日自動車（株）,"【AG81】上尾駅東口〜火の見下〜平塚住宅前〜上尾駅東口, 【AG82】上尾駅東口〜火の見下〜平塚住宅前, 【AG83】火の見下〜平塚住宅前〜上尾駅東口"
谷中公園入口,春日部市,豊春・内牧・北春日部
泉台三丁目中,上尾市,大石桶川線
消防署東,上尾市,"原市平塚循環, 上平菅谷北上尾線"
相原橋,西武観光バス（株）,M5、M6、M7　中津川線
栄町三丁目,朝日自動車（株）,"【KB34】春日部駅西口〜内牧彩光苑〜春日部エミナース, 【KB35】春日部駅西口〜内牧彩光苑"
中平塚,上尾市,原市平塚循環
藤波団地,上尾市,大石桶川線
上平公園南口,上尾市,上平菅谷北上尾線
小室志久,丸建つばさ交通（株）,"上尾駅東口-蓮田駅西口線（薬科大学経由）, がんセンター〜日本薬科大学〜志久駅〜蓮田駅西口行"
狐塚会館前,桶川市,"西10, 西11, 西12"
川田谷支所,東武バスウエスト（株）,川越04
朝日二丁目,桶川市,西30
朝日公園,桶川市,西30
小室志久,朝日自動車（株）,"【AG72】上尾駅東口〜西原〜がんセンター〜伊奈役場, 【AG73】上尾駅東口〜西原〜伊奈役場"
木のむらキャンプ場入口,イーグルバス（株）,と03　ときがわ町路線
西門前,朝日自動車（株）,"【AG91】上尾駅東口〜羽貫駅前〜伊奈学園, 【AG92】上尾駅東口〜羽貫駅前, 【AG93】上尾駅東口〜羽貫駅前〜伊奈学園〜県民活動総合センター"
本,伊奈町,南循環
本,丸建つばさ交通（株）,"上尾駅東口-蓮田駅西口線（薬科大学経由）, がんセンター〜日本薬科大学〜志久駅〜蓮田駅西口行"
泉台三丁目東,上尾市,大石桶川線
西武秩父駅,西武観光バス（株）,"G1、G2　小鹿野線, P1　ミューズパーク線, Y1、Y2、Y3　横瀬線, T1、T2　定峰線, T3　三沢線, D1、D2　秩父吉田線, M4急行　三峯神社線, M5、M6、M7　中津川線"
西武秩父駅,秩父市,"K2、N2　久那線/K1　市内線, H1　原谷線"
幸松第二公民館,春日部市,粕壁・幸松ルート
平塚住宅前,朝日自動車（株）,"【AG81】上尾駅東口〜火の見下〜平塚住宅前〜上尾駅東口, 【AG82】上尾駅東口〜火の見下〜平塚住宅前, 【AG83】火の見下〜平塚住宅前〜上尾駅東口"
楽応寺入口,春日部市,豊春・内牧・北春日部
島田東部集会所,坂戸市,すぐろ線
旗立台,川越観光自動車（株）,電大線
南戸守,東武バスウエスト（株）,"若01, 川越01・川越02"
藤波三丁目,上尾市,大石桶川線
井戸木記念会館,上尾市,大石領家北上尾線
栄6丁目北,丸建つばさ交通（株）,"上尾駅東口-蓮田駅西口線（薬科大学経由）, 県民活動センター〜伊奈病院〜蓮田駅西口行, がんセンター〜日本薬科大学〜志久駅〜蓮田駅西口行"
神明二丁目南,桶川市,東40
火の見下,朝日自動車（株）,"【AG81】上尾駅東口〜火の見下〜平塚住宅前〜上尾駅東口, 【AG82】上尾駅東口〜火の見下〜平塚住宅前, 【AG83】火の見下〜平塚住宅前〜上尾駅東口"
姿,西武観光バス（株）,Y1、Y2、Y3　横瀬線
島田本村,坂戸市,すぐろ線
宿自治会館前,朝日自動車（株）,"【HS31】蓮田駅東口〜西新宿〜根金〜下大崎〜台〜菖蒲仲橋, 【HS32】蓮田駅東口〜西新宿〜根金〜下大崎, 【HS33】蓮田駅東口〜西新宿〜根金, 【HS05】蓮田駅東口〜西新宿〜根金〜根金神社入口〜井沼〜蓮田駅西口, 【HS34】蓮田駅東口〜西新宿〜パルシー・ハストピア, 【HS35】蓮田駅東口〜西新宿"
日本薬科大学前,丸建つばさ交通（株）,"上尾駅東口-蓮田駅西口線（薬科大学経由）, がんセンター〜日本薬科大学〜志久駅〜蓮田駅西口行"
井戸木郵便局前,上尾市,大石桶川線
新川橋,朝日自動車（株）,"【KB51】春日部駅東口〜イ春, 【KB52】春日部駅東口〜イ春〜関タ, 【KB53】春日部駅東口〜関タ, 【KB54】春日部駅東口〜イ春〜庄和総合支所〜関タ, 【KB55】春日部駅東口〜イ春〜関タ〜関は, 【KB56】春日部駅東口〜関タ〜関は, 【KB57】春日部駅東口〜イ春〜庄和総合支所"
ミューズパークスポーツの森,西武観光バス（株）,P1　ミューズパーク線
旗立台南,川越観光自動車（株）,電大線
久保,上尾市,上平菅谷北上尾線
蓮田中央小入口,丸建つばさ交通（株）,"蓮田駅西口-白岡中央総合病院線, 蓮田駅西口-白岡中央総合病院線　白岡西3丁目行"
上町,西武観光バス（株）,P1　ミューズパーク線
上町,秩父市,K2、N2　久那線/K1　市内線
新井団地,朝日自動車（株）,"【HS21】蓮田駅東口〜橋場〜国立東埼玉病院, 【HS22】蓮田駅東口〜橋場〜国立東埼玉病院〜江ヶ崎馬場, 【HS23】蓮田駅東口〜宿下〜国立東埼玉病院, 【HS24】蓮田駅東口〜宿下〜国立東埼玉病院〜江ヶ崎馬場, 【HS25】蓮田駅東口〜橋場〜国立東埼玉病院〜江ヶ崎馬場〜岩槻駅西口, 【HS26】蓮田駅東口〜宿下〜国立東埼玉病院〜江ヶ崎馬場〜岩槻駅西口"
朝日小学校入口,桶川市,西30
柳原,朝日自動車（株）,"【KB51】春日部駅東口〜イ春, 【KB52】春日部駅東口〜イ春〜関タ, 【KB53】春日部駅東口〜関タ, 【KB54】春日部駅東口〜イ春〜庄和総合支所〜関タ, 【KB55】春日部駅東口〜イ春〜関タ〜関は, 【KB56】春日部駅東口〜関タ〜関は, 【KB57】春日部駅東口〜イ春〜庄和総合支所"
狐塚団地前,桶川市,西12
三ツ木,桶川市,"西10, 西11"
三ツ木,東武バスウエスト（株）,川越04
横瀬駅入口,西武観光バス（株）,Y1、Y2、Y3　横瀬線
川島農協前,東武バスウエスト（株）,川越03
栄6丁目,伊奈町,南循環
栄6丁目,丸建つばさ交通（株）,"上尾駅東口-蓮田駅西口線（薬科大学経由）, 県民活動センター〜伊奈病院〜蓮田駅西口行, がんセンター〜日本薬科大学〜志久駅〜蓮田駅西口行"
関山三丁目,朝日自動車（株）,"【HS05】蓮田駅東口〜西新宿〜根金〜根金神社入口〜井沼〜蓮田駅西口, 【HS01】蓮田駅西口〜井沼〜八幡神社前〜丸谷〜菖蒲車庫, 【HS02】蓮田駅西口〜井沼〜八幡神社前〜丸谷, 【HS03】蓮田駅西口〜井沼〜八幡神社前, 【HS04】蓮田駅西口〜井沼〜伊奈学園"
朝日三丁目,桶川市,西30
井戸木記念会館南,上尾市,大石領家北上尾線
中カ,イーグルバス（株）,と03　ときがわ町路線
藤波四丁目,上尾市,大石桶川線
チサン霊園前,イーグルバス（株）,と05-2　ときがわ町路線
金崎はなわ団地,春日部市,庄和北ルート
志久西,伊奈町,南循環
井戸木三丁目,上尾市,大石桶川線
藤波公民館,上尾市,大石桶川線
天然温泉極楽湯前（向原）,上尾市,"原市平塚循環, 上平菅谷北上尾線"
志久南,伊奈町,南循環
かえで公園入口,上尾市,大石領家北上尾線
柏原,東武バスウエスト（株）,川越04
栄町会館入口,春日部市,豊春・内牧・北春日部
栄町会館入口,朝日自動車（株）,"【KB34】春日部駅西口〜内牧彩光苑〜春日部エミナース, 【KB35】春日部駅西口〜内牧彩光苑"
塚内古墳群,春日部市,豊春・内牧・北春日部
ニュータウン中央,川越観光自動車（株）,鳩山ニュータウン
赤尾金山,坂戸市,すぐろ線
関山一丁目,朝日自動車（株）,"【HS05】蓮田駅東口〜西新宿〜根金〜根金神社入口〜井沼〜蓮田駅西口, 【HS01】蓮田駅西口〜井沼〜八幡神社前〜丸谷〜菖蒲車庫, 【HS02】蓮田駅西口〜井沼〜八幡神社前〜丸谷, 【HS03】蓮田駅西口〜井沼〜八幡神社前, 【HS04】蓮田駅西口〜井沼〜伊奈学園"
クレイン伊奈前,丸建つばさ交通（株）,"上尾駅東口-蓮田駅西口線（薬科大学経由）, がんセンター〜日本薬科大学〜志久駅〜蓮田駅西口行"
トーハン上尾センター,朝日自動車（株）,"【AG81】上尾駅東口〜火の見下〜平塚住宅前〜上尾駅東口, 【AG82】上尾駅東口〜火の見下〜平塚住宅前, 【AG83】火の見下〜平塚住宅前〜上尾駅東口"
狐塚団地入口,桶川市,"西10, 西11, 西12"
札所二十四番,秩父市,K2、N2　久那線/K1　市内線
天神橋下,東武バスウエスト（株）,若01
八幡団地,東武バスウエスト（株）,"若01, 川越01・川越02"
丸山,伊奈町,南循環
上中山,東武バスウエスト（株）,川越01・川越02
島田上宿,坂戸市,すぐろ線
東京電機大学本館前,川越観光自動車（株）,電大線
ふじ学園入口,上尾市,大石桶川線
上熊井,鳩山町,町営路線バス
東高校入口,朝日自動車（株）,"【KB51】春日部駅東口〜イ春, 【KB52】春日部駅東口〜イ春〜関タ, 【KB53】春日部駅東口〜関タ, 【KB54】春日部駅東口〜イ春〜庄和総合支所〜関タ, 【KB55】春日部駅東口〜イ春〜関タ〜関は, 【KB56】春日部駅東口〜関タ〜関は, 【KB57】春日部駅東口〜イ春〜庄和総合支所"
東丸山,朝日自動車（株）,"【AG72】上尾駅東口〜西原〜がんセンター〜伊奈役場, 【AG73】上尾駅東口〜西原〜伊奈役場"
西金野井団地,春日部市,"庄和北ルート, 庄和南ルート"
空堀川,イーグルバス（株）,と03　ときがわ町路線
イオンモール春日部前,朝日自動車（株）,"【KB51】春日部駅東口〜イ春, 【KB52】春日部駅東口〜イ春〜関タ, 【KB54】春日部駅東口〜イ春〜庄和総合支所〜関タ, 【KB55】春日部駅東口〜イ春〜関タ〜関は, 【KB57】春日部駅東口〜イ春〜庄和総合支所"
イオンモール春日部,春日部市,"粕壁・幸松ルート, 庄和北ルート, 庄和南ルート"
丸山東,伊奈町,南循環
宿下,朝日自動車（株）,"【HS31】蓮田駅東口〜西新宿〜根金〜下大崎〜台〜菖蒲仲橋, 【HS32】蓮田駅東口〜西新宿〜根金〜下大崎, 【HS33】蓮田駅東口〜西新宿〜根金, 【HS05】蓮田駅東口〜西新宿〜根金〜根金神社入口〜井沼〜蓮田駅西口, 【HS34】蓮田駅東口〜西新宿〜パルシー・ハストピア, 【HS35】蓮田駅東口〜西新宿, 【HS23】蓮田駅東口〜宿下〜国立東埼玉病院, 【HS24】蓮田駅東口〜宿下〜国立東埼玉病院〜江ヶ崎馬場, 【HS26】蓮田駅東口〜宿下〜国立東埼玉病院〜江ヶ崎馬場〜岩槻駅西口"
平塚公園,上尾市,原市平塚循環
緑ヶ丘五丁目,朝日自動車（株）,"【AG91】上尾駅東口〜羽貫駅前〜伊奈学園, 【AG92】上尾駅東口〜羽貫駅前, 【AG93】上尾駅東口〜羽貫駅前〜伊奈学園〜県民活動総合センター"
熊井,川越観光自動車（株）,大橋線
丸山,朝日自動車（株）,"【AG72】上尾駅東口〜西原〜がんセンター〜伊奈役場, 【AG73】上尾駅東口〜西原〜伊奈役場"
大石保育所入口,上尾市,大石桶川線
第二中学,秩父市,K2、N2　久那線/K1　市内線
中妻五丁目,上尾市,大石領家北上尾線
八丁目山中集会所,春日部市,粕壁・幸松ルート
相の原,朝日自動車（株）,"【HS25】蓮田駅東口〜橋場〜国立東埼玉病院〜江ヶ崎馬場〜岩槻駅西口, 【HS26】蓮田駅東口〜宿下〜国立東埼玉病院〜江ヶ崎馬場〜岩槻駅西口, 【IW11】岩槻駅西口〜江ヶ崎馬場〜国立東埼玉病院"
塚内公園入口,春日部市,豊春・内牧・北春日部
北上尾駅入口,上尾市,上平箕の木循環
横瀬公民館前,西武観光バス（株）,Y1、Y2、Y3　横瀬線
栄5丁目,伊奈町,南循環
栄5丁目,丸建つばさ交通（株）,"上尾駅東口-蓮田駅西口線（薬科大学経由）, 県民活動センター〜伊奈病院〜蓮田駅西口行, がんセンター〜日本薬科大学〜志久駅〜蓮田駅西口行"
中双里,西武観光バス（株）,M5、M6、M7　中津川線
火の見下,朝日自動車（株）,"【HS21】蓮田駅東口〜橋場〜国立東埼玉病院, 【HS22】蓮田駅東口〜橋場〜国立東埼玉病院〜江ヶ崎馬場, 【HS23】蓮田駅東口〜宿下〜国立東埼玉病院, 【HS24】蓮田駅東口〜宿下〜国立東埼玉病院〜江ヶ崎馬場, 【HS25】蓮田駅東口〜橋場〜国立東埼玉病院〜江ヶ崎馬場〜岩槻駅西口, 【HS26】蓮田駅東口〜宿下〜国立東埼玉病院〜江ヶ崎馬場〜岩槻駅西口"
黒沼笠原沼用水路,春日部市,豊春・内牧・北春日部
北上尾駅東口,上尾市,"上平菅谷北上尾線, 上平箕の木循環"
がんセンター北口,朝日自動車（株）,"【AG71】上尾駅東口〜西原〜がんセンター, 【AG72】上尾駅東口〜西原〜がんセンター〜伊奈役場, 【AG73】上尾駅東口〜西原〜伊奈役場"
狐塚南部,桶川市,"西10, 西11"
アッピーランド西,上尾市,"原市平塚循環, 上平菅谷北上尾線"
北上尾駅西口（上尾駅行）,上尾市,大石桶川線
北上尾駅西口,上尾市,大石領家北上尾線
藤の木団地,朝日自動車（株）,"【HS31】蓮田駅東口〜西新宿〜根金〜下大崎〜台〜菖蒲仲橋, 【HS32】蓮田駅東口〜西新宿〜根金〜下大崎, 【HS33】蓮田駅東口〜西新宿〜根金, 【HS05】蓮田駅東口〜西新宿〜根金〜根金神社入口〜井沼〜蓮田駅西口, 【HS34】蓮田駅東口〜西新宿〜パルシー・ハストピア, 【HS35】蓮田駅東口〜西新宿, 【HS23】蓮田駅東口〜宿下〜国立東埼玉病院, 【HS24】蓮田駅東口〜宿下〜国立東埼玉病院〜江ヶ崎馬場, 【HS26】蓮田駅東口〜宿下〜国立東埼玉病院〜江ヶ崎馬場〜岩槻駅西口"
秋葉神社,朝日自動車（株）,"【HS23】蓮田駅東口〜宿下〜国立東埼玉病院, 【HS24】蓮田駅東口〜宿下〜国立東埼玉病院〜江ヶ崎馬場, 【HS26】蓮田駅東口〜宿下〜国立東埼玉病院〜江ヶ崎馬場〜岩槻駅西口"
北上尾駅西口（桶川駅行）,上尾市,大石桶川線
中妻三丁目北,上尾市,大石領家北上尾線
桶川西高校入口,桶川市,"西10, 西11, 西12"
十文橋,春日部市,粕壁・幸松ルート
アッピーランド,上尾市,"原市平塚循環, 上平菅谷北上尾線"
酒づくりの森,西武観光バス（株）,P1　ミューズパーク線
向原,朝日自動車（株）,"【AG81】上尾駅東口〜火の見下〜平塚住宅前〜上尾駅東口, 【AG82】上尾駅東口〜火の見下〜平塚住宅前, 【AG83】火の見下〜平塚住宅前〜上尾駅東口"
国際学院高校入口,丸建つばさ交通（株）,"上尾駅東口-蓮田駅西口線（薬科大学経由）, がんセンター〜日本薬科大学〜志久駅〜蓮田駅西口行"
泉台二丁目,上尾市,大石桶川線
サブセンター前,川越観光自動車（株）,鳩山ニュータウン
川島消防署前,東武バスウエスト（株）,川越03
柏原,桶川市,"西10, 西11"
赤尾下,坂戸市,すぐろ線
中妻四丁目,上尾市,大石領家北上尾線
金仙寺入口,西武観光バス（株）,P1　ミューズパーク線
無線入口,朝日自動車（株）,"【AG71】上尾駅東口〜西原〜がんセンター, 【AG72】上尾駅東口〜西原〜がんセンター〜伊奈役場, 【AG73】上尾駅東口〜西原〜伊奈役場"
樋堀西,朝日自動車（株）,"【KB51】春日部駅東口〜イ春, 【KB52】春日部駅東口〜イ春〜関タ, 【KB53】春日部駅東口〜関タ, 【KB54】春日部駅東口〜イ春〜庄和総合支所〜関タ, 【KB55】春日部駅東口〜イ春〜関タ〜関は, 【KB56】春日部駅東口〜関タ〜関は, 【KB57】春日部駅東口〜イ春〜庄和総合支所"
緑町一丁目,朝日自動車（株）,"【HS31】蓮田駅東口〜西新宿〜根金〜下大崎〜台〜菖蒲仲橋, 【HS32】蓮田駅東口〜西新宿〜根金〜下大崎, 【HS33】蓮田駅東口〜西新宿〜根金, 【HS05】蓮田駅東口〜西新宿〜根金〜根金神社入口〜井沼〜蓮田駅西口, 【HS34】蓮田駅東口〜西新宿〜パルシー・ハストピア, 【HS35】蓮田駅東口〜西新宿, 【HS23】蓮田駅東口〜宿下〜国立東埼玉病院, 【HS24】蓮田駅東口〜宿下〜国立東埼玉病院〜江ヶ崎馬場, 【HS26】蓮田駅東口〜宿下〜国立東埼玉病院〜江ヶ崎馬場〜岩槻駅西口"
中分五丁目,上尾市,大石桶川線
下古池,イーグルバス（株）,と05-2　ときがわ町路線
上町,朝日自動車（株）,"【HS05】蓮田駅東口〜西新宿〜根金〜根金神社入口〜井沼〜蓮田駅西口, 【HS02】蓮田駅西口〜井沼〜八幡神社前〜丸谷, 【HS03】蓮田駅西口〜井沼〜八幡神社前, 【HS04】蓮田駅西口〜井沼〜伊奈学園"
上,丸建つばさ交通（株）,"蓮田駅西口-白岡中央総合病院線, 蓮田駅西口-白岡中央総合病院線　白岡西3丁目行"
島田,坂戸市,すぐろ線
南小学校入口,丸建つばさ交通（株）,"上尾駅東口-蓮田駅西口線（薬科大学経由）, 県民活動センター〜伊奈病院〜蓮田駅西口行, がんセンター〜日本薬科大学〜志久駅〜蓮田駅西口行"
西金野井南,春日部市,"庄和北ルート, 庄和南ルート"
藤波一丁目,上尾市,大石桶川線
がんセンター,朝日自動車（株）,"【AG71】上尾駅東口〜西原〜がんセンター, 【AG72】上尾駅東口〜西原〜がんセンター〜伊奈役場"
がんセンター,伊奈町,南循環
がんセンター,丸建つばさ交通（株）,"上尾駅東口〜新がんセンター〜丸山駅〜蓮田駅西口行, がんセンター〜日本薬科大学〜志久駅〜蓮田駅西口行"
古利根公園橋,春日部市,粕壁・幸松ルート
上町（蓮田）,朝日自動車（株）,【HS01】蓮田駅西口〜井沼〜八幡神社前〜丸谷〜菖蒲車庫
本町,朝日自動車（株）,"【AG91】上尾駅東口〜羽貫駅前〜伊奈学園, 【AG92】上尾駅東口〜羽貫駅前, 【AG93】上尾駅東口〜羽貫駅前〜伊奈学園〜県民活動総合センター"
正風館,春日部市,庄和北ルート
東小学校入口,朝日自動車（株）,"【AG81】上尾駅東口〜火の見下〜平塚住宅前〜上尾駅東口, 【AG82】上尾駅東口〜火の見下〜平塚住宅前, 【AG83】火の見下〜平塚住宅前〜上尾駅東口"
見沼町,朝日自動車（株）,"【HS05】蓮田駅東口〜西新宿〜根金〜根金神社入口〜井沼〜蓮田駅西口, 【HS01】蓮田駅西口〜井沼〜八幡神社前〜丸谷〜菖蒲車庫, 【HS02】蓮田駅西口〜井沼〜八幡神社前〜丸谷, 【HS03】蓮田駅西口〜井沼〜八幡神社前, 【HS04】蓮田駅西口〜井沼〜伊奈学園"
鳩山中学校前,川越観光自動車（株）,大橋線
中妻一丁目,上尾市,"大石桶川線, 大石領家北上尾線"
総合福祉センター前,丸建つばさ交通（株）,上尾駅東口-蓮田駅西口線（薬科大学経由）
本町五丁目,上尾市,"原市平塚循環, 上平菅谷北上尾線"
黒浜,朝日自動車（株）,"【HS23】蓮田駅東口〜宿下〜国立東埼玉病院, 【HS24】蓮田駅東口〜宿下〜国立東埼玉病院〜江ヶ崎馬場, 【HS26】蓮田駅東口〜宿下〜国立東埼玉病院〜江ヶ崎馬場〜岩槻駅西口"
丸山公民館,伊奈町,南循環
丸山公民館,丸建つばさ交通（株）,上尾駅東口〜新がんセンター〜丸山駅〜蓮田駅西口行
栄橋,朝日自動車（株）,"【KB34】春日部駅西口〜内牧彩光苑〜春日部エミナース, 【KB35】春日部駅西口〜内牧彩光苑"
北の下,朝日自動車（株）,"【AG71】上尾駅東口〜西原〜がんセンター, 【AG72】上尾駅東口〜西原〜がんセンター〜伊奈役場, 【AG73】上尾駅東口〜西原〜伊奈役場"
総合福祉センター,上尾市,原市平塚循環
グーかすかべ前,春日部市,粕壁・幸松ルート
山ケ谷戸,東武バスウエスト（株）,川越04
久伊豆神社前,朝日自動車（株）,"【HS21】蓮田駅東口〜橋場〜国立東埼玉病院, 【HS22】蓮田駅東口〜橋場〜国立東埼玉病院〜江ヶ崎馬場, 【HS23】蓮田駅東口〜宿下〜国立東埼玉病院, 【HS24】蓮田駅東口〜宿下〜国立東埼玉病院〜江ヶ崎馬場, 【HS25】蓮田駅東口〜橋場〜国立東埼玉病院〜江ヶ崎馬場〜岩槻駅西口, 【HS26】蓮田駅東口〜宿下〜国立東埼玉病院〜江ヶ崎馬場〜岩槻駅西口"
薬師堂北部,桶川市,"西10, 西11"
小室別所,伊奈町,南循環
桜川小学校,春日部市,庄和北ルート
巴川,西武観光バス（株）,P1　ミューズパーク線
巴川,秩父市,K2、N2　久那線/K1　市内線
竹の谷,イーグルバス（株）,と03　ときがわ町路線
大石北小学校西,上尾市,大石桶川線
東三丁目,朝日自動車（株）,"【HS31】蓮田駅東口〜西新宿〜根金〜下大崎〜台〜菖蒲仲橋, 【HS32】蓮田駅東口〜西新宿〜根金〜下大崎, 【HS33】蓮田駅東口〜西新宿〜根金, 【HS05】蓮田駅東口〜西新宿〜根金〜根金神社入口〜井沼〜蓮田駅西口, 【HS34】蓮田駅東口〜西新宿〜パルシー・ハストピア, 【HS35】蓮田駅東口〜西新宿, 【HS21】蓮田駅東口〜橋場〜国立東埼玉病院, 【HS22】蓮田駅東口〜橋場〜国立東埼玉病院〜江ヶ崎馬場, 【HS23】蓮田駅東口〜宿下〜国立東埼玉病院, 【HS24】蓮田駅東口〜宿下〜国立東埼玉病院〜江ヶ崎馬場, 【HS25】蓮田駅東口〜橋場〜国立東埼玉病院〜江ヶ崎馬場〜岩槻駅西口, 【HS26】蓮田駅東口〜宿下〜国立東埼玉病院〜江ヶ崎馬場〜岩槻駅西口"
緑丘二丁目,上尾市,上平箕の木循環
埼葛斎場前,春日部市,豊春・内牧・北春日部
牛ケ谷戸,東武バスウエスト（株）,川越04
中妻三丁目,上尾市,大石領家北上尾線
下柳南,春日部市,庄和北ルート
押堀,秩父市,K2、N2　久那線/K1　市内線
ことぶき荘,坂戸市,"すぐろ線, みよしの線"
中山,東武バスウエスト（株）,川越01・川越02
横瀬橋,西武観光バス（株）,Y1、Y2、Y3　横瀬線
篠の坂,イーグルバス（株）,と03　ときがわ町路線
南部大公園,伊奈町,南循環
南部大公園,丸建つばさ交通（株）,"上尾駅東口-蓮田駅西口線（薬科大学経由）, 県民活動センター〜伊奈病院〜蓮田駅西口行, がんセンター〜日本薬科大学〜志久駅〜蓮田駅西口行"
観音入口,朝日自動車（株）,"【HS25】蓮田駅東口〜橋場〜国立東埼玉病院〜江ヶ崎馬場〜岩槻駅西口, 【HS26】蓮田駅東口〜宿下〜国立東埼玉病院〜江ヶ崎馬場〜岩槻駅西口, 【IW11】岩槻駅西口〜江ヶ崎馬場〜国立東埼玉病院"
鳩山ニュータウン,川越観光自動車（株）,鳩山ニュータウン
浅間前,朝日自動車（株）,"【AG91】上尾駅東口〜羽貫駅前〜伊奈学園, 【AG92】上尾駅東口〜羽貫駅前, 【AG93】上尾駅東口〜羽貫駅前〜伊奈学園〜県民活動総合センター"
旭町,西武観光バス（株）,P1　ミューズパーク線
西原,朝日自動車（株）,"【AG71】上尾駅東口〜西原〜がんセンター, 【AG72】上尾駅東口〜西原〜がんセンター〜伊奈役場, 【AG73】上尾駅東口〜西原〜伊奈役場, 【HO21】上尾駅東口〜西原〜仲町〜県営砂団地〜東大宮駅, 【HO22】上尾駅東口〜西原〜仲町〜沼南駅前〜尾山台団地〜東大宮駅"
西原,上尾市,原市平塚循環
浅間台一丁目,上尾市,大石桶川線
上尾中央看護学校前,丸建つばさ交通（株）,上尾駅東口-蓮田駅西口線（薬科大学経由）
上尾中央看護専門学校,朝日自動車（株）,"【AG71】上尾駅東口〜西原〜がんセンター, 【AG72】上尾駅東口〜西原〜がんセンター〜伊奈役場, 【AG73】上尾駅東口〜西原〜伊奈役場, 【HO21】上尾駅東口〜西原〜仲町〜県営砂団地〜東大宮駅, 【HO22】上尾駅東口〜西原〜仲町〜沼南駅前〜尾山台団地〜東大宮駅"
駅入口,朝日自動車（株）,"【KB51】春日部駅東口〜イ春, 【KB52】春日部駅東口〜イ春〜関タ, 【KB53】春日部駅東口〜関タ, 【KB54】春日部駅東口〜イ春〜庄和総合支所〜関タ, 【KB55】春日部駅東口〜イ春〜関タ〜関は, 【KB56】春日部駅東口〜関タ〜関は, 【KB57】春日部駅東口〜イ春〜庄和総合支所"
鹿の下,イーグルバス（株）,と05-2　ときがわ町路線
原の前,朝日自動車（株）,"【AG71】上尾駅東口〜西原〜がんセンター, 【AG72】上尾駅東口〜西原〜がんセンター〜伊奈役場, 【AG73】上尾駅東口〜西原〜伊奈役場, 【HO21】上尾駅東口〜西原〜仲町〜県営砂団地〜東大宮駅, 【HO22】上尾駅東口〜西原〜仲町〜沼南駅前〜尾山台団地〜東大宮駅"
原の前,丸建つばさ交通（株）,上尾駅東口-蓮田駅西口線（薬科大学経由）
下郷農村センター,伊奈町,南循環
児童館アッピーランド入口,朝日自動車（株）,"【AG81】上尾駅東口〜火の見下〜平塚住宅前〜上尾駅東口, 【AG82】上尾駅東口〜火の見下〜平塚住宅前, 【AG83】火の見下〜平塚住宅前〜上尾駅東口"
女子高入口,朝日自動車（株）,"【KB51】春日部駅東口〜イ春, 【KB52】春日部駅東口〜イ春〜関タ, 【KB53】春日部駅東口〜関タ, 【KB54】春日部駅東口〜イ春〜庄和総合支所〜関タ, 【KB55】春日部駅東口〜イ春〜関タ〜関は, 【KB56】春日部駅東口〜関タ〜関は, 【KB57】春日部駅東口〜イ春〜庄和総合支所"
ミューズパーク南口,西武観光バス（株）,P1　ミューズパーク線
平沼,東武バスウエスト（株）,川越03
鴨川中央公園西,上尾市,大石桶川線
秩父病院,西武観光バス（株）,P1　ミューズパーク線
秩父病院,秩父市,K2、N2　久那線/K1　市内線
いずみの学園前,桶川市,"西10, 西11"
蓮田駅西口,朝日自動車（株）,"【HS05】蓮田駅東口〜西新宿〜根金〜根金神社入口〜井沼〜蓮田駅西口, 【HS01】蓮田駅西口〜井沼〜八幡神社前〜丸谷〜菖蒲車庫, 【HS02】蓮田駅西口〜井沼〜八幡神社前〜丸谷, 【HS03】蓮田駅西口〜井沼〜八幡神社前, 【HS04】蓮田駅西口〜井沼〜伊奈学園"
蓮田駅西口,丸建つばさ交通（株）,"上尾駅東口-蓮田駅西口線（薬科大学経由）, 県民活動センター〜伊奈病院〜蓮田駅西口行, 上尾駅東口〜新がんセンター〜丸山駅〜蓮田駅西口行, がんセンター〜日本薬科大学〜志久駅〜蓮田駅西口行, 蓮田駅西口-白岡中央総合病院線, 蓮田駅西口-白岡中央総合病院線　白岡西3丁目行"
新方袋,春日部市,豊春・内牧・北春日部
伊奈南中学校前,丸建つばさ交通（株）,上尾駅東口〜新がんセンター〜丸山駅〜蓮田駅西口行
薬師堂自治会館,桶川市,"西10, 西11"
大石中学校東,上尾市,"大石桶川線, 大石領家北上尾線"
川島,朝日自動車（株）,"【HS21】蓮田駅東口〜橋場〜国立東埼玉病院, 【HS22】蓮田駅東口〜橋場〜国立東埼玉病院〜江ヶ崎馬場, 【HS25】蓮田駅東口〜橋場〜国立東埼玉病院〜江ヶ崎馬場〜岩槻駅西口"
丸山スポーツ広場,伊奈町,南循環
二ツ宮郵便局前,丸建つばさ交通（株）,上尾駅東口-蓮田駅西口線（薬科大学経由）
蓮田駅東口,朝日自動車（株）,"【HS31】蓮田駅東口〜西新宿〜根金〜下大崎〜台〜菖蒲仲橋, 【HS32】蓮田駅東口〜西新宿〜根金〜下大崎, 【HS33】蓮田駅東口〜西新宿〜根金, 【HS05】蓮田駅東口〜西新宿〜根金〜根金神社入口〜井沼〜蓮田駅西口, 【HS34】蓮田駅東口〜西新宿〜パルシー・ハストピア, 【HS35】蓮田駅東口〜西新宿, 【HS21】蓮田駅東口〜橋場〜国立東埼玉病院, 【HS22】蓮田駅東口〜橋場〜国立東埼玉病院〜江ヶ崎馬場, 【HS23】蓮田駅東口〜宿下〜国立東埼玉病院, 【HS24】蓮田駅東口〜宿下〜国立東埼玉病院〜江ヶ崎馬場, 【HS25】蓮田駅東口〜橋場〜国立東埼玉病院〜江ヶ崎馬場〜岩槻駅西口, 【HS26】蓮田駅東口〜宿下〜国立東埼玉病院〜江ヶ崎馬場〜岩槻駅西口"
蓮田駅入口,朝日自動車（株）,"【HS31】蓮田駅東口〜西新宿〜根金〜下大崎〜台〜菖蒲仲橋, 【HS32】蓮田駅東口〜西新宿〜根金〜下大崎, 【HS33】蓮田駅東口〜西新宿〜根金, 【HS05】蓮田駅東口〜西新宿〜根金〜根金神社入口〜井沼〜蓮田駅西口, 【HS34】蓮田駅東口〜西新宿〜パルシー・ハストピア, 【HS35】蓮田駅東口〜西新宿, 【HS21】蓮田駅東口〜橋場〜国立東埼玉病院, 【HS22】蓮田駅東口〜橋場〜国立東埼玉病院〜江ヶ崎馬場, 【HS23】蓮田駅東口〜宿下〜国立東埼玉病院, 【HS24】蓮田駅東口〜宿下〜国立東埼玉病院〜江ヶ崎馬場, 【HS25】蓮田駅東口〜橋場〜国立東埼玉病院〜江ヶ崎馬場〜岩槻駅西口, 【HS26】蓮田駅東口〜宿下〜国立東埼玉病院〜江ヶ崎馬場〜岩槻駅西口"
蓮田駅,国際興業（株）,"蓮11, 蓮12"
平塚サッカー場,上尾市,原市平塚循環
中妻二丁目,上尾市,大石桶川線
中分三丁目,上尾市,大石桶川線
役場前,川越観光自動車（株）,大橋線
巴町,西武観光バス（株）,P1　ミューズパーク線
巴町,秩父市,K2、N2　久那線/K1　市内線
野損橋,春日部市,庄和北ルート
匠大塚本店前,朝日自動車（株）,"【KB51】春日部駅東口〜イ春, 【KB52】春日部駅東口〜イ春〜関タ, 【KB53】春日部駅東口〜関タ, 【KB54】春日部駅東口〜イ春〜庄和総合支所〜関タ, 【KB55】春日部駅東口〜イ春〜関タ〜関は, 【KB56】春日部駅東口〜関タ〜関は, 【KB57】春日部駅東口〜イ春〜庄和総合支所"
新宿新田西,春日部市,"庄和北ルート, 庄和南ルート"
向原入口,朝日自動車（株）,"【AG81】上尾駅東口〜火の見下〜平塚住宅前〜上尾駅東口, 【AG82】上尾駅東口〜火の見下〜平塚住宅前, 【AG83】火の見下〜平塚住宅前〜上尾駅東口"
上尾警察署東,上尾市,"原市平塚循環, 上平菅谷北上尾線"
南桜井駅北口,春日部市,"庄和北ルート, 庄和南ルート"
北部浄水場北,上尾市,大石桶川線
二ツ宮,朝日自動車（株）,"【AG71】上尾駅東口〜西原〜がんセンター, 【AG72】上尾駅東口〜西原〜がんセンター〜伊奈役場, 【AG73】上尾駅東口〜西原〜伊奈役場, 【HO21】上尾駅東口〜西原〜仲町〜県営砂団地〜東大宮駅, 【HO22】上尾駅東口〜西原〜仲町〜沼南駅前〜尾山台団地〜東大宮駅"
丸山駅,伊奈町,南循環
丸山駅,丸建つばさ交通（株）,上尾駅東口〜新がんセンター〜丸山駅〜蓮田駅西口行
浅間台二丁目,上尾市,大石桶川線
大衾,春日部市,庄和北ルート
橋場,朝日自動車（株）,"【HS21】蓮田駅東口〜橋場〜国立東埼玉病院, 【HS22】蓮田駅東口〜橋場〜国立東埼玉病院〜江ヶ崎馬場, 【HS25】蓮田駅東口〜橋場〜国立東埼玉病院〜江ヶ崎馬場〜岩槻駅西口"
岩槻北部公民館,さいたま市,岩槻区コミュニティバス
緑丘一丁目,上尾市,上平箕の木循環
小溝,さいたま市,岩槻区コミュニティバス
春日部駅東口,朝日自動車（株）,"【KB51】春日部駅東口〜イ春, 【KB52】春日部駅東口〜イ春〜関タ, 【KB53】春日部駅東口〜関タ, 【KB54】春日部駅東口〜イ春〜庄和総合支所〜関タ, 【KB55】春日部駅東口〜イ春〜関タ〜関は, 【KB56】春日部駅東口〜関タ〜関は, 【KB57】春日部駅東口〜イ春〜庄和総合支所, 【KB61】春日部駅東口〜女子高前〜緑町四丁目〜集〜消〜豊野工業団地, 【KB63】集〜緑町四丁目〜女子高前〜春日部駅東口, 【KB62】春日部駅東口〜女子高前〜緑町四丁目〜集〜消, 【KB64】春日部駅東口〜川守稲荷大明神〜集〜消〜豊野工業団地, 【KB65】春日部駅東口〜女子高前〜緑町四丁目〜女子高前〜春日部駅東口"
春日部駅東口,春日部市,粕壁・幸松ルート
薬師堂北,桶川市,西10
南栄町,朝日自動車（株）,"【KB34】春日部駅西口〜内牧彩光苑〜春日部エミナース, 【KB35】春日部駅西口〜内牧彩光苑"
東六丁目,朝日自動車（株）,"【KB61】春日部駅東口〜女子高前〜緑町四丁目〜集〜消〜豊野工業団地, 【KB63】集〜緑町四丁目〜女子高前〜春日部駅東口, 【KB62】春日部駅東口〜女子高前〜緑町四丁目〜集〜消, 【KB65】春日部駅東口〜女子高前〜緑町四丁目〜女子高前〜春日部駅東口"
粕壁東一丁目,春日部市,粕壁・幸松ルート
粕壁東一丁目,朝日自動車（株）,"【KB61】春日部駅東口〜女子高前〜緑町四丁目〜集〜消〜豊野工業団地, 【KB63】集〜緑町四丁目〜女子高前〜春日部駅東口, 【KB62】春日部駅東口〜女子高前〜緑町四丁目〜集〜消, 【KB64】春日部駅東口〜川守稲荷大明神〜集〜消〜豊野工業団地, 【KB65】春日部駅東口〜女子高前〜緑町四丁目〜女子高前〜春日部駅東口"
上尾警察署前,上尾市,上平箕の木循環
末広,丸建つばさ交通（株）,"上尾駅東口-蓮田駅西口線（薬科大学経由）, 県民活動センター〜伊奈病院〜蓮田駅西口行, 上尾駅東口〜新がんセンター〜丸山駅〜蓮田駅西口行, がんセンター〜日本薬科大学〜志久駅〜蓮田駅西口行"
中分公民館北,上尾市,大石桶川線
上尾警察前,朝日自動車（株）,"【AG81】上尾駅東口〜火の見下〜平塚住宅前〜上尾駅東口, 【AG82】上尾駅東口〜火の見下〜平塚住宅前, 【AG83】火の見下〜平塚住宅前〜上尾駅東口"
薬師堂東,桶川市,西11
一宮交差点,朝日自動車（株）,"【KB51】春日部駅東口〜イ春, 【KB52】春日部駅東口〜イ春〜関タ, 【KB53】春日部駅東口〜関タ, 【KB54】春日部駅東口〜イ春〜庄和総合支所〜関タ, 【KB55】春日部駅東口〜イ春〜関タ〜関は, 【KB56】春日部駅東口〜関タ〜関は, 【KB57】春日部駅東口〜イ春〜庄和総合支所"
教育センター,春日部市,粕壁・幸松ルート
南桜井駅南口,春日部市,庄和南ルート
大衾西,春日部市,"庄和北ルート, 庄和南ルート"
埼玉学園,朝日自動車（株）,"【AG71】上尾駅東口〜西原〜がんセンター, 【AG72】上尾駅東口〜西原〜がんセンター〜伊奈役場, 【AG73】上尾駅東口〜西原〜伊奈役場, 【HO21】上尾駅東口〜西原〜仲町〜県営砂団地〜東大宮駅, 【HO22】上尾駅東口〜西原〜仲町〜沼南駅前〜尾山台団地〜東大宮駅"
上尾市文化センター前,丸建つばさ交通（株）,上尾駅東口-蓮田駅西口線（薬科大学経由）
大石中学校西,上尾市,"大石桶川線, 大石領家北上尾線"
浅間,丸建つばさ交通（株）,上尾駅東口〜新がんセンター〜丸山駅〜蓮田駅西口行
下原,西武観光バス（株）,P1　ミューズパーク線
ニューサンピア埼玉おごせ,川越観光自動車（株）,黒山線
本町三丁目,上尾市,"原市平塚循環, 上平菅谷北上尾線, 上平箕の木循環"
泉台一丁目,上尾市,大石桶川線
上町二丁目,上尾市,上平箕の木循環
栄4丁目,伊奈町,南循環
栄4丁目,丸建つばさ交通（株）,"上尾駅東口-蓮田駅西口線（薬科大学経由）, 県民活動センター〜伊奈病院〜蓮田駅西口行, がんセンター〜日本薬科大学〜志久駅〜蓮田駅西口行"
女子高前,朝日自動車（株）,"【KB61】春日部駅東口〜女子高前〜緑町四丁目〜集〜消〜豊野工業団地, 【KB63】集〜緑町四丁目〜女子高前〜春日部駅東口, 【KB62】春日部駅東口〜女子高前〜緑町四丁目〜集〜消, 【KB65】春日部駅東口〜女子高前〜緑町四丁目〜女子高前〜春日部駅東口"
教育センター前,朝日自動車（株）,"【KB61】春日部駅東口〜女子高前〜緑町四丁目〜集〜消〜豊野工業団地, 【KB63】集〜緑町四丁目〜女子高前〜春日部駅東口, 【KB62】春日部駅東口〜女子高前〜緑町四丁目〜集〜消, 【KB64】春日部駅東口〜川守稲荷大明神〜集〜消〜豊野工業団地, 【KB65】春日部駅東口〜女子高前〜緑町四丁目〜女子高前〜春日部駅東口"
保健センター前,川越観光自動車（株）,大橋線
川島郵便局前,東武バスウエスト（株）,川越01・川越02
御前橋,丸建つばさ交通（株）,"上尾駅東口-蓮田駅西口線（薬科大学経由）, 県民活動センター〜伊奈病院〜蓮田駅西口行, 上尾駅東口〜新がんセンター〜丸山駅〜蓮田駅西口行, がんセンター〜日本薬科大学〜志久駅〜蓮田駅西口行"
春日部駅西口,春日部市,"増戸・豊春ルート, 粕壁・幸松ルート"
春日部駅西口,朝日自動車（株）,"【KB11】春日部駅西口〜市役所前〜秀, 【KB21】春日部駅西口〜地方庁舎前〜かすかべ温泉, 【KB22】春日部駅西口〜地方庁舎前〜秀〜かすかべ温泉, 【KB23】春日部駅西口〜地方庁舎前〜かすかべ温泉〜ウ, 【KB24】春日部駅西口〜地方庁舎前〜秀〜かすかべ温泉〜ウ, 【KB34】春日部駅西口〜内牧彩光苑〜春日部エミナース, 【KB35】春日部駅西口〜内牧彩光苑, 【KB31】春日部駅西口〜増富〜豊春第24公園〜春日部駅西口, 【KB32】増富〜豊春第24公園〜春日部駅西口, 【KB33】春日部駅西口〜増富〜豊春第24公園"
上尾市文化センター前,朝日自動車（株）,"【AG71】上尾駅東口〜西原〜がんセンター, 【AG72】上尾駅東口〜西原〜がんセンター〜伊奈役場, 【AG73】上尾駅東口〜西原〜伊奈役場, 【HO21】上尾駅東口〜西原〜仲町〜県営砂団地〜東大宮駅, 【HO22】上尾駅東口〜西原〜仲町〜沼南駅前〜尾山台団地〜東大宮駅"
下平塚,朝日自動車（株）,"【HO21】上尾駅東口〜西原〜仲町〜県営砂団地〜東大宮駅, 【HO22】上尾駅東口〜西原〜仲町〜沼南駅前〜尾山台団地〜東大宮駅"
田の沢入口,秩父市,K2、N2　久那線/K1　市内線
市役所通り入口,春日部市,粕壁・幸松ルート
米島東,春日部市,庄和南ルート
浅間台四丁目,上尾市,大石桶川線
あやめ会館前,丸建つばさ交通（株）,"上尾駅東口-蓮田駅西口線（薬科大学経由）, 県民活動センター〜伊奈病院〜蓮田駅西口行, がんセンター〜日本薬科大学〜志久駅〜蓮田駅西口行"
慈恩寺観音,さいたま市,岩槻区コミュニティバス
東五丁目,朝日自動車（株）,"【KB61】春日部駅東口〜女子高前〜緑町四丁目〜集〜消〜豊野工業団地, 【KB63】集〜緑町四丁目〜女子高前〜春日部駅東口, 【KB62】春日部駅東口〜女子高前〜緑町四丁目〜集〜消, 【KB65】春日部駅東口〜女子高前〜緑町四丁目〜女子高前〜春日部駅東口"
ゆめくる,伊奈町,南循環
影森中学校,西武観光バス（株）,P1　ミューズパーク線
東口郵便局,国際興業（株）,"蓮11, 蓮12"
中央小学校入口,上尾市,上平箕の木循環
満蔵寺入口,春日部市,豊春・内牧・北春日部
本町4丁目,丸建つばさ交通（株）,上尾駅東口-蓮田駅西口線（薬科大学経由）
春日部高校入口,朝日自動車（株）,"【KB34】春日部駅西口〜内牧彩光苑〜春日部エミナース, 【KB35】春日部駅西口〜内牧彩光苑"
東三丁目,朝日自動車（株）,"【KB61】春日部駅東口〜女子高前〜緑町四丁目〜集〜消〜豊野工業団地, 【KB63】集〜緑町四丁目〜女子高前〜春日部駅東口, 【KB62】春日部駅東口〜女子高前〜緑町四丁目〜集〜消, 【KB64】春日部駅東口〜川守稲荷大明神〜集〜消〜豊野工業団地, 【KB65】春日部駅東口〜女子高前〜緑町四丁目〜女子高前〜春日部駅東口"
小泉,上尾市,大石領家北上尾線
薬師堂,桶川市,西10
上野,朝日自動車（株）,"【HS25】蓮田駅東口〜橋場〜国立東埼玉病院〜江ヶ崎馬場〜岩槻駅西口, 【HS26】蓮田駅東口〜宿下〜国立東埼玉病院〜江ヶ崎馬場〜岩槻駅西口, 【IW11】岩槻駅西口〜江ヶ崎馬場〜国立東埼玉病院"
岩槻北陵高校,さいたま市,岩槻区コミュニティバス
あやめ会館入口,伊奈町,南循環
稲荷神社,上尾市,原市平塚循環
葛飾中学校東,春日部市,庄和南ルート
図書館入口,上尾市,上平箕の木循環
米島,春日部市,庄和南ルート
松原,桶川市,"西10, 西11"
ふれあいキューブ,春日部市,粕壁・幸松ルート
新宿新田南,春日部市,庄和南ルート
運動公園,坂戸市,すぐろ線
薬師堂南,桶川市,西11
四季彩館前,丸建つばさ交通（株）,上尾駅東口〜新がんセンター〜丸山駅〜蓮田駅西口行
戸口,川越観光自動車（株）,入西団地循環
市役所前,上尾市,"原市平塚循環, 上平菅谷北上尾線, 上平箕の木循環"
市役所前,朝日自動車（株）,"【AG71】上尾駅東口〜西原〜がんセンター, 【AG72】上尾駅東口〜西原〜がんセンター〜伊奈役場, 【AG73】上尾駅東口〜西原〜伊奈役場, 【HO21】上尾駅東口〜西原〜仲町〜県営砂団地〜東大宮駅, 【HO22】上尾駅東口〜西原〜仲町〜沼南駅前〜尾山台団地〜東大宮駅"
市役所前,丸建つばさ交通（株）,上尾駅東口-蓮田駅西口線（薬科大学経由）
人道橋,朝日自動車（株）,"【KB61】春日部駅東口〜女子高前〜緑町四丁目〜集〜消〜豊野工業団地, 【KB63】集〜緑町四丁目〜女子高前〜春日部駅東口, 【KB62】春日部駅東口〜女子高前〜緑町四丁目〜集〜消, 【KB65】春日部駅東口〜女子高前〜緑町四丁目〜女子高前〜春日部駅東口"
庄和幼稚園,春日部市,庄和南ルート
四季彩館,伊奈町,南循環
芦ヶ久保駅,西武観光バス（株）,Y1、Y2、Y3　横瀬線
根古屋,西武観光バス（株）,Y1、Y2、Y3　横瀬線
大石公民館北,上尾市,大石領家北上尾線
川地,西武観光バス（株）,Y1、Y2、Y3　横瀬線
浅間台大公園,上尾市,大石桶川線
中央公民館,春日部市,粕壁・幸松ルート
沢木,川越観光自動車（株）,入西団地循環
栄3丁目,丸建つばさ交通（株）,上尾駅東口〜新がんセンター〜丸山駅〜蓮田駅西口行
田の沢原,秩父市,K2、N2　久那線/K1　市内線
金田・沢木,坂戸市,にっさい線
上伊草,東武バスウエスト（株）,川越01・川越02
新堀,東武バスウエスト（株）,川越04
浅間台三丁目,上尾市,大石桶川線
樋詰北,桶川市,西10
津地団地,伊奈町,南循環
宮本町入口,朝日自動車（株）,"【AG91】上尾駅東口〜羽貫駅前〜伊奈学園, 【AG92】上尾駅東口〜羽貫駅前, 【AG93】上尾駅東口〜羽貫駅前〜伊奈学園〜県民活動総合センター, 【AG81】上尾駅東口〜火の見下〜平塚住宅前〜上尾駅東口, 【AG82】上尾駅東口〜火の見下〜平塚住宅前, 【AG83】火の見下〜平塚住宅前〜上尾駅東口, 【AG71】上尾駅東口〜西原〜がんセンター, 【AG72】上尾駅東口〜西原〜がんセンター〜伊奈役場, 【AG73】上尾駅東口〜西原〜伊奈役場, 【HO21】上尾駅東口〜西原〜仲町〜県営砂団地〜東大宮駅, 【HO22】上尾駅東口〜西原〜仲町〜沼南駅前〜尾山台団地〜東大宮駅"
南平塚,朝日自動車（株）,"【HO21】上尾駅東口〜西原〜仲町〜県営砂団地〜東大宮駅, 【HO22】上尾駅東口〜西原〜仲町〜沼南駅前〜尾山台団地〜東大宮駅"
南平塚,丸建つばさ交通（株）,上尾駅東口〜新がんセンター〜丸山駅〜蓮田駅西口行
アイチコーポレーション本社前・工業団地北,上尾市,"大石領家北上尾線, 平方丸山公園線"
志の崎,丸建つばさ交通（株）,上尾駅東口〜新がんセンター〜丸山駅〜蓮田駅西口行
宮川小学校入口,春日部市,豊春・内牧・北春日部
市役所前,春日部市,"増戸・豊春ルート, 粕壁・幸松ルート"
市役所前,朝日自動車（株）,【KB11】春日部駅西口〜市役所前〜秀
保健センター前,上尾市,"大石桶川線, 大石領家北上尾線, 平方丸山公園線"
末広町,坂戸市,さかど線
折区公会堂,秩父市,K2、N2　久那線/K1　市内線
川久保公園,朝日自動車（株）,"【KB61】春日部駅東口〜女子高前〜緑町四丁目〜集〜消〜豊野工業団地, 【KB63】集〜緑町四丁目〜女子高前〜春日部駅東口, 【KB62】春日部駅東口〜女子高前〜緑町四丁目〜集〜消, 【KB64】春日部駅東口〜川守稲荷大明神〜集〜消〜豊野工業団地, 【KB65】春日部駅東口〜女子高前〜緑町四丁目〜女子高前〜春日部駅東口"
春日部市役所,春日部市,"増戸・豊春ルート, 粕壁・幸松ルート"
金田,川越観光自動車（株）,入西団地循環
裏慈恩寺,朝日自動車（株）,"【HS25】蓮田駅東口〜橋場〜国立東埼玉病院〜江ヶ崎馬場〜岩槻駅西口, 【HS26】蓮田駅東口〜宿下〜国立東埼玉病院〜江ヶ崎馬場〜岩槻駅西口, 【IW11】岩槻駅西口〜江ヶ崎馬場〜国立東埼玉病院"
赤沼,川越観光自動車（株）,大橋線
石井東,東武バスウエスト（株）,若01
小泉赤法花,上尾市,平方丸山公園線
熊野神社前,桶川市,西11
小溝一丁目入口,さいたま市,岩槻区コミュニティバス
春日一丁目,上尾市,"大石桶川線, 大石領家北上尾線, 平方丸山公園線"
伊豆の山町,川越観光自動車（株）,入西団地循環
原市交番前,上尾市,原市平塚循環
弘法山下,イーグルバス（株）,と05-2　ときがわ町路線
市立医療センター入口,朝日自動車（株）,"【KB21】春日部駅西口〜地方庁舎前〜かすかべ温泉, 【KB22】春日部駅西口〜地方庁舎前〜秀〜かすかべ温泉, 【KB23】春日部駅西口〜地方庁舎前〜かすかべ温泉〜ウ, 【KB24】春日部駅西口〜地方庁舎前〜秀〜かすかべ温泉〜ウ, 【KB34】春日部駅西口〜内牧彩光苑〜春日部エミナース, 【KB35】春日部駅西口〜内牧彩光苑, 【KB31】春日部駅西口〜増富〜豊春第24公園〜春日部駅西口, 【KB32】増富〜豊春第24公園〜春日部駅西口, 【KB33】春日部駅西口〜増富〜豊春第24公園"
大石小学校東,上尾市,平方丸山公園線
大石公民館,上尾市,大石領家北上尾線
豊町一丁目,春日部市,粕壁・幸松ルート
志の崎,伊奈町,南循環
栄2丁目,伊奈町,南循環
石井芝生美,坂戸市,すぐろ線
川守稲荷大明神,朝日自動車（株）,【KB64】春日部駅東口〜川守稲荷大明神〜集〜消〜豊野工業団地
樋詰,桶川市,"西10, 西11"
中分二丁目,上尾市,平方丸山公園線
のくぼ通り南,国際興業（株）,"蓮11, 蓮12"
上尾駅入口,上尾市,"原市平塚循環, 上平菅谷北上尾線, 上平箕の木循環"
上尾駅入口,朝日自動車（株）,"【AG91】上尾駅東口〜羽貫駅前〜伊奈学園, 【AG92】上尾駅東口〜羽貫駅前, 【AG93】上尾駅東口〜羽貫駅前〜伊奈学園〜県民活動総合センター, 【AG81】上尾駅東口〜火の見下〜平塚住宅前〜上尾駅東口, 【AG82】上尾駅東口〜火の見下〜平塚住宅前, 【AG83】火の見下〜平塚住宅前〜上尾駅東口, 【AG71】上尾駅東口〜西原〜がんセンター, 【AG72】上尾駅東口〜西原〜がんセンター〜伊奈役場, 【AG73】上尾駅東口〜西原〜伊奈役場, 【HO21】上尾駅東口〜西原〜仲町〜県営砂団地〜東大宮駅, 【HO22】上尾駅東口〜西原〜仲町〜沼南駅前〜尾山台団地〜東大宮駅"
上尾駅入口,丸建つばさ交通（株）,上尾駅東口-蓮田駅西口線（薬科大学経由）
八木崎記念会館前,朝日自動車（株）,"【KB34】春日部駅西口〜内牧彩光苑〜春日部エミナース, 【KB35】春日部駅西口〜内牧彩光苑"
三井金属前,丸建つばさ交通（株）,上尾駅東口〜新がんセンター〜丸山駅〜蓮田駅西口行
上馬込,国際興業（株）,"蓮11, 蓮12"
下影森,秩父市,K2、N2　久那線/K1　市内線
中野小学校東,春日部市,庄和南ルート
熊野神社入口,桶川市,西10
市立医療センター豊春行き,春日部市,"増戸・豊春ルート, 粕壁・幸松ルート"
上尾中央総合病院,上尾市,"大石桶川線, 大石領家北上尾線, 平方丸山公園線, 平方小敷谷循環"
勝呂小学校入口,東武バスウエスト（株）,若01
今西,坂戸市,にっさい線
今西,川越観光自動車（株）,入西団地循環
赤谷,西武観光バス（株）,Y1、Y2、Y3　横瀬線
弁財二丁目東,上尾市,"大石領家北上尾線, 平方丸山公園線"
内谷陸橋南,朝日自動車（株）,【KB11】春日部駅西口〜市役所前〜秀
ハーモニー春日部入口,朝日自動車（株）,【KB64】春日部駅東口〜川守稲荷大明神〜集〜消〜豊野工業団地
北坂戸駅入口,坂戸市,さかど線
庄和南公民館,春日部市,庄和南ルート
ハーモニー春日部,朝日自動車（株）,"【KB61】春日部駅東口〜女子高前〜緑町四丁目〜集〜消〜豊野工業団地, 【KB63】集〜緑町四丁目〜女子高前〜春日部駅東口, 【KB62】春日部駅東口〜女子高前〜緑町四丁目〜集〜消, 【KB65】春日部駅東口〜女子高前〜緑町四丁目〜女子高前〜春日部駅東口"
中分,上尾市,大石領家北上尾線
陣屋,丸建つばさ交通（株）,上尾駅東口〜新がんセンター〜丸山駅〜蓮田駅西口行
大橋,東武バスウエスト（株）,川越04
豊春中学校前,春日部市,豊春・内牧・北春日部
緑町四丁目,朝日自動車（株）,"【KB61】春日部駅東口〜女子高前〜緑町四丁目〜集〜消〜豊野工業団地, 【KB63】集〜緑町四丁目〜女子高前〜春日部駅東口, 【KB62】春日部駅東口〜女子高前〜緑町四丁目〜集〜消, 【KB65】春日部駅東口〜女子高前〜緑町四丁目〜女子高前〜春日部駅東口"
滝ノ枕,西武観光バス（株）,Y1、Y2、Y3　横瀬線
庄和社会福祉センター,春日部市,庄和南ルート
上尾駅東口,東武バスウエスト（株）,"大51, 尾52"
上尾駅東口,上尾市,"原市平塚循環, 上平菅谷北上尾線, 上平箕の木循環"
上尾駅東口,朝日自動車（株）,"【AG91】上尾駅東口〜羽貫駅前〜伊奈学園, 【AG92】上尾駅東口〜羽貫駅前, 【AG93】上尾駅東口〜羽貫駅前〜伊奈学園〜県民活動総合センター, 【AG81】上尾駅東口〜火の見下〜平塚住宅前〜上尾駅東口, 【AG82】上尾駅東口〜火の見下〜平塚住宅前, 【AG83】火の見下〜平塚住宅前〜上尾駅東口, 【AG71】上尾駅東口〜西原〜がんセンター, 【AG72】上尾駅東口〜西原〜がんセンター〜伊奈役場, 【AG73】上尾駅東口〜西原〜伊奈役場, 【HO21】上尾駅東口〜西原〜仲町〜県営砂団地〜東大宮駅, 【HO22】上尾駅東口〜西原〜仲町〜沼南駅前〜尾山台団地〜東大宮駅"
上尾駅東口,丸建つばさ交通（株）,"上尾駅東口-蓮田駅西口線（薬科大学経由）, 上尾駅東口〜新がんセンター〜丸山駅〜蓮田駅西口行, 上尾駅東口〜アイスアリーナ・県立武道館行（直行便）"
溝端公園,坂戸市,さかど線
工業団地中,上尾市,"大石領家北上尾線, 平方丸山公園線"
東中野北,春日部市,庄和南ルート
徳力,さいたま市,岩槻区コミュニティバス
中央五丁目,朝日自動車（株）,"【KB21】春日部駅西口〜地方庁舎前〜かすかべ温泉, 【KB22】春日部駅西口〜地方庁舎前〜秀〜かすかべ温泉, 【KB23】春日部駅西口〜地方庁舎前〜かすかべ温泉〜ウ, 【KB24】春日部駅西口〜地方庁舎前〜秀〜かすかべ温泉〜ウ, 【KB34】春日部駅西口〜内牧彩光苑〜春日部エミナース, 【KB35】春日部駅西口〜内牧彩光苑, 【KB31】春日部駅西口〜増富〜豊春第24公園〜春日部駅西口, 【KB32】増富〜豊春第24公園〜春日部駅西口, 【KB33】春日部駅西口〜増富〜豊春第24公園"
大滑,西武観光バス（株）,M5、M6、M7　中津川線
栄1丁目,伊奈町,南循環
ゆりのき橋東詰,朝日自動車（株）,"【KB61】春日部駅東口〜女子高前〜緑町四丁目〜集〜消〜豊野工業団地, 【KB63】集〜緑町四丁目〜女子高前〜春日部駅東口, 【KB62】春日部駅東口〜女子高前〜緑町四丁目〜集〜消, 【KB64】春日部駅東口〜川守稲荷大明神〜集〜消〜豊野工業団地"
影森小学校,秩父市,K2、N2　久那線/K1　市内線
上尾駅西口,東武バスウエスト（株）,"尾11, 尾12, 尾13, 尾21, 尾31, 尾32, 尾61・尾62, 尾63, 川越06, 扇02"
上尾駅西口,上尾市,"原市瓦葺線, 大石桶川線, 大石領家北上尾線, 大谷循環, 平方丸山公園線, 平方小敷谷循環"
八木崎小学校入口,朝日自動車（株）,"【KB34】春日部駅西口〜内牧彩光苑〜春日部エミナース, 【KB35】春日部駅西口〜内牧彩光苑, 【KB31】春日部駅西口〜増富〜豊春第24公園〜春日部駅西口, 【KB32】増富〜豊春第24公園〜春日部駅西口, 【KB33】春日部駅西口〜増富〜豊春第24公園"
神明公園,上尾市,平方丸山公園線
中津久根,川越観光自動車（株）,黒山線
根ヶ谷戸公園,国際興業（株）,蓮11
志の崎児童公園,伊奈町,南循環
ベルク春日部緑町店前,朝日自動車（株）,"【KB61】春日部駅東口〜女子高前〜緑町四丁目〜集〜消〜豊野工業団地, 【KB63】集〜緑町四丁目〜女子高前〜春日部駅東口, 【KB62】春日部駅東口〜女子高前〜緑町四丁目〜集〜消, 【KB64】春日部駅東口〜川守稲荷大明神〜集〜消〜豊野工業団地"
川辺小学校,春日部市,庄和南ルート
馬込,国際興業（株）,"蓮11, 蓮12"
表慈恩寺,朝日自動車（株）,"【HS25】蓮田駅東口〜橋場〜国立東埼玉病院〜江ヶ崎馬場〜岩槻駅西口, 【HS26】蓮田駅東口〜宿下〜国立東埼玉病院〜江ヶ崎馬場〜岩槻駅西口, 【IW11】岩槻駅西口〜江ヶ崎馬場〜国立東埼玉病院"
上新町,上尾市,原市平塚循環
上新町,朝日自動車（株）,"【HO21】上尾駅東口〜西原〜仲町〜県営砂団地〜東大宮駅, 【HO22】上尾駅東口〜西原〜仲町〜沼南駅前〜尾山台団地〜東大宮駅"
内谷記念館前,春日部市,増戸・豊春ルート
内谷記念館前,朝日自動車（株）,【KB11】春日部駅西口〜市役所前〜秀
大石支所前,上尾市,平方丸山公園線
梅林入口,川越観光自動車（株）,黒山線
北浅羽,坂戸市,にっさい線
弁財二丁目,上尾市,"大石領家北上尾線, 平方丸山公園線"
下芝公民館,上尾市,平方丸山公園線
金田南,川越観光自動車（株）,入西団地循環
雷電塚入口,坂戸市,みよしの線
水上公園入口,上尾市,原市平塚循環
水上公園入口,丸建つばさ交通（株）,上尾駅東口〜新がんセンター〜丸山駅〜蓮田駅西口行
清秀幼稚園入口,春日部市,豊春・内牧・北春日部
西柏座,上尾市,"大石桶川線, 大石領家北上尾線, 平方丸山公園線"
西柏座,東武バスウエスト（株）,"尾11, 尾12, 尾13"
石井郵便局,坂戸市,すぐろ線
藤塚中央,朝日自動車（株）,"【KB61】春日部駅東口〜女子高前〜緑町四丁目〜集〜消〜豊野工業団地, 【KB63】集〜緑町四丁目〜女子高前〜春日部駅東口, 【KB62】春日部駅東口〜女子高前〜緑町四丁目〜集〜消, 【KB64】春日部駅東口〜川守稲荷大明神〜集〜消〜豊野工業団地"
上尾仲町,上尾市,原市平塚循環
上尾仲町,丸建つばさ交通（株）,上尾駅東口〜新がんセンター〜丸山駅〜蓮田駅西口行
上尾仲町,東武バスウエスト（株）,"大51, 尾52"
北坂戸駅,川越観光自動車（株）,入西団地循環
上中,東武バスウエスト（株）,川越03
古隅田公園前,春日部市,豊春・内牧・北春日部
春日神社,東武バスウエスト（株）,"尾11, 尾12, 尾13"
善能寺南,川越観光自動車（株）,入西団地循環
ニューシティーにっさい入口,川越観光自動車（株）,入西団地循環
領家北,上尾市,平方丸山公園線
スポーツ総合センター,上尾市,原市平塚循環
下蓮田,国際興業（株）,蓮11
第一公園入口,朝日自動車（株）,"【KB31】春日部駅西口〜増富〜豊春第24公園〜春日部駅西口, 【KB32】増富〜豊春第24公園〜春日部駅西口, 【KB33】春日部駅西口〜増富〜豊春第24公園"
中分一丁目,上尾市,大石領家北上尾線
工業団地南,上尾市,"大石領家北上尾線, 平方丸山公園線"
陣屋公民館,上尾市,原市平塚循環
北坂戸駅東口,坂戸市,"さかど線, しがいち線"
芦山公園,坂戸市,さかど線
弁財入口,東武バスウエスト（株）,"尾11, 尾12, 尾13"
下津久根,川越観光自動車（株）,黒山線
伊草坂下,東武バスウエスト（株）,川越01・川越02
東町二丁目,上尾市,原市平塚循環
小橋,東武バスウエスト（株）,川越04
久那,秩父市,K2、N2　久那線/K1　市内線
石井新町,坂戸市,すぐろ線
にっさい花みずき,川越観光自動車（株）,入西団地循環
健康増進施設,坂戸市,にっさい線
東町2丁目,丸建つばさ交通（株）,上尾駅東口〜新がんセンター〜丸山駅〜蓮田駅西口行
花みずき一丁目,川越観光自動車（株）,入西団地循環
栄町,秩父市,K2、N2　久那線/K1　市内線
小沼,坂戸市,みよしの線
畔吉北,上尾市,平方丸山公園線
西小学校入口,上尾市,"大石領家北上尾線, 平方丸山公園線"
県立越生高校前,イーグルバス（株）,と05-2　ときがわ町路線
県立越生高校前,鳩山町,町営路線バス
小泉寺東,上尾市,平方丸山公園線
上町,朝日自動車（株）,"【HO21】上尾駅東口〜西原〜仲町〜県営砂団地〜東大宮駅, 【HO22】上尾駅東口〜西原〜仲町〜沼南駅前〜尾山台団地〜東大宮駅"
住吉神社,坂戸市,みよしの線
立沼橋,春日部市,増戸・豊春ルート
立沼橋,朝日自動車（株）,【KB11】春日部駅西口〜市役所前〜秀
庄和浄水場,春日部市,庄和南ルート
豊町二丁目,朝日自動車（株）,"【KB31】春日部駅西口〜増富〜豊春第24公園〜春日部駅西口, 【KB32】増富〜豊春第24公園〜春日部駅西口, 【KB33】春日部駅西口〜増富〜豊春第24公園"
入西公園前,川越観光自動車（株）,入西団地循環
原市二区,上尾市,"原市瓦葺線, 原市平塚循環"
沼南駅,上尾市,"原市瓦葺線, 原市平塚循環"
公園前,川越観光自動車（株）,大橋線
住吉神社前,東武バスウエスト（株）,若01
富士見小学校,東武バスウエスト（株）,"尾21, 尾31, 尾32, 尾61・尾62, 尾63, 川越06, 扇02"
埼玉アイスアリーナ県立武道館,丸建つばさ交通（株）,上尾駅東口〜アイスアリーナ・県立武道館行（直行便）
旧古隅田川,春日部市,豊春・内牧・北春日部
沼南駅前,朝日自動車（株）,【HO22】上尾駅東口〜西原〜仲町〜沼南駅前〜尾山台団地〜東大宮駅
東徳力,さいたま市,岩槻区コミュニティバス
柏座下,東武バスウエスト（株）,"尾11, 尾12, 尾13"
稲荷坂,川越観光自動車（株）,黒山線
赤坂団地西,朝日自動車（株）,"【HS25】蓮田駅東口〜橋場〜国立東埼玉病院〜江ヶ崎馬場〜岩槻駅西口, 【HS26】蓮田駅東口〜宿下〜国立東埼玉病院〜江ヶ崎馬場〜岩槻駅西口, 【IW11】岩槻駅西口〜江ヶ崎馬場〜国立東埼玉病院"
上尾原市新道,上尾市,原市平塚循環
上尾原市新道,丸建つばさ交通（株）,上尾駅東口〜新がんセンター〜丸山駅〜蓮田駅西口行
上尾原市新道,東武バスウエスト（株）,"大51, 尾52"
石井元宿,坂戸市,すぐろ線
豊町二丁目,春日部市,粕壁・幸松ルート
黒岩,川越観光自動車（株）,黒山線
芦山町,坂戸市,さかど線
上尾運動公園前,上尾市,原市平塚循環
上尾運動公園前,丸建つばさ交通（株）,上尾駅東口〜新がんセンター〜丸山駅〜蓮田駅西口行
領家農村センター,上尾市,平方丸山公園線
谷原二丁目,朝日自動車（株）,"【KB21】春日部駅西口〜地方庁舎前〜かすかべ温泉, 【KB22】春日部駅西口〜地方庁舎前〜秀〜かすかべ温泉, 【KB23】春日部駅西口〜地方庁舎前〜かすかべ温泉〜ウ, 【KB24】春日部駅西口〜地方庁舎前〜秀〜かすかべ温泉〜ウ"
陣屋,上尾市,"原市瓦葺線, 原市平塚循環"
仲町,朝日自動車（株）,"【HO21】上尾駅東口〜西原〜仲町〜県営砂団地〜東大宮駅, 【HO22】上尾駅東口〜西原〜仲町〜沼南駅前〜尾山台団地〜東大宮駅"
仲町,上尾市,"原市瓦葺線, 原市平塚循環"
下馬込,国際興業（株）,"蓮11, 蓮12"
飯沼,春日部市,庄和南ルート
中分一丁目南,上尾市,大石領家北上尾線
原市三区,上尾市,原市平塚循環
青木,坂戸市,みよしの線
県営表慈恩寺団地,さいたま市,岩槻区コミュニティバス
中央八丁目,朝日自動車（株）,【KB11】春日部駅西口〜市役所前〜秀
小泉一丁目,上尾市,大石領家北上尾線
豊町五丁目,朝日自動車（株）,"【KB31】春日部駅西口〜増富〜豊春第24公園〜春日部駅西口, 【KB32】増富〜豊春第24公園〜春日部駅西口, 【KB33】春日部駅西口〜増富〜豊春第24公園"
東岩槻小学校,さいたま市,岩槻区コミュニティバス
影森,秩父市,K2、N2　久那線/K1　市内線
柏座郵便局前,上尾市,平方小敷谷循環
柏座郵便局前,東武バスウエスト（株）,"尾21, 尾31, 尾32, 尾61・尾62, 尾63, 川越06, 扇02"
クリーンセンター,春日部市,庄和南ルート
工業団地入口,上尾市,大石領家北上尾線
新堀,川越観光自動車（株）,入西団地循環
花みず木三丁目,坂戸市,"しろやま線, にっさい線"
入西小学校入口,川越観光自動車（株）,入西団地循環
花みずき四丁目,川越観光自動車（株）,入西団地循環
花みず木四丁目,坂戸市,"しろやま線, にっさい線"
谷津,上尾市,"原市瓦葺線, 大谷循環"
恵和園,上尾市,平方丸山公園線
瓦葺ふれあい広場,上尾市,原市瓦葺線
愛宕神社,上尾市,原市平塚循環
愛宕神社,丸建つばさ交通（株）,上尾駅東口〜新がんセンター〜丸山駅〜蓮田駅西口行
豊春第二公民館入口,朝日自動車（株）,"【KB31】春日部駅西口〜増富〜豊春第24公園〜春日部駅西口, 【KB32】増富〜豊春第24公園〜春日部駅西口, 【KB33】春日部駅西口〜増富〜豊春第24公園"
中井橋,西武観光バス（株）,Y1、Y2、Y3　横瀬線
竹之内長岡境,坂戸市,にっさい線
堀込,川越観光自動車（株）,入西団地循環
上黒岩,川越観光自動車（株）,黒山線
水角,春日部市,庄和南ルート
桜小学校入口,坂戸市,さかど線
上尾運動公園入口,上尾市,原市瓦葺線
今宿,川越観光自動車（株）,大橋線
支所前,朝日自動車（株）,【HO22】上尾駅東口〜西原〜仲町〜沼南駅前〜尾山台団地〜東大宮駅
三井住宅東,上尾市,大石領家北上尾線
大沼三丁目,朝日自動車（株）,【KB11】春日部駅西口〜市役所前〜秀
薬師町,坂戸市,しがいち線
伊草小学校前,東武バスウエスト（株）,"川越01・川越02, 川越03"
入西団地,川越観光自動車（株）,入西団地循環
集荷所,東武バスウエスト（株）,尾12
原市公民館入口,上尾市,原市瓦葺線
豊春駅西口,春日部市,豊春・内牧・北春日部
地方庁舎前,春日部市,粕壁・幸松ルート
地方庁舎前,朝日自動車（株）,"【KB21】春日部駅西口〜地方庁舎前〜かすかべ温泉, 【KB22】春日部駅西口〜地方庁舎前〜秀〜かすかべ温泉, 【KB23】春日部駅西口〜地方庁舎前〜かすかべ温泉〜ウ, 【KB24】春日部駅西口〜地方庁舎前〜秀〜かすかべ温泉〜ウ"
東中野南,春日部市,庄和南ルート
恵和園東,上尾市,平方丸山公園線
塚越,東武バスウエスト（株）,若01
公民館入口,東武バスウエスト（株）,尾12
薬師町東,坂戸市,さかど線
愛宕三丁目,上尾市,原市瓦葺線
五番町北,上尾市,原市平塚循環
文化住宅入口,朝日自動車（株）,"【KB61】春日部駅東口〜女子高前〜緑町四丁目〜集〜消〜豊野工業団地, 【KB63】集〜緑町四丁目〜女子高前〜春日部駅東口, 【KB62】春日部駅東口〜女子高前〜緑町四丁目〜集〜消, 【KB64】春日部駅東口〜川守稲荷大明神〜集〜消〜豊野工業団地"
飯沼中学校南,春日部市,庄和南ルート
蓮田新道,朝日自動車（株）,【HO21】上尾駅東口〜西原〜仲町〜県営砂団地〜東大宮駅
健康センター,坂戸市,"しがいち線, すぐろ線"
今泉入口,東武バスウエスト（株）,"尾11, 尾12, 尾13"
上尾運動公園,東武バスウエスト（株）,"大51, 尾52"
三井住宅西,上尾市,大石領家北上尾線
畔吉集会所前,上尾市,大石領家北上尾線
豊春駅東口,春日部市,増戸・豊春ルート
花みずき五丁目,川越観光自動車（株）,入西団地循環
原市団地中学校入口,東武バスウエスト（株）,"東大12, 宮01"
領家南,上尾市,平方丸山公園線
インター西,坂戸市,みよしの線
本宿,朝日自動車（株）,"【HS25】蓮田駅東口〜橋場〜国立東埼玉病院〜江ヶ崎馬場〜岩槻駅西口, 【HS26】蓮田駅東口〜宿下〜国立東埼玉病院〜江ヶ崎馬場〜岩槻駅西口, 【IW11】岩槻駅西口〜江ヶ崎馬場〜国立東埼玉病院"
第六記念館,春日部市,増戸・豊春ルート
原市団地中学校入口,上尾市,原市瓦葺線
原市団地中学校入口,朝日自動車（株）,【HO22】上尾駅東口〜西原〜仲町〜沼南駅前〜尾山台団地〜東大宮駅
西上尾車庫,東武バスウエスト（株）,"尾11, 尾12, 大60"
水上公園南,上尾市,原市瓦葺線
立野小北,朝日自動車（株）,"【KB31】春日部駅西口〜増富〜豊春第24公園〜春日部駅西口, 【KB32】増富〜豊春第24公園〜春日部駅西口, 【KB33】春日部駅西口〜増富〜豊春第24公園"
梅園小学校入口,川越観光自動車（株）,黒山線
豊春第九公園前,朝日自動車（株）,"【KB31】春日部駅西口〜増富〜豊春第24公園〜春日部駅西口, 【KB32】増富〜豊春第24公園〜春日部駅西口, 【KB33】春日部駅西口〜増富〜豊春第24公園"
大久保,東武バスウエスト（株）,"尾11, 尾12, 尾13"
大久保,上尾市,"大石領家北上尾線, 平方小敷谷循環"
今泉,東武バスウエスト（株）,"尾11, 尾12, 尾13"
県営諏訪山下団地,さいたま市,岩槻区コミュニティバス
小敷谷,東武バスウエスト（株）,"尾11, 尾12, 大60"
小敷谷,上尾市,"大石領家北上尾線, 平方小敷谷循環"
入西小東,坂戸市,しろやま線
第一団地入口,東武バスウエスト（株）,"尾11, 尾12, 尾13"
上尾運動公園中,上尾市,原市瓦葺線
蓮田よつば病院,国際興業（株）,蓮11
雲雀,東武バスウエスト（株）,尾12
雲雀,上尾市,平方丸山公園線
下黒岩,川越観光自動車（株）,黒山線
団地入口,上尾市,原市瓦葺線
団地入口,東武バスウエスト（株）,東大12
団地入口,朝日自動車（株）,【HO22】上尾駅東口〜西原〜仲町〜沼南駅前〜尾山台団地〜東大宮駅
原市団地北口,上尾市,原市瓦葺線
原市団地北口,朝日自動車（株）,【HO22】上尾駅東口〜西原〜仲町〜沼南駅前〜尾山台団地〜東大宮駅
原市団地北口,東武バスウエスト（株）,"東大12, 宮01"
石井,坂戸市,しがいち線
堀込,坂戸市,"しろやま線, にっさい線"
原市団地中学校,東武バスウエスト（株）,東大12
上尾中学校西,上尾市,原市瓦葺線
西中学校南,上尾市,平方小敷谷循環
ルネ春日部入口,春日部市,増戸・豊春ルート
住吉中学校,坂戸市,みよしの線
下狢,東武バスウエスト（株）,川越04
坂戸市文化会館東,坂戸市,すぐろ線
集会所前,東武バスウエスト（株）,若01
川,東武バスウエスト（株）,"尾21, 尾31, 尾32, 尾61・尾62, 尾63, 川越06, 扇02"
西通り,東武バスウエスト（株）,尾12
泉町二丁目,坂戸市,"おおや線, さかど線"
庄和工業団地,春日部市,庄和南ルート
本村,上尾市,平方丸山公園線
浦山常盤橋,秩父市,K2、N2　久那線/K1　市内線
坂戸市文化会館,坂戸市,さかど線
河原町,川越観光自動車（株）,黒山線
浦山口,秩父市,K2、N2　久那線/K1　市内線
処花,西武観光バス（株）,Y1、Y2、Y3　横瀬線
五区公民館前,上尾市,原市平塚循環
大沼公園,朝日自動車（株）,"【KB21】春日部駅西口〜地方庁舎前〜かすかべ温泉, 【KB22】春日部駅西口〜地方庁舎前〜秀〜かすかべ温泉, 【KB23】春日部駅西口〜地方庁舎前〜かすかべ温泉〜ウ, 【KB24】春日部駅西口〜地方庁舎前〜秀〜かすかべ温泉〜ウ"
五番町中,上尾市,原市平塚循環
川,上尾市,平方小敷谷循環
第八公園前,朝日自動車（株）,"【KB31】春日部駅西口〜増富〜豊春第24公園〜春日部駅西口, 【KB32】増富〜豊春第24公園〜春日部駅西口, 【KB33】春日部駅西口〜増富〜豊春第24公園"
花積橋南,春日部市,増戸・豊春ルート
上蛭田,春日部市,増戸・豊春ルート
苦林,川越観光自動車（株）,大橋線
防災センター前,朝日自動車（株）,"【KB21】春日部駅西口〜地方庁舎前〜かすかべ温泉, 【KB22】春日部駅西口〜地方庁舎前〜秀〜かすかべ温泉, 【KB23】春日部駅西口〜地方庁舎前〜かすかべ温泉〜ウ, 【KB24】春日部駅西口〜地方庁舎前〜秀〜かすかべ温泉〜ウ"
善能寺,川越観光自動車（株）,大橋線
氷川神社,上尾市,原市瓦葺線
氷川神社,朝日自動車（株）,【HO22】上尾駅東口〜西原〜仲町〜沼南駅前〜尾山台団地〜東大宮駅
氷川神社,東武バスウエスト（株）,東大12
坂戸ろう学園入口,坂戸市,"しがいち線, すぐろ線"
大沼六丁目,朝日自動車（株）,【KB11】春日部駅西口〜市役所前〜秀
苦林,毛呂山町,"めじろ号2コース, やぶさめ号1コース"
鴨川橋南,上尾市,平方小敷谷循環
大六天橋,国際興業（株）,"蓮11, 蓮12"
城北小学校入口,朝日自動車（株）,"【HS25】蓮田駅東口〜橋場〜国立東埼玉病院〜江ヶ崎馬場〜岩槻駅西口, 【HS26】蓮田駅東口〜宿下〜国立東埼玉病院〜江ヶ崎馬場〜岩槻駅西口, 【IW11】岩槻駅西口〜江ヶ崎馬場〜国立東埼玉病院"
小杉,川越観光自動車（株）,黒山線
東岩槻駅北口通り,さいたま市,岩槻区コミュニティバス
診療所,東武バスウエスト（株）,東大12
元町,坂戸市,おおや線
集会所前,朝日自動車（株）,"【KB61】春日部駅東口〜女子高前〜緑町四丁目〜集〜消〜豊野工業団地, 【KB63】集〜緑町四丁目〜女子高前〜春日部駅東口, 【KB62】春日部駅東口〜女子高前〜緑町四丁目〜集〜消, 【KB64】春日部駅東口〜川守稲荷大明神〜集〜消〜豊野工業団地"
西宮下二丁目,上尾市,原市瓦葺線
入西地域交流センター,坂戸市,にっさい線
西宮下一丁目,上尾市,"原市瓦葺線, 大谷循環"
川神明会館,上尾市,平方小敷谷循環
下蛭田東,春日部市,増戸・豊春ルート
西上尾第一団地,東武バスウエスト（株）,"尾13, 尾21, 大60"
小敷谷西部公民館南,上尾市,平方小敷谷循環
下新町,朝日自動車（株）,【HO21】上尾駅東口〜西原〜仲町〜県営砂団地〜東大宮駅
下新町,東武バスウエスト（株）,宮01
塚崎,坂戸市,"しろやま線, にっさい線"
前原,東武バスウエスト（株）,尾12
春日部中央総合病院,春日部市,赤沼〜武里駅ルート
柳町,坂戸市,しがいち線
山吹大橋北,イーグルバス（株）,と05-2　ときがわ町路線
山吹大橋北,鳩山町,町営路線バス
イオンモール上尾,東武バスウエスト（株）,"大51, 尾52"
小山南レク,坂戸市,にっさい線
吉野町二丁目,上尾市,原市瓦葺線
上蛭田西,春日部市,増戸・豊春ルート
五番町南,上尾市,原市平塚循環
入西,川越観光自動車（株）,大橋線
新宿,川越観光自動車（株）,黒山線
工業団地（中）,朝日自動車（株）,"【KB61】春日部駅東口〜女子高前〜緑町四丁目〜集〜消〜豊野工業団地, 【KB64】春日部駅東口〜川守稲荷大明神〜集〜消〜豊野工業団地"
ヤマザキ電機前,川越観光自動車（株）,大橋線
上尾運動公園南,上尾市,原市瓦葺線
下上尾,上尾市,原市瓦葺線
藤塚香取神社,春日部市,赤沼〜武里駅ルート
原市駅,上尾市,"原市瓦葺線, 原市平塚循環"
麦原入口,川越観光自動車（株）,黒山線
三芳野公民館,坂戸市,みよしの線
畔吉,東武バスウエスト（株）,尾12
畔吉,上尾市,平方丸山公園線
原市団地南,東武バスウエスト（株）,宮01
前原上,国際興業（株）,"蓮11, 蓮12"
釘無,東武バスウエスト（株）,川越04
東岩槻駅北口,さいたま市,岩槻区コミュニティバス
南辻西,朝日自動車（株）,"【HS25】蓮田駅東口〜橋場〜国立東埼玉病院〜江ヶ崎馬場〜岩槻駅西口, 【HS26】蓮田駅東口〜宿下〜国立東埼玉病院〜江ヶ崎馬場〜岩槻駅西口, 【IW11】岩槻駅西口〜江ヶ崎馬場〜国立東埼玉病院"
勝光寺,坂戸市,みよしの線
原市六区北,上尾市,原市瓦葺線
大沼記念館前,朝日自動車（株）,"【KB21】春日部駅西口〜地方庁舎前〜かすかべ温泉, 【KB22】春日部駅西口〜地方庁舎前〜秀〜かすかべ温泉, 【KB23】春日部駅西口〜地方庁舎前〜かすかべ温泉〜ウ, 【KB24】春日部駅西口〜地方庁舎前〜秀〜かすかべ温泉〜ウ"
富士見工業団地,坂戸市,みよしの線
県営春日部谷原新田団地,春日部市,増戸・豊春ルート
豊春第24公園,朝日自動車（株）,"【KB31】春日部駅西口〜増富〜豊春第24公園〜春日部駅西口, 【KB32】増富〜豊春第24公園〜春日部駅西口, 【KB33】春日部駅西口〜増富〜豊春第24公園"
原市,東武バスウエスト（株）,宮01
館橋,上尾市,平方小敷谷循環
消防署前,朝日自動車（株）,"【KB61】春日部駅東口〜女子高前〜緑町四丁目〜集〜消〜豊野工業団地, 【KB62】春日部駅東口〜女子高前〜緑町四丁目〜集〜消, 【KB64】春日部駅東口〜川守稲荷大明神〜集〜消〜豊野工業団地"
マチダデンタルオフィス前・西宮下,上尾市,大谷循環
上根橋,春日部市,増戸・豊春ルート
大沼五丁目西,朝日自動車（株）,【KB11】春日部駅西口〜市役所前〜秀
下蛭田中央,春日部市,増戸・豊春ルート
尾山台小学校東,東武バスウエスト（株）,東大11
本町,川越観光自動車（株）,黒山線
かわらぶき入口,朝日自動車（株）,【HO21】上尾駅東口〜西原〜仲町〜県営砂団地〜東大宮駅
市民体育館前,東武バスウエスト（株）,"尾21, 尾31, 尾32"
豊春駅入口南,春日部市,増戸・豊春ルート
聖天宮前,坂戸市,みよしの線
市民体育館入口,東武バスウエスト（株）,"尾61・尾62, 尾63, 川越06, 扇02"
尾山台団地北,東武バスウエスト（株）,東大11
東岩槻駅南,さいたま市,岩槻区コミュニティバス
泉町,坂戸市,"おおや線, さかど線"
秩父山,上尾市,原市瓦葺線
秩父山,朝日自動車（株）,【HO22】上尾駅東口〜西原〜仲町〜沼南駅前〜尾山台団地〜東大宮駅
秩父山,東武バスウエスト（株）,東大12
落合橋,東武バスウエスト（株）,"川越01・川越02, 川越03"
大増中学校,春日部市,増戸・豊春ルート
中里,坂戸市,"しろやま線, にっさい線"
越生駅入口,イーグルバス（株）,と05-2　ときがわ町路線
越生駅入口,鳩山町,町営路線バス
団地2-18,東武バスウエスト（株）,尾21
秀和総合病院,春日部市,増戸・豊春ルート
秀和総合病院,朝日自動車（株）,"【KB11】春日部駅西口〜市役所前〜秀, 【KB22】春日部駅西口〜地方庁舎前〜秀〜かすかべ温泉, 【KB24】春日部駅西口〜地方庁舎前〜秀〜かすかべ温泉〜ウ"
西上尾第一団地南,上尾市,平方小敷谷循環
第一団地南,東武バスウエスト（株）,尾21
前原下,国際興業（株）,"蓮11, 蓮12"
越生駅東口,イーグルバス（株）,と05-2　ときがわ町路線
越生駅東口,鳩山町,町営路線バス
小山,川越観光自動車（株）,大橋線
赤崎,春日部市,庄和南ルート
増富,朝日自動車（株）,"【KB31】春日部駅西口〜増富〜豊春第24公園〜春日部駅西口, 【KB32】増富〜豊春第24公園〜春日部駅西口, 【KB33】春日部駅西口〜増富〜豊春第24公園"
向山,上尾市,平方小敷谷循環
中央図書館前,坂戸市,すぐろ線
工業団地（西）,朝日自動車（株）,"【KB61】春日部駅東口〜女子高前〜緑町四丁目〜集〜消〜豊野工業団地, 【KB64】春日部駅東口〜川守稲荷大明神〜集〜消〜豊野工業団地"
小山,坂戸市,"しろやま線, にっさい線"
新堀公園西,上尾市,原市瓦葺線
栄町東,上尾市,原市瓦葺線
越生駅,川越観光自動車（株）,黒山線
花見の里,秩父市,K2、N2　久那線/K1　市内線
一ノ割,春日部市,増戸・豊春ルート
アリオ上尾前,東武バスウエスト（株）,尾21
豊野工業団地,朝日自動車（株）,"【KB61】春日部駅東口〜女子高前〜緑町四丁目〜集〜消〜豊野工業団地, 【KB64】春日部駅東口〜川守稲荷大明神〜集〜消〜豊野工業団地"
こどもの城,上尾市,平方小敷谷循環
南辻,朝日自動車（株）,"【HS25】蓮田駅東口〜橋場〜国立東埼玉病院〜江ヶ崎馬場〜岩槻駅西口, 【HS26】蓮田駅東口〜宿下〜国立東埼玉病院〜江ヶ崎馬場〜岩槻駅西口, 【IW11】岩槻駅西口〜江ヶ崎馬場〜国立東埼玉病院"
浄水場入口,川越観光自動車（株）,黒山線
目白台2丁目,毛呂山町,"ゆず号2コース, めじろ号2コース, やぶさめ号3コース"
目白台3丁目,毛呂山町,"ゆず号2コース, めじろ号2コース, やぶさめ号3コース"
溜橋,上尾市,原市瓦葺線
原市六区中,上尾市,原市瓦葺線
ふれあいプラザ入口,さいたま市,岩槻区コミュニティバス
札所二十九番入口,秩父市,K2、N2　久那線/K1　市内線
本町,坂戸市,おおや線
原市駅南,上尾市,原市瓦葺線
幸町,川越観光自動車（株）,大橋線
清水町,坂戸市,さかど線
栄町,上尾市,原市瓦葺線
銚子口,朝日自動車（株）,"【KB61】春日部駅東口〜女子高前〜緑町四丁目〜集〜消〜豊野工業団地, 【KB64】春日部駅東口〜川守稲荷大明神〜集〜消〜豊野工業団地"
横町,川越観光自動車（株）,大橋線
岩槻東部図書館,さいたま市,岩槻区コミュニティバス
ゆりが丘公園西,上尾市,平方小敷谷循環
畔吉新田,上尾市,平方丸山公園線
向山自治センター入口,上尾市,平方小敷谷循環
横沼,坂戸市,みよしの線
今泉小学校,東武バスウエスト（株）,"尾21, 尾31, 尾32"
白川橋,西武観光バス（株）,M5、M6、M7　中津川線
戸宮交差点前,東武バスウエスト（株）,"若02・東坂02・東坂03・川越09, 若01"
増富自治会館前,春日部市,増戸・豊春ルート
大石南中学校入口,東武バスウエスト（株）,大60
大石南中学校入口,上尾市,平方小敷谷循環
原市六区栗橋線,上尾市,原市瓦葺線
上大増新田,春日部市,増戸・豊春ルート
ファミリータウン西,国際興業（株）,"東大02, 東大02-2, 東大81"
千代田小学校,坂戸市,しがいち線
吉野町二丁目,東武バスウエスト（株）,宮06
霊園西,春日部市,赤沼〜武里駅ルート
こどもの城前,東武バスウエスト（株）,"尾21, 尾31, 尾32"
中里,川越観光自動車（株）,大橋線
大宮卸売市場,上尾市,原市瓦葺線
塚越,坂戸市,みよしの線
南中学校入口,上尾市,大谷循環
卸売市場,東武バスウエスト（株）,大47
ファミリータウン入口,国際興業（株）,"東大02, 東大02-2, 東大81"
春日部共栄前,朝日自動車（株）,"【KB21】春日部駅西口〜地方庁舎前〜かすかべ温泉, 【KB22】春日部駅西口〜地方庁舎前〜秀〜かすかべ温泉, 【KB23】春日部駅西口〜地方庁舎前〜かすかべ温泉〜ウ, 【KB24】春日部駅西口〜地方庁舎前〜秀〜かすかべ温泉〜ウ"
善能寺,坂戸市,にっさい線
粟生田,坂戸市,にっさい線
吉野原,東武バスウエスト（株）,宮06
原市陸橋,東武バスウエスト（株）,"宮01, 宮04"
坂戸車庫前,東武バスウエスト（株）,"若02・東坂02・東坂03・川越09, 若01"
自然学習館,上尾市,平方丸山公園線
釘無土手上,東武バスウエスト（株）,川越04
東原団地入口,毛呂山町,"めじろ号2コース, やぶさめ号3コース"
市民体育館南,上尾市,平方小敷谷循環
人間総合科学大学岩槻キャンパス,朝日自動車（株）,"【HS25】蓮田駅東口〜橋場〜国立東埼玉病院〜江ヶ崎馬場〜岩槻駅西口, 【HS26】蓮田駅東口〜宿下〜国立東埼玉病院〜江ヶ崎馬場〜岩槻駅西口, 【IW11】岩槻駅西口〜江ヶ崎馬場〜国立東埼玉病院"
目白台1丁目,毛呂山町,"ゆず号2コース, めじろ号2コース, やぶさめ号3コース"
目白台4丁目,毛呂山町,"ゆず号2コース, めじろ号2コース, やぶさめ号3コース"
玉林寺公会堂,毛呂山町,"めじろ号2コース, やぶさめ号1コース"
尾山台小学校,上尾市,原市瓦葺線
尾山台小学校,朝日自動車（株）,【HO22】上尾駅東口〜西原〜仲町〜沼南駅前〜尾山台団地〜東大宮駅
尾山台小学校,東武バスウエスト（株）,"東大11, 東大12"
栄,坂戸市,みよしの線
ホーマック上尾前,東武バスウエスト（株）,尾21
つつじケ丘公園北,上尾市,原市瓦葺線
春日部共栄入口,春日部市,増戸・豊春ルート
四番耕地,上尾市,原市瓦葺線
南平野団地,さいたま市,岩槻区コミュニティバス
豊野町一丁目,朝日自動車（株）,"【KB61】春日部駅東口〜女子高前〜緑町四丁目〜集〜消〜豊野工業団地, 【KB64】春日部駅東口〜川守稲荷大明神〜集〜消〜豊野工業団地"
馬喰新田,東武バスウエスト（株）,"大51, 尾52"
グランド入口,朝日自動車（株）,"【KB61】春日部駅東口〜女子高前〜緑町四丁目〜集〜消〜豊野工業団地, 【KB64】春日部駅東口〜川守稲荷大明神〜集〜消〜豊野工業団地"
向山,東武バスウエスト（株）,"尾61・尾62, 尾63, 川越06, 扇02"
愛宕神社前,東武バスウエスト（株）,"尾31, 尾32"
三峰口駅,西武観光バス（株）,"M4急行　三峯神社線, M5、M6、M7　中津川線"
豊春第十八公園,春日部市,増戸・豊春ルート
栄町南,上尾市,原市瓦葺線
長淵,西武観光バス（株）,Y1、Y2、Y3　横瀬線
尾山台団地,東武バスウエスト（株）,東大11
吉野町車庫,東武バスウエスト（株）,"大53, 大47, 宮05, 尾52"
霊園東,春日部市,赤沼〜武里駅ルート
一ノ割公園,春日部市,増戸・豊春ルート
緑地公園,東武バスウエスト（株）,宮06
戸宮,東武バスウエスト（株）,若02・東坂02・東坂03・川越09
大谷中学校前,上尾市,平方小敷谷循環
つつじケ丘公園,上尾市,原市瓦葺線
プロムナード中央,国際興業（株）,"東大02, 東大02-2, 東大81"
箕輪,国際興業（株）,"蓮11, 蓮12"
坂戸郵便局,坂戸市,しがいち線
豊野小前,朝日自動車（株）,"【KB61】春日部駅東口〜女子高前〜緑町四丁目〜集〜消〜豊野工業団地, 【KB64】春日部駅東口〜川守稲荷大明神〜集〜消〜豊野工業団地"
増戸,春日部市,増戸・豊春ルート
北峰,川越観光自動車（株）,大橋線
ケーヨーデイツー東岩槻店前,さいたま市,岩槻区コミュニティバス
中富町,坂戸市,"おおや線, にっさい線"
南中学校西,上尾市,大谷循環
原市六区会館,上尾市,原市瓦葺線
サンロード商店街入口,坂戸市,"おおや線, さかど線, しろやま線, にっさい線"
豊春台サンハイツ,春日部市,増戸・豊春ルート
船橋,東武バスウエスト（株）,"宮01, 宮04"
丸山公園西,上尾市,平方丸山公園線
大類,毛呂山町,"めじろ号2コース, やぶさめ号1コース"
瓦葺九区,上尾市,原市瓦葺線
尾山台出張所前,上尾市,原市瓦葺線
香取神社入口,朝日自動車（株）,"【KB61】春日部駅東口〜女子高前〜緑町四丁目〜集〜消〜豊野工業団地, 【KB64】春日部駅東口〜川守稲荷大明神〜集〜消〜豊野工業団地"
ままがみ,東武バスウエスト（株）,"尾31, 尾32"
アーバンみらい,国際興業（株）,"東大01, 東大02, 東大02-2, 東大81, 七里01"
荒川局前,西武観光バス（株）,M5、M6、M7　中津川線
グランド前,朝日自動車（株）,"【KB21】春日部駅西口〜地方庁舎前〜かすかべ温泉, 【KB22】春日部駅西口〜地方庁舎前〜秀〜かすかべ温泉, 【KB23】春日部駅西口〜地方庁舎前〜かすかべ温泉〜ウ, 【KB24】春日部駅西口〜地方庁舎前〜秀〜かすかべ温泉〜ウ"
工業団地北,東武バスウエスト（株）,"大47, 宮06"
小敷谷南,上尾市,平方小敷谷循環
尾山台団地センター,朝日自動車（株）,【HO22】上尾駅東口〜西原〜仲町〜沼南駅前〜尾山台団地〜東大宮駅
尾山台団地センター,東武バスウエスト（株）,"東大11, 東大12"
日の出町,坂戸市,"おおや線, さかど線, しろやま線, すぐろ線, にっさい線"
銚子口西,春日部市,赤沼〜武里駅ルート
出口,朝日自動車（株）,"【HS25】蓮田駅東口〜橋場〜国立東埼玉病院〜江ヶ崎馬場〜岩槻駅西口, 【HS26】蓮田駅東口〜宿下〜国立東埼玉病院〜江ヶ崎馬場〜岩槻駅西口, 【IW11】岩槻駅西口〜江ヶ崎馬場〜国立東埼玉病院"
銚子口香取神社入口,春日部市,赤沼〜武里駅ルート
毛呂山特別支援学校,毛呂山町,"めじろ号2コース, やぶさめ号3コース"
千代田中学校,坂戸市,みよしの線
白樺通り入口,東武バスウエスト（株）,"大51, 大53, 宮05, 尾52"
大谷公民館入口,上尾市,大谷循環
下広谷,東武バスウエスト（株）,若02・東坂02・東坂03・川越09
瓦葺保育所前,上尾市,原市瓦葺線
大谷小学校,東武バスウエスト（株）,"尾61・尾62, 尾63, 川越06, 扇02"
豊野町南,朝日自動車（株）,"【KB61】春日部駅東口〜女子高前〜緑町四丁目〜集〜消〜豊野工業団地, 【KB64】春日部駅東口〜川守稲荷大明神〜集〜消〜豊野工業団地"
南平野北,さいたま市,岩槻区コミュニティバス
稲荷八津山,上尾市,原市瓦葺線
やまぶき団地,さいたま市,岩槻区コミュニティバス
工業団地東,東武バスウエスト（株）,"宮01, 宮04, 宮06"
大満,川越観光自動車（株）,黒山線
春野小学校,国際興業（株）,"東大01, 東大02, 東大02-2, 東大81, 七里01"
坂戸駅,川越観光自動車（株）,大橋線
西三番街,国際興業（株）,"東大01, 東大02, 東大02-2, 東大81, 七里01"
坂戸駅北口,坂戸市,"おおや線, さかど線, しろやま線, すぐろ線, にっさい線"
薄谷西,春日部市,増戸・豊春ルート
谷原新田,朝日自動車（株）,"【KB23】春日部駅西口〜地方庁舎前〜かすかべ温泉〜ウ, 【KB24】春日部駅西口〜地方庁舎前〜秀〜かすかべ温泉〜ウ"
公民館前,春日部市,赤沼〜武里駅ルート
公民館前,朝日自動車（株）,"【KB61】春日部駅東口〜女子高前〜緑町四丁目〜集〜消〜豊野工業団地, 【KB64】春日部駅東口〜川守稲荷大明神〜集〜消〜豊野工業団地"
紺屋,坂戸市,みよしの線
富士見六丁目,東武バスウエスト（株）,"若02・東坂02・東坂03・川越09, 若01"
かすかべ温泉入口,朝日自動車（株）,"【KB23】春日部駅西口〜地方庁舎前〜かすかべ温泉〜ウ, 【KB24】春日部駅西口〜地方庁舎前〜秀〜かすかべ温泉〜ウ"
東二番街,国際興業（株）,"東大01, 東大02, 東大02-2, 東大81, 七里01"
丸ヶ崎火の見下,国際興業（株）,"東大01, 東大02, 東大02-2, 東大81"
原市集会所,上尾市,原市瓦葺線
薄谷東,春日部市,増戸・豊春ルート
大谷中学校南,上尾市,平方小敷谷循環
原市新田,東武バスウエスト（株）,宮04
原市新田,朝日自動車（株）,【HO21】上尾駅東口〜西原〜仲町〜県営砂団地〜東大宮駅
成願寺,坂戸市,しろやま線
丸山,上尾市,平方丸山公園線
増戸ちびっこ広場,春日部市,増戸・豊春ルート
関間,坂戸市,"おおや線, さかど線, しがいち線, しろやま線, すぐろ線, にっさい線"
かすかべ温泉,朝日自動車（株）,"【KB21】春日部駅西口〜地方庁舎前〜かすかべ温泉, 【KB22】春日部駅西口〜地方庁舎前〜秀〜かすかべ温泉, 【KB23】春日部駅西口〜地方庁舎前〜かすかべ温泉〜ウ, 【KB24】春日部駅西口〜地方庁舎前〜秀〜かすかべ温泉〜ウ"
工業団地中央,東武バスウエスト（株）,"宮01, 宮04, 宮06"
尾山台団地南,朝日自動車（株）,【HO22】上尾駅東口〜西原〜仲町〜沼南駅前〜尾山台団地〜東大宮駅
尾山台団地南,東武バスウエスト（株）,"東大11, 東大12"
西上尾第二団地,東武バスウエスト（株）,"尾31, 尾32"
しらかば通り,東武バスウエスト（株）,宮03
平方北小学校入口,上尾市,平方小敷谷循環
平方北小学校,東武バスウエスト（株）,大60
西戸公会堂,毛呂山町,"めじろ号2コース, やぶさめ号3コース"
若葉台第二住宅,（株）川乗三和,つるワゴン　富士見・五味ヶ谷線
坂戸市役所,坂戸市,"おおや線, さかど線, しがいち線, しろやま線, すぐろ線, にっさい線, みよしの線"
豊野入口,朝日自動車（株）,"【KB61】春日部駅東口〜女子高前〜緑町四丁目〜集〜消〜豊野工業団地, 【KB64】春日部駅東口〜川守稲荷大明神〜集〜消〜豊野工業団地"
岩槻警察署,国際興業（株）,"蓮11, 蓮12"
平方北小学校前,東武バスウエスト（株）,尾32
坂戸駅南口,坂戸市,"しがいち線, つるまい線：朝夕便"
坂戸駅南口,（有）鶴ヶ島交通,"つるワゴン　上新田・若葉駅西口線, つるワゴン　上広谷・坂戸駅南口線"
坂戸駅南口,（株）千代田交通,つるワゴン　坂戸駅線
落合橋南詰,東武バスウエスト（株）,"川越01・川越02, 川越03"
西上尾第二団地東,上尾市,平方小敷谷循環
小双里,西武観光バス（株）,M5、M6、M7　中津川線
豊野工業団地入口,春日部市,赤沼〜武里駅ルート
UDトラックス前,東武バスウエスト（株）,"尾61・尾62, 尾63, 川越06, 扇02"
出戸橋,国際興業（株）,"東大01, 東大02, 東大02-2, 東大81"
南小学校,坂戸市,みよしの線
雲ヶ谷公園,坂戸市,しがいち線
UDトラックス本社前（日産正門前）,上尾市,大谷循環
南町,坂戸市,しがいち線
鈴木,東武バスウエスト（株）,"大51, 大53, 宮05"
正善ちびっこ広場入口,春日部市,赤沼〜武里駅ルート
工業団地四ツ角,東武バスウエスト（株）,"大47, 宮01, 宮04, 宮06"
4号バイパス入口,春日部市,赤沼〜武里駅ルート
大谷本郷,上尾市,大谷循環
観音堂,東武バスウエスト（株）,若02・東坂02・東坂03・川越09
別所団地,東武バスウエスト（株）,宮03
壱丁目東,上尾市,"大谷循環, 平方小敷谷循環"
薄谷南,春日部市,増戸・豊春ルート
原市七区,上尾市,原市瓦葺線
工業団地西,東武バスウエスト（株）,"宮01, 宮06"
南平野公園,さいたま市,岩槻区コミュニティバス
東三番街,国際興業（株）,"東大01, 東大02, 東大02-2, 東大81, 七里01"
歴史民俗資料館,毛呂山町,"めじろ号2コース, やぶさめ号1コース"
小林,東武バスウエスト（株）,尾32
小林,上尾市,平方小敷谷循環
新堀,東武バスウエスト（株）,"東大11, 東大12"
新堀,上尾市,原市瓦葺線
新堀,朝日自動車（株）,【HO22】上尾駅東口〜西原〜仲町〜沼南駅前〜尾山台団地〜東大宮駅
備後第一公園,春日部市,赤沼〜武里駅ルート
堀先町,東武バスウエスト（株）,宮04
富士見中央公園,東武バスウエスト（株）,"若02・東坂02・東坂03・川越09, 若01"
西町児童公園入口,朝日自動車（株）,"【HS25】蓮田駅東口〜橋場〜国立東埼玉病院〜江ヶ崎馬場〜岩槻駅西口, 【HS26】蓮田駅東口〜宿下〜国立東埼玉病院〜江ヶ崎馬場〜岩槻駅西口, 【IW11】岩槻駅西口〜江ヶ崎馬場〜国立東埼玉病院"
堀崎町,朝日自動車（株）,【HO21】上尾駅東口〜西原〜仲町〜県営砂団地〜東大宮駅
大谷小学校入口,上尾市,大谷循環
東坂戸駐在所前,東武バスウエスト（株）,若02・東坂02・東坂03・川越09
別所小学校,東武バスウエスト（株）,宮03
東一番街,国際興業（株）,"東大01, 東大02, 東大02-2, 東大81, 七里01"
赤沼新町,春日部市,赤沼〜武里駅ルート
壱丁目,上尾市,平方小敷谷循環
一丁目,東武バスウエスト（株）,"尾61・尾62, 尾63, 川越06, 扇02"
東坂戸団地,坂戸市,みよしの線
東坂戸団地,東武バスウエスト（株）,若02・東坂02・東坂03・川越09
富士見自治会館,（株）川乗三和,つるワゴン　富士見・五味ヶ谷線
浅羽野,坂戸市,おおや線
花影町,坂戸市,つるまい線：朝夕便
丸山公園,東武バスウエスト（株）,"尾63, 大62, 大65"
若葉台団地南,（株）川乗三和,つるワゴン　富士見・五味ヶ谷線
丸ヶ崎,国際興業（株）,"東大01, 東大02, 東大02-2, 東大81"
丸山公園南口,上尾市,平方丸山公園線
薬師沼親水公園,春日部市,赤沼〜武里駅ルート
赤沼新田,春日部市,赤沼〜武里駅ルート
鶉平,西武観光バス（株）,M5、M6、M7　中津川線
団地センター,東武バスウエスト（株）,若02・東坂02・東坂03・川越09
千代田三丁目,坂戸市,みよしの線
西町五丁目,国際興業（株）,"蓮11, 蓮12"
二子山入口,西武観光バス（株）,Y1、Y2、Y3　横瀬線
太平中学校前,上尾市,平方小敷谷循環
奈良団地,東武バスウエスト（株）,宮03
丸山団地入口,東武バスウエスト（株）,尾32
東坂戸団地センター,坂戸市,みよしの線
丸山団地,上尾市,"平方丸山公園線, 平方小敷谷循環"
登戸,茨城急行自動車（株）,せんげん台駅〜赤沼十字路〜大正大学入口
深作中,国際興業（株）,"東大01, 東大02, 東大02-2, 東大81, 七里01"
新町組自治会館,春日部市,赤沼〜武里駅ルート
団地西,東武バスウエスト（株）,大60
大滝郵便局,西武観光バス（株）,M5、M6、M7　中津川線
西大久保,毛呂山町,"めじろ号2コース, やぶさめ号1コース"
中新井入口,上尾市,大谷循環
本丸公民館南,さいたま市,岩槻区コミュニティバス
新田前,上尾市,平方小敷谷循環
新田前,東武バスウエスト（株）,"尾61・尾62, 尾63, 川越06, 扇02"
落合,西武観光バス（株）,M5、M6、M7　中津川線
栄小学校北,（株）川乗三和,つるワゴン　富士見・五味ヶ谷線
城西高校,東武バスウエスト（株）,"川越01・川越02, 川越03"
宮原中学校,東武バスウエスト（株）,"宮01, 宮06"
奈良町北,東武バスウエスト（株）,宮03
県営砂団地,朝日自動車（株）,【HO21】上尾駅東口〜西原〜仲町〜県営砂団地〜東大宮駅
県営砂団地,東武バスウエスト（株）,宮04
県営砂団地,上尾市,原市瓦葺線
工業団地南,東武バスウエスト（株）,"大47, 宮04"
武里東公民館入口,春日部市,赤沼〜武里駅ルート
川角ローソン裏,毛呂山町,"めじろ号2コース, やぶさめ号3コース"
団地入口,東武バスウエスト（株）,若02・東坂02・東坂03・川越09
渋江町,さいたま市,岩槻区コミュニティバス
地頭方天神谷,上尾市,大谷循環
大滝総合支所,西武観光バス（株）,M5、M6、M7　中津川線
強石,西武観光バス（株）,M5、M6、M7　中津川線
南平野中央通り,さいたま市,岩槻区コミュニティバス
脚折北部自治会館前,（有）鶴ヶ島交通,"つるワゴン　上新田・若葉駅西口線, つるワゴン　上広谷・坂戸駅南口線"
脚折北部自治会館前,（株）千代田交通,つるワゴン　坂戸駅線
二本松,東武バスウエスト（株）,川越04
筑波大学附属坂戸高校,坂戸市,みよしの線
檪平,西武観光バス（株）,M5、M6、M7　中津川線
下広谷北自治会館前,東武バスウエスト（株）,川越シャトル10系統
厚川第二集会所前,坂戸市,しろやま線
栄光院前,茨城急行自動車（株）,せんげん台駅〜赤沼十字路〜大正大学入口
楢平,西武観光バス（株）,M5、M6、M7　中津川線
赤沼上手組集会所,春日部市,赤沼〜武里駅ルート
関間二丁目,坂戸市,しがいち線
春岡三丁目,国際興業（株）,"東大01, 東大02"
中小坂,東武バスウエスト（株）,若02・東坂02・東坂03・川越09
丸山公園入口,上尾市,"平方丸山公園線, 平方小敷谷循環"
丸山公園入口,東武バスウエスト（株）,尾32
宮原四丁目,東武バスウエスト（株）,"大51, 大53, 宮01, 宮05, 宮06"
太平中学校南,上尾市,平方小敷谷循環
三ツ塚,東武バスウエスト（株）,"尾61・尾62, 尾63, 川越06, 扇02"
沢田,毛呂山町,"ゆず号2コース, めじろ号2コース, やぶさめ号3コース"
東大宮六丁目,国際興業（株）,"東大01, 東大02, 東大02-2, 東大81"
ヤオコー岩槻西町店,さいたま市,岩槻区並木・加倉地区乗合タクシー「らくらく号」
深作三丁目,国際興業（株）,"東大01, 東大02, 東大81, 七里01"
広域農道入口,茨城急行自動車（株）,せんげん台駅〜赤沼十字路〜大正大学入口
若葉駅自転車駐車場前,坂戸市,みよしの線
岩槻人形博物館,さいたま市,岩槻区コミュニティバス
土屋神社,坂戸市,"おおや線, つるまい線：朝夕便"
欠ノ上,坂戸市,しろやま線
岩槻城址公園,さいたま市,岩槻区コミュニティバス
中新井,上尾市,大谷循環
本町三丁目,さいたま市,岩槻区コミュニティバス
鎌倉橋,東武バスウエスト（株）,川越シャトル10系統
宮平,西武観光バス（株）,M5、M6、M7　中津川線
上大満,川越観光自動車（株）,黒山線
やすらぎの里霊園前,茨城急行自動車（株）,せんげん台駅〜赤沼十字路〜大正大学入口
マミー歯科,（株）川乗三和,つるワゴン　富士見・五味ヶ谷線
富士見市民センター,（株）川乗三和,つるワゴン　富士見・五味ヶ谷線
消防署,毛呂山町,"ゆず号2コース, めじろ号2コース, やぶさめ号3コース"
ウイング・ハット春日部,春日部市,増戸・豊春ルート
岡本団地入口,毛呂山町,"めじろ号1コース, やぶさめ号1コース, やぶさめ号2コース"
ウィング・ハット春日部,朝日自動車（株）,"【KB23】春日部駅西口〜地方庁舎前〜かすかべ温泉〜ウ, 【KB24】春日部駅西口〜地方庁舎前〜秀〜かすかべ温泉〜ウ"
ウイングハット・春日部,朝日自動車（株）,せんげん台駅西口〜みどり住宅〜ウイングハット・春日部
関越病院北,（有）鶴ヶ島交通,"つるワゴン　上新田・若葉駅西口線, つるワゴン　上広谷・坂戸駅南口線"
関越病院北,（株）千代田交通,つるワゴン　坂戸駅線
A団地入口,朝日自動車（株）,【HO22】上尾駅東口〜西原〜仲町〜沼南駅前〜尾山台団地〜東大宮駅
A団地入口,東武バスウエスト（株）,"東大11, 東大12"
羽折児童公園,（株）千代田交通,つるワゴン　坂戸駅線
赤沼香取神社,春日部市,赤沼〜武里駅ルート
上野北,上尾市,平方小敷谷循環
新開橋,茨城急行自動車（株）,せんげん台駅〜赤沼十字路〜大正大学入口
砂二丁目,朝日自動車（株）,【HO21】上尾駅東口〜西原〜仲町〜県営砂団地〜東大宮駅
砂二丁目,東武バスウエスト（株）,宮04
中新井南,上尾市,大谷循環
エクレール四番館,さいたま市,岩槻区並木・加倉地区乗合タクシー「らくらく号」
岩槻駅西口,朝日自動車（株）,"【HS25】蓮田駅東口〜橋場〜国立東埼玉病院〜江ヶ崎馬場〜岩槻駅西口, 【HS26】蓮田駅東口〜宿下〜国立東埼玉病院〜江ヶ崎馬場〜岩槻駅西口, 【IW11】岩槻駅西口〜江ヶ崎馬場〜国立東埼玉病院"
岩槻駅西口,さいたま市,岩槻区並木・加倉地区乗合タクシー「らくらく号」
岩槻駅西口,国際興業（株）,"蓮11, 蓮12"
地頭方東谷,上尾市,大谷循環
大滝温泉遊湯館,西武観光バス（株）,"M4急行　三峯神社線, M5、M6、M7　中津川線"
福田,東武バスウエスト（株）,"川越01・川越02, 川越03"
春岡二丁目,国際興業（株）,"東大01, 東大02"
慈眼寺前,坂戸市,みよしの線
坊山,上尾市,大谷循環
中新井住宅,上尾市,大谷循環
原上,東武バスウエスト（株）,"大47, 宮04"
脚折,坂戸市,しがいち線
西奈良町,東武バスウエスト（株）,宮03
保育園前,東武バスウエスト（株）,宮03
岩槻駅,さいたま市,"岩槻区コミュニティバス, 岩槻区和土地区乗合タクシー「レインボー号」"
岩槻駅,東武バスウエスト（株）,"大50, 岩01"
岩槻駅,国際興業（株）,"岩11, 岩11-2, 岩11-3, 岩12, 岩80, 岩80-2"
鶴舞東,坂戸市,"おおや線, つるまい線：朝夕便"
丸ヶ崎一本松,国際興業（株）,"東大01, 東大02, 東大02-2, 東大81"
ワッツ東館（岩槻区役所）,さいたま市,岩槻区コミュニティバス
前原,茨城急行自動車（株）,せんげん台駅〜赤沼十字路〜大正大学入口
岩槻駅東口,朝日自動車（株）,"越谷駅西口〜荻島小学校〜岩槻駅東口, しらこばと水上公園〜岩槻駅東口, 荻島小学校〜岩槻駅東口"
関越病院,（有）三芳野タクシー,つるワゴン　松ヶ丘・関越病院線
関越病院,（有）鶴ヶ島交通,"つるワゴン　上新田・若葉駅西口線, つるワゴン　上広谷・坂戸駅南口線"
関越病院,（株）千代田交通,つるワゴン　坂戸駅線
脚折近隣公園東,（有）鶴ヶ島交通,"つるワゴン　上新田・若葉駅西口線, つるワゴン　上広谷・坂戸駅南口線"
脚折近隣公園東,（株）千代田交通,つるワゴン　坂戸駅線
平方新田集落センター,上尾市,平方丸山公園線
平方北,上尾市,平方小敷谷循環
平方北,東武バスウエスト（株）,"尾32, 尾63, 大62, 大65"
平方上野,上尾市,平方小敷谷循環
平方上野,東武バスウエスト（株）,"尾61・尾62, 尾63, 川越06, 大60, 大62, 扇02"
善源寺前,茨城急行自動車（株）,せんげん台駅〜赤沼十字路〜大正大学入口
ワカバウォーク北,（株）川乗三和,つるワゴン　富士見・五味ヶ谷線
エクレール三番館,さいたま市,岩槻区並木・加倉地区乗合タクシー「らくらく号」
鶴舞中央,坂戸市,"おおや線, つるまい線：朝夕便"
若葉駅東口,坂戸市,みよしの線
若葉駅東口,（株）川乗三和,つるワゴン　富士見・五味ヶ谷線
新川西,茨城急行自動車（株）,せんげん台駅〜赤沼十字路〜大正大学入口
赤沼自治会防災倉庫,春日部市,赤沼〜武里駅ルート
高橋医院前,さいたま市,岩槻区並木・加倉地区乗合タクシー「らくらく号」
赤沼十字路,茨城急行自動車（株）,"せんげん台駅〜赤沼十字路〜大正大学入口, せんげん台駅〜赤沼十字路〜まつぶし緑の丘公園, せんげん台駅〜桜井小学校〜まつぶし緑の丘公園, せんげん台駅〜桜井小学校・まつぶし緑の丘公園〜松伏町役場"
新曲輪,さいたま市,岩槻区コミュニティバス
浅羽東,坂戸市,"おおや線, つるまい線：朝夕便"
武里駅西口,朝日自動車（株）,せんげん台駅西口〜武里駅西口
東大宮駅入口,朝日自動車（株）,【HO21】上尾駅東口〜西原〜仲町〜県営砂団地〜東大宮駅
東大宮駅入口,東武バスウエスト（株）,宮04
三塚公園,上尾市,平方小敷谷循環
若葉駅,東武バスウエスト（株）,"若02・東坂02・東坂03・川越09, 若01"
広谷新町自治会館前,東武バスウエスト（株）,川越シャトル10系統
おおくぼ橋,毛呂山町,"めじろ号2コース, やぶさめ号1コース"
奈良中央,東武バスウエスト（株）,宮03
はなみずき団地,（株）千代田交通,つるワゴン　坂戸駅線
武里駅東口,春日部市,赤沼〜武里駅ルート
萱方,坂戸市,しろやま線
エクレール二番館,さいたま市,岩槻区並木・加倉地区乗合タクシー「らくらく号」
川越堺,東武バスウエスト（株）,若02・東坂02・東坂03・川越09
上尾南高校前,上尾市,大谷循環
宮原小学校,東武バスウエスト（株）,"大51, 大53, 宮01, 宮05, 宮06"
東洋クオリティ・ワン入口,東武バスウエスト（株）,若02・東坂02・東坂03・川越09
若葉駅西口,東武バスウエスト（株）,つるバス南北線
若葉駅西口,（有）鶴ヶ島交通,つるワゴン　上新田・若葉駅西口線
駅前通り,朝日自動車（株）,"越谷駅西口〜荻島小学校〜岩槻駅東口, しらこばと水上公園〜岩槻駅東口, 荻島小学校〜岩槻駅東口"
駅通り,東武バスウエスト（株）,"大50, 岩01"
駅前通り,国際興業（株）,"岩11, 岩11-2, 岩11-3, 岩12, 岩80, 岩80-2"
人形町通り,さいたま市,岩槻区コミュニティバス
下小坂,東武バスウエスト（株）,若02・東坂02・東坂03・川越09
東大宮駅,国際興業（株）,"東大01, 東大02, 東大02-2, 東大03, 東大81"
東大宮駅,（株）見沼交通,みぬま号
東大宮駅,朝日自動車（株）,"【HO21】上尾駅東口〜西原〜仲町〜県営砂団地〜東大宮駅, 【HO22】上尾駅東口〜西原〜仲町〜沼南駅前〜尾山台団地〜東大宮駅"
東大宮駅,東武バスウエスト（株）,"東大11, 東大12, 宮04"
堤崎北,上尾市,大谷循環
松枝,西武観光バス（株）,Y1、Y2、Y3　横瀬線
中小坂前窪レク,坂戸市,みよしの線
浅羽西,坂戸市,"おおや線, つるまい線：朝夕便"
上野東,上尾市,平方小敷谷循環
平方小学校北,上尾市,平方小敷谷循環
赤沼,茨城急行自動車（株）,"せんげん台駅〜赤沼十字路〜大正大学入口, せんげん台駅〜赤沼十字路〜まつぶし緑の丘公園, せんげん台駅〜桜井小学校〜まつぶし緑の丘公園, せんげん台駅〜桜井小学校・まつぶし緑の丘公園〜松伏町役場"
砂町原山,（株）見沼交通,みぬま号
砂町原山,国際興業（株）,"東大01, 東大02, 東大02-2, 東大03, 東大81"
深作一丁目,国際興業（株）,"東大81, 七里01"
平方小学校前,東武バスウエスト（株）,"尾61・尾62, 尾63, 川越06, 大62, 扇02"
長久保小学校入口,（有）鶴ヶ島交通,"つるワゴン　上新田・若葉駅西口線, つるワゴン　上広谷・坂戸駅南口線"
長久保小学校入口,（株）千代田交通,つるワゴン　坂戸駅線
神岡住宅,西武観光バス（株）,M5、M6、M7　中津川線
椿山団地,（株）川乗三和,つるワゴン　富士見・五味ヶ谷線
本町四丁目,朝日自動車（株）,"越谷駅西口〜荻島小学校〜岩槻駅東口, しらこばと水上公園〜岩槻駅東口, 荻島小学校〜岩槻駅東口"
本町四丁目,さいたま市,岩槻区コミュニティバス
本町四丁目,国際興業（株）,"岩11, 岩11-2, 岩11-3, 岩12, 岩80, 岩80-2"
武里西小学校入口,朝日自動車（株）,"せんげん台駅西口〜みどり住宅〜ウイングハット・春日部, せんげん台駅西口〜みどり住宅"
銀行前,朝日自動車（株）,せんげん台駅西口〜武里駅西口
エクレール一番館,さいたま市,岩槻区並木・加倉地区乗合タクシー「らくらく号」
増田新田交差点,朝日自動車（株）,せんげん台駅西口〜みどり住宅〜ウイングハット・春日部
大正大学前,茨城急行自動車（株）,せんげん台駅〜赤沼十字路〜大正大学入口
川角岡野屋,毛呂山町,"めじろ号2コース, やぶさめ号1コース"
平方ゴルフガーデン,東武バスウエスト（株）,"大60, 大62"
下府川,東武バスウエスト（株）,川越04
東彩ガス前,朝日自動車（株）,"せんげん台駅西口〜みどり住宅〜ウイングハット・春日部, せんげん台駅西口〜みどり住宅"
馬蹄寺東,上尾市,平方丸山公園線
鶴舞南,坂戸市,"おおや線, つるまい線：朝夕便"
白百合団地入口,朝日自動車（株）,"せんげん台駅西口〜みどり住宅〜ウイングハット・春日部, せんげん台駅西口〜みどり住宅"
奈良町自治会館前,東武バスウエスト（株）,宮03
ベルク前,毛呂山町,ゆず号2コース
川角マクドナルド前,毛呂山町,"めじろ号2コース, やぶさめ号3コース"
戸崎,上尾市,大谷循環
前久保集落センター前,毛呂山町,"めじろ号2コース, やぶさめ号3コース"
みどり住宅,朝日自動車（株）,"せんげん台駅西口〜みどり住宅〜ウイングハット・春日部, せんげん台駅西口〜みどり住宅"
神明山,上尾市,大谷循環
新町横町,東武バスウエスト（株）,"大50, 岩01"
上尾橘高校前,東武バスウエスト（株）,"尾32, 尾63, 大62, 大65"
上尾橘高校前,上尾市,平方小敷谷循環
羽折稲荷神社（北市民センター）,（株）千代田交通,つるワゴン　坂戸駅線
下広谷南,東武バスウエスト（株）,川越シャトル10系統
児童センター,さいたま市,"岩槻区コミュニティバス, 岩槻区並木・加倉地区乗合タクシー「らくらく号」"
林道町,さいたま市,岩槻区コミュニティバス
東毛呂駅,川越観光自動車（株）,埼玉医大線
東毛呂駅とんかつ次郎,毛呂山町,"ゆず号1コース, ゆず号2コース, めじろ号1コース, めじろ号2コース, やぶさめ号1コース, やぶさめ号2コース, やぶさめ号3コース"
団地入口,朝日自動車（株）,"せんげん台駅西口〜みどり住宅〜ウイングハット・春日部, せんげん台駅西口〜みどり住宅, せんげん台駅西口〜武里駅西口"
本郷新田,東武バスウエスト（株）,"大47, 宮04"
仲町通り,さいたま市,岩槻区コミュニティバス
森戸市場,坂戸市,しろやま線
加茂神社前,東武バスウエスト（株）,"大51, 大53, 宮01, 宮05, 宮06"
堤崎,上尾市,大谷循環
つるがしま中央交流センター南,（有）鶴ヶ島交通,つるワゴン　上新田・若葉駅西口線
仲町一丁目,朝日自動車（株）,"越谷駅西口〜荻島小学校〜岩槻駅東口, しらこばと水上公園〜岩槻駅東口, 荻島小学校〜岩槻駅東口"
仲町一丁目,さいたま市,岩槻区和土地区乗合タクシー「レインボー号」
仲町一丁目,国際興業（株）,"岩11, 岩11-2, 岩11-3, 岩12, 岩80, 岩80-2"
フェニックスゴルフ場,東武バスウエスト（株）,"扇02, 扇01"
八幡神社前,茨城急行自動車（株）,"せんげん台駅〜赤沼十字路〜まつぶし緑の丘公園, せんげん台駅〜桜井小学校〜まつぶし緑の丘公園, せんげん台駅〜桜井小学校・まつぶし緑の丘公園〜松伏町役場"
広谷新町,東武バスウエスト（株）,川越シャトル10系統
平方三区,茨城急行自動車（株）,"せんげん台駅〜赤沼十字路〜大正大学入口, せんげん台駅〜赤沼十字路〜まつぶし緑の丘公園, せんげん台駅〜桜井小学校〜まつぶし緑の丘公園, せんげん台駅〜桜井小学校・まつぶし緑の丘公園〜松伏町役場"
中央公民館,毛呂山町,やぶさめ号3コース
桶川新道,東武バスウエスト（株）,"尾61・尾62, 尾63, 川越06, 大62, 扇02"
丸山記念総合病院,さいたま市,"岩槻区コミュニティバス, 岩槻区並木・加倉地区乗合タクシー「らくらく号」, 岩槻区和土地区乗合タクシー「レインボー号」"
光岩,西武観光バス（株）,M5、M6、M7　中津川線
浄国寺,東武バスウエスト（株）,"川越01・川越02, 川越03"
市宿,東武バスウエスト（株）,"大50, 岩01"
砂氷川社,国際興業（株）,東大03
武里駅入口,茨城急行自動車（株）,"せんげん台駅〜赤沼十字路〜大正大学入口, せんげん台駅〜赤沼十字路〜まつぶし緑の丘公園"
富士見ハイツ公園,（株）川乗三和,つるワゴン　富士見・五味ヶ谷線
市場山﨑屋,毛呂山町,"めじろ号2コース, やぶさめ号1コース"
仲町郵便局,さいたま市,岩槻区コミュニティバス
竹林公園,さいたま市,岩槻区コミュニティバス
大正大学入口,茨城急行自動車（株）,"せんげん台駅〜赤沼十字路〜大正大学入口, 北越谷駅〜赤岩入口〜大正大学入口"
平方領々家,上尾市,平方小敷谷循環
三十槌,西武観光バス（株）,M4急行　三峯神社線
平塚,東武バスウエスト（株）,若02・東坂02・東坂03・川越09
東市民センター,（株）川乗三和,つるワゴン　富士見・五味ヶ谷線
下宿公民館西,上尾市,平方丸山公園線
平方領家,東武バスウエスト（株）,"大60, 大62"
並木町1丁目,さいたま市,岩槻区並木・加倉地区乗合タクシー「らくらく号」
鶴舞入口,坂戸市,"おおや線, つるまい線：朝夕便"
東大宮七丁目,国際興業（株）,東大03
冨田整形外科,東武バスウエスト（株）,つるバス南北線
平方,東武バスウエスト（株）,"尾61・尾62, 尾63, 川越06, 大62, 扇02"
北高入口,東武バスウエスト（株）,宮03
並木町自治会館前,さいたま市,岩槻区並木・加倉地区乗合タクシー「らくらく号」
脚折町五丁目,（有）鶴ヶ島交通,つるワゴン　上新田・若葉駅西口線
第二住宅入口,さいたま市,北区コミュニティバス
第二住宅入口,東武バスウエスト（株）,大47
前久保中央公園,毛呂山町,"めじろ号2コース, やぶさめ号3コース"
鮮魚センター,（有）鶴ヶ島交通,つるワゴン　上新田・若葉駅西口線
若山2丁目,毛呂山町,"めじろ号2コース, やぶさめ号1コース, やぶさめ号3コース"
五味ヶ谷自治会館,（株）川乗三和,つるワゴン　富士見・五味ヶ谷線
東町二丁目,朝日自動車（株）,"越谷駅西口〜荻島小学校〜岩槻駅東口, しらこばと水上公園〜岩槻駅東口, 荻島小学校〜岩槻駅東口"
東町二丁目,さいたま市,岩槻区和土地区乗合タクシー「レインボー号」
東町二丁目,国際興業（株）,"岩11, 岩11-2, 岩11-3, 岩12, 岩80, 岩80-2"
秩父湖,西武観光バス（株）,M4急行　三峯神社線
石戸橋,川越観光自動車（株）,黒山線
上宿橋,毛呂山町,ゆず号2コース
東大宮5丁目,（株）見沼交通,みぬま号
並木通り,朝日自動車（株）,"せんげん台駅西口〜みどり住宅〜ウイングハット・春日部, せんげん台駅西口〜みどり住宅, せんげん台駅西口〜武里駅西口"
脚折町三丁目東,（有）鶴ヶ島交通,つるワゴン　上新田・若葉駅西口線
脚折町三丁目交差点,（有）鶴ヶ島交通,つるワゴン　上広谷・坂戸駅南口線
脚折町三丁目交差点,（株）千代田交通,つるワゴン　坂戸駅線
児童館,毛呂山町,"めじろ号1コース, やぶさめ号1コース, やぶさめ号2コース"
白山西原公園入口,東武バスウエスト（株）,川越シャトル10系統
善能寺,（有）鶴ヶ島交通,つるワゴン　上広谷・坂戸駅南口線
善能寺,（株）千代田交通,つるワゴン　坂戸駅線
新田入口,茨城急行自動車（株）,"せんげん台駅〜赤沼十字路〜大正大学入口, せんげん台駅〜赤沼十字路〜まつぶし緑の丘公園, せんげん台駅〜桜井小学校〜まつぶし緑の丘公園, せんげん台駅〜桜井小学校・まつぶし緑の丘公園〜松伏町役場"
平方郵便局前,茨城急行自動車（株）,"せんげん台駅〜赤沼十字路〜大正大学入口, せんげん台駅〜赤沼十字路〜まつぶし緑の丘公園"
厚川集会所,坂戸市,しろやま線
橘神社前,東武バスウエスト（株）,"尾32, 尾61・尾62, 川越06, 大62, 大65, 扇02, 扇01"
善能寺西,（有）鶴ヶ島交通,つるワゴン　上新田・若葉駅西口線
平方神社前,上尾市,"平方丸山公園線, 平方小敷谷循環"
府内一丁目,さいたま市,岩槻区コミュニティバス
富士見ハイツ東,（株）川乗三和,つるワゴン　富士見・五味ヶ谷線
西新井団地,さいたま市,西区指扇地区乗合タクシー「あじさい号」基本ルート
山谷,茨城急行自動車（株）,"せんげん台駅〜赤沼十字路〜大正大学入口, せんげん台駅〜赤沼十字路〜まつぶし緑の丘公園, せんげん台駅〜大泊・平方循環〜せんげん台駅, せんげん台駅〜桜井小学校〜まつぶし緑の丘公園, せんげん台駅〜桜井小学校・まつぶし緑の丘公園〜松伏町役場"
加倉,東武バスウエスト（株）,"大50, 岩01"
加倉坂下,さいたま市,岩槻区並木・加倉地区乗合タクシー「らくらく号」
戸崎自治会館,上尾市,大谷循環
加倉住宅,さいたま市,岩槻区並木・加倉地区乗合タクシー「らくらく号」
府川,東武バスウエスト（株）,川越04
笹久保さくら保育園,（有）鶴ヶ島交通,つるワゴン　上新田・若葉駅西口線
岩槻高校入口,朝日自動車（株）,"越谷駅西口〜荻島小学校〜岩槻駅東口, しらこばと水上公園〜岩槻駅東口, 荻島小学校〜岩槻駅東口"
岩槻高校入口,国際興業（株）,"岩11, 岩11-2, 岩11-3, 岩12, 岩80, 岩80-2"
東宮原駅前,さいたま市,北区コミュニティバス
東宮原駅前,東武バスウエスト（株）,"大42, 宮04"
淡島神社入口,さいたま市,北区コミュニティバス
淡島神社入口,東武バスウエスト（株）,大47
奈良町南,東武バスウエスト（株）,宮03
まつぶし緑の丘公園,茨城急行自動車（株）,"北越谷駅〜花田三丁目・赤岩入口〜まつぶし緑の丘公園, せんげん台駅〜赤沼十字路〜まつぶし緑の丘公園, せんげん台駅〜桜井小学校〜まつぶし緑の丘公園, せんげん台駅〜桜井小学校・まつぶし緑の丘公園〜松伏町役場"
宮原二丁目北,東武バスウエスト（株）,大42
元浅間,朝日自動車（株）,"越谷駅西口〜荻島小学校〜岩槻駅東口, しらこばと水上公園〜岩槻駅東口, 荻島小学校〜岩槻駅東口"
元浅間,国際興業（株）,"岩11, 岩11-2, 岩11-3, 岩12, 岩80, 岩80-2"
天神橋,東武バスウエスト（株）,"大51, 大53, 宮01, 宮05, 宮06"
中道,さいたま市,北区コミュニティバス
中道,東武バスウエスト（株）,"大42, 宮04"
山谷東,茨城急行自動車（株）,"せんげん台駅〜大泊・平方循環〜せんげん台駅, せんげん台駅〜桜井小学校〜まつぶし緑の丘公園, せんげん台駅〜桜井小学校・まつぶし緑の丘公園〜松伏町役場"
スーパービバホーム岩槻店,さいたま市,岩槻区和土地区乗合タクシー「レインボー号」
福祉会館前,川越観光自動車（株）,埼玉医大線
戸崎公園,上尾市,大谷循環
小深作,国際興業（株）,"東大81, 七里01"
西新井,上尾市,大谷循環
あいあい園入口,毛呂山町,ゆず号2コース
南代,茨城急行自動車（株）,"せんげん台駅〜赤沼十字路〜大正大学入口, せんげん台駅〜赤沼十字路〜まつぶし緑の丘公園"
大陽寺入口,西武観光バス（株）,M5、M6、M7　中津川線
上ノ台公園,国際興業（株）,東大03
毛呂本郷集会所,毛呂山町,ゆず号2コース
大泊入口,茨城急行自動車（株）,"せんげん台駅〜赤沼十字路〜大正大学入口, せんげん台駅〜赤沼十字路〜まつぶし緑の丘公園"
府内,朝日自動車（株）,"越谷駅西口〜荻島小学校〜岩槻駅東口, しらこばと水上公園〜岩槻駅東口, 荻島小学校〜岩槻駅東口"
平方領々家南,上尾市,平方小敷谷循環
保健センター東公民館,毛呂山町,"めじろ号1コース, やぶさめ号1コース, やぶさめ号2コース"
団地センター,朝日自動車（株）,"せんげん台駅西口〜みどり住宅〜ウイングハット・春日部, せんげん台駅西口〜みどり住宅, せんげん台駅西口〜武里駅西口"
上新田集会所,茨城急行自動車（株）,"北越谷駅〜花田三丁目・赤岩入口〜まつぶし緑の丘公園, せんげん台駅〜桜井小学校・まつぶし緑の丘公園〜松伏町役場"
五味ケ谷,東武バスウエスト（株）,川越シャトル10系統
川角中学校南,毛呂山町,"めじろ号1コース, やぶさめ号1コース, やぶさめ号2コース"
富士見町,朝日自動車（株）,"越谷駅西口〜荻島小学校〜岩槻駅東口, しらこばと水上公園〜岩槻駅東口, 荻島小学校〜岩槻駅東口"
岡本,西武観光バス（株）,M5、M6、M7　中津川線
狩野動物病院,（有）鶴ヶ島交通,つるワゴン　上新田・若葉駅西口線
狩野動物病院,（株）千代田交通,つるワゴン　坂戸駅線
一本松駅入口,坂戸市,おおや線
滝ノ入消防小屋,毛呂山町,ゆず号2コース
桜井保育所入口,茨城急行自動車（株）,"せんげん台駅〜大泊・平方循環〜せんげん台駅, せんげん台駅〜桜井小学校〜まつぶし緑の丘公園, せんげん台駅〜桜井小学校・まつぶし緑の丘公園〜松伏町役場"
中道公園入口,東武バスウエスト（株）,"大42, 宮04"
中道公園入口,さいたま市,北区コミュニティバス
武州長瀬駅（北）,毛呂山町,"めじろ号2コース, やぶさめ号1コース, やぶさめ号3コース"
入間大橋,東武バスウエスト（株）,川越06
石田,東武バスウエスト（株）,川越04
坂下住宅,東武バスウエスト（株）,"大50, 岩01"
戸崎中,上尾市,大谷循環
役場,毛呂山町,"ゆず号1コース, ゆず号2コース, めじろ号1コース, めじろ号2コース, やぶさめ号1コース, やぶさめ号2コース, やぶさめ号3コース"
平方公民館前,上尾市,"平方丸山公園線, 平方小敷谷循環"
平方南,東武バスウエスト（株）,"尾32, 尾61・尾62, 大62, 大65, 扇02, 扇01"
平塚橋西詰,東武バスウエスト（株）,若02・東坂02・東坂03・川越09
平方領家南,東武バスウエスト（株）,"西大02, 大60, 大62, 大65"
武州長瀬駅（南）,毛呂山町,"めじろ号1コース, やぶさめ号2コース"
白鬚神社前,（有）三芳野タクシー,つるワゴン　松ヶ丘・関越病院線
白鬚神社前,（有）鶴ヶ島交通,つるワゴン　上広谷・坂戸駅南口線
白鬚神社前,（株）千代田交通,つるワゴン　坂戸駅線
岡田医院前,朝日自動車（株）,"越谷駅西口〜荻島小学校〜岩槻駅東口, しらこばと水上公園〜岩槻駅東口, 荻島小学校〜岩槻駅東口"
火の見下,川越観光自動車（株）,黒山線
コスモタウン平方自治会館前,茨城急行自動車（株）,"せんげん台駅〜大泊・平方循環〜せんげん台駅, せんげん台駅〜桜井小学校〜まつぶし緑の丘公園, せんげん台駅〜桜井小学校・まつぶし緑の丘公園〜松伏町役場"
山田小学校前,東武バスウエスト（株）,"川越01・川越02, 川越03"
大橋,東武バスウエスト（株）,"大50, 岩01"
浅間神社前,上尾市,大谷循環
福祉会館,毛呂山町,"ゆず号1コース, ゆず号2コース, めじろ号1コース, やぶさめ号1コース, やぶさめ号2コース, やぶさめ号3コース"
中郷,さいたま市,北区コミュニティバス
中郷,東武バスウエスト（株）,大47
栄橋東,（有）鶴ヶ島交通,つるワゴン　上広谷・坂戸駅南口線
宮原駅前通り,さいたま市,北区コミュニティバス
宮原駅前通り,東武バスウエスト（株）,"大42, 宮04"
鶴ヶ島歩道橋東,（株）川乗三和,つるワゴン　富士見・五味ヶ谷線
一本木,上尾市,平方小敷谷循環
一本木,東武バスウエスト（株）,"西大02, 大65, 川越03"
宮原駅入口,東武バスウエスト（株）,"大51, 大53, 宮01, 宮05, 宮06"
西中学校北,（有）鶴ヶ島交通,つるワゴン　上新田・若葉駅西口線
日進三丁目,東武バスウエスト（株）,宮03
星和住宅前,東武バスウエスト（株）,つるバス南北線
星和住宅前,（有）鶴ヶ島交通,つるワゴン　上広谷・坂戸駅南口線
砂町,（株）見沼交通,みぬま号
老袋,東武バスウエスト（株）,川越06
大川戸,茨城急行自動車（株）,"北越谷駅〜花田三丁目・赤岩入口〜まつぶし緑の丘公園, せんげん台駅〜桜井小学校・まつぶし緑の丘公園〜松伏町役場"
平塚橋東詰,東武バスウエスト（株）,若02・東坂02・東坂03・川越09
花の丘公園,上尾市,大谷循環
宮原二丁目,東武バスウエスト（株）,大42
岩槻高校南,さいたま市,岩槻区和土地区乗合タクシー「レインボー号」
毛呂駅,川越観光自動車（株）,埼玉医大線
砂中央公園,国際興業（株）,東大03
宮原駅西口,さいたま市,北区コミュニティバス
宮原駅西口,東武バスウエスト（株）,"宮03, 宮09"
香取神社前,茨城急行自動車（株）,"せんげん台駅〜大泊・平方循環〜せんげん台駅, せんげん台駅〜桜井小学校〜まつぶし緑の丘公園, せんげん台駅〜桜井小学校・まつぶし緑の丘公園〜松伏町役場"
本村,東武バスウエスト（株）,"西大02, 大65"
上広谷中央,（有）鶴ヶ島交通,つるワゴン　上広谷・坂戸駅南口線
春里中学校,国際興業（株）,"東大81, 七里01"
平方スポーツ広場南,上尾市,平方小敷谷循環
大学横丁（埼玉医大北側）,毛呂山町,ゆず号1コース
三恵苑,さいたま市,西区指扇地区乗合タクシー「あじさい号」基本ルート
宮原駅東口,東武バスウエスト（株）,"大42, 宮01, 宮04, 宮05, 宮06"
宮原駅東口,さいたま市,北区コミュニティバス
図書館,毛呂山町,"ゆず号1コース, ゆず号2コース, めじろ号1コース, やぶさめ号1コース, やぶさめ号2コース, やぶさめ号3コース"
十七号館前,朝日自動車（株）,"せんげん台駅西口〜みどり住宅〜ウイングハット・春日部, せんげん台駅西口〜みどり住宅, せんげん台駅西口〜武里駅西口"
苗木,東武バスウエスト（株）,大47
苗木,さいたま市,北区コミュニティバス
セキ薬品城南店前,さいたま市,岩槻区和土地区乗合タクシー「レインボー号」
正音寺,（有）鶴ヶ島交通,つるワゴン　上広谷・坂戸駅南口線
村国入口,朝日自動車（株）,"越谷駅西口〜荻島小学校〜岩槻駅東口, しらこばと水上公園〜岩槻駅東口, 荻島小学校〜岩槻駅東口"
一本松駅南口,坂戸市,しろやま線
一本松駅南口,（有）鶴ヶ島交通,つるワゴン　上新田・若葉駅西口線
一本松駅南口,（株）千代田交通,つるワゴン　東西線
獨協埼玉中学・高等学校,朝日自動車（株）,せんげん台駅西口〜獨協埼玉中学・高等学校
安国寺入口,茨城急行自動車（株）,"せんげん台駅〜大泊・平方循環〜せんげん台駅, せんげん台駅〜桜井小学校〜まつぶし緑の丘公園, せんげん台駅〜桜井小学校・まつぶし緑の丘公園〜松伏町役場"
運輸支局前,東武バスウエスト（株）,"西大02, 大60, 大62, 大65"
藤小学校西,（有）鶴ヶ島交通,つるワゴン　上広谷・坂戸駅南口線
一本松駅入口北,（有）鶴ヶ島交通,つるワゴン　上新田・若葉駅西口線
神社前,川越観光自動車（株）,黒山線
鶴ヶ島耳鼻咽喉科,（株）川乗三和,つるワゴン　富士見・五味ヶ谷線
真福寺,国際興業（株）,"岩11, 岩11-2, 岩11-3, 岩12, 岩80, 岩80-2"
東集会所前,朝日自動車（株）,"せんげん台駅西口〜みどり住宅〜ウイングハット・春日部, せんげん台駅西口〜みどり住宅, せんげん台駅西口〜武里駅西口"
下大輪,西武観光バス（株）,M5、M6、M7　中津川線
リハビリセンター入口,上尾市,"平方丸山公園線, 平方小敷谷循環"
リハビリセンター入口,東武バスウエスト（株）,"尾32, 尾61・尾62, 大62, 大65, 扇02, 扇01"
もろびとの館,毛呂山町,ゆず号2コース
大達原,西武観光バス（株）,M5、M6、M7　中津川線
もろハピネス館,毛呂山町,"ゆず号1コース, ゆず号2コース, めじろ号1コース, やぶさめ号1コース, やぶさめ号2コース, やぶさめ号3コース"
名細市民センター,東武バスウエスト（株）,川越シャトル10系統
埼玉医大,川越観光自動車（株）,埼玉医大線
埼玉医大,毛呂山町,"ゆず号1コース, ゆず号2コース, めじろ号1コース, めじろ号2コース, やぶさめ号1コース, やぶさめ号2コース, やぶさめ号3コース"
埼玉医大,国際興業（株）,医大11/12/31/32
堀崎町団地,国際興業（株）,東大03
八ツ島団地,東武バスウエスト（株）,川越04
清河寺団地入口,さいたま市,西区指扇地区乗合タクシー「あじさい号」基本ルート
西新井自治会館,さいたま市,西区指扇地区乗合タクシー「あじさい号」基本ルート
黒山,川越観光自動車（株）,黒山線
かみひろや幼稚園南,（有）鶴ヶ島交通,つるワゴン　上広谷・坂戸駅南口線
西飯塚祭り広場,さいたま市,岩槻区和土地区乗合タクシー「レインボー号」
桜井小学校,茨城急行自動車（株）,"せんげん台駅〜大泊・平方循環〜せんげん台駅, せんげん台駅〜桜井小学校〜まつぶし緑の丘公園, せんげん台駅〜桜井小学校・まつぶし緑の丘公園〜松伏町役場"
なぐわし公園（ぴこあ）,東武バスウエスト（株）,若02・東坂02・東坂03・川越09
池ノ台病院中,（有）鶴ヶ島交通,つるワゴン　上広谷・坂戸駅南口線
加茂宮住宅,東武バスウエスト（株）,大42
聖学院大学,上尾市,大谷循環
西本郷,さいたま市,北区コミュニティバス
西本郷,東武バスウエスト（株）,大47
池ノ台病院前,東武バスウエスト（株）,つるバス南北線
鶴ヶ島第一小学校,（有）三芳野タクシー,つるワゴン　松ヶ丘・関越病院線
鶴ヶ島第一小学校,（有）鶴ヶ島交通,つるワゴン　上広谷・坂戸駅南口線
鶴ヶ島第一小学校,（株）千代田交通,つるワゴン　坂戸駅線
光山小学校入口,毛呂山町,"めじろ号1コース, やぶさめ号2コース"
堀崎郵便局,国際興業（株）,東大03
木ノ下自治会館,さいたま市,西区指扇地区乗合タクシー「あじさい号」基本ルート
本村前,（有）鶴ヶ島交通,つるワゴン　上広谷・坂戸駅南口線
東武バス車庫南,さいたま市,岩槻区和土地区乗合タクシー「レインボー号」
川角駅入口,坂戸市,"おおや線, しろやま線, にしさかど線：朝夕便"
リハビリセンター,上尾市,"平方丸山公園線, 平方小敷谷循環"
リハビリセンター,東武バスウエスト（株）,"尾32, 尾61・尾62, 大62, 大65, 扇01"
宮ヶ谷塔東,東武バスウエスト（株）,"大50, 岩01"
宮ヶ谷塔,東武バスウエスト（株）,大50
団地南,朝日自動車（株）,"せんげん台駅西口〜みどり住宅〜ウイングハット・春日部, せんげん台駅西口〜みどり住宅, せんげん台駅西口〜武里駅西口"
埼玉医大入口,川越観光自動車（株）,埼玉医大線
川野医院前,東武バスウエスト（株）,川越シャトル10系統
川野医院前,（株）川乗三和,つるワゴン　富士見・五味ヶ谷線
大洞発電所入口,西武観光バス（株）,M5、M6、M7　中津川線
保健センター（女性センター）,（株）千代田交通,"つるワゴン　坂戸駅線, つるワゴン　東西線"
藤金自治会館東,（有）鶴ヶ島交通,つるワゴン　上広谷・坂戸駅南口線
秋葉入口,東武バスウエスト（株）,"西大02, 大60, 大62, 大65"
一本松駅入口,（有）鶴ヶ島交通,つるワゴン　上新田・若葉駅西口線
一本松駅入口,（株）千代田交通,つるワゴン　東西線
川角駅,毛呂山町,"めじろ号1コース, やぶさめ号1コース, やぶさめ号2コース"
西口駅前通り,さいたま市,北区コミュニティバス
大家公民館,坂戸市,おおや線
野田橋,茨城急行自動車（株）,"野田市駅〜中野台・下町〜大沢四丁目〜北越谷駅, 野田市駅〜中野台〜東大沢橋〜北越谷駅, 北越谷駅〜赤岩入口〜大正大学入口"
大泊,茨城急行自動車（株）,"せんげん台駅〜大泊・平方循環〜せんげん台駅, せんげん台駅〜桜井小学校〜まつぶし緑の丘公園, せんげん台駅〜桜井小学校・まつぶし緑の丘公園〜松伏町役場"
川又,西武観光バス（株）,M5、M6、M7　中津川線
NTT電話局前,茨城急行自動車（株）,"北越谷駅〜花田三丁目・赤岩入口〜まつぶし緑の丘公園, せんげん台駅〜桜井小学校・まつぶし緑の丘公園〜松伏町役場"
中釘自治会館,さいたま市,西区指扇地区乗合タクシー「あじさい号」基本ルート
長瀬喜多福,毛呂山町,"めじろ号1コース, やぶさめ号2コース"
南市民センター,（有）三芳野タクシー,つるワゴン　松ヶ丘・関越病院線
錬成館,川越観光自動車（株）,埼玉医大線
錬成館,国際興業（株）,医大11/12/31/32
名細中学校前,東武バスウエスト（株）,川越シャトル10系統
内川神社前,茨城急行自動車（株）,"野田市駅〜中野台・下町〜大沢四丁目〜北越谷駅, 野田市駅〜中野台〜東大沢橋〜北越谷駅, 北越谷駅〜赤岩入口〜大正大学入口, 北越谷駅〜赤岩入口〜東埼玉テクノポリス南"
すねおり団地,東武バスウエスト（株）,つるバス南北線
すねおり団地,（有）鶴ヶ島交通,つるワゴン　上広谷・坂戸駅南口線
わくわくランド,東武バスウエスト（株）,西大02
わくわくランド,上尾市,"平方丸山公園線, 平方小敷谷循環"
大輪,西武観光バス（株）,"M4急行　三峯神社線, M5、M6、M7　中津川線"
上広谷第三,（有）三芳野タクシー,つるワゴン　松ヶ丘・関越病院線
農業交流センター,（株）千代田交通,つるワゴン　東西線
日進北小入口,東武バスウエスト（株）,宮09
毛呂山台会館前,毛呂山町,"めじろ号1コース, やぶさめ号2コース"
堀崎町,国際興業（株）,東大03
藤の台団地入口,（有）鶴ヶ島交通,つるワゴン　上広谷・坂戸駅南口線
七里駅入口,国際興業（株）,"東大81, 七里01"
豊橋,茨城急行自動車（株）,"野田市駅〜中野台・下町〜大沢四丁目〜北越谷駅, 野田市駅〜中野台〜東大沢橋〜北越谷駅, 北越谷駅〜赤岩入口〜大正大学入口, 北越谷駅〜赤岩入口〜東埼玉テクノポリス南"
大砂土中学校,（株）見沼交通,みぬま号
鶴ヶ島駅西口,（有）三芳野タクシー,つるワゴン　松ヶ丘・関越病院線
鶴ヶ島駅西口,（株）千代田交通,つるワゴン　東西線
鶴ヶ島駅西口,（株）川乗三和,つるワゴン　富士見・五味ヶ谷線
新町二丁目,（株）千代田交通,つるワゴン　東西線
仲屋前,東武バスウエスト（株）,"大51, 大53"
念仏橋北,茨城急行自動車（株）,"せんげん台駅〜大泊・平方循環〜せんげん台駅, せんげん台駅〜桜井小学校〜まつぶし緑の丘公園, せんげん台駅〜桜井小学校・まつぶし緑の丘公園〜松伏町役場"
前原,東武バスウエスト（株）,大42
土呂町一丁目,さいたま市,北区コミュニティバス
鶴ヶ島駅,川越観光自動車（株）,西武文理
鶴ヶ島駅,東武バスウエスト（株）,"鶴ヶ島01, 鶴ヶ島03・鶴ヶ島05, 鶴ヶ島04"
鶴ヶ島駅西口,東武バスウエスト（株）,川越シャトル10系統
鶴ヶ島駅西口,（有）鶴ヶ島交通,つるワゴン　上広谷・坂戸駅南口線
上飯塚,朝日自動車（株）,"越谷駅西口〜荻島小学校〜岩槻駅東口, しらこばと水上公園〜岩槻駅東口, 荻島小学校〜岩槻駅東口"
阿諏訪公会堂,毛呂山町,ゆず号1コース
うらら岩槻,さいたま市,岩槻区和土地区乗合タクシー「レインボー号」
中新田会館入口,（有）鶴ヶ島交通,つるワゴン　上新田・若葉駅西口線
中新田会館入口,（株）千代田交通,つるワゴン　東西線
神明橋北,東武バスウエスト（株）,大47
東埼玉テクノポリス入口,茨城急行自動車（株）,北越谷駅〜赤岩入口〜東埼玉テクノポリス南
貝塚,東武バスウエスト（株）,"扇02, 扇01"
せんげん台駅,茨城急行自動車（株）,"せんげん台駅〜赤沼十字路〜大正大学入口, せんげん台駅〜赤沼十字路〜まつぶし緑の丘公園, せんげん台駅〜ふれあい広場前〜老人福祉センター, せんげん台駅〜大泊・平方循環〜せんげん台駅, せんげん台駅〜桜井小学校〜まつぶし緑の丘公園, せんげん台駅〜桜井小学校・まつぶし緑の丘公園〜松伏町役場"
小田谷セブンイレブン,毛呂山町,ゆず号1コース
法光寺前,東武バスウエスト（株）,西大02
松伏給食センターほほえみ,茨城急行自動車（株）,北越谷駅〜赤岩入口〜松伏給食センターほほえみ
せんげん台駅入口,茨城急行自動車（株）,"せんげん台駅〜赤沼十字路〜大正大学入口, せんげん台駅〜赤沼十字路〜まつぶし緑の丘公園, せんげん台駅〜ふれあい広場前〜老人福祉センター, せんげん台駅〜大泊・平方循環〜せんげん台駅, せんげん台駅〜桜井小学校〜まつぶし緑の丘公園, せんげん台駅〜桜井小学校・まつぶし緑の丘公園〜松伏町役場"
半縄橋,東武バスウエスト（株）,大50
康正会病院前,東武バスウエスト（株）,"川越01・川越02, 川越03"
念仏橋,茨城急行自動車（株）,"せんげん台駅〜ふれあい広場前〜老人福祉センター, せんげん台駅〜大泊・平方循環〜せんげん台駅, せんげん台駅〜桜井小学校〜まつぶし緑の丘公園, せんげん台駅〜桜井小学校・まつぶし緑の丘公園〜松伏町役場"
下寺山,東武バスウエスト（株）,若02・東坂02・東坂03・川越09
小堤団地,東武バスウエスト（株）,川越シャトル10系統
新田,東武バスウエスト（株）,川越06
城南小学校入口,国際興業（株）,"岩11, 岩11-2, 岩11-3, 岩12, 岩80, 岩80-2"
上広谷第二,（有）三芳野タクシー,つるワゴン　松ヶ丘・関越病院線
中原,さいたま市,西区指扇地区乗合タクシー「あじさい号」基本ルート
下飯塚,朝日自動車（株）,"越谷駅西口〜荻島小学校〜岩槻駅東口, しらこばと水上公園〜岩槻駅東口, 荻島小学校〜岩槻駅東口"
せんげん台駅西口,朝日自動車（株）,"せんげん台駅西口〜みどり住宅〜ウイングハット・春日部, せんげん台駅西口〜みどり住宅, せんげん台駅西口〜武里駅西口, せんげん台駅西口〜獨協埼玉中学・高等学校, 第四公園〜せんげん台駅西口, せんげん台駅西口〜埼玉県立大学, 【SG21】せんげん台駅西口〜大道西〜大袋分署前〜大袋駅西口, 【SG22】せんげん台駅西口〜大道西〜大袋分署前, 【SG23】せんげん台駅西口〜大袋分署前〜大道西〜せんげん台駅西口"
聖学院大学入口,東武バスウエスト（株）,宮09
高倉高福寺入口,（株）千代田交通,つるワゴン　東西線
高木,東武バスウエスト（株）,"大60, 大62, 大65"
鶴ヶ島中学校,（株）千代田交通,つるワゴン　東西線
日生団地公園,毛呂山町,"めじろ号1コース, やぶさめ号2コース"
蓮沼住宅,さいたま市,見沼区コミュニティバス
土呂駅西通り,さいたま市,北区コミュニティバス
鶴ヶ島市役所,東武バスウエスト（株）,つるバス南北線
鶴ヶ島市役所,（有）三芳野タクシー,つるワゴン　松ヶ丘・関越病院線
鶴ヶ島市役所,（有）鶴ヶ島交通,つるワゴン　上広谷・坂戸駅南口線
鶴ヶ島市役所,（株）千代田交通,"つるワゴン　坂戸駅線, つるワゴン　東西線"
見沼区役所,さいたま市,見沼区コミュニティバス
見沼区役所,国際興業（株）,東大03
蓮沼小学校,さいたま市,見沼区コミュニティバス
第一保育所入口,茨城急行自動車（株）,"野田市駅〜中野台・下町〜大沢四丁目〜北越谷駅, 野田市駅〜中野台〜東大沢橋〜北越谷駅, 北越谷駅〜赤岩入口〜大正大学入口, 北越谷駅〜赤岩入口〜東埼玉テクノポリス南, 北越谷駅〜赤岩入口〜松伏給食センターほほえみ"
風渡野,国際興業（株）,"東大81, 七里01"
松伏中学校入口,茨城急行自動車（株）,北越谷駅〜赤岩入口〜松伏給食センターほほえみ
飯能信用金庫前,（有）三芳野タクシー,つるワゴン　松ヶ丘・関越病院線
飯能信用金庫前,（株）千代田交通,つるワゴン　東西線
第四公園,朝日自動車（株）,第四公園〜せんげん台駅西口
埼玉医大総合医療センター,東武バスウエスト（株）,川越06
本郷住宅,さいたま市,北区コミュニティバス
埼玉医大,東武バスウエスト（株）,"川越シャトル40系統, 川越シャトル41系統"
宮元町,東武バスウエスト（株）,川越04
大家駐在所前,坂戸市,おおや線
指扇北小学校入口,東武バスウエスト（株）,西大02
鶴ヶ島ケアホーム,（株）千代田交通,つるワゴン　東西線
本郷住宅,東武バスウエスト（株）,大42
七里駅西,さいたま市,見沼区コミュニティバス
eコラボつるがしま,（有）三芳野タクシー,つるワゴン　松ヶ丘・関越病院線
学園台中央公園,毛呂山町,"めじろ号1コース, やぶさめ号2コース"
内野本郷,東武バスウエスト（株）,宮09
紅葉ヶ丘,（株）見沼交通,みぬま号
指扇北小学校,さいたま市,西区指扇地区乗合タクシー「あじさい号」基本ルート
溜入下,茨城急行自動車（株）,"北越谷駅〜花田三丁目・赤岩入口〜まつぶし緑の丘公園, せんげん台駅〜桜井小学校・まつぶし緑の丘公園〜松伏町役場"
児童館コスモス前,茨城急行自動車（株）,せんげん台駅〜ふれあい広場前〜老人福祉センター
上新堀,（株）ジャパンタローズ,吉川線　吉川駅北口〜前新田〜旭公園球場南
新町小学校北,（有）鶴ヶ島交通,つるワゴン　上新田・若葉駅西口線
ケアハウスしらさぎ,さいたま市,岩槻区和土地区乗合タクシー「レインボー号」
内野本郷,さいたま市,西区指扇地区乗合タクシー「あじさい号」基本ルート
ステラタウン,さいたま市,北区コミュニティバス
西坂戸一丁目,坂戸市,"おおや線, しろやま線, にしさかど線：朝夕便"
トワーム小江戸病院入口,東武バスウエスト（株）,"川越06, 川越シャトル40系統"
けやき台,坂戸市,"おおや線, しろやま線, にしさかど線：朝夕便"
東宮下,東武バスウエスト（株）,"大50, 岩01"
埼玉医大入口,東武バスウエスト（株）,川越06
埼玉医大前,東武バスウエスト（株）,"川越シャトル40系統, 川越シャトル41系統"
ファミリータウン春日,東武バスウエスト（株）,川越シャトル10系統
風渡野,東武バスウエスト（株）,大50
南下新井種屋前,さいたま市,岩槻区和土地区乗合タクシー「レインボー号」
千間台西三丁目,朝日自動車（株）,"第四公園〜せんげん台駅西口, せんげん台駅西口〜埼玉県立大学"
鴨田北,東武バスウエスト（株）,川越シャトル41系統
清河寺温泉,さいたま市,西区指扇地区乗合タクシー「あじさい号」基本ルート
蔵の湯,（株）千代田交通,つるワゴン　東西線
テニスコート前,さいたま市,西区指扇地区乗合タクシー「あじさい号」基本ルート
十一軒入口,茨城急行自動車（株）,"野田市駅〜中野台・下町〜大沢四丁目〜北越谷駅, 野田市駅〜中野台〜東大沢橋〜北越谷駅, 北越谷駅〜赤岩入口〜大正大学入口, 北越谷駅〜赤岩入口〜東埼玉テクノポリス南, 北越谷駅〜赤岩入口〜松伏給食センターほほえみ"
鴨田,東武バスウエスト（株）,"川越06, 川越シャトル41系統"
タローズ本社前,（株）ジャパンタローズ,"南越谷線　系統1, 越谷レイクタウン線"
神明町車庫,東武バスウエスト（株）,"川越01・川越02, 川越03, 川越05"
清河寺,東武バスウエスト（株）,"大60, 大62, 大65"
七里郵便局,国際興業（株）,"東大81, 七里01"
千間台西二丁目,朝日自動車（株）,"【SG21】せんげん台駅西口〜大道西〜大袋分署前〜大袋駅西口, 【SG22】せんげん台駅西口〜大道西〜大袋分署前, 【SG23】せんげん台駅西口〜大袋分署前〜大道西〜せんげん台駅西口"
大和田町二丁目,さいたま市,見沼区コミュニティバス
大和田町二丁目,国際興業（株）,東大03
植竹中学校,さいたま市,北区コミュニティバス
清河寺,さいたま市,西区指扇地区乗合タクシー「あじさい号」基本ルート
西坂戸二丁目,坂戸市,"おおや線, しろやま線, にしさかど線：朝夕便"
小堤,東武バスウエスト（株）,川越シャトル10系統
千間台小学校入口,朝日自動車（株）,せんげん台駅西口〜埼玉県立大学
宮原一丁目,東武バスウエスト（株）,"大51, 大53"
浮谷,国際興業（株）,"岩11, 岩11-2, 岩11-3, 岩12, 岩80, 岩80-2"
東埼玉テクノポリス北,（株）ジャパンタローズ,"吉川線　吉川駅北口〜前新田〜旭公園球場南, 吉川線　吉川駅北口〜川藤第一〜東埼玉テクノポリス北"
下新堀,（株）ジャパンタローズ,吉川線　吉川駅北口〜前新田〜旭公園球場南
日進二丁目,さいたま市,北区コミュニティバス
植竹,東武バスウエスト（株）,大42
パイオニア前,東武バスウエスト（株）,若02・東坂02・東坂03・川越09
秋葉の森運動公園,さいたま市,西区指扇地区乗合タクシー「あじさい号」基本ルート
峰岸団地,東武バスウエスト（株）,"扇02, 扇01"
毛呂石原,川越観光自動車（株）,埼玉医大線
毛呂石原,国際興業（株）,医大11/12/31/32
ふれあい広場前,茨城急行自動車（株）,せんげん台駅〜ふれあい広場前〜老人福祉センター
天沼,東武バスウエスト（株）,"鶴ヶ島01, 鶴ヶ島03・鶴ヶ島05, 鶴ヶ島04"
西市民センター,（株）千代田交通,つるワゴン　東西線
北区役所,さいたま市,北区コミュニティバス
西楽園,さいたま市,西区指扇地区乗合タクシー「あじさい号」基本ルート
八間堀,（株）ジャパンタローズ,吉川線　吉川駅北口〜前新田〜旭公園球場南
川越児童相談所,東武バスウエスト（株）,川越04
伊佐沼入口,東武バスウエスト（株）,川越06
西文化会館,東武バスウエスト（株）,川越シャトル10系統
七里商店街,さいたま市,見沼区コミュニティバス
清河寺中央,東武バスウエスト（株）,宮09
四ツ谷入口,東武バスウエスト（株）,川越06
久保団地南,（有）三芳野タクシー,つるワゴン　松ヶ丘・関越病院線
高徳神社,（株）千代田交通,つるワゴン　東西線
トワーム小江戸病院,東武バスウエスト（株）,川越06
上新田日枝神社,（有）鶴ヶ島交通,つるワゴン　上新田・若葉駅西口線
東飯塚,朝日自動車（株）,"越谷駅西口〜荻島小学校〜岩槻駅東口, しらこばと水上公園〜岩槻駅東口, 荻島小学校〜岩槻駅東口"
千間台西四丁目,朝日自動車（株）,せんげん台駅西口〜埼玉県立大学
土呂駅西口,さいたま市,北区コミュニティバス
大谷中通り東,さいたま市,見沼区コミュニティバス
上河原,茨城急行自動車（株）,"野田市駅〜中野台・下町〜大沢四丁目〜北越谷駅, 野田市駅〜中野台〜東大沢橋〜北越谷駅, 北越谷駅〜赤岩入口〜大正大学入口, 北越谷駅〜赤岩入口〜東埼玉テクノポリス南, 北越谷駅〜赤岩入口〜松伏給食センターほほえみ"
上河原,（株）ジャパンタローズ,南越谷線　系統3
五丁目調整池,坂戸市,にしさかど線：朝夕便
介護施設ひかわ,さいたま市,西区指扇地区乗合タクシー「あじさい号」基本ルート
日進駅,さいたま市,北区コミュニティバス
東埼玉テクノポリス,（株）ジャパンタローズ,"南越谷線　系統1, 南越谷線　系統2"
第三公園入口,朝日自動車（株）,"【SG21】せんげん台駅西口〜大道西〜大袋分署前〜大袋駅西口, 【SG22】せんげん台駅西口〜大道西〜大袋分署前, 【SG23】せんげん台駅西口〜大袋分署前〜大道西〜せんげん台駅西口"
高木中央,東武バスウエスト（株）,西大02
東門前,東武バスウエスト（株）,大50
土呂駅,（株）見沼交通,みぬま号
神明橋,東武バスウエスト（株）,大47
永高印刷,毛呂山町,ゆず号1コース
鷲神社前,（株）見沼交通,みぬま号
千間台西六丁目,朝日自動車（株）,せんげん台駅西口〜埼玉県立大学
福厳寺,さいたま市,岩槻区和土地区乗合タクシー「レインボー号」
西大家駅,坂戸市,おおや線
神明町,東武バスウエスト（株）,"川越01・川越02, 川越03, 川越04"
東埼玉テクノポリス旭地区センター,（株）ジャパンタローズ,"吉川線　吉川駅北口〜前新田〜旭公園球場南, 吉川線　吉川駅北口〜川藤第一〜東埼玉テクノポリス北"
七里第二団地,東武バスウエスト（株）,"大50, 岩01"
田島神社前,（株）ジャパンタローズ,"南越谷線　系統1, 越谷レイクタウン線"
海洋センター入口,（株）千代田交通,つるワゴン　東西線
商工会,（株）千代田交通,つるワゴン　東西線
市民の森,（株）見沼交通,みぬま号
宝来グラウンド・ゴルフ場,さいたま市,西区指扇地区乗合タクシー「あじさい号」基本ルート
芳野農協前,東武バスウエスト（株）,川越06
旭地区センター,茨城急行自動車（株）,北越谷駅〜赤岩入口〜東埼玉テクノポリス南
三田,東武バスウエスト（株）,若02・東坂02・東坂03・川越09
植竹住宅,東武バスウエスト（株）,大42
町屋転回所,（有）鶴ヶ島交通,つるワゴン　上新田・若葉駅西口線
西坂戸三郵便局,坂戸市,"おおや線, しろやま線, にしさかど線：朝夕便"
ヤオコー西大宮店,さいたま市,西区指扇地区乗合タクシー「あじさい号」基本ルート
埼玉県立大学,朝日自動車（株）,せんげん台駅西口〜埼玉県立大学
清河寺西,東武バスウエスト（株）,西大02
上間久里東自治会館入口,茨城急行自動車（株）,せんげん台駅〜ふれあい広場前〜老人福祉センター
上河原ショッピングセンター,（株）ジャパンタローズ,南越谷線　系統3
千間台西五丁目,朝日自動車（株）,"【SG21】せんげん台駅西口〜大道西〜大袋分署前〜大袋駅西口, 【SG22】せんげん台駅西口〜大道西〜大袋分署前, 【SG23】せんげん台駅西口〜大袋分署前〜大道西〜せんげん台駅西口"
大宮アルディージャクラブハウス前,東武バスウエスト（株）,西大02
神宮台入口,さいたま市,見沼区コミュニティバス
神宮台入口,国際興業（株）,"東大81, 七里01"
秋葉神社,さいたま市,西区指扇地区乗合タクシー「あじさい号」基本ルート
飯能信用金庫前,東武バスウエスト（株）,川越シャトル10系統
鴨田南,東武バスウエスト（株）,川越シャトル41系統
和土住宅入口,さいたま市,岩槻区和土地区乗合タクシー「レインボー号」
池尻池公園,（有）鶴ヶ島交通,つるワゴン　上新田・若葉駅西口線
植竹小学校,さいたま市,北区コミュニティバス
東門前,さいたま市,見沼区コミュニティバス
大和田駅,さいたま市,見沼区コミュニティバス
大和田駅,国際興業（株）,東大03
稲荷神社入口,朝日自動車（株）,"【SG21】せんげん台駅西口〜大道西〜大袋分署前〜大袋駅西口, 【SG22】せんげん台駅西口〜大道西〜大袋分署前, 【SG23】せんげん台駅西口〜大袋分署前〜大道西〜せんげん台駅西口"
船渡内,（株）ジャパンタローズ,吉川線　吉川駅北口〜前新田〜旭公園球場南
慈眼寺東,（有）三芳野タクシー,つるワゴン　松ヶ丘・関越病院線
松伏,茨城急行自動車（株）,"野田市駅〜中野台・下町〜大沢四丁目〜北越谷駅, 野田市駅〜中野台〜東大沢橋〜北越谷駅, 北越谷駅〜花田三丁目・赤岩入口〜まつぶし緑の丘公園, 北越谷駅〜赤岩入口〜大正大学入口, 北越谷駅〜赤岩入口〜東埼玉テクノポリス南, 北越谷駅〜赤岩入口〜松伏給食センターほほえみ, せんげん台駅〜桜井小学校・まつぶし緑の丘公園〜松伏町役場"
松伏,（株）ジャパンタローズ,南越谷線　系統3
中央図書館,東武バスウエスト（株）,つるバス南北線
穂積神社下,さいたま市,西区指扇地区乗合タクシー「あじさい号」基本ルート
宮下,東武バスウエスト（株）,"大50, 岩01, 岩02・03, 岩04"
太田ヶ谷1号橋北,（有）三芳野タクシー,つるワゴン　松ヶ丘・関越病院線
日進駅西,さいたま市,北区コミュニティバス
北区役所前,東武バスウエスト（株）,"大51, 大53"
城下町,東武バスウエスト（株）,川越06
植竹小学校,東武バスウエスト（株）,大42
松葉,（株）ジャパンタローズ,南越谷線　系統3
田島,（株）ジャパンタローズ,"南越谷線　系統1, 越谷レイクタウン線"
東宮下団地入口北,さいたま市,見沼区コミュニティバス
西消防署前,さいたま市,西区指扇地区乗合タクシー「あじさい号」基本ルート
西消防署前,東武バスウエスト（株）,"宮09, 西大02"
東埼玉テクノポリス西,茨城急行自動車（株）,北越谷駅〜赤岩入口〜東埼玉テクノポリス南
神明町西,東武バスウエスト（株）,川越05
指扇神社前,東武バスウエスト（株）,"扇02, 扇01"
毛呂山総合公園入口,川越観光自動車（株）,埼玉医大線
毛呂山総合公園入口,国際興業（株）,医大11/12/31/32
タムロン前,東武バスウエスト（株）,大50
川越運動公園,東武バスウエスト（株）,"川越06, 川越シャトル40系統"
東明寺橋,東武バスウエスト（株）,"川越01・川越02, 川越03, 川越04"
北貝戸集会所入口,さいたま市,西区指扇地区乗合タクシー「あじさい号」基本ルート
日進駅南,さいたま市,北区コミュニティバス
巻の上,朝日自動車（株）,"越谷駅西口〜荻島小学校〜岩槻駅東口, しらこばと水上公園〜岩槻駅東口, 荻島小学校〜岩槻駅東口"
目白大学入口,国際興業（株）,"岩11-2, 岩11-3, 岩12, 岩80-2"
川鶴東,東武バスウエスト（株）,"鶴ヶ島01, 鶴ヶ島03・鶴ヶ島05, 鶴ヶ島04"
川鶴東,川越観光自動車（株）,西武文理
松原橋,さいたま市,北区コミュニティバス
東部リサイクルセンター,国際興業（株）,大04-3
しらこばと公園入口,茨城急行自動車（株）,せんげん台駅〜ふれあい広場前〜老人福祉センター
新農道入口,毛呂山町,ゆず号1コース
大宮盆栽美術館,東武バスウエスト（株）,大47
いきいき農園,朝日自動車（株）,"【SG21】せんげん台駅西口〜大道西〜大袋分署前〜大袋駅西口, 【SG22】せんげん台駅西口〜大道西〜大袋分署前, 【SG23】せんげん台駅西口〜大袋分署前〜大道西〜せんげん台駅西口"
城山荘入口,坂戸市,"おおや線, しろやま線, にしさかど線：朝夕便"
七里サンコーポ,さいたま市,見沼区コミュニティバス
四日市場,坂戸市,おおや線
大杉橋,茨城急行自動車（株）,"北越谷駅〜さぎたか第二公園〜老人福祉センター, せんげん台駅〜ふれあい広場前〜老人福祉センター"
宮下,国際興業（株）,"東大81, 七里01"
前山団地,（有）鶴ヶ島交通,つるワゴン　上新田・若葉駅西口線
岩槻南病院,さいたま市,岩槻区和土地区乗合タクシー「レインボー号」
三ツ木自治会館,（有）三芳野タクシー,つるワゴン　松ヶ丘・関越病院線
大成橋西,さいたま市,北区コミュニティバス
和土住宅中央,さいたま市,岩槻区和土地区乗合タクシー「レインボー号」
太陽ヶ丘団地,さいたま市,西区指扇地区乗合タクシー「あじさい号」基本ルート
城山公民館入口,坂戸市,"おおや線, にしさかど線：朝夕便"
東埼玉テクノポリス南,茨城急行自動車（株）,北越谷駅〜赤岩入口〜東埼玉テクノポリス南
農業ふれあいセンター入口,東武バスウエスト（株）,川越シャトル41系統
浮谷下,国際興業（株）,"岩11, 岩11-2, 岩11-3, 岩80, 岩80-2"
旭公園球場南,（株）ジャパンタローズ,"吉川線　吉川駅北口〜前新田〜旭公園球場南, 吉川線　吉川駅北口〜川藤第一〜東埼玉テクノポリス北"
カインズホーム東,東武バスウエスト（株）,つるバス南北線
カインズホーム東,（有）三芳野タクシー,つるワゴン　松ヶ丘・関越病院線
松伏消防署前,（株）ジャパンタローズ,"南越谷線　系統1, 越谷レイクタウン線"
七里学校前,さいたま市,見沼区コミュニティバス
七里学校前,東武バスウエスト（株）,"岩01, 岩02・03, 岩04"
埼玉栄高校入口,東武バスウエスト（株）,"宮09, 西大02"
農村センター,（有）三芳野タクシー,つるワゴン　松ヶ丘・関越病院線
吉田南,イーグルバス（株）,市内循環バス　川越シャトル　（11系統）
宮前団地,東武バスウエスト（株）,"大60, 大62, 大65"
トワーム指扇北,さいたま市,西区指扇地区乗合タクシー「あじさい号」基本ルート
下間久里,茨城急行自動車（株）,せんげん台駅〜ふれあい広場前〜老人福祉センター
大宮東高校,国際興業（株）,大04-3
鶴ヶ丘4号橋北,（有）三芳野タクシー,つるワゴン　松ヶ丘・関越病院線
老人福祉センター,茨城急行自動車（株）,"北越谷駅〜さぎたか第二公園〜老人福祉センター, せんげん台駅〜ふれあい広場前〜老人福祉センター"
けやき公園前,（株）ジャパンタローズ,南越谷線　系統3
大谷木浅野屋,毛呂山町,ゆず号1コース
小久保,東武バスウエスト（株）,若02・東坂02・東坂03・川越09
松ヶ丘五丁目,（有）三芳野タクシー,つるワゴン　松ヶ丘・関越病院線
裁判所前,東武バスウエスト（株）,"川越06, 名01・名03, 川越08"
氷川神社前,イーグルバス（株）,"C01・C01-1　小江戸巡回バス　喜多院・菓子屋横丁ルート, C02・C02-1・C02-2　小江戸巡回バス　蔵の街・氷川神社ルート"
盆栽踏切,東武バスウエスト（株）,大42
川越氷川神社,東武バスウエスト（株）,"川越06, 名01・名03, 川越08"
警察学校入口,東武バスウエスト（株）,"大51, 大53"
城山荘,坂戸市,"おおや線, しろやま線"
東埼玉テクノポリス南,（株）ジャパンタローズ,"南越谷線　系統1, 南越谷線　系統2, 吉川線　吉川駅北口〜前新田〜旭公園球場南, 吉川線　吉川駅北口〜川藤第一〜東埼玉テクノポリス北"
第五公園入口,朝日自動車（株）,"【SG21】せんげん台駅西口〜大道西〜大袋分署前〜大袋駅西口, 【SG22】せんげん台駅西口〜大道西〜大袋分署前, 【SG23】せんげん台駅西口〜大袋分署前〜大道西〜せんげん台駅西口"
大橋市民センター,（有）三芳野タクシー,つるワゴン　松ヶ丘・関越病院線
松伏小学校入口,（株）ジャパンタローズ,"南越谷線　系統1, 越谷レイクタウン線"
伊佐沼公民館,東武バスウエスト（株）,川越シャトル41系統
大里東自治会館,茨城急行自動車（株）,"北越谷駅〜さぎたか第二公園〜老人福祉センター, せんげん台駅〜ふれあい広場前〜老人福祉センター"
三ツ木上,東武バスウエスト（株）,つるバス南北線
阿諏訪上公会堂,毛呂山町,ゆず号1コース
彩の国東大宮メディカルセンター,（株）見沼交通,みぬま号
下間久里東,茨城急行自動車（株）,せんげん台駅〜ふれあい広場前〜老人福祉センター
石原町西,東武バスウエスト（株）,川越05
盆栽入口,東武バスウエスト（株）,大47
松葉一丁目,（株）ジャパンタローズ,"南越谷線　系統1, 越谷レイクタウン線"
喜多町,東武バスウエスト（株）,"川越01・川越02, 川越03, 川越04"
今成2丁目,東武バスウエスト（株）,川越シャトル20系統
植竹公民館入口,さいたま市,北区コミュニティバス
石原町2丁目,東武バスウエスト（株）,川越シャトル20系統
松ヶ丘ふれあい広場,（有）三芳野タクシー,つるワゴン　松ヶ丘・関越病院線
吉田新町,東武バスウエスト（株）,"鶴ヶ島03・鶴ヶ島05, 鶴ヶ島04"
あぐれっしゅ川越,イーグルバス（株）,"C01・C01-1　小江戸巡回バス　喜多院・菓子屋横丁ルート, C02・C02-1・C02-2　小江戸巡回バス　蔵の街・氷川神社ルート"
松葉一丁目,茨城急行自動車（株）,吉川駅北口〜松伏高校前〜エローラ
高倉クリーンセンター,（有）鶴ヶ島交通,つるワゴン　上新田・若葉駅西口線
大谷中通り西,さいたま市,見沼区コミュニティバス
西区役所,さいたま市,西区指扇地区乗合タクシー「あじさい号」基本ルート
西区役所,東武バスウエスト（株）,"宮09, 西大02"
総合保健センター,東武バスウエスト（株）,川越シャトル20系統
南公園前,東武バスウエスト（株）,鶴ヶ島01
菜の花保育園,（有）三芳野タクシー,つるワゴン　松ヶ丘・関越病院線
小畔水鳥の郷公園,イーグルバス（株）,市内循環バス　川越シャトル　（11系統）
東宮下団地,さいたま市,見沼区コミュニティバス
宮の前,東武バスウエスト（株）,"大60, 大62, 大65"
松伏町役場前,（株）ジャパンタローズ,南越谷線　系統3
石原町,東武バスウエスト（株）,若02・東坂02・東坂03・川越09
霞ヶ関駅北口,イーグルバス（株）,市内循環バス　川越シャトル　（11系統）
霞ヶ関駅北口,東武バスウエスト（株）,"川越シャトル10系統, 川越シャトル20系統"
大戸,朝日自動車（株）,"越谷駅西口〜荻島小学校〜岩槻駅東口, しらこばと水上公園〜岩槻駅東口, 荻島小学校〜岩槻駅東口"
蓮沼,東武バスウエスト（株）,大50
松伏小学校前,茨城急行自動車（株）,吉川駅北口〜松伏高校前〜エローラ
松伏小学校前,（株）ジャパンタローズ,南越谷線　系統3
下内川,（株）ジャパンタローズ,吉川線　吉川駅北口〜前新田〜旭公園球場南
大道,朝日自動車（株）,"【SG21】せんげん台駅西口〜大道西〜大袋分署前〜大袋駅西口, 【SG22】せんげん台駅西口〜大道西〜大袋分署前, 【SG23】せんげん台駅西口〜大袋分署前〜大道西〜せんげん台駅西口"
大谷中学校,さいたま市,見沼区コミュニティバス
目白大学,国際興業（株）,"東川91, 岩11-2, 岩11-3, 岩12, 岩80-2"
かすみ北通り,イーグルバス（株）,市内循環バス　川越シャトル　（11系統）
盆栽町西,東武バスウエスト（株）,大42
カインズホーム南,東武バスウエスト（株）,つるバス南北線
カインズホーム南,（有）三芳野タクシー,つるワゴン　松ヶ丘・関越病院線
松伏役場前,茨城急行自動車（株）,"野田市駅〜中野台・下町〜大沢四丁目〜北越谷駅, 野田市駅〜中野台〜東大沢橋〜北越谷駅, 北越谷駅〜花田三丁目・赤岩入口〜まつぶし緑の丘公園, 北越谷駅〜赤岩入口〜大正大学入口, 北越谷駅〜赤岩入口〜東埼玉テクノポリス南, 北越谷駅〜赤岩入口〜松伏給食センターほほえみ, せんげん台駅〜桜井小学校・まつぶし緑の丘公園〜松伏町役場"
松伏ニュータウンショッピングセンター,茨城急行自動車（株）,吉川駅北口〜松伏高校前〜エローラ
松伏ニュータウンショッピングセンター,（株）ジャパンタローズ,"南越谷線　系統1, 越谷レイクタウン線"
蓮沼北,さいたま市,見沼区コミュニティバス
霞ヶ関幼稚園前,イーグルバス（株）,市内循環バス　川越シャトル　（11系統）
しらとり保育園前,茨城急行自動車（株）,"北越谷駅〜さぎたか第二公園〜老人福祉センター, せんげん台駅〜ふれあい広場前〜老人福祉センター"
宮前小学校入口,東武バスウエスト（株）,"大60, 大62, 大65"
博物館,西武バス（株）,"川越シャトル30系統, 川越シャトル31系統, 川越シャトル32系統"
博物館前,東武バスウエスト（株）,名01・名03
大宮東高校入口,国際興業（株）,"大04-3, 東大81, 七里01"
郭町,東武バスウエスト（株）,川越08
若山医院前,さいたま市,西区指扇地区乗合タクシー「あじさい号」基本ルート
大和田町一丁目中央,さいたま市,見沼区コミュニティバス
和土小西,さいたま市,岩槻区和土地区乗合タクシー「レインボー号」
柳戸町,東武バスウエスト（株）,つるバス南北線
柳戸町,（有）三芳野タクシー,つるワゴン　松ヶ丘・関越病院線
博物館・美術館前,イーグルバス（株）,"C01・C01-1　小江戸巡回バス　喜多院・菓子屋横丁ルート, C02・C02-1・C02-2　小江戸巡回バス　蔵の街・氷川神社ルート"
南小学校,（有）三芳野タクシー,つるワゴン　松ヶ丘・関越病院線
霞ヶ関駅南口,東武バスウエスト（株）,川越シャトル20系統
和土住宅南口,さいたま市,岩槻区和土地区乗合タクシー「レインボー号」
大和田一丁目,国際興業（株）,"大15, 大15-3"
菓子屋横丁,イーグルバス（株）,C01・C01-1　小江戸巡回バス　喜多院・菓子屋横丁ルート
高沢橋,東武バスウエスト（株）,若02・東坂02・東坂03・川越09
和土,さいたま市,岩槻区和土地区乗合タクシー「レインボー号」
和土,国際興業（株）,"岩11, 岩11-2, 岩11-3, 岩80, 岩80-2"
城山学園,坂戸市,おおや線
松伏町役場,茨城急行自動車（株）,せんげん台駅〜桜井小学校・まつぶし緑の丘公園〜松伏町役場
札の辻,東武バスウエスト（株）,"若02・東坂02・東坂03・川越09, 川越01・川越02, 川越03, 名01・名03, 川越04"
八石,さいたま市,見沼区コミュニティバス
八石,東武バスウエスト（株）,"岩01, 岩02・03, 岩04"
大和田坂上,国際興業（株）,"大15, 大15-3"
わかば公園北,茨城急行自動車（株）,吉川駅北口〜松伏高校前〜エローラ
大手門前,イーグルバス（株）,"C01・C01-1　小江戸巡回バス　喜多院・菓子屋横丁ルート, C02・C02-1・C02-2　小江戸巡回バス　蔵の街・氷川神社ルート"
指扇公民館,さいたま市,西区指扇地区乗合タクシー「あじさい号」基本ルート
富士フイルム大宮事業所前,東武バスウエスト（株）,大42
富士フイルム大宮事業所前,さいたま市,北区コミュニティバス
市役所,西武バス（株）,"川越シャトル30系統, 川越シャトル31系統, 川越シャトル32系統"
市役所,イーグルバス（株）,C02・C02-1・C02-2　小江戸巡回バス　蔵の街・氷川神社ルート
川越市役所前,東武バスウエスト（株）,"川越06, 名01・名03, 川越08"
松ヶ丘自治会集会所,（有）三芳野タクシー,つるワゴン　松ヶ丘・関越病院線
霞ヶ関駅南口入口,イーグルバス（株）,市内循環バス　川越シャトル　（11系統）
総合公園,毛呂山町,ゆず号1コース
鶴ヶ島ほほえみの郷,（有）鶴ヶ島交通,つるワゴン　上新田・若葉駅西口線
新開橋,東武バスウエスト（株）,"大60, 大62, 大65"
共栄繊維,さいたま市,西区指扇地区乗合タクシー「あじさい号」基本ルート
和土小東,さいたま市,岩槻区和土地区乗合タクシー「レインボー号」
拾壱軒,（株）ジャパンタローズ,"南越谷線　系統1, 南越谷線　系統2"
富士フイルム大宮事業所入口,東武バスウエスト（株）,"大51, 大53"
大成四丁目自治会館,さいたま市,北区コミュニティバス
大谷木中央公会堂,毛呂山町,ゆず号1コース
松伏ターミナル,（株）ジャパンタローズ,南越谷線　系統3
蔵の街,イーグルバス（株）,C02・C02-1・C02-2　小江戸巡回バス　蔵の街・氷川神社ルート
清光苑,東武バスウエスト（株）,つるバス南北線
大袋駅西口,朝日自動車（株）,【SG21】せんげん台駅西口〜大道西〜大袋分署前〜大袋駅西口
境児童公園,（有）三芳野タクシー,つるワゴン　松ヶ丘・関越病院線
北部市民会館前,朝日自動車（株）,【SG21】せんげん台駅西口〜大道西〜大袋分署前〜大袋駅西口
児童センター,東武バスウエスト（株）,"川越05, 川越シャトル20系統"
松伏高校前,茨城急行自動車（株）,"北越谷駅〜赤岩入口・松伏高校前〜エローラ, 吉川駅北口〜松伏高校前〜エローラ"
松伏高校前,（株）ジャパンタローズ,南越谷線　系統2
おいせ橋,東武バスウエスト（株）,鶴ヶ島03・鶴ヶ島05
児童相談所入口,朝日自動車（株）,【SG21】せんげん台駅西口〜大道西〜大袋分署前〜大袋駅西口
いぼ地蔵,坂戸市,おおや線
大和田町一丁目東,さいたま市,見沼区コミュニティバス
大橋児童公園,（有）三芳野タクシー,つるワゴン　松ヶ丘・関越病院線
マルエツ前,さいたま市,西区指扇地区乗合タクシー「あじさい号」基本ルート
松伏バスターミナル入口,茨城急行自動車（株）,吉川駅北口〜松伏高校前〜エローラ
大竹西,朝日自動車（株）,【SG21】せんげん台駅西口〜大道西〜大袋分署前〜大袋駅西口
赤岩入口,茨城急行自動車（株）,"野田市駅〜中野台・下町〜大沢四丁目〜北越谷駅, 野田市駅〜中野台〜東大沢橋〜北越谷駅, 北越谷駅〜花田三丁目・赤岩入口〜まつぶし緑の丘公園, 北越谷駅〜赤岩入口・松伏高校前〜エローラ, 北越谷駅〜赤岩入口〜吉川駅北口, 北越谷駅〜赤岩入口〜大正大学入口, 北越谷駅〜赤岩入口〜東埼玉テクノポリス南, 北越谷駅〜赤岩入口〜松伏給食センターほほえみ"
赤岩入口,（株）ジャパンタローズ,南越谷線　系統3
松伏ターミナル入口,（株）ジャパンタローズ,南越谷線　系統3
大谷県営住宅,さいたま市,見沼区コミュニティバス
大谷県営住宅,国際興業（株）,"大04, 大04-2"
中央公民館前,茨城急行自動車（株）,"北越谷駅〜赤岩入口・松伏高校前〜エローラ, 吉川駅北口〜松伏高校前〜エローラ"
やまぶき会館前,東武バスウエスト（株）,名01・名03
やまぶき会館前,西武バス（株）,川越シャトル32系統
日進一丁目,東武バスウエスト（株）,"大60, 大62, 大65"
大和田公園,国際興業（株）,"大15, 大15-3"
老人福祉センター,東武バスウエスト（株）,つるバス南北線
拾壱軒入口,（株）ジャパンタローズ,吉川線　吉川駅北口〜川藤第一〜東埼玉テクノポリス北
松伏町役場入口,茨城急行自動車（株）,吉川駅北口〜松伏高校前〜エローラ
川鶴センター,東武バスウエスト（株）,鶴ヶ島01
川鶴センター,（有）三芳野タクシー,つるワゴン　松ヶ丘・関越病院線
川越高校前,イーグルバス（株）,C01・C01-1　小江戸巡回バス　喜多院・菓子屋横丁ルート
末田,朝日自動車（株）,"越谷駅西口〜荻島小学校〜岩槻駅東口, しらこばと水上公園〜岩槻駅東口, 荻島小学校〜岩槻駅東口"
膝子,国際興業（株）,"大04-3, 東大81, 七里01"
自治会館前,さいたま市,北区コミュニティバス
自治会館前,東武バスウエスト（株）,大42
わかば公園入口,（株）ジャパンタローズ,"南越谷線　系統1, 越谷レイクタウン線"
弥十郎公園入口,茨城急行自動車（株）,北越谷駅〜さぎたか第二公園〜老人福祉センター
大手町,西武バス（株）,"川越シャトル30系統, 川越シャトル31系統"
大手町,東武バスウエスト（株）,"川越06, 名01・名03, 川越08"
霞ヶ関東4丁目,東武バスウエスト（株）,川越シャトル20系統
ゆめみ野東,茨城急行自動車（株）,"北越谷駅〜赤岩入口・松伏高校前〜エローラ, 吉川駅北口〜松伏高校前〜エローラ"
ゆめみ野東,（株）ジャパンタローズ,南越谷線　系統2
ベイシア,東武バスウエスト（株）,つるバス南北線
大和田前原,東武バスウエスト（株）,大50
川鶴一丁目,東武バスウエスト（株）,鶴ヶ島04
やおかつ前,さいたま市,西区指扇地区乗合タクシー「あじさい号」基本ルート
一番街,東武バスウエスト（株）,"若02・東坂02・東坂03・川越09, 川越01・川越02, 川越03, 名01・名03, 川越04"
おいせ塚公園,東武バスウエスト（株）,鶴ヶ島03・鶴ヶ島05
下田入口,東武バスウエスト（株）,"岩01, 岩02・03, 岩04"
西大袋調整池,朝日自動車（株）,【SG23】せんげん台駅西口〜大袋分署前〜大道西〜せんげん台駅西口
西大宮駅,さいたま市,西区指扇地区乗合タクシー「あじさい号」基本ルート
西大宮駅,東武バスウエスト（株）,"宮09, 西大02"
指扇病院,さいたま市,西区指扇地区乗合タクシー「あじさい号」基本ルート
宝来,東武バスウエスト（株）,"扇02, 扇01"
第九公園入口,朝日自動車（株）,"【SG21】せんげん台駅西口〜大道西〜大袋分署前〜大袋駅西口, 【SG22】せんげん台駅西口〜大道西〜大袋分署前, 【SG23】せんげん台駅西口〜大袋分署前〜大道西〜せんげん台駅西口"
川鶴団地,東武バスウエスト（株）,"鶴ヶ島01, 鶴ヶ島04"
川鶴団地,（有）三芳野タクシー,つるワゴン　松ヶ丘・関越病院線
浅間神社入口,朝日自動車（株）,"【SG21】せんげん台駅西口〜大道西〜大袋分署前〜大袋駅西口, 【SG23】せんげん台駅西口〜大袋分署前〜大道西〜せんげん台駅西口"
中宝来自治会館,さいたま市,西区指扇地区乗合タクシー「あじさい号」基本ルート
野島,朝日自動車（株）,"越谷駅西口〜荻島小学校〜岩槻駅東口, しらこばと水上公園〜岩槻駅東口, 荻島小学校〜岩槻駅東口"
寿能二丁目,国際興業（株）,"大15, 大15-3"
弥栄三丁目,朝日自動車（株）,"【KK21】北越谷駅東口〜大里〜弥栄一丁目〜北越谷駅東口, 【KK22】北越谷駅東口〜大里〜弥栄一丁目"
大里,朝日自動車（株）,"【KK21】北越谷駅東口〜大里〜弥栄一丁目〜北越谷駅東口, 【KK22】北越谷駅東口〜大里〜弥栄一丁目"
日進公園,東武バスウエスト（株）,"大61, 大60, 大62, 大65"
エローラ,茨城急行自動車（株）,"北越谷駅〜赤岩入口・松伏高校前〜エローラ, 吉川駅北口〜松伏高校前〜エローラ"
川鶴笠幡公園,東武バスウエスト（株）,鶴ヶ島04
七里コミュニティセンター入口,さいたま市,見沼区コミュニティバス
笹久保上,さいたま市,岩槻区和土地区乗合タクシー「レインボー号」
笹久保上,国際興業（株）,"岩11, 岩11-2, 岩11-3, 岩80, 岩80-2"
ゆめみ野,茨城急行自動車（株）,北越谷駅〜赤岩入口・松伏高校前〜エローラ
ゆめみ野,（株）ジャパンタローズ,南越谷線　系統2
大成四丁目,さいたま市,北区コミュニティバス
月吉町郵便局,東武バスウエスト（株）,川越シャトル20系統
日進公園西,東武バスウエスト（株）,大61
近隣センター,東武バスウエスト（株）,鶴ヶ島03・鶴ヶ島05
近隣センター,川越観光自動車（株）,西武文理
道場前,東武バスウエスト（株）,大61
弥十郎住宅,朝日自動車（株）,"【KK21】北越谷駅東口〜大里〜弥栄一丁目〜北越谷駅東口, 【KK22】北越谷駅東口〜大里〜弥栄一丁目"
植竹一丁目,さいたま市,北区コミュニティバス
植竹一丁目,東武バスウエスト（株）,大42
松江町二丁目,東武バスウエスト（株）,"川越06, 名01・名03, 川越08"
大道自治会館入口,朝日自動車（株）,"【SG21】せんげん台駅西口〜大道西〜大袋分署前〜大袋駅西口, 【SG22】せんげん台駅西口〜大道西〜大袋分署前, 【SG23】せんげん台駅西口〜大袋分署前〜大道西〜せんげん台駅西口"
伊勢原5丁目,イーグルバス（株）,市内循環バス　川越シャトル　（11系統）
三峯神社,西武観光バス（株）,M4急行　三峯神社線
仲町,東武バスウエスト（株）,"若02・東坂02・東坂03・川越09, 名01・名03, 川越04"
霞ヶ関東5丁目,東武バスウエスト（株）,川越シャトル20系統
古谷保育園,東武バスウエスト（株）,川越シャトル40系統
内前野,茨城急行自動車（株）,"北越谷駅〜赤岩入口・松伏高校前〜エローラ, 吉川駅北口〜松伏高校前〜エローラ, 北越谷駅〜赤岩入口〜吉川駅北口"
埼玉医大保健医療学部,川越観光自動車（株）,埼玉医大線
埼玉医大保健医療学部,国際興業（株）,"医大11/12/31/32, 医大11-2/12-2"
月吉町,東武バスウエスト（株）,"川越05, 川越シャトル20系統"
寿能住宅,東武バスウエスト（株）,大47
寿能住宅,国際興業（株）,"大15, 大15-3"
埼玉医大国際医療センター,川越観光自動車（株）,埼玉医大線
埼玉医大国際医療センター,国際興業（株）,"医大11/12/31/32, 医大11-2/12-2"
弥十郎,朝日自動車（株）,"【KK21】北越谷駅東口〜大里〜弥栄一丁目〜北越谷駅東口, 【KK22】北越谷駅東口〜大里〜弥栄一丁目"
今成自治会館,東武バスウエスト（株）,川越シャトル20系統
中央公民館入口,西武バス（株）,川越シャトル32系統
湯の沢,国際興業（株）,名栗01/02/飯01/01-2/02/02-2/03/03-2/06
松伏町多世代交流学習館前,（株）ジャパンタローズ,南越谷線　系統2
導守,東武バスウエスト（株）,大50
導守,国際興業（株）,"大15, 大15-2, 大15-3"
多世代交流学習館前,茨城急行自動車（株）,北越谷駅〜赤岩入口・松伏高校前〜エローラ
弥十郎中央,茨城急行自動車（株）,北越谷駅〜さぎたか第二公園〜老人福祉センター
越谷西高校入口,朝日自動車（株）,"越谷駅西口〜荻島小学校〜岩槻駅東口, しらこばと水上公園〜岩槻駅東口, 荻島小学校〜岩槻駅東口"
多和目西郷,坂戸市,おおや線
総合福祉センター,西武バス（株）,"川越シャトル30系統, 川越シャトル31系統, 川越シャトル32系統"
多和目,坂戸市,おおや線
川鶴三芳野,東武バスウエスト（株）,鶴ヶ島04
小河原,茨城急行自動車（株）,"野田市駅〜中野台・下町〜大沢四丁目〜北越谷駅, 野田市駅〜中野台〜東大沢橋〜北越谷駅, 北越谷駅〜花田三丁目・赤岩入口〜まつぶし緑の丘公園, 北越谷駅〜赤岩入口・松伏高校前〜エローラ, 北越谷駅〜赤岩入口〜吉川駅北口, 北越谷駅〜赤岩入口〜大正大学入口, 北越谷駅〜赤岩入口〜東埼玉テクノポリス南, 北越谷駅〜赤岩入口〜松伏給食センターほほえみ"
小河原,（株）ジャパンタローズ,南越谷線　系統3
弥栄二丁目,朝日自動車（株）,"【KK21】北越谷駅東口〜大里〜弥栄一丁目〜北越谷駅東口, 【KK22】北越谷駅東口〜大里〜弥栄一丁目"
大宮中央総合病院,さいたま市,北区コミュニティバス
日進町一丁目西,東武バスウエスト（株）,大61
指扇幼稚園,さいたま市,西区指扇地区乗合タクシー「あじさい号」基本ルート
赤芝・大宮中央総合病院入口,東武バスウエスト（株）,"大51, 大53, 大42"
蓮馨寺北,イーグルバス（株）,C02・C02-1・C02-2　小江戸巡回バス　蔵の街・氷川神社ルート
上赤岩,茨城急行自動車（株）,北越谷駅〜赤岩入口・松伏高校前〜エローラ
上赤岩,（株）ジャパンタローズ,南越谷線　系統2
大谷下田,国際興業（株）,大04-3
いせはら団地,イーグルバス（株）,市内循環バス　川越シャトル　（11系統）
大道西,朝日自動車（株）,"【SG21】せんげん台駅西口〜大道西〜大袋分署前〜大袋駅西口, 【SG22】せんげん台駅西口〜大道西〜大袋分署前, 【SG23】せんげん台駅西口〜大袋分署前〜大道西〜せんげん台駅西口"
成田山前,東武バスウエスト（株）,名01・名03
成田山前,西武バス（株）,本川越駅（松江町）南古谷駅
ライフ前,さいたま市,西区指扇地区乗合タクシー「あじさい号」基本ルート
大袋中学校,朝日自動車（株）,"【SG21】せんげん台駅西口〜大道西〜大袋分署前〜大袋駅西口, 【SG23】せんげん台駅西口〜大袋分署前〜大道西〜せんげん台駅西口"
下宝来,東武バスウエスト（株）,"扇02, 扇01"
蓮馨寺,東武バスウエスト（株）,"若02・東坂02・東坂03・川越09, 川越01・川越02, 川越03, 川越04"
久保町,西武バス（株）,本川越駅（松江町）南古谷駅
鉄道博物館前,丸建つばさ交通（株）,大宮駅西口循環　大成先回り
大和田,東武バスウエスト（株）,大50
大和田,国際興業（株）,大15-2
松江町一丁目,西武バス（株）,"本川越駅（松江町）南古谷駅, 川越シャトル30系統, 川越シャトル31系統, 川越シャトル32系統"
三進自動車正門前,東武バスウエスト（株）,大61
伊佐沼冒険の森入口,東武バスウエスト（株）,川越シャトル41系統
松江町一丁目,東武バスウエスト（株）,川越08
鉄道博物館南,さいたま市,北区コミュニティバス
妙昌寺入口,東武バスウエスト（株）,名01・名03
大宮公園東口,東武バスウエスト（株）,大47
大宮公園入口,国際興業（株）,"大15, 大15-3"
初雁橋,西武バス（株）,"川越36, 川越35"
下松江町,東武バスウエスト（株）,川越06
いせはら団地,東武バスウエスト（株）,鶴ヶ島03・鶴ヶ島05
大成3丁目,丸建つばさ交通（株）,大宮駅西口循環　大成先回り
大谷,さいたま市,見沼区コミュニティバス
大谷日生住宅前,東武バスウエスト（株）,"岩01, 岩02・03, 岩04"
大谷,国際興業（株）,"大04, 大04-2, 大04-3"
松伏第二中前,（株）ジャパンタローズ,"南越谷線　系統1, 越谷レイクタウン線"
山根,国際興業（株）,医大11/12/31/32
北大宮駅入口,東武バスウエスト（株）,"大51, 大53, 大42"
西川越駅,東武バスウエスト（株）,川越シャトル20系統
喜多院前,東武バスウエスト（株）,名01・名03
伊佐沼冒険の森,西武バス（株）,本52
小ヶ谷老人憩いの家入口,東武バスウエスト（株）,川越シャトル20系統
自衛隊前,東武バスウエスト（株）,大69
喜多院,イーグルバス（株）,C01・C01-1　小江戸巡回バス　喜多院・菓子屋横丁ルート
ヤオコー川越的場店,イーグルバス（株）,市内循環バス　川越シャトル　（11系統）
大成三丁目,東武バスウエスト（株）,"大60, 大62, 大65"
西部図書館前,丸建つばさ交通（株）,大宮駅西口循環　大成先回り
三進自動車,東武バスウエスト（株）,"大61, 大69"
計量検定所前,東武バスウエスト（株）,"大60, 大62, 大65"
櫛引,東武バスウエスト（株）,"大61, 大69, 大60, 大62, 大65"
槻寿苑,さいたま市,岩槻区和土地区乗合タクシー「レインボー号」
自衛隊入口,丸建つばさ交通（株）,大宮駅西口循環　大成先回り
自衛隊入口,東武バスウエスト（株）,"大61, 大69"
三光町,東武バスウエスト（株）,川越シャトル20系統
大宮ハイツ入口,さいたま市,西区指扇地区乗合タクシー「あじさい号」基本ルート
上広島,（株）ジャパンタローズ,吉川線　吉川駅北口〜川藤第一〜東埼玉テクノポリス北
川越市駅入口,東武バスウエスト（株）,川越05
山下,国際興業（株）,名栗01/02/飯01/01-2/02/02-2/03/03-2/06
水上公園入口,朝日自動車（株）,"越谷駅西口〜荻島小学校〜岩槻駅東口, 越谷駅西口〜荻島小学校〜しらこばと水上公園, 荻島小学校〜岩槻駅東口"
大袋分署前,朝日自動車（株）,"【SG21】せんげん台駅西口〜大道西〜大袋分署前〜大袋駅西口, 【SG22】せんげん台駅西口〜大道西〜大袋分署前, 【SG23】せんげん台駅西口〜大袋分署前〜大道西〜せんげん台駅西口"
川越市民聖苑やすらぎのさと,西武バス（株）,本52
大里NTT前,朝日自動車（株）,"【KK21】北越谷駅東口〜大里〜弥栄一丁目〜北越谷駅東口, 【KK22】北越谷駅東口〜大里〜弥栄一丁目"
喜多院前,西武バス（株）,本川越駅（松江町）南古谷駅
仙波下,西武バス（株）,本川越駅（松江町）南古谷駅
大宮西警察署前,東武バスウエスト（株）,"大61, 大69"
弥十郎自治会館入口,茨城急行自動車（株）,北越谷駅〜さぎたか第二公園〜老人福祉センター
本村,茨城急行自動車（株）,"吉川駅北口〜松伏高校前〜エローラ, 北越谷駅〜赤岩入口〜吉川駅北口"
本村,（株）ジャパンタローズ,南越谷線　系統2
鎌北湖,毛呂山町,ゆず号1コース
大宮サッカー場前,国際興業（株）,"大15, 大15-3"
本田金属技術前,西武バス（株）,"川越36, 川越35"
膝子下,国際興業（株）,"東大81, 七里01"
鎌北湖第二駐車場,毛呂山町,ゆず号1コース
埼玉病院,西武バス（株）,"川越シャトル30系統, 川越シャトル31系統, 川越シャトル32系統"
芳地戸,イーグルバス（株）,市内循環バス　川越シャトル　（11系統）
笹久保,国際興業（株）,"東川90, 岩11, 岩11-2, 岩11-3"
的場東,西武バス（株）,"川越36, 川越35"
指扇駅北口,さいたま市,西区指扇地区乗合タクシー「あじさい号」基本ルート
指扇駅北口,東武バスウエスト（株）,"扇02, 扇01"
芝川,東武バスウエスト（株）,大50
芝川,国際興業（株）,大15-2
サッカー場前,東武バスウエスト（株）,大47
御料橋,朝日自動車（株）,"【KK21】北越谷駅東口〜大里〜弥栄一丁目〜北越谷駅東口, 【KK22】北越谷駅東口〜大里〜弥栄一丁目"
愛和病院入口,西武バス（株）,本52
県営住宅前,東武バスウエスト（株）,"大61, 大69"
高井北,国際興業（株）,"大15, 大15-2, 大15-3"
小ヶ谷公民館入口,西武バス（株）,"川越36, 川越35"
中原町,西武バス（株）,本川越駅（松江町）南古谷駅
中原町,東武バスウエスト（株）,"川越06, 若02・東坂02・東坂03・川越09, 川越01・川越02, 川越03, 川越04, 川越05"
向大谷,さいたま市,見沼区コミュニティバス
向大谷,東武バスウエスト（株）,"岩01, 岩02・03, 岩04"
向大谷,国際興業（株）,"大04, 大04-2, 大04-3"
新方橋,茨城急行自動車（株）,"野田市駅〜中野台・下町〜大沢四丁目〜北越谷駅, 野田市駅〜中野台〜東大沢橋〜北越谷駅, 北越谷駅〜花田三丁目・赤岩入口〜まつぶし緑の丘公園, 北越谷駅〜赤岩入口・松伏高校前〜エローラ, 北越谷駅〜赤岩入口〜吉川駅北口, 北越谷駅〜赤岩入口〜大正大学入口, 北越谷駅〜赤岩入口〜東埼玉テクノポリス南, 北越谷駅〜赤岩入口〜松伏給食センターほほえみ"
新方橋,（株）ジャパンタローズ,南越谷線　系統3
指扇駅,西武バス（株）,"大31, 水判土〜指扇駅"
シティハイツ三橋,東武バスウエスト（株）,"大61, 大69"
砂原土手,朝日自動車（株）,"越谷駅西口〜荻島小学校〜岩槻駅東口, 越谷駅西口〜荻島小学校〜しらこばと水上公園, 荻島小学校〜岩槻駅東口"
古谷小学校,西武バス（株）,"大22, 本52"
古谷小,東武バスウエスト（株）,川越シャトル40系統
仙波下,西武バス（株）,本52
グリーンパーク,東武バスウエスト（株）,川越シャトル40系統
川越グリーンパーク,西武バス（株）,"大22, 本52"
八子新田,（株）ジャパンタローズ,吉川線　吉川駅北口〜前新田〜旭公園球場南
愛和病院,東武バスウエスト（株）,川越シャトル41系統
さぎたか第二公園,茨城急行自動車（株）,北越谷駅〜さぎたか第二公園〜老人福祉センター
旭小学校入口,（株）ジャパンタローズ,吉川線　吉川駅北口〜川藤第一〜東埼玉テクノポリス北
尾崎神社,イーグルバス（株）,市内循環バス　川越シャトル　（11系統）
前波,（株）ジャパンタローズ,南越谷線　系統3
仙波東照宮入口,東武バスウエスト（株）,川越シャトル34系統
鈴木脳神経外科入口,イーグルバス（株）,市内循環バス　川越シャトル　（11系統）
西小仙波町一丁目,東武バスウエスト（株）,川越シャトル34系統
日進町1丁目,丸建つばさ交通（株）,大宮駅西口循環　大成先回り
市営霊園思い出の里,さいたま市,見沼区コミュニティバス
南部公民館,さいたま市,岩槻区和土地区乗合タクシー「レインボー号」
南部公民館,国際興業（株）,"東川90, 岩80, 岩80-2"
的場,西武バス（株）,"川越36, 川越35"
的場,川越観光自動車（株）,西武文理
通町,東武バスウエスト（株）,"川越08, 川越シャトル34系統"
川越警察署入口,西武バス（株）,"本52, 本川越駅（松江町）南古谷駅"
小江戸蔵里,イーグルバス（株）,C01・C01-1　小江戸巡回バス　喜多院・菓子屋横丁ルート
高木,西武バス（株）,大22
川越総合高校,東武バスウエスト（株）,川越シャトル34系統
古谷上,西武バス（株）,本52
古谷市民センター,東武バスウエスト（株）,川越シャトル40系統
染谷折返場,国際興業（株）,大03
中丸,国際興業（株）,"大15, 大15-2, 大15-3"
弥栄一丁目,朝日自動車（株）,"【KK21】北越谷駅東口〜大里〜弥栄一丁目〜北越谷駅東口, 【KK22】北越谷駅東口〜大里〜弥栄一丁目"
大成小学校前,東武バスウエスト（株）,大60
古谷交番,東武バスウエスト（株）,川越シャトル40系統
東大沢三丁目,茨城急行自動車（株）,北越谷駅〜さぎたか第二公園〜老人福祉センター
小松台,東武バスウエスト（株）,"岩01, 岩02・03, 岩04"
小松台,国際興業（株）,"大04, 大04-2, 大04-3"
しらこばと水上公園,朝日自動車（株）,"越谷駅西口〜荻島小学校〜しらこばと水上公園, しらこばと水上公園〜岩槻駅東口"
西小仙波町二丁目,西武バス（株）,"川越シャトル30系統, 川越シャトル31系統, 川越シャトル32系統"
櫛引中央,東武バスウエスト（株）,"大61, 大69, 大68"
三橋総合公園,東武バスウエスト（株）,大68
上一区,（株）ジャパンタローズ,南越谷線　系統3
川越聖地霊園入口,西武バス（株）,"大22, 本52"
砂原,朝日自動車（株）,"越谷駅西口〜荻島小学校〜岩槻駅東口, 越谷駅西口〜荻島小学校〜しらこばと水上公園, 荻島小学校〜岩槻駅東口"
西遊馬,西武バス（株）,"大23, 【大23】深夜, 大22, 大31, 水判土〜指扇駅"
チサン住宅入口,朝日自動車（株）,"【KK21】北越谷駅東口〜大里〜弥栄一丁目〜北越谷駅東口, 【KK22】北越谷駅東口〜大里〜弥栄一丁目"
本川越駅,西武バス（株）,"本55, 【本55】深夜, 本52, 新所02, 本53, 本54, 本川越駅（松江町）南古谷駅, 川越35-1, 川越35"
本川越駅,イーグルバス（株）,"C01・C01-1　小江戸巡回バス　喜多院・菓子屋横丁ルート, C02・C02-1・C02-2　小江戸巡回バス　蔵の街・氷川神社ルート"
本川越駅,東武バスウエスト（株）,"川越06, 若02・東坂02・東坂03・川越09, 川越01・川越02, 川越03, 川越04, 川越05"
染谷氷川神社,さいたま市,見沼区コミュニティバス
三橋公園通り,東武バスウエスト（株）,大68
県営三橋団地,東武バスウエスト（株）,大68
膝子芝宮,国際興業（株）,"東大81, 七里01"
鹿島橋,東武バスウエスト（株）,大50
鹿島橋,国際興業（株）,大15-2
大沢北小入口,茨城急行自動車（株）,北越谷駅〜さぎたか第二公園〜老人福祉センター
北平沢,国際興業（株）,医大11/12/31/32
松伏第二中学校入口,茨城急行自動車（株）,"吉川駅北口〜松伏高校前〜エローラ, 北越谷駅〜赤岩入口〜吉川駅北口"
松伏第二中学校入口,（株）ジャパンタローズ,南越谷線　系統2
赤羽根西,西武バス（株）,"大23, 【大23】深夜, 大22"
川越市駅,イーグルバス（株）,C01・C01-1　小江戸巡回バス　喜多院・菓子屋横丁ルート
川越市駅,東武バスウエスト（株）,"名01・名03, 川越シャトル20系統"
増林公園（越谷市斎場）,（株）ジャパンタローズ,南越谷線　系統3
ふれあい橋北,（株）ジャパンタローズ,"南越谷線　系統1, 越谷レイクタウン線"
赤羽根,西武バス（株）,"大23, 【大23】深夜, 大22"
三橋1丁目（セイムス前）,丸建つばさ交通（株）,大宮駅西口循環　大成先回り
的場一丁目,西武バス（株）,"川越36, 川越35"
的場1丁目,イーグルバス（株）,市内循環バス　川越シャトル　（11系統）
的場一丁目,東武バスウエスト（株）,鶴ヶ島03・鶴ヶ島05
裏参道,東武バスウエスト（株）,"大51, 大53, 大42"
水上公園入口,西武バス（株）,"川越36, 川越35"
やどかりの里,さいたま市,見沼区コミュニティバス
高鼻二丁目,東武バスウエスト（株）,大47
高鼻二丁目,国際興業（株）,"大15, 大15-3"
東大沢二丁目北,茨城急行自動車（株）,北越谷駅〜さぎたか第二公園〜老人福祉センター
東堀の内,東武バスウエスト（株）,大50
東堀の内,国際興業（株）,大15-2
小仙波町四丁目,西武バス（株）,本52
イーグルバス川越営業所,イーグルバス（株）,市内循環バス　川越シャトル　（11系統）
顕徳寺,さいたま市,見沼区コミュニティバス
高井,国際興業（株）,"大15, 大15-2, 大15-3"
和土郵便局,国際興業（株）,"東川90, 岩11, 岩11-2, 岩11-3"
桜木町3丁目,丸建つばさ交通（株）,大宮駅西口循環　大成先回り
堀の内三丁目,東武バスウエスト（株）,大50
堀の内三丁目,国際興業（株）,大15-2
本郷裏,西武バス（株）,大22
笹久保新田,国際興業（株）,"東川90, 岩80, 岩80-2"
川越工業高校前,東武バスウエスト（株）,川越08
新屋敷（さいたま市）,西武バス（株）,"大23, 【大23】深夜, 大22"
一ノ久保,国際興業（株）,大15-3
霞ヶ関市民センター入口,イーグルバス（株）,市内循環バス　川越シャトル　（11系統）
南鳳台住宅,国際興業（株）,大15-3
さぎたか第一公園入口,茨城急行自動車（株）,北越谷駅〜さぎたか第二公園〜老人福祉センター
工高前,東武バスウエスト（株）,川越シャトル34系統
霞ヶ関小学校,西武バス（株）,"川越36, 川越35"
南広島,（株）ジャパンタローズ,吉川線　吉川駅北口〜川藤第一〜東埼玉テクノポリス北
五味貝戸,西武バス（株）,"大23, 【大23】深夜, 大22"
上二区,（株）ジャパンタローズ,南越谷線　系統3
染谷北,さいたま市,見沼区コミュニティバス
染谷北,国際興業（株）,大03
古谷郵便局,東武バスウエスト（株）,川越シャトル40系統
櫛引南,東武バスウエスト（株）,"大61, 大69, 大68"
総合ケアセンター川越仙波,東武バスウエスト（株）,川越シャトル34系統
野中,朝日自動車（株）,"越谷駅西口〜荻島小学校〜岩槻駅東口, 越谷駅西口〜荻島小学校〜しらこばと水上公園, 荻島小学校〜岩槻駅東口"
東五味貝戸,西武バス（株）,"大23, 【大23】深夜, 大22"
鷺後小入口,茨城急行自動車（株）,北越谷駅〜さぎたか第二公園〜老人福祉センター
宮町四丁目,東武バスウエスト（株）,"大51, 大53, 大42"
芝川新橋,国際興業（株）,"大01, 大02, 大02-3, 大03, 大04, 大04-3, 大10, 大12/12-2/12-3, 大15, 大15-2, 大15-3, 大81"
九十橋,西武バス（株）,本川越駅（松江町）南古谷駅
御蔵白岡,東武バスウエスト（株）,"岩01, 岩02・03, 岩04"
御蔵白岡,国際興業（株）,"大04, 大04-2, 大04-3"
小田急弥栄団地入口,朝日自動車（株）,【KK21】北越谷駅東口〜大里〜弥栄一丁目〜北越谷駅東口
小田急弥栄団地入口,茨城急行自動車（株）,"野田市駅〜中野台・下町〜大沢四丁目〜北越谷駅, 野田市駅〜中野台〜東大沢橋〜北越谷駅, 北越谷駅〜花田三丁目・赤岩入口〜まつぶし緑の丘公園, 北越谷駅〜赤岩入口・松伏高校前〜エローラ, 北越谷駅〜赤岩入口〜吉川駅北口, 北越谷駅〜赤岩入口〜大正大学入口, 北越谷駅〜赤岩入口〜東埼玉テクノポリス南, 北越谷駅〜赤岩入口〜松伏給食センターほほえみ"
喜多院入口,西武バス（株）,本52
中川坂上,国際興業（株）,"大01, 大02, 大02-3, 大03, 大04, 大04-3, 大10, 大12/12-2/12-3, 大15, 大15-2, 大15-3, 大81"
脇田町,西武バス（株）,"本55, 【本55】深夜, 本52, 新所02, 本53, 本54, 川越35-1, 川越35"
脇田町,東武バスウエスト（株）,"川越06, 若02・東坂02・東坂03・川越09, 川越01・川越02, 川越03, 川越04, 川越05"
堀の内,東武バスウエスト（株）,"大50, 大47"
堀の内,国際興業（株）,"大15, 大15-2, 大15-3"
仙波市営住宅,西武バス（株）,"川越シャトル30系統, 川越シャトル31系統, 川越シャトル32系統"
天沼町,国際興業（株）,"大01, 大02, 大02-3, 大03, 大04, 大04-3, 大08, 大10, 大12/12-2/12-3, 大15, 大15-2, 大15-3, 大81"
土屋,西武バス（株）,"大31, 水判土〜指扇駅"
玉葉橋下,（株）ジャパンタローズ,吉川線　吉川駅北口〜前新田〜旭公園球場南
寺地,茨城急行自動車（株）,"吉川駅北口〜松伏高校前〜エローラ, 北越谷駅〜赤岩入口〜吉川駅北口"
寺地,（株）ジャパンタローズ,南越谷線　系統2
名郷,国際興業（株）,名栗01/02/飯01/01-2/02/02-2/03/03-2/06
三橋六丁目,西武バス（株）,"大23, 【大23】深夜, 大22"
大成消防署,東武バスウエスト（株）,"大60, 大62, 大65"
霞ヶ関中学校,東武バスウエスト（株）,鶴ヶ島03・鶴ヶ島05
霞ヶ関中学校,西武バス（株）,"川越36, 川越35"
堀の内橋,国際興業（株）,"大01, 大02, 大02-3, 大03, 大04, 大04-3, 大08-2, 大10, 大12/12-2/12-3, 大15, 大15-2, 大15-3, 大81"
大平公園前,丸建つばさ交通（株）,大宮駅西口循環　大成先回り
さいたま東営業所,国際興業（株）,"浦04-3, 浦08/08-2, 浦90, 浦91, 東浦81, 東川81, 大81, 東大81, 七里01, 美80"
市営駐車場前,丸建つばさ交通（株）,大宮駅西口循環　大成先回り
大中居,東武バスウエスト（株）,川越シャトル41系統
野田町,西武バス（株）,"川越35-1, 川越36-1, 川越36, 川越35"
中丸下,国際興業（株）,大12/12-2/12-3
職業センター入口,イーグルバス（株）,市内循環バス　川越シャトル　（11系統）
浦和東高校,国際興業（株）,"東浦02, 東川02, 東川90, 大02-3, 大02-4, 岩80, 岩80-2"
赤心堂病院,東武バスウエスト（株）,川越シャトル20系統
赤心堂病院,西武バス（株）,"本55, 【本55】深夜, 新所02, 本53, 本54, 川越35-1, 川越35"
西中野,国際興業（株）,"大01, 大02, 大02-3, 大03, 大04, 大04-3, 大10, 大12/12-2/12-3, 大15, 大15-2, 大15-3, 大81"
東大沢二丁目南,茨城急行自動車（株）,北越谷駅〜さぎたか第二公園〜老人福祉センター
三橋五丁目,西武バス（株）,"大23, 【大23】深夜, 大22"
染谷中花しょうぶ園,さいたま市,見沼区コミュニティバス
庚申塚,国際興業（株）,"大01, 大02, 大02-2, 大02-3, 大03, 大04, 大04-2, 大04-3, 大81"
仙波町二丁目,西武バス（株）,本52
染谷中,国際興業（株）,大03
峰谷,国際興業（株）,"東川90, 岩11, 岩11-2, 岩11-3"
ウエルシア川越仙波店,東武バスウエスト（株）,川越シャトル34系統
法務局,西武バス（株）,"川越35-1, 川越36-1, 川越36, 川越35"
片柳郵便局,国際興業（株）,"大01, 大02, 大02-2, 大02-3, 大03, 大04, 大04-2, 大04-3, 大81"
ハローワーク大宮入口,東武バスウエスト（株）,"大61, 大69, 大68"
日大前,国際興業（株）,"大01, 大02, 大02-2, 大02-3, 大03, 大04, 大04-2, 大04-3, 大10, 大81"
南中野中央,国際興業（株）,"大01, 大02, 大02-3, 大03, 大04, 大04-3, 大10, 大15-3, 大81"
中山中,（株）ジャパンタローズ,南越谷線　系統3
菅原町,西武バス（株）,本52
菅原町,東武バスウエスト（株）,"川越08, 川越シャトル34系統"
花田一丁目,朝日自動車（株）,【KK21】北越谷駅東口〜大里〜弥栄一丁目〜北越谷駅東口
花田一丁目,茨城急行自動車（株）,"野田市駅〜中野台・下町〜大沢四丁目〜北越谷駅, 野田市駅〜中野台〜東大沢橋〜北越谷駅, 北越谷駅〜赤岩入口〜吉川駅北口, 北越谷駅〜赤岩入口〜大正大学入口, 北越谷駅〜赤岩入口〜東埼玉テクノポリス南, 北越谷駅〜赤岩入口〜松伏給食センターほほえみ"
堀の内一丁目,国際興業（株）,"大01, 大02, 大02-3, 大03, 大04, 大04-3, 大08-2, 大10, 大12/12-2/12-3, 大15, 大15-2, 大15-3, 大81"
片柳小学校,国際興業（株）,"大01, 大02, 大02-2, 大02-3, 大03, 大81"
東町二丁目,東武バスウエスト（株）,"大50, 大47"
東町二丁目,国際興業（株）,"大15, 大15-2, 大15-3"
片柳コミュニティセンター,さいたま市,見沼区コミュニティバス
片柳小学校,東武バスウエスト（株）,"岩01, 岩02・03, 岩04"
片柳支所,国際興業（株）,"大01, 大02, 大02-2, 大02-3, 大03, 大04, 大04-2, 大04-3, 大81"
日高市役所入口,国際興業（株）,医大11/12/31/32
南中野,国際興業（株）,"大01, 大02, 大02-2, 大02-3, 大03, 大04, 大04-2, 大04-3, 大10, 大15-3, 大81"
野田宝永,さいたま市,見沼区コミュニティバス
野田宝永,国際興業（株）,"浦08/08-2, 大01, 大02, 大02-2, 大02-3, 大81"
山伝,西武バス（株）,"川越36, 川越35"
赤岩農村センター,茨城急行自動車（株）,"吉川駅北口〜松伏高校前〜エローラ, 北越谷駅〜赤岩入口〜吉川駅北口"
さぎ山記念公園,国際興業（株）,"浦04-3, 浦90, 浦91, 東浦81, 東川81, 大01, 大02, 大02-2, 大02-3, 美80"
染谷入口,国際興業（株）,"大01, 大02, 大02-2, 大02-3, 大03, 大81"
三橋総合公園南口,西武バス（株）,"大23, 【大23】深夜, 大22, 大25"
天沼一丁目,国際興業（株）,"大01, 大02, 大02-3, 大03, 大04, 大04-3, 大08-2, 大10, 大12/12-2/12-3, 大15, 大15-2, 大15-3, 大81"
尚美学園大学,西武バス（株）,"川越35-1, 川越36-1, 川越36, 川越35"
かすみ野入口,西武バス（株）,"川越36, 川越35"
かすみ野入口,東武バスウエスト（株）,鶴ヶ島03・鶴ヶ島05
八幡,国際興業（株）,"大02-2, 大04-2"
東笠幡,西武バス（株）,新狭11
弥生橋,茨城急行自動車（株）,"吉川駅北口〜松伏高校前〜エローラ, 北越谷駅〜赤岩入口〜吉川駅北口"
仙波町公民館,東武バスウエスト（株）,川越シャトル34系統
大中居,西武バス（株）,本川越駅（松江町）南古谷駅
仙波町,東武バスウエスト（株）,川越シャトル34系統
仙波町,西武バス（株）,"川越シャトル30系統, 川越シャトル31系統, 川越シャトル32系統"
登戸,西武バス（株）,新狭11
豊田本,西武バス（株）,"川越36, 川越35"
西武車庫前（大宮営業所）,西武バス（株）,"大23, 【大23】深夜, 大22, 大25, 大宮駅西口〜西武車庫前"
中川,国際興業（株）,"大02-2, 大04-2"
朝日車庫前,朝日自動車（株）,"【KK21】北越谷駅東口〜大里〜弥栄一丁目〜北越谷駅東口, 【KK22】北越谷駅東口〜大里〜弥栄一丁目"
中川中央通り,国際興業（株）,大12/12-2/12-3
桜木町,東武バスウエスト（株）,"大60, 大62, 大65"
自治医大医療センター入口,国際興業（株）,"大02-2, 大04-2, 大11"
栄進中学校入口,茨城急行自動車（株）,北越谷駅〜さぎたか第二公園〜老人福祉センター
川越駅東口,西武バス（株）,"本52, 川越シャトル30系統, 川越シャトル31系統, 川越シャトル32系統"
川越駅東口,東武バスウエスト（株）,川越シャトル34系統
川越駅,東武バスウエスト（株）,"川越06, 若02・東坂02・東坂03・川越09, 川越01・川越02, 川越03, 名01・名03, 川越04, 川越05, 川越08"
下赤岩,茨城急行自動車（株）,"吉川駅北口〜松伏高校前〜エローラ, 北越谷駅〜赤岩入口〜吉川駅北口"
天沼中央通り,東武バスウエスト（株）,大43
天沼中央通り,国際興業（株）,"大02-2, 大04-2, 大11"
中海戸,国際興業（株）,名栗01/02/飯01/01-2/02/02-2/03/03-2/06
見沼自然公園締切橋,さいたま市,見沼区コミュニティバス
土屋下,西武バス（株）,"大31, 水判土〜指扇駅"
南堀の内,東武バスウエスト（株）,大43
南堀の内,国際興業（株）,"大01, 大02, 大02-2, 大02-3, 大03, 大04, 大04-2, 大04-3, 大08-2, 大10, 大11, 大12/12-2/12-3, 大15, 大15-2, 大15-3, 大81"
締切橋,国際興業（株）,"浦08/08-2, 大01, 大02, 大02-2, 大02-3, 大81"
東町一丁目,国際興業（株）,"大01, 大02, 大02-2, 大02-3, 大03, 大04, 大04-2, 大04-3, 大08-2, 大10, 大11, 大12/12-2/12-3, 大15, 大15-2, 大15-3, 大81"
東町一丁目,東武バスウエスト（株）,"大50, 大47, 大43"
さぎ山記念公園（構内）,さいたま市,見沼区コミュニティバス
増林小学校入口,（株）ジャパンタローズ,"南越谷線　系統1, 南越谷線　系統2, 南越谷線　系統3, 越谷レイクタウン線"
氷川参道,東武バスウエスト（株）,"大50, 大47, 大43"
氷川参道,国際興業（株）,"大01, 大02, 大02-2, 大02-3, 大03, 大04, 大04-2, 大04-3, 大08-2, 大10, 大11, 大12/12-2/12-3, 大15, 大15-2, 大15-3, 大81"
花田三丁目,茨城急行自動車（株）,"北越谷駅〜花田三丁目・赤岩入口〜まつぶし緑の丘公園, 北越谷駅〜赤岩入口・松伏高校前〜エローラ"
仙波町二丁目市営住宅前,東武バスウエスト（株）,川越シャトル34系統
河岸街道,西武バス（株）,"川越35-1, 川越36-1, 川越36, 川越35, 川越シャトル21系統, 川越シャトル22系統"
笠幡駅,西武バス（株）,新狭11
笠幡駅,イーグルバス（株）,市内循環バス　川越シャトル　（11系統）
笠幡駅,東武バスウエスト（株）,鶴ヶ島03・鶴ヶ島05
染谷南,さいたま市,見沼区コミュニティバス
染谷南,国際興業（株）,大03
尾ヶ山北,東武バスウエスト（株）,"大61, 大69, 大68"
帯津三敬病院,東武バスウエスト（株）,川越シャトル41系統
自治医大医療センター,国際興業（株）,"大04-2, 大11"
大宮大門町,東武バスウエスト（株）,"大50, 大47, 大43"
大宮大門町,国際興業（株）,"大01, 大02, 大02-2, 大02-3, 大03, 大04, 大04-2, 大04-3, 大08-2, 大10, 大11, 大12/12-2/12-3, 大15, 大15-2, 大15-3, 大81"
尾ヶ崎,国際興業（株）,"東川90, 岩11, 岩11-2, 岩11-3"
前原,西武バス（株）,"川越35-1, 川越36-1, 川越36, 川越35, 川越シャトル21系統, 川越シャトル22系統"
三橋一丁目,西武バス（株）,"大23, 【大23】深夜, 大22, 大25, 大宮駅西口〜西武車庫前"
大宮東口駅前通り,東武バスウエスト（株）,大50
東中学校,東武バスウエスト（株）,川越シャトル40系統
片柳保育園前,東武バスウエスト（株）,"岩01, 岩02・03, 岩04"
川越駅西口,西武バス（株）,"本55, 【本55】深夜, 新所02, 本53, 本54, 川越61, 川越62, 川越35-1, 川越36-1, 川越36, 川越35, 川越シャトル21系統, 川越シャトル22系統"
川越駅西口,イーグルバス（株）,"C01・C01-1　小江戸巡回バス　喜多院・菓子屋横丁ルート, C02・C02-1・C02-2　小江戸巡回バス　蔵の街・氷川神社ルート"
川越駅西口,東武バスウエスト（株）,川越シャトル20系統
鍋小路,（株）ジャパンタローズ,吉川線　吉川駅北口〜前新田〜旭公園球場南
花田入口,朝日自動車（株）,【KK21】北越谷駅東口〜大里〜弥栄一丁目〜北越谷駅東口
花田入口,茨城急行自動車（株）,"野田市駅〜中野台・下町〜大沢四丁目〜北越谷駅, 野田市駅〜中野台〜東大沢橋〜北越谷駅, 北越谷駅〜赤岩入口〜吉川駅北口, 北越谷駅〜赤岩入口〜大正大学入口, 北越谷駅〜赤岩入口〜東埼玉テクノポリス南, 北越谷駅〜赤岩入口〜松伏給食センターほほえみ"
花田一丁目南,茨城急行自動車（株）,"北越谷駅〜花田三丁目・赤岩入口〜まつぶし緑の丘公園, 北越谷駅〜赤岩入口・松伏高校前〜エローラ"
かち橋,（株）ジャパンタローズ,吉川線　吉川駅北口〜川藤第一〜東埼玉テクノポリス北
所沢新道,西武バス（株）,"大23, 【大23】深夜, 大22, 大25, 大宮駅西口〜西武車庫前"
所沢新道,東武バスウエスト（株）,"大61, 大69, 大68"
大宮駅東口,西武バス（株）,大38
大宮駅東口,東武バスウエスト（株）,"大50, 大51, 大53, 大42, 大47, 大43, 大都23"
大宮駅東口,国際興業（株）,"大01, 大02, 大02-2, 大02-3, 大02-4, 大03, 大04, 大04-2, 大04-3, 大08, 大08-2, 大10, 大11, 大12/12-2/12-3, 大15, 大15-2, 大15-3, 大81"
大平公園入口,西武バス（株）,"大23, 【大23】深夜, 大22, 大25, 大宮駅西口〜西武車庫前"
伊倉,国際興業（株）,名栗01/02/飯01/01-2/02/02-2/03/03-2/06
青葉園,西武バス（株）,大25
岩平,茨城急行自動車（株）,"吉川駅北口〜松伏高校前〜エローラ, 北越谷駅〜赤岩入口〜吉川駅北口"
水久保,西武バス（株）,"川越36, 川越35, 新狭11"
川越胃腸病院,東武バスウエスト（株）,川越シャトル34系統
浦和東高校入口,国際興業（株）,"浦04-3, 浦90, 浦91, 東浦81, 東川81, 大01, 大02, 大02-2, 大02-3, 美80"
団地東,国際興業（株）,大10
稲荷坂上,西武バス（株）,"大23, 【大23】深夜, 大22, 大25, 大宮駅西口〜西武車庫前"
キャンベルタウン公園入口,茨城急行自動車（株）,北越谷駅〜さぎたか第二公園〜老人福祉センター
上野,イーグルバス（株）,市内循環バス　川越シャトル　（11系統）
荻島小学校,朝日自動車（株）,"越谷駅西口〜荻島小学校〜岩槻駅東口, 越谷駅西口〜荻島小学校〜しらこばと水上公園, 荻島小学校〜岩槻駅東口"
大正坂,国際興業（株）,大12/12-2/12-3
上山,国際興業（株）,"浦08/08-2, 大01, 大02, 大02-2, 大02-3, 大03, 大81"
田中,イーグルバス（株）,市内循環バス　川越シャトル　（11系統）
稲荷前,西武バス（株）,"大23, 【大23】深夜, 大22, 大25, 大宮駅西口〜西武車庫前"
稲荷前,東武バスウエスト（株）,"大61, 大69, 大68"
天沼神社前,東武バスウエスト（株）,大43
大宮駅西口,西武バス（株）,"新都11, 大39, 大40, 大41, 大32, 大33, 大39-1, 大36, 【大36】深夜, 大37, 大35, 大30, 大23, 【大23】深夜, 大22, 大38, 大31, 大25, 大34, 大宮駅西口〜西武車庫前"
大宮駅西口,丸建つばさ交通（株）,"大宮駅西口循環　大成先回り, 大宮駅西口循環　与野本町先回り"
大宮駅西口,東武バスウエスト（株）,"大61, 大69, 大68, 大60, 大62, 大65"
三崎台見沼くらしっく館,さいたま市,見沼区コミュニティバス
三崎台,国際興業（株）,"浦08/08-2, 大01, 大02, 大02-2, 大02-3, 大81"
ウニクス南古谷,東武バスウエスト（株）,川越シャトル41系統
埼玉東部循環器病院前,茨城急行自動車（株）,"北越谷駅〜花田三丁目・赤岩入口〜まつぶし緑の丘公園, 北越谷駅〜赤岩入口・松伏高校前〜エローラ"
染谷新道東,さいたま市,見沼区コミュニティバス
釣上北,国際興業（株）,岩11-3
東新井団地,国際興業（株）,大10
人見,国際興業（株）,名栗01/02/飯01/01-2/02/02-2/03/03-2/06
西浦,国際興業（株）,大12/12-2/12-3
馬宮コミュニティセンター,西武バス（株）,"大31, 水判土〜指扇駅"
ウニクス南古谷アネックス,東武バスウエスト（株）,川越シャトル41系統
武輝神社入口,茨城急行自動車（株）,"吉川駅北口〜松伏高校前〜エローラ, 北越谷駅〜赤岩入口〜吉川駅北口"
浜居場,国際興業（株）,名栗01/02/飯01/01-2/02/02-2/03/03-2/06
仲町（さいたま市）,西武バス（株）,大38
かすみ野北,西武バス（株）,"川越36, 川越35, 新狭11"
ソニックシティ前,西武バス（株）,"新都11, 大39, 大40, 大41, 大32, 大33, 大39-1, 大36, 大37, 大35, 大30, 大23, 【大23】深夜, 大22, 大38, 大31, 大25, 大34, 大宮駅西口〜西武車庫前"
ソニックシティ前,東武バスウエスト（株）,"大60, 大62, 大65"
上野,東武バスウエスト（株）,鶴ヶ島03・鶴ヶ島05
染谷新道,国際興業（株）,"浦08/08-2, 大01, 大02, 大02-2, 大02-3, 大03, 大81"
山村,国際興業（株）,"浦08/08-2, 大01, 大02, 大02-2, 大02-3, 大03, 大81"
佐知川住宅,西武バス（株）,大25
代山,国際興業（株）,"浦04-3, 浦90, 浦91, 東浦02, 東浦81, 東川02, 東川81, 大01, 大02, 大02-2, 美80"
ウェスタ川越前,西武バス（株）,"本53, 本54, 川越61, 川越62, 川越35-1, 川越36-1, 川越36, 川越35, 川越シャトル21系統, 川越シャトル22系統"
花田,朝日自動車（株）,"【KS31】越谷駅東口〜花田〜花田小学校前〜越谷駅東口, 【KS32】越谷駅東口〜花田〜花田小学校前〜越谷市立図書館前, 【KS33】越谷駅東口〜花田〜花田小学校前, 【KS34】花田〜花田小学校前〜越谷駅東口, 【MK02】南越谷駅北口〜越谷市立病院前〜花田"
ひまわり南幼稚園,西武バス（株）,"川越シャトル21系統, 川越シャトル22系統"
富士見町交差点北,東武バスウエスト（株）,川越シャトル34系統
東大沢橋,朝日自動車（株）,【KK21】北越谷駅東口〜大里〜弥栄一丁目〜北越谷駅東口
東大沢橋,茨城急行自動車（株）,"野田市駅〜中野台〜東大沢橋〜北越谷駅, 北越谷駅〜花田三丁目・赤岩入口〜まつぶし緑の丘公園, 北越谷駅〜赤岩入口・松伏高校前〜エローラ, 北越谷駅〜赤岩入口〜吉川駅北口, 北越谷駅〜さぎたか第二公園〜老人福祉センター, 北越谷駅〜赤岩入口〜大正大学入口, 北越谷駅〜赤岩入口〜東埼玉テクノポリス南, 北越谷駅〜赤岩入口〜松伏給食センターほほえみ"
旭町一丁目（川越市）,西武バス（株）,"川越35-1, 川越36-1, 川越36, 川越35"
旭町一丁目,西武バス（株）,"川越シャトル21系統, 川越シャトル22系統"
鎌倉公園入口,東武バスウエスト（株）,"岩01, 岩02・03, 岩04"
見沼消防署,さいたま市,見沼区コミュニティバス
根木輪,国際興業（株）,"浦08/08-2, 大01, 大02, 大02-2, 大02-3, 大03, 大81"
観音前,東武バスウエスト（株）,大43
東新井団地,東武バスウエスト（株）,"岩02・03, 岩05, 新都22, 新高01"
団地南,国際興業（株）,大10
西遊馬消防出張所,西武バス（株）,"大31, 水判土〜指扇駅"
大東東小,西武バス（株）,川越シャトル22系統
富士見町,西武バス（株）,"川越シャトル30系統, 川越シャトル31系統, 川越シャトル32系統"
新国道,西武バス（株）,"新都11, 大39, 大40, 大41, 大32, 大33, 大39-1, 大36, 【大36】深夜, 大37, 大35, 大30, 大38, 大31, 大34"
後新田入口,（株）ジャパンタローズ,吉川線　吉川駅北口〜前新田〜旭公園球場南
花田小学校前,朝日自動車（株）,"【KS31】越谷駅東口〜花田〜花田小学校前〜越谷駅東口, 【KS32】越谷駅東口〜花田〜花田小学校前〜越谷市立図書館前, 【KS33】越谷駅東口〜花田〜花田小学校前, 【KS34】花田〜花田小学校前〜越谷駅東口, 【MK01】南越谷駅北口〜越谷市立病院前〜花田小学校前〜越谷市立図書館, 【MK02】南越谷駅北口〜越谷市立病院前〜花田, 【MK03】南越谷駅北口〜越谷市立病院前〜花田小学校前〜越谷駅東口, 【MK04】南越谷駅北口〜越谷市立病院前〜花田第四公園入口"
並木,西武バス（株）,本川越駅（松江町）南古谷駅
ユナイテッドシネマ南古谷,東武バスウエスト（株）,"川越シャトル40系統, 川越シャトル41系統"
東中学校前,（株）グローバル交通,吉-01　吉川駅⇔メディカルマイ線（小松川工業団地経由）
佐知川原,西武バス（株）,大25
堤根,朝日自動車（株）,"越谷駅西口〜荻島小学校〜岩槻駅東口, 越谷駅西口〜荻島小学校〜しらこばと水上公園"
板仏,国際興業（株）,医大11/12/31/32
新宿町一丁目,西武バス（株）,"本55, 【本55】深夜, 新所02"
釣上上組,国際興業（株）,"東川90, 岩11, 岩11-2"
切引川,西武バス（株）,"新都11, 大39, 大40, 大41, 大32, 大33, 大39-1, 大36, 【大36】深夜, 大37, 大35, 大30, 大38, 大31, 大34"
川藤,茨城急行自動車（株）,"吉川駅北口〜松伏高校前〜エローラ, 北越谷駅〜赤岩入口〜吉川駅北口"
豊田町一丁目,西武バス（株）,川越シャトル22系統
総合公園,朝日自動車（株）,"【KS13】越谷駅東口〜越谷市立病院〜総合公園, 【KS14】越谷駅東口〜越谷市立病院〜増林地区センター"
上小町の2,丸建つばさ交通（株）,大宮駅西口循環　大成先回り
高鼻,国際興業（株）,大12/12-2/12-3
東中学校西,（株）グローバル交通,吉-01　吉川駅⇔メディカルマイ線（小松川工業団地経由）
南古谷駅,西武バス（株）,"古01, 本川越駅（松江町）南古谷駅"
南古谷駅,東武バスウエスト（株）,"川越シャトル40系統, 川越シャトル41系統"
広栄町,西武バス（株）,"川越シャトル21系統, 川越シャトル22系統"
中川天神,国際興業（株）,大12/12-2/12-3
豊田町集会所,西武バス（株）,川越シャトル22系統
岸町北,東武バスウエスト（株）,川越シャトル34系統
西山,国際興業（株）,浦08/08-2
桜木四丁目,西武バス（株）,"新都11, 大32, 大33, 大36, 【大36】深夜, 大37, 大35, 大30, 大38, 大31, 大34"
上笹塚二丁目,（株）グローバル交通,吉-01　吉川駅⇔メディカルマイ線（小松川工業団地経由）
川藤第一,（株）ジャパンタローズ,吉川線　吉川駅北口〜川藤第一〜東埼玉テクノポリス北
浦和学院高校,国際興業（株）,"大02, 大02-2"
花田第四公園入口,朝日自動車（株）,"【KS31】越谷駅東口〜花田〜花田小学校前〜越谷駅東口, 【KS32】越谷駅東口〜花田〜花田小学校前〜越谷市立図書館前, 【KS33】越谷駅東口〜花田〜花田小学校前, 【KS34】花田〜花田小学校前〜越谷駅東口, 【MK01】南越谷駅北口〜越谷市立病院前〜花田小学校前〜越谷市立図書館, 【MK03】南越谷駅北口〜越谷市立病院前〜花田小学校前〜越谷駅東口, 【MK04】南越谷駅北口〜越谷市立病院前〜花田第四公園入口"
西後楽会館,イーグルバス（株）,市内循環バス　川越シャトル　（11系統）
かすみ野中央,西武バス（株）,"川越36, 川越35, 新狭11"
花田苑入口,朝日自動車（株）,"【KS31】越谷駅東口〜花田〜花田小学校前〜越谷駅東口, 【KS32】越谷駅東口〜花田〜花田小学校前〜越谷市立図書館前, 【KS33】越谷駅東口〜花田〜花田小学校前, 【KS34】花田〜花田小学校前〜越谷駅東口, 【MK01】南越谷駅北口〜越谷市立病院前〜花田小学校前〜越谷市立図書館, 【MK02】南越谷駅北口〜越谷市立病院前〜花田, 【MK03】南越谷駅北口〜越谷市立病院前〜花田小学校前〜越谷駅東口, 【MK04】南越谷駅北口〜越谷市立病院前〜花田第四公園入口"
駅入口,茨城急行自動車（株）,野田市駅〜中野台・下町〜大沢四丁目〜北越谷駅
北越谷駅東口,朝日自動車（株）,"【KK21】北越谷駅東口〜大里〜弥栄一丁目〜北越谷駅東口, 【KK22】北越谷駅東口〜大里〜弥栄一丁目"
北越谷駅,茨城急行自動車（株）,"野田市駅〜中野台・下町〜大沢四丁目〜北越谷駅, 野田市駅〜中野台〜東大沢橋〜北越谷駅, 北越谷駅〜花田三丁目・赤岩入口〜まつぶし緑の丘公園, 北越谷駅〜赤岩入口・松伏高校前〜エローラ, 北越谷駅〜赤岩入口〜吉川駅北口, 北越谷駅〜さぎたか第二公園〜老人福祉センター, 北越谷駅〜赤岩入口〜大正大学入口, 北越谷駅〜赤岩入口〜東埼玉テクノポリス南, 北越谷駅〜赤岩入口〜松伏給食センターほほえみ"
総合体育館前,（株）グローバル交通,吉-01　吉川駅⇔メディカルマイ線（小松川工業団地経由）
増林地区センター,朝日自動車（株）,【KS14】越谷駅東口〜越谷市立病院〜増林地区センター
豊田町三丁目,西武バス（株）,川越シャトル21系統
金山神社,西武バス（株）,"大31, 水判土〜指扇駅"
上小町,西武バス（株）,"新都11, 大32, 大33, 大36, 【大36】深夜, 大37, 大35, 大30, 大38, 大31, 大34"
新宿町,西武バス（株）,"本53, 本54, 川越61, 川越62"
大宮区役所,東武バスウエスト（株）,"大43, 大都23"
茶畑入口,茨城急行自動車（株）,野田市駅〜中野台・下町〜大沢四丁目〜北越谷駅
庚申前,東武バスウエスト（株）,大43
浦和学院高校入口,国際興業（株）,"浦04-3, 浦90, 浦91, 東浦02, 東浦81, 東川02, 東川81, 大01, 大02, 大02-2, 美80"
総合体育館前,朝日自動車（株）,"【KS12】越谷駅東口〜越谷市立病院〜いきいき館, 【KS13】越谷駅東口〜越谷市立病院〜総合公園, 【KS14】越谷駅東口〜越谷市立病院〜増林地区センター"
総合体育館前,（株）ジャパンタローズ,"南越谷線　系統1, 南越谷線　系統2, 南越谷線　系統3, 越谷レイクタウン線"
久伊豆神社入口,茨城急行自動車（株）,野田市駅〜中野台・下町〜大沢四丁目〜北越谷駅
メディカルマイ,（株）グローバル交通,"吉-01　吉川駅⇔メディカルマイ線（小松川工業団地経由）, 吉美-01　吉川美南駅東口⇔メディカルマイ線（三輪野江経由）"
埼玉スタジアム,国際興業（株）,"J03, J04"
吉敷一丁目,西武バス（株）,大38
西上小町（栃木銀行前）,丸建つばさ交通（株）,"大宮駅西口循環　大成先回り, 大宮駅西口循環　与野本町先回り"
宝乗院下,国際興業（株）,大12/12-2/12-3
平台,さいたま市,見沼区コミュニティバス
団地入口,東武バスウエスト（株）,"岩02・03, 岩05, 新都22, 新高01"
木野下,東武バスウエスト（株）,"岩01, 岩02・03, 岩04"
川越税務署入口,西武バス（株）,古01
川越税務署入口,東武バスウエスト（株）,川越シャトル41系統
岸町中央,東武バスウエスト（株）,川越シャトル34系統
武蔵高萩駅,イーグルバス（株）,"H06・H06-1・H10・H10-1・H10-2・H13　日高・飯能路線, H07・H08・H08-1　日高・飯能路線"
高校入口,東武バスウエスト（株）,大43
豊田町二丁目,西武バス（株）,川越シャトル21系統
西上小町,西武バス（株）,"新都11, 大32, 大33, 大36, 【大36】深夜, 大37, 大35, 大30, 大38, 大31, 大34"
南小学校,東武バスウエスト（株）,大43
吉敷三丁目,東武バスウエスト（株）,大43
上笹塚,（株）グローバル交通,吉-01　吉川駅⇔メディカルマイ線（小松川工業団地経由）
前新田,（株）ジャパンタローズ,吉川線　吉川駅北口〜前新田〜旭公園球場南
市立図書館入口,朝日自動車（株）,"【KS31】越谷駅東口〜花田〜花田小学校前〜越谷駅東口, 【KS32】越谷駅東口〜花田〜花田小学校前〜越谷市立図書館前, 【KS33】越谷駅東口〜花田〜花田小学校前, 【KS34】花田〜花田小学校前〜越谷駅東口, 【MK03】南越谷駅北口〜越谷市立病院前〜花田小学校前〜越谷駅東口"
南上小町,西武バス（株）,"大39, 大40, 大41, 大39-1, 大30"
東越谷十丁目,朝日自動車（株）,"【MK01】南越谷駅北口〜越谷市立病院前〜花田小学校前〜越谷市立図書館, 【MK02】南越谷駅北口〜越谷市立病院前〜花田, 【MK03】南越谷駅北口〜越谷市立病院前〜花田小学校前〜越谷駅東口, 【MK04】南越谷駅北口〜越谷市立病院前〜花田第四公園入口"
中並木,西武バス（株）,"新都11, 大32, 大33, 大36, 【大36】深夜, 大37, 大35, 大30, 大38, 大31, 大34"
霞ヶ関カンツリー倶楽部前,東武バスウエスト（株）,鶴ヶ島03・鶴ヶ島05
市営住宅前（さいたま市）,西武バス（株）,"大31, 水判土〜指扇駅"
永田公園東,東武バスセントラル（株）,"吉05, 美南01"
いきいき館,朝日自動車（株）,【KS12】越谷駅東口〜越谷市立病院〜いきいき館
旭町二丁目（川越市）,西武バス（株）,"本53, 本54, 川越61, 川越62"
中山神社,国際興業（株）,大12/12-2/12-3
大袋集会所,西武バス（株）,川越シャトル23系統
並木公園,西武バス（株）,"大36, 【大36】深夜, 大37, 大35, 大31, 大34"
野田小学校,国際興業（株）,"浦04-3, 浦90, 浦91, 東浦02, 東浦81, 東川02, 東川81, 大01, 美80"
下ヶ坂,国際興業（株）,名栗01/02/飯01/01-2/02/02-2/03/03-2/06
中央中学校前,朝日自動車（株）,"【KS31】越谷駅東口〜花田〜花田小学校前〜越谷駅東口, 【KS32】越谷駅東口〜花田〜花田小学校前〜越谷市立図書館前, 【KS33】越谷駅東口〜花田〜花田小学校前, 【KS34】花田〜花田小学校前〜越谷駅東口, 【MK03】南越谷駅北口〜越谷市立病院前〜花田小学校前〜越谷駅東口"
新川橋,茨城急行自動車（株）,"吉川駅北口〜松伏高校前〜エローラ, 北越谷駅〜赤岩入口〜吉川駅北口"
武蔵高萩駅入口,イーグルバス（株）,"H06・H06-1・H10・H10-1・H10-2・H13　日高・飯能路線, H07・H08・H08-1　日高・飯能路線"
釣上高岡,国際興業（株）,"東川90, 岩11, 岩11-2"
ひばり幼稚園前,丸建つばさ交通（株）,大宮駅西口循環　与野本町先回り
城南中学入口,西武バス（株）,"本55, 【本55】深夜, 新所02"
かすみ野,西武バス（株）,"川越36, 川越35, 新狭11-1, 新狭11"
佐知川,西武バス（株）,"大31, 水判土〜指扇駅"
上山口,国際興業（株）,大12/12-2/12-3
岸町市営住宅前,東武バスウエスト（株）,川越シャトル34系統
越谷消防署前,茨城急行自動車（株）,野田市駅〜中野台・下町〜大沢四丁目〜北越谷駅
あおぞら保育園,丸建つばさ交通（株）,大宮駅西口循環　与野本町先回り
沖郷会館,さいたま市,見沼区コミュニティバス
永田公園,東武バスセントラル（株）,"吉05, 美南01"
三橋二丁目,西武バス（株）,"大36, 【大36】深夜, 大37, 大35, 大31, 大34"
吉川市水道課前,（株）グローバル交通,吉-01　吉川駅⇔メディカルマイ線（小松川工業団地経由）
佐知川東,西武バス（株）,"大31, 水判土〜指扇駅"
烏頭坂,西武バス（株）,"川越シャトル30系統, 川越シャトル31系統, 川越シャトル32系統"
大宮国際中等教育学校,西武バス（株）,"大36, 【大36】深夜, 大37, 大35, 大31, 大34"
富士見ヶ丘,東武バスウエスト（株）,"岩01, 岩02・03, 岩04, 岩05, 新都22, 新高01"
吉敷二丁目,東武バスウエスト（株）,大都23
木野目六角,西武バス（株）,古01
地蔵橋,茨城急行自動車（株）,野田市駅〜中野台・下町〜大沢四丁目〜北越谷駅
慈眼寺,西武バス（株）,"大31, 水判土〜指扇駅"
上小交番,西武バス（株）,"大39, 大40, 大41, 大39-1, 大30"
関新田二丁目,（株）グローバル交通,吉美-01　吉川美南駅東口⇔メディカルマイ線（三輪野江経由）
天理教前,茨城急行自動車（株）,野田市駅〜中野台・下町〜大沢四丁目〜北越谷駅
上落合九丁目,西武バス（株）,大38
四本木,国際興業（株）,医大11/12/31/32
増林,朝日自動車（株）,"【KS12】越谷駅東口〜越谷市立病院〜いきいき館, 【KS13】越谷駅東口〜越谷市立病院〜総合公園, 【KS14】越谷駅東口〜越谷市立病院〜増林地区センター"
柏木橋,国際興業（株）,名栗01/02/飯01/01-2/02/02-2/03/03-2/06
神明下,朝日自動車（株）,"越谷駅西口〜荻島小学校〜岩槻駅東口, 越谷駅西口〜荻島小学校〜しらこばと水上公園"
南古谷病院入口,東武バスウエスト（株）,川越シャトル41系統
霞ヶ関南病院入口,西武バス（株）,"新狭11-1, 新狭11"
城ノ上小学校入口,（株）ジャパンタローズ,"南越谷線　系統1, 南越谷線　系統2, 南越谷線　系統3, 越谷レイクタウン線"
岸町坂下,西武バス（株）,"川越シャトル31系統, 川越シャトル32系統"
大東市民センター,西武バス（株）,川越シャトル23系統
宮前,国際興業（株）,大12/12-2/12-3
市立川越高校前,西武バス（株）,"本53, 本54, 川越61, 川越62"
三橋三丁目北,西武バス（株）,"大30, 大38"
水判土,西武バス（株）,"大41, 大36, 【大36】深夜, 大37, 大35, 大31, 水判土〜指扇駅, 大34"
越ヶ谷高校前,朝日自動車（株）,"【KS31】越谷駅東口〜花田〜花田小学校前〜越谷駅東口, 【KS32】越谷駅東口〜花田〜花田小学校前〜越谷市立図書館前, 【KS33】越谷駅東口〜花田〜花田小学校前, 【KS34】花田〜花田小学校前〜越谷駅東口, 【MK03】南越谷駅北口〜越谷市立病院前〜花田小学校前〜越谷駅東口"
越谷市立図書館前,朝日自動車（株）,"【KS32】越谷駅東口〜花田〜花田小学校前〜越谷市立図書館前, 【MK01】南越谷駅北口〜越谷市立病院前〜花田小学校前〜越谷市立図書館"
釣上中組,国際興業（株）,"東川90, 岩11, 岩11-2"
南台,国際興業（株）,浦08/08-2
大塚新田,西武バス（株）,川越シャトル21系統
岸町二丁目,西武バス（株）,川越シャトル30系統
与野道,国際興業（株）,大12/12-2/12-3
きよみ野東,東武バスセントラル（株）,"吉05, 美南01"
岸町南,東武バスウエスト（株）,川越シャトル34系統
市立川越高校入口,西武バス（株）,"本55, 【本55】深夜, 新所02"
市立みつわ会館前,丸建つばさ交通（株）,大宮駅西口循環　与野本町先回り
円蔵院下,国際興業（株）,大12/12-2/12-3
上落合七丁目,西武バス（株）,大38
埼玉女子短期大学前,イーグルバス（株）,"H06・H06-1・H10・H10-1・H10-2・H13　日高・飯能路線, H07・H08・H08-1　日高・飯能路線"
越谷市立病院前,朝日自動車（株）,"【KS12】越谷駅東口〜越谷市立病院〜いきいき館, 【KS13】越谷駅東口〜越谷市立病院〜総合公園, 【KS14】越谷駅東口〜越谷市立病院〜増林地区センター, 【KS15】越谷駅東口〜越谷市立病院〜越谷レイクタウン駅北口, 【KS16】越谷市立病院〜越谷レイクタウン駅北口, 【MK01】南越谷駅北口〜越谷市立病院前〜花田小学校前〜越谷市立図書館, 【MK02】南越谷駅北口〜越谷市立病院前〜花田, 【MK03】南越谷駅北口〜越谷市立病院前〜花田小学校前〜越谷駅東口, 【MK04】南越谷駅北口〜越谷市立病院前〜花田第四公園入口"
中野田,国際興業（株）,"東川02, 東川81, 大01, 美80"
久伊豆神社前,朝日自動車（株）,"【KS31】越谷駅東口〜花田〜花田小学校前〜越谷駅東口, 【KS32】越谷駅東口〜花田〜花田小学校前〜越谷市立図書館前, 【KS33】越谷駅東口〜花田〜花田小学校前, 【KS34】花田〜花田小学校前〜越谷駅東口, 【MK03】南越谷駅北口〜越谷市立病院前〜花田小学校前〜越谷駅東口"
大沢四丁目,茨城急行自動車（株）,野田市駅〜中野台・下町〜大沢四丁目〜北越谷駅
一の鳥居,東武バスウエスト（株）,大都23
三橋二丁目南,西武バス（株）,"新都11, 大32, 大33"
越谷市立病院（玄関）,朝日自動車（株）,"【KS11】越谷駅東口〜越谷市立病院（玄関）, 【KS12】越谷駅東口〜越谷市立病院〜いきいき館, 【KS13】越谷駅東口〜越谷市立病院〜総合公園, 【KS14】越谷駅東口〜越谷市立病院〜増林地区センター, 【KS15】越谷駅東口〜越谷市立病院〜越谷レイクタウン駅北口, 【KS16】越谷市立病院〜越谷レイクタウン駅北口"
越谷市立病院,（株）ジャパンタローズ,"南越谷線　系統1, 南越谷線　系統2, 南越谷線　系統3"
関新田,（株）グローバル交通,吉美-01　吉川美南駅東口⇔メディカルマイ線（三輪野江経由）
吉川きよみ野,東武バスセントラル（株）,"吉05, 美南01"
砂弁天池,東武バスウエスト（株）,川越シャトル34系統
女影,イーグルバス（株）,"H06・H06-1・H10・H10-1・H10-2・H13　日高・飯能路線, H07・H08・H08-1　日高・飯能路線"
下鹿山,イーグルバス（株）,"H06・H06-1・H10・H10-1・H10-2・H13　日高・飯能路線, H07・H08・H08-1　日高・飯能路線"
並木南町,西武バス（株）,"大30, 大38"
上落合八丁目,西武バス（株）,大38
大沢一丁目,茨城急行自動車（株）,野田市駅〜中野台・下町〜大沢四丁目〜北越谷駅
飯田宿,西武バス（株）,"大36, 【大36】深夜, 大37, 大35, 大34"
かみこ公園,西武バス（株）,"大39, 大40, 大41, 大39-1, 大30"
ヒツ沢,国際興業（株）,名栗01/02/飯01/01-2/02/02-2/03/03-2/06
吉川消防署前,（株）グローバル交通,吉-01　吉川駅⇔メディカルマイ線（小松川工業団地経由）
足立神社,西武バス（株）,"大36, 【大36】深夜, 大37, 大35, 大34"
東邦音楽大学前,西武バス（株）,古01
卸売市場,西武バス（株）,川越シャトル23系統
法務局前,朝日自動車（株）,"【KS15】越谷駅東口〜越谷市立病院〜越谷レイクタウン駅北口, 【KS16】越谷市立病院〜越谷レイクタウン駅北口, 【MK01】南越谷駅北口〜越谷市立病院前〜花田小学校前〜越谷市立図書館, 【MK02】南越谷駅北口〜越谷市立病院前〜花田, 【MK03】南越谷駅北口〜越谷市立病院前〜花田小学校前〜越谷駅東口, 【MK04】南越谷駅北口〜越谷市立病院前〜花田第四公園入口"
法務局前,（株）ジャパンタローズ,越谷レイクタウン線
市役所・おあしす前,東武バスセントラル（株）,"吉05, 吉06"
藤木,東武バスウエスト（株）,川越シャトル41系統
大東中学校入口,西武バス（株）,川越シャトル22系統
川越同仁会病院入口,西武バス（株）,"本55, 【本55】深夜, 新所02"
川野橋,（株）ジャパンタローズ,"吉川線　吉川駅北口〜前新田〜旭公園球場南, 吉川線　吉川駅北口〜川藤第一〜東埼玉テクノポリス北"
三橋3丁目,丸建つばさ交通（株）,大宮駅西口循環　与野本町先回り
西中学校,国際興業（株）,新越11
川野集会所,茨城急行自動車（株）,"吉川駅北口〜松伏高校前〜エローラ, 北越谷駅〜赤岩入口〜吉川駅北口"
旭町（川越市）,西武バス（株）,"本53, 本54, 川越61, 川越62"
三橋四丁目,西武バス（株）,"新都11, 大32, 大33"
高麗川駅,イーグルバス（株）,H07・H08・H08-1　日高・飯能路線
高麗川駅,国際興業（株）,"医大11/12/31/32, 医大11-2/12-2"
かみこ公園南,西武バス（株）,"大39, 大40, 大41, 大39-1, 大38"
神明町二丁目,朝日自動車（株）,"越谷駅西口〜荻島小学校〜岩槻駅東口, 越谷駅西口〜荻島小学校〜しらこばと水上公園"
神明町二丁目,国際興業（株）,新越11
上小小学校,西武バス（株）,大38
吉川市役所,東武バスセントラル（株）,"吉02, 吉06, 美南01"
吉川市役所,（株）グローバル交通,吉-01　吉川駅⇔メディカルマイ線（小松川工業団地経由）
森西川,（株）ジャパンタローズ,越谷レイクタウン線
森河原,国際興業（株）,名栗01/02/飯01/01-2/02/02-2/03/03-2/06
二ツ宮,西武バス（株）,"大36, 【大36】深夜, 大37, 大35, 大34"
上落合7丁目,丸建つばさ交通（株）,大宮駅西口循環　与野本町先回り
南埼玉病院前,（株）ジャパンタローズ,越谷レイクタウン線
フレーシェルきよみ野,東武バスセントラル（株）,"吉05, 吉06"
二ツ宮新道,西武バス（株）,"大36, 【大36】深夜, 大37, 大35, 大34"
岸町三丁目,西武バス（株）,川越シャトル30系統
林西川自治会館前,（株）ジャパンタローズ,越谷レイクタウン線
御道橋,朝日自動車（株）,"【KS31】越谷駅東口〜花田〜花田小学校前〜越谷駅東口, 【KS32】越谷駅東口〜花田〜花田小学校前〜越谷市立図書館前, 【KS33】越谷駅東口〜花田〜花田小学校前, 【KS34】花田〜花田小学校前〜越谷駅東口, 【MK03】南越谷駅北口〜越谷市立病院前〜花田小学校前〜越谷駅東口"
南大塚一丁目,西武バス（株）,川越シャトル21系統
北袋一丁目,東武バスウエスト（株）,新高01
越谷警察前,（株）ジャパンタローズ,"南越谷線　系統1, 南越谷線　系統2, 南越谷線　系統3"
大石橋,国際興業（株）,新越11
越谷警察署前,朝日自動車（株）,"【KS11】越谷駅東口〜越谷市立病院（玄関）, 【KS12】越谷駅東口〜越谷市立病院〜いきいき館, 【KS13】越谷駅東口〜越谷市立病院〜総合公園, 【KS14】越谷駅東口〜越谷市立病院〜増林地区センター, 【KS15】越谷駅東口〜越谷市立病院〜越谷レイクタウン駅北口"
南部領辻,国際興業（株）,"東川02, 東川81, 大01, 美80"
香取神社前,（株）グローバル交通,吉美-01　吉川美南駅東口⇔メディカルマイ線（三輪野江経由）
今泉団地入口,西武バス（株）,古01
南古谷市民センター,東武バスウエスト（株）,川越シャトル41系統
第二越谷保育園前,（株）ジャパンタローズ,越谷レイクタウン線
中井,（株）グローバル交通,吉-01　吉川駅⇔メディカルマイ線（小松川工業団地経由）
越谷東高校入口,（株）ジャパンタローズ,越谷レイクタウン線
高麗川駅前通り,国際興業（株）,医大11/12/31/32
三丁野入口,（株）ジャパンタローズ,越谷レイクタウン線
いずみ高校前,丸建つばさ交通（株）,大宮駅西口循環　与野本町先回り
泉福寺,西武バス（株）,川越シャトル23系統
牛子小学校入口,東武バスウエスト（株）,川越シャトル41系統
総持院,国際興業（株）,"浦04-3, 浦90, 浦91, 東浦02, 東浦81"
三橋三丁目,西武バス（株）,新都11
小出橋,国際興業（株）,名栗01/02/飯01/01-2/02/02-2/03/03-2/06
第一保育所入口,東武バスセントラル（株）,"吉05, 吉06"
不老橋南,西武バス（株）,"川越シャトル31系統, 川越シャトル32系統"
観音寺,西武バス（株）,"大41, 大36"
きよみ野一丁目,東武バスセントラル（株）,美南01
さいたま新都心駅東口,東武バスウエスト（株）,"新都21, 新都22, 新高01, 大都23"
さいたま新都心駅東口,国際興業（株）,北浦50/50-2/50-3/55
西武文理,川越観光自動車（株）,西武文理
住宅前（さいたま市）,西武バス（株）,"大39, 大40, 大41, 大39-1, 大38"
新田,（株）ジャパンタローズ,越谷レイクタウン線
浦和美園駅,国際興業（株）,"浦02, 岩11-3"
東上小町,西武バス（株）,大38
日東町,西武バス（株）,川越シャトル23系統
鹿山,イーグルバス（株）,H07・H08・H08-1　日高・飯能路線
砂,東武バスウエスト（株）,"川越シャトル34系統, 川越シャトル41系統"
運動場前,西武バス（株）,"大37, 大35, 大34"
武蔵野小学校入口,西武バス（株）,"本53, 本54"
南双葉幼稚園,西武バス（株）,"川越61, 川越62"
慈寶院,西武バス（株）,"大32, 大33"
わかば台,東武バスウエスト（株）,川越シャトル41系統
中井一丁目,（株）グローバル交通,吉-01　吉川駅⇔メディカルマイ線（小松川工業団地経由）
神明町一丁目,朝日自動車（株）,"越谷駅西口〜荻島小学校〜岩槻駅東口, 越谷駅西口〜荻島小学校〜しらこばと水上公園"
神明町一丁目,国際興業（株）,新越11
東越谷三丁目,朝日自動車（株）,"【KS11】越谷駅東口〜越谷市立病院（玄関）, 【KS12】越谷駅東口〜越谷市立病院〜いきいき館, 【KS13】越谷駅東口〜越谷市立病院〜総合公園, 【KS14】越谷駅東口〜越谷市立病院〜増林地区センター, 【KS15】越谷駅東口〜越谷市立病院〜越谷レイクタウン駅北口"
東越谷三丁目,（株）ジャパンタローズ,"南越谷線　系統1, 南越谷線　系統2, 南越谷線　系統3"
平方新田入口,（株）グローバル交通,吉美-01　吉川美南駅東口⇔メディカルマイ線（三輪野江経由）
さいたま新都心駅西口,西武バス（株）,新都11
さいたま新都心駅西口,国際興業（株）,北浦04/新都01/01-3/02
川富,茨城急行自動車（株）,"吉川駅北口〜松伏高校前〜エローラ, 北越谷駅〜赤岩入口〜吉川駅北口"
ネオポリス北,東武バスセントラル（株）,"吉02, 吉06"
新堀,国際興業（株）,新越11
与野第一ホテル前,丸建つばさ交通（株）,大宮駅西口循環　与野本町先回り
浦和美園駅西口,国際興業（株）,"大01, 美01, 美80"
きよみ野第2公園,東武バスセントラル（株）,美南01
越谷東中学校前,朝日自動車（株）,"【KS15】越谷駅東口〜越谷市立病院〜越谷レイクタウン駅北口, 【KS16】越谷市立病院〜越谷レイクタウン駅北口, 【MK01】南越谷駅北口〜越谷市立病院前〜花田小学校前〜越谷市立図書館, 【MK02】南越谷駅北口〜越谷市立病院前〜花田, 【MK03】南越谷駅北口〜越谷市立病院前〜花田小学校前〜越谷駅東口, 【MK04】南越谷駅北口〜越谷市立病院前〜花田第四公園入口"
中郷（さいたま市）,西武バス（株）,大36
西新井,国際興業（株）,新越11
大宮光陵高校,西武バス（株）,"大41, 大36"
武蔵野小学校,西武バス（株）,"川越61, 川越62"
柏原北,西武バス（株）,"新狭11-1, 新狭11"
吉川団地北,東武バスセントラル（株）,"吉05, 吉06"
山中橋,東武バスウエスト（株）,"岩01, 岩02・03, 岩04, 岩05, 新都22, 新高01"
新都心バスターミナル前,東武バスウエスト（株）,"新都21, 新都22, 大都23"
上落合公園前,丸建つばさ交通（株）,大宮駅西口循環　与野本町先回り
旭橋東,東武バスウエスト（株）,川越シャトル41系統
釣上,国際興業（株）,"東川90, 新越11, 岩11, 岩11-2"
幼稚園前（吉川）,東武バスセントラル（株）,美南01
砂東,東武バスウエスト（株）,川越シャトル41系統
関新田入口,（株）グローバル交通,吉-01　吉川駅⇔メディカルマイ線（小松川工業団地経由）
今泉,東武バスウエスト（株）,川越シャトル41系統
北与野駅入口,西武バス（株）,新都11
北与野駅入口,国際興業（株）,北浦04/新都01/01-3/02
円阿弥五丁目,西武バス（株）,新都11
関橋,（株）ジャパンタローズ,"吉川線　吉川駅北口〜前新田〜旭公園球場南, 吉川線　吉川駅北口〜川藤第一〜東埼玉テクノポリス北"
四都野台南,西武バス（株）,"川越61, 川越62"
旭橋西,東武バスウエスト（株）,川越シャトル41系統
大宮警察南,東武バスウエスト（株）,"新都21, 新都22, 大都23"
側ヶ谷戸,西武バス（株）,"大32, 大33"
きよみ野二丁目,東武バスセントラル（株）,美南01
高麗川団地第二折返場,イーグルバス（株）,"H06・H06-1・H10・H10-1・H10-2・H13　日高・飯能路線, H07・H08・H08-1　日高・飯能路線"
三菱マテリアル前,東武バスウエスト（株）,"新都21, 新都22, 大都23"
宮本小学校入口,朝日自動車（株）,"越谷駅西口〜荻島小学校〜岩槻駅東口, 越谷駅西口〜荻島小学校〜しらこばと水上公園"
宮本小学校入口,国際興業（株）,新越11
浦和大学入口,国際興業（株）,"東川02, 東川81, 大01, 美80"
八幡通り,西武バス（株）,新都11
八幡通り,国際興業（株）,北浦04/新都01/01-3/02
こま川団地2-10前,イーグルバス（株）,"H06・H06-1・H10・H10-1・H10-2・H13　日高・飯能路線, H07・H08・H08-1　日高・飯能路線"
大袋新田,西武バス（株）,"川越シャトル21系統, 川越シャトル22系統, 川越シャトル23系統"
吉屋,（株）グローバル交通,吉美-01　吉川美南駅東口⇔メディカルマイ線（三輪野江経由）
砂新田一丁目,西武バス（株）,"川越シャトル30系統, 川越シャトル33系統"
中井三丁目北,（株）グローバル交通,吉-01　吉川駅⇔メディカルマイ線（小松川工業団地経由）
吉川団地東,東武バスセントラル（株）,"吉05, 吉06, 美南01"
サイボク,西武バス（株）,"狭山21-1, 狭山21"
サイボク,東武バスウエスト（株）,鶴ヶ島03・鶴ヶ島05
八雲神社,西武バス（株）,"本55, 【本55】深夜, 新所02"
砂新田上,西武バス（株）,"川越シャトル31系統, 川越シャトル32系統"
東越谷二丁目,（株）ジャパンタローズ,"南越谷線　系統1, 南越谷線　系統2, 南越谷線　系統3"
越ヶ谷小学校前,朝日自動車（株）,"【KS31】越谷駅東口〜花田〜花田小学校前〜越谷駅東口, 【KS32】越谷駅東口〜花田〜花田小学校前〜越谷市立図書館前, 【KS33】越谷駅東口〜花田〜花田小学校前, 【KS34】花田〜花田小学校前〜越谷駅東口, 【MK03】南越谷駅北口〜越谷市立病院前〜花田小学校前〜越谷駅東口, 越谷駅西口〜荻島小学校〜岩槻駅東口, 越谷駅西口〜荻島小学校〜しらこばと水上公園"
越ヶ谷小学校前,国際興業（株）,新越11
さくら堤団地,東武バスウエスト（株）,川越シャトル41系統
さくら堤団地,西武バス（株）,古01
上木崎,東武バスウエスト（株）,"新都21, 新都22, 大都23"
新河岸駅東口,東武バスウエスト（株）,"川越シャトル34系統, 川越シャトル41系統"
ハローワーク越谷,朝日自動車（株）,"【KS11】越谷駅東口〜越谷市立病院（玄関）, 【KS12】越谷駅東口〜越谷市立病院〜いきいき館, 【KS13】越谷駅東口〜越谷市立病院〜総合公園, 【KS14】越谷駅東口〜越谷市立病院〜増林地区センター, 【KS15】越谷駅東口〜越谷市立病院〜越谷レイクタウン駅北口"
増形,西武バス（株）,川越シャトル23系統
名栗車庫,国際興業（株）,名栗01/02/飯01/01-2/02/02-2/03/03-2/06
東山公園,西武バス（株）,"川越61, 川越62"
吉川ネオポリス,東武バスセントラル（株）,"吉02, 吉06"
治水橋堤防,西武バス（株）,"大37, 大35, 大34"
猿田,国際興業（株）,医大11/12/31/32
イオン浦和美園ショッピングセンター,国際興業（株）,"浦02, 岩11-3"
吉川団地,東武バスセントラル（株）,"吉05, 吉06, 美南01"
与野霧敷川,西武バス（株）,新都11
与野霧敷川,国際興業（株）,北浦04/新都01/01-3/02
中野林,西武バス（株）,大36
与野本町西5丁目,丸建つばさ交通（株）,大宮駅西口循環　与野本町先回り
北与野駅,西武バス（株）,新都11
北与野駅,国際興業（株）,北浦04/新都01/01-3/02
氷川神社前,西武バス（株）,"大39, 大40, 大41, 大39-1"
新河岸駅西口,西武バス（株）,"川越シャトル30系統, 川越シャトル31系統, 川越シャトル32系統, 川越シャトル33系統"
吉川市保健センター入口,茨城急行自動車（株）,"吉川駅北口〜松伏高校前〜エローラ, 北越谷駅〜赤岩入口〜吉川駅北口"
八瀬の里入口,西武バス（株）,川越シャトル23系統
植田谷,西武バス（株）,"大41, 大36"
宮本町一丁目,朝日自動車（株）,"越谷駅西口〜荻島小学校〜岩槻駅東口, 越谷駅西口〜荻島小学校〜しらこばと水上公園"
宮本町一丁目,国際興業（株）,新越11
宮本町二丁目,朝日自動車（株）,"越谷駅西口〜荻島小学校〜岩槻駅東口, 越谷駅西口〜荻島小学校〜しらこばと水上公園"
宮本町二丁目,国際興業（株）,新越11
三橋四丁目南,西武バス（株）,"大32, 大33"
中井三丁目,（株）グローバル交通,吉-01　吉川駅⇔メディカルマイ線（小松川工業団地経由）
ニュータウン北（狭山市）,西武バス（株）,"新狭11-1, 新狭11"
市立病院,国際興業（株）,"浦04-2/04-2H, 浦08/08-2, 東浦01/01H"
さいたま市立病院,東武バスウエスト（株）,"浦31, 新都21, 大都23"
中台橋,西武バス（株）,"本53, 本54"
児童センター入口,丸建つばさ交通（株）,大宮駅西口循環　与野本町先回り
日枝神社,西武バス（株）,新都11
鹿見塚,東武バスセントラル（株）,"吉09, 三13, 三15"
鹿見塚,（株）グローバル交通,吉美-02　吉川美南駅東口⇔吉川駅北口（鹿見塚・なまずの里公園経由）
山崎,東武バスウエスト（株）,"岩01, 岩02・03, 岩04, 岩05, 新都21, 新都22, 大都23"
小村田,西武バス（株）,新都11
小村田,国際興業（株）,北浦04/新都01/01-3/02
こま川団地1-38前,イーグルバス（株）,"H06・H06-1・H10・H10-1・H10-2・H13　日高・飯能路線, H07・H08・H08-1　日高・飯能路線"
越谷誠和病院前,（株）ジャパンタローズ,越谷線
赤山町1丁目,（株）ジャパンタローズ,越谷線
野台団地西,国際興業（株）,"浦02, 岩11-3"
皿沼一丁目入口,（株）グローバル交通,"吉-01　吉川駅⇔メディカルマイ線（小松川工業団地経由）, 吉美-02　吉川美南駅東口⇔吉川駅北口（鹿見塚・なまずの里公園経由）"
玄蕃新田,国際興業（株）,"東川02, 東川81, 大01, 美80"
南大塚駅北口,西武バス（株）,"川越シャトル21系統, 川越シャトル22系統, 川越シャトル23系統"
大相模不動尊,朝日自動車（株）,"【KS15】越谷駅東口〜越谷市立病院〜越谷レイクタウン駅北口, 【KS16】越谷市立病院〜越谷レイクタウン駅北口, 【MK01】南越谷駅北口〜越谷市立病院前〜花田小学校前〜越谷市立図書館, 【MK02】南越谷駅北口〜越谷市立病院前〜花田, 【MK03】南越谷駅北口〜越谷市立病院前〜花田小学校前〜越谷駅東口, 【MK04】南越谷駅北口〜越谷市立病院前〜花田第四公園入口"
越谷市役所前,朝日自動車（株）,"【KS11】越谷駅東口〜越谷市立病院（玄関）, 【KS12】越谷駅東口〜越谷市立病院〜いきいき館, 【KS13】越谷駅東口〜越谷市立病院〜総合公園, 【KS14】越谷駅東口〜越谷市立病院〜増林地区センター, 【KS15】越谷駅東口〜越谷市立病院〜越谷レイクタウン駅北口"
南大塚東,西武バス（株）,"川越61, 川越62"
柏苑,西武バス（株）,"狭山21-1, 狭山21"
三条町,西武バス（株）,"大41, 大36"
神明町3丁目,（株）ジャパンタローズ,越谷線
武蔵野総合病院,西武バス（株）,"川越シャトル21系統, 川越シャトル22系統, 川越シャトル23系統"
宮本二丁目,国際興業（株）,"浦04-3, 浦90, 浦91, 東浦02, 東浦81"
吉屋入口,東武バスセントラル（株）,"吉09, 三13, 三15"
吉屋入口,（株）グローバル交通,吉美-02　吉川美南駅東口⇔吉川駅北口（鹿見塚・なまずの里公園経由）
こま川団地1-30前,イーグルバス（株）,H06・H06-1・H10・H10-1・H10-2・H13　日高・飯能路線
イオンモール与野,西武バス（株）,"新都11, 大39, 大40, 大41, 大39-1"
イオンモール与野,国際興業（株）,北浦04/新都01/01-3/02
砂新田二丁目,西武バス（株）,"川越シャトル30系統, 川越シャトル33系統"
イオンモール与野前,丸建つばさ交通（株）,大宮駅西口循環　与野本町先回り
浦和大学,国際興業（株）,美01
平成園前,東武バスセントラル（株）,吉09
大相模保育所入口,朝日自動車（株）,"【KS15】越谷駅東口〜越谷市立病院〜越谷レイクタウン駅北口, 【KS16】越谷市立病院〜越谷レイクタウン駅北口, 【KS21】越谷駅東口〜藤塚〜越谷レイクタウン駅北口, 【KS22】越谷駅東口〜藤塚〜吉川駅北口, 【KS23】越谷駅東口〜藤塚〜レイクタウンMORI入口"
大門上,国際興業（株）,"東川02, 東川81, 美01"
総合福祉センター,国際興業（株）,医大11/12/31/32
大相模消防署前,朝日自動車（株）,"【KS15】越谷駅東口〜越谷市立病院〜越谷レイクタウン駅北口, 【KS16】越谷市立病院〜越谷レイクタウン駅北口, 【KS21】越谷駅東口〜藤塚〜越谷レイクタウン駅北口, 【KS22】越谷駅東口〜藤塚〜吉川駅北口, 【KS23】越谷駅東口〜藤塚〜レイクタウンMORI入口"
北宿,東武バスウエスト（株）,"浦31, 新都21, 大都23"
北宿,国際興業（株）,"浦04-2/04-2H, 浦08/08-2, 東浦01/01H"
宮三ふれあい公園入口,（株）ジャパンタローズ,越谷線
小畦橋,イーグルバス（株）,"H06・H06-1・H10・H10-1・H10-2・H13　日高・飯能路線, H07・H08・H08-1　日高・飯能路線"
新石一丁目,朝日自動車（株）,"【KS11】越谷駅東口〜越谷市立病院（玄関）, 【KS12】越谷駅東口〜越谷市立病院〜いきいき館, 【KS13】越谷駅東口〜越谷市立病院〜総合公園, 【KS14】越谷駅東口〜越谷市立病院〜増林地区センター, 【KS15】越谷駅東口〜越谷市立病院〜越谷レイクタウン駅北口, 【KS21】越谷駅東口〜藤塚〜越谷レイクタウン駅北口, 【KS22】越谷駅東口〜藤塚〜吉川駅北口, 【KS23】越谷駅東口〜藤塚〜レイクタウンMORI入口"
高麗川団地中央,イーグルバス（株）,"H06・H06-1・H10・H10-1・H10-2・H13　日高・飯能路線, H07・H08・H08-1　日高・飯能路線"
藤橋【電建住宅入口】,西武バス（株）,"大32, 大33"
山城,西武バス（株）,川越シャトル23系統
不動前,朝日自動車（株）,"【KS21】越谷駅東口〜藤塚〜越谷レイクタウン駅北口, 【KS22】越谷駅東口〜藤塚〜吉川駅北口, 【KS23】越谷駅東口〜藤塚〜レイクタウンMORI入口"
大相模小学校入口,朝日自動車（株）,"【KS15】越谷駅東口〜越谷市立病院〜越谷レイクタウン駅北口, 【KS16】越谷市立病院〜越谷レイクタウン駅北口, 【KS21】越谷駅東口〜藤塚〜越谷レイクタウン駅北口, 【KS22】越谷駅東口〜藤塚〜吉川駅北口, 【KS23】越谷駅東口〜藤塚〜レイクタウンMORI入口"
こま川団地1-22前,イーグルバス（株）,H07・H08・H08-1　日高・飯能路線
今福武蔵野第1公園,西武バス（株）,川越シャトル33系統
南大塚駅南口,西武バス（株）,"川越61, 川越62"
西武柏原ニュータウン,西武バス（株）,"深夜, 狭山24-1, 狭山24, 新狭11-1, 新狭11-2, 新狭11"
西武柏原ニュータウン,狭山市,市内循環バス「茶の花号」奥富・狭山コース
ルネサンス吉川入口,東武バスセントラル（株）,"吉05, 吉06"
ルネサンス吉川入口,茨城急行自動車（株）,"吉川駅北口〜松伏高校前〜エローラ, 北越谷駅〜赤岩入口〜吉川駅北口"
集会所前（吉川市）,東武バスセントラル（株）,"吉02, 吉06"
市立病院南,国際興業（株）,"浦04-2/04-2H, 東浦01/01H"
中央市民会館前,朝日自動車（株）,"【KS21】越谷駅東口〜藤塚〜越谷レイクタウン駅北口, 【KS22】越谷駅東口〜藤塚〜吉川駅北口, 【KS23】越谷駅東口〜藤塚〜レイクタウンMORI入口"
朝日坂上,国際興業（株）,"浦04-3, 浦90, 浦91, 東浦02, 東浦81"
学校入口,西武バス（株）,古01
馬場折返場,国際興業（株）,"浦04-2/04-2H, 東浦01/01H"
砂新田,西武バス（株）,"川越シャトル30系統, 川越シャトル33系統"
浄音寺前,朝日自動車（株）,"【KS15】越谷駅東口〜越谷市立病院〜越谷レイクタウン駅北口, 【KS16】越谷市立病院〜越谷レイクタウン駅北口, 【KS21】越谷駅東口〜藤塚〜越谷レイクタウン駅北口, 【KS22】越谷駅東口〜藤塚〜吉川駅北口, 【KS23】越谷駅東口〜藤塚〜レイクタウンMORI入口"
中島一丁目入口,東武バスセントラル（株）,"吉09, 三13, 三15"
中島一丁目入口,（株）グローバル交通,"吉-01　吉川駅⇔メディカルマイ線（小松川工業団地経由）, 吉美-02　吉川美南駅東口⇔吉川駅北口（鹿見塚・なまずの里公園経由）"
越谷駅東口,朝日自動車（株）,"【KS11】越谷駅東口〜越谷市立病院（玄関）, 【KS12】越谷駅東口〜越谷市立病院〜いきいき館, 【KS13】越谷駅東口〜越谷市立病院〜総合公園, 【KS14】越谷駅東口〜越谷市立病院〜増林地区センター, 【KS15】越谷駅東口〜越谷市立病院〜越谷レイクタウン駅北口, 【KS21】越谷駅東口〜藤塚〜越谷レイクタウン駅北口, 【KS22】越谷駅東口〜藤塚〜吉川駅北口, 【KS23】越谷駅東口〜藤塚〜レイクタウンMORI入口, 【KS31】越谷駅東口〜花田〜花田小学校前〜越谷駅東口, 【KS32】越谷駅東口〜花田〜花田小学校前〜越谷市立図書館前, 【KS33】越谷駅東口〜花田〜花田小学校前, 【KS34】花田〜花田小学校前〜越谷駅東口, 【MK03】南越谷駅北口〜越谷市立病院前〜花田小学校前〜越谷駅東口"
加藤,（株）グローバル交通,吉美-01　吉川美南駅東口⇔メディカルマイ線（三輪野江経由）
今福武蔵野,西武バス（株）,"本53, 本54"
楡木,国際興業（株）,医大11/12/31/32
第一公民館,西武バス（株）,"新狭11-1, 新狭11"
木崎,東武バスウエスト（株）,"新都21, 新都22, 大都23"
公園入口,朝日自動車（株）,"【KS22】越谷駅東口〜藤塚〜吉川駅北口, 【KS23】越谷駅東口〜藤塚〜レイクタウンMORI入口"
相模町三丁目,朝日自動車（株）,"【MK01】南越谷駅北口〜越谷市立病院前〜花田小学校前〜越谷市立図書館, 【MK02】南越谷駅北口〜越谷市立病院前〜花田, 【MK03】南越谷駅北口〜越谷市立病院前〜花田小学校前〜越谷駅東口, 【MK04】南越谷駅北口〜越谷市立病院前〜花田第四公園入口"
フレンドパーク入口,（株）グローバル交通,"吉-01　吉川駅⇔メディカルマイ線（小松川工業団地経由）, 吉美-02　吉川美南駅東口⇔吉川駅北口（鹿見塚・なまずの里公園経由）"
越谷駅西口,朝日自動車（株）,"越谷駅西口〜荻島小学校〜岩槻駅東口, 越谷駅西口〜荻島小学校〜しらこばと水上公園"
越谷駅西口,国際興業（株）,新越11
越谷駅西口,（株）ジャパンタローズ,越谷線
木崎三丁目,東武バスウエスト（株）,"新都21, 新都22, 大都23"
西高前,東武バスウエスト（株）,"新都21, 新都22, 大都23"
円阿弥,西武バス（株）,"新都11, 大39, 大40, 大41, 大39-1"
円阿弥,国際興業（株）,北浦04/新都01/01-3/02
六部堂,西武バス（株）,"大32, 大33"
第3分団前,山手ケアサービス（株）,ふじみん号Aコース
加藤上,東武バスセントラル（株）,"吉09, 三13, 三15"
加藤上,（株）グローバル交通,吉美-02　吉川美南駅東口⇔吉川駅北口（鹿見塚・なまずの里公園経由）
藤塚,朝日自動車（株）,"【KS21】越谷駅東口〜藤塚〜越谷レイクタウン駅北口, 【KS22】越谷駅東口〜藤塚〜吉川駅北口, 【KS23】越谷駅東口〜藤塚〜レイクタウンMORI入口"
瓦曽根一丁目,朝日自動車（株）,"【KS21】越谷駅東口〜藤塚〜越谷レイクタウン駅北口, 【KS22】越谷駅東口〜藤塚〜吉川駅北口, 【KS23】越谷駅東口〜藤塚〜レイクタウンMORI入口"
栄町,（株）グローバル交通,"吉-01　吉川駅⇔メディカルマイ線（小松川工業団地経由）, 吉美-02　吉川美南駅東口⇔吉川駅北口（鹿見塚・なまずの里公園経由）"
宮前,東武バスセントラル（株）,吉09
畷橋,国際興業（株）,"東川90, 新越11, 岩11, 岩11-2"
中井橋,東武バスセントラル（株）,"吉09, 三13, 三15"
バイパス大崎,国際興業（株）,美01
栗坪,国際興業（株）,医大11/12/31/32
大田街道,西武バス（株）,"川越61, 川越62"
机,国際興業（株）,名栗01/02/飯01/01-2/02/02-2/03/03-2/06
小松川入口,東武バスセントラル（株）,"吉09, 三13, 三15"
小松川入口,（株）グローバル交通,"吉-02　小松川工業団地循環線（吉川市内循環線）, 吉美-02　吉川美南駅東口⇔吉川駅北口（鹿見塚・なまずの里公園経由）"
高麗川団地第一折返場,イーグルバス（株）,"H06・H06-1・H10・H10-1・H10-2・H13　日高・飯能路線, H07・H08・H08-1　日高・飯能路線"
大宮南高校,西武バス（株）,"大40, 大41, 大33"
さくら橋,東武バスセントラル（株）,美南01
さくら橋,（株）ジャパンタローズ,"吉川線　吉川駅北口〜前新田〜旭公園球場南, 吉川線　吉川駅北口〜川藤第一〜東埼玉テクノポリス北"
大東南公民館,西武バス（株）,"川越61, 川越62"
南台一丁目,西武バス（株）,本54
中木崎,東武バスウエスト（株）,"新都21, 新都22, 大都23"
赤山町2丁目,（株）ジャパンタローズ,越谷線
いるまがわ大橋,西武バス（株）,"深夜, 狭山24-1, 狭山24, 新狭11-1, 新狭11-2, 新狭11"
いるまがわ大橋,狭山市,市内循環バス「茶の花号」奥富・狭山コース
こま川団地1-5前,イーグルバス（株）,H06・H06-1・H10・H10-1・H10-2・H13　日高・飯能路線
ネオポリス入口,東武バスセントラル（株）,"吉02, 吉06, 吉09, 三13, 三15"
川崎橋,山手ケアサービス（株）,ふじみん号Aコース
幸町入口,朝日自動車（株）,"【KS22】越谷駅東口〜藤塚〜吉川駅北口, 【KS23】越谷駅東口〜藤塚〜レイクタウンMORI入口"
大成橋南,（株）ジャパンタローズ,越谷レイクタウン線
与野上町,国際興業（株）,与本04/05
つつじヶ丘住宅入口,西武バス（株）,"本53, 本54"
谷中町3丁目,（株）ジャパンタローズ,越谷線
本町西四丁目,国際興業（株）,与本04/05
上木崎公民館,東武バスウエスト（株）,"新都21, 新都22, 大都23"
ウイングシティ南,国際興業（株）,"浦02, 岩11-3"
砂久保橋,西武バス（株）,川越シャトル33系統
三室中学校,国際興業（株）,"浦04-2/04-2H, 東浦01/01H"
工業団地北,（株）グローバル交通,"吉-01　吉川駅⇔メディカルマイ線（小松川工業団地経由）, 吉-02　小松川工業団地循環線（吉川市内循環線）"
平沼郵便局前,東武バスセントラル（株）,"吉02, 吉06, 吉09, 三13, 三15"
八条用水,朝日自動車（株）,"【KS21】越谷駅東口〜藤塚〜越谷レイクタウン駅北口, 【KS22】越谷駅東口〜藤塚〜吉川駅北口, 【KS23】越谷駅東口〜藤塚〜レイクタウンMORI入口"
宮本一丁目,国際興業（株）,"浦04-3, 浦90, 浦91, 東浦02, 東浦81"
東上宿,西武バス（株）,"狭山21-1, 狭山21"
中沢,国際興業（株）,"飯04, 学04, 原市場01/02"
新栄入口,（株）グローバル交通,"吉-02　小松川工業団地循環線（吉川市内循環線）, 吉美-02　吉川美南駅東口⇔吉川駅北口（鹿見塚・なまずの里公園経由）"
サービスセンター,東武バスセントラル（株）,"吉09, 三13, 三15"
サービスセンター,（株）グローバル交通,吉美-02　吉川美南駅東口⇔吉川駅北口（鹿見塚・なまずの里公園経由）
今福,西武バス（株）,"本55, 【本55】深夜, 新所02"
高階分署,西武バス（株）,"川越シャトル30系統, 川越シャトル31系統, 川越シャトル33系統"
三条町東,西武バス（株）,"大40, 大41, 大33"
防衛庁第一公園,山手ケアサービス（株）,ふじみん号Aコース
浦和西高校入口,国際興業（株）,北浦50/50-2/50-3/55
栄町,東武バスセントラル（株）,"吉02, 吉06, 吉09, 三13, 三15"
東下木崎,東武バスウエスト（株）,"岩01, 岩02・03, 岩04, 岩05, 新都21, 新都22, 大都23"
浅間神社,西武バス（株）,"大39, 大40, 大41, 大39-1"
浅間神社,国際興業（株）,北浦04/新都01/01-3/02
高麗支所,国際興業（株）,医大11/12/31/32
藤倉,西武バス（株）,川越シャトル23系統
上木崎四丁目,国際興業（株）,北浦50/50-2/50-3/55
加茂川団地,西武バス（株）,"大39, 大40, 大41, 大32, 大33, 北浦15, 【北浦15】深夜"
氷川神社,西武バス（株）,川越シャトル23系統
高麗小学校,国際興業（株）,医大11/12/31/32
レイクタウンMORI入口,朝日自動車（株）,"【KS22】越谷駅東口〜藤塚〜吉川駅北口, 【KS23】越谷駅東口〜藤塚〜レイクタウンMORI入口"
砂新田四丁目,西武バス（株）,川越シャトル33系統
JR社員寮前,東武バスウエスト（株）,"浦31, 新都21, 大都23"
南中学校入口（吉川市）,東武バスセントラル（株）,"吉02, 吉06, 吉09, 三13, 三15"
きたずみ内科クリニック前,（株）ジャパンタローズ,越谷線
巾着田,国際興業（株）,医大11/12/31/32
上鹿山,イーグルバス（株）,H06・H06-1・H10・H10-1・H10-2・H13　日高・飯能路線
大相模中学校,朝日自動車（株）,"【MK01】南越谷駅北口〜越谷市立病院前〜花田小学校前〜越谷市立図書館, 【MK02】南越谷駅北口〜越谷市立病院前〜花田, 【MK03】南越谷駅北口〜越谷市立病院前〜花田小学校前〜越谷駅東口, 【MK04】南越谷駅北口〜越谷市立病院前〜花田第四公園入口"
中鹿山,イーグルバス（株）,"H06・H06-1・H10・H10-1・H10-2・H13　日高・飯能路線, H07・H08・H08-1　日高・飯能路線"
電建北通り,国際興業（株）,"北浦04/新都01/01-3/02, 与本04/05"
砂久保いなり団地,西武バス（株）,川越シャトル33系統
与野駅東口,国際興業（株）,北浦50/50-2/50-3/55
大門,国際興業（株）,"浦01, 浦02, 東川02, 東川80, 東川81"
谷中町4丁目,（株）ジャパンタローズ,越谷線
吉川上町,朝日自動車（株）,【KS22】越谷駅東口〜藤塚〜吉川駅北口
野尻,朝日自動車（株）,【KS22】越谷駅東口〜藤塚〜吉川駅北口
野尻,東武バスセントラル（株）,"吉05, 吉06"
野尻,茨城急行自動車（株）,"吉川駅北口〜松伏高校前〜エローラ, 北越谷駅〜赤岩入口〜吉川駅北口"
城北埼玉中学・高等学校,西武バス（株）,古01
吉川車庫,東武バスセントラル（株）,"吉02, 吉06, 吉07, 吉09, 三13, 三15"
馬宮団地,西武バス（株）,"大37, 大35"
大門坂下,国際興業（株）,"東川90, 新越11, 岩11, 岩11-2"
吉川橋,朝日自動車（株）,【KS22】越谷駅東口〜藤塚〜吉川駅北口
松ノ木,国際興業（株）,"浦04-2/04-2H, 東浦01/01H"
川越営業所,西武バス（株）,"本54, 新狭01-1"
本町中央,国際興業（株）,与本04/05
白鍬電建住宅,国際興業（株）,"北浦04/新都01/01-3/02, 与本04/05"
越谷西特別支援学校入口,（株）ジャパンタローズ,越谷線
稲荷神社,西武バス（株）,川越シャトル33系統
高階市民センター,西武バス（株）,"川越シャトル30系統, 川越シャトル31系統, 川越シャトル33系統"
三輪野江小学校前,（株）グローバル交通,"吉美-01　吉川美南駅東口⇔メディカルマイ線（三輪野江経由）, 吉美-02　吉川美南駅東口⇔吉川駅北口（鹿見塚・なまずの里公園経由）"
東光院前,西武バス（株）,"大40, 大41, 大33"
与野仲町,国際興業（株）,与本04/05
柏原東,西武バス（株）,"深夜, 狭山24-1, 狭山24"
県民健康福祉村,（株）ジャパンタローズ,越谷線
木崎診療所,東武バスウエスト（株）,"岩01, 岩02・03, 岩04, 岩05"
川崎,山手ケアサービス（株）,ふじみん号Aコース
飯田新田,西武バス（株）,"大37, 大35, 大34"
西方小学校入口,（株）ジャパンタローズ,"南越谷線　系統1, 南越谷線　系統2, 南越谷線　系統3"
三輪之江小学校前,東武バスセントラル（株）,"三13, 三15"
田中,国際興業（株）,"飯04, 学04, 原市場01/02"
上宿,西武バス（株）,"狭山21-1, 狭山21"
赤山交流館入口,（株）ジャパンタローズ,越谷線
越谷総合技術高校前,（株）ジャパンタローズ,越谷線
大成町二丁目,朝日自動車（株）,"【KS15】越谷駅東口〜越谷市立病院〜越谷レイクタウン駅北口, 【KS16】越谷市立病院〜越谷レイクタウン駅北口, 【KS21】越谷駅東口〜藤塚〜越谷レイクタウン駅北口"
前田,西武バス（株）,"新狭11-1, 新狭11-2, 新狭11"
埼友クリニック,朝日自動車（株）,"【MK01】南越谷駅北口〜越谷市立病院前〜花田小学校前〜越谷市立図書館, 【MK02】南越谷駅北口〜越谷市立病院前〜花田, 【MK03】南越谷駅北口〜越谷市立病院前〜花田小学校前〜越谷駅東口, 【MK04】南越谷駅北口〜越谷市立病院前〜花田第四公園入口"
中野三区,（株）グローバル交通,"吉-02　小松川工業団地循環線（吉川市内循環線）, 吉美-02　吉川美南駅東口⇔吉川駅北口（鹿見塚・なまずの里公園経由）"
工業団地東,西武バス（株）,本54
工業団地中央,（株）グローバル交通,"吉-01　吉川駅⇔メディカルマイ線（小松川工業団地経由）, 吉-02　小松川工業団地循環線（吉川市内循環線）"
今福中台,西武バス（株）,"本53, 本54"
JA埼玉三室前,東武バスウエスト（株）,"浦31, 新都21, 大都23"
JA埼玉三室前,国際興業（株）,浦08/08-2
寺尾折り返し場,西武バス（株）,川越シャトル33系統
十全病院,国際興業（株）,新越11
南台,西武バス（株）,川越62
美園郵便局,国際興業（株）,"浦01, 浦02, 東川02, 東川80, 東川81"
松ノ木東公園,国際興業（株）,"浦04-2/04-2H, 浦04-3, 浦90, 浦91, 東浦01/01H, 東浦02, 東浦81"
平沼ふれあい公園,川口市,戸塚・安行循環
三ツ又,西武バス（株）,"大39, 大40, 大41, 大39-1"
三ツ又,国際興業（株）,"北浦04/新都01/01-3/02, 与本04/05"
なまずの里公園,（株）グローバル交通,"吉-02　小松川工業団地循環線（吉川市内循環線）, 吉美-02　吉川美南駅東口⇔吉川駅北口（鹿見塚・なまずの里公園経由）"
加茂川団地入口,西武バス（株）,"大39, 大40, 大41, 北浦15, 【北浦15】深夜"
小殿,国際興業（株）,名栗01/02/飯01/01-2/02/02-2/03/03-2/06
新道橋,東武バスセントラル（株）,美南01
新道橋,（株）ジャパンタローズ,"吉川線　吉川駅北口〜前新田〜旭公園球場南, 吉川線　吉川駅北口〜川藤第一〜東埼玉テクノポリス北"
皇山道,東武バスウエスト（株）,"岩01, 岩02・03, 岩04, 岩05"
上木崎,国際興業（株）,北浦50/50-2/50-3/55
保四区,（株）グローバル交通,"吉-02　小松川工業団地循環線（吉川市内循環線）, 吉美-02　吉川美南駅東口⇔吉川駅北口（鹿見塚・なまずの里公園経由）"
工業団地南,（株）グローバル交通,"吉-01　吉川駅⇔メディカルマイ線（小松川工業団地経由）, 吉-02　小松川工業団地循環線（吉川市内循環線）"
さいたま市民医療センター入口,西武バス（株）,"大39, 大40, 大41, 大39-1"
市民医療センター入口,さいたま市,桜区コミュニティバス
船渡橋,西武バス（株）,"大35, 大34"
赤山町3丁目,（株）ジャパンタローズ,越谷線
かすみ町,西武バス（株）,"本55, 【本55】深夜, 新所02"
中野尻,朝日自動車（株）,【KS22】越谷駅東口〜藤塚〜吉川駅北口
中野尻,東武バスセントラル（株）,"吉02, 吉05, 吉06, 吉07, 吉09, 三15"
中野尻,茨城急行自動車（株）,"吉川駅北口〜松伏高校前〜エローラ, 北越谷駅〜赤岩入口〜吉川駅北口"
武蔵野学院入口,国際興業（株）,"浦01, 浦02, 東川80"
西方橋,朝日自動車（株）,"【MK01】南越谷駅北口〜越谷市立病院前〜花田小学校前〜越谷市立図書館, 【MK02】南越谷駅北口〜越谷市立病院前〜花田, 【MK03】南越谷駅北口〜越谷市立病院前〜花田小学校前〜越谷駅東口, 【MK04】南越谷駅北口〜越谷市立病院前〜花田第四公園入口"
白鍬電建住宅入口,国際興業（株）,"北浦04/新都01/01-3/02, 与本04/05"
半割,（株）グローバル交通,"吉美-01　吉川美南駅東口⇔メディカルマイ線（三輪野江経由）, 吉美-02　吉川美南駅東口⇔吉川駅北口（鹿見塚・なまずの里公園経由）"
高階南公民館,西武バス（株）,川越シャトル31系統
大門小学校入口,国際興業（株）,"浦01, 浦02, 東川02, 東川80, 東川81"
南中学校北,（株）グローバル交通,"吉-02　小松川工業団地循環線（吉川市内循環線）, 吉美-02　吉川美南駅東口⇔吉川駅北口（鹿見塚・なまずの里公園経由）"
砂新田南之台,西武バス（株）,川越シャトル30系統
元福岡,山手ケアサービス（株）,ふじみん号Aコース
流通団地一丁目,朝日自動車（株）,"【MK01】南越谷駅北口〜越谷市立病院前〜花田小学校前〜越谷市立図書館, 【MK02】南越谷駅北口〜越谷市立病院前〜花田, 【MK03】南越谷駅北口〜越谷市立病院前〜花田小学校前〜越谷駅東口, 【MK04】南越谷駅北口〜越谷市立病院前〜花田第四公園入口"
中郷,国際興業（株）,"飯04, 学04, 原市場01/02"
県民健康福祉村入口,（株）ジャパンタローズ,越谷線
釣場,国際興業（株）,"飯04, 学04, 原市場01/02"
谷中町2丁目,（株）ジャパンタローズ,越谷線
電建中央通り,国際興業（株）,"北浦04/新都01/01-3/02, 与本04/05"
八王子,西武バス（株）,"大39, 大40, 大41, 大39-1"
八王子,国際興業（株）,"北浦04/新都01/01-3/02, 与本04/05"
木崎小学校,国際興業（株）,北浦50/50-2/50-3/55
与野公園入口,国際興業（株）,与本04/05
大門坂下公園,国際興業（株）,"浦01, 東川02, 東川80, 東川81"
流橋,朝日自動車（株）,"【MK01】南越谷駅北口〜越谷市立病院前〜花田小学校前〜越谷市立図書館, 【MK02】南越谷駅北口〜越谷市立病院前〜花田, 【MK03】南越谷駅北口〜越谷市立病院前〜花田小学校前〜越谷駅東口, 【MK04】南越谷駅北口〜越谷市立病院前〜花田第四公園入口"
南之台公園,西武バス（株）,川越シャトル33系統
新川町2丁目,（株）ジャパンタローズ,越谷線
前田農村公園,狭山市,市内循環バス「茶の花号」奥富・狭山コース
レイクタウン北,朝日自動車（株）,"【KS15】越谷駅東口〜越谷市立病院〜越谷レイクタウン駅北口, 【KS16】越谷市立病院〜越谷レイクタウン駅北口, 【KS21】越谷駅東口〜藤塚〜越谷レイクタウン駅北口"
道祖土二丁目,東武バスウエスト（株）,"浦31, 新都21, 大都23"
大日本印刷前,西武バス（株）,古01
大日本印刷前,山手ケアサービス（株）,ふじみん号Aコース
西方,朝日自動車（株）,"【MK01】南越谷駅北口〜越谷市立病院前〜花田小学校前〜越谷市立図書館, 【MK02】南越谷駅北口〜越谷市立病院前〜花田, 【MK03】南越谷駅北口〜越谷市立病院前〜花田小学校前〜越谷駅東口, 【MK04】南越谷駅北口〜越谷市立病院前〜花田第四公園入口"
台,国際興業（株）,医大11/12/31/32
島根橋,西武バス（株）,"大39, 大40, 大41, 大39-1"
島根橋,さいたま市,桜区コミュニティバス
越谷税務署,国際興業（株）,新越11
領家消防署前,東武バスウエスト（株）,"岩01, 岩02・03, 岩04, 岩05"
東大久保,西武バス（株）,"大35, 大34"
南中学校前,（株）グローバル交通,"吉-02　小松川工業団地循環線（吉川市内循環線）, 吉美-02　吉川美南駅東口⇔吉川駅北口（鹿見塚・なまずの里公園経由）"
小松川,（株）グローバル交通,"吉-01　吉川駅⇔メディカルマイ線（小松川工業団地経由）, 吉-02　小松川工業団地循環線（吉川市内循環線）"
さいたま市民医療センター,西武バス（株）,大39-1
宮本町4丁目,（株）ジャパンタローズ,越谷線
県民健康福祉村南口,（株）ジャパンタローズ,越谷線
市民医療センター,さいたま市,桜区コミュニティバス
八王子庚申堂,西武バス（株）,"大39, 大40, 大41, 大39-1"
八王子庚申堂,国際興業（株）,"北浦04/新都01/01-3/02, 与本04/05"
北原橋,国際興業（株）,"浦01, 浦02, 東川80"
中央病院入口,朝日自動車（株）,【KS22】越谷駅東口〜藤塚〜吉川駅北口
中央病院入口,東武バスセントラル（株）,"吉02, 吉05, 吉06, 吉07, 吉09, 三15"
中央病院入口,茨城急行自動車（株）,"吉川駅北口〜松伏高校前〜エローラ, 北越谷駅〜赤岩入口〜吉川駅北口"
坂上,西武バス（株）,"狭山21-1, 狭山21"
至聖病院,西武バス（株）,"新狭11-1, 新狭11-2, 新狭11"
清見第一公園,山手ケアサービス（株）,ふじみん号Aコース
白鍬,西武バス（株）,"大39, 大40, 大41, 大39-1"
けやき荘,（株）ジャパンタローズ,越谷線
宮の平,国際興業（株）,名栗01/02/飯01/01-2/02/02-2/03/03-2/06
清見一丁目,山手ケアサービス（株）,ふじみん号Aコース
柏原ショッピングセンター,西武バス（株）,"深夜, 狭山24-1, 狭山24"
藤間伊勢原,西武バス（株）,川越シャトル31系統
中野二区会館,（株）グローバル交通,"吉-01　吉川駅⇔メディカルマイ線（小松川工業団地経由）, 吉-02　小松川工業団地循環線（吉川市内循環線）"
稲荷町,西武バス（株）,川越シャトル31系統
芝原小学校,国際興業（株）,"浦04-2/04-2H, 浦04-3, 浦90, 浦91, 東浦01/01H, 東浦02, 東浦81"
イオンレイクタウン,（株）ジャパンタローズ,越谷レイクタウン線
高麗駅,国際興業（株）,"飯12-2, 医大11/12/31/32"
東川口五丁目,川口市,戸塚・安行循環
戸塚柳,国際興業（株）,"東川90, 新越11, 岩11, 岩11-2, 岩11-3"
湖畔の森公園入口,朝日自動車（株）,"【KS15】越谷駅東口〜越谷市立病院〜越谷レイクタウン駅北口, 【KS16】越谷市立病院〜越谷レイクタウン駅北口, 【KS21】越谷駅東口〜藤塚〜越谷レイクタウン駅北口"
木売新田入口,（株）グローバル交通,"吉-01　吉川駅⇔メディカルマイ線（小松川工業団地経由）, 吉-02　小松川工業団地循環線（吉川市内循環線）"
西宿,東武バスウエスト（株）,"浦31, 新都21, 大都23"
西宿,国際興業（株）,浦08/08-2
与野本町駅,国際興業（株）,与本04/05
柳窪,西武バス（株）,本54
白鍬,さいたま市,桜区コミュニティバス
白鍬,国際興業（株）,"北浦04/新都01/01-3/02, 与本04/05"
領家交番,東武バスウエスト（株）,"岩01, 岩02・03, 岩04, 岩05"
領家交番,国際興業（株）,北浦50/50-2/50-3/55
下新河岸,西武バス（株）,川越シャトル30系統
流通団地1丁目,（株）ジャパンタローズ,"南越谷線　系統1, 南越谷線　系統2, 南越谷線　系統3"
プロロジス,（株）グローバル交通,南-01　越谷流通団地循環線（流通団地循環）
中藤,国際興業（株）,"飯04, 学04, 原市場01/02"
中野東,（株）グローバル交通,"吉-01　吉川駅⇔メディカルマイ線（小松川工業団地経由）, 吉-02　小松川工業団地循環線（吉川市内循環線）"
浦和特別支援学校,国際興業（株）,"浦01, 浦02, 東川80"
老人センター,富士見市,老人センター線
藤間上,西武バス（株）,川越シャトル33系統
赤山町3丁目,朝日自動車（株）,"新越谷駅西口〜七左七丁目〜出羽地区センター, 新越谷駅西口〜七左七丁目"
日本デリバリー,（株）グローバル交通,南-01　越谷流通団地循環線（流通団地循環）
天神橋,国際興業（株）,"飯04, 学04, 原市場01/02"
出羽小学校入口,（株）ジャパンタローズ,越谷線
白鍬口,西武バス（株）,"北浦15, 【北浦15】深夜"
向ノ原,西武バス（株）,本54
中野,（株）グローバル交通,"吉-01　吉川駅⇔メディカルマイ線（小松川工業団地経由）, 吉-02　小松川工業団地循環線（吉川市内循環線）"
綾瀬川岸,川口市,戸塚・安行循環
ニチレキ,（株）グローバル交通,南-01　越谷流通団地循環線（流通団地循環）
流通団地公園,（株）グローバル交通,南-01　越谷流通団地循環線（流通団地循環）
芝原二丁目,国際興業（株）,美01
保第二公園,朝日自動車（株）,【KS22】越谷駅東口〜藤塚〜吉川駅北口
保第二公園,東武バスセントラル（株）,"吉02, 吉05, 吉06, 吉07, 吉09, 三15"
保第二公園,茨城急行自動車（株）,"吉川駅北口〜松伏高校前〜エローラ, 北越谷駅〜赤岩入口〜吉川駅北口"
三井,（株）グローバル交通,南-01　越谷流通団地循環線（流通団地循環）
マックハウス,（株）グローバル交通,南-01　越谷流通団地循環線（流通団地循環）
寺尾,西武バス（株）,川越シャトル33系統
飯島入口,東武バスセントラル（株）,"三13, 三15"
飯島入口,（株）グローバル交通,"吉美-01　吉川美南駅東口⇔メディカルマイ線（三輪野江経由）, 吉美-02　吉川美南駅東口⇔吉川駅北口（鹿見塚・なまずの里公園経由）"
竹田印刷,（株）グローバル交通,南-01　越谷流通団地循環線（流通団地循環）
中央公民館入口,（株）グローバル交通,"吉-01　吉川駅⇔メディカルマイ線（小松川工業団地経由）, 吉-02　小松川工業団地循環線（吉川市内循環線）, 吉美-02　吉川美南駅東口⇔吉川駅北口（鹿見塚・なまずの里公園経由）"
大崎園芸植物園,国際興業（株）,"浦01, 浦02, 浦03, 東川80"
前田住宅入口,狭山市,市内循環バス「茶の花号」奥富・狭山コース
教育センター前,東武バスウエスト（株）,"浦31, 新都21, 大都23"
川越狭山工業団地,西武バス（株）,川越62
中内,国際興業（株）,"飯04, 学04, 原市場01/02"
保健所入口,（株）グローバル交通,"吉-01　吉川駅⇔メディカルマイ線（小松川工業団地経由）, 吉-02　小松川工業団地循環線（吉川市内循環線）, 吉美-02　吉川美南駅東口⇔吉川駅北口（鹿見塚・なまずの里公園経由）"
下郷,国際興業（株）,"飯04, 学04, 原市場01/02"
谷中町1丁目,朝日自動車（株）,"新越谷駅西口〜七左七丁目〜出羽地区センター, 新越谷駅西口〜七左七丁目"
戸丸,国際興業（株）,"飯04, 学04, 原市場01/02"
市役所前,山手ケアサービス（株）,ふじみん号Aコース
領家銀座,東武バスウエスト（株）,"岩01, 岩02・03, 岩04, 岩05"
久根花,国際興業（株）,"飯04, 学04, 原市場01/02"
滝三丁目,山手ケアサービス（株）,ふじみん号Aコース
南越谷二丁目,朝日自動車（株）,"【MK01】南越谷駅北口〜越谷市立病院前〜花田小学校前〜越谷市立図書館, 【MK02】南越谷駅北口〜越谷市立病院前〜花田, 【MK03】南越谷駅北口〜越谷市立病院前〜花田小学校前〜越谷駅東口, 【MK04】南越谷駅北口〜越谷市立病院前〜花田第四公園入口"
南越谷二丁目,（株）ジャパンタローズ,"南越谷線　系統1, 南越谷線　系統2, 南越谷線　系統3"
わかば公園入口,朝日自動車（株）,"新越谷駅西口〜七左七丁目〜出羽地区センター, 新越谷駅西口〜七左七丁目"
上野台小学校前,山手ケアサービス（株）,ふじみん号Aコース
サンパーク奥富,狭山市,市内循環バス「茶の花号」奥富・狭山コース
ヤオコー川越藤間店,西武バス（株）,川越シャトル31系統
芝原,国際興業（株）,"浦04-2/04-2H, 浦04-3, 浦90, 東浦01/01H, 東浦02, 東浦81"
保,（株）グローバル交通,"吉-01　吉川駅⇔メディカルマイ線（小松川工業団地経由）, 吉-02　小松川工業団地循環線（吉川市内循環線）, 吉美-02　吉川美南駅東口⇔吉川駅北口（鹿見塚・なまずの里公園経由）"
ふじみ野市役所,西武バス（株）,古01
下福岡,西武バス（株）,大34
西武文理小学校,西武バス（株）,"新狭11-1, 新狭11-2, 新狭11"
種木橋,国際興業（株）,"飯04, 学04, 原市場01/02"
市営アパート,東武バスウエスト（株）,浦31
芝原一丁目,国際興業（株）,"浦91, 美01"
月山,西武バス（株）,本54
中福岡,山手ケアサービス（株）,ふじみん号Aコース
瓦曽根二丁目,朝日自動車（株）,"【MK01】南越谷駅北口〜越谷市立病院前〜花田小学校前〜越谷市立図書館, 【MK02】南越谷駅北口〜越谷市立病院前〜花田, 【MK03】南越谷駅北口〜越谷市立病院前〜花田小学校前〜越谷駅東口, 【MK04】南越谷駅北口〜越谷市立病院前〜花田第四公園入口"
今福山田,西武バス（株）,"本55, 【本55】深夜, 新所02"
保一丁目,東武バスセントラル（株）,美南01
保一丁目,（株）ジャパンタローズ,"吉川線　吉川駅北口〜前新田〜旭公園球場南, 吉川線　吉川駅北口〜川藤第一〜東埼玉テクノポリス北"
保一丁目,（株）グローバル交通,"吉-01　吉川駅⇔メディカルマイ線（小松川工業団地経由）, 吉-02　小松川工業団地循環線（吉川市内循環線）, 吉美-02　吉川美南駅東口⇔吉川駅北口（鹿見塚・なまずの里公園経由）"
出羽小学校入口,朝日自動車（株）,"新越谷駅西口〜七左七丁目〜出羽地区センター, 新越谷駅西口〜七左七丁目"
東瀬ヶ崎,東武バスウエスト（株）,浦31
高麗駐在所,国際興業（株）,"飯12-2, 医大11/12/31/32"
大学病院前,朝日自動車（株）,"【MK01】南越谷駅北口〜越谷市立病院前〜花田小学校前〜越谷市立図書館, 【MK02】南越谷駅北口〜越谷市立病院前〜花田, 【MK03】南越谷駅北口〜越谷市立病院前〜花田小学校前〜越谷駅東口, 【MK04】南越谷駅北口〜越谷市立病院前〜花田第四公園入口"
中央公園前,西武バス（株）,"深夜, 狭山24-1, 狭山24"
ふじみ野市役所,山手ケアサービス（株）,"ふじみん号Aコース, ふじみん号Bコース"
清水町,西武バス（株）,川越シャトル31系統
ファミリータウンA棟,朝日自動車（株）,"新越谷駅西口〜七左七丁目〜出羽地区センター, 新越谷駅西口〜七左七丁目"
七左ェ門通り入口,朝日自動車（株）,"新越谷駅西口〜七左七丁目〜出羽地区センター, 新越谷駅西口〜七左七丁目"
越谷ファミリータウン入口,国際興業（株）,新越11
木崎中学校,東武バスウエスト（株）,浦31
土場,（株）グローバル交通,"吉美-01　吉川美南駅東口⇔メディカルマイ線（三輪野江経由）, 吉美-02　吉川美南駅東口⇔吉川駅北口（鹿見塚・なまずの里公園経由）"
中尾北,国際興業（株）,浦08/08-2
与野西中学校,国際興業（株）,与本04/05
清久橋,国際興業（株）,"飯04, 学04, 原市場01/02"
念仏橋,国際興業（株）,"浦01, 浦02, 浦03, 東川80"
瀬ヶ崎,東武バスウエスト（株）,浦31
大森機械工業,（株）グローバル交通,南-01　越谷流通団地循環線（流通団地循環）
浦高前,東武バスウエスト（株）,"岩01, 岩02・03, 岩04, 岩05"
越谷ファミリータウン,朝日自動車（株）,"新越谷駅西口〜七左七丁目〜出羽地区センター, 新越谷駅西口〜七左七丁目"
浦高南,東武バスウエスト（株）,浦31
東川口六丁目,川口市,戸塚・安行循環
戸塚榎戸公園,川口市,戸塚・安行循環
七左ェ門通り,朝日自動車（株）,"新越谷駅西口〜七左七丁目〜出羽地区センター, 新越谷駅西口〜七左七丁目"
滝二丁目,山手ケアサービス（株）,ふじみん号Aコース
サンエックス,（株）グローバル交通,南-01　越谷流通団地循環線（流通団地循環）
福岡橋,西武バス（株）,大34
福岡橋,山手ケアサービス（株）,ふじみん号Aコース
領家二丁目,国際興業（株）,北浦50/50-2/50-3/55
七左七丁目,朝日自動車（株）,"新越谷駅西口〜七左七丁目〜出羽地区センター, 新越谷駅西口〜七左七丁目"
連慶橋,国際興業（株）,名栗01/02/飯01/01-2/02/02-2/03/03-2/06
芝原三丁目,国際興業（株）,"浦04-2/04-2H, 浦04-3, 浦90, 東浦01/01H, 東浦02, 東浦81"
奥富公民館入口,狭山市,市内循環バス「茶の花号」奥富・狭山コース
一本木坂下,国際興業（株）,"浦01, 東川02, 東川80, 東川81, 東川90, 新越11, 岩11, 岩11-2, 岩11-3"
在家橋通り,さいたま市,桜区コミュニティバス
在家橋通り,国際興業（株）,"北浦04/新都01/01-3/02, 与本04/05"
南文化会館,西武バス（株）,川越シャトル30系統
カタトラエルゴ,（株）グローバル交通,南-01　越谷流通団地循環線（流通団地循環）
在家,西武バス（株）,"北浦15, 【北浦15】深夜"
並木通り,西武バス（株）,川越シャトル33系統
フクトピア,山手ケアサービス（株）,ふじみん号Bコース
ユニケアー,（株）グローバル交通,南-01　越谷流通団地循環線（流通団地循環）
柏原公民館,西武バス（株）,深夜
新滝不動,国際興業（株）,飯12-2
県営今福団地,西武バス（株）,"本55, 【本55】深夜, 新所02"
戸塚佐藤公園,川口市,戸塚・安行循環
びん沼自然公園入口,西武バス（株）,大35
旭橋,国際興業（株）,"飯04, 学04, 原市場01/02"
藤間中,西武バス（株）,川越シャトル33系統
吉川駅北口,朝日自動車（株）,【KS22】越谷駅東口〜藤塚〜吉川駅北口
吉川駅北口,東武バスセントラル（株）,"吉02, 吉05, 吉06, 吉07, 吉09, 美南01, 三15"
吉川駅北口,茨城急行自動車（株）,"吉川駅北口〜松伏高校前〜エローラ, 北越谷駅〜赤岩入口〜吉川駅北口"
吉川駅北口,（株）ジャパンタローズ,"吉川線　吉川駅北口〜前新田〜旭公園球場南, 吉川線　吉川駅北口〜川藤第一〜東埼玉テクノポリス北"
吉川駅北口,（株）グローバル交通,"吉-01　吉川駅⇔メディカルマイ線（小松川工業団地経由）, 吉-02　小松川工業団地循環線（吉川市内循環線）, 吉美-02　吉川美南駅東口⇔吉川駅北口（鹿見塚・なまずの里公園経由）"
ヒューテック,（株）グローバル交通,南-01　越谷流通団地循環線（流通団地循環）
新狭山一丁目,西武バス（株）,"川越62, 新狭01, 新狭02"
彩の国さいたま芸術劇場,国際興業（株）,与本04/05
浦高グランド,東武バスウエスト（株）,浦31
宮沢,イーグルバス（株）,H06・H06-1・H10・H10-1・H10-2・H13　日高・飯能路線
下宿,西武バス（株）,"狭山21-1, 狭山21"
野ヶ崎,国際興業（株）,"飯04, 学04, 原市場01/02"
三輪野江,（株）グローバル交通,"吉美-01　吉川美南駅東口⇔メディカルマイ線（三輪野江経由）, 吉美-02　吉川美南駅東口⇔吉川駅北口（鹿見塚・なまずの里公園経由）"
領家一丁目,国際興業（株）,北浦50/50-2/50-3/55
越谷レイクタウン駅北口,朝日自動車（株）,"【KS15】越谷駅東口〜越谷市立病院〜越谷レイクタウン駅北口, 【KS16】越谷市立病院〜越谷レイクタウン駅北口, 【KS21】越谷駅東口〜藤塚〜越谷レイクタウン駅北口"
越谷レイクタウン駅北口,（株）ジャパンタローズ,越谷レイクタウン線
昭和図書,（株）グローバル交通,南-01　越谷流通団地循環線（流通団地循環）
赤山ガード,国際興業（株）,新越11
上野台団地,西武バス（株）,古01
アイエムアイ,（株）グローバル交通,南-01　越谷流通団地循環線（流通団地循環）
びん沼,富士見市,老人センター線
上野台団地入口,山手ケアサービス（株）,"ふじみん号Aコース, ふじみん号Bコース"
智光山公園,西武バス（株）,狭山29
中尾陸橋,国際興業（株）,"浦91, 美01"
下川崎センター,飯能市,精明東コース
土場集会場前,（株）グローバル交通,"吉美-01　吉川美南駅東口⇔メディカルマイ線（三輪野江経由）, 吉美-02　吉川美南駅東口⇔吉川駅北口（鹿見塚・なまずの里公園経由）"
上福岡総合病院前,西武バス（株）,大34
上福岡総合病院前,山手ケアサービス（株）,ふじみん号Aコース
柏原中学校入口,西武バス（株）,深夜
吉川駅南口,メートー観光（株）,"M1　吉川駅南口⇔三郷駅西口（みさと団地廻り）, M1-2　吉川駅南口⇔三郷駅西口（団地1街区廻り）, M2　北部みさと団地循環, M3　吉川駅南口⇔三郷中央駅（ピアラシティ経由）, M3　吉川駅南口⇔宗眼寺（密厳院経由）"
南越谷駅北口,朝日自動車（株）,"【MK01】南越谷駅北口〜越谷市立病院前〜花田小学校前〜越谷市立図書館, 【MK02】南越谷駅北口〜越谷市立病院前〜花田, 【MK03】南越谷駅北口〜越谷市立病院前〜花田小学校前〜越谷駅東口, 【MK04】南越谷駅北口〜越谷市立病院前〜花田第四公園入口"
山王塚公園,国際興業（株）,"飯12-2, 医大11/12/31/32"
土場橋,（株）グローバル交通,"吉美-01　吉川美南駅東口⇔メディカルマイ線（三輪野江経由）, 吉美-02　吉川美南駅東口⇔吉川駅北口（鹿見塚・なまずの里公園経由）"
内道,国際興業（株）,"北浦04/新都01/01-3/02, 与本04/05"
すかいロード,西武バス（株）,"新狭11-1, 新狭11-2, 新狭11"
東川口駅北口,国際興業（株）,"浦01, 東川02, 東川80, 東川81, 東川90, 東川91, 新越11, 岩11, 岩11-2, 岩11-3"
中福岡,西武バス（株）,大34
中丸,山手ケアサービス（株）,ふじみん号Aコース
赤沼,西武バス（株）,大34
花の木中学校前,山手ケアサービス（株）,ふじみん号Aコース
差間二丁目,国際興業（株）,東川05/05-2
新越谷駅東口,（株）グローバル交通,南-01　越谷流通団地循環線（流通団地循環）
尾間木北,国際興業（株）,"浦04-2/04-2H, 浦04-3, 浦90, 東浦01/01H, 東浦02, 東浦81"
南越谷駅南口,朝日自動車（株）,"南越谷駅南口〜蒲生三丁目〜越谷南体育館, 南越谷駅南口〜蒲生三丁目〜越谷南体育館〜越谷ハートフルクリニック, 南越谷駅南口〜蒲生三丁目〜草加東高校, 南越谷駅南口〜蒲生三丁目〜ひのき荘, 南越谷駅南口〜蒲生三丁目"
南越谷駅南口,（株）ジャパンタローズ,"南越谷線　系統1, 南越谷線　系統2, 南越谷線　系統3"
三輪之江神社前,東武バスセントラル（株）,"三13, 三15"
鍛冶屋橋,国際興業（株）,名栗01/02/飯01/01-2/02/02-2/03/03-2/06
新越谷駅西口,朝日自動車（株）,"新越谷駅西口〜七左七丁目〜出羽地区センター, 新越谷駅西口〜七左七丁目"
新越谷駅西口,国際興業（株）,新越11
南越谷小学校,朝日自動車（株）,"新越谷駅西口〜七左七丁目〜出羽地区センター, 新越谷駅西口〜七左七丁目"
元町,東武バスウエスト（株）,浦31
狭山営業所,西武バス（株）,"深夜, 狭山29, 狭山29-1"
熊野町,西武バス（株）,川越シャトル33系統
東大久保中,富士見市,老人センター線
北浦和一丁目,東武バスウエスト（株）,"岩01, 岩02・03, 岩04, 岩05"
彩の国さいたま芸術劇場入口,西武バス（株）,"北浦11, 北浦10, 北浦15, 【北浦15】深夜"
彩の国さいたま芸術劇場入口,国際興業（株）,北浦04/新都01/01-3/02
差間中公園,国際興業（株）,東川05/05-2
新中里三丁目,国際興業（株）,北浦81
宿,西武バス（株）,"北浦15, 【北浦15】深夜"
駅入口,朝日自動車（株）,"南越谷駅南口〜蒲生三丁目〜越谷南体育館, 南越谷駅南口〜蒲生三丁目〜越谷南体育館〜越谷ハートフルクリニック, 南越谷駅南口〜蒲生三丁目〜草加東高校, 南越谷駅南口〜蒲生三丁目〜ひのき荘, 南越谷駅南口〜蒲生三丁目"
神田,さいたま市,桜区コミュニティバス
神田,国際興業（株）,"北浦04/新都01/01-3/02, 与本04/05"
下奥富,狭山市,市内循環バス「茶の花号」奥富・狭山コース
下川崎,西武バス（株）,狭山25
東川口駅南口,川口市,戸塚・安行循環
東川口駅南口,国際興業（株）,"西川04, 川20, 東川01, 東川03, 東川05/05-2, 東川84, 鳩05"
上福岡,西武バス（株）,大34
本宿,西武バス（株）,"狭山21-1, 狭山21"
二ツ沼集会場前,（株）グローバル交通,"吉美-01　吉川美南駅東口⇔メディカルマイ線（三輪野江経由）, 吉美-02　吉川美南駅東口⇔吉川駅北口（鹿見塚・なまずの里公園経由）"
川崎センター,飯能市,精明東コース
北谷小学校南,（株）グローバル交通,"吉美-01　吉川美南駅東口⇔メディカルマイ線（三輪野江経由）, 吉美-02　吉川美南駅東口⇔吉川駅北口（鹿見塚・なまずの里公園経由）"
里見通り,西武バス（株）,"北浦11, 北浦10, 北浦15, 【北浦15】深夜"
里見通り,国際興業（株）,"北浦04/新都01/01-3/02, 北浦81"
柏原南,西武バス（株）,"狭山24-1, 狭山24"
下川崎東,飯能市,精明東コース
七左町二丁目,国際興業（株）,新越11
大久保浄水場,国際興業（株）,浦12/12-2/13/13-2/浦桜13-3
七左六丁目,朝日自動車（株）,新越谷駅西口〜七左七丁目〜出羽地区センター
滝不動,国際興業（株）,"飯12-2, 飯30, 医大11/12/31/32"
福岡小学校,西武バス（株）,大34
高富,西武バス（株）,狭山29
浅間下,国際興業（株）,"浦01, 浦02, 浦03, 浦09, 東浦80/80-2, 東川80"
陣屋（さいたま市）,西武バス（株）,"北浦11, 北浦10, 北浦15, 【北浦15】深夜"
陣屋,国際興業（株）,"北浦04/新都01/01-3/02, 与本04/05"
福岡中央公園,山手ケアサービス（株）,ふじみん号Aコース
新屋敷（狭山市）,西武バス（株）,"新狭01, 新狭02"
新狭山駅北口,西武バス（株）,"新狭11-1, 新狭11-2, 新狭11"
新狭山駅北口,狭山市,市内循環バス「茶の花号」奥富・狭山コース
稲荷神社,朝日自動車（株）,"南越谷駅南口〜蒲生三丁目〜越谷南体育館, 南越谷駅南口〜蒲生三丁目〜越谷南体育館〜越谷ハートフルクリニック, 南越谷駅南口〜蒲生三丁目〜草加東高校, 南越谷駅南口〜蒲生三丁目〜ひのき荘, 南越谷駅南口〜蒲生三丁目"
藤間下,西武バス（株）,川越シャトル33系統
福岡小学校前,山手ケアサービス（株）,ふじみん号Aコース
堂西,国際興業（株）,"飯04, 学04, 学06, 原市場01/02"
天王前,さいたま市,桜区コミュニティバス
天王前,国際興業（株）,"北浦04/新都01/01-3/02, 与本04/05"
里見橋,西武バス（株）,"北浦11, 北浦10, 北浦15, 【北浦15】深夜"
里見橋,国際興業（株）,北浦04/新都01/01-3/02
吉川美南高校,（株）グローバル交通,"吉美-01　吉川美南駅東口⇔メディカルマイ線（三輪野江経由）, 吉美-02　吉川美南駅東口⇔吉川駅北口（鹿見塚・なまずの里公園経由）"
桜通り,西武バス（株）,大34
本太中学校,国際興業（株）,北浦50/50-2/50-3/55
新狭山公民館,狭山市,市内循環バス「茶の花号」奥富・狭山コース
上福岡駅東口,東武バスウエスト（株）,ふじ01・ふじ02
上福岡駅東口,山手ケアサービス（株）,"ふじみん号Aコース, ふじみん号Bコース"
上福岡図書館前,山手ケアサービス（株）,ふじみん号Bコース
一丁目交差点,西武バス（株）,"川越62, 新狭01, 新狭02"
赤坂公園,国際興業（株）,飯30
登戸町,朝日自動車（株）,"南越谷駅南口〜蒲生三丁目〜越谷南体育館, 南越谷駅南口〜蒲生三丁目〜越谷南体育館〜越谷ハートフルクリニック, 南越谷駅南口〜蒲生三丁目〜草加東高校, 南越谷駅南口〜蒲生三丁目〜ひのき荘, 南越谷駅南口〜蒲生三丁目"
城山公園入口,山手ケアサービス（株）,ふじみん号Aコース
浦和西警察署入口,西武バス（株）,"北浦11, 北浦10, 北浦15, 【北浦15】深夜"
浦和西警察署入口,国際興業（株）,北浦04/新都01/01-3/02
新狭山駅南口,西武バス（株）,"川越62, 新狭01, 新狭02, 新狭01-1, 狭山30-1"
新狭山駅南口,狭山市,市内循環バス「茶の花号」堀兼コース
福原公民館前,西武バス（株）,"本55, 【本55】深夜, 新所02"
戸塚杉本,国際興業（株）,東川01
福岡川袋,山手ケアサービス（株）,ふじみん号Aコース
二度栗山,西武バス（株）,"北浦11, 北浦10, 北浦15, 【北浦15】深夜"
二度栗山,国際興業（株）,"北浦04/新都01/01-3/02, 北浦81"
上福岡駅西口,西武バス（株）,"所58-1, 所58-2, 川越シャトル31系統, 川越シャトル33系統"
上福岡駅西口,東武バスウエスト（株）,"上福03, 上福04"
上福岡駅西口,山手ケアサービス（株）,ふじみん号Dコース
蒲生公民館入口,朝日自動車（株）,"南越谷駅南口〜蒲生三丁目〜越谷南体育館, 南越谷駅南口〜蒲生三丁目〜越谷南体育館〜越谷ハートフルクリニック, 南越谷駅南口〜蒲生三丁目〜草加東高校, 南越谷駅南口〜蒲生三丁目〜ひのき荘, 南越谷駅南口〜蒲生三丁目"
不動谷,国際興業（株）,"浦08/08-2, 浦91, 美01"
鈴谷,西武バス（株）,"北浦11, 北浦10, 北浦15, 【北浦15】深夜"
鈴谷,国際興業（株）,北浦04/新都01/01-3/02
登戸橋,朝日自動車（株）,"南越谷駅南口〜蒲生三丁目〜越谷南体育館, 南越谷駅南口〜蒲生三丁目〜越谷南体育館〜越谷ハートフルクリニック, 南越谷駅南口〜蒲生三丁目〜草加東高校, 南越谷駅南口〜蒲生三丁目〜ひのき荘, 南越谷駅南口〜蒲生三丁目"
諏訪坂,西武バス（株）,"北浦11, 北浦10, 北浦15, 【北浦15】深夜"
狭山工業団地北,西武バス（株）,"深夜, 狭山29, 狭山29-1"
大鶴巣公園,国際興業（株）,"飯12-2, 飯30, 医大11/12/31/32"
西中,さいたま市,桜区コミュニティバス
西中,国際興業（株）,"北浦04/新都01/01-3/02, 与本04/05"
出羽地区センター,朝日自動車（株）,新越谷駅西口〜七左七丁目〜出羽地区センター
木綿沢,国際興業（株）,"飯12-2, 飯30, 医大11/12/31/32"
上福岡駅入口,西武バス（株）,"大34, 古01"
ノーラ名栗・さわらびの湯,国際興業（株）,名栗01/02/飯01/01-2/02/02-2/03/03-2/06
川口自然公園,国際興業（株）,東川05/05-2
大牧小学校入口,国際興業（株）,"浦09, 東浦80/80-2"
道祖土入口,国際興業（株）,"浦08/08-2, 浦91, 美01"
福岡中学校入口,山手ケアサービス（株）,ふじみん号Aコース
馬引沢,西武バス（株）,狭山25
新田,西武バス（株）,大34
北浦和駅,東武バスウエスト（株）,"岩01, 岩02・03, 岩04, 岩05, 浦31"
北浦和駅ターミナルビル,国際興業（株）,北浦50/50-2/50-3/55
北浦和ターミナルビル,国際興業（株）,浦51/51-3
上宮沢,イーグルバス（株）,H06・H06-1・H10・H10-1・H10-2・H13　日高・飯能路線
七左第四公園,国際興業（株）,新越11
中原,飯能市,精明東コース
鈴谷大かや前,西武バス（株）,"北浦11, 北浦10, 北浦15, 【北浦15】深夜"
鈴谷大かや前,国際興業（株）,北浦04/新都01/01-3/02
市立高校入口,国際興業（株）,北浦50/50-2/50-3/55
横手二丁目,国際興業（株）,"飯07, 飯30"
慶珍塚,山手ケアサービス（株）,"ふじみん号Aコース, ふじみん号Bコース"
梅宮神社南,狭山市,市内循環バス「茶の花号」奥富・狭山コース
戸塚陸橋,国際興業（株）,東川01
郵便局前,メートー観光（株）,"M2　北部みさと団地循環, M3　吉川駅南口⇔三郷中央駅（ピアラシティ経由）"
七左四丁目,朝日自動車（株）,新越谷駅西口〜七左七丁目〜出羽地区センター
宮沢湖温泉,イーグルバス（株）,H06・H06-1・H10・H10-1・H10-2・H13　日高・飯能路線
柏原西,西武バス（株）,"狭山24-1, 狭山24"
天神教会前,西武バス（株）,大34
やつしまニュータウン,国際興業（株）,浦12/12-2/13/13-2/浦桜13-3
山脈公園,国際興業（株）,飯30
高富北,メートー観光（株）,"M1　吉川駅南口⇔三郷駅西口（みさと団地廻り）, M1-2　吉川駅南口⇔三郷駅西口（団地1街区廻り）, M2　北部みさと団地循環, M3　吉川駅南口⇔三郷中央駅（ピアラシティ経由）, M3　吉川駅南口⇔宗眼寺（密厳院経由）"
綾瀬新橋,川口市,戸塚・安行循環
西武飯能日高,国際興業（株）,"飯07, 飯30"
出羽堀,国際興業（株）,新越11
尾間木,国際興業（株）,"浦01, 浦02, 浦03, 浦04-2/04-2H, 浦04-3, 浦09, 浦90, 東浦01/01H, 東浦02, 東浦80/80-2, 東浦81"
大久保団地西,さいたま市,桜区コミュニティバス
狭山工業団地,西武バス（株）,"深夜, 狭山22-1, 狭山29, 狭山29-1"
北浦和駅東口,国際興業（株）,"浦51/51-3, 北浦50/50-2/50-3/55"
緑区役所入口,国際興業（株）,"浦01, 浦02, 浦03, 浦06, 浦09, 浦90, 東浦80/80-2"
野口,国際興業（株）,"飯04, 学04, 学06, 原市場01/02"
水天宮,山手ケアサービス（株）,ふじみん号Bコース
下川崎西,飯能市,精明東コース
塚本,国際興業（株）,浦12/12-2/13/13-2/浦桜13-3
北浦和四丁目,西武バス（株）,"北浦11, 北浦10, 北浦15, 【北浦15】深夜"
元町二丁目,国際興業（株）,北浦50/50-2/50-3/55
埼玉メディカルセンター,国際興業（株）,"北浦04/新都01/01-3/02, 北浦81"
花月,国際興業（株）,"浦01, 浦02, 浦03, 浦06, 浦09, 浦90, 東浦80/80-2"
駒形,国際興業（株）,"浦01, 浦02, 浦03, 浦09, 浦90, 東浦80/80-2"
西武不動産営業所,国際興業（株）,"飯07, 飯30"
水宮,山手ケアサービス（株）,ふじみん号Bコース
南畑界,西武バス（株）,大35
三輪之江火の見下,東武バスセントラル（株）,"三13, 三15"
仲二丁目,山手ケアサービス（株）,ふじみん号Bコース
尾間木公民館,国際興業（株）,"浦01, 浦02, 浦03, 浦09, 浦90, 東浦80/80-2"
浦和パークハイツ,国際興業（株）,"浦08/08-2, 浦91, 美01"
大久保小学校,西武バス（株）,"北浦15, 【北浦15】深夜"
兵庫コミュニティーセンター,（株）グローバル交通,"吉美-01　吉川美南駅東口⇔メディカルマイ線（三輪野江経由）, 吉美-02　吉川美南駅東口⇔吉川駅北口（鹿見塚・なまずの里公園経由）"
原山三丁目,国際興業（株）,"浦01, 浦02, 浦03, 浦06, 浦09, 浦90, 東浦80/80-2"
北浦和一丁目,国際興業（株）,北浦50/50-2/50-3/55
西武新狭山団地北,狭山市,市内循環バス「茶の花号」堀兼コース
蒲生東町,朝日自動車（株）,"南越谷駅南口〜蒲生三丁目〜越谷南体育館, 南越谷駅南口〜蒲生三丁目〜越谷南体育館〜越谷ハートフルクリニック, 南越谷駅南口〜蒲生三丁目〜草加東高校, 南越谷駅南口〜蒲生三丁目〜ひのき荘, 南越谷駅南口〜蒲生三丁目"
北浦和駅西口,国際興業（株）,"北浦04/新都01/01-3/02, 北浦80, 北浦81"
土橋,山手ケアサービス（株）,ふじみん号Bコース
北浦和駅,西武バス（株）,"北浦11, 北浦10, 北浦15, 【北浦15】深夜"
北浦和駅,国際興業（株）・西武バス（株）,北浦03
差間三丁目,国際興業（株）,東川05/05-2
西武柏原入口,西武バス（株）,"狭山24-1, 狭山24, 狭山21-1, 狭山21"
西武新狭山団地,狭山市,市内循環バス「茶の花号」堀兼コース
育暎保育園入口,メートー観光（株）,"M2　北部みさと団地循環, M3　吉川駅南口⇔三郷中央駅（ピアラシティ経由）"
河又名栗湖入口,国際興業（株）,名栗01/02/飯01/01-2/02/02-2/03/03-2/06
富士見通り,西武バス（株）,"大34, 古01"
緑区役所,国際興業（株）,東浦03
会の谷,国際興業（株）,"浦04-2/04-2H, 浦04-3, 東浦01/01H, 東浦02, 東浦81"
西一丁目,東武バスウエスト（株）,"上福03, 上福04"
西一丁目,山手ケアサービス（株）,ふじみん号Dコース
常寿司前,メートー観光（株）,"M1　吉川駅南口⇔三郷駅西口（みさと団地廻り）, M1-2　吉川駅南口⇔三郷駅西口（団地1街区廻り）"
大久保（さいたま市）,西武バス（株）,"北浦11, 北浦10, 北浦15, 【北浦15】深夜"
川崎,西武バス（株）,狭山25
メッツァ,イーグルバス（株）・国際興業（株）・西武バス（株）,m01
メッツァ,イーグルバス（株）,H06・H06-1・H10・H10-1・H10-2・H13　日高・飯能路線
イトーピア前,メートー観光（株）,M3　吉川駅南口⇔宗眼寺（密厳院経由）
戸塚支所北,川口市,戸塚・安行循環
領家,西武バス（株）,"北浦11, 北浦10, 北浦15, 【北浦15】深夜"
戸塚東四丁目,川口市,戸塚・安行循環
美南一丁目（吉川市）,東武バスセントラル（株）,美南01
上赤工,国際興業（株）,"名栗01/02/飯01/01-2/02/02-2/03/03-2/06, 学05/05-2/05-3, 原市場01/02"
敬愛ホール前,狭山市,市内循環バス「茶の花号」奥富・狭山コース
常盤十丁目,国際興業（株）・西武バス（株）,北浦03
戸塚東二丁目,国際興業（株）,"西川04, 東川84, 鳩05"
青柳,西武バス（株）,"新狭01, 新狭02"
戸塚支所,国際興業（株）,"西川04, 東川01, 東川84, 鳩05"
宇宙科学館入口,国際興業（株）,浦51/51-3
エコス前,国際興業（株）,"名栗01/02/飯01/01-2/02/02-2/03/03-2/06, 学05/05-2/05-3, 原市場01/02"
北原山,国際興業（株）,"浦01, 浦02, 浦03, 浦06, 浦09, 浦90, 東浦80/80-2"
前耕地,国際興業（株）,浦51/51-3
畑中,国際興業（株）,"名栗01/02/飯01/01-2/02/02-2/03/03-2/06, 学05/05-2/05-3, 原市場01/02"
戸塚グランド,国際興業（株）,東川01
大戸小学校,国際興業（株）・西武バス（株）,北浦03
鈴谷札の辻,西武バス（株）,南与01
鈴谷札の辻,国際興業（株）・西武バス（株）,北浦03
鈴谷札の辻,国際興業（株）,"志03-3/南与01/02, 北朝02"
戸塚支所入口,国際興業（株）,"川20, 東川03, 東川05/05-2"
大久保団地東,西武バス（株）,"北浦11, 北浦10, 北浦15, 【北浦15】深夜"
南与野駅北入口,国際興業（株）・西武バス（株）,北浦03
消防署前（吉川市）,東武バスセントラル（株）,美南01
鈴谷小学校,国際興業（株）・西武バス（株）,北浦03
大久保支所,西武バス（株）,北浦10
大久保支所,国際興業（株）,浦12/12-2/13/13-2/浦桜13-3
片町,西武バス（株）,"北浦11, 北浦10, 北浦15, 【北浦15】深夜"
元町一丁目,国際興業（株）,浦51/51-3
明の星学園,国際興業（株）,"浦09, 東浦80/80-2"
山久保,西武バス（株）,南与01
山久保,国際興業（株）・西武バス（株）,北浦03
山久保,国際興業（株）,"志03-3/南与01/02, 北朝02"
プラザイースト南,国際興業（株）,東浦03
蕎高神社北,メートー観光（株）,"M1　吉川駅南口⇔三郷駅西口（みさと団地廻り）, M1-2　吉川駅南口⇔三郷駅西口（団地1街区廻り）"
氷川神社,狭山市,市内循環バス「茶の花号」堀兼コース
高久北,メートー観光（株）,"M2　北部みさと団地循環, M3　吉川駅南口⇔三郷中央駅（ピアラシティ経由）"
中曽根,（株）グローバル交通,"吉美-01　吉川美南駅東口⇔メディカルマイ線（三輪野江経由）, 吉美-02　吉川美南駅東口⇔吉川駅北口（鹿見塚・なまずの里公園経由）"
駒場運動公園,国際興業（株）,J01
飯能斎場,国際興業（株）,"飯12-2, 飯30, 医大11/12/31/32"
さぎの森小学校前,山手ケアサービス（株）,ふじみん号Bコース
つつじ苑北,狭山市,市内循環バス「茶の花号」堀兼コース
総合グランド,国際興業（株）,浦51/51-3
差間東,国際興業（株）,東川05/05-2
南畑ふれあいプラザ,富士見市,老人センター線
観龍院入口,メートー観光（株）,M3　吉川駅南口⇔宗眼寺（密厳院経由）
新寺,国際興業（株）,"名栗01/02/飯01/01-2/02/02-2/03/03-2/06, 飯04, 学04, 学06, 原市場01/02"
戸塚西公民館,国際興業（株）,"川20, 東川03, 東川05/05-2"
定勝寺前,東武バスセントラル（株）,"三13, 三15"
日生団地,西武バス（株）,"深夜, 狭山22, 狭山22-1, 狭山29, 狭山29-1"
日生団地,狭山市,"市内循環バス「茶の花号」水富コース, 市内循環バス「茶の花号」通勤通学コース（稲荷山公園駅）"
差間北,国際興業（株）,"川20, 東川03, 東川05/05-2"
蒲生公園入口,朝日自動車（株）,"南越谷駅南口〜蒲生三丁目〜越谷南体育館, 南越谷駅南口〜蒲生三丁目〜越谷南体育館〜越谷ハートフルクリニック, 南越谷駅南口〜蒲生三丁目〜草加東高校, 南越谷駅南口〜蒲生三丁目〜ひのき荘, 南越谷駅南口〜蒲生三丁目"
永田台南,国際興業（株）,飯07
土橋,西武バス（株）,"狭山24-1, 狭山24, 狭山21-1, 狭山21"
尾間木小学校入口,国際興業（株）,"浦04-2/04-2H, 浦04-3, 東浦01/01H, 東浦02, 東浦81"
坂の上,国際興業（株）,"名栗01/02/飯01/01-2/02/02-2/03/03-2/06, 飯04"
鶴ヶ岡三丁目,東武バスウエスト（株）,上福03
グランド通り,国際興業（株）,浦51/51-3
中福,西武バス（株）,"本55, 【本55】深夜, 新所02"
東内野町会会館北,川口市,芝・神根循環
新駒林三丁目,山手ケアサービス（株）,ふじみん号Bコース
兵庫,（株）グローバル交通,"吉美-01　吉川美南駅東口⇔メディカルマイ線（三輪野江経由）, 吉美-02　吉川美南駅東口⇔吉川駅北口（鹿見塚・なまずの里公園経由）"
駒場運動公園入口,国際興業（株）,"浦08/08-2, 浦51/51-3, 浦91, 美01"
駒場サッカー場,国際興業（株）,J02
駒林,東武バスウエスト（株）,ふじ05
尾長入口,国際興業（株）,"名栗01/02/飯01/01-2/02/02-2/03/03-2/06, 学04, 原市場01/02"
常盤九丁目,国際興業（株）,北浦80
大久保団地,西武バス（株）,"北浦11, 北浦10, 北浦15, 【北浦15】深夜"
元町北,国際興業（株）,浦51/51-3
東内野団地,川口市,芝・神根循環
差間中央,国際興業（株）,"川20, 東川03"
中丸北,国際興業（株）,東浦03
赤工,国際興業（株）,"名栗01/02/飯01/01-2/02/02-2/03/03-2/06, 学05/05-2/05-3, 原市場01/02"
芳ヶ谷,飯能市,精明東コース
美南公園前（吉川市）,東武バスセントラル（株）,美南01
児童館入口,メートー観光（株）,"M2　北部みさと団地循環, M3　吉川駅南口⇔三郷中央駅（ピアラシティ経由）"
鶴ヶ岡中央通り,東武バスウエスト（株）,"上福03, 上福04"
ふじみ通り,東武バスウエスト（株）,ふじ01・ふじ02
栄和北町,西武バス（株）,南与01
栄和北町,国際興業（株）・西武バス（株）,北浦03
栄和北町,国際興業（株）,"志03-3/南与01/02, 北朝02"
鶴ヶ岡三丁目東,東武バスウエスト（株）,上福03
吉川美南駅東口,（株）グローバル交通,"吉美-01　吉川美南駅東口⇔メディカルマイ線（三輪野江経由）, 吉美-02　吉川美南駅東口⇔吉川駅北口（鹿見塚・なまずの里公園経由）"
芦刈場,西武バス（株）,狭山25
川崎入口,西武バス（株）,狭山25
川崎入口,飯能市,精明東コース
舟堀橋,川口市,戸塚・安行循環
原市場小学校,国際興業（株）,"名栗01/02/飯01/01-2/02/02-2/03/03-2/06, 学04, 学05/05-2/05-3, 原市場01/02"
久須美,国際興業（株）,"名栗01/02/飯01/01-2/02/02-2/03/03-2/06, 飯04"
蕎高神社南,メートー観光（株）,"M1　吉川駅南口⇔三郷駅西口（みさと団地廻り）, M1-2　吉川駅南口⇔三郷駅西口（団地1街区廻り）"
北原台一丁目,国際興業（株）,"川20, 東川03, 東川05/05-2"
加佐志,西武バス（株）,狭山30-1
加佐志,狭山市,市内循環バス「茶の花号」堀兼コース
原山,国際興業（株）,"浦01, 浦02, 浦03, 浦06, 浦09, 浦51/51-3, 浦90, 東浦80/80-2"
広瀬台,狭山市,市内循環バス「茶の花号」水富コース
密厳院前,メートー観光（株）,M3　吉川駅南口⇔宗眼寺（密厳院経由）
上大久保,さいたま市,桜区コミュニティバス
曲竹,国際興業（株）,"名栗01/02/飯01/01-2/02/02-2/03/03-2/06, 学04, 原市場01/02"
平松（飯能市）,西武バス（株）,狭山25
平松,飯能市,精明東コース
イオン狭山店前,狭山市,市内循環バス「茶の花号」奥富・狭山コース
差間小学校西,川口市,芝・神根循環
戸塚東三丁目,国際興業（株）,"西川04, 東川84, 鳩05"
北原台三丁目,国際興業（株）,"川20, 東川03, 東川05/05-2"
南与野駅西口,西武バス（株）,南与01
南与野駅西口,国際興業（株）,"志03-3/南与01/02, 北朝02"
中曽根小学校入口,メートー観光（株）,"M2　北部みさと団地循環, M3　吉川駅南口⇔三郷中央駅（ピアラシティ経由）"
小瀬戸,国際興業（株）,"名栗01/02/飯01/01-2/02/02-2/03/03-2/06, 飯04, 学06"
浦和橋,東武バスウエスト（株）,"岩04, 岩05, 浦31"
東内野住宅,川口市,芝・神根循環
蒲生三丁目,朝日自動車（株）,"南越谷駅南口〜蒲生三丁目〜越谷南体育館, 南越谷駅南口〜蒲生三丁目〜越谷南体育館〜越谷ハートフルクリニック, 南越谷駅南口〜蒲生三丁目〜草加東高校, 南越谷駅南口〜蒲生三丁目〜ひのき荘, 南越谷駅南口〜蒲生三丁目"
浅海戸,国際興業（株）,名栗01/02/飯01/01-2/02/02-2/03/03-2/06
北原台,国際興業（株）,"川20, 東川03, 東川05/05-2"
鶴ヶ岡四丁目西,東武バスウエスト（株）,上福03
武蔵野学院大学,西武バス（株）,狭山22-1
つつじ苑西,狭山市,市内循環バス「茶の花号」堀兼コース
田中,狭山市,市内循環バス「茶の花号」奥富・狭山コース
上平松,西武バス（株）,狭山25
上平松,飯能市,精明東コース
川柳小学校入口,朝日自動車（株）,"南越谷駅南口〜蒲生三丁目〜越谷南体育館, 南越谷駅南口〜蒲生三丁目〜越谷南体育館〜越谷ハートフルクリニック, 南越谷駅南口〜蒲生三丁目〜草加東高校"
川柳小学校入口,東武バスセントラル（株）,松原35
道場,西武バス（株）,大35
新駒林二丁目,山手ケアサービス（株）,ふじみん号Bコース
下赤工,国際興業（株）,"名栗01/02/飯01/01-2/02/02-2/03/03-2/06, 学04, 原市場01/02"
中尾第二公園,国際興業（株）,東浦03
本太坂下,国際興業（株）,"浦01, 浦02, 浦03, 浦06, 浦09, 浦90"
吉川美南駅,東武バスセントラル（株）,"美南01, 三10"
吉川美南駅,メートー観光（株）,M5　吉川美南駅⇔新三郷駅西口
中丸桑原堂,国際興業（株）,東浦03
東内野ふるさとの森,川口市,芝・神根循環
兵庫入口,（株）グローバル交通,"吉美-01　吉川美南駅東口⇔メディカルマイ線（三輪野江経由）, 吉美-02　吉川美南駅東口⇔吉川駅北口（鹿見塚・なまずの里公園経由）"
駒林西,東武バスウエスト（株）,ふじ05
大泉院通り,西武バス（株）,南与01
大泉院通り,国際興業（株）・西武バス（株）,北浦03
大泉院通り,国際興業（株）,"志03-3/南与01/02, 北朝02"
中新田,狭山市,市内循環バス「茶の花号」堀兼コース
埼玉りそな銀行,国際興業（株）,北浦80
浦和北高校,西武バス（株）,北浦10
浦和北高校,国際興業（株）,浦12/12-2/13/13-2/浦桜13-3
原市場中学校,国際興業（株）,"名栗01/02/飯01/01-2/02/02-2/03/03-2/06, 学05/05-2/05-3, 原市場01/02"
川柳町五丁目,朝日自動車（株）,"南越谷駅南口〜蒲生三丁目〜越谷南体育館, 南越谷駅南口〜蒲生三丁目〜越谷南体育館〜越谷ハートフルクリニック, 南越谷駅南口〜蒲生三丁目〜草加東高校"
高久,メートー観光（株）,"M1　吉川駅南口⇔三郷駅西口（みさと団地廻り）, M1-2　吉川駅南口⇔三郷駅西口（団地1街区廻り）"
亀久保,西武バス（株）,"大34, 古01"
高久1丁目,メートー観光（株）,M3　吉川駅南口⇔宗眼寺（密厳院経由）
戸塚三丁目,川口市,戸塚・安行循環
鶴ヶ岡一丁目,東武バスウエスト（株）,上福04
鶴ヶ岡一丁目,西武バス（株）,"所58-1, 所58-2"
伊原,朝日自動車（株）,"南越谷駅南口〜蒲生三丁目〜越谷南体育館, 南越谷駅南口〜蒲生三丁目〜越谷南体育館〜越谷ハートフルクリニック, 南越谷駅南口〜蒲生三丁目〜草加東高校"
伊原,東武バスセントラル（株）,松原35
氷川神社,国際興業（株）,"浦09, 東浦80/80-2"
大牧吉場,国際興業（株）,"浦04-2/04-2H, 浦04-3, 東浦01/01H, 東浦02, 東浦81"
半田,（株）グローバル交通,"吉美-01　吉川美南駅東口⇔メディカルマイ線（三輪野江経由）, 吉美-02　吉川美南駅東口⇔吉川駅北口（鹿見塚・なまずの里公園経由）"
伝右川,川口市,戸塚・安行循環
坊の在家,国際興業（株）,"浦04, 浦04-2/04-2H, 浦04-3, 浦05"
勝瀬,富士見市,ふじみ野駅線
虹の遊歩道,狭山市,市内循環バス「茶の花号」水富コース
七区自治会館,西武バス（株）,"狭山24-1, 狭山24, 狭山21-1, 狭山21"
川口東高校入口,国際興業（株）,東川01
柿木二区,東武バスセントラル（株）,"新田38, 松原35"
柿木二区,草加市,パリポリくんバス　北東ルート
大谷口県営住宅,国際興業（株）,"浦04, 浦04-2/04-2H, 浦04-3, 浦05"
中丸南,国際興業（株）,東浦03
奥州道,西武バス（株）,"深夜, 狭山22, 狭山22-1, 狭山29, 狭山29-1"
敬愛園,飯能市,精明東コース
鶴ヶ岡四丁目,東武バスウエスト（株）,上福03
小瀬戸公民館,国際興業（株）,"名栗01/02/飯01/01-2/02/02-2/03/03-2/06, 飯04, 学06"
亀久保,東武バスウエスト（株）,ふじ01・ふじ02
川柳町四丁目,朝日自動車（株）,"南越谷駅南口〜蒲生三丁目〜越谷南体育館, 南越谷駅南口〜蒲生三丁目〜越谷南体育館〜越谷ハートフルクリニック, 南越谷駅南口〜蒲生三丁目〜草加東高校"
麦塚,東武バスセントラル（株）,松原35
霞ヶ関,狭山市,"市内循環バス「茶の花号」水富コース, 市内循環バス「茶の花号」通勤通学コース（稲荷山公園駅）"
坂上地蔵尊,飯能市,精明東コース
高久西,メートー観光（株）,"M1　吉川駅南口⇔三郷駅西口（みさと団地廻り）, M1-2　吉川駅南口⇔三郷駅西口（団地1街区廻り）"
精明地区行政センター,飯能市,精明西コース
戸塚鋏,川口市,戸塚・安行循環
戸塚鋏,国際興業（株）,東川01
精明小学校,西武バス（株）,狭山25
精明小学校,飯能市,精明西コース
飯能第二小学校,国際興業（株）,"名栗01/02/飯01/01-2/02/02-2/03/03-2/06, 飯04, 学06"
原山小学校,国際興業（株）,浦51/51-3
マイスカイ車庫,マイスカイ交通（株）,M-60（マイスカイ車庫〜三郷駅北口〜三郷中央駅）
本太坂上,国際興業（株）,"浦01, 浦02, 浦03, 浦06, 浦08/08-2, 浦09, 浦90, 浦91, 美01"
中丸団地北,国際興業（株）,東浦03
柿木公民館,東武バスセントラル（株）,"新田38, 松原35"
柿木公民館,草加市,パリポリくんバス　北東ルート
中曽根小学校前,メートー観光（株）,"M2　北部みさと団地循環, M3　吉川駅南口⇔三郷中央駅（ピアラシティ経由）"
戸塚新田,国際興業（株）,東川01
高久公園,メートー観光（株）,M3　吉川駅南口⇔宗眼寺（密厳院経由）
ひのき荘,朝日自動車（株）,南越谷駅南口〜蒲生三丁目〜ひのき荘
ハイツ東,西武バス（株）,"新狭01, 新狭02"
ハイツ東,狭山市,市内循環バス「茶の花号」堀兼コース
四海橋,国際興業（株）,名栗01/02/飯01/01-2/02/02-2/03/03-2/06
差間南,川口市,芝・神根循環
差間南,国際興業（株）,"川20, 東川03"
太田窪三丁目,国際興業（株）,"浦04, 浦04-2/04-2H, 浦04-3, 浦05"
川口環境センター,国際興業（株）,東川01
蒲生四丁目,朝日自動車（株）,"南越谷駅南口〜蒲生三丁目〜越谷南体育館, 南越谷駅南口〜蒲生三丁目〜越谷南体育館〜越谷ハートフルクリニック, 南越谷駅南口〜蒲生三丁目〜草加東高校, 南越谷駅南口〜蒲生三丁目〜ひのき荘"
芦苅場南,飯能市,精明東コース
天神橋,朝日自動車（株）,"南越谷駅南口〜蒲生三丁目〜越谷南体育館, 南越谷駅南口〜蒲生三丁目〜越谷南体育館〜越谷ハートフルクリニック, 南越谷駅南口〜蒲生三丁目〜草加東高校, 南越谷駅南口〜蒲生三丁目〜ひのき荘"
小谷堀,東武バスセントラル（株）,"三13, 三15"
駒林元町,山手ケアサービス（株）,ふじみん号Bコース
中道,富士見市,老人センター線
護国寺,富士見市,ふじみ野駅線
護国寺,東武バスウエスト（株）,ふじ05
ホンダ学園前,東武バスウエスト（株）,上福03
天神橋（越谷市）,東武バスセントラル（株）,松原35
埼玉大学,西武バス（株）,南与01
埼玉大学,国際興業（株）・西武バス（株）,北浦03
埼玉大学,さいたま市,桜区コミュニティバス
埼玉大学,国際興業（株）,"志03-3/南与01/02, 北朝02"
伊原一丁目,朝日自動車（株）,"南越谷駅南口〜蒲生三丁目〜越谷南体育館, 南越谷駅南口〜蒲生三丁目〜越谷南体育館〜越谷ハートフルクリニック, 南越谷駅南口〜蒲生三丁目〜草加東高校, 南越谷駅南口〜蒲生三丁目〜ひのき荘"
伊原一丁目,東武バスセントラル（株）,松原35
平松団地,飯能市,"精明東コース, 精明西コース"
中丸団地中央,国際興業（株）,東浦03
高橋前,富士見市,ふじみ野駅線
下加治,西武バス（株）,狭山25
下加治,飯能市,精明西コース
鶴ヶ丘小学校入口,東武バスウエスト（株）,上福04
鶴ケ丘小学校入口,山手ケアサービス（株）,ふじみん号Dコース
美南4丁目,メートー観光（株）,M5　吉川美南駅⇔新三郷駅西口
永田会館,国際興業（株）,"名栗01/02/飯01/01-2/02/02-2/03/03-2/06, 飯04, 飯07"
ビバモール前,東武バスウエスト（株）,上福03
中曽根公園前,メートー観光（株）,M5　吉川美南駅⇔新三郷駅西口
セキ薬品前,メートー観光（株）,M5　吉川美南駅⇔新三郷駅西口
飯能靖和病院,西武バス（株）,狭山25
飯能靖和病院,イーグルバス（株）,H06・H06-1・H10・H10-1・H10-2・H13　日高・飯能路線
飯能靖和病院,飯能市,精明西コース
草加東高校,朝日自動車（株）,南越谷駅南口〜蒲生三丁目〜草加東高校
草加東高校,東武バスセントラル（株）,松原35
原市場,国際興業（株）,"名栗01/02/飯01/01-2/02/02-2/03/03-2/06, 学05/05-2/05-3, 原市場01/02"
中曽根東,メートー観光（株）,"M1　吉川駅南口⇔三郷駅西口（みさと団地廻り）, M1-2　吉川駅南口⇔三郷駅西口（団地1街区廻り）, M5　吉川美南駅⇔新三郷駅西口"
西鶴ケ岡二丁目,山手ケアサービス（株）,ふじみん号Dコース
東浦和駅,国際興業（株）,"蕨02, 西川07/07-2, 浦04, 浦04-2/04-2H, 浦04-3, 浦09, 東浦01/01H, 東浦02, 東浦03, 東浦11, 東浦80/80-2, 東浦81, 東浦82/82-2, J02, J04"
戸塚スポーツセンター,川口市,戸塚・安行循環
本村,国際興業（株）,"志03-3/南与01/02, 北朝02"
愛宕神社前,狭山市,市内循環バス「茶の花号」奥富・狭山コース
上広瀬郵便局前,西武バス（株）,"深夜, 狭山22, 狭山22-1, 狭山29, 狭山29-1"
ふじみ野交流センター入口,東武バスウエスト（株）,ふじ05
越谷南体育館,朝日自動車（株）,"南越谷駅南口〜蒲生三丁目〜越谷南体育館, 南越谷駅南口〜蒲生三丁目〜越谷南体育館〜越谷ハートフルクリニック"
根郷自治会館前,朝日自動車（株）,"南越谷駅南口〜蒲生三丁目〜越谷南体育館, 南越谷駅南口〜蒲生三丁目〜越谷南体育館〜越谷ハートフルクリニック"
戸塚団地,川口市,戸塚・安行循環
柿木四区,東武バスセントラル（株）,新田38
柿木四区,草加市,パリポリくんバス　北東ルート
交流センター入口,富士見市,ふじみ野駅線
中曽根一丁目,メートー観光（株）,"M1　吉川駅南口⇔三郷駅西口（みさと団地廻り）, M1-2　吉川駅南口⇔三郷駅西口（団地1街区廻り）, M5　吉川美南駅⇔新三郷駅西口"
特別支援学校前,富士見市,老人センター線
中丸団地南,国際興業（株）,東浦03
鶴ヶ岡二丁目,西武バス（株）,"大34, 古01"
鶴ヶ岡二丁目,東武バスウエスト（株）,ふじ01・ふじ02
新狭山ハイツ,西武バス（株）,"新狭01, 新狭02"
新狭山ハイツ,狭山市,市内循環バス「茶の花号」堀兼コース
木曽呂北,川口市,芝・神根循環
白子神社,西武バス（株）,狭山25
白子神社,イーグルバス（株）,H06・H06-1・H10・H10-1・H10-2・H13　日高・飯能路線
白子神社,飯能市,精明西コース
老人福祉センター寿荘,狭山市,市内循環バス「茶の花号」堀兼コース
堀下,狭山市,市内循環バス「茶の花号」堀兼コース
太田窪,国際興業（株）,"浦04, 浦04-2/04-2H, 浦04-3, 浦05, 浦50/50-2/南浦12, 浦51/51-3"
中曽根二丁目,メートー観光（株）,"M2　北部みさと団地循環, M3　吉川駅南口⇔三郷中央駅（ピアラシティ経由）"
常盤二丁目,東武バスウエスト（株）,"岩04, 岩05, 浦31"
常盤二丁目,国際興業（株）,浦12/12-2/13/13-2/浦桜13-3
狭山台北,西武バス（株）,狭山30-1
狭山台北,狭山市,市内循環バス「茶の花号」堀兼コース
広瀬東四丁目,狭山市,市内循環バス「茶の花号」水富コース
みほの台住宅,（株）ライフバス,2　ふじみ野駅東口発〜（ひばり台経由）富士見ニュータウン折返し線
市街道,（株）ライフバス,2　ふじみ野駅東口発〜（ひばり台経由）富士見ニュータウン折返し線
本太小学校入口,国際興業（株）,"浦01, 浦02, 浦03, 浦06, 浦08/08-2, 浦09, 浦90, 浦91, 美01"
常盤四丁目,国際興業（株）,浦12/12-2/13/13-2/浦桜13-3
勝瀬原記念公園,山手ケアサービス（株）,ふじみん号Bコース
県営井沼方団地,国際興業（株）,東浦03
中曽根西,メートー観光（株）,"M1　吉川駅南口⇔三郷駅西口（みさと団地廻り）, M1-2　吉川駅南口⇔三郷駅西口（団地1街区廻り）, M3　吉川駅南口⇔宗眼寺（密厳院経由）, M5　吉川美南駅⇔新三郷駅西口"
ひばり台,（株）ライフバス,2　ふじみ野駅東口発〜（ひばり台経由）富士見ニュータウン折返し線
戸塚中学校入口,国際興業（株）,"西川04, 東川84, 鳩05"
勝瀬小学校,富士見市,ふじみ野駅線
六間道路,国際興業（株）,"浦12/12-2/13/13-2/浦桜13-3, 北浦80"
松原,西武バス（株）,"本55, 【本55】深夜, 新所02"
新栄団地中央,草加市,パリポリくんバス　新田ルート
中島,国際興業（株）,浦12/12-2/13/13-2/浦桜13-3
埼玉石心会病院,西武バス（株）,"狭山24, 狭山21"
埼玉石心会病院,狭山市,市内循環バス「茶の花号」奥富・狭山コース
石原橋,国際興業（株）,"名栗01/02/飯01/01-2/02/02-2/03/03-2/06, 学05/05-2/05-3"
小谷堀,マイスカイ交通（株）,"M-02（新三郷駅東口〜早稲田5丁目〜三郷駅北口〜三郷市役所〜三郷中央駅）, M-02-1（新三郷駅東口〜仁蔵橋東〜三郷駅北口）"
市役所北口,国際興業（株）,"浦12/12-2/13/13-2/浦桜13-3, 北浦80"
成田通り,マイスカイ交通（株）,"M-02（新三郷駅東口〜早稲田5丁目〜三郷駅北口〜三郷市役所〜三郷中央駅）, M-02-1（新三郷駅東口〜仁蔵橋東〜三郷駅北口）"
狭山緑陽高校,西武バス（株）,"深夜, 狭山22, 狭山22-1, 狭山29, 狭山29-1"
稲荷越,国際興業（株）,"浦04, 浦04-2/04-2H, 浦04-3, 浦05"
唐竹橋,国際興業（株）,"名栗01/02/飯01/01-2/02/02-2/03/03-2/06, 学05/05-2/05-3"
戸塚境町,川口市,戸塚・安行循環
茶内,国際興業（株）,"名栗01/02/飯01/01-2/02/02-2/03/03-2/06, 学05/05-2/05-3"
水道局前,国際興業（株）,"浦12/12-2/13/13-2/浦桜13-3, 北浦80"
みほの住宅,山手ケアサービス（株）,ふじみん号Bコース
源左衛門新田,川口市,芝・神根循環
源左衛門新田,国際興業（株）,"川20, 東川03"
附島橋,川口市,芝・神根循環
附島橋,国際興業（株）,東浦82/82-2
ふじみ野小学校,富士見市,ふじみ野駅線
中居,西武バス（株）,狭山25
中居,イーグルバス（株）,H06・H06-1・H10・H10-1・H10-2・H13　日高・飯能路線
富士見高校入口,富士見市,老人センター線
青木,西武バス（株）,狭山25
青木,イーグルバス（株）,H06・H06-1・H10・H10-1・H10-2・H13　日高・飯能路線
越谷ハートフルクリニック,朝日自動車（株）,南越谷駅南口〜蒲生三丁目〜越谷南体育館〜越谷ハートフルクリニック
永田,国際興業（株）,"名栗01/02/飯01/01-2/02/02-2/03/03-2/06, 飯04, 飯07"
島田電器,（株）ライフバス,2　ふじみ野駅東口発〜（ひばり台経由）富士見ニュータウン折返し線
新栄団地,朝日自動車（株）,新田駅東口〜新栄団地
新栄団地,東武バスセントラル（株）,川10
新栄団地,草加市,パリポリくんバス　新田ルート
半田東,マイスカイ交通（株）,"M-02（新三郷駅東口〜早稲田5丁目〜三郷駅北口〜三郷市役所〜三郷中央駅）, M-02-1（新三郷駅東口〜仁蔵橋東〜三郷駅北口）"
大戸,国際興業（株）,"浦12/12-2/13/13-2/浦桜13-3, 北浦80"
団地12街区,メートー観光（株）,M2　北部みさと団地循環
常盤一丁目,東武バスウエスト（株）,"岩04, 岩05, 浦31"
常盤一丁目,国際興業（株）,浦12/12-2/13/13-2/浦桜13-3
富士見高校,富士見市,富士見高校線
富士見高校,東武バスウエスト（株）,志21・志25
イーストシティ北,国際興業（株）,東浦03
柿木中央,東武バスセントラル（株）,新田38
柿木中央,草加市,パリポリくんバス　北東ルート
市民会館,狭山市,市内循環バス「茶の花号」奥富・狭山コース
原市場地区行政センター,国際興業（株）,"学05/05-2/05-3, 原市場01/02"
ふじみ野駅東口入口,（株）ライフバス,2　ふじみ野駅東口発〜（ひばり台経由）富士見ニュータウン折返し線
電気興業前,西武バス（株）,"所58-1, 所58-2, 大34, 古01"
後谷,マイスカイ交通（株）,"M-02（新三郷駅東口〜早稲田5丁目〜三郷駅北口〜三郷市役所〜三郷中央駅）, M-02-1（新三郷駅東口〜仁蔵橋東〜三郷駅北口）, M-61（後谷〜三郷駅北口）"
中山,西武バス（株）,狭山25
中山,イーグルバス（株）,H06・H06-1・H10・H10-1・H10-2・H13　日高・飯能路線
新田団地,飯能市,"精明東コース, 精明西コース"
狭山台団地,西武バス（株）,"狭山30, 狭山30-1, 狭山31"
つつじ野団地東,西武バス（株）,"深夜, 狭山22, 狭山22-1, 狭山29, 狭山29-1"
つつじ野団地東,狭山市,市内循環バス「茶の花号」通勤通学コース（稲荷山公園駅）
団地13街区,メートー観光（株）,M2　北部みさと団地循環
蒲生南小学校,東武バスセントラル（株）,松原35
富士見ニュータウン,（株）ライフバス,"2　ふじみ野駅東口発〜（ひばり台経由）富士見ニュータウン折返し線, 3　鶴瀬駅東口発〜富士見ニュータウン循環線"
南畑浄水場,富士見市,老人センター線
木曽呂,国際興業（株）,"川19, 川20, 東浦82/82-2, 東川03, 安80"
電気興業,東武バスウエスト（株）,"ふじ01・ふじ02, ふじ03"
恩田,国際興業（株）,"飯12-2, 飯30, 医大11/12/31/32"
宗眼寺,メートー観光（株）,M3　吉川駅南口⇔宗眼寺（密厳院経由）
根岸坂上,西武バス（株）,狭山25
富士見高校入口,西武バス（株）,大35
半田西,マイスカイ交通（株）,"M-02（新三郷駅東口〜早稲田5丁目〜三郷駅北口〜三郷市役所〜三郷中央駅）, M-02-1（新三郷駅東口〜仁蔵橋東〜三郷駅北口）"
市民会館（狭山市）,西武バス（株）,"狭山24-1, 狭山24, 狭山21-1, 狭山21"
東浦和公民館入口,国際興業（株）,東浦03
緑ケ丘二丁目,山手ケアサービス（株）,ふじみん号Dコース
中曽根南,メートー観光（株）,"M1　吉川駅南口⇔三郷駅西口（みさと団地廻り）, M1-2　吉川駅南口⇔三郷駅西口（団地1街区廻り）, M3　吉川駅南口⇔宗眼寺（密厳院経由）, M5　吉川美南駅⇔新三郷駅西口"
下大久保,国際興業（株）,"浦12/12-2/13/13-2/浦桜13-3, 志03-3/南与01/02, 北朝02"
戸塚スポーツセンター南,川口市,戸塚・安行循環
東谷,国際興業（株）,"浦04, 浦04-2/04-2H, 浦04-3"
狭山元気プラザ入口,狭山市,市内循環バス「茶の花号」堀兼コース
獨協専門学校前,メートー観光（株）,M2　北部みさと団地循環
大在家,国際興業（株）,"浦04, 浦04-2/04-2H, 浦04-3, 浦05, 浦50/50-2/南浦12, 浦51/51-3"
大井東中学校前,東武バスウエスト（株）,ふじ03
道庭東,メートー観光（株）,"M2　北部みさと団地循環, M3　吉川駅南口⇔三郷中央駅（ピアラシティ経由）"
前間,東武バスセントラル（株）,"三13, 三15"
ベスタ狭山,狭山市,市内循環バス「茶の花号」堀兼コース
日向上,国際興業（株）,"浦12/12-2/13/13-2/浦桜13-3, 北浦80"
さくら通り,東武バスウエスト（株）,"上福04, ふじ01・ふじ02, ふじ03"
さくら通り,山手ケアサービス（株）,ふじみん号Dコース
市役所前,国際興業（株）,浦12/12-2/13/13-2/浦桜13-3
渡戸一丁目,（株）ライフバス,"2　ふじみ野駅東口発〜（ひばり台経由）富士見ニュータウン折返し線, 3　鶴瀬駅東口発〜富士見ニュータウン循環線"
向原団地,飯能市,"精明東コース, 精明西コース"
西戸橋,国際興業（株）,"浦12/12-2/13/13-2/浦桜13-3, 北浦80"
広ヶ谷戸,国際興業（株）,"浦04, 浦04-2/04-2H, 浦04-3, 浦05"
西原,国際興業（株）,"川19, 川20, 東浦82/82-2, 東川03, 安80"
埼玉協同病院入口,川口市,芝・神根循環
埼玉協同病院入口,国際興業（株）,東浦82/82-2
上南畑,東武バスウエスト（株）,志21・志25
つつじ野団地西,狭山市,市内循環バス「茶の花号」水富コース
アイムふじみ野,東武バスウエスト（株）,ふじ03
新富士見橋,西武バス（株）,"深夜, 狭山22, 狭山22-1, 狭山29, 狭山29-1, 狭山20, 狭山25, 狭山26"
道庭公園前,メートー観光（株）,"M1　吉川駅南口⇔三郷駅西口（みさと団地廻り）, M1-2　吉川駅南口⇔三郷駅西口（団地1街区廻り）, M5　吉川美南駅⇔新三郷駅西口"
団地北口,東武バスセントラル（株）,"三07, 三10"
団地北口,マイスカイ交通（株）,M-20-1（新三郷駅西口〜ピアラシティ〜三郷中央駅）
みほの住宅入口,山手ケアサービス（株）,ふじみん号Bコース
日向,国際興業（株）,"浦12/12-2/13/13-2/浦桜13-3, 北浦80"
新栄小学校前,朝日自動車（株）,新田駅東口〜新栄団地
新栄小学校前,東武バスセントラル（株）,川10
新栄小学校前,草加市,パリポリくんバス　新田ルート
早稲田8丁目西,マイスカイ交通（株）,"M-02（新三郷駅東口〜早稲田5丁目〜三郷駅北口〜三郷市役所〜三郷中央駅）, M-02-1（新三郷駅東口〜仁蔵橋東〜三郷駅北口）, M-61（後谷〜三郷駅北口）"
長沢医院,（株）ライフバス,2　ふじみ野駅東口発〜（ひばり台経由）富士見ニュータウン折返し線
大塚,国際興業（株）,"川19, 川20, 東浦82/82-2, 東川03, 安80"
東浦和駅南,川口市,芝・神根循環
イオン大井店,東武バスウエスト（株）,ふじ03
南畑公民館入口,富士見市,"老人センター線, 富士見高校線"
草刈街道,西武バス（株）,新狭02
草刈街道,狭山市,市内循環バス「茶の花号」堀兼コース
つつじ野団地中央,西武バス（株）,"深夜, 狭山22, 狭山22-1, 狭山29, 狭山29-1"
つつじ野団地中央,狭山市,市内循環バス「茶の花号」通勤通学コース（稲荷山公園駅）
イオン大井店前,山手ケアサービス（株）,ふじみん号Cコース
仲町三丁目,国際興業（株）,"浦12/12-2/13/13-2/浦桜13-3, 浦15"
西立野西,川口市,戸塚・安行循環
新町東,川口市,戸塚・安行循環
新町東,国際興業（株）,"川19, 安80"
ふじみ野駅東口,富士見市,ふじみ野駅線
ふじみ野駅東口,東武バスウエスト（株）,ふじ05
ふじみ野駅東口,（株）ライフバス,2　ふじみ野駅東口発〜（ひばり台経由）富士見ニュータウン折返し線
ふじみ野駅東口,山手ケアサービス（株）,ふじみん号Bコース
臼井酒店,（株）ライフバス,"2　ふじみ野駅東口発〜（ひばり台経由）富士見ニュータウン折返し線, 3　鶴瀬駅東口発〜富士見ニュータウン循環線"
東仲町,国際興業（株）,"浦01, 浦02, 浦03, 浦06, 浦08/08-2, 浦09, 浦90, 浦91, 美01"
永田大杉,国際興業（株）,"名栗01/02/飯01/01-2/02/02-2/03/03-2/06, 飯04, 飯07"
サブセンター,東武バスセントラル（株）,"三07, 三10"
サブセンター,マイスカイ交通（株）,M-20-1（新三郷駅西口〜ピアラシティ〜三郷中央駅）
サブセンター,メートー観光（株）,M2　北部みさと団地循環
大井中央四丁目,西武バス（株）,"所58-1, 所58-2, 大34, 古01"
大井中央四丁目,東武バスウエスト（株）,"ふじ01・ふじ02, ふじ03"
ロイヤルパインズホテル浦和,国際興業（株）・東京空港交通（株）,空港連絡バス浦和・武蔵浦和-羽田空港
前地三丁目,国際興業（株）,"浦04, 浦04-2/04-2H, 浦04-3, 浦05, 浦50/50-2/南浦12, 浦51/51-3"
南畑公民館,富士見市,"老人センター線, 富士見高校線"
狭山台一丁目,西武バス（株）,"狭山30, 狭山30-1"
市民会館,東武バスウエスト（株）,"岩04, 岩05, 浦31"
観音堂,富士見市,ふじみ野駅線
観音堂,（株）ライフバス,2　ふじみ野駅東口発〜（ひばり台経由）富士見ニュータウン折返し線
赤沢,国際興業（株）,"名栗01/02/飯01/01-2/02/02-2/03/03-2/06, 学05/05-2/05-3"
西鶴ケ岡,山手ケアサービス（株）,ふじみん号Dコース
バイパス口,国際興業（株）,"川19, 東浦82/82-2, 安80"
本村,国際興業（株）,浦50/50-2/南浦12
入間川東小学校入口,狭山市,市内循環バス「茶の花号」奥富・狭山コース
浄水場入口（草加市）,東武バスセントラル（株）,新田38
浄水場入口,草加市,パリポリくんバス　北東ルート
井沼方,国際興業（株）,"浦04, 浦04-2/04-2H, 浦04-3"
名栗川橋,国際興業（株）,名栗01/02/飯01/01-2/02/02-2/03/03-2/06
飯能看護学校,飯能市,精明西コース
JA南畑支店前,東武バスウエスト（株）,志21・志25
諏訪前橋,国際興業（株）,浦12/12-2/13/13-2/浦桜13-3
東浦和団地入口,国際興業（株）,東浦82/82-2
彦糸中学校前,メートー観光（株）,M2　北部みさと団地循環
長蔵二丁目,川口市,戸塚・安行循環
長蔵二丁目,国際興業（株）,"西川04, 東川84, 鳩05"
狭山台胃腸科外科,狭山市,市内循環バス「茶の花号」堀兼コース
中屋敷,国際興業（株）,"名栗01/02/飯01/01-2/02/02-2/03/03-2/06, 学05/05-2/05-3"
市民会館入口,国際興業（株）,"浦12/12-2/13/13-2/浦桜13-3, 浦15"
ふじみ野駅西口,東武バスウエスト（株）,"鶴01, ふじ01・ふじ02, ふじ03"
ふじみ野駅西口,（株）ライフバス,"6A　鶴瀬駅西口〜上富経由・ふじみ野駅西口折り返し線, 6B　鶴瀬駅西口〜セントラル病院経由・ふじみ野駅西口折り返し線"
ふじみ野駅西口,山手ケアサービス（株）,ふじみん号Cコース
鯛ヶ窪橋,国際興業（株）,浦15
南元宿,国際興業（株）,"浦11, 浦11-2, 浦12/12-2/13/13-2/浦桜13-3, 北浦80"
上の台,飯能市,"精明東コース, 精明西コース"
下田,富士見市,"老人センター線, 富士見高校線"
下田,東武バスウエスト（株）,志21・志25
下田,西武バス（株）,大35
市民温水プール入口,東武バスセントラル（株）,新田38
市民温水プール入口,草加市,パリポリくんバス　北東ルート
柳崎県営住宅,国際興業（株）,"蕨02, 西川07/07-2, 東浦11"
グランド入口（狭山市）,西武バス（株）,狭山31
緑ヶ丘一丁目,西武バス（株）,"所58-1, 所58-2, 大34, 古01"
緑ケ丘一丁目,東武バスウエスト（株）,"ふじ01・ふじ02, ふじ03"
新町,国際興業（株）,東浦82/82-2
ふじみ野駅西口入口,（株）ライフバス,"6A　鶴瀬駅西口〜上富経由・ふじみ野駅西口折り返し線, 6B　鶴瀬駅西口〜セントラル病院経由・ふじみ野駅西口折り返し線"
社会福祉会館,西武バス（株）,"深夜, 狭山27, 狭山22, 狭山22-1, 狭山29, 狭山29-1, 狭山20, 狭山25, 狭山26"
グランド入口,狭山市,市内循環バス「茶の花号」堀兼コース
早稲田八丁目,東武バスセントラル（株）,"三13, 三15"
十四街区,東武バスセントラル（株）,"三07, 三10"
十四街区,マイスカイ交通（株）,M-20-1（新三郷駅西口〜ピアラシティ〜三郷中央駅）
団地14街区,メートー観光（株）,M2　北部みさと団地循環
団地11街区,メートー観光（株）,M2　北部みさと団地循環
公園前（三郷市）,東武バスセントラル（株）,"三07, 三10"
公園前,マイスカイ交通（株）,M-20-1（新三郷駅西口〜ピアラシティ〜三郷中央駅）
埼大裏,さいたま市,桜区コミュニティバス
埼大裏,国際興業（株）,浦12/12-2/13/13-2/浦桜13-3
西立野西,国際興業（株）,"川19, 安80"
ふじみ野駅入口,東武バスウエスト（株）,"鶴01, ふじ01・ふじ02, ふじ03"
聖望学園入口,西武バス（株）,狭山25
聖望学園入口,イーグルバス（株）,H06・H06-1・H10・H10-1・H10-2・H13　日高・飯能路線
二ツ橋,朝日自動車（株）,新田駅東口〜新栄団地
二ツ橋,東武バスセントラル（株）,川10
二ツ橋,草加市,パリポリくんバス　新田ルート
木曽呂中,国際興業（株）,"川19, 川20, 東川03, 安80"
河原宿,西武バス（株）,"深夜, 狭山22, 狭山22-1, 狭山29, 狭山29-1, 狭山20, 狭山25, 狭山26"
広瀬消防署前,西武バス（株）,"深夜, 狭山22, 狭山22-1, 狭山29, 狭山29-1"
広瀬消防署,狭山市,"市内循環バス「茶の花号」水富コース, 市内循環バス「茶の花号」通勤通学コース（稲荷山公園駅）"
寺沢商店,（株）ライフバス,"2　ふじみ野駅東口発〜（ひばり台経由）富士見ニュータウン折返し線, 3　鶴瀬駅東口発〜富士見ニュータウン循環線"
そうか公園,東武バスセントラル（株）,"新田38, 松原37"
そうか公園,草加市,パリポリくんバス　北東ルート
新三郷ららシティ,東武バスセントラル（株）,三07
新三郷ららシティ,マイスカイ交通（株）,M-20-1（新三郷駅西口〜ピアラシティ〜三郷中央駅）
日の出通り,国際興業（株）,"浦04, 浦04-2/04-2H, 浦04-3, 浦05, 浦50/50-2/南浦12, 浦51/51-3"
中央図書館入口（狭山市）,西武バス（株）,"深夜, 狭山27, 狭山24-1, 狭山24, 狭山22, 狭山22-1, 狭山29, 狭山21-1, 狭山21, 狭山29-1, 狭山20, 狭山25, 狭山26"
彦糸一丁目北,メートー観光（株）,"M1　吉川駅南口⇔三郷駅西口（みさと団地廻り）, M1-2　吉川駅南口⇔三郷駅西口（団地1街区廻り）, M5　吉川美南駅⇔新三郷駅西口"
通船堀大橋,川口市,芝・神根循環
通船堀大橋,国際興業（株）,東浦82/82-2
OH！！！・天覧山下,国際興業（株）,飯07
大井総合支所入口,東武バスウエスト（株）,ふじ03
山室二丁目,（株）ライフバス,3　鶴瀬駅東口発〜富士見ニュータウン循環線
亀居銀座,山手ケアサービス（株）,ふじみん号Dコース
明花,さいたま市,南区コミュニティバス
明花,国際興業（株）,"浦04, 浦04-2/04-2H, 浦04-3, 浦05"
総合グランド,東武バスセントラル（株）,"新田38, 松原34, 松原36"
西堀高沼公園,国際興業（株）,浦15
西立野中央,国際興業（株）,"川19, 安80"
戸塚安行駅,川口市,戸塚・安行循環
戸塚安行駅,東武バスセントラル（株）,川10
戸塚安行駅,国際興業（株）,"西川04, 川19, 東川84, 鳩05, 安80"
彦糸2丁目,メートー観光（株）,"M2　北部みさと団地循環, M3　吉川駅南口⇔三郷中央駅（ピアラシティ経由）"
後谷小学校入口,マイスカイ交通（株）,"M-60（マイスカイ車庫〜三郷駅北口〜三郷中央駅）, M-02（新三郷駅東口〜早稲田5丁目〜三郷駅北口〜三郷市役所〜三郷中央駅）, M-02-1（新三郷駅東口〜仁蔵橋東〜三郷駅北口）, M-61（後谷〜三郷駅北口）"
大井総合福祉センター,山手ケアサービス（株）,ふじみん号Dコース
堀兼農協前,西武バス（株）,新狭02
堀兼農協前,狭山市,市内循環バス「茶の花号」堀兼コース
新三郷駅東口,マイスカイ交通（株）,"M-02（新三郷駅東口〜早稲田5丁目〜三郷駅北口〜三郷市役所〜三郷中央駅）, M-02-1（新三郷駅東口〜仁蔵橋東〜三郷駅北口）, M-31（新三郷駅東口〜丹後橋〜丹後小学校入口〜三郷駅北口）"
薬師堂前,山手ケアサービス（株）,ふじみん号Bコース
柳崎,川口市,芝・神根循環
柳崎,国際興業（株）,"蕨02, 西川07/07-2, 東浦11"
大塚南,川口市,芝・神根循環
東渡戸信号,（株）ライフバス,2　ふじみ野駅東口発〜（ひばり台経由）富士見ニュータウン折返し線
苗間,東武バスウエスト（株）,鶴01
苗間,山手ケアサービス（株）,ふじみん号Bコース
長蔵一丁目,川口市,戸塚・安行循環
長蔵一丁目,国際興業（株）,"西川04, 東川84, 鳩05"
広瀬橋北,西武バス（株）,"深夜, 狭山22, 狭山22-1, 狭山29, 狭山29-1, 狭山20, 狭山25, 狭山26"
浦和駅東口,国際興業（株）,"浦01, 浦02, 浦03, 浦04, 浦04-2/04-2H, 浦04-3, 浦05, 浦06, 浦08/08-2, 浦09, 浦50/50-2/南浦12, 浦90, 浦91, J01, J03, 美01"
イーストシティ,国際興業（株）,"浦04, 浦04-2/04-2H, 浦04-3"
ハマダテクノス前,西武バス（株）,"本55, 【本55】深夜, 新所02"
早稲田8丁目東,マイスカイ交通（株）,"M-60（マイスカイ車庫〜三郷駅北口〜三郷中央駅）, M-02（新三郷駅東口〜早稲田5丁目〜三郷駅北口〜三郷市役所〜三郷中央駅）, M-02-1（新三郷駅東口〜仁蔵橋東〜三郷駅北口）, M-61（後谷〜三郷駅北口）"
七夕橋,西武バス（株）,"深夜, 狭山22, 狭山22-1, 狭山29, 狭山29-1, 狭山20, 狭山25, 狭山26"
町谷,国際興業（株）,"浦11, 浦12/12-2/13/13-2/浦桜13-3"
峯,国際興業（株）,名栗01/02/飯01/01-2/02/02-2/03/03-2/06
早稲田6丁目,マイスカイ交通（株）,"M-60（マイスカイ車庫〜三郷駅北口〜三郷中央駅）, M-02（新三郷駅東口〜早稲田5丁目〜三郷駅北口〜三郷市役所〜三郷中央駅）, M-02-1（新三郷駅東口〜仁蔵橋東〜三郷駅北口）, M-61（後谷〜三郷駅北口）"
大井総合支所前,東武バスウエスト（株）,"上福04, ふじ01・ふじ02, ふじ03"
飯能西中学校,国際興業（株）,飯07
天覧山入口,国際興業（株）,"飯12-2, 飯30, 医大11/12/31/32"
上赤沢,国際興業（株）,"名栗01/02/飯01/01-2/02/02-2/03/03-2/06, 学05/05-2/05-3"
新三郷駅,東武バスセントラル（株）,"金52, 金54, 三07, 三08, 三08-2, 三09, 三10"
長栄北,草加市,パリポリくんバス　新田ルート
浦和駅西口,東武バスウエスト（株）,"岩04, 岩05, 浦31"
浦和駅西口,国際興業（株）・東京空港交通（株）,空港連絡バス浦和・武蔵浦和-羽田空港
浦和駅西口,国際興業（株）,"浦11, 浦11-2, 浦12/12-2/13/13-2/浦桜13-3, 浦15, 浦19-2, 浦51/51-3, 浦81, 武浦10/10-2, J01, J03, 志01/01-2/1-3/80"
西武ぶしニュータウン,西武バス（株）,ぶし01
狭山台交番,狭山市,市内循環バス「茶の花号」堀兼コース
長栄中央公園,草加市,パリポリくんバス　新田ルート
丹後保育所入口,東武バスセントラル（株）,"早01, 三13, 三15"
蒲生南町,東武バスセントラル（株）,松原35
興禅寺,富士見市,"老人センター線, 富士見高校線"
本郷,国際興業（株）,"名栗01/02/飯01/01-2/02/02-2/03/03-2/06, 飯04, 飯07"
新栄,朝日自動車（株）,新田駅東口〜新栄団地
新三郷駅西口,マイスカイ交通（株）,"M-20-1（新三郷駅西口〜ピアラシティ〜三郷中央駅）, M-08（新三郷駅西口〜三郷団地〜三郷北高校西〜三郷市役所〜三郷中央駅）"
新三郷駅西口,メートー観光（株）,"M1　吉川駅南口⇔三郷駅西口（みさと団地廻り）, M1-2　吉川駅南口⇔三郷駅西口（団地1街区廻り）, M5　吉川美南駅⇔新三郷駅西口, M6　新三郷駅西口⇔ピアラシティ"
新栄南,草加市,パリポリくんバス　新田ルート
飯能警察署,飯能市,精明西コース
細野,国際興業（株）,"浦50/50-2/南浦12, 南浦51, 南浦52"
七夕通り商店街,西武バス（株）,"深夜, 狭山27, 狭山22, 狭山22-1, 狭山29, 狭山29-1, 狭山20, 狭山25, 狭山26"
苗間自転車駐車場前,山手ケアサービス（株）,ふじみん号Cコース
新兵衛,東武バスセントラル（株）,川10
町谷三丁目,国際興業（株）,"浦11, 浦12/12-2/13/13-2/浦桜13-3"
柳崎五丁目,川口市,芝・神根循環
川柳小学校前,東武バスセントラル（株）,"新田38, 松原34, 松原36"
渡戸,富士見市,ふじみ野駅線
狭山台二丁目,西武バス（株）,"狭山30, 狭山30-1"
丹後神社前,マイスカイ交通（株）,"M-60（マイスカイ車庫〜三郷駅北口〜三郷中央駅）, M-02（新三郷駅東口〜早稲田5丁目〜三郷駅北口〜三郷市役所〜三郷中央駅）, M-02-1（新三郷駅東口〜仁蔵橋東〜三郷駅北口）, M-61（後谷〜三郷駅北口）"
カリヨン広場入口,山手ケアサービス（株）,ふじみん号Cコース
東久保,（株）ライフバス,"6A　鶴瀬駅西口〜上富経由・ふじみ野駅西口折り返し線, 6B　鶴瀬駅西口〜セントラル病院経由・ふじみ野駅西口折り返し線"
大井総合支所,山手ケアサービス（株）,"ふじみん号Cコース, ふじみん号Dコース"
東渡戸信号,（株）ライフバス,3　鶴瀬駅東口発〜富士見ニュータウン循環線
難波田城公園,富士見市,老人センター線
浦和駅東口（東口通り）,国際興業（株）,浦51/51-3
上広瀬,西武バス（株）,"狭山20, 狭山25, 狭山26"
上広瀬,狭山市,市内循環バス「茶の花号」水富コース
苗間神明神社,東武バスウエスト（株）,鶴01
青陵高校北,川口市,芝・神根循環
飯能高校,国際興業（株）,"飯12-2, 飯30, 医大11/12/31/32"
栄和,さいたま市,桜区コミュニティバス
栄和,国際興業（株）,"浦11, 浦12/12-2/13/13-2/浦桜13-3"
十街区,東武バスセントラル（株）,"三07, 三10"
十街区,マイスカイ交通（株）,M-20-1（新三郷駅西口〜ピアラシティ〜三郷中央駅）
大谷口向,さいたま市,南区コミュニティバス
大谷口向,国際興業（株）,"浦04, 浦04-2/04-2H, 浦04-3"
うぐいす公園入口,東武バスセントラル（株）,"早01, 三13, 三15"
ららぽーと富士見,西武バス（株）,大35
ららぽーと富士見,東武バスウエスト（株）,"志21・志25, 鶴02, ふじ05"
市民温水プール,東武バスセントラル（株）,八潮03（八03）
飯能第一小学校,国際興業（株）,飯07
狭山市駅西口,西武バス（株）,"深夜, 狭山27, 狭山24-1, 狭山24, 狭山28, 狭山22, 狭山22-1, 狭山29, 狭山21-1, 狭山21, 狭山29-1, 狭山20, 狭山25, 狭山26"
狭山市駅西口,狭山市,"市内循環バス「茶の花号」水富コース, 市内循環バス「茶の花号」奥富・狭山コース"
十石田,さいたま市,桜区コミュニティバス
十石田,国際興業（株）,"浦11, 浦12/12-2/13/13-2/浦桜13-3, 浦15"
下赤坂,西武バス（株）,"本55, 【本55】深夜, 新所02"
JA大井西部支店前,山手ケアサービス（株）,ふじみん号Dコース
市場,国際興業（株）,名栗01/02/飯01/01-2/02/02-2/03/03-2/06
彦糸東,メートー観光（株）,M3　吉川駅南口⇔三郷中央駅（ピアラシティ経由）
新栄中学校入口,朝日自動車（株）,新田駅東口〜新栄団地
三角,西武バス（株）,"所58-1, 所58-2, 大34, 古01"
富士見市役所,富士見市,"ふじみ野駅線, みずほ台駅・水谷東線, 老人センター線, 鶴瀬駅循環, 富士見高校線"
保健センター入口,狭山市,市内循環バス「茶の花号」堀兼コース
青柳中央,東武バスセントラル（株）,"新田38, 松原34, 松原36"
JA大井支店前,東武バスウエスト（株）,"鶴01, ふじ01・ふじ02"
県庁通り,国際興業（株）,"浦11, 浦11-2, 浦19-2, 浦81, 武浦10/10-2, 志01/01-2/1-3/80"
長栄会館入口,草加市,パリポリくんバス　新田ルート
富士見市役所前,（株）ライフバス,3　鶴瀬駅東口発〜富士見ニュータウン循環線
カトレア公園前,東武バスセントラル（株）,早01
ニュータウン北（飯能市）,西武バス（株）,ぶし01
石神中,川口市,戸塚・安行循環
石神中,国際興業（株）,東浦82/82-2
渡戸三丁目,（株）ライフバス,3　鶴瀬駅東口発〜富士見ニュータウン循環線
太田窪四丁目,国際興業（株）,"南浦51, 南浦52"
彦糸一丁目南,メートー観光（株）,"M1　吉川駅南口⇔三郷駅西口（みさと団地廻り）, M1-2　吉川駅南口⇔三郷駅西口（団地1街区廻り）, M5　吉川美南駅⇔新三郷駅西口"
大井交番前,山手ケアサービス（株）,ふじみん号Dコース
埼玉会館,国際興業（株）,"浦11, 浦11-2, 浦19-2, 浦81, 武浦10/10-2, 志01/01-2/1-3/80"
興禅寺入口,東武バスウエスト（株）,志21・志25
工場前,国際興業（株）,飯15/15-2
吾妻峡入口,国際興業（株）,"名栗01/02/飯01/01-2/02/02-2/03/03-2/06, 飯04"
道場,さいたま市,桜区コミュニティバス
道場,国際興業（株）,"浦11, 浦12/12-2/13/13-2/浦桜13-3"
土合小学校,国際興業（株）,"浦11, 浦11-2, 北浦80"
西堀氷川トンネル,国際興業（株）,浦15
市民会館・博物館,国際興業（株）,"名栗01/02/飯01/01-2/02/02-2/03/03-2/06, 飯04"
宮下橋,川口市,芝・神根循環
宮下橋,国際興業（株）,"蕨02, 西川07/07-2, 東浦11"
入谷,東武バスセントラル（株）,八潮03（八03）
天神前（川口市）,東武バスセントラル（株）,川10
羽沢郵便局,富士見市,ふじみ野駅線
富士見市役所前,東武バスウエスト（株）,鶴02
大井図書館前,山手ケアサービス（株）,ふじみん号Dコース
本町二丁目（狭山市）,西武バス（株）,狭山27
丹後橋東,マイスカイ交通（株）,"M-60（マイスカイ車庫〜三郷駅北口〜三郷中央駅）, M-02（新三郷駅東口〜早稲田5丁目〜三郷駅北口〜三郷市役所〜三郷中央駅）, M-02-1（新三郷駅東口〜仁蔵橋東〜三郷駅北口）, M-61（後谷〜三郷駅北口）"
コミュニティセンター,東武バスセントラル（株）,八潮03（八03）
大井中央一丁目,東武バスウエスト（株）,"ふじ01・ふじ02, ふじ03"
狭山市駅東口,西武バス（株）,"狭山30, 狭山30-1, 狭山31"
岩根橋,国際興業（株）,"名栗01/02/飯01/01-2/02/02-2/03/03-2/06, 飯04"
三郷団地5街区,マイスカイ交通（株）,M-08（新三郷駅西口〜三郷団地〜三郷北高校西〜三郷市役所〜三郷中央駅）
黒指,国際興業（株）,"名栗01/02/飯01/01-2/02/02-2/03/03-2/06, 学05/05-2/05-3"
団地五街区,メートー観光（株）,"M1　吉川駅南口⇔三郷駅西口（みさと団地廻り）, M5　吉川美南駅⇔新三郷駅西口, M6　新三郷駅西口⇔ピアラシティ"
五街区,東武バスセントラル（株）,"金52, 金54, 三07, 三09, 三10"
下広瀬,西武バス（株）,"狭山20, 狭山25, 狭山26"
下広瀬,狭山市,市内循環バス「茶の花号」水富コース
浅間,国際興業（株）,飯15/15-2
大井浄水場前,山手ケアサービス（株）,ふじみん号Dコース
県庁前,国際興業（株）,"浦11, 浦11-2, 浦19-2, 浦81, 武浦10/10-2, 志01/01-2/1-3/80"
文京学院大学前,東武バスウエスト（株）,"ふじ01・ふじ02, ふじ03"
新栄中央公園,草加市,パリポリくんバス　新田ルート
みどりヶ丘住宅,西武バス（株）,古01
丹後郵便局前,東武バスセントラル（株）,"早01, 三13, 三15"
みどりヶ丘住宅入口,山手ケアサービス（株）,ふじみん号Dコース
八幡町,西武バス（株）,狭山25
八幡町,イーグルバス（株）,H06・H06-1・H10・H10-1・H10-2・H13　日高・飯能路線
八幡町,国際興業（株）,"飯12-2, 飯30, 医大11/12/31/32"
桜区役所,さいたま市,桜区コミュニティバス
桜区役所,国際興業（株）,"浦11, 浦12/12-2/13/13-2/浦桜13-3, 浦15"
叺原,川口市,芝・神根循環
うれし野ソヨカ前,山手ケアサービス（株）,ふじみん号Cコース
双柳,国際興業（株）,飯15/15-2
明花南,さいたま市,南区コミュニティバス
安行藤八,川口市,戸塚・安行循環
谷田小学校,国際興業（株）,"浦50/50-2/南浦12, 南浦51, 南浦52"
丹後橋,マイスカイ交通（株）,M-31（新三郷駅東口〜丹後橋〜丹後小学校入口〜三郷駅北口）
山室会館,富士見市,"ふじみ野駅線, 鶴瀬駅循環"
山室会館,東武バスウエスト（株）,ふじ05
早稲田中学校入口,マイスカイ交通（株）,M-31（新三郷駅東口〜丹後橋〜丹後小学校入口〜三郷駅北口）
金明町東,草加市,パリポリくんバス　新田ルート
狭山台公民館入口,西武バス（株）,狭山31
鹿戸,国際興業（株）,"名栗01/02/飯01/01-2/02/02-2/03/03-2/06, 学05/05-2/05-3"
みさと団地,東武バスセントラル（株）,"金52, 金54, 三07, 三09, 三10"
みさと団地,メートー観光（株）,"M1　吉川駅南口⇔三郷駅西口（みさと団地廻り）, M5　吉川美南駅⇔新三郷駅西口, M6　新三郷駅西口⇔ピアラシティ"
三郷団地,マイスカイ交通（株）,M-08（新三郷駅西口〜三郷団地〜三郷北高校西〜三郷市役所〜三郷中央駅）
根岸中央,西武バス（株）,"狭山20, 狭山25, 狭山26"
根岸中央,狭山市,市内循環バス「茶の花号」水富コース
ネオポリス住宅入口,朝日自動車（株）,新田駅東口〜新栄団地
西堀五丁目,国際興業（株）,浦15
新光中央公園,西武バス（株）,ぶし01
早稲田6丁目南,マイスカイ交通（株）,M-31（新三郷駅東口〜丹後橋〜丹後小学校入口〜三郷駅北口）
松ヶ丘住宅入口,山手ケアサービス（株）,ふじみん号Dコース
柳橋,国際興業（株）,"南浦51, 南浦52"
イケア前（三郷市）,東武バスセントラル（株）,三08-2
道場一丁目,さいたま市,桜区コミュニティバス
彦音二丁目,メートー観光（株）,M3　吉川駅南口⇔三郷中央駅（ピアラシティ経由）
根岸新道,西武バス（株）,"狭山20, 狭山25, 狭山26"
根岸新道,狭山市,市内循環バス「茶の花号」水富コース
川柳中学校入口,東武バスセントラル（株）,"松原34, 松原36, 松原37"
川柳中学校入口,草加市,パリポリくんバス　北東ルート
狭山台ショッピングセンター前,西武バス（株）,"狭山30, 狭山30-1"
青上橋,東武バスセントラル（株）,"新田38, 松原34, 松原36"
北部図書館入口,東武バスセントラル（株）,"三07, 三10"
市営住宅,国際興業（株）,飯15/15-2
市沢一丁目,山手ケアサービス（株）,ふじみん号Cコース
大野原（ふじみ野市）,西武バス（株）,古01
大井西中学校入口,山手ケアサービス（株）,ふじみん号Dコース
榊原内装,（株）ライフバス,3　鶴瀬駅東口発〜富士見ニュータウン循環線
新田駅北,草加市,パリポリくんバス　新田ルート
東入間警察署前,東武バスウエスト（株）,ふじ01・ふじ02
早稲田六丁目,東武バスセントラル（株）,"早01, 三13, 三15"
八街区,東武バスセントラル（株）,"三07, 三10"
羽沢一丁目,富士見市,ふじみ野駅線
下諏訪,西武バス（株）,狭山27
狭山台中央公園,狭山市,市内循環バス「茶の花号」堀兼コース
諏訪橋,国際興業（株）,名栗01/02/飯01/01-2/02/02-2/03/03-2/06
丹後小学校北,マイスカイ交通（株）,M-31（新三郷駅東口〜丹後橋〜丹後小学校入口〜三郷駅北口）
羽沢,富士見市,"ふじみ野駅線, 鶴瀬駅循環"
羽沢,東武バスウエスト（株）,ふじ05
木曽呂南,川口市,芝・神根循環
木曽呂南,国際興業（株）,"川19, 川20, 東川03, 安80"
井戸窪,西武バス（株）,"狭山30, 狭山30-1"
飯能河原,国際興業（株）,"名栗01/02/飯01/01-2/02/02-2/03/03-2/06, 飯04, 飯07"
ららシティ二丁目,東武バスセントラル（株）,三08
飯能市役所,飯能市,"加治コース, 精明東コース, 精明西コース"
市役所前,国際興業（株）,飯15/15-2
長栄南,朝日自動車（株）,新田駅東口〜新栄団地
福祉センター,国際興業（株）,飯15/15-2
青柳五丁目,東武バスセントラル（株）,"新田38, 松原34, 松原36"
県合同庁舎,国際興業（株）,飯15/15-2
柳崎公園,川口市,芝・神根循環
中央図書館,富士見市,"みずほ台駅・水谷東線, 鶴瀬駅循環"
浦和競馬場,国際興業（株）,"南浦51, 南浦52"
上沢一丁目,（株）ライフバス,3　鶴瀬駅東口発〜富士見ニュータウン循環線
彦郷小学校前,東武バスセントラル（株）,"三07, 三10"
入間川病院前,西武バス（株）,狭山31
双柳小学校入口,国際興業（株）,飯15/15-2
市役所入口,西武バス（株）,狭山28
市役所入口,狭山市,市内循環バス「茶の花号」水富コース
草加高校入口,東武バスセントラル（株）,"新田38, 松原36"
附属中学校,国際興業（株）,"浦11, 浦11-2, 志01/01-2/1-3/80"
安行花山下,東武バスセントラル（株）,川10
安行花山下,国際興業（株）,"西川04, 西川04-2, 東川84, 鳩05"
彦音一丁目,メートー観光（株）,"M1　吉川駅南口⇔三郷駅西口（みさと団地廻り）, M1-2　吉川駅南口⇔三郷駅西口（団地1街区廻り）, M5　吉川美南駅⇔新三郷駅西口"
法務局前,東武バスセントラル（株）,"新田38, 松原36"
清門北,朝日自動車（株）,新田駅東口〜新栄団地
八條八幡神社,東武バスセントラル（株）,八潮03（八03）
公民館前,西武バス（株）,狭山27
浦和市場入口,国際興業（株）,浦15
道場三丁目,国際興業（株）,浦15
八丁,山手ケアサービス（株）,ふじみん号Dコース
金明町,草加市,パリポリくんバス　新田ルート
東入間警察署前,山手ケアサービス（株）,ふじみん号Cコース
八丁（ふじみ野市）,西武バス（株）,古01
上沢,東武バスウエスト（株）,鶴01
堀兼,西武バス（株）,新狭02
堀兼,狭山市,市内循環バス「茶の花号」堀兼コース
早稲田七丁目南,東武バスセントラル（株）,早01
総合福祉センター南,飯能市,"加治コース, 精明東コース, 精明西コース"
別所沼公園,国際興業（株）,"浦11, 浦11-2, 志01/01-2/1-3/80"
つつみ会館前,東武バスセントラル（株）,早01
早稲田5丁目,マイスカイ交通（株）,"M-60（マイスカイ車庫〜三郷駅北口〜三郷中央駅）, M-02（新三郷駅東口〜早稲田5丁目〜三郷駅北口〜三郷市役所〜三郷中央駅）, M-02-1（新三郷駅東口〜仁蔵橋東〜三郷駅北口）, M-61（後谷〜三郷駅北口）"
北部区画整理事務所,川口市,戸塚・安行循環
さくら住宅,東武バスウエスト（株）,"ふじ01・ふじ02, ふじ03"
本町,国際興業（株）,"名栗01/02/飯01/01-2/02/02-2/03/03-2/06, 飯04, 飯07"
上苗間,東武バスウエスト（株）,ふじ01・ふじ02
中浦和駅北入口,さいたま市,桜区コミュニティバス
福祉活動センター,富士見市,"みずほ台駅・水谷東線, 鶴瀬駅循環"
狭山厚生病院入口,西武バス（株）,狭山31
三郷技術高校前,マイスカイ交通（株）,M-08（新三郷駅西口〜三郷団地〜三郷北高校西〜三郷市役所〜三郷中央駅）
西武狭山台ハイツ,西武バス（株）,"狭山30, 狭山30-1"
三郷工業技術高校前,メートー観光（株）,"M1　吉川駅南口⇔三郷駅西口（みさと団地廻り）, M5　吉川美南駅⇔新三郷駅西口, M6　新三郷駅西口⇔ピアラシティ"
慈眼寺前,西武バス（株）,狭山28
慈眼寺前,狭山市,市内循環バス「茶の花号」水富コース
八條中学校,東武バスセントラル（株）,八潮03（八03）
川柳文化センター,草加市,パリポリくんバス　北東ルート
北部図書館,メートー観光（株）,"M1　吉川駅南口⇔三郷駅西口（みさと団地廻り）, M1-2　吉川駅南口⇔三郷駅西口（団地1街区廻り）, M5　吉川美南駅⇔新三郷駅西口, M6　新三郷駅西口⇔ピアラシティ"
松本接骨院,（株）ライフバス,3　鶴瀬駅東口発〜富士見ニュータウン循環線
丹後小学校入口,東武バスセントラル（株）,"早01, 三13, 三15"
丹後小学校入口,マイスカイ交通（株）,M-31（新三郷駅東口〜丹後橋〜丹後小学校入口〜三郷駅北口）
高校入口（草加市）,東武バスセントラル（株）,松原35
彦成北,メートー観光（株）,M3　吉川駅南口⇔三郷中央駅（ピアラシティ経由）
市沢三丁目,山手ケアサービス（株）,ふじみん号Cコース
仲町,国際興業（株）,"名栗01/02/飯01/01-2/02/02-2/03/03-2/06, 飯04, 飯07"
八幡町入口,東武バスセントラル（株）,"新田38, 松原36"
狭山グリーンハイツ,西武バス（株）,狭山20
中央通り（狭山市）,西武バス（株）,"狭山30, 狭山30-1"
西堀二丁目,さいたま市,桜区コミュニティバス
小沢,国際興業（株）,名栗01/02/飯01/01-2/02/02-2/03/03-2/06
中央通り（飯能市）,西武バス（株）,狭山25
浦和工業高校,国際興業（株）,"浦11, 浦11-2, 北浦80"
町谷四丁目,さいたま市,桜区コミュニティバス
町谷四丁目,国際興業（株）,浦15
通信所前,西武バス（株）,古01
大井西中学校前,山手ケアサービス（株）,ふじみん号Dコース
大井西中学校入口,西武バス（株）,"所58-1, 所58-2, 大34"
旭橋,山手ケアサービス（株）,ふじみん号Cコース
東入間警察入口,（株）ライフバス,"6A　鶴瀬駅西口〜上富経由・ふじみ野駅西口折り返し線, 6B　鶴瀬駅西口〜セントラル病院経由・ふじみ野駅西口折り返し線"
久通谷橋,国際興業（株）,"名栗01/02/飯01/01-2/02/02-2/03/03-2/06, 学05/05-2/05-3"
狭山台三丁目,西武バス（株）,狭山31
難波田城公園南口,東武バスウエスト（株）,志21・志25
太田窪五丁目,さいたま市,南区コミュニティバス
太田窪五丁目,国際興業（株）,"浦50/50-2/南浦12, 南浦51, 南浦55/55-2/55-3"
北園住宅,国際興業（株）,"蕨02, 西川07/07-2, 東浦11"
大井通信所前,山手ケアサービス（株）,ふじみん号Dコース
浦和工業高校入口,さいたま市,桜区コミュニティバス
柳崎三丁目,さいたま市,南区コミュニティバス
県営彦成団地,メートー観光（株）,"M1　吉川駅南口⇔三郷駅西口（みさと団地廻り）, M1-2　吉川駅南口⇔三郷駅西口（団地1街区廻り）, M5　吉川美南駅⇔新三郷駅西口, M6　新三郷駅西口⇔ピアラシティ"
大井上宿,山手ケアサービス（株）,ふじみん号Cコース
広瀬橋,狭山市,"市内循環バス「茶の花号」水富コース, 市内循環バス「茶の花号」通勤通学コース（稲荷山公園駅）"
中央通り,イーグルバス（株）,H06・H06-1・H10・H10-1・H10-2・H13　日高・飯能路線
中央通り,国際興業（株）,"名栗01/02/飯01/01-2/02/02-2/03/03-2/06, 飯04, 飯07, 飯12-2, 飯15/15-2, 飯30, 医大11/12/31/32"
三郷工業技術高校入口,マイスカイ交通（株）,M-20-1（新三郷駅西口〜ピアラシティ〜三郷中央駅）
清門小学校入口,草加市,パリポリくんバス　新田ルート
新田駅東口,朝日自動車（株）,"新田駅東口〜新栄団地, 獨協大学前駅西口〜草加西高校入口〜原町三丁目〜新田駅東口"
新田駅東口,東武バスセントラル（株）,"新田38, 松原36"
新田駅東口,草加市,パリポリくんバス　新田ルート
鈴木眼科入口,（株）ライフバス,3　鶴瀬駅東口発〜富士見ニュータウン循環線
さやま地域ケアクリニック,西武バス（株）,狭山27
あおやぎ保育園,草加市,パリポリくんバス　北東ルート
北園町,国際興業（株）,"蕨06, 東浦11"
二街区,東武バスセントラル（株）,"金52, 金54, 三08, 三08-2, 三09"
団地二街区,メートー観光（株）,M1-2　吉川駅南口⇔三郷駅西口（団地1街区廻り）
大谷場小学校,国際興業（株）,"南浦51, 南浦52"
団地一街区,メートー観光（株）,M1-2　吉川駅南口⇔三郷駅西口（団地1街区廻り）
一街区,東武バスセントラル（株）,"金52, 金54, 三08, 三08-2, 三09"
椿本チエイン,国際興業（株）,飯15/15-2
クラウンパッケージ前,西武バス（株）,飯22
谷中橋,川口市,芝・神根循環
狭山台四丁目東,狭山市,市内循環バス「茶の花号」堀兼コース
清門中通り,草加市,パリポリくんバス　新田ルート
やしお寿苑,東武バスセントラル（株）,八潮03（八03）
北園住宅南,国際興業（株）,"蕨06, 東浦11"
東の台,国際興業（株）,"浦19-2, 浦81, 武浦10/10-2"
グリーンハイツ西,西武バス（株）,狭山20
桜ケ丘三丁目,山手ケアサービス（株）,ふじみん号Dコース
南浦和一丁目,国際興業（株）,"南浦51, 南浦52"
笹井団地入口,西武バス（株）,狭山26
笹井団地入口,狭山市,市内循環バス「茶の花号」水富コース
円明院北,メートー観光（株）,"M1　吉川駅南口⇔三郷駅西口（みさと団地廻り）, M1-2　吉川駅南口⇔三郷駅西口（団地1街区廻り）, M5　吉川美南駅⇔新三郷駅西口"
鶴瀬小学校,富士見市,鶴瀬駅循環
桜田三丁目,さいたま市,桜区コミュニティバス
東洋インキ前,西武バス（株）,"本55, 【本55】深夜, 新所02"
東台,さいたま市,南区コミュニティバス
東台,国際興業（株）,"南浦52, 南浦55/55-2/55-3"
さやま総合クリニック前,狭山市,市内循環バス「茶の花号」水富コース
文化会館東,東武バスセントラル（株）,"早01, 三13, 三15"
文化会館東,マイスカイ交通（株）,M-31（新三郷駅東口〜丹後橋〜丹後小学校入口〜三郷駅北口）
JA北支店前,メートー観光（株）,"M1　吉川駅南口⇔三郷駅西口（みさと団地廻り）, M1-2　吉川駅南口⇔三郷駅西口（団地1街区廻り）, M5　吉川美南駅⇔新三郷駅西口, M6　新三郷駅西口⇔ピアラシティ"
在家橋,川口市,芝・神根循環
在家橋,国際興業（株）,"蕨06, 東浦11"
第10分団前,山手ケアサービス（株）,ふじみん号Dコース
三郷団地3街区,マイスカイ交通（株）,M-08（新三郷駅西口〜三郷団地〜三郷北高校西〜三郷市役所〜三郷中央駅）
三街区,東武バスセントラル（株）,"金52, 金54, 三09"
羽沢三丁目,（株）ライフバス,3　鶴瀬駅東口発〜富士見ニュータウン循環線
柳崎中央,国際興業（株）,南浦55/55-2/55-3
鶴瀬小学校前,東武バスウエスト（株）,鶴01
東飯能駅東口,西武バス（株）,狭山26
東飯能駅東口,飯能市,"加治コース, 精明東コース, 精明西コース"
中浦和駅,さいたま市,桜区コミュニティバス
中浦和駅,国際興業（株）,"浦11, 浦11-2, 志01/01-2/1-3/80"
団地三街区,メートー観光（株）,M1-2　吉川駅南口⇔三郷駅西口（団地1街区廻り）
青柳四丁目,草加市,パリポリくんバス　北東ルート
大野原,山手ケアサービス（株）,ふじみん号Dコース
神戸,国際興業（株）,"川19, 川20, 東川03, 安80"
四街区,東武バスセントラル（株）,"金52, 金54, 三09"
しらさぎ公園前,マイスカイ交通（株）,"M-60（マイスカイ車庫〜三郷駅北口〜三郷中央駅）, M-02（新三郷駅東口〜早稲田5丁目〜三郷駅北口〜三郷市役所〜三郷中央駅）, M-02-1（新三郷駅東口〜仁蔵橋東〜三郷駅北口）, M-61（後谷〜三郷駅北口）"
善前,さいたま市,南区コミュニティバス
善前,国際興業（株）,"浦50/50-2/南浦12, 南浦51, 南浦55/55-2/55-3"
富士見,西武バス（株）,"狭山30, 狭山30-1"
団地四街区,メートー観光（株）,M1-2　吉川駅南口⇔三郷駅西口（団地1街区廻り）
石神下,川口市,戸塚・安行循環
石神下,国際興業（株）,東浦82/82-2
狭山郵便局,西武バス（株）,"狭山30, 狭山30-1"
東飯能駅,国際興業（株）,"名栗01/02/飯01/01-2/02/02-2/03/03-2/06, 飯04, 飯15/15-2, 南高麗01, 南高麗02, 南高麗03"
栄町（飯能市）,西武バス（株）,狭山26
栄町,飯能市,"加治コース, 精明東コース, 精明西コース"
川口北スポーツセンター,川口市,芝・神根循環
川口北スポーツセンター,国際興業（株）,"蕨06, 東浦11"
わいわいロード商店街入口,朝日自動車（株）,"新田駅東口〜新栄団地, 獨協大学前駅西口〜草加西高校入口〜原町三丁目〜新田駅東口"
彦成二丁目東,メートー観光（株）,"M1　吉川駅南口⇔三郷駅西口（みさと団地廻り）, M1-2　吉川駅南口⇔三郷駅西口（団地1街区廻り）, M3　吉川駅南口⇔三郷中央駅（ピアラシティ経由）, M5　吉川美南駅⇔新三郷駅西口"
大谷場東小学校,さいたま市,南区コミュニティバス
大谷場東小学校,国際興業（株）,"南浦52, 南浦55/55-2/55-3"
三郷団地4街区,マイスカイ交通（株）,M-08（新三郷駅西口〜三郷団地〜三郷北高校西〜三郷市役所〜三郷中央駅）
狭山中央,西武バス（株）,狭山31
原,山手ケアサービス（株）,ふじみん号Dコース
安行吉蔵東,川口市,戸塚・安行循環
川ふじ,西武バス（株）,古01
堀上,狭山市,市内循環バス「茶の花号」堀兼コース
東原親水公園入口,山手ケアサービス（株）,ふじみん号Cコース
大井中学校前,東武バスウエスト（株）,ふじ01・ふじ02
草加高校,草加市,パリポリくんバス　北東ルート
ぶしニュータウン南,西武バス（株）,ぶし01
増進センター入口,富士見市,鶴瀬駅循環
下久林,国際興業（株）,"名栗01/02/飯01/01-2/02/02-2/03/03-2/06, 学05/05-2/05-3"
新田西文化センター,草加市,パリポリくんバス　新田ルート
神根福祉センター,川口市,芝・神根循環
神根福祉センター,国際興業（株）,"蕨06, 東浦11"
旭町,朝日自動車（株）,"新田駅東口〜新栄団地, 獨協大学前駅西口〜草加西高校入口〜原町三丁目〜新田駅東口"
さつき住宅入口,東武バスウエスト（株）,ふじ01・ふじ02
パークフィールド東,東武バスセントラル（株）,"三08, 三08-2"
吉川警察署入口,メートー観光（株）,"M1　吉川駅南口⇔三郷駅西口（みさと団地廻り）, M1-2　吉川駅南口⇔三郷駅西口（団地1街区廻り）, M3　吉川駅南口⇔三郷中央駅（ピアラシティ経由）, M5　吉川美南駅⇔新三郷駅西口"
住宅入口,西武バス（株）,狭山28
テラ・ウエスト北,東武バスセントラル（株）,"三08, 三08-2"
東台金山公園前,山手ケアサービス（株）,ふじみん号Cコース
車庫前,国際興業（株）,"名栗01/02/飯01/01-2/02/02-2/03/03-2/06, 飯04"
車庫前（飯能市）,西武バス（株）,狭山26
大谷場,国際興業（株）,"南浦51, 南浦52"
双柳中央,国際興業（株）,飯15/15-2
円明院入口,メートー観光（株）,"M1　吉川駅南口⇔三郷駅西口（みさと団地廻り）, M1-2　吉川駅南口⇔三郷駅西口（団地1街区廻り）, M5　吉川美南駅⇔新三郷駅西口"
グラウンド前,西武バス（株）,飯22
安行出羽,川口市,戸塚・安行循環
安行出羽,国際興業（株）・東武バスセントラル（株）,草加14
安行出羽,国際興業（株）,"川22/22-2, 川25"
青柳消防署前,東武バスセントラル（株）,"松原34, 松原36, 松原37"
西浦和車庫,国際興業（株）,"浦11-2, 北浦80, 志01/01-2/1-3/80"
西堀,さいたま市,桜区コミュニティバス
西堀,国際興業（株）,"浦11, 浦11-2, 北浦80"
市営住宅坂上,国際興業（株）,蕨06
安行,東武バスセントラル（株）,川10
安行,国際興業（株）,"西川04, 西川04-2, 鳩05"
三ヶ島街道,山手ケアサービス（株）,ふじみん号Dコース
角屋橋,朝日自動車（株）,"新田駅東口〜新栄団地, 獨協大学前駅西口〜草加西高校入口〜原町三丁目〜新田駅東口"
ふれあい公園,草加市,パリポリくんバス　北東ルート
勤労福祉会館,草加市,パリポリくんバス　新田ルート
西武ぶしニュータウン入口,西武バス（株）,ぶし01
仁蔵橋東,マイスカイ交通（株）,"M-60（マイスカイ車庫〜三郷駅北口〜三郷中央駅）, M-02（新三郷駅東口〜早稲田5丁目〜三郷駅北口〜三郷市役所〜三郷中央駅）, M-02-1（新三郷駅東口〜仁蔵橋東〜三郷駅北口）, M-61（後谷〜三郷駅北口）"
柳原,国際興業（株）,"名栗01/02/飯01/01-2/02/02-2/03/03-2/06, 飯04"
柳崎二丁目,国際興業（株）,南浦55/55-2/55-3
上諏訪,狭山市,市内循環バス「茶の花号」水富コース
富家病院,西武バス（株）,古01
南浦和二丁目,さいたま市,南区コミュニティバス
南浦和二丁目,国際興業（株）,"南浦52, 南浦55/55-2/55-3"
羽生山住宅,（株）ライフバス,"6A　鶴瀬駅西口〜上富経由・ふじみ野駅西口折り返し線, 6B　鶴瀬駅西口〜セントラル病院経由・ふじみ野駅西口折り返し線"
関,国際興業（株）,"浦11, 浦11-2, 志01/01-2/1-3/80"
飯能駅北口,イーグルバス（株）・国際興業（株）・西武バス（株）,m01
飯能駅,国際興業（株）,"名栗01/02/飯01/01-2/02/02-2/03/03-2/06, 飯04, 飯07, 飯12-2, 飯15/15-2, 飯30, 医大11/12/31/32, 学02/03, 南高麗01, 南高麗02, 南高麗03"
柳崎三丁目西,国際興業（株）,南浦55/55-2/55-3
鶴瀬東二丁目,（株）ライフバス,3　鶴瀬駅東口発〜富士見ニュータウン循環線
西ヶ原,川口市,芝・神根循環
西ヶ原,国際興業（株）,"蕨02, 蕨06, 西川07/07-2"
JA鶴瀬支店,富士見市,鶴瀬駅循環
早稲田2丁目,マイスカイ交通（株）,"M-60（マイスカイ車庫〜三郷駅北口〜三郷中央駅）, M-02（新三郷駅東口〜早稲田5丁目〜三郷駅北口〜三郷市役所〜三郷中央駅）, M-02-1（新三郷駅東口〜仁蔵橋東〜三郷駅北口）, M-61（後谷〜三郷駅北口）"
大谷場小学校南,さいたま市,南区コミュニティバス
大井中宿,山手ケアサービス（株）,ふじみん号Cコース
久林,国際興業（株）,"名栗01/02/飯01/01-2/02/02-2/03/03-2/06, 学05/05-2/05-3"
樋ノ上,西武バス（株）,ぶし01
ふじみ野高校前,東武バスウエスト（株）,ふじ01・ふじ02
高木公民館,東武バスセントラル（株）,八潮03（八03）
飯能駅北口,西武バス（株）,"狭山25, 狭山26"
飯能駅北口,イーグルバス（株）,H06・H06-1・H10・H10-1・H10-2・H13　日高・飯能路線
テラ・ウエスト中央,東武バスセントラル（株）,"三08, 三08-2"
瑞穂中学校前,東武バスセントラル（株）,"三08, 三08-2"
八幡住宅入口,東武バスセントラル（株）,松原35
在家小学校南,川口市,芝・神根循環
清門南,朝日自動車（株）,"獨協大学前駅西口〜草加西高校入口〜原町三丁目〜新田駅東口, 獨協大学前駅西口〜原町三丁目〜清門南線"
赤芝入口,国際興業（株）,"西川04-2, 東川84"
協和電機化学前,西武バス（株）,飯22
彦成二丁目南,メートー観光（株）,"M3　吉川駅南口⇔三郷中央駅（ピアラシティ経由）, M6　新三郷駅西口⇔ピアラシティ"
うれし野まちづくり会館前,山手ケアサービス（株）,ふじみん号Cコース
八條北小学校,東武バスセントラル（株）,八潮03（八03）
安行吉蔵,東武バスセントラル（株）,草加20
稲荷山公園北,狭山市,市内循環バス「茶の花号」通勤通学コース（稲荷山公園駅）
健康増進センター,富士見市,みずほ台駅・水谷東線
別所坂上,国際興業（株）,"浦19-2, 浦81, 武浦10/10-2"
パークフィールドみさと,マイスカイ交通（株）,M-08（新三郷駅西口〜三郷団地〜三郷北高校西〜三郷市役所〜三郷中央駅）
大井武蔵野西,山手ケアサービス（株）,ふじみん号Dコース
新開交番前,さいたま市,桜区コミュニティバス
東台,山手ケアサービス（株）,ふじみん号Cコース
前谷住宅,富士見市,鶴瀬駅循環
笹井,西武バス（株）,狭山26
笹井,狭山市,市内循環バス「茶の花号」水富コース
安行たたら荘,川口市,戸塚・安行循環
赫下,西武バス（株）,新狭02
赫下,狭山市,市内循環バス「茶の花号」入曽東コース
神根公民館,国際興業（株）,"川19, 川20, 東川03, 安80"
宗岡蓮田,国際興業（株）,"志03-3/南与01/02, 志05/05-2/05-3, 北朝02"
すずらん住宅入口,東武バスウエスト（株）,ふじ01・ふじ02
狭山台四丁目,西武バス（株）,狭山31
飯能駅南口,西武バス（株）,"飯42, 飯41-1, 飯41, 飯20, 【飯20】深夜, 飯21, 飯22"
緑町,西武バス（株）,狭山26
緑町,飯能市,"加治コース, 精明東コース, 精明西コース"
北新井宿,川口市,戸塚・安行循環
北新井宿,国際興業（株）,東浦82/82-2
南公園（出羽南公園）,国際興業（株）・東武バスセントラル（株）,草加14
向原,さいたま市,南区コミュニティバス
向原,国際興業（株）,"南浦51, 南浦52"
南公園,川口市,戸塚・安行循環
南公園,国際興業（株）,"川22/22-2, 川25"
清門西（降車専用）,東武バスセントラル（株）,草加20
すずらん住宅,（株）ライフバス,"6A　鶴瀬駅西口〜上富経由・ふじみ野駅西口折り返し線, 6B　鶴瀬駅西口〜セントラル病院経由・ふじみ野駅西口折り返し線"
すずらん住宅,山手ケアサービス（株）,ふじみん号Dコース
早稲田公園入口,東武バスセントラル（株）,"早01, 三13, 三15"
早稲田公園入口,マイスカイ交通（株）,"M-60（マイスカイ車庫〜三郷駅北口〜三郷中央駅）, M-02（新三郷駅東口〜早稲田5丁目〜三郷駅北口〜三郷市役所〜三郷中央駅）, M-02-1（新三郷駅東口〜仁蔵橋東〜三郷駅北口）, M-61（後谷〜三郷駅北口）, M-31（新三郷駅東口〜丹後橋〜丹後小学校入口〜三郷駅北口）"
パークフィールドみさと5街区,マイスカイ交通（株）,M-08（新三郷駅西口〜三郷団地〜三郷北高校西〜三郷市役所〜三郷中央駅）
笠縫,西武バス（株）,狭山26
さつき平一丁目,東武バスセントラル（株）,"三08, 三08-2"
下南畑,東武バスウエスト（株）,志21・志25
のぞみ公園入口,東武バスセントラル（株）,"三08, 三08-2"
双柳地区行政センター,国際興業（株）,飯15/15-2
新善町,朝日自動車（株）,"獨協大学前駅西口〜草加西高校入口〜原町三丁目〜新田駅東口, 獨協大学前駅西口〜原町三丁目〜清門南線"
原住宅入口,山手ケアサービス（株）,ふじみん号Dコース
鳩ヶ谷車庫,国際興業（株）,"西川04-2, 東川84, 鳩80"
二十三夜,さいたま市,南区コミュニティバス
二十三夜,国際興業（株）,"浦50/50-2/南浦12, 南浦51, 南浦55/55-2/55-3"
北原,国際興業（株）,"南浦51, 南浦52"
瑞木小学校入口,マイスカイ交通（株）,M-08（新三郷駅西口〜三郷団地〜三郷北高校西〜三郷市役所〜三郷中央駅）
瑞木小学校前,東武バスセントラル（株）,"三08, 三08-2"
谷津の森,（株）ライフバス,3　鶴瀬駅東口発〜富士見ニュータウン循環線
テラ・ウエスト南,東武バスセントラル（株）,"三08, 三08-2"
八幡小学校,草加市,パリポリくんバス　北東ルート
中央通り商店街,マイスカイ交通（株）,"M-60（マイスカイ車庫〜三郷駅北口〜三郷中央駅）, M-02（新三郷駅東口〜早稲田5丁目〜三郷駅北口〜三郷市役所〜三郷中央駅）, M-02-1（新三郷駅東口〜仁蔵橋東〜三郷駅北口）, M-61（後谷〜三郷駅北口）, M-31（新三郷駅東口〜丹後橋〜丹後小学校入口〜三郷駅北口）"
富士見小学校,西武バス（株）,狭山31
西原住宅,（株）ライフバス,"4　鶴瀬駅西口〜三好中学校経由・西原住宅循環線, 6A　鶴瀬駅西口〜上富経由・ふじみ野駅西口折り返し線, 6B　鶴瀬駅西口〜セントラル病院経由・ふじみ野駅西口折り返し線"
鵜ノ木,西武バス（株）,狭山27
円正寺第一公園入口,さいたま市,南区コミュニティバス
円正寺第一公園入口,国際興業（株）,南浦55/55-2/55-3
飯能法要殿,国際興業（株）,飯15/15-2
ピアラシティ西入口,マイスカイ交通（株）,M-20-1（新三郷駅西口〜ピアラシティ〜三郷中央駅）
西原小学校入口,山手ケアサービス（株）,ふじみん号Dコース
神戸団地入口,国際興業（株）,蕨06
仁蔵南,東武バスセントラル（株）,"金52, 金54, 三09"
黒須小学校,入間市,てぃーろーど北コース
西原住宅入口,東武バスウエスト（株）,ふじ01・ふじ02
萩住宅入口,東武バスウエスト（株）,ふじ01・ふじ02
原町三丁目,朝日自動車（株）,"獨協大学前駅西口〜草加西高校入口〜原町三丁目〜新田駅東口, 獨協大学前駅西口〜草加西高校入口〜原町三丁目, 獨協大学前駅西口〜原町三丁目〜清門南線"
宮下住宅入口,富士見市,鶴瀬駅循環
八軒家,（株）ライフバス,6A　鶴瀬駅西口〜上富経由・ふじみ野駅西口折り返し線
柳崎一丁目,国際興業（株）,南浦55/55-2/55-3
飯能駅入口,西武バス（株）,"飯20, 【飯20】深夜, 飯21, 飯22"
西原住宅,山手ケアサービス（株）,ふじみん号Dコース
八幡郵便局,草加市,パリポリくんバス　北東ルート
稲荷山公園入口,西武バス（株）,狭山28
苅生自治会館,国際興業（株）,南高麗03
桜田二丁目,さいたま市,桜区コミュニティバス
安行たたら荘,川口市,戸塚・安行循環
旭住宅,山手ケアサービス（株）,ふじみん号Cコース
南大通り,国際興業（株）,"南浦51, 南浦52, 南浦55/55-2/55-3"
上彦名,東武バスセントラル（株）,松原31
西台住宅入口,山手ケアサービス（株）,ふじみん号Cコース
神明台,国際興業（株）,南浦80
富士見局前,東武バスウエスト（株）,鶴01
早稲田中央通り商店街,東武バスセントラル（株）,"早01, 三13, 三15"
酒井重工前,西武バス（株）,古01
鶴瀬駅前交差点,富士見市,鶴瀬駅循環
田島,国際興業（株）,"浦11, 浦11-2, 北浦80, 志01/01-2/1-3/80"
和井田家住宅前,東武バスセントラル（株）,八潮03（八03）
大井武蔵野,山手ケアサービス（株）,ふじみん号Dコース
鶴馬氷川神社,富士見市,鶴瀬駅循環
ユーエイキャスター前【大河原工業団地東】,西武バス（株）,"飯21, 飯22"
八条橋,東武バスセントラル（株）,松原31
伊刈風間地蔵尊,国際興業（株）,南浦55/55-2/55-3
春日町一丁目,入間市,てぃーろーど北コース
伊刈消防署,川口市,芝・神根循環
伊刈消防署,国際興業（株）,"蕨02, 蕨06, 西川07/07-2"
西伊刈,国際興業（株）,南浦55/55-2/55-3
南本町二丁目,さいたま市,南区コミュニティバス
南本町二丁目,国際興業（株）,南浦80
日立建機前,東武バスセントラル（株）,"松原31, 松原34, 松原36, 松原37"
上宗岡二丁目,国際興業（株）,"志03-3/南与01/02, 志05/05-2/05-3"
草加車庫,東武バスセントラル（株）,"草加11, 草加12"
双柳入口,西武バス（株）,狭山26
双柳入口,飯能市,"加治コース, 精明東コース, 精明西コース"
花と緑の振興センター,東武バスセントラル（株）,川10
花と緑の振興センター,国際興業（株）,"西川04, 西川04-2, 鳩05"
第一保育所入口,富士見市,鶴瀬駅循環
上宗岡四丁目,国際興業（株）,"志05/05-2/05-3, 北朝02"
富士見二丁目,西武バス（株）,狭山31
駅前通り,国際興業（株）,南浦55/55-2/55-3
平和浄苑,西武バス（株）,古01
八軒家,西武バス（株）,"所58-1, 所58-2, 大34"
中根二丁目,草加市,パリポリくんバス　北東ルート
越戸橋,東武バスセントラル（株）,"松原31, 松原34, 松原36, 松原37"
神根支所,川口市,芝・神根循環
神根支所,国際興業（株）,"蕨06, 西川06, 川19, 川20, 川23, 東川03, 安80"
安行スポーツセンター,川口市,戸塚・安行循環
南浦和駅東口,国際興業（株）,"南浦51, 南浦52, 南浦55/55-2/55-3"
川口緑化センター,川口市,戸塚・安行循環
川口緑化センター,国際興業（株）・東武バスセントラル（株）,草加14
川口緑化センター,国際興業（株）,"川22/22-2, 川25"
安行領根岸,川口市,芝・神根循環
笹井ダム,西武バス（株）,狭山26
笹井ダム,狭山市,市内循環バス「茶の花号」水富コース
青柳,東武バスセントラル（株）,"松原31, 松原34, 松原36, 松原37"
田島,さいたま市,桜区コミュニティバス
牛田橋,国際興業（株）,南浦55/55-2/55-3
リバーパーク前,入間市,てぃーろーど北コース
三郷駅入口,マイスカイ交通（株）,"M-60（マイスカイ車庫〜三郷駅北口〜三郷中央駅）, M-02（新三郷駅東口〜早稲田5丁目〜三郷駅北口〜三郷市役所〜三郷中央駅）, M-02-1（新三郷駅東口〜仁蔵橋東〜三郷駅北口）, M-61（後谷〜三郷駅北口）, M-31（新三郷駅東口〜丹後橋〜丹後小学校入口〜三郷駅北口）"
円正寺,さいたま市,南区コミュニティバス
円正寺,国際興業（株）,南浦55/55-2/55-3
白幡坂上,国際興業（株）,南浦80
二十三夜坂下,国際興業（株）,"浦50/50-2/南浦12, 南浦51"
新開自治会館前,さいたま市,桜区コミュニティバス
早稲田一丁目,東武バスセントラル（株）,"早01, 三13, 三15"
鶴瀬東一丁目,富士見市,鶴瀬駅循環
草加西高校入口,朝日自動車（株）,"獨協大学前駅西口〜草加西高校入口〜原町三丁目〜新田駅東口, 獨協大学前駅西口〜草加西高校入口〜原町三丁目, 獨協大学前駅西口〜原町三丁目〜清門南線, 草加西高校入口〜獨協大学前駅西口"
曲輪,川口市,戸塚・安行循環
曲輪,国際興業（株）,鳩80
さざんか通り,草加市,パリポリくんバス　新田ルート
美杉台公園,西武バス（株）,"飯20, 【飯20】深夜, 飯21, 飯22"
地蔵院,富士見市,みずほ台駅・水谷東線
別所六丁目,国際興業（株）,武浦10/10-2
白幡中学校,国際興業（株）,南浦80
八条橋西詰,東武バスセントラル（株）,松原31
本郷住宅入口,富士見市,みずほ台駅・水谷東線
神根小学校,川口市,芝・神根循環
神根小学校,国際興業（株）,"蕨06, 西川06, 川23"
彦川戸一丁目,東武バスセントラル（株）,松原31
彦川戸一丁目,メートー観光（株）,"M3　吉川駅南口⇔三郷中央駅（ピアラシティ経由）, M6　新三郷駅西口⇔ピアラシティ"
狭山台南,西武バス（株）,狭山31
茜台,西武バス（株）,"飯21, 飯22"
御狩場,西武バス（株）,狭山31
上赤坂,西武バス（株）,"本55, 新所02-2, 【本55】深夜, 新所02, 古01"
高畠,国際興業（株）,"浦11-2, 北浦80, 志01/01-2/1-3/80"
美杉台中学校,西武バス（株）,"飯20, 【飯20】深夜, 飯21, 飯22"
大広戸,マイスカイ交通（株）,M-08（新三郷駅西口〜三郷団地〜三郷北高校西〜三郷市役所〜三郷中央駅）
小谷島,国際興業（株）,西川07/07-2
六道北,飯能市,加治コース
南浦和駅西口,さいたま市,南区コミュニティバス
南浦和駅西口,国際興業（株）,"蕨50, 浦50/50-2/南浦12, 南浦01, 南浦07, 南浦08, 南浦80, 南浦84"
原町二丁目入口,朝日自動車（株）,"獨協大学前駅西口〜草加西高校入口〜原町三丁目〜新田駅東口, 獨協大学前駅西口〜草加西高校入口〜原町三丁目, 獨協大学前駅西口〜原町三丁目〜清門南線, 草加西高校入口〜獨協大学前駅西口"
入間黒須団地,西武バス（株）,狭山27
新井宿交差点,川口市,戸塚・安行循環
新井宿交差点,国際興業（株）,東浦82/82-2
赤山みどりの丘団地,川口市,戸塚・安行循環
槐戸入口,東武バスセントラル（株）,"松原31, 松原34, 松原36, 松原37"
寺下団地,東武バスウエスト（株）,志21・志25
北弁天,東武バスセントラル（株）,松原35
湯快爽快湯けむり横丁,メートー観光（株）,"M3　吉川駅南口⇔三郷中央駅（ピアラシティ経由）, M6　新三郷駅西口⇔ピアラシティ"
彦川戸2丁目,マイスカイ交通（株）,"M-05・M-05-1（三郷駅南口〜ピアラシティ（循環）〜三郷駅南口）, M-20-1（新三郷駅西口〜ピアラシティ〜三郷中央駅）"
富士見公民館入口,西武バス（株）,狭山31
狭山特別支援学校入口,狭山市,市内循環バス「茶の花号」水富コース
南町東,西武バス（株）,"飯42, 飯41-1, 飯41"
下新田,西武バス（株）,新狭02
下新田,狭山市,市内循環バス「茶の花号」入曽東コース
安行川口青果市場,川口市,戸塚・安行循環
安行川口青果市場,国際興業（株）・東武バスセントラル（株）,草加14
安行川口青果市場,国際興業（株）,"川22/22-2, 川25"
関越トンネル,（株）ライフバス,4　鶴瀬駅西口〜三好中学校経由・西原住宅循環線
鶴瀬交差点,富士見市,鶴瀬駅循環
道合,国際興業（株）,"西川06, 川23"
双柳南,西武バス（株）,狭山26
双柳南,飯能市,加治コース
神根浄水場,川口市,芝・神根循環
笹根,川口市,芝・神根循環
笹根,国際興業（株）,"蕨06, 西川06, 川23, 東川03, 安80"
ピアラシティ東入口,マイスカイ交通（株）,M-05・M-05-1（三郷駅南口〜ピアラシティ（循環）〜三郷駅南口）
大里,国際興業（株）,"浦19-2, 浦81, 南浦08, 南浦80"
笠縫北,飯能市,加治コース
毘沙門天前,西武バス（株）,"飯20, 【飯20】深夜, 飯21, 飯22"
栄中学校,草加市,パリポリくんバス　新田ルート
藤右ヱ門橋,川口市,芝・神根循環
藤右ヱ門橋,国際興業（株）,浦50/50-2/南浦12
鶴瀬駅東口,富士見市,鶴瀬駅循環
鶴瀬駅東口,東武バスウエスト（株）,"鶴01, 鶴02"
鶴瀬駅東口,（株）ライフバス,3　鶴瀬駅東口発〜富士見ニュータウン循環線
五反田,国際興業（株）,"志05/05-2/05-3, 北朝02"
堀兼神社北,狭山市,市内循環バス「茶の花号」入曽東コース
天神二丁目,メートー観光（株）,"M3　吉川駅南口⇔三郷中央駅（ピアラシティ経由）, M6　新三郷駅西口⇔ピアラシティ"
美杉台ニュータウン,西武バス（株）,"飯20, 【飯20】深夜, 飯21, 飯22"
水子貝塚公園,富士見市,みずほ台駅・水谷東線
伊刈中通り,川口市,芝・神根循環
伊刈中通り,国際興業（株）,"蕨02, 蕨06"
総合住宅展示場前,マイスカイ交通（株）,"M-05・M-05-1（三郷駅南口〜ピアラシティ（循環）〜三郷駅南口）, M-20-1（新三郷駅西口〜ピアラシティ〜三郷中央駅）"
グリーンセンター,国際興業（株）,"川19, 川20"
野田中郷,西武バス（株）,狭山26
中根一丁目,草加市,パリポリくんバス　北東ルート
中根町,東武バスセントラル（株）,"松原32, 松原33, 松原34, 松原35, 松原36, 松原37"
三協前,（株）ライフバス,"4　鶴瀬駅西口〜三好中学校経由・西原住宅循環線, 6B　鶴瀬駅西口〜セントラル病院経由・ふじみ野駅西口折り返し線"
八木,西武バス（株）,狭山26
南高麗,国際興業（株）,"南高麗01, 南高麗02"
根岸台,国際興業（株）,"西川06, 川23"
西武入間病院前,西武バス（株）,狭山26
入間野田モール,入間市,てぃーろーど北コース
入間野田モール,狭山市,市内循環バス「茶の花号」水富コース
野田,西武バス（株）,狭山26
稲荷山公園駅,西武バス（株）,狭山28
稲荷山公園駅,狭山市,市内循環バス「茶の花号」通勤通学コース（稲荷山公園駅）
武蔵浦和駅西口（南区役所）,さいたま市,南区コミュニティバス
黒須郵便局前,入間市,てぃーろーど北コース
大河原工業団地入口,西武バス（株）,"飯21, 飯22"
美杉台ニュータウン南,西武バス（株）,"飯21, 飯22"
上谷,川口市,芝・神根循環
上谷,国際興業（株）,浦50/50-2/南浦12
下郷,西武バス（株）,ぶし01
三郷駅北口,東武バスセントラル（株）,"早01, 三13, 三15"
三郷駅北口,マイスカイ交通（株）,"M-60（マイスカイ車庫〜三郷駅北口〜三郷中央駅）, M-02（新三郷駅東口〜早稲田5丁目〜三郷駅北口〜三郷市役所〜三郷中央駅）, M-02-1（新三郷駅東口〜仁蔵橋東〜三郷駅北口）, M-61（後谷〜三郷駅北口）, M-31（新三郷駅東口〜丹後橋〜丹後小学校入口〜三郷駅北口）"
住宅団地前,東武バスセントラル（株）,"松原32, 八潮01, 八潮03（八03）"
デンキチ飯能店前,飯能市,加治コース
内方橋,川口市,芝・神根循環
貝塚公園入口,東武バスウエスト（株）,志21・志25
武蔵浦和駅西口,国際興業（株）・東京空港交通（株）,空港連絡バス浦和・武蔵浦和-羽田空港
武蔵浦和駅西口,国際興業（株）,"南浦80, 武浦02/02-2/02-3, 武浦10/10-2"
東弁天,東武バスセントラル（株）,"松原31, 松原34, 松原36, 松原37"
鶴瀬駅西口,（株）ライフバス,"1　鶴瀬駅西口〜三芳・北永井循環線, 4　鶴瀬駅西口〜三好中学校経由・西原住宅循環線, 5　鶴瀬駅西口〜三好中学校経由・みずほ台駅西口折り返し線, 6A　鶴瀬駅西口〜上富経由・ふじみ野駅西口折り返し線, 6B　鶴瀬駅西口〜セントラル病院経由・ふじみ野駅西口折り返し線, 8　鶴瀬駅西口〜チェルシーガーデン経由・みずほ台駅西口折り返し線"
岩沢新町,西武バス（株）,狭山26
田島南,さいたま市,桜区コミュニティバス
小谷場,国際興業（株）,浦50/50-2/南浦12
あぐれっしゅげんき村,狭山市,"市内循環バス「茶の花号」堀兼コース, 市内循環バス「茶の花号」入曽東コース"
狭山市立博物館,狭山市,市内循環バス「茶の花号」通勤通学コース（稲荷山公園駅）
武道館東,入間市,てぃーろーど北コース
新開入口,国際興業（株）,志01/01-2/1-3/80
昭和橋,朝日自動車（株）,"獨協大学前駅西口〜草加西高校入口〜原町三丁目〜新田駅東口, 獨協大学前駅西口〜草加西高校入口〜原町三丁目, 獨協大学前駅西口〜原町三丁目〜清門南線, 草加西高校入口〜獨協大学前駅西口"
北松原,（株）ライフバス,8　鶴瀬駅西口〜チェルシーガーデン経由・みずほ台駅西口折り返し線
武蔵浦和駅,国際興業（株）,"浦81, 南浦08, 南浦80, 武浦01, 武浦80"
栄小学校,草加市,パリポリくんバス　北東ルート
安行診療所入口,東武バスセントラル（株）,"草加20, 草加23"
安行診療所入口,国際興業（株）,川25
安行診療所入口,国際興業（株）・東武バスセントラル（株）,草加14
安行診療所入口,川口市,戸塚・安行循環
弁天町,東武バスセントラル（株）,"松原32, 松原33, 松原34, 松原36, 松原37"
宿,国際興業（株）,"志03-3/南与01/02, 志05/05-2/05-3"
第2集会所前,（株）ライフバス,8　鶴瀬駅西口〜チェルシーガーデン経由・みずほ台駅西口折り返し線
門下町,川口市,戸塚・安行循環
門下町,国際興業（株）,鳩80
安行原,東武バスセントラル（株）,草加23
安行原,国際興業（株）,川22/22-2
安行原,川口市,戸塚・安行循環
草加市文化会館前,東武バスセントラル（株）,"松原32, 松原33, 松原34, 松原35, 松原36, 松原37"
草加市文化会館前,草加市,パリポリくんバス　北東ルート
根岸公民館北,川口市,芝・神根循環
福祉センター前,東武バスセントラル（株）,"松原32, 八潮01"
西浦和駅,さいたま市,桜区コミュニティバス
三郷駅,東武バスセントラル（株）,"早01, 流通01, 流通02, 金52, 金54, 三09"
西浦和駅入口,さいたま市,桜区コミュニティバス
鹿島,川口市,芝・神根循環
南浦和橋,国際興業（株）,浦50/50-2/南浦12
三郷駅南口,京成タウンバス（株）,金02
三郷駅南口,マイスカイ交通（株）,"M-01-3・M-01-4（三郷駅南口〜三郷市役所〜三郷中央駅〜みさと公園前〜金町駅南口）, M-05・M-05-1（三郷駅南口〜ピアラシティ（循環）〜三郷駅南口）, M-03（三郷駅南口〜三郷市役所〜南部地区循環〜三郷市役所〜三郷駅南口）"
鹿島,国際興業（株）,"蕨01/01-2, 西川11, 川05/05-2"
申渕,国際興業（株）,"南高麗01, 南高麗02"
交流センター前,メートー観光（株）,"M3　吉川駅南口⇔三郷中央駅（ピアラシティ経由）, M6　新三郷駅西口⇔ピアラシティ"
美杉台小学校,西武バス（株）,"飯20, 【飯20】深夜, 飯21, 飯22"
安行領家,東武バスセントラル（株）,川10
安行領家,国際興業（株）,"西川04, 西川04-2, 鳩05"
北永井集会所,（株）ライフバス,1　鶴瀬駅西口〜三芳・北永井循環線
野田河川公園,入間市,てぃーろーど北コース
野田丸山,入間市,てぃーろーど北コース
川口市立医療センター,川口市,"青木線, 芝・神根循環, 戸塚・安行循環, 新郷循環"
川口市立医療センター,国際興業（株）,"赤20/20-2, 蕨06, 西川06, 川23"
三郷北高校西,マイスカイ交通（株）,M-08（新三郷駅西口〜三郷団地〜三郷北高校西〜三郷市役所〜三郷中央駅）
白鬚神社西,入間市,てぃーろーど北コース
芝支所,川口市,芝・神根循環
向原,川口市,戸塚・安行循環
向原,国際興業（株）,鳩80
三郷北中学校入口,マイスカイ交通（株）,M-05・M-05-1（三郷駅南口〜ピアラシティ（循環）〜三郷駅南口）
弁天前,国際興業（株）,"南高麗01, 南高麗02"
工業団地北（草加市）,東武バスセントラル（株）,"松原33, 八潮01"
獨協大学前駅東口,東武バスセントラル（株）,"松原31, 松原32, 松原33, 松原34, 松原35, 松原36, 松原37"
獨協大学前駅東口,草加市,パリポリくんバス　北東ルート
水押住宅,西武バス（株）,新狭02
水押住宅前,狭山市,市内循環バス「茶の花号」入曽東コース
中橋北,入間市,てぃーろーど北コース
新井宿駅入口,国際興業（株）,"東浦82/82-2, 東川03, 安80"
沼影,国際興業（株）,"浦81, 南浦08, 南浦80, 武浦01, 武浦10/10-2, 武浦80"
八潮団地,東武バスセントラル（株）,"松原32, 草加09, 八潮01, 八潮03（八03）, 八潮04（八04）"
総合体育館,山手ケアサービス（株）,ふじみん号Dコース
グリーンセンター西,川口市,芝・神根循環
文蔵,国際興業（株）,"蕨50, 浦50/50-2/南浦12, 南浦84"
南青柳,東武バスセントラル（株）,"松原32, 松原33"
文化センター,さいたま市,南区コミュニティバス
文化センター,国際興業（株）,"南浦01, 南浦07, 南浦08"
網代橋,国際興業（株）,"蕨01/01-2, 西川07/07-2, 西川11, 川05/05-2"
前川小学校,国際興業（株）,"蕨02, 蕨06"
白幡,国際興業（株）,"浦19-2, 南浦08"
ピアラシティ,東武バスセントラル（株）,松原31
ピアラシティ,マイスカイ交通（株）,"M-05・M-05-1（三郷駅南口〜ピアラシティ（循環）〜三郷駅南口）, M-20・M-20-2（ピアラシティ〜（直通）〜三郷中央駅・ピアラシティ〜南部地区〜三郷中央駅）, M-20-1（新三郷駅西口〜ピアラシティ〜三郷中央駅）"
ピアラシティ,メートー観光（株）,"M3　吉川駅南口⇔三郷中央駅（ピアラシティ経由）, M6　新三郷駅西口⇔ピアラシティ"
藤久保第6区集会所,（株）ライフバス,8　鶴瀬駅西口〜チェルシーガーデン経由・みずほ台駅西口折り返し線
和平橋,東武バスセントラル（株）,"八潮03（八03）, 八潮04（八04）"
松原西口公園,草加市,パリポリくんバス　北東ルート
小谷場郵便局,川口市,芝・神根循環
間野黒指,国際興業（株）,"南高麗01, 南高麗02"
霞橋,西武バス（株）,狭山27
久保新田,富士見市,みずほ台駅・水谷東線
芝東中学校,川口市,芝・神根循環
獨協大学前駅西口,朝日自動車（株）,"獨協大学前駅西口〜草加西高校入口〜原町三丁目〜新田駅東口, 獨協大学前駅西口〜草加西高校入口〜原町三丁目, 獨協大学前駅西口〜原町三丁目〜清門南線, 草加西高校入口〜獨協大学前駅西口"
獨協大学前駅西口,東武バスセントラル（株）,草加15
獨協大学前駅西口,草加市,パリポリくんバス　新田ルート
公会堂入口,国際興業（株）,"南浦01, 南浦07"
三芳団地入口,（株）ライフバス,1　鶴瀬駅西口〜三芳・北永井循環線
南蓮沼,マイスカイ交通（株）,M-05・M-05-1（三郷駅南口〜ピアラシティ（循環）〜三郷駅南口）
氷川前,国際興業（株）,"志05/05-2/05-3, 北朝02"
下間野,国際興業（株）,"南高麗01, 南高麗02"
京塚,富士見市,みずほ台駅・水谷東線
中橋,西武バス（株）,ぶし01
岡の坂上,富士見市,みずほ台駅・水谷東線
岡ノ坂上,東武バスウエスト（株）,志21・志25
南高麗地区行政センター,国際興業（株）,"学02/03, 南高麗02, 南高麗03"
加治小学校東,飯能市,加治コース
鎌倉通り,（株）ライフバス,8　鶴瀬駅西口〜チェルシーガーデン経由・みずほ台駅西口折り返し線
安行原坂下,川口市,戸塚・安行循環
安行原坂下,東武バスセントラル（株）,草加23
安行原坂下,国際興業（株）,川22/22-2
新井宿駅,川口市,戸塚・安行循環
新井宿駅,国際興業（株）,"赤20/20-2, 蕨03/03-2, 蕨06, 西川06, 川23, 東浦82/82-2, 東川03, 鳩80, 安80"
記念碑前,京成タウンバス（株）,金02
記念碑前,マイスカイ交通（株）,"M-01-3・M-01-4（三郷駅南口〜三郷市役所〜三郷中央駅〜みさと公園前〜金町駅南口）, M-05・M-05-1（三郷駅南口〜ピアラシティ（循環）〜三郷駅南口）"
櫃沼,国際興業（株）,志01/01-2/1-3/80
弁天橋,東武バスセントラル（株）,"松原32, 松原33"
間野,国際興業（株）,"南高麗01, 南高麗02"
安行領家南,川口市,戸塚・安行循環
職業安定所入口（草加市）,東武バスセントラル（株）,"松原32, 松原33"
北谷橋,朝日自動車（株）,"獨協大学前駅西口〜草加西高校入口〜原町三丁目〜新田駅東口, 獨協大学前駅西口〜草加西高校入口〜原町三丁目, 獨協大学前駅西口〜原町三丁目〜清門南線, 草加西高校入口〜獨協大学前駅西口"
ナリアガーデン,さいたま市,南区コミュニティバス
ナリアガーデン,国際興業（株）,武浦02/02-2/02-3
根岸小学校,国際興業（株）,"西川06, 川23"
流水プール,川口市,芝・神根循環
流水プール,国際興業（株）,SC02
セントラル病院,（株）ライフバス,"4　鶴瀬駅西口〜三好中学校経由・西原住宅循環線, 6B　鶴瀬駅西口〜セントラル病院経由・ふじみ野駅西口折り返し線"
団地中央,さいたま市,桜区コミュニティバス
三郷北高前,京成タウンバス（株）,金02
ひかり橋,西武バス（株）,"飯20, 【飯20】深夜, 飯21, 飯22"
沼影新道,国際興業（株）,"南浦08, 武浦10/10-2"
三郷北高校前,マイスカイ交通（株）,"M-01-3・M-01-4（三郷駅南口〜三郷市役所〜三郷中央駅〜みさと公園前〜金町駅南口）, M-05・M-05-1（三郷駅南口〜ピアラシティ（循環）〜三郷駅南口）"
八坂橋,国際興業（株）,"学02/03, 南高麗01, 南高麗03"
さくら記念病院,富士見市,みずほ台駅・水谷東線
さくら記念病院前,東武バスウエスト（株）,志21・志25
鶴瀬西交流センター前,（株）ライフバス,"1　鶴瀬駅西口〜三芳・北永井循環線, 8　鶴瀬駅西口〜チェルシーガーデン経由・みずほ台駅西口折り返し線"
内谷田,川口市,芝・神根循環
内谷田,国際興業（株）,"川19, 川20, SC02"
青柳一丁目,東武バスセントラル（株）,"松原33, 八潮01"
芝西二丁目,国際興業（株）,蕨05/05-2/05-3
宮前,（株）ライフバス,1　鶴瀬駅西口〜三芳・北永井循環線
堀兼神社,狭山市,市内循環バス「茶の花号」入曽東コース
梅ヶ坪,川口市,芝・神根循環
一本松,西武バス（株）,"飯42, 飯41-1, 飯41"
宮本,（株）ライフバス,1　鶴瀬駅西口〜三芳・北永井循環線
入間市駅,西武バス（株）,"狭山27, 藤01, 【藤01】深夜, 入市32-2, 入市33-1, 入市34, 入市33, 入市54, 入市32-1, 入市32, 入市51, 入市53, 入市52, 入市42, 入市61, 入市40, 入市41, 入市44, 入市40　直通, 入市43, 入市62, 入市54　準急, 入市53　準急, 入市51　準急, 入市40　準急"
入間市駅,入間市,"てぃーろーど北コース, てぃーろーど南コース, てぃーろーど健康福祉センターコース"
田畑園,（株）ライフバス,4　鶴瀬駅西口〜三好中学校経由・西原住宅循環線
芝支所入口,国際興業（株）,蕨05/05-2/05-3
松原小学校前,草加市,パリポリくんバス　新田ルート
四谷,国際興業（株）,"南浦08, 武浦10/10-2"
茂田井,東武バスセントラル（株）,"早01, 金52, 金54"
茂田井,京成タウンバス（株）,金02
茂田井,マイスカイ交通（株）,"M-01-3・M-01-4（三郷駅南口〜三郷市役所〜三郷中央駅〜みさと公園前〜金町駅南口）, M-60（マイスカイ車庫〜三郷駅北口〜三郷中央駅）, M-02（新三郷駅東口〜早稲田5丁目〜三郷駅北口〜三郷市役所〜三郷中央駅）, M-05・M-05-1（三郷駅南口〜ピアラシティ（循環）〜三郷駅南口）, M-03（三郷駅南口〜三郷市役所〜南部地区循環〜三郷市役所〜三郷駅南口）"
永久保,西武バス（株）,"所58-1, 所58-2, 大34"
永久保交差点,（株）ライフバス,6A　鶴瀬駅西口〜上富経由・ふじみ野駅西口折り返し線
笠縫西武踏切南,飯能市,加治コース
いちょう通り,朝日自動車（株）,"獨協大学前駅西口〜草加西高校入口〜原町三丁目〜新田駅東口, 獨協大学前駅西口〜草加西高校入口〜原町三丁目, 獨協大学前駅西口〜原町三丁目〜清門南線, 草加西高校入口〜獨協大学前駅西口"
いちょう通り,東武バスセントラル（株）,草加15
いちょう通り,草加市,パリポリくんバス　新田ルート
峰分集会所前,朝日自動車（株）,"獨協大学前駅西口〜草加西高校入口〜原町三丁目〜新田駅東口, 獨協大学前駅西口〜草加西高校入口〜原町三丁目, 獨協大学前駅西口〜原町三丁目〜清門南線, 草加西高校入口〜獨協大学前駅西口"
富士塚,（株）ライフバス,"1　鶴瀬駅西口〜三芳・北永井循環線, 8　鶴瀬駅西口〜チェルシーガーデン経由・みずほ台駅西口折り返し線"
安行原久保,川口市,戸塚・安行循環
安行原久保,東武バスセントラル（株）,草加23
安行原久保,国際興業（株）,川22/22-2
根岸五丁目,さいたま市,南区コミュニティバス
根岸五丁目,国際興業（株）,"浦19-2, 南浦08"
JA水谷支店,富士見市,みずほ台駅・水谷東線
志木高校入口,国際興業（株）,"志03-3/南与01/02, 志05/05-2/05-3"
芝スポーツセンター,川口市,芝・神根循環
川口高校,川口市,"青木線, 芝・神根循環, 新郷循環"
モード工芸,東武バスウエスト（株）,志21・志25
桜ヶ丘,国際興業（株）,"赤20/20-2, 蕨03/03-2"
セナリオハウスフィールド三郷,マイスカイ交通（株）,M-05・M-05-1（三郷駅南口〜ピアラシティ（循環）〜三郷駅南口）
松原,東武バスセントラル（株）,"松原31, 草加11, 草加12"
安行原団地,川口市,戸塚・安行循環
安行原団地,東武バスセントラル（株）,"草加20, 草加23"
安行原団地,国際興業（株）・東武バスセントラル（株）,草加14
安行原団地,国際興業（株）,川25
高木,国際興業（株）,"蕨02, 蕨06"
家附,国際興業（株）,"浦81, 南浦80, 武浦01, 武浦80"
アルプス美杉台店,国際興業（株）,"南高麗01, 南高麗02, 南高麗03"
笹塚,京成タウンバス（株）,金02
笹塚,マイスカイ交通（株）,"M-01-3・M-01-4（三郷駅南口〜三郷市役所〜三郷中央駅〜みさと公園前〜金町駅南口）, M-05・M-05-1（三郷駅南口〜ピアラシティ（循環）〜三郷駅南口）, M-08（新三郷駅西口〜三郷団地〜三郷北高校西〜三郷市役所〜三郷中央駅）"
みずほ台中央公園入口,富士見市,みずほ台駅・水谷東線
地蔵橋,国際興業（株）,"蕨01/01-2, 西川06, 西川11, 川05/05-2, 川23"
田島通り,国際興業（株）,"南浦08, 武浦10/10-2"
牛沢町,入間市,てぃーろーど北コース
水谷公民館,富士見市,みずほ台駅・水谷東線
獨協大学正門,朝日自動車（株）,"獨協大学前駅西口〜草加西高校入口〜原町三丁目〜新田駅東口, 獨協大学前駅西口〜草加西高校入口〜原町三丁目, 獨協大学前駅西口〜原町三丁目〜清門南線, 草加西高校入口〜獨協大学前駅西口"
獨協大学正門,草加市,パリポリくんバス　新田ルート
東都住宅前,富士見市,みずほ台駅・水谷東線
東上ガス,東武バスウエスト（株）,志21・志25
南高麗小学校,国際興業（株）,"学02/03, 南高麗01, 南高麗03"
くぬぎ山,西武バス（株）,"本55, 新所02-2, 【本55】深夜, 新所02"
みよし園,（株）ライフバス,6A　鶴瀬駅西口〜上富経由・ふじみ野駅西口折り返し線
文蔵一丁目,国際興業（株）,"蕨50, 南浦84"
元加治駅,飯能市,加治コース
さくら草公園,国際興業（株）,志01/01-2/1-3/80
ピアラシティ南入口,マイスカイ交通（株）,M-05・M-05-1（三郷駅南口〜ピアラシティ（循環）〜三郷駅南口）
安行支所,川口市,戸塚・安行循環
安行支所,東武バスセントラル（株）,川10
安行支所,国際興業（株）,"西川04, 西川04-2, 川22/22-2, 鳩05"
関沢二丁目,（株）ライフバス,"4　鶴瀬駅西口〜三好中学校経由・西原住宅循環線, 5　鶴瀬駅西口〜三好中学校経由・みずほ台駅西口折り返し線, 6A　鶴瀬駅西口〜上富経由・ふじみ野駅西口折り返し線, 6B　鶴瀬駅西口〜セントラル病院経由・ふじみ野駅西口折り返し線"
水谷東二丁目,富士見市,みずほ台駅・水谷東線
中橋南,西武バス（株）,ぶし01
川口高校東,川口市,青木線
寿橋通り,国際興業（株）・東武バスセントラル（株）,草加14
前川,国際興業（株）,"蕨01/01-2, 西川07/07-2, 西川11, 川05/05-2"
芝中央小学校入口,国際興業（株）,"蕨02, 蕨06"
藤久保公民館,（株）ライフバス,8　鶴瀬駅西口〜チェルシーガーデン経由・みずほ台駅西口折り返し線
松原四丁目,朝日自動車（株）,"獨協大学前駅西口〜草加西高校入口〜原町三丁目〜新田駅東口, 獨協大学前駅西口〜草加西高校入口〜原町三丁目, 獨協大学前駅西口〜原町三丁目〜清門南線, 草加西高校入口〜獨協大学前駅西口"
白幡四丁目,さいたま市,南区コミュニティバス
芝西小学校,国際興業（株）,蕨05/05-2/05-3
北公園入口,東武バスセントラル（株）,"草加09, 八潮01"
北谷二丁目,国際興業（株）・東武バスセントラル（株）,草加14
田島団地,さいたま市,桜区コミュニティバス
田島団地,国際興業（株）,"南浦08, 武浦10/10-2"
みらい通り,（株）ライフバス,"1　鶴瀬駅西口〜三芳・北永井循環線, 8　鶴瀬駅西口〜チェルシーガーデン経由・みずほ台駅西口折り返し線"
篠葉入口,東武バスセントラル（株）,松原31
JAさいかつ前,東武バスセントラル（株）,"早01, 金54"
JAさいかつ前,マイスカイ交通（株）,"M-60（マイスカイ車庫〜三郷駅北口〜三郷中央駅）, M-02（新三郷駅東口〜早稲田5丁目〜三郷駅北口〜三郷市役所〜三郷中央駅）, M-03（三郷駅南口〜三郷市役所〜南部地区循環〜三郷市役所〜三郷駅南口）"
加治地区行政センター,飯能市,加治コース
工業団地中央（草加市）,東武バスセントラル（株）,"松原33, 八潮01"
前川公民館,国際興業（株）,"蕨01/01-2, 川05/05-2"
幸ノ宮橋,東武バスセントラル（株）,"八潮03（八03）, 八潮04（八04）"
グランシア前,（株）ライフバス,1　鶴瀬駅西口〜三芳・北永井循環線
安行支所,東武バスセントラル（株）,草加23
芝氷室公園,国際興業（株）,蕨05/05-2/05-3
川寺南,西武バス（株）,"飯42, 飯41-1, 飯41"
安行原交差点,川口市,戸塚・安行循環
安行原交差点,東武バスセントラル（株）,川10
安行原交差点,国際興業（株）,"西川04, 西川04-2, 川22/22-2, 鳩05"
下水野,西武バス（株）,新狭02
下水野,狭山市,市内循環バス「茶の花号」入曽東コース
彦倉二丁目,メートー観光（株）,M3　吉川駅南口⇔三郷中央駅（ピアラシティ経由）
天神前,国際興業（株）,蕨01/01-2
安行北谷中央,国際興業（株）・東武バスセントラル（株）,草加14
豊岡一丁目,西武バス（株）,狭山27
中宗岡三丁目,国際興業（株）,"志05/05-2/05-3, 北朝02"
森坂下,入間市,てぃーろーど北コース
富士見クリニック,東武バスウエスト（株）,志21・志25
前原,飯能市,加治コース
東公団入口,川口市,青木線
鈴兼米穀,（株）ライフバス,1　鶴瀬駅西口〜三芳・北永井循環線
花栗商店街,草加市,パリポリくんバス　新田ルート
六辻,さいたま市,南区コミュニティバス
六辻,国際興業（株）,"浦19-2, 南浦01, 南浦07, 南浦08"
笠縫不動尊,飯能市,加治コース
ヤオコー入間仏子店,入間市,"てぃーワゴン　東金子コース1系統（やまゆり荘行き）, てぃーワゴン　東金子コース2系統（東金子支所行き）, てぃーワゴン　金子コース"
鳩ヶ谷浄水場入口,川口市,青木線
鳩ヶ谷浄水場入口,国際興業（株）,"西川01, 川18"
三枚橋,国際興業（株）,"蕨01/01-2, 川05/05-2"
図書館西武分館,入間市,てぃーろーど北コース
鳩ヶ谷公団住宅,国際興業（株）,"西川01, 川18"
上根橋,川口市,芝・神根循環
沼影市民プール,さいたま市,南区コミュニティバス
根岸橋,さいたま市,南区コミュニティバス
根岸橋,国際興業（株）,南浦08
高芝住宅入口,富士見市,みずほ台駅・水谷東線
仏子駅入口,西武バス（株）,ぶし01
西公団,川口市,青木線
中宗岡一丁目,国際興業（株）,"志03-3/南与01/02, 志05/05-2/05-3"
水谷東公民館,富士見市,みずほ台駅・水谷東線
上広瀬公会堂入口,入間市,てぃーろーど北コース
沼影中央,国際興業（株）,武浦02/02-2/02-3
豊岡高校前,西武バス（株）,"藤01, 【藤01】深夜"
豊岡高校前,入間市,"てぃーろーど北コース, てぃーろーど南コース, てぃーろーど健康福祉センターコース"
宗岡小学校,国際興業（株）,"志01/01-2/1-3/80, 志05/05-2/05-3"
三芳郵便局前,（株）ライフバス,"4　鶴瀬駅西口〜三好中学校経由・西原住宅循環線, 5　鶴瀬駅西口〜三好中学校経由・みずほ台駅西口折り返し線, 6A　鶴瀬駅西口〜上富経由・ふじみ野駅西口折り返し線, 6B　鶴瀬駅西口〜セントラル病院経由・ふじみ野駅西口折り返し線"
鎧,国際興業（株）,"浦81, 南浦80, 武浦01, 武浦80"
みどり橋,国際興業（株）,"南高麗01, 南高麗02, 南高麗03"
芝下町,国際興業（株）,"蕨01/01-2, 川05/05-2"
北新埜,（株）ライフバス,"1　鶴瀬駅西口〜三芳・北永井循環線, 8　鶴瀬駅西口〜チェルシーガーデン経由・みずほ台駅西口折り返し線"
前川東,国際興業（株）,"西川06, 西川11"
男女土橋南,東武バスセントラル（株）,草加15
男女土橋南,草加市,パリポリくんバス　北東ルート
桜保育所,川口市,青木線
加治橋,西武バス（株）,"飯42, 飯41-1, 飯41"
原,川口市,新郷循環
原,東武バスセントラル（株）,川10
原,国際興業（株）,川22/22-2
富士塚第1公園,（株）ライフバス,1　鶴瀬駅西口〜三芳・北永井循環線
松本北,国際興業（株）,武浦02/02-2/02-3
宮根,川口市,芝・神根循環
宮根,国際興業（株）,"蕨02, 蕨06"
里みどりヶ丘,川口市,"青木線, 新郷循環"
木ノ宮,（株）ライフバス,6A　鶴瀬駅西口〜上富経由・ふじみ野駅西口折り返し線
上橋,入間市,てぃーろーど北コース
芝西中学校,川口市,芝・神根循環
吉岡,川口市,新郷循環
吉岡,国際興業（株）,"西川04, 西川04-2, 鳩05"
文蔵三丁目,国際興業（株）,"蕨50, 南浦84"
中原,（株）ライフバス,"4　鶴瀬駅西口〜三好中学校経由・西原住宅循環線, 6B　鶴瀬駅西口〜セントラル病院経由・ふじみ野駅西口折り返し線"
みずほ台駅東口,富士見市,みずほ台駅・水谷東線
上根橋,国際興業（株）,"蕨01/01-2, 川05/05-2, 川19, 川20, 川23, SC02"
水谷東,東武バスウエスト（株）,志21・志25
みふじ幼稚園入口,（株）ライフバス,"4　鶴瀬駅西口〜三好中学校経由・西原住宅循環線, 5　鶴瀬駅西口〜三好中学校経由・みずほ台駅西口折り返し線, 6A　鶴瀬駅西口〜上富経由・ふじみ野駅西口折り返し線, 6B　鶴瀬駅西口〜セントラル病院経由・ふじみ野駅西口折り返し線"
下畑,東京都,"梅74乙, 梅74甲"
下畑,国際興業（株）,"学02/03, 南高麗01, 南高麗02, 南高麗03"
前川四丁目,国際興業（株）,"西川07/07-2, 西川11"
桜町二丁目,川口市,青木線
桜町二丁目,国際興業（株）,"赤20/20-2, 蕨03/03-2, 西川01, 川18"
稲荷五丁目,東武バスセントラル（株）,草加10
住宅前,国際興業（株）,"学02/03, 南高麗01, 南高麗02, 南高麗03"
安行北谷,川口市,戸塚・安行循環
安行北谷,東武バスセントラル（株）,"草加20, 草加23"
安行北谷,国際興業（株）,川25
芝塚原,国際興業（株）,蕨05/05-2/05-3
小山二丁目,国際興業（株）・東武バスセントラル（株）,草加14
平野,（株）ライフバス,"1　鶴瀬駅西口〜三芳・北永井循環線, 8　鶴瀬駅西口〜チェルシーガーデン経由・みずほ台駅西口折り返し線"
前川二丁目,川口市,芝・神根循環
前川二丁目,国際興業（株）,蕨01/01-2
中宗岡,国際興業（株）,"志05/05-2/05-3, 北朝02"
仏子駅,西武バス（株）,ぶし01
仏子駅,入間市,"てぃーろーど北コース, てぃーワゴン　東金子コース1系統（やまゆり荘行き）, てぃーワゴン　東金子コース2系統（東金子支所行き）, てぃーワゴン　金子コース"
前川通り,川口市,芝・神根循環
前川通り,国際興業（株）,"西川06, 西川11"
工業団地南（草加市）,東武バスセントラル（株）,"松原33, 八潮01"
宗岡公民館,国際興業（株）,"志01/01-2/1-3/80, 志05/05-2/05-3"
前幸房,東武バスセントラル（株）,金52
ライフバス三芳営業所前,（株）ライフバス,1　鶴瀬駅西口〜三芳・北永井循環線
谷古宇橋,東武バスセントラル（株）,"松原31, 草加11, 草加12"
吹上,（株）ライフバス,1　鶴瀬駅西口〜三芳・北永井循環線
畑の蔵,国際興業（株）,"学02/03, 南高麗01, 南高麗03"
曲本保育園,国際興業（株）,武浦02/02-2/02-3
北美町,国際興業（株）,"志01/01-2/1-3/80, 志05/05-2/05-3"
上畑,東京都,"梅74乙, 梅74甲"
上畑,国際興業（株）,"学02/03, 南高麗01, 南高麗02, 南高麗03"
鳩ヶ谷中央病院,川口市,青木線
原坂上,川口市,新郷循環
原坂上,東武バスセントラル（株）,川10
原坂上,国際興業（株）,川22/22-2
さつきヶ丘,川口市,新郷循環
さつきヶ丘,国際興業（株）,"西川04, 西川04-2, 鳩05"
浦寺,川口市,青木線
辻五反田,さいたま市,南区コミュニティバス
辻五反田,国際興業（株）,"浦19-2, 南浦08"
加治東地区行政センター,飯能市,加治コース
産業道路,川口市,芝・神根循環
産業道路,国際興業（株）,"蕨01/01-2, 蕨02, 蕨06, 川05/05-2"
里曲田,川口市,"青木線, 新郷循環"
草加三丁目,東武バスセントラル（株）,草加15
草加三丁目,草加市,パリポリくんバス　北東ルート
前川たたら荘,川口市,芝・神根循環
豊岡町,西武バス（株）,"狭山27, 入市32-2, 入市33-1, 入市34, 入市33, 入市54, 入市32-1, 入市32, 入市51, 入市53, 入市52, 入市42, 入市61, 入市40, 入市41, 入市44, 入市43, 入市62, 入市54　準急, 入市53　準急, 入市51　準急, 入市40　準急"
豊岡町,入間市,てぃーろーど北コース
秋草学園高校,西武バス（株）,新所04
みずほ台駅西口,（株）ライフバス,"5　鶴瀬駅西口〜三好中学校経由・みずほ台駅西口折り返し線, 8　鶴瀬駅西口〜チェルシーガーデン経由・みずほ台駅西口折り返し線"
白幡六丁目,さいたま市,南区コミュニティバス
幸ノ宮児童遊園,東武バスセントラル（株）,"八潮03（八03）, 八潮04（八04）"
南入曽,西武バス（株）,新狭02
南入曽,狭山市,市内循環バス「茶の花号」入曽東コース
曲本三丁目,国際興業（株）,武浦02/02-2/02-3
岩渕団地,西武バス（株）,"飯42, 飯41-1, 飯41"
尾根下,西武バス（株）,"飯42, 飯41-1, 飯41"
尾根下,国際興業（株）,"学02/03, 南高麗01, 南高麗02, 南高麗03"
松本一丁目,国際興業（株）,武浦02/02-2/02-3
白鳥幼稚園,飯能市,加治コース
内谷六丁目,さいたま市,南区コミュニティバス
チェルシーガーデン,（株）ライフバス,8　鶴瀬駅西口〜チェルシーガーデン経由・みずほ台駅西口折り返し線
上青木六丁目,国際興業（株）,川05/05-2
広瀬病院前,東武バスセントラル（株）,"草加09, 八潮01"
高正寺入口,入間市,てぃーろーど北コース
芝下二丁目,川口市,芝・神根循環
芝塚越公園,川口市,芝・神根循環
いろは橋,国際興業（株）,"志01/01-2/1-3/80, 志03-3/南与01/02, 志05/05-2/05-3"
多福寺,（株）ライフバス,"4　鶴瀬駅西口〜三好中学校経由・西原住宅循環線, 6A　鶴瀬駅西口〜上富経由・ふじみ野駅西口折り返し線"
曲本二丁目,国際興業（株）,武浦02/02-2/02-3
飯能南高校,西武バス（株）,"飯42, 飯41-1, 飯41"
地蔵前,西武バス（株）,"所58-1, 所58-2, 大34"
宗岡,国際興業（株）・東武バスウエスト（株）,北朝01
宗岡,国際興業（株）,"志01/01-2/1-3/80, 志05/05-2/05-3, 北朝02"
飯能リハビリ館,国際興業（株）,"南高麗01, 南高麗02, 南高麗03"
沼影南,さいたま市,南区コミュニティバス
イオンモール川口,国際興業（株）,SC02
辻島田,国際興業（株）,"南浦01, 南浦07"
曲本,国際興業（株）,"浦81, 南浦80, 武浦01, 武浦80"
桜町六丁目,川口市,青木線
後峯,東武バスセントラル（株）,草加23
慈林,川口市,新郷循環
慈林,国際興業（株）,"西川04, 西川04-2, 鳩05"
桜町一丁目,国際興業（株）,"赤20/20-2, 蕨03/03-2, 西川01, 川18"
志木市役所前,東武バスウエスト（株）,志21・志25
志木市役所前,国際興業（株）,志04-2
藤久保信号,（株）ライフバス,"4　鶴瀬駅西口〜三好中学校経由・西原住宅循環線, 5　鶴瀬駅西口〜三好中学校経由・みずほ台駅西口折り返し線, 6A　鶴瀬駅西口〜上富経由・ふじみ野駅西口折り返し線, 6B　鶴瀬駅西口〜セントラル病院経由・ふじみ野駅西口折り返し線"
芝下一丁目,川口市,芝・神根循環
芝公民館入口,国際興業（株）,"蕨02, 蕨06"
中ノ久保,（株）ライフバス,1　鶴瀬駅西口〜三芳・北永井循環線
前川住宅,国際興業（株）,"西川06, 西川07/07-2, 西川11"
草加市立病院,東武バスセントラル（株）,"草加15, 草加16"
草加市立病院,国際興業（株）・東武バスセントラル（株）,草加14
草加市立病院,草加市,"パリポリくんバス　北東ルート, パリポリくんバス　南西ルート, パリポリくんバス　新田ルート"
志木市役所,国際興業（株）,"志01/01-2/1-3/80, 志03-3/南与01/02, 志05/05-2/05-3"
曲本一丁目,国際興業（株）,武浦02/02-2/02-3
花栗一丁目,国際興業（株）・東武バスセントラル（株）,草加14
花栗一丁目,草加市,パリポリくんバス　新田ルート
安行小山,川口市,戸塚・安行循環
安行小山,東武バスセントラル（株）,"草加20, 草加23"
安行小山,国際興業（株）,川25
志木の杜,国際興業（株）,"志04/04-3, 志04-2"
花栗二丁目,国際興業（株）・東武バスセントラル（株）,草加14
岩渕,西武バス（株）,"飯42, 飯41-1, 飯41"
岩渕,国際興業（株）,学02/03
苗塚町,東武バスセントラル（株）,草加20
苗塚町,国際興業（株）・東武バスセントラル（株）,"草加14, 川11"
苗塚町,国際興業（株）,鳩06
稲荷四丁目,東武バスセントラル（株）,草加10
産業文化センター,入間市,てぃーろーど南コース
武蔵野音大入口,入間市,"てぃーワゴン　東金子コース1系統（やまゆり荘行き）, てぃーワゴン　東金子コース2系統（東金子支所行き）, てぃーワゴン　金子コース"
円照寺入口,入間市,てぃーろーど北コース
総合体育館,京成タウンバス（株）,金02
入間市役所,西武バス（株）,"藤01, 【藤01】深夜"
入間市役所,入間市,"てぃーろーど北コース, てぃーろーど南コース, てぃーろーど健康福祉センターコース"
峯八幡宮,川口市,戸塚・安行循環
峯八幡宮,国際興業（株）,川13
芝樋ノ爪,川口市,芝・神根循環
小山,東武バスセントラル（株）,草加20
小山,国際興業（株）・東武バスセントラル（株）,川11
小山,国際興業（株）,鳩06
総合体育館前,マイスカイ交通（株）,"M-01-3・M-01-4（三郷駅南口〜三郷市役所〜三郷中央駅〜みさと公園前〜金町駅南口）, M-08（新三郷駅西口〜三郷団地〜三郷北高校西〜三郷市役所〜三郷中央駅）"
柏町一丁目,国際興業（株）,"志04/04-3, 志04-2"
東下畑,国際興業（株）,"学02/03, 南高麗01, 南高麗02, 南高麗03"
上青木六丁目,国際興業（株）,川05/05-2
下宗岡三丁目,国際興業（株）・東武バスウエスト（株）,北朝01
下宗岡三丁目,国際興業（株）,"志01/01-2/1-3/80, 志05/05-2/05-3"
草加園,東武バスセントラル（株）,草加20
草加園,国際興業（株）・東武バスセントラル（株）,川11
草加園,国際興業（株）,鳩06
前上町,国際興業（株）,"川19, 川20, 川23"
中野下入口,国際興業（株）,"志04/04-3, 志04-2"
消防局入口,国際興業（株）,"蕨01/01-2, 川05/05-2"
内谷中学校前,さいたま市,南区コミュニティバス
東谷田甫,国際興業（株）,"蕨50-2, 蕨81, 浦19-2"
岩野木境,東武バスセントラル（株）,"早01, 金54"
飯能信用金庫前,（株）ライフバス,"4　鶴瀬駅西口〜三好中学校経由・西原住宅循環線, 5　鶴瀬駅西口〜三好中学校経由・みずほ台駅西口折り返し線, 6A　鶴瀬駅西口〜上富経由・ふじみ野駅西口折り返し線, 6B　鶴瀬駅西口〜セントラル病院経由・ふじみ野駅西口折り返し線, 8　鶴瀬駅西口〜チェルシーガーデン経由・みずほ台駅西口折り返し線"
中野下坂下,国際興業（株）,"志04/04-3, 志04-2"
シチズン前,西武バス（株）,"本55, 新所02-2, 【本55】深夜, 新所02"
文蔵小学校,国際興業（株）,"蕨50, 南浦84"
草加二丁目,東武バスセントラル（株）,"草加15, 草加16"
草加二丁目,国際興業（株）・東武バスセントラル（株）,草加14
岩野木,マイスカイ交通（株）,"M-60（マイスカイ車庫〜三郷駅北口〜三郷中央駅）, M-02（新三郷駅東口〜早稲田5丁目〜三郷駅北口〜三郷市役所〜三郷中央駅）, M-03（三郷駅南口〜三郷市役所〜南部地区循環〜三郷市役所〜三郷駅南口）"
旭町口,川口市,"青木線, 新郷循環"
旭町口,国際興業（株）,"西川04, 西川04-2, 鳩05"
芝四丁目,川口市,芝・神根循環
前川三丁目,国際興業（株）,"西川06, 西川07/07-2, 西川11"
松本二丁目公園,国際興業（株）,武浦02/02-2/02-3
岩野木橋,東武バスセントラル（株）,金52
中野下中央,国際興業（株）,"志04/04-3, 志04-2"
新町,東武バスセントラル（株）,八潮01
そよかぜ保育園前,（株）ライフバス,8　鶴瀬駅西口〜チェルシーガーデン経由・みずほ台駅西口折り返し線
鳩ヶ谷高校,川口市,青木線
鳩ヶ谷高校,国際興業（株）,"蕨03/03-2, 川18, SC02"
扇町屋中央,西武バス（株）,"入市32-2, 入市33-1, 入市34, 入市33, 入市54, 入市32-1, 入市32, 入市51, 入市53, 入市52, 入市42, 入市61, 入市40, 入市41, 入市44, 入市43, 入市62, 入市54　準急, 入市53　準急, 入市51　準急, 入市40　準急"
前野宿緑ヶ丘公園,川口市,新郷循環
豊岡四丁目,入間市,てぃーろーど健康福祉センターコース
川口高校入口,国際興業（株）,"蕨03/03-2, 川18, SC02"
前ヶ貫入口,西武バス（株）,"飯42, 飯41-1, 飯41"
前ケ貫入口,国際興業（株）,学02/03
秋ヶ瀬橋,国際興業（株）,志01/01-2/1-3/80
緑ヶ丘公園,川口市,新郷循環
市場坂上,東武バスウエスト（株）,"志21・志25, 志24"
市場坂上,国際興業（株）,"志01/01-2/1-3/80, 志03-3/南与01/02, 志05/05-2/05-3"
峯後,川口市,戸塚・安行循環
峯後,国際興業（株）,川13
老人福祉センター不老荘東,狭山市,市内循環バス「茶の花号」入曽西コース
中野下住宅,国際興業（株）,"志04/04-3, 志04-2"
鳩ヶ谷本町二丁目,国際興業（株）,"赤20/20-2, 蕨03/03-2, 西川01, 川18"
サンテピア,国際興業（株）,川07
北交番,東武バスセントラル（株）,"八潮03（八03）, 八潮04（八04）"
松本三丁目,国際興業（株）,武浦02/02-2/02-3
前野宿,川口市,新郷循環
消防署前,東武バスウエスト（株）,志24
蕨サンクチュアリ入口,蕨市,西ルート
東久保団地,入間市,てぃーろーど南コース
志木消防署,国際興業（株）,"志04/04-3, 志04-2"
横道,川口市,"戸塚・安行循環, 新郷循環"
横道,東武バスセントラル（株）,"草加20, 草加23"
横道,国際興業（株）・東武バスセントラル（株）,川11
横道,国際興業（株）,"川25, 鳩06"
鳩ヶ谷本町郵便局,川口市,"青木線, 新郷循環"
落合（飯能市）,西武バス（株）,"飯42, 飯41-1, 飯41"
入曽駅入口,西武バス（株）,新狭02
入曽駅入口,狭山市,市内循環バス「茶の花号」入曽西コース
鶴ヶ曽根北,東武バスセントラル（株）,"草加09, 八潮01"
流通団地北,東武バスセントラル（株）,"流通01, 流通02"
阿須,西武バス（株）,"飯42, 飯41-1, 飯41"
東町小学校,入間市,てぃーろーど南コース
奈賀町,西武バス（株）,"入市32-2, 入市33-1, 入市34, 入市33, 入市54, 入市32-1, 入市32, 入市51, 入市53, 入市52, 入市42, 入市61, 入市40, 入市41, 入市44, 入市43, 入市62, 入市54　準急, 入市53　準急, 入市51　準急, 入市40　準急"
老人福祉センター不老荘,狭山市,市内循環バス「茶の花号」入曽西コース
下宗岡二丁目,国際興業（株）・東武バスウエスト（株）,北朝01
下宗岡二丁目,国際興業（株）,北朝02
稲荷桜橋入口,東武バスセントラル（株）,草加10
谷古宇稲荷,東武バスセントラル（株）,草加12
上青木五丁目,川口市,青木線
上青木五丁目,国際興業（株）,"蕨03/03-2, 川05/05-2, 川18"
芝中央通り,川口市,芝・神根循環
十四軒,西武バス（株）,新所04
芝三丁目,国際興業（株）,"蕨02, 蕨06"
浦和南高校,国際興業（株）,"南浦01, 南浦07"
内谷,国際興業（株）,"浦81, 南浦80, 武浦01, 武浦80"
みよし台,（株）ライフバス,"5　鶴瀬駅西口〜三好中学校経由・みずほ台駅西口折り返し線, 8　鶴瀬駅西口〜チェルシーガーデン経由・みずほ台駅西口折り返し線"
下宗岡四丁目,国際興業（株）・東武バスウエスト（株）,北朝01
旭幼稚園,川口市,新郷循環
中組,（株）ライフバス,"4　鶴瀬駅西口〜三好中学校経由・西原住宅循環線, 6A　鶴瀬駅西口〜上富経由・ふじみ野駅西口折り返し線"
花栗,東武バスセントラル（株）,草加20
花栗,国際興業（株）・東武バスセントラル（株）,川11
花栗,国際興業（株）,鳩06
南草加,東武バスセントラル（株）,草加11
上青木交番,国際興業（株）,"蕨03/03-2, 西川08, 川18, 川19, 川20, 川23"
法華田,国際興業（株）,"蕨50-2, 蕨81, 浦19-2"
蕨高校,蕨市,西ルート
芝みゆき通り,川口市,芝・神根循環
大生病院入口,狭山市,市内循環バス「茶の花号」入曽東コース
イオンモール川口前川東,国際興業（株）,"西川06, 西川07/07-2, 西川11"
大竹,東武バスセントラル（株）,川10
大竹,国際興業（株）,川22/22-2
芝園消防署,川口市,芝・神根循環
芝園消防署,国際興業（株）,蕨05/05-2/05-3
稲荷コミュニティセンター入口,東武バスセントラル（株）,草加10
入間市市民会館,西武バス（株）,"藤01, 【藤01】深夜"
浄水場入口,（株）ライフバス,"4　鶴瀬駅西口〜三好中学校経由・西原住宅循環線, 5　鶴瀬駅西口〜三好中学校経由・みずほ台駅西口折り返し線, 6A　鶴瀬駅西口〜上富経由・ふじみ野駅西口折り返し線, 6B　鶴瀬駅西口〜セントラル病院経由・ふじみ野駅西口折り返し線, 8　鶴瀬駅西口〜チェルシーガーデン経由・みずほ台駅西口折り返し線"
稲荷西公園,東武バスセントラル（株）,草加10
上青木北西公園,国際興業（株）,"蕨03/03-2, 西川08"
彦江二丁目西,メートー観光（株）,M3　吉川駅南口⇔三郷中央駅（ピアラシティ経由）
鶴ヶ曽根,東武バスセントラル（株）,"草加09, 八潮01"
鳩ヶ谷中学校入口,川口市,新郷循環
エーキドー,（株）ライフバス,"4　鶴瀬駅西口〜三好中学校経由・西原住宅循環線, 6B　鶴瀬駅西口〜セントラル病院経由・ふじみ野駅西口折り返し線"
北草加観音堂,草加市,パリポリくんバス　南西ルート
前川一丁目,国際興業（株）,"蕨03/03-2, 西川08"
西町,東武バスセントラル（株）,草加20
西町,国際興業（株）・東武バスセントラル（株）,川11
西町,国際興業（株）,鳩06
富士見通り,入間市,てぃーろーど健康福祉センターコース
富士道入口,国際興業（株）,"志01/01-2/1-3/80, 志03-3/南与01/02, 志05/05-2/05-3"
藤久保第4区集会所,（株）ライフバス,8　鶴瀬駅西口〜チェルシーガーデン経由・みずほ台駅西口折り返し線
下宗岡一丁目,国際興業（株）・東武バスウエスト（株）,北朝01
下宗岡一丁目,国際興業（株）,北朝02
入曽駅,西武バス（株）,新狭02
入曽駅,狭山市,"市内循環バス「茶の花号」入曽東コース, 市内循環バス「茶の花号」入曽西コース, 市内循環バス「茶の花号」通勤通学コース（入曽駅）"
法務局志木出張所,国際興業（株）,"志04/04-3, 志04-2"
ガーデンハイツ,入間市,"てぃーワゴン　東金子コース1系統（やまゆり荘行き）, てぃーワゴン　東金子コース2系統（東金子支所行き）, てぃーワゴン　金子コース"
赤井田畑,国際興業（株）,川07
北町四丁目,国際興業（株）,"蕨50, 蕨50-2, 浦19-2"
登記所前,東武バスウエスト（株）,志24
鳩ヶ谷本町一丁目,川口市,"青木線, 新郷循環"
鳩ヶ谷本町一丁目,国際興業（株）,"赤20/20-2, 蕨03/03-2, 西川01, 西川04, 西川04-2, 川18, 鳩05"
富士道,東武バスウエスト（株）,"志21・志25, 志24"
北五公園,蕨市,西ルート
第二福祉センター前,国際興業（株）,"志04/04-3, 志04-2"
扇町屋二丁目,西武バス（株）,"入市32-2, 入市33-1, 入市34, 入市33, 入市54, 入市32-1, 入市32, 入市51, 入市53, 入市52, 入市42, 入市61, 入市40, 入市41, 入市44, 入市43, 入市62, 入市54　準急, 入市53　準急, 入市51　準急, 入市40　準急"
宗岡第三小学校,国際興業（株）・東武バスウエスト（株）,北朝01
宗岡第三小学校,国際興業（株）,北朝02
ガーデンハイツ西,入間市,"てぃーワゴン　東金子コース1系統（やまゆり荘行き）, てぃーワゴン　東金子コース2系統（東金子支所行き）, てぃーワゴン　金子コース"
八条小橋,東武バスセントラル（株）,"草加09, 八潮01"
雪見ヶ原,西武バス（株）,新所04
里・屋敷添,国際興業（株）,"蕨03/03-2, 川18, SC02"
武南警察署入口,川口市,新郷循環
武南警察署入口,国際興業（株）,"蕨03/03-2, 川18"
トクホンプラザ,国際興業（株）,鳩06
伊草,東武バスセントラル（株）,草加09
松本四丁目,国際興業（株）,武浦02/02-2/02-3
トクホンプラザ前,東武バスセントラル（株）,"草加11, 草加20"
トクホンプラザ前,国際興業（株）・東武バスセントラル（株）,川11
前川南公民館,国際興業（株）,"西川06, 西川07/07-2, 西川11"
芝富士一丁目,国際興業（株）,"蕨50, 蕨50-2, 浦19-2"
八幡坂,川口市,戸塚・安行循環
八幡坂,国際興業（株）,川13
氷川上田公園,東武バスセントラル（株）,"草加15, 草加16"
氷川上田公園,国際興業（株）・東武バスセントラル（株）,草加14
イオンモール川口前川,国際興業（株）,"蕨03/03-2, 西川08, SC01-2, SC01"
新郷図書館,川口市,新郷循環
新開公園前,（株）ライフバス,"5　鶴瀬駅西口〜三好中学校経由・みずほ台駅西口折り返し線, 8　鶴瀬駅西口〜チェルシーガーデン経由・みずほ台駅西口折り返し線"
北町五丁目,国際興業（株）,"蕨50, 蕨50-2, 蕨81, 浦19-2"
八潮高校入口,東武バスセントラル（株）,"八潮03（八03）, 八潮04（八04）"
上町,東武バスウエスト（株）,"志21・志25, 志24"
上町,国際興業（株）,"志01/01-2/1-3/80, 志03-3/南与01/02, 志05/05-2/05-3"
春日公園,蕨市,西ルート
市役所入口,マイスカイ交通（株）,"M-60（マイスカイ車庫〜三郷駅北口〜三郷中央駅）, M-02（新三郷駅東口〜早稲田5丁目〜三郷駅北口〜三郷市役所〜三郷中央駅）"
下富北,所沢市,北路線富岡循環
小谷田1518-97地内,入間市,"てぃーワゴン　東金子コース1系統（やまゆり荘行き）, てぃーワゴン　東金子コース2系統（東金子支所行き）, てぃーワゴン　金子コース"
流通団地中央,東武バスセントラル（株）,"流通01, 流通02"
水深団地,国際興業（株）,"南浦01, 南浦07"
三郷市役所入口,京成タウンバス（株）,金02
三郷市役所入口,マイスカイ交通（株）,"M-01-3・M-01-4（三郷駅南口〜三郷市役所〜三郷中央駅〜みさと公園前〜金町駅南口）, M-08（新三郷駅西口〜三郷団地〜三郷北高校西〜三郷市役所〜三郷中央駅）"
坂下橋,国際興業（株）,"志04/04-3, 志04-2"
芝南公民館,国際興業（株）,"蕨01/01-2, 蕨03/03-2, 西川08, 川05/05-2, SC01-2, SC01"
鳩ヶ谷駅,国際興業（株）,"蕨03/03-2, 川18"
上富小学校,（株）ライフバス,"4　鶴瀬駅西口〜三好中学校経由・西原住宅循環線, 6A　鶴瀬駅西口〜上富経由・ふじみ野駅西口折り返し線"
蕨高校入口,蕨市,西ルート
森の里団地前,（株）ライフバス,"4　鶴瀬駅西口〜三好中学校経由・西原住宅循環線, 6B　鶴瀬駅西口〜セントラル病院経由・ふじみ野駅西口折り返し線"
大竹入口,川口市,新郷循環
大竹入口,東武バスセントラル（株）,川10
大竹入口,国際興業（株）,川22/22-2
東町団地,入間市,てぃーろーど南コース
市民体育館,蕨市,西ルート
一条東,狭山市,市内循環バス「茶の花号」入曽東コース
（南部地区）3街区,マイスカイ交通（株）,"M-20・M-20-2（ピアラシティ〜（直通）〜三郷中央駅・ピアラシティ〜南部地区〜三郷中央駅）, M-03（三郷駅南口〜三郷市役所〜南部地区循環〜三郷市役所〜三郷駅南口）"
峯,川口市,"戸塚・安行循環, 新郷循環"
峯,国際興業（株）・東武バスセントラル（株）,川11
峯,国際興業（株）,"川25, 鳩06"
互締落,川口市,新郷循環
松本南,国際興業（株）,武浦02/02-2/02-3
柳瀬川駅,国際興業（株）,"志04/04-3, 志04-2"
北町4丁目西,蕨市,西ルート
北町四丁目西,国際興業（株）,"蕨50, 蕨50-2, 浦19-2"
伊草天満宮,東武バスセントラル（株）,草加09
八津池自治会館,入間市,"てぃーワゴン　東金子コース1系統（やまゆり荘行き）, てぃーワゴン　東金子コース2系統（東金子支所行き）, てぃーワゴン　金子コース"
東急台自治会館,狭山市,市内循環バス「茶の花号」入曽東コース
西町東部会館,草加市,パリポリくんバス　南西ルート
彦江二丁目東,メートー観光（株）,M3　吉川駅南口⇔三郷中央駅（ピアラシティ経由）
学校前（入間郡）,西武バス（株）,"所58-1, 所58-2, 大34"
猫橋,国際興業（株）,"蕨01/01-2, 蕨03/03-2, 川05/05-2, SC01-2, SC01"
西小学校,国際興業（株）,"蕨80, 南浦84"
志木市武道館前,国際興業（株）,"志04/04-3, 志04-2"
住吉町,東武バスセントラル（株）,草加12
上青木西五丁目,国際興業（株）,"西川08, 川18, 川19, 川20, 川23"
伊草東,東武バスセントラル（株）,八潮01
芝園団地,国際興業（株）,"蕨05/05-2/05-3, 蕨50, 蕨50-2, 浦19-2"
狭山入曽郵便局,狭山市,市内循環バス「茶の花号」入曽西コース
美女木一丁目西,埼京タクシー（株）,美笹循環
宮戸橋,国際興業（株）・東武バスウエスト（株）,北朝01
宮戸橋,国際興業（株）,北朝02
鳩ヶ谷駅西口,国際興業（株）,"蕨03/03-2, 西川09, 川18, SC02"
三郷市役所,東武バスセントラル（株）,"早01, 流通01, 流通02, 金54"
三郷市役所,京成タウンバス（株）,金02
三郷市役所,マイスカイ交通（株）,"M-01-3・M-01-4（三郷駅南口〜三郷市役所〜三郷中央駅〜みさと公園前〜金町駅南口）, M-60（マイスカイ車庫〜三郷駅北口〜三郷中央駅）, M-02（新三郷駅東口〜早稲田5丁目〜三郷駅北口〜三郷市役所〜三郷中央駅）, M-03（三郷駅南口〜三郷市役所〜南部地区循環〜三郷市役所〜三郷駅南口）, M-08（新三郷駅西口〜三郷団地〜三郷北高校西〜三郷市役所〜三郷中央駅）"
三郷市役所,メートー観光（株）,M3　吉川駅南口⇔三郷中央駅（ピアラシティ経由）
三芳小学校,（株）ライフバス,"4　鶴瀬駅西口〜三好中学校経由・西原住宅循環線, 5　鶴瀬駅西口〜三好中学校経由・みずほ台駅西口折り返し線, 6A　鶴瀬駅西口〜上富経由・ふじみ野駅西口折り返し線, 6B　鶴瀬駅西口〜セントラル病院経由・ふじみ野駅西口折り返し線"
幸房,東武バスセントラル（株）,金52
稲荷交差点,東武バスセントラル（株）,草加09
西武バス所沢営業所,西武バス（株）,"本55, 新所02-2, 【本55】深夜, 新所02"
赤井台,国際興業（株）,川07
美女木一丁目会館,埼京タクシー（株）,美笹循環
扇町屋一丁目,西武バス（株）,"藤01, 【藤01】深夜"
ショッピングセンター前,西武バス（株）,新所04
ショッピングセンター前,狭山市,市内循環バス「茶の花号」入曽東コース
稲荷下根神社前,東武バスセントラル（株）,草加10
日本シイエムケイ前,（株）ライフバス,8　鶴瀬駅西口〜チェルシーガーデン経由・みずほ台駅西口折り返し線
西武バス所沢営業所（車庫内）,西武バス（株）,"新所02-1, 所61, 【所61】深夜"
高校入口,国際興業（株）,"蕨50, 蕨50-2, 蕨81, 浦19-2"
三郷高校前,メートー観光（株）,M3　吉川駅南口⇔三郷中央駅（ピアラシティ経由）
扇台二丁目,入間市,てぃーろーど健康福祉センターコース
志木市民会館,国際興業（株）,"志04/04-3, 志04-2"
西氷川,東武バスセントラル（株）,"草加11, 草加20"
西氷川,国際興業（株）・東武バスセントラル（株）,川11
西氷川,国際興業（株）,鳩06
鳩ヶ谷駅東口,川口市,"川口・鳩ヶ谷線, 青木線, 新郷循環, 南平線"
鳩ヶ谷駅東口,国際興業（株）,"鳩06, 鳩05"
上青木保育所,川口市,青木線
上青木保育所,国際興業（株）,川05/05-2
浅間神社,川口市,新郷循環
昭和橋,川口市,"川口・鳩ヶ谷線, 南平線"
昭和橋,国際興業（株）,"赤20/20-2, 蕨03/03-2, 西川01, 西川04, 西川04-2, 川18, 鳩06"
錦町郵便局入口,蕨市,西ルート
中央五丁目（三郷市）,東武バスセントラル（株）,"早01, 金54"
新郷東部公園,川口市,新郷循環
昭和新道,東武バスウエスト（株）,"志21・志25, 志24"
昭和新道,国際興業（株）,"志01/01-2/1-3/80, 志03-3/南与01/02, 志04/04-3, 志04-2, 志05/05-2/05-3"
昭和橋（鳩ヶ谷公民館）,川口市,新郷循環
流通団地南,東武バスセントラル（株）,"流通01, 流通02"
新開,（株）ライフバス,"5　鶴瀬駅西口〜三好中学校経由・みずほ台駅西口折り返し線, 8　鶴瀬駅西口〜チェルシーガーデン経由・みずほ台駅西口折り返し線"
蕨駅入口,国際興業（株）,"蕨05/05-2/05-3, 蕨50, 蕨50-2, 浦19-2"
三郷消防本部前,京成タウンバス（株）,金02
三郷消防本部前,マイスカイ交通（株）,M-08（新三郷駅西口〜三郷団地〜三郷北高校西〜三郷市役所〜三郷中央駅）
わらびりんご公園入口,蕨市,西ルート
美女木東,国際興業（株）,"西川62, 浦81, 南浦80, 武浦80"
わらび公園前,蕨市,西ルート
美女木一丁目,埼京タクシー（株）,美笹循環
市立病院入口,国際興業（株）,蕨81
美女木小学校,国際興業（株）,"西川62, 浦81, 南浦80, 武浦80"
美女木小学校入口,埼京タクシー（株）,美笹循環
貝塚,川口市,"戸塚・安行循環, 新郷循環"
貝塚,国際興業（株）,"川25, 鳩06"
三郷消防署前,メートー観光（株）,M3　吉川駅南口⇔三郷中央駅（ピアラシティ経由）
貝塚（川口市）,国際興業（株）・東武バスセントラル（株）,川11
流通団地東,東武バスセントラル（株）,"流通01, 流通02"
中央水路,国際興業（株）,"蕨80, 西川62, 南浦07, 南浦84"
三郷市消防本部前,マイスカイ交通（株）,"M-01-3・M-01-4（三郷駅南口〜三郷市役所〜三郷中央駅〜みさと公園前〜金町駅南口）, M-60（マイスカイ車庫〜三郷駅北口〜三郷中央駅）, M-02（新三郷駅東口〜早稲田5丁目〜三郷駅北口〜三郷市役所〜三郷中央駅）"
花和田,メートー観光（株）,M3　吉川駅南口⇔三郷中央駅（ピアラシティ経由）
宮脇,川口市,戸塚・安行循環
宮脇,国際興業（株）,川13
フラワーヒル西,狭山市,"市内循環バス「茶の花号」入曽東コース, 市内循環バス「茶の花号」通勤通学コース（入曽駅）"
北町3丁目,蕨市,西ルート
（南部地区）2街区,マイスカイ交通（株）,"M-20・M-20-2（ピアラシティ〜（直通）〜三郷中央駅・ピアラシティ〜南部地区〜三郷中央駅）, M-03（三郷駅南口〜三郷市役所〜南部地区循環〜三郷市役所〜三郷駅南口）"
八潮高校西,東武バスセントラル（株）,八潮01
八坂神社入口,入間市,てぃーワゴン　金子コース
東急狭山団地中央,狭山市,"市内循環バス「茶の花号」入曽東コース, 市内循環バス「茶の花号」通勤通学コース（入曽駅）"
扇町屋,西武バス（株）,"入市32-2, 入市33-1, 入市34, 入市33, 入市54, 入市32-1, 入市32, 入市51, 入市53, 入市52, 入市42, 入市61, 入市40, 入市41, 入市44, 入市43, 入市62, 入市54　準急, 入市53　準急, 入市51　準急, 入市40　準急"
月見野,狭山市,"市内循環バス「茶の花号」入曽東コース, 市内循環バス「茶の花号」通勤通学コース（入曽駅）"
三芳中学校,（株）ライフバス,"4　鶴瀬駅西口〜三好中学校経由・西原住宅循環線, 5　鶴瀬駅西口〜三好中学校経由・みずほ台駅西口折り返し線, 6A　鶴瀬駅西口〜上富経由・ふじみ野駅西口折り返し線, 6B　鶴瀬駅西口〜セントラル病院経由・ふじみ野駅西口折り返し線"
東町五丁目,入間市,てぃーろーど南コース
西小学校入口,蕨市,西ルート
稲荷三丁目,東武バスセントラル（株）,草加09
東急狭山団地,狭山市,市内循環バス「茶の花号」通勤通学コース（入曽駅）
市場前,東武バスセントラル（株）,草加23
北戸田駅入口,国際興業（株）,"蕨80, 南浦01, 南浦07, 南浦84"
西武フラワーヒル,西武バス（株）,新所04
西武フラワーヒル,狭山市,"市内循環バス「茶の花号」入曽東コース, 市内循環バス「茶の花号」通勤通学コース（入曽駅）"
柏町四丁目,東武バスウエスト（株）,志24
錦町5丁目,蕨市,西ルート
錦町五丁目,国際興業（株）,蕨80
上青木小学校,国際興業（株）,"西川08, 川18, 川19, 川20, 川23"
ふれあい団地入口,蕨市,西ルート
戸田車庫,国際興業（株）,"蕨50-2, 蕨80, 蕨81, 西川62, 浦81, 南浦07, 南浦80, 南浦84, 武浦80"
東急一条通り,狭山市,市内循環バス「茶の花号」通勤通学コース（入曽駅）
そば処秀月,入間市,"てぃーワゴン　東金子コース1系統（やまゆり荘行き）, てぃーワゴン　東金子コース2系統（東金子支所行き）, てぃーワゴン　金子コース"
わらび公園入口,蕨市,西ルート
かしの木ケアセンター前,（株）ライフバス,"6A　鶴瀬駅西口〜上富経由・ふじみ野駅西口折り返し線, 6B　鶴瀬駅西口〜セントラル病院経由・ふじみ野駅西口折り返し線"
鳩ヶ谷図書館,川口市,新郷循環
鳩ヶ谷図書館,国際興業（株）,鳩06
草加保健所,草加市,パリポリくんバス　南西ルート
錦町六丁目,国際興業（株）,"蕨80, 南浦84"
多聞院通り西,所沢市,北路線富岡循環
番匠免,埼京タクシー（株）,美笹循環
市立病院・保健センター,蕨市,西ルート
蕨高校通り,蕨市,西ルート
蕨駅東口,川口市,芝・神根循環
蕨駅東口,国際興業（株）,"蕨01/01-2, 蕨02, 蕨03/03-2, 蕨06, 川05/05-2, SC01-2, SC01"
美女木,国際興業（株）,"浦81, 南浦80, 武浦01, 武浦80"
第二中学校,国際興業（株）,蕨80
入曽多目的広場南,狭山市,市内循環バス「茶の花号」入曽西コース
SKIPシティ東,川口市,青木線
SKIPシティ東,国際興業（株）,西川09
駅入口（草加駅西口）,東武バスセントラル（株）,"草加11, 草加20, 草加23, 草加22, 竹04"
駅入口（草加駅西口）,国際興業（株）・東武バスセントラル（株）,"川11, 川12"
駅入口,国際興業（株）,鳩06
駅入口,草加市,パリポリくんバス　南西ルート
三学院,蕨市,西ルート
赤井氷川神社,国際興業（株）,川07
新久遺跡公園,入間市,"てぃーワゴン　東金子コース1系統（やまゆり荘行き）, てぃーワゴン　東金子コース2系統（東金子支所行き）, てぃーワゴン　金子コース"
六円橋,国際興業（株）,"西川06, 西川07/07-2, 西川11"
下富公民館,所沢市,北路線富岡循環
市営住宅前（入間市）,西武バス（株）,"藤01, 【藤01】深夜"
草加駅西口,東武バスセントラル（株）,"草加11, 草加15, 草加16, 草加20, 草加23, 草加22, 竹04"
草加駅西口,国際興業（株）・東武バスセントラル（株）,"草加14, 川11, 川12"
草加駅西口,国際興業（株）,鳩06
草加駅西口,草加市,パリポリくんバス　南西ルート
美女木,埼京タクシー（株）,美笹循環
中央三丁目,国際興業（株）,"蕨80, 蕨81"
駅前郵便局,蕨市,"西ルート, 南ルート"
美女木二丁目,埼京タクシー（株）,美笹循環
草加駅東口,東武バスセントラル（株）,"草加09, 草加10, 草加12, 草加17, 草加18, 草加19, 草加01, 草加02, 草加03, 草加04, 草加05, 草加06"
市助,東武バスセントラル（株）,金52
下藤沢,西武バス（株）,"藤01, 藤02, 【藤01】深夜"
駅入口（草加駅東口）,東武バスセントラル（株）,"草加09, 草加10, 草加12, 草加17, 草加18, 草加19, 草加01, 草加02, 草加03, 草加04, 草加05, 草加06"
商工会議所会館前,東武バスセントラル（株）,"草加09, 草加10, 草加01, 草加02, 草加03, 草加04, 草加05, 草加06"
大崎電気工業前,（株）ライフバス,8　鶴瀬駅西口〜チェルシーガーデン経由・みずほ台駅西口折り返し線
上青木二丁目,国際興業（株）,川05/05-2
南後谷,東武バスセントラル（株）,"草加09, 草加10, 草加02, 草加03, 草加04, 草加05, 草加06"
北町一丁目,国際興業（株）,蕨81
三郷消防署南,東武バスセントラル（株）,"有51, 早01, 金54"
さえき小谷田食品館,入間市,"てぃーワゴン　東金子コース1系統（やまゆり荘行き）, てぃーワゴン　金子コース"
上富橋,（株）ライフバス,"4　鶴瀬駅西口〜三好中学校経由・西原住宅循環線, 5　鶴瀬駅西口〜三好中学校経由・みずほ台駅西口折り返し線, 6A　鶴瀬駅西口〜上富経由・ふじみ野駅西口折り返し線"
三芳役場,（株）ライフバス,"4　鶴瀬駅西口〜三好中学校経由・西原住宅循環線, 5　鶴瀬駅西口〜三好中学校経由・みずほ台駅西口折り返し線, 6A　鶴瀬駅西口〜上富経由・ふじみ野駅西口折り返し線, 6B　鶴瀬駅西口〜セントラル病院経由・ふじみ野駅西口折り返し線, 8　鶴瀬駅西口〜チェルシーガーデン経由・みずほ台駅西口折り返し線"
北町交番,国際興業（株）,蕨80
双葉町,東武バスウエスト（株）,"志21・志25, 志24"
双葉町,国際興業（株）,"志01/01-2/1-3/80, 志03-3/南与01/02, 志04/04-3, 志04-2, 志05/05-2/05-3"
蕨駅西口,蕨市,"西ルート, 東ルート, 南ルート"
蕨駅西口,国際興業（株）,"蕨05/05-2/05-3, 蕨50, 蕨50-2, 蕨54, 蕨55, 蕨80, 蕨81, 浦19-2, SC01"
伊草団地入口,東武バスセントラル（株）,"草加02, 草加03, 草加04, 草加05, 草加06"
セブンイレブン新久店,入間市,"てぃーワゴン　東金子コース1系統（やまゆり荘行き）, てぃーワゴン　金子コース"
北戸田駅,国際興業（株）,西川62
西の前原,狭山市,市内循環バス「茶の花号」入曽西コース
毛長橋,国際興業（株）,鳩06
北戸田駅,埼京タクシー（株）,美笹循環
美女木二丁目,国際興業（株）,西川62
錦町6丁目西,蕨市,西ルート
蕨駅東口入口,蕨市,東ルート
錦町3丁目西,蕨市,西ルート
手代橋,東武バスセントラル（株）,"草加09, 草加10, 草加01, 草加02, 草加03, 草加04, 草加05, 草加06"
入曽運動広場,狭山市,市内循環バス「茶の花号」入曽東コース
錦町5丁目南,蕨市,西ルート
三郷郵便局前,東武バスセントラル（株）,有51
上富,西武バス（株）,"所58-1, 所58-2, 大34"
新田公園,埼京タクシー（株）,美笹循環
美谷本小学校入口,国際興業（株）,武浦01
総合社会福祉センター,蕨市,西ルート
若葉台児童交通公園,狭山市,市内循環バス「茶の花号」入曽西コース
安川新道口,西武バス（株）,"藤01, 藤02, 【藤01】深夜"
安川新道口,入間市,てぃーろーど南コース
保健センター前,東武バスセントラル（株）,"草加17, 草加18, 草加19"
保健センター前,草加市,パリポリくんバス　南西ルート
あずま通り,東武バスセントラル（株）,"草加17, 草加18, 草加19"
あずま通り,草加市,パリポリくんバス　南西ルート
扇台四丁目,入間市,てぃーろーど健康福祉センターコース
角屋,（株）ライフバス,"4　鶴瀬駅西口〜三好中学校経由・西原住宅循環線, 6A　鶴瀬駅西口〜上富経由・ふじみ野駅西口折り返し線"
中央四丁目,国際興業（株）,蕨80
草加神社,東武バスセントラル（株）,"草加23, 草加22, 竹04"
草加神社,国際興業（株）・東武バスセントラル（株）,川12
草加神社,草加市,パリポリくんバス　南西ルート
市役所通り東,蕨市,"東ルート, 南ルート"
やしお生涯楽習館,東武バスセントラル（株）,"草加02, 草加04, 草加05, 草加06"
新郷支社,川口市,新郷循環
新郷支所,国際興業（株）・東武バスセントラル（株）,川11
新郷支所,国際興業（株）,"川13, 川25, 鳩06"
JA富岡支店前,所沢市,北路線富岡循環
宝蔵寺,国際興業（株）・東武バスウエスト（株）,北朝01
谷中北,京成タウンバス（株）,金02
谷中北,マイスカイ交通（株）,"M-01-3・M-01-4（三郷駅南口〜三郷市役所〜三郷中央駅〜みさと公園前〜金町駅南口）, M-60（マイスカイ車庫〜三郷駅北口〜三郷中央駅）, M-02（新三郷駅東口〜早稲田5丁目〜三郷駅北口〜三郷市役所〜三郷中央駅）, M-08（新三郷駅西口〜三郷団地〜三郷北高校西〜三郷市役所〜三郷中央駅）"
塚越2丁目,蕨市,東ルート
坂下（入間市）,西武バス（株）,"入市32-2, 入市33-1, 入市34, 入市33, 入市32-1, 入市32"
水野本掘,狭山市,市内循環バス「茶の花号」入曽西コース
宮戸二丁目,朝霞市,宮戸線
新郷公民館,川口市,新郷循環
新郷公民館,東武バスセントラル（株）,川10
新郷公民館,国際興業（株）,川22/22-2
あずま幼稚園,入間市,"てぃーワゴン　東金子コース1系統（やまゆり荘行き）, てぃーワゴン　東金子コース2系統（東金子支所行き）, てぃーワゴン　金子コース"
鳩ヶ谷庁舎前,川口市,"新郷循環, 南平線"
観音橋,国際興業（株）,川07
エイトアリーナ入口,東武バスセントラル（株）,"草加02, 草加04, 草加05, 草加06"
中道,東武バスウエスト（株）,志24
中央3丁目東,蕨市,南ルート
益子病院,川口市,青木線
川口工業高校入口,国際興業（株）,西川08
東台,西武バス（株）,"藤01, 藤02"
緑町一丁目交差点,東武バスセントラル（株）,八潮01
生涯楽習館入口,東武バスセントラル（株）,"八潮03（八03）, 八潮04（八04）"
和楽備神社,蕨市,"東ルート, 南ルート"
入間台団地,入間市,"てぃーワゴン　東金子コース1系統（やまゆり荘行き）, てぃーワゴン　金子コース"
氷川町,東武バスセントラル（株）,"草加23, 草加22, 竹04"
氷川町,国際興業（株）・東武バスセントラル（株）,川12
氷川町,草加市,パリポリくんバス　南西ルート
塚越3丁目西,蕨市,東ルート
下富,西武バス（株）,"新所02-1, 新所02-2, 所61, 【所61】深夜, 新所02, 新所04"
宮戸三丁目,朝霞市,宮戸線
川口市立高校,国際興業（株）,"西川08, 川18, 川19, 川20, 川23"
金子病院入口,入間市,"てぃーワゴン　東金子コース1系統（やまゆり荘行き）, てぃーワゴン　東金子コース2系統（東金子支所行き）, てぃーワゴン　金子コース"
中央3丁目,蕨市,"西ルート, 東ルート, 南ルート"
所沢リハビリテーション病院,所沢市,北路線富岡循環
丸沼,朝霞市,内間木線
丸沼,国際興業（株）,朝50
道満,埼京タクシー（株）,美笹循環
東金子支所,入間市,"てぃーワゴン　東金子コース1系統（やまゆり荘行き）, てぃーワゴン　金子コース"
草加駅南,草加市,パリポリくんバス　南西ルート
八潮消防署前,東武バスセントラル（株）,"草加02, 草加04, 草加05, 草加06"
草加西町,東武バスセントラル（株）,"草加23, 草加22, 竹04"
草加西町,国際興業（株）・東武バスセントラル（株）,川12
中央一丁目,草加市,パリポリくんバス　南西ルート
入間台遺跡公園,入間市,"てぃーワゴン　東金子コース1系統（やまゆり荘行き）, てぃーワゴン　金子コース"
中央一丁目,国際興業（株）,"蕨54, 蕨55"
富岡,西武バス（株）,新所04
市役所入口,草加市,パリポリくんバス　南西ルート
中央一丁目（草加市）,東武バスセントラル（株）,"草加17, 草加18, 草加19"
赤井四丁目交差点,国際興業（株）,鳩06
桜橋通り,蕨市,西ルート
柳橋公園,蕨市,"西ルート, 南ルート"
新堀（川口市）,東武バスセントラル（株）,竹04
新堀（川口市）,国際興業（株）・東武バスセントラル（株）,川12
中央第一ぷち広場,蕨市,西ルート
塚越3丁目東,蕨市,東ルート
大日本印刷前,（株）ライフバス,"5　鶴瀬駅西口〜三好中学校経由・みずほ台駅西口折り返し線, 8　鶴瀬駅西口〜チェルシーガーデン経由・みずほ台駅西口折り返し線"
東台,入間市,てぃーろーど南コース
入間扇町屋団地,西武バス（株）,"藤01, 藤02, 【藤01】深夜, 藤03"
末広公園,蕨市,東ルート
青木町平和公園北,川口市,青木線
彩湖・道満グリーンパーク入口,国際興業（株）,武浦01
錦町4丁目,蕨市,西ルート
市立図書館前,東武バスセントラル（株）,有51
藪雨,埼京タクシー（株）,美笹循環
入間台西,入間市,"てぃーワゴン　東金子コース1系統（やまゆり荘行き）, てぃーワゴン　金子コース"
中央4丁目,蕨市,"東ルート, 南ルート"
鳩ヶ谷庁舎,川口市,"川口・鳩ヶ谷線, 新郷循環, 南平線"
鳩ヶ谷庁舎,国際興業（株）,"赤20/20-2, 西川01, 西川04, 西川04-2"
新堀,川口市,新郷循環
慶応高校,東武バスウエスト（株）,朝02・志23
蕨市役所,国際興業（株）,蕨80
三芳合金前,（株）ライフバス,5　鶴瀬駅西口〜三好中学校経由・みずほ台駅西口折り返し線
緑町一丁目,東武バスセントラル（株）,"草加02, 草加04, 草加05, 草加06"
下富片側,所沢市,北路線富岡循環
柳野公園,所沢市,北路線富岡循環
赤井橋,川口市,新郷循環
東中学校,蕨市,東ルート
蕨市役所［県道117号］,蕨市,"東ルート, 南ルート"
SKIPシティ,川口市,青木線
SKIPシティ,国際興業（株）,西川09
上青木西二丁目,川口市,青木線
東町,東武バスウエスト（株）,"朝02・志23, 志21・志25, 志24"
東町,国際興業（株）,"志01/01-2/1-3/80, 志03-3/南与01/02, 志04/04-3, 志04-2, 志05/05-2/05-3"
桜荘前,（株）ライフバス,"6A　鶴瀬駅西口〜上富経由・ふじみ野駅西口折り返し線, 6B　鶴瀬駅西口〜セントラル病院経由・ふじみ野駅西口折り返し線"
運動公園入口,（株）ライフバス,"5　鶴瀬駅西口〜三好中学校経由・みずほ台駅西口折り返し線, 6A　鶴瀬駅西口〜上富経由・ふじみ野駅西口折り返し線, 6B　鶴瀬駅西口〜セントラル病院経由・ふじみ野駅西口折り返し線"
三郷中央駅入口,京成タウンバス（株）,金02
三郷中央駅入口,マイスカイ交通（株）,"M-01-3・M-01-4（三郷駅南口〜三郷市役所〜三郷中央駅〜みさと公園前〜金町駅南口）, M-60（マイスカイ車庫〜三郷駅北口〜三郷中央駅）, M-02（新三郷駅東口〜早稲田5丁目〜三郷駅北口〜三郷市役所〜三郷中央駅）, M-08（新三郷駅西口〜三郷団地〜三郷北高校西〜三郷市役所〜三郷中央駅）"
辻,国際興業（株）,"西川01, 西川04, 西川04-2"
水野保育所,狭山市,市内循環バス「茶の花号」入曽西コース
小谷田,西武バス（株）,"入市32-2, 入市33-1, 入市34, 入市33, 入市32-1, 入市32"
宮戸保育園,朝霞市,宮戸線
内間木苑入口,朝霞市,内間木線
榛松東,川口市,新郷循環
榛松東,国際興業（株）・東武バスセントラル（株）,川12
若葉台中央,狭山市,市内循環バス「茶の花号」入曽西コース
つくばエクスプレス入口,東武バスセントラル（株）,"有51, 早01, 金54"
つくばエクスプレス入口,メートー観光（株）,M3　吉川駅南口⇔三郷中央駅（ピアラシティ経由）
イオンモール北戸田,国際興業（株）,南浦01
錦町二丁目,国際興業（株）,蕨80
美女木東一丁目,埼京タクシー（株）,美笹循環
北部公園野球場,国際興業（株）,南浦01
北部公園野球場,埼京タクシー（株）,美笹循環
ネオポリス中央,所沢市,北路線富岡循環
美女木三丁目,国際興業（株）,西川62
川口市立高校南,川口市,青木線
川口市立高校南,国際興業（株）,西川09
柳島治水緑地,東武バスセントラル（株）,草加22
大原,朝霞市,宮戸線
大原,東武バスウエスト（株）,朝02・志23
緑町三丁目,東武バスセントラル（株）,"草加02, 草加04, 草加05, 草加06"
塚越6丁目西,蕨市,東ルート
武蔵団地入口,西武バス（株）,"入市54, 入市51, 入市53, 入市52, 入市42, 入市61, 入市40, 入市41, 入市44, 入市43, 入市62, 入市54　準急, 入市53　準急, 入市51　準急, 入市40　準急"
扇町屋団地,入間市,てぃーろーど健康福祉センターコース
東草橋,（株）ライフバス,5　鶴瀬駅西口〜三好中学校経由・みずほ台駅西口折り返し線
新久845番地内,入間市,"てぃーワゴン　東金子コース1系統（やまゆり荘行き）, てぃーワゴン　金子コース"
谷中（三郷市）,東武バスセントラル（株）,金52
蕨市民会館入口,蕨市,"東ルート, 南ルート"
東小学校,蕨市,東ルート
赤井二丁目,国際興業（株）,川07
水野公民館入口,狭山市,市内循環バス「茶の花号」入曽西コース
北部公園西,埼京タクシー（株）,美笹循環
緑町五丁目,東武バスセントラル（株）,"草加02, 草加04, 草加05, 草加06"
伊草団地,東武バスセントラル（株）,"草加02, 草加03, 草加04, 草加05, 草加06"
錦町4丁目住宅入口,蕨市,西ルート
どんぐり保育園,川口市,"新郷循環, 南平線"
塚越1丁目,蕨市,東ルート
東公民館,蕨市,東ルート
浅間山通り,川口市,"新郷循環, 南平線"
塚越6丁目東,蕨市,東ルート
上青木西一丁目,国際興業（株）,"西川06, 西川07/07-2, 西川11"
エイトアリーナ西,東武バスセントラル（株）,"八潮03（八03）, 八潮04（八04）"
正電社前,（株）ライフバス,5　鶴瀬駅西口〜三好中学校経由・みずほ台駅西口折り返し線
下組,（株）ライフバス,"4　鶴瀬駅西口〜三好中学校経由・西原住宅循環線, 5　鶴瀬駅西口〜三好中学校経由・みずほ台駅西口折り返し線, 6A　鶴瀬駅西口〜上富経由・ふじみ野駅西口折り返し線"
蕨市役所・歴史民俗資料館,蕨市,西ルート
内間木,国際興業（株）,朝50
新郷農協,川口市,新郷循環
新郷農協,東武バスセントラル（株）,川10
新郷農協,国際興業（株）・東武バスセントラル（株）,川11
新郷農協,国際興業（株）,"川13, 川22/22-2, 川25, 鳩06"
みずほ台駅入口,（株）ライフバス,"5　鶴瀬駅西口〜三好中学校経由・みずほ台駅西口折り返し線, 8　鶴瀬駅西口〜チェルシーガーデン経由・みずほ台駅西口折り返し線"
内間木公園,朝霞市,内間木線
朝志ヶ丘,東武バスウエスト（株）,朝02・志23
堀之内,埼京タクシー（株）,美笹循環
藤沢中学校,西武バス（株）,"藤01, 藤02, 【藤01】深夜"
桂橋,西武バス（株）,"入市32-2, 入市33-1, 入市34, 入市33, 入市32-1, 入市32"
中央土橋通り北,蕨市,西ルート
後谷住宅前,東武バスセントラル（株）,草加01
南陵高校,埼京タクシー（株）,美笹循環
蕨市役所［民俗資料館前］,蕨市,西ルート
三ツ和一丁目,川口市,川口・鳩ヶ谷線
中央二丁目,国際興業（株）,蕨54
南山梨,川口市,新郷循環
南山梨,国際興業（株）・東武バスセントラル（株）,川12
藤沢十字路,西武バス（株）,"藤01, 藤02, 【藤01】深夜"
手代町会館,東武バスセントラル（株）,"草加17, 草加18, 草加19"
富岡中学校,所沢市,北路線富岡循環
ふるさとの森,東武バスセントラル（株）,"草加02, 草加04, 草加05, 草加06"
錦町スポーツ広場,蕨市,西ルート
蕨自治会館前,蕨市,"東ルート, 南ルート"
辰井公園,国際興業（株）,鳩06
中西,西武バス（株）,"所58-1, 所58-2, 大34"
県営住宅入口,西武バス（株）,"藤01, 藤02, 【藤01】深夜, 藤03"
県営住宅入口,入間市,てぃーろーど健康福祉センターコース
中央2丁目北,蕨市,南ルート
手代町中央,東武バスセントラル（株）,"草加17, 草加18, 草加19"
中央ポンプ場入口,東武バスセントラル（株）,"草加17, 草加18, 草加19"
変電所,川口市,川口・鳩ヶ谷線
芝原,（株）ライフバス,"5　鶴瀬駅西口〜三好中学校経由・みずほ台駅西口折り返し線, 6A　鶴瀬駅西口〜上富経由・ふじみ野駅西口折り返し線, 6B　鶴瀬駅西口〜セントラル病院経由・ふじみ野駅西口折り返し線"
中央2丁目西,蕨市,南ルート
天神橋,国際興業（株）,"西川01, 西川04, 西川04-2, 川05/05-2"
南鳩ヶ谷七丁目,国際興業（株）,"西川01, 西川04, 西川04-2"
中央浄水場通り,蕨市,西ルート
上山王橋西,東武バスセントラル（株）,"草加17, 草加18, 草加19"
上山王橋西,草加市,パリポリくんバス　南西ルート
上内間木三在,朝霞市,内間木線
上内間木三在,国際興業（株）,朝50
東中学校南,国際興業（株）,鳩06
扇小学校,入間市,てぃーろーど健康福祉センターコース
錦町1丁目西,蕨市,西ルート
中央一丁目北,東武バスセントラル（株）,"八潮06（八06）, 八潮07（八07）"
小作田児童公園入口,東武バスセントラル（株）,八潮01
手代町会館南,東武バスセントラル（株）,草加19
埼玉スポーツセンター前,（株）ライフバス,5　鶴瀬駅西口〜三好中学校経由・みずほ台駅西口折り返し線
三郷中央駅,東武バスセントラル（株）,"有51, 松03, 早01, 流通01, 金52, 金54"
三郷中央駅,京成タウンバス（株）,金02
三郷中央駅,マイスカイ交通（株）,"M-01-3・M-01-4（三郷駅南口〜三郷市役所〜三郷中央駅〜みさと公園前〜金町駅南口）, M-60（マイスカイ車庫〜三郷駅北口〜三郷中央駅）, M-02（新三郷駅東口〜早稲田5丁目〜三郷駅北口〜三郷市役所〜三郷中央駅）, M-20・M-20-2（ピアラシティ〜（直通）〜三郷中央駅・ピアラシティ〜南部地区〜三郷中央駅）, M-20-1（新三郷駅西口〜ピアラシティ〜三郷中央駅）, M-10（三郷中央駅〜みさと公園前〜金町駅南口）, M-08（新三郷駅西口〜三郷団地〜三郷北高校西〜三郷市役所〜三郷中央駅）"
三郷中央駅,メートー観光（株）,M3　吉川駅南口⇔三郷中央駅（ピアラシティ経由）
生涯学習プラザ,川口市,青木線
塚越小学校入口,川口市,青木線
塚越小学校入口,国際興業（株）,西川08
綾瀬通り（草加市）,東武バスセントラル（株）,"草加17, 草加18, 草加19"
さくら保育園入口,蕨市,南ルート
さくら保育園入口,国際興業（株）,蕨55
通西,（株）ライフバス,5　鶴瀬駅西口〜三好中学校経由・みずほ台駅西口折り返し線
八潮中学校,東武バスセントラル（株）,"八潮03（八03）, 八潮04（八04）"
志木駅東口,東武バスウエスト（株）,"朝02・志23, 志21・志25, 志24"
志木駅東口,国際興業（株）,"志01/01-2/1-3/80, 志03-3/南与01/02, 志04/04-3, 志04-2, 志05/05-2/05-3, 朝11"
宮戸郵便局,国際興業（株）・東武バスウエスト（株）,北朝01
西谷口,東武バスセントラル（株）,有51
赤井二丁目,川口市,新郷循環
とみおか荘,所沢市,北路線富岡循環
江戸袋北,国際興業（株）,鳩06
ペアーレ入間入口,西武バス（株）,"入市32-2, 入市33-1, 入市34, 入市33, 入市32-1, 入市32"
野球場南,狭山市,市内循環バス「茶の花号」入曽西コース
富岡まちづくりセンター,所沢市,北路線富岡循環
八潮中学校入口,東武バスセントラル（株）,"八潮06（八06）, 八潮07（八07）"
中央2丁目東,蕨市,南ルート
西町南,東武バスセントラル（株）,草加22
赤田住宅入口,蕨市,西ルート
富士見公園,蕨市,西ルート
高見原,西武バス（株）,"藤01, 藤02, 【藤01】深夜"
稲荷山,東武バスウエスト（株）,志24
吉町二丁目,草加市,パリポリくんバス　南西ルート
変電所,国際興業（株）,"赤20/20-2, 西川01, 西川04, 西川04-2"
本堀,狭山市,市内循環バス「茶の花号」入曽西コース
入間台クリニック,入間市,てぃーワゴン　金子コース
あづま公園,蕨市,東ルート
第五中学校入口,朝霞市,宮戸線
塚越5丁目,蕨市,東ルート
蕨郵便局・歴史民俗資料館分館,蕨市,西ルート
朝志ヶ丘四丁目,朝霞市,宮戸線
中央浄水場,国際興業（株）,蕨54
赤井一丁目,国際興業（株）,川07
江戸一丁目,川口市,新郷循環
土橋会館前,蕨市,西ルート
竹下工業前,（株）ライフバス,5　鶴瀬駅西口〜三好中学校経由・みずほ台駅西口折り返し線
市営住宅前,東武バスセントラル（株）,草加22
志木駅入口,国際興業（株）,朝11
月野原,所沢市,北路線富岡循環
上二丁目,東武バスセントラル（株）,"草加02, 草加05, 八潮02"
イオンスタイル入間,入間市,"てぃーワゴン　宮寺コース, てぃーワゴン　二本木コース"
新久西,西武バス（株）,"入市32-2, 入市33-1, 入市34, 入市33, 入市32-1, 入市32"
上柳島,東武バスセントラル（株）,"草加22, 竹04"
藤沢駅入口,西武バス（株）,"藤01, 藤02, 【藤01】深夜"
藤沢駅入口,入間市,てぃーろーど南コース
中央小学校,蕨市,西ルート
中富角,西武バス（株）,"所58-1, 所58-2, 大34"
中富角,所沢市,東路線柳瀬循環
青木公園,国際興業（株）,"西川06, 西川07/07-2, 西川11"
北田,所沢市,北路線富岡循環
市民公園,蕨市,東ルート
三商自治会館,狭山市,市内循環バス「茶の花号」入曽西コース
榛松,川口市,新郷循環
榛松,国際興業（株）・東武バスセントラル（株）,川12
鳩ヶ谷スポーツセンター,川口市,南平線
西沼,東武バスセントラル（株）,川10
西沼,国際興業（株）・東武バスセントラル（株）,川11
西沼,国際興業（株）,"川13, 川13-2/13-3, 川22/22-2, 川25"
蕨市水道部前,蕨市,南ルート
みどりの館前,東武バスセントラル（株）,草加22
宮代橋西,東武バスセントラル（株）,"草加17, 草加18, 草加19"
八丁堀,東武バスセントラル（株）,金52
錦町1丁目東,蕨市,西ルート
変電所裏,川口市,川口・鳩ヶ谷線
上二児童公園入口,東武バスセントラル（株）,"草加04, 草加06"
小作田児童公園南,東武バスセントラル（株）,"八潮05（八05）, 八潮06（八06）, 八潮07（八07）"
東金子地区体育館入口,入間市,"てぃーワゴン　東金子コース1系統（やまゆり荘行き）, てぃーワゴン　金子コース"
スポーツセンター,国際興業（株）,西循環
西武グリーンヒル（入間市）,西武バス（株）,"藤01, 藤02, 【藤01】深夜, 藤03"
中央6丁目北,蕨市,西ルート
宮戸,東武バスウエスト（株）,朝02・志23
宮戸,国際興業（株）・東武バスウエスト（株）,北朝01
青木公園入口,国際興業（株）,"西川08, 西川09, 川18, 川19, 川20, 川23"
手代中央公園入口,東武バスセントラル（株）,草加19
塚越町,川口市,青木線
塚越町,国際興業（株）,西川08
市民医療センター,国際興業（株）,西川62
八潮市役所,東武バスセントラル（株）,"草加04, 草加06, 綾62, 八潮03（八03）, 八潮04（八04）, 八潮06（八06）, 八潮07（八07）"
志木駅南口,西武バス（株）,"清61, 志33-1, 志32, 朝24, 朝21, 志35, 清62, ひばり73, 志33, 志34, 所52, 志31"
志木駅南口,国際興業（株）・西武バス（株）,志09-2
志木駅南口,新座市,北コース
志木駅南口,東武バスウエスト（株）,"朝04・朝05・志26, 志31"
上内間木,朝霞市,内間木線
吉町集会所,草加市,パリポリくんバス　南西ルート
西武グリーンヒル,入間市,てぃーろーど健康福祉センターコース
八潮メセナ,東武バスセントラル（株）,"草加04, 草加06"
東草,（株）ライフバス,5　鶴瀬駅西口〜三好中学校経由・みずほ台駅西口折り返し線
笹目北町,埼京タクシー（株）,美笹循環
手代町南,東武バスセントラル（株）,"草加17, 草加18, 草加19"
根岸,西武バス（株）,"入市32-2, 入市33-1, 入市34, 入市33, 入市32-1, 入市32"
けやき薬局,入間市,てぃーワゴン　金子コース
新座団地,西武バス（株）,志31
新座団地,新座市,北コース
新座団地,東武バスウエスト（株）,志31
健康福祉の杜,国際興業（株）,西循環
すきっぷたうん,西武バス（株）,"清61, 志33-1, 清62, 志33, 所52, 志31"
すきっぷたうん,東武バスウエスト（株）,"朝04・朝05・志26, 志31"
修行目,国際興業（株）,武浦01
修行目,埼京タクシー（株）,美笹循環
澤田医院前,入間市,てぃーろーど南コース
オートレース場裏,国際興業（株）,"西川01, 西川04, 西川04-2, 川05/05-2"
要害通り入口,国際興業（株）,蕨54
江戸二丁目,国際興業（株）,川07
市立図書館,蕨市,南ルート
幸町一丁目,東武バスウエスト（株）,志24
中央プール入口,国際興業（株）,蕨55
中川やしおフラワーパーク入口,東武バスセントラル（株）,"草加02, 草加05, 八潮02"
八幡中学校前,東武バスセントラル（株）,"八潮05（八05）, 八潮06（八06）, 八潮07（八07）"
八潮市役所（綾62）,東武バスセントラル（株）,綾62
武蔵藤沢駅,西武バス（株）,"藤01, 藤02, 【藤01】深夜, 藤03, 藤10"
武蔵藤沢駅,入間市,"てぃーろーど南コース, てぃーワゴン　武蔵藤沢駅コース"
武蔵藤沢駅,狭山市,市内循環バス「茶の花号」入曽西コース
八幡中学校入口,東武バスセントラル（株）,草加03
宮代橋,東武バスセントラル（株）,草加01
新盛橋,国際興業（株）,朝50
上青木南小入口,国際興業（株）,"西川01, 西川04, 西川04-2"
市民医療センター,埼京タクシー（株）,美笹循環
デイサービスセンターないとう,蕨市,東ルート
社会福祉活動センター入口,東武バスセントラル（株）,"草加17, 草加18"
信用金庫前,東武バスセントラル（株）,"八潮01, 八潮06（八06）, 八潮07（八07）"
北岩岡,所沢市,北路線富岡循環
美笹支所,埼京タクシー（株）,美笹循環
朝志ヶ丘二丁目,朝霞市,宮戸線
新和小学校入口,東武バスセントラル（株）,松03
新和小学校入口,京成タウンバス（株）,金02
新和小学校入口,マイスカイ交通（株）,"M-01-3・M-01-4（三郷駅南口〜三郷市役所〜三郷中央駅〜みさと公園前〜金町駅南口）, M-10（三郷中央駅〜みさと公園前〜金町駅南口）"
中神,西武バス（株）,"入市32-2, 入市33-1, 入市34, 入市33, 入市32-1, 入市32"
中神,入間市,てぃーワゴン　金子コース
道内,川口市,新郷循環
道内,国際興業（株）・東武バスセントラル（株）,川12
浄水場前（八潮市）,東武バスセントラル（株）,"草加04, 草加06"
新和一丁目,東武バスセントラル（株）,金54
蓮沼（川口市）,東武バスセントラル（株）,川10
蓮沼（川口市）,国際興業（株）・東武バスセントラル（株）,川11
蓮沼,国際興業（株）,"川13, 川13-2/13-3, 川22/22-2, 川25"
野球場前,国際興業（株）,"西川06, 西川07/07-2, 西川11"
吉町公園,東武バスセントラル（株）,"草加17, 草加18"
浄水場前,東武バスセントラル（株）,"八潮03（八03）, 八潮04（八04）, 八潮06（八06）, 八潮07（八07）"
東金子,西武バス（株）,"入市54, 入市51, 入市53, 入市52, 入市42, 入市61, 入市40, 入市41, 入市44, 入市43, 入市62, 入市54　準急, 入市53　準急, 入市51　準急, 入市40　準急"
中富東,西武バス（株）,"所58-1, 所58-2, 大34"
中富東,所沢市,東路線柳瀬循環
ニュータウン北,所沢市,北路線富岡循環
青木中央通り,国際興業（株）,"西川01, 西川04, 西川04-2, 西川08, 西川09"
新座団地東,新座市,北コース
八潮市役所東,東武バスセントラル（株）,"草加06, 八潮06（八06）, 八潮07（八07）"
山宮,埼京タクシー（株）,美笹循環
所沢新田,西武バス（株）,"新所02-1, 新所02-2, 所61, 【所61】深夜, 新所02, 新所04"
谷口,埼京タクシー（株）,美笹循環
中央一丁目交差点,東武バスセントラル（株）,"草加04, 草加06"
塚越ポンプ場入口,蕨市,東ルート
塚越7丁目,蕨市,東ルート
内間木支所,朝霞市,宮戸線
遊馬町中,東武バスセントラル（株）,草加22
浄水場入口,東武バスウエスト（株）,朝02・志23
浄水場入口,朝霞市,"根岸台線, 宮戸線"
浄水場入口,国際興業（株）・東武バスウエスト（株）,北朝01
やすらぎ会館,川口市,川口・鳩ヶ谷線
丁張公園入口,蕨市,東ルート
新座志木中央総合病院,西武バス（株）,"清61, 志33-1, 清62, 志33, 所52, 志31"
新座志木中央総合病院,新座市,北コース
大膳橋,東武バスセントラル（株）,金52
蕨警察署南,国際興業（株）,川岸循環
遊馬町東,東武バスセントラル（株）,草加22
内間木支所前,東武バスウエスト（株）,朝02・志23
競技場入口,国際興業（株）,"西川01, 西川04, 西川04-2, 西川08, 西川09"
中央六丁目,国際興業（株）,蕨54
北朝霞公民館,朝霞市,宮戸線
金子第二保育所,入間市,てぃーワゴン　金子コース
新座志木中央総合病院,東武バスウエスト（株）,"朝04・朝05・志26, 志31"
中柳島,東武バスセントラル（株）,"草加22, 竹04"
西川口駅入口,川口市,青木線
惣右衛門公園,埼京タクシー（株）,美笹循環
上二丁目西,東武バスセントラル（株）,"草加06, 八潮03（八03）, 八潮04（八04）"
本蓮二丁目,東武バスセントラル（株）,竹07
八幡木中学校入口,国際興業（株）,川07
川口誠和病院,川口市,新郷循環
吉町南（草加市）,東武バスセントラル（株）,"草加17, 草加18"
安川電機前,西武バス（株）,藤03
安川電機前,入間市,てぃーろーど健康福祉センターコース
南町一丁目,国際興業（株）,蕨55
第七小学校,朝霞市,宮戸線
石御堂橋,東武バスセントラル（株）,竹07
久保,東武バスウエスト（株）,志24
境木,東武バスセントラル（株）,有51
図書館・博物館,国際興業（株）,西循環
野球場裏,国際興業（株）,"西川01, 西川04, 西川04-2, 西川08, 西川09"
新盛橋東,朝霞市,内間木線
中央三丁目,東武バスセントラル（株）,"八潮05（八05）, 八潮06（八06）, 八潮07（八07）"
交流プラザさくら,蕨市,南ルート
東本郷,東武バスセントラル（株）,竹07
下二丁目,東武バスセントラル（株）,"草加02, 草加05, 八潮02"
吉町浄水場,草加市,パリポリくんバス　南西ルート
下内間木榎戸,朝霞市,内間木線
ふるさと土橋公園,蕨市,南ルート
山王通り,東武バスセントラル（株）,"草加17, 草加18"
八潮市役所南,東武バスセントラル（株）,"八潮01, 草加04, 綾62"
西願寺入口,東武バスセントラル（株）,草加22
藤沢中央通り東,西武バス（株）,藤03
美笹支所入口,国際興業（株）,武浦01
天王,埼京タクシー（株）,美笹循環
笹目四丁目,国際興業（株）,西川62
笹目四丁目,埼京タクシー（株）,美笹循環
南小学校入口,蕨市,南ルート
北野,国際興業（株）,朝11
上二丁目南,東武バスセントラル（株）,"草加06, 八潮03（八03）, 八潮04（八04）"
第一中学校入口,蕨市,南ルート
島忠ホームズ草加舎人店,川口市,新郷循環
浜崎四丁目,東武バスウエスト（株）,朝02・志23
団地南,東武バスウエスト（株）,志31
中富,西武バス（株）,"所58-1, 所58-2, 大34"
中富,所沢市,東路線柳瀬循環
朝霞田島,東武バスウエスト（株）,朝02・志23
朝霞田島,国際興業（株）,朝50
浜崎,東武バスウエスト（株）,朝02・志23
西光院,入間市,てぃーワゴン　金子コース
団地南（新座市）,西武バス（株）,志31
谷ヶ貫寺,西武バス（株）,"入市32-2, 入市33-1, 入市34, 入市32-1, 入市32"
上馬場,東武バスセントラル（株）,"草加01, 草加03"
新曽芦原,国際興業（株）,西循環
図書館南,国際興業（株）,西循環
遊馬町西,東武バスセントラル（株）,草加22
遊馬町西,草加市,パリポリくんバス　南西ルート
境久保,東武バスウエスト（株）,朝04・朝05・志26
川口警察署,国際興業（株）,"西川01, 西川04, 西川04-2, 西川06, 西川07/07-2, 西川08, 西川09, 西川11"
富士見ヶ丘,東武バスウエスト（株）,"朝04・朝05・志26, 志24, 志31"
内間木公民館前,朝霞市,内間木線
酒井大橋,東武バスセントラル（株）,松03
島忠ホームズ,東武バスセントラル（株）,草加22
島忠ホームズ,草加市,パリポリくんバス　南西ルート
境橋,国際興業（株）,西循環
柳之宮,東武バスセントラル（株）,草加01
戸田翔陽高校,国際興業（株）,西循環
富士見ヶ丘団地,西武バス（株）,"志32, 志31"
富士見ヶ丘団地,新座市,北コース
東藤沢四丁目,狭山市,市内循環バス「茶の花号」入曽西コース
中青木四丁目,国際興業（株）,"川18, 川19, 川20, 川23"
南永井通り,所沢市,東路線柳瀬循環
南町2丁目,蕨市,南ルート
笹目一丁目,国際興業（株）,西循環
せせらぎ公園入口,蕨市,南ルート
せせらぎ公園入口,国際興業（株）,蕨55
本郷橋,川口市,新郷循環
本郷橋,国際興業（株）・東武バスセントラル（株）,川12
木曽根西,東武バスセントラル（株）,"草加06, 八潮03（八03）, 八潮04（八04）"
南公民館,蕨市,南ルート
中央7丁目,蕨市,南ルート
鳩ヶ谷コミュニティセンター,川口市,南平線
中馬場,東武バスセントラル（株）,"草加01, 草加03, 綾61, 綾62"
江戸袋一丁目,川口市,新郷循環
江戸袋一丁目,東武バスセントラル（株）,竹07
南鳩ヶ谷二丁目,国際興業（株）,川07
第二老人福祉センター,新座市,"西コース, 北コース"
中新井五丁目,所沢市,北路線富岡循環
戸田駅,国際興業（株）,西循環
鳩ヶ谷緑町,国際興業（株）,西川05/05-2/05-3
跡見女子大,西武バス（株）,"志32, 所52, 所52-1"
諏訪神社前,東武バスセントラル（株）,"草加01, 草加03"
八潮七丁目,東武バスセントラル（株）,"八潮05（八05）, 八潮06（八06）, 八潮07（八07）"
戸田市役所,国際興業（株）,川岸循環
駅前通り,国際興業（株）,"西川01, 西川04, 西川04-2, 西川06, 西川07/07-2, 西川08, 西川09, 西川11"
高畑,川口市,新郷循環
高畑,東武バスセントラル（株）,竹07
高畑,国際興業（株）・東武バスセントラル（株）,川12
北野（新座市）,西武バス（株）,"志32, 志31"
北野,東武バスウエスト（株）,"朝04・朝05・志26, 志31"
つつじの郷,朝霞市,内間木線
最勝寺,埼京タクシー（株）,美笹循環
花園四丁目,西武バス（株）,"新所02-1, 新所02-2, 所61, 【所61】深夜, 新所02, 新所04"
本蓮三丁目,川口市,新郷循環
本蓮三丁目,国際興業（株）・東武バスセントラル（株）,川12
三和中央通り,蕨市,南ルート
木曽根,東武バスセントラル（株）,"草加02, 草加05, 八潮02"
江戸袋,東武バスセントラル（株）,川10
江戸袋,国際興業（株）・東武バスセントラル（株）,"川11, 川12"
江戸袋,国際興業（株）,"川13, 川13-2/13-3, 川22/22-2, 川25"
藤沢支所,入間市,てぃーろーど南コース
中居,川口市,川口・鳩ヶ谷線
中居,国際興業（株）,"赤20/20-2, 西川05/05-2/05-3"
農産物直売所,朝霞市,"根岸台線, 宮戸線"
上谷ヶ貫,西武バス（株）,"入市32-2, 入市33-1, 入市34, 入市32-1, 入市32"
八幡小学校前,東武バスセントラル（株）,"草加01, 草加03"
上戸田稲荷,国際興業（株）,"蕨54, 喜沢循環, 川岸循環"
川口オートレース場,国際興業（株）,西川100
八幡神社前,西武バス（株）,所53-1
川口警察署南,川口市,青木線
新里文化センター,草加市,パリポリくんバス　南西ルート
市民活動支援センター入口,国際興業（株）,川岸循環
山宮橋,国際興業（株）,西川62
下蕨公民館入口,国際興業（株）,蕨55
新座団地郵便局,新座市,北コース
北野病院前,新座市,北コース
わくわくどーむ,朝霞市,"根岸台線, 宮戸線"
東寮前,東武バスウエスト（株）,"朝04・朝05・志26, 志31"
東寮前,西武バス（株）,"志32, 志31"
東寮前,新座市,北コース
オートレース場前,国際興業（株）,西川05/05-2/05-3
増岡園,入間市,てぃーワゴン　金子コース
東北二丁目,西武バス（株）,"志32, 朝24, 朝21, 志35, ひばり73, 志34"
東北二丁目,国際興業（株）・西武バス（株）,志09-2
下蕨公民館,蕨市,南ルート
児童センター入口,国際興業（株）,西川62
伸栄小学校前,西武バス（株）,"新所01, 【新所01】深夜, 新所03, 所61, 【所61】深夜"
西三ツ木公会堂,入間市,てぃーワゴン　金子コース
境久保,国際興業（株）,朝11
新曽芦原,国際興業（株）,"蕨54, 西川62"
三和稲荷公園,蕨市,南ルート
天王公園,国際興業（株）,武浦01
天王公園,埼京タクシー（株）,美笹循環
南鳩ヶ谷駅入口,国際興業（株）,"西川05/05-2/05-3, 川07"
所沢ニュータウン,西武バス（株）,"新所01, 【新所01】深夜, 新所03, 所61, 【所61】深夜"
所沢ニュータウン,所沢市,"東路線柳瀬循環, 北路線富岡循環"
人事院研修所,西武バス（株）,"入市54, 入市51, 入市53, 入市52, 入市42, 入市61, 入市40, 入市41, 入市44, 入市43, 入市62"
戸田翔陽高校,国際興業（株）,"蕨54, 西川62"
八幡小学校入口,東武バスセントラル（株）,"八潮05（八05）, 八潮06（八06）, 八潮07（八07）"
中野,西武バス（株）,"志32, 所52, 所52-1"
笹目二丁目,国際興業（株）,西循環
健康福祉センター入口,西武バス（株）,藤03
健康福祉センター入口,入間市,てぃーろーど健康福祉センターコース
栄中学校入口,東武バスセントラル（株）,金54
戸田市役所南,国際興業（株）,喜沢循環
西三ツ木,西武バス（株）,"入市32-2, 入市33-1, 入市34, 入市32-1, 入市32"
新座団地入口,西武バス（株）,"志32, 志31"
新座団地入口,東武バスウエスト（株）,"朝04・朝05・志26, 志24, 志31"
西富小学校入口,所沢市,北路線富岡循環
ニュータウン西,西武バス（株）,"新所01, 【新所01】深夜, 新所03, 所61, 【所61】深夜"
南町3丁目,蕨市,南ルート
南鳩ヶ谷駅,国際興業（株）,"赤20/20-2, 川07"
潮止小学校,東武バスセントラル（株）,"草加06, 八潮03（八03）, 八潮04（八04）"
吉町グランド,草加市,パリポリくんバス　南西ルート
下内間木,朝霞市,内間木線
金子郵便局,入間市,てぃーワゴン　金子コース
戸田駅入口,国際興業（株）,"蕨54, 西川62"
戸田市役所入口,国際興業（株）,"蕨54, 西川62"
窪野,西武バス（株）,所53-1
窪野,所沢市,東路線柳瀬循環
両新田（八潮市）,東武バスセントラル（株）,"草加01, 草加03, 綾61"
霞ヶ丘住宅,東武バスウエスト（株）,朝04・朝05・志26
上戸田五丁目,国際興業（株）,"蕨54, 西川62"
児童センター,国際興業（株）,西循環
藤沢保育所入口,西武バス（株）,藤03
両新田（草加市）,東武バスセントラル（株）,"竹06, 竹10"
ニュータウン中央,西武バス（株）,"新所01, 【新所01】深夜, 新所03, 所61, 【所61】深夜"
青木中学校,国際興業（株）,西川05/05-2/05-3
三郷放水路,京成タウンバス（株）,金02
三郷放水路,マイスカイ交通（株）,"M-01-3・M-01-4（三郷駅南口〜三郷市役所〜三郷中央駅〜みさと公園前〜金町駅南口）, M-10（三郷中央駅〜みさと公園前〜金町駅南口）"
河鍋暁斎記念美術館前,蕨市,南ルート
寺竹,西武バス（株）,"入市32-2, 入市33-1, 入市34, 入市32-1, 入市32"
東北通り,西武バス（株）,志32
東北通り,新座市,北コース
前田西野球場,川口市,川口・鳩ヶ谷線
西川口駅東口,国際興業（株）,"西川01, 西川04, 西川04-2, 西川05/05-2/05-3, 西川06, 西川07/07-2, 西川08, 西川09, 西川11, 西川100"
徳性寺前,東武バスセントラル（株）,"竹06, 竹10"
円照寺北,東武バスセントラル（株）,"八潮05（八05）, 八潮06（八06）, 八潮07（八07）"
青木中学校入口,国際興業（株）,川05/05-2
東狭山ヶ丘一丁目,所沢市,西路線新所沢・三ヶ島コース
五右衛門橋,川口市,川口・鳩ヶ谷線
柳島,東武バスセントラル（株）,"竹06, 竹10, 竹04"
南永井,西武バス（株）,所53-1
新里,東武バスセントラル（株）,"竹06, 竹10"
松下,西武バス（株）,"所58-1, 大34"
松下,所沢市,東路線柳瀬循環
青木公民館,国際興業（株）,西川05/05-2/05-3
ささめ幼稚園,国際興業（株）,西循環
ささめ幼稚園,埼京タクシー（株）,美笹循環
笹目コミュニティセンター,国際興業（株）,西循環
笹目コミュニティセンター,埼京タクシー（株）,美笹循環
酒井入口,東武バスセントラル（株）,"有51, 松03"
西川口駅西口,国際興業（株）,"西川61, 西川62, 西川63, 川51"
県税事務所,国際興業（株）,西川05/05-2/05-3
沖内,国際興業（株）,西循環
瀬崎小学校入口,東武バスセントラル（株）,草加17
北朝霞駅,東武バスウエスト（株）,朝02・志23
北朝霞駅,国際興業（株）・東武バスウエスト（株）,北朝01
北朝霞駅,国際興業（株）,北朝02
西青木二丁目,国際興業（株）,西川05/05-2/05-3
北朝霞駅前,朝霞市,"膝折・溝沼線, 根岸台線, 内間木線, 宮戸線"
カリン通り,国際興業（株）,喜沢循環
ちびっこ広場入口,国際興業（株）,蕨55
一本木橋,東武バスセントラル（株）,金52
若柳交差点,東武バスセントラル（株）,"八潮01, 草加04"
花の木,朝霞市,内間木線
花の木,東武バスウエスト（株）,朝02・志23
花の木,国際興業（株）,朝50
有明橋,国際興業（株）,川07
保健センター,東武バスセントラル（株）,"八潮05（八05）, 八潮06（八06）, 八潮07（八07）"
花園,西武バス（株）,"新所01, 【新所01】深夜, 新所03, 新所02-1, 新所02-2, 新所02, 新所04"
八幡木二丁目,川口市,南平線
下笹目,国際興業（株）,"増14, 蕨54, 西川61, 武浦01, 戸52, 南西循環, 西循環"
下笹目,埼京タクシー（株）,美笹循環
ニュータウン南,所沢市,北路線富岡循環
新座車庫,東武バスウエスト（株）,"朝04・朝05・志26, 志24"
東三丁目,西武バス（株）,"朝24, 朝21, 志35, ひばり73, 志34"
東三丁目,国際興業（株）・西武バス（株）,志09-2
南峯,西武バス（株）,"入市32-2, 入市33-1, 入市32-1, 入市32"
オートレース場南,川口市,川口・鳩ヶ谷線
戸田東中学校北,国際興業（株）,"喜沢循環, 川岸循環"
西青木一丁目,川口市,"川口・鳩ヶ谷線, 青木線"
14区集会所,入間市,"てぃーワゴン　東金子コース1系統（やまゆり荘行き）, てぃーワゴン　金子コース"
立教前,西武バス（株）,"清61, 志33-1, 清62, 志33, 所52"
中島病院,国際興業（株）,"喜沢循環, 川岸循環"
後谷会館,国際興業（株）,川岸循環
円照寺,東武バスセントラル（株）,"綾61, 綾62"
健康福祉センター,入間市,"てぃーろーど南コース, てぃーろーど健康福祉センターコース"
藤沢橋東,入間市,てぃーろーど南コース
中青木三丁目,国際興業（株）,"川18, 川19, 川20, 川23"
西弁財,東武バスウエスト（株）,朝04・朝05・志26
上戸田二丁目,国際興業（株）,喜沢循環
市民武道館,西武バス（株）,"新所03, 所58-1, 大34, 所61, 【所61】深夜"
市民武道館,所沢市,北路線富岡循環
朝霞台駅,西武バス（株）,"ひばり71, 【ひばり71】深夜, 【朝23】深夜, 久留22, 朝22-1, 朝24, 朝21, 朝23, 朝22, 朝24-1"
朝霞台駅,東武バスウエスト（株）,朝04・朝05・志26
エステシティ所沢,西武バス（株）,"所59, 所53-1, 航01, 所57"
エステシティ所沢,所沢市,東路線柳瀬循環
中新井一丁目,所沢市,北路線富岡循環
産業文化センター入口,朝霞市,"膝折・溝沼線, 根岸台線, 内間木線"
上町,草加市,パリポリくんバス　南西ルート
とだ小林医院,国際興業（株）,喜沢循環
八潮車庫,東武バスセントラル（株）,"草加01, 草加03, 綾61"
南峯公会堂,西武バス（株）,"入市32-2, 入市32-1, 入市32"
上町（草加市）,東武バスセントラル（株）,"竹06, 竹10"
谷塚駅,東武バスセントラル（株）,"草加17, 谷01, 谷02, 竹14"
谷塚駅,草加市,パリポリくんバス　南西ルート
わかくさ,東武バスセントラル（株）,"草加06, 八潮03（八03）, 八潮04（八04）"
南川崎,東武バスセントラル（株）,"草加05, 八潮02"
宮前小学校入口,所沢市,西路線新所沢・三ヶ島コース
谷塚駅西口,草加市,パリポリくんバス　南西ルート
新座柳瀬高校入口,西武バス（株）,志32
新座柳瀬高校入口,新座市,"西コース, 北コース"
西川口二丁目,国際興業（株）,"西川61, 西川62, 西川63"
朝霞市斎場,朝霞市,"根岸台線, 内間木線"
八幡木,川口市,南平線
八幡木,東武バスセントラル（株）,川10
八幡木,国際興業（株）・東武バスセントラル（株）,"川11, 川12"
八幡木,国際興業（株）,"川13, 川13-2/13-3, 川22/22-2, 川25"
新田（八潮市）,東武バスセントラル（株）,"八潮01, 草加04"
鬼沢橋,国際興業（株）,"西川61, 西川62, 西川63"
弁財原,国際興業（株）,朝11
笹目東小学校入口,国際興業（株）,"西川61, 戸52, 西循環"
中町一丁目北,国際興業（株）,喜沢循環
八潮中央総合病院,東武バスセントラル（株）,"草加06, 八潮03（八03）, 八潮04（八04）"
西側,西武バス（株）,"所52, 所52-1"
マミーマート金子店,入間市,てぃーワゴン　金子コース
谷塚小入口,草加市,パリポリくんバス　南西ルート
中富南三丁目,所沢市,東路線柳瀬循環
西弁財一丁目,西武バス（株）,"ひばり71, 【ひばり71】深夜, 【朝23】深夜, 久留22, 朝22-1, 朝21, 朝23, 朝22"
卸売市場,所沢市,東路線柳瀬循環
大原公園,東武バスセントラル（株）,"八潮05（八05）, 八潮06（八06）, 八潮07（八07）"
西川口三丁目,川口市,川口・鳩ヶ谷線
西川口三丁目,国際興業（株）,川51
向陽ハイツ前,所沢市,北路線富岡循環
武野原公園,所沢市,東路線柳瀬循環
笹目,国際興業（株）,"増14, 西川61, 戸52, 西循環"
根木橋,国際興業（株）,"西川61, 戸52"
南鳩ヶ谷四丁目,国際興業（株）,西川05/05-2/05-3
並木まちづくりセンター入口,所沢市,北路線富岡循環
栄3丁目,京成タウンバス（株）,金02
栄3丁目,マイスカイ交通（株）,"M-01-3・M-01-4（三郷駅南口〜三郷市役所〜三郷中央駅〜みさと公園前〜金町駅南口）, M-10（三郷中央駅〜みさと公園前〜金町駅南口）"
新曽入口,国際興業（株）,蕨54
公平病院,国際興業（株）,西循環
美原町三丁目,西武バス（株）,"新所01, 【新所01】深夜, 新所03, 新所02-1, 新所02-2, 新所02, 新所04"
藤沢南小学校,西武バス（株）,藤03
博物館前,朝霞市,内間木線
中町公園,国際興業（株）,喜沢循環
船久保工場前,西武バス（株）,"入市54, 入市51, 入市53, 入市52, 入市42, 入市40, 入市41, 入市44, 入市43"
西袋東,東武バスセントラル（株）,"八潮05（八05）, 八潮06（八06）, 八潮07（八07）"
新曽柳原,国際興業（株）,西循環
大原,東武バスセントラル（株）,"綾61, 綾62"
北野中央,新座市,北コース
前川,東武バスセントラル（株）,"有51, 松03"
喜沢一丁目,国際興業（株）,"西川61, 西川62, 西川63, 喜沢循環"
下町橋,国際興業（株）,"蕨54, 南西循環"
笹目六丁目,国際興業（株）,南西循環
戸田東小学校,国際興業（株）,"蕨55, 川岸循環"
城山公園,朝霞市,内間木線
桂川神社前,西武バス（株）,"入市32-2, 入市32-1, 入市32"
げんき橋,西武バス（株）,藤03
朝日町公団,国際興業（株）,川07
新和三丁目,東武バスセントラル（株）,金54
神明神社,入間市,"てぃーろーど南コース, てぃーワゴン　宮寺コース, てぃーワゴン　二本木コース"
瀬崎中央,東武バスセントラル（株）,谷02
瀬崎中央,草加市,パリポリくんバス　南西ルート
エステシティ中央,西武バス（株）,"所59, 航01, 所57"
エステシティ中央,所沢市,東路線柳瀬循環
金子公民館,入間市,てぃーワゴン　金子コース
花園二丁目,所沢市,北路線富岡循環
文化スポーツセンター,東武バスセントラル（株）,"八潮05（八05）, 八潮06（八06）, 八潮07（八07）"
新曽口,国際興業（株）,西川61
製鉄所前,東武バスセントラル（株）,金52
金子駅入口,西武バス（株）,"入市34, 小手07"
金子駅入口,入間市,てぃーワゴン　金子コース
上戸田地域交流センター,国際興業（株）,"西川61, 西川62, 西川63"
朝日三丁目北,国際興業（株）,川01
朝霞厚生病院,西武バス（株）,"朝24, 朝24-1"
朝霞厚生病院,朝霞市,膝折・溝沼線
戸田第一小学校,国際興業（株）,"西川61, 西川62, 西川63, 川岸循環"
北野入口,西武バス（株）,"清61, 志33-1, 清62, 志33, 所52"
木蓮寺,入間市,てぃーワゴン　金子コース
不動前,東武バスセントラル（株）,"草加05, 八潮02"
金子駅西,入間市,てぃーワゴン　金子コース
新曽小学校入口,国際興業（株）,西川61
吉祥院前,所沢市,西路線新所沢・三ヶ島コース
青木会館入口,国際興業（株）,"川18, 川19, 川20, 川23"
仲町,草加市,パリポリくんバス　南西ルート
北原,西武バス（株）,"新所03, 所58-1, 大34, 所61, 【所61】深夜"
北原,所沢市,北路線富岡循環
南峯団地,入間市,てぃーワゴン　金子コース
TMGあさか医療センター,朝霞市,"根岸台線, 内間木線"
笹橋,東武バスウエスト（株）,朝02・志23
笹橋,国際興業（株）,朝50
朝日町住宅入口,国際興業（株）,"赤20/20-2, 川01"
公団前,国際興業（株）,"西川61, 西川62, 西川63"
瀬崎町,東武バスセントラル（株）,"谷01, 竹14"
やなせ荘入口,西武バス（株）,所53-1
やなせ荘入口,所沢市,東路線柳瀬循環
青木三丁目,国際興業（株）,川07
仲町（草加市）,東武バスセントラル（株）,"竹06, 竹10"
谷塚上町,東武バスセントラル（株）,"竹06, 竹10, 竹04"
谷塚上町,草加市,パリポリくんバス　南西ルート
喜沢記念会館,国際興業（株）,喜沢循環
道傍公園,所沢市,東路線柳瀬循環
工業団地入口,西武バス（株）,"入市61, 入市62"
笹目公園,国際興業（株）,"蕨54, 南西循環"
二枚橋,国際興業（株）,"西川61, 西循環"
栄5丁目,京成タウンバス（株）,金02
栄5丁目,マイスカイ交通（株）,"M-01-3・M-01-4（三郷駅南口〜三郷市役所〜三郷中央駅〜みさと公園前〜金町駅南口）, M-10（三郷中央駅〜みさと公園前〜金町駅南口）"
草加記念体育館,東武バスセントラル（株）,"谷01, 竹14"
中町一丁目,国際興業（株）,"西川61, 西川62, 西川63"
北野入口,新座市,北コース
大岾,所沢市,東路線柳瀬循環
大瀬北,東武バスセントラル（株）,"草加01, 草加03, 綾61"
青木中央小学校入口,川口市,川口・鳩ヶ谷線
青木中央小学校入口,国際興業（株）,川05/05-2
中町二丁目,国際興業（株）,"西川61, 西川62, 西川63, 川50, 川岸循環"
八潮四丁目,東武バスセントラル（株）,"八潮01, 草加04, 八潮05（八05）, 八潮06（八06）, 八潮07（八07）"
戸田中央総合病院,国際興業（株）,"喜沢循環, 川岸循環"
向陽町,所沢市,北路線富岡循環
朝日四丁目,国際興業（株）,西川05/05-2/05-3
寿楽荘,東武バスセントラル（株）,"草加06, 八潮03（八03）, 八潮04（八04）"
笹目南町,国際興業（株）,西循環
氷川町,国際興業（株）,西循環
金子駅,西武バス（株）,入市34
金子駅,入間市,てぃーワゴン　金子コース
狭山ヶ丘駅東口,所沢市,西路線新所沢・三ヶ島コース
二軒在家,国際興業（株）,川01
朝日環境センター,川口市,南平線
朝日環境センター,東武バスセントラル（株）,川10
朝日環境センター,国際興業（株）・東武バスセントラル（株）,"川11, 川12"
朝日環境センター,国際興業（株）,"川13, 川13-2/13-3, 川22/22-2, 川25"
下の原,国際興業（株）,朝11
大和田,西武バス（株）,"志32, 所52"
坂の下（所沢市）,西武バス（株）,"所52, 所52-1"
五差路,国際興業（株）,"西川61, 西川63"
金子橋,西武バス（株）,"入市32-2, 入市32-1, 入市32"
金子橋,入間市,てぃーワゴン　金子コース
武蔵中学校,西武バス（株）,"入市61, 入市62"
並木小学校入口,川口市,"川口・鳩ヶ谷線, 青木線"
東部浄水場,国際興業（株）,"蕨55, 川50"
入間ハート病院,入間市,"てぃーワゴン　東金子コース1系統（やまゆり荘行き）, てぃーワゴン　金子コース, てぃーワゴン　宮寺コース, てぃーワゴン　二本木コース"
大曽根八幡神社西,東武バスセントラル（株）,"八潮05（八05）, 八潮06（八06）, 八潮07（八07）"
英橋,西武バス（株）,"志32, 所52"
英橋,新座市,西コース
氷川町一丁目,国際興業（株）,"蕨54, 西循環"
朝霞第五小学校,西武バス（株）,"ひばり71, 【ひばり71】深夜, 【朝23】深夜, 久留22, 朝22-1, 朝21, 朝23, 朝22"
所沢市民体育館,西武バス（株）,"新所01, 【新所01】深夜, 新所03, 新所02-1, 新所02-2, 新所02, 新所04"
喜沢小学校南,国際興業（株）,喜沢循環
正覚院前,国際興業（株）,川岸循環
瀬崎氷川公園,東武バスセントラル（株）,"谷01, 竹14"
新曽氷川神社,国際興業（株）,"戸52, 西循環"
狭山ヶ丘二丁目,所沢市,三ヶ島地区　林・糀谷ルート
笹目七丁目,国際興業（株）,蕨54
山王,東武バスセントラル（株）,"谷01, 竹14"
狭山ヶ丘駅,西武バス（株）,小手03
谷塚南町会館,草加市,パリポリくんバス　南西ルート
狭山ヶ丘駅西口,所沢市,"三ヶ島地区　林・糀谷ルート, 三ヶ島地区　若狭・三ヶ島ルート"
弁財坂下,西武バス（株）,"朝24, 朝24-1"
弁財坂下,東武バスウエスト（株）,朝04・朝05・志26
上戸ヶ崎,東武バスセントラル（株）,"有51, 松03"
谷塚斎場前,東武バスセントラル（株）,"谷01, 竹14"
狭山ヶ原,西武バス（株）,"入市61, 入市62"
川口税務署入口,国際興業（株）,"川18, 川19, 川20, 川23"
東一丁目,西武バス（株）,"朝24, 朝21, 志35, ひばり73, 志34"
東一丁目,国際興業（株）・西武バス（株）,志09-2
ふれあいの里,草加市,パリポリくんバス　南西ルート
リハビリ病院入口,東武バスセントラル（株）,金54
笹目七丁目,国際興業（株）,南西循環
武蔵中学校西門,入間市,てぃーワゴン　二本木コース
宮台・柊塚古墳前,朝霞市,根岸台線
馬場,国際興業（株）,西循環
大和田,新座市,北コース
新和仲橋,東武バスセントラル（株）,金52
中富南,西武バス（株）,"所59, 航01, 所57"
中富南,所沢市,東路線柳瀬循環
並木通り団地入口,西武バス（株）,"所20-1, 所20-3, 【所20-3】深夜, 新所03, 所58-1, 大34, 所61, 【所61】深夜"
武蔵工業団地,西武バス（株）,"入市61, 入市62"
三井アウトレットパーク,西武バス（株）,"入市42, 入市40, 入市41, 入市44, 入市40　直通, 入市43, 藤10, 立70, 入市40　準急"
三井アウトレットパーク入間,立川バス（株）,立70
新曽小学校,国際興業（株）,西循環
笹目市営住宅,国際興業（株）,蕨54
こどもの国,国際興業（株）,"喜沢循環, 川岸循環"
樋の爪,国際興業（株）,"赤20/20-2, 川01"
西川口五丁目,川口市,川口・鳩ヶ谷線
西川口五丁目,国際興業（株）,川51
聖橋,国際興業（株）,"増14, 蕨54, 南西循環"
八潮パーキング南,東武バスセントラル（株）,"草加01, 草加03, 草加06, 綾61, 八潮03（八03）, 八潮04（八04）, 八潮07（八07）, 八潮08（八08）, 八潮09（八09）"
美原町五丁目,所沢市,北路線富岡循環
大曽根,東武バスセントラル（株）,"綾61, 綾62"
北中,所沢市,西路線新所沢・三ヶ島コース
大曽根交差点,東武バスセントラル（株）,"八潮05（八05）, 八潮06（八06）, 八潮07（八07）"
下町,草加市,パリポリくんバス　南西ルート
上藤沢,入間市,"てぃーろーど南コース, てぃーワゴン　宮寺コース, てぃーワゴン　二本木コース"
岡二丁目,朝霞市,根岸台線
東円寺,東武バスウエスト（株）,朝04・朝05・志26
宮台,東武バスウエスト（株）,朝02・志23
宮台,国際興業（株）,朝50
野火止上,西武バス（株）,"清61, 志33-1, 清62, 志33, 所52"
並木通り団地,西武バス（株）,"所20-1, 所20-3, 【所20-3】深夜, 新所03"
並木通り団地,所沢市,北路線富岡循環
緑町四丁目,所沢市,北路線富岡循環
朝日五丁目,国際興業（株）,西川05/05-2/05-3
三井アウトレットパーク前,西武バス（株）,"入市54, 入市51, 入市53, 入市52, 入市54　準急, 入市53　準急, 入市51　準急"
新曽南保育園,国際興業（株）,西循環
アリスの広場東,国際興業（株）,喜沢循環
前新田,国際興業（株）,"蕨55, 川50"
朝霞県税事務所,西武バス（株）,"ひばり71, 【ひばり71】深夜, 【朝23】深夜, 久留22, 朝22-1, 朝21, 朝23, 朝22"
下町（草加市）,東武バスセントラル（株）,"竹06, 竹10"
朝日三丁目,川口市,南平線
朝日三丁目,東武バスセントラル（株）,川10
朝日三丁目,国際興業（株）・東武バスセントラル（株）,"川11, 川12"
朝日三丁目,国際興業（株）,"川01, 川13, 川13-2/13-3, 川22/22-2, 川25"
泉水上,国際興業（株）,朝11
戸田公園駅入口,国際興業（株）,蕨55
戸田公園駅北,国際興業（株）,"喜沢循環, 川岸循環"
和ヶ原二丁目,所沢市,三ヶ島地区　林・糀谷ルート
中町多目的広場北,国際興業（株）,川岸循環
リボンシティ,川口市,"川口・鳩ヶ谷線, 青木線"
伊勢野,京成バス（株）,松04
伊勢野,東武バスセントラル（株）,"草加05, 八潮02, 松04"
喜沢第一公園,国際興業（株）,川50
新曽南一丁目,国際興業（株）,西循環
氷川町三丁目,国際興業（株）,戸52
第二小学校,朝霞市,根岸台線
シルバーセンター前,京成タウンバス（株）,金02
シルバーセンター前,マイスカイ交通（株）,"M-01-3・M-01-4（三郷駅南口〜三郷市役所〜三郷中央駅〜みさと公園前〜金町駅南口）, M-10（三郷中央駅〜みさと公園前〜金町駅南口）"
谷塚氷川神社,草加市,パリポリくんバス　南西ルート
下前公園,国際興業（株）,蕨55
本町四丁目,国際興業（株）,蕨55
市役所第二庁舎,国際興業（株）,"川18, 川19, 川20, 川23"
氷川町二丁目,国際興業（株）,蕨54
新曽南四丁目,国際興業（株）,戸52
戸田公園駅東口,国際興業（株）,蕨55
溝沼老人福祉センター,朝霞市,膝折・溝沼線
横堀橋,東武バスセントラル（株）,金52
新曽南二丁目,国際興業（株）,戸52
喜沢二丁目,国際興業（株）,川50
青木橋,川口市,南平線
青木橋,国際興業（株）,"川01, 川07"
浅間橋,国際興業（株）,"戸52, 西循環"
朝霞橋,東武バスウエスト（株）,朝04・朝05・志26
戸ヶ崎小学校入口,東武バスセントラル（株）,"有51, 松03"
中町多目的広場,国際興業（株）,喜沢循環
第三中学校,東武バスウエスト（株）,朝04・朝05・志26
戸田公園駅西口,国際興業（株）,"西川63, 戸52, 戸100, 喜沢循環, 川岸循環, 南西循環, 西循環"
いちょう通り（入間市）,西武バス（株）,"入市61, 入市62"
野火止中央,西武バス（株）,"清61, 志33-1, 清62, 志33, 所52"
野火止中央,新座市,北コース
本町三丁目,国際興業（株）,"戸52, 西循環"
岡三丁目,朝霞市,根岸台線
八潮駅北口,東武バスセントラル（株）,"綾21, 西22, 八潮01, 草加01, 草加03, 草加04, 草加06, 綾61, 八潮03（八03）, 八潮04（八04）, 八潮05（八05）, 八潮06（八06）, 八潮07（八07）, 八潮08（八08）, 八潮09（八09）, はるかぜ7号（西新井・六木線）"
和ヶ原入口,西武バス（株）,小手03
和ヶ原入口,所沢市,三ヶ島地区　若狭・三ヶ島ルート
縄竹公会堂,入間市,"てぃーワゴン　東金子コース1系統（やまゆり荘行き）, てぃーワゴン　金子コース, てぃーワゴン　宮寺コース, てぃーワゴン　二本木コース"
市役所東口,川口市,"川口・鳩ヶ谷線, 南平線"
市役所東口,国際興業（株）,"川01, 川05/05-2, 川07"
第九小学校入口,朝霞市,根岸台線
金比羅,西武バス（株）,"所52, 所52-1"
鷹野二丁目,東武バスセントラル（株）,金54
喜沢南二丁目,国際興業（株）,喜沢循環
早瀬,国際興業（株）,"増14, 蕨54"
ゆりかご保育園,入間市,てぃーワゴン　二本木コース
泉水三丁目,西武バス（株）,"朝24, 朝24-1"
市役所前,川口市,川口・鳩ヶ谷線
市役所前,国際興業（株）,"川01, 川05/05-2, 川07"
第二中学校,西武バス（株）,"朝24, 朝21, 志35, ひばり73, 志34"
第二中学校,国際興業（株）・西武バス（株）,志09-2
八潮駅北入口,東武バスセントラル（株）,"綾21, 西22, 八潮05（八05）, 八潮06（八06）, 八潮07（八07）, はるかぜ7号（西新井・六木線）"
新所沢駅東口,西武バス（株）,"新所01, 【新所01】深夜, 新所03, 新所02-1, 新所02-2, 新所02, 新所04"
新所沢駅東口,所沢市,北路線富岡循環
向山,所沢市,東路線柳瀬循環
こぶし公園前,国際興業（株）,"喜沢循環, 川岸循環"
岡一丁目東,朝霞市,根岸台線
下町さくら西ひろば,国際興業（株）,南西循環
柳瀬民俗資料館,所沢市,東路線柳瀬循環
市役所西口,国際興業（株）,"川01, 川05/05-2, 川07, 川18, 川19, 川20, 川23"
上谷塚,東武バスセントラル（株）,"竹06, 竹10, 竹04"
上谷塚,草加市,パリポリくんバス　南西ルート
新座駅北入口,西武バス（株）,所52
新座駅北入口,新座市,北コース
市役所入口,川口市,川口・鳩ヶ谷線
松葉町,西武バス（株）,"新所01, 【新所01】深夜, 新所03, 新所02-1, 新所02-2, 新所02, 新所04"
松葉町,所沢市,北路線富岡循環
喜沢橋,国際興業（株）,"川50, 喜沢循環"
所沢聖地霊園,西武バス（株）,"所59, 航01, 所57"
末広交差点,川口市,南平線
末広交差点,国際興業（株）,川01
西川口六丁目,川口市,川口・鳩ヶ谷線
西川口六丁目,国際興業（株）,川51
天王橋南,京成タウンバス（株）,金02
天王橋南,マイスカイ交通（株）,"M-01-3・M-01-4（三郷駅南口〜三郷市役所〜三郷中央駅〜みさと公園前〜金町駅南口）, M-10（三郷中央駅〜みさと公園前〜金町駅南口）"
八潮駅南口,朝日自動車（株）,綾瀬駅〜六ツ木都住〜八潮駅南口
八潮駅南口,京成バス（株）,"松04, 松05, 金61"
八潮駅南口,東武バスセントラル（株）,"草加05, 有64, 有65, 八潮02, 松04, 松05"
喜沢中学校,国際興業（株）,喜沢循環
小手指公園北,所沢市,西路線新所沢・三ヶ島コース
大前橋,国際興業（株）,南西循環
市民会館入口,東武バスウエスト（株）,朝04・朝05・志26
金森橋,国際興業（株）,南西循環
大曽根北,東武バスセントラル（株）,"八潮05（八05）, 八潮06（八06）, 八潮07（八07）"
岡一丁目,東武バスウエスト（株）,朝04・朝05・志26
朝日一丁目,東武バスセントラル（株）,川10
朝日一丁目,国際興業（株）・東武バスセントラル（株）,"川11, 川12"
朝日一丁目,国際興業（株）,"川13, 川13-2/13-3, 川22/22-2, 川25"
農協支所,京成バス（株）,"松04, 松05"
松寿橋,草加市,パリポリくんバス　南西ルート
南平福祉会館,川口市,南平線
南平福祉会館,国際興業（株）,西川05/05-2/05-3
幸町三丁目,川口市,川口・鳩ヶ谷線
幸町三丁目,国際興業（株）,"川01, 川05/05-2, 川07"
戸田競艇場入口,国際興業（株）,蕨54
喜沢南一丁目,国際興業（株）,喜沢循環
修徳高校野球場前（八潮市）,東武バスセントラル（株）,"草加05, 八潮02, 松04"
凸版印刷,国際興業（株）・西武バス（株）,志09-2
修徳高校野球場前,京成バス（株）,松04
積水住宅,東武バスウエスト（株）,朝02・志23
積水住宅,国際興業（株）,朝50
新所沢駅西口,所沢市,"西路線新所沢・三ヶ島コース, 北路線富岡循環"
早瀬公園,国際興業（株）,南西循環
柳瀬小学校前,西武バス（株）,所53-1
柳瀬小学校前,所沢市,東路線柳瀬循環
障害者福祉会館北,国際興業（株）,喜沢循環
ララガーデン川口,国際興業（株）,川50
戸田公園大橋,国際興業（株）,南西循環
横曽根,国際興業（株）,川50
喜沢南,国際興業（株）,川50
坂の下上,西武バス（株）,"所52, 所52-1"
朝日五丁目南,国際興業（株）,西川05/05-2/05-3
くみまちモールにいざ,新座市,西コース
若狭一丁目,所沢市,三ヶ島地区　若狭・三ヶ島ルート
弥生町,所沢市,北路線富岡循環
農協支所,東武バスセントラル（株）,"松03, 松04, 松05"
障害者福祉会館,国際興業（株）,"川50, 川100"
給食センター入口,国際興業（株）,南西循環
若狭,西武バス（株）,小手03
若狭,所沢市,三ヶ島地区　若狭・三ヶ島ルート
下枝医院前,入間市,"てぃーろーど南コース, てぃーワゴン　宮寺コース, てぃーワゴン　二本木コース"
仲町小学校,国際興業（株）,川50
溝沼火の見下,東武バスウエスト（株）,朝04・朝05・志26
水道道路入口,西武バス（株）,"ひばり71, 【ひばり71】深夜, 【朝23】深夜, 久留22, 朝22-1, 朝21, 朝23, 朝22"
水道道路入口,国際興業（株）,朝11
戸田南小学校南,国際興業（株）,喜沢循環
戸田公園駅南,国際興業（株）,南西循環
十三区集会所前,所沢市,三ヶ島地区　林・糀谷ルート
南中学校入口（三郷市）,東武バスセントラル（株）,金52
西田,東武バスセントラル（株）,"綾61, 綾62"
幸町一丁目,川口市,南平線
北原町中央,西武バス（株）,"所20-1, 所20-3, 【所20-3】深夜, 新所03, 所58-1, 大34, 所61, 【所61】深夜"
泉水坂上,西武バス（株）,"朝24, 朝24-1"
新曽南三丁目,国際興業（株）,南西循環
甲地蔵,西武バス（株）,小手03
戸田ボートレース場,国際興業（株）,"増100, 高100, 川100, 戸100"
川岸二丁目,国際興業（株）,"川50, 川岸循環"
戸ヶ崎神社前,東武バスセントラル（株）,"有51, 松05"
障害者福祉会館前,国際興業（株）,川岸循環
リハビリテーションセンター,所沢市,"西路線新所沢・三ヶ島コース, 南路線山口循環, 北路線富岡循環"
溝沼坂下,東武バスウエスト（株）,朝04・朝05・志26
神社前,京成バス（株）,松05
亀ヶ谷公園,所沢市,東路線柳瀬循環
南町,国際興業（株）,南西循環
戸田第二小学校,国際興業（株）,川50
銀座通り,国際興業（株）,"川01, 川18, 川19, 川20, 川23"
飯仲小学校,国際興業（株）,川50
宮ノ台,西武バス（株）,"入市61, 入市62"
南町,川口市,川口・鳩ヶ谷線
南町,国際興業（株）,川51
リサイクルふれあい館,所沢市,東路線柳瀬循環
南中学校前,東武バスセントラル（株）,金54
幸町一丁目,国際興業（株）,"川01, 川18, 川19, 川20, 川23"
和ケ原三丁目,所沢市,三ヶ島地区　林・糀谷ルート
十二月田中学校,川口市,南平線
十二月田中学校,東武バスセントラル（株）,川10
十二月田中学校,国際興業（株）・東武バスセントラル（株）,"川11, 川12"
十二月田中学校,国際興業（株）,"川13, 川13-2/13-3, 川22/22-2, 川25, 川80"
戸ヶ崎小学校前,京成タウンバス（株）,金02
戸ヶ崎小学校前,マイスカイ交通（株）,"M-01-3・M-01-4（三郷駅南口〜三郷市役所〜三郷中央駅〜みさと公園前〜金町駅南口）, M-10（三郷中央駅〜みさと公園前〜金町駅南口）"
ハナミズキ通り,所沢市,西路線新所沢・三ヶ島コース
上戸田南保育園,国際興業（株）,南西循環
東部クリーンセンター西,所沢市,東路線柳瀬循環
新葛西橋,東武バスセントラル（株）,"綾21, 西22, 八潮05（八05）, 八潮06（八06）, 八潮07（八07）, はるかぜ7号（西新井・六木線）"
朝日六丁目,国際興業（株）,"西川05/05-2/05-3, 川02/02-2"
若松町,西武バス（株）,"航01, 所57"
若松町,所沢市,東路線柳瀬循環
みどり台公園,入間市,てぃーワゴン　二本木コース
武蔵台,入間市,てぃーワゴン　二本木コース
野火止角,西武バス（株）,"清61, 志33-1, 清62, 志33, 所52"
野火止角,新座市,北コース
根岸,東武バスウエスト（株）,朝02・志23
根岸,国際興業（株）,朝50
坂口,国際興業（株）,赤20/20-2
緑町中央公園,所沢市,西路線新所沢・三ヶ島コース
西朝霞公民館入口,西武バス（株）,"朝24, 朝24-1"
川岸会館前,国際興業（株）,川岸循環
柳瀬まちづくりセンター入口,所沢市,東路線柳瀬循環
大正通り入口,京成バス（株）,"松04, 松05, 金61"
大正通り入口,東武バスセントラル（株）,"草加05, 有64, 八潮02, 松04, 松05, 八潮07（八07）, 八潮08（八08）, 八潮09（八09）"
栄町一丁目,川口市,南平線
栄町一丁目,東武バスセントラル（株）,川10
栄町一丁目（草加駅行き）,国際興業（株）・東武バスセントラル（株）,"川11, 川12"
栄町一丁目,国際興業（株）,"川05/05-2, 川07, 川13, 川13-2/13-3, 川22/22-2, 川25, 川80"
本町五丁目,国際興業（株）,南西循環
根岸台四丁目,朝霞市,根岸台線
林小学校,所沢市,三ヶ島地区　林・糀谷ルート
秩父学園前,所沢市,東路線柳瀬循環
川口六丁目,国際興業（株）,川50
秩父学園,西武バス（株）,"航01, 所57"
やまゆり荘,入間市,"てぃーろーど南コース, てぃーワゴン　東金子コース1系統（やまゆり荘行き）, てぃーワゴン　金子コース, てぃーワゴン　宮寺コース, てぃーワゴン　二本木コース, てぃーワゴン　武蔵藤沢駅コース"
大森,西武バス（株）,"入市54, 入市51, 入市53, 入市52, 入市42, 入市41, 入市44, 入市43, 入市54　準急, 入市53　準急, 入市51　準急"
市民会館,朝霞市,膝折・溝沼線
戸ヶ崎二丁目入口,東武バスセントラル（株）,松05
戸ヶ崎二丁目入口,京成バス（株）,松05
緑町二丁目,所沢市,"西路線新所沢・三ヶ島コース, 北路線富岡循環"
島の上,西武バス（株）,"ひばり71, 【ひばり71】深夜, 【朝23】深夜, 久留22, 朝22-1, 朝24, 朝21, 朝23, 朝22, 朝24-1"
島の上,国際興業（株）,朝11
中の橋（川口市）,東武バスセントラル（株）,川10
中の橋（川口市）,国際興業（株）・東武バスセントラル（株）,"川11, 川12"
中の橋,国際興業（株）,"川13, 川13-2/13-3, 川22/22-2, 川25, 川80"
南町公園,川口市,川口・鳩ヶ谷線
早瀬二丁目,国際興業（株）,南西循環
末広一丁目,東武バスセントラル（株）,川10
末広一丁目,国際興業（株）・東武バスセントラル（株）,"川11, 川12"
末広一丁目,国際興業（株）,"川13, 川13-2/13-3, 川22/22-2, 川25, 川80"
こどもと福祉の未来館,所沢市,"西路線新所沢・三ヶ島コース, 北路線富岡循環"
本町一丁目,朝霞市,膝折・溝沼線
垳公民館,朝日自動車（株）,綾瀬駅〜六ツ木都住〜八潮駅南口
垳公民館,東武バスセントラル（株）,"綾21, 西22, 八潮05（八05）, 八潮06（八06）, 八潮07（八07）, はるかぜ7号（西新井・六木線）"
新座駅南口,西武バス（株）,"久留23, 清61, 志33-1, 志35, 清62, 泉30-1, 志33, 新座01"
新座駅南口,新座市,北コース
大瀬,東武バスセントラル（株）,"草加05, 八潮02, 松04"
大瀬,京成バス（株）,松04
川口工業総合病院,東武バスセントラル（株）,川10
川口工業総合病院,国際興業（株）・東武バスセントラル（株）,"川11, 川12"
川口工業総合病院,国際興業（株）,"川13, 川13-2/13-3, 川22/22-2, 川25, 川80"
溝沼四丁目,朝霞市,膝折・溝沼線
天王橋通り,京成バス（株）,"松04, 松05"
天王橋通り,東武バスセントラル（株）,"松03, 松04, 松05"
末広二丁目,川口市,南平線
戸ヶ崎3丁目南商店街,京成タウンバス（株）,金02
戸ヶ崎3丁目南商店街,マイスカイ交通（株）,"M-01-3・M-01-4（三郷駅南口〜三郷市役所〜三郷中央駅〜みさと公園前〜金町駅南口）, M-10（三郷中央駅〜みさと公園前〜金町駅南口）"
弥平一丁目,川口市,南平線
東所沢二丁目,所沢市,東路線柳瀬循環
下新井新道,西武バス（株）,所59
下新井新道,所沢市,東路線柳瀬循環
アクシス,東武バスウエスト（株）,北コース
大の園芸,入間市,てぃーワゴン　二本木コース
早瀬会館,国際興業（株）,南西循環
岡,東武バスウエスト（株）,朝04・朝05・志26
弥平三丁目,国際興業（株）,川02/02-2
川岸南,国際興業（株）,川岸循環
西武住宅前,西武バス（株）,"入市54, 入市51, 入市53, 入市52, 入市42, 入市41, 入市44, 入市43, 入市54　準急, 入市53　準急, 入市51　準急"
六間道路,東武バスセントラル（株）,川10
六間道路,国際興業（株）・東武バスセントラル（株）,"川11, 川12"
六間道路,国際興業（株）,"川13, 川13-2/13-3, 川18, 川19, 川20, 川22/22-2, 川23, 川25, 川80"
ボートコース入口,国際興業（株）,"川岸循環, 南西循環"
狭山小入口,入間市,てぃーワゴン　二本木コース
狭山ヶ丘住宅入口,西武バス（株）,小手03
SGリアルティ和光,東武バスウエスト（株）,和14
大正橋,東武バスセントラル（株）,金52
ふたば公園,東武バスウエスト（株）,北コース
川岸一丁目,国際興業（株）,川岸循環
榎町,所沢市,西路線新所沢・三ヶ島コース
戸ヶ崎郵便局,京成バス（株）,松05
戸ヶ崎郵便局,東武バスセントラル（株）,"有51, 松05"
西埼玉中央病院,西武バス（株）,"小手03, 小手10, 小手09-1"
西埼玉中央病院,所沢市,三ヶ島地区　若狭・三ヶ島ルート
野火止七丁目,西武バス（株）,"朝24, 朝21, 志35, ひばり73, 志34"
笹目川排水機場,国際興業（株）,南西循環
新所沢コミュニティセンター,所沢市,西路線新所沢・三ヶ島コース
根岸台八丁目,朝霞市,根岸台線
入間市博物館入口,入間市,てぃーワゴン　二本木コース
栄町二丁目,国際興業（株）,"川02/02-2, 川04, 川14-2, 川15/15-2/15-3, 川16"
関屋,東武バスセントラル（株）,"綾61, 綾62"
秩父学園入口,西武バス（株）,"所20-1, 所20-3, 【所20-3】深夜, 新所03, 所56, 航01, 所57, 所58-1, 大34, 所61, 【所61】深夜"
秩父学園入口,所沢市,"東路線松井循環, 東路線柳瀬循環"
中村屋武蔵工場,西武バス（株）,"入市52, 入市42, 入市62"
大曽根南児童遊園,東武バスセントラル（株）,"八潮05（八05）, 八潮06（八06）, 八潮07（八07）"
二本松,朝霞市,膝折・溝沼線
戸ヶ崎三丁目,東武バスセントラル（株）,"松03, 松04, 松05"
戸ヶ崎三丁目,京成バス（株）,"松04, 松05"
川口西公民館,国際興業（株）,川50
元郷六丁目郵便局,国際興業（株）,川02/02-2
川口駅東口,東武バスセントラル（株）,川10
川口駅東口,国際興業（株）・東武バスセントラル（株）,"川11, 川12"
川口駅東口,国際興業（株）,"川01, 川02/02-2, 川04, 川05/05-2, 川07, 川13, 川13-2/13-3, 川14-2, 川15/15-2/15-3, 川16, 川18, 川19, 川20, 川21/21-2/21-3/21-4, 川22/22-2, 川23, 川24/24-1/24-2/24-3, 川25, 川80"
西スポーツセンター入口,川口市,川口・鳩ヶ谷線
若狭四丁目,所沢市,三ヶ島地区　若狭・三ヶ島ルート
ふるさと小道,西武バス（株）,"清61, 清62, 志33"
川口駅西口,川口市,"川口・鳩ヶ谷線, 青木線"
川口駅西口,国際興業（株）,"川50, 川51, 川100"
芝川橋,川口市,南平線
芝川橋,国際興業（株）,"川02/02-2, 川04, 川14-2, 川15/15-2/15-3, 川16"
潮止橋北,京成バス（株）,"松04, 松05, 金61"
潮止橋北,東武バスセントラル（株）,"草加05, 有64, 八潮02, 松04, 松05, 八潮07（八07）, 八潮08（八08）, 八潮09（八09）"
ふれあい桜橋,東武バスセントラル（株）,"八潮05（八05）, 八潮06（八06）, 八潮07（八07）"
所沢グリーンヒル,西武バス（株）,小手03
所沢グリーンヒル,所沢市,三ヶ島地区　若狭・三ヶ島ルート
元郷新道,国際興業（株）,"川02/02-2, 川04, 川14-2, 川15/15-2/15-3, 川16"
城,西武バス（株）,"所52, 所52-1"
根岸台五丁目,朝霞市,根岸台線
林一丁目,所沢市,三ヶ島地区　林・糀谷ルート
中堀,西武バス（株）,"久留23, 志35, 泉30-1, 新座01"
川口西中学校,国際興業（株）,川51
大森会館前,入間市,"てぃーワゴン　宮寺コース, てぃーワゴン　武蔵藤沢駅コース"
鷹野小学校前,東武バスセントラル（株）,金54
垳トンネル,東武バスセントラル（株）,"八潮05（八05）, 八潮06（八06）, 八潮07（八07）"
ふるさと新座館前,新座市,北コース
福祉の里,東武バスウエスト（株）,北コース
入間市博物館,西武バス（株）,"入市51, 入市61, 入市41, 入市51　準急"
県営戸田公園,国際興業（株）,南西循環
文化センターミューズ,西武バス（株）,"所20-1, 所20-3, 【所20-3】深夜, 新所03, 所56, 航01, 所57"
文化センターミューズ,所沢市,"東路線松井循環, 東路線柳瀬循環"
川口元郷駅,川口市,南平線
滝の根公園入口,朝霞市,膝折・溝沼線
アグリパーク入口,東武バスウエスト（株）,北コース
野火止大門,西武バス（株）,"久留22, 朝24, 朝21, 志35, ひばり73, 志34, 朝22, 朝24-1"
小手指駅北口,所沢市,西路線新所沢・三ヶ島コース
旭が丘,国際興業（株）,南西循環
戸ヶ崎十字路,京成バス（株）,"松05, 金61"
溝沼三丁目,朝霞市,膝折・溝沼線
和光北インター,東武バスウエスト（株）,北コース
戸ヶ崎十字路,東武バスセントラル（株）,松05
元郷一丁目,国際興業（株）,"川02/02-2, 川04, 川14-2, 川15/15-2/15-3, 川16"
柳瀬消防分署,西武バス（株）,所53-1
弥平二丁目,国際興業（株）,川02/02-2
西公民館入口,川口市,川口・鳩ヶ谷線
金井ヶ原入口,西武バス（株）,小手03
泉町,所沢市,"西路線新所沢・三ヶ島コース, 北路線富岡循環"
赤池,東武バスウエスト（株）,北コース
パークタウン所沢警察署前,西武バス（株）,"所20-1, 所20-3, 【所20-3】深夜, 新所03, 所56, 航01, 所57"
パークタウン所沢警察署前,所沢市,"東路線松井循環, 東路線柳瀬循環"
戸ヶ崎操車場,京成バス（株）,"松05, 金61"
戸ヶ崎操車場,東武バスセントラル（株）,松05
川口元郷駅,国際興業（株）,"赤20/20-2, 川02/02-2, 川04, 川14-2, 川15/15-2/15-3, 川16"
弥平町,国際興業（株）,"川02/02-2, 川04, 川14-2, 川16"
防衛医大病院前,所沢市,"西路線新所沢・三ヶ島コース, 南路線山口循環, 北路線富岡循環"
根岸台一丁目,東武バスウエスト（株）,朝02・志23
根岸台一丁目,国際興業（株）,朝50
元郷小学校,川口市,南平線
野火止小学校,西武バス（株）,"清61, 清62, 志33"
天ヶ久保,東武バスウエスト（株）,朝04・朝05・志26
二本木公民館,入間市,てぃーワゴン　二本木コース
小手指駅南口,西武バス（株）,"小手02, 小手01, 【小手01】深夜, 小手03, 小手06, 小手07, 小手10, 小手08, 小手09-1, 小手09, 小手06-1"
新日比田橋,西武バス（株）,所59
新日比田橋,所沢市,東路線柳瀬循環
潮止橋南,京成バス（株）,"松05, 金61"
潮止橋南,東武バスセントラル（株）,松05
下の原入口,西武バス（株）,"ひばり71, 【ひばり71】深夜, 【朝23】深夜, 久留22, 朝22-1, 朝24, 朝21, 朝23, 朝22, 朝24-1"
下の原入口,国際興業（株）,朝11
戸ヶ崎,京成バス（株）,金61
戸ヶ崎,東武バスセントラル（株）,有51
東所沢小学校東,所沢市,東路線柳瀬循環
三ケ島四丁目,所沢市,三ヶ島地区　若狭・三ヶ島ルート
戸ヶ崎老人福祉センター前,京成タウンバス（株）,金02
戸ヶ崎老人福祉センター前,マイスカイ交通（株）,"M-01-3・M-01-4（三郷駅南口〜三郷市役所〜三郷中央駅〜みさと公園前〜金町駅南口）, M-10（三郷中央駅〜みさと公園前〜金町駅南口）"
こぶし町東,所沢市,東路線松井循環
鷹野五丁目,京成バス（株）,"松04, 松05"
鷹野五丁目,東武バスセントラル（株）,"松03, 松04, 松05"
所沢市役所,西武バス（株）,"所20-1, 所20-3, 【所20-3】深夜, 新所03, 所56, 航01, 所57"
所沢市役所,所沢市,"東路線松井循環, 東路線柳瀬循環"
野火止中,西武バス（株）,"久留23, 志35, 泉30-1, 新座01"
牛沼,西武バス（株）,所59
松郷東,所沢市,東路線柳瀬循環
大曽根保育所前,東武バスセントラル（株）,"八潮05（八05）, 八潮06（八06）, 八潮07（八07）"
北中野,西武バス（株）,"入市54, 入市51, 入市53, 入市52, 入市42, 入市41, 入市44, 入市43, 入市54　準急, 入市53　準急, 入市51　準急"
所沢車検場前,西武バス（株）,所59
こぶし町中央,所沢市,東路線松井循環
弥平新田,国際興業（株）,"川04, 川14-2, 川15/15-2/15-3, 川16"
弥平新田,川口市,南平線
水神橋（三郷市）,東武バスセントラル（株）,金52
元郷中学校,国際興業（株）,"川04, 川14-2, 川15/15-2/15-3, 川16"
元郷六丁目,国際興業（株）,"川04, 川14-2, 川15/15-2/15-3, 川16"
元郷五丁目,国際興業（株）,"川02/02-2, 川04, 川14-2, 川15/15-2/15-3, 川16"
野火止坂上,西武バス（株）,"久留22, 朝22-1, 朝24, 朝21, 朝22, 朝24-1"
東野高等学校入口,西武バス（株）,"入市51, 入市41, 入市51　準急"
中央道路,国際興業（株）・東武バスセントラル（株）,"川11, 川12"
中央道路,国際興業（株）,"川02/02-2, 川04, 川05/05-2, 川07, 川13, 川13-2/13-3, 川14-2, 川15/15-2/15-3, 川16, 川21/21-2/21-3/21-4, 川22/22-2, 川24/24-1/24-2/24-3, 川25, 川80"
中央道路,東武バスセントラル（株）,川10
松井保育園,所沢市,東路線松井循環
喜多町,所沢市,"西路線新所沢・三ヶ島コース, 南路線山口循環, 北路線富岡循環"
東所沢三丁目,西武バス（株）,所53-1
所沢中学校前,所沢市,"西路線新所沢・三ヶ島コース, 北路線富岡循環"
鎌倉北,東武バスセントラル（株）,金54
根岸台保育園,朝霞市,根岸台線
原町,国際興業（株）,川51
古新田,東武バスセントラル（株）,有64
川口二丁目,国際興業（株）,川51
こぶし団地入口,西武バス（株）,"所56, 所57, 所58-1, 大34, 所61, 【所61】深夜"
こぶし町西,所沢市,東路線松井循環
航空公園駅,西武バス（株）,"所20-1, 所20-3, 【所20-3】深夜, 新所03, 所56, 航01, 所57"
航空公園駅,所沢市,"西路線新所沢・三ヶ島コース, 東路線松井循環, 東路線柳瀬循環, 南路線山口循環, 北路線富岡循環"
新倉氷川神社,東武バスウエスト（株）,北コース
彩のクリニック前,西武バス（株）,"小手01, 【小手01】深夜, 小手08"
アクシス入口,東武バスウエスト（株）,和03
二本木保育園,入間市,てぃーワゴン　二本木コース
林二丁目南,所沢市,三ヶ島地区　林・糀谷ルート
二本木スポーツ広場,入間市,てぃーワゴン　二本木コース
谷津橋,東武バスウエスト（株）,北コース
寄巻橋西,京成タウンバス（株）,金02
寄巻橋西,マイスカイ交通（株）,"M-01-3・M-01-4（三郷駅南口〜三郷市役所〜三郷中央駅〜みさと公園前〜金町駅南口）, M-10（三郷中央駅〜みさと公園前〜金町駅南口）"
鎌倉,京成バス（株）,"松04, 松05"
鎌倉,東武バスセントラル（株）,"松03, 松04, 松05"
新座警察署前,西武バス（株）,"久留22, 久留23, ひばり73, 泉30-1, 志34, 朝22, 新座01, 朝24-1"
新座警察署前,新座市,北コース
二本木,西武バス（株）,"入市54, 入市53, 入市52, 入市42, 入市44, 入市43, 入市54　準急, 入市53　準急"
新倉氷川神社,東武バスウエスト（株）,北コース
戸ヶ崎4丁目,京成タウンバス（株）,金02
戸ヶ崎4丁目,マイスカイ交通（株）,"M-01-3・M-01-4（三郷駅南口〜三郷市役所〜三郷中央駅〜みさと公園前〜金町駅南口）, M-10（三郷中央駅〜みさと公園前〜金町駅南口）"
朝霞消防署,朝霞市,膝折・溝沼線
川口市立文化財センター,国際興業（株）,赤20/20-2
膝折町五丁目,朝霞市,膝折・溝沼線
飯塚三丁目,国際興業（株）,川51
三ヶ島まちづくりセンター,所沢市,"三ヶ島地区　林・糀谷ルート, 三ヶ島地区　若狭・三ヶ島ルート"
南平文化会館,川口市,南平線
川口郵便局,国際興業（株）,"川21/21-2/21-3/21-4, 川24/24-1/24-2/24-3"
東スポーツセンター,川口市,南平線
東スポーツセンター,国際興業（株）,川15/15-2/15-3
寄巻橋東,京成タウンバス（株）,金02
寄巻橋東,マイスカイ交通（株）,"M-01-3・M-01-4（三郷駅南口〜三郷市役所〜三郷中央駅〜みさと公園前〜金町駅南口）, M-10（三郷中央駅〜みさと公園前〜金町駅南口）"
市民プール入口,西武バス（株）,"小手01, 【小手01】深夜, 小手08"
元一中町会館,国際興業（株）,川24/24-1/24-2/24-3
桜ヶ丘,国際興業（株）,"朝11, 朝13"
膝折三丁目,国際興業（株）,朝11
三本桜,入間市,てぃーワゴン　宮寺コース
元郷氷川神社,国際興業（株）,川24/24-1/24-2/24-3
東朝霞公民館,朝霞市,根岸台線
十文字女子大前,新座市,西コース
中川小学校,東武バスセントラル（株）,"八潮07（八07）, 八潮08（八08）, 八潮09（八09）"
上葛飾橋入口（旧有料橋入口）,東武バスセントラル（株）,"松03, 松04, 松05"
上葛飾橋入口,京成バス（株）,"松04, 松05"
和光高校,東武バスウエスト（株）,和03
松郷中央,所沢市,東路線柳瀬循環
誓詞橋,西武バス（株）,"小手02, 小手03, 小手10, 小手09-1, 小手09"
旭通り,西武バス（株）,"泉32, 朝83, 朝82, 朝82-1"
旭通り,国際興業（株）,"朝11, 朝13"
和田（所沢市）,西武バス（株）,所59
天神前（三郷市）,東武バスセントラル（株）,有51
天神前,京成バス（株）,金61
福祉の里入口,東武バスウエスト（株）,和03
和田,所沢市,東路線柳瀬循環
膝折横町,西武バス（株）,"ひばり71, 【ひばり71】深夜, 【朝23】深夜, 朝23"
東所沢一丁目,西武バス（株）,所53-1
東所沢一丁目,所沢市,東路線柳瀬循環
大森通り中央,入間市,"てぃーワゴン　宮寺コース, てぃーワゴン　武蔵藤沢駅コース"
元郷五丁目南,国際興業（株）,川24/24-1/24-2/24-3
朝霞市役所,西武バス（株）,"泉32, 朝83, 朝82, 朝82-1"
朝霞市役所,朝霞市,"膝折・溝沼線, 根岸台線"
朝霞市役所,国際興業（株）,"朝11, 朝13"
飯塚二丁目,国際興業（株）,川51
練田,東武バスウエスト（株）,和03
朝霞駅東口,西武バス（株）,朝30
朝霞駅東口,朝霞市,根岸台線
朝霞駅東口,東武バスウエスト（株）,"朝02・志23, 朝04・朝05・志26"
朝霞駅東口,国際興業（株）,朝50
下新倉小学校,東武バスウエスト（株）,北コース
鷹野文化センター入口,東武バスセントラル（株）,金54
西口通り,国際興業（株）,川51
あけぼの橋北,所沢市,東路線松井循環
オリエンタル酵母工業前,西武バス（株）,"清61, 清62, 志33"
氷川神社前（八潮市）,東武バスセントラル（株）,"綾61, 綾62"
亀鶴園南,所沢市,東路線松井循環
所沢ロイヤル病院前,西武バス（株）,"小手02, 小手09-1, 小手09"
山下橋,新座市,西コース
飯塚一丁目,国際興業（株）,川51
こてさし荘,西武バス（株）,"小手02, 小手03, 小手10, 小手09-1, 小手09"
八木郷橋,東武バスセントラル（株）,金52
古新田中央,東武バスセントラル（株）,"八潮07（八07）, 八潮08（八08）, 八潮09（八09）"
朝霞税務署前,朝霞市,膝折・溝沼線
東領家一丁目,川口市,南平線
東領家一丁目,国際興業（株）,川02/02-2
小手指町四丁目,西武バス（株）,"小手02, 小手03, 小手06, 小手07, 小手10, 小手08, 小手09-1, 小手09, 小手06-1"
本郷,西武バス（株）,"所52, 所52-1"
JA二本木支店,西武バス（株）,"入市54, 入市53, 入市52, 入市42, 入市44, 入市43, 入市54　準急, 入市53　準急"
朝霞駅南口,西武バス（株）,"泉32, 朝83, 朝82, 朝31, 朝82-1, 朝81"
朝霞駅南口,朝霞市,膝折・溝沼線
朝霞駅南口,国際興業（株）,"朝11, 朝13"
大場川,京成バス（株）,金61
大場川,東武バスセントラル（株）,有51
寄巻児童公園,京成タウンバス（株）,金02
寄巻児童公園,マイスカイ交通（株）,"M-01-3・M-01-4（三郷駅南口〜三郷市役所〜三郷中央駅〜みさと公園前〜金町駅南口）, M-10（三郷中央駅〜みさと公園前〜金町駅南口）"
エルザタワー前,国際興業（株）,川24/24-1/24-2/24-3
三ヶ島中学校,西武バス（株）,小手03
三ヶ島中学校,所沢市,三ヶ島地区　若狭・三ヶ島ルート
地蔵橋,東武バスウエスト（株）,北コース
新倉郵便局前,東武バスウエスト（株）,北コース
東所沢中央,所沢市,東路線松井循環
幸町一丁目,朝霞市,膝折・溝沼線
幸町一丁目,国際興業（株）,"朝11, 朝13"
小手指元町,西武バス（株）,"小手02, 小手03, 小手10, 小手09-1, 小手09"
エルザタワー,国際興業（株）,"赤23/23-3, 川21/21-2/21-3/21-4"
はくれん通り,所沢市,南路線山口循環
三ヶ島保育園,所沢市,三ヶ島地区　林・糀谷ルート
領家一丁目,国際興業（株）,川24/24-1/24-2/24-3
荒川大橋,国際興業（株）,"赤20/20-2, 赤23/23-3, 川21/21-2/21-3/21-4, 川24/24-1/24-2/24-3"
朝霞郵便局前,朝霞市,膝折・溝沼線
和光病院入口,東武バスウエスト（株）,北コース
二本木憩いの家,入間市,てぃーワゴン　二本木コース
北中野西,入間市,てぃーワゴン　宮寺コース
公園通り,西武バス（株）,所20-1
公園通り,所沢市,"東路線松井循環, 南路線山口循環"
望芙台住宅,西武バス（株）,"久留22, 久留23, ひばり73, 泉30-1, 志34, 朝22, 新座01, 朝24-1"
神明道下,東武バスウエスト（株）,和03
航空公園南,所沢市,"東路線松井循環, 南路線山口循環"
花の枝橋,川口市,南平線
花の枝橋,国際興業（株）,"川02/02-2, 川15/15-2/15-3"
地蔵橋,東武バスウエスト（株）,北コース
膝折町一丁目,国際興業（株）,"朝11, 朝13"
新倉坂下,東武バスウエスト（株）,"増09, 和03"
元郷四丁目,国際興業（株）,川24/24-1/24-2/24-3
榎木,西武バス（株）,"ひばり71, 【ひばり71】深夜, 【朝23】深夜, 朝23"
ところ荘入口,所沢市,南路線山口循環
元郷二丁目,国際興業（株）,"赤23/23-3, 川21/21-2/21-3/21-4"
膝折市民センター入口,朝霞市,膝折・溝沼線
下井戸,東武バスウエスト（株）,"増09, 和03"
新東橋,西武バス（株）,"所56, 所57, 所58-1, 大34, 所61, 【所61】深夜"
元郷第七公園,国際興業（株）,川24/24-1/24-2/24-3
元郷四丁目会館,国際興業（株）,川24/24-1/24-2/24-3
みかじま荘前,所沢市,三ヶ島地区　若狭・三ヶ島ルート
東所沢駅,西武バス（株）,"所52, 所52-1, 所59, 所53-1, 所55, 【所55】深夜"
東所沢駅,所沢市,"東路線松井循環, 東路線柳瀬循環"
団地センター,新座市,西コース
膝折,国際興業（株）,朝11
浮塚,東武バスセントラル（株）,"綾61, 綾62"
団地センター（清瀬市）,西武バス（株）,"深夜, 清62, 清63, 清63-1"
元狭山,西武バス（株）,"入市54, 入市53, 入市44, 入市43, 入市54　準急, 入市53　準急"
大沢,西武バス（株）,"小手06, 小手07, 小手08, 小手06-1"
高州一丁目北,東武バスセントラル（株）,金54
東新井町,所沢市,"東路線松井循環, 南路線山口循環"
荒川大橋,国際興業（株）,"赤23/23-3, 川21/21-2/21-3/21-4, 川24/24-1/24-2/24-3"
野川公園入口,東武バスウエスト（株）,北コース
こてさし荘入口,西武バス（株）,"小手01, 【小手01】深夜, 小手08"
宮寺支所,入間市,"てぃーワゴン　宮寺コース, てぃーワゴン　武蔵藤沢駅コース"
仲町二丁目,朝霞市,根岸台線
下里,東武バスウエスト（株）,北コース
野火止三丁目,西武バス（株）,"清61, 清62, 志33"
古新田南,東武バスセントラル（株）,"八潮07（八07）, 八潮08（八08）, 八潮09（八09）"
名古屋,西武バス（株）,"所52, 所52-1"
中郷（新座市）,西武バス（株）,"深夜, 清62, 清63-1"
東所沢保育園,所沢市,東路線松井循環
青葉台公園,西武バス（株）,"泉32, 朝83, 朝82, 朝82-1"
青葉台公園,国際興業（株）,朝13
荻原公園北,入間市,てぃーワゴン　宮寺コース
金泉寺前,東武バスウエスト（株）,"増09, 和03, 北コース"
末無川,朝霞市,膝折・溝沼線
末無川,国際興業（株）,"朝11, 朝13"
大沢橋,西武バス（株）,"小手06, 小手07, 小手08, 小手06-1"
小林病院,入間市,"てぃーワゴン　宮寺コース, てぃーワゴン　武蔵藤沢駅コース"
菅沢子供広場,新座市,西コース
新倉小学校前,東武バスウエスト（株）,"増09, 和03"
新座市役所,西武バス（株）,"久留22, 久留23, ひばり73, 泉30-1, 志34, 朝22, 新座01, 朝24-1"
新座市役所,新座市,"西コース, 東コース, 北コース"
二本木地蔵前,西武バス（株）,"入市53, 入市43, 入市53　準急"
二本木地蔵前,入間市,てぃーワゴン　二本木コース
ロイヤルこころの里病院,西武バス（株）,"小手02, 小手09-1, 小手09"
長島,東武バスウエスト（株）,"増09, 和03"
糀谷中央,所沢市,三ヶ島地区　林・糀谷ルート
領家小学校裏,川口市,南平線
領家小学校裏,国際興業（株）,川02/02-2
三ヶ島五丁目,所沢市,三ヶ島地区　林・糀谷ルート
膝折団地入口,国際興業（株）,朝13
三ヶ島小学校,西武バス（株）,小手03
三ヶ島小学校,所沢市,三ヶ島地区　若狭・三ヶ島ルート
北御幸町,西武バス（株）,所20-1
門樋下,国際興業（株）,"赤23/23-3, 川21/21-2/21-3/21-4"
荻原,西武バス（株）,"小手03, 小手06, 小手07, 小手09-1, 小手09"
図書館,朝霞市,根岸台線
高州2丁目,京成タウンバス（株）,金02
高州2丁目,マイスカイ交通（株）,"M-01-3・M-01-4（三郷駅南口〜三郷市役所〜三郷中央駅〜みさと公園前〜金町駅南口）, M-10（三郷中央駅〜みさと公園前〜金町駅南口）"
東所沢駅入口,西武バス（株）,"所52, 所52-1, 所59, 所53-1, 所55, 【所55】深夜"
東領家四丁目,国際興業（株）,川15/15-2/15-3
領家二丁目,国際興業（株）,川21/21-2/21-3/21-4
南矢荻,西武バス（株）,"小手03, 小手06, 小手07, 小手09-1, 小手09"
南矢荻,入間市,てぃーワゴン　宮寺コース
領家第九公園入口,国際興業（株）,川21/21-2/21-3/21-4
図書館入口,西武バス（株）,朝81
図書館入口,朝霞市,膝折・溝沼線
市民医療センター入口,西武バス（株）,"所56, 所57, 所58-1, 大34, 所61, 【所61】深夜"
吹上新道,国際興業（株）,"増14, 増19, 高01/01-2"
領家花野井,川口市,南平線
領家花野井,国際興業（株）,川02/02-2
宮後,西武バス（株）,"小手01, 【小手01】深夜, 小手08"
仙元橋,国際興業（株）,川21/21-2/21-3/21-4
野火止ふれあい公園前,新座市,東コース
下新倉,国際興業（株）,"増14, 増19, 高01/01-2"
領家四丁目,国際興業（株）,川21/21-2/21-3/21-4
大六天北,西武バス（株）,"小手06, 小手07, 小手08, 小手06-1"
楢の下,東武バスウエスト（株）,増07
門樋下,国際興業（株）,"赤23/23-3, 川21/21-2/21-3/21-4"
安松中学校入口,西武バス（株）,"所52, 所52-1, 所59, 所53-1, 所55, 【所55】深夜"
宮寺,西武バス（株）,"小手03, 小手06, 小手07, 小手09-1, 小手09"
JA宮寺支店,西武バス（株）,"小手03, 小手06, 小手07, 小手09-1, 小手09"
稲荷神社前,東武バスセントラル（株）,金54
宮寺西,西武バス（株）,"小手03, 小手06, 小手07, 小手09-1, 小手09"
榎木ガード,西武バス（株）,"ひばり71, 【ひばり71】深夜, 【朝23】深夜, 朝23"
下新田,東武バスセントラル（株）,金52
菅沢中央,西武バス（株）,"深夜, 清61, 清62, 志33, 清61-1, 清63-1"
上新井,所沢市,"南路線吾妻循環, 南路線山口循環"
領家,国際興業（株）,"赤23/23-3, 川21/21-2/21-3/21-4"
北原小学校入口,東武バスウエスト（株）,中央コース
和田安松,西武バス（株）,"所52, 所52-1, 所59, 所53-1, 所55, 【所55】深夜"
漆台,東武バスウエスト（株）,"増09, 和03"
緑ヶ丘,西武バス（株）,"泉32, 朝83, 朝82, 朝82-1"
緑ヶ丘,国際興業（株）,朝13
仙元橋,国際興業（株）,"赤23/23-3, 川21/21-2/21-3/21-4"
東町（所沢市）,西武バス（株）,所20-1
下安松,西武バス（株）,"所52, 所52-1, 所59, 所53-1, 所55, 【所55】深夜"
宮寺小学校,入間市,てぃーワゴン　宮寺コース
旭町,所沢市,"南路線吾妻循環, 南路線山口循環"
市民医療センター,所沢市,"東路線松井循環, 南路線山口循環"
陣屋（新座市）,西武バス（株）,"久留22, 久留23, ひばり73, 泉30-1, 志34, 朝22, 新座01, 朝24-1"
宮寺375番地内,入間市,てぃーワゴン　宮寺コース
所沢まちづくりセンター,所沢市,"南路線吾妻循環, 南路線山口循環"
金山町五丁目,所沢市,"南路線吾妻循環, 南路線山口循環"
白子三丁目東,東武バスウエスト（株）,"増07, 増09, 中央コース"
膝折坂下,朝霞市,膝折・溝沼線
膝折坂下,国際興業（株）,朝13
保健センター,所沢市,"東路線松井循環, 南路線吾妻循環, 南路線山口循環"
梛木の橋,国際興業（株）,"赤23/23-3, 川21/21-2/21-3/21-4"
銀座二丁目,所沢市,南路線吾妻循環
JA三ヶ島支店北,所沢市,三ヶ島地区　林・糀谷ルート
金山町二丁目,所沢市,"南路線吾妻循環, 南路線山口循環"
新倉ロータリー,東武バスウエスト（株）,北コース
銀座三丁目,所沢市,南路線吾妻循環
糀谷,西武バス（株）,"小手03, 小手06, 小手07, 小手09-1, 小手09"
東町,所沢市,"南路線吾妻循環, 南路線山口循環"
新倉ロータリー,東武バスウエスト（株）,北コース
吹上,国際興業（株）,"増14, 増19, 高01/01-2"
安松,西武バス（株）,"清66, 所52, 所52-1, 所59, 所53-1, 所55, 【所55】深夜"
東本村,東武バスウエスト（株）,増07
和田東,所沢市,東路線松井循環
大六天,西武バス（株）,"小手06, 小手07, 小手08, 小手06-1"
大六天,所沢市,"南路線吾妻循環, 南路線山口循環"
東中学校入口,西武バス（株）,"清66, 所52, 所52-1, 所59, 所53-1, 所55, 【所55】深夜"
エクレール前,新座市,東コース
所沢陸橋北,西武バス（株）,"所56, 所57, 所58-1, 大34, 所61, 【所61】深夜"
六所神社入口,所沢市,"南路線吾妻循環, 南路線山口循環"
太子堂入口,西武バス（株）,小手03
太子堂入口,入間市,てぃーワゴン　宮寺コース
西所沢駅入口,所沢市,"南路線吾妻循環, 南路線山口循環"
第八小学校,朝霞市,膝折・溝沼線
小手指中学校前,西武バス（株）,"小手06, 小手07, 小手08, 小手06-1"
あたご橋（新座市）,西武バス（株）,"清61, 清61-1"
栄町保育園入口,朝霞市,膝折・溝沼線
上安松,西武バス（株）,"清66, 所52, 所52-1, 所59, 所53-1, 所55, 【所55】深夜"
吹上観音下,東武バスウエスト（株）,"増07, 増09, 中央コース"
領家小学校西入口,国際興業（株）,川21/21-2/21-3/21-4
小手指小学校前,西武バス（株）,"小手06, 小手07, 小手08, 小手06-1"
下片山,西武バス（株）,"ひばり71, 【ひばり71】深夜, 【朝23】深夜, 朝23"
宮寺425番地内,入間市,てぃーワゴン　宮寺コース
愛宕山,西武バス（株）,清66
あたご第二児童遊園,新座市,西コース
JA三ヶ島支店,西武バス（株）,"小手03, 小手06, 小手07, 小手09-1, 小手09"
領家工場街,国際興業（株）,"赤23/23-3, 川21/21-2/21-3/21-4"
和田南会館,所沢市,東路線松井循環
高州地区体育館入口,京成タウンバス（株）,金02
高州地区体育館入口,マイスカイ交通（株）,"M-01-3・M-01-4（三郷駅南口〜三郷市役所〜三郷中央駅〜みさと公園前〜金町駅南口）, M-10（三郷中央駅〜みさと公園前〜金町駅南口）"
市営住宅前（所沢市）,西武バス（株）,"清66, 所52, 所52-1, 所59, 所53-1, 所55, 【所55】深夜"
市営住宅前,所沢市,東路線松井循環
高州一丁目南,東武バスセントラル（株）,金54
堀之内西,所沢市,三ヶ島地区　林・糀谷ルート
北野（所沢市）,西武バス（株）,"小手06, 小手07, 小手08, 小手06-1"
小手指南,所沢市,"南路線吾妻循環, 南路線山口循環"
松井,西武バス（株）,"清66, 所52, 所52-1, 所59, 所53-1, 所55, 【所55】深夜"
北野総合運動場前,西武バス（株）,"小手02, 小手09-1, 小手09"
西武秋津団地,西武バス（株）,"清66, 所52, 所52-1, 所59, 所53-1, 所55, 【所55】深夜"
西武秋津団地,所沢市,東路線松井循環
小ヶ谷戸老人憩いの家,入間市,てぃーワゴン　宮寺コース
大日堂,西武バス（株）,"小手02, 小手06, 小手07, 小手09-1, 小手09"
堀之内,西武バス（株）,"小手03, 小手06, 小手07, 小手09-1, 小手09"
堀之内,所沢市,三ヶ島地区　林・糀谷ルート
領家三丁目,国際興業（株）,川21/21-2/21-3/21-4
幸町三丁目交差点,朝霞市,膝折・溝沼線
幸町三丁目交差点,国際興業（株）,朝13
芸術総合高校,西武バス（株）,"小手02, 小手06, 小手07, 小手09-1, 小手09"
久兵衛,東武バスセントラル（株）,金52
台（所沢市）,西武バス（株）,"小手03, 小手06, 小手07, 小手09-1, 小手09"
幸町三丁目交差点（朝霞市）,西武バス（株）,"泉32, 朝83, 朝82, 朝82-1"
狭山湖口,西武バス（株）,"小手02, 小手06, 小手07, 小手09-1, 小手09"
グリーンコート入口,入間市,てぃーワゴン　宮寺コース
高州交番前,東武バスセントラル（株）,金50
稲荷神社下,東武バスウエスト（株）,"増07, 増09, 中央コース"
下新倉氷川神社,東武バスウエスト（株）,中央コース
旧南中野公会堂,入間市,てぃーワゴン　宮寺コース
日吉町,西武バス（株）,所20-1
日吉町,所沢市,"南路線吾妻循環, 南路線山口循環"
大日堂南,所沢市,三ヶ島地区　若狭・三ヶ島ルート
和田西,所沢市,東路線松井循環
内手,西武バス（株）,"小手06, 小手07, 小手06-1"
北野天神前,西武バス（株）,"小手01, 【小手01】深夜, 小手06, 小手07, 小手08, 小手06-1"
榎木橋,国際興業（株）,"赤23/23-3, 川21/21-2/21-3/21-4"
柳瀬川,西武バス（株）,清66
谷中,東武バスウエスト（株）,中央コース
白子吹上コミセン,東武バスウエスト（株）,中央コース
上の原,西武バス（株）,"泉32, 朝83, 朝82, 朝82-1"
上の原,朝霞市,膝折・溝沼線
第四中学校入口,西武バス（株）,朝81
和光市駅北口,東武バスウエスト（株）,"増09, 和03, 和14"
中新田通り,東武バスウエスト（株）,中央コース
山王橋際,国際興業（株）,"赤23/23-3, 川21/21-2/21-3/21-4"
高州東小学校入口,東武バスセントラル（株）,"金50, 金54"
新電元工業,西武バス（株）,"朝30, 朝31"
平林寺,西武バス（株）,"久留22, 久留23, ひばり73, 泉30-1, 志34, 朝22, 新座01, 朝24-1"
平林寺,新座市,"西コース, 東コース"
菅沢,西武バス（株）,"清61, 清61-1"
新電元工業前,西武バス（株）,朝31
栄町五丁目,西武バス（株）,朝81
栄町五丁目,朝霞市,膝折・溝沼線
高州地区文化センター入口,京成タウンバス（株）,金02
高州地区文化センター入口,マイスカイ交通（株）,"M-01-3・M-01-4（三郷駅南口〜三郷市役所〜三郷中央駅〜みさと公園前〜金町駅南口）, M-10（三郷中央駅〜みさと公園前〜金町駅南口）"
畑中ふれあい遊園,新座市,東コース
桜田,所沢市,"南路線吾妻循環, 南路線山口循環"
和光市駅南口,西武バス（株）,"泉39, 泉39-1, 和40"
和光市駅南口,東武バスウエスト（株）,"和01, 和06・和08・和09, 和13, 北コース, 中央コース, 南コース"
東福寺前,西武バス（株）,"ひばり71, 【ひばり71】深夜, 【朝23】深夜, 朝23"
芸術総合高校前,所沢市,三ヶ島地区　若狭・三ヶ島ルート
篠山公園,所沢市,東路線松井循環
しらこ保育園,東武バスウエスト（株）,"増07, 増09"
図書館,東武バスウエスト（株）,和13
茨原前,西武バス（株）,"清66, 所52, 所52-1, 所59, 所53-1, 所55, 【所55】深夜, 所56, 所57, 所58-1, 大34, 所61, 【所61】深夜"
栄町三丁目,朝霞市,膝折・溝沼線
早稲田大学,西武バス（株）,小手02
宮本,東武バスウエスト（株）,増07
台（新座市）,西武バス（株）,"深夜, 志33, 清61-1, 清63-1"
栄町市民センター入口,朝霞市,膝折・溝沼線
総合運動公園,新座市,西コース
図書館前,東武バスウエスト（株）,"北コース, 南コース"
城山,東武バスウエスト（株）,中央コース
所沢駅東口,西武バス（株）,"清66, 所52, 所52-1, 所59, 所53-1, 所55, 【所55】深夜, 所56, 所57, 所46, 久11-1, 【久11-1】深夜, 所58-1, 大34, 所61, 【所61】深夜"
南大通り【朝霞警察署】,西武バス（株）,"泉32, 朝83, 朝82, 朝82-1, 朝81"
藤ノ木橋,東武バスウエスト（株）,中央コース
南市場,東武バスウエスト（株）,"増07, 増09, 中央コース"
所沢駅西口,西武バス（株）,"所20-1, 所18-1, 所18"
所沢駅西口,所沢市,"南路線吾妻循環, 南路線山口循環"
所沢駅東口通り,西武バス（株）,"清66, 所52, 所52-1, 所59, 所53-1, 所55, 【所55】深夜, 所56, 所57, 所46, 久11-1, 【久11-1】深夜, 所58-1, 大34, 所61, 【所61】深夜"
高須大入,東武バスセントラル（株）,"金50, 金52, 金54"
本町小学校,東武バスウエスト（株）,"和13, 中央コース"
和光郵便局,東武バスウエスト（株）,"和01, 和06・和08・和09, 中央コース, 南コース"
高峰,西武バス（株）,"小手01, 【小手01】深夜"
下河原,所沢市,東路線松井循環
大和橋,東武バスウエスト（株）,中央コース
市民総合体育館,新座市,西コース
香取神社前,京成タウンバス（株）,金02
香取神社前,マイスカイ交通（株）,"M-01-3・M-01-4（三郷駅南口〜三郷市役所〜三郷中央駅〜みさと公園前〜金町駅南口）, M-10（三郷中央駅〜みさと公園前〜金町駅南口）"
西武グリーンヒル（所沢市）,西武バス（株）,清66
畑中二丁目,西武バス（株）,"ひばり71, 【ひばり71】深夜, 【朝23】深夜, 朝23"
三ケ島一丁目,所沢市,三ヶ島地区　若狭・三ヶ島ルート
丸山台,西武バス（株）,"泉39, 和40"
自衛隊朝霞門,東武バスウエスト（株）,和13
市場,東武バスウエスト（株）,"増07, 増09"
下安松通り,所沢市,東路線松井循環
稲荷,所沢市,東路線松井循環
高州四丁目,東武バスセントラル（株）,"金50, 金52, 金54"
瑞岩寺前,所沢市,南路線山口循環
大和中学校,東武バスウエスト（株）,中央コース
春の台公園,所沢市,南路線山口循環
椿峰ニュータウン,西武バス（株）,"小手01, 【小手01】深夜"
椿峰ニュータウン,所沢市,南路線山口循環
中央公民館入口,東武バスウエスト（株）,"和01, 和06・和08・和09"
山口まちづくりセンター,所沢市,"南路線吾妻循環, 南路線山口循環"
新座総合体育館入口,西武バス（株）,"深夜, 【ひばり77】深夜, 【朝23】深夜, 久留22, 久留23, 志33, 志34, 泉30-2, ひばり77, 朝23, 朝22, 清61-1, 清63-1, 新座01, 朝82-1, 朝24-1"
北秋津小学校入口,西武バス（株）,"所46, 久11-1, 【久11-1】深夜"
新座中学校,西武バス（株）,"久留22, 久留23, ひばり73, 泉30-1, 志34, 朝22, 新座01, 朝24-1"
新座中学校,新座市,"西コース, 東コース"
和光市駅入口,西武バス（株）,泉39-1
原ヶ谷戸,西武バス（株）,"ひばり71, 【ひばり71】深夜, 【朝23】深夜, 朝23"
原ヶ谷戸,新座市,東コース
中央公民館,東武バスウエスト（株）,中央コース
東住吉,西武バス（株）,"所18-1, 所18"
東住吉,所沢市,"南路線吾妻循環, 南路線山口循環"
高州3丁目東,京成タウンバス（株）,金02
高州3丁目東,マイスカイ交通（株）,"M-01-3・M-01-4（三郷駅南口〜三郷市役所〜三郷中央駅〜みさと公園前〜金町駅南口）, M-10（三郷中央駅〜みさと公園前〜金町駅南口）"
みさと公園前,京成タウンバス（株）,金02
みさと公園前,マイスカイ交通（株）,"M-01-3・M-01-4（三郷駅南口〜三郷市役所〜三郷中央駅〜みさと公園前〜金町駅南口）, M-10（三郷中央駅〜みさと公園前〜金町駅南口）"
白子小学校入口,東武バスウエスト（株）,中央コース
新座営業所,西武バス（株）,"深夜, 【ひばり77】深夜, 【朝23】深夜, 久留22, 久留23, 【久留21-1】深夜, 志33, 志34, 泉30-2, ひばり77, 朝23, 朝22, 久留21-1, 清61-1, 清63-1, 新座01, 朝82-1, 朝24-1"
七曲り,所沢市,東路線松井循環
殖産住宅入口,所沢市,東路線松井循環
東金町天王橋,京成タウンバス（株）,金02
東金町天王橋,マイスカイ交通（株）,"M-01-3・M-01-4（三郷駅南口〜三郷市役所〜三郷中央駅〜みさと公園前〜金町駅南口）, M-10（三郷中央駅〜みさと公園前〜金町駅南口）"
中央公園,西武バス（株）,"小手01, 【小手01】深夜"
中央公園,所沢市,南路線山口循環
永源寺,所沢市,南路線山口循環
大和中学校入口,東武バスウエスト（株）,中央コース
高州3丁目西,京成タウンバス（株）,金02
高州3丁目西,マイスカイ交通（株）,"M-01-3・M-01-4（三郷駅南口〜三郷市役所〜三郷中央駅〜みさと公園前〜金町駅南口）, M-10（三郷中央駅〜みさと公園前〜金町駅南口）"
北秋津,西武バス（株）,"所46, 久11-1, 【久11-1】深夜"
蓮光寺前,西武バス（株）,"ひばり71, 【ひばり71】深夜, 【朝23】深夜, 朝23"
松戸橋,所沢市,東路線松井循環
西屋敷,西武バス（株）,"久留22, 久留23, 【久留21-1】深夜, 久留21-1"
椿峰ニュータウン入口,西武バス（株）,"小手01, 【小手01】深夜"
仏蔵院前,所沢市,南路線山口循環
白子宿地域センター,東武バスウエスト（株）,中央コース
本多一丁目,西武バス（株）,"【ひばり77】深夜, 【朝23】深夜, 久留22, 久留23, ひばり73, 泉30-1, 志34, 泉30-2, ひばり77, 朝23, 朝22, 新座01, 朝82-1, 朝24-1"
じゅうにん坂,所沢市,"南路線吾妻循環, 南路線山口循環"
図書館前,西武バス（株）,"小手01, 【小手01】深夜"
図書館前,所沢市,南路線山口循環
椿峰中央,西武バス（株）,"小手01, 【小手01】深夜"
椿峰中央,所沢市,南路線山口循環
椿峰小学校入口,西武バス（株）,"小手01, 【小手01】深夜"
椿峰小学校入口,所沢市,南路線山口循環
白子コミセン,東武バスウエスト（株）,中央コース
和光市役所,東武バスウエスト（株）,"北コース, 中央コース, 南コース"
和光市役所入口,東武バスウエスト（株）,"和01, 和06・和08・和09"
新座市児童センター,西武バス（株）,"【ひばり77】深夜, 【朝23】深夜, ひばり73, 泉30-1, 泉30-2, ひばり77, 朝23, 朝82-1"
児童センター,新座市,東コース
北久米,所沢市,"南路線吾妻循環, 南路線山口循環"
南陵中学校下,所沢市,"南路線吾妻循環, 南路線山口循環"
広沢,西武バス（株）,"泉39, 泉39-1, 和40"
下山口駅入口,所沢市,"南路線吾妻循環, 南路線山口循環"
吾妻,西武バス（株）,"所18-1, 所18"
吾妻,所沢市,"南路線吾妻循環, 南路線山口循環"
団地センター前,東武バスウエスト（株）,"和01, 和06・和08・和09, 南コース"
新東埼橋,東武バスウエスト（株）,"増32, 和06・和08・和09"
荒幡,所沢市,南路線吾妻循環
吾妻まちづくりセンター,所沢市,"南路線吾妻循環, 南路線山口循環"
日月神社,西武バス（株）,"所46, 久11-1, 【久11-1】深夜"
吾妻橋,所沢市,"南路線吾妻循環, 南路線山口循環"
秋津駅北口,清瀬市,"清瀬駅北口発清瀬駅南口行（緑蔭通り経由）, 清瀬駅北口発清瀬駅南口行（志木街道経由）, 清瀬駅南口発清瀬駅北口行（緑蔭通り経由）, 清瀬駅南口発清瀬駅北口行（志木街道経由）"
勢揃橋北,所沢市,"南路線吾妻循環, 南路線山口循環"
西大和団地,東武バスウエスト（株）,"和01, 和06・和08・和09, 南コース"
新座市営墓園,新座市,東コース
消防白子分署,東武バスウエスト（株）,南コース
新道坂上,西武バス（株）,"泉34, 泉33, 【泉33】深夜"
新道坂上,東武バスウエスト（株）,"増32, 和06・和08・和09"
山口城跡,所沢市,"南路線吾妻循環, 南路線山口循環"
栄公民館前,新座市,東コース
栄公民館前【福祉の里】,西武バス（株）,"吉61-1, 吉61-3, 朝82, 泉31-1, 朝82-1, 朝81"
久米境,西武バス（株）,"所18-1, 所18"
久米境,所沢市,"南路線吾妻循環, 南路線山口循環"
埼玉病院入口,西武バス（株）,"泉34, 泉33, 【泉33】深夜"
埼玉病院入口,東武バスウエスト（株）,"増32, 和06・和08・和09"
新座高校,西武バス（株）,"ひばり71, 【ひばり71】深夜, 【朝23】深夜, 朝23"
新座高校,新座市,東コース
史跡公園,西武バス（株）,"久留22, 久留23, 【久留21-1】深夜, 久留21-1"
高橋,所沢市,南路線山口循環
堀口,所沢市,南路線山口循環
新座栄,西武バス（株）,"吉61-1, 吉61-3, 朝82, 泉31-1, 朝82-1, 朝81"
中氷川神社,所沢市,南路線山口循環
第四小学校入口,西武バス（株）,朝82-1
新座総合技術高校,西武バス（株）,"荻15, 泉32, 朝83, 朝82, 朝82-1, 朝81"
西大和団地南,西武バス（株）,"泉39, 泉39-1, 和40"
勢揃橋,西武バス（株）,"所18-1, 所18"
福祉センター入口,西武バス（株）,"【ひばり77】深夜, 【朝23】深夜, ひばり73, 泉30-1, 泉30, 泉30-2, ひばり77, 朝23, 朝82-1"
静風荘病院前,新座市,東コース
和光市総合体育館,東武バスウエスト（株）,"和01, 和06・和08・和09"
和光陸橋,東武バスウエスト（株）,南コース
都民農園セコニック,西武バス（株）,"吉61, 泉35-6, 吉61-1, 吉61-3, 深夜, 荻15, 泉32, 朝83, 泉31, 泉31-1"
埼玉病院,東武バスウエスト（株）,"増32, 和06・和08・和09, 中央コース, 南コース"
山口民俗資料館,所沢市,南路線吾妻循環
諏訪原住宅,西武バス（株）,"泉34, 泉33, 【泉33】深夜"
諏訪原住宅,東武バスウエスト（株）,"増32, 和06・和08・和09"
諏訪原団地,東武バスウエスト（株）,南コース
税務大学校和光校舎,西武バス（株）,"泉39, 泉39-1, 和40"
税務大学校,東武バスウエスト（株）,和01
西堀,西武バス（株）,"久留22, 久留23, 【久留21-1】深夜, 久留21-1"
西堀,新座市,西コース
光蔵寺,所沢市,南路線吾妻循環
悲田処跡,西武バス（株）,"所18-1, 所18"
税務大学校,東武バスウエスト（株）,和01
川辺公園,所沢市,南路線山口循環
栄三条通り東,新座市,東コース
水天宮下,西武バス（株）,"所18-1, 所18"
税務大学正門,東武バスウエスト（株）,和06・和08・和09
上山口,所沢市,南路線山口循環
栄三条通り西,新座市,東コース
天沼マーケット前,西武バス（株）,"吉61, 泉35-6, 吉61-1, 吉61-3, 深夜, 荻15, 泉32, 泉31, 泉31-1"
諏訪原,東武バスウエスト（株）,増32
裁判所職員総合研修所,東武バスウエスト（株）,和06・和08・和09
南公民館,東武バスウエスト（株）,"和06・和08・和09, 南コース"
樹林公園,東武バスウエスト（株）,和01
将軍塚,西武バス（株）,"所18-1, 所18"
樹林公園,西武バス（株）,"泉39, 泉39-1, 和40"
樹林公園,東武バスウエスト（株）,和01
西堀小学校,西武バス（株）,久留24
石神小学校,新座市,西コース
老人福祉センター,新座市,"西コース, 東コース"
堀の内橋,西武バス（株）,"【ひばり77】深夜, 【朝23】深夜, ひばり73, 泉30-1, 泉30, 泉30-2, ひばり77, 朝23, 朝82-1"
池田二丁目,西武バス（株）,"ひばり71, 【ひばり71】深夜, 【朝23】深夜, 朝23, 朝82-1"
栄五条通り入口,新座市,東コース
松が丘中央,西武バス（株）,"所18-1, 所18"
団地西口,西武バス（株）,"泉34, 泉33, 【泉33】深夜"
団地西口,東武バスウエスト（株）,増32
栄六条通り東,新座市,東コース
牛房コミセン,東武バスウエスト（株）,南コース
栄六条通り西,新座市,東コース
新座病院前,新座市,西コース
司法研修所,東武バスウエスト（株）,和01
峰の下,西武バス（株）,"所18-1, 所18"
司法研修所入口,東武バスウエスト（株）,和01
司法研修所,西武バス（株）,"泉39, 泉39-1, 和40"
第三中学校,東武バスウエスト（株）,南コース
第五小学校入口,東武バスウエスト（株）,南コース
和光市南,西武バス（株）,"泉34, 泉33, 【泉33】深夜"
南大和,西武バス（株）,"泉34, 泉33, 【泉33】深夜"
南大和,東武バスウエスト（株）,増32
越後山,西武バス（株）,"泉34, 泉33, 【泉33】深夜"
南大和団地,東武バスウエスト（株）,南コース
牛房,西武バス（株）,"練42, 練40, 吉60, 石11, 増72"
牛房,国際興業（株）・西武バス（株）,石02・増16/16-2
あけぼの住宅前,西武バス（株）,"ひばり71, 【ひばり71】深夜, 【朝23】深夜, 朝23, 朝82-1"
池田小入口,新座市,東コース
嵯峨山,新座市,西コース
西堀南,西武バス（株）,久留24
西堀南,新座市,西コース
越後山,東武バスウエスト（株）,南コース
越後山橋入口,東武バスウエスト（株）,南コース
南一丁目,東武バスウエスト（株）,"和01, 南コース"
南一丁目,西武バス（株）,"泉39, 泉39-1, 和40"
二軒新田,東武バスウエスト（株）,"和01, 南コース"
南大谷公園,西武バス（株）,"所18-1, 所18"
西堀・新堀コミュニティセンター,新座市,西コース
白子牛房,東武バスウエスト（株）,南コース
並木レジャー農園,新座市,東コース
堀ノ内病院前,新座市,"西コース, 東コース"
松が丘西,西武バス（株）,"所18-1, 所18"
片山小学校,西武バス（株）,"ひばり71, 【ひばり71】深夜, 【ひばり77】深夜, 【朝23】深夜, ひばり73, 泉30-1, 泉30, 泉30-2, ひばり77, 朝23, 朝82-1"
清瀬駅入口,新座市,西コース
越後山南,東武バスウエスト（株）,南コース
大泉町三丁目,西武バス（株）,"和40, 泉39-3"
大泉町三丁目,練馬区,保谷ルート
小山入口,西武バス（株）,久留24
小山入口,新座市,西コース
競輪場入口,西武バス（株）,"所18-1, 所18"
競輪場入口,所沢市,南路線吾妻循環
西武園ゆうえんち駅,所沢市,南路線吾妻循環
白子向山,西武バス（株）,"練42, 練40, 吉60, 石11, 増72"
白子向山,国際興業（株）・西武バス（株）,石02・増16/16-2
清瀬駅南,新座市,西コース
中沢,西武バス（株）,"泉30-1, 泉30, 泉30-2"
新堀二丁目,新座市,西コース
向山地域センター入口,東武バスウエスト（株）,南コース
道場,西武バス（株）,"ひばり71, 【ひばり71】深夜, 【ひばり77】深夜, ひばり73, ひばり77"
新堀淵,新座市,西コース
白子折返場,西武バス（株）,増72
八軒,新座市,西コース
土支田交番,西武バス（株）,"練42, 練40, 吉60, 石11"
土支田交番,国際興業（株）・西武バス（株）,石02・増16/16-2
前原,新座市,東コース
貝沼,西武バス（株）,"ひばり71, 【ひばり71】深夜, 【ひばり77】深夜, ひばり73, ひばり77"
貝沼,新座市,東コース
旭町南,国際興業（株）・西武バス（株）,光202　土支田循環
旭町南,練馬区,保谷ルート
片山二丁目,西武バス（株）,"泉30-1, 泉30, 泉30-2"
庚申塚前,新座市,東コース
火の見下,西武バス（株）,"ひばり71, 【ひばり71】深夜, 【ひばり77】深夜, ひばり73, ひばり77"
火の見下,新座市,東コース
第五中学校前,新座市,東コース
栗原,西武バス（株）,"ひばり71, 【ひばり71】深夜, 【ひばり77】深夜, ひばり73, ひばり77"
栗原公民館前,新座市,東コース
別れ道,西武バス（株）,"ひばり71, 【ひばり71】深夜, 【ひばり77】深夜, ひばり73, ひばり77"
新座栗原郵便局,西武バス（株）,"ひばり71, 【ひばり71】深夜, 【ひばり77】深夜, ひばり73, ひばり77"
栗原ふれあいの家,新座市,東コース
栗原五丁目,西武バス（株）,"ひばり71, 【ひばり71】深夜, 【ひばり77】深夜, ひばり73, ひばり77"
ひばりヶ丘駅入口,新座市,東コース
