停留所名,事業者名,バス系統
経ヶ岬,丹後海陸交通（株）,"9　蒲入線, 44・46　海岸線, 47　丹後峰山線"
トンネル東口,丹後海陸交通（株）,9　蒲入線
カマヤ,丹後海陸交通（株）,9　蒲入線
穴文殊,丹後海陸交通（株）,"44・46　海岸線, 47　丹後峰山線"
カマヤ海岸,丹後海陸交通（株）,9　蒲入線
袖志,丹後海陸交通（株）,"44・46　海岸線, 47　丹後峰山線"
尾和,丹後海陸交通（株）,"44・46　海岸線, 47　丹後峰山線"
中浜海ノ家前,丹後海陸交通（株）,"44・46　海岸線, 47　丹後峰山線"
中浜,丹後海陸交通（株）,"44・46　海岸線, 47　丹後峰山線"
久僧,丹後海陸交通（株）,"44・46　海岸線, 47　丹後峰山線"
顎越,丹後海陸交通（株）,9　蒲入線
高田橋,丹後海陸交通（株）,"44・46　海岸線, 47　丹後峰山線"
宇川温泉よし野の里,丹後海陸交通（株）,"44・46　海岸線, 47　丹後峰山線"
蒲入,丹後海陸交通（株）,"7　蒲入線, 8　蒲入線, 9　蒲入線"
宇川小学校,丹後海陸交通（株）,"44・46　海岸線, 47　丹後峰山線"
上野,丹後海陸交通（株）,"44・46　海岸線, 47　丹後峰山線"
蒲入口,丹後海陸交通（株）,"7　蒲入線, 8　蒲入線, 9　蒲入線"
此代,丹後海陸交通（株）,"44・46　海岸線, 47　丹後峰山線"
平,丹後海陸交通（株）,"44・46　海岸線, 47　丹後峰山線"
長延,丹後海陸交通（株）,8　蒲入線
筆石,丹後海陸交通（株）,"44・46　海岸線, 47　丹後峰山線"
屏風岩,丹後海陸交通（株）,"44・46　海岸線, 47　丹後峰山線"
竹野,丹後海陸交通（株）,"44・46　海岸線, 47　丹後峰山線"
間人診療所前,丹後海陸交通（株）,"44・46　海岸線, 47　丹後峰山線, 51・55　間人循環線, 52・56　間人循環線"
丹後庁舎前,丹後海陸交通（株）,"44・46　海岸線, 47　丹後峰山線, 51・55　間人循環線, 52・56　間人循環線"
長延口,丹後海陸交通（株）,8　蒲入線
後,丹後海陸交通（株）,"44・46　海岸線, 47　丹後峰山線, 51・55　間人循環線, 52・56　間人循環線"
てんきてんき村,丹後海陸交通（株）,"44・46　海岸線, 47　丹後峰山線"
間人,丹後海陸交通（株）,"44・46　海岸線, 47　丹後峰山線, 51・55　間人循環線, 52・56　間人循環線"
丹後地域公民館前,丹後海陸交通（株）,"44・46　海岸線, 47　丹後峰山線, 51・55　間人循環線, 52・56　間人循環線"
間人岡成,丹後海陸交通（株）,"44・46　海岸線, 47　丹後峰山線, 51・55　間人循環線, 52・56　間人循環線"
間人向地,丹後海陸交通（株）,"44・46　海岸線, 47　丹後峰山線, 51・55　間人循環線, 52・56　間人循環線"
間人古間西,丹後海陸交通（株）,"44・46　海岸線, 47　丹後峰山線, 51・55　間人循環線, 52・56　間人循環線"
間人分校,丹後海陸交通（株）,"51・55　間人循環線, 52・56　間人循環線"
長浜,丹後海陸交通（株）,"44・46　海岸線, 47　丹後峰山線, 51・55　間人循環線, 52・56　間人循環線"
浦嶋神社前,丹後海陸交通（株）,"7　蒲入線, 8　蒲入線, 9　蒲入線"
丹後中学校,丹後海陸交通（株）,"47　丹後峰山線, 51・55　間人循環線, 52・56　間人循環線"
本庄小学校,丹後海陸交通（株）,"7　蒲入線, 8　蒲入線, 9　蒲入線"
平井,丹後海陸交通（株）,"47　丹後峰山線, 51・55　間人循環線, 52・56　間人循環線"
今田,丹後海陸交通（株）,"7　蒲入線, 8　蒲入線, 9　蒲入線"
大山工業団地前,丹後海陸交通（株）,"47　丹後峰山線, 51・55　間人循環線, 52・56　間人循環線"
JA伊根支店前,丹後海陸交通（株）,"7　蒲入線, 8　蒲入線, 9　蒲入線"
砂方,丹後海陸交通（株）,"44・46　海岸線, 51・55　間人循環線, 52・56　間人循環線"
本庄上,丹後海陸交通（株）,"7　蒲入線, 8　蒲入線, 9　蒲入線"
大下,丹後海陸交通（株）,"47　丹後峰山線, 51・55　間人循環線, 52・56　間人循環線"
三宅,丹後海陸交通（株）,"47　丹後峰山線, 51・55　間人循環線, 52・56　間人循環線"
清水,丹後海陸交通（株）,"47　丹後峰山線, 51・55　間人循環線, 52・56　間人循環線"
三津,丹後海陸交通（株）,"44・46　海岸線, 51・55　間人循環線, 52・56　間人循環線"
峠,丹後海陸交通（株）,"7　蒲入線, 8　蒲入線, 9　蒲入線"
成願寺,丹後海陸交通（株）,"47　丹後峰山線, 51・55　間人循環線, 52・56　間人循環線"
三津上,丹後海陸交通（株）,"44・46　海岸線, 51・55　間人循環線, 52・56　間人循環線"
遊,丹後海陸交通（株）,"44・46　海岸線, 51・55　間人循環線, 52・56　間人循環線"
六万部,丹後海陸交通（株）,"7　蒲入線, 8　蒲入線, 9　蒲入線"
長寿苑,丹後海陸交通（株）,"7　蒲入線, 8　蒲入線, 9　蒲入線"
岩鼻,丹後海陸交通（株）,"47　丹後峰山線, 51・55　間人循環線, 52・56　間人循環線"
遊口,丹後海陸交通（株）,"44・46　海岸線, 51・55　間人循環線, 52・56　間人循環線"
琴引浜,丹後海陸交通（株）,"44・46　海岸線, 51・55　間人循環線, 52・56　間人循環線"
井室,丹後海陸交通（株）,"7　蒲入線, 8　蒲入線, 9　蒲入線"
小田,丹後海陸交通（株）,"47　丹後峰山線, 51・55　間人循環線, 52・56　間人循環線"
丹後ふるさと病院前,丹後海陸交通（株）,"44・46　海岸線, 52・56　間人循環線"
中津,京丹後市,弥栄延利線：溝谷〜須川〜溝谷
中山,京丹後市,弥栄延利線：溝谷〜須川〜溝谷
小浜,丹後海陸交通（株）,"44・46　海岸線, 52・56　間人循環線"
日吉橋,丹後海陸交通（株）,弥栄網野砂丘線
八丁浜シーサイドパーク,丹後海陸交通（株）,弥栄網野砂丘線
網野北小学校前,丹後海陸交通（株）,弥栄網野砂丘線
八幡橋,丹後海陸交通（株）,弥栄網野砂丘線
八丁浜,丹後海陸交通（株）,弥栄網野砂丘線
浅茂川,丹後海陸交通（株）,弥栄網野砂丘線
国久口,丹後海陸交通（株）,"47　丹後峰山線, 51・55　間人循環線, 52・56　間人循環線"
丹後緑風高校網野学舎前,丹後海陸交通（株）,"44・46　海岸線, 52・56　間人循環線, 弥栄網野砂丘線"
浅茂川区民会館前,丹後海陸交通（株）,弥栄網野砂丘線
網野中学校前,丹後海陸交通（株）,"44・46　海岸線, 52・56　間人循環線, 弥栄網野砂丘線"
大原口,丹後海陸交通（株）,"7　蒲入線, 8　蒲入線, 9　蒲入線"
大原,丹後海陸交通（株）,"7　蒲入線, 8　蒲入線, 9　蒲入線"
野間基幹集落センター前,京丹後市,弥栄延利線：溝谷〜須川〜溝谷
野中［弥栄町］,京丹後市,弥栄延利線：溝谷〜須川〜溝谷
水之江,丹後海陸交通（株）,弥栄網野砂丘線
島津大谷,丹後海陸交通（株）,弥栄網野砂丘線
溝川,丹後海陸交通（株）,"51・55　間人循環線, 弥栄網野砂丘線"
福祉センター前,丹後海陸交通（株）,"51・55　間人循環線, 弥栄網野砂丘線"
島津口,丹後海陸交通（株）,"51・55　間人循環線, 弥栄網野砂丘線"
島津,丹後海陸交通（株）,"51・55　間人循環線, 弥栄網野砂丘線"
アミティ・網野庁舎前,丹後海陸交通（株）,弥栄網野砂丘線
井辺,京丹後市,弥栄延利線：溝谷〜須川〜溝谷
桃山,丹後海陸交通（株）,"51・55　間人循環線, 弥栄網野砂丘線"
網野本町,丹後海陸交通（株）,"44・46　海岸線, 51・55　間人循環線, 52・56　間人循環線, 弥栄網野砂丘線"
黒部,京丹後市,弥栄延利線：溝谷〜須川〜溝谷
黒部,丹後海陸交通（株）,"47　丹後峰山線, 51・55　間人循環線, 52・56　間人循環線"
須川,京丹後市,弥栄延利線：溝谷〜須川〜溝谷
網野,丹後海陸交通（株）,"44・46　海岸線, 51・55　間人循環線, 52・56　間人循環線, 弥栄網野砂丘線"
鳥取口,京丹後市,弥栄延利線：溝谷〜須川〜溝谷
道の駅舟屋の里伊根,丹後海陸交通（株）,"5　伊根線, 7　蒲入線, 8　蒲入線, 9　蒲入線"
伊根,丹後海陸交通（株）,"5　伊根線, 7　蒲入線, 8　蒲入線, 9　蒲入線"
鳥取,京丹後市,弥栄延利線：溝谷〜須川〜溝谷
鳥取,丹後海陸交通（株）,弥栄網野砂丘線
網野口,丹後海陸交通（株）,"44・46　海岸線, 51・55　間人循環線, 52・56　間人循環線, 弥栄網野砂丘線"
伊根漁協前,丹後海陸交通（株）,5　伊根線
伊根診療所,丹後海陸交通（株）,"5　伊根線, 7　蒲入線, 8　蒲入線, 9　蒲入線"
平田,丹後海陸交通（株）,"5　伊根線, 7　蒲入線, 8　蒲入線, 9　蒲入線"
丹後王国「食のみやこ」,丹後海陸交通（株）,弥栄網野砂丘線
日出小坪,丹後海陸交通（株）,"5　伊根線, 7　蒲入線, 8　蒲入線, 9　蒲入線"
清新高校前,丹後海陸交通（株）,"47　丹後峰山線, 51・55　間人循環線, 52・56　間人循環線, 弥栄網野砂丘線"
御陵,丹後海陸交通（株）,"44・46　海岸線, 51・55　間人循環線, 52・56　間人循環線, 弥栄網野砂丘線"
高梨,丹後海陸交通（株）,"5　伊根線, 7　蒲入線, 8　蒲入線, 9　蒲入線"
木橋,丹後海陸交通（株）,弥栄網野砂丘線
伊根郵便局前,丹後海陸交通（株）,5　伊根線
木橋口,京丹後市,弥栄延利線：溝谷〜須川〜溝谷
木橋公民館前,京丹後市,弥栄延利線：溝谷〜須川〜溝谷
伊根湾めぐり・日出,丹後海陸交通（株）,"5　伊根線, 7　蒲入線, 8　蒲入線, 9　蒲入線"
網野橋,丹後海陸交通（株）,"44・46　海岸線, 51・55　間人循環線, 52・56　間人循環線, 弥栄網野砂丘線"
デイサービスセンター,丹後海陸交通（株）,弥栄網野砂丘線
あしぎぬ温泉前,京丹後市,弥栄延利線：溝谷〜須川〜溝谷
弥栄あしぎぬ温泉,丹後海陸交通（株）,弥栄網野砂丘線
網野駅,丹後海陸交通（株）,"44・46　海岸線, 51・55　間人循環線, 52・56　間人循環線, 弥栄網野砂丘線"
溝谷住宅前,丹後海陸交通（株）,"47　丹後峰山線, 51・55　間人循環線, 52・56　間人循環線"
大島,丹後海陸交通（株）,"5　伊根線, 7　蒲入線, 8　蒲入線, 9　蒲入線"
浜詰,丹後海陸交通（株）,弥栄網野砂丘線
大島中,丹後海陸交通（株）,"5　伊根線, 7　蒲入線, 8　蒲入線, 9　蒲入線"
溝谷口,丹後海陸交通（株）,"47　丹後峰山線, 51・55　間人循環線, 52・56　間人循環線"
夕日公園前,丹後海陸交通（株）,弥栄網野砂丘線
八所,京丹後市,弥栄延利線：溝谷〜新宮〜溝谷
漁協前,丹後海陸交通（株）,"5　伊根線, 7　蒲入線, 8　蒲入線, 9　蒲入線"
新庄,丹後海陸交通（株）,弥栄網野砂丘線
高橋,丹後海陸交通（株）,"44・46　海岸線, 51・55　間人循環線, 52・56　間人循環線"
和田野,京丹後市,弥栄延利線：溝谷〜須川〜溝谷
和田野,丹後海陸交通（株）,弥栄網野砂丘線
機業センター前,京丹後市,弥栄延利線：溝谷〜須川〜溝谷
機業センター前,丹後海陸交通（株）,弥栄網野砂丘線
弥栄病院前,京丹後市,"弥栄延利線：溝谷〜新宮〜溝谷, 弥栄延利線：溝谷〜須川〜溝谷"
弥栄病院前,丹後海陸交通（株）,"47　丹後峰山線, 51・55　間人循環線, 52・56　間人循環線, 弥栄網野砂丘線"
公民館前,丹後海陸交通（株）,"5　伊根線, 7　蒲入線, 8　蒲入線, 9　蒲入線"
外湯花ゆうみ,丹後海陸交通（株）,弥栄網野砂丘線
溝谷,京丹後市,"弥栄延利線：溝谷〜新宮〜溝谷, 弥栄延利線：溝谷〜須川〜溝谷"
溝谷,丹後海陸交通（株）,"47　丹後峰山線, 51・55　間人循環線, 52・56　間人循環線"
岩ヶ鼻,丹後海陸交通（株）,"5　伊根線, 7　蒲入線, 8　蒲入線, 9　蒲入線"
加茂川,丹後海陸交通（株）,弥栄網野砂丘線
外村,京丹後市,弥栄延利線：溝谷〜新宮〜溝谷
柴古,丹後海陸交通（株）,弥栄網野砂丘線
犀川橋,丹後海陸交通（株）,"5　伊根線, 7　蒲入線, 8　蒲入線, 9　蒲入線"
木津上野,丹後海陸交通（株）,弥栄網野砂丘線
旭,京丹後市,湊線
中立上,丹後海陸交通（株）,弥栄網野砂丘線
堤,丹後海陸交通（株）,"47　丹後峰山線, 51・55　間人循環線, 52・56　間人循環線"
郷,丹後海陸交通（株）,"44・46　海岸線, 51・55　間人循環線, 52・56　間人循環線"
箱石,丹後海陸交通（株）,弥栄網野砂丘線
中立,丹後海陸交通（株）,弥栄網野砂丘線
八幡神社下,丹後海陸交通（株）,"5　伊根線, 7　蒲入線, 8　蒲入線, 9　蒲入線"
夕日ヶ浦木津温泉駅,丹後海陸交通（株）,弥栄網野砂丘線
長江,丹後海陸交通（株）,"5　伊根線, 7　蒲入線, 8　蒲入線, 9　蒲入線"
等楽寺公民館前,京丹後市,弥栄延利線：溝谷〜新宮〜溝谷
等楽寺,京丹後市,弥栄延利線：溝谷〜新宮〜溝谷
蒲井,京丹後市,湊線
芋野,丹後海陸交通（株）,"47　丹後峰山線, 51・55　間人循環線, 52・56　間人循環線"
生の内,丹後海陸交通（株）,"44・46　海岸線, 51・55　間人循環線, 52・56　間人循環線"
石丸,丹後海陸交通（株）,"44・46　海岸線, 51・55　間人循環線, 52・56　間人循環線"
吉沢中野,丹後海陸交通（株）,"47　丹後峰山線, 51・55　間人循環線, 52・56　間人循環線"
湊小橋,京丹後市,湊線
小天橋,京丹後市,湊線
松原,京丹後市,湊線
大向,京丹後市,湊線
吉沢,丹後海陸交通（株）,"47　丹後峰山線, 51・55　間人循環線, 52・56　間人循環線"
久美浜温泉湯元館,丹後海陸交通（株）,弥栄網野砂丘線
矢田橋,丹後海陸交通（株）,"47　丹後峰山線, 51・55　間人循環線, 52・56　間人循環線"
葛野,京丹後市,湊線
赤坂,丹後海陸交通（株）,"44・46　海岸線, 51・55　間人循環線, 52・56　間人循環線"
葛野橋,京丹後市,湊線
平田,京丹後市,田村線
赤坂工業団地前,丹後海陸交通（株）,"44・46　海岸線, 51・55　間人循環線, 52・56　間人循環線"
鹿野,京丹後市,田村線
丹波口,丹後海陸交通（株）,"47　丹後峰山線, 51・55　間人循環線, 52・56　間人循環線"
三分,京丹後市,田村線
丹波,丹後海陸交通（株）,"47　丹後峰山線, 51・55　間人循環線, 52・56　間人循環線"
吉原,丹後海陸交通（株）,"44・46　海岸線, 51・55　間人循環線, 52・56　間人循環線"
小天橋駅前,京丹後市,"田村線, 湊線"
丹波上,丹後海陸交通（株）,"47　丹後峰山線, 51・55　間人循環線, 52・56　間人循環線"
河内,京丹後市,二区環状線
峰山案内所,丹後海陸交通（株）,"25　峰山線, 44・46　海岸線, 47　丹後峰山線, 51・55　間人循環線, 52・56　間人循環線, 71　久美浜線"
峰山郵便局前,丹後海陸交通（株）,"44・46　海岸線, 51・55　間人循環線, 52・56　間人循環線"
神崎,京丹後市,湊線
杉谷下,丹後海陸交通（株）,"25　峰山線, 44・46　海岸線, 47　丹後峰山線, 51・55　間人循環線, 52・56　間人循環線, 71　久美浜線"
浦明,京丹後市,湊線
波見,丹後海陸交通（株）,"5　伊根線, 7　蒲入線, 8　蒲入線, 9　蒲入線"
杉谷上,丹後海陸交通（株）,"25　峰山線, 44・46　海岸線, 47　丹後峰山線, 51・55　間人循環線, 52・56　間人循環線, 71　久美浜線"
峰山駅,丹後海陸交通（株）,"25　峰山線, 27　峰山四辻線, 28　峰山延利線, 44・46　海岸線, 47　丹後峰山線, 51・55　間人循環線, 52・56　間人循環線, 71　久美浜線"
丹後中央病院前,丹後海陸交通（株）,"25　峰山線, 27　峰山四辻線, 28　峰山延利線, 44・46　海岸線, 47　丹後峰山線, 51・55　間人循環線, 52・56　間人循環線, 71　久美浜線"
岡,京丹後市,田村線
神崎口,京丹後市,湊線
峰山,丹後海陸交通（株）,"25　峰山線, 27　峰山四辻線, 28　峰山延利線, 44・46　海岸線, 47　丹後峰山線, 51・55　間人循環線, 52・56　間人循環線, 71　久美浜線"
波見口,丹後海陸交通（株）,"5　伊根線, 7　蒲入線, 8　蒲入線, 9　蒲入線"
京丹後市役所前,丹後海陸交通（株）,"27　峰山四辻線, 28　峰山延利線"
関上,京丹後市,田村線
関,京丹後市,田村線
金刀比羅神社前,丹後海陸交通（株）,"25　峰山線, 47　丹後峰山線"
佐内,京丹後市,田村線
関山王,京丹後市,田村線
菅峠,丹後海陸交通（株）,"25　峰山線, 47　丹後峰山線"
製材所前,京丹後市,湊線
中野,丹後海陸交通（株）,28　峰山延利線
荒山大橋前,丹後海陸交通（株）,"44・46　海岸線, 71　久美浜線"
海と星の公園下,丹後海陸交通（株）,"5　伊根線, 7　蒲入線, 8　蒲入線, 9　蒲入線"
久住,京丹後市,弥栄延利線：溝谷〜新宮〜溝谷
大井,京丹後市,佐濃北線
荒山,丹後海陸交通（株）,28　峰山延利線
菅,丹後海陸交通（株）,"25　峰山線, 47　丹後峰山線"
甲山,京丹後市,田村線
小松浜,丹後海陸交通（株）,"5　伊根線, 7　蒲入線, 8　蒲入線, 9　蒲入線"
新治口,丹後海陸交通（株）,71　久美浜線
弁天橋,京丹後市,田村線
一軒屋,丹後海陸交通（株）,"5　伊根線, 7　蒲入線, 8　蒲入線, 9　蒲入線"
にしがき長岡店前,丹後海陸交通（株）,27　峰山四辻線
京丹後警察署前,丹後海陸交通（株）,"25　峰山線, 47　丹後峰山線"
新町,丹後海陸交通（株）,27　峰山四辻線
新治,丹後海陸交通（株）,71　久美浜線
途中ヶ丘運動公園前,丹後海陸交通（株）,27　峰山四辻線
久美浜小学校,京丹後市,二区環状線
マイン前,丹後海陸交通（株）,"25　峰山線, 27　峰山四辻線, 28　峰山延利線, 44・46　海岸線, 47　丹後峰山線, 71　久美浜線"
畑川橋,丹後海陸交通（株）,"5　伊根線, 7　蒲入線, 8　蒲入線, 9　蒲入線"
長岡団地前,丹後海陸交通（株）,"25　峰山線, 28　峰山延利線, 47　丹後峰山線"
かぶと山駅,京丹後市,"佐濃北線, 川上線"
五十河,京丹後市,弥栄延利線：溝谷〜新宮〜溝谷
小町公園,丹後海陸交通（株）,28　峰山延利線
新町,京丹後市,二区環状線
稲葉本家,京丹後市,"佐濃南線, 佐濃北線, 川上線, 二区環状線"
稲葉本家,丹後海陸交通（株）,71　久美浜線
壱分,京丹後市,佐濃北線
米川,丹後海陸交通（株）,"25　峰山線, 47　丹後峰山線"
永留本谷,京丹後市,佐濃北線
川東,丹後海陸交通（株）,27　峰山四辻線
十楽,京丹後市,"佐濃南線, 佐濃北線, 川上線, 田村線, 二区環状線, 湊線"
十楽,丹後海陸交通（株）,71　久美浜線
新宮,京丹後市,弥栄延利線：溝谷〜新宮〜溝谷
油池,京丹後市,川上線
姫御前,丹後海陸交通（株）,25　峰山線
長岡公民館前,丹後海陸交通（株）,28　峰山延利線
久美浜駅,京丹後市,"佐濃南線, 佐濃北線, 川上線, 田村線, 二区環状線, 湊線"
久美浜駅,丹後海陸交通（株）,71　久美浜線
向町,京丹後市,"田村線, 二区環状線, 湊線"
日置,丹後海陸交通（株）,"5　伊根線, 7　蒲入線, 8　蒲入線, 9　蒲入線"
久美浜中学校下,京丹後市,二区環状線
久美浜中学校,京丹後市,"佐濃南線, 川上線, 田村線, 湊線"
河辺,丹後海陸交通（株）,27　峰山四辻線
神谷,京丹後市,二区環状線
二ケ橋,丹後海陸交通（株）,71　久美浜線
長岡,丹後海陸交通（株）,28　峰山延利線
久美浜病院,京丹後市,"佐濃南線, 佐濃北線, 川上線, 田村線, 二区環状線, 湊線"
久美浜病院前,丹後海陸交通（株）,71　久美浜線
海士,京丹後市,"佐濃北線, 川上線"
松田団地,丹後海陸交通（株）,27　峰山四辻線
女布,京丹後市,佐濃北線
延利,京丹後市,弥栄延利線：溝谷〜新宮〜溝谷
延利,丹後海陸交通（株）,28　峰山延利線
三ツ橋,丹後海陸交通（株）,25　峰山線
長野坂谷,京丹後市,佐濃北線
栃谷,丹後海陸交通（株）,71　久美浜線
長野口,京丹後市,佐濃北線
永留,京丹後市,佐濃北線
成相寺,丹後海陸交通（株）,成相線
パノラマ展望所,丹後海陸交通（株）,成相線
河梨,京丹後市,二区環状線
竹藤,京丹後市,佐濃北線
共同作業所前,京丹後市,佐濃北線
善王寺公民館前,丹後海陸交通（株）,28　峰山延利線
明田,丹後海陸交通（株）,28　峰山延利線
丸山公民館前,京丹後市,佐濃北線
御陵前,丹後海陸交通（株）,71　久美浜線
成相寺山門前,丹後海陸交通（株）,成相線
口馬地,京丹後市,二区環状線
久美浜高校前,京丹後市,"佐濃北線, 川上線"
坂井,京丹後市,"佐濃南線, 佐濃北線"
二箇,丹後海陸交通（株）,71　久美浜線
栃谷,京丹後市,二区環状線
口大野団地前,丹後海陸交通（株）,25　峰山線
橋爪,丹後海陸交通（株）,71　久美浜線
永留茶屋,京丹後市,佐濃北線
永留,丹後海陸交通（株）,71　久美浜線
五箇,丹後海陸交通（株）,71　久美浜線
旧海部小学校前,京丹後市,川上線
友重,京丹後市,"佐濃南線, 佐濃北線"
友重,丹後海陸交通（株）,71　久美浜線
円頓寺,京丹後市,佐濃北線
海部,丹後海陸交通（株）,71　久美浜線
周枳,丹後海陸交通（株）,27　峰山四辻線
郷,京丹後市,佐濃北線
大師口,丹後海陸交通（株）,71　久美浜線
傘松駅,丹後海陸交通（株）,成相線
ほくとしんきん大宮支店前,丹後海陸交通（株）,"27　峰山四辻線, 28　峰山延利線"
奥馬地,京丹後市,二区環状線
谷峠,丹後海陸交通（株）,71　久美浜線
友重上,京丹後市,"佐濃南線, 佐濃北線"
口大野,丹後海陸交通（株）,25　峰山線
佐野乙,京丹後市,佐濃北線
野中［久美浜町］,京丹後市,佐濃南線
野中,丹後海陸交通（株）,71　久美浜線
谷工業団地前,丹後海陸交通（株）,71　久美浜線
島,京丹後市,川上線
甲坂,京丹後市,二区環状線
江尻下,丹後海陸交通（株）,"5　伊根線, 7　蒲入線, 8　蒲入線, 9　蒲入線"
大宮庁舎前,丹後海陸交通（株）,"27　峰山四辻線, 28　峰山延利線"
田井,丹後海陸交通（株）,田井線
マリーンピア,丹後海陸交通（株）,田井線
谷,京丹後市,佐濃南線
天橋立ケーブル下,丹後海陸交通（株）,"5　伊根線, 7　蒲入線, 8　蒲入線, 9　蒲入線, 30　与謝線"
安養寺,京丹後市,佐濃南線
安養寺,丹後海陸交通（株）,71　久美浜線
口三谷,京丹後市,二区環状線
森本,丹後海陸交通（株）,28　峰山延利線
天橋立元伊勢籠神社,丹後海陸交通（株）,"5　伊根線, 7　蒲入線, 8　蒲入線, 9　蒲入線"
芦原口,京丹後市,佐濃南線
中野本坂,丹後海陸交通（株）,"5　伊根線, 7　蒲入線, 8　蒲入線, 9　蒲入線, 30　与謝線"
府中診療所前,丹後海陸交通（株）,"5　伊根線, 7　蒲入線, 8　蒲入線, 9　蒲入線"
鱒留公民館前,丹後海陸交通（株）,71　久美浜線
佐野丙,京丹後市,"佐濃南線, 佐濃北線"
佐野丙,丹後海陸交通（株）,71　久美浜線
江尻,丹後海陸交通（株）,"5　伊根線, 7　蒲入線, 8　蒲入線, 9　蒲入線"
全徳寺前,丹後海陸交通（株）,71　久美浜線
奥三谷,京丹後市,二区環状線
高龍小学校前,京丹後市,"佐濃南線, 佐濃北線, 川上線"
丹後郷土資料館,丹後海陸交通（株）,9　蒲入線
小桑口,京丹後市,佐濃南線
小桑口,丹後海陸交通（株）,71　久美浜線
溝尻,丹後海陸交通（株）,"5　伊根線, 7　蒲入線, 8　蒲入線, 9　蒲入線, 30　与謝線"
ホテル＆リゾーツ京都宮津,丹後海陸交通（株）,田井線
京丹後大宮駅,丹後海陸交通（株）,"25　峰山線, 27　峰山四辻線"
大路口,丹後海陸交通（株）,71　久美浜線
高龍小学校,京丹後市,佐濃南線
品田,京丹後市,"佐濃南線, 佐濃北線"
国分,丹後海陸交通（株）,"5　伊根線, 7　蒲入線, 8　蒲入線, 9　蒲入線, 30　与謝線"
新谷,京丹後市,川上線
三坂,丹後海陸交通（株）,28　峰山延利線
天橋立ワイナリー前,丹後海陸交通（株）,"5　伊根線, 7　蒲入線, 8　蒲入線, 9　蒲入線, 30　与謝線"
佐野甲,丹後海陸交通（株）,71　久美浜線
出合,丹後海陸交通（株）,"25　峰山線, 27　峰山四辻線"
支援学校下,丹後海陸交通（株）,"5　伊根線, 7　蒲入線, 8　蒲入線, 9　蒲入線, 30　与謝線"
新庄,京丹後市,佐濃南線
クアハウス岩滝,丹後海陸交通（株）,30　与謝線
男山郵便局,丹後海陸交通（株）,"5　伊根線, 7　蒲入線, 8　蒲入線, 9　蒲入線, 30　与謝線"
小桑,京丹後市,佐濃南線
男山,丹後海陸交通（株）,"5　伊根線, 7　蒲入線, 8　蒲入線, 9　蒲入線, 30　与謝線"
上三重,丹後海陸交通（株）,28　峰山延利線
東町,丹後海陸交通（株）,"5　伊根線, 7　蒲入線, 8　蒲入線, 9　蒲入線"
出角,京丹後市,川上線
岩滝体育館,丹後海陸交通（株）,30　与謝線
与謝の海病院,丹後海陸交通（株）,"5　伊根線, 7　蒲入線, 8　蒲入線, 9　蒲入線, 30　与謝線"
矢原,丹後海陸交通（株）,田井線
野原,京都交通（株）,41・42田井・野原線
須田,京丹後市,川上線
市場,京丹後市,川上線
脇之浜,丹後海陸交通（株）,田井線
獅子,丹後海陸交通（株）,田井線
大宮南小学校,丹後海陸交通（株）,27　峰山四辻線
田井,京都交通（株）,41・42田井・野原線
岩滝,丹後海陸交通（株）,"5　伊根線, 7　蒲入線, 8　蒲入線, 9　蒲入線, 30　与謝線"
須田郵便局前,京丹後市,川上線
弓木,丹後海陸交通（株）,30　与謝線
谷内,丹後海陸交通（株）,25　峰山線
二俣,京丹後市,佐濃南線
二本松,丹後海陸交通（株）,"5　伊根線, 7　蒲入線, 8　蒲入線, 9　蒲入線"
橋立中学校前,丹後海陸交通（株）,"5　伊根線, 7　蒲入線, 8　蒲入線, 9　蒲入線"
大内,丹後海陸交通（株）,30　与謝線
三重,丹後海陸交通（株）,25　峰山線
小橋,京都交通（株）,45・46三浜線
小橋車庫,京都交通（株）,45・46三浜線
石田口,丹後海陸交通（株）,30　与謝線
天橋立駅,丹後海陸交通（株）,"5　伊根線, 7　蒲入線, 8　蒲入線, 9　蒲入線, 田井線"
金谷,京丹後市,川上線
冶金前,丹後海陸交通（株）,"5　伊根線, 7　蒲入線, 8　蒲入線, 9　蒲入線"
三浜,京都交通（株）,45・46三浜線
文珠,丹後海陸交通（株）,"5　伊根線, 7　蒲入線, 8　蒲入線, 9　蒲入線"
下常吉,丹後海陸交通（株）,27　峰山四辻線
畑,京丹後市,川上線
獅子崎,丹後海陸交通（株）,田井線
石田,丹後海陸交通（株）,30　与謝線
なぎさ苑前,丹後海陸交通（株）,"5　伊根線, 7　蒲入線, 8　蒲入線, 9　蒲入線"
つつじヶ丘団地前,丹後海陸交通（株）,田井線
須津,丹後海陸交通（株）,"5　伊根線, 7　蒲入線, 8　蒲入線, 9　蒲入線"
岩滝口駅,丹後海陸交通（株）,"5　伊根線, 7　蒲入線, 8　蒲入線, 9　蒲入線"
吉津小学校前,丹後海陸交通（株）,"5　伊根線, 7　蒲入線, 8　蒲入線, 9　蒲入線"
暁星高校前,丹後海陸交通（株）,田井線
大黒山下,丹後海陸交通（株）,"5　伊根線, 7　蒲入線, 8　蒲入線, 9　蒲入線"
大山,京都交通（株）,41・42田井・野原線
上常吉,丹後海陸交通（株）,27　峰山四辻線
野原口,京都交通（株）,41・42田井・野原線
獅子崎口,丹後海陸交通（株）,田井線
堂谷橋,丹後海陸交通（株）,30　与謝線
ゲートボール場前,丹後海陸交通（株）,"5　伊根線, 7　蒲入線, 8　蒲入線, 9　蒲入線"
尉ケ畑,京丹後市,佐濃南線
下山田,丹後海陸交通（株）,30　与謝線
杉の末,丹後海陸交通（株）,"5　伊根線, 7　蒲入線, 8　蒲入線, 9　蒲入線"
与謝野駅,丹後海陸交通（株）,30　与謝線
下山田大清水,丹後海陸交通（株）,30　与謝線
波路,丹後海陸交通（株）,田井線
山田小学校下,丹後海陸交通（株）,30　与謝線
おおしあま展望の里,京都交通（株）,45・46三浜線
布袋野,京丹後市,川上線
山王橋,丹後海陸交通（株）,"5　伊根線, 7　蒲入線, 8　蒲入線, 9　蒲入線"
山田小学校前,丹後海陸交通（株）,30　与謝線
市野々,京丹後市,川上線
舞鶴自然文化園,京都交通（株）,45・46三浜線
道の駅海の京都宮津,丹後海陸交通（株）,"5　伊根線, 7　蒲入線, 8　蒲入線, 9　蒲入線, 上宮津線2, 田井線"
水戸谷,丹後海陸交通（株）,"25　峰山線, 30　与謝線"
西堀川,丹後海陸交通（株）,"5　伊根線, 7　蒲入線, 8　蒲入線, 9　蒲入線"
武田病院前,丹後海陸交通（株）,田井線
市役所前,丹後海陸交通（株）,"5　伊根線, 7　蒲入線, 8　蒲入線, 9　蒲入線, 上宮津線2, 田井線"
野田川丹海前,丹後海陸交通（株）,"25　峰山線, 30　与謝線"
野田川丹海前,与謝野町,加悦奥・石川線
上山田公民館下,丹後海陸交通（株）,30　与謝線
下地公民館,与謝野町,加悦奥・石川線
宮津駅,丹後海陸交通（株）,"5　伊根線, 7　蒲入線, 8　蒲入線, 9　蒲入線, 上宮津線2, 田井線"
幾地,丹後海陸交通（株）,27　峰山四辻線
幾地,与謝野町,岩屋線
上山田,丹後海陸交通（株）,30　与謝線
京街道,丹後海陸交通（株）,"5　伊根線, 7　蒲入線, 8　蒲入線, 9　蒲入線, 上宮津線2"
さんさんパーク,与謝野町,岩屋線
トウド山,与謝野町,岩屋線
栃尾,京都交通（株）,41・42田井・野原線
石川郵便局前,与謝野町,加悦奥・石川線
石川農構センター,与謝野町,加悦奥・石川線
西林地会館前,与謝野町,岩屋線
江陽中学校下,丹後海陸交通（株）,30　与謝線
幾地口,丹後海陸交通（株）,27　峰山四辻線
幾地口,与謝野町,岩屋線
石川診療所,与謝野町,加悦奥・石川線
四辻,丹後海陸交通（株）,"27　峰山四辻線, 30　与謝線"
四辻,与謝野町,岩屋線
豊口橋,与謝野町,加悦奥・石川線
宮津天橋高校宮津学舎前,丹後海陸交通（株）,"5　伊根線, 7　蒲入線, 8　蒲入線, 9　蒲入線, 上宮津線2"
岩屋公民館,与謝野町,岩屋線
農協前,与謝野町,加悦奥・石川線
原,京都交通（株）,41・42田井・野原線
野田川庁舎,与謝野町,"奥滝線, 加悦奥・石川線, 岩屋線"
岩屋,与謝野町,岩屋線
雲岩公園口,与謝野町,岩屋線
岩屋上,与謝野町,岩屋線
河辺由里,京都交通（株）,41・42田井・野原線
石川上地,与謝野町,加悦奥・石川線
川上会館,与謝野町,加悦奥・石川線
亀山,与謝野町,加悦奥・石川線
亀山公民館下,与謝野町,加悦奥・石川線
川上口,与謝野町,加悦奥・石川線
室牛,京都交通（株）,41・42田井・野原線
川上上,与謝野町,加悦奥・石川線
西屋,京都交通（株）,41・42田井・野原線
宮津天橋高校加悦谷学舎前,丹後海陸交通（株）,30　与謝線
大宮,与謝野町,加悦奥・石川線
梅谷下,与謝野町,"奥滝線, 加悦奥・石川線, 岩屋線"
宮津天橋立インター,丹後海陸交通（株）,"5　伊根線, 7　蒲入線, 8　蒲入線, 9　蒲入線, 上宮津線2"
赤野,京都交通（株）,45・46三浜線
大宮会館,与謝野町,加悦奥・石川線
河辺中,京都交通（株）,41・42田井・野原線
庄ケ崎,与謝野町,"奥滝線, 加悦奥・石川線"
三河内口,丹後海陸交通（株）,30　与謝線
上宮津,丹後海陸交通（株）,"5　伊根線, 7　蒲入線, 8　蒲入線, 9　蒲入線, 上宮津線2"
大浦小学校前,京都交通（株）,"41・42田井・野原線, 45・46三浜線"
三河内小学校下,丹後海陸交通（株）,30　与謝線
平,京都交通（株）,45・46三浜線
平口,京都交通（株）,"41・42田井・野原線, 45・46三浜線"
善光橋,丹後海陸交通（株）,"5　伊根線, 上宮津線2"
明石団地,与謝野町,"奥滝線, 加悦奥・石川線"
三河内上,丹後海陸交通（株）,30　与謝線
日晩寺下,与謝野町,加悦奥・石川線
中田,京都交通（株）,"41・42田井・野原線, 45・46三浜線"
大橋,丹後海陸交通（株）,"5　伊根線, 上宮津線2"
三河内郵便局前,与謝野町,"奥滝線, 加悦奥・石川線, 岩屋線"
ウイル,丹後海陸交通（株）,30　与謝線
ウイル,与謝野町,"奥滝線, 加悦奥・石川線, 岩屋線"
算所公民館下,与謝野町,"奥滝線, 加悦奥・石川線"
算所公民館前,丹後海陸交通（株）,30　与謝線
大代,与謝野町,"奥滝線, 加悦奥・石川線"
日晩寺上,与謝野町,加悦奥・石川線
棒賀,与謝野町,加悦奥・石川線
引揚記念館前,京都交通（株）,"41・42田井・野原線, 45・46三浜線"
一宮神社上,与謝野町,加悦奥・石川線
算所,丹後海陸交通（株）,30　与謝線
算所下,与謝野町,"奥滝線, 加悦奥・石川線"
上宮津公民館,丹後海陸交通（株）,"5　伊根線, 上宮津線2"
ちりめん街道,丹後海陸交通（株）,30　与謝線
加悦保育園前,与謝野町,加悦奥・石川線
九番組上,与謝野町,加悦奥・石川線
八番組集会所下,与謝野町,加悦奥・石川線
若浦中学校前,京都交通（株）,"41・42田井・野原線, 45・46三浜線"
百合会館下,与謝野町,加悦奥・石川線
鳥垣橋,与謝野町,加悦奥・石川線
ヤブ,与謝野町,加悦奥・石川線
加悦地域公民館,丹後海陸交通（株）,30　与謝線
加悦地域公民館,与謝野町,"奥滝線, 加悦奥・石川線"
青山下,与謝野町,加悦奥・石川線
加悦庁舎,丹後海陸交通（株）,30　与謝線
加悦庁舎,与謝野町,"奥滝線, 加悦奥・石川線"
六番組集会所,与謝野町,加悦奥・石川線
加悦奥十番組,与謝野町,加悦奥・石川線
香河下,与謝野町,加悦奥・石川線
大波上,京都交通（株）,47・48朝来循環線
広野橋,与謝野町,加悦奥・石川線
加悦奥公民館上,与謝野町,加悦奥・石川線
香河上,与謝野町,加悦奥・石川線
久原口,京都交通（株）,47・48朝来循環線
上ケ石,与謝野町,奥滝線
大波下,京都交通（株）,"41・42田井・野原線, 45・46三浜線, 47・48朝来循環線"
西光寺下,丹後海陸交通（株）,30　与謝線
中宮,京都交通（株）,47・48朝来循環線
朝来中,京都交通（株）,47・48朝来循環線
板硝子工場前,京都交通（株）,"41・42田井・野原線, 45・46三浜線, 47・48朝来循環線"
後野公民館西,丹後海陸交通（株）,30　与謝線
温江ポンプ車庫前,与謝野町,奥滝線
温江公民館上,与謝野町,奥滝線
愛宕神社下,丹後海陸交通（株）,30　与謝線
滝ケ浦,京都交通（株）,"41・42田井・野原線, 45・46三浜線, 47・48朝来循環線"
尾上団地,与謝野町,奥滝線
奥手,与謝野町,奥滝線
国立高専前,京都交通（株）,47・48朝来循環線
与謝野礼厳碑前,与謝野町,奥滝線
後野,丹後海陸交通（株）,30　与謝線
湯ノ谷,与謝野町,奥滝線
さくらどおりマンション前,京都交通（株）,"41・42田井・野原線, 45・46三浜線, 47・48朝来循環線"
虫本公民館,与謝野町,奥滝線
中山,京都交通（株）,47・48朝来循環線
金屋,丹後海陸交通（株）,30　与謝線
飛行場前,京都交通（株）,53長浜循環線
桜内,与謝野町,奥滝線
上司谷公園口,丹後海陸交通（株）,30　与謝線
雁又センター前,京都交通（株）,"11・12市内線（造船）, 21・22市内線（造船）"
海上保安学校前,京都交通（株）,53長浜循環線
高倉神社前,京都交通（株）,53長浜循環線
松尾寺口,京都交通（株）,31・32高浜線
吉坂,京都交通（株）,31・32高浜線
教育隊前,京都交通（株）,"41・42田井・野原線, 45・46三浜線, 47・48朝来循環線"
安岡,京都交通（株）,47・48朝来循環線
松尾寺駅前,京都交通（株）,31・32高浜線
総合ハウス前,京都交通（株）,"11・12市内線（造船）, 21・22市内線（造船）"
リフレかやの里,与謝野町,奥滝線
SL広場西,丹後海陸交通（株）,30　与謝線
長浜,京都交通（株）,53長浜循環線
庵の谷,京都交通（株）,31・32高浜線
本館前,京都交通（株）,"11・12市内線（造船）, 21・22市内線（造船）"
加津良,京都交通（株）,51・52和田線
加津良上,京都交通（株）,51・52和田線
施薬寺下,与謝野町,奥滝線
鹿原,京都交通（株）,31・32高浜線
田中橋,京都交通（株）,"31・32高浜線, 47・48朝来循環線"
田園町口,京都交通（株）,"31・32高浜線, 47・48朝来循環線"
小倉,京都交通（株）,"31・32高浜線, 47・48朝来循環線"
やさいの駅,与謝野町,奥滝線
鹿原住宅前,京都交通（株）,31・32高浜線
オーナミ前,京都交通（株）,"11・12市内線（造船）, 21・22市内線（造船）"
長浜口,京都交通（株）,"51・52和田線, 53長浜循環線"
東高口,京都交通（株）,"31・32高浜線, 47・48朝来循環線"
滝,丹後海陸交通（株）,30　与謝線
鹿ノ熊,与謝野町,奥滝線
椿原,与謝野町,奥滝線
与謝保育園下,与謝野町,奥滝線
下ノ段,与謝野町,奥滝線
下四丁目,京都交通（株）,"51・52和田線, 53長浜循環線"
半坂,与謝野町,奥滝線
安全祈願碑前,京都交通（株）,"11・12市内線（造船）, 21・22市内線（造船）"
中岡,与謝野町,奥滝線
奥滝公民館前,与謝野町,奥滝線
市場,京都交通（株）,"11・12市内線（造船）, 13市内線（合同庁舎線）, 31・32高浜線, 33市場循環線, 45・46三浜線, 47・48朝来循環線"
造船所前,京都交通（株）,"10東西循環線, 13市内線（合同庁舎線）, 51・52和田線, 53長浜循環線"
自衛隊桟橋前,京都交通（株）,"10東西循環線, 11・12市内線（造船）, 13市内線（合同庁舎線）, 51・52和田線, 53長浜循環線"
和田,京都交通（株）,51・52和田線
中舞鶴,京都交通（株）,"10東西循環線, 21・22市内線（造船）, 13市内線（合同庁舎線）, 15市内線（西高線）, 51・52和田線, 53長浜循環線"
松島,京都交通（株）,"11・12市内線（造船）, 13市内線（合同庁舎線）, 31・32高浜線, 33市場循環線, 41・42田井・野原線, 45・46三浜線, 47・48朝来循環線"
浮島,京都交通（株）,"11・12市内線（造船）, 13市内線（合同庁舎線）, 31・32高浜線, 33市場循環線, 41・42田井・野原線, 45・46三浜線, 47・48朝来循環線, 71・72常・溝尻線"
七条,京都交通（株）,"11・12市内線（造船）, 13市内線（合同庁舎線）, 31・32高浜線, 33市場循環線, 41・42田井・野原線, 45・46三浜線, 47・48朝来循環線, 71・72常・溝尻線"
藤の森,京都交通（株）,51・52和田線
三宅団地前,京都交通（株）,"10東西循環線, 11・12市内線（造船）, 13市内線（合同庁舎線）, 51・52和田線, 53長浜循環線"
大門通三条,京都交通（株）,"10東西循環線, 11・12市内線（造船）, 13市内線（合同庁舎線）, 51・52和田線, 53長浜循環線"
駅前通三条,京都交通（株）,"10東西循環線, 11・12市内線（造船）, 13市内線（合同庁舎線）, 31・32高浜線, 33市場循環線, 41・42田井・野原線, 45・46三浜線, 47・48朝来循環線, 51・52和田線, 53長浜循環線, 71・72常・溝尻線"
市役所前,京都交通（株）,"10東西循環線, 11・12市内線（造船）, 13市内線（合同庁舎線）, 51・52和田線, 53長浜循環線"
二ツ岩,丹後海陸交通（株）,30　与謝線
矢の助,京都交通（株）,71・72常・溝尻線
東門,京都交通（株）,"10東西循環線, 11・12市内線（造船）, 13市内線（合同庁舎線）, 51・52和田線, 53長浜循環線"
実業会館前,京都交通（株）,"10東西循環線, 11・12市内線（造船）, 13市内線（合同庁舎線）, 31・32高浜線, 33市場循環線, 41・42田井・野原線, 45・46三浜線, 47・48朝来循環線, 51・52和田線, 53長浜循環線, 71・72常・溝尻線"
上四丁目,京都交通（株）,"10東西循環線, 21・22市内線（造船）, 13市内線（合同庁舎線）, 15市内線（西高線）"
西町三丁目,京都交通（株）,71・72常・溝尻線
宇豆貴公民館,与謝野町,奥滝線
中町,京都交通（株）,71・72常・溝尻線
東舞鶴駅前,京都交通（株）,"10東西循環線, 11・12市内線（造船）, 13市内線（合同庁舎線）, 31・32高浜線, 33市場循環線, 41・42田井・野原線, 45・46三浜線, 47・48朝来循環線, 51・52和田線, 53長浜循環線, 71・72常・溝尻線"
共済病院前,京都交通（株）,"10東西循環線, 71・72常・溝尻線"
与謝,丹後海陸交通（株）,"30　与謝線, 32　福知山線"
梅ヶ谷口,京都交通（株）,71・72常・溝尻線
道芝口,京都交通（株）,"10東西循環線, 21・22市内線（造船）, 13市内線（合同庁舎線）, 15市内線（西高線）"
河原,与謝野町,奥滝線
森町,京都交通（株）,"10東西循環線, 71・72常・溝尻線"
溝尻,京都交通（株）,71・72常・溝尻線
堂の奥,京都交通（株）,71・72常・溝尻線
舞鶴医療センター前,京都交通（株）,"10東西循環線, 71・72常・溝尻線"
二尾,京都交通（株）,51・52和田線
青葉中学校口,京都交通（株）,"10東西循環線, 71・72常・溝尻線"
行永郵便局前,京都交通（株）,"10東西循環線, 71・72常・溝尻線"
南銀座,京都交通（株）,"10東西循環線, 71・72常・溝尻線"
行永,京都交通（株）,"10東西循環線, 71・72常・溝尻線"
五老ヶ岳公園口,京都交通（株）,"10東西循環線, 21・22市内線（造船）, 13市内線（合同庁舎線）, 15市内線（西高線）"
大森神社前,京都交通（株）,10東西循環線
丸山口,京都交通（株）,10東西循環線
山河公民館,与謝野町,奥滝線
段ノ坂,丹後海陸交通（株）,32　福知山線
白鳥団地前,京都交通（株）,10東西循環線
舞鶴市リサイクルプラザ前,京都交通（株）,10東西循環線
行永公会堂前,京都交通（株）,71・72常・溝尻線
大江山の家,福知山市,大江山の家線
東吉原,京都交通（株）,51・52和田線
五老トンネル西口,京都交通（株）,"10東西循環線, 21・22市内線（造船）, 13市内線（合同庁舎線）, 15市内線（西高線）"
加悦大橋,丹後海陸交通（株）,32　福知山線
吉原小学校前,京都交通（株）,51・52和田線
二瀬川,福知山市,大江山の家線
清道,京都交通（株）,10東西循環線
上地橋,京都交通（株）,71・72常・溝尻線
大森町,京都交通（株）,51・52和田線
天台,京都交通（株）,10東西循環線
八田・由良川学園前,京都交通（株）,"61・62大江線1, 66大江線3（加佐楽々）"
上安,京都交通（株）,"10東西循環線, 21・22市内線（造船）, 13市内線（合同庁舎線）, 15市内線（西高線）"
鬼ヶ茶屋,福知山市,大江山の家線
常団地前,京都交通（株）,71・72常・溝尻線
新橋,京都交通（株）,"13市内線（合同庁舎線）, 61・62大江線1, 63・64大江線2（福井小学校口止）, 66大江線3（加佐楽々）"
西町,京都交通（株）,"13市内線（合同庁舎線）, 61・62大江線1, 63・64大江線2（福井小学校口止）, 66大江線3（加佐楽々）"
常口,京都交通（株）,71・72常・溝尻線
平野屋,京都交通（株）,"13市内線（合同庁舎線）, 61・62大江線1, 63・64大江線2（福井小学校口止）, 66大江線3（加佐楽々）"
広小路,京都交通（株）,"10東西循環線, 21・22市内線（造船）, 13市内線（合同庁舎線）, 15市内線（西高線）, 51・52和田線, 61・62大江線1, 63・64大江線2（福井小学校口止）, 66大江線3（加佐楽々）"
倉谷口,京都交通（株）,"10東西循環線, 21・22市内線（造船）, 13市内線（合同庁舎線）, 15市内線（西高線）"
税務署前,京都交通（株）,"10東西循環線, 21・22市内線（造船）, 13市内線（合同庁舎線）, 15市内線（西高線）"
昭和台,京都交通（株）,10東西循環線
藤津,京都交通（株）,"61・62大江線1, 66大江線3（加佐楽々）"
合同庁舎前,京都交通（株）,"13市内線（合同庁舎線）, 61・62大江線1, 63・64大江線2（福井小学校口止）, 66大江線3（加佐楽々）"
常,京都交通（株）,71・72常・溝尻線
舞鶴港とれとれセンター前,京都交通（株）,"61・62大江線1, 63・64大江線2（福井小学校口止）, 66大江線3（加佐楽々）"
与謝峠,丹後海陸交通（株）,32　福知山線
木下橋,京都交通（株）,71・72常・溝尻線
下福井,京都交通（株）,"61・62大江線1, 63・64大江線2（福井小学校口止）, 66大江線3（加佐楽々）"
ふじつ温泉前,京都交通（株）,"61・62大江線1, 66大江線3（加佐楽々）"
与保呂小学校前,京都交通（株）,71・72常・溝尻線
寺の下,福知山市,大江山の家線
一盃水,京都交通（株）,"61・62大江線1, 66大江線3（加佐楽々）"
本町,京都交通（株）,"10東西循環線, 21・22市内線（造船）, 15市内線（西高線）, 51・52和田線, 61・62大江線1, 63・64大江線2（福井小学校口止）, 66大江線3（加佐楽々）"
福来東,京都交通（株）,10東西循環線
福井小学校口,京都交通（株）,"61・62大江線1, 63・64大江線2（福井小学校口止）, 66大江線3（加佐楽々）"
四所,京都交通（株）,"61・62大江線1, 66大江線3（加佐楽々）"
大川,京都交通（株）,61・62大江線1
福来西,京都交通（株）,10東西循環線
青少年センター,福知山市,大江山の家線
上福井,京都交通（株）,"61・62大江線1, 66大江線3（加佐楽々）"
千日前,京都交通（株）,"10東西循環線, 21・22市内線（造船）, 15市内線（西高線）, 51・52和田線, 61・62大江線1, 63・64大江線2（福井小学校口止）, 66大江線3（加佐楽々）"
倉谷,京都交通（株）,10東西循環線
倉谷西,京都交通（株）,10東西循環線
日赤病院前,京都交通（株）,"10東西循環線, 66大江線3（加佐楽々）"
東田辺,京都交通（株）,"10東西循環線, 66大江線3（加佐楽々）"
毛原,福知山市,大江山の家線
西舞鶴駅前,京都交通（株）,"10東西循環線, 21・22市内線（造船）, 51・52和田線, 55・56真倉線, 61・62大江線1, 63・64大江線2（福井小学校口止）, 66大江線3（加佐楽々）"
小津田,京都交通（株）,61・62大江線1
仏性寺,福知山市,大江山の家線
西高前,京都交通（株）,"15市内線（西高線）, 55・56真倉線"
志高下境,京都交通（株）,61・62大江線1
仏谷,丹後海陸交通（株）,32　福知山線
間口,京都交通（株）,61・62大江線1
久保小杉野上,丹後海陸交通（株）,32　福知山線
内宮駅前,福知山市,大江山の家線
中筋小学校口,京都交通（株）,55・56真倉線
志高,京都交通（株）,61・62大江線1
岡田由里,京都交通（株）,61・62大江線1
加佐分室前,京都交通（株）,61・62大江線1
地頭下,京都交通（株）,61・62大江線1
城南中学校前,京都交通（株）,55・56真倉線
内宮上,福知山市,大江山の家線
薬師口,京都交通（株）,61・62大江線1
久保小杉野,丹後海陸交通（株）,32　福知山線
由良川橋,京都交通（株）,61・62大江線1
地頭,京都交通（株）,61・62大江線1
内宮下,福知山市,大江山の家線
雲原,丹後海陸交通（株）,32　福知山線
京田,京都交通（株）,55・56真倉線
南島,丹後海陸交通（株）,32　福知山線
一本松,丹後海陸交通（株）,32　福知山線
馬谷,福知山市,大江山の家線
高津江,京都交通（株）,61・62大江線1
坂浦,丹後海陸交通（株）,32　福知山線
高津江上,京都交通（株）,61・62大江線1
二俣駅前,福知山市,大江山の家線
三河橋,京都交通（株）,61・62大江線1
美鈴校前,福知山市,大江山の家線
三河,京都交通（株）,61・62大江線1
二箇下,福知山市,二箇下線
吉河医院前,福知山市,大江山の家線
於見,綾部市,"於見市野瀬線, 上林線"
体育館前,福知山市,二箇下線
真倉駅前,京都交通（株）,55・56真倉線
市野瀬,綾部市,於見市野瀬線
井戸,福知山市,二箇下線
下野条,丹後海陸交通（株）,32　福知山線
外宮,福知山市,大江山の家線
田の谷,綾部市,"於見市野瀬線, 上林線"
辻,綾部市,於見市野瀬線
上野条,丹後海陸交通（株）,32　福知山線
二箇上,福知山市,二箇下線
田谷,福知山市,板生・千原線
五日市,京都交通（株）,61・62大江線1
行積上,丹後海陸交通（株）,32　福知山線
今西,福知山市,板生・千原線
睦志,綾部市,於見市野瀬線
行積,丹後海陸交通（株）,32　福知山線
神塚,綾部市,"於見市野瀬線, 上林線"
阿良須,福知山市,二箇下線
阿良須,京都交通（株）,61・62大江線1
関,福知山市,"大江山の家線, 二箇下線"
関,京都交通（株）,61・62大江線1
上佐々木,三岳バス運営協議会,自主運行バス・三岳バス
真倉,京都交通（株）,55・56真倉線
大江高校前,福知山市,二箇下線
大江高校前,京都交通（株）,61・62大江線1
北有路,福知山市,二箇下線
北有路,京都交通（株）,61・62大江線1
舟越会館,福知山市,二箇下線
中学校前［大江中］,福知山市,二箇下線
大江中学校前,京都交通（株）,61・62大江線1
大雲の里,福知山市,二箇下線
大江病院前,福知山市,"大江山の家線, 二箇下線"
大江病院前,京都交通（株）,61・62大江線1
現世,福知山市,板生・千原線
ミニフレッシュ大江店前,福知山市,"大江山の家線, 二箇下線"
矢津,福知山市,二箇下線
仏坂口,三岳バス運営協議会,自主運行バス・三岳バス
白垣,綾部市,於見市野瀬線
大江駅前,福知山市,"大江山の家線, 二箇下線"
大江駅前,京都交通（株）,61・62大江線1
南有路,福知山市,二箇下線
才谷,福知山市,直見線
三岳山登口,三岳バス運営協議会,自主運行バス・三岳バス
九日,福知山市,二箇下線
小仲,綾部市,"於見市野瀬線, 上林線"
野上,福知山市,二箇下線
金河内,綾部市,志賀南北線
内久井,綾部市,志賀南北線
川原,綾部市,"於見市野瀬線, 上林線"
清水,綾部市,於見市野瀬線
いもぢ,福知山市,板生・千原線
栗尾,福知山市,直見線
金光寺前,三岳バス運営協議会,自主運行バス・三岳バス
蓼原,福知山市,"大江山の家線, 二箇下線"
谷村,三岳バス運営協議会,自主運行バス・三岳バス
池,綾部市,志賀南北線
奥上林研修センター前,綾部市,"於見市野瀬線, 上林線"
黒谷和紙会館前,綾部市,黒谷線
仏坂,三岳バス運営協議会,自主運行バス・三岳バス
藤波神社前,綾部市,志賀南北線
長尾上,丹後海陸交通（株）,32　福知山線
千原中,福知山市,二箇下線
千原下,福知山市,二箇下線
千原上,福知山市,二箇下線
仁和公民館前,綾部市,志賀南北線
君尾山口,綾部市,"於見市野瀬線, 上林線"
あやべ温泉前,綾部市,"於見市野瀬線, 上林線"
宮垣,福知山市,直見線
遊里,綾部市,於見市野瀬線
落谷,福知山市,大江山の家線
西方公会堂前,綾部市,志賀南北線
長尾,丹後海陸交通（株）,32　福知山線
尾藤口,福知山市,二箇下線
味噌尾,綾部市,志賀南北線
田谷垣,福知山市,板生・千原線
今里,福知山市,畑線
中村,三岳バス運営協議会,自主運行バス・三岳バス
八丁,綾部市,志賀南北線
旧農協前,福知山市,二箇下線
威光寺口,三岳バス運営協議会,自主運行バス・三岳バス
公庄下,福知山市,大江山の家線
二王公園前,綾部市,"於見市野瀬線, 上林線"
戸倉,三岳バス運営協議会,自主運行バス・三岳バス
別所,綾部市,篠田桜が丘線
公庄駅前・公庄,福知山市,"大江山の家線, 二箇下線"
上市場,綾部市,"於見市野瀬線, 上林線"
深山,綾部市,篠田桜が丘線
於与岐口,綾部市,黒谷線
常津,福知山市,二箇下線
下佐々木,三岳バス運営協議会,自主運行バス・三岳バス
志賀小学校前,綾部市,志賀南北線
山の家前,綾部市,"於見市野瀬線, 上林線"
公庄上,福知山市,大江山の家線
九社神社前,綾部市,西坂線
西垣,福知山市,直見線
下市場,綾部市,"於見市野瀬線, 上林線"
満福寺下,綾部市,西坂線
大町バスターミナル,綾部市,"於見市野瀬線, 上林線"
在田,福知山市,二箇下線
弓削口,綾部市,"於見市野瀬線, 上林線"
志賀郷,綾部市,志賀南北線
上谷,三岳バス運営協議会,自主運行バス・三岳バス
羽白,福知山市,板生・千原線
上林小・中学校前,綾部市,上林線
篠田,綾部市,篠田桜が丘線
長野,綾部市,"於見市野瀬線, 上林線"
大岶口,福知山市,直見線
堺川,福知山市,大江山の家線
郵便局前,三岳バス運営協議会,自主運行バス・三岳バス
夏間,福知山市,二箇下線
別所口,綾部市,篠田桜が丘線
戸倉口,三岳バス運営協議会,自主運行バス・三岳バス
日置谷,綾部市,上林線
小畑［夜久野町］,福知山市,畑線
上向田,綾部市,篠田桜が丘線
JA何北支店前,綾部市,志賀南北線
西坂集荷場前,綾部市,西坂線
柿本,福知山市,畑線
金谷口,福知山市,直見線
グリーンヒル,福知山市,二箇下線
花倉,丹後海陸交通（株）,32　福知山線
下向田,綾部市,篠田桜が丘線
高槻,綾部市,西八田線
一宮神社前,三岳バス運営協議会,自主運行バス・三岳バス
中上林診療所前,綾部市,上林線
諏訪神社前,綾部市,西坂線
天津出合,福知山市,大江山の家線
天津出合,丹後海陸交通（株）,32　福知山線
総合運動公園前,綾部市,西八田線
寺町,綾部市,上林線
丸山,綾部市,"志賀南北線, 篠田桜が丘線"
何北中学校前,綾部市,"志賀南北線, 篠田桜が丘線"
若宮神社前,綾部市,篠田桜が丘線
上三谷,福知山市,板生・千原線
山中,福知山市,直見線
上杉,綾部市,黒谷線
高槻観音堂,綾部市,西八田線
大呂公会堂前,三岳バス運営協議会,自主運行バス・三岳バス
竹石口,三岳バス運営協議会,自主運行バス・三岳バス
西屋,綾部市,上林線
小畑中,福知山市,畑線
上市,綾部市,"志賀南北線, 篠田桜が丘線"
高槻堂前,綾部市,西八田線
稲垣,福知山市,畑線
金里,綾部市,西八田線
丹波福居,南丹市,福居線
下三谷,福知山市,板生・千原線
下天津,丹後海陸交通（株）,32　福知山線
引地,綾部市,上林線
物部会館前,綾部市,篠田桜が丘線
物部,綾部市,志賀南北線
新宮,三岳バス運営協議会,自主運行バス・三岳バス
相谷,福知山市,直見線
東八田小学校前,綾部市,黒谷線
七百石,綾部市,西八田線
奥新庄,綾部市,西坂線
上八田町勢期,綾部市,西八田線
中田,福知山市,板生・千原線
日尾釈迦堂,三岳バス運営協議会,自主運行バス・三岳バス
佐里,綾部市,篠田桜が丘線
真野,綾部市,上林線
副谷,福知山市,直見線
上八田町寺垣,綾部市,西八田線
下市,綾部市,志賀南北線
極楽寺,綾部市,篠田桜が丘線
白道路,綾部市,篠田桜が丘線
金尾,福知山市,畑線
桑村,福知山市,畑線
大石,綾部市,黒谷線
副谷口,福知山市,直見線
中筋町西屋,綾部市,西八田線
門垣,福知山市,"直見線, 板生・千原線"
板生口,福知山市,板生・千原線
横谷,南丹市,福居線
日尾,三岳バス運営協議会,自主運行バス・三岳バス
八田診療所前,綾部市,黒谷線
大日,綾部市,西八田線
太田口,南丹市,福居線
小山,綾部市,上林線
松原,綾部市,西坂線
原貝,綾部市,西坂線
天野,綾部市,志賀南北線
梅迫駅,綾部市,黒谷線
森尾神社前,三岳バス運営協議会,自主運行バス・三岳バス
筈巻,福知山市,二箇下線
筈巻,庵我バス運営協議会,自主運行バス・庵我バス
知見,南丹市,知見線
常願寺,三岳バス運営協議会,自主運行バス・三岳バス
西の谷［夜久野町］,福知山市,畑線
念道,綾部市,上林線
梅迫郵便局前,綾部市,黒谷線
平野,福知山市,"直見線, 板生・千原線"
物部保育園前,綾部市,志賀南北線
天津大仙,丹後海陸交通（株）,32　福知山線
小畑中,綾部市,西坂線
畑交流センター前,福知山市,畑線
熊壁,南丹市,福居線
筈巻橋,庵我バス運営協議会,自主運行バス・庵我バス
中筋,綾部市,西八田線
小畑ライスセンター前,綾部市,西坂線
丹の国荘前,綾部市,西坂線
上大内,三岳バス運営協議会,自主運行バス・三岳バス
水上,福知山市,"直見線, 畑線, 板生・千原線"
梅迫公民館下,綾部市,黒谷線
八原,南丹市,知見線
脇,南丹市,福居線
太ヶ鼻,綾部市,志賀南北線
島万神社前,綾部市,西八田線
上夜久野駅前,福知山市,"直見線, 畑線, 板生・千原線"
洞,南丹市,鶴ヶ岡線
小呂,綾部市,篠田桜が丘線
大宮,綾部市,上林線
山田口,庵我バス運営協議会,自主運行バス・庵我バス
かじや,綾部市,西坂線
安国寺前,綾部市,黒谷線
山野口,京都交通（株）,41・42川北線
井根口,綾部市,上林線
石ノ隈,綾部市,志賀南北線
庄田,南丹市,福居線
安井,庵我バス運営協議会,自主運行バス・庵我バス
下大内,三岳バス運営協議会,自主運行バス・三岳バス
岡安郵便局前,綾部市,西八田線
農匠の郷,福知山市,"直見線, 畑線, 板生・千原線"
大油子,福知山市,"直見線, 畑線"
安井上,庵我バス運営協議会,自主運行バス・庵我バス
安国寺和田口,綾部市,黒谷線
長須,福知山市,畑線
星原,綾部市,篠田桜が丘線
十倉,綾部市,上林線
川上,京都交通（株）,41・42川北線
コミセン前,三岳バス運営協議会,自主運行バス・三岳バス
牧,京都交通（株）,51・52夜久野線
牧,三岳バス運営協議会,自主運行バス・三岳バス
岡安,綾部市,西八田線
大泊,南丹市,知見線
今田,綾部市,志賀南北線
立原,京都交通（株）,51・52夜久野線
立原,三岳バス運営協議会,自主運行バス・三岳バス
野花,京都交通（株）,51・52夜久野線
野花,三岳バス運営協議会,自主運行バス・三岳バス
上川口,京都交通（株）,51・52夜久野線
上川口,三岳バス運営協議会,自主運行バス・三岳バス
名島,南丹市,鶴ヶ岡線
角垣,福知山市,畑線
奥小西,綾部市,西坂線
中山橋,綾部市,黒谷線
口小倉,福知山市,板生・千原線
高谷,綾部市,志賀南北線
中十倉・くぬぎの里前,綾部市,上林線
小西,綾部市,西坂線
田土,南丹市,福居線
観音寺下,庵我バス運営協議会,自主運行バス・庵我バス
中風寺,南丹市,鶴ヶ岡線
印内口,京都交通（株）,41・42川北線
小田垣,福知山市,畑線
下川,丹後海陸交通（株）,32　福知山線
神谷口,南丹市,鶴ヶ岡線
小田,京都交通（株）,51・52夜久野線
報恩寺公民館前,京都交通（株）,41・42川北線
高内,福知山市,"直見線, 畑線, 板生・千原線"
下十倉,綾部市,上林線
渕垣駅,綾部市,"黒谷線, 西八田線"
日東精工城山工場前,綾部市,篠田桜が丘線
玄武岩公園,福知山市,板生・千原線
黒田,綾部市,西坂線
琴平橋,南丹市,鶴ヶ岡線
舘,綾部市,志賀南北線
教会前,京都交通（株）,41・42川北線
辻見,南丹市,知見線
池部下,庵我バス運営協議会,自主運行バス・庵我バス
高倉公園前,綾部市,篠田桜が丘線
大山,京都交通（株）,51・52夜久野線
住所,京都交通（株）,51・52夜久野線
中日置,福知山市,"直見線, 畑線"
池の内,京都交通（株）,51・52夜久野線
上日置,福知山市,"直見線, 畑線, 板生・千原線"
下条,南丹市,芦生・佐々里線
大見,京都交通（株）,51・52夜久野線
鴨の団地,京都交通（株）,51・52夜久野線
丹波池部,庵我バス運営協議会,自主運行バス・庵我バス
荒河出合,丹後海陸交通（株）,32　福知山線
舟津,南丹市,鶴ヶ岡線
南報恩寺,京都交通（株）,41・42川北線
下日置,福知山市,"直見線, 畑線"
池部上,庵我バス運営協議会,自主運行バス・庵我バス
境,綾部市,上林線
下梅谷,京都交通（株）,51・52夜久野線
井田橋,福知山市,畑線
田歌,南丹市,芦生・佐々里線
鶴ヶ岡,南丹市,"鶴ヶ岡線, 福居線"
かしの木台,京都交通（株）,51・52夜久野線
かしの木台,三岳バス運営協議会,自主運行バス・三岳バス
渕垣グラウンド下,綾部市,"黒谷線, 西八田線"
向条,南丹市,芦生・佐々里線
宮ノ前,南丹市,知見線
上梅谷,京都交通（株）,51・52夜久野線
庵我小学校前,庵我バス運営協議会,自主運行バス・庵我バス
庵我小学校,庵我バス運営協議会,自主運行バス・庵我バス
下末,福知山市,板生・千原線
月本,福知山市,"直見線, 畑線"
下荒河,丹後海陸交通（株）,32　福知山線
下夜久野駅前,福知山市,"直見線, 畑線, 板生・千原線"
下夜久野駅前,京都交通（株）,51・52夜久野線
福垣,綾部市,志賀南北線
畑口,福知山市,畑線
畑口,京都交通（株）,51・52夜久野線
江和,南丹市,芦生・佐々里線
あやべ台前,綾部市,"黒谷線, 西八田線"
上江和,南丹市,芦生・佐々里線
庵我神社前,庵我バス運営協議会,自主運行バス・庵我バス
ふれあいプラザ,福知山市,"直見線, 畑線, 板生・千原線"
桜が丘団地,綾部市,篠田桜が丘線
報恩寺口,京都交通（株）,41・42川北線
川合,南丹市,"鶴ヶ岡線, 福居線"
多田,綾部市,篠田桜が丘線
有岡,綾部市,篠田桜が丘線
中末,福知山市,板生・千原線
石原,綾部市,西坂線
丹波下中,庵我バス運営協議会,自主運行バス・庵我バス
旭町観光栗林園前,綾部市,上林線
岩井中山,京都交通（株）,51・52夜久野線
岩井中山,三岳バス運営協議会,自主運行バス・三岳バス
殿貝,綾部市,志賀南北線
JA吉美前,綾部市,篠田桜が丘線
中地蔵前,庵我バス運営協議会,自主運行バス・庵我バス
豊里郵便局前,綾部市,西坂線
上荒河,丹後海陸交通（株）,32　福知山線
私市西,綾部市,西坂線
私市公会堂前,綾部市,西坂線
清山荘前,綾部市,"篠田桜が丘線, 西坂線"
旭ヶ丘,綾部市,西坂線
里,綾部市,"篠田桜が丘線, 西坂線"
上中,庵我バス運営協議会,自主運行バス・庵我バス
大川神社前,綾部市,西坂線
中位田,綾部市,西坂線
上位田,綾部市,西坂線
下八田,綾部市,"黒谷線, 西八田線"
堺,京都交通（株）,41・42川北線
水道庁舎前,綾部市,西坂線
高城館前,綾部市,西坂線
知見口,南丹市,"河内谷線, 知井線, 知見線, 美山園部線"
中丹文化会館前,綾部市,"篠田桜が丘線, 西坂線"
旧知井小学校前,南丹市,"芦生・佐々里線, 河内谷線, 知井線, 知見線, 美山園部線"
下位田,綾部市,西坂線
井堰前,綾部市,西坂線
私市,綾部市,西坂線
三段池公園,京都交通（株）,11まちなか循環光秀ルート
三段池公園,庵我バス運営協議会,自主運行バス・庵我バス
棚,南丹市,"鶴ヶ岡線, 福居線"
川北,京都交通（株）,41・42川北線
湯殿,綾部市,西坂線
上村,京都交通（株）,41・42川北線
北,南丹市,"知井線, 美山園部線"
小貝橋,綾部市,西坂線
栗町,綾部市,志賀南北線
末公民館,福知山市,板生・千原線
待機宿舎前,綾部市,西坂線
会館前,南丹市,"知井線, 美山園部線"
戸田,京都交通（株）,41・42川北線
岩井,京都交通（株）,51・52夜久野線
岩井,三岳バス運営協議会,自主運行バス・三岳バス
小貝,綾部市,西坂線
団地前,庵我バス運営協議会,自主運行バス・庵我バス
旭町塩谷,綾部市,上林線
下千原,福知山市,板生・千原線
定ヶ谷,南丹市,"知井線, 美山園部線"
中千原,福知山市,板生・千原線
下中,南丹市,"知井線, 美山園部線"
美山町自然文化村,南丹市,美山園部線
芦生,南丹市,芦生・佐々里線
上末,福知山市,板生・千原線
庵我児童館前,庵我バス運営協議会,自主運行バス・庵我バス
瑞光寺前,福知山市,板生・千原線
太光,京都交通（株）,41・42川北線
栗文化センター前,綾部市,志賀南北線
京セラ前,綾部市,"黒谷線, 西八田線"
門前橋,京都交通（株）,41・42川北線
厚中問屋,丹後海陸交通（株）,32　福知山線
市立病院前,綾部市,"黒谷線, 志賀南北線, 紫水ヶ丘公園線, 篠田桜が丘線, 上林線, 西坂線, 西八田線, 東西線"
綾部市立病院,福知山市,川合大原線
三段池公園第一駐車場,庵我バス運営協議会,自主運行バス・庵我バス
白瀬橋南,綾部市,"黒谷線, 志賀南北線, 紫水ヶ丘公園線, 篠田桜が丘線, 西坂線, 西八田線, 東西線"
城山,庵我バス運営協議会,自主運行バス・庵我バス
上千原,福知山市,板生・千原線
厄除神社前,京都交通（株）,10まちなか循環北ルート
厚東町,京都交通（株）,13まちなか循環南ルート
厚中町,京都交通（株）,13まちなか循環南ルート
いもじ町,京都交通（株）,10まちなか循環北ルート
音無瀬橋東詰,庵我バス運営協議会,自主運行バス・庵我バス
南,南丹市,"知井線, 美山園部線"
口芦生,南丹市,芦生・佐々里線
本庄,京都交通（株）,53・54小牧線
三愛荘下,京都交通（株）,41・42川北線
久昌寺前（寺町）,京都交通（株）,10まちなか循環北ルート
三段池,京都交通（株）,"11まちなか循環光秀ルート, 41・42川北線"
岡谷川,綾部市,東西線
岡谷川,京都交通（株）,31・32福知山線
猪崎,京都交通（株）,"11まちなか循環光秀ルート, 41・42川北線"
猪崎,庵我バス運営協議会,自主運行バス・庵我バス
昭和新町,京都交通（株）,"10まちなか循環北ルート, 13まちなか循環南ルート"
高津東,綾部市,東西線
砂木,南丹市,"鶴ヶ岡線, 福居線"
高津駅前,綾部市,東西線
高津,京都交通（株）,31・32福知山線
大島中,綾部市,東西線
あやべグンゼスクエア前,綾部市,"黒谷線, 志賀南北線, 紫水ヶ丘公園線, 篠田桜が丘線, 西坂線, 西八田線, 東西線"
大島,京都交通（株）,31・32福知山線
高津西,綾部市,東西線
協立病院前,綾部市,東西線
協立病院前,京都交通（株）,31・32福知山線
厚,京都交通（株）,"51・52夜久野線, 53・54小牧線"
厚,三岳バス運営協議会,自主運行バス・三岳バス
治水記念館前,京都交通（株）,10まちなか循環北ルート
出合,南丹市,芦生・佐々里線
観音寺,京都交通（株）,31・32福知山線
東山町受戸,綾部市,上林線
市民病院,京都交通（株）,"10まちなか循環北ルート, 13まちなか循環南ルート, 17堀循環線, 18堀市内線, 20岩間循環バス, 31・32福知山線, 33長田野線, 41・42川北線, 51・52夜久野線, 53・54小牧線"
市民病院,丹後海陸交通（株）,32　福知山線
市民病院,三岳バス運営協議会,自主運行バス・三岳バス
市民病院,中六人部バス運営協議会,自主運行バス・中六人部バス
市民病院前,丹後海陸交通（株）,32　福知山線
市民病院前,庵我バス運営協議会,自主運行バス・庵我バス
鳥ヶ坪交差点,綾部市,"志賀南北線, 上林線"
鳥ヶ坪,京都交通（株）,31・32福知山線
青野町青野,福知山市,川合大原線
青野,綾部市,"黒谷線, 志賀南北線, 篠田桜が丘線, 西坂線, 西八田線, 東西線"
半田,京都交通（株）,53・54小牧線
自動車学校前,綾部市,東西線
綾高前,綾部市,"志賀南北線, 上林線, 東西線"
綾高前,京都交通（株）,31・32福知山線
バザールタウン前,綾部市,"志賀南北線, 紫水ヶ丘公園線"
興,京都交通（株）,31・32福知山線
篠尾新町,京都交通（株）,"10まちなか循環北ルート, 13まちなか循環南ルート, 17堀循環線, 18堀市内線, 20岩間循環バス, 31・32福知山線, 33長田野線, 41・42川北線, 51・52夜久野線, 53・54小牧線"
警察署前,綾部市,"志賀南北線, 上林線, 東西線"
警察署前,京都交通（株）,31・32福知山線
厚生会館前,京都交通（株）,"11まちなか循環光秀ルート, 41・42川北線"
厚生会館前,丹後海陸交通（株）,32　福知山線
厚生会館前,庵我バス運営協議会,自主運行バス・庵我バス
広小路,京都交通（株）,"10まちなか循環北ルート, 11まちなか循環光秀ルート, 41・42川北線"
広小路,庵我バス運営協議会,自主運行バス・庵我バス
市民ホール前,綾部市,"志賀南北線, 上林線, 東西線"
宮代,京都交通（株）,31・32福知山線
綾部駅前,福知山市,川合大原線
綾部駅前,京都交通（株）,31・32福知山線
河内谷,南丹市,河内谷線
昭和小学校前,京都交通（株）,"10まちなか循環北ルート, 13まちなか循環南ルート"
昭和小学校前,丹後海陸交通（株）,32　福知山線
綾部駅南口,綾部市,"黒谷線, 志賀南北線, 紫水ヶ丘公園線, 篠田桜が丘線, 上林線, 西坂線, 西八田線, 東西線"
高津コミセン前,綾部市,東西線
保健センター前,京都交通（株）,41・42川北線
西本町,京都交通（株）,"10まちなか循環北ルート, 11まちなか循環光秀ルート, 13まちなか循環南ルート, 17堀循環線, 18堀市内線, 20岩間循環バス, 31・32福知山線, 33長田野線, 41・42川北線, 51・52夜久野線, 53・54小牧線"
西本町,丹後海陸交通（株）,32　福知山線
西本町,庵我バス運営協議会,自主運行バス・庵我バス
昭和通り南,京都交通（株）,13まちなか循環南ルート
石原,京都交通（株）,31・32福知山線
ふれあいセンター前,綾部市,東西線
京都府総合庁舎前,綾部市,"黒谷線, 志賀南北線, 篠田桜が丘線, 西坂線, 西八田線, 東西線"
明智薮前,京都交通（株）,11まちなか循環光秀ルート
紫水ヶ丘団地西,綾部市,紫水ヶ丘公園線
西町2丁目,福知山市,川合大原線
西町二丁目,綾部市,"黒谷線, 志賀南北線, 紫水ヶ丘公園線, 篠田桜が丘線, 上林線, 西坂線, 西八田線, 東西線"
京都ルネス病院前,中六人部バス運営協議会,自主運行バス・中六人部バス
京都ルネス病院前,三岳バス運営協議会,自主運行バス・三岳バス
京都ルネス病院前,庵我バス運営協議会,自主運行バス・庵我バス
京都ルネスクリニック,京都交通（株）,"10まちなか循環北ルート, 13まちなか循環南ルート, 20岩間循環バス"
広小路三丁目,綾部市,志賀南北線
綾高東分校前,綾部市,"黒谷線, 紫水ヶ丘公園線, 上林線, 西八田線"
アイタウン二番街,綾部市,紫水ヶ丘公園線
上延町八反,綾部市,東西線
広小路二丁目,綾部市,志賀南北線
東綾小・中学校前,綾部市,上林線
丹波大橋,綾部市,"黒谷線, 紫水ヶ丘公園線, 上林線, 西八田線"
内記六丁目北,京都交通（株）,10まちなか循環北ルート
西町一丁目,綾部市,志賀南北線
紫水ヶ丘団地東,綾部市,紫水ヶ丘公園線
府立工業高校前,京都交通（株）,31・32福知山線
総合庁舎前,福知山市,川合大原線
協立診療所前,福知山市,川合大原線
協立診療所前,綾部市,紫水ヶ丘公園線
総合庁舎前,京都交通（株）,"17堀循環線, 41・42川北線"
市役所前,綾部市,志賀南北線
税務署南,京都交通（株）,13まちなか循環南ルート
高野,南丹市,"鶴ヶ岡線, 福居線"
京都ルネス病院,京都交通（株）,13まちなか循環南ルート
フレスポ福知山前,京都交通（株）,13まちなか循環南ルート
土,京都交通（株）,"31・32福知山線, 33長田野線"
内久保,南丹市,"知井線, 美山園部線"
西町,綾部市,紫水ヶ丘公園線
西町［I・Tビル前］,福知山市,川合大原線
東野町,京都交通（株）,"31・32福知山線, 33長田野線"
今安,京都交通（株）,53・54小牧線
ハートセンター前,綾部市,志賀南北線
紫水ヶ丘公園前,綾部市,紫水ヶ丘公園線
福知山城公園前,西日本ジェイアールバス（株）,園福線
福知山城公園前,京都交通（株）,"20岩間循環バス, 31・32福知山線, 33長田野線"
福知山城公園前,中六人部バス運営協議会,自主運行バス・中六人部バス
南土野,京都交通（株）,33長田野線
市役所前,西日本ジェイアールバス（株）,園福線
市役所前,京都交通（株）,"10まちなか循環北ルート, 11まちなか循環光秀ルート, 17堀循環線, 18堀市内線, 20岩間循環バス, 31・32福知山線, 33長田野線"
市役所前,三岳バス運営協議会,自主運行バス・三岳バス
市役所前,中六人部バス運営協議会,自主運行バス・中六人部バス
上町大本前,福知山市,川合大原線
前田,京都交通（株）,"31・32福知山線, 33長田野線"
大本神苑前,綾部市,志賀南北線
福知山駅,庵我バス運営協議会,自主運行バス・庵我バス
福知山駅,西日本ジェイアールバス（株）,園福線
福知山駅,三岳バス運営協議会,自主運行バス・三岳バス
福知山駅,中六人部バス運営協議会,自主運行バス・中六人部バス
福知山駅前,京都交通（株）,"10まちなか循環北ルート, 11まちなか循環光秀ルート, 13まちなか循環南ルート, 17堀循環線, 18堀市内線, 20岩間循環バス, 31・32福知山線, 33長田野線, 41・42川北線, 51・52夜久野線, 53・54小牧線"
上久保,南丹市,"知井線, 美山園部線"
福知山駅北口,丹後海陸交通（株）,32　福知山線
大内,南丹市,"知井線, 美山園部線"
ききょう通り,京都交通（株）,10まちなか循環北ルート
西佳屋野,京都交通（株）,"31・32福知山線, 33長田野線"
福知山城公園前（ゆらのガーデン前）,京都交通（株）,"10まちなか循環北ルート, 11まちなか循環光秀ルート"
福高前,京都交通（株）,"31・32福知山線, 33長田野線"
羽合,京都交通（株）,13まちなか循環南ルート
市役所西,京都交通（株）,13まちなか循環南ルート
業務スーパー,京都交通（株）,13まちなか循環南ルート
小松ヶ丘,京都交通（株）,33長田野線
福知山駅南口,京都交通（株）,13まちなか循環南ルート
福知山駅南口,丹後海陸交通（株）,32　福知山線
東平野町,京都交通（株）,33長田野線
土師,京都交通（株）,"31・32福知山線, 33長田野線"
大池坂,京都交通（株）,33長田野線
AVIX前,京都交通（株）,13まちなか循環南ルート
岡ノ二町,京都交通（株）,"10まちなか循環北ルート, 17堀循環線"
山家,綾部市,上林線
山家駅前,綾部市,上林線
高貝,京都交通（株）,13まちなか循環南ルート
北平野町,京都交通（株）,33長田野線
岡ノ三町,京都交通（株）,10まちなか循環北ルート
栃原,南丹市,"鶴ヶ岡線, 福居線"
中坂,京都交通（株）,33長田野線
長山,京都交通（株）,33長田野線
内田北,京都交通（株）,10まちなか循環北ルート
丹波土師,西日本ジェイアールバス（株）,園福線
丹波土師,中六人部バス運営協議会,自主運行バス・中六人部バス
若宮酒造前,綾部市,"紫水ヶ丘公園線, 上林線"
松縄手,西日本ジェイアールバス（株）,園福線
松縄手,京都交通（株）,"20岩間循環バス, 31・32福知山線, 33長田野線"
松縄手,中六人部バス運営協議会,自主運行バス・中六人部バス
大本長生殿前,綾部市,志賀南北線
内田,京都交通（株）,"17堀循環線, 18堀市内線"
上羽合,京都交通（株）,13まちなか循環南ルート
西平野町,京都交通（株）,33長田野線
高等技術専門学校前,京都交通（株）,33長田野線
拝師,京都交通（株）,53・54小牧線
上野町合同宿舎前,綾部市,志賀南北線
ハローワーク前,京都交通（株）,13まちなか循環南ルート
共栄高校前,丹後海陸交通（株）,32　福知山線
南陵下,京都交通（株）,17堀循環線
松本病院前,西日本ジェイアールバス（株）,園福線
松本病院前,中六人部バス運営協議会,自主運行バス・中六人部バス
矢見所,京都交通（株）,13まちなか循環南ルート
額塚,京都交通（株）,53・54小牧線
鷹栖町長瀬,綾部市,上林線
小牧,京都交通（株）,53・54小牧線
荒倉,南丹市,"知井線, 美山園部線"
南海団地前,綾部市,上林線
自衛隊下,京都交通（株）,17堀循環線
野家,京都交通（株）,"17堀循環線, 18堀市内線"
東堀,京都交通（株）,20岩間循環バス
大師前,京都交通（株）,17堀循環線
土師新町,西日本ジェイアールバス（株）,園福線
土師新町,中六人部バス運営協議会,自主運行バス・中六人部バス
白石,南丹市,芦生・佐々里線
寺町,福知山市,川合大原線
上野町上池田,綾部市,志賀南北線
一宮神社前,京都交通（株）,"17堀循環線, 18堀市内線"
防災センター,庵我バス運営協議会,自主運行バス・庵我バス
斎場前,綾部市,志賀南北線
桃映中学校前,京都交通（株）,17堀循環線
大谷公園前,京都交通（株）,13まちなか循環南ルート
小倉団地前,綾部市,志賀南北線
今宮,南丹市,"鶴ヶ岡線, 福居線"
西原町,綾部市,上林線
堀センター前,京都交通（株）,"17堀循環線, 18堀市内線"
川谷,南丹市,大野線（南丹市）
向野,京都交通（株）,13まちなか循環南ルート
南天田,京都交通（株）,13まちなか循環南ルート
ロイヤルヒルホテル前,西日本ジェイアールバス（株）,園福線
ホテルロイヤルヒル前,中六人部バス運営協議会,自主運行バス・中六人部バス
松寿苑下,綾部市,志賀南北線
本堀,京都交通（株）,"17堀循環線, 18堀市内線"
つつじが丘,京都交通（株）,13まちなか循環南ルート
長田野体育館前,西日本ジェイアールバス（株）,園福線
小谷ヶ丘・福知山公立大学前,京都交通（株）,17堀循環線
榎原,京都交通（株）,53・54小牧線
松寿苑前,綾部市,志賀南北線
美山高校前,南丹市,芦生・佐々里線
平和公園下,京都交通（株）,17堀循環線
石場,京都交通（株）,53・54小牧線
夕陽が丘,京都交通（株）,13まちなか循環南ルート
工業団地前,中六人部バス運営協議会,自主運行バス・中六人部バス
成美高校前,京都交通（株）,17堀循環線
トラックセンター前,西日本ジェイアールバス（株）,園福線
長田野,中六人部バス運営協議会,自主運行バス・中六人部バス
上畑中,京都交通（株）,53・54小牧線
水源地前,京都交通（株）,"18堀市内線, 20岩間循環バス"
想貝,京都交通（株）,53・54小牧線
長田野中橋,西日本ジェイアールバス（株）,園福線
室新田,京都交通（株）,13まちなか循環南ルート
畑中,京都交通（株）,53・54小牧線
なかよし広場,西日本ジェイアールバス（株）,園福線
談,京都交通（株）,53・54小牧線
上司,南丹市,"大野線（南丹市）, 大野線"
佐々里,南丹市,芦生・佐々里線
萱野橋,南丹市,"大野線（南丹市）, 大野線"
森垣,京都交通（株）,"18堀市内線, 20岩間循環バス"
正明寺六反田,京都交通（株）,13まちなか循環南ルート
室,京都交通（株）,13まちなか循環南ルート
平屋小学校前,南丹市,"知井線, 美山園部線"
市ノ谷,西日本ジェイアールバス（株）,園福線
大野,南丹市,"大野線（南丹市）, 大野線"
安掛,南丹市,"京北線, 知井線, 美山園部線"
和泉下,南丹市,"大野線（南丹市）, 大野線"
上大野,南丹市,"大野線（南丹市）, 大野線"
旧診療所前,南丹市,"京北線, 知井線, 美山園部線"
静原,南丹市,"鶴ヶ岡線, 福居線"
美山診療所,南丹市,"京北線, 知井線, 美山園部線"
日吉ヶ丘団地,京都交通（株）,20岩間循環バス
砂子池,西日本ジェイアールバス（株）,園福線
京都サポートセンター,京都交通（株）,20岩間循環バス
和泉,南丹市,"京北線, 大野線（南丹市）, 大野線, 知井線, 鶴ヶ岡線, 福居線"
上平屋,南丹市,"京北線, 知井線, 美山園部線"
丹波長尾,南丹市,"京北線, 知井線, 美山園部線"
長田郵便局前,西日本ジェイアールバス（株）,園福線
保育所前,南丹市,"大野線（南丹市）, 大野線"
五丁ヶ谷（コミセン）,中六人部バス運営協議会,自主運行バス・中六人部バス
塩坪橋,京都交通（株）,53・54小牧線
下六人部,西日本ジェイアールバス（株）,園福線
美山支所前,南丹市,"京北線, 大野線, 知井線"
岩江戸,南丹市,"大野線（南丹市）, 大野線"
岩間口,京都交通（株）,"18堀市内線, 20岩間循環バス"
岩間中,京都交通（株）,"18堀市内線, 20岩間循環バス"
上松,西日本ジェイアールバス（株）,園福線
下平屋,南丹市,"京北線, 知井線, 美山園部線"
下樫原,南丹市,"大野線（南丹市）, 大野線"
プラント3前,中六人部バス運営協議会,自主運行バス・中六人部バス
長田,西日本ジェイアールバス（株）,園福線
岩間会館前,京都交通（株）,"18堀市内線, 20岩間循環バス"
下岩江戸,南丹市,"大野線（南丹市）, 大野線"
照蓮寺下,西日本ジェイアールバス（株）,園福線
樫原,南丹市,"大野線（南丹市）, 大野線"
花ノ木,南丹市,"京北線, 知井線, 美山園部線"
奥榎原公会堂前,京都交通（株）,53・54小牧線
信用金庫前,西日本ジェイアールバス（株）,園福線
肱谷,南丹市,"大野線（南丹市）, 大野線"
佐本橋,南丹市,"京北線, 大野線, 知井線"
向山橋,南丹市,"大野線（南丹市）, 大野線"
多保市,西日本ジェイアールバス（株）,園福線
多保市,中六人部バス運営協議会,自主運行バス・中六人部バス
又林,南丹市,"京北線, 知井線, 美山園部線"
広河原,京都バス（株）,32
小渕,南丹市,"大野線（南丹市）, 大野線"
下深見,南丹市,"京北線, 知井線, 美山園部線"
大野ダム,南丹市,"大野線（南丹市）, 大野線"
奥榎原,京都交通（株）,53・54小牧線
育成苑前,南丹市,"大野線（南丹市）, 大野線"
高橋,福知山市,川合大原線
丹波岩崎,西日本ジェイアールバス（株）,園福線
丹波岩崎,中六人部バス運営協議会,自主運行バス・中六人部バス
尾花町,京都バス（株）,32
篠原,南丹市,"大野線（南丹市）, 大野線"
大迫,南丹市,"大野線（南丹市）, 大野線"
塩谷口,南丹市,"大野線（南丹市）, 大野線"
下吉田,南丹市,"京北線, 大野線, 知井線"
中深見,南丹市,京北線
島田,中六人部バス運営協議会,自主運行バス・中六人部バス
下又林,南丹市,"京北線, 知井線, 美山園部線"
深見,南丹市,京北線
上市場,南丹市,"大野線（南丹市）, 大野線"
長瀬,南丹市,"大野線（南丹市）, 大野線"
経塚,南丹市,"大野線（南丹市）, 大野線"
和知駅,南丹市,"大野線（南丹市）, 大野線"
松ヶ瀬,南丹市,"京北線, 大野線, 知井線"
中学校前,南丹市,"大野線（南丹市）, 大野線"
武柾前,南丹市,"京北線, 大野線, 知井線"
野間仁田,中六人部バス運営協議会,自主運行バス・中六人部バス
丹波池田,西日本ジェイアールバス（株）,園福線
中ノ谷,福知山市,川合大原線
菅原,京都バス（株）,32
下の町,京都バス（株）,32
市場公民館,南丹市,"大野線（南丹市）, 大野線"
下地,中六人部バス運営協議会,自主運行バス・中六人部バス
柏木,南丹市,"大野線（南丹市）, 大野線"
中六会館前,中六人部バス運営協議会,自主運行バス・中六人部バス
笹場,中六人部バス運営協議会,自主運行バス・中六人部バス
台頭,福知山市,川合大原線
中地,中六人部バス運営協議会,自主運行バス・中六人部バス
下三俣,西日本ジェイアールバス（株）,園福線
宮脇,南丹市,"京北線, 大野線, 知井線, 美山園部線"
後正寺,中六人部バス運営協議会,自主運行バス・中六人部バス
升谷,南丹市,"大野線（南丹市）, 大野線"
丹波三俣,西日本ジェイアールバス（株）,園福線
新開,中六人部バス運営協議会,自主運行バス・中六人部バス
升谷子来,南丹市,"大野線（南丹市）, 大野線"
田野城址前,中六人部バス運営協議会,自主運行バス・中六人部バス
堀越,西日本ジェイアールバス（株）,園福線
小峠野,福知山市,川合大原線
能見口,京都バス（株）,32
口田野公民館前,中六人部バス運営協議会,自主運行バス・中六人部バス
上地,福知山市,川合大原線
升谷橋,南丹市,"大野線（南丹市）, 大野線"
スゲ,福知山市,川合大原線
板橋,南丹市,"京北線, 美山園部線"
生野里,西日本ジェイアールバス（株）,園福線
杜若,京都バス（株）,32
大原,福知山市,川合大原線
御供田,福知山市,川合大原線
上川合,福知山市,川合大原線
学校下［川合小］,福知山市,川合大原線
山田下,中六人部バス運営協議会,自主運行バス・中六人部バス
山田橋,中六人部バス運営協議会,自主運行バス・中六人部バス
杓子屋,京都バス（株）,32
海老坂,南丹市,"京北線, 美山園部線"
岼,福知山市,川合大原線
丹波萩原,西日本ジェイアールバス（株）,園福線
井の口橋,京都バス（株）,32
旧常楽寺下,福知山市,川合大原線
谷口,南丹市,"京北線, 美山園部線"
奥池,中六人部バス運営協議会,自主運行バス・中六人部バス
大悲山口,京都バス（株）,32
田野山田公民館前,中六人部バス運営協議会,自主運行バス・中六人部バス
原地中の町,京都バス（株）,32
原,南丹市,"京北線, 美山園部線"
日向,福知山市,川合大原線
山田上,中六人部バス運営協議会,自主運行バス・中六人部バス
芦渕,西日本ジェイアールバス（株）,園福線
下川合,福知山市,川合大原線
奥原,南丹市,"京北線, 美山園部線"
川合橋,福知山市,川合大原線
教会前,京都バス（株）,32
三軒家,西日本ジェイアールバス（株）,園福線
丹波上川,南丹市,京北線
加用,福知山市,菟原線
丹波新橋,西日本ジェイアールバス（株）,園福線
新橋,福知山市,"細見線, 川合大原線"
八桝橋,京都バス（株）,32
芦渕,福知山市,川合大原線
三和荘,福知山市,"細見線, 川合大原線, 菟原線, 友渕支線"
花背交流の森前,京都バス（株）,32
下ノ段,福知山市,"細見線, 川合大原線, 菟原線, 友渕支線"
下ノ段,西日本ジェイアールバス（株）,園福線
丹波下川,南丹市,京北線
寺尾中央,福知山市,細見線
春日社前,京都バス（株）,32
加用口,福知山市,菟原線
三和保育園,福知山市,細見線
ミニフレッシュ三和店前,福知山市,"細見線, 川合大原線, 菟原線, 友渕支線"
岩瀬橋,福知山市,細見線
深山口,福知山市,菟原線
千束,福知山市,"細見線, 川合大原線, 菟原線, 友渕支線"
細見千束,西日本ジェイアールバス（株）,園福線
畑郷,南丹市,胡麻線
福祉センター前,福知山市,"細見線, 川合大原線, 菟原線, 友渕支線"
上弓削,南丹市,京北線
八桝校前,京都バス（株）,32
小畑［三和町］,福知山市,細見線
井上谷,南丹市,"五ヶ荘線, 美山園部線"
野毛,福知山市,細見線
辻車庫前,福知山市,"細見線, 川合大原線"
細見辻,福知山市,"細見線, 菟原線, 友渕支線"
細見辻,西日本ジェイアールバス（株）,園福線
市谷,南丹市,"五ヶ荘線, 美山園部線"
段,福知山市,細見線
八桝口,京都バス（株）,32
草山,福知山市,細見線
沢尻,南丹市,京北線
八幡神社前,福知山市,菟原線
東谷,南丹市,"五ヶ荘線, 美山園部線"
大身妙見前,福知山市,菟原線
下佐々江,南丹市,"京北線, 五ヶ荘線, 美山園部線"
中ヶ市,福知山市,細見線
大身下,福知山市,菟原線
陽光台,南丹市,胡麻線
五反田,福知山市,菟原線
北山,福知山市,菟原線
大身上,福知山市,菟原線
殿谷,南丹市,"五ヶ荘線, 美山園部線"
花背農協前,京都バス（株）,32
大身下,西日本ジェイアールバス（株）,園福線
丹波大身,西日本ジェイアールバス（株）,園福線
大布施,京都バス（株）,32
四ッ谷,南丹市,"五ヶ荘線, 美山園部線"
診療所前,南丹市,"五ヶ荘線, 美山園部線"
河内ヶ野,福知山市,"川合大原線, 菟原線, 友渕支線"
小野谷口,京都バス（株）,32
松ヶ瀬,西日本ジェイアールバス（株）,園福線
田貫公民館,南丹市,京北線
上佐々江,南丹市,"京北線, 五ヶ荘線, 美山園部線"
坪原,福知山市,菟原線
中佐々江,南丹市,"京北線, 五ヶ荘線, 美山園部線"
田貫,南丹市,京北線
三和橋,西日本ジェイアールバス（株）,園福線
小笹,福知山市,細見線
北谷口,南丹市,"京北線, 五ヶ荘線, 美山園部線"
奥ヶ市,福知山市,細見線
五反田,南丹市,"五ヶ荘線, 美山園部線"
赤石,南丹市,京北線
後野,南丹市,胡麻線
佐々江,南丹市,"京北線, 五ヶ荘線, 美山園部線"
柏田,福知山市,"川合大原線, 菟原線, 友渕支線"
室,南丹市,"五ヶ荘線, 美山園部線"
筒江口,南丹市,京北線
角子橋,京都バス（株）,32
菟原,福知山市,"川合大原線, 菟原線, 友渕支線"
莵原,西日本ジェイアールバス（株）,園福線
小学校前［菟原小］,福知山市,"川合大原線, 菟原線, 友渕支線"
吉野辺,南丹市,"五ヶ荘線, 美山園部線"
新町,南丹市,胡麻線
新町西,南丹市,胡麻線
柳瀬,西日本ジェイアールバス（株）,園福線
日吉平,南丹市,胡麻線
上中,南丹市,京北線
胡麻保育所前,南丹市,胡麻線
莵原下,西日本ジェイアールバス（株）,園福線
梅田神社前,福知山市,細見線
天理教前,西日本ジェイアールバス（株）,園福線
鳥谷住宅前,南丹市,京北線
三和郵便局前,福知山市,"川合大原線, 菟原線, 友渕支線"
菟原診療所,福知山市,"菟原線, 友渕支線"
下一公民館,福知山市,"川合大原線, 菟原線, 友渕支線"
菟原下,福知山市,"川合大原線, 菟原線, 友渕支線"
胡麻郷小学校前,南丹市,胡麻線
レイクサイド前,南丹市,胡麻線
菟原中,福知山市,"菟原線, 友渕支線"
菟原中しゅうず,福知山市,"菟原線, 友渕支線"
成満寺下,福知山市,"川合大原線, 菟原線, 友渕支線"
京北病院前,南丹市,京北線
京北病院玄関口,南丹市,京北線
広野,南丹市,胡麻線
総合会館,福知山市,"川合大原線, 菟原線, 友渕支線"
広野球技場前,南丹市,胡麻線
下中,南丹市,京北線
興雲寺前,福知山市,細見線
角本,南丹市,胡麻線
胡麻駅,南丹市,胡麻線
中村,南丹市,胡麻線
田原,南丹市,"五ヶ荘線, 美山園部線"
旧分校前,福知山市,細見線
高杉橋,福知山市,友渕支線
木戸,南丹市,胡麻線
東胡麻,南丹市,胡麻線
西ノ谷［三和町］,福知山市,細見線
興風体育館前,南丹市,"五ヶ荘線, 美山園部線"
中出,福知山市,細見線
高杉,福知山市,友渕支線
上大久保,西日本ジェイアールバス（株）,園福線
上胡麻,南丹市,胡麻線
下大久保,西日本ジェイアールバス（株）,園福線
下地,西日本ジェイアールバス（株）,園福線
清田,南丹市,京北線
ユースランド前,南丹市,胡麻線
弓削保育所,南丹市,京北線
紅葉橋,京都バス（株）,32
六ノ坪,西日本ジェイアールバス（株）,園福線
中筋,福知山市,友渕支線
丹波梅田,西日本ジェイアールバス（株）,園福線
大師前,福知山市,友渕支線
下殿村,南丹市,"五ヶ荘線, 美山園部線"
下弓削,南丹市,京北線
天満神社前,福知山市,細見線
大原野,福知山市,友渕支線
生畑,南丹市,世木線
和田,南丹市,"五ヶ荘線, 美山園部線"
サイノノ,福知山市,友渕支線
坂井,西日本ジェイアールバス（株）,園福線
日吉山の家,南丹市,世木線
特養前,福知山市,友渕支線
はぎの里前,南丹市,胡麻線
丹波和田,西日本ジェイアールバス（株）,園福線
塩田口,南丹市,京北線
北垣内,福知山市,友渕支線
明治国際医療大学,京阪京都交通（株）,"77, 45"
国際医療大学病院前,南丹市,"胡麻線, 美山園部線"
明治国際医療大学付属病院,京阪京都交通（株）,45
下ひよ,南丹市,世木線
山の家グランド前,京都バス（株）,32
新し,南丹市,"五ヶ荘線, 美山園部線"
京丹波町病院前,西日本ジェイアールバス（株）,園福線
友渕,福知山市,友渕支線
常照寺下,西日本ジェイアールバス（株）,園福線
井尻,西日本ジェイアールバス（株）,園福線
鍼灸大学前駅,南丹市,"胡麻線, 美山園部線"
出口妙見前,西日本ジェイアールバス（株）,園福線
桧山,西日本ジェイアールバス（株）,園福線
井崎,南丹市,京北線
田ノ谷,福知山市,細見線
九手神社前,西日本ジェイアールバス（株）,園福線
丹波高原,西日本ジェイアールバス（株）,園福線
別所下の町,京都バス（株）,32
上保野田,南丹市,"胡麻線, 美山園部線"
立岩,福知山市,友渕支線
花友はなせ・診療所前,京都バス（株）,32
片野,南丹市,"五ヶ荘線, 美山園部線"
上木住,南丹市,世木線
花背山の家前,京都バス（株）,32
出口橋,南丹市,京北線
須知高校前,西日本ジェイアールバス（株）,園福線
農協前,南丹市,"胡麻線, 美山園部線"
別所中の町,京都バス（株）,32
花背高原前,京都バス（株）,32
自然運動公園前,西日本ジェイアールバス（株）,園福線
丹波公園センター,西日本ジェイアールバス（株）,園福線
大町,南丹市,"五ヶ荘線, 美山園部線"
中木住,南丹市,世木線
堂ノ町,京都バス（株）,32
下保野田,南丹市,"胡麻線, 美山園部線"
太田,南丹市,京北線
下保野田集会所前,南丹市,志和賀線
八栄口,南丹市,志和賀線
別所上の町,京都バス（株）,32
教会前,南丹市,"五ヶ荘線, 美山園部線"
ひよしこども園,南丹市,"志和賀線, 世木線, 美山園部線"
蒲生,西日本ジェイアールバス（株）,園福線
木住口,南丹市,世木線
下木住,南丹市,世木線
卯滝口,南丹市,京北線
日吉駅,南丹市,"胡麻線, 五ヶ荘線, 志和賀線, 世木線, 美山園部線"
日吉駅前,京阪京都交通（株）,45
殿田町,南丹市,"五ヶ荘線, 美山園部線"
農協会館前,西日本ジェイアールバス（株）,園福線
旧道別れ,京都バス（株）,32
殿田中学校前,南丹市,"世木線, 美山園部線"
花背峠,京都バス（株）,32
京北農協前,南丹市,京北線
志和賀東組,南丹市,志和賀線
新道口,西日本ジェイアールバス（株）,園福線
中谷,南丹市,世木線
下谷,南丹市,世木線
小牧町,南丹市,世木線
志和賀,南丹市,志和賀線
上谷,南丹市,世木線
京北合同庁舎前,西日本ジェイアールバス（株）,高雄・京北線
周山,南丹市,京北線
周山,西日本ジェイアールバス（株）,高雄・京北線
町筋,南丹市,世木線
小道津,南丹市,"世木線, 美山園部線"
新須知,西日本ジェイアールバス（株）,園福線
東町,南丹市,世木線
周山下町,西日本ジェイアールバス（株）,高雄・京北線
スプリングスひよし,南丹市,美山園部線
ひよし温泉,南丹市,世木線
三谷口,京都バス（株）,10
百井別れ,京都バス（株）,32
琴滝道,西日本ジェイアールバス（株）,園福線
八千代橋,西日本ジェイアールバス（株）,高雄・京北線
峠下,京都バス（株）,32
栗尾町,西日本ジェイアールバス（株）,高雄・京北線
小出石,京都バス（株）,"10, 19, 大原ー小出石"
竹野口,西日本ジェイアールバス（株）,園福線
古道橋,京都バス（株）,32
新田,京都バス（株）,"19, 大原ー小出石"
丹波水戸,西日本ジェイアールバス（株）,園福線
古知谷,京都バス（株）,"19, 大原ー小出石"
松尾,南丹市,"30系統, 美山園部線"
金福寺前,西日本ジェイアールバス（株）,園福線
船岡駅,南丹市,30系統
新水戸,西日本ジェイアールバス（株）,園福線
新堂口,南丹市,"30系統, 50系統"
熊崎口,南丹市,"30系統, 50系統"
扶桑橋,京都バス（株）,32
越方公民館,南丹市,30系統
石折,京都バス（株）,"19, 大原ー小出石"
瓜生野,南丹市,"30系統, 50系統"
観音峠,西日本ジェイアールバス（株）,園福線
峠北口,西日本ジェイアールバス（株）,園福線
道の駅京都新光悦村,南丹市,50系統
新光悦村工業団地2,南丹市,50系統
細野口,西日本ジェイアールバス（株）,高雄・京北線
新光悦村工業団地1,南丹市,50系統
大原学校前,京都バス（株）,"19, 大原ー小出石"
高屋公民館,南丹市,30系統
滝ノ町,西日本ジェイアールバス（株）,高雄・京北線
大原,京都バス（株）,"10, 16, 特16, 17, 特17, 18, 19, 55, 高野車庫ー大原, 大原ー小出石"
佐切公民館,南丹市,30系統
鞍馬温泉,京都バス（株）,"32, 52"
貴船,京都バス（株）,"33, 特33"
曽我谷口,南丹市,"30系統, 50系統, 美山園部線"
曽我谷口,京阪京都交通（株）,45
梅の宮前,京都バス（株）,"10, 16, 特16, 17, 特17, 18, 19, 55, 高野車庫ー大原"
上木崎,西日本ジェイアールバス（株）,園福線
梅宮橋,京都バス（株）,"33, 特33"
曽我谷,南丹市,50系統
上在地,京都バス（株）,"32, 52"
大長瀬町,京都バス（株）,"10, 16, 特16, 17, 特17, 18, 19, 55, 高野車庫ー大原"
長生園前,南丹市,50系統
野村,京都バス（株）,55
小野上ノ町,西日本ジェイアールバス（株）,高雄・京北線
三本杉,京都バス（株）,"33, 特33"
小野郷,西日本ジェイアールバス（株）,高雄・京北線
鞍馬,京都バス（株）,"32, 52"
上木崎町東,南丹市,50系統
野村別れ（里の駅大原）,京都バス（株）,"10, 16, 特16, 17, 特17, 18, 19, 55, 高野車庫ー大原"
江文峠口,京都バス（株）,55
木崎町,南丹市,"30系統, 50系統, 美山園部線"
木崎町,京阪京都交通（株）,45
園部河原町,南丹市,農芸線
園部河原町,西日本ジェイアールバス（株）,園福線
江文峠,京都バス（株）,55
河原町,南丹市,"20系統, 30系統"
園部河原町,京阪京都交通（株）,"40・47, 44"
小野下ノ町,西日本ジェイアールバス（株）,高雄・京北線
十王橋,京都バス（株）,"32, 52"
新道,南丹市,"20系統, 美山園部線"
上本町,南丹市,20系統
本町,南丹市,20系統
神吉上,京阪京都交通（株）,41・41B・43・43B
園部大橋,南丹市,"20系統, 30系統, 50系統, 農芸線"
園部大橋,西日本ジェイアールバス（株）,園福線
園部大橋,京阪京都交通（株）,"45, 40・47, 44"
静原,京都バス（株）,"34, 55"
新町橋,南丹市,20系統
江文神社前,京都バス（株）,55
神吉公民館前,京阪京都交通（株）,41・41B・43・43B
城山,京都バス（株）,"34, 55"
園部宮町,西日本ジェイアールバス（株）,園福線
静原上の町,京都バス（株）,"34, 55"
静原下の町,京都バス（株）,"34, 55"
中ノ庄,京阪京都交通（株）,41・41B・43・43B
静原学校前,京都バス（株）,"34, 55"
本町口,西日本ジェイアールバス（株）,園福線
横田,南丹市,"20系統, 30系統, 農芸線"
横田,京阪京都交通（株）,"40・47, 44"
横田上,南丹市,農芸線
横田上,京阪京都交通（株）,"40・47, 44"
小野郷口,西日本ジェイアールバス（株）,高雄・京北線
南丹市役所前,南丹市,農芸線
南丹市役所前,京阪京都交通（株）,"45, 40・47, 44"
黒田,南丹市,農芸線
黒田,京阪京都交通（株）,"40・47, 44"
市役所前,南丹市,"20系統, 30系統, 50系統"
船阪,南丹市,農芸線
船阪,京阪京都交通（株）,"40・47, 44"
カトリック前,南丹市,20系統
旧神吉小学校前,京阪京都交通（株）,41・41B・43・43B
静原御旅町,京都バス（株）,"34, 55"
横田中,南丹市,"20系統, 30系統"
国際交流会館前,南丹市,農芸線
国際交流会館前,京阪京都交通（株）,"45, 40・47, 44"
図書館前,南丹市,"20系統, 30系統, 50系統"
戸寺,京都バス（株）,"10, 16, 特16, 17, 特17, 18, 19, 高野車庫ー大原"
叡電貴船口駅前,京都バス（株）,"33, 特33"
北山グリーンガーデン前,西日本ジェイアールバス（株）,高雄・京北線
和田道,京阪京都交通（株）,41・41B・43・43B
貴船口,京都バス（株）,"32, 特33, 52, 55"
園部高校前,南丹市,"美山園部線, 農芸線"
園部高校前,京阪京都交通（株）,"45, 40・47, 44"
熊原口,南丹市,30系統
しずはうす前,京都バス（株）,"34, 55"
小桜町,南丹市,"20系統, 30系統, 50系統"
どんどん橋,京阪京都交通（株）,41・41B・43・43B
大見谷,南丹市,30系統
園部駅,西日本ジェイアールバス（株）,園福線
半田口,南丹市,"20系統, 30系統"
仁江,京阪京都交通（株）,44
園部駅,南丹市,美山園部線
園部駅西口,南丹市,"20系統, 30系統, 50系統, 農芸線"
JR園部駅西口,南丹市,園部八木線
JR園部駅西口,京阪京都交通（株）,"3・5, 45, 40・47, 44"
小桜,南丹市,農芸線
小桜,京阪京都交通（株）,"45, 40・47, 44"
花尻橋,京都バス（株）,"10, 16, 特16, 17, 特17, 18, 19, 高野車庫ー大原"
九品寺前,南丹市,農芸線
九品寺前,京阪京都交通（株）,40・47
半田センター前,南丹市,30系統
神吉口,京阪京都交通（株）,41・41B・43・43B
淇陽学校前,南丹市,農芸線
淇陽学校前,京阪京都交通（株）,"45, 40・47, 44"
城南町,南丹市,"20系統, 30系統, 50系統"
静原西陣織ネクタイ団地前,京都バス（株）,"34, 55"
栄町,南丹市,"20系統, 30系統, 50系統, 農芸線"
栄町,京阪京都交通（株）,"45, 40・47, 44"
美濃瀬橋,京都バス（株）,"10, 16, 特16, 17, 特17, 18, 19, 高野車庫ー大原"
大学校前,南丹市,"20系統, 30系統, 50系統"
京都建築大学校前,南丹市,農芸線
京都建築大学校前,京阪京都交通（株）,"45, 40・47, 44"
川登橋,西日本ジェイアールバス（株）,高雄・京北線
二の瀬,京都バス（株）,"32, 52"
北山生協前,西日本ジェイアールバス（株）,高雄・京北線
神崎橋,京阪京都交通（株）,44
半田,南丹市,30系統
鬼谷橋,京都バス（株）,"34, 55"
平成台,南丹市,"20系統, 50系統"
大西,南丹市,農芸線
大西,京阪京都交通（株）,40・47
杉阪口,西日本ジェイアールバス（株）,高雄・京北線
静原口,京都バス（株）,"34, 55"
小山西町,南丹市,"20系統, 50系統"
大峠,南丹市,"20系統, 50系統"
摩気神社前,京阪京都交通（株）,44
JR吉富駅,南丹市,園部八木線
JR吉富駅,京阪京都交通（株）,3・5
源沢,南丹市,30系統
神吉池,京阪京都交通（株）,41・41B・43・43B
上ノ畑橋,西日本ジェイアールバス（株）,高雄・京北線
辻田,京阪京都交通（株）,44
西所,京阪京都交通（株）,41・41B・43・43B
東所,京阪京都交通（株）,41・41B・43・43B
旧摩気小学校前,南丹市,農芸線
旧摩気小学校前,京阪京都交通（株）,40・47
市原,京都バス（株）,"32, 34, 35, 40、直行40, 50, 52, 55"
越畑フレンドパーク前,京阪京都交通（株）,41・41B・43・43B
中川学校前,西日本ジェイアールバス（株）,高雄・京北線
市原駅前,京都バス（株）,"32, 34, 35, 40、直行40, 50, 52"
北山中川,西日本ジェイアールバス（株）,高雄・京北線
宍人,南丹市,農芸線
宍人,京阪京都交通（株）,40・47
登山口,京都バス（株）,"10, 16, 特16, 17, 特17, 18, 19, 高野車庫ー大原"
川島織物セルコン,京都バス（株）,"34, 35"
山階公民館前,京阪京都交通（株）,41・41B・43・43B
下口人,南丹市,30系統
岩倉村松,京都バス（株）,"26, 29, 41, 43"
山城中川,西日本ジェイアールバス（株）,高雄・京北線
玉ノ井,南丹市,園部八木線
玉ノ井,京阪京都交通（株）,3・5
山階,亀岡市,亀岡市ふるさとバス川東コース　F12
今井,京阪京都交通（株）,44
本梅口,南丹市,30系統
口人,南丹市,30系統
小町寺,京都バス（株）,"32, 34, 35, 40、直行40, 50, 52"
越畑,京阪京都交通（株）,41・41B・43・43B
下口司,南丹市,30系統
村松団地前,京都バス（株）,"26, 29, 41, 43"
ふるさと前,京都バス（株）,"10, 16, 特16, 17, 特17, 18, 19, 高野車庫ー大原"
印地,亀岡市,亀岡市ふるさとバス川東コース　F12
村松集会所前,京都バス（株）,"26, 29, 41, 43"
菩提道,西日本ジェイアールバス（株）,高雄・京北線
郷ノ口,京阪京都交通（株）,41・41B・43・43B
郷ノ口,亀岡市,亀岡市ふるさとバス川東コース　F12
上長谷,京都バス（株）,"26, 29, 41, 43"
篠坂町,京都バス（株）,"32, 34, 35, 40、直行40, 50, 52"
宕陰小学校前,京阪京都交通（株）,41・41B・43・43B
北長谷,京都バス（株）,29
八瀬大橋,京都バス（株）,"10, 16, 特16, 17, 特17, 18, 19, 高野車庫ー大原"
長源寺道,京都バス（株）,29
長源寺前,京都バス（株）,"26, 41, 43"
亀石町,西日本ジェイアールバス（株）,高雄・京北線
八木嶋,南丹市,園部八木線
八木嶋,京阪京都交通（株）,3・5
岩倉実相院,京都バス（株）,"21, 22, 23, 24"
樋ノ口,京阪京都交通（株）,41・41B・43・43B
忠在地,京都バス（株）,"21, 22, 23, 24"
旭,亀岡市,亀岡市ふるさとバス川東コース　F12
旭,京阪京都交通（株）,41・41B・43・43B
宮の田,京都バス（株）,"16, 特16, 17, 特17, 18, 19, 高野車庫ー大原"
高橋南,京都市,特37号系統均一系統
長谷八幡宮,京都バス（株）,29
二軒茶屋,京都バス（株）,"32, 34, 35, 40、直行40, 50, 52"
口司,南丹市,30系統
柊野グラウンド前,京都市,特37号系統均一系統
宮林,京阪京都交通（株）,41・41B・43・43B
岩倉中町,京都バス（株）,"26, 41, 43"
西河原町,京都バス（株）,"21, 22, 23, 24"
西賀茂庄田町,京都市,特37号系統均一系統
杉,京阪京都交通（株）,41・41B・43・43B
杉,亀岡市,亀岡市ふるさとバス川東コース　F12
八瀬甲賀小路,京都バス（株）,"16, 特16, 17, 特17, 18, 19, 高野車庫ー大原"
長谷,南丹市,農芸線
長谷,京阪京都交通（株）,40・47
青戸,京阪京都交通（株）,41・41B・43・43B
洛北病院前,京都バス（株）,"32, 34, 35, 40、直行40, 50, 52"
西田,京阪京都交通（株）,41・41B・43・43B
南長谷,京都バス（株）,29
東中町,京都バス（株）,29
岩倉農協前,京都バス（株）,"21, 22, 23, 24"
八乙女口,南丹市,"10系統, 農芸線"
八乙女口,京阪京都交通（株）,40・47
宕陰出張所前,京阪京都交通（株）,41・41B・43・43B
美濃田,亀岡市,亀岡市ふるさとバス川東コース　F12
地球研前,京都バス（株）,"40、直行40, 特40, 50, 52"
神子ケ渕,京都バス（株）,"16, 特16, 17, 特17, 18, 19, 高野車庫ー大原"
洛北グリーンハイツ前,京都バス（株）,"32, 34, 35, 40、直行40, 特40"
柊野,京都市,特37号系統均一系統
広保,亀岡市,亀岡市ふるさとバス川東コース　F12
岩倉駅前,京都バス（株）,"21, 23, 24, 26, 29, 41, 43"
九頭龍弁天前,京都バス（株）,"16, 特16, 17, 特17, 18, 19, 高野車庫ー大原"
長谷別れ,京都バス（株）,"21, 23, 24, 26, 29, 41, 43"
十王堂橋,京都バス（株）,"22, 24, 26, 29"
西賀茂中学北,京都市,特37号系統均一系統
JA八木支店前,京阪京都交通（株）,41・41B・43・43B
原,京阪京都交通（株）,41・41B・43・43B
京都産大前,京都市,北3号系統均一系統
花園町,京都バス（株）,"21, 23, 24, 26, 41, 43"
京都精華大学前,京都バス（株）,"40、直行40, 特40, 50, 52"
京都産業大学前（京都産大前）,京都バス（株）,"30, 32, 34, 35, 快速35, 36、直行36, 40、直行40, 特40, 北3"
八木大堰橋,京阪京都交通（株）,41・41B・43・43B
八瀬甲ケ渕,京都バス（株）,"16, 特16, 17, 特17, 18, 19, 高野車庫ー大原"
八乙女,南丹市,10系統
志久呂橋,京都市,特37号系統均一系統
北稜高校前,京都バス（株）,"40、直行40, 50, 52"
京都中部総合医療センター,南丹市,園部八木線
志久呂橋西詰,京都市,特37号系統均一系統
国道八木,京阪京都交通（株）,3・5
一条山,京都バス（株）,"40、直行40, 50, 52"
JR八木駅,京阪京都交通（株）,41・41B・43・43B
岩倉下在地町,京都バス（株）,"22, 24, 26, 29"
天引,南丹市,10系統
天引,京阪京都交通（株）,44
幡枝八幡宮前,京都バス（株）,特40
毘沙門橋,西日本ジェイアールバス（株）,高雄・京北線
八幡前,京都バス（株）,"21, 23, 24, 26, 41, 43"
ゴルフ場前,京都市,北3号系統均一系統
ゴルフ場前,京都バス（株）,"30, 32, 34, 35, 快速35, 36、直行36, 北3"
殿谷,南丹市,10系統
るり渓口,南丹市,10系統
るり渓口,京阪京都交通（株）,44
西賀茂井ノ口町,京都市,特37号系統均一系統
幡枝（妙満寺）,京都バス（株）,"40、直行40, 50, 52"
水鳥のみち,亀岡市,亀岡市ふるさとバス川東コース　F12
八瀬駅前,京都バス（株）,"10, 16, 特16, 17, 特17, 18, 19, 高野車庫ー大原"
比叡山頂,京阪バス（株）,"57比叡山頂〜京都駅, 56A比山〜平〜山〜三, 56比叡山〜平〜三"
比叡山頂,京都バス（株）,51
比叡山頂,江若交通（株）,"140　奥比叡ドライブバス, 141　比叡山内シャトルバス, 142　比叡山内シャトルバス"
岩倉三宅町,京都バス（株）,"21, 23, 24, 26, 41, 43"
長代南橋,京都バス（株）,"40、直行40, 特40, 46, 50, 52"
八阪,南丹市,10系統
下八田,南丹市,農芸線
下八田,京阪京都交通（株）,40・47
幡枝,京都バス（株）,"特40, 46"
岩倉操車場前,京都市,"5号系統均一系統, 31号系統均一系統, 65号系統均一系統"
宝ヶ池通,京都バス（株）,"22, 24, 26, 29, 40、直行40, 特40, 46, 50, 52, 国際会館駅前→高野車庫, 国際会館駅前ー高野車庫"
殿谷口,南丹市,10系統
西幡枝（円通寺前）,京都バス（株）,特40
国際会館駅前,京都市,"5号系統均一系統, 31号系統均一系統, 65号系統均一系統"
国際会館駅前,京都バス（株）,"特16, 特17, 19, 22, 24, 26, 29, 40、直行40, 特40, 46, 50, 52, 国際会館駅前→高野車庫, 国際会館駅前ー高野車庫"
柊野別れ,京都市,北3号系統均一系統
柊野別れ,京都バス（株）,"30, 32, 34, 35, 快速35, 36、直行36, 北3"
岩倉大鷺町,京都市,"5号系統均一系統, 31号系統均一系統, 65号系統均一系統"
岩倉大鷺町,京都バス（株）,"特16, 特17, 19, 22, 24, 26"
小口,亀岡市,亀岡市ふるさとバス川東コース　F11
幡枝くるすの公園前,京都バス（株）,"特40, 46"
池尻,亀岡市,"亀岡市ふるさとバス川東コース　F11, 亀岡市ふるさとバス川東コース　F12"
西賀茂橋東詰,京都市,"4号系統均一系統, 46号系統均一系統, 67号系統均一系統"
上高野,京都市,"5号系統均一系統, 31号系統均一系統, 65号系統均一系統"
上高野,京都バス（株）,"特16, 特17, 19, 22, 24, 26"
夫婦橋,西日本ジェイアールバス（株）,高雄・京北線
西賀茂車庫前,京都市,"1号系統均一系統, 4号系統均一系統, 9号系統均一系統, 37号系統均一系統, 特37号系統均一系統, 46号系統均一系統, 67号系統均一系統"
上橋,京都バス（株）,"10, 16, 特16, 17, 特17, 18, 19, 高野車庫ー大原"
三宅八幡,京都バス（株）,"10, 16, 特16, 17, 特17, 18, 19, 高野車庫ー大原"
自動車教習所前,京都バス（株）,46
出雲台,亀岡市,亀岡市ふるさとバス川東コース　F11
宝ヶ池公園北口,京都バス（株）,"国際会館駅前→高野車庫, 国際会館駅前ー高野車庫"
南八田,南丹市,10系統
八田,南丹市,農芸線
八田,京阪京都交通（株）,40・47
京都ヴィラ前,京都バス（株）,46
朝露ヶ原町,京都市,"4号系統均一系統, 46号系統均一系統, 67号系統均一系統, 北3号系統均一系統"
朝露ヶ原町,京都バス（株）,"30, 32, 34, 35, 快速35, 36、直行36, 北3"
神光院前,京都市,"1号系統均一系統, 9号系統均一系統, 37号系統均一系統, 特37号系統均一系統"
旧西本梅小学校前,南丹市,"10系統, 農芸線"
旧西本梅小学校前,京阪京都交通（株）,40・47
花園橋,京都市,"5号系統均一系統, 31号系統均一系統, 65号系統均一系統"
花園橋,京都バス（株）,"10, 16, 特16, 17, 特17, 18, 19, 21, 22, 23, 41, 43, 高野車庫ー大原"
栂ノ尾,京都市,8号系統均一系統
栂ノ尾,西日本ジェイアールバス（株）,高雄・京北線
出雲,亀岡市,亀岡市ふるさとバス川東コース　F11
西埴生,南丹市,"10系統, 農芸線"
西埴生,京阪京都交通（株）,40・47
博愛会病院前,京都バス（株）,46
亀岡川東学園前,亀岡市,"亀岡市ふるさとバス川東コース　F11, 亀岡市ふるさとバス川東コース　F12"
狭間町,京都バス（株）,46
御薗口町,京都市,"4号系統均一系統, 46号系統均一系統, 67号系統均一系統, 北3号系統均一系統"
埴生,南丹市,"10系統, 農芸線"
埴生,京阪京都交通（株）,40・47
大内,亀岡市,亀岡市ふるさとバス畑野千代川コース　F43
御薗口町（上賀茂神社前）,京都バス（株）,"30, 32, 34, 35, 快速35, 36、直行36, 北3"
観音口,南丹市,10系統
大宮総門口町,京都市,"1号系統均一系統, 9号系統均一系統, 37号系統均一系統, 特37号系統均一系統"
宝ヶ池,京都市,"5号系統均一系統, 31号系統均一系統, 65号系統均一系統"
宝ヶ池,京都バス（株）,"10, 16, 特16, 17, 特17, 18, 21, 22, 23, 41, 43, 高野車庫ー大原"
出雲大神宮前,亀岡市,亀岡市ふるさとバス川東コース　F11
上賀茂神社前,京都市,"4号系統均一系統, 46号系統均一系統, 67号系統均一系統"
深泥池,京都バス（株）,46
若森,南丹市,10系統
上賀茂御薗橋,京都市,"9号系統均一系統, 37号系統均一系統, 北3号系統均一系統"
上賀茂御薗橋,京都バス（株）,"30, 36、直行36, 北3"
大宮田尻町,京都市,"9号系統均一系統, 37号系統均一系統"
槇ノ尾,京都市,8号系統均一系統
槇ノ尾,西日本ジェイアールバス（株）,高雄・京北線
宝ヶ池公園前,京都バス（株）,"国際会館駅前→高野車庫, 国際会館駅前ー高野車庫"
馬路中,亀岡市,"亀岡市ふるさとバス川東コース　F11, 亀岡市ふるさとバス川東コース　F12"
上賀茂豊田町,京都市,4号系統均一系統
上賀茂小学校前,京都市,4号系統均一系統
高雄,京都市,8号系統均一系統
高雄,西日本ジェイアールバス（株）,高雄・京北線
山ノ前町,京都市,1号系統均一系統
法京,南丹市,10系統
畔勝町,京都バス（株）,46
深泥池,京都市,4号系統均一系統
大宮小野堀町,京都市,特37号系統均一系統
あせび口,亀岡市,亀岡市ふるさとバス畑野千代川コース　F43
上賀茂松本町,京都市,4号系統均一系統
御所ノ口,京都市,8号系統均一系統
御所ノ口,西日本ジェイアールバス（株）,高雄・京北線
馬路南,亀岡市,"亀岡市ふるさとバス川東コース　F11, 亀岡市ふるさとバス川東コース　F12"
加茂川中学前,京都市,"4号系統均一系統, 9号系統均一系統, 37号系統均一系統, 46号系統均一系統, 67号系統均一系統"
加茂川中学前,京都バス（株）,"32, 34, 35, 快速35"
農芸高校,南丹市,10系統
農芸高校前,南丹市,農芸線
農芸高校前,京阪京都交通（株）,40・47
釈迦谷口,京都市,"6号系統均一系統, 北1号系統均一系統"
鷹峯源光庵前,京都市,"6号系統均一系統, 北1号系統均一系統"
宝ヶ池球技場前,京都バス（株）,"国際会館駅前→高野車庫, 国際会館駅前ー高野車庫"
ロテル・ド・比叡,京阪バス（株）,"57比叡山頂〜京都駅, 56A比山〜平〜山〜三, 56比叡山〜平〜三"
ロテル・ド・比叡,京都バス（株）,51
上賀茂榊田町,京都市,4号系統均一系統
上賀茂榊田町,京都バス（株）,46
上賀茂菖蒲園町,京都市,4号系統均一系統
平八前,京都バス（株）,"10, 16, 特16, 17, 特17, 21, 22, 23, 41, 43, 高野車庫ー大原"
上賀茂石計町,京都市,4号系統均一系統
亀岡市交流会館前,亀岡市,"亀岡市ふるさとバス畑野千代川コース　F41, 亀岡市ふるさとバス畑野千代川コース　F43"
北の庄,亀岡市,"亀岡市ふるさとバス畑野千代川コース　F41, 亀岡市ふるさとバス畑野千代川コース　F43"
大河内,南丹市,10系統
上賀茂橋,京都市,"4号系統均一系統, 北3号系統均一系統"
上賀茂橋,京都バス（株）,"36、直行36, 北3"
南丹高校前,亀岡市,亀岡市ふるさとバス川東コース　F11
とこなげ口,亀岡市,"亀岡市ふるさとバス畑野千代川コース　F41, 亀岡市ふるさとバス畑野千代川コース　F43"
西大谷,京阪京都交通（株）,40・47
玄琢,京都市,"6号系統均一系統, 北1号系統均一系統"
下岸町,京都市,"4号系統均一系統, 9号系統均一系統, 37号系統均一系統, 特37号系統均一系統, 46号系統均一系統, 67号系統均一系統"
下岸町,京都バス（株）,"32, 34, 35, 快速35"
修学院離宮道,京都市,"5号系統均一系統, 31号系統均一系統, 65号系統均一系統"
修学院離宮道,京都バス（株）,18
下竹殿町,京都市,"特37号系統均一系統, 46号系統均一系統"
大宮大門町,京都市,"特37号系統均一系統, 46号系統均一系統"
大宮交通公園前,京都市,"特37号系統均一系統, 46号系統均一系統"
大河内公民館,南丹市,10系統
松ヶ崎道,京都バス（株）,"国際会館駅前→高野車庫, 国際会館駅前ー高野車庫"
中村,亀岡市,亀岡市ふるさとバス川東コース　F11
神前ふれあいセンター,亀岡市,"亀岡市ふるさとバス畑野千代川コース　F41, 亀岡市ふるさとバス畑野千代川コース　F43"
松ヶ崎大黒天,京都市,"65号系統均一系統, 北8号系統均一系統"
松ヶ崎橋,京都市,"65号系統均一系統, 北8号系統均一系統"
松ヶ崎海尻町,京都市,"65号系統均一系統, 北8号系統均一系統"
松ヶ崎駅前,京都市,"4号系統均一系統, 北8号系統均一系統"
松ヶ崎駅前,京都バス（株）,"国際会館駅前→高野車庫, 国際会館駅前ー高野車庫"
松熊,亀岡市,亀岡市ふるさとバス畑野千代川コース　F43
野々神町,京都市,"4号系統均一系統, 北8号系統均一系統"
野々神町,京都バス（株）,46
御経坂,京都市,8号系統均一系統
御経坂,西日本ジェイアールバス（株）,高雄・京北線
北山駅前,京都市,"4号系統均一系統, 北8号系統均一系統"
北山駅前,京都バス（株）,46
佐々尾神社前,亀岡市,"亀岡市ふるさとバス畑野千代川コース　F41, 亀岡市ふるさとバス畑野千代川コース　F43"
大谷,京阪京都交通（株）,40・47
玄琢下,京都市,"1号系統均一系統, 6号系統均一系統, 北1号系統均一系統"
植物園北門前（地下鉄北山駅）,京都バス（株）,30
植物園北門前,京都市,北8号系統均一系統
土天井町,京都市,"6号系統均一系統, 北1号系統均一系統"
修学院駅前,京都バス（株）,"10, 16, 特16, 17, 特17, 21, 22, 23, 41, 43, 高野車庫ー大原"
北山橋東詰,京都市,北8号系統均一系統
修学院駅前,京都市,"65号系統均一系統, 北8号系統均一系統"
牛若,京都市,46号系統均一系統
東元町,京都市,"北3号系統均一系統, 北8号系統均一系統"
東元町,京都バス（株）,"30, 36、直行36, 北3"
元町,京都市,北8号系統均一系統
上堀川,京都市,"9号系統均一系統, 37号系統均一系統, 特37号系統均一系統, 67号系統均一系統, 北1号系統均一系統, 北8号系統均一系統"
上堀川,京都バス（株）,"32, 34, 35, 快速35"
修学院道,京都市,"5号系統均一系統, 31号系統均一系統, 北8号系統均一系統"
修学院道,京都バス（株）,18
下緑町,京都市,"北1号系統均一系統, 北8号系統均一系統"
るり渓橋,南丹市,10系統
常徳寺前,京都市,"北1号系統均一系統, 北8号系統均一系統"
大城田町,京都バス（株）,"10, 16, 特16, 17, 特17, 21, 22, 23, 41, 43, 高野車庫ー大原"
国道千代川,京阪京都交通（株）,3・5
紫野泉堂町,京都市,"1号系統均一系統, 6号系統均一系統, 北1号系統均一系統, 北8号系統均一系統"
左京区総合庁舎前,京都市,"4号系統均一系統, 65号系統均一系統"
左京区総合庁舎前,京都バス（株）,"国際会館駅前→高野車庫, 国際会館駅前ー高野車庫"
神殿町,京都市,4号系統均一系統
神殿町,京都バス（株）,46
鷹峯上ノ町,京都市,"6号系統均一系統, 北1号系統均一系統"
JR千代川駅,京阪京都交通（株）,3・5
JR千代川駅,亀岡市,"亀岡市ふるさとバス川東コース　F11, 亀岡市ふるさとバス畑野千代川コース　F41, 亀岡市ふるさとバス畑野千代川コース　F43"
高野泉町,京都バス（株）,"10, 16, 特16, 17, 特17, 21, 22, 23, 41, 43, 高野車庫ー大原"
赤熊,京阪京都交通（株）,40・47
赤熊,亀岡市,亀岡市ふるさとバス畑野千代川コース　F43
左京区総合庁舎・京都工芸繊維大学前,京都市,65号系統均一系統
左京区総合庁舎・京都工芸繊維大学前,京都バス（株）,国際会館駅前ー高野車庫
江島里,亀岡市,亀岡市ふるさとバス川東コース　F11
東北園町,京都市,4号系統均一系統
北園町,京都市,4号系統均一系統
北園町,京都バス（株）,46
紫野上野町,京都市,46号系統均一系統
旭ケ丘,京都市,"1号系統均一系統, 6号系統均一系統, 北1号系統均一系統, 北8号系統均一系統"
東高縄町,京都市,"9号系統均一系統, 37号系統均一系統, 特37号系統均一系統, 67号系統均一系統, 北1号系統均一系統"
東高縄町,京都バス（株）,"32, 34, 35, 快速35"
るり渓,南丹市,10系統
高雄小学校前,京都市,8号系統均一系統
高雄小学校前,西日本ジェイアールバス（株）,高雄・京北線
北木ノ畑町,京都市,"6号系統均一系統, 北1号系統均一系統"
一乗寺清水町,京都市,"5号系統均一系統, 31号系統均一系統, 北8号系統均一系統"
一乗寺清水町,京都バス（株）,18
青野,亀岡市,"亀岡市ふるさとバス畑野千代川コース　F41, 亀岡市ふるさとバス畑野千代川コース　F43"
高野玉岡町,京都バス（株）,"10, 16, 特16, 17, 特17, 21, 22, 23, 41, 43, 高野車庫ー大原, 国際会館駅前ー高野車庫"
一乗寺北大丸町,京都市,"31号系統均一系統, 65号系統均一系統"
一乗寺青城町,京都市,31号系統均一系統
洛北高校正門前,京都市,4号系統均一系統
洛北高校正門前,京都バス（株）,46
原谷口,京都市,M1号系統均一系統
広芝町,京都市,8号系統均一系統
広芝町,西日本ジェイアールバス（株）,高雄・京北線
今宮神社前,京都市,46号系統均一系統
河原林,亀岡市,亀岡市ふるさとバス川東コース　F12
佛教大学前,京都市,"1号系統均一系統, 6号系統均一系統, 46号系統均一系統, 北1号系統均一系統, 北8号系統均一系統"
原谷農協前,京都市,M1号系統均一系統
七谷川,亀岡市,亀岡市ふるさとバス川東コース　F11
赤の宮,京都バス（株）,"10, 16, 特16, 17, 特17, 21, 22, 23, 41, 43, 高野車庫ー大原, 国際会館駅前ー高野車庫"
下鳥田町,京都市,"9号系統均一系統, 37号系統均一系統, 特37号系統均一系統, 67号系統均一系統, 北1号系統均一系統"
下鳥田町,京都バス（株）,"32, 34, 35, 快速35"
高木町,京都市,"204号系統循環系統（均一区間）, 206号系統循環系統（均一区間）, 北8号系統均一系統"
高木町,京都バス（株）,"32, 34, 35, 国際会館駅前→高野車庫"
下鴨東本町,京都市,"204号系統循環系統（均一区間）, 206号系統循環系統（均一区間）, 北8号系統均一系統"
下鴨東本町,京都バス（株）,"32, 34, 35"
一乗寺高槻町,京都市,"31号系統均一系統, 65号系統均一系統"
洛北高校前,京都市,"1号系統均一系統, 4号系統均一系統, 204号系統循環系統（均一区間）, 205号系統循環系統（均一区間）, 206号系統循環系統（均一区間）, 北8号系統均一系統"
洛北高校前,京都バス（株）,"32, 34, 35, 46"
府立大学前,京都市,"1号系統均一系統, 204号系統循環系統（均一区間）, 205号系統循環系統（均一区間）, 206号系統循環系統（均一区間）, 北8号系統均一系統"
府立大学前,京都バス（株）,"32, 34, 35, 46"
植物園前,京都市,"1号系統均一系統, 204号系統循環系統（均一区間）, 205号系統循環系統（均一区間）, 206号系統循環系統（均一区間）, 北8号系統均一系統"
植物園前,京都バス（株）,"32, 34, 35, 46"
一乗寺下り松町,京都市,"5号系統均一系統, 北8号系統均一系統"
一乗寺下り松町（詩仙堂）,京都バス（株）,18
烏丸北大路,京都市,"1号系統均一系統, 37号系統均一系統, 204号系統循環系統（均一区間）, 205号系統循環系統（均一区間）, 206号系統循環系統（均一区間）, 北3号系統均一系統, 北8号系統均一系統"
烏丸北大路（北大路駅）,京都バス（株）,"30, 32, 34, 35, 快速35, 36、直行36, 46, 北3"
北大路バスターミナル,京都バス（株）,"34, 35, 快速35, 北3"
北大路バスターミナル《地下鉄北大路駅》,京都市,"1号系統均一系統, 37号系統均一系統, 特37号系統均一系統, 204号系統循環系統（均一区間）, 205号系統循環系統（均一区間）, 206号系統循環系統（均一区間）, M1号系統均一系統, 北1号系統均一系統, 北3号系統均一系統, 北8号系統均一系統"
高野橋西詰,京都バス（株）,"32, 34, 35, 国際会館駅前→高野車庫"
高野車庫,京都バス（株）,"10, 16, 特16, 17, 特17, 21, 22, 23, 41, 43, 高野車庫ー大原, 国際会館駅前→高野車庫, 国際会館駅前ー高野車庫"
榎,南丹市,10系統
中野,京阪京都交通（株）,40・47
中野,亀岡市,亀岡市ふるさとバス畑野千代川コース　F43
原谷,京都市,M1号系統均一系統
高野橋東詰,京都市,"65号系統均一系統, 204号系統循環系統（均一区間）, 206号系統循環系統（均一区間）, 北8号系統均一系統"
高野橋東詰,京都バス（株）,"10, 16, 特16, 17, 特17, 21, 22, 23, 32, 34, 35, 快速35, 41, 43, 臨東山"
一乗寺赤ノ宮町,京都市,"31号系統均一系統, 65号系統均一系統"
北大路新町,京都市,"1号系統均一系統, 37号系統均一系統, 特37号系統均一系統, 204号系統循環系統（均一区間）, 205号系統循環系統（均一区間）, 206号系統循環系統（均一区間）, M1号系統均一系統, 北1号系統均一系統, 北8号系統均一系統"
北大路新町,京都バス（株）,"32, 34, 35, 快速35"
河原林口,亀岡市,亀岡市ふるさとバス川東コース　F12
一乗寺木ノ本町,京都市,"5号系統均一系統, 北8号系統均一系統"
一乗寺木ノ本町,京都バス（株）,18
松ノ下町,京都市,37号系統均一系統
梅ヶ畑清水町,西日本ジェイアールバス（株）,高雄・京北線
衣笠氷室町,京都市,M1号系統均一系統
一本松,京都市,"1号系統均一系統, 4号系統均一系統, 205号系統循環系統（均一区間）"
船岡山,京都市,"1号系統均一系統, 12号系統均一系統, 204号系統循環系統（均一区間）, 205号系統循環系統（均一区間）, 206号系統循環系統（均一区間）, M1号系統均一系統, 北8号系統均一系統"
梅ケ畑清水町,京都市,8号系統均一系統
千本北大路,京都市,"1号系統均一系統, 6号系統均一系統, 12号系統均一系統, 46号系統均一系統, 59号系統均一系統, 204号系統循環系統（均一区間）, 205号系統循環系統（均一区間）, 206号系統循環系統（均一区間）, M1号系統均一系統, 北8号系統均一系統"
建勲神社前,京都市,"1号系統均一系統, 12号系統均一系統, 204号系統循環系統（均一区間）, 205号系統循環系統（均一区間）, 206号系統循環系統（均一区間）, M1号系統均一系統, 北8号系統均一系統"
国分,亀岡市,亀岡市ふるさとバス川東コース　F11
大徳寺前,京都市,"1号系統均一系統, 12号系統均一系統, 204号系統循環系統（均一区間）, 205号系統循環系統（均一区間）, 206号系統循環系統（均一区間）, M1号系統均一系統, 北8号系統均一系統"
北大路堀川,京都市,"1号系統均一系統, 9号系統均一系統, 12号系統均一系統, 37号系統均一系統, 特37号系統均一系統, 67号系統均一系統, 204号系統循環系統（均一区間）, 205号系統循環系統（均一区間）, 206号系統循環系統（均一区間）, M1号系統均一系統, 北1号系統均一系統, 北8号系統均一系統"
北大路堀川,京都バス（株）,"32, 34, 35, 快速35"
高野,京都市,"31号系統均一系統, 65号系統均一系統, 204号系統循環系統（均一区間）, 206号系統循環系統（均一区間）, 北8号系統均一系統"
高野,京都バス（株）,臨東山
一乗寺地蔵本町,京都市,北8号系統均一系統
下総町,京都市,37号系統均一系統
一乗寺梅ノ木町,京都市,北8号系統均一系統
金閣寺,（株）ケイルック,京都観光ループバス　金閣寺・二条城ルート
立命館西園寺記念館前,京都市,M1号系統均一系統
ライトハウス前,京都市,"6号系統均一系統, 46号系統均一系統, 59号系統均一系統, 206号系統循環系統（均一区間）"
岩坂,京阪バス（株）,"57比叡山頂〜京都駅, 56A比山〜平〜山〜三, 56比叡山〜平〜三, 56A比叡平〜山〜三京, 56比叡平〜三条京阪"
岩坂,京都バス（株）,51
金閣寺道,京都市,"12号系統均一系統, 59号系統均一系統, 204号系統循環系統（均一区間）, 205号系統循環系統（均一区間）, M1号系統均一系統"
宮川,京阪京都交通（株）,40・47
宮川,亀岡市,"亀岡市ふるさとバス畑野千代川コース　F41, 亀岡市ふるさとバス畑野千代川コース　F43"
下鴨神社前,京都市,"1号系統均一系統, 4号系統均一系統, 205号系統循環系統（均一区間）"
堀川鞍馬口,京都市,"9号系統均一系統, 12号系統均一系統, 67号系統均一系統"
蓼倉橋,京都バス（株）,"10, 16, 特16, 17, 特17, 21, 22, 23, 32, 34, 35, 41, 43"
小林,亀岡市,"亀岡市ふるさとバス並河駅コース　F51, 亀岡市ふるさとバス並河駅コース　F52"
平岡八幡前,京都市,8号系統均一系統
平岡八幡前,西日本ジェイアールバス（株）,高雄・京北線
出雲路橋,京都市,37号系統均一系統
出雲路橋,京都バス（株）,"30, 36、直行36"
地蔵谷,京阪バス（株）,"57比叡山頂〜京都駅, 56A比山〜平〜山〜三, 56比叡山〜平〜三, 56A比叡平〜山〜三京, 56比叡平〜三条京阪"
地蔵谷,京都バス（株）,51
糺ノ森,京都市,"1号系統均一系統, 4号系統均一系統, 205号系統循環系統（均一区間）"
小金岐,亀岡市,"亀岡市ふるさとバス並河駅コース　F51, 亀岡市ふるさとバス並河駅コース　F52"
高雄病院前,京都市,8号系統均一系統
高雄病院前,西日本ジェイアールバス（株）,高雄・京北線
田中大久保町,京都市,"3号系統均一系統, 31号系統均一系統, 65号系統均一系統, 204号系統循環系統（均一区間）, 206号系統循環系統（均一区間）"
田中大久保町,京都バス（株）,臨東山
清水町,京都バス（株）,"10, 16, 特16, 17, 特17, 21, 22, 23, 32, 34, 35, 41, 43"
高原町,京都市,"3号系統均一系統, 204号系統循環系統（均一区間）"
千本鞍馬口,京都市,"6号系統均一系統, 46号系統均一系統, 59号系統均一系統, 206号系統循環系統（均一区間）"
伊織町,京都市,"3号系統均一系統, 204号系統循環系統（均一区間）"
出雲路俵町,京都市,37号系統均一系統
清滝,京都バス（株）,"62, 72, 92, 94"
上終町・瓜生山学園京都芸術大学前,京都市,"3号系統均一系統, 5号系統均一系統, 204号系統循環系統（均一区間）"
上終町・瓜生山学園京都芸術大学前,京都バス（株）,18
毘沙門,亀岡市,亀岡市ふるさとバス川東コース　F11
天神公園前,京都市,"9号系統均一系統, 12号系統均一系統, 67号系統均一系統"
土田,亀岡市,亀岡市ふるさとバス並河駅コース　F51
土田,京阪京都交通（株）,3・5
土田三丁目,亀岡市,亀岡市ふるさとバス並河駅コース　F52
宮前,京阪京都交通（株）,40・47
宮前,亀岡市,"亀岡市ふるさとバス畑野千代川コース　F41, 亀岡市ふるさとバス畑野千代川コース　F43"
高鼻町,京都市,"8号系統均一系統, 特8号系統均一系統"
高鼻町,西日本ジェイアールバス（株）,高雄・京北線
桜木町,京都市,"12号系統均一系統, 15号系統均一系統, 50号系統均一系統, 52号系統均一系統, 55号系統均一系統, 59号系統均一系統, M1号系統均一系統"
出雲路神楽町,京都市,37号系統均一系統
わら天神前,京都市,"12号系統均一系統, 15号系統均一系統, 50号系統均一系統, 52号系統均一系統, 55号系統均一系統, 59号系統均一系統, 204号系統循環系統（均一区間）, 205号系統循環系統（均一区間）, M1号系統均一系統"
わら天神前,西日本ジェイアールバス（株）,高雄・京北線
叡電元田中,京都市,"3号系統均一系統, 31号系統均一系統, 65号系統均一系統, 206号系統循環系統（均一区間）"
叡電元田中,京都バス（株）,臨東山
立命館大学前,京都市,"12号系統均一系統, 15号系統均一系統, 50号系統均一系統, 51号系統均一系統, 52号系統均一系統, 55号系統均一系統, 59号系統均一系統, 快速Rapid202・快速　Rapid立命館号系統均一系統, 快速Rapid205・快速　Rapid立命館号系統均一系統, 立命館ダイレクト号系統均一系統, M1号系統均一系統, 臨号系統均一系統"
立命館大学前,西日本ジェイアールバス（株）,"高雄・京北線, 快速205号（快速立命館）"
乾隆校前,京都市,"6号系統均一系統, 46号系統均一系統, 59号系統均一系統, 206号系統循環系統（均一区間）"
御蔭橋,京都バス（株）,"10, 16, 特16, 17, 特17, 21, 22, 23, 32, 34, 35, 41, 43"
鳴滝松本町,京都市,"8号系統均一系統, 特8号系統均一系統"
鳴滝松本町,西日本ジェイアールバス（株）,高雄・京北線
北金岐,亀岡市,"亀岡市ふるさとバス並河駅コース　F51, 亀岡市ふるさとバス並河駅コース　F52"
堀川寺ノ内,京都市,"9号系統均一系統, 12号系統均一系統, 67号系統均一系統"
立命館大学前（キャンパス内）,京都市,快速Rapid205・快速　Rapid立命館号系統均一系統
立命館大学前（キャンパス内）,西日本ジェイアールバス（株）,快速205号（快速立命館）
JA西部支店前,京阪京都交通（株）,40・47
田中樋ノ口町,京都市,3号系統均一系統
東土田,京阪京都交通（株）,3・5
北白川小倉町,京都市,3号系統均一系統
勝林島,亀岡市,亀岡市ふるさとバス川東コース　F12
別当町,京阪バス（株）,"56A比山〜平〜山〜三, 56比叡山〜平〜三, 56A比叡平〜山〜三京, 56比叡平〜三条京阪"
北白川別当町,京都市,"3号系統均一系統, 5号系統均一系統, 204号系統循環系統（均一区間）"
北白川別当町,京都バス（株）,18
竜安寺前,京都市,59号系統均一系統
竜安寺前,西日本ジェイアールバス（株）,高雄・京北線
新葵橋,京都市,"1号系統均一系統, 4号系統均一系統, 205号系統循環系統（均一区間）"
上池田町,京都市,3号系統均一系統
奥るり渓,南丹市,10系統
やまごえ温水プール前,京都市,特8号系統均一系統
千本上立売,京都市,"6号系統均一系統, 46号系統均一系統, 59号系統均一系統, 206号系統循環系統（均一区間）"
JR並河駅,亀岡市,"亀岡市ふるさとバス並河駅コース　F51, 亀岡市ふるさとバス並河駅コース　F52"
北白川仕伏町,京阪バス（株）,"56A比山〜平〜山〜三, 56比叡山〜平〜三, 56A比叡平〜山〜三京, 56比叡平〜三条京阪"
北白川仕伏町,京都市,3号系統均一系統
堀川上立売,京都市,"9号系統均一系統, 12号系統均一系統, 67号系統均一系統"
保津ヶ丘,亀岡市,亀岡市ふるさとバス川東コース　F11
小松原児童公園前,京都市,"51号系統均一系統, 快速Rapid202・快速　Rapid立命館号系統均一系統, 快速Rapid205・快速　Rapid立命館号系統均一系統"
小松原児童公園前,西日本ジェイアールバス（株）,快速205号（快速立命館）
飛鳥井町,京都市,"3号系統均一系統, 31号系統均一系統, 65号系統均一系統, 206号系統循環系統（均一区間）"
飛鳥井町,京都バス（株）,臨東山
通天湖,南丹市,10系統
三宝寺,京都市,"8号系統均一系統, 特8号系統均一系統"
三宝寺,西日本ジェイアールバス（株）,高雄・京北線
愛宕寺前,京都バス（株）,"62, 72, 92, 94"
北白川琵琶町,京阪バス（株）,"57比叡山頂〜京都駅, 56A比山〜平〜山〜三, 56比叡山〜平〜三, 56A比叡平〜山〜三京, 56比叡平〜三条京阪"
北白川琵琶町,京都バス（株）,51
猪倉,京阪京都交通（株）,40・47
塔ノ下町,京都市,59号系統均一系統
葵橋西詰,京都市,"1号系統均一系統, 37号系統均一系統, 205号系統循環系統（均一区間）"
出町柳駅前,阪急観光バス（株）・阪急バス（株）,大阪（伊丹）空港路線（出町柳駅発）
衣笠校前,京都市,"15号系統均一系統, 50号系統均一系統, 51号系統均一系統, 52号系統均一系統, 55号系統均一系統, 快速Rapid202・快速　Rapid立命館号系統均一系統, 204号系統循環系統（均一区間）, 205号系統循環系統（均一区間）, 快速Rapid205・快速　Rapid立命館号系統均一系統"
衣笠校前,西日本ジェイアールバス（株）,快速205号（快速立命館）
北白川校前,京都市,"5号系統均一系統, 204号系統循環系統（均一区間）"
北白川校前,京都バス（株）,18
今出川浄福寺,京都市,"51号系統均一系統, 59号系統均一系統, 201号系統循環系統（均一区間）, 203号系統循環系統（均一区間）"
今出川大宮,京都市,"51号系統均一系統, 59号系統均一系統, 201号系統循環系統（均一区間）, 203号系統循環系統（均一区間）"
堀川今出川,京都市,"9号系統均一系統, 12号系統均一系統, 51号系統均一系統, 59号系統均一系統, 67号系統均一系統, 201号系統循環系統（均一区間）, 203号系統循環系統（均一区間）"
千本今出川,京都市,"6号系統均一系統, 10号系統均一系統, 46号系統均一系統, 50号系統均一系統, 51号系統均一系統, 55号系統均一系統, 59号系統均一系統, 201号系統循環系統（均一区間）, 203号系統循環系統（均一区間）, 206号系統循環系統（均一区間）"
上七軒,京都市,"10号系統均一系統, 50号系統均一系統, 51号系統均一系統, 52号系統均一系統, 55号系統均一系統, 203号系統循環系統（均一区間）"
上京区総合庁舎前,京都市,"51号系統均一系統, 59号系統均一系統, 201号系統循環系統（均一区間）, 203号系統循環系統（均一区間）"
河原町今出川,京都市,"1号系統均一系統, 3号系統均一系統, 4号系統均一系統, 17号系統均一系統, 37号系統均一系統, 59号系統均一系統, 201号系統循環系統（均一区間）, 203号系統循環系統（均一区間）, 205号系統循環系統（均一区間）"
河原町今出川,京都バス（株）,"21, 22, 23, 30, 36、直行36, 41, 43, 51"
同志社前,京都市,"59号系統均一系統, 201号系統循環系統（均一区間）, 203号系統循環系統（均一区間）"
等持院東町,京都市,臨号系統均一系統
烏丸今出川《地下鉄今出川駅》,京都市,"51号系統均一系統, 59号系統均一系統, 201号系統循環系統（均一区間）, 203号系統循環系統（均一区間）"
烏丸今出川,京都バス（株）,51
出町柳駅前,京都市,"1号系統均一系統, 3号系統均一系統, 4号系統均一系統, 17号系統均一系統, 201号系統循環系統（均一区間）, 203号系統循環系統（均一区間）"
出町柳駅前,京都バス（株）,"10, 16, 特16, 17, 特17, 21, 22, 23, 30, 32, 34, 35, 快速35, 36、直行36, 41, 43, 三条京阪前→出町柳駅前, 51"
南金岐,亀岡市,"亀岡市ふるさとバス並河駅コース　F51, 亀岡市ふるさとバス並河駅コース　F52"
北白川,京都市,"17号系統均一系統, 203号系統循環系統（均一区間）"
北白川,京都バス（株）,18
京阪出町柳,京阪バス（株）,57比叡山頂〜京都駅
百万遍,京阪バス（株）,"57比叡山頂〜京都駅, 56A比山〜平〜山〜三, 56比叡山〜平〜三, 56A比叡平〜山〜三京, 56比叡平〜三条京阪"
百万遍,京都市,"3号系統均一系統, 17号系統均一系統, 31号系統均一系統, 65号系統均一系統, 201号系統循環系統（均一区間）, 203号系統循環系統（均一区間）, 206号系統循環系統（均一区間）"
百万遍,京都バス（株）,"18, 三条京阪前→出町柳駅前, 51, 臨東山"
福王子,京都市,"8号系統均一系統, 特8号系統均一系統, 10号系統均一系統, 26号系統均一系統, 59号系統均一系統"
福王子,西日本ジェイアールバス（株）,高雄・京北線
京大農学部前,京都市,"17号系統均一系統, 203号系統循環系統（均一区間）"
京大農学部前,京都バス（株）,18
京大農学部,京阪バス（株）,"56A比山〜平〜山〜三, 56比叡山〜平〜三, 56A比叡平〜山〜三京, 56比叡平〜三条京阪"
加茂大橋,京都バス（株）,"16, 特16, 17, 特17, 21, 41, 51"
鳥居本,京都バス（株）,"62, 72, 92, 94"
御室,京都市,59号系統均一系統
御室,西日本ジェイアールバス（株）,高雄・京北線
宇津根大橋,亀岡市,亀岡市ふるさとバス川東コース　F12
鳴滝本町,京都市,"10号系統均一系統, 26号系統均一系統, 59号系統均一系統"
御室仁和寺,京都市,"10号系統均一系統, 26号系統均一系統, 59号系統均一系統"
御室仁和寺,西日本ジェイアールバス（株）,高雄・京北線
育親中学校前,亀岡市,"亀岡市ふるさとバス畑野千代川コース　F41, 亀岡市ふるさとバス畑野千代川コース　F43"
北野天満宮前,京都市,"10号系統均一系統, 50号系統均一系統, 51号系統均一系統, 52号系統均一系統, 55号系統均一系統, 203号系統循環系統（均一区間）"
銀閣寺道,京阪バス（株）,"57比叡山頂〜京都駅, 56A比山〜平〜山〜三, 56比叡山〜平〜三, 56A比叡平〜山〜三京, 56比叡平〜三条京阪"
銀閣寺道,京都市,"5号系統均一系統, 17号系統均一系統, 32号系統均一系統, 203号系統循環系統（均一区間）, 204号系統循環系統（均一区間）"
銀閣寺道,京都バス（株）,"18, 51"
並河,京阪京都交通（株）,3・5
宇多野病院前,京都市,"10号系統均一系統, 26号系統均一系統, 59号系統均一系統"
銀閣寺前,京都市,32号系統均一系統
北野白梅町,京都市,"10号系統均一系統, 15号系統均一系統, 26号系統均一系統, 50号系統均一系統, 51号系統均一系統, 52号系統均一系統, 55号系統均一系統, 快速Rapid202・快速　Rapid立命館号系統均一系統, 203号系統循環系統（均一区間）, 204号系統循環系統（均一区間）, 205号系統循環系統（均一区間）, 快速Rapid205・快速　Rapid立命館号系統均一系統, 臨号系統均一系統"
北野白梅町,西日本ジェイアールバス（株）,"高雄・京北線, 快速205号（快速立命館）"
大覚寺,京都市,"28号系統均一系統, 91号系統均一系統"
大覚寺,京都バス（株）,94
嵐電宇多野駅前,京都市,"8号系統均一系統, 特8号系統均一系統"
山越,京都市,"10号系統均一系統, 26号系統均一系統, 59号系統均一系統"
大井工業団地②番,亀岡市,亀岡市ふるさとバス並河駅コース　F52
一条戻橋・晴明神社前,京都市,"9号系統均一系統, 12号系統均一系統, 67号系統均一系統"
護法堂弁天前,京都バス（株）,"62, 72, 92, 94"
青葉学園前,亀岡市,"亀岡市ふるさとバス並河駅コース　F51, 亀岡市ふるさとバス並河駅コース　F52"
鹿谷とこなげ口,亀岡市,"亀岡市ふるさとバス並河駅コース　F51, 亀岡市ふるさとバス並河駅コース　F52"
嵐電妙心寺駅前,京都市,"10号系統均一系統, 26号系統均一系統"
嵐電妙心寺駅前,西日本ジェイアールバス（株）,高雄・京北線
第二亀岡園前,京阪京都交通（株）,40・47
ユースホステル前,京都市,"10号系統均一系統, 26号系統均一系統, 59号系統均一系統"
等持院道,京都市,"10号系統均一系統, 26号系統均一系統, 臨号系統均一系統"
等持院南町,京都市,"10号系統均一系統, 26号系統均一系統"
等持院南町,西日本ジェイアールバス（株）,高雄・京北線
広沢池・佛大広沢校前,京都市,59号系統均一系統
妙心寺北門前,京都市,"10号系統均一系統, 26号系統均一系統"
妙心寺北門前,西日本ジェイアールバス（株）,高雄・京北線
山越中町,京都市,"特8号系統均一系統, 10号系統均一系統, 11号系統均一系統, 26号系統均一系統, 59号系統均一系統, 75号系統均一系統"
大覚寺道,京都バス（株）,"62, 72, 92, 94"
烏丸一条,京都市,51号系統均一系統
北保津,亀岡市,亀岡市ふるさとバス川東コース　F11
川端一条,京都バス（株）,"16, 特16, 17, 特17, 21, 41, 51"
京大正門,京阪バス（株）,"56A比山〜平〜山〜三, 56比叡山〜平〜三, 56A比叡平〜山〜三京, 56比叡平〜三条京阪"
京大正門前,京都市,"31号系統均一系統, 65号系統均一系統, 201号系統循環系統（均一区間）, 206号系統循環系統（均一区間）"
京大正門前,京都バス（株）,"18, 三条京阪前→出町柳駅前, 臨東山"
宇多野御屋敷町,京都市,"8号系統均一系統, 特8号系統均一系統"
千本中立売,京都市,"6号系統均一系統, 10号系統均一系統, 46号系統均一系統, 50号系統均一系統, 55号系統均一系統, 201号系統循環系統（均一区間）, 206号系統循環系統（均一区間）"
智恵光院中立売,京都市,50号系統均一系統
大宮中立売,京都市,50号系統均一系統
浄土寺,京都市,"5号系統均一系統, 17号系統均一系統, 32号系統均一系統, 203号系統循環系統（均一区間）, 204号系統循環系統（均一区間）"
鹿谷,亀岡市,"亀岡市ふるさとバス並河駅コース　F51, 亀岡市ふるさとバス並河駅コース　F52"
七本松仁和寺街道,京都市,52号系統均一系統
大井工業団地①番,亀岡市,亀岡市ふるさとバス並河駅コース　F52
堀川中立売,京都市,"9号系統均一系統, 12号系統均一系統, 50号系統均一系統, 67号系統均一系統"
京都大学前,（株）ケイルック,京都大学病院循環路線バス　hoop
等持院道,西日本ジェイアールバス（株）,高雄・京北線
中野八幡前,亀岡市,"亀岡市ふるさとバス畑野コース　F31, 亀岡市ふるさとバス畑野コース　F32, 亀岡市ふるさとバス畑野コース　F33, 亀岡市ふるさとバス畑野コース　F34"
中野倉庫前,亀岡市,"亀岡市ふるさとバス畑野コース　F31, 亀岡市ふるさとバス畑野コース　F32, 亀岡市ふるさとバス畑野コース　F33, 亀岡市ふるさとバス畑野コース　F34, 亀岡市ふるさとバス畑野千代川コース　F41, 亀岡市ふるさとバス畑野千代川コース　F43"
奥条,京阪京都交通（株）,40・47
土ケ畑,亀岡市,"亀岡市ふるさとバス畑野コース　F32, 亀岡市ふるさとバス畑野コース　F34"
小渕町,京都市,"28号系統均一系統, 91号系統均一系統"
小渕町,京都バス（株）,94
府立体育館前,西日本ジェイアールバス（株）,高雄・京北線
府立体育館前《島津アリーナ京都前》,京都市,"10号系統均一系統, 26号系統均一系統, 臨号系統均一系統"
南田町,京都市,32号系統均一系統
大将軍,京都市,"15号系統均一系統, 26号系統均一系統, 203号系統循環系統（均一区間）, 204号系統循環系統（均一区間）, 205号系統循環系統（均一区間）, 臨号系統均一系統"
大将軍,西日本ジェイアールバス（株）,高雄・京北線
新緑苑,亀岡市,亀岡市ふるさとバス川東コース　F12
常盤御池町,京都市,"8号系統均一系統, 特8号系統均一系統"
府立医大病院前,京都市,"3号系統均一系統, 4号系統均一系統, 17号系統均一系統, 37号系統均一系統, 59号系統均一系統, 205号系統循環系統（均一区間）"
府立医大病院前,京都バス（株）,"21, 22, 23, 41, 43"
山越東町,京都市,"11号系統均一系統, 75号系統均一系統"
太田,亀岡市,"亀岡市ふるさとバス並河駅コース　F51, 亀岡市ふるさとバス並河駅コース　F52"
保津,亀岡市,亀岡市ふるさとバス川東コース　F11
高芝,京阪京都交通（株）,40・47
高芝,亀岡市,"亀岡市ふるさとバス畑野コース　F31, 亀岡市ふるさとバス畑野コース　F32, 亀岡市ふるさとバス畑野コース　F33, 亀岡市ふるさとバス畑野コース　F34"
嵯峨釈迦堂前,京都市,"28号系統均一系統, 91号系統均一系統"
嵯峨釈迦堂前,京都バス（株）,"62, 72, 92, 94"
堀川下長者町,京都市,"9号系統均一系統, 12号系統均一系統, 50号系統均一系統, 67号系統均一系統"
法然院町,京都市,32号系統均一系統
保津川団地前,亀岡市,"亀岡市ふるさとバス川東コース　F12, 亀岡地区コミュニティバス　C121, 亀岡地区コミュニティバス　C122, 亀岡地区コミュニティバス　C201・202, 亀岡地区コミュニティバス　C211"
千本出水,京都市,"6号系統均一系統, 10号系統均一系統, 46号系統均一系統, 55号系統均一系統, 201号系統循環系統（均一区間）, 206号系統循環系統（均一区間）"
太田西,亀岡市,"亀岡市ふるさとバス並河駅コース　F51, 亀岡市ふるさとバス並河駅コース　F52"
近衛通,京阪バス（株）,"56A比山〜平〜山〜三, 56比叡山〜平〜三, 56A比叡平〜山〜三京, 56比叡平〜三条京阪"
近衛通,京都市,"31号系統均一系統, 65号系統均一系統, 201号系統循環系統（均一区間）, 206号系統循環系統（均一区間）"
近衛通,京都バス（株）,"18, 臨東山"
烏丸下長者町,京都市,51号系統均一系統
北野中学前,京都市,"15号系統均一系統, 26号系統均一系統, 203号系統循環系統（均一区間）, 204号系統循環系統（均一区間）, 205号系統循環系統（均一区間）, 臨号系統均一系統"
土ケ畑口,亀岡市,"亀岡市ふるさとバス畑野コース　F32, 亀岡市ふるさとバス畑野コース　F34"
湯の花温泉,京阪京都交通（株）,40・47
湯の花温泉,亀岡市,"亀岡市ふるさとバス畑野コース　F31, 亀岡市ふるさとバス畑野コース　F32, 亀岡市ふるさとバス畑野コース　F33, 亀岡市ふるさとバス畑野コース　F34"
七本松出水,京都市,52号系統均一系統
荒神橋,京都バス（株）,"16, 特16, 17, 特17, 21, 41, 51"
保津川団地北,亀岡市,"亀岡地区コミュニティバス　C121, 亀岡地区コミュニティバス　C122, 亀岡地区コミュニティバス　C201・202, 亀岡地区コミュニティバス　C211"
荒神口,京都市,"3号系統均一系統, 4号系統均一系統, 17号系統均一系統, 37号系統均一系統, 59号系統均一系統, 205号系統循環系統（均一区間）"
荒神口,京都バス（株）,"21, 22, 23, 41, 43"
錦林車庫前,京都市,"5号系統均一系統, 17号系統均一系統, 32号系統均一系統, 93号系統均一系統, 203号系統循環系統（均一区間）, 204号系統循環系統（均一区間）"
広沢御所ノ内町,京都市,"11号系統均一系統, 91号系統均一系統, 93号系統均一系統, 特93号系統均一系統"
広沢御所ノ内町,京都バス（株）,"81, 臨丸太町"
太秦開日町,京都市,"11号系統均一系統, 91号系統均一系統, 93号系統均一系統, 特93号系統均一系統"
太秦開日町,京都バス（株）,"81, 臨丸太町"
太秦北路町,京都市,"75号系統均一系統, 91号系統均一系統, 93号系統均一系統, 特93号系統均一系統"
太秦北路町,京都バス（株）,"81, 臨丸太町"
常磐野小学校前,京都市,"75号系統均一系統, 91号系統均一系統, 93号系統均一系統, 特93号系統均一系統"
常磐野小学校前,京都バス（株）,"81, 臨丸太町"
嵯峨中学前,京都市,"11号系統均一系統, 91号系統均一系統, 93号系統均一系統, 特93号系統均一系統"
嵯峨中学前,京都バス（株）,"81, 臨丸太町"
宇津根,亀岡市,"亀岡市ふるさとバス川東コース　F12, 亀岡地区コミュニティバス　C121, 亀岡地区コミュニティバス　C122, 亀岡地区コミュニティバス　C201・202, 亀岡地区コミュニティバス　C211"
常盤・嵯峨野高校前,京都市,"75号系統均一系統, 91号系統均一系統, 93号系統均一系統, 特93号系統均一系統"
常盤・嵯峨野高校前,京都バス（株）,"81, 臨丸太町"
嵯峨嵐山駅前,京都市,"11号系統均一系統, 91号系統均一系統, 93号系統均一系統, 特93号系統均一系統"
嵯峨嵐山駅前,京都バス（株）,"81, 臨丸太町"
京大病院前,京都バス（株）,"18, 三条京阪前→出町柳駅前, 臨東山"
京大病院前,（株）ケイルック,京都大学病院循環路線バス　hoop
京大病院前,京都市,"31号系統均一系統, 65号系統均一系統, 201号系統循環系統（均一区間）, 206号系統循環系統（均一区間）"
布子谷,亀岡市,"亀岡市ふるさとバス畑野コース　F32, 亀岡市ふるさとバス畑野コース　F34"
堀川下立売,京都市,"9号系統均一系統, 12号系統均一系統, 50号系統均一系統, 67号系統均一系統"
保津川団地南,亀岡市,"亀岡地区コミュニティバス　C121, 亀岡地区コミュニティバス　C122, 亀岡地区コミュニティバス　C201・202, 亀岡地区コミュニティバス　C211"
河原町,亀岡市,"亀岡市ふるさとバス川東コース　F12, 亀岡地区コミュニティバス　C121, 亀岡地区コミュニティバス　C122, 亀岡地区コミュニティバス　C201・202, 亀岡地区コミュニティバス　C211"
嵯峨瀬戸川町,京都市,"11号系統均一系統, 91号系統均一系統, 93号系統均一系統, 特93号系統均一系統"
嵯峨瀬戸川町,京都バス（株）,"81, 臨丸太町"
中湯の花,亀岡市,"亀岡市ふるさとバス畑野コース　F31, 亀岡市ふるさとバス畑野コース　F32, 亀岡市ふるさとバス畑野コース　F33, 亀岡市ふるさとバス畑野コース　F34"
芦ノ山,亀岡市,"亀岡市ふるさとバス畑野コース　F31, 亀岡市ふるさとバス畑野コース　F32, 亀岡市ふるさとバス畑野コース　F33, 亀岡市ふるさとバス畑野コース　F34"
嵯峨小学校前,京都市,"11号系統均一系統, 28号系統均一系統, 93号系統均一系統, 特93号系統均一系統"
嵯峨小学校前,京都バス（株）,"62, 67, 72, 92, 94"
上宮ノ前町,京都市,32号系統均一系統
平松,亀岡市,"亀岡市ふるさとバス畑野コース　F31, 亀岡市ふるさとバス畑野コース　F32, 亀岡市ふるさとバス畑野コース　F33, 亀岡市ふるさとバス畑野コース　F34, 亀岡市ふるさとバス畑野千代川コース　F41, 亀岡市ふるさとバス畑野千代川コース　F43"
烏丸下立売,京都市,51号系統均一系統
双ヶ丘,京都市,"8号系統均一系統, 特8号系統均一系統, 75号系統均一系統, 特93号系統均一系統"
双ヶ丘,京都バス（株）,81
柿花,京阪京都交通（株）,40・47
川端荒神橋,（株）ケイルック,京都大学病院循環路線バス　hoop
妙心寺前,京都市,"91号系統均一系統, 93号系統均一系統"
妙心寺前,京都バス（株）,"62, 63, 65, 66, 67, 臨丸太町"
木辻南町,京都市,"91号系統均一系統, 93号系統均一系統"
木辻南町,京都バス（株）,"62, 63, 65, 66, 67, 臨丸太町"
常盤仲之町,京都バス（株）,"62, 63, 65, 66, 67, 81, 臨丸太町"
太秦映画村道,京都市,"75号系統均一系統, 91号系統均一系統, 93号系統均一系統, 特93号系統均一系統"
真如堂前,京都市,"5号系統均一系統, 32号系統均一系統, 93号系統均一系統, 203号系統循環系統（均一区間）, 204号系統循環系統（均一区間）"
西ノ京馬代町,京都市,"91号系統均一系統, 93号系統均一系統"
西ノ京馬代町,京都バス（株）,"62, 63, 65, 66, 67, 臨丸太町"
グリーンタウン,亀岡市,"亀岡市ふるさとバス畑野コース　F33, 亀岡市ふるさとバス畑野コース　F34"
花園駅前,京都市,"91号系統均一系統, 93号系統均一系統"
花園駅前,京都バス（株）,"62, 63, 65, 66, 67, 臨丸太町"
伯楽町,京都市,"91号系統均一系統, 93号系統均一系統"
伯楽町,京都バス（株）,"62, 63, 65, 66, 67, 臨丸太町"
清水団地前,亀岡市,"亀岡市ふるさとバス川東コース　F12, 亀岡地区コミュニティバス　C121, 亀岡地区コミュニティバス　C122, 亀岡地区コミュニティバス　C201・202, 亀岡地区コミュニティバス　C211"
丸太町御前通,京都市,"15号系統均一系統, 93号系統均一系統, 202号系統循環系統（均一区間）, 204号系統循環系統（均一区間）"
丸太町御前通,京都バス（株）,"62, 63, 65, 66, 67, 臨丸太町"
丸太町御前通,西日本ジェイアールバス（株）,高雄・京北線
西ノ京円町《JR円町駅》,京都市,"15号系統均一系統, 26号系統均一系統, 91号系統均一系統, 93号系統均一系統, 202号系統循環系統（均一区間）, 快速Rapid202・快速　Rapid立命館号系統均一系統, 203号系統循環系統（均一区間）, 204号系統循環系統（均一区間）, 205号系統循環系統（均一区間）, 快速Rapid205・快速　Rapid立命館号系統均一系統, 立命館ダイレクト号系統均一系統, 臨号系統均一系統"
西ノ京円町,京都バス（株）,"62, 63, 65, 66, 67, 臨丸太町"
西ノ京円町,西日本ジェイアールバス（株）,"高雄・京北線, 快速205号（快速立命館）"
花園扇野町,京都市,"91号系統均一系統, 93号系統均一系統"
花園扇野町,京都バス（株）,"62, 63, 65, 66, 67, 臨丸太町"
丸太町七本松,京都市,"15号系統均一系統, 52号系統均一系統, 93号系統均一系統, 202号系統循環系統（均一区間）, 204号系統循環系統（均一区間）"
丸太町七本松,京都バス（株）,"62, 63, 65, 66, 67, 臨丸太町"
丸太町七本松,西日本ジェイアールバス（株）,高雄・京北線
サンガスタジアムbyKYOCERA,京阪京都交通（株）,71
千本丸太町,京都市,"6号系統均一系統, 10号系統均一系統, 15号系統均一系統, 46号系統均一系統, 52号系統均一系統, 55号系統均一系統, 93号系統均一系統, 201号系統循環系統（均一区間）, 202号系統循環系統（均一区間）, 204号系統循環系統（均一区間）, 206号系統循環系統（均一区間）"
千本丸太町,京都バス（株）,"62, 63, 65, 66, 67, 臨丸太町"
千本丸太町,西日本ジェイアールバス（株）,高雄・京北線
余部西,亀岡市,"亀岡地区コミュニティバス　C121, 亀岡地区コミュニティバス　C122, 亀岡地区コミュニティバス　C201・202, 亀岡地区コミュニティバス　C211"
余部東,亀岡市,"亀岡地区コミュニティバス　C121, 亀岡地区コミュニティバス　C122, 亀岡地区コミュニティバス　C201・202, 亀岡地区コミュニティバス　C211"
吉田東,京阪京都交通（株）,34・36・59
常盤橋,亀岡市,"亀岡地区コミュニティバス　C121, 亀岡地区コミュニティバス　C122, 亀岡地区コミュニティバス　C201・202, 亀岡地区コミュニティバス　C211"
丸太町智恵光院,京都市,"10号系統均一系統, 93号系統均一系統, 202号系統循環系統（均一区間）, 204号系統循環系統（均一区間）"
丸太町智恵光院,京都バス（株）,臨丸太町
穴川,京阪京都交通（株）,34・36・59
河原町南,亀岡市,"亀岡地区コミュニティバス　C121, 亀岡地区コミュニティバス　C122, 亀岡地区コミュニティバス　C201・202, 亀岡地区コミュニティバス　C211"
宮ノ前町,京都市,32号系統均一系統
野々宮,京都市,"11号系統均一系統, 28号系統均一系統, 93号系統均一系統, 特93号系統均一系統"
野々宮,京都バス（株）,"62, 67, 72, 92, 94"
保津川下り乗船場,京阪京都交通（株）,"1A・1・2, 39"
丸太町京阪前,京都市,"65号系統均一系統, 93号系統均一系統, 202号系統循環系統（均一区間）, 204号系統循環系統（均一区間）"
川端丸太町（神宮丸太町駅）,京都バス（株）,"16, 特16, 17, 特17, 21, 41, 51, 臨丸太町"
上佐伯,亀岡市,"亀岡市ふるさとバス畑野コース　F31, 亀岡市ふるさとバス畑野コース　F32, 亀岡市ふるさとバス畑野コース　F33, 亀岡市ふるさとバス畑野コース　F34"
河原町丸太町,京都市,"3号系統均一系統, 4号系統均一系統, 10号系統均一系統, 17号系統均一系統, 37号系統均一系統, 59号系統均一系統, 65号系統均一系統, 93号系統均一系統, 202号系統循環系統（均一区間）, 204号系統循環系統（均一区間）, 205号系統循環系統（均一区間）"
河原町丸太町,京都バス（株）,"21, 22, 23, 41, 43, 臨丸太町"
平松台,亀岡市,"亀岡市ふるさとバス畑野コース　F33, 亀岡市ふるさとバス畑野コース　F34"
クルビ谷,亀岡市,"亀岡市ふるさとバス畑野コース　F32, 亀岡市ふるさとバス畑野コース　F34"
裁判所前,京都市,"10号系統均一系統, 65号系統均一系統, 93号系統均一系統, 202号系統循環系統（均一区間）, 204号系統循環系統（均一区間）"
裁判所前,京都バス（株）,臨丸太町
熊野神社前,京阪バス（株）,"56A比山〜平〜山〜三, 56比叡山〜平〜三, 56A比叡平〜山〜三京, 56比叡平〜三条京阪"
熊野神社前,京都市,"31号系統均一系統, 65号系統均一系統, 93号系統均一系統, 201号系統循環系統（均一区間）, 202号系統循環系統（均一区間）, 203号系統循環系統（均一区間）, 204号系統循環系統（均一区間）, 206号系統循環系統（均一区間）"
熊野神社前,京都バス（株）,"18, 臨東山"
府庁前,京都市,"10号系統均一系統, 93号系統均一系統, 202号系統循環系統（均一区間）, 204号系統循環系統（均一区間）"
府庁前,京都バス（株）,臨丸太町
府庁前,西日本ジェイアールバス（株）,高雄・京北線
堀川丸太町,京都市,"9号系統均一系統, 10号系統均一系統, 12号系統均一系統, 50号系統均一系統, 67号系統均一系統, 93号系統均一系統, 202号系統循環系統（均一区間）, 204号系統循環系統（均一区間）"
堀川丸太町,京都バス（株）,臨丸太町
烏丸丸太町《地下鉄丸太町駅》,京都市,"10号系統均一系統, 51号系統均一系統, 65号系統均一系統, 93号系統均一系統, 202号系統循環系統（均一区間）, 204号系統循環系統（均一区間）"
烏丸丸太町,京都バス（株）,"51, 臨丸太町"
烏丸丸太町,西日本ジェイアールバス（株）,高雄・京北線
茶屋,亀岡市,"亀岡市ふるさとバス畑野コース　F31, 亀岡市ふるさとバス畑野コース　F32, 亀岡市ふるさとバス畑野コース　F33, 亀岡市ふるさとバス畑野コース　F34"
JR亀岡駅北口,亀岡市,"亀岡市ふるさとバス川東コース　F11, 亀岡市ふるさとバス川東コース　F12"
吉田西,亀岡市,"亀岡市ふるさとバス並河駅コース　F51, 亀岡市ふるさとバス並河駅コース　F52"
吉田中,京阪京都交通（株）,34・36・59
岡崎道,京都市,"32号系統均一系統, 93号系統均一系統, 203号系統循環系統（均一区間）, 204号系統循環系統（均一区間）"
グリーンハイツ口,亀岡市,"亀岡市ふるさとバス畑野コース　F31, 亀岡市ふるさとバス畑野コース　F32, 亀岡市ふるさとバス畑野コース　F33, 亀岡市ふるさとバス畑野コース　F34"
安町北,亀岡市,"亀岡地区コミュニティバス　C121, 亀岡地区コミュニティバス　C122, 亀岡地区コミュニティバス　C201・202, 亀岡地区コミュニティバス　C211"
東天王町,京都市,"5号系統均一系統, 32号系統均一系統, 93号系統均一系統, 203号系統循環系統（均一区間）, 204号系統循環系統（均一区間）"
前川原,亀岡市,"亀岡地区コミュニティバス　C121, 亀岡地区コミュニティバス　C122, 亀岡地区コミュニティバス　C201・202, 亀岡地区コミュニティバス　C211"
岡崎神社前,京都市,"32号系統均一系統, 93号系統均一系統, 203号系統循環系統（均一区間）, 204号系統循環系統（均一区間）"
JA京都本店前,京阪京都交通（株）,"3・5, 34・36・59, 40・47"
JA京都本店前,亀岡市,"亀岡地区コミュニティバス　C121, 亀岡地区コミュニティバス　C122, 亀岡地区コミュニティバス　C201・202, 亀岡地区コミュニティバス　C211"
緑橋,京阪京都交通（株）,"3・5, 34・36・59, 57・60, 40・47"
緑橋,亀岡市,"亀岡地区コミュニティバス　C121, 亀岡地区コミュニティバス　C122, 亀岡地区コミュニティバス　C201・202, 亀岡地区コミュニティバス　C211"
JR亀岡駅南口,京阪京都交通（株）,"1A・1・2, 3・5, 循環32, 31, 循環30, 34・36・59, 57・60, 37, 40・47"
JR亀岡駅南口,亀岡市,"亀岡地区コミュニティバス　C121, 亀岡地区コミュニティバス　C122, 亀岡地区コミュニティバス　C201・202, 亀岡地区コミュニティバス　C211"
かめおか作業所前,亀岡市,"亀岡市ふるさとバス畑野コース　F31, 亀岡市ふるさとバス畑野コース　F32, 亀岡市ふるさとバス畑野コース　F33, 亀岡市ふるさとバス畑野コース　F34"
国道佐伯,京阪京都交通（株）,40・47
国道佐伯,亀岡市,"亀岡市ふるさとバス畑野コース　F31, 亀岡市ふるさとバス畑野コース　F32, 亀岡市ふるさとバス畑野コース　F33, 亀岡市ふるさとバス畑野コース　F34"
イオン亀岡店北,亀岡市,"亀岡地区コミュニティバス　C121, 亀岡地区コミュニティバス　C122, 亀岡地区コミュニティバス　C211"
安町中,亀岡市,"亀岡地区コミュニティバス　C121, 亀岡地区コミュニティバス　C122, 亀岡地区コミュニティバス　C201・202, 亀岡地区コミュニティバス　C211"
千本旧二条,京都市,"6号系統均一系統, 15号系統均一系統, 46号系統均一系統, 52号系統均一系統, 55号系統均一系統, 201号系統循環系統（均一区間）, 206号系統循環系統（均一区間）"
千本旧二条,京都バス（株）,"62, 63, 65, 66, 67"
千本旧二条,西日本ジェイアールバス（株）,高雄・京北線
嵐山天龍寺前（嵐電嵐山駅）,京都市,"11号系統均一系統, 28号系統均一系統, 93号系統均一系統, 特93号系統均一系統"
嵐山天龍寺前（嵐電嵐山駅）,京都バス（株）,"62, 67, 72, 92, 94"
黒橋,京都市,"8号系統均一系統, 特8号系統均一系統, 75号系統均一系統, 特93号系統均一系統"
黒橋,京都バス（株）,81
高橋,亀岡市,"亀岡市ふるさとバス畑野コース　F32, 亀岡市ふるさとバス畑野コース　F34"
太子道,京都市,"26号系統均一系統, 27号系統均一系統, 特27号系統均一系統, 91号系統均一系統, 202号系統循環系統（均一区間）, 203号系統循環系統（均一区間）, 205号系統循環系統（均一区間）, 臨号系統均一系統"
右京ふれあい文化会館前,京都市,"27号系統均一系統, 特27号系統均一系統"
市民プール前,京阪京都交通（株）,34・36・59
西ノ京塚本町,京都市,"27号系統均一系統, 特27号系統均一系統"
西ノ京藤ノ木町,京都市,"27号系統均一系統, 特27号系統均一系統"
ガレリアかめおか,京阪京都交通（株）,"3・5, 34・36・59, 40・47"
ガレリアかめおか,亀岡市,"亀岡市ふるさとバス畑野コース　F32, 亀岡市ふるさとバス畑野コース　F33, 亀岡市ふるさとバス畑野コース　F34, 亀岡地区コミュニティバス　C121, 亀岡地区コミュニティバス　C122, 亀岡地区コミュニティバス　C201・202, 亀岡地区コミュニティバス　C211"
馬塚町,京都市,"27号系統均一系統, 特27号系統均一系統"
西友前南,亀岡市,"亀岡地区コミュニティバス　C121, 亀岡地区コミュニティバス　C122, 亀岡地区コミュニティバス　C201・202, 亀岡地区コミュニティバス　C211"
平安神宮・美術館,（株）ケイルック,京都観光ループバス　平安神宮・清水ルート
二条城前,（株）ケイルック,京都観光ループバス　金閣寺・二条城ルート
帷子ノ辻,京都市,11号系統均一系統
帷子ノ辻,京都バス（株）,"62, 63, 65, 66, 67, 72, 73, 75, 76, 83"
太秦開町,京都市,11号系統均一系統
太秦開町,京都バス（株）,"62, 63, 65, 66, 67, 72, 73, 75, 76, 83"
国道下佐伯,京阪京都交通（株）,40・47
国道下佐伯,亀岡市,"亀岡市ふるさとバス畑野コース　F31, 亀岡市ふるさとバス畑野コース　F32, 亀岡市ふるさとバス畑野コース　F33, 亀岡市ふるさとバス畑野コース　F34, 亀岡市ふるさとバス並河駅コース　F51, 亀岡市ふるさとバス並河駅コース　F52"
太秦映画村前,京都バス（株）,"62, 63, 65, 66, 67"
広野,亀岡市,"亀岡市ふるさとバス畑野コース　F31, 亀岡市ふるさとバス畑野コース　F32, 亀岡市ふるさとバス畑野コース　F33, 亀岡市ふるさとバス畑野コース　F34, 亀岡市ふるさとバス畑野千代川コース　F41, 亀岡市ふるさとバス畑野千代川コース　F43"
南禅寺・永観堂道,京都市,5号系統均一系統
国道太田道,京阪京都交通（株）,40・47
国道太田道,亀岡市,"亀岡市ふるさとバス畑野コース　F31, 亀岡市ふるさとバス畑野コース　F32, 亀岡市ふるさとバス畑野コース　F33, 亀岡市ふるさとバス畑野コース　F34, 亀岡市ふるさとバス並河駅コース　F51, 亀岡市ふるさとバス並河駅コース　F52"
車折神社前,京都市,11号系統均一系統
車折神社前,京都バス（株）,"62, 63, 66, 67, 72, 73, 76, 83, 苔寺・すず虫寺ー有栖川"
イオン亀岡店南,亀岡市,"亀岡地区コミュニティバス　C121, 亀岡地区コミュニティバス　C122, 亀岡地区コミュニティバス　C211"
有栖川,京都市,11号系統均一系統
有栖川,京都バス（株）,"62, 63, 65, 66, 67, 72, 73, 75, 76, 83, 苔寺・すず虫寺ー有栖川"
嵯峨野秋街道町,京都市,11号系統均一系統
嵯峨野秋街道町,京都バス（株）,"62, 63, 65, 66, 67, 72, 73, 75, 76, 83"
生田口,京都市,11号系統均一系統
生田口,京都バス（株）,"62, 63, 65, 66, 67, 72, 73, 75, 76, 83"
下嵯峨,京都市,11号系統均一系統
下嵯峨,京都バス（株）,"62, 63, 66, 67, 72, 73, 76, 83, 苔寺・すず虫寺ー有栖川"
亀岡市役所前,京阪京都交通（株）,"3・5, 34・36・59, 57・60, 40・47"
亀岡市役所,亀岡市,"亀岡地区コミュニティバス　C121, 亀岡地区コミュニティバス　C122, 亀岡地区コミュニティバス　C201・202, 亀岡地区コミュニティバス　C211"
北町南,亀岡市,"亀岡地区コミュニティバス　C121, 亀岡地区コミュニティバス　C122, 亀岡地区コミュニティバス　C201・202, 亀岡地区コミュニティバス　C211"
マツモト荒塚店前,亀岡市,"亀岡地区コミュニティバス　C121, 亀岡地区コミュニティバス　C122, 亀岡地区コミュニティバス　C201・202, 亀岡地区コミュニティバス　C211"
角倉町,京都市,11号系統均一系統
角倉町,京都バス（株）,"62, 63, 66, 67, 72, 73, 76, 81, 83"
太秦広隆寺前,京都市,11号系統均一系統
太秦広隆寺前,京都バス（株）,"62, 63, 65, 66, 67, 72, 73, 75, 76, 83"
嵐山（渡月橋北詰）,京都バス（株）,"62, 63, 66, 67, 72, 73, 76, 83"
嵐山,京都市,"11号系統均一系統, 28号系統均一系統, 93号系統均一系統, 特93号系統均一系統"
東山二条・岡崎公園口,京都市,"31号系統均一系統, 32号系統均一系統, 201号系統循環系統（均一区間）, 202号系統循環系統（均一区間）, 203号系統循環系統（均一区間）, 206号系統循環系統（均一区間）"
東山二条・岡崎公園口,京都バス（株）,"18, 臨東山"
烏丸二条,京都市,"51号系統均一系統, 65号系統均一系統"
岡崎公園ロームシアター京都・みやこめっせ前,京都市,"32号系統均一系統, 46号系統均一系統"
太秦東口,京都市,"11号系統均一系統, 70号系統多区間系統"
太秦東口,京都バス（株）,"72, 73, 75, 76, 83"
新間ノ町二条,京都市,32号系統均一系統
二条城前,京都市,"9号系統均一系統, 12号系統均一系統, 50号系統均一系統, 67号系統均一系統"
岡崎公園動物園前,京都市,"5号系統均一系統, 32号系統均一系統, 86号系統均一系統"
岡崎公園動物園前,京都バス（株）,86
安井西口,京都市,"8号系統均一系統, 特8号系統均一系統, 27号系統均一系統, 特27号系統均一系統, 75号系統均一系統, 特93号系統均一系統"
安井西口,京都バス（株）,81
岡崎法勝寺町,京都市,5号系統均一系統
本梅小学校前,亀岡市,"亀岡市ふるさとバス畑野コース　F31, 亀岡市ふるさとバス畑野コース　F32, 亀岡市ふるさとバス畑野コース　F33, 亀岡市ふるさとバス畑野コース　F34, 亀岡市ふるさとバス畑野千代川コース　F41, 亀岡市ふるさとバス畑野千代川コース　F43"
川端二条,京都市,32号系統均一系統
川端二条,京都バス（株）,"16, 特16, 17, 特17, 21, 41, 51"
千ヶ畑,亀岡市,"亀岡市ふるさとバス畑野コース　F31, 亀岡市ふるさとバス畑野コース　F32, 亀岡市ふるさとバス畑野コース　F33, 亀岡市ふるさとバス畑野コース　F34, 亀岡市ふるさとバス畑野千代川コース　F41, 亀岡市ふるさとバス畑野千代川コース　F43"
運動公園前,京阪京都交通（株）,"34・36・59, 40・47"
東山二条,京阪バス（株）,"56A比山〜平〜山〜三, 56比叡山〜平〜三, 56A比叡平〜山〜三京, 56比叡平〜三条京阪"
トロッコ亀岡駅,京阪京都交通（株）,39
国道穴川,京阪京都交通（株）,"34・36・59, 40・47"
北古世,京阪京都交通（株）,"循環32, 循環30"
北古世,亀岡市,"亀岡地区コミュニティバス　C121, 亀岡地区コミュニティバス　C122, 亀岡地区コミュニティバス　C211"
岡崎公園美術館・平安神宮前,京都市,"5号系統均一系統, 46号系統均一系統, 86号系統均一系統"
岡崎公園・美術館・平安神宮前,京都バス（株）,86
運動公園ターミナル,京阪京都交通（株）,"34・36・59, 40・47"
運動公園ターミナル,亀岡市,"亀岡市ふるさとバス畑野コース　F31, 亀岡市ふるさとバス畑野コース　F32, 亀岡市ふるさとバス畑野コース　F33, 亀岡市ふるさとバス畑野コース　F34, 亀岡市ふるさとバス並河駅コース　F51, 亀岡市ふるさとバス並河駅コース　F52"
大本本部前,京阪京都交通（株）,"1A・1・2, 31, 34・36・59, 37"
大本本部前,亀岡市,"亀岡地区コミュニティバス　C121, 亀岡地区コミュニティバス　C122, 亀岡地区コミュニティバス　C211"
嵐山公園,京都市,28号系統均一系統
二条城,（株）ケイルック,京都観光ループバス　金閣寺・二条城ルート
東山仁王門,京都市,"31号系統均一系統, 46号系統均一系統, 86号系統均一系統, 201号系統循環系統（均一区間）, 202号系統循環系統（均一区間）, 203号系統循環系統（均一区間）, 206号系統循環系統（均一区間）"
東山仁王門,京都バス（株）,"18, 86, 臨東山"
嵐山公園（渡月橋南詰）,京都バス（株）,"62, 63, 66, 72, 73, 76, 83, 92, 94"
二条駅前,京都市,"6号系統均一系統, 15号系統均一系統, 18号系統均一系統, 特18号系統均一系統, 46号系統均一系統, 52号系統均一系統, 55号系統均一系統, 69号系統多区間系統, 201号系統循環系統（均一区間）, 206号系統循環系統（均一区間）, 臨号系統均一系統"
二条駅前,京都バス（株）,"62, 63, 65, 66, 67"
二条駅前,西日本ジェイアールバス（株）,高雄・京北線
千ヶ畑口,亀岡市,"亀岡市ふるさとバス畑野コース　F31, 亀岡市ふるさとバス畑野コース　F32, 亀岡市ふるさとバス畑野コース　F33, 亀岡市ふるさとバス畑野コース　F34, 亀岡市ふるさとバス畑野千代川コース　F41, 亀岡市ふるさとバス畑野千代川コース　F43"
太秦小学校前,京都市,70号系統多区間系統
蚕ノ社,京都市,"11号系統均一系統, 70号系統多区間系統"
二条駅,阪急観光バス（株）・阪急バス（株）,大阪（伊丹）空港路線（二条駅・京都駅発）
二条駅西口,京都市,"18号系統均一系統, 特18号系統均一系統, 69号系統多区間系統"
嵯峨美術大学前,京都バス（株）,苔寺・すず虫寺ー有栖川
西大路御池,京都市,"26号系統均一系統, 27号系統均一系統, 特27号系統均一系統, 75号系統均一系統, 91号系統均一系統, 202号系統循環系統（均一区間）, 快速Rapid202・快速　Rapid立命館号系統均一系統, 203号系統循環系統（均一区間）, 205号系統循環系統（均一区間）, 快速Rapid205・快速　Rapid立命館号系統均一系統, 立命館ダイレクト号系統均一系統, 臨号系統均一系統"
西大路御池,西日本ジェイアールバス（株）,快速205号（快速立命館）
神泉苑前,京都市,15号系統均一系統
神泉苑前,京都バス（株）,"62, 63, 65, 66, 67"
西小路御池,京都市,75号系統均一系統
堀川御池,京都市,"9号系統均一系統, 12号系統均一系統, 15号系統均一系統, 50号系統均一系統, 67号系統均一系統"
堀川御池,京都バス（株）,"62, 63, 65, 66, 67"
山ノ内御池,京都市,75号系統均一系統
京都先端科学大学前,京都市,"11号系統均一系統, 27号系統均一系統, 特27号系統均一系統, 特71号系統均一系統, 75号系統均一系統, 80号系統均一系統, 84号系統均一系統"
京都市役所前,京都市,"3号系統均一系統, 4号系統均一系統, 5号系統均一系統, 10号系統均一系統, 15号系統均一系統, 17号系統均一系統, 32号系統均一系統, 37号系統均一系統, 51号系統均一系統, 59号系統均一系統, 205号系統循環系統（均一区間）"
京都市役所前,京都バス（株）,"21, 22, 23, 41, 43, 三条京阪前→出町柳駅前, 62, 63, 65, 66, 67"
京都市役所前,阪急観光バス（株）・阪急バス（株）,大阪（伊丹）空港路線（出町柳駅発）
太秦天神川駅前,京都市,"8号系統均一系統, 特8号系統均一系統, 11号系統均一系統, 27号系統均一系統, 特27号系統均一系統, 70号系統多区間系統, 特71号系統均一系統, 75号系統均一系統, 80号系統均一系統, 84号系統均一系統, 特93号系統均一系統"
新町御池,京都市,15号系統均一系統
新町御池,京都バス（株）,"62, 63, 65, 66, 67"
烏丸御池,京阪バス（株）,"93　醍醐〜烏御〜醍醐, 95　大宅〜烏御〜醍醐"
烏丸御池,京都市,"15号系統均一系統, 51号系統均一系統, 65号系統均一系統"
烏丸御池,京都バス（株）,"62, 63, 65, 66, 67"
烏丸御池,西日本ジェイアールバス（株）,高雄・京北線
京都市役所前,京阪バス（株）,"93　醍醐〜烏御〜醍醐, 95　大宅〜烏御〜醍醐"
堺町御池,京都市,"15号系統均一系統, 51号系統均一系統"
堺町御池,京都バス（株）,"62, 63, 65, 66, 67"
太秦天神川駅前（蚕ノ社）,京都バス（株）,"72, 73, 75, 76, 81, 83"
西口,京阪京都交通（株）,57・60
本町東,亀岡市,"亀岡地区コミュニティバス　C121, 亀岡地区コミュニティバス　C122, 亀岡地区コミュニティバス　C211"
本町西,亀岡市,"亀岡地区コミュニティバス　C121, 亀岡地区コミュニティバス　C122, 亀岡地区コミュニティバス　C211"
JR馬堀駅,京阪京都交通（株）,"34・36・59, 循環35"
河原町御池,（株）ケイルック,"京都大学病院循環路線バス　hoop, 京都観光ループバス　平安神宮・清水ルート"
河原町御池,京都バス（株）,"21, 22, 23, 41, 43, 62, 63, 65, 66, 67"
阪急嵐山駅前,京都市,28号系統均一系統
阪急嵐山駅前,京都バス（株）,"62, 63, 66, 72, 73, 76, 83, 92, 94"
烏丸御池新風館前,（株）ケイルック,京都大学病院循環路線バス　hoop
グランド前,京阪京都交通（株）,"1A・1・2, 31, 34・36・59, 37"
グランド前,亀岡市,"亀岡地区コミュニティバス　C121, 亀岡地区コミュニティバス　C122, 亀岡地区コミュニティバス　C211"
ニチコン前,京阪京都交通（株）,"循環32, 循環30"
ニチコン前,亀岡市,"亀岡地区コミュニティバス　C121, 亀岡地区コミュニティバス　C122, 亀岡地区コミュニティバス　C211"
旅籠郵便局前,亀岡市,"亀岡地区コミュニティバス　C121, 亀岡地区コミュニティバス　C122, 亀岡地区コミュニティバス　C211"
穴太,京阪京都交通（株）,34・36・59
穴太,亀岡市,"亀岡市ふるさとバス並河駅コース　F51, 亀岡市ふるさとバス並河駅コース　F52"
京都先端科学大学京都太秦キャンパス,京阪京都交通（株）,61
本梅,亀岡市,"亀岡市ふるさとバス畑野コース　F31, 亀岡市ふるさとバス畑野コース　F32, 亀岡市ふるさとバス畑野コース　F33, 亀岡市ふるさとバス畑野コース　F34, 亀岡市ふるさとバス畑野千代川コース　F41, 亀岡市ふるさとバス畑野千代川コース　F43"
三条広道,京阪バス（株）,"19　山科駅〜四河原町, 19　三条京阪〜山科駅, 17　大宅〜三条京阪"
東山三条,京阪バス（株）,"56A比山〜平〜山〜三, 56比叡山〜平〜三, 56A比叡平〜山〜三京, 56比叡平〜三条京阪, 19　山科駅〜四河原町, 19　三条京阪〜山科駅, 17　大宅〜三条京阪"
東山三条《地下鉄東山駅》,京都市,"5号系統均一系統, 12号系統均一系統, 31号系統均一系統, 46号系統均一系統, 86号系統均一系統, 201号系統循環系統（均一区間）, 202号系統循環系統（均一区間）, 203号系統循環系統（均一区間）, 206号系統循環系統（均一区間）, 臨号系統均一系統"
東山三条,京都バス（株）,"18, 臨, 86, 臨東山"
蹴上,京阪バス（株）,"19　山科駅〜四河原町, 19　三条京阪〜山科駅, 17　大宅〜三条京阪, 70　三条京阪〜将軍塚, 70　将軍〜四条〜将軍, 70　将軍塚〜四条河原"
神宮道,京阪バス（株）,"19　山科駅〜四河原町, 19　三条京阪〜山科駅, 17　大宅〜三条京阪, 70　三条京阪〜将軍塚, 70　将軍〜四条〜将軍, 70　将軍塚〜四条河原"
神宮道,京都市,"5号系統均一系統, 46号系統均一系統, 86号系統均一系統"
神宮道,京都バス（株）,86
庚申前,京都市,"11号系統均一系統, 27号系統均一系統, 特27号系統均一系統, 特71号系統均一系統, 80号系統均一系統, 84号系統均一系統"
三条京阪,京阪バス（株）,"57比叡山頂〜京都駅, 56A比山〜平〜山〜三, 56比叡山〜平〜三, 56A比叡平〜山〜三京, 56比叡平〜三条京阪, 19　山科駅〜四河原町, 19　三条京阪〜山科駅, 84B　三京阪〜醍醐T, 88B　六地蔵〜三京阪, 17　大宅〜三条京阪, 86B　大宅〜三条京阪, 70　三条京阪〜将軍塚, 70　将軍〜四条〜将軍, 70　将軍塚〜四条河原"
三条京阪前,京都市,"5号系統均一系統, 10号系統均一系統, 11号系統均一系統, 12号系統均一系統, 15号系統均一系統, 37号系統均一系統, 51号系統均一系統, 59号系統均一系統, 86号系統均一系統, 臨号系統均一系統"
三条京阪前,京都バス（株）,"16, 特16, 17, 特17, 21, 23, 41, 43, 三条京阪前→出町柳駅前, 臨, 51, 62, 63, 65, 66, 67, 86"
東竪町,亀岡市,"亀岡地区コミュニティバス　C121, 亀岡地区コミュニティバス　C122, 亀岡地区コミュニティバス　C211"
猿田彦橋,京都市,"8号系統均一系統, 特71号系統均一系統"
猿田彦橋,京都バス（株）,"81, 83"
河原町三条,京阪バス（株）,"57比叡山頂〜京都駅, 19　山科駅〜四河原町, 84B　三京阪〜醍醐T, 88B　六地蔵〜三京阪, 86B　大宅〜三条京阪, 93　醍醐〜烏御〜醍醐, 95　大宅〜烏御〜醍醐, 70　将軍〜四条〜将軍, 70　将軍塚〜四条河原"
河原町三条,京都市,"3号系統均一系統, 4号系統均一系統, 5号系統均一系統, 10号系統均一系統, 11号系統均一系統, 15号系統均一系統, 17号系統均一系統, 32号系統均一系統, 37号系統均一系統, 51号系統均一系統, 59号系統均一系統, 特80号系統多区間系統, 86号系統均一系統, 205号系統循環系統（均一区間）"
河原町三条,京都バス（株）,"特16, 17, 特17, 21, 22, 23, 41, 43, 51, 62, 63, 65, 66, 67, 86"
東加舎,亀岡市,"亀岡市ふるさとバス畑野コース　F31, 亀岡市ふるさとバス畑野コース　F32, 亀岡市ふるさとバス畑野コース　F33, 亀岡市ふるさとバス畑野コース　F34, 亀岡市ふるさとバス畑野千代川コース　F41, 亀岡市ふるさとバス畑野千代川コース　F43"
西竪町,亀岡市,"亀岡地区コミュニティバス　C121, 亀岡地区コミュニティバス　C122, 亀岡地区コミュニティバス　C211"
おばた橋,京阪京都交通（株）,34・36・59
おばた橋,亀岡市,"亀岡市ふるさとバス並河駅コース　F51, 亀岡市ふるさとバス並河駅コース　F52"
千本三条・朱雀立命館前,京都市,"6号系統均一系統, 18号系統均一系統, 特18号系統均一系統, 46号系統均一系統, 52号系統均一系統, 55号系統均一系統, 69号系統多区間系統, 201号系統循環系統（均一区間）, 206号系統循環系統（均一区間）"
千本三条・朱雀立命館前,西日本ジェイアールバス（株）,高雄・京北線
堀川三条,京都市,"9号系統均一系統, 12号系統均一系統, 50号系統均一系統, 67号系統均一系統"
西大路三条,京都市,"11号系統均一系統, 26号系統均一系統, 27号系統均一系統, 特27号系統均一系統, 75号系統均一系統, 91号系統均一系統, 202号系統循環系統（均一区間）, 快速Rapid202・快速　Rapid立命館号系統均一系統, 203号系統循環系統（均一区間）, 205号系統循環系統（均一区間）, 快速Rapid205・快速　Rapid立命館号系統均一系統, 臨号系統均一系統"
西大路三条,京都バス（株）,"72, 73, 75, 76"
西大路三条,西日本ジェイアールバス（株）,快速205号（快速立命館）
三条春日,京都市,11号系統均一系統
三条春日,京都バス（株）,"72, 73, 75, 76"
山ノ内,京都市,11号系統均一系統
山ノ内,京都バス（株）,"72, 73, 75, 76"
庚申前,京都バス（株）,"72, 73, 75, 76"
烏丸三条,京都市,65号系統均一系統
南太秦,京都市,70号系統多区間系統
谷ケ辻町,京都市,28号系統均一系統
谷ケ辻町,京都バス（株）,"63, 73, 83"
アミティ前,亀岡市,"亀岡地区コミュニティバス　C121, 亀岡地区コミュニティバス　C122, 亀岡地区コミュニティバス　C211"
亀岡市立病院前,京阪京都交通（株）,"34・36・59, 循環35"
下矢田,亀岡市,"亀岡地区コミュニティバス　C121, 亀岡地区コミュニティバス　C122, 亀岡地区コミュニティバス　C211"
亀岡病院前,京阪京都交通（株）,"循環32, 循環30"
古世ニュータウン,亀岡市,"亀岡地区コミュニティバス　C121, 亀岡地区コミュニティバス　C122, 亀岡地区コミュニティバス　C211"
知恩院前,京都市,"12号系統均一系統, 31号系統均一系統, 46号系統均一系統, 86号系統均一系統, 201号系統循環系統（均一区間）, 202号系統循環系統（均一区間）, 203号系統循環系統（均一区間）, 206号系統循環系統（均一区間）, 臨号系統均一系統"
知恩院前,京都バス（株）,"18, 臨, 86, 臨東山"
西加舎,亀岡市,"亀岡市ふるさとバス畑野コース　F31, 亀岡市ふるさとバス畑野コース　F32, 亀岡市ふるさとバス畑野コース　F33, 亀岡市ふるさとバス畑野コース　F34, 亀岡市ふるさとバス畑野千代川コース　F41, 亀岡市ふるさとバス畑野千代川コース　F43"
みぶ操車場前,京都市,"6号系統均一系統, 18号系統均一系統, 特18号系統均一系統, 46号系統均一系統, 52号系統均一系統, 55号系統均一系統, 69号系統多区間系統, 201号系統循環系統（均一区間）, 206号系統循環系統（均一区間）, 臨号系統均一系統"
堀川蛸薬師,京都市,"9号系統均一系統, 12号系統均一系統, 50号系統均一系統, 67号系統均一系統"
古世口,京阪京都交通（株）,"1A・1・2, 31, 34・36・59, 37"
穴太寺前,亀岡市,"亀岡市ふるさとバス並河駅コース　F51, 亀岡市ふるさとバス並河駅コース　F52"
祇園・四条河原町,（株）ケイルック,"京都大学病院循環路線バス　hoop, 京都観光ループバス　平安神宮・清水ルート"
広道,京阪京都交通（株）,"34・36・59, 循環35"
知恩院・円山公園,（株）ケイルック,京都観光ループバス　平安神宮・清水ルート
穴太口,京阪京都交通（株）,57・60
頼政塚前,京阪京都交通（株）,"1A・1・2, 循環32, 循環30"
内田町,京都市,28号系統均一系統
内田町,京都バス（株）,"63, 73, 83"
四条京阪,京阪バス（株）,"19　山科駅〜四河原町, 87A　六地蔵〜四烏丸, 87　四烏丸〜六地蔵, 83　醍醐BT〜四大宮, 83A　醍醐T〜四烏丸, 84　醍醐T〜四河原町, 88　四烏丸〜六地蔵, 88B　六地蔵〜三京阪, 85　四条烏丸〜大宅, 88C　四条烏丸〜大宅, 86B　大宅〜三条京阪, 86　四条河原町〜大宅, 86　蚊ヶ瀬〜四河原町, 70　将軍〜四条〜将軍"
四条京阪前,京都市,"10号系統均一系統, 11号系統均一系統, 12号系統均一系統, 15号系統均一系統, 31号系統均一系統, 37号系統均一系統, 46号系統均一系統, 51号系統均一系統, 58号系統均一系統, 59号系統均一系統, 80号系統均一系統, 86号系統均一系統, 201号系統循環系統（均一区間）, 203号系統循環系統（均一区間）, 207号系統循環系統（均一区間）, 臨号系統均一系統"
四条京阪前,京都バス（株）,"16, 特16, 21, 23, 41, 43, 臨, 62, 63, 65, 66, 67, 86"
日新電機前,京都市,"3号系統均一系統, 28号系統均一系統, 29号系統多区間系統, 67号系統均一系統, 69号系統多区間系統, 71号系統均一系統, 特71号系統均一系統, 臨号系統均一系統"
四条河原町,京阪バス（株）,"57比叡山頂〜京都駅, 19　山科駅〜四河原町, 87A　六地蔵〜四烏丸, 87　四烏丸〜六地蔵, 83　醍醐BT〜四大宮, 83A　醍醐T〜四烏丸, 84　醍醐T〜四河原町, 84B　三京阪〜醍醐T, 88　四烏丸〜六地蔵, 88B　六地蔵〜三京阪, 85　四条烏丸〜大宅, 84C　四河原町〜大宅, 88C　四条烏丸〜大宅, 86B　大宅〜三条京阪, 86　四条河原町〜大宅, 86A　四河原〜蚊ヶ瀬, 86　蚊ヶ瀬〜四河原町, 93　醍醐〜烏御〜醍醐, 95　大宅〜烏御〜醍醐, 70　将軍〜四条〜将軍, 70　将軍塚〜四条河原"
四条河原町,京都市,"3号系統均一系統, 4号系統均一系統, 5号系統均一系統, 10号系統均一系統, 11号系統均一系統, 12号系統均一系統, 15号系統均一系統, 17号系統均一系統, 31号系統均一系統, 32号系統均一系統, 37号系統均一系統, 46号系統均一系統, 51号系統均一系統, 58号系統均一系統, 59号系統均一系統, 80号系統均一系統, 特80号系統多区間系統, 86号系統均一系統, 201号系統循環系統（均一区間）, 203号系統循環系統（均一区間）, 205号系統循環系統（均一区間）, 207号系統循環系統（均一区間）"
四条河原町,京都バス（株）,"16, 特16, 17, 特17, 21, 22, 23, 41, 43, 51, 62, 63, 65, 66, 67, 86"
四条河原町,プリンセスライン（株）,"京都女子大学前〜四条河原町16・17号系統, 四条河原町〜JR京都駅八条口18号A・B系統"
祇園,京阪バス（株）,"87A　六地蔵〜四烏丸, 87　四烏丸〜六地蔵, 83　醍醐BT〜四大宮, 83A　醍醐T〜四烏丸, 84　醍醐T〜四河原町, 88　四烏丸〜六地蔵, 88B　六地蔵〜三京阪, 85　四条烏丸〜大宅, 88C　四条烏丸〜大宅, 86B　大宅〜三条京阪, 86　四条河原町〜大宅, 86　蚊ヶ瀬〜四河原町"
祇園,京都市,"12号系統均一系統, 31号系統均一系統, 46号系統均一系統, 58号系統均一系統, 80号系統均一系統, 86号系統均一系統, 201号系統循環系統（均一区間）, 202号系統循環系統（均一区間）, 203号系統循環系統（均一区間）, 206号系統循環系統（均一区間）, 207号系統循環系統（均一区間）, 臨号系統均一系統"
祇園,京都バス（株）,"18, 臨, 86, 臨東山"
南広町,京都市,"3号系統均一系統, 28号系統均一系統, 29号系統多区間系統, 32号系統均一系統, 67号系統均一系統, 69号系統多区間系統, 71号系統均一系統, 特71号系統均一系統, 80号系統均一系統, 臨号系統均一系統"
四条高倉,京阪バス（株）,"87A　六地蔵〜四烏丸, 87　四烏丸〜六地蔵, 83　醍醐BT〜四大宮, 83A　醍醐T〜四烏丸, 88　四烏丸〜六地蔵, 85　四条烏丸〜大宅, 88C　四条烏丸〜大宅"
四条高倉,京都市,"3号系統均一系統, 5号系統均一系統, 11号系統均一系統, 12号系統均一系統, 31号系統均一系統, 32号系統均一系統, 46号系統均一系統, 58号系統均一系統, 201号系統循環系統（均一区間）, 203号系統循環系統（均一区間）, 207号系統循環系統（均一区間）"
四条高倉,京都バス（株）,"17, 特17, 51"
四条西洞院,京都市,"3号系統均一系統, 8号系統均一系統, 11号系統均一系統, 12号系統均一系統, 13号系統均一系統, 特13号系統均一系統, 臨13号系統均一系統, 26号系統均一系統, 27号系統均一系統, 29号系統多区間系統, 32号系統均一系統, 46号系統均一系統, 50号系統均一系統, 52号系統均一系統, 55号系統均一系統, 58号系統均一系統, 91号系統均一系統, 201号系統循環系統（均一区間）, 203号系統循環系統（均一区間）, 207号系統循環系統（均一区間）, 臨号系統均一系統"
四条烏丸,京阪バス（株）,"87A　六地蔵〜四烏丸, 87　四烏丸〜六地蔵, 83　醍醐BT〜四大宮, 83A　醍醐T〜四烏丸, 88　四烏丸〜六地蔵, 85　四条烏丸〜大宅, 88C　四条烏丸〜大宅, 93　醍醐〜烏御〜醍醐, 95　大宅〜烏御〜醍醐, 82　大宅〜四条大宮"
四条烏丸《地下鉄四条駅》,京都市,"3号系統均一系統, 5号系統均一系統, 8号系統均一系統, 11号系統均一系統, 12号系統均一系統, 13号系統均一系統, 特13号系統均一系統, 臨13号系統均一系統, 26号系統均一系統, 27号系統均一系統, 29号系統多区間系統, 31号系統均一系統, 32号系統均一系統, 43号系統均一系統, 46号系統均一系統, 52号系統均一系統, 55号系統均一系統, 58号系統均一系統, 65号系統均一系統, 91号系統均一系統, 201号系統循環系統（均一区間）, 203号系統循環系統（均一区間）, 207号系統循環系統（均一区間）, 臨号系統均一系統"
四条烏丸,京都バス（株）,"17, 特17, 51, 72, 73, 75, 76"
四条烏丸,西日本ジェイアールバス（株）,高雄・京北線
京都外大前,京都市,"3号系統均一系統, 8号系統均一系統, 27号系統均一系統, 特27号系統均一系統, 28号系統均一系統, 29号系統多区間系統, 32号系統均一系統, 67号系統均一系統, 69号系統多区間系統, 71号系統均一系統, 特71号系統均一系統, 80号系統均一系統, 臨号系統均一系統"
京都外大前（西貝川町）,京都バス（株）,"81, 83"
四条大宮,京阪バス（株）,"83　醍醐BT〜四大宮, 82　大宅〜四条大宮"
四条大宮,京都市,"3号系統均一系統, 6号系統均一系統, 8号系統均一系統, 11号系統均一系統, 13号系統均一系統, 特13号系統均一系統, 臨13号系統均一系統, 18号系統均一系統, 特18号系統均一系統, 26号系統均一系統, 27号系統均一系統, 28号系統均一系統, 29号系統多区間系統, 32号系統均一系統, 46号系統均一系統, 52号系統均一系統, 55号系統均一系統, 58号系統均一系統, 67号系統均一系統, 69号系統多区間系統, 71号系統均一系統, 特71号系統均一系統, 91号系統均一系統, 201号系統循環系統（均一区間）, 203号系統循環系統（均一区間）, 206号系統循環系統（均一区間）, 207号系統循環系統（均一区間）, 臨号系統均一系統"
四条大宮,京都バス（株）,"72, 73, 75, 76"
四条大宮,西日本ジェイアールバス（株）,高雄・京北線
四条大宮,阪急観光バス（株）・阪急バス（株）,大阪（伊丹）空港路線（二条駅・京都駅発）
四条堀川,京都市,"3号系統均一系統, 8号系統均一系統, 9号系統均一系統, 11号系統均一系統, 12号系統均一系統, 13号系統均一系統, 特13号系統均一系統, 臨13号系統均一系統, 26号系統均一系統, 27号系統均一系統, 28号系統均一系統, 29号系統多区間系統, 32号系統均一系統, 46号系統均一系統, 50号系統均一系統, 52号系統均一系統, 55号系統均一系統, 58号系統均一系統, 67号系統均一系統, 91号系統均一系統, 201号系統循環系統（均一区間）, 203号系統循環系統（均一区間）, 207号系統循環系統（均一区間）, 臨号系統均一系統"
梅津段町,京都市,"3号系統均一系統, 28号系統均一系統, 29号系統多区間系統, 67号系統均一系統, 69号系統多区間系統, 70号系統多区間系統, 71号系統均一系統, 特71号系統均一系統, 臨号系統均一系統"
四条御前通,京都市,"3号系統均一系統, 8号系統均一系統, 11号系統均一系統, 13号系統均一系統, 特13号系統均一系統, 臨13号系統均一系統, 26号系統均一系統, 27号系統均一系統, 28号系統均一系統, 29号系統多区間系統, 67号系統均一系統, 69号系統多区間系統, 71号系統均一系統, 特71号系統均一系統, 91号系統均一系統, 203号系統循環系統（均一区間）, 臨号系統均一系統"
四条中新道,京都市,"3号系統均一系統, 8号系統均一系統, 11号系統均一系統, 13号系統均一系統, 特13号系統均一系統, 臨13号系統均一系統, 26号系統均一系統, 27号系統均一系統, 28号系統均一系統, 29号系統多区間系統, 67号系統均一系統, 69号系統多区間系統, 71号系統均一系統, 特71号系統均一系統, 91号系統均一系統, 203号系統循環系統（均一区間）, 臨号系統均一系統"
四条中新道,京都バス（株）,"72, 73, 75, 76"
四条葛野大路,京都市,"3号系統均一系統, 8号系統均一系統, 27号系統均一系統, 特27号系統均一系統, 28号系統均一系統, 29号系統多区間系統, 67号系統均一系統, 69号系統多区間系統, 71号系統均一系統, 特71号系統均一系統, 80号系統均一系統, 84号系統均一系統, 臨号系統均一系統"
壬生寺道,京都市,"3号系統均一系統, 8号系統均一系統, 11号系統均一系統, 13号系統均一系統, 特13号系統均一系統, 臨13号系統均一系統, 26号系統均一系統, 27号系統均一系統, 28号系統均一系統, 29号系統多区間系統, 67号系統均一系統, 69号系統多区間系統, 71号系統均一系統, 特71号系統均一系統, 91号系統均一系統, 203号系統循環系統（均一区間）, 臨号系統均一系統"
壬生寺道,京都バス（株）,"72, 73, 75, 76"
西大路四条《阪急・嵐電西院駅》,京都市,"3号系統均一系統, 8号系統均一系統, 11号系統均一系統, 13号系統均一系統, 特13号系統均一系統, 臨13号系統均一系統, 26号系統均一系統, 27号系統均一系統, 特27号系統均一系統, 28号系統均一系統, 29号系統多区間系統, 67号系統均一系統, 69号系統多区間系統, 71号系統均一系統, 特71号系統均一系統, 75号系統均一系統, 91号系統均一系統, 202号系統循環系統（均一区間）, 快速Rapid202・快速　Rapid立命館号系統均一系統, 203号系統循環系統（均一区間）, 205号系統循環系統（均一区間）, 快速Rapid205・快速　Rapid立命館号系統均一系統, 立命館ダイレクト号系統均一系統, 臨号系統均一系統"
西大路四条,京都バス（株）,"72, 73, 75, 76"
西大路四条《阪急・嵐電西院駅》,西日本ジェイアールバス（株）,快速205号（快速立命館）
長福寺道,京都市,"3号系統均一系統, 28号系統均一系統, 29号系統多区間系統, 67号系統均一系統, 71号系統均一系統, 特71号系統均一系統, 臨号系統均一系統"
西院巽町,京都市,"3号系統均一系統, 8号系統均一系統, 特27号系統均一系統, 28号系統均一系統, 29号系統多区間系統, 67号系統均一系統, 69号系統多区間系統, 71号系統均一系統, 特71号系統均一系統, 臨号系統均一系統"
四条中学前,京都市,"3号系統均一系統, 8号系統均一系統, 特27号系統均一系統, 28号系統均一系統, 29号系統多区間系統, 67号系統均一系統, 69号系統多区間系統, 71号系統均一系統, 特71号系統均一系統, 臨号系統均一系統"
梅津西浦町,京都市,"3号系統均一系統, 28号系統均一系統, 29号系統多区間系統, 67号系統均一系統, 71号系統均一系統, 特71号系統均一系統, 臨号系統均一系統"
中矢田鳥居前,亀岡市,"亀岡地区コミュニティバス　C121, 亀岡地区コミュニティバス　C122, 亀岡地区コミュニティバス　C211"
国道つつじヶ丘,京阪京都交通（株）,1A・1・2
祇園・八坂神社,（株）ケイルック,京都観光ループバス　平安神宮・清水ルート
ひばりが丘,京阪京都交通（株）,1A・1・2
梅宮大社前,京都市,"3号系統均一系統, 28号系統均一系統, 29号系統多区間系統, 67号系統均一系統, 71号系統均一系統, 特71号系統均一系統, 臨号系統均一系統"
四条河原町,阪急観光バス（株）・阪急バス（株）,大阪（伊丹）空港路線（出町柳駅発）
雲仙台,京阪京都交通（株）,"循環32, 31, 34・36・59, 37"
松尾橋,京都市,"3号系統均一系統, 28号系統均一系統, 29号系統多区間系統, 67号系統均一系統, 71号系統均一系統, 特71号系統均一系統, 臨号系統均一系統"
九条山,京阪バス（株）,"19　山科駅〜四河原町, 19　三条京阪〜山科駅, 17　大宅〜三条京阪"
梅津石灘町,京都市,"69号系統多区間系統, 70号系統多区間系統"
アルプラザ前,京阪京都交通（株）,"34・36・59, 循環35"
将軍塚青龍殿,京阪バス（株）,"70　三条京阪〜将軍塚, 70　将軍〜四条〜将軍, 70　将軍塚〜四条河原"
西洞院仏光寺,京都市,50号系統均一系統
ムツミ病院前,亀岡市,"亀岡地区コミュニティバス　C121, 亀岡地区コミュニティバス　C122, 亀岡地区コミュニティバス　C211"
ふれあいセンター前,京阪京都交通（株）,"31, 34・36・59, 37"
篠,京阪京都交通（株）,1A・1・2
上矢田,京阪京都交通（株）,31
上矢田,亀岡市,"亀岡地区コミュニティバス　C121, 亀岡地区コミュニティバス　C122, 亀岡地区コミュニティバス　C211"
四条烏丸,（株）ケイルック,京都大学病院循環路線バス　hoop
グリーンタウン,京阪京都交通（株）,31
グリーンタウン,亀岡市,"亀岡地区コミュニティバス　C121, 亀岡地区コミュニティバス　C122, 亀岡地区コミュニティバス　C211"
松尾大社前,京都市,"28号系統均一系統, 29号系統多区間系統"
松尾大社前,京都バス（株）,"63, 73, 83, 苔寺・すず虫寺ー有栖川"
美山台,京阪京都交通（株）,"循環32, 31"
美山台,亀岡市,"亀岡地区コミュニティバス　C121, 亀岡地区コミュニティバス　C122, 亀岡地区コミュニティバス　C211"
東山安井,京阪バス（株）,"87A　六地蔵〜四烏丸, 87　四烏丸〜六地蔵, 83　醍醐BT〜四大宮, 83A　醍醐T〜四烏丸, 84　醍醐T〜四河原町, 88　四烏丸〜六地蔵, 88B　六地蔵〜三京阪, 85　四条烏丸〜大宅, 88C　四条烏丸〜大宅, 86B　大宅〜三条京阪, 86　四条河原町〜大宅, 86　蚊ヶ瀬〜四河原町"
東山安井,京都市,"58号系統均一系統, 80号系統均一系統, 86号系統均一系統, 202号系統循環系統（均一区間）, 206号系統循環系統（均一区間）, 207号系統循環系統（均一区間）, 臨号系統均一系統"
東山安井,京都バス（株）,"18, 臨, 86, 臨東山"
西つつじヶ丘,京阪京都交通（株）,"循環32, 循環30, 34・36・59, 循環35, 37"
西京極北大入町,京都バス（株）,"81, 83"
葛野大路高辻,京都市,"特27号系統均一系統, 84号系統均一系統"
つつじヶ丘小学校前,京阪京都交通（株）,"循環32, 循環30, 34・36・59, 循環35"
烏丸松原,京阪バス（株）,"93　醍醐〜烏御〜醍醐, 95　大宅〜烏御〜醍醐, 82　大宅〜四条大宮"
烏丸松原,京都市,"5号系統均一系統, 26号系統均一系統, 43号系統均一系統"
烏丸松原,京都バス（株）,"17, 特17, 51, 72, 73, 75, 76"
堀川松原,京都市,"9号系統均一系統, 28号系統均一系統, 臨号系統均一系統"
南条局前,京阪京都交通（株）,57・60
広田,京阪京都交通（株）,"34・36・59, 循環35, 37"
河原町松原,京阪バス（株）,"84　醍醐T〜四河原町, 84B　三京阪〜醍醐T, 88B　六地蔵〜三京阪, 84C　四河原町〜大宅, 86B　大宅〜三条京阪, 86　四条河原町〜大宅, 86A　四河原〜蚊ヶ瀬, 93　醍醐〜烏御〜醍醐, 95　大宅〜烏御〜醍醐"
河原町松原,京都市,"4号系統均一系統, 5号系統均一系統, 17号系統均一系統, 80号系統均一系統, 205号系統循環系統（均一区間）"
陽生苑前,京阪京都交通（株）,"34・36・59, 循環35"
大宮松原,京阪バス（株）,82　大宅〜四条大宮
大宮松原,京都市,"6号系統均一系統, 18号系統均一系統, 特18号系統均一系統, 32号系統均一系統, 58号系統均一系統, 71号系統均一系統, 特71号系統均一系統, 206号系統循環系統（均一区間）, 207号系統循環系統（均一区間）"
大宮松原,西日本ジェイアールバス（株）,高雄・京北線
西京極午塚町,京都市,"32号系統均一系統, 80号系統均一系統"
西大路松原,京都市,"13号系統均一系統, 特13号系統均一系統, 臨13号系統均一系統, 特27号系統均一系統, 75号系統均一系統, 202号系統循環系統（均一区間）, 205号系統循環系統（均一区間）"
西洞院松原,京都市,50号系統均一系統
霧二公園前,亀岡市,"亀岡地区コミュニティバス　C121, 亀岡地区コミュニティバス　C122, 亀岡地区コミュニティバス　C211"
鍬山神社前,京阪京都交通（株）,31
鍬山神社前,亀岡市,"亀岡地区コミュニティバス　C121, 亀岡地区コミュニティバス　C122, 亀岡地区コミュニティバス　C211"
清水道,京阪バス（株）,"87A　六地蔵〜四烏丸, 87　四烏丸〜六地蔵, 83　醍醐BT〜四大宮, 83A　醍醐T〜四烏丸, 84　醍醐T〜四河原町, 88　四烏丸〜六地蔵, 88B　六地蔵〜三京阪, 85　四条烏丸〜大宅, 88C　四条烏丸〜大宅, 86B　大宅〜三条京阪, 86　四条河原町〜大宅, 86　蚊ヶ瀬〜四河原町"
清水道,京都市,"58号系統均一系統, 80号系統均一系統, 86号系統均一系統, 202号系統循環系統（均一区間）, 206号系統循環系統（均一区間）, 207号系統循環系統（均一区間）, 臨号系統均一系統"
清水道,京都バス（株）,"18, 臨, 86, 臨東山"
清水寺,（株）ケイルック,京都観光ループバス　平安神宮・清水ルート
南条,亀岡市,"亀岡市ふるさとバス別院コース　F21・22, 亀岡市ふるさとバス別院コース　F23, 亀岡市ふるさとバス別院コース　F24, 亀岡市ふるさとバス並河駅コース　F51, 亀岡市ふるさとバス並河駅コース　F52"
夫婦池団地前,亀岡市,"亀岡市ふるさとバス別院コース　F21・22, 亀岡市ふるさとバス別院コース　F24"
犬飼口,亀岡市,"亀岡市ふるさとバス別院コース　F21・22, 亀岡市ふるさとバス別院コース　F24"
都台,京阪京都交通（株）,"34・36・59, 循環35, 37"
日ノ岡,京阪バス（株）,"19　山科駅〜四河原町, 19　三条京阪〜山科駅, 17　大宅〜三条京阪"
亀岡車庫,京阪京都交通（株）,37
花山天文台・阿含,京阪バス（株）,"70　三条京阪〜将軍塚, 70　将軍〜四条〜将軍, 70　将軍塚〜四条河原"
上野橋,京都市,"69号系統多区間系統, 70号系統多区間系統"
西京極スポーツセンター前,京都バス（株）,"81, 83"
大宮五条,京阪バス（株）,82　大宅〜四条大宮
大宮五条,京都市,"6号系統均一系統, 18号系統均一系統, 特18号系統均一系統, 32号系統均一系統, 43号系統均一系統, 58号系統均一系統, 71号系統均一系統, 特71号系統均一系統, 73号系統多区間系統, 75号系統均一系統, 80号系統均一系統, 206号系統循環系統（均一区間）, 207号系統循環系統（均一区間）"
大宮五条,京都バス（株）,"81, 83"
大宮五条,西日本ジェイアールバス（株）,高雄・京北線
大宮五条,京阪京都交通（株）,"27, 21・・21A"
大葉台一丁目西口,京阪京都交通（株）,"循環32, 循環30, 34・36・59, 循環35"
堀川五条,京阪バス（株）,"82　大宅〜四条大宮, 311八条口〜五条坂, 312六地蔵〜八条口, 312八条口〜醍醐BT, 311八条口〜大宅"
堀川五条,京都市,"9号系統均一系統, 28号系統均一系統, 43号系統均一系統, 73号系統多区間系統, 75号系統均一系統, 80号系統均一系統, 臨号系統均一系統"
堀川五条,京阪京都交通（株）,"27, 21・・21A"
五条西洞院,京阪バス（株）,"82　大宅〜四条大宮, 311八条口〜五条坂, 312六地蔵〜八条口, 312八条口〜醍醐BT, 311八条口〜大宅"
五条西洞院,京都市,"43号系統均一系統, 50号系統均一系統, 73号系統多区間系統, 80号系統均一系統"
五条西洞院,京阪京都交通（株）,"27, 21・・21A"
五条壬生川,京都市,"32号系統均一系統, 43号系統均一系統, 73号系統多区間系統, 75号系統均一系統, 80号系統均一系統"
森公民館前,京阪京都交通（株）,"34・36・59, 循環35, 37"
烏丸五条,京阪バス（株）,"93　醍醐〜烏御〜醍醐, 95　大宅〜烏御〜醍醐, 82　大宅〜四条大宮, 311八条口〜五条坂, 312六地蔵〜八条口, 312八条口〜醍醐BT, 311八条口〜大宅"
烏丸五条《地下鉄五条駅》,京都市,"5号系統均一系統, 26号系統均一系統, 43号系統均一系統, 73号系統多区間系統, 80号系統均一系統"
烏丸五条,京都バス（株）,"17, 特17, 51, 72, 73, 75, 76, 81, 83"
烏丸五条,京阪京都交通（株）,"27, 21・・21A"
森,京阪京都交通（株）,"34・36・59, 循環35, 37"
五条高倉,京阪バス（株）,"93　醍醐〜烏御〜醍醐, 95　大宅〜烏御〜醍醐, 82　大宅〜四条大宮, 311八条口〜五条坂, 312六地蔵〜八条口, 312八条口〜醍醐BT, 311八条口〜大宅"
五条高倉,京都市,"5号系統均一系統, 80号系統均一系統"
京都リサーチパーク前,京都市,"32号系統均一系統, 43号系統均一系統, 73号系統多区間系統, 75号系統均一系統, 80号系統均一系統"
京都リサーチパーク前,京都バス（株）,"81, 83"
京都リサーチパーク前,京阪京都交通（株）,"27, 21・・21A, フラワーライン線"
西大路五条,京都市,"13号系統均一系統, 特13号系統均一系統, 臨13号系統均一系統, 特27号系統均一系統, 32号系統均一系統, 43号系統均一系統, 73号系統多区間系統, 75号系統均一系統, 80号系統均一系統, 202号系統循環系統（均一区間）, 快速Rapid202・快速　Rapid立命館号系統均一系統, 205号系統循環系統（均一区間）, 快速Rapid205・快速　Rapid立命館号系統均一系統"
西大路五条,京都バス（株）,"81, 83"
西大路五条,西日本ジェイアールバス（株）,快速205号（快速立命館）
西大路五条,京阪京都交通（株）,"27, 21・・21A"
御陵駅,京阪バス（株）,"19　山科駅〜四河原町, 19　三条京阪〜山科駅, 鏡山循環　山科〜山科"
松室北河原町,京都市,29号系統多区間系統
松室北河原町,京都バス（株）,"63, 73, 83, 苔寺・すず虫寺ー有栖川"
市立病院前,京都市,"32号系統均一系統, 43号系統均一系統, 73号系統多区間系統, 75号系統均一系統, 80号系統均一系統"
市立病院前,京都バス（株）,"81, 83"
市立病院前,京阪京都交通（株）,"27, 21・・21A"
光華女子学園,京阪京都交通（株）,フラワーライン線
光華女子学園前,京都市,"特27号系統均一系統, 32号系統均一系統, 73号系統多区間系統, 80号系統均一系統, 84号系統均一系統"
光華女子学園前,京都バス（株）,"81, 83"
光華女子学園前,京阪京都交通（株）,"27, 21・・21A"
中ノ橋五条,京都市,"特27号系統均一系統, 32号系統均一系統, 73号系統多区間系統, 80号系統均一系統"
中ノ橋五条,京都バス（株）,"81, 83"
中ノ橋五条,京阪京都交通（株）,"27, 21・・21A"
河原町五条,京阪バス（株）,"84　醍醐T〜四河原町, 84B　三京阪〜醍醐T, 88B　六地蔵〜三京阪, 84C　四河原町〜大宅, 86B　大宅〜三条京阪, 86　四条河原町〜大宅, 86A　四河原〜蚊ヶ瀬, 93　醍醐〜烏御〜醍醐, 95　大宅〜烏御〜醍醐, 82　大宅〜四条大宮, 311八条口〜五条坂, 312六地蔵〜八条口, 312八条口〜醍醐BT, 311八条口〜大宅"
河原町五条,京都市,"4号系統均一系統, 5号系統均一系統, 17号系統均一系統, 80号系統均一系統, 205号系統循環系統（均一区間）"
西京極運動公園前,京都市,"32号系統均一系統, 73号系統多区間系統, 80号系統均一系統"
西京極運動公園前,京阪京都交通（株）,"27, 21・・21A"
京都先端科学大学京都亀岡キャンパス,京阪京都交通（株）,"57・60, 58, 61, 62"
京都先端科学大学京都亀岡キャンパス,亀岡市,"亀岡市ふるさとバス別院コース　F21・22, 亀岡市ふるさとバス別院コース　F23, 亀岡市ふるさとバス別院コース　F24, 亀岡市ふるさとバス並河駅コース　F51, 亀岡市ふるさとバス並河駅コース　F52"
五条京阪前,京都市,80号系統均一系統
五条京阪,京阪バス（株）,"84　醍醐T〜四河原町, 84B　三京阪〜醍醐T, 88B　六地蔵〜三京阪, 84C　四河原町〜大宅, 86B　大宅〜三条京阪, 86　四条河原町〜大宅, 86A　四河原〜蚊ヶ瀬, 93　醍醐〜烏御〜醍醐, 95　大宅〜烏御〜醍醐, 82　大宅〜四条大宮, 311八条口〜五条坂, 312六地蔵〜八条口, 312八条口〜醍醐BT, 311八条口〜大宅"
犬飼,亀岡市,"亀岡市ふるさとバス別院コース　F21・22, 亀岡市ふるさとバス別院コース　F24"
大葉台一丁目,京阪京都交通（株）,"循環32, 循環30, 34・36・59, 循環35"
五条大和大路,京阪バス（株）,"84　醍醐T〜四河原町, 84B　三京阪〜醍醐T, 88B　六地蔵〜三京阪, 84C　四河原町〜大宅, 86B　大宅〜三条京阪, 86　四条河原町〜大宅, 86A　四河原〜蚊ヶ瀬, 93　醍醐〜烏御〜醍醐, 95　大宅〜烏御〜醍醐, 82　大宅〜四条大宮, 311八条口〜五条坂, 312六地蔵〜八条口, 312八条口〜醍醐BT, 311八条口〜大宅"
国道王子,京阪京都交通（株）,1A・1・2
西京極,京都市,"32号系統均一系統, 73号系統多区間系統, 80号系統均一系統"
五条大和大路・東山開睛館前,京都市,80号系統均一系統
京都リサーチパーク4号館前,京阪京都交通（株）,直行93
御陵東,京阪バス（株）,"19　山科駅〜四河原町, 19　三条京阪〜山科駅, 鏡山循環　山科〜山科"
桂川小学校前,京都市,"69号系統多区間系統, 70号系統多区間系統"
星の丘①番,京阪京都交通（株）,"循環30, 循環35"
五条坂,京阪バス（株）,"87A　六地蔵〜四烏丸, 87　四烏丸〜六地蔵, 83　醍醐BT〜四大宮, 83A　醍醐T〜四烏丸, 84　醍醐T〜四河原町, 84B　三京阪〜醍醐T, 88　四烏丸〜六地蔵, 88B　六地蔵〜三京阪, 85　四条烏丸〜大宅, 84C　四河原町〜大宅, 88C　四条烏丸〜大宅, 86B　大宅〜三条京阪, 86　四条河原町〜大宅, 86A　四河原〜蚊ヶ瀬, 86　蚊ヶ瀬〜四河原町, 93　醍醐〜烏御〜醍醐, 95　大宅〜烏御〜醍醐, 82　大宅〜四条大宮, 311八条口〜五条坂, 312六地蔵〜八条口, 312八条口〜醍醐BT, 311八条口〜大宅"
五条坂,京都市,"58号系統均一系統, 80号系統均一系統, 86号系統均一系統, 202号系統循環系統（均一区間）, 206号系統循環系統（均一区間）, 207号系統循環系統（均一区間）, 臨号系統均一系統"
五条坂,京都バス（株）,"18, 臨, 86, 臨東山"
西洞院六条,京都市,50号系統均一系統
西本願寺（聞法会館前）,京阪バス（株）,"311八条口〜五条坂, 312六地蔵〜八条口, 312八条口〜醍醐BT, 311八条口〜大宅"
星の丘③番,京阪京都交通（株）,"循環30, 循環35"
松尾小学校前,京都バス（株）,"63, 73, 83, 苔寺・すず虫寺ー有栖川"
鈴虫寺・苔寺道,京都市,29号系統多区間系統
陵ヶ岡天智天皇陵,京阪バス（株）,"19　山科駅〜四河原町, 19　三条京阪〜山科駅, 鏡山循環　山科〜山科"
島原口,京都市,"6号系統均一系統, 18号系統均一系統, 特18号系統均一系統, 58号系統均一系統, 71号系統均一系統, 特71号系統均一系統, 206号系統循環系統（均一区間）, 207号系統循環系統（均一区間）"
烏丸六条,京都市,"5号系統均一系統, 26号系統均一系統, 73号系統多区間系統"
烏丸六条,京阪京都交通（株）,"27, 21・・21A"
河原町正面,京都市,"4号系統均一系統, 17号系統均一系統, 205号系統循環系統（均一区間）"
大葉台二丁目西口,京阪京都交通（株）,"循環32, 循環30, 34・36・59, 循環35"
西大路花屋町,京都市,"13号系統均一系統, 特13号系統均一系統, 臨13号系統均一系統, 43号系統均一系統, 202号系統循環系統（均一区間）, 205号系統循環系統（均一区間）"
西小路花屋町,京都市,特27号系統均一系統
石塚町,京阪バス（株）,"17　大宅〜三条京阪, 鏡山循環　山科〜山科"
西本願寺前,京阪バス（株）,"311八条口〜五条坂, 312六地蔵〜八条口, 312八条口〜醍醐BT, 311八条口〜大宅"
西本願寺前,京都市,"9号系統均一系統, 28号系統均一系統, 75号系統均一系統, 臨号系統均一系統"
苔寺・すず虫寺,京都バス（株）,"63, 73, 83, 苔寺・すず虫寺ー有栖川"
西大橋西詰,京都市,73号系統多区間系統
西大橋西詰,京阪京都交通（株）,"27, 21・・21A"
馬町,京阪バス（株）,"87A　六地蔵〜四烏丸, 83　醍醐BT〜四大宮, 83A　醍醐T〜四烏丸, 84　醍醐T〜四河原町, 88B　六地蔵〜三京阪, 86B　大宅〜三条京阪, 86　四条河原町〜大宅, 86　蚊ヶ瀬〜四河原町, 93　醍醐〜烏御〜醍醐, 95　大宅〜烏御〜醍醐, 82　大宅〜四条大宮, 312六地蔵〜八条口, 312八条口〜醍醐BT, 311八条口〜大宅"
馬町,京都市,"58号系統均一系統, 86号系統均一系統, 202号系統循環系統（均一区間）, 206号系統循環系統（均一区間）, 207号系統循環系統（均一区間）, 臨号系統均一系統"
馬町,京都バス（株）,"18, 臨, 86, 臨東山"
西京極駅前,京都市,"特27号系統均一系統, 84号系統均一系統"
山科駅,京阪バス（株）,"48　小金塚〜山科駅, 22　六地蔵〜山科駅, 24　合場川〜山科駅, 22A　六地蔵〜山科駅, 24A　合場川〜山科駅, 26A　橘大学〜山科駅, 26　大宅〜山科駅, 21　大宅〜山科駅, 20　山科〜小山〜山科, 28　大宅〜山科駅, NS　山科駅〜橘大学, 29　大宅〜山科駅, 29C　山科〜西〜山科, 19　山科駅〜四河原町, 19　三条京阪〜山科駅, 鏡山循環　山科〜山科, くるり　総庁舎〜山科駅"
西洞院正面,京都市,50号系統均一系統
大葉台二丁目,京阪京都交通（株）,"循環32, 循環30, 34・36・59, 循環35"
葛野大路花屋町,京都市,84号系統均一系統
上馬町,京阪バス（株）,"87A　六地蔵〜四烏丸, 83　醍醐BT〜四大宮, 83A　醍醐T〜四烏丸, 84　醍醐T〜四河原町, 88B　六地蔵〜三京阪, 86B　大宅〜三条京阪, 86　四条河原町〜大宅, 86　蚊ヶ瀬〜四河原町, 93　醍醐〜烏御〜醍醐, 95　大宅〜烏御〜醍醐, 82　大宅〜四条大宮, 312六地蔵〜八条口, 312八条口〜醍醐BT, 311八条口〜大宅"
星の丘②番,京阪京都交通（株）,"循環30, 循環35"
老ノ坂峠,京阪京都交通（株）,1A・1・2
京都薬科大学,京阪バス（株）,"19　山科駅〜四河原町, 19　三条京阪〜山科駅, 鏡山循環　山科〜山科"
上桂西居町,京都市,69号系統多区間系統
上桂東ノ口,京都市,70号系統多区間系統
上桂駅前,京都市,69号系統多区間系統
松尾大利町,京都市,"29号系統多区間系統, 69号系統多区間系統"
国立博物館前,プリンセスライン（株）,京都女子大学前〜四条河原町16・17号系統
上桂御正町,京都市,73号系統多区間系統
上桂御正町,京阪京都交通（株）,"27, 21・・21A"
寺村口,亀岡市,"亀岡市ふるさとバス別院コース　F21・22, 亀岡市ふるさとバス別院コース　F23"
五条別,京阪バス（株）,"19　山科駅〜四河原町, 19　三条京阪〜山科駅, 鏡山循環　山科〜山科"
外環三条,京阪バス（株）,"22　六地蔵〜山科駅, 24　合場川〜山科駅, 22A　六地蔵〜山科駅, 24A　合場川〜山科駅, 26A　橘大学〜山科駅, 26　大宅〜山科駅, 21　大宅〜山科駅, 20　山科〜小山〜山科, 28　大宅〜山科駅, 29　大宅〜山科駅, 29C　山科〜西〜山科, 19　山科駅〜四河原町, 19　三条京阪〜山科駅, 鏡山循環　山科〜山科, くるり　総庁舎〜山科駅"
峠西口,京阪京都交通（株）,1A・1・2
池田町,京阪バス（株）,"87A　六地蔵〜四烏丸, 87　四烏丸〜六地蔵, 83　醍醐BT〜四大宮, 83A　醍醐T〜四烏丸, 84　醍醐T〜四河原町, 84B　三京阪〜醍醐T, 88　四烏丸〜六地蔵, 88B　六地蔵〜三京阪, 85　四条烏丸〜大宅, 84C　四河原町〜大宅, 88C　四条烏丸〜大宅, 86B　大宅〜三条京阪, 86　四条河原町〜大宅, 86A　四河原〜蚊ヶ瀬, 86　蚊ヶ瀬〜四河原町, 93　醍醐〜烏御〜醍醐, 95　大宅〜烏御〜醍醐, 82　大宅〜四条大宮, 312六地蔵〜八条口, 312八条口〜醍醐BT, 311八条口〜大宅"
四ノ宮,京阪バス（株）,48　小金塚〜山科駅
法貴口,亀岡市,"亀岡市ふるさとバス別院コース　F21・22, 亀岡市ふるさとバス別院コース　F24"
京都女子中高前,プリンセスライン（株）,"京都女子大学前〜JR京都駅八条口11・12号系統, 京都女子大学前〜四条河原町16・17号系統"
京阪七条,プリンセスライン（株）,"京都女子大学前〜JR京都駅八条口11・12号系統, 京都女子大学前〜四条河原町16・17号系統"
七条京阪前,京阪バス（株）,"300　エ〜京〜七〜ユ, 300　七〜京〜七〜ユ"
七条京阪前,京都市,"86号系統均一系統, 88号系統均一系統, 206号系統循環系統（均一区間）, 208号系統循環系統（均一区間）, 南5号系統均一系統, 臨号系統均一系統"
七条京阪前,京都バス（株）,"18, 臨, 86, 臨東山"
七条京阪前,京阪京都交通（株）,フラワーライン線
七条西洞院,京都市,"50号系統均一系統, 205号系統循環系統（均一区間）"
烏丸七条,京都市,"5号系統均一系統, 26号系統均一系統, 73号系統多区間系統, 86号系統均一系統, 88号系統均一系統, 205号系統循環系統（均一区間）, 快速Rapid205・快速　Rapid立命館号系統均一系統, 206号系統循環系統（均一区間）, 208号系統循環系統（均一区間）, 臨号系統均一系統"
烏丸七条,京都バス（株）,"17, 特17, 18, 臨, 51, 72, 73, 75, 76, 81, 83, 86, 臨東山"
烏丸七条,西日本ジェイアールバス（株）,快速205号（快速立命館）
烏丸七条,京阪京都交通（株）,"27, 21・・21A"
烏丸七条,プリンセスライン（株）,"京都女子大学前〜JR京都駅八条口11・12号系統, 四条河原町〜JR京都駅八条口18号A・B系統"
七条河原町,京都市,"4号系統均一系統, 17号系統均一系統, 86号系統均一系統, 88号系統均一系統, 205号系統循環系統（均一区間）, 206号系統循環系統（均一区間）, 208号系統循環系統（均一区間）, 臨号系統均一系統"
七条河原町,京都バス（株）,"18, 臨, 86, 臨東山"
西大路七条,京都市,"13号系統均一系統, 特13号系統均一系統, 臨13号系統均一系統, 33号系統多区間系統, 特33号系統多区間系統, 43号系統均一系統, 202号系統循環系統（均一区間）, 快速Rapid202・快速　Rapid立命館号系統均一系統, 205号系統循環系統（均一区間）, 快速Rapid205・快速　Rapid立命館号系統均一系統, 208号系統循環系統（均一区間）"
西大路七条,西日本ジェイアールバス（株）,快速205号（快速立命館）
西大路七条,京阪京都交通（株）,"1A・1・2, 15, 14・13・13B・17・17B, 23・快速24・快速24B・26・26B・29, 28・28A・28B"
七条堀川,京都市,"6号系統均一系統, 9号系統均一系統, 28号系統均一系統, 33号系統多区間系統, 特33号系統多区間系統, 75号系統均一系統, 86号系統均一系統, 88号系統均一系統, 205号系統循環系統（均一区間）, 206号系統循環系統（均一区間）, 208号系統循環系統（均一区間）, 臨号系統均一系統"
七条壬生川,京阪バス（株）,300　エ〜京〜七〜ユ
七条壬生川,京都市,"33号系統多区間系統, 特33号系統多区間系統, 58号系統均一系統, 86号系統均一系統, 88号系統均一系統, 205号系統循環系統（均一区間）, 208号系統循環系統（均一区間）"
梅小路公園・JR梅小路京都西駅前,京都市,"33号系統多区間系統, 特33号系統多区間系統, 58号系統均一系統, 86号系統均一系統, 88号系統均一系統, 205号系統循環系統（均一区間）, 208号系統循環系統（均一区間）"
梅小路公園・JR梅小路京都西駅前,京阪京都交通（株）,"1A・1・2, 15, 14・13・13B・17・17B, 23・快速24・快速24B・26・26B・29, 28・28A・28B"
七条御前通,京都市,"33号系統多区間系統, 特33号系統多区間系統, 205号系統循環系統（均一区間）, 208号系統循環系統（均一区間）"
七条御前通,京阪京都交通（株）,"1A・1・2, 15, 14・13・13B・17・17B, 23・快速24・快速24B・26・26B・29, 28・28A・28B"
七条大宮・京都水族館前,京都市,"6号系統均一系統, 18号系統均一系統, 特18号系統均一系統, 33号系統多区間系統, 特33号系統多区間系統, 58号系統均一系統, 71号系統均一系統, 特71号系統均一系統, 86号系統均一系統, 88号系統均一系統, 205号系統循環系統（均一区間）, 快速Rapid205・快速　Rapid立命館号系統均一系統, 206号系統循環系統（均一区間）, 207号系統循環系統（均一区間）, 208号系統循環系統（均一区間）"
七条大宮・京都水族館前,西日本ジェイアールバス（株）,"高雄・京北線, 快速205号（快速立命館）"
七条大宮・京都水族館前,京阪京都交通（株）,"1A・1・2, 15, 14・13・13B・17・17B, 23・快速24・快速24B・26・26B・29, 28・28A・28B"
三十三間堂前,プリンセスライン（株）,京都女子大学前〜JR京都駅八条口11・12号系統
七条千本,京都市,"33号系統多区間系統, 特33号系統多区間系統, 205号系統循環系統（均一区間）, 快速Rapid205・快速　Rapid立命館号系統均一系統, 208号系統循環系統（均一区間）"
七条千本,西日本ジェイアールバス（株）,快速205号（快速立命館）
七条千本,京阪京都交通（株）,"1A・1・2, 15, 14・13・13B・17・17B, 23・快速24・快速24B・26・26B・29, 28・28A・28B"
清閑寺山ノ内町,京阪バス（株）,"87A　六地蔵〜四烏丸, 87　四烏丸〜六地蔵, 83　醍醐BT〜四大宮, 83A　醍醐T〜四烏丸, 84　醍醐T〜四河原町, 84B　三京阪〜醍醐T, 88　四烏丸〜六地蔵, 88B　六地蔵〜三京阪, 85　四条烏丸〜大宅, 84C　四河原町〜大宅, 88C　四条烏丸〜大宅, 86B　大宅〜三条京阪, 86　四条河原町〜大宅, 86A　四河原〜蚊ヶ瀬, 86　蚊ヶ瀬〜四河原町, 93　醍醐〜烏御〜醍醐, 95　大宅〜烏御〜醍醐, 82　大宅〜四条大宮, 312六地蔵〜八条口, 312八条口〜醍醐BT, 311八条口〜大宅"
梅小路・ホテルエミオン京都,京阪バス（株）,300　エ〜京〜七〜ユ
博物館三十三間堂前,京都市,"86号系統均一系統, 88号系統均一系統, 206号系統循環系統（均一区間）, 208号系統循環系統（均一区間）, 臨号系統均一系統"
博物館三十三間堂前,京都バス（株）,"18, 臨, 86, 臨東山"
京都女子大学前,プリンセスライン（株）,"京都女子大学前〜JR京都駅八条口11・12号系統, 京都女子大学前〜四条河原町16・17号系統"
東山七条,京都市,"58号系統均一系統, 86号系統均一系統, 88号系統均一系統, 202号系統循環系統（均一区間）, 206号系統循環系統（均一区間）, 207号系統循環系統（均一区間）, 208号系統循環系統（均一区間）, 臨号系統均一系統"
東山七条,京都バス（株）,"18, 臨, 86, 臨東山"
東山七条,プリンセスライン（株）,"京都女子大学前〜JR京都駅八条口11・12号系統, 京都女子大学前〜四条河原町16・17号系統"
月読橋,京都市,"33号系統多区間系統, 特33号系統多区間系統"
月読橋,京阪京都交通（株）,"1A・1・2, 15, 14・13・13B・17・17B, 23・快速24・快速24B・26・26B・29, 28・28A・28B"
大門町,京都市,"33号系統多区間系統, 特33号系統多区間系統"
大門町,京阪京都交通（株）,"1A・1・2, 15, 14・13・13B・17・17B, 23・快速24・快速24B・26・26B・29, 28・28A・28B"
桜台西口,京阪京都交通（株）,"循環32, 循環30, 34・36・59, 循環35"
川勝寺,京都市,特33号系統多区間系統
川勝寺,京阪京都交通（株）,"1A・1・2, 14・13・13B・17・17B, 28・28A・28B"
上桂前田町,京都市,73号系統多区間系統
上桂前田町,京阪京都交通（株）,"27, 21・・21A"
桜台公園前,京阪京都交通（株）,"循環32, 循環30, 34・36・59, 循環35"
桂徳大寺,京都市,70号系統多区間系統
西京極小学校前,京都市,"33号系統多区間系統, 84号系統均一系統"
西京極小学校前,京阪京都交通（株）,"15, 23・快速24・快速24B・26・26B・29"
北花山,京阪バス（株）,"17　大宅〜三条京阪, 鏡山循環　山科〜山科"
ふれあいの里,（株）ヤサカバス,"JR桂川桂駅前ー境谷大橋ー桂坂中央線, JR桂川駅前ー京大桂キャンパスー桂坂中央"
ふれあいの里,京都市,"西5号系統多区間系統, 西6号系統多区間系統, 臨号系統均一系統"
ふれあいの里,京阪京都交通（株）,"19, 20・20B, 25・25A・直行25A・25B・直行25B, 22B, 23・快速24・快速24B・26・26B・29, 27, 21・・21A, 28・28A・28B"
星の坂④番,京阪京都交通（株）,"20・20B, 23・快速24・快速24B・26・26B・29, 28・28A・28B"
寺村,亀岡市,"亀岡市ふるさとバス別院コース　F21・22, 亀岡市ふるさとバス別院コース　F23"
梅小路公園・京都鉄道博物館前,京都市,"58号系統均一系統, 86号系統均一系統, 88号系統均一系統"
桂中学前,京都市,"29号系統多区間系統, 69号系統多区間系統"
岸ノ下町,京阪バス（株）,鏡山循環　山科〜山科
中道町,京阪バス（株）,鏡山循環　山科〜山科
小山北林町,京阪バス（株）,"21　大宅〜山科駅, 20　山科〜小山〜山科"
塩小路高倉,京都市,"4号系統均一系統, 16号系統均一系統, 17号系統均一系統, 81号系統均一系統, 205号系統循環系統（均一区間）, 南5号系統均一系統"
京都駅,京阪バス（株）,57比叡山頂〜京都駅
京都駅前,京都市,"4号系統均一系統, 5号系統均一系統, 6号系統均一系統, 9号系統均一系統, 16号系統均一系統, 17号系統均一系統, 19号系統多区間系統, 26号系統均一系統, 28号系統均一系統, 33号系統多区間系統, 特33号系統多区間系統, 42号系統多区間系統, 50号系統均一系統, 73号系統多区間系統, 75号系統均一系統, 78号系統均一系統, 81号系統均一系統, 86号系統均一系統, 88号系統均一系統, 205号系統循環系統（均一区間）, 快速Rapid205・快速　Rapid立命館号系統均一系統, 206号系統循環系統（均一区間）, 208号系統循環系統（均一区間）, 南5号系統均一系統, 臨号系統均一系統"
京都駅前,京都バス（株）,"17, 特17, 18, 臨, 51, 72, 73, 75, 76, 81, 83, 86, 臨東山"
京都駅前,西日本ジェイアールバス（株）,"高雄・京北線, 快速205号（快速立命館）"
京都駅前,京阪京都交通（株）,"1A・1・2, 15, 14・13・13B・17・17B, 23・快速24・快速24B・26・26B・29, 27, 21・・21A, 28・28A・28B, 直行93"
京都駅烏丸口,阪急観光バス（株）・阪急バス（株）,大阪（伊丹）空港路線（二条駅・京都駅発）
下京区総合庁舎前,京都市,"6号系統均一系統, 9号系統均一系統, 16号系統均一系統, 19号系統多区間系統, 28号系統均一系統, 33号系統多区間系統, 特33号系統多区間系統, 42号系統多区間系統, 50号系統均一系統, 75号系統均一系統, 78号系統均一系統, 86号系統均一系統, 88号系統均一系統, 205号系統循環系統（均一区間）, 206号系統循環系統（均一区間）, 208号系統循環系統（均一区間）, 臨号系統均一系統"
下京区総合庁舎前,西日本ジェイアールバス（株）,高雄・京北線
法貴,亀岡市,"亀岡市ふるさとバス別院コース　F21・22, 亀岡市ふるさとバス別院コース　F24"
小山,京阪バス（株）,"21　大宅〜山科駅, 20　山科〜小山〜山科"
東側町,京都市,特33号系統多区間系統
東側町,京阪京都交通（株）,"1A・1・2, 14・13・13B・17・17B, 28・28A・28B"
西今屋敷,京阪バス（株）,鏡山循環　山科〜山科
塩小路橋,京都市,南5号系統均一系統
地蔵寺,京阪バス（株）,"29　大宅〜山科駅, 29C　山科〜西〜山科, 鏡山循環　山科〜山科, くるり　総庁舎〜総庁舎, くるり　総庁舎〜山科駅"
今屋敷,京阪バス（株）,"29　大宅〜山科駅, 29C　山科〜西〜山科, 鏡山循環　山科〜山科, くるり　総庁舎〜総庁舎, くるり　総庁舎〜山科駅"
京都駅［ザ・サウザンド京都］,京阪バス（株）,"300　エ〜京〜七〜ユ, 300　七〜京〜七〜ユ"
今屋敷公園,京阪バス（株）,"くるり　総庁舎〜総庁舎, くるり　総庁舎〜山科駅"
竹鼻,京阪バス（株）,"22　六地蔵〜山科駅, 24　合場川〜山科駅, 22A　六地蔵〜山科駅, 24A　合場川〜山科駅, 26A　橘大学〜山科駅, 26　大宅〜山科駅, 21　大宅〜山科駅, 20　山科〜小山〜山科, 28　大宅〜山科駅, 29　大宅〜山科駅, 29C　山科〜西〜山科, くるり　総庁舎〜総庁舎, くるり　総庁舎〜山科駅"
北部農協,京阪バス（株）,"くるり　総庁舎〜総庁舎, くるり　総庁舎〜山科駅"
星の坂③番,京阪京都交通（株）,"20・20B, 23・快速24・快速24B・26・26B・29, 21・・21A, 28・28A・28B"
大枝山町東,（株）ヤサカバス,"JR桂川桂駅前ー境谷大橋ー桂坂中央線, JR桂川駅前ー京大桂キャンパスー桂坂中央"
大枝山町東,京都市,西5号系統多区間系統
大枝山町東,京阪京都交通（株）,"19, 20・20B, 22B, 23・快速24・快速24B・26・26B・29, 21・・21A"
花の舞公園前,（株）ヤサカバス,"JR桂川桂駅前ー境谷大橋ー桂坂中央線, JR桂川駅前ー京大桂キャンパスー桂坂中央"
花の舞公園前,京都市,西5号系統多区間系統
花の舞公園前,京阪京都交通（株）,"19, 20・20B, 22B, 23・快速24・快速24B・26・26B・29, 21・・21A"
桧谷公園前,京阪京都交通（株）,"循環32, 循環30, 34・36・59, 循環35"
桂坂小学校前,（株）ヤサカバス,"JR桂川桂駅前ー境谷大橋ー桂坂中央線, JR桂川駅前ー京大桂キャンパスー桂坂中央"
桂坂小学校前,京都市,"西5号系統多区間系統, 西6号系統多区間系統, 臨号系統均一系統"
桂坂小学校前,京阪京都交通（株）,"19, 20・20B, 25・25A・直行25A・25B・直行25B, 22B, 23・快速24・快速24B・26・26B・29, 27, 21・・21A, 28・28A・28B"
葛野大路八条,京都市,"33号系統多区間系統, 84号系統均一系統"
葛野大路八条,京阪京都交通（株）,"15, 23・快速24・快速24B・26・26B・29"
西京区役所前,京都市,"29号系統多区間系統, 69号系統多区間系統"
平和台町,京都市,73号系統多区間系統
大枝山町西,（株）ヤサカバス,"JR桂川桂駅前ー境谷大橋ー桂坂中央線, JR桂川駅前ー京大桂キャンパスー桂坂中央"
大枝山町西,京都市,"西5号系統多区間系統, 西6号系統多区間系統, 臨号系統均一系統"
大枝山町西,京阪京都交通（株）,"19, 20・20B, 25・25A・直行25A・25B・直行25B, 22B, 23・快速24・快速24B・26・26B・29, 27, 21・・21A, 28・28A・28B"
星の坂⑤番,京阪京都交通（株）,"20・20B, 23・快速24・快速24B・26・26B・29, 21・・21A, 28・28A・28B"
国道音羽,京阪バス（株）,"21　大宅〜山科駅, 20　山科〜小山〜山科"
上花山花ノ岡町,京阪バス（株）,"87A　六地蔵〜四烏丸, 87　四烏丸〜六地蔵, 83　醍醐BT〜四大宮, 83A　醍醐T〜四烏丸, 84　醍醐T〜四河原町, 84B　三京阪〜醍醐T, 88　四烏丸〜六地蔵, 88B　六地蔵〜三京阪, 85　四条烏丸〜大宅, 84C　四河原町〜大宅, 86B　大宅〜三条京阪, 86　四条河原町〜大宅, 86A　四河原〜蚊ヶ瀬, 86　蚊ヶ瀬〜四河原町, 93　醍醐〜烏御〜醍醐, 95　大宅〜烏御〜醍醐, 82　大宅〜四条大宮, 312六地蔵〜八条口, 312八条口〜醍醐BT, 311八条口〜大宅"
山科団地,京都市,特80号系統多区間系統
山科団地,京阪バス（株）,"29　大宅〜山科駅, 29C　山科〜西〜山科"
峰ケ堂町一丁目,（株）ヤサカバス,"JR桂川桂駅前ー境谷大橋ー桂坂中央線, JR桂川駅前ー京大桂キャンパスー桂坂中央"
峰ケ堂町一丁目,京都市,西5号系統多区間系統
峰ケ堂町一丁目,京阪京都交通（株）,"19, 20・20B, 22B, 23・快速24・快速24B・26・26B・29, 21・・21A"
今熊野,京都市,"58号系統均一系統, 88号系統均一系統, 202号系統循環系統（均一区間）, 207号系統循環系統（均一区間）, 208号系統循環系統（均一区間）"
様子見町,京阪バス（株）,"くるり　総庁舎〜総庁舎, くるり　総庁舎〜山科駅"
上花山,京阪バス（株）,17　大宅〜三条京阪
西桂坂,（株）ヤサカバス,"JR桂川桂駅前ー境谷大橋ー桂坂中央線, JR桂川駅前ー京大桂キャンパスー桂坂中央"
西桂坂,京都市,"西5号系統多区間系統, 西6号系統多区間系統, 臨号系統均一系統"
西桂坂,京阪京都交通（株）,"19, 20・20B, 25・25A・直行25A・25B・直行25B, 22B, 23・快速24・快速24B・26・26B・29, 27, 21・・21A, 28・28A・28B"
中桂,京都市,70号系統多区間系統
小山南溝町,京阪バス（株）,21　大宅〜山科駅
京都駅八条口アバンティ前,京都市,"16号系統均一系統, 19号系統多区間系統, 58号系統均一系統, 71号系統均一系統, 特71号系統均一系統, 78号系統均一系統, 81号系統均一系統, 84号系統均一系統, 88号系統均一系統, 202号系統循環系統（均一区間）, 207号系統循環系統（均一区間）"
八条油小路,京都市,16号系統均一系統
八条大宮,京都市,16号系統均一系統
六孫王神社前,京都市,16号系統均一系統
桂大橋,京都市,"33号系統多区間系統, 特33号系統多区間系統"
桂大橋,京阪京都交通（株）,"1A・1・2, 15, 14・13・13B・17・17B, 23・快速24・快速24B・26・26B・29, 28・28A・28B"
桂小橋,京都市,33号系統多区間系統
桂小橋,京阪京都交通（株）,"15, 23・快速24・快速24B・26・26B・29"
京都駅八条口,京阪バス（株）,"311八条口〜五条坂, 312六地蔵〜八条口, 312八条口〜醍醐BT, 311八条口〜大宅, 305　合場川〜京都駅, 301　京都駅〜醍醐寺, 直通　京都〜（直）橘大, 303　橘大学〜京都駅, 6A　京都八〜醍醐BT, 300　エ〜京〜七〜ユ, 300　七〜京〜七〜ユ, 26京阪淀〜京都八条口, Q山　八条口〜DNP, Qな　八条口〜なんば, Qな　ユニ〜（直）八条, Qな　ユU〜枚方〜八条, Qな　八条〜（直）Uユ, 京都八条口〜学研プラザ"
京都駅八条口,京都市,"16号系統均一系統, 19号系統多区間系統, 71号系統均一系統, 特71号系統均一系統, 78号系統均一系統, 84号系統均一系統, 88号系統均一系統"
京都駅八条口,京阪京都交通（株）,フラワーライン線
京都駅八条口,（株）ケイルック,"京都らくなんエクスプレス　R＇EX, 京都大学病院循環路線バス　hoop, 京都観光ループバス　金閣寺・二条城ルート, 京都観光ループバス　平安神宮・清水ルート, 京都観光ループバス　伏見稲荷・東寺ルート"
京都駅八条口,阪急観光バス（株）・阪急バス（株）,"大阪（伊丹）空港路線（出町柳駅発）, 大阪（伊丹）空港路線（二条駅・京都駅発）"
JR京都駅八条口,プリンセスライン（株）,"京都女子大学前〜JR京都駅八条口11・12号系統, 四条河原町〜JR京都駅八条口18号A・B系統"
西大路八条,京都市,"13号系統均一系統, 特13号系統均一系統, 臨13号系統均一系統, 43号系統均一系統, 202号系統循環系統（均一区間）, 208号系統循環系統（均一区間）"
東桂坂,（株）ヤサカバス,JR桂川駅前ー京大桂キャンパスー桂坂中央
東桂坂,京都市,西6号系統多区間系統
東桂坂,京阪京都交通（株）,"20・20B, 22B, 23・快速24・快速24B・26・26B・29, 21・・21A"
桂坂中央,（株）ヤサカバス,"JR桂川桂駅前ー境谷大橋ー桂坂中央線, JR桂川駅前ー京大桂キャンパスー桂坂中央"
桂坂中央,京都市,"西5号系統多区間系統, 西6号系統多区間系統, 臨号系統均一系統"
桂坂中央,京阪京都交通（株）,"19, 20・20B, 25・25A・直行25A・25B・直行25B, 22B, 23・快速24・快速24B・26・26B・29, 27, 21・・21A, 28・28A・28B"
河原町八条,京都市,"16号系統均一系統, 84号系統均一系統"
沓掛西口,京阪京都交通（株）,"1A・1・2, 12A, 11A・直行11A, 25・25A・直行25A・25B・直行25B, 27, 21・・21A, 28・28A・28B"
京都駅八条口東,（株）ケイルック,京都観光ループバス　平安神宮・清水ルート
千代原口,京都市,"29号系統多区間系統, 69号系統多区間系統"
星の坂⑥番,京阪京都交通（株）,"20・20B, 23・快速24・快速24B・26・26B・29, 21・・21A"
山階校前,京阪バス（株）,"22　六地蔵〜山科駅, 24　合場川〜山科駅, 22A　六地蔵〜山科駅, 24A　合場川〜山科駅, 26A　橘大学〜山科駅, 26　大宅〜山科駅, 21　大宅〜山科駅, 20　山科〜小山〜山科, 28　大宅〜山科駅, 29　大宅〜山科駅, 29C　山科〜西〜山科, くるり　総庁舎〜総庁舎, くるり　総庁舎〜山科駅"
千代原口,京阪京都交通（株）,"27, 21・・21A"
千代原口,京都市,73号系統多区間系統
桂離宮前,京都市,"33号系統多区間系統, 特33号系統多区間系統"
桂離宮前,京阪京都交通（株）,"1A・1・2, 15, 14・13・13B・17・17B, 23・快速24・快速24B・26・26B・29, 28・28A・28B"
広見町,京阪バス（株）,"くるり　総庁舎〜総庁舎, くるり　総庁舎〜山科駅"
大塚野溝町,京阪バス（株）,"21　大宅〜山科駅, 20　山科〜小山〜山科"
吉祥院宮ノ西町,京都市,84号系統均一系統
峰ケ堂町三丁目,（株）ヤサカバス,JR桂川桂駅前ー境谷大橋ー桂坂中央線
峰ケ堂町三丁目,京都市,"西5号系統多区間系統, 西6号系統多区間系統"
峰ケ堂町三丁目,京阪京都交通（株）,19
與能神社前,亀岡市,"亀岡市ふるさとバス別院コース　F21・22, 亀岡市ふるさとバス別院コース　F23"
泉涌寺道,京都市,"58号系統均一系統, 88号系統均一系統, 202号系統循環系統（均一区間）, 207号系統循環系統（均一区間）, 208号系統循環系統（均一区間）"
京都成章高校前,京阪京都交通（株）,"1A・1・2, 12A, 11A・直行11A, 25・25A・直行25A・25B・直行25B, 21・・21A, 28・28A・28B"
桂坂センター前,（株）ヤサカバス,"JR桂川桂駅前ー境谷大橋ー桂坂中央線, JR桂川駅前ー京大桂キャンパスー桂坂中央"
桂坂センター前,京都市,"西5号系統多区間系統, 西6号系統多区間系統, 臨号系統均一系統"
桂坂センター前,京阪京都交通（株）,"19, 20・20B, 22B, 23・快速24・快速24B・26・26B・29, 21・・21A"
天蓋公園前,（株）ヤサカバス,"JR桂川桂駅前ー境谷大橋ー桂坂中央線, JR桂川駅前ー京大桂キャンパスー桂坂中央"
天蓋公園前,京都市,"西5号系統多区間系統, 西6号系統多区間系統, 臨号系統均一系統"
天蓋公園前,京阪京都交通（株）,"19, 20・20B, 22B, 23・快速24・快速24B・26・26B・29, 21・・21A"
東寺西門前,京都市,16号系統均一系統
星の坂②番,京阪京都交通（株）,"20・20B, 23・快速24・快速24B・26・26B・29, 21・・21A"
山科団地南,京阪バス（株）,"29　大宅〜山科駅, 29C　山科〜西〜山科"
桂御陵坂,（株）ヤサカバス,JR桂川駅前ー京大桂キャンパスー桂坂中央
桂御陵坂,京都市,西6号系統多区間系統
桂御陵坂,京阪京都交通（株）,"20・20B, 22B, 23・快速24・快速24B・26・26B・29, 21・・21A"
河原町東寺道,京都市,"16号系統均一系統, 84号系統均一系統"
東寺道,京阪バス（株）,26京阪淀〜京都八条口
東寺道,京都市,"42号系統多区間系統, 71号系統均一系統, 特71号系統均一系統, 84号系統均一系統, 88号系統均一系統, 205号系統循環系統（均一区間）"
上花山久保町,京阪バス（株）,"29　大宅〜山科駅, 29C　山科〜西〜山科, 87A　六地蔵〜四烏丸, 87　四烏丸〜六地蔵, 83　醍醐BT〜四大宮, 83A　醍醐T〜四烏丸, 84　醍醐T〜四河原町, 84B　三京阪〜醍醐T, 85　四条烏丸〜大宅, 84C　四河原町〜大宅, 86B　大宅〜三条京阪, 86　四条河原町〜大宅, 86A　四河原〜蚊ヶ瀬, 86　蚊ヶ瀬〜四河原町, 93　醍醐〜烏御〜醍醐, 95　大宅〜烏御〜醍醐, 82　大宅〜四条大宮, 312六地蔵〜八条口, 312八条口〜醍醐BT, 311八条口〜大宅"
東寺東門前,京都市,"18号系統均一系統, 特18号系統均一系統, 42号系統多区間系統, 71号系統均一系統, 特71号系統均一系統, 207号系統循環系統（均一区間）"
御土居,京都市,16号系統均一系統
八条中学前,京都市,16号系統均一系統
西寺前,京都市,16号系統均一系統
川田道,京都市,特80号系統多区間系統
川田道,京阪バス（株）,"29　大宅〜山科駅, 29C　山科〜西〜山科, 86B　大宅〜三条京阪, 86　四条河原町〜大宅, 86A　四河原〜蚊ヶ瀬, 86　蚊ヶ瀬〜四河原町, 82　大宅〜四条大宮, 311八条口〜大宅"
山科西野,京阪バス（株）,"29　大宅〜山科駅, 29C　山科〜西〜山科, 86B　大宅〜三条京阪, 86　四条河原町〜大宅, 86A　四河原〜蚊ヶ瀬, 86　蚊ヶ瀬〜四河原町, 82　大宅〜四条大宮, 311八条口〜大宅"
山科西野,京都市,特80号系統多区間系統
下桂,京都市,"33号系統多区間系統, 特33号系統多区間系統, 69号系統多区間系統, 70号系統多区間系統, 南1号系統多区間系統, 特南1号系統多区間系統"
西野山階町,京阪バス（株）,"29　大宅〜山科駅, 29C　山科〜西〜山科, 86B　大宅〜三条京阪, 86　四条河原町〜大宅, 86　蚊ヶ瀬〜四河原町, 82　大宅〜四条大宮, 311八条口〜大宅"
国道東野,京阪バス（株）,"29　大宅〜山科駅, 29C　山科〜西〜山科, 86B　大宅〜三条京阪, 86　四条河原町〜大宅, 86A　四河原〜蚊ヶ瀬, 86　蚊ヶ瀬〜四河原町, 82　大宅〜四条大宮, 311八条口〜大宅"
国道東野,京都市,特80号系統多区間系統
東野片下り町,京阪バス（株）,"26A　橘大学〜山科駅, 26　大宅〜山科駅, 21　大宅〜山科駅, 20　山科〜小山〜山科, 82　大宅〜四条大宮, 311八条口〜大宅"
国道大塚,京阪バス（株）,"26A　橘大学〜山科駅, 26　大宅〜山科駅, 21　大宅〜山科駅, 20　山科〜小山〜山科, 82　大宅〜四条大宮, 311八条口〜大宅"
東福寺,京都市,"58号系統均一系統, 88号系統均一系統, 202号系統循環系統（均一区間）, 207号系統循環系統（均一区間）, 208号系統循環系統（均一区間）"
東寺,（株）ケイルック,京都観光ループバス　伏見稲荷・東寺ルート
大塚丹田,京阪バス（株）,21　大宅〜山科駅
皿谷,亀岡市,"亀岡市ふるさとバス別院コース　F21・22, 亀岡市ふるさとバス別院コース　F24"
東福寺道,京都市,南5号系統均一系統
東野,京阪バス（株）,"22　六地蔵〜山科駅, 24　合場川〜山科駅, 22A　六地蔵〜山科駅, 24A　合場川〜山科駅, 28　大宅〜山科駅, 86B　大宅〜三条京阪, 86　四条河原町〜大宅, 86A　四河原〜蚊ヶ瀬, 86　蚊ヶ瀬〜四河原町, くるり　総庁舎〜総庁舎, くるり　総庁舎〜山科駅"
京大桂キャンパス前,（株）ヤサカバス,JR桂川駅前ー京大桂キャンパスー桂坂中央
京大桂キャンパス前,京都市,西6号系統多区間系統
京大桂キャンパス前,京阪京都交通（株）,"20・20B, 22B, 23・快速24・快速24B・26・26B・29, 21・・21A"
桂消防署前,京都市,"33号系統多区間系統, 特33号系統多区間系統, 69号系統多区間系統, 70号系統多区間系統, 南1号系統多区間系統, 特南1号系統多区間系統"
桂消防署前,京阪京都交通（株）,"1A・1・2, 15, 14・13・13B・17・17B, 23・快速24・快速24B・26・26B・29, 28・28A・28B"
桂駅東口,京都市,"33号系統多区間系統, 特33号系統多区間系統, 69号系統多区間系統, 70号系統多区間系統, 南1号系統多区間系統, 特南1号系統多区間系統"
桂駅東口,京阪京都交通（株）,"1A・1・2, 快速16・10, 15, 14・13・13B・17・17B, 25・25A・直行25A・25B・直行25B, 23・快速24・快速24B・26・26B・29, 28・28A・28B, 77, 58, 62, 71"
北大塚,京阪バス（株）,"26A　橘大学〜山科駅, 26　大宅〜山科駅, 82　大宅〜四条大宮, 311八条口〜大宅"
西大路駅前,京都市,"13号系統均一系統, 特13号系統均一系統, 臨13号系統均一系統, 43号系統均一系統, 202号系統循環系統（均一区間）, 快速Rapid202・快速　Rapid立命館号系統均一系統, 208号系統循環系統（均一区間）"
おちり池,京阪バス（株）,"くるり　総庁舎〜総庁舎, くるり　総庁舎〜山科駅"
川田,京阪バス（株）,"29　大宅〜山科駅, 29C　山科〜西〜山科, 87A　六地蔵〜四烏丸, 87　四烏丸〜六地蔵, 83　醍醐BT〜四大宮, 83A　醍醐T〜四烏丸, 84　醍醐T〜四河原町, 84B　三京阪〜醍醐T, 85　四条烏丸〜大宅, 84C　四河原町〜大宅, 17　大宅〜三条京阪, 93　醍醐〜烏御〜醍醐, 95　大宅〜烏御〜醍醐, 312六地蔵〜八条口, 312八条口〜醍醐BT"
月見ケ丘,京都市,69号系統多区間系統
御陵町,京都市,"29号系統多区間系統, 73号系統多区間系統"
御陵町,京阪京都交通（株）,"27, 21・・21A"
九条河原町,京都市,"16号系統均一系統, 58号系統均一系統, 84号系統均一系統, 88号系統均一系統, 202号系統循環系統（均一区間）, 207号系統循環系統（均一区間）, 208号系統循環系統（均一区間）"
大石橋《地下鉄九条駅》,京都市,"16号系統均一系統, 19号系統多区間系統, 58号系統均一系統, 71号系統均一系統, 特71号系統均一系統, 78号系統均一系統, 81号系統均一系統, 88号系統均一系統, 202号系統循環系統（均一区間）, 207号系統循環系統（均一区間）, 208号系統循環系統（均一区間）"
大石橋,京阪バス（株）,"300　エ〜京〜七〜ユ, 300　七〜京〜七〜ユ, Q山　八条口〜DNP, Qな　八条口〜なんば, Qな　ユニ〜（直）八条, Qな　ユU〜枚方〜八条, Qな　八条〜（直）Uユ"
九条駅前,京阪バス（株）,26京阪淀〜京都八条口
九条駅前,京都市,"16号系統均一系統, 58号系統均一系統, 202号系統循環系統（均一区間）, 207号系統循環系統（均一区間）"
九条車庫前,京都市,"19号系統多区間系統, 58号系統均一系統, 71号系統均一系統, 特71号系統均一系統, 78号系統均一系統, 84号系統均一系統, 88号系統均一系統, 202号系統循環系統（均一区間）, 快速Rapid202・快速　Rapid立命館号系統均一系統, 205号系統循環系統（均一区間）, 快速Rapid205・快速　Rapid立命館号系統均一系統, 207号系統循環系統（均一区間）, 208号系統循環系統（均一区間）"
九条車庫前,西日本ジェイアールバス（株）,快速205号（快速立命館）
桂駅西口,京都市,"西1号系統多区間系統, 西2号系統多区間系統, 臨西2号系統多区間系統, 西3号系統多区間系統, 特西3号系統多区間系統, 西5号系統多区間系統, 西6号系統多区間系統, 西8号系統多区間系統, 臨号系統均一系統"
桂駅西口,京阪京都交通（株）,20・20B
九条近鉄前,京阪バス（株）,26京阪淀〜京都八条口
九条近鉄前,京都市,"19号系統多区間系統, 71号系統均一系統, 特71号系統均一系統, 78号系統均一系統, 202号系統循環系統（均一区間）, 快速Rapid202・快速　Rapid立命館号系統均一系統, 207号系統循環系統（均一区間）, 208号系統循環系統（均一区間）"
九条大宮,京都市,"18号系統均一系統, 特18号系統均一系統, 19号系統多区間系統, 42号系統多区間系統, 71号系統均一系統, 特71号系統均一系統, 78号系統均一系統, 202号系統循環系統（均一区間）, 207号系統循環系統（均一区間）, 208号系統循環系統（均一区間）"
東寺南門,京阪バス（株）,26京阪淀〜京都八条口
東寺南門前,京都市,"16号系統均一系統, 18号系統均一系統, 特18号系統均一系統, 19号系統多区間系統, 42号系統多区間系統, 78号系統均一系統, 202号系統循環系統（均一区間）, 208号系統循環系統（均一区間）"
羅城門,京都市,"16号系統均一系統, 18号系統均一系統, 特18号系統均一系統, 78号系統均一系統, 202号系統循環系統（均一区間）, 快速Rapid202・快速　Rapid立命館号系統均一系統, 208号系統循環系統（均一区間）"
北沓掛町六丁目,（株）ヤサカバス,JR桂川桂駅前ー境谷大橋ー桂坂中央線
北沓掛町六丁目,京都市,"西5号系統多区間系統, 臨号系統均一系統"
北沓掛町六丁目,京阪京都交通（株）,"19, 23・快速24・快速24B・26・26B・29"
吉祥院壱ノ段町,京都市,84号系統均一系統
九条七本松,京都市,"16号系統均一系統, 78号系統均一系統, 202号系統循環系統（均一区間）, 208号系統循環系統（均一区間）"
清水焼団地,京阪バス（株）,"29　大宅〜山科駅, 29C　山科〜西〜山科, 88　四烏丸〜六地蔵, 88B　六地蔵〜三京阪, 88C　四条烏丸〜大宅"
桂イノベーションパーク前,（株）ヤサカバス,JR桂川駅前ー京大桂キャンパスー桂坂中央
桂イノベーションパーク前,京都市,西6号系統多区間系統
桂イノベーションパーク前,京阪京都交通（株）,"20・20B, 22B, 23・快速24・快速24B・26・26B・29, 21・・21A"
南大塚,京阪バス（株）,"26A　橘大学〜山科駅, 26　大宅〜山科駅, 82　大宅〜四条大宮, 311八条口〜大宅"
妙見寺,京阪バス（株）,21　大宅〜山科駅
山階南小学校,京阪バス（株）,"くるり　総庁舎〜総庁舎, くるり　総庁舎〜山科駅"
九条御前通,京都市,"16号系統均一系統, 78号系統均一系統, 202号系統循環系統（均一区間）, 208号系統循環系統（均一区間）"
沓掛,京阪京都交通（株）,14・13・13B・17・17B
西大路九条,京都市,"13号系統均一系統, 特13号系統均一系統, 臨13号系統均一系統, 43号系統均一系統, 78号系統均一系統, 202号系統循環系統（均一区間）, 208号系統循環系統（均一区間）"
薬師湯前,京阪京都交通（株）,"1A・1・2, 12A, 11A・直行11A, 25・25A・直行25A・25B・直行25B, 27, 28・28A・28B"
月輪,京都市,南5号系統均一系統
桂坂口,（株）ヤサカバス,JR桂川桂駅前ー境谷大橋ー桂坂中央線
桂坂口,京都市,"西5号系統多区間系統, 臨号系統均一系統"
桂坂口,京阪京都交通（株）,"14・13・13B・17・17B, 19, 23・快速24・快速24B・26・26B・29"
桂滝川町,京都市,"69号系統多区間系統, 南1号系統多区間系統, 特南1号系統多区間系統"
南区総合庁舎前,京都市,"16号系統均一系統, 19号系統多区間系統, 42号系統多区間系統"
八反畑,京阪バス（株）,"22　六地蔵〜山科駅, 24　合場川〜山科駅, 22A　六地蔵〜山科駅, 24A　合場川〜山科駅, 28　大宅〜山科駅, 86B　大宅〜三条京阪, 86　四条河原町〜大宅, 86A　四河原〜蚊ヶ瀬, 86　蚊ヶ瀬〜四河原町, くるり　総庁舎〜総庁舎, くるり　総庁舎〜山科駅"
春日部,亀岡市,"亀岡市ふるさとバス別院コース　F21・22, 亀岡市ふるさとバス別院コース　F23"
舞台町,京阪バス（株）,"くるり　総庁舎〜総庁舎, くるり　総庁舎〜山科駅"
川島町,京都市,"33号系統多区間系統, 特33号系統多区間系統"
川島町,京阪京都交通（株）,"1A・1・2, 14・13・13B・17・17B, 28・28A・28B"
南松ノ木町,京都市,84号系統均一系統
川島粟田町,京都市,"33号系統多区間系統, 特33号系統多区間系統"
川島粟田町,京阪京都交通（株）,"1A・1・2, 14・13・13B・17・17B, 28・28A・28B"
唐戸町,京都市,"18号系統均一系統, 特18号系統均一系統"
国道三ノ宮,京都市,"29号系統多区間系統, 73号系統多区間系統"
国道三ノ宮,京阪京都交通（株）,"27, 21・・21A"
国道沓掛,京阪京都交通（株）,"1A・1・2, 12A, 11A・直行11A, 14・13・13B・17・17B, 25・25A・直行25A・25B・直行25B, 27, 28・28A・28B"
吉祥院車道町,京都市,"13号系統均一系統, 特13号系統均一系統, 臨13号系統均一系統, 78号系統均一系統"
烏丸札ノ辻,京都市,16号系統均一系統
札ノ辻,京都市,81号系統均一系統
船戸町,京都市,43号系統均一系統
芸大前,京阪京都交通（株）,"1A・1・2, 12A, 11A・直行11A, 14・13・13B・17・17B, 25・25A・直行25A・25B・直行25B, 27, 28・28A・28B"
花山稲荷,京阪バス（株）,"29　大宅〜山科駅, 29C　山科〜西〜山科, 87A　六地蔵〜四烏丸, 87　四烏丸〜六地蔵, 83　醍醐BT〜四大宮, 83A　醍醐T〜四烏丸, 84　醍醐T〜四河原町, 84B　三京阪〜醍醐T, 85　四条烏丸〜大宅, 84C　四河原町〜大宅, 17　大宅〜三条京阪, 93　醍醐〜烏御〜醍醐, 95　大宅〜烏御〜醍醐, 312六地蔵〜八条口, 312八条口〜醍醐BT"
葛野大路九条,京都市,84号系統均一系統
大塚檀ノ浦,京阪バス（株）,21　大宅〜山科駅
射庭ノ上町,京阪バス（株）,"29　大宅〜山科駅, 29C　山科〜西〜山科, 88　四烏丸〜六地蔵, 88B　六地蔵〜三京阪, 88C　四条烏丸〜大宅"
樫原鴫谷,（株）ヤサカバス,JR桂川駅前ー京大桂キャンパスー桂坂中央
樫原鴫谷,京都市,西6号系統多区間系統
樫原鴫谷,京阪京都交通（株）,"20・20B, 22B, 21・・21A"
大宅打明町,京阪バス（株）,"26A　橘大学〜山科駅, 26　大宅〜山科駅, 82　大宅〜四条大宮, 311八条口〜大宅"
河原町十条,京都市,84号系統均一系統
樫原,京阪京都交通（株）,"1A・1・2, 14・13・13B・17・17B, 28・28A・28B"
公会堂前,京都市,"33号系統多区間系統, 特33号系統多区間系統"
公会堂前,京阪京都交通（株）,"1A・1・2, 14・13・13B・17・17B, 28・28A・28B"
樫原,京都市,"33号系統多区間系統, 特33号系統多区間系統, 69号系統多区間系統"
森野町,京阪バス（株）,"くるり　総庁舎〜総庁舎, くるり　総庁舎〜山科駅"
市民防災センター,京阪バス（株）,26京阪淀〜京都八条口
三ノ宮,京都市,"33号系統多区間系統, 特33号系統多区間系統"
三ノ宮,京阪京都交通（株）,"1A・1・2, 14・13・13B・17・17B, 28・28A・28B"
下津林大般若町,京都市,"69号系統多区間系統, 70号系統多区間系統, 南1号系統多区間系統, 特南1号系統多区間系統"
下津林大般若町,京阪京都交通（株）,15
十条相深町,京都市,南5号系統均一系統
国道沓掛口,（株）ヤサカバス,JR桂川桂駅前ー境谷大橋ー桂坂中央線
国道沓掛口,京都市,"73号系統多区間系統, 西5号系統多区間系統, 臨号系統均一系統"
国道沓掛口,京阪京都交通（株）,"1A・1・2, 12A, 11A・直行11A, 14・13・13B・17・17B, 19, 25・25A・直行25A・25B・直行25B, 27, 28・28A・28B"
上ノ谷,亀岡市,"亀岡市ふるさとバス別院コース　F21・22, 亀岡市ふるさとバス別院コース　F24"
塚原,京阪京都交通（株）,"14・13・13B・17・17B, 23・快速24・快速24B・26・26B・29"
吉祥院天満宮前,京都市,"42号系統多区間系統, 43号系統均一系統"
落合町,京都市,42号系統多区間系統
千本十条,京都市,"18号系統均一系統, 特18号系統均一系統, 42号系統多区間系統"
市民防災センター前,京都市,"16号系統均一系統, 19号系統多区間系統, 42号系統多区間系統"
十条大宮,京都市,16号系統均一系統
十条油小路,京都市,16号系統均一系統
十条新町,京都市,16号系統均一系統
十条駅,京阪バス（株）,"305　合場川〜京都駅, 301　京都駅〜醍醐寺, 直通　京都〜（直）橘大, 303　橘大学〜京都駅, 6A　京都八〜醍醐BT, Q山　八条口〜DNP, Qな　八条口〜なんば, Qな　ユニ〜（直）八条, Qな　ユU〜枚方〜八条, Qな　八条〜（直）Uユ, 京都八条口〜学研プラザ"
地下鉄十条駅前,京都市,"16号系統均一系統, 84号系統均一系統"
十条・京都ユウベルホテル,京阪バス（株）,"300　エ〜京〜七〜ユ, 300　七〜京〜七〜ユ"
十条竹田街道,京都市,"81号系統均一系統, 84号系統均一系統"
十条相深町,京阪バス（株）,"305　合場川〜京都駅, 301　京都駅〜醍醐寺, 直通　京都〜（直）橘大, 303　橘大学〜京都駅, 6A　京都八〜醍醐BT"
樫原水築町,京都市,"西1号系統多区間系統, 西2号系統多区間系統, 臨西2号系統多区間系統, 西3号系統多区間系統, 特西3号系統多区間系統, 西5号系統多区間系統, 西6号系統多区間系統, 西8号系統多区間系統, 臨号系統均一系統"
樫原水築町,京阪京都交通（株）,"快速16・10, 18, 20・20B, 25・25A・直行25A・25B・直行25B, 23・快速24・快速24B・26・26B・29"
樫原塚ノ本町,（株）ヤサカバス,JR桂川駅前ー京大桂キャンパスー桂坂中央
樫原塚ノ本町,京都市,"西1号系統多区間系統, 西2号系統多区間系統, 臨西2号系統多区間系統, 西3号系統多区間系統, 特西3号系統多区間系統, 西5号系統多区間系統, 西6号系統多区間系統, 西8号系統多区間系統, 臨号系統均一系統"
樫原塚ノ本町,京阪京都交通（株）,"快速16・10, 18, 20・20B, 25・25A・直行25A・25B・直行25B, 22B, 23・快速24・快速24B・26・26B・29"
樫原小学校前,京都市,"西1号系統多区間系統, 西2号系統多区間系統, 臨西2号系統多区間系統, 西3号系統多区間系統, 特西3号系統多区間系統, 西5号系統多区間系統, 西6号系統多区間系統, 西8号系統多区間系統, 臨号系統均一系統"
樫原小学校前,京阪京都交通（株）,"快速16・10, 18, 20・20B, 25・25A・直行25A・25B・直行25B, 23・快速24・快速24B・26・26B・29"
野田町,京都市,"西1号系統多区間系統, 西2号系統多区間系統, 臨西2号系統多区間系統, 西3号系統多区間系統, 特西3号系統多区間系統, 西5号系統多区間系統, 西6号系統多区間系統, 西8号系統多区間系統, 臨号系統均一系統"
野田町,京阪京都交通（株）,"快速16・10, 18, 20・20B, 25・25A・直行25A・25B・直行25B, 23・快速24・快速24B・26・26B・29"
桂高校前,京都市,"69号系統多区間系統, 70号系統多区間系統, 南1号系統多区間系統, 特南1号系統多区間系統"
桂高校前,京阪京都交通（株）,15
下津林六反田,京都市,"69号系統多区間系統, 70号系統多区間系統, 南1号系統多区間系統, 特南1号系統多区間系統"
下津林六反田,京阪京都交通（株）,15
椥辻駅,京阪バス（株）,"22　六地蔵〜山科駅, 24　合場川〜山科駅, 22A　六地蔵〜山科駅, 24A　合場川〜山科駅, 28　大宅〜山科駅, 88　四烏丸〜六地蔵, 88B　六地蔵〜三京阪, 17　大宅〜三条京阪, 88C　四条烏丸〜大宅, 86B　大宅〜三条京阪, 86　四条河原町〜大宅, 86A　四河原〜蚊ヶ瀬, 86　蚊ヶ瀬〜四河原町, くるり　総庁舎〜総庁舎, くるり　総庁舎〜山科駅"
犬甘野口,亀岡市,"亀岡市ふるさとバス別院コース　F21・22, 亀岡市ふるさとバス別院コース　F24"
三ノ宮街道,（株）ヤサカバス,JR桂川駅前ー京大桂キャンパスー桂坂中央
三ノ宮街道,京都市,"西1号系統多区間系統, 西2号系統多区間系統, 臨西2号系統多区間系統, 西3号系統多区間系統, 特西3号系統多区間系統, 西5号系統多区間系統, 西6号系統多区間系統, 西8号系統多区間系統, 臨号系統均一系統"
三ノ宮街道,京阪京都交通（株）,"快速16・10, 18, 20・20B, 25・25A・直行25A・25B・直行25B, 22B, 23・快速24・快速24B・26・26B・29"
中ノ谷,亀岡市,"亀岡市ふるさとバス別院コース　F21・22, 亀岡市ふるさとバス別院コース　F24"
吉祥院西ノ茶屋町,京都市,"13号系統均一系統, 特13号系統均一系統, 臨13号系統均一系統, 78号系統均一系統, 84号系統均一系統"
西長天理教前,京阪京都交通（株）,14・13・13B・17・17B
樫原秤谷町,（株）ヤサカバス,JR桂川駅前ー京大桂キャンパスー桂坂中央
樫原秤谷町,京都市,"西1号系統多区間系統, 西2号系統多区間系統, 臨西2号系統多区間系統, 西3号系統多区間系統, 特西3号系統多区間系統, 西5号系統多区間系統, 西6号系統多区間系統, 西8号系統多区間系統, 臨号系統均一系統"
樫原秤谷町,京阪京都交通（株）,"快速16・10, 18, 20・20B, 25・25A・直行25A・25B・直行25B, 22B, 23・快速24・快速24B・26・26B・29"
十条油小路,京阪バス（株）,"Q山　八条口〜DNP, Qな　八条口〜なんば, Qな　ユニ〜（直）八条, Qな　ユU〜枚方〜八条, Qな　八条〜（直）Uユ"
平田町,（株）ヤサカバス,JR桂川駅前ー京大桂キャンパスー桂坂中央
平田町,京都市,69号系統多区間系統
平田町,京阪京都交通（株）,22B
新林池公園,（株）ヤサカバス,"JR桂川桂駅前ー境谷大橋ー桂坂中央線, JR桂川駅前ー新林循環"
新林池公園,京都市,"29号系統多区間系統, 73号系統多区間系統, 西1号系統多区間系統, 特西3号系統多区間系統, 特西4号系統多区間系統, 西5号系統多区間系統, 西8号系統多区間系統"
新林池公園,京阪京都交通（株）,12A
中山,京阪京都交通（株）,"14・13・13B・17・17B, 23・快速24・快速24B・26・26B・29"
山科総合庁舎,京阪バス（株）,"くるり　総庁舎〜総庁舎, くるり　総庁舎〜山科駅"
椥辻橋,京阪バス（株）,"くるり　総庁舎〜総庁舎, くるり　総庁舎〜山科駅"
栗栖野,京阪バス（株）,"29C　山科〜西〜山科, 88　四烏丸〜六地蔵, 88B　六地蔵〜三京阪, 17　大宅〜三条京阪, 88C　四条烏丸〜大宅, 312六地蔵〜八条口, 312八条口〜醍醐BT"
栗栖野華ノ木町,京阪バス（株）,"29C　山科〜西〜山科, 88　四烏丸〜六地蔵, 88B　六地蔵〜三京阪, 17　大宅〜三条京阪, 88C　四条烏丸〜大宅, 312六地蔵〜八条口, 312八条口〜醍醐BT"
折上神社,京阪バス（株）,"29C　山科〜西〜山科, 88　四烏丸〜六地蔵, 88B　六地蔵〜三京阪, 17　大宅〜三条京阪, 88C　四条烏丸〜大宅, 312六地蔵〜八条口, 312八条口〜醍醐BT"
大石神社,京阪バス（株）,"29　大宅〜山科駅, 29C　山科〜西〜山科, 87A　六地蔵〜四烏丸, 87　四烏丸〜六地蔵, 83　醍醐BT〜四大宮, 83A　醍醐T〜四烏丸, 84　醍醐T〜四河原町, 84B　三京阪〜醍醐T, 88　四烏丸〜六地蔵, 88B　六地蔵〜三京阪, 85　四条烏丸〜大宅, 84C　四河原町〜大宅, 17　大宅〜三条京阪, 88C　四条烏丸〜大宅, 93　醍醐〜烏御〜醍醐, 95　大宅〜烏御〜醍醐, 312六地蔵〜八条口, 312八条口〜醍醐BT, 305　合場川〜京都駅, 301　京都駅〜醍醐寺, 303　橘大学〜京都駅"
国道塚原,京都市,"73号系統多区間系統, 臨号系統均一系統"
国道塚原,京阪京都交通（株）,"1A・1・2, 11A・直行11A, 14・13・13B・17・17B, 25・25A・直行25A・25B・直行25B, 27, 28・28A・28B"
岩屋神社,京阪バス（株）,21　大宅〜山科駅
大宅,京阪バス（株）,"22A　大宅〜六地蔵, 23　大宅〜醍醐寺, 25　大宅〜醍醐BT, 26A　橘大学〜山科駅, 26　大宅〜山科駅, 21　大宅〜山科駅, 28　大宅〜山科駅, 29　大宅〜山科駅, 85　四条烏丸〜大宅, 84C　四河原町〜大宅, 17　大宅〜三条京阪, 88C　四条烏丸〜大宅, 86B　大宅〜三条京阪, 86　四条河原町〜大宅, 95　大宅〜烏御〜醍醐, 82　大宅〜四条大宮, 311八条口〜大宅"
牛ヶ瀬,京都市,"69号系統多区間系統, 70号系統多区間系統, 南1号系統多区間系統"
牛ヶ瀬,京阪京都交通（株）,15
西京車庫,京阪京都交通（株）,18
新林中通,（株）ヤサカバス,JR桂川駅前ー新林循環
新林中通,京都市,"29号系統多区間系統, 西1号系統多区間系統, 特西3号系統多区間系統, 特西4号系統多区間系統, 西8号系統多区間系統"
新林中通,京阪京都交通（株）,19
吉祥院高畑町,京都市,"42号系統多区間系統, 43号系統均一系統"
国道中山,京都市,"29号系統多区間系統, 33号系統多区間系統, 特33号系統多区間系統, 73号系統多区間系統, 臨号系統均一系統"
国道中山,京阪京都交通（株）,"1A・1・2, 11A・直行11A, 14・13・13B・17・17B, 25・25A・直行25A・25B・直行25B, 27, 28・28A・28B"
五丁橋,京都市,"18号系統均一系統, 特18号系統均一系統"
中ノ谷公民館前,亀岡市,"亀岡市ふるさとバス別院コース　F21・22, 亀岡市ふるさとバス別院コース　F24"
五丁橋,京都市,"18号系統均一系統, 特18号系統均一系統"
西長出荷場前,京阪京都交通（株）,14・13・13B・17・17B
莚田町,京都市,特南1号系統多区間系統
史跡公園前,（株）ヤサカバス,JR桂川駅前ー京大桂キャンパスー桂坂中央
史跡公園前,京都市,69号系統多区間系統
史跡公園前,京阪京都交通（株）,22B
勧修寺東栗栖野町,京阪バス（株）,"29C　山科〜西〜山科, 312六地蔵〜八条口, 312八条口〜醍醐BT"
勧進橋,京都市,81号系統均一系統
久世橋通新町,京都市,84号系統均一系統
新林センター前,（株）ヤサカバス,"JR桂川桂駅前ー境谷大橋ー桂坂中央線, JR桂川駅前ー新林循環"
新林センター前,京都市,"29号系統多区間系統, 73号系統多区間系統, 西1号系統多区間系統, 特西3号系統多区間系統, 特西4号系統多区間系統, 西5号系統多区間系統, 西8号系統多区間系統"
新林センター前,京阪京都交通（株）,12A
大宅甲ノ辻,京阪バス（株）,"22A　大宅〜六地蔵, 23　大宅〜醍醐寺, 25　大宅〜醍醐BT, 26A　橘大学〜山科駅, 21　大宅〜山科駅, 28　大宅〜山科駅, 29　大宅〜山科駅, 85　四条烏丸〜大宅, 84C　四河原町〜大宅, 17　大宅〜三条京阪, 88C　四条烏丸〜大宅, 86B　大宅〜三条京阪, 86　四条河原町〜大宅, 95　大宅〜烏御〜醍醐"
一本道,京阪バス（株）,"22　六地蔵〜山科駅, 24　合場川〜山科駅, 22A　六地蔵〜山科駅, 24A　合場川〜山科駅, 28　大宅〜山科駅, 88　四烏丸〜六地蔵, 88B　六地蔵〜三京阪, 17　大宅〜三条京阪, 88C　四条烏丸〜大宅, 86B　大宅〜三条京阪, 86　四条河原町〜大宅, 86A　四河原〜蚊ヶ瀬, 86　蚊ヶ瀬〜四河原町"
吉祥院運動公園前,京都市,"13号系統均一系統, 特13号系統均一系統, 臨13号系統均一系統, 78号系統均一系統, 84号系統均一系統"
下津林中島,京都市,"69号系統多区間系統, 70号系統多区間系統, 南1号系統多区間系統"
下津林中島,京阪京都交通（株）,15
京都橘大学,京阪バス（株）,"23A　橘大学〜醍醐寺, 26A　橘大学〜山科駅, NS　山科駅〜橘大学, 直通　京都〜（直）橘大, 303　橘大学〜京都駅, 直通9　橘大学〜丹波橋"
久世橋通新町西詰,京阪バス（株）,"Q山　八条口〜DNP, Qな　八条口〜なんば, Qな　ユニ〜（直）八条, Qな　ユU〜枚方〜八条, Qな　八条〜（直）Uユ"
京都明徳高校前,京都市,"西1号系統多区間系統, 西2号系統多区間系統, 臨西2号系統多区間系統, 西3号系統多区間系統, 特西3号系統多区間系統, 西5号系統多区間系統, 西8号系統多区間系統"
京都明徳高校前,京阪京都交通（株）,"快速16・10, 11A・直行11A"
東新林町,（株）ヤサカバス,JR桂川駅前ー新林循環
東新林町,京都市,"29号系統多区間系統, 西1号系統多区間系統, 特西3号系統多区間系統, 特西4号系統多区間系統, 西8号系統多区間系統"
東新林町,京阪京都交通（株）,19
稲荷大社前,京阪バス（株）,6A　京都八〜醍醐BT
稲荷大社前,京都市,南5号系統均一系統
上ノ町,京都市,"18号系統均一系統, 特18号系統均一系統"
塔南高校前,京都市,"42号系統多区間系統, 43号系統均一系統"
伏見稲荷大社,（株）ケイルック,京都観光ループバス　伏見稲荷・東寺ルート
小畑川公園北口,京都市,"29号系統多区間系統, 33号系統多区間系統, 特33号系統多区間系統, 70号系統多区間系統"
上ノ町,京都市,"18号系統均一系統, 特18号系統均一系統"
西長南口,京阪京都交通（株）,14・13・13B・17・17B
吉祥院長田町,京都市,"13号系統均一系統, 特13号系統均一系統, 臨13号系統均一系統, 78号系統均一系統, 84号系統均一系統"
久世橋通油小路,京都市,84号系統均一系統
自衛隊前,京都市,特南1号系統多区間系統
大宅中学校,京阪バス（株）,"22A　大宅〜六地蔵, 23　大宅〜醍醐寺, 23A　橘大学〜醍醐寺, 25　大宅〜醍醐BT, 86B　大宅〜三条京阪, 86　四条河原町〜大宅, 305　合場川〜京都駅, 301　京都駅〜醍醐寺"
北ノ口,（株）ヤサカバス,JR桂川駅前ー京大桂キャンパスー桂坂中央
北ノ口,京都市,69号系統多区間系統
北ノ口,京阪京都交通（株）,22B
新林公団住宅前,（株）ヤサカバス,"JR桂川桂駅前ー境谷大橋ー桂坂中央線, JR桂川駅前ー竹の里循環, JR桂川駅前ー新林循環"
新林公団住宅前,京都市,"29号系統多区間系統, 33号系統多区間系統, 特33号系統多区間系統, 73号系統多区間系統, 西1号系統多区間系統, 西2号系統多区間系統, 臨西2号系統多区間系統, 特西3号系統多区間系統, 西4号系統多区間系統, 西5号系統多区間系統, 西8号系統多区間系統"
新林公団住宅前,京阪京都交通（株）,快速16・10
新林公団住宅前,阪急バス（株）,大野原線（63、64、66系統）
深草下川原町,京都市,81号系統均一系統
太歳,亀岡市,"亀岡市ふるさとバス別院コース　F21・22, 亀岡市ふるさとバス別院コース　F24"
久世橋東詰,京都市,"13号系統均一系統, 特13号系統均一系統, 臨13号系統均一系統, 特18号系統均一系統, 42号系統多区間系統, 43号系統均一系統, 78号系統均一系統, 84号系統均一系統"
北上久世,京都市,"69号系統多区間系統, 70号系統多区間系統, 南1号系統多区間系統"
北上久世,京阪京都交通（株）,15
山科警察署前,京阪バス（株）,"28　大宅〜山科駅, 29　大宅〜山科駅, 85　四条烏丸〜大宅, 84C　四河原町〜大宅, 17　大宅〜三条京阪, 88C　四条烏丸〜大宅, 95　大宅〜烏御〜醍醐, 305　合場川〜京都駅, 301　京都駅〜醍醐寺, 303　橘大学〜京都駅"
吉祥院堂ノ後町,京都市,"臨13号系統均一系統, 特18号系統均一系統, 42号系統多区間系統, 43号系統均一系統, 84号系統均一系統"
吉祥院池田町,京都市,"臨13号系統均一系統, 特18号系統均一系統, 42号系統多区間系統, 43号系統均一系統, 84号系統均一系統"
近鉄上鳥羽口駅前,京都市,84号系統均一系統
吉祥院蒔絵町,京都市,"特18号系統均一系統, 84号系統均一系統"
上鳥羽村山町,京都市,"18号系統均一系統, 特18号系統均一系統, 84号系統均一系統"
笑路,亀岡市,"亀岡市ふるさとバス別院コース　F21・22, 亀岡市ふるさとバス別院コース　F24"
北ノ口公園前,向日市,ぐるっとむこうバス北コース
西野山団地,京阪バス（株）,"29　大宅〜山科駅, 29C　山科〜西〜山科, 87A　六地蔵〜四烏丸, 87　四烏丸〜六地蔵, 83　醍醐BT〜四大宮, 83A　醍醐T〜四烏丸, 84　醍醐T〜四河原町, 84B　三京阪〜醍醐T, 85　四条烏丸〜大宅, 84C　四河原町〜大宅, 93　醍醐〜烏御〜醍醐, 95　大宅〜烏御〜醍醐, 305　合場川〜京都駅, 301　京都駅〜醍醐寺, 303　橘大学〜京都駅"
久世橋通大宮,京都市,84号系統均一系統
上鳥羽,京都市,"19号系統多区間系統, 84号系統均一系統"
川島六ノ坪町,京都市,特南1号系統多区間系統
警察学校前,京都市,南5号系統均一系統
境谷大橋,（株）ヤサカバス,"JR桂川桂駅前ー境谷大橋ー桂坂中央線, JR桂川駅前ー竹の里循環, JR桂川駅前ー新林循環"
境谷大橋,京都市,"29号系統多区間系統, 33号系統多区間系統, 特33号系統多区間系統, 西1号系統多区間系統, 西2号系統多区間系統, 臨西2号系統多区間系統, 西3号系統多区間系統, 西4号系統多区間系統, 西5号系統多区間系統, 西8号系統多区間系統"
境谷大橋,京阪京都交通（株）,"快速16・10, 12A, 77"
蚊ヶ瀬,京阪バス（株）,"22　六地蔵〜山科駅, 24　合場川〜山科駅, 22A　六地蔵〜山科駅, 24A　合場川〜山科駅, 28　大宅〜山科駅, 87A　六地蔵〜四烏丸, 87　四烏丸〜六地蔵, 83　醍醐BT〜四大宮, 83A　醍醐T〜四烏丸, 84　醍醐T〜四河原町, 84B　三京阪〜醍醐T, 88　四烏丸〜六地蔵, 88B　六地蔵〜三京阪, 85　四条烏丸〜大宅, 84C　四河原町〜大宅, 17　大宅〜三条京阪, 88C　四条烏丸〜大宅, 86B　大宅〜三条京阪, 86　四条河原町〜大宅, 86A　四河原〜蚊ヶ瀬, 86　蚊ヶ瀬〜四河原町, 93　醍醐〜烏御〜醍醐, 95　大宅〜烏御〜醍醐, 305　合場川〜京都駅, 301　京都駅〜醍醐寺, 303　橘大学〜京都駅"
洛西高校前,（株）ヤサカバス,JR桂川駅前ー竹の里循環
洛西高校前,京都市,"33号系統多区間系統, 特33号系統多区間系統, 西2号系統多区間系統, 臨西2号系統多区間系統, 特西3号系統多区間系統, 西4号系統多区間系統, 特西4号系統多区間系統"
洛西高校前,京阪京都交通（株）,"快速16・10, 12A"
洛西高校前,阪急バス（株）,大野原線（63、64、66系統）
勧修寺泉玉町,京阪バス（株）,"29　大宅〜山科駅, 29C　山科〜西〜山科, 87A　六地蔵〜四烏丸, 87　四烏丸〜六地蔵, 83　醍醐BT〜四大宮, 83A　醍醐T〜四烏丸, 84　醍醐T〜四河原町, 84B　三京阪〜醍醐T, 85　四条烏丸〜大宅, 84C　四河原町〜大宅, 93　醍醐〜烏御〜醍醐, 95　大宅〜烏御〜醍醐, 305　合場川〜京都駅, 301　京都駅〜醍醐寺, 303　橘大学〜京都駅, 2　醍醐BT→竹田東口, 2　北西裏町→竹田東口"
北福西町一丁目,（株）ヤサカバス,"JR桂川桂駅前ー境谷大橋ー桂坂中央線, JR桂川駅前ー竹の里循環, JR桂川駅前ー新林循環"
北福西町一丁目,京都市,"70号系統多区間系統, 西1号系統多区間系統, 西2号系統多区間系統, 臨西2号系統多区間系統, 西4号系統多区間系統, 西5号系統多区間系統"
北福西町一丁目,京阪京都交通（株）,"快速16・10, 12A"
高田町,（株）ヤサカバス,"JR桂川桂駅前ー境谷大橋ー桂坂中央線, JR桂川駅前ー竹の里循環, JR桂川駅前ー京大桂キャンパスー桂坂中央, JR桂川駅前ー新林循環"
高田町,京都市,"42号系統多区間系統, 69号系統多区間系統, 70号系統多区間系統, 特南1号系統多区間系統, 西4号系統多区間系統, 特西4号系統多区間系統"
久世橋西詰,京都市,"13号系統均一系統, 特13号系統均一系統, 42号系統多区間系統, 78号系統均一系統"
洛西口駅前,（株）ヤサカバス,"JR桂川桂駅前ー境谷大橋ー桂坂中央線, JR桂川駅前ー竹の里循環, JR桂川駅前ー京大桂キャンパスー桂坂中央, JR桂川駅前ー新林循環"
洛西口駅前,京都市,"42号系統多区間系統, 69号系統多区間系統, 70号系統多区間系統, 西4号系統多区間系統, 特西4号系統多区間系統"
洛西口駅前,京阪京都交通（株）,"12A, 11A・直行11A, 22B"
阪急洛西口西,向日市,ぐるっとむこうバス北コース
JR桂川駅前,（株）ヤサカバス,"JR桂川桂駅前ー境谷大橋ー桂坂中央線, JR桂川駅前ー竹の里循環, JR桂川駅前ー京大桂キャンパスー桂坂中央, JR桂川駅前ー新林循環"
JR桂川駅前,京都市,"42号系統多区間系統, 69号系統多区間系統, 70号系統多区間系統, 南1号系統多区間系統, 特南1号系統多区間系統, 西4号系統多区間系統, 特西4号系統多区間系統"
JR桂川駅前,京阪京都交通（株）,"12A, 11A・直行11A, 18, 15, 14・13・13B・17・17B, 25・25A・直行25A・25B・直行25B, 22B, 23・快速24・快速24B・26・26B・29, 77, 62, 71"
勧修寺北出町,京阪バス（株）,"29　大宅〜山科駅, 87A　六地蔵〜四烏丸, 87　四烏丸〜六地蔵, 83　醍醐BT〜四大宮, 83A　醍醐T〜四烏丸, 84　醍醐T〜四河原町, 84B　三京阪〜醍醐T, 85　四条烏丸〜大宅, 84C　四河原町〜大宅, 93　醍醐〜烏御〜醍醐, 95　大宅〜烏御〜醍醐, 312六地蔵〜八条口, 312八条口〜醍醐BT, 305　合場川〜京都駅, 301　京都駅〜醍醐寺, 303　橘大学〜京都駅, 2　醍醐BT→竹田東口, 2　北西裏町→竹田東口"
物集女,京都市,"69号系統多区間系統, 70号系統多区間系統, 西4号系統多区間系統, 特西4号系統多区間系統"
物集女,京阪京都交通（株）,"12A, 11A・直行11A, 22B"
物集女,向日市,ぐるっとむこうバス北コース
物集女,（株）ヤサカバス,"JR桂川桂駅前ー境谷大橋ー桂坂中央線, JR桂川駅前ー竹の里循環, JR桂川駅前ー京大桂キャンパスー桂坂中央, JR桂川駅前ー新林循環"
上鳥羽小学校前,京都市,18号系統均一系統
久世七本松,（株）ヤサカバス,JR桂川桂駅前ー境谷大橋ー桂坂中央線
久世七本松,京都市,"42号系統多区間系統, 南1号系統多区間系統, 特南1号系統多区間系統"
上鳥羽,京阪バス（株）,26京阪淀〜京都八条口
向日回生病院前,（株）ヤサカバス,"JR桂川桂駅前ー境谷大橋ー桂坂中央線, JR桂川駅前ー竹の里循環, JR桂川駅前ー新林循環"
向日回生病院前,京都市,"70号系統多区間系統, 西4号系統多区間系統, 特西4号系統多区間系統"
向日回生病院前,京阪京都交通（株）,"12A, 11A・直行11A"
向日回生病院前,向日市,ぐるっとむこうバス北コース
阪急洛西口駅前,向日市,ぐるっとむこうバス北コース
北春日町,京阪京都交通（株）,14・13・13B・17・17B
龍谷大学前,京阪バス（株）,6A　京都八〜醍醐BT
龍谷大学前,京都市,南5号系統均一系統
福西遺跡公園前,（株）ヤサカバス,JR桂川駅前ー竹の里循環
福西遺跡公園前,京都市,"西3号系統多区間系統, 西8号系統多区間系統"
下ノ谷,亀岡市,亀岡市ふるさとバス別院コース　F24
上鳥羽馬廻,京都市,"臨13号系統均一系統, 特18号系統均一系統, 43号系統均一系統"
洛西バスターミナル,京都市,"29号系統多区間系統, 33号系統多区間系統, 特33号系統多区間系統, 73号系統多区間系統, 西1号系統多区間系統, 西2号系統多区間系統, 臨西2号系統多区間系統, 西3号系統多区間系統, 西4号系統多区間系統, 特西4号系統多区間系統, 西8号系統多区間系統"
洛西バスターミナル,京阪京都交通（株）,"快速16・10, 19"
洛西バスターミナル,阪急バス（株）,大野原線（63、64、66系統）
城ケ前町,京都市,18号系統均一系統
北福西町,京都市,"西3号系統多区間系統, 特西3号系統多区間系統, 特西4号系統多区間系統, 西8号系統多区間系統"
竹田久保町,京都市,81号系統均一系統
石原団地前,京都市,"臨13号系統均一系統, 特18号系統均一系統, 43号系統均一系統"
大畑公園西,醍醐地域にコミュニティバスを走らせる市民の会,醍醐コミュニティバス　4号　北醍醐方面
七ノ坪,向日市,ぐるっとむこうバス北コース
柳川,京阪京都交通（株）,14・13・13B・17・17B
洛西大橋,（株）ヤサカバス,JR桂川駅前ー竹の里循環
洛西大橋,京都市,"西3号系統多区間系統, 西8号系統多区間系統"
境谷センター前,（株）ヤサカバス,JR桂川駅前ー竹の里循環
境谷センター前,京都市,"33号系統多区間系統, 特33号系統多区間系統, 西2号系統多区間系統, 臨西2号系統多区間系統, 特西3号系統多区間系統, 西4号系統多区間系統, 特西4号系統多区間系統"
境谷センター前,京阪京都交通（株）,"快速16・10, 12A"
境谷センター前,阪急バス（株）,大野原線（63、64、66系統）
柿原団地集会所前,醍醐地域にコミュニティバスを走らせる市民の会,醍醐コミュニティバス　4号　北醍醐方面
岩ノ本町,京都市,18号系統均一系統
勧修寺,京阪バス（株）,"29　大宅〜山科駅, 312六地蔵〜八条口, 312八条口〜醍醐BT, 2　醍醐BT→竹田東口, 2　北西裏町→竹田東口"
奥野,亀岡市,"亀岡市ふるさとバス別院コース　F21・22, 亀岡市ふるさとバス別院コース　F24"
豆尾,向日市,ぐるっとむこうバス北コース
中久世一丁目,（株）ヤサカバス,JR桂川桂駅前ー境谷大橋ー桂坂中央線
中久世一丁目,京都市,"42号系統多区間系統, 南1号系統多区間系統, 特南1号系統多区間系統"
勧修寺下ノ茶屋町,京阪バス（株）,"2　醍醐BT→竹田東口, 2　北西裏町→竹田東口"
廻り戸町,醍醐地域にコミュニティバスを走らせる市民の会,醍醐コミュニティバス　4号　北醍醐方面
商工観光振興センター前,向日市,ぐるっとむこうバス北コース
小野隨心院口,京阪バス（株）,"22　六地蔵〜山科駅, 24　合場川〜山科駅, 22A　六地蔵〜山科駅, 24A　合場川〜山科駅, 2　醍醐BT→竹田東口, 2　北西裏町→竹田東口"
小野駅,京阪バス（株）,"22　六地蔵〜山科駅, 24　合場川〜山科駅, 22A　六地蔵〜山科駅, 24A　合場川〜山科駅, 29　大宅〜山科駅, 87A　六地蔵〜四烏丸, 87　四烏丸〜六地蔵, 83　醍醐BT〜四大宮, 83A　醍醐T〜四烏丸, 84　醍醐T〜四河原町, 84B　三京阪〜醍醐T, 88　四烏丸〜六地蔵, 88B　六地蔵〜三京阪, 86B　大宅〜三条京阪, 86　四条河原町〜大宅, 93　醍醐〜烏御〜醍醐, 95　大宅〜烏御〜醍醐, 312六地蔵〜八条口, 312八条口〜醍醐BT, 2　醍醐BT→竹田東口, 2　北西裏町→竹田東口"
西境谷町三丁目,京都市,"33号系統多区間系統, 特33号系統多区間系統"
隨心院,京阪バス（株）,"22A　六地蔵〜山科駅, 24A　合場川〜山科駅, 2　醍醐BT→竹田東口, 2　北西裏町→竹田東口"
随心院前,醍醐地域にコミュニティバスを走らせる市民の会,醍醐コミュニティバス　4号　北醍醐方面
吉祥院嶋高町,京都市,"臨13号系統均一系統, 特18号系統均一系統, 43号系統均一系統"
下ノ谷口,亀岡市,"亀岡市ふるさとバス別院コース　F21・22, 亀岡市ふるさとバス別院コース　F24"
北井,京阪京都交通（株）,14・13・13B・17・17B
大野,亀岡市,"亀岡市ふるさとバス別院コース　F21・22, 亀岡市ふるさとバス別院コース　F23"
上鳥羽金仏・ケイルック本社前,（株）ケイルック,京都らくなんエクスプレス　R＇EX
北団地東,京阪バス（株）,"2　醍醐BT→竹田東口, 2　北西裏町→竹田東口"
築山,京都市,"13号系統均一系統, 78号系統均一系統"
聖母女学院前,京都市,臨南5号系統均一系統
坊町,京都市,臨南5号系統均一系統
中久世,京都市,"13号系統均一系統, 特13号系統均一系統, 42号系統多区間系統, 78号系統均一系統, 南1号系統多区間系統, 特南1号系統多区間系統"
南福西町（竹林公園前）,京都市,"西3号系統多区間系統, 特西3号系統多区間系統, 特西4号系統多区間系統, 西8号系統多区間系統"
大高町公園前,醍醐地域にコミュニティバスを走らせる市民の会,醍醐コミュニティバス　4号　北醍醐方面
車塚住宅前,向日市,ぐるっとむこうバス北コース
地蔵前,京都市,18号系統均一系統
西醍醐上ノ山町,京阪バス（株）,"87A　六地蔵〜四烏丸, 87　四烏丸〜六地蔵, 83　醍醐BT〜四大宮, 83A　醍醐T〜四烏丸, 84　醍醐T〜四河原町, 84B　三京阪〜醍醐T, 88　四烏丸〜六地蔵, 88B　六地蔵〜三京阪, 86B　大宅〜三条京阪, 86　四条河原町〜大宅, 93　醍醐〜烏御〜醍醐, 95　大宅〜烏御〜醍醐, 312六地蔵〜八条口, 312八条口〜醍醐BT"
深草西浦町,京都市,"南5号系統均一系統, 臨南5号系統均一系統"
南条公園前,向日市,ぐるっとむこうバス北コース
醍醐北団地,京阪バス（株）,"22A　六地蔵〜山科駅, 24A　合場川〜山科駅, 22A　大宅〜六地蔵, 23　大宅〜醍醐寺, 23A　橘大学〜醍醐寺, 25　大宅〜醍醐BT, 86B　大宅〜三条京阪, 86　四条河原町〜大宅, 305　合場川〜京都駅, 301　京都駅〜醍醐寺"
醍醐上ノ山町,京阪バス（株）,"22　六地蔵〜山科駅, 24　合場川〜山科駅"
上ノ山町・辻際醍醐診療所前,醍醐地域にコミュニティバスを走らせる市民の会,醍醐コミュニティバス　4号　北醍醐方面
僧坊町,京都市,臨南5号系統均一系統
竹の里小学校前,京都市,"西2号系統多区間系統, 臨西2号系統多区間系統, 西4号系統多区間系統"
竹の里小学校前,京阪京都交通（株）,"快速16・10, 12A"
竹田出橋,京都市,"81号系統均一系統, 南5号系統均一系統, 臨南5号系統均一系統, 南8号系統多区間系統"
竹田出橋,近鉄バス（株）,向島団地線8・9
竹田出橋,京阪バス（株）,"6A　京都八〜醍醐BT, 2　醍醐BT→竹田東口, 2　北西裏町→竹田東口"
醍醐天皇陵,京阪バス（株）,"2　醍醐BT→竹田東口, 2　北西裏町→竹田東口"
京道町・北団地集会所ゆとりうむ前,醍醐地域にコミュニティバスを走らせる市民の会,醍醐コミュニティバス　4号　北醍醐方面
南春日町,京都市,臨西2号系統多区間系統
南春日町,京阪京都交通（株）,14・13・13B・17・17B
南春日町,阪急バス（株）,大野原線（63、64、66系統）
中ノ茶屋観光農園前,京阪バス（株）,"2　醍醐BT→竹田東口, 2　北西裏町→竹田東口"
鳥羽大橋北詰,京都市,19号系統多区間系統
醍醐天皇陵前,醍醐地域にコミュニティバスを走らせる市民の会,醍醐コミュニティバス　4号　北醍醐方面
青少年科学センター,京阪バス（株）,"6A　京都八〜醍醐BT, 2　醍醐BT→竹田東口, 2　北西裏町→竹田東口"
青少年科学センター前,京都市,"南5号系統均一系統, 臨南5号系統均一系統, 南8号系統多区間系統"
竹田駅東口,京都市,"81号系統均一系統, 南5号系統均一系統, 臨南5号系統均一系統, 南8号系統多区間系統"
竹田駅東口,近鉄バス（株）,向島団地線8・9
竹田駅東口,京阪バス（株）,"2　醍醐BT→竹田東口, 2　北西裏町→竹田東口"
中央公園南口,（株）ヤサカバス,JR桂川駅前ー竹の里循環
中央公園南口,京都市,"西3号系統多区間系統, 西8号系統多区間系統"
下久世,京都市,"13号系統均一系統, 特13号系統均一系統, 78号系統均一系統, 南1号系統多区間系統, 特南1号系統多区間系統"
竹田駅西口,京阪バス（株）,"6　醍醐BT〜竹田西口, 6　北西裏町〜竹田西口, 24A京阪淀〜竹田西口"
竹田駅西口,京都市,"18号系統均一系統, 南1号系統多区間系統, 南2号系統多区間系統, 特南2号系統多区間系統, 南3号系統多区間系統"
竹田西段川原町,京阪バス（株）,"6　醍醐BT〜竹田西口, 6　北西裏町〜竹田西口, 6A　京都八〜醍醐BT"
第2向陽小学校前,向日市,ぐるっとむこうバス北コース
燈篭前,向日市,ぐるっとむこうバス北コース
南福西町二丁目,京都市,"西3号系統多区間系統, 特西3号系統多区間系統, 特西4号系統多区間系統, 西8号系統多区間系統"
西竹の里町,（株）ヤサカバス,JR桂川駅前ー竹の里循環
西竹の里町,京都市,"西2号系統多区間系統, 臨西2号系統多区間系統, 特西3号系統多区間系統, 西4号系統多区間系統, 特西4号系統多区間系統"
西竹の里町,京阪京都交通（株）,"快速16・10, 12A"
奈須野,京都市,18号系統均一系統
藤ノ森,京阪バス（株）,"2　醍醐BT→竹田東口, 2　北西裏町→竹田東口"
藤ノ森,京都市,"臨南5号系統均一系統, 南8号系統多区間系統"
奈須野,京都市,18号系統均一系統
深草馬谷町,京阪バス（株）,"2　醍醐BT→竹田東口, 2　北西裏町→竹田東口"
上ノ山団地北,醍醐地域にコミュニティバスを走らせる市民の会,醍醐コミュニティバス　2号　上ノ山団地方面
東竹の里町,（株）ヤサカバス,JR桂川駅前ー竹の里循環
東竹の里町,京都市,"西2号系統多区間系統, 臨西2号系統多区間系統, 特西3号系統多区間系統, 西4号系統多区間系統, 特西4号系統多区間系統"
東竹の里町,京阪京都交通（株）,"快速16・10, 12A"
福西竹の里,（株）ヤサカバス,JR桂川駅前ー竹の里循環
福西竹の里,京都市,"西2号系統多区間系統, 西3号系統多区間系統, 特西3号系統多区間系統, 特西4号系統多区間系統, 西8号系統多区間系統"
上ノ山団地口,醍醐地域にコミュニティバスを走らせる市民の会,醍醐コミュニティバス　2号　上ノ山団地方面
JR向日町,向日市,"ぐるっとむこうバス北コース, ぐるっとむこうバス南コース"
JR向日町,（株）ヤサカバス,JR桂川桂駅前ー境谷大橋ー桂坂中央線
JR向日町,阪急バス（株）,大野原線（63、64、66系統）
南福西町三丁目,京都市,"西2号系統多区間系統, 西3号系統多区間系統, 特西3号系統多区間系統, 特西4号系統多区間系統, 西8号系統多区間系統"
中山団地,京阪バス（株）,"87A　六地蔵〜四烏丸, 87　四烏丸〜六地蔵, 83　醍醐BT〜四大宮, 83A　醍醐T〜四烏丸, 84　醍醐T〜四河原町, 84B　三京阪〜醍醐T, 88　四烏丸〜六地蔵, 88B　六地蔵〜三京阪, 86B　大宅〜三条京阪, 86　四条河原町〜大宅, 93　醍醐〜烏御〜醍醐, 95　大宅〜烏御〜醍醐, 312六地蔵〜八条口, 312八条口〜醍醐BT"
醍醐新町東稜高校前,醍醐地域にコミュニティバスを走らせる市民の会,醍醐コミュニティバス　4号　北醍醐方面
深草谷口町,京阪バス（株）,"2　醍醐BT→竹田東口, 2　北西裏町→竹田東口"
京都医療センター,京阪バス（株）,"2　醍醐BT→竹田東口, 2　北西裏町→竹田東口"
小枝橋,京都市,18号系統均一系統
大原野小学校前,京都市,臨西2号系統多区間系統
大原野小学校前,阪急バス（株）,大野原線（63、64、66系統）
醍醐新町,京阪バス（株）,"22　六地蔵〜山科駅, 24　合場川〜山科駅, 22A　六地蔵〜山科駅, 24A　合場川〜山科駅, 22A　大宅〜六地蔵, 23　大宅〜醍醐寺, 23A　橘大学〜醍醐寺, 25　大宅〜醍醐BT, 86B　大宅〜三条京阪, 86　四条河原町〜大宅, 305　合場川〜京都駅, 301　京都駅〜醍醐寺, 2　醍醐BT→竹田東口, 2　北西裏町→竹田東口"
竹田内畑町,京阪バス（株）,"6　醍醐BT〜竹田西口, 6　北西裏町〜竹田西口, 6A　京都八〜醍醐BT, 24A京阪淀〜竹田西口"
竹田内畑町,京都市,"18号系統均一系統, 南1号系統多区間系統, 南2号系統多区間系統, 特南2号系統多区間系統"
直違橋一丁目,京阪バス（株）,"2　醍醐BT→竹田東口, 2　北西裏町→竹田東口"
直違橋一丁目,京都市,"臨南5号系統均一系統, 南8号系統多区間系統"
西久宝寺町,京都市,臨南5号系統均一系統
川久保町,醍醐地域にコミュニティバスを走らせる市民の会,醍醐コミュニティバス　2号　上ノ山団地方面
七瀬川町,京都市,"81号系統均一系統, 南5号系統均一系統"
七瀬川町,近鉄バス（株）,向島団地線8・9
中山団地中央,醍醐地域にコミュニティバスを走らせる市民の会,醍醐コミュニティバス　2号　上ノ山団地方面
中山団地,醍醐地域にコミュニティバスを走らせる市民の会,醍醐コミュニティバス　2号　上ノ山団地方面
宇ノ山,阪急バス（株）,大野原線（63、64、66系統）
上里小学校前,京都市,西2号系統多区間系統
垣内,向日市,"ぐるっとむこうバス北コース, ぐるっとむこうバス南コース"
中山団地南,醍醐地域にコミュニティバスを走らせる市民の会,醍醐コミュニティバス　2号　上ノ山団地方面
柚原東谷,亀岡市,亀岡市ふるさとバス別院コース　F21・22
柚原,亀岡市,"亀岡市ふるさとバス別院コース　F21・22, 亀岡市ふるさとバス別院コース　F24"
向日市役所東向日別館前,向日市,ぐるっとむこうバス北コース
阪急東向日,向日市,ぐるっとむこうバス南コース
阪急東向日,阪急バス（株）,"長岡京線（80、82系統）, 大野原線（63、64、66系統）"
灰方,京阪京都交通（株）,14・13・13B・17・17B
灰方,阪急バス（株）,大野原線（63、64、66系統）
長峰,京阪京都交通（株）,14・13・13B・17・17B
横井,京阪京都交通（株）,14・13・13B・17・17B
醍醐北西裏町,京阪バス（株）,"25　大宅〜醍醐BT, 3　六地蔵〜醍醐BT, 3　醍醐北西〜六地蔵, 87A　六地蔵〜四烏丸, 87　四烏丸〜六地蔵, 83　醍醐BT〜四大宮, 83A　醍醐T〜四烏丸, 84　醍醐T〜四河原町, 88　四烏丸〜六地蔵, 88B　六地蔵〜三京阪, 86B　大宅〜三条京阪, 86　四条河原町〜大宅, 93　醍醐〜烏御〜醍醐, 312六地蔵〜八条口, 312八条口〜醍醐BT, 6　醍醐BT〜竹田西口, 6　北西裏町〜竹田西口, 6A　京都八〜醍醐BT, 2　醍醐BT→竹田東口, 2　北西裏町→竹田東口"
西寺町,京都市,臨南5号系統均一系統
八幡前,京阪京都交通（株）,14・13・13B・17・17B
醍醐東団地前,醍醐地域にコミュニティバスを走らせる市民の会,醍醐コミュニティバス　4号　北醍醐方面
醍醐寺口,京阪バス（株）,25　大宅〜醍醐BT
深草北蓮池町,京都市,南8号系統多区間系統
地下鉄醍醐駅前,醍醐地域にコミュニティバスを走らせる市民の会,"醍醐コミュニティバス　1号　小栗栖方面, 醍醐コミュニティバス　2号　上ノ山団地方面, 醍醐コミュニティバス　3号　日野方面, 醍醐コミュニティバス　4号　北醍醐方面"
醍醐寺前,京阪バス（株）,"22　六地蔵〜山科駅, 24　合場川〜山科駅, 22A　六地蔵〜山科駅, 24A　合場川〜山科駅, 22A　大宅〜六地蔵, 86B　大宅〜三条京阪, 86　四条河原町〜大宅, 305　合場川〜京都駅, 301　京都駅〜醍醐寺, 2　醍醐BT→竹田東口, 2　北西裏町→竹田東口"
醍醐寺前,醍醐地域にコミュニティバスを走らせる市民の会,醍醐コミュニティバス　4号　北醍醐方面
久世大薮町,京都市,"13号系統均一系統, 78号系統均一系統, 特南1号系統多区間系統"
久世殿城町,京都市,"13号系統均一系統, 特13号系統均一系統, 78号系統均一系統, 南1号系統多区間系統, 特南1号系統多区間系統"
上里,阪急バス（株）,大野原線（63、64、66系統）
醍醐バスターミナル,京阪バス（株）,"25　大宅〜醍醐BT, 3　六地蔵〜醍醐BT, 87A　六地蔵〜四烏丸, 83　醍醐BT〜四大宮, 83A　醍醐T〜四烏丸, 84　醍醐T〜四河原町, 84B　三京阪〜醍醐T, 88B　六地蔵〜三京阪, 86B　大宅〜三条京阪, 86　四条河原町〜大宅, 93　醍醐〜烏御〜醍醐, 95　大宅〜烏御〜醍醐, 312六地蔵〜八条口, 312八条口〜醍醐BT, 6　醍醐BT〜竹田西口, 6A　京都八〜醍醐BT, 2　醍醐BT→竹田東口"
寺戸,向日市,ぐるっとむこうバス北コース
寺戸,阪急バス（株）,大野原線（63、64、66系統）
久世工業団地前,京都市,"13号系統均一系統, 78号系統均一系統, 特南1号系統多区間系統"
東別院グランド前,亀岡市,"亀岡市ふるさとバス別院コース　F21・22, 亀岡市ふるさとバス別院コース　F23"
竹田城南宮道,京都市,"81号系統均一系統, 南5号系統均一系統"
竹田城南宮道,近鉄バス（株）,向島団地線8・9
中垣内,向日市,ぐるっとむこうバス南コース
東山,向日市,"ぐるっとむこうバス北コース, ぐるっとむこうバス南コース"
東山,阪急バス（株）,大野原線（63、64、66系統）
城南宮東口,京都市,"18号系統均一系統, 南1号系統多区間系統, 南2号系統多区間系統, 特南2号系統多区間系統, 南3号系統多区間系統"
城南宮,京都市,"18号系統均一系統, 19号系統多区間系統"
右京の里,京都市,西2号系統多区間系統
右京の里,阪急バス（株）,大野原線（63、64、66系統）
竹田浄菩堤院町,京都市,南3号系統多区間系統
大原野上里北ノ町,京都市,西2号系統多区間系統
二枚田,向日市,ぐるっとむこうバス南コース
藤森神社前,京都市,"臨南5号系統均一系統, 南8号系統多区間系統"
醍醐寺,京阪バス（株）,"23　大宅〜醍醐寺, 23A　橘大学〜醍醐寺, 301　京都駅〜醍醐寺"
地下鉄醍醐駅前・パセオダイゴロー西館前,醍醐地域にコミュニティバスを走らせる市民の会,"醍醐コミュニティバス　1号　小栗栖方面, 醍醐コミュニティバス　2号　上ノ山団地方面, 醍醐コミュニティバス　3号　日野方面"
醍醐駅,京阪バス（株）,"25　大宅〜醍醐BT, 3　六地蔵〜醍醐BT, 3　醍醐北西〜六地蔵, 87A　六地蔵〜四烏丸, 87　四烏丸〜六地蔵, 88　四烏丸〜六地蔵, 88B　六地蔵〜三京阪, 86B　大宅〜三条京阪, 86　四条河原町〜大宅, 312六地蔵〜八条口, 6　醍醐BT〜竹田西口, 6　北西裏町〜竹田西口, 6A　京都八〜醍醐BT, 2　醍醐BT→竹田東口, 2　北西裏町→竹田東口"
アルプラザ前,醍醐地域にコミュニティバスを走らせる市民の会,"醍醐コミュニティバス　1号　小栗栖方面, 醍醐コミュニティバス　2号　上ノ山団地方面, 醍醐コミュニティバス　3号　日野方面, 醍醐コミュニティバス　4号　北醍醐方面"
城南宮東口,京阪バス（株）,"6　醍醐BT〜竹田西口, 6　北西裏町〜竹田西口, 6A　京都八〜醍醐BT, 24A京阪淀〜竹田西口"
油小路城南宮,（株）ケイルック,京都らくなんエクスプレス　R＇EX
城南宮前,（株）ケイルック,京都らくなんエクスプレス　R＇EX
東寺町,京都市,臨南5号系統均一系統
城南宮道,京都市,18号系統均一系統
城南宮,京阪バス（株）,26京阪淀〜京都八条口
醍醐辻,京阪バス（株）,"22　六地蔵〜山科駅, 24　合場川〜山科駅, 22A　六地蔵〜山科駅, 24A　合場川〜山科駅, 22A　大宅〜六地蔵, 86B　大宅〜三条京阪, 86　四条河原町〜大宅, 305　合場川〜京都駅, 2　醍醐BT→竹田東口, 2　北西裏町→竹田東口"
第3向陽小学校前,向日市,ぐるっとむこうバス南コース
御霊ヶ下町,京阪バス（株）,"25　大宅〜醍醐BT, 86B　大宅〜三条京阪, 86　四条河原町〜大宅"
御霊ヶ下町,醍醐地域にコミュニティバスを走らせる市民の会,醍醐コミュニティバス　3号　日野方面
醍醐折戸町,京阪バス（株）,"3　六地蔵〜醍醐BT, 3　醍醐北西〜六地蔵, 87A　六地蔵〜四烏丸, 87　四烏丸〜六地蔵, 88　四烏丸〜六地蔵, 88B　六地蔵〜三京阪, 312六地蔵〜八条口"
醍醐落西町・キリン堂醍醐店前,醍醐地域にコミュニティバスを走らせる市民の会,醍醐コミュニティバス　3号　日野方面
西墨染通,京都市,"81号系統均一系統, 南5号系統均一系統"
西墨染通,近鉄バス（株）,向島団地線8・9
北小栗栖,京阪バス（株）,"3　六地蔵〜醍醐BT, 3　醍醐北西〜六地蔵, 87A　六地蔵〜四烏丸, 87　四烏丸〜六地蔵, 88　四烏丸〜六地蔵, 88B　六地蔵〜三京阪, 312六地蔵〜八条口"
辰巳,阪急バス（株）,"長岡京線（80、82系統）, 大野原線（63、64、66系統）"
藤森神社,京都市,臨南5号系統均一系統
国道東土川,京都市,"特13号系統均一系統, 南1号系統多区間系統"
教育大学前,京都市,臨南5号系統均一系統
墨染,京都市,南8号系統多区間系統
JR藤森駅前,京都市,臨南5号系統均一系統
醍醐総合庁舎・あけぼの保育園前,醍醐地域にコミュニティバスを走らせる市民の会,醍醐コミュニティバス　1号　小栗栖方面
向日市役所前,向日市,"ぐるっとむこうバス北コース, ぐるっとむこうバス南コース"
向日市役所前,阪急バス（株）,"長岡京線（80、82系統）, 大野原線（63、64、66系統）"
醍醐新和泉町,京阪バス（株）,"86B　大宅〜三条京阪, 86　四条河原町〜大宅"
醍醐新和泉町,醍醐地域にコミュニティバスを走らせる市民の会,醍醐コミュニティバス　3号　日野方面
久我石原町,京都市,"特13号系統均一系統, 18号系統均一系統, 22号系統多区間系統, 南1号系統多区間系統"
菱妻神社前,京都市,"18号系統均一系統, 22号系統多区間系統, 南1号系統多区間系統"
東土川橋,京都市,"特13号系統均一系統, 南1号系統多区間系統"
向日台団地前,向日市,ぐるっとむこうバス南コース
向日台団地前,阪急バス（株）,"長岡京線（80、82系統）, 大野原線（63、64、66系統）"
北後藤団地集会所前,醍醐地域にコミュニティバスを走らせる市民の会,醍醐コミュニティバス　1号　小栗栖方面
紅葉町,京都市,西2号系統多区間系統
紅葉町,阪急バス（株）,大野原線（63、64、66系統）
勝山町,京都市,西2号系統多区間系統
勝山町,阪急バス（株）,大野原線（63、64、66系統）
醍醐和泉町,京阪バス（株）,"22　六地蔵〜山科駅, 24　合場川〜山科駅, 22A　六地蔵〜山科駅, 24A　合場川〜山科駅, 22A　大宅〜六地蔵, 86B　大宅〜三条京阪, 86　四条河原町〜大宅, 305　合場川〜京都駅, 2　醍醐BT→竹田東口, 2　北西裏町→竹田東口"
パルスプラザ前,京阪バス（株）,"6　醍醐BT〜竹田西口, 6　北西裏町〜竹田西口, 6A　京都八〜醍醐BT, 24A京阪淀〜竹田西口"
パルスプラザ前,京都市,"18号系統均一系統, 南1号系統多区間系統, 南2号系統多区間系統, 特南2号系統多区間系統, 南3号系統多区間系統"
下町,京都市,南8号系統多区間系統
醍醐池田町,京阪バス（株）,"6　醍醐BT〜竹田西口, 6　北西裏町〜竹田西口, 6A　京都八〜醍醐BT, 2　醍醐BT→竹田東口, 2　北西裏町→竹田東口"
醍醐総合庁舎前・グランスイート醍醐駅前,醍醐地域にコミュニティバスを走らせる市民の会,醍醐コミュニティバス　2号　上ノ山団地方面
北後藤団地西・かがやき保育園前,醍醐地域にコミュニティバスを走らせる市民の会,醍醐コミュニティバス　1号　小栗栖方面
端山団地集会所前,醍醐地域にコミュニティバスを走らせる市民の会,醍醐コミュニティバス　3号　日野方面
市民体育館前,向日市,ぐるっとむこうバス南コース
京都パルスプラザ・京セラ前,（株）ケイルック,京都らくなんエクスプレス　R＇EX
向日市保健センター前,向日市,ぐるっとむこうバス南コース
棒鼻,京都市,"81号系統均一系統, 南5号系統均一系統"
赤池,京都市,"18号系統均一系統, 南1号系統多区間系統, 南2号系統多区間系統, 特南2号系統多区間系統"
上鳥羽塔ノ森,京都市,"18号系統均一系統, 南1号系統多区間系統, 南2号系統多区間系統, 特南2号系統多区間系統"
赤池,京阪バス（株）,26京阪淀〜京都八条口
国道赤池,京都市,"18号系統均一系統, 19号系統多区間系統, 南1号系統多区間系統, 南2号系統多区間系統, 特南2号系統多区間系統"
南小栗栖,京阪バス（株）,"3　六地蔵〜醍醐BT, 3　醍醐北西〜六地蔵, 87A　六地蔵〜四烏丸, 87　四烏丸〜六地蔵, 88　四烏丸〜六地蔵, 88B　六地蔵〜三京阪, 312六地蔵〜八条口"
小栗栖,醍醐地域にコミュニティバスを走らせる市民の会,醍醐コミュニティバス　1号　小栗栖方面
東掛,亀岡市,"亀岡市ふるさとバス別院コース　F21・22, 亀岡市ふるさとバス別院コース　F23"
伏見インクライン前,京都市,南8号系統多区間系統
伏見東郵便局前,醍醐地域にコミュニティバスを走らせる市民の会,醍醐コミュニティバス　2号　上ノ山団地方面
南工業団地前,京都市,22号系統多区間系統
久我,京都市,"18号系統均一系統, 22号系統多区間系統, 南1号系統多区間系統, 南2号系統多区間系統, 特南2号系統多区間系統"
槇ノ内町・泉川病院前,醍醐地域にコミュニティバスを走らせる市民の会,醍醐コミュニティバス　3号　日野方面
小栗栖宮山小学校前,醍醐地域にコミュニティバスを走らせる市民の会,醍醐コミュニティバス　1号　小栗栖方面
端山団地,醍醐地域にコミュニティバスを走らせる市民の会,醍醐コミュニティバス　3号　日野方面
東別院小学校前,亀岡市,"亀岡市ふるさとバス別院コース　F21・22, 亀岡市ふるさとバス別院コース　F23"
万願寺,亀岡市,"亀岡市ふるさとバス別院コース　F21・22, 亀岡市ふるさとバス別院コース　F23"
滝ノ町,長岡京市,長岡京はっぴぃバス　北東コース
小栗栖,京阪バス（株）,"3　六地蔵〜醍醐BT, 3　醍醐北西〜六地蔵, 87A　六地蔵〜四烏丸, 87　四烏丸〜六地蔵, 88　四烏丸〜六地蔵, 88B　六地蔵〜三京阪, 312六地蔵〜八条口"
森本町・（株）日興前,醍醐地域にコミュニティバスを走らせる市民の会,醍醐コミュニティバス　1号　小栗栖方面
鶏冠井コミセン前,向日市,ぐるっとむこうバス南コース
神地西ノ谷,亀岡市,"亀岡市ふるさとバス別院コース　F21・22, 亀岡市ふるさとバス別院コース　F24"
小塩,阪急バス（株）,大野原線（63、64、66系統）
神地,亀岡市,"亀岡市ふるさとバス別院コース　F21・22, 亀岡市ふるさとバス別院コース　F24"
中山田町・㈲カヤマ・㈱シンコー前,醍醐地域にコミュニティバスを走らせる市民の会,醍醐コミュニティバス　1号　小栗栖方面
多近田町,醍醐地域にコミュニティバスを走らせる市民の会,"醍醐コミュニティバス　2号　上ノ山団地方面, 醍醐コミュニティバス　3号　日野方面"
一言寺,京阪バス（株）,"22　六地蔵〜山科駅, 24　合場川〜山科駅, 22A　六地蔵〜山科駅, 24A　合場川〜山科駅, 22A　大宅〜六地蔵, 86B　大宅〜三条京阪, 86　四条河原町〜大宅, 305　合場川〜京都駅, 2　醍醐BT→竹田東口, 2　北西裏町→竹田東口"
最上町,京都市,南8号系統多区間系統
最上町,近鉄バス（株）,向島団地線8・9
大極殿前,向日市,ぐるっとむこうバス南コース
醍醐新開・荒巻整形リハビリテーシン科医院前,醍醐地域にコミュニティバスを走らせる市民の会,"醍醐コミュニティバス　2号　上ノ山団地方面, 醍醐コミュニティバス　3号　日野方面"
住吉,京都市,"81号系統均一系統, 南5号系統均一系統"
一言寺・醍醐中学校前,醍醐地域にコミュニティバスを走らせる市民の会,醍醐コミュニティバス　3号　日野方面
小栗栖西団地口,醍醐地域にコミュニティバスを走らせる市民の会,醍醐コミュニティバス　1号　小栗栖方面
勝山中学校前,向日市,ぐるっとむこうバス南コース
大受団地,京阪バス（株）,"6　醍醐BT〜竹田西口, 6　北西裏町〜竹田西口, 6A　京都八〜醍醐BT, 2　醍醐BT→竹田東口, 2　北西裏町→竹田東口"
住吉,京都市,"81号系統均一系統, 南5号系統均一系統"
はなぶさ保育園前,醍醐地域にコミュニティバスを走らせる市民の会,醍醐コミュニティバス　1号　小栗栖方面
久我御旅町,京都市,"22号系統多区間系統, 南2号系統多区間系統, 特南2号系統多区間系統"
小栗栖西団地中央,醍醐地域にコミュニティバスを走らせる市民の会,醍醐コミュニティバス　1号　小栗栖方面
門戸,向日市,ぐるっとむこうバス南コース
大受団地・コープ醍醐石田店前,醍醐地域にコミュニティバスを走らせる市民の会,"醍醐コミュニティバス　2号　上ノ山団地方面, 醍醐コミュニティバス　3号　日野方面"
西の京,長岡京市,長岡京はっぴぃバス　北東コース
下鳥羽城ノ越町,京阪バス（株）,26京阪淀〜京都八条口
滝ノ町,阪急バス（株）,長岡京線（80、82系統）
角宮神社前,長岡京市,長岡京はっぴぃバス　北西コース
醍醐南団地公園前,醍醐地域にコミュニティバスを走らせる市民の会,醍醐コミュニティバス　3号　日野方面
上川原,向日市,ぐるっとむこうバス南コース
合場川,京阪バス（株）,"22　六地蔵〜山科駅, 24　合場川〜山科駅, 22A　六地蔵〜山科駅, 24A　合場川〜山科駅, 22A　大宅〜六地蔵, 86B　大宅〜三条京阪, 86　四条河原町〜大宅, 305　合場川〜京都駅, 2　醍醐BT→竹田東口, 2　北西裏町→竹田東口"
合場町・村井建設前,醍醐地域にコミュニティバスを走らせる市民の会,醍醐コミュニティバス　3号　日野方面
滝ノ町自治会館前,長岡京市,長岡京はっぴぃバス　北東コース
南掛,亀岡市,"亀岡市ふるさとバス別院コース　F21・22, 亀岡市ふるさとバス別院コース　F23"
桃山中学前,京都市,南8号系統多区間系統
桃山中学前,近鉄バス（株）,向島団地線8・9
小栗栖中学校前,醍醐地域にコミュニティバスを走らせる市民の会,醍醐コミュニティバス　1号　小栗栖方面
小栗栖西団地集会所前,醍醐地域にコミュニティバスを走らせる市民の会,醍醐コミュニティバス　1号　小栗栖方面
桃山町山ノ下・宝生苑前,醍醐地域にコミュニティバスを走らせる市民の会,醍醐コミュニティバス　1号　小栗栖方面
石田駅,京阪バス（株）,"8　六地蔵〜日野誕生院, 6　醍醐BT〜竹田西口, 6　北西裏町〜竹田西口, 6A　京都八〜醍醐BT, 2　醍醐BT→竹田東口, 2　北西裏町→竹田東口"
地下鉄石田駅前,醍醐地域にコミュニティバスを走らせる市民の会,"醍醐コミュニティバス　1号　小栗栖方面, 醍醐コミュニティバス　2号　上ノ山団地方面, 醍醐コミュニティバス　3号　日野方面"
東合場町,醍醐地域にコミュニティバスを走らせる市民の会,醍醐コミュニティバス　3号　日野方面
小栗栖団地,京阪バス（株）,"3　六地蔵〜醍醐BT, 3　醍醐北西〜六地蔵, 87A　六地蔵〜四烏丸, 87　四烏丸〜六地蔵, 88　四烏丸〜六地蔵, 88B　六地蔵〜三京阪, 312六地蔵〜八条口"
下鳥羽城ノ越町,京都市,"19号系統多区間系統, 南3号系統多区間系統"
小栗栖西団地東,醍醐地域にコミュニティバスを走らせる市民の会,醍醐コミュニティバス　1号　小栗栖方面
西丹波橋,京都市,"81号系統均一系統, 南5号系統均一系統"
甘露寺前,亀岡市,"亀岡市ふるさとバス別院コース　F21・22, 亀岡市ふるさとバス別院コース　F23"
山口橋,醍醐地域にコミュニティバスを走らせる市民の会,醍醐コミュニティバス　3号　日野方面
油小路丹波橋・アクト京都前,京都市,南3号系統多区間系統
油小路丹波橋・アクト京都前,（株）ケイルック,京都らくなんエクスプレス　R＇EX
油小路丹波橋・アクト京都前,京阪バス（株）,"6　醍醐BT〜竹田西口, 6　北西裏町〜竹田西口, 6A　京都八〜醍醐BT, 24A京阪淀〜竹田西口"
小栗栖西団地西,醍醐地域にコミュニティバスを走らせる市民の会,醍醐コミュニティバス　1号　小栗栖方面
今里赤ノ上,長岡京市,長岡京はっぴぃバス　北西コース
丹波橋,京都市,南8号系統多区間系統
丹波橋,近鉄バス（株）,向島団地線8・9
春日野小学校前,醍醐地域にコミュニティバスを走らせる市民の会,醍醐コミュニティバス　3号　日野方面
神川小学校前,京都市,"22号系統多区間系統, 南2号系統多区間系統, 特南2号系統多区間系統"
あかね,阪急バス（株）,長岡京線（10、11系統）
丹波橋駅東,京阪バス（株）,直通9　橘大学〜丹波橋
向日町郵便局前,向日市,ぐるっとむこうバス南コース
向日町郵便局前,阪急バス（株）,長岡京線（80、82系統）
西丹波橋,京都市,"81号系統均一系統, 南5号系統均一系統"
武田総合病院,京阪バス（株）,"8　六地蔵〜日野誕生院, 6　醍醐BT〜竹田西口, 6　北西裏町〜竹田西口, 6A　京都八〜醍醐BT"
武田総合病院前,醍醐地域にコミュニティバスを走らせる市民の会,"醍醐コミュニティバス　1号　小栗栖方面, 醍醐コミュニティバス　2号　上ノ山団地方面, 醍醐コミュニティバス　3号　日野方面"
コスパ桃山六地蔵・コーナン前,醍醐地域にコミュニティバスを走らせる市民の会,醍醐コミュニティバス　1号　小栗栖方面
向日が丘支援学校前,長岡京市,長岡京はっぴぃバス　北西コース
向日が丘支援学校前,阪急バス（株）,"長岡京線（6、7、48系統）, 長岡京線（20、22系統）"
武田総合病院前（西館前）,醍醐地域にコミュニティバスを走らせる市民の会,"醍醐コミュニティバス　1号　小栗栖方面, 醍醐コミュニティバス　2号　上ノ山団地方面, 醍醐コミュニティバス　3号　日野方面"
谷寺町,醍醐地域にコミュニティバスを走らせる市民の会,醍醐コミュニティバス　3号　日野方面
旭が丘ホーム前,長岡京市,長岡京はっぴぃバス　北西コース
旭が丘ホーム前,阪急バス（株）,"長岡京線（6、7、48系統）, 長岡京線（20、22系統）"
川原公園前,長岡京市,長岡京はっぴぃバス　北東コース
石田,京阪バス（株）,"22　六地蔵〜山科駅, 22A　六地蔵〜山科駅, 22A　大宅〜六地蔵, 8　六地蔵〜日野誕生院, 2　醍醐BT→竹田東口, 2　北西裏町→竹田東口"
石田,京都京阪バス（株）,"127・117　東御蔵山循環線, 118・128　東御蔵山循環線"
倉谷口,亀岡市,"亀岡市ふるさとバス別院コース　F21・22, 亀岡市ふるさとバス別院コース　F23"
長岡第二中学校前,阪急バス（株）,"長岡京線（6、7、48系統）, 長岡京線（10、11系統）, 長岡京線（20、22系統）"
下鳥羽,京阪バス（株）,26京阪淀〜京都八条口
国道下鳥羽,京都市,"19号系統多区間系統, 22号系統多区間系統, 南3号系統多区間系統"
下鳥羽,京都市,22号系統多区間系統
馬場出町,醍醐地域にコミュニティバスを走らせる市民の会,醍醐コミュニティバス　3号　日野方面
向陽苑前,向日市,ぐるっとむこうバス南コース
日野小学校前,醍醐地域にコミュニティバスを走らせる市民の会,醍醐コミュニティバス　3号　日野方面
善峯寺,阪急バス（株）,大野原線（63、64、66系統）
山ノ下,京阪バス（株）,"3　六地蔵〜醍醐BT, 3　醍醐北西〜六地蔵, 87A　六地蔵〜四烏丸, 87　四烏丸〜六地蔵, 88　四烏丸〜六地蔵, 88B　六地蔵〜三京阪, 312六地蔵〜八条口"
光明寺,長岡京市,長岡京はっぴぃバス　北西コース
光明寺,阪急バス（株）,"長岡京線（6、7、48系統）, 長岡京線（20、22系統）"
石田南,京阪バス（株）,"22　六地蔵〜山科駅, 22A　六地蔵〜山科駅, 22A　大宅〜六地蔵"
石田南,京都京阪バス（株）,"127・117　東御蔵山循環線, 118・128　東御蔵山循環線"
今里,長岡京市,"長岡京はっぴぃバス　北東コース, 長岡京はっぴぃバス　北西コース"
今里,阪急バス（株）,長岡京線（10、11系統）
西板橋,京都市,"81号系統均一系統, 南5号系統均一系統"
田内北,長岡京市,長岡京はっぴぃバス　北西コース
板橋,京都市,南8号系統多区間系統
板橋,近鉄バス（株）,向島団地線8・9
日野西川頬,京阪バス（株）,8　六地蔵〜日野誕生院
日野西川頬,京都京阪バス（株）,"127・117　東御蔵山循環線, 118・128　東御蔵山循環線"
下久我,京都市,"22号系統多区間系統, 南2号系統多区間系統, 特南2号系統多区間系統"
石田団地,京阪バス（株）,"8　六地蔵〜日野誕生院, 6　醍醐BT〜竹田西口, 6　北西裏町〜竹田西口, 6A　京都八〜醍醐BT"
なごみの里病院,京阪バス（株）,8　六地蔵〜日野誕生院
なごみの里病院,京都京阪バス（株）,"127・117　東御蔵山循環線, 118・128　東御蔵山循環線"
植野,向日市,ぐるっとむこうバス南コース
植野,阪急バス（株）,長岡京線（80、82系統）
肥後町,京都市,"81号系統均一系統, 南5号系統均一系統"
新生十全会なごみの里病院前,醍醐地域にコミュニティバスを走らせる市民の会,醍醐コミュニティバス　3号　日野方面
日野,京阪バス（株）,8　六地蔵〜日野誕生院
恵福寺前,醍醐地域にコミュニティバスを走らせる市民の会,醍醐コミュニティバス　3号　日野方面
柴の里自治会館前,長岡京市,長岡京はっぴぃバス　北東コース
彦林西公園前,長岡京市,長岡京はっぴぃバス　北西コース
上植野浄水場前,向日市,ぐるっとむこうバス南コース
国道毛利橋東・宝酒造前,（株）ケイルック,京都らくなんエクスプレス　R＇EX
伏見警察署前,京阪バス（株）,"6　醍醐BT〜竹田西口, 6　北西裏町〜竹田西口, 6A　京都八〜醍醐BT, 24A京阪淀〜竹田西口"
伏見警察署前,京都市,南3号系統多区間系統
油小路毛利橋・伏見警察署前,（株）ケイルック,京都らくなんエクスプレス　R＇EX
薬師堂,阪急バス（株）,"長岡京線（6、7、48系統）, 長岡京線（10、11系統）, 長岡京線（20、22系統）"
畑町,京都京阪バス（株）,"127・117　東御蔵山循環線, 118・128　東御蔵山循環線"
畑町,京阪バス（株）,"22　六地蔵〜山科駅, 22A　六地蔵〜山科駅, 22A　大宅〜六地蔵"
三町,京都市,22号系統多区間系統
柴の里,阪急バス（株）,長岡京線（10、11系統）
新六地蔵橋,京都京阪バス（株）,"100　御蔵山線, 107　東御蔵山循環線, 127・117　東御蔵山循環線"
新六地蔵橋,京阪バス（株）,"6　醍醐BT〜竹田西口, 6　北西裏町〜竹田西口, 6A　京都八〜醍醐BT"
保健センター前,長岡京市,長岡京はっぴぃバス　北東コース
保健センター前,阪急バス（株）,長岡京線（10、11系統）
乙訓寺前,長岡京市,長岡京はっぴぃバス　北西コース
東町,京阪バス（株）,"3　六地蔵〜醍醐BT, 3　醍醐北西〜六地蔵, 87A　六地蔵〜四烏丸, 87　四烏丸〜六地蔵, 88　四烏丸〜六地蔵, 88B　六地蔵〜三京阪, 312六地蔵〜八条口, 6　醍醐BT〜竹田西口, 6　北西裏町〜竹田西口, 6A　京都八〜醍醐BT"
久我の杜,京都市,"22号系統多区間系統, 南2号系統多区間系統, 特南2号系統多区間系統"
日野薬師,京阪バス（株）,8　六地蔵〜日野誕生院
上長法寺,阪急バス（株）,"長岡京線（6、7、48系統）, 長岡京線（20、22系統）"
農協乙訓支店前,長岡京市,長岡京はっぴぃバス　北西コース
京都橘高校,京阪バス（株）,直通9　橘大学〜丹波橋
町並,京都京阪バス（株）,118・128　東御蔵山循環線
町並,京阪バス（株）,"22　六地蔵〜山科駅, 22A　六地蔵〜山科駅, 22A　大宅〜六地蔵"
JR六地蔵北口,京阪バス（株）,8　六地蔵〜日野誕生院
JR六地蔵北口,京都京阪バス（株）,"100　御蔵山線, 107　東御蔵山循環線, 127・117　東御蔵山循環線"
油小路大手筋,（株）ケイルック,京都らくなんエクスプレス　R＇EX
日野誕生院,京阪バス（株）,8　六地蔵〜日野誕生院
堂ノ前,向日市,ぐるっとむこうバス南コース
堂ノ前,阪急バス（株）,長岡京線（1、3、49系統）
一文橋,長岡京市,長岡京はっぴぃバス　北東コース
一文橋,阪急バス（株）,"長岡京線（1、3、49系統）, 長岡京線（10、11系統）, 長岡京線（80、82系統）"
日野田頬町,京都京阪バス（株）,"127・117　東御蔵山循環線, 118・128　東御蔵山循環線"
御香宮前,京都市,南8号系統多区間系統
西大手筋,京阪バス（株）,"6　醍醐BT〜竹田西口, 6　北西裏町〜竹田西口, 6A　京都八〜醍醐BT, 24A京阪淀〜竹田西口"
西大手筋,京都市,"19号系統多区間系統, 20号系統多区間系統, 22号系統多区間系統, 81号系統均一系統, 南3号系統多区間系統, 南5号系統均一系統, 南8号系統多区間系統"
西大手筋,京都京阪バス（株）,25　大久保中書島線
三栖大黒町,京阪バス（株）,"6　醍醐BT〜竹田西口, 6　北西裏町〜竹田西口, 6A　京都八〜醍醐BT, 24A京阪淀〜竹田西口"
三栖大黒町,京都市,"19号系統多区間系統, 20号系統多区間系統, 22号系統多区間系統, 南3号系統多区間系統, 南8号系統多区間系統"
三栖大黒町,京都京阪バス（株）,25　大久保中書島線
御園,京都京阪バス（株）,"100　御蔵山線, 101　御蔵山線"
JR六地蔵,京都京阪バス（株）,"100　御蔵山線, 101　御蔵山線, 107　東御蔵山循環線, 127・117　東御蔵山循環線, 108　東御蔵山循環線, 118・128　東御蔵山循環線"
JR六地蔵,京阪バス（株）,"22　六地蔵〜山科駅, 22A　六地蔵〜山科駅, 22A　大宅〜六地蔵, 8　六地蔵〜日野誕生院, 直通9　橘大学〜丹波橋"
三栖公園前,京阪バス（株）,"6　醍醐BT〜竹田西口, 6　北西裏町〜竹田西口, 6A　京都八〜醍醐BT, 24A京阪淀〜竹田西口"
三栖公園前,京都市,"19号系統多区間系統, 20号系統多区間系統, 22号系統多区間系統, 南3号系統多区間系統, 南8号系統多区間系統"
三栖公園前,京都京阪バス（株）,25　大久保中書島線
三栖・月桂冠前,（株）ケイルック,京都らくなんエクスプレス　R＇EX
国道大手筋,京阪バス（株）,24A京阪淀〜竹田西口
国道大手筋,京都市,"19号系統多区間系統, 20号系統多区間系統, 22号系統多区間系統, 南3号系統多区間系統, 南8号系統多区間系統"
国道大手筋,京都京阪バス（株）,25　大久保中書島線
幼稚園前,京都京阪バス（株）,"100　御蔵山線, 101　御蔵山線"
桃山,近鉄バス（株）,向島団地線8・9
長法寺,阪急バス（株）,"長岡京線（6、7、48系統）, 長岡京線（20、22系統）"
池ノ尻,向日市,ぐるっとむこうバス南コース
池ノ尻,阪急バス（株）,長岡京線（1、3、49系統）
京阪六地蔵,京阪バス（株）,"22　六地蔵〜山科駅, 22A　六地蔵〜山科駅, 22A　大宅〜六地蔵, 3　六地蔵〜醍醐BT, 3　醍醐北西〜六地蔵, 8　六地蔵〜日野誕生院, 87A　六地蔵〜四烏丸, 87　四烏丸〜六地蔵, 88　四烏丸〜六地蔵, 88B　六地蔵〜三京阪, 312六地蔵〜八条口"
京阪六地蔵,京都京阪バス（株）,"100　御蔵山線, 101　御蔵山線, 107　東御蔵山循環線, 127・117　東御蔵山循環線, 108　東御蔵山循環線, 118・128　東御蔵山循環線"
長法寺篠谷,長岡京市,長岡京はっぴぃバス　北西コース
うぐいす台西,長岡京市,長岡京はっぴぃバス　北西コース
舞塚,阪急バス（株）,"長岡京線（6、7、48系統）, 長岡京線（10、11系統）, 長岡京線（20、22系統）"
桑原,向日市,ぐるっとむこうバス南コース
中住宅,京都京阪バス（株）,"100　御蔵山線, 101　御蔵山線"
桃山南口,京阪バス（株）,"6　醍醐BT〜竹田西口, 6　北西裏町〜竹田西口, 6A　京都八〜醍醐BT"
西山公園体育館前,長岡京市,長岡京はっぴぃバス　北西コース
羽束師志水町,京都市,"20号系統多区間系統, 22号系統多区間系統"
菱川,京都市,"20号系統多区間系統, 22号系統多区間系統, 南2号系統多区間系統, 特南2号系統多区間系統"
菱川,阪急バス（株）,長岡京線（1、3、49系統）
横大路,京都市,22号系統多区間系統
伊賀,京阪バス（株）,"6　醍醐BT〜竹田西口, 6　北西裏町〜竹田西口, 6A　京都八〜醍醐BT"
八丁畷,京阪バス（株）,"26京阪淀〜京都八条口, 24A京阪淀〜竹田西口"
八丁畷,京都市,"20号系統多区間系統, 22号系統多区間系統"
京橋,京都市,"19号系統多区間系統, 20号系統多区間系統, 22号系統多区間系統, 81号系統均一系統, 南3号系統多区間系統, 南5号系統均一系統, 南8号系統多区間系統"
京橋,京都京阪バス（株）,25　大久保中書島線
京橋,京阪バス（株）,"6　醍醐BT〜竹田西口, 6　北西裏町〜竹田西口, 6A　京都八〜醍醐BT, 24A京阪淀〜竹田西口"
桃陵団地前,京都市,南8号系統多区間系統
桃陵団地前,近鉄バス（株）,向島団地線8・9
光風台住宅前,阪急バス（株）,"長岡京線（5、48系統）, 長岡京線（6、7、48系統）"
平尾南,京都京阪バス（株）,"127・117　東御蔵山循環線, 118・128　東御蔵山循環線"
西住宅,京都京阪バス（株）,"100　御蔵山線, 101　御蔵山線"
御蔵山,京都京阪バス（株）,"100　御蔵山線, 101　御蔵山線"
伊賀団地,京阪バス（株）,"6　醍醐BT〜竹田西口, 6　北西裏町〜竹田西口, 6A　京都八〜醍醐BT"
御蔵山参道,京都京阪バス（株）,"107　東御蔵山循環線, 127・117　東御蔵山循環線, 108　東御蔵山循環線, 118・128　東御蔵山循環線"
木幡小学校,京都京阪バス（株）,"107　東御蔵山循環線, 127・117　東御蔵山循環線, 108　東御蔵山循環線, 118・128　東御蔵山循環線"
江戸町,京阪バス（株）,"6　醍醐BT〜竹田西口, 6　北西裏町〜竹田西口, 6A　京都八〜醍醐BT"
観月橋北詰,京阪バス（株）,"6　醍醐BT〜竹田西口, 6　北西裏町〜竹田西口, 6A　京都八〜醍醐BT"
空谷橋,高槻市,田能
東御蔵山,京都京阪バス（株）,"107　東御蔵山循環線, 127・117　東御蔵山循環線, 108　東御蔵山循環線, 118・128　東御蔵山循環線"
東台,阪急バス（株）,"長岡京線（5、48系統）, 長岡京線（8、9系統）, 長岡京線（20、22系統）"
河陽が丘二丁目中,長岡京市,長岡京はっぴぃバス　西コース
樋爪口,京都市,"20号系統多区間系統, 南2号系統多区間系統, 特南2号系統多区間系統"
中書島,京都市,"19号系統多区間系統, 20号系統多区間系統, 22号系統多区間系統, 81号系統均一系統, 南3号系統多区間系統, 南5号系統均一系統, 南8号系統多区間系統"
中書島,京都京阪バス（株）,"25NS　イオン中島線, 25　大久保中書島線"
中書島,京阪バス（株）,"6　醍醐BT〜竹田西口, 6　北西裏町〜竹田西口, 6A　京都八〜醍醐BT, 24A京阪淀〜竹田西口"
河陽が丘二丁目（美竹台住宅前）,長岡京市,長岡京はっぴぃバス　西コース
美竹台住宅前,阪急バス（株）,"長岡京線（5、48系統）, 長岡京線（6、7、48系統）"
金草原,京都京阪バス（株）,"107　東御蔵山循環線, 127・117　東御蔵山循環線, 108　東御蔵山循環線, 118・128　東御蔵山循環線"
南平尾,長岡京市,長岡京はっぴぃバス　北西コース
南平尾,阪急バス（株）,長岡京線（8、9系統）
文化センター前,阪急バス（株）,"長岡京線（6、7、48系統）, 長岡京線（10、11系統）, 長岡京線（20、22系統）"
工業団地前,京都市,"南2号系統多区間系統, 特南2号系統多区間系統"
工業団地前,阪急バス（株）,長岡京線（12、19系統）
見場走り,阪急バス（株）,長岡京線（12、19系統）
馬場,阪急バス（株）,"忍頂寺車作線（81、85、181系統）, 長岡京線（1、3、49系統）, 長岡京線（12、19系統）"
文化センター前,長岡京市,長岡京はっぴぃバス　北西コース
馬場,京都市,"南2号系統多区間系統, 特南2号系統多区間系統"
横大路,京阪バス（株）,"26京阪淀〜京都八条口, 24A京阪淀〜竹田西口"
府道横大路,京都市,"20号系統多区間系統, 22号系統多区間系統"
横大路車庫前,京都市,"19号系統多区間系統, 20号系統多区間系統, 22号系統多区間系統, 81号系統均一系統, 南3号系統多区間系統, 南5号系統均一系統, 南8号系統多区間系統"
下三栖,京都市,"19号系統多区間系統, 20号系統多区間系統, 22号系統多区間系統, 81号系統均一系統, 南3号系統多区間系統, 南5号系統均一系統"
河陽が丘一丁目,長岡京市,長岡京はっぴぃバス　西コース
東宇治高校,京都京阪バス（株）,"107　東御蔵山循環線, 127・117　東御蔵山循環線, 108　東御蔵山循環線, 118・128　東御蔵山循環線"
東御蔵山中央,京都京阪バス（株）,"107　東御蔵山循環線, 127・117　東御蔵山循環線, 108　東御蔵山循環線, 118・128　東御蔵山循環線"
阪急長岡天神駅,長岡京市,"長岡京はっぴぃバス　北東コース, 長岡京はっぴぃバス　西コース, 長岡京はっぴぃバス　北西コース"
阪急長岡天神駅,阪急バス（株）,"長岡京線（1、3、49系統）, 長岡京線（5、48系統）, 長岡京線（6、7、48系統）, 長岡京線（8、9系統）, 長岡京線（10、11系統）, 長岡京線（12、19系統）, 長岡京線（20、22系統）, 長岡京線（80、82系統）"
開田,長岡京市,"長岡京はっぴぃバス　北東コース, 長岡京はっぴぃバス　西コース, 長岡京はっぴぃバス　北西コース"
開田,阪急バス（株）,"長岡京線（1、3、49系統）, 長岡京線（5、48系統）, 長岡京線（6、7、48系統）, 長岡京線（8、9系統）, 長岡京線（12、19系統）, 長岡京線（20、22系統）, 長岡京線（80、82系統）"
長岡京市役所前,長岡京市,"長岡京はっぴぃバス　北東コース, 長岡京はっぴぃバス　西コース, 長岡京はっぴぃバス　北西コース"
長岡京市役所前,阪急バス（株）,"長岡京線（1、3、49系統）, 長岡京線（5、48系統）, 長岡京線（6、7、48系統）, 長岡京線（8、9系統）, 長岡京線（10、11系統）, 長岡京線（12、19系統）, 長岡京線（20、22系統）, 長岡京線（80、82系統）"
一里塚,阪急バス（株）,"長岡京線（1、3、49系統）, 長岡京線（5、48系統）, 長岡京線（6、7、48系統）, 長岡京線（8、9系統）, 長岡京線（10、11系統）, 長岡京線（12、19系統）, 長岡京線（20、22系統）, 長岡京線（80、82系統）"
西陣町,阪急バス（株）,"長岡京線（1、3、49系統）, 長岡京線（5、48系統）, 長岡京線（6、7、48系統）, 長岡京線（8、9系統）, 長岡京線（20、22系統）"
京阪中書島,京阪バス（株）,"6　醍醐BT〜竹田西口, 6　北西裏町〜竹田西口, 6A　京都八〜醍醐BT, 24A京阪淀〜竹田西口, 中書島〜草IC〜BKC"
京阪中書島,京阪京都交通（株）,龍谷大学線
京阪中書島,京都京阪バス（株）,25　大久保中書島線
樋爪口,阪急バス（株）,長岡京線（12、19系統）
京阪中書島・伏見港公園,京都市,"20号系統多区間系統, 22号系統多区間系統, 81号系統均一系統, 南3号系統多区間系統, 南8号系統多区間系統"
天神二丁目,阪急バス（株）,"長岡京線（1、3、49系統）, 長岡京線（8、9系統）"
頼政道,京都京阪バス（株）,"107　東御蔵山循環線, 127・117　東御蔵山循環線, 108　東御蔵山循環線, 118・128　東御蔵山循環線"
太鼓山,長岡京市,長岡京はっぴぃバス　西コース
太鼓山,阪急バス（株）,"長岡京線（5、48系統）, 長岡京線（6、7、48系統）, 長岡京線（8、9系統）"
明神前,阪急バス（株）,"長岡京線（5、48系統）, 長岡京線（6、7、48系統）, 長岡京線（8、9系統）"
上ノ町,長岡京市,長岡京はっぴぃバス　西コース
上ノ町,阪急バス（株）,長岡京線（8、9系統）
免許試験場前,京都市,"20号系統多区間系統, 南2号系統多区間系統"
免許試験場前,阪急バス（株）,長岡京線（12、19系統）
古市,長岡京市,102系統（東和苑循環）
長岡天満宮前,長岡京市,"長岡京はっぴぃバス　北東コース, 長岡京はっぴぃバス　西コース, 長岡京はっぴぃバス　北西コース"
長岡天満宮前,阪急バス（株）,"長岡京線（1、3、49系統）, 長岡京線（12、19系統）, 長岡京線（80、82系統）"
産業文化会館前,長岡京市,"長岡京はっぴぃバス　西コース, 長岡京はっぴぃバス　北西コース"
洛水高校前,京都市,20号系統多区間系統
イズミヤ前（阪急長岡天神南）,長岡京市,"長岡京はっぴぃバス　西コース, 長岡京はっぴぃバス　北西コース"
阪急長岡天神駅南,阪急バス（株）,長岡京線（12、19系統）
JR長岡京駅（西口）,長岡京市,"長岡京はっぴぃバス　北東コース, 長岡京はっぴぃバス　西コース, 長岡京はっぴぃバス　北西コース"
JR長岡京駅（西口）,京都京阪バス（株）・阪急バス（株）,長岡京淀線（90系統）
JR長岡京駅（西口）,阪急バス（株）,"長岡京線（1、3、49系統）, 長岡京線（5、48系統）, 長岡京線（6、7、48系統）, 長岡京線（8、9系統）, 長岡京線（10、11系統）, 長岡京線（12、19系統）, 長岡京線（20、22系統）, 長岡京線（80、82系統）"
千春会病院前（JR駅前通り）,長岡京市,"長岡京はっぴぃバス　北東コース, 長岡京はっぴぃバス　西コース, 長岡京はっぴぃバス　北西コース"
JR駅前通り,京都京阪バス（株）・阪急バス（株）,長岡京淀線（90系統）
JR駅前通り,阪急バス（株）,"長岡京線（1、3、49系統）, 長岡京線（5、48系統）, 長岡京線（6、7、48系統）, 長岡京線（8、9系統）, 長岡京線（10、11系統）, 長岡京線（12、19系統）, 長岡京線（20、22系統）, 長岡京線（80、82系統）"
JR長岡京駅（東口）,阪急バス（株）,"長岡京線（1、3、49系統）, 長岡京線（12、19系統）"
向島,近鉄バス（株）,向島団地線8・9
東和苑,長岡京市,102系統（東和苑循環）
JR長岡京東口,京都市,"南2号系統多区間系統, 特南2号系統多区間系統"
JR長岡京東口,長岡京市,"101系統（城の里循環）, 102系統（東和苑循環）"
鈴谷口,長岡京市,長岡京はっぴぃバス　西コース
梅ヶ丘,阪急バス（株）,"長岡京線（1、3、49系統）, 長岡京線（8、9系統）"
丸町東,近鉄バス（株）,"向島団地線8・9, 向島団地線4, 向島団地線12"
上樋爪,京都市,20号系統多区間系統
桜橋（奥海印寺）,長岡京市,長岡京はっぴぃバス　西コース
奥海印寺,阪急バス（株）,長岡京線（8、9系統）
藤ノ木町,近鉄バス（株）,"向島団地線8・9, 向島団地線4, 向島団地線12"
海印寺,阪急バス（株）,"長岡京線（1、3、49系統）, 長岡京線（8、9系統）"
丸町,近鉄バス（株）,"向島団地線8・9, 向島団地線4, 向島団地線12"
芝本,京都市,"南2号系統多区間系統, 特南2号系統多区間系統"
芝本,阪急バス（株）,長岡京線（1、3、49系統）
芝本,長岡京市,"101系統（城の里循環）, 102系統（東和苑循環）"
藤ノ木南,近鉄バス（株）,"向島団地線8・9, 向島団地線4, 向島団地線12"
梅が丘二丁目,長岡京市,長岡京はっぴぃバス　北西コース
花山住宅前,長岡京市,"長岡京はっぴぃバス　北東コース, 長岡京はっぴぃバス　西コース, 長岡京はっぴぃバス　北西コース"
花山住宅前,阪急バス（株）,"長岡京線（1、3、49系統）, 長岡京線（80、82系統）"
鷹場町東,近鉄バス（株）,"向島団地線8・9, 向島団地線4, 向島団地線12"
南横大路,京阪バス（株）,"26京阪淀〜京都八条口, 24A京阪淀〜竹田西口"
南横大路（さすてな京都前）,京都市,20号系統多区間系統
四ツ谷池,京都京阪バス（株）,10・10A・10B　小倉向島線
四ツ谷池,近鉄バス（株）,"向島団地線8・9, 向島団地線4, 向島団地線2"
四ツ谷池,奈良交通（株）,76　向島駅ー大川原
センター北,近鉄バス（株）,"向島団地線8・9, 向島団地線4, 向島団地線2"
二ノ丸西,近鉄バス（株）,向島団地線4
金ヶ原口,阪急バス（株）,長岡京線（1、3、49系統）
こがねが丘,長岡京市,長岡京はっぴぃバス　西コース
二ノ丸北,近鉄バス（株）,"向島団地線8・9, 向島団地線4, 向島団地線2"
神足,長岡京市,101系統（城の里循環）
清水町北,近鉄バス（株）,"向島団地線8・9, 向島団地線4, 向島団地線12"
上島,近鉄バス（株）,向島団地線8・9
横山,長岡京市,長岡京はっぴぃバス　北西コース
清水ケ口,長岡京市,長岡京はっぴぃバス　北東コース
清水ヶ口,京都京阪バス（株）・阪急バス（株）,長岡京淀線（90系統）
清水ヶ口,阪急バス（株）,"長岡京線（5、48系統）, 長岡京線（6、7、48系統）"
友岡,長岡京市,"長岡京はっぴぃバス　北東コース, 長岡京はっぴぃバス　西コース, 長岡京はっぴぃバス　北西コース"
友岡,阪急バス（株）,"長岡京線（1、3、49系統）, 長岡京線（80、82系統）"
勝竜寺城公園前,阪急バス（株）,長岡京線（12、19系統）
勝竜寺城公園前,長岡京市,101系統（城の里循環）
二ノ丸,近鉄バス（株）,"向島団地線8・9, 向島団地線4, 向島団地線2"
清水町,近鉄バス（株）,"向島団地線8・9, 向島団地線4, 向島団地線12"
西条,長岡京市,長岡京はっぴぃバス　西コース
センター前,近鉄バス（株）,"向島団地線8・9, 向島団地線4, 向島団地線2, 向島団地線12"
清水町西,近鉄バス（株）,"向島団地線8・9, 向島団地線4, 向島団地線12"
金ヶ原中,阪急バス（株）,長岡京線（1、3、49系統）
上島南,奈良交通（株）,76　向島駅ー大川原
上島南,近鉄バス（株）,"向島団地線8・9, 向島団地線4, 向島団地線12"
二ノ丸中,近鉄バス（株）,"向島団地線8・9, 向島団地線4, 向島団地線2"
伊賀寺,長岡京市,長岡京はっぴぃバス　西コース
富ノ森,京阪バス（株）,"26京阪淀〜京都八条口, 24A京阪淀〜竹田西口"
富ノ森,京都市,20号系統多区間系統
高台西口,長岡京市,長岡京はっぴぃバス　西コース
樋爪町,京都市,20号系統多区間系統
上島西,近鉄バス（株）,"向島団地線2, 向島団地線12"
上島西,京都京阪バス（株）,10・10A・10B　小倉向島線
金ヶ原湯川酒店前,長岡京市,長岡京はっぴぃバス　西コース
長岡第四中学校前,長岡京市,長岡京はっぴぃバス　西コース
泉が丘口,長岡京市,長岡京はっぴぃバス　西コース
城の里東,長岡京市,101系統（城の里循環）
東浦,長岡京市,長岡京はっぴぃバス　北東コース
東浦,京都京阪バス（株）・阪急バス（株）,長岡京淀線（90系統）
東浦,阪急バス（株）,"長岡京線（5、48系統）, 長岡京線（6、7、48系統）"
城の里中,長岡京市,101系統（城の里循環）
泉が丘,長岡京市,長岡京はっぴぃバス　西コース
高台西,長岡京市,長岡京はっぴぃバス　西コース
京都済生会病院,長岡京市,"長岡京はっぴぃバス　北東コース, 長岡京はっぴぃバス　西コース, 長岡京はっぴぃバス　北西コース"
京都済生会病院,阪急バス（株）,"長岡京線（1、3、49系統）, 長岡京線（80、82系統）"
二ノ丸小学校前,近鉄バス（株）,"向島団地線2, 向島団地線12"
二ノ丸小学校前,京都京阪バス（株）,10・10A・10B　小倉向島線
大門橋,阪急バス（株）,長岡京線（12、19系統）
大門橋,長岡京市,101系統（城の里循環）
向島駅前,近鉄バス（株）,"向島団地線8・9, 向島団地線4, 向島団地線2, 向島団地線12"
向島駅,奈良交通（株）,"75　大川原ー向島駅, 76　向島駅ー大川原"
近鉄向島,京都京阪バス（株）,10・10A・10B　小倉向島線
金ヶ原,阪急バス（株）,長岡京線（1、3、49系統）
京都文教前,奈良交通（株）,76　向島駅ー大川原
京都文教前,京都京阪バス（株）,10・10A・10B　小倉向島線
納所岸ノ下,京都市,20号系統多区間系統
水垂町,京都市,20号系統多区間系統
小倉橋,阪急バス（株）,"長岡京線（1、3、49系統）, 長岡京線（80、82系統）"
阪急西山天王山駅,京都京阪バス（株）・阪急バス（株）,長岡京淀線（90系統）
阪急西山天王山駅,阪急バス（株）,"長岡京線（1、3、49系統）, 長岡京線（5、48系統）, 長岡京線（6、7、48系統）, 長岡京線（80、82系統）"
JR黄檗駅,京都京阪バス（株）,"103・240・250・240A・250A　黄檗宇治大久保線, 109　黄檗台循環線, 41A・45A・45　宇治太陽が丘線"
第二大山崎小学校前,阪急バス（株）,長岡京線（1、3、49系統）
円明寺ヶ丘,阪急バス（株）,"長岡京線（1、3、49系統）, 長岡京線（80、82系統）"
目川,京都京阪バス（株）,10・10A・10B　小倉向島線
目川,奈良交通（株）,"75　大川原ー向島駅, 76　向島駅ー大川原"
黄檗公園,京都京阪バス（株）,"103・240・250・240A・250A　黄檗宇治大久保線, 109　黄檗台循環線, 41A・45A・45　宇治太陽が丘線"
調子,京都京阪バス（株）・阪急バス（株）,長岡京淀線（90系統）
調子,阪急バス（株）,"長岡京線（5、48系統）, 長岡京線（6、7、48系統）"
平野町,京都京阪バス（株）,"103・240・250・240A・250A　黄檗宇治大久保線, 109　黄檗台循環線, 41A・45A・45　宇治太陽が丘線"
久貝,京都京阪バス（株）・阪急バス（株）,長岡京淀線（90系統）
久貝,阪急バス（株）,"長岡京線（5、48系統）, 長岡京線（6、7、48系統）"
納所北城堀,京阪バス（株）,"26京阪淀〜京都八条口, 24A京阪淀〜竹田西口"
納所北城堀,京都市,20号系統多区間系統
落合橋,京都京阪バス（株）・阪急バス（株）,長岡京淀線（90系統）
落合橋,阪急バス（株）,"長岡京線（5、48系統）, 長岡京線（6、7、48系統）, 長岡京線（12、19系統）"
洛西浄化センター,京都京阪バス（株）,13　淀山崎線
洛西浄化センター,京都京阪バス（株）・阪急バス（株）,長岡京淀線（90系統）
宮前橋西詰,京都市,20号系統多区間系統
自治会館前,阪急バス（株）,長岡京線（80、82系統）
小泉橋,阪急バス（株）,長岡京線（80、82系統）
羽戸山3丁目,京都京阪バス（株）,"103・240・250・240A・250A　黄檗宇治大久保線, 109　黄檗台循環線"
大下津,京都京阪バス（株）,13　淀山崎線
大下津,京都京阪バス（株）・阪急バス（株）,長岡京淀線（90系統）
二番割,京都京阪バス（株）,"103・240・250・240A・250A　黄檗宇治大久保線, 109　黄檗台循環線, 41A・45A・45　宇治太陽が丘線"
里ノ後,阪急バス（株）,長岡京線（80、82系統）
大川原,京都京阪バス（株）,10・10A・10B　小倉向島線
大川原,奈良交通（株）,"75　大川原ー向島駅, 76　向島駅ー大川原"
西法寺,阪急バス（株）,長岡京線（80、82系統）
莵道高校,京都京阪バス（株）,"103・240・250・240A・250A　黄檗宇治大久保線, 109　黄檗台循環線, 41A・45A・45　宇治太陽が丘線"
納所町,京阪バス（株）,"26京阪淀〜京都八条口, 24A京阪淀〜竹田西口"
納所町,京都市,20号系統多区間系統
小畑橋,京都京阪バス（株）,13　淀山崎線
小畑橋,阪急バス（株）,"長岡京線（5、48系統）, 長岡京線（6、7、48系統）, 長岡京線（12、19系統）"
羽戸山2丁目,京都京阪バス（株）,"103・240・250・240A・250A　黄檗宇治大久保線, 109　黄檗台循環線, 41A・45A・45　宇治太陽が丘線"
円明寺,阪急バス（株）,長岡京線（80、82系統）
京阪淀駅,京都市,20号系統多区間系統
京阪淀駅,京都京阪バス（株）,"13　淀山崎線, 21・21A・21B・21D　宇治大久保淀線"
京阪淀駅,京都京阪バス（株）・阪急バス（株）,長岡京淀線（90系統）
京阪淀駅,京阪バス（株）,"26京阪淀〜京都八条口, 24A京阪淀〜竹田西口"
黄檗台,京都京阪バス（株）,"103・240・250・240A・250A　黄檗宇治大久保線, 109　黄檗台循環線, 41A・45A・45　宇治太陽が丘線"
槇島コミセン,京都京阪バス（株）,10・10A・10B　小倉向島線
大山崎町体育館前,阪急バス（株）,"長岡京線（5、48系統）, 長岡京線（6、7、48系統）, 長岡京線（12、19系統）"
名神大山崎,京都京阪バス（株）,13　淀山崎線
隼上り,京都京阪バス（株）,"103・240・250・240A・250A　黄檗宇治大久保線, 109　黄檗台循環線, 41A・45A・45　宇治太陽が丘線"
淀下津町,京都京阪バス（株）,21・21A・21B・21D　宇治大久保淀線
徳洲会病院,京都京阪バス（株）,10・10A・10B　小倉向島線
東いもあらい,京都京阪バス（株）,25　大久保中書島線
淀木津町,京都京阪バス（株）,21・21A・21B・21D　宇治大久保淀線
三軒家,京都京阪バス（株）,10・10A・10B　小倉向島線
森本,京都京阪バス（株）,"103・240・250・240A・250A　黄檗宇治大久保線, 41A・45A・45　宇治太陽が丘線"
新山崎橋,京都京阪バス（株）,13　淀山崎線
新山崎橋,阪急バス（株）,"若山台線（40、41、50、51系統）, 長岡京線（5、48系統）, 長岡京線（6、7、48系統）, 長岡京線（12、19系統）"
大山崎町役場前,阪急バス（株）,長岡京線（80、82系統）
淀新町,京都京阪バス（株）,21・21A・21B・21D　宇治大久保淀線
三室戸,京都京阪バス（株）,"103・240・250・240A・250A　黄檗宇治大久保線, 41A・45A・45　宇治太陽が丘線"
三室戸,明星町自治会,折居台明星町線「明星レインボウバス」
谷下り,明星町自治会,折居台明星町線「明星レインボウバス」
門前,明星町自治会,折居台明星町線「明星レインボウバス」
山崎聖天前,阪急バス（株）,長岡京線（80、82系統）
明星町北口,明星町自治会,折居台明星町線「明星レインボウバス」
三室戸小学校前,明星町自治会,折居台明星町線「明星レインボウバス」
莵道荒槙,京都京阪バス（株）,"103・240・250・240A・250A　黄檗宇治大久保線, 41A・45A・45　宇治太陽が丘線"
莵道荒槙,明星町自治会,折居台明星町線「明星レインボウバス」
宇治明星園,明星町自治会,折居台明星町線「明星レインボウバス」
明星町1丁目,明星町自治会,折居台明星町線「明星レインボウバス」
小倉,京都京阪バス（株）,10・10A・10B　小倉向島線
明星町2丁目,明星町自治会,折居台明星町線「明星レインボウバス」
北川顔,京都京阪バス（株）,21・21A・21B・21D　宇治大久保淀線
京阪宇治駅,明星町自治会,折居台明星町線「明星レインボウバス」
京阪宇治駅,京都京阪バス（株）,"103・240・250・240A・250A　黄檗宇治大久保線, 21・21A・21B・21D　宇治大久保淀線, 27　宇治大久保淀線, 41A・45A・45　宇治太陽が丘線, 44　宇治太陽が丘線, 180・180B　立場線, 182・184　立場線, 186　奥山田正寿院口線"
近鉄小倉,京都京阪バス（株）,10・10A・10B　小倉向島線
明星町3丁目,明星町自治会,折居台明星町線「明星レインボウバス」
明星町東口,明星町自治会,折居台明星町線「明星レインボウバス」
国道大山崎,阪急バス（株）,若山台線（40、41、50、51系統）
阪急大山崎,京都京阪バス（株）,13　淀山崎線
阪急大山崎駅,阪急バス（株）,長岡京線（80、82系統）
JR山崎駅,京都京阪バス（株）,13　淀山崎線
JR山崎駅,阪急バス（株）,長岡京線（80、82系統）
宇治橋西詰,明星町自治会,折居台明星町線「明星レインボウバス」
宇治橋西詰,京都京阪バス（株）,"103・240・250・240A・250A　黄檗宇治大久保線, 21・21A・21B・21D　宇治大久保淀線, 27　宇治大久保淀線, 41A・45A・45　宇治太陽が丘線, 44　宇治太陽が丘線, 180・180B　立場線, 182・184　立場線, 186　奥山田正寿院口線"
まちの駅イオン久御山店前,京都京阪バス（株）,"25NS　イオン中島線, 24NS　イオン大久保線, 25　大久保中書島線, 26B　大久保中書島線, 17・17A　イオン松井山手線, 17NS　イオン松井山手線"
JR宇治駅,明星町自治会,折居台明星町線「明星レインボウバス」
JR宇治駅,京都京阪バス（株）,"103・240・250・240A・250A　黄檗宇治大久保線, 21・21A・21B・21D　宇治大久保淀線, 27　宇治大久保淀線, 41A・45A・45　宇治太陽が丘線, 44　宇治太陽が丘線, 180・180B　立場線, 182・184　立場線, 186　奥山田正寿院口線"
藤和田,京都京阪バス（株）,21・21A・21B・21D　宇治大久保淀線
総合庁舎前,京都京阪バス（株）,"103・240・250・240A・250A　黄檗宇治大久保線, 21・21A・21B・21D　宇治大久保淀線, 27　宇治大久保淀線, 41A・45A・45　宇治太陽が丘線, 44　宇治太陽が丘線, 180・180B　立場線, 182・184　立場線, 186　奥山田正寿院口線"
総合庁舎前,明星町自治会,折居台明星町線「明星レインボウバス」
野村口,京都京阪バス（株）,"25　大久保中書島線, 26B　大久保中書島線, 17・17A　イオン松井山手線"
宇治市役所,明星町自治会,折居台明星町線「明星レインボウバス」
宇治市役所,京都京阪バス（株）,"103・240・250・240A・250A　黄檗宇治大久保線, 41A・45A・45　宇治太陽が丘線, 44　宇治太陽が丘線, 180・180B　立場線, 182・184　立場線, 186　奥山田正寿院口線"
生津,京都京阪バス（株）,21・21A・21B・21D　宇治大久保淀線
橋本東山本,八幡市,橋本東山本〜市民体育館
西町,京都京阪バス（株）,"21・21A・21B・21D　宇治大久保淀線, 27　宇治大久保淀線"
石清水八幡宮駅,京阪バス（株）,"32くずは〜八幡, 33戸津〜八幡, 33西戸津〜八幡, 41くずは〜八幡, 八幡循環, 73A八幡〜内里南, 74八幡〜新田辺, 79八幡〜三野, 74A八幡〜田辺市役所, 74B八幡〜市役所宝無, 75C八幡〜新田辺, 76八幡〜岩田南, 76B八幡〜池嶋, 77八幡〜男山車庫, 78B男山車庫〜八幡"
新タマキ,京都京阪バス（株）,"25　大久保中書島線, 26B　大久保中書島線, 17・17A　イオン松井山手線"
かもしか公園前,八幡市,橋本東山本〜市民体育館
島田,京都京阪バス（株）,21・21A・21B・21D　宇治大久保淀線
琵琶台口,京都京阪バス（株）,"103・240・250・240A・250A　黄檗宇治大久保線, 41A・45A・45　宇治太陽が丘線, 44　宇治太陽が丘線, 180・180B　立場線, 182・184　立場線, 186　奥山田正寿院口線"
琵琶台口,明星町自治会,折居台明星町線「明星レインボウバス」
旦所,京阪バス（株）,"32くずは〜八幡, 33戸津〜八幡, 33西戸津〜八幡, 41くずは〜八幡, 八幡循環, 73A八幡〜内里南, 74八幡〜新田辺, 79八幡〜三野, 74A八幡〜田辺市役所, 74B八幡〜市役所宝無, 75C八幡〜新田辺, 76八幡〜岩田南, 76B八幡〜池嶋, 77八幡〜男山車庫, 78B男山車庫〜八幡"
久御山工業団地,京都京阪バス（株）,"25　大久保中書島線, 26B　大久保中書島線, 17・17A　イオン松井山手線"
久御山町役場前,京都京阪バス（株）,21・21A・21B・21D　宇治大久保淀線
橋本栗ヶ谷,八幡市,橋本東山本〜市民体育館
久御山工業団地東,京都京阪バス（株）,"25　大久保中書島線, 26B　大久保中書島線, 17・17A　イオン松井山手線"
佐古,京都京阪バス（株）,"25　大久保中書島線, 26B　大久保中書島線"
城南荘前,京都京阪バス（株）,"21・21A・21B・21D　宇治大久保淀線, 27　宇治大久保淀線"
久御山団地,京都京阪バス（株）,"22C　宇治久美山団地線, 25　大久保中書島線, 26　大久保中書島線, 26B　大久保中書島線"
京阪橋本,京阪バス（株）,"13Bくずは〜京阪橋本, 78A男山車庫〜橋本"
琵琶台3丁目,京都京阪バス（株）,"103・240・250・240A・250A　黄檗宇治大久保線, 41A・45A・45　宇治太陽が丘線, 180・180B　立場線"
西栄町,京都京阪バス（株）,"25　大久保中書島線, 26　大久保中書島線, 26B　大久保中書島線"
栄町（久御山町）,京都京阪バス（株）,"25　大久保中書島線, 26　大久保中書島線, 26B　大久保中書島線"
田井,京都京阪バス（株）,21・21A・21B・21D　宇治大久保淀線
新成田,京都京阪バス（株）,"25　大久保中書島線, 26　大久保中書島線, 26B　大久保中書島線"
緑ヶ原,京都京阪バス（株）,"25　大久保中書島線, 26　大久保中書島線, 26B　大久保中書島線"
宇治文化センター,京都京阪バス（株）,"41A・45A・45　宇治太陽が丘線, 44　宇治太陽が丘線, 180・180B　立場線, 182・184　立場線, 186　奥山田正寿院口線"
宇治文化センター,明星町自治会,折居台明星町線「明星レインボウバス」
八幡小学校前,八幡市,橋本東山本〜市民体育館
八幡小学校前,京阪バス（株）,"32くずは〜八幡, 33戸津〜八幡, 33西戸津〜八幡, 41くずは〜八幡, 八幡循環, 73A八幡〜内里南, 74八幡〜新田辺, 79八幡〜三野, 74A八幡〜田辺市役所, 74B八幡〜市役所宝無, 75C八幡〜新田辺, 76八幡〜岩田南, 76B八幡〜池嶋, 77八幡〜男山車庫, 78B男山車庫〜八幡"
森,八幡市,橋本東山本〜市民体育館
森,京阪バス（株）,"八幡循環, 73A八幡〜内里南, 74八幡〜新田辺, 79八幡〜三野, 74A八幡〜田辺市役所, 74B八幡〜市役所宝無, 75C八幡〜新田辺, 76八幡〜岩田南, 76B八幡〜池嶋"
八幡東浦,八幡市,橋本東山本〜市民体育館
八幡東浦,京阪バス（株）,"八幡循環, 73A八幡〜内里南, 74八幡〜新田辺, 79八幡〜三野, 74A八幡〜田辺市役所, 74B八幡〜市役所宝無, 75C八幡〜新田辺, 76八幡〜岩田南, 76B八幡〜池嶋"
琵琶台1丁目,京都京阪バス（株）,103・240・250・240A・250A　黄檗宇治大久保線
琵琶台2丁目,京都京阪バス（株）,"103・240・250・240A・250A　黄檗宇治大久保線, 41A・45A・45　宇治太陽が丘線, 180・180B　立場線"
小西,八幡市,橋本東山本〜市民体育館
小西,京阪バス（株）,"八幡循環, 73A八幡〜内里南, 74八幡〜新田辺, 79八幡〜三野, 74A八幡〜田辺市役所, 74B八幡〜市役所宝無, 75C八幡〜新田辺, 76八幡〜岩田南, 76B八幡〜池嶋"
川口,京阪バス（株）,"八幡循環, 73A八幡〜内里南, 74八幡〜新田辺, 79八幡〜三野, 74A八幡〜田辺市役所, 74B八幡〜市役所宝無, 75C八幡〜新田辺, 76八幡〜岩田南, 76B八幡〜池嶋"
神明,京都京阪バス（株）,"21・21A・21B・21D　宇治大久保淀線, 27　宇治大久保淀線"
あらかし近隣公園前,八幡市,橋本東山本〜市民体育館
下津屋,京都京阪バス（株）,21・21A・21B・21D　宇治大久保淀線
塩釜,京阪バス（株）,"13Bくずは〜京阪橋本, 78A男山車庫〜橋本"
久御山団地南,京都京阪バス（株）,22C　宇治久美山団地線
小根尾,京都京阪バス（株）,103・240・250・240A・250A　黄檗宇治大久保線
宇治支援学校,京都京阪バス（株）,"21・21A・21B・21D　宇治大久保淀線, 27　宇治大久保淀線"
小宮,京阪バス（株）,"八幡循環, 73A八幡〜内里南, 74八幡〜新田辺, 79八幡〜三野, 74A八幡〜田辺市役所, 74B八幡〜市役所宝無, 75C八幡〜新田辺, 76八幡〜岩田南, 76B八幡〜池嶋"
明野,八幡市,橋本東山本〜市民体育館
明野,京阪バス（株）,"13Bくずは〜京阪橋本, 78A男山車庫〜橋本"
八幡市役所前,京阪バス（株）,"32くずは〜八幡, 33戸津〜八幡, 33西戸津〜八幡, 41くずは〜八幡, 77八幡〜男山車庫, 78B男山車庫〜八幡"
太陽が丘ゲート前,京都京阪バス（株）,"41A・45A・45　宇治太陽が丘線, 44　宇治太陽が丘線, 180・180B　立場線, 182・184　立場線, 186　奥山田正寿院口線"
JR新田駅,京都京阪バス（株）,"21・21A・21B・21D　宇治大久保淀線, 27　宇治大久保淀線"
下津屋口,京都京阪バス（株）,21・21A・21B・21D　宇治大久保淀線
川口萩原,八幡市,橋本東山本〜市民体育館
川口別所,八幡市,橋本東山本〜市民体育館
近鉄大久保,京都京阪バス（株）,"22C　宇治久美山団地線, 24NS　イオン大久保線, 25　大久保中書島線, 26　大久保中書島線, 26B　大久保中書島線, 20　佐山大久保線, 103・240・250・240A・250A　黄檗宇治大久保線, 21・21A・21B・21D　宇治大久保淀線, 27　宇治大久保淀線, 220　大久保太陽が丘線, 58A　大久保宮ノ谷線"
市役所庁舎前（八幡市）,八幡市,橋本東山本〜市民体育館
佐山,京都京阪バス（株）,"20　佐山大久保線, 21・21A・21B・21D　宇治大久保淀線"
久御山団地口,京都京阪バス（株）,"20　佐山大久保線, 21・21A・21B・21D　宇治大久保淀線"
橋本東刈又,八幡市,橋本東山本〜市民体育館
林,京都京阪バス（株）,"22C　宇治久美山団地線, 20　佐山大久保線, 21・21A・21B・21D　宇治大久保淀線"
京都岡本記念病院,京都京阪バス（株）,"17・17A　イオン松井山手線, 20　佐山大久保線"
日産車体前,京都京阪バス（株）,"22C　宇治久美山団地線, 20　佐山大久保線, 21・21A・21B・21D　宇治大久保淀線"
緑ヶ原口,京都京阪バス（株）,"22C　宇治久美山団地線, 25　大久保中書島線, 26　大久保中書島線, 26B　大久保中書島線, 20　佐山大久保線, 21・21A・21B・21D　宇治大久保淀線"
橋本小学校,京阪バス（株）,"13Bくずは〜京阪橋本, 78A男山車庫〜橋本"
白川峠,京都京阪バス（株）,"180・180B　立場線, 182・184　立場線, 186　奥山田正寿院口線"
大久保小学校,京都京阪バス（株）,"103・240・250・240A・250A　黄檗宇治大久保線, 220　大久保太陽が丘線"
JR新田駅南口,京都京阪バス（株）,"103・240・250・240A・250A　黄檗宇治大久保線, 220　大久保太陽が丘線"
太陽が丘西ゲート前,京都京阪バス（株）,103・240・250・240A・250A　黄檗宇治大久保線
八幡郵便局前,京阪バス（株）,"33戸津〜八幡, 33西戸津〜八幡, 41くずは〜八幡, 78B男山車庫〜八幡"
男山雄徳,八幡市,橋本東山本〜市民体育館
走上り,京阪バス（株）,"33戸津〜八幡, 33西戸津〜八幡, 41くずは〜八幡, 78B男山車庫〜八幡"
広野町宮谷,京都京阪バス（株）,"103・240・250・240A・250A　黄檗宇治大久保線, 220　大久保太陽が丘線"
下奈良,京阪バス（株）,"八幡循環, 73A八幡〜内里南, 74八幡〜新田辺, 79八幡〜三野, 74A八幡〜田辺市役所, 74B八幡〜市役所宝無, 75C八幡〜新田辺, 76八幡〜岩田南, 76B八幡〜池嶋"
おさ田,八幡市,橋本東山本〜市民体育館
おさ田,京阪バス（株）,"32くずは〜八幡, 77八幡〜男山車庫"
男山車庫,京阪バス（株）,"9男山北右回り, 10男山北左回り, 12男山車庫〜くずは, 14くずは〜男山車庫, 10さくら小〜くずは, 11B北右回り泉左回り, 20男山東右回り, 21男山東左回り, 21（深夜）樟葉〜車庫, 13男山車庫〜くずは, 40くずは〜男山車庫, 41くずは〜八幡, 77八幡〜男山車庫, 78B男山車庫〜八幡, 78A男山車庫〜橋本"
ひかり,京阪バス（株）,"9男山北右回り, 10男山北左回り, 12男山車庫〜くずは, 10さくら小〜くずは, 11B北右回り泉左回り, 20男山東右回り, 21男山東左回り, 13Bくずは〜京阪橋本, 13男山車庫〜くずは, 78A男山車庫〜橋本"
ひかり,八幡市,橋本東山本〜市民体育館
丸尾,京阪バス（株）,"9男山北右回り, 11B北右回り泉左回り, 20男山東右回り"
植物公園,京都京阪バス（株）,103・240・250・240A・250A　黄檗宇治大久保線
寺山台,京都京阪バス（株）,"103・240・250・240A・250A　黄檗宇治大久保線, 220　大久保太陽が丘線"
下奈良今里,八幡市,橋本東山本〜市民体育館
寺山台東,京都京阪バス（株）,"103・240・250・240A・250A　黄檗宇治大久保線, 220　大久保太陽が丘線"
立命館宇治高校,京都京阪バス（株）,103・240・250・240A・250A　黄檗宇治大久保線
太陽が丘,京都京阪バス（株）,"220　大久保太陽が丘線, 41A・45A・45　宇治太陽が丘線, 44　宇治太陽が丘線"
尖山,京都京阪バス（株）,"103・240・250・240A・250A　黄檗宇治大久保線, 220　大久保太陽が丘線"
下奈良二階堂,八幡市,橋本東山本〜市民体育館
宇治友が丘,京都京阪バス（株）,"103・240・250・240A・250A　黄檗宇治大久保線, 220　大久保太陽が丘線"
上奈良,京阪バス（株）,"八幡循環, 73A八幡〜内里南, 74八幡〜新田辺, 79八幡〜三野, 74A八幡〜田辺市役所, 74B八幡〜市役所宝無, 75C八幡〜新田辺, 76八幡〜岩田南, 76B八幡〜池嶋"
都集会所前,八幡市,橋本東山本〜市民体育館
北センター,京阪バス（株）,"9男山北右回り, 10男山北左回り, 14くずは〜男山車庫, 10さくら小〜くずは, 11B北右回り泉左回り, 20男山東右回り, 21男山東左回り, 21（深夜）樟葉〜車庫, 40くずは〜男山車庫, 41くずは〜八幡, 77八幡〜男山車庫"
大竹,京都京阪バス（株）,58A　大久保宮ノ谷線
御園神社,京阪バス（株）,"八幡循環, 73A八幡〜内里南, 75C八幡〜新田辺, 76八幡〜岩田南, 76B八幡〜池嶋"
318棟前,八幡市,橋本東山本〜市民体育館
318棟前,京阪バス（株）,"5男山循環コミバス, 5F318棟前〜くずは"
長沢北,八幡市,橋本東山本〜市民体育館
あさひ公園前,八幡市,橋本東山本〜市民体育館
ありあけ公園前,八幡市,橋本東山本〜市民体育館
上奈良南ノ口,八幡市,橋本東山本〜市民体育館
315棟前,京阪バス（株）,"5男山循環コミバス, 5F318棟前〜くずは"
志水,八幡市,橋本東山本〜市民体育館
志水,京阪バス（株）,"33戸津〜八幡, 33西戸津〜八幡"
長沢,京阪バス（株）,"11B北右回り泉左回り, 13Bくずは〜京阪橋本, 13男山車庫〜くずは, 5男山循環コミバス"
すみれ公園前,八幡市,橋本東山本〜市民体育館
311棟前,京阪バス（株）,"5男山循環コミバス, 5F318棟前〜くずは"
八王子,京都京阪バス（株）,17・17A　イオン松井山手線
八王子,京阪バス（株）,"八幡循環, 73A八幡〜内里南, 75C八幡〜新田辺, 76八幡〜岩田南, 76B八幡〜池嶋"
蜻蛉尻,八幡市,橋本東山本〜市民体育館
蜻蛉尻,京阪バス（株）,"八幡循環, 74八幡〜新田辺, 79八幡〜三野, 74A八幡〜田辺市役所, 74B八幡〜市役所宝無"
西戸津,京阪バス（株）,"33戸津〜八幡, 33西戸津〜八幡"
戸津,京阪バス（株）,33戸津〜八幡
小松,京阪バス（株）,"33戸津〜八幡, 33西戸津〜八幡"
公会堂前,京阪バス（株）,"33戸津〜八幡, 33西戸津〜八幡"
広門,京阪バス（株）,"32くずは〜八幡, 77八幡〜男山車庫"
306棟前,八幡市,橋本東山本〜市民体育館
306棟前,京阪バス（株）,"5男山循環コミバス, 5F318棟前〜くずは"
上津屋流れ橋,八幡市,橋本東山本〜市民体育館
上津屋流れ橋,京阪バス（株）,"八幡循環, 73A八幡〜内里南, 75C八幡〜新田辺, 76八幡〜岩田南, 76B八幡〜池嶋"
さくら小学校,京阪バス（株）,"9男山北右回り, 10男山北左回り, 14くずは〜男山車庫, 10さくら小〜くずは, 11B北右回り泉左回り, 20男山東右回り, 21男山東左回り, 21（深夜）樟葉〜車庫, 40くずは〜男山車庫, 41くずは〜八幡, 77八幡〜男山車庫"
上津屋石ノ塔,八幡市,橋本東山本〜市民体育館
C21棟前,京阪バス（株）,"5男山循環コミバス, 5F318棟前〜くずは"
下大谷,京都京阪バス（株）,58A　大久保宮ノ谷線
浜上津屋,八幡市,橋本東山本〜市民体育館
浜上津屋,京阪バス（株）,"八幡循環, 73A八幡〜内里南, 75C八幡〜新田辺, 76八幡〜岩田南, 76B八幡〜池嶋"
一区公会堂前,八幡市,橋本東山本〜市民体育館
大谷（城陽市）,京都京阪バス（株）,58A　大久保宮ノ谷線
久津川,京都京阪バス（株）,58A　大久保宮ノ谷線
ゆうゆうの里,京都京阪バス（株）,"180・180B　立場線, 182・184　立場線, 186　奥山田正寿院口線"
有都小学校,八幡市,橋本東山本〜市民体育館
有都小学校,京阪バス（株）,"八幡循環, 74八幡〜新田辺, 79八幡〜三野, 74A八幡〜田辺市役所, 74B八幡〜市役所宝無"
泉,八幡市,橋本東山本〜市民体育館
泉,京阪バス（株）,"11B北右回り泉左回り, 13Bくずは〜京阪橋本, 13男山車庫〜くずは, 5男山循環コミバス"
C13棟前,京阪バス（株）,"5男山循環コミバス, 5F318棟前〜くずは"
市民体育館,八幡市,橋本東山本〜市民体育館
久保田,京阪バス（株）,"32くずは〜八幡, 19水珀循環, 77八幡〜男山車庫"
上津屋工業団地,京都京阪バス（株）,17・17A　イオン松井山手線
大芝・松花堂前,八幡市,橋本東山本〜市民体育館
大芝・松花堂前,京阪バス（株）,"32くずは〜八幡, 19水珀循環, 19F水珀〜くずは, 19A新水珀循環, くずは山手線, 16くずは〜松井山手, 16Aくずは〜松井山手, 67Dくずは〜新田辺, 67DRくずは〜新田辺, 77八幡〜男山車庫"
八寿園前,八幡市,橋本東山本〜市民体育館
緑苑坂東,京都京阪バス（株）,60・62・60B・62B・62C　新田辺宇治田原線
八幡市民体育館,京阪バス（株）,"八幡循環, 73A八幡〜内里南, 75C八幡〜新田辺, 76八幡〜岩田南, 76B八幡〜池嶋"
中央商店街,京阪バス（株）,"5男山循環コミバス, 5F318棟前〜くずは"
緑苑坂,京都京阪バス（株）,"182・184　立場線, 60・62・60B・62B・62C　新田辺宇治田原線"
中央センター前,京阪バス（株）,"32くずは〜八幡, 8中ノ山循環, 8F中央センタ〜くずは, 9男山北右回り, 10男山北左回り, 14くずは〜男山車庫, 11B北右回り泉左回り, 19水珀循環, 19F水珀〜くずは, 19A新水珀循環, くずは山手線, 16くずは〜松井山手, 16Aくずは〜松井山手, 67Dくずは〜新田辺, 67DRくずは〜新田辺"
男山泉,八幡市,橋本東山本〜市民体育館
サンガタウン城陽,京都京阪バス（株）,520・521・525　城陽さんさんバス　鴻ノ巣山運動公園近鉄寺田線
内里,八幡市,橋本東山本〜市民体育館
内里,京阪バス（株）,"八幡循環, 74八幡〜新田辺, 79八幡〜三野, 74A八幡〜田辺市役所, 74B八幡〜市役所宝無"
B43棟前,京阪バス（株）,"5男山循環コミバス, 5F318棟前〜くずは"
野尻,京阪バス（株）,"八幡循環, 73A八幡〜内里南, 75C八幡〜新田辺, 76八幡〜岩田南, 76B八幡〜池嶋"
野尻城究,八幡市,橋本東山本〜市民体育館
野尻城究,京都京阪バス（株）,17・17A　イオン松井山手線
京都八幡高校,八幡市,橋本東山本〜市民体育館
京都八幡高校,京阪バス（株）,"8中ノ山循環, 8F中央センタ〜くずは, 20男山東右回り, 21男山東左回り, 21（深夜）樟葉〜車庫, 40くずは〜男山車庫, 41くずは〜八幡"
自治会館前,京都京阪バス（株）,60・62・60B・62B・62C　新田辺宇治田原線
東友ヶ丘,京都京阪バス（株）,520・521・525　城陽さんさんバス　鴻ノ巣山運動公園近鉄寺田線
商店街東,京阪バス（株）,"5男山循環コミバス, 5F318棟前〜くずは"
友ヶ丘,京都京阪バス（株）,"58A　大久保宮ノ谷線, 520・521・525　城陽さんさんバス　鴻ノ巣山運動公園近鉄寺田線"
宮ノ谷,京都京阪バス（株）,"58A　大久保宮ノ谷線, 520・521・525　城陽さんさんバス　鴻ノ巣山運動公園近鉄寺田線"
長山口,京都京阪バス（株）,"182・184　立場線, 60・62・60B・62B・62C　新田辺宇治田原線, 186　奥山田正寿院口線"
東宮ノ谷,京都京阪バス（株）,520・521・525　城陽さんさんバス　鴻ノ巣山運動公園近鉄寺田線
深谷,京都京阪バス（株）,58A　大久保宮ノ谷線
商店街西,京阪バス（株）,"5男山循環コミバス, 5F318棟前〜くずは"
吉井,京阪バス（株）,"19水珀循環, 19F水珀〜くずは, 19A新水珀循環, くずは山手線, 16くずは〜松井山手, 16Aくずは〜松井山手, 67Dくずは〜新田辺, 67DRくずは〜新田辺"
深谷東,京都京阪バス（株）,520・521・525　城陽さんさんバス　鴻ノ巣山運動公園近鉄寺田線
金振東,京阪バス（株）,"5男山循環コミバス, 5F318棟前〜くずは"
深谷郵便局,京都京阪バス（株）,520・521・525　城陽さんさんバス　鴻ノ巣山運動公園近鉄寺田線
宇治田原小学校,京都京阪バス（株）,"182・184　立場線, 60・62・60B・62B・62C　新田辺宇治田原線, 186　奥山田正寿院口線"
内里宮ノ前,八幡市,橋本東山本〜市民体育館
金振西,京阪バス（株）,"5男山循環コミバス, 5F318棟前〜くずは"
内里南,京阪バス（株）,"八幡循環, 73A八幡〜内里南"
みどりが丘,京都京阪バス（株）,"180・180B　立場線, 182・184　立場線, 186　奥山田正寿院口線"
岩山,京都京阪バス（株）,"182・184　立場線, 60・62・60B・62B・62C　新田辺宇治田原線, 186　奥山田正寿院口線"
御幸谷,京阪バス（株）,"19水珀循環, くずは山手線, 16くずは〜松井山手, 16Aくずは〜松井山手, 67Dくずは〜新田辺, 67DRくずは〜新田辺"
尼塚,京都京阪バス（株）,520・521・525　城陽さんさんバス　鴻ノ巣山運動公園近鉄寺田線
弓岡,八幡市,橋本東山本〜市民体育館
弓岡,京阪バス（株）,"8中ノ山循環, 8F中央センタ〜くずは, 20男山東右回り, 21男山東左回り, 21（深夜）樟葉〜車庫, 40くずは〜男山車庫, 41くずは〜八幡"
くすのき小学校（八幡市）,八幡市,橋本東山本〜市民体育館
くすのき小学校,京阪バス（株）,"男山南線, 7F長谷〜くずは, 15くずは〜枚方ハイツ, 8中ノ山循環, 8F中央センタ〜くずは, 20男山東右回り, 21男山東左回り, 21（深夜）樟葉〜車庫, 19A新水珀循環, 31くずは〜新田辺, 30くずは〜松井山手, 30Aくずは〜摂南北口, 31Fくすのき〜新田辺"
奥山田正寿院口,京都京阪バス（株）,186　奥山田正寿院口線
城陽中学校,京都京阪バス（株）,520・521・525　城陽さんさんバス　鴻ノ巣山運動公園近鉄寺田線
工業団地口,京都京阪バス（株）,"182・184　立場線, 60・62・60B・62B・62C　新田辺宇治田原線, 186　奥山田正寿院口線"
岩田北,京阪バス（株）,"八幡循環, 73A八幡〜内里南"
岩田北,京都京阪バス（株）,17・17A　イオン松井山手線
岩田北,八幡市,橋本東山本〜市民体育館
西岩田,京阪バス（株）,"八幡循環, 73A八幡〜内里南, 75C八幡〜新田辺, 76八幡〜岩田南, 76B八幡〜池嶋"
鴻ノ巣山公園,京都京阪バス（株）,520・521・525　城陽さんさんバス　鴻ノ巣山運動公園近鉄寺田線
宇治田原郵便局前,京都京阪バス（株）,186　奥山田正寿院口線
JR城陽駅,京都京阪バス（株）,"520・521・525　城陽さんさんバス　鴻ノ巣山運動公園近鉄寺田線, 580・582・583　城陽さんさんバス　プラムイン城陽長池線"
生涯学習センター前,八幡市,橋本東山本〜市民体育館
水珀南山,京阪バス（株）,"19水珀循環, 19F水珀〜くずは, 19A新水珀循環, くずは山手線, 16くずは〜松井山手, 16Aくずは〜松井山手, 67Dくずは〜新田辺, 67DRくずは〜新田辺"
工業会館前,京都京阪バス（株）,"182・184　立場線, 60・62・60B・62B・62C　新田辺宇治田原線"
くつわ池,京都京阪バス（株）,"180・180B　立場線, 182・184　立場線, 186　奥山田正寿院口線"
栢村,京都京阪バス（株）,186　奥山田正寿院口線
松里,京阪バス（株）,"19A新水珀循環, 31くずは〜新田辺, 30くずは〜松井山手, 30Aくずは〜摂南北口, 31Fくすのき〜新田辺"
男女参画センター,京都京阪バス（株）,"520・521・525　城陽さんさんバス　鴻ノ巣山運動公園近鉄寺田線, 580・582・583　城陽さんさんバス　プラムイン城陽長池線"
水珀,京阪バス（株）,"19水珀循環, 19F水珀〜くずは, くずは山手線, 16くずは〜松井山手, 16Aくずは〜松井山手, 67Dくずは〜新田辺, 67DRくずは〜新田辺"
106棟前,京阪バス（株）,"5男山循環コミバス, 5F318棟前〜くずは"
維中前,京都京阪バス（株）,"180・180B　立場線, 182・184　立場線, 60・62・60B・62B・62C　新田辺宇治田原線, 186　奥山田正寿院口線"
金右衛門口,京阪バス（株）,"くずは山手線, 16くずは〜松井山手, 16Aくずは〜松井山手, 67Dくずは〜新田辺, 67DRくずは〜新田辺"
岩田,京阪バス（株）,"75C八幡〜新田辺, 76八幡〜岩田南, 76B八幡〜池嶋"
しで原,京阪バス（株）,"男山南線, 6Fしで原〜くずは, 7F長谷〜くずは, 15くずは〜枚方ハイツ, 40くずは〜男山車庫, 41くずは〜八幡"
プラムイン城陽,京都京阪バス（株）,"520・521・525　城陽さんさんバス　鴻ノ巣山運動公園近鉄寺田線, 580・582・583　城陽さんさんバス　プラムイン城陽長池線"
市ノ久保,京都京阪バス（株）,580・582・583　城陽さんさんバス　プラムイン城陽長池線
運動公園前,京都京阪バス（株）,"182・184　立場線, 60・62・60B・62B・62C　新田辺宇治田原線"
城陽高校,京都京阪バス（株）,580・582・583　城陽さんさんバス　プラムイン城陽長池線
工業団地（宇治田原）,京都京阪バス（株）,"182・184　立場線, 60・62・60B・62B・62C　新田辺宇治田原線"
101棟前,京阪バス（株）,"5男山循環コミバス, 5F318棟前〜くずは"
福禄谷,京阪バス（株）,"19A新水珀循環, 31くずは〜新田辺, 30くずは〜松井山手, 30Aくずは〜摂南北口, 31Fくすのき〜新田辺"
鴻ノ巣台東,京都京阪バス（株）,580・582・583　城陽さんさんバス　プラムイン城陽長池線
西塔ヶ谷,京都京阪バス（株）,"182・184　立場線, 60・62・60B・62B・62C　新田辺宇治田原線"
寺田駅東口,京都京阪バス（株）,580・582・583　城陽さんさんバス　プラムイン城陽長池線
鴻ノ巣台西,京都京阪バス（株）,580・582・583　城陽さんさんバス　プラムイン城陽長池線
城陽市役所,京都京阪バス（株）,"520・521・525　城陽さんさんバス　鴻ノ巣山運動公園近鉄寺田線, 580・582・583　城陽さんさんバス　プラムイン城陽長池線"
城陽市役所,城陽市,青谷方面乗合タクシー
新田,京阪バス（株）,"74八幡〜新田辺, 79八幡〜三野, 74A八幡〜田辺市役所, 74B八幡〜市役所宝無"
大宮道,京都京阪バス（株）,"180・180B　立場線, 182・184　立場線, 60・62・60B・62B・62C　新田辺宇治田原線, 186　奥山田正寿院口線"
樋尻,京都京阪バス（株）,580・582・583　城陽さんさんバス　プラムイン城陽長池線
京都八幡高校南学舎,京阪バス（株）,"くずは山手線, 16くずは〜松井山手"
金井谷,京都京阪バス（株）,"182・184　立場線, 60・62・60B・62B・62C　新田辺宇治田原線"
茶屋村,京都京阪バス（株）,186　奥山田正寿院口線
近鉄寺田,京都京阪バス（株）,520・521・525　城陽さんさんバス　鴻ノ巣山運動公園近鉄寺田線
長谷,京阪バス（株）,"男山南線, 6Fしで原〜くずは, 7F長谷〜くずは, 15くずは〜枚方ハイツ, 40くずは〜男山車庫, 41くずは〜八幡"
佐伯幼稚園,京都京阪バス（株）,580・582・583　城陽さんさんバス　プラムイン城陽長池線
岩田南,京阪バス（株）,"75C八幡〜新田辺, 76八幡〜岩田南, 76B八幡〜池嶋"
塩ヶ谷口,京都京阪バス（株）,"182・184　立場線, 60・62・60B・62B・62C　新田辺宇治田原線"
摂南大学北口,京阪バス（株）,"31くずは〜新田辺, 30くずは〜松井山手, NS　樟葉駅〜摂南北口, NS　松井山手〜摂南北, 30Aくずは〜摂南北口, 31Fくすのき〜新田辺"
中畑口,京都京阪バス（株）,"182・184　立場線, 60・62・60B・62B・62C　新田辺宇治田原線"
ね田,京都京阪バス（株）,"180・180B　立場線, 182・184　立場線, 60・62・60B・62B・62C　新田辺宇治田原線, 186　奥山田正寿院口線"
下町,京都京阪バス（株）,"180・180B　立場線, 182・184　立場線, 60・62・60B・62B・62C　新田辺宇治田原線, 186　奥山田正寿院口線"
城陽郵便局,京都京阪バス（株）,520・521・525　城陽さんさんバス　鴻ノ巣山運動公園近鉄寺田線
城陽郵便局,城陽市,青谷方面乗合タクシー
郷之口,京都京阪バス（株）,"180・180B　立場線, 182・184　立場線, 60・62・60B・62B・62C　新田辺宇治田原線, 186　奥山田正寿院口線"
河原,京阪バス（株）,"くずは山手線, 16くずは〜松井山手"
役場南,京都京阪バス（株）,"180・180B　立場線, 182・184　立場線, 60・62・60B・62B・62C　新田辺宇治田原線, 186　奥山田正寿院口線"
若葉,京都京阪バス（株）,580・582・583　城陽さんさんバス　プラムイン城陽長池線
御幸南,京阪バス（株）,"くずは山手線, 16Aくずは〜松井山手, 31くずは〜新田辺, 30くずは〜松井山手, 31Fくすのき〜新田辺, 67Dくずは〜新田辺, 67DRくずは〜新田辺"
寺田南小学校,京都京阪バス（株）,520・521・525　城陽さんさんバス　鴻ノ巣山運動公園近鉄寺田線
文化パルク城陽,京都京阪バス（株）,520・521・525　城陽さんさんバス　鴻ノ巣山運動公園近鉄寺田線
美濃山口,京都京阪バス（株）,17・17A　イオン松井山手線
美濃山口,京阪バス（株）,"くずは山手線, 16くずは〜松井山手, 74八幡〜新田辺, 79八幡〜三野, 74A八幡〜田辺市役所, 74B八幡〜市役所宝無"
豊前丈,京都京阪バス（株）,"180・180B　立場線, 182・184　立場線, 186　奥山田正寿院口線"
庭井南,京都京阪バス（株）,520・521・525　城陽さんさんバス　鴻ノ巣山運動公園近鉄寺田線
池嶋,京阪バス（株）,"Q山　八条口〜DNP, 75C八幡〜新田辺, 76B八幡〜池嶋"
大日本印刷正門,京阪バス（株）,Q山　八条口〜DNP
銘城台,京都京阪バス（株）,"180・180B　立場線, 182・184　立場線, 60・62・60B・62B・62C　新田辺宇治田原線, 186　奥山田正寿院口線"
大日本印刷,京阪バス（株）,Q山　八条口〜DNP
保健センター前,京都京阪バス（株）,520・521・525　城陽さんさんバス　鴻ノ巣山運動公園近鉄寺田線
保健センター,城陽市,青谷方面乗合タクシー
松井東,京阪バス（株）,"くずは山手線, 16くずは〜松井山手, 74八幡〜新田辺, 79八幡〜三野, 74A八幡〜田辺市役所, 74B八幡〜市役所宝無"
松井,京阪バス（株）,"くずは山手線, 16くずは〜松井山手, 74八幡〜新田辺, 79八幡〜三野, 74A八幡〜田辺市役所, 74B八幡〜市役所宝無"
本郷,京阪バス（株）,"くずは山手線, 16Aくずは〜松井山手, 31くずは〜新田辺, 30くずは〜松井山手, 31Fくすのき〜新田辺, 67Dくずは〜新田辺, 67DRくずは〜新田辺"
大住浜,京阪バス（株）,75C八幡〜新田辺
アル・プラザ城陽西口,城陽市,青谷方面乗合タクシー
西城陽高校,京都京阪バス（株）,580・582・583　城陽さんさんバス　プラムイン城陽長池線
JR長池駅,城陽市,青谷方面乗合タクシー
美濃山小学校,京阪バス（株）,"くずは山手線, 16Aくずは〜松井山手, 31くずは〜新田辺, 30くずは〜松井山手, 31Fくすのき〜新田辺, 67Dくずは〜新田辺, 67DRくずは〜新田辺"
長池駅口,京都京阪バス（株）,580・582・583　城陽さんさんバス　プラムイン城陽長池線
アル・プラザ城陽,京都京阪バス（株）,580・582・583　城陽さんさんバス　プラムイン城陽長池線
八小路,京阪バス（株）,"くずは山手線, 16くずは〜松井山手, 74八幡〜新田辺, 79八幡〜三野, 74A八幡〜田辺市役所, 74B八幡〜市役所宝無"
水主団地,京都京阪バス（株）,580・582・583　城陽さんさんバス　プラムイン城陽長池線
長池,城陽市,青谷方面乗合タクシー
富野幼稚園,京都京阪バス（株）,580・582・583　城陽さんさんバス　プラムイン城陽長池線
中島橋,京阪バス（株）,"64新田辺〜松井山手, 75C八幡〜新田辺"
プロロジスパーク京田辺,京都京阪バス（株）,17・17A　イオン松井山手線
大住,京阪バス（株）,"くずは山手線, 16くずは〜松井山手, 74八幡〜新田辺, 79八幡〜三野, 74A八幡〜田辺市役所, 74B八幡〜市役所宝無"
水主,京都京阪バス（株）,580・582・583　城陽さんさんバス　プラムイン城陽長池線
きんめい公園,京阪バス（株）,"くずは山手線, 16Aくずは〜松井山手, 31くずは〜新田辺, 30くずは〜松井山手, 31Fくすのき〜新田辺, 67Dくずは〜新田辺, 67DRくずは〜新田辺"
近鉄富野荘,京都京阪バス（株）,580・582・583　城陽さんさんバス　プラムイン城陽長池線
明星ヶ原,京都京阪バス（株）,60・62・60B・62B・62C　新田辺宇治田原線
西富野,京都京阪バス（株）,580・582・583　城陽さんさんバス　プラムイン城陽長池線
堀口,京都京阪バス（株）,580・582・583　城陽さんさんバス　プラムイン城陽長池線
JA城陽南支店,京都京阪バス（株）,580・582・583　城陽さんさんバス　プラムイン城陽長池線
東富野,京都京阪バス（株）,580・582・583　城陽さんさんバス　プラムイン城陽長池線
富野郵便局,京都京阪バス（株）,580・582・583　城陽さんさんバス　プラムイン城陽長池線
館,京阪バス（株）,"くずは山手線, 16くずは〜松井山手, 64新田辺〜松井山手, 74A八幡〜田辺市役所"
島ノ宮,京都京阪バス（株）,580・582・583　城陽さんさんバス　プラムイン城陽長池線
大三戸,京都京阪バス（株）,580・582・583　城陽さんさんバス　プラムイン城陽長池線
二本松,城陽市,青谷方面乗合タクシー
岡村,京阪バス（株）,"74八幡〜新田辺, 79八幡〜三野, 74A八幡〜田辺市役所, 74B八幡〜市役所宝無"
西ノ口,京都京阪バス（株）,580・582・583　城陽さんさんバス　プラムイン城陽長池線
あかねヶ丘,京都京阪バス（株）,17・17A　イオン松井山手線
欽明台西,京阪バス（株）,"くずは山手線, 16Aくずは〜松井山手, 31くずは〜新田辺, 30くずは〜松井山手, 31Fくすのき〜新田辺, 67Dくずは〜新田辺, 67DRくずは〜新田辺"
一休温泉前,京都京阪バス（株）,60・62・60B・62B・62C　新田辺宇治田原線
高速京田辺前,京都京阪バス（株）,"17・17A　イオン松井山手線, 17NS　イオン松井山手線"
高速京田辺,京阪バス（株）,"Qな　八条口〜なんば, Qな　ユニ〜（直）八条, Qな　ユU〜枚方〜八条, Qな　八条〜（直）Uユ"
たつみ畑,城陽市,青谷方面乗合タクシー
宝生苑,京阪バス（株）,74A八幡〜田辺市役所
山手西,京阪バス（株）,"くずは山手線, 16Aくずは〜松井山手, 31くずは〜新田辺, 30くずは〜松井山手, 31Fくすのき〜新田辺, 67Dくずは〜新田辺, 67DRくずは〜新田辺"
松井山手駅,京都京阪バス（株）,"17・17A　イオン松井山手線, 17NS　イオン松井山手線"
松井山手駅,京阪バス（株）,"くずは山手線, 16くずは〜松井山手, 16Aくずは〜松井山手, 31くずは〜新田辺, 30くずは〜松井山手, NS　松井山手〜摂南北, 31Fくすのき〜新田辺, 67Dくずは〜新田辺, 67DRくずは〜新田辺, 64新田辺〜松井山手, 67新田辺〜松井山手, 68新田辺〜松井山手"
夫婦松,京都京阪バス（株）,60・62・60B・62B・62C　新田辺宇治田原線
三野,京阪バス（株）,"64新田辺〜松井山手, 74八幡〜新田辺, 79八幡〜三野, 74A八幡〜田辺市役所, 74B八幡〜市役所宝無, 75C八幡〜新田辺"
大住ヶ丘北,京阪バス（株）,"くずは山手線, 16くずは〜松井山手, 64新田辺〜松井山手"
山手中央,京阪バス（株）,"くずは山手線, 16Aくずは〜松井山手, 31くずは〜新田辺, 30くずは〜松井山手, 31Fくすのき〜新田辺, 67Dくずは〜新田辺, 67DRくずは〜新田辺"
和束清水橋,奈良交通（株）,66　加茂駅ー和束町小杉
都合殿,奈良交通（株）,66　加茂駅ー和束町小杉
東芦原,京都京阪バス（株）,60・62・60B・62B・62C　新田辺宇治田原線
中村,城陽市,青谷方面乗合タクシー
松井ヶ丘一丁目,京阪バス（株）,"くずは山手線, 16くずは〜松井山手, 31くずは〜新田辺, 31Fくすのき〜新田辺, 67Dくずは〜新田辺, 67DRくずは〜新田辺, 64新田辺〜松井山手, 67新田辺〜松井山手, 68新田辺〜松井山手"
和束湯船,奈良交通（株）,66　加茂駅ー和束町小杉
JR大住駅,京阪バス（株）,"67Dくずは〜新田辺, 67DRくずは〜新田辺, 67新田辺〜松井山手"
和束町小杉,奈良交通（株）,66　加茂駅ー和束町小杉
健康村,京阪バス（株）,"67Dくずは〜新田辺, 67DRくずは〜新田辺, 64新田辺〜松井山手, 67新田辺〜松井山手, 74八幡〜新田辺, 74A八幡〜田辺市役所, 74B八幡〜市役所宝無, 75C八幡〜新田辺"
南京都病院,京都京阪バス（株）,60・62・60B・62B・62C　新田辺宇治田原線
岩倉,奈良交通（株）,66　加茂駅ー和束町小杉
健康ヶ丘,京阪バス（株）,"31くずは〜新田辺, 31Fくすのき〜新田辺, 67Dくずは〜新田辺, 67DRくずは〜新田辺, 67新田辺〜松井山手, 68新田辺〜松井山手"
花住坂,京阪バス（株）,"くずは山手線, 16くずは〜松井山手, 31くずは〜新田辺, 31Fくすのき〜新田辺, 67Dくずは〜新田辺, 67DRくずは〜新田辺, 64新田辺〜松井山手, 67新田辺〜松井山手, 68新田辺〜松井山手"
大住ヶ丘,京阪バス（株）,"くずは山手線, 16くずは〜松井山手, 31くずは〜新田辺, 31Fくすのき〜新田辺, 67Dくずは〜新田辺, 67DRくずは〜新田辺, 64新田辺〜松井山手, 67新田辺〜松井山手, 68新田辺〜松井山手"
中村,奈良交通（株）,66　加茂駅ー和束町小杉
虚空蔵谷,京阪バス（株）,"くずは山手線, 16くずは〜松井山手, 31くずは〜新田辺, 31Fくすのき〜新田辺, 67Dくずは〜新田辺, 67DRくずは〜新田辺, 64新田辺〜松井山手, 67新田辺〜松井山手, 68新田辺〜松井山手"
大住ヶ丘西,京阪バス（株）,"くずは山手線, 16くずは〜松井山手, 31くずは〜新田辺, 31Fくすのき〜新田辺, 67Dくずは〜新田辺, 67DRくずは〜新田辺, 64新田辺〜松井山手, 67新田辺〜松井山手, 68新田辺〜松井山手"
五ノ瀬,奈良交通（株）,66　加茂駅ー和束町小杉
JR山城青谷駅,城陽市,青谷方面乗合タクシー
茶屋前,京阪バス（株）,"31くずは〜新田辺, 31Fくすのき〜新田辺, 67Dくずは〜新田辺, 67DRくずは〜新田辺, 64新田辺〜松井山手, 67新田辺〜松井山手, 68新田辺〜松井山手, 74八幡〜新田辺, 74A八幡〜田辺市役所, 74B八幡〜市役所宝無, 75C八幡〜新田辺"
稲葉,京阪バス（株）,"31くずは〜新田辺, 31Fくすのき〜新田辺, 67Dくずは〜新田辺, 67DRくずは〜新田辺, 67新田辺〜松井山手, 68新田辺〜松井山手"
畠,京阪バス（株）,"31くずは〜新田辺, 31Fくすのき〜新田辺, 68新田辺〜松井山手"
青谷梅林,京都京阪バス（株）,60・62・60B・62B・62C　新田辺宇治田原線
枚方カントリー口,京阪バス（株）,"92樟葉〜枚カントリ口, 93樟葉〜長外〜枚カン"
柿木原,城陽市,青谷方面乗合タクシー
二ノ瀬,奈良交通（株）,66　加茂駅ー和束町小杉
芦原,京都京阪バス（株）,60・62・60B・62B・62C　新田辺宇治田原線
市辺南垣内,城陽市,青谷方面乗合タクシー
府営田辺団地,奈良交通（株）,1・2　東部循環（京田辺市東部循環）
多賀口,京都京阪バス（株）,60・62・60B・62B・62C　新田辺宇治田原線
多賀口,城陽市,青谷方面乗合タクシー
一休寺道,京阪バス（株）,"64新田辺〜松井山手, 74八幡〜新田辺, 74A八幡〜田辺市役所, 74B八幡〜市役所宝無, 75C八幡〜新田辺"
山城大橋,京都京阪バス（株）,60・62・60B・62B・62C　新田辺宇治田原線
京田辺駅（東口）,奈良交通（株）,1・2　東部循環（京田辺市東部循環）
JR京田辺,京阪バス（株）,"31くずは〜新田辺, 31Fくすのき〜新田辺, 67Dくずは〜新田辺, 67DRくずは〜新田辺, 64新田辺〜松井山手, 67新田辺〜松井山手, 68新田辺〜松井山手, 74八幡〜新田辺, 74A八幡〜田辺市役所, 74B八幡〜市役所宝無, 75C八幡〜新田辺"
JR京田辺,京都京阪バス（株）,60・62・60B・62B・62C　新田辺宇治田原線
近鉄新田辺,京都京阪バス（株）,60・62・60B・62B・62C　新田辺宇治田原線
近鉄新田辺,京阪バス（株）,"31くずは〜新田辺, 31Fくすのき〜新田辺, 67Dくずは〜新田辺, 67DRくずは〜新田辺, 64新田辺〜松井山手, 67新田辺〜松井山手, 68新田辺〜松井山手, 74八幡〜新田辺, 74A八幡〜田辺市役所, 74B八幡〜市役所宝無, 75C八幡〜新田辺"
新田辺駅,奈良交通（株）,"1・2　東部循環（京田辺市東部循環）, 101　同志社大学デイヴィス記念館ー新田辺駅, 102　同志社大学デイヴィス記念館ー新田辺駅（市役所経由）"
美禅,京阪バス（株）,"74A八幡〜田辺市役所, 74B八幡〜市役所宝無"
京田辺駅,奈良交通（株）,"101　同志社大学デイヴィス記念館ー新田辺駅, 102　同志社大学デイヴィス記念館ー新田辺駅（市役所経由）"
東,京阪バス（株）,"74A八幡〜田辺市役所, 74B八幡〜市役所宝無"
東,奈良交通（株）,1・2　東部循環（京田辺市東部循環）
東（京田辺市）,京都京阪バス（株）,60・62・60B・62B・62C　新田辺宇治田原線
田辺職安前,奈良交通（株）,1・2　東部循環（京田辺市東部循環）
田辺職安前,京都京阪バス（株）,60・62・60B・62B・62C　新田辺宇治田原線
田辺職安前,京阪バス（株）,"74A八幡〜田辺市役所, 74B八幡〜市役所宝無"
田辺高校,奈良交通（株）,1・2　東部循環（京田辺市東部循環）
田辺高校,京都京阪バス（株）,60・62・60B・62B・62C　新田辺宇治田原線
田辺高校,京阪バス（株）,"74A八幡〜田辺市役所, 74B八幡〜市役所宝無"
田辺本町,京阪バス（株）,"64新田辺〜松井山手, 74八幡〜新田辺, 74A八幡〜田辺市役所, 74B八幡〜市役所宝無, 75C八幡〜新田辺"
田辺本町,奈良交通（株）,1・2　東部循環（京田辺市東部循環）
草内口,奈良交通（株）,1・2　東部循環（京田辺市東部循環）
草内口,京都京阪バス（株）,60・62・60B・62B・62C　新田辺宇治田原線
草内口,京阪バス（株）,"74A八幡〜田辺市役所, 74B八幡〜市役所宝無"
美禅,奈良交通（株）,1・2　東部循環（京田辺市東部循環）
美禅,京都京阪バス（株）,60・62・60B・62B・62C　新田辺宇治田原線
美禅,京阪バス（株）,"74A八幡〜田辺市役所, 74B八幡〜市役所宝無"
東田辺,京阪バス（株）,"74A八幡〜田辺市役所, 74B八幡〜市役所宝無"
東田辺,奈良交通（株）,1・2　東部循環（京田辺市東部循環）
京田辺市役所,奈良交通（株）,"1・2　東部循環（京田辺市東部循環）, 102　同志社大学デイヴィス記念館ー新田辺駅（市役所経由）"
京田辺市役所,京阪バス（株）,"74A八幡〜田辺市役所, 74B八幡〜市役所宝無"
田辺中学校,奈良交通（株）,"1・2　東部循環（京田辺市東部循環）, 101　同志社大学デイヴィス記念館ー新田辺駅"
草内郵便局前,奈良交通（株）,1・2　東部循環（京田辺市東部循環）
原山,奈良交通（株）,66　加茂駅ー和束町小杉
興戸,奈良交通（株）,"1・2　東部循環（京田辺市東部循環）, 101　同志社大学デイヴィス記念館ー新田辺駅"
常磐苑,奈良交通（株）,1・2　東部循環（京田辺市東部循環）
東和束,奈良交通（株）,66　加茂駅ー和束町小杉
同志社女子大学正門,奈良交通（株）,101　同志社大学デイヴィス記念館ー新田辺駅
飯岡,奈良交通（株）,1・2　東部循環（京田辺市東部循環）
高木,奈良交通（株）,1・2　東部循環（京田辺市東部循環）
同志社北門,奈良交通（株）,102　同志社大学デイヴィス記念館ー新田辺駅（市役所経由）
同志社大学正門,奈良交通（株）,"100　同志社大学デイヴィス記念館ー三木山駅, 101　同志社大学デイヴィス記念館ー新田辺駅"
和束小学校,奈良交通（株）,66　加茂駅ー和束町小杉
同志社国際中・高校,奈良交通（株）,100　同志社大学デイヴィス記念館ー三木山駅
和束中学校,奈良交通（株）,66　加茂駅ー和束町小杉
同志社大学理工学部,奈良交通（株）,"100　同志社大学デイヴィス記念館ー三木山駅, 101　同志社大学デイヴィス記念館ー新田辺駅, 102　同志社大学デイヴィス記念館ー新田辺駅（市役所経由）"
同志社大学デイヴィス記念館,奈良交通（株）,"100　同志社大学デイヴィス記念館ー三木山駅, 101　同志社大学デイヴィス記念館ー新田辺駅, 102　同志社大学デイヴィス記念館ー新田辺駅（市役所経由）"
二又,奈良交通（株）,"50　同志社山手循環, 90・91　三山木駅ー水取ー高船, 100　同志社大学デイヴィス記念館ー三木山駅"
三山木駅,奈良交通（株）,"1・2　東部循環（京田辺市東部循環）, 50　同志社山手循環, 73　祝園駅ー三山木駅, 90・91　三山木駅ー水取ー高船, 100　同志社大学デイヴィス記念館ー三木山駅"
中和束,奈良交通（株）,66　加茂駅ー和束町小杉
多々羅,奈良交通（株）,90・91　三山木駅ー水取ー高船
和束河原,奈良交通（株）,66　加茂駅ー和束町小杉
和束山の家,奈良交通（株）,66　加茂駅ー和束町小杉
三山木小学校,奈良交通（株）,73　祝園駅ー三山木駅
同志社山手北,奈良交通（株）,50　同志社山手循環
普賢寺,奈良交通（株）,90・91　三山木駅ー水取ー高船
江津,奈良交通（株）,73　祝園駅ー三山木駅
同志社山手中央,奈良交通（株）,50　同志社山手循環
同志社山手東,奈良交通（株）,50　同志社山手循環
渋川,木津川市,山城線
渋川西,木津川市,山城線
和束長井,奈良交通（株）,66　加茂駅ー和束町小杉
同志社山手三丁目北,奈良交通（株）,50　同志社山手循環
神ノ木,木津川市,山城線
白栖口,奈良交通（株）,66　加茂駅ー和束町小杉
さくらの丘公園,奈良交通（株）,50　同志社山手循環
同志社山手西,奈良交通（株）,50　同志社山手循環
同志社山手南,奈良交通（株）,50　同志社山手循環
天神川,木津川市,山城線
他力橋,奈良交通（株）,90・91　三山木駅ー水取ー高船
宮ノ口,奈良交通（株）,73　祝園駅ー三山木駅
菱田,精華町,精華くるりんバス
蟹満寺口,木津川市,山城線
撰原,奈良交通（株）,66　加茂駅ー和束町小杉
滝ノ鼻,精華町,精華くるりんバス
水取,奈良交通（株）,90・91　三山木駅ー水取ー高船
奥畑,木津川市,"奥畑線, 加茂通学線：奥畑〜加茂支所, 加茂通学線：恭仁宮跡〜奥畑"
菱田,奈良交通（株）,73　祝園駅ー三山木駅
棚倉小学校,木津川市,山城線
奥畑西,木津川市,"奥畑線, 加茂通学線：奥畑〜加茂支所, 加茂通学線：恭仁宮跡〜奥畑"
車谷,奈良交通（株）,90・91　三山木駅ー水取ー高船
天王,京阪バス（株）,78枚方南口〜津〜天王
和束高橋,奈良交通（株）,66　加茂駅ー和束町小杉
舟,精華町,精華くるりんバス
狛田・下狛駅東,精華町,精華くるりんバス
狛田・下狛駅西,精華町,精華くるりんバス
下狛,奈良交通（株）,73　祝園駅ー三山木駅
北平尾,木津川市,山城線
奥畑口,奈良交通（株）,66　加茂駅ー和束町小杉
僧坊,奈良交通（株）,73　祝園駅ー三山木駅
僧坊,精華町,精華くるりんバス
アスピアやましろ,木津川市,山城線
口畑,木津川市,"奥畑線, 加茂通学線：奥畑〜加茂支所, 加茂通学線：恭仁宮跡〜奥畑"
棚倉駅,木津川市,山城線
むくのきセンター,精華町,精華くるりんバス
口畑西,木津川市,"奥畑線, 加茂通学線：奥畑〜加茂支所, 加茂通学線：恭仁宮跡〜奥畑"
里,精華町,精華くるりんバス
平尾,木津川市,山城線
口畑口,木津川市,"奥畑線, 加茂通学線：奥畑〜加茂支所, 加茂通学線：恭仁宮跡〜奥畑"
仏生寺,木津川市,"奥畑線, 加茂通学線：奥畑〜加茂支所, 加茂通学線：恭仁宮跡〜奥畑"
南平尾,木津川市,山城線
瓶原親水公園,木津川市,奥畑線
海住山寺口,木津川市,"奥畑線, 加茂通学線：奥畑〜加茂支所, 加茂通学線：恭仁宮跡〜奥畑"
登大路,木津川市,奥畑線
いちご園,精華町,精華くるりんバス
平岡,木津川市,"加茂通学線：奥畑〜加茂支所, 加茂通学線：加茂支所〜銭司"
平岡,奈良交通（株）,66　加茂駅ー和束町小杉
井平尾,木津川市,"加茂通学線：奥畑〜加茂支所, 加茂通学線：加茂支所〜銭司"
井平尾,奈良交通（株）,66　加茂駅ー和束町小杉
高船,奈良交通（株）,90・91　三山木駅ー水取ー高船
恭仁宮跡北,木津川市,奥畑線
北河原,木津川市,山城線
川西小学校,奈良交通（株）,73　祝園駅ー三山木駅
神童子口,木津川市,神童子線
神童子公民館,木津川市,神童子線
北稲八間,精華町,精華くるりんバス
保健センター,精華町,精華くるりんバス
くにのみや学習館,木津川市,"加茂通学線：奥畑〜加茂支所, 加茂通学線：恭仁宮跡〜奥畑"
恭仁宮跡,木津川市,"奥畑線, 加茂通学線：奥畑〜加茂支所, 加茂通学線：恭仁宮跡〜奥畑"
岡崎,木津川市,"加茂通学線：奥畑〜加茂支所, 加茂通学線：加茂支所〜銭司"
岡崎（加茂）,奈良交通（株）,66　加茂駅ー和束町小杉
やすらぎ苑,木津川市,"山城線, 神童子線"
西北,精華町,精華くるりんバス
銭司,木津川市,"加茂通学線：奥畑〜加茂支所, 加茂通学線：加茂支所〜銭司"
東,精華町,精華くるりんバス
祝園一丁田,精華町,精華くるりんバス
椿井大塚山古墳,木津川市,山城線
恭仁大橋,木津川市,"加茂通学線：奥畑〜加茂支所, 加茂通学線：加茂支所〜銭司"
恭仁大橋,奈良交通（株）,66　加茂駅ー和束町小杉
恭仁大橋北詰,木津川市,奥畑線
上下水道事務所,精華町,精華くるりんバス
祝園駅西口,精華町,精華くるりんバス
祝園駅,奈良交通（株）,"36　光台循環・内回り, 38　祝園駅ー学研都市精華台, 39　祝園駅ー光台一丁目南, 46　祝園駅ー光台三丁目, 47　祝園駅-ATR, 56　祝園駅ー学研奈良登美ヶ丘駅, 58　祝園駅ー学研奈良登美ヶ丘駅（NTTけいはんな経由）, 59　祝園駅ー学研奈良登美ヶ丘駅, 68　祝園駅ーけいはんな記念公園, 73　祝園駅ー三山木駅, 74　祝園駅ー木津駅, 【文】同志社国際学院（祝園駅）"
役場・図書館,精華町,精華くるりんバス
精華町役場東,奈良交通（株）,"36　光台循環・内回り, 38　祝園駅ー学研都市精華台, 39　祝園駅ー光台一丁目南, 47　祝園駅-ATR, 56　祝園駅ー学研奈良登美ヶ丘駅, 58　祝園駅ー学研奈良登美ヶ丘駅（NTTけいはんな経由）, 59　祝園駅ー学研奈良登美ヶ丘駅"
岡崎南口,木津川市,奥畑線
河原,木津川市,奥畑線
祝園駅東口,精華町,精華くるりんバス
椿井,木津川市,山城線
中森,木津川市,"奥畑線, 加茂通学線：奥畑〜加茂支所, 加茂通学線：加茂支所〜銭司"
中森,奈良交通（株）,66　加茂駅ー和束町小杉
南稲八妻,精華町,精華くるりんバス
打田宮東,奈良交通（株）,90・91　三山木駅ー水取ー高船
山城中学校,木津川市,山城線
北ノ堂,精華町,精華くるりんバス
植田・南稲八妻,奈良交通（株）,"36　光台循環・内回り, 38　祝園駅ー学研都市精華台, 39　祝園駅ー光台一丁目南, 47　祝園駅-ATR, 56　祝園駅ー学研奈良登美ヶ丘駅, 58　祝園駅ー学研奈良登美ヶ丘駅（NTTけいはんな経由）, 59　祝園駅ー学研奈良登美ヶ丘駅"
南庄,精華町,精華くるりんバス
打田,奈良交通（株）,90・91　三山木駅ー水取ー高船
馬渕,精華町,精華くるりんバス
かしのき苑,精華町,精華くるりんバス
加茂駅西口,木津川市,"奥畑線, 加茂通学線：奥畑〜加茂支所, 加茂通学線：加茂支所〜銭司"
菅井,精華町,精華くるりんバス
上狛小学校,木津川市,山城線
精華台一丁目,奈良交通（株）,"36　光台循環・内回り, 38　祝園駅ー学研都市精華台, 39　祝園駅ー光台一丁目南, 47　祝園駅-ATR, 56　祝園駅ー学研奈良登美ヶ丘駅, 58　祝園駅ー学研奈良登美ヶ丘駅（NTTけいはんな経由）, 59　祝園駅ー学研奈良登美ヶ丘駅"
加茂駅,奈良交通（株）,66　加茂駅ー和束町小杉
菅井,奈良交通（株）,74　祝園駅ー木津駅
精華台二丁目,奈良交通（株）,"38　祝園駅ー学研都市精華台, 39　祝園駅ー光台一丁目南, 58　祝園駅ー学研奈良登美ヶ丘駅（NTTけいはんな経由）, 59　祝園駅ー学研奈良登美ヶ丘駅"
加茂駅東口,木津川市,当尾線
加茂駅,奈良交通（株）,"106・107　加茂駅ー京内橋, 109　加茂駅ーJR奈良駅, 209　加茂駅ーJR奈良駅西口"
上狛,木津川市,山城線
加茂支所,木津川市,"奥畑線, 加茂通学線：奥畑〜加茂支所, 加茂通学線：加茂支所〜銭司"
加茂草畑,木津川市,当尾線
加茂草畑,奈良交通（株）,"106・107　加茂駅ー京内橋, 109　加茂駅ーJR奈良駅, 209　加茂駅ーJR奈良駅西口"
東畑,精華町,精華くるりんバス
精華台三丁目,奈良交通（株）,"38　祝園駅ー学研都市精華台, 39　祝園駅ー光台一丁目南, 58　祝園駅ー学研奈良登美ヶ丘駅（NTTけいはんな経由）, 59　祝園駅ー学研奈良登美ヶ丘駅"
畑ノ前公園,奈良交通（株）,"36　光台循環・内回り, 47　祝園駅-ATR, 56　祝園駅ー学研奈良登美ヶ丘駅"
上狛駅口,木津川市,山城線
精華台,精華町,精華くるりんバス
精華台四丁目,奈良交通（株）,"38　祝園駅ー学研都市精華台, 39　祝園駅ー光台一丁目南, 58　祝園駅ー学研奈良登美ヶ丘駅（NTTけいはんな経由）, 59　祝園駅ー学研奈良登美ヶ丘駅"
精華台五丁目,奈良交通（株）,"38　祝園駅ー学研都市精華台, 39　祝園駅ー光台一丁目南, 58　祝園駅ー学研奈良登美ヶ丘駅（NTTけいはんな経由）, 59　祝園駅ー学研奈良登美ヶ丘駅"
精華台西,精華町,精華くるりんバス
学研都市精華台,奈良交通（株）,"38　祝園駅ー学研都市精華台, 39　祝園駅ー光台一丁目南, 58　祝園駅ー学研奈良登美ヶ丘駅（NTTけいはんな経由）, 59　祝園駅ー学研奈良登美ヶ丘駅"
トチノキ通り,奈良交通（株）,"36　光台循環・内回り, 47　祝園駅-ATR, 56　祝園駅ー学研奈良登美ヶ丘駅"
東畑口,精華町,精華くるりんバス
けいなわ通り,奈良交通（株）,"36　光台循環・内回り, 47　祝園駅-ATR, 56　祝園駅ー学研奈良登美ヶ丘駅"
けいなわ通り,京阪バス（株）,京都八条口〜学研プラザ
茶問屋街,木津川市,山城線
公園西通り,奈良交通（株）,"39　祝園駅ー光台一丁目南, 58　祝園駅ー学研奈良登美ヶ丘駅（NTTけいはんな経由）, 59　祝園駅ー学研奈良登美ヶ丘駅"
アピタ・コーナン前,精華町,精華くるりんバス
公園東通り,京阪バス（株）,京都八条口〜学研プラザ
公園東通り,奈良交通（株）,"36　光台循環・内回り, 46　祝園駅ー光台三丁目, 47　祝園駅-ATR, 56　祝園駅ー学研奈良登美ヶ丘駅"
学研けいはんなプラザ,京阪バス（株）,京都八条口〜学研プラザ
南加茂台一丁目,木津川市,当尾線
南加茂台一丁目,奈良交通（株）,"106・107　加茂駅ー京内橋, 109　加茂駅ーJR奈良駅, 209　加茂駅ーJR奈良駅西口"
KICK,京阪バス（株）,京都八条口〜学研プラザ
KICK,奈良交通（株）,28　山田川駅ーKICK
鹿背山,木津川市,きのつバス［木-2］
光台八丁目,奈良交通（株）,"36　光台循環・内回り, 56　祝園駅ー学研奈良登美ヶ丘駅"
東光小学校,精華町,精華くるりんバス
けいはんな記念公園南,奈良交通（株）,"36　光台循環・内回り, 46　祝園駅ー光台三丁目, 47　祝園駅-ATR, 56　祝園駅ー学研奈良登美ヶ丘駅"
木津川台一丁目,木津川市,きのつバス［木-3］
木津川台一丁目,奈良交通（株）,"19　高の原駅ー木津川台九丁目, 28　山田川駅ーKICK, 29　山田川駅ー木津川台九丁目, 68　祝園駅ーけいはんな記念公園"
上狛南,木津川市,山城線
けいはんな記念公園,奈良交通（株）,"28　山田川駅ーKICK, 36　光台循環・内回り, 46　祝園駅ー光台三丁目, 47　祝園駅-ATR, 56　祝園駅ー学研奈良登美ヶ丘駅, 68　祝園駅ーけいはんな記念公園"
光台七丁目,京阪バス（株）,京都八条口〜学研プラザ
光台七丁目,奈良交通（株）,"36　光台循環・内回り, 56　祝園駅ー学研奈良登美ヶ丘駅"
木津川台中央公園,木津川市,きのつバス［木-3］
木津川台中央公園,奈良交通（株）,"19　高の原駅ー木津川台九丁目, 28　山田川駅ーKICK, 29　山田川駅ー木津川台九丁目, 68　祝園駅ーけいはんな記念公園"
光台三丁目,奈良交通（株）,"36　光台循環・内回り, 46　祝園駅ー光台三丁目, 56　祝園駅ー学研奈良登美ヶ丘駅"
光台四丁目,奈良交通（株）,"36　光台循環・内回り, 56　祝園駅ー学研奈良登美ヶ丘駅"
泉大橋,木津川市,山城線
けいはんなプラザ,奈良交通（株）,"36　光台循環・内回り, 46　祝園駅ー光台三丁目, 56　祝園駅ー学研奈良登美ヶ丘駅, 58　祝園駅ー学研奈良登美ヶ丘駅（NTTけいはんな経由）, 59　祝園駅ー学研奈良登美ヶ丘駅"
けいはんなプラザ,京阪バス（株）,京都八条口〜学研プラザ
けいはんなプラザ,精華町,精華くるりんバス
国立国会図書館,京阪バス（株）,京都八条口〜学研プラザ
国立国会図書館,奈良交通（株）,"36　光台循環・内回り, 39　祝園駅ー光台一丁目南, 46　祝園駅ー光台三丁目, 47　祝園駅-ATR, 56　祝園駅ー学研奈良登美ヶ丘駅, 58　祝園駅ー学研奈良登美ヶ丘駅（NTTけいはんな経由）, 59　祝園駅ー学研奈良登美ヶ丘駅"
ATR,奈良交通（株）,"36　光台循環・内回り, 46　祝園駅ー光台三丁目, 47　祝園駅-ATR, 56　祝園駅ー学研奈良登美ヶ丘駅, 58　祝園駅ー学研奈良登美ヶ丘駅（NTTけいはんな経由）, 59　祝園駅ー学研奈良登美ヶ丘駅"
光台一丁目,奈良交通（株）,"36　光台循環・内回り, 39　祝園駅ー光台一丁目南, 46　祝園駅ー光台三丁目, 47　祝園駅-ATR, 56　祝園駅ー学研奈良登美ヶ丘駅, 58　祝園駅ー学研奈良登美ヶ丘駅（NTTけいはんな経由）, 59　祝園駅ー学研奈良登美ヶ丘駅"
宮ノ前,木津川市,きのつバス［木-3］
木津川台二丁目,木津川市,きのつバス［木-3］
木津川台二丁目,奈良交通（株）,"19　高の原駅ー木津川台九丁目, 28　山田川駅ーKICK, 29　山田川駅ー木津川台九丁目, 68　祝園駅ーけいはんな記念公園"
東光小学校,奈良交通（株）,"36　光台循環・内回り, 56　祝園駅ー学研奈良登美ヶ丘駅"
白口,木津川市,きのつバス［木-2］
木津川台六丁目,木津川市,きのつバス［木-3］
木津川台六丁目,奈良交通（株）,"19　高の原駅ー木津川台九丁目, 28　山田川駅ーKICK, 29　山田川駅ー木津川台九丁目, 68　祝園駅ーけいはんな記念公園"
木津川台六丁目,京阪バス（株）,京都八条口〜学研プラザ
光台一丁目南,奈良交通（株）,39　祝園駅ー光台一丁目南
南加茂台二丁目,奈良交通（株）,"106・107　加茂駅ー京内橋, 109　加茂駅ーJR奈良駅, 209　加茂駅ーJR奈良駅西口"
光台二丁目,奈良交通（株）,"36　光台循環・内回り, 58　祝園駅ー学研奈良登美ヶ丘駅（NTTけいはんな経由）, 59　祝園駅ー学研奈良登美ヶ丘駅"
NTTけいはんな,奈良交通（株）,58　祝園駅ー学研奈良登美ヶ丘駅（NTTけいはんな経由）
宮ノ裏,木津川市,きのつバス［木-2］
吐師,奈良交通（株）,74　祝園駅ー木津駅
木津川台七丁目,木津川市,きのつバス［木-3］
木津川台七丁目,奈良交通（株）,"19　高の原駅ー木津川台九丁目, 28　山田川駅ーKICK, 29　山田川駅ー木津川台九丁目, 68　祝園駅ーけいはんな記念公園"
光台コミュニティホール,精華町,精華くるりんバス
宮ノ裏西口,木津川市,きのつバス［木-2］
光台六丁目西,奈良交通（株）,"36　光台循環・内回り, 56　祝園駅ー学研奈良登美ヶ丘駅"
木津川台八丁目,木津川市,きのつバス［木-3］
木津川台八丁目,奈良交通（株）,"19　高の原駅ー木津川台九丁目, 28　山田川駅ーKICK, 29　山田川駅ー木津川台九丁目, 68　祝園駅ーけいはんな記念公園"
木津川台住宅,木津川市,きのつバス［木-3］
木津川台住宅,奈良交通（株）,"19　高の原駅ー木津川台九丁目, 28　山田川駅ーKICK, 29　山田川駅ー木津川台九丁目, 68　祝園駅ーけいはんな記念公園"
光台五丁目,奈良交通（株）,"36　光台循環・内回り, 58　祝園駅ー学研奈良登美ヶ丘駅（NTTけいはんな経由）, 59　祝園駅ー学研奈良登美ヶ丘駅"
光台六丁目,京阪バス（株）,京都八条口〜学研プラザ
光台六丁目,奈良交通（株）,"36　光台循環・内回り, 56　祝園駅ー学研奈良登美ヶ丘駅"
木津川台九丁目,奈良交通（株）,"19　高の原駅ー木津川台九丁目, 28　山田川駅ーKICK, 29　山田川駅ー木津川台九丁目, 68　祝園駅ーけいはんな記念公園"
木津川台九丁目,京阪バス（株）,京都八条口〜学研プラザ
宮之堀,木津川市,きのつバス［木-2］
同志社国際学院,奈良交通（株）,"【文】同志社国際学院（祝園駅）, 【文】同志社国際学院（学研奈良登美ヶ丘駅）"
南加茂台五丁目,奈良交通（株）,"106・107　加茂駅ー京内橋, 109　加茂駅ーJR奈良駅, 208　南加茂台五丁目ーJR奈良駅西口, 209　加茂駅ーJR奈良駅西口"
尻枝口,木津川市,当尾線
下手口,木津川市,当尾線
塚穴公園,奈良交通（株）,"106・107　加茂駅ー京内橋, 109　加茂駅ーJR奈良駅, 208　南加茂台五丁目ーJR奈良駅西口, 209　加茂駅ーJR奈良駅西口"
京内橋,奈良交通（株）,"106・107　加茂駅ー京内橋, 109　加茂駅ーJR奈良駅, 208　南加茂台五丁目ーJR奈良駅西口, 209　加茂駅ーJR奈良駅西口"
山田川駅,木津川市,"きのつバス［木-1］, きのつバス［木-2］, きのつバス［木-3］"
山田川駅,奈良交通（株）,"19　高の原駅ー木津川台九丁目, 28　山田川駅ーKICK, 29　山田川駅ー木津川台九丁目"
山田川駅,精華町,精華くるりんバス
清水橋,木津川市,"きのつバス［木-1］, きのつバス［木-2］, きのつバス［木-3］"
清水橋,奈良交通（株）,74　祝園駅ー木津駅
木津北の庄,木津川市,"きのつバス［木-1］, きのつバス［木-2］, きのつバス［木-3］"
木津北の庄,奈良交通（株）,74　祝園駅ー木津駅
光台南,奈良交通（株）,"56　祝園駅ー学研奈良登美ヶ丘駅, 58　祝園駅ー学研奈良登美ヶ丘駅（NTTけいはんな経由）, 59　祝園駅ー学研奈良登美ヶ丘駅"
光台南,精華町,精華くるりんバス
木津中学校前,木津川市,"きのつバス［木-1］, きのつバス［木-2］, きのつバス［木-3］"
木津中学校前,奈良交通（株）,74　祝園駅ー木津駅
南後背,木津川市,"きのつバス［木-1］, きのつバス［木-2］, きのつバス［木-3］"
南後背,奈良交通（株）,74　祝園駅ー木津駅
神田,木津川市,"きのつバス［木-1］, きのつバス［木-2］, きのつバス［木-3］"
神田（木津川市）,奈良交通（株）,74　祝園駅ー木津駅
木津駅（東口）,奈良交通（株）,"12　州見台八丁目ー木津駅, 13・14　木津城山台循環, 34　高の原駅ー木津駅"
中央図書館,木津川市,"きのつバス［木-1］, きのつバス［木-2］, きのつバス［木-3］"
木津駅,木津川市,"きのつバス［木-1］, きのつバス［木-2］, きのつバス［木-3］, 山城線"
木津駅,奈良交通（株）,74　祝園駅ー木津駅
木津,木津川市,"きのつバス［木-1］, きのつバス［木-2］, きのつバス［木-3］, 山城線"
木津,奈良交通（株）,74　祝園駅ー木津駅
高田東口,奈良交通（株）,"109　加茂駅ーJR奈良駅, 208　南加茂台五丁目ーJR奈良駅西口, 209　加茂駅ーJR奈良駅西口"
木津本町,木津川市,"きのつバス［木-1］, きのつバス［木-2］, きのつバス［木-3］"
木津本町,奈良交通（株）,74　祝園駅ー木津駅
木津川市役所,木津川市,"きのつバス［木-1］, きのつバス［木-2］, きのつバス［木-3］"
木津川市役所,奈良交通（株）,74　祝園駅ー木津駅
山田高橋,精華町,精華くるりんバス
山田,精華町,精華くるりんバス
木津城山台中央,奈良交通（株）,"12　州見台八丁目ー木津駅, 13・14　木津城山台循環, 34　高の原駅ー木津駅"
三丁目,木津川市,きのつバス［木-3］
脇田,奈良交通（株）,"109　加茂駅ーJR奈良駅, 208　南加茂台五丁目ーJR奈良駅西口, 209　加茂駅ーJR奈良駅西口"
京大農場,奈良交通（株）,"13・14　木津城山台循環, 34　高の原駅ー木津駅"
光が丘幼稚園,精華町,精華くるりんバス
辻,木津川市,当尾線
乾谷,奈良交通（株）,82　高山サイエンスタウンー高の原駅
乾谷,精華町,精華くるりんバス
川原田,木津川市,きのつバス［木-1］
五丁目,木津川市,きのつバス［木-3］
木津城山台六丁目,奈良交通（株）,"13・14　木津城山台循環, 34　高の原駅ー木津駅"
柘榴西,奈良交通（株）,"56　祝園駅ー学研奈良登美ヶ丘駅, 58　祝園駅ー学研奈良登美ヶ丘駅（NTTけいはんな経由）, 59　祝園駅ー学研奈良登美ヶ丘駅"
ハイタッチ・リサーチパーク,木津川市,"きのつバス［木-1］, きのつバス［木-3］"
ハイタッチ・リサーチパーク,奈良交通（株）,19　高の原駅ー木津川台九丁目
いずみホール,木津川市,きのつバス［木-3］
木津城址公園,奈良交通（株）,"12　州見台八丁目ー木津駅, 13・14　木津城山台循環"
相楽台北,木津川市,"きのつバス［木-2］, きのつバス［木-3］"
柘榴,奈良交通（株）,82　高山サイエンスタウンー高の原駅
柘榴,精華町,精華くるりんバス
相楽,木津川市,"きのつバス［木-2］, きのつバス［木-3］"
女性センター,木津川市,"きのつバス［木-2］, きのつバス［木-3］"
勝風口,木津川市,当尾線
精華南中学校,精華町,精華くるりんバス
浄瑠璃寺口,奈良交通（株）,"109　加茂駅ーJR奈良駅, 208　南加茂台五丁目ーJR奈良駅西口, 209　加茂駅ーJR奈良駅西口"
兜台五丁目,奈良交通（株）,21　兜台5丁目ー高の原駅
南陽高校,木津川市,"きのつバス［木-1］, きのつバス［木-3］"
南陽高校,奈良交通（株）,"19　高の原駅ー木津川台九丁目, 82　高山サイエンスタウンー高の原駅"
五丁目南,木津川市,きのつバス［木-3］
中央体育館,木津川市,きのつバス［木-3］
精華桜が丘二丁目,奈良交通（株）,21　兜台5丁目ー高の原駅
池谷公園前,精華町,精華くるりんバス
木津城山台五丁目,奈良交通（株）,"13・14　木津城山台循環, 34　高の原駅ー木津駅"
大畑口,木津川市,当尾線
桜が丘,精華町,精華くるりんバス
精華桜が丘四丁目,奈良交通（株）,21　兜台5丁目ー高の原駅
相楽台西,木津川市,きのつバス［木-2］
相楽台中央,木津川市,きのつバス［木-2］
木津城山台九丁目,奈良交通（株）,"12　州見台八丁目ー木津駅, 13・14　木津城山台循環"
兜台七丁目,木津川市,きのつバス［木-2］
高田西口,奈良交通（株）,"109　加茂駅ーJR奈良駅, 208　南加茂台五丁目ーJR奈良駅西口, 209　加茂駅ーJR奈良駅西口"
木津城山台十二丁目,奈良交通（株）,"13・14　木津城山台循環, 34　高の原駅ー木津駅"
相楽台小学校,木津川市,きのつバス［木-2］
木津城山台十一丁目,奈良交通（株）,"13・14　木津城山台循環, 34　高の原駅ー木津駅"
兜台四丁目,木津川市,"きのつバス［木-1］, きのつバス［木-2］, きのつバス［木-3］"
兜台四丁目,奈良交通（株）,"19　高の原駅ー木津川台九丁目, 82　高山サイエンスタウンー高の原駅"
精華桜が丘三丁目,奈良交通（株）,"21　兜台5丁目ー高の原駅, 77　学研奈良登美ヶ丘駅ー高の原駅"
兜台一丁目,木津川市,"きのつバス［木-1］, きのつバス［木-2］, きのつバス［木-3］"
兜台一丁目,奈良交通（株）,"7　高の原駅ー神功四丁目, 19　高の原駅ー木津川台九丁目, 21　兜台5丁目ー高の原駅, 77　学研奈良登美ヶ丘駅ー高の原駅, 82　高山サイエンスタウンー高の原駅"
兜台一丁目西,木津川市,"きのつバス［木-1］, きのつバス［木-2］, きのつバス［木-3］"
兜台一丁目西,奈良交通（株）,"7　高の原駅ー神功四丁目, 19　高の原駅ー木津川台九丁目, 21　兜台5丁目ー高の原駅, 77　学研奈良登美ヶ丘駅ー高の原駅, 82　高山サイエンスタウンー高の原駅"
兜台二丁目,奈良交通（株）,"21　兜台5丁目ー高の原駅, 77　学研奈良登美ヶ丘駅ー高の原駅"
相楽台東,木津川市,きのつバス［木-2］
鶉原,奈良交通（株）,"109　加茂駅ーJR奈良駅, 208　南加茂台五丁目ーJR奈良駅西口, 209　加茂駅ーJR奈良駅西口"
兜台三丁目,奈良交通（株）,"21　兜台5丁目ー高の原駅, 77　学研奈良登美ヶ丘駅ー高の原駅"
加茂山の家,木津川市,当尾線
西畑口,木津川市,当尾線
市坂,木津川市,きのつバス［木-1］
西畑,木津川市,当尾線
梅谷,木津川市,きのつバス［木-1］
上梅谷,奈良交通（株）,"109　加茂駅ーJR奈良駅, 208　南加茂台五丁目ーJR奈良駅西口, 209　加茂駅ーJR奈良駅西口"
西小,木津川市,当尾線
下梅谷,奈良交通（株）,"109　加茂駅ーJR奈良駅, 208　南加茂台五丁目ーJR奈良駅西口, 209　加茂駅ーJR奈良駅西口"
岩船寺,木津川市,当尾線
市坂南口,木津川市,きのつバス［木-1］
梅美台二丁目,奈良交通（株）,"12　州見台八丁目ー木津駅, 34　高の原駅ー木津駅, 109　加茂駅ーJR奈良駅, 210　梅美台循環・外回り, 211　梅美台2丁目ーJR奈良駅西口, 212　JR奈良駅西口ー関西光化学研究所（休日）"
梅美台三丁目,奈良交通（株）,"12　州見台八丁目ー木津駅, 30・31　高の原駅ー梅美台三丁目, 34　高の原駅ー木津駅, 208　南加茂台五丁目ーJR奈良駅西口, 209　加茂駅ーJR奈良駅西口, 210　梅美台循環・外回り, 211　梅美台2丁目ーJR奈良駅西口, 212　JR奈良駅西口ー関西光化学研究所（休日）"
東小,木津川市,当尾線
州見台八丁目北,木津川市,きのつバス［木-1］
州見台八丁目北,奈良交通（株）,"12　州見台八丁目ー木津駅, 30・31　高の原駅ー梅美台三丁目, 34　高の原駅ー木津駅, 153　JR奈良駅ー州見台八丁目, 154　近鉄奈良駅ー州見台八丁目, 155　州見台八丁目ー近鉄奈良駅, 156　州見台八丁目ーJR奈良駅"
分校橋,木津川市,きのつバス［木-1］
浄瑠璃寺前,木津川市,当尾線
州見台七丁目,木津川市,きのつバス［木-1］
州見台七丁目,奈良交通（株）,"12　州見台八丁目ー木津駅, 30・31　高の原駅ー梅美台三丁目, 34　高の原駅ー木津駅, 153　JR奈良駅ー州見台八丁目, 154　近鉄奈良駅ー州見台八丁目, 155　州見台八丁目ー近鉄奈良駅, 156　州見台八丁目ーJR奈良駅"
州見橋東,木津川市,きのつバス［木-1］
州見橋東,奈良交通（株）,"12　州見台八丁目ー木津駅, 30・31　高の原駅ー梅美台三丁目, 34　高の原駅ー木津駅, 153　JR奈良駅ー州見台八丁目, 154　近鉄奈良駅ー州見台八丁目, 155　州見台八丁目ー近鉄奈良駅, 156　州見台八丁目ーJR奈良駅"
州見台八丁目,木津川市,きのつバス［木-1］
州見台八丁目,奈良交通（株）,"12　州見台八丁目ー木津駅, 153　JR奈良駅ー州見台八丁目, 154　近鉄奈良駅ー州見台八丁目, 155　州見台八丁目ー近鉄奈良駅, 156　州見台八丁目ーJR奈良駅"
州見台五丁目,木津川市,きのつバス［木-1］
州見台五丁目,奈良交通（株）,"12　州見台八丁目ー木津駅, 30・31　高の原駅ー梅美台三丁目, 34　高の原駅ー木津駅, 153　JR奈良駅ー州見台八丁目, 154　近鉄奈良駅ー州見台八丁目, 155　州見台八丁目ー近鉄奈良駅, 156　州見台八丁目ーJR奈良駅"
州見台七丁目東,木津川市,きのつバス［木-1］
州見台七丁目東,奈良交通（株）,"12　州見台八丁目ー木津駅, 30・31　高の原駅ー梅美台三丁目, 34　高の原駅ー木津駅, 153　JR奈良駅ー州見台八丁目, 154　近鉄奈良駅ー州見台八丁目, 155　州見台八丁目ー近鉄奈良駅, 156　州見台八丁目ーJR奈良駅"
梅美台五丁目,木津川市,きのつバス［木-1］
梅美台五丁目,奈良交通（株）,"12　州見台八丁目ー木津駅, 30・31　高の原駅ー梅美台三丁目, 34　高の原駅ー木津駅, 208　南加茂台五丁目ーJR奈良駅西口, 209　加茂駅ーJR奈良駅西口, 210　梅美台循環・外回り, 211　梅美台2丁目ーJR奈良駅西口, 212　JR奈良駅西口ー関西光化学研究所（休日）"
州見台六丁目,木津川市,きのつバス［木-1］
州見台六丁目,奈良交通（株）,"12　州見台八丁目ー木津駅, 30・31　高の原駅ー梅美台三丁目, 34　高の原駅ー木津駅, 153　JR奈良駅ー州見台八丁目, 154　近鉄奈良駅ー州見台八丁目, 155　州見台八丁目ー近鉄奈良駅, 156　州見台八丁目ーJR奈良駅"
梅美台西,木津川市,きのつバス［木-1］
梅美台西,奈良交通（株）,"12　州見台八丁目ー木津駅, 30・31　高の原駅ー梅美台三丁目, 34　高の原駅ー木津駅, 109　加茂駅ーJR奈良駅, 153　JR奈良駅ー州見台八丁目, 154　近鉄奈良駅ー州見台八丁目, 155　州見台八丁目ー近鉄奈良駅, 156　州見台八丁目ーJR奈良駅, 208　南加茂台五丁目ーJR奈良駅西口, 209　加茂駅ーJR奈良駅西口, 210　梅美台循環・外回り, 211　梅美台2丁目ーJR奈良駅西口, 212　JR奈良駅西口ー関西光化学研究所（休日）"
関西光科学研究所,木津川市,きのつバス［木-1］
関西光科学研究所,奈良交通（株）,"12　州見台八丁目ー木津駅, 30・31　高の原駅ー梅美台三丁目, 34　高の原駅ー木津駅, 208　南加茂台五丁目ーJR奈良駅西口, 209　加茂駅ーJR奈良駅西口, 210　梅美台循環・外回り, 211　梅美台2丁目ーJR奈良駅西口, 212　JR奈良駅西口ー関西光化学研究所（休日）"
梅美台小学校,木津川市,きのつバス［木-1］
梅美台小学校,奈良交通（株）,"12　州見台八丁目ー木津駅, 30・31　高の原駅ー梅美台三丁目, 34　高の原駅ー木津駅, 208　南加茂台五丁目ーJR奈良駅西口, 209　加茂駅ーJR奈良駅西口, 210　梅美台循環・外回り, 211　梅美台2丁目ーJR奈良駅西口, 212　JR奈良駅西口ー関西光化学研究所（休日）"
梅美台七丁目,木津川市,きのつバス［木-1］
梅美台七丁目,奈良交通（株）,"12　州見台八丁目ー木津駅, 30・31　高の原駅ー梅美台三丁目, 34　高の原駅ー木津駅, 208　南加茂台五丁目ーJR奈良駅西口, 209　加茂駅ーJR奈良駅西口, 210　梅美台循環・外回り, 211　梅美台2丁目ーJR奈良駅西口, 212　JR奈良駅西口ー関西光化学研究所（休日）"
綾吾谷,奈良交通（株）,"96　JR奈良駅ー下狭川, 105・106　広岡ーJR奈良駅西口"
