停留所名,事業者名,バス系統
沖泊,松江市,島根コミュニティバス
多古,松江市,島根コミュニティバス
瀬崎,松江市,島根コミュニティバス
小波,松江市,島根コミュニティバス
花水樹,松江市,島根コミュニティバス
雨谷入口,松江市,島根コミュニティバス
野井,松江市,島根コミュニティバス
野波海浜公園,松江市,島根コミュニティバス
JF野井出張所前,松江市,島根コミュニティバス
代官家橋,松江市,島根コミュニティバス
野波,松江市,島根コミュニティバス
釜屋橋,松江市,島根コミュニティバス
笠浦漁業会前,松江市,美保関コミュニティバス　笠浦線
笠浦入口,松江市,美保関コミュニティバス　笠浦線
笠浦,松江市,美保関コミュニティバス　笠浦線
諸喰,松江市,美保関コミュニティバス　法田・諸喰・雲津線
雲津,松江市,美保関コミュニティバス　法田・諸喰・雲津線
メテオプラザ,松江市,美保関コミュニティバス　七類線
七類港,日ノ丸自動車（株）,隠岐連絡　米子駅〜境港駅/七類港行
七類港,一畑バス（株）,隠岐汽船接続バス　松江七類線
法田,松江市,美保関コミュニティバス　法田・諸喰・雲津線
佐波,松江市,島根コミュニティバス
七類港入口,松江市,美保関コミュニティバス　七類線
七類,松江市,美保関コミュニティバス　七類線
軽尾,松江市,美保関コミュニティバス　軽尾・才浦線
農協前,松江市,美保関コミュニティバス　七類線
惣津,松江市,美保関コミュニティバス　七類線
才浦,松江市,美保関コミュニティバス　軽尾・才浦線
笹子,松江市,美保関コミュニティバス　七類線
美保関灯台,日ノ丸自動車（株）,ゑびすライナー　美保関灯台〜米子鬼太郎空港行
千酌西入口,松江市,美保関コミュニティバス　笠浦線
マリンプラザ前,松江市,島根コミュニティバス
マリンプラザ前,一畑バス（株）,【松江管内】マリンプラザ線
JF加賀出張所前,松江市,島根コミュニティバス
JF加賀出張所前,一畑バス（株）,【松江管内】マリンプラザ線
島根中学校前,松江市,島根コミュニティバス
JA島根前,松江市,島根コミュニティバス
松江市島根支所前,松江市,島根コミュニティバス
島根小学校前,松江市,島根コミュニティバス
新津集会所前,松江市,島根コミュニティバス
片江東,松江市,美保関コミュニティバス　七類線
加賀別所入口,松江市,島根コミュニティバス
新千酌橋,松江市,美保関コミュニティバス　笠浦線
美保関,松江市,美保関コミュニティバス　美保関線
美保神社前,日ノ丸自動車（株）,ゑびすライナー　美保関灯台〜米子鬼太郎空港行
稲積センター,松江市,美保関コミュニティバス　笠浦線
片江伊塚谷,松江市,美保関コミュニティバス　七類線
片江入口,松江市,美保関コミュニティバス　七類線
西の浜,松江市,島根コミュニティバス
西の浜,一畑バス（株）,【松江管内】マリンプラザ線
片江中央,松江市,美保関コミュニティバス　七類線
千酌東入口,松江市,美保関コミュニティバス　笠浦線
美保神社入口,松江市,美保関コミュニティバス　美保関線
片江西,松江市,美保関コミュニティバス　七類線
五本松公園入口,松江市,美保関コミュニティバス　美保関線
香梅の里,松江市,美保関コミュニティバス　七類線
北浦,松江市,美保関コミュニティバス　笠浦線
海崎,松江市,"美保関コミュニティバス　美保関線, 美保関コミュニティバス　軽尾・才浦線"
もく井,松江市,"美保関コミュニティバス　美保関線, 美保関コミュニティバス　軽尾・才浦線"
菅浦,松江市,美保関コミュニティバス　七類線
四谷,松江市,"美保関コミュニティバス　美保関線, 美保関コミュニティバス　軽尾・才浦線"
長浜,松江市,"美保関コミュニティバス　美保関線, 美保関コミュニティバス　軽尾・才浦線"
風ヶ浦,松江市,"美保関コミュニティバス　美保関線, 美保関コミュニティバス　軽尾・才浦線"
稲積,松江市,美保関コミュニティバス　笠浦線
男鹿,松江市,"美保関コミュニティバス　美保関線, 美保関コミュニティバス　軽尾・才浦線"
加賀別所下,松江市,島根コミュニティバス
楡木,松江市,島根コミュニティバス
北垣,松江市,島根コミュニティバス
北垣,一畑バス（株）,【松江管内】マリンプラザ線
マリンゲートしまね前,松江市,島根コミュニティバス
JF大芦出張所前,松江市,島根コミュニティバス
加賀別所集会所前,松江市,島根コミュニティバス
マリン保育所,松江市,島根コミュニティバス
宮の谷,松江市,"美保関コミュニティバス　美保関線, 美保関コミュニティバス　軽尾・才浦線"
小具,松江市,島根コミュニティバス
福浦東,松江市,"美保関コミュニティバス　美保関線, 美保関コミュニティバス　法田・諸喰・雲津線, 美保関コミュニティバス　軽尾・才浦線"
大芦浜,松江市,島根コミュニティバス
大碕神社,松江市,島根コミュニティバス
加賀別所,松江市,島根コミュニティバス
福浦,松江市,"美保関コミュニティバス　美保関線, 美保関コミュニティバス　法田・諸喰・雲津線, 美保関コミュニティバス　軽尾・才浦線"
宇井渡船場,松江市,"美保関コミュニティバス　美保関線, 美保関コミュニティバス　七類線, 美保関コミュニティバス　境港線, 美保関コミュニティバス　法田・諸喰・雲津線, 美保関コミュニティバス　軽尾・才浦線"
長島,松江市,"美保関コミュニティバス　美保関線, 美保関コミュニティバス　境港線, 美保関コミュニティバス　法田・諸喰・雲津線, 美保関コミュニティバス　軽尾・才浦線"
宇井,松江市,"美保関コミュニティバス　美保関線, 美保関コミュニティバス　七類線, 美保関コミュニティバス　法田・諸喰・雲津線, 美保関コミュニティバス　軽尾・才浦線"
中山,松江市,"美保関コミュニティバス　七類線, 美保関コミュニティバス　笠浦線"
日向浦,松江市,"美保関コミュニティバス　美保関線, 美保関コミュニティバス　法田・諸喰・雲津線, 美保関コミュニティバス　軽尾・才浦線"
海鳥上,松江市,島根コミュニティバス
森山造船所前,松江市,"美保関コミュニティバス　美保関線, 美保関コミュニティバス　法田・諸喰・雲津線, 美保関コミュニティバス　軽尾・才浦線"
海鳥,松江市,島根コミュニティバス
自衛隊前,松江市,"美保関コミュニティバス　美保関線, 美保関コミュニティバス　法田・諸喰・雲津線, 美保関コミュニティバス　軽尾・才浦線"
垣の内,一畑バス（株）,【松江管内】マリンプラザ線
小中村,松江市,"美保関コミュニティバス　美保関線, 美保関コミュニティバス　法田・諸喰・雲津線, 美保関コミュニティバス　軽尾・才浦線"
山陰家庭学院前,松江市,島根コミュニティバス
大芦別所入口,松江市,島根コミュニティバス
森山東口,松江市,"美保関コミュニティバス　美保関線, 美保関コミュニティバス　法田・諸喰・雲津線, 美保関コミュニティバス　軽尾・才浦線"
片句中央,松江市,"鹿島コミュニティバス　上講武線, 鹿島コミュニティバス　循環線, 鹿島コミュニティバス　片句線"
家庭学院入口,一畑バス（株）,【松江管内】マリンプラザ線
大芦別所,松江市,島根コミュニティバス
森山郵便局前,松江市,"美保関コミュニティバス　美保関線, 美保関コミュニティバス　法田・諸喰・雲津線, 美保関コミュニティバス　軽尾・才浦線"
片句入口,松江市,"鹿島コミュニティバス　上講武線, 鹿島コミュニティバス　循環線, 鹿島コミュニティバス　片句線"
森山公民館前,松江市,"美保関コミュニティバス　美保関線, 美保関コミュニティバス　法田・諸喰・雲津線, 美保関コミュニティバス　軽尾・才浦線"
森山入口,松江市,"美保関コミュニティバス　美保関線, 美保関コミュニティバス　法田・諸喰・雲津線, 美保関コミュニティバス　軽尾・才浦線"
倉内,松江市,"鹿島コミュニティバス　上講武線, 鹿島コミュニティバス　循環線, 鹿島コミュニティバス　片句線"
手角,一畑バス（株）,【松江管内】万原線
万原入口,松江市,"美保関コミュニティバス　七類線, 美保関コミュニティバス　笠浦線"
万原入口,一畑バス（株）,【松江管内】万原線
手結,松江市,"鹿島コミュニティバス　上講武線, 鹿島コミュニティバス　循環線, 鹿島コミュニティバス　片句線"
下宇部尾,松江市,"美保関コミュニティバス　美保関線, 美保関コミュニティバス　法田・諸喰・雲津線, 美保関コミュニティバス　軽尾・才浦線"
下宇部尾入口,松江市,"美保関コミュニティバス　美保関線, 美保関コミュニティバス　法田・諸喰・雲津線, 美保関コミュニティバス　軽尾・才浦線"
万原,松江市,"美保関コミュニティバス　七類線, 美保関コミュニティバス　笠浦線"
万原,一畑バス（株）,【松江管内】万原線
御津体育館下,一畑バス（株）,【松江管内】御津線
御津,一畑バス（株）,【松江管内】御津線
美保関ターミナル,一畑バス（株）,【松江管内】万原線
美保関（万原）バスターミナル,松江市,"美保関コミュニティバス　美保関線, 美保関コミュニティバス　七類線, 美保関コミュニティバス　笠浦線, 美保関コミュニティバス　法田・諸喰・雲津線, 美保関コミュニティバス　軽尾・才浦線"
御津越土,一畑バス（株）,【松江管内】御津線
島根原子力館,松江市,鹿島コミュニティバス　上講武線
支所前,松江市,"美保関コミュニティバス　美保関線, 美保関コミュニティバス　法田・諸喰・雲津線, 美保関コミュニティバス　軽尾・才浦線"
恵曇小学校,松江市,"鹿島コミュニティバス　上講武線, 鹿島コミュニティバス　循環線, 鹿島コミュニティバス　片句線"
枕木,松江市,本庄・持田コミュニティバス　枕木線
長海,一畑バス（株）,【松江管内】万原線
谷奥,松江市,鹿島コミュニティバス　上講武線
福野,松江市,"鹿島コミュニティバス　上講武線, 鹿島コミュニティバス　循環線, 鹿島コミュニティバス　片句線"
鹿島総合体育館,松江市,鹿島コミュニティバス　上講武線
集会所,松江市,本庄・持田コミュニティバス　枕木線
清水,松江市,鹿島コミュニティバス　上講武線
恵曇漁業会前,松江市,"鹿島コミュニティバス　上講武線, 鹿島コミュニティバス　循環線, 鹿島コミュニティバス　片句線"
児童公園前,松江市,"鹿島コミュニティバス　上講武線, 鹿島コミュニティバス　片句線"
恵曇,一畑バス（株）,【松江管内】恵曇線
恵曇連絡所,松江市,"鹿島コミュニティバス　上講武線, 鹿島コミュニティバス　循環線, 鹿島コミュニティバス　片句線"
北講武,一畑バス（株）,【松江管内】御津線
鹿島病院,松江市,"鹿島コミュニティバス　上講武線, 鹿島コミュニティバス　循環線, 鹿島コミュニティバス　片句線"
地冷,松江市,鹿島コミュニティバス　上講武線
恵曇郵便局前,松江市,鹿島コミュニティバス　循環線
恵曇郵便局前,一畑バス（株）,【松江管内】恵曇線
深田,松江市,"鹿島コミュニティバス　上講武線, 鹿島コミュニティバス　循環線, 鹿島コミュニティバス　片句線"
上講武中央,松江市,鹿島コミュニティバス　上講武線
西谷,一畑バス（株）,【松江管内】御津線
古浦漁業会前,松江市,"鹿島コミュニティバス　上講武線, 鹿島コミュニティバス　循環線, 鹿島コミュニティバス　片句線"
上講武入口,一畑バス（株）,【松江管内】マリンプラザ線
立花,松江市,鹿島コミュニティバス　上講武線
鹿島ふれあい館入口,松江市,"鹿島コミュニティバス　上講武線, 鹿島コミュニティバス　循環線"
鹿島ふれあい館入口,一畑バス（株）,【松江管内】御津線
武代,一畑バス（株）,【松江管内】恵曇線
みしまや鹿島店,松江市,鹿島コミュニティバス　循環線
鹿島ふれあい館,松江市,"鹿島コミュニティバス　上講武線, 鹿島コミュニティバス　循環線"
鹿島ふれあい館,一畑バス（株）,【松江管内】御津線
多久神社,松江市,鹿島コミュニティバス　上講武線
古浦,松江市,"鹿島コミュニティバス　上講武線, 鹿島コミュニティバス　循環線, 鹿島コミュニティバス　片句線"
古浦海水浴場,松江市,鹿島コミュニティバス　循環線
鹿島支所,松江市,"鹿島コミュニティバス　上講武線, 鹿島コミュニティバス　循環線, 鹿島コミュニティバス　片句線"
松江市役所鹿島支所前,一畑バス（株）,【松江管内】恵曇線
善花,一畑バス（株）,【松江管内】御津線
善花ファミリーマート,松江市,"鹿島コミュニティバス　上講武線, 鹿島コミュニティバス　循環線"
本郷,松江市,"鹿島コミュニティバス　上講武線, 鹿島コミュニティバス　循環線, 鹿島コミュニティバス　片句線"
本郷,一畑バス（株）,【松江管内】恵曇線
野原,一畑バス（株）,【松江管内】万原線
原子力発電所入口,松江市,"鹿島コミュニティバス　上講武線, 鹿島コミュニティバス　循環線"
原子力発電所入口,一畑バス（株）,【松江管内】恵曇線
佐太小学校前,松江市,鹿島コミュニティバス　循環線
根連木,松江市,鹿島コミュニティバス　循環線
中学校北口,松江市,"鹿島コミュニティバス　上講武線, 鹿島コミュニティバス　循環線"
二本橋,松江市,"鹿島コミュニティバス　上講武線, 鹿島コミュニティバス　循環線"
二本橋,一畑バス（株）,【松江管内】御津線
坂本上北山登山口,松江市,"本庄・持田コミュニティバス　枕木線, 本庄・持田コミュニティバス　上宇部尾線"
廻谷,松江市,鹿島コミュニティバス　循環線
川上神社前,松江市,"本庄・持田コミュニティバス　枕木線, 本庄・持田コミュニティバス　上宇部尾線"
邑生町農道入口,松江市,本庄・持田コミュニティバス　枕木線
山奥公民館前,一畑バス（株）,【松江管内】マリンプラザ線
小谷,松江市,鹿島コミュニティバス　上講武線
観音堂前,松江市,"本庄・持田コミュニティバス　枕木線, 本庄・持田コミュニティバス　上宇部尾線"
道の駅本庄,一畑バス（株）,【松江管内】万原線
川部集会所,松江市,"本庄・持田コミュニティバス　枕木線, 本庄・持田コミュニティバス　上宇部尾線"
仲田,松江市,鹿島コミュニティバス　循環線
南講武,松江市,"鹿島コミュニティバス　上講武線, 鹿島コミュニティバス　循環線"
鹿島中学校前,一畑バス（株）,【松江管内】恵曇線
福原入口,松江市,"本庄・持田コミュニティバス　枕木線, 本庄・持田コミュニティバス　上宇部尾線"
本庄中学校入口,一畑バス（株）,【松江管内】万原線
納蔵集会所,松江市,"本庄・持田コミュニティバス　枕木線, 本庄・持田コミュニティバス　上宇部尾線"
七日市,一畑バス（株）,【松江管内】御津線
山崎入口,松江市,"本庄・持田コミュニティバス　枕木線, 本庄・持田コミュニティバス　上宇部尾線"
君崎,松江市,鹿島コミュニティバス　循環線
木並集会所,松江市,"本庄・持田コミュニティバス　枕木線, 本庄・持田コミュニティバス　上宇部尾線"
才谷,松江市,鹿島コミュニティバス　循環線
枕木山入口,一畑バス（株）,【松江管内】万原線
坂本中公民館,松江市,"本庄・持田コミュニティバス　枕木線, 本庄・持田コミュニティバス　上宇部尾線"
才の谷入口,一畑バス（株）,【松江管内】御津線
才ノ谷団地入口,一畑バス（株）,【松江管内】御津線
江島,松江市,"【市営4八束①】八束町⇒江島⇒八束町⇒松江駅⇒乃木駅⇒商業高⇒市立病院, 【市営4八束②】八束町⇒江島⇒上宇部尾⇒松江駅⇒乃木駅⇒商業高⇒市立病院, 【市営4八束②】平成町車庫⇒商業高⇒乃木駅⇒松江駅⇒上宇部尾⇒江島⇒八束町, 八束コミュニティバス"
本庄,一畑バス（株）,【松江管内】万原線
新土手入口,松江市,鹿島コミュニティバス　循環線
新土手入口,一畑バス（株）,【松江管内】御津線
本庄公民館,松江市,"本庄・持田コミュニティバス　枕木線, 本庄・持田コミュニティバス　上宇部尾線"
中電宮内住宅前,松江市,鹿島コミュニティバス　循環線
新庄入口,一畑バス（株）,【松江管内】万原線
郵便局前,松江市,本庄・持田コミュニティバス　上宇部尾線
本庄郵便局前,一畑バス（株）,【松江管内】万原線
原,一畑バス（株）,【松江管内】万原線
川部入口,一畑バス（株）,【松江管内】万原線
佐太神社,松江市,鹿島コミュニティバス　循環線
山崎入口,一畑バス（株）,【松江管内】万原線
佐太神社前,一畑バス（株）,【松江管内】恵曇線
旭の森,一畑バス（株）,【松江管内】万原線
福原,一畑バス（株）,【松江管内】万原線
西地合入口,出雲市,平田生活バス　地合線
東地合入口,出雲市,平田生活バス　地合線
地合車庫,出雲市,平田生活バス　地合線
小倉,一畑バス（株）,【松江管内】マリンプラザ線
山路,一畑バス（株）,【松江管内】御津線
東持田農道入口,松江市,"本庄・持田コミュニティバス　枕木線, 本庄・持田コミュニティバス　上宇部尾線"
新庄集会所入口,松江市,本庄・持田コミュニティバス　上宇部尾線
坂本,一畑バス（株）,【松江管内】万原線
天路前,一畑バス（株）,【松江管内】恵曇線
平成ニュータウン北,松江市,【市営1川津②】県合同庁舎⇔相生⇔松江駅⇔北堀⇔平成ニュータウン
坂浦車庫,出雲市,平田生活バス　坂浦線
西持田,一畑バス（株）,【松江管内】マリンプラザ線
成相寺,松江市,古江コミュニティバス　成相寺・野間循環線
川原,一畑バス（株）,【松江管内】万原線
平成ニュータウン西,松江市,"【市営1川津②】県合同庁舎⇔相生⇔松江駅⇔北堀⇔平成ニュータウン, 本庄・持田コミュニティバス　枕木線, 本庄・持田コミュニティバス　上宇部尾線"
平成ニュータウン東,松江市,【市営1川津②】県合同庁舎⇔相生⇔松江駅⇔北堀⇔平成ニュータウン
竹の上,出雲市,平田生活バス　坂浦線
細原入口,出雲市,平田生活バス　地合線
二子神社前,松江市,八束コミュニティバス
亀尻,松江市,"【市営4八束①】八束町⇒江島⇒八束町⇒松江駅⇒乃木駅⇒商業高⇒市立病院, 【市営4八束②】八束町⇒江島⇒上宇部尾⇒松江駅⇒乃木駅⇒商業高⇒市立病院, 【市営4八束②】平成町車庫⇒商業高⇒乃木駅⇒松江駅⇒上宇部尾⇒江島⇒八束町"
野間,松江市,古江コミュニティバス　成相寺・野間循環線
馬渡,松江市,"【市営4八束①】八束町⇒江島⇒八束町⇒松江駅⇒乃木駅⇒商業高⇒市立病院, 【市営4八束②】八束町⇒江島⇒上宇部尾⇒松江駅⇒乃木駅⇒商業高⇒市立病院, 【市営4八束②】平成町車庫⇒商業高⇒乃木駅⇒松江駅⇒上宇部尾⇒江島⇒八束町, 八束コミュニティバス"
亀尻集会所,松江市,八束コミュニティバス
二子,松江市,"【市営4八束①】八束町⇒江島⇒八束町⇒松江駅⇒乃木駅⇒商業高⇒市立病院, 【市営4八束②】八束町⇒江島⇒上宇部尾⇒松江駅⇒乃木駅⇒商業高⇒市立病院, 【市営4八束②】平成町車庫⇒商業高⇒乃木駅⇒松江駅⇒上宇部尾⇒江島⇒八束町"
小伊津漁港,出雲市,平田生活バス　坂浦線
平成ニュータウン南,松江市,【市営1川津②】県合同庁舎⇔相生⇔松江駅⇔北堀⇔平成ニュータウン
寺津,松江市,"【市営4八束①】八束町⇒江島⇒八束町⇒松江駅⇒乃木駅⇒商業高⇒市立病院, 【市営4八束②】八束町⇒江島⇒上宇部尾⇒松江駅⇒乃木駅⇒商業高⇒市立病院, 【市営4八束②】平成町車庫⇒商業高⇒乃木駅⇒松江駅⇒上宇部尾⇒江島⇒八束町, 八束コミュニティバス"
西生馬,一畑バス（株）,【松江管内】御津線
中尾,一畑バス（株）,【松江管内】万原線
株ヶ床入口,出雲市,平田生活バス　地合線
畑谷入口,松江市,古江コミュニティバス　畑谷線
牛切作業所,松江市,古江コミュニティバス　成相寺・野間循環線
上佐陀,一畑バス（株）,【松江管内】恵曇線
小伊津,出雲市,平田生活バス　坂浦線
佐香コミュニティセンター前,出雲市,平田生活バス　坂浦線
和田,一畑バス（株）,【松江管内】マリンプラザ線
西の谷入口,一畑バス（株）,【松江管内】御津線
北山団地入口,松江市,【市営1川津②】県合同庁舎⇔相生⇔松江駅⇔北堀⇔平成ニュータウン
北山団地入口,一畑バス（株）,【松江管内】万原線
回春苑,松江市,本庄・持田コミュニティバス　上宇部尾線
回生館,松江市,本庄・持田コミュニティバス　上宇部尾線
テクノアークしまね,松江市,"【市営5八重垣④】八重垣神社⇒桧山⇒松江駅⇒くにびき⇒ソフトビジネスパーク, 【市営5八重垣④】八重垣神社⇔虹⇔桧山⇔松江駅⇔くにびき⇔ソフトビジネスパーク, 【市営5八重垣④】松江駅⇔くにびき⇔ソフトビジネスパーク, 【市営6病院③】市立病院⇔西の原⇔桧山⇔松江駅⇔くにびき⇔ソフトビジネスパーク, 【市営6病院③】平成町車庫⇒西の原⇒生協前⇒松江駅⇒くにびき⇒ソフトビジネスパーク, 【市営6病院③】平成町車庫⇔西の原⇔桧山⇔松江駅⇔くにびき⇔ソフトビジネスパーク"
持田公民館,松江市,"本庄・持田コミュニティバス　枕木線, 本庄・持田コミュニティバス　上宇部尾線"
生馬が丘西,一畑バス（株）,【松江管内】御津線
庄部別れ,出雲市,平田生活バス　坂浦線
小伊津車庫,出雲市,平田生活バス　坂浦線
生馬が丘,一畑バス（株）,【松江管内】御津線
宮谷,出雲市,平田生活バス　地合線
嵩山入口,松江市,【市営1川津②】県合同庁舎⇔相生⇔松江駅⇔北堀⇔平成ニュータウン
嵩山入口,一畑バス（株）,【松江管内】万原線
庄部停留所,出雲市,平田生活バス　坂浦線
峰垣入口,松江市,古江コミュニティバス　成相寺・野間循環線
一畑北垣,出雲市,平田生活バス　一畑薬師線
北垣,出雲市,平田生活バス　一畑薬師線
持田,松江市,【市営1川津②】県合同庁舎⇔相生⇔松江駅⇔北堀⇔平成ニュータウン
持田,一畑バス（株）,【松江管内】万原線
上組公民館,松江市,古江コミュニティバス　畑谷線
生馬が丘南,一畑バス（株）,【松江管内】御津線
下佐陀,一畑バス（株）,【松江管内】恵曇線
法吉団地,松江市,"【市営9法吉①】松江駅⇒石橋⇒東淞北台⇒比津が丘⇒久米⇒西原⇒日赤⇒松江駅, 【市営9法吉①】松江駅⇒西原⇒久米⇒比津が丘⇒東淞北台⇒石橋⇒日赤⇒松江駅, 【市営9法吉②】松江駅⇒石橋⇒東淞北台⇒はなうみ苑⇒比津が丘⇒法吉公民館, 【市営9法吉②】松江駅⇒石橋⇒東淞北台⇒はなうみ苑⇒法吉公民館⇒西原⇒日赤⇒松江駅, 【市営9法吉②】松江駅⇒石橋⇒東淞北台⇒比津が丘⇒法吉公民館⇒西原⇒日赤⇒松江駅, 【市営9法吉②】松江駅⇒西原⇒法吉公民館⇒はなうみ苑⇒東淞北台⇒石橋⇒日赤⇒松江駅, 【市営9法吉②】松江駅⇒西原⇒法吉公民館⇒比津が丘⇒東淞北台⇒石橋⇒日赤⇒松江駅, 【市営9法吉②】法吉公民館⇒比津が丘⇒はなうみ苑⇒東淞北台⇒石橋⇒日赤⇒松江駅"
畑尻,松江市,"【市営4八束①】八束町⇒江島⇒八束町⇒松江駅⇒乃木駅⇒商業高⇒市立病院, 【市営4八束①】市立病院⇔商業高⇔乃木駅⇔松江駅⇔大海崎⇔八束町, 【市営4八束①】平成町車庫⇒商業高⇒乃木駅⇒松江駅⇒大海崎⇒八束町, 【市営4八束①】松江駅⇔女子高⇔大海崎⇔八束町, 【市営4八束②】八束町⇒上宇部尾⇒女子高⇒松江駅⇒乃木駅⇒商業高⇒市立病院, 【市営4八束②】八束町⇒上宇部尾⇒女子高⇒松江駅⇒乃木駅⇒商業高⇒平成町車庫, 【市営4八束②】八束町⇒江島⇒上宇部尾⇒松江駅⇒乃木駅⇒商業高⇒市立病院, 【市営4八束②】平成町車庫⇒商業高⇒乃木駅⇒松江駅⇒上宇部尾⇒江島⇒八束町, 【市営4八束②】松江駅⇔県民会館⇔女子高⇔上宇部尾⇔八束町, 八束コミュニティバス"
菅沢,出雲市,平田生活バス　坂浦線
竹崎団地入口,一畑バス（株）,【松江管内】マリンプラザ線
八束体育館前,松江市,"【市営4八束①】八束町⇒江島⇒八束町⇒松江駅⇒乃木駅⇒商業高⇒市立病院, 【市営4八束②】八束町⇒江島⇒上宇部尾⇒松江駅⇒乃木駅⇒商業高⇒市立病院, 【市営4八束②】平成町車庫⇒商業高⇒乃木駅⇒松江駅⇒上宇部尾⇒江島⇒八束町"
ソフトビジネスパーク入口,松江市,"【市営5八重垣④】八重垣神社⇒桧山⇒松江駅⇒くにびき⇒ソフトビジネスパーク, 【市営5八重垣④】八重垣神社⇔虹⇔桧山⇔松江駅⇔くにびき⇔ソフトビジネスパーク, 【市営5八重垣④】松江駅⇔くにびき⇔ソフトビジネスパーク, 【市営6病院③】市立病院⇔西の原⇔桧山⇔松江駅⇔くにびき⇔ソフトビジネスパーク, 【市営6病院③】平成町車庫⇒西の原⇒生協前⇒松江駅⇒くにびき⇒ソフトビジネスパーク, 【市営6病院③】平成町車庫⇔西の原⇔桧山⇔松江駅⇔くにびき⇔ソフトビジネスパーク"
はなうみ苑,松江市,"【市営9法吉②】松江駅⇒石橋⇒東淞北台⇒はなうみ苑⇒比津が丘⇒法吉公民館, 【市営9法吉②】松江駅⇒石橋⇒東淞北台⇒はなうみ苑⇒法吉公民館⇒西原⇒日赤⇒松江駅, 【市営9法吉②】松江駅⇒西原⇒法吉公民館⇒はなうみ苑⇒東淞北台⇒石橋⇒日赤⇒松江駅, 【市営9法吉②】法吉公民館⇒比津が丘⇒はなうみ苑⇒東淞北台⇒石橋⇒日赤⇒松江駅"
荘公民館,松江市,古江コミュニティバス　成相寺・野間循環線
法吉団地東,松江市,"【市営9法吉①】松江駅⇒石橋⇒東淞北台⇒比津が丘⇒久米⇒西原⇒日赤⇒松江駅, 【市営9法吉①】松江駅⇒西原⇒久米⇒比津が丘⇒東淞北台⇒石橋⇒日赤⇒松江駅, 【市営9法吉②】松江駅⇒石橋⇒東淞北台⇒はなうみ苑⇒比津が丘⇒法吉公民館, 【市営9法吉②】松江駅⇒石橋⇒東淞北台⇒はなうみ苑⇒法吉公民館⇒西原⇒日赤⇒松江駅, 【市営9法吉②】松江駅⇒石橋⇒東淞北台⇒比津が丘⇒法吉公民館⇒西原⇒日赤⇒松江駅, 【市営9法吉②】松江駅⇒西原⇒法吉公民館⇒はなうみ苑⇒東淞北台⇒石橋⇒日赤⇒松江駅, 【市営9法吉②】松江駅⇒西原⇒法吉公民館⇒比津が丘⇒東淞北台⇒石橋⇒日赤⇒松江駅, 【市営9法吉②】法吉公民館⇒比津が丘⇒はなうみ苑⇒東淞北台⇒石橋⇒日赤⇒松江駅"
八束町・由志園入口,松江市,"【市営4八束①】八束町⇒江島⇒八束町⇒松江駅⇒乃木駅⇒商業高⇒市立病院, 【市営4八束①】市立病院⇔商業高⇔乃木駅⇔松江駅⇔大海崎⇔八束町, 【市営4八束①】平成町車庫⇒商業高⇒乃木駅⇒松江駅⇒大海崎⇒八束町, 【市営4八束①】松江駅⇔女子高⇔大海崎⇔八束町, 【市営4八束②】八束町⇒上宇部尾⇒女子高⇒松江駅⇒乃木駅⇒商業高⇒市立病院, 【市営4八束②】八束町⇒上宇部尾⇒女子高⇒松江駅⇒乃木駅⇒商業高⇒平成町車庫, 【市営4八束②】八束町⇒江島⇒上宇部尾⇒松江駅⇒乃木駅⇒商業高⇒市立病院, 【市営4八束②】平成町車庫⇒商業高⇒乃木駅⇒松江駅⇒上宇部尾⇒江島⇒八束町, 【市営4八束②】松江駅⇔県民会館⇔女子高⇔上宇部尾⇔八束町, 八束コミュニティバス"
東入江,松江市,"【市営4八束①】八束町⇒江島⇒八束町⇒松江駅⇒乃木駅⇒商業高⇒市立病院, 【市営4八束①】市立病院⇔商業高⇔乃木駅⇔松江駅⇔大海崎⇔八束町, 【市営4八束①】平成町車庫⇒商業高⇒乃木駅⇒松江駅⇒大海崎⇒八束町, 【市営4八束①】松江駅⇔女子高⇔大海崎⇔八束町, 【市営4八束②】八束町⇒上宇部尾⇒女子高⇒松江駅⇒乃木駅⇒商業高⇒市立病院, 【市営4八束②】八束町⇒上宇部尾⇒女子高⇒松江駅⇒乃木駅⇒商業高⇒平成町車庫, 【市営4八束②】八束町⇒江島⇒上宇部尾⇒松江駅⇒乃木駅⇒商業高⇒市立病院, 【市営4八束②】平成町車庫⇒商業高⇒乃木駅⇒松江駅⇒上宇部尾⇒江島⇒八束町, 【市営4八束②】松江駅⇔県民会館⇔女子高⇔上宇部尾⇔八束町"
下佐陀下,一畑バス（株）,【松江管内】恵曇線
八束支所前,松江市,八束コミュニティバス
八束支所・中村元記念館前,松江市,"【市営4八束①】八束町⇒江島⇒八束町⇒松江駅⇒乃木駅⇒商業高⇒市立病院, 【市営4八束①】市立病院⇔商業高⇔乃木駅⇔松江駅⇔大海崎⇔八束町, 【市営4八束①】平成町車庫⇒商業高⇒乃木駅⇒松江駅⇒大海崎⇒八束町, 【市営4八束①】松江駅⇔女子高⇔大海崎⇔八束町, 【市営4八束②】八束町⇒上宇部尾⇒女子高⇒松江駅⇒乃木駅⇒商業高⇒市立病院, 【市営4八束②】八束町⇒上宇部尾⇒女子高⇒松江駅⇒乃木駅⇒商業高⇒平成町車庫, 【市営4八束②】八束町⇒江島⇒上宇部尾⇒松江駅⇒乃木駅⇒商業高⇒市立病院, 【市営4八束②】平成町車庫⇒商業高⇒乃木駅⇒松江駅⇒上宇部尾⇒江島⇒八束町, 【市営4八束②】松江駅⇔県民会館⇔女子高⇔上宇部尾⇔八束町"
一畑坂下,出雲市,平田生活バス　一畑薬師線
東生馬,一畑バス（株）,"【松江管内】恵曇線, 【松江管内】御津線"
高専前,一畑バス（株）,【松江管内】恵曇線
門脇医院前,松江市,八束コミュニティバス
法吉団地南,松江市,"【市営9法吉①】松江駅⇒石橋⇒東淞北台⇒比津が丘⇒久米⇒西原⇒日赤⇒松江駅, 【市営9法吉①】松江駅⇒西原⇒久米⇒比津が丘⇒東淞北台⇒石橋⇒日赤⇒松江駅, 【市営9法吉②】松江駅⇒石橋⇒東淞北台⇒はなうみ苑⇒比津が丘⇒法吉公民館, 【市営9法吉②】松江駅⇒石橋⇒東淞北台⇒はなうみ苑⇒法吉公民館⇒西原⇒日赤⇒松江駅, 【市営9法吉②】松江駅⇒石橋⇒東淞北台⇒比津が丘⇒法吉公民館⇒西原⇒日赤⇒松江駅, 【市営9法吉②】松江駅⇒西原⇒法吉公民館⇒はなうみ苑⇒東淞北台⇒石橋⇒日赤⇒松江駅, 【市営9法吉②】松江駅⇒西原⇒法吉公民館⇒比津が丘⇒東淞北台⇒石橋⇒日赤⇒松江駅, 【市営9法吉②】法吉公民館⇒比津が丘⇒はなうみ苑⇒東淞北台⇒石橋⇒日赤⇒松江駅"
小畑入口,松江市,古江コミュニティバス　成相寺・野間循環線
比津が丘入口,松江市,"【市営9法吉①】松江駅⇒石橋⇒東淞北台⇒比津が丘⇒久米⇒西原⇒日赤⇒松江駅, 【市営9法吉①】松江駅⇒西原⇒久米⇒比津が丘⇒東淞北台⇒石橋⇒日赤⇒松江駅, 【市営9法吉②】松江駅⇒石橋⇒東淞北台⇒はなうみ苑⇒比津が丘⇒法吉公民館, 【市営9法吉②】松江駅⇒石橋⇒東淞北台⇒はなうみ苑⇒法吉公民館⇒西原⇒日赤⇒松江駅, 【市営9法吉②】松江駅⇒石橋⇒東淞北台⇒比津が丘⇒法吉公民館⇒西原⇒日赤⇒松江駅, 【市営9法吉②】松江駅⇒西原⇒法吉公民館⇒はなうみ苑⇒東淞北台⇒石橋⇒日赤⇒松江駅, 【市営9法吉②】松江駅⇒西原⇒法吉公民館⇒比津が丘⇒東淞北台⇒石橋⇒日赤⇒松江駅, 【市営9法吉②】法吉公民館⇒比津が丘⇒はなうみ苑⇒東淞北台⇒石橋⇒日赤⇒松江駅"
比津が丘入口,一畑バス（株）,【松江管内】御津線
整肢学園前,一畑バス（株）,【松江管内】恵曇線
三津,出雲市,平田生活バス　坂浦線
教会所前,出雲市,平田生活バス　地合線
比津が丘郵便局前,松江市,"【市営9法吉①】松江駅⇒石橋⇒東淞北台⇒比津が丘⇒久米⇒西原⇒日赤⇒松江駅, 【市営9法吉①】松江駅⇒西原⇒久米⇒比津が丘⇒東淞北台⇒石橋⇒日赤⇒松江駅, 【市営9法吉②】松江駅⇒石橋⇒東淞北台⇒はなうみ苑⇒比津が丘⇒法吉公民館, 【市営9法吉②】松江駅⇒石橋⇒東淞北台⇒はなうみ苑⇒法吉公民館⇒西原⇒日赤⇒松江駅, 【市営9法吉②】松江駅⇒石橋⇒東淞北台⇒比津が丘⇒法吉公民館⇒西原⇒日赤⇒松江駅, 【市営9法吉②】松江駅⇒西原⇒法吉公民館⇒はなうみ苑⇒東淞北台⇒石橋⇒日赤⇒松江駅, 【市営9法吉②】松江駅⇒西原⇒法吉公民館⇒比津が丘⇒東淞北台⇒石橋⇒日赤⇒松江駅, 【市営9法吉②】法吉公民館⇒比津が丘⇒はなうみ苑⇒東淞北台⇒石橋⇒日赤⇒松江駅"
比津が丘郵便局前,一畑バス（株）,【松江管内】御津線
三叉路,松江市,古江コミュニティバス　畑谷線
遅江,松江市,"【市営4八束①】八束町⇒江島⇒八束町⇒松江駅⇒乃木駅⇒商業高⇒市立病院, 【市営4八束②】八束町⇒江島⇒上宇部尾⇒松江駅⇒乃木駅⇒商業高⇒市立病院, 【市営4八束②】平成町車庫⇒商業高⇒乃木駅⇒松江駅⇒上宇部尾⇒江島⇒八束町, 八束コミュニティバス"
入江,松江市,"【市営4八束①】八束町⇒江島⇒八束町⇒松江駅⇒乃木駅⇒商業高⇒市立病院, 【市営4八束①】市立病院⇔商業高⇔乃木駅⇔松江駅⇔大海崎⇔八束町, 【市営4八束①】平成町車庫⇒商業高⇒乃木駅⇒松江駅⇒大海崎⇒八束町, 【市営4八束①】松江駅⇔女子高⇔大海崎⇔八束町, 【市営4八束②】八束町⇒上宇部尾⇒女子高⇒松江駅⇒乃木駅⇒商業高⇒市立病院, 【市営4八束②】八束町⇒上宇部尾⇒女子高⇒松江駅⇒乃木駅⇒商業高⇒平成町車庫, 【市営4八束②】八束町⇒江島⇒上宇部尾⇒松江駅⇒乃木駅⇒商業高⇒市立病院, 【市営4八束②】平成町車庫⇒商業高⇒乃木駅⇒松江駅⇒上宇部尾⇒江島⇒八束町, 【市営4八束②】松江駅⇔県民会館⇔女子高⇔上宇部尾⇔八束町, 八束コミュニティバス"
嵩見団地入口,松江市,"本庄・持田コミュニティバス　枕木線, 本庄・持田コミュニティバス　上宇部尾線"
嵩見団地入口,一畑バス（株）,【松江管内】マリンプラザ線
すまいる苑前,松江市,"【市営9法吉①】松江駅⇒石橋⇒東淞北台⇒比津が丘⇒久米⇒西原⇒日赤⇒松江駅, 【市営9法吉①】松江駅⇒西原⇒久米⇒比津が丘⇒東淞北台⇒石橋⇒日赤⇒松江駅, 【市営9法吉②】松江駅⇒石橋⇒東淞北台⇒はなうみ苑⇒比津が丘⇒法吉公民館, 【市営9法吉②】松江駅⇒石橋⇒東淞北台⇒はなうみ苑⇒法吉公民館⇒西原⇒日赤⇒松江駅, 【市営9法吉②】松江駅⇒石橋⇒東淞北台⇒比津が丘⇒法吉公民館⇒西原⇒日赤⇒松江駅, 【市営9法吉②】松江駅⇒西原⇒法吉公民館⇒はなうみ苑⇒東淞北台⇒石橋⇒日赤⇒松江駅, 【市営9法吉②】松江駅⇒西原⇒法吉公民館⇒比津が丘⇒東淞北台⇒石橋⇒日赤⇒松江駅, 【市営9法吉②】法吉公民館⇒比津が丘⇒はなうみ苑⇒東淞北台⇒石橋⇒日赤⇒松江駅"
うぐいす台,松江市,"【市営9法吉①】松江駅⇒石橋⇒東淞北台⇒比津が丘⇒久米⇒西原⇒日赤⇒松江駅, 【市営9法吉①】松江駅⇒西原⇒久米⇒比津が丘⇒東淞北台⇒石橋⇒日赤⇒松江駅, 【市営9法吉②】松江駅⇒石橋⇒東淞北台⇒はなうみ苑⇒比津が丘⇒法吉公民館, 【市営9法吉②】松江駅⇒石橋⇒東淞北台⇒はなうみ苑⇒法吉公民館⇒西原⇒日赤⇒松江駅, 【市営9法吉②】松江駅⇒石橋⇒東淞北台⇒比津が丘⇒法吉公民館⇒西原⇒日赤⇒松江駅, 【市営9法吉②】松江駅⇒西原⇒法吉公民館⇒はなうみ苑⇒東淞北台⇒石橋⇒日赤⇒松江駅, 【市営9法吉②】松江駅⇒西原⇒法吉公民館⇒比津が丘⇒東淞北台⇒石橋⇒日赤⇒松江駅, 【市営9法吉②】法吉公民館⇒比津が丘⇒はなうみ苑⇒東淞北台⇒石橋⇒日赤⇒松江駅"
東淞北台,松江市,"【市営9法吉①】松江駅⇒石橋⇒東淞北台⇒比津が丘⇒久米⇒西原⇒日赤⇒松江駅, 【市営9法吉①】松江駅⇒西原⇒久米⇒比津が丘⇒東淞北台⇒石橋⇒日赤⇒松江駅, 【市営9法吉②】松江駅⇒石橋⇒東淞北台⇒はなうみ苑⇒比津が丘⇒法吉公民館, 【市営9法吉②】松江駅⇒石橋⇒東淞北台⇒はなうみ苑⇒法吉公民館⇒西原⇒日赤⇒松江駅, 【市営9法吉②】松江駅⇒石橋⇒東淞北台⇒比津が丘⇒法吉公民館⇒西原⇒日赤⇒松江駅, 【市営9法吉②】松江駅⇒西原⇒法吉公民館⇒はなうみ苑⇒東淞北台⇒石橋⇒日赤⇒松江駅, 【市営9法吉②】松江駅⇒西原⇒法吉公民館⇒比津が丘⇒東淞北台⇒石橋⇒日赤⇒松江駅, 【市営9法吉②】法吉公民館⇒比津が丘⇒はなうみ苑⇒東淞北台⇒石橋⇒日赤⇒松江駅"
東川津,松江市,【市営1川津②】県合同庁舎⇔相生⇔松江駅⇔北堀⇔平成ニュータウン
東川津,一畑バス（株）,【松江管内】万原線
あじさい団地入口,松江市,"【市営1川津①】県合同庁舎⇔相生⇔松江駅⇔北堀⇔あじさい団地, 【市営2あじさい①】あじさい団地⇒北田⇒松江駅⇒駅南口⇒桧山⇒八重垣神社⇒平成町車庫⇒市立病院, 【市営2あじさい①】八重垣神社⇔桧山⇔駅南口⇔松江駅⇔北田⇔あじさい団地, 【市営2あじさい①】市立病院⇔八重垣神社⇔桧山⇔駅南口⇔松江駅⇔北田⇔あじさい団地, 【市営2あじさい①】平成町車庫⇔八重垣神社⇔桧山⇔駅南口⇔松江駅⇔北田⇔あじさい団地, 【市営2あじさい①】平成町車庫⇔南高校⇔桧山⇔駅南口⇔松江駅⇔北田⇔あじさい団地"
一畑薬師,出雲市,平田生活バス　一畑薬師線
あじさい団地,松江市,"【市営2あじさい②】あじさい団地⇒養護学校⇒北田⇒松江駅⇒桧山⇒八重垣神社⇒平成町車庫, 【市営2あじさい②】市立病院⇒墓地⇒八重垣神社⇒桧山⇒松江駅⇒北田⇒養護学校⇒あじさい団地, 【市営2あじさい②】市立病院⇔八重垣神社⇔桧山⇔松江駅⇔北田⇔養護学校⇔あじさい団地"
第二淞北台団地入口,松江市,"【市営9法吉①】松江駅⇒石橋⇒東淞北台⇒比津が丘⇒久米⇒西原⇒日赤⇒松江駅, 【市営9法吉①】松江駅⇒西原⇒久米⇒比津が丘⇒東淞北台⇒石橋⇒日赤⇒松江駅, 【市営9法吉②】松江駅⇒石橋⇒東淞北台⇒はなうみ苑⇒比津が丘⇒法吉公民館, 【市営9法吉②】松江駅⇒石橋⇒東淞北台⇒はなうみ苑⇒法吉公民館⇒西原⇒日赤⇒松江駅, 【市営9法吉②】松江駅⇒石橋⇒東淞北台⇒比津が丘⇒法吉公民館⇒西原⇒日赤⇒松江駅, 【市営9法吉②】松江駅⇒西原⇒法吉公民館⇒はなうみ苑⇒東淞北台⇒石橋⇒日赤⇒松江駅, 【市営9法吉②】松江駅⇒西原⇒法吉公民館⇒比津が丘⇒東淞北台⇒石橋⇒日赤⇒松江駅, 【市営9法吉②】法吉公民館⇒比津が丘⇒はなうみ苑⇒東淞北台⇒石橋⇒日赤⇒松江駅"
比津が丘三丁目,松江市,"【市営9法吉①】松江駅⇒石橋⇒東淞北台⇒比津が丘⇒久米⇒西原⇒日赤⇒松江駅, 【市営9法吉①】松江駅⇒西原⇒久米⇒比津が丘⇒東淞北台⇒石橋⇒日赤⇒松江駅, 【市営9法吉②】松江駅⇒石橋⇒東淞北台⇒はなうみ苑⇒比津が丘⇒法吉公民館, 【市営9法吉②】松江駅⇒石橋⇒東淞北台⇒はなうみ苑⇒法吉公民館⇒西原⇒日赤⇒松江駅, 【市営9法吉②】松江駅⇒石橋⇒東淞北台⇒比津が丘⇒法吉公民館⇒西原⇒日赤⇒松江駅, 【市営9法吉②】松江駅⇒西原⇒法吉公民館⇒はなうみ苑⇒東淞北台⇒石橋⇒日赤⇒松江駅, 【市営9法吉②】松江駅⇒西原⇒法吉公民館⇒比津が丘⇒東淞北台⇒石橋⇒日赤⇒松江駅, 【市営9法吉②】法吉公民館⇒比津が丘⇒はなうみ苑⇒東淞北台⇒石橋⇒日赤⇒松江駅"
第二県営住宅前,松江市,"【市営9法吉①】松江駅⇒石橋⇒東淞北台⇒比津が丘⇒久米⇒西原⇒日赤⇒松江駅, 【市営9法吉①】松江駅⇒西原⇒久米⇒比津が丘⇒東淞北台⇒石橋⇒日赤⇒松江駅, 【市営9法吉②】松江駅⇒石橋⇒東淞北台⇒はなうみ苑⇒比津が丘⇒法吉公民館, 【市営9法吉②】松江駅⇒石橋⇒東淞北台⇒はなうみ苑⇒法吉公民館⇒西原⇒日赤⇒松江駅, 【市営9法吉②】松江駅⇒石橋⇒東淞北台⇒比津が丘⇒法吉公民館⇒西原⇒日赤⇒松江駅, 【市営9法吉②】松江駅⇒西原⇒法吉公民館⇒はなうみ苑⇒東淞北台⇒石橋⇒日赤⇒松江駅, 【市営9法吉②】松江駅⇒西原⇒法吉公民館⇒比津が丘⇒東淞北台⇒石橋⇒日赤⇒松江駅, 【市営9法吉②】法吉公民館⇒比津が丘⇒はなうみ苑⇒東淞北台⇒石橋⇒日赤⇒松江駅"
県営住宅前,一畑バス（株）,【松江管内】御津線
中古志入口,松江市,古江コミュニティバス　成相寺・野間循環線
法吉公会堂前,松江市,"【市営9法吉①】松江駅⇒石橋⇒東淞北台⇒比津が丘⇒久米⇒西原⇒日赤⇒松江駅, 【市営9法吉①】松江駅⇒西原⇒久米⇒比津が丘⇒東淞北台⇒石橋⇒日赤⇒松江駅, 【市営9法吉②】松江駅⇒石橋⇒東淞北台⇒はなうみ苑⇒比津が丘⇒法吉公民館, 【市営9法吉②】松江駅⇒石橋⇒東淞北台⇒はなうみ苑⇒法吉公民館⇒西原⇒日赤⇒松江駅, 【市営9法吉②】松江駅⇒石橋⇒東淞北台⇒比津が丘⇒法吉公民館⇒西原⇒日赤⇒松江駅, 【市営9法吉②】松江駅⇒西原⇒法吉公民館⇒はなうみ苑⇒東淞北台⇒石橋⇒日赤⇒松江駅, 【市営9法吉②】松江駅⇒西原⇒法吉公民館⇒比津が丘⇒東淞北台⇒石橋⇒日赤⇒松江駅, 【市営9法吉②】法吉公民館⇒比津が丘⇒はなうみ苑⇒東淞北台⇒石橋⇒日赤⇒松江駅"
法吉,松江市,"【市営9法吉①】松江駅⇒石橋⇒東淞北台⇒比津が丘⇒久米⇒西原⇒日赤⇒松江駅, 【市営9法吉①】松江駅⇒西原⇒久米⇒比津が丘⇒東淞北台⇒石橋⇒日赤⇒松江駅, 【市営9法吉②】松江駅⇒石橋⇒東淞北台⇒はなうみ苑⇒比津が丘⇒法吉公民館, 【市営9法吉②】松江駅⇒石橋⇒東淞北台⇒はなうみ苑⇒法吉公民館⇒西原⇒日赤⇒松江駅, 【市営9法吉②】松江駅⇒石橋⇒東淞北台⇒比津が丘⇒法吉公民館⇒西原⇒日赤⇒松江駅, 【市営9法吉②】松江駅⇒西原⇒法吉公民館⇒はなうみ苑⇒東淞北台⇒石橋⇒日赤⇒松江駅, 【市営9法吉②】松江駅⇒西原⇒法吉公民館⇒比津が丘⇒東淞北台⇒石橋⇒日赤⇒松江駅, 【市営9法吉②】法吉公民館⇒比津が丘⇒はなうみ苑⇒東淞北台⇒石橋⇒日赤⇒松江駅"
下組公民館前,松江市,"【市営2あじさい②】あじさい団地⇒養護学校⇒北田⇒松江駅⇒桧山⇒八重垣神社⇒平成町車庫, 【市営2あじさい②】市立病院⇒墓地⇒八重垣神社⇒桧山⇒松江駅⇒北田⇒養護学校⇒あじさい団地, 【市営2あじさい②】市立病院⇔八重垣神社⇔桧山⇔松江駅⇔北田⇔養護学校⇔あじさい団地"
川井入口,松江市,"【市営4八束①】八束町⇒江島⇒八束町⇒松江駅⇒乃木駅⇒商業高⇒市立病院, 【市営4八束①】市立病院⇔商業高⇔乃木駅⇔松江駅⇔大海崎⇔八束町, 【市営4八束①】平成町車庫⇒商業高⇒乃木駅⇒松江駅⇒大海崎⇒八束町, 【市営4八束①】松江駅⇔女子高⇔大海崎⇔八束町, 【市営4八束②】八束町⇒上宇部尾⇒女子高⇒松江駅⇒乃木駅⇒商業高⇒市立病院, 【市営4八束②】八束町⇒上宇部尾⇒女子高⇒松江駅⇒乃木駅⇒商業高⇒平成町車庫, 【市営4八束②】八束町⇒江島⇒上宇部尾⇒松江駅⇒乃木駅⇒商業高⇒市立病院, 【市営4八束②】平成町車庫⇒商業高⇒乃木駅⇒松江駅⇒上宇部尾⇒江島⇒八束町, 【市営4八束②】松江駅⇔県民会館⇔女子高⇔上宇部尾⇔八束町, 八束コミュニティバス"
宮の前,出雲市,平田生活バス　坂浦線
西長江公民館,松江市,古江コミュニティバス　畑谷線
ターゲットバードゴルフ場,松江市,古江コミュニティバス　畑谷線
田島,松江市,"【市営4八束①】八束町⇒江島⇒八束町⇒松江駅⇒乃木駅⇒商業高⇒市立病院, 【市営4八束①】市立病院⇔商業高⇔乃木駅⇔松江駅⇔大海崎⇔八束町, 【市営4八束①】平成町車庫⇒商業高⇒乃木駅⇒松江駅⇒大海崎⇒八束町, 【市営4八束①】松江駅⇔女子高⇔大海崎⇔八束町, 【市営4八束②】八束町⇒上宇部尾⇒女子高⇒松江駅⇒乃木駅⇒商業高⇒市立病院, 【市営4八束②】八束町⇒上宇部尾⇒女子高⇒松江駅⇒乃木駅⇒商業高⇒平成町車庫, 【市営4八束②】八束町⇒江島⇒上宇部尾⇒松江駅⇒乃木駅⇒商業高⇒市立病院, 【市営4八束②】平成町車庫⇒商業高⇒乃木駅⇒松江駅⇒上宇部尾⇒江島⇒八束町, 【市営4八束②】松江駅⇔県民会館⇔女子高⇔上宇部尾⇔八束町"
長江小学校,松江市,古江コミュニティバス　畑谷線
三ノ谷入口,出雲市,平田生活バス　地合線
比津,松江市,"【市営9法吉①】松江駅⇒石橋⇒東淞北台⇒比津が丘⇒久米⇒西原⇒日赤⇒松江駅, 【市営9法吉①】松江駅⇒西原⇒久米⇒比津が丘⇒東淞北台⇒石橋⇒日赤⇒松江駅"
比津,一畑バス（株）,"【松江管内】恵曇線, 【松江管内】御津線"
大内谷,松江市,【市営1川津②】県合同庁舎⇔相生⇔松江駅⇔北堀⇔平成ニュータウン
大内谷,一畑バス（株）,"【松江管内】万原線, 【松江管内】マリンプラザ線"
祖子分,松江市,"【市営1川津①】県合同庁舎⇔相生⇔松江駅⇔北堀⇔あじさい団地, 【市営2あじさい①】あじさい団地⇒北田⇒松江駅⇒駅南口⇒桧山⇒八重垣神社⇒平成町車庫⇒市立病院, 【市営2あじさい①】八重垣神社⇔桧山⇔駅南口⇔松江駅⇔北田⇔あじさい団地, 【市営2あじさい①】市立病院⇔八重垣神社⇔桧山⇔駅南口⇔松江駅⇔北田⇔あじさい団地, 【市営2あじさい①】平成町車庫⇔八重垣神社⇔桧山⇔駅南口⇔松江駅⇔北田⇔あじさい団地, 【市営2あじさい①】平成町車庫⇔南高校⇔桧山⇔駅南口⇔松江駅⇔北田⇔あじさい団地"
東長江公民館,松江市,古江コミュニティバス　畑谷線
中組公民館前,松江市,"【市営2あじさい②】あじさい団地⇒養護学校⇒北田⇒松江駅⇒桧山⇒八重垣神社⇒平成町車庫, 【市営2あじさい②】市立病院⇒墓地⇒八重垣神社⇒桧山⇒松江駅⇒北田⇒養護学校⇒あじさい団地, 【市営2あじさい②】市立病院⇔八重垣神社⇔桧山⇔松江駅⇔北田⇔養護学校⇔あじさい団地"
有田商店前,松江市,本庄・持田コミュニティバス　上宇部尾線
大界,松江市,"【市営9法吉①】松江駅⇒石橋⇒東淞北台⇒比津が丘⇒久米⇒西原⇒日赤⇒松江駅, 【市営9法吉①】松江駅⇒西原⇒久米⇒比津が丘⇒東淞北台⇒石橋⇒日赤⇒松江駅, 【市営9法吉②】松江駅⇒石橋⇒東淞北台⇒はなうみ苑⇒比津が丘⇒法吉公民館, 【市営9法吉②】松江駅⇒石橋⇒東淞北台⇒はなうみ苑⇒法吉公民館⇒西原⇒日赤⇒松江駅, 【市営9法吉②】松江駅⇒石橋⇒東淞北台⇒比津が丘⇒法吉公民館⇒西原⇒日赤⇒松江駅, 【市営9法吉②】松江駅⇒西原⇒法吉公民館⇒はなうみ苑⇒東淞北台⇒石橋⇒日赤⇒松江駅, 【市営9法吉②】松江駅⇒西原⇒法吉公民館⇒比津が丘⇒東淞北台⇒石橋⇒日赤⇒松江駅, 【市営9法吉②】法吉公民館⇒比津が丘⇒はなうみ苑⇒東淞北台⇒石橋⇒日赤⇒松江駅"
淞北台団地,松江市,"【市営5八重垣②】八重垣神社⇒虹⇒桧山⇒駅南口⇒松江駅⇒北堀⇒淞北台団地, 【市営5八重垣②】八重垣神社⇔桧山⇔駅南口⇔松江駅⇔北堀⇔淞北台団地, 【市営5八重垣②】淞北台団地⇒附属前⇒北堀⇒松江駅, 【市営5八重垣③】淞北台団地⇒北堀⇒松江駅⇒イオン⇒桧山⇒八重垣神社⇒公園墓地, 【市営7北循環②】松江駅⇔くにびき⇔島根大学⇔淞北台⇔温泉駅⇔県民会館⇔松江駅"
グランドゴルフ場,松江市,古江コミュニティバス　畑谷線
社日公園前,松江市,"【市営9法吉②】松江駅⇒石橋⇒東淞北台⇒はなうみ苑⇒法吉公民館⇒西原⇒日赤⇒松江駅, 【市営9法吉②】松江駅⇒石橋⇒東淞北台⇒比津が丘⇒法吉公民館⇒西原⇒日赤⇒松江駅, 【市営9法吉②】松江駅⇒西原⇒法吉公民館⇒はなうみ苑⇒東淞北台⇒石橋⇒日赤⇒松江駅, 【市営9法吉②】松江駅⇒西原⇒法吉公民館⇒比津が丘⇒東淞北台⇒石橋⇒日赤⇒松江駅"
後山,出雲市,平田生活バス　一畑薬師線
春日三区,松江市,"【市営7北循環①】松江駅⇔くにびき⇔島根大学⇔春日南⇔温泉駅⇔県民会館⇔松江駅, 【市営7北循環②】松江駅⇔くにびき⇔島根大学⇔淞北台⇔温泉駅⇔県民会館⇔松江駅, 【市営7北循環③】松江駅⇔くにびき⇔島根大学⇔春日南⇔温泉駅⇔松江駅"
波入,松江市,"【市営4八束①】八束町⇒江島⇒八束町⇒松江駅⇒乃木駅⇒商業高⇒市立病院, 【市営4八束②】八束町⇒江島⇒上宇部尾⇒松江駅⇒乃木駅⇒商業高⇒市立病院, 【市営4八束②】平成町車庫⇒商業高⇒乃木駅⇒松江駅⇒上宇部尾⇒江島⇒八束町, 八束コミュニティバス"
田原谷池,松江市,"【市営7北循環①】松江駅⇔くにびき⇔島根大学⇔春日南⇔温泉駅⇔県民会館⇔松江駅, 【市営7北循環②】松江駅⇔くにびき⇔島根大学⇔淞北台⇔温泉駅⇔県民会館⇔松江駅, 【市営7北循環③】松江駅⇔くにびき⇔島根大学⇔春日南⇔温泉駅⇔松江駅"
上宇部尾町,松江市,"【市営4八束②】八束町⇒上宇部尾⇒女子高⇒松江駅⇒乃木駅⇒商業高⇒市立病院, 【市営4八束②】八束町⇒上宇部尾⇒女子高⇒松江駅⇒乃木駅⇒商業高⇒平成町車庫, 【市営4八束②】八束町⇒江島⇒上宇部尾⇒松江駅⇒乃木駅⇒商業高⇒市立病院, 【市営4八束②】平成町車庫⇒商業高⇒乃木駅⇒松江駅⇒上宇部尾⇒江島⇒八束町, 【市営4八束②】松江駅⇔県民会館⇔女子高⇔上宇部尾⇔八束町"
上宇部尾集会所,松江市,本庄・持田コミュニティバス　上宇部尾線
久米,松江市,"【市営9法吉①】松江駅⇒石橋⇒東淞北台⇒比津が丘⇒久米⇒西原⇒日赤⇒松江駅, 【市営9法吉①】松江駅⇒西原⇒久米⇒比津が丘⇒東淞北台⇒石橋⇒日赤⇒松江駅"
久米,一畑バス（株）,"【松江管内】恵曇線, 【松江管内】御津線"
春日住宅前,松江市,"【市営7北循環①】松江駅⇔くにびき⇔島根大学⇔春日南⇔温泉駅⇔県民会館⇔松江駅, 【市営7北循環②】松江駅⇔くにびき⇔島根大学⇔淞北台⇔温泉駅⇔県民会館⇔松江駅, 【市営7北循環③】松江駅⇔くにびき⇔島根大学⇔春日南⇔温泉駅⇔松江駅"
法吉公民館前,松江市,"【市営9法吉②】松江駅⇒石橋⇒東淞北台⇒はなうみ苑⇒比津が丘⇒法吉公民館, 【市営9法吉②】松江駅⇒石橋⇒東淞北台⇒はなうみ苑⇒法吉公民館⇒西原⇒日赤⇒松江駅, 【市営9法吉②】松江駅⇒石橋⇒東淞北台⇒比津が丘⇒法吉公民館⇒西原⇒日赤⇒松江駅, 【市営9法吉②】松江駅⇒西原⇒法吉公民館⇒はなうみ苑⇒東淞北台⇒石橋⇒日赤⇒松江駅, 【市営9法吉②】松江駅⇒西原⇒法吉公民館⇒比津が丘⇒東淞北台⇒石橋⇒日赤⇒松江駅, 【市営9法吉②】法吉公民館⇒比津が丘⇒はなうみ苑⇒東淞北台⇒石橋⇒日赤⇒松江駅"
大界中央,松江市,"【市営9法吉①】松江駅⇒石橋⇒東淞北台⇒比津が丘⇒久米⇒西原⇒日赤⇒松江駅, 【市営9法吉①】松江駅⇒西原⇒久米⇒比津が丘⇒東淞北台⇒石橋⇒日赤⇒松江駅, 【市営9法吉②】松江駅⇒石橋⇒東淞北台⇒はなうみ苑⇒比津が丘⇒法吉公民館, 【市営9法吉②】松江駅⇒石橋⇒東淞北台⇒はなうみ苑⇒法吉公民館⇒西原⇒日赤⇒松江駅, 【市営9法吉②】松江駅⇒石橋⇒東淞北台⇒比津が丘⇒法吉公民館⇒西原⇒日赤⇒松江駅, 【市営9法吉②】松江駅⇒西原⇒法吉公民館⇒はなうみ苑⇒東淞北台⇒石橋⇒日赤⇒松江駅, 【市営9法吉②】松江駅⇒西原⇒法吉公民館⇒比津が丘⇒東淞北台⇒石橋⇒日赤⇒松江駅, 【市営9法吉②】法吉公民館⇒比津が丘⇒はなうみ苑⇒東淞北台⇒石橋⇒日赤⇒松江駅"
春日西,松江市,"【市営7北循環①】松江駅⇔くにびき⇔島根大学⇔春日南⇔温泉駅⇔県民会館⇔松江駅, 【市営7北循環②】松江駅⇔くにびき⇔島根大学⇔淞北台⇔温泉駅⇔県民会館⇔松江駅, 【市営7北循環③】松江駅⇔くにびき⇔島根大学⇔春日南⇔温泉駅⇔松江駅"
下古志公民館,松江市,古江コミュニティバス　成相寺・野間循環線
淞北台団地入口,松江市,"【市営5八重垣②】八重垣神社⇒虹⇒桧山⇒駅南口⇒松江駅⇒北堀⇒淞北台団地, 【市営5八重垣②】八重垣神社⇔桧山⇔駅南口⇔松江駅⇔北堀⇔淞北台団地, 【市営5八重垣②】淞北台団地⇒附属前⇒北堀⇒松江駅, 【市営5八重垣③】淞北台団地⇒北堀⇒松江駅⇒イオン⇒桧山⇒八重垣神社⇒公園墓地, 【市営7北循環①】松江駅⇔くにびき⇔島根大学⇔春日南⇔温泉駅⇔県民会館⇔松江駅, 【市営7北循環②】松江駅⇔くにびき⇔島根大学⇔淞北台⇔温泉駅⇔県民会館⇔松江駅, 【市営7北循環③】松江駅⇔くにびき⇔島根大学⇔春日南⇔温泉駅⇔松江駅"
上組公民館,松江市,古江コミュニティバス　成相寺・野間循環線
朝日ヶ丘北,松江市,"【市営8朝日ヶ丘①】平成町車庫⇔茶山⇔桧山⇔松江駅⇔朝日ヶ丘⇔授産センター, 【市営8朝日ヶ丘①】松江駅⇔温泉駅⇔朝日ヶ丘⇔授産センター, 【市営8朝日ヶ丘②】松江駅⇔温泉駅⇔朝日ヶ丘⇔運転免許センター, 古江コミュニティバス　畑谷線"
川津,松江市,"【市営1川津①】県合同庁舎⇔相生⇔松江駅⇔北堀⇔あじさい団地, 【市営1川津①】県合同庁舎⇔相生⇔松江駅⇔北堀⇔川津, 【市営1川津②】県合同庁舎⇔相生⇔松江駅⇔北堀⇔平成ニュータウン, 【市営1川津③】かんべの里⇔相生⇔松江駅⇔北堀⇔川津, 【市営1川津④】市立病院⇔西の原⇔相生⇔松江駅⇔北堀⇔川津, 【市営1川津⑤】県合同庁舎⇔桧山⇔松江駅⇔北堀⇔川津, 【市営1川津⑥】平成町車庫⇔大庭⇔相生⇔松江駅⇔北堀⇔川津, 【市営1川津⑦】県合同庁舎⇒相生⇒竪町⇒北堀⇒川津, 【市営1川津⑧】県合同庁舎⇒相生⇒松江駅⇒くにびき⇒川津, 【市営1川津⑨】川津⇒くにびき⇒松江駅⇒相生⇒南高校⇒公園墓地⇒平成町車庫, 【市営7北循環①】松江駅⇔くにびき⇔島根大学⇔春日南⇔温泉駅⇔県民会館⇔松江駅, 【市営7北循環②】松江駅⇔くにびき⇔島根大学⇔淞北台⇔温泉駅⇔県民会館⇔松江駅, 【市営7北循環③】松江駅⇔くにびき⇔島根大学⇔春日南⇔温泉駅⇔松江駅, 本庄・持田コミュニティバス　枕木線, 本庄・持田コミュニティバス　上宇部尾線"
黒田町安台原,松江市,"【市営9法吉②】松江駅⇒石橋⇒東淞北台⇒はなうみ苑⇒法吉公民館⇒西原⇒日赤⇒松江駅, 【市営9法吉②】松江駅⇒石橋⇒東淞北台⇒比津が丘⇒法吉公民館⇒西原⇒日赤⇒松江駅, 【市営9法吉②】松江駅⇒西原⇒法吉公民館⇒はなうみ苑⇒東淞北台⇒石橋⇒日赤⇒松江駅, 【市営9法吉②】松江駅⇒西原⇒法吉公民館⇒比津が丘⇒東淞北台⇒石橋⇒日赤⇒松江駅"
伊野コミュニティセンター,出雲市,平田生活バス　地合線
嵩,松江市,"【市営4八束②】八束町⇒上宇部尾⇒女子高⇒松江駅⇒乃木駅⇒商業高⇒市立病院, 【市営4八束②】八束町⇒上宇部尾⇒女子高⇒松江駅⇒乃木駅⇒商業高⇒平成町車庫, 【市営4八束②】八束町⇒江島⇒上宇部尾⇒松江駅⇒乃木駅⇒商業高⇒市立病院, 【市営4八束②】平成町車庫⇒商業高⇒乃木駅⇒松江駅⇒上宇部尾⇒江島⇒八束町, 【市営4八束②】松江駅⇔県民会館⇔女子高⇔上宇部尾⇔八束町"
東奥谷町,松江市,"【市営5八重垣②】八重垣神社⇒虹⇒桧山⇒駅南口⇒松江駅⇒北堀⇒淞北台団地, 【市営5八重垣②】八重垣神社⇔桧山⇔駅南口⇔松江駅⇔北堀⇔淞北台団地, 【市営5八重垣②】淞北台団地⇒附属前⇒北堀⇒松江駅, 【市営5八重垣③】淞北台団地⇒北堀⇒松江駅⇒イオン⇒桧山⇒八重垣神社⇒公園墓地, 【市営7北循環①】松江駅⇔くにびき⇔島根大学⇔春日南⇔温泉駅⇔県民会館⇔松江駅, 【市営7北循環②】松江駅⇔くにびき⇔島根大学⇔淞北台⇔温泉駅⇔県民会館⇔松江駅, 【市営7北循環③】松江駅⇔くにびき⇔島根大学⇔春日南⇔温泉駅⇔松江駅"
西川津,松江市,"【市営1川津②】県合同庁舎⇔相生⇔松江駅⇔北堀⇔平成ニュータウン, 【市営3竹矢⑤】竹矢⇒東朝日⇒松江駅⇒くにびき⇒島根大学⇒東高校"
西川津,一畑バス（株）,"【松江管内】万原線, 【松江管内】マリンプラザ線"
大界入口,松江市,"【市営5八重垣②】八重垣神社⇒虹⇒桧山⇒駅南口⇒松江駅⇒北堀⇒淞北台団地, 【市営5八重垣②】八重垣神社⇔桧山⇔駅南口⇔松江駅⇔北堀⇔淞北台団地, 【市営5八重垣②】淞北台団地⇒附属前⇒北堀⇒松江駅, 【市営5八重垣③】淞北台団地⇒北堀⇒松江駅⇒イオン⇒桧山⇒八重垣神社⇒公園墓地, 【市営7北循環①】松江駅⇔くにびき⇔島根大学⇔春日南⇔温泉駅⇔県民会館⇔松江駅, 【市営7北循環②】松江駅⇔くにびき⇔島根大学⇔淞北台⇔温泉駅⇔県民会館⇔松江駅, 【市営7北循環③】松江駅⇔くにびき⇔島根大学⇔春日南⇔温泉駅⇔松江駅, 【市営9法吉①】松江駅⇒石橋⇒東淞北台⇒比津が丘⇒久米⇒西原⇒日赤⇒松江駅, 【市営9法吉①】松江駅⇒西原⇒久米⇒比津が丘⇒東淞北台⇒石橋⇒日赤⇒松江駅, 【市営9法吉②】松江駅⇒石橋⇒東淞北台⇒はなうみ苑⇒比津が丘⇒法吉公民館, 【市営9法吉②】松江駅⇒石橋⇒東淞北台⇒はなうみ苑⇒法吉公民館⇒西原⇒日赤⇒松江駅, 【市営9法吉②】松江駅⇒石橋⇒東淞北台⇒比津が丘⇒法吉公民館⇒西原⇒日赤⇒松江駅, 【市営9法吉②】松江駅⇒西原⇒法吉公民館⇒はなうみ苑⇒東淞北台⇒石橋⇒日赤⇒松江駅, 【市営9法吉②】松江駅⇒西原⇒法吉公民館⇒比津が丘⇒東淞北台⇒石橋⇒日赤⇒松江駅, 【市営9法吉②】法吉公民館⇒比津が丘⇒はなうみ苑⇒東淞北台⇒石橋⇒日赤⇒松江駅"
古曽志上組,松江市,"【市営8朝日ヶ丘①】平成町車庫⇔茶山⇔桧山⇔松江駅⇔朝日ヶ丘⇔授産センター, 【市営8朝日ヶ丘①】松江駅⇔温泉駅⇔朝日ヶ丘⇔授産センター, 【市営8朝日ヶ丘②】松江駅⇔温泉駅⇔朝日ヶ丘⇔運転免許センター"
橋本橋,松江市,【市営1川津①】県合同庁舎⇔相生⇔松江駅⇔北堀⇔あじさい団地
島根大学前,松江市,"【市営1川津①】県合同庁舎⇔相生⇔松江駅⇔北堀⇔あじさい団地, 【市営1川津①】県合同庁舎⇔相生⇔松江駅⇔北堀⇔川津, 【市営1川津②】県合同庁舎⇔相生⇔松江駅⇔北堀⇔平成ニュータウン, 【市営1川津③】かんべの里⇔相生⇔松江駅⇔北堀⇔川津, 【市営1川津④】市立病院⇔西の原⇔相生⇔松江駅⇔北堀⇔川津, 【市営1川津⑤】県合同庁舎⇔桧山⇔松江駅⇔北堀⇔川津, 【市営1川津⑥】平成町車庫⇔大庭⇔相生⇔松江駅⇔北堀⇔川津, 【市営1川津⑦】県合同庁舎⇒相生⇒竪町⇒北堀⇒川津, 【市営1川津⑧】県合同庁舎⇒相生⇒松江駅⇒くにびき⇒川津, 【市営1川津⑨】川津⇒くにびき⇒松江駅⇒相生⇒南高校⇒公園墓地⇒平成町車庫, 【市営3竹矢⑤】竹矢⇒東朝日⇒松江駅⇒くにびき⇒島根大学⇒東高校, 【市営7北循環①】松江駅⇔くにびき⇔島根大学⇔春日南⇔温泉駅⇔県民会館⇔松江駅, 【市営7北循環②】松江駅⇔くにびき⇔島根大学⇔淞北台⇔温泉駅⇔県民会館⇔松江駅, 【市営7北循環③】松江駅⇔くにびき⇔島根大学⇔春日南⇔温泉駅⇔松江駅"
島根大学前,一畑バス（株）,"【松江管内】万原線, 【松江管内】マリンプラザ線"
ニュー学園台入口,松江市,"【市営1川津①】県合同庁舎⇔相生⇔松江駅⇔北堀⇔あじさい団地, 【市営2あじさい①】あじさい団地⇒北田⇒松江駅⇒駅南口⇒桧山⇒八重垣神社⇒平成町車庫⇒市立病院, 【市営2あじさい①】八重垣神社⇔桧山⇔駅南口⇔松江駅⇔北田⇔あじさい団地, 【市営2あじさい①】市立病院⇔八重垣神社⇔桧山⇔駅南口⇔松江駅⇔北田⇔あじさい団地, 【市営2あじさい①】平成町車庫⇔八重垣神社⇔桧山⇔駅南口⇔松江駅⇔北田⇔あじさい団地, 【市営2あじさい①】平成町車庫⇔南高校⇔桧山⇔駅南口⇔松江駅⇔北田⇔あじさい団地"
下東入口,松江市,古江コミュニティバス　成相寺・野間循環線
古江小学校,松江市,古江コミュニティバス　成相寺・野間循環線
東高校,松江市,【市営3竹矢⑤】竹矢⇒東朝日⇒松江駅⇒くにびき⇒島根大学⇒東高校
下組集会所,松江市,古江コミュニティバス　成相寺・野間循環線
菅田町,松江市,"【市営5八重垣②】八重垣神社⇒虹⇒桧山⇒駅南口⇒松江駅⇒北堀⇒淞北台団地, 【市営5八重垣②】八重垣神社⇔桧山⇔駅南口⇔松江駅⇔北堀⇔淞北台団地, 【市営5八重垣②】淞北台団地⇒附属前⇒北堀⇒松江駅, 【市営5八重垣③】淞北台団地⇒北堀⇒松江駅⇒イオン⇒桧山⇒八重垣神社⇒公園墓地, 【市営5八重垣④】八重垣神社⇒桧山⇒松江駅⇒くにびき⇒ソフトビジネスパーク, 【市営5八重垣④】八重垣神社⇔虹⇔桧山⇔松江駅⇔くにびき⇔ソフトビジネスパーク, 【市営5八重垣④】松江駅⇔くにびき⇔ソフトビジネスパーク, 【市営6病院③】市立病院⇔西の原⇔桧山⇔松江駅⇔くにびき⇔ソフトビジネスパーク, 【市営6病院③】平成町車庫⇒西の原⇒生協前⇒松江駅⇒くにびき⇒ソフトビジネスパーク, 【市営6病院③】平成町車庫⇔西の原⇔桧山⇔松江駅⇔くにびき⇔ソフトビジネスパーク, 【市営7北循環①】松江駅⇔くにびき⇔島根大学⇔春日南⇔温泉駅⇔県民会館⇔松江駅, 【市営7北循環②】松江駅⇔くにびき⇔島根大学⇔淞北台⇔温泉駅⇔県民会館⇔松江駅, 【市営7北循環③】松江駅⇔くにびき⇔島根大学⇔春日南⇔温泉駅⇔松江駅, 【市営9法吉①】松江駅⇒石橋⇒東淞北台⇒比津が丘⇒久米⇒西原⇒日赤⇒松江駅, 【市営9法吉①】松江駅⇒西原⇒久米⇒比津が丘⇒東淞北台⇒石橋⇒日赤⇒松江駅, 【市営9法吉②】松江駅⇒石橋⇒東淞北台⇒はなうみ苑⇒比津が丘⇒法吉公民館, 【市営9法吉②】松江駅⇒石橋⇒東淞北台⇒はなうみ苑⇒法吉公民館⇒西原⇒日赤⇒松江駅, 【市営9法吉②】松江駅⇒石橋⇒東淞北台⇒比津が丘⇒法吉公民館⇒西原⇒日赤⇒松江駅, 【市営9法吉②】松江駅⇒西原⇒法吉公民館⇒はなうみ苑⇒東淞北台⇒石橋⇒日赤⇒松江駅, 【市営9法吉②】松江駅⇒西原⇒法吉公民館⇒比津が丘⇒東淞北台⇒石橋⇒日赤⇒松江駅, 【市営9法吉②】法吉公民館⇒比津が丘⇒はなうみ苑⇒東淞北台⇒石橋⇒日赤⇒松江駅"
古江小学校入口,松江市,"【市営8朝日ヶ丘①】平成町車庫⇔茶山⇔桧山⇔松江駅⇔朝日ヶ丘⇔授産センター, 【市営8朝日ヶ丘①】松江駅⇔温泉駅⇔朝日ヶ丘⇔授産センター, 【市営8朝日ヶ丘②】松江駅⇔温泉駅⇔朝日ヶ丘⇔運転免許センター"
古曽志奥組,松江市,"【市営8朝日ヶ丘①】平成町車庫⇔茶山⇔桧山⇔松江駅⇔朝日ヶ丘⇔授産センター, 【市営8朝日ヶ丘①】松江駅⇔温泉駅⇔朝日ヶ丘⇔授産センター, 【市営8朝日ヶ丘②】松江駅⇔温泉駅⇔朝日ヶ丘⇔運転免許センター"
朝日ヶ丘会館前,松江市,古江コミュニティバス　畑谷線
朝日ヶ丘西,松江市,"【市営8朝日ヶ丘①】平成町車庫⇔茶山⇔桧山⇔松江駅⇔朝日ヶ丘⇔授産センター, 【市営8朝日ヶ丘①】松江駅⇔温泉駅⇔朝日ヶ丘⇔授産センター, 【市営8朝日ヶ丘②】松江駅⇔温泉駅⇔朝日ヶ丘⇔運転免許センター"
学園通り北,松江市,"【市営7北循環①】松江駅⇔くにびき⇔島根大学⇔春日南⇔温泉駅⇔県民会館⇔松江駅, 【市営7北循環②】松江駅⇔くにびき⇔島根大学⇔淞北台⇔温泉駅⇔県民会館⇔松江駅, 【市営7北循環③】松江駅⇔くにびき⇔島根大学⇔春日南⇔温泉駅⇔松江駅"
上組公民館前,松江市,"【市営2あじさい②】あじさい団地⇒養護学校⇒北田⇒松江駅⇒桧山⇒八重垣神社⇒平成町車庫, 【市営2あじさい②】市立病院⇒墓地⇒八重垣神社⇒桧山⇒松江駅⇒北田⇒養護学校⇒あじさい団地, 【市営2あじさい②】市立病院⇔八重垣神社⇔桧山⇔松江駅⇔北田⇔養護学校⇔あじさい団地"
春日南,松江市,"【市営7北循環①】松江駅⇔くにびき⇔島根大学⇔春日南⇔温泉駅⇔県民会館⇔松江駅, 【市営7北循環②】松江駅⇔くにびき⇔島根大学⇔淞北台⇔温泉駅⇔県民会館⇔松江駅, 【市営7北循環③】松江駅⇔くにびき⇔島根大学⇔春日南⇔温泉駅⇔松江駅, 【市営9法吉①】松江駅⇒石橋⇒東淞北台⇒比津が丘⇒久米⇒西原⇒日赤⇒松江駅, 【市営9法吉①】松江駅⇒西原⇒久米⇒比津が丘⇒東淞北台⇒石橋⇒日赤⇒松江駅, 【市営9法吉②】松江駅⇒石橋⇒東淞北台⇒はなうみ苑⇒法吉公民館⇒西原⇒日赤⇒松江駅, 【市営9法吉②】松江駅⇒石橋⇒東淞北台⇒比津が丘⇒法吉公民館⇒西原⇒日赤⇒松江駅, 【市営9法吉②】松江駅⇒西原⇒法吉公民館⇒はなうみ苑⇒東淞北台⇒石橋⇒日赤⇒松江駅, 【市営9法吉②】松江駅⇒西原⇒法吉公民館⇒比津が丘⇒東淞北台⇒石橋⇒日赤⇒松江駅"
春日南,一畑バス（株）,"【松江管内】恵曇線, 【松江管内】御津線"
四季ヶ丘北,松江市,【市営3竹矢①】竹矢⇔東朝日⇔松江駅⇔くにびき⇔四季ヶ丘
広垣公民館,松江市,古江コミュニティバス　畑谷線
美保漁港,出雲市,平田生活バス　塩津線
菅田庵入口,松江市,"【市営1川津①】県合同庁舎⇔相生⇔松江駅⇔北堀⇔あじさい団地, 【市営1川津①】県合同庁舎⇔相生⇔松江駅⇔北堀⇔川津, 【市営1川津②】県合同庁舎⇔相生⇔松江駅⇔北堀⇔平成ニュータウン, 【市営1川津③】かんべの里⇔相生⇔松江駅⇔北堀⇔川津, 【市営1川津④】市立病院⇔西の原⇔相生⇔松江駅⇔北堀⇔川津, 【市営1川津⑤】県合同庁舎⇔桧山⇔松江駅⇔北堀⇔川津, 【市営1川津⑥】平成町車庫⇔大庭⇔相生⇔松江駅⇔北堀⇔川津, 【市営1川津⑦】県合同庁舎⇒相生⇒竪町⇒北堀⇒川津, 【市営1川津⑧】県合同庁舎⇒相生⇒松江駅⇒くにびき⇒川津, 【市営1川津⑨】川津⇒くにびき⇒松江駅⇒相生⇒南高校⇒公園墓地⇒平成町車庫, 【市営3竹矢⑤】竹矢⇒東朝日⇒松江駅⇒くにびき⇒島根大学⇒東高校, 【市営5八重垣②】八重垣神社⇒虹⇒桧山⇒駅南口⇒松江駅⇒北堀⇒淞北台団地, 【市営5八重垣②】八重垣神社⇔桧山⇔駅南口⇔松江駅⇔北堀⇔淞北台団地, 【市営5八重垣②】淞北台団地⇒附属前⇒北堀⇒松江駅, 【市営5八重垣③】淞北台団地⇒北堀⇒松江駅⇒イオン⇒桧山⇒八重垣神社⇒公園墓地, 【市営5八重垣④】八重垣神社⇒桧山⇒松江駅⇒くにびき⇒ソフトビジネスパーク, 【市営5八重垣④】八重垣神社⇔虹⇔桧山⇔松江駅⇔くにびき⇔ソフトビジネスパーク, 【市営5八重垣④】松江駅⇔くにびき⇔ソフトビジネスパーク, 【市営6病院③】市立病院⇔西の原⇔桧山⇔松江駅⇔くにびき⇔ソフトビジネスパーク, 【市営6病院③】平成町車庫⇒西の原⇒生協前⇒松江駅⇒くにびき⇒ソフトビジネスパーク, 【市営6病院③】平成町車庫⇔西の原⇔桧山⇔松江駅⇔くにびき⇔ソフトビジネスパーク, 【市営7北循環①】松江駅⇔くにびき⇔島根大学⇔春日南⇔温泉駅⇔県民会館⇔松江駅, 【市営7北循環②】松江駅⇔くにびき⇔島根大学⇔淞北台⇔温泉駅⇔県民会館⇔松江駅, 【市営7北循環③】松江駅⇔くにびき⇔島根大学⇔春日南⇔温泉駅⇔松江駅, 【市営9法吉①】松江駅⇒石橋⇒東淞北台⇒比津が丘⇒久米⇒西原⇒日赤⇒松江駅, 【市営9法吉②】松江駅⇒石橋⇒東淞北台⇒はなうみ苑⇒比津が丘⇒法吉公民館, 【市営9法吉②】松江駅⇒石橋⇒東淞北台⇒はなうみ苑⇒法吉公民館⇒西原⇒日赤⇒松江駅, 【市営9法吉②】松江駅⇒石橋⇒東淞北台⇒比津が丘⇒法吉公民館⇒西原⇒日赤⇒松江駅"
菅田庵入口,一畑バス（株）,"【松江管内】万原線, 【松江管内】マリンプラザ線"
美保上町,出雲市,平田生活バス　塩津線
四季ヶ丘東,松江市,"【市営3竹矢①】四季ヶ丘⇒くにびき⇒松江駅⇒東朝日⇒竹矢⇒馬潟, 【市営3竹矢①】竹矢⇔東朝日⇔松江駅⇔くにびき⇔四季ヶ丘"
四季ヶ丘西,松江市,【市営3竹矢①】竹矢⇔東朝日⇔松江駅⇔くにびき⇔四季ヶ丘
橋本,松江市,【市営1川津①】県合同庁舎⇔相生⇔松江駅⇔北堀⇔あじさい団地
西原,松江市,"【市営9法吉①】松江駅⇒石橋⇒東淞北台⇒比津が丘⇒久米⇒西原⇒日赤⇒松江駅, 【市営9法吉①】松江駅⇒西原⇒久米⇒比津が丘⇒東淞北台⇒石橋⇒日赤⇒松江駅, 【市営9法吉②】松江駅⇒石橋⇒東淞北台⇒はなうみ苑⇒法吉公民館⇒西原⇒日赤⇒松江駅, 【市営9法吉②】松江駅⇒石橋⇒東淞北台⇒比津が丘⇒法吉公民館⇒西原⇒日赤⇒松江駅, 【市営9法吉②】松江駅⇒西原⇒法吉公民館⇒はなうみ苑⇒東淞北台⇒石橋⇒日赤⇒松江駅, 【市営9法吉②】松江駅⇒西原⇒法吉公民館⇒比津が丘⇒東淞北台⇒石橋⇒日赤⇒松江駅"
西原,一畑バス（株）,【松江管内】御津線
四季ヶ丘南,松江市,"【市営3竹矢①】四季ヶ丘⇒くにびき⇒松江駅⇒東朝日⇒竹矢⇒馬潟, 【市営3竹矢①】竹矢⇔東朝日⇔松江駅⇔くにびき⇔四季ヶ丘"
細工堀橋,松江市,古江コミュニティバス　畑谷線
朝日ヶ丘南,松江市,"【市営8朝日ヶ丘①】平成町車庫⇔茶山⇔桧山⇔松江駅⇔朝日ヶ丘⇔授産センター, 【市営8朝日ヶ丘①】松江駅⇔温泉駅⇔朝日ヶ丘⇔授産センター, 【市営8朝日ヶ丘②】松江駅⇔温泉駅⇔朝日ヶ丘⇔運転免許センター"
国際交流会館前,松江市,"【市営1川津①】県合同庁舎⇔相生⇔松江駅⇔北堀⇔あじさい団地, 【市営2あじさい①】あじさい団地⇒北田⇒松江駅⇒駅南口⇒桧山⇒八重垣神社⇒平成町車庫⇒市立病院, 【市営2あじさい①】八重垣神社⇔桧山⇔駅南口⇔松江駅⇔北田⇔あじさい団地, 【市営2あじさい①】市立病院⇔八重垣神社⇔桧山⇔駅南口⇔松江駅⇔北田⇔あじさい団地, 【市営2あじさい①】平成町車庫⇔八重垣神社⇔桧山⇔駅南口⇔松江駅⇔北田⇔あじさい団地, 【市営2あじさい①】平成町車庫⇔南高校⇔桧山⇔駅南口⇔松江駅⇔北田⇔あじさい団地, 【市営2あじさい②】あじさい団地⇒養護学校⇒北田⇒松江駅⇒桧山⇒八重垣神社⇒平成町車庫, 【市営2あじさい②】市立病院⇒墓地⇒八重垣神社⇒桧山⇒松江駅⇒北田⇒養護学校⇒あじさい団地, 【市営2あじさい②】市立病院⇔八重垣神社⇔桧山⇔松江駅⇔北田⇔養護学校⇔あじさい団地, 【市営3竹矢①】四季ヶ丘⇒くにびき⇒松江駅⇒東朝日⇒竹矢⇒馬潟, 【市営3竹矢①】竹矢⇔東朝日⇔松江駅⇔くにびき⇔四季ヶ丘"
宮の空,出雲市,平田生活バス　塩津線
大塚坂下,松江市,"古江コミュニティバス　畑谷線, 古江コミュニティバス　成相寺・野間循環線"
石橋町,松江市,"【市営1川津①】県合同庁舎⇔相生⇔松江駅⇔北堀⇔あじさい団地, 【市営1川津①】県合同庁舎⇔相生⇔松江駅⇔北堀⇔川津, 【市営1川津②】県合同庁舎⇔相生⇔松江駅⇔北堀⇔平成ニュータウン, 【市営1川津③】かんべの里⇔相生⇔松江駅⇔北堀⇔川津, 【市営1川津④】市立病院⇔西の原⇔相生⇔松江駅⇔北堀⇔川津, 【市営1川津⑤】県合同庁舎⇔桧山⇔松江駅⇔北堀⇔川津, 【市営1川津⑥】平成町車庫⇔大庭⇔相生⇔松江駅⇔北堀⇔川津, 【市営1川津⑦】県合同庁舎⇒相生⇒竪町⇒北堀⇒川津, 【市営9法吉①】松江駅⇒石橋⇒東淞北台⇒比津が丘⇒久米⇒西原⇒日赤⇒松江駅, 【市営9法吉①】松江駅⇒西原⇒久米⇒比津が丘⇒東淞北台⇒石橋⇒日赤⇒松江駅, 【市営9法吉②】松江駅⇒石橋⇒東淞北台⇒はなうみ苑⇒比津が丘⇒法吉公民館, 【市営9法吉②】松江駅⇒石橋⇒東淞北台⇒はなうみ苑⇒法吉公民館⇒西原⇒日赤⇒松江駅, 【市営9法吉②】松江駅⇒石橋⇒東淞北台⇒比津が丘⇒法吉公民館⇒西原⇒日赤⇒松江駅, 【市営9法吉②】松江駅⇒西原⇒法吉公民館⇒はなうみ苑⇒東淞北台⇒石橋⇒日赤⇒松江駅, 【市営9法吉②】松江駅⇒西原⇒法吉公民館⇒比津が丘⇒東淞北台⇒石橋⇒日赤⇒松江駅, 【市営9法吉②】法吉公民館⇒比津が丘⇒はなうみ苑⇒東淞北台⇒石橋⇒日赤⇒松江駅"
石橋町,一畑バス（株）,"【松江管内】万原線, 【松江管内】マリンプラザ線"
学園通り中央,松江市,"【市営7北循環①】松江駅⇔くにびき⇔島根大学⇔春日南⇔温泉駅⇔県民会館⇔松江駅, 【市営7北循環②】松江駅⇔くにびき⇔島根大学⇔淞北台⇔温泉駅⇔県民会館⇔松江駅, 【市営7北循環③】松江駅⇔くにびき⇔島根大学⇔春日南⇔温泉駅⇔松江駅"
楽山公園入口,松江市,"【市営1川津①】県合同庁舎⇔相生⇔松江駅⇔北堀⇔あじさい団地, 【市営2あじさい①】あじさい団地⇒北田⇒松江駅⇒駅南口⇒桧山⇒八重垣神社⇒平成町車庫⇒市立病院, 【市営2あじさい①】八重垣神社⇔桧山⇔駅南口⇔松江駅⇔北田⇔あじさい団地, 【市営2あじさい①】市立病院⇔八重垣神社⇔桧山⇔駅南口⇔松江駅⇔北田⇔あじさい団地, 【市営2あじさい①】平成町車庫⇔八重垣神社⇔桧山⇔駅南口⇔松江駅⇔北田⇔あじさい団地, 【市営2あじさい①】平成町車庫⇔南高校⇔桧山⇔駅南口⇔松江駅⇔北田⇔あじさい団地, 【市営2あじさい②】あじさい団地⇒養護学校⇒北田⇒松江駅⇒桧山⇒八重垣神社⇒平成町車庫, 【市営2あじさい②】市立病院⇒墓地⇒八重垣神社⇒桧山⇒松江駅⇒北田⇒養護学校⇒あじさい団地, 【市営2あじさい②】市立病院⇔八重垣神社⇔桧山⇔松江駅⇔北田⇔養護学校⇔あじさい団地, 【市営3竹矢①】四季ヶ丘⇒くにびき⇒松江駅⇒東朝日⇒竹矢⇒馬潟, 【市営3竹矢①】竹矢⇔東朝日⇔松江駅⇔くにびき⇔四季ヶ丘"
妙見,出雲市,平田生活バス　一畑薬師線
朝日ヶ丘駅前,松江市,"【市営8朝日ヶ丘②】松江駅⇔温泉駅⇔朝日ヶ丘⇔運転免許センター, 【市営8朝日ヶ丘③】平成町車庫⇒西の原⇒生協前⇒松江駅⇒運転免許センター⇒授産センター"
楽山橋,松江市,"【市営2あじさい①】あじさい団地⇒北田⇒松江駅⇒駅南口⇒桧山⇒八重垣神社⇒平成町車庫⇒市立病院, 【市営2あじさい①】八重垣神社⇔桧山⇔駅南口⇔松江駅⇔北田⇔あじさい団地, 【市営2あじさい①】市立病院⇔八重垣神社⇔桧山⇔駅南口⇔松江駅⇔北田⇔あじさい団地, 【市営2あじさい①】平成町車庫⇔八重垣神社⇔桧山⇔駅南口⇔松江駅⇔北田⇔あじさい団地, 【市営2あじさい①】平成町車庫⇔南高校⇔桧山⇔駅南口⇔松江駅⇔北田⇔あじさい団地, 【市営2あじさい②】あじさい団地⇒養護学校⇒北田⇒松江駅⇒桧山⇒八重垣神社⇒平成町車庫, 【市営2あじさい②】市立病院⇒墓地⇒八重垣神社⇒桧山⇒松江駅⇒北田⇒養護学校⇒あじさい団地, 【市営2あじさい②】市立病院⇔八重垣神社⇔桧山⇔松江駅⇔北田⇔養護学校⇔あじさい団地, 【市営3竹矢①】四季ヶ丘⇒くにびき⇒松江駅⇒東朝日⇒竹矢⇒馬潟, 【市営3竹矢①】竹矢⇔東朝日⇔松江駅⇔くにびき⇔四季ヶ丘"
石橋四丁目,松江市,"【市営1川津①】県合同庁舎⇔相生⇔松江駅⇔北堀⇔あじさい団地, 【市営1川津①】県合同庁舎⇔相生⇔松江駅⇔北堀⇔川津, 【市営1川津②】県合同庁舎⇔相生⇔松江駅⇔北堀⇔平成ニュータウン, 【市営1川津③】かんべの里⇔相生⇔松江駅⇔北堀⇔川津, 【市営1川津④】市立病院⇔西の原⇔相生⇔松江駅⇔北堀⇔川津, 【市営1川津⑤】県合同庁舎⇔桧山⇔松江駅⇔北堀⇔川津, 【市営1川津⑥】平成町車庫⇔大庭⇔相生⇔松江駅⇔北堀⇔川津, 【市営5八重垣②】八重垣神社⇒虹⇒桧山⇒駅南口⇒松江駅⇒北堀⇒淞北台団地, 【市営5八重垣②】八重垣神社⇔桧山⇔駅南口⇔松江駅⇔北堀⇔淞北台団地, 【市営5八重垣②】淞北台団地⇒附属前⇒北堀⇒松江駅, 【市営5八重垣③】淞北台団地⇒北堀⇒松江駅⇒イオン⇒桧山⇒八重垣神社⇒公園墓地"
灘組,松江市,古江コミュニティバス　畑谷線
附属学園前,松江市,"【市営2あじさい①】あじさい団地⇒北田⇒松江駅⇒駅南口⇒桧山⇒八重垣神社⇒平成町車庫⇒市立病院, 【市営2あじさい①】八重垣神社⇔桧山⇔駅南口⇔松江駅⇔北田⇔あじさい団地, 【市営2あじさい①】市立病院⇔八重垣神社⇔桧山⇔駅南口⇔松江駅⇔北田⇔あじさい団地, 【市営2あじさい①】平成町車庫⇔八重垣神社⇔桧山⇔駅南口⇔松江駅⇔北田⇔あじさい団地, 【市営2あじさい①】平成町車庫⇔南高校⇔桧山⇔駅南口⇔松江駅⇔北田⇔あじさい団地, 【市営2あじさい②】あじさい団地⇒養護学校⇒北田⇒松江駅⇒桧山⇒八重垣神社⇒平成町車庫, 【市営2あじさい②】市立病院⇒墓地⇒八重垣神社⇒桧山⇒松江駅⇒北田⇒養護学校⇒あじさい団地, 【市営2あじさい②】市立病院⇔八重垣神社⇔桧山⇔松江駅⇔北田⇔養護学校⇔あじさい団地, 【市営5八重垣②】八重垣神社⇒虹⇒桧山⇒駅南口⇒松江駅⇒北堀⇒淞北台団地, 【市営5八重垣②】八重垣神社⇔桧山⇔駅南口⇔松江駅⇔北堀⇔淞北台団地, 【市営5八重垣②】淞北台団地⇒附属前⇒北堀⇒松江駅, 【市営5八重垣③】淞北台団地⇒北堀⇒松江駅⇒イオン⇒桧山⇒八重垣神社⇒公園墓地"
黒田町井出の内,松江市,"【市営7北循環①】松江駅⇔くにびき⇔島根大学⇔春日南⇔温泉駅⇔県民会館⇔松江駅, 【市営7北循環②】松江駅⇔くにびき⇔島根大学⇔淞北台⇔温泉駅⇔県民会館⇔松江駅, 【市営7北循環③】松江駅⇔くにびき⇔島根大学⇔春日南⇔温泉駅⇔松江駅"
黒田町井出の内,一畑バス（株）,【松江管内】恵曇線
レインボープラザ前,一畑バス（株）,"隠岐汽船接続バス　松江七類線, 隠岐汽船接続バス　松江境港線"
城東保育所入口,松江市,"【市営2あじさい①】あじさい団地⇒北田⇒松江駅⇒駅南口⇒桧山⇒八重垣神社⇒平成町車庫⇒市立病院, 【市営2あじさい①】八重垣神社⇔桧山⇔駅南口⇔松江駅⇔北田⇔あじさい団地, 【市営2あじさい①】市立病院⇔八重垣神社⇔桧山⇔駅南口⇔松江駅⇔北田⇔あじさい団地, 【市営2あじさい①】平成町車庫⇔八重垣神社⇔桧山⇔駅南口⇔松江駅⇔北田⇔あじさい団地, 【市営2あじさい①】平成町車庫⇔南高校⇔桧山⇔駅南口⇔松江駅⇔北田⇔あじさい団地, 【市営2あじさい②】あじさい団地⇒養護学校⇒北田⇒松江駅⇒桧山⇒八重垣神社⇒平成町車庫, 【市営2あじさい②】市立病院⇒墓地⇒八重垣神社⇒桧山⇒松江駅⇒北田⇒養護学校⇒あじさい団地, 【市営2あじさい②】市立病院⇔八重垣神社⇔桧山⇔松江駅⇔北田⇔養護学校⇔あじさい団地, 【市営3竹矢①】四季ヶ丘⇒くにびき⇒松江駅⇒東朝日⇒竹矢⇒馬潟, 【市営3竹矢①】竹矢⇔東朝日⇔松江駅⇔くにびき⇔四季ヶ丘, 【市営7北循環①】松江駅⇔くにびき⇔島根大学⇔春日南⇔温泉駅⇔県民会館⇔松江駅, 【市営7北循環②】松江駅⇔くにびき⇔島根大学⇔淞北台⇔温泉駅⇔県民会館⇔松江駅, 【市営7北循環③】松江駅⇔くにびき⇔島根大学⇔春日南⇔温泉駅⇔松江駅"
塩津郵便局,出雲市,平田生活バス　塩津線
古曽志公園入口,松江市,"【市営8朝日ヶ丘①】平成町車庫⇔茶山⇔桧山⇔松江駅⇔朝日ヶ丘⇔授産センター, 【市営8朝日ヶ丘①】松江駅⇔温泉駅⇔朝日ヶ丘⇔授産センター, 【市営8朝日ヶ丘②】松江駅⇔温泉駅⇔朝日ヶ丘⇔運転免許センター, 古江コミュニティバス　畑谷線"
石橋三丁目,松江市,"【市営1川津①】県合同庁舎⇔相生⇔松江駅⇔北堀⇔あじさい団地, 【市営1川津①】県合同庁舎⇔相生⇔松江駅⇔北堀⇔川津, 【市営1川津②】県合同庁舎⇔相生⇔松江駅⇔北堀⇔平成ニュータウン, 【市営1川津③】かんべの里⇔相生⇔松江駅⇔北堀⇔川津, 【市営1川津④】市立病院⇔西の原⇔相生⇔松江駅⇔北堀⇔川津, 【市営1川津⑤】県合同庁舎⇔桧山⇔松江駅⇔北堀⇔川津, 【市営1川津⑥】平成町車庫⇔大庭⇔相生⇔松江駅⇔北堀⇔川津, 【市営1川津⑦】県合同庁舎⇒相生⇒竪町⇒北堀⇒川津, 【市営5八重垣②】八重垣神社⇒虹⇒桧山⇒駅南口⇒松江駅⇒北堀⇒淞北台団地, 【市営5八重垣②】八重垣神社⇔桧山⇔駅南口⇔松江駅⇔北堀⇔淞北台団地, 【市営5八重垣②】淞北台団地⇒附属前⇒北堀⇒松江駅, 【市営5八重垣③】淞北台団地⇒北堀⇒松江駅⇒イオン⇒桧山⇒八重垣神社⇒公園墓地"
附属中学校入口,一畑バス（株）,"隠岐汽船接続バス　松江七類線, 隠岐汽船接続バス　松江境港線"
養護学校前,松江市,"【市営2あじさい②】あじさい団地⇒養護学校⇒北田⇒松江駅⇒桧山⇒八重垣神社⇒平成町車庫, 【市営2あじさい②】市立病院⇒墓地⇒八重垣神社⇒桧山⇒松江駅⇒北田⇒養護学校⇒あじさい団地, 【市営2あじさい②】市立病院⇔八重垣神社⇔桧山⇔松江駅⇔北田⇔養護学校⇔あじさい団地, 【市営3竹矢①】四季ヶ丘⇒くにびき⇒松江駅⇒東朝日⇒竹矢⇒馬潟, 【市営3竹矢①】竹矢⇔東朝日⇔松江駅⇔くにびき⇔四季ヶ丘"
四季ヶ丘入口,松江市,"【市営2あじさい②】あじさい団地⇒養護学校⇒北田⇒松江駅⇒桧山⇒八重垣神社⇒平成町車庫, 【市営2あじさい②】市立病院⇒墓地⇒八重垣神社⇒桧山⇒松江駅⇒北田⇒養護学校⇒あじさい団地, 【市営2あじさい②】市立病院⇔八重垣神社⇔桧山⇔松江駅⇔北田⇔養護学校⇔あじさい団地, 【市営3竹矢①】四季ヶ丘⇒くにびき⇒松江駅⇒東朝日⇒竹矢⇒馬潟, 【市営3竹矢①】竹矢⇔東朝日⇔松江駅⇔くにびき⇔四季ヶ丘"
附属学園入口,松江市,"【市営1川津⑧】県合同庁舎⇒相生⇒松江駅⇒くにびき⇒川津, 【市営1川津⑨】川津⇒くにびき⇒松江駅⇒相生⇒南高校⇒公園墓地⇒平成町車庫, 【市営3竹矢①】四季ヶ丘⇒くにびき⇒松江駅⇒東朝日⇒竹矢⇒馬潟, 【市営3竹矢①】竹矢⇔東朝日⇔松江駅⇔くにびき⇔四季ヶ丘, 【市営3竹矢⑤】竹矢⇒東朝日⇒松江駅⇒くにびき⇒島根大学⇒東高校, 【市営5八重垣④】八重垣神社⇒桧山⇒松江駅⇒くにびき⇒ソフトビジネスパーク, 【市営5八重垣④】八重垣神社⇔虹⇔桧山⇔松江駅⇔くにびき⇔ソフトビジネスパーク, 【市営5八重垣④】松江駅⇔くにびき⇔ソフトビジネスパーク, 【市営6病院③】市立病院⇔西の原⇔桧山⇔松江駅⇔くにびき⇔ソフトビジネスパーク, 【市営6病院③】平成町車庫⇒西の原⇒生協前⇒松江駅⇒くにびき⇒ソフトビジネスパーク, 【市営6病院③】平成町車庫⇔西の原⇔桧山⇔松江駅⇔くにびき⇔ソフトビジネスパーク, 【市営7北循環①】松江駅⇔くにびき⇔島根大学⇔春日南⇔温泉駅⇔県民会館⇔松江駅, 【市営7北循環②】松江駅⇔くにびき⇔島根大学⇔淞北台⇔温泉駅⇔県民会館⇔松江駅, 【市営7北循環③】松江駅⇔くにびき⇔島根大学⇔春日南⇔温泉駅⇔松江駅"
星野医院前,松江市,"古江コミュニティバス　畑谷線, 古江コミュニティバス　成相寺・野間循環線"
堀川遊覧船乗場,松江市,"【市営0レイク】松江駅⇒松江城⇒小泉八雲⇒温泉駅⇒夕日公園⇒美術館⇒松江駅, 【市営0レイク】松江駅⇒松江城⇒小泉八雲⇒温泉駅⇒美術館⇒松江駅"
堀川遊覧船乗場,一畑バス（株）,【松江管内】御津線
塩見縄手入口,一畑バス（株）,【松江管内】御津線
塩津漁港,出雲市,平田生活バス　塩津線
小泉八雲記念館前,松江市,"【市営0レイク】松江駅⇒松江城⇒小泉八雲⇒温泉駅⇒夕日公園⇒美術館⇒松江駅, 【市営0レイク】松江駅⇒松江城⇒小泉八雲⇒温泉駅⇒美術館⇒松江駅, 【市営9法吉①】松江駅⇒石橋⇒東淞北台⇒比津が丘⇒久米⇒西原⇒日赤⇒松江駅, 【市営9法吉①】松江駅⇒西原⇒久米⇒比津が丘⇒東淞北台⇒石橋⇒日赤⇒松江駅, 【市営9法吉②】松江駅⇒石橋⇒東淞北台⇒はなうみ苑⇒法吉公民館⇒西原⇒日赤⇒松江駅, 【市営9法吉②】松江駅⇒石橋⇒東淞北台⇒比津が丘⇒法吉公民館⇒西原⇒日赤⇒松江駅, 【市営9法吉②】松江駅⇒西原⇒法吉公民館⇒はなうみ苑⇒東淞北台⇒石橋⇒日赤⇒松江駅, 【市営9法吉②】松江駅⇒西原⇒法吉公民館⇒比津が丘⇒東淞北台⇒石橋⇒日赤⇒松江駅"
塩津遊園地,出雲市,平田生活バス　塩津線
大海崎橋,松江市,"【市営4八束①】八束町⇒江島⇒八束町⇒松江駅⇒乃木駅⇒商業高⇒市立病院, 【市営4八束①】市立病院⇔商業高⇔乃木駅⇔松江駅⇔大海崎⇔八束町, 【市営4八束①】平成町車庫⇒商業高⇒乃木駅⇒松江駅⇒大海崎⇒八束町, 【市営4八束①】松江駅⇔女子高⇔大海崎⇔八束町, 【市営4八束②】八束町⇒上宇部尾⇒女子高⇒松江駅⇒乃木駅⇒商業高⇒市立病院, 【市営4八束②】八束町⇒上宇部尾⇒女子高⇒松江駅⇒乃木駅⇒商業高⇒平成町車庫, 【市営4八束②】八束町⇒江島⇒上宇部尾⇒松江駅⇒乃木駅⇒商業高⇒市立病院, 【市営4八束②】平成町車庫⇒商業高⇒乃木駅⇒松江駅⇒上宇部尾⇒江島⇒八束町, 【市営4八束②】松江駅⇔県民会館⇔女子高⇔上宇部尾⇔八束町"
運転免許センター,松江市,"【市営8朝日ヶ丘②】松江駅⇔温泉駅⇔朝日ヶ丘⇔運転免許センター, 【市営8朝日ヶ丘③】平成町車庫⇒西の原⇒生協前⇒松江駅⇒運転免許センター⇒授産センター"
授産センター前,松江市,"【市営8朝日ヶ丘②】松江駅⇔温泉駅⇔朝日ヶ丘⇔運転免許センター, 【市営8朝日ヶ丘③】平成町車庫⇒西の原⇒生協前⇒松江駅⇒運転免許センター⇒授産センター"
中の手,出雲市,平田生活バス　地合線
古江郵便局,松江市,"古江コミュニティバス　畑谷線, 古江コミュニティバス　成相寺・野間循環線"
古江,松江市,"【市営8朝日ヶ丘①】平成町車庫⇔茶山⇔桧山⇔松江駅⇔朝日ヶ丘⇔授産センター, 【市営8朝日ヶ丘①】松江駅⇔温泉駅⇔朝日ヶ丘⇔授産センター, 【市営8朝日ヶ丘②】松江駅⇔温泉駅⇔朝日ヶ丘⇔運転免許センター"
ふなつ橋,松江市,"【市営0レイク】松江駅⇒松江城⇒小泉八雲⇒温泉駅⇒夕日公園⇒美術館⇒松江駅, 【市営0レイク】松江駅⇒松江城⇒小泉八雲⇒温泉駅⇒美術館⇒松江駅, 【市営7北循環①】松江駅⇔くにびき⇔島根大学⇔春日南⇔温泉駅⇔県民会館⇔松江駅, 【市営7北循環②】松江駅⇔くにびき⇔島根大学⇔淞北台⇔温泉駅⇔県民会館⇔松江駅, 【市営7北循環③】松江駅⇔くにびき⇔島根大学⇔春日南⇔温泉駅⇔松江駅"
ふなつ橋,一畑バス（株）,"【松江管内】恵曇線, 【松江管内】御津線"
胡麻谷入口,出雲市,平田生活バス　一畑薬師線
北田町,松江市,"【市営2あじさい①】あじさい団地⇒北田⇒松江駅⇒駅南口⇒桧山⇒八重垣神社⇒平成町車庫⇒市立病院, 【市営2あじさい①】八重垣神社⇔桧山⇔駅南口⇔松江駅⇔北田⇔あじさい団地, 【市営2あじさい①】市立病院⇔八重垣神社⇔桧山⇔駅南口⇔松江駅⇔北田⇔あじさい団地, 【市営2あじさい①】平成町車庫⇔八重垣神社⇔桧山⇔駅南口⇔松江駅⇔北田⇔あじさい団地, 【市営2あじさい①】平成町車庫⇔南高校⇔桧山⇔駅南口⇔松江駅⇔北田⇔あじさい団地, 【市営2あじさい②】あじさい団地⇒養護学校⇒北田⇒松江駅⇒桧山⇒八重垣神社⇒平成町車庫, 【市営2あじさい②】市立病院⇒墓地⇒八重垣神社⇒桧山⇒松江駅⇒北田⇒養護学校⇒あじさい団地, 【市営2あじさい②】市立病院⇔八重垣神社⇔桧山⇔松江駅⇔北田⇔養護学校⇔あじさい団地, 【市営9法吉①】松江駅⇒石橋⇒東淞北台⇒比津が丘⇒久米⇒西原⇒日赤⇒松江駅, 【市営9法吉①】松江駅⇒西原⇒久米⇒比津が丘⇒東淞北台⇒石橋⇒日赤⇒松江駅, 【市営9法吉②】松江駅⇒石橋⇒東淞北台⇒はなうみ苑⇒比津が丘⇒法吉公民館, 【市営9法吉②】松江駅⇒石橋⇒東淞北台⇒はなうみ苑⇒法吉公民館⇒西原⇒日赤⇒松江駅, 【市営9法吉②】松江駅⇒石橋⇒東淞北台⇒比津が丘⇒法吉公民館⇒西原⇒日赤⇒松江駅, 【市営9法吉②】松江駅⇒西原⇒法吉公民館⇒はなうみ苑⇒東淞北台⇒石橋⇒日赤⇒松江駅, 【市営9法吉②】松江駅⇒西原⇒法吉公民館⇒比津が丘⇒東淞北台⇒石橋⇒日赤⇒松江駅, 【市営9法吉②】法吉公民館⇒比津が丘⇒はなうみ苑⇒東淞北台⇒石橋⇒日赤⇒松江駅"
北田町,一畑バス（株）,"【松江管内】万原線, 【松江管内】マリンプラザ線"
授産センター,松江市,"【市営8朝日ヶ丘①】平成町車庫⇔茶山⇔桧山⇔松江駅⇔朝日ヶ丘⇔授産センター, 【市営8朝日ヶ丘①】松江駅⇔温泉駅⇔朝日ヶ丘⇔授産センター, 【市営8朝日ヶ丘③】平成町車庫⇒西の原⇒生協前⇒松江駅⇒授産センター, 【市営8朝日ヶ丘③】平成町車庫⇒西の原⇒生協前⇒松江駅⇒運転免許センター⇒授産センター, 【市営8朝日ヶ丘③】授産センター⇒温泉駅⇒松江駅"
母衣小学校前,松江市,"【市営1川津⑧】県合同庁舎⇒相生⇒松江駅⇒くにびき⇒川津, 【市営1川津⑨】川津⇒くにびき⇒松江駅⇒相生⇒南高校⇒公園墓地⇒平成町車庫, 【市営3竹矢①】四季ヶ丘⇒くにびき⇒松江駅⇒東朝日⇒竹矢⇒馬潟, 【市営3竹矢①】竹矢⇔東朝日⇔松江駅⇔くにびき⇔四季ヶ丘, 【市営3竹矢⑤】竹矢⇒東朝日⇒松江駅⇒くにびき⇒島根大学⇒東高校, 【市営5八重垣④】八重垣神社⇒桧山⇒松江駅⇒くにびき⇒ソフトビジネスパーク, 【市営5八重垣④】八重垣神社⇔虹⇔桧山⇔松江駅⇔くにびき⇔ソフトビジネスパーク, 【市営5八重垣④】松江駅⇔くにびき⇔ソフトビジネスパーク, 【市営6病院③】市立病院⇔西の原⇔桧山⇔松江駅⇔くにびき⇔ソフトビジネスパーク, 【市営6病院③】平成町車庫⇒西の原⇒生協前⇒松江駅⇒くにびき⇒ソフトビジネスパーク, 【市営6病院③】平成町車庫⇔西の原⇔桧山⇔松江駅⇔くにびき⇔ソフトビジネスパーク, 【市営7北循環①】松江駅⇔くにびき⇔島根大学⇔春日南⇔温泉駅⇔県民会館⇔松江駅, 【市営7北循環②】松江駅⇔くにびき⇔島根大学⇔淞北台⇔温泉駅⇔県民会館⇔松江駅, 【市営7北循環③】松江駅⇔くにびき⇔島根大学⇔春日南⇔温泉駅⇔松江駅"
エコロふるえ,松江市,"古江コミュニティバス　畑谷線, 古江コミュニティバス　成相寺・野間循環線"
一の原,松江市,"【市営4八束②】八束町⇒上宇部尾⇒女子高⇒松江駅⇒乃木駅⇒商業高⇒市立病院, 【市営4八束②】八束町⇒上宇部尾⇒女子高⇒松江駅⇒乃木駅⇒商業高⇒平成町車庫, 【市営4八束②】八束町⇒江島⇒上宇部尾⇒松江駅⇒乃木駅⇒商業高⇒市立病院, 【市営4八束②】平成町車庫⇒商業高⇒乃木駅⇒松江駅⇒上宇部尾⇒江島⇒八束町, 【市営4八束②】松江駅⇔県民会館⇔女子高⇔上宇部尾⇔八束町"
盲学校入口,松江市,"【市営8朝日ヶ丘①】平成町車庫⇔茶山⇔桧山⇔松江駅⇔朝日ヶ丘⇔授産センター, 【市営8朝日ヶ丘①】松江駅⇔温泉駅⇔朝日ヶ丘⇔授産センター, 【市営8朝日ヶ丘②】松江駅⇔温泉駅⇔朝日ヶ丘⇔運転免許センター, 【市営8朝日ヶ丘③】平成町車庫⇒西の原⇒生協前⇒松江駅⇒授産センター, 【市営8朝日ヶ丘③】平成町車庫⇒西の原⇒生協前⇒松江駅⇒運転免許センター⇒授産センター, 【市営8朝日ヶ丘③】授産センター⇒温泉駅⇒松江駅"
北堀町,松江市,"【市営1川津①】県合同庁舎⇔相生⇔松江駅⇔北堀⇔あじさい団地, 【市営1川津①】県合同庁舎⇔相生⇔松江駅⇔北堀⇔川津, 【市営1川津②】県合同庁舎⇔相生⇔松江駅⇔北堀⇔平成ニュータウン, 【市営1川津③】かんべの里⇔相生⇔松江駅⇔北堀⇔川津, 【市営1川津④】市立病院⇔西の原⇔相生⇔松江駅⇔北堀⇔川津, 【市営1川津⑤】県合同庁舎⇔桧山⇔松江駅⇔北堀⇔川津, 【市営1川津⑥】平成町車庫⇔大庭⇔相生⇔松江駅⇔北堀⇔川津, 【市営1川津⑦】県合同庁舎⇒相生⇒竪町⇒北堀⇒川津, 【市営5八重垣②】八重垣神社⇒虹⇒桧山⇒駅南口⇒松江駅⇒北堀⇒淞北台団地, 【市営5八重垣②】八重垣神社⇔桧山⇔駅南口⇔松江駅⇔北堀⇔淞北台団地, 【市営5八重垣②】淞北台団地⇒附属前⇒北堀⇒松江駅, 【市営5八重垣③】淞北台団地⇒北堀⇒松江駅⇒イオン⇒桧山⇒八重垣神社⇒公園墓地, 【市営9法吉①】松江駅⇒西原⇒久米⇒比津が丘⇒東淞北台⇒石橋⇒日赤⇒松江駅, 【市営9法吉②】松江駅⇒西原⇒法吉公民館⇒はなうみ苑⇒東淞北台⇒石橋⇒日赤⇒松江駅, 【市営9法吉②】松江駅⇒西原⇒法吉公民館⇒比津が丘⇒東淞北台⇒石橋⇒日赤⇒松江駅"
寺津入口,松江市,"【市営8朝日ヶ丘①】平成町車庫⇔茶山⇔桧山⇔松江駅⇔朝日ヶ丘⇔授産センター, 【市営8朝日ヶ丘①】松江駅⇔温泉駅⇔朝日ヶ丘⇔授産センター, 【市営8朝日ヶ丘②】松江駅⇔温泉駅⇔朝日ヶ丘⇔運転免許センター"
イングリッシュガーデン前,松江市,"【市営8朝日ヶ丘①】平成町車庫⇔茶山⇔桧山⇔松江駅⇔朝日ヶ丘⇔授産センター, 【市営8朝日ヶ丘①】松江駅⇔温泉駅⇔朝日ヶ丘⇔授産センター, 【市営8朝日ヶ丘②】松江駅⇔温泉駅⇔朝日ヶ丘⇔運転免許センター, 【市営8朝日ヶ丘③】平成町車庫⇒西の原⇒生協前⇒松江駅⇒授産センター, 【市営8朝日ヶ丘③】平成町車庫⇒西の原⇒生協前⇒松江駅⇒運転免許センター⇒授産センター, 【市営8朝日ヶ丘③】授産センター⇒温泉駅⇒松江駅"
古江公民館（イングリッシュガーデン）,松江市,"古江コミュニティバス　畑谷線, 古江コミュニティバス　成相寺・野間循環線"
塩見縄手,松江市,"【市営0レイク】松江駅⇒松江城⇒小泉八雲⇒温泉駅⇒夕日公園⇒美術館⇒松江駅, 【市営0レイク】松江駅⇒松江城⇒小泉八雲⇒温泉駅⇒美術館⇒松江駅, 【市営1川津①】県合同庁舎⇔相生⇔松江駅⇔北堀⇔あじさい団地, 【市営1川津①】県合同庁舎⇔相生⇔松江駅⇔北堀⇔川津, 【市営1川津②】県合同庁舎⇔相生⇔松江駅⇔北堀⇔平成ニュータウン, 【市営1川津③】かんべの里⇔相生⇔松江駅⇔北堀⇔川津, 【市営1川津④】市立病院⇔西の原⇔相生⇔松江駅⇔北堀⇔川津, 【市営1川津⑤】県合同庁舎⇔桧山⇔松江駅⇔北堀⇔川津, 【市営1川津⑥】平成町車庫⇔大庭⇔相生⇔松江駅⇔北堀⇔川津, 【市営1川津⑦】県合同庁舎⇒相生⇒竪町⇒北堀⇒川津, 【市営5八重垣②】八重垣神社⇒虹⇒桧山⇒駅南口⇒松江駅⇒北堀⇒淞北台団地, 【市営5八重垣②】八重垣神社⇔桧山⇔駅南口⇔松江駅⇔北堀⇔淞北台団地, 【市営9法吉①】松江駅⇒西原⇒久米⇒比津が丘⇒東淞北台⇒石橋⇒日赤⇒松江駅, 【市営9法吉②】松江駅⇒西原⇒法吉公民館⇒はなうみ苑⇒東淞北台⇒石橋⇒日赤⇒松江駅, 【市営9法吉②】松江駅⇒西原⇒法吉公民館⇒比津が丘⇒東淞北台⇒石橋⇒日赤⇒松江駅"
峠下,出雲市,平田生活バス　坂浦線
平松,松江市,"【市営8朝日ヶ丘①】平成町車庫⇔茶山⇔桧山⇔松江駅⇔朝日ヶ丘⇔授産センター, 【市営8朝日ヶ丘①】松江駅⇔温泉駅⇔朝日ヶ丘⇔授産センター, 【市営8朝日ヶ丘②】松江駅⇔温泉駅⇔朝日ヶ丘⇔運転免許センター, 【市営8朝日ヶ丘③】平成町車庫⇒西の原⇒生協前⇒松江駅⇒授産センター, 【市営8朝日ヶ丘③】平成町車庫⇒西の原⇒生協前⇒松江駅⇒運転免許センター⇒授産センター, 【市営8朝日ヶ丘③】授産センター⇒温泉駅⇒松江駅"
釜浦車庫,出雲市,平田生活バス　北浜線
高山入口,出雲市,平田生活バス　地合線
平見谷池,出雲市,平田生活バス　地合線
胡麻谷上,出雲市,平田生活バス　地合線
満願寺前,松江市,"【市営8朝日ヶ丘①】平成町車庫⇔茶山⇔桧山⇔松江駅⇔朝日ヶ丘⇔授産センター, 【市営8朝日ヶ丘①】松江駅⇔温泉駅⇔朝日ヶ丘⇔授産センター, 【市営8朝日ヶ丘②】松江駅⇔温泉駅⇔朝日ヶ丘⇔運転免許センター, 【市営8朝日ヶ丘③】平成町車庫⇒西の原⇒生協前⇒松江駅⇒授産センター, 【市営8朝日ヶ丘③】平成町車庫⇒西の原⇒生協前⇒松江駅⇒運転免許センター⇒授産センター, 【市営8朝日ヶ丘③】授産センター⇒温泉駅⇒松江駅"
黒田町,松江市,"【市営0レイク】松江駅⇒松江城⇒小泉八雲⇒温泉駅⇒夕日公園⇒美術館⇒松江駅, 【市営0レイク】松江駅⇒松江城⇒小泉八雲⇒温泉駅⇒美術館⇒松江駅, 【市営7北循環①】松江駅⇔くにびき⇔島根大学⇔春日南⇔温泉駅⇔県民会館⇔松江駅, 【市営7北循環②】松江駅⇔くにびき⇔島根大学⇔淞北台⇔温泉駅⇔県民会館⇔松江駅, 【市営7北循環③】松江駅⇔くにびき⇔島根大学⇔春日南⇔温泉駅⇔松江駅"
黒田町,一畑バス（株）,"【松江管内】恵曇線, 【松江管内】御津線"
楽山入口,松江市,"【市営4八束①】八束町⇒江島⇒八束町⇒松江駅⇒乃木駅⇒商業高⇒市立病院, 【市営4八束①】市立病院⇔商業高⇔乃木駅⇔松江駅⇔大海崎⇔八束町, 【市営4八束①】平成町車庫⇒商業高⇒乃木駅⇒松江駅⇒大海崎, 【市営4八束①】平成町車庫⇒商業高⇒乃木駅⇒松江駅⇒大海崎⇒八束町, 【市営4八束①】松江駅⇔女子高⇔大海崎⇔八束町, 【市営4八束②】八束町⇒上宇部尾⇒女子高⇒松江駅⇒乃木駅⇒商業高⇒市立病院, 【市営4八束②】八束町⇒上宇部尾⇒女子高⇒松江駅⇒乃木駅⇒商業高⇒平成町車庫, 【市営4八束②】八束町⇒江島⇒上宇部尾⇒松江駅⇒乃木駅⇒商業高⇒市立病院, 【市営4八束②】平成町車庫⇒商業高⇒乃木駅⇒松江駅⇒上宇部尾⇒江島⇒八束町, 【市営4八束②】松江駅⇔県民会館⇔女子高⇔上宇部尾⇔八束町, 【市営4八束③】松江駅⇔くにびき⇔女子高, 【市営4八束④】温泉駅⇒内中原小⇒裁判所⇒女子高"
野石谷上,出雲市,平田生活バス　塩津線
百足橋,松江市,"【市営4八束①】八束町⇒江島⇒八束町⇒松江駅⇒乃木駅⇒商業高⇒市立病院, 【市営4八束①】市立病院⇔商業高⇔乃木駅⇔松江駅⇔大海崎⇔八束町, 【市営4八束①】平成町車庫⇒商業高⇒乃木駅⇒松江駅⇒大海崎, 【市営4八束①】平成町車庫⇒商業高⇒乃木駅⇒松江駅⇒大海崎⇒八束町, 【市営4八束①】松江駅⇔女子高⇔大海崎⇔八束町, 【市営4八束②】八束町⇒上宇部尾⇒女子高⇒松江駅⇒乃木駅⇒商業高⇒市立病院, 【市営4八束②】八束町⇒上宇部尾⇒女子高⇒松江駅⇒乃木駅⇒商業高⇒平成町車庫, 【市営4八束②】八束町⇒江島⇒上宇部尾⇒松江駅⇒乃木駅⇒商業高⇒市立病院, 【市営4八束②】平成町車庫⇒商業高⇒乃木駅⇒松江駅⇒上宇部尾⇒江島⇒八束町, 【市営4八束②】松江駅⇔県民会館⇔女子高⇔上宇部尾⇔八束町, 【市営4八束③】松江駅⇔くにびき⇔女子高, 【市営4八束④】温泉駅⇒内中原小⇒裁判所⇒女子高"
北殿町,松江市,"【市営1川津①】県合同庁舎⇔相生⇔松江駅⇔北堀⇔あじさい団地, 【市営1川津①】県合同庁舎⇔相生⇔松江駅⇔北堀⇔川津, 【市営1川津②】県合同庁舎⇔相生⇔松江駅⇔北堀⇔平成ニュータウン, 【市営1川津③】かんべの里⇔相生⇔松江駅⇔北堀⇔川津, 【市営1川津④】市立病院⇔西の原⇔相生⇔松江駅⇔北堀⇔川津, 【市営1川津⑤】県合同庁舎⇔桧山⇔松江駅⇔北堀⇔川津, 【市営1川津⑥】平成町車庫⇔大庭⇔相生⇔松江駅⇔北堀⇔川津, 【市営1川津⑦】県合同庁舎⇒相生⇒竪町⇒北堀⇒川津, 【市営5八重垣②】八重垣神社⇒虹⇒桧山⇒駅南口⇒松江駅⇒北堀⇒淞北台団地, 【市営5八重垣②】八重垣神社⇔桧山⇔駅南口⇔松江駅⇔北堀⇔淞北台団地, 【市営5八重垣②】淞北台団地⇒附属前⇒北堀⇒松江駅, 【市営5八重垣③】淞北台団地⇒北堀⇒松江駅⇒イオン⇒桧山⇒八重垣神社⇒公園墓地, 【市営9法吉①】松江駅⇒石橋⇒東淞北台⇒比津が丘⇒久米⇒西原⇒日赤⇒松江駅, 【市営9法吉①】松江駅⇒西原⇒久米⇒比津が丘⇒東淞北台⇒石橋⇒日赤⇒松江駅, 【市営9法吉②】松江駅⇒石橋⇒東淞北台⇒はなうみ苑⇒法吉公民館⇒西原⇒日赤⇒松江駅, 【市営9法吉②】松江駅⇒石橋⇒東淞北台⇒比津が丘⇒法吉公民館⇒西原⇒日赤⇒松江駅, 【市営9法吉②】松江駅⇒西原⇒法吉公民館⇒はなうみ苑⇒東淞北台⇒石橋⇒日赤⇒松江駅, 【市営9法吉②】松江駅⇒西原⇒法吉公民館⇒比津が丘⇒東淞北台⇒石橋⇒日赤⇒松江駅"
佐陀大橋,松江市,"【市営8朝日ヶ丘①】平成町車庫⇔茶山⇔桧山⇔松江駅⇔朝日ヶ丘⇔授産センター, 【市営8朝日ヶ丘①】松江駅⇔温泉駅⇔朝日ヶ丘⇔授産センター, 【市営8朝日ヶ丘②】松江駅⇔温泉駅⇔朝日ヶ丘⇔運転免許センター, 【市営8朝日ヶ丘③】平成町車庫⇒西の原⇒生協前⇒松江駅⇒授産センター, 【市営8朝日ヶ丘③】平成町車庫⇒西の原⇒生協前⇒松江駅⇒運転免許センター⇒授産センター, 【市営8朝日ヶ丘③】授産センター⇒温泉駅⇒松江駅"
南田町,松江市,"【市営2あじさい①】あじさい団地⇒北田⇒松江駅⇒駅南口⇒桧山⇒八重垣神社⇒平成町車庫⇒市立病院, 【市営2あじさい①】八重垣神社⇔桧山⇔駅南口⇔松江駅⇔北田⇔あじさい団地, 【市営2あじさい①】市立病院⇔八重垣神社⇔桧山⇔駅南口⇔松江駅⇔北田⇔あじさい団地, 【市営2あじさい①】平成町車庫⇔八重垣神社⇔桧山⇔駅南口⇔松江駅⇔北田⇔あじさい団地, 【市営2あじさい①】平成町車庫⇔南高校⇔桧山⇔駅南口⇔松江駅⇔北田⇔あじさい団地, 【市営2あじさい②】あじさい団地⇒養護学校⇒北田⇒松江駅⇒桧山⇒八重垣神社⇒平成町車庫, 【市営2あじさい②】市立病院⇒墓地⇒八重垣神社⇒桧山⇒松江駅⇒北田⇒養護学校⇒あじさい団地, 【市営2あじさい②】市立病院⇔八重垣神社⇔桧山⇔松江駅⇔北田⇔養護学校⇔あじさい団地, 【市営9法吉①】松江駅⇒石橋⇒東淞北台⇒比津が丘⇒久米⇒西原⇒日赤⇒松江駅, 【市営9法吉①】松江駅⇒西原⇒久米⇒比津が丘⇒東淞北台⇒石橋⇒日赤⇒松江駅, 【市営9法吉②】松江駅⇒石橋⇒東淞北台⇒はなうみ苑⇒比津が丘⇒法吉公民館, 【市営9法吉②】松江駅⇒石橋⇒東淞北台⇒はなうみ苑⇒法吉公民館⇒西原⇒日赤⇒松江駅, 【市営9法吉②】松江駅⇒石橋⇒東淞北台⇒比津が丘⇒法吉公民館⇒西原⇒日赤⇒松江駅, 【市営9法吉②】松江駅⇒西原⇒法吉公民館⇒はなうみ苑⇒東淞北台⇒石橋⇒日赤⇒松江駅, 【市営9法吉②】松江駅⇒西原⇒法吉公民館⇒比津が丘⇒東淞北台⇒石橋⇒日赤⇒松江駅, 【市営9法吉②】法吉公民館⇒比津が丘⇒はなうみ苑⇒東淞北台⇒石橋⇒日赤⇒松江駅"
南田町,一畑バス（株）,"【松江管内】万原線, 【松江管内】マリンプラザ線"
市成,松江市,"【市営4八束①】八束町⇒江島⇒八束町⇒松江駅⇒乃木駅⇒商業高⇒市立病院, 【市営4八束①】市立病院⇔商業高⇔乃木駅⇔松江駅⇔大海崎⇔八束町, 【市営4八束①】平成町車庫⇒商業高⇒乃木駅⇒松江駅⇒大海崎, 【市営4八束①】平成町車庫⇒商業高⇒乃木駅⇒松江駅⇒大海崎⇒八束町, 【市営4八束①】松江駅⇔女子高⇔大海崎⇔八束町, 【市営4八束②】八束町⇒上宇部尾⇒女子高⇒松江駅⇒乃木駅⇒商業高⇒市立病院, 【市営4八束②】八束町⇒上宇部尾⇒女子高⇒松江駅⇒乃木駅⇒商業高⇒平成町車庫, 【市営4八束②】八束町⇒江島⇒上宇部尾⇒松江駅⇒乃木駅⇒商業高⇒市立病院, 【市営4八束②】平成町車庫⇒商業高⇒乃木駅⇒松江駅⇒上宇部尾⇒江島⇒八束町, 【市営4八束②】松江駅⇔県民会館⇔女子高⇔上宇部尾⇔八束町, 【市営4八束③】松江駅⇔くにびき⇔女子高, 【市営4八束④】温泉駅⇒内中原小⇒裁判所⇒女子高"
大手前堀川遊覧船乗場・歴史館前,松江市,"【市営0レイク】松江駅⇒松江城⇒小泉八雲⇒温泉駅⇒夕日公園⇒美術館⇒松江駅, 【市営0レイク】松江駅⇒松江城⇒小泉八雲⇒温泉駅⇒美術館⇒松江駅"
妙見下,松江市,"【市営8朝日ヶ丘①】平成町車庫⇔茶山⇔桧山⇔松江駅⇔朝日ヶ丘⇔授産センター, 【市営8朝日ヶ丘①】松江駅⇔温泉駅⇔朝日ヶ丘⇔授産センター, 【市営8朝日ヶ丘②】松江駅⇔温泉駅⇔朝日ヶ丘⇔運転免許センター, 【市営8朝日ヶ丘③】平成町車庫⇒西の原⇒生協前⇒松江駅⇒授産センター, 【市営8朝日ヶ丘③】平成町車庫⇒西の原⇒生協前⇒松江駅⇒運転免許センター⇒授産センター, 【市営8朝日ヶ丘③】授産センター⇒温泉駅⇒松江駅"
学園南二丁目,松江市,"【市営1川津⑧】県合同庁舎⇒相生⇒松江駅⇒くにびき⇒川津, 【市営1川津⑨】川津⇒くにびき⇒松江駅⇒相生⇒南高校⇒公園墓地⇒平成町車庫, 【市営3竹矢①】四季ヶ丘⇒くにびき⇒松江駅⇒東朝日⇒竹矢⇒馬潟, 【市営3竹矢①】竹矢⇔東朝日⇔松江駅⇔くにびき⇔四季ヶ丘, 【市営3竹矢⑤】竹矢⇒東朝日⇒松江駅⇒くにびき⇒島根大学⇒東高校, 【市営5八重垣④】八重垣神社⇒桧山⇒松江駅⇒くにびき⇒ソフトビジネスパーク, 【市営5八重垣④】八重垣神社⇔虹⇔桧山⇔松江駅⇔くにびき⇔ソフトビジネスパーク, 【市営5八重垣④】松江駅⇔くにびき⇔ソフトビジネスパーク, 【市営6病院③】市立病院⇔西の原⇔桧山⇔松江駅⇔くにびき⇔ソフトビジネスパーク, 【市営6病院③】平成町車庫⇒西の原⇒生協前⇒松江駅⇒くにびき⇒ソフトビジネスパーク, 【市営6病院③】平成町車庫⇔西の原⇔桧山⇔松江駅⇔くにびき⇔ソフトビジネスパーク, 【市営7北循環①】松江駅⇔くにびき⇔島根大学⇔春日南⇔温泉駅⇔県民会館⇔松江駅, 【市営7北循環②】松江駅⇔くにびき⇔島根大学⇔淞北台⇔温泉駅⇔県民会館⇔松江駅, 【市営7北循環③】松江駅⇔くにびき⇔島根大学⇔春日南⇔温泉駅⇔松江駅"
円光寺前,松江市,"【市営8朝日ヶ丘①】平成町車庫⇔茶山⇔桧山⇔松江駅⇔朝日ヶ丘⇔授産センター, 【市営8朝日ヶ丘①】松江駅⇔温泉駅⇔朝日ヶ丘⇔授産センター, 【市営8朝日ヶ丘②】松江駅⇔温泉駅⇔朝日ヶ丘⇔運転免許センター, 【市営8朝日ヶ丘③】平成町車庫⇒西の原⇒生協前⇒松江駅⇒授産センター, 【市営8朝日ヶ丘③】平成町車庫⇒西の原⇒生協前⇒松江駅⇒運転免許センター⇒授産センター, 【市営8朝日ヶ丘③】授産センター⇒温泉駅⇒松江駅"
南平台入口,松江市,"【市営8朝日ヶ丘①】平成町車庫⇔茶山⇔桧山⇔松江駅⇔朝日ヶ丘⇔授産センター, 【市営8朝日ヶ丘①】松江駅⇔温泉駅⇔朝日ヶ丘⇔授産センター, 【市営8朝日ヶ丘②】松江駅⇔温泉駅⇔朝日ヶ丘⇔運転免許センター, 【市営8朝日ヶ丘③】平成町車庫⇒西の原⇒生協前⇒松江駅⇒授産センター, 【市営8朝日ヶ丘③】平成町車庫⇒西の原⇒生協前⇒松江駅⇒運転免許センター⇒授産センター, 【市営8朝日ヶ丘③】授産センター⇒温泉駅⇒松江駅"
麦島,松江市,"【市営4八束①】八束町⇒江島⇒八束町⇒松江駅⇒乃木駅⇒商業高⇒市立病院, 【市営4八束①】市立病院⇔商業高⇔乃木駅⇔松江駅⇔大海崎⇔八束町, 【市営4八束①】平成町車庫⇒商業高⇒乃木駅⇒松江駅⇒大海崎, 【市営4八束①】平成町車庫⇒商業高⇒乃木駅⇒松江駅⇒大海崎⇒八束町, 【市営4八束①】松江駅⇔女子高⇔大海崎⇔八束町, 【市営4八束②】八束町⇒上宇部尾⇒女子高⇒松江駅⇒乃木駅⇒商業高⇒市立病院, 【市営4八束②】八束町⇒上宇部尾⇒女子高⇒松江駅⇒乃木駅⇒商業高⇒平成町車庫, 【市営4八束②】八束町⇒江島⇒上宇部尾⇒松江駅⇒乃木駅⇒商業高⇒市立病院, 【市営4八束②】平成町車庫⇒商業高⇒乃木駅⇒松江駅⇒上宇部尾⇒江島⇒八束町, 【市営4八束②】松江駅⇔県民会館⇔女子高⇔上宇部尾⇔八束町, 【市営4八束③】松江駅⇔くにびき⇔女子高, 【市営4八束④】温泉駅⇒内中原小⇒裁判所⇒女子高"
浜佐田灘公民館前,松江市,"【市営8朝日ヶ丘①】平成町車庫⇔茶山⇔桧山⇔松江駅⇔朝日ヶ丘⇔授産センター, 【市営8朝日ヶ丘①】松江駅⇔温泉駅⇔朝日ヶ丘⇔授産センター, 【市営8朝日ヶ丘②】松江駅⇔温泉駅⇔朝日ヶ丘⇔運転免許センター, 【市営8朝日ヶ丘③】平成町車庫⇒西の原⇒生協前⇒松江駅⇒授産センター, 【市営8朝日ヶ丘③】平成町車庫⇒西の原⇒生協前⇒松江駅⇒運転免許センター⇒授産センター, 【市営8朝日ヶ丘③】授産センター⇒温泉駅⇒松江駅"
総合体育館前,松江市,"【市営4八束①】八束町⇒江島⇒八束町⇒松江駅⇒乃木駅⇒商業高⇒市立病院, 【市営4八束①】市立病院⇔商業高⇔乃木駅⇔松江駅⇔大海崎⇔八束町, 【市営4八束①】平成町車庫⇒商業高⇒乃木駅⇒松江駅⇒大海崎, 【市営4八束①】平成町車庫⇒商業高⇒乃木駅⇒松江駅⇒大海崎⇒八束町, 【市営4八束①】松江駅⇔女子高⇔大海崎⇔八束町, 【市営4八束②】八束町⇒上宇部尾⇒女子高⇒松江駅⇒乃木駅⇒商業高⇒市立病院, 【市営4八束②】八束町⇒上宇部尾⇒女子高⇒松江駅⇒乃木駅⇒商業高⇒平成町車庫, 【市営4八束②】八束町⇒江島⇒上宇部尾⇒松江駅⇒乃木駅⇒商業高⇒市立病院, 【市営4八束②】平成町車庫⇒商業高⇒乃木駅⇒松江駅⇒上宇部尾⇒江島⇒八束町, 【市営4八束②】松江駅⇔県民会館⇔女子高⇔上宇部尾⇔八束町, 【市営4八束③】松江駅⇔くにびき⇔女子高, 【市営4八束④】温泉駅⇒内中原小⇒裁判所⇒女子高"
総合体育館前,一畑バス（株）,"【松江管内】万原線, 【松江管内】マリンプラザ線, 【松江管内】恵曇線, 【松江管内】御津線, 【松江管内】大東線, 【松江管内】荒島線"
横枕,出雲市,平田生活バス　一畑薬師線
裁判所前,松江市,"【市営2あじさい①】あじさい団地⇒北田⇒松江駅⇒駅南口⇒桧山⇒八重垣神社⇒平成町車庫⇒市立病院, 【市営2あじさい①】八重垣神社⇔桧山⇔駅南口⇔松江駅⇔北田⇔あじさい団地, 【市営2あじさい①】市立病院⇔八重垣神社⇔桧山⇔駅南口⇔松江駅⇔北田⇔あじさい団地, 【市営2あじさい①】平成町車庫⇔八重垣神社⇔桧山⇔駅南口⇔松江駅⇔北田⇔あじさい団地, 【市営2あじさい①】平成町車庫⇔南高校⇔桧山⇔駅南口⇔松江駅⇔北田⇔あじさい団地, 【市営2あじさい②】あじさい団地⇒養護学校⇒北田⇒松江駅⇒桧山⇒八重垣神社⇒平成町車庫, 【市営2あじさい②】市立病院⇒墓地⇒八重垣神社⇒桧山⇒松江駅⇒北田⇒養護学校⇒あじさい団地, 【市営2あじさい②】市立病院⇔八重垣神社⇔桧山⇔松江駅⇔北田⇔養護学校⇔あじさい団地, 【市営4八束①】八束町⇒江島⇒八束町⇒松江駅⇒乃木駅⇒商業高⇒市立病院, 【市営4八束①】市立病院⇔商業高⇔乃木駅⇔松江駅⇔大海崎⇔八束町, 【市営4八束①】平成町車庫⇒商業高⇒乃木駅⇒松江駅⇒大海崎, 【市営4八束①】平成町車庫⇒商業高⇒乃木駅⇒松江駅⇒大海崎⇒八束町, 【市営4八束①】松江駅⇔女子高⇔大海崎⇔八束町, 【市営4八束②】八束町⇒上宇部尾⇒女子高⇒松江駅⇒乃木駅⇒商業高⇒市立病院, 【市営4八束②】八束町⇒上宇部尾⇒女子高⇒松江駅⇒乃木駅⇒商業高⇒平成町車庫, 【市営4八束②】八束町⇒江島⇒上宇部尾⇒松江駅⇒乃木駅⇒商業高⇒市立病院, 【市営4八束②】平成町車庫⇒商業高⇒乃木駅⇒松江駅⇒上宇部尾⇒江島⇒八束町, 【市営4八束②】松江駅⇔県民会館⇔女子高⇔上宇部尾⇔八束町, 【市営4八束④】温泉駅⇒内中原小⇒裁判所⇒女子高, 【市営6病院①】市立病院⇔西の原⇔桧山⇔松江駅⇔日赤⇔温泉駅⇒福祉センター, 【市営6病院⑤】市立病院⇔西の原⇔生協病院前⇔松江駅⇔日赤⇔温泉駅⇔福祉センター, 【市営9法吉①】松江駅⇒石橋⇒東淞北台⇒比津が丘⇒久米⇒西原⇒日赤⇒松江駅, 【市営9法吉①】松江駅⇒西原⇒久米⇒比津が丘⇒東淞北台⇒石橋⇒日赤⇒松江駅, 【市営9法吉②】松江駅⇒石橋⇒東淞北台⇒はなうみ苑⇒比津が丘⇒法吉公民館, 【市営9法吉②】松江駅⇒石橋⇒東淞北台⇒はなうみ苑⇒法吉公民館⇒西原⇒日赤⇒松江駅, 【市営9法吉②】松江駅⇒石橋⇒東淞北台⇒比津が丘⇒法吉公民館⇒西原⇒日赤⇒松江駅, 【市営9法吉②】松江駅⇒西原⇒法吉公民館⇒はなうみ苑⇒東淞北台⇒石橋⇒日赤⇒松江駅, 【市営9法吉②】松江駅⇒西原⇒法吉公民館⇒比津が丘⇒東淞北台⇒石橋⇒日赤⇒松江駅, 【市営9法吉②】法吉公民館⇒比津が丘⇒はなうみ苑⇒東淞北台⇒石橋⇒日赤⇒松江駅"
裁判所前,一畑バス（株）,"【松江管内】万原線, 【松江管内】マリンプラザ線"
南田町東,松江市,"【市営4八束①】八束町⇒江島⇒八束町⇒松江駅⇒乃木駅⇒商業高⇒市立病院, 【市営4八束①】市立病院⇔商業高⇔乃木駅⇔松江駅⇔大海崎⇔八束町, 【市営4八束①】平成町車庫⇒商業高⇒乃木駅⇒松江駅⇒大海崎, 【市営4八束①】平成町車庫⇒商業高⇒乃木駅⇒松江駅⇒大海崎⇒八束町, 【市営4八束①】松江駅⇔女子高⇔大海崎⇔八束町, 【市営4八束②】八束町⇒上宇部尾⇒女子高⇒松江駅⇒乃木駅⇒商業高⇒市立病院, 【市営4八束②】八束町⇒上宇部尾⇒女子高⇒松江駅⇒乃木駅⇒商業高⇒平成町車庫, 【市営4八束②】八束町⇒江島⇒上宇部尾⇒松江駅⇒乃木駅⇒商業高⇒市立病院, 【市営4八束②】平成町車庫⇒商業高⇒乃木駅⇒松江駅⇒上宇部尾⇒江島⇒八束町, 【市営4八束②】松江駅⇔県民会館⇔女子高⇔上宇部尾⇔八束町, 【市営4八束④】温泉駅⇒内中原小⇒裁判所⇒女子高"
四十間堀川,松江市,"【市営0レイク】松江駅⇒松江城⇒小泉八雲⇒温泉駅⇒夕日公園⇒美術館⇒松江駅, 【市営0レイク】松江駅⇒松江城⇒小泉八雲⇒温泉駅⇒美術館⇒松江駅"
国宝松江城大手前,松江市,"【市営0レイク】松江駅⇒松江城⇒小泉八雲⇒温泉駅⇒夕日公園⇒美術館⇒松江駅, 【市営0レイク】松江駅⇒松江城⇒小泉八雲⇒温泉駅⇒美術館⇒松江駅, 【市営4八束④】温泉駅⇒内中原小⇒裁判所⇒女子高"
月照寺入口,松江市,"【市営7北循環①】松江駅⇔くにびき⇔島根大学⇔春日南⇔温泉駅⇔県民会館⇔松江駅, 【市営7北循環②】松江駅⇔くにびき⇔島根大学⇔淞北台⇔温泉駅⇔県民会館⇔松江駅, 【市営7北循環③】松江駅⇔くにびき⇔島根大学⇔春日南⇔温泉駅⇔松江駅"
月照寺入口,一畑バス（株）,"【松江管内】恵曇線, 【松江管内】御津線"
長池,松江市,"【市営8朝日ヶ丘①】平成町車庫⇔茶山⇔桧山⇔松江駅⇔朝日ヶ丘⇔授産センター, 【市営8朝日ヶ丘①】松江駅⇔温泉駅⇔朝日ヶ丘⇔授産センター, 【市営8朝日ヶ丘②】松江駅⇔温泉駅⇔朝日ヶ丘⇔運転免許センター, 【市営8朝日ヶ丘③】平成町車庫⇒西の原⇒生協前⇒松江駅⇒授産センター, 【市営8朝日ヶ丘③】平成町車庫⇒西の原⇒生協前⇒松江駅⇒運転免許センター⇒授産センター, 【市営8朝日ヶ丘③】授産センター⇒温泉駅⇒松江駅"
北公園,松江市,"【市営1川津⑧】県合同庁舎⇒相生⇒松江駅⇒くにびき⇒川津, 【市営1川津⑨】川津⇒くにびき⇒松江駅⇒相生⇒南高校⇒公園墓地⇒平成町車庫, 【市営3竹矢①】四季ヶ丘⇒くにびき⇒松江駅⇒東朝日⇒竹矢⇒馬潟, 【市営3竹矢①】竹矢⇔東朝日⇔松江駅⇔くにびき⇔四季ヶ丘, 【市営3竹矢⑤】竹矢⇒東朝日⇒松江駅⇒くにびき⇒島根大学⇒東高校, 【市営4八束③】松江駅⇔くにびき⇔女子高, 【市営5八重垣④】八重垣神社⇒桧山⇒松江駅⇒くにびき⇒ソフトビジネスパーク, 【市営5八重垣④】八重垣神社⇔虹⇔桧山⇔松江駅⇔くにびき⇔ソフトビジネスパーク, 【市営5八重垣④】松江駅⇔くにびき⇔ソフトビジネスパーク, 【市営6病院③】市立病院⇔西の原⇔桧山⇔松江駅⇔くにびき⇔ソフトビジネスパーク, 【市営6病院③】平成町車庫⇒西の原⇒生協前⇒松江駅⇒くにびき⇒ソフトビジネスパーク, 【市営6病院③】平成町車庫⇔西の原⇔桧山⇔松江駅⇔くにびき⇔ソフトビジネスパーク, 【市営7北循環①】松江駅⇔くにびき⇔島根大学⇔春日南⇔温泉駅⇔県民会館⇔松江駅, 【市営7北循環②】松江駅⇔くにびき⇔島根大学⇔淞北台⇔温泉駅⇔県民会館⇔松江駅, 【市営7北循環③】松江駅⇔くにびき⇔島根大学⇔春日南⇔温泉駅⇔松江駅"
北公園,一畑バス（株）,"【松江管内】万原線, 【松江管内】マリンプラザ線, 【松江管内】恵曇線, 【松江管内】御津線, 【松江管内】大東線, 【松江管内】荒島線"
県民会館前,松江市,"【市営1川津①】県合同庁舎⇔相生⇔松江駅⇔北堀⇔あじさい団地, 【市営1川津①】県合同庁舎⇔相生⇔松江駅⇔北堀⇔川津, 【市営1川津②】県合同庁舎⇔相生⇔松江駅⇔北堀⇔平成ニュータウン, 【市営1川津③】かんべの里⇔相生⇔松江駅⇔北堀⇔川津, 【市営1川津④】市立病院⇔西の原⇔相生⇔松江駅⇔北堀⇔川津, 【市営1川津⑤】県合同庁舎⇔桧山⇔松江駅⇔北堀⇔川津, 【市営1川津⑥】平成町車庫⇔大庭⇔相生⇔松江駅⇔北堀⇔川津, 【市営1川津⑦】県合同庁舎⇒相生⇒竪町⇒北堀⇒川津, 【市営2あじさい①】あじさい団地⇒北田⇒松江駅⇒駅南口⇒桧山⇒八重垣神社⇒平成町車庫⇒市立病院, 【市営2あじさい①】八重垣神社⇔桧山⇔駅南口⇔松江駅⇔北田⇔あじさい団地, 【市営2あじさい①】市立病院⇔八重垣神社⇔桧山⇔駅南口⇔松江駅⇔北田⇔あじさい団地, 【市営2あじさい①】平成町車庫⇔八重垣神社⇔桧山⇔駅南口⇔松江駅⇔北田⇔あじさい団地, 【市営2あじさい①】平成町車庫⇔南高校⇔桧山⇔駅南口⇔松江駅⇔北田⇔あじさい団地, 【市営2あじさい②】あじさい団地⇒養護学校⇒北田⇒松江駅⇒桧山⇒八重垣神社⇒平成町車庫, 【市営2あじさい②】市立病院⇒墓地⇒八重垣神社⇒桧山⇒松江駅⇒北田⇒養護学校⇒あじさい団地, 【市営2あじさい②】市立病院⇔八重垣神社⇔桧山⇔松江駅⇔北田⇔養護学校⇔あじさい団地, 【市営3竹矢②】竹矢⇔東朝日⇔松江駅⇔市役所⇔温泉駅, 【市営3竹矢②】竹矢⇔東朝日⇔松江駅⇔市役所⇔温泉駅⇔福祉センター, 【市営3竹矢②】馬潟⇔竹矢⇔東朝日⇔松江駅⇔市役所⇔温泉駅⇔福祉センター, 【市営3竹矢③】竹矢⇔相生町入口⇔松江駅⇔市役所⇔温泉駅, 【市営4八束①】八束町⇒江島⇒八束町⇒松江駅⇒乃木駅⇒商業高⇒市立病院, 【市営4八束①】市立病院⇔商業高⇔乃木駅⇔松江駅⇔大海崎⇔八束町, 【市営4八束①】平成町車庫⇒商業高⇒乃木駅⇒松江駅⇒大海崎, 【市営4八束①】平成町車庫⇒商業高⇒乃木駅⇒松江駅⇒大海崎⇒八束町, 【市営4八束①】松江駅⇔女子高⇔大海崎⇔八束町, 【市営4八束②】八束町⇒上宇部尾⇒女子高⇒松江駅⇒乃木駅⇒商業高⇒市立病院, 【市営4八束②】八束町⇒上宇部尾⇒女子高⇒松江駅⇒乃木駅⇒商業高⇒平成町車庫, 【市営4八束②】八束町⇒江島⇒上宇部尾⇒松江駅⇒乃木駅⇒商業高⇒市立病院, 【市営4八束②】平成町車庫⇒商業高⇒乃木駅⇒松江駅⇒上宇部尾⇒江島⇒八束町, 【市営4八束②】松江駅⇔県民会館⇔女子高⇔上宇部尾⇔八束町, 【市営5八重垣①】八重垣神社⇔虹⇔桧山⇔イオン⇔松江駅⇔市役所⇔温泉駅, 【市営5八重垣①】公園墓地⇔八重垣神社⇔桧山⇔イオン⇔松江駅⇔市役所⇔温泉駅, 【市営5八重垣②】八重垣神社⇒虹⇒桧山⇒駅南口⇒松江駅⇒北堀⇒淞北台団地, 【市営5八重垣②】八重垣神社⇔桧山⇔駅南口⇔松江駅⇔北堀⇔淞北台団地, 【市営5八重垣②】淞北台団地⇒附属前⇒北堀⇒松江駅, 【市営5八重垣③】淞北台団地⇒北堀⇒松江駅⇒イオン⇒桧山⇒八重垣神社⇒公園墓地, 【市営6病院①】市立病院⇔西の原⇔桧山⇔松江駅⇔日赤⇔温泉駅⇒福祉センター, 【市営6病院①】福祉センター⇒温泉駅⇒日赤⇒松江駅⇒桧山⇒西の原⇒県立大学, 【市営6病院②】平成町車庫⇒商業高⇒乃木駅⇒松江駅⇒県民会館⇒温泉駅, 【市営6病院②】温泉駅⇒県民会館⇒松江駅⇒乃木駅⇒商業高⇒市立病院, 【市営6病院⑤】市立病院⇔西の原⇔生協病院前⇔松江駅⇔日赤⇔温泉駅⇔福祉センター, 【市営6病院⑥】西津田七丁目⇒松江駅⇒大橋⇒市役所⇒温泉駅, 【市営6病院⑦】温泉駅⇒県民会館⇒松江駅⇒相生⇒西の原⇒商業高⇒平成町車庫, 【市営7北循環①】松江駅⇔くにびき⇔島根大学⇔春日南⇔温泉駅⇔県民会館⇔松江駅, 【市営7北循環②】松江駅⇔くにびき⇔島根大学⇔淞北台⇔温泉駅⇔県民会館⇔松江駅, 【市営8朝日ヶ丘①】平成町車庫⇔茶山⇔桧山⇔松江駅⇔朝日ヶ丘⇔授産センター, 【市営8朝日ヶ丘①】松江駅⇔温泉駅⇔朝日ヶ丘⇔授産センター, 【市営8朝日ヶ丘②】松江駅⇔温泉駅⇔朝日ヶ丘⇔運転免許センター, 【市営8朝日ヶ丘③】平成町車庫⇒西の原⇒生協前⇒松江駅⇒授産センター, 【市営8朝日ヶ丘③】平成町車庫⇒西の原⇒生協前⇒松江駅⇒運転免許センター⇒授産センター, 【市営8朝日ヶ丘③】授産センター⇒温泉駅⇒松江駅, 【市営9法吉①】松江駅⇒石橋⇒東淞北台⇒比津が丘⇒久米⇒西原⇒日赤⇒松江駅, 【市営9法吉①】松江駅⇒西原⇒久米⇒比津が丘⇒東淞北台⇒石橋⇒日赤⇒松江駅, 【市営9法吉②】松江駅⇒石橋⇒東淞北台⇒はなうみ苑⇒比津が丘⇒法吉公民館, 【市営9法吉②】松江駅⇒石橋⇒東淞北台⇒はなうみ苑⇒法吉公民館⇒西原⇒日赤⇒松江駅, 【市営9法吉②】松江駅⇒石橋⇒東淞北台⇒比津が丘⇒法吉公民館⇒西原⇒日赤⇒松江駅, 【市営9法吉②】松江駅⇒西原⇒法吉公民館⇒はなうみ苑⇒東淞北台⇒石橋⇒日赤⇒松江駅, 【市営9法吉②】松江駅⇒西原⇒法吉公民館⇒比津が丘⇒東淞北台⇒石橋⇒日赤⇒松江駅, 【市営9法吉②】法吉公民館⇒比津が丘⇒はなうみ苑⇒東淞北台⇒石橋⇒日赤⇒松江駅"
県民会館前,一畑バス（株）,"【松江管内】万原線, 【松江管内】マリンプラザ線, 【松江管内】八雲線, 【松江管内】恵曇線, 【松江管内】御津線, 【松江管内】玉造線"
国宝松江城県庁前,松江市,"【市営1川津①】県合同庁舎⇔相生⇔松江駅⇔北堀⇔あじさい団地, 【市営1川津①】県合同庁舎⇔相生⇔松江駅⇔北堀⇔川津, 【市営1川津②】県合同庁舎⇔相生⇔松江駅⇔北堀⇔平成ニュータウン, 【市営1川津③】かんべの里⇔相生⇔松江駅⇔北堀⇔川津, 【市営1川津④】市立病院⇔西の原⇔相生⇔松江駅⇔北堀⇔川津, 【市営1川津⑤】県合同庁舎⇔桧山⇔松江駅⇔北堀⇔川津, 【市営1川津⑥】平成町車庫⇔大庭⇔相生⇔松江駅⇔北堀⇔川津, 【市営1川津⑦】県合同庁舎⇒相生⇒竪町⇒北堀⇒川津, 【市営2あじさい①】八重垣神社⇔桧山⇔駅南口⇔松江駅⇔北田⇔あじさい団地, 【市営2あじさい①】市立病院⇔八重垣神社⇔桧山⇔駅南口⇔松江駅⇔北田⇔あじさい団地, 【市営2あじさい①】平成町車庫⇔八重垣神社⇔桧山⇔駅南口⇔松江駅⇔北田⇔あじさい団地, 【市営2あじさい①】平成町車庫⇔南高校⇔桧山⇔駅南口⇔松江駅⇔北田⇔あじさい団地, 【市営2あじさい②】市立病院⇒墓地⇒八重垣神社⇒桧山⇒松江駅⇒北田⇒養護学校⇒あじさい団地, 【市営2あじさい②】市立病院⇔八重垣神社⇔桧山⇔松江駅⇔北田⇔養護学校⇔あじさい団地, 【市営3竹矢②】竹矢⇔東朝日⇔松江駅⇔市役所⇔温泉駅, 【市営3竹矢②】竹矢⇔東朝日⇔松江駅⇔市役所⇔温泉駅⇔福祉センター, 【市営3竹矢②】馬潟⇔竹矢⇔東朝日⇔松江駅⇔市役所⇔温泉駅⇔福祉センター, 【市営3竹矢③】竹矢⇔相生町入口⇔松江駅⇔市役所⇔温泉駅, 【市営4八束①】市立病院⇔商業高⇔乃木駅⇔松江駅⇔大海崎⇔八束町, 【市営4八束①】平成町車庫⇒商業高⇒乃木駅⇒松江駅⇒大海崎, 【市営4八束①】平成町車庫⇒商業高⇒乃木駅⇒松江駅⇒大海崎⇒八束町, 【市営4八束①】松江駅⇔女子高⇔大海崎⇔八束町, 【市営4八束②】平成町車庫⇒商業高⇒乃木駅⇒松江駅⇒上宇部尾⇒江島⇒八束町, 【市営4八束②】松江駅⇔県民会館⇔女子高⇔上宇部尾⇔八束町, 【市営5八重垣①】八重垣神社⇔虹⇔桧山⇔イオン⇔松江駅⇔市役所⇔温泉駅, 【市営5八重垣①】公園墓地⇔八重垣神社⇔桧山⇔イオン⇔松江駅⇔市役所⇔温泉駅, 【市営5八重垣②】八重垣神社⇒虹⇒桧山⇒駅南口⇒松江駅⇒北堀⇒淞北台団地, 【市営5八重垣②】八重垣神社⇔桧山⇔駅南口⇔松江駅⇔北堀⇔淞北台団地, 【市営6病院①】市立病院⇔西の原⇔桧山⇔松江駅⇔日赤⇔温泉駅⇒福祉センター, 【市営6病院①】福祉センター⇒温泉駅⇒日赤⇒松江駅⇒桧山⇒西の原⇒県立大学, 【市営6病院②】平成町車庫⇒商業高⇒乃木駅⇒松江駅⇒県民会館⇒温泉駅, 【市営6病院②】温泉駅⇒県民会館⇒松江駅⇒乃木駅⇒商業高⇒市立病院, 【市営6病院⑤】市立病院⇔西の原⇔生協病院前⇔松江駅⇔日赤⇔温泉駅⇔福祉センター, 【市営6病院⑥】西津田七丁目⇒松江駅⇒大橋⇒市役所⇒温泉駅, 【市営6病院⑦】温泉駅⇒県民会館⇒松江駅⇒相生⇒西の原⇒商業高⇒平成町車庫, 【市営7北循環①】松江駅⇔くにびき⇔島根大学⇔春日南⇔温泉駅⇔県民会館⇔松江駅, 【市営7北循環②】松江駅⇔くにびき⇔島根大学⇔淞北台⇔温泉駅⇔県民会館⇔松江駅, 【市営8朝日ヶ丘①】平成町車庫⇔茶山⇔桧山⇔松江駅⇔朝日ヶ丘⇔授産センター, 【市営8朝日ヶ丘①】松江駅⇔温泉駅⇔朝日ヶ丘⇔授産センター, 【市営8朝日ヶ丘②】松江駅⇔温泉駅⇔朝日ヶ丘⇔運転免許センター, 【市営8朝日ヶ丘③】平成町車庫⇒西の原⇒生協前⇒松江駅⇒授産センター, 【市営8朝日ヶ丘③】平成町車庫⇒西の原⇒生協前⇒松江駅⇒運転免許センター⇒授産センター, 【市営8朝日ヶ丘③】授産センター⇒温泉駅⇒松江駅, 【市営9法吉①】松江駅⇒石橋⇒東淞北台⇒比津が丘⇒久米⇒西原⇒日赤⇒松江駅, 【市営9法吉①】松江駅⇒西原⇒久米⇒比津が丘⇒東淞北台⇒石橋⇒日赤⇒松江駅, 【市営9法吉②】松江駅⇒石橋⇒東淞北台⇒はなうみ苑⇒比津が丘⇒法吉公民館, 【市営9法吉②】松江駅⇒石橋⇒東淞北台⇒はなうみ苑⇒法吉公民館⇒西原⇒日赤⇒松江駅, 【市営9法吉②】松江駅⇒石橋⇒東淞北台⇒比津が丘⇒法吉公民館⇒西原⇒日赤⇒松江駅, 【市営9法吉②】松江駅⇒西原⇒法吉公民館⇒はなうみ苑⇒東淞北台⇒石橋⇒日赤⇒松江駅, 【市営9法吉②】松江駅⇒西原⇒法吉公民館⇒比津が丘⇒東淞北台⇒石橋⇒日赤⇒松江駅"
国宝松江城県庁前,一畑バス（株）,"【松江管内】万原線, 【松江管内】マリンプラザ線, 【松江管内】八雲線, 【松江管内】恵曇線, 【松江管内】御津線, 【松江管内】玉造線"
小平,松江市,"【市営4八束①】八束町⇒江島⇒八束町⇒松江駅⇒乃木駅⇒商業高⇒市立病院, 【市営4八束①】市立病院⇔商業高⇔乃木駅⇔松江駅⇔大海崎⇔八束町, 【市営4八束①】平成町車庫⇒商業高⇒乃木駅⇒松江駅⇒大海崎, 【市営4八束①】平成町車庫⇒商業高⇒乃木駅⇒松江駅⇒大海崎⇒八束町, 【市営4八束①】松江駅⇔女子高⇔大海崎⇔八束町, 【市営4八束②】八束町⇒上宇部尾⇒女子高⇒松江駅⇒乃木駅⇒商業高⇒市立病院, 【市営4八束②】八束町⇒上宇部尾⇒女子高⇒松江駅⇒乃木駅⇒商業高⇒平成町車庫, 【市営4八束②】八束町⇒江島⇒上宇部尾⇒松江駅⇒乃木駅⇒商業高⇒市立病院, 【市営4八束②】平成町車庫⇒商業高⇒乃木駅⇒松江駅⇒上宇部尾⇒江島⇒八束町, 【市営4八束②】松江駅⇔県民会館⇔女子高⇔上宇部尾⇔八束町, 【市営4八束③】松江駅⇔くにびき⇔女子高, 【市営4八束④】温泉駅⇒内中原小⇒裁判所⇒女子高"
国屋,松江市,"【市営8朝日ヶ丘①】平成町車庫⇔茶山⇔桧山⇔松江駅⇔朝日ヶ丘⇔授産センター, 【市営8朝日ヶ丘①】松江駅⇔温泉駅⇔朝日ヶ丘⇔授産センター, 【市営8朝日ヶ丘②】松江駅⇔温泉駅⇔朝日ヶ丘⇔運転免許センター, 【市営8朝日ヶ丘③】平成町車庫⇒西の原⇒生協前⇒松江駅⇒授産センター, 【市営8朝日ヶ丘③】平成町車庫⇒西の原⇒生協前⇒松江駅⇒運転免許センター⇒授産センター, 【市営8朝日ヶ丘③】授産センター⇒温泉駅⇒松江駅"
日赤病院前,松江市,"【市営6病院①】市立病院⇔西の原⇔桧山⇔松江駅⇔日赤⇔温泉駅⇒福祉センター, 【市営6病院①】福祉センター⇒温泉駅⇒日赤⇒松江駅⇒桧山⇒西の原⇒県立大学, 【市営6病院⑤】市立病院⇔西の原⇔生協病院前⇔松江駅⇔日赤⇔温泉駅⇔福祉センター, 【市営9法吉①】松江駅⇒石橋⇒東淞北台⇒比津が丘⇒久米⇒西原⇒日赤⇒松江駅, 【市営9法吉①】松江駅⇒西原⇒久米⇒比津が丘⇒東淞北台⇒石橋⇒日赤⇒松江駅, 【市営9法吉②】松江駅⇒石橋⇒東淞北台⇒はなうみ苑⇒法吉公民館⇒西原⇒日赤⇒松江駅, 【市営9法吉②】松江駅⇒石橋⇒東淞北台⇒比津が丘⇒法吉公民館⇒西原⇒日赤⇒松江駅, 【市営9法吉②】松江駅⇒西原⇒法吉公民館⇒はなうみ苑⇒東淞北台⇒石橋⇒日赤⇒松江駅, 【市営9法吉②】松江駅⇒西原⇒法吉公民館⇒比津が丘⇒東淞北台⇒石橋⇒日赤⇒松江駅, 【市営9法吉②】法吉公民館⇒比津が丘⇒はなうみ苑⇒東淞北台⇒石橋⇒日赤⇒松江駅"
内中原小学校前,松江市,"【市営4八束④】温泉駅⇒内中原小⇒裁判所⇒女子高, 【市営6病院④】市立病院⇔乃木駅⇔浜乃木⇔竪町⇔大橋⇔内中原小⇔温泉駅, 【市営6病院⑦】温泉駅⇒県民会館⇒松江駅⇒相生⇒西の原⇒商業高⇒平成町車庫, 【市営7北循環①】松江駅⇔くにびき⇔島根大学⇔春日南⇔温泉駅⇔県民会館⇔松江駅, 【市営7北循環②】松江駅⇔くにびき⇔島根大学⇔淞北台⇔温泉駅⇔県民会館⇔松江駅, 【市営7北循環③】松江駅⇔くにびき⇔島根大学⇔春日南⇔温泉駅⇔松江駅, 【市営8朝日ヶ丘①】平成町車庫⇔茶山⇔桧山⇔松江駅⇔朝日ヶ丘⇔授産センター, 【市営8朝日ヶ丘①】松江駅⇔温泉駅⇔朝日ヶ丘⇔授産センター, 【市営8朝日ヶ丘②】松江駅⇔温泉駅⇔朝日ヶ丘⇔運転免許センター, 【市営8朝日ヶ丘③】平成町車庫⇒西の原⇒生協前⇒松江駅⇒授産センター, 【市営8朝日ヶ丘③】平成町車庫⇒西の原⇒生協前⇒松江駅⇒運転免許センター⇒授産センター, 【市営8朝日ヶ丘③】授産センター⇒温泉駅⇒松江駅"
内中原小学校前,一畑バス（株）,"【松江管内】八雲線, 【松江管内】恵曇線, 【松江管内】御津線, 【松江管内】玉造線"
北消防署前,一畑バス（株）,"【松江管内】万原線, 【松江管内】マリンプラザ線, 【松江管内】恵曇線, 【松江管内】御津線, 【松江管内】大東線, 【松江管内】荒島線"
月照寺前,松江市,"【市営0レイク】松江駅⇒松江城⇒小泉八雲⇒温泉駅⇒夕日公園⇒美術館⇒松江駅, 【市営0レイク】松江駅⇒松江城⇒小泉八雲⇒温泉駅⇒美術館⇒松江駅"
県庁南入口,松江市,"【市営1川津⑪】＜通勤快速＞県合同庁舎⇒上乃木⇒京橋⇒市役所⇒温泉駅, 【市営3竹矢②】竹矢⇔東朝日⇔松江駅⇔市役所⇔温泉駅, 【市営3竹矢②】竹矢⇔東朝日⇔松江駅⇔市役所⇔温泉駅⇔福祉センター, 【市営3竹矢②】馬潟⇔竹矢⇔東朝日⇔松江駅⇔市役所⇔温泉駅⇔福祉センター, 【市営3竹矢③】竹矢⇔相生町入口⇔松江駅⇔市役所⇔温泉駅, 【市営3竹矢⑥】馬潟⇒相生町入口⇒京橋⇒市役所⇒温泉駅, 【市営4八束④】温泉駅⇒内中原小⇒裁判所⇒女子高, 【市営5八重垣①】八重垣神社⇔虹⇔桧山⇔イオン⇔松江駅⇔市役所⇔温泉駅, 【市営5八重垣①】公園墓地⇔八重垣神社⇔桧山⇔イオン⇔松江駅⇔市役所⇔温泉駅, 【市営6病院①】市立病院⇔西の原⇔桧山⇔松江駅⇔日赤⇔温泉駅⇒福祉センター, 【市営6病院①】福祉センター⇒温泉駅⇒日赤⇒松江駅⇒桧山⇒西の原⇒県立大学, 【市営6病院②】平成町車庫⇒商業高⇒乃木駅⇒松江駅⇒県民会館⇒温泉駅, 【市営6病院②】温泉駅⇒県民会館⇒松江駅⇒乃木駅⇒商業高⇒市立病院, 【市営6病院④】市立病院⇔乃木駅⇔浜乃木⇔竪町⇔大橋⇔内中原小⇔温泉駅, 【市営6病院⑤】市立病院⇔西の原⇔生協病院前⇔松江駅⇔日赤⇔温泉駅⇔福祉センター, 【市営6病院⑥】西津田七丁目⇒松江駅⇒大橋⇒市役所⇒温泉駅, 【市営6病院⑦】温泉駅⇒県民会館⇒松江駅⇒相生⇒西の原⇒商業高⇒平成町車庫, 【市営7北循環①】松江駅⇔くにびき⇔島根大学⇔春日南⇔温泉駅⇔県民会館⇔松江駅, 【市営7北循環②】松江駅⇔くにびき⇔島根大学⇔淞北台⇔温泉駅⇔県民会館⇔松江駅, 【市営7北循環③】松江駅⇔くにびき⇔島根大学⇔春日南⇔温泉駅⇔松江駅, 【市営8朝日ヶ丘①】平成町車庫⇔茶山⇔桧山⇔松江駅⇔朝日ヶ丘⇔授産センター, 【市営8朝日ヶ丘①】松江駅⇔温泉駅⇔朝日ヶ丘⇔授産センター, 【市営8朝日ヶ丘②】松江駅⇔温泉駅⇔朝日ヶ丘⇔運転免許センター, 【市営8朝日ヶ丘③】平成町車庫⇒西の原⇒生協前⇒松江駅⇒授産センター, 【市営8朝日ヶ丘③】平成町車庫⇒西の原⇒生協前⇒松江駅⇒運転免許センター⇒授産センター, 【市営8朝日ヶ丘③】授産センター⇒温泉駅⇒松江駅"
県庁南入口,一畑バス（株）,"【松江管内】八雲線, 【松江管内】恵曇線, 【松江管内】御津線, 【松江管内】玉造線"
くにびき駐車場前,松江市,"【市営0レイク】松江駅⇒松江城⇒小泉八雲⇒温泉駅⇒夕日公園⇒美術館⇒松江駅, 【市営0レイク】松江駅⇒松江城⇒小泉八雲⇒温泉駅⇒美術館⇒松江駅"
南殿町,松江市,"【市営1川津①】県合同庁舎⇔相生⇔松江駅⇔北堀⇔あじさい団地, 【市営1川津①】県合同庁舎⇔相生⇔松江駅⇔北堀⇔川津, 【市営1川津②】県合同庁舎⇔相生⇔松江駅⇔北堀⇔平成ニュータウン, 【市営1川津③】かんべの里⇔相生⇔松江駅⇔北堀⇔川津, 【市営1川津④】市立病院⇔西の原⇔相生⇔松江駅⇔北堀⇔川津, 【市営1川津⑤】県合同庁舎⇔桧山⇔松江駅⇔北堀⇔川津, 【市営1川津⑥】平成町車庫⇔大庭⇔相生⇔松江駅⇔北堀⇔川津, 【市営2あじさい①】あじさい団地⇒北田⇒松江駅⇒駅南口⇒桧山⇒八重垣神社⇒平成町車庫⇒市立病院, 【市営2あじさい①】八重垣神社⇔桧山⇔駅南口⇔松江駅⇔北田⇔あじさい団地, 【市営2あじさい①】市立病院⇔八重垣神社⇔桧山⇔駅南口⇔松江駅⇔北田⇔あじさい団地, 【市営2あじさい①】平成町車庫⇔八重垣神社⇔桧山⇔駅南口⇔松江駅⇔北田⇔あじさい団地, 【市営2あじさい①】平成町車庫⇔南高校⇔桧山⇔駅南口⇔松江駅⇔北田⇔あじさい団地, 【市営2あじさい②】あじさい団地⇒養護学校⇒北田⇒松江駅⇒桧山⇒八重垣神社⇒平成町車庫, 【市営2あじさい②】市立病院⇔八重垣神社⇔桧山⇔松江駅⇔北田⇔養護学校⇔あじさい団地, 【市営3竹矢②】竹矢⇔東朝日⇔松江駅⇔市役所⇔温泉駅, 【市営3竹矢②】竹矢⇔東朝日⇔松江駅⇔市役所⇔温泉駅⇔福祉センター, 【市営3竹矢②】馬潟⇔竹矢⇔東朝日⇔松江駅⇔市役所⇔温泉駅⇔福祉センター, 【市営3竹矢③】竹矢⇔相生町入口⇔松江駅⇔市役所⇔温泉駅, 【市営4八束①】八束町⇒江島⇒八束町⇒松江駅⇒乃木駅⇒商業高⇒市立病院, 【市営4八束①】市立病院⇔商業高⇔乃木駅⇔松江駅⇔大海崎⇔八束町, 【市営4八束①】松江駅⇔女子高⇔大海崎⇔八束町, 【市営4八束②】八束町⇒上宇部尾⇒女子高⇒松江駅⇒乃木駅⇒商業高⇒市立病院, 【市営4八束②】八束町⇒上宇部尾⇒女子高⇒松江駅⇒乃木駅⇒商業高⇒平成町車庫, 【市営4八束②】八束町⇒江島⇒上宇部尾⇒松江駅⇒乃木駅⇒商業高⇒市立病院, 【市営4八束②】松江駅⇔県民会館⇔女子高⇔上宇部尾⇔八束町, 【市営5八重垣①】八重垣神社⇔虹⇔桧山⇔イオン⇔松江駅⇔市役所⇔温泉駅, 【市営5八重垣①】公園墓地⇔八重垣神社⇔桧山⇔イオン⇔松江駅⇔市役所⇔温泉駅, 【市営5八重垣②】八重垣神社⇒虹⇒桧山⇒駅南口⇒松江駅⇒北堀⇒淞北台団地, 【市営5八重垣②】八重垣神社⇔桧山⇔駅南口⇔松江駅⇔北堀⇔淞北台団地, 【市営5八重垣②】淞北台団地⇒附属前⇒北堀⇒松江駅, 【市営5八重垣③】淞北台団地⇒北堀⇒松江駅⇒イオン⇒桧山⇒八重垣神社⇒公園墓地, 【市営6病院②】温泉駅⇒県民会館⇒松江駅⇒乃木駅⇒商業高⇒市立病院, 【市営6病院⑦】温泉駅⇒県民会館⇒松江駅⇒相生⇒西の原⇒商業高⇒平成町車庫, 【市営8朝日ヶ丘①】平成町車庫⇔茶山⇔桧山⇔松江駅⇔朝日ヶ丘⇔授産センター, 【市営8朝日ヶ丘①】松江駅⇔温泉駅⇔朝日ヶ丘⇔授産センター, 【市営8朝日ヶ丘②】松江駅⇔温泉駅⇔朝日ヶ丘⇔運転免許センター, 【市営8朝日ヶ丘③】授産センター⇒温泉駅⇒松江駅"
南殿町,一畑バス（株）,"【松江管内】万原線, 【松江管内】マリンプラザ線, 【松江管内】八雲線, 【松江管内】恵曇線, 【松江管内】御津線, 【松江管内】玉造線"
宮ノ丁,松江市,"【市営4八束④】温泉駅⇒内中原小⇒裁判所⇒女子高, 【市営6病院④】市立病院⇔乃木駅⇔浜乃木⇔竪町⇔大橋⇔内中原小⇔温泉駅, 【市営6病院⑦】温泉駅⇒県民会館⇒松江駅⇒相生⇒西の原⇒商業高⇒平成町車庫, 【市営7北循環①】松江駅⇔くにびき⇔島根大学⇔春日南⇔温泉駅⇔県民会館⇔松江駅, 【市営7北循環②】松江駅⇔くにびき⇔島根大学⇔淞北台⇔温泉駅⇔県民会館⇔松江駅, 【市営7北循環③】松江駅⇔くにびき⇔島根大学⇔春日南⇔温泉駅⇔松江駅, 【市営8朝日ヶ丘①】平成町車庫⇔茶山⇔桧山⇔松江駅⇔朝日ヶ丘⇔授産センター, 【市営8朝日ヶ丘①】松江駅⇔温泉駅⇔朝日ヶ丘⇔授産センター, 【市営8朝日ヶ丘②】松江駅⇔温泉駅⇔朝日ヶ丘⇔運転免許センター, 【市営8朝日ヶ丘③】授産センター⇒温泉駅⇒松江駅"
宮ノ丁,一畑バス（株）,"【松江管内】八雲線, 【松江管内】恵曇線, 【松江管内】玉造線"
一畑バス本社,一畑バス（株）,"【松江管内】万原線, 【松江管内】マリンプラザ線, 【松江管内】恵曇線, 【松江管内】御津線, 【松江管内】大東線, 【松江管内】荒島線"
鍛冶橋,松江市,"【市営0レイク】松江駅⇒松江城⇒小泉八雲⇒温泉駅⇒夕日公園⇒美術館⇒松江駅, 【市営0レイク】松江駅⇒松江城⇒小泉八雲⇒温泉駅⇒美術館⇒松江駅, 【市営6病院①】市立病院⇔西の原⇔桧山⇔松江駅⇔日赤⇔温泉駅⇒福祉センター, 【市営6病院⑤】市立病院⇔西の原⇔生協病院前⇔松江駅⇔日赤⇔温泉駅⇔福祉センター"
大海崎,松江市,"【市営4八束①】市立病院⇔商業高⇔乃木駅⇔松江駅⇔大海崎⇔八束町, 【市営4八束①】平成町車庫⇒商業高⇒乃木駅⇒松江駅⇒大海崎, 【市営4八束①】平成町車庫⇒商業高⇒乃木駅⇒松江駅⇒大海崎⇒八束町, 【市営4八束①】松江駅⇔女子高⇔大海崎⇔八束町"
京橋,松江市,"【市営0レイク】松江駅⇒松江城⇒小泉八雲⇒温泉駅⇒夕日公園⇒美術館⇒松江駅, 【市営0レイク】松江駅⇒松江城⇒小泉八雲⇒温泉駅⇒美術館⇒松江駅, 【市営1川津①】県合同庁舎⇔相生⇔松江駅⇔北堀⇔あじさい団地, 【市営1川津①】県合同庁舎⇔相生⇔松江駅⇔北堀⇔川津, 【市営1川津②】県合同庁舎⇔相生⇔松江駅⇔北堀⇔平成ニュータウン, 【市営1川津③】かんべの里⇔相生⇔松江駅⇔北堀⇔川津, 【市営1川津④】市立病院⇔西の原⇔相生⇔松江駅⇔北堀⇔川津, 【市営1川津⑤】県合同庁舎⇔桧山⇔松江駅⇔北堀⇔川津, 【市営1川津⑥】平成町車庫⇔大庭⇔相生⇔松江駅⇔北堀⇔川津, 【市営1川津⑦】県合同庁舎⇒相生⇒竪町⇒北堀⇒川津, 【市営1川津⑪】＜通勤快速＞県合同庁舎⇒上乃木⇒京橋⇒市役所⇒温泉駅, 【市営2あじさい①】八重垣神社⇔桧山⇔駅南口⇔松江駅⇔北田⇔あじさい団地, 【市営2あじさい①】市立病院⇔八重垣神社⇔桧山⇔駅南口⇔松江駅⇔北田⇔あじさい団地, 【市営2あじさい①】平成町車庫⇔八重垣神社⇔桧山⇔駅南口⇔松江駅⇔北田⇔あじさい団地, 【市営2あじさい①】平成町車庫⇔南高校⇔桧山⇔駅南口⇔松江駅⇔北田⇔あじさい団地, 【市営2あじさい②】市立病院⇒墓地⇒八重垣神社⇒桧山⇒松江駅⇒北田⇒養護学校⇒あじさい団地, 【市営2あじさい②】市立病院⇔八重垣神社⇔桧山⇔松江駅⇔北田⇔養護学校⇔あじさい団地, 【市営3竹矢②】竹矢⇔東朝日⇔松江駅⇔市役所⇔温泉駅, 【市営3竹矢②】竹矢⇔東朝日⇔松江駅⇔市役所⇔温泉駅⇔福祉センター, 【市営3竹矢②】馬潟⇔竹矢⇔東朝日⇔松江駅⇔市役所⇔温泉駅⇔福祉センター, 【市営3竹矢③】竹矢⇔相生町入口⇔松江駅⇔市役所⇔温泉駅, 【市営3竹矢⑥】馬潟⇒相生町入口⇒京橋⇒市役所⇒温泉駅, 【市営4八束①】市立病院⇔商業高⇔乃木駅⇔松江駅⇔大海崎⇔八束町, 【市営4八束①】平成町車庫⇒商業高⇒乃木駅⇒松江駅⇒大海崎, 【市営4八束①】平成町車庫⇒商業高⇒乃木駅⇒松江駅⇒大海崎⇒八束町, 【市営4八束①】松江駅⇔女子高⇔大海崎⇔八束町, 【市営4八束②】平成町車庫⇒商業高⇒乃木駅⇒松江駅⇒上宇部尾⇒江島⇒八束町, 【市営4八束②】松江駅⇔県民会館⇔女子高⇔上宇部尾⇔八束町, 【市営5八重垣①】八重垣神社⇔虹⇔桧山⇔イオン⇔松江駅⇔市役所⇔温泉駅, 【市営5八重垣①】公園墓地⇔八重垣神社⇔桧山⇔イオン⇔松江駅⇔市役所⇔温泉駅, 【市営5八重垣②】八重垣神社⇒虹⇒桧山⇒駅南口⇒松江駅⇒北堀⇒淞北台団地, 【市営5八重垣②】八重垣神社⇔桧山⇔駅南口⇔松江駅⇔北堀⇔淞北台団地, 【市営6病院①】市立病院⇔西の原⇔桧山⇔松江駅⇔日赤⇔温泉駅⇒福祉センター, 【市営6病院②】平成町車庫⇒商業高⇒乃木駅⇒松江駅⇒県民会館⇒温泉駅, 【市営6病院④】市立病院⇔乃木駅⇔浜乃木⇔竪町⇔大橋⇔内中原小⇔温泉駅, 【市営6病院⑤】市立病院⇔西の原⇔生協病院前⇔松江駅⇔日赤⇔温泉駅⇔福祉センター, 【市営6病院⑥】西津田七丁目⇒松江駅⇒大橋⇒市役所⇒温泉駅, 【市営8朝日ヶ丘①】平成町車庫⇔茶山⇔桧山⇔松江駅⇔朝日ヶ丘⇔授産センター, 【市営8朝日ヶ丘①】松江駅⇔温泉駅⇔朝日ヶ丘⇔授産センター, 【市営8朝日ヶ丘②】松江駅⇔温泉駅⇔朝日ヶ丘⇔運転免許センター, 【市営8朝日ヶ丘③】平成町車庫⇒西の原⇒生協前⇒松江駅⇒授産センター, 【市営8朝日ヶ丘③】平成町車庫⇒西の原⇒生協前⇒松江駅⇒運転免許センター⇒授産センター, 【市営9法吉①】松江駅⇒石橋⇒東淞北台⇒比津が丘⇒久米⇒西原⇒日赤⇒松江駅, 【市営9法吉①】松江駅⇒西原⇒久米⇒比津が丘⇒東淞北台⇒石橋⇒日赤⇒松江駅, 【市営9法吉②】松江駅⇒石橋⇒東淞北台⇒はなうみ苑⇒比津が丘⇒法吉公民館, 【市営9法吉②】松江駅⇒石橋⇒東淞北台⇒はなうみ苑⇒法吉公民館⇒西原⇒日赤⇒松江駅, 【市営9法吉②】松江駅⇒石橋⇒東淞北台⇒比津が丘⇒法吉公民館⇒西原⇒日赤⇒松江駅, 【市営9法吉②】松江駅⇒西原⇒法吉公民館⇒はなうみ苑⇒東淞北台⇒石橋⇒日赤⇒松江駅, 【市営9法吉②】松江駅⇒西原⇒法吉公民館⇒比津が丘⇒東淞北台⇒石橋⇒日赤⇒松江駅"
京橋,一畑バス（株）,"【松江管内】万原線, 【松江管内】マリンプラザ線, 【松江管内】八雲線, 【松江管内】恵曇線, 【松江管内】御津線, 【松江管内】玉造線"
栄橋,松江市,"【市営0レイク】松江駅⇒松江城⇒小泉八雲⇒温泉駅⇒夕日公園⇒美術館⇒松江駅, 【市営0レイク】松江駅⇒松江城⇒小泉八雲⇒温泉駅⇒美術館⇒松江駅"
カラコロ工房前,松江市,"【市営0レイク】松江駅⇒松江城⇒小泉八雲⇒温泉駅⇒夕日公園⇒美術館⇒松江駅, 【市営0レイク】松江駅⇒松江城⇒小泉八雲⇒温泉駅⇒美術館⇒松江駅"
上寄,出雲市,平田生活バス　塩津線
女子高校前,松江市,"【市営4八束①】八束町⇒江島⇒八束町⇒松江駅⇒乃木駅⇒商業高⇒市立病院, 【市営4八束①】市立病院⇔商業高⇔乃木駅⇔松江駅⇔大海崎⇔八束町, 【市営4八束①】平成町車庫⇒商業高⇒乃木駅⇒松江駅⇒大海崎, 【市営4八束①】平成町車庫⇒商業高⇒乃木駅⇒松江駅⇒大海崎⇒八束町, 【市営4八束①】松江駅⇔女子高⇔大海崎⇔八束町, 【市営4八束②】八束町⇒上宇部尾⇒女子高⇒松江駅⇒乃木駅⇒商業高⇒市立病院, 【市営4八束②】八束町⇒上宇部尾⇒女子高⇒松江駅⇒乃木駅⇒商業高⇒平成町車庫, 【市営4八束②】八束町⇒江島⇒上宇部尾⇒松江駅⇒乃木駅⇒商業高⇒市立病院, 【市営4八束②】平成町車庫⇒商業高⇒乃木駅⇒松江駅⇒上宇部尾⇒江島⇒八束町, 【市営4八束②】松江駅⇔県民会館⇔女子高⇔上宇部尾⇔八束町, 【市営4八束③】松江駅⇔くにびき⇔女子高, 【市営4八束④】温泉駅⇒内中原小⇒裁判所⇒女子高"
郷戸,松江市,"【市営4八束①】市立病院⇔商業高⇔乃木駅⇔松江駅⇔大海崎⇔八束町, 【市営4八束①】平成町車庫⇒商業高⇒乃木駅⇒松江駅⇒大海崎, 【市営4八束①】平成町車庫⇒商業高⇒乃木駅⇒松江駅⇒大海崎⇒八束町, 【市営4八束①】松江駅⇔女子高⇔大海崎⇔八束町, 【市営4八束②】平成町車庫⇒商業高⇒乃木駅⇒松江駅⇒上宇部尾⇒江島⇒八束町, 【市営4八束②】松江駅⇔県民会館⇔女子高⇔上宇部尾⇔八束町"
交融橋,松江市,"【市営6病院④】市立病院⇔乃木駅⇔浜乃木⇔竪町⇔大橋⇔内中原小⇔温泉駅, 【市営7北循環①】松江駅⇔くにびき⇔島根大学⇔春日南⇔温泉駅⇔県民会館⇔松江駅, 【市営7北循環②】松江駅⇔くにびき⇔島根大学⇔淞北台⇔温泉駅⇔県民会館⇔松江駅, 【市営7北循環③】松江駅⇔くにびき⇔島根大学⇔春日南⇔温泉駅⇔松江駅, 【市営8朝日ヶ丘①】平成町車庫⇔茶山⇔桧山⇔松江駅⇔朝日ヶ丘⇔授産センター, 【市営8朝日ヶ丘①】松江駅⇔温泉駅⇔朝日ヶ丘⇔授産センター, 【市営8朝日ヶ丘②】松江駅⇔温泉駅⇔朝日ヶ丘⇔運転免許センター, 【市営8朝日ヶ丘③】平成町車庫⇒西の原⇒生協前⇒松江駅⇒授産センター, 【市営8朝日ヶ丘③】平成町車庫⇒西の原⇒生協前⇒松江駅⇒運転免許センター⇒授産センター"
交融橋,一畑バス（株）,"【松江管内】恵曇線, 【松江管内】玉造線"
新大橋北詰,松江市,"【市営6病院①】市立病院⇔西の原⇔桧山⇔松江駅⇔日赤⇔温泉駅⇒福祉センター, 【市営6病院①】福祉センター⇒温泉駅⇒日赤⇒松江駅⇒桧山⇒西の原⇒県立大学, 【市営6病院⑤】市立病院⇔西の原⇔生協病院前⇔松江駅⇔日赤⇔温泉駅⇔福祉センター, 【市営9法吉①】松江駅⇒石橋⇒東淞北台⇒比津が丘⇒久米⇒西原⇒日赤⇒松江駅, 【市営9法吉①】松江駅⇒西原⇒久米⇒比津が丘⇒東淞北台⇒石橋⇒日赤⇒松江駅, 【市営9法吉②】松江駅⇒石橋⇒東淞北台⇒はなうみ苑⇒法吉公民館⇒西原⇒日赤⇒松江駅, 【市営9法吉②】松江駅⇒石橋⇒東淞北台⇒比津が丘⇒法吉公民館⇒西原⇒日赤⇒松江駅, 【市営9法吉②】松江駅⇒西原⇒法吉公民館⇒はなうみ苑⇒東淞北台⇒石橋⇒日赤⇒松江駅, 【市営9法吉②】松江駅⇒西原⇒法吉公民館⇒比津が丘⇒東淞北台⇒石橋⇒日赤⇒松江駅, 【市営9法吉②】法吉公民館⇒比津が丘⇒はなうみ苑⇒東淞北台⇒石橋⇒日赤⇒松江駅"
上岡田,出雲市,平田生活バス　坂浦線
太陽団地入口,松江市,"【市営4八束①】八束町⇒江島⇒八束町⇒松江駅⇒乃木駅⇒商業高⇒市立病院, 【市営4八束①】市立病院⇔商業高⇔乃木駅⇔松江駅⇔大海崎⇔八束町, 【市営4八束①】平成町車庫⇒商業高⇒乃木駅⇒松江駅⇒大海崎, 【市営4八束①】平成町車庫⇒商業高⇒乃木駅⇒松江駅⇒大海崎⇒八束町, 【市営4八束①】松江駅⇔女子高⇔大海崎⇔八束町, 【市営4八束②】八束町⇒上宇部尾⇒女子高⇒松江駅⇒乃木駅⇒商業高⇒市立病院, 【市営4八束②】八束町⇒上宇部尾⇒女子高⇒松江駅⇒乃木駅⇒商業高⇒平成町車庫, 【市営4八束②】八束町⇒江島⇒上宇部尾⇒松江駅⇒乃木駅⇒商業高⇒市立病院, 【市営4八束②】平成町車庫⇒商業高⇒乃木駅⇒松江駅⇒上宇部尾⇒江島⇒八束町, 【市営4八束②】松江駅⇔県民会館⇔女子高⇔上宇部尾⇔八束町, 【市営4八束③】松江駅⇔くにびき⇔女子高, 【市営4八束④】温泉駅⇒内中原小⇒裁判所⇒女子高"
清光院下,松江市,"【市営0レイク】松江駅⇒松江城⇒小泉八雲⇒温泉駅⇒夕日公園⇒美術館⇒松江駅, 【市営0レイク】松江駅⇒松江城⇒小泉八雲⇒温泉駅⇒美術館⇒松江駅"
くにびきメッセ前,松江市,"【市営0レイク】松江駅⇒松江城⇒小泉八雲⇒温泉駅⇒夕日公園⇒美術館⇒松江駅, 【市営0レイク】松江駅⇒松江城⇒小泉八雲⇒温泉駅⇒美術館⇒松江駅, 【市営1川津⑧】県合同庁舎⇒相生⇒松江駅⇒くにびき⇒川津, 【市営1川津⑨】川津⇒くにびき⇒松江駅⇒相生⇒南高校⇒公園墓地⇒平成町車庫, 【市営3竹矢①】四季ヶ丘⇒くにびき⇒松江駅⇒東朝日⇒竹矢⇒馬潟, 【市営3竹矢①】竹矢⇔東朝日⇔松江駅⇔くにびき⇔四季ヶ丘, 【市営3竹矢⑤】竹矢⇒東朝日⇒松江駅⇒くにびき⇒島根大学⇒東高校, 【市営4八束③】松江駅⇔くにびき⇔女子高, 【市営5八重垣④】八重垣神社⇒桧山⇒松江駅⇒くにびき⇒ソフトビジネスパーク, 【市営5八重垣④】八重垣神社⇔虹⇔桧山⇔松江駅⇔くにびき⇔ソフトビジネスパーク, 【市営5八重垣④】松江駅⇔くにびき⇔ソフトビジネスパーク, 【市営6病院③】市立病院⇔西の原⇔桧山⇔松江駅⇔くにびき⇔ソフトビジネスパーク, 【市営6病院③】平成町車庫⇒西の原⇒生協前⇒松江駅⇒くにびき⇒ソフトビジネスパーク, 【市営6病院③】平成町車庫⇔西の原⇔桧山⇔松江駅⇔くにびき⇔ソフトビジネスパーク, 【市営7北循環①】松江駅⇔くにびき⇔島根大学⇔春日南⇔温泉駅⇔県民会館⇔松江駅, 【市営7北循環②】松江駅⇔くにびき⇔島根大学⇔淞北台⇔温泉駅⇔県民会館⇔松江駅, 【市営7北循環③】松江駅⇔くにびき⇔島根大学⇔春日南⇔温泉駅⇔松江駅"
くにびきメッセ前,一畑バス（株）,"【松江管内】万原線, 【松江管内】マリンプラザ線, 【松江管内】恵曇線, 【松江管内】御津線, 【松江管内】大東線, 【松江管内】荒島線"
胡麻谷東上,出雲市,平田生活バス　地合線
松尾神社,出雲市,平田生活バス　一畑薬師線
大橋北詰,松江市,"【市営0レイク】松江駅⇒松江城⇒小泉八雲⇒温泉駅⇒夕日公園⇒美術館⇒松江駅, 【市営0レイク】松江駅⇒松江城⇒小泉八雲⇒温泉駅⇒美術館⇒松江駅, 【市営1川津①】県合同庁舎⇔相生⇔松江駅⇔北堀⇔あじさい団地, 【市営1川津①】県合同庁舎⇔相生⇔松江駅⇔北堀⇔川津, 【市営1川津②】県合同庁舎⇔相生⇔松江駅⇔北堀⇔平成ニュータウン, 【市営1川津③】かんべの里⇔相生⇔松江駅⇔北堀⇔川津, 【市営1川津④】市立病院⇔西の原⇔相生⇔松江駅⇔北堀⇔川津, 【市営1川津⑤】県合同庁舎⇔桧山⇔松江駅⇔北堀⇔川津, 【市営1川津⑥】平成町車庫⇔大庭⇔相生⇔松江駅⇔北堀⇔川津, 【市営1川津⑦】県合同庁舎⇒相生⇒竪町⇒北堀⇒川津, 【市営2あじさい①】あじさい団地⇒北田⇒松江駅⇒駅南口⇒桧山⇒八重垣神社⇒平成町車庫⇒市立病院, 【市営2あじさい①】八重垣神社⇔桧山⇔駅南口⇔松江駅⇔北田⇔あじさい団地, 【市営2あじさい①】市立病院⇔八重垣神社⇔桧山⇔駅南口⇔松江駅⇔北田⇔あじさい団地, 【市営2あじさい①】平成町車庫⇔八重垣神社⇔桧山⇔駅南口⇔松江駅⇔北田⇔あじさい団地, 【市営2あじさい①】平成町車庫⇔南高校⇔桧山⇔駅南口⇔松江駅⇔北田⇔あじさい団地, 【市営2あじさい②】あじさい団地⇒養護学校⇒北田⇒松江駅⇒桧山⇒八重垣神社⇒平成町車庫, 【市営2あじさい②】市立病院⇒墓地⇒八重垣神社⇒桧山⇒松江駅⇒北田⇒養護学校⇒あじさい団地, 【市営2あじさい②】市立病院⇔八重垣神社⇔桧山⇔松江駅⇔北田⇔養護学校⇔あじさい団地, 【市営3竹矢②】竹矢⇔東朝日⇔松江駅⇔市役所⇔温泉駅, 【市営3竹矢②】竹矢⇔東朝日⇔松江駅⇔市役所⇔温泉駅⇔福祉センター, 【市営3竹矢②】馬潟⇔竹矢⇔東朝日⇔松江駅⇔市役所⇔温泉駅⇔福祉センター, 【市営3竹矢③】竹矢⇔相生町入口⇔松江駅⇔市役所⇔温泉駅, 【市営3竹矢⑥】馬潟⇒相生町入口⇒京橋⇒市役所⇒温泉駅, 【市営4八束①】八束町⇒江島⇒八束町⇒松江駅⇒乃木駅⇒商業高⇒市立病院, 【市営4八束①】市立病院⇔商業高⇔乃木駅⇔松江駅⇔大海崎⇔八束町, 【市営4八束①】平成町車庫⇒商業高⇒乃木駅⇒松江駅⇒大海崎, 【市営4八束①】平成町車庫⇒商業高⇒乃木駅⇒松江駅⇒大海崎⇒八束町, 【市営4八束①】松江駅⇔女子高⇔大海崎⇔八束町, 【市営4八束②】八束町⇒上宇部尾⇒女子高⇒松江駅⇒乃木駅⇒商業高⇒市立病院, 【市営4八束②】八束町⇒上宇部尾⇒女子高⇒松江駅⇒乃木駅⇒商業高⇒平成町車庫, 【市営4八束②】八束町⇒江島⇒上宇部尾⇒松江駅⇒乃木駅⇒商業高⇒市立病院, 【市営4八束②】平成町車庫⇒商業高⇒乃木駅⇒松江駅⇒上宇部尾⇒江島⇒八束町, 【市営4八束②】松江駅⇔県民会館⇔女子高⇔上宇部尾⇔八束町, 【市営5八重垣①】八重垣神社⇔虹⇔桧山⇔イオン⇔松江駅⇔市役所⇔温泉駅, 【市営5八重垣①】公園墓地⇔八重垣神社⇔桧山⇔イオン⇔松江駅⇔市役所⇔温泉駅, 【市営5八重垣②】八重垣神社⇒虹⇒桧山⇒駅南口⇒松江駅⇒北堀⇒淞北台団地, 【市営5八重垣②】八重垣神社⇔桧山⇔駅南口⇔松江駅⇔北堀⇔淞北台団地, 【市営5八重垣②】淞北台団地⇒附属前⇒北堀⇒松江駅, 【市営5八重垣③】淞北台団地⇒北堀⇒松江駅⇒イオン⇒桧山⇒八重垣神社⇒公園墓地, 【市営6病院②】平成町車庫⇒商業高⇒乃木駅⇒松江駅⇒県民会館⇒温泉駅, 【市営6病院②】温泉駅⇒県民会館⇒松江駅⇒乃木駅⇒商業高⇒市立病院, 【市営6病院④】市立病院⇔乃木駅⇔浜乃木⇔竪町⇔大橋⇔内中原小⇔温泉駅, 【市営6病院⑥】西津田七丁目⇒松江駅⇒大橋⇒市役所⇒温泉駅, 【市営6病院⑦】温泉駅⇒県民会館⇒松江駅⇒相生⇒西の原⇒商業高⇒平成町車庫, 【市営8朝日ヶ丘①】平成町車庫⇔茶山⇔桧山⇔松江駅⇔朝日ヶ丘⇔授産センター, 【市営8朝日ヶ丘①】松江駅⇔温泉駅⇔朝日ヶ丘⇔授産センター, 【市営8朝日ヶ丘②】松江駅⇔温泉駅⇔朝日ヶ丘⇔運転免許センター, 【市営8朝日ヶ丘③】平成町車庫⇒西の原⇒生協前⇒松江駅⇒授産センター, 【市営8朝日ヶ丘③】平成町車庫⇒西の原⇒生協前⇒松江駅⇒運転免許センター⇒授産センター, 【市営8朝日ヶ丘③】授産センター⇒温泉駅⇒松江駅, 【市営9法吉①】松江駅⇒石橋⇒東淞北台⇒比津が丘⇒久米⇒西原⇒日赤⇒松江駅, 【市営9法吉①】松江駅⇒西原⇒久米⇒比津が丘⇒東淞北台⇒石橋⇒日赤⇒松江駅, 【市営9法吉②】松江駅⇒石橋⇒東淞北台⇒はなうみ苑⇒比津が丘⇒法吉公民館, 【市営9法吉②】松江駅⇒石橋⇒東淞北台⇒はなうみ苑⇒法吉公民館⇒西原⇒日赤⇒松江駅, 【市営9法吉②】松江駅⇒石橋⇒東淞北台⇒比津が丘⇒法吉公民館⇒西原⇒日赤⇒松江駅, 【市営9法吉②】松江駅⇒西原⇒法吉公民館⇒はなうみ苑⇒東淞北台⇒石橋⇒日赤⇒松江駅, 【市営9法吉②】松江駅⇒西原⇒法吉公民館⇒比津が丘⇒東淞北台⇒石橋⇒日赤⇒松江駅"
大橋北詰,一畑バス（株）,"【松江管内】万原線, 【松江管内】マリンプラザ線, 【松江管内】八雲線, 【松江管内】恵曇線, 【松江管内】御津線, 【松江管内】玉造線"
二つ池,松江市,"【市営8朝日ヶ丘①】平成町車庫⇔茶山⇔桧山⇔松江駅⇔朝日ヶ丘⇔授産センター, 【市営8朝日ヶ丘①】松江駅⇔温泉駅⇔朝日ヶ丘⇔授産センター, 【市営8朝日ヶ丘②】松江駅⇔温泉駅⇔朝日ヶ丘⇔運転免許センター, 【市営8朝日ヶ丘③】平成町車庫⇒西の原⇒生協前⇒松江駅⇒授産センター, 【市営8朝日ヶ丘③】平成町車庫⇒西の原⇒生協前⇒松江駅⇒運転免許センター⇒授産センター, 【市営8朝日ヶ丘③】授産センター⇒温泉駅⇒松江駅"
堂形入口,松江市,"【市営4八束④】温泉駅⇒内中原小⇒裁判所⇒女子高, 【市営6病院④】市立病院⇔乃木駅⇔浜乃木⇔竪町⇔大橋⇔内中原小⇔温泉駅, 【市営6病院⑦】温泉駅⇒県民会館⇒松江駅⇒相生⇒西の原⇒商業高⇒平成町車庫, 【市営7北循環①】松江駅⇔くにびき⇔島根大学⇔春日南⇔温泉駅⇔県民会館⇔松江駅, 【市営7北循環②】松江駅⇔くにびき⇔島根大学⇔淞北台⇔温泉駅⇔県民会館⇔松江駅, 【市営7北循環③】松江駅⇔くにびき⇔島根大学⇔春日南⇔温泉駅⇔松江駅, 【市営8朝日ヶ丘①】平成町車庫⇔茶山⇔桧山⇔松江駅⇔朝日ヶ丘⇔授産センター, 【市営8朝日ヶ丘①】松江駅⇔温泉駅⇔朝日ヶ丘⇔授産センター, 【市営8朝日ヶ丘②】松江駅⇔温泉駅⇔朝日ヶ丘⇔運転免許センター, 【市営8朝日ヶ丘③】授産センター⇒温泉駅⇒松江駅"
堂形入口,一畑バス（株）,"【松江管内】八雲線, 【松江管内】恵曇線, 【松江管内】玉造線"
須衛都久神社前,松江市,"【市営0レイク】松江駅⇒松江城⇒小泉八雲⇒温泉駅⇒夕日公園⇒美術館⇒松江駅, 【市営0レイク】松江駅⇒松江城⇒小泉八雲⇒温泉駅⇒美術館⇒松江駅"
引木,出雲市,平田生活バス　地合線
市役所前,松江市,"【市営1川津⑪】＜通勤快速＞県合同庁舎⇒上乃木⇒京橋⇒市役所⇒温泉駅, 【市営3竹矢②】竹矢⇔東朝日⇔松江駅⇔市役所⇔温泉駅, 【市営3竹矢②】竹矢⇔東朝日⇔松江駅⇔市役所⇔温泉駅⇔福祉センター, 【市営3竹矢②】馬潟⇔竹矢⇔東朝日⇔松江駅⇔市役所⇔温泉駅⇔福祉センター, 【市営3竹矢③】竹矢⇔相生町入口⇔松江駅⇔市役所⇔温泉駅, 【市営3竹矢⑥】馬潟⇒相生町入口⇒京橋⇒市役所⇒温泉駅, 【市営5八重垣①】八重垣神社⇔虹⇔桧山⇔イオン⇔松江駅⇔市役所⇔温泉駅, 【市営5八重垣①】公園墓地⇔八重垣神社⇔桧山⇔イオン⇔松江駅⇔市役所⇔温泉駅, 【市営6病院①】市立病院⇔西の原⇔桧山⇔松江駅⇔日赤⇔温泉駅⇒福祉センター, 【市営6病院①】福祉センター⇒温泉駅⇒日赤⇒松江駅⇒桧山⇒西の原⇒県立大学, 【市営6病院②】平成町車庫⇒商業高⇒乃木駅⇒松江駅⇒県民会館⇒温泉駅, 【市営6病院②】温泉駅⇒県民会館⇒松江駅⇒乃木駅⇒商業高⇒市立病院, 【市営6病院⑤】市立病院⇔西の原⇔生協病院前⇔松江駅⇔日赤⇔温泉駅⇔福祉センター, 【市営6病院⑥】西津田七丁目⇒松江駅⇒大橋⇒市役所⇒温泉駅, 【市営7北循環①】松江駅⇔くにびき⇔島根大学⇔春日南⇔温泉駅⇔県民会館⇔松江駅, 【市営7北循環②】松江駅⇔くにびき⇔島根大学⇔淞北台⇔温泉駅⇔県民会館⇔松江駅, 【市営7北循環③】松江駅⇔くにびき⇔島根大学⇔春日南⇔温泉駅⇔松江駅"
碕田神社前,出雲市,"平田生活バス　地合線, 平田生活バス　鹿園寺線"
松江しんじ湖温泉駅,松江市,"【市営0レイク】松江駅⇒松江城⇒小泉八雲⇒温泉駅⇒夕日公園⇒美術館⇒松江駅, 【市営0レイク】松江駅⇒松江城⇒小泉八雲⇒温泉駅⇒美術館⇒松江駅, 【市営1川津⑪】＜通勤快速＞県合同庁舎⇒上乃木⇒京橋⇒市役所⇒温泉駅, 【市営3竹矢②】竹矢⇔東朝日⇔松江駅⇔市役所⇔温泉駅, 【市営3竹矢②】竹矢⇔東朝日⇔松江駅⇔市役所⇔温泉駅⇔福祉センター, 【市営3竹矢②】馬潟⇔竹矢⇔東朝日⇔松江駅⇔市役所⇔温泉駅⇔福祉センター, 【市営3竹矢③】竹矢⇔相生町入口⇔松江駅⇔市役所⇔温泉駅, 【市営3竹矢⑥】馬潟⇒相生町入口⇒京橋⇒市役所⇒温泉駅, 【市営4八束④】温泉駅⇒内中原小⇒裁判所⇒女子高, 【市営5八重垣①】八重垣神社⇔虹⇔桧山⇔イオン⇔松江駅⇔市役所⇔温泉駅, 【市営5八重垣①】公園墓地⇔八重垣神社⇔桧山⇔イオン⇔松江駅⇔市役所⇔温泉駅, 【市営5八重垣⑤】かんべの里⇔八重垣神社⇔桧山⇔松江駅⇔宍道湖大橋⇔温泉駅, 【市営6病院①】市立病院⇔西の原⇔桧山⇔松江駅⇔日赤⇔温泉駅⇒福祉センター, 【市営6病院①】福祉センター⇒温泉駅⇒日赤⇒松江駅⇒桧山⇒西の原⇒県立大学, 【市営6病院②】平成町車庫⇒商業高⇒乃木駅⇒松江駅⇒県民会館⇒温泉駅, 【市営6病院②】温泉駅⇒県民会館⇒松江駅⇒乃木駅⇒商業高⇒市立病院, 【市営6病院④】市立病院⇔乃木駅⇔浜乃木⇔竪町⇔大橋⇔内中原小⇔温泉駅, 【市営6病院⑤】市立病院⇔西の原⇔生協病院前⇔松江駅⇔日赤⇔温泉駅⇔福祉センター, 【市営6病院⑥】西津田七丁目⇒松江駅⇒大橋⇒市役所⇒温泉駅, 【市営6病院⑦】温泉駅⇒県民会館⇒松江駅⇒相生⇒西の原⇒商業高⇒平成町車庫, 【市営7北循環①】松江駅⇔くにびき⇔島根大学⇔春日南⇔温泉駅⇔県民会館⇔松江駅, 【市営7北循環②】松江駅⇔くにびき⇔島根大学⇔淞北台⇔温泉駅⇔県民会館⇔松江駅, 【市営7北循環③】松江駅⇔くにびき⇔島根大学⇔春日南⇔温泉駅⇔松江駅, 【市営8朝日ヶ丘①】平成町車庫⇔茶山⇔桧山⇔松江駅⇔朝日ヶ丘⇔授産センター, 【市営8朝日ヶ丘①】松江駅⇔温泉駅⇔朝日ヶ丘⇔授産センター, 【市営8朝日ヶ丘②】松江駅⇔温泉駅⇔朝日ヶ丘⇔運転免許センター, 【市営8朝日ヶ丘③】平成町車庫⇒西の原⇒生協前⇒松江駅⇒授産センター, 【市営8朝日ヶ丘③】平成町車庫⇒西の原⇒生協前⇒松江駅⇒運転免許センター⇒授産センター, 【市営8朝日ヶ丘③】授産センター⇒温泉駅⇒松江駅"
松江しんじ湖温泉駅,一畑バス（株）,"【松江管内】八雲線, 【松江管内】恵曇線, 【松江管内】玉造線"
宍道湖大橋北詰,松江市,"【市営0レイク】松江駅⇒松江城⇒小泉八雲⇒温泉駅⇒夕日公園⇒美術館⇒松江駅, 【市営0レイク】松江駅⇒松江城⇒小泉八雲⇒温泉駅⇒美術館⇒松江駅, 【市営5八重垣⑤】かんべの里⇔八重垣神社⇔桧山⇔松江駅⇔宍道湖大橋⇔温泉駅, 【市営7北循環①】松江駅⇔くにびき⇔島根大学⇔春日南⇔温泉駅⇔県民会館⇔松江駅, 【市営7北循環②】松江駅⇔くにびき⇔島根大学⇔淞北台⇔温泉駅⇔県民会館⇔松江駅, 【市営7北循環③】松江駅⇔くにびき⇔島根大学⇔春日南⇔温泉駅⇔松江駅"
大橋南詰,松江市,"【市営0レイク】松江駅⇒松江城⇒小泉八雲⇒温泉駅⇒夕日公園⇒美術館⇒松江駅, 【市営0レイク】松江駅⇒松江城⇒小泉八雲⇒温泉駅⇒美術館⇒松江駅, 【市営1川津①】県合同庁舎⇔相生⇔松江駅⇔北堀⇔あじさい団地, 【市営1川津①】県合同庁舎⇔相生⇔松江駅⇔北堀⇔川津, 【市営1川津②】県合同庁舎⇔相生⇔松江駅⇔北堀⇔平成ニュータウン, 【市営1川津③】かんべの里⇔相生⇔松江駅⇔北堀⇔川津, 【市営1川津④】市立病院⇔西の原⇔相生⇔松江駅⇔北堀⇔川津, 【市営1川津⑤】県合同庁舎⇔桧山⇔松江駅⇔北堀⇔川津, 【市営1川津⑥】平成町車庫⇔大庭⇔相生⇔松江駅⇔北堀⇔川津, 【市営1川津⑦】県合同庁舎⇒相生⇒竪町⇒北堀⇒川津, 【市営1川津⑪】＜通勤快速＞県合同庁舎⇒上乃木⇒京橋⇒市役所⇒温泉駅, 【市営2あじさい①】あじさい団地⇒北田⇒松江駅⇒駅南口⇒桧山⇒八重垣神社⇒平成町車庫⇒市立病院, 【市営2あじさい①】八重垣神社⇔桧山⇔駅南口⇔松江駅⇔北田⇔あじさい団地, 【市営2あじさい①】市立病院⇔八重垣神社⇔桧山⇔駅南口⇔松江駅⇔北田⇔あじさい団地, 【市営2あじさい①】平成町車庫⇔八重垣神社⇔桧山⇔駅南口⇔松江駅⇔北田⇔あじさい団地, 【市営2あじさい①】平成町車庫⇔南高校⇔桧山⇔駅南口⇔松江駅⇔北田⇔あじさい団地, 【市営2あじさい②】あじさい団地⇒養護学校⇒北田⇒松江駅⇒桧山⇒八重垣神社⇒平成町車庫, 【市営2あじさい②】市立病院⇒墓地⇒八重垣神社⇒桧山⇒松江駅⇒北田⇒養護学校⇒あじさい団地, 【市営2あじさい②】市立病院⇔八重垣神社⇔桧山⇔松江駅⇔北田⇔養護学校⇔あじさい団地, 【市営3竹矢②】竹矢⇔東朝日⇔松江駅⇔市役所⇔温泉駅, 【市営3竹矢②】竹矢⇔東朝日⇔松江駅⇔市役所⇔温泉駅⇔福祉センター, 【市営3竹矢②】馬潟⇔竹矢⇔東朝日⇔松江駅⇔市役所⇔温泉駅⇔福祉センター, 【市営3竹矢③】竹矢⇔相生町入口⇔松江駅⇔市役所⇔温泉駅, 【市営3竹矢⑥】馬潟⇒相生町入口⇒京橋⇒市役所⇒温泉駅, 【市営4八束①】八束町⇒江島⇒八束町⇒松江駅⇒乃木駅⇒商業高⇒市立病院, 【市営4八束①】市立病院⇔商業高⇔乃木駅⇔松江駅⇔大海崎⇔八束町, 【市営4八束①】平成町車庫⇒商業高⇒乃木駅⇒松江駅⇒大海崎, 【市営4八束①】平成町車庫⇒商業高⇒乃木駅⇒松江駅⇒大海崎⇒八束町, 【市営4八束①】松江駅⇔女子高⇔大海崎⇔八束町, 【市営4八束②】八束町⇒上宇部尾⇒女子高⇒松江駅⇒乃木駅⇒商業高⇒市立病院, 【市営4八束②】八束町⇒上宇部尾⇒女子高⇒松江駅⇒乃木駅⇒商業高⇒平成町車庫, 【市営4八束②】八束町⇒江島⇒上宇部尾⇒松江駅⇒乃木駅⇒商業高⇒市立病院, 【市営4八束②】平成町車庫⇒商業高⇒乃木駅⇒松江駅⇒上宇部尾⇒江島⇒八束町, 【市営4八束②】松江駅⇔県民会館⇔女子高⇔上宇部尾⇔八束町, 【市営5八重垣①】八重垣神社⇔虹⇔桧山⇔イオン⇔松江駅⇔市役所⇔温泉駅, 【市営5八重垣①】公園墓地⇔八重垣神社⇔桧山⇔イオン⇔松江駅⇔市役所⇔温泉駅, 【市営5八重垣②】八重垣神社⇒虹⇒桧山⇒駅南口⇒松江駅⇒北堀⇒淞北台団地, 【市営5八重垣②】八重垣神社⇔桧山⇔駅南口⇔松江駅⇔北堀⇔淞北台団地, 【市営5八重垣②】淞北台団地⇒附属前⇒北堀⇒松江駅, 【市営5八重垣③】淞北台団地⇒北堀⇒松江駅⇒イオン⇒桧山⇒八重垣神社⇒公園墓地, 【市営6病院②】平成町車庫⇒商業高⇒乃木駅⇒松江駅⇒県民会館⇒温泉駅, 【市営6病院②】温泉駅⇒県民会館⇒松江駅⇒乃木駅⇒商業高⇒市立病院, 【市営6病院④】市立病院⇔乃木駅⇔浜乃木⇔竪町⇔大橋⇔内中原小⇔温泉駅, 【市営6病院⑥】西津田七丁目⇒松江駅⇒大橋⇒市役所⇒温泉駅, 【市営6病院⑦】温泉駅⇒県民会館⇒松江駅⇒相生⇒西の原⇒商業高⇒平成町車庫, 【市営8朝日ヶ丘①】平成町車庫⇔茶山⇔桧山⇔松江駅⇔朝日ヶ丘⇔授産センター, 【市営8朝日ヶ丘①】松江駅⇔温泉駅⇔朝日ヶ丘⇔授産センター, 【市営8朝日ヶ丘②】松江駅⇔温泉駅⇔朝日ヶ丘⇔運転免許センター, 【市営8朝日ヶ丘③】平成町車庫⇒西の原⇒生協前⇒松江駅⇒授産センター, 【市営8朝日ヶ丘③】平成町車庫⇒西の原⇒生協前⇒松江駅⇒運転免許センター⇒授産センター, 【市営8朝日ヶ丘③】授産センター⇒温泉駅⇒松江駅, 【市営9法吉①】松江駅⇒石橋⇒東淞北台⇒比津が丘⇒久米⇒西原⇒日赤⇒松江駅, 【市営9法吉①】松江駅⇒西原⇒久米⇒比津が丘⇒東淞北台⇒石橋⇒日赤⇒松江駅, 【市営9法吉②】松江駅⇒石橋⇒東淞北台⇒はなうみ苑⇒比津が丘⇒法吉公民館, 【市営9法吉②】松江駅⇒石橋⇒東淞北台⇒はなうみ苑⇒法吉公民館⇒西原⇒日赤⇒松江駅, 【市営9法吉②】松江駅⇒石橋⇒東淞北台⇒比津が丘⇒法吉公民館⇒西原⇒日赤⇒松江駅, 【市営9法吉②】松江駅⇒西原⇒法吉公民館⇒はなうみ苑⇒東淞北台⇒石橋⇒日赤⇒松江駅, 【市営9法吉②】松江駅⇒西原⇒法吉公民館⇒比津が丘⇒東淞北台⇒石橋⇒日赤⇒松江駅"
大橋南詰,一畑バス（株）,"【松江管内】万原線, 【松江管内】マリンプラザ線, 【松江管内】八雲線, 【松江管内】恵曇線, 【松江管内】御津線, 【松江管内】玉造線"
西尾団地入口,松江市,"【市営4八束①】八束町⇒江島⇒八束町⇒松江駅⇒乃木駅⇒商業高⇒市立病院, 【市営4八束①】市立病院⇔商業高⇔乃木駅⇔松江駅⇔大海崎⇔八束町, 【市営4八束①】平成町車庫⇒商業高⇒乃木駅⇒松江駅⇒大海崎, 【市営4八束①】平成町車庫⇒商業高⇒乃木駅⇒松江駅⇒大海崎⇒八束町, 【市営4八束①】松江駅⇔女子高⇔大海崎⇔八束町, 【市営4八束②】八束町⇒上宇部尾⇒女子高⇒松江駅⇒乃木駅⇒商業高⇒市立病院, 【市営4八束②】八束町⇒上宇部尾⇒女子高⇒松江駅⇒乃木駅⇒商業高⇒平成町車庫, 【市営4八束②】八束町⇒江島⇒上宇部尾⇒松江駅⇒乃木駅⇒商業高⇒市立病院, 【市営4八束②】平成町車庫⇒商業高⇒乃木駅⇒松江駅⇒上宇部尾⇒江島⇒八束町, 【市営4八束②】松江駅⇔県民会館⇔女子高⇔上宇部尾⇔八束町"
城西公民館前,松江市,"【市営8朝日ヶ丘①】平成町車庫⇔茶山⇔桧山⇔松江駅⇔朝日ヶ丘⇔授産センター, 【市営8朝日ヶ丘①】松江駅⇔温泉駅⇔朝日ヶ丘⇔授産センター, 【市営8朝日ヶ丘②】松江駅⇔温泉駅⇔朝日ヶ丘⇔運転免許センター, 【市営8朝日ヶ丘③】平成町車庫⇒西の原⇒生協前⇒松江駅⇒授産センター, 【市営8朝日ヶ丘③】平成町車庫⇒西の原⇒生協前⇒松江駅⇒運転免許センター⇒授産センター, 【市営8朝日ヶ丘③】授産センター⇒温泉駅⇒松江駅"
松江しんじ湖温泉,松江市,"【市営3竹矢②】竹矢⇔東朝日⇔松江駅⇔市役所⇔温泉駅⇔福祉センター, 【市営3竹矢②】馬潟⇔竹矢⇔東朝日⇔松江駅⇔市役所⇔温泉駅⇔福祉センター, 【市営6病院①】市立病院⇔西の原⇔桧山⇔松江駅⇔日赤⇔温泉駅⇒福祉センター, 【市営6病院⑤】市立病院⇔西の原⇔生協病院前⇔松江駅⇔日赤⇔温泉駅⇔福祉センター, 【市営7北循環①】松江駅⇔くにびき⇔島根大学⇔春日南⇔温泉駅⇔県民会館⇔松江駅, 【市営7北循環②】松江駅⇔くにびき⇔島根大学⇔淞北台⇔温泉駅⇔県民会館⇔松江駅"
松江しんじ湖温泉,松江一畑交通（株）,空港連絡バス出雲空港⇔松江線
中央上集会所,出雲市,"平田生活バス　地合線, 平田生活バス　鹿園寺線"
堂形,松江市,"【市営8朝日ヶ丘①】平成町車庫⇔茶山⇔桧山⇔松江駅⇔朝日ヶ丘⇔授産センター, 【市営8朝日ヶ丘①】松江駅⇔温泉駅⇔朝日ヶ丘⇔授産センター, 【市営8朝日ヶ丘②】松江駅⇔温泉駅⇔朝日ヶ丘⇔運転免許センター, 【市営8朝日ヶ丘③】平成町車庫⇒西の原⇒生協前⇒松江駅⇒授産センター, 【市営8朝日ヶ丘③】平成町車庫⇒西の原⇒生協前⇒松江駅⇒運転免許センター⇒授産センター, 【市営8朝日ヶ丘③】授産センター⇒温泉駅⇒松江駅"
釜谷,出雲市,平田生活バス　北浜線
宍道湖遊覧船乗場,松江市,"【市営0レイク】松江駅⇒松江城⇒小泉八雲⇒温泉駅⇒夕日公園⇒美術館⇒松江駅, 【市営0レイク】松江駅⇒松江城⇒小泉八雲⇒温泉駅⇒美術館⇒松江駅"
新大橋南詰,松江市,"【市営6病院①】市立病院⇔西の原⇔桧山⇔松江駅⇔日赤⇔温泉駅⇒福祉センター, 【市営6病院①】福祉センター⇒温泉駅⇒日赤⇒松江駅⇒桧山⇒西の原⇒県立大学, 【市営6病院⑤】市立病院⇔西の原⇔生協病院前⇔松江駅⇔日赤⇔温泉駅⇔福祉センター, 【市営9法吉①】松江駅⇒石橋⇒東淞北台⇒比津が丘⇒久米⇒西原⇒日赤⇒松江駅, 【市営9法吉①】松江駅⇒西原⇒久米⇒比津が丘⇒東淞北台⇒石橋⇒日赤⇒松江駅, 【市営9法吉②】松江駅⇒石橋⇒東淞北台⇒はなうみ苑⇒法吉公民館⇒西原⇒日赤⇒松江駅, 【市営9法吉②】松江駅⇒石橋⇒東淞北台⇒比津が丘⇒法吉公民館⇒西原⇒日赤⇒松江駅, 【市営9法吉②】松江駅⇒西原⇒法吉公民館⇒はなうみ苑⇒東淞北台⇒石橋⇒日赤⇒松江駅, 【市営9法吉②】松江駅⇒西原⇒法吉公民館⇒比津が丘⇒東淞北台⇒石橋⇒日赤⇒松江駅, 【市営9法吉②】法吉公民館⇒比津が丘⇒はなうみ苑⇒東淞北台⇒石橋⇒日赤⇒松江駅"
東が丘団地入口,出雲市,"平田生活バス　地合線, 平田生活バス　鹿園寺線"
天倫寺前,松江市,"【市営8朝日ヶ丘①】平成町車庫⇔茶山⇔桧山⇔松江駅⇔朝日ヶ丘⇔授産センター, 【市営8朝日ヶ丘①】松江駅⇔温泉駅⇔朝日ヶ丘⇔授産センター, 【市営8朝日ヶ丘②】松江駅⇔温泉駅⇔朝日ヶ丘⇔運転免許センター, 【市営8朝日ヶ丘③】平成町車庫⇒西の原⇒生協前⇒松江駅⇒授産センター, 【市営8朝日ヶ丘③】平成町車庫⇒西の原⇒生協前⇒松江駅⇒運転免許センター⇒授産センター, 【市営8朝日ヶ丘③】授産センター⇒温泉駅⇒松江駅"
千鳥町,松江市,"【市営0レイク】松江駅⇒松江城⇒小泉八雲⇒温泉駅⇒夕日公園⇒美術館⇒松江駅, 【市営0レイク】松江駅⇒松江城⇒小泉八雲⇒温泉駅⇒美術館⇒松江駅, 【市営3竹矢②】竹矢⇔東朝日⇔松江駅⇔市役所⇔温泉駅⇔福祉センター, 【市営3竹矢②】馬潟⇔竹矢⇔東朝日⇔松江駅⇔市役所⇔温泉駅⇔福祉センター, 【市営6病院①】市立病院⇔西の原⇔桧山⇔松江駅⇔日赤⇔温泉駅⇒福祉センター, 【市営6病院⑤】市立病院⇔西の原⇔生協病院前⇔松江駅⇔日赤⇔温泉駅⇔福祉センター, 【市営7北循環①】松江駅⇔くにびき⇔島根大学⇔春日南⇔温泉駅⇔県民会館⇔松江駅, 【市営7北循環②】松江駅⇔くにびき⇔島根大学⇔淞北台⇔温泉駅⇔県民会館⇔松江駅"
魚町,松江市,【市営0レイク】松江駅⇒松江城⇒小泉八雲⇒温泉駅⇒美術館⇒松江駅
千鳥南公園,松江市,"【市営0レイク】松江駅⇒松江城⇒小泉八雲⇒温泉駅⇒夕日公園⇒美術館⇒松江駅, 【市営0レイク】松江駅⇒松江城⇒小泉八雲⇒温泉駅⇒美術館⇒松江駅"
福祉センター前,松江市,"【市営0レイク】松江駅⇒松江城⇒小泉八雲⇒温泉駅⇒夕日公園⇒美術館⇒松江駅, 【市営0レイク】松江駅⇒松江城⇒小泉八雲⇒温泉駅⇒美術館⇒松江駅, 【市営3竹矢②】竹矢⇔東朝日⇔松江駅⇔市役所⇔温泉駅⇔福祉センター, 【市営3竹矢②】馬潟⇔竹矢⇔東朝日⇔松江駅⇔市役所⇔温泉駅⇔福祉センター, 【市営6病院①】市立病院⇔西の原⇔桧山⇔松江駅⇔日赤⇔温泉駅⇒福祉センター, 【市営6病院①】福祉センター⇒温泉駅⇒日赤⇒松江駅⇒桧山⇒西の原⇒県立大学, 【市営6病院⑤】市立病院⇔西の原⇔生協病院前⇔松江駅⇔日赤⇔温泉駅⇔福祉センター, 【市営7北循環①】松江駅⇔くにびき⇔島根大学⇔春日南⇔温泉駅⇔県民会館⇔松江駅, 【市営7北循環②】松江駅⇔くにびき⇔島根大学⇔淞北台⇔温泉駅⇔県民会館⇔松江駅"
大酌,出雲市,平田生活バス　坂浦線
新山入口,松江市,"【市営4八束①】八束町⇒江島⇒八束町⇒松江駅⇒乃木駅⇒商業高⇒市立病院, 【市営4八束①】市立病院⇔商業高⇔乃木駅⇔松江駅⇔大海崎⇔八束町, 【市営4八束①】平成町車庫⇒商業高⇒乃木駅⇒松江駅⇒大海崎, 【市営4八束①】平成町車庫⇒商業高⇒乃木駅⇒松江駅⇒大海崎⇒八束町, 【市営4八束①】松江駅⇔女子高⇔大海崎⇔八束町, 【市営4八束②】八束町⇒上宇部尾⇒女子高⇒松江駅⇒乃木駅⇒商業高⇒市立病院, 【市営4八束②】八束町⇒上宇部尾⇒女子高⇒松江駅⇒乃木駅⇒商業高⇒平成町車庫, 【市営4八束②】八束町⇒江島⇒上宇部尾⇒松江駅⇒乃木駅⇒商業高⇒市立病院, 【市営4八束②】平成町車庫⇒商業高⇒乃木駅⇒松江駅⇒上宇部尾⇒江島⇒八束町, 【市営4八束②】松江駅⇔県民会館⇔女子高⇔上宇部尾⇔八束町"
中央郵便局前,松江市,"【市営3竹矢①】四季ヶ丘⇒くにびき⇒松江駅⇒東朝日⇒竹矢⇒馬潟, 【市営3竹矢①】竹矢⇔東朝日⇔松江駅⇔くにびき⇔四季ヶ丘, 【市営3竹矢②】竹矢⇔東朝日⇔松江駅⇔市役所⇔温泉駅, 【市営3竹矢②】竹矢⇔東朝日⇔松江駅⇔市役所⇔温泉駅⇔福祉センター, 【市営3竹矢②】馬潟⇔竹矢⇔東朝日⇔松江駅⇔市役所⇔温泉駅⇔福祉センター, 【市営5八重垣①】八重垣神社⇔虹⇔桧山⇔イオン⇔松江駅⇔市役所⇔温泉駅, 【市営5八重垣①】公園墓地⇔八重垣神社⇔桧山⇔イオン⇔松江駅⇔市役所⇔温泉駅, 【市営5八重垣③】淞北台団地⇒北堀⇒松江駅⇒イオン⇒桧山⇒八重垣神社⇒公園墓地, 【市営7南循環①】市立病院⇔県立大学⇔県合庁⇔松江駅⇔美術館⇔乃木駅⇔市立病院, 【市営7南循環①】県立大学⇔県合同庁舎⇔松江駅⇔美術館⇔乃木駅⇔市立病院, 【市営7南循環②】市立病院⇒乃木駅⇒松江駅⇒県合同庁舎⇒県立大学⇒市立病院, 【市営7南循環②】市立病院⇒乃木駅⇒松江駅⇒県合同庁舎⇒県立大学（止）"
中央郵便局前,一畑バス（株）,【松江管内】荒島線
手貝,松江市,"【市営4八束①】八束町⇒江島⇒八束町⇒松江駅⇒乃木駅⇒商業高⇒市立病院, 【市営4八束①】市立病院⇔商業高⇔乃木駅⇔松江駅⇔大海崎⇔八束町, 【市営4八束①】平成町車庫⇒商業高⇒乃木駅⇒松江駅⇒大海崎, 【市営4八束①】平成町車庫⇒商業高⇒乃木駅⇒松江駅⇒大海崎⇒八束町, 【市営4八束①】松江駅⇔女子高⇔大海崎⇔八束町, 【市営4八束②】八束町⇒上宇部尾⇒女子高⇒松江駅⇒乃木駅⇒商業高⇒市立病院, 【市営4八束②】八束町⇒上宇部尾⇒女子高⇒松江駅⇒乃木駅⇒商業高⇒平成町車庫, 【市営4八束②】八束町⇒江島⇒上宇部尾⇒松江駅⇒乃木駅⇒商業高⇒市立病院, 【市営4八束②】平成町車庫⇒商業高⇒乃木駅⇒松江駅⇒上宇部尾⇒江島⇒八束町, 【市営4八束②】松江駅⇔県民会館⇔女子高⇔上宇部尾⇔八束町"
伊儀,出雲市,平田生活バス　塩津線
松江駅,松江市,"【市営0レイク】松江駅⇒松江城⇒小泉八雲⇒温泉駅⇒夕日公園⇒美術館⇒松江駅, 【市営0レイク】松江駅⇒松江城⇒小泉八雲⇒温泉駅⇒美術館⇒松江駅, 【市営1川津①】県合同庁舎⇔相生⇔松江駅⇔北堀⇔あじさい団地, 【市営1川津①】県合同庁舎⇔相生⇔松江駅⇔北堀⇔川津, 【市営1川津②】県合同庁舎⇔相生⇔松江駅⇔北堀⇔平成ニュータウン, 【市営1川津③】かんべの里⇔相生⇔松江駅⇔北堀⇔川津, 【市営1川津④】市立病院⇔西の原⇔相生⇔松江駅⇔北堀⇔川津, 【市営1川津⑤】県合同庁舎⇔桧山⇔松江駅⇔北堀⇔川津, 【市営1川津⑥】平成町車庫⇔大庭⇔相生⇔松江駅⇔北堀⇔川津, 【市営1川津⑧】県合同庁舎⇒相生⇒松江駅⇒くにびき⇒川津, 【市営1川津⑨】川津⇒くにびき⇒松江駅⇒相生⇒南高校⇒公園墓地⇒平成町車庫, 【市営1川津⑩】＜深夜バス＞松江駅⇒相生⇒大庭⇒平成町車庫, 【市営1川津⑫】松江記念病院⇔西の原⇔医療センター⇔相生⇔松江駅, 【市営2あじさい①】あじさい団地⇒北田⇒松江駅⇒駅南口⇒桧山⇒八重垣神社⇒平成町車庫⇒市立病院, 【市営2あじさい①】八重垣神社⇔桧山⇔駅南口⇔松江駅⇔北田⇔あじさい団地, 【市営2あじさい①】市立病院⇔八重垣神社⇔桧山⇔駅南口⇔松江駅⇔北田⇔あじさい団地, 【市営2あじさい①】平成町車庫⇔八重垣神社⇔桧山⇔駅南口⇔松江駅⇔北田⇔あじさい団地, 【市営2あじさい①】平成町車庫⇔南高校⇔桧山⇔駅南口⇔松江駅⇔北田⇔あじさい団地, 【市営2あじさい②】あじさい団地⇒養護学校⇒北田⇒松江駅⇒桧山⇒八重垣神社⇒平成町車庫, 【市営2あじさい②】市立病院⇒墓地⇒八重垣神社⇒桧山⇒松江駅⇒北田⇒養護学校⇒あじさい団地, 【市営2あじさい②】市立病院⇔八重垣神社⇔桧山⇔松江駅⇔北田⇔養護学校⇔あじさい団地, 【市営3竹矢①】四季ヶ丘⇒くにびき⇒松江駅⇒東朝日⇒竹矢⇒馬潟, 【市営3竹矢①】竹矢⇔東朝日⇔松江駅⇔くにびき⇔四季ヶ丘, 【市営3竹矢②】竹矢⇔東朝日⇔松江駅⇔市役所⇔温泉駅, 【市営3竹矢②】竹矢⇔東朝日⇔松江駅⇔市役所⇔温泉駅⇔福祉センター, 【市営3竹矢②】馬潟⇔竹矢⇔東朝日⇔松江駅⇔市役所⇔温泉駅⇔福祉センター, 【市営3竹矢③】竹矢⇔相生町入口⇔松江駅⇔市役所⇔温泉駅, 【市営3竹矢⑤】竹矢⇒東朝日⇒松江駅⇒くにびき⇒島根大学⇒東高校, 【市営4八束①】八束町⇒江島⇒八束町⇒松江駅⇒乃木駅⇒商業高⇒市立病院, 【市営4八束①】市立病院⇔商業高⇔乃木駅⇔松江駅⇔大海崎⇔八束町, 【市営4八束①】平成町車庫⇒商業高⇒乃木駅⇒松江駅⇒大海崎, 【市営4八束①】平成町車庫⇒商業高⇒乃木駅⇒松江駅⇒大海崎⇒八束町, 【市営4八束①】松江駅⇔女子高⇔大海崎⇔八束町, 【市営4八束②】八束町⇒上宇部尾⇒女子高⇒松江駅⇒乃木駅⇒商業高⇒市立病院, 【市営4八束②】八束町⇒上宇部尾⇒女子高⇒松江駅⇒乃木駅⇒商業高⇒平成町車庫, 【市営4八束②】八束町⇒江島⇒上宇部尾⇒松江駅⇒乃木駅⇒商業高⇒市立病院, 【市営4八束②】平成町車庫⇒商業高⇒乃木駅⇒松江駅, 【市営4八束②】平成町車庫⇒商業高⇒乃木駅⇒松江駅⇒上宇部尾⇒江島⇒八束町, 【市営4八束②】松江駅⇔県民会館⇔女子高⇔上宇部尾⇔八束町, 【市営4八束③】松江駅⇔くにびき⇔女子高, 【市営5八重垣①】八重垣神社⇔虹⇔桧山⇔イオン⇔松江駅⇔市役所⇔温泉駅, 【市営5八重垣①】公園墓地⇔八重垣神社⇔桧山⇔イオン⇔松江駅⇔市役所⇔温泉駅, 【市営5八重垣②】八重垣神社⇒虹⇒桧山⇒駅南口⇒松江駅⇒北堀⇒淞北台団地, 【市営5八重垣②】八重垣神社⇔桧山⇔駅南口⇔松江駅⇔北堀⇔淞北台団地, 【市営5八重垣②】淞北台団地⇒附属前⇒北堀⇒松江駅, 【市営5八重垣③】淞北台団地⇒北堀⇒松江駅⇒イオン⇒桧山⇒八重垣神社⇒公園墓地, 【市営5八重垣④】八重垣神社⇒桧山⇒松江駅⇒くにびき⇒ソフトビジネスパーク, 【市営5八重垣④】八重垣神社⇔虹⇔桧山⇔松江駅⇔くにびき⇔ソフトビジネスパーク, 【市営5八重垣④】松江駅⇔くにびき⇔ソフトビジネスパーク, 【市営5八重垣⑤】かんべの里⇔八重垣神社⇔桧山⇔松江駅⇔宍道湖大橋⇔温泉駅, 【市営6病院①】市立病院⇔西の原⇔桧山⇔松江駅⇔日赤⇔温泉駅⇒福祉センター, 【市営6病院①】福祉センター⇒温泉駅⇒日赤⇒松江駅⇒桧山⇒西の原⇒県立大学, 【市営6病院②】平成町車庫⇒商業高⇒乃木駅⇒松江駅⇒県民会館⇒温泉駅, 【市営6病院②】温泉駅⇒県民会館⇒松江駅⇒乃木駅⇒商業高⇒市立病院, 【市営6病院③】市立病院⇔西の原⇔桧山⇔松江駅⇔くにびき⇔ソフトビジネスパーク, 【市営6病院③】平成町車庫⇒西の原⇒生協前⇒松江駅⇒くにびき⇒ソフトビジネスパーク, 【市営6病院③】平成町車庫⇔西の原⇔桧山⇔松江駅⇔くにびき⇔ソフトビジネスパーク, 【市営6病院⑤】市立病院⇔西の原⇔生協病院前⇔松江駅⇔日赤⇔温泉駅⇔福祉センター, 【市営6病院⑥】西津田七丁目⇒松江駅⇒大橋⇒市役所⇒温泉駅, 【市営6病院⑦】温泉駅⇒県民会館⇒松江駅⇒相生⇒西の原⇒商業高⇒平成町車庫, 【市営7北循環①】松江駅⇔くにびき⇔島根大学⇔春日南⇔温泉駅⇔県民会館⇔松江駅, 【市営7北循環②】松江駅⇔くにびき⇔島根大学⇔淞北台⇔温泉駅⇔県民会館⇔松江駅, 【市営7北循環③】松江駅⇔くにびき⇔島根大学⇔春日南⇔温泉駅⇔松江駅, 【市営7南循環①】市立病院⇔県立大学⇔県合庁⇔松江駅⇔美術館⇔乃木駅⇔市立病院, 【市営7南循環①】県立大学⇔県合同庁舎⇔松江駅⇔美術館⇔乃木駅⇔市立病院, 【市営7南循環②】市立病院⇒乃木駅⇒松江駅⇒県合同庁舎⇒県立大学⇒市立病院, 【市営7南循環②】市立病院⇒乃木駅⇒松江駅⇒県合同庁舎⇒県立大学（止）, 【市営8朝日ヶ丘①】平成町車庫⇔茶山⇔桧山⇔松江駅⇔朝日ヶ丘⇔授産センター, 【市営8朝日ヶ丘①】松江駅⇔温泉駅⇔朝日ヶ丘⇔授産センター, 【市営8朝日ヶ丘②】松江駅⇔温泉駅⇔朝日ヶ丘⇔運転免許センター, 【市営8朝日ヶ丘③】平成町車庫⇒西の原⇒生協前⇒松江駅⇒授産センター, 【市営8朝日ヶ丘③】平成町車庫⇒西の原⇒生協前⇒松江駅⇒運転免許センター⇒授産センター, 【市営8朝日ヶ丘③】授産センター⇒温泉駅⇒松江駅, 【市営9法吉①】松江駅⇒石橋⇒東淞北台⇒比津が丘⇒久米⇒西原⇒日赤⇒松江駅, 【市営9法吉①】松江駅⇒西原⇒久米⇒比津が丘⇒東淞北台⇒石橋⇒日赤⇒松江駅, 【市営9法吉②】松江駅⇒石橋⇒東淞北台⇒はなうみ苑⇒比津が丘⇒法吉公民館, 【市営9法吉②】松江駅⇒石橋⇒東淞北台⇒はなうみ苑⇒法吉公民館⇒西原⇒日赤⇒松江駅, 【市営9法吉②】松江駅⇒石橋⇒東淞北台⇒比津が丘⇒法吉公民館⇒西原⇒日赤⇒松江駅, 【市営9法吉②】松江駅⇒西原⇒法吉公民館⇒はなうみ苑⇒東淞北台⇒石橋⇒日赤⇒松江駅, 【市営9法吉②】松江駅⇒西原⇒法吉公民館⇒比津が丘⇒東淞北台⇒石橋⇒日赤⇒松江駅, 【市営9法吉②】法吉公民館⇒比津が丘⇒はなうみ苑⇒東淞北台⇒石橋⇒日赤⇒松江駅"
松江駅,一畑バス（株）,"【松江管内】万原線, 【松江管内】マリンプラザ線, 【松江管内】八雲線, 【松江管内】恵曇線, 【松江管内】御津線, 【松江管内】玉造線, 【松江管内】大東線, 【松江管内】荒島線"
朝酌公民館前,松江市,"【市営4八束①】八束町⇒江島⇒八束町⇒松江駅⇒乃木駅⇒商業高⇒市立病院, 【市営4八束①】市立病院⇔商業高⇔乃木駅⇔松江駅⇔大海崎⇔八束町, 【市営4八束①】平成町車庫⇒商業高⇒乃木駅⇒松江駅⇒大海崎, 【市営4八束①】平成町車庫⇒商業高⇒乃木駅⇒松江駅⇒大海崎⇒八束町, 【市営4八束①】松江駅⇔女子高⇔大海崎⇔八束町, 【市営4八束②】八束町⇒上宇部尾⇒女子高⇒松江駅⇒乃木駅⇒商業高⇒市立病院, 【市営4八束②】八束町⇒上宇部尾⇒女子高⇒松江駅⇒乃木駅⇒商業高⇒平成町車庫, 【市営4八束②】八束町⇒江島⇒上宇部尾⇒松江駅⇒乃木駅⇒商業高⇒市立病院, 【市営4八束②】平成町車庫⇒商業高⇒乃木駅⇒松江駅⇒上宇部尾⇒江島⇒八束町, 【市営4八束②】松江駅⇔県民会館⇔女子高⇔上宇部尾⇔八束町"
上組,松江市,"【市営4八束②】八束町⇒上宇部尾⇒女子高⇒松江駅⇒乃木駅⇒商業高⇒市立病院, 【市営4八束②】八束町⇒上宇部尾⇒女子高⇒松江駅⇒乃木駅⇒商業高⇒平成町車庫, 【市営4八束②】八束町⇒江島⇒上宇部尾⇒松江駅⇒乃木駅⇒商業高⇒市立病院, 【市営4八束②】平成町車庫⇒商業高⇒乃木駅⇒松江駅⇒上宇部尾⇒江島⇒八束町, 【市営4八束②】松江駅⇔県民会館⇔女子高⇔上宇部尾⇔八束町"
天神町,松江市,"【市営1川津①】県合同庁舎⇔相生⇔松江駅⇔北堀⇔あじさい団地, 【市営1川津①】県合同庁舎⇔相生⇔松江駅⇔北堀⇔川津, 【市営1川津②】県合同庁舎⇔相生⇔松江駅⇔北堀⇔平成ニュータウン, 【市営1川津③】かんべの里⇔相生⇔松江駅⇔北堀⇔川津, 【市営1川津④】市立病院⇔西の原⇔相生⇔松江駅⇔北堀⇔川津, 【市営1川津⑤】県合同庁舎⇔桧山⇔松江駅⇔北堀⇔川津, 【市営1川津⑥】平成町車庫⇔大庭⇔相生⇔松江駅⇔北堀⇔川津, 【市営1川津⑦】県合同庁舎⇒相生⇒竪町⇒北堀⇒川津, 【市営2あじさい①】八重垣神社⇔桧山⇔駅南口⇔松江駅⇔北田⇔あじさい団地, 【市営2あじさい①】市立病院⇔八重垣神社⇔桧山⇔駅南口⇔松江駅⇔北田⇔あじさい団地, 【市営2あじさい①】平成町車庫⇔八重垣神社⇔桧山⇔駅南口⇔松江駅⇔北田⇔あじさい団地, 【市営2あじさい①】平成町車庫⇔南高校⇔桧山⇔駅南口⇔松江駅⇔北田⇔あじさい団地, 【市営2あじさい②】市立病院⇒墓地⇒八重垣神社⇒桧山⇒松江駅⇒北田⇒養護学校⇒あじさい団地, 【市営2あじさい②】市立病院⇔八重垣神社⇔桧山⇔松江駅⇔北田⇔養護学校⇔あじさい団地, 【市営3竹矢②】竹矢⇔東朝日⇔松江駅⇔市役所⇔温泉駅, 【市営3竹矢②】竹矢⇔東朝日⇔松江駅⇔市役所⇔温泉駅⇔福祉センター, 【市営3竹矢②】馬潟⇔竹矢⇔東朝日⇔松江駅⇔市役所⇔温泉駅⇔福祉センター, 【市営3竹矢③】竹矢⇔相生町入口⇔松江駅⇔市役所⇔温泉駅, 【市営3竹矢⑥】馬潟⇒相生町入口⇒京橋⇒市役所⇒温泉駅, 【市営4八束①】市立病院⇔商業高⇔乃木駅⇔松江駅⇔大海崎⇔八束町, 【市営4八束①】平成町車庫⇒商業高⇒乃木駅⇒松江駅⇒大海崎, 【市営4八束①】平成町車庫⇒商業高⇒乃木駅⇒松江駅⇒大海崎⇒八束町, 【市営4八束①】松江駅⇔女子高⇔大海崎⇔八束町, 【市営4八束②】平成町車庫⇒商業高⇒乃木駅⇒松江駅⇒上宇部尾⇒江島⇒八束町, 【市営4八束②】松江駅⇔県民会館⇔女子高⇔上宇部尾⇔八束町, 【市営5八重垣①】八重垣神社⇔虹⇔桧山⇔イオン⇔松江駅⇔市役所⇔温泉駅, 【市営5八重垣①】公園墓地⇔八重垣神社⇔桧山⇔イオン⇔松江駅⇔市役所⇔温泉駅, 【市営5八重垣②】八重垣神社⇒虹⇒桧山⇒駅南口⇒松江駅⇒北堀⇒淞北台団地, 【市営5八重垣②】八重垣神社⇔桧山⇔駅南口⇔松江駅⇔北堀⇔淞北台団地, 【市営6病院②】平成町車庫⇒商業高⇒乃木駅⇒松江駅⇒県民会館⇒温泉駅, 【市営6病院④】市立病院⇔乃木駅⇔浜乃木⇔竪町⇔大橋⇔内中原小⇔温泉駅, 【市営6病院⑥】西津田七丁目⇒松江駅⇒大橋⇒市役所⇒温泉駅, 【市営8朝日ヶ丘①】平成町車庫⇔茶山⇔桧山⇔松江駅⇔朝日ヶ丘⇔授産センター, 【市営8朝日ヶ丘①】松江駅⇔温泉駅⇔朝日ヶ丘⇔授産センター, 【市営8朝日ヶ丘②】松江駅⇔温泉駅⇔朝日ヶ丘⇔運転免許センター, 【市営8朝日ヶ丘③】平成町車庫⇒西の原⇒生協前⇒松江駅⇒授産センター, 【市営8朝日ヶ丘③】平成町車庫⇒西の原⇒生協前⇒松江駅⇒運転免許センター⇒授産センター, 【市営9法吉①】松江駅⇒石橋⇒東淞北台⇒比津が丘⇒久米⇒西原⇒日赤⇒松江駅, 【市営9法吉①】松江駅⇒西原⇒久米⇒比津が丘⇒東淞北台⇒石橋⇒日赤⇒松江駅, 【市営9法吉②】松江駅⇒石橋⇒東淞北台⇒はなうみ苑⇒比津が丘⇒法吉公民館, 【市営9法吉②】松江駅⇒石橋⇒東淞北台⇒はなうみ苑⇒法吉公民館⇒西原⇒日赤⇒松江駅, 【市営9法吉②】松江駅⇒石橋⇒東淞北台⇒比津が丘⇒法吉公民館⇒西原⇒日赤⇒松江駅, 【市営9法吉②】松江駅⇒西原⇒法吉公民館⇒はなうみ苑⇒東淞北台⇒石橋⇒日赤⇒松江駅, 【市営9法吉②】松江駅⇒西原⇒法吉公民館⇒比津が丘⇒東淞北台⇒石橋⇒日赤⇒松江駅"
天神町,一畑バス（株）,"【松江管内】万原線, 【松江管内】マリンプラザ線, 【松江管内】八雲線, 【松江管内】恵曇線, 【松江管内】御津線, 【松江管内】玉造線"
一畑口駅,出雲市,"平田生活バス　地合線, 平田生活バス　一畑薬師線, 平田生活バス　鹿園寺線"
朝日町,松江市,"【市営1川津①】県合同庁舎⇔相生⇔松江駅⇔北堀⇔あじさい団地, 【市営1川津①】県合同庁舎⇔相生⇔松江駅⇔北堀⇔川津, 【市営1川津②】県合同庁舎⇔相生⇔松江駅⇔北堀⇔平成ニュータウン, 【市営1川津③】かんべの里⇔相生⇔松江駅⇔北堀⇔川津, 【市営1川津④】市立病院⇔西の原⇔相生⇔松江駅⇔北堀⇔川津, 【市営1川津⑤】県合同庁舎⇔桧山⇔松江駅⇔北堀⇔川津, 【市営1川津⑥】平成町車庫⇔大庭⇔相生⇔松江駅⇔北堀⇔川津, 【市営1川津⑧】県合同庁舎⇒相生⇒松江駅⇒くにびき⇒川津, 【市営1川津⑫】松江記念病院⇔西の原⇔医療センター⇔相生⇔松江駅, 【市営2あじさい①】あじさい団地⇒北田⇒松江駅⇒駅南口⇒桧山⇒八重垣神社⇒平成町車庫⇒市立病院, 【市営2あじさい①】八重垣神社⇔桧山⇔駅南口⇔松江駅⇔北田⇔あじさい団地, 【市営2あじさい①】市立病院⇔八重垣神社⇔桧山⇔駅南口⇔松江駅⇔北田⇔あじさい団地, 【市営2あじさい①】平成町車庫⇔八重垣神社⇔桧山⇔駅南口⇔松江駅⇔北田⇔あじさい団地, 【市営2あじさい①】平成町車庫⇔南高校⇔桧山⇔駅南口⇔松江駅⇔北田⇔あじさい団地, 【市営2あじさい②】あじさい団地⇒養護学校⇒北田⇒松江駅⇒桧山⇒八重垣神社⇒平成町車庫, 【市営2あじさい②】市立病院⇔八重垣神社⇔桧山⇔松江駅⇔北田⇔養護学校⇔あじさい団地, 【市営3竹矢②】竹矢⇔東朝日⇔松江駅⇔市役所⇔温泉駅, 【市営3竹矢②】竹矢⇔東朝日⇔松江駅⇔市役所⇔温泉駅⇔福祉センター, 【市営3竹矢②】馬潟⇔竹矢⇔東朝日⇔松江駅⇔市役所⇔温泉駅⇔福祉センター, 【市営3竹矢③】竹矢⇔相生町入口⇔松江駅⇔市役所⇔温泉駅, 【市営4八束①】八束町⇒江島⇒八束町⇒松江駅⇒乃木駅⇒商業高⇒市立病院, 【市営4八束①】市立病院⇔商業高⇔乃木駅⇔松江駅⇔大海崎⇔八束町, 【市営4八束①】平成町車庫⇒商業高⇒乃木駅⇒松江駅⇒大海崎, 【市営4八束①】平成町車庫⇒商業高⇒乃木駅⇒松江駅⇒大海崎⇒八束町, 【市営4八束①】松江駅⇔女子高⇔大海崎⇔八束町, 【市営4八束②】八束町⇒上宇部尾⇒女子高⇒松江駅⇒乃木駅⇒商業高⇒市立病院, 【市営4八束②】八束町⇒上宇部尾⇒女子高⇒松江駅⇒乃木駅⇒商業高⇒平成町車庫, 【市営4八束②】八束町⇒江島⇒上宇部尾⇒松江駅⇒乃木駅⇒商業高⇒市立病院, 【市営4八束②】平成町車庫⇒商業高⇒乃木駅⇒松江駅, 【市営4八束②】平成町車庫⇒商業高⇒乃木駅⇒松江駅⇒上宇部尾⇒江島⇒八束町, 【市営4八束②】松江駅⇔県民会館⇔女子高⇔上宇部尾⇔八束町, 【市営5八重垣①】八重垣神社⇔虹⇔桧山⇔イオン⇔松江駅⇔市役所⇔温泉駅, 【市営5八重垣①】公園墓地⇔八重垣神社⇔桧山⇔イオン⇔松江駅⇔市役所⇔温泉駅, 【市営5八重垣②】八重垣神社⇒虹⇒桧山⇒駅南口⇒松江駅⇒北堀⇒淞北台団地, 【市営5八重垣②】八重垣神社⇔桧山⇔駅南口⇔松江駅⇔北堀⇔淞北台団地, 【市営5八重垣②】淞北台団地⇒附属前⇒北堀⇒松江駅, 【市営5八重垣③】淞北台団地⇒北堀⇒松江駅⇒イオン⇒桧山⇒八重垣神社⇒公園墓地, 【市営5八重垣⑤】かんべの里⇔八重垣神社⇔桧山⇔松江駅⇔宍道湖大橋⇔温泉駅, 【市営6病院①】市立病院⇔西の原⇔桧山⇔松江駅⇔日赤⇔温泉駅⇒福祉センター, 【市営6病院①】福祉センター⇒温泉駅⇒日赤⇒松江駅⇒桧山⇒西の原⇒県立大学, 【市営6病院②】平成町車庫⇒商業高⇒乃木駅⇒松江駅⇒県民会館⇒温泉駅, 【市営6病院②】温泉駅⇒県民会館⇒松江駅⇒乃木駅⇒商業高⇒市立病院, 【市営6病院⑤】市立病院⇔西の原⇔生協病院前⇔松江駅⇔日赤⇔温泉駅⇔福祉センター, 【市営6病院⑦】温泉駅⇒県民会館⇒松江駅⇒相生⇒西の原⇒商業高⇒平成町車庫, 【市営7北循環①】松江駅⇔くにびき⇔島根大学⇔春日南⇔温泉駅⇔県民会館⇔松江駅, 【市営7北循環②】松江駅⇔くにびき⇔島根大学⇔淞北台⇔温泉駅⇔県民会館⇔松江駅, 【市営7北循環③】松江駅⇔くにびき⇔島根大学⇔春日南⇔温泉駅⇔松江駅, 【市営7南循環①】市立病院⇔県立大学⇔県合庁⇔松江駅⇔美術館⇔乃木駅⇔市立病院, 【市営7南循環①】県立大学⇔県合同庁舎⇔松江駅⇔美術館⇔乃木駅⇔市立病院, 【市営7南循環②】市立病院⇒乃木駅⇒松江駅⇒県合同庁舎⇒県立大学⇒市立病院, 【市営7南循環②】市立病院⇒乃木駅⇒松江駅⇒県合同庁舎⇒県立大学（止）, 【市営8朝日ヶ丘①】平成町車庫⇔茶山⇔桧山⇔松江駅⇔朝日ヶ丘⇔授産センター, 【市営8朝日ヶ丘①】松江駅⇔温泉駅⇔朝日ヶ丘⇔授産センター, 【市営8朝日ヶ丘②】松江駅⇔温泉駅⇔朝日ヶ丘⇔運転免許センター, 【市営8朝日ヶ丘③】授産センター⇒温泉駅⇒松江駅, 【市営9法吉①】松江駅⇒石橋⇒東淞北台⇒比津が丘⇒久米⇒西原⇒日赤⇒松江駅, 【市営9法吉①】松江駅⇒西原⇒久米⇒比津が丘⇒東淞北台⇒石橋⇒日赤⇒松江駅, 【市営9法吉②】松江駅⇒石橋⇒東淞北台⇒はなうみ苑⇒法吉公民館⇒西原⇒日赤⇒松江駅, 【市営9法吉②】松江駅⇒石橋⇒東淞北台⇒比津が丘⇒法吉公民館⇒西原⇒日赤⇒松江駅, 【市営9法吉②】松江駅⇒西原⇒法吉公民館⇒はなうみ苑⇒東淞北台⇒石橋⇒日赤⇒松江駅, 【市営9法吉②】松江駅⇒西原⇒法吉公民館⇒比津が丘⇒東淞北台⇒石橋⇒日赤⇒松江駅, 【市営9法吉②】法吉公民館⇒比津が丘⇒はなうみ苑⇒東淞北台⇒石橋⇒日赤⇒松江駅"
朝日町,一畑バス（株）,"【松江管内】万原線, 【松江管内】マリンプラザ線, 【松江管内】八雲線, 【松江管内】恵曇線, 【松江管内】御津線, 【松江管内】玉造線, 【松江管内】大東線"
JR松江駅,日ノ丸ハイヤー（株）・松江一畑交通（株）,空港連絡バス（米子空港⇔松江駅）
JR松江駅,一畑バス（株）,"隠岐汽船接続バス　松江七類線, 隠岐汽船接続バス　松江境港線"
JR松江駅,松江一畑交通（株）,空港連絡バス出雲空港⇔松江線
寺町,松江市,"【市営1川津①】県合同庁舎⇔相生⇔松江駅⇔北堀⇔あじさい団地, 【市営1川津①】県合同庁舎⇔相生⇔松江駅⇔北堀⇔川津, 【市営1川津②】県合同庁舎⇔相生⇔松江駅⇔北堀⇔平成ニュータウン, 【市営1川津③】かんべの里⇔相生⇔松江駅⇔北堀⇔川津, 【市営1川津④】市立病院⇔西の原⇔相生⇔松江駅⇔北堀⇔川津, 【市営1川津⑤】県合同庁舎⇔桧山⇔松江駅⇔北堀⇔川津, 【市営1川津⑥】平成町車庫⇔大庭⇔相生⇔松江駅⇔北堀⇔川津, 【市営2あじさい①】あじさい団地⇒北田⇒松江駅⇒駅南口⇒桧山⇒八重垣神社⇒平成町車庫⇒市立病院, 【市営2あじさい①】八重垣神社⇔桧山⇔駅南口⇔松江駅⇔北田⇔あじさい団地, 【市営2あじさい①】市立病院⇔八重垣神社⇔桧山⇔駅南口⇔松江駅⇔北田⇔あじさい団地, 【市営2あじさい①】平成町車庫⇔八重垣神社⇔桧山⇔駅南口⇔松江駅⇔北田⇔あじさい団地, 【市営2あじさい①】平成町車庫⇔南高校⇔桧山⇔駅南口⇔松江駅⇔北田⇔あじさい団地, 【市営2あじさい②】あじさい団地⇒養護学校⇒北田⇒松江駅⇒桧山⇒八重垣神社⇒平成町車庫, 【市営2あじさい②】市立病院⇒墓地⇒八重垣神社⇒桧山⇒松江駅⇒北田⇒養護学校⇒あじさい団地, 【市営2あじさい②】市立病院⇔八重垣神社⇔桧山⇔松江駅⇔北田⇔養護学校⇔あじさい団地, 【市営3竹矢②】竹矢⇔東朝日⇔松江駅⇔市役所⇔温泉駅, 【市営3竹矢②】竹矢⇔東朝日⇔松江駅⇔市役所⇔温泉駅⇔福祉センター, 【市営3竹矢②】馬潟⇔竹矢⇔東朝日⇔松江駅⇔市役所⇔温泉駅⇔福祉センター, 【市営3竹矢③】竹矢⇔相生町入口⇔松江駅⇔市役所⇔温泉駅, 【市営3竹矢⑥】馬潟⇒相生町入口⇒京橋⇒市役所⇒温泉駅, 【市営4八束①】八束町⇒江島⇒八束町⇒松江駅⇒乃木駅⇒商業高⇒市立病院, 【市営4八束①】市立病院⇔商業高⇔乃木駅⇔松江駅⇔大海崎⇔八束町, 【市営4八束①】平成町車庫⇒商業高⇒乃木駅⇒松江駅⇒大海崎, 【市営4八束①】平成町車庫⇒商業高⇒乃木駅⇒松江駅⇒大海崎⇒八束町, 【市営4八束①】松江駅⇔女子高⇔大海崎⇔八束町, 【市営4八束②】八束町⇒上宇部尾⇒女子高⇒松江駅⇒乃木駅⇒商業高⇒市立病院, 【市営4八束②】八束町⇒上宇部尾⇒女子高⇒松江駅⇒乃木駅⇒商業高⇒平成町車庫, 【市営4八束②】八束町⇒江島⇒上宇部尾⇒松江駅⇒乃木駅⇒商業高⇒市立病院, 【市営4八束②】平成町車庫⇒商業高⇒乃木駅⇒松江駅, 【市営4八束②】平成町車庫⇒商業高⇒乃木駅⇒松江駅⇒上宇部尾⇒江島⇒八束町, 【市営4八束②】松江駅⇔県民会館⇔女子高⇔上宇部尾⇔八束町, 【市営5八重垣①】八重垣神社⇔虹⇔桧山⇔イオン⇔松江駅⇔市役所⇔温泉駅, 【市営5八重垣①】公園墓地⇔八重垣神社⇔桧山⇔イオン⇔松江駅⇔市役所⇔温泉駅, 【市営5八重垣②】八重垣神社⇒虹⇒桧山⇒駅南口⇒松江駅⇒北堀⇒淞北台団地, 【市営5八重垣②】八重垣神社⇔桧山⇔駅南口⇔松江駅⇔北堀⇔淞北台団地, 【市営5八重垣②】淞北台団地⇒附属前⇒北堀⇒松江駅, 【市営5八重垣③】淞北台団地⇒北堀⇒松江駅⇒イオン⇒桧山⇒八重垣神社⇒公園墓地, 【市営5八重垣⑤】かんべの里⇔八重垣神社⇔桧山⇔松江駅⇔宍道湖大橋⇔温泉駅, 【市営6病院②】平成町車庫⇒商業高⇒乃木駅⇒松江駅⇒県民会館⇒温泉駅, 【市営6病院②】温泉駅⇒県民会館⇒松江駅⇒乃木駅⇒商業高⇒市立病院, 【市営6病院⑥】西津田七丁目⇒松江駅⇒大橋⇒市役所⇒温泉駅, 【市営6病院⑦】温泉駅⇒県民会館⇒松江駅⇒相生⇒西の原⇒商業高⇒平成町車庫, 【市営7北循環①】松江駅⇔くにびき⇔島根大学⇔春日南⇔温泉駅⇔県民会館⇔松江駅, 【市営7北循環②】松江駅⇔くにびき⇔島根大学⇔淞北台⇔温泉駅⇔県民会館⇔松江駅, 【市営7北循環③】松江駅⇔くにびき⇔島根大学⇔春日南⇔温泉駅⇔松江駅, 【市営7南循環①】市立病院⇔県立大学⇔県合庁⇔松江駅⇔美術館⇔乃木駅⇔市立病院, 【市営7南循環①】県立大学⇔県合同庁舎⇔松江駅⇔美術館⇔乃木駅⇔市立病院, 【市営7南循環②】市立病院⇒乃木駅⇒松江駅⇒県合同庁舎⇒県立大学⇒市立病院, 【市営7南循環②】市立病院⇒乃木駅⇒松江駅⇒県合同庁舎⇒県立大学（止）, 【市営8朝日ヶ丘①】平成町車庫⇔茶山⇔桧山⇔松江駅⇔朝日ヶ丘⇔授産センター, 【市営8朝日ヶ丘①】松江駅⇔温泉駅⇔朝日ヶ丘⇔授産センター, 【市営8朝日ヶ丘②】松江駅⇔温泉駅⇔朝日ヶ丘⇔運転免許センター, 【市営8朝日ヶ丘③】平成町車庫⇒西の原⇒生協前⇒松江駅⇒授産センター, 【市営8朝日ヶ丘③】平成町車庫⇒西の原⇒生協前⇒松江駅⇒運転免許センター⇒授産センター, 【市営8朝日ヶ丘③】授産センター⇒温泉駅⇒松江駅, 【市営9法吉①】松江駅⇒石橋⇒東淞北台⇒比津が丘⇒久米⇒西原⇒日赤⇒松江駅, 【市営9法吉①】松江駅⇒西原⇒久米⇒比津が丘⇒東淞北台⇒石橋⇒日赤⇒松江駅, 【市営9法吉②】松江駅⇒石橋⇒東淞北台⇒はなうみ苑⇒比津が丘⇒法吉公民館, 【市営9法吉②】松江駅⇒石橋⇒東淞北台⇒はなうみ苑⇒法吉公民館⇒西原⇒日赤⇒松江駅, 【市営9法吉②】松江駅⇒石橋⇒東淞北台⇒比津が丘⇒法吉公民館⇒西原⇒日赤⇒松江駅, 【市営9法吉②】松江駅⇒西原⇒法吉公民館⇒はなうみ苑⇒東淞北台⇒石橋⇒日赤⇒松江駅, 【市営9法吉②】松江駅⇒西原⇒法吉公民館⇒比津が丘⇒東淞北台⇒石橋⇒日赤⇒松江駅"
寺町,一畑バス（株）,"【松江管内】万原線, 【松江管内】マリンプラザ線, 【松江管内】八雲線, 【松江管内】恵曇線, 【松江管内】御津線, 【松江管内】玉造線, 【松江管内】大東線"
宍道湖大橋南詰,松江市,"【市営5八重垣⑤】かんべの里⇔八重垣神社⇔桧山⇔松江駅⇔宍道湖大橋⇔温泉駅, 【市営7北循環①】松江駅⇔くにびき⇔島根大学⇔春日南⇔温泉駅⇔県民会館⇔松江駅, 【市営7北循環②】松江駅⇔くにびき⇔島根大学⇔淞北台⇔温泉駅⇔県民会館⇔松江駅, 【市営7北循環③】松江駅⇔くにびき⇔島根大学⇔春日南⇔温泉駅⇔松江駅"
イオン松江店前,松江市,"【市営3竹矢①】四季ヶ丘⇒くにびき⇒松江駅⇒東朝日⇒竹矢⇒馬潟, 【市営3竹矢①】竹矢⇔東朝日⇔松江駅⇔くにびき⇔四季ヶ丘, 【市営3竹矢②】竹矢⇔東朝日⇔松江駅⇔市役所⇔温泉駅, 【市営3竹矢②】竹矢⇔東朝日⇔松江駅⇔市役所⇔温泉駅⇔福祉センター, 【市営3竹矢②】馬潟⇔竹矢⇔東朝日⇔松江駅⇔市役所⇔温泉駅⇔福祉センター, 【市営5八重垣①】八重垣神社⇔虹⇔桧山⇔イオン⇔松江駅⇔市役所⇔温泉駅, 【市営5八重垣①】公園墓地⇔八重垣神社⇔桧山⇔イオン⇔松江駅⇔市役所⇔温泉駅, 【市営5八重垣③】淞北台団地⇒北堀⇒松江駅⇒イオン⇒桧山⇒八重垣神社⇒公園墓地, 【市営7南循環①】市立病院⇔県立大学⇔県合庁⇔松江駅⇔美術館⇔乃木駅⇔市立病院, 【市営7南循環①】県立大学⇔県合同庁舎⇔松江駅⇔美術館⇔乃木駅⇔市立病院, 【市営7南循環②】市立病院⇒乃木駅⇒松江駅⇒県合同庁舎⇒県立大学⇒市立病院, 【市営7南循環②】市立病院⇒乃木駅⇒松江駅⇒県合同庁舎⇒県立大学（止）"
イオン松江店前,一畑バス（株）,【松江管内】荒島線
天神町中央,松江市,"【市営0レイク】松江駅⇒松江城⇒小泉八雲⇒温泉駅⇒美術館⇒松江駅, 【市営4八束①】八束町⇒江島⇒八束町⇒松江駅⇒乃木駅⇒商業高⇒市立病院, 【市営4八束①】市立病院⇔商業高⇔乃木駅⇔松江駅⇔大海崎⇔八束町, 【市営4八束①】平成町車庫⇒商業高⇒乃木駅⇒松江駅⇒大海崎, 【市営4八束①】平成町車庫⇒商業高⇒乃木駅⇒松江駅⇒大海崎⇒八束町, 【市営4八束②】八束町⇒上宇部尾⇒女子高⇒松江駅⇒乃木駅⇒商業高⇒市立病院, 【市営4八束②】八束町⇒上宇部尾⇒女子高⇒松江駅⇒乃木駅⇒商業高⇒平成町車庫, 【市営4八束②】八束町⇒江島⇒上宇部尾⇒松江駅⇒乃木駅⇒商業高⇒市立病院, 【市営4八束②】平成町車庫⇒商業高⇒乃木駅⇒松江駅, 【市営4八束②】平成町車庫⇒商業高⇒乃木駅⇒松江駅⇒上宇部尾⇒江島⇒八束町, 【市営5八重垣⑤】かんべの里⇔八重垣神社⇔桧山⇔松江駅⇔宍道湖大橋⇔温泉駅, 【市営6病院②】平成町車庫⇒商業高⇒乃木駅⇒松江駅⇒県民会館⇒温泉駅, 【市営6病院②】温泉駅⇒県民会館⇒松江駅⇒乃木駅⇒商業高⇒市立病院, 【市営7北循環①】松江駅⇔くにびき⇔島根大学⇔春日南⇔温泉駅⇔県民会館⇔松江駅, 【市営7北循環②】松江駅⇔くにびき⇔島根大学⇔淞北台⇔温泉駅⇔県民会館⇔松江駅, 【市営7北循環③】松江駅⇔くにびき⇔島根大学⇔春日南⇔温泉駅⇔松江駅, 【市営7南循環①】市立病院⇔県立大学⇔県合庁⇔松江駅⇔美術館⇔乃木駅⇔市立病院, 【市営7南循環①】県立大学⇔県合同庁舎⇔松江駅⇔美術館⇔乃木駅⇔市立病院, 【市営7南循環②】市立病院⇒乃木駅⇒松江駅⇒県合同庁舎⇒県立大学⇒市立病院, 【市営7南循環②】市立病院⇒乃木駅⇒松江駅⇒県合同庁舎⇒県立大学（止）"
天神町中央,一畑バス（株）,"【松江管内】玉造線, 【松江管内】大東線"
大井神社前,松江市,"【市営4八束①】八束町⇒江島⇒八束町⇒松江駅⇒乃木駅⇒商業高⇒市立病院, 【市営4八束①】市立病院⇔商業高⇔乃木駅⇔松江駅⇔大海崎⇔八束町, 【市営4八束①】平成町車庫⇒商業高⇒乃木駅⇒松江駅⇒大海崎, 【市営4八束①】平成町車庫⇒商業高⇒乃木駅⇒松江駅⇒大海崎⇒八束町, 【市営4八束①】松江駅⇔女子高⇔大海崎⇔八束町"
灘町,松江市,"【市営0レイク】松江駅⇒松江城⇒小泉八雲⇒温泉駅⇒美術館⇒松江駅, 【市営4八束①】八束町⇒江島⇒八束町⇒松江駅⇒乃木駅⇒商業高⇒市立病院, 【市営4八束①】市立病院⇔商業高⇔乃木駅⇔松江駅⇔大海崎⇔八束町, 【市営4八束①】平成町車庫⇒商業高⇒乃木駅⇒松江駅⇒大海崎, 【市営4八束①】平成町車庫⇒商業高⇒乃木駅⇒松江駅⇒大海崎⇒八束町, 【市営4八束②】八束町⇒上宇部尾⇒女子高⇒松江駅⇒乃木駅⇒商業高⇒市立病院, 【市営4八束②】八束町⇒上宇部尾⇒女子高⇒松江駅⇒乃木駅⇒商業高⇒平成町車庫, 【市営4八束②】八束町⇒江島⇒上宇部尾⇒松江駅⇒乃木駅⇒商業高⇒市立病院, 【市営4八束②】平成町車庫⇒商業高⇒乃木駅⇒松江駅, 【市営4八束②】平成町車庫⇒商業高⇒乃木駅⇒松江駅⇒上宇部尾⇒江島⇒八束町, 【市営5八重垣⑤】かんべの里⇔八重垣神社⇔桧山⇔松江駅⇔宍道湖大橋⇔温泉駅, 【市営6病院②】平成町車庫⇒商業高⇒乃木駅⇒松江駅⇒県民会館⇒温泉駅, 【市営6病院②】温泉駅⇒県民会館⇒松江駅⇒乃木駅⇒商業高⇒市立病院, 【市営7北循環①】松江駅⇔くにびき⇔島根大学⇔春日南⇔温泉駅⇔県民会館⇔松江駅, 【市営7北循環②】松江駅⇔くにびき⇔島根大学⇔淞北台⇔温泉駅⇔県民会館⇔松江駅, 【市営7北循環③】松江駅⇔くにびき⇔島根大学⇔春日南⇔温泉駅⇔松江駅, 【市営7南循環①】市立病院⇔県立大学⇔県合庁⇔松江駅⇔美術館⇔乃木駅⇔市立病院, 【市営7南循環①】県立大学⇔県合同庁舎⇔松江駅⇔美術館⇔乃木駅⇔市立病院, 【市営7南循環②】市立病院⇒乃木駅⇒松江駅⇒県合同庁舎⇒県立大学⇒市立病院, 【市営7南循環②】市立病院⇒乃木駅⇒松江駅⇒県合同庁舎⇒県立大学（止）"
松江駅南口,松江市,"【市営1川津⑤】県合同庁舎⇔桧山⇔松江駅⇔北堀⇔川津, 【市営2あじさい①】あじさい団地⇒北田⇒松江駅⇒駅南口⇒桧山⇒八重垣神社⇒平成町車庫⇒市立病院, 【市営2あじさい①】八重垣神社⇔桧山⇔駅南口⇔松江駅⇔北田⇔あじさい団地, 【市営2あじさい①】市立病院⇔八重垣神社⇔桧山⇔駅南口⇔松江駅⇔北田⇔あじさい団地, 【市営2あじさい①】平成町車庫⇔八重垣神社⇔桧山⇔駅南口⇔松江駅⇔北田⇔あじさい団地, 【市営2あじさい①】平成町車庫⇔南高校⇔桧山⇔駅南口⇔松江駅⇔北田⇔あじさい団地, 【市営2あじさい②】あじさい団地⇒養護学校⇒北田⇒松江駅⇒桧山⇒八重垣神社⇒平成町車庫, 【市営2あじさい②】市立病院⇒墓地⇒八重垣神社⇒桧山⇒松江駅⇒北田⇒養護学校⇒あじさい団地, 【市営2あじさい②】市立病院⇔八重垣神社⇔桧山⇔松江駅⇔北田⇔養護学校⇔あじさい団地, 【市営3竹矢⑤】竹矢⇒東朝日⇒松江駅⇒くにびき⇒島根大学⇒東高校, 【市営5八重垣②】八重垣神社⇒虹⇒桧山⇒駅南口⇒松江駅⇒北堀⇒淞北台団地, 【市営5八重垣②】八重垣神社⇔桧山⇔駅南口⇔松江駅⇔北堀⇔淞北台団地, 【市営5八重垣④】八重垣神社⇒桧山⇒松江駅⇒くにびき⇒ソフトビジネスパーク, 【市営5八重垣④】八重垣神社⇔虹⇔桧山⇔松江駅⇔くにびき⇔ソフトビジネスパーク, 【市営5八重垣⑤】かんべの里⇔八重垣神社⇔桧山⇔松江駅⇔宍道湖大橋⇔温泉駅, 【市営6病院①】市立病院⇔西の原⇔桧山⇔松江駅⇔日赤⇔温泉駅⇒福祉センター, 【市営6病院①】福祉センター⇒温泉駅⇒日赤⇒松江駅⇒桧山⇒西の原⇒県立大学, 【市営6病院③】市立病院⇔西の原⇔桧山⇔松江駅⇔くにびき⇔ソフトビジネスパーク, 【市営6病院③】平成町車庫⇒西の原⇒生協前⇒松江駅⇒くにびき⇒ソフトビジネスパーク, 【市営6病院③】平成町車庫⇔西の原⇔桧山⇔松江駅⇔くにびき⇔ソフトビジネスパーク, 【市営6病院⑤】市立病院⇔西の原⇔生協病院前⇔松江駅⇔日赤⇔温泉駅⇔福祉センター, 【市営6病院⑥】西津田七丁目⇒松江駅⇒大橋⇒市役所⇒温泉駅, 【市営8朝日ヶ丘①】平成町車庫⇔茶山⇔桧山⇔松江駅⇔朝日ヶ丘⇔授産センター, 【市営8朝日ヶ丘③】平成町車庫⇒西の原⇒生協前⇒松江駅⇒授産センター, 【市営8朝日ヶ丘③】平成町車庫⇒西の原⇒生協前⇒松江駅⇒運転免許センター⇒授産センター"
松江駅南口,一畑バス（株）,【松江管内】八雲線
坂坊,出雲市,平田生活バス　塩津線
朝酌郵便局前,松江市,"【市営4八束①】八束町⇒江島⇒八束町⇒松江駅⇒乃木駅⇒商業高⇒市立病院, 【市営4八束①】市立病院⇔商業高⇔乃木駅⇔松江駅⇔大海崎⇔八束町, 【市営4八束①】平成町車庫⇒商業高⇒乃木駅⇒松江駅⇒大海崎, 【市営4八束①】平成町車庫⇒商業高⇒乃木駅⇒松江駅⇒大海崎⇒八束町, 【市営4八束①】松江駅⇔女子高⇔大海崎⇔八束町, 【市営4八束②】八束町⇒上宇部尾⇒女子高⇒松江駅⇒乃木駅⇒商業高⇒市立病院, 【市営4八束②】八束町⇒上宇部尾⇒女子高⇒松江駅⇒乃木駅⇒商業高⇒平成町車庫, 【市営4八束②】八束町⇒江島⇒上宇部尾⇒松江駅⇒乃木駅⇒商業高⇒市立病院, 【市営4八束②】平成町車庫⇒商業高⇒乃木駅⇒松江駅⇒上宇部尾⇒江島⇒八束町, 【市営4八束②】松江駅⇔県民会館⇔女子高⇔上宇部尾⇔八束町"
十六島集会所,出雲市,平田生活バス　北浜線
下川橋,出雲市,平田生活バス　地合線
作橋,松江市,"【市営1川津①】県合同庁舎⇔相生⇔松江駅⇔北堀⇔あじさい団地, 【市営1川津①】県合同庁舎⇔相生⇔松江駅⇔北堀⇔川津, 【市営1川津②】県合同庁舎⇔相生⇔松江駅⇔北堀⇔平成ニュータウン, 【市営1川津③】かんべの里⇔相生⇔松江駅⇔北堀⇔川津, 【市営1川津④】市立病院⇔西の原⇔相生⇔松江駅⇔北堀⇔川津, 【市営1川津⑥】平成町車庫⇔大庭⇔相生⇔松江駅⇔北堀⇔川津, 【市営1川津⑧】県合同庁舎⇒相生⇒松江駅⇒くにびき⇒川津, 【市営1川津⑨】川津⇒くにびき⇒松江駅⇒相生⇒南高校⇒公園墓地⇒平成町車庫, 【市営1川津⑩】＜深夜バス＞松江駅⇒相生⇒大庭⇒平成町車庫, 【市営1川津⑫】松江記念病院⇔西の原⇔医療センター⇔相生⇔松江駅, 【市営3竹矢③】竹矢⇔相生町入口⇔松江駅⇔市役所⇔温泉駅, 【市営3竹矢⑥】馬潟⇒相生町入口⇒京橋⇒市役所⇒温泉駅, 【市営6病院⑦】温泉駅⇒県民会館⇒松江駅⇒相生⇒西の原⇒商業高⇒平成町車庫"
作橋,一畑バス（株）,【松江管内】八雲線
東朝日町,松江市,"【市営3竹矢①】四季ヶ丘⇒くにびき⇒松江駅⇒東朝日⇒竹矢⇒馬潟, 【市営3竹矢①】竹矢⇔東朝日⇔松江駅⇔くにびき⇔四季ヶ丘, 【市営3竹矢②】竹矢⇔東朝日⇔松江駅⇔市役所⇔温泉駅, 【市営3竹矢②】竹矢⇔東朝日⇔松江駅⇔市役所⇔温泉駅⇔福祉センター, 【市営3竹矢②】馬潟⇔竹矢⇔東朝日⇔松江駅⇔市役所⇔温泉駅⇔福祉センター"
いこい家小浜前,松江市,"【市営3竹矢①】四季ヶ丘⇒くにびき⇒松江駅⇒東朝日⇒竹矢⇒馬潟, 【市営3竹矢①】竹矢⇔東朝日⇔松江駅⇔くにびき⇔四季ヶ丘, 【市営3竹矢②】竹矢⇔東朝日⇔松江駅⇔市役所⇔温泉駅, 【市営3竹矢②】竹矢⇔東朝日⇔松江駅⇔市役所⇔温泉駅⇔福祉センター, 【市営3竹矢②】馬潟⇔竹矢⇔東朝日⇔松江駅⇔市役所⇔温泉駅⇔福祉センター"
大井,松江市,"【市営4八束①】八束町⇒江島⇒八束町⇒松江駅⇒乃木駅⇒商業高⇒市立病院, 【市営4八束①】市立病院⇔商業高⇔乃木駅⇔松江駅⇔大海崎⇔八束町, 【市営4八束①】平成町車庫⇒商業高⇒乃木駅⇒松江駅⇒大海崎, 【市営4八束①】平成町車庫⇒商業高⇒乃木駅⇒松江駅⇒大海崎⇒八束町, 【市営4八束①】松江駅⇔女子高⇔大海崎⇔八束町"
東朝日町宮の沖,松江市,"【市営3竹矢①】四季ヶ丘⇒くにびき⇒松江駅⇒東朝日⇒竹矢⇒馬潟, 【市営3竹矢①】竹矢⇔東朝日⇔松江駅⇔くにびき⇔四季ヶ丘, 【市営3竹矢②】竹矢⇔東朝日⇔松江駅⇔市役所⇔温泉駅, 【市営3竹矢②】竹矢⇔東朝日⇔松江駅⇔市役所⇔温泉駅⇔福祉センター, 【市営3竹矢②】馬潟⇔竹矢⇔東朝日⇔松江駅⇔市役所⇔温泉駅⇔福祉センター"
三中前,松江市,"【市営3竹矢①】四季ヶ丘⇒くにびき⇒松江駅⇒東朝日⇒竹矢⇒馬潟, 【市営3竹矢①】竹矢⇔東朝日⇔松江駅⇔くにびき⇔四季ヶ丘, 【市営3竹矢②】竹矢⇔東朝日⇔松江駅⇔市役所⇔温泉駅, 【市営3竹矢②】竹矢⇔東朝日⇔松江駅⇔市役所⇔温泉駅⇔福祉センター, 【市営3竹矢②】馬潟⇔竹矢⇔東朝日⇔松江駅⇔市役所⇔温泉駅⇔福祉センター"
朝日橋,松江市,"【市営5八重垣①】八重垣神社⇔虹⇔桧山⇔イオン⇔松江駅⇔市役所⇔温泉駅, 【市営5八重垣①】公園墓地⇔八重垣神社⇔桧山⇔イオン⇔松江駅⇔市役所⇔温泉駅, 【市営5八重垣③】淞北台団地⇒北堀⇒松江駅⇒イオン⇒桧山⇒八重垣神社⇒公園墓地, 【市営7南循環①】市立病院⇔県立大学⇔県合庁⇔松江駅⇔美術館⇔乃木駅⇔市立病院, 【市営7南循環①】県立大学⇔県合同庁舎⇔松江駅⇔美術館⇔乃木駅⇔市立病院, 【市営7南循環②】市立病院⇒乃木駅⇒松江駅⇒県合同庁舎⇒県立大学⇒市立病院, 【市営7南循環②】市立病院⇒乃木駅⇒松江駅⇒県合同庁舎⇒県立大学（止）"
朝日橋,一畑バス（株）,【松江管内】荒島線
新小浜橋,松江市,"【市営3竹矢①】四季ヶ丘⇒くにびき⇒松江駅⇒東朝日⇒竹矢⇒馬潟, 【市営3竹矢①】竹矢⇔東朝日⇔松江駅⇔くにびき⇔四季ヶ丘, 【市営3竹矢②】竹矢⇔東朝日⇔松江駅⇔市役所⇔温泉駅, 【市営3竹矢②】竹矢⇔東朝日⇔松江駅⇔市役所⇔温泉駅⇔福祉センター, 【市営3竹矢②】馬潟⇔竹矢⇔東朝日⇔松江駅⇔市役所⇔温泉駅⇔福祉センター"
天満宮前,松江市,"【市営1川津⑦】県合同庁舎⇒相生⇒竪町⇒北堀⇒川津, 【市営6病院④】市立病院⇔乃木駅⇔浜乃木⇔竪町⇔大橋⇔内中原小⇔温泉駅"
天満宮前,一畑バス（株）,"【松江管内】玉造線, 【松江管内】大東線"
若葉町入口,出雲市,"平田生活バス　地合線, 平田生活バス　鹿園寺線"
界橋,松江市,"【市営1川津⑤】県合同庁舎⇔桧山⇔松江駅⇔北堀⇔川津, 【市営2あじさい①】あじさい団地⇒北田⇒松江駅⇒駅南口⇒桧山⇒八重垣神社⇒平成町車庫⇒市立病院, 【市営2あじさい①】八重垣神社⇔桧山⇔駅南口⇔松江駅⇔北田⇔あじさい団地, 【市営2あじさい①】市立病院⇔八重垣神社⇔桧山⇔駅南口⇔松江駅⇔北田⇔あじさい団地, 【市営2あじさい①】平成町車庫⇔八重垣神社⇔桧山⇔駅南口⇔松江駅⇔北田⇔あじさい団地, 【市営2あじさい①】平成町車庫⇔南高校⇔桧山⇔駅南口⇔松江駅⇔北田⇔あじさい団地, 【市営2あじさい②】あじさい団地⇒養護学校⇒北田⇒松江駅⇒桧山⇒八重垣神社⇒平成町車庫, 【市営2あじさい②】市立病院⇒墓地⇒八重垣神社⇒桧山⇒松江駅⇒北田⇒養護学校⇒あじさい団地, 【市営2あじさい②】市立病院⇔八重垣神社⇔桧山⇔松江駅⇔北田⇔養護学校⇔あじさい団地, 【市営3竹矢⑤】竹矢⇒東朝日⇒松江駅⇒くにびき⇒島根大学⇒東高校, 【市営5八重垣②】八重垣神社⇒虹⇒桧山⇒駅南口⇒松江駅⇒北堀⇒淞北台団地, 【市営5八重垣②】八重垣神社⇔桧山⇔駅南口⇔松江駅⇔北堀⇔淞北台団地, 【市営5八重垣④】八重垣神社⇒桧山⇒松江駅⇒くにびき⇒ソフトビジネスパーク, 【市営5八重垣④】八重垣神社⇔虹⇔桧山⇔松江駅⇔くにびき⇔ソフトビジネスパーク, 【市営5八重垣⑤】かんべの里⇔八重垣神社⇔桧山⇔松江駅⇔宍道湖大橋⇔温泉駅, 【市営6病院①】市立病院⇔西の原⇔桧山⇔松江駅⇔日赤⇔温泉駅⇒福祉センター, 【市営6病院①】福祉センター⇒温泉駅⇒日赤⇒松江駅⇒桧山⇒西の原⇒県立大学, 【市営6病院③】市立病院⇔西の原⇔桧山⇔松江駅⇔くにびき⇔ソフトビジネスパーク, 【市営6病院③】平成町車庫⇒西の原⇒生協前⇒松江駅⇒くにびき⇒ソフトビジネスパーク, 【市営6病院③】平成町車庫⇔西の原⇔桧山⇔松江駅⇔くにびき⇔ソフトビジネスパーク, 【市営6病院⑤】市立病院⇔西の原⇔生協病院前⇔松江駅⇔日赤⇔温泉駅⇔福祉センター, 【市営6病院⑥】西津田七丁目⇒松江駅⇒大橋⇒市役所⇒温泉駅, 【市営8朝日ヶ丘①】平成町車庫⇔茶山⇔桧山⇔松江駅⇔朝日ヶ丘⇔授産センター, 【市営8朝日ヶ丘③】平成町車庫⇒西の原⇒生協前⇒松江駅⇒授産センター, 【市営8朝日ヶ丘③】平成町車庫⇒西の原⇒生協前⇒松江駅⇒運転免許センター⇒授産センター"
界橋,一畑バス（株）,【松江管内】八雲線
久多見下,出雲市,平田生活バス　塩津線
北浜波止場,出雲市,平田生活バス　北浜線
るんびにぃ苑,出雲市,平田生活バス　鹿園寺線
県立美術館前,松江市,"【市営4八束①】八束町⇒江島⇒八束町⇒松江駅⇒乃木駅⇒商業高⇒市立病院, 【市営4八束①】市立病院⇔商業高⇔乃木駅⇔松江駅⇔大海崎⇔八束町, 【市営4八束②】八束町⇒上宇部尾⇒女子高⇒松江駅⇒乃木駅⇒商業高⇒市立病院, 【市営4八束②】八束町⇒上宇部尾⇒女子高⇒松江駅⇒乃木駅⇒商業高⇒平成町車庫, 【市営4八束②】八束町⇒江島⇒上宇部尾⇒松江駅⇒乃木駅⇒商業高⇒市立病院, 【市営4八束②】平成町車庫⇒商業高⇒乃木駅⇒松江駅, 【市営4八束②】平成町車庫⇒商業高⇒乃木駅⇒松江駅⇒上宇部尾⇒江島⇒八束町, 【市営6病院②】温泉駅⇒県民会館⇒松江駅⇒乃木駅⇒商業高⇒市立病院, 【市営7南循環①】市立病院⇔県立大学⇔県合庁⇔松江駅⇔美術館⇔乃木駅⇔市立病院, 【市営7南循環①】県立大学⇔県合同庁舎⇔松江駅⇔美術館⇔乃木駅⇔市立病院"
県立美術館,松江市,"【市営0レイク】松江駅⇒松江城⇒小泉八雲⇒温泉駅⇒夕日公園⇒美術館⇒松江駅, 【市営0レイク】松江駅⇒松江城⇒小泉八雲⇒温泉駅⇒美術館⇒松江駅"
津田小学校入口,松江市,"【市営3竹矢①】四季ヶ丘⇒くにびき⇒松江駅⇒東朝日⇒竹矢⇒馬潟, 【市営3竹矢①】竹矢⇔東朝日⇔松江駅⇔くにびき⇔四季ヶ丘, 【市営3竹矢②】竹矢⇔東朝日⇔松江駅⇔市役所⇔温泉駅, 【市営3竹矢②】竹矢⇔東朝日⇔松江駅⇔市役所⇔温泉駅⇔福祉センター, 【市営3竹矢②】馬潟⇔竹矢⇔東朝日⇔松江駅⇔市役所⇔温泉駅⇔福祉センター, 【市営3竹矢③】竹矢⇔相生町入口⇔松江駅⇔市役所⇔温泉駅, 【市営3竹矢④】市立病院⇒南高校⇒桧山⇒竹矢, 【市営3竹矢④】竹矢⇒桧山⇒南高校⇒平成町車庫⇒市立病院, 【市営3竹矢⑤】竹矢⇒東朝日⇒松江駅⇒くにびき⇒島根大学⇒東高校, 【市営3竹矢⑥】馬潟⇒相生町入口⇒京橋⇒市役所⇒温泉駅, 【市営7南循環①】市立病院⇔県立大学⇔県合庁⇔松江駅⇔美術館⇔乃木駅⇔市立病院, 【市営7南循環①】県立大学⇔県合同庁舎⇔松江駅⇔美術館⇔乃木駅⇔市立病院, 【市営7南循環②】市立病院⇒乃木駅⇒松江駅⇒県合同庁舎⇒県立大学⇒市立病院, 【市営7南循環②】市立病院⇒乃木駅⇒松江駅⇒県合同庁舎⇒県立大学（止）"
津田小学校入口,一畑バス（株）,【松江管内】荒島線
津田明神入口,松江市,"【市営3竹矢③】竹矢⇔相生町入口⇔松江駅⇔市役所⇔温泉駅, 【市営3竹矢④】市立病院⇒南高校⇒桧山⇒竹矢, 【市営3竹矢④】竹矢⇒桧山⇒南高校⇒平成町車庫⇒市立病院, 【市営3竹矢⑤】竹矢⇒東朝日⇒松江駅⇒くにびき⇒島根大学⇒東高校, 【市営3竹矢⑥】馬潟⇒相生町入口⇒京橋⇒市役所⇒温泉駅, 【市営7南循環①】市立病院⇔県立大学⇔県合庁⇔松江駅⇔美術館⇔乃木駅⇔市立病院, 【市営7南循環①】県立大学⇔県合同庁舎⇔松江駅⇔美術館⇔乃木駅⇔市立病院, 【市営7南循環②】市立病院⇒乃木駅⇒松江駅⇒県合同庁舎⇒県立大学⇒市立病院, 【市営7南循環②】市立病院⇒乃木駅⇒松江駅⇒県合同庁舎⇒県立大学（止）"
津田明神入口,一畑バス（株）,【松江管内】荒島線
相生町入口,松江市,"【市営1川津①】県合同庁舎⇔相生⇔松江駅⇔北堀⇔あじさい団地, 【市営1川津①】県合同庁舎⇔相生⇔松江駅⇔北堀⇔川津, 【市営1川津②】県合同庁舎⇔相生⇔松江駅⇔北堀⇔平成ニュータウン, 【市営1川津③】かんべの里⇔相生⇔松江駅⇔北堀⇔川津, 【市営1川津④】市立病院⇔西の原⇔相生⇔松江駅⇔北堀⇔川津, 【市営1川津⑥】平成町車庫⇔大庭⇔相生⇔松江駅⇔北堀⇔川津, 【市営1川津⑧】県合同庁舎⇒相生⇒松江駅⇒くにびき⇒川津, 【市営1川津⑨】川津⇒くにびき⇒松江駅⇒相生⇒南高校⇒公園墓地⇒平成町車庫, 【市営1川津⑩】＜深夜バス＞松江駅⇒相生⇒大庭⇒平成町車庫, 【市営1川津⑫】松江記念病院⇔西の原⇔医療センター⇔相生⇔松江駅, 【市営3竹矢③】竹矢⇔相生町入口⇔松江駅⇔市役所⇔温泉駅, 【市営3竹矢⑥】馬潟⇒相生町入口⇒京橋⇒市役所⇒温泉駅, 【市営6病院⑦】温泉駅⇒県民会館⇒松江駅⇒相生⇒西の原⇒商業高⇒平成町車庫"
相生町入口,一畑バス（株）,【松江管内】八雲線
竪町,松江市,"【市営1川津⑦】県合同庁舎⇒相生⇒竪町⇒北堀⇒川津, 【市営6病院④】市立病院⇔乃木駅⇔浜乃木⇔竪町⇔大橋⇔内中原小⇔温泉駅"
竪町,一畑バス（株）,"【松江管内】玉造線, 【松江管内】大東線"
開運稲荷前,松江市,"【市営3竹矢③】竹矢⇔相生町入口⇔松江駅⇔市役所⇔温泉駅, 【市営3竹矢④】市立病院⇒南高校⇒桧山⇒竹矢, 【市営3竹矢④】竹矢⇒桧山⇒南高校⇒平成町車庫⇒市立病院, 【市営3竹矢⑤】竹矢⇒東朝日⇒松江駅⇒くにびき⇒島根大学⇒東高校, 【市営3竹矢⑥】馬潟⇒相生町入口⇒京橋⇒市役所⇒温泉駅, 【市営7南循環①】市立病院⇔県立大学⇔県合庁⇔松江駅⇔美術館⇔乃木駅⇔市立病院, 【市営7南循環①】県立大学⇔県合同庁舎⇔松江駅⇔美術館⇔乃木駅⇔市立病院, 【市営7南循環②】市立病院⇒乃木駅⇒松江駅⇒県合同庁舎⇒県立大学⇒市立病院, 【市営7南循環②】市立病院⇒乃木駅⇒松江駅⇒県合同庁舎⇒県立大学（止）"
開運稲荷前,一畑バス（株）,【松江管内】荒島線
岩汐,松江市,"【市営4八束①】八束町⇒江島⇒八束町⇒松江駅⇒乃木駅⇒商業高⇒市立病院, 【市営4八束①】市立病院⇔商業高⇔乃木駅⇔松江駅⇔大海崎⇔八束町, 【市営4八束①】平成町車庫⇒商業高⇒乃木駅⇒松江駅⇒大海崎, 【市営4八束①】平成町車庫⇒商業高⇒乃木駅⇒松江駅⇒大海崎⇒八束町, 【市営4八束①】松江駅⇔女子高⇔大海崎⇔八束町"
檜山コミュニティセンター,出雲市,平田生活バス　鹿園寺線
文化センター東入口,松江市,"【市営3竹矢③】竹矢⇔相生町入口⇔松江駅⇔市役所⇔温泉駅, 【市営3竹矢④】市立病院⇒南高校⇒桧山⇒竹矢, 【市営3竹矢④】竹矢⇒桧山⇒南高校⇒平成町車庫⇒市立病院, 【市営3竹矢⑤】竹矢⇒東朝日⇒松江駅⇒くにびき⇒島根大学⇒東高校, 【市営3竹矢⑥】馬潟⇒相生町入口⇒京橋⇒市役所⇒温泉駅, 【市営7南循環①】市立病院⇔県立大学⇔県合庁⇔松江駅⇔美術館⇔乃木駅⇔市立病院, 【市営7南循環①】県立大学⇔県合同庁舎⇔松江駅⇔美術館⇔乃木駅⇔市立病院, 【市営7南循環②】市立病院⇒乃木駅⇒松江駅⇒県合同庁舎⇒県立大学⇒市立病院, 【市営7南循環②】市立病院⇒乃木駅⇒松江駅⇒県合同庁舎⇒県立大学（止）"
文化センター東入口,一畑バス（株）,【松江管内】荒島線
文化センター入口,松江市,"【市営3竹矢③】竹矢⇔相生町入口⇔松江駅⇔市役所⇔温泉駅, 【市営3竹矢④】市立病院⇒南高校⇒桧山⇒竹矢, 【市営3竹矢④】竹矢⇒桧山⇒南高校⇒平成町車庫⇒市立病院, 【市営3竹矢⑤】竹矢⇒東朝日⇒松江駅⇒くにびき⇒島根大学⇒東高校, 【市営3竹矢⑥】馬潟⇒相生町入口⇒京橋⇒市役所⇒温泉駅, 【市営5八重垣①】八重垣神社⇔虹⇔桧山⇔イオン⇔松江駅⇔市役所⇔温泉駅, 【市営5八重垣①】公園墓地⇔八重垣神社⇔桧山⇔イオン⇔松江駅⇔市役所⇔温泉駅"
横浜町,松江市,【市営6病院④】市立病院⇔乃木駅⇔浜乃木⇔竪町⇔大橋⇔内中原小⇔温泉駅
横浜町,一畑バス（株）,"【松江管内】玉造線, 【松江管内】大東線"
雑賀三番街,松江市,【市営1川津⑦】県合同庁舎⇒相生⇒竪町⇒北堀⇒川津
売豆紀丁入口,松江市,"【市営3竹矢③】竹矢⇔相生町入口⇔松江駅⇔市役所⇔温泉駅, 【市営3竹矢⑥】馬潟⇒相生町入口⇒京橋⇒市役所⇒温泉駅"
多井,出雲市,平田生活バス　北浜線
津田小学校前,松江市,"【市営7南循環①】市立病院⇔県立大学⇔県合庁⇔松江駅⇔美術館⇔乃木駅⇔市立病院, 【市営7南循環①】県立大学⇔県合同庁舎⇔松江駅⇔美術館⇔乃木駅⇔市立病院, 【市営7南循環②】市立病院⇒乃木駅⇒松江駅⇒県合同庁舎⇒県立大学⇒市立病院, 【市営7南循環②】市立病院⇒乃木駅⇒松江駅⇒県合同庁舎⇒県立大学（止）"
美月,松江市,"【市営1川津⑤】県合同庁舎⇔桧山⇔松江駅⇔北堀⇔川津, 【市営2あじさい①】あじさい団地⇒北田⇒松江駅⇒駅南口⇒桧山⇒八重垣神社⇒平成町車庫⇒市立病院, 【市営2あじさい①】八重垣神社⇔桧山⇔駅南口⇔松江駅⇔北田⇔あじさい団地, 【市営2あじさい①】市立病院⇔八重垣神社⇔桧山⇔駅南口⇔松江駅⇔北田⇔あじさい団地, 【市営2あじさい①】平成町車庫⇔八重垣神社⇔桧山⇔駅南口⇔松江駅⇔北田⇔あじさい団地, 【市営2あじさい①】平成町車庫⇔南高校⇔桧山⇔駅南口⇔松江駅⇔北田⇔あじさい団地, 【市営2あじさい②】あじさい団地⇒養護学校⇒北田⇒松江駅⇒桧山⇒八重垣神社⇒平成町車庫, 【市営2あじさい②】市立病院⇒墓地⇒八重垣神社⇒桧山⇒松江駅⇒北田⇒養護学校⇒あじさい団地, 【市営2あじさい②】市立病院⇔八重垣神社⇔桧山⇔松江駅⇔北田⇔養護学校⇔あじさい団地, 【市営3竹矢④】市立病院⇒南高校⇒桧山⇒竹矢, 【市営3竹矢④】竹矢⇒桧山⇒南高校⇒平成町車庫⇒市立病院, 【市営5八重垣①】八重垣神社⇔虹⇔桧山⇔イオン⇔松江駅⇔市役所⇔温泉駅, 【市営5八重垣①】公園墓地⇔八重垣神社⇔桧山⇔イオン⇔松江駅⇔市役所⇔温泉駅, 【市営5八重垣②】八重垣神社⇒虹⇒桧山⇒駅南口⇒松江駅⇒北堀⇒淞北台団地, 【市営5八重垣②】八重垣神社⇔桧山⇔駅南口⇔松江駅⇔北堀⇔淞北台団地, 【市営5八重垣④】八重垣神社⇒桧山⇒松江駅⇒くにびき⇒ソフトビジネスパーク, 【市営5八重垣④】八重垣神社⇔虹⇔桧山⇔松江駅⇔くにびき⇔ソフトビジネスパーク, 【市営5八重垣⑤】かんべの里⇔八重垣神社⇔桧山⇔松江駅⇔宍道湖大橋⇔温泉駅, 【市営6病院①】市立病院⇔西の原⇔桧山⇔松江駅⇔日赤⇔温泉駅⇒福祉センター, 【市営6病院①】福祉センター⇒温泉駅⇒日赤⇒松江駅⇒桧山⇒西の原⇒県立大学, 【市営6病院③】市立病院⇔西の原⇔桧山⇔松江駅⇔くにびき⇔ソフトビジネスパーク, 【市営6病院③】平成町車庫⇒西の原⇒生協前⇒松江駅⇒くにびき⇒ソフトビジネスパーク, 【市営6病院③】平成町車庫⇔西の原⇔桧山⇔松江駅⇔くにびき⇔ソフトビジネスパーク, 【市営6病院⑤】市立病院⇔西の原⇔生協病院前⇔松江駅⇔日赤⇔温泉駅⇔福祉センター, 【市営6病院⑥】西津田七丁目⇒松江駅⇒大橋⇒市役所⇒温泉駅, 【市営8朝日ヶ丘①】平成町車庫⇔茶山⇔桧山⇔松江駅⇔朝日ヶ丘⇔授産センター, 【市営8朝日ヶ丘③】平成町車庫⇒西の原⇒生協前⇒松江駅⇒授産センター, 【市営8朝日ヶ丘③】平成町車庫⇒西の原⇒生協前⇒松江駅⇒運転免許センター⇒授産センター"
美月,一畑バス（株）,【松江管内】八雲線
文化センター前,松江市,"【市営5八重垣①】八重垣神社⇔虹⇔桧山⇔イオン⇔松江駅⇔市役所⇔温泉駅, 【市営5八重垣①】公園墓地⇔八重垣神社⇔桧山⇔イオン⇔松江駅⇔市役所⇔温泉駅, 【市営5八重垣③】淞北台団地⇒北堀⇒松江駅⇒イオン⇒桧山⇒八重垣神社⇒公園墓地"
袖師町,松江市,"【市営4八束①】八束町⇒江島⇒八束町⇒松江駅⇒乃木駅⇒商業高⇒市立病院, 【市営4八束①】市立病院⇔商業高⇔乃木駅⇔松江駅⇔大海崎⇔八束町, 【市営4八束①】平成町車庫⇒商業高⇒乃木駅⇒松江駅⇒大海崎, 【市営4八束①】平成町車庫⇒商業高⇒乃木駅⇒松江駅⇒大海崎⇒八束町, 【市営4八束②】八束町⇒上宇部尾⇒女子高⇒松江駅⇒乃木駅⇒商業高⇒市立病院, 【市営4八束②】八束町⇒上宇部尾⇒女子高⇒松江駅⇒乃木駅⇒商業高⇒平成町車庫, 【市営4八束②】八束町⇒江島⇒上宇部尾⇒松江駅⇒乃木駅⇒商業高⇒市立病院, 【市営4八束②】平成町車庫⇒商業高⇒乃木駅⇒松江駅, 【市営4八束②】平成町車庫⇒商業高⇒乃木駅⇒松江駅⇒上宇部尾⇒江島⇒八束町, 【市営6病院②】平成町車庫⇒商業高⇒乃木駅⇒松江駅⇒県民会館⇒温泉駅, 【市営6病院②】温泉駅⇒県民会館⇒松江駅⇒乃木駅⇒商業高⇒市立病院, 【市営7南循環①】市立病院⇔県立大学⇔県合庁⇔松江駅⇔美術館⇔乃木駅⇔市立病院, 【市営7南循環①】県立大学⇔県合同庁舎⇔松江駅⇔美術館⇔乃木駅⇔市立病院, 【市営7南循環②】市立病院⇒乃木駅⇒松江駅⇒県合同庁舎⇒県立大学⇒市立病院, 【市営7南循環②】市立病院⇒乃木駅⇒松江駅⇒県合同庁舎⇒県立大学（止）"
堂の前,松江市,"【市営3竹矢①】四季ヶ丘⇒くにびき⇒松江駅⇒東朝日⇒竹矢⇒馬潟, 【市営3竹矢①】竹矢⇔東朝日⇔松江駅⇔くにびき⇔四季ヶ丘, 【市営3竹矢②】竹矢⇔東朝日⇔松江駅⇔市役所⇔温泉駅, 【市営3竹矢②】竹矢⇔東朝日⇔松江駅⇔市役所⇔温泉駅⇔福祉センター, 【市営3竹矢②】馬潟⇔竹矢⇔東朝日⇔松江駅⇔市役所⇔温泉駅⇔福祉センター, 【市営3竹矢③】竹矢⇔相生町入口⇔松江駅⇔市役所⇔温泉駅, 【市営3竹矢④】市立病院⇒南高校⇒桧山⇒竹矢, 【市営3竹矢④】竹矢⇒桧山⇒南高校⇒平成町車庫⇒市立病院, 【市営3竹矢⑤】竹矢⇒東朝日⇒松江駅⇒くにびき⇒島根大学⇒東高校, 【市営3竹矢⑥】馬潟⇒相生町入口⇒京橋⇒市役所⇒温泉駅"
野石谷入口,出雲市,平田生活バス　坂浦線
堂ノ前,一畑バス（株）,【松江管内】荒島線
相生町,松江市,"【市営1川津①】県合同庁舎⇔相生⇔松江駅⇔北堀⇔あじさい団地, 【市営1川津①】県合同庁舎⇔相生⇔松江駅⇔北堀⇔川津, 【市営1川津②】県合同庁舎⇔相生⇔松江駅⇔北堀⇔平成ニュータウン, 【市営1川津③】かんべの里⇔相生⇔松江駅⇔北堀⇔川津, 【市営1川津④】市立病院⇔西の原⇔相生⇔松江駅⇔北堀⇔川津, 【市営1川津⑥】平成町車庫⇔大庭⇔相生⇔松江駅⇔北堀⇔川津, 【市営1川津⑦】県合同庁舎⇒相生⇒竪町⇒北堀⇒川津, 【市営1川津⑧】県合同庁舎⇒相生⇒松江駅⇒くにびき⇒川津, 【市営1川津⑨】川津⇒くにびき⇒松江駅⇒相生⇒南高校⇒公園墓地⇒平成町車庫, 【市営1川津⑩】＜深夜バス＞松江駅⇒相生⇒大庭⇒平成町車庫, 【市営1川津⑫】松江記念病院⇔西の原⇔医療センター⇔相生⇔松江駅, 【市営6病院⑦】温泉駅⇒県民会館⇒松江駅⇒相生⇒西の原⇒商業高⇒平成町車庫"
相生町,一畑バス（株）,【松江管内】八雲線
小津,出雲市,平田生活バス　北浜線
若宮神社前,出雲市,平田生活バス　北浜線
久多美コミュニティセンター,出雲市,平田生活バス　塩津線
多久谷灘集会所,出雲市,平田生活バス　鹿園寺線
相代入口,出雲市,平田生活バス　北浜線
宮ノ町,出雲市,平田生活バス　北浜線
幸町,松江市,【市営6病院④】市立病院⇔乃木駅⇔浜乃木⇔竪町⇔大橋⇔内中原小⇔温泉駅
幸町,一畑バス（株）,"【松江管内】玉造線, 【松江管内】大東線"
西津田七丁目,松江市,"【市営6病院①】市立病院⇔西の原⇔桧山⇔松江駅⇔日赤⇔温泉駅⇒福祉センター, 【市営6病院③】平成町車庫⇒西の原⇒生協前⇒松江駅⇒くにびき⇒ソフトビジネスパーク, 【市営6病院⑤】市立病院⇔西の原⇔生協病院前⇔松江駅⇔日赤⇔温泉駅⇔福祉センター, 【市営6病院⑥】西津田七丁目⇒松江駅⇒大橋⇒市役所⇒温泉駅, 【市営8朝日ヶ丘③】平成町車庫⇒西の原⇒生協前⇒松江駅⇒授産センター, 【市営8朝日ヶ丘③】平成町車庫⇒西の原⇒生協前⇒松江駅⇒運転免許センター⇒授産センター"
園駅,出雲市,平田生活バス　地合線
嫁ヶ島夕日公園,松江市,【市営0レイク】松江駅⇒松江城⇒小泉八雲⇒温泉駅⇒夕日公園⇒美術館⇒松江駅
松江警察署前,松江市,"【市営4八束①】八束町⇒江島⇒八束町⇒松江駅⇒乃木駅⇒商業高⇒市立病院, 【市営4八束①】市立病院⇔商業高⇔乃木駅⇔松江駅⇔大海崎⇔八束町, 【市営4八束①】平成町車庫⇒商業高⇒乃木駅⇒松江駅⇒大海崎, 【市営4八束①】平成町車庫⇒商業高⇒乃木駅⇒松江駅⇒大海崎⇒八束町, 【市営4八束②】八束町⇒上宇部尾⇒女子高⇒松江駅⇒乃木駅⇒商業高⇒市立病院, 【市営4八束②】八束町⇒上宇部尾⇒女子高⇒松江駅⇒乃木駅⇒商業高⇒平成町車庫, 【市営4八束②】八束町⇒江島⇒上宇部尾⇒松江駅⇒乃木駅⇒商業高⇒市立病院, 【市営4八束②】平成町車庫⇒商業高⇒乃木駅⇒松江駅, 【市営4八束②】平成町車庫⇒商業高⇒乃木駅⇒松江駅⇒上宇部尾⇒江島⇒八束町, 【市営6病院②】平成町車庫⇒商業高⇒乃木駅⇒松江駅⇒県民会館⇒温泉駅, 【市営6病院②】温泉駅⇒県民会館⇒松江駅⇒乃木駅⇒商業高⇒市立病院, 【市営7南循環①】市立病院⇔県立大学⇔県合庁⇔松江駅⇔美術館⇔乃木駅⇔市立病院, 【市営7南循環①】県立大学⇔県合同庁舎⇔松江駅⇔美術館⇔乃木駅⇔市立病院, 【市営7南循環②】市立病院⇒乃木駅⇒松江駅⇒県合同庁舎⇒県立大学⇒市立病院, 【市営7南循環②】市立病院⇒乃木駅⇒松江駅⇒県合同庁舎⇒県立大学（止）"
岡田入口,出雲市,平田生活バス　鹿園寺線
岡住宅入口,松江市,"【市営7南循環①】市立病院⇔県立大学⇔県合庁⇔松江駅⇔美術館⇔乃木駅⇔市立病院, 【市営7南循環①】県立大学⇔県合同庁舎⇔松江駅⇔美術館⇔乃木駅⇔市立病院, 【市営7南循環②】市立病院⇒乃木駅⇒松江駅⇒県合同庁舎⇒県立大学⇒市立病院, 【市営7南循環②】市立病院⇒乃木駅⇒松江駅⇒県合同庁舎⇒県立大学（止）"
みね神社,出雲市,平田生活バス　北浜線
鷹日神社入口,松江市,"【市営3竹矢①】四季ヶ丘⇒くにびき⇒松江駅⇒東朝日⇒竹矢⇒馬潟, 【市営3竹矢①】竹矢⇔東朝日⇔松江駅⇔くにびき⇔四季ヶ丘, 【市営3竹矢②】竹矢⇔東朝日⇔松江駅⇔市役所⇔温泉駅, 【市営3竹矢②】竹矢⇔東朝日⇔松江駅⇔市役所⇔温泉駅⇔福祉センター, 【市営3竹矢②】馬潟⇔竹矢⇔東朝日⇔松江駅⇔市役所⇔温泉駅⇔福祉センター, 【市営3竹矢③】竹矢⇔相生町入口⇔松江駅⇔市役所⇔温泉駅, 【市営3竹矢④】市立病院⇒南高校⇒桧山⇒竹矢, 【市営3竹矢④】竹矢⇒桧山⇒南高校⇒平成町車庫⇒市立病院, 【市営3竹矢⑤】竹矢⇒東朝日⇒松江駅⇒くにびき⇒島根大学⇒東高校, 【市営3竹矢⑥】馬潟⇒相生町入口⇒京橋⇒市役所⇒温泉駅"
鷹日神社入口,一畑バス（株）,【松江管内】荒島線
夕日公園前,松江市,【市営0レイク】松江駅⇒松江城⇒小泉八雲⇒温泉駅⇒夕日公園⇒美術館⇒松江駅
鷹日神社東入口,松江市,"【市営3竹矢①】竹矢⇔東朝日⇔松江駅⇔くにびき⇔四季ヶ丘, 【市営3竹矢②】竹矢⇔東朝日⇔松江駅⇔市役所⇔温泉駅, 【市営3竹矢②】竹矢⇔東朝日⇔松江駅⇔市役所⇔温泉駅⇔福祉センター, 【市営3竹矢②】馬潟⇔竹矢⇔東朝日⇔松江駅⇔市役所⇔温泉駅⇔福祉センター, 【市営3竹矢③】竹矢⇔相生町入口⇔松江駅⇔市役所⇔温泉駅, 【市営3竹矢④】竹矢⇒桧山⇒南高校⇒平成町車庫⇒市立病院, 【市営3竹矢⑤】竹矢⇒東朝日⇒松江駅⇒くにびき⇒島根大学⇒東高校, 【市営3竹矢⑥】馬潟⇒相生町入口⇒京橋⇒市役所⇒温泉駅"
鷹日神社東入口,一畑バス（株）,【松江管内】荒島線
生協病院入口,一畑バス（株）,【松江管内】八雲線
合ヶ谷,出雲市,平田生活バス　地合線
生協病院入口,松江市,"【市営1川津⑤】県合同庁舎⇔桧山⇔松江駅⇔北堀⇔川津, 【市営2あじさい①】あじさい団地⇒北田⇒松江駅⇒駅南口⇒桧山⇒八重垣神社⇒平成町車庫⇒市立病院, 【市営2あじさい①】八重垣神社⇔桧山⇔駅南口⇔松江駅⇔北田⇔あじさい団地, 【市営2あじさい①】市立病院⇔八重垣神社⇔桧山⇔駅南口⇔松江駅⇔北田⇔あじさい団地, 【市営2あじさい①】平成町車庫⇔八重垣神社⇔桧山⇔駅南口⇔松江駅⇔北田⇔あじさい団地, 【市営2あじさい①】平成町車庫⇔南高校⇔桧山⇔駅南口⇔松江駅⇔北田⇔あじさい団地, 【市営2あじさい②】あじさい団地⇒養護学校⇒北田⇒松江駅⇒桧山⇒八重垣神社⇒平成町車庫, 【市営2あじさい②】市立病院⇒墓地⇒八重垣神社⇒桧山⇒松江駅⇒北田⇒養護学校⇒あじさい団地, 【市営2あじさい②】市立病院⇔八重垣神社⇔桧山⇔松江駅⇔北田⇔養護学校⇔あじさい団地, 【市営3竹矢④】市立病院⇒南高校⇒桧山⇒竹矢, 【市営3竹矢④】竹矢⇒桧山⇒南高校⇒平成町車庫⇒市立病院, 【市営5八重垣①】八重垣神社⇔虹⇔桧山⇔イオン⇔松江駅⇔市役所⇔温泉駅, 【市営5八重垣①】公園墓地⇔八重垣神社⇔桧山⇔イオン⇔松江駅⇔市役所⇔温泉駅, 【市営5八重垣②】八重垣神社⇒虹⇒桧山⇒駅南口⇒松江駅⇒北堀⇒淞北台団地, 【市営5八重垣②】八重垣神社⇔桧山⇔駅南口⇔松江駅⇔北堀⇔淞北台団地, 【市営5八重垣③】淞北台団地⇒北堀⇒松江駅⇒イオン⇒桧山⇒八重垣神社⇒公園墓地, 【市営5八重垣④】八重垣神社⇒桧山⇒松江駅⇒くにびき⇒ソフトビジネスパーク, 【市営5八重垣④】八重垣神社⇔虹⇔桧山⇔松江駅⇔くにびき⇔ソフトビジネスパーク, 【市営5八重垣⑤】かんべの里⇔八重垣神社⇔桧山⇔松江駅⇔宍道湖大橋⇔温泉駅, 【市営6病院①】市立病院⇔西の原⇔桧山⇔松江駅⇔日赤⇔温泉駅⇒福祉センター, 【市営6病院①】福祉センター⇒温泉駅⇒日赤⇒松江駅⇒桧山⇒西の原⇒県立大学, 【市営6病院③】市立病院⇔西の原⇔桧山⇔松江駅⇔くにびき⇔ソフトビジネスパーク, 【市営6病院③】平成町車庫⇔西の原⇔桧山⇔松江駅⇔くにびき⇔ソフトビジネスパーク, 【市営6病院⑤】市立病院⇔西の原⇔生協病院前⇔松江駅⇔日赤⇔温泉駅⇔福祉センター, 【市営8朝日ヶ丘①】平成町車庫⇔茶山⇔桧山⇔松江駅⇔朝日ヶ丘⇔授産センター"
生協病院前,松江市,"【市営6病院①】市立病院⇔西の原⇔桧山⇔松江駅⇔日赤⇔温泉駅⇒福祉センター, 【市営6病院③】平成町車庫⇒西の原⇒生協前⇒松江駅⇒くにびき⇒ソフトビジネスパーク, 【市営6病院⑤】市立病院⇔西の原⇔生協病院前⇔松江駅⇔日赤⇔温泉駅⇔福祉センター, 【市営8朝日ヶ丘③】平成町車庫⇒西の原⇒生協前⇒松江駅⇒授産センター, 【市営8朝日ヶ丘③】平成町車庫⇒西の原⇒生協前⇒松江駅⇒運転免許センター⇒授産センター"
臼井,出雲市,平田生活バス　塩津線
深山橋,出雲市,平田生活バス　北浜線
馬橋,松江市,"【市営3竹矢①】四季ヶ丘⇒くにびき⇒松江駅⇒東朝日⇒竹矢⇒馬潟, 【市営3竹矢①】竹矢⇔東朝日⇔松江駅⇔くにびき⇔四季ヶ丘, 【市営3竹矢②】竹矢⇔東朝日⇔松江駅⇔市役所⇔温泉駅, 【市営3竹矢②】竹矢⇔東朝日⇔松江駅⇔市役所⇔温泉駅⇔福祉センター, 【市営3竹矢②】馬潟⇔竹矢⇔東朝日⇔松江駅⇔市役所⇔温泉駅⇔福祉センター, 【市営3竹矢③】竹矢⇔相生町入口⇔松江駅⇔市役所⇔温泉駅, 【市営3竹矢④】市立病院⇒南高校⇒桧山⇒竹矢, 【市営3竹矢④】竹矢⇒桧山⇒南高校⇒平成町車庫⇒市立病院, 【市営3竹矢⑤】竹矢⇒東朝日⇒松江駅⇒くにびき⇒島根大学⇒東高校, 【市営3竹矢⑥】馬潟⇒相生町入口⇒京橋⇒市役所⇒温泉駅"
馬橋,一畑バス（株）,【松江管内】荒島線
飯山入口,出雲市,平田生活バス　鹿園寺線
さくら小学校入口,出雲市,平田生活バス　坂浦線
東光台入口,松江市,"【市営3竹矢①】四季ヶ丘⇒くにびき⇒松江駅⇒東朝日⇒竹矢⇒馬潟, 【市営3竹矢①】竹矢⇔東朝日⇔松江駅⇔くにびき⇔四季ヶ丘, 【市営3竹矢②】竹矢⇔東朝日⇔松江駅⇔市役所⇔温泉駅, 【市営3竹矢②】竹矢⇔東朝日⇔松江駅⇔市役所⇔温泉駅⇔福祉センター, 【市営3竹矢②】馬潟⇔竹矢⇔東朝日⇔松江駅⇔市役所⇔温泉駅⇔福祉センター, 【市営3竹矢③】竹矢⇔相生町入口⇔松江駅⇔市役所⇔温泉駅, 【市営3竹矢④】市立病院⇒南高校⇒桧山⇒竹矢, 【市営3竹矢④】竹矢⇒桧山⇒南高校⇒平成町車庫⇒市立病院, 【市営3竹矢⑤】竹矢⇒東朝日⇒松江駅⇒くにびき⇒島根大学⇒東高校, 【市営3竹矢⑥】馬潟⇒相生町入口⇒京橋⇒市役所⇒温泉駅"
東光台入口,一畑バス（株）,【松江管内】荒島線
矢田渡し場,松江市,"【市営4八束①】八束町⇒江島⇒八束町⇒松江駅⇒乃木駅⇒商業高⇒市立病院, 【市営4八束①】市立病院⇔商業高⇔乃木駅⇔松江駅⇔大海崎⇔八束町, 【市営4八束①】平成町車庫⇒商業高⇒乃木駅⇒松江駅⇒大海崎, 【市営4八束①】平成町車庫⇒商業高⇒乃木駅⇒松江駅⇒大海崎⇒八束町, 【市営4八束①】松江駅⇔女子高⇔大海崎⇔八束町"
袖師町西,松江市,"【市営4八束①】八束町⇒江島⇒八束町⇒松江駅⇒乃木駅⇒商業高⇒市立病院, 【市営4八束①】市立病院⇔商業高⇔乃木駅⇔松江駅⇔大海崎⇔八束町, 【市営4八束①】平成町車庫⇒商業高⇒乃木駅⇒松江駅⇒大海崎, 【市営4八束①】平成町車庫⇒商業高⇒乃木駅⇒松江駅⇒大海崎⇒八束町, 【市営4八束②】八束町⇒上宇部尾⇒女子高⇒松江駅⇒乃木駅⇒商業高⇒市立病院, 【市営4八束②】八束町⇒上宇部尾⇒女子高⇒松江駅⇒乃木駅⇒商業高⇒平成町車庫, 【市営4八束②】八束町⇒江島⇒上宇部尾⇒松江駅⇒乃木駅⇒商業高⇒市立病院, 【市営4八束②】平成町車庫⇒商業高⇒乃木駅⇒松江駅, 【市営4八束②】平成町車庫⇒商業高⇒乃木駅⇒松江駅⇒上宇部尾⇒江島⇒八束町, 【市営6病院②】平成町車庫⇒商業高⇒乃木駅⇒松江駅⇒県民会館⇒温泉駅, 【市営6病院②】温泉駅⇒県民会館⇒松江駅⇒乃木駅⇒商業高⇒市立病院, 【市営7南循環①】市立病院⇔県立大学⇔県合庁⇔松江駅⇔美術館⇔乃木駅⇔市立病院, 【市営7南循環①】県立大学⇔県合同庁舎⇔松江駅⇔美術館⇔乃木駅⇔市立病院, 【市営7南循環②】市立病院⇒乃木駅⇒松江駅⇒県合同庁舎⇒県立大学⇒市立病院, 【市営7南循環②】市立病院⇒乃木駅⇒松江駅⇒県合同庁舎⇒県立大学（止）"
床几山入口,松江市,"【市営1川津①】県合同庁舎⇔相生⇔松江駅⇔北堀⇔あじさい団地, 【市営1川津①】県合同庁舎⇔相生⇔松江駅⇔北堀⇔川津, 【市営1川津②】県合同庁舎⇔相生⇔松江駅⇔北堀⇔平成ニュータウン, 【市営1川津③】かんべの里⇔相生⇔松江駅⇔北堀⇔川津, 【市営1川津④】市立病院⇔西の原⇔相生⇔松江駅⇔北堀⇔川津, 【市営1川津⑥】平成町車庫⇔大庭⇔相生⇔松江駅⇔北堀⇔川津, 【市営1川津⑦】県合同庁舎⇒相生⇒竪町⇒北堀⇒川津, 【市営1川津⑧】県合同庁舎⇒相生⇒松江駅⇒くにびき⇒川津, 【市営1川津⑨】川津⇒くにびき⇒松江駅⇒相生⇒南高校⇒公園墓地⇒平成町車庫, 【市営1川津⑩】＜深夜バス＞松江駅⇒相生⇒大庭⇒平成町車庫, 【市営1川津⑫】松江記念病院⇔西の原⇔医療センター⇔相生⇔松江駅, 【市営6病院⑦】温泉駅⇒県民会館⇒松江駅⇒相生⇒西の原⇒商業高⇒平成町車庫"
床几山入口,一畑バス（株）,【松江管内】八雲線
浜乃木灘中,松江市,【市営6病院④】市立病院⇔乃木駅⇔浜乃木⇔竪町⇔大橋⇔内中原小⇔温泉駅
浜乃木灘中,一畑バス（株）,"【松江管内】玉造線, 【松江管内】大東線"
東福富,松江市,"【市営4八束①】八束町⇒江島⇒八束町⇒松江駅⇒乃木駅⇒商業高⇒市立病院, 【市営4八束①】市立病院⇔商業高⇔乃木駅⇔松江駅⇔大海崎⇔八束町, 【市営4八束①】平成町車庫⇒商業高⇒乃木駅⇒松江駅⇒大海崎, 【市営4八束①】平成町車庫⇒商業高⇒乃木駅⇒松江駅⇒大海崎⇒八束町, 【市営4八束①】松江駅⇔女子高⇔大海崎⇔八束町"
湖遊館新駅,出雲市,平田生活バス　島村線　休日（土・日・祝）
上谷,松江市,"【市営7南循環①】市立病院⇔県立大学⇔県合庁⇔松江駅⇔美術館⇔乃木駅⇔市立病院, 【市営7南循環①】県立大学⇔県合同庁舎⇔松江駅⇔美術館⇔乃木駅⇔市立病院, 【市営7南循環②】市立病院⇒乃木駅⇒松江駅⇒県合同庁舎⇒県立大学⇒市立病院, 【市営7南循環②】市立病院⇒乃木駅⇒松江駅⇒県合同庁舎⇒県立大学（止）"
西谷橋,出雲市,平田生活バス　北浜線
ナカバヤシ,出雲市,平田生活バス　塩津線
福富町,松江市,"【市営4八束①】八束町⇒江島⇒八束町⇒松江駅⇒乃木駅⇒商業高⇒市立病院, 【市営4八束①】市立病院⇔商業高⇔乃木駅⇔松江駅⇔大海崎⇔八束町, 【市営4八束①】平成町車庫⇒商業高⇒乃木駅⇒松江駅⇒大海崎, 【市営4八束①】平成町車庫⇒商業高⇒乃木駅⇒松江駅⇒大海崎⇒八束町, 【市営4八束①】松江駅⇔女子高⇔大海崎⇔八束町"
卸団地,松江市,"【市営4八束①】八束町⇒江島⇒八束町⇒松江駅⇒乃木駅⇒商業高⇒市立病院, 【市営4八束①】市立病院⇔商業高⇔乃木駅⇔松江駅⇔大海崎⇔八束町, 【市営4八束①】平成町車庫⇒商業高⇒乃木駅⇒松江駅⇒大海崎, 【市営4八束①】平成町車庫⇒商業高⇒乃木駅⇒松江駅⇒大海崎⇒八束町, 【市営4八束②】八束町⇒上宇部尾⇒女子高⇒松江駅⇒乃木駅⇒商業高⇒市立病院, 【市営4八束②】八束町⇒上宇部尾⇒女子高⇒松江駅⇒乃木駅⇒商業高⇒平成町車庫, 【市営4八束②】八束町⇒江島⇒上宇部尾⇒松江駅⇒乃木駅⇒商業高⇒市立病院, 【市営4八束②】平成町車庫⇒商業高⇒乃木駅⇒松江駅, 【市営4八束②】平成町車庫⇒商業高⇒乃木駅⇒松江駅⇒上宇部尾⇒江島⇒八束町, 【市営6病院②】平成町車庫⇒商業高⇒乃木駅⇒松江駅⇒県民会館⇒温泉駅, 【市営6病院②】温泉駅⇒県民会館⇒松江駅⇒乃木駅⇒商業高⇒市立病院, 【市営7南循環①】市立病院⇔県立大学⇔県合庁⇔松江駅⇔美術館⇔乃木駅⇔市立病院, 【市営7南循環①】県立大学⇔県合同庁舎⇔松江駅⇔美術館⇔乃木駅⇔市立病院, 【市営7南循環②】市立病院⇒乃木駅⇒松江駅⇒県合同庁舎⇒県立大学⇒市立病院, 【市営7南循環②】市立病院⇒乃木駅⇒松江駅⇒県合同庁舎⇒県立大学（止）"
矢田朝酌,松江市,"【市営4八束①】八束町⇒江島⇒八束町⇒松江駅⇒乃木駅⇒商業高⇒市立病院, 【市営4八束①】市立病院⇔商業高⇔乃木駅⇔松江駅⇔大海崎⇔八束町, 【市営4八束①】平成町車庫⇒商業高⇒乃木駅⇒松江駅⇒大海崎, 【市営4八束①】平成町車庫⇒商業高⇒乃木駅⇒松江駅⇒大海崎⇒八束町, 【市営4八束①】松江駅⇔女子高⇔大海崎⇔八束町"
嫁ヶ島西,松江市,【市営0レイク】松江駅⇒松江城⇒小泉八雲⇒温泉駅⇒夕日公園⇒美術館⇒松江駅
浜集会所,出雲市,平田生活バス　鹿園寺線
矢田,松江市,"【市営3竹矢①】四季ヶ丘⇒くにびき⇒松江駅⇒東朝日⇒竹矢⇒馬潟, 【市営3竹矢①】竹矢⇔東朝日⇔松江駅⇔くにびき⇔四季ヶ丘, 【市営3竹矢②】竹矢⇔東朝日⇔松江駅⇔市役所⇔温泉駅, 【市営3竹矢②】竹矢⇔東朝日⇔松江駅⇔市役所⇔温泉駅⇔福祉センター, 【市営3竹矢②】馬潟⇔竹矢⇔東朝日⇔松江駅⇔市役所⇔温泉駅⇔福祉センター, 【市営3竹矢③】竹矢⇔相生町入口⇔松江駅⇔市役所⇔温泉駅, 【市営3竹矢④】市立病院⇒南高校⇒桧山⇒竹矢, 【市営3竹矢④】竹矢⇒桧山⇒南高校⇒平成町車庫⇒市立病院, 【市営3竹矢⑤】竹矢⇒東朝日⇒松江駅⇒くにびき⇒島根大学⇒東高校, 【市営3竹矢⑥】馬潟⇒相生町入口⇒京橋⇒市役所⇒温泉駅"
矢田,一畑バス（株）,【松江管内】荒島線
旭丘入口,出雲市,"平田生活バス　地合線, 平田生活バス　島村線　休日（土・日・祝）"
廻田池,出雲市,平田生活バス　北浜線
馬潟,松江市,"【市営3竹矢①】四季ヶ丘⇒くにびき⇒松江駅⇒東朝日⇒竹矢⇒馬潟, 【市営3竹矢②】馬潟⇔竹矢⇔東朝日⇔松江駅⇔市役所⇔温泉駅⇔福祉センター, 【市営3竹矢⑥】馬潟⇒相生町入口⇒京橋⇒市役所⇒温泉駅"
中部保育所,出雲市,"平田生活バス　坂浦線, 平田生活バス　鹿園寺線"
松江医療センター前,松江市,"【市営1川津①】県合同庁舎⇔相生⇔松江駅⇔北堀⇔あじさい団地, 【市営1川津①】県合同庁舎⇔相生⇔松江駅⇔北堀⇔川津, 【市営1川津②】県合同庁舎⇔相生⇔松江駅⇔北堀⇔平成ニュータウン, 【市営1川津③】かんべの里⇔相生⇔松江駅⇔北堀⇔川津, 【市営1川津④】市立病院⇔西の原⇔相生⇔松江駅⇔北堀⇔川津, 【市営1川津⑥】平成町車庫⇔大庭⇔相生⇔松江駅⇔北堀⇔川津, 【市営1川津⑦】県合同庁舎⇒相生⇒竪町⇒北堀⇒川津, 【市営1川津⑧】県合同庁舎⇒相生⇒松江駅⇒くにびき⇒川津, 【市営1川津⑨】川津⇒くにびき⇒松江駅⇒相生⇒南高校⇒公園墓地⇒平成町車庫, 【市営1川津⑩】＜深夜バス＞松江駅⇒相生⇒大庭⇒平成町車庫, 【市営1川津⑫】松江記念病院⇔西の原⇔医療センター⇔相生⇔松江駅, 【市営6病院⑦】温泉駅⇒県民会館⇒松江駅⇒相生⇒西の原⇒商業高⇒平成町車庫"
松江医療センター前,一畑バス（株）,【松江管内】八雲線
松江医療センター,松江市,【市営1川津⑫】松江記念病院⇔西の原⇔医療センター⇔相生⇔松江駅
由貴神社前,松江市,"【市営3竹矢①】四季ヶ丘⇒くにびき⇒松江駅⇒東朝日⇒竹矢⇒馬潟, 【市営3竹矢②】馬潟⇔竹矢⇔東朝日⇔松江駅⇔市役所⇔温泉駅⇔福祉センター, 【市営3竹矢⑥】馬潟⇒相生町入口⇒京橋⇒市役所⇒温泉駅"
浜乃木,松江市,【市営6病院④】市立病院⇔乃木駅⇔浜乃木⇔竪町⇔大橋⇔内中原小⇔温泉駅
浜乃木,一畑バス（株）,"【松江管内】玉造線, 【松江管内】大東線"
松江記念病院,松江市,【市営1川津⑫】松江記念病院⇔西の原⇔医療センター⇔相生⇔松江駅
上谷南,松江市,"【市営7南循環①】市立病院⇔県立大学⇔県合庁⇔松江駅⇔美術館⇔乃木駅⇔市立病院, 【市営7南循環①】県立大学⇔県合同庁舎⇔松江駅⇔美術館⇔乃木駅⇔市立病院, 【市営7南循環②】市立病院⇒乃木駅⇒松江駅⇒県合同庁舎⇒県立大学⇒市立病院, 【市営7南循環②】市立病院⇒乃木駅⇒松江駅⇒県合同庁舎⇒県立大学（止）"
浜乃木一丁目,松江市,"【市営4八束①】八束町⇒江島⇒八束町⇒松江駅⇒乃木駅⇒商業高⇒市立病院, 【市営4八束①】市立病院⇔商業高⇔乃木駅⇔松江駅⇔大海崎⇔八束町, 【市営4八束①】平成町車庫⇒商業高⇒乃木駅⇒松江駅⇒大海崎, 【市営4八束①】平成町車庫⇒商業高⇒乃木駅⇒松江駅⇒大海崎⇒八束町, 【市営4八束②】八束町⇒上宇部尾⇒女子高⇒松江駅⇒乃木駅⇒商業高⇒市立病院, 【市営4八束②】八束町⇒上宇部尾⇒女子高⇒松江駅⇒乃木駅⇒商業高⇒平成町車庫, 【市営4八束②】八束町⇒江島⇒上宇部尾⇒松江駅⇒乃木駅⇒商業高⇒市立病院, 【市営4八束②】平成町車庫⇒商業高⇒乃木駅⇒松江駅, 【市営4八束②】平成町車庫⇒商業高⇒乃木駅⇒松江駅⇒上宇部尾⇒江島⇒八束町, 【市営6病院②】平成町車庫⇒商業高⇒乃木駅⇒松江駅⇒県民会館⇒温泉駅, 【市営6病院②】温泉駅⇒県民会館⇒松江駅⇒乃木駅⇒商業高⇒市立病院, 【市営7南循環①】市立病院⇔県立大学⇔県合庁⇔松江駅⇔美術館⇔乃木駅⇔市立病院, 【市営7南循環①】県立大学⇔県合同庁舎⇔松江駅⇔美術館⇔乃木駅⇔市立病院, 【市営7南循環②】市立病院⇒乃木駅⇒松江駅⇒県合同庁舎⇒県立大学⇒市立病院, 【市営7南循環②】市立病院⇒乃木駅⇒松江駅⇒県合同庁舎⇒県立大学（止）"
平田新田,出雲市,"平田生活バス　地合線, 平田生活バス　地合線分岐, 平田生活バス　島村線　休日（土・日・祝）"
新田遊園地,出雲市,"平田生活バス　地合線, 平田生活バス　地合線分岐"
布勢灘,出雲市,平田生活バス　鰐淵線
樋の谷入口,出雲市,平田生活バス　北浜線
天神橋,出雲市,"平田生活バス　坂浦線, 平田生活バス　鹿園寺線"
牧戸住宅,出雲市,平田生活バス　塩津線
桧山,松江市,"【市営1川津⑤】県合同庁舎⇔桧山⇔松江駅⇔北堀⇔川津, 【市営2あじさい①】あじさい団地⇒北田⇒松江駅⇒駅南口⇒桧山⇒八重垣神社⇒平成町車庫⇒市立病院, 【市営2あじさい①】八重垣神社⇔桧山⇔駅南口⇔松江駅⇔北田⇔あじさい団地, 【市営2あじさい①】市立病院⇔八重垣神社⇔桧山⇔駅南口⇔松江駅⇔北田⇔あじさい団地, 【市営2あじさい①】平成町車庫⇔八重垣神社⇔桧山⇔駅南口⇔松江駅⇔北田⇔あじさい団地, 【市営2あじさい①】平成町車庫⇔南高校⇔桧山⇔駅南口⇔松江駅⇔北田⇔あじさい団地, 【市営2あじさい②】あじさい団地⇒養護学校⇒北田⇒松江駅⇒桧山⇒八重垣神社⇒平成町車庫, 【市営2あじさい②】市立病院⇒墓地⇒八重垣神社⇒桧山⇒松江駅⇒北田⇒養護学校⇒あじさい団地, 【市営2あじさい②】市立病院⇔八重垣神社⇔桧山⇔松江駅⇔北田⇔養護学校⇔あじさい団地, 【市営3竹矢④】市立病院⇒南高校⇒桧山⇒竹矢, 【市営3竹矢④】竹矢⇒桧山⇒南高校⇒平成町車庫⇒市立病院, 【市営5八重垣①】八重垣神社⇔虹⇔桧山⇔イオン⇔松江駅⇔市役所⇔温泉駅, 【市営5八重垣①】公園墓地⇔八重垣神社⇔桧山⇔イオン⇔松江駅⇔市役所⇔温泉駅, 【市営5八重垣②】八重垣神社⇒虹⇒桧山⇒駅南口⇒松江駅⇒北堀⇒淞北台団地, 【市営5八重垣②】八重垣神社⇔桧山⇔駅南口⇔松江駅⇔北堀⇔淞北台団地, 【市営5八重垣③】淞北台団地⇒北堀⇒松江駅⇒イオン⇒桧山⇒八重垣神社⇒公園墓地, 【市営5八重垣④】八重垣神社⇒桧山⇒松江駅⇒くにびき⇒ソフトビジネスパーク, 【市営5八重垣④】八重垣神社⇔虹⇔桧山⇔松江駅⇔くにびき⇔ソフトビジネスパーク, 【市営5八重垣⑤】かんべの里⇔八重垣神社⇔桧山⇔松江駅⇔宍道湖大橋⇔温泉駅, 【市営6病院①】市立病院⇔西の原⇔桧山⇔松江駅⇔日赤⇔温泉駅⇒福祉センター, 【市営6病院①】福祉センター⇒温泉駅⇒日赤⇒松江駅⇒桧山⇒西の原⇒県立大学, 【市営6病院③】市立病院⇔西の原⇔桧山⇔松江駅⇔くにびき⇔ソフトビジネスパーク, 【市営6病院③】平成町車庫⇒西の原⇒生協前⇒松江駅⇒くにびき⇒ソフトビジネスパーク, 【市営6病院③】平成町車庫⇔西の原⇔桧山⇔松江駅⇔くにびき⇔ソフトビジネスパーク, 【市営6病院⑤】市立病院⇔西の原⇔生協病院前⇔松江駅⇔日赤⇔温泉駅⇔福祉センター, 【市営8朝日ヶ丘①】平成町車庫⇔茶山⇔桧山⇔松江駅⇔朝日ヶ丘⇔授産センター, 【市営8朝日ヶ丘③】平成町車庫⇒西の原⇒生協前⇒松江駅⇒授産センター, 【市営8朝日ヶ丘③】平成町車庫⇒西の原⇒生協前⇒松江駅⇒運転免許センター⇒授産センター"
桧山,一畑バス（株）,【松江管内】八雲線
浜乃木二丁目,松江市,"【市営4八束①】八束町⇒江島⇒八束町⇒松江駅⇒乃木駅⇒商業高⇒市立病院, 【市営4八束①】市立病院⇔商業高⇔乃木駅⇔松江駅⇔大海崎⇔八束町, 【市営4八束①】平成町車庫⇒商業高⇒乃木駅⇒松江駅⇒大海崎, 【市営4八束①】平成町車庫⇒商業高⇒乃木駅⇒松江駅⇒大海崎⇒八束町, 【市営4八束②】八束町⇒上宇部尾⇒女子高⇒松江駅⇒乃木駅⇒商業高⇒市立病院, 【市営4八束②】八束町⇒上宇部尾⇒女子高⇒松江駅⇒乃木駅⇒商業高⇒平成町車庫, 【市営4八束②】八束町⇒江島⇒上宇部尾⇒松江駅⇒乃木駅⇒商業高⇒市立病院, 【市営4八束②】平成町車庫⇒商業高⇒乃木駅⇒松江駅, 【市営4八束②】平成町車庫⇒商業高⇒乃木駅⇒松江駅⇒上宇部尾⇒江島⇒八束町, 【市営6病院②】平成町車庫⇒商業高⇒乃木駅⇒松江駅⇒県民会館⇒温泉駅, 【市営6病院②】温泉駅⇒県民会館⇒松江駅⇒乃木駅⇒商業高⇒市立病院, 【市営7南循環①】市立病院⇔県立大学⇔県合庁⇔松江駅⇔美術館⇔乃木駅⇔市立病院, 【市営7南循環①】県立大学⇔県合同庁舎⇔松江駅⇔美術館⇔乃木駅⇔市立病院, 【市営7南循環②】市立病院⇒乃木駅⇒松江駅⇒県合同庁舎⇒県立大学⇒市立病院, 【市営7南循環②】市立病院⇒乃木駅⇒松江駅⇒県合同庁舎⇒県立大学（止）"
県合同庁舎前,松江市,"【市営1川津①】県合同庁舎⇔相生⇔松江駅⇔北堀⇔あじさい団地, 【市営1川津①】県合同庁舎⇔相生⇔松江駅⇔北堀⇔川津, 【市営1川津②】県合同庁舎⇔相生⇔松江駅⇔北堀⇔平成ニュータウン, 【市営1川津⑤】県合同庁舎⇔桧山⇔松江駅⇔北堀⇔川津, 【市営1川津⑦】県合同庁舎⇒相生⇒竪町⇒北堀⇒川津, 【市営1川津⑧】県合同庁舎⇒相生⇒松江駅⇒くにびき⇒川津, 【市営1川津⑪】＜通勤快速＞県合同庁舎⇒上乃木⇒京橋⇒市役所⇒温泉駅, 【市営7南循環①】市立病院⇔県立大学⇔県合庁⇔松江駅⇔美術館⇔乃木駅⇔市立病院, 【市営7南循環①】県立大学⇔県合同庁舎⇔松江駅⇔美術館⇔乃木駅⇔市立病院, 【市営7南循環②】市立病院⇒乃木駅⇒松江駅⇒県合同庁舎⇒県立大学⇒市立病院, 【市営7南循環②】市立病院⇒乃木駅⇒松江駅⇒県合同庁舎⇒県立大学（止）"
水谷入口,出雲市,平田生活バス　北浜線
手間（馬潟）,松江市,"【市営3竹矢①】四季ヶ丘⇒くにびき⇒松江駅⇒東朝日⇒竹矢⇒馬潟, 【市営3竹矢②】馬潟⇔竹矢⇔東朝日⇔松江駅⇔市役所⇔温泉駅⇔福祉センター, 【市営3竹矢⑥】馬潟⇒相生町入口⇒京橋⇒市役所⇒温泉駅"
上乃木,松江市,"【市営1川津①】県合同庁舎⇔相生⇔松江駅⇔北堀⇔あじさい団地, 【市営1川津①】県合同庁舎⇔相生⇔松江駅⇔北堀⇔川津, 【市営1川津②】県合同庁舎⇔相生⇔松江駅⇔北堀⇔平成ニュータウン, 【市営1川津③】かんべの里⇔相生⇔松江駅⇔北堀⇔川津, 【市営1川津④】市立病院⇔西の原⇔相生⇔松江駅⇔北堀⇔川津, 【市営1川津⑥】平成町車庫⇔大庭⇔相生⇔松江駅⇔北堀⇔川津, 【市営1川津⑦】県合同庁舎⇒相生⇒竪町⇒北堀⇒川津, 【市営1川津⑧】県合同庁舎⇒相生⇒松江駅⇒くにびき⇒川津, 【市営1川津⑨】川津⇒くにびき⇒松江駅⇒相生⇒南高校⇒公園墓地⇒平成町車庫, 【市営1川津⑩】＜深夜バス＞松江駅⇒相生⇒大庭⇒平成町車庫, 【市営1川津⑪】＜通勤快速＞県合同庁舎⇒上乃木⇒京橋⇒市役所⇒温泉駅, 【市営1川津⑫】松江記念病院⇔西の原⇔医療センター⇔相生⇔松江駅, 【市営6病院①】市立病院⇔西の原⇔桧山⇔松江駅⇔日赤⇔温泉駅⇒福祉センター, 【市営6病院①】福祉センター⇒温泉駅⇒日赤⇒松江駅⇒桧山⇒西の原⇒県立大学, 【市営6病院③】市立病院⇔西の原⇔桧山⇔松江駅⇔くにびき⇔ソフトビジネスパーク, 【市営6病院③】平成町車庫⇒西の原⇒生協前⇒松江駅⇒くにびき⇒ソフトビジネスパーク, 【市営6病院③】平成町車庫⇔西の原⇔桧山⇔松江駅⇔くにびき⇔ソフトビジネスパーク, 【市営6病院⑤】市立病院⇔西の原⇔生協病院前⇔松江駅⇔日赤⇔温泉駅⇔福祉センター, 【市営6病院⑦】温泉駅⇒県民会館⇒松江駅⇒相生⇒西の原⇒商業高⇒平成町車庫, 【市営8朝日ヶ丘③】平成町車庫⇒西の原⇒生協前⇒松江駅⇒授産センター, 【市営8朝日ヶ丘③】平成町車庫⇒西の原⇒生協前⇒松江駅⇒運転免許センター⇒授産センター"
上乃木,一畑バス（株）,【松江管内】八雲線
東上乃木,松江市,"【市営1川津①】県合同庁舎⇔相生⇔松江駅⇔北堀⇔あじさい団地, 【市営1川津①】県合同庁舎⇔相生⇔松江駅⇔北堀⇔川津, 【市営1川津②】県合同庁舎⇔相生⇔松江駅⇔北堀⇔平成ニュータウン, 【市営1川津③】かんべの里⇔相生⇔松江駅⇔北堀⇔川津, 【市営1川津⑤】県合同庁舎⇔桧山⇔松江駅⇔北堀⇔川津, 【市営1川津⑥】平成町車庫⇔大庭⇔相生⇔松江駅⇔北堀⇔川津, 【市営1川津⑦】県合同庁舎⇒相生⇒竪町⇒北堀⇒川津, 【市営1川津⑧】県合同庁舎⇒相生⇒松江駅⇒くにびき⇒川津, 【市営1川津⑩】＜深夜バス＞松江駅⇒相生⇒大庭⇒平成町車庫, 【市営6病院①】市立病院⇔西の原⇔桧山⇔松江駅⇔日赤⇔温泉駅⇒福祉センター, 【市営6病院①】福祉センター⇒温泉駅⇒日赤⇒松江駅⇒桧山⇒西の原⇒県立大学, 【市営6病院③】市立病院⇔西の原⇔桧山⇔松江駅⇔くにびき⇔ソフトビジネスパーク, 【市営6病院③】平成町車庫⇔西の原⇔桧山⇔松江駅⇔くにびき⇔ソフトビジネスパーク, 【市営6病院⑤】市立病院⇔西の原⇔生協病院前⇔松江駅⇔日赤⇔温泉駅⇔福祉センター"
東上乃木,一畑バス（株）,【松江管内】八雲線
河下海水浴場前,出雲市,平田生活バス　鰐淵線
新田中央,出雲市,平田生活バス　地合線
三和会館入口,出雲市,平田生活バス　地合線分岐
湖遊館,出雲市,平田生活バス　島村線　休日（土・日・祝）
西嫁島二丁目,松江市,【市営0レイク】松江駅⇒松江城⇒小泉八雲⇒温泉駅⇒夕日公園⇒美術館⇒松江駅
新縄手橋,松江市,"【市営1川津④】市立病院⇔西の原⇔相生⇔松江駅⇔北堀⇔川津, 【市営1川津⑫】松江記念病院⇔西の原⇔医療センター⇔相生⇔松江駅, 【市営6病院①】市立病院⇔西の原⇔桧山⇔松江駅⇔日赤⇔温泉駅⇒福祉センター, 【市営6病院①】福祉センター⇒温泉駅⇒日赤⇒松江駅⇒桧山⇒西の原⇒県立大学, 【市営6病院③】市立病院⇔西の原⇔桧山⇔松江駅⇔くにびき⇔ソフトビジネスパーク, 【市営6病院③】平成町車庫⇒西の原⇒生協前⇒松江駅⇒くにびき⇒ソフトビジネスパーク, 【市営6病院③】平成町車庫⇔西の原⇔桧山⇔松江駅⇔くにびき⇔ソフトビジネスパーク, 【市営6病院⑤】市立病院⇔西の原⇔生協病院前⇔松江駅⇔日赤⇔温泉駅⇔福祉センター, 【市営6病院⑦】温泉駅⇒県民会館⇒松江駅⇒相生⇒西の原⇒商業高⇒平成町車庫, 【市営8朝日ヶ丘③】平成町車庫⇒西の原⇒生協前⇒松江駅⇒授産センター, 【市営8朝日ヶ丘③】平成町車庫⇒西の原⇒生協前⇒松江駅⇒運転免許センター⇒授産センター"
平成会館前,出雲市,平田生活バス　北浜線
乃木小学校入口,松江市,"【市営4八束①】八束町⇒江島⇒八束町⇒松江駅⇒乃木駅⇒商業高⇒市立病院, 【市営4八束①】市立病院⇔商業高⇔乃木駅⇔松江駅⇔大海崎⇔八束町, 【市営4八束①】平成町車庫⇒商業高⇒乃木駅⇒松江駅⇒大海崎, 【市営4八束①】平成町車庫⇒商業高⇒乃木駅⇒松江駅⇒大海崎⇒八束町, 【市営4八束②】八束町⇒上宇部尾⇒女子高⇒松江駅⇒乃木駅⇒商業高⇒市立病院, 【市営4八束②】八束町⇒上宇部尾⇒女子高⇒松江駅⇒乃木駅⇒商業高⇒平成町車庫, 【市営4八束②】八束町⇒江島⇒上宇部尾⇒松江駅⇒乃木駅⇒商業高⇒市立病院, 【市営4八束②】平成町車庫⇒商業高⇒乃木駅⇒松江駅, 【市営4八束②】平成町車庫⇒商業高⇒乃木駅⇒松江駅⇒上宇部尾⇒江島⇒八束町, 【市営6病院②】平成町車庫⇒商業高⇒乃木駅⇒松江駅⇒県民会館⇒温泉駅, 【市営6病院②】温泉駅⇒県民会館⇒松江駅⇒乃木駅⇒商業高⇒市立病院, 【市営6病院④】市立病院⇔乃木駅⇔浜乃木⇔竪町⇔大橋⇔内中原小⇔温泉駅"
手間,松江市,"【市営3竹矢①】四季ヶ丘⇒くにびき⇒松江駅⇒東朝日⇒竹矢⇒馬潟, 【市営3竹矢①】竹矢⇔東朝日⇔松江駅⇔くにびき⇔四季ヶ丘, 【市営3竹矢②】竹矢⇔東朝日⇔松江駅⇔市役所⇔温泉駅, 【市営3竹矢②】竹矢⇔東朝日⇔松江駅⇔市役所⇔温泉駅⇔福祉センター, 【市営3竹矢②】馬潟⇔竹矢⇔東朝日⇔松江駅⇔市役所⇔温泉駅⇔福祉センター, 【市営3竹矢③】竹矢⇔相生町入口⇔松江駅⇔市役所⇔温泉駅, 【市営3竹矢④】市立病院⇒南高校⇒桧山⇒竹矢, 【市営3竹矢④】竹矢⇒桧山⇒南高校⇒平成町車庫⇒市立病院, 【市営3竹矢⑤】竹矢⇒東朝日⇒松江駅⇒くにびき⇒島根大学⇒東高校"
手間,一畑バス（株）,【松江管内】荒島線
西の原住宅前,松江市,"【市営1川津④】市立病院⇔西の原⇔相生⇔松江駅⇔北堀⇔川津, 【市営1川津⑫】松江記念病院⇔西の原⇔医療センター⇔相生⇔松江駅, 【市営6病院①】市立病院⇔西の原⇔桧山⇔松江駅⇔日赤⇔温泉駅⇒福祉センター, 【市営6病院①】福祉センター⇒温泉駅⇒日赤⇒松江駅⇒桧山⇒西の原⇒県立大学, 【市営6病院③】市立病院⇔西の原⇔桧山⇔松江駅⇔くにびき⇔ソフトビジネスパーク, 【市営6病院③】平成町車庫⇒西の原⇒生協前⇒松江駅⇒くにびき⇒ソフトビジネスパーク, 【市営6病院③】平成町車庫⇔西の原⇔桧山⇔松江駅⇔くにびき⇔ソフトビジネスパーク, 【市営6病院⑤】市立病院⇔西の原⇔生協病院前⇔松江駅⇔日赤⇔温泉駅⇔福祉センター, 【市営6病院⑦】温泉駅⇒県民会館⇒松江駅⇒相生⇒西の原⇒商業高⇒平成町車庫, 【市営8朝日ヶ丘③】平成町車庫⇒西の原⇒生協前⇒松江駅⇒授産センター, 【市営8朝日ヶ丘③】平成町車庫⇒西の原⇒生協前⇒松江駅⇒運転免許センター⇒授産センター"
河下郵便局,出雲市,平田生活バス　鰐淵線
古志原郵便局前,松江市,"【市営1川津①】県合同庁舎⇔相生⇔松江駅⇔北堀⇔あじさい団地, 【市営1川津①】県合同庁舎⇔相生⇔松江駅⇔北堀⇔川津, 【市営1川津②】県合同庁舎⇔相生⇔松江駅⇔北堀⇔平成ニュータウン, 【市営1川津③】かんべの里⇔相生⇔松江駅⇔北堀⇔川津, 【市営1川津⑤】県合同庁舎⇔桧山⇔松江駅⇔北堀⇔川津, 【市営1川津⑥】平成町車庫⇔大庭⇔相生⇔松江駅⇔北堀⇔川津, 【市営1川津⑦】県合同庁舎⇒相生⇒竪町⇒北堀⇒川津, 【市営1川津⑧】県合同庁舎⇒相生⇒松江駅⇒くにびき⇒川津, 【市営1川津⑩】＜深夜バス＞松江駅⇒相生⇒大庭⇒平成町車庫, 【市営1川津⑪】＜通勤快速＞県合同庁舎⇒上乃木⇒京橋⇒市役所⇒温泉駅"
古志原郵便局前,一畑バス（株）,【松江管内】八雲線
乃木駅,松江市,"【市営4八束①】八束町⇒江島⇒八束町⇒松江駅⇒乃木駅⇒商業高⇒市立病院, 【市営4八束①】市立病院⇔商業高⇔乃木駅⇔松江駅⇔大海崎⇔八束町, 【市営4八束①】平成町車庫⇒商業高⇒乃木駅⇒松江駅⇒大海崎, 【市営4八束①】平成町車庫⇒商業高⇒乃木駅⇒松江駅⇒大海崎⇒八束町, 【市営4八束②】八束町⇒上宇部尾⇒女子高⇒松江駅⇒乃木駅⇒商業高⇒市立病院, 【市営4八束②】八束町⇒上宇部尾⇒女子高⇒松江駅⇒乃木駅⇒商業高⇒平成町車庫, 【市営4八束②】八束町⇒江島⇒上宇部尾⇒松江駅⇒乃木駅⇒商業高⇒市立病院, 【市営4八束②】平成町車庫⇒商業高⇒乃木駅⇒松江駅, 【市営4八束②】平成町車庫⇒商業高⇒乃木駅⇒松江駅⇒上宇部尾⇒江島⇒八束町, 【市営6病院②】平成町車庫⇒商業高⇒乃木駅⇒松江駅⇒県民会館⇒温泉駅, 【市営6病院②】温泉駅⇒県民会館⇒松江駅⇒乃木駅⇒商業高⇒市立病院, 【市営6病院④】市立病院⇔乃木駅⇔浜乃木⇔竪町⇔大橋⇔内中原小⇔温泉駅, 【市営7南循環①】市立病院⇔県立大学⇔県合庁⇔松江駅⇔美術館⇔乃木駅⇔市立病院, 【市営7南循環①】県立大学⇔県合同庁舎⇔松江駅⇔美術館⇔乃木駅⇔市立病院, 【市営7南循環②】市立病院⇒乃木駅⇒松江駅⇒県合同庁舎⇒県立大学⇒市立病院, 【市営7南循環②】市立病院⇒乃木駅⇒松江駅⇒県合同庁舎⇒県立大学（止）, 忌部コミュニティバス　空山線, 忌部コミュニティバス　南駐車場・大川端線"
乃木駅,一畑バス（株）,"【松江管内】玉造線, 【松江管内】大東線"
富原東,松江市,"【市営1川津①】県合同庁舎⇔相生⇔松江駅⇔北堀⇔あじさい団地, 【市営1川津①】県合同庁舎⇔相生⇔松江駅⇔北堀⇔川津, 【市営1川津②】県合同庁舎⇔相生⇔松江駅⇔北堀⇔平成ニュータウン, 【市営1川津⑤】県合同庁舎⇔桧山⇔松江駅⇔北堀⇔川津, 【市営1川津⑦】県合同庁舎⇒相生⇒竪町⇒北堀⇒川津, 【市営1川津⑧】県合同庁舎⇒相生⇒松江駅⇒くにびき⇒川津, 【市営7南循環①】市立病院⇔県立大学⇔県合庁⇔松江駅⇔美術館⇔乃木駅⇔市立病院, 【市営7南循環①】県立大学⇔県合同庁舎⇔松江駅⇔美術館⇔乃木駅⇔市立病院, 【市営7南循環②】市立病院⇒乃木駅⇒松江駅⇒県合同庁舎⇒県立大学⇒市立病院, 【市営7南循環②】市立病院⇒乃木駅⇒松江駅⇒県合同庁舎⇒県立大学（止）"
明川,出雲市,"平田生活バス　塩津線, 平田生活バス　坂浦線, 平田生活バス　鹿園寺線"
やそり橋,松江市,"【市営1川津④】市立病院⇔西の原⇔相生⇔松江駅⇔北堀⇔川津, 【市営4八束①】八束町⇒江島⇒八束町⇒松江駅⇒乃木駅⇒商業高⇒市立病院, 【市営4八束①】市立病院⇔商業高⇔乃木駅⇔松江駅⇔大海崎⇔八束町, 【市営4八束①】平成町車庫⇒商業高⇒乃木駅⇒松江駅⇒大海崎, 【市営4八束①】平成町車庫⇒商業高⇒乃木駅⇒松江駅⇒大海崎⇒八束町, 【市営4八束②】八束町⇒上宇部尾⇒女子高⇒松江駅⇒乃木駅⇒商業高⇒市立病院, 【市営4八束②】八束町⇒上宇部尾⇒女子高⇒松江駅⇒乃木駅⇒商業高⇒平成町車庫, 【市営4八束②】八束町⇒江島⇒上宇部尾⇒松江駅⇒乃木駅⇒商業高⇒市立病院, 【市営4八束②】平成町車庫⇒商業高⇒乃木駅⇒松江駅, 【市営4八束②】平成町車庫⇒商業高⇒乃木駅⇒松江駅⇒上宇部尾⇒江島⇒八束町, 【市営6病院①】市立病院⇔西の原⇔桧山⇔松江駅⇔日赤⇔温泉駅⇒福祉センター, 【市営6病院①】福祉センター⇒温泉駅⇒日赤⇒松江駅⇒桧山⇒西の原⇒県立大学, 【市営6病院②】平成町車庫⇒商業高⇒乃木駅⇒松江駅⇒県民会館⇒温泉駅, 【市営6病院②】温泉駅⇒県民会館⇒松江駅⇒乃木駅⇒商業高⇒市立病院, 【市営6病院③】市立病院⇔西の原⇔桧山⇔松江駅⇔くにびき⇔ソフトビジネスパーク, 【市営6病院③】平成町車庫⇒西の原⇒生協前⇒松江駅⇒くにびき⇒ソフトビジネスパーク, 【市営6病院③】平成町車庫⇔西の原⇔桧山⇔松江駅⇔くにびき⇔ソフトビジネスパーク, 【市営6病院④】市立病院⇔乃木駅⇔浜乃木⇔竪町⇔大橋⇔内中原小⇔温泉駅, 【市営6病院⑤】市立病院⇔西の原⇔生協病院前⇔松江駅⇔日赤⇔温泉駅⇔福祉センター, 【市営6病院⑦】温泉駅⇒県民会館⇒松江駅⇒相生⇒西の原⇒商業高⇒平成町車庫, 【市営8朝日ヶ丘③】平成町車庫⇒西の原⇒生協前⇒松江駅⇒授産センター, 【市営8朝日ヶ丘③】平成町車庫⇒西の原⇒生協前⇒松江駅⇒運転免許センター⇒授産センター"
和田,出雲市,平田生活バス　鰐淵線
富原三叉路,松江市,"【市営1川津①】県合同庁舎⇔相生⇔松江駅⇔北堀⇔あじさい団地, 【市営1川津①】県合同庁舎⇔相生⇔松江駅⇔北堀⇔川津, 【市営1川津②】県合同庁舎⇔相生⇔松江駅⇔北堀⇔平成ニュータウン, 【市営1川津⑤】県合同庁舎⇔桧山⇔松江駅⇔北堀⇔川津, 【市営1川津⑦】県合同庁舎⇒相生⇒竪町⇒北堀⇒川津, 【市営1川津⑧】県合同庁舎⇒相生⇒松江駅⇒くにびき⇒川津, 【市営1川津⑪】＜通勤快速＞県合同庁舎⇒上乃木⇒京橋⇒市役所⇒温泉駅, 【市営7南循環①】市立病院⇔県立大学⇔県合庁⇔松江駅⇔美術館⇔乃木駅⇔市立病院, 【市営7南循環①】県立大学⇔県合同庁舎⇔松江駅⇔美術館⇔乃木駅⇔市立病院, 【市営7南循環②】市立病院⇒乃木駅⇒松江駅⇒県合同庁舎⇒県立大学⇒市立病院, 【市営7南循環②】市立病院⇒乃木駅⇒松江駅⇒県合同庁舎⇒県立大学（止）"
論田,安来市,買い物バス
阿宮島橋,出雲市,平田生活バス　地合線
古志原,松江市,"【市営1川津①】県合同庁舎⇔相生⇔松江駅⇔北堀⇔あじさい団地, 【市営1川津①】県合同庁舎⇔相生⇔松江駅⇔北堀⇔川津, 【市営1川津②】県合同庁舎⇔相生⇔松江駅⇔北堀⇔平成ニュータウン, 【市営1川津③】かんべの里⇔相生⇔松江駅⇔北堀⇔川津, 【市営1川津⑤】県合同庁舎⇔桧山⇔松江駅⇔北堀⇔川津, 【市営1川津⑥】平成町車庫⇔大庭⇔相生⇔松江駅⇔北堀⇔川津, 【市営1川津⑦】県合同庁舎⇒相生⇒竪町⇒北堀⇒川津, 【市営1川津⑧】県合同庁舎⇒相生⇒松江駅⇒くにびき⇒川津, 【市営1川津⑩】＜深夜バス＞松江駅⇒相生⇒大庭⇒平成町車庫, 【市営7南循環①】市立病院⇔県立大学⇔県合庁⇔松江駅⇔美術館⇔乃木駅⇔市立病院, 【市営7南循環①】県立大学⇔県合同庁舎⇔松江駅⇔美術館⇔乃木駅⇔市立病院, 【市営7南循環②】市立病院⇒乃木駅⇒松江駅⇒県合同庁舎⇒県立大学⇒市立病院, 【市営7南循環②】市立病院⇒乃木駅⇒松江駅⇒県合同庁舎⇒県立大学（止）"
古志原,一畑バス（株）,【松江管内】八雲線
古志原住宅前,松江市,"【市営7南循環①】市立病院⇔県立大学⇔県合庁⇔松江駅⇔美術館⇔乃木駅⇔市立病院, 【市営7南循環①】県立大学⇔県合同庁舎⇔松江駅⇔美術館⇔乃木駅⇔市立病院, 【市営7南循環②】市立病院⇒乃木駅⇒松江駅⇒県合同庁舎⇒県立大学⇒市立病院, 【市営7南循環②】市立病院⇒乃木駅⇒松江駅⇒県合同庁舎⇒県立大学（止）"
富原,松江市,"【市営1川津①】県合同庁舎⇔相生⇔松江駅⇔北堀⇔あじさい団地, 【市営1川津①】県合同庁舎⇔相生⇔松江駅⇔北堀⇔川津, 【市営1川津②】県合同庁舎⇔相生⇔松江駅⇔北堀⇔平成ニュータウン, 【市営1川津⑤】県合同庁舎⇔桧山⇔松江駅⇔北堀⇔川津, 【市営1川津⑦】県合同庁舎⇒相生⇒竪町⇒北堀⇒川津, 【市営1川津⑧】県合同庁舎⇒相生⇒松江駅⇒くにびき⇒川津, 【市営7南循環①】市立病院⇔県立大学⇔県合庁⇔松江駅⇔美術館⇔乃木駅⇔市立病院, 【市営7南循環①】県立大学⇔県合同庁舎⇔松江駅⇔美術館⇔乃木駅⇔市立病院, 【市営7南循環②】市立病院⇒乃木駅⇒松江駅⇒県合同庁舎⇒県立大学⇒市立病院, 【市営7南循環②】市立病院⇒乃木駅⇒松江駅⇒県合同庁舎⇒県立大学（止）"
JA鰐淵店,出雲市,平田生活バス　鰐淵線
別石,安来市,買い物バス
はなみずきの里,松江市,東出雲コミュニティバス　下意東線
外島会館前,出雲市,平田生活バス　島村線　平日
八曽利,松江市,"【市営4八束①】八束町⇒江島⇒八束町⇒松江駅⇒乃木駅⇒商業高⇒市立病院, 【市営4八束①】市立病院⇔商業高⇔乃木駅⇔松江駅⇔大海崎⇔八束町, 【市営4八束①】平成町車庫⇒商業高⇒乃木駅⇒松江駅⇒大海崎, 【市営4八束①】平成町車庫⇒商業高⇒乃木駅⇒松江駅⇒大海崎⇒八束町, 【市営4八束②】八束町⇒上宇部尾⇒女子高⇒松江駅⇒乃木駅⇒商業高⇒市立病院, 【市営4八束②】八束町⇒上宇部尾⇒女子高⇒松江駅⇒乃木駅⇒商業高⇒平成町車庫, 【市営4八束②】八束町⇒江島⇒上宇部尾⇒松江駅⇒乃木駅⇒商業高⇒市立病院, 【市営4八束②】平成町車庫⇒商業高⇒乃木駅⇒松江駅, 【市営4八束②】平成町車庫⇒商業高⇒乃木駅⇒松江駅⇒上宇部尾⇒江島⇒八束町, 【市営6病院②】平成町車庫⇒商業高⇒乃木駅⇒松江駅⇒県民会館⇒温泉駅, 【市営6病院②】温泉駅⇒県民会館⇒松江駅⇒乃木駅⇒商業高⇒市立病院, 【市営6病院⑤】市立病院⇔西の原⇔生協病院前⇔松江駅⇔日赤⇔温泉駅⇔福祉センター, 【市営6病院⑦】温泉駅⇒県民会館⇒松江駅⇒相生⇒西の原⇒商業高⇒平成町車庫"
いこいセンター,松江市,東出雲コミュニティバス　下意東線
仲良し橋,松江市,"【市営7南循環①】市立病院⇔県立大学⇔県合庁⇔松江駅⇔美術館⇔乃木駅⇔市立病院, 【市営7南循環①】県立大学⇔県合同庁舎⇔松江駅⇔美術館⇔乃木駅⇔市立病院, 【市営7南循環②】市立病院⇒乃木駅⇒松江駅⇒県合同庁舎⇒県立大学⇒市立病院, 【市営7南循環②】市立病院⇒乃木駅⇒松江駅⇒県合同庁舎⇒県立大学（止）"
阿宮島会館,出雲市,"平田生活バス　地合線, 平田生活バス　地合線分岐"
新田東阿,出雲市,平田生活バス　地合線
あすなろ橋,松江市,"【市営7南循環①】市立病院⇔県立大学⇔県合庁⇔松江駅⇔美術館⇔乃木駅⇔市立病院, 【市営7南循環①】県立大学⇔県合同庁舎⇔松江駅⇔美術館⇔乃木駅⇔市立病院, 【市営7南循環②】市立病院⇒乃木駅⇒松江駅⇒県合同庁舎⇒県立大学⇒市立病院, 【市営7南循環②】市立病院⇒乃木駅⇒松江駅⇒県合同庁舎⇒県立大学（止）"
灘分新田,出雲市,"平田生活バス　地合線, 平田生活バス　地合線分岐, 平田生活バス　島村線　平日"
茶山,松江市,"【市営7南循環①】市立病院⇔県立大学⇔県合庁⇔松江駅⇔美術館⇔乃木駅⇔市立病院, 【市営7南循環①】県立大学⇔県合同庁舎⇔松江駅⇔美術館⇔乃木駅⇔市立病院, 【市営7南循環②】市立病院⇒乃木駅⇒松江駅⇒県合同庁舎⇒県立大学⇒市立病院, 【市営7南循環②】市立病院⇒乃木駅⇒松江駅⇒県合同庁舎⇒県立大学（止）, 【市営8朝日ヶ丘①】平成町車庫⇔茶山⇔桧山⇔松江駅⇔朝日ヶ丘⇔授産センター"
西田コミュニティセンター前,出雲市,平田生活バス　北浜線
乃木保育所入口,松江市,"【市営1川津④】市立病院⇔西の原⇔相生⇔松江駅⇔北堀⇔川津, 【市営6病院①】市立病院⇔西の原⇔桧山⇔松江駅⇔日赤⇔温泉駅⇒福祉センター, 【市営6病院①】福祉センター⇒温泉駅⇒日赤⇒松江駅⇒桧山⇒西の原⇒県立大学, 【市営6病院③】市立病院⇔西の原⇔桧山⇔松江駅⇔くにびき⇔ソフトビジネスパーク, 【市営6病院③】平成町車庫⇒西の原⇒生協前⇒松江駅⇒くにびき⇒ソフトビジネスパーク, 【市営6病院③】平成町車庫⇔西の原⇔桧山⇔松江駅⇔くにびき⇔ソフトビジネスパーク, 【市営6病院④】市立病院⇔乃木駅⇔浜乃木⇔竪町⇔大橋⇔内中原小⇔温泉駅, 【市営8朝日ヶ丘③】平成町車庫⇒西の原⇒生協前⇒松江駅⇒授産センター, 【市営8朝日ヶ丘③】平成町車庫⇒西の原⇒生協前⇒松江駅⇒運転免許センター⇒授産センター"
中ノ島団地,出雲市,平田生活バス　地合線分岐
井出平,松江市,"【市営1川津①】県合同庁舎⇔相生⇔松江駅⇔北堀⇔あじさい団地, 【市営1川津①】県合同庁舎⇔相生⇔松江駅⇔北堀⇔川津, 【市営1川津②】県合同庁舎⇔相生⇔松江駅⇔北堀⇔平成ニュータウン, 【市営1川津⑤】県合同庁舎⇔桧山⇔松江駅⇔北堀⇔川津, 【市営1川津⑦】県合同庁舎⇒相生⇒竪町⇒北堀⇒川津, 【市営1川津⑧】県合同庁舎⇒相生⇒松江駅⇒くにびき⇒川津, 【市営7南循環①】市立病院⇔県立大学⇔県合庁⇔松江駅⇔美術館⇔乃木駅⇔市立病院, 【市営7南循環①】県立大学⇔県合同庁舎⇔松江駅⇔美術館⇔乃木駅⇔市立病院, 【市営7南循環②】市立病院⇒乃木駅⇒松江駅⇒県合同庁舎⇒県立大学⇒市立病院, 【市営7南循環②】市立病院⇒乃木駅⇒松江駅⇒県合同庁舎⇒県立大学（止）"
かじや鼻,出雲市,平田生活バス　鰐淵線
東万田,出雲市,平田生活バス　北浜線
矢の原入口,松江市,"【市営1川津⑨】川津⇒くにびき⇒松江駅⇒相生⇒南高校⇒公園墓地⇒平成町車庫, 【市営2あじさい①】あじさい団地⇒北田⇒松江駅⇒駅南口⇒桧山⇒八重垣神社⇒平成町車庫⇒市立病院, 【市営2あじさい①】八重垣神社⇔桧山⇔駅南口⇔松江駅⇔北田⇔あじさい団地, 【市営2あじさい①】市立病院⇔八重垣神社⇔桧山⇔駅南口⇔松江駅⇔北田⇔あじさい団地, 【市営2あじさい①】平成町車庫⇔八重垣神社⇔桧山⇔駅南口⇔松江駅⇔北田⇔あじさい団地, 【市営2あじさい①】平成町車庫⇔南高校⇔桧山⇔駅南口⇔松江駅⇔北田⇔あじさい団地, 【市営2あじさい②】あじさい団地⇒養護学校⇒北田⇒松江駅⇒桧山⇒八重垣神社⇒平成町車庫, 【市営2あじさい②】市立病院⇒墓地⇒八重垣神社⇒桧山⇒松江駅⇒北田⇒養護学校⇒あじさい団地, 【市営2あじさい②】市立病院⇔八重垣神社⇔桧山⇔松江駅⇔北田⇔養護学校⇔あじさい団地, 【市営3竹矢④】市立病院⇒南高校⇒桧山⇒竹矢, 【市営3竹矢④】竹矢⇒桧山⇒南高校⇒平成町車庫⇒市立病院, 【市営5八重垣①】八重垣神社⇔虹⇔桧山⇔イオン⇔松江駅⇔市役所⇔温泉駅, 【市営5八重垣①】公園墓地⇔八重垣神社⇔桧山⇔イオン⇔松江駅⇔市役所⇔温泉駅, 【市営5八重垣②】八重垣神社⇒虹⇒桧山⇒駅南口⇒松江駅⇒北堀⇒淞北台団地, 【市営5八重垣②】八重垣神社⇔桧山⇔駅南口⇔松江駅⇔北堀⇔淞北台団地, 【市営5八重垣③】淞北台団地⇒北堀⇒松江駅⇒イオン⇒桧山⇒八重垣神社⇒公園墓地, 【市営5八重垣④】八重垣神社⇒桧山⇒松江駅⇒くにびき⇒ソフトビジネスパーク, 【市営5八重垣④】八重垣神社⇔虹⇔桧山⇔松江駅⇔くにびき⇔ソフトビジネスパーク, 【市営5八重垣⑤】かんべの里⇔八重垣神社⇔桧山⇔松江駅⇔宍道湖大橋⇔温泉駅"
乃木二子塚古墳前,松江市,"【市営7南循環①】市立病院⇔県立大学⇔県合庁⇔松江駅⇔美術館⇔乃木駅⇔市立病院, 【市営7南循環①】県立大学⇔県合同庁舎⇔松江駅⇔美術館⇔乃木駅⇔市立病院, 【市営7南循環②】市立病院⇒乃木駅⇒松江駅⇒県合同庁舎⇒県立大学⇒市立病院, 【市営7南循環②】市立病院⇒乃木駅⇒松江駅⇒県合同庁舎⇒県立大学（止）, 【市営8朝日ヶ丘①】平成町車庫⇔茶山⇔桧山⇔松江駅⇔朝日ヶ丘⇔授産センター"
上口,松江市,"【市営1川津③】かんべの里⇔相生⇔松江駅⇔北堀⇔川津, 【市営1川津⑥】平成町車庫⇔大庭⇔相生⇔松江駅⇔北堀⇔川津, 【市営1川津⑩】＜深夜バス＞松江駅⇒相生⇒大庭⇒平成町車庫"
上口,一畑バス（株）,【松江管内】八雲線
奥宇賀,出雲市,平田生活バス　鰐淵線
西田小学校前,出雲市,平田生活バス　北浜線
平田高校前,出雲市,"平田生活バス　塩津線, 平田生活バス　坂浦線, 平田生活バス　鹿園寺線"
住吉,安来市,買い物バス
浜乃木六丁目,松江市,"【市営4八束①】八束町⇒江島⇒八束町⇒松江駅⇒乃木駅⇒商業高⇒市立病院, 【市営4八束①】市立病院⇔商業高⇔乃木駅⇔松江駅⇔大海崎⇔八束町, 【市営4八束①】平成町車庫⇒商業高⇒乃木駅⇒松江駅⇒大海崎, 【市営4八束①】平成町車庫⇒商業高⇒乃木駅⇒松江駅⇒大海崎⇒八束町, 【市営4八束②】八束町⇒上宇部尾⇒女子高⇒松江駅⇒乃木駅⇒商業高⇒市立病院, 【市営4八束②】八束町⇒上宇部尾⇒女子高⇒松江駅⇒乃木駅⇒商業高⇒平成町車庫, 【市営4八束②】八束町⇒江島⇒上宇部尾⇒松江駅⇒乃木駅⇒商業高⇒市立病院, 【市営4八束②】平成町車庫⇒商業高⇒乃木駅⇒松江駅, 【市営4八束②】平成町車庫⇒商業高⇒乃木駅⇒松江駅⇒上宇部尾⇒江島⇒八束町, 【市営6病院②】平成町車庫⇒商業高⇒乃木駅⇒松江駅⇒県民会館⇒温泉駅, 【市営6病院②】温泉駅⇒県民会館⇒松江駅⇒乃木駅⇒商業高⇒市立病院, 【市営6病院⑤】市立病院⇔西の原⇔生協病院前⇔松江駅⇔日赤⇔温泉駅⇔福祉センター, 【市営6病院⑦】温泉駅⇒県民会館⇒松江駅⇒相生⇒西の原⇒商業高⇒平成町車庫"
平田中学校前,出雲市,"平田生活バス　塩津線, 平田生活バス　坂浦線, 平田生活バス　鹿園寺線"
内陸団地,一畑バス（株）,【松江管内】八雲線
上荒島町,安来市,買い物バス
鰐淵小学校,出雲市,平田生活バス　鰐淵線
納木谷,出雲市,平田生活バス　鰐淵線
山代住宅前,一畑バス（株）,【松江管内】八雲線
福富団地入口,一畑バス（株）,【松江管内】玉造線
農林高校前,松江市,"【市営7南循環①】市立病院⇔県立大学⇔県合庁⇔松江駅⇔美術館⇔乃木駅⇔市立病院, 【市営7南循環①】県立大学⇔県合同庁舎⇔松江駅⇔美術館⇔乃木駅⇔市立病院, 【市営7南循環②】市立病院⇒乃木駅⇒松江駅⇒県合同庁舎⇒県立大学⇒市立病院, 【市営7南循環②】市立病院⇒乃木駅⇒松江駅⇒県合同庁舎⇒県立大学（止）"
農林高校前,一畑バス（株）,【松江管内】大東線
鼻曲,松江市,"【市営1川津③】かんべの里⇔相生⇔松江駅⇔北堀⇔川津, 【市営1川津⑥】平成町車庫⇔大庭⇔相生⇔松江駅⇔北堀⇔川津, 【市営1川津⑩】＜深夜バス＞松江駅⇒相生⇒大庭⇒平成町車庫"
鼻曲,一畑バス（株）,【松江管内】八雲線
矢の原,松江市,"【市営1川津⑨】川津⇒くにびき⇒松江駅⇒相生⇒南高校⇒公園墓地⇒平成町車庫, 【市営2あじさい①】あじさい団地⇒北田⇒松江駅⇒駅南口⇒桧山⇒八重垣神社⇒平成町車庫⇒市立病院, 【市営2あじさい①】八重垣神社⇔桧山⇔駅南口⇔松江駅⇔北田⇔あじさい団地, 【市営2あじさい①】市立病院⇔八重垣神社⇔桧山⇔駅南口⇔松江駅⇔北田⇔あじさい団地, 【市営2あじさい①】平成町車庫⇔八重垣神社⇔桧山⇔駅南口⇔松江駅⇔北田⇔あじさい団地, 【市営2あじさい①】平成町車庫⇔南高校⇔桧山⇔駅南口⇔松江駅⇔北田⇔あじさい団地, 【市営2あじさい②】あじさい団地⇒養護学校⇒北田⇒松江駅⇒桧山⇒八重垣神社⇒平成町車庫, 【市営2あじさい②】市立病院⇒墓地⇒八重垣神社⇒桧山⇒松江駅⇒北田⇒養護学校⇒あじさい団地, 【市営2あじさい②】市立病院⇔八重垣神社⇔桧山⇔松江駅⇔北田⇔養護学校⇔あじさい団地, 【市営3竹矢④】市立病院⇒南高校⇒桧山⇒竹矢, 【市営3竹矢④】竹矢⇒桧山⇒南高校⇒平成町車庫⇒市立病院, 【市営5八重垣①】八重垣神社⇔虹⇔桧山⇔イオン⇔松江駅⇔市役所⇔温泉駅, 【市営5八重垣①】公園墓地⇔八重垣神社⇔桧山⇔イオン⇔松江駅⇔市役所⇔温泉駅, 【市営5八重垣②】八重垣神社⇒虹⇒桧山⇒駅南口⇒松江駅⇒北堀⇒淞北台団地, 【市営5八重垣②】八重垣神社⇔桧山⇔駅南口⇔松江駅⇔北堀⇔淞北台団地, 【市営5八重垣③】淞北台団地⇒北堀⇒松江駅⇒イオン⇒桧山⇒八重垣神社⇒公園墓地, 【市営5八重垣④】八重垣神社⇒桧山⇒松江駅⇒くにびき⇒ソフトビジネスパーク, 【市営5八重垣④】八重垣神社⇔虹⇔桧山⇔松江駅⇔くにびき⇔ソフトビジネスパーク, 【市営5八重垣⑤】かんべの里⇔八重垣神社⇔桧山⇔松江駅⇔宍道湖大橋⇔温泉駅"
福井団地,安来市,買い物バス
意東港前,松江市,東出雲コミュニティバス　下意東線
下出来洲,出雲市,"平田生活バス　島村線　平日, 平田生活バス　島村線　休日（土・日・祝）"
武内神社前,松江市,"【市営3竹矢①】四季ヶ丘⇒くにびき⇒松江駅⇒東朝日⇒竹矢⇒馬潟, 【市営3竹矢①】竹矢⇔東朝日⇔松江駅⇔くにびき⇔四季ヶ丘, 【市営3竹矢②】竹矢⇔東朝日⇔松江駅⇔市役所⇔温泉駅, 【市営3竹矢②】竹矢⇔東朝日⇔松江駅⇔市役所⇔温泉駅⇔福祉センター, 【市営3竹矢②】馬潟⇔竹矢⇔東朝日⇔松江駅⇔市役所⇔温泉駅⇔福祉センター, 【市営3竹矢③】竹矢⇔相生町入口⇔松江駅⇔市役所⇔温泉駅, 【市営3竹矢④】市立病院⇒南高校⇒桧山⇒竹矢, 【市営3竹矢④】竹矢⇒桧山⇒南高校⇒平成町車庫⇒市立病院, 【市営3竹矢⑤】竹矢⇒東朝日⇒松江駅⇒くにびき⇒島根大学⇒東高校"
武内神社前,一畑バス（株）,【松江管内】荒島線
運動公園入口,松江市,"【市営1川津④】市立病院⇔西の原⇔相生⇔松江駅⇔北堀⇔川津, 【市営6病院①】市立病院⇔西の原⇔桧山⇔松江駅⇔日赤⇔温泉駅⇒福祉センター, 【市営6病院①】福祉センター⇒温泉駅⇒日赤⇒松江駅⇒桧山⇒西の原⇒県立大学, 【市営6病院③】市立病院⇔西の原⇔桧山⇔松江駅⇔くにびき⇔ソフトビジネスパーク, 【市営6病院③】平成町車庫⇒西の原⇒生協前⇒松江駅⇒くにびき⇒ソフトビジネスパーク, 【市営6病院③】平成町車庫⇔西の原⇔桧山⇔松江駅⇔くにびき⇔ソフトビジネスパーク, 【市営6病院④】市立病院⇔乃木駅⇔浜乃木⇔竪町⇔大橋⇔内中原小⇔温泉駅, 【市営7南循環①】市立病院⇔県立大学⇔県合庁⇔松江駅⇔美術館⇔乃木駅⇔市立病院, 【市営7南循環①】県立大学⇔県合同庁舎⇔松江駅⇔美術館⇔乃木駅⇔市立病院, 【市営7南循環②】市立病院⇒乃木駅⇒松江駅⇒県合同庁舎⇒県立大学⇒市立病院, 【市営7南循環②】市立病院⇒乃木駅⇒松江駅⇒県合同庁舎⇒県立大学（止）, 【市営8朝日ヶ丘①】平成町車庫⇔茶山⇔桧山⇔松江駅⇔朝日ヶ丘⇔授産センター, 【市営8朝日ヶ丘③】平成町車庫⇒西の原⇒生協前⇒松江駅⇒授産センター, 【市営8朝日ヶ丘③】平成町車庫⇒西の原⇒生協前⇒松江駅⇒運転免許センター⇒授産センター"
中筋下,出雲市,平田生活バス　地合線
西田郵便局,出雲市,平田生活バス　鰐淵線
宝谷団地前,一畑バス（株）,【松江管内】八雲線
天場,出雲市,平田生活バス　鰐淵線
宇野田,出雲市,平田生活バス　鰐淵線
ラピタ平田店,出雲市,"平田生活バス　塩津線, 平田生活バス　坂浦線, 平田生活バス　地合線, 平田生活バス　地合線分岐, 平田生活バス　鹿園寺線"
山代町入口,一畑バス（株）,【松江管内】八雲線
崎田会館前,松江市,東出雲コミュニティバス　下意東線
田和山,松江市,"【市営7南循環①】市立病院⇔県立大学⇔県合庁⇔松江駅⇔美術館⇔乃木駅⇔市立病院, 【市営7南循環①】県立大学⇔県合同庁舎⇔松江駅⇔美術館⇔乃木駅⇔市立病院, 【市営7南循環②】市立病院⇒乃木駅⇒松江駅⇒県合同庁舎⇒県立大学⇒市立病院, 【市営7南循環②】市立病院⇒乃木駅⇒松江駅⇒県合同庁舎⇒県立大学（止）, 忌部コミュニティバス　空山線, 忌部コミュニティバス　南駐車場・大川端線, 玉湯コミュニティバス　市立病院線"
田和山,一畑バス（株）,【松江管内】大東線
浜乃木七丁目,松江市,"【市営4八束①】八束町⇒江島⇒八束町⇒松江駅⇒乃木駅⇒商業高⇒市立病院, 【市営4八束①】市立病院⇔商業高⇔乃木駅⇔松江駅⇔大海崎⇔八束町, 【市営4八束①】平成町車庫⇒商業高⇒乃木駅⇒松江駅⇒大海崎, 【市営4八束①】平成町車庫⇒商業高⇒乃木駅⇒松江駅⇒大海崎⇒八束町, 【市営4八束②】八束町⇒上宇部尾⇒女子高⇒松江駅⇒乃木駅⇒商業高⇒市立病院, 【市営4八束②】八束町⇒上宇部尾⇒女子高⇒松江駅⇒乃木駅⇒商業高⇒平成町車庫, 【市営4八束②】八束町⇒江島⇒上宇部尾⇒松江駅⇒乃木駅⇒商業高⇒市立病院, 【市営4八束②】平成町車庫⇒商業高⇒乃木駅⇒松江駅, 【市営4八束②】平成町車庫⇒商業高⇒乃木駅⇒松江駅⇒上宇部尾⇒江島⇒八束町, 【市営6病院②】平成町車庫⇒商業高⇒乃木駅⇒松江駅⇒県民会館⇒温泉駅, 【市営6病院②】温泉駅⇒県民会館⇒松江駅⇒乃木駅⇒商業高⇒市立病院, 【市営6病院⑤】市立病院⇔西の原⇔生協病院前⇔松江駅⇔日赤⇔温泉駅⇔福祉センター, 【市営6病院⑦】温泉駅⇒県民会館⇒松江駅⇒相生⇒西の原⇒商業高⇒平成町車庫"
南高校前,松江市,"【市営1川津⑨】川津⇒くにびき⇒松江駅⇒相生⇒南高校⇒公園墓地⇒平成町車庫, 【市営2あじさい①】あじさい団地⇒北田⇒松江駅⇒駅南口⇒桧山⇒八重垣神社⇒平成町車庫⇒市立病院, 【市営2あじさい①】八重垣神社⇔桧山⇔駅南口⇔松江駅⇔北田⇔あじさい団地, 【市営2あじさい①】市立病院⇔八重垣神社⇔桧山⇔駅南口⇔松江駅⇔北田⇔あじさい団地, 【市営2あじさい①】平成町車庫⇔八重垣神社⇔桧山⇔駅南口⇔松江駅⇔北田⇔あじさい団地, 【市営2あじさい①】平成町車庫⇔南高校⇔桧山⇔駅南口⇔松江駅⇔北田⇔あじさい団地, 【市営2あじさい②】あじさい団地⇒養護学校⇒北田⇒松江駅⇒桧山⇒八重垣神社⇒平成町車庫, 【市営2あじさい②】市立病院⇒墓地⇒八重垣神社⇒桧山⇒松江駅⇒北田⇒養護学校⇒あじさい団地, 【市営2あじさい②】市立病院⇔八重垣神社⇔桧山⇔松江駅⇔北田⇔養護学校⇔あじさい団地, 【市営3竹矢④】市立病院⇒南高校⇒桧山⇒竹矢, 【市営3竹矢④】竹矢⇒桧山⇒南高校⇒平成町車庫⇒市立病院, 【市営5八重垣①】八重垣神社⇔虹⇔桧山⇔イオン⇔松江駅⇔市役所⇔温泉駅, 【市営5八重垣①】公園墓地⇔八重垣神社⇔桧山⇔イオン⇔松江駅⇔市役所⇔温泉駅, 【市営5八重垣②】八重垣神社⇒虹⇒桧山⇒駅南口⇒松江駅⇒北堀⇒淞北台団地, 【市営5八重垣②】八重垣神社⇔桧山⇔駅南口⇔松江駅⇔北堀⇔淞北台団地, 【市営5八重垣③】淞北台団地⇒北堀⇒松江駅⇒イオン⇒桧山⇒八重垣神社⇒公園墓地, 【市営5八重垣④】八重垣神社⇒桧山⇒松江駅⇒くにびき⇒ソフトビジネスパーク, 【市営5八重垣④】八重垣神社⇔虹⇔桧山⇔松江駅⇔くにびき⇔ソフトビジネスパーク, 【市営5八重垣⑤】かんべの里⇔八重垣神社⇔桧山⇔松江駅⇔宍道湖大橋⇔温泉駅"
福富橋,一畑バス（株）,【松江管内】大東線
口宇賀,出雲市,平田生活バス　鰐淵線
下出来洲会場,出雲市,"平田生活バス　島村線　平日, 平田生活バス　島村線　休日（土・日・祝）"
竹矢,一畑バス（株）,【松江管内】荒島線
竹矢,松江市,"【市営3竹矢①】四季ヶ丘⇒くにびき⇒松江駅⇒東朝日⇒竹矢⇒馬潟, 【市営3竹矢①】竹矢⇔東朝日⇔松江駅⇔くにびき⇔四季ヶ丘, 【市営3竹矢②】竹矢⇔東朝日⇔松江駅⇔市役所⇔温泉駅, 【市営3竹矢②】竹矢⇔東朝日⇔松江駅⇔市役所⇔温泉駅⇔福祉センター, 【市営3竹矢②】馬潟⇔竹矢⇔東朝日⇔松江駅⇔市役所⇔温泉駅⇔福祉センター, 【市営3竹矢③】竹矢⇔相生町入口⇔松江駅⇔市役所⇔温泉駅, 【市営3竹矢④】市立病院⇒南高校⇒桧山⇒竹矢, 【市営3竹矢④】竹矢⇒桧山⇒南高校⇒平成町車庫⇒市立病院, 【市営3竹矢⑤】竹矢⇒東朝日⇒松江駅⇒くにびき⇒島根大学⇒東高校, 東出雲コミュニティバス　出雲郷線"
竹矢,安来市,安来〜竹矢線
前田,出雲市,平田生活バス　鰐淵線
山代町,松江市,"【市営1川津③】かんべの里⇔相生⇔松江駅⇔北堀⇔川津, 【市営1川津⑥】平成町車庫⇔大庭⇔相生⇔松江駅⇔北堀⇔川津, 【市営1川津⑩】＜深夜バス＞松江駅⇒相生⇒大庭⇒平成町車庫"
山代町,一畑バス（株）,【松江管内】八雲線
前田橋,松江市,東出雲コミュニティバス　下意東線
市立病院,松江市,"【市営1川津④】市立病院⇔西の原⇔相生⇔松江駅⇔北堀⇔川津, 【市営2あじさい①】あじさい団地⇒北田⇒松江駅⇒駅南口⇒桧山⇒八重垣神社⇒平成町車庫⇒市立病院, 【市営2あじさい①】市立病院⇔八重垣神社⇔桧山⇔駅南口⇔松江駅⇔北田⇔あじさい団地, 【市営2あじさい②】市立病院⇒墓地⇒八重垣神社⇒桧山⇒松江駅⇒北田⇒養護学校⇒あじさい団地, 【市営2あじさい②】市立病院⇔八重垣神社⇔桧山⇔松江駅⇔北田⇔養護学校⇔あじさい団地, 【市営3竹矢④】市立病院⇒南高校⇒桧山⇒竹矢, 【市営3竹矢④】竹矢⇒桧山⇒南高校⇒平成町車庫⇒市立病院, 【市営4八束①】八束町⇒江島⇒八束町⇒松江駅⇒乃木駅⇒商業高⇒市立病院, 【市営4八束①】市立病院⇔商業高⇔乃木駅⇔松江駅⇔大海崎⇔八束町, 【市営4八束②】八束町⇒上宇部尾⇒女子高⇒松江駅⇒乃木駅⇒商業高⇒市立病院, 【市営4八束②】八束町⇒江島⇒上宇部尾⇒松江駅⇒乃木駅⇒商業高⇒市立病院, 【市営6病院①】市立病院⇔西の原⇔桧山⇔松江駅⇔日赤⇔温泉駅⇒福祉センター, 【市営6病院②】温泉駅⇒県民会館⇒松江駅⇒乃木駅⇒商業高⇒市立病院, 【市営6病院③】市立病院⇔西の原⇔桧山⇔松江駅⇔くにびき⇔ソフトビジネスパーク, 【市営6病院④】市立病院⇔乃木駅⇔浜乃木⇔竪町⇔大橋⇔内中原小⇔温泉駅, 【市営6病院⑤】市立病院⇔西の原⇔生協病院前⇔松江駅⇔日赤⇔温泉駅⇔福祉センター, 【市営7南循環①】市立病院⇔県立大学⇔県合庁⇔松江駅⇔美術館⇔乃木駅⇔市立病院, 【市営7南循環①】県立大学⇔県合同庁舎⇔松江駅⇔美術館⇔乃木駅⇔市立病院, 【市営7南循環②】市立病院⇒乃木駅⇒松江駅⇒県合同庁舎⇒県立大学⇒市立病院, 【市営7南循環②】市立病院⇒乃木駅⇒松江駅⇒県合同庁舎⇒県立大学（止）, 忌部コミュニティバス　空山線, 忌部コミュニティバス　南駐車場・大川端線, 玉湯コミュニティバス　市立病院線"
田和山史跡公園,松江市,"【市営7南循環①】市立病院⇔県立大学⇔県合庁⇔松江駅⇔美術館⇔乃木駅⇔市立病院, 【市営7南循環①】県立大学⇔県合同庁舎⇔松江駅⇔美術館⇔乃木駅⇔市立病院, 【市営7南循環②】市立病院⇒乃木駅⇒松江駅⇒県合同庁舎⇒県立大学⇒市立病院, 【市営7南循環②】市立病院⇒乃木駅⇒松江駅⇒県合同庁舎⇒県立大学（止）, 玉湯コミュニティバス　市立病院線"
田和山史跡公園,一畑バス（株）,【松江管内】大東線
奈良尾,出雲市,平田生活バス　北浜線
みしまや田和山店,松江市,"忌部コミュニティバス　空山線, 忌部コミュニティバス　南駐車場・大川端線, 玉湯コミュニティバス　市立病院線"
県立大学前,松江市,"【市営1川津④】市立病院⇔西の原⇔相生⇔松江駅⇔北堀⇔川津, 【市営6病院①】市立病院⇔西の原⇔桧山⇔松江駅⇔日赤⇔温泉駅⇒福祉センター, 【市営6病院①】福祉センター⇒温泉駅⇒日赤⇒松江駅⇒桧山⇒西の原⇒県立大学, 【市営6病院③】市立病院⇔西の原⇔桧山⇔松江駅⇔くにびき⇔ソフトビジネスパーク, 【市営6病院③】平成町車庫⇒西の原⇒生協前⇒松江駅⇒くにびき⇒ソフトビジネスパーク, 【市営6病院③】平成町車庫⇔西の原⇔桧山⇔松江駅⇔くにびき⇔ソフトビジネスパーク, 【市営6病院④】市立病院⇔乃木駅⇔浜乃木⇔竪町⇔大橋⇔内中原小⇔温泉駅, 【市営7南循環①】市立病院⇔県立大学⇔県合庁⇔松江駅⇔美術館⇔乃木駅⇔市立病院, 【市営7南循環①】県立大学⇔県合同庁舎⇔松江駅⇔美術館⇔乃木駅⇔市立病院, 【市営7南循環②】市立病院⇒乃木駅⇒松江駅⇒県合同庁舎⇒県立大学⇒市立病院, 【市営7南循環②】市立病院⇒乃木駅⇒松江駅⇒県合同庁舎⇒県立大学（止）, 【市営8朝日ヶ丘①】平成町車庫⇔茶山⇔桧山⇔松江駅⇔朝日ヶ丘⇔授産センター, 【市営8朝日ヶ丘③】平成町車庫⇒西の原⇒生協前⇒松江駅⇒授産センター, 【市営8朝日ヶ丘③】平成町車庫⇒西の原⇒生協前⇒松江駅⇒運転免許センター⇒授産センター"
上荒島公会堂前,安来市,買い物バス
商業高校前,松江市,"【市営4八束①】八束町⇒江島⇒八束町⇒松江駅⇒乃木駅⇒商業高⇒市立病院, 【市営4八束①】市立病院⇔商業高⇔乃木駅⇔松江駅⇔大海崎⇔八束町, 【市営4八束①】平成町車庫⇒商業高⇒乃木駅⇒松江駅⇒大海崎, 【市営4八束①】平成町車庫⇒商業高⇒乃木駅⇒松江駅⇒大海崎⇒八束町, 【市営4八束②】八束町⇒上宇部尾⇒女子高⇒松江駅⇒乃木駅⇒商業高⇒市立病院, 【市営4八束②】八束町⇒上宇部尾⇒女子高⇒松江駅⇒乃木駅⇒商業高⇒平成町車庫, 【市営4八束②】八束町⇒江島⇒上宇部尾⇒松江駅⇒乃木駅⇒商業高⇒市立病院, 【市営4八束②】平成町車庫⇒商業高⇒乃木駅⇒松江駅, 【市営4八束②】平成町車庫⇒商業高⇒乃木駅⇒松江駅⇒上宇部尾⇒江島⇒八束町, 【市営6病院②】平成町車庫⇒商業高⇒乃木駅⇒松江駅⇒県民会館⇒温泉駅, 【市営6病院②】温泉駅⇒県民会館⇒松江駅⇒乃木駅⇒商業高⇒市立病院, 【市営6病院⑤】市立病院⇔西の原⇔生協病院前⇔松江駅⇔日赤⇔温泉駅⇔福祉センター, 【市営6病院⑦】温泉駅⇒県民会館⇒松江駅⇒相生⇒西の原⇒商業高⇒平成町車庫"
養護学校乃木校舎前,一畑バス（株）,【松江管内】玉造線
意東児童クラブ,松江市,東出雲コミュニティバス　下意東線
八雲台入口,松江市,"【市営1川津⑨】川津⇒くにびき⇒松江駅⇒相生⇒南高校⇒公園墓地⇒平成町車庫, 【市営2あじさい①】あじさい団地⇒北田⇒松江駅⇒駅南口⇒桧山⇒八重垣神社⇒平成町車庫⇒市立病院, 【市営2あじさい①】八重垣神社⇔桧山⇔駅南口⇔松江駅⇔北田⇔あじさい団地, 【市営2あじさい①】市立病院⇔八重垣神社⇔桧山⇔駅南口⇔松江駅⇔北田⇔あじさい団地, 【市営2あじさい①】平成町車庫⇔八重垣神社⇔桧山⇔駅南口⇔松江駅⇔北田⇔あじさい団地, 【市営2あじさい①】平成町車庫⇔南高校⇔桧山⇔駅南口⇔松江駅⇔北田⇔あじさい団地, 【市営2あじさい②】あじさい団地⇒養護学校⇒北田⇒松江駅⇒桧山⇒八重垣神社⇒平成町車庫, 【市営2あじさい②】市立病院⇒墓地⇒八重垣神社⇒桧山⇒松江駅⇒北田⇒養護学校⇒あじさい団地, 【市営2あじさい②】市立病院⇔八重垣神社⇔桧山⇔松江駅⇔北田⇔養護学校⇔あじさい団地, 【市営3竹矢④】市立病院⇒南高校⇒桧山⇒竹矢, 【市営3竹矢④】竹矢⇒桧山⇒南高校⇒平成町車庫⇒市立病院, 【市営5八重垣①】八重垣神社⇔虹⇔桧山⇔イオン⇔松江駅⇔市役所⇔温泉駅, 【市営5八重垣①】公園墓地⇔八重垣神社⇔桧山⇔イオン⇔松江駅⇔市役所⇔温泉駅, 【市営5八重垣②】八重垣神社⇒虹⇒桧山⇒駅南口⇒松江駅⇒北堀⇒淞北台団地, 【市営5八重垣②】八重垣神社⇔桧山⇔駅南口⇔松江駅⇔北堀⇔淞北台団地, 【市営5八重垣③】淞北台団地⇒北堀⇒松江駅⇒イオン⇒桧山⇒八重垣神社⇒公園墓地, 【市営5八重垣④】八重垣神社⇒桧山⇒松江駅⇒くにびき⇒ソフトビジネスパーク, 【市営5八重垣④】八重垣神社⇔虹⇔桧山⇔松江駅⇔くにびき⇔ソフトビジネスパーク, 【市営5八重垣⑤】かんべの里⇔八重垣神社⇔桧山⇔松江駅⇔宍道湖大橋⇔温泉駅"
前之園医院,松江市,"忌部コミュニティバス　空山線, 忌部コミュニティバス　南駐車場・大川端線"
袋町,出雲市,"平田生活バス　塩津線, 平田生活バス　坂浦線, 平田生活バス　地合線, 平田生活バス　地合線分岐, 平田生活バス　鹿園寺線"
長者原団地前,松江市,"【市営1川津③】かんべの里⇔相生⇔松江駅⇔北堀⇔川津, 【市営1川津⑥】平成町車庫⇔大庭⇔相生⇔松江駅⇔北堀⇔川津, 【市営1川津⑩】＜深夜バス＞松江駅⇒相生⇒大庭⇒平成町車庫"
長者原団地前,一畑バス（株）,【松江管内】八雲線
意東小学校前,松江市,東出雲コミュニティバス　下意東線
御崎町,安来市,買い物バス
宮西町,出雲市,平田生活バス　北浜線
田和山南,松江市,"忌部コミュニティバス　空山線, 忌部コミュニティバス　南駐車場・大川端線"
新宇賀橋,出雲市,平田生活バス　北浜線
宇美神社,出雲市,平田生活バス　北浜線
松原,松江市,東出雲コミュニティバス　下意東線
平田本陣記念館入口,出雲市,平田生活バス　北浜線
みのりが丘,一畑バス（株）,【松江管内】玉造線
崎田3区,松江市,東出雲コミュニティバス　下意東線
長者原,松江市,"【市営1川津③】かんべの里⇔相生⇔松江駅⇔北堀⇔川津, 【市営1川津⑥】平成町車庫⇔大庭⇔相生⇔松江駅⇔北堀⇔川津, 【市営1川津⑩】＜深夜バス＞松江駅⇒相生⇒大庭⇒平成町車庫"
長者原,一畑バス（株）,【松江管内】八雲線
勝負,一畑バス（株）,【松江管内】大東線
みどりの郷平田,出雲市,"平田生活バス　島村線　平日, 平田生活バス　島村線　休日（土・日・祝）"
北本町,出雲市,"平田生活バス　塩津線, 平田生活バス　坂浦線, 平田生活バス　北浜線, 平田生活バス　地合線, 平田生活バス　地合線分岐, 平田生活バス　鹿園寺線"
和鋼博物館前,安来市,"観光ループ, 買い物バス, 安来〜吉田線, 市街地循環バス, 伯太（草野）〜安来線, 安来〜竹矢線"
和鋼博物館,安来市,"広瀬〜米子線, 米子〜広瀬線"
徳雲寺橋,出雲市,平田生活バス　鰐淵線
八重垣団地入口,松江市,"【市営1川津⑨】川津⇒くにびき⇒松江駅⇒相生⇒南高校⇒公園墓地⇒平成町車庫, 【市営2あじさい①】あじさい団地⇒北田⇒松江駅⇒駅南口⇒桧山⇒八重垣神社⇒平成町車庫⇒市立病院, 【市営2あじさい①】八重垣神社⇔桧山⇔駅南口⇔松江駅⇔北田⇔あじさい団地, 【市営2あじさい①】市立病院⇔八重垣神社⇔桧山⇔駅南口⇔松江駅⇔北田⇔あじさい団地, 【市営2あじさい①】平成町車庫⇔八重垣神社⇔桧山⇔駅南口⇔松江駅⇔北田⇔あじさい団地, 【市営2あじさい①】平成町車庫⇔南高校⇔桧山⇔駅南口⇔松江駅⇔北田⇔あじさい団地, 【市営2あじさい②】あじさい団地⇒養護学校⇒北田⇒松江駅⇒桧山⇒八重垣神社⇒平成町車庫, 【市営2あじさい②】市立病院⇒墓地⇒八重垣神社⇒桧山⇒松江駅⇒北田⇒養護学校⇒あじさい団地, 【市営2あじさい②】市立病院⇔八重垣神社⇔桧山⇔松江駅⇔北田⇔養護学校⇔あじさい団地, 【市営3竹矢④】市立病院⇒南高校⇒桧山⇒竹矢, 【市営3竹矢④】竹矢⇒桧山⇒南高校⇒平成町車庫⇒市立病院, 【市営5八重垣①】八重垣神社⇔虹⇔桧山⇔イオン⇔松江駅⇔市役所⇔温泉駅, 【市営5八重垣①】公園墓地⇔八重垣神社⇔桧山⇔イオン⇔松江駅⇔市役所⇔温泉駅, 【市営5八重垣②】八重垣神社⇒虹⇒桧山⇒駅南口⇒松江駅⇒北堀⇒淞北台団地, 【市営5八重垣②】八重垣神社⇔桧山⇔駅南口⇔松江駅⇔北堀⇔淞北台団地, 【市営5八重垣③】淞北台団地⇒北堀⇒松江駅⇒イオン⇒桧山⇒八重垣神社⇒公園墓地, 【市営5八重垣④】八重垣神社⇒桧山⇒松江駅⇒くにびき⇒ソフトビジネスパーク, 【市営5八重垣④】八重垣神社⇔虹⇔桧山⇔松江駅⇔くにびき⇔ソフトビジネスパーク, 【市営5八重垣⑤】かんべの里⇔八重垣神社⇔桧山⇔松江駅⇔宍道湖大橋⇔温泉駅"
ラ・ムー前,安来市,買い物バス
下古川,出雲市,"平田生活バス　島村線　平日, 平田生活バス　島村線　休日（土・日・祝）"
東本町,出雲市,"平田生活バス　塩津線, 平田生活バス　坂浦線, 平田生活バス　北浜線, 平田生活バス　地合線, 平田生活バス　地合線分岐, 平田生活バス　鰐淵線, 平田生活バス　鹿園寺線"
湖南中学校前,松江市,"【市営1川津④】市立病院⇔西の原⇔相生⇔松江駅⇔北堀⇔川津, 【市営4八束①】八束町⇒江島⇒八束町⇒松江駅⇒乃木駅⇒商業高⇒市立病院, 【市営4八束①】市立病院⇔商業高⇔乃木駅⇔松江駅⇔大海崎⇔八束町, 【市営4八束①】平成町車庫⇒商業高⇒乃木駅⇒松江駅⇒大海崎, 【市営4八束①】平成町車庫⇒商業高⇒乃木駅⇒松江駅⇒大海崎⇒八束町, 【市営4八束②】八束町⇒上宇部尾⇒女子高⇒松江駅⇒乃木駅⇒商業高⇒市立病院, 【市営4八束②】八束町⇒上宇部尾⇒女子高⇒松江駅⇒乃木駅⇒商業高⇒平成町車庫, 【市営4八束②】八束町⇒江島⇒上宇部尾⇒松江駅⇒乃木駅⇒商業高⇒市立病院, 【市営4八束②】平成町車庫⇒商業高⇒乃木駅⇒松江駅, 【市営4八束②】平成町車庫⇒商業高⇒乃木駅⇒松江駅⇒上宇部尾⇒江島⇒八束町, 【市営6病院①】市立病院⇔西の原⇔桧山⇔松江駅⇔日赤⇔温泉駅⇒福祉センター, 【市営6病院②】平成町車庫⇒商業高⇒乃木駅⇒松江駅⇒県民会館⇒温泉駅, 【市営6病院②】温泉駅⇒県民会館⇒松江駅⇒乃木駅⇒商業高⇒市立病院, 【市営6病院③】市立病院⇔西の原⇔桧山⇔松江駅⇔くにびき⇔ソフトビジネスパーク, 【市営6病院③】平成町車庫⇒西の原⇒生協前⇒松江駅⇒くにびき⇒ソフトビジネスパーク, 【市営6病院③】平成町車庫⇔西の原⇔桧山⇔松江駅⇔くにびき⇔ソフトビジネスパーク, 【市営6病院④】市立病院⇔乃木駅⇔浜乃木⇔竪町⇔大橋⇔内中原小⇔温泉駅, 【市営6病院⑤】市立病院⇔西の原⇔生協病院前⇔松江駅⇔日赤⇔温泉駅⇔福祉センター, 【市営6病院⑦】温泉駅⇒県民会館⇒松江駅⇒相生⇒西の原⇒商業高⇒平成町車庫, 【市営7南循環①】市立病院⇔県立大学⇔県合庁⇔松江駅⇔美術館⇔乃木駅⇔市立病院, 【市営7南循環②】市立病院⇒乃木駅⇒松江駅⇒県合同庁舎⇒県立大学⇒市立病院, 【市営8朝日ヶ丘①】平成町車庫⇔茶山⇔桧山⇔松江駅⇔朝日ヶ丘⇔授産センター, 【市営8朝日ヶ丘③】平成町車庫⇒西の原⇒生協前⇒松江駅⇒授産センター, 【市営8朝日ヶ丘③】平成町車庫⇒西の原⇒生協前⇒松江駅⇒運転免許センター⇒授産センター"
意東,安来市,安来〜竹矢線
意東,一畑バス（株）,【松江管内】荒島線
第一病院入口,安来市,"観光ループ, 安来〜吉田線, 市街地循環バス"
川原町,安来市,買い物バス
錦新町2丁目,松江市,"東出雲コミュニティバス　上意東線, 東出雲コミュニティバス　下意東線, 東出雲コミュニティバス　出雲郷線, 東出雲コミュニティバス　八雲線"
湯町中央,松江市,"玉湯コミュニティバス　東西循環線, 玉湯コミュニティバス　南北線"
出雲郷橋,安来市,安来〜竹矢線
出雲郷橋,一畑バス（株）,【松江管内】荒島線
上荒島,安来市,安来〜竹矢線
月形神社,安来市,買い物バス
南本町,出雲市,平田生活バス　鰐淵線
乃白北,一畑バス（株）,【松江管内】大東線
安来警察署前,安来市,安来〜竹矢線
藤谷,松江市,東出雲コミュニティバス　下意東線
越前,安来市,安来〜竹矢線
前飯島,安来市,"市街地循環バス, 安来〜竹矢線"
第一病院新館前,安来市,"観光ループ, 安来〜吉田線, 市街地循環バス"
赤江,安来市,安来〜竹矢線
羽入団地,松江市,東出雲コミュニティバス　下意東線
小島東公民館,出雲市,"平田生活バス　島村線　平日, 平田生活バス　島村線　休日（土・日・祝）"
サンライフ松江前,松江市,"【市営1川津⑥】平成町車庫⇔大庭⇔相生⇔松江駅⇔北堀⇔川津, 【市営1川津⑨】川津⇒くにびき⇒松江駅⇒相生⇒南高校⇒公園墓地⇒平成町車庫, 【市営1川津⑩】＜深夜バス＞松江駅⇒相生⇒大庭⇒平成町車庫, 【市営2あじさい①】あじさい団地⇒北田⇒松江駅⇒駅南口⇒桧山⇒八重垣神社⇒平成町車庫⇒市立病院, 【市営2あじさい①】市立病院⇔八重垣神社⇔桧山⇔駅南口⇔松江駅⇔北田⇔あじさい団地, 【市営2あじさい①】平成町車庫⇔八重垣神社⇔桧山⇔駅南口⇔松江駅⇔北田⇔あじさい団地, 【市営2あじさい①】平成町車庫⇔南高校⇔桧山⇔駅南口⇔松江駅⇔北田⇔あじさい団地, 【市営2あじさい②】あじさい団地⇒養護学校⇒北田⇒松江駅⇒桧山⇒八重垣神社⇒平成町車庫, 【市営2あじさい②】市立病院⇒墓地⇒八重垣神社⇒桧山⇒松江駅⇒北田⇒養護学校⇒あじさい団地, 【市営2あじさい②】市立病院⇔八重垣神社⇔桧山⇔松江駅⇔北田⇔養護学校⇔あじさい団地, 【市営3竹矢④】市立病院⇒南高校⇒桧山⇒竹矢, 【市営3竹矢④】竹矢⇒桧山⇒南高校⇒平成町車庫⇒市立病院"
大庭小学校前,松江市,"【市営1川津⑥】平成町車庫⇔大庭⇔相生⇔松江駅⇔北堀⇔川津, 【市営1川津⑩】＜深夜バス＞松江駅⇒相生⇒大庭⇒平成町車庫, 【市営5八重垣⑤】かんべの里⇒大庭⇒八重垣神社, 【市営5八重垣⑤】かんべの里⇔八重垣神社⇔桧山⇔松江駅⇔宍道湖大橋⇔温泉駅"
日御碕灯台,一畑バス（株）,【出雲管内】日御碕線
シルバー人材センター前,安来市,買い物バス
布志名東,松江市,玉湯コミュニティバス　市立病院線
布志名東,一畑バス（株）,【松江管内】玉造線
アイパルテ・コーナン前,松江市,"東出雲コミュニティバス　上意東線, 東出雲コミュニティバス　下意東線, 東出雲コミュニティバス　出雲郷線, 東出雲コミュニティバス　八雲線"
大庭十字路,松江市,"【市営1川津③】かんべの里⇔相生⇔松江駅⇔北堀⇔川津, 【市営1川津⑥】平成町車庫⇔大庭⇔相生⇔松江駅⇔北堀⇔川津, 【市営1川津⑩】＜深夜バス＞松江駅⇒相生⇒大庭⇒平成町車庫, 【市営5八重垣⑤】かんべの里⇒大庭⇒八重垣神社, 【市営5八重垣⑤】かんべの里⇔八重垣神社⇔桧山⇔松江駅⇔宍道湖大橋⇔温泉駅"
大庭十字路,一畑バス（株）,【松江管内】八雲線
JAしまね大庭店前,松江市,"【市営1川津⑥】平成町車庫⇔大庭⇔相生⇔松江駅⇔北堀⇔川津, 【市営1川津⑩】＜深夜バス＞松江駅⇒相生⇒大庭⇒平成町車庫, 【市営5八重垣⑤】かんべの里⇒大庭⇒八重垣神社, 【市営5八重垣⑤】かんべの里⇔八重垣神社⇔桧山⇔松江駅⇔宍道湖大橋⇔温泉駅"
布志名,松江市,玉湯コミュニティバス　市立病院線
布志名,一畑バス（株）,【松江管内】玉造線
町西,松江市,"東出雲コミュニティバス　出雲郷線, 東出雲コミュニティバス　八雲線"
中意東,松江市,東出雲コミュニティバス　下意東線
藤谷入口,安来市,安来〜竹矢線
藤谷入口,一畑バス（株）,【松江管内】荒島線
やすらぎの里前,松江市,"【市営1川津⑥】平成町車庫⇔大庭⇔相生⇔松江駅⇔北堀⇔川津, 【市営1川津⑩】＜深夜バス＞松江駅⇒相生⇒大庭⇒平成町車庫, 【市営5八重垣⑤】かんべの里⇒大庭⇒八重垣神社, 【市営5八重垣⑤】かんべの里⇔八重垣神社⇔桧山⇔松江駅⇔宍道湖大橋⇔温泉駅"
東平賀,松江市,東出雲コミュニティバス　下意東線
雲州平田駅,出雲市,"平田生活バス　塩津線, 平田生活バス　坂浦線, 平田生活バス　北浜線, 平田生活バス　地合線, 平田生活バス　地合線分岐, 平田生活バス　鰐淵線, 平田生活バス　鹿園寺線, 平田生活バス　島村線　平日, 平田生活バス　島村線　休日（土・日・祝）"
東天神町,安来市,安来〜竹矢線
東天神町,一畑バス（株）,【松江管内】荒島線
東十神,安来市,"市街地循環バス, 広瀬〜米子線, 米子〜広瀬線"
白根医院前,安来市,買い物バス
新十神,安来市,"市街地循環バス, 広瀬〜米子線, 米子〜広瀬線"
虹,松江市,"【市営5八重垣①】八重垣神社⇔虹⇔桧山⇔イオン⇔松江駅⇔市役所⇔温泉駅, 【市営5八重垣②】八重垣神社⇒虹⇒桧山⇒駅南口⇒松江駅⇒北堀⇒淞北台団地, 【市営5八重垣④】八重垣神社⇔虹⇔桧山⇔松江駅⇔くにびき⇔ソフトビジネスパーク"
佐草十字路,松江市,"【市営2あじさい①】あじさい団地⇒北田⇒松江駅⇒駅南口⇒桧山⇒八重垣神社⇒平成町車庫⇒市立病院, 【市営2あじさい①】八重垣神社⇔桧山⇔駅南口⇔松江駅⇔北田⇔あじさい団地, 【市営2あじさい①】市立病院⇔八重垣神社⇔桧山⇔駅南口⇔松江駅⇔北田⇔あじさい団地, 【市営2あじさい①】平成町車庫⇔八重垣神社⇔桧山⇔駅南口⇔松江駅⇔北田⇔あじさい団地, 【市営2あじさい②】あじさい団地⇒養護学校⇒北田⇒松江駅⇒桧山⇒八重垣神社⇒平成町車庫, 【市営2あじさい②】市立病院⇒墓地⇒八重垣神社⇒桧山⇒松江駅⇒北田⇒養護学校⇒あじさい団地, 【市営2あじさい②】市立病院⇔八重垣神社⇔桧山⇔松江駅⇔北田⇔養護学校⇔あじさい団地, 【市営5八重垣①】八重垣神社⇔虹⇔桧山⇔イオン⇔松江駅⇔市役所⇔温泉駅, 【市営5八重垣①】公園墓地⇔八重垣神社⇔桧山⇔イオン⇔松江駅⇔市役所⇔温泉駅, 【市営5八重垣②】八重垣神社⇒虹⇒桧山⇒駅南口⇒松江駅⇒北堀⇒淞北台団地, 【市営5八重垣②】八重垣神社⇔桧山⇔駅南口⇔松江駅⇔北堀⇔淞北台団地, 【市営5八重垣③】淞北台団地⇒北堀⇒松江駅⇒イオン⇒桧山⇒八重垣神社⇒公園墓地, 【市営5八重垣④】八重垣神社⇒桧山⇒松江駅⇒くにびき⇒ソフトビジネスパーク, 【市営5八重垣④】八重垣神社⇔虹⇔桧山⇔松江駅⇔くにびき⇔ソフトビジネスパーク, 【市営5八重垣⑤】かんべの里⇒大庭⇒八重垣神社, 【市営5八重垣⑤】かんべの里⇔八重垣神社⇔桧山⇔松江駅⇔宍道湖大橋⇔温泉駅"
大庭橋,松江市,"【市営1川津⑥】平成町車庫⇔大庭⇔相生⇔松江駅⇔北堀⇔川津, 【市営1川津⑨】川津⇒くにびき⇒松江駅⇒相生⇒南高校⇒公園墓地⇒平成町車庫, 【市営1川津⑩】＜深夜バス＞松江駅⇒相生⇒大庭⇒平成町車庫, 【市営2あじさい①】あじさい団地⇒北田⇒松江駅⇒駅南口⇒桧山⇒八重垣神社⇒平成町車庫⇒市立病院, 【市営2あじさい①】市立病院⇔八重垣神社⇔桧山⇔駅南口⇔松江駅⇔北田⇔あじさい団地, 【市営2あじさい①】平成町車庫⇔八重垣神社⇔桧山⇔駅南口⇔松江駅⇔北田⇔あじさい団地, 【市営2あじさい①】平成町車庫⇔南高校⇔桧山⇔駅南口⇔松江駅⇔北田⇔あじさい団地, 【市営2あじさい②】あじさい団地⇒養護学校⇒北田⇒松江駅⇒桧山⇒八重垣神社⇒平成町車庫, 【市営2あじさい②】市立病院⇒墓地⇒八重垣神社⇒桧山⇒松江駅⇒北田⇒養護学校⇒あじさい団地, 【市営2あじさい②】市立病院⇔八重垣神社⇔桧山⇔松江駅⇔北田⇔養護学校⇔あじさい団地, 【市営3竹矢④】市立病院⇒南高校⇒桧山⇒竹矢, 【市営3竹矢④】竹矢⇒桧山⇒南高校⇒平成町車庫⇒市立病院, 【市営5八重垣①】公園墓地⇔八重垣神社⇔桧山⇔イオン⇔松江駅⇔市役所⇔温泉駅, 【市営5八重垣③】淞北台団地⇒北堀⇒松江駅⇒イオン⇒桧山⇒八重垣神社⇒公園墓地"
王陵の丘公園入口,安来市,安来〜竹矢線
王陵の丘公園入口,一畑バス（株）,【松江管内】荒島線
湯町東,一畑バス（株）,【松江管内】玉造線
公園墓地入口,松江市,"【市営1川津⑥】平成町車庫⇔大庭⇔相生⇔松江駅⇔北堀⇔川津, 【市営1川津⑨】川津⇒くにびき⇒松江駅⇒相生⇒南高校⇒公園墓地⇒平成町車庫, 【市営1川津⑩】＜深夜バス＞松江駅⇒相生⇒大庭⇒平成町車庫, 【市営2あじさい①】あじさい団地⇒北田⇒松江駅⇒駅南口⇒桧山⇒八重垣神社⇒平成町車庫⇒市立病院, 【市営2あじさい①】市立病院⇔八重垣神社⇔桧山⇔駅南口⇔松江駅⇔北田⇔あじさい団地, 【市営2あじさい①】平成町車庫⇔八重垣神社⇔桧山⇔駅南口⇔松江駅⇔北田⇔あじさい団地, 【市営2あじさい①】平成町車庫⇔南高校⇔桧山⇔駅南口⇔松江駅⇔北田⇔あじさい団地, 【市営2あじさい②】あじさい団地⇒養護学校⇒北田⇒松江駅⇒桧山⇒八重垣神社⇒平成町車庫, 【市営2あじさい②】市立病院⇒墓地⇒八重垣神社⇒桧山⇒松江駅⇒北田⇒養護学校⇒あじさい団地, 【市営2あじさい②】市立病院⇔八重垣神社⇔桧山⇔松江駅⇔北田⇔養護学校⇔あじさい団地, 【市営3竹矢④】市立病院⇒南高校⇒桧山⇒竹矢, 【市営3竹矢④】竹矢⇒桧山⇒南高校⇒平成町車庫⇒市立病院, 【市営5八重垣①】公園墓地⇔八重垣神社⇔桧山⇔イオン⇔松江駅⇔市役所⇔温泉駅, 【市営5八重垣③】淞北台団地⇒北堀⇒松江駅⇒イオン⇒桧山⇒八重垣神社⇒公園墓地"
羽入,安来市,安来〜竹矢線
羽入,一畑バス（株）,【松江管内】荒島線
地域医療機構玉造病院入口,一畑バス（株）,【松江管内】玉造線
玉造温泉駅入口,一畑バス（株）,【松江管内】玉造線
渡橋,安来市,安来〜竹矢線
出雲郷,安来市,安来〜竹矢線
出雲郷,一畑バス（株）,【松江管内】荒島線
安来市役所前,安来市,"観光ループ, 買い物バス, 安来〜吉田線, 市街地循環バス, 広瀬〜米子線, 米子〜広瀬線, 伯太（草野）〜安来線, アルテピア線, 安来〜竹矢線"
乃白,一畑バス（株）,【松江管内】大東線
獅子が鼻,出雲市,平田生活バス　鰐淵線
平田幼稚園入口,出雲市,平田生活バス　鰐淵線
布志名西,松江市,玉湯コミュニティバス　市立病院線
布志名西,一畑バス（株）,【松江管内】玉造線
コーポ一畑入口,一畑バス（株）,【松江管内】八雲線
コーポ一畑入口,松江市,"【市営1川津③】かんべの里⇔相生⇔松江駅⇔北堀⇔川津, 【市営5八重垣⑤】かんべの里⇒大庭⇒八重垣神社, 【市営5八重垣⑤】かんべの里⇔八重垣神社⇔桧山⇔松江駅⇔宍道湖大橋⇔温泉駅"
地域医療機構玉造病院,一畑バス（株）,【松江管内】玉造線
玉造病院,松江市,"玉湯コミュニティバス　東西循環線, 玉湯コミュニティバス　南北線, 玉湯コミュニティバス　市立病院線"
松江市役所玉湯支所入口,松江市,玉湯コミュニティバス　市立病院線
松江市役所玉湯支所入口,一畑バス（株）,【松江管内】玉造線
灘分小学校,出雲市,"平田生活バス　島村線　平日, 平田生活バス　島村線　休日（土・日・祝）"
荒島駅,安来市,"買い物バス, 広瀬〜荒島線, 安来〜竹矢線"
荒島駅,一畑バス（株）,【松江管内】荒島線
いない前,安来市,"買い物バス, 市街地循環バス"
鰐淵鉱山,出雲市,平田生活バス　鰐淵線
町東,松江市,"東出雲コミュニティバス　出雲郷線, 東出雲コミュニティバス　八雲線"
玉造温泉駅,松江市,玉湯コミュニティバス　市立病院線
湯町原田,松江市,"玉湯コミュニティバス　東西循環線, 玉湯コミュニティバス　南北線"
羽入,松江市,東出雲コミュニティバス　下意東線
汐彩団地入口,安来市,"市街地循環バス, 広瀬〜米子線, 米子〜広瀬線"
宇竜,一畑バス（株）,【出雲管内】日御碕線
竹の花,松江市,"東出雲コミュニティバス　出雲郷線, 東出雲コミュニティバス　八雲線"
荒島小学校入口,安来市,"買い物バス, 広瀬〜荒島線, 安来〜竹矢線"
玉湯公民館,松江市,"玉湯コミュニティバス　東西循環線, 玉湯コミュニティバス　南北線, 玉湯コミュニティバス　市立病院線"
平賀,安来市,安来〜竹矢線
平賀,一畑バス（株）,【松江管内】荒島線
大庭団原,松江市,"【市営1川津③】かんべの里⇔相生⇔松江駅⇔北堀⇔川津, 【市営5八重垣⑤】かんべの里⇒大庭⇒八重垣神社, 【市営5八重垣⑤】かんべの里⇔八重垣神社⇔桧山⇔松江駅⇔宍道湖大橋⇔温泉駅"
大庭団原,一畑バス（株）,【松江管内】八雲線
総合医療センター前,出雲市,"平田生活バス　塩津線, 平田生活バス　坂浦線, 平田生活バス　北浜線, 平田生活バス　地合線, 平田生活バス　地合線分岐, 平田生活バス　鰐淵線, 平田生活バス　鹿園寺線, 平田生活バス　島村線　平日, 平田生活バス　島村線　休日（土・日・祝）"
ろうきん前,安来市,"市街地循環バス, 広瀬〜米子線, 米子〜広瀬線"
本郷灘,松江市,玉湯コミュニティバス　東西循環線
駅南団地,出雲市,"平田生活バス　島村線　平日, 平田生活バス　島村線　休日（土・日・祝）"
Aコープたまゆ,松江市,"玉湯コミュニティバス　東西循環線, 玉湯コミュニティバス　南北線"
平成町車庫,松江市,"【市営1川津⑥】平成町車庫⇔大庭⇔相生⇔松江駅⇔北堀⇔川津, 【市営1川津⑨】川津⇒くにびき⇒松江駅⇒相生⇒南高校⇒公園墓地⇒平成町車庫, 【市営1川津⑩】＜深夜バス＞松江駅⇒相生⇒大庭⇒平成町車庫, 【市営2あじさい①】あじさい団地⇒北田⇒松江駅⇒駅南口⇒桧山⇒八重垣神社⇒平成町車庫⇒市立病院, 【市営2あじさい①】平成町車庫⇔八重垣神社⇔桧山⇔駅南口⇔松江駅⇔北田⇔あじさい団地, 【市営2あじさい①】平成町車庫⇔南高校⇔桧山⇔駅南口⇔松江駅⇔北田⇔あじさい団地, 【市営2あじさい②】あじさい団地⇒養護学校⇒北田⇒松江駅⇒桧山⇒八重垣神社⇒平成町車庫, 【市営3竹矢④】竹矢⇒桧山⇒南高校⇒平成町車庫⇒市立病院, 【市営4八束①】平成町車庫⇒商業高⇒乃木駅⇒松江駅⇒大海崎, 【市営4八束①】平成町車庫⇒商業高⇒乃木駅⇒松江駅⇒大海崎⇒八束町, 【市営4八束②】八束町⇒上宇部尾⇒女子高⇒松江駅⇒乃木駅⇒商業高⇒平成町車庫, 【市営4八束②】平成町車庫⇒商業高⇒乃木駅⇒松江駅, 【市営4八束②】平成町車庫⇒商業高⇒乃木駅⇒松江駅⇒上宇部尾⇒江島⇒八束町, 【市営6病院②】平成町車庫⇒商業高⇒乃木駅⇒松江駅⇒県民会館⇒温泉駅, 【市営6病院③】平成町車庫⇒西の原⇒生協前⇒松江駅⇒くにびき⇒ソフトビジネスパーク, 【市営6病院③】平成町車庫⇔西の原⇔桧山⇔松江駅⇔くにびき⇔ソフトビジネスパーク, 【市営6病院⑦】温泉駅⇒県民会館⇒松江駅⇒相生⇒西の原⇒商業高⇒平成町車庫, 【市営8朝日ヶ丘①】平成町車庫⇔茶山⇔桧山⇔松江駅⇔朝日ヶ丘⇔授産センター, 【市営8朝日ヶ丘③】平成町車庫⇒西の原⇒生協前⇒松江駅⇒授産センター, 【市営8朝日ヶ丘③】平成町車庫⇒西の原⇒生協前⇒松江駅⇒運転免許センター⇒授産センター"
宇竜分れ,一畑バス（株）,【出雲管内】日御碕線
朝日町内,出雲市,"平田生活バス　島村線　平日, 平田生活バス　島村線　休日（土・日・祝）"
玉造温泉駅南口,松江市,"玉湯コミュニティバス　東西循環線, 玉湯コミュニティバス　南北線"
君野,出雲市,平田生活バス　鰐淵線
本町,安来市,"安来〜吉田線, 市街地循環バス, 伯太（草野）〜安来線"
新町,安来市,観光ループ
公園墓地管理棟前,松江市,"【市営1川津⑨】川津⇒くにびき⇒松江駅⇒相生⇒南高校⇒公園墓地⇒平成町車庫, 【市営2あじさい②】市立病院⇒墓地⇒八重垣神社⇒桧山⇒松江駅⇒北田⇒養護学校⇒あじさい団地, 【市営5八重垣①】公園墓地⇔八重垣神社⇔桧山⇔イオン⇔松江駅⇔市役所⇔温泉駅, 【市営5八重垣③】淞北台団地⇒北堀⇒松江駅⇒イオン⇒桧山⇒八重垣神社⇒公園墓地"
上町,出雲市,"平田生活バス　島村線　平日, 平田生活バス　島村線　休日（土・日・祝）"
大床,出雲市,平田生活バス　鰐淵線
丸合前,安来市,"観光ループ, 買い物バス, 安来〜吉田線, 市街地循環バス, 広瀬〜米子線, 米子〜広瀬線, 伯太（草野）〜安来線, アルテピア線"
汐彩団地,安来市,"広瀬〜米子線, 米子〜広瀬線"
赤江踏切,安来市,買い物バス
大木,松江市,"東出雲コミュニティバス　出雲郷線, 東出雲コミュニティバス　八雲線"
東小路,安来市,"観光ループ, 買い物バス, 安来〜吉田線, 市街地循環バス, 広瀬〜米子線, 米子〜広瀬線, 伯太（草野）〜安来線, アルテピア線, 安来〜竹矢線"
根尾入口,松江市,玉湯コミュニティバス　東西循環線
日御碕神社,一畑バス（株）,【出雲管内】日御碕線
宇竜入口,一畑バス（株）,【出雲管内】日御碕線
総合体育館,松江市,"東出雲コミュニティバス　上意東線, 東出雲コミュニティバス　下意東線, 東出雲コミュニティバス　出雲郷線"
島村下,出雲市,"平田生活バス　島村線　平日, 平田生活バス　島村線　休日（土・日・祝）"
八重垣神社,松江市,"【市営2あじさい①】あじさい団地⇒北田⇒松江駅⇒駅南口⇒桧山⇒八重垣神社⇒平成町車庫⇒市立病院, 【市営2あじさい①】八重垣神社⇔桧山⇔駅南口⇔松江駅⇔北田⇔あじさい団地, 【市営2あじさい①】市立病院⇔八重垣神社⇔桧山⇔駅南口⇔松江駅⇔北田⇔あじさい団地, 【市営2あじさい①】平成町車庫⇔八重垣神社⇔桧山⇔駅南口⇔松江駅⇔北田⇔あじさい団地, 【市営2あじさい②】あじさい団地⇒養護学校⇒北田⇒松江駅⇒桧山⇒八重垣神社⇒平成町車庫, 【市営2あじさい②】市立病院⇒墓地⇒八重垣神社⇒桧山⇒松江駅⇒北田⇒養護学校⇒あじさい団地, 【市営2あじさい②】市立病院⇔八重垣神社⇔桧山⇔松江駅⇔北田⇔養護学校⇔あじさい団地, 【市営5八重垣①】八重垣神社⇔虹⇔桧山⇔イオン⇔松江駅⇔市役所⇔温泉駅, 【市営5八重垣①】公園墓地⇔八重垣神社⇔桧山⇔イオン⇔松江駅⇔市役所⇔温泉駅, 【市営5八重垣②】八重垣神社⇒虹⇒桧山⇒駅南口⇒松江駅⇒北堀⇒淞北台団地, 【市営5八重垣②】八重垣神社⇔桧山⇔駅南口⇔松江駅⇔北堀⇔淞北台団地, 【市営5八重垣③】淞北台団地⇒北堀⇒松江駅⇒イオン⇒桧山⇒八重垣神社⇒公園墓地, 【市営5八重垣④】八重垣神社⇒桧山⇒松江駅⇒くにびき⇒ソフトビジネスパーク, 【市営5八重垣④】八重垣神社⇔虹⇔桧山⇔松江駅⇔くにびき⇔ソフトビジネスパーク, 【市営5八重垣⑤】かんべの里⇒大庭⇒八重垣神社, 【市営5八重垣⑤】かんべの里⇔八重垣神社⇔桧山⇔松江駅⇔宍道湖大橋⇔温泉駅"
赤江郵便局入口,安来市,買い物バス
本田,出雲市,平田生活バス　鰐淵線
安来大橋,安来市,"買い物バス, 市街地循環バス, アルテピア線"
おがわ耳鼻咽喉科前,安来市,"買い物バス, 市街地循環バス, アルテピア線"
後飯島,安来市,"買い物バス, アルテピア線"
バスターミナル,出雲市,"平田生活バス　塩津線, 平田生活バス　坂浦線, 平田生活バス　北浜線, 平田生活バス　地合線, 平田生活バス　地合線分岐, 平田生活バス　鰐淵線, 平田生活バス　鹿園寺線, 平田生活バス　島村線　平日, 平田生活バス　島村線　休日（土・日・祝）"
スイミングスクール前,出雲市,平田生活バス　鰐淵線
海童神社,出雲市,"平田生活バス　島村線　平日, 平田生活バス　島村線　休日（土・日・祝）"
源光寺入口,出雲市,"平田生活バス　島村線　平日, 平田生活バス　島村線　休日（土・日・祝）"
大市場,安来市,"安来〜吉田線, 市街地循環バス, 伯太（草野）〜安来線"
公園墓地,松江市,"【市営1川津⑨】川津⇒くにびき⇒松江駅⇒相生⇒南高校⇒公園墓地⇒平成町車庫, 【市営2あじさい②】市立病院⇒墓地⇒八重垣神社⇒桧山⇒松江駅⇒北田⇒養護学校⇒あじさい団地, 【市営5八重垣①】公園墓地⇔八重垣神社⇔桧山⇔イオン⇔松江駅⇔市役所⇔温泉駅, 【市営5八重垣③】淞北台団地⇒北堀⇒松江駅⇒イオン⇒桧山⇒八重垣神社⇒公園墓地"
和田,安来市,市街地循環バス
今津,安来市,"買い物バス, アルテピア線"
風土記の丘入口,松江市,"【市営1川津③】かんべの里⇔相生⇔松江駅⇔北堀⇔川津, 【市営5八重垣⑤】かんべの里⇒大庭⇒八重垣神社, 【市営5八重垣⑤】かんべの里⇔八重垣神社⇔桧山⇔松江駅⇔宍道湖大橋⇔温泉駅"
風土記の丘入口,一畑バス（株）,【松江管内】八雲線
安来駅,安来市,"観光ループ, 買い物バス, 安来〜吉田線, 市街地循環バス, 広瀬〜米子線, 米子〜広瀬線, 伯太（草野）〜安来線, アルテピア線, 安来〜竹矢線"
向市集会所,松江市,玉湯コミュニティバス　東西循環線
西揖屋,松江市,"東出雲コミュニティバス　上意東線, 東出雲コミュニティバス　下意東線, 東出雲コミュニティバス　出雲郷線, 東出雲コミュニティバス　八雲線"
大木,安来市,安来〜竹矢線
大木,一畑バス（株）,【松江管内】荒島線
揖屋駅,松江市,"東出雲コミュニティバス　上意東線, 東出雲コミュニティバス　下意東線, 東出雲コミュニティバス　出雲郷線, 東出雲コミュニティバス　八雲線"
鰐淵寺駐車場,出雲市,平田生活バス　鰐淵線
三菱農機前,松江市,"東出雲コミュニティバス　上意東線, 東出雲コミュニティバス　下意東線, 東出雲コミュニティバス　出雲郷線, 東出雲コミュニティバス　八雲線"
鉄工団地北,安来市,"広瀬〜米子線, 米子〜広瀬線"
島村上,出雲市,"平田生活バス　島村線　平日, 平田生活バス　島村線　休日（土・日・祝）"
老人福祉センター,松江市,"東出雲コミュニティバス　上意東線, 東出雲コミュニティバス　出雲郷線"
御幸,安来市,"安来〜吉田線, 広瀬〜米子線, 米子〜広瀬線, 伯太（草野）〜安来線"
附谷下,松江市,東出雲コミュニティバス　上意東線
西御幸,安来市,"安来〜吉田線, 市街地循環バス, 広瀬〜米子線, 米子〜広瀬線, 伯太（草野）〜安来線"
附谷入口,安来市,安来〜竹矢線
附谷入口,一畑バス（株）,【松江管内】荒島線
前出雲郷公民館前,松江市,"東出雲コミュニティバス　出雲郷線, 東出雲コミュニティバス　八雲線"
揖屋小学校前,松江市,東出雲コミュニティバス　上意東線
風土記の丘,松江市,"【市営1川津③】かんべの里⇔相生⇔松江駅⇔北堀⇔川津, 【市営5八重垣⑤】かんべの里⇒大庭⇒八重垣神社, 【市営5八重垣⑤】かんべの里⇔八重垣神社⇔桧山⇔松江駅⇔宍道湖大橋⇔温泉駅"
新町,一畑バス（株）,【松江管内】荒島線
新町,安来市,安来〜竹矢線
今宮,松江市,"東出雲コミュニティバス　出雲郷線, 東出雲コミュニティバス　八雲線"
東揖屋,安来市,安来〜竹矢線
東揖屋,一畑バス（株）,【松江管内】荒島線
公園墓地中央,松江市,"【市営1川津⑨】川津⇒くにびき⇒松江駅⇒相生⇒南高校⇒公園墓地⇒平成町車庫, 【市営2あじさい②】市立病院⇒墓地⇒八重垣神社⇒桧山⇒松江駅⇒北田⇒養護学校⇒あじさい団地, 【市営5八重垣①】公園墓地⇔八重垣神社⇔桧山⇔イオン⇔松江駅⇔市役所⇔温泉駅, 【市営5八重垣③】淞北台団地⇒北堀⇒松江駅⇒イオン⇒桧山⇒八重垣神社⇒公園墓地"
本郷公民館,松江市,玉湯コミュニティバス　東西循環線
玉湯学園入口,松江市,"玉湯コミュニティバス　東西循環線, 玉湯コミュニティバス　南北線"
鉄工団地,安来市,"広瀬〜米子線, 米子〜広瀬線"
玉湯学園,松江市,"玉湯コミュニティバス　東西循環線, 玉湯コミュニティバス　南北線"
玉湯学園前,一畑バス（株）,【松江管内】玉造線
中蔵入口,松江市,玉湯コミュニティバス　東西循環線
西揖屋,安来市,安来〜竹矢線
西揖屋,一畑バス（株）,【松江管内】荒島線
唐川坂中,出雲市,平田生活バス　鰐淵線
プラーナ前,安来市,"観光ループ, 買い物バス, 安来〜吉田線, 市街地循環バス, 広瀬〜米子線, 米子〜広瀬線, 伯太（草野）〜安来線, アルテピア線"
春日,松江市,"東出雲コミュニティバス　出雲郷線, 東出雲コミュニティバス　八雲線"
和光産業前,松江市,東出雲コミュニティバス　下意東線
附谷中,松江市,東出雲コミュニティバス　上意東線
後山,一畑バス（株）,【出雲管内】日御碕線
本郷西,松江市,玉湯コミュニティバス　東西循環線
黒井田,安来市,広瀬〜米子線
かんべの里,松江市,"【市営1川津③】かんべの里⇔相生⇔松江駅⇔北堀⇔川津, 【市営5八重垣⑤】かんべの里⇒大庭⇒八重垣神社, 【市営5八重垣⑤】かんべの里⇔八重垣神社⇔桧山⇔松江駅⇔宍道湖大橋⇔温泉駅"
有,一畑バス（株）,【松江管内】八雲線
本郷三叉路,松江市,玉湯コミュニティバス　東西循環線
唐川車庫,出雲市,平田生活バス　鰐淵線
五反田,松江市,東出雲コミュニティバス　上意東線
山根,安来市,"買い物バス, 広瀬〜荒島線"
和田団地,安来市,市街地循環バス
市民体育館前,安来市,"安来〜吉田線, 市街地循環バス, 広瀬〜米子線, 米子〜広瀬線, 伯太（草野）〜安来線"
後野,出雲市,平田生活バス　鰐淵線
八幡町,安来市,"観光ループ, 買い物バス, 安来〜吉田線, 市街地循環バス, 広瀬〜米子線, 米子〜広瀬線, 伯太（草野）〜安来線"
瑞穂大橋南詰,出雲市,"平田生活バス　島村線　平日, 平田生活バス　島村線　休日（土・日・祝）"
上今津,安来市,アルテピア線
やすぎはく愛クリニック,安来市,"買い物バス, 市街地循環バス"
根尾公民館,松江市,玉湯コミュニティバス　東西循環線
やすぎはく愛クリニック前,安来市,"観光ループ, 安来〜吉田線, 広瀬〜米子線, 米子〜広瀬線, 伯太（草野）〜安来線"
柳井下入口,松江市,玉湯コミュニティバス　東西循環線
鏡,松江市,宍道コミュニティバス　来待線
弘長寺,松江市,宍道コミュニティバス　来待線
玉造郵便局,松江市,"玉湯コミュニティバス　東西循環線, 玉湯コミュニティバス　南北線"
玉造温泉入口,一畑バス（株）,【松江管内】玉造線
郵便局前,一畑バス（株）,【松江管内】玉造線
中央公園前,松江市,東出雲コミュニティバス　上意東線
安来三中前,安来市,広瀬〜荒島線
大谷橋,安来市,広瀬〜米子線
頼清寺前,松江市,玉湯コミュニティバス　東西循環線
水源地,一畑バス（株）,【松江管内】大東線
アルテピア,安来市,アルテピア線
上新上,松江市,東出雲コミュニティバス　出雲郷線
神塚団地,安来市,買い物バス
春日台,松江市,"東出雲コミュニティバス　出雲郷線, 東出雲コミュニティバス　八雲線"
来待駅,松江市,宍道コミュニティバス　来待線
九反田,松江市,"東出雲コミュニティバス　出雲郷線, 東出雲コミュニティバス　八雲線"
池田団地,松江市,"宍道コミュニティバス　来待線, 宍道コミュニティバス　中央線"
黒田,一畑バス（株）,【出雲管内】日御碕線
上今津公会堂前,安来市,アルテピア線
高丸,松江市,東出雲コミュニティバス　下意東線
ジュンテンドー前,安来市,"安来〜吉田線, 広瀬〜米子線, 米子〜広瀬線, アルテピア線"
西日吉団地前,一畑バス（株）,【松江管内】八雲線
来待浜,松江市,宍道コミュニティバス　来待線
温泉下,出雲一畑交通（株）,玉造温泉〜出雲空港〜出雲大社直通バス
温泉下,一畑バス（株）,【松江管内】玉造線
鏡上,松江市,宍道コミュニティバス　来待線
島田小学校前,安来市,"広瀬〜米子線, 米子〜広瀬線"
井越,安来市,アルテピア線
柳井公会所,松江市,玉湯コミュニティバス　東西循環線
島田,安来市,"広瀬〜米子線, 米子〜広瀬線"
幕島,一畑バス（株）,【出雲管内】日御碕線
宮内,安来市,"観光ループ, 安来〜吉田線, 広瀬〜米子線, 米子〜広瀬線, 伯太（草野）〜安来線"
高庭,松江市,東出雲コミュニティバス　上意東線
神納橋,一畑バス（株）,【松江管内】八雲線
小松公民館,松江市,宍道コミュニティバス　来待線
姫神広場,松江市,"玉湯コミュニティバス　東西循環線, 玉湯コミュニティバス　南北線"
姫神広場,出雲一畑交通（株）,玉造温泉〜出雲空港〜出雲大社直通バス
姫神広場,一畑バス（株）,【松江管内】玉造線
柳井東入口,松江市,玉湯コミュニティバス　東西循環線
柳井上入口,松江市,玉湯コミュニティバス　東西循環線
加茂,安来市,"観光ループ, 安来〜吉田線, 広瀬〜米子線, 米子〜広瀬線"
千本つつじが丘,一畑バス（株）,【松江管内】大東線
中山,一畑バス（株）,【出雲管内】日御碕線
須田集会所,松江市,東出雲コミュニティバス　出雲郷線
這田,一畑バス（株）,【出雲管内】日御碕線
日吉,一畑バス（株）,【松江管内】八雲線
日吉サニーハイツ,松江市,"八雲コミュニティバス　熊野線, 八雲コミュニティバス　秋吉線, 八雲コミュニティバス　平原線, 八雲コミュニティバス　別所線"
安来高校前,安来市,"観光ループ, 安来〜吉田線, 伯太（草野）〜安来線"
温泉上,出雲一畑交通（株）,玉造温泉〜出雲空港〜出雲大社直通バス
温泉上,一畑バス（株）,【松江管内】玉造線
つつじヶ丘,松江市,"忌部コミュニティバス　空山線, 忌部コミュニティバス　南駐車場・大川端線"
白石団地,松江市,"宍道コミュニティバス　来待線, 宍道コミュニティバス　西線"
野呂,松江市,東出雲コミュニティバス　下意東線
中垣,松江市,宍道コミュニティバス　来待線
天神原,安来市,"観光ループ, 安来〜吉田線, 広瀬〜米子線, 米子〜広瀬線"
西赤江,安来市,広瀬〜荒島線
出雲空港,出雲一畑交通（株）,"出雲空港〜出雲市駅線, 玉造温泉〜出雲空港〜出雲大社直通バス"
出雲空港,松江一畑交通（株）,空港連絡バス出雲空港⇔松江線
清水入口,安来市,"広瀬〜米子線, 米子〜広瀬線"
内馬集会所,松江市,"東出雲コミュニティバス　出雲郷線, 東出雲コミュニティバス　八雲線"
平原ニュータウン,松江市,八雲コミュニティバス　平原線
要害橋,一畑バス（株）,【松江管内】八雲線
切川橋,安来市,"観光ループ, 広瀬〜米子線, 米子〜広瀬線"
一畑営業所,松江市,"玉湯コミュニティバス　東西循環線, 玉湯コミュニティバス　南北線"
玉造温泉,一畑バス（株）,【松江管内】玉造線
中山東,一畑バス（株）,【出雲管内】日御碕線
島田作業場前,安来市,"広瀬〜米子線, 米子〜広瀬線"
千本,一畑バス（株）,【松江管内】大東線
千本郵便局,松江市,"忌部コミュニティバス　空山線, 忌部コミュニティバス　南駐車場・大川端線"
須田,松江市,"東出雲コミュニティバス　出雲郷線, 東出雲コミュニティバス　八雲線"
切川,安来市,"観光ループ, 広瀬〜米子線, 米子〜広瀬線"
上分,松江市,東出雲コミュニティバス　上意東線
来待ストーン,松江市,宍道コミュニティバス　来待線
社日橋,安来市,安来〜吉田線
白石,松江市,"宍道コミュニティバス　来待線, 宍道コミュニティバス　西線"
八雲車庫,一畑バス（株）,【松江管内】八雲線
八雲バスターミナル,松江市,"八雲コミュニティバス　熊野線, 八雲コミュニティバス　秋吉線, 八雲コミュニティバス　平原線, 八雲コミュニティバス　別所線"
山辺,安来市,"安来〜吉田線, 伯太（草野）〜安来線"
中学校,松江市,"宍道コミュニティバス　来待線, 宍道コミュニティバス　西線"
西中津,安来市,広瀬〜荒島線
小宮田,松江市,"宍道コミュニティバス　来待線, 宍道コミュニティバス　中央線, 宍道コミュニティバス　西線"
下白石,松江市,宍道コミュニティバス　中央線
深田歯科医院前,松江市,宍道コミュニティバス　中央線
玉造上,松江市,玉湯コミュニティバス　南北線
赤崎口,安来市,"観光ループ, 広瀬〜米子線, 米子〜広瀬線"
高庭公会堂,松江市,東出雲コミュニティバス　上意東線
早田,松江市,八雲コミュニティバス　別所線
二俣,一畑バス（株）,【出雲管内】日御碕線
別所集会所,松江市,玉湯コミュニティバス　東西循環線
平口,一畑バス（株）,【松江管内】大東線
川向,松江市,"八雲コミュニティバス　熊野線, 八雲コミュニティバス　秋吉線, 八雲コミュニティバス　平原線"
高丸三叉路,松江市,東出雲コミュニティバス　下意東線
吉佐,安来市,"広瀬〜米子線, 米子〜広瀬線, 伯太（福冨）〜米子線"
玉造上橋,松江市,玉湯コミュニティバス　南北線
JA宍道支店,松江市,"宍道コミュニティバス　来待線, 宍道コミュニティバス　中央線, 宍道コミュニティバス　西線"
久戸,松江市,宍道コミュニティバス　来待線
弘長寺入口,松江市,"宍道コミュニティバス　来待線, 宍道コミュニティバス　中央線"
平口公民館,松江市,"忌部コミュニティバス　空山線, 忌部コミュニティバス　南駐車場・大川端線"
東切川,安来市,安来〜吉田線
川原,松江市,八雲コミュニティバス　秋吉線
吉佐入口,安来市,"広瀬〜米子線, 米子〜広瀬線, 伯太（福冨）〜米子線"
岩谷入口,松江市,宍道コミュニティバス　中央線
内ヶ峠,松江市,宍道コミュニティバス　来待線
東岩坂,松江市,"八雲コミュニティバス　熊野線, 八雲コミュニティバス　秋吉線, 八雲コミュニティバス　平原線, 八雲コミュニティバス　別所線, 東出雲コミュニティバス　八雲線"
門生,安来市,"広瀬〜米子線, 米子〜広瀬線"
八坂,安来市,"広瀬〜米子線, 米子〜広瀬線"
来待温泉,松江市,"宍道コミュニティバス　来待線, 宍道コミュニティバス　中央線"
昭和,松江市,"宍道コミュニティバス　来待線, 宍道コミュニティバス　中央線, 宍道コミュニティバス　西線"
草谷,松江市,八雲コミュニティバス　平原線
堂廻団地,松江市,"忌部コミュニティバス　空山線, 忌部コミュニティバス　南駐車場・大川端線"
宍道支所,松江市,"宍道コミュニティバス　来待線, 宍道コミュニティバス　中央線, 宍道コミュニティバス　西線"
早田,安来市,"観光ループ, 安来〜吉田線, 伯太（草野）〜安来線"
久多美,一畑バス（株）,【松江管内】大東線
大谷公民館,松江市,"忌部コミュニティバス　空山線, 忌部コミュニティバス　南駐車場・大川端線"
大寺,出雲市,大寺線
田頼,安来市,広瀬〜荒島線
宍道駅,松江市,"宍道コミュニティバス　来待線, 宍道コミュニティバス　中央線, 宍道コミュニティバス　西線"
東中津,安来市,"観光ループ, 広瀬〜米子線, 米子〜広瀬線"
やくも幼保園,松江市,"八雲コミュニティバス　熊野線, 八雲コミュニティバス　秋吉線, 八雲コミュニティバス　平原線, 八雲コミュニティバス　別所線, 東出雲コミュニティバス　八雲線"
清水坂下,安来市,"観光ループ, 安来〜吉田線, 広瀬〜米子線, 米子〜広瀬線, 伯太（草野）〜安来線"
来待小学校,松江市,"宍道コミュニティバス　来待線, 宍道コミュニティバス　中央線"
西岩坂,松江市,"八雲コミュニティバス　熊野線, 八雲コミュニティバス　平原線, 八雲コミュニティバス　別所線, 東出雲コミュニティバス　八雲線"
農協前,松江市,"宍道コミュニティバス　来待線, 宍道コミュニティバス　中央線"
八雲支所,松江市,"八雲コミュニティバス　熊野線, 八雲コミュニティバス　秋吉線, 八雲コミュニティバス　平原線, 八雲コミュニティバス　別所線, 東出雲コミュニティバス　八雲線"
若葉,安来市,安来〜吉田線
情報科学高校入口,安来市,"観光ループ, 広瀬〜米子線, 米子〜広瀬線"
客ヶ丘入口,一畑バス（株）,【松江管内】大東線
上意東研修センター,松江市,東出雲コミュニティバス　上意東線
八雲小学校,松江市,"八雲コミュニティバス　熊野線, 八雲コミュニティバス　平原線, 東出雲コミュニティバス　八雲線"
坂西,出雲市,大寺線
大原街道,松江市,"宍道コミュニティバス　来待線, 宍道コミュニティバス　中央線, 宍道コミュニティバス　西線"
大谷入口,松江市,玉湯コミュニティバス　南北線
清水寺,安来市,"観光ループ, 広瀬〜米子線, 米子〜広瀬線"
本郷橋,松江市,"宍道コミュニティバス　来待線, 宍道コミュニティバス　中央線"
九重,安来市,伯太（草野）〜安来線
ベル,松江市,"宍道コミュニティバス　来待線, 宍道コミュニティバス　中央線, 宍道コミュニティバス　西線"
JA鳶巣店前,出雲市,大寺線
赤崎入口,安来市,安来〜吉田線
出雲二見,一畑バス（株）,【出雲管内】日御碕線
西林木,出雲市,大寺線
情報科学高校,安来市,"広瀬〜荒島線, 伯太（上小竹）〜広瀬線"
鳶が巣口,出雲市,大寺線
中戸,一畑バス（株）,【松江管内】大東線
小学校前,松江市,"宍道コミュニティバス　中央線, 宍道コミュニティバス　西線"
月坂,安来市,安来〜吉田線
下倉入口,松江市,宍道コミュニティバス　中央線
健康センター前,松江市,"宍道コミュニティバス　来待線, 宍道コミュニティバス　中央線"
安田橋,松江市,八雲コミュニティバス　別所線
宇谷橋,松江市,宍道コミュニティバス　来待線
赤崎,安来市,安来〜吉田線
畑集会所,松江市,東出雲コミュニティバス　上意東線
横見三叉路,松江市,宍道コミュニティバス　中央線
稲佐の浜,一畑バス（株）,【出雲管内】日御碕線
忌部公民館,松江市,"忌部コミュニティバス　空山線, 忌部コミュニティバス　南駐車場・大川端線"
室,松江市,八雲コミュニティバス　平原線
一人女神社前,松江市,玉湯コミュニティバス　南北線
下室,松江市,八雲コミュニティバス　平原線
西松井,安来市,広瀬〜荒島線
平原入口,松江市,"八雲コミュニティバス　熊野線, 東出雲コミュニティバス　八雲線"
情報科学高校前,安来市,"広瀬〜荒島線, 伯太（上小竹）〜広瀬線"
日下町,出雲市,大寺線
緑が丘,松江市,宍道コミュニティバス　西線
岩屋寺口,松江市,宍道コミュニティバス　来待線
畦石,松江市,八雲コミュニティバス　平原線
能義神社,安来市,"観光ループ, 広瀬〜米子線, 米子〜広瀬線, 広瀬〜荒島線, 伯太（上小竹）〜広瀬線"
稲佐の浜入口,一畑バス（株）,【出雲管内】日御碕線
奉納山入口,一畑バス（株）,【出雲管内】日御碕線
本庄,松江市,"宍道コミュニティバス　来待線, 宍道コミュニティバス　中央線"
日下中,出雲市,大寺線
草谷入口,松江市,八雲コミュニティバス　平原線
了知寺前,松江市,玉湯コミュニティバス　南北線
斐川東中入口,出雲一畑交通（株）,出雲空港〜出雲市駅線
出雲大社バスターミナル,一畑バス（株）,"【出雲管内】日御碕線, 【出雲管内】大社線（上塩冶車庫〜JR出雲市駅〜ゆめタウン〜高松〜出雲大社バスターミナル）, 【出雲管内】大社線（上塩冶車庫〜JR出雲市駅〜イオンモール〜高松〜出雲大社バスターミナル）, 【出雲管内】大社線（上塩冶車庫〜JR出雲市駅〜ゆめタウン〜島根ワイナリー〜出雲大社バスターミナル）"
出雲大社,出雲一畑交通（株）,玉造温泉〜出雲空港〜出雲大社直通バス
忌部神社,一畑バス（株）,【松江管内】大東線
荻田,松江市,宍道コミュニティバス　西線
乗光寺前,松江市,東出雲コミュニティバス　上意東線
奥殿,松江市,八雲コミュニティバス　平原線
才,松江市,宍道コミュニティバス　中央線
横見,松江市,宍道コミュニティバス　中央線
中組,松江市,八雲コミュニティバス　平原線
下倉,松江市,宍道コミュニティバス　中央線
平原車庫,松江市,八雲コミュニティバス　平原線
荻田団地,松江市,宍道コミュニティバス　西線
荻田交流館前,松江市,宍道コミュニティバス　西線
奥殿集荷所,松江市,八雲コミュニティバス　平原線
実松,安来市,広瀬〜荒島線
日下西,出雲市,大寺線
栗子橋,松江市,八雲コミュニティバス　秋吉線
オーエム前,松江市,"宍道コミュニティバス　中央線, 宍道コミュニティバス　西線"
みせん広場前,一畑バス（株）,【出雲管内】大社線（上塩冶車庫〜JR出雲市駅〜ゆめタウン〜島根ワイナリー〜出雲大社バスターミナル）
古代出雲歴史博物館前,一畑バス（株）,【出雲管内】大社線（上塩冶車庫〜JR出雲市駅〜ゆめタウン〜島根ワイナリー〜出雲大社バスターミナル）
希望ヶ丘,松江市,忌部コミュニティバス　南駐車場・大川端線
大谷三地区,松江市,玉湯コミュニティバス　南北線
野外,安来市,"観光ループ, 広瀬〜米子線, 米子〜広瀬線"
宇賀荘,安来市,伯太（草野）〜安来線
正門前,出雲一畑交通（株）,玉造温泉〜出雲空港〜出雲大社直通バス
正門前,一畑バス（株）,"【出雲管内】日御碕線, 【出雲管内】大社線（上塩冶車庫〜JR出雲市駅〜ゆめタウン〜高松〜出雲大社バスターミナル）, 【出雲管内】大社線（上塩冶車庫〜JR出雲市駅〜イオンモール〜高松〜出雲大社バスターミナル）, 【出雲管内】大社線（上塩冶車庫〜JR出雲市駅〜ゆめタウン〜島根ワイナリー〜出雲大社バスターミナル）"
宮谷グリーンタウン,松江市,八雲コミュニティバス　別所線
半ノ田,松江市,"宍道コミュニティバス　来待線, 宍道コミュニティバス　中央線"
阿須伎神社入口,一畑バス（株）,【出雲管内】大社線（上塩冶車庫〜JR出雲市駅〜ゆめタウン〜島根ワイナリー〜出雲大社バスターミナル）
大明団地,松江市,八雲コミュニティバス　別所線
島根ワイナリー,一畑バス（株）,【出雲管内】大社線（上塩冶車庫〜JR出雲市駅〜ゆめタウン〜島根ワイナリー〜出雲大社バスターミナル）
バスストップ,松江市,宍道コミュニティバス　中央線
大石,松江市,"八雲コミュニティバス　熊野線, 東出雲コミュニティバス　八雲線"
上野医院前,一畑バス（株）,【出雲管内】大社線（上塩冶車庫〜JR出雲市駅〜ゆめタウン〜島根ワイナリー〜出雲大社バスターミナル）
田根,松江市,宍道コミュニティバス　来待線
神門谷,出雲市,大寺線
荘厳寺前,一畑バス（株）,【出雲管内】大社線（上塩冶車庫〜JR出雲市駅〜ゆめタウン〜島根ワイナリー〜出雲大社バスターミナル）
矢尾西,出雲市,大寺線
矢尾町,出雲市,大寺線
山根の下,松江市,忌部コミュニティバス　空山線
新伴,安来市,"観光ループ, 広瀬〜米子線, 米子〜広瀬線"
北陵高校,出雲市,大寺線
星上団地,松江市,八雲コミュニティバス　別所線
伊志見下,松江市,宍道コミュニティバス　西線
忌部宮内,一畑バス（株）,【松江管内】大東線
石臼,出雲市,大寺線
千代富橋,安来市,"観光ループ, 広瀬〜米子線, 米子〜広瀬線, 伯太（草野）〜安来線"
実松口,安来市,"観光ループ, 広瀬〜米子線, 米子〜広瀬線, 広瀬〜荒島線"
宮谷口,安来市,"観光ループ, 安来〜吉田線, 広瀬〜米子線, 米子〜広瀬線"
学園入口,松江市,"宍道コミュニティバス　来待線, 宍道コミュニティバス　中央線"
大野,松江市,宍道コミュニティバス　中央線
斐川支所前,出雲一畑交通（株）,出雲空港〜出雲市駅線
小佐々布,松江市,宍道コミュニティバス　西線
出雲織・のき白鳥の里,安来市,"観光ループ, 伯太（上小竹）〜広瀬線"
JUKI松江前,松江市,宍道コミュニティバス　西線
飯生,安来市,"観光ループ, 安来〜吉田線, 広瀬〜米子線, 米子〜広瀬線"
電鉄大社前駅,出雲一畑交通（株）,玉造温泉〜出雲空港〜出雲大社直通バス
電鉄大社駅,一畑バス（株）,"【出雲管内】日御碕線, 【出雲管内】大社線（上塩冶車庫〜JR出雲市駅〜ゆめタウン〜高松〜出雲大社バスターミナル）, 【出雲管内】大社線（上塩冶車庫〜JR出雲市駅〜イオンモール〜高松〜出雲大社バスターミナル）"
向畑,松江市,八雲コミュニティバス　平原線
八雲別所,松江市,八雲コミュニティバス　別所線
女夫岩入口,松江市,"宍道コミュニティバス　中央線, 宍道コミュニティバス　西線"
飯梨,安来市,広瀬〜荒島線
隅田橋,松江市,八雲コミュニティバス　秋吉線
下平北,出雲市,大寺線
沢,安来市,"観光ループ, 安来〜吉田線, 広瀬〜米子線, 米子〜広瀬線, 伯太（上小竹）〜広瀬線"
観音寺下,松江市,忌部コミュニティバス　空山線
本谷奥組,松江市,東出雲コミュニティバス　上意東線
観音前,安来市,"観光ループ, 広瀬〜米子線, 米子〜広瀬線, 広瀬〜荒島線"
利弘,安来市,"安来〜吉田線, 広瀬〜米子線, 米子〜広瀬線"
利弘橋,安来市,"観光ループ, 安来〜吉田線, 広瀬〜米子線, 米子〜広瀬線"
大野越,松江市,宍道コミュニティバス　来待線
高浜小学校前,出雲市,大寺線
高浜駅,出雲市,大寺線
伊志見,松江市,宍道コミュニティバス　西線
熊山公民館,松江市,忌部コミュニティバス　南駐車場・大川端線
飯梨小学校前,安来市,広瀬〜荒島線
下平西,出雲市,大寺線
安部記念館,松江市,八雲コミュニティバス　別所線
高浜コミュニティ入口,出雲市,大寺線
遙堪,一畑バス（株）,【出雲管内】大社線（上塩冶車庫〜JR出雲市駅〜ゆめタウン〜島根ワイナリー〜出雲大社バスターミナル）
小原,出雲一畑交通（株）,出雲空港〜出雲市駅線
吉兆館前,一畑バス（株）,"【出雲管内】日御碕線, 【出雲管内】大社線（上塩冶車庫〜JR出雲市駅〜ゆめタウン〜高松〜出雲大社バスターミナル）, 【出雲管内】大社線（上塩冶車庫〜JR出雲市駅〜イオンモール〜高松〜出雲大社バスターミナル）"
野方,安来市,"観光ループ, 安来〜吉田線, 広瀬〜米子線, 米子〜広瀬線, 伯太（上小竹）〜広瀬線"
雲樹寺入口,安来市,"観光ループ, 伯太（草野）〜安来線"
桑並下組,松江市,八雲コミュニティバス　秋吉線
米原前,安来市,"観光ループ, 広瀬〜米子線, 米子〜広瀬線, 広瀬〜荒島線, 伯太（上小竹）〜広瀬線"
旧大谷小学校前,松江市,玉湯コミュニティバス　南北線
斐川西中入口,出雲一畑交通（株）,出雲空港〜出雲市駅線
熊山,一畑バス（株）,【松江管内】大東線
太田,松江市,"八雲コミュニティバス　熊野線, 東出雲コミュニティバス　八雲線"
南原,一畑バス（株）,"【出雲管内】日御碕線, 【出雲管内】大社線（上塩冶車庫〜JR出雲市駅〜ゆめタウン〜高松〜出雲大社バスターミナル）"
別所越,松江市,八雲コミュニティバス　秋吉線
別所上組,松江市,八雲コミュニティバス　別所線
粕原,安来市,伯太（福冨）〜米子線
六反田橋,安来市,"観光ループ, 安来〜吉田線, 広瀬〜米子線, 米子〜広瀬線, 伯太（上小竹）〜広瀬線"
JA高浜支店前,出雲市,大寺線
櫻苑前,安来市,広瀬〜荒島線
吉田口,安来市,"安来〜吉田線, 広瀬〜米子線, 米子〜広瀬線"
菅原,松江市,宍道コミュニティバス　来待線
矢田橋,安来市,"広瀬〜米子線, 米子〜広瀬線, 広瀬〜荒島線, 伯太（上小竹）〜広瀬線"
槙山入口,一畑バス（株）,【松江管内】大東線
旧JR大社駅,一畑バス（株）,【出雲管内】大社線（上塩冶車庫〜JR出雲市駅〜イオンモール〜高松〜出雲大社バスターミナル）
大井手,松江市,宍道コミュニティバス　西線
ショッピングタウンエル前,一畑バス（株）,"【出雲管内】日御碕線, 【出雲管内】大社線（上塩冶車庫〜JR出雲市駅〜ゆめタウン〜高松〜出雲大社バスターミナル）"
植田入口,安来市,"広瀬〜米子線, 米子〜広瀬線, 広瀬〜荒島線, 伯太（上小竹）〜広瀬線"
坂口公民館,松江市,宍道コミュニティバス　西線
大森神社前,松江市,宍道コミュニティバス　西線
里方町,出雲市,大寺線
大向,松江市,忌部コミュニティバス　空山線
関山峠,安来市,伯太（福冨）〜米子線
空山,松江市,忌部コミュニティバス　空山線
岡の目,松江市,宍道コミュニティバス　西線
天の前橋,安来市,"観光ループ, 伯太（草野）〜安来線"
桑並中組,松江市,八雲コミュニティバス　秋吉線
森林公園,松江市,宍道コミュニティバス　西線
荒木小学校前,一畑バス（株）,【出雲管内】大社線（上塩冶車庫〜JR出雲市駅〜イオンモール〜高松〜出雲大社バスターミナル）
常松町,一畑バス（株）,【出雲管内】大社線（上塩冶車庫〜JR出雲市駅〜ゆめタウン〜島根ワイナリー〜出雲大社バスターミナル）
南小学校前,安来市,"観光ループ, 安来〜吉田線, 広瀬〜米子線, 米子〜広瀬線, 伯太（上小竹）〜広瀬線"
簡水入口,松江市,宍道コミュニティバス　来待線
森脇,松江市,"八雲コミュニティバス　熊野線, 東出雲コミュニティバス　八雲線"
直江駅入口,出雲一畑交通（株）,出雲空港〜出雲市駅線
植田,安来市,広瀬〜荒島線
浜山公園入口,一畑バス（株）,"【出雲管内】日御碕線, 【出雲管内】大社線（上塩冶車庫〜JR出雲市駅〜ゆめタウン〜高松〜出雲大社バスターミナル）"
関山,安来市,伯太（福冨）〜米子線
三中,出雲市,大寺線
奥大谷,松江市,玉湯コミュニティバス　南北線
出雲ドーム西,一畑バス（株）,【出雲管内】大社線（上塩冶車庫〜JR出雲市駅〜ゆめタウン〜島根ワイナリー〜出雲大社バスターミナル）
北荒木,一畑バス（株）,【出雲管内】大社線（上塩冶車庫〜JR出雲市駅〜イオンモール〜高松〜出雲大社バスターミナル）
大川端公民館,松江市,忌部コミュニティバス　南駐車場・大川端線
安来節演芸館,安来市,"観光ループ, 広瀬〜米子線, 米子〜広瀬線, 広瀬〜荒島線, 伯太（上小竹）〜広瀬線"
金山千本橋,松江市,宍道コミュニティバス　西線
大塚下町,安来市,"観光ループ, 安来〜吉田線, 広瀬〜米子線, 米子〜広瀬線, 伯太（上小竹）〜広瀬線"
鷺の湯温泉・足立美術館前,安来市,"観光ループ, 広瀬〜米子線, 米子〜広瀬線, 広瀬〜荒島線, 伯太（上小竹）〜広瀬線"
小林,松江市,宍道コミュニティバス　来待線
大川端,一畑バス（株）,【松江管内】大東線
藤原,松江市,八雲コミュニティバス　別所線
下小林,松江市,宍道コミュニティバス　来待線
緑化センター,松江市,宍道コミュニティバス　西線
鳥木入口,安来市,"安来〜吉田線, 広瀬〜米子線, 米子〜広瀬線"
八野神社入口,一畑バス（株）,【出雲管内】大社線（上塩冶車庫〜JR出雲市駅〜ゆめタウン〜島根ワイナリー〜出雲大社バスターミナル）
桑並上組,松江市,八雲コミュニティバス　秋吉線
大塚町,出雲市,大寺線
小丸子,一畑バス（株）,"【出雲管内】日御碕線, 【出雲管内】大社線（上塩冶車庫〜JR出雲市駅〜ゆめタウン〜高松〜出雲大社バスターミナル）, 【出雲管内】大社線（上塩冶車庫〜JR出雲市駅〜イオンモール〜高松〜出雲大社バスターミナル）"
別所落合,松江市,八雲コミュニティバス　別所線
大川端,松江市,忌部コミュニティバス　南駐車場・大川端線
茶屋,安来市,"安来〜吉田線, 広瀬〜米子線, 米子〜広瀬線"
大塚,安来市,"伯太（上小竹）〜広瀬線, 伯太（草野）〜安来線"
下石原,安来市,"観光ループ, 広瀬〜米子線, 米子〜広瀬線, 広瀬〜荒島線, 伯太（上小竹）〜広瀬線"
矢谷入口,松江市,"八雲コミュニティバス　熊野線, 東出雲コミュニティバス　八雲線"
末広町,安来市,"安来〜吉田線, 広瀬〜米子線, 米子〜広瀬線"
上大川端,一畑バス（株）,【松江管内】大東線
富,出雲一畑交通（株）,出雲空港〜出雲市駅線
畑,松江市,宍道コミュニティバス　西線
柿谷入口,安来市,安来〜吉田線
土手,安来市,伯太（草野）〜安来線
長台寺前,安来市,伯太（福冨）〜米子線
松実町,安来市,"安来〜吉田線, 広瀬〜米子線, 米子〜広瀬線"
満願寺前,一畑バス（株）,【出雲管内】大社線（上塩冶車庫〜JR出雲市駅〜ゆめタウン〜島根ワイナリー〜出雲大社バスターミナル）
牧野内科前,一畑バス（株）,"【出雲管内】日御碕線, 【出雲管内】大社線（上塩冶車庫〜JR出雲市駅〜ゆめタウン〜高松〜出雲大社バスターミナル）, 【出雲管内】大社線（上塩冶車庫〜JR出雲市駅〜ゆめタウン〜島根ワイナリー〜出雲大社バスターミナル）"
長田,安来市,伯太（草野）〜安来線
責倉,松江市,八雲コミュニティバス　別所線
上石原,安来市,"観光ループ, 広瀬〜米子線, 米子〜広瀬線, 広瀬〜荒島線, 伯太（上小竹）〜広瀬線"
姫原北,出雲市,大寺線
金山上公民館,松江市,宍道コミュニティバス　西線
小山保育園前,一畑バス（株）,"【出雲管内】日御碕線, 【出雲管内】大社線（上塩冶車庫〜JR出雲市駅〜ゆめタウン〜高松〜出雲大社バスターミナル）"
ゆめタウン出雲前,一畑バス（株）,"【出雲管内】日御碕線, 【出雲管内】大社線（上塩冶車庫〜JR出雲市駅〜ゆめタウン〜高松〜出雲大社バスターミナル）, 【出雲管内】大社線（上塩冶車庫〜JR出雲市駅〜ゆめタウン〜島根ワイナリー〜出雲大社バスターミナル）"
南駐車場,松江市,忌部コミュニティバス　南駐車場・大川端線
和名佐,松江市,宍道コミュニティバス　来待線
城床ふるさと公園,松江市,玉湯コミュニティバス　南北線
夢ランド,安来市,"観光ループ, 広瀬〜米子線, 米子〜広瀬線, 伯太（上小竹）〜広瀬線"
権原,松江市,玉湯コミュニティバス　南北線
才の峠,雲南市,海潮北回り線
才の峠,一畑バス（株）,【松江管内】大東線
四絡コミュニティセンター前,一畑バス（株）,"【出雲管内】日御碕線, 【出雲管内】大社線（上塩冶車庫〜JR出雲市駅〜ゆめタウン〜高松〜出雲大社バスターミナル）, 【出雲管内】大社線（上塩冶車庫〜JR出雲市駅〜ゆめタウン〜島根ワイナリー〜出雲大社バスターミナル）"
関橋,安来市,伯太（福冨）〜米子線
下村,松江市,八雲コミュニティバス　秋吉線
中央病院,出雲市,大寺線
中央病院,一畑バス（株）,"【出雲管内】日御碕線, 【出雲管内】大社線（上塩冶車庫〜JR出雲市駅〜ゆめタウン〜高松〜出雲大社バスターミナル）, 【出雲管内】大社線（上塩冶車庫〜JR出雲市駅〜ゆめタウン〜島根ワイナリー〜出雲大社バスターミナル）"
稲葉,松江市,"八雲コミュニティバス　熊野線, 東出雲コミュニティバス　八雲線"
北谷入口,安来市,"伯太（草野）〜安来線, 伯太（福冨）〜米子線"
浜根,一畑バス（株）,"【出雲管内】日御碕線, 【出雲管内】大社線（上塩冶車庫〜JR出雲市駅〜ゆめタウン〜高松〜出雲大社バスターミナル）, 【出雲管内】大社線（上塩冶車庫〜JR出雲市駅〜イオンモール〜高松〜出雲大社バスターミナル）"
四絡東,一畑バス（株）,"【出雲管内】日御碕線, 【出雲管内】大社線（上塩冶車庫〜JR出雲市駅〜ゆめタウン〜高松〜出雲大社バスターミナル）, 【出雲管内】大社線（上塩冶車庫〜JR出雲市駅〜ゆめタウン〜島根ワイナリー〜出雲大社バスターミナル）"
東町,安来市,安来〜吉田線
萱野,松江市,八雲コミュニティバス　平原線
小山町,一畑バス（株）,"【出雲管内】日御碕線, 【出雲管内】大社線（上塩冶車庫〜JR出雲市駅〜ゆめタウン〜高松〜出雲大社バスターミナル）"
畑,雲南市,加茂北回り線
ピュアレ前,安来市,"観光ループ, 広瀬〜米子線, 米子〜広瀬線, 広瀬〜荒島線, 伯太（上小竹）〜広瀬線"
ゆうあい熊野館,松江市,東出雲コミュニティバス　八雲線
飯場入口,安来市,安来〜吉田線
熊野大社,松江市,八雲コミュニティバス　熊野線
秋吉髭入口,松江市,八雲コミュニティバス　秋吉線
深原,松江市,八雲コミュニティバス　別所線
小山団地前,一畑バス（株）,"【出雲管内】日御碕線, 【出雲管内】大社線（上塩冶車庫〜JR出雲市駅〜ゆめタウン〜高松〜出雲大社バスターミナル）"
二軒茶屋,安来市,"伯太（上小竹）〜広瀬線, 伯太（草野）〜安来線"
石堂前,安来市,"伯太（草野）〜安来線, 伯太（福冨）〜米子線"
広瀬旭町,安来市,"観光ループ, 広瀬〜宇波線, 広瀬〜奥田原線, 広瀬〜西比田線"
医師会診療所前,安来市,"伯太（草野）〜安来線, 伯太（福冨）〜米子線"
姫原町,出雲市,大寺線
姫原町,一畑バス（株）,"【出雲管内】日御碕線, 【出雲管内】大社線（上塩冶車庫〜JR出雲市駅〜ゆめタウン〜高松〜出雲大社バスターミナル）, 【出雲管内】大社線（上塩冶車庫〜JR出雲市駅〜ゆめタウン〜島根ワイナリー〜出雲大社バスターミナル）"
安田交流センター前,安来市,"伯太（草野）〜安来線, 伯太（福冨）〜米子線"
引坂作業場,雲南市,海潮北回り線
畑集会所,雲南市,春殖線
市立病院入口,安来市,"観光ループ, 広瀬〜宇波線, 広瀬〜奥田原線, 広瀬〜西比田線"
大津小学校前,出雲一畑交通（株）,出雲空港〜出雲市駅線
中山団地入口,雲南市,加茂北回り線
未明,安来市,伯太（福冨）〜米子線
荒茅入口,一畑バス（株）,"【出雲管内】日御碕線, 【出雲管内】大社線（上塩冶車庫〜JR出雲市駅〜ゆめタウン〜高松〜出雲大社バスターミナル）, 【出雲管内】大社線（上塩冶車庫〜JR出雲市駅〜イオンモール〜高松〜出雲大社バスターミナル）"
渡橋北,一畑バス（株）,【出雲管内】大社線（上塩冶車庫〜JR出雲市駅〜イオンモール〜高松〜出雲大社バスターミナル）
白枝北,一畑バス（株）,"【出雲管内】日御碕線, 【出雲管内】大社線（上塩冶車庫〜JR出雲市駅〜ゆめタウン〜高松〜出雲大社バスターミナル）, 【出雲管内】大社線（上塩冶車庫〜JR出雲市駅〜イオンモール〜高松〜出雲大社バスターミナル）"
市立病院前,安来市,"観光ループ, 広瀬〜米子線, 米子〜広瀬線, 広瀬〜荒島線, 広瀬〜宇波線, 広瀬〜奥田原線, 広瀬〜西比田線, 伯太（上小竹）〜広瀬線, 広瀬〜奥田原線（スクール）, 広瀬〜西比田線（西比田スクール）, 広瀬〜西比田線（西谷スクール）"
城山,安来市,"伯太（上小竹）〜広瀬線, 伯太（草野）〜安来線"
安田中,安来市,伯太（草野）〜安来線
影平入口,安来市,安来〜吉田線
中之島,出雲市,大寺線
中之島,一畑バス（株）,"【出雲管内】日御碕線, 【出雲管内】大社線（上塩冶車庫〜JR出雲市駅〜ゆめタウン〜高松〜出雲大社バスターミナル）, 【出雲管内】大社線（上塩冶車庫〜JR出雲市駅〜ゆめタウン〜島根ワイナリー〜出雲大社バスターミナル）"
家村,松江市,八雲コミュニティバス　秋吉線
宮中団地,安来市,伯太（草野）〜安来線
大津町駅前,出雲市,三刀屋出雲線
月山入口,安来市,観光ループ
商工会議所入口,出雲市,三刀屋出雲線
体育館前,出雲市,三刀屋出雲線
体育館前,出雲一畑交通（株）,出雲空港〜出雲市駅線
自衛隊前,一畑バス（株）,"【出雲管内】日御碕線, 【出雲管内】大社線（上塩冶車庫〜JR出雲市駅〜ゆめタウン〜高松〜出雲大社バスターミナル）, 【出雲管内】大社線（上塩冶車庫〜JR出雲市駅〜イオンモール〜高松〜出雲大社バスターミナル）"
秋吉車庫,松江市,八雲コミュニティバス　秋吉線
合銀前,安来市,"観光ループ, 広瀬〜宇波線, 広瀬〜奥田原線, 広瀬〜西比田線"
イオンモール出雲前,一畑バス（株）,【出雲管内】大社線（上塩冶車庫〜JR出雲市駅〜イオンモール〜高松〜出雲大社バスターミナル）
大正町,出雲市,三刀屋出雲線
大津幼稚園前,出雲市,三刀屋出雲線
出雲市役所前,出雲市,"大寺線, 三刀屋出雲線"
出雲市役所前,出雲一畑交通（株）,出雲空港〜出雲市駅線
出雲市役所前,一畑バス（株）,"【出雲管内】日御碕線, 【出雲管内】大社線（上塩冶車庫〜JR出雲市駅〜ゆめタウン〜高松〜出雲大社バスターミナル）, 【出雲管内】大社線（上塩冶車庫〜JR出雲市駅〜イオンモール〜高松〜出雲大社バスターミナル）, 【出雲管内】大社線（上塩冶車庫〜JR出雲市駅〜ゆめタウン〜島根ワイナリー〜出雲大社バスターミナル）, 【出雲管内】小田線"
観音寺西,一畑バス（株）,"【出雲管内】大社線（上塩冶車庫〜JR出雲市駅〜イオンモール〜高松〜出雲大社バスターミナル）, 【出雲管内】小田線"
殿川内,安来市,安来〜吉田線
ショッピングセンター前,安来市,"観光ループ, 広瀬〜米子線, 米子〜広瀬線, 広瀬〜荒島線, 広瀬〜宇波線, 広瀬〜奥田原線, 広瀬〜西比田線, 伯太（上小竹）〜広瀬線, 広瀬〜奥田原線（スクール）, 広瀬〜西比田線（西比田スクール）, 広瀬〜西比田線（西谷スクール）"
大津大曲,出雲市,三刀屋出雲線
正福寺,安来市,安来〜吉田線
西谷公民館,雲南市,幡屋線
八幡前,一畑バス（株）,"【出雲管内】日御碕線, 【出雲管内】大社線（上塩冶車庫〜JR出雲市駅〜ゆめタウン〜高松〜出雲大社バスターミナル）, 【出雲管内】大社線（上塩冶車庫〜JR出雲市駅〜イオンモール〜高松〜出雲大社バスターミナル）"
鵯,雲南市,春殖線
渡橋,一畑バス（株）,"【出雲管内】大社線（上塩冶車庫〜JR出雲市駅〜イオンモール〜高松〜出雲大社バスターミナル）, 【出雲管内】小田線"
ラピタはまやま店前,一畑バス（株）,"【出雲管内】日御碕線, 【出雲管内】大社線（上塩冶車庫〜JR出雲市駅〜ゆめタウン〜高松〜出雲大社バスターミナル）, 【出雲管内】大社線（上塩冶車庫〜JR出雲市駅〜イオンモール〜高松〜出雲大社バスターミナル）"
岩室入口,松江市,八雲コミュニティバス　熊野線
鵯入口,雲南市,春殖線
上成橋,出雲市,三刀屋出雲線
上成橋,出雲一畑交通（株）,出雲空港〜出雲市駅線
本町,安来市,"観光ループ, 広瀬〜宇波線, 広瀬〜奥田原線, 広瀬〜西比田線"
岩室公民館,松江市,八雲コミュニティバス　熊野線
住宅下,出雲市,三刀屋出雲線
渡橋沖,一畑バス（株）,"【出雲管内】大社線（上塩冶車庫〜JR出雲市駅〜イオンモール〜高松〜出雲大社バスターミナル）, 【出雲管内】小田線"
薦沢集会所,雲南市,海潮北回り線
焼川原,雲南市,海潮北回り線
京町入口,出雲市,三刀屋出雲線
有原入口,一畑バス（株）,【出雲管内】小田線
こも沢,一畑バス（株）,【松江管内】大東線
奥遠所,雲南市,春殖線
横手,安来市,安来〜吉田線
鳥屋郷入口,松江市,八雲コミュニティバス　秋吉線
横町角,出雲市,三刀屋出雲線
湯屋谷,雲南市,加茂北回り線
井戸,安来市,"伯太（上小竹）〜広瀬線, 伯太（草野）〜安来線, 伯太（福冨）〜米子線"
駅通り四つ角,出雲市,"大寺線, 三刀屋出雲線"
駅通り四つ角,一畑バス（株）,"【出雲管内】日御碕線, 【出雲管内】大社線（上塩冶車庫〜JR出雲市駅〜ゆめタウン〜高松〜出雲大社バスターミナル）, 【出雲管内】大社線（上塩冶車庫〜JR出雲市駅〜イオンモール〜高松〜出雲大社バスターミナル）, 【出雲管内】大社線（上塩冶車庫〜JR出雲市駅〜ゆめタウン〜島根ワイナリー〜出雲大社バスターミナル）, 【出雲管内】小田線"
川成橋,一畑バス（株）,"【出雲管内】日御碕線, 【出雲管内】大社線（上塩冶車庫〜JR出雲市駅〜ゆめタウン〜高松〜出雲大社バスターミナル）, 【出雲管内】大社線（上塩冶車庫〜JR出雲市駅〜イオンモール〜高松〜出雲大社バスターミナル）"
横当橋,雲南市,幡屋線
海上本町,出雲市,外園線
出雲市民病院前,出雲市,外園線
広瀬バスターミナル,安来市,"観光ループ, 広瀬〜米子線, 米子〜広瀬線, 広瀬〜荒島線, 広瀬〜宇波線, 広瀬〜奥田原線, 広瀬〜西比田線, 伯太（上小竹）〜広瀬線, 広瀬〜奥田原線（スクール）, 広瀬〜西比田線（西比田スクール）, 広瀬〜西比田線（西谷スクール）"
朝日住宅前,出雲市,三刀屋出雲線
市民会館北,出雲市,外園線
岩倉本郷,雲南市,加茂北回り線
和野集会所,雲南市,海潮北回り線
岩倉入口,雲南市,加茂北回り線
茶畑上,雲南市,海潮北回り線
願楽寺入口,一畑バス（株）,【出雲管内】小田線
吉田交流センター前,安来市,安来〜吉田線
高松,一畑バス（株）,"【出雲管内】日御碕線, 【出雲管内】大社線（上塩冶車庫〜JR出雲市駅〜ゆめタウン〜高松〜出雲大社バスターミナル）, 【出雲管内】大社線（上塩冶車庫〜JR出雲市駅〜イオンモール〜高松〜出雲大社バスターミナル）"
元町通り,出雲市,三刀屋出雲線
せんだん橋,安来市,"観光ループ, 広瀬〜米子線, 米子〜広瀬線, 広瀬〜荒島線, 広瀬〜宇波線, 広瀬〜奥田原線, 広瀬〜西比田線, 伯太（上小竹）〜広瀬線, 広瀬〜奥田原線（スクール）, 広瀬〜西比田線（西比田スクール）, 広瀬〜西比田線（西谷スクール）"
白枝,一畑バス（株）,【出雲管内】小田線
岩倉遺跡駐車場（高速バス入口）,雲南市,加茂北回り線
有原,出雲市,外園線
天神,出雲市,外園線
市場,松江市,八雲コミュニティバス　熊野線
芦谷公民館,雲南市,春殖線
あすなろ保育園前,出雲市,外園線
出雲市駅,出雲市,三刀屋出雲線
出雲市駅,出雲一畑交通（株）,出雲空港〜出雲市駅線
松寄下住宅前,出雲市,外園線
JR出雲市駅,出雲市,"大寺線, 根波線, 外園線, 平成温泉線"
JR出雲市駅,一畑バス（株）,"【出雲管内】日御碕線, 【出雲管内】大社線（上塩冶車庫〜JR出雲市駅〜ゆめタウン〜高松〜出雲大社バスターミナル）, 【出雲管内】大社線（上塩冶車庫〜JR出雲市駅〜イオンモール〜高松〜出雲大社バスターミナル）, 【出雲管内】大社線（上塩冶車庫〜JR出雲市駅〜ゆめタウン〜島根ワイナリー〜出雲大社バスターミナル）, 【出雲管内】須佐線, 【出雲管内】小田線"
市民会館前,一畑バス（株）,"【出雲管内】日御碕線, 【出雲管内】大社線（上塩冶車庫〜JR出雲市駅〜ゆめタウン〜高松〜出雲大社バスターミナル）, 【出雲管内】大社線（上塩冶車庫〜JR出雲市駅〜ゆめタウン〜島根ワイナリー〜出雲大社バスターミナル）, 【出雲管内】須佐線, 【出雲管内】小田線"
萬祥山入口,出雲市,三刀屋出雲線
余小路,出雲市,外園線
大前,雲南市,海潮北回り線
海上南,一畑バス（株）,"【出雲管内】日御碕線, 【出雲管内】大社線（上塩冶車庫〜JR出雲市駅〜ゆめタウン〜高松〜出雲大社バスターミナル）, 【出雲管内】大社線（上塩冶車庫〜JR出雲市駅〜ゆめタウン〜島根ワイナリー〜出雲大社バスターミナル）, 【出雲管内】須佐線, 【出雲管内】小田線"
鑑町,出雲市,"根波線, 外園線, 平成温泉線"
鑑町,一畑バス（株）,"【出雲管内】日御碕線, 【出雲管内】大社線（上塩冶車庫〜JR出雲市駅〜ゆめタウン〜高松〜出雲大社バスターミナル）, 【出雲管内】大社線（上塩冶車庫〜JR出雲市駅〜ゆめタウン〜島根ワイナリー〜出雲大社バスターミナル）, 【出雲管内】須佐線, 【出雲管内】小田線"
願楽寺入口,出雲市,外園線
別所入口,安来市,安来〜吉田線
薬師寺前,出雲市,外園線
多目的広場,雲南市,春殖線
長谷川前,安来市,"広瀬〜宇波線, 広瀬〜奥田原線, 広瀬〜西比田線"
砂子原上,雲南市,加茂北回り線
堂の前,雲南市,海潮北回り線
上組集会所,雲南市,海潮北回り線
東谷谷入口,雲南市,加茂北回り線
西市,安来市,"伯太（上小竹）〜広瀬線, 伯太（草野）〜安来線"
ジュンテンドー出雲南店前,出雲市,根波線
ジュンテンドー出雲南店前,一畑バス（株）,【出雲管内】須佐線
八所林道入口,松江市,八雲コミュニティバス　熊野線
上広瀬,安来市,"広瀬〜宇波線, 広瀬〜奥田原線, 広瀬〜西比田線, 広瀬〜奥田原線（スクール）, 広瀬〜西比田線（西比田スクール）, 広瀬〜西比田線（西谷スクール）"
中天神,一畑バス（株）,"【出雲管内】日御碕線, 【出雲管内】大社線（上塩冶車庫〜JR出雲市駅〜ゆめタウン〜高松〜出雲大社バスターミナル）, 【出雲管内】大社線（上塩冶車庫〜JR出雲市駅〜ゆめタウン〜島根ワイナリー〜出雲大社バスターミナル）, 【出雲管内】須佐線, 【出雲管内】小田線"
出雲弥生の森博物館前,出雲市,三刀屋出雲線
プラント前,出雲市,平成温泉線
宮ノ谷入口,雲南市,幡屋線
大津来原,出雲市,三刀屋出雲線
横引,出雲市,外園線
広瀬中学校,安来市,"広瀬〜宇波線, 広瀬〜奥田原線, 広瀬〜西比田線, 広瀬〜奥田原線（スクール）, 広瀬〜西比田線（西比田スクール）, 広瀬〜西比田線（西谷スクール）"
商業高校入口,出雲市,三刀屋出雲線
有楽町入口,出雲市,根波線
有楽町入口,一畑バス（株）,【出雲管内】須佐線
上吉田,安来市,安来〜吉田線
幡屋公会所,雲南市,幡屋線
井出分,一畑バス（株）,【出雲管内】小田線
八所公会所前,雲南市,海潮北回り線
川平,安来市,"広瀬〜奥田原線, 広瀬〜奥田原線（スクール）"
高西,出雲市,平成温泉線
天満宮前,一畑バス（株）,"【出雲管内】日御碕線, 【出雲管内】大社線（上塩冶車庫〜JR出雲市駅〜ゆめタウン〜高松〜出雲大社バスターミナル）, 【出雲管内】大社線（上塩冶車庫〜JR出雲市駅〜ゆめタウン〜島根ワイナリー〜出雲大社バスターミナル）, 【出雲管内】須佐線, 【出雲管内】小田線"
下鵯,雲南市,春殖線
八所農道入口,雲南市,海潮北回り線
伯太庁舎,安来市,"伯太（上小竹）〜広瀬線, 伯太（草野）〜安来線, 伯太（福冨）〜米子線"
後原集会所,雲南市,海潮北回り線
寿生病院入口,出雲市,三刀屋出雲線
波美入,出雲市,外園線
向市場,出雲市,根波線
向市場,一畑バス（株）,【出雲管内】須佐線
JA伯太支所,安来市,伯太（福冨）〜米子線
塩冶,出雲市,平成温泉線
幡屋越,雲南市,幡屋線
廿原堤神社前,安来市,"広瀬〜宇波線, 広瀬〜西比田線, 広瀬〜西比田線（西比田スクール）, 広瀬〜西比田線（西谷スクール）"
須賀,一畑バス（株）,【松江管内】大東線
須賀集会所,雲南市,海潮北回り線
若須谷,松江市,八雲コミュニティバス　熊野線
曲松,一畑バス（株）,【出雲管内】小田線
外園,出雲市,外園線
遠所集会所,雲南市,幡屋線
高野寺,出雲市,外園線
大崎,雲南市,加茂南回り線
石井谷入口,雲南市,幡屋線
東谷南,雲南市,加茂北回り線
福頼橋,安来市,"広瀬〜奥田原線, 広瀬〜奥田原線（スクール）"
弘鶴橋,安来市,"伯太（上小竹）〜広瀬線, 伯太（草野）〜安来線, 伯太（福冨）〜米子線"
赤秦神社前,雲南市,加茂南回り線
三本松,出雲市,根波線
三本松,一畑バス（株）,【出雲管内】須佐線
天神団地入口,一畑バス（株）,"【出雲管内】日御碕線, 【出雲管内】大社線（上塩冶車庫〜JR出雲市駅〜ゆめタウン〜高松〜出雲大社バスターミナル）, 【出雲管内】大社線（上塩冶車庫〜JR出雲市駅〜ゆめタウン〜島根ワイナリー〜出雲大社バスターミナル）, 【出雲管内】須佐線, 【出雲管内】小田線"
母里,安来市,"伯太（上小竹）〜広瀬線, 伯太（草野）〜安来線, 伯太（福冨）〜米子線"
弓原,出雲市,平成温泉線
外園保育園前,出雲市,外園線
須谷,松江市,八雲コミュニティバス　熊野線
三谷橋,出雲市,三刀屋出雲線
御立山集会所,雲南市,海潮北回り線
板橋,安来市,"広瀬〜奥田原線, 広瀬〜奥田原線（スクール）"
砂子原茶工場,雲南市,加茂北回り線
下遠所,雲南市,幡屋線
長浜工業団地前,出雲市,外園線
東渡,安来市,"伯太（上小竹）〜広瀬線, 伯太（草野）〜安来線, 伯太（福冨）〜米子線"
昭和入口,雲南市,加茂北回り線
南天神入口,出雲市,平成温泉線
奥谷,安来市,"広瀬〜奥田原線, 広瀬〜奥田原線（スクール）"
トライアル,雲南市,"加茂北回り線, 加茂南回り線"
福頼団地,安来市,広瀬〜奥田原線
和光園前,出雲市,外園線
才明寺,雲南市,加茂南回り線
尼子苑,安来市,広瀬〜奥田原線
原分,出雲市,外園線
松尾公民館,雲南市,春殖線
延野,雲南市,加茂南回り線
島根大学病院,出雲市,根波線
島根大学病院,一畑バス（株）,"【出雲管内】日御碕線, 【出雲管内】大社線（上塩冶車庫〜JR出雲市駅〜ゆめタウン〜高松〜出雲大社バスターミナル）, 【出雲管内】大社線（上塩冶車庫〜JR出雲市駅〜ゆめタウン〜島根ワイナリー〜出雲大社バスターミナル）, 【出雲管内】須佐線, 【出雲管内】小田線"
古志橋東詰,出雲市,平成温泉線
古志橋東詰,一畑バス（株）,"【出雲管内】日御碕線, 【出雲管内】大社線（上塩冶車庫〜JR出雲市駅〜ゆめタウン〜高松〜出雲大社バスターミナル）, 【出雲管内】大社線（上塩冶車庫〜JR出雲市駅〜ゆめタウン〜島根ワイナリー〜出雲大社バスターミナル）, 【出雲管内】須佐線, 【出雲管内】小田線"
神前一丁目,一畑バス（株）,"【出雲管内】日御碕線, 【出雲管内】大社線（上塩冶車庫〜JR出雲市駅〜ゆめタウン〜高松〜出雲大社バスターミナル）, 【出雲管内】大社線（上塩冶車庫〜JR出雲市駅〜ゆめタウン〜島根ワイナリー〜出雲大社バスターミナル）, 【出雲管内】須佐線, 【出雲管内】小田線"
須釜,安来市,"広瀬〜奥田原線, 広瀬〜奥田原線（スクール）"
加茂バス車庫,雲南市,"加茂北回り線, 加茂南回り線"
境島,出雲市,外園線
福頼,安来市,"広瀬〜奥田原線, 広瀬〜奥田原線（スクール）"
上福頼,安来市,広瀬〜奥田原線
古城橋,雲南市,加茂北回り線
上塩冶車庫,一畑バス（株）,"【出雲管内】日御碕線, 【出雲管内】大社線（上塩冶車庫〜JR出雲市駅〜ゆめタウン〜高松〜出雲大社バスターミナル）, 【出雲管内】大社線（上塩冶車庫〜JR出雲市駅〜ゆめタウン〜島根ワイナリー〜出雲大社バスターミナル）, 【出雲管内】須佐線, 【出雲管内】小田線"
下山佐神社前,安来市,"広瀬〜奥田原線, 広瀬〜奥田原線（スクール）"
築山新町,一畑バス（株）,"【出雲管内】日御碕線, 【出雲管内】大社線（上塩冶車庫〜JR出雲市駅〜ゆめタウン〜高松〜出雲大社バスターミナル）, 【出雲管内】大社線（上塩冶車庫〜JR出雲市駅〜ゆめタウン〜島根ワイナリー〜出雲大社バスターミナル）, 【出雲管内】須佐線, 【出雲管内】小田線"
築山新町,出雲市,根波線
Aコープ,雲南市,"加茂北回り線, 加茂南回り線"
長浜神社前,出雲市,外園線
幡屋中央公園,雲南市,幡屋線
加茂小学校,雲南市,"加茂北回り線, 加茂南回り線"
神戸橋西詰,一畑バス（株）,【出雲管内】小田線
外原町,雲南市,"吉田大東線, 加茂北回り線, 加茂南回り線"
幡屋交流センター,雲南市,幡屋線
大竹,雲南市,加茂南回り線
下山佐交流センター前,安来市,"広瀬〜奥田原線, 広瀬〜奥田原線（スクール）"
馬場公民館,雲南市,春殖線
出雲工業高校前,出雲市,根波線
出雲工業高校前,一畑バス（株）,【出雲管内】須佐線
二の瀬前,安来市,"広瀬〜奥田原線, 広瀬〜奥田原線（スクール）"
古志町中,出雲市,平成温泉線
黒田時計店前,雲南市,"吉田大東線, 加茂北回り線, 加茂南回り線"
常松土建前,雲南市,加茂南回り線
加茂こども園,雲南市,"加茂北回り線, 加茂南回り線"
古志本町,出雲市,平成温泉線
栄町,雲南市,"加茂北回り線, 加茂南回り線"
永昌寺,安来市,"伯太（上小竹）〜広瀬線, 伯太（草野）〜安来線, 伯太（福冨）〜米子線"
荒井町公民館,雲南市,春殖線
須賀下口,雲南市,海潮北回り線
須賀下口,一畑バス（株）,【松江管内】大東線
船津町,出雲市,三刀屋出雲線
岩根,雲南市,幡屋線
JR加茂中駅前,雲南市,"吉田大東線, 加茂北回り線, 加茂南回り線"
地中,雲南市,加茂南回り線
奥谷尻,安来市,"広瀬〜奥田原線, 広瀬〜奥田原線（スクール）"
城之越公民館,雲南市,春殖線
中町,雲南市,加茂北回り線
神門沖上,一畑バス（株）,【出雲管内】小田線
小林橋,雲南市,海潮北回り線
半分,出雲市,根波線
半分,一畑バス（株）,【出雲管内】須佐線
二軒茶屋,出雲市,平成温泉線
かもてらす,雲南市,"吉田大東線, 加茂北回り線, 加茂南回り線, 木次三刀屋線"
鳥屋川,出雲市,三刀屋出雲線
ふれあいの丘入口,雲南市,加茂南回り線
菅原,安来市,"広瀬〜宇波線, 広瀬〜西比田線, 広瀬〜西比田線（西比田スクール）, 広瀬〜西比田線（西谷スクール）"
北大西公会所,雲南市,加茂北回り線
加茂橋北詰,雲南市,"吉田大東線, 加茂北回り線"
出雲西高校入口,出雲市,平成温泉線
森坂,出雲市,三刀屋出雲線
奥小河内公会所,雲南市,海潮南回り線
立花整骨院前,一畑バス（株）,【出雲管内】小田線
針江公民館,雲南市,春殖線
森坂公会堂,出雲市,三刀屋出雲線
海潮小学校,雲南市,"海潮北回り線, 海潮南回り線"
海潮小学校前,一畑バス（株）,【松江管内】大東線
上乗寺前,出雲市,三刀屋出雲線
門見堂,雲南市,幡屋線
宇治,雲南市,吉田大東線
下神原,雲南市,加茂南回り線
馬木,出雲市,根波線
馬木,一畑バス（株）,【出雲管内】須佐線
河南中学校入口,一畑バス（株）,【出雲管内】小田線
大島上,一畑バス（株）,【出雲管内】小田線
飯の木,雲南市,"吉田大東線, 加茂北回り線"
神門嘉儀,出雲市,平成温泉線
丸ケ谷,出雲市,三刀屋出雲線
南加茂,雲南市,加茂南回り線
大谷橋,出雲市,三刀屋出雲線
常松医院前,安来市,"伯太（上小竹）〜広瀬線, 伯太（草野）〜安来線, 伯太（福冨）〜米子線"
滝山尻,安来市,"広瀬〜奥田原線, 広瀬〜奥田原線（スクール）"
和久輪,出雲市,三刀屋出雲線
郡家,雲南市,幡屋線
南村,一畑バス（株）,【松江管内】大東線
大島,一畑バス（株）,【出雲管内】小田線
西小学校,雲南市,"春殖線, 幡屋線"
下神原宮の前,雲南市,加茂南回り線
植木谷口,出雲市,三刀屋出雲線
菅原交流センター前,安来市,"広瀬〜西比田線, 広瀬〜西比田線（西比田スクール）, 広瀬〜西比田線（西谷スクール）"
菅原交流センター,安来市,広瀬〜宇波線
町一,出雲市,平成温泉線
大畑,安来市,"広瀬〜奥田原線, 広瀬〜奥田原線（スクール）"
高速バス待合所,雲南市,加茂南回り線
海潮こども園,雲南市,"海潮北回り線, 海潮南回り線"
神西沖分,一畑バス（株）,【出雲管内】小田線
上ケ入口,出雲市,三刀屋出雲線
川子廻,出雲市,三刀屋出雲線
原,一畑バス（株）,【出雲管内】小田線
海潮交流センター前,一畑バス（株）,【松江管内】大東線
旧海潮農協前,雲南市,海潮北回り線
西出雲駅,出雲市,平成温泉線
上津コミュニティセンター前,出雲市,三刀屋出雲線
JR幡屋駅前,雲南市,幡屋線
胎泉寺前,一畑バス（株）,【出雲管内】小田線
海潮交流センター,雲南市,海潮南回り線
菅沢,安来市,"広瀬〜宇波線, 広瀬〜西比田線, 広瀬〜西比田線（西比田スクール）, 広瀬〜西比田線（西谷スクール）"
下朝山,出雲市,根波線
下朝山,一畑バス（株）,【出雲管内】須佐線
三田谷口,出雲市,三刀屋出雲線
西小学校入口,雲南市,"春殖線, 幡屋線"
さざなみ学園前,一畑バス（株）,【出雲管内】小田線
ゆうプラザ前,出雲市,平成温泉線
岡,雲南市,加茂南回り線
日原橋,雲南市,"海潮北回り線, 海潮南回り線"
上津小学校前,出雲市,三刀屋出雲線
なごやか会館,雲南市,海潮南回り線
井尻,安来市,"伯太（上小竹）〜広瀬線, 伯太（草野）〜安来線, 伯太（福冨）〜米子線"
高見,雲南市,加茂南回り線
南大西,雲南市,加茂南回り線
近松,雲南市,"吉田大東線, 加茂北回り線, 加茂南回り線"
引那岐公会所,雲南市,海潮南回り線
中屋,雲南市,海潮南回り線
中屋,一畑バス（株）,【松江管内】大東線
上町,安来市,"伯太（上小竹）〜広瀬線, 伯太（草野）〜安来線, 伯太（福冨）〜米子線"
蛇島,一畑バス（株）,【出雲管内】小田線
浅柄,出雲市,平成温泉線
下小河内,雲南市,海潮南回り線
寺田橋,出雲市,根波線
寺田橋,一畑バス（株）,【出雲管内】須佐線
農道入口,雲南市,海潮南回り線
横町公民館,雲南市,幡屋線
下中口,安来市,"広瀬〜奥田原線, 広瀬〜奥田原線（スクール）"
花の郷朱鷺会館前,出雲市,平成温泉線
和子,安来市,"伯太（上小竹）〜広瀬線, 伯太（草野）〜安来線, 伯太（福冨）〜米子線"
三代集会所,雲南市,加茂南回り線
八方原,安来市,"広瀬〜宇波線, 広瀬〜西比田線, 広瀬〜西比田線（西比田スクール）, 広瀬〜西比田線（西谷スクール）"
春殖本町,雲南市,春殖線
朝山,出雲市,根波線
フラワーロード入口,出雲市,平成温泉線
宮ノ下,雲南市,"吉田大東線, 幡屋線, 加茂北回り線, 加茂南回り線"
半瀬橋,雲南市,海潮北回り線
半瀬橋,一畑バス（株）,【松江管内】大東線
郡境,出雲市,三刀屋出雲線
養賀下,雲南市,"吉田大東線, 加茂北回り線, 加茂南回り線"
上中口,安来市,"広瀬〜奥田原線, 広瀬〜奥田原線（スクール）"
春殖交流センター,雲南市,春殖線
立原,雲南市,"吉田大東線, 加茂北回り線, 加茂南回り線"
越戸入口,雲南市,春殖線
愛宕,雲南市,加茂南回り線
湖陵温泉入口,一畑バス（株）,【出雲管内】小田線
井尻小学校,安来市,"伯太（上小竹）〜広瀬線, 伯太（草野）〜安来線, 伯太（福冨）〜米子線"
八島,安来市,"広瀬〜宇波線, 広瀬〜西比田線, 広瀬〜西比田線（西比田スクール）, 広瀬〜西比田線（西谷スクール）"
朝山神社前,出雲市,根波線
ゆけむり大橋前,雲南市,"海潮北回り線, 海潮南回り線"
ゆけむり大橋前,一畑バス（株）,【松江管内】大東線
海潮温泉上,雲南市,"海潮北回り線, 海潮南回り線"
海潮温泉上,一畑バス（株）,【松江管内】大東線
桂荘前,雲南市,海潮南回り線
海潮温泉,雲南市,"海潮北回り線, 海潮南回り線"
海潮温泉,一畑バス（株）,【松江管内】大東線
グリーンシティー,雲南市,"春殖線, 加茂北回り線, 加茂南回り線"
新庄,雲南市,海潮北回り線
新庄,一畑バス（株）,【松江管内】大東線
上山佐神社前,安来市,"広瀬〜奥田原線, 広瀬〜奥田原線（スクール）"
上朝山,出雲市,根波線
JR出雲大東駅,雲南市,"吉田大東線, 春殖線, 幡屋線, 佐世線, 阿用・久野線, 塩田線, 海潮北回り線, 海潮南回り線, 加茂北回り線, 加茂南回り線"
大東駅前,一畑バス（株）,【松江管内】大東線
岩根寺前,出雲市,根波線
柿坂,雲南市,幡屋線
保知石二町内,出雲市,平成温泉線
湖陵郵便局前,一畑バス（株）,【出雲管内】小田線
大東税務署,雲南市,"吉田大東線, 春殖線, 幡屋線, 佐世線, 阿用・久野線, 塩田線, 海潮北回り線, 海潮南回り線"
大東税務署前,一畑バス（株）,【松江管内】大東線
森口,安来市,"広瀬〜奥田原線, 広瀬〜奥田原線（スクール）"
川上,安来市,"広瀬〜奥田原線, 広瀬〜奥田原線（スクール）"
下谷,出雲市,三刀屋出雲線
荒堀,安来市,伯太（福冨）〜米子線
水田原,安来市,広瀬〜宇波線
日次,安来市,"伯太（上小竹）〜広瀬線, 伯太（草野）〜安来線, 伯太（福冨）〜米子線"
雲南市立病院,雲南市,"吉田大東線, 春殖線, 幡屋線, 佐世線, 阿用・久野線, 塩田線, 海潮北回り線, 海潮南回り線, 加茂北回り線, 加茂南回り線"
大東中学校前,雲南市,"春殖線, 幡屋線, 佐世線, 阿用・久野線, 塩田線"
刈畑公民館,雲南市,海潮南回り線
八千代橋,雲南市,塩田線
高木尻,安来市,"広瀬〜奥田原線, 広瀬〜奥田原線（スクール）"
大東郵便局前（大東高校入口）,雲南市,"吉田大東線, 春殖線, 幡屋線, 佐世線, 阿用・久野線, 塩田線, 海潮北回り線, 海潮南回り線"
大東郵便局前,一畑バス（株）,【松江管内】大東線
ごうぎん大東支店,雲南市,"吉田大東線, 春殖線, 幡屋線, 佐世線, 阿用・久野線, 塩田線, 海潮北回り線, 海潮南回り線"
ごうぎん大東支店,一畑バス（株）,【松江管内】大東線
来西寺橋,雲南市,佐世線
教橋,雲南市,塩田線
新庄南団地前,雲南市,海潮南回り線
下鐘築,出雲市,根波線
伊萱,出雲市,三刀屋出雲線
大東東町,一畑バス（株）,【松江管内】大東線
知谷橋,一畑バス（株）,【出雲管内】須佐線
東町,雲南市,"塩田線, 海潮北回り線, 海潮南回り線"
東大橋,雲南市,"海潮北回り線, 海潮南回り線"
伊萱中央,雲南市,高窪・伊萱線
下谷,雲南市,高窪・伊萱線
はまもと内科,雲南市,"吉田大東線, 春殖線, 幡屋線, 佐世線, 阿用・久野線, 塩田線, 海潮北回り線, 海潮南回り線"
市原,安来市,"広瀬〜宇波線, 広瀬〜西比田線, 広瀬〜西比田線（西比田スクール）, 広瀬〜西比田線（西谷スクール）"
坂津上口,一畑バス（株）,【出雲管内】小田線
Aコープだいとう,雲南市,"春殖線, 幡屋線, 佐世線, 海潮北回り線, 海潮南回り線"
三田原,出雲市,三刀屋出雲線
三田原,雲南市,高窪・伊萱線
中屋谷,雲南市,高窪・伊萱線
Aコープだいとう（体育館前）,雲南市,"春殖線, 幡屋線, 阿用・久野線, 塩田線, 海潮北回り線, 海潮南回り線"
大東総合センター,雲南市,"春殖線, 幡屋線, 佐世線, 阿用・久野線, 塩田線, 海潮北回り線, 海潮南回り線"
横屋,安来市,"伯太（上小竹）〜広瀬線, 伯太（草野）〜安来線, 伯太（福冨）〜米子線"
寺谷,雲南市,高窪・伊萱線
西光寺橋,雲南市,佐世線
森木終点,雲南市,海潮南回り線
砂子坂,一畑バス（株）,【出雲管内】小田線
山寄入口,出雲市,根波線
与一畑,安来市,伯太（福冨）〜米子線
須谷医院前,一畑バス（株）,【出雲管内】須佐線
狩山公民館,雲南市,佐世線
光住宅前,雲南市,塩田線
道の駅木次,雲南市,吉田大東線
踊原,安来市,"広瀬〜宇波線, 広瀬〜西比田線, 広瀬〜西比田線（西比田スクール）, 広瀬〜西比田線（西谷スクール）"
鐘築,出雲市,根波線
水田原尻,安来市,広瀬〜宇波線
高橋,安来市,"広瀬〜奥田原線, 広瀬〜奥田原線（スクール）"
みなみ小学校前,一畑バス（株）,【出雲管内】須佐線
わさび加工場,雲南市,海潮南回り線
佐世峠,雲南市,"吉田大東線, 佐世線"
金成入口,雲南市,塩田線
三峠,雲南市,阿用・久野線
長安寺入口,雲南市,塩田線
与市,安来市,"伯太（上小竹）〜広瀬線, 伯太（草野）〜安来線, 伯太（福冨）〜米子線"
清田,雲南市,塩田線
深田上,雲南市,高窪・伊萱線
岩根,雲南市,塩田線
森木入口,雲南市,海潮南回り線
佐世簡易郵便局,雲南市,"吉田大東線, 佐世線"
地蔵尊前,出雲市,平成温泉線
堂渡,安来市,"広瀬〜西比田線, 広瀬〜西比田線（西比田スクール）, 広瀬〜西比田線（西谷スクール）"
水越前,雲南市,高窪・伊萱線
平成温泉,出雲市,平成温泉線
下布部,安来市,"広瀬〜西比田線, 広瀬〜西比田線（西比田スクール）, 広瀬〜西比田線（西谷スクール）"
高窪交流館前,雲南市,高窪・伊萱線
東林寺前,一畑バス（株）,【出雲管内】須佐線
掛屋,雲南市,阿用・久野線
出雲後谷,雲南市,高窪・伊萱線
安徳,雲南市,塩田線
石畑入口,出雲市,根波線
落合,安来市,広瀬〜宇波線
屋内下郷,雲南市,高窪・伊萱線
弥久賀神社前,一畑バス（株）,【出雲管内】小田線
免別公民館,雲南市,佐世線
須山口,安来市,伯太（福冨）〜米子線
古瀬医院前,出雲市,根波線
免別横断線入口,雲南市,吉田大東線
山佐ダム,安来市,"広瀬〜奥田原線, 広瀬〜奥田原線（スクール）"
宇波,安来市,広瀬〜宇波線
石畑上,出雲市,根波線
須山,安来市,伯太（福冨）〜米子線
小原,出雲市,三刀屋出雲線
小原,雲南市,高窪・伊萱線
水上,一畑バス（株）,【出雲管内】小田線
出雲高窪,雲南市,高窪・伊萱線
久才,安来市,"伯太（上小竹）〜広瀬線, 伯太（草野）〜安来線, 伯太（福冨）〜米子線"
福冨,安来市,伯太（福冨）〜米子線
坂の下,安来市,広瀬〜宇波線
宮上,安来市,広瀬〜宇波線
宮上,雲南市,吉田大東線
浜谷入口,雲南市,吉田大東線
佐世交流センター,雲南市,佐世線
上口,雲南市,吉田大東線
金原,安来市,"広瀬〜西比田線, 広瀬〜西比田線（西比田スクール）, 広瀬〜西比田線（西谷スクール）"
子安神社前,雲南市,吉田大東線
佐世小学校入口,雲南市,佐世線
奥山,雲南市,海潮南回り線
横手谷,雲南市,阿用・久野線
市森,出雲市,根波線
屋内口,雲南市,高窪・伊萱線
宮上公会堂前,安来市,広瀬〜宇波線
JR南大東駅,雲南市,"吉田大東線, 佐世線"
雲南市役所,雲南市,"吉田大東線, 北原線, 木次三刀屋線"
加納美術館入口,安来市,広瀬〜西比田線
谷尻,安来市,広瀬〜西比田線
斐伊交流センター前,雲南市,吉田大東線
宇和佐,一畑バス（株）,【出雲管内】須佐線
阿用交流センター,雲南市,阿用・久野線
若宮,出雲市,三刀屋出雲線
若宮,雲南市,高窪・伊萱線
笹刈農道入口,安来市,広瀬〜宇波線
ハローワーク前,雲南市,"吉田大東線, 北原線, 木次三刀屋線"
峠之内,安来市,"伯太（上小竹）〜広瀬線, 伯太（草野）〜安来線, 伯太（福冨）〜米子線"
布部交流センター入口,安来市,"広瀬〜西比田線, 広瀬〜西比田線（西比田スクール）, 広瀬〜西比田線（西谷スクール）"
稗原コミュニティ前,出雲市,根波線
嫁こい観音入口,安来市,"広瀬〜奥田原線, 広瀬〜奥田原線（スクール）"
一本松,雲南市,塩田線
宮上（市道上佐世線）,雲南市,佐世線
大ヶ谷入口,雲南市,佐世線
蛇池,一畑バス（株）,【出雲管内】小田線
兎谷尻,安来市,"広瀬〜奥田原線, 広瀬〜奥田原線（スクール）"
馬場,出雲市,三刀屋出雲線
馬場,雲南市,"中野線, 根波線, 高窪・伊萱線"
滝の里,安来市,広瀬〜宇波線
阿用小学校,雲南市,阿用・久野線
奥出雲コスモ病院,雲南市,木次三刀屋線
八幡前,出雲市,三刀屋出雲線
八幡前,雲南市,"中野線, 根波線, 高窪・伊萱線"
炭鉱口,雲南市,高窪・伊萱線
小川尻,一畑バス（株）,【出雲管内】須佐線
岩倉,出雲市,根波線
椿前,安来市,広瀬〜西比田線
長沢,一畑バス（株）,【出雲管内】小田線
笹谷,雲南市,塩田線
三刀屋小学校前,出雲市,三刀屋出雲線
三刀屋小学校前,雲南市,"中野線, 根波線, 高窪・伊萱線"
中砂子,出雲市,"多伎循環バス　蔵谷線, 多伎循環バス　富山線"
殿森,一畑バス（株）,【出雲管内】須佐線
川平,出雲市,根波線
布部学校前,安来市,広瀬〜西比田線
東上公民館,雲南市,阿用・久野線
谷合橋,一畑バス（株）,【出雲管内】須佐線
JA雲南さくら支店前,雲南市,"吉田大東線, 北原線, 木次三刀屋線"
藤ヶ廻,雲南市,佐世線
下新田,安来市,"広瀬〜奥田原線, 広瀬〜奥田原線（スクール）"
下熊谷バスセンター,雲南市,"吉田大東線, 北原線, 木次三刀屋線, 中野線, 根波線, 高窪・伊萱線"
船越尻,雲南市,塩田線
石峠,雲南市,高窪・伊萱線
久村町中,出雲市,"多伎循環バス　蔵谷線, 多伎循環バス　富山線"
下畑,出雲市,根波線
菟原入口,雲南市,"吉田大東線, 北原線, 木次三刀屋線"
落合原,安来市,"伯太（上小竹）〜広瀬線, 伯太（草野）〜安来線, 伯太（福冨）〜米子線"
大谷交流館前,雲南市,高窪・伊萱線
松崎前,安来市,広瀬〜西比田線
上給下,出雲市,三刀屋出雲線
上給下,雲南市,"中野線, 根波線, 高窪・伊萱線"
野尻橋,出雲市,根波線
滝奥,安来市,広瀬〜宇波線
久村西会館,出雲市,"多伎循環バス　蔵谷線, 多伎循環バス　富山線"
赤屋下,安来市,"伯太（上小竹）〜広瀬線, 伯太（草野）〜安来線, 伯太（福冨）〜米子線"
後谷口,雲南市,高窪・伊萱線
大坪前,雲南市,佐世線
川原前,安来市,広瀬〜西比田線
赤屋,安来市,"伯太（上小竹）〜広瀬線, 伯太（草野）〜安来線, 伯太（福冨）〜米子線, 上小竹〜草野線"
古城橋,雲南市,高窪・伊萱線
大東鉱山前,雲南市,阿用・久野線
久村,一畑バス（株）,【出雲管内】小田線
前谷,雲南市,高窪・伊萱線
塩田交流センター前,雲南市,塩田線
赤松,出雲市,"多伎循環バス　蔵谷線, 多伎循環バス　富山線"
JR木次駅,雲南市,"吉田大東線, 北原線, 木次三刀屋線"
上新田（バイパス）,安来市,広瀬〜奥田原線（スクール）
出雲大谷,雲南市,高窪・伊萱線
上新田,安来市,広瀬〜奥田原線
わかあゆの里入口,一畑バス（株）,【出雲管内】須佐線
野尻下口,出雲市,根波線
華蔵,出雲市,"多伎循環バス　蔵谷線, 多伎循環バス　富山線"
三刀屋健康福祉センター,雲南市,"吉田大東線, 北原線, 木次三刀屋線, 中野線, 根波線, 高窪・伊萱線"
尾崎上口,雲南市,高窪・伊萱線
アスパル前,出雲市,三刀屋出雲線
アスパル前,雲南市,"中野線, 根波線, 高窪・伊萱線"
立久恵峡中,一畑バス（株）,【出雲管内】須佐線
立久恵峡,一畑バス（株）,【出雲管内】須佐線
乙見,安来市,"広瀬〜西比田線, 広瀬〜西比田線（西比田スクール）, 広瀬〜西比田線（西谷スクール）"
宮谷尻,雲南市,塩田線
法正谷口,雲南市,高窪・伊萱線
平成記念病院,雲南市,"吉田大東線, 北原線, 木次三刀屋線, 中野線, 根波線, 高窪・伊萱線"
塩田宮前,雲南市,塩田線
里坊,雲南市,根波線
いちじく温泉,出雲市,"多伎循環バス　蔵谷線, 多伎循環バス　富山線"
師弟,雲南市,佐世線
教会入口,一畑バス（株）,【出雲管内】小田線
川井下,雲南市,阿用・久野線
三刀屋保育所前,雲南市,"吉田大東線, 木次三刀屋線, 中野線, 根波線, 高窪・伊萱線"
道の駅キララ多伎,出雲市,"多伎循環バス　蔵谷線, 多伎循環バス　富山線"
杉谷尻,安来市,"広瀬〜奥田原線, 広瀬〜奥田原線（スクール）"
三日市本町,雲南市,"吉田大東線, 北原線, 木次三刀屋線"
簸上橋,雲南市,吉田大東線
旭町,出雲市,三刀屋出雲線
旭町,雲南市,"吉田大東線, 木次三刀屋線, 中野線, 根波線, 高窪・伊萱線"
猿目トンネル入口,雲南市,木次三刀屋線
郷集会所,雲南市,根波線
用土,安来市,"伯太（草野）〜安来線, 上小竹〜草野線"
野尻,出雲市,根波線
堂垣橋,雲南市,阿用・久野線
木次橋,雲南市,"北原線, 木次三刀屋線"
三刀屋バスセンター,出雲市,三刀屋出雲線
三刀屋バスセンター,雲南市,"吉田大東線, 木次三刀屋線, 中野線, 根波線, 高窪・伊萱線"
箱淵前,雲南市,塩田線
人権センター前,雲南市,"吉田大東線, 木次三刀屋線"
田の原,雲南市,根波線
下十年畑,安来市,"伯太（草野）〜安来線, 上小竹〜草野線"
井羅原,雲南市,根波線
鍛冶屋奥入口,雲南市,塩田線
若木入口,雲南市,佐世線
中町,雲南市,"吉田大東線, 中野線, 根波線"
砂原,出雲市,"多伎循環バス　蔵谷線, 多伎循環バス　富山線"
砂原,一畑バス（株）,【出雲管内】小田線
見々久別れ,出雲市,根波線
木次総合センター,雲南市,北原線
青少年ホーム前,雲南市,"吉田大東線, 北原線, 木次三刀屋線"
川井集会所,雲南市,阿用・久野線
山根,雲南市,塩田線
曽根,雲南市,塩田線
久之谷入口,安来市,"伯太（上小竹）〜広瀬線, 伯太（福冨）〜米子線, 上小竹〜草野線"
木次高速バスストップ,雲南市,木次三刀屋線
木次バスセンター,雲南市,"吉田大東線, 北原線, 木次三刀屋線"
上町,雲南市,"吉田大東線, 中野線, 根波線"
新市,雲南市,北原線
真浄寺前,出雲市,"多伎循環バス　蔵谷線, 多伎循環バス　富山線"
真浄寺前,一畑バス（株）,【出雲管内】小田線
すくも塚,雲南市,塩田線
新市上,雲南市,北原線
三刀屋中学校前,雲南市,"吉田大東線, 根波線, 高窪・伊萱線"
本郷,雲南市,佐世線
岡口,出雲市,根波線
岡口,雲南市,根波線
栃谷入口,雲南市,塩田線
横町,雲南市,中野線
JA多伎支店前,出雲市,"多伎循環バス　蔵谷線, 多伎循環バス　富山線"
布部ダム,安来市,"広瀬〜西比田線, 広瀬〜西比田線（西比田スクール）, 広瀬〜西比田線（西谷スクール）"
大谷入口,安来市,"伯太（草野）〜安来線, 上小竹〜草野線"
乙立,一畑バス（株）,【出雲管内】須佐線
宮谷前,出雲市,根波線
小田駅前,出雲市,"多伎循環バス　蔵谷線, 多伎循環バス　富山線"
小田駅前,一畑バス（株）,【出雲管内】小田線
おろち湯ったり館,雲南市,北原線
JR小田駅,一畑バス（株）,【出雲管内】小田線
郷下,雲南市,根波線
南が峠,雲南市,根波線
多伎行政センター,出雲市,"多伎循環バス　蔵谷線, 多伎循環バス　富山線"
萱原（三刀屋中学校）,雲南市,中野線
大内谷,雲南市,阿用・久野線
うなばら会館,出雲市,"多伎循環バス　蔵谷線, 多伎循環バス　富山線"
宮の前,雲南市,佐世線
根波車庫,出雲市,根波線
根波車庫,雲南市,根波線
勝熊,雲南市,根波線
旧奥田原学校前,安来市,"広瀬〜奥田原線, 広瀬〜奥田原線（スクール）"
小田局前,出雲市,"多伎循環バス　蔵谷線, 多伎循環バス　富山線"
下小竹,安来市,"伯太（上小竹）〜広瀬線, 伯太（福冨）〜米子線, 上小竹〜草野線"
作り石,雲南市,根波線
生谷,雲南市,北原線
下田橋東,出雲市,"多伎循環バス　蔵谷線, 多伎循環バス　富山線"
小田町下,出雲市,"多伎循環バス　蔵谷線, 多伎循環バス　富山線"
新田谷,安来市,"伯太（上小竹）〜広瀬線, 伯太（福冨）〜米子線, 上小竹〜草野線"
奥田原交流センター前,安来市,"広瀬〜奥田原線, 広瀬〜奥田原線（スクール）"
成木,雲南市,"吉田大東線, 根波線"
恵堂,出雲市,"多伎循環バス　蔵谷線, 多伎循環バス　富山線"
殿川内,一畑バス（株）,【出雲管内】須佐線
陰地,雲南市,佐世線
禅定寺前,雲南市,根波線
第一集会所上,安来市,"広瀬〜西比田線, 広瀬〜西比田線（西谷スクール）"
奥田原,安来市,"広瀬〜奥田原線, 広瀬〜奥田原線（スクール）"
御茶屋場,出雲市,"多伎循環バス　蔵谷線, 多伎循環バス　富山線"
矢原,安来市,"伯太（上小竹）〜広瀬線, 伯太（福冨）〜米子線, 上小竹〜草野線"
下津原,雲南市,"吉田大東線, 根波線"
上十年畑入口,安来市,"伯太（草野）〜安来線, 上小竹〜草野線"
下小竹谷公民館前,安来市,"伯太（上小竹）〜広瀬線, 伯太（福冨）〜米子線, 上小竹〜草野線"
第一集会所前,安来市,"広瀬〜西比田線, 広瀬〜西比田線（西谷スクール）"
下吉井,雲南市,北原線
奥田原山口入口,安来市,"広瀬〜奥田原線, 広瀬〜奥田原線（スクール）"
川路,安来市,"広瀬〜西比田線, 広瀬〜西比田線（西比田スクール）, 広瀬〜西比田線（西谷スクール）"
柳谷,出雲市,"多伎循環バス　蔵谷線, 多伎循環バス　富山線"
五反田,雲南市,中野線
西谷中谷入口,安来市,"広瀬〜西比田線, 広瀬〜西比田線（西谷スクール）"
殿河内,雲南市,"吉田大東線, 根波線"
日南,雲南市,佐世線
西谷交流センター前,安来市,"広瀬〜西比田線, 広瀬〜西比田線（西谷スクール）"
向名,一畑バス（株）,【出雲管内】須佐線
小田余草,出雲市,"多伎循環バス　蔵谷線, 多伎循環バス　富山線"
田儀余草,出雲市,"多伎循環バス　蔵谷線, 多伎循環バス　富山線"
田儀駅前,出雲市,"多伎循環バス　蔵谷線, 多伎循環バス　富山線"
台場公園前,出雲市,"多伎循環バス　蔵谷線, 多伎循環バス　富山線"
常盤公民館前,安来市,"伯太（草野）〜安来線, 上小竹〜草野線"
西阿用,雲南市,佐世線
前谷,安来市,広瀬〜西比田線
木呂畑入口,安来市,"広瀬〜西比田線, 広瀬〜西比田線（西谷スクール）"
向名上,一畑バス（株）,【出雲管内】須佐線
永江公民館,安来市,"伯太（上小竹）〜広瀬線, 伯太（福冨）〜米子線, 上小竹〜草野線"
粟谷,雲南市,中野線
後根波,雲南市,根波線
西谷尻,安来市,"広瀬〜西比田線, 広瀬〜西比田線（西比田スクール）, 広瀬〜西比田線（西谷スクール）"
中吉井,雲南市,北原線
上小竹,安来市,"伯太（上小竹）〜広瀬線, 伯太（福冨）〜米子線, 上小竹〜草野線"
上町,出雲市,"多伎循環バス　蔵谷線, 多伎循環バス　富山線"
川井峠,雲南市,阿用・久野線
日向集会所,雲南市,阿用・久野線
平田春石,雲南市,阿用・久野線
吉井,雲南市,北原線
井儀,雲南市,"吉田大東線, 根波線"
太聖,雲南市,阿用・久野線
柴場瀬,安来市,"広瀬〜西比田線, 広瀬〜西比田線（西比田スクール）"
茗荷谷口,雲南市,根波線
大井,雲南市,阿用・久野線
JA田儀支店前,出雲市,"多伎循環バス　蔵谷線, 多伎循環バス　富山線"
総覚寺,雲南市,阿用・久野線
西日登,雲南市,北原線
かみくの桃源郷入口,雲南市,阿用・久野線
本町,出雲市,"多伎循環バス　蔵谷線, 多伎循環バス　富山線"
長谷尻,雲南市,阿用・久野線
久之谷,安来市,"伯太（上小竹）〜広瀬線, 伯太（福冨）〜米子線, 上小竹〜草野線"
龍権地,雲南市,阿用・久野線
鍋山,雲南市,"吉田大東線, 根波線"
一ノ瀬,雲南市,中野線
樋の口,雲南市,阿用・久野線
青木橋,安来市,"伯太（草野）〜安来線, 上小竹〜草野線"
久野郵便局,雲南市,阿用・久野線
中組橋,雲南市,阿用・久野線
駒場,安来市,"広瀬〜西比田線, 広瀬〜西比田線（西比田スクール）"
JR下久野駅前,雲南市,阿用・久野線
口田儀,出雲市,"多伎循環バス　蔵谷線, 多伎循環バス　富山線"
段原,雲南市,阿用・久野線
越堂,石見交通（株）,波根線
深谷,雲南市,根波線
鍋山交流センター前,雲南市,根波線
湯谷尻,雲南市,阿用・久野線
下土井,雲南市,阿用・久野線
大島,雲南市,北原線
大蔵口,雲南市,中野線
中久野橋前,雲南市,阿用・久野線
田儀小入口,石見交通（株）,波根線
久野川大橋公園,雲南市,阿用・久野線
井羅原,雲南市,吉田大東線
明谷,一畑バス（株）,【出雲管内】須佐線
深谷温泉,雲南市,根波線
津戸口,石見交通（株）,波根線
上熊谷,雲南市,北原線
草野,安来市,"伯太（草野）〜安来線, 上小竹〜草野線"
旧田儀小学校前,出雲市,"多伎循環バス　蔵谷線, 多伎循環バス　富山線"
市場,雲南市,中野線
福留,安来市,"広瀬〜西比田線, 広瀬〜西比田線（西比田スクール）"
飯石,雲南市,中野線
中郷,出雲市,"多伎循環バス　蔵谷線, 多伎循環バス　富山線"
坂本橋,雲南市,吉田大東線
仙山,石見交通（株）,波根線
竹之上,出雲市,多伎循環バス　蔵谷線
飯石神社前,雲南市,中野線
出雲須佐,飯南町,飯南町生活路線バス　佐田・志津見線
出雲須佐,一畑バス（株）,【出雲管内】須佐線
上福留橋,安来市,"広瀬〜西比田線, 広瀬〜西比田線（西比田スクール）"
佐田支所,飯南町,飯南町生活路線バス　佐田・志津見線
佐田行政センター前,一畑バス（株）,【出雲管内】須佐線
引野,雲南市,北原線
客土口,雲南市,吉田大東線
佐田大橋,一畑バス（株）,【出雲管内】須佐線
田儀神社前,出雲市,"多伎循環バス　蔵谷線, 多伎循環バス　富山線"
道城,安来市,"広瀬〜西比田線, 広瀬〜西比田線（西比田スクール）"
寿福寺,雲南市,中野線
虫木分かれ,安来市,"広瀬〜西比田線, 広瀬〜西比田線（西比田スクール）"
比田温泉入口,安来市,"広瀬〜西比田線, 広瀬〜西比田線（西比田スクール）"
永田分かれ,安来市,"広瀬〜西比田線, 広瀬〜西比田線（西比田スクール）"
朝山支所前,石見交通（株）,波根線
上乙多田,雲南市,吉田大東線
朝山,石見交通（株）,波根線
下谷,石見交通（株）,"波根線, 富山線"
朝倉神社前,石見交通（株）,富山線
本郷東,出雲市,"多伎循環バス　蔵谷線, 多伎循環バス　富山線"
中東,安来市,"広瀬〜西比田線, 広瀬〜西比田線（西比田スクール）"
福谷,雲南市,中野線
大暮,石見交通（株）,"波根線, 富山線"
上坂本,雲南市,吉田大東線
上谷,石見交通（株）,富山線
智呑,出雲市,"多伎循環バス　蔵谷線, 多伎循環バス　富山線"
梶ふれあい,安来市,"広瀬〜西比田線, 広瀬〜西比田線（西比田スクール）"
砂山,石見交通（株）,波根線
原田口,石見交通（株）,"波根線, 富山線"
福田医院前,石見交通（株）,波根線
立善寺前,石見交通（株）,波根線
朝波小学校,石見交通（株）,"波根線, 富山線"
田長,石見交通（株）,"波根線, 富山線"
波根灘町,石見交通（株）,波根線
古市,安来市,"広瀬〜西比田線, 広瀬〜西比田線（西比田スクール）"
今谷,雲南市,北原線
比田交流センター前,安来市,"広瀬〜西比田線, 広瀬〜西比田線（西比田スクール）"
西灘町,石見交通（株）,波根線
針戸,出雲市,"多伎循環バス　蔵谷線, 多伎循環バス　富山線"
長福寺前,石見交通（株）,富山線
比田小学校前,安来市,"広瀬〜西比田線, 広瀬〜西比田線（西比田スクール）"
萱野口,雲南市,吉田大東線
波根駅,石見交通（株）,波根線
比田いきいき交流館,安来市,"広瀬〜西比田線, 広瀬〜西比田線（西比田スクール）"
いきいき交流館,奥出雲交通（株）,西比田線
掛戸,石見交通（株）,波根線
大津入口,石見交通（株）,波根線
農林大学校前,石見交通（株）,富山線
下中野,雲南市,中野線
柳瀬,石見交通（株）,波根線
蔵谷,出雲市,"多伎循環バス　蔵谷線, 多伎循環バス　富山線"
竹原口,石見交通（株）,富山線
浪花屋前,安来市,広瀬〜西比田線
浪花屋前,奥出雲交通（株）,西比田線
猿渡,雲南市,北原線
山根谷,雲南市,中野線
佐白宮の下,奥出雲交通（株）,佐白線
太丸屋前,安来市,広瀬〜西比田線
西比田,奥出雲交通（株）,西比田線
山郡,出雲市,多伎循環バス　富山線
大津,石見交通（株）,富山線
西比田車庫,安来市,"広瀬〜西比田線, 広瀬〜西比田線（西比田スクール）"
多根,雲南市,吉田大東線
久手朝日町,石見交通（株）,波根線
下畑,石見交通（株）,富山線
宮畑,雲南市,中野線
市原別れ,奥出雲交通（株）,西比田線
市原分かれ,安来市,広瀬〜西比田線
旧家畜市場前,石見交通（株）,富山線
佐白,奥出雲交通（株）,佐白線
中野,雲南市,中野線
本谷,出雲市,多伎循環バス　富山線
塩田,雲南市,北原線
須所,雲南市,中野線
槻屋,雲南市,北原線
追神神社前,奥出雲交通（株）,西比田線
大原,石見交通（株）,波根線
佐山団地,奥出雲交通（株）,佐白線
追神,奥出雲交通（株）,西比田線
六重下,雲南市,中野線
中畑,石見交通（株）,富山線
神代,雲南市,中野線
荒見谷,雲南市,中野線
加茂神社前,雲南市,北原線
八代町,奥出雲交通（株）,佐白線
王子神社前,出雲市,多伎循環バス　富山線
上久比須,奥出雲交通（株）,西比田線
八代郵便局前,奥出雲交通（株）,佐白線
上中野,雲南市,中野線
上畑,石見交通（株）,富山線
とっちり橋,奥出雲交通（株）,佐白線
布勢小学校,奥出雲交通（株）,佐白線
六重,雲南市,中野線
日の出,石見交通（株）,波根線
大西,石見交通（株）,富山線
天が淵,雲南市,北原線
八代駅,奥出雲交通（株）,佐白線
尾原ダム,雲南市,北原線
亀嵩温泉入口,奥出雲交通（株）,西比田線
高田,奥出雲交通（株）,西比田線
久手農協前,石見交通（株）,波根線
和乃郷会館前,雲南市,北原線
市,出雲市,多伎循環バス　富山線
亀嵩宮の下,奥出雲交通（株）,西比田線
湯村本郷,雲南市,北原線
温泉神社前,雲南市,北原線
六重中,雲南市,中野線
西須佐公民館,飯南町,飯南町生活路線バス　佐田・志津見線
涼見,石見交通（株）,富山線
馬馳,奥出雲交通（株）,佐白線
亀嵩温泉,奥出雲交通（株）,西比田線
玉峰山入口,奥出雲交通（株）,西比田線
入石,石見交通（株）,富山線
重蔵前,出雲市,多伎循環バス　富山線
湯舟谷,雲南市,中野線
宮地,奥出雲交通（株）,佐白線
山方,雲南市,北原線
亀嵩町下,奥出雲交通（株）,西比田線
竹原,石見交通（株）,富山線
海谷,雲南市,北原線
富山支所前,出雲市,多伎循環バス　富山線
土居,石見交通（株）,富山線
JA亀嵩支所,奥出雲交通（株）,西比田線
千原医院前,奥出雲交通（株）,西比田線
梨の木峠,奥出雲交通（株）,佐白線
沢田,石見交通（株）,波根線
中尾,石見交通（株）,富山線
湯村温泉,雲南市,北原線
尾原,雲南市,北原線
増砂,雲南市,吉田大東線
富山,出雲市,多伎循環バス　富山線
梅木原,奥出雲交通（株）,西比田線
大田二中,石見交通（株）,"波根線, 富山線"
和江漁港,石見交通（株）,大田市内・和江線
大田二中前,石見交通（株）,富山線
高田分れ,奥出雲交通（株）,西比田線
八ケ原,雲南市,北原線
鳥井,石見交通（株）,大田市内・和江線
三所分かれ,奥出雲交通（株）,佐白線
富山農協前,石見交通（株）,富山線
三石,石見交通（株）,富山線
法専寺前,石見交通（株）,大田市内・和江線
和江2区,石見交通（株）,大田市内・和江線
和江入口,石見交通（株）,大田市内・和江線
石,雲南市,北原線
歳の木,雲南市,吉田大東線
和江,石見交通（株）,大田市内・和江線
温泉郵便局前,雲南市,北原線
北原発電所前,雲南市,北原線
温泉平田,雲南市,北原線
鳥越,石見交通（株）,波根線
おんせんキャンパス,雲南市,北原線
諸友,石見交通（株）,富山線
新田,石見交通（株）,大田市内・和江線
鷲見団地,石見交通（株）,大田市内・和江線
掛合の里,飯南町,飯南町生活路線バス　赤名・吉田線
掛合の里,雲南市,吉田大東線
公園前,石見交通（株）,山口線
土井,雲南市,北原線
金原,雲南市,吉田大東線
佐々木,奥出雲交通（株）,三沢線
日の平炉跡,石見交通（株）,山口線
佐津目下,石見交通（株）,山口線
三沢尻,奥出雲交通（株）,三沢線
すだれ橋,奥出雲交通（株）,西比田線
暮地,奥出雲交通（株）,三沢線
佐津目,石見交通（株）,山口線
亀嵩駅,奥出雲交通（株）,西比田線
深野,雲南市,北原線
武者山,奥出雲交通（株）,三沢線
三沢支所前,奥出雲交通（株）,三沢線
子ご美の里,石見交通（株）,山口線
船越坂,石見交通（株）,大田市内・和江線
矢谷,奥出雲交通（株）,佐白線
原田,奥出雲交通（株）,三沢線
郡入口,奥出雲交通（株）,西比田線
三沢小学校,奥出雲交通（株）,三沢線
綿田,石見交通（株）,"波根線, 富山線"
矢城橋,石見交通（株）,山口線
高禅寺,石見交通（株）,"大田江津線, 大田市内・和江線"
大田自動車学校前,石見交通（株）,大田市内・和江線
四日市,奥出雲交通（株）,三沢線
下佐中,飯南町,飯南町生活路線バス　赤名・吉田線
下佐中,雲南市,吉田大東線
田井診療所,雲南市,北原線
集合庁舎前,石見交通（株）,"大田江津線, 大田市内・和江線"
中島,石見交通（株）,大田市内・和江線
静間平口,石見交通（株）,大田江津線
大田バスセンター,石見交通（株）,"川本線, 大森・大家線, 大田江津線, 大田市内・和江線, 粕渕線, 三瓶線, 波根線, 山口線, 富山線"
朝日町,奥出雲交通（株）,"三沢線, 佐白線"
大田市駅,石見交通（株）,"川本線, 大森・大家線, 大田市内・和江線, 粕渕線, 三瓶線, 仁万線"
柳井,石見交通（株）,波根線
奥出雲交通,奥出雲交通（株）,"大谷線, 横田・馬木線：横田→馬木→三成, 三成・馬木線：三成→馬木→横田, 三成・馬木線：三成→馬木→三成, 西比田線, 阿井・高野線, 三沢線, 佐白線"
パル入口,石見交通（株）,"川本線, 大森・大家線, 大田江津線, 大田市内・和江線, 粕渕線, 三瓶線, 山口線, 富山線"
三京口,飯南町,飯南町生活路線バス　佐田・志津見線
仮屋,石見交通（株）,大田江津線
老健前,奥出雲交通（株）,"大谷線, 横田・馬木線：横田→馬木→三成, 三成・馬木線：三成→馬木→横田, 三成・馬木線：三成→馬木→三成, 西比田線, 阿井・高野線, 三沢線, 佐白線"
上湯の原,奥出雲交通（株）,西比田線
垂水口,石見交通（株）,大田江津線
三成本町上,奥出雲交通（株）,"大谷線, 横田・馬木線：横田→馬木→三成, 三成・馬木線：三成→馬木→横田, 三成・馬木線：三成→馬木→三成, 西比田線, 阿井・高野線, 三沢線, 佐白線"
佐中,雲南市,吉田大東線
川南,石見交通（株）,"大田江津線, 大田市内・和江線"
農協入口,石見交通（株）,"大田江津線, 大田市内・和江線"
イオンタウン,石見交通（株）,"大田江津線, 大田市内・和江線"
横町角,奥出雲交通（株）,"大谷線, 横田・馬木線：横田→馬木→三成, 三成・馬木線：三成→馬木→横田, 三成・馬木線：三成→馬木→三成, 西比田線, 阿井・高野線, 三沢線, 佐白線"
昭和町,石見交通（株）,"川本線, 大森・大家線, 大田江津線, 大田市内・和江線, 粕渕線, 三瓶線, 波根線, 山口線, 富山線"
長久小,石見交通（株）,"大田江津線, 大田市内・和江線"
北八幡宮前,石見交通（株）,"川本線, 大森・大家線, 大田江津線, 大田市内・和江線, 粕渕線, 三瓶線, 波根線, 山口線, 富山線"
仁多庁舎,奥出雲交通（株）,"大谷線, 横田・馬木線：横田→馬木→三成, 三成・馬木線：三成→馬木→横田, 三成・馬木線：三成→馬木→三成, 西比田線, 阿井・高野線, 三沢線, 佐白線"
上垣医院前,石見交通（株）,大田市内・和江線
穴見谷,雲南市,吉田大東線
大正西町,石見交通（株）,"川本線, 大森・大家線, 大田江津線, 大田市内・和江線, 粕渕線, 山口線, 富山線"
中鞍掛,奥出雲交通（株）,三沢線
角木入口,奥出雲交通（株）,西比田線
サンクス前,奥出雲交通（株）,"大谷線, 横田・馬木線：横田→馬木→三成, 三成・馬木線：三成→馬木→横田, 三成・馬木線：三成→馬木→三成, 西比田線, 阿井・高野線, 三沢線, 佐白線"
土江,石見交通（株）,大田江津線
上三成,奥出雲交通（株）,"大谷線, 横田・馬木線：横田→馬木→三成, 三成・馬木線：三成→馬木→横田, 三成・馬木線：三成→馬木→三成, 西比田線, 阿井・高野線, 三沢線, 佐白線"
山崎公園入口,石見交通（株）,"大田江津線, 大田市内・和江線"
三成駅,奥出雲交通（株）,"大谷線, 横田・馬木線：横田→馬木→三成, 三成・馬木線：三成→馬木→横田, 三成・馬木線：三成→馬木→三成, 西比田線, 阿井・高野線, 三沢線, 佐白線"
仁多中学校,奥出雲交通（株）,"横田・馬木線：横田→馬木→三成, 三成・馬木線：三成→馬木→横田, 三成・馬木線：三成→馬木→三成, 西比田線, 阿井・高野線, 三沢線"
奥出雲病院,奥出雲交通（株）,"大谷線, 横田・馬木線：横田→馬木→三成, 三成・馬木線：三成→馬木→横田, 三成・馬木線：三成→馬木→三成, 西比田線, 阿井・高野線, 三沢線, 佐白線"
湯の原,奥出雲交通（株）,西比田線
田原,石見交通（株）,山口線
万丈,奥出雲交通（株）,鳥上線
大正東町,石見交通（株）,"川本線, 大森・大家線, 大田江津線, 粕渕線, 三瓶線, 波根線, 山口線, 富山線"
斐乃上荘入口,奥出雲交通（株）,鳥上線
新逢浜橋,石見交通（株）,大田江津線
掛合,飯南町,飯南町生活路線バス　赤名・吉田線
掛合,雲南市,吉田大東線
亀嵩分れ,奥出雲交通（株）,西比田線
集合庁舎,奥出雲交通（株）,"大谷線, 横田・馬木線：横田→馬木→三成, 三成・馬木線：三成→馬木→横田, 三成・馬木線：三成→馬木→三成"
山崎,石見交通（株）,"大田江津線, 大田市内・和江線"
上鞍掛,奥出雲交通（株）,三沢線
宮崎橋,石見交通（株）,"大森・大家線, 波根線"
大田高校前,石見交通（株）,大田市内・和江線
神田橋,石見交通（株）,"川本線, 大森・大家線, 大田江津線, 粕渕線, 三瓶線, 波根線, 山口線, 富山線"
川奥橋,石見交通（株）,山口線
三砂橋,雲南市,吉田大東線
天狗岩,雲南市,吉田大東線
五十猛駅前,石見交通（株）,大田江津線
大田市役所前,石見交通（株）,"大田江津線, 大田市内・和江線"
天神一町内,石見交通（株）,"大田市内・和江線, 山口線"
堅田,奥出雲交通（株）,"阿井・高野線, 三沢線"
農林福祉会館前,石見交通（株）,大森・大家線
農林福祉会館,石見交通（株）,波根線
本町,石見交通（株）,"川本線, 大森・大家線, 大田江津線, 大田市内・和江線, 粕渕線, 三瓶線, 波根線, 富山線"
竹崎車庫,奥出雲交通（株）,鳥上線
天神二町内,石見交通（株）,"大田市内・和江線, 山口線"
日の出町,石見交通（株）,山口線
山ノ奥入口,奥出雲交通（株）,鳥上線
五十猛まちセン前,石見交通（株）,大田江津線
代山,奥出雲交通（株）,鳥上線
河内分れ,奥出雲交通（株）,阿井・高野線
末広町,石見交通（株）,"川本線, 大森・大家線, 大田江津線, 大田市内・和江線, 粕渕線, 三瓶線, 波根線, 富山線"
日の出橋,石見交通（株）,山口線
美女原,奥出雲交通（株）,"大谷線, 横田・馬木線：横田→馬木→三成, 三成・馬木線：三成→馬木→横田, 三成・馬木線：三成→馬木→三成"
大浦東口,石見交通（株）,大田江津線
王子橋,奥出雲交通（株）,鳥上線
小池,石見交通（株）,山口線
鳴滝温泉口,石見交通（株）,波根線
斐乃上荘,奥出雲交通（株）,鳥上線
五反田,奥出雲交通（株）,鳥上線
中学校前,石見交通（株）,"川本線, 大森・大家線, 大田江津線, 大田市内・和江線, 粕渕線, 三瓶線, 波根線, 富山線"
中丁,奥出雲交通（株）,鳥上線
竜宮橋,雲南市,吉田大東線
大田栄町,石見交通（株）,"川本線, 大森・大家線, 大田江津線, 大田市内・和江線, 粕渕線, 三瓶線, 波根線, 富山線"
鑓目,奥出雲交通（株）,鳥上線
大川西平,飯南町,飯南町生活路線バス　佐田・志津見線
出口,石見交通（株）,山口線
ボクラ橋,奥出雲交通（株）,鳥上線
いもが畑,奥出雲交通（株）,"横田・馬木線：横田→馬木→三成, 三成・馬木線：三成→馬木→横田, 三成・馬木線：三成→馬木→三成"
大浦西口,石見交通（株）,大田江津線
鳥上小学校前,奥出雲交通（株）,鳥上線
馬場,奥出雲交通（株）,鳥上線
獺越入口,石見交通（株）,山口線
大田市立病院入口,石見交通（株）,"川本線, 大森・大家線, 大田江津線, 大田市内・和江線, 粕渕線, 三瓶線, 波根線, 富山線"
むらくも前,奥出雲交通（株）,鳥上線
大田市立病院前,石見交通（株）,"川本線, 大森・大家線, 大田江津線, 大田市内・和江線, 粕渕線, 三瓶線, 波根線, 富山線"
三ツ別れ,奥出雲交通（株）,鳥上線
大向,飯南町,飯南町生活路線バス　赤名・吉田線
井上医院,奥出雲交通（株）,鳥上線
教会前,奥出雲交通（株）,鳥上線
JA鳥上支所前,奥出雲交通（株）,鳥上線
栄ケ丘,石見交通（株）,"粕渕線, 三瓶線"
藤木谷口,石見交通（株）,山口線
富山口,石見交通（株）,山口線
山郡,奥出雲交通（株）,鳥上線
JA横田,奥出雲交通（株）,鳥上線
広谷下,石見交通（株）,山口線
横田庁舎,奥出雲交通（株）,三成・馬木線：三成→馬木→横田
大坪,石見交通（株）,"川本線, 大森・大家線"
横田駅,奥出雲交通（株）,"鳥上線, 八川線, 大谷線, 横田・馬木線：横田→馬木→横田, 横田・馬木線：横田→馬木→三成, 三成・馬木線：三成→馬木→横田"
横田庁舎前,奥出雲交通（株）,"鳥上線, 八川線, 大谷線, 横田・馬木線：横田→馬木→横田, 横田・馬木線：横田→馬木→三成, 三成・馬木線：三成→馬木→横田"
稲田参道入口,奥出雲交通（株）,"鳥上線, 八川線, 大谷線, 横田・馬木線：横田→馬木→横田, 横田・馬木線：横田→馬木→三成, 三成・馬木線：三成→馬木→横田"
広谷,石見交通（株）,山口線
井原谷,飯南町,飯南町生活路線バス　赤名・吉田線
薬師前,石見交通（株）,山口線
横田車庫,奥出雲交通（株）,"鳥上線, 八川線, 大谷線, 横田・馬木線：横田→馬木→横田, 横田・馬木線：横田→馬木→三成, 三成・馬木線：三成→馬木→横田"
上下場前,奥出雲交通（株）,"鳥上線, 八川線, 大谷線, 横田・馬木線：横田→馬木→横田, 横田・馬木線：横田→馬木→三成, 三成・馬木線：三成→馬木→横田"
深谷,石見交通（株）,"粕渕線, 三瓶線"
名古田,雲南市,吉田大東線
むらくも苑,奥出雲交通（株）,"鳥上線, 八川線, 大谷線, 横田・馬木線：横田→馬木→横田, 横田・馬木線：横田→馬木→三成, 三成・馬木線：三成→馬木→横田"
大曲,石見交通（株）,山口線
大田野城,石見交通（株）,山口線
横田高校入口,奥出雲交通（株）,"鳥上線, 八川線, 大谷線, 横田・馬木線：横田→馬木→横田, 横田・馬木線：横田→馬木→三成, 三成・馬木線：三成→馬木→横田"
赤井,石見交通（株）,大田江津線
絲原記念館前,奥出雲交通（株）,大谷線
現代橋,石見交通（株）,山口線
一軒屋,奥出雲交通（株）,阿井・高野線
外原前,石見交通（株）,山口線
横田蔵市,奥出雲交通（株）,"鳥上線, 八川線, 大谷線, 横田・馬木線：横田→馬木→横田, 横田・馬木線：横田→馬木→三成, 三成・馬木線：三成→馬木→横田"
田中台,石見交通（株）,"粕渕線, 三瓶線"
灰取,石見交通（株）,山口線
山口,石見交通（株）,山口線
上野城,石見交通（株）,山口線
行恒,石見交通（株）,"川本線, 大森・大家線"
横田中学校,奥出雲交通（株）,"鳥上線, 八川線, 大谷線, 横田・馬木線：横田→馬木→横田, 横田・馬木線：横田→馬木→三成, 三成・馬木線：三成→馬木→横田"
稚児橋,石見交通（株）,山口線
円城寺橋,石見交通（株）,山口線
三瓶ダム,石見交通（株）,山口線
鬼の舌震,奥出雲交通（株）,"横田・馬木線：横田→馬木→三成, 三成・馬木線：三成→馬木→横田, 三成・馬木線：三成→馬木→三成"
横田中学校入口,奥出雲交通（株）,"鳥上線, 八川線, 大谷線, 横田・馬木線：横田→馬木→横田, 横田・馬木線：横田→馬木→三成, 三成・馬木線：三成→馬木→横田"
北三瓶まちセン前,石見交通（株）,山口線
下多根,石見交通（株）,山口線
多根,石見交通（株）,山口線
雨川上,奥出雲交通（株）,大谷線
東京屋前,奥出雲交通（株）,大谷線
宇根,奥出雲交通（株）,"横田・馬木線：横田→馬木→三成, 三成・馬木線：三成→馬木→横田, 三成・馬木線：三成→馬木→三成"
赤井嘉塩,石見交通（株）,大田江津線
小豆原口,石見交通（株）,山口線
吉永,石見交通（株）,"粕渕線, 三瓶線"
川上橋,飯南町,飯南町生活路線バス　赤名・吉田線
雨川集会所,奥出雲交通（株）,大谷線
土本橋,石見交通（株）,山口線
中道,石見交通（株）,山口線
宅野宮口,石見交通（株）,大田江津線
木ノ下,雲南市,吉田大東線
北三瓶口,石見交通（株）,山口線
粟原,雲南市,吉田大東線
試験場入口,石見交通（株）,"粕渕線, 三瓶線"
川子原,奥出雲交通（株）,阿井・高野線
川西別れ,奥出雲交通（株）,"八川線, 大谷線, 横田・馬木線：横田→馬木→横田, 横田・馬木線：横田→馬木→三成, 三成・馬木線：三成→馬木→横田"
蔵屋上集会所,奥出雲交通（株）,大谷線
上多根,石見交通（株）,山口線
北三瓶保育園前,石見交通（株）,山口線
松代,石見交通（株）,"川本線, 大森・大家線"
柄栗,飯南町,飯南町生活路線バス　佐田・志津見線
北三瓶学校入口,石見交通（株）,山口線
たたらば壱番地,飯南町,飯南町生活路線バス　赤名・吉田線
たたらば壱番地,雲南市,吉田大東線
宅野港,石見交通（株）,大田江津線
吉田中学校前,雲南市,吉田大東線
JA吉田前,雲南市,吉田大東線
吉田駐在所前,雲南市,吉田大東線
尾白,奥出雲交通（株）,阿井・高野線
吉永神社前,石見交通（株）,"粕渕線, 三瓶線"
吉田大橋,雲南市,吉田大東線
渡部診療所,雲南市,吉田大東線
稲わら工房前,雲南市,吉田大東線
津辺,石見交通（株）,大田江津線
塩貝,奥出雲交通（株）,"横田・馬木線：横田→馬木→三成, 三成・馬木線：三成→馬木→横田, 三成・馬木線：三成→馬木→三成"
出来山,飯南町,飯南町生活路線バス　赤名・吉田線
新鋳物屋橋,奥出雲交通（株）,阿井・高野線
畑中口,石見交通（株）,"川本線, 大森・大家線"
下瓜坂,石見交通（株）,三瓶線
宅野口,石見交通（株）,大田江津線
吉ヶ口,奥出雲交通（株）,大谷線
原口別れ,奥出雲交通（株）,"八川線, 大谷線, 横田・馬木線：横田→馬木→横田, 横田・馬木線：横田→馬木→三成, 三成・馬木線：三成→馬木→横田"
鋳物屋公会堂,奥出雲交通（株）,阿井・高野線
瓜坂,石見交通（株）,三瓶線
小林鉱泉前,石見交通（株）,三瓶線
川角,奥出雲交通（株）,"横田・馬木線：横田→馬木→三成, 三成・馬木線：三成→馬木→横田, 三成・馬木線：三成→馬木→三成"
縄手,石見交通（株）,"粕渕線, 三瓶線"
仁万前の浜,石見交通（株）,大田江津線
八川公民館前,奥出雲交通（株）,"八川線, 大谷線, 横田・馬木線：横田→馬木→横田, 横田・馬木線：横田→馬木→三成, 三成・馬木線：三成→馬木→横田"
土橋,奥出雲交通（株）,大谷線
上高尾入口,奥出雲交通（株）,"横田・馬木線：横田→馬木→三成, 三成・馬木線：三成→馬木→横田, 三成・馬木線：三成→馬木→三成"
下高尾,奥出雲交通（株）,"横田・馬木線：横田→馬木→三成, 三成・馬木線：三成→馬木→横田, 三成・馬木線：三成→馬木→三成"
程原,石見交通（株）,三瓶線
下阿井,奥出雲交通（株）,阿井・高野線
一丁田,石見交通（株）,三瓶線
見寄,奥出雲交通（株）,阿井・高野線
八川小前,奥出雲交通（株）,"八川線, 横田・馬木線：横田→馬木→横田, 横田・馬木線：横田→馬木→三成, 三成・馬木線：三成→馬木→横田"
戎,石見交通（株）,大田江津線
久利,石見交通（株）,"川本線, 大森・大家線"
一本松,石見交通（株）,三瓶線
大谷別れ,奥出雲交通（株）,大谷線
川合,石見交通（株）,"粕渕線, 三瓶線"
堀集会所,奥出雲交通（株）,阿井・高野線
物部神社前,石見交通（株）,三瓶線
堀上,奥出雲交通（株）,阿井・高野線
郷原医院前,石見交通（株）,"川本線, 大森・大家線"
仁摩高校前,石見交通（株）,大田江津線
奥畑,石見交通（株）,三瓶線
産王神社前,石見交通（株）,三瓶線
久屋小,石見交通（株）,"川本線, 大森・大家線"
三瓶自然館前,石見交通（株）,三瓶線
竹之尾,飯南町,飯南町生活路線バス　赤名・吉田線
大森,奥出雲交通（株）,阿井・高野線
青少年交流の家,石見交通（株）,三瓶線
別荘入口,石見交通（株）,三瓶線
下口,奥出雲交通（株）,阿井・高野線
大田西中,石見交通（株）,大田江津線
大谷公会堂,奥出雲交通（株）,大谷線
仁万駅,石見交通（株）,大田江津線
潮橋,飯南町,飯南町生活路線バス　赤名・吉田線
仁万駅前,石見交通（株）,仁万線
川合南,石見交通（株）,粕渕線
八川駅前,奥出雲交通（株）,"八川線, 横田・馬木線：横田→馬木→横田, 横田・馬木線：横田→馬木→三成, 三成・馬木線：三成→馬木→横田"
善興寺橋,石見交通（株）,"大田江津線, 仁万線"
仁万駅口,石見交通（株）,"大田江津線, 仁万線"
本郷,奥出雲交通（株）,"横田・馬木線：横田→馬木→横田, 横田・馬木線：横田→馬木→三成, 三成・馬木線：三成→馬木→横田"
仁摩支所前,石見交通（株）,仁万線
入間,飯南町,飯南町生活路線バス　赤名・吉田線
湯迫温泉入口,石見交通（株）,仁万線
大井手,石見交通（株）,仁万線
道の駅ごいせ仁摩,石見交通（株）,仁万線
野土岐,奥出雲交通（株）,"横田・馬木線：横田→馬木→三成, 三成・馬木線：三成→馬木→横田, 三成・馬木線：三成→馬木→三成"
相川,石見交通（株）,三瓶線
宮村下,石見交通（株）,仁万線
下市原,石見交通（株）,"川本線, 大森・大家線"
野土別れ,奥出雲交通（株）,"横田・馬木線：横田→馬木→横田, 横田・馬木線：横田→馬木→三成, 三成・馬木線：三成→馬木→横田, 三成・馬木線：三成→馬木→三成"
阿井支所前,奥出雲交通（株）,阿井・高野線
池田入口,石見交通（株）,三瓶線
本谷,飯南町,飯南町生活路線バス　赤名・吉田線
金川別れ,奥出雲交通（株）,八川線
伊比橋,飯南町,飯南町生活路線バス　角井・頓原線
浄善寺大イチョウ前,石見交通（株）,三瓶線
波多駐在所前,飯南町,飯南町生活路線バス　佐田・志津見線
南の上,石見交通（株）,粕渕線
阿井郵便局,奥出雲交通（株）,阿井・高野線
福原,奥出雲交通（株）,阿井・高野線
板敷入口,奥出雲交通（株）,"横田・馬木線：横田→馬木→三成, 三成・馬木線：三成→馬木→横田, 三成・馬木線：三成→馬木→三成"
宮村,石見交通（株）,仁万線
村田坂,石見交通（株）,三瓶線
下白石,石見交通（株）,大田江津線
仲仙道,奥出雲交通（株）,八川線
大谷分れ,奥出雲交通（株）,"横田・馬木線：横田→馬木→横田, 横田・馬木線：横田→馬木→三成, 三成・馬木線：三成→馬木→横田, 三成・馬木線：三成→馬木→三成"
亀谷口,石見交通（株）,"川本線, 大森・大家線"
岩間前,奥出雲交通（株）,阿井・高野線
鶴府口,石見交通（株）,粕渕線
高利,石見交通（株）,三瓶線
大馬木分れ,奥出雲交通（株）,"横田・馬木線：横田→馬木→横田, 横田・馬木線：横田→馬木→三成, 三成・馬木線：三成→馬木→横田, 三成・馬木線：三成→馬木→三成"
福原集会所,奥出雲交通（株）,阿井・高野線
大屋入口,石見交通（株）,仁万線
小八川橋,奥出雲交通（株）,八川線
坂根,奥出雲交通（株）,阿井・高野線
上阿井,奥出雲交通（株）,阿井・高野線
池の原,石見交通（株）,三瓶線
上市下,奥出雲交通（株）,"横田・馬木線：横田→馬木→横田, 横田・馬木線：横田→馬木→三成, 三成・馬木線：三成→馬木→横田, 三成・馬木線：三成→馬木→三成"
万場,飯南町,飯南町生活路線バス　角井・頓原線
阿井本町,奥出雲交通（株）,阿井・高野線
上白石,石見交通（株）,大田江津線
阿井上町,奥出雲交通（株）,阿井・高野線
和田,石見交通（株）,仁万線
上市,奥出雲交通（株）,"横田・馬木線：横田→馬木→横田, 横田・馬木線：横田→馬木→三成, 三成・馬木線：三成→馬木→横田, 三成・馬木線：三成→馬木→三成"
上市原,石見交通（株）,"川本線, 大森・大家線"
岡,飯南町,"飯南町生活路線バス　角井・頓原線, 飯南町生活路線バス　佐田・志津見線"
大八川橋,奥出雲交通（株）,八川線
神子路,石見交通（株）,大田江津線
岡の前,石見交通（株）,粕渕線
小林集会所,奥出雲交通（株）,"横田・馬木線：横田→馬木→横田, 横田・馬木線：横田→馬木→三成, 三成・馬木線：三成→馬木→横田, 三成・馬木線：三成→馬木→三成"
中市橋,石見交通（株）,仁万線
角井,飯南町,飯南町生活路線バス　角井・頓原線
米原,奥出雲交通（株）,阿井・高野線
門谷入口,石見交通（株）,仁万線
定の松,石見交通（株）,三瓶線
城平,飯南町,飯南町生活路線バス　角井・頓原線
大国局前,石見交通（株）,仁万線
下佐摩,石見交通（株）,"川本線, 大森・大家線"
東の原,石見交通（株）,三瓶線
内井原,飯南町,飯南町生活路線バス　角井・頓原線
小馬木車庫,奥出雲交通（株）,"横田・馬木線：横田→馬木→横田, 横田・馬木線：横田→馬木→三成, 三成・馬木線：三成→馬木→横田, 三成・馬木線：三成→馬木→三成"
忍原町,石見交通（株）,粕渕線
馬路,石見交通（株）,大田江津線
大国,石見交通（株）,仁万線
大馬木,奥出雲交通（株）,"横田・馬木線：横田→馬木→横田, 横田・馬木線：横田→馬木→三成, 三成・馬木線：三成→馬木→横田, 三成・馬木線：三成→馬木→三成"
三森原下,奥出雲交通（株）,八川線
志都の里,飯南町,"飯南町生活路線バス　角井・頓原線, 飯南町生活路線バス　佐田・志津見線"
大原,奥出雲交通（株）,"横田・馬木線：横田→馬木→横田, 横田・馬木線：横田→馬木→三成, 三成・馬木線：三成→馬木→横田"
反保,奥出雲交通（株）,"横田・馬木線：横田→馬木→横田, 横田・馬木線：横田→馬木→三成, 三成・馬木線：三成→馬木→横田, 三成・馬木線：三成→馬木→三成"
志津見,飯南町,"飯南町生活路線バス　角井・頓原線, 飯南町生活路線バス　佐田・志津見線"
JA小馬木支所,奥出雲交通（株）,"横田・馬木線：横田→馬木→横田, 横田・馬木線：横田→馬木→三成, 三成・馬木線：三成→馬木→横田, 三成・馬木線：三成→馬木→三成"
駕籠立の松,石見交通（株）,三瓶線
旭公民館前,奥出雲交通（株）,"横田・馬木線：横田→馬木→横田, 横田・馬木線：横田→馬木→三成, 三成・馬木線：三成→馬木→横田"
大森,奥出雲交通（株）,"横田・馬木線：横田→馬木→横田, 横田・馬木線：横田→馬木→三成, 三成・馬木線：三成→馬木→横田"
妙綱寺,奥出雲交通（株）,"横田・馬木線：横田→馬木→横田, 横田・馬木線：横田→馬木→三成, 三成・馬木線：三成→馬木→横田"
馬木小前,奥出雲交通（株）,"横田・馬木線：横田→馬木→横田, 横田・馬木線：横田→馬木→三成, 三成・馬木線：三成→馬木→横田"
狭平口,石見交通（株）,仁万線
忠魂碑前,奥出雲交通（株）,"横田・馬木線：横田→馬木→横田, 横田・馬木線：横田→馬木→三成, 三成・馬木線：三成→馬木→横田, 三成・馬木線：三成→馬木→三成"
渋谷別れ,奥出雲交通（株）,"横田・馬木線：横田→馬木→横田, 横田・馬木線：横田→馬木→三成, 三成・馬木線：三成→馬木→横田"
神畑入口,石見交通（株）,大田江津線
恩谷,飯南町,"飯南町生活路線バス　赤名・吉田線, 飯南町生活路線バス　都加賀・奥畑線"
緑ヶ丘西口,石見交通（株）,三瓶線
天満宮,奥出雲交通（株）,"横田・馬木線：横田→馬木→横田, 横田・馬木線：横田→馬木→三成, 三成・馬木線：三成→馬木→横田"
中原,奥出雲交通（株）,"横田・馬木線：横田→馬木→横田, 横田・馬木線：横田→馬木→三成, 三成・馬木線：三成→馬木→横田"
仲代原,石見交通（株）,粕渕線
大森代官所跡,石見交通（株）,"川本線, 大森・大家線, 仁万線"
槇原,奥出雲交通（株）,阿井・高野線
国倉,飯南町,飯南町生活路線バス　都加賀・奥畑線
姫ケ谷,石見交通（株）,粕渕線
開拓農協入口,石見交通（株）,三瓶線
三森原中,奥出雲交通（株）,八川線
緑ケ丘,石見交通（株）,三瓶線
鳥越原,飯南町,"飯南町生活路線バス　角井・頓原線, 飯南町生活路線バス　佐田・志津見線"
矢入別れ,奥出雲交通（株）,"横田・馬木線：横田→馬木→横田, 横田・馬木線：横田→馬木→三成, 三成・馬木線：三成→馬木→横田"
新町,石見交通（株）,"川本線, 大森・大家線, 仁万線"
殿居,飯南町,飯南町生活路線バス　都加賀・奥畑線
四季の宿さひめ野,石見交通（株）,三瓶線
都加賀,飯南町,飯南町生活路線バス　都加賀・奥畑線
三瓶診療所前,石見交通（株）,三瓶線
奥の湯入口,石見交通（株）,三瓶線
国民宿舎さんべ荘前,石見交通（株）,三瓶線
堅田別れ,奥出雲交通（株）,"横田・馬木線：横田→馬木→横田, 横田・馬木線：横田→馬木→三成, 三成・馬木線：三成→馬木→横田"
本谷自治会館前,奥出雲交通（株）,"横田・馬木線：横田→馬木→横田, 横田・馬木線：横田→馬木→三成, 三成・馬木線：三成→馬木→横田"
三森原上,奥出雲交通（株）,八川線
大山神社前,奥出雲交通（株）,"横田・馬木線：横田→馬木→横田, 横田・馬木線：横田→馬木→三成, 三成・馬木線：三成→馬木→横田"
三瓶温泉,石見交通（株）,三瓶線
大森,石見交通（株）,"川本線, 大森・大家線, 仁万線"
温泉上の町,石見交通（株）,三瓶線
温泉下の町,石見交通（株）,三瓶線
真地下,奥出雲交通（株）,阿井・高野線
八槙寺,奥出雲交通（株）,"横田・馬木線：横田→馬木→横田, 横田・馬木線：横田→馬木→三成, 三成・馬木線：三成→馬木→横田"
志々小学校,飯南町,"飯南町生活路線バス　角井・頓原線, 飯南町生活路線バス　佐田・志津見線"
内谷,奥出雲交通（株）,阿井・高野線
上佐摩,石見交通（株）,"川本線, 大森・大家線, 仁万線"
内谷車庫,奥出雲交通（株）,阿井・高野線
石原,飯南町,"飯南町生活路線バス　角井・頓原線, 飯南町生活路線バス　佐田・志津見線"
忍原中山,石見交通（株）,粕渕線
谷川,飯南町,飯南町生活路線バス　角井・頓原線
八神,飯南町,"飯南町生活路線バス　角井・頓原線, 飯南町生活路線バス　佐田・志津見線"
さつき会館,飯南町,"飯南町生活路線バス　角井・頓原線, 飯南町生活路線バス　佐田・志津見線"
亀ケ市別れ,奥出雲交通（株）,"横田・馬木線：横田→馬木→横田, 横田・馬木線：横田→馬木→三成, 三成・馬木線：三成→馬木→横田"
湯里駅前,石見交通（株）,大田江津線
獅子,飯南町,"飯南町生活路線バス　角井・頓原線, 飯南町生活路線バス　佐田・志津見線"
世界遺産センター,石見交通（株）,"川本線, 大森・大家線, 仁万線"
宮原,飯南町,"飯南町生活路線バス　角井・頓原線, 飯南町生活路線バス　佐田・志津見線"
坂根下,奥出雲交通（株）,八川線
梅ヶ迫,飯南町,"飯南町生活路線バス　角井・頓原線, 飯南町生活路線バス　佐田・志津見線"
別府峠,石見交通（株）,粕渕線
出雲坂根駅前,奥出雲交通（株）,八川線
獅子尻,飯南町,"飯南町生活路線バス　角井・頓原線, 飯南町生活路線バス　佐田・志津見線"
西,飯南町,飯南町生活路線バス　角井・頓原線
君谷別府,石見交通（株）,粕渕線
戸風呂谷,石見交通（株）,粕渕線
大畝別れ,奥出雲交通（株）,"横田・馬木線：横田→馬木→横田, 横田・馬木線：横田→馬木→三成, 三成・馬木線：三成→馬木→横田"
畑田橋,石見交通（株）,粕渕線
三田橋,飯南町,飯南町生活路線バス　都加賀・奥畑線
清水口,石見交通（株）,大田江津線
道の駅,奥出雲交通（株）,八川線
奥畑公会堂,飯南町,飯南町生活路線バス　都加賀・奥畑線
杉ケ市,石見交通（株）,粕渕線
二川,飯南町,飯南町生活路線バス　角井・頓原線
城南,飯南町,"飯南町生活路線バス　角井・頓原線, 飯南町生活路線バス　佐田・志津見線"
城山口,飯南町,"飯南町生活路線バス　角井・頓原線, 飯南町生活路線バス　佐田・志津見線"
ゆのつ温泉口,石見交通（株）,周布江津線
福原口,石見交通（株）,"川本線, 大森・大家線"
殿畑,石見交通（株）,粕渕線
湯抱神湯,石見交通（株）,粕渕線
内谷入口,飯南町,飯南町生活路線バス　都加賀・奥畑線
三井野原駅入口,奥出雲交通（株）,八川線
木地谷,奥出雲交通（株）,阿井・高野線
小浜温泉,石見交通（株）,周布江津線
小浜公民館前,石見交通（株）,周布江津線
湯抱温泉口,石見交通（株）,粕渕線
松の前,飯南町,飯南町生活路線バス　都加賀・奥畑線
温泉津駅前,石見交通（株）,大田江津線
ゆのつ駅,石見交通（株）,周布江津線
果瀬橋,石見交通（株）,粕渕線
高山公民館前,石見交通（株）,"川本線, 大森・大家線"
長谷公民館,飯南町,"飯南町生活路線バス　角井・頓原線, 飯南町生活路線バス　佐田・志津見線"
温泉津支所前,石見交通（株）,"周布江津線, 大田江津線"
漆谷宅前,美郷町,町営バス　粕渕竹線（君谷経由）
道の駅とんばら,飯南町,"飯南町生活路線バス　赤名・吉田線, 飯南町生活路線バス　谷・赤名・頓原線, 飯南町生活路線バス　都加賀・奥畑線"
新堀,石見交通（株）,粕渕線
水上,石見交通（株）,"川本線, 大森・大家線"
明光寺前,美郷町,町営バス　粕渕竹線（君谷経由）
三原谷,飯南町,飯南町生活路線バス　角井・頓原線
三井野原,奥出雲交通（株）,八川線
城東,飯南町,"飯南町生活路線バス　角井・頓原線, 飯南町生活路線バス　佐田・志津見線"
張戸,飯南町,飯南町生活路線バス　都加賀・奥畑線
坪野口,飯南町,"飯南町生活路線バス　角井・頓原線, 飯南町生活路線バス　佐田・志津見線"
梅田線口,美郷町,町営バス　粕渕竹線（君谷経由）
迫,飯南町,飯南町生活路線バス　都加賀・奥畑線
城東公会堂,飯南町,"飯南町生活路線バス　角井・頓原線, 飯南町生活路線バス　佐田・志津見線"
高津,石見交通（株）,"川本線, 大森・大家線"
ふれあい大橋,飯南町,"飯南町生活路線バス　赤名・吉田線, 飯南町生活路線バス　谷・赤名・頓原線, 飯南町生活路線バス　角井・頓原線, 飯南町生活路線バス　都加賀・奥畑線, 飯南町生活路線バス　佐田・志津見線"
田代谷中,美郷町,町営バス　粕渕竹線（君谷経由）
上町,飯南町,"飯南町生活路線バス　赤名・吉田線, 飯南町生活路線バス　谷・赤名・頓原線, 飯南町生活路線バス　角井・頓原線, 飯南町生活路線バス　都加賀・奥畑線, 飯南町生活路線バス　佐田・志津見線"
才ヶ原奥,美郷町,町営バス　粕渕竹線（君谷経由）
寺垣内,飯南町,"飯南町生活路線バス　角井・頓原線, 飯南町生活路線バス　佐田・志津見線"
小和田,飯南町,"飯南町生活路線バス　赤名・吉田線, 飯南町生活路線バス　谷・赤名・頓原線, 飯南町生活路線バス　角井・頓原線, 飯南町生活路線バス　佐田・志津見線"
灰屋,石見交通（株）,粕渕線
灰屋,美郷町,町営バス　粕渕竹線（君谷経由）
花栗口,飯南町,"飯南町生活路線バス　角井・頓原線, 飯南町生活路線バス　佐田・志津見線"
枦谷,美郷町,町営バス　粕渕竹線（君谷経由）
交流センターとんばら,飯南町,"飯南町生活路線バス　赤名・吉田線, 飯南町生活路線バス　谷・赤名・頓原線, 飯南町生活路線バス　角井・頓原線, 飯南町生活路線バス　都加賀・奥畑線, 飯南町生活路線バス　佐田・志津見線"
頓原,飯南町,"飯南町生活路線バス　赤名・吉田線, 飯南町生活路線バス　谷・赤名・頓原線, 飯南町生活路線バス　角井・頓原線, 飯南町生活路線バス　都加賀・奥畑線, 飯南町生活路線バス　佐田・志津見線"
古城,飯南町,"飯南町生活路線バス　赤名・吉田線, 飯南町生活路線バス　谷・赤名・頓原線, 飯南町生活路線バス　角井・頓原線, 飯南町生活路線バス　佐田・志津見線"
飯南病院（こぶし薬局）,飯南町,"飯南町生活路線バス　赤名・吉田線, 飯南町生活路線バス　谷・赤名・頓原線, 飯南町生活路線バス　角井・頓原線, 飯南町生活路線バス　都加賀・奥畑線, 飯南町生活路線バス　佐田・志津見線"
花田橋,飯南町,"飯南町生活路線バス　角井・頓原線, 飯南町生活路線バス　佐田・志津見線"
ユートピアおおち,石見交通（株）,粕渕線
ゴールデンユートピアおおち,美郷町,川本美郷線
中田宅横,美郷町,町営バス　粕渕竹線（君谷経由）
枡屋口,美郷町,町営バス　粕渕竹線（君谷経由）
惣森,美郷町,町営バス　粕渕竹線（君谷経由）
田鍬橋,飯南町,"飯南町生活路線バス　赤名・吉田線, 飯南町生活路線バス　谷・赤名・頓原線, 飯南町生活路線バス　都加賀・奥畑線"
粕渕下市,石見交通（株）,粕渕線
粕渕下市,美郷町,"町営バス　粕渕竹線（君谷経由）, 川本美郷線"
美郷町役場前,石見交通（株）,粕渕線
美郷町役場前,美郷町,川本美郷線
相生町,石見交通（株）,粕渕線
相生町,美郷町,"町営バス　粕渕竹線（君谷経由）, 川本美郷線"
下谷口,美郷町,町営バス　粕渕竹線（君谷経由）
萱の谷,美郷町,町営バス　粕渕竹線（君谷経由）
白坏,石見交通（株）,"川本線, 大森・大家線"
三瓶山口,石見交通（株）,粕渕線
三瓶山口,美郷町,"町営バス　粕渕竹線（君谷経由）, 川本美郷線"
志君中,美郷町,町営バス　粕渕竹線（君谷経由）
志君上,美郷町,町営バス　粕渕竹線（君谷経由）
田代谷口,美郷町,町営バス　粕渕竹線（君谷経由）
志君下,美郷町,町営バス　粕渕竹線（君谷経由）
分附口,美郷町,町営バス　粕渕竹線（君谷経由）
粕渕駅,石見交通（株）,粕渕線
粕渕駅,美郷町,"町営バス　粕渕竹線（君谷経由）, 川本美郷線"
琴弾山,飯南町,"飯南町生活路線バス　赤名・吉田線, 飯南町生活路線バス　谷・赤名・頓原線, 飯南町生活路線バス　都加賀・奥畑線"
福光本町口,石見交通（株）,"周布江津線, 大田江津線"
防災公園前,石見交通（株）,粕渕線
防災公園前,美郷町,川本美郷線
上内田,美郷町,町営バス　粕渕竹線（君谷経由）
福光市,石見交通（株）,"周布江津線, 大田江津線"
ふれあい広場入口,石見交通（株）,粕渕線
ふれあい広場入口,美郷町,川本美郷線
白谷口,石見交通（株）,"周布江津線, 大田江津線"
大内谷,飯南町,"飯南町生活路線バス　赤名・吉田線, 飯南町生活路線バス　谷・赤名・頓原線, 飯南町生活路線バス　都加賀・奥畑線"
浜原下市,石見交通（株）,粕渕線
浜原下市,美郷町,川本美郷線
今浦口,石見交通（株）,"周布江津線, 大田江津線"
中内田,美郷町,町営バス　粕渕竹線（君谷経由）
上高畑,美郷町,川本美郷線
瀬戸口,石見交通（株）,"川本線, 大森・大家線"
石見内田,美郷町,町営バス　粕渕竹線（君谷経由）
祖式,石見交通（株）,大森・大家線
専修寺前,石見交通（株）,粕渕線
専修寺前,美郷町,川本美郷線
佐見,飯南町,"飯南町生活路線バス　赤名・吉田線, 飯南町生活路線バス　谷・赤名・頓原線, 飯南町生活路線バス　都加賀・奥畑線"
高畑橋,美郷町,川本美郷線
小林口,美郷町,町営バス　粕渕竹線（君谷経由）
瀬戸橋,石見交通（株）,川本線
吉浦口,石見交通（株）,"周布江津線, 大田江津線"
井羅谷,飯南町,"飯南町生活路線バス　赤名・吉田線, 飯南町生活路線バス　谷・赤名・頓原線, 飯南町生活路線バス　都加賀・奥畑線"
浜原本町,石見交通（株）,粕渕線
浜原本町,美郷町,川本美郷線
京覧原,美郷町,町営バス　粕渕竹線（君谷経由）
大原橋,石見交通（株）,川本線
高津屋橋,飯南町,"飯南町生活路線バス　赤名・吉田線, 飯南町生活路線バス　谷・赤名・頓原線, 飯南町生活路線バス　都加賀・奥畑線"
君谷農協前,美郷町,町営バス　粕渕竹線（君谷経由）
下高畑,美郷町,川本美郷線
浜原駅前,石見交通（株）,粕渕線
浜原駅前,美郷町,川本美郷線
下石原,石見交通（株）,粕渕線
横谷口,石見交通（株）,大森・大家線
佐見権現,飯南町,"飯南町生活路線バス　赤名・吉田線, 飯南町生活路線バス　谷・赤名・頓原線, 飯南町生活路線バス　都加賀・奥畑線"
上乙原,石見交通（株）,粕渕線
下乙原,石見交通（株）,粕渕線
沢谷駅前,石見交通（株）,粕渕線
太田神社前,石見交通（株）,粕渕線
光明寺前,石見交通（株）,川本線
東黒松,石見交通（株）,"周布江津線, 大田江津線"
千原,石見交通（株）,粕渕線
上里草口,美郷町,町営バス　粕渕竹線（君谷経由）
川上,石見交通（株）,大森・大家線
山中,石見交通（株）,大森・大家線
行谷橋,美郷町,川本美郷線
上川戸,石見交通（株）,粕渕線
上川戸,美郷町,川本美郷線
熊見,石見交通（株）,粕渕線
黒松出合,石見交通（株）,"周布江津線, 大田江津線"
横谷東口,石見交通（株）,川本線
川上集会所,石見交通（株）,大森・大家線
観音口,美郷町,町営バス　粕渕竹線（君谷経由）
鈩谷,石見交通（株）,粕渕線
南山入口,石見交通（株）,大森・大家線
沢谷診療所前,石見交通（株）,粕渕線
銅ヶ谷,石見交通（株）,粕渕線
牧坂下,美郷町,町営バス　粕渕竹線（君谷経由）
連水,石見交通（株）,粕渕線
三反谷,石見交通（株）,粕渕線
保関,石見交通（株）,粕渕線
加田の湯,飯南町,飯南町生活路線バス　谷・赤名・頓原線
川内上郷,石見交通（株）,川本線
九日市,石見交通（株）,粕渕線
森谷,石見交通（株）,粕渕線
境橋,石見交通（株）,波積線
飯谷,石見交通（株）,大森・大家線
猪子田,石見交通（株）,粕渕線
酒谷,石見交通（株）,粕渕線
鳴ケ鼻橋,石見交通（株）,大森・大家線
槇代,石見交通（株）,粕渕線
久具林道入口,石見交通（株）,大森・大家線
花の谷橋,石見交通（株）,粕渕線
保賀,飯南町,"飯南町生活路線バス　赤名・吉田線, 飯南町生活路線バス　谷・赤名・頓原線, 飯南町生活路線バス　都加賀・奥畑線"
松本,飯南町,飯南町生活路線バス　谷・赤名・頓原線
波来浜,石見交通（株）,"周布江津線, 大田江津線"
八代,石見交通（株）,大森・大家線
大池口,美郷町,川本美郷線
久喜原,美郷町,町営バス　粕渕竹線（君谷経由）
道の駅サンピコ,石見交通（株）,"周布江津線, 大田江津線"
元井田,石見交通（株）,波積線
尾浜,石見交通（株）,"周布江津線, 大田江津線"
加田,飯南町,飯南町生活路線バス　谷・赤名・頓原線
山田,石見交通（株）,大森・大家線
吾郷,美郷町,川本美郷線
下三日市,飯南町,飯南町生活路線バス　谷・赤名・頓原線
太田橋,石見交通（株）,波積線
簗瀬駅前,美郷町,川本美郷線
空城口,石見交通（株）,川本線
城郷,石見交通（株）,波積線
吾郷大橋,美郷町,川本美郷線
西尾浜,石見交通（株）,"周布江津線, 大田江津線"
下三日市国道,飯南町,"飯南町生活路線バス　赤名・吉田線, 飯南町生活路線バス　谷・赤名・頓原線, 飯南町生活路線バス　都加賀・奥畑線"
八代本郷,石見交通（株）,大森・大家線
下井田,石見交通（株）,波積線
柿田橋,石見交通（株）,大森・大家線
地頭所上郷,美郷町,町営バス　粕渕竹線（君谷経由）
信喜橋,美郷町,川本美郷線
黒松入口,石見交通（株）,波積線
上都治,石見交通（株）,波積線
来島,飯南町,飯南町生活路線バス　赤名・吉田線
三日市,飯南町,"飯南町生活路線バス　谷・赤名・頓原線, 飯南町生活路線バス　都加賀・奥畑線"
浅利駅口,石見交通（株）,"周布江津線, 波積線, 大田江津線"
八反田,石見交通（株）,大森・大家線
嘉治屋,石見交通（株）,波積線
浅利海水浴場入口,石見交通（株）,"周布江津線, 波積線, 大田江津線"
浅利本町,石見交通（株）,"周布江津線, 波積線, 大田江津線"
上太田,石見交通（株）,波積線
浅利神社前,石見交通（株）,"周布江津線, 波積線, 大田江津線"
岩瀧寺の滝入口,石見交通（株）,波積線
四日市,石見交通（株）,大森・大家線
栗原口,美郷町,川本美郷線
来島交流センター,飯南町,"飯南町生活路線バス　赤名・吉田線, 飯南町生活路線バス　谷・赤名・頓原線, 飯南町生活路線バス　都加賀・奥畑線"
猪ノ目口,石見交通（株）,川本線
松井口,石見交通（株）,波積線
中都治,石見交通（株）,波積線
藪,石見交通（株）,波積線
上波積,石見交通（株）,波積線
太田,石見交通（株）,波積線
波積,石見交通（株）,波積線
地頭所,美郷町,町営バス　粕渕竹線（君谷経由）
上市,石見交通（株）,"波積線, 大森・大家線"
大家,石見交通（株）,"波積線, 大森・大家線"
下都治,石見交通（株）,波積線
大家回転場,石見交通（株）,"波積線, 大森・大家線"
横道,石見交通（株）,波積線
下潮,美郷町,川本美郷線
塩田,石見交通（株）,"周布江津線, 波積線, 大田江津線"
下郷,石見交通（株）,川本線
来島診療所,飯南町,"飯南町生活路線バス　赤名・吉田線, 飯南町生活路線バス　谷・赤名・頓原線, 飯南町生活路線バス　都加賀・奥畑線"
小谷口,美郷町,町営バス　粕渕竹線（君谷経由）
嘉戸塩田口,石見交通（株）,"有福線, 江津市内線"
嘉戸,石見交通（株）,"周布江津線, 波積線, 大田江津線"
潜岩,飯南町,"飯南町生活路線バス　赤名・吉田線, 飯南町生活路線バス　谷・赤名・頓原線"
乙原駅前,美郷町,川本美郷線
地頭所南口,美郷町,町営バス　粕渕竹線（君谷経由）
新和江,石見交通（株）,"周布江津線, 波積線, 大田江津線"
整肢学園前,石見交通（株）,"有福線, 江津市内線"
上来島,飯南町,"飯南町生活路線バス　赤名・吉田線, 飯南町生活路線バス　谷・赤名・頓原線"
江津清和養護学校前,石見交通（株）,有福線
和南ヶ崎,飯南町,"飯南町生活路線バス　赤名・吉田線, 飯南町生活路線バス　谷・赤名・頓原線"
柿木原,石見交通（株）,川本線
柿木原口,石見交通（株）,川本線
中祖原,美郷町,町営バス　粕渕竹線（君谷経由）
渡津,石見交通（株）,"有福線, 江津市内線"
新渡津,石見交通（株）,"周布江津線, 波積線, 大田江津線"
中原芳煙生家前,美郷町,川本美郷線
中城子,飯南町,"飯南町生活路線バス　赤名・吉田線, 飯南町生活路線バス　谷・赤名・頓原線"
半部,石見交通（株）,川本線
ニタ合谷,美郷町,川本美郷線
大橋東詰,石見交通（株）,"周布江津線, 有福線, 江津川本線, 江津市内線, 波積線, 大田江津線"
君谷湊,美郷町,町営バス　粕渕竹線（君谷経由）
済生会病院,石見交通（株）,"周布江津線, 有福線, 江津川本線, 江津市内線, 波積線, 大田江津線"
大橋西詰,石見交通（株）,"周布江津線, 有福線, 江津川本線, 波積線, 大田江津線"
岩貝,石見交通（株）,江津川本線
堀の内,飯南町,"飯南町生活路線バス　赤名・吉田線, 飯南町生活路線バス　谷・赤名・頓原線"
江津駅前,石見交通（株）,"周布江津線, 有福線, 江津川本線, 江津市内線, 波積線, 大田江津線"
湊橋,美郷町,町営バス　粕渕竹線（君谷経由）
シビックゾーン,石見交通（株）,"周布江津線, 有福線, 江津川本線, 波積線, 大田江津線"
潮温泉,美郷町,川本美郷線
福田,飯南町,飯南町生活路線バス　谷・赤名・頓原線
竹駅,美郷町,"町営バス　粕渕竹線（君谷経由）, 川本美郷線"
江津市役所前,石見交通（株）,"周布江津線, 有福線, 江津川本線, 江津市内線, 波積線, 大田江津線"
太田,石見交通（株）,"江津川本線, 波積線"
下長田,石見交通（株）,江津川本線
中通会館,飯南町,飯南町生活路線バス　谷・赤名・頓原線
上野原口,石見交通（株）,江津川本線
下由利,美郷町,川本美郷線
荒神,飯南町,"飯南町生活路線バス　赤名・吉田線, 飯南町生活路線バス　谷・赤名・頓原線"
多田,石見交通（株）,川本線
曲利,美郷町,川本美郷線
JA赤来支店,飯南町,"飯南町生活路線バス　赤名・吉田線, 飯南町生活路線バス　谷・赤名・頓原線"
嘉久志,石見交通（株）,"周布江津線, 有福線"
幸々田,飯南町,飯南町生活路線バス　谷・赤名・頓原線
中長田,石見交通（株）,江津川本線
中央公園口,石見交通（株）,"周布江津線, 有福線, 江津川本線"
大役寺前,飯南町,"飯南町生活路線バス　赤名・吉田線, 飯南町生活路線バス　谷・赤名・頓原線"
下河戸口,石見交通（株）,江津川本線
中八神,石見交通（株）,江津川本線
下八神,石見交通（株）,江津川本線
上八神,石見交通（株）,江津川本線
森原,石見交通（株）,江津川本線
市の原,飯南町,飯南町生活路線バス　谷・赤名・頓原線
千束,飯南町,飯南町生活路線バス　谷・赤名・頓原線
西屋口,石見交通（株）,"周布江津線, 有福線, 江津川本線"
多田集会所前,石見交通（株）,川本線
上長田,石見交通（株）,江津川本線
塩谷,飯南町,飯南町生活路線バス　谷・赤名・頓原線
東和木,石見交通（株）,"周布江津線, 有福線, 江津川本線"
赤名下市,飯南町,飯南町生活路線バス　谷・赤名・頓原線
松川市,石見交通（株）,江津川本線
湯屋,飯南町,飯南町生活路線バス　谷・赤名・頓原線
向の浜,石見交通（株）,"周布江津線, 有福線, 江津川本線"
下市大橋,飯南町,飯南町生活路線バス　赤名・吉田線
和木,石見交通（株）,"周布江津線, 有福線, 江津川本線"
川平口,石見交通（株）,江津川本線
赤名中市,飯南町,飯南町生活路線バス　谷・赤名・頓原線
飯南町役場,飯南町,"飯南町生活路線バス　赤名・吉田線, 飯南町生活路線バス　谷・赤名・頓原線"
教永寺前,飯南町,飯南町生活路線バス　谷・赤名・頓原線
赤名駅,飯南町,"飯南町生活路線バス　赤名・吉田線, 飯南町生活路線バス　谷・赤名・頓原線"
赤名,飯南町,飯南町生活路線バス　谷・赤名・頓原線
赤名,備北交通（株）,赤名線
久座仁,石見交通（株）,川本線
上新町,石見交通（株）,川本線
川平,石見交通（株）,江津川本線
赤名上市,飯南町,飯南町生活路線バス　谷・赤名・頓原線
合同庁舎下,美郷町,川本美郷線
川本合庁前,石見交通（株）,川本線
川本東大橋,石見交通（株）,川本線
都賀行橋,美郷町,川本美郷線
遠見山,石見交通（株）,"周布江津線, 有福線, 江津川本線"
都賀行下,美郷町,川本美郷線
櫃原,石見交通（株）,江津川本線
中新町,石見交通（株）,川本線
赤名上町,備北交通（株）,赤名線
都野津一町内,石見交通（株）,"周布江津線, 有福線, 江津川本線"
井戸谷上,飯南町,飯南町生活路線バス　谷・赤名・頓原線
石見川本,石見交通（株）,"江津川本線, 川本線"
石見川本,美郷町,川本美郷線
都野津駅前,石見交通（株）,有福線
都野津,石見交通（株）,"周布江津線, 有福線, 江津川本線"
都野津駅口,石見交通（株）,"有福線, 江津川本線"
城山,飯南町,飯南町生活路線バス　谷・赤名・頓原線
おかだファミリークリニック,石見交通（株）,周布江津線
江津高校前,石見交通（株）,"有福線, 江津川本線"
中長良,石見交通（株）,江津川本線
谷,飯南町,飯南町生活路線バス　谷・赤名・頓原線
板屋橋,備北交通（株）,赤名線
赤羽根公園前,石見交通（株）,有福線
高梨,美郷町,川本美郷線
東青山,石見交通（株）,周布江津線
能美医院前,石見交通（株）,有福線
青山口,石見交通（株）,周布江津線
呑谷,備北交通（株）,赤名線
一貫田,飯南町,飯南町生活路線バス　谷・赤名・頓原線
新屋原,石見交通（株）,江津川本線
上長良,石見交通（株）,江津川本線
畑田上,飯南町,飯南町生活路線バス　谷・赤名・頓原線
二宮,石見交通（株）,有福線
川本中学校前,石見交通（株）,江津川本線
響谷,美郷町,川本美郷線
神村,石見交通（株）,有福線
敬川駅,石見交通（株）,周布江津線
保育所前,備北交通（株）,赤名線
大和大橋,美郷町,布施線
下三島,石見交通（株）,江津川本線
新敬川,石見交通（株）,周布江津線
羽代口,石見交通（株）,有福線
日浦,石見交通（株）,江津川本線
畑田下,飯南町,飯南町生活路線バス　谷・赤名・頓原線
敬川八幡宮前,石見交通（株）,周布江津線
栗屋谷,備北交通（株）,赤名線
大浦集会所,美郷町,布施線
佐名目,石見交通（株）,周布江津線
大口,石見交通（株）,江津川本線
陣屋,備北交通（株）,赤名線
大浦向,美郷町,"川本美郷線, 布施線"
敬川沖田クリニック,石見交通（株）,周布江津線
下笹目,美郷町,布施線
松ケ前,石見交通（株）,有福線
木谷,石見交通（株）,江津川本線
下の原,石見交通（株）,江津川本線
GR大和,飯南町,飯南町生活路線バス　谷・赤名・頓原線
グリーンロード大和,美郷町,"川本美郷線, 布施線"
道の駅GR大和,備北交通（株）,"作木線, 作木線：道の駅GR大和・中央病院発"
東波子,石見交通（株）,周布江津線
道の駅かわもと,石見交通（株）,江津川本線
北ノ上,備北交通（株）,赤名線
大和中学校,美郷町,"川本美郷線, 布施線"
住江橋,石見交通（株）,江津川本線
波子,石見交通（株）,周布江津線
千田,石見交通（株）,有福線
都橋,飯南町,飯南町生活路線バス　谷・赤名・頓原線
都橋,美郷町,川本美郷線
桜江大橋,石見交通（株）,江津川本線
上笹目,美郷町,布施線
上尾原,石見交通（株）,江津川本線
鹿賀,石見交通（株）,江津川本線
西波子,石見交通（株）,周布江津線
下尾原,石見交通（株）,江津川本線
坂本橋,石見交通（株）,江津川本線
目田,石見交通（株）,有福線
アクアス前,石見交通（株）,周布江津線
下本郷,飯南町,飯南町生活路線バス　谷・赤名・頓原線
下本郷,美郷町,"川本美郷線, 布施線"
川戸,石見交通（株）,江津川本線
元折,石見交通（株）,江津川本線
坂本口,石見交通（株）,江津川本線
臼木,石見交通（株）,江津川本線
郵便局,飯南町,飯南町生活路線バス　谷・赤名・頓原線
桜江総合センター,石見交通（株）,江津川本線
診療所前,美郷町,"川本美郷線, 布施線"
船津,石見交通（株）,江津川本線
榎谷口,石見交通（株）,江津川本線
石見都賀,備北交通（株）,"作木線, 作木線：道の駅GR大和・中央病院発"
久代開拓,石見交通（株）,周布江津線
大貫橋,石見交通（株）,江津川本線
旧跡市小前,石見交通（株）,有福線
宮内中,美郷町,布施線
本郷,飯南町,飯南町生活路線バス　谷・赤名・頓原線
本郷,美郷町,"川本美郷線, 布施線"
和田,石見交通（株）,江津川本線
宮内,美郷町,布施線
久代,石見交通（株）,周布江津線
跡市,石見交通（株）,有福線
上宮内,美郷町,布施線
川越大橋,石見交通（株）,江津川本線
西跡市,石見交通（株）,有福線
御領橋,飯南町,飯南町生活路線バス　谷・赤名・頓原線
笹目口,美郷町,布施線
川越生活改善センター前,石見交通（株）,江津川本線
生り畑,石見交通（株）,有福線
大久保,石見交通（株）,周布江津線
村之郷口,美郷町,布施線
都賀大橋,飯南町,飯南町生活路線バス　谷・赤名・頓原線
都賀大橋,美郷町,"川本美郷線, 布施線"
都賀大橋,備北交通（株）,"作木線, 作木線：道の駅GR大和・中央病院発"
味方,石見交通（株）,有福線
大和小学校,飯南町,飯南町生活路線バス　谷・赤名・頓原線
大和小学校,美郷町,"川本美郷線, 布施線"
都賀西,飯南町,飯南町生活路線バス　谷・赤名・頓原線
川越,石見交通（株）,江津川本線
家畜診療所前,備北交通（株）,"作木線, 作木線：道の駅GR大和・中央病院発"
大津,石見交通（株）,有福線
東堂庭,石見交通（株）,有福線
西堂庭,石見交通（株）,有福線
村之郷,美郷町,布施線
東下有福,石見交通（株）,有福線
堂庭,石見交通（株）,有福線
国分寺,石見交通（株）,周布江津線
上野,美郷町,川本美郷線
大原口,美郷町,布施線
下有福,石見交通（株）,有福線
比敷,美郷町,布施線
都賀飯谷,備北交通（株）,"作木線, 作木線：道の駅GR大和・中央病院発"
有福温泉,石見交通（株）,有福線
大垰口,石見交通（株）,有福線
布施下,美郷町,布施線
都賀上野,備北交通（株）,"作木線, 作木線：道の駅GR大和・中央病院発"
布施,美郷町,布施線
谷田,石見交通（株）,周布江津線
村之郷下,美郷町,布施線
畳ヶ浦口,石見交通（株）,周布江津線
西山,石見交通（株）,有福線
千畳苑口,石見交通（株）,周布江津線
下府本町,石見交通（株）,周布江津線
山田口,石見交通（株）,有福線
宇津井口,石見交通（株）,有福線
下府駅口,石見交通（株）,周布江津線
上宇野,石見交通（株）,有福線
上府,石見交通（株）,有福線
清水,石見交通（株）,有福線
大水道,石見交通（株）,"周布江津線, 有福線"
卸団地前,石見交通（株）,有福線
宇野,石見交通（株）,有福線
上府JA前,石見交通（株）,有福線
大尾谷,石見交通（株）,有福線
三重谷,石見交通（株）,有福線
多陀寺口,石見交通（株）,"周布江津線, 有福線"
竹ヶ原,石見交通（株）,有福線
市の瀬橋,石見交通（株）,有福線
大原谷,石見交通（株）,有福線
生湯,石見交通（株）,長沢・瀬戸ヶ島線
団地上,石見交通（株）,長沢・瀬戸ヶ島線
団地中,石見交通（株）,長沢・瀬戸ヶ島線
才ケ峠,石見交通（株）,"周布江津線, 有福線"
長沢一町内,石見交通（株）,長沢・瀬戸ヶ島線
団地下,石見交通（株）,長沢・瀬戸ヶ島線
神在坂,石見交通（株）,"周布江津線, 有福線"
福原集会所,浜田市,金城路線（かなぎおでかけバス）
長沢神社前,石見交通（株）,長沢・瀬戸ヶ島線
エーデルハウス前,石見交通（株）,長沢・瀬戸ヶ島線
長沢局,石見交通（株）,長沢・瀬戸ヶ島線
長沢神社下,石見交通（株）,長沢・瀬戸ヶ島線
長沢二町内,石見交通（株）,長沢・瀬戸ヶ島線
キヌヤ長沢店前,石見交通（株）,長沢・瀬戸ヶ島線
長沢,石見交通（株）,"周布江津線, 有福線"
長沢三町内,石見交通（株）,長沢・瀬戸ヶ島線
大元集会所,浜田市,金城路線（かなぎおでかけバス）
長沢四町内,石見交通（株）,"周布江津線, 有福線"
緑ヶ丘団地,石見交通（株）,浜田市内循環線
浅井,石見交通（株）,浜田市内循環線
グランド前,石見交通（株）,"浜田市内循環線, 長沢・瀬戸ヶ島線, 周布江津線, 有福線"
浅井五町内,石見交通（株）,浜田市内循環線
追原郷集会所,浜田市,金城路線（かなぎおでかけバス）
上ヶ山,浜田市,旭浜田路線
医療センター,石見交通（株）,浜田市内循環線
下港町,石見交通（株）,長沢・瀬戸ヶ島線
浜田駅前,石見交通（株）,"浜田益田線, 周布線, 弥栄線, 浜田市内循環線, 長沢・瀬戸ヶ島線, 大学線, 周布江津線, 有福線, 波佐線"
浜田駅,浜田市,旭浜田路線
上港町,石見交通（株）,長沢・瀬戸ヶ島線
県体前,石見交通（株）,"浜田市内循環線, 長沢・瀬戸ヶ島線"
瀬戸ヶ島,石見交通（株）,長沢・瀬戸ヶ島線
一中前,石見交通（株）,"浜田市内循環線, 長沢・瀬戸ヶ島線"
下上ヶ山,浜田市,旭浜田路線
新中芝橋,石見交通（株）,"周布線, 浜田市内循環線, 長沢・瀬戸ヶ島線, 大学線, 波佐線"
新中芝橋,浜田市,旭浜田路線
琵琶町,石見交通（株）,"浜田益田線, 周布線, 弥栄線, 長沢・瀬戸ヶ島線, 大学線, 周布江津線, 有福線"
城山公園前,石見交通（株）,"浜田益田線, 周布線, 浜田市内循環線, 周布江津線, 波佐線"
田町,石見交通（株）,"浜田益田線, 周布線, 弥栄線, 浜田市内循環線, 長沢・瀬戸ヶ島線, 大学線, 周布江津線, 有福線"
浜田市役所前,石見交通（株）,"浜田益田線, 周布線, 弥栄線, 浜田市内循環線, 長沢・瀬戸ヶ島線, 大学線, 周布江津線, 有福線"
殿町,石見交通（株）,"浜田益田線, 周布線, 弥栄線, 浜田市内循環線, 長沢・瀬戸ヶ島線, 大学線, 周布江津線, 有福線, 波佐線"
黒川町,石見交通（株）,"周布線, 浜田市内循環線, 長沢・瀬戸ヶ島線, 波佐線"
黒川町,浜田市,旭浜田路線
岡口,浜田市,旭浜田路線
中芝橋,石見交通（株）,浜田市内循環線
漁民団地前,石見交通（株）,長沢・瀬戸ヶ島線
上朝日町,石見交通（株）,"周布線, 浜田市内循環線, 長沢・瀬戸ヶ島線, 大学線, 波佐線"
虫ヶ谷,浜田市,旭浜田路線
桧ヶ浦,石見交通（株）,長沢・瀬戸ヶ島線
竹迫町,石見交通（株）,"周布線, 浜田市内循環線, 長沢・瀬戸ヶ島線, 大学線, 波佐線"
下朝日町,石見交通（株）,"周布線, 浜田市内循環線, 長沢・瀬戸ヶ島線, 大学線, 波佐線"
黒川大橋,石見交通（株）,"浜田市内循環線, 波佐線"
杉戸町,石見交通（株）,"周布線, 浜田市内循環線, 長沢・瀬戸ヶ島線, 大学線, 波佐線"
新町,石見交通（株）,"周布線, 浜田市内循環線, 長沢・瀬戸ヶ島線, 大学線, 波佐線"
合同庁舎前,石見交通（株）,"浜田益田線, 周布線, 浜田市内循環線, 長沢・瀬戸ヶ島線, 大学線, 周布江津線, 波佐線"
栄町,石見交通（株）,"周布線, 弥栄線, 浜田市内循環線, 長沢・瀬戸ヶ島線, 有福線"
洗川,浜田市,旭浜田路線
潰,浜田市,旭浜田路線
水源地前,石見交通（株）,浜田市内循環線
高田町入口,石見交通（株）,"周布線, 弥栄線, 長沢・瀬戸ヶ島線, 有福線"
大辻町,石見交通（株）,"浜田益田線, 周布線, 浜田市内循環線, 長沢・瀬戸ヶ島線, 周布江津線, 波佐線"
広小路,石見交通（株）,"周布線, 弥栄線, 浜田市内循環線, 長沢・瀬戸ヶ島線, 有福線"
薮土居,浜田市,旭浜田路線
伊南,浜田市,旭浜田路線
美又温泉,浜田市,金城路線（かなぎおでかけバス）
三宮橋,石見交通（株）,波佐線
両間口上,浜田市,旭浜田路線
保養センター,浜田市,金城路線（かなぎおでかけバス）
後野,浜田市,旭浜田路線
三階小学校,石見交通（株）,大学線
邑南町役場,浜田市,旭路線　（戸川線）
浜田原町,石見交通（株）,"浜田益田線, 周布線, 弥栄線, 周布江津線, 有福線, 波佐線"
後野分館前,浜田市,旭浜田路線
竹迫団地,石見交通（株）,大学線
皆合,浜田市,金城路線（かなぎおでかけバス）
三宮神社前,石見交通（株）,波佐線
両間口,浜田市,旭浜田路線
下辻堂,浜田市,旭浜田路線
滝原橋,浜田市,金城路線（かなぎおでかけバス）
野原三町内,浜田市,弥栄野原路線
野原三町内,石見交通（株）,大学線
田原口,浜田市,旭浜田路線
辻堂,石見交通（株）,波佐線
青川,石見交通（株）,"周布線, 周布江津線, 有福線"
高幡,浜田市,旭路線　（木田線）
国道青川,石見交通（株）,"浜田益田線, 周布線, 弥栄線, 波佐線"
免許センター,石見交通（株）,大学線
竹迫団地上,浜田市,弥栄野原路線
佐々田邸前,浜田市,旭路線　（木田線）
後谷口,浜田市,旭路線　（木田線）
下木田,浜田市,旭路線　（木田線）
矢上駅,浜田市,旭路線　（戸川線）
いわみーる,石見交通（株）,大学線
いわみーる,浜田市,弥栄野原路線
はまだお魚市場入口,石見交通（株）,"周布線, 周布江津線, 有福線"
白角,浜田市,旭路線　（木田線）
下西の原,備北交通（株）,"作木線, 作木線：道の駅GR大和・中央病院発, 作木線：伊賀和志上・工業団地発"
小瀬原,浜田市,金城路線（かなぎおでかけバス）
木田,浜田市,旭路線　（木田線）
文化ゾーン入口,石見交通（株）,大学線
ひばりケ丘,石見交通（株）,"浜田益田線, 周布線, 弥栄線, 波佐線"
野原二町内下,浜田市,弥栄野原路線
こども美術館前,石見交通（株）,大学線
野原公民館,浜田市,弥栄野原路線
河内,石見交通（株）,波佐線
水産加工団地,石見交通（株）,"周布線, 周布江津線, 有福線"
下佐野,浜田市,旭浜田路線
上佐野,浜田市,旭浜田路線
県立大学,石見交通（株）,大学線
島根県立大学,浜田市,弥栄野原路線
旭温泉,浜田市,旭路線　（木田線）
上小瀬原,浜田市,旭浜田路線
美又口,浜田市,"旭浜田路線, 金城路線（かなぎおでかけバス）"
岩塚,浜田市,"旭浜田路線, 金城路線（かなぎおでかけバス）"
野原二町内,浜田市,弥栄野原路線
口羽大橋,備北交通（株）,"作木線, 作木線：道の駅GR大和・中央病院発, 作木線：伊賀和志上・工業団地発"
上ノ原,浜田市,旭路線　（木田線）
小松木,浜田市,旭浜田路線
源田,浜田市,旭浜田路線
自動車学校前,石見交通（株）,波佐線
口羽郵便局前,備北交通（株）,"作木線, 作木線：道の駅GR大和・中央病院発, 作木線：伊賀和志上・工業団地発"
笠柄団地口,石見交通（株）,"周布線, 周布江津線, 有福線"
羽須美支所,備北交通（株）,"作木線, 作木線：道の駅GR大和・中央病院発, 作木線：伊賀和志上・工業団地発"
灘口,浜田市,弥栄野原路線
口羽町,備北交通（株）,"作木線, 作木線：道の駅GR大和・中央病院発, 作木線：伊賀和志上・工業団地発"
口羽小学校前,備北交通（株）,"作木線, 作木線：道の駅GR大和・中央病院発, 作木線：伊賀和志上・工業団地発"
両間,石見交通（株）,波佐線
笠柄団地前,石見交通（株）,"浜田益田線, 周布線, 弥栄線, 波佐線"
細谷口,石見交通（株）,波佐線
三階一町内,浜田市,弥栄野原路線
雲城口,石見交通（株）,波佐線
雲城口,浜田市,旭浜田路線
泊里原,浜田市,旭路線　（戸川線）
春日自治会館口,浜田市,旭路線　（戸川線）
久佐郷口,浜田市,旭浜田路線
中倉,浜田市,旭浜田路線
下岩地,浜田市,旭路線　（木田線）
ふれあい会館,浜田市,金城路線（かなぎおでかけバス）
高速金城入口,浜田市,旭浜田路線
今福,石見交通（株）,波佐線
今福,浜田市,旭浜田路線
下今福,浜田市,金城路線（かなぎおでかけバス）
野地口,浜田市,弥栄野原路線
川下口,浜田市,旭路線　（戸川線）
久佐川,浜田市,旭浜田路線
上長屋集会所,浜田市,金城路線（かなぎおでかけバス）
福井,石見交通（株）,"周布線, 周布江津線, 有福線"
下長屋集会所前,石見交通（株）,波佐線
丸原,浜田市,旭浜田路線
下長屋集会所,浜田市,金城路線（かなぎおでかけバス）
国道福井,石見交通（株）,"浜田益田線, 周布線, 弥栄線, 波佐線"
谷口,石見交通（株）,波佐線
東岡口,石見交通（株）,波佐線
宝憧寺公園口,石見交通（株）,"周布線, 周布江津線, 有福線"
下長屋,石見交通（株）,波佐線
下長屋,浜田市,金城路線（かなぎおでかけバス）
上長屋,浜田市,金城路線（かなぎおでかけバス）
浜田商港口,石見交通（株）,"浜田益田線, 周布線, 周布江津線, 有福線"
寺廻り,浜田市,旭浜田路線
岩地谷,浜田市,旭路線　（木田線）
中戸川,浜田市,旭路線　（戸川線）
御神本,浜田市,旭浜田路線
下長浜,石見交通（株）,"周布線, 周布江津線, 有福線"
金田,浜田市,金城路線（かなぎおでかけバス）
旭インター前,浜田市,旭路線　（木田線）
石見金田,石見交通（株）,波佐線
水上谷口,石見交通（株）,波佐線
上日脚,石見交通（株）,"周布線, 周布江津線, 有福線"
汐入団地口,石見交通（株）,"浜田益田線, 周布線, 弥栄線, 波佐線"
中長浜,石見交通（株）,"周布線, 周布江津線, 有福線"
上長浜,石見交通（株）,"周布線, 周布江津線, 有福線"
熱田,石見交通（株）,"周布線, 周布江津線, 有福線"
三階山口,浜田市,弥栄野原路線
まんてん前,浜田市,"旭路線　（木田線）, 旭路線　（戸川線）, 旭路線　（瑞穂線）"
西浜田駅口,石見交通（株）,"周布線, 周布江津線, 有福線"
和田屋橋,浜田市,旭路線　（戸川線）
国道熱田,石見交通（株）,"浜田益田線, 周布線, 弥栄線, 波佐線"
新開集会所,浜田市,金城路線（かなぎおでかけバス）
中東口,石見交通（株）,波佐線
東下久佐,浜田市,金城路線（かなぎおでかけバス）
国道長浜,石見交通（株）,"浜田益田線, 周布線, 波佐線"
ウェスタンライディングパーク,浜田市,金城路線（かなぎおでかけバス）
七条,浜田市,金城路線（かなぎおでかけバス）
戸川口,浜田市,旭路線　（戸川線）
西浜田駅裏,石見交通（株）,"浜田益田線, 周布線, 波佐線"
下日脚,石見交通（株）,"周布線, 周布江津線, 有福線"
旭インター入口,浜田市,旭浜田路線
木田口,浜田市,"旭路線　（木田線）, 旭路線　（戸川線）, 旭路線　（瑞穂線）"
商業高校前,石見交通（株）,弥栄線
七条（旧道）,石見交通（株）,波佐線
朝付峠,浜田市,弥栄野原路線
七条（国道）,石見交通（株）,波佐線
国道日脚,石見交通（株）,"浜田益田線, 周布線, 波佐線"
吉留,石見交通（株）,波佐線
吉留,浜田市,金城路線（かなぎおでかけバス）
登り尾,浜田市,旭路線　（戸川線）
新戸川橋,浜田市,旭路線　（戸川線）
石原,石見交通（株）,弥栄線
上石原,石見交通（株）,弥栄線
浜田ダム,石見交通（株）,波佐線
乱橋,石見交通（株）,"浜田益田線, 周布線, 波佐線"
柳,浜田市,"旭浜田路線, 旭路線　（木田線）, 旭路線　（戸川線）, 旭路線　（瑞穂線）"
ふれあいジムかなぎ,浜田市,金城路線（かなぎおでかけバス）
周布汐入,石見交通（株）,"浜田益田線, 周布線, 周布江津線, 有福線"
新川,石見交通（株）,波佐線
若林,石見交通（株）,波佐線
清岸寺前,浜田市,旭路線　（戸川線）
和田本郷,浜田市,旭路線　（戸川線）
上内田,石見交通（株）,弥栄線
久佐郷集会所,浜田市,金城路線（かなぎおでかけバス）
金城中学校,浜田市,金城路線（かなぎおでかけバス）
西岡公民館,浜田市,弥栄野原路線
金城中学,石見交通（株）,波佐線
きんたの里,浜田市,金城路線（かなぎおでかけバス）
重富バス停前,浜田市,旭路線　（戸川線）
重富,浜田市,旭路線　（戸川線）
春日団地口,石見交通（株）,周布線
上若林,石見交通（株）,波佐線
上若林,浜田市,金城路線（かなぎおでかけバス）
長見口,石見交通（株）,波佐線
春日団地,石見交通（株）,波佐線
福屋,浜田市,"旭浜田路線, 旭路線　（木田線）, 旭路線　（戸川線）, 旭路線　（瑞穂線）"
周布原井,石見交通（株）,"浜田益田線, 周布線, 周布江津線, 有福線"
百万騎口,浜田市,弥栄野原路線
中内田,石見交通（株）,弥栄線
金城支所,浜田市,金城路線（かなぎおでかけバス）
久佐公民館,浜田市,金城路線（かなぎおでかけバス）
金城支所前,石見交通（株）,波佐線
和田まちづくりセンター前,浜田市,旭路線　（戸川線）
きんたの森,石見交通（株）,波佐線
上長見,石見交通（株）,波佐線
石見今市,浜田市,"旭浜田路線, 旭路線　（木田線）, 旭路線　（戸川線）, 旭路線　（瑞穂線）"
猪伏口,石見交通（株）,弥栄線
土居谷,浜田市,旭路線　（戸川線）
周布駅前,石見交通（株）,"周布線, 周布江津線, 有福線"
伊木,石見交通（株）,波佐線
和田,浜田市,旭路線　（戸川線）
加古屋,浜田市,"旭路線　（木田線）, 旭路線　（戸川線）"
上和田,浜田市,旭路線　（戸川線）
周布駅,石見交通（株）,浜田益田線
小貝谷,浜田市,"旭路線　（木田線）, 旭路線　（戸川線）"
胴切,浜田市,"旭路線　（木田線）, 旭路線　（戸川線）"
三階四町内上,浜田市,弥栄野原路線
新生,浜田市,金城路線（かなぎおでかけバス）
大石谷,浜田市,旭路線　（戸川線）
下内田,石見交通（株）,弥栄線
周布駅口,石見交通（株）,"周布線, 波佐線"
本郷橋,石見交通（株）,弥栄線
本郷橋,浜田市,浜田路線
周布,石見交通（株）,"浜田益田線, 周布線, 周布江津線, 有福線, 波佐線"
青原口,石見交通（株）,波佐線
雇用促進住宅,浜田市,浜田路線
十文字原,浜田市,弥栄野原路線
浄光寺,浜田市,金城路線（かなぎおでかけバス）
本郷,石見交通（株）,弥栄線
岩畳,浜田市,旭路線　（瑞穂線）
牛谷,浜田市,浜田路線
葛ヶ谷,浜田市,旭路線　（瑞穂線）
下松本,石見交通（株）,弥栄線
青口,石見交通（株）,浜田益田線
草ヶ谷,浜田市,旭路線　（瑞穂線）
下赤谷,浜田市,旭路線　（瑞穂線）
百田橋,浜田市,弥栄野原路線
宇栗口,浜田市,金城路線（かなぎおでかけバス）
羽田橋,石見交通（株）,弥栄線
長見,浜田市,弥栄野原路線
陽光台口,石見交通（株）,浜田益田線
竹内橋,浜田市,弥栄野原路線
ふれあい広場前,浜田市,旭路線　（瑞穂線）
中来原,石見交通（株）,波佐線
上赤谷,浜田市,旭路線　（瑞穂線）
越木,浜田市,旭路線　（瑞穂線）
葦谷口,浜田市,旭路線　（瑞穂線）
力石,石見交通（株）,浜田益田線
下田橋,浜田市,浜田路線
矢上口,浜田市,旭路線　（瑞穂線）
葦谷,浜田市,旭路線　（瑞穂線）
横山口,浜田市,浜田路線
森迫,浜田市,旭路線　（瑞穂線）
早水,浜田市,旭路線　（瑞穂線）
上松本,石見交通（株）,弥栄線
長見分館口,浜田市,弥栄野原路線
貝崎橋,浜田市,旭路線　（瑞穂線）
内ヶ原,浜田市,旭路線　（瑞穂線）
中郡,浜田市,旭路線　（瑞穂線）
市木,浜田市,旭路線　（瑞穂線）
一の瀬,浜田市,旭路線　（瑞穂線）
下郷,石見交通（株）,波佐線
田橋上,浜田市,浜田路線
畑田原,浜田市,旭路線　（瑞穂線）
田橋,浜田市,浜田路線
林蔵寺前,浜田市,旭路線　（瑞穂線）
梨木峠,浜田市,弥栄野原路線
田橋公民館,浜田市,浜田路線
坂の上,浜田市,弥栄野原路線
本市木,浜田市,旭路線　（瑞穂線）
都川,浜田市,旭路線　（瑞穂線）
東中,浜田市,浜田路線
上来原,石見交通（株）,波佐線
岩ヶ迫,浜田市,旭路線　（瑞穂線）
都川まちづくりセンター前,浜田市,旭路線　（瑞穂線）
薬師寺前,浜田市,旭路線　（瑞穂線）
河原,石見交通（株）,弥栄線
荒磯谷,石見交通（株）,浜田益田線
観音寺原,浜田市,旭路線　（瑞穂線）
大宮前,浜田市,旭路線　（瑞穂線）
大長見大橋,浜田市,弥栄野原路線
観音,浜田市,浜田路線
瑞穂インター入口,浜田市,旭路線　（瑞穂線）
瑞穂インター,浜田市,旭路線　（瑞穂線）
大麻口,石見交通（株）,浜田益田線
坂本,浜田市,旭路線　（瑞穂線）
木原谷,石見交通（株）,波佐線
折居駅,石見交通（株）,浜田益田線
谷口,浜田市,旭路線　（瑞穂線）
猪原,浜田市,旭路線　（瑞穂線）
下坂本,浜田市,旭路線　（瑞穂線）
梅ノ木谷,浜田市,旭路線　（瑞穂線）
一の瀬,石見交通（株）,弥栄線
柚根口,石見交通（株）,波佐線
下櫟田原,浜田市,浜田路線
柚根,石見交通（株）,波佐線
柚根西橋,石見交通（株）,波佐線
中徳田,石見交通（株）,波佐線
吉浦口,石見交通（株）,浜田益田線
中櫟田原,浜田市,浜田路線
櫟田原口,石見交通（株）,弥栄線
上徳田,石見交通（株）,波佐線
下徳田,石見交通（株）,波佐線
上櫟田原,浜田市,浜田路線
笹ケ峠,石見交通（株）,波佐線
峠口,石見交通（株）,浜田益田線
小国,石見交通（株）,波佐線
今浦漁港,浜田市,三隅路線（ひゃこるバス）白砂西河内線
田の原,石見交通（株）,波佐線
下鍋石,石見交通（株）,弥栄線
畑入口,浜田市,弥栄野原路線
上室谷集会所,浜田市,三隅路線（ひゃこるバス）井野室谷線
小国橋,石見交通（株）,波佐線
小国橋,（有）総合企画コーポレーション,小国線・千代田線
林道大麻山入口,浜田市,"三隅路線（ひゃこるバス）井野室谷線, 三隅路線（ひゃこるバス）諸谷平原線"
大谷口,石見交通（株）,弥栄線
下室谷,浜田市,三隅路線（ひゃこるバス）井野室谷線
山賀口,浜田市,弥栄野原路線
大麻山入口,浜田市,三隅路線（ひゃこるバス）井野室谷線
鍋石,石見交通（株）,弥栄線
釜田橋,浜田市,"三隅路線（ひゃこるバス）井野三隅線, 三隅路線（ひゃこるバス）周布地今明線"
今浦集会所,浜田市,三隅路線（ひゃこるバス）白砂西河内線
諸谷,浜田市,三隅路線（ひゃこるバス）諸谷平原線
福浦港,浜田市,三隅路線（ひゃこるバス）白砂西河内線
白砂まちづくりセンター,浜田市,三隅路線（ひゃこるバス）白砂西河内線
東平原,浜田市,"三隅路線（ひゃこるバス）井野室谷線, 三隅路線（ひゃこるバス）諸谷平原線, 三隅路線（ひゃこるバス）平原森溝線"
白砂,石見交通（株）,浜田益田線
周布地,浜田市,"三隅路線（ひゃこるバス）井野三隅線, 三隅路線（ひゃこるバス）周布地今明線"
小坂,浜田市,弥栄野原路線
上今明三叉路,浜田市,"三隅路線（ひゃこるバス）井野室谷線, 三隅路線（ひゃこるバス）諸谷平原線"
晴海台集会所,浜田市,三隅路線（ひゃこるバス）白砂西河内線
上鍋石,石見交通（株）,弥栄線
養父神社,浜田市,三隅路線（ひゃこるバス）平原森溝線
谷集会所,浜田市,三隅路線（ひゃこるバス）白砂西河内線
後山口,石見交通（株）,波佐線
後山口,（有）総合企画コーポレーション,小国線・千代田線
深笹口,（有）総合企画コーポレーション,小国線・千代田線
深笹口,石見交通（株）,波佐線
市道上今明,浜田市,"三隅路線（ひゃこるバス）井野室谷線, 三隅路線（ひゃこるバス）諸谷平原線"
寺田平三叉路,浜田市,三隅路線（ひゃこるバス）平原森溝線
土井,浜田市,弥栄野原路線
大谷,浜田市,"三隅路線（ひゃこるバス）井野三隅線, 三隅路線（ひゃこるバス）周布地今明線"
平原下,浜田市,三隅路線（ひゃこるバス）平原森溝線
三保三隅駅,浜田市,"三隅路線（ひゃこるバス）循環線, 三隅路線（ひゃこるバス）井野室谷線, 三隅路線（ひゃこるバス）諸谷平原線, 三隅路線（ひゃこるバス）平原森溝線, 三隅路線（ひゃこるバス）白砂西河内線, 三隅路線（ひゃこるバス）井野三隅線, 三隅路線（ひゃこるバス）周布地今明線, 三隅路線（ひゃこるバス）石浦小原線, 三隅路線（ひゃこるバス）黒沢矢原線, 三隅路線（ひゃこるバス）黒沢小原線, 三隅路線（ひゃこるバス）矢原岡見線, 三隅路線（ひゃこるバス）岡見海老谷線"
塩頭,浜田市,"三隅路線（ひゃこるバス）井野室谷線, 三隅路線（ひゃこるバス）諸谷平原線"
森溝,浜田市,"三隅路線（ひゃこるバス）井野室谷線, 三隅路線（ひゃこるバス）諸谷平原線, 三隅路線（ひゃこるバス）平原森溝線"
落谷口,石見交通（株）,波佐線
落谷口,（有）総合企画コーポレーション,小国線・千代田線
石田口,石見交通（株）,浜田益田線
岡崎口,浜田市,"三隅路線（ひゃこるバス）循環線, 三隅路線（ひゃこるバス）井野三隅線, 三隅路線（ひゃこるバス）周布地今明線, 三隅路線（ひゃこるバス）石浦小原線, 三隅路線（ひゃこるバス）黒沢矢原線, 三隅路線（ひゃこるバス）黒沢小原線, 三隅路線（ひゃこるバス）矢原岡見線, 三隅路線（ひゃこるバス）岡見海老谷線"
井野まちづくりセンター,浜田市,"三隅路線（ひゃこるバス）井野室谷線, 三隅路線（ひゃこるバス）諸谷平原線"
上野坂,石見交通（株）,弥栄線
石浦口,浜田市,"三隅路線（ひゃこるバス）井野三隅線, 三隅路線（ひゃこるバス）周布地今明線"
岡崎下,浜田市,三隅路線（ひゃこるバス）白砂西河内線
八曽,浜田市,三隅路線（ひゃこるバス）循環線
子落,石見交通（株）,浜田益田線
子落,浜田市,"三隅路線（ひゃこるバス）循環線, 三隅路線（ひゃこるバス）井野室谷線, 三隅路線（ひゃこるバス）諸谷平原線, 三隅路線（ひゃこるバス）平原森溝線, 三隅路線（ひゃこるバス）井野三隅線, 三隅路線（ひゃこるバス）周布地今明線, 三隅路線（ひゃこるバス）石浦小原線, 三隅路線（ひゃこるバス）黒沢矢原線, 三隅路線（ひゃこるバス）黒沢小原線, 三隅路線（ひゃこるバス）矢原岡見線, 三隅路線（ひゃこるバス）岡見海老谷線"
三栄,（有）総合企画コーポレーション,小国線・千代田線
三栄,石見交通（株）,波佐線
ライスセンター,浜田市,"三隅路線（ひゃこるバス）井野室谷線, 三隅路線（ひゃこるバス）周布地今明線"
明光寺前,浜田市,三隅路線（ひゃこるバス）循環線
専正寺,浜田市,三隅路線（ひゃこるバス）白砂西河内線
本谷集会所,浜田市,三隅路線（ひゃこるバス）石浦小原線
市場,浜田市,"三隅路線（ひゃこるバス）井野三隅線, 三隅路線（ひゃこるバス）周布地今明線"
西河内,浜田市,弥栄野原路線
湊浦集会所,浜田市,三隅路線（ひゃこるバス）循環線
野坂,石見交通（株）,弥栄線
石浦橋,浜田市,三隅路線（ひゃこるバス）石浦小原線
下市場,浜田市,"三隅路線（ひゃこるバス）井野三隅線, 三隅路線（ひゃこるバス）石浦小原線"
道正橋,浜田市,三隅路線（ひゃこるバス）循環線
中筋市場,浜田市,"三隅路線（ひゃこるバス）井野室谷線, 三隅路線（ひゃこるバス）周布地今明線"
湊下町,浜田市,三隅路線（ひゃこるバス）循環線
神元団地口,石見交通（株）,浜田益田線
神元団地口,浜田市,三隅路線（ひゃこるバス）黒沢矢原線
石浦集会所,浜田市,三隅路線（ひゃこるバス）石浦小原線
サンプラム,浜田市,"三隅路線（ひゃこるバス）循環線, 三隅路線（ひゃこるバス）井野室谷線, 三隅路線（ひゃこるバス）諸谷平原線, 三隅路線（ひゃこるバス）平原森溝線, 三隅路線（ひゃこるバス）白砂西河内線, 三隅路線（ひゃこるバス）周布地今明線, 三隅路線（ひゃこるバス）石浦小原線, 三隅路線（ひゃこるバス）黒沢小原線, 三隅路線（ひゃこるバス）矢原岡見線, 三隅路線（ひゃこるバス）岡見海老谷線"
みのり会館,浜田市,三隅路線（ひゃこるバス）諸谷平原線
下今明,浜田市,"三隅路線（ひゃこるバス）井野室谷線, 三隅路線（ひゃこるバス）井野三隅線, 三隅路線（ひゃこるバス）周布地今明線, 三隅路線（ひゃこるバス）石浦小原線"
島崎,浜田市,三隅路線（ひゃこるバス）循環線
本谷,浜田市,"三隅路線（ひゃこるバス）井野三隅線, 三隅路線（ひゃこるバス）周布地今明線, 三隅路線（ひゃこるバス）石浦小原線"
高内,浜田市,弥栄野原路線
古市場,浜田市,三隅路線（ひゃこるバス）循環線
弋手原,石見交通（株）,波佐線
弋手原,（有）総合企画コーポレーション,小国線・千代田線
上古市,浜田市,三隅路線（ひゃこるバス）循環線
山家口,浜田市,"三隅路線（ひゃこるバス）井野三隅線, 三隅路線（ひゃこるバス）周布地今明線, 三隅路線（ひゃこるバス）石浦小原線"
中組,浜田市,三隅路線（ひゃこるバス）循環線
Aコープ三保前,浜田市,三隅路線（ひゃこるバス）循環線
報恩寺橋,浜田市,"三隅路線（ひゃこるバス）井野三隅線, 三隅路線（ひゃこるバス）石浦小原線"
東中芦谷,浜田市,"三隅路線（ひゃこるバス）井野三隅線, 三隅路線（ひゃこるバス）周布地今明線, 三隅路線（ひゃこるバス）石浦小原線"
正法寺前,石見交通（株）,浜田益田線
正法寺前,浜田市,三隅路線（ひゃこるバス）黒沢矢原線
栃木口,浜田市,弥栄野原路線
芦谷,浜田市,"三隅路線（ひゃこるバス）井野三隅線, 三隅路線（ひゃこるバス）周布地今明線, 三隅路線（ひゃこるバス）石浦小原線"
中央公園,浜田市,三隅路線（ひゃこるバス）循環線
下野坂,石見交通（株）,弥栄線
大井出口,浜田市,"三隅路線（ひゃこるバス）井野三隅線, 三隅路線（ひゃこるバス）石浦小原線"
日の原,浜田市,三隅路線（ひゃこるバス）循環線
波佐,（有）総合企画コーポレーション,小国線・千代田線
波佐,石見交通（株）,波佐線
門殿,浜田市,三隅路線（ひゃこるバス）循環線
銭山浴口,浜田市,三隅路線（ひゃこるバス）周布地今明線
松原集会所,浜田市,三隅路線（ひゃこるバス）循環線
久根郷,浜田市,"三隅路線（ひゃこるバス）井野三隅線, 三隅路線（ひゃこるバス）石浦小原線"
西中芦谷,浜田市,"三隅路線（ひゃこるバス）井野三隅線, 三隅路線（ひゃこるバス）周布地今明線, 三隅路線（ひゃこるバス）石浦小原線"
松原西,浜田市,三隅路線（ひゃこるバス）循環線
上長安,浜田市,弥栄野原路線
三隅神社口,石見交通（株）,浜田益田線
三隅神社口,浜田市,三隅路線（ひゃこるバス）黒沢矢原線
三隅4区,浜田市,三隅路線（ひゃこるバス）循環線
東谷下,石見交通（株）,波佐線
東谷下,（有）総合企画コーポレーション,小国線・千代田線
農協三隅支所,浜田市,三隅路線（ひゃこるバス）循環線
弥栄支所,石見交通（株）,弥栄線
弥栄支所,浜田市,弥栄野原路線
門殿口,浜田市,三隅路線（ひゃこるバス）循環線
三隅,石見交通（株）,"土田線, 浜田益田線"
小原,浜田市,"三隅路線（ひゃこるバス）井野三隅線, 三隅路線（ひゃこるバス）石浦小原線"
三隅支所,浜田市,"三隅路線（ひゃこるバス）循環線, 三隅路線（ひゃこるバス）井野室谷線, 三隅路線（ひゃこるバス）諸谷平原線, 三隅路線（ひゃこるバス）平原森溝線, 三隅路線（ひゃこるバス）白砂西河内線, 三隅路線（ひゃこるバス）井野三隅線, 三隅路線（ひゃこるバス）周布地今明線, 三隅路線（ひゃこるバス）石浦小原線, 三隅路線（ひゃこるバス）黒沢矢原線, 三隅路線（ひゃこるバス）黒沢小原線, 三隅路線（ひゃこるバス）矢原岡見線, 三隅路線（ひゃこるバス）岡見海老谷線"
三隅発電所,浜田市,三隅路線（ひゃこるバス）岡見海老谷線
みすみ荘,石見交通（株）,"土田線, 浜田益田線"
滝見,石見交通（株）,"土田線, 浜田益田線"
JFしまね三隅出張所,浜田市,三隅路線（ひゃこるバス）岡見海老谷線
消防署,浜田市,"三隅路線（ひゃこるバス）循環線, 三隅路線（ひゃこるバス）井野室谷線, 三隅路線（ひゃこるバス）諸谷平原線, 三隅路線（ひゃこるバス）平原森溝線, 三隅路線（ひゃこるバス）白砂西河内線"
下長安,石見交通（株）,弥栄線
上長田,（有）総合企画コーポレーション,小国線・千代田線
三隅まちづくりセンター,浜田市,"三隅路線（ひゃこるバス）循環線, 三隅路線（ひゃこるバス）井野室谷線, 三隅路線（ひゃこるバス）諸谷平原線, 三隅路線（ひゃこるバス）平原森溝線, 三隅路線（ひゃこるバス）白砂西河内線"
向野田,浜田市,三隅路線（ひゃこるバス）黒沢矢原線
上木都賀,石見交通（株）,弥栄線
井野大橋,浜田市,三隅路線（ひゃこるバス）黒沢小原線
杵束口,浜田市,"三隅路線（ひゃこるバス）井野三隅線, 三隅路線（ひゃこるバス）石浦小原線"
井川口,浜田市,"三隅路線（ひゃこるバス）井野三隅線, 三隅路線（ひゃこるバス）石浦小原線"
岡見駅,浜田市,"三隅路線（ひゃこるバス）循環線, 三隅路線（ひゃこるバス）岡見海老谷線"
ミレ岡見,浜田市,三隅路線（ひゃこるバス）循環線
わくわくマーケット,浜田市,"三隅路線（ひゃこるバス）循環線, 三隅路線（ひゃこるバス）岡見海老谷線"
二反田橋,浜田市,三隅路線（ひゃこるバス）黒沢小原線
岡見スポーツセンター,浜田市,三隅路線（ひゃこるバス）岡見海老谷線
青浦集会所,浜田市,三隅路線（ひゃこるバス）岡見海老谷線
岡見口,石見交通（株）,"土田線, 浜田益田線"
海老谷三叉路,浜田市,三隅路線（ひゃこるバス）岡見海老谷線
稲代口,石見交通（株）,弥栄線
山根病院前,石見交通（株）,"土田線, 浜田益田線"
木都賀,石見交通（株）,弥栄線
日の峠,石見交通（株）,"土田線, 浜田益田線"
海老谷集会所,浜田市,三隅路線（ひゃこるバス）岡見海老谷線
大坪,石見交通（株）,弥栄線
下木都賀,石見交通（株）,弥栄線
宮ヶ迫バス停,浜田市,"三隅路線（ひゃこるバス）矢原岡見線, 三隅路線（ひゃこるバス）岡見海老谷線"
鹿子谷口,浜田市,"三隅路線（ひゃこるバス）黒沢矢原線, 三隅路線（ひゃこるバス）矢原岡見線"
宮ヶ迫,石見交通（株）,"土田線, 浜田益田線"
亀屋原,浜田市,三隅路線（ひゃこるバス）黒沢矢原線
大元神社,浜田市,三隅路線（ひゃこるバス）岡見海老谷線
用田橋,浜田市,三隅路線（ひゃこるバス）黒沢矢原線
床並三叉路,浜田市,三隅路線（ひゃこるバス）矢原岡見線
大下谷橋,浜田市,三隅路線（ひゃこるバス）黒沢小原線
上河内,浜田市,"三隅路線（ひゃこるバス）黒沢矢原線, 三隅路線（ひゃこるバス）黒沢小原線"
的野集会所,浜田市,三隅路線（ひゃこるバス）黒沢小原線
金山口,石見交通（株）,"土田線, 浜田益田線"
鹿子谷コミュニティセンター,浜田市,三隅路線（ひゃこるバス）矢原岡見線
齋藤宅入口,浜田市,三隅路線（ひゃこるバス）黒沢小原線
荒磯,石見交通（株）,土田線
土田,石見交通（株）,"土田線, 浜田益田線"
西の谷集会所,浜田市,三隅路線（ひゃこるバス）岡見海老谷線
荒磯,石見交通（株）,"土田線, 浜田益田線"
亀岡橋,浜田市,三隅路線（ひゃこるバス）黒沢小原線
馬橋,石見交通（株）,"土田線, 浜田益田線"
馬橋西,石見交通（株）,土田線
西平原,石見交通（株）,"土田線, 浜田益田線"
西平原,益田市,生活バス金山・宇治・津田線
西方寺原,浜田市,"三隅路線（ひゃこるバス）黒沢矢原線, 三隅路線（ひゃこるバス）黒沢小原線"
鎌手駅前,益田市,生活バス金山・宇治・津田線
西蓮寺,浜田市,三隅路線（ひゃこるバス）矢原岡見線
鎌手駅,石見交通（株）,"土田線, 浜田益田線"
田屋の原,浜田市,三隅路線（ひゃこるバス）黒沢小原線
金山,益田市,生活バス金山・宇治・津田線
黒沢集会所,浜田市,三隅路線（ひゃこるバス）黒沢小原線
灯台口,石見交通（株）,"土田線, 浜田益田線"
下井川,浜田市,三隅路線（ひゃこるバス）黒沢小原線
南薫堂前,浜田市,"三隅路線（ひゃこるバス）黒沢矢原線, 三隅路線（ひゃこるバス）黒沢小原線"
大浜東,益田市,生活バス金山・宇治・津田線
大浜,石見交通（株）,"土田線, 浜田益田線"
矢原口,浜田市,"三隅路線（ひゃこるバス）黒沢矢原線, 三隅路線（ひゃこるバス）黒沢小原線"
平野,浜田市,三隅路線（ひゃこるバス）黒沢小原線
宇治集会所前,益田市,生活バス金山・宇治・津田線
古和城口,浜田市,"三隅路線（ひゃこるバス）黒沢矢原線, 三隅路線（ひゃこるバス）黒沢小原線"
大谷口,益田市,生活バス金山・宇治・津田線
大谷口,石見交通（株）,"土田線, 浜田益田線"
下古和,浜田市,"三隅路線（ひゃこるバス）黒沢矢原線, 三隅路線（ひゃこるバス）黒沢小原線"
満喜谷,浜田市,三隅路線（ひゃこるバス）黒沢矢原線
野地,益田市,生活バス金山・宇治・津田線
矢原集会所,浜田市,三隅路線（ひゃこるバス）矢原岡見線
中古和,浜田市,三隅路線（ひゃこるバス）黒沢矢原線
大平桜入口,浜田市,三隅路線（ひゃこるバス）矢原岡見線
木部,石見交通（株）,"土田線, 浜田益田線"
八幡神社前,浜田市,三隅路線（ひゃこるバス）黒沢矢原線
沖観橋,益田市,生活バス金山・宇治・津田線
種上,石見交通（株）,種線
三隅川平,浜田市,三隅路線（ひゃこるバス）黒沢矢原線
種,石見交通（株）,種線
東津田,石見交通（株）,"土田線, 浜田益田線"
観音橋,益田市,生活バス金山・宇治・津田線
種公民館入口,石見交通（株）,種線
種公民館,石見交通（株）,種線
津田,石見交通（株）,"土田線, 浜田益田線"
大平警報局,浜田市,三隅路線（ひゃこるバス）黒沢矢原線
上古和,浜田市,三隅路線（ひゃこるバス）黒沢矢原線
梅の木,浜田市,三隅路線（ひゃこるバス）黒沢矢原線
鵜の鼻団地口,益田市,生活バス金山・宇治・津田線
竜光寺前,石見交通（株）,種線
赤雁の里,石見交通（株）,種線
東陽中学校前,石見交通（株）,種線
向原,石見交通（株）,種線
赤雁上,石見交通（株）,種線
赤雁,石見交通（株）,種線
井の迫,石見交通（株）,"土田線, 浜田益田線"
前浜,益田市,生活バス金山・宇治・津田線
専竜寺口,石見交通（株）,種線
下遠田,益田市,生活バス金山・宇治・津田線
下遠田,石見交通（株）,"土田線, 浜田益田線"
赤雁口,石見交通（株）,種線
遠田橋,石見交通（株）,"土田線, 浜田益田線"
進徳,石見交通（株）,久城線
中遠田,石見交通（株）,"土田線, 浜田益田線"
久城団地,石見交通（株）,久城線
久城団地前,益田市,生活バス金山・宇治・津田線
白浜,石見交通（株）,久城線
山折上,益田市,生活バス山折・乙子線
原浜団地,石見交通（株）,久城線
大草下,石見交通（株）,種線
岩ヶ原,石見交通（株）,種線
みやこ団地口,石見交通（株）,久城線
上遠田,石見交通（株）,"土田線, 浜田益田線"
大草中,石見交通（株）,種線
久城,石見交通（株）,久城線
スクモ塚,石見交通（株）,久城線
板井川,石見交通（株）,都茂線
北仙道,石見交通（株）,種線
中須,石見交通（株）,大塚線
山折,益田市,生活バス山折・乙子線
戸城,石見交通（株）,都茂線
中須西,石見交通（株）,大塚線
久城東,石見交通（株）,久城線
大塚東口,石見交通（株）,大塚線
医師会病院,石見交通（株）,"二条線, 蟠竜湖線, 横田線, 種線, 土田線, 浜田益田線"
大塚中,石見交通（株）,大塚線
福王寺口,石見交通（株）,大塚線
大塚,石見交通（株）,大塚線
稗原,石見交通（株）,種線
新双葉,石見交通（株）,"二条線, 蟠竜湖線, 横田線, 土田線, 浜田益田線"
双葉,石見交通（株）,"土田線, 浜田益田線"
黒石峠,石見交通（株）,種線
西口,石見交通（株）,大塚線
ほたる新橋,石見交通（株）,都茂線
黒石公民館,石見交通（株）,種線
久城南,石見交通（株）,久城線
黒石,石見交通（株）,種線
たかせ内科前,石見交通（株）,大塚線
西双葉,石見交通（株）,"土田線, 浜田益田線"
平畑,石見交通（株）,都茂線
えびすヶ丘,石見交通（株）,久城線
黒石上,石見交通（株）,種線
妙蓮寺口,石見交通（株）,都茂線
二川,石見交通（株）,都茂線
吉ケ溢,石見交通（株）,"二条線, 蟠竜湖線, 横田線, 土田線, 浜田益田線"
緑ヶ丘卸団地前,石見交通（株）,"小浜江崎線, 蟠竜湖線, 石見空港線"
中の島,石見交通（株）,大塚線
ゆめタウン前,石見交通（株）,"小浜江崎線, 蟠竜湖線"
木工団地前,石見交通（株）,"小浜江崎線, 蟠竜湖線"
美都温泉,石見交通（株）,都茂線
蟠竜湖入口,石見交通（株）,"小浜江崎線, 蟠竜湖線"
谷上上,石見交通（株）,種線
下本郷,石見交通（株）,"二条線, 蟠竜湖線, 横田線, 久城線, 土田線, 浜田益田線"
八本松,石見交通（株）,蟠竜湖線
明顕寺前,益田市,生活バス山折・乙子線
舟入,石見交通（株）,"小浜江崎線, 蟠竜湖線"
雪舟記念館入口,石見交通（株）,"二条線, 蟠竜湖線, 横田線, 久城線, 土田線, 浜田益田線"
小原,益田市,生活バス山折・乙子線
乙子下,益田市,生活バス山折・乙子線
中吉田東,石見交通（株）,大塚線
連理松,石見交通（株）,蟠竜湖線
持石上,石見交通（株）,"小浜江崎線, 蟠竜湖線"
今市,石見交通（株）,"二条線, 蟠竜湖線, 横田線, 久城線, 土田線, 浜田益田線"
谷上,石見交通（株）,"種線, 土田線, 浜田益田線"
船木谷,石見交通（株）,都茂線
中吉田,石見交通（株）,大塚線
西部技術校入口,石見交通（株）,蟠竜湖線
中の島上,石見交通（株）,大塚線
新大橋,石見交通（株）,"小浜江崎線, 土田線, 浜田益田線"
旭ヶ丘団地口,石見交通（株）,"種線, 土田線, 浜田益田線"
旭ヶ丘団地,石見交通（株）,種線
松ヶ丘病院,石見交通（株）,蟠竜湖線
中吉田北,石見交通（株）,大塚線
持石海岸,石見交通（株）,"小浜江崎線, 蟠竜湖線"
浜寄,石見交通（株）,蟠竜湖線
松ヶ丘,石見交通（株）,蟠竜湖線
中吉田口,石見交通（株）,"小浜江崎線, 蟠竜湖線, 石見空港線, 大塚線"
乙子上,益田市,生活バス山折・乙子線
吉田小学校前,石見交通（株）,"小浜江崎線, 土田線, 浜田益田線"
イオン前,石見交通（株）,"二条線, 小浜江崎線, 蟠竜湖線, 横田線, 大塚線, 久城線, 土田線, 浜田益田線"
旭町,石見交通（株）,種線
蟠竜湖,石見交通（株）,蟠竜湖線
矢田,石見交通（株）,"土田線, 浜田益田線"
日赤病院,石見交通（株）,"二条線, 小浜江崎線, 蟠竜湖線, 横田線, 大塚線, 久城線, 都茂線, 土田線, 浜田益田線"
二反田,石見交通（株）,都茂線
イオン南口,石見交通（株）,都茂線
高津下市,石見交通（株）,蟠竜湖線
あけぼの西町,石見交通（株）,"二条線, 小浜江崎線, 蟠竜湖線, 横田線, 大塚線, 久城線, 都茂線, 土田線, 浜田益田線"
長島,石見交通（株）,小浜江崎線
乙吉中組,石見交通（株）,都茂線
片山,石見交通（株）,"種線, 土田線, 浜田益田線"
あけぼの本町,石見交通（株）,"二条線, 小浜江崎線, 蟠竜湖線, 横田線, 大塚線, 久城線, 都茂線, 土田線, 浜田益田線"
仙道下,石見交通（株）,都茂線
観音岩,石見交通（株）,小浜江崎線
東仙道,石見交通（株）,都茂線
医光寺前,益田市,生活バス山折・乙子線
益田医光寺,石見交通（株）,"二条線, 小浜江崎線, 蟠竜湖線, 津和野線, 匹見線, 横田線, 梅月線, 大塚線, 久城線, 都茂線"
野坂,石見交通（株）,都茂線
高津,石見交通（株）,"二条線, 蟠竜湖線"
萩石見空港,石見交通（株）,"蟠竜湖線, 石見空港線"
労働会館前,石見交通（株）,"二条線, 小浜江崎線, 蟠竜湖線, 石見空港線, 津和野線, 匹見線, 横田線, 梅月線, 大塚線, 久城線, 都茂線, 土田線, 浜田益田線"
堀川橋,石見交通（株）,"二条線, 津和野線, 匹見線, 横田線, 梅月線, 大塚線, 久城線, 都茂線"
益田堀川橋,石見交通（株）,"小浜江崎線, 蟠竜湖線"
総合福祉センター,石見交通（株）,"二条線, 蟠竜湖線, 津和野線, 匹見線, 横田線, 梅月線"
ふれあい広場,石見交通（株）,小浜江崎線
田原口,石見交通（株）,都茂線
益田駅前,石見交通（株）,"二条線, 小浜江崎線, 蟠竜湖線, 石見空港線, 津和野線, 匹見線, 横田線, 梅月線, 大塚線, 久城線, 都茂線, 種線, 土田線, 浜田益田線"
合同庁舎前,石見交通（株）,都茂線
人丸下,石見交通（株）,二条線
須子,石見交通（株）,"二条線, 蟠竜湖線, 津和野線, 匹見線, 横田線, 梅月線"
益田上市,石見交通（株）,"二条線, 小浜江崎線, 蟠竜湖線, 津和野線, 匹見線, 横田線, 梅月線, 久城線, 都茂線"
折戸,石見交通（株）,"二条線, 小浜江崎線, 蟠竜湖線, 津和野線, 匹見線, 横田線, 梅月線, 大塚線, 久城線, 都茂線, 種線, 土田線, 浜田益田線"
久保坂,石見交通（株）,都茂線
丸茂,石見交通（株）,都茂線
蛇の久保,石見交通（株）,都茂線
下都茂,石見交通（株）,都茂線
円通和,石見交通（株）,二条線
横野,石見交通（株）,都茂線
益田本町,石見交通（株）,"二条線, 小浜江崎線, 蟠竜湖線, 津和野線, 匹見線, 横田線, 梅月線, 大塚線, 久城線, 都茂線, 種線, 土田線, 浜田益田線"
朝倉,石見交通（株）,都茂線
益田市役所前,石見交通（株）,"二条線, 小浜江崎線, 蟠竜湖線, 津和野線, 匹見線, 横田線, 梅月線, 大塚線, 久城線, 都茂線, 種線"
益田下市,石見交通（株）,"二条線, 小浜江崎線, 蟠竜湖線, 津和野線, 匹見線, 横田線, 梅月線, 久城線, 都茂線, 種線, 土田線, 浜田益田線"
市立図書館前,石見交通（株）,"二条線, 小浜江崎線, 蟠竜湖線, 津和野線, 匹見線, 横田線, 梅月線, 大塚線, 久城線, 都茂線, 種線"
水源地前,石見交通（株）,"蟠竜湖線, 横田線, 大塚線, 久城線, 都茂線, 土田線, 浜田益田線"
廿子,石見交通（株）,二条線
グラントワ前,石見交通（株）,"二条線, 小浜江崎線, 蟠竜湖線, 津和野線, 匹見線, 横田線, 梅月線, 大塚線, 久城線, 都茂線, 種線, 土田線, 浜田益田線"
須子上,石見交通（株）,"津和野線, 匹見線, 横田線, 梅月線"
丸茂上,石見交通（株）,都茂線
西小浜,石見交通（株）,小浜江崎線
幸町,石見交通（株）,"二条線, 小浜江崎線, 蟠竜湖線, 津和野線, 匹見線, 横田線, 梅月線, 久城線, 都茂線, 種線, 土田線, 浜田益田線"
石見交通本社前,石見交通（株）,"二条線, 小浜江崎線, 蟠竜湖線, 津和野線, 匹見線, 横田線, 梅月線, 大塚線, 久城線, 都茂線, 種線, 土田線, 浜田益田線"
石見交通本社前,益田市,生活バス山折・乙子線
豊川,石見交通（株）,都茂線
益田高校前,石見交通（株）,"蟠竜湖線, 横田線, 大塚線, 久城線, 都茂線, 土田線, 浜田益田線"
多田温泉入口,石見交通（株）,"蟠竜湖線, 横田線, 大塚線, 久城線, 都茂線, 土田線, 浜田益田線"
飯田口,石見交通（株）,"津和野線, 匹見線, 横田線, 梅月線"
喜阿弥,石見交通（株）,小浜江崎線
裁判所前,石見交通（株）,"蟠竜湖線, 横田線, 大塚線, 久城線, 都茂線, 土田線, 浜田益田線"
小浜,石見交通（株）,小浜江崎線
二見,石見交通（株）,小浜江崎線
小浜駅口,石見交通（株）,小浜江崎線
正万寺前,石見交通（株）,都茂線
笹倉出合,石見交通（株）,都茂線
宮田,石見交通（株）,小浜江崎線
植松,石見交通（株）,小浜江崎線
伏谷口,石見交通（株）,都茂線
庄の田,石見交通（株）,二条線
大神楽,石見交通（株）,都茂線
明見団地,石見交通（株）,"横田線, 梅月線"
笹倉下,石見交通（株）,都茂線
美都総合支所前,石見交通（株）,都茂線
五反田,石見交通（株）,二条線
市原,石見交通（株）,二条線
飯浦,石見交通（株）,小浜江崎線
岡原,石見交通（株）,都茂線
JA美都支所前,石見交通（株）,都茂線
久々茂,石見交通（株）,都茂線
内田,石見交通（株）,二条線
久々茂下,石見交通（株）,都茂線
笹倉,石見交通（株）,都茂線
都茂堺橋,石見交通（株）,都茂線
久々茂中,石見交通（株）,都茂線
角井,石見交通（株）,"津和野線, 匹見線, 横田線, 梅月線"
葛篭口,石見交通（株）,都茂線
うるし原,石見交通（株）,都茂線
登郷,石見交通（株）,二条線
小俣賀口,石見交通（株）,梅月線
松原下,石見交通（株）,二条線
松ケ平,石見交通（株）,梅月線
松原,石見交通（株）,二条線
本俣賀出合,石見交通（株）,梅月線
妙雲寺前,石見交通（株）,二条線
左ケ山口,石見交通（株）,梅月線
本俣賀,石見交通（株）,梅月線
西呑,石見交通（株）,二条線
コミュニティセンター,石見交通（株）,二条線
花ヶ瀬,石見交通（株）,"津和野線, 匹見線, 横田線"
平原公民館前,益田市,生活バス羽原・中垣内線
中西小前,石見交通（株）,二条線
中西小学校前,益田市,生活バス羽原・中垣内線
白上,石見交通（株）,二条線
中垣内集会所前,益田市,生活バス羽原・中垣内線
羽場,石見交通（株）,"津和野線, 匹見線, 横田線"
中垣内口,石見交通（株）,二条線
西禅寺前,石見交通（株）,梅月線
安富,石見交通（株）,"津和野線, 匹見線, 横田線"
梅月,石見交通（株）,梅月線
金地,益田市,生活バス二条・後溢線
ファクトリーパーク,石見交通（株）,横田線
養護学校前,益田市,生活バス二条・後溢線
長田橋,石見交通（株）,二条線
大境養護学校前,石見交通（株）,"津和野線, 匹見線, 横田線"
光明寺,石見交通（株）,梅月線
川登下,石見交通（株）,二条線
山本,石見交通（株）,"津和野線, 匹見線, 横田線"
羽原,石見交通（株）,横田線
羽原,益田市,生活バス羽原・中垣内線
家下,石見交通（株）,"津和野線, 匹見線, 横田線"
三門,石見交通（株）,二条線
八幡宮,益田市,生活バス羽原・中垣内線
横田舟橋,石見交通（株）,梅月線
美濃地,石見交通（株）,二条線
匹見口,石見交通（株）,"津和野線, 匹見線, 横田線"
西益田小学校前,石見交通（株）,梅月線
川登上,石見交通（株）,二条線
天神下,石見交通（株）,二条線
西益田小学校入口,石見交通（株）,"匹見線, 梅月線"
福永橋,石見交通（株）,二条線
城九郎,石見交通（株）,二条線
豊田公民館前,益田市,生活バス二条・後溢線
川登別道,石見交通（株）,二条線
中の口,石見交通（株）,二条線
宮下,石見交通（株）,横田線
向横田,石見交通（株）,横田線
大橋,石見交通（株）,横田線
横田駅,石見交通（株）,"津和野線, 横田線"
石見横田駅前,益田市,生活バス二条・後溢線
神田,石見交通（株）,"津和野線, 横田線"
木屋原,石見交通（株）,匹見線
赤松,石見交通（株）,匹見線
猟師ケ峠,石見交通（株）,二条線
清流苑前,石見交通（株）,"津和野線, 横田線"
小隅,益田市,生活バス二条・後溢線
谷迫,石見交通（株）,匹見線
火打岩,益田市,生活バス地区内線
白岩下,石見交通（株）,匹見線
横尾,石見交通（株）,二条線
澄川橋,石見交通（株）,匹見線
澄川,石見交通（株）,匹見線
大滝,石見交通（株）,"津和野線, 横田線"
持三郎,石見交通（株）,匹見線
能登口,石見交通（株）,匹見線
竹内,石見交通（株）,匹見線
小野上,石見交通（株）,匹見線
湯田川橋,益田市,"生活バス地区内線, 生活バス二条・後溢線"
白岩,石見交通（株）,匹見線
八ヶ瀬橋,石見交通（株）,匹見線
小野,石見交通（株）,匹見線
二条,石見交通（株）,二条線
猪木谷発電所,石見交通（株）,匹見線
柿原,石見交通（株）,匹見線
黒周中倉,益田市,"生活バス地区内線, 生活バス二条・後溢線"
二条公民館,益田市,生活バス地区内線
桂ヶ平口,石見交通（株）,二条線
土井の原上,石見交通（株）,匹見線
市上,石見交通（株）,二条線
中原,石見交通（株）,匹見線
丸竹,益田市,生活バス二条・後溢線
都谷,石見交通（株）,匹見線
猪木谷上,石見交通（株）,匹見線
土井の原,石見交通（株）,匹見線
水合,益田市,生活バス地区内線
後溢,益田市,生活バス二条・後溢線
上ヶ山下,益田市,生活バス地区内線
三水,石見交通（株）,匹見線
上峠,益田市,生活バス地区内線
三水上,石見交通（株）,匹見線
三星,石見交通（株）,"津和野線, 横田線"
長沢,石見交通（株）,匹見線
新田,石見交通（株）,匹見線
上ヶ山上,益田市,生活バス二条・後溢線
匹見大津,石見交通（株）,匹見線
須郷,津和野町,町営バス（須川・野地・青原線）
ホタル公園前,益田市,"生活バス地区内線, 生活バス二条・後溢線"
大久保,益田市,"生活バス地区内線, 生活バス二条・後溢線"
中の谷,益田市,生活バス二条・後溢線
柏原診療所前,益田市,生活バス地区内線
広瀬,石見交通（株）,匹見線
東青原駅前,津和野町,町営バス（須川・野地・青原線）
添谷,津和野町,町営バス（須川・野地・青原線）
切梨,石見交通（株）,匹見線
添谷公民館前,津和野町,町営バス（須川・野地・青原線）
桂ヶ平,益田市,生活バス地区内線
添谷橋,石見交通（株）,津和野線
添谷橋,津和野町,町営バス（須川・野地・青原線）
落合,石見交通（株）,匹見線
長嶺建設前,津和野町,町営バス（須川・野地・青原線）
下青原,石見交通（株）,津和野線
下青原,津和野町,町営バス（須川・野地・青原線）
田屋組,津和野町,町営バス（須川・野地・青原線）
板持,益田市,"生活バス地区内線, 生活バス二条・後溢線"
金ヶ峠,益田市,"生活バス地区内線, 生活バス二条・後溢線"
野地下,津和野町,町営バス（須川・野地・青原線）
公民館前,津和野町,町営バス（須川・野地・青原線）
休,津和野町,町営バス（須川・野地・青原線）
程野,石見交通（株）,津和野線
程野,津和野町,町営バス（須川・野地・青原線）
弋ヶ田原,益田市,"生活バス地区内線, 生活バス二条・後溢線"
諏訪橋,石見交通（株）,匹見線
相撲ヶ原下出合,津和野町,町営バス（須川・野地・青原線）
上杉,津和野町,町営バス（須川・野地・青原線）
相撲ヶ原,津和野町,町営バス（須川・野地・青原線）
岩倉,津和野町,町営バス（須川・野地・青原線）
二俣公民館,津和野町,町営バス（大木・二俣・堤田・滝元線）
匹見上,石見交通（株）,匹見線
二俣橋,石見交通（株）,津和野線
相撲ヶ原下,津和野町,町営バス（須川・野地・青原線）
二俣口,津和野町,"町営バス（大木・二俣・堤田・滝元線）, 町営バス（須川・野地・青原線）"
相撲ヶ原上,津和野町,町営バス（須川・野地・青原線）
保健センター前,石見交通（株）,匹見線
笹ヶ峠,津和野町,町営バス（須川・野地・青原線）
二俣中央,津和野町,町営バス（大木・二俣・堤田・滝元線）
小倉谷口,津和野町,町営バス（須川・野地・青原線）
須川小学校前,津和野町,町営バス（須川・野地・青原線）
匹見峡温泉,石見交通（株）,匹見線
小田城,津和野町,町営バス（須川・野地・青原線）
小瀬,石見交通（株）,津和野線
小瀬,津和野町,"町営バス（大木・二俣・堤田・滝元線）, 町営バス（須川・野地・青原線）"
滝ノ上,津和野町,町営バス（須川・野地・青原線）
三歩市上,津和野町,町営バス（木部線）
大木下,津和野町,町営バス（大木・二俣・堤田・滝元線）
諸鹿口,津和野町,町営バス（大木・二俣・堤田・滝元線）
青原駅,津和野町,"町営バス（大木・二俣・堤田・滝元線）, 町営バス（須川・野地・青原線）, 町営バス（左鐙・商人・宿の谷線）"
須川元郷,津和野町,町営バス（須川・野地・青原線）
青原駅前,石見交通（株）,津和野線
舟板,津和野町,町営バス（大木・二俣・堤田・滝元線）
小瀬会館,津和野町,町営バス（大木・二俣・堤田・滝元線）
小瀬会館前,津和野町,町営バス（大木・二俣・堤田・滝元線）
矢折,津和野町,町営バス（大木・二俣・堤田・滝元線）
日浦口,津和野町,町営バス（須川・野地・青原線）
奥ヶ野,津和野町,町営バス（木部線）
堤田下,津和野町,町営バス（大木・二俣・堤田・滝元線）
大木上,津和野町,町営バス（大木・二俣・堤田・滝元線）
堤田公民館,津和野町,町営バス（大木・二俣・堤田・滝元線）
下奥ヶ野,津和野町,町営バス（木部線）
惣田,津和野町,町営バス（大木・二俣・堤田・滝元線）
カントリー入口,津和野町,町営バス（大木・二俣・堤田・滝元線）
鹿谷,津和野町,町営バス（大木・二俣・堤田・滝元線）
日原道の駅,石見交通（株）,津和野線
道の駅,津和野町,"町営バス（大木・二俣・堤田・滝元線）, 町営バス（須川・野地・青原線）, 町営バス（左鐙・商人・宿の谷線）"
口屋橋,石見交通（株）,津和野線
口屋橋,津和野町,"町営バス（大木・二俣・堤田・滝元線）, 町営バス（須川・野地・青原線）, 町営バス（左鐙・商人・宿の谷線）"
金見町下,津和野町,日野原市街地線
池村,石見交通（株）,津和野線
池村,津和野町,"町営バス（大木・二俣・堤田・滝元線）, 町営バス（須川・野地・青原線）, 町営バス（左鐙・商人・宿の谷線）"
三歩市,津和野町,町営バス（木部線）
脇本上,津和野町,町営バス（大木・二俣・堤田・滝元線）
堤溢,津和野町,町営バス（大木・二俣・堤田・滝元線）
野口,石見交通（株）,津和野線
野口,津和野町,"町営バス（大木・二俣・堤田・滝元線）, 町営バス（須川・野地・青原線）, 町営バス（左鐙・商人・宿の谷線）"
金見町上,津和野町,日野原市街地線
脇本中,津和野町,町営バス（大木・二俣・堤田・滝元線）
幸町,津和野町,日野原市街地線
脇本下,津和野町,町営バス（大木・二俣・堤田・滝元線）
東善寺前,津和野町,町営バス（木部線）
やなぎ会館,津和野町,町営バス（左鐙・商人・宿の谷線）
春日,津和野町,日野原市街地線
椛井谷口,津和野町,町営バス（左鐙・商人・宿の谷線）
商工会前,津和野町,日野原市街地線
日原,石見交通（株）,津和野線
日原,津和野町,"町営バス（大木・二俣・堤田・滝元線）, 町営バス（須川・野地・青原線）, 町営バス（左鐙・商人・宿の谷線）"
須川口,石見交通（株）,津和野線
須川口,津和野町,"町営バス（大木・二俣・堤田・滝元線）, 町営バス（須川・野地・青原線）, 町営バス（左鐙・商人・宿の谷線）, 日野原市街地線"
赤木口,津和野町,町営バス（左鐙・商人・宿の谷線）
旭橋,六日市交通（有）,広域線
元郷,津和野町,町営バス（木部線）
日原上市,石見交通（株）,津和野線
役場前,津和野町,"町営バス（大木・二俣・堤田・滝元線）, 町営バス（須川・野地・青原線）, 町営バス（左鐙・商人・宿の谷線）, 日野原市街地線"
病院前,津和野町,"町営バス（大木・二俣・堤田・滝元線）, 町営バス（須川・野地・青原線）, 町営バス（左鐙・商人・宿の谷線）, 日野原市街地線"
日原診療所前,石見交通（株）,津和野線
日原診療所前,六日市交通（有）,広域線
診療所（国道）,津和野町,"町営バス（須川・野地・青原線）, 町営バス（左鐙・商人・宿の谷線）, 日野原市街地線"
日原保育園,津和野町,"町営バス（大木・二俣・堤田・滝元線）, 町営バス（須川・野地・青原線）, 町営バス（左鐙・商人・宿の谷線）, 日野原市街地線"
石川前,津和野町,町営バス（左鐙・商人・宿の谷線）
下左鐙,津和野町,町営バス（左鐙・商人・宿の谷線）
枕瀬,石見交通（株）,津和野線
枕瀬,津和野町,町営バス（大木・二俣・堤田・滝元線）
枕瀬,六日市交通（有）,広域線
長野,津和野町,町営バス（木部線）
程彼三叉路,津和野町,町営バス（左鐙・商人・宿の谷線）
土井敷団地前,津和野町,町営バス（大木・二俣・堤田・滝元線）
岩川,津和野町,町営バス（木部線）
円の谷,津和野町,町営バス（左鐙・商人・宿の谷線）
宿の谷上,津和野町,町営バス（左鐙・商人・宿の谷線）
中間組,津和野町,町営バス（左鐙・商人・宿の谷線）
日原駅,石見交通（株）,津和野線
日原駅,津和野町,町営バス（大木・二俣・堤田・滝元線）
JR日原駅,六日市交通（有）,広域線
平野,津和野町,町営バス（木部線）
犬戻し,津和野町,町営バス（左鐙・商人・宿の谷線）
宿の谷下,津和野町,町営バス（左鐙・商人・宿の谷線）
中川上,津和野町,町営バス（木部線）
木の口上,津和野町,町営バス（大木・二俣・堤田・滝元線）
木の口,石見交通（株）,津和野線
カンネオ,津和野町,町営バス（左鐙・商人・宿の谷線）
晩越,津和野町,町営バス（左鐙・商人・宿の谷線）
晩越,六日市交通（有）,広域線
日原駅入口,石見交通（株）,津和野線
木部保育園前,津和野町,町営バス（木部線）
木部公民館前,津和野町,町営バス（木部線）
畳,津和野町,町営バス（左鐙・商人・宿の谷線）
畳,六日市交通（有）,広域線
中川,津和野町,町営バス（木部線）
小野,津和野町,町営バス（吹野・中曽野線）
小直,津和野町,町営バス（大木・二俣・堤田・滝元線）
小直,石見交通（株）,津和野線
商人センター,津和野町,町営バス（左鐙・商人・宿の谷線）
下組,津和野町,町営バス（木部線）
畑,津和野町,町営バス（吹野・中曽野線）
榊地蔵前,津和野町,町営バス（左鐙・商人・宿の谷線）
滝元,石見交通（株）,津和野線
滝元,津和野町,町営バス（大木・二俣・堤田・滝元線）
集議谷,津和野町,町営バス（左鐙・商人・宿の谷線）
集議谷,六日市交通（有）,広域線
中組,津和野町,町営バス（吹野・中曽野線）
四本松,津和野町,"町営バス（木部線）, 町営バス（吹野・中曽野線）"
大畠,石見交通（株）,津和野線
大畠,津和野町,町営バス（大木・二俣・堤田・滝元線）
川尻口,津和野町,町営バス（木部線）
絵師口,津和野町,町営バス（吹野・中曽野線）
絵師尻,津和野町,町営バス（吹野・中曽野線）
夕河内,津和野町,町営バス（吹野・中曽野線）
吹野下,津和野町,町営バス（吹野・中曽野線）
瓜生口,津和野町,町営バス（吹野・中曽野線）
宮ノ前,津和野町,町営バス（大木・二俣・堤田・滝元線）
宮の前,石見交通（株）,津和野線
吹野上,津和野町,町営バス（吹野・中曽野線）
野広橋,石見交通（株）,"津和野線, 津和野町内線"
新左鐙橋,津和野町,町営バス（左鐙・商人・宿の谷線）
堀庭園,石見交通（株）,津和野町内線
堀庭園,津和野町,町営バス（木部線）
左鐙宮ノ前,六日市交通（有）,広域線
畑ヶ迫,石見交通（株）,津和野町内線
畑ケ迫,津和野町,町営バス（木部線）
旧畑迫病院前,石見交通（株）,津和野町内線
旧畑迫病院前,津和野町,町営バス（木部線）
一の谷口,津和野町,町営バス（左鐙・商人・宿の谷線）
中内谷口,津和野町,町営バス（左鐙・商人・宿の谷線）
西谷出合,石見交通（株）,津和野町内線
西谷出合,津和野町,町営バス（木部線）
小郷,津和野町,町営バス（左鐙・商人・宿の谷線）
小川溢,津和野町,町営バス（左鐙・商人・宿の谷線）
左鐙,津和野町,町営バス（左鐙・商人・宿の谷線）
左鐙,六日市交通（有）,広域線
下千原,石見交通（株）,"津和野線, 津和野町内線"
下横道,津和野町,町営バス（左鐙・商人・宿の谷線）
福谷口,津和野町,町営バス（左鐙・商人・宿の谷線）
市尾,石見交通（株）,津和野町内線
市尾,津和野町,町営バス（木部線）
万瀬,津和野町,町営バス（左鐙・商人・宿の谷線）
万瀬,六日市交通（有）,広域線
上横道,津和野町,町営バス（左鐙・商人・宿の谷線）
下寺田,石見交通（株）,"津和野線, 津和野町内線"
塩ヶ原,石見交通（株）,"津和野線, 津和野町内線"
西光寺前,石見交通（株）,津和野町内線
西光寺前,津和野町,町営バス（木部線）
畑迫住宅前,石見交通（株）,津和野町内線
畑迫住宅前,津和野町,町営バス（木部線）
直地,石見交通（株）,"津和野線, 津和野町内線"
横瀬,石見交通（株）,津和野町内線
横瀬,津和野町,町営バス（木部線）
耕田,石見交通（株）,"津和野線, 津和野町内線"
上寺田,石見交通（株）,"津和野線, 津和野町内線"
新畑,津和野町,町営バス（左鐙・商人・宿の谷線）
新畑,六日市交通（有）,広域線
小床,石見交通（株）,津和野町内線
小床,津和野町,町営バス（木部線）
下ヶ原,六日市交通（有）,広域線
山入,石見交通（株）,津和野町内線
山入,津和野町,町営バス（木部線）
津和野駅前,防長交通（株）,東萩駅前〜萩BC〜吉部〜津和野（快速）
津和野駅,石見交通（株）,"津和野線, 津和野町内線"
津和野駅,津和野町,"町営バス（木部線）, 町営バス（名賀線）"
釣川橋,六日市交通（有）,広域線
祇園丁,石見交通（株）,"津和野線, 津和野町内線"
祇園丁,津和野町,"町営バス（木部線）, 町営バス（名賀線）"
今市通口,津和野町,"町営バス（木部線）, 町営バス（名賀線）"
本町入口,津和野町,"町営バス（木部線）, 町営バス（名賀線）"
津和野バスセンター,防長交通（株）,東萩駅前〜萩BC〜吉部〜津和野（快速）
東殿町,津和野町,"町営バス（木部線）, 町営バス（名賀線）"
原手,六日市交通（有）,広域線
殿町,津和野町,"町営バス（木部線）, 町営バス（名賀線）"
殿町,石見交通（株）,"津和野線, 津和野町内線"
田代,津和野町,町営バス（名賀線）
稲成下,石見交通（株）,"津和野線, 津和野町内線"
稲成下,津和野町,"町営バス（木部線）, 町営バス（名賀線）"
共存病院,津和野町,"町営バス（木部線）, 町営バス（名賀線）"
中原,津和野町,町営バス（木部線）
中原,石見交通（株）,津和野町内線
郷土館前,石見交通（株）,"津和野線, 津和野町内線"
郷土館前,津和野町,"町営バス（木部線）, 町営バス（名賀線）"
森,石見交通（株）,"津和野線, 津和野町内線"
森,津和野町,"町営バス（木部線）, 町営バス（名賀線）"
戦,石見交通（株）,津和野町内線
戦,津和野町,町営バス（木部線）
口屋橋,吉賀町,柿木スクールバス　木部谷・大野原線（柿木〜木部谷・大野原）
津和野高校,津和野町,町営バス（木部線）
町田,石見交通（株）,"津和野線, 津和野町内線"
町田,津和野町,"町営バス（木部線）, 町営バス（名賀線）"
喜時雨,石見交通（株）,津和野町内線
喜時雨,津和野町,町営バス（木部線）
鴎外旧居,石見交通（株）,"津和野線, 津和野町内線"
鴎外旧居,津和野町,"町営バス（木部線）, 町営バス（名賀線）"
細尾,吉賀町,柿木スクールバス　木部谷・大野原線（柿木〜木部谷・大野原）
徳次,津和野町,町営バス（名賀線）
法師淵,六日市交通（有）,広域線
集会所前,津和野町,町営バス（名賀線）
土木事業所前,石見交通（株）,"津和野線, 津和野町内線"
土木事業所前,津和野町,"町営バス（木部線）, 町営バス（名賀線）"
清水,石見交通（株）,"津和野線, 津和野町内線"
清水,津和野町,町営バス（木部線）
新橋,石見交通（株）,"津和野線, 津和野町内線"
新橋,津和野町,町営バス（木部線）
木尾谷,津和野町,町営バス（名賀線）
徳次中,津和野町,町営バス（名賀線）
鷲原,石見交通（株）,"津和野線, 津和野町内線"
鷲原,津和野町,町営バス（木部線）
中座会館前,津和野町,町営バス（名賀線）
鷲原公園前,石見交通（株）,"津和野線, 津和野町内線"
鷲原公園前,津和野町,町営バス（木部線）
杉山橋,六日市交通（有）,広域線
中間,吉賀町,柿木スクールバス　木部谷・大野原線（柿木〜木部谷・大野原）
下白谷,六日市交通（有）,広域線
風呂屋橋,石見交通（株）,"津和野線, 津和野町内線"
風呂屋橋,津和野町,町営バス（木部線）
中座1,津和野町,町営バス（名賀線）
津和野温泉,石見交通（株）,"津和野線, 津和野町内線"
津和野温泉,津和野町,"町営バス（木部線）, 町営バス（名賀線）"
白谷橋,六日市交通（有）,広域線
下徳次,津和野町,町営バス（名賀線）
風呂屋橋南,津和野町,"町営バス（木部線）, 町営バス（名賀線）"
上白谷,六日市交通（有）,広域線
門林,津和野町,町営バス（名賀線）
猪子山口,吉賀町,柿木スクールバス　木部谷・大野原線（柿木〜木部谷・大野原）
木尾谷口,津和野町,町営バス（名賀線）
門林集会所,津和野町,町営バス（名賀線）
新田,六日市交通（有）,高尻線
七瀬,吉賀町,柿木スクールバス　木部谷・大野原線（柿木〜木部谷・大野原）
牧ヶ野,津和野町,町営バス（名賀線）
上高尻,六日市交通（有）,高尻線
白井下,津和野町,町営バス（名賀線）
下柿木,六日市交通（有）,広域線
宮の下,六日市交通（有）,高尻線
高峯,津和野町,町営バス（名賀線）
寺の谷,吉賀町,柿木スクールバス　木部谷・大野原線（柿木〜木部谷・大野原）
上の原,六日市交通（有）,高尻線
旧柿木役場前,六日市交通（有）,広域線
地域センター前,津和野町,町営バス（名賀線）
柿木,六日市交通（有）,広域線
柿木,吉賀町,"柿木スクールバス　椛谷線（柿木〜椛谷）, 柿木スクールバス　木部谷・大野原線（柿木〜木部谷・大野原）"
栗木,吉賀町,柿木スクールバス　椛谷線（柿木〜椛谷）
坂本,吉賀町,柿木スクールバス　椛谷線（柿木〜椛谷）
宮の下,吉賀町,柿木スクールバス　木部谷・大野原線（柿木〜木部谷・大野原）
宇藤谷,六日市交通（有）,高尻線
東柿木,六日市交通（有）,広域線
白井,津和野町,町営バス（名賀線）
柿木温泉口,六日市交通（有）,広域線
柿木温泉口,吉賀町,柿木スクールバス　木部谷・大野原線（柿木〜木部谷・大野原）
鮎ヶ瀬,六日市交通（有）,広域線
鮎ヶ瀬,吉賀町,柿木スクールバス　木部谷・大野原線（柿木〜木部谷・大野原）
樋谷口,六日市交通（有）,高尻線
月瀬,六日市交通（有）,広域線
月瀬,吉賀町,柿木スクールバス　木部谷・大野原線（柿木〜木部谷・大野原）
柏原,六日市交通（有）,高尻線
下木部,吉賀町,柿木スクールバス　木部谷・大野原線（柿木〜木部谷・大野原）
伊豆原,吉賀町,柿木スクールバス　椛谷線（柿木〜椛谷）
小田橋,六日市交通（有）,高尻線
木部谷口,吉賀町,柿木スクールバス　木部谷・大野原線（柿木〜木部谷・大野原）
木部谷橋,六日市交通（有）,広域線
木部谷橋,吉賀町,柿木スクールバス　木部谷・大野原線（柿木〜木部谷・大野原）
亀田,吉賀町,柿木スクールバス　椛谷線（柿木〜椛谷）
向津,吉賀町,柿木スクールバス　木部谷・大野原線（柿木〜木部谷・大野原）
桜原,六日市交通（有）,高尻線
神通橋,六日市交通（有）,広域線
神通橋,吉賀町,柿木スクールバス　木部谷・大野原線（柿木〜木部谷・大野原）
中組,吉賀町,柿木スクールバス　木部谷・大野原線（柿木〜木部谷・大野原）
石見福川,吉賀町,柿木スクールバス　椛谷線（柿木〜椛谷）
下高尻,六日市交通（有）,高尻線
三之瀬,吉賀町,柿木スクールバス　椛谷線（柿木〜椛谷）
平野,吉賀町,柿木スクールバス　椛谷線（柿木〜椛谷）
高尻,六日市交通（有）,高尻線
殿明,吉賀町,柿木スクールバス　木部谷・大野原線（柿木〜木部谷・大野原）
古本,吉賀町,柿木スクールバス　椛谷線（柿木〜椛谷）
菅原,吉賀町,柿木スクールバス　椛谷線（柿木〜椛谷）
明地,六日市交通（有）,高尻線
柿木南口,六日市交通（有）,広域線
柿木南口,吉賀町,柿木スクールバス　木部谷・大野原線（柿木〜木部谷・大野原）
松原橋,吉賀町,柿木スクールバス　椛谷線（柿木〜椛谷）
巾井谷,六日市交通（有）,高尻線
桟敷口,六日市交通（有）,広域線
茂土路,吉賀町,柿木スクールバス　椛谷線（柿木〜椛谷）
石見田丸,六日市交通（有）,広域線
椛谷口,吉賀町,柿木スクールバス　椛谷線（柿木〜椛谷）
大和田橋,六日市交通（有）,高尻線
七村,六日市交通（有）,広域線
七村橋,六日市交通（有）,広域線
椛谷,吉賀町,柿木スクールバス　椛谷線（柿木〜椛谷）
上椛谷,吉賀町,柿木スクールバス　椛谷線（柿木〜椛谷）
皆富,六日市交通（有）,高尻線
深谷大橋,六日市交通（有）,蔵木線
深谷大橋,岩国市,"岩国生活交通バス：高根線, 寂地線"
上ヶ原,吉賀町,柿木スクールバス　椛谷線（柿木〜椛谷）
抜月橋,六日市交通（有）,広域線
上初見,六日市交通（有）,蔵木線
下七日市,六日市交通（有）,"蓼野線, 高尻線, 六七線, 広域線"
中七日市,六日市交通（有）,"六七線, 広域線"
初見,六日市交通（有）,蔵木線
上七日市,六日市交通（有）,"高尻線, 六七線, 広域線"
京良瀬,吉賀町,柿木スクールバス　椛谷線（柿木〜椛谷）
高根口,六日市交通（有）,蔵木線
朝倉坂折,六日市交通（有）,"高尻線, 六七線, 広域線"
新田,六日市交通（有）,蔵木線
下田野原,六日市交通（有）,蔵木線
田野原,六日市交通（有）,蔵木線
誓立寺,六日市交通（有）,蔵木線
下院身,六日市交通（有）,蓼野線
西立戸,六日市交通（有）,"高尻線, 六七線, 広域線"
上樋口,六日市交通（有）,蔵木線
中河内,吉賀町,柿木スクールバス　椛谷線（柿木〜椛谷）
立戸,六日市交通（有）,"蓼野線, 高尻線, 六七線, 広域線"
石見樋口,六日市交通（有）,蔵木線
樋の口,六日市交通（有）,蓼野線
院身,六日市交通（有）,蓼野線
奥仲,六日市交通（有）,蓼野線
妙見前,六日市交通（有）,蔵木線
寺の下,六日市交通（有）,蓼野線
星坂口,六日市交通（有）,蔵木線
石見野田,六日市交通（有）,蓼野線
本蔵木,六日市交通（有）,蔵木線
石見朝倉,六日市交通（有）,"蓼野線, 六七線"
星坂,六日市交通（有）,蔵木線
広石口,六日市交通（有）,"蓼野線, 高尻線, 六七線, 広域線"
蔵木,六日市交通（有）,蔵木線
星坂中,六日市交通（有）,蔵木線
光長,六日市交通（有）,"蓼野線, 六七線"
重則,六日市交通（有）,蔵木線
石見広尾,六日市交通（有）,"蓼野線, 六七線"
石見山田,六日市交通（有）,"蓼野線, 広域線"
蓼野口,六日市交通（有）,蓼野線
下重則,六日市交通（有）,蔵木線
仲の原,六日市交通（有）,蓼野線
河内口,六日市交通（有）,蓼野線
注連川,六日市交通（有）,"蓼野線, 六七線"
九郎原,六日市交通（有）,蔵木線
畑詰,六日市交通（有）,蔵木線
有綱,六日市交通（有）,蔵木線
大新田,六日市交通（有）,"蓼野線, 高尻線, 六七線, 広域線"
蓼野,六日市交通（有）,蓼野線
石見中村,六日市交通（有）,蓼野線
有飯,六日市交通（有）,蔵木線
新宮神社前,六日市交通（有）,蔵木線
六日市病院,六日市交通（有）,"蔵木線, 蓼野線, 高尻線, 広域線"
馬橋,六日市交通（有）,"高尻線, 広域線"
むいかいち温泉ゆ・ら・ら,六日市交通（有）,"蔵木線, 蓼野線, 高尻線, 広域線"
六日市病院前,六日市交通（有）,"蔵木線, 蓼野線, 高尻線, 広域線"
蔵木口,六日市交通（有）,"蔵木線, 蓼野線, 広域線"
蔵木口,岩国市,岩国生活交通バス：六日市市
六日市駅,六日市交通（有）,"蔵木線, 蓼野線, 高尻線, 六七線, 広域線"
六日市駅,岩国市,岩国生活交通バス：六日市市
黒渕,吉賀町,柿木スクールバス　椛谷線（柿木〜椛谷）
六日市本町,六日市交通（有）,"蓼野線, 高尻線, 広域線"
上沢田,六日市交通（有）,"蓼野線, 広域線"
六日市新町,六日市交通（有）,"六七線, 広域線"
上尾真田,岩国市,岩国生活交通バス：六日市市
河山,六日市交通（有）,蓼野線
立河内,岩国市,岩国生活交通バス：六日市市
小河内,六日市交通（有）,蓼野線
立河内上,岩国市,岩国生活交通バス：六日市市
中将,吉賀町,柿木スクールバス　椛谷線（柿木〜椛谷）
亀原,岩国市,岩国生活交通バス：六日市市
国重橋,六日市交通（有）,蓼野線
キャンプ場入口,吉賀町,柿木スクールバス　椛谷線（柿木〜椛谷）
幸地,岩国市,岩国生活交通バス：六日市市
畑,岩国市,岩国生活交通バス：六日市市
傍示,岩国市,岩国生活交通バス：六日市市
捨河内,六日市交通（有）,蓼野線
宇受賀三叉路,隠岐海士交通（株）,豊田線
宇受賀豊子,隠岐海士交通（株）,豊田線
明屋入口,隠岐海士交通（株）,豊田線
金光寺入口,隠岐海士交通（株）,豊田線
海士郵便局前,隠岐海士交通（株）,豊田線
北分十字路,隠岐海士交通（株）,豊田線
豊田,隠岐海士交通（株）,豊田線
隠岐汽船乗り場,隠岐海士交通（株）,"豊田線, 海士島線"
海士小学校前,隠岐海士交通（株）,豊田線
高校下,隠岐海士交通（株）,"豊田線, 海士島線"
菱浦入口,隠岐海士交通（株）,"豊田線, 海士島線"
菱浦郵便局,隠岐海士交通（株）,"豊田線, 海士島線"
桑本商店前,隠岐海士交通（株）,"豊田線, 海士島線"
東,隠岐海士交通（株）,豊田線
東車庫前,隠岐海士交通（株）,"豊田線, 海士島線"
福井小学校前,隠岐海士交通（株）,"豊田線, 海士島線"
隠岐神社前,隠岐海士交通（株）,"豊田線, 海士島線"
役場前,隠岐海士交通（株）,"豊田線, 海士島線"
海士診療所,隠岐海士交通（株）,"豊田線, 海士島線"
中里十字路,隠岐海士交通（株）,"豊田線, 海士島線"
中学校東入口,隠岐海士交通（株）,"豊田線, 海士島線"
福井分かれ,隠岐海士交通（株）,"豊田線, 海士島線"
中学校前,隠岐海士交通（株）,"豊田線, 海士島線"
福井,隠岐海士交通（株）,"豊田線, 海士島線"
西公園,隠岐海士交通（株）,"豊田線, 海士島線"
西,隠岐海士交通（株）,"豊田線, 海士島線"
西入口,隠岐海士交通（株）,"豊田線, 海士島線"
保々見,隠岐海士交通（株）,海士島線
日ノ津,隠岐海士交通（株）,海士島線
知々井,隠岐海士交通（株）,海士島線
御波,隠岐海士交通（株）,海士島線
御波入り口,隠岐海士交通（株）,海士島線
日須賀,隠岐海士交通（株）,海士島線
多井入口,隠岐海士交通（株）,海士島線
崎港,隠岐海士交通（株）,海士島線
崎入口,隠岐海士交通（株）,海士島線
宇賀,西ノ島町,隠岐・西ノ島『町営バス』
倉ノ谷,西ノ島町,隠岐・西ノ島『町営バス』
物井,西ノ島町,隠岐・西ノ島『町営バス』
別府交通センター,西ノ島町,隠岐・西ノ島『町営バス』
美田尻,西ノ島町,隠岐・西ノ島『町営バス』
隠岐汽船,西ノ島町,隠岐・西ノ島『町営バス』
外浜,西ノ島町,隠岐・西ノ島『町営バス』
島前病院,西ノ島町,隠岐・西ノ島『町営バス』
小中学校,西ノ島町,隠岐・西ノ島『町営バス』
船越,西ノ島町,隠岐・西ノ島『町営バス』
小向,西ノ島町,隠岐・西ノ島『町営バス』
ダム入口,西ノ島町,隠岐・西ノ島『町営バス』
大津,西ノ島町,隠岐・西ノ島『町営バス』
国賀,西ノ島町,隠岐・西ノ島『町営バス』
大山,西ノ島町,隠岐・西ノ島『町営バス』
市部,西ノ島町,隠岐・西ノ島『町営バス』
図書館前,西ノ島町,隠岐・西ノ島『町営バス』
由良車庫,西ノ島町,隠岐・西ノ島『町営バス』
浦郷,西ノ島町,隠岐・西ノ島『町営バス』
浦郷観光船乗り場前,西ノ島町,隠岐・西ノ島『町営バス』
つる丸,西ノ島町,隠岐・西ノ島『町営バス』
町民プール,西ノ島町,隠岐・西ノ島『町営バス』
西ノ島町役場,西ノ島町,隠岐・西ノ島『町営バス』
赤ノ江,西ノ島町,隠岐・西ノ島『町営バス』
波止,西ノ島町,隠岐・西ノ島『町営バス』
珍崎,西ノ島町,隠岐・西ノ島『町営バス』
三度,西ノ島町,隠岐・西ノ島『町営バス』
白島入口,隠岐一畑交通（株）,中村線
西村,隠岐一畑交通（株）,中村線
伊後,隠岐一畑交通（株）,中村線
中村,隠岐一畑交通（株）,中村線
水源地,隠岐一畑交通（株）,中村線
飯美,隠岐一畑交通（株）,布施線
布施,隠岐一畑交通（株）,布施線
五箇支所,隠岐一畑交通（株）,五箇線
診療所前,隠岐一畑交通（株）,五箇線
学校前,隠岐一畑交通（株）,五箇線
落合橋,隠岐一畑交通（株）,五箇線
福浦,隠岐一畑交通（株）,五箇線
水若酢神社,隠岐一畑交通（株）,五箇線
卯敷,隠岐一畑交通（株）,布施線
かぶら杉,隠岐一畑交通（株）,中村線
那久路入口,隠岐一畑交通（株）,五箇線
願満寺,隠岐一畑交通（株）,五箇線
大久,隠岐一畑交通（株）,布施線
蔵田,隠岐の島町,都万西部線
近石橋,隠岐一畑交通（株）,五箇線
油井,隠岐の島町,都万西部線
御客神社前,隠岐一畑交通（株）,中村線
釜,隠岐一畑交通（株）,布施線
蔵見橋,隠岐一畑交通（株）,"五箇線, 中村線"
隠岐高校,隠岐一畑交通（株）,"都万線, 五箇線, 中村線, 隠岐高校線"
有木,隠岐一畑交通（株）,隠岐高校線
国分寺前,隠岐一畑交通（株）,隠岐高校線
水産高校,隠岐一畑交通（株）,"布施線, 水産高校線"
国分寺入口,隠岐一畑交通（株）,"五箇線, 中村線"
犬来,隠岐一畑交通（株）,布施線
平新開地,隠岐一畑交通（株）,"循環線, 隠岐高校線"
下飯田,隠岐一畑交通（株）,布施線
歌木,隠岐の島町,都万診療所循環線　歌木線
上那久,隠岐の島町,都万西部線
歌木入口,隠岐の島町,都万診療所循環線　歌木線
南中入口,隠岐一畑交通（株）,循環線
月無入口,隠岐一畑交通（株）,隠岐高校線
南中学校,隠岐一畑交通（株）,都万線
浜那久,隠岐の島町,都万西部線
隠岐病院,隠岐一畑交通（株）,"都万線, 五箇線, 中村線, 布施線, 循環線, 西郷港線, 水産高校線, 隠岐高校線"
栄町,隠岐一畑交通（株）,"布施線, 水産高校線"
役場前,隠岐一畑交通（株）,"都万線, 循環線"
神米,隠岐一畑交通（株）,水産高校線
名田,隠岐一畑交通（株）,"循環線, 水産高校線"
西中入口,隠岐一畑交通（株）,水産高校線
JA前,隠岐一畑交通（株）,"循環線, 水産高校線, 隠岐高校線"
大津久,隠岐の島町,都万西部線
甲の原,隠岐一畑交通（株）,循環線
隠岐一畑交通,隠岐一畑交通（株）,隠岐空港連絡バス
営業所,隠岐一畑交通（株）,"都万線, 五箇線, 中村線, 布施線, 循環線, 西郷港線, 水産高校線, 隠岐高校線"
日吉橋,隠岐一畑交通（株）,"循環線, 西郷港線, 水産高校線, 隠岐高校線"
玉若酢,隠岐一畑交通（株）,都万線
愛の橋,隠岐一畑交通（株）,"循環線, 西郷港線, 水産高校線, 隠岐高校線"
中町,隠岐一畑交通（株）,"循環線, 西郷港線, 水産高校線, 隠岐高校線"
上里集会所前,隠岐の島町,都万西部線
合銀前,隠岐一畑交通（株）,"循環線, 西郷港線, 隠岐高校線"
隠岐ポートプラザ前,隠岐一畑交通（株）,隠岐空港連絡バス
ポートプラザ,隠岐一畑交通（株）,"循環線, 西郷港線, 水産高校線, 隠岐高校線"
塩口,隠岐一畑交通（株）,"循環線, 西郷港線"
向山,隠岐一畑交通（株）,都万線
向山,隠岐の島町,都万西部線
西田,隠岐一畑交通（株）,都万線
役場都万支所,隠岐の島町,都万西部線
診療所前,隠岐の島町,"都万診療所循環線　津戸線, 都万診療所循環線　蛸木線, 都万診療所循環線　歌木線"
JA都万支店前,隠岐の島町,都万西部線
箕浦入口,隠岐一畑交通（株）,都万線
釜屋,隠岐一畑交通（株）,都万線
釜屋,隠岐の島町,"都万診療所循環線　津戸線, 都万診療所循環線　蛸木線, 都万診療所循環線　歌木線"
加茂,隠岐一畑交通（株）,都万線
猫尾,隠岐の島町,"都万診療所循環線　津戸線, 都万診療所循環線　蛸木線"
あいらんど,隠岐の島町,"都万診療所循環線　津戸線, 都万診療所循環線　蛸木線"
隠岐空港,隠岐一畑交通（株）,隠岐空港連絡バス
町営バス待合所,隠岐の島町,都万診療所循環線　津戸線
津戸,隠岐一畑交通（株）,都万線
津戸バス待合所,隠岐の島町,都万診療所循環線　津戸線
蛸木,隠岐一畑交通（株）,都万線
蛸木1,隠岐の島町,都万診療所循環線　蛸木線
蛸木2,隠岐の島町,都万診療所循環線　蛸木線
