停留所名,事業者名,バス系統
石越,中鉄北部バス（株）,奥津温泉・石越線
才の神,中鉄北部バス（株）,奥津温泉・石越線
上斎原発電所前,中鉄北部バス（株）,奥津温泉・石越線
横原,中鉄北部バス（株）,奥津温泉・石越線
上斎原上,中鉄北部バス（株）,奥津温泉・石越線
上齋原振興センター,中鉄北部バス（株）,上齋原-マルナカ線
上斎原,中鉄北部バス（株）,奥津温泉・石越線
上斎原下,中鉄北部バス（株）,奥津温泉・石越線
上齋原下,中鉄北部バス（株）,上齋原-マルナカ線
美土地,中鉄北部バス（株）,"奥津温泉・石越線, 上齋原-マルナカ線"
大杉公会堂,津山市,市営阿波バス
明王寺口,中鉄北部バス（株）,"奥津温泉・石越線, 上齋原-マルナカ線"
下斎原,中鉄北部バス（株）,"奥津温泉・石越線, 上齋原-マルナカ線"
山戸原,中鉄北部バス（株）,"奥津温泉・石越線, 上齋原-マルナカ線"
引田,中鉄北部バス（株）,"奥津温泉・石越線, 上齋原-マルナカ線"
お宮橋,中鉄北部バス（株）,"奥津温泉・石越線, 上齋原-マルナカ線"
長藤コミュニティーハウス,中鉄北部バス（株）,上齋原-マルナカ線
阿波出張所前,津山市,市営阿波バス
奥津公民館前,中鉄北部バス（株）,"奥津温泉・石越線, 上齋原-マルナカ線"
細田,中鉄北部バス（株）,"奥津温泉・石越線, 上齋原-マルナカ線"
越畑上,鏡野町,町営バス　越畑線
水原橋,中鉄北部バス（株）,"奥津温泉・石越線, 上齋原-マルナカ線"
越畑中,鏡野町,町営バス　越畑線
奥津温泉,中鉄北部バス（株）,"奥津温泉・石越線, 上齋原-マルナカ線"
奥津局前,中鉄北部バス（株）,"奥津温泉・石越線, 上齋原-マルナカ線"
石割桜,中鉄北部バス（株）,"奥津温泉・石越線, 上齋原-マルナカ線"
ほこのはら,加茂観光バス（有）,黒木線
越畑,鏡野町,町営バス　越畑線
小畑,中鉄北部バス（株）,"奥津温泉・石越線, 上齋原-マルナカ線"
小畑コミュニティハウス,中鉄北部バス（株）,上齋原-マルナカ線
物見奥,加茂観光バス（有）,物見線
ふるさと村前,鏡野町,町営バス　越畑線
黒木中,加茂観光バス（有）,黒木線
物見北,加茂観光バス（有）,物見線
踊堂,中鉄北部バス（株）,上齋原-マルナカ線
大将軍,加茂観光バス（有）,物見線
暮床,加茂観光バス（有）,黒木線
河井橋,加茂観光バス（有）,物見線
青柳,加茂観光バス（有）,青柳線
山下,加茂観光バス（有）,物見線
美作河井駅,津山市,市営阿波バス
青柳中村,加茂観光バス（有）,青柳線
上阿曽集会所前,中鉄北部バス（株）,上齋原-マルナカ線
大ヶ原,加茂観光バス（有）,物見線
阿曽,中鉄北部バス（株）,"奥津温泉・石越線, 上齋原-マルナカ線"
徳藤,鏡野町,町営バス　越畑線
戸賀上,加茂観光バス（有）,黒木線
小山入口,中鉄北部バス（株）,上齋原-マルナカ線
小山口,中鉄北部バス（株）,"奥津温泉・石越線, 上齋原-マルナカ線"
布江集会所前,中鉄北部バス（株）,上齋原-マルナカ線
室尾,加茂観光バス（有）,青柳線
知和保育園,加茂観光バス（有）,物見線
落合橋,中鉄北部バス（株）,"奥津温泉・石越線, 上齋原-マルナカ線"
上加茂農協,加茂観光バス（有）,物見線
知和駅,加茂観光バス（有）,物見線
岩屋,鏡野町,町営バス　越畑線
戸賀,加茂観光バス（有）,黒木線
奥津振興センター前,中鉄北部バス（株）,"奥津温泉・石越線, 上齋原-マルナカ線"
青柳口,加茂観光バス（有）,"青柳線, 物見線"
岡本,加茂観光バス（有）,原口線
宇野,加茂観光バス（有）,原口線
原口下,加茂観光バス（有）,原口線
宇野橋,加茂観光バス（有）,原口線
原口上,加茂観光バス（有）,原口線
至孝農,中鉄北部バス（株）,"奥津温泉・石越線, 上齋原-マルナカ線"
ライスセンター,加茂観光バス（有）,"黒木線, 原口線"
斎野谷,加茂観光バス（有）,"黒木線, 原口線"
君山三坂,新見市,市営バス　大井野線
加茂苑,加茂観光バス（有）,黒木線
へこくら橋,鏡野町,町営バス　越畑線
奥津中学校前,中鉄北部バス（株）,奥津温泉・石越線
［旧］奥津中学校前,中鉄北部バス（株）,上齋原-マルナカ線
塔中上,加茂観光バス（有）,"青柳線, 物見線"
小中原公会堂,中鉄北部バス（株）,ごんご加茂線
めぐみ荘,加茂観光バス（有）,黒木線
めぐみ荘,中鉄北部バス（株）,ごんご加茂線
めぐみ荘,津山市,市営阿波バス
加茂支所,加茂観光バス（有）,"黒木線, 行重線, 青柳線, 物見線, 下津川線"
加茂支所,中鉄北部バス（株）,ごんご加茂線
加茂支所前,津山市,市営阿波バス
加茂保育園,加茂観光バス（有）,黒木線
加茂小,加茂観光バス（有）,下津川線
加茂小学校,津山市,市営阿波バス
岸本橋,加茂観光バス（有）,行重線
岸本橋,津山市,市営阿波バス
女原,中鉄北部バス（株）,"奥津温泉・石越線, 上齋原-マルナカ線"
町民グランド,加茂観光バス（有）,行重線
西農協,加茂観光バス（有）,行重線
桑原上,加茂観光バス（有）,下津川線
百々,加茂観光バス（有）,行重線
君山,新見市,市営バス　大井野線
加茂中学校,津山市,市営阿波バス
東西橋,加茂観光バス（有）,下津川線
東西橋,津山市,市営阿波バス
宗重,鏡野町,町営バス　越畑線
駅見橋入口,中鉄北部バス（株）,ごんご加茂線
キシヤ前,中鉄北部バス（株）,ごんご加茂線
湯元,加茂観光バス（有）,行重線
杉橋,中鉄北部バス（株）,"奥津温泉・石越線, 上齋原-マルナカ線"
だ阿,加茂観光バス（有）,行重線
西屋,中鉄北部バス（株）,"奥津温泉・石越線, 上齋原-マルナカ線"
鳥川,鏡野町,町営バス　越畑線
加茂駅,加茂観光バス（有）,下津川線
加茂駅前,中鉄北部バス（株）,ごんご加茂線
林家住宅,美作市,東粟倉バス（大原病院〜後山）
妙見神社口,美作市,東粟倉バス（大原病院〜後山）
栃岡上,美作市,東粟倉バス（大原病院〜後山）
新見千屋温泉,備北バス（株）,"千屋温泉〜仲村上〜市役所, 千屋温泉〜別所〜新見駅, 千屋温泉〜仲村上〜新見駅"
中谷集会所上,美作市,東粟倉バス（大原病院〜後山）
楢井前,加茂観光バス（有）,行重線
入谷上,美作市,東粟倉バス（大原病院〜後山）
栃岡下,美作市,東粟倉バス（大原病院〜後山）
中筋上,美作市,東粟倉バス（大原病院〜後山）
藤の木,加茂観光バス（有）,下津川線
道仙寺上,美作市,東粟倉バス（大原病院〜後山）
中林口,鏡野町,町営バス　越畑線
入谷中,美作市,東粟倉バス（大原病院〜後山）
箱岩橋,中鉄北部バス（株）,"奥津温泉・石越線, 上齋原-マルナカ線"
藤の木公会堂,中鉄北部バス（株）,ごんご加茂線
下行重,加茂観光バス（有）,行重線
入谷下,美作市,東粟倉バス（大原病院〜後山）
愛の村パーク入口,美作市,東粟倉バス（大原病院〜後山）
大倉バス停,（有）中田石油店,乗合タクシー富・勝山線
沖田,加茂観光バス（有）,下津川線
花見,備北バス（株）,"千屋温泉〜仲村上〜市役所, 千屋温泉〜別所〜新見駅, 千屋温泉〜仲村上〜新見駅"
高下橋,美作市,東粟倉バス（大原病院〜後山）
大町,鏡野町,町営バス　越畑線
後山,（株）美作共同バス,"後山ー太田ー大原駅, 後山ー大原駅ー大原中学校前"
中筋下,美作市,東粟倉バス（大原病院〜後山）
大橋,加茂観光バス（有）,行重線
正念寺,加茂観光バス（有）,下津川線
正念寺,中鉄北部バス（株）,ごんご加茂線
後山神社前,（株）美作共同バス,"後山ー太田ー大原駅, 後山ー大原駅ー大原中学校前"
道仙寺口,美作市,東粟倉バス（大原病院〜後山）
富振興センター前,（有）中田石油店,乗合タクシー富・勝山線
富振興センター前（共同バス）,鏡野町,津山・富線共同バス
公郷,中鉄北部バス（株）,ごんご加茂線
中谷口,美作市,東粟倉バス（大原病院〜後山）
中谷口,（株）美作共同バス,"後山ー太田ー大原駅, 後山ー大原駅ー大原中学校前"
毛戸,美作市,東粟倉バス（大原病院〜後山）
毛戸,（株）美作共同バス,"後山ー太田ー大原駅, 後山ー大原駅ー大原中学校前"
伏谷,新見市,市営バス　大井野線
下ヶ市（新見市）,備北バス（株）,"千屋温泉〜仲村上〜市役所, 千屋温泉〜別所〜新見駅, 千屋温泉〜仲村上〜新見駅"
東谷,鏡野町,津山・富線共同バス
伏谷口,新見市,市営バス　大井野線
奥津川,中鉄北部バス（株）,ごんご勝北線
大日口,美作市,東粟倉バス（大原病院〜後山）
薬師堂前,鏡野町,町営バス　越畑線
馬桑,中鉄北部バス（株）,"行方・馬桑線（津山〜高野〜行方〜馬桑）, 行方・馬桑線（津山〜籾保〜行方〜馬桑）, 行方・馬桑線（津山〜行方〜馬桑）"
香北農協前,鏡野町,町営バス　越畑線
山口,鏡野町,津山・富線共同バス
奥津川集会所,津山市,市営勝北バス（奥津川方面・火曜日）
馬桑中,中鉄北部バス（株）,"行方・馬桑線（津山〜高野〜行方〜馬桑）, 行方・馬桑線（津山〜籾保〜行方〜馬桑）, 行方・馬桑線（津山〜行方〜馬桑）"
本坂上,備北バス（株）,"千屋温泉〜仲村上〜市役所, 千屋温泉〜別所〜新見駅, 千屋温泉〜仲村上〜新見駅"
香北局前,鏡野町,町営バス　越畑線
東青野,美作市,東粟倉バス（大原病院〜後山）
東青野,（株）美作共同バス,"後山ー太田ー大原駅, 後山ー大原駅ー大原中学校前"
馬桑下,中鉄北部バス（株）,"行方・馬桑線（津山〜高野〜行方〜馬桑）, 行方・馬桑線（津山〜籾保〜行方〜馬桑）, 行方・馬桑線（津山〜行方〜馬桑）"
大原,鏡野町,津山・富線共同バス
久田,中鉄北部バス（株）,"奥津温泉・石越線, 上齋原-マルナカ線"
渡,鏡野町,津山・富線共同バス
下原,加茂観光バス（有）,下津川線
岩滝上,鏡野町,町営バス　越畑線
本坂,備北バス（株）,"千屋温泉〜仲村上〜市役所, 千屋温泉〜別所〜新見駅, 千屋温泉〜仲村上〜新見駅"
梅谷,鏡野町,津山・富線共同バス
野原上,美作市,東粟倉バス（大原病院〜後山）
商工会所前,（株）美作共同バス,後山ー大原駅ー大原中学校前
商工会前,（株）美作共同バス,後山ー太田ー大原駅
大中バス停,（有）中田石油店,乗合タクシー富・勝山線
井原,備北バス（株）,"千屋温泉〜仲村上〜市役所, 千屋温泉〜仲村上〜新見駅"
仲村上,備北バス（株）,"千屋温泉〜仲村上〜市役所, 千屋温泉〜仲村上〜新見駅"
下津川中,中鉄北部バス（株）,ごんご勝北線
下津川,加茂観光バス（有）,下津川線
下津川,中鉄北部バス（株）,ごんご加茂線
野原中,美作市,東粟倉バス（大原病院〜後山）
休石,備北バス（株）,"千屋温泉〜仲村上〜市役所, 千屋温泉〜別所〜新見駅, 千屋温泉〜仲村上〜新見駅"
岩滝,鏡野町,町営バス　越畑線
谷口,鏡野町,津山・富線共同バス
太田,（株）美作共同バス,"後山ー太田ー大原駅, 後山ー大原駅ー大原中学校前"
小坂上,中鉄北部バス（株）,"行方・馬桑線（津山〜高野〜行方〜馬桑）, 行方・馬桑線（津山〜籾保〜行方〜馬桑）, 行方・馬桑線（津山〜行方〜馬桑）"
東粟倉総合支所,美作市,東粟倉バス（大原病院〜後山）
太田コミュニティハウス,美作市,東粟倉バス（大原病院〜後山）
相文,備北バス（株）,"千屋温泉〜仲村上〜市役所, 千屋温泉〜別所〜新見駅, 千屋温泉〜仲村上〜新見駅"
上横野,中鉄北部バス（株）,津山〜上横野線
槙山,美作市,大原バス（大原線）
馬橋,鏡野町,町営バス　越畑線
野原口,美作市,東粟倉バス（大原病院〜後山）
野原口,（株）美作共同バス,"後山ー太田ー大原駅, 後山ー大原駅ー大原中学校前"
江ノ原上,美作市,大原バス（大原線）
三浦,中鉄北部バス（株）,"ごんご勝北線, ごんご加茂線"
小坂,中鉄北部バス（株）,"行方・馬桑線（津山〜高野〜行方〜馬桑）, 行方・馬桑線（津山〜籾保〜行方〜馬桑）, 行方・馬桑線（津山〜行方〜馬桑）"
中組,新見市,市営バス　大井野線
中組上,新見市,市営バス　大井野線
横野谷口,中鉄北部バス（株）,津山〜上横野線
江ノ原中,美作市,大原バス（大原線）
日下,鏡野町,町営バス　越畑線
下組,新見市,市営バス　大井野線
小谷,美作市,東粟倉バス（大原病院〜後山）
高橋,鏡野町,津山・富線共同バス
赤松,新見市,市営バス　大井野線
山根,美作市,東粟倉バス（大原病院〜後山）
山根,（株）美作共同バス,"後山ー太田ー大原駅, 後山ー大原駅ー大原中学校前"
成地上,備北バス（株）,"千屋温泉〜仲村上〜市役所, 千屋温泉〜別所〜新見駅, 千屋温泉〜仲村上〜新見駅"
落合橋,津山市,市営勝北バス（広戸方面・水曜日）
金谷,美作市,東粟倉バス（大原病院〜後山）
江ノ原下,美作市,大原バス（大原線）
大岩消防機庫前,津山市,市営勝北バス（広戸方面・水曜日）
大岩,中鉄北部バス（株）,ごんご勝北線
関本,中鉄北部バス（株）,"行方・馬桑線（津山〜高野〜行方〜馬桑）, 行方・馬桑線（津山〜籾保〜行方〜馬桑）, 行方・馬桑線（津山〜行方〜馬桑）"
山路橋,美作市,東粟倉バス（大原病院〜後山）
東吉田,（株）美作共同バス,"後山ー太田ー大原駅, 後山ー大原駅ー大原中学校前"
浜橋,鏡野町,津山・富線共同バス
楠バス停,（有）中田石油店,乗合タクシー富・勝山線
東吉田集落センター,美作市,東粟倉バス（大原病院〜後山）
広戸神社前,中鉄北部バス（株）,ごんご勝北線
下組下,新見市,市営バス　大井野線
成地,備北バス（株）,"千屋温泉〜仲村上〜市役所, 千屋温泉〜別所〜新見駅, 千屋温泉〜仲村上〜新見駅"
円通寺,鏡野町,町営バス　越畑線
妙原,中鉄北部バス（株）,ごんご加茂線
庄田,美作市,大原バス（大原線）
大吉,中鉄北部バス（株）,ごんご勝北線
行方,中鉄北部バス（株）,"行方・馬桑線（津山〜高野〜行方〜馬桑）, 行方・馬桑線（津山〜籾保〜行方〜馬桑）, 行方・馬桑線（津山〜行方〜馬桑）"
広戸北,中鉄北部バス（株）,ごんご勝北線
西村コミュニティ,津山市,市営勝北バス（広戸方面・水曜日）
行方局前,中鉄北部バス（株）,"行方・馬桑線（津山〜高野〜行方〜馬桑）, 行方・馬桑線（津山〜籾保〜行方〜馬桑）, 行方・馬桑線（津山〜行方〜馬桑）"
長原,鏡野町,津山・富線共同バス
矢野,中鉄北部バス（株）,津山〜上横野線
高座,鏡野町,町営バス　中谷線
大成,鏡野町,町営バス　中谷線
八幡,美作市,大原バス（大原線）
行方畝,中鉄北部バス（株）,"行方・馬桑線（津山〜高野〜行方〜馬桑）, 行方・馬桑線（津山〜籾保〜行方〜馬桑）, 行方・馬桑線（津山〜行方〜馬桑）"
反田,備北バス（株）,"千屋温泉〜仲村上〜市役所, 千屋温泉〜別所〜新見駅, 千屋温泉〜仲村上〜新見駅"
寺山,鏡野町,町営バス　中谷線
森重橋,（有）中田石油店,乗合タクシー富・勝山線
川東,（株）美作共同バス,"後山ー太田ー大原駅, 後山ー大原駅ー大原中学校前"
川東上,美作市,東粟倉バス（大原病院〜後山）
案内集会所,津山市,市営勝北バス（広戸方面・水曜日）
楠谷,鏡野町,町営バス　中谷線
藤屋,鏡野町,町営バス　越畑線
西上コミュニティ前,津山市,市営勝北バス（新野方面・月曜日）
高円,中鉄北部バス（株）,"行方・馬桑線（津山〜高野〜行方〜馬桑）, 行方・馬桑線（津山〜籾保〜行方〜馬桑）, 行方・馬桑線（津山〜行方〜馬桑）"
樋谷尻,備北バス（株）,"千屋温泉〜仲村上〜市役所, 千屋温泉〜別所〜新見駅, 千屋温泉〜仲村上〜新見駅"
大倉,鏡野町,町営バス　中谷線
川東コミュニティハウス,美作市,東粟倉バス（大原病院〜後山）
堀坂,中鉄北部バス（株）,ごんご加茂線
黒地,鏡野町,津山・富線共同バス
古町上,美作市,大原バス（大原線）
西上,中鉄北部バス（株）,ごんご勝北線
黒谷口,美作市,大原バス（大原線）
大郷,鏡野町,町営バス　公保田線
馬場,鏡野町,町営バス　公保田線
市場コミュニティ,津山市,市営勝北バス（広戸方面・水曜日）
川東下,美作市,東粟倉バス（大原病院〜後山）
川東下,（株）美作共同バス,"後山ー太田ー大原駅, 後山ー大原駅ー大原中学校前"
藤屋下,鏡野町,町営バス　越畑線
破堂,中鉄北部バス（株）,津山〜上横野線
関屋,中鉄北部バス（株）,"奥津温泉・石越線, 上齋原-マルナカ線"
川東消防機庫東,津山市,市営勝北バス（広戸方面・水曜日）
市場,中鉄北部バス（株）,ごんご勝北線
大原駅,（株）美作共同バス,"大原駅ー湯郷温泉ー勝間田駅, 大原駅ー真加部上ー勝間田駅, 後山ー太田ー大原駅, 後山ー大原駅ー大原中学校前"
岩原,備北バス（株）,"千屋温泉〜仲村上〜市役所, 千屋温泉〜別所〜新見駅, 千屋温泉〜仲村上〜新見駅"
尾根木口,美作市,東粟倉バス（大原病院〜後山）
川東,中鉄北部バス（株）,ごんご勝北線
御洞分れ,新見市,市営バス　大井野線
東夏目池東,津山市,市営勝北バス（新野方面・月曜日）
能登,津山市,市営勝北バス（新野方面・月曜日）
古町中,美作市,大原バス（大原線）
滝尾駅口,中鉄北部バス（株）,ごんご加茂線
久常,中鉄北部バス（株）,"行方・馬桑線（津山〜高野〜行方〜馬桑）, 行方・馬桑線（津山〜籾保〜行方〜馬桑）, 行方・馬桑線（津山〜行方〜馬桑）"
忠野,鏡野町,"町営バス　中谷線, 津山・富線共同バス"
ナギテラス,中鉄北部バス（株）,"行方・馬桑線（津山〜高野〜行方〜馬桑）, 行方・馬桑線（津山〜籾保〜行方〜馬桑）, 行方・馬桑線（津山〜行方〜馬桑）"
馬場,中鉄北部バス（株）,"奥津温泉・石越線, 上齋原-マルナカ線"
尾崎口,美作市,東粟倉バス（大原病院〜後山）
山形公会堂前,津山市,市営勝北バス（奥津川方面・火曜日）
中村,鏡野町,"町営バス　中谷線, 津山・富線共同バス"
大原郵便局,美作市,"大原バス（大原線）, 大原バス（大野線）"
近衛殿,鏡野町,"町営バス　中谷線, 津山・富線共同バス"
西馬場,鏡野町,町営バス　公保田線
塚谷,鏡野町,町営バス　公保田線
原市,備北バス（株）,"千屋温泉〜仲村上〜市役所, 千屋温泉〜別所〜新見駅, 千屋温泉〜仲村上〜新見駅"
桜,津山市,市営勝北バス（奥津川方面・火曜日）
新野桜橋,中鉄北部バス（株）,ごんご勝北線
香々美上,鏡野町,町営バス　越畑線
大原総合支所,美作市,"大原バス（讃甘線）, 大原バス（大原線）, 大原バス（大野線）, 大原バス（大吉線）"
大原病院前,美作市,"大原バス（讃甘線）, 大原バス（大原線）, 大原バス（大野線）, 大原バス（大吉線）, 東粟倉バス（大原病院〜後山）"
大原病院前,（株）美作共同バス,"大原駅ー湯郷温泉ー勝間田駅, 大原駅ー真加部上ー勝間田駅, 後山ー太田ー大原駅, 後山ー大原駅ー大原中学校前"
広岡,中鉄北部バス（株）,"行方・馬桑線（津山〜高野〜行方〜馬桑）, 行方・馬桑線（津山〜籾保〜行方〜馬桑）, 行方・馬桑線（津山〜行方〜馬桑）"
健康づくり公園前,鏡野町,町営バス　公保田線
大原保健センター,美作市,"大原バス（讃甘線）, 大原バス（大原線）, 大原バス（大野線）, 大原バス（大吉線）"
山田口,中鉄北部バス（株）,津山〜上横野線
高座口,鏡野町,"町営バス　中谷線, 津山・富線共同バス"
山形西,中鉄北部バス（株）,ごんご勝北線
赤野,鏡野町,町営バス　公保田線
十田,中鉄北部バス（株）,高田循環線
広岡西,中鉄北部バス（株）,"行方・馬桑線（津山〜高野〜行方〜馬桑）, 行方・馬桑線（津山〜籾保〜行方〜馬桑）, 行方・馬桑線（津山〜行方〜馬桑）"
JA勝英英北支店,美作市,"大原バス（讃甘線）, 大原バス（大野線）, 大原バス（大吉線）"
滝本局前,中鉄北部バス（株）,"行方・馬桑線（津山〜高野〜行方〜馬桑）, 行方・馬桑線（津山〜籾保〜行方〜馬桑）, 行方・馬桑線（津山〜行方〜馬桑）"
東町上,美作市,大原バス（讃甘線）
北吉野,中鉄北部バス（株）,"行方・馬桑線（津山〜高野〜行方〜馬桑）, 行方・馬桑線（津山〜籾保〜行方〜馬桑）, 行方・馬桑線（津山〜行方〜馬桑）"
自衛隊前,中鉄北部バス（株）,"行方・馬桑線（津山〜高野〜行方〜馬桑）, 行方・馬桑線（津山〜籾保〜行方〜馬桑）, 行方・馬桑線（津山〜行方〜馬桑）"
香々美,鏡野町,町営バス　越畑線
落合,津山市,市営勝北バス（奥津川方面・火曜日）
山形,中鉄北部バス（株）,ごんご勝北線
塚谷口,中鉄北部バス（株）,奥津温泉・石越線
梶並,美作市,勝田バス（梶並〜津山市）
つづら畑口,新見市,市営バス　大井野線
古屋橋,鏡野町,津山・富線共同バス
滝谷団地,美作市,大原バス（大野線）
小田草神社入口,中鉄北部バス（株）,上齋原-マルナカ線
綾部,中鉄北部バス（株）,ごんご加茂線
貞永寺,鏡野町,町営バス　公保田線
高田,中鉄北部バス（株）,"高田循環線, 津山〜上横野線"
西中上公会堂前,津山市,市営勝北バス（新野方面・月曜日）
上町川,中鉄北部バス（株）,"行方・馬桑線（津山〜高野〜行方〜馬桑）, 行方・馬桑線（津山〜籾保〜行方〜馬桑）, 行方・馬桑線（津山〜行方〜馬桑）"
菅間,備北バス（株）,"千屋温泉〜仲村上〜市役所, 千屋温泉〜別所〜新見駅, 千屋温泉〜仲村上〜新見駅"
極楽寺入口,中鉄北部バス（株）,上齋原-マルナカ線
雪見橋,美作市,大原バス（讃甘線）
雪見橋,（株）美作共同バス,"大原駅ー湯郷温泉ー勝間田駅, 大原駅ー真加部上ー勝間田駅, 後山ー大原駅ー大原中学校前"
金龍寺,美作市,大原バス（讃甘線）
土居東,鏡野町,町営バス　公保田線
羽賀コミュニティ,津山市,市営勝北バス（広戸方面・水曜日）
高田幼稚園前,中鉄北部バス（株）,"高田循環線, 津山〜上横野線"
羽賀,中鉄北部バス（株）,ごんご勝北線
西田辺,中鉄北部バス（株）,津山〜西田辺線
影,鏡野町,"町営バス　中谷線, 津山・富線共同バス"
山形中,中鉄北部バス（株）,ごんご勝北線
余野上,鏡野町,津山・富線共同バス
横野農協前,中鉄北部バス（株）,津山〜上横野線
神事場北,津山市,市営勝北バス（奥津川方面・火曜日）
金原,中鉄北部バス（株）,高田循環線
加勢坂,備北バス（株）,"千屋温泉〜仲村上〜市役所, 千屋温泉〜別所〜新見駅, 千屋温泉〜仲村上〜新見駅"
国広,中鉄北部バス（株）,高田循環線
くどく,美作市,大原バス（讃甘線）
古実里,鏡野町,"町営バス　中谷線, 津山・富線共同バス"
上森原,中鉄北部バス（株）,奥津温泉・石越線
上小座,鏡野町,町営バス　公保田線
日本原東,中鉄北部バス（株）,"行方・馬桑線（津山〜高野〜行方〜馬桑）, 行方・馬桑線（津山〜籾保〜行方〜馬桑）, 行方・馬桑線（津山〜行方〜馬桑）"
さくらそう前,中鉄北部バス（株）,上齋原-マルナカ線
井上歯科,津山市,"市営勝北バス（奥津川方面・火曜日）, 市営勝北バス（広戸方面・水曜日）, 市営勝北バス（勝加茂方面・金曜日）"
楮原,鏡野町,町営バス　越畑線
湯指,鏡野町,"町営バス　中谷線, 津山・富線共同バス"
定藤,新見市,市営バス　大井野線
大坪,美作市,大原バス（讃甘線）
竹山団地,美作市,大原バス（大野線）
日本原,中鉄北部バス（株）,"行方・馬桑線（津山〜高野〜行方〜馬桑）, 行方・馬桑線（津山〜籾保〜行方〜馬桑）, 行方・馬桑線（津山〜行方〜馬桑）"
楮口,美作市,勝田バス（梶並〜津山市）
高田神社前,中鉄北部バス（株）,高田循環線
和田,鏡野町,町営バス　公保田線
中町,（株）美作共同バス,"大原駅ー湯郷温泉ー勝間田駅, 大原駅ー真加部上ー勝間田駅, 後山ー大原駅ー大原中学校前"
幸の宮前,中鉄北部バス（株）,津山〜西田辺線
西山上,中鉄北部バス（株）,ごんご加茂線
中谷,鏡野町,"町営バス　中谷線, 津山・富線共同バス"
西中,中鉄北部バス（株）,ごんご勝北線
幼児園前,備北バス（株）,"千屋温泉〜仲村上〜市役所, 千屋温泉〜別所〜新見駅, 千屋温泉〜仲村上〜新見駅"
高田神社入口,中鉄北部バス（株）,津山〜上横野線
日本原病院,津山市,"市営勝北バス（新野方面・月曜日）, 市営勝北バス（奥津川方面・火曜日）, 市営勝北バス（広戸方面・水曜日）, 市営勝北バス（勝加茂方面・金曜日）"
和田橋,鏡野町,町営バス　越畑線
中入,鏡野町,"町営バス　中谷線, 津山・富線共同バス"
市場,鏡野町,町営バス　公保田線
東田辺,中鉄北部バス（株）,津山〜西田辺線
JA勝北支店前,津山市,"市営勝北バス（新野方面・月曜日）, 市営勝北バス（奥津川方面・火曜日）"
中町下,美作市,"大原バス（讃甘線）, 大原バス（大野線）, 大原バス（大吉線）"
中町下,（株）美作共同バス,"大原駅ー湯郷温泉ー勝間田駅, 大原駅ー真加部上ー勝間田駅, 後山ー大原駅ー大原中学校前"
山城,鏡野町,町営バス　中谷線
久本公会堂,中鉄北部バス（株）,ごんご勝北線
西山方,中鉄北部バス（株）,津山〜西田辺線
はす池,中鉄北部バス（株）,奥津温泉・石越線
筒ヶ崎,中鉄北部バス（株）,津山〜西田辺線
上土居,鏡野町,町営バス　公保田線
上土居,中鉄北部バス（株）,上齋原-マルナカ線
乗井口,中鉄北部バス（株）,高田循環線
新野,中鉄北部バス（株）,"行方・馬桑線（津山〜高野〜行方〜馬桑）, 行方・馬桑線（津山〜籾保〜行方〜馬桑）, 行方・馬桑線（津山〜行方〜馬桑）"
西町上,美作市,大原バス（讃甘線）
下入,鏡野町,"町営バス　中谷線, 津山・富線共同バス"
落合,新見市,市営バス　大井野線
観音寺,中鉄北部バス（株）,津山〜上横野線
上畝,中鉄北部バス（株）,高田循環線
ゆうゆうセンター,備北バス（株）,"千屋温泉〜仲村上〜市役所, 千屋温泉〜別所〜新見駅, 千屋温泉〜仲村上〜新見駅"
公保田,鏡野町,町営バス　公保田線
大津会館,新見市,市営バス　大井野線
川上上,美作市,大原バス（大野線）
川上上,（株）美作共同バス,大原駅ー真加部上ー勝間田駅
下町,美作市,"大原バス（大野線）, 大原バス（大吉線）"
下町,（株）美作共同バス,"大原駅ー湯郷温泉ー勝間田駅, 大原駅ー真加部上ー勝間田駅, 後山ー大原駅ー大原中学校前"
小松,美作市,大原バス（大野線）
東山方,中鉄北部バス（株）,津山〜上横野線
下土居,鏡野町,町営バス　公保田線
下土居,中鉄北部バス（株）,上齋原-マルナカ線
西山口,中鉄北部バス（株）,ごんご加茂線
西下公会堂前,津山市,市営勝北バス（奥津川方面・火曜日）
本位田診療所,津山市,"市営勝北バス（新野方面・月曜日）, 市営勝北バス（奥津川方面・火曜日）, 市営勝北バス（広戸方面・水曜日）, 市営勝北バス（勝加茂方面・金曜日）"
神田,中鉄北部バス（株）,津山〜西田辺線
大野橋,鏡野町,町営バス　越畑線
勝北支所前,中鉄北部バス（株）,"行方・馬桑線（津山〜高野〜行方〜馬桑）, 行方・馬桑線（津山〜籾保〜行方〜馬桑）, 行方・馬桑線（津山〜行方〜馬桑）"
勝北支所,中鉄北部バス（株）,ごんご勝北線
勝北支所,津山市,"市営勝北バス（新野方面・月曜日）, 市営勝北バス（奥津川方面・火曜日）, 市営勝北バス（広戸方面・水曜日）, 市営勝北バス（勝加茂方面・金曜日）"
下畝,中鉄北部バス（株）,高田循環線
木梨,中鉄北部バス（株）,津山〜上横野線
西町公会堂,美作市,大原バス（讃甘線）
千屋郵便局,備北バス（株）,"千屋温泉〜仲村上〜市役所, 千屋温泉〜別所〜新見駅, 千屋温泉〜仲村上〜新見駅"
平井木工所東,津山市,市営勝北バス（新野方面・月曜日）
弥谷中,中鉄北部バス（株）,高田循環線
しの原,新見市,市営バス　大井野線
大原中学校前,（株）美作共同バス,"大原駅ー真加部上ー勝間田駅, 後山ー大原駅ー大原中学校前"
徳定橋,新見市,市営バス　大井野線
小坂神社,美作市,大原バス（讃甘線）
小座,鏡野町,"町営バス　中谷線, 津山・富線共同バス"
小座,中鉄北部バス（株）,奥津温泉・石越線
東一宮車庫,中鉄北部バス（株）,東一宮車庫線
山方,中鉄北部バス（株）,東一宮車庫線
勝北中学校前,中鉄北部バス（株）,"行方・馬桑線（津山〜高野〜行方〜馬桑）, 行方・馬桑線（津山〜籾保〜行方〜馬桑）, 行方・馬桑線（津山〜行方〜馬桑）"
古屋橋,備北バス（株）,"千屋温泉〜仲村上〜市役所, 千屋温泉〜別所〜新見駅, 千屋温泉〜仲村上〜新見駅"
弥谷下,中鉄北部バス（株）,高田循環線
円宗寺,鏡野町,町営バス　越畑線
浅鳥集会所前,中鉄北部バス（株）,ごんご加茂線
夏日,新見市,市営バス　大井野線
笹岡公会堂,美作市,大原バス（大野線）
西町下,美作市,大原バス（讃甘線）
一宮保育所前,中鉄北部バス（株）,津山〜西田辺線
今岡公会堂,美作市,大原バス（讃甘線）
川上中,（株）美作共同バス,大原駅ー真加部上ー勝間田駅
下高倉東,中鉄北部バス（株）,ごんご加茂線
久賀ダム,美作市,勝田バス（梶並〜津山市）
一宮小学校前,中鉄北部バス（株）,津山〜上横野線
大野郵便局,美作市,大原バス（大野線）
那岐観光前,津山市,市営勝北バス（新野方面・月曜日）
榎,中鉄北部バス（株）,榎線
笹岡,美作市,大原バス（大野線）
笹岡,（株）美作共同バス,大原駅ー真加部上ー勝間田駅
上加茂神社前,津山市,市営勝北バス（勝加茂方面・金曜日）
一宮小入口,中鉄北部バス（株）,"高田循環線, 東一宮車庫線"
坂上,中鉄北部バス（株）,"行方・馬桑線（津山〜高野〜行方〜馬桑）, 行方・馬桑線（津山〜籾保〜行方〜馬桑）, 行方・馬桑線（津山〜行方〜馬桑）"
草加部上,中鉄北部バス（株）,ごんご加茂線
原,中鉄北部バス（株）,ごんご勝北線
中山神社前,中鉄北部バス（株）,津山〜西田辺線
高倉公民館前,中鉄北部バス（株）,ごんご加茂線
沢田,鏡野町,町営バス　公保田線
円宗寺東,鏡野町,町営バス　公保田線
影山医院,津山市,"市営勝北バス（新野方面・月曜日）, 市営勝北バス（奥津川方面・火曜日）, 市営勝北バス（勝加茂方面・金曜日）"
上村消防機庫前,津山市,市営勝北バス（奥津川方面・火曜日）
川上中,美作市,大原バス（大野線）
上村,中鉄北部バス（株）,"行方・馬桑線（津山〜高野〜行方〜馬桑）, 行方・馬桑線（津山〜籾保〜行方〜馬桑）, 行方・馬桑線（津山〜行方〜馬桑）"
釜の口,鏡野町,町営バス　越畑線
木谷,新見市,市営バス　木谷線
瀬戸,鏡野町,"町営バス　中谷線, 津山・富線共同バス"
瀬戸,中鉄北部バス（株）,奥津温泉・石越線
中西町下,美作市,大原バス（讃甘線）
中西町上,美作市,大原バス（讃甘線）
高岡,美作市,大原バス（讃甘線）
すこやかクリニック,津山市,"市営勝北バス（新野方面・月曜日）, 市営勝北バス（奥津川方面・火曜日）, 市営勝北バス（勝加茂方面・金曜日）"
高倉保育園前,中鉄北部バス（株）,行方・馬桑線（津山〜籾保〜行方〜馬桑）
小林歯科,津山市,"市営勝北バス（新野方面・月曜日）, 市営勝北バス（奥津川方面・火曜日）, 市営勝北バス（勝加茂方面・金曜日）"
宮の前,新見市,市営バス　木谷線
曲松,中鉄北部バス（株）,榎線
男女山橋,鏡野町,町営バス　公保田線
男女山橋,中鉄北部バス（株）,上齋原-マルナカ線
下土居,中鉄北部バス（株）,行方・馬桑線（津山〜籾保〜行方〜馬桑）
北の街,中鉄北部バス（株）,"高田循環線, 東一宮車庫線"
大塔,美作市,大原バス（大吉線）
大塔,（株）美作共同バス,大原駅ー湯郷温泉ー勝間田駅
宮本,美作市,大原バス（讃甘線）
古屋,新見市,市営バス　木谷線
宮東,中鉄北部バス（株）,行方・馬桑線（津山〜籾保〜行方〜馬桑）
一宮局前,中鉄北部バス（株）,"津山〜西田辺線, 津山〜上横野線"
榎口,中鉄北部バス（株）,榎線
高倉東,中鉄北部バス（株）,行方・馬桑線（津山〜籾保〜行方〜馬桑）
新橋,備北バス（株）,"千屋温泉〜仲村上〜市役所, 千屋温泉〜別所〜新見駅, 千屋温泉〜仲村上〜新見駅"
野形中,美作市,大原バス（大野線）
門野商店前,津山市,市営勝北バス（勝加茂方面・金曜日）
野形下,美作市,大原バス（大野線）
天神口,美作市,大原バス（大野線）
西峪集会所前,中鉄北部バス（株）,ごんご加茂線
茶屋林,中鉄北部バス（株）,"行方・馬桑線（津山〜高野〜行方〜馬桑）, 行方・馬桑線（津山〜籾保〜行方〜馬桑）, 行方・馬桑線（津山〜行方〜馬桑）"
大野コミュニティ,美作市,大原バス（大野線）
東田口,新見市,市営バス　田口線
草加部,中鉄北部バス（株）,ごんご加茂線
安井,中鉄北部バス（株）,ごんご勝北線
小原田,美作市,大原バス（大野線）
野形上,美作市,大原バス（大野線）
武蔵生家前,美作市,大原バス（讃甘線）
滝上,美作市,大原バス（大野線）
鏡野中学校前,鏡野町,"町営バス　中谷線, 町営バス　郷線"
田口,新見市,市営バス　田口線
二本木,中鉄北部バス（株）,ごんご加茂線
上大原,新見市,市営バス　木谷線
大屋,美作市,大原バス（大野線）
夢広場,鏡野町,"町営バス　中谷線, 町営バス　公保田線, 町営バス　郷線, 町営バス　越畑線"
籾保,中鉄北部バス（株）,行方・馬桑線（津山〜籾保〜行方〜馬桑）
籾保,中鉄北部バス（株）,高田循環線
川上下,（株）美作共同バス,大原駅ー真加部上ー勝間田駅
則本,備北バス（株）,"千屋温泉〜仲村上〜市役所, 千屋温泉〜別所〜新見駅, 千屋温泉〜仲村上〜新見駅"
久賀上,美作市,勝田バス（梶並〜津山市）
瀬戸団地入口,鏡野町,"町営バス　郷線, 津山・富線共同バス"
奥谷口,新見市,市営バス　田口線
上和忠,新見市,市営バス　木谷線
安井消防機庫前,津山市,市営勝北バス（勝加茂方面・金曜日）
京原,中鉄北部バス（株）,行方・馬桑線（津山〜籾保〜行方〜馬桑）
大屋南,美作市,大原バス（大野線）
滝,（株）美作共同バス,大原駅ー真加部上ー勝間田駅
鏡野中学入口,中鉄北部バス（株）,奥津温泉・石越線
桂坪,（株）美作共同バス,大原駅ー真加部上ー勝間田駅
鷲尾,新見市,市営バス　木谷線
東栄橋,中鉄北部バス（株）,行方・馬桑線（津山〜籾保〜行方〜馬桑）
野原（神郷）,新見市,市営バス　木谷線
三ケ市,新見市,市営バス　田口線
滝下,美作市,大原バス（大野線）
大原,新見市,市営バス　木谷線
楢,中鉄北部バス（株）,"行方・馬桑線（津山〜高野〜行方〜馬桑）, 行方・馬桑線（津山〜籾保〜行方〜馬桑）, 行方・馬桑線（津山〜行方〜馬桑）"
竹田,鏡野町,"町営バス　中谷線, 町営バス　公保田線, 町営バス　郷線, 町営バス　越畑線"
竹田,中鉄北部バス（株）,上齋原-マルナカ線
グリーンヒルズ入口,中鉄北部バス（株）,"高田循環線, 高下・スポーツセンター線, 東一宮車庫線"
竜の口,中鉄北部バス（株）,"津山〜西田辺線, 津山〜上横野線"
西杉宮コミュニティ前,津山市,市営勝北バス（勝加茂方面・金曜日）
JA勝加茂支店前,津山市,市営勝北バス（勝加茂方面・金曜日）
リージョンセンター前,中鉄北部バス（株）,高下・スポーツセンター線
下庄,（株）美作共同バス,大原駅ー湯郷温泉ー勝間田駅
下庄町上,美作市,大原バス（大吉線）
下馬場,備北バス（株）,"千屋温泉〜仲村上〜市役所, 千屋温泉〜別所〜新見駅, 千屋温泉〜仲村上〜新見駅"
川上下,美作市,大原バス（大野線）
成名小学校前,中鉄北部バス（株）,"行方・馬桑線（津山〜高野〜行方〜馬桑）, 行方・馬桑線（津山〜籾保〜行方〜馬桑）, 行方・馬桑線（津山〜行方〜馬桑）"
宿口,中鉄北部バス（株）,榎線
勝部神社前,中鉄北部バス（株）,"行方・馬桑線（津山〜籾保〜行方〜馬桑）, 高田循環線"
余野中,美作市,勝田バス（梶並〜津山市）
飛時原口,新見市,市営バス　木谷線
下和忠,新見市,市営バス　田口線
郵便局前（新郷）,新見市,市営バス　木谷線
安井二,中鉄北部バス（株）,ごんご勝北線
神郷北小学校前,新見市,市営バス　田口線
下庄町中,美作市,大原バス（大吉線）
診療所前,新見市,市営バス　田口線
余野上,美作市,勝田バス（梶並〜津山市）
千谷,新見市,市営バス　大井野線
久賀下,美作市,勝田バス（梶並〜津山市）
下馬場下,備北バス（株）,"千屋温泉〜仲村上〜市役所, 千屋温泉〜別所〜新見駅, 千屋温泉〜仲村上〜新見駅"
河合,美作市,勝田バス（梶並〜津山市）
上河原上,中鉄北部バス（株）,"高田循環線, 高下・スポーツセンター線, 東一宮車庫線"
新田橋,新見市,市営バス　木谷線
杉宮公会堂前,津山市,市営勝北バス（勝加茂方面・金曜日）
万代,中鉄北部バス（株）,榎線
安井二集会所前,津山市,市営勝北バス（勝加茂方面・金曜日）
小原田口,美作市,大原バス（大吉線）
小原田口,（株）美作共同バス,大原駅ー湯郷温泉ー勝間田駅
鏡野病院,鏡野町,"町営バス　中谷線, 町営バス　公保田線, 町営バス　郷線, 町営バス　越畑線"
鏡野病院,中鉄北部バス（株）,"上齋原-マルナカ線, ごんご西循環線"
勝北診療所,津山市,"市営勝北バス（新野方面・月曜日）, 市営勝北バス（奥津川方面・火曜日）, 市営勝北バス（勝加茂方面・金曜日）"
天原,備北バス（株）,"天原〜金谷〜長谷川病院, 天原〜大畑〜長谷川病院, 天原〜大畑〜新見駅"
押合,新見市,市営バス　田口線
上河原中,中鉄北部バス（株）,"高田循環線, 高下・スポーツセンター線, 東一宮車庫線"
勝部,中鉄北部バス（株）,"行方・馬桑線（津山〜籾保〜行方〜馬桑）, 高田循環線"
高瀬分館前,新見市,市営バス　木谷線
法天橋,美作市,大原バス（大野線）
野村,中鉄北部バス（株）,"行方・馬桑線（津山〜高野〜行方〜馬桑）, 行方・馬桑線（津山〜行方〜馬桑）"
北陵中学西口,中鉄北部バス（株）,高下・スポーツセンター線
寺村,鏡野町,"町営バス　郷線, 津山・富線共同バス"
菅田,中鉄北部バス（株）,ごんご加茂線
余野下,美作市,勝田バス（梶並〜津山市）
寺元,鏡野町,"町営バス　中谷線, 町営バス　公保田線, 町営バス　郷線, 町営バス　越畑線"
寺元,中鉄北部バス（株）,"奥津温泉・石越線, 上齋原-マルナカ線, ごんご西循環線"
田井,美作市,大原バス（大吉線）
スポーツセンター,中鉄北部バス（株）,高下・スポーツセンター線
上小原,中鉄北部バス（株）,"津山〜西田辺線, 津山〜上横野線"
長田,美作市,大原バス（大吉線）
大西公会堂前,津山市,市営勝北バス（勝加茂方面・金曜日）
大田,中鉄北部バス（株）,高下・スポーツセンター線
大西,中鉄北部バス（株）,ごんご勝北線
桂坪,美作市,大原バス（大野線）
長久,新見市,市営バス　木谷線
長久橋,新見市,市営バス　木谷線
崎原,鏡野町,町営バス　郷線
ハッピーマート前,鏡野町,"町営バス　中谷線, 町営バス　公保田線, 町営バス　郷線, 町営バス　越畑線"
ハッピーマート前,中鉄北部バス（株）,上齋原-マルナカ線
高山,鏡野町,町営バス　郷線
梶原,（株）美作共同バス,大原駅ー真加部上ー勝間田駅
沼自動車学校前,中鉄北部バス（株）,高下・スポーツセンター線
スポーツセンター入口,中鉄北部バス（株）,"行方・馬桑線（津山〜籾保〜行方〜馬桑）, 高田循環線"
大忠,新見市,市営バス　田口線
沼住居跡入口（津山高専入口）,中鉄北部バス（株）,高下・スポーツセンター線
上河原,中鉄北部バス（株）,"高田循環線, 高下・スポーツセンター線, 東一宮車庫線"
津山高専前,美作市,英田バス（津山線）
下梅田,新見市,市営バス　木谷線
朝間,備北バス（株）,"千屋温泉〜仲村上〜市役所, 千屋温泉〜別所〜新見駅, 千屋温泉〜仲村上〜新見駅"
農協大佐支所,新見市,"市営バス　田治部線, 市営バス　大井野線, 市営バス　布瀬線"
西の山公会堂前,津山市,市営勝北バス（勝加茂方面・金曜日）
永富会館,新見市,"市営バス　田治部線, 市営バス　大井野線, 市営バス　布瀬線"
新屋坂,新見市,市営バス　木谷線
淀,美作市,大原バス（大吉線）
淀,（株）美作共同バス,大原駅ー湯郷温泉ー勝間田駅
松原,鏡野町,町営バス　郷線
勝山高校前,（有）中田石油店,乗合タクシー富・勝山線
新郷駅,新見市,"市営バス　田口線, 市営バス　木谷線"
小原,中鉄北部バス（株）,"津山〜西田辺線, 津山〜上横野線"
東町,新見市,"市営バス　田治部線, 市営バス　大井野線, 市営バス　布瀬線"
角西井交差点,新見市,"市営バス　田治部線, 市営バス　大井野線, 市営バス　布瀬線"
竹谷,新見市,市営バス　田口線
鶴山団地口,中鉄北部バス（株）,"高田循環線, 高下・スポーツセンター線, 東一宮車庫線"
志戸部,中鉄北部バス（株）,"行方・馬桑線（津山〜籾保〜行方〜馬桑）, 高田循環線"
原,鏡野町,津山・富線共同バス
河本,鏡野町,"町営バス　郷線, 津山・富線共同バス"
千代口,鏡野町,津山・富線共同バス
天原下,備北バス（株）,"天原〜金谷〜長谷川病院, 天原〜大畑〜長谷川病院, 天原〜大畑〜新見駅"
田邑農協前,中鉄北部バス（株）,榎線
立石,美作市,大原バス（大吉線）
立石,（株）美作共同バス,大原駅ー湯郷温泉ー勝間田駅
山西公会堂前,中鉄北部バス（株）,ごんご加茂線
石生,美作市,勝田バス（梶並〜津山市）
上野田,中鉄北部バス（株）,ごんご勝北線
石生坂上,美作市,勝田バス（梶並〜津山市）
岡坊,鏡野町,"町営バス　中谷線, 町営バス　公保田線, 町営バス　郷線, 町営バス　越畑線"
岡坊,中鉄北部バス（株）,"奥津温泉・石越線, 上齋原-マルナカ線, ごんご西循環線"
河本南,鏡野町,町営バス　郷線
エイトプラザ,新見市,"市営バス　田治部線, 市営バス　大井野線, 市営バス　布瀬線"
エイトプラザ,備北バス（株）,刑部〜市役所〜新見駅
郷幼稚園口,鏡野町,町営バス　郷線
観音堂,美作市,勝田バス（梶並〜津山市）
勝山駅前,（有）中田石油店,乗合タクシー富・勝山線
三坂,新見市,市営バス　田口線
小原東,中鉄北部バス（株）,"高田循環線, 高下・スポーツセンター線, 東一宮車庫線"
久世駅,美咲町,旭川さくらバス
刑部小学校,新見市,"市営バス　田治部線, 市営バス　大井野線, 市営バス　布瀬線"
郷農協前,鏡野町,"町営バス　郷線, 津山・富線共同バス"
赤田上,美作市,大原バス（大吉線）
赤田下,美作市,大原バス（大吉線）
南町,備北バス（株）,刑部〜市役所〜新見駅
南町交差点,新見市,"市営バス　田治部線, 市営バス　大井野線, 市営バス　布瀬線"
下小原,中鉄北部バス（株）,"津山〜西田辺線, 津山〜上横野線"
中石生,美作市,勝田バス（梶並〜津山市）
東中,備北バス（株）,"天原〜金谷〜長谷川病院, 天原〜大畑〜長谷川病院, 天原〜大畑〜新見駅"
高野駅前,中鉄北部バス（株）,"行方・馬桑線（津山〜高野〜行方〜馬桑）, 行方・馬桑線（津山〜行方〜馬桑）"
久世駅前,美咲町,旭川さくらバス
久世駅前,（有）中田石油店,乗合タクシー富・勝山線
赤田,（株）美作共同バス,大原駅ー湯郷温泉ー勝間田駅
大佐中学校前,新見市,"市営バス　田治部線, 市営バス　大井野線, 市営バス　布瀬線"
［旧］鏡野農協前,中鉄北部バス（株）,上齋原-マルナカ線
プラント5,鏡野町,"町営バス　中谷線, 町営バス　公保田線, 町営バス　郷線, 町営バス　越畑線"
プラント5,中鉄北部バス（株）,"奥津温泉・石越線, 上齋原-マルナカ線, ごんご西循環線"
旧鏡野農協前,鏡野町,"町営バス　中谷線, 町営バス　公保田線, 町営バス　郷線, 町営バス　越畑線"
鏡野農協前,中鉄北部バス（株）,"奥津温泉・石越線, ごんご西循環線"
志戸部中,中鉄北部バス（株）,"行方・馬桑線（津山〜籾保〜行方〜馬桑）, 高田循環線"
大佐診療所,新見市,"市営バス　田治部線, 市営バス　大井野線, 市営バス　布瀬線"
森原,鏡野町,津山・富線共同バス
真加部上,美作市,勝田バス（梶並〜津山市）
真加部上,（株）美作共同バス,大原駅ー真加部上ー勝間田駅
野時,美作市,大原バス（大吉線）
れんげ台団地前,中鉄北部バス（株）,行方・馬桑線（津山〜高野〜行方〜馬桑）
小野上,（株）美作共同バス,大原駅ー真加部上ー勝間田駅
久世中央,美咲町,旭川さくらバス
久世中央,（有）中田石油店,乗合タクシー富・勝山線
馬橋,美作市,勝田バス（梶並〜津山市）
川西口,中鉄北部バス（株）,榎線
鶴山小学校前,中鉄北部バス（株）,"行方・馬桑線（津山〜高野〜行方〜馬桑）, ごんご東循環線"
是森下,新見市,市営バス　布瀬線
野田,中鉄北部バス（株）,ごんご勝北線
菅生,備北バス（株）,"天原〜金谷〜長谷川病院, 天原〜大畑〜長谷川病院, 天原〜大畑〜新見駅"
宇才谷,中鉄北部バス（株）,行方・馬桑線（津山〜高野〜行方〜馬桑）
志戸部東,中鉄北部バス（株）,"行方・馬桑線（津山〜高野〜行方〜馬桑）, ごんご東循環線"
茶ヶ池,美作市,勝田バス（梶並〜津山市）
れんげ台団地口,中鉄北部バス（株）,ごんご東循環線
三坂上,新見市,市営バス　田口線
山西口,中鉄北部バス（株）,ごんご加茂線
高野下,中鉄北部バス（株）,"行方・馬桑線（津山〜高野〜行方〜馬桑）, 行方・馬桑線（津山〜行方〜馬桑）"
別所,備北バス（株）,"千屋温泉〜仲村上〜市役所, 千屋温泉〜別所〜新見駅, 千屋温泉〜仲村上〜新見駅"
下石生,美作市,勝田バス（梶並〜津山市）
小野,（株）美作共同バス,大原駅ー真加部上ー勝間田駅
八ヶ原,美作市,勝田バス（梶並〜津山市）
下河原,鏡野町,津山・富線共同バス
美作大学前,中鉄北部バス（株）,"高田循環線, 高下・スポーツセンター線, 東一宮車庫線"
美作大学前,美作市,英田バス（津山線）
粟原,美作市,大原バス（大吉線）
上錦橋,鏡野町,町営バス　郷線
真庭市役所,美咲町,旭川さくらバス
真庭市役所前,（有）中田石油店,乗合タクシー富・勝山線
刑部駅,新見市,"市営バス　田治部線, 市営バス　大井野線, 市営バス　布瀬線"
南小学校前,鏡野町,"町営バス　郷線, 津山・富線共同バス"
刑部,備北バス（株）,刑部〜市役所〜新見駅
郷尾口,新見市,市営バス　布瀬線
高野団地,中鉄北部バス（株）,ごんご勝北線
上野田公会堂北,津山市,市営勝北バス（勝加茂方面・金曜日）
県営団地前,中鉄北部バス（株）,津山〜野介代線
産業・流通センター,中鉄北部バス（株）,ごんご西循環線
真加部下,美作市,勝田バス（梶並〜津山市）
真加部下,（株）美作共同バス,大原駅ー真加部上ー勝間田駅
林田団地前,中鉄北部バス（株）,津山〜野介代線
植月東,美作市,勝田バス（梶並〜津山市）
田熊,美作市,勝田バス（梶並〜津山市）
下野田,中鉄北部バス（株）,ごんご勝北線
山西簡易郵便局前,中鉄北部バス（株）,"ごんご勝北線, ごんご加茂線"
国府跡,中鉄北部バス（株）,"津山〜西田辺線, 津山〜上横野線"
山西工業団地前,中鉄北部バス（株）,行方・馬桑線（津山〜高野〜行方〜馬桑）
小学校前（菅生）,備北バス（株）,"天原〜金谷〜長谷川病院, 天原〜大畑〜長谷川病院, 天原〜大畑〜新見駅"
芳野公民館前,鏡野町,"町営バス　中谷線, 町営バス　公保田線, 町営バス　郷線, 町営バス　越畑線, 津山・富線共同バス"
芳野公民館前,中鉄北部バス（株）,"奥津温泉・石越線, 上齋原-マルナカ線, ごんご西循環線"
大吉郵便局,美作市,大原バス（大吉線）
別所入口,備北バス（株）,"千屋温泉〜仲村上〜市役所, 千屋温泉〜別所〜新見駅, 千屋温泉〜仲村上〜新見駅"
志戸部下,中鉄北部バス（株）,"ごんご東循環線, ごんご小循環線"
志戸部下,中鉄北部バス（株）,"行方・馬桑線（津山〜高野〜行方〜馬桑）, 行方・馬桑線（津山〜籾保〜行方〜馬桑）, 高田循環線, 津山〜野介代線"
壬生,（株）美作共同バス,大原駅ー湯郷温泉ー勝間田駅
労住団地入口,中鉄北部バス（株）,津山〜野介代線
マルイ高野店前,中鉄北部バス（株）,"行方・馬桑線（津山〜高野〜行方〜馬桑）, ごんご勝北線"
高野小学校前,中鉄北部バス（株）,"行方・馬桑線（津山〜高野〜行方〜馬桑）, ごんご勝北線"
中曽市営住宅,新見市,市営バス　布瀬線
下野田消防機庫前,津山市,市営勝北バス（勝加茂方面・金曜日）
交流センター,新見市,市営バス　布瀬線
ふれあいセンター,中鉄北部バス（株）,ごんご勝北線
野田,美作市,勝田バス（梶並〜津山市）
平口,新見市,市営バス　布瀬線
堀池,美作市,勝田バス（梶並〜津山市）
野介代公会堂,中鉄北部バス（株）,ごんご東循環線
野介代,中鉄北部バス（株）,津山〜野介代線
鎧乢,美作市,勝田バス（梶並〜津山市）
南町,（株）美作共同バス,大原駅ー真加部上ー勝間田駅
総社,中鉄北部バス（株）,"津山〜西田辺線, 津山〜上横野線"
下原上,鏡野町,町営バス　郷線
やよい団地,中鉄北部バス（株）,"行方・馬桑線（津山〜高野〜行方〜馬桑）, 行方・馬桑線（津山〜籾保〜行方〜馬桑）, 高田循環線, 津山〜野介代線, ごんご東循環線"
工業高校前,中鉄北部バス（株）,"高田循環線, 高下・スポーツセンター線, 東一宮車庫線"
能登香温泉口,（株）美作共同バス,大原駅ー真加部上ー勝間田駅
大谷,美作市,勝田バス（梶並〜津山市）
高野農協前,中鉄北部バス（株）,"行方・馬桑線（津山〜高野〜行方〜馬桑）, 行方・馬桑線（津山〜行方〜馬桑）, ごんご勝北線"
高野農協前,美作市,勝田バス（梶並〜津山市）
田中,美作市,勝田バス（梶並〜津山市）
金藤,新見市,市営バス　田治部線
金藤,備北バス（株）,刑部〜市役所〜新見駅
瀬戸,中鉄北部バス（株）,榎線
植月西,美作市,勝田バス（梶並〜津山市）
芳野病院前,鏡野町,"町営バス　中谷線, 町営バス　公保田線, 町営バス　郷線, 町営バス　越畑線, 津山・富線共同バス"
芳野病院前,中鉄北部バス（株）,"奥津温泉・石越線, 上齋原-マルナカ線, ごんご西循環線"
コープ林田前,中鉄北部バス（株）,ごんご小循環線
清瀧寺前,中鉄北部バス（株）,ごんご勝北線
清龍寺前,美作市,勝田バス（梶並〜津山市）
川戸中,美作市,大原バス（大吉線）
小綿尻,備北バス（株）,"天原〜金谷〜長谷川病院, 天原〜大畑〜長谷川病院, 天原〜大畑〜新見駅"
建石,中鉄北部バス（株）,"ごんご勝北線, ごんご加茂線"
田熊会館前,中鉄北部バス（株）,ごんご勝北線
川戸口,美作市,大原バス（大吉線）
川戸口,（株）美作共同バス,大原駅ー湯郷温泉ー勝間田駅
浜崎橋,中鉄北部バス（株）,ごんご勝北線
浜崎橋,美作市,勝田バス（梶並〜津山市）
自動車教習所前,中鉄北部バス（株）,津山〜野介代線
押入中,中鉄北部バス（株）,行方・馬桑線（津山〜行方〜馬桑）
押入中,美作市,勝田バス（梶並〜津山市）
河面,中鉄北部バス（株）,ごんご勝北線
河面,美作市,勝田バス（梶並〜津山市）
真庭高校久世校地前,美咲町,旭川さくらバス
竹峪,鏡野町,町営バス　郷線
八子,中鉄北部バス（株）,"津山〜西田辺線, 津山〜上横野線"
宮部,中鉄北部バス（株）,ごんご久米線
中正小学校前,中鉄北部バス（株）,ごんご久米線
津山消防署前,中鉄北部バス（株）,ごんご小循環線
津山市役所前,美作市,英田バス（津山線）
衆楽園・市役所前,鏡野町,津山・富線共同バス
衆楽園市役所前,中鉄北部バス（株）,"行方・馬桑線（津山〜高野〜行方〜馬桑）, 行方・馬桑線（津山〜籾保〜行方〜馬桑）, 奥津温泉・石越線, 高田循環線, 津山〜野介代線, ごんご東循環線"
市役所衆楽園前,美咲町,"あさひチェリーバス, 柵原星のふるさとバス"
東小学校前,鏡野町,津山・富線共同バス
東小学校前,美咲町,あさひチェリーバス
東小学校前,中鉄北部バス（株）,"行方・馬桑線（津山〜高野〜行方〜馬桑）, 行方・馬桑線（津山〜籾保〜行方〜馬桑）, 奥津温泉・石越線, 高田循環線, 津山〜野介代線, ごんご東循環線"
津山警察署口,中鉄北部バス（株）,"行方・馬桑線（津山〜高野〜行方〜馬桑）, 行方・馬桑線（津山〜籾保〜行方〜馬桑）, 高田循環線, 津山〜野介代線, ごんご東循環線"
野介代団地入口,中鉄北部バス（株）,津山〜野介代線
広野小学校前,中鉄北部バス（株）,ごんご勝北線
野介代団地,中鉄北部バス（株）,津山〜野介代線
四ツ角,（株）美作共同バス,大原駅ー真加部上ー勝間田駅
戸島,中鉄北部バス（株）,ごんご西循環線
自動車学校入口,中鉄北部バス（株）,ごんご東循環線
野辺,鏡野町,町営バス　郷線
小南,新見市,市営バス　田治部線
市役所西,鏡野町,津山・富線共同バス
市役所西,美咲町,"あさひチェリーバス, 柵原星のふるさとバス"
市役所西,中鉄北部バス（株）,"行方・馬桑線（津山〜高野〜行方〜馬桑）, 行方・馬桑線（津山〜籾保〜行方〜馬桑）, 奥津温泉・石越線, 高田循環線, 高下・スポーツセンター線, 東一宮車庫線, 津山〜野介代線, ごんご東循環線"
市役所西,美作市,勝田バス（梶並〜津山市）
吉原,鏡野町,"町営バス　中谷線, 町営バス　公保田線, 町営バス　郷線, 町営バス　越畑線, 津山・富線共同バス"
吉原,中鉄北部バス（株）,"奥津温泉・石越線, 上齋原-マルナカ線, ごんご西循環線"
下押入,中鉄北部バス（株）,"ごんご勝北線, ごんご加茂線"
川戸古墳公園,美作市,大原バス（大吉線）
林田上公会堂前,中鉄北部バス（株）,ごんご小循環線
平尾,鏡野町,町営バス　郷線
東野介代,中鉄北部バス（株）,ごんご東循環線
河内,（株）美作共同バス,大原駅ー真加部上ー勝間田駅
津山東高校,美咲町,"あさひチェリーバス, 柵原星のふるさとバス"
沢田,美作市,大原バス（大吉線）
沢田,（株）美作共同バス,大原駅ー湯郷温泉ー勝間田駅
津山東高前,美作市,英田バス（津山線）
津山東高口,美作市,勝田バス（梶並〜津山市）
城北橋,鏡野町,津山・富線共同バス
城北橋,美咲町,あさひチェリーバス
城北橋,中鉄北部バス（株）,"奥津温泉・石越線, ごんご小循環線"
山影,新見市,市営バス　布瀬線
高杉団地入口,中鉄北部バス（株）,ごんご東循環線
阿福,備北バス（株）,"千屋温泉〜仲村上〜市役所, 千屋温泉〜別所〜新見駅, 千屋温泉〜仲村上〜新見駅"
山北,鏡野町,津山・富線共同バス
山北,美咲町,"あさひチェリーバス, 柵原星のふるさとバス"
山北,中鉄北部バス（株）,"行方・馬桑線（津山〜高野〜行方〜馬桑）, 行方・馬桑線（津山〜籾保〜行方〜馬桑）, 奥津温泉・石越線, 高田循環線, 高下・スポーツセンター線, 東一宮車庫線, 津山〜野介代線, ごんご東循環線"
山北,美作市,勝田バス（梶並〜津山市）
野介代南,中鉄北部バス（株）,ごんご東循環線
奥谷,新見市,市営バス　田治部線
河辺北,中鉄北部バス（株）,行方・馬桑線（津山〜行方〜馬桑）
河辺北,美作市,勝田バス（梶並〜津山市）
山西口,中鉄北部バス（株）,榎線
富尾,美咲町,旭川さくらバス
田渕,（株）美作共同バス,大原駅ー真加部上ー勝間田駅
林田郵便局前,中鉄北部バス（株）,ごんご小循環線
田熊橋,中鉄北部バス（株）,ごんご勝北線
旭橋,中鉄北部バス（株）,"ごんご勝北線, ごんご加茂線"
三成,中鉄北部バス（株）,ごんご久米線
小畑東,（株）美作共同バス,大原駅ー真加部上ー勝間田駅
福井上,中鉄北部バス（株）,ごんご勝北線
小畑,（株）美作共同バス,大原駅ー真加部上ー勝間田駅
下原,美作市,大原バス（大吉線）
下原,（株）美作共同バス,大原駅ー湯郷温泉ー勝間田駅
中組,備北バス（株）,"天原〜金谷〜長谷川病院, 天原〜大畑〜長谷川病院, 天原〜大畑〜新見駅"
北町,鏡野町,津山・富線共同バス
北町,美咲町,あさひチェリーバス
北町,中鉄北部バス（株）,"奥津温泉・石越線, ごんご小循環線"
北町,美作市,英田バス（津山線）
文化センター北口,鏡野町,津山・富線共同バス
文化センター北口,美咲町,あさひチェリーバス
文化センター北口,中鉄北部バス（株）,"行方・馬桑線（津山〜高野〜行方〜馬桑）, 行方・馬桑線（津山〜籾保〜行方〜馬桑）, 奥津温泉・石越線, 高田循環線, 高下・スポーツセンター線, 東一宮車庫線, 津山〜野介代線, ごんご東循環線"
森林管理署前,中鉄北部バス（株）,"奥津温泉・石越線, 榎線, ごんご西循環線"
営林署前,鏡野町,津山・富線共同バス
山根,中鉄北部バス（株）,ごんご久米線
裁判所前,鏡野町,津山・富線共同バス
裁判所前,美咲町,あさひチェリーバス
裁判所前,中鉄北部バス（株）,"奥津温泉・石越線, 榎線, 津山〜西田辺線, 津山〜上横野線, ごんご東循環線"
幸田橋,中鉄北部バス（株）,ごんご久米線
向陽小学校前,中鉄北部バス（株）,榎線
中央病院,美咲町,柵原星のふるさとバス
津山中央病院,中鉄北部バス（株）,"行方・馬桑線（津山〜行方〜馬桑）, 勝間田駅前線（津山〜中央病院〜イオン津山〜勝間田駅前）, ごんご東循環線, ごんご勝北線, ごんご加茂線"
津山中央病院,美作市,勝田バス（梶並〜津山市）
津山中央病院前,美作市,英田バス（津山線）
馬形上,（株）美作共同バス,大原駅ー真加部上ー勝間田駅
東松原,中鉄北部バス（株）,ごんご東循環線
大町,（株）美作共同バス,大原駅ー真加部上ー勝間田駅
久宗農場前,中鉄北部バス（株）,ごんご久米線
古林田,中鉄北部バス（株）,"ごんご東循環線, ごんご小循環線"
岩屋谷口,中鉄北部バス（株）,ごんご久米線
平松,新見市,市営バス　田治部線
平松,備北バス（株）,刑部〜市役所〜新見駅
東神戸,鏡野町,津山・富線共同バス
東神戸,中鉄北部バス（株）,"奥津温泉・石越線, 上齋原-マルナカ線, ごんご西循環線"
大町上,（株）美作共同バス,大原駅ー真加部上ー勝間田駅
東新町,中鉄北部バス（株）,"ごんご東循環線, ごんご小循環線"
イオンモール津山,美咲町,柵原星のふるさとバス
イオン津山店前,中鉄北部バス（株）,"行方・馬桑線（津山〜行方〜馬桑）, ごんご東循環線, ごんご勝北線, ごんご加茂線"
イオン津山店前,美作市,英田バス（津山線）
希望ヶ丘ホスピタル,中鉄北部バス（株）,ごんご小循環線
田町,中鉄北部バス（株）,ごんご小循環線
小野形成外科前,中鉄北部バス（株）,ごんご小循環線
小田中,鏡野町,津山・富線共同バス
小田中,中鉄北部バス（株）,"奥津温泉・石越線, 榎線, ごんご西循環線"
大町橋,中鉄北部バス（株）,ごんご勝北線
富尾下,美咲町,旭川さくらバス
うるし原,新見市,市営バス　田治部線
法務局前,中鉄北部バス（株）,"ごんご東循環線, ごんご西循環線"
小田中郵便局前,中鉄北部バス（株）,"奥津温泉・石越線, 榎線, ごんご西循環線"
小田中局前,鏡野町,津山・富線共同バス
楽万,中鉄北部バス（株）,ごんご久米線
天神橋,美咲町,柵原星のふるさとバス
天神橋,中鉄北部バス（株）,"行方・馬桑線（津山〜行方〜馬桑）, 勝間田駅前線（津山〜中央病院〜イオン津山〜勝間田駅前）"
天神橋,美作市,勝田バス（梶並〜津山市）
玉琳,中鉄北部バス（株）,ごんご東循環線
中島病院前,中鉄北部バス（株）,ごんご小循環線
洋学資料館口,中鉄北部バス（株）,"行方・馬桑線（津山〜行方〜馬桑）, 勝間田駅前線（津山〜中央病院〜イオン津山〜勝間田駅前）"
津山インター,神姫バス（株）,津山・西脇・社　（特急）津山駅〜北条〜新大阪駅〜大阪駅
津山インター,中鉄北部バス（株）,"行方・馬桑線（津山〜行方〜馬桑）, ごんご東循環線, ごんご勝北線, ごんご加茂線"
津山インター,美作市,勝田バス（梶並〜津山市）
山下,鏡野町,津山・富線共同バス
山下,美咲町,あさひチェリーバス
山下,中鉄北部バス（株）,"行方・馬桑線（津山〜高野〜行方〜馬桑）, 行方・馬桑線（津山〜籾保〜行方〜馬桑）, 奥津温泉・石越線, 高田循環線, 高下・スポーツセンター線, 東一宮車庫線, 榎線, 津山〜野介代線, 津山〜西田辺線, 津山〜上横野線, ごんご小循環線"
西中学校口,中鉄北部バス（株）,"榎線, ごんご西循環線"
西新町,中鉄北部バス（株）,"ごんご東循環線, ごんご小循環線"
法務局,美咲町,あさひチェリーバス
馬形,（株）美作共同バス,大原駅ー真加部上ー勝間田駅
政友,中鉄北部バス（株）,ごんご久米線
追分口,中鉄北部バス（株）,ごんご久米線
本村上,新見市,市営バス　木谷線
追分原,中鉄北部バス（株）,ごんご久米線
西岡橋,中鉄北部バス（株）,ごんご勝北線
喬松小学校入口,中鉄北部バス（株）,ごんご久米線
御旅所,鏡野町,津山・富線共同バス
御旅所,中鉄北部バス（株）,"奥津温泉・石越線, 榎線, ごんご西循環線"
中之町局前,中鉄北部バス（株）,"ごんご東循環線, ごんご小循環線"
坪井局前,中鉄北部バス（株）,ごんご久米線
元魚町商店街,中鉄北部バス（株）,"ごんご小循環線, ごんご西循環線"
坪井駅前,中鉄北部バス（株）,ごんご久米線
太田,中鉄北部バス（株）,ごんご東循環線
松原向,美咲町,柵原星のふるさとバス
松原向,中鉄北部バス（株）,"行方・馬桑線（津山〜行方〜馬桑）, 勝間田駅前線（津山〜中央病院〜イオン津山〜勝間田駅前）"
松原向,美作市,勝田バス（梶並〜津山市）
林田町,中鉄北部バス（株）,"ごんご東循環線, ごんご小循環線"
中之町,美咲町,柵原星のふるさとバス
中之町,中鉄北部バス（株）,"行方・馬桑線（津山〜行方〜馬桑）, 勝間田駅前線（津山〜中央病院〜イオン津山〜勝間田駅前）"
中之町,美作市,勝田バス（梶並〜津山市）
松中公民館前,鏡野町,津山・富線共同バス
坪井下,中鉄北部バス（株）,ごんご久米線
マルナカ院庄店,中鉄北部バス（株）,"上齋原-マルナカ線, ごんご西循環線, ごんご久米線"
ウエストランド前,中鉄北部バス（株）,ごんご西循環線
院庄駅口,鏡野町,津山・富線共同バス
矢田,（株）美作共同バス,大原駅ー真加部上ー勝間田駅
市営住宅口,鏡野町,津山・富線共同バス
市営住宅口,中鉄北部バス（株）,ごんご西循環線
二宮山西,鏡野町,津山・富線共同バス
二宮山西,中鉄北部バス（株）,ごんご西循環線
美和山古墳前,鏡野町,津山・富線共同バス
美和山古墳前,中鉄北部バス（株）,ごんご西循環線
久米運動公園入口,中鉄北部バス（株）,ごんご久米線
長谷,中鉄北部バス（株）,ごんご久米線
西中入口,鏡野町,津山・富線共同バス
作楽神社前,鏡野町,津山・富線共同バス
作楽神社前,中鉄北部バス（株）,奥津温泉・石越線
茅町,中鉄北部バス（株）,ごんご小循環線
西今町,中鉄北部バス（株）,ごんご小循環線
宮脇町,中鉄北部バス（株）,ごんご小循環線
東津山駅口,中鉄北部バス（株）,ごんご東循環線
坪井,中鉄北部バス（株）,ごんご久米線
鶴山交番前,中鉄北部バス（株）,ごんご小循環線
大手町,鏡野町,津山・富線共同バス
大手町,美咲町,"あさひチェリーバス, 柵原星のふるさとバス"
大手町,中鉄北部バス（株）,"行方・馬桑線（津山〜高野〜行方〜馬桑）, 行方・馬桑線（津山〜籾保〜行方〜馬桑）, 奥津温泉・石越線, 高田循環線, 高下・スポーツセンター線, 東一宮車庫線, 榎線, 津山〜野介代線, 津山〜西田辺線, 津山〜上横野線, ごんご東循環線, ごんご西循環線"
大手町,美作市,"勝田バス（梶並〜津山市）, 英田バス（津山線）"
奴通商店街入口,美咲町,あさひチェリーバス
奴通り商店街入口,中鉄北部バス（株）,"ごんご東循環線, ごんご小循環線"
観光センター前,中鉄北部バス（株）,"ごんご東循環線, ごんご小循環線"
松原中,中鉄北部バス（株）,"奥津温泉・石越線, 榎線, ごんご西循環線"
兼田橋,中鉄北部バス（株）,"行方・馬桑線（津山〜行方〜馬桑）, ごんご東循環線, ごんご勝北線, ごんご加茂線"
紙屋,美咲町,旭川さくらバス
院庄北公民館口,中鉄北部バス（株）,ごんご西循環線
津山中央記念病院前,中鉄北部バス（株）,ごんご小循環線
大橋,中鉄北部バス（株）,"ごんご東循環線, ごんご小循環線"
作楽神社口,鏡野町,津山・富線共同バス
京明,新見市,市営バス　田治部線
市営院庄団地口,中鉄北部バス（株）,ごんご久米線
宮の前（菅生）,備北バス（株）,"天原〜金谷〜長谷川病院, 天原〜大畑〜長谷川病院, 天原〜大畑〜新見駅"
グンゼ前,中鉄北部バス（株）,"奥津温泉・石越線, 榎線, ごんご西循環線"
徳守神社前,中鉄北部バス（株）,ごんご小循環線
川崎,中鉄北部バス（株）,ごんご東循環線
安藤橋,新見市,市営バス　布瀬線
兼田中,中鉄北部バス（株）,ごんご東循環線
五名,（株）美作共同バス,大原駅ー湯郷温泉ー勝間田駅
福井,中鉄北部バス（株）,ごんご勝北線
高野神社鳥居前,中鉄北部バス（株）,"奥津温泉・石越線, ごんご西循環線"
院庄郵便局前,中鉄北部バス（株）,"奥津温泉・石越線, ごんご西循環線"
下長谷,中鉄北部バス（株）,ごんご久米線
院庄駅前,中鉄北部バス（株）,"奥津温泉・石越線, ごんご西循環線"
清眼寺口,中鉄北部バス（株）,ごんご久米線
河辺西,中鉄北部バス（株）,"行方・馬桑線（津山〜行方〜馬桑）, 勝間田駅前線（津山〜中央病院〜イオン津山〜勝間田駅前）, ごんご東循環線, ごんご勝北線, ごんご加茂線"
河辺西,美作市,勝田バス（梶並〜津山市）
ソシオ一番街,中鉄北部バス（株）,ごんご小循環線
本村下,新見市,市営バス　木谷線
東津山,美咲町,柵原星のふるさとバス
東津山,中鉄北部バス（株）,"行方・馬桑線（津山〜行方〜馬桑）, 勝間田駅前線（津山〜中央病院〜イオン津山〜勝間田駅前）"
東津山,美作市,勝田バス（梶並〜津山市）
京町,中鉄北部バス（株）,ごんご小循環線
金光下,中鉄北部バス（株）,"奥津温泉・石越線, ごんご西循環線"
新兼田橋,中鉄北部バス（株）,"行方・馬桑線（津山〜行方〜馬桑）, 勝間田駅前線（津山〜中央病院〜イオン津山〜勝間田駅前）, ごんご東循環線, ごんご勝北線, ごんご加茂線"
新兼田橋,美作市,勝田バス（梶並〜津山市）
久米支所前,中鉄北部バス（株）,ごんご久米線
鉄砲町,中鉄北部バス（株）,ごんご小循環線
水田医院前,中鉄北部バス（株）,ごんご小循環線
小原,備北バス（株）,"千屋温泉〜仲村上〜市役所, 千屋温泉〜別所〜新見駅, 千屋温泉〜仲村上〜新見駅"
アルネ前,中鉄北部バス（株）,ごんご小循環線
伏見町,美咲町,柵原星のふるさとバス
伏見町,中鉄北部バス（株）,"行方・馬桑線（津山〜行方〜馬桑）, 勝間田駅前線（津山〜中央病院〜イオン津山〜勝間田駅前）, ごんご小循環線"
伏見町,美作市,勝田バス（梶並〜津山市）
河辺,中鉄北部バス（株）,勝間田駅前線（津山〜中央病院〜イオン津山〜勝間田駅前）
食品市場前,美咲町,あさひチェリーバス
吹屋町,中鉄北部バス（株）,"高下・スポーツセンター線, 榎線"
吹屋町アルネ前,中鉄北部バス（株）,"ごんご東循環線, ごんご小循環線, ごんご西循環線"
南方中,中鉄北部バス（株）,ごんご久米線
美作千代駅入口,中鉄北部バス（株）,ごんご久米線
矢田下,（株）美作共同バス,大原駅ー真加部上ー勝間田駅
井の口,美咲町,あさひチェリーバス
仲屋,新見市,市営バス　田治部線
仲屋,備北バス（株）,刑部〜市役所〜新見駅
豆田,（株）美作共同バス,大原駅ー湯郷温泉ー勝間田駅
農協会館前,中鉄北部バス（株）,"高下・スポーツセンター線, ごんご小循環線"
農協会館前,美作市,英田バス（津山線）
井の口,中鉄北部バス（株）,ごんご西循環線
作陽学園前,中鉄北部バス（株）,"高下・スポーツセンター線, ごんご小循環線"
作陽高校前,美作市,英田バス（津山線）
作陽高校,美咲町,柵原星のふるさとバス
北中須賀,中鉄北部バス（株）,ごんご久米線
道の駅久米の里,中鉄北部バス（株）,ごんご久米線
宮尾,中鉄北部バス（株）,ごんご久米線
中村,美咲町,旭川さくらバス
津山駅北口広場,美作市,勝田バス（梶並〜津山市）
津山口駅前,中鉄北部バス（株）,ごんご西循環線
津山駅,鏡野町,津山・富線共同バス
津山駅,美咲町,"あさひチェリーバス, 柵原星のふるさとバス"
津山駅,中鉄北部バス（株）,"行方・馬桑線（津山〜高野〜行方〜馬桑）, 行方・馬桑線（津山〜籾保〜行方〜馬桑）, 行方・馬桑線（津山〜行方〜馬桑）, 奥津温泉・石越線, 高田循環線, 高下・スポーツセンター線, 東一宮車庫線, 勝間田駅前線（津山〜中央病院〜イオン津山〜勝間田駅前）, 榎線, 津山〜野介代線, 津山〜西田辺線, 津山〜上横野線, ごんご東循環線, ごんご小循環線, ごんご西循環線"
津山駅,神姫バス（株）,津山・西脇・社　（特急）津山駅〜北条〜新大阪駅〜大阪駅
南小口,美咲町,あさひチェリーバス
南小学校前,中鉄北部バス（株）,ごんご西循環線
一方中,美咲町,あさひチェリーバス
河内,新見市,市営バス　布瀬線
ツモク前,中鉄北部バス（株）,ごんご西循環線
誠道小学校前,中鉄北部バス（株）,ごんご久米線
大谷,備北バス（株）,"天原〜金谷〜長谷川病院, 天原〜大畑〜長谷川病院, 天原〜大畑〜新見駅"
第一病院,美咲町,あさひチェリーバス
津山第一病院,中鉄北部バス（株）,ごんご西循環線
平福,中鉄北部バス（株）,ごんご西循環線
一方公会堂,中鉄北部バス（株）,ごんご西循環線
一方,美咲町,あさひチェリーバス
津山まなびの鉄道館,中鉄北部バス（株）,ごんご小循環線
山手口,（株）美作共同バス,大原駅ー湯郷温泉ー勝間田駅
西横山,中鉄北部バス（株）,ごんご小循環線
福岡会館前,中鉄北部バス（株）,ごんご小循環線
横山上,中鉄北部バス（株）,高下・スポーツセンター線
千原,備北バス（株）,"千屋温泉〜仲村上〜市役所, 千屋温泉〜別所〜新見駅, 千屋温泉〜仲村上〜新見駅"
川向,備北バス（株）,"天原〜金谷〜長谷川病院, 天原〜大畑〜長谷川病院, 天原〜大畑〜新見駅"
北畝,中鉄北部バス（株）,ごんご久米線
西吉田,中鉄北部バス（株）,勝間田駅前線（津山〜中央病院〜イオン津山〜勝間田駅前）
人神,美咲町,柵原星のふるさとバス
福田橋,美咲町,旭川さくらバス
日上,美咲町,柵原星のふるさとバス
横山,中鉄北部バス（株）,高下・スポーツセンター線
平福診療所口,中鉄北部バス（株）,ごんご西循環線
中畝,中鉄北部バス（株）,ごんご久米線
大渡橋,美咲町,あさひチェリーバス
大渡橋,中鉄北部バス（株）,ごんご西循環線
国分寺,美咲町,柵原星のふるさとバス
広山口,（株）美作共同バス,大原駅ー真加部上ー勝間田駅
JA阿新田治部,備北バス（株）,刑部〜市役所〜新見駅
小原,美咲町,柵原星のふるさとバス
南畝,中鉄北部バス（株）,ごんご久米線
浦児,新見市,市営バス　布瀬線
光陽台前,美咲町,柵原星のふるさとバス
吉田,美咲町,柵原星のふるさとバス
和田,（株）美作共同バス,大原駅ー真加部上ー勝間田駅
石原,備北バス（株）,"千屋温泉〜仲村上〜市役所, 千屋温泉〜別所〜新見駅, 千屋温泉〜仲村上〜新見駅"
小ノ谷,（株）美作共同バス,大原駅ー湯郷温泉ー勝間田駅
丹治部駅,新見市,市営バス　田治部線
大原,備北バス（株）,"天原〜金谷〜長谷川病院, 天原〜大畑〜長谷川病院, 天原〜大畑〜新見駅"
足立上,新見市,市営バス　木谷線
日上口,中鉄北部バス（株）,高下・スポーツセンター線
佐良山小学校前,美咲町,あさひチェリーバス
開田,美咲町,旭川さくらバス
尼子,中鉄北部バス（株）,高下・スポーツセンター線
池ケ原,中鉄北部バス（株）,勝間田駅前線（津山〜中央病院〜イオン津山〜勝間田駅前）
中国勝間田,神姫バス（株）,津山・西脇・社　（特急）津山駅〜北条〜新大阪駅〜大阪駅
矢の峰登山口,備北バス（株）,"千屋温泉〜仲村上〜市役所, 千屋温泉〜別所〜新見駅, 千屋温泉〜仲村上〜新見駅"
一色橋,（株）美作共同バス,大原駅ー真加部上ー勝間田駅
今井三差路,新見市,市営バス　田治部線
大崎,美咲町,柵原星のふるさとバス
大崎,中鉄北部バス（株）,勝間田駅前線（津山〜中央病院〜イオン津山〜勝間田駅前）
池ケ原東,中鉄北部バス（株）,勝間田駅前線（津山〜中央病院〜イオン津山〜勝間田駅前）
足立郵便局前,新見市,市営バス　木谷線
円田,備北バス（株）,"千屋温泉〜仲村上〜市役所, 千屋温泉〜別所〜新見駅, 千屋温泉〜仲村上〜新見駅"
小桁,中鉄北部バス（株）,高下・スポーツセンター線
黒坂,中鉄北部バス（株）,勝間田駅前線（津山〜中央病院〜イオン津山〜勝間田駅前）
岩辺,（株）美作共同バス,大原駅ー湯郷温泉ー勝間田駅
梅の里公園入口,中鉄北部バス（株）,ごんご久米線
佐良山診療所口,美咲町,あさひチェリーバス
リバーサイドホテル,美咲町,旭川さくらバス
押田,中鉄北部バス（株）,勝間田駅前線（津山〜中央病院〜イオン津山〜勝間田駅前）
勝間田上,中鉄北部バス（株）,勝間田駅前線（津山〜中央病院〜イオン津山〜勝間田駅前）
押田西,中鉄北部バス（株）,勝間田駅前線（津山〜中央病院〜イオン津山〜勝間田駅前）
甲面,備北バス（株）,"千屋温泉〜仲村上〜市役所, 千屋温泉〜別所〜新見駅, 千屋温泉〜仲村上〜新見駅"
小桁下,中鉄北部バス（株）,高下・スポーツセンター線
新田（大佐）,新見市,市営バス　田治部線
新田,備北バス（株）,刑部〜市役所〜新見駅
新殿,新見市,市営バス　布瀬線
戸谷口,新見市,市営バス　田治部線
足立駅前,新見市,市営バス　木谷線
勝間田,中鉄北部バス（株）,勝間田駅前線（津山〜中央病院〜イオン津山〜勝間田駅前）
上市瀬,美咲町,旭川さくらバス
高尾橋,美咲町,あさひチェリーバス
豊野,（株）美作共同バス,大原駅ー湯郷温泉ー勝間田駅
大畑,新見市,市営バス　田治部線
大畑,備北バス（株）,"刑部〜市役所〜新見駅, 天原〜金谷〜長谷川病院, 天原〜大畑〜長谷川病院, 天原〜大畑〜新見駅"
勝間田駅前,中鉄北部バス（株）,勝間田駅前線（津山〜中央病院〜イオン津山〜勝間田駅前）
勝間田駅前,（株）美作共同バス,"大原駅ー湯郷温泉ー勝間田駅, 大原駅ー真加部上ー勝間田駅"
吉,（株）美作共同バス,大原駅ー真加部上ー勝間田駅
神代,中鉄北部バス（株）,ごんご久米線
中原,美咲町,柵原星のふるさとバス
犬石,備北バス（株）,"刑部〜市役所〜新見駅, 天原〜金谷〜長谷川病院, 天原〜大畑〜長谷川病院, 天原〜大畑〜新見駅"
勝間田下,（株）美作共同バス,大原駅ー湯郷温泉ー勝間田駅
松脇,（株）美作共同バス,大原駅ー湯郷温泉ー勝間田駅
豊野下,（株）美作共同バス,大原駅ー湯郷温泉ー勝間田駅
鯰,（株）美作共同バス,大原駅ー湯郷温泉ー勝間田駅
佐良山,美咲町,あさひチェリーバス
金屋,中鉄北部バス（株）,高下・スポーツセンター線
四河,備北バス（株）,"天原〜金谷〜長谷川病院, 天原〜大畑〜長谷川病院, 天原〜大畑〜新見駅"
里公文北口,中鉄北部バス（株）,ごんご久米線
錦織,美咲町,あさひチェリーバス
野田,備北バス（株）,"千屋温泉〜仲村上〜市役所, 千屋温泉〜別所〜新見駅, 千屋温泉〜仲村上〜新見駅"
戸脇,美咲町,あさひチェリーバス
黒谷口,備北バス（株）,"天原〜金谷〜長谷川病院, 天原〜大畑〜長谷川病院, 天原〜大畑〜新見駅"
宮脇,備北バス（株）,"刑部〜市役所〜新見駅, 天原〜金谷〜長谷川病院, 天原〜大畑〜長谷川病院, 天原〜大畑〜新見駅"
佐良山駅口,美咲町,あさひチェリーバス
白梅団地,美咲町,旭川さくらバス
芦河内橋,（株）美作共同バス,大原駅ー湯郷温泉ー勝間田駅
生きがいセンター前,備北バス（株）,"刑部〜市役所〜新見駅, 天原〜金谷〜長谷川病院, 天原〜大畑〜長谷川病院, 天原〜大畑〜新見駅"
木の平,美咲町,あさひチェリーバス
黒土上,（株）美作共同バス,大原駅ー湯郷温泉ー勝間田駅
宗貞,新見市,市営バス　布瀬線
山谷口,備北バス（株）,"刑部〜市役所〜新見駅, 天原〜金谷〜長谷川病院, 天原〜大畑〜長谷川病院, 天原〜大畑〜新見駅"
さとう記念病院,（株）美作共同バス,大原駅ー真加部上ー勝間田駅
友次橋,美咲町,あさひチェリーバス
里公文南口,中鉄北部バス（株）,ごんご久米線
土居上,備北バス（株）,"刑部〜市役所〜新見駅, 天原〜金谷〜長谷川病院, 天原〜大畑〜長谷川病院, 天原〜大畑〜新見駅"
向陽台病院前,美咲町,旭川さくらバス
落合病院,美咲町,旭川さくらバス
中央公民館・図書館,美咲町,美咲町支所間バス　旭線
黒土,（株）美作共同バス,大原駅ー湯郷温泉ー勝間田駅
福祉センター,美咲町,旭川さくらバス
北山,（株）美作共同バス,大原駅ー真加部上ー勝間田駅
土井橋,備北バス（株）,"刑部〜市役所〜新見駅, 天原〜金谷〜長谷川病院, 天原〜大畑〜長谷川病院, 天原〜大畑〜新見駅"
松坂橋,新見市,市営バス　布瀬線
江見吉田,（株）美作共同バス,大原駅ー湯郷温泉ー勝間田駅
桑村下,美咲町,あさひチェリーバス
落合インター,美咲町,旭川さくらバス
ニッポウ（旧日本鋪道）,美咲町,美咲町支所間バス　旭線
小谷,備北バス（株）,"千屋温泉〜仲村上〜市役所, 千屋温泉〜別所〜新見駅, 千屋温泉〜仲村上〜新見駅"
里公文,中鉄北部バス（株）,ごんご久米線
桑村上,美咲町,あさひチェリーバス
美作インター,（株）美作共同バス,大原駅ー真加部上ー勝間田駅
美作インター,神姫バス（株）,津山・西脇・社　（特急）津山駅〜北条〜新大阪駅〜大阪駅
藤生,（株）美作共同バス,大原駅ー湯郷温泉ー勝間田駅
中尾西,（株）美作共同バス,大原駅ー湯郷温泉ー勝間田駅
倭文,中鉄北部バス（株）,ごんご久米線
岩山,備北バス（株）,天原〜金谷〜長谷川病院
布瀬,新見市,市営バス　布瀬線
岩山駅,備北バス（株）,"刑部〜市役所〜新見駅, 天原〜大畑〜長谷川病院, 天原〜大畑〜新見駅"
名坂,美咲町,柵原星のふるさとバス
小矢田,（株）美作共同バス,大原駅ー真加部上ー勝間田駅
落合上町,美咲町,旭川さくらバス
豊国原,（株）美作共同バス,大原駅ー真加部上ー勝間田駅
旧布瀬小学校前,新見市,市営バス　布瀬線
向津矢,美咲町,旭川さくらバス
金田病院,美咲町,旭川さくらバス
金田病院前,美咲町,旭川さくらバス
川中山王前,中鉄北部バス（株）,高下・スポーツセンター線
尾原,新見市,市営バス　田治部線
中尾,（株）美作共同バス,大原駅ー湯郷温泉ー勝間田駅
矢谷口,備北バス（株）,"千屋温泉〜仲村上〜市役所, 千屋温泉〜別所〜新見駅, 千屋温泉〜仲村上〜新見駅"
真庭高校落合校地前,美咲町,旭川さくらバス
ナンバ美作店前,（株）美作共同バス,大原駅ー真加部上ー勝間田駅
作東BS前,（株）美作共同バス,大原駅ー湯郷温泉ー勝間田駅
作東,神姫バス（株）,津山・西脇・社　（特急）津山駅〜北条〜新大阪駅〜大阪駅
油木下,美咲町,あさひチェリーバス
小学校前,備北バス（株）,"刑部〜市役所〜新見駅, 天原〜金谷〜長谷川病院, 天原〜大畑〜長谷川病院, 天原〜大畑〜新見駅"
やな草橋,新見市,市営バス　布瀬線
大環橋,（株）美作共同バス,大原駅ー湯郷温泉ー勝間田駅
サンプラザ前,美咲町,旭川さくらバス
宮山,美咲町,柵原星のふるさとバス
押渕上,中鉄北部バス（株）,高下・スポーツセンター線
明見東,（株）美作共同バス,大原駅ー真加部上ー勝間田駅
明見,（株）美作共同バス,大原駅ー湯郷温泉ー勝間田駅
下谷橋,美咲町,あさひチェリーバス
横見,備北バス（株）,"千屋温泉〜仲村上〜市役所, 千屋温泉〜別所〜新見駅, 千屋温泉〜仲村上〜新見駅, 新見市街地循環バス「ら・くるっと」"
中山,（株）美作共同バス,大原駅ー真加部上ー勝間田駅
岸添橋,美咲町,あさひチェリーバス
江見駅前,（株）美作共同バス,大原駅ー湯郷温泉ー勝間田駅
笹尾口,新見市,市営バス　木谷線
油木北,美咲町,あさひチェリーバス
東山,新見市,市営バス　田治部線
林野駅前,美作市,美作バス（林野駅〜柵原病院前）
緑花公園,美咲町,"美咲町支所間バス　旭線, CHUOかめっち。"
緑花公園（香花温泉）,美咲町,美咲町支所間バス　柵原線
下法ヶ峠,備北バス（株）,"刑部〜市役所〜新見駅, 天原〜金谷〜長谷川病院, 天原〜大畑〜長谷川病院, 天原〜大畑〜新見駅"
上法ヶ峠,備北バス（株）,"刑部〜市役所〜新見駅, 天原〜金谷〜長谷川病院, 天原〜大畑〜長谷川病院, 天原〜大畑〜新見駅"
打穴下美咲橋,美咲町,美咲町支所間バス　旭線
宮の前（新見市）,備北バス（株）,"きらめき広場〜新見駅〜市役所, 千屋温泉〜仲村上〜市役所, 千屋温泉〜別所〜新見駅, 千屋温泉〜仲村上〜新見駅, 新見市街地循環バス「ら・くるっと」"
川北上,（株）美作共同バス,大原駅ー湯郷温泉ー勝間田駅
林野駅前,赤磐市,赤磐・美作線
林野駅前,宇野自動車（株）,林野線
林野駅前,（株）美作共同バス,"大原駅ー湯郷温泉ー勝間田駅, 大原駅ー真加部上ー勝間田駅"
川北,（株）美作共同バス,大原駅ー湯郷温泉ー勝間田駅
押渕中,中鉄北部バス（株）,高下・スポーツセンター線
寺元,備北バス（株）,"刑部〜市役所〜新見駅, 天原〜金谷〜長谷川病院, 天原〜大畑〜長谷川病院, 天原〜大畑〜新見駅"
京面,美咲町,あさひチェリーバス
宮山下,美咲町,柵原星のふるさとバス
坂口（旧バス停）,美咲町,"美咲町支所間バス　旭線, 美咲町支所間バス　柵原線, CHUOかめっち。"
上市（新見市）,備北バス（株）,"きらめき広場〜新見駅〜市役所, 千屋温泉〜仲村上〜市役所, 千屋温泉〜別所〜新見駅, 千屋温泉〜仲村上〜新見駅, 新見市街地循環バス「ら・くるっと」"
法木,備北バス（株）,"刑部〜市役所〜新見駅, 天原〜金谷〜長谷川病院, 天原〜大畑〜長谷川病院, 天原〜大畑〜新見駅"
太田,備北バス（株）,"刑部〜市役所〜新見駅, 天原〜金谷〜長谷川病院, 天原〜大畑〜長谷川病院, 天原〜大畑〜新見駅"
留倉,新見市,市営バス　布瀬線
平福,（株）美作共同バス,大原駅ー湯郷温泉ー勝間田駅
栄町,赤磐市,赤磐・美作線
栄町,宇野自動車（株）,林野線
栄町,（株）美作共同バス,"大原駅ー湯郷温泉ー勝間田駅, 大原駅ー真加部上ー勝間田駅"
小谷,新見市,市営バス　木谷線
守平口,備北バス（株）,"刑部〜市役所〜新見駅, 天原〜金谷〜長谷川病院, 天原〜大畑〜長谷川病院, 天原〜大畑〜新見駅"
美作市役所,美作市,美作バス（林野駅〜柵原病院前）
平福下,（株）美作共同バス,大原駅ー湯郷温泉ー勝間田駅
安井中,美咲町,柵原星のふるさとバス
宮の鼻,備北バス（株）,"刑部〜市役所〜新見駅, 天原〜金谷〜長谷川病院, 天原〜大畑〜長谷川病院, 天原〜大畑〜新見駅"
下町,備北バス（株）,"きらめき広場〜新見駅〜市役所, 千屋温泉〜仲村上〜市役所, 千屋温泉〜別所〜新見駅, 千屋温泉〜仲村上〜新見駅, 新見市街地循環バス「ら・くるっと」"
油木上,美咲町,あさひチェリーバス
肘曲,美咲町,あさひチェリーバス
代六,備北バス（株）,"刑部〜市役所〜新見駅, 天原〜金谷〜長谷川病院, 天原〜大畑〜長谷川病院, 天原〜大畑〜新見駅"
向田,備北バス（株）,"きらめき広場〜新見駅〜市役所, 千屋温泉〜仲村上〜市役所, 千屋温泉〜別所〜新見駅, 千屋温泉〜仲村上〜新見駅, 新見市街地循環バス「ら・くるっと」"
宮ノ原,（株）美作共同バス,大原駅ー湯郷温泉ー勝間田駅
舞尾原,備北バス（株）,きらめき広場〜新見駅〜市役所
舞尾原,新見市,市営バス　木谷線
北原,（株）美作共同バス,大原駅ー湯郷温泉ー勝間田駅
美作ラグビーサッカー場入口,（株）美作共同バス,大原駅ー真加部上ー勝間田駅
押渕下,中鉄北部バス（株）,高下・スポーツセンター線
安井下,美咲町,柵原星のふるさとバス
打穴西公会堂,美咲町,CHUOかめっち。
神場,新見市,市営バス　布瀬線
平田,備北バス（株）,"刑部〜市役所〜新見駅, 天原〜金谷〜長谷川病院, 天原〜大畑〜長谷川病院, 天原〜大畑〜新見駅"
休乢,美咲町,あさひチェリーバス
毘沙門橋,美咲町,あさひチェリーバス
本町,赤磐市,赤磐・美作線
本町,宇野自動車（株）,林野線
本町,（株）美作共同バス,"大原駅ー湯郷温泉ー勝間田駅, 大原駅ー真加部上ー勝間田駅"
野原,美咲町,旭川さくらバス
百々上,美咲町,柵原星のふるさとバス
林野バスセンター,赤磐市,赤磐・美作線
林野バスセンター,宇野自動車（株）,林野線
勘定下,新見市,市営バス　布瀬線
上本町,（株）美作共同バス,大原駅ー湯郷温泉ー勝間田駅
林野,（株）美作共同バス,"大原駅ー湯郷温泉ー勝間田駅, 大原駅ー真加部上ー勝間田駅"
サンエース,美咲町,"美咲町支所間バス　旭線, 美咲町支所間バス　柵原線, CHUOかめっち。"
宗金,備北バス（株）,"きらめき広場〜新見駅〜市役所, 千屋温泉〜仲村上〜市役所, 千屋温泉〜別所〜新見駅, 千屋温泉〜仲村上〜新見駅, 新見市街地循環バス「ら・くるっと」"
勘定,新見市,市営バス　布瀬線
朽木,（株）美作共同バス,大原駅ー湯郷温泉ー勝間田駅
旭町,美作市,美作バス（林野駅〜柵原病院前）
平田,（株）美作共同バス,大原駅ー湯郷温泉ー勝間田駅
湯舟,備北バス（株）,きらめき広場〜新見駅〜市役所
湯舟,新見市,市営バス　木谷線
上間口,美咲町,柵原星のふるさとバス
三倉田上,美作市,美作バス（林野駅〜柵原病院前）
運動公園口,備北バス（株）,"刑部〜市役所〜新見駅, 天原〜金谷〜長谷川病院, 天原〜大畑〜長谷川病院, 天原〜大畑〜新見駅"
毘沙門,美咲町,"美咲町支所間バス　旭線, あさひチェリーバス"
高尾,備北バス（株）,"きらめき広場〜新見駅〜市役所, 千屋温泉〜仲村上〜市役所, 千屋温泉〜別所〜新見駅, 千屋温泉〜仲村上〜新見駅, 刑部〜市役所〜新見駅, 天原〜金谷〜長谷川病院, 満奇洞〜湯川〜長谷川病院, 新見市街地循環バス「ら・くるっと」"
湯井,新見市,市営バス　布瀬線
百々中,美咲町,柵原星のふるさとバス
美咲町役場,美咲町,"美咲町支所間バス　旭線, 美咲町支所間バス　柵原線, CHUOかめっち。"
羽仁橋,中鉄北部バス（株）,高下・スポーツセンター線
大宮前,美咲町,柵原星のふるさとバス
美作第一小学校前,赤磐市,赤磐・美作線
美作第一小学校前,宇野自動車（株）,林野線
湯郷北,（株）美作共同バス,"大原駅ー湯郷温泉ー勝間田駅, 大原駅ー真加部上ー勝間田駅"
舞高,美咲町,旭川さくらバス
塚角大土原,美咲町,美咲町支所間バス　柵原線
新市,新見市,市営バス　木谷線
福田住宅入口,（株）美作共同バス,大原駅ー真加部上ー勝間田駅
大学前,備北バス（株）,新見市街地循環バス「ら・くるっと」
下長内,美作市,美作バス（林野駅〜柵原病院前）
亀甲診療所,美咲町,美咲町支所間バス　柵原線
神代駅,備北バス（株）,きらめき広場〜新見駅〜市役所
神代駅前,新見市,市営バス　木谷線
渡辺病院,備北バス（株）,"きらめき広場〜新見駅〜市役所, 千屋温泉〜仲村上〜市役所, 千屋温泉〜別所〜新見駅, 千屋温泉〜仲村上〜新見駅, 刑部〜市役所〜新見駅, 天原〜金谷〜長谷川病院, 満奇洞〜湯川〜長谷川病院"
塚角上,中鉄北部バス（株）,高下・スポーツセンター線
西方小学校前,備北バス（株）,新見市街地循環バス「ら・くるっと」
長谷川病院前,備北バス（株）,新見市街地循環バス「ら・くるっと」
長谷川病院,備北バス（株）,"きらめき広場〜新見駅〜市役所, 千屋温泉〜仲村上〜市役所, 千屋温泉〜別所〜新見駅, 千屋温泉〜仲村上〜新見駅, 刑部〜市役所〜新見駅, 天原〜金谷〜長谷川病院, 天原〜大畑〜長谷川病院, 満奇洞〜湯川〜長谷川病院"
くろかみ前,備北バス（株）,新見市街地循環バス「ら・くるっと」
百々下,美咲町,柵原星のふるさとバス
保育園前,新見市,市営バス　木谷線
湯郷温泉,（株）美作共同バス,大原駅ー湯郷温泉ー勝間田駅
湯郷温泉上,赤磐市,赤磐・美作線
湯郷温泉上,宇野自動車（株）,林野線
湯郷東,（株）美作共同バス,"大原駅ー湯郷温泉ー勝間田駅, 大原駅ー真加部上ー勝間田駅"
神代郵便局,備北バス（株）,きらめき広場〜新見駅〜市役所
西方辻田,備北バス（株）,新見市街地循環バス「ら・くるっと」
上長内,美作市,美作バス（林野駅〜柵原病院前）
福祉センター前,新見市,市営バス　木谷線
大門,美作市,美作バス（林野駅〜柵原病院前）
一中北,備北バス（株）,新見市街地循環バス「ら・くるっと」
千丸,備北バス（株）,"刑部〜市役所〜新見駅, 天原〜金谷〜長谷川病院, 天原〜大畑〜長谷川病院, 天原〜大畑〜新見駅"
則平,美作市,美作バス（林野駅〜柵原病院前）
三倉田下,美作市,美作バス（林野駅〜柵原病院前）
美作文化センター,（株）美作共同バス,大原駅ー真加部上ー勝間田駅
一中前,備北バス（株）,"きらめき広場〜新見駅〜市役所, 千屋温泉〜仲村上〜市役所, 千屋温泉〜別所〜新見駅, 千屋温泉〜仲村上〜新見駅, 刑部〜市役所〜新見駅, 天原〜金谷〜長谷川病院, 天原〜大畑〜長谷川病院, 満奇洞〜湯川〜長谷川病院, 新見市街地循環バス「ら・くるっと」"
かみ団地,美咲町,美咲町支所間バス　柵原線
矢谷橋,美咲町,あさひチェリーバス
湯郷下,（株）美作共同バス,大原駅ー真加部上ー勝間田駅
吉末,美咲町,あさひチェリーバス
湯郷温泉下,赤磐市,赤磐・美作線
湯郷温泉下,宇野自動車（株）,林野線
湯郷温泉鷺湯橋,赤磐市,赤磐・美作線
鷺湯橋,宇野自動車（株）,林野線
湯郷西,美作市,美作バス（林野駅〜柵原病院前）
塚角下,中鉄北部バス（株）,高下・スポーツセンター線
宮地町,備北バス（株）,"刑部〜市役所〜新見駅, 天原〜金谷〜長谷川病院, 天原〜大畑〜長谷川病院, 天原〜大畑〜新見駅"
JA前,備北バス（株）,新見市街地循環バス「ら・くるっと」
行信下,美咲町,柵原星のふるさとバス
畑沖,美作市,美作バス（林野駅〜柵原病院前）
中国新見,備北バス（株）,"きらめき広場〜新見駅〜市役所, 千屋温泉〜仲村上〜市役所, 千屋温泉〜別所〜新見駅, 千屋温泉〜仲村上〜新見駅, 刑部〜市役所〜新見駅, 天原〜金谷〜長谷川病院, 天原〜大畑〜長谷川病院, 満奇洞〜湯川〜長谷川病院, 新見市街地循環バス「ら・くるっと」"
温泉前,美作市,美作バス（林野駅〜柵原病院前）
原田鳥風呂,美咲町,美咲町支所間バス　旭線
昭和町,備北バス（株）,"千屋温泉〜仲村上〜市役所, 刑部〜市役所〜新見駅, 天原〜金谷〜長谷川病院, 天原〜大畑〜長谷川病院, 天原〜大畑〜新見駅, 新見市街地循環バス「ら・くるっと」"
稲穂,美作市,美作バス（林野駅〜柵原病院前）
宮地町上,備北バス（株）,"刑部〜市役所〜新見駅, 天原〜金谷〜長谷川病院, 天原〜大畑〜長谷川病院, 天原〜大畑〜新見駅"
新見駅,備北バス（株）,"きらめき広場〜新見駅〜市役所, 千屋温泉〜仲村上〜市役所, 千屋温泉〜別所〜新見駅, 千屋温泉〜仲村上〜新見駅, 刑部〜市役所〜新見駅, 天原〜金谷〜長谷川病院, 天原〜大畑〜長谷川病院, 天原〜大畑〜新見駅, 坂本〜矢戸〜新見駅, 満奇洞〜湯川〜新見駅, 満奇洞〜湯川〜長谷川病院, 満奇洞〜唐松〜新見駅, 豊永〜井倉〜新見駅, 豊永〜唐松〜新見駅, 唐松〜正田〜新見駅, ピオーネ交流館〜田津〜新見駅, 新見市街地循環バス「ら・くるっと」"
畑沖,宇野自動車（株）,林野線
行信,美咲町,柵原星のふるさとバス
旧打穴小学校前,美咲町,CHUOかめっち。
太田病院前,備北バス（株）,"きらめき広場〜新見駅〜市役所, 千屋温泉〜仲村上〜市役所, 刑部〜市役所〜新見駅, 天原〜金谷〜長谷川病院, 天原〜大畑〜長谷川病院, 天原〜大畑〜新見駅, 坂本〜矢戸〜新見駅, 満奇洞〜湯川〜新見駅, 満奇洞〜湯川〜長谷川病院, 満奇洞〜唐松〜新見駅, 豊永〜井倉〜新見駅, 豊永〜唐松〜新見駅, 唐松〜正田〜新見駅, ピオーネ交流館〜田津〜新見駅, 新見市街地循環バス「ら・くるっと」"
御茶屋橋,備北バス（株）,"千屋温泉〜仲村上〜市役所, 刑部〜市役所〜新見駅, 天原〜金谷〜長谷川病院, 天原〜大畑〜長谷川病院, 天原〜大畑〜新見駅, 新見市街地循環バス「ら・くるっと」"
門前,備北バス（株）,きらめき広場〜新見駅〜市役所
城山,備北バス（株）,"きらめき広場〜新見駅〜市役所, 千屋温泉〜仲村上〜市役所, 刑部〜市役所〜新見駅, 天原〜金谷〜長谷川病院, 坂本〜矢戸〜新見駅, 満奇洞〜湯川〜新見駅, 満奇洞〜湯川〜長谷川病院, 満奇洞〜唐松〜新見駅, 豊永〜井倉〜新見駅, 豊永〜唐松〜新見駅, 唐松〜正田〜新見駅, ピオーネ交流館〜田津〜新見駅, 新見市街地循環バス「ら・くるっと」"
位田上,美作市,美作バス（林野駅〜柵原病院前）
畑沖,赤磐市,赤磐・美作線
松尾下,美咲町,柵原星のふるさとバス
江道橋,備北バス（株）,"きらめき広場〜新見駅〜市役所, 刑部〜市役所〜新見駅, 天原〜金谷〜長谷川病院, 坂本〜矢戸〜新見駅, 満奇洞〜湯川〜新見駅, 満奇洞〜湯川〜長谷川病院, 満奇洞〜唐松〜新見駅, 豊永〜井倉〜新見駅, 豊永〜唐松〜新見駅, 唐松〜正田〜新見駅, ピオーネ交流館〜田津〜新見駅"
思誠小学校前,備北バス（株）,"きらめき広場〜新見駅〜市役所, 千屋温泉〜仲村上〜市役所, 刑部〜市役所〜新見駅, 天原〜金谷〜長谷川病院, 坂本〜矢戸〜新見駅, 満奇洞〜湯川〜新見駅, 満奇洞〜湯川〜長谷川病院, 満奇洞〜唐松〜新見駅, 豊永〜井倉〜新見駅, 豊永〜唐松〜新見駅, 唐松〜正田〜新見駅, ピオーネ交流館〜田津〜新見駅, 新見市街地循環バス「ら・くるっと」"
裁判所前,備北バス（株）,新見市街地循環バス「ら・くるっと」
中央病院前（新見市）,備北バス（株）,新見市街地循環バス「ら・くるっと」
畑沖下,赤磐市,赤磐・美作線
畑沖下,宇野自動車（株）,林野線
旦土,美咲町,旭川さくらバス
金谷上,備北バス（株）,"刑部〜市役所〜新見駅, 天原〜金谷〜長谷川病院"
加美小学校入口前,美咲町,美咲町支所間バス　旭線
新見高校前,備北バス（株）,"きらめき広場〜新見駅〜市役所, 千屋温泉〜仲村上〜市役所, 刑部〜市役所〜新見駅, 天原〜金谷〜長谷川病院, 坂本〜矢戸〜新見駅, 満奇洞〜湯川〜新見駅, 満奇洞〜湯川〜長谷川病院, 満奇洞〜唐松〜新見駅, 豊永〜井倉〜新見駅, 豊永〜唐松〜新見駅, 唐松〜正田〜新見駅, ピオーネ交流館〜田津〜新見駅"
新城消防機庫,美咲町,美咲町支所間バス　柵原線
大野口,美咲町,旭川さくらバス
通谷,美咲町,"美咲町支所間バス　旭線, あさひチェリーバス"
神社前（新見市）,備北バス（株）,きらめき広場〜新見駅〜市役所
医療生協前,備北バス（株）,新見市街地循環バス「ら・くるっと」
塩気口,美作市,美作バス（林野駅〜柵原病院前）
松尾上,美咲町,柵原星のふるさとバス
新城日向前,美咲町,美咲町支所間バス　柵原線
旧津田小学校前,美咲町,旭川さくらバス
水田下町,備北バス（株）,呰部〜谷尻〜水田下町
大戸,中鉄北部バス（株）,高下・スポーツセンター線
ピオーネ交流館,備北バス（株）,ピオーネ交流館〜田津〜新見駅
日の出町,備北バス（株）,"きらめき広場〜新見駅〜市役所, 千屋温泉〜仲村上〜市役所, 刑部〜市役所〜新見駅, 天原〜金谷〜長谷川病院, 坂本〜矢戸〜新見駅, 満奇洞〜湯川〜新見駅, 満奇洞〜湯川〜長谷川病院, 満奇洞〜唐松〜新見駅, 豊永〜井倉〜新見駅, 豊永〜唐松〜新見駅, 唐松〜正田〜新見駅, ピオーネ交流館〜田津〜新見駅, 新見市街地循環バス「ら・くるっと」"
農協柵原支店,美咲町,美咲町支所間バス　柵原線
水田新町,備北バス（株）,呰部〜谷尻〜水田下町
金谷下,備北バス（株）,"刑部〜市役所〜新見駅, 天原〜金谷〜長谷川病院"
上旦土,美咲町,旭川さくらバス
勝久橋（大戸郵便局奥）,美咲町,美咲町支所間バス　柵原線
勝久橋,中鉄北部バス（株）,高下・スポーツセンター線
小谷口,美咲町,旭川さくらバス
重藤,美作市,美作バス（林野駅〜柵原病院前）
通谷下,美咲町,あさひチェリーバス
消防署前,備北バス（株）,新見市街地循環バス「ら・くるっと」
藤田下,美咲町,柵原星のふるさとバス
市役所前,備北バス（株）,"きらめき広場〜新見駅〜市役所, 千屋温泉〜仲村上〜市役所, 刑部〜市役所〜新見駅, 天原〜金谷〜長谷川病院, 坂本〜矢戸〜新見駅, 満奇洞〜湯川〜新見駅, 満奇洞〜湯川〜長谷川病院, 満奇洞〜唐松〜新見駅, 豊永〜井倉〜新見駅, 豊永〜唐松〜新見駅, 唐松〜正田〜新見駅, ピオーネ交流館〜田津〜新見駅, 新見市街地循環バス「ら・くるっと」"
水田校口,備北バス（株）,呰部〜谷尻〜水田下町
金堀コミュニティハウス,美咲町,美咲町支所間バス　柵原線
河原上,備北バス（株）,きらめき広場〜新見駅〜市役所
下倉敷,赤磐市,赤磐・美作線
下倉敷,宇野自動車（株）,林野線
山田,備北バス（株）,呰部〜谷尻〜水田下町
荒迫,備北バス（株）,呰部〜谷尻〜水田下町
中央図書館,備北バス（株）,新見市街地循環バス「ら・くるっと」
五名,備北バス（株）,呰部〜谷尻〜水田下町
ピオーネ選果場,備北バス（株）,ピオーネ交流館〜田津〜新見駅
栗子橋,美咲町,美咲町支所間バス　柵原線
栗子橋,中鉄北部バス（株）,高下・スポーツセンター線
中藤田,美咲町,柵原星のふるさとバス
水舟,備北バス（株）,"坂本〜矢戸〜新見駅, 満奇洞〜湯川〜新見駅, 満奇洞〜湯川〜長谷川病院, 満奇洞〜唐松〜新見駅, 豊永〜井倉〜新見駅, 豊永〜唐松〜新見駅, 唐松〜正田〜新見駅, ピオーネ交流館〜田津〜新見駅, 新見市街地循環バス「ら・くるっと」"
旧農協旭支店,美咲町,美咲町支所間バス　旭線
旧農協旭支店前,美咲町,あさひチェリーバス
北房IC入口,備北バス（株）,呰部〜谷尻〜水田下町
森国,備北バス（株）,ピオーネ交流館〜田津〜新見駅
西幸公民会館,美咲町,美咲町支所間バス　旭線
栗子,中鉄北部バス（株）,高下・スポーツセンター線
旭中学校前,美咲町,あさひチェリーバス
旭郵便局,美咲町,美咲町支所間バス　旭線
坂根西,備北バス（株）,きらめき広場〜新見駅〜市役所
中田原,備北バス（株）,呰部〜谷尻〜水田下町
上西川,美咲町,旭川さくらバス
井尾口,備北バス（株）,呰部〜谷尻〜水田下町
藤田上,美咲町,柵原星のふるさとバス
藤田上,美作市,美作バス（林野駅〜柵原病院前）
満奇洞,備北バス（株）,"満奇洞〜湯川〜新見駅, 満奇洞〜湯川〜長谷川病院, 満奇洞〜唐松〜新見駅"
西川,美咲町,"あさひチェリーバス, 旭川さくらバス"
旭総合支所,美咲町,美咲町支所間バス　旭線
三ッ角,美咲町,柵原星のふるさとバス
三ッ角,美作市,美作バス（林野駅〜柵原病院前）
下タ組,新見市,市営バス　矢神線
下夕組,備北バス（株）,きらめき広場〜新見駅〜市役所
小原駅前,美咲町,美咲町支所間バス　旭線
荒堀,備北バス（株）,"坂本〜矢戸〜新見駅, 満奇洞〜湯川〜新見駅, 満奇洞〜湯川〜長谷川病院, 満奇洞〜唐松〜新見駅, 豊永〜井倉〜新見駅, 豊永〜唐松〜新見駅, 唐松〜正田〜新見駅, ピオーネ交流館〜田津〜新見駅, 新見市街地循環バス「ら・くるっと」"
谷尻,備北バス（株）,呰部〜谷尻〜水田下町
唐松,備北バス（株）,"満奇洞〜湯川〜長谷川病院, 満奇洞〜唐松〜新見駅, 豊永〜唐松〜新見駅, 唐松〜正田〜新見駅, ピオーネ交流館〜田津〜新見駅"
田津,備北バス（株）,ピオーネ交流館〜田津〜新見駅
正田上組,備北バス（株）,"坂本〜矢戸〜新見駅, 満奇洞〜湯川〜新見駅, 満奇洞〜湯川〜長谷川病院, 満奇洞〜唐松〜新見駅, 豊永〜井倉〜新見駅, 豊永〜唐松〜新見駅, 唐松〜正田〜新見駅, ピオーネ交流館〜田津〜新見駅, 新見市街地循環バス「ら・くるっと」"
稚児宮,美咲町,柵原星のふるさとバス
稚児宮,美作市,美作バス（林野駅〜柵原病院前）
城田,美作市,英田バス（津山線）
火田城バス停,美咲町,美咲町支所間バス　柵原線
市岡駅,新見市,市営バス　矢神線
市岡駅,備北バス（株）,きらめき広場〜新見駅〜市役所
桜,備北バス（株）,"満奇洞〜湯川〜新見駅, 満奇洞〜湯川〜長谷川病院, 満奇洞〜唐松〜新見駅"
樫村,赤磐市,赤磐・美作線
樫村,宇野自動車（株）,林野線
畑中,備北バス（株）,呰部〜谷尻〜水田下町
大戸上三差路,美咲町,美咲町支所間バス　柵原線
赤馬口,備北バス（株）,"満奇洞〜湯川〜新見駅, 満奇洞〜湯川〜長谷川病院, 満奇洞〜唐松〜新見駅, 豊永〜井倉〜新見駅, 豊永〜唐松〜新見駅, ピオーネ交流館〜田津〜新見駅"
名杭,美作市,英田バス（津山線）
二の宮,新見市,市営バス　矢神線
二の宮,備北バス（株）,きらめき広場〜新見駅〜市役所
下組,備北バス（株）,"坂本〜矢戸〜新見駅, 満奇洞〜湯川〜新見駅, 満奇洞〜湯川〜長谷川病院, 満奇洞〜唐松〜新見駅, 豊永〜井倉〜新見駅, 豊永〜唐松〜新見駅, 唐松〜正田〜新見駅, ピオーネ交流館〜田津〜新見駅, 新見市街地循環バス「ら・くるっと」"
サンパーク新見,備北バス（株）,"坂本〜矢戸〜新見駅, 満奇洞〜湯川〜新見駅, 満奇洞〜湯川〜長谷川病院, 満奇洞〜唐松〜新見駅, 豊永〜井倉〜新見駅, 豊永〜唐松〜新見駅, 唐松〜正田〜新見駅, ピオーネ交流館〜田津〜新見駅, 新見市街地循環バス「ら・くるっと」"
中学校前,備北バス（株）,呰部〜谷尻〜水田下町
今見,備北バス（株）,"坂本〜矢戸〜新見駅, 満奇洞〜湯川〜新見駅, 満奇洞〜湯川〜長谷川病院, 満奇洞〜唐松〜新見駅, 豊永〜井倉〜新見駅, 豊永〜唐松〜新見駅, 唐松〜正田〜新見駅, ピオーネ交流館〜田津〜新見駅, 新見市街地循環バス「ら・くるっと」"
惣田,美咲町,柵原星のふるさとバス
惣田,美作市,美作バス（林野駅〜柵原病院前）
平古屋,新見市,市営バス　矢神線
佐伏,備北バス（株）,"満奇洞〜湯川〜新見駅, 満奇洞〜湯川〜長谷川病院, 満奇洞〜唐松〜新見駅, ピオーネ交流館〜田津〜新見駅"
火田城橋,中鉄北部バス（株）,高下・スポーツセンター線
北房小学校前,備北バス（株）,呰部〜谷尻〜水田下町
寺内,備北バス（株）,"満奇洞〜湯川〜新見駅, 満奇洞〜湯川〜長谷川病院, 満奇洞〜唐松〜新見駅, 豊永〜井倉〜新見駅, 豊永〜唐松〜新見駅, ピオーネ交流館〜田津〜新見駅"
高松口,新見市,市営バス　宮河内線
満奇洞口,備北バス（株）,"満奇洞〜湯川〜新見駅, 満奇洞〜湯川〜長谷川病院, 満奇洞〜唐松〜新見駅, 豊永〜井倉〜新見駅, 豊永〜唐松〜新見駅, ピオーネ交流館〜田津〜新見駅"
養魚場,備北バス（株）,ピオーネ交流館〜田津〜新見駅
下山,美作市,英田バス（津山線）
安末,備北バス（株）,呰部〜谷尻〜水田下町
呰部,備北バス（株）,"呰部〜塩坪〜高梁駅, 呰部〜谷尻〜水田下町"
大戸上定宗,美咲町,美咲町支所間バス　柵原線
柵原西小学校前,中鉄北部バス（株）,高下・スポーツセンター線
竹口前,新見市,市営バス　矢神線
竹口前,備北バス（株）,きらめき広場〜新見駅〜市役所
氏名戸,備北バス（株）,ピオーネ交流館〜田津〜新見駅
休石,美咲町,柵原星のふるさとバス
休石,美作市,美作バス（林野駅〜柵原病院前）
井手口,備北バス（株）,"満奇洞〜湯川〜新見駅, 満奇洞〜湯川〜長谷川病院, 満奇洞〜唐松〜新見駅, 豊永〜井倉〜新見駅, 豊永〜唐松〜新見駅, 唐松〜正田〜新見駅, ピオーネ交流館〜田津〜新見駅, 新見市街地循環バス「ら・くるっと」"
豊永,備北バス（株）,"満奇洞〜湯川〜新見駅, 満奇洞〜湯川〜長谷川病院, 満奇洞〜唐松〜新見駅, 豊永〜井倉〜新見駅, 豊永〜唐松〜新見駅, ピオーネ交流館〜田津〜新見駅"
健康の森学園,新見市,市営バス　宮河内線
土橋,備北バス（株）,"満奇洞〜湯川〜新見駅, 満奇洞〜湯川〜長谷川病院, 満奇洞〜唐松〜新見駅, 豊永〜井倉〜新見駅, 豊永〜唐松〜新見駅, ピオーネ交流館〜田津〜新見駅"
小瀬,中鉄北部バス（株）,高下・スポーツセンター線
宮の前（唐松）,備北バス（株）,"満奇洞〜湯川〜長谷川病院, 満奇洞〜唐松〜新見駅, 豊永〜唐松〜新見駅, 唐松〜正田〜新見駅, ピオーネ交流館〜田津〜新見駅"
石坂商店前,美咲町,旭川さくらバス
蓮台寺口,備北バス（株）,ピオーネ交流館〜田津〜新見駅
位田口,備北バス（株）,"満奇洞〜湯川〜長谷川病院, 満奇洞〜唐松〜新見駅, 豊永〜唐松〜新見駅, ピオーネ交流館〜田津〜新見駅"
歯科診察所前,備北バス（株）,"満奇洞〜湯川〜新見駅, 満奇洞〜湯川〜長谷川病院, 満奇洞〜唐松〜新見駅, 豊永〜井倉〜新見駅, 豊永〜唐松〜新見駅, ピオーネ交流館〜田津〜新見駅"
下馬,新見市,市営バス　矢神線
岩本,備北バス（株）,"満奇洞〜湯川〜新見駅, 満奇洞〜湯川〜長谷川病院, 満奇洞〜唐松〜新見駅, 豊永〜井倉〜新見駅, 豊永〜唐松〜新見駅, ピオーネ交流館〜田津〜新見駅"
足見口,備北バス（株）,ピオーネ交流館〜田津〜新見駅
宮組,備北バス（株）,"満奇洞〜湯川〜長谷川病院, 満奇洞〜唐松〜新見駅, 豊永〜唐松〜新見駅, 唐松〜正田〜新見駅, ピオーネ交流館〜田津〜新見駅"
改新口,新見市,市営バス　宮河内線
長作堂,備北バス（株）,"満奇洞〜湯川〜新見駅, 満奇洞〜湯川〜長谷川病院, 満奇洞〜唐松〜新見駅, 豊永〜井倉〜新見駅, 豊永〜唐松〜新見駅"
湯川,備北バス（株）,"満奇洞〜湯川〜新見駅, 満奇洞〜湯川〜長谷川病院"
湯川診療所,備北バス（株）,"満奇洞〜湯川〜新見駅, 満奇洞〜湯川〜長谷川病院"
旧大垪和出張所前,美咲町,CHUOかめっち。
尾原上,赤磐市,赤磐・美作線
尾原上,宇野自動車（株）,林野線
石蟹上,備北バス（株）,"満奇洞〜湯川〜新見駅, 満奇洞〜湯川〜長谷川病院, 満奇洞〜唐松〜新見駅, 豊永〜井倉〜新見駅, 豊永〜唐松〜新見駅, 唐松〜正田〜新見駅, ピオーネ交流館〜田津〜新見駅, 新見市街地循環バス「ら・くるっと」"
寄定,備北バス（株）,"満奇洞〜湯川〜新見駅, 満奇洞〜湯川〜長谷川病院"
宮の乢,美咲町,CHUOかめっち。
宮地,備北バス（株）,"満奇洞〜湯川〜長谷川病院, 満奇洞〜唐松〜新見駅, 豊永〜唐松〜新見駅, 唐松〜正田〜新見駅, ピオーネ交流館〜田津〜新見駅"
矢神小学校前,新見市,市営バス　矢神線
矢神小学校前,備北バス（株）,きらめき広場〜新見駅〜市役所
蟹川,備北バス（株）,呰部〜塩坪〜高梁駅
鳥渕,美作市,英田バス（津山線）
尾原,赤磐市,赤磐・美作線
尾原,宇野自動車（株）,林野線
新屋,備北バス（株）,"満奇洞〜湯川〜新見駅, 満奇洞〜湯川〜長谷川病院, 満奇洞〜唐松〜新見駅, 豊永〜井倉〜新見駅, 豊永〜唐松〜新見駅"
石蟹,備北バス（株）,"満奇洞〜湯川〜新見駅, 満奇洞〜湯川〜長谷川病院, 満奇洞〜唐松〜新見駅, 豊永〜井倉〜新見駅, 豊永〜唐松〜新見駅, 唐松〜正田〜新見駅, 石蟹〜井倉〜岩中, ピオーネ交流館〜田津〜新見駅, 新見市街地循環バス「ら・くるっと」"
昭和橋,中鉄北部バス（株）,高下・スポーツセンター線
川合,備北バス（株）,"満奇洞〜湯川〜長谷川病院, 満奇洞〜唐松〜新見駅, 豊永〜唐松〜新見駅, 唐松〜正田〜新見駅, ピオーネ交流館〜田津〜新見駅"
宮城橋,備北バス（株）,坂本〜矢戸〜新見駅
長屋,備北バス（株）,"満奇洞〜湯川〜新見駅, 満奇洞〜湯川〜長谷川病院, 満奇洞〜唐松〜新見駅, 豊永〜井倉〜新見駅, 豊永〜唐松〜新見駅, 唐松〜正田〜新見駅, 石蟹〜井倉〜岩中, ピオーネ交流館〜田津〜新見駅"
新屋原,備北バス（株）,"満奇洞〜湯川〜新見駅, 満奇洞〜湯川〜長谷川病院, 満奇洞〜唐松〜新見駅, 豊永〜井倉〜新見駅, 豊永〜唐松〜新見駅"
柵原総合支所,美咲町,美咲町支所間バス　柵原線
西本,新見市,市営バス　宮河内線
和田北（旧バス停）,美咲町,CHUOかめっち。
石蟹下,備北バス（株）,"満奇洞〜湯川〜新見駅, 満奇洞〜湯川〜長谷川病院, 満奇洞〜唐松〜新見駅, 豊永〜井倉〜新見駅, 豊永〜唐松〜新見駅, 唐松〜正田〜新見駅, 石蟹〜井倉〜岩中, ピオーネ交流館〜田津〜新見駅"
和田北（金地）,美咲町,CHUOかめっち。
改新集会所,新見市,市営バス　ふれあいバス　大谷線
蟹川上,備北バス（株）,呰部〜塩坪〜高梁駅
広瀬橋,備北バス（株）,"満奇洞〜湯川〜新見駅, 満奇洞〜湯川〜長谷川病院, 満奇洞〜唐松〜新見駅, 豊永〜井倉〜新見駅, 豊永〜唐松〜新見駅, 唐松〜正田〜新見駅, 石蟹〜井倉〜岩中, ピオーネ交流館〜田津〜新見駅"
久木橋,中鉄北部バス（株）,高下・スポーツセンター線
宮河内,新見市,市営バス　宮河内線
食源の里,新見市,市営バス　宮河内線
農協矢神支所前,新見市,市営バス　矢神線
農協矢神支所,備北バス（株）,きらめき広場〜新見駅〜市役所
尾谷橋,美作市,英田バス（津山線）
和田北（長箱）,美咲町,CHUOかめっち。
河原田,備北バス（株）,"満奇洞〜湯川〜新見駅, 満奇洞〜湯川〜長谷川病院, 満奇洞〜唐松〜新見駅, 豊永〜井倉〜新見駅, 豊永〜唐松〜新見駅, 石蟹〜井倉〜岩中"
藤原上,中鉄北部バス（株）,高下・スポーツセンター線
藤原中,美咲町,美咲町支所間バス　柵原線
藤原中,中鉄北部バス（株）,高下・スポーツセンター線
山際,備北バス（株）,山際〜大瀬八長〜〜高梁駅
山際,高梁市,生活福祉バス（中井・川面・巨瀬地域）山際線
尾谷,赤磐市,赤磐・美作線
尾谷,宇野自動車（株）,林野線
山崎橋,岡山市,御津・建部コミュニティバス　鶴田線
豊岡,新見市,市営バス　宮河内線
幸田,新見市,市営バス　宮河内線
幸田,備北バス（株）,坂本〜矢戸〜新見駅
浜尻,美咲町,"美咲町支所間バス　旭線, 旭川さくらバス"
栃原橋,美咲町,旭川さくらバス
栃原,美咲町,旭川さくらバス
下中津井,備北バス（株）,呰部〜塩坪〜高梁駅
浪方,新見市,市営バス　矢神線
浪方,備北バス（株）,きらめき広場〜新見駅〜市役所
森脇宅前,新見市,市営バス　ふれあいバス　花木線
山際集会所,高梁市,生活福祉バス（中井・川面・巨瀬地域）山際線
中津井,備北バス（株）,呰部〜塩坪〜高梁駅
柵原病院前,美咲町,柵原星のふるさとバス
柵原病院前,中鉄北部バス（株）,高下・スポーツセンター線
柵原病院前,美作市,美作バス（林野駅〜柵原病院前）
藤原橋,中鉄北部バス（株）,高下・スポーツセンター線
江与味,美咲町,旭川さくらバス
農協江与味支店,美咲町,美咲町支所間バス　旭線
江与味コミュニティセンター,美咲町,美咲町支所間バス　旭線
英田青野上,美作市,英田バス（津山線）
谷口橋,美作市,英田バス（津山線）
横内,備北バス（株）,山際〜大瀬八長〜〜高梁駅
横内,高梁市,生活福祉バス（中井・川面・巨瀬地域）山際線
長柄,新見市,市営バス　宮河内線
長柄,備北バス（株）,坂本〜矢戸〜新見駅
英田青野下,美作市,英田バス（津山線）
広戸,岡山市,御津・建部コミュニティバス　鶴田線
椿谷,赤磐市,赤磐・美作線
椿谷,宇野自動車（株）,林野線
杉谷,中鉄バス（株）,下加茂・尾原・杉谷・福沢線
吉田宅下,新見市,市営バス　ふれあいバス　花木線
矢神駅,新見市,市営バス　矢神線
矢神駅,備北バス（株）,きらめき広場〜新見駅〜市役所
吉ヶ原,中鉄北部バス（株）,高下・スポーツセンター線
羅生門入口,備北バス（株）,"満奇洞〜湯川〜新見駅, 満奇洞〜湯川〜長谷川病院, 満奇洞〜唐松〜新見駅, 豊永〜井倉〜新見駅, 豊永〜唐松〜新見駅"
さこ,中鉄北部バス（株）,高下・スポーツセンター線
吉ヶ原鉱山公園,美咲町,美咲町支所間バス　柵原線
吉ヶ原中之町,中鉄北部バス（株）,高下・スポーツセンター線
引坂乢,岡山市,御津・建部コミュニティバス　鶴田線
吉ヶ原上之町,中鉄北部バス（株）,高下・スポーツセンター線
小林宅下,新見市,市営バス　ふれあいバス　花木線
大原東,備北バス（株）,"満奇洞〜湯川〜新見駅, 満奇洞〜湯川〜長谷川病院, 満奇洞〜唐松〜新見駅, 豊永〜井倉〜新見駅, 豊永〜唐松〜新見駅"
広西公民館,岡山市,御津・建部コミュニティバス　鶴田線
橋本宅前,新見市,市営バス　ふれあいバス　花木線
定,備北バス（株）,呰部〜塩坪〜高梁駅
谷上公民館,岡山市,御津・建部コミュニティバス　鶴田線
広西松本,岡山市,御津・建部コミュニティバス　鶴田線
本町,新見市,市営バス　矢神線
大山,新見市,市営バス　ふれあいバス　大谷線
牧田宅前,新見市,市営バス　ふれあいバス　花木線
下長屋,備北バス（株）,"満奇洞〜湯川〜新見駅, 満奇洞〜湯川〜長谷川病院, 満奇洞〜唐松〜新見駅, 豊永〜井倉〜新見駅, 豊永〜唐松〜新見駅, 石蟹〜井倉〜岩中"
小原,赤磐市,赤磐・美作線
小原,宇野自動車（株）,林野線
小原,美作市,英田バス（津山線）
幸田,備北バス（株）,"満奇洞〜湯川〜新見駅, 満奇洞〜湯川〜長谷川病院, 満奇洞〜唐松〜新見駅, 豊永〜井倉〜新見駅, 豊永〜唐松〜新見駅, 石蟹〜井倉〜岩中"
難波宅前,新見市,市営バス　ふれあいバス　花木線
杉谷口,中鉄バス（株）,下加茂・尾原・杉谷・福沢線
本郷,備北バス（株）,坂本〜矢戸〜新見駅
広西,岡山市,御津・建部コミュニティバス　鶴田線
田の河内入口,新見市,"市営バス　ふれあいバス　大谷線, 市営バス　ふれあいバス　横谷線"
畝東,岡山市,御津・建部コミュニティバス　鶴田線
笑田公民館,岡山市,御津・建部コミュニティバス　旭川線
福本,赤磐市,赤磐・美作線
福本,宇野自動車（株）,林野線
福本,美作市,英田バス（津山線）
大原,備北バス（株）,"満奇洞〜湯川〜新見駅, 満奇洞〜湯川〜長谷川病院, 満奇洞〜唐松〜新見駅, 豊永〜井倉〜新見駅, 豊永〜唐松〜新見駅"
笑田,岡山市,御津・建部コミュニティバス　旭川線
栃原下,美咲町,旭川さくらバス
さくらバス乗換場所,岡山市,御津・建部コミュニティバス　旭川線
小学校前（本郷）,備北バス（株）,坂本〜矢戸〜新見駅
総合センター,新見市,"市営バス　ふれあいバス　大谷線, 市営バス　ふれあいバス　花木線, 市営バス　ふれあいバス　横谷線, 市営バス　ふれあいバス　松本線, 市営バス　ふれあいバス　目金線・長楽線, 市営バス　ふれあいバス　田井原線, 市営バス　ふれあいバス　荻尾本郷線"
本郷小学校前,新見市,市営バス　宮河内線
平田（真庭市）,備北バス（株）,呰部〜塩坪〜高梁駅
横谷入口,新見市,"市営バス　ふれあいバス　大谷線, 市営バス　ふれあいバス　横谷線"
畝文化センター,岡山市,御津・建部コミュニティバス　鶴田線
メディカルクリニック,新見市,"市営バス　宮河内線, 市営バス　ふれあいバス　大谷線, 市営バス　ふれあいバス　花木線, 市営バス　ふれあいバス　横谷線, 市営バス　ふれあいバス　松本線, 市営バス　ふれあいバス　目金線・長楽線, 市営バス　ふれあいバス　田井原線, 市営バス　ふれあいバス　荻尾本郷線"
メディカルクリニック,備北バス（株）,坂本〜矢戸〜新見駅
溝部,中鉄バス（株）,下加茂・尾原・杉谷・福沢線
哲多支局前,新見市,"市営バス　宮河内線, 市営バス　ふれあいバス　大谷線, 市営バス　ふれあいバス　花木線, 市営バス　ふれあいバス　横谷線, 市営バス　ふれあいバス　松本線, 市営バス　ふれあいバス　目金線・長楽線, 市営バス　ふれあいバス　田井原線"
哲多支局前,備北バス（株）,坂本〜矢戸〜新見駅
大西三叉路,新見市,市営バス　ふれあいバス　花木線
入野,高梁市,生活福祉バス（中井・川面・巨瀬地域）山際線
祝木,岡山市,御津・建部コミュニティバス　鶴田線
高太郎口,備北バス（株）,"満奇洞〜湯川〜新見駅, 満奇洞〜湯川〜長谷川病院, 満奇洞〜唐松〜新見駅, 豊永〜井倉〜新見駅, 豊永〜唐松〜新見駅, 石蟹〜井倉〜岩中"
矢谷口,中鉄北部バス（株）,高下・スポーツセンター線
福本下,赤磐市,赤磐・美作線
福本下,宇野自動車（株）,林野線
上代作業所,岡山市,御津・建部コミュニティバス　鶴田線
川関,備北バス（株）,川関〜川関口〜高梁駅
哲多支局入口,備北バス（株）,坂本〜矢戸〜新見駅
割舟三差路,岡山市,御津・建部コミュニティバス　鶴田線
馬場上,新見市,市営バス　矢神線
旧花木小学校,新見市,市営バス　ふれあいバス　花木線
馬場,備北バス（株）,きらめき広場〜新見駅〜市役所
入野公民館,岡山市,御津・建部コミュニティバス　鶴田線
改新入口,新見市,市営バス　ふれあいバス　大谷線
誕生寺支援学校（弓削）,美咲町,美咲町支所間バス　旭線
守家集会所,新見市,"市営バス　宮河内線, 市営バス　ふれあいバス　横谷線, 市営バス　ふれあいバス　目金線・長楽線"
長尾集会所,岡山市,御津・建部コミュニティバス　鶴田線
王子,中鉄北部バス（株）,高下・スポーツセンター線
王子コミュニティハウス,美咲町,美咲町支所間バス　柵原線
きらめき広場,新見市,"市営バス　大野部線, 市営バス　矢神線"
きらめき広場哲西,備北バス（株）,きらめき広場〜新見駅〜市役所
長尾第2,岡山市,御津・建部コミュニティバス　鶴田線
王子橋,赤磐市,赤磐・美作線
王子橋,宇野自動車（株）,林野線
東村,備北バス（株）,"満奇洞〜湯川〜新見駅, 満奇洞〜湯川〜長谷川病院, 満奇洞〜唐松〜新見駅, 豊永〜井倉〜新見駅, 豊永〜唐松〜新見駅"
中組集会所,新見市,市営バス　ふれあいバス　花木線
清常,備北バス（株）,呰部〜塩坪〜高梁駅
姫原橋,備北バス（株）,"満奇洞〜湯川〜新見駅, 満奇洞〜湯川〜長谷川病院, 満奇洞〜唐松〜新見駅, 豊永〜井倉〜新見駅, 豊永〜唐松〜新見駅, 石蟹〜井倉〜岩中"
さじき乢,岡山市,御津・建部コミュニティバス　鶴田線
後原入口,新見市,市営バス　ふれあいバス　大谷線
入野口,岡山市,御津・建部コミュニティバス　鶴田線
草間寺口,備北バス（株）,"満奇洞〜湯川〜新見駅, 満奇洞〜湯川〜長谷川病院, 満奇洞〜唐松〜新見駅, 豊永〜井倉〜新見駅, 豊永〜唐松〜新見駅"
草間支所,備北バス（株）,"満奇洞〜湯川〜新見駅, 満奇洞〜湯川〜長谷川病院, 満奇洞〜唐松〜新見駅, 豊永〜井倉〜新見駅, 豊永〜唐松〜新見駅"
井倉駅,新見市,市営バス　荻尾線
井倉駅前,備北バス（株）,"満奇洞〜湯川〜新見駅, 満奇洞〜湯川〜長谷川病院, 満奇洞〜唐松〜新見駅, 豊永〜井倉〜新見駅, 豊永〜唐松〜新見駅, 石蟹〜井倉〜岩中"
西草間,備北バス（株）,"満奇洞〜湯川〜新見駅, 満奇洞〜湯川〜長谷川病院, 満奇洞〜唐松〜新見駅, 豊永〜井倉〜新見駅, 豊永〜唐松〜新見駅"
上井倉,備北バス（株）,"満奇洞〜湯川〜新見駅, 満奇洞〜湯川〜長谷川病院, 満奇洞〜唐松〜新見駅, 豊永〜井倉〜新見駅, 豊永〜唐松〜新見駅, 石蟹〜井倉〜岩中"
八幡前,備北バス（株）,坂本〜矢戸〜新見駅
鷺橋,中鉄北部バス（株）,高下・スポーツセンター線
諏訪山八幡前,新見市,"市営バス　ふれあいバス　田井原線, 市営バス　ふれあいバス　荻尾本郷線"
天神,赤磐市,赤磐・美作線
天神,宇野自動車（株）,林野線
長尾第3,岡山市,御津・建部コミュニティバス　鶴田線
熊ケ垰伊達前,新見市,市営バス　ふれあいバス　横谷線
清常上,備北バス（株）,呰部〜塩坪〜高梁駅
大山口,新見市,"市営バス　新砥線, 市営バス　ふれあいバス　大谷線"
柏尾,岡山市,御津・建部コミュニティバス　鶴田線
農協飯岡営業所,美咲町,美咲町支所間バス　柵原線
飯岡農協前,中鉄北部バス（株）,高下・スポーツセンター線
田淵,新見市,"市営バス　新砥線, 市営バス　ふれあいバス　大谷線, 市営バス　ふれあいバス　横谷線"
井倉郵便局前,備北バス（株）,"満奇洞〜湯川〜新見駅, 満奇洞〜湯川〜長谷川病院, 満奇洞〜唐松〜新見駅, 豊永〜井倉〜新見駅, 豊永〜唐松〜新見駅, 石蟹〜井倉〜岩中"
郵便局前（井倉）,新見市,市営バス　荻尾線
植木松,備北バス（株）,"満奇洞〜湯川〜新見駅, 満奇洞〜湯川〜長谷川病院, 満奇洞〜唐松〜新見駅, 豊永〜井倉〜新見駅, 豊永〜唐松〜新見駅"
井倉洞,備北バス（株）,"満奇洞〜湯川〜新見駅, 満奇洞〜湯川〜長谷川病院, 満奇洞〜唐松〜新見駅, 豊永〜井倉〜新見駅, 豊永〜唐松〜新見駅, 石蟹〜井倉〜岩中"
どんどん,中鉄北部バス（株）,高下・スポーツセンター線
飯岡中,中鉄北部バス（株）,高下・スポーツセンター線
奥上,赤磐市,赤磐・美作線
奥上,宇野自動車（株）,林野線
平忠口,新見市,"市営バス　新砥線, 市営バス　ふれあいバス　大谷線"
藤田,備北バス（株）,呰部〜塩坪〜高梁駅
守家小林宅前,新見市,"市営バス　ふれあいバス　横谷線, 市営バス　ふれあいバス　目金線・長楽線"
奥,赤磐市,赤磐・美作線
奥,宇野自動車（株）,林野線
高下,赤磐市,赤磐・美作線
高下,宇野自動車（株）,林野線
高下,中鉄北部バス（株）,高下・スポーツセンター線
真根木,新見市,"市営バス　大野部線, 市営バス　矢神線"
高下バス停,美咲町,美咲町支所間バス　柵原線
大蔵公民館,岡山市,御津・建部コミュニティバス　鶴田線
井倉洞前,新見市,市営バス　荻尾線
井倉洞前,備北バス（株）,"満奇洞〜湯川〜新見駅, 満奇洞〜湯川〜長谷川病院, 満奇洞〜唐松〜新見駅, 豊永〜井倉〜新見駅, 豊永〜唐松〜新見駅, 石蟹〜井倉〜岩中"
鴨谷,備北バス（株）,山際〜大瀬八長〜〜高梁駅
鴨谷,高梁市,生活福祉バス（中井・川面・巨瀬地域）山際線
福沢口,中鉄バス（株）,下加茂・尾原・杉谷・福沢線
キャンプ場前,新見市,市営バス　新砥線
畝入口,岡山市,御津・建部コミュニティバス　鶴田線
戸宮公会堂前,新見市,市営バス　ふれあいバス　松本線
平井公民館,岡山市,御津・建部コミュニティバス　鶴田線
桐畑,備北バス（株）,"満奇洞〜湯川〜新見駅, 満奇洞〜湯川〜長谷川病院, 満奇洞〜唐松〜新見駅, 豊永〜井倉〜新見駅, 豊永〜唐松〜新見駅"
大椿寺入口,備北バス（株）,坂本〜矢戸〜新見駅
山室入口,新見市,市営バス　ふれあいバス　花木線
大笠,備北バス（株）,呰部〜塩坪〜高梁駅
谷合上前,備北バス（株）,"満奇洞〜湯川〜新見駅, 満奇洞〜湯川〜長谷川病院, 満奇洞〜唐松〜新見駅, 豊永〜井倉〜新見駅, 豊永〜唐松〜新見駅, 石蟹〜井倉〜岩中"
落合,赤磐市,赤磐・美作線
落合,宇野自動車（株）,林野線
大椿寺口,新見市,"市営バス　ふれあいバス　花木線, 市営バス　ふれあいバス　田井原線, 市営バス　ふれあいバス　荻尾本郷線"
金倉,備北バス（株）,金倉〜有漢インター〜高梁駅
畑木,新見市,"市営バス　大野部線, 市営バス　矢神線"
松宮口,備北バス（株）,"満奇洞〜湯川〜新見駅, 満奇洞〜湯川〜長谷川病院, 満奇洞〜唐松〜新見駅, 豊永〜井倉〜新見駅, 豊永〜唐松〜新見駅, 石蟹〜井倉〜岩中"
大東電機前,岡山市,御津・建部コミュニティバス　鶴田線
新田（哲多）,新見市,"市営バス　新砥線, 市営バス　ふれあいバス　大谷線"
哲多中前,新見市,"市営バス　ふれあいバス　田井原線, 市営バス　ふれあいバス　荻尾本郷線"
哲多中前,備北バス（株）,坂本〜矢戸〜新見駅
周匝上,赤磐市,赤磐・美作線
周匝上,宇野自動車（株）,林野線
白谷橋,新見市,市営バス　荻尾線
本村後,備北バス（株）,山際〜大瀬八長〜〜高梁駅
本村後,高梁市,生活福祉バス（中井・川面・巨瀬地域）山際線
本村,備北バス（株）,山際〜大瀬八長〜〜高梁駅
本村,高梁市,"生活福祉バス（中井・川面・巨瀬地域）中井313経由線, 生活福祉バス（中井・川面・巨瀬地域）山際線"
石寺,備北バス（株）,金倉〜有漢インター〜高梁駅
四日市,新見市,"市営バス　大野部線, 市営バス　矢神線"
上野上,高梁市,生活福祉バス（中井・川面・巨瀬地域）上野線
尾原,中鉄バス（株）,下加茂・尾原・杉谷・福沢線
周匝,赤磐市,"赤磐・美作線, 赤磐・和気線"
周匝,宇野自動車（株）,林野線
津々,備北バス（株）,山際〜大瀬八長〜〜高梁駅
津々,高梁市,生活福祉バス（中井・川面・巨瀬地域）中井313経由線
八塔寺ヴィラ前,備前市,八塔寺線
二川,中鉄バス（株）,下加茂・尾原・杉谷・福沢線
松仁子,備北バス（株）,石蟹〜井倉〜岩中
東畑,備前市,三国和意谷線
吉井支所,美咲町,柵原星のふるさとバス
円通寺,岡山市,御津・建部コミュニティバス　鶴田線
南北,新見市,"市営バス　大野部線, 市営バス　新砥線, 市営バス　ふれあいバス　大谷線"
高岡,備北バス（株）,呰部〜塩坪〜高梁駅
岩中,備北バス（株）,石蟹〜井倉〜岩中
尾原中橋,中鉄バス（株）,下加茂・尾原・杉谷・福沢線
野馳駐在所前,新見市,"市営バス　大野部線, 市営バス　矢神線"
垣,備北バス（株）,金倉〜有漢インター〜高梁駅
垣下,備北バス（株）,金倉〜有漢インター〜高梁駅
吉井中学校前,赤磐市,"赤磐・美作線, 赤磐・和気線"
吉井中学校前,宇野自動車（株）,林野線
上成松公会堂前,新見市,市営バス　ふれあいバス　松本線
中尾口,備北バス（株）,金倉〜有漢インター〜高梁駅
農協前,備北バス（株）,金倉〜有漢インター〜高梁駅
八塔寺,備前市,八塔寺線
倉瀬平,新見市,市営バス　荻尾線
小森温泉前,中鉄バス（株）,下加茂・尾原・杉谷・福沢線
追田,備北バス（株）,山際〜大瀬八長〜〜高梁駅
追田,高梁市,"生活福祉バス（中井・川面・巨瀬地域）中井313経由線, 生活福祉バス（中井・川面・巨瀬地域）山際線"
川関口,備北バス（株）,"金倉〜有漢インター〜高梁駅, 川関〜川関口〜高梁駅"
郵便局前（野馳）,新見市,市営バス　大野部線
引無口,新見市,"市営バス　新砥線, 市営バス　ふれあいバス　横谷線"
滝谷,備前市,三国和意谷線
土居,備北バス（株）,"金倉〜有漢インター〜高梁駅, 川関〜川関口〜高梁駅"
宮原,備北バス（株）,石蟹〜井倉〜岩中
鳥居場,中鉄バス（株）,下加茂・尾原・杉谷・福沢線
大槙,備北バス（株）,山際〜大瀬八長〜〜高梁駅
大槙,高梁市,生活福祉バス（中井・川面・巨瀬地域）中井313経由線
高岡上,備北バス（株）,呰部〜塩坪〜高梁駅
野馳駅,新見市,"市営バス　大野部線, 市営バス　矢神線"
旭川ダム,岡山市,御津・建部コミュニティバス　旭川線
成松,新見市,"市営バス　ふれあいバス　田井原線, 市営バス　ふれあいバス　荻尾本郷線"
成松,備北バス（株）,坂本〜矢戸〜新見駅
上野下,高梁市,生活福祉バス（中井・川面・巨瀬地域）上野線
追田下,備北バス（株）,山際〜大瀬八長〜〜高梁駅
追田下,高梁市,"生活福祉バス（中井・川面・巨瀬地域）中井313経由線, 生活福祉バス（中井・川面・巨瀬地域）山際線"
日輪舎前,備前市,八塔寺線
湯の瀬温泉前,中鉄バス（株）,下加茂・尾原・杉谷・福沢線
豊岡,中鉄バス（株）,下加茂・尾原・杉谷・福沢線
小原,中鉄バス（株）,下加茂・尾原・杉谷・福沢線
いきいきプラザ,中鉄バス（株）,下加茂・尾原・杉谷・福沢線
津々羅,備北バス（株）,山際〜大瀬八長〜〜高梁駅
津々羅,高梁市,生活福祉バス（中井・川面・巨瀬地域）中井313経由線
大谷新見前,新見市,"市営バス　ふれあいバス　大谷線, 市営バス　ふれあいバス　横谷線, 市営バス　ふれあいバス　目金線・長楽線"
上南北,新見市,"市営バス　大野部線, 市営バス　ふれあいバス　大谷線"
茶堂,備北バス（株）,"金倉〜有漢インター〜高梁駅, 川関〜川関口〜高梁駅"
三谷口,中鉄バス（株）,下加茂・尾原・杉谷・福沢線
茶堂下,備北バス（株）,"金倉〜有漢インター〜高梁駅, 川関〜川関口〜高梁駅"
山方口,赤磐市,"赤磐・美作線, 赤磐・和気線"
山方口,宇野自動車（株）,林野線
有漢インター,備北バス（株）,金倉〜有漢インター〜高梁駅
守下前,新見市,市営バス　矢神線
成松上,備北バス（株）,坂本〜矢戸〜新見駅
井上前,新見市,市営バス　大野部線
出合橋,備前市,三国和意谷線
畑谷,新見市,市営バス　荻尾線
原入口前,備前市,八塔寺線
上野口（県道三差路）,高梁市,生活福祉バス（中井・川面・巨瀬地域）上野線
佐内,備北バス（株）,山際〜大瀬八長〜〜高梁駅
佐内,高梁市,生活福祉バス（中井・川面・巨瀬地域）中井313経由線
西方上,備北バス（株）,山際〜大瀬八長〜〜高梁駅
西方上,高梁市,生活福祉バス（中井・川面・巨瀬地域）中井313経由線
三明寺三差路,岡山市,御津・建部コミュニティバス　鶴田線
下尾原,中鉄バス（株）,下加茂・尾原・杉谷・福沢線
津々羅上,高梁市,生活福祉バス（中井・川面・巨瀬地域）中井313経由線
市道篠谷2号線入口,新見市,市営バス　ふれあいバス　松本線
長谷川前,新見市,市営バス　矢神線
吉清,新見市,市営バス　荻尾線
西方,備北バス（株）,山際〜大瀬八長〜〜高梁駅
西方,高梁市,生活福祉バス（中井・川面・巨瀬地域）中井313経由線
西本集会所,高梁市,生活福祉バス（中井・川面・巨瀬地域）中井313経由線
野原公会堂,新見市,市営バス　大野部線
新砥市民センター前,新見市,"市営バス　宮河内線, 市営バス　新砥線, 市営バス　ふれあいバス　大谷線, 市営バス　ふれあいバス　横谷線, 市営バス　ふれあいバス　目金線・長楽線"
農協支所,備北バス（株）,山際〜大瀬八長〜〜高梁駅
農協支所,高梁市,生活福祉バス（中井・川面・巨瀬地域）中井313経由線
横部,中鉄バス（株）,下加茂・尾原・杉谷・福沢線
間方口,新見市,市営バス　ふれあいバス　大谷線
鶴田上,岡山市,御津・建部コミュニティバス　鶴田線
薬師堂,備北バス（株）,呰部〜塩坪〜高梁駅
薬師堂,高梁市,"生活福祉バス（中井・川面・巨瀬地域）中井313経由線, 生活福祉バス（中井・川面・巨瀬地域）山際線"
三明寺公民館,岡山市,御津・建部コミュニティバス　鶴田線
津々羅上方転場,高梁市,生活福祉バス（中井・川面・巨瀬地域）中井313経由線
中井市民センター,高梁市,"生活福祉バス（中井・川面・巨瀬地域）中井313経由線, 生活福祉バス（中井・川面・巨瀬地域）中井180経由線"
横見口,備北バス（株）,"金倉〜有漢インター〜高梁駅, 川関〜川関口〜高梁駅"
福田,赤磐市,"赤磐・美作線, 赤磐・和気線"
福田,宇野自動車（株）,林野線
野原（哲西）,新見市,市営バス　大野部線
上忠入口,新見市,"市営バス　宮河内線, 市営バス　ふれあいバス　大谷線, 市営バス　ふれあいバス　横谷線, 市営バス　ふれあいバス　目金線・長楽線"
野馳小学校前,新見市,市営バス　大野部線
鍛治屋口,備北バス（株）,山際〜大瀬八長〜〜高梁駅
鍛冶屋口,高梁市,生活福祉バス（中井・川面・巨瀬地域）中井180経由線
末森口,新見市,市営バス　荻尾線
二本松,新見市,市営バス　矢神線
花木西（百年塾P付近）,高梁市,生活福祉バス（中井・川面・巨瀬地域）上野線
大竹口,新見市,市営バス　矢神線
赤田,岡山市,御津・建部コミュニティバス　鶴田線
鶴田連絡所前,岡山市,御津・建部コミュニティバス　鶴田線
吉清口,新見市,"市営バス　ふれあいバス　田井原線, 市営バス　ふれあいバス　荻尾本郷線"
吉清口,備北バス（株）,坂本〜矢戸〜新見駅
曲定林寺前,岡山市,御津・建部コミュニティバス　旭川線
鶴田郵便局,岡山市,御津・建部コミュニティバス　鶴田線
鶴田,岡山市,御津・建部コミュニティバス　旭川線
野原口,新見市,市営バス　大野部線
豊岡上,中鉄バス（株）,下加茂・尾原・杉谷・福沢線
鍛治屋,備北バス（株）,山際〜大瀬八長〜〜高梁駅
鍛冶屋,高梁市,生活福祉バス（中井・川面・巨瀬地域）中井180経由線
熊野,新見市,市営バス　荻尾線
郷,備北バス（株）,"金倉〜有漢インター〜高梁駅, 川関〜川関口〜高梁駅"
八幡前,新見市,"市営バス　荻尾線, 市営バス　ふれあいバス　荻尾本郷線"
生木,新見市,市営バス　大野部線
福田住宅前,赤磐市,"赤磐・美作線, 赤磐・和気線"
福田住宅前,宇野自動車（株）,林野線
天満神社前,新見市,市営バス　ふれあいバス　松本線
釼垰,新見市,市営バス　大野部線
大竹集会所,新見市,市営バス　矢神線
森林組合哲多支所,備北バス（株）,坂本〜矢戸〜新見駅
有漢地域局,備北バス（株）,"金倉〜有漢インター〜高梁駅, 川関〜川関口〜高梁駅"
荻尾公会堂,新見市,"市営バス　荻尾線, 市営バス　ふれあいバス　荻尾本郷線"
下畑上,備前市,三国和意谷線
堀田橋,新見市,"市営バス　新砥線, 市営バス　ふれあいバス　目金線・長楽線"
花木橋,備北バス（株）,山際〜大瀬八長〜〜高梁駅
花木橋,高梁市,"生活福祉バス（中井・川面・巨瀬地域）中井180経由線, 生活福祉バス（中井・川面・巨瀬地域）上野線"
保育所前,備北バス（株）,金倉〜有漢インター〜高梁駅
上光寺,中鉄バス（株）,下加茂・尾原・杉谷・福沢線
上忠集会所,新見市,"市営バス　ふれあいバス　大谷線, 市営バス　ふれあいバス　横谷線"
野口作業所,岡山市,御津・建部コミュニティバス　鶴田線
下畑下,備前市,三国和意谷線
荻尾口,新見市,"市営バス　荻尾線, 市営バス　ふれあいバス　荻尾本郷線"
第2ダム,岡山市,"御津・建部コミュニティバス　鶴田線, 御津・建部コミュニティバス　旭川線"
大谷上,備北バス（株）,呰部〜塩坪〜高梁駅
新井,岡山市,"御津・建部コミュニティバス　鶴田線, 御津・建部コミュニティバス　旭川線"
大野部振興C,新見市,市営バス　大野部線
矢戸,備北バス（株）,坂本〜矢戸〜新見駅
萬歳,新見市,"市営バス　荻尾線, 市営バス　新砥線, 市営バス　ふれあいバス　松本線, 市営バス　ふれあいバス　田井原線, 市営バス　ふれあいバス　荻尾本郷線"
井原,新見市,市営バス　荻尾線
井原橋,新見市,市営バス　ふれあいバス　荻尾本郷線
円城北,中鉄バス（株）,下加茂・尾原・杉谷・福沢線
上市,備北バス（株）,金倉〜有漢インター〜高梁駅
花木,備北バス（株）,山際〜大瀬八長〜〜高梁駅
花木,高梁市,"生活福祉バス（中井・川面・巨瀬地域）中井180経由線, 生活福祉バス（中井・川面・巨瀬地域）上野線"
有漢農協前,備北バス（株）,"金倉〜有漢インター〜高梁駅, 川関〜川関口〜高梁駅"
西迫集会所,高梁市,生活福祉バス（中井・川面・巨瀬地域）中井180経由線
岸本上集会所,新見市,市営バス　矢神線
野伏尾,岡山市,御津・建部コミュニティバス　鶴田線
井戸口,新見市,"市営バス　荻尾線, 市営バス　ふれあいバス　荻尾本郷線"
川上,新見市,"市営バス　新砥線, 市営バス　ふれあいバス　田井原線"
有漢市場,備北バス（株）,"金倉〜有漢インター〜高梁駅, 川関〜川関口〜高梁駅"
井戸公会堂,高梁市,生活福祉バス（中井・川面・巨瀬地域）中井180経由線
羽代口,備北バス（株）,山際〜大瀬八長〜〜高梁駅
羽代口,高梁市,"生活福祉バス（中井・川面・巨瀬地域）中井180経由線, 生活福祉バス（中井・川面・巨瀬地域）上野線"
大谷（高梁市）,備北バス（株）,呰部〜塩坪〜高梁駅
塩田,赤磐市,赤磐・和気線
只野下,備北バス（株）,坂本〜矢戸〜新見駅
中野,新見市,"市営バス　新砥線, 市営バス　ふれあいバス　目金線・長楽線"
井原,中鉄バス（株）,下加茂・尾原・杉谷・福沢線
塩田下,赤磐市,赤磐・和気線
長楽市道分れ,新見市,市営バス　ふれあいバス　目金線・長楽線
大藤橋,備前市,三国和意谷線
田畑橋,新見市,市営バス　新砥線
下市,備北バス（株）,"金倉〜有漢インター〜高梁駅, 川関〜川関口〜高梁駅"
滝本口,備北バス（株）,山際〜大瀬八長〜〜高梁駅
滝本口,高梁市,生活福祉バス（中井・川面・巨瀬地域）中井180経由線
品田集会所,岡山市,御津・建部コミュニティバス　旭川線
大藤下,備前市,三国和意谷線
稲蒔,赤磐市,赤磐・美作線
稲蒔,宇野自動車（株）,林野線
落合橋,備前市,三国和意谷線
只野,備北バス（株）,坂本〜矢戸〜新見駅
どて橋,赤磐市,赤磐・和気線
新山前,新見市,市営バス　大野部線
末光橋,新見市,"市営バス　新砥線, 市営バス　ふれあいバス　田井原線"
布寄,新見市,"市営バス　荻尾線, 市営バス　ふれあいバス　荻尾本郷線"
山形橋,備北バス（株）,"金倉〜有漢インター〜高梁駅, 川関〜川関口〜高梁駅"
中山神社前,新見市,市営バス　ふれあいバス　松本線
井戸（方転場）,高梁市,生活福祉バス（中井・川面・巨瀬地域）中井180経由線
金蛍交流館,新見市,"市営バス　新砥線, 市営バス　ふれあいバス　目金線・長楽線"
蚊家口,新見市,"市営バス　新砥線, 市営バス　ふれあいバス　田井原線"
柴倉集会所,高梁市,生活福祉バス（中井・川面・巨瀬地域）上野線
稲蒔口,赤磐市,赤磐・和気線
高田,赤磐市,赤磐・美作線
高田,宇野自動車（株）,林野線
蚊家,新見市,"市営バス　新砥線, 市営バス　ふれあいバス　田井原線"
只野上,備北バス（株）,坂本〜矢戸〜新見駅
三国物産前,備前市,八塔寺線
円城,中鉄バス（株）,下加茂・尾原・杉谷・福沢線
三国小,備前市,三国和意谷線
大谷下,備北バス（株）,呰部〜塩坪〜高梁駅
総合センター入口,赤磐市,赤磐・美作線
吉井総合センター,宇野自動車（株）,林野線
品田橋,岡山市,"御津・建部コミュニティバス　鶴田線, 御津・建部コミュニティバス　旭川線"
志呂神社鳥居前,岡山市,御津・建部コミュニティバス　鶴田線
杖谷,赤磐市,赤磐・和気線
大股,備前市,"三国和意谷線, 八塔寺線"
向山口,新見市,"市営バス　新砥線, 市営バス　ふれあいバス　田井原線"
万才泉,備北バス（株）,坂本〜矢戸〜新見駅
吉田前,新見市,市営バス　大野部線
田井原,新見市,"市営バス　新砥線, 市営バス　ふれあいバス　目金線・長楽線, 市営バス　ふれあいバス　田井原線"
湯の平,備北バス（株）,山際〜大瀬八長〜〜高梁駅
湯の平,高梁市,"生活福祉バス（中井・川面・巨瀬地域）中井180経由線, 生活福祉バス（中井・川面・巨瀬地域）上野線"
佐伯北,赤磐市,赤磐・美作線
佐伯北,宇野自動車（株）,林野線
信清,備北バス（株）,"金倉〜有漢インター〜高梁駅, 川関〜川関口〜高梁駅"
中井谷,新見市,市営バス　ふれあいバス　松本線
佐古田池,岡山市,"御津・建部コミュニティバス　下神目線, 御津・建部コミュニティバス　鶴田線, 御津・建部コミュニティバス　旭川線"
祇園口,備北バス（株）,"宮瀬口〜祇園〜丸岩, 丸岩〜祇園〜高梁駅"
祇園口,高梁市,生活福祉バス（中井・川面・巨瀬地域）巨瀬中部線
袴掛,高梁市,生活福祉バス（中井・川面・巨瀬地域）巨瀬北部線
名原尾,岡山市,"御津・建部コミュニティバス　下神目線, 御津・建部コミュニティバス　鶴田線, 御津・建部コミュニティバス　旭川線"
松森組前,高梁市,生活福祉バス（中井・川面・巨瀬地域）巨瀬北部線
野呂2,岡山市,"御津・建部コミュニティバス　下神目線, 御津・建部コミュニティバス　鶴田線, 御津・建部コミュニティバス　旭川線"
原公民館,岡山市,御津・建部コミュニティバス　旭川線
国司橋,備北バス（株）,呰部〜塩坪〜高梁駅
国司橋,高梁市,生活福祉バス（中井・川面・巨瀬地域）巨瀬北部線
上井原,中鉄バス（株）,下加茂・尾原・杉谷・福沢線
舟原,新見市,市営バス　ふれあいバス　目金線・長楽線
宗本,備北バス（株）,坂本〜矢戸〜新見駅
志呂神社バス停,岡山市,御津・建部コミュニティバス　下神目線
福渡小学校,岡山市,"御津・建部コミュニティバス　下神目線, 御津・建部コミュニティバス　鶴田線, 御津・建部コミュニティバス　旭川線"
川口東店,岡山市,"御津・建部コミュニティバス　下神目線, 御津・建部コミュニティバス　鶴田線, 御津・建部コミュニティバス　旭川線"
青木作業所,新見市,市営バス　ふれあいバス　目金線・長楽線
榎橋,新見市,市営バス　大野部線
和名谷,備北バス（株）,"宮瀬口〜祇園〜丸岩, 丸岩〜祇園〜高梁駅"
和名谷,高梁市,生活福祉バス（中井・川面・巨瀬地域）巨瀬中部線
友末,備北バス（株）,呰部〜塩坪〜高梁駅
友末,高梁市,生活福祉バス（中井・川面・巨瀬地域）巨瀬北部線
湯免温泉,赤磐市,赤磐・美作線
湯免温泉,宇野自動車（株）,林野線
大草,高梁市,生活福祉バス（中井・川面・巨瀬地域）中井180経由線
阿曽毛橋,新見市,市営バス　ふれあいバス　目金線・長楽線
宗本宅前,新見市,市営バス　ふれあいバス　松本線
安元,備北バス（株）,"宮瀬口〜祇園〜丸岩, 丸岩〜祇園〜高梁駅"
安元,高梁市,生活福祉バス（中井・川面・巨瀬地域）巨瀬中部線
寺下集会所,岡山市,"御津・建部コミュニティバス　下神目線, 御津・建部コミュニティバス　鶴田線, 御津・建部コミュニティバス　旭川線"
東大松口,備北バス（株）,山際〜大瀬八長〜〜高梁駅
東大松口,高梁市,"生活福祉バス（中井・川面・巨瀬地域）中井180経由線, 生活福祉バス（中井・川面・巨瀬地域）上野線"
高浜,岡山市,"御津・建部コミュニティバス　鶴田線, 御津・建部コミュニティバス　旭川線"
下神目上公会堂,岡山市,御津・建部コミュニティバス　下神目線
園尾集会所前,高梁市,生活福祉バス（中井・川面・巨瀬地域）巨瀬北部線
塩木下,赤磐市,赤磐・美作線
塩木下,宇野自動車（株）,林野線
片岡,備北バス（株）,"金倉〜有漢インター〜高梁駅, 川関〜川関口〜高梁駅"
前田バス停,岡山市,御津・建部コミュニティバス　下神目線
安元下,備北バス（株）,"宮瀬口〜祇園〜丸岩, 丸岩〜祇園〜高梁駅"
安元下,高梁市,生活福祉バス（中井・川面・巨瀬地域）巨瀬中部線
宗本上,備北バス（株）,坂本〜矢戸〜新見駅
園尾口,備北バス（株）,呰部〜塩坪〜高梁駅
園尾口,高梁市,生活福祉バス（中井・川面・巨瀬地域）巨瀬北部線
神社前（哲西）,新見市,市営バス　大野部線
茶屋中,備北バス（株）,"宮瀬口〜祇園〜丸岩, 丸岩〜祇園〜高梁駅"
茶屋中,高梁市,生活福祉バス（中井・川面・巨瀬地域）巨瀬中部線
高浜旧道,岡山市,"御津・建部コミュニティバス　鶴田線, 御津・建部コミュニティバス　旭川線"
前田橋,岡山市,御津・建部コミュニティバス　下神目線
苦木上,赤磐市,赤磐・和気線
塩木上,赤磐市,赤磐・美作線
塩木上,宇野自動車（株）,林野線
高浜三叉路,岡山市,"御津・建部コミュニティバス　下神目線, 御津・建部コミュニティバス　鶴田線, 御津・建部コミュニティバス　旭川線"
塩木中,赤磐市,赤磐・美作線
塩木中,宇野自動車（株）,林野線
大松,高梁市,生活福祉バス（中井・川面・巨瀬地域）上野線
大垰集会所下,新見市,市営バス　ふれあいバス　松本線
園尾,高梁市,生活福祉バス（中井・川面・巨瀬地域）巨瀬北部線
大松口,備北バス（株）,山際〜大瀬八長〜〜高梁駅
大松口,高梁市,"生活福祉バス（中井・川面・巨瀬地域）中井180経由線, 生活福祉バス（中井・川面・巨瀬地域）上野線"
茶屋前,備北バス（株）,"宮瀬口〜祇園〜丸岩, 丸岩〜祇園〜高梁駅"
茶屋前,高梁市,生活福祉バス（中井・川面・巨瀬地域）巨瀬中部線
菊ヶ峠,赤磐市,赤磐・美作線
菊ケ峠,宇野自動車（株）,林野線
下土井,中鉄バス（株）,下加茂・尾原・杉谷・福沢線
牛中,備前市,三国和意谷線
大垰集会所上,新見市,市営バス　ふれあいバス　松本線
松本松,備北バス（株）,坂本〜矢戸〜新見駅
松本バス停,新見市,市営バス　ふれあいバス　松本線
六名口,備北バス（株）,"川面〜八石〜高梁駅, 宮瀬口〜丸岩〜川面駅, 宮瀬口〜六名口〜丸岩, 宮瀬口〜祇園〜丸岩, 丸岩〜祇園〜高梁駅"
六名口,高梁市,生活福祉バス（中井・川面・巨瀬地域）巨瀬中部線
大戸野,備北バス（株）,"川面〜八石〜高梁駅, 宮瀬口〜丸岩〜川面駅, 宮瀬口〜六名口〜丸岩, 宮瀬口〜祇園〜丸岩, 丸岩〜祇園〜高梁駅"
大戸野,高梁市,生活福祉バス（中井・川面・巨瀬地域）巨瀬中部線
苦木,赤磐市,赤磐・和気線
十力,備北バス（株）,"川面〜八石〜高梁駅, 宮瀬口〜丸岩〜川面駅, 宮瀬口〜六名口〜丸岩, 宮瀬口〜祇園〜丸岩, 丸岩〜祇園〜高梁駅"
十力,高梁市,生活福祉バス（中井・川面・巨瀬地域）巨瀬中部線
上塩坪,備北バス（株）,"呰部〜塩坪〜高梁駅, 金倉〜有漢インター〜高梁駅, 川関〜川関口〜高梁駅"
塩坪交差点先,高梁市,生活福祉バス（中井・川面・巨瀬地域）巨瀬北部線
横田校前,備北バス（株）,"川面〜八石〜高梁駅, 宮瀬口〜丸岩〜川面駅, 宮瀬口〜六名口〜丸岩, 宮瀬口〜祇園〜丸岩, 丸岩〜祇園〜高梁駅"
横田,高梁市,生活福祉バス（中井・川面・巨瀬地域）巨瀬中部線
豊楽寺,岡山市,御津・建部コミュニティバス　下神目線
仁神口,備北バス（株）,"川面〜八石〜高梁駅, 宮瀬口〜丸岩〜川面駅, 宮瀬口〜六名口〜丸岩, 宮瀬口〜祇園〜丸岩, 丸岩〜祇園〜高梁駅"
仁神口,高梁市,生活福祉バス（中井・川面・巨瀬地域）巨瀬中部線
横田生活改善センター,高梁市,生活福祉バス（中井・川面・巨瀬地域）巨瀬中部線
仁堀上,赤磐市,赤磐・美作線
仁堀上,宇野自動車（株）,林野線
宮瀬上,備北バス（株）,"川面〜八石〜高梁駅, 宮瀬口〜丸岩〜川面駅, 宮瀬口〜六名口〜丸岩, 宮瀬口〜祇園〜丸岩, 丸岩〜祇園〜高梁駅"
宮瀬上,高梁市,生活福祉バス（中井・川面・巨瀬地域）巨瀬中部線
野前,高梁市,生活福祉バス（中井・川面・巨瀬地域）巨瀬中部線
宮谷口,備北バス（株）,"川面〜八石〜高梁駅, 宮瀬口〜丸岩〜川面駅, 宮瀬口〜六名口〜丸岩, 宮瀬口〜祇園〜丸岩, 丸岩〜祇園〜高梁駅"
宮谷口,高梁市,生活福祉バス（中井・川面・巨瀬地域）巨瀬中部線
仁堀局前,赤磐市,赤磐・美作線
仁堀局前,宇野自動車（株）,林野線
六名公会堂,備北バス（株）,"川面〜八石〜高梁駅, 宮瀬口〜丸岩〜川面駅, 宮瀬口〜六名口〜丸岩, 宮瀬口〜祇園〜丸岩, 丸岩〜祇園〜高梁駅"
六名公会堂,高梁市,生活福祉バス（中井・川面・巨瀬地域）巨瀬中部線
方谷駅,備北バス（株）,山際〜大瀬八長〜〜高梁駅
方谷駅,高梁市,"生活福祉バス（中井・川面・巨瀬地域）中井180経由線, 生活福祉バス（中井・川面・巨瀬地域）上野線"
塩坪生活改善センター,高梁市,生活福祉バス（中井・川面・巨瀬地域）巨瀬北部線
下土井局前,中鉄バス（株）,下加茂・尾原・杉谷・福沢線
目金山荘入口,新見市,市営バス　ふれあいバス　目金線・長楽線
境森峠,備北バス（株）,坂本〜矢戸〜新見駅
才峠,備北バス（株）,"川面〜八石〜高梁駅, 宮瀬口〜丸岩〜川面駅, 宮瀬口〜六名口〜丸岩, 宮瀬口〜祇園〜丸岩, 丸岩〜祇園〜高梁駅"
才峠,高梁市,生活福祉バス（中井・川面・巨瀬地域）巨瀬中部線
清水石,備北バス（株）,山際〜大瀬八長〜〜高梁駅
清水石,高梁市,"生活福祉バス（中井・川面・巨瀬地域）中井180経由線, 生活福祉バス（中井・川面・巨瀬地域）上野線"
塩坪,備北バス（株）,"呰部〜塩坪〜高梁駅, 金倉〜有漢インター〜高梁駅, 川関〜川関口〜高梁駅"
樫,備前市,三国和意谷線
畑谷,高梁市,生活福祉バス（備中地域）西山〜田原線
矢光集会所前,高梁市,生活福祉バス（成羽地域）吹屋線
仁堀,赤磐市,赤磐・美作線
仁堀,宇野自動車（株）,林野線
簾竹,高梁市,生活福祉バス（備中地域）西山〜田原線
中畝集会所,高梁市,生活福祉バス（中井・川面・巨瀬地域）巨瀬中部線
梶平口,備北バス（株）,坂本〜矢戸〜新見駅
梶平酒井宅前,高梁市,生活福祉バス（成羽地域）吹屋線
ダム公園前,備前市,八塔寺線
丸岩西口,備北バス（株）,"川面〜八石〜高梁駅, 宮瀬口〜丸岩〜川面駅"
丸岩西口,高梁市,生活福祉バス（中井・川面・巨瀬地域）川面線
JA福渡支所前,岡山市,"御津・建部コミュニティバス　小倉線, 御津・建部コミュニティバス　下神目線, 御津・建部コミュニティバス　鶴田線, 御津・建部コミュニティバス　旭川線"
桐山,備北バス（株）,"川面〜八石〜高梁駅, 宮瀬口〜丸岩〜川面駅, 宮瀬口〜六名口〜丸岩, 宮瀬口〜祇園〜丸岩, 丸岩〜祇園〜高梁駅"
桐山,高梁市,生活福祉バス（中井・川面・巨瀬地域）巨瀬南部線
大倉集会所,高梁市,生活福祉バス（中井・川面・巨瀬地域）川面線
丸岩,備北バス（株）,"川面〜八石〜高梁駅, 宮瀬口〜丸岩〜川面駅, 宮瀬口〜六名口〜丸岩, 宮瀬口〜祇園〜丸岩, 丸岩〜祇園〜高梁駅"
丸岩,高梁市,生活福祉バス（中井・川面・巨瀬地域）川面線
野原,中鉄バス（株）,下加茂・尾原・杉谷・福沢線
上田口,中鉄バス（株）,下加茂・尾原・杉谷・福沢線
樫車庫,備前市,三国和意谷線
美原,中鉄バス（株）,下加茂・尾原・杉谷・福沢線
尾原上集会所,高梁市,生活福祉バス（中井・川面・巨瀬地域）巨瀬南部線
宮瀬口,備北バス（株）,"川面〜八石〜高梁駅, 宮瀬口〜丸岩〜川面駅, 宮瀬口〜六名口〜丸岩, 宮瀬口〜祇園〜丸岩, 丸岩〜祇園〜高梁駅, 呰部〜塩坪〜高梁駅, 金倉〜有漢インター〜高梁駅, 川関〜川関口〜高梁駅"
宮瀬口,高梁市,"生活福祉バス（中井・川面・巨瀬地域）巨瀬北部線, 生活福祉バス（中井・川面・巨瀬地域）巨瀬中部線, 生活福祉バス（中井・川面・巨瀬地域）巨瀬南部線"
福渡駅,岡山市,御津・建部コミュニティバス　幹線（福渡駅〜国立病院）
JR福渡駅,岡山市,"御津・建部コミュニティバス　小倉線, 御津・建部コミュニティバス　下神目線, 御津・建部コミュニティバス　鶴田線, 御津・建部コミュニティバス　旭川線"
三村医院,高梁市,生活福祉バス（中井・川面・巨瀬地域）巨瀬南部線
中田公民館,備北バス（株）,"川面〜八石〜高梁駅, 宮瀬口〜丸岩〜川面駅"
中田公民館,高梁市,生活福祉バス（中井・川面・巨瀬地域）川面線
高岩,高梁市,生活福祉バス（備中地域）西山〜田原線
家下,中鉄バス（株）,下加茂・尾原・杉谷・福沢線
建部支所,岡山市,"御津・建部コミュニティバス　幹線（福渡駅〜国立病院）, 御津・建部コミュニティバス　小倉線, 御津・建部コミュニティバス　下神目線, 御津・建部コミュニティバス　鶴田線, 御津・建部コミュニティバス　旭川線"
八石,備北バス（株）,"川面〜八石〜高梁駅, 宮瀬口〜丸岩〜川面駅"
八石,高梁市,生活福祉バス（中井・川面・巨瀬地域）川面線
郷迫小谷宅上,高梁市,生活福祉バス（成羽地域）吹屋線
鴨木口,高梁市,生活福祉バス（中井・川面・巨瀬地域）巨瀬南部線
坂本,備北バス（株）,"坂本〜矢戸〜新見駅, 坂本〜成羽〜高梁駅, 坂本〜田原〜川合"
坂本（向商店前）,高梁市,生活福祉バス（成羽地域）吹屋線
柳橋,備北バス（株）,"川面〜八石〜高梁駅, 丸岩〜祇園〜高梁駅, 呰部〜塩坪〜高梁駅, 金倉〜有漢インター〜高梁駅, 川関〜川関口〜高梁駅"
柳橋,高梁市,"生活福祉バス（中井・川面・巨瀬地域）巨瀬北部線, 生活福祉バス（中井・川面・巨瀬地域）巨瀬中部線"
八石西,高梁市,生活福祉バス（中井・川面・巨瀬地域）川面線
国時,高梁市,"生活福祉バス（中井・川面・巨瀬地域）巨瀬南部線, 生活福祉バス（中井・川面・巨瀬地域）川面線"
南山方口,赤磐市,赤磐・和気線
加茂市場,中鉄バス（株）,下加茂・尾原・杉谷・福沢線
福渡郵便局,岡山市,"御津・建部コミュニティバス　幹線（福渡駅〜国立病院）, 御津・建部コミュニティバス　小倉線, 御津・建部コミュニティバス　下神目線, 御津・建部コミュニティバス　鶴田線, 御津・建部コミュニティバス　旭川線"
鍋谷口,中鉄バス（株）,下加茂・尾原・杉谷・福沢線
建部医療福祉専門学校,岡山市,御津・建部コミュニティバス　下神目線
南谷,備前市,八塔寺線
和中,中鉄バス（株）,下加茂・尾原・杉谷・福沢線
飯掛上,備前市,三国和意谷線
宮前,中鉄バス（株）,下加茂・尾原・杉谷・福沢線
宮前,総社市,総社南高北・総社駅〜妙仙寺・宮前線
加茂川中学校前,中鉄バス（株）,下加茂・尾原・杉谷・福沢線
仁堀下,赤磐市,赤磐・美作線
仁堀下,宇野自動車（株）,林野線
培根前,備北バス（株）,"川面〜八石〜高梁駅, 宮瀬口〜丸岩〜川面駅"
福渡病院,岡山市,"御津・建部コミュニティバス　小倉線, 御津・建部コミュニティバス　下神目線, 御津・建部コミュニティバス　鶴田線, 御津・建部コミュニティバス　旭川線"
尾崎,備北バス（株）,山際〜大瀬八長〜〜高梁駅
日名,総社市,総社南高北・総社駅〜妙仙寺・宮前線
大蔵別れ,高梁市,生活福祉バス（備中地域）西山〜田原線
旭水荘前,岡山市,"御津・建部コミュニティバス　幹線（福渡駅〜国立病院）, 御津・建部コミュニティバス　小倉線, 御津・建部コミュニティバス　下神目線, 御津・建部コミュニティバス　鶴田線, 御津・建部コミュニティバス　旭川線"
高田,備北バス（株）,"川面〜八石〜高梁駅, 宮瀬口〜丸岩〜川面駅"
高田,高梁市,生活福祉バス（中井・川面・巨瀬地域）川面線
柳,備北バス（株）,"川面〜八石〜高梁駅, 丸岩〜祇園〜高梁駅, 呰部〜塩坪〜高梁駅, 金倉〜有漢インター〜高梁駅, 川関〜川関口〜高梁駅"
柳,高梁市,"生活福祉バス（中井・川面・巨瀬地域）巨瀬北部線, 生活福祉バス（中井・川面・巨瀬地域）巨瀬中部線, 生活福祉バス（中井・川面・巨瀬地域）巨瀬南部線"
中倉,高梁市,生活福祉バス（中井・川面・巨瀬地域）川面線
飯掛下,備前市,三国和意谷線
千枚西いろり前,高梁市,生活福祉バス（成羽地域）吹屋線
天田口,備北バス（株）,吉川〜リハビリセンター〜高梁駅
合田上,赤磐市,赤磐・美作線
合田上,宇野自動車（株）,林野線
北方東交差点,高梁市,生活福祉バス（成羽地域）吹屋線
小桜,備北バス（株）,吉川〜リハビリセンター〜高梁駅
八幡温泉郷,岡山市,"御津・建部コミュニティバス　幹線（福渡駅〜国立病院）, 御津・建部コミュニティバス　小倉線, 御津・建部コミュニティバス　下神目線, 御津・建部コミュニティバス　鶴田線, 御津・建部コミュニティバス　旭川線"
白石停留所,高梁市,生活福祉バス（成羽地域）吹屋線
白石,備北バス（株）,吹屋〜川面〜高梁駅
梅原,中鉄バス（株）,下加茂・尾原・杉谷・福沢線
北方西山菜加工場,高梁市,生活福祉バス（成羽地域）吹屋線
吹屋公民館,高梁市,生活福祉バス（成羽地域）吹屋線
井才口,備北バス（株）,"川面〜八石〜高梁駅, 宮瀬口〜丸岩〜川面駅"
井才口,高梁市,生活福祉バス（中井・川面・巨瀬地域）川面線
吹屋,備北バス（株）,吹屋〜川面〜高梁駅
新町,備北バス（株）,吉川〜リハビリセンター〜高梁駅
天神山登山口,備北バス（株）,"坂本〜成羽〜高梁駅, 坂本〜田原〜川合"
天神山登山口,高梁市,生活福祉バス（成羽地域）吹屋線
高田口,備北バス（株）,"川面〜八石〜高梁駅, 宮瀬口〜丸岩〜川面駅"
高田口,高梁市,生活福祉バス（中井・川面・巨瀬地域）川面線
老人福祉センター,岡山市,御津・建部コミュニティバス　下神目線
高谷口,中鉄バス（株）,下加茂・尾原・杉谷・福沢線
賀陽郵便局前,備北バス（株）,吉川〜リハビリセンター〜高梁駅
吉長口,備北バス（株）,吉川〜リハビリセンター〜高梁駅
脇谷,備前市,三国和意谷線
門出上,備前市,八塔寺線
石橋,備北バス（株）,吉川〜リハビリセンター〜高梁駅
土生橋,備北バス（株）,吉川〜リハビリセンター〜高梁駅
建部上公民館,岡山市,御津・建部コミュニティバス　下神目線
塩谷口,備北バス（株）,"川面〜八石〜高梁駅, 丸岩〜祇園〜高梁駅, 呰部〜塩坪〜高梁駅, 金倉〜有漢インター〜高梁駅, 川関〜川関口〜高梁駅"
塩谷口,高梁市,"生活福祉バス（中井・川面・巨瀬地域）巨瀬北部線, 生活福祉バス（中井・川面・巨瀬地域）巨瀬中部線"
堀切,赤磐市,笹岡線
田土原,備北バス（株）,吉川〜リハビリセンター〜高梁駅
大下,中鉄バス（株）,下加茂・尾原・杉谷・福沢線
下加茂,中鉄バス（株）,下加茂・尾原・杉谷・福沢線
賀陽農協本所前,備北バス（株）,吉川〜リハビリセンター〜高梁駅
下谷,備北バス（株）,吹屋〜川面〜高梁駅
宗金（吉備中央町）,備北バス（株）,吉川〜リハビリセンター〜高梁駅
下谷田村宅前,高梁市,生活福祉バス（成羽地域）吹屋線
下田土,備北バス（株）,吉川〜リハビリセンター〜高梁駅
下町三叉路,高梁市,生活福祉バス（成羽地域）吹屋線
だい畑,総社市,総社南高北・総社駅〜妙仙寺・宮前線
中野口,備北バス（株）,吹屋〜川面〜高梁駅
田土,総社市,総社南高北・総社駅〜妙仙寺・宮前線
神原,備北バス（株）,"吉川〜リハビリセンター〜高梁駅, 神原〜大岩〜センタービル"
井ノ口,赤磐市,赤磐・和気線
飯部,備北バス（株）,山際〜大瀬八長〜〜高梁駅
田井橋,備北バス（株）,"穴田〜川面〜高梁駅, 穴田〜笹尾〜高梁駅, 吹屋〜川面〜高梁駅, 山際〜大瀬八長〜〜高梁駅"
平の前,備北バス（株）,吉川〜リハビリセンター〜高梁駅
武田鋳造前,高梁市,生活福祉バス（中井・川面・巨瀬地域）巨瀬南部線
実相寺口上,備北バス（株）,"川面〜八石〜高梁駅, 丸岩〜祇園〜高梁駅, 呰部〜塩坪〜高梁駅, 金倉〜有漢インター〜高梁駅, 川関〜川関口〜高梁駅"
実相寺口上,高梁市,"生活福祉バス（中井・川面・巨瀬地域）巨瀬北部線, 生活福祉バス（中井・川面・巨瀬地域）巨瀬中部線"
西山（小）前,高梁市,生活福祉バス（備中地域）西山〜田原線
弓矢,備北バス（株）,"坂本〜成羽〜高梁駅, 坂本〜田原〜川合"
弓矢,高梁市,生活福祉バス（成羽地域）吹屋線
鴨谷公会堂,高梁市,生活福祉バス（中井・川面・巨瀬地域）川面線
田井,備北バス（株）,"穴田〜川面〜高梁駅, 穴田〜笹尾〜高梁駅, 吹屋〜川面〜高梁駅, 山際〜大瀬八長〜〜高梁駅"
家地,高梁市,生活福祉バス（中井・川面・巨瀬地域）川面線
高尾田口,備北バス（株）,"川面〜八石〜高梁駅, 宮瀬口〜丸岩〜川面駅"
門出下,備前市,八塔寺線
たけべクリニック,岡山市,"御津・建部コミュニティバス　小倉線, 御津・建部コミュニティバス　下神目線, 御津・建部コミュニティバス　鶴田線, 御津・建部コミュニティバス　旭川線"
マルナカ前,岡山市,"御津・建部コミュニティバス　幹線（福渡駅〜国立病院）, 御津・建部コミュニティバス　小倉線, 御津・建部コミュニティバス　下神目線, 御津・建部コミュニティバス　鶴田線, 御津・建部コミュニティバス　旭川線"
建部町文化センター,岡山市,"御津・建部コミュニティバス　幹線（福渡駅〜国立病院）, 御津・建部コミュニティバス　小倉線, 御津・建部コミュニティバス　下神目線, 御津・建部コミュニティバス　鶴田線, 御津・建部コミュニティバス　旭川線"
実相寺口,備北バス（株）,"川面〜八石〜高梁駅, 丸岩〜祇園〜高梁駅, 呰部〜塩坪〜高梁駅, 金倉〜有漢インター〜高梁駅, 川関〜川関口〜高梁駅"
実相寺口,高梁市,生活福祉バス（中井・川面・巨瀬地域）巨瀬北部線
建部小学校前,岡山市,"御津・建部コミュニティバス　幹線（福渡駅〜国立病院）, 御津・建部コミュニティバス　小倉線"
湯山口,備北バス（株）,"吉川〜リハビリセンター〜高梁駅, 神原〜大岩〜センタービル"
湯山口,総社市,総社南高北・総社駅〜妙仙寺・宮前線
ヲフダ,岡山市,御津・建部コミュニティバス　小倉線
和意谷,備前市,三国和意谷線
実相寺,高梁市,"生活福祉バス（中井・川面・巨瀬地域）巨瀬北部線, 生活福祉バス（中井・川面・巨瀬地域）巨瀬中部線"
上山口,岡山市,御津・建部コミュニティバス　小倉線
大上,赤磐市,笹岡線
河戸,備北バス（株）,"穴田〜川面〜高梁駅, 穴田〜笹尾〜高梁駅, 吹屋〜川面〜高梁駅, 山際〜大瀬八長〜〜高梁駅"
行常,岡山市,御津・建部コミュニティバス　小倉線
月原,備北バス（株）,吉川〜リハビリセンター〜高梁駅
屋敷上,備北バス（株）,"川面〜八石〜高梁駅, 宮瀬口〜丸岩〜川面駅"
大田活性化センター,岡山市,御津・建部コミュニティバス　小倉線
古川,高梁市,生活福祉バス（中井・川面・巨瀬地域）川面線
矢田中,赤磐市,赤磐・和気線
高谷,備北バス（株）,"穴田〜川面〜高梁駅, 穴田〜笹尾〜高梁駅, 吹屋〜川面〜高梁駅"
山本上,岡山市,御津・建部コミュニティバス　小倉線
押野,備北バス（株）,"穴田〜川面〜高梁駅, 穴田〜笹尾〜高梁駅, 吹屋〜川面〜高梁駅, 山際〜大瀬八長〜〜高梁駅"
皆名口,備北バス（株）,"穴田〜川面〜高梁駅, 穴田〜笹尾〜高梁駅, 吹屋〜川面〜高梁駅"
鉢屋,備北バス（株）,"坂本〜成羽〜高梁駅, 坂本〜田原〜川合"
鉢屋,高梁市,生活福祉バス（成羽地域）吹屋線
建部認定こども園,岡山市,"御津・建部コミュニティバス　幹線（福渡駅〜国立病院）, 御津・建部コミュニティバス　小倉線"
合田,赤磐市,赤磐・美作線
合田,宇野自動車（株）,林野線
天神下,備北バス（株）,吉川〜リハビリセンター〜高梁駅
山本下,岡山市,御津・建部コミュニティバス　小倉線
久賀中集会所,高梁市,生活福祉バス（中井・川面・巨瀬地域）川面線
陣後,岡山市,御津・建部コミュニティバス　小倉線
木の山鳥居,備北バス（株）,"川面〜八石〜高梁駅, 丸岩〜祇園〜高梁駅, 呰部〜塩坪〜高梁駅, 金倉〜有漢インター〜高梁駅, 川関〜川関口〜高梁駅"
白石,岡山市,御津・建部コミュニティバス　小倉線
真弓,備北バス（株）,"穴田〜川面〜高梁駅, 穴田〜笹尾〜高梁駅, 吹屋〜川面〜高梁駅"
古川口,備北バス（株）,"川面〜八石〜高梁駅, 宮瀬口〜丸岩〜川面駅"
古川口,高梁市,生活福祉バス（中井・川面・巨瀬地域）川面線
丸山［備前市］,備前市,八塔寺線
惣分,赤磐市,笹岡線
河本,赤磐市,赤磐・和気線
白石橋,岡山市,御津・建部コミュニティバス　小倉線
山神口,備北バス（株）,吉川〜リハビリセンター〜高梁駅
川面駅,備北バス（株）,"穴田〜川面〜高梁駅, 穴田〜笹尾〜高梁駅, 吹屋〜川面〜高梁駅, 山際〜大瀬八長〜〜高梁駅, 川面〜八石〜高梁駅, 宮瀬口〜丸岩〜川面駅"
川面駅,高梁市,生活福祉バス（中井・川面・巨瀬地域）川面線
矢田,赤磐市,赤磐・和気線
下坂本,備北バス（株）,"坂本〜成羽〜高梁駅, 坂本〜田原〜川合"
下坂本,高梁市,生活福祉バス（成羽地域）吹屋線
下ヶ原,備北バス（株）,"吉川〜リハビリセンター〜高梁駅, 神原〜大岩〜センタービル"
宇甘渓,中鉄バス（株）,下加茂・尾原・杉谷・福沢線
秋町橋,備北バス（株）,"穴田〜川面〜高梁駅, 穴田〜笹尾〜高梁駅, 吹屋〜川面〜高梁駅, 山際〜大瀬八長〜〜高梁駅, 川面〜八石〜高梁駅, 宮瀬口〜丸岩〜川面駅"
秋町橋,高梁市,生活福祉バス（中井・川面・巨瀬地域）川面線
景山産業前,岡山市,御津・建部コミュニティバス　小倉線
高梁北中学校前,備北バス（株）,"穴田〜川面〜高梁駅, 穴田〜笹尾〜高梁駅, 吹屋〜川面〜高梁駅, 山際〜大瀬八長〜〜高梁駅, 川面〜八石〜高梁駅, 宮瀬口〜丸岩〜川面駅"
高梁北中学校前,高梁市,生活福祉バス（中井・川面・巨瀬地域）川面線
神根小学校前,備前市,八塔寺線
真瀬良,中鉄バス（株）,下加茂・尾原・杉谷・福沢線
山手,赤磐市,笹岡線
浄源寺前,岡山市,"御津・建部コミュニティバス　幹線（福渡駅〜国立病院）, 御津・建部コミュニティバス　小倉線"
山田小学校前,赤磐市,赤磐・和気線
川面市場,備北バス（株）,"穴田〜川面〜高梁駅, 穴田〜笹尾〜高梁駅, 吹屋〜川面〜高梁駅, 山際〜大瀬八長〜〜高梁駅, 川面〜八石〜高梁駅, 宮瀬口〜丸岩〜川面駅"
川面市場,高梁市,生活福祉バス（中井・川面・巨瀬地域）川面線
中畑本村,岡山市,御津・建部コミュニティバス　尺森線
市場口,備北バス（株）,"穴田〜川面〜高梁駅, 穴田〜笹尾〜高梁駅, 吹屋〜川面〜高梁駅, 山際〜大瀬八長〜〜高梁駅"
市場口,高梁市,生活福祉バス（中井・川面・巨瀬地域）川面線
坂本,総社市,総社南高北・総社駅〜妙仙寺・宮前線
定久,岡山市,御津・建部コミュニティバス　小倉線
中遠原,備北バス（株）,"穴田〜川面〜高梁駅, 穴田〜笹尾〜高梁駅, 吹屋〜川面〜高梁駅"
松木水野宅前,高梁市,生活福祉バス（成羽地域）中野・小泉線
宮地原,備北バス（株）,吉川〜リハビリセンター〜高梁駅
荷方,備北バス（株）,"穴田〜川面〜高梁駅, 穴田〜笹尾〜高梁駅, 吹屋〜川面〜高梁駅"
土師方公民館,岡山市,御津・建部コミュニティバス　小倉線
合田下,赤磐市,赤磐・美作線
合田下,宇野自動車（株）,林野線
渡瀬,備北バス（株）,"川面〜八石〜高梁駅, 丸岩〜祇園〜高梁駅, 呰部〜塩坪〜高梁駅, 金倉〜有漢インター〜高梁駅, 川関〜川関口〜高梁駅"
笹尾,備北バス（株）,"穴田〜笹尾〜高梁駅, 吹屋〜川面〜高梁駅"
笹尾,高梁市,生活福祉バス（成羽地域）吹屋線
尺森,岡山市,御津・建部コミュニティバス　尺森線
神根上,備前市,八塔寺線
竜ヶ鼻,赤磐市,赤磐・和気線
大岩,備北バス（株）,"吉川〜リハビリセンター〜高梁駅, 神原〜大岩〜センタービル"
うど口,赤磐市,笹岡線
柿坂上,岡山市,御津・建部コミュニティバス　尺森線
東松院前,高梁市,生活福祉バス（中井・川面・巨瀬地域）川面線
本重,岡山市,御津・建部コミュニティバス　小倉線
上遠原,備北バス（株）,"穴田〜川面〜高梁駅, 穴田〜笹尾〜高梁駅, 吹屋〜川面〜高梁駅"
旧JA建部前,岡山市,"御津・建部コミュニティバス　幹線（福渡駅〜国立病院）, 御津・建部コミュニティバス　小倉線"
観音滝口,備北バス（株）,"坂本〜成羽〜高梁駅, 坂本〜田原〜川合"
東西住区,中鉄バス（株）,リハビリセンター線
東西住区,備北バス（株）,吉川〜リハビリセンター〜高梁駅
神根本村,備前市,八塔寺線
土師方橋,岡山市,御津・建部コミュニティバス　小倉線
尺森下,岡山市,御津・建部コミュニティバス　尺森線
西山（ロッジ）,高梁市,生活福祉バス（備中地域）西山〜田原線
高惣下,備北バス（株）,吉川〜リハビリセンター〜高梁駅
保木,岡山市,御津・建部コミュニティバス　小倉線
柿坂中,岡山市,御津・建部コミュニティバス　尺森線
竹枝小学校,岡山市,御津・建部コミュニティバス　小倉線
下渡瀬,備北バス（株）,"川面〜八石〜高梁駅, 丸岩〜祇園〜高梁駅, 呰部〜塩坪〜高梁駅, 金倉〜有漢インター〜高梁駅, 川関〜川関口〜高梁駅"
北方,高梁市,生活福祉バス（備中地域）西山〜田原線
天瀬上,赤磐市,赤磐・和気線
教育センター口,中鉄バス（株）,リハビリセンター線
教育センター口,備北バス（株）,吉川〜リハビリセンター〜高梁駅
上野口,中鉄バス（株）,リハビリセンター線
上野口,備北バス（株）,吉川〜リハビリセンター〜高梁駅
建部駅,岡山市,御津・建部コミュニティバス　幹線（福渡駅〜国立病院）
JR建部駅,岡山市,御津・建部コミュニティバス　小倉線
北部住区上,中鉄バス（株）,リハビリセンター線
北部住区上,備北バス（株）,吉川〜リハビリセンター〜高梁駅
柿坂下,岡山市,御津・建部コミュニティバス　尺森線
中田集会所,岡山市,"御津・建部コミュニティバス　幹線（福渡駅〜国立病院）, 御津・建部コミュニティバス　小倉線"
神根センター前,備前市,八塔寺線
相谷,備北バス（株）,"坂本〜成羽〜高梁駅, 坂本〜田原〜川合"
坂辺上,赤磐市,赤磐・美作線
坂辺上,宇野自動車（株）,林野線
笹尾市場,備北バス（株）,"穴田〜笹尾〜高梁駅, 吹屋〜川面〜高梁駅"
笹尾市場,高梁市,生活福祉バス（成羽地域）吹屋線
土橋三差路,岡山市,御津・建部コミュニティバス　小倉線
石上公民館,岡山市,御津・建部コミュニティバス　尺森線
柿坂口,岡山市,御津・建部コミュニティバス　尺森線
畑,高梁市,生活福祉バス（成羽地域）中野・小泉線
神根下,備前市,八塔寺線
天瀬,赤磐市,赤磐・和気線
北部住区下,中鉄バス（株）,リハビリセンター線
北部住区下,備北バス（株）,吉川〜リハビリセンター〜高梁駅
西油野,高梁市,生活福祉バス（備中地域）西山〜田原線
中田下之町口,岡山市,"御津・建部コミュニティバス　幹線（福渡駅〜国立病院）, 御津・建部コミュニティバス　小倉線"
土師方口,岡山市,御津・建部コミュニティバス　幹線（福渡駅〜国立病院）
高谷橋,備北バス（株）,"川面〜八石〜高梁駅, 丸岩〜祇園〜高梁駅, 呰部〜塩坪〜高梁駅, 金倉〜有漢インター〜高梁駅, 川関〜川関口〜高梁駅"
石指,岡山市,御津・建部コミュニティバス　尺森線
リハビリセンター前,中鉄バス（株）,リハビリセンター線
リハビリセンター前,備北バス（株）,"吉川〜リハビリセンター〜高梁駅, 神原〜大岩〜センタービル"
鳴戸,備北バス（株）,"穴田〜川面〜高梁駅, 穴田〜笹尾〜高梁駅, 吹屋〜川面〜高梁駅, 山際〜大瀬八長〜〜高梁駅"
鳴戸,高梁市,生活福祉バス（中井・川面・巨瀬地域）川面線
北方口,高梁市,生活福祉バス（備中地域）西山〜田原線
下長田,高梁市,生活福祉バス（成羽地域）中野・小泉線
笹岡公民館,赤磐市,笹岡線
光本上踏切前,岡山市,御津・建部コミュニティバス　小倉線
滝谷口,備北バス（株）,"穴田〜笹尾〜高梁駅, 吹屋〜川面〜高梁駅"
滝谷口,高梁市,生活福祉バス（成羽地域）吹屋線
迫農協出荷場,高梁市,生活福祉バス（成羽地域）中野・小泉線
吉田消防機庫前,岡山市,"御津・建部コミュニティバス　幹線（福渡駅〜国立病院）, 御津・建部コミュニティバス　小倉線"
坂辺,赤磐市,赤磐・美作線
坂辺,宇野自動車（株）,林野線
パナソニック吉備前,備北バス（株）,吉川〜リハビリセンター〜高梁駅
パナソニック吉備,中鉄バス（株）,リハビリセンター線
天瀬下,赤磐市,赤磐・和気線
鳴戸下,備北バス（株）,"穴田〜川面〜高梁駅, 穴田〜笹尾〜高梁駅, 吹屋〜川面〜高梁駅, 山際〜大瀬八長〜〜高梁駅"
鳴戸下,高梁市,生活福祉バス（中井・川面・巨瀬地域）川面線
正力,備北バス（株）,吉川〜リハビリセンター〜高梁駅
旧竹枝駐在所前,岡山市,"御津・建部コミュニティバス　幹線（福渡駅〜国立病院）, 御津・建部コミュニティバス　小倉線"
鹿瀬,岡山市,御津・建部コミュニティバス　幹線（福渡駅〜国立病院）
一本松,岡山市,御津・建部コミュニティバス　尺森線
大屋,赤磐市,笹岡線
小原公会堂,赤磐市,笹岡線
きびプラザ北口,備北バス（株）,"吉川〜リハビリセンター〜高梁駅, 神原〜大岩〜センタービル"
佐野,岡山市,"御津・建部コミュニティバス　尺森線, 御津・建部コミュニティバス　佐野・上伊田線"
上小倉,岡山市,御津・建部コミュニティバス　小倉線
国道53号旧道,岡山市,"御津・建部コミュニティバス　幹線（福渡駅〜国立病院）, 御津・建部コミュニティバス　小倉線"
旧ランデス入口,岡山市,"御津・建部コミュニティバス　幹線（福渡駅〜国立病院）, 御津・建部コミュニティバス　小倉線"
平岡西上,岡山市,御津・建部コミュニティバス　尺森線
光本下踏切前,岡山市,御津・建部コミュニティバス　小倉線
新千木橋,備北バス（株）,"吉川〜リハビリセンター〜高梁駅, 神原〜大岩〜センタービル"
きびプラザ,中鉄バス（株）,リハビリセンター線
きびプラザ,備北バス（株）,吉川〜リハビリセンター〜高梁駅
原川市,岡山市,御津・建部コミュニティバス　小倉線
駿河,備北バス（株）,"川面〜八石〜高梁駅, 丸岩〜祇園〜高梁駅, 呰部〜塩坪〜高梁駅, 金倉〜有漢インター〜高梁駅, 川関〜川関口〜高梁駅"
上長田三叉路,高梁市,生活福祉バス（成羽地域）中野・小泉線
陣山,備北バス（株）,"陣山〜井谷〜高梁駅, 陣山〜三本松〜高梁駅"
二本木,備北バス（株）,"坂本〜成羽〜高梁駅, 坂本〜田原〜川合"
丘富作業場,岡山市,御津・建部コミュニティバス　小倉線
出屋上,赤磐市,赤磐・美作線
出屋上,宇野自動車（株）,林野線
正力南,備北バス（株）,吉川〜リハビリセンター〜高梁駅
小原上集会所,赤磐市,笹岡線
金石,高梁市,生活福祉バス（備中地域）西山〜田原線
中小倉,岡山市,御津・建部コミュニティバス　小倉線
中央公園口,中鉄バス（株）,リハビリセンター線
中央公園口,備北バス（株）,吉川〜リハビリセンター〜高梁駅
極楽寺,総社市,総社南高北・総社駅〜妙仙寺・宮前線
江尻,岡山市,御津・建部コミュニティバス　小倉線
板屋,備前市,八塔寺線
板屋下,備前市,八塔寺線
宇治,備北バス（株）,"穴田〜川面〜高梁駅, 穴田〜笹尾〜高梁駅, 吹屋〜川面〜高梁駅"
宇治,高梁市,"生活福祉バス（成羽地域）宇治線, 生活福祉バス（成羽地域）吹屋線"
宇治中組,備北バス（株）,"穴田〜笹尾〜高梁駅, 吹屋〜川面〜高梁駅"
宇治中組,高梁市,生活福祉バス（成羽地域）吹屋線
御葉峠,備北バス（株）,"穴田〜川面〜高梁駅, 穴田〜笹尾〜高梁駅, 吹屋〜川面〜高梁駅"
矢知公会堂前,岡山市,御津・建部コミュニティバス　尺森線
元仲田邸前,備北バス（株）,"穴田〜川面〜高梁駅, 穴田〜笹尾〜高梁駅, 吹屋〜川面〜高梁駅"
矢知,岡山市,御津・建部コミュニティバス　尺森線
田原堰前,赤磐市,赤磐・和気線
虎倉,中鉄バス（株）,下加茂・尾原・杉谷・福沢線
虎倉,岡山市,"御津・建部コミュニティバス　虎倉線, 御津・建部コミュニティバス　鼓田線"
平岡西,岡山市,"御津・建部コミュニティバス　尺森線, 御津・建部コミュニティバス　佐野・上伊田線"
肉谷橋,備北バス（株）,"穴田〜川面〜高梁駅, 穴田〜笹尾〜高梁駅, 吹屋〜川面〜高梁駅, 山際〜大瀬八長〜〜高梁駅"
大黒様,備北バス（株）,"陣山〜井谷〜高梁駅, 陣山〜三本松〜高梁駅"
出口,備北バス（株）,"川面〜八石〜高梁駅, 丸岩〜祇園〜高梁駅, 呰部〜塩坪〜高梁駅, 金倉〜有漢インター〜高梁駅, 川関〜川関口〜高梁駅, 吉川〜リハビリセンター〜高梁駅"
松友,高梁市,生活福祉バス（備中地域）西山〜田原線
大村口,備北バス（株）,吉川〜リハビリセンター〜高梁駅
北正行,備北バス（株）,吉川〜リハビリセンター〜高梁駅
鼓田東,岡山市,御津・建部コミュニティバス　鼓田線
高梁東中学校前,備北バス（株）,"川面〜八石〜高梁駅, 丸岩〜祇園〜高梁駅, 呰部〜塩坪〜高梁駅, 金倉〜有漢インター〜高梁駅, 川関〜川関口〜高梁駅, 吉川〜リハビリセンター〜高梁駅"
出屋,赤磐市,赤磐・美作線
出屋,宇野自動車（株）,林野線
大平住宅,備前市,八塔寺線
久師井口,岡山市,御津・建部コミュニティバス　幹線（福渡駅〜国立病院）
用坂橋下,岡山市,"御津・建部コミュニティバス　尺森線, 御津・建部コミュニティバス　佐野・上伊田線"
神原北区,備北バス（株）,"陣山〜井谷〜高梁駅, 陣山〜三本松〜高梁駅"
八丁畷,備北バス（株）,吉川〜リハビリセンター〜高梁駅
肉谷,備北バス（株）,山際〜大瀬八長〜〜高梁駅
大屋下,赤磐市,笹岡線
今津中組,備北バス（株）,"穴田〜川面〜高梁駅, 穴田〜笹尾〜高梁駅, 吹屋〜川面〜高梁駅"
藤の木峠,備北バス（株）,"陣山〜井谷〜高梁駅, 陣山〜三本松〜高梁駅"
小倉公民館,岡山市,御津・建部コミュニティバス　小倉線
林ヶ迫,備北バス（株）,"陣山〜井谷〜高梁駅, 陣山〜三本松〜高梁駅"
つづら,備前市,八塔寺線
中村口,備北バス（株）,"穴田〜川面〜高梁駅, 穴田〜笹尾〜高梁駅"
中村口,高梁市,生活福祉バス（成羽地域）吹屋線
三谷公会堂,岡山市,御津・建部コミュニティバス　鼓田線
深見堂,備北バス（株）,"陣山〜井谷〜高梁駅, 陣山〜三本松〜高梁駅"
高校前（宇治）,備北バス（株）,"穴田〜川面〜高梁駅, 穴田〜笹尾〜高梁駅"
三谷橋,中鉄バス（株）,下加茂・尾原・杉谷・福沢線
三谷橋,岡山市,御津・建部コミュニティバス　虎倉線
勝エ迫,備北バス（株）,"陣山〜井谷〜高梁駅, 陣山〜三本松〜高梁駅"
横山上,岡山市,"御津・建部コミュニティバス　尺森線, 御津・建部コミュニティバス　佐野・上伊田線"
鼓田,岡山市,御津・建部コミュニティバス　鼓田線
小倉橋北側,岡山市,御津・建部コミュニティバス　小倉線
木野山駅,備北バス（株）,"穴田〜川面〜高梁駅, 穴田〜笹尾〜高梁駅, 吹屋〜川面〜高梁駅"
西谷上,岡山市,"御津・建部コミュニティバス　尺森線, 御津・建部コミュニティバス　佐野・上伊田線"
石原,中鉄バス（株）,下加茂・尾原・杉谷・福沢線
石原,岡山市,"御津・建部コミュニティバス　虎倉線, 御津・建部コミュニティバス　鼓田線"
小倉橋,岡山市,御津・建部コミュニティバス　幹線（福渡駅〜国立病院）
幡見橋,備北バス（株）,"川面〜八石〜高梁駅, 丸岩〜祇園〜高梁駅, 呰部〜塩坪〜高梁駅, 金倉〜有漢インター〜高梁駅, 川関〜川関口〜高梁駅, 吉川〜リハビリセンター〜高梁駅"
ツルの湯前,赤磐市,北佐古田線
吉備青少年自然の家入口,中鉄バス（株）,リハビリセンター線
国少口,備北バス（株）,吉川〜リハビリセンター〜高梁駅
丸山,備北バス（株）,"穴田〜川面〜高梁駅, 穴田〜笹尾〜高梁駅"
笹畝,備北バス（株）,"陣山〜井谷〜高梁駅, 陣山〜三本松〜高梁駅"
樋口,備北バス（株）,吉川〜リハビリセンター〜高梁駅
佐与谷,備北バス（株）,吉川〜リハビリセンター〜高梁駅
紙工上,中鉄バス（株）,下加茂・尾原・杉谷・福沢線
紙工上,岡山市,"御津・建部コミュニティバス　虎倉線, 御津・建部コミュニティバス　鼓田線"
寺部橋上,岡山市,"御津・建部コミュニティバス　尺森線, 御津・建部コミュニティバス　佐野・上伊田線"
北佐古田上,赤磐市,北佐古田線
高下中前,備北バス（株）,"陣山〜井谷〜高梁駅, 陣山〜三本松〜高梁駅"
谷田橋,備北バス（株）,"坂本〜成羽〜高梁駅, 坂本〜田原〜川合"
幡見,備北バス（株）,"穴田〜川面〜高梁駅, 穴田〜笹尾〜高梁駅, 吹屋〜川面〜高梁駅, 川面〜八石〜高梁駅, 丸岩〜祇園〜高梁駅, 呰部〜塩坪〜高梁駅, 金倉〜有漢インター〜高梁駅, 川関〜川関口〜高梁駅, 吉川〜リハビリセンター〜高梁駅"
多賀上,赤磐市,赤磐・美作線
多賀上,宇野自動車（株）,林野線
今宮,備北バス（株）,"陣山〜井谷〜高梁駅, 陣山〜三本松〜高梁駅"
北方,備前市,八塔寺線
西谷,岡山市,"御津・建部コミュニティバス　尺森線, 御津・建部コミュニティバス　佐野・上伊田線"
寺部橋,岡山市,"御津・建部コミュニティバス　尺森線, 御津・建部コミュニティバス　佐野・上伊田線"
紙工,中鉄バス（株）,下加茂・尾原・杉谷・福沢線
紙工,岡山市,"御津・建部コミュニティバス　虎倉線, 御津・建部コミュニティバス　鼓田線"
草生上,岡山市,"御津・建部コミュニティバス　幹線（福渡駅〜国立病院）, 御津・建部コミュニティバス　小倉線"
寺部西,岡山市,"御津・建部コミュニティバス　尺森線, 御津・建部コミュニティバス　佐野・上伊田線"
寺部奥,岡山市,"御津・建部コミュニティバス　尺森線, 御津・建部コミュニティバス　佐野・上伊田線"
中筋,備北バス（株）,"陣山〜井谷〜高梁駅, 陣山〜三本松〜高梁駅"
五本松,備北バス（株）,"陣山〜井谷〜高梁駅, 陣山〜三本松〜高梁駅"
酌田,赤磐市,小野田線
札場,岡山市,"御津・建部コミュニティバス　尺森線, 御津・建部コミュニティバス　佐野・上伊田線"
三本松,備北バス（株）,"陣山〜井谷〜高梁駅, 陣山〜三本松〜高梁駅"
田原なか,備北バス（株）,"坂本〜成羽〜高梁駅, 坂本〜田原〜川合"
ヒキ谷,備北バス（株）,"穴田〜川面〜高梁駅, 穴田〜笹尾〜高梁駅"
大瀬,備北バス（株）,山際〜大瀬八長〜〜高梁駅
小学校前,備北バス（株）,"陣山〜井谷〜高梁駅, 陣山〜三本松〜高梁駅"
神原宮の前,備北バス（株）,"陣山〜井谷〜高梁駅, 陣山〜三本松〜高梁駅"
森国,赤磐市,小野田線
宇甘川荘前,岡山市,御津・建部コミュニティバス　鼓田線
多賀下,赤磐市,赤磐・美作線
多賀下,宇野自動車（株）,林野線
吉川,備北バス（株）,吉川〜リハビリセンター〜高梁駅
南渡橋,岡山市,"御津・建部コミュニティバス　尺森線, 御津・建部コミュニティバス　佐野・上伊田線"
大野,岡山市,御津・建部コミュニティバス　鼓田線
南佐古田口,赤磐市,北佐古田線
北佐古田,赤磐市,北佐古田線
西谷下,岡山市,"御津・建部コミュニティバス　尺森線, 御津・建部コミュニティバス　佐野・上伊田線"
中の村,備北バス（株）,陣山〜井谷〜高梁駅
谷下,備北バス（株）,吉川〜リハビリセンター〜高梁駅
草生中,岡山市,御津・建部コミュニティバス　幹線（福渡駅〜国立病院）
今井,赤磐市,北佐古田線
佐与谷中,備北バス（株）,吉川〜リハビリセンター〜高梁駅
田原診療所前,備北バス（株）,"坂本〜成羽〜高梁駅, 坂本〜田原〜川合"
久保上,中鉄バス（株）,下加茂・尾原・杉谷・福沢線
久保上,岡山市,"御津・建部コミュニティバス　虎倉線, 御津・建部コミュニティバス　鼓田線"
京免,備北バス（株）,"陣山〜井谷〜高梁駅, 陣山〜三本松〜高梁駅"
三股,備前市,八塔寺線
池ノ内,赤磐市,小野田線
割出,備北バス（株）,"陣山〜井谷〜高梁駅, 陣山〜三本松〜高梁駅"
猩々池,備北バス（株）,吉川〜リハビリセンター〜高梁駅
小野地口,赤磐市,小野田線
吉備高原大橋,中鉄バス（株）,リハビリセンター線
ひかり団地公園前,岡山市,"御津・建部コミュニティバス　尺森線, 御津・建部コミュニティバス　佐野・上伊田線"
陰地橋,岡山市,御津・建部コミュニティバス　佐野・上伊田線
旧JA五城支所前,岡山市,"御津・建部コミュニティバス　尺森線, 御津・建部コミュニティバス　佐野・上伊田線"
大野上,岡山市,御津・建部コミュニティバス　鼓田線
陰地,備北バス（株）,"穴田〜川面〜高梁駅, 穴田〜笹尾〜高梁駅"
ひかり団地3,岡山市,"御津・建部コミュニティバス　尺森線, 御津・建部コミュニティバス　佐野・上伊田線"
久保,中鉄バス（株）,下加茂・尾原・杉谷・福沢線
久保,岡山市,"御津・建部コミュニティバス　虎倉線, 御津・建部コミュニティバス　鼓田線"
塩田上,備北バス（株）,"穴田〜川面〜高梁駅, 穴田〜笹尾〜高梁駅"
田原,備北バス（株）,"坂本〜成羽〜高梁駅, 坂本〜田原〜川合, 平川〜川戸〜田原（冬期のみ）, 平川〜古町〜高梁駅"
羽山空広域農道,高梁市,生活福祉バス（成羽地域）吹屋線
吉永総合支所前,備前市,八塔寺線
南倉庫前,備北バス（株）,"陣山〜井谷〜高梁駅, 陣山〜三本松〜高梁駅"
益原,赤磐市,赤磐・和気線
五城小学校前,岡山市,御津・建部コミュニティバス　尺森線
備中（中）,高梁市,生活福祉バス（備中地域）西山〜田原線
塩田下,備北バス（株）,"穴田〜川面〜高梁駅, 穴田〜笹尾〜高梁駅"
ひかり団地2,岡山市,"御津・建部コミュニティバス　尺森線, 御津・建部コミュニティバス　佐野・上伊田線"
辻巻,備北バス（株）,"穴田〜川面〜高梁駅, 穴田〜笹尾〜高梁駅, 吹屋〜川面〜高梁駅, 川面〜八石〜高梁駅, 丸岩〜祇園〜高梁駅, 呰部〜塩坪〜高梁駅, 金倉〜有漢インター〜高梁駅, 川関〜川関口〜高梁駅, 吉川〜リハビリセンター〜高梁駅"
岡,赤磐市,小野田線
病院前［備前市］,備前市,八塔寺線
妙仙寺前,総社市,総社南高北・総社駅〜妙仙寺・宮前線
軽部保育園前,赤磐市,北佐古田線
草生下,岡山市,御津・建部コミュニティバス　幹線（福渡駅〜国立病院）
ひかり団地1,岡山市,"御津・建部コミュニティバス　尺森線, 御津・建部コミュニティバス　佐野・上伊田線"
中泉,岡山市,御津・建部コミュニティバス　鼓田線
西河原,備前市,"吉永線, 南北閑谷学校のぞみ線, 八塔寺線, 福石線"
田原局前,備北バス（株）,"坂本〜成羽〜高梁駅, 坂本〜田原〜川合, 平川〜川戸〜田原（冬期のみ）, 平川〜古町〜高梁駅"
田原局前,高梁市,生活福祉バス（備中地域）西山〜田原線
高場診療所前,備前市,三国和意谷線
野呂,備北バス（株）,陣山〜井谷〜高梁駅
大畑,赤磐市,石蓮寺線
鵜飼谷温泉,赤磐市,赤磐・和気線
神原南,備北バス（株）,"陣山〜井谷〜高梁駅, 陣山〜三本松〜高梁駅"
ひかり団地前,岡山市,"御津・建部コミュニティバス　尺森線, 御津・建部コミュニティバス　佐野・上伊田線"
中泉中,岡山市,御津・建部コミュニティバス　鼓田線
吉永駅,備前市,"吉永線, 三国和意谷線, 南北閑谷学校のぞみ線, 八塔寺線, 福石線"
下山,岡山市,御津・建部コミュニティバス　佐野・上伊田線
吉永小学校,備前市,福石線
中泉上,岡山市,御津・建部コミュニティバス　鼓田線
円福寺前,備北バス（株）,陣山〜井谷〜高梁駅
吉田橋,備前市,"吉永線, 南北閑谷学校のぞみ線, 八塔寺線, 福石線"
倉吉,備前市,福石線
吉永病院前,備前市,"吉永線, 三国和意谷線, 南北閑谷学校のぞみ線, 八塔寺線, 福石線"
南佐古田,赤磐市,北佐古田線
吉備高原口,中鉄バス（株）,リハビリセンター線
天満下,岡山市,御津・建部コミュニティバス　鼓田線
下畑下,中鉄バス（株）,下加茂・尾原・杉谷・福沢線
下畑下,岡山市,"御津・建部コミュニティバス　虎倉線, 御津・建部コミュニティバス　鼓田線"
英国庭園前,赤磐市,小野田線
グリーンタウン殿谷,赤磐市,小野田線
亀楽荘前,備前市,"吉永線, 南北閑谷学校のぞみ線"
下畑,中鉄バス（株）,下加茂・尾原・杉谷・福沢線
下畑,岡山市,"御津・建部コミュニティバス　虎倉線, 御津・建部コミュニティバス　鼓田線"
箕地橋西詰,中鉄バス（株）,下加茂・尾原・杉谷・福沢線
箕地橋西詰,岡山市,"御津・建部コミュニティバス　虎倉線, 御津・建部コミュニティバス　鼓田線"
惣田,備北バス（株）,"坂本〜成羽〜高梁駅, 坂本〜田原〜川合, 平川〜川戸〜田原（冬期のみ）, 平川〜古町〜高梁駅"
本郷集会所,高梁市,生活福祉バス（成羽地域）中線
羽根後小林宅前,高梁市,生活福祉バス（成羽地域）中野・小泉線
上村上,中鉄バス（株）,下加茂・尾原・杉谷・福沢線
上村上,岡山市,"御津・建部コミュニティバス　虎倉線, 御津・建部コミュニティバス　鼓田線"
三石,備前市,"三石線, 福石線"
木曽,備前市,福石線
岡山北警察署前,岡山市,"御津・建部コミュニティバス　幹線（福渡駅〜国立病院）, 御津・建部コミュニティバス　小倉線"
上村,中鉄バス（株）,下加茂・尾原・杉谷・福沢線
上村,岡山市,"御津・建部コミュニティバス　虎倉線, 御津・建部コミュニティバス　鼓田線"
まるや商店前,高梁市,生活福祉バス（成羽地域）中線
金谷西,備前市,福石線
田倉下,備前市,福石線
牛神社入口,備前市,福石線
箕地,中鉄バス（株）,下加茂・尾原・杉谷・福沢線
箕地,岡山市,御津・建部コミュニティバス　虎倉線
動物愛護センター,岡山市,御津・建部コミュニティバス　佐野・上伊田線
金谷,備前市,福石線
天満中,岡山市,御津・建部コミュニティバス　鼓田線
妙本寺前,総社市,総社南高北・総社駅〜妙仙寺・宮前線
熊谷口,岡山市,"御津・建部コミュニティバス　尺森線, 御津・建部コミュニティバス　佐野・上伊田線"
大谷,中鉄バス（株）,下加茂・尾原・杉谷・福沢線
大谷,岡山市,"御津・建部コミュニティバス　虎倉線, 御津・建部コミュニティバス　鼓田線"
佐古,赤磐市,小野田線
殿谷中,赤磐市,小野田線
川乱,備北バス（株）,"陣山〜井谷〜高梁駅, 陣山〜三本松〜高梁駅"
軽部上,赤磐市,赤磐・美作線
軽部上,宇野自動車（株）,林野線
船坂峠入口,備前市,"三石線, 福石線"
矢原大師堂,岡山市,"御津・建部コミュニティバス　尺森線, 御津・建部コミュニティバス　佐野・上伊田線"
天満上,岡山市,御津・建部コミュニティバス　鼓田線
西屋橋,岡山市,御津・建部コミュニティバス　佐野・上伊田線
石蓮寺東,赤磐市,石蓮寺線
石蓮寺駐車場前,赤磐市,石蓮寺線
松山城城見橋公園,備北バス（株）,市内循環北ルート（吉備国際大学方面）
八長,備北バス（株）,山際〜大瀬八長〜〜高梁駅
九谷橋下,中鉄バス（株）,下加茂・尾原・杉谷・福沢線
九谷橋下,岡山市,"御津・建部コミュニティバス　虎倉線, 御津・建部コミュニティバス　鼓田線"
西布寄三叉路,高梁市,生活福祉バス（成羽地域）中線
殿谷下,赤磐市,小野田線
野谷本村,備前市,福石線
麻繰集会所,高梁市,生活福祉バス（成羽地域）中線
九谷口,中鉄バス（株）,下加茂・尾原・杉谷・福沢線
九谷口,岡山市,"御津・建部コミュニティバス　虎倉線, 御津・建部コミュニティバス　鼓田線"
角子,備北バス（株）,"坂本〜成羽〜高梁駅, 坂本〜田原〜川合, 平川〜川戸〜田原（冬期のみ）, 平川〜古町〜高梁駅"
菅,岡山市,御津・建部コミュニティバス　鼓田線
穴田,備北バス（株）,"穴田〜川面〜高梁駅, 穴田〜笹尾〜高梁駅"
矢原,岡山市,"御津・建部コミュニティバス　尺森線, 御津・建部コミュニティバス　佐野・上伊田線"
下田,中鉄バス（株）,下加茂・尾原・杉谷・福沢線
下田,岡山市,"御津・建部コミュニティバス　虎倉線, 御津・建部コミュニティバス　鼓田線"
宮ノ峠,赤磐市,小野田線
長地後玉田,高梁市,生活福祉バス（成羽地域）中線
南方,備前市,"吉永線, 南北閑谷学校のぞみ線"
羽根前麻田宅前,高梁市,生活福祉バス（成羽地域）中野・小泉線
三石駅,備前市,"三石線, 福石線"
上伊田,岡山市,御津・建部コミュニティバス　佐野・上伊田線
下田中,中鉄バス（株）,下加茂・尾原・杉谷・福沢線
下田中,岡山市,"御津・建部コミュニティバス　虎倉線, 御津・建部コミュニティバス　鼓田線"
湯原中,備北バス（株）,"東村〜大和〜高梁駅, 大和〜坂本〜高梁駅"
深耕寺前,備北バス（株）,"陣山〜井谷〜高梁駅, 陣山〜三本松〜高梁駅"
どんど橋,岡山市,御津・建部コミュニティバス　佐野・上伊田線
八重籬神社前,備北バス（株）,"穴田〜川面〜高梁駅, 穴田〜笹尾〜高梁駅, 吹屋〜川面〜高梁駅, 川面〜八石〜高梁駅, 丸岩〜祇園〜高梁駅, 呰部〜塩坪〜高梁駅, 金倉〜有漢インター〜高梁駅, 川関〜川関口〜高梁駅, 吉川〜リハビリセンター〜高梁駅"
羽山天神神社,高梁市,生活福祉バス（成羽地域）吹屋線
西軽部,赤磐市,"笹岡線, 北佐古田線"
軽部下,赤磐市,赤磐・美作線
軽部下,宇野自動車（株）,林野線
坂本（吉備中央町）,備北バス（株）,"東村〜大和〜高梁駅, 大和〜坂本〜高梁駅"
畑,備前市,福石線
粕尾,赤磐市,小野田線
農協前,備前市,"三石線, 福石線"
上伊田大師堂,岡山市,御津・建部コミュニティバス　佐野・上伊田線
清水橋,岡山市,御津・建部コミュニティバス　佐野・上伊田線
宿,岡山市,御津・建部コミュニティバス　鼓田線
朝霧温泉ゆらら入口,備北バス（株）,"陣山〜井谷〜高梁駅, 陣山〜三本松〜高梁駅"
二又瀬,備北バス（株）,"坂本〜成羽〜高梁駅, 坂本〜田原〜川合, 平川〜川戸〜田原（冬期のみ）, 平川〜古町〜高梁駅"
下田下,中鉄バス（株）,下加茂・尾原・杉谷・福沢線
下田下,岡山市,"御津・建部コミュニティバス　虎倉線, 御津・建部コミュニティバス　鼓田線"
中生活改善センター,高梁市,生活福祉バス（成羽地域）中線
九谷中,岡山市,御津・建部コミュニティバス　鼓田線
中村,高梁市,生活福祉バス（成羽地域）宇治線
北川病院,赤磐市,赤磐・和気線
川端町,備北バス（株）,"穴田〜川面〜高梁駅, 穴田〜笹尾〜高梁駅, 吹屋〜川面〜高梁駅, 川面〜八石〜高梁駅, 丸岩〜祇園〜高梁駅, 呰部〜塩坪〜高梁駅, 金倉〜有漢インター〜高梁駅, 川関〜川関口〜高梁駅, 吉川〜リハビリセンター〜高梁駅"
湯原上,備北バス（株）,"東村〜大和〜高梁駅, 大和〜坂本〜高梁駅"
軽部住宅前,赤磐市,赤磐・美作線
軽部住宅前,宇野自動車（株）,林野線
井川上,備北バス（株）,"坂本〜成羽〜高梁駅, 坂本〜田原〜川合, 平川〜川戸〜田原（冬期のみ）, 平川〜古町〜高梁駅"
大橋,備前市,"三石線, 福石線"
大峠,備北バス（株）,"東村〜大和〜高梁駅, 大和〜坂本〜高梁駅"
運動公園,備北バス（株）,市内循環北ルート（吉備国際大学方面）
九谷上,岡山市,御津・建部コミュニティバス　鼓田線
松山城登山口,備北バス（株）,市内循環北ルート（吉備国際大学方面）
金川大橋,岡山市,"御津・建部コミュニティバス　尺森線, 御津・建部コミュニティバス　佐野・上伊田線"
酒屋谷,岡山市,御津・建部コミュニティバス　佐野・上伊田線
下伊田集会所前,岡山市,御津・建部コミュニティバス　佐野・上伊田線
小林,岡山市,御津・建部コミュニティバス　佐野・上伊田線
沢原共撰場,赤磐市,"可真・桜が丘東線, 小野田線, 松木・下市線"
武家屋敷入口,備北バス（株）,市内循環北ルート（吉備国際大学方面）
広小路,備北バス（株）,"市内循環北ルート（吉備国際大学方面）, 穴田〜川面〜高梁駅, 穴田〜笹尾〜高梁駅, 吹屋〜川面〜高梁駅, 川面〜八石〜高梁駅, 丸岩〜祇園〜高梁駅, 呰部〜塩坪〜高梁駅, 金倉〜有漢インター〜高梁駅, 川関〜川関口〜高梁駅, 吉川〜リハビリセンター〜高梁駅"
広小路,高梁市,"生活福祉バス（中井・川面・巨瀬地域）中井313経由線, 生活福祉バス（中井・川面・巨瀬地域）中井180経由線, 生活福祉バス（中井・川面・巨瀬地域）山際線, 生活福祉バス（中井・川面・巨瀬地域）上野線, 生活福祉バス（中井・川面・巨瀬地域）巨瀬北部線, 生活福祉バス（中井・川面・巨瀬地域）巨瀬中部線, 生活福祉バス（中井・川面・巨瀬地域）巨瀬南部線, 生活福祉バス（中井・川面・巨瀬地域）川面線"
体育館前,備前市,三石線
五石上,備前市,福石線
平川,備北バス（株）,"平川〜川戸〜田原（冬期のみ）, 平川〜古町〜高梁駅"
羽山下県道三叉路,高梁市,生活福祉バス（成羽地域）吹屋線
赤坂中学前,赤磐市,"赤磐・美作線, 笹岡線, 北佐古田線"
赤坂中学校前,宇野自動車（株）,林野線
丹後,岡山市,御津・建部コミュニティバス　佐野・上伊田線
和気郵便局,赤磐市,赤磐・和気線
金川西町,中鉄バス（株）,下加茂・尾原・杉谷・福沢線
金川西町,岡山市,"御津・建部コミュニティバス　虎倉線, 御津・建部コミュニティバス　鼓田線"
金剛橋西詰,赤磐市,赤磐・和気線
御津支所,岡山市,"御津・建部コミュニティバス　幹線（福渡駅〜国立病院）, 御津・建部コミュニティバス　尺森線, 御津・建部コミュニティバス　佐野・上伊田線"
山根口,備北バス（株）,東村〜大和〜高梁駅
山根口,総社市,総社南高北・総社駅〜妙仙寺・宮前線
庄,赤磐市,"可真・桜が丘東線, 松木・下市線"
中須賀,岡山市,御津・建部コミュニティバス　佐野・上伊田線
宮内,備前市,"三石線, 福石線"
常頭山上宅前,高梁市,生活福祉バス（成羽地域）中野・小泉線
井川,備北バス（株）,"坂本〜成羽〜高梁駅, 坂本〜田原〜川合, 平川〜川戸〜田原（冬期のみ）, 平川〜古町〜高梁駅"
富士見橋,赤磐市,赤磐・和気線
吉備国際大学前,備北バス（株）,市内循環北ルート（吉備国際大学方面）
おまつり神社前,赤磐市,石蓮寺線
仕方畝,備北バス（株）,"東村〜大和〜高梁駅, 大和〜坂本〜高梁駅"
日名側,備北バス（株）,"平川〜川戸〜田原（冬期のみ）, 平川〜古町〜高梁駅"
長地前渡辺宅後,高梁市,生活福祉バス（成羽地域）中線
酒屋谷上,岡山市,御津・建部コミュニティバス　佐野・上伊田線
三石出張所,備前市,"三石線, 福石線"
金川表町,中鉄バス（株）,下加茂・尾原・杉谷・福沢線
金川表町,岡山市,"御津・建部コミュニティバス　虎倉線, 御津・建部コミュニティバス　鼓田線"
相坂大門,高梁市,生活福祉バス（成羽地域）中線
下野状,備北バス（株）,"東村〜大和〜高梁駅, 大和〜坂本〜高梁駅"
赤坂支所前,赤磐市,"赤磐・美作線, 笹岡線, 北佐古田線"
赤坂支所前,宇野自動車（株）,林野線
畑,赤磐市,豊田・熊山線
石砂,赤磐市,"可真・桜が丘東線, 小野田線, 松木・下市線"
赤坂支所,赤磐市,"西山線, 高陽北西線"
鍛冶屋町,備北バス（株）,"陣山〜井谷〜高梁駅, 陣山〜三本松〜高梁駅"
JA和気支店・小谷医院,赤磐市,赤磐・和気線
和気駅前,赤磐市,赤磐・和気線
せばと,備前市,"吉永線, 南北閑谷学校のぞみ線"
唐傘堂,備北バス（株）,陣山〜三本松〜高梁駅
一支部,赤磐市,"可真・桜が丘東線, 松木・下市線"
宮納,備北バス（株）,東村〜大和〜高梁駅
りゅう王,赤磐市,"可真・桜が丘東線, 松木・下市線"
竹定消防器庫前,高梁市,生活福祉バス（成羽地域）中野・小泉線
和気駅,備前市,片上和気線
長砂前,備北バス（株）,"坂本〜成羽〜高梁駅, 坂本〜田原〜川合, 平川〜川戸〜田原（冬期のみ）, 平川〜古町〜高梁駅"
東円光寺,赤磐市,豊田・熊山線
順正高等看護学校前,備北バス（株）,市内循環北ルート（吉備国際大学方面）
都築前,備北バス（株）,"平川〜川戸〜田原（冬期のみ）, 平川〜古町〜高梁駅"
紺屋町筋,備北バス（株）,"市内循環北ルート（吉備国際大学方面）, 穴田〜川面〜高梁駅, 穴田〜笹尾〜高梁駅, 吹屋〜川面〜高梁駅, 山際〜大瀬八長〜〜高梁駅, 川面〜八石〜高梁駅, 丸岩〜祇園〜高梁駅, 陣山〜井谷〜高梁駅, 陣山〜三本松〜高梁駅, 呰部〜塩坪〜高梁駅, 金倉〜有漢インター〜高梁駅, 川関〜川関口〜高梁駅, 吉川〜リハビリセンター〜高梁駅"
金川病院,岡山市,"御津・建部コミュニティバス　幹線（福渡駅〜国立病院）, 御津・建部コミュニティバス　鼓田線, 御津・建部コミュニティバス　尺森線, 御津・建部コミュニティバス　佐野・上伊田線, 御津・建部コミュニティバス　小倉線"
川戸,備北バス（株）,"坂本〜成羽〜高梁駅, 坂本〜田原〜川合, 平川〜川戸〜田原（冬期のみ）, 平川〜古町〜高梁駅"
頼久寺前,備北バス（株）,市内循環北ルート（吉備国際大学方面）
田和中,備北バス（株）,東村〜大和〜高梁駅
蒲共撰場,赤磐市,可真・桜が丘東線
順正学園本部前,備北バス（株）,市内循環北ルート（吉備国際大学方面）
由津里,赤磐市,西山線
天満屋ハピーズ和気店,備前市,片上和気線
奥万田,備北バス（株）,市内循環北ルート（吉備国際大学方面）
大杉病院前,備北バス（株）,市内循環北ルート（吉備国際大学方面）
長地前杉田宅後,高梁市,生活福祉バス（成羽地域）中線
稗田,赤磐市,可真・桜が丘東線
大杉病院,高梁市,"生活福祉バス（中井・川面・巨瀬地域）中井313経由線, 生活福祉バス（中井・川面・巨瀬地域）中井180経由線, 生活福祉バス（中井・川面・巨瀬地域）山際線, 生活福祉バス（中井・川面・巨瀬地域）上野線, 生活福祉バス（中井・川面・巨瀬地域）巨瀬北部線, 生活福祉バス（中井・川面・巨瀬地域）巨瀬中部線, 生活福祉バス（中井・川面・巨瀬地域）巨瀬南部線, 生活福祉バス（中井・川面・巨瀬地域）川面線"
二本坂,備北バス（株）,東村〜大和〜高梁駅
二本坂,総社市,総社南高北・総社駅〜妙仙寺・宮前線
相坂公会堂後,高梁市,生活福祉バス（成羽地域）中野・小泉線
五石下,備前市,福石線
近似下,備北バス（株）,"陣山〜井谷〜高梁駅, 陣山〜三本松〜高梁駅"
玄賓谷,備北バス（株）,陣山〜三本松〜高梁駅
吉原東,赤磐市,豊田・熊山線
大和小学校前,総社市,総社南高北・総社駅〜妙仙寺・宮前線
グランドマート前,中鉄バス（株）,下加茂・尾原・杉谷・福沢線
グランドマート前,岡山市,"御津・建部コミュニティバス　幹線（福渡駅〜国立病院）, 御津・建部コミュニティバス　虎倉線, 御津・建部コミュニティバス　鼓田線, 御津・建部コミュニティバス　尺森線, 御津・建部コミュニティバス　佐野・上伊田線, 御津・建部コミュニティバス　小倉線"
入田,備前市,片上和気線
数の瀬,備北バス（株）,"坂本〜成羽〜高梁駅, 坂本〜田原〜川合, 平川〜古町〜高梁駅"
中学校前,備北バス（株）,"陣山〜井谷〜高梁駅, 陣山〜三本松〜高梁駅"
阿部山橋,備北バス（株）,"坂本〜成羽〜高梁駅, 坂本〜田原〜川合, 平川〜古町〜高梁駅"
渡瀬,備前市,福石線
吉原中,赤磐市,豊田・熊山線
大平鉱山前,備前市,三石線
山口東,赤磐市,西山線
栃木教蓮寺,高梁市,生活福祉バス（成羽地域）中野・小泉線
一分団消防機庫,赤磐市,"可真・桜が丘東線, 松木・下市線"
木の村集会所,高梁市,生活福祉バス（成羽地域）中線
円光寺,赤磐市,豊田・熊山線
閑谷学校,備前市,"吉永線, 南北閑谷学校のぞみ線"
町苅田中,赤磐市,西山線
町苅田,赤磐市,"赤磐・美作線, 笹岡線, 北佐古田線, 西山線"
町苅田,宇野自動車（株）,林野線
中間町,備北バス（株）,"市内循環北ルート（吉備国際大学方面）, 穴田〜川面〜高梁駅, 穴田〜笹尾〜高梁駅, 吹屋〜川面〜高梁駅, 山際〜大瀬八長〜〜高梁駅, 川面〜八石〜高梁駅, 丸岩〜祇園〜高梁駅, 陣山〜井谷〜高梁駅, 陣山〜三本松〜高梁駅, 呰部〜塩坪〜高梁駅, 金倉〜有漢インター〜高梁駅, 川関〜川関口〜高梁駅, 吉川〜リハビリセンター〜高梁駅"
天王,備北バス（株）,"平川〜川戸〜田原（冬期のみ）, 平川〜古町〜高梁駅"
間之町,備北バス（株）,市内循環北ルート（吉備国際大学方面）
梶屋停留所,高梁市,"生活福祉バス（成羽地域）中野・小泉線, 生活福祉バス（成羽地域）中線"
数の瀬下組,備北バス（株）,"坂本〜成羽〜高梁駅, 坂本〜田原〜川合, 平川〜古町〜高梁駅"
稲坪,備前市,片上和気線
新田橋,赤磐市,"可真・桜が丘東線, 小野田線, 松木・下市線"
JA可真支店,赤磐市,"可真・桜が丘東線, 松木・下市線"
土師神根,備前市,福石線
勝尾下,岡山市,御津・建部コミュニティバス　鼓田線
松原通り,備北バス（株）,市内循環北ルート（吉備国際大学方面）
大和郵便局,備北バス（株）,"東村〜大和〜高梁駅, 大和〜坂本〜高梁駅"
三支部共同作業場,赤磐市,石蓮寺線
金川駅,中鉄バス（株）,下加茂・尾原・杉谷・福沢線
金川駅,岡山市,"御津・建部コミュニティバス　幹線（福渡駅〜国立病院）, 御津・建部コミュニティバス　虎倉線, 御津・建部コミュニティバス　鼓田線, 御津・建部コミュニティバス　尺森線, 御津・建部コミュニティバス　佐野・上伊田線, 御津・建部コミュニティバス　小倉線"
宮地（吉備中央町）,備北バス（株）,東村〜大和〜高梁駅
山口,赤磐市,西山線
大和郵便局前,総社市,総社南高北・総社駅〜妙仙寺・宮前線
東村,備北バス（株）,東村〜大和〜高梁駅
丁切口,赤磐市,豊田・熊山線
奥城,赤磐市,石蓮寺線
野間,赤磐市,"可真・桜が丘東線, 松木・下市線"
一の瀬,備北バス（株）,"一ノ瀬〜楢井〜高梁駅, 東村〜大和〜高梁駅, 大和〜坂本〜高梁駅"
やすらぎの里,備北バス（株）,"坂本〜成羽〜高梁駅, 坂本〜田原〜川合, 平川〜川戸〜田原（冬期のみ）, 平川〜古町〜高梁駅"
老人憩の家,赤磐市,"可真・桜が丘東線, 松木・下市線"
東,高梁市,生活福祉バス（成羽地域）宇治線
東停留所,高梁市,"生活福祉バス（成羽地域）中野・小泉線, 生活福祉バス（成羽地域）中線"
備中県民局前,備北バス（株）,成羽〜県民局〜高梁駅
野間,宇野自動車（株）,"ネオ瀬戸線, ネオポリス線"
宇野バス連絡所,赤磐市,"可真・桜が丘東線, 松木・下市線"
熊山診療所,赤磐市,"可真・桜が丘東線, 小野田線, 豊田・熊山線, 石蓮寺線, 松木・下市線"
老人福祉センター,岡山市,"御津・建部コミュニティバス　鼓田線, 御津・建部コミュニティバス　尺森線, 御津・建部コミュニティバス　佐野・上伊田線"
大苅田,赤磐市,高陽北西線
大和中学校口,備北バス（株）,東村〜大和〜高梁駅
大和中学校口,総社市,総社南高北・総社駅〜妙仙寺・宮前線
町苅田東,赤磐市,"西山線, 高陽北西線"
岨谷,総社市,総社南高北・総社駅〜妙仙寺・宮前線
可真上集会所,赤磐市,石蓮寺線
勝尾,岡山市,御津・建部コミュニティバス　鼓田線
保育園前,宇野自動車（株）,"ネオ瀬戸線, ネオポリス線"
可真上共撰場,赤磐市,可真・桜が丘東線
日本生命前,備北バス（株）,"坂本〜成羽〜高梁駅, 平川〜古町〜高梁駅, 地頭〜古町〜高梁駅, 川上バスセンター〜成羽〜高梁駅, 市内循環北ルート（吉備国際大学方面）, 成羽〜県民局〜高梁駅, 穴田〜川面〜高梁駅, 穴田〜笹尾〜高梁駅, 吹屋〜川面〜高梁駅, 山際〜大瀬八長〜〜高梁駅, 川面〜八石〜高梁駅, 丸岩〜祇園〜高梁駅, 陣山〜井谷〜高梁駅, 陣山〜三本松〜高梁駅, 呰部〜塩坪〜高梁駅, 金倉〜有漢インター〜高梁駅, 川関〜川関口〜高梁駅, 吉川〜リハビリセンター〜高梁駅"
豊田小学校,赤磐市,豊田・熊山線
高梁バスセンター,備北バス（株）,"坂本〜成羽〜高梁駅, 平川〜古町〜高梁駅, 地頭〜古町〜高梁駅, 川上バスセンター〜成羽〜高梁駅, 市内循環北ルート（吉備国際大学方面）, 一ノ瀬〜楢井〜高梁駅, 成羽〜県民局〜高梁駅, 穴田〜川面〜高梁駅, 穴田〜笹尾〜高梁駅, 吹屋〜川面〜高梁駅, 山際〜大瀬八長〜〜高梁駅, 川面〜八石〜高梁駅, 丸岩〜祇園〜高梁駅, 陣山〜井谷〜高梁駅, 陣山〜三本松〜高梁駅, 呰部〜塩坪〜高梁駅, 金倉〜有漢インター〜高梁駅, 川関〜川関口〜高梁駅, 吉川〜リハビリセンター〜高梁駅, 東村〜大和〜高梁駅, 大和〜坂本〜高梁駅"
高梁バスセンター,高梁市,"生活福祉バス（中井・川面・巨瀬地域）中井313経由線, 生活福祉バス（中井・川面・巨瀬地域）中井180経由線, 生活福祉バス（中井・川面・巨瀬地域）山際線, 生活福祉バス（中井・川面・巨瀬地域）上野線, 生活福祉バス（中井・川面・巨瀬地域）巨瀬北部線, 生活福祉バス（中井・川面・巨瀬地域）巨瀬中部線, 生活福祉バス（中井・川面・巨瀬地域）巨瀬南部線, 生活福祉バス（中井・川面・巨瀬地域）川面線"
町苅田下,赤磐市,"赤磐・美作線, 笹岡線, 北佐古田線"
町苅田下,宇野自動車（株）,林野線
御津小学校,岡山市,"御津・建部コミュニティバス　幹線（福渡駅〜国立病院）, 御津・建部コミュニティバス　鼓田線, 御津・建部コミュニティバス　尺森線, 御津・建部コミュニティバス　佐野・上伊田線"
真星,中鉄バス（株）,リハビリセンター線
斗有上,赤磐市,西山線
奥吉原,赤磐市,豊田・熊山線
東6丁目,赤磐市,"可真・桜が丘東線, 松木・下市線"
槁渡,備北バス（株）,"一ノ瀬〜楢井〜高梁駅, 東村〜大和〜高梁駅, 大和〜坂本〜高梁駅"
窪田上,赤磐市,赤磐・美作線
窪田上,宇野自動車（株）,林野線
桜が丘東六丁目上,宇野自動車（株）,"ネオ瀬戸線, ネオポリス線"
福石下,備前市,福石線
御津小学校口,岡山市,"御津・建部コミュニティバス　幹線（福渡駅〜国立病院）, 御津・建部コミュニティバス　鼓田線, 御津・建部コミュニティバス　尺森線, 御津・建部コミュニティバス　佐野・上伊田線"
小瀬木東,赤磐市,"可真・桜が丘東線, 小野田線, 豊田・熊山線"
楢井,備北バス（株）,"一ノ瀬〜楢井〜高梁駅, 東村〜大和〜高梁駅, 大和〜坂本〜高梁駅"
黒鳥,備北バス（株）,"坂本〜成羽〜高梁駅, 坂本〜田原〜川合, 平川〜古町〜高梁駅"
高梁中央病院,高梁市,"生活福祉バス（中井・川面・巨瀬地域）中井313経由線, 生活福祉バス（中井・川面・巨瀬地域）中井180経由線, 生活福祉バス（中井・川面・巨瀬地域）山際線, 生活福祉バス（中井・川面・巨瀬地域）上野線, 生活福祉バス（中井・川面・巨瀬地域）巨瀬北部線, 生活福祉バス（中井・川面・巨瀬地域）巨瀬中部線, 生活福祉バス（中井・川面・巨瀬地域）巨瀬南部線, 生活福祉バス（中井・川面・巨瀬地域）川面線"
備中地域局前,備北バス（株）,"坂本〜成羽〜高梁駅, 坂本〜田原〜川合, 平川〜古町〜高梁駅"
長屋,高梁市,生活福祉バス（備中地域）黒鳥〜布賀線
長屋,備北バス（株）,"坂本〜成羽〜高梁駅, 坂本〜田原〜川合, 平川〜古町〜高梁駅"
体育館下,備北バス（株）,"成羽〜県民局〜高梁駅, 陣山〜井谷〜高梁駅"
横町,備北バス（株）,"坂本〜成羽〜高梁駅, 平川〜古町〜高梁駅, 地頭〜古町〜高梁駅, 川上バスセンター〜成羽〜高梁駅"
中央病院前（高梁市）,備北バス（株）,"一ノ瀬〜楢井〜高梁駅, 東村〜大和〜高梁駅, 大和〜坂本〜高梁駅"
東楢井,備北バス（株）,"一ノ瀬〜楢井〜高梁駅, 東村〜大和〜高梁駅, 大和〜坂本〜高梁駅"
斗有中,赤磐市,西山線
たかはし松風寮,備北バス（株）,"成羽〜県民局〜高梁駅, 陣山〜井谷〜高梁駅"
小学校,高梁市,生活福祉バス（備中地域）黒鳥〜布賀線
小田原,備北バス（株）,"坂本〜成羽〜高梁駅, 坂本〜田原〜川合, 平川〜古町〜高梁駅"
小田原,高梁市,生活福祉バス（備中地域）黒鳥〜布賀線
下長谷,備北バス（株）,"平川〜川戸〜田原（冬期のみ）, 平川〜古町〜高梁駅"
商工会,備北バス（株）,"坂本〜成羽〜高梁駅, 坂本〜田原〜川合, 平川〜古町〜高梁駅"
ハピーズ前,岡山市,"御津・建部コミュニティバス　幹線（福渡駅〜国立病院）, 御津・建部コミュニティバス　鼓田線, 御津・建部コミュニティバス　尺森線, 御津・建部コミュニティバス　佐野・上伊田線"
東3丁目東,赤磐市,可真・桜が丘東線
小瀬木西,赤磐市,豊田・熊山線
黒鳥上,備北バス（株）,"坂本〜成羽〜高梁駅, 坂本〜田原〜川合, 平川〜古町〜高梁駅"
水口,赤磐市,豊田・熊山線
山本,高梁市,生活福祉バス（成羽地域）宇治線
桜が丘東六丁目,宇野自動車（株）,"ネオ瀬戸線, ネオポリス線"
上谷,備北バス（株）,"一ノ瀬〜楢井〜高梁駅, 東村〜大和〜高梁駅, 大和〜坂本〜高梁駅"
市民プール前,備北バス（株）,"成羽〜県民局〜高梁駅, 陣山〜井谷〜高梁駅"
東5丁目,赤磐市,"可真・桜が丘東線, 松木・下市線"
中原町,備北バス（株）,"一ノ瀬〜楢井〜高梁駅, 東村〜大和〜高梁駅, 大和〜坂本〜高梁駅"
斗有下,赤磐市,西山線
西窪田,赤磐市,"笹岡線, 北佐古田線, 西山線"
神社前（高梁市）,備北バス（株）,"平川〜古町〜高梁駅, 地頭〜古町〜岡山天満屋, 地頭〜古町〜高梁駅"
西楢井,備北バス（株）,"一ノ瀬〜楢井〜高梁駅, 東村〜大和〜高梁駅, 大和〜坂本〜高梁駅"
河田原口,赤磐市,"可真・桜が丘東線, 小野田線, 豊田・熊山線"
通槇,備北バス（株）,"平川〜川戸〜田原（冬期のみ）, 平川〜古町〜高梁駅"
成美コミュティー前,備北バス（株）,"平川〜古町〜高梁駅, 地頭〜古町〜岡山天満屋, 地頭〜古町〜高梁駅"
住電前,備北バス（株）,"平川〜古町〜高梁駅, 地頭〜古町〜岡山天満屋, 地頭〜古町〜高梁駅"
小山,赤磐市,可真・桜が丘東線
入江橋,赤磐市,"笹岡線, 北佐古田線"
下布瀬,備北バス（株）,"坂本〜成羽〜高梁駅, 坂本〜田原〜川合, 平川〜古町〜高梁駅"
文化センター前,備北バス（株）,"一ノ瀬〜楢井〜高梁駅, 東村〜大和〜高梁駅, 大和〜坂本〜高梁駅"
東4丁目公園,赤磐市,可真・桜が丘東線
備中観光前,備北バス（株）,"坂本〜成羽〜高梁駅, 坂本〜田原〜川合, 平川〜古町〜高梁駅"
西岡医院（古町）,高梁市,"生活福祉バス（成羽地域）中野・小泉線, 生活福祉バス（成羽地域）中線"
西岡医院前,高梁市,生活福祉バス（成羽地域）吹屋線
大原,高梁市,生活福祉バス（備中地域）黒鳥〜布賀線
窪田,赤磐市,赤磐・美作線
窪田,宇野自動車（株）,林野線
御津公民館前,中鉄バス（株）,下加茂・尾原・杉谷・福沢線
御津公民館前,岡山市,"御津・建部コミュニティバス　幹線（福渡駅〜国立病院）, 御津・建部コミュニティバス　虎倉線, 御津・建部コミュニティバス　尺森線, 御津・建部コミュニティバス　佐野・上伊田線"
神田,赤磐市,高陽北西線
JR熊山駅,赤磐市,"可真・桜が丘東線, 小野田線, 豊田・熊山線"
下谷,備北バス（株）,"一ノ瀬〜楢井〜高梁駅, 東村〜大和〜高梁駅, 大和〜坂本〜高梁駅"
原橋,備前市,片上和気線
福石中西,備前市,福石線
古町,備北バス（株）,"平川〜古町〜高梁駅, 地頭〜古町〜岡山天満屋, 地頭〜古町〜高梁駅"
桜が丘郵便局,赤磐市,"可真・桜が丘東線, 松木・下市線"
佐々木,備北バス（株）,"坂本〜成羽〜高梁駅, 平川〜古町〜高梁駅, 地頭〜古町〜岡山天満屋, 地頭〜古町〜高梁駅, 川上バスセンター〜成羽〜高梁駅"
ポルカ天満屋,高梁市,"生活福祉バス（中井・川面・巨瀬地域）中井313経由線, 生活福祉バス（中井・川面・巨瀬地域）中井180経由線, 生活福祉バス（中井・川面・巨瀬地域）山際線, 生活福祉バス（中井・川面・巨瀬地域）上野線, 生活福祉バス（中井・川面・巨瀬地域）巨瀬北部線, 生活福祉バス（中井・川面・巨瀬地域）巨瀬中部線, 生活福祉バス（中井・川面・巨瀬地域）巨瀬南部線, 生活福祉バス（中井・川面・巨瀬地域）川面線"
福石中東,備前市,福石線
桜が丘東五丁目,宇野自動車（株）,"ネオ瀬戸線, ネオポリス線"
東別れ,高梁市,生活福祉バス（備中地域）黒鳥〜布賀線
東町,備北バス（株）,"坂本〜成羽〜高梁駅, 平川〜古町〜高梁駅, 地頭〜古町〜岡山天満屋, 地頭〜古町〜高梁駅, 川上バスセンター〜成羽〜高梁駅, 成羽〜県民局〜高梁駅"
東町,高梁市,"生活福祉バス（成羽地域）中野・小泉線, 生活福祉バス（成羽地域）中線, 生活福祉バス（成羽地域）吹屋線"
八木山,備前市,三石線
轟橋,備北バス（株）,"坂本〜成羽〜高梁駅, 平川〜古町〜高梁駅, 地頭〜古町〜高梁駅, 川上バスセンター〜成羽〜高梁駅"
成羽病院,高梁市,"生活福祉バス（成羽地域）中野・小泉線, 生活福祉バス（成羽地域）中線, 生活福祉バス（成羽地域）吹屋線"
福石上,備前市,福石線
成羽病院前,備北バス（株）,"坂本〜成羽〜高梁駅, 平川〜古町〜高梁駅, 地頭〜古町〜岡山天満屋, 地頭〜古町〜高梁駅, 川上バスセンター〜成羽〜高梁駅, 成羽〜県民局〜高梁駅"
愛宕口,備北バス（株）,"一ノ瀬〜楢井〜高梁駅, 東村〜大和〜高梁駅, 大和〜坂本〜高梁駅"
志藤橋,備北バス（株）,"坂本〜成羽〜高梁駅, 坂本〜田原〜川合, 平川〜古町〜高梁駅"
稲荷口,備北バス（株）,"坂本〜成羽〜高梁駅, 平川〜古町〜高梁駅, 地頭〜古町〜岡山天満屋, 地頭〜古町〜高梁駅, 川上バスセンター〜成羽〜高梁駅, 成羽〜県民局〜高梁駅"
閑谷中,備前市,"吉永線, 南北閑谷学校のぞみ線"
佐々木上組,備北バス（株）,"坂本〜成羽〜高梁駅, 平川〜古町〜高梁駅, 地頭〜古町〜岡山天満屋, 地頭〜古町〜高梁駅, 川上バスセンター〜成羽〜高梁駅"
佐々木下,備北バス（株）,"坂本〜成羽〜高梁駅, 平川〜古町〜高梁駅, 地頭〜古町〜岡山天満屋, 地頭〜古町〜高梁駅, 川上バスセンター〜成羽〜高梁駅"
小迫,備北バス（株）,"平川〜川戸〜田原（冬期のみ）, 平川〜古町〜高梁駅"
東窪田,赤磐市,"赤磐・美作線, 笹岡線, 北佐古田線"
東窪田,宇野自動車（株）,林野線
中銀前,備北バス（株）,"坂本〜成羽〜高梁駅, 平川〜古町〜高梁駅, 地頭〜古町〜岡山天満屋, 地頭〜古町〜高梁駅, 川上バスセンター〜成羽〜高梁駅, 成羽〜県民局〜高梁駅"
佐原,備北バス（株）,"平川〜古町〜高梁駅, 地頭〜古町〜岡山天満屋, 地頭〜古町〜高梁駅"
東4丁目南,赤磐市,可真・桜が丘東線
布瀬橋,備北バス（株）,"坂本〜成羽〜高梁駅, 坂本〜田原〜川合, 平川〜古町〜高梁駅"
後谷下,備北バス（株）,"平川〜川戸〜田原（冬期のみ）, 平川〜古町〜高梁駅"
徳富北,赤磐市,豊田・熊山線
成羽バスセンター,高梁市,"生活福祉バス（成羽地域）宇治線, 生活福祉バス（成羽地域）中野・小泉線, 生活福祉バス（成羽地域）中線, 生活福祉バス（成羽地域）吹屋線"
長谷,備北バス（株）,"平川〜川戸〜田原（冬期のみ）, 平川〜古町〜高梁駅"
桜が丘西10丁目東,宇野自動車（株）,"ネオ瀬戸線, ネオポリス線, 東岡山線"
成羽,備北バス（株）,"坂本〜成羽〜高梁駅, 平川〜古町〜高梁駅, 地頭〜古町〜岡山天満屋, 地頭〜古町〜高梁駅, 川上バスセンター〜成羽〜高梁駅, 成羽〜県民局〜高梁駅"
落合橋上,備北バス（株）,"成羽〜県民局〜高梁駅, 陣山〜井谷〜高梁駅"
日名口,備北バス（株）,"坂本〜成羽〜高梁駅, 平川〜古町〜高梁駅, 地頭〜古町〜岡山天満屋, 地頭〜古町〜高梁駅, 川上バスセンター〜成羽〜高梁駅, 成羽〜県民局〜高梁駅"
桜が丘西10丁目中,宇野自動車（株）,"ネオ瀬戸線, ネオポリス線, 東岡山線"
交流センター,赤磐市,"可真・桜が丘東線, 松木・下市線"
桜が丘中央,宇野自動車（株）,"ネオ瀬戸線, ネオポリス線, 東岡山線"
上境谷,備北バス（株）,"坂本〜成羽〜高梁駅, 平川〜古町〜高梁駅, 地頭〜古町〜岡山天満屋, 地頭〜古町〜高梁駅, 川上バスセンター〜成羽〜高梁駅, 成羽〜県民局〜高梁駅"
地蔵前,備北バス（株）,"坂本〜成羽〜高梁駅, 平川〜古町〜高梁駅, 地頭〜古町〜岡山天満屋, 地頭〜古町〜高梁駅, 川上バスセンター〜成羽〜高梁駅, 成羽〜県民局〜高梁駅"
千躰,赤磐市,豊田・熊山線
桜が丘西10丁目西,宇野自動車（株）,"ネオ瀬戸線, ネオポリス線, 東岡山線"
中山,備前市,片上和気線
弥上,赤磐市,可真・桜が丘東線
東,高梁市,生活福祉バス（備中地域）黒鳥〜布賀線
後谷,備北バス（株）,"平川〜川戸〜田原（冬期のみ）, 平川〜古町〜高梁駅"
東2丁目公園,赤磐市,可真・桜が丘東線
井谷下,備北バス（株）,"成羽〜県民局〜高梁駅, 陣山〜井谷〜高梁駅"
釣井,赤磐市,豊田・熊山線
落合橋,備北バス（株）,"坂本〜成羽〜高梁駅, 平川〜古町〜高梁駅, 地頭〜古町〜高梁駅, 川上バスセンター〜成羽〜高梁駅"
桜が丘西9丁目東,宇野自動車（株）,"ネオ瀬戸線, ネオポリス線, 東岡山線"
井谷,備北バス（株）,"坂本〜成羽〜高梁駅, 平川〜古町〜高梁駅, 地頭〜古町〜岡山天満屋, 地頭〜古町〜高梁駅, 川上バスセンター〜成羽〜高梁駅, 成羽〜県民局〜高梁駅"
鹿之助前,備北バス（株）,"坂本〜成羽〜高梁駅, 平川〜古町〜高梁駅, 地頭〜古町〜岡山天満屋, 地頭〜古町〜高梁駅, 川上バスセンター〜成羽〜高梁駅, 成羽〜県民局〜高梁駅, 陣山〜井谷〜高梁駅"
東4丁目西,赤磐市,"可真・桜が丘東線, 松木・下市線"
東2丁目中,赤磐市,可真・桜が丘東線
荒神谷,備北バス（株）,"坂本〜成羽〜高梁駅, 平川〜古町〜高梁駅, 地頭〜古町〜岡山天満屋, 地頭〜古町〜高梁駅, 川上バスセンター〜成羽〜高梁駅"
原三谷橋,中鉄バス（株）,下加茂・尾原・杉谷・福沢線
原三谷橋,岡山市,"御津・建部コミュニティバス　幹線（福渡駅〜国立病院）, 御津・建部コミュニティバス　虎倉線"
阿部市場,備北バス（株）,"坂本〜成羽〜高梁駅, 平川〜古町〜高梁駅, 地頭〜古町〜岡山天満屋, 地頭〜古町〜高梁駅, 川上バスセンター〜成羽〜高梁駅, 成羽〜県民局〜高梁駅, 陣山〜井谷〜高梁駅"
藤倉,備北バス（株）,"坂本〜成羽〜高梁駅, 平川〜古町〜高梁駅, 地頭〜古町〜岡山天満屋, 地頭〜古町〜高梁駅, 川上バスセンター〜成羽〜高梁駅, 成羽〜県民局〜高梁駅"
用瀬上,備北バス（株）,"坂本〜成羽〜高梁駅, 坂本〜田原〜川合, 平川〜古町〜高梁駅"
桜が丘西9丁目中,宇野自動車（株）,"ネオ瀬戸線, ネオポリス線, 東岡山線"
山上口,中鉄バス（株）,リハビリセンター線
東2丁目南,赤磐市,可真・桜が丘東線
炭床,備北バス（株）,"一ノ瀬〜楢井〜高梁駅, 東村〜大和〜高梁駅, 大和〜坂本〜高梁駅"
桜が丘西六丁目,宇野自動車（株）,"ネオ瀬戸線, ネオポリス線, 東岡山線"
農業試験場口,赤磐市,赤磐・美作線
農業試験場口,宇野自動車（株）,林野線
桜が丘西9丁目西,宇野自動車（株）,"ネオ瀬戸線, ネオポリス線, 東岡山線"
徳富南,赤磐市,豊田・熊山線
ゆめタウン前,備北バス（株）,"坂本〜成羽〜高梁駅, 平川〜古町〜高梁駅, 地頭〜古町〜岡山天満屋, 地頭〜古町〜高梁駅, 川上バスセンター〜成羽〜高梁駅, 成羽〜県民局〜高梁駅, 陣山〜井谷〜高梁駅"
津崎,赤磐市,高陽北西線
備北オートセンター前,備北バス（株）,"坂本〜成羽〜高梁駅, 平川〜古町〜高梁駅, 地頭〜古町〜岡山天満屋, 地頭〜古町〜高梁駅, 川上バスセンター〜成羽〜高梁駅, 成羽〜県民局〜高梁駅, 陣山〜井谷〜高梁駅"
桜が丘運動公園口,宇野自動車（株）,"ネオ瀬戸線, ネオポリス線, 東岡山線"
東1丁目東,赤磐市,可真・桜が丘東線
西山団地東,赤磐市,西山線
西山団地,赤磐市,西山線
桜が丘西五丁目,宇野自動車（株）,"ネオ瀬戸線, ネオポリス線, 東岡山線"
用瀬橋,備北バス（株）,"坂本〜成羽〜高梁駅, 坂本〜田原〜川合, 平川〜古町〜高梁駅"
福神橋,備前市,"吉永線, 南北閑谷学校のぞみ線"
東2丁目西,赤磐市,"可真・桜が丘東線, 松木・下市線"
郷,高梁市,生活福祉バス（備中地域）黒鳥〜布賀線
西7丁目北,赤磐市,松木・下市線
山陽北小学校入口,赤磐市,松木・下市線
木の村,備北バス（株）,"平川〜川戸〜田原（冬期のみ）, 平川〜古町〜高梁駅"
西7丁目西,赤磐市,松木・下市線
山の上,備北バス（株）,"一ノ瀬〜楢井〜高梁駅, 東村〜大和〜高梁駅, 大和〜坂本〜高梁駅"
二軒屋,備前市,三石線
玉坂口,備北バス（株）,"一ノ瀬〜楢井〜高梁駅, 東村〜大和〜高梁駅, 大和〜坂本〜高梁駅"
西7丁目東,赤磐市,松木・下市線
大久保,備北バス（株）,"一ノ瀬〜楢井〜高梁駅, 東村〜大和〜高梁駅, 大和〜坂本〜高梁駅"
東1丁目東下,赤磐市,可真・桜が丘東線
五日市上,赤磐市,赤磐・美作線
五日市上,宇野自動車（株）,林野線
一の谷,備北バス（株）,"坂本〜成羽〜高梁駅, 坂本〜田原〜川合, 平川〜古町〜高梁駅"
桜が丘西三丁目上,宇野自動車（株）,"ネオ瀬戸線, ネオポリス線, 東岡山線"
向,高梁市,生活福祉バス（備中地域）黒鳥〜布賀線
仁保上,赤磐市,西山線
大曲,備北バス（株）,"平川〜川戸〜田原（冬期のみ）, 平川〜古町〜高梁駅"
東1丁目西,赤磐市,"可真・桜が丘東線, 松木・下市線"
葛城橋,中鉄バス（株）,下加茂・尾原・杉谷・福沢線
葛城橋,岡山市,"御津・建部コミュニティバス　幹線（福渡駅〜国立病院）, 御津・建部コミュニティバス　虎倉線"
尾谷,赤磐市,高陽北西線
閑谷下,備前市,"吉永線, 南北閑谷学校のぞみ線"
東1丁目南,赤磐市,可真・桜が丘東線
桜が丘西三丁目,宇野自動車（株）,"ネオ瀬戸線, ネオポリス線, 東岡山線"
五日市下,赤磐市,赤磐・美作線
仁保下,赤磐市,西山線
勢力,赤磐市,豊田・熊山線
川合,高梁市,生活福祉バス（備中地域）黒鳥〜布賀線
川合,備北バス（株）,"坂本〜成羽〜高梁駅, 坂本〜田原〜川合, 平川〜古町〜高梁駅, 地頭〜古町〜岡山天満屋, 地頭〜古町〜高梁駅, 川上バスセンター〜成羽〜高梁駅"
四軒屋,備前市,三石線
西山公民館,赤磐市,西山線
五日市下,宇野自動車（株）,林野線
川上バスセンター,備北バス（株）,"坂本〜成羽〜高梁駅, 坂本〜田原〜川合, 平川〜古町〜高梁駅, 地頭〜古町〜岡山天満屋, 地頭〜古町〜高梁駅, 川上バスセンター〜成羽〜高梁駅"
川上バスセンター,高梁市,生活福祉バス（川上地域）高山市線
ふれあい公園,赤磐市,高陽北西線
清水,備前市,片上和気線
下仁保,赤磐市,西山線
中屋,総社市,総社南高北・総社駅〜妙仙寺・宮前線
野々口,中鉄バス（株）,下加茂・尾原・杉谷・福沢線
野々口,岡山市,"御津・建部コミュニティバス　幹線（福渡駅〜国立病院）, 御津・建部コミュニティバス　虎倉線"
西1丁目集会所,赤磐市,松木・下市線
桜が丘西二丁目,宇野自動車（株）,"ネオ瀬戸線, ネオポリス線, 東岡山線"
郷,備北バス（株）,"地頭〜古町〜岡山天満屋, 地頭〜古町〜高梁駅"
西中集会所,赤磐市,西山線
広高下,備前市,三石線
桜が丘西一丁目上,宇野自動車（株）,"ネオ瀬戸線, ネオポリス線, 東岡山線"
吉尾口,中鉄バス（株）,下加茂・尾原・杉谷・福沢線
吉尾口,岡山市,"御津・建部コミュニティバス　幹線（福渡駅〜国立病院）, 御津・建部コミュニティバス　虎倉線"
木谷［備前市木谷］,備前市,"吉永線, 南北閑谷学校のぞみ線"
桜が丘西一丁目,宇野自動車（株）,"ネオ瀬戸線, ネオポリス線, 東岡山線"
正崎,赤磐市,"赤磐・美作線, 高陽北西線"
正崎,宇野自動車（株）,林野線
河内谷,備北バス（株）,地頭〜古町〜岡山天満屋
木谷［備前市関谷］,備前市,三石線
ノアスギモト,赤磐市,西山線
尾頃,備北バス（株）,"地頭〜古町〜岡山天満屋, 地頭〜古町〜高梁駅"
七地東,高梁市,生活福祉バス（川上地域）七地線
日古木・中島口,赤磐市,松木・下市線
日古木・中島口,宇野自動車（株）,"ネオ瀬戸線, ネオポリス線, 東岡山線"
野々口西,中鉄バス（株）,下加茂・尾原・杉谷・福沢線
野々口西,岡山市,"御津・建部コミュニティバス　幹線（福渡駅〜国立病院）, 御津・建部コミュニティバス　虎倉線"
二井口,宇野自動車（株）,"ネオ瀬戸線, 東岡山線"
新道二井口,宇野自動車（株）,ネオポリス線
寺見団地,赤磐市,豊田・熊山線
鴨前地蔵堂,赤磐市,西山線
沼田,宇野自動車（株）,"ネオ瀬戸線, 東岡山線"
高屋,赤磐市,高陽北西線
正崎下,赤磐市,赤磐・美作線
正崎下,宇野自動車（株）,林野線
岡山桃太郎空港,岡山電気軌道（株）・中鉄バス（株）,岡山桃太郎空港リムジンバス　岡山駅〜岡山桃太郎空港線
岡山桃太郎空港,下津井電鉄（株）・中鉄バス（株）,岡山桃太郎空港リムジンバス　倉敷駅〜岡山桃太郎空港線
丸山［和気郡］,備前市,片上和気線
新道沼田,宇野自動車（株）,ネオポリス線
七地,高梁市,生活福祉バス（川上地域）七地線
梶田橋,備北バス（株）,"地頭〜古町〜岡山天満屋, 地頭〜古町〜高梁駅"
広瀬,備北バス（株）,地頭〜古町〜岡山天満屋
伊里中,備前市,"寒河蕃山伊里線, 吉永線, 三石線, 南北閑谷学校のぞみ線"
高屋上,宇野自動車（株）,"ネオ瀬戸線, 東岡山線"
熊崎入口,赤磐市,西山線
蕃山,備前市,"寒河蕃山伊里線, 三石線"
高屋（ネオ）,宇野自動車（株）,"ネオ瀬戸線, 東岡山線"
新道高屋上,宇野自動車（株）,ネオポリス線
蕃山下,備前市,"寒河蕃山伊里線, 三石線"
上市,赤磐市,赤磐・美作線
上市,宇野自動車（株）,林野線
高陽台,赤磐市,高月・高陽南線
山田原口,備前市,"寒河蕃山伊里線, 三石線, 南北閑谷学校のぞみ線"
新道高屋,宇野自動車（株）,ネオポリス線
一本松,備前市,"寒河蕃山伊里線, 吉永線, 三石線"
乗元下,備北バス（株）,"地頭〜古町〜岡山天満屋, 地頭〜古町〜高梁駅"
家中,備前市,"寒河蕃山伊里線, 三石線"
麻宇那上,備前市,"寒河蕃山伊里線, 三石線"
赤磐市役所,赤磐市,"松木・下市線, 西山線, 山陽団地線, 高陽北西線, 高月・高陽南線"
赤磐市役所前,宇野自動車（株）,"ネオ瀬戸線, 東岡山線"
谷条,高梁市,生活福祉バス（川上地域）七地線
山田原,備前市,"寒河蕃山伊里線, 三石線"
持田,備前市,"寒河蕃山伊里線, 三石線"
中山,中鉄バス（株）,下加茂・尾原・杉谷・福沢線
中山,岡山市,"御津・建部コミュニティバス　幹線（福渡駅〜国立病院）, 御津・建部コミュニティバス　虎倉線"
沼田本村口,赤磐市,高月・高陽南線
下市上,宇野自動車（株）,"林野線, ネオポリス線"
下市イズミ停留所,赤磐市,"西山線, 山陽団地線, 高陽北西線, 高月・高陽南線"
老人福祉センター,宇野自動車（株）,"林野線, ネオポリス線"
下市,赤磐市,赤磐・美作線
下市,宇野自動車（株）,"林野線, ネオポリス線"
山陽団地東,宇野自動車（株）,"林野線, ネオポリス線"
伊部越,備前市,"三石線, 片上和気線"
菅野,高梁市,生活福祉バス（川上地域）七地線
中国銀行赤磐支店前,赤磐市,"西山線, 山陽団地線, 高陽北西線, 高月・高陽南線"
佐那高下,備前市,"寒河蕃山伊里線, 三石線"
新道赤磐市役所入口,赤磐市,松木・下市線
新道赤磐市役所入口,宇野自動車（株）,ネオポリス線
東6番,赤磐市,山陽団地線
ネオポリス線下市,宇野自動車（株）,"ネオ瀬戸線, 東岡山線"
領家,備北バス（株）,"地頭〜古町〜岡山天満屋, 地頭〜古町〜高梁駅"
山陽団地西6番,宇野自動車（株）,"ネオポリス線, 山陽団地循環"
西6番,赤磐市,山陽団地線
山陽団地西7番,宇野自動車（株）,"ネオポリス線, 山陽団地循環"
西7番,赤磐市,山陽団地線
瀬戸線下市,赤磐市,赤磐・美作線
瀬戸線下市,宇野自動車（株）,"ネオ瀬戸線, 林野線, ネオポリス線"
老人福祉センター,赤磐市,山陽団地線
JA山陽支店,赤磐市,"西山線, 山陽団地線, 高陽北西線, 高月・高陽南線"
山陽団地中3番,宇野自動車（株）,"林野線, ネオポリス線, 山陽団地循環"
東5番,赤磐市,山陽団地線
徳当,備前市,"寒河蕃山伊里線, 三石線, 南北閑谷学校のぞみ線"
山陽団地西5番,宇野自動車（株）,"ネオポリス線, 山陽団地循環"
西5番,赤磐市,山陽団地線
斎富,赤磐市,高月・高陽南線
医師会病院前,宇野自動車（株）,"ネオ瀬戸線, 東岡山線"
赤磐医師会病院,赤磐市,"松木・下市線, 西山線, 山陽団地線, 高陽北西線, 高月・高陽南線"
交流会館入口,岡山電気軌道（株）・中鉄バス（株）,免許センター線
東4番,赤磐市,山陽団地線
交流会館入口,岡山電気軌道（株）・中鉄バス（株）,免許センター線
大東,備前市,"寒河蕃山伊里線, 吉永線, 三石線"
マルナカ,赤磐市,"西山線, 山陽団地線, 高陽北西線, 高月・高陽南線"
友延上,備前市,"寒河蕃山伊里線, 三石線, 南北閑谷学校のぞみ線"
山陽西小学校前,宇野自動車（株）,"林野線, ネオポリス線, 山陽団地循環"
領家古川,備北バス（株）,"地頭〜古町〜岡山天満屋, 地頭〜古町〜高梁駅"
峠,備前市,三石線
向井,備前市,"寒河蕃山伊里線, 三石線"
3丁目集会所前,赤磐市,山陽団地線
影平,総社市,総社南高北・総社駅〜妙仙寺・宮前線
大曲,高梁市,生活福祉バス（川上地域）七地線
西4番,赤磐市,山陽団地線
山陽団地西4番,宇野自動車（株）,"ネオポリス線, 山陽団地循環"
寒河東,備前市,日生線
河本北,赤磐市,"山陽団地線, 高月・高陽南線"
新道山陽マルナカ前,赤磐市,赤磐・美作線
新道山陽マルナカ前,宇野自動車（株）,"林野線, ネオポリス線"
下り松,備前市,"三石線, 片上和気線"
東奥,備前市,日生線
寒河,備前市,日生線
足王神社口,赤磐市,山陽団地線
足王神社口,宇野自動車（株）,"ネオポリス線, 山陽団地循環"
南方,赤磐市,高月・高陽南線
備前片上駅,備前市,"寒河蕃山伊里線, 吉永線, 三石線, 東鶴山線, 日生線, 片上和気線"
福浦峠,備前市,日生線
山陽団地中2番,宇野自動車（株）,"林野線, ネオポリス線, 山陽団地循環"
東3番,赤磐市,山陽団地線
松下前,備前市,"寒河蕃山伊里線, 三石線, 南北閑谷学校のぞみ線"
三軒茶屋,備北バス（株）,地頭〜古町〜岡山天満屋
麻宇那下,備前市,"寒河蕃山伊里線, 三石線"
草加病院,備前市,三石線
寒河中,備前市,日生線
保健所前,備前市,"寒河蕃山伊里線, 吉永線, 三石線, 東鶴山線, 日生線, 片上和気線"
立川,宇野自動車（株）,"ネオ瀬戸線, 東岡山線"
馬渡,高梁市,生活福祉バス（川上地域）七地線
伊里小前,備前市,"寒河蕃山伊里線, 三石線"
新道河本,赤磐市,赤磐・美作線
新道河本,宇野自動車（株）,"林野線, ネオポリス線"
平蔵谷,高梁市,生活福祉バス（川上地域）七地線
河内橋,備前市,日生線
東2番,赤磐市,山陽団地線
免許センター,中鉄バス（株）,下加茂・尾原・杉谷・福沢線
免許センター,岡山電気軌道（株）・中鉄バス（株）,免許センター線
運転免許センター,岡山市,"御津・建部コミュニティバス　幹線（福渡駅〜国立病院）, 御津・建部コミュニティバス　虎倉線"
山陽団地郵便局前,宇野自動車（株）,"林野線, ネオポリス線, 山陽団地循環"
杖立,北振バス（株）,井原〜弥高山入口
山陽団地西3番,宇野自動車（株）,"ネオポリス線, 山陽団地循環"
西3番,赤磐市,山陽団地線
河本南,赤磐市,"山陽団地線, 高月・高陽南線"
西片上駅,備前市,三石線
須志,高梁市,生活福祉バス（川上地域）高山市線
市役所前［備前市］,備前市,"寒河蕃山伊里線, 吉永線, 三石線, 東鶴山線, 日生線, 片上和気線"
武田整形前,備前市,"三石線, 片上和気線"
立川中,赤磐市,高月・高陽南線
新道河本西,赤磐市,赤磐・美作線
新道河本西,宇野自動車（株）,"林野線, ネオポリス線"
東1番,赤磐市,山陽団地線
領家上組,備北バス（株）,"地頭〜古町〜岡山天満屋, 地頭〜古町〜高梁駅"
山陽団地中1番,宇野自動車（株）,"林野線, ネオポリス線, 山陽団地循環"
市場,総社市,総社南高北・総社駅〜妙仙寺・宮前線
西2番,赤磐市,山陽団地線
友延,備前市,"寒河蕃山伊里線, 三石線, 南北閑谷学校のぞみ線"
市民センター,備前市,"寒河蕃山伊里線, 吉永線, 三石線, 東鶴山線, 日生線, 片上和気線"
山陽団地西2番,宇野自動車（株）,"ネオポリス線, 山陽団地循環"
1丁目集会所入口,赤磐市,山陽団地線
舟廻,宇野自動車（株）,"ネオ瀬戸線, 東岡山線"
金山口,岡山電気軌道（株）・中鉄バス（株）,免許センター線
船廻,赤磐市,高月・高陽南線
岩田東,赤磐市,"山陽団地線, 高月・高陽南線"
浜山,備前市,日生線
市役所入口［備前市］,備前市,"三石線, 日生線"
西1番,赤磐市,山陽団地線
山陽団地西1番,宇野自動車（株）,"ネオポリス線, 山陽団地循環"
片鉄片上,備前市,"寒河蕃山伊里線, 吉永線, 三石線, 東鶴山線, 日生線, 片上和気線"
太刀洗,北振バス（株）,井原〜弥高山入口
片上,宇野自動車（株）,250号線
辛香,中鉄バス（株）,下加茂・尾原・杉谷・福沢線
辛香,岡山電気軌道（株）・中鉄バス（株）,免許センター線
辛香,岡山市,"御津・建部コミュニティバス　幹線（福渡駅〜国立病院）, 御津・建部コミュニティバス　虎倉線"
領家橋,備北バス（株）,"地頭〜古町〜岡山天満屋, 地頭〜古町〜高梁駅"
出高山,高梁市,生活福祉バス（川上地域）高山市線
備前警察署前,備前市,"三石線, 片上和気線"
新道立川口,赤磐市,赤磐・美作線
新道立川口,宇野自動車（株）,"林野線, ネオポリス線"
野呂中,高梁市,生活福祉バス（川上地域）七地線
住吉公園前,備北バス（株）,"地頭〜古町〜岡山天満屋, 地頭〜古町〜高梁駅"
伊里駅,備前市,南北閑谷学校のぞみ線
恵迫,高梁市,生活福祉バス（川上地域）七地線
日生幼稚園前,備前市,日生線
浜山西,備前市,日生線
長尾,赤磐市,高月・高陽南線
川上幼稚園,高梁市,"生活福祉バス（川上地域）光松線, 生活福祉バス（川上地域）高山市線, 生活福祉バス（川上地域）正寺線, 生活福祉バス（川上地域）七地線"
岩田,赤磐市,"山陽団地線, 高月・高陽南線"
岩田,宇野自動車（株）,"林野線, ネオポリス線, 山陽団地循環"
東伊部,宇野自動車（株）,250号線
辛香口,岡山電気軌道（株）・中鉄バス（株）,免許センター線
日耐前,備前市,"三石線, 日生線"
岩田交差点,赤磐市,高月・高陽南線
恵比寿前,備前市,東鶴山線
恵美須前,宇野自動車（株）,250号線
スワ住宅前,備前市,日生線
伊部駅前,宇野自動車（株）,250号線
地頭,備北バス（株）,"地頭〜古町〜岡山天満屋, 地頭〜古町〜高梁駅"
地頭,高梁市,"生活福祉バス（川上地域）光松線, 生活福祉バス（川上地域）高山市線, 生活福祉バス（川上地域）正寺線, 生活福祉バス（川上地域）七地線"
シーサイドプールひなせ,備前市,"寒河蕃山伊里線, 日生線"
田井山,宇野自動車（株）,250号線
備前病院前,備前市,三石線
備前病院前,宇野自動車（株）,250号線
野田,高梁市,生活福祉バス（川上地域）高山市線
ひだすき作業所前,備前市,片上和気線
日生運動公園前,備前市,日生線
赤磐警察署前,宇野自動車（株）,"ネオ瀬戸線, 東岡山線"
新道穂崎,赤磐市,赤磐・美作線
新道穂崎,宇野自動車（株）,"林野線, ネオポリス線, 山陽団地循環"
富吉本村西,中鉄バス（株）,リハビリセンター線
新道穂崎下,宇野自動車（株）,"林野線, ネオポリス線, 山陽団地循環"
沖浦下,備前市,"三石線, 日生線"
種井,備北バス（株）,地頭〜古町〜岡山天満屋
瀬戸郵便局前,宇野自動車（株）,"ネオ瀬戸線, 東岡山線"
浦伊部,備前市,東鶴山線
浦伊部,宇野自動車（株）,250号線
瀬戸橋,宇野自動車（株）,"ネオ瀬戸線, 東岡山線"
池田支所前,総社市,総社南高北・総社駅〜妙仙寺・宮前線
村入,北振バス（株）,井原〜弥高山入口
沖浦,備前市,"三石線, 日生線"
瀬戸駅,宇野自動車（株）,"ネオ瀬戸線, 東岡山線"
池灘,宇野自動車（株）,250号線
勤労者センター前,備前市,片上和気線
森下前,備前市,日生線
日生駅前,備前市,"頭島線, 日生線"
日生中学前,備前市,"頭島線, 日生線"
岸本橋,宇野自動車（株）,250号線
高山市,北振バス（株）,井原〜弥高山入口
高山市,高梁市,生活福祉バス（川上地域）高山市線
弥高山入口,北振バス（株）,井原〜弥高山入口
弥高山入口,高梁市,生活福祉バス（川上地域）高山市線
日生病院前,備前市,"頭島線, 日生線"
梅灘,備前市,日生線
馬屋消防機庫,赤磐市,高月・高陽南線
梶谷,備前市,日生線
望の里団地,赤磐市,高月・高陽南線
保木,総社市,総社南高北・総社駅〜妙仙寺・宮前線
富吉本村,中鉄バス（株）,リハビリセンター線
馬屋,宇野自動車（株）,"林野線, ネオポリス線, 山陽団地循環"
九耐前,備前市,東鶴山線
穂崎中,赤磐市,高月・高陽南線
福吉集会所,赤磐市,高月・高陽南線
砂ヶ浜,備前市,東鶴山線
川西,備前市,日生線
大内,宇野自動車（株）,250号線
医療センター,高梁市,"生活福祉バス（川上地域）光松線, 生活福祉バス（川上地域）高山市線, 生活福祉バス（川上地域）正寺線, 生活福祉バス（川上地域）七地線"
米田産業前,備前市,東鶴山線
日生総合支所前,備前市,"頭島線, 日生線"
吉宗,岡山電気軌道（株）・中鉄バス（株）,免許センター線
片上ふ頭入口,備前市,"三石線, 日生線"
興亜前,備前市,"三石線, 日生線"
馬屋下,宇野自動車（株）,"林野線, ネオポリス線, 山陽団地循環"
日生西小学校前,備前市,日生線
明石住宅前,備前市,"三石線, 日生線"
瀬戸西,宇野自動車（株）,"ネオ瀬戸線, 東岡山線"
穂浪橋,備前市,"三石線, 日生線"
伊里局前,備前市,"三石線, 日生線"
明石,備前市,"三石線, 日生線"
穂浪橋東,備前市,南北閑谷学校のぞみ線
日生［日生定期船乗り場］,備前市,"頭島線, 日生線"
岡山運輸支局,中鉄バス（株）,リサーチパーク線
井田村,備前市,"三石線, 南北閑谷学校のぞみ線, 日生線"
大星,備前市,"三石線, 日生線"
光ヨーラク前,備前市,日生線
木生峠,備前市,日生線
ナダ,備前市,"三石線, 日生線"
朝日塾小学校前,岡山電気軌道（株）・中鉄バス（株）,免許センター線
中村前,備前市,東鶴山線
木生,備前市,日生線
香登東,宇野自動車（株）,250号線
植松,備北バス（株）,地頭〜古町〜岡山天満屋
楯越山東,備前市,頭島線
伯父奥,備前市,日生線
入野尻,北振バス（株）,井原〜弥高山入口
川向会館前,備前市,頭島線
工業技術センター,中鉄バス（株）,"リサーチパーク線, リハビリセンター線"
白鷺団地,宇野自動車（株）,"林野線, ネオポリス線, 山陽団地循環"
香登駅前,宇野自動車（株）,250号線
マルナカ,備前市,"三石線, 南北閑谷学校のぞみ線, 日生線"
五味の市,備前市,頭島線
リサーチパーク入口,中鉄バス（株）,リハビリセンター線
黒田団地,宇野自動車（株）,"林野線, ネオポリス線, 山陽団地循環"
インキュベーションセンター前,中鉄バス（株）,"リサーチパーク線, リハビリセンター線"
二ノ樋,宇野自動車（株）,250号線
栢谷口,岡山電気軌道（株）・中鉄バス（株）,免許センター線
竹久工業前,宇野自動車（株）,"ネオ瀬戸線, 東岡山線"
船山,宇野自動車（株）,250号線
岡山東部脳神経外科病院前,宇野自動車（株）,"林野線, ネオポリス線, 山陽団地循環"
下大竹口,高梁市,生活福祉バス（川上地域）高山市線
牟佐上,宇野自動車（株）,"林野線, ネオポリス線, 山陽団地循環"
舟山,瀬戸内市,長船北線
沖,宇野自動車（株）,"ネオ瀬戸線, 東岡山線"
おさふねサービスエリア,瀬戸内市,長船北線
湾戸,備前市,頭島線
南,高梁市,"生活福祉バス（川上地域）高山市線, 生活福祉バス（川上地域）正寺線"
美袋上,備北バス（株）,地頭〜古町〜岡山天満屋
瀬戸南高,宇野自動車（株）,"ネオ瀬戸線, 東岡山線"
運動公園前,備前市,東鶴山線
二軒茶屋,岡山電気軌道（株）・中鉄バス（株）,免許センター線
コンフォールひなせ,備前市,頭島線
温水プール前,備前市,東鶴山線
牟佐下,宇野自動車（株）,"林野線, ネオポリス線, 山陽団地循環"
作原,備北バス（株）,地頭〜古町〜岡山天満屋
大賀,高梁市,生活福祉バス（川上地域）正寺線
作原口,備北バス（株）,地頭〜古町〜岡山天満屋
備前長船刀剣博物館,瀬戸内市,長船北線
沖下,宇野自動車（株）,"ネオ瀬戸線, 東岡山線"
久々井,備前市,東鶴山線
天王,宇野自動車（株）,250号線
八幡前,高梁市,生活福祉バス（川上地域）正寺線
三原,北振バス（株）,井原〜弥高山入口
神迫,北振バス（株）,井原〜弥高山入口
長船団地北緑地,瀬戸内市,長船北線
三沢,高梁市,生活福祉バス（川上地域）光松線
本村,総社市,総社南高北・総社駅〜妙仙寺・宮前線
本村,備前市,東鶴山線
坂野記念館前,岡山電気軌道（株）・中鉄バス（株）,免許センター線
槻渡,備北バス（株）,地頭〜古町〜岡山天満屋
砂場,宇野自動車（株）,"ネオ瀬戸線, 東岡山線"
長船南,瀬戸内市,長船北線
長船ふれあいプラザ前,瀬戸内市,長船北線
昭和小学校前,備北バス（株）,地頭〜古町〜岡山天満屋
三原小学校前,北振バス（株）,井原〜弥高山入口
大原橋,宇野自動車（株）,"林野線, ネオポリス線, 山陽団地循環"
大原,宇野自動車（株）,"林野線, ネオポリス線, 山陽団地循環"
正寺,高梁市,生活福祉バス（川上地域）正寺線
帝窯前,備前市,東鶴山線
蕃人土手,岡山電気軌道（株）・中鉄バス（株）,免許センター線
長船パナタウン,瀬戸内市,長船北線
東平島上,宇野自動車（株）,"ネオ瀬戸線, 東岡山線"
玉柏,宇野自動車（株）,"林野線, ネオポリス線, 山陽団地循環"
八日市［宇野バス］,瀬戸内市,長船北線
八日市,宇野自動車（株）,250号線
吉井,宇野自動車（株）,250号線
堤が丘,岡山電気軌道（株）・中鉄バス（株）,免許センター線
日羽,備北バス（株）,地頭〜古町〜岡山天満屋
上芳賀,中鉄バス（株）,"一宮東線, 佐山団地・県営住宅線, リサーチパーク線, リハビリセンター線"
海水浴場前,備前市,東鶴山線
山田,瀬戸内市,美和線
明見橋,備北バス（株）,地頭〜古町〜岡山天満屋
大谷,高梁市,生活福祉バス（川上地域）光松線
宇野バス八日市車庫前,瀬戸内市,長船北線
柳谷,備北バス（株）,地頭〜古町〜岡山天満屋
山陽マルナカ長船店,瀬戸内市,美和線
東平島,宇野自動車（株）,"ネオ瀬戸線, 東岡山線"
西岡（東）,瀬戸内市,美和線
西岡（西）,瀬戸内市,美和線
上芳賀中,中鉄バス（株）,"一宮東線, 佐山団地・県営住宅線"
金山口,宇野自動車（株）,"林野線, ネオポリス線, 山陽団地循環"
瀬戸内記念病院,瀬戸内市,長船北線
安成,高梁市,生活福祉バス（川上地域）正寺線
県営住宅前,中鉄バス（株）,"一宮東線, 佐山団地・県営住宅線, リサーチパーク線, リハビリセンター線"
旭川荘北,両備ホールディングス（株）,高島駅旭川荘線
長船荘入口,瀬戸内市,美和線
薬局前,岡山電気軌道（株）・中鉄バス（株）,"国立病院線, 国立病院線（臨時運行）"
鹿久居,備前市,頭島線
小林口,岡山電気軌道（株）・中鉄バス（株）,免許センター線
パナソニック前,宇野自動車（株）,"ネオ瀬戸線, 東岡山線"
鶴海港,備前市,"東鶴山線, 南北閑谷学校のぞみ線"
佐山団地,中鉄バス（株）,"一宮東線, 佐山団地・県営住宅線, リサーチパーク線, リハビリセンター線"
新庄（西）,瀬戸内市,美和線
一日市,宇野自動車（株）,250号線
田益,岡山電気軌道（株）・中鉄バス（株）,"国立病院線, 国立病院線（臨時運行）"
行幸小学校北,瀬戸内市,長船北線
顕本寺前,中鉄バス（株）,"一宮東線, 佐山団地・県営住宅線"
下谷,北振バス（株）,井原〜弥高山入口
桃丘幼稚園口,中鉄バス（株）,"一宮東線, リサーチパーク線, リハビリセンター線"
東平島下,宇野自動車（株）,"ネオ瀬戸線, 東岡山線"
国立病院,中鉄バス（株）,下加茂・尾原・杉谷・福沢線
国立病院,岡山電気軌道（株）・中鉄バス（株）,"国立病院線, 国立病院線（臨時運行）"
国立病院,岡山市,"御津・建部コミュニティバス　幹線（福渡駅〜国立病院）, 御津・建部コミュニティバス　虎倉線"
長谷井内科医院,瀬戸内市,"美和線, 長船北線"
旭川荘,両備ホールディングス（株）,"岡山駅旭川荘線, 高島駅旭川荘線"
新町,宇野自動車（株）,250号線
油杉,瀬戸内市,美和線
坂田,備前市,南北閑谷学校のぞみ線
鶴海東,備前市,"東鶴山線, 南北閑谷学校のぞみ線"
横井小学校前,岡山電気軌道（株）・中鉄バス（株）,免許センター線
塚元,総社市,総社南高北・総社駅〜妙仙寺・宮前線
浅川,宇野自動車（株）,250号線
柏山,瀬戸内市,美和線
豪渓駅口,備北バス（株）,地頭〜古町〜岡山天満屋
鶴海車庫,備前市,"東鶴山線, 南北閑谷学校のぞみ線"
原,宇野自動車（株）,"林野線, ネオポリス線, 山陽団地循環"
平島,宇野自動車（株）,"250号線, ネオ瀬戸線, 東岡山線"
新庄（東）,瀬戸内市,美和線
ハローズ長船店,瀬戸内市,"美和線, 長船北線"
福岡上,瀬戸内市,長船北線
瀬戸線平島,宇野自動車（株）,"ネオ瀬戸線, 東岡山線"
中の原・旭川荘厚生専門学院前,両備ホールディングス（株）,"岡山駅旭川荘線, 高島駅旭川荘線"
芳賀佐山郵便局前,中鉄バス（株）,"一宮東線, リサーチパーク線, リハビリセンター線"
南古都,宇野自動車（株）,"250号線, ネオ瀬戸線, 東岡山線"
矢井,宇野自動車（株）,250号線
山の端,宇野自動車（株）,250号線
中の原南・総合在宅支援センター前,両備ホールディングス（株）,"岡山駅旭川荘線, 高島駅旭川荘線"
鶴海,備前市,"東鶴山線, 南北閑谷学校のぞみ線"
芳賀団地,中鉄バス（株）,"一宮東線, リサーチパーク線, リハビリセンター線"
福岡駐車場,瀬戸内市,長船北線
大岩口,岡山電気軌道（株）・中鉄バス（株）,"国立病院線, 国立病院線（臨時運行）, 岡山桃太郎空港リムジンバス　岡山駅〜岡山桃太郎空港線"
下芳賀,中鉄バス（株）,"一宮東線, 佐山団地・県営住宅線"
下の原,両備ホールディングス（株）,"岡山駅旭川荘線, 高島駅旭川荘線"
赤坂,宇野自動車（株）,"250号線, ネオ瀬戸線, 東岡山線"
だんかばち,備前市,頭島線
鶴海西,備前市,"東鶴山線, 南北閑谷学校のぞみ線"
浮田校口,宇野自動車（株）,"250号線, ネオ瀬戸線, 東岡山線"
小幸田口,岡山電気軌道（株）・中鉄バス（株）,"国立病院線, 国立病院線（臨時運行）, 免許センター線"
八ツ塚,宇野自動車（株）,"250号線, ネオ瀬戸線, 東岡山線"
半田山ハイツ東区,岡山電気軌道（株）・中鉄バス（株）,半田山津高台線
ひなせうみラボ,備前市,頭島線
沼,宇野自動車（株）,"250号線, ネオ瀬戸線, 東岡山線"
ゴルフセンター前,岡山電気軌道（株）・中鉄バス（株）,半田山津高台線
高岳,高梁市,生活福祉バス（川上地域）光松線
上房,高梁市,生活福祉バス（川上地域）光松線
半田山ハイツ中区,岡山電気軌道（株）・中鉄バス（株）,半田山津高台線
芳賀団地南,中鉄バス（株）,"一宮東線, リサーチパーク線, リハビリセンター線"
畑谷,北振バス（株）,井原〜弥高山入口
栄町,瀬戸内市,長船北線
半田山ハイツ南区,岡山電気軌道（株）・中鉄バス（株）,半田山津高台線
大塚,瀬戸内市,美和線
下の原南・旭川荘南地区前,両備ホールディングス（株）,"岡山駅旭川荘線, 高島駅旭川荘線"
沼西,宇野自動車（株）,"250号線, ネオ瀬戸線, 東岡山線"
江川,宇野自動車（株）,"林野線, ネオポリス線, 山陽団地循環"
エブリイOkanaka津高店前,岡山電気軌道（株）・中鉄バス（株）,"国立病院線, 国立病院線（臨時運行）, 免許センター線"
佐山東,備前市,"東鶴山線, 南北閑谷学校のぞみ線"
鶴山小学校前,備前市,"東鶴山線, 南北閑谷学校のぞみ線"
ゆめトピア長船,瀬戸内市,"美和線, 長船北線"
瀬戸内市長船庁舎前,備前市,東鶴山線
長船駅,備前市,東鶴山線
長船駅,瀬戸内市,"美和線, 長船北線"
東が丘団地,宇野自動車（株）,"四御神線, 東岡山線"
東が丘団地中,宇野自動車（株）,"四御神線, 東岡山線"
中尾,宇野自動車（株）,"250号線, ネオ瀬戸線, 東岡山線"
半田山ハイツ西区,岡山電気軌道（株）・中鉄バス（株）,半田山津高台線
津高台団地中,岡山電気軌道（株）・中鉄バス（株）,半田山津高台線
漁協頭島支所前,備前市,頭島線
入鹿,備前市,頭島線
あけぼの町,瀬戸内市,長船北線
四御神西,宇野自動車（株）,"四御神線, 東岡山線"
本村,岡山電気軌道（株）・中鉄バス（株）,半田山津高台線
湯迫東,宇野自動車（株）,"四御神線, 東岡山線"
晃の里前,中鉄バス（株）,"一宮東線, リサーチパーク線, リハビリセンター線"
松尾,中鉄バス（株）,"一宮東線, 佐山団地・県営住宅線"
東が丘西,宇野自動車（株）,"四御神線, 東岡山線"
湯迫,宇野自動車（株）,"四御神線, 東岡山線"
津高台団地南,岡山電気軌道（株）・中鉄バス（株）,半田山津高台線
東が丘団地入口,宇野自動車（株）,"四御神線, 東岡山線"
三軒屋自衛隊前,岡山電気軌道（株）,理大東門線
土師,備前市,東鶴山線
祇園,両備ホールディングス（株）,"岡山駅旭川荘線, 高島駅旭川荘線"
浄土寺前,宇野自動車（株）,"四御神線, 東岡山線"
公会堂前,宇野自動車（株）,"四御神線, 東岡山線"
美容院前,備前市,"東鶴山線, 南北閑谷学校のぞみ線"
福永コミュニティハウス前,瀬戸内市,長船北線
脇田,宇野自動車（株）,"四御神線, 東岡山線"
岡山理科大学東門,岡山電気軌道（株）,理大東門線
脇田入口,両備ホールディングス（株）,"岡山駅旭川荘線, 高島駅旭川荘線"
四御神上,宇野自動車（株）,"四御神線, 東岡山線"
津高台団地西,岡山電気軌道（株）・中鉄バス（株）,半田山津高台線
北方,宇野自動車（株）,"250号線, ネオ瀬戸線, 東岡山線"
宮下,備前市,東鶴山線
福里,備前市,東鶴山線
国府小学校前,備前市,東鶴山線
土師東,備前市,東鶴山線
中原,岡山電気軌道（株）・中鉄バス（株）,"国立病院線, 国立病院線（臨時運行）, 免許センター線"
賞田上,宇野自動車（株）,"四御神線, 東岡山線"
青葉台,岡山電気軌道（株）・中鉄バス（株）,半田山津高台線
岡山理科大学,岡山電気軌道（株）,理大線
タイム長船店,瀬戸内市,長船北線
理大専門学校口,岡山電気軌道（株）,理大東門線
東原口,岡山電気軌道（株）・中鉄バス（株）,半田山津高台線
四御神,宇野自動車（株）,"四御神線, 東岡山線"
佐山口,中鉄バス（株）,"一宮東線, リサーチパーク線, リハビリセンター線"
津波井,岡山電気軌道（株）・中鉄バス（株）,半田山津高台線
稲荷山,瀬戸内市,美和線
佐山公民館前,備前市,"東鶴山線, 南北閑谷学校のぞみ線"
理大町,岡山電気軌道（株）,理大線
稲荷山,備前市,東鶴山線
飯井新田,備前市,東鶴山線
土田東,宇野自動車（株）,"東岡山線（弓之町経由）, 東岡山線"
岡山東支援学校口,宇野自動車（株）,"東岡山線（弓之町経由）, 東岡山線"
共和,北振バス（株）,井原〜弥高山入口
大窪,中鉄バス（株）,"一宮東線, 佐山団地・県営住宅線"
賞田,宇野自動車（株）,"四御神線, 東岡山線"
二反田,備前市,東鶴山線
二段田,瀬戸内市,美和線
竜の口コミュニティハウス入口,宇野自動車（株）,"四御神線, 東岡山線"
蛇の穴,北振バス（株）,井原〜弥高山入口
八丁公会堂前,瀬戸内市,大富-邑久駅線（北）
鉄,宇野自動車（株）,"250号線, ネオ瀬戸線, 東岡山線"
土田,宇野自動車（株）,"東岡山線（弓之町経由）, 東岡山線"
佐山西,備前市,"東鶴山線, 南北閑谷学校のぞみ線"
祇園入口,両備ホールディングス（株）,"岡山駅旭川荘線, 高島駅旭川荘線"
三野,岡山電気軌道（株）,三野線
三野,宇野自動車（株）,"林野線, ネオポリス線, 山陽団地循環"
津高営業所妙でん寺前,岡山電気軌道（株）,中央病院線
津高営業所妙でん寺前,岡山電気軌道（株）・中鉄バス（株）,"半田山津高台線, 国立病院線, 半田山津高台線（臨時運行）, 国立病院線（臨時運行）, 免許センター線"
法界院参道口,岡山電気軌道（株）,理大東門線
妙光寺口,備前市,東鶴山線
飯井,備前市,東鶴山線
飯井,瀬戸内市,美和線
西町,瀬戸内市,美和線
西宮,備前市,"東鶴山線, 南北閑谷学校のぞみ線"
四御神南,宇野自動車（株）,"四御神線, 東岡山線（弓之町経由）, 東岡山線"
大窪下,中鉄バス（株）,"一宮東線, 佐山団地・県営住宅線"
上鴫,北振バス（株）,井原〜弥高山入口
どうどう池,中鉄バス（株）,"一宮東線, リサーチパーク線, リハビリセンター線"
宮崎,瀬戸内市,美和線
ろう学校前,宇野自動車（株）,"東岡山線（弓之町経由）, 東岡山線"
中町,瀬戸内市,美和線
四御神車庫,宇野自動車（株）,"四御神線, 東岡山線（弓之町経由）, 東岡山線"
国府市場,宇野自動車（株）,"四御神線, 東岡山線"
青石,備前市,"東鶴山線, 南北閑谷学校のぞみ線"
湛井,備北バス（株）,地頭〜古町〜岡山天満屋
湛井,総社市,総社南高北・総社駅〜妙仙寺・宮前線
植物園前,岡山電気軌道（株）,理大東門線
麦の草口,高梁市,生活福祉バス（川上地域）光松線
水源池,岡山電気軌道（株）,三野線
水源池,宇野自動車（株）,"林野線, ネオポリス線, 山陽団地循環"
多聞寺,瀬戸内市,美和線
国府市場西,両備ホールディングス（株）,"岡山駅旭川荘線, 高島駅旭川荘線"
国府市場西,宇野自動車（株）,"四御神線, 東岡山線"
岡大北口,岡山電気軌道（株）,理大線
藤井,宇野自動車（株）,"250号線, ネオ瀬戸線, 東岡山線"
津島東三丁目,岡山電気軌道（株）,理大線
笠加簡易郵便局,瀬戸内市,長船北線
光松,高梁市,生活福祉バス（川上地域）光松線
麦の草,高梁市,生活福祉バス（川上地域）光松線
笹ヶ瀬,岡山電気軌道（株）,中央病院線
笹ヶ瀬,岡山電気軌道（株）・中鉄バス（株）,"半田山津高台線, 国立病院線, 半田山津高台線（臨時運行）, 国立病院線（臨時運行）, 免許センター線"
福居二丁目,岡山電気軌道（株）,理大線
箕輪,瀬戸内市,大富-邑久駅線（北）
辛川上,中鉄バス（株）,"一宮東線, 佐山団地・県営住宅線"
岡山ナザレン教会前,岡山電気軌道（株）,理大東門線
山戸,北振バス（株）,井原〜弥高山入口
緑ケ丘団地入口,中鉄バス（株）,"一宮東線, リサーチパーク線, リハビリセンター線"
三石深井鉄工所前,宇野自動車（株）,"250号線, ネオ瀬戸線"
高松中学校前,備北バス（株）,地頭〜古町〜岡山天満屋
前土田,宇野自動車（株）,"東岡山線（弓之町経由）, 東岡山線"
豆田北,瀬戸内市,大富-邑久駅線（北）
中井北,両備ホールディングス（株）,"岡山駅旭川荘線, 高島駅旭川荘線"
中井北,宇野自動車（株）,"四御神線, 東岡山線"
和田久保,瀬戸内市,美和線
下田東,北振バス（株）,矢掛〜美星
植物園口,岡山電気軌道（株）,三野線
植物園口,宇野自動車（株）,"林野線, ネオポリス線, 山陽団地循環"
佐屋,北振バス（株）,井原〜佐屋
下田,北振バス（株）,矢掛〜美星
積水前,宇野自動車（株）,"250号線, ネオ瀬戸線, 東岡山線"
福居一丁目,岡山電気軌道（株）,理大線
保育所前,岡山電気軌道（株）,"妙善寺線, 理大線"
岡大東門,岡山電気軌道（株）,"妙善寺線, 理大線"
岡大西門,岡山電気軌道（株）,"妙善寺線, 理大線"
福居入口,岡山電気軌道（株）,"妙善寺線, 理大線"
福居,岡山電気軌道（株）,妙善寺線
妙善寺,岡山電気軌道（株）,妙善寺線
西村西,瀬戸内市,美和線
宿,宇野自動車（株）,"250号線, ネオ瀬戸線, 東岡山線"
大元,北振バス（株）,矢掛〜美星
中井,両備ホールディングス（株）,"岡山駅旭川荘線, 高島駅旭川荘線"
中井,宇野自動車（株）,"四御神線, 東岡山線"
中島上,宇野自動車（株）,"東岡山線（弓之町経由）, 東岡山線"
長良,備北バス（株）,地頭〜古町〜岡山天満屋
山之端,備北バス（株）,地頭〜古町〜岡山天満屋
佐屋入口,北振バス（株）,井原〜佐屋
小原,北振バス（株）,井原〜弥高山入口
中島,宇野自動車（株）,"東岡山線（弓之町経由）, 東岡山線"
高島団地,宇野自動車（株）,"東岡山線（弓之町経由）, 東岡山線"
東岡山駅前,宇野自動車（株）,"東岡山線（弓之町経由）, 東岡山線"
豆田南,瀬戸内市,大富-邑久駅線（北）
谷下,北振バス（株）,矢掛〜美星
コウリョー前,宇野自動車（株）,"東岡山線（弓之町経由）, 東岡山線"
水野医院,瀬戸内市,長船北線
山浦口,中鉄バス（株）,"一宮東線, リサーチパーク線, リハビリセンター線"
法界院駅前,岡山電気軌道（株）,"三野線, 妙善寺線, 理大東門線"
法界院駅前,宇野自動車（株）,"林野線, ネオポリス線, 山陽団地循環"
雄町東,宇野自動車（株）,"東岡山線（弓之町経由）, 東岡山線"
長岡・駅前,宇野自動車（株）,250号線
保育所前,宇野自動車（株）,"東岡山線（弓之町経由）, 東岡山線"
雄町,宇野自動車（株）,"東岡山線（弓之町経由）, 東岡山線"
東須恵,瀬戸内市,美和線
岡山商大前,岡山電気軌道（株）,中央病院線
岡山商大前,岡山電気軌道（株）・中鉄バス（株）,"半田山津高台線, 国立病院線, 半田山津高台線（臨時運行）, 国立病院線（臨時運行）, 免許センター線"
稲荷参道,備北バス（株）,地頭〜古町〜岡山天満屋
岡大入口,岡山電気軌道（株）,"妙善寺線, 理大線"
県立大学入口,備北バス（株）,地頭〜古町〜岡山天満屋
虫明診療所前,瀬戸内市,虫明・長島愛生園線
虫明東,瀬戸内市,虫明・長島愛生園線
雄町中,宇野自動車（株）,"東岡山線（弓之町経由）, 東岡山線"
笠加コミュニティセンター入口,瀬戸内市,大富-邑久駅線（北）
雄町西,宇野自動車（株）,"東岡山線（弓之町経由）, 東岡山線"
浜中,瀬戸内市,虫明・長島愛生園線
辛川下,中鉄バス（株）,"一宮東線, 佐山団地・県営住宅線"
藤の里,宇野自動車（株）,"東岡山線（弓之町経由）, 東岡山線"
宍甘,宇野自動車（株）,"250号線, ネオ瀬戸線, 東岡山線"
だがしの大町前,瀬戸内市,美和線
川町,北振バス（株）,井原〜弥高山入口
中井南,宇野自動車（株）,"東岡山線（弓之町経由）, 東岡山線"
虫明港口,瀬戸内市,虫明・長島愛生園線
津島南,岡山電気軌道（株）,妙善寺線
新町,備北バス（株）,地頭〜古町〜岡山天満屋
北池公民館前,瀬戸内市,大富-邑久駅線（北）
新屋敷団地高島駅前,両備ホールディングス（株）,高島駅旭川荘線
虫明中,瀬戸内市,虫明・長島愛生園線
新屋敷団地,宇野自動車（株）,"東岡山線（弓之町経由）, 東岡山線"
美星支所前,北振バス（株）,"井原〜美星, 矢掛〜美星"
児童公園前,宇野自動車（株）,"東岡山線（弓之町経由）, 東岡山線"
新屋敷団地中,宇野自動車（株）,"東岡山線（弓之町経由）, 東岡山線"
明誠学院前,岡山電気軌道（株）・中鉄バス（株）,"半田山津高台線, 国立病院線, 半田山津高台線（臨時運行）, 国立病院線（臨時運行）, 免許センター線"
長岡中央,宇野自動車（株）,250号線
榊原病院前,岡山電気軌道（株）,"三野線, 妙善寺線, 理大東門線"
虫明,瀬戸内市,虫明・長島愛生園線
新屋敷団地西,宇野自動車（株）,"東岡山線（弓之町経由）, 東岡山線"
御野校前,岡山電気軌道（株）,"三野線, 妙善寺線, 理大東門線"
御野校前,宇野自動車（株）,"林野線, ネオポリス線, 山陽団地循環"
新中島竹田橋,宇野自動車（株）,"東岡山線（弓之町経由）, 東岡山線"
虫明新町,瀬戸内市,虫明・長島愛生園線
上林口,備北バス（株）,地頭〜古町〜岡山天満屋
瀬溝西,瀬戸内市,虫明・長島愛生園線
下笠加,瀬戸内市,大富-邑久駅線（北）
谷上,北振バス（株）,矢掛〜美星
岡山大学筋,岡山電気軌道（株）・中鉄バス（株）,"半田山津高台線, 国立病院線, 半田山津高台線（臨時運行）, 国立病院線（臨時運行）, 免許センター線, 岡山桃太郎空港リムジンバス　岡山駅〜岡山桃太郎空港線"
美星農協前,北振バス（株）,"井原〜美星, 矢掛〜美星"
ワールド前,宇野自動車（株）,"250号線, ネオ瀬戸線"
西坂入口,岡山電気軌道（株）・中鉄バス（株）,"半田山津高台線, 国立病院線, 半田山津高台線（臨時運行）, 国立病院線（臨時運行）, 免許センター線"
新野,岡山電気軌道（株）・中鉄バス（株）,"半田山津高台線, 国立病院線, 半田山津高台線（臨時運行）, 国立病院線（臨時運行）, 免許センター線"
虫明西,瀬戸内市,虫明・長島愛生園線
平津小学校前,中鉄バス（株）,"一宮東線, リサーチパーク線, リハビリセンター線"
武道館口,岡山電気軌道（株）・中鉄バス（株）,"半田山津高台線, 国立病院線, 半田山津高台線（臨時運行）, 国立病院線（臨時運行）, 免許センター線"
五軒屋下,備北バス（株）,地頭〜古町〜岡山天満屋
津島新道,岡山電気軌道（株）,中央病院線
津島新道,岡山電気軌道（株）・中鉄バス（株）,"半田山津高台線, 国立病院線, 半田山津高台線（臨時運行）, 国立病院線（臨時運行）, 免許センター線"
長岡南,宇野自動車（株）,250号線
長岡,宇野自動車（株）,"250号線, ネオ瀬戸線, 東岡山線"
三山西,北振バス（株）,"井原〜美星, 矢掛〜美星"
間口入口,瀬戸内市,虫明・長島愛生園線
五軒屋,備北バス（株）,地頭〜古町〜岡山天満屋
伊島町二丁目,岡山電気軌道（株）,中央病院線
四軒家,瀬戸内市,大富-邑久駅線（北）
岡山ハートクリニック前,宇野自動車（株）,"東岡山線（弓之町経由）, 東岡山線"
あおいハイツ東,中鉄バス（株）,総社駅〜あおいハイツ〜新本線
瀬溝,瀬戸内市,虫明・長島愛生園線
岡山中央病院前,岡山電気軌道（株）,中央病院線
藤原団地,岡山電気軌道（株）,"藤原団地・京山線, 藤原団地・京山線（臨時運行）"
清水,両備ホールディングス（株）,岡山駅旭川荘線
清水,宇野自動車（株）,"四御神線, 東岡山線"
福谷東,瀬戸内市,虫明・長島愛生園線
武道館前,岡山電気軌道（株）,中央病院線
愛生園,瀬戸内市,虫明・長島愛生園線
さい,岡山電気軌道（株）,"藤原団地・京山線, 藤原団地・京山線（臨時運行）"
京山中学校前,岡山電気軌道（株）,中央病院線
須恵古代館前,瀬戸内市,美和線
平津,中鉄バス（株）,"一宮東線, リサーチパーク線, リハビリセンター線"
天原,備北バス（株）,地頭〜古町〜岡山天満屋
学南町,岡山電気軌道（株）,"妙善寺線, 理大線"
学南町,岡山電気軌道（株）・中鉄バス（株）,"半田山津高台線, 国立病院線, 半田山津高台線（臨時運行）, 国立病院線（臨時運行）, 免許センター線"
土頭,北振バス（株）,井原〜佐屋
長岡西,宇野自動車（株）,"250号線, ネオ瀬戸線, 東岡山線"
西川原,宇野自動車（株）,"東岡山線（弓之町経由）, 東岡山線"
大和町,岡山電気軌道（株）,"三野線, 妙善寺線, 理大東門線"
大和町,宇野自動車（株）,"林野線, ネオポリス線, 山陽団地循環"
辛川西,備北バス（株）,地頭〜古町〜岡山天満屋
愛生園口,瀬戸内市,虫明・長島愛生園線
善福寺前,瀬戸内市,虫明・長島愛生園線
立田,備北バス（株）,地頭〜古町〜岡山天満屋
平津橋,中鉄バス（株）,"一宮東線, 佐山団地・県営住宅線, リサーチパーク線, リハビリセンター線"
清水（岡電）,岡山電気軌道（株）,"藤原団地・京山線, 藤原団地・京山線（臨時運行）"
楢津口,中鉄バス（株）,"一宮東線, 佐山団地・県営住宅線, リサーチパーク線, リハビリセンター線"
長岡団地,宇野自動車（株）,"250号線, ネオ瀬戸線, 東岡山線"
出張,備北バス（株）,地頭〜古町〜岡山天満屋
ジョイフル東川原店前,宇野自動車（株）,"東岡山線（弓之町経由）, 東岡山線"
下崎,北振バス（株）,井原〜弥高山入口
上組,北振バス（株）,矢掛〜美星
中川橋,中鉄バス（株）,"一宮東線, 佐山団地・県営住宅線"
機動隊前,岡山電気軌道（株）,中央病院線
藤原光町,岡山電気軌道（株）,"藤原団地・京山線, 藤原団地・京山線（臨時運行）"
楢津南,中鉄バス（株）,"一宮東線, リサーチパーク線, リハビリセンター線"
樶東町一丁目,岡山電気軌道（株）,"藤原団地・京山線, 藤原団地・京山線（臨時運行）"
赤田,両備ホールディングス（株）,岡山駅旭川荘線
赤田,宇野自動車（株）,"四御神線, 東岡山線"
福谷中,瀬戸内市,虫明・長島愛生園線
長泉寺,岡山電気軌道（株）,"三野線, 妙善寺線, 理大東門線"
長泉寺,宇野自動車（株）,"林野線, ネオポリス線, 山陽団地循環"
総社小学校前,備北バス（株）,地頭〜古町〜岡山天満屋
瀬溝東,瀬戸内市,虫明・長島愛生園線
乙多見,宇野自動車（株）,"250号線, ネオ瀬戸線, 東岡山線"
西須恵コミュニティハウス,瀬戸内市,美和線
東総社,備北バス（株）,地頭〜古町〜岡山天満屋
一宮東,中鉄バス（株）,"一宮東線, 佐山団地・県営住宅線"
スポーツセンター前,岡山電気軌道（株）,"妙善寺線, 理大線"
スポーツセンター前,岡山電気軌道（株）・中鉄バス（株）,"半田山津高台線, 国立病院線, 半田山津高台線（臨時運行）, 国立病院線（臨時運行）, 免許センター線, 岡山桃太郎空港リムジンバス　岡山駅〜岡山桃太郎空港線"
中須賀団地前,中鉄バス（株）,総社駅〜あおいハイツ〜新本線
中須賀団地前,備北バス（株）,地頭〜古町〜岡山天満屋
中須賀団地前,総社市,総社南高北・総社駅〜妙仙寺・宮前線
コープ東川原店前,宇野自動車（株）,"東岡山線（弓之町経由）, 東岡山線"
福谷西,瀬戸内市,虫明・長島愛生園線
秦,中鉄バス（株）,総社駅〜あおいハイツ〜新本線
東川原,岡山電気軌道（株）,"藤原団地・京山線, 藤原団地・京山線（臨時運行）"
乙多見西,宇野自動車（株）,"250号線, ネオ瀬戸線, 東岡山線"
万成,中鉄バス（株）,"一宮東線, 佐山団地・県営住宅線, リサーチパーク線, リハビリセンター線"
久代橋,中鉄バス（株）,総社駅〜あおいハイツ〜新本線
西小学校前,中鉄バス（株）,総社駅〜あおいハイツ〜新本線
藤原西町,両備ホールディングス（株）,岡山駅旭川荘線
藤原西町,宇野自動車（株）,"四御神線, 東岡山線"
田町,中鉄バス（株）,総社駅〜あおいハイツ〜新本線
横田,中鉄バス（株）,総社駅〜あおいハイツ〜新本線
目田,中鉄バス（株）,総社駅〜あおいハイツ〜新本線
原尾島橋,岡山電気軌道（株）,"藤原団地・京山線, 藤原団地・京山線（臨時運行）"
団地入口,岡山電気軌道（株）,"藤原団地・京山線, 藤原団地・京山線（臨時運行）"
生涯学習センター（サイピア）,岡山電気軌道（株）,藤原団地・京山線
真光寺口,中鉄バス（株）,総社駅〜あおいハイツ〜新本線
邑久長島大橋,瀬戸内市,虫明・長島愛生園線
伊島校前,岡山電気軌道（株）,藤原団地・京山線
矢坂大橋,中鉄バス（株）,"佐山団地・県営住宅線, リサーチパーク線"
門田,備北バス（株）,地頭〜古町〜岡山天満屋
門田,総社市,総社南高北・総社駅〜妙仙寺・宮前線
総社中学校前,中鉄バス（株）,総社駅〜あおいハイツ〜新本線
船山,中鉄バス（株）,総社駅〜あおいハイツ〜新本線
京山,岡山電気軌道（株）,藤原団地・京山線
尻無東,瀬戸内市,美和線
兼基東,宇野自動車（株）,"250号線, ネオ瀬戸線, 東岡山線"
京山入口,岡山電気軌道（株）,中央病院線
山田庄［北］,瀬戸内市,長船北線
邑久団地,瀬戸内市,大富-邑久駅線（北）
エディオン東川原店前,宇野自動車（株）,"東岡山線（弓之町経由）, 東岡山線"
野球場口,岡山電気軌道（株）,藤原団地・京山線
伊福町二丁目,岡山電気軌道（株）,藤原団地・京山線
伊福町三丁目,岡山電気軌道（株）,藤原団地・京山線
別所,岡山電気軌道（株）,藤原団地・京山線
中谷,北振バス（株）,矢掛〜美星
南方交番前,岡山電気軌道（株）,"三野線, 妙善寺線, 理大東門線"
南方交番前,宇野自動車（株）,"林野線, ネオポリス線, 山陽団地循環"
藤原,両備ホールディングス（株）,岡山駅旭川荘線
藤原,宇野自動車（株）,"四御神線, 東岡山線"
兼基,宇野自動車（株）,"250号線, ネオ瀬戸線, 東岡山線"
明治,北振バス（株）,井原〜佐屋
福元西,瀬戸内市,大富-邑久駅線（北）
別所,中鉄バス（株）,総社駅〜あおいハイツ〜新本線
竜王,中鉄バス（株）,総社駅〜あおいハイツ〜新本線
美星診療所前,北振バス（株）,"井原〜美星, 矢掛〜美星"
清心町,岡山電気軌道（株）,"藤原団地・京山線, 妙善寺線, 理大線"
清心町,岡山電気軌道（株）・中鉄バス（株）,"半田山津高台線, 国立病院線, 半田山津高台線（臨時運行）, 国立病院線（臨時運行）, 免許センター線"
山田,中鉄バス（株）,総社駅〜あおいハイツ〜新本線
梅木,北振バス（株）,井原〜弥高山入口
吉備津参道,備北バス（株）,地頭〜古町〜岡山天満屋
尻無西,瀬戸内市,美和線
兼基西,宇野自動車（株）,"250号線, ネオ瀬戸線, 東岡山線"
福田保育園前,瀬戸内市,大富-邑久駅線（北）
高屋東,宇野自動車（株）,"250号線, ネオ瀬戸線, 東岡山線"
林病院入口,宇野自動車（株）,"東岡山線（弓之町経由）, 東岡山線"
高屋,宇野自動車（株）,"250号線, ネオ瀬戸線, 東岡山線"
二本松東,宇野自動車（株）,"250号線, ネオ瀬戸線, 東岡山線"
総社駅,中鉄バス（株）,総社駅〜あおいハイツ〜新本線
総社駅,総社市,総社南高北・総社駅〜妙仙寺・宮前線
岡電高屋,岡山電気軌道（株）,"大学病院線, 岡電高屋線, 健康づくり財団線"
吉備津駅口,備北バス（株）,地頭〜古町〜岡山天満屋
市役所前,中鉄バス（株）,総社駅〜あおいハイツ〜新本線
鉄工団地前,中鉄バス（株）,総社駅〜あおいハイツ〜新本線
中銀前,中鉄バス（株）,総社駅〜あおいハイツ〜新本線
中銀前,総社市,総社南高北・総社駅〜妙仙寺・宮前線
二本松,岡山電気軌道（株）,"大学病院線, 岡電高屋線, 健康づくり財団線"
二本松,宇野自動車（株）,"250号線, ネオ瀬戸線, 東岡山線"
宇野団地入口,岡山電気軌道（株）,"藤原団地・京山線, 藤原団地・京山線（臨時運行）"
光明園,瀬戸内市,虫明・長島愛生園線
岩井,中鉄バス（株）,"一宮東線, 佐山団地・県営住宅線, リサーチパーク線, リハビリセンター線"
番町口,岡山電気軌道（株）,"三野線, 妙善寺線, 理大東門線"
番町口,宇野自動車（株）,"林野線, ネオポリス線, 山陽団地循環"
OHKハウジングパーク前,宇野自動車（株）,"東岡山線（弓之町経由）, 東岡山線"
岡工前,岡山電気軌道（株）,中央病院線
知尾入口,瀬戸内市,虫明・長島愛生園線
上原口,中鉄バス（株）,総社駅〜あおいハイツ〜新本線
裁判所前,宇野自動車（株）,"林野線, ネオポリス線, 山陽団地循環, 東岡山線"
就実高校中学校前,宇野自動車（株）,東岡山線
跨線橋東,岡山電気軌道（株）,藤原団地・京山線
跨線橋東,中鉄バス（株）,"一宮東線, 佐山団地・県営住宅線, リサーチパーク線"
跨線橋東,岡山電気軌道（株）・中鉄バス（株）,"半田山津高台線, 国立病院線, 半田山津高台線（臨時運行）, 国立病院線（臨時運行）, 免許センター線"
跨線橋東,備北バス（株）,地頭〜古町〜岡山天満屋
跨線橋東,岡山電気軌道（株）,"中央病院線, 妙善寺線"
美星産直プラザ,北振バス（株）,"井原〜美星, 矢掛〜美星"
浜（岡山プラザホテル前）,宇野自動車（株）,"東岡山線（弓之町経由）, 東岡山線"
岡山中央警察署前,宇野自動車（株）,"東岡山線（弓之町経由）, 東岡山線"
光明園木尾,瀬戸内市,虫明・長島愛生園線
明治局前,北振バス（株）,井原〜佐屋
岡山市中区役所前,宇野自動車（株）,"東岡山線（弓之町経由）, 東岡山線"
光明園宮の段,瀬戸内市,虫明・長島愛生園線
済生会病院前,岡山電気軌道（株）,"藤原団地・京山線, 中央病院線, 妙善寺線, 理大線, 花尻入口・神道山線"
済生会病院前,中鉄バス（株）,"一宮東線, 佐山団地・県営住宅線, リサーチパーク線, リハビリセンター線"
済生会病院前,岡山電気軌道（株）・中鉄バス（株）,"半田山津高台線, 国立病院線, 半田山津高台線（臨時運行）, 国立病院線（臨時運行）, 免許センター線"
済生会病院前,備北バス（株）,地頭〜古町〜岡山天満屋
山村,北振バス（株）,井原〜弥高山入口
福中上,瀬戸内市,大富-邑久駅線（北）
原尾島一丁目,両備ホールディングス（株）,岡山駅旭川荘線
伊福町一丁目,岡山電気軌道（株）,中央病院線
伊福町一丁目,中鉄バス（株）,"一宮東線, 佐山団地・県営住宅線, リサーチパーク線, リハビリセンター線"
岡工口,岡山電気軌道（株）,中央病院線
岡工口,中鉄バス（株）,"一宮東線, 佐山団地・県営住宅線, リサーチパーク線, リハビリセンター線"
岡工口,備北バス（株）,地頭〜古町〜岡山天満屋
六枚橋,両備ホールディングス（株）,岡山駅旭川荘線
弓之町,宇野自動車（株）,東岡山線（弓之町経由）
原尾島住宅,岡山電気軌道（株）,"大学病院線, 岡電高屋線, 健康づくり財団線"
原尾島住宅,両備ホールディングス（株）,岡山駅旭川荘線
原尾島住宅前,宇野自動車（株）,"250号線, ネオ瀬戸線, 四御神線, 東岡山線"
水落,瀬戸内市,美和線
浜本町,岡山電気軌道（株）,"藤原団地・京山線, 藤原団地・京山線（臨時運行）"
蓬莱橋夢二美術館前,岡山電気軌道（株）,"藤原団地・京山線, 藤原団地・京山線（臨時運行）"
浜東・中区役所前,岡山電気軌道（株）,"藤原団地・京山線, 藤原団地・京山線（臨時運行）"
原尾島,両備ホールディングス（株）,岡山駅旭川荘線
県民局入口（東岡山）,宇野自動車（株）,東岡山線
後楽園,岡山電気軌道（株）,"藤原団地・京山線, 藤原団地・京山線（臨時運行）"
総社大橋西詰,中鉄バス（株）,総社駅〜あおいハイツ〜新本線
庄田東,瀬戸内市,虫明・長島愛生園線
庄田西,瀬戸内市,虫明・長島愛生園線
浜・中区役所前,両備ホールディングス（株）,岡山駅旭川荘線
県民局入口,岡山電気軌道（株）,"三野線, 妙善寺線, 理大東門線, 花尻入口・神道山線"
県民局入口,宇野自動車（株）,"林野線, ネオポリス線, 山陽団地循環"
山根,瀬戸内市,大富-邑久駅線（北）
出石町一丁目,岡山電気軌道（株）,"藤原団地・京山線, 藤原団地・京山線（臨時運行）"
津倉町,中鉄バス（株）,"一宮東線, 佐山団地・県営住宅線, リサーチパーク線, リハビリセンター線"
久志良,瀬戸内市,大富-邑久駅線（北）
原東,宇野自動車（株）,"250号線, ネオ瀬戸線, 四御神線, 東岡山線"
種入口,北振バス（株）,井原〜佐屋
サンワーク総社前,総社市,総社南高北・総社駅〜妙仙寺・宮前線
岩田町,岡山電気軌道（株）,"藤原団地・京山線, 中央病院線"
奉還町,岡山電気軌道（株）,"中央病院線, 妙善寺線, 理大線, 花尻入口・神道山線"
関西高校前,中鉄バス（株）,"一宮東線, 佐山団地・県営住宅線, リサーチパーク線, リハビリセンター線"
原東・東郵便局前,岡山電気軌道（株）,"大学病院線, 岡電高屋線, 健康づくり財団線"
尾上かみ,岡山電気軌道（株）,花尻入口・神道山線
邑久駅,両備ホールディングス（株）,北回り牛窓線
邑久駅,瀬戸内市,"牛窓-邑久駅線, 西脇-邑久駅線, 美和線, 大富-邑久駅線（南）, 大富-邑久駅線（北）, 長船北線, 虫明・長島愛生園線, 牛窓中央線"
千ノ坂,北振バス（株）,矢掛〜美星
渡場,瀬戸内市,大富-邑久駅線（北）
下伊福一丁目,中鉄バス（株）,"一宮東線, 佐山団地・県営住宅線, リサーチパーク線, リハビリセンター線"
三門二丁目,中鉄バス（株）,"一宮東線, 佐山団地・県営住宅線, リサーチパーク線, リハビリセンター線"
三門,中鉄バス（株）,"一宮東線, 佐山団地・県営住宅線, リサーチパーク線, リハビリセンター線"
三門,備北バス（株）,地頭〜古町〜岡山天満屋
天神町,岡山電気軌道（株）,"藤原団地・京山線, 藤原団地・京山線（臨時運行）"
河本,中鉄バス（株）,総社駅〜あおいハイツ〜新本線
真徳（東）,瀬戸内市,美和線
山手,瀬戸内市,美和線
岡山駅前町,備北バス（株）,地頭〜古町〜岡山天満屋
ゆめタウン邑久店,瀬戸内市,"牛窓-邑久駅線, 西脇-邑久駅線, 美和線, 大富-邑久駅線（南）, 大富-邑久駅線（北）, 長船北線"
真徳（西）,瀬戸内市,美和線
岡ビル前,岡山電気軌道（株）,藤原団地・京山線
岡ビル前,岡山電気軌道（株）・中鉄バス（株）,"半田山津高台線, 国立病院線, 半田山津高台線（臨時運行）, 免許センター線"
駅前町,宇野自動車（株）,"林野線, ネオポリス線, 山陽団地循環, 東岡山線"
駅前町,中鉄バス（株）,"一宮東線, 佐山団地・県営住宅線, リサーチパーク線, リハビリセンター線"
駅前町,岡山電気軌道（株）・中鉄バス（株）,"半田山津高台線, 国立病院線, 国立病院線（臨時運行）, 免許センター線"
国富東,岡山電気軌道（株）,"大学病院線, 岡電高屋線, 健康づくり財団線"
国富東,宇野自動車（株）,"250号線, ネオ瀬戸線, 四御神線, 東岡山線"
国富東,両備ホールディングス（株）,岡山駅旭川荘線
岡山駅西口,岡山電気軌道（株）,"中央病院線, 妙善寺線, 理大線, 花尻入口・神道山線"
岡山駅西口,岡山電気軌道（株）・中鉄バス（株）,岡山桃太郎空港リムジンバス　岡山駅〜岡山桃太郎空港線
岡電柳川,宇野自動車（株）,"林野線, ネオポリス線, 山陽団地循環"
岡電柳川（東岡山）,宇野自動車（株）,東岡山線
RSK本社前・美術館前,岡山電気軌道（株）,"藤原団地・京山線, 藤原団地・京山線（臨時運行）"
RSK本社前・美術館前,宇野自動車（株）,東岡山線（弓之町経由）
柳川,岡山電気軌道（株）,"三野線, 妙善寺線, 理大東門線, 花尻入口・神道山線"
美術館前・RSK本社前,岡山電気軌道（株）,"藤原団地・京山線, 藤原団地・京山線（臨時運行）"
美術館前・RSK本社前,宇野自動車（株）,東岡山線（弓之町経由）
柳川,宇野自動車（株）,"250号線, ネオ瀬戸線, 四御神線, 林野線, ネオポリス線, 山陽団地循環, 東岡山線"
柳川,八晃運輸（株）,益野線
表町入口,宇野自動車（株）,"250号線, ネオ瀬戸線, 四御神線, 林野線, ネオポリス線, 山陽団地循環, 東岡山線"
表町入口,八晃運輸（株）,益野線
柳川西（南側）,宇野自動車（株）,"250号線, ネオ瀬戸線, 四御神線, 林野線, ネオポリス線, 山陽団地循環, 東岡山線"
柳川西,岡山電気軌道（株）,"大学病院線, 岡電高屋線, 築港元町線, 中央市場線, 岡山ろうさい病院・松浜町線, 岡南飛行場線, 大東線, 新保・万倍線, 藤原団地・京山線, 健康づくり財団線, 平田・北長瀬線, 中央病院線, 桑野営業所線, 岡山ふれあいセンター線, 新岡山港線, 三蟠南線, 藤原団地・京山線（臨時運行）"
柳川西,両備ホールディングス（株）,"小串・鉾立線, 上山坂線, 国道30号各線（渋川三丁目、玉野市役所、岡山南支援学校）"
柳川西,八晃運輸（株）,"医大右線, 益野線"
柳川西（北側）,宇野自動車（株）,"250号線, ネオ瀬戸線, 四御神線, 林野線, ネオポリス線, 山陽団地循環, 東岡山線"
西川緑道公園前,岡山電気軌道（株）,"大学病院線, 岡電高屋線, 築港元町線, 中央市場線, 岡山ろうさい病院・松浜町線, 岡南飛行場線, 新保・万倍線, 藤原団地・京山線, 健康づくり財団線, 平田・北長瀬線, 中央病院線, 藤原団地・京山線（臨時運行）"
西川緑道公園前,両備ホールディングス（株）,"沖元西大寺線, 岡山駅旭川荘線"
西川緑道公園前,岡山電気軌道（株）・中鉄バス（株）,"半田山津高台線, 国立病院線, 半田山津高台線（臨時運行）, 免許センター線"
岡山駅前・ドレミの街,宇野自動車（株）,"250号線, ネオ瀬戸線, 四御神線, 林野線, ネオポリス線, 山陽団地循環, 東岡山線"
岡山駅前・中銀前,宇野自動車（株）,"250号線, ネオ瀬戸線, 四御神線, 林野線, ネオポリス線, 山陽団地循環, 東岡山線"
岡山駅前,岡山電気軌道（株）,"大学病院線, 岡電高屋線, 築港元町線, 中央市場線, 岡山ろうさい病院・松浜町線, 岡南飛行場線, 大東線, 新保・万倍線, 旧2号線, 藤原団地・京山線, 健康づくり財団線, 平田・北長瀬線, 火の見線, 重井病院線, コンベックス岡山線, 桑野営業所線, 岡山ふれあいセンター線, 新岡山港線, 三蟠南線, 藤原団地・京山線（臨時運行）"
岡山駅前,両備ホールディングス（株）,"岡山西大寺線, 沖元西大寺線, 操南台団地線, 岡山駅旭川荘線, 小串・鉾立線, 上山坂線, 玉野渋川特急線, 国道30号各線（渋川三丁目、玉野市役所、岡山南支援学校）, 岡倉線（旧2号線）"
岡山駅前,下津井電鉄（株）,"興除線, E54　岡山・中庄線"
岡山駅前,中鉄バス（株）,"一宮東線, 佐山団地・県営住宅線, リサーチパーク線, リハビリセンター線"
岡山駅前,岡山電気軌道（株）・中鉄バス（株）,"半田山津高台線, 国立病院線, 免許センター線"
岡山駅前,備北バス（株）,地頭〜古町〜岡山天満屋
岡山駅前,八晃運輸（株）,"医大右線, 益野線"
瀬戸内市民病院,両備ホールディングス（株）,北回り牛窓線
瀬戸内市民病院,瀬戸内市,"牛窓-邑久駅線, 西脇-邑久駅線, 美和線, 大富-邑久駅線（南）, 大富-邑久駅線（北）, 長船北線, 虫明・長島愛生園線, 牛窓中央線"
瀬戸内市役所前,両備ホールディングス（株）,北回り牛窓線
瀬戸内市役所前,瀬戸内市,"牛窓-邑久駅線, 西脇-邑久駅線, 美和線, 大富-邑久駅線（南）, 大富-邑久駅線（北）, 長船北線, 虫明・長島愛生園線, 牛窓中央線"
城下,岡山電気軌道（株）,"藤原団地・京山線, 藤原団地・京山線（臨時運行）"
城下,八晃運輸（株）,益野線
総社南高北,総社市,総社南高北・総社駅〜妙仙寺・宮前線
薙田,中鉄バス（株）,総社駅〜あおいハイツ〜新本線
邑久駅入口,両備ホールディングス（株）,北回り牛窓線
邑久駅入口,瀬戸内市,"大富-邑久駅線（南）, 大富-邑久駅線（北）"
岡山駅,岡山電気軌道（株）,"大学病院線, 岡電高屋線, 築港元町線, 中央市場線, 岡山ろうさい病院・松浜町線, 岡南飛行場線, 大東線, 日赤病院線, 新保・万倍線, 旧2号線, 南ふれあいセンター線, 藤原団地・京山線, 西小学校線, 健康づくり財団線, 平田・北長瀬線, 中央病院線, 三野線, 妙善寺線, 理大東門線, 火の見線, 汗入線, 重井病院線, コンベックス岡山線, 桑野営業所線, 岡山ふれあいセンター線, 新岡山港線, 三蟠南線, 藤原団地・京山線（臨時運行）"
岡山駅,両備ホールディングス（株）,"岡山西宝伝線, 岡山西大寺線, 沖元西大寺線, 操南台団地線, 岡山駅旭川荘線, 小串・鉾立線, 上山坂線, 玉野渋川特急線, 国道30号各線（渋川三丁目、玉野市役所、岡山南支援学校）, 岡倉線（旧2号線）"
岡山駅,下津井電鉄（株）,"興除線, E54　岡山・中庄線"
岡山駅,宇野自動車（株）,"250号線, ネオ瀬戸線, 四御神線, 林野線, ネオポリス線, 山陽団地循環, 東岡山線"
岡山駅,中鉄バス（株）,"一宮東線, 佐山団地・県営住宅線, リサーチパーク線, リハビリセンター線, 下加茂・尾原・杉谷・福沢線"
岡山駅,岡山電気軌道（株）・中鉄バス（株）,"半田山津高台線, 国立病院線, 半田山津高台線（臨時運行）, 国立病院線（臨時運行）, 免許センター線"
岡山駅,備北バス（株）,地頭〜古町〜岡山天満屋
尾張,両備ホールディングス（株）,北回り牛窓線
尾張,瀬戸内市,"牛窓-邑久駅線, 西脇-邑久駅線, 美和線, 大富-邑久駅線（南）, 大富-邑久駅線（北）, 長船北線, 虫明・長島愛生園線, 牛窓中央線"
岡山高島屋前,岡山電気軌道（株）,"日赤病院線, 新保・万倍線"
横谷,北振バス（株）,井原〜佐屋
駅元町,岡山電気軌道（株）,花尻入口・神道山線
福山公会堂,瀬戸内市,大富-邑久駅線（北）
昭和町,岡山電気軌道（株）,花尻入口・神道山線
河田病院前,岡山電気軌道（株）,花尻入口・神道山線
尾上しも,岡山電気軌道（株）,花尻入口・神道山線
国富,岡山電気軌道（株）,"大学病院線, 岡電高屋線, 健康づくり財団線"
新本,中鉄バス（株）,総社駅〜あおいハイツ〜新本線
市場,中鉄バス（株）,総社駅〜あおいハイツ〜新本線
新本小学校入口,中鉄バス（株）,総社駅〜あおいハイツ〜新本線
大富,両備ホールディングス（株）,北回り牛窓線
大富,瀬戸内市,大富-邑久駅線（北）
仁吾山,北振バス（株）,井原〜弥高山入口
千町西,両備ホールディングス（株）,北回り牛窓線
千町西,瀬戸内市,"虫明・長島愛生園線, 牛窓中央線"
錦町,岡山電気軌道（株）,"大学病院線, 岡電高屋線, 岡山ろうさい病院・松浜町線, 大東線, 日赤病院線, 新保・万倍線, 南ふれあいセンター線, 藤原団地・京山線, 西小学校線, 健康づくり財団線, 平田・北長瀬線, 三野線, 妙善寺線, 理大東門線, 新岡山港線, 三蟠南線, 藤原団地・京山線（臨時運行）"
大富東,両備ホールディングス（株）,北回り牛窓線
大富東,瀬戸内市,"大富-邑久駅線（南）, 大富-邑久駅線（北）"
下伊福二丁目,岡山電気軌道（株）,花尻入口・神道山線
NTT岡山前,岡山電気軌道（株）,"大学病院線, 岡電高屋線, 築港元町線, 中央市場線, 岡山ろうさい病院・松浜町線, 岡南飛行場線, 大東線, 新保・万倍線, 旧2号線, 藤原団地・京山線, 健康づくり財団線, 平田・北長瀬線, 中央病院線, 三野線, 妙善寺線, 理大東門線, 花尻入口・神道山線, 火の見線, 汗入線, 重井病院線, コンベックス岡山線, 桑野営業所線, 岡山ふれあいセンター線, 新岡山港線, 三蟠南線, 藤原団地・京山線（臨時運行）"
NTT岡山前,両備ホールディングス（株）,"岡山西大寺線, 沖元西大寺線, 操南台団地線, 岡山駅旭川荘線, 小串・鉾立線, 上山坂線, 国道30号各線（渋川三丁目、玉野市役所、岡山南支援学校）, 岡倉線（旧2号線）"
NTT岡山前,下津井電鉄（株）,"興除線, E54　岡山・中庄線"
NTT岡山前,中鉄バス（株）,"一宮東線, 佐山団地・県営住宅線, リサーチパーク線, リハビリセンター線"
NTT岡山前,岡山電気軌道（株）・中鉄バス（株）,"半田山津高台線, 国立病院線, 免許センター線"
NTT岡山前,八晃運輸（株）,医大右線
本村,瀬戸内市,大富-邑久駅線（北）
NTT岡山,備北バス（株）,地頭〜古町〜岡山天満屋
国富,両備ホールディングス（株）,岡山駅旭川荘線
国富,宇野自動車（株）,"250号線, ネオ瀬戸線, 四御神線, 東岡山線"
中銀本店西,宇野自動車（株）,"250号線, ネオ瀬戸線, 四御神線, 林野線, ネオポリス線, 山陽団地循環, 東岡山線（弓之町経由）, 東岡山線"
中銀本店西,八晃運輸（株）,益野線
千町,両備ホールディングス（株）,北回り牛窓線
千町,瀬戸内市,"牛窓-邑久駅線, 虫明・長島愛生園線, 牛窓中央線"
両備前,岡山電気軌道（株）,"日赤病院線, 三野線, 妙善寺線, 理大東門線"
高助,瀬戸内市,虫明・長島愛生園線
農業会館前,岡山電気軌道（株）,"日赤病院線, 三野線, 妙善寺線, 理大東門線"
神道山,岡山電気軌道（株）,花尻入口・神道山線
天満屋,中鉄バス（株）,"一宮東線, 佐山団地・県営住宅線, リサーチパーク線, リハビリセンター線"
天満屋,岡山電気軌道（株）・中鉄バス（株）,"半田山津高台線, 国立病院線, 免許センター線"
天満屋,岡山電気軌道（株）,"大学病院線, 岡電高屋線, 築港元町線, 中央市場線, 岡山ろうさい病院・松浜町線, 岡南飛行場線, 大東線, 日赤病院線, 新保・万倍線, 旧2号線, 藤原団地・京山線, 健康づくり財団線, 平田・北長瀬線, 中央病院線, 三野線, 妙善寺線, 理大東門線, 花尻入口・神道山線, 火の見線, 汗入線, 重井病院線, コンベックス岡山線, 桑野営業所線, 岡山ふれあいセンター線, 新岡山港線, 三蟠南線, 藤原団地・京山線（臨時運行）"
天満屋,両備ホールディングス（株）,"岡山西宝伝線, 岡山西大寺線, 沖元西大寺線, 操南台団地線, 岡山駅旭川荘線, 小串・鉾立線, 上山坂線, 玉野渋川特急線, 国道30号各線（渋川三丁目、玉野市役所、岡山南支援学校）, 岡倉線（旧2号線）"
岡山天満屋,備北バス（株）,地頭〜古町〜岡山天満屋
天満屋,下津井電鉄（株）,"興除線, E54　岡山・中庄線"
中銀前,岡山電気軌道（株）,"大学病院線, 岡電高屋線, 藤原団地・京山線, 健康づくり財団線, 平田・北長瀬線, 藤原団地・京山線（臨時運行）"
中銀前,両備ホールディングス（株）,"岡山西大寺線, 操南台団地線, 岡山駅旭川荘線"
中銀本店前,宇野自動車（株）,"250号線, ネオ瀬戸線, 四御神線, 東岡山線"
中銀本店前,八晃運輸（株）,益野線
県庁前,宇野自動車（株）,"250号線, ネオ瀬戸線, 四御神線, 東岡山線"
県庁前,八晃運輸（株）,益野線
県庁前,両備ホールディングス（株）,"岡山西大寺線, 操南台団地線, 岡山駅旭川荘線"
県庁前,岡山電気軌道（株）,"健康づくり財団線, 平田・北長瀬線"
福山橋,両備ホールディングス（株）,北回り牛窓線
沖田,両備ホールディングス（株）,北回り牛窓線
沖田,瀬戸内市,"大富-邑久駅線（南）, 大富-邑久駅線（北）"
イオンモール岡山前・源吉兆庵本社前,岡山電気軌道（株）,"大学病院線, 岡電高屋線, 岡山ろうさい病院・松浜町線, 大東線, 日赤病院線, 新保・万倍線, 南ふれあいセンター線, 藤原団地・京山線, 健康づくり財団線, 平田・北長瀬線, 三野線, 妙善寺線, 理大東門線, 火の見線, 重井病院線, コンベックス岡山線, 新岡山港線, 藤原団地・京山線（臨時運行）"
イオンモール岡山前・源吉兆庵本社前,両備ホールディングス（株）,"岡山西大寺線, 玉野渋川特急線, 岡倉線（旧2号線）"
イオンモール岡山前・源吉兆庵本社前,下津井電鉄（株）,"興除線, E54　岡山・中庄線"
朝日高前,岡山電気軌道（株）,"大学病院線, 岡電高屋線, 健康づくり財団線"
朝日高前,宇野自動車（株）,"250号線, ネオ瀬戸線, 四御神線, 東岡山線"
谷山,北振バス（株）,井原〜美星
リサイクルプラザおく,瀬戸内市,大富-邑久駅線（南）
内山下,岡山電気軌道（株）,"藤原団地・京山線, 桑野営業所線, 岡山ふれあいセンター線, 新岡山港線, 三蟠南線, 藤原団地・京山線（臨時運行）"
志村,北振バス（株）,井原〜美星
表町BC,宇野自動車（株）,"250号線, ネオ瀬戸線, 四御神線, 林野線, ネオポリス線, 山陽団地循環, 東岡山線（弓之町経由）, 東岡山線"
豊安,両備ホールディングス（株）,北回り牛窓線
豊安,瀬戸内市,"大富-邑久駅線（南）, 大富-邑久駅線（北）"
矢谷,北振バス（株）,井原〜美星
イオンモール岡山前,八晃運輸（株）,"医大右線, 益野線"
大窪西,両備ホールディングス（株）,北回り牛窓線
大窪西,瀬戸内市,"大富-邑久駅線（南）, 大富-邑久駅線（北）"
源吉兆庵本社前・イオンモール岡山前,岡山電気軌道（株）,"大学病院線, 岡電高屋線, 岡山ろうさい病院・松浜町線, 大東線, 新保・万倍線, 南ふれあいセンター線, 藤原団地・京山線, 西小学校線, 健康づくり財団線, 平田・北長瀬線, 火の見線, 汗入線, 重井病院線, コンベックス岡山線, 新岡山港線, 三蟠南線, 藤原団地・京山線（臨時運行）"
源吉兆庵本社前・イオンモール岡山前,両備ホールディングス（株）,岡山西大寺線
高柳東町,岡山電気軌道（株）,花尻入口・神道山線
大富駅,瀬戸内市,"大富-邑久駅線（南）, 大富-邑久駅線（北）"
豊安上,瀬戸内市,大富-邑久駅線（南）
木野山,北振バス（株）,井原〜美星
大窪,両備ホールディングス（株）,北回り牛窓線
大窪,瀬戸内市,"大富-邑久駅線（南）, 大富-邑久駅線（北）"
県庁前,岡山電気軌道（株）,"大学病院線, 岡電高屋線, 健康づくり財団線"
県庁前,両備ホールディングス（株）,"岡山西大寺線, 操南台団地線, 岡山駅旭川荘線"
県庁前,宇野自動車（株）,"250号線, ネオ瀬戸線, 四御神線"
西大寺駅,両備ホールディングス（株）,"南回り牛窓線, 西大寺西宝伝線, 岡山西大寺線"
西大寺駅,東備バス（株）,神崎南回り牛窓線
谷の宮,北振バス（株）,井原〜佐屋
県庁南,八晃運輸（株）,益野線
千町橋,両備ホールディングス（株）,北回り牛窓線
千町橋,瀬戸内市,"牛窓-邑久駅線, 虫明・長島愛生園線, 牛窓中央線"
尾上南,岡山電気軌道（株）,花尻入口・神道山線
栄町,岡山電気軌道（株）,"大学病院線, 岡電高屋線, 藤原団地・京山線, 健康づくり財団線, 桑野営業所線, 岡山ふれあいセンター線, 新岡山港線, 三蟠南線, 藤原団地・京山線（臨時運行）"
栄町,八晃運輸（株）,益野線
栄町,両備ホールディングス（株）,沖元西大寺線
中電前,岡山電気軌道（株）,"大学病院線, 岡電高屋線, 健康づくり財団線"
中電前,両備ホールディングス（株）,"岡山西大寺線, 操南台団地線, 岡山駅旭川荘線"
中電前,宇野自動車（株）,"250号線, ネオ瀬戸線, 四御神線"
中電前,八晃運輸（株）,益野線
古京,両備ホールディングス（株）,"岡山西大寺線, 操南台団地線"
古京,八晃運輸（株）,益野線
田町二丁目,岡山電気軌道（株）,"日赤病院線, 三野線, 妙善寺線, 理大東門線"
田町二丁目,八晃運輸（株）,益野線
沖之庄集会所前,瀬戸内市,大富-邑久駅線（南）
柳町一丁目,岡山電気軌道（株）,"日赤病院線, 三野線, 妙善寺線, 理大東門線"
柳町一丁目,八晃運輸（株）,益野線
大土井,瀬戸内市,虫明・長島愛生園線
高柳西町,岡山電気軌道（株）,花尻入口・神道山線
岩花,瀬戸内市,虫明・長島愛生園線
佐井田,両備ホールディングス（株）,北回り牛窓線
佐井田,瀬戸内市,"虫明・長島愛生園線, 牛窓中央線"
夢二生家記念館前,両備ホールディングス（株）,北回り牛窓線
夢二生家記念館前,瀬戸内市,"虫明・長島愛生園線, 牛窓中央線"
山田入口夢二生家前,瀬戸内市,牛窓-邑久駅線
西大寺町,岡山電気軌道（株）,"桑野営業所線, 岡山ふれあいセンター線, 新岡山港線, 三蟠南線"
西大寺町,両備ホールディングス（株）,沖元西大寺線
大安寺南町一丁目,岡山電気軌道（株）,花尻入口・神道山線
大土井西,瀬戸内市,虫明・長島愛生園線
大安寺南町二丁目,岡山電気軌道（株）,花尻入口・神道山線
ききょう町,岡山電気軌道（株）,花尻入口・神道山線
上寺入口,両備ホールディングス（株）,北回り牛窓線
西署前,岡山電気軌道（株）,花尻入口・神道山線
海吉,両備ホールディングス（株）,岡山西大寺線
海吉,八晃運輸（株）,益野線
新西大寺町筋,岡山電気軌道（株）,"築港元町線, 中央市場線, 岡山ろうさい病院・松浜町線, 岡南飛行場線, 大東線, 日赤病院線, 旧2号線"
新西大寺町筋,両備ホールディングス（株）,"小串・鉾立線, 上山坂線, 国道30号各線（渋川三丁目、玉野市役所、岡山南支援学校）, 岡倉線（旧2号線）"
新西大寺町筋,下津井電鉄（株）,E54　岡山・中庄線
新西大寺町筋,八晃運輸（株）,医大右線
ナフコ瀬戸内店,瀬戸内市,大富-邑久駅線（南）
社の街,岡山電気軌道（株）・中鉄バス（株）,岡山桃太郎空港リムジンバス　岡山駅〜岡山桃太郎空港線
美砂橋,北振バス（株）,矢掛〜美星
益野西,両備ホールディングス（株）,岡山西大寺線
益野西,八晃運輸（株）,益野線
石仏,瀬戸内市,虫明・長島愛生園線
益野,両備ホールディングス（株）,岡山西大寺線
益野,八晃運輸（株）,益野線
益野中,両備ホールディングス（株）,岡山西大寺線
益野中,八晃運輸（株）,益野線
松崎,両備ホールディングス（株）,岡山西大寺線
松崎,八晃運輸（株）,益野線
オージー技研前,両備ホールディングス（株）,岡山西大寺線
岡山学芸館スクールガーデン前,両備ホールディングス（株）,"南回り牛窓線, 岡山西大寺線"
岡山学芸館スクールガーデン前,東備バス（株）,神崎南回り牛窓線
門田屋敷,両備ホールディングス（株）,"岡山西大寺線, 操南台団地線"
門田屋敷,八晃運輸（株）,益野線
栩木,北振バス（株）,井原〜美星
山陽新聞社・TSC前,八晃運輸（株）,医大右線
今城幼稚園前,瀬戸内市,大富-邑久駅線（南）
西大寺中央クリニック前,両備ホールディングス（株）,岡山西大寺線
松崎東,八晃運輸（株）,益野線
小橋,両備ホールディングス（株）,沖元西大寺線
渡内,瀬戸内市,虫明・長島愛生園線
川井,両備ホールディングス（株）,岡山西大寺線
川井,八晃運輸（株）,益野線
山陽新聞社前,岡山電気軌道（株）,"大学病院線, 岡電高屋線, 岡山ろうさい病院・松浜町線, 大東線, 日赤病院線, 新保・万倍線, 南ふれあいセンター線, 藤原団地・京山線, 西小学校線, 健康づくり財団線, 平田・北長瀬線, 火の見線, 汗入線, 重井病院線, コンベックス岡山線, 新岡山港線, 三蟠南線, 藤原団地・京山線（臨時運行）"
山陽新聞社前,両備ホールディングス（株）,"岡山西大寺線, 岡倉線（旧2号線）"
山陽新聞社前,下津井電鉄（株）,"興除線, E54　岡山・中庄線"
新京橋西詰,岡山電気軌道（株）,"桑野営業所線, 岡山ふれあいセンター線, 新岡山港線, 三蟠南線"
花尻郵便局前,岡山電気軌道（株）,花尻入口・神道山線
小松,北振バス（株）,井原〜美星
花尻緑町,岡山電気軌道（株）,花尻入口・神道山線
今城コミュニティセンター前,瀬戸内市,大富-邑久駅線（南）
東山一丁目,両備ホールディングス（株）,"岡山西大寺線, 操南台団地線"
東山一丁目,八晃運輸（株）,益野線
昭和被服総業前,両備ホールディングス（株）,"南回り牛窓線, 岡山西大寺線"
昭和被服総業前,東備バス（株）,神崎南回り牛窓線
射越,両備ホールディングス（株）,北回り牛窓線
福泊,両備ホールディングス（株）,岡山西大寺線
福泊,八晃運輸（株）,益野線
長田医院,瀬戸内市,大富-邑久駅線（南）
宮の本,瀬戸内市,大富-邑久駅線（南）
新橋,両備ホールディングス（株）,岡山西大寺線
新橋南,八晃運輸（株）,益野線
新橋北,八晃運輸（株）,益野線
東山,両備ホールディングス（株）,"岡山西大寺線, 操南台団地線"
東山,八晃運輸（株）,益野線
大雲寺前,岡山電気軌道（株）,"築港元町線, 中央市場線, 岡山ろうさい病院・松浜町線, 岡南飛行場線, 大東線, 日赤病院線, 旧2号線"
大雲寺前,両備ホールディングス（株）,"岡山西大寺線, 小串・鉾立線, 上山坂線, 国道30号各線（渋川三丁目、玉野市役所、岡山南支援学校）, 岡倉線（旧2号線）"
大雲寺前,下津井電鉄（株）,E54　岡山・中庄線
大雲寺前,八晃運輸（株）,医大右線
大学病院筋,岡山電気軌道（株）,旧2号線
市役所入口,両備ホールディングス（株）,岡山西大寺線
大学病院筋,両備ホールディングス（株）,岡倉線（旧2号線）
大学病院筋,下津井電鉄（株）,E54　岡山・中庄線
千日前,両備ホールディングス（株）,岡山西大寺線
大供,岡山電気軌道（株）,"旧2号線, 西小学校線"
大供,両備ホールディングス（株）,岡倉線（旧2号線）
大供,下津井電鉄（株）,E54　岡山・中庄線
花尻入口,岡山電気軌道（株）,"旧2号線, 花尻入口・神道山線"
警察署前,両備ホールディングス（株）,岡山西大寺線
山陽学園中学・高校前,両備ホールディングス（株）,"岡山西大寺線, 操南台団地線"
山陽学園中学高校前,八晃運輸（株）,益野線
東山電停前,両備ホールディングス（株）,"岡山西大寺線, 操南台団地線"
セレマ前,八晃運輸（株）,益野線
西大寺ふれあいセンター,両備ホールディングス（株）,"南回り牛窓線, 北回り牛窓線, 岡山西大寺線"
西大寺ふれあいセンター,東備バス（株）,神崎南回り牛窓線
厚生町商工会議所前,岡山電気軌道（株）,"旧2号線, 西小学校線"
厚生町商工会議所前,両備ホールディングス（株）,岡倉線（旧2号線）
厚生町商工会議所前,下津井電鉄（株）,E54　岡山・中庄線
西大寺,両備ホールディングス（株）,"南回り牛窓線, 北回り牛窓線, 東区役所線, 西大寺西宝伝線, 岡山西大寺線, 沖元西大寺線"
西大寺,東備バス（株）,神崎南回り牛窓線
光生病院前,岡山電気軌道（株）,"旧2号線, 西小学校線"
光生病院前,両備ホールディングス（株）,岡倉線（旧2号線）
光生病院前,下津井電鉄（株）,E54　岡山・中庄線
花尻あかね町,岡山電気軌道（株）,旧2号線
大供新屋敷,岡山電気軌道（株）,"旧2号線, 西小学校線"
大供新屋敷,両備ホールディングス（株）,岡倉線（旧2号線）
大供新屋敷,下津井電鉄（株）,E54　岡山・中庄線
本庄南,両備ホールディングス（株）,北回り牛窓線
本庄南,瀬戸内市,牛窓中央線
市役所前,八晃運輸（株）,医大右線
向山倶楽部前,瀬戸内市,大富-邑久駅線（南）
東花尻,岡山電気軌道（株）,旧2号線
東水砂,北振バス（株）,矢掛〜美星
片塚,北振バス（株）,井原〜佐屋
国清寺前,岡山電気軌道（株）,"桑野営業所線, 岡山ふれあいセンター線, 新岡山港線, 三蟠南線"
岡山市役所前,岡山電気軌道（株）,"大学病院線, 岡電高屋線, 岡山ろうさい病院・松浜町線, 大東線, 日赤病院線, 新保・万倍線, 南ふれあいセンター線, 藤原団地・京山線, 健康づくり財団線, 平田・北長瀬線, 火の見線, 汗入線, 重井病院線, コンベックス岡山線, 新岡山港線, 三蟠南線, 藤原団地・京山線（臨時運行）"
岡山市役所前,下津井電鉄（株）,興除線
野田東,岡山電気軌道（株）,"旧2号線, 西小学校線"
野田東,両備ホールディングス（株）,岡倉線（旧2号線）
野田東,下津井電鉄（株）,E54　岡山・中庄線
曹源寺,両備ホールディングス（株）,岡山西大寺線
曹源寺,八晃運輸（株）,益野線
御幸町,両備ホールディングス（株）,沖元西大寺線
上寺東ハイツ西口,瀬戸内市,大富-邑久駅線（南）
小山公会堂前,瀬戸内市,大富-邑久駅線（南）
西大寺中三丁目,両備ホールディングス（株）,"南回り牛窓線, 北回り牛窓線, 岡山西大寺線"
西大寺中三丁目,東備バス（株）,神崎南回り牛窓線
西花尻,岡山電気軌道（株）,旧2号線
奥谷入口,岡山電気軌道（株）,旧2号線
東中央町,岡山電気軌道（株）,"築港元町線, 中央市場線, 岡山ろうさい病院・松浜町線, 岡南飛行場線, 大東線, 日赤病院線"
東中央町,両備ホールディングス（株）,"小串・鉾立線, 上山坂線, 国道30号各線（渋川三丁目、玉野市役所、岡山南支援学校）"
東中央町,八晃運輸（株）,医大右線
観音院入口,両備ホールディングス（株）,"南回り牛窓線, 北回り牛窓線, 西大寺西宝伝線, 岡山西大寺線"
市役所南,八晃運輸（株）,医大右線
上寺東ハイツ中,瀬戸内市,大富-邑久駅線（南）
護国神社前,両備ホールディングス（株）,"岡山西大寺線, 操南台団地線"
護国神社前,八晃運輸（株）,益野線
江良,北振バス（株）,井原〜美星
備前野田,岡山電気軌道（株）,旧2号線
備前野田,両備ホールディングス（株）,岡倉線（旧2号線）
備前野田,下津井電鉄（株）,E54　岡山・中庄線
中国学園入口,岡山電気軌道（株）,旧2号線
上寺山,瀬戸内市,大富-邑久駅線（南）
川入,岡山電気軌道（株）,旧2号線
藤峠,瀬戸内市,牛窓-邑久駅線
茶屋本サウスタウン,瀬戸内市,大富-邑久駅線（南）
自動車学校入口,両備ホールディングス（株）,岡山西大寺線
自動車学校入口,八晃運輸（株）,益野線
新開団地前,両備ホールディングス（株）,北回り牛窓線
水道局前,岡山電気軌道（株）,"大学病院線, 岡電高屋線, 岡山ろうさい病院・松浜町線, 大東線, 日赤病院線, 新保・万倍線, 南ふれあいセンター線, 藤原団地・京山線, 健康づくり財団線, 平田・北長瀬線, 火の見線, 汗入線, 重井病院線, コンベックス岡山線, 新岡山港線, 三蟠南線, 藤原団地・京山線（臨時運行）"
水道局前,下津井電鉄（株）,興除線
水道局前,八晃運輸（株）,医大右線
中撫川,岡山電気軌道（株）,旧2号線
野田八幡宮前,岡山電気軌道（株）,西小学校線
西大寺農協前,両備ホールディングス（株）,沖元西大寺線
観音院入口,東備バス（株）,神崎南回り牛窓線
上寺東ハイツ南口,瀬戸内市,大富-邑久駅線（南）
川相,北振バス（株）,"井原〜山野, 井原〜弥高山入口"
北長瀬駅前,岡山電気軌道（株）,"旧2号線, 平田・北長瀬線"
北長瀬駅前,両備ホールディングス（株）,岡倉線（旧2号線）
北長瀬駅前,下津井電鉄（株）,E54　岡山・中庄線
岡山ドーム入口,岡山電気軌道（株）,旧2号線
岡山ドーム入口,両備ホールディングス（株）,岡倉線（旧2号線）
岡山ドーム入口,下津井電鉄（株）,E54　岡山・中庄線
大学病院,岡山電気軌道（株）,"大学病院線, 藤原団地・京山線, 藤原団地・京山線（臨時運行）"
大学病院入口,岡山電気軌道（株）,"大学病院線, 岡電高屋線, 岡山ろうさい病院・松浜町線, 大東線, 日赤病院線, 南ふれあいセンター線, 藤原団地・京山線, 新岡山港線, 三蟠南線, 藤原団地・京山線（臨時運行）"
大学病院入口,八晃運輸（株）,医大右線
田淵,瀬戸内市,大富-邑久駅線（南）
川口,両備ホールディングス（株）,北回り牛窓線
北島東谷,瀬戸内市,大富-邑久駅線（南）
協立病院前,岡山電気軌道（株）,"桑野営業所線, 岡山ふれあいセンター線, 新岡山港線, 三蟠南線"
尾の村,瀬戸内市,牛窓-邑久駅線
RSKバラ園口,岡山電気軌道（株）,旧2号線
東山峠,両備ホールディングス（株）,岡山西大寺線
東山峠,八晃運輸（株）,益野線
嶽,両備ホールディングス（株）,岡山西大寺線
嶽,八晃運輸（株）,益野線
野田二丁目,岡山電気軌道（株）,西小学校線
東区役所前,両備ホールディングス（株）,"東区役所線, 岡山西大寺線"
清輝橋,岡山電気軌道（株）,"大学病院線, 岡電高屋線, 築港元町線, 中央市場線, 岡山ろうさい病院・松浜町線, 岡南飛行場線, 大東線, 日赤病院線, 南ふれあいセンター線, 藤原団地・京山線, 新岡山港線, 三蟠南線, 藤原団地・京山線（臨時運行）"
清輝橋,両備ホールディングス（株）,"小串・鉾立線, 上山坂線, 国道30号各線（渋川三丁目、玉野市役所、岡山南支援学校）"
清輝橋,八晃運輸（株）,医大右線
精神科医療センター西,岡山電気軌道（株）,"健康づくり財団線, 平田・北長瀬線, 火の見線, 汗入線, 重井病院線, コンベックス岡山線"
精神科医療センター西,下津井電鉄（株）,興除線
ベルタウン北島,瀬戸内市,大富-邑久駅線（南）
桜ヶ丘,両備ホールディングス（株）,操南台団地線
仁生田ふれあい会館,瀬戸内市,大富-邑久駅線（南）
精神科医療センター前,岡山電気軌道（株）,新保・万倍線
池の内,両備ホールディングス（株）,岡山西大寺線
池の内,八晃運輸（株）,益野線
北島西谷,瀬戸内市,大富-邑久駅線（南）
西大寺新地,両備ホールディングス（株）,北回り牛窓線
池の内東,両備ホールディングス（株）,岡山西大寺線
池の内東,八晃運輸（株）,益野線
川相小学校前,北振バス（株）,井原〜山野
畠山製菓入口,瀬戸内市,大富-邑久駅線（南）
大野辻,岡山電気軌道（株）,旧2号線
大野辻,両備ホールディングス（株）,岡倉線（旧2号線）
大野辻,下津井電鉄（株）,E54　岡山・中庄線
桜橋,岡山電気軌道（株）,"新岡山港線, 三蟠南線"
桜橋,両備ホールディングス（株）,沖元西大寺線
岡山国際ホテル,両備ホールディングス（株）,操南台団地線
円張,瀬戸内市,西脇-邑久駅線
東古松二丁目,岡山電気軌道（株）,"健康づくり財団線, 平田・北長瀬線, 火の見線, 汗入線, 重井病院線, コンベックス岡山線"
東古松二丁目,下津井電鉄（株）,興除線
あすなろ団地入口,瀬戸内市,大富-邑久駅線（南）
戒橋,北振バス（株）,井原〜佐屋
東山カントリー,両備ホールディングス（株）,操南台団地線
川相上組,北振バス（株）,井原〜山野
網浜,岡山電気軌道（株）,"桑野営業所線, 岡山ふれあいセンター線, 新岡山港線, 三蟠南線"
戸儀,北振バス（株）,"井原〜山野, 井原〜弥高山入口"
尻海入口,瀬戸内市,虫明・長島愛生園線
米田,北振バス（株）,矢掛〜美星
岡山西大寺病院前,両備ホールディングス（株）,沖元西大寺線
中仙道,岡山電気軌道（株）,旧2号線
中仙道,両備ホールディングス（株）,岡倉線（旧2号線）
中仙道,下津井電鉄（株）,E54　岡山・中庄線
尻海,瀬戸内市,虫明・長島愛生園線
南山寮,両備ホールディングス（株）,操南台団地線
大元小学校前,岡山電気軌道（株）,西小学校線
舟原,瀬戸内市,西脇-邑久駅線
西長瀬,岡山電気軌道（株）,旧2号線
西長瀬,両備ホールディングス（株）,岡倉線（旧2号線）
西長瀬,下津井電鉄（株）,E54　岡山・中庄線
西庄,瀬戸内市,牛窓-邑久駅線
東部クリーンセンター前,両備ホールディングス（株）,北回り牛窓線
備前白石,岡山電気軌道（株）,旧2号線
備前白石,両備ホールディングス（株）,岡倉線（旧2号線）
備前白石,下津井電鉄（株）,E54　岡山・中庄線
大元駅法務局入口,岡山電気軌道（株）,平田・北長瀬線
操陽団地,両備ホールディングス（株）,操南台団地線
天理教前（白髭宮入口）,岡山電気軌道（株）,平田・北長瀬線
東古松四丁目,岡山電気軌道（株）,新保・万倍線
一区,両備ホールディングス（株）,操南台団地線
大元駅前,岡山電気軌道（株）,"健康づくり財団線, 火の見線, 汗入線, 重井病院線, コンベックス岡山線"
大元駅前,下津井電鉄（株）,興除線
浜,両備ホールディングス（株）,"南回り牛窓線, 北回り牛窓線"
浜,東備バス（株）,神崎南回り牛窓線
おおもと病院前,岡山電気軌道（株）,平田・北長瀬線
網浜中,岡山電気軌道（株）,"桑野営業所線, 岡山ふれあいセンター線, 新岡山港線, 三蟠南線"
操南台団地入口,両備ホールディングス（株）,操南台団地線
下山田,瀬戸内市,西脇-邑久駅線
長草,北振バス（株）,井原〜美星
横尾,瀬戸内市,牛窓-邑久駅線
大元上町,岡山電気軌道（株）,"西小学校線, 平田・北長瀬線"
RSKバラ園前,岡山電気軌道（株）,旧2号線
健幸プラザ前,両備ホールディングス（株）,北回り牛窓線
市町村振興センター入口,岡山電気軌道（株）,"西小学校線, 平田・北長瀬線"
六区,両備ホールディングス（株）,操南台団地線
鉄工センター前,岡山電気軌道（株）,旧2号線
鉄工センター前,両備ホールディングス（株）,岡倉線（旧2号線）
鉄工センター前,下津井電鉄（株）,E54　岡山・中庄線
今村宮北,岡山電気軌道（株）,西小学校線
金岡上,両備ホールディングス（株）,沖元西大寺線
庭瀬駅通,岡山電気軌道（株）,旧2号線
庭瀬駅通,両備ホールディングス（株）,岡倉線（旧2号線）
庭瀬駅通,下津井電鉄（株）,E54　岡山・中庄線
横尾入口,両備ホールディングス（株）,北回り牛窓線
横尾入口,瀬戸内市,"牛窓-邑久駅線, 牛窓中央線"
庭瀬本町,岡山電気軌道（株）,旧2号線
庭瀬本町,両備ホールディングス（株）,岡倉線（旧2号線）
庭瀬本町,下津井電鉄（株）,E54　岡山・中庄線
平野,岡山電気軌道（株）,旧2号線
平野,両備ホールディングス（株）,岡倉線（旧2号線）
平野,下津井電鉄（株）,E54　岡山・中庄線
今村西,岡山電気軌道（株）,西小学校線
西古松,岡山電気軌道（株）,"健康づくり財団線, 火の見線, 汗入線, 重井病院線, コンベックス岡山線"
西古松,下津井電鉄（株）,興除線
旭川荘吉井川キャンパス正門前,両備ホールディングス（株）,北回り牛窓線
操南台団地東,両備ホールディングス（株）,操南台団地線
宗忠神社,岡山電気軌道（株）,健康づくり財団線
網浜下,岡山電気軌道（株）,"桑野営業所線, 岡山ふれあいセンター線, 新岡山港線, 三蟠南線"
西小学校前,岡山電気軌道（株）,"西小学校線, 平田・北長瀬線"
中仙道西,岡山電気軌道（株）,平田・北長瀬線
旭川荘吉井川キャンパス前,両備ホールディングス（株）,"南回り牛窓線, 北回り牛窓線"
旭川荘吉井川キャンパス前,東備バス（株）,神崎南回り牛窓線
大井手,両備ホールディングス（株）,沖元西大寺線
天神,北振バス（株）,"井原〜山野, 井原〜弥高山入口"
操南台団地中,両備ホールディングス（株）,操南台団地線
今五丁目,岡山電気軌道（株）,平田・北長瀬線
延友,岡山電気軌道（株）,旧2号線
延友,両備ホールディングス（株）,岡倉線（旧2号線）
延友,下津井電鉄（株）,E54　岡山・中庄線
岡南営業所,岡山電気軌道（株）,"大学病院線, 岡電高屋線, 築港元町線, 中央市場線, 岡山ろうさい病院・松浜町線, 岡南飛行場線, 大東線, 日赤病院線, 南ふれあいセンター線, 藤原団地・京山線, 藤原団地・京山線（臨時運行）"
岡南営業所,両備ホールディングス（株）,"小串・鉾立線, 上山坂線, 国道30号各線（渋川三丁目、玉野市役所、岡山南支援学校）"
大元一丁目,岡山電気軌道（株）,"火の見線, 汗入線, 重井病院線, コンベックス岡山線"
大元一丁目,下津井電鉄（株）,興除線
撫川,岡山電気軌道（株）,旧2号線
撫川,両備ホールディングス（株）,岡倉線（旧2号線）
撫川,下津井電鉄（株）,E54　岡山・中庄線
田輪,北振バス（株）,"井原〜美星, あいあいバス　野上線"
上中野,岡山電気軌道（株）,健康づくり財団線
東古松南町,岡山電気軌道（株）,新保・万倍線
今六丁目,岡山電気軌道（株）,健康づくり財団線
問屋町,岡山電気軌道（株）,"健康づくり財団線, 平田・北長瀬線"
今村宮,岡山電気軌道（株）,健康づくり財団線
国塩（東）,瀬戸内市,牛窓-邑久駅線
国塩（西）,瀬戸内市,牛窓-邑久駅線
粟利郷,瀬戸内市,牛窓-邑久駅線
今七丁目,岡山電気軌道（株）,健康づくり財団線
三和紙工前,両備ホールディングス（株）,南回り牛窓線
三和紙工前,東備バス（株）,神崎南回り牛窓線
問屋町入口,岡山電気軌道（株）,健康づくり財団線
辰巳西,岡山電気軌道（株）,健康づくり財団線
操南台団地西,両備ホールディングス（株）,操南台団地線
田中,岡山電気軌道（株）,健康づくり財団線
下撫川,岡山電気軌道（株）,旧2号線
下撫川,両備ホールディングス（株）,岡倉線（旧2号線）
下撫川,下津井電鉄（株）,E54　岡山・中庄線
野崎,岡山電気軌道（株）,"火の見線, 汗入線, 重井病院線, コンベックス岡山線"
野崎,下津井電鉄（株）,興除線
大末,北振バス（株）,あいあいバス　野上線
金岡中,両備ホールディングス（株）,沖元西大寺線
上中野二丁目,岡山電気軌道（株）,平田・北長瀬線
畑（長浜）,瀬戸内市,牛窓-邑久駅線
バラ園南,岡山電気軌道（株）,旧2号線
小津,両備ホールディングス（株）,北回り牛窓線
小津,瀬戸内市,牛窓中央線
新道元町,岡山電気軌道（株）,"桑野営業所線, 岡山ふれあいセンター線, 新岡山港線, 三蟠南線"
細見,北振バス（株）,"井原〜美星, あいあいバス　野上線"
平井元町,両備ホールディングス（株）,沖元西大寺線
一本松,北振バス（株）,矢掛〜美星
瀬戸大橋温泉,岡山電気軌道（株）,旧2号線
瀬戸大橋温泉,両備ホールディングス（株）,岡倉線（旧2号線）
瀬戸大橋温泉,下津井電鉄（株）,E54　岡山・中庄線
御南西公民館入口,岡山電気軌道（株）,平田・北長瀬線
元上町,岡山電気軌道（株）,"桑野営業所線, 岡山ふれあいセンター線, 新岡山港線, 三蟠南線"
岡南小学校前,岡山電気軌道（株）,"築港元町線, 中央市場線, 岡山ろうさい病院・松浜町線, 岡南飛行場線, 大東線, 日赤病院線, 南ふれあいセンター線"
岡南小学校前,両備ホールディングス（株）,"小串・鉾立線, 上山坂線, 玉野渋川特急線, 国道30号各線（渋川三丁目、玉野市役所、岡山南支援学校）"
苅屋原,北振バス（株）,あいあいバス　野上線
四ツ谷北,両備ホールディングス（株）,南回り牛窓線
四ツ谷北,東備バス（株）,神崎南回り牛窓線
百町,北振バス（株）,あいあいバス　野上線
山陽学園大学・短大前,岡山電気軌道（株）,"桑野営業所線, 岡山ふれあいセンター線, 新岡山港線, 三蟠南線"
備中庄,岡山電気軌道（株）,旧2号線
備中庄,両備ホールディングス（株）,岡倉線（旧2号線）
備中庄,下津井電鉄（株）,E54　岡山・中庄線
四軒屋,岡山電気軌道（株）,"桑野営業所線, 岡山ふれあいセンター線, 新岡山港線, 三蟠南線"
清心学園前,岡山電気軌道（株）,旧2号線
那須与一の墓入口,北振バス（株）,井原〜美星
田中野田,岡山電気軌道（株）,健康づくり財団線
都紀郷,両備ホールディングス（株）,沖元西大寺線
御南中学校入口,岡山電気軌道（株）,平田・北長瀬線
富田,岡山電気軌道（株）,新保・万倍線
木材市場入口,岡山電気軌道（株）,"新岡山港線, 三蟠南線"
下中野本町,岡山電気軌道（株）,平田・北長瀬線
上山田,瀬戸内市,西脇-邑久駅線
四軒屋住宅,岡山電気軌道（株）,"桑野営業所線, 岡山ふれあいセンター線, 新岡山港線, 三蟠南線"
平田口,岡山電気軌道（株）,健康づくり財団線
木材市場前,両備ホールディングス（株）,沖元西大寺線
山内,北振バス（株）,"井原〜山野, 井原〜弥高山入口"
下中野北,岡山電気軌道（株）,"火の見線, 汗入線, 重井病院線, コンベックス岡山線"
下中野北,下津井電鉄（株）,興除線
津行,両備ホールディングス（株）,北回り牛窓線
津行,瀬戸内市,牛窓中央線
辻,瀬戸内市,西脇-邑久駅線
新道上平井,岡山電気軌道（株）,"新岡山港線, 三蟠南線"
十日市,岡山電気軌道（株）,"築港元町線, 中央市場線, 岡山ろうさい病院・松浜町線, 岡南飛行場線"
十日市,両備ホールディングス（株）,"小串・鉾立線, 上山坂線"
清内橋,両備ホールディングス（株）,沖元西大寺線
仁井山,北振バス（株）,あいあいバス　ぶどうの里線
光津,両備ホールディングス（株）,沖元西大寺線
光政,両備ホールディングス（株）,沖元西大寺線
清心学園口,岡山電気軌道（株）,旧2号線
清心学園口,両備ホールディングス（株）,岡倉線（旧2号線）
清心学園口,下津井電鉄（株）,E54　岡山・中庄線
平井小学校,岡山電気軌道（株）,"桑野営業所線, 岡山ふれあいセンター線, 新岡山港線, 三蟠南線"
ポリテクセンター岡山前,岡山電気軌道（株）,健康づくり財団線
上山田東,瀬戸内市,西脇-邑久駅線
政津,両備ホールディングス（株）,沖元西大寺線
新屋敷,岡山電気軌道（株）,新保・万倍線
金岡,両備ホールディングス（株）,沖元西大寺線
津田,両備ホールディングス（株）,沖元西大寺線
那須一族公墓,北振バス（株）,あいあいバス　ぶどうの里線
沖元,両備ホールディングス（株）,沖元西大寺線
ひらた旭川荘,岡山電気軌道（株）,健康づくり財団線
車谷,北振バス（株）,矢掛〜美星
平井小学校入口,岡山電気軌道（株）,"桑野営業所線, 岡山ふれあいセンター線, 新岡山港線, 三蟠南線"
中尾,北振バス（株）,"あいあいバス　野上線, あいあいバス　ぶどうの里線"
ポリテクセンター岡山入口,岡山電気軌道（株）,平田・北長瀬線
西市本村公園,岡山電気軌道（株）,平田・北長瀬線
日赤病院入口,岡山電気軌道（株）,"大東線, 日赤病院線, 南ふれあいセンター線"
日赤病院入口,両備ホールディングス（株）,国道30号各線（渋川三丁目、玉野市役所、岡山南支援学校）
金田,両備ホールディングス（株）,沖元西大寺線
下中野,岡山電気軌道（株）,"火の見線, 汗入線, 重井病院線, コンベックス岡山線"
下中野,下津井電鉄（株）,興除線
稗原,北振バス（株）,あいあいバス　ぶどうの里線
今八丁目,岡山電気軌道（株）,平田・北長瀬線
稗原口,北振バス（株）,あいあいバス　ぶどうの里線
上南中学校前,両備ホールディングス（株）,沖元西大寺線
平田東公園,岡山電気軌道（株）,平田・北長瀬線
平田中央,岡山電気軌道（株）,平田・北長瀬線
上平井,両備ホールディングス（株）,沖元西大寺線
平田西,岡山電気軌道（株）,平田・北長瀬線
健康づくり財団病院前,岡山電気軌道（株）,健康づくり財団線
四ツ谷,両備ホールディングス（株）,南回り牛窓線
四ツ谷,東備バス（株）,神崎南回り牛窓線
十日市南,岡山電気軌道（株）,"築港元町線, 中央市場線, 岡山ろうさい病院・松浜町線, 岡南飛行場線"
十日市南,両備ホールディングス（株）,"小串・鉾立線, 上山坂線"
沖元西,両備ホールディングス（株）,沖元西大寺線
川東町入口,岡山電気軌道（株）,"桑野営業所線, 岡山ふれあいセンター線, 新岡山港線, 三蟠南線"
日赤病院,岡山電気軌道（株）,日赤病院線
新保口,岡山電気軌道（株）,新保・万倍線
松島北ノ口,岡山電気軌道（株）,旧2号線
松島北ノ口,両備ホールディングス（株）,岡倉線（旧2号線）
松島北ノ口,下津井電鉄（株）,E54　岡山・中庄線
通峠,北振バス（株）,"井原〜山野, 井原〜弥高山入口"
奥浦,両備ホールディングス（株）,北回り牛窓線
奥浦,瀬戸内市,牛窓中央線
青江北,岡山電気軌道（株）,"大東線, 南ふれあいセンター線"
青江北,両備ホールディングス（株）,国道30号各線（渋川三丁目、玉野市役所、岡山南支援学校）
出,瀬戸内市,西脇-邑久駅線
桑野東,両備ホールディングス（株）,沖元西大寺線
倉田北,岡山電気軌道（株）,"桑野営業所線, 岡山ふれあいセンター線, 新岡山港線, 三蟠南線"
豊成,岡山電気軌道（株）,"築港元町線, 中央市場線, 岡山ろうさい病院・松浜町線, 岡南飛行場線"
豊成,両備ホールディングス（株）,"小串・鉾立線, 上山坂線"
新保口下,岡山電気軌道（株）,新保・万倍線
両備テクノ前,岡山電気軌道（株）,"火の見線, 汗入線, 重井病院線, コンベックス岡山線"
両備テクノ前,下津井電鉄（株）,興除線
平井,両備ホールディングス（株）,沖元西大寺線
笹谷上,北振バス（株）,あいあいバス　野上線
沢岡,北振バス（株）,"井原〜山野, 井原〜弥高山入口"
川崎医大前,岡山電気軌道（株）,旧2号線
川崎医大前,両備ホールディングス（株）,岡倉線（旧2号線）
川崎医大前,下津井電鉄（株）,E54　岡山・中庄線
仏田,北振バス（株）,矢掛〜美星
新保北,岡山電気軌道（株）,新保・万倍線
桑野,両備ホールディングス（株）,沖元西大寺線
黒木公民館,北振バス（株）,あいあいバス　野上線
師楽（東）,瀬戸内市,牛窓-邑久駅線
芳井支所前,北振バス（株）,"井原〜佐屋, 井原〜山野, 井原〜弥高山入口"
旭東病院前,岡山電気軌道（株）,"桑野営業所線, 岡山ふれあいセンター線, 新岡山港線, 三蟠南線"
奥浦下,両備ホールディングス（株）,北回り牛窓線
奥浦下,瀬戸内市,牛窓中央線
師楽（西）,瀬戸内市,牛窓-邑久駅線
香蓮寺,北振バス（株）,"あいあいバス　野上線, あいあいバス　ぶどうの里線"
操南中学校前,両備ホールディングス（株）,沖元西大寺線
大角橋,岡山電気軌道（株）,"火の見線, 汗入線, 重井病院線, コンベックス岡山線"
大角橋,下津井電鉄（株）,興除線
神崎口,両備ホールディングス（株）,南回り牛窓線
神崎口,東備バス（株）,神崎南回り牛窓線
ミツクラ農林前,瀬戸内市,西脇-邑久駅線
青江西,岡山電気軌道（株）,"大東線, 南ふれあいセンター線"
青江西,両備ホールディングス（株）,国道30号各線（渋川三丁目、玉野市役所、岡山南支援学校）
佐原,北振バス（株）,"井原〜佐屋, 井原〜山野, 井原〜弥高山入口"
新保,岡山電気軌道（株）,新保・万倍線
松島西ノ口,両備ホールディングス（株）,岡倉線（旧2号線）
浜野西,岡山電気軌道（株）,"築港元町線, 中央市場線, 岡山ろうさい病院・松浜町線"
浜野西,両備ホールディングス（株）,"小串・鉾立線, 上山坂線"
新保南,岡山電気軌道（株）,新保・万倍線
西市,岡山電気軌道（株）,"火の見線, 汗入線, 重井病院線, コンベックス岡山線"
西市,下津井電鉄（株）,興除線
藤崎,両備ホールディングス（株）,沖元西大寺線
新福・岡山交通本社前,岡山電気軌道（株）,岡南飛行場線
操南団地入口,岡山電気軌道（株）,"桑野営業所線, 岡山ふれあいセンター線, 新岡山港線, 三蟠南線"
松島西ノ口,岡山電気軌道（株）,旧2号線
松島西ノ口,下津井電鉄（株）,E54　岡山・中庄線
平井下町,両備ホールディングス（株）,沖元西大寺線
西市デイサービスセンター前,岡山電気軌道（株）,新保・万倍線
永祥寺入口,北振バス（株）,井原〜美星
井原線矢掛駅,（株）井笠バスカンパニー,笠岡〜矢掛線
井原線矢掛駅,北振バス（株）,矢掛〜美星
吉塔,両備ホールディングス（株）,南回り牛窓線
吉塔,東備バス（株）,神崎南回り牛窓線
ほんぶしん前,両備ホールディングス（株）,南回り牛窓線
ほんぶしん前,東備バス（株）,神崎南回り牛窓線
師楽入口,両備ホールディングス（株）,北回り牛窓線
師楽入口,瀬戸内市,"牛窓-邑久駅線, 牛窓中央線"
マスカット球場入口,両備ホールディングス（株）,岡倉線（旧2号線）
矢掛病院前,（株）井笠バスカンパニー,笠岡〜矢掛線
矢掛病院前,北振バス（株）,矢掛〜美星
吉塔東,両備ホールディングス（株）,南回り牛窓線
吉塔東,東備バス（株）,神崎南回り牛窓線
千手院,北振バス（株）,あいあいバス　野上線
ネバーランド前,北振バス（株）,矢掛〜美星
西市団地,岡山電気軌道（株）,新保・万倍線
神崎,両備ホールディングス（株）,南回り牛窓線
神崎,東備バス（株）,神崎南回り牛窓線
泉田北,岡山電気軌道（株）,新保・万倍線
与井上,北振バス（株）,"井原〜佐屋, 井原〜山野, 井原〜弥高山入口"
矢掛高校前,北振バス（株）,矢掛〜美星
岡山流通会館前,岡山電気軌道（株）,コンベックス岡山線
岡山流通会館前,両備ホールディングス（株）,岡倉線（旧2号線）
ネバーランド前,（株）井笠バスカンパニー,笠岡〜矢掛線
江崎,両備ホールディングス（株）,沖元西大寺線
浜野入口,岡山電気軌道（株）,"築港元町線, 中央市場線, 岡山ろうさい病院・松浜町線"
浜野入口,両備ホールディングス（株）,"小串・鉾立線, 上山坂線"
米倉,岡山電気軌道（株）,"火の見線, 汗入線, 重井病院線, コンベックス岡山線"
米倉,下津井電鉄（株）,興除線
平山,瀬戸内市,西脇-邑久駅線
新道江崎,岡山電気軌道（株）,"桑野営業所線, 岡山ふれあいセンター線, 新岡山港線, 三蟠南線"
神崎東,両備ホールディングス（株）,南回り牛窓線
神崎東,東備バス（株）,神崎南回り牛窓線
流通センター卸売団地,岡山電気軌道（株）,コンベックス岡山線
流通センター卸売団地,両備ホールディングス（株）,岡倉線（旧2号線）
三田口,両備ホールディングス（株）,岡倉線（旧2号線）
中庄駅,岡山電気軌道（株）,旧2号線
中庄駅,両備ホールディングス（株）,岡倉線（旧2号線）
中庄駅,下津井電鉄（株）,"E54　岡山・中庄線, 中庄線"
コンベックス岡山前,岡山電気軌道（株）,コンベックス岡山線
コンベックス岡山前,両備ホールディングス（株）,岡倉線（旧2号線）
芳井中学校前,北振バス（株）,"井原〜佐屋, 井原〜弥高山入口"
井原ゴルフ入口,北振バス（株）,あいあいバス　野上線
川面農協,北振バス（株）,矢掛〜美星
邑久郷西,両備ホールディングス（株）,南回り牛窓線
邑久郷西,東備バス（株）,神崎南回り牛窓線
福富西一丁目,岡山電気軌道（株）,岡南飛行場線
泉田西,岡山電気軌道（株）,新保・万倍線
与井,北振バス（株）,"井原〜佐屋, 井原〜山野, 井原〜弥高山入口"
相生橋,岡山電気軌道（株）,"火の見線, 汗入線, 重井病院線, コンベックス岡山線"
相生橋,下津井電鉄（株）,興除線
青野校前,北振バス（株）,"あいあいバス　野上線, あいあいバス　ぶどうの里線"
芳田郵便局前,岡山電気軌道（株）,新保・万倍線
宮道東,両備ホールディングス（株）,沖元西大寺線
新道江崎下,岡山電気軌道（株）,"桑野営業所線, 岡山ふれあいセンター線, 新岡山港線, 三蟠南線"
田町,北振バス（株）,矢掛〜美星
泉田口,岡山電気軌道（株）,大東線
泉田口,両備ホールディングス（株）,国道30号各線（渋川三丁目、玉野市役所、岡山南支援学校）
泉田口,岡山電気軌道（株）,南ふれあいセンター線
堂西,北振バス（株）,あいあいバス　野上線
小林,（株）井笠バスカンパニー,笠岡〜矢掛線
流通センター運輸団地,岡山電気軌道（株）,コンベックス岡山線
福浜校前,岡山電気軌道（株）,"築港元町線, 中央市場線, 岡山ろうさい病院・松浜町線"
福浜校前,両備ホールディングス（株）,"小串・鉾立線, 上山坂線"
下阿知中,両備ホールディングス（株）,南回り牛窓線
下阿知中,東備バス（株）,神崎南回り牛窓線
コンベックス岡山西,両備ホールディングス（株）,岡倉線（旧2号線）
下阿知西,両備ホールディングス（株）,南回り牛窓線
下阿知西,東備バス（株）,神崎南回り牛窓線
矢掛高前,（株）井笠バスカンパニー,笠岡〜矢掛線
矢掛高入口,北振バス（株）,矢掛〜美星
芳井郵便局前,北振バス（株）,"井原〜佐屋, 井原〜山野, 井原〜弥高山入口"
邑久郷中,両備ホールディングス（株）,南回り牛窓線
邑久郷中,東備バス（株）,神崎南回り牛窓線
宮道,両備ホールディングス（株）,沖元西大寺線
幡（牛窓）,瀬戸内市,牛窓-邑久駅線
博愛会病院前,岡山電気軌道（株）,"桑野営業所線, 岡山ふれあいセンター線, 新岡山港線, 三蟠南線"
大福中,岡山電気軌道（株）,"火の見線, 汗入線, 重井病院線, コンベックス岡山線"
大福中,下津井電鉄（株）,興除線
下阿知東,両備ホールディングス（株）,南回り牛窓線
下阿知東,東備バス（株）,神崎南回り牛窓線
芳泉高入口,岡山電気軌道（株）,大東線
芳泉高入口,両備ホールディングス（株）,国道30号各線（渋川三丁目、玉野市役所、岡山南支援学校）
矢掛商店街東,（株）井笠バスカンパニー,笠岡〜矢掛線
邑久郷東,両備ホールディングス（株）,南回り牛窓線
邑久郷東,東備バス（株）,神崎南回り牛窓線
矢掛中町,（株）井笠バスカンパニー,笠岡〜矢掛線
矢掛中町,北振バス（株）,矢掛〜美星
宿毛東,両備ホールディングス（株）,南回り牛窓線
宿毛東,東備バス（株）,神崎南回り牛窓線
上阿知西,両備ホールディングス（株）,南回り牛窓線
上阿知西,東備バス（株）,神崎南回り牛窓線
才児下,北振バス（株）,井原〜美星
福富西二丁目,岡山電気軌道（株）,岡南飛行場線
宿毛,両備ホールディングス（株）,南回り牛窓線
宿毛,東備バス（株）,神崎南回り牛窓線
簗瀬,北振バス（株）,"井原〜佐屋, 井原〜弥高山入口"
北田,北振バス（株）,矢掛〜美星
矢掛西町,（株）井笠バスカンパニー,笠岡〜矢掛線
矢掛西町,北振バス（株）,矢掛〜美星
新道中畑,岡山電気軌道（株）,"桑野営業所線, 岡山ふれあいセンター線, 新岡山港線, 三蟠南線"
流通センター運輸団地入口,岡山電気軌道（株）,コンベックス岡山線
東川面,（株）井笠バスカンパニー,笠岡〜矢掛線
野上,瀬戸内市,西脇-邑久駅線
矢掛,北振バス（株）,矢掛〜美星
芳泉高前,岡山電気軌道（株）,南ふれあいセンター線
洲崎,岡山電気軌道（株）,"築港元町線, 中央市場線, 岡山ろうさい病院・松浜町線"
洲崎,両備ホールディングス（株）,"小串・鉾立線, 上山坂線"
上阿知中,両備ホールディングス（株）,南回り牛窓線
上阿知中,東備バス（株）,神崎南回り牛窓線
倉敷高校前,両備ホールディングス（株）,岡倉線（旧2号線）
倉敷高校前,下津井電鉄（株）,中庄線
大福,岡山電気軌道（株）,"火の見線, 汗入線, 重井病院線, コンベックス岡山線"
大福,下津井電鉄（株）,興除線
流通センター早島地区イトーピア団地入口,両備ホールディングス（株）,岡倉線（旧2号線）
新道中畑下,岡山電気軌道（株）,"桑野営業所線, 岡山ふれあいセンター線, 新岡山港線, 三蟠南線"
上阿知東,両備ホールディングス（株）,南回り牛窓線
上阿知東,東備バス（株）,神崎南回り牛窓線
当新田,岡山電気軌道（株）,大東線
当新田,両備ホールディングス（株）,国道30号各線（渋川三丁目、玉野市役所、岡山南支援学校）
梶江,北振バス（株）,"井原〜佐屋, 井原〜山野, 井原〜弥高山入口"
重井付属病院,岡山電気軌道（株）,重井病院線
福田公会堂前,岡山電気軌道（株）,岡南飛行場線
飯名,北振バス（株）,"井原〜佐屋, 井原〜山野, 井原〜弥高山入口"
牛窓中学校前,両備ホールディングス（株）,"南回り牛窓線, 北回り牛窓線"
牛窓中学校前,瀬戸内市,牛窓中央線
牛窓中学校前,東備バス（株）,"神崎南回り牛窓線, 西脇線"
紺浦（牛窓支所前）,東備バス（株）,"神崎南回り牛窓線, 西脇線"
紺浦［牛窓支所前］,瀬戸内市,牛窓中央線
紺浦,両備ホールディングス（株）,"南回り牛窓線, 北回り牛窓線"
鳥羽,下津井電鉄（株）,中庄線
池の内,北振バス（株）,"あいあいバス　野上線, あいあいバス　ぶどうの里線"
瀬戸内警察署前,両備ホールディングス（株）,"南回り牛窓線, 北回り牛窓線"
瀬戸内警察署前,瀬戸内市,牛窓中央線
瀬戸内警察署前,東備バス（株）,"神崎南回り牛窓線, 西脇線"
紺浦口,両備ホールディングス（株）,北回り牛窓線
紺浦口,瀬戸内市,牛窓中央線
あいあい保育園前,瀬戸内市,西脇-邑久駅線
荒田,岡山電気軌道（株）,"火の見線, 汗入線, 重井病院線, コンベックス岡山線"
荒田,下津井電鉄（株）,興除線
南ふれあいセンター,岡山電気軌道（株）,南ふれあいセンター線
鳥羽南,両備ホールディングス（株）,岡倉線（旧2号線）
新道浜中,岡山電気軌道（株）,"桑野営業所線, 岡山ふれあいセンター線, 新岡山港線, 三蟠南線"
百舌鳥ヶ鼻,両備ホールディングス（株）,岡倉線（旧2号線）
東町（北）,瀬戸内市,牛窓-邑久駅線
平福,岡山電気軌道（株）,"築港元町線, 中央市場線"
宝光寺下,両備ホールディングス（株）,南回り牛窓線
宝光寺下,瀬戸内市,西脇-邑久駅線
宝光寺下,東備バス（株）,神崎南回り牛窓線
福田,岡山電気軌道（株）,岡南飛行場線
岡山ふれあいセンター,岡山電気軌道（株）,岡山ふれあいセンター線
津島医院,瀬戸内市,牛窓-邑久駅線
みやはら耳鼻科・福浜市営住宅前,岡山電気軌道（株）,岡山ろうさい病院・松浜町線
みやはら耳鼻科・福浜市営住宅前,両備ホールディングス（株）,"小串・鉾立線, 上山坂線, 玉野渋川特急線"
荒田西,岡山電気軌道（株）,"火の見線, 汗入線, 重井病院線, コンベックス岡山線"
荒田西,下津井電鉄（株）,興除線
紺浦西,両備ホールディングス（株）,南回り牛窓線
紺浦西,東備バス（株）,"神崎南回り牛窓線, 西脇線"
綾浦,両備ホールディングス（株）,"南回り牛窓線, 北回り牛窓線"
綾浦,瀬戸内市,牛窓中央線
綾浦,東備バス（株）,"神崎南回り牛窓線, 西脇線"
西小学校前,瀬戸内市,西脇-邑久駅線
西小学校前,東備バス（株）,神崎南回り牛窓線
大浦,瀬戸内市,牛窓-邑久駅線
西小学校前（瀬戸内市）,両備ホールディングス（株）,南回り牛窓線
マスカットスタジアム南口,下津井電鉄（株）,中庄線
三蟠農協前,岡山電気軌道（株）,"桑野営業所線, 岡山ふれあいセンター線, 新岡山港線, 三蟠南線"
オリーブ園入口,両備ホールディングス（株）,"南回り牛窓線, 北回り牛窓線"
オリーブ園入口,瀬戸内市,牛窓中央線
オリーブ園入口,東備バス（株）,"神崎南回り牛窓線, 西脇線"
鹿忍中,両備ホールディングス（株）,南回り牛窓線
鹿忍中,東備バス（株）,"神崎南回り牛窓線, 西脇線"
千手弘法寺前,両備ホールディングス（株）,南回り牛窓線
千手弘法寺前,瀬戸内市,西脇-邑久駅線
千手弘法寺前,東備バス（株）,神崎南回り牛窓線
勘定峠,北振バス（株）,あいあいバス　ぶどうの里線
丸山,北振バス（株）,あいあいバス　北条早雲線
牛窓町公民館鹿忍分館,瀬戸内市,西脇-邑久駅線
和田,岡山電気軌道（株）,"火の見線, 汗入線, 重井病院線, コンベックス岡山線"
和田,下津井電鉄（株）,興除線
消防訓練センター入口,岡山電気軌道（株）,岡山ふれあいセンター線
吉田,下津井電鉄（株）,中庄線
鹿忍東,両備ホールディングス（株）,南回り牛窓線
鹿忍東,東備バス（株）,"神崎南回り牛窓線, 西脇線"
大東,岡山電気軌道（株）,大東線
大東,両備ホールディングス（株）,国道30号各線（渋川三丁目、玉野市役所、岡山南支援学校）
福田南,岡山電気軌道（株）,南ふれあいセンター線
東町（南）,瀬戸内市,牛窓-邑久駅線
川面,（株）井笠バスカンパニー,笠岡〜矢掛線
本蓮寺下,両備ホールディングス（株）,"南回り牛窓線, 北回り牛窓線"
本蓮寺下,瀬戸内市,牛窓中央線
本蓮寺下,東備バス（株）,"神崎南回り牛窓線, 西脇線"
中庄小学校前,下津井電鉄（株）,中庄線
祇園商店前,瀬戸内市,牛窓-邑久駅線
戸倉上,北振バス（株）,井原〜美星
三蟠郵便局北,岡山電気軌道（株）,"桑野営業所線, 岡山ふれあいセンター線, 新岡山港線, 三蟠南線"
岡南産婦人科入口,岡山電気軌道（株）,"築港元町線, 中央市場線"
駒形団地,岡山電気軌道（株）,重井病院線
桑野営業所,岡山電気軌道（株）,"桑野営業所線, 岡山ふれあいセンター線"
長川,北振バス（株）,"井原〜佐屋, 井原〜山野, 井原〜弥高山入口"
汗入,岡山電気軌道（株）,"火の見線, 汗入線, 重井病院線, コンベックス岡山線"
汗入,下津井電鉄（株）,興除線
平田東,両備ホールディングス（株）,岡倉線（旧2号線）
機工センター口,岡山電気軌道（株）,岡山ろうさい病院・松浜町線
三浜町,岡山電気軌道（株）,"築港元町線, 中央市場線"
牛窓,両備ホールディングス（株）,"南回り牛窓線, 北回り牛窓線"
牛窓,瀬戸内市,"牛窓-邑久駅線, 牛窓中央線"
牛窓,東備バス（株）,"神崎南回り牛窓線, 西脇線"
機工センター,岡山電気軌道（株）,岡山ろうさい病院・松浜町線
浦安口,岡山電気軌道（株）,"岡南飛行場線, 南ふれあいセンター線"
三蟠用水,岡山電気軌道（株）,"桑野営業所線, 岡山ふれあいセンター線"
西川面,（株）井笠バスカンパニー,笠岡〜矢掛線
三蟠郵便局前,岡山電気軌道（株）,"桑野営業所線, 岡山ふれあいセンター線, 新岡山港線, 三蟠南線"
本町,瀬戸内市,牛窓-邑久駅線
西町,瀬戸内市,牛窓-邑久駅線
千手,両備ホールディングス（株）,南回り牛窓線
千手,瀬戸内市,西脇-邑久駅線
千手,東備バス（株）,神崎南回り牛窓線
福吉町,岡山電気軌道（株）,"築港元町線, 中央市場線"
沖浜入口,瀬戸内市,西脇-邑久駅線
沖浜入口,東備バス（株）,西脇線
土地改良区前,岡山電気軌道（株）,"岡南飛行場線, 南ふれあいセンター線"
有年口,北振バス（株）,あいあいバス　北条早雲線
中庄団地西,下津井電鉄（株）,中庄線
若葉町,岡山電気軌道（株）,岡山ろうさい病院・松浜町線
若葉町,両備ホールディングス（株）,"小串・鉾立線, 上山坂線"
倉敷中庄自動車学校,下津井電鉄（株）,中庄線
中庄団地東,下津井電鉄（株）,中庄線
松浜町,岡山電気軌道（株）,岡山ろうさい病院・松浜町線
末国,北振バス（株）,あいあいバス　北条早雲線
六反,（株）井笠バスカンパニー,笠岡〜矢掛線
正覚院,北振バス（株）,あいあいバス　ぶどうの里線
せのお病院前,岡山電気軌道（株）,"火の見線, 重井病院線, コンベックス岡山線"
新道江並,岡山電気軌道（株）,"新岡山港線, 三蟠南線"
福島郵便局前,岡山電気軌道（株）,"築港元町線, 中央市場線"
千鳥町,岡山電気軌道（株）,"築港元町線, 中央市場線"
砂場東,岡山電気軌道（株）,重井病院線
中庄住宅前,下津井電鉄（株）,中庄線
向町入口,北振バス（株）,"井原〜佐屋, 井原〜山野, 井原〜弥高山入口, あいあいバス　ぶどうの里線"
火の見,岡山電気軌道（株）,"火の見線, 重井病院線, コンベックス岡山線"
清戸,下津井電鉄（株）,興除線
並木町二丁目,岡山電気軌道（株）,岡山ろうさい病院・松浜町線
北山,北振バス（株）,あいあいバス　ぶどうの里線
並木町,岡山電気軌道（株）,岡山ろうさい病院・松浜町線
砂場十字路,岡山電気軌道（株）,コンベックス岡山線
赤松,岡山電気軌道（株）,"重井病院線, コンベックス岡山線"
浦安本町,岡山電気軌道（株）,"岡南飛行場線, 南ふれあいセンター線"
黒崎,下津井電鉄（株）,中庄線
新道江並下,岡山電気軌道（株）,"新岡山港線, 三蟠南線"
向町中,北振バス（株）,"あいあいバス　嫁いらず観音線, あいあいバス　馬越恭平線, あいあいバス　北条早雲線, あいあいバス　野上線, あいあいバス　ぶどうの里線, あいあいバス　子守唄の里線"
平田口（倉敷市）,両備ホールディングス（株）,岡倉線（旧2号線）
向町,北振バス（株）,"井原〜佐屋, 井原〜山野, 井原〜弥高山入口, あいあいバス　嫁いらず観音線, あいあいバス　馬越恭平線, あいあいバス　北条早雲線, あいあいバス　野上線, あいあいバス　子守唄の里線"
築港元町,岡山電気軌道（株）,"築港元町線, 中央市場線"
法泉寺,北振バス（株）,"あいあいバス　北条早雲線, あいあいバス　野上線"
戸倉,北振バス（株）,井原〜美星
新町北,岡山電気軌道（株）,岡山ろうさい病院・松浜町線
門前,下津井電鉄（株）,興除線
海岸通,岡山電気軌道（株）,築港元町線
錦貯水,両備ホールディングス（株）,国道30号各線（渋川三丁目、玉野市役所、岡山南支援学校）
毎戸,（株）井笠バスカンパニー,笠岡〜矢掛線
川入（倉敷市）,両備ホールディングス（株）,イオンモール倉敷・水江循環線
築港栄町,岡山電気軌道（株）,岡山ろうさい病院・松浜町線
ヤンマーアグリ前,岡山電気軌道（株）,"新岡山港線, 三蟠南線"
いばらサンサン交流館,北振バス（株）,"あいあいバス　嫁いらず観音線, あいあいバス　馬越恭平線, あいあいバス　北条早雲線, あいあいバス　野上線, あいあいバス　ぶどうの里線, あいあいバス　子守唄の里線"
四番用水,岡山電気軌道（株）,"岡南飛行場線, 南ふれあいセンター線"
猪原,北振バス（株）,あいあいバス　ぶどうの里線
新町,北振バス（株）,"あいあいバス　嫁いらず観音線, あいあいバス　馬越恭平線"
南輝小学校前,岡山電気軌道（株）,岡山ろうさい病院・松浜町線
長谷,北振バス（株）,"あいあいバス　北条早雲線, あいあいバス　野上線"
福島,下津井電鉄（株）,中庄線
市民の森,岡山電気軌道（株）,新岡山港線
昭和橋,北振バス（株）,"井原〜佐屋, 井原〜山野, 井原〜弥高山入口, あいあいバス　嫁いらず観音線, あいあいバス　馬越恭平線, あいあいバス　北条早雲線, あいあいバス　野上線, あいあいバス　ぶどうの里線, あいあいバス　子守唄の里線"
あけぼの町,岡山電気軌道（株）,岡山ろうさい病院・松浜町線
あけぼの町,両備ホールディングス（株）,"小串・鉾立線, 上山坂線, 玉野渋川特急線"
幸町,両備ホールディングス（株）,岡倉線（旧2号線）
クラレ岡山前,岡山電気軌道（株）,中央市場線
三蟠南,岡山電気軌道（株）,"新岡山港線, 三蟠南線"
エブリイ岡南築港店前,岡山電気軌道（株）,"築港元町線, 中央市場線"
西酒津,両備ホールディングス（株）,イオンモール倉敷・水江循環線
藤田団地北,両備ホールディングス（株）,国道30号各線（渋川三丁目、玉野市役所、岡山南支援学校）
井原児童会館,北振バス（株）,"あいあいバス　北条早雲線, あいあいバス　野上線, あいあいバス　ぶどうの里線, あいあいバス　子守唄の里線"
井原高校入口,北振バス（株）,"井原〜佐屋, 井原〜山野, 井原〜弥高山入口, あいあいバス　嫁いらず観音線, あいあいバス　馬越恭平線, あいあいバス　北条早雲線, あいあいバス　野上線, あいあいバス　ぶどうの里線, あいあいバス　子守唄の里線"
図書館,北振バス（株）,"あいあいバス　嫁いらず観音線, あいあいバス　馬越恭平線"
管理事務所,岡山電気軌道（株）,新岡山港線
新岡山港,岡山電気軌道（株）,新岡山港線
築港新町,岡山電気軌道（株）,岡山ろうさい病院・松浜町線
小田東,（株）井笠バスカンパニー,笠岡〜矢掛線
イオンモール倉敷北,両備ホールディングス（株）,イオンモール倉敷・水江循環線
長谷入口,北振バス（株）,井原〜美星
大内,両備ホールディングス（株）,イオンモール倉敷・水江循環線
県営うらやす団地前,岡山電気軌道（株）,"岡南飛行場線, 南ふれあいセンター線"
山本住宅,北振バス（株）,"あいあいバス　北条早雲線, あいあいバス　野上線"
あけぼの橋,両備ホールディングス（株）,イオンモール倉敷・水江循環線
森,北振バス（株）,あいあいバス　北条早雲線
岡山ろうさい病院,岡山電気軌道（株）,岡山ろうさい病院・松浜町線
岡山ろうさい病院,両備ホールディングス（株）,玉野渋川特急線
岡山ろうさい病院入口,岡山電気軌道（株）,岡山ろうさい病院・松浜町線
築港新町,両備ホールディングス（株）,"小串・鉾立線, 上山坂線, 玉野渋川特急線"
神戸,北振バス（株）,あいあいバス　野上線
二塚,瀬戸内市,西脇-邑久駅線
二塚,東備バス（株）,西脇線
中央市場前,岡山電気軌道（株）,中央市場線
東内尾,下津井電鉄（株）,興除線
福島中,下津井電鉄（株）,中庄線
内寺口,北振バス（株）,あいあいバス　北条早雲線
新町中央,岡山電気軌道（株）,岡山ろうさい病院・松浜町線
市民病院前,北振バス（株）,"井原〜佐屋, 井原〜山野, 井原〜美星, 井原〜弥高山入口, あいあいバス　嫁いらず観音線, あいあいバス　馬越恭平線, あいあいバス　北条早雲線, あいあいバス　野上線, あいあいバス　ぶどうの里線, あいあいバス　子守唄の里線"
井原市民病院,（株）井笠バスカンパニー,笠岡〜山王口〜井原線
下町上,北振バス（株）,"あいあいバス　嫁いらず観音線, あいあいバス　馬越恭平線"
南幸町しげい病院前,下津井電鉄（株）,"62　天城線, 茶屋町線, 中庄線"
イオン西入口,両備ホールディングス（株）,イオンモール倉敷・水江循環線
寺戸,北振バス（株）,あいあいバス　ぶどうの里線
イオンモール倉敷,両備ホールディングス（株）,イオンモール倉敷・水江循環線
昭和町,両備ホールディングス（株）,岡倉線（旧2号線）
昭和町,下津井電鉄（株）,"62　天城線, 茶屋町線, 中庄線"
小田中,（株）井笠バスカンパニー,笠岡〜矢掛線
三井製糖前,岡山電気軌道（株）,中央市場線
緑町,岡山電気軌道（株）,岡山ろうさい病院・松浜町線
ひかり幼稚園前,岡山電気軌道（株）,岡山ろうさい病院・松浜町線
大建前,岡山電気軌道（株）,中央市場線
慈圭病院,岡山電気軌道（株）,"岡南飛行場線, 南ふれあいセンター線"
倉敷駅北口,両備ホールディングス（株）,イオンモール倉敷・水江循環線
立戸公園,北振バス（株）,あいあいバス　北条早雲線
倉敷駅北口,下津井電鉄（株）・中鉄バス（株）,岡山桃太郎空港リムジンバス　倉敷駅〜岡山桃太郎空港線
下町,北振バス（株）,"あいあいバス　嫁いらず観音線, あいあいバス　馬越恭平線"
藤田第二小学校沖,両備ホールディングス（株）,国道30号各線（渋川三丁目、玉野市役所、岡山南支援学校）
興譲館高校前,北振バス（株）,"井原〜美星, あいあいバス　北条早雲線, あいあいバス　野上線, あいあいバス　ぶどうの里線"
八軒樋,下津井電鉄（株）,中庄線
井原小学校前,（株）井笠バスカンパニー,笠岡〜山王口〜井原線
井原小学校前,北振バス（株）,"井原〜佐屋, 井原〜山野, 井原〜美星, 井原〜弥高山入口, あいあいバス　嫁いらず観音線, あいあいバス　馬越恭平線, あいあいバス　北条早雲線, あいあいバス　野上線, あいあいバス　ぶどうの里線, あいあいバス　子守唄の里線"
井原バスセンター,北振バス（株）,"井原〜佐屋, 井原〜山野, 井原〜美星, 井原〜弥高山入口, あいあいバス　嫁いらず観音線, あいあいバス　馬越恭平線, あいあいバス　北条早雲線, あいあいバス　野上線, あいあいバス　ぶどうの里線, あいあいバス　子守唄の里線"
井原バスセンター,（株）井笠バスカンパニー,"笠岡〜山王口〜井原線, 福山〜井原線"
荏原小学校,北振バス（株）,あいあいバス　北条早雲線
井原中学校,北振バス（株）,"井原〜美星, あいあいバス　北条早雲線, あいあいバス　野上線, あいあいバス　ぶどうの里線"
やすらぎセンター,北振バス（株）,"井原〜美星, あいあいバス　北条早雲線, あいあいバス　野上線"
岡山港,岡山電気軌道（株）,中央市場線
大島,下津井電鉄（株）,中庄線
米持,北振バス（株）,あいあいバス　北条早雲線
東新町,北振バス（株）,井原〜美星
青陵高等学校北,下津井電鉄（株）,中庄線
八王寺口,両備ホールディングス（株）,イオンモール倉敷・水江循環線
倉敷駅前,下津井電鉄（株）,"62　天城線, 茶屋町線, 塩生線, 55　古城池線, 中庄線"
倉敷中央病院前,下津井電鉄（株）,"62　天城線, 茶屋町線, 中庄線"
倉敷郵便局前,下津井電鉄（株）,"62　天城線, 茶屋町線, 中庄線"
倉敷駅,両備ホールディングス（株）,"倉敷小溝線, 倉敷循環線, 岡倉線（旧2号線）, 倉敷吉岡線"
福島南,下津井電鉄（株）,中庄線
ふれあいセンター,北振バス（株）,あいあいバス　北条早雲線
同和鉱業前,岡山電気軌道（株）,中央市場線
備中県民局南,下津井電鉄（株）,"62　天城線, 茶屋町線"
内尾,下津井電鉄（株）,興除線
JA岡山西,北振バス（株）,"井原〜美星, あいあいバス　嫁いらず観音線, あいあいバス　馬越恭平線, あいあいバス　子守唄の里線"
八王寺,両備ホールディングス（株）,イオンモール倉敷・水江循環線
興譲館入口,北振バス（株）,"あいあいバス　馬越恭平線, あいあいバス　北条早雲線"
藤田団地南,両備ホールディングス（株）,国道30号各線（渋川三丁目、玉野市役所、岡山南支援学校）
本新町公民館,北振バス（株）,"あいあいバス　馬越恭平線, あいあいバス　北条早雲線"
西中学校前,両備ホールディングス（株）,イオンモール倉敷・水江循環線
高越城登口,北振バス（株）,あいあいバス　北条早雲線
西町,北振バス（株）,"あいあいバス　馬越恭平線, あいあいバス　北条早雲線"
古水江,両備ホールディングス（株）,イオンモール倉敷・水江循環線
田中生誕地,北振バス（株）,"あいあいバス　馬越恭平線, あいあいバス　北条早雲線"
北浦渡船場,岡山電気軌道（株）,中央市場線
青陵高等学校西,下津井電鉄（株）,"62　天城線, 茶屋町線"
浦安体育館前,岡山電気軌道（株）,"岡南飛行場線, 南ふれあいセンター線"
田中苑,北振バス（株）,井原〜美星
南栄町,両備ホールディングス（株）,"小串・鉾立線, 上山坂線"
中町,北振バス（株）,"あいあいバス　馬越恭平線, あいあいバス　北条早雲線"
水江口,両備ホールディングス（株）,イオンモール倉敷・水江循環線
あちてらす倉敷前,両備ホールディングス（株）,"倉敷循環線, 倉敷吉岡線"
あちてらす倉敷前,下津井電鉄（株）,"茶屋町線, 塩生線, 55　古城池線, 中庄線"
田中美術館,北振バス（株）,"あいあいバス　嫁いらず観音線, あいあいバス　馬越恭平線, あいあいバス　北条早雲線, あいあいバス　野上線, あいあいバス　ぶどうの里線"
川西町西口,両備ホールディングス（株）,倉敷小溝線
西脇東,瀬戸内市,西脇-邑久駅線
西脇東,東備バス（株）,西脇線
小串西,両備ホールディングス（株）,小串・鉾立線
阿津東,両備ホールディングス（株）,小串・鉾立線
駅前通り,（株）井笠バスカンパニー,"笠岡〜山王口〜井原線, 福山〜井原線"
駅前通り,北振バス（株）,"井原〜佐屋, 井原〜山野, 井原〜美星, 井原〜弥高山入口, あいあいバス　嫁いらず観音線, あいあいバス　馬越恭平線, あいあいバス　子守唄の里線"
阿津,両備ホールディングス（株）,小串・鉾立線
平井入口,北振バス（株）,あいあいバス　北条早雲線
千田,（株）井笠バスカンパニー,笠岡〜矢掛線
NTT倉敷前,両備ホールディングス（株）,倉敷小溝線
水江,両備ホールディングス（株）,イオンモール倉敷・水江循環線
西脇海水浴場,瀬戸内市,西脇-邑久駅線
西脇海水浴場,東備バス（株）,西脇線
東町,下津井電鉄（株）,"62　天城線, 茶屋町線"
東町,北振バス（株）,"あいあいバス　馬越恭平線, あいあいバス　北条早雲線"
市役所前,北振バス（株）,"井原〜佐屋, 井原〜山野, 井原〜美星, 井原〜弥高山入口, あいあいバス　子守唄の里線"
小串,両備ホールディングス（株）,小串・鉾立線
早雲の里荏原駅,北振バス（株）,"あいあいバス　馬越恭平線, あいあいバス　北条早雲線"
市民会館前,北振バス（株）,"井原〜佐屋, 井原〜山野, 井原〜美星, 井原〜弥高山入口"
市民会館前,（株）井笠バスカンパニー,福山〜井原線
阿津西,両備ホールディングス（株）,小串・鉾立線
七日市,北振バス（株）,"あいあいバス　馬越恭平線, あいあいバス　北条早雲線"
今市,北振バス（株）,"あいあいバス　馬越恭平線, あいあいバス　北条早雲線"
羽島,下津井電鉄（株）,茶屋町線
錦六区入口,両備ホールディングス（株）,国道30号各線（渋川三丁目、玉野市役所、岡山南支援学校）
七日市西,北振バス（株）,"あいあいバス　馬越恭平線, あいあいバス　北条早雲線"
日間,下津井電鉄（株）,茶屋町線
浦安南町,岡山電気軌道（株）,"岡南飛行場線, 南ふれあいセンター線"
老松町,両備ホールディングス（株）,倉敷小溝線
太刀洗口,岡山電気軌道（株）,"岡南飛行場線, 南ふれあいセンター線"
大曲,下津井電鉄（株）,興除線
井原郵便局前,（株）井笠バスカンパニー,"笠岡〜山王口〜井原線, 福山〜井原線"
井原郵便局前,北振バス（株）,"井原〜佐屋, 井原〜山野, 井原〜美星, 井原〜弥高山入口, あいあいバス　嫁いらず観音線, あいあいバス　馬越恭平線, あいあいバス　北条早雲線, あいあいバス　野上線, あいあいバス　ぶどうの里線, あいあいバス　子守唄の里線"
大原美術館前,両備ホールディングス（株）,"倉敷循環線, 倉敷吉岡線"
大原美術館前,下津井電鉄（株）,"茶屋町線, 塩生線, 55　古城池線, 中庄線"
やくし,（株）井笠バスカンパニー,福山〜井原線
余田,北振バス（株）,"あいあいバス　馬越恭平線, あいあいバス　北条早雲線"
重岩,両備ホールディングス（株）,小串・鉾立線
阿部池口,岡山電気軌道（株）,"岡南飛行場線, 南ふれあいセンター線"
青木東,北振バス（株）,あいあいバス　馬越恭平線
的場,北振バス（株）,あいあいバス　子守唄の里線
倉敷市民会館前,下津井電鉄（株）,62　天城線
西帯江,下津井電鉄（株）,茶屋町線
淡水湖北口,両備ホールディングス（株）,"小串・鉾立線, 上山坂線"
出部小学校前,（株）井笠バスカンパニー,福山〜井原線
太刀洗東,岡山電気軌道（株）,"岡南飛行場線, 南ふれあいセンター線"
青木,北振バス（株）,"あいあいバス　馬越恭平線, あいあいバス　北条早雲線"
小串東,両備ホールディングス（株）,小串・鉾立線
南町,下津井電鉄（株）,"茶屋町線, 塩生線, 中庄線"
倉敷第一病院前,両備ホールディングス（株）,倉敷小溝線
西脇,瀬戸内市,西脇-邑久駅線
西脇,東備バス（株）,西脇線
北川,（株）井笠バスカンパニー,笠岡〜矢掛線
岡南飛行場,岡山電気軌道（株）,"岡南飛行場線, 南ふれあいセンター線"
飽浦,両備ホールディングス（株）,小串・鉾立線
中国新聞井原支局,北振バス（株）,"あいあいバス　嫁いらず観音線, あいあいバス　馬越恭平線"
中国新聞井原支局,（株）井笠バスカンパニー,笠岡〜山王口〜井原線
丘,瀬戸内市,西脇-邑久駅線
丘,東備バス（株）,西脇線
井原駅,北振バス（株）,"井原〜佐屋, 井原〜山野, 井原〜美星, 井原〜弥高山入口, あいあいバス　嫁いらず観音線, あいあいバス　馬越恭平線, あいあいバス　北条早雲線, あいあいバス　野上線, あいあいバス　ぶどうの里線, あいあいバス　子守唄の里線"
井原駅,（株）井笠バスカンパニー,"笠岡〜山王口〜井原線, 福山〜井原線"
宮浦,両備ホールディングス（株）,小串・鉾立線
倉敷芸文館東,下津井電鉄（株）,62　天城線
中央二丁目,両備ホールディングス（株）,"倉敷循環線, 倉敷吉岡線"
中央二丁目・倉敷芸文館,下津井電鉄（株）,"茶屋町線, 塩生線, 55　古城池線, 中庄線"
上出部入口,（株）井笠バスカンパニー,福山〜井原線
岡山南支援学校,両備ホールディングス（株）,国道30号各線（渋川三丁目、玉野市役所、岡山南支援学校）
老松町東,下津井電鉄（株）,"茶屋町線, 塩生線, 中庄線"
貝殻山登山口,両備ホールディングス（株）,小串・鉾立線
宮浦東,両備ホールディングス（株）,小串・鉾立線
子父雁入口,東備バス（株）,西脇線
東郷,北振バス（株）,"あいあいバス　馬越恭平線, あいあいバス　北条早雲線"
二日市,下津井電鉄（株）,茶屋町線
笹井,北振バス（株）,"あいあいバス　馬越恭平線, あいあいバス　北条早雲線"
中畦,下津井電鉄（株）,興除線
野球場,北振バス（株）,"あいあいバス　嫁いらず観音線, あいあいバス　子守唄の里線"
西原,両備ホールディングス（株）,小串・鉾立線
白楽町,下津井電鉄（株）,"茶屋町線, 塩生線, 中庄線"
甲弩,（株）井笠バスカンパニー,笠岡〜矢掛線
沖,両備ホールディングス（株）,倉敷小溝線
甲浦学校前,両備ホールディングス（株）,"小串・鉾立線, 上山坂線"
ダイキ岡山前,両備ホールディングス（株）,国道30号各線（渋川三丁目、玉野市役所、岡山南支援学校）
倉敷商業高校東,下津井電鉄（株）,62　天城線
木之子中学校,北振バス（株）,あいあいバス　馬越恭平線
山王口,北振バス（株）,"あいあいバス　嫁いらず観音線, あいあいバス　馬越恭平線, あいあいバス　子守唄の里線"
山王口,（株）井笠バスカンパニー,笠岡〜山王口〜井原線
子父雁,瀬戸内市,西脇-邑久駅線
笹賀,（株）井笠バスカンパニー,福山〜井原線
帯江,下津井電鉄（株）,茶屋町線
西飽浦,両備ホールディングス（株）,"小串・鉾立線, 上山坂線"
向小串東,両備ホールディングス（株）,小串・鉾立線
倉商前,両備ホールディングス（株）,倉敷循環線
倉商前,下津井電鉄（株）,"茶屋町線, 塩生線, 中庄線"
西宝伝,両備ホールディングス（株）,"岡山西宝伝線, 西大寺西宝伝線"
倉敷成人病センター前,両備ホールディングス（株）,倉敷循環線
倉敷成人病センター前,下津井電鉄（株）,"茶屋町線, 塩生線, 中庄線"
商工会館前,両備ホールディングス（株）,倉敷循環線
商工会館前,下津井電鉄（株）,"茶屋町線, 塩生線, 中庄線"
倉商東,両備ホールディングス（株）,"倉敷循環線, 倉敷吉岡線"
倉商東,下津井電鉄（株）,55　古城池線
南区役所興除地域センター前,下津井電鉄（株）,興除線
西郷,北振バス（株）,あいあいバス　馬越恭平線
倉敷消防署,両備ホールディングス（株）,倉敷循環線
市民体育館,北振バス（株）,"あいあいバス　嫁いらず観音線, あいあいバス　子守唄の里線"
高屋小学校,北振バス（株）,あいあいバス　子守唄の里線
帯江亀山,下津井電鉄（株）,茶屋町線
大曲,（株）井笠バスカンパニー,福山〜井原線
田ノ上,両備ホールディングス（株）,倉敷循環線
甲浦支所前,両備ホールディングス（株）,"小串・鉾立線, 上山坂線"
四十瀬球場前,両備ホールディングス（株）,倉敷小溝線
興陽高校前,両備ホールディングス（株）,国道30号各線（渋川三丁目、玉野市役所、岡山南支援学校）
向小串西,両備ホールディングス（株）,小串・鉾立線
亀山,下津井電鉄（株）,茶屋町線
飽浦上,両備ホールディングス（株）,上山坂線
森脇団地,北振バス（株）,あいあいバス　馬越恭平線
倉敷市役所東,下津井電鉄（株）,62　天城線
北浦,両備ホールディングス（株）,"小串・鉾立線, 上山坂線"
グランド・ゴルフ場前,北振バス（株）,"あいあいバス　嫁いらず観音線, あいあいバス　馬越恭平線, あいあいバス　子守唄の里線"
中央中畦,下津井電鉄（株）,興除線
亀山郵便局前,下津井電鉄（株）,茶屋町線
倉敷市役所,両備ホールディングス（株）,"倉敷循環線, 倉敷吉岡線"
倉敷市役所,下津井電鉄（株）,55　古城池線
惣谷公民館,北振バス（株）,あいあいバス　馬越恭平線
中島口,両備ホールディングス（株）,倉敷小溝線
弓道場,北振バス（株）,"あいあいバス　嫁いらず観音線, あいあいバス　子守唄の里線"
西中,下津井電鉄（株）,塩生線
イズミ井原店前,（株）井笠バスカンパニー,福山〜井原線
楠,（株）井笠バスカンパニー,笠岡〜矢掛線
高屋大橋,（株）井笠バスカンパニー,福山〜井原線
上名田,下津井電鉄（株）,62　天城線
東郡,両備ホールディングス（株）,"小串・鉾立線, 上山坂線"
大谷,北振バス（株）,"あいあいバス　嫁いらず観音線, あいあいバス　馬越恭平線"
大谷,（株）井笠バスカンパニー,笠岡〜山王口〜井原線
沖新町,両備ホールディングス（株）,倉敷循環線
一本松,両備ホールディングス（株）,上山坂線
六間川,下津井電鉄（株）,茶屋町線
甲浦郵便局前,両備ホールディングス（株）,"小串・鉾立線, 上山坂線, 玉野渋川特急線"
四季が丘団地,北振バス（株）,"あいあいバス　嫁いらず観音線, あいあいバス　馬越恭平線, あいあいバス　子守唄の里線"
米崎,両備ホールディングス（株）,小串・鉾立線
下出部町二丁目,北振バス（株）,"あいあいバス　嫁いらず観音線, あいあいバス　子守唄の里線"
東新田,下津井電鉄（株）,62　天城線
帯高古開,下津井電鉄（株）,茶屋町線
南中畦,下津井電鉄（株）,興除線
高屋,（株）井笠バスカンパニー,福山〜井原線
総合市場前,両備ホールディングス（株）,"倉敷循環線, 倉敷吉岡線"
総合市場前,下津井電鉄（株）,55　古城池線
子守唄の里高屋駅,北振バス（株）,"あいあいバス　嫁いらず観音線, あいあいバス　子守唄の里線"
倉敷自動車教習所前,両備ホールディングス（株）,倉敷小溝線
郡,両備ホールディングス（株）,"小串・鉾立線, 上山坂線"
中銀前,（株）井笠バスカンパニー,福山〜井原線
帯高,下津井電鉄（株）,茶屋町線
大高小学校前,両備ホールディングス（株）,倉敷循環線
郡団地口,両備ホールディングス（株）,"小串・鉾立線, 上山坂線"
高屋中学校入口,（株）井笠バスカンパニー,福山〜井原線
高屋児童会館,北振バス（株）,あいあいバス　嫁いらず観音線
新田,下津井電鉄（株）,62　天城線
中国能開大,両備ホールディングス（株）,作陽学園・能開大線
茶屋町橋西,下津井電鉄（株）,茶屋町線
茶屋町公民館前,下津井電鉄（株）,茶屋町線
西部いこいの里,北振バス（株）,"あいあいバス　嫁いらず観音線, あいあいバス　子守唄の里線"
穴場神社前,両備ホールディングス（株）,倉敷小溝線
興除郵便局前,下津井電鉄（株）,興除線
吉野,（株）井笠バスカンパニー,福山〜井原線
大高,下津井電鉄（株）,塩生線
ゆめタウン倉敷,両備ホールディングス（株）,"倉敷循環線, 倉敷吉岡線"
ゆめタウン倉敷前,下津井電鉄（株）,55　古城池線
茶屋町橋,下津井電鉄（株）,茶屋町線
共睦,下津井電鉄（株）,茶屋町線
淀下,北振バス（株）,あいあいバス　馬越恭平線
山王,北振バス（株）,あいあいバス　子守唄の里線
都六区入口,両備ホールディングス（株）,国道30号各線（渋川三丁目、玉野市役所、岡山南支援学校）
磯崎眠亀記念館前,下津井電鉄（株）,茶屋町線
丙川,下津井電鉄（株）,興除線
共睦公会堂前,下津井電鉄（株）,茶屋町線
作陽学園北,両備ホールディングス（株）,作陽学園・能開大線
小瀬戸,下津井電鉄（株）,62　天城線
茶屋町駅前,下津井電鉄（株）,茶屋町線
宮の端,北振バス（株）,"あいあいバス　嫁いらず観音線, あいあいバス　馬越恭平線"
宮の端,（株）井笠バスカンパニー,笠岡〜山王口〜井原線
リフレッシュ公園前,北振バス（株）,"あいあいバス　嫁いらず観音線, あいあいバス　子守唄の里線"
八軒屋北,下津井電鉄（株）,62　天城線
中の才,（株）井笠バスカンパニー,笠岡〜矢掛線
新川,北振バス（株）,"あいあいバス　嫁いらず観音線, あいあいバス　子守唄の里線"
西方住宅,北振バス（株）,あいあいバス　馬越恭平線
笹沖,両備ホールディングス（株）,"倉敷循環線, 倉敷吉岡線"
笹沖,下津井電鉄（株）,55　古城池線
淀公民館,北振バス（株）,あいあいバス　馬越恭平線
東富井,両備ホールディングス（株）,倉敷循環線
矢ノ側,北振バス（株）,"あいあいバス　嫁いらず観音線, あいあいバス　子守唄の里線"
源代,北振バス（株）,"あいあいバス　嫁いらず観音線, あいあいバス　子守唄の里線"
大迫,北振バス（株）,あいあいバス　馬越恭平線
相引,両備ホールディングス（株）,小串・鉾立線
東曽根,下津井電鉄（株）,興除線
嫁いらず観音,北振バス（株）,"あいあいバス　嫁いらず観音線, あいあいバス　子守唄の里線"
森ヶ市,（株）井笠バスカンパニー,笠岡〜矢掛線
天理教,北振バス（株）,あいあいバス　嫁いらず観音線
小溝,両備ホールディングス（株）,倉敷小溝線
作陽学園正門,両備ホールディングス（株）,作陽学園・能開大線
倉敷南小学校前,両備ホールディングス（株）,倉敷循環線
大江公民館,北振バス（株）,あいあいバス　嫁いらず観音線
倉敷市ふじ園・倉敷児童館前,下津井電鉄（株）,62　天城線
旭化成団地口,下津井電鉄（株）,塩生線
金甲山登山口,両備ホールディングス（株）,上山坂線
葦高小学校東,両備ホールディングス（株）,"倉敷循環線, 倉敷吉岡線"
葦高小学校東,下津井電鉄（株）,55　古城池線
岡山学院大学・短期大学前,下津井電鉄（株）,62　天城線
山口,（株）井笠バスカンパニー,笠岡〜矢掛線
県主小学校,北振バス（株）,あいあいバス　馬越恭平線
葦高小学校正門,両備ホールディングス（株）,倉敷循環線
リハビリテーション病院,両備ホールディングス（株）,倉敷循環線
堀南,両備ホールディングス（株）,倉敷循環線
夫婦池,（株）井笠バスカンパニー,笠岡〜山王口〜井原線
有城,下津井電鉄（株）,62　天城線
見石,両備ホールディングス（株）,玉野渋川特急線
新山,（株）井笠バスカンパニー,笠岡〜矢掛線
西福井,両備ホールディングス（株）,倉敷小溝線
福井,下津井電鉄（株）,塩生線
倉敷南高校入口,両備ホールディングス（株）,倉敷吉岡線
倉敷南高校入口,下津井電鉄（株）,55　古城池線
番田住宅前,両備ホールディングス（株）,小串・鉾立線
曽根新道,下津井電鉄（株）,"興除線, 茶屋町線"
稲倉小学校,北振バス（株）,あいあいバス　嫁いらず観音線
高速道下,下津井電鉄（株）,62　天城線
中講,北振バス（株）,あいあいバス　嫁いらず観音線
蔵本,北振バス（株）,あいあいバス　馬越恭平線
西方上,北振バス（株）,あいあいバス　馬越恭平線
竜の口,両備ホールディングス（株）,倉敷小溝線
下電バス興除営業所,下津井電鉄（株）,"興除線, 茶屋町線"
梶草口,北振バス（株）,あいあいバス　嫁いらず観音線
都六区下,両備ホールディングス（株）,国道30号各線（渋川三丁目、玉野市役所、岡山南支援学校）
吉岡,両備ホールディングス（株）,倉敷吉岡線
吉岡,下津井電鉄（株）,55　古城池線
新倉敷駅北口,両備ホールディングス（株）,作陽学園・能開大線
上山坂,両備ホールディングス（株）,上山坂線
上山坂,玉野市,シーバス
新倉敷駅,両備ホールディングス（株）,"新倉敷芸大線, 新倉敷住友重機械線、ハーバーアイランド線, 玉島中央町線"
新倉敷駅,（株）井笠バスカンパニー,新倉敷〜玉島協同病院〜寄島線
コスモス入口,玉野市,シーバス
天城郵便局前,下津井電鉄（株）,62　天城線
JA鉾立前,玉野市,シーバス
スターハイツ,北振バス（株）,あいあいバス　嫁いらず観音線
匠住宅,北振バス（株）,あいあいバス　嫁いらず観音線
番田,両備ホールディングス（株）,小串・鉾立線
新賀郵便局前,（株）井笠バスカンパニー,笠岡〜矢掛線
鉾立公民館前,玉野市,シーバス
倉敷中央高校南,下津井電鉄（株）,塩生線
岩倉上,（株）井笠バスカンパニー,笠岡〜山王口〜井原線
病院前,両備ホールディングス（株）,新倉敷芸大線
鉾島口,両備ホールディングス（株）,新倉敷芸大線
長田町,両備ホールディングス（株）,新倉敷芸大線
北方南,玉野市,シーバス
稲木,北振バス（株）,あいあいバス　嫁いらず観音線
天城中学高校西入口,下津井電鉄（株）,62　天城線
爪崎南,両備ホールディングス（株）,"新倉敷住友重機械線、ハーバーアイランド線, 玉島中央町線"
爪崎南,（株）井笠バスカンパニー,新倉敷〜玉島協同病院〜寄島線
福島（倉敷市）,両備ホールディングス（株）,新倉敷芸大線
曽根小学校前,下津井電鉄（株）,興除線
江長十字路,両備ホールディングス（株）,倉敷小溝線
浦田駅前,下津井電鉄（株）,塩生線
堤下,両備ホールディングス（株）,新倉敷芸大線
鉾立,両備ホールディングス（株）,小串・鉾立線
鉾立,玉野市,シーバス
境橋,（株）井笠バスカンパニー,"笠岡〜矢掛線, 笠岡〜大井ハイランド〜尾坂線"
天城中学高校南入口,下津井電鉄（株）,62　天城線
関戸橋,（株）井笠バスカンパニー,笠岡〜大井ハイランド〜尾坂線
道満口,（株）井笠バスカンパニー,笠岡〜大井ハイランド〜尾坂線
浦田,両備ホールディングス（株）,倉敷吉岡線
浦田,下津井電鉄（株）,55　古城池線
藤戸,下津井電鉄（株）,62　天城線
東新町,下津井電鉄（株）,62　天城線
東西畦,下津井電鉄（株）,興除線
尾坂,（株）井笠バスカンパニー,笠岡〜大井ハイランド〜尾坂線
上成,両備ホールディングス（株）,新倉敷芸大線
霞橋,両備ホールディングス（株）,"倉敷小溝線, 新倉敷芸大線, 倉敷吉岡線"
浦田口,下津井電鉄（株）,塩生線
爪崎西,両備ホールディングス（株）,玉島中央町線
爪崎西,（株）井笠バスカンパニー,新倉敷〜玉島協同病院〜寄島線
関戸,（株）井笠バスカンパニー,"笠岡〜矢掛線, 笠岡〜大井ハイランド〜尾坂線"
江長,両備ホールディングス（株）,倉敷小溝線
倉敷西年金事務所前,両備ホールディングス（株）,新倉敷住友重機械線、ハーバーアイランド線
西畦,下津井電鉄（株）,興除線
片崎,両備ホールディングス（株）,国道30号各線（渋川三丁目、玉野市役所、岡山南支援学校）
霞丘小学校入口,両備ホールディングス（株）,"倉敷小溝線, 新倉敷芸大線, 倉敷吉岡線"
塩干,下津井電鉄（株）,62　天城線
梶岡,両備ホールディングス（株）,上山坂線
梶岡,玉野市,シーバス
倉敷芸科大学,両備ホールディングス（株）,"倉敷小溝線, 新倉敷芸大線, 倉敷吉岡線"
関戸口,（株）井笠バスカンパニー,"笠岡〜矢掛線, 笠岡〜大井ハイランド〜尾坂線"
東児市民センター,玉野市,シーバス
ケアハウスあいの泉前,両備ホールディングス（株）,新倉敷住友重機械線、ハーバーアイランド線
尾坂上,（株）井笠バスカンパニー,笠岡〜大井ハイランド〜尾坂線
彦崎跨線橋,下津井電鉄（株）,興除線
西之浦浄水場前,両備ホールディングス（株）,"倉敷小溝線, 倉敷吉岡線"
八島,両備ホールディングス（株）,玉島中央町線
八島,（株）井笠バスカンパニー,新倉敷〜玉島協同病院〜寄島線
梶岡東,玉野市,シーバス
大江,両備ホールディングス（株）,倉敷小溝線
一文字,下津井電鉄（株）,塩生線
八浜小学校前,玉野市,シーバス
東児消防前,両備ホールディングス（株）,上山坂線
東児消防前,玉野市,シーバス
七島,両備ホールディングス（株）,玉島中央町線
七島,（株）井笠バスカンパニー,新倉敷〜玉島協同病院〜寄島線
蛸村峠,（株）井笠バスカンパニー,笠岡〜山王口〜井原線
西高崎,両備ホールディングス（株）,国道30号各線（渋川三丁目、玉野市役所、岡山南支援学校）
串田,下津井電鉄（株）,62　天城線
嘉永橋,両備ホールディングス（株）,"倉敷小溝線, 倉敷吉岡線"
玉島ショッピングセンターTOPS前,両備ホールディングス（株）,新倉敷住友重機械線、ハーバーアイランド線
胸上,玉野市,シーバス
東田井地,両備ホールディングス（株）,上山坂線
東田井地,玉野市,シーバス
ヤットコ,両備ホールディングス（株）,倉敷小溝線
庄入口,玉野市,シーバス
ドンドン,両備ホールディングス（株）,"倉敷小溝線, 倉敷吉岡線"
玉島文化センター前,（株）井笠バスカンパニー,新倉敷〜玉島協同病院〜寄島線
八浜市民センター,両備ホールディングス（株）,玉野渋川特急線
八浜市民センター,玉野市,シーバス
文化センター入口,両備ホールディングス（株）,玉島中央町線
宝島寺,両備ホールディングス（株）,倉敷小溝線
胸上東,玉野市,シーバス
植松駅,下津井電鉄（株）,興除線
吉田小学校前,（株）井笠バスカンパニー,"笠岡〜矢掛線, 笠岡〜大井ハイランド〜尾坂線"
波知,玉野市,シーバス
八浜,玉野市,シーバス
新田,両備ホールディングス（株）,倉敷小溝線
才の神,（株）井笠バスカンパニー,笠岡〜山王口〜井原線
西備支援学校,（株）井笠バスカンパニー,笠岡〜山王口〜井原線
ヘラ取神社前,両備ホールディングス（株）,"倉敷小溝線, 倉敷吉岡線"
西田井地,両備ホールディングス（株）,上山坂線
西田井地,玉野市,シーバス
西紅陽台,両備ホールディングス（株）,国道30号各線（渋川三丁目、玉野市役所、岡山南支援学校）
玉島警察署前,両備ホールディングス（株）,新倉敷住友重機械線、ハーバーアイランド線
植松,下津井電鉄（株）,興除線
中浜,両備ホールディングス（株）,"倉敷小溝線, 倉敷吉岡線"
連島,両備ホールディングス（株）,"倉敷小溝線, 倉敷吉岡線"
二福小古城池高前,両備ホールディングス（株）,倉敷吉岡線
二福小古城池高前,下津井電鉄（株）,55　古城池線
玉島支所入口,両備ホールディングス（株）,玉島中央町線
玉島支所入口,（株）井笠バスカンパニー,新倉敷〜玉島協同病院〜寄島線
串田橋,下津井電鉄（株）,62　天城線
北畝七丁目,下津井電鉄（株）,塩生線
吉田,（株）井笠バスカンパニー,"笠岡〜矢掛線, 笠岡〜大井ハイランド〜尾坂線"
西植松,下津井電鉄（株）,興除線
与太郎様,玉野市,シーバス
吉田中,（株）井笠バスカンパニー,"笠岡〜矢掛線, 笠岡〜大井ハイランド〜尾坂線"
大戸上,（株）井笠バスカンパニー,笠岡〜山王口〜井原線
山田,両備ホールディングス（株）,上山坂線
山田,玉野市,シーバス
七区入口,両備ホールディングス（株）,国道30号各線（渋川三丁目、玉野市役所、岡山南支援学校）
古新田北,両備ホールディングス（株）,倉敷吉岡線
日之出町,両備ホールディングス（株）,新倉敷住友重機械線、ハーバーアイランド線
連島中学校前,両備ホールディングス（株）,倉敷吉岡線
古新田,下津井電鉄（株）,55　古城池線
玉島中央町,両備ホールディングス（株）,玉島中央町線
玉島中央町,（株）井笠バスカンパニー,新倉敷〜玉島協同病院〜寄島線
玉野光南高校,玉野市,シーバス
吉田口,（株）井笠バスカンパニー,"笠岡〜矢掛線, 笠岡〜大井ハイランド〜尾坂線"
難波医院前（北畝）,下津井電鉄（株）,塩生線
押上,両備ホールディングス（株）,新倉敷住友重機械線、ハーバーアイランド線
大戸中,（株）井笠バスカンパニー,笠岡〜山王口〜井原線
古新田,両備ホールディングス（株）,倉敷吉岡線
後閑北,玉野市,シーバス
熊野神社入口,下津井電鉄（株）,"62　天城線, 興除線"
玉商グランド前,（株）井笠バスカンパニー,新倉敷〜玉島協同病院〜寄島線
東高崎,両備ホールディングス（株）,国道30号各線（渋川三丁目、玉野市役所、岡山南支援学校）
小平井,（株）井笠バスカンパニー,"笠岡〜矢掛線, 笠岡〜大井ハイランド〜尾坂線"
水島協同病院前,両備ホールディングス（株）,倉敷吉岡線
入船町入口,両備ホールディングス（株）,倉敷吉岡線
白石入口,両備ホールディングス（株）,上山坂線
白石入口,玉野市,シーバス
水島第一病院前,両備ホールディングス（株）,倉敷吉岡線
堀貫北,両備ホールディングス（株）,新倉敷住友重機械線、ハーバーアイランド線
古新田南,下津井電鉄（株）,55　古城池線
観音堂,両備ホールディングス（株）,倉敷吉岡線
観音堂,下津井電鉄（株）,塩生線
水島郵便局前,両備ホールディングス（株）,倉敷吉岡線
栄駅北,両備ホールディングス（株）,倉敷吉岡線
昭和橋,（株）井笠バスカンパニー,新倉敷〜玉島協同病院〜寄島線
東紅陽台北公園,玉野市,シーバス
大戸口,（株）井笠バスカンパニー,笠岡〜山王口〜井原線
北畝公民館前,両備ホールディングス（株）,倉敷吉岡線
奥の森,玉野市,シーバス
旭町北,両備ホールディングス（株）,倉敷吉岡線
入田入口,（株）井笠バスカンパニー,笠岡〜広東線
北畝中,両備ホールディングス（株）,倉敷吉岡線
入田農協,（株）井笠バスカンパニー,笠岡〜広東線
堀貫,両備ホールディングス（株）,新倉敷住友重機械線、ハーバーアイランド線
西大戸上,（株）井笠バスカンパニー,笠岡〜広東線
青葉町,両備ホールディングス（株）,倉敷吉岡線
大井小学校前,（株）井笠バスカンパニー,笠岡〜山王口〜井原線
明神前,両備ホールディングス（株）,倉敷吉岡線
チクバ外科前,下津井電鉄（株）,"62　天城線, 興除線"
平ヶ市,（株）井笠バスカンパニー,笠岡〜広東線
東紅陽台,両備ホールディングス（株）,国道30号各線（渋川三丁目、玉野市役所、岡山南支援学校）
東紅陽台,玉野市,シーバス
西大戸,（株）井笠バスカンパニー,笠岡〜広東線
ライフパーク倉敷入口,下津井電鉄（株）,55　古城池線
ライフパーク倉敷西入口,下津井電鉄（株）,塩生線
稲荷町,（株）井笠バスカンパニー,新倉敷〜玉島協同病院〜寄島線
園井,（株）井笠バスカンパニー,"笠岡〜矢掛線, 笠岡〜大井ハイランド〜尾坂線"
東高地,両備ホールディングス（株）,新倉敷住友重機械線、ハーバーアイランド線
馬橋,（株）井笠バスカンパニー,笠岡〜山王口〜井原線
山田南,両備ホールディングス（株）,上山坂線
山田南,玉野市,シーバス
東林坊,（株）井笠バスカンパニー,笠岡〜広東線
八浜住宅前,玉野市,シーバス
鳴淵,（株）井笠バスカンパニー,笠岡〜広東線
福田公園北門前,下津井電鉄（株）,55　古城池線
辻橋,（株）井笠バスカンパニー,笠岡〜広東線
広東,（株）井笠バスカンパニー,笠岡〜広東線
天満町,（株）井笠バスカンパニー,新倉敷〜玉島協同病院〜寄島線
上篠坂,（株）井笠バスカンパニー,笠岡〜広東線
後閑小学校前,両備ホールディングス（株）,上山坂線
後閑小学校前,玉野市,シーバス
福田南中学校前,下津井電鉄（株）,塩生線
篠坂,（株）井笠バスカンパニー,"笠岡〜福山線, 福山〜篠坂線"
大井ハイランド西,（株）井笠バスカンパニー,笠岡〜広東線
東高地南,両備ホールディングス（株）,新倉敷住友重機械線、ハーバーアイランド線
栄橋,両備ホールディングス（株）,上山坂線
栄橋,玉野市,シーバス
倉敷帆布入口,下津井電鉄（株）,"62　天城線, 興除線"
後閑,両備ホールディングス（株）,上山坂線
後閑,玉野市,シーバス
玉島西中入口,（株）井笠バスカンパニー,新倉敷〜玉島協同病院〜寄島線
玉島協同病院,（株）井笠バスカンパニー,新倉敷〜玉島協同病院〜寄島線
東小高地,両備ホールディングス（株）,新倉敷住友重機械線、ハーバーアイランド線
諭田,玉野市,シーバス
トンボ前,玉野市,シーバス
八浜駅前,玉野市,シーバス
倉敷広済クリニック前,下津井電鉄（株）,塩生線
出崎口,両備ホールディングス（株）,上山坂線
出崎口,玉野市,シーバス
福田公園東門前,下津井電鉄（株）,55　古城池線
大河,（株）井笠バスカンパニー,笠岡〜広東線
大藪,両備ホールディングス（株）,上山坂線
大藪,玉野市,シーバス
押撫上,（株）井笠バスカンパニー,笠岡〜福山線
大井南三丁目,（株）井笠バスカンパニー,笠岡〜大井ハイランド〜尾坂線
大井南一丁目,（株）井笠バスカンパニー,笠岡〜大井ハイランド〜尾坂線
大井南二丁目,（株）井笠バスカンパニー,笠岡〜大井ハイランド〜尾坂線
クラレ正門前,両備ホールディングス（株）,新倉敷住友重機械線、ハーバーアイランド線
船宮,（株）井笠バスカンパニー,新倉敷〜玉島協同病院〜寄島線
追分,（株）井笠バスカンパニー,"笠岡〜矢掛線, 笠岡〜大井ハイランド〜尾坂線, 笠岡〜山王口〜井原線"
福田運動公園前,下津井電鉄（株）,塩生線
クラレ入口,両備ホールディングス（株）,新倉敷住友重機械線、ハーバーアイランド線
春日台団地口,（株）井笠バスカンパニー,"笠岡〜矢掛線, 笠岡〜大井ハイランド〜尾坂線, 笠岡〜山王口〜井原線"
福江,下津井電鉄（株）,"62　天城線, 興除線"
宇藤木橋,両備ホールディングス（株）,国道30号各線（渋川三丁目、玉野市役所、岡山南支援学校）
樋の輪,下津井電鉄（株）,塩生線
横田,玉野市,シーバス
福井,（株）井笠バスカンパニー,新倉敷〜玉島協同病院〜寄島線
坂田町交差点,両備ホールディングス（株）,新倉敷住友重機械線、ハーバーアイランド線
今井小学校前,（株）井笠バスカンパニー,今井循環線
坂田町,両備ホールディングス（株）,新倉敷住友重機械線、ハーバーアイランド線
住友重機械西門,両備ホールディングス（株）,新倉敷住友重機械線、ハーバーアイランド線
樋の輪南,下津井電鉄（株）,55　古城池線
養父,両備ホールディングス（株）,新倉敷住友重機械線、ハーバーアイランド線
戸島公園,両備ホールディングス（株）,新倉敷住友重機械線、ハーバーアイランド線
南船宮,（株）井笠バスカンパニー,新倉敷〜玉島協同病院〜寄島線
慈照院前,両備ホールディングス（株）,上山坂線
慈照院前,玉野市,シーバス
下追分,（株）井笠バスカンパニー,"笠岡〜矢掛線, 笠岡〜大井ハイランド〜尾坂線, 笠岡〜山王口〜井原線"
秀天橋,両備ホールディングス（株）,"国道30号各線（渋川三丁目、玉野市役所、岡山南支援学校）, 企業団地・秀天橋線"
秀天橋,玉野市,シーバス
陶山局前,（株）井笠バスカンパニー,笠岡〜福山線
川中,（株）井笠バスカンパニー,笠岡〜広東線
広江山の鼻,下津井電鉄（株）,55　古城池線
新高橋,下津井電鉄（株）,塩生線
三軒茶屋,下津井電鉄（株）,"62　天城線, 興除線"
横田口,両備ホールディングス（株）,国道30号各線（渋川三丁目、玉野市役所、岡山南支援学校）
横田口,玉野市,シーバス
病院前,（株）井笠バスカンパニー,今井循環線
八幡灯台前,（株）井笠バスカンパニー,新倉敷〜玉島協同病院〜寄島線
住友重機械正門前,両備ホールディングス（株）,新倉敷住友重機械線、ハーバーアイランド線
高橋,下津井電鉄（株）,塩生線
槌ヶ原公園,玉野市,シーバス
今井農協前,（株）井笠バスカンパニー,今井循環線
園井住宅前,（株）井笠バスカンパニー,今井循環線
羽口,（株）井笠バスカンパニー,新倉敷〜玉島協同病院〜寄島線
槌ヶ原,両備ホールディングス（株）,国道30号各線（渋川三丁目、玉野市役所、岡山南支援学校）
槌ケ原,玉野市,シーバス
加茂宗津,玉野市,シーバス
加茂宗津,両備ホールディングス（株）,"国道30号各線（渋川三丁目、玉野市役所、岡山南支援学校）, 企業団地・秀天橋線"
羽口幼稚園前,（株）井笠バスカンパニー,新倉敷〜玉島協同病院〜寄島線
三軒屋,両備ホールディングス（株）,上山坂線
三軒屋,玉野市,シーバス
深山公園道の駅,玉野市,シーバス
深山公園入口,両備ホールディングス（株）,国道30号各線（渋川三丁目、玉野市役所、岡山南支援学校）
深山公園入口,玉野市,シーバス
外浜,（株）井笠バスカンパニー,新倉敷〜玉島協同病院〜寄島線
尾坂前,両備ホールディングス（株）,国道30号各線（渋川三丁目、玉野市役所、岡山南支援学校）
尾坂前,玉野市,シーバス
西中前,（株）井笠バスカンパニー,今井循環線
田井四丁目,両備ホールディングス（株）,国道30号各線（渋川三丁目、玉野市役所、岡山南支援学校）
田井四丁目,玉野市,シーバス
住宅上,（株）井笠バスカンパニー,今井循環線
今井農協前,（株）井笠バスカンパニー,今井循環線
田頭,（株）井笠バスカンパニー,"今井循環線, 笠岡〜矢掛線, 笠岡〜大井ハイランド〜尾坂線, 笠岡〜山王口〜井原線"
岡南病院前,両備ホールディングス（株）,国道30号各線（渋川三丁目、玉野市役所、岡山南支援学校）
岡南病院前,玉野市,シーバス
有田,（株）井笠バスカンパニー,笠岡〜福山線
新川,（株）井笠バスカンパニー,笠岡〜広東線
槌ヶ原公民館南,玉野市,シーバス
見能,両備ホールディングス（株）,上山坂線
見能,玉野市,シーバス
槌ヶ原公民館東,玉野市,シーバス
黒崎,（株）井笠バスカンパニー,新倉敷〜玉島協同病院〜寄島線
有田口,（株）井笠バスカンパニー,笠岡〜福山線
十禅寺登山口,両備ホールディングス（株）,上山坂線
十禅寺登山口,玉野市,シーバス
田井東,両備ホールディングス（株）,上山坂線
田井東,玉野市,シーバス
木華佐久耶比咩神社入口,下津井電鉄（株）,"62　天城線, 興除線"
プール前,両備ホールディングス（株）,新倉敷住友重機械線、ハーバーアイランド線
山中,（株）井笠バスカンパニー,今井循環線
田井,両備ホールディングス（株）,"上山坂線, 玉野渋川特急線, 国道30号各線（渋川三丁目、玉野市役所、岡山南支援学校）"
田井,玉野市,シーバス
金浦中入口,（株）井笠バスカンパニー,笠岡〜福山線
銀山,（株）井笠バスカンパニー,笠岡〜福山線
用吉口,両備ホールディングス（株）,"国道30号各線（渋川三丁目、玉野市役所、岡山南支援学校）, 企業団地・秀天橋線"
用吉口,玉野市,シーバス
田井駅,玉野市,シーバス
湾頭,（株）井笠バスカンパニー,笠岡〜福山線
福祉センター,玉野市,シーバス
大久保,（株）井笠バスカンパニー,"今井循環線, 笠岡〜矢掛線, 笠岡〜大井ハイランド〜尾坂線, 笠岡〜山王口〜井原線"
黒崎西,（株）井笠バスカンパニー,新倉敷〜玉島協同病院〜寄島線
吉浜,（株）井笠バスカンパニー,笠岡〜福山線
玉島下水処理場前,両備ホールディングス（株）,新倉敷住友重機械線、ハーバーアイランド線
土手,（株）井笠バスカンパニー,笠岡〜福山線
笠高入口,（株）井笠バスカンパニー,"今井循環線, 笠岡〜矢掛線, 笠岡〜大井ハイランド〜尾坂線, 笠岡〜山王口〜井原線"
清水橋,両備ホールディングス（株）,"上山坂線, 国道30号各線（渋川三丁目、玉野市役所、岡山南支援学校）"
清水橋,玉野市,シーバス
西浜,（株）井笠バスカンパニー,"笠岡〜福山線, 笠岡〜広東線"
呼松,下津井電鉄（株）,塩生線
田井三丁目,玉野市,シーバス
馬飼,（株）井笠バスカンパニー,今井循環線
児島縫製センター入口,下津井電鉄（株）,"62　天城線, 興除線"
金浦口,（株）井笠バスカンパニー,"笠岡〜福山線, 笠岡〜広東線"
新呼松,下津井電鉄（株）,55　古城池線
小原水門,（株）井笠バスカンパニー,新倉敷〜玉島協同病院〜寄島線
くじば,（株）井笠バスカンパニー,"今井循環線, 笠岡〜矢掛線, 笠岡〜大井ハイランド〜尾坂線, 笠岡〜山王口〜井原線"
玉野スマイルタウン,玉野市,シーバス
玉野スマイルタウン前,玉野市,シーバス
小南,下津井電鉄（株）,塩生線
広浜,（株）井笠バスカンパニー,今井循環線
荘内支所前,両備ホールディングス（株）,"国道30号各線（渋川三丁目、玉野市役所、岡山南支援学校）, 企業団地・秀天橋線"
荘内支所前,玉野市,シーバス
小原,（株）井笠バスカンパニー,新倉敷〜玉島協同病院〜寄島線
福原,両備ホールディングス（株）,"上山坂線, 国道30号各線（渋川三丁目、玉野市役所、岡山南支援学校）"
福原,玉野市,シーバス
茶屋住宅前,下津井電鉄（株）,"62　天城線, 興除線"
荘内小学校,玉野市,シーバス
荘内小学校［北体育館］,玉野市,シーバス
田井みなと公園,玉野市,シーバス
新水尻,下津井電鉄（株）,55　古城池線
生江浜西,（株）井笠バスカンパニー,笠岡〜城見台団地〜総合スポーツ公園〜笠岡線
生江浜,（株）井笠バスカンパニー,笠岡〜城見台団地〜総合スポーツ公園〜笠岡線
ハーバーブリッジ北,両備ホールディングス（株）,新倉敷住友重機械線、ハーバーアイランド線
大宣西,（株）井笠バスカンパニー,笠岡〜城見台団地〜総合スポーツ公園〜笠岡線
金崎,（株）井笠バスカンパニー,"笠岡〜福山線, 笠岡〜広東線, 笠岡〜城見台団地〜総合スポーツ公園〜笠岡線"
城見隧道西口,（株）井笠バスカンパニー,笠岡〜城見台団地〜総合スポーツ公園〜笠岡線
敬愛学園口,（株）井笠バスカンパニー,新倉敷〜玉島協同病院〜寄島線
水尻,下津井電鉄（株）,塩生線
新大宣,（株）井笠バスカンパニー,笠岡〜城見台団地〜総合スポーツ公園〜笠岡線
里庄駅,（有）寄島タクシー,寄島〜里庄線
明治乳業前,（株）井笠バスカンパニー,今井循環線
天理教前,（株）井笠バスカンパニー,笠岡〜城見台団地〜総合スポーツ公園〜笠岡線
笠岡市役所前,（株）井笠バスカンパニー,"今井循環線, 笠岡〜矢掛線, 笠岡〜大井ハイランド〜尾坂線, 笠岡〜山王口〜井原線"
吉野町,両備ホールディングス（株）,"上山坂線, 国道30号各線（渋川三丁目、玉野市役所、岡山南支援学校）"
吉野町,玉野市,シーバス
茶屋,下津井電鉄（株）,"62　天城線, 興除線"
東沙美,（株）井笠バスカンパニー,新倉敷〜玉島協同病院〜寄島線
笠岡市民病院前,（株）井笠バスカンパニー,"笠岡〜矢掛線, 笠岡〜山王口〜井原線, 笠岡〜福山線, 笠岡〜広東線, 笠岡〜城見台団地〜総合スポーツ公園〜笠岡線"
荘内南,両備ホールディングス（株）,"国道30号各線（渋川三丁目、玉野市役所、岡山南支援学校）, 企業団地・秀天橋線"
荘内南,玉野市,シーバス
妙乗寺前,（株）井笠バスカンパニー,美の浜線
沙美野路,（株）井笠バスカンパニー,新倉敷〜玉島協同病院〜寄島線
西の浜,（株）井笠バスカンパニー,"今井循環線, 笠岡〜竹田〜乗時線, 笠岡〜市民会館〜外浦〜寺間〜笠岡線"
今井入口,（株）井笠バスカンパニー,今井循環線
笠岡駅前,（株）井笠バスカンパニー,"今井循環線, 笠岡〜矢掛線, 笠岡〜大井ハイランド〜尾坂線, 笠岡〜山王口〜井原線, 笠岡〜福山線, 笠岡〜広東線, 笠岡〜城見台団地〜総合スポーツ公園〜笠岡線, 笠岡〜竹田〜乗時線, 笠岡〜市民会館〜外浦〜寺間〜笠岡線, 美の浜線"
里庄住宅前,（有）寄島タクシー,寄島〜里庄線
広潟,両備ホールディングス（株）,"上山坂線, 国道30号各線（渋川三丁目、玉野市役所、岡山南支援学校）"
広潟,玉野市,シーバス
笠岡総合スポーツ公園前,（株）井笠バスカンパニー,笠岡〜城見台団地〜総合スポーツ公園〜笠岡線
笠岡港,（株）井笠バスカンパニー,"今井循環線, 笠岡〜竹田〜乗時線, 笠岡〜市民会館〜外浦〜寺間〜笠岡線"
城見,（株）井笠バスカンパニー,笠岡〜城見台団地〜総合スポーツ公園〜笠岡線
沙美中,（株）井笠バスカンパニー,新倉敷〜玉島協同病院〜寄島線
沙美,（株）井笠バスカンパニー,新倉敷〜玉島協同病院〜寄島線
沙美白浜,（株）井笠バスカンパニー,新倉敷〜玉島協同病院〜寄島線
西六,（有）寄島タクシー,寄島〜里庄線
干瓜,（有）寄島タクシー,寄島〜里庄線
一丁目,（株）井笠バスカンパニー,今井循環線
暮石北,両備ホールディングス（株）,"国道30号各線（渋川三丁目、玉野市役所、岡山南支援学校）, 企業団地・秀天橋線"
暮石北,玉野市,シーバス
市立短大・翔南高校入口,下津井電鉄（株）,"62　天城線, 興除線"
池の平,（有）寄島タクシー,寄島〜里庄線
ハローワーク北,両備ホールディングス（株）,"上山坂線, 国道30号各線（渋川三丁目、玉野市役所、岡山南支援学校）"
ハローワーク北,玉野市,シーバス
集会所前,（株）井笠バスカンパニー,笠岡〜城見台団地〜総合スポーツ公園〜笠岡線
ハーバーアイランド（ナカシマプロペラ前）,両備ホールディングス（株）,新倉敷住友重機械線、ハーバーアイランド線
城見台団地入口,（株）井笠バスカンパニー,笠岡〜城見台団地〜総合スポーツ公園〜笠岡線
金山口,（有）寄島タクシー,寄島〜里庄線
富岡保育園前,（株）井笠バスカンパニー,今井循環線
滑口,下津井電鉄（株）,興除線
伏越,（株）井笠バスカンパニー,"今井循環線, 笠岡〜竹田〜乗時線, 笠岡〜市民会館〜外浦〜寺間〜笠岡線"
旧道富岡,（株）井笠バスカンパニー,今井循環線
暮石,両備ホールディングス（株）,"国道30号各線（渋川三丁目、玉野市役所、岡山南支援学校）, 企業団地・秀天橋線"
暮石,玉野市,シーバス
JA営農センター前,（株）井笠バスカンパニー,笠岡〜城見台団地〜総合スポーツ公園〜笠岡線
日赤玉野分院,玉野市,シーバス
七号地公園前,（株）井笠バスカンパニー,笠岡〜城見台団地〜総合スポーツ公園〜笠岡線
大磯,（株）井笠バスカンパニー,今井循環線
市立短大・翔南高校前,下津井電鉄（株）,興除線
三番町,（株）井笠バスカンパニー,今井循環線
桝池,（有）寄島タクシー,寄島〜里庄線
笠岡税務署前,（株）井笠バスカンパニー,美の浜線
宇野津,下津井電鉄（株）,"塩生線, 55　古城池線"
富岡,（株）井笠バスカンパニー,今井循環線
笠岡郵便局前,（株）井笠バスカンパニー,"笠岡〜竹田〜乗時線, 笠岡〜市民会館〜外浦〜寺間〜笠岡線"
玉野総合医療専門学校,玉野市,シーバス
玉野営業所前,玉野市,シーバス
玉野営業所前,両備ホールディングス（株）,"上山坂線, 玉野渋川特急線, 国道30号各線（渋川三丁目、玉野市役所、岡山南支援学校）, 新道渋川・王子ヶ岳線、藤井海岸渋川線"
玉野営業所,玉野市,シーバス
長尾馬継,両備ホールディングス（株）,"国道30号各線（渋川三丁目、玉野市役所、岡山南支援学校）, 企業団地・秀天橋線"
長尾馬継,玉野市,シーバス
上久保,下津井電鉄（株）,興除線
不動寺前,（株）井笠バスカンパニー,新倉敷〜玉島協同病院〜寄島線
笠岡消防署前,（株）井笠バスカンパニー,美の浜線
城見台団地,（株）井笠バスカンパニー,笠岡〜城見台団地〜総合スポーツ公園〜笠岡線
帆干谷,下津井電鉄（株）,62　天城線
青木,（株）井笠バスカンパニー,笠岡〜城見台団地〜総合スポーツ公園〜笠岡線
南浦,（株）井笠バスカンパニー,新倉敷〜玉島協同病院〜寄島線
県井笠支局前,（株）井笠バスカンパニー,"笠岡〜竹田〜乗時線, 笠岡〜市民会館〜外浦〜寺間〜笠岡線"
新川,（有）寄島タクシー,寄島〜里庄線
市民会館・竹喬美術館前,（株）井笠バスカンパニー,"笠岡〜竹田〜乗時線, 笠岡〜市民会館〜外浦〜寺間〜笠岡線, 美の浜線"
ハーバーアイランド3工区,両備ホールディングス（株）,新倉敷住友重機械線、ハーバーアイランド線
東南浦,（株）井笠バスカンパニー,新倉敷〜玉島協同病院〜寄島線
笠岡運動公園前,（株）井笠バスカンパニー,美の浜線
総合卸売市場前,（株）井笠バスカンパニー,美の浜線
体育センター前,（株）井笠バスカンパニー,"笠岡〜竹田〜乗時線, 笠岡〜市民会館〜外浦〜寺間〜笠岡線"
樋守,（株）井笠バスカンパニー,"笠岡〜竹田〜乗時線, 笠岡〜市民会館〜外浦〜寺間〜笠岡線"
中央小学校前,（株）井笠バスカンパニー,"笠岡〜竹田〜乗時線, 笠岡〜市民会館〜外浦〜寺間〜笠岡線"
岩谷,（株）井笠バスカンパニー,新倉敷〜玉島協同病院〜寄島線
北長尾,両備ホールディングス（株）,"国道30号各線（渋川三丁目、玉野市役所、岡山南支援学校）, 企業団地・秀天橋線"
北長尾,玉野市,シーバス
東安倉大谷,（株）井笠バスカンパニー,新倉敷〜玉島協同病院〜寄島線
久保,下津井電鉄（株）,興除線
水と緑のふれあい広場前,（株）井笠バスカンパニー,笠岡〜城見台団地〜総合スポーツ公園〜笠岡線
築港銀座,両備ホールディングス（株）,"上山坂線, 玉野渋川特急線, 国道30号各線（渋川三丁目、玉野市役所、岡山南支援学校）, 新道渋川・王子ヶ岳線、藤井海岸渋川線"
築港銀座,玉野市,シーバス
東中前,（株）井笠バスカンパニー,"笠岡〜竹田〜乗時線, 笠岡〜市民会館〜外浦〜寺間〜笠岡線"
宇野駅前,下津井電鉄（株）,87　王子ヶ岳宇野線
宇野駅前,玉野市,シーバス
宇野駅,両備ホールディングス（株）,"上山坂線, 玉野渋川特急線, 国道30号各線（渋川三丁目、玉野市役所、岡山南支援学校）, 新道渋川・王子ヶ岳線、藤井海岸渋川線, 企業団地・秀天橋線"
宇野駅,玉野市,シーバス
宇野港（直島）,両備ホールディングス（株）,玉野渋川特急線
旭橋通り,両備ホールディングス（株）,"上山坂線, 国道30号各線（渋川三丁目、玉野市役所、岡山南支援学校）, 新道渋川・王子ヶ岳線、藤井海岸渋川線, 企業団地・秀天橋線"
旭橋通り,下津井電鉄（株）,87　王子ヶ岳宇野線
旭橋通り,玉野市,シーバス
旭橋通り［玉野中央病院前］,玉野市,シーバス
玉野市役所入口,両備ホールディングス（株）,"国道30号各線（渋川三丁目、玉野市役所、岡山南支援学校）, 新道渋川・王子ヶ岳線、藤井海岸渋川線"
玉野市役所入口,下津井電鉄（株）,87　王子ヶ岳宇野線
玉野市役所入口,玉野市,シーバス
ニシナ栁田店前,下津井電鉄（株）,62　天城線
東安倉,（株）井笠バスカンパニー,新倉敷〜玉島協同病院〜寄島線
東安倉,（有）寄島タクシー,寄島〜里庄線
福井山前,（有）寄島タクシー,寄島〜里庄線
天王,下津井電鉄（株）,F1　児島循環線
玉野市役所前,両備ホールディングス（株）,"上山坂線, 玉野渋川特急線, 国道30号各線（渋川三丁目、玉野市役所、岡山南支援学校）, 新道渋川・王子ヶ岳線、藤井海岸渋川線, 企業団地・秀天橋線"
玉野市役所前,玉野市,シーバス
茂平,（株）井笠バスカンパニー,笠岡〜城見台団地〜総合スポーツ公園〜笠岡線
長尾,両備ホールディングス（株）,"国道30号各線（渋川三丁目、玉野市役所、岡山南支援学校）, 企業団地・秀天橋線"
長尾,玉野市,シーバス
玉野市民病院,玉野市,シーバス
玉野市民病院入口,両備ホールディングス（株）,"上山坂線, 国道30号各線（渋川三丁目、玉野市役所、岡山南支援学校）, 新道渋川・王子ヶ岳線、藤井海岸渋川線, 企業団地・秀天橋線"
玉野市民病院入口,下津井電鉄（株）,87　王子ヶ岳宇野線
玉野市民病院前,玉野市,シーバス
小黒崎,（株）井笠バスカンパニー,笠岡〜竹田〜乗時線
宇頭間,下津井電鉄（株）,"塩生線, 55　古城池線"
新児島団地入口,下津井電鉄（株）,62　天城線
玉野市民病院入口［新道］,玉野市,シーバス
玉野市民病院入口［旧道］,玉野市,シーバス
笠岡市営球場前,（株）井笠バスカンパニー,美の浜線
中安倉,（株）井笠バスカンパニー,新倉敷〜玉島協同病院〜寄島線
中安倉,（有）寄島タクシー,寄島〜里庄線
合同庁舎前,玉野市,シーバス
孫治端,（株）井笠バスカンパニー,笠岡〜市民会館〜外浦〜寺間〜笠岡線
JR上之町駅前,下津井電鉄（株）,興除線
JR上の町駅,下津井電鉄（株）,F1　児島循環線
美の浜北,（株）井笠バスカンパニー,美の浜線
宇野一丁目,玉野市,シーバス
公会堂前,（株）井笠バスカンパニー,新倉敷〜玉島協同病院〜寄島線
公会堂前,（有）寄島タクシー,寄島〜里庄線
石井町,玉野市,シーバス
石井町,両備ホールディングス（株）,企業団地・秀天橋線
天馬町,両備ホールディングス（株）,"国道30号各線（渋川三丁目、玉野市役所、岡山南支援学校）, 新道渋川・王子ヶ岳線、藤井海岸渋川線"
天馬町,下津井電鉄（株）,87　王子ヶ岳宇野線
天馬町,玉野市,シーバス
茂平橋,（株）井笠バスカンパニー,笠岡〜城見台団地〜総合スポーツ公園〜笠岡線
西安倉,（株）井笠バスカンパニー,新倉敷〜玉島協同病院〜寄島線
西安倉,（有）寄島タクシー,寄島〜里庄線
田嶋内科前,下津井電鉄（株）,62　天城線
美の浜バスターミナル,（株）井笠バスカンパニー,美の浜線
西の頭,下津井電鉄（株）,F1　児島循環線
工業高校前,（株）井笠バスカンパニー,笠岡〜市民会館〜外浦〜寺間〜笠岡線
金浜,下津井電鉄（株）,"塩生線, 55　古城池線"
長留,両備ホールディングス（株）,"国道30号各線（渋川三丁目、玉野市役所、岡山南支援学校）, 企業団地・秀天橋線"
長留,玉野市,シーバス
わたなべ生鮮館上の町店前,下津井電鉄（株）,F1　児島循環線
中山トンネル,両備ホールディングス（株）,"新道渋川・王子ヶ岳線、藤井海岸渋川線, 企業団地・秀天橋線"
中山トンネル,玉野市,シーバス
宇野三丁目,玉野市,シーバス
宇野三丁目,両備ホールディングス（株）,企業団地・秀天橋線
すこやかセンター,玉野市,シーバス
安田口,下津井電鉄（株）,興除線
宮通り,（有）寄島タクシー,寄島〜里庄線
国頭,（有）寄島タクシー,寄島〜里庄線
中山団地西,下津井電鉄（株）,F1　児島循環線
名切口,（株）井笠バスカンパニー,笠岡〜竹田〜乗時線
奥玉,両備ホールディングス（株）,"国道30号各線（渋川三丁目、玉野市役所、岡山南支援学校）, 企業団地・秀天橋線"
奥玉,玉野市,シーバス
レイク玉原団地いこい荘前,両備ホールディングス（株）,"国道30号各線（渋川三丁目、玉野市役所、岡山南支援学校）, 企業団地・秀天橋線"
レイク玉原団地いこい荘前,玉野市,シーバス
茂平東,（株）井笠バスカンパニー,笠岡〜城見台団地〜総合スポーツ公園〜笠岡線
安田,下津井電鉄（株）,F1　児島循環線
藤崎町,両備ホールディングス（株）,"国道30号各線（渋川三丁目、玉野市役所、岡山南支援学校）, 企業団地・秀天橋線"
藤崎町,玉野市,シーバス
商工高校前,両備ホールディングス（株）,"国道30号各線（渋川三丁目、玉野市役所、岡山南支援学校）, 新道渋川・王子ヶ岳線、藤井海岸渋川線, 企業団地・秀天橋線"
商工高校前,下津井電鉄（株）,87　王子ヶ岳宇野線
商工高校前,玉野市,シーバス
玉原ニュータウン,両備ホールディングス（株）,"国道30号各線（渋川三丁目、玉野市役所、岡山南支援学校）, 企業団地・秀天橋線"
玉原ニュータウン,玉野市,シーバス
国頭,（株）井笠バスカンパニー,新倉敷〜玉島協同病院〜寄島線
ガーデンタウン,下津井電鉄（株）,F1　児島循環線
笠岡温泉前,（株）井笠バスカンパニー,笠岡〜竹田〜乗時線
玉原,両備ホールディングス（株）,"国道30号各線（渋川三丁目、玉野市役所、岡山南支援学校）, 企業団地・秀天橋線"
玉原,玉野市,シーバス
中山団地,下津井電鉄（株）,F1　児島循環線
藤井,玉野市,シーバス
グリーンハイツ,下津井電鉄（株）,F1　児島循環線
天王谷川公園,玉野市,シーバス
天王谷川公園,両備ホールディングス（株）,企業団地・秀天橋線
辻,下津井電鉄（株）,F1　児島循環線
玉小学校前,両備ホールディングス（株）,"国道30号各線（渋川三丁目、玉野市役所、岡山南支援学校）, 企業団地・秀天橋線"
玉小学校前,玉野市,シーバス
C地区旭化成前,下津井電鉄（株）,"塩生線, 55　古城池線"
山際,下津井電鉄（株）,F1　児島循環線
野関,両備ホールディングス（株）,企業団地・秀天橋線
野関,玉野市,シーバス
中山公園口,下津井電鉄（株）,F1　児島循環線
内田口,下津井電鉄（株）,興除線
玉六丁目,両備ホールディングス（株）,"国道30号各線（渋川三丁目、玉野市役所、岡山南支援学校）, 新道渋川・王子ヶ岳線、藤井海岸渋川線, 企業団地・秀天橋線"
玉六丁目,下津井電鉄（株）,87　王子ヶ岳宇野線
玉六丁目,玉野市,シーバス
唐井,（株）井笠バスカンパニー,笠岡〜竹田〜乗時線
大島小学校前,（株）井笠バスカンパニー,笠岡〜竹田〜乗時線
川手,（株）井笠バスカンパニー,笠岡〜竹田〜乗時線
藤曲り,（株）井笠バスカンパニー,笠岡〜竹田〜乗時線
玉野浄化センター前,両備ホールディングス（株）,"新道渋川・王子ヶ岳線、藤井海岸渋川線, 企業団地・秀天橋線"
玉野浄化センター前,玉野市,シーバス
早崎,（有）寄島タクシー,寄島〜里庄線
道通下,（株）井笠バスカンパニー,笠岡〜市民会館〜外浦〜寺間〜笠岡線
玉比咩神社前,両備ホールディングス（株）,"国道30号各線（渋川三丁目、玉野市役所、岡山南支援学校）, 新道渋川・王子ヶ岳線、藤井海岸渋川線, 企業団地・秀天橋線"
玉比咩神社前,玉野市,シーバス
玉比め神社前,玉野市,シーバス
寄島総合支所前,（株）井笠バスカンパニー,新倉敷〜玉島協同病院〜寄島線
寄島総合支所前,（有）寄島タクシー,寄島〜里庄線
企業団地北,玉野市,シーバス
企業団地北,両備ホールディングス（株）,企業団地・秀天橋線
竹田,（株）井笠バスカンパニー,笠岡〜竹田〜乗時線
宇野四丁目,玉野市,シーバス
小西,下津井電鉄（株）,F1　児島循環線
玉比咩神社前,下津井電鉄（株）,87　王子ヶ岳宇野線
玉二丁目,玉野市,シーバス
小川七丁目,下津井電鉄（株）,"62　天城線, F1　児島循環線"
第二野関,両備ホールディングス（株）,企業団地・秀天橋線
第二野関,玉野市,シーバス
琴浦西小学校前,下津井電鉄（株）,興除線
玉野レクレセンター,両備ホールディングス（株）,"新道渋川・王子ヶ岳線、藤井海岸渋川線, 企業団地・秀天橋線"
玉野レクレセンター,玉野市,シーバス
企業団地中,玉野市,シーバス
企業団地中,両備ホールディングス（株）,企業団地・秀天橋線
ニシナフードバスケット前,下津井電鉄（株）,F1　児島循環線
児島学生服資料館前,下津井電鉄（株）,J1　ジーンズバス
塩生浜,下津井電鉄（株）,"塩生線, 55　古城池線"
土生,（株）井笠バスカンパニー,笠岡〜竹田〜乗時線
玉橋,両備ホールディングス（株）,"玉野渋川特急線, 国道30号各線（渋川三丁目、玉野市役所、岡山南支援学校）, 新道渋川・王子ヶ岳線、藤井海岸渋川線, 企業団地・秀天橋線"
玉野三井病院,玉野市,シーバス
玉橋,玉野市,シーバス
カブトガニ博物館,（株）井笠バスカンパニー,"笠岡〜市民会館〜外浦〜寺間〜笠岡線, 美の浜線"
琴浦西小学校,下津井電鉄（株）,"F1　児島循環線, J1　ジーンズバス"
井戸,下津井電鉄（株）,"62　天城線, F1　児島循環線"
大池,両備ホールディングス（株）,企業団地・秀天橋線
大池,玉野市,シーバス
十字,（株）井笠バスカンパニー,笠岡〜竹田〜乗時線
岡熊,下津井電鉄（株）,興除線
玉四丁目,下津井電鉄（株）,87　王子ヶ岳宇野線
玉四丁目,両備ホールディングス（株）,"国道30号各線（渋川三丁目、玉野市役所、岡山南支援学校）, 新道渋川・王子ヶ岳線、藤井海岸渋川線, 企業団地・秀天橋線"
玉四丁目,玉野市,シーバス
片島口,（株）井笠バスカンパニー,笠岡〜市民会館〜外浦〜寺間〜笠岡線
乗時,（株）井笠バスカンパニー,笠岡〜竹田〜乗時線
王慈園前,下津井電鉄（株）,"F1　児島循環線, J1　ジーンズバス"
塩生,下津井電鉄（株）,塩生線
西明石,下津井電鉄（株）,"87　王子ヶ岳宇野線, 王子ヶ岳線"
琴浦高等支援学校前,下津井電鉄（株）,"87　王子ヶ岳宇野線, 王子ヶ岳線"
企業団地南,玉野市,シーバス
企業団地南,両備ホールディングス（株）,企業団地・秀天橋線
下之町鴻八幡宮前,下津井電鉄（株）,"興除線, J1　ジーンズバス"
明石,下津井電鉄（株）,"87　王子ヶ岳宇野線, 王子ヶ岳線"
堀江,下津井電鉄（株）,"87　王子ヶ岳宇野線, 王子ヶ岳線"
JeansMuseumEntrence,下津井電鉄（株）,"F1　児島循環線, J1　ジーンズバス"
高島口,下津井電鉄（株）,55　古城池線
給食センター,両備ホールディングス（株）,企業団地・秀天橋線
給食センター,玉野市,シーバス
三井E＆S玉正門前,両備ホールディングス（株）,"玉野渋川特急線, 国道30号各線（渋川三丁目、玉野市役所、岡山南支援学校）, 新道渋川・王子ヶ岳線、藤井海岸渋川線"
三井E＆S玉正門前,下津井電鉄（株）,87　王子ヶ岳宇野線
田の口岡,下津井電鉄（株）,"87　王子ヶ岳宇野線, 王子ヶ岳線"
塩生中央口,下津井電鉄（株）,塩生線
倉敷鷲羽高校入口,下津井電鉄（株）,"62　天城線, F1　児島循環線"
下之町,下津井電鉄（株）,"87　王子ヶ岳宇野線, 王子ヶ岳線"
沖熊橋,下津井電鉄（株）,"F1　児島循環線, J1　ジーンズバス"
由加登山口,下津井電鉄（株）,"87　王子ヶ岳宇野線, 王子ヶ岳線"
中村口,（株）井笠バスカンパニー,笠岡〜市民会館〜外浦〜寺間〜笠岡線
常盤橋,下津井電鉄（株）,"87　王子ヶ岳宇野線, 王子ヶ岳線"
下之町南,下津井電鉄（株）,"興除線, J1　ジーンズバス"
やまな内科整形外科前,下津井電鉄（株）,F1　児島循環線
総合運動公園,玉野市,シーバス
和田七丁目東,玉野市,シーバス
日限入口,（株）井笠バスカンパニー,笠岡〜市民会館〜外浦〜寺間〜笠岡線
三井玉原前,両備ホールディングス（株）,新道渋川・王子ヶ岳線、藤井海岸渋川線
小田象製粉前（瀬戸埠頭入口）,下津井電鉄（株）,55　古城池線
小田象製粉入口（本荘いこいの家前）,下津井電鉄（株）,塩生線
中村,（株）井笠バスカンパニー,笠岡〜市民会館〜外浦〜寺間〜笠岡線
道の駅笠岡ベイファーム,（株）井笠バスカンパニー,美の浜線
神島荘前,（株）井笠バスカンパニー,笠岡〜市民会館〜外浦〜寺間〜笠岡線
新常盤橋,下津井電鉄（株）,"興除線, J1　ジーンズバス"
野﨑家旧宅前,下津井電鉄（株）,J1　ジーンズバス
和井田,下津井電鉄（株）,"87　王子ヶ岳宇野線, 王子ヶ岳線, J1　ジーンズバス"
新常盤橋西,下津井電鉄（株）,"興除線, F1　児島循環線"
日の田正門・三井E＆Sマシナリー前,両備ホールディングス（株）,"玉野渋川特急線, 国道30号各線（渋川三丁目、玉野市役所、岡山南支援学校）, 新道渋川・王子ヶ岳線、藤井海岸渋川線"
日の田正門・三井E＆Sマシナリー前,下津井電鉄（株）,87　王子ヶ岳宇野線
田の口浜,下津井電鉄（株）,"87　王子ヶ岳宇野線, 王子ヶ岳線"
清輝寮前,両備ホールディングス（株）,"新道渋川・王子ヶ岳線、藤井海岸渋川線, 企業団地・秀天橋線"
汁方,（株）井笠バスカンパニー,笠岡〜市民会館〜外浦〜寺間〜笠岡線
おもちゃ王国,両備ホールディングス（株）,玉野渋川特急線
天神団地前,（株）井笠バスカンパニー,笠岡〜市民会館〜外浦〜寺間〜笠岡線
和田一丁目,両備ホールディングス（株）,"国道30号各線（渋川三丁目、玉野市役所、岡山南支援学校）, 新道渋川・王子ヶ岳線、藤井海岸渋川線"
和田一丁目,下津井電鉄（株）,87　王子ヶ岳宇野線
中学校前,両備ホールディングス（株）,"新道渋川・王子ヶ岳線、藤井海岸渋川線, 企業団地・秀天橋線"
和田七丁目西,玉野市,シーバス
島の天神,（株）井笠バスカンパニー,笠岡〜市民会館〜外浦〜寺間〜笠岡線
田の口五丁目,下津井電鉄（株）,"87　王子ヶ岳宇野線, 王子ヶ岳線"
和田橋,両備ホールディングス（株）,新道渋川・王子ヶ岳線、藤井海岸渋川線
和田橋,玉野市,シーバス
児島武道館前,下津井電鉄（株）,"87　王子ヶ岳宇野線, 王子ヶ岳線, J1　ジーンズバス"
藤原組前（大正橋）,下津井電鉄（株）,"87　王子ヶ岳宇野線, 62　天城線, 王子ヶ岳線, 興除線, F1　児島循環線, J1　ジーンズバス"
和井田南,下津井電鉄（株）,"興除線, F1　児島循環線, J1　ジーンズバス"
萱刈,下津井電鉄（株）,"87　王子ヶ岳宇野線, 王子ヶ岳線, J1　ジーンズバス"
唐琴の浦,下津井電鉄（株）,"87　王子ヶ岳宇野線, 王子ヶ岳線"
唐琴警鐘台,下津井電鉄（株）,"87　王子ヶ岳宇野線, 王子ヶ岳線"
大谷口,下津井電鉄（株）,"87　王子ヶ岳宇野線, 王子ヶ岳線, J1　ジーンズバス"
唐琴町,下津井電鉄（株）,"87　王子ヶ岳宇野線, 王子ヶ岳線"
和田社宅前,両備ホールディングス（株）,"玉野渋川特急線, 国道30号各線（渋川三丁目、玉野市役所、岡山南支援学校）, 新道渋川・王子ヶ岳線、藤井海岸渋川線"
和田社宅前,下津井電鉄（株）,87　王子ヶ岳宇野線
児島消防署前,下津井電鉄（株）,S1　下津井循環線
和田社宅前,玉野市,シーバス
萱刈南,下津井電鉄（株）,"興除線, F1　児島循環線, J1　ジーンズバス"
児島支所入口,下津井電鉄（株）,S1　下津井循環線
東唐琴,下津井電鉄（株）,"87　王子ヶ岳宇野線, 王子ヶ岳線"
福浦,（株）井笠バスカンパニー,笠岡〜市民会館〜外浦〜寺間〜笠岡線
昭和橋,下津井電鉄（株）,"興除線, F1　児島循環線"
倉敷市立市民病院,下津井電鉄（株）,"王子ヶ岳線, F1　児島循環線, S1　下津井循環線"
琴浦園口,下津井電鉄（株）,"87　王子ヶ岳宇野線, 王子ヶ岳線"
児島支所前,下津井電鉄（株）,"興除線, F1　児島循環線, S1　下津井循環線, J1　ジーンズバス"
児島市民交流センター南,下津井電鉄（株）,"F1　児島循環線, S1　下津井循環線"
児島市民交流センター前,下津井電鉄（株）,"87　王子ヶ岳宇野線, 62　天城線, 王子ヶ岳線, 興除線, 塩生線, 55　古城池線, F1　児島循環線, S1　下津井循環線, J1　ジーンズバス"
児島中央病院入口,下津井電鉄（株）,"興除線, F1　児島循環線, S1　下津井循環線, J1　ジーンズバス"
和田三丁目,両備ホールディングス（株）,"国道30号各線（渋川三丁目、玉野市役所、岡山南支援学校）, 新道渋川・王子ヶ岳線、藤井海岸渋川線"
和田三丁目,下津井電鉄（株）,87　王子ヶ岳宇野線
十九番札所前,下津井電鉄（株）,"87　王子ヶ岳宇野線, 王子ヶ岳線"
味野医院前,琴参バス（株）,瀬戸大橋線
味野医院前,下津井電鉄（株）,F1　児島循環線
天満屋ハピータウン前,琴参バス（株）,瀬戸大橋線
天満屋ハピータウン前,下津井電鉄（株）,"87　王子ヶ岳宇野線, 62　天城線, 王子ヶ岳線, 興除線, 塩生線, 55　古城池線, S1　下津井循環線, J1　ジーンズバス"
味野元町,下津井電鉄（株）,"塩生線, 55　古城池線, S1　下津井循環線"
池ノ内児童遊園地,玉野市,シーバス
高,（株）井笠バスカンパニー,笠岡〜市民会館〜外浦〜寺間〜笠岡線
味野中学校前,琴参バス（株）,瀬戸大橋線
味野中学校前,下津井電鉄（株）,F1　児島循環線
JR児島駅南,下津井電鉄（株）,S1　下津井循環線
古江,（株）井笠バスカンパニー,笠岡〜市民会館〜外浦〜寺間〜笠岡線
通生辻浜,下津井電鉄（株）,"塩生線, 55　古城池線"
JR児島駅,琴参バス（株）,瀬戸大橋線
JR児島駅,下津井電鉄（株）,"87　王子ヶ岳宇野線, 62　天城線, 王子ヶ岳線, 興除線, 塩生線, 55　古城池線, F1　児島循環線, S1　下津井循環線, J1　ジーンズバス"
親和工産前（通生港口）,下津井電鉄（株）,"塩生線, 55　古城池線"
児島警察署前,下津井電鉄（株）,F1　児島循環線
赤崎,下津井電鉄（株）,"塩生線, 55　古城池線, S1　下津井循環線"
寺間排水機場前,（株）井笠バスカンパニー,笠岡〜市民会館〜外浦〜寺間〜笠岡線
羽根崎町,下津井電鉄（株）,87　王子ヶ岳宇野線
御崎,玉野市,シーバス
羽根崎町,両備ホールディングス（株）,"国道30号各線（渋川三丁目、玉野市役所、岡山南支援学校）, 新道渋川・王子ヶ岳線、藤井海岸渋川線"
大池,下津井電鉄（株）,"塩生線, 55　古城池線"
王子ヶ岳登山口,下津井電鉄（株）,"87　王子ヶ岳宇野線, 王子ヶ岳線"
王子ヶ岳登山口,両備ホールディングス（株）,新道渋川・王子ヶ岳線、藤井海岸渋川線
マルナカ児島店前,琴参バス（株）,瀬戸大橋線
松池入口,下津井電鉄（株）,"塩生線, 55　古城池線"
寺間,（株）井笠バスカンパニー,笠岡〜市民会館〜外浦〜寺間〜笠岡線
三井生協日比店,玉野市,シーバス
深井入口,玉野市,シーバス
水落,（株）井笠バスカンパニー,笠岡〜市民会館〜外浦〜寺間〜笠岡線
日比市民センター前,両備ホールディングス（株）,"国道30号各線（渋川三丁目、玉野市役所、岡山南支援学校）, 新道渋川・王子ヶ岳線、藤井海岸渋川線"
日比市民センター前,玉野市,シーバス
日比,両備ホールディングス（株）,"玉野渋川特急線, 国道30号各線（渋川三丁目、玉野市役所、岡山南支援学校）, 新道渋川・王子ヶ岳線、藤井海岸渋川線"
日比,下津井電鉄（株）,87　王子ヶ岳宇野線
梅木橋,両備ホールディングス（株）,"国道30号各線（渋川三丁目、玉野市役所、岡山南支援学校）, 新道渋川・王子ヶ岳線、藤井海岸渋川線"
梅木橋,下津井電鉄（株）,87　王子ヶ岳宇野線
日比精煉西門前,下津井電鉄（株）,87　王子ヶ岳宇野線
赤崎入口,下津井電鉄（株）,"塩生線, 55　古城池線, S1　下津井循環線"
渋川三丁目,両備ホールディングス（株）,"国道30号各線（渋川三丁目、玉野市役所、岡山南支援学校）, 新道渋川・王子ヶ岳線、藤井海岸渋川線"
渋川三丁目,下津井電鉄（株）,87　王子ヶ岳宇野線
渋川一丁目,両備ホールディングス（株）,"国道30号各線（渋川三丁目、玉野市役所、岡山南支援学校）, 新道渋川・王子ヶ岳線、藤井海岸渋川線"
渋川一丁目,下津井電鉄（株）,87　王子ヶ岳宇野線
ホールサムインせとうち,両備ホールディングス（株）,新道渋川・王子ヶ岳線、藤井海岸渋川線
ホールサムインせとうち,下津井電鉄（株）,87　王子ヶ岳宇野線
日比三丁目,玉野市,シーバス
日比製煉西門前,両備ホールディングス（株）,"国道30号各線（渋川三丁目、玉野市役所、岡山南支援学校）, 新道渋川・王子ヶ岳線、藤井海岸渋川線"
見崎口,（株）井笠バスカンパニー,笠岡〜市民会館〜外浦〜寺間〜笠岡線
渋川,両備ホールディングス（株）,"国道30号各線（渋川三丁目、玉野市役所、岡山南支援学校）, 新道渋川・王子ヶ岳線、藤井海岸渋川線"
渋川,下津井電鉄（株）,87　王子ヶ岳宇野線
阿津一丁目,下津井電鉄（株）,S1　下津井循環線
赤崎小学校前,下津井電鉄（株）,"塩生線, 55　古城池線"
渋川・マリンホテル,両備ホールディングス（株）,玉野渋川特急線
日比精煉所前,下津井電鉄（株）,87　王子ヶ岳宇野線
日比製煉所前,両備ホールディングス（株）,"国道30号各線（渋川三丁目、玉野市役所、岡山南支援学校）, 新道渋川・王子ヶ岳線、藤井海岸渋川線"
向日比,玉野市,シーバス
見崎東,（株）井笠バスカンパニー,笠岡〜市民会館〜外浦〜寺間〜笠岡線
菰池一丁目,下津井電鉄（株）,"塩生線, 55　古城池線"
扇の嵶入口,琴参バス（株）,瀬戸大橋線
扇の嵶入口,下津井電鉄（株）,S1　下津井循環線
見崎,（株）井笠バスカンパニー,笠岡〜市民会館〜外浦〜寺間〜笠岡線
御手洗池,（株）井笠バスカンパニー,笠岡〜市民会館〜外浦〜寺間〜笠岡線
神島変電所前,（株）井笠バスカンパニー,笠岡〜市民会館〜外浦〜寺間〜笠岡線
コウノシマ化成前,（株）井笠バスカンパニー,笠岡〜市民会館〜外浦〜寺間〜笠岡線
児島IC,琴参バス（株）,瀬戸大橋線
鶴林寺,（株）井笠バスカンパニー,笠岡〜市民会館〜外浦〜寺間〜笠岡線
神島外浦,（株）井笠バスカンパニー,笠岡〜市民会館〜外浦〜寺間〜笠岡線
倉敷シティ病前,下津井電鉄（株）,S1　下津井循環線
児島ボートレース場正門前,下津井電鉄（株）,S1　下津井循環線
外浦支所前,（株）井笠バスカンパニー,笠岡〜市民会館〜外浦〜寺間〜笠岡線
正砂,（株）井笠バスカンパニー,笠岡〜市民会館〜外浦〜寺間〜笠岡線
三百山入口,下津井電鉄（株）,S1　下津井循環線
児島ボートレース場第二入場門前,下津井電鉄（株）,S1　下津井循環線
鷲羽ハイランドボウル前,下津井電鉄（株）,S1　下津井循環線
鷲羽山ハイランド遊園地前,下津井電鉄（株）,S1　下津井循環線
WASHUBLUERESORT風籠前,下津井電鉄（株）,S1　下津井循環線
琴海,下津井電鉄（株）,S1　下津井循環線
下津井三丁目,下津井電鉄（株）,S1　下津井循環線
大畠,下津井電鉄（株）,S1　下津井循環線
鷲羽山北,琴参バス（株）,瀬戸大橋線
大畠漁港前,下津井電鉄（株）,S1　下津井循環線
下津井二丁目,下津井電鉄（株）,S1　下津井循環線
下津井港前,下津井電鉄（株）,S1　下津井循環線
大畠南,下津井電鉄（株）,S1　下津井循環線
下津井公民館前,下津井電鉄（株）,S1　下津井循環線
下津井城跡入口,下津井電鉄（株）,S1　下津井循環線
吹上港前,下津井電鉄（株）,S1　下津井循環線
むかし下津井回船問屋前,下津井電鉄（株）,S1　下津井循環線
長浜,下津井電鉄（株）,S1　下津井循環線
田之浦港前,下津井電鉄（株）,S1　下津井循環線
下津井郵便局前,下津井電鉄（株）,S1　下津井循環線
田之浦二丁目,下津井電鉄（株）,S1　下津井循環線
祇園神社下,下津井電鉄（株）,S1　下津井循環線
鷲羽山第二展望台,下津井電鉄（株）,S1　下津井循環線
田土浦公園前,下津井電鉄（株）,S1　下津井循環線
下電ホテル前,下津井電鉄（株）,S1　下津井循環線
鷲麓園別館前,下津井電鉄（株）,S1　下津井循環線
久須見弘法大師堂前,下津井電鉄（株）,S1　下津井循環線
