停留所名,事業者名,バス系統
宮原公民館前,五島自動車（株）,"福江（戸岐）観音平, 福江（樫之浦）観音平, 観音平（戸岐小前）五病"
小宮原,五島自動車（株）,"福江（戸岐）観音平, 福江（樫之浦）観音平, 観音平（戸岐小前）五病"
観音平,五島自動車（株）,"福江（戸岐）観音平, 福江（樫之浦）観音平, 観音平（戸岐小前）五病"
跡打,五島自動車（株）,"福江（戸岐）観音平, 福江（樫之浦）観音平, 観音平（戸岐小前）五病"
漁神坂,五島自動車（株）,"福江（奥浦）戸岐, 福江（戸岐）観音平, 福江（樫之浦）観音平, 観音平（戸岐小前）五病"
戸岐入口,五島自動車（株）,"福江（奥浦）戸岐, 福江（戸岐）観音平, 福江（樫之浦）観音平, 観音平（戸岐小前）五病"
戸岐,五島自動車（株）,"福江（奥浦）戸岐, 福江（戸岐）観音平, 福江（樫之浦）観音平, 観音平（戸岐小前）五病"
戸岐向,五島自動車（株）,"福江（奥浦）戸岐, 福江（戸岐）観音平, 福江（樫之浦）観音平, 観音平（戸岐小前）五病"
岐宿,五島自動車（株）,"福江（水之浦）三井楽, 福江（憩坂）三井楽, 富江（楠原）岐宿, 富江（神崎橋）岐宿"
堂崎天主堂入口,五島自動車（株）,"福江（奥浦）戸岐, 福江（戸岐）観音平, 福江（樫之浦）観音平, 観音平（戸岐小前）五病"
魚津ヶ崎,五島自動車（株）,"福江（水之浦）三井楽, 福江（憩坂）三井楽"
弓田,五島自動車（株）,"福江（水之浦）三井楽, 福江（憩坂）三井楽, 富江（神崎橋）岐宿"
岐宿支所前,五島自動車（株）,"福江（水之浦）三井楽, 福江（憩坂）三井楽, 富江（楠原）岐宿, 富江（神崎橋）岐宿"
ろくろ場口,五島自動車（株）,"福江（水之浦）三井楽, 富江（神崎橋）岐宿"
樫之浦,五島自動車（株）,福江（樫之浦）観音平
岐宿診療所前,五島自動車（株）,"福江（水之浦）三井楽, 福江（憩坂）三井楽, 富江（楠原）岐宿, 富江（神崎橋）岐宿"
水之浦,五島自動車（株）,"福江（水之浦）三井楽, 富江（神崎橋）岐宿"
あこう木前,五島自動車（株）,福江（樫之浦）観音平
病院前,五島自動車（株）,"福江（水之浦）三井楽, 福江（憩坂）三井楽"
三井楽,五島自動車（株）,"福江（水之浦）三井楽, 福江（憩坂）三井楽"
船付場,五島自動車（株）,"福江（奥浦）戸岐, 福江（戸岐）観音平, 福江（樫之浦）観音平, 観音平（戸岐小前）五病"
浜泊,五島自動車（株）,福江（樫之浦）観音平
三井楽中学校前,五島自動車（株）,"福江（水之浦）三井楽, 福江（憩坂）三井楽"
奥浦,五島自動車（株）,"福江（奥浦）戸岐, 福江（戸岐）観音平, 福江（樫之浦）観音平, 観音平（戸岐小前）五病"
鰐川,五島自動車（株）,"福江（水之浦）三井楽, 福江（憩坂）三井楽"
里,五島自動車（株）,"福江（水之浦）三井楽, 福江（憩坂）三井楽"
尾形平,五島自動車（株）,"福江（憩坂）三井楽, 富江（楠原）岐宿"
鍋内,五島自動車（株）,福江（樫之浦）観音平
仁丹窄,五島自動車（株）,"福江（奥浦）戸岐, 福江（戸岐）観音平, 福江（樫之浦）観音平, 観音平（戸岐小前）五病"
遣唐使ふるさと館,五島自動車（株）,"福江（水之浦）三井楽, 福江（憩坂）三井楽"
大川原,五島自動車（株）,"福江（水之浦）三井楽, 福江（憩坂）三井楽"
奥浦小学校前,五島自動車（株）,"福江（奥浦）戸岐, 福江（戸岐）観音平, 福江（樫之浦）観音平, 観音平（戸岐小前）五病"
川原小学校前,五島自動車（株）,"福江（水之浦）三井楽, 福江（憩坂）三井楽"
白良ヶ浜,五島自動車（株）,"福江（水之浦）三井楽, 福江（憩坂）三井楽"
樽角坂,五島自動車（株）,"福江（憩坂）三井楽, 富江（楠原）岐宿"
打折,五島自動車（株）,"福江（水之浦）三井楽, 福江（憩坂）三井楽"
川原橋,五島自動車（株）,"福江（水之浦）三井楽, 福江（憩坂）三井楽"
浦ノ川,五島自動車（株）,"福江（水之浦）三井楽, 福江（憩坂）三井楽"
浦頭,五島自動車（株）,"福江（奥浦）戸岐, 福江（戸岐）観音平, 福江（樫之浦）観音平, 観音平（戸岐小前）五病"
東楠原,五島自動車（株）,"福江（憩坂）三井楽, 富江（楠原）岐宿"
神崎橋,五島自動車（株）,"福江（水之浦）三井楽, 福江（憩坂）三井楽, 富江（神崎橋）岐宿"
南高校前,五島自動車（株）,"福江（水之浦）三井楽, 富江（神崎橋）岐宿"
河務,五島自動車（株）,"福江（水之浦）三井楽, 福江（憩坂）三井楽"
奈切,五島自動車（株）,"福江（水之浦）三井楽, 富江（神崎橋）岐宿"
楠原,五島自動車（株）,"福江（憩坂）三井楽, 富江（楠原）岐宿"
木ノ口,五島自動車（株）,"福江（奥浦）戸岐, 福江（戸岐）観音平, 福江（樫之浦）観音平, 観音平（戸岐小前）五病"
柳野,五島自動車（株）,"福江（水之浦）三井楽, 福江（憩坂）三井楽"
岐宿中学校前,五島自動車（株）,"福江（憩坂）三井楽, 富江（楠原）岐宿"
小川原,五島自動車（株）,"福江（憩坂）三井楽, 富江（神崎橋）岐宿"
平蔵,五島自動車（株）,"福江（奥浦）戸岐, 福江（戸岐）観音平, 福江（樫之浦）観音平, 観音平（戸岐小前）五病"
西楠原,五島自動車（株）,"福江（憩坂）三井楽, 富江（楠原）岐宿"
会館前,五島自動車（株）,"福江（奥浦）戸岐, 福江（戸岐）観音平, 福江（樫之浦）観音平, 観音平（戸岐小前）五病"
観音前,五島自動車（株）,"福江（水之浦）三井楽, 福江（憩坂）三井楽"
南河原口,五島自動車（株）,"福江（奥浦）戸岐, 福江（戸岐）観音平, 福江（樫之浦）観音平, 観音平（戸岐小前）五病"
憩坂,五島自動車（株）,"福江（憩坂）三井楽, 富江（楠原）岐宿, 富江（神崎橋）岐宿"
六方,五島自動車（株）,"福江（奥浦）戸岐, 福江（戸岐）観音平, 福江（樫之浦）観音平, 観音平（戸岐小前）五病"
志田尾,五島自動車（株）,"富江（楠原）岐宿, 富江（神崎橋）岐宿"
曲坂,五島自動車（株）,"福江（奥浦）戸岐, 福江（戸岐）観音平, 福江（樫之浦）観音平, 観音平（戸岐小前）五病"
大曲,五島自動車（株）,"福江（水之浦）三井楽, 福江（憩坂）三井楽"
丸山,五島自動車（株）,"福江（水之浦）三井楽, 福江（憩坂）三井楽"
松山,五島自動車（株）,"富江（楠原）岐宿, 富江（神崎橋）岐宿"
曲坂口,五島自動車（株）,"福江（奥浦）戸岐, 福江（戸岐）観音平, 福江（樫之浦）観音平, 観音平（戸岐小前）五病"
旭丘団地前,五島自動車（株）,"福江（奥浦）戸岐, 福江（戸岐）観音平, 福江（樫之浦）観音平, 観音平（戸岐小前）五病"
寺脇口,五島自動車（株）,"富江（楠原）岐宿, 富江（神崎橋）岐宿"
一里川橋,五島自動車（株）,"福江（水之浦）三井楽, 福江（憩坂）三井楽"
福江中学校前,五島自動車（株）,"福江（奥浦）戸岐, 福江（戸岐）観音平, 福江（樫之浦）観音平, 福江（大荒町）五病, 観音平（戸岐小前）五病"
松山,五島自動車（株）,"福江（奥浦）戸岐, 福江（戸岐）観音平, 福江（樫之浦）観音平, 福江（大荒町）五病, 観音平（戸岐小前）五病"
篭渕,五島自動車（株）,"福江（水之浦）三井楽, 福江（憩坂）三井楽"
大荒町,五島自動車（株）,福江（大荒町）五病
頴川橋,五島自動車（株）,"福江（奥浦）戸岐, 福江（戸岐）観音平, 福江（樫之浦）観音平, 福江（大荒町）五病, 観音平（戸岐小前）五病"
尾初久保,五島自動車（株）,"富江（楠原）岐宿, 富江（神崎橋）岐宿"
臨時停留所,五島自動車（株）,"福江（水之浦）三井楽, 福江（憩坂）三井楽"
新栄町,五島自動車（株）,"福江（水之浦）三井楽, 福江（憩坂）三井楽, 福江（大浜）富江, 福江（五病）富江線, 福江（大浜）小泊, 高田循環線（右廻り）, 福江（奥浦）戸岐, 福江（戸岐）観音平, 福江（樫之浦）観音平, 福江（長手）上崎山, 鐙瀬循環線（左廻り）, 鐙瀬循環線（右廻り）, 福江（二本楠）荒川, 福江（荒川）布浦, 福江（荒川）玉之浦, 福江（小川）向小浦, 福江（本町通）空港, 大正橋（農協前）福江, 福江（本町通）五病, 福江（大荒町）五病, 観音平（戸岐小前）五病, 黒瀬（富江）福江"
福江,五島自動車（株）,"福江（水之浦）三井楽, 福江（憩坂）三井楽, 福江（大浜）富江, 福江（五病）富江線, 福江（大浜）小泊, 高田循環線（右廻り）, 福江（奥浦）戸岐, 福江（戸岐）観音平, 福江（樫之浦）観音平, 福江（長手）上崎山, 鐙瀬循環線（左廻り）, 鐙瀬循環線（右廻り）, 福江（二本楠）荒川, 福江（荒川）布浦, 福江（荒川）玉之浦, 福江（小川）向小浦, 福江（本町通）空港, 大正橋（農協前）福江, 福江（本町通）五病, 福江（大荒町）五病, 黒瀬（富江）福江"
カンパーナホテル前,五島自動車（株）,"福江（水之浦）三井楽, 福江（憩坂）三井楽, 福江（大浜）富江, 福江（五病）富江線, 福江（大浜）小泊, 高田循環線（右廻り）, 福江（奥浦）戸岐, 福江（戸岐）観音平, 福江（樫之浦）観音平, 福江（長手）上崎山, 鐙瀬循環線（左廻り）, 鐙瀬循環線（右廻り）, 福江（二本楠）荒川, 福江（荒川）布浦, 福江（荒川）玉之浦, 福江（小川）向小浦, 福江（本町通）空港, 大正橋（農協前）福江, 福江（本町通）五病, 福江（大荒町）五病, 黒瀬（富江）福江"
シティモール前,五島自動車（株）,"福江（水之浦）三井楽, 福江（憩坂）三井楽"
本町通,五島自動車（株）,"福江（水之浦）三井楽, 福江（憩坂）三井楽, 福江（大浜）富江, 福江（五病）富江線, 福江（大浜）小泊, 高田循環線（右廻り）, 福江（長手）上崎山, 鐙瀬循環線（左廻り）, 鐙瀬循環線（右廻り）, 福江（二本楠）荒川, 福江（荒川）布浦, 福江（荒川）玉之浦, 福江（小川）向小浦, 福江（本町通）空港, 大正橋（農協前）福江, 福江（本町通）五病, 黒瀬（富江）福江"
病院北口,五島自動車（株）,"福江（水之浦）三井楽, 福江（憩坂）三井楽, 福江（二本楠）荒川, 福江（荒川）布浦, 福江（荒川）玉之浦, 福江（小川）向小浦, 福江（大荒町）五病"
福江農協前,五島自動車（株）,"福江（水之浦）三井楽, 福江（憩坂）三井楽, 福江（大浜）富江, 福江（五病）富江線, 福江（大浜）小泊, 高田循環線（右廻り）, 鐙瀬循環線（左廻り）, 福江（二本楠）荒川, 福江（荒川）布浦, 福江（荒川）玉之浦, 福江（小川）向小浦, 大正橋（農協前）福江, 福江（本町通）五病, 小泊（大浜）五病, 上崎山（長手）五病, 黒瀬（富江）福江"
野呂河入口,五島自動車（株）,福江（大荒町）五病
お濠前,五島自動車（株）,"福江（水之浦）三井楽, 福江（憩坂）三井楽, 福江（大浜）富江, 福江（五病）富江線, 福江（大浜）小泊, 高田循環線（右廻り）, 福江（長手）上崎山, 鐙瀬循環線（左廻り）, 鐙瀬循環線（右廻り）, 福江（二本楠）荒川, 福江（荒川）布浦, 福江（荒川）玉之浦, 福江（小川）向小浦, 福江（本町通）空港, 福江（本町通）五病, 小泊（大浜）五病, 上崎山（長手）五病"
吉久木,五島自動車（株）,"福江（二本楠）荒川, 福江（荒川）布浦, 福江（荒川）玉之浦, 福江（小川）向小浦, 福江（大荒町）五病"
馬責馬場,五島自動車（株）,"福江（水之浦）三井楽, 福江（憩坂）三井楽, 福江（五病）富江線, 高田循環線（右廻り）, 福江（二本楠）荒川, 福江（荒川）布浦, 福江（荒川）玉之浦, 福江（小川）向小浦, 福江（本町通）五病, 小泊（大浜）五病, 観音平（戸岐小前）五病, 上崎山（長手）五病"
五高前,五島自動車（株）,"福江（長手）上崎山, 鐙瀬循環線（左廻り）, 鐙瀬循環線（右廻り）, 上崎山（長手）五病"
寺山,五島自動車（株）,"福江（水之浦）三井楽, 福江（憩坂）三井楽, 福江（五病）富江線, 高田循環線（右廻り）, 福江（二本楠）荒川, 福江（荒川）布浦, 福江（荒川）玉之浦, 福江（小川）向小浦, 福江（本町通）五病, 小泊（大浜）五病, 観音平（戸岐小前）五病, 上崎山（長手）五病"
十八親和銀行前,五島自動車（株）,"福江（水之浦）三井楽, 福江（憩坂）三井楽, 福江（大浜）富江, 福江（五病）富江線, 福江（大浜）小泊, 高田循環線（右廻り）, 鐙瀬循環線（右廻り）, 福江（二本楠）荒川, 福江（荒川）布浦, 福江（荒川）玉之浦, 福江（小川）向小浦, 福江（本町通）空港, 福江（本町通）五病, 小泊（大浜）五病, 観音平（戸岐小前）五病"
大正橋,五島自動車（株）,"福江（水之浦）三井楽, 福江（憩坂）三井楽, 福江（大浜）富江, 福江（五病）富江線, 福江（大浜）小泊, 高田循環線（右廻り）, 鐙瀬循環線（左廻り）, 鐙瀬循環線（右廻り）, 福江（二本楠）荒川, 福江（荒川）布浦, 福江（荒川）玉之浦, 福江（小川）向小浦, 大正橋（農協前）福江, 福江（本町通）五病, 小泊（大浜）五病, 観音平（戸岐小前）五病, 上崎山（長手）五病, 黒瀬（富江）福江"
三尾野,五島自動車（株）,"福江（水之浦）三井楽, 福江（憩坂）三井楽, 福江（大浜）富江, 福江（五病）富江線, 福江（大浜）小泊, 高田循環線（右廻り）, 鐙瀬循環線（左廻り）, 鐙瀬循環線（右廻り）, 福江（二本楠）荒川, 福江（荒川）布浦, 福江（荒川）玉之浦, 福江（小川）向小浦, 大正橋（農協前）福江, 福江（本町通）五病, 小泊（大浜）五病, 観音平（戸岐小前）五病, 上崎山（長手）五病, 黒瀬（富江）福江"
坂ノ上,五島自動車（株）,"富江（楠原）岐宿, 富江（神崎橋）岐宿"
荒神岳,五島自動車（株）,"福江（水之浦）三井楽, 福江（憩坂）三井楽, 福江（五病）富江線, 高田循環線（右廻り）, 福江（本町通）五病, 小泊（大浜）五病, 観音平（戸岐小前）五病, 上崎山（長手）五病"
五島中央病院前,五島自動車（株）,"福江（水之浦）三井楽, 福江（憩坂）三井楽, 福江（五病）富江線, 福江（二本楠）荒川, 福江（荒川）布浦, 福江（荒川）玉之浦, 福江（小川）向小浦, 福江（本町通）五病, 福江（大荒町）五病, 小泊（大浜）五病, 観音平（戸岐小前）五病, 上崎山（長手）五病"
善教寺前,五島自動車（株）,"福江（長手）上崎山, 鐙瀬循環線（左廻り）, 鐙瀬循環線（右廻り）, 上崎山（長手）五病"
大円寺,五島自動車（株）,"福江（大浜）富江, 福江（大浜）小泊, 高田循環線（右廻り）, 鐙瀬循環線（左廻り）, 鐙瀬循環線（右廻り）, 小泊（大浜）五病, 黒瀬（富江）福江"
新開橋,五島自動車（株）,"福江（二本楠）荒川, 福江（荒川）布浦, 福江（荒川）玉之浦, 福江（小川）向小浦"
病院南口,五島自動車（株）,"福江（五病）富江線, 高田循環線（右廻り）, 福江（二本楠）荒川, 福江（荒川）布浦, 福江（荒川）玉之浦, 福江（小川）向小浦"
リハビリセンター前,五島自動車（株）,"福江（五病）富江線, 高田循環線（右廻り）, 福江（二本楠）荒川, 福江（荒川）布浦, 福江（荒川）玉之浦, 福江（小川）向小浦"
城山町,五島自動車（株）,"福江（長手）上崎山, 鐙瀬循環線（左廻り）, 鐙瀬循環線（右廻り）, 上崎山（長手）五病"
県,五島自動車（株）,"福江（二本楠）荒川, 福江（荒川）布浦, 福江（荒川）玉之浦, 福江（小川）向小浦"
鳴木場,五島自動車（株）,"福江（五病）富江線, 高田循環線（右廻り）, 福江（二本楠）荒川, 福江（荒川）布浦, 福江（荒川）玉之浦, 福江（小川）向小浦"
船倉,五島自動車（株）,"福江（長手）上崎山, 鐙瀬循環線（左廻り）, 鐙瀬循環線（右廻り）, 上崎山（長手）五病"
中岳,五島自動車（株）,"富江（楠原）岐宿, 富江（神崎橋）岐宿"
瀬戸,五島自動車（株）,"高田循環線（右廻り）, 福江（二本楠）荒川, 福江（荒川）布浦, 福江（荒川）玉之浦, 福江（小川）向小浦"
猪掛,五島自動車（株）,"福江（二本楠）荒川, 福江（荒川）布浦, 福江（荒川）玉之浦, 福江（小川）向小浦"
八幡前,五島自動車（株）,"福江（長手）上崎山, 鐙瀬循環線（左廻り）, 鐙瀬循環線（右廻り）, 上崎山（長手）五病"
雨通宿橋,五島自動車（株）,"福江（二本楠）荒川, 福江（荒川）布浦, 福江（荒川）玉之浦, 福江（小川）向小浦"
ファミリーハウス前,五島自動車（株）,福江（五病）富江線
給食センター前,五島自動車（株）,"福江（長手）上崎山, 鐙瀬循環線（左廻り）, 鐙瀬循環線（右廻り）, 上崎山（長手）五病"
鎌田,五島自動車（株）,"福江（五病）富江線, 高田循環線（右廻り）"
坂の上,五島自動車（株）,福江（本町通）空港
明星院前,五島自動車（株）,"福江（大浜）富江, 福江（大浜）小泊, 高田循環線（右廻り）, 鐙瀬循環線（左廻り）, 鐙瀬循環線（右廻り）, 小泊（大浜）五病, 黒瀬（富江）福江"
長手口,五島自動車（株）,"福江（長手）上崎山, 鐙瀬循環線（左廻り）, 鐙瀬循環線（右廻り）, 上崎山（長手）五病"
雨通宿,五島自動車（株）,"福江（二本楠）荒川, 福江（荒川）布浦, 福江（荒川）玉之浦, 福江（小川）向小浦"
吉田,五島自動車（株）,"福江（大浜）富江, 福江（大浜）小泊, 高田循環線（右廻り）, 鐙瀬循環線（左廻り）, 鐙瀬循環線（右廻り）, 小泊（大浜）五病, 黒瀬（富江）福江"
柿ノ木場,五島自動車（株）,"富江（楠原）岐宿, 富江（神崎橋）岐宿"
丹奈,五島自動車（株）,荒川（矢の口）丹奈
長手,五島自動車（株）,"福江（長手）上崎山, 鐙瀬循環線（左廻り）, 鐙瀬循環線（右廻り）, 上崎山（長手）五病"
小島,五島自動車（株）,"福江（五病）富江線, 高田循環線（右廻り）"
高田口,五島自動車（株）,"福江（大浜）富江, 福江（大浜）小泊, 高田循環線（右廻り）, 鐙瀬循環線（左廻り）, 鐙瀬循環線（右廻り）, 小泊（大浜）五病, 黒瀬（富江）福江"
上長手,五島自動車（株）,"福江（長手）上崎山, 鐙瀬循環線（左廻り）, 鐙瀬循環線（右廻り）, 上崎山（長手）五病"
七岳口,五島自動車（株）,"福江（二本楠）荒川, 福江（荒川）布浦, 福江（荒川）玉之浦"
井出関,五島自動車（株）,"福江（二本楠）荒川, 福江（荒川）布浦, 福江（荒川）玉之浦, 福江（小川）向小浦"
雉ノ里前,五島自動車（株）,"福江（二本楠）荒川, 福江（荒川）布浦, 福江（荒川）玉之浦"
一軒家,五島自動車（株）,"福江（二本楠）荒川, 福江（荒川）布浦, 福江（荒川）玉之浦"
二本楠,五島自動車（株）,"福江（二本楠）荒川, 福江（荒川）布浦, 福江（荒川）玉之浦, 福江（小川）向小浦, 富江（楠原）岐宿, 富江（神崎橋）岐宿"
高田,五島自動車（株）,"福江（五病）富江線, 高田循環線（右廻り）"
荒川トンネル口,五島自動車（株）,荒川（矢の口）丹奈
矢の口,五島自動車（株）,荒川（矢の口）丹奈
老人ホーム前,五島自動車（株）,荒川（矢の口）丹奈
小山田,五島自動車（株）,高田循環線（右廻り）
やすらぎ苑前,五島自動車（株）,"福江（二本楠）荒川, 福江（荒川）布浦, 福江（荒川）玉之浦, 福江（小川）向小浦"
倉庫前,五島自動車（株）,高田循環線（右廻り）
本山,五島自動車（株）,"福江（大浜）富江, 福江（大浜）小泊, 鐙瀬循環線（左廻り）, 鐙瀬循環線（右廻り）, 小泊（大浜）五病, 黒瀬（富江）福江"
みはらし荘,五島自動車（株）,"福江（長手）上崎山, 鐙瀬循環線（左廻り）, 鐙瀬循環線（右廻り）, 上崎山（長手）五病"
田尾木場,五島自動車（株）,"福江（二本楠）荒川, 福江（荒川）布浦, 福江（荒川）玉之浦, 福江（小川）向小浦"
慈光院前,五島自動車（株）,高田循環線（右廻り）
二本楠三叉路,五島自動車（株）,"福江（小川）向小浦, 富江（楠原）岐宿, 富江（神崎橋）岐宿"
空港,五島自動車（株）,福江（本町通）空港
荒川橋,五島自動車（株）,"福江（二本楠）荒川, 福江（荒川）布浦, 福江（荒川）玉之浦, 荒川（矢の口）丹奈"
荒川,五島自動車（株）,"福江（二本楠）荒川, 福江（荒川）布浦, 福江（荒川）玉之浦, 荒川（矢の口）丹奈"
荒川三叉路,五島自動車（株）,"福江（二本楠）荒川, 福江（荒川）布浦, 福江（荒川）玉之浦"
鳥越,五島自動車（株）,福江（五病）富江線
野中,五島自動車（株）,高田循環線（右廻り）
中尾,五島自動車（株）,福江（小川）向小浦
上河橋,五島自動車（株）,"福江（大浜）富江, 福江（大浜）小泊, 鐙瀬循環線（左廻り）, 鐙瀬循環線（右廻り）, 小泊（大浜）五病, 黒瀬（富江）福江"
集荷場前,五島自動車（株）,"福江（長手）上崎山, 鐙瀬循環線（左廻り）, 鐙瀬循環線（右廻り）, 上崎山（長手）五病"
越地,五島自動車（株）,"富江（楠原）岐宿, 富江（神崎橋）岐宿"
松の春,五島自動車（株）,福江（五病）富江線
崎山中学校前,五島自動車（株）,"福江（長手）上崎山, 鐙瀬循環線（左廻り）, 鐙瀬循環線（右廻り）, 上崎山（長手）五病"
野々切,五島自動車（株）,"福江（大浜）富江, 福江（大浜）小泊, 鐙瀬循環線（左廻り）, 鐙瀬循環線（右廻り）, 小泊（大浜）五病, 黒瀬（富江）福江"
寄合坂,五島自動車（株）,福江（五病）富江線
上野々切,五島自動車（株）,"鐙瀬循環線（左廻り）, 鐙瀬循環線（右廻り）"
崎山口,五島自動車（株）,"福江（長手）上崎山, 鐙瀬循環線（左廻り）, 鐙瀬循環線（右廻り）, 上崎山（長手）五病"
香珠子口,五島自動車（株）,"福江（大浜）富江, 黒瀬（富江）福江"
漁業センター前,五島自動車（株）,"福江（荒川）布浦, 福江（荒川）玉之浦"
黒蔵,五島自動車（株）,"福江（大浜）富江, 黒瀬（富江）福江"
保育所前,五島自動車（株）,"鐙瀬循環線（左廻り）, 鐙瀬循環線（右廻り）"
崎山,五島自動車（株）,"福江（長手）上崎山, 鐙瀬循環線（左廻り）, 鐙瀬循環線（右廻り）, 上崎山（長手）五病"
小牧,五島自動車（株）,"福江（大浜）富江, 福江（五病）富江線, 黒瀬（富江）福江"
大浜,五島自動車（株）,"福江（大浜）富江, 福江（大浜）小泊, 小泊（大浜）五病, 黒瀬（富江）福江"
中崎山,五島自動車（株）,"福江（長手）上崎山, 鐙瀬循環線（左廻り）, 鐙瀬循環線（右廻り）, 上崎山（長手）五病"
銭亀,五島自動車（株）,福江（荒川）玉之浦
布浦,五島自動車（株）,"福江（荒川）布浦, 福江（荒川）玉之浦"
崎山公民館前,五島自動車（株）,"福江（長手）上崎山, 鐙瀬循環線（左廻り）, 鐙瀬循環線（右廻り）, 上崎山（長手）五病"
繁敷,五島自動車（株）,"富江（楠原）岐宿, 富江（神崎橋）岐宿"
増田,五島自動車（株）,"福江（大浜）富江, 福江（五病）富江線, 黒瀬（富江）福江"
上崎山,五島自動車（株）,"福江（長手）上崎山, 鐙瀬循環線（左廻り）, 鐙瀬循環線（右廻り）, 上崎山（長手）五病"
大浜農協前,五島自動車（株）,"福江（大浜）富江, 福江（大浜）小泊, 小泊（大浜）五病"
大窄,五島自動車（株）,"鐙瀬循環線（左廻り）, 鐙瀬循環線（右廻り）"
緑乃園,五島自動車（株）,"鐙瀬循環線（左廻り）, 鐙瀬循環線（右廻り）"
上の平口,五島自動車（株）,福江（小川）向小浦
大窄公民館前,五島自動車（株）,"鐙瀬循環線（左廻り）, 鐙瀬循環線（右廻り）"
小泊,五島自動車（株）,"福江（大浜）富江, 福江（大浜）小泊, 小泊（大浜）五病"
塩津,五島自動車（株）,"鐙瀬循環線（左廻り）, 鐙瀬循環線（右廻り）"
上の平,五島自動車（株）,福江（小川）向小浦
幾久山口,五島自動車（株）,福江（小川）向小浦
鐙瀬公園,五島自動車（株）,"鐙瀬循環線（左廻り）, 鐙瀬循環線（右廻り）"
幾久山,五島自動車（株）,福江（小川）向小浦
鐙瀬,五島自動車（株）,"鐙瀬循環線（左廻り）, 鐙瀬循環線（右廻り）"
小浦峠,五島自動車（株）,福江（荒川）玉之浦
向小浦,五島自動車（株）,福江（小川）向小浦
小浦,五島自動車（株）,福江（小川）向小浦
田尾,五島自動車（株）,"福江（大浜）富江, 福江（五病）富江線, 黒瀬（富江）福江"
芝浦,五島自動車（株）,福江（小川）向小浦
ほたるの里,五島自動車（株）,福江（小川）向小浦
トレーニングセンター前,五島自動車（株）,福江（荒川）玉之浦
大の元,五島自動車（株）,福江（小川）向小浦
深浦,五島自動車（株）,福江（小川）向小浦
中須農協前,五島自動車（株）,福江（小川）向小浦
玉之浦,五島自動車（株）,"福江（荒川）玉之浦, 福江（小川）向小浦"
中須,五島自動車（株）,福江（小川）向小浦
小浜,五島自動車（株）,"福江（大浜）富江, 福江（五病）富江線, 黒瀬（富江）福江"
南河原峠,五島自動車（株）,"富江（楠原）岐宿, 富江（神崎橋）岐宿"
井持,五島自動車（株）,"福江（荒川）玉之浦, 福江（小川）向小浦"
玉之浦中学校前,五島自動車（株）,"福江（荒川）玉之浦, 福江（小川）向小浦"
大瀬崎口,五島自動車（株）,"福江（荒川）玉之浦, 福江（小川）向小浦"
一軒家,五島自動車（株）,"富江（楠原）岐宿, 富江（神崎橋）岐宿"
地蔵坂,五島自動車（株）,"富江（楠原）岐宿, 富江（神崎橋）岐宿"
奈切口,五島自動車（株）,"福江（荒川）玉之浦, 福江（小川）向小浦"
小川,五島自動車（株）,福江（小川）向小浦
戸竹口,五島自動車（株）,"福江（荒川）玉之浦, 福江（小川）向小浦"
田ノ江,五島自動車（株）,"福江（大浜）富江, 福江（五病）富江線, 富江（楠原）岐宿, 富江（神崎橋）岐宿, 黒瀬（富江）福江"
赤崎,五島自動車（株）,"福江（荒川）玉之浦, 福江（小川）向小浦"
ルルド前,五島自動車（株）,"福江（荒川）玉之浦, 福江（小川）向小浦"
宮下,五島自動車（株）,"福江（大浜）富江, 福江（五病）富江線, 富江（楠原）岐宿, 富江（神崎橋）岐宿, 黒瀬（富江）福江"
戸町切,五島自動車（株）,"福江（荒川）玉之浦, 福江（小川）向小浦"
井持浦,五島自動車（株）,"福江（荒川）玉之浦, 福江（小川）向小浦"
西片町,五島自動車（株）,"福江（大浜）富江, 福江（五病）富江線, 富江（楠原）岐宿, 富江（神崎橋）岐宿, 黒瀬（富江）福江"
富江支所裏,五島自動車（株）,"福江（大浜）富江, 福江（五病）富江線, 富江（横ヶ倉）黒瀬, 富江（黒瀬）丸子, 富江循環線（山下廻り）, 富江循環線（坪廻り）, 富江（楠原）岐宿, 富江（神崎橋）岐宿, 富江（太田）大宝, 黒瀬（富江）福江"
富江,五島自動車（株）,"福江（大浜）富江, 福江（五病）富江線, 富江（横ヶ倉）黒瀬, 富江（黒瀬）丸子, 富江循環線（山下廻り）, 富江循環線（坪廻り）, 富江（楠原）岐宿, 富江（神崎橋）岐宿, 富江（太田）大宝, 黒瀬（富江）福江"
富江小学校前,五島自動車（株）,"富江循環線（山下廻り）, 富江循環線（坪廻り）"
富江中学校前,五島自動車（株）,"富江（横ヶ倉）黒瀬, 富江（黒瀬）丸子, 富江（太田）大宝, 黒瀬（富江）福江"
富江病院前,五島自動車（株）,"富江循環線（山下廻り）, 富江循環線（坪廻り）"
狩立,五島自動車（株）,"富江（横ヶ倉）黒瀬, 富江（黒瀬）丸子, 富江（太田）大宝, 黒瀬（富江）福江"
善蔵山,五島自動車（株）,"富江循環線（山下廻り）, 富江循環線（坪廻り）"
牧場入口,五島自動車（株）,富江（太田）大宝
辻の地蔵堂,五島自動車（株）,富江（太田）大宝
キャンプ村入口,五島自動車（株）,"富江循環線（山下廻り）, 富江循環線（坪廻り）"
太田,五島自動車（株）,富江（太田）大宝
横ヶ倉口,五島自動車（株）,"富江（横ヶ倉）黒瀬, 富江（黒瀬）丸子, 富江（太田）大宝, 黒瀬（富江）福江"
琴石,五島自動車（株）,富江（太田）大宝
丸子,五島自動車（株）,"富江（黒瀬）丸子, 富江（太田）大宝"
山手口,五島自動車（株）,"富江（横ヶ倉）黒瀬, 富江（黒瀬）丸子, 富江（太田）大宝, 黒瀬（富江）福江"
立谷,五島自動車（株）,"福江（荒川）玉之浦, 福江（小川）向小浦"
琴石口,五島自動車（株）,富江（太田）大宝
只狩山口,五島自動車（株）,"富江循環線（山下廻り）, 富江循環線（坪廻り）"
運動公園前,五島自動車（株）,富江（太田）大宝
立谷口,五島自動車（株）,"福江（荒川）玉之浦, 福江（小川）向小浦, 富江（太田）大宝"
池窄,五島自動車（株）,"富江（黒瀬）丸子, 富江（太田）大宝"
黒瀬口,五島自動車（株）,"富江（横ヶ倉）黒瀬, 富江（黒瀬）丸子, 富江（太田）大宝, 黒瀬（富江）福江"
黒瀬,五島自動車（株）,"富江（横ヶ倉）黒瀬, 富江（黒瀬）丸子, 富江（太田）大宝, 黒瀬（富江）福江"
女亀,五島自動車（株）,"富江循環線（山下廻り）, 富江循環線（坪廻り）"
大宝,五島自動車（株）,"福江（荒川）玉之浦, 福江（小川）向小浦, 富江（太田）大宝"
高荒木,五島自動車（株）,"富江循環線（山下廻り）, 富江循環線（坪廻り）"
山崎,五島自動車（株）,"富江循環線（山下廻り）, 富江循環線（坪廻り）"
丸山,五島自動車（株）,"福江（水之浦）三井楽, 福江（憩坂）三井楽, 富江循環線（山下廻り）, 富江循環線（坪廻り）"
山下,五島自動車（株）,"富江循環線（山下廻り）, 富江循環線（坪廻り）"
山下駐車場前,五島自動車（株）,"富江循環線（山下廻り）, 富江循環線（坪廻り）"
岳,五島自動車（株）,"富江循環線（山下廻り）, 富江循環線（坪廻り）"
坪口,五島自動車（株）,"富江循環線（山下廻り）, 富江循環線（坪廻り）"
坪,五島自動車（株）,富江循環線（坪廻り）
細石流,久賀島レンタカー,細石流〜田ノ浦線
蕨,久賀島レンタカー,蕨〜田ノ浦線
深浦,久賀島レンタカー,"深浦〜外上平〜田ノ浦線, 細石流〜田ノ浦線"
JA久賀,久賀島レンタカー,"深浦〜外上平〜田ノ浦線, 細石流〜田ノ浦線"
猪之木,久賀島レンタカー,"深浦〜外上平〜田ノ浦線, 細石流〜田ノ浦線"
大開,久賀島レンタカー,蕨〜田ノ浦線
診療所,久賀島レンタカー,"深浦〜外上平〜田ノ浦線, 蕨〜田ノ浦線, 細石流〜田ノ浦線, 診療所〜田ノ浦線"
内上平,久賀島レンタカー,"深浦〜外上平〜田ノ浦線, 蕨〜田ノ浦線, 細石流〜田ノ浦線, 診療所〜田ノ浦線"
渡船待合所,久賀島レンタカー,"深浦〜外上平〜田ノ浦線, 蕨〜田ノ浦線, 細石流〜田ノ浦線, 診療所〜田ノ浦線"
田ノ浦,久賀島レンタカー,"深浦〜外上平〜田ノ浦線, 蕨〜田ノ浦線, 細石流〜田ノ浦線, 診療所〜田ノ浦線"
外上平,久賀島レンタカー,深浦〜外上平〜田ノ浦線
水ノ浦,丸濱産業（有）,南越線
矢神,丸濱産業（有）,矢神線
大串,丸濱産業（有）,大串線
小浦,丸濱産業（有）,矢神線
夏井,丸濱産業（有）,大串線
阿古木,丸濱産業（有）,南越線
夏井入口,丸濱産業（有）,大串線
大洋前,丸濱産業（有）,大串線
楽子尻,丸濱産業（有）,矢神線
皺ノ浦,丸濱産業（有）,大串線
江上,丸濱産業（有）,大串線
松山,丸濱産業（有）,南越線
汐池,丸濱産業（有）,汐池線
田岸,丸濱産業（有）,"矢神線, 南越線"
先白這,丸濱産業（有）,大串線
隅田前,丸濱産業（有）,矢神線
船廻,丸濱産業（有）,矢神線
白這,丸濱産業（有）,大串線
前白這,丸濱産業（有）,大串線
大瀬,丸濱産業（有）,"矢神線, 南越線"
永這,丸濱産業（有）,汐池線
先古巣,丸濱産業（有）,大串線
三本松,丸濱産業（有）,"矢神線, 南越線"
古巣,丸濱産業（有）,大串線
樫ノ木山,丸濱産業（有）,"矢神線, 南越線"
保育園前,丸濱産業（有）,"矢神線, 南越線"
下り松,丸濱産業（有）,大串線
椿原,丸濱産業（有）,汐池線
東風泊,丸濱産業（有）,汐池線
営業所前,丸濱産業（有）,"矢神線, 大串線, 南越線, 汐池線"
病院前,丸濱産業（有）,"矢神線, 大串線, 南越線, 汐池線"
漁協前,丸濱産業（有）,"矢神線, 大串線, 南越線, 汐池線"
桟橋波止場,丸濱産業（有）,"矢神線, 大串線, 南越線, 汐池線"
旧フェリー発着前,丸濱産業（有）,"矢神線, 大串線, 南越線, 汐池線"
泊海岸通り,丸濱産業（有）,"矢神線, 大串線, 南越線, 汐池線"
新ターミナル,丸濱産業（有）,"矢神線, 大串線, 南越線, 汐池線"
立串,西肥自動車（株）,10038　上五島
上立串,西肥自動車（株）,10038　上五島
北魚目小学校前,西肥自動車（株）,10038　上五島
上小串,西肥自動車（株）,10038　上五島
新魚目診療所前,西肥自動車（株）,10038　上五島
曽根教会下,西肥自動車（株）,10038　上五島
白草,西肥自動車（株）,10038　上五島
小串入口,西肥自動車（株）,10038　上五島
小串,西肥自動車（株）,10038　上五島
度渡,西肥自動車（株）,10038　上五島
大根河原,西肥自動車（株）,10038　上五島
矢堅目,西肥自動車（株）,10038　上五島
広瀬,西肥自動車（株）,10038　上五島
マリハ,西肥自動車（株）,10038　上五島
菜切入口,西肥自動車（株）,10038　上五島
教会前,西肥自動車（株）,10038　上五島
冷水入口,西肥自動車（株）,10038　上五島
青砂ヶ浦天主堂前,西肥自動車（株）,10038　上五島
青砂浦,西肥自動車（株）,10038　上五島
西の浜,西肥自動車（株）,10038　上五島
青砂浦別道,西肥自動車（株）,10038　上五島
網上,西肥自動車（株）,10038　上五島
小河原,西肥自動車（株）,10038　上五島
青砂上,西肥自動車（株）,10038　上五島
似首峠,西肥自動車（株）,10038　上五島
奈摩,西肥自動車（株）,10038　上五島
政彦神社前,西肥自動車（株）,10038　上五島
上郷体育館前,西肥自動車（株）,10038　上五島
似首,西肥自動車（株）,10038　上五島
頭ケ島天主堂,西肥自動車（株）,10038　上五島
頭ケ島,西肥自動車（株）,10038　上五島
頭ケ島大橋,西肥自動車（株）,10038　上五島
白菊保育園前,西肥自動車（株）,10038　上五島
奈摩峠,西肥自動車（株）,10038　上五島
丸尾,西肥自動車（株）,10038　上五島
赤尾,西肥自動車（株）,10038　上五島
新魚目支所前,西肥自動車（株）,10038　上五島
黒崎峠,西肥自動車（株）,10038　上五島
浜川橋,西肥自動車（株）,10038　上五島
友住海岸,西肥自動車（株）,10038　上五島
中野橋,西肥自動車（株）,10038　上五島
深浦,西肥自動車（株）,10038　上五島
友住,西肥自動車（株）,10038　上五島
魚目小学校前,西肥自動車（株）,10038　上五島
榎津中央,西肥自動車（株）,10038　上五島
立石峠,西肥自動車（株）,10038　上五島
船崎,西肥自動車（株）,10038　上五島
畠尻,西肥自動車（株）,10038　上五島
榎津,西肥自動車（株）,10038　上五島
立石入口,西肥自動車（株）,10038　上五島
上五島中学校前,西肥自動車（株）,10038　上五島
江の浜,西肥自動車（株）,10038　上五島
横崎,西肥自動車（株）,10038　上五島
有川小河原,西肥自動車（株）,10038　上五島
椿の里,西肥自動車（株）,10038　上五島
浦,西肥自動車（株）,10038　上五島
有川港ターミナル,西肥自動車（株）,"10038　上五島, 1038　上五島"
大曽,西肥自動車（株）,10038　上五島
板浦,西肥自動車（株）,10038　上五島
上五島高校前,西肥自動車（株）,"10038　上五島, 1038　上五島"
福祉センター,西肥自動車（株）,10038　上五島
浦浜,西肥自動車（株）,"10038　上五島, 1038　上五島"
新上五島役場前,西肥自動車（株）,"10038　上五島, 1038　上五島"
振興局前,西肥自動車（株）,"10038　上五島, 1038　上五島"
新町,西肥自動車（株）,"10038　上五島, 1038　上五島"
有川港町,西肥自動車（株）,"10038　上五島, 1038　上五島"
網倉庫前,西肥自動車（株）,10038　上五島
港町,西肥自動車（株）,10038　上五島
上五島病院前,西肥自動車（株）,"10038　上五島, 1038　上五島"
有川,西肥自動車（株）,"10038　上五島, 1038　上五島"
青方,西肥自動車（株）,"10038　上五島, 1038　上五島"
浜,西肥自動車（株）,10038　上五島
有川農協前,西肥自動車（株）,10038　上五島
裁判所前,西肥自動車（株）,"10038　上五島, 1038　上五島"
有川医療センター前,西肥自動車（株）,"10038　上五島, 1038　上五島"
上有川,西肥自動車（株）,10038　上五島
茂串入口,西肥自動車（株）,"10038　上五島, 1038　上五島"
つつじが丘,西肥自動車（株）,"10038　上五島, 1038　上五島"
蛤,西肥自動車（株）,"10038　上五島, 1038　上五島"
七目,西肥自動車（株）,"10038　上五島, 1038　上五島"
青方港相河ターミナル,西肥自動車（株）,10038　上五島
鍋山橋,西肥自動車（株）,10038　上五島
相河桟橋,西肥自動車（株）,"10038　上五島, 1038　上五島"
七目南,西肥自動車（株）,"10038　上五島, 1038　上五島"
相河,西肥自動車（株）,"10038　上五島, 1038　上五島"
開拓団,西肥自動車（株）,10038　上五島
跡次,西肥自動車（株）,"10038　上五島, 1038　上五島"
箒山,西肥自動車（株）,"10038　上五島, 1038　上五島"
峠,西肥自動車（株）,10038　上五島
中野,西肥自動車（株）,10038　上五島
三日浦,西肥自動車（株）,"10038　上五島, 1038　上五島"
阿瀬津別道,西肥自動車（株）,10038　上五島
奥浦,西肥自動車（株）,10038　上五島
三日浦東,西肥自動車（株）,10038　上五島
今里大橋,西肥自動車（株）,"10038　上五島, 1038　上五島"
太田入口,西肥自動車（株）,10038　上五島
太田,西肥自動車（株）,10038　上五島
木場橋,西肥自動車（株）,10038　上五島
今里,西肥自動車（株）,"10038　上五島, 1038　上五島"
鯛の浦中央,西肥自動車（株）,10038　上五島
赤崎,西肥自動車（株）,10038　上五島
阿瀬津,西肥自動車（株）,10038　上五島
鯛の浦,西肥自動車（株）,10038　上五島
江川橋,西肥自動車（株）,10038　上五島
今里峠,西肥自動車（株）,10038　上五島
道土井,西肥自動車（株）,10038　上五島
老人ホーム前,西肥自動車（株）,10038　上五島
鯛の浦上,西肥自動車（株）,10038　上五島
浜の浦入口,西肥自動車（株）,"10038　上五島, 1038　上五島"
下の佐野原,西肥自動車（株）,10038　上五島
大瀬良広の谷,西肥自動車（株）,10038　上五島
真手浦,西肥自動車（株）,"10038　上五島, 1038　上五島"
上の佐野原,西肥自動車（株）,10038　上五島
赤井窄,西肥自動車（株）,10038　上五島
先高仏,西肥自動車（株）,"10038　上五島, 1038　上五島"
佐野原教会,西肥自動車（株）,10038　上五島
赤井窄入口,西肥自動車（株）,10038　上五島
高仏,西肥自動車（株）,"10038　上五島, 1038　上五島"
佐野原峠,西肥自動車（株）,10038　上五島
国高仏,西肥自動車（株）,"10038　上五島, 1038　上五島"
神之浦上,西肥自動車（株）,10038　上五島
彦浦入口,西肥自動車（株）,"10038　上五島, 1038　上五島"
神之浦,西肥自動車（株）,10038　上五島
郷の首,西肥自動車（株）,"10038　上五島, 1038　上五島"
元倉,西肥自動車（株）,"10038　上五島, 1038　上五島"
五斗ケ浦入口,西肥自動車（株）,10038　上五島
荒川,西肥自動車（株）,"10038　上五島, 1038　上五島"
船隠入口,西肥自動車（株）,10038　上五島
串木浦,西肥自動車（株）,"10038　上五島, 1038　上五島"
船隠,西肥自動車（株）,10038　上五島
船隠教会,西肥自動車（株）,10038　上五島
梼の木桟橋,西肥自動車（株）,"10038　上五島, 1038　上五島"
梼の木,西肥自動車（株）,"10038　上五島, 1038　上五島"
船隠上,西肥自動車（株）,10038　上五島
干切,西肥自動車（株）,10038　上五島
中浦,西肥自動車（株）,"10038　上五島, 1038　上五島"
越首,西肥自動車（株）,"10038　上五島, 1038　上五島"
中浦入口,西肥自動車（株）,10038　上五島
笛吹入口,西肥自動車（株）,"10038　上五島, 1038　上五島"
大浦海岸,西肥自動車（株）,"10038　上五島, 1038　上五島"
大浦,西肥自動車（株）,10038　上五島
後浜串,西肥自動車（株）,"10038　上五島, 1038　上五島"
マリア像入口,西肥自動車（株）,10038　上五島
大浦教会前,西肥自動車（株）,"10038　上五島, 1038　上五島"
浜串入口,西肥自動車（株）,"10038　上五島, 1038　上五島"
浜串教会前,西肥自動車（株）,"10038　上五島, 1038　上五島"
浜串,西肥自動車（株）,"10038　上五島, 1038　上五島"
杉の迫,西肥自動車（株）,"10038　上五島, 1038　上五島"
中五島高校前,西肥自動車（株）,"10038　上五島, 1038　上五島"
中五島高校,西肥自動車（株）,10038　上五島
岩瀬浦二区,西肥自動車（株）,"10038　上五島, 1038　上五島"
天満神社前,西肥自動車（株）,"10038　上五島, 1038　上五島"
岩瀬浦,西肥自動車（株）,"10038　上五島, 1038　上五島"
白魚,西肥自動車（株）,"10038　上五島, 1038　上五島"
岩瀬浦入口,西肥自動車（株）,"10038　上五島, 1038　上五島"
中山,西肥自動車（株）,"10038　上五島, 1038　上五島"
白魚入口,西肥自動車（株）,"10038　上五島, 1038　上五島"
中山体育館前,西肥自動車（株）,"10038　上五島, 1038　上五島"
福見峠,西肥自動車（株）,"10038　上五島, 1038　上五島"
白魚峠,西肥自動車（株）,"10038　上五島, 1038　上五島"
奈良尾中学校,西肥自動車（株）,"10038　上五島, 1038　上五島"
奈良尾中学校前,西肥自動車（株）,"10038　上五島, 1038　上五島"
福見教会下,西肥自動車（株）,"10038　上五島, 1038　上五島"
高井旅,西肥自動車（株）,"10038　上五島, 1038　上五島"
福見,西肥自動車（株）,"10038　上五島, 1038　上五島"
鍋倉,西肥自動車（株）,"10038　上五島, 1038　上五島"
小奈良尾脇,西肥自動車（株）,"10038　上五島, 1038　上五島"
奈良尾福祉センター前,西肥自動車（株）,10038　上五島
久保山,西肥自動車（株）,"10038　上五島, 1038　上五島"
奈良尾医療センター,西肥自動車（株）,10038　上五島
奈良尾港ターミナル,西肥自動車（株）,"10038　上五島, 1038　上五島"
奈良尾派出所前,西肥自動車（株）,10038　上五島
ターミナル入口,西肥自動車（株）,"10038　上五島, 1038　上五島"
奈良尾幼稚園入口,西肥自動車（株）,"10038　上五島, 1038　上五島"
奈良尾保育所下,西肥自動車（株）,"10038　上五島, 1038　上五島"
体育館前,西肥自動車（株）,"10038　上五島, 1038　上五島"
奈良尾支所前,西肥自動車（株）,"10038　上五島, 1038　上五島"
先小路,西肥自動車（株）,"10038　上五島, 1038　上五島"
奈良尾車庫前,西肥自動車（株）,"10038　上五島, 1038　上五島"
柳波止場,小値賀交通（株）,西循環（斑・柳方面）
唐見崎,小値賀交通（株）,東循環（唐見埼方面）
鳥山,小値賀交通（株）,東循環（唐見埼方面）
柳,小値賀交通（株）,西循環（斑・柳方面）
斑,小値賀交通（株）,西循環（斑・柳方面）
筒井浦,小値賀交通（株）,東循環（唐見埼方面）
浜津後目,小値賀交通（株）,西循環（斑・柳方面）
庵の山,小値賀交通（株）,西循環（斑・柳方面）
前方,小値賀交通（株）,東循環（唐見埼方面）
中山,小値賀交通（株）,東循環（唐見埼方面）
目崎,小値賀交通（株）,西循環（斑・柳方面）
牛渡,小値賀交通（株）,東循環（唐見埼方面）
羽山,小値賀交通（株）,東循環（唐見埼方面）
相津,小値賀交通（株）,東循環（唐見埼方面）
中学校前,小値賀交通（株）,西循環（斑・柳方面）
中村,小値賀交通（株）,東循環（唐見埼方面）
浜津波止場,小値賀交通（株）,西循環（斑・柳方面）
浜津,小値賀交通（株）,西循環（斑・柳方面）
小学校前,小値賀交通（株）,西循環（斑・柳方面）
横平,小値賀交通（株）,西循環（斑・柳方面）
小池,小値賀交通（株）,東循環（唐見埼方面）
空港入口,小値賀交通（株）,東循環（唐見埼方面）
高校前,小値賀交通（株）,西循環（斑・柳方面）
大浦,小値賀交通（株）,西循環（斑・柳方面）
林田,小値賀交通（株）,西循環（斑・柳方面）
こども園前,小値賀交通（株）,"東循環（唐見埼方面）, 西循環（斑・柳方面）"
船瀬,小値賀交通（株）,東循環（唐見埼方面）
体育館前,小値賀交通（株）,東循環（唐見埼方面）
報国寺前,小値賀交通（株）,"東循環（唐見埼方面）, 西循環（斑・柳方面）"
診療所前,小値賀交通（株）,"東循環（唐見埼方面）, 西循環（斑・柳方面）"
郵便局前,小値賀交通（株）,"東循環（唐見埼方面）, 西循環（斑・柳方面）"
笛吹,小値賀交通（株）,"東循環（唐見埼方面）, 西循環（斑・柳方面）"
小値賀港ターミナル,小値賀交通（株）,"東循環（唐見埼方面）, 西循環（斑・柳方面）"
離島待合所,小値賀交通（株）,"東循環（唐見埼方面）, 西循環（斑・柳方面）"
潮井場,小値賀交通（株）,"東循環（唐見埼方面）, 西循環（斑・柳方面）"
黒島,小値賀交通（株）,"東循環（唐見埼方面）, 西循環（斑・柳方面）"
木場,宇久観光バス（株）,島内巡回バス
大久保,宇久観光バス（株）,島内巡回バス
狩立入口,宇久観光バス（株）,島内巡回バス
狩立,宇久観光バス（株）,島内巡回バス
本飯良,宇久観光バス（株）,島内巡回バス
宇久診療所,宇久観光バス（株）,島内巡回バス
宇久小学校前,宇久観光バス（株）,島内巡回バス
啓寿園入口,宇久観光バス（株）,島内巡回バス
船倉公民館前,宇久観光バス（株）,島内巡回バス
宇久行政センター前,宇久観光バス（株）,島内巡回バス
飯良,宇久観光バス（株）,島内巡回バス
向江分駐所前,宇久観光バス（株）,島内巡回バス
高校入口,宇久観光バス（株）,島内巡回バス
宇久ターミナル,宇久観光バス（株）,島内巡回バス
総合センター前,宇久観光バス（株）,島内巡回バス
神浦郵便局前,宇久観光バス（株）,島内巡回バス
神浦,宇久観光バス（株）,島内巡回バス
鬼塚,宇久観光バス（株）,島内巡回バス
蒲浦入口,宇久観光バス（株）,島内巡回バス
長野入口,宇久観光バス（株）,島内巡回バス
宇久島神社前,宇久観光バス（株）,島内巡回バス
福浦,宇久観光バス（株）,島内巡回バス
小浜,宇久観光バス（株）,島内巡回バス
蒲浦,宇久観光バス（株）,島内巡回バス
下山,宇久観光バス（株）,島内巡回バス
島の浦,対馬市,鰐浦・比田勝循環線
落土,対馬市,鰐浦・比田勝循環線
豊,対馬市,鰐浦・比田勝循環線
鰐浦,対馬市,鰐浦・比田勝循環線
泉,対馬市,鰐浦・比田勝循環線
河内,対馬交通（株）,"縦貫線・仁位線・赤島線・犬吠線・空港線・ケ※知線・病院線・高校線, 舟志・小鹿線, 伊奈線"
渚の湯,対馬市,鰐浦・比田勝循環線
大浦,対馬市,鰐浦・比田勝循環線
大浦,対馬交通（株）,"縦貫線・仁位線・赤島線・犬吠線・空港線・ケ※知線・病院線・高校線, 舟志・小鹿線, 伊奈線"
高校前,対馬市,鰐浦・比田勝循環線
高校前,対馬交通（株）,"縦貫線・仁位線・赤島線・犬吠線・空港線・ケ※知線・病院線・高校線, 舟志・小鹿線, 上対馬病院線, 伊奈線"
古里,対馬市,鰐浦・比田勝循環線
経ノ先,対馬市,鰐浦・比田勝循環線
上対馬病院,対馬市,鰐浦・比田勝循環線
上対馬病院,対馬交通（株）,"縦貫線・仁位線・赤島線・犬吠線・空港線・ケ※知線・病院線・高校線, 舟志・小鹿線, 上対馬病院線, 伊奈線"
西泊,対馬市,鰐浦・比田勝循環線
国際ターミナル,対馬市,鰐浦・比田勝循環線
国際ターミナル,対馬交通（株）,縦貫線・仁位線・赤島線・犬吠線・空港線・ケ※知線・病院線・高校線
比田勝港（公衆トイレ前）,対馬市,鰐浦・比田勝循環線
比田勝港（スクールバス停）,対馬市,鰐浦・比田勝循環線
西津屋口,対馬交通（株）,"縦貫線・仁位線・赤島線・犬吠線・空港線・ケ※知線・病院線・高校線, 舟志・小鹿線, 伊奈線"
比田勝,対馬市,"鰐浦・比田勝循環線, 比田勝・唐舟志線"
比田勝,対馬交通（株）,"縦貫線・仁位線・赤島線・犬吠線・空港線・ケ※知線・病院線・高校線, 舟志・小鹿線, 上対馬病院線, 伊奈線"
国内ターミナル,対馬市,鰐浦・比田勝循環線
網代,対馬市,比田勝・唐舟志線
上町,対馬交通（株）,"縦貫線・仁位線・赤島線・犬吠線・空港線・ケ※知線・病院線・高校線, 舟志・小鹿線, 伊奈線"
佐須奈,対馬交通（株）,"縦貫線・仁位線・赤島線・犬吠線・空港線・ケ※知線・病院線・高校線, 舟志・小鹿線, 伊奈線"
津和,対馬市,比田勝・唐舟志線
湊,対馬交通（株）,"縦貫線・仁位線・赤島線・犬吠線・空港線・ケ※知線・病院線・高校線, 伊奈線"
浜久須,対馬交通（株）,舟志・小鹿線
唐舟志入口,対馬市,比田勝・唐舟志線
友谷,対馬交通（株）,"縦貫線・仁位線・赤島線・犬吠線・空港線・ケ※知線・病院線・高校線, 伊奈線"
井口,対馬交通（株）,"縦貫線・仁位線・赤島線・犬吠線・空港線・ケ※知線・病院線・高校線, 舟志・小鹿線, 伊奈線"
大増,対馬交通（株）,舟志・小鹿線
唐舟志,対馬市,比田勝・唐舟志線
学校前,対馬交通（株）,"縦貫線・仁位線・赤島線・犬吠線・空港線・ケ※知線・病院線・高校線, 舟志・小鹿線, 伊奈線"
佐護,対馬交通（株）,"縦貫線・仁位線・赤島線・犬吠線・空港線・ケ※知線・病院線・高校線, 舟志・小鹿線, 伊奈線"
舟志,対馬交通（株）,舟志・小鹿線
深山,対馬交通（株）,"縦貫線・仁位線・赤島線・犬吠線・空港線・ケ※知線・病院線・高校線, 舟志・小鹿線, 伊奈線"
竜ノ口,対馬交通（株）,"縦貫線・仁位線・赤島線・犬吠線・空港線・ケ※知線・病院線・高校線, 伊奈線"
中原,対馬交通（株）,舟志・小鹿線
中山口,対馬交通（株）,"縦貫線・仁位線・赤島線・犬吠線・空港線・ケ※知線・病院線・高校線, 伊奈線"
神社前,対馬交通（株）,舟志・小鹿線
御獄入口,対馬交通（株）,"縦貫線・仁位線・赤島線・犬吠線・空港線・ケ※知線・病院線・高校線, 伊奈線"
志多留,対馬交通（株）,伊奈線
丸山,対馬交通（株）,伊奈線
学校前,対馬交通（株）,伊奈線
伊奈,対馬交通（株）,伊奈線
琴,対馬市,仁位・琴線
琴,対馬交通（株）,舟志・小鹿線
住民センター前,対馬交通（株）,舟志・小鹿線
住民センター前,対馬市,仁位・琴線
越高,対馬交通（株）,伊奈線
御園,対馬交通（株）,"縦貫線・仁位線・赤島線・犬吠線・空港線・ケ※知線・病院線・高校線, 伊奈線"
瀬田,対馬交通（株）,"縦貫線・仁位線・赤島線・犬吠線・空港線・ケ※知線・病院線・高校線, 伊奈線"
犬ヶ浦入口,対馬交通（株）,"縦貫線・仁位線・赤島線・犬吠線・空港線・ケ※知線・病院線・高校線, 伊奈線"
芦見,対馬市,仁位・琴線
芦見,対馬交通（株）,舟志・小鹿線
仁田浜,対馬交通（株）,"縦貫線・仁位線・赤島線・犬吠線・空港線・ケ※知線・病院線・高校線, 伊奈線"
芦見浜,対馬交通（株）,舟志・小鹿線
芦見浜,対馬市,仁位・琴線
仁田,対馬交通（株）,"縦貫線・仁位線・赤島線・犬吠線・空港線・ケ※知線・病院線・高校線, 鹿見線, 伊奈線"
一重,対馬市,仁位・琴線
一重,対馬交通（株）,舟志・小鹿線
弓の原,対馬交通（株）,"縦貫線・仁位線・赤島線・犬吠線・空港線・ケ※知線・病院線・高校線, 鹿見線"
小鹿,対馬市,仁位・琴線
小鹿,対馬交通（株）,舟志・小鹿線
公民館前,対馬市,三根・鹿見線
公民館前,対馬交通（株）,"縦貫線・仁位線・赤島線・犬吠線・空港線・ケ※知線・病院線・高校線, 鹿見線"
鹿見,対馬市,三根・鹿見線
鹿見,対馬交通（株）,"縦貫線・仁位線・赤島線・犬吠線・空港線・ケ※知線・病院線・高校線, 鹿見線"
久原,対馬市,三根・鹿見線
久原,対馬交通（株）,"縦貫線・仁位線・赤島線・犬吠線・空港線・ケ※知線・病院線・高校線, 鹿見線"
久原校前,対馬交通（株）,鹿見線
久原校前,対馬市,三根・鹿見線
女連,対馬市,三根・鹿見線
女連,対馬交通（株）,鹿見線
鹿見口,対馬交通（株）,"縦貫線・仁位線・赤島線・犬吠線・空港線・ケ※知線・病院線・高校線, 鹿見線"
志越,対馬市,"三根・志越線, 仁位・琴線"
津柳,対馬市,三根・鹿見線
内の落,対馬市,"三根・志越線, 仁位・琴線"
志多賀,対馬市,"三根・志越線, 仁位・琴線"
上里,対馬市,三根・志越線
上里,対馬交通（株）,縦貫線・仁位線・赤島線・犬吠線・空港線・ケ※知線・病院線・高校線
中里,対馬市,三根・志越線
中里,対馬交通（株）,縦貫線・仁位線・赤島線・犬吠線・空港線・ケ※知線・病院線・高校線
大久保,対馬市,三根・志越線
大久保,対馬交通（株）,"縦貫線・仁位線・赤島線・犬吠線・空港線・ケ※知線・病院線・高校線, 鹿見線"
下里,対馬市,三根・志越線
下里,対馬交通（株）,縦貫線・仁位線・赤島線・犬吠線・空港線・ケ※知線・病院線・高校線
青海,対馬交通（株）,青海線
三根,対馬市,"三根・鹿見線, 三根・志越線"
三根,対馬交通（株）,"縦貫線・仁位線・赤島線・犬吠線・空港線・ケ※知線・病院線・高校線, 青海線, 仁位・三根線"
大橋,対馬交通（株）,"縦貫線・仁位線・赤島線・犬吠線・空港線・ケ※知線・病院線・高校線, 青海線, 仁位・三根線"
神社前,対馬交通（株）,青海線
三根診療所前,対馬市,三根・志越線
三根浜,対馬交通（株）,青海線
郵便局前,対馬交通（株）,"縦貫線・仁位線・赤島線・犬吠線・空港線・ケ※知線・病院線・高校線, 青海線"
ダム,対馬市,三根・志越線
木坂,対馬交通（株）,"縦貫線・仁位線・赤島線・犬吠線・空港線・ケ※知線・病院線・高校線, 青海線"
佐賀診療所前,対馬市,"櫛・佐賀線, 三根・志越線, 仁位・琴線"
東小,対馬市,仁位・琴線
佐賀,対馬市,"櫛・佐賀線, 三根・志越線, 仁位・琴線"
櫛入口,対馬市,"櫛・佐賀線, 三根・志越線, 仁位・琴線"
狩尾,対馬交通（株）,"縦貫線・仁位線・赤島線・犬吠線・空港線・ケ※知線・病院線・高校線, 青海線"
ハートランド前,対馬市,"櫛・佐賀線, 三根・志越線, 仁位・琴線"
吉田,対馬交通（株）,"縦貫線・仁位線・赤島線・犬吠線・空港線・ケ※知線・病院線・高校線, 小綱循環線, 仁位・三根線"
トクエ,対馬市,"櫛・佐賀線, 仁位・琴線"
櫛,対馬市,"櫛・佐賀線, 仁位・琴線"
位の端,対馬市,仁位・琴線
田大橋,対馬交通（株）,"縦貫線・仁位線・赤島線・犬吠線・空港線・ケ※知線・病院線・高校線, 小綱循環線"
田,対馬交通（株）,"縦貫線・仁位線・赤島線・犬吠線・空港線・ケ※知線・病院線・高校線, 小綱循環線, 仁位・三根線"
曽,対馬市,仁位・琴線
小綱,対馬交通（株）,"縦貫線・仁位線・赤島線・犬吠線・空港線・ケ※知線・病院線・高校線, 小綱循環線"
大綱,対馬交通（株）,"縦貫線・仁位線・赤島線・犬吠線・空港線・ケ※知線・病院線・高校線, 小綱循環線"
荷舟,対馬交通（株）,小綱循環線
志多浦,対馬交通（株）,小綱循環線
千尋藻,対馬市,仁位・琴線
仁位長田,対馬交通（株）,"縦貫線・仁位線・赤島線・犬吠線・空港線・ケ※知線・病院線・高校線, 小綱循環線, 仁位・三根線"
仁位,対馬市,"仁位・貝鮒線, 仁位・見世浦線, 仁位・廻線, 仁位・琴線"
仁位,対馬交通（株）,"縦貫線・仁位線・赤島線・犬吠線・空港線・ケ※知線・病院線・高校線, 小綱循環線, 仁位・三根線"
鑓川,対馬市,仁位・琴線
豊玉高校前,対馬市,仁位・廻線
佐保,対馬交通（株）,小綱循環線
豊玉中学校,対馬市,仁位・廻線
糸瀬道,対馬市,"仁位・貝鮒線, 仁位・見世浦線, 仁位・廻線"
糸瀬道,対馬交通（株）,"縦貫線・仁位線・赤島線・犬吠線・空港線・ケ※知線・病院線・高校線, 小綱循環線"
カラクロ,対馬市,仁位・琴線
佐保橋,対馬市,仁位・廻線
見世浦,対馬市,仁位・見世浦線
豊玉小学校前,対馬市,"仁位・貝鮒線, 仁位・見世浦線, 仁位・廻線"
塩浜,対馬市,仁位・見世浦線
豊玉診療所前,対馬市,仁位・廻線
仁位浜口,対馬市,仁位・廻線
仁位浜入口,対馬交通（株）,"縦貫線・仁位線・赤島線・犬吠線・空港線・ケ※知線・病院線・高校線, 小綱循環線"
横浦,対馬市,仁位・見世浦線
旧塩浦小前,対馬市,仁位・琴線
糠,対馬市,仁位・廻線
糠,対馬交通（株）,"縦貫線・仁位線・赤島線・犬吠線・空港線・ケ※知線・病院線・高校線, 小綱循環線"
卯麦,対馬市,仁位・廻線
卯麦,対馬交通（株）,小綱循環線
浦底,対馬市,"仁位・見世浦線, 仁位・琴線"
浦底,対馬交通（株）,"縦貫線・仁位線・赤島線・犬吠線・空港線・ケ※知線・病院線・高校線, 小綱循環線"
和板,対馬市,"仁位・見世浦線, 仁位・琴線"
和板,対馬交通（株）,"縦貫線・仁位線・赤島線・犬吠線・空港線・ケ※知線・病院線・高校線, 小綱循環線"
濃部入口,対馬交通（株）,縦貫線・仁位線・赤島線・犬吠線・空港線・ケ※知線・病院線・高校線
濃部,対馬交通（株）,縦貫線・仁位線・赤島線・犬吠線・空港線・ケ※知線・病院線・高校線
糸瀬,対馬市,仁位・貝鮒線
賀谷,対馬交通（株）,縦貫線・仁位線・赤島線・犬吠線・空港線・ケ※知線・病院線・高校線
廻,対馬市,仁位・廻線
貝口,対馬市,仁位・廻線
佐志賀,対馬市,仁位・貝鮒線
佐志賀入口,対馬市,仁位・貝鮒線
赤島,対馬交通（株）,縦貫線・仁位線・赤島線・犬吠線・空港線・ケ※知線・病院線・高校線
水崎診療所前,対馬市,仁位・廻線
嵯峨,対馬市,仁位・貝鮒線
唐洲,対馬市,仁位・廻線
漁協入口,対馬交通（株）,縦貫線・仁位線・赤島線・犬吠線・空港線・ケ※知線・病院線・高校線
加志々,対馬市,仁位・廻線
赤島大橋,対馬交通（株）,縦貫線・仁位線・赤島線・犬吠線・空港線・ケ※知線・病院線・高校線
貝鮒,対馬市,仁位・貝鮒線
芦ヶ浦,対馬交通（株）,縦貫線・仁位線・赤島線・犬吠線・空港線・ケ※知線・病院線・高校線
鴨居瀬入口,対馬交通（株）,縦貫線・仁位線・赤島線・犬吠線・空港線・ケ※知線・病院線・高校線
砲台跡,対馬交通（株）,縦貫線・仁位線・赤島線・犬吠線・空港線・ケ※知線・病院線・高校線
小船越,対馬交通（株）,縦貫線・仁位線・赤島線・犬吠線・空港線・ケ※知線・病院線・高校線
住吉大橋,対馬交通（株）,縦貫線・仁位線・赤島線・犬吠線・空港線・ケ※知線・病院線・高校線
鴨小前,対馬交通（株）,縦貫線・仁位線・赤島線・犬吠線・空港線・ケ※知線・病院線・高校線
鴨居瀬,対馬交通（株）,縦貫線・仁位線・赤島線・犬吠線・空港線・ケ※知線・病院線・高校線
大山,対馬交通（株）,縦貫線・仁位線・赤島線・犬吠線・空港線・ケ※知線・病院線・高校線
畠浦,対馬交通（株）,縦貫線・仁位線・赤島線・犬吠線・空港線・ケ※知線・病院線・高校線
昼ヶ浦,対馬市,ケ※知・昼ヶ浦
大山入口,対馬交通（株）,縦貫線・仁位線・赤島線・犬吠線・空港線・ケ※知線・病院線・高校線
犬吠浜,対馬交通（株）,縦貫線・仁位線・赤島線・犬吠線・空港線・ケ※知線・病院線・高校線
犬吠入口,対馬交通（株）,縦貫線・仁位線・赤島線・犬吠線・空港線・ケ※知線・病院線・高校線
犬吠,対馬交通（株）,縦貫線・仁位線・赤島線・犬吠線・空港線・ケ※知線・病院線・高校線
尾崎,対馬交通（株）,尾崎線
中ノ町,対馬交通（株）,尾崎線
竹敷団地前,対馬交通（株）,竹敷線
竹敷,対馬交通（株）,"尾崎線, 竹敷線"
万関,対馬交通（株）,縦貫線・仁位線・赤島線・犬吠線・空港線・ケ※知線・病院線・高校線
中町,対馬交通（株）,"尾崎線, 竹敷線"
吹崎,対馬交通（株）,"尾崎線, 竹敷線"
浦町,対馬交通（株）,"尾崎線, 竹敷線"
昼ヶ浦入口,対馬交通（株）,"尾崎線, 竹敷線"
昼ヶ浦入口,対馬市,ケ※知・昼ヶ浦
黒瀬,対馬交通（株）,"尾崎線, 竹敷線"
黒瀬,対馬市,ケ※知・昼ヶ浦
島ノ内,対馬交通（株）,"尾崎線, 竹敷線"
島ノ内,対馬市,ケ※知・昼ヶ浦
加志浜,対馬交通（株）,"尾崎線, 竹敷線"
久須保,対馬交通（株）,縦貫線・仁位線・赤島線・犬吠線・空港線・ケ※知線・病院線・高校線
箕形,対馬交通（株）,"尾崎線, 竹敷線"
今里,対馬交通（株）,尾崎線
加志入口,対馬交通（株）,尾崎線
緒方入口,対馬交通（株）,縦貫線・仁位線・赤島線・犬吠線・空港線・ケ※知線・病院線・高校線
対馬やまねこ空港,対馬交通（株）,"縦貫線・仁位線・赤島線・犬吠線・空港線・ケ※知線・病院線・高校線, 尾崎線"
加志,対馬交通（株）,尾崎線
対馬病院,対馬市,ケ※知・昼ヶ浦
対馬病院,対馬交通（株）,"縦貫線・仁位線・赤島線・犬吠線・空港線・ケ※知線・病院線・高校線, 尾崎線, 竹敷線"
水源地,対馬交通（株）,縦貫線・仁位線・赤島線・犬吠線・空港線・ケ※知線・病院線・高校線
久須ヶ浜,対馬交通（株）,"尾崎線, 竹敷線"
久須ヶ浜,対馬市,ケ※知・昼ヶ浦
空港入口,対馬交通（株）,"縦貫線・仁位線・赤島線・犬吠線・空港線・ケ※知線・病院線・高校線, 尾崎線, 竹敷線"
大船越,対馬交通（株）,縦貫線・仁位線・赤島線・犬吠線・空港線・ケ※知線・病院線・高校線
樽ヶ浜,対馬市,ケ※知・昼ヶ浦
樽ヶ浜,対馬交通（株）,"縦貫線・仁位線・赤島線・犬吠線・空港線・ケ※知線・病院線・高校線, 尾崎線, 竹敷線"
中学校入口,対馬交通（株）,縦貫線・仁位線・赤島線・犬吠線・空港線・ケ※知線・病院線・高校線
洲藻,対馬交通（株）,"尾崎線, 竹敷線"
樽ヶ浜入口,対馬交通（株）,縦貫線・仁位線・赤島線・犬吠線・空港線・ケ※知線・病院線・高校線
樽ヶ浜橋,対馬市,ケ※知・昼ヶ浦
樽ヶ浜橋,対馬交通（株）,"縦貫線・仁位線・赤島線・犬吠線・空港線・ケ※知線・病院線・高校線, 尾崎線, 竹敷線"
阿連,対馬市,阿連・小茂田線
洲藻入口,対馬交通（株）,"縦貫線・仁位線・赤島線・犬吠線・空港線・ケ※知線・病院線・高校線, 尾崎線, 竹敷線"
洲藻入口,対馬市,ケ※知・昼ヶ浦
ケ※知宮前,対馬市,ケ※知・昼ヶ浦
ケ※知宮前,対馬交通（株）,"縦貫線・仁位線・赤島線・犬吠線・空港線・ケ※知線・病院線・高校線, 尾崎線, 竹敷線"
中の町,対馬交通（株）,"縦貫線・仁位線・赤島線・犬吠線・空港線・ケ※知線・病院線・高校線, 尾崎線, 竹敷線"
ケ※知中の町,対馬市,ケ※知・昼ヶ浦
阿連浜,対馬市,阿連・小茂田線
ケ※知,対馬交通（株）,縦貫線・仁位線・赤島線・犬吠線・空港線・ケ※知線・病院線・高校線
旧中対馬病院,対馬交通（株）,縦貫線・仁位線・赤島線・犬吠線・空港線・ケ※知線・病院線・高校線
高浜,対馬交通（株）,縦貫線・仁位線・赤島線・犬吠線・空港線・ケ※知線・病院線・高校線
高浜橋,対馬交通（株）,縦貫線・仁位線・赤島線・犬吠線・空港線・ケ※知線・病院線・高校線
内良,対馬交通（株）,縦貫線・仁位線・赤島線・犬吠線・空港線・ケ※知線・病院線・高校線
根緒,対馬交通（株）,縦貫線・仁位線・赤島線・犬吠線・空港線・ケ※知線・病院線・高校線
佐須中前,対馬市,阿連・小茂田線
小茂田,対馬市,阿連・小茂田線
白土,対馬交通（株）,縦貫線・仁位線・赤島線・犬吠線・空港線・ケ※知線・病院線・高校線
小浦,対馬交通（株）,縦貫線・仁位線・赤島線・犬吠線・空港線・ケ※知線・病院線・高校線
漁協前,対馬交通（株）,縦貫線・仁位線・赤島線・犬吠線・空港線・ケ※知線・病院線・高校線
南室,対馬交通（株）,縦貫線・仁位線・赤島線・犬吠線・空港線・ケ※知線・病院線・高校線
曲,対馬交通（株）,縦貫線・仁位線・赤島線・犬吠線・空港線・ケ※知線・病院線・高校線
阿須,対馬交通（株）,"縦貫線・仁位線・赤島線・犬吠線・空港線・ケ※知線・病院線・高校線, 厳原市内循環線"
厳原中学校前,対馬交通（株）,"縦貫線・仁位線・赤島線・犬吠線・空港線・ケ※知線・病院線・高校線, 厳原市内循環線"
小阿須,対馬交通（株）,"縦貫線・仁位線・赤島線・犬吠線・空港線・ケ※知線・病院線・高校線, 厳原市内循環線"
税務署前,対馬交通（株）,"縦貫線・仁位線・赤島線・犬吠線・空港線・ケ※知線・病院線・高校線, 厳原市内循環線"
対馬高校,対馬交通（株）,"縦貫線・仁位線・赤島線・犬吠線・空港線・ケ※知線・病院線・高校線, 厳原市内循環線"
北厳原幼稚園専用,対馬交通（株）,縦貫線・仁位線・赤島線・犬吠線・空港線・ケ※知線・病院線・高校線
振興局前,対馬交通（株）,"縦貫線・仁位線・赤島線・犬吠線・空港線・ケ※知線・病院線・高校線, 厳原市内循環線"
農協前,対馬交通（株）,"縦貫線・仁位線・赤島線・犬吠線・空港線・ケ※知線・病院線・高校線, 厳原市内循環線"
警察署前,対馬交通（株）,"縦貫線・仁位線・赤島線・犬吠線・空港線・ケ※知線・病院線・高校線, 厳原市内循環線"
特老前,対馬交通（株）,"縦貫線・仁位線・赤島線・犬吠線・空港線・ケ※知線・病院線・高校線, 厳原市内循環線"
ティアラ前,対馬交通（株）,縦貫線・仁位線・赤島線・犬吠線・空港線・ケ※知線・病院線・高校線
厳原,対馬交通（株）,"縦貫線・仁位線・赤島線・犬吠線・空港線・ケ※知線・病院線・高校線, 厳原市内循環線, 久田・安神線, 浅藻浜線, 内院線, 内山・久根浜・上槻線"
西の浜,対馬交通（株）,"縦貫線・仁位線・赤島線・犬吠線・空港線・ケ※知線・病院線・高校線, 厳原市内循環線, 久田・安神線, 浅藻浜線, 内院線, 内山・久根浜・上槻線"
診療所入口,対馬交通（株）,"縦貫線・仁位線・赤島線・犬吠線・空港線・ケ※知線・病院線・高校線, 厳原市内循環線"
東の浜,対馬交通（株）,"縦貫線・仁位線・赤島線・犬吠線・空港線・ケ※知線・病院線・高校線, 厳原市内循環線"
桟橋,対馬交通（株）,"縦貫線・仁位線・赤島線・犬吠線・空港線・ケ※知線・病院線・高校線, 厳原市内循環線, 久田・安神線, 浅藻浜線, 内山・久根浜・上槻線"
厳原診療所,対馬交通（株）,"縦貫線・仁位線・赤島線・犬吠線・空港線・ケ※知線・病院線・高校線, 厳原市内循環線"
厳原国内ターミナル,対馬交通（株）,"縦貫線・仁位線・赤島線・犬吠線・空港線・ケ※知線・病院線・高校線, 厳原市内循環線"
志賀ノ鼻,対馬交通（株）,"縦貫線・仁位線・赤島線・犬吠線・空港線・ケ※知線・病院線・高校線, 厳原市内循環線, 久田・安神線, 浅藻浜線, 内院線, 内山・久根浜・上槻線"
春田屋敷,対馬交通（株）,"縦貫線・仁位線・赤島線・犬吠線・空港線・ケ※知線・病院線・高校線, 厳原市内循環線, 久田・安神線, 浅藻浜線, 内院線, 内山・久根浜・上槻線"
上槻,対馬交通（株）,内山・久根浜・上槻線
久田,対馬交通（株）,"厳原市内循環線, 久田・安神線, 浅藻浜線, 内院線, 内山・久根浜・上槻線"
柳ノ元,対馬交通（株）,"厳原市内循環線, 久田・安神線, 浅藻浜線, 内院線, 内山・久根浜・上槻線"
大調校前,対馬交通（株）,内山・久根浜・上槻線
久根田舎,対馬交通（株）,内山・久根浜・上槻線
尾浦入口,対馬交通（株）,"久田・安神線, 浅藻浜線, 内院線, 内山・久根浜・上槻線"
久根浜,対馬交通（株）,内山・久根浜・上槻線
尾浦,対馬交通（株）,"久田・安神線, 浅藻浜線, 内院線, 内山・久根浜・上槻線"
内山,対馬交通（株）,"浅藻浜線, 内院線, 内山・久根浜・上槻線"
在家,対馬交通（株）,"浅藻浜線, 内院線, 内山・久根浜・上槻線"
安神入口,対馬交通（株）,"久田・安神線, 浅藻浜線, 内院線, 内山・久根浜・上槻線"
桃の木,対馬交通（株）,"浅藻浜線, 内山・久根浜・上槻線"
鮎もどし,対馬交通（株）,"浅藻浜線, 内山・久根浜・上槻線"
豆酘瀬,対馬交通（株）,"浅藻浜線, 内山・久根浜・上槻線"
佐須瀬,対馬交通（株）,"浅藻浜線, 内山・久根浜・上槻線"
瀬,対馬交通（株）,浅藻浜線
安神,対馬交通（株）,"久田・安神線, 浅藻浜線, 内院線, 内山・久根浜・上槻線"
久和入口,対馬交通（株）,"浅藻浜線, 内院線, 内山・久根浜・上槻線"
久和,対馬交通（株）,"浅藻浜線, 内院線, 内山・久根浜・上槻線"
内院入口,対馬交通（株）,"浅藻浜線, 内院線, 内山・久根浜・上槻線"
豆酘出張所前,対馬交通（株）,"浅藻浜線, 内山・久根浜・上槻線"
豆酘,対馬交通（株）,"浅藻浜線, 内山・久根浜・上槻線"
内院,対馬交通（株）,"浅藻浜線, 内院線, 内山・久根浜・上槻線"
奥浅藻,対馬交通（株）,"浅藻浜線, 内院線, 内山・久根浜・上槻線"
浅藻浜,対馬交通（株）,"浅藻浜線, 内院線, 内山・久根浜・上槻線"
浅藻,対馬交通（株）,"浅藻浜線, 内院線, 内山・久根浜・上槻線"
桟橋,さいかい交通（株）,池島線［さいかい交通］
池の口,さいかい交通（株）,池島線［さいかい交通］
変電所前,さいかい交通（株）,池島線［さいかい交通］
郷東,さいかい交通（株）,池島線［さいかい交通］
鉱業所,さいかい交通（株）,池島線［さいかい交通］
新店街通り,さいかい交通（株）,池島線［さいかい交通］
グランド前,さいかい交通（株）,池島線［さいかい交通］
神社下,さいかい交通（株）,池島線［さいかい交通］
公住入口,さいかい交通（株）,池島線［さいかい交通］
釜浦桟橋前,さいかい交通（株）,松島線［さいかい交通］
診療所前,さいかい交通（株）,松島線［さいかい交通］
桜坂,さいかい交通（株）,松島線［さいかい交通］
内浦,さいかい交通（株）,松島線［さいかい交通］
西泊,さいかい交通（株）,松島線［さいかい交通］
西泊港,さいかい交通（株）,松島線［さいかい交通］
太田,さいかい交通（株）,松島線［さいかい交通］
外平公民館,さいかい交通（株）,松島線［さいかい交通］
瀬戸畑,さいかい交通（株）,松島線［さいかい交通］
グラバー別邸,（有）富川運送,高島線
本町,（有）富川運送,高島線
釣り公園,（有）富川運送,高島線
公営一,（有）富川運送,高島線
営業所,（有）富川運送,高島線
郵便局,（有）富川運送,高島線
船舶,（有）富川運送,高島線
光町,（有）富川運送,高島線
阿翁,昭和自動車（株）,鷹島線
阿翁浦,昭和自動車（株）,鷹島線
阿翁入口,昭和自動車（株）,鷹島線
日比入口,昭和自動車（株）,鷹島線
神崎入口,昭和自動車（株）,鷹島線
石川,昭和自動車（株）,鷹島線
里入口,昭和自動車（株）,鷹島線
病院前,昭和自動車（株）,鷹島線
上神崎,昭和自動車（株）,鷹島線
鷹島支所,昭和自動車（株）,鷹島線
道の駅鷹ら島,昭和自動車（株）,鷹島線
下神崎,昭和自動車（株）,鷹島線
塩谷,壱岐交通（株）,"郷ノ浦→湯ノ本→勝本・天ケ原［壱岐交通］, 天ヶ原-勝本-仲折［壱岐交通］"
天ヶ原,壱岐交通（株）,"郷ノ浦→湯ノ本→勝本・天ケ原［壱岐交通］, 天ヶ原-勝本-仲折［壱岐交通］"
仲折,壱岐交通（株）,"芦辺→勝本→国分寺→郷ノ浦［壱岐交通］, 市勝本支所→仲折［壱岐交通］, 勝本中学→仲折［壱岐交通］, 勝本→商高→湯ノ本→郷ノ浦［壱岐交通］, 郷ノ浦→湯ノ本→勝本・天ケ原［壱岐交通］, 郷ノ浦→湯ノ本→勝本〔壱岐病院〕［壱岐交通］, 天ヶ原-勝本-仲折［壱岐交通］"
漁協前,壱岐交通（株）,"郷ノ浦→湯ノ本→勝本・天ケ原［壱岐交通］, 天ヶ原-勝本-仲折［壱岐交通］"
正村公民館前,壱岐交通（株）,"芦辺→勝本→国分寺→郷ノ浦［壱岐交通］, 市勝本支所→仲折［壱岐交通］, 勝本中学→仲折［壱岐交通］, 勝本→商高→湯ノ本→郷ノ浦［壱岐交通］, 郷ノ浦→湯ノ本→勝本・天ケ原［壱岐交通］, 郷ノ浦→湯ノ本→勝本〔壱岐病院〕［壱岐交通］, 天ヶ原-勝本-仲折［壱岐交通］"
勝本,壱岐交通（株）,"芦辺→勝本→国分寺→郷ノ浦［壱岐交通］, 市勝本支所→仲折［壱岐交通］, 勝本中学→仲折［壱岐交通］, 勝本→商高→湯ノ本→郷ノ浦［壱岐交通］, 郷ノ浦→湯ノ本→勝本・天ケ原［壱岐交通］, 郷ノ浦→湯ノ本→勝本〔壱岐病院〕［壱岐交通］, 天ヶ原-勝本-仲折［壱岐交通］"
勝本入口,壱岐交通（株）,"芦辺→勝本→国分寺→郷ノ浦［壱岐交通］, 市勝本支所→仲折［壱岐交通］, 勝本中学→仲折［壱岐交通］, 勝本→商高→湯ノ本→郷ノ浦［壱岐交通］, 郷ノ浦→湯ノ本→勝本・天ケ原［壱岐交通］, 郷ノ浦→湯ノ本→勝本〔壱岐病院〕［壱岐交通］, 天ヶ原-勝本-仲折［壱岐交通］"
勝本中学校前,壱岐交通（株）,"芦辺→勝本→国分寺→郷ノ浦［壱岐交通］, 勝本中学→仲折［壱岐交通］, 勝本→商高→湯ノ本→郷ノ浦［壱岐交通］"
壱岐市役所勝本庁舎前,壱岐交通（株）,"芦辺→勝本→国分寺→郷ノ浦［壱岐交通］, 市勝本支所→仲折［壱岐交通］, 郷ノ浦→湯ノ本→勝本・天ケ原［壱岐交通］, 郷ノ浦→湯ノ本→勝本〔壱岐病院〕［壱岐交通］"
城山,壱岐交通（株）,"芦辺→勝本→国分寺→郷ノ浦［壱岐交通］, 郷ノ浦→湯ノ本→勝本・天ケ原［壱岐交通］, 郷ノ浦→湯ノ本→勝本〔壱岐病院〕［壱岐交通］"
稲荷下,壱岐交通（株）,"芦辺→勝本→国分寺→郷ノ浦［壱岐交通］, 郷ノ浦→湯ノ本→勝本・天ケ原［壱岐交通］, 郷ノ浦→湯ノ本→勝本〔壱岐病院〕［壱岐交通］"
大久保公民館,壱岐交通（株）,"郷ノ浦→湯ノ本→勝本・天ケ原［壱岐交通］, 郷ノ浦→湯ノ本→勝本〔壱岐病院〕［壱岐交通］"
霞翠校前,壱岐交通（株）,"芦辺→勝本→国分寺→郷ノ浦［壱岐交通］, 勝本→商高→湯ノ本→郷ノ浦［壱岐交通］"
大久保屋敷,壱岐交通（株）,芦辺→勝本→国分寺→郷ノ浦［壱岐交通］
加賀城,壱岐交通（株）,"郷ノ浦→湯ノ本→勝本・天ケ原［壱岐交通］, 郷ノ浦→湯ノ本→勝本〔壱岐病院〕［壱岐交通］"
平川橋,壱岐交通（株）,"芦辺→勝本→国分寺→郷ノ浦［壱岐交通］, 勝本→商高→湯ノ本→郷ノ浦［壱岐交通］"
天理教前,壱岐交通（株）,芦辺→勝本→国分寺→郷ノ浦［壱岐交通］
松田,壱岐交通（株）,"郷ノ浦→湯ノ本→勝本・天ケ原［壱岐交通］, 郷ノ浦→湯ノ本→勝本〔壱岐病院〕［壱岐交通］"
新城,壱岐交通（株）,"芦辺→勝本→国分寺→郷ノ浦［壱岐交通］, 勝本→商高→湯ノ本→郷ノ浦［壱岐交通］"
新城橋,壱岐交通（株）,"芦辺→勝本→国分寺→郷ノ浦［壱岐交通］, 商業高校→芦辺［壱岐交通］"
鳥越,壱岐交通（株）,"郷ノ浦→湯ノ本→勝本・天ケ原［壱岐交通］, 郷ノ浦→湯ノ本→勝本〔壱岐病院〕［壱岐交通］"
商業高校,壱岐交通（株）,"芦辺→勝本→国分寺→郷ノ浦［壱岐交通］, 商業高校→芦辺［壱岐交通］, 勝本→商高→湯ノ本→郷ノ浦［壱岐交通］"
鎌田,壱岐交通（株）,"芦辺→勝本→国分寺→郷ノ浦［壱岐交通］, 勝本→商高→湯ノ本→郷ノ浦［壱岐交通］"
高松川,壱岐交通（株）,"芦辺→勝本→国分寺→郷ノ浦［壱岐交通］, 商業高校→芦辺［壱岐交通］"
神岳入口,壱岐交通（株）,勝本→商高→湯ノ本→郷ノ浦［壱岐交通］
炭焼,壱岐交通（株）,"芦辺→勝本→国分寺→郷ノ浦［壱岐交通］, 勝本→商高→湯ノ本→郷ノ浦［壱岐交通］"
塞ノ神,壱岐交通（株）,"郷ノ浦→湯ノ本→勝本・天ケ原［壱岐交通］, 郷ノ浦→湯ノ本→勝本〔壱岐病院〕［壱岐交通］"
八幡神社前,壱岐交通（株）,芦辺→勝本→国分寺→郷ノ浦［壱岐交通］
三軒茶屋,壱岐交通（株）,"芦辺→勝本→国分寺→郷ノ浦［壱岐交通］, 商業高校→芦辺［壱岐交通］"
本宮,壱岐交通（株）,勝本→商高→湯ノ本→郷ノ浦［壱岐交通］
ハッピーヒルズ前,壱岐交通（株）,芦辺→勝本→国分寺→郷ノ浦［壱岐交通］
一本松,壱岐交通（株）,芦辺→勝本→国分寺→郷ノ浦［壱岐交通］
本宮仲触公民館,壱岐交通（株）,"郷ノ浦→湯ノ本→勝本・天ケ原［壱岐交通］, 郷ノ浦→湯ノ本→勝本〔壱岐病院〕［壱岐交通］"
赤土田,壱岐交通（株）,芦辺→勝本→国分寺→郷ノ浦［壱岐交通］
瀬戸小学校入口,壱岐交通（株）,芦辺→勝本→国分寺→郷ノ浦［壱岐交通］
恵比寿,壱岐交通（株）,芦辺→勝本→国分寺→郷ノ浦［壱岐交通］
銀台,壱岐交通（株）,"郷ノ浦→湯ノ本→勝本・天ケ原［壱岐交通］, 郷ノ浦→湯ノ本→勝本〔壱岐病院〕［壱岐交通］"
恵比寿入口,壱岐交通（株）,芦辺→勝本→国分寺→郷ノ浦［壱岐交通］
高田ノ辻,壱岐交通（株）,勝本→商高→湯ノ本→郷ノ浦［壱岐交通］
白石原,壱岐交通（株）,芦辺→勝本→国分寺→郷ノ浦［壱岐交通］
谷江,壱岐交通（株）,商業高校→芦辺［壱岐交通］
横浜,壱岐交通（株）,芦辺→勝本→国分寺→郷ノ浦［壱岐交通］
瀬戸向町,壱岐交通（株）,"芦辺→勝本→国分寺→郷ノ浦［壱岐交通］, 芦辺港→イオン前→美濃の谷［壱岐交通］"
老人ホーム入口,壱岐交通（株）,"郷ノ浦→湯ノ本→勝本・天ケ原［壱岐交通］, 郷ノ浦→湯ノ本→勝本〔壱岐病院〕［壱岐交通］"
壱岐神社前,壱岐交通（株）,芦辺→勝本→国分寺→郷ノ浦［壱岐交通］
美濃ノ谷,壱岐交通（株）,"芦辺→勝本→国分寺→郷ノ浦［壱岐交通］, 芦辺港→イオン前→美濃の谷［壱岐交通］"
瀬戸,壱岐交通（株）,芦辺→勝本→国分寺→郷ノ浦［壱岐交通］
芦辺港,壱岐交通（株）,"芦辺港連絡バス［壱岐交通］, 芦辺→勝本→国分寺→郷ノ浦［壱岐交通］, 芦辺港→イオン前→美濃の谷［壱岐交通］"
イオン前,壱岐交通（株）,"芦辺→勝本→国分寺→郷ノ浦［壱岐交通］, 芦辺港→イオン前→美濃の谷［壱岐交通］"
中山口,壱岐交通（株）,"芦辺→勝本→国分寺→郷ノ浦［壱岐交通］, 商業高校→芦辺［壱岐交通］"
湯ノ浦,壱岐交通（株）,"勝本→商高→湯ノ本→郷ノ浦［壱岐交通］, 郷ノ浦→湯ノ本→勝本・天ケ原［壱岐交通］, 郷ノ浦→湯ノ本→勝本〔壱岐病院〕［壱岐交通］"
当田,壱岐交通（株）,"芦辺→勝本→国分寺→郷ノ浦［壱岐交通］, 商業高校→芦辺［壱岐交通］"
鬼ノ岩屋,壱岐交通（株）,芦辺→勝本→国分寺→郷ノ浦［壱岐交通］
木落,壱岐交通（株）,"勝本→商高→湯ノ本→郷ノ浦［壱岐交通］, 郷ノ浦→湯ノ本→勝本・天ケ原［壱岐交通］, 郷ノ浦→湯ノ本→勝本〔壱岐病院〕［壱岐交通］"
湯ノ本,壱岐交通（株）,"勝本→商高→湯ノ本→郷ノ浦［壱岐交通］, 郷ノ浦→湯ノ本→勝本・天ケ原［壱岐交通］, 郷ノ浦→湯ノ本→勝本〔壱岐病院〕［壱岐交通］"
大石,壱岐交通（株）,"芦辺→勝本→国分寺→郷ノ浦［壱岐交通］, 商業高校→芦辺［壱岐交通］"
松崎新田,壱岐交通（株）,"芦辺→勝本→国分寺→郷ノ浦［壱岐交通］, 商業高校→芦辺［壱岐交通］"
国民宿舎前,壱岐交通（株）,"勝本→商高→湯ノ本→郷ノ浦［壱岐交通］, 郷ノ浦→湯ノ本→勝本・天ケ原［壱岐交通］, 郷ノ浦→湯ノ本→勝本〔壱岐病院〕［壱岐交通］"
芦辺,壱岐交通（株）,"芦辺→勝本→国分寺→郷ノ浦［壱岐交通］, 直行：郷ノ浦→芦辺［壱岐交通］, 郷ノ浦→印通寺→芦辺［壱岐交通］, 商業高校→芦辺［壱岐交通］, 芦辺→中ノ郷→郷ノ浦［壱岐交通］, 八幡線［壱岐交通］"
思案橋,壱岐交通（株）,"直行：郷ノ浦→芦辺［壱岐交通］, 郷ノ浦→印通寺→芦辺［壱岐交通］, 芦辺→中ノ郷→郷ノ浦［壱岐交通］, 八幡線［壱岐交通］"
神田,壱岐交通（株）,芦辺→中ノ郷→郷ノ浦［壱岐交通］
大石ノ辻,壱岐交通（株）,芦辺→中ノ郷→郷ノ浦［壱岐交通］
樋ノ川,壱岐交通（株）,芦辺→中ノ郷→郷ノ浦［壱岐交通］
亀石,壱岐交通（株）,芦辺→勝本→国分寺→郷ノ浦［壱岐交通］
芦辺郵便局前,壱岐交通（株）,"直行：郷ノ浦→芦辺［壱岐交通］, 郷ノ浦→印通寺→芦辺［壱岐交通］, 八幡線［壱岐交通］"
国分岩屋,壱岐交通（株）,芦辺→勝本→国分寺→郷ノ浦［壱岐交通］
伊志呂,壱岐交通（株）,"勝本→商高→湯ノ本→郷ノ浦［壱岐交通］, 郷ノ浦→湯ノ本→勝本・天ケ原［壱岐交通］, 郷ノ浦→湯ノ本→勝本〔壱岐病院〕［壱岐交通］"
黒崎入口,壱岐交通（株）,"勝本→商高→湯ノ本→郷ノ浦［壱岐交通］, 郷ノ浦→湯ノ本→勝本・天ケ原［壱岐交通］, 郷ノ浦→湯ノ本→勝本〔壱岐病院〕［壱岐交通］"
徳命,壱岐交通（株）,"勝本→商高→湯ノ本→郷ノ浦［壱岐交通］, 郷ノ浦→湯ノ本→勝本・天ケ原［壱岐交通］, 郷ノ浦→湯ノ本→勝本〔壱岐病院〕［壱岐交通］"
老人憩いの家,壱岐交通（株）,"直行：郷ノ浦→芦辺［壱岐交通］, 郷ノ浦→印通寺→芦辺［壱岐交通］"
国分寺,壱岐交通（株）,芦辺→勝本→国分寺→郷ノ浦［壱岐交通］
惣清,壱岐交通（株）,芦辺→中ノ郷→郷ノ浦［壱岐交通］
山方,壱岐交通（株）,"直行：郷ノ浦→芦辺［壱岐交通］, 郷ノ浦→印通寺→芦辺［壱岐交通］"
刈田院橋,壱岐交通（株）,"勝本→商高→湯ノ本→郷ノ浦［壱岐交通］, 郷ノ浦→湯ノ本→勝本・天ケ原［壱岐交通］, 郷ノ浦→湯ノ本→勝本〔壱岐病院〕［壱岐交通］"
明ヶ坂,壱岐交通（株）,芦辺→中ノ郷→郷ノ浦［壱岐交通］
清石,壱岐交通（株）,八幡線［壱岐交通］
宮ノ上,壱岐交通（株）,"勝本→商高→湯ノ本→郷ノ浦［壱岐交通］, 郷ノ浦→湯ノ本→勝本・天ケ原［壱岐交通］, 郷ノ浦→湯ノ本→勝本〔壱岐病院〕［壱岐交通］"
馬ノ瀬,壱岐交通（株）,八幡線［壱岐交通］
小滝,壱岐交通（株）,八幡線［壱岐交通］
しらかわ内科クリニック,壱岐交通（株）,"直行：郷ノ浦→芦辺［壱岐交通］, 郷ノ浦→印通寺→芦辺［壱岐交通］"
泉水,壱岐交通（株）,芦辺→中ノ郷→郷ノ浦［壱岐交通］
紅屋,壱岐交通（株）,芦辺→中ノ郷→郷ノ浦［壱岐交通］
龍蔵寺,壱岐交通（株）,"直行：郷ノ浦→芦辺［壱岐交通］, 郷ノ浦→印通寺→芦辺［壱岐交通］"
横内,壱岐交通（株）,"勝本→商高→湯ノ本→郷ノ浦［壱岐交通］, 郷ノ浦→湯ノ本→勝本・天ケ原［壱岐交通］, 郷ノ浦→湯ノ本→勝本〔壱岐病院〕［壱岐交通］"
川迎,壱岐交通（株）,"芦辺→勝本→国分寺→郷ノ浦［壱岐交通］, 芦辺→中ノ郷→郷ノ浦［壱岐交通］"
芦辺中学校前,壱岐交通（株）,"芦辺港連絡バス［壱岐交通］, 芦辺→勝本→国分寺→郷ノ浦［壱岐交通］, 芦辺→中ノ郷→郷ノ浦［壱岐交通］"
流レ八幡,壱岐交通（株）,芦辺→中ノ郷→郷ノ浦［壱岐交通］
棚江,壱岐交通（株）,八幡線［壱岐交通］
住吉,壱岐交通（株）,"芦辺→勝本→国分寺→郷ノ浦［壱岐交通］, 芦辺→中ノ郷→郷ノ浦［壱岐交通］"
沼津校前,壱岐交通（株）,"勝本→商高→湯ノ本→郷ノ浦［壱岐交通］, 郷ノ浦→湯ノ本→勝本・天ケ原［壱岐交通］, 郷ノ浦→湯ノ本→勝本〔壱岐病院〕［壱岐交通］"
八幡,壱岐交通（株）,八幡線［壱岐交通］
田河校前,壱岐交通（株）,"直行：郷ノ浦→芦辺［壱岐交通］, 郷ノ浦→印通寺→芦辺［壱岐交通］"
八幡浦,壱岐交通（株）,八幡線［壱岐交通］
祈祷所,壱岐交通（株）,"勝本→商高→湯ノ本→郷ノ浦［壱岐交通］, 郷ノ浦→湯ノ本→勝本・天ケ原［壱岐交通］, 郷ノ浦→湯ノ本→勝本〔壱岐病院〕［壱岐交通］"
切方,壱岐交通（株）,直行：郷ノ浦→芦辺［壱岐交通］
柳川,壱岐交通（株）,"芦辺→勝本→国分寺→郷ノ浦［壱岐交通］, 芦辺→中ノ郷→郷ノ浦［壱岐交通］"
綱引場,壱岐交通（株）,"勝本→商高→湯ノ本→郷ノ浦［壱岐交通］, 郷ノ浦→湯ノ本→勝本・天ケ原［壱岐交通］, 郷ノ浦→湯ノ本→勝本〔壱岐病院〕［壱岐交通］"
御津の辻,壱岐交通（株）,"勝本→商高→湯ノ本→郷ノ浦［壱岐交通］, 郷ノ浦→湯ノ本→勝本・天ケ原［壱岐交通］, 郷ノ浦→湯ノ本→勝本〔壱岐病院〕［壱岐交通］"
今坂,壱岐交通（株）,直行：郷ノ浦→芦辺［壱岐交通］
御津の浜,壱岐交通（株）,"勝本→商高→湯ノ本→郷ノ浦［壱岐交通］, 郷ノ浦→湯ノ本→勝本・天ケ原［壱岐交通］, 郷ノ浦→湯ノ本→勝本〔壱岐病院〕［壱岐交通］"
猿川,壱岐交通（株）,郷ノ浦→印通寺→芦辺［壱岐交通］
楠橋,壱岐交通（株）,"芦辺→勝本→国分寺→郷ノ浦［壱岐交通］, 芦辺→中ノ郷→郷ノ浦［壱岐交通］"
都城,壱岐交通（株）,直行：郷ノ浦→芦辺［壱岐交通］
深江越,壱岐交通（株）,郷ノ浦→印通寺→芦辺［壱岐交通］
大浦口,壱岐交通（株）,"勝本→商高→湯ノ本→郷ノ浦［壱岐交通］, 郷ノ浦→湯ノ本→勝本・天ケ原［壱岐交通］, 郷ノ浦→湯ノ本→勝本〔壱岐病院〕［壱岐交通］"
山崎,壱岐交通（株）,山崎線［壱岐交通］
農機具センター前,壱岐交通（株）,"芦辺→勝本→国分寺→郷ノ浦［壱岐交通］, 芦辺→中ノ郷→郷ノ浦［壱岐交通］"
湯岳,壱岐交通（株）,直行：郷ノ浦→芦辺［壱岐交通］
一支国博物館,壱岐交通（株）,郷ノ浦→印通寺→芦辺［壱岐交通］
祥雲寺,壱岐交通（株）,"勝本→商高→湯ノ本→郷ノ浦［壱岐交通］, 郷ノ浦→湯ノ本→勝本・天ケ原［壱岐交通］, 郷ノ浦→湯ノ本→勝本〔壱岐病院〕［壱岐交通］"
安国寺,壱岐交通（株）,郷ノ浦→印通寺→芦辺［壱岐交通］
平西,壱岐交通（株）,山崎線［壱岐交通］
柳田,壱岐交通（株）,"芦辺→勝本→国分寺→郷ノ浦［壱岐交通］, 芦辺→中ノ郷→郷ノ浦［壱岐交通］, 勝本→商高→湯ノ本→郷ノ浦［壱岐交通］, 郷ノ浦→湯ノ本→勝本・天ケ原［壱岐交通］, 郷ノ浦→湯ノ本→勝本〔壱岐病院〕［壱岐交通］"
船橋,壱岐交通（株）,直行：郷ノ浦→芦辺［壱岐交通］
福川,壱岐交通（株）,山崎線［壱岐交通］
原の辻遺跡,壱岐交通（株）,郷ノ浦→印通寺→芦辺［壱岐交通］
牧入口,壱岐交通（株）,渡良線［壱岐交通］
麦谷,壱岐交通（株）,渡良線［壱岐交通］
大原,壱岐交通（株）,直行：郷ノ浦→芦辺［壱岐交通］
田ノ上,壱岐交通（株）,"芦辺→勝本→国分寺→郷ノ浦［壱岐交通］, 芦辺→中ノ郷→郷ノ浦［壱岐交通］, 勝本→商高→湯ノ本→郷ノ浦［壱岐交通］, 郷ノ浦→湯ノ本→勝本・天ケ原［壱岐交通］, 勝本→湯ノ本→郷ノ浦［壱岐交通］, 郷ノ浦→湯ノ本→勝本〔壱岐病院〕［壱岐交通］"
谷川,壱岐交通（株）,山崎線［壱岐交通］
船越,壱岐交通（株）,渡良線［壱岐交通］
古城団地,壱岐交通（株）,"勝本→商高→湯ノ本→郷ノ浦［壱岐交通］, 郷ノ浦→湯ノ本→勝本・天ケ原［壱岐交通］, 勝本→湯ノ本→郷ノ浦［壱岐交通］, 郷ノ浦→湯ノ本→勝本〔壱岐病院〕［壱岐交通］"
宇土,壱岐交通（株）,渡良線［壱岐交通］
平川,壱岐交通（株）,"直行：郷ノ浦→芦辺［壱岐交通］, 郷ノ浦→印通寺→芦辺［壱岐交通］"
渡良校前,壱岐交通（株）,渡良線［壱岐交通］
大川橋,壱岐交通（株）,郷ノ浦→印通寺→芦辺［壱岐交通］
壱岐病院前,壱岐交通（株）,"芦辺→勝本→国分寺→郷ノ浦［壱岐交通］, 芦辺-瀬戸-勝本-国分寺-郷ノ浦〔壱岐病院〕［壱岐交通］, 直行：郷ノ浦→芦辺［壱岐交通］, 郷ノ浦→印通寺→芦辺［壱岐交通］, 郷ノ浦→湯ノ本→勝本・天ケ原［壱岐交通］, 勝本→湯ノ本→郷ノ浦［壱岐交通］, 郷ノ浦→湯ノ本→勝本〔壱岐病院〕［壱岐交通］, 壱岐病院シャトルバス［壱岐交通］"
札場,壱岐交通（株）,山崎線［壱岐交通］
団地入口,壱岐交通（株）,"芦辺→勝本→国分寺→郷ノ浦［壱岐交通］, 芦辺-瀬戸-勝本-国分寺-郷ノ浦〔壱岐病院〕［壱岐交通］, 直行：郷ノ浦→芦辺［壱岐交通］, 郷ノ浦→印通寺→芦辺［壱岐交通］, 芦辺→中ノ郷→郷ノ浦［壱岐交通］, 勝本→商高→湯ノ本→郷ノ浦［壱岐交通］, 郷ノ浦→湯ノ本→勝本・天ケ原［壱岐交通］, 郷ノ浦→湯ノ本→勝本〔壱岐病院〕［壱岐交通］, 壱岐病院シャトルバス［壱岐交通］"
品川病院前,壱岐交通（株）,"芦辺→勝本→国分寺→郷ノ浦［壱岐交通］, 芦辺-瀬戸-勝本-国分寺-郷ノ浦〔壱岐病院〕［壱岐交通］, 直行：郷ノ浦→芦辺［壱岐交通］, 郷ノ浦→印通寺→芦辺［壱岐交通］, 郷ノ浦→湯ノ本→勝本・天ケ原［壱岐交通］, 勝本→湯ノ本→郷ノ浦［壱岐交通］, 郷ノ浦→湯ノ本→勝本〔壱岐病院〕［壱岐交通］, 壱岐病院シャトルバス［壱岐交通］"
桜川,壱岐交通（株）,"芦辺→勝本→国分寺→郷ノ浦［壱岐交通］, 芦辺-瀬戸-勝本-国分寺-郷ノ浦〔壱岐病院〕［壱岐交通］, 直行：郷ノ浦→芦辺［壱岐交通］, 郷ノ浦→印通寺→芦辺［壱岐交通］, 郷ノ浦→湯ノ本→勝本・天ケ原［壱岐交通］, 勝本→湯ノ本→郷ノ浦［壱岐交通］, 郷ノ浦→湯ノ本→勝本〔壱岐病院〕［壱岐交通］, 壱岐病院シャトルバス［壱岐交通］"
池田,壱岐交通（株）,"郷ノ浦→印通寺→芦辺［壱岐交通］, 壱岐空港連絡バス〔空港方面〕［壱岐交通］, 壱岐空港連絡バス〔郷ノ浦本町方面〕［壱岐交通］"
庄,壱岐交通（株）,渡良線［壱岐交通］
江里,壱岐交通（株）,"郷ノ浦→印通寺→芦辺［壱岐交通］, 壱岐空港連絡バス〔空港方面〕［壱岐交通］, 壱岐空港連絡バス〔郷ノ浦本町方面〕［壱岐交通］"
清水橋,壱岐交通（株）,"郷ノ浦→印通寺→芦辺［壱岐交通］, 壱岐空港連絡バス〔空港方面〕［壱岐交通］, 壱岐空港連絡バス〔郷ノ浦本町方面〕［壱岐交通］"
志原,壱岐交通（株）,"郷ノ浦→印通寺→芦辺［壱岐交通］, 壱岐空港連絡バス〔空港方面〕［壱岐交通］, 壱岐空港連絡バス〔郷ノ浦本町方面〕［壱岐交通］"
しめノ尾〔しめはしんにょうに神〕,壱岐交通（株）,"郷ノ浦→印通寺→芦辺［壱岐交通］, 壱岐空港連絡バス〔空港方面〕［壱岐交通］, 壱岐空港連絡バス〔郷ノ浦本町方面〕［壱岐交通］"
三反田,壱岐交通（株）,"山崎線［壱岐交通］, 壱岐空港連絡バス〔空港方面〕［壱岐交通］, 壱岐空港連絡バス〔郷ノ浦本町方面〕［壱岐交通］"
八畑,壱岐交通（株）,"芦辺→勝本→国分寺→郷ノ浦［壱岐交通］, 直行：郷ノ浦→芦辺［壱岐交通］, 郷ノ浦→印通寺→芦辺［壱岐交通］, 芦辺→中ノ郷→郷ノ浦［壱岐交通］, 勝本→商高→湯ノ本→郷ノ浦［壱岐交通］, 郷ノ浦→湯ノ本→勝本・天ケ原［壱岐交通］, 郷ノ浦→湯ノ本→勝本〔壱岐病院〕［壱岐交通］, 壱岐病院シャトルバス［壱岐交通］, 壱岐空港連絡バス〔空港方面〕［壱岐交通］, 壱岐空港連絡バス〔郷ノ浦本町方面〕［壱岐交通］"
宮前,壱岐交通（株）,渡良線［壱岐交通］
平,壱岐交通（株）,"郷ノ浦→印通寺→芦辺［壱岐交通］, 壱岐空港連絡バス〔空港方面〕［壱岐交通］, 壱岐空港連絡バス〔郷ノ浦本町方面〕［壱岐交通］"
郷ノ浦中学校前,壱岐交通（株）,"芦辺港連絡バス［壱岐交通］, 芦辺→勝本→国分寺→郷ノ浦［壱岐交通］, 直行：郷ノ浦→芦辺［壱岐交通］, 郷ノ浦→印通寺→芦辺［壱岐交通］, 芦辺→中ノ郷→郷ノ浦［壱岐交通］, 勝本→商高→湯ノ本→郷ノ浦［壱岐交通］, 郷ノ浦→湯ノ本→勝本・天ケ原［壱岐交通］, 壱岐空港連絡バス〔空港方面〕［壱岐交通］"
壱岐空港,壱岐交通（株）,"壱岐空港連絡バス〔空港方面〕［壱岐交通］, 壱岐空港連絡バス〔郷ノ浦本町方面〕［壱岐交通］"
登山口,壱岐交通（株）,"郷ノ浦→印通寺→芦辺［壱岐交通］, 壱岐空港連絡バス〔空港方面〕［壱岐交通］, 壱岐空港連絡バス〔郷ノ浦本町方面〕［壱岐交通］"
尾ノ口,壱岐交通（株）,"壱岐空港連絡バス〔空港方面〕［壱岐交通］, 壱岐空港連絡バス〔郷ノ浦本町方面〕［壱岐交通］"
壱岐市役所郷ノ浦庁舎前,壱岐交通（株）,"芦辺港連絡バス［壱岐交通］, 芦辺→勝本→国分寺→郷ノ浦［壱岐交通］, 直行：郷ノ浦→芦辺［壱岐交通］, 郷ノ浦→印通寺→芦辺［壱岐交通］, 芦辺→中ノ郷→郷ノ浦［壱岐交通］, 勝本→商高→湯ノ本→郷ノ浦［壱岐交通］, 郷ノ浦→湯ノ本→勝本・天ケ原［壱岐交通］, 壱岐空港連絡バス〔空港方面〕［壱岐交通］"
小崎入口,壱岐交通（株）,渡良線［壱岐交通］
亀川,壱岐交通（株）,渡良線［壱岐交通］
渡良浦,壱岐交通（株）,渡良線［壱岐交通］
八石,壱岐交通（株）,"郷ノ浦→印通寺→芦辺［壱岐交通］, 壱岐空港連絡バス〔空港方面〕［壱岐交通］, 壱岐空港連絡バス〔郷ノ浦本町方面〕［壱岐交通］"
新道,壱岐交通（株）,"芦辺港連絡バス［壱岐交通］, 芦辺→勝本→国分寺→郷ノ浦［壱岐交通］, 直行：郷ノ浦→芦辺［壱岐交通］, 郷ノ浦→印通寺→芦辺［壱岐交通］, 芦辺→中ノ郷→郷ノ浦［壱岐交通］, 勝本→商高→湯ノ本→郷ノ浦［壱岐交通］, 郷ノ浦→湯ノ本→勝本・天ケ原［壱岐交通］, 郷ノ浦→湯ノ本→勝本〔壱岐病院〕［壱岐交通］, 壱岐病院シャトルバス［壱岐交通］, 壱岐空港連絡バス〔空港方面〕［壱岐交通］, 壱岐空港連絡バス〔郷ノ浦本町方面〕［壱岐交通］"
三島フェリー待合所,壱岐交通（株）,渡良線［壱岐交通］
津ノ宮,壱岐交通（株）,"郷ノ浦→印通寺→芦辺［壱岐交通］, 壱岐空港連絡バス〔空港方面〕［壱岐交通］, 壱岐空港連絡バス〔郷ノ浦本町方面〕［壱岐交通］"
本町,壱岐交通（株）,"芦辺港連絡バス［壱岐交通］, 初山線［壱岐交通］, 渡良線［壱岐交通］, 若松線［壱岐交通］, 芦辺→勝本→国分寺→郷ノ浦［壱岐交通］, 直行：郷ノ浦→芦辺［壱岐交通］, 郷ノ浦→印通寺→芦辺［壱岐交通］, 芦辺→中ノ郷→郷ノ浦［壱岐交通］, 勝本→商高→湯ノ本→郷ノ浦［壱岐交通］, 郷ノ浦→湯ノ本→勝本・天ケ原［壱岐交通］, 郷ノ浦→湯ノ本→勝本〔壱岐病院〕［壱岐交通］, 壱岐病院シャトルバス［壱岐交通］, 壱岐空港連絡バス〔空港方面〕［壱岐交通］, 壱岐空港連絡バス〔郷ノ浦本町方面〕［壱岐交通］"
高校橋,壱岐交通（株）,若松線［壱岐交通］
筒城入口,壱岐交通（株）,"山崎線［壱岐交通］, 郷ノ浦→印通寺→芦辺［壱岐交通］, 壱岐空港連絡バス〔空港方面〕［壱岐交通］, 壱岐空港連絡バス〔郷ノ浦本町方面〕［壱岐交通］"
今宮,壱岐交通（株）,若松線［壱岐交通］
海岸,壱岐交通（株）,初山線［壱岐交通］
釘山公民館,壱岐交通（株）,若松線［壱岐交通］
印通寺,壱岐交通（株）,"若松線［壱岐交通］, 山崎線［壱岐交通］, 郷ノ浦→印通寺→芦辺［壱岐交通］, 壱岐空港連絡バス〔空港方面〕［壱岐交通］, 壱岐空港連絡バス〔郷ノ浦本町方面〕［壱岐交通］"
祝町,壱岐交通（株）,"若松線［壱岐交通］, 郷ノ浦→印通寺→芦辺［壱岐交通］, 壱岐空港連絡バス〔空港方面〕［壱岐交通］, 壱岐空港連絡バス〔郷ノ浦本町方面〕［壱岐交通］"
マリンパル,壱岐交通（株）,"若松線［壱岐交通］, 郷ノ浦→印通寺→芦辺［壱岐交通］, 壱岐空港連絡バス〔空港方面〕［壱岐交通］, 壱岐空港連絡バス〔郷ノ浦本町方面〕［壱岐交通］"
三島フェリー発着所,壱岐交通（株）,壱岐病院シャトルバス［壱岐交通］
馬立,壱岐交通（株）,初山線［壱岐交通］
郷ノ浦港,壱岐交通（株）,壱岐病院シャトルバス［壱岐交通］
永田,壱岐交通（株）,若松線［壱岐交通］
印通寺港,壱岐交通（株）,"若松線［壱岐交通］, 郷ノ浦→印通寺→芦辺［壱岐交通］"
弁天崎入口,壱岐交通（株）,初山線［壱岐交通］
儀兵地,壱岐交通（株）,若松線［壱岐交通］
久喜,壱岐交通（株）,若松線［壱岐交通］
四頭,壱岐交通（株）,若松線［壱岐交通］
岳ノ辻登山口,壱岐交通（株）,若松線［壱岐交通］
迎ヶ原,壱岐交通（株）,若松線［壱岐交通］
旧かたばる病院前,壱岐交通（株）,初山線［壱岐交通］
双六,壱岐交通（株）,若松線［壱岐交通］
若松,壱岐交通（株）,若松線［壱岐交通］
坪,壱岐交通（株）,初山線［壱岐交通］
梅津新田,壱岐交通（株）,初山線［壱岐交通］
赤道,壱岐交通（株）,初山線［壱岐交通］
坪ノ浜,壱岐交通（株）,初山線［壱岐交通］
大久保,壱岐交通（株）,初山線［壱岐交通］
南明寺,壱岐交通（株）,初山線［壱岐交通］
大米,壱岐交通（株）,初山線［壱岐交通］
緑ヶ丘,壱岐交通（株）,初山線［壱岐交通］
初瀬,壱岐交通（株）,初山線［壱岐交通］
海豚鼻,壱岐交通（株）,初山線［壱岐交通］
住宅前,壱岐交通（株）,初山線［壱岐交通］
御崎,生月自動車（有）,一部桟橋〜方倉〜御崎
倉庫前,生月自動車（有）,一部桟橋〜方倉〜御崎
御崎浦,生月自動車（有）,一部桟橋〜方倉〜御崎
古賀江,生月自動車（有）,一部桟橋〜方倉〜御崎
塩俵断崖,生月自動車（有）,一部桟橋〜方倉〜御崎
方倉,生月自動車（有）,一部桟橋〜方倉〜御崎
初牟田,生月自動車（有）,一部桟橋〜方倉〜御崎
大久保,生月自動車（有）,一部桟橋〜方倉〜御崎
加勢川入口,生月自動車（有）,"一部桟橋〜方倉〜御崎, 加勢川入口〜生月中学校前〜平戸桟橋, 加勢川入口〜生月中学校前〜古江〜平戸桟橋, 加勢川入口〜生月中学校前〜春日〜獅子〜平戸高校前"
田の浦,西肥自動車（株）,1032　田の浦薄香
田の浦別道,西肥自動車（株）,1032　田の浦薄香
白山入口,生月自動車（有）,"一部桟橋〜方倉〜御崎, 加勢川入口〜生月中学校前〜平戸桟橋, 加勢川入口〜生月中学校前〜古江〜平戸桟橋, 加勢川入口〜生月中学校前〜春日〜獅子〜平戸高校前"
神崎別道,西肥自動車（株）,1032　田の浦薄香
恵比須,生月自動車（有）,"一部桟橋〜方倉〜御崎, 加勢川入口〜生月中学校前〜平戸桟橋, 加勢川入口〜生月中学校前〜古江〜平戸桟橋, 加勢川入口〜生月中学校前〜春日〜獅子〜平戸高校前"
光の園保育園前,西肥自動車（株）,1032　田の浦薄香
漁協前,生月自動車（有）,"一部桟橋〜方倉〜御崎, 加勢川入口〜生月中学校前〜平戸桟橋, 加勢川入口〜生月中学校前〜古江〜平戸桟橋, 加勢川入口〜生月中学校前〜春日〜獅子〜平戸高校前"
田助学校前,西肥自動車（株）,"1006　平戸島内, 1032　田の浦薄香"
田助在,西肥自動車（株）,"1006　平戸島内, 1032　田の浦薄香"
田助,西肥自動車（株）,"1006　平戸島内, 1032　田の浦薄香"
生月一部桟橋,西肥自動車（株）,550　平戸〜生月線（生月バス）
一部桟橋,生月自動車（有）,"一部桟橋〜方倉〜御崎, 加勢川入口〜生月中学校前〜平戸桟橋, 加勢川入口〜生月中学校前〜古江〜平戸桟橋, 加勢川入口〜生月中学校前〜春日〜獅子〜平戸高校前"
大石,松浦市,星鹿地区循環
浦方,西肥自動車（株）,"1006　平戸島内, 1032　田の浦薄香"
城山入口,松浦市,星鹿地区循環
曲り公会堂前,西肥自動車（株）,"1006　平戸島内, 1032　田の浦薄香"
宮田,西肥自動車（株）,550　平戸〜生月線（生月バス）
宮田,生月自動車（有）,"加勢川入口〜生月中学校前〜平戸桟橋, 加勢川入口〜生月中学校前〜古江〜平戸桟橋, 加勢川入口〜生月中学校前〜春日〜獅子〜平戸高校前"
曲り,西肥自動車（株）,"1006　平戸島内, 1032　田の浦薄香"
上川団地前,西肥自動車（株）,550　平戸〜生月線（生月バス）
上川団地前,生月自動車（有）,"加勢川入口〜生月中学校前〜平戸桟橋, 加勢川入口〜生月中学校前〜古江〜平戸桟橋, 加勢川入口〜生月中学校前〜春日〜獅子〜平戸高校前"
平戸営業所,西肥自動車（株）,"1007　平戸北松, 1006　平戸島内, 1032　田の浦薄香"
星鹿別道,松浦市,星鹿地区循環
金柑茶屋,西肥自動車（株）,"1007　平戸北松, 1006　平戸島内, 1032　田の浦薄香"
星鹿,松浦市,星鹿地区循環
松本別道,西肥自動車（株）,550　平戸〜生月線（生月バス）
松本別道,生月自動車（有）,"加勢川入口〜生月中学校前〜平戸桟橋, 加勢川入口〜生月中学校前〜古江〜平戸桟橋, 加勢川入口〜生月中学校前〜春日〜獅子〜平戸高校前"
中の原,西肥自動車（株）,"1007　平戸北松, 1006　平戸島内, 1032　田の浦薄香"
中尾橋,西肥自動車（株）,550　平戸〜生月線（生月バス）
中尾橋,生月自動車（有）,"加勢川入口〜生月中学校前〜平戸桟橋, 加勢川入口〜生月中学校前〜古江〜平戸桟橋, 加勢川入口〜生月中学校前〜春日〜獅子〜平戸高校前"
下田入口,松浦市,星鹿地区循環
中の原公民館,西肥自動車（株）,"1007　平戸北松, 1006　平戸島内, 1032　田の浦薄香"
生月病院前,西肥自動車（株）,550　平戸〜生月線（生月バス）
生月病院前,生月自動車（有）,"加勢川入口〜生月中学校前〜平戸桟橋, 加勢川入口〜生月中学校前〜古江〜平戸桟橋, 加勢川入口〜生月中学校前〜春日〜獅子〜平戸高校前"
牟田入口,松浦市,星鹿地区循環
川原辺田公民館前,松浦市,星鹿地区循環
供養川,西肥自動車（株）,"1007　平戸北松, 1006　平戸島内, 1032　田の浦薄香"
生月中学校,生月自動車（有）,"加勢川入口〜生月中学校前〜平戸桟橋, 加勢川入口〜生月中学校前〜古江〜平戸桟橋, 加勢川入口〜生月中学校前〜春日〜獅子〜平戸高校前"
牟田,松浦市,星鹿地区循環
大久保の馬場,西肥自動車（株）,1032　田の浦薄香
生月中学校前,西肥自動車（株）,550　平戸〜生月線（生月バス）
平戸中学校下,西肥自動車（株）,1032　田の浦薄香
薄香桟橋,西肥自動車（株）,1032　田の浦薄香
川原辺田入口,松浦市,星鹿地区循環
常燈の鼻,西肥自動車（株）,"1007　平戸北松, 1006　平戸島内, 1032　田の浦薄香"
薄香,西肥自動車（株）,1032　田の浦薄香
正田,西肥自動車（株）,550　平戸〜生月線（生月バス）
正田,生月自動車（有）,"加勢川入口〜生月中学校前〜平戸桟橋, 加勢川入口〜生月中学校前〜古江〜平戸桟橋, 加勢川入口〜生月中学校前〜春日〜獅子〜平戸高校前"
大薄香,西肥自動車（株）,1032　田の浦薄香
後平入口,西肥自動車（株）,1032　田の浦薄香
薄香入口,西肥自動車（株）,1032　田の浦薄香
平戸桟橋,西肥自動車（株）,"1005　佐世保平戸, 1028　松浦平戸, 1007　平戸北松, 1006　平戸島内, 1032　田の浦薄香, 1008　北松農業高校, 550　平戸〜生月線（生月バス）"
平戸桟橋,生月自動車（有）,"加勢川入口〜生月中学校前〜平戸桟橋, 加勢川入口〜生月中学校前〜古江〜平戸桟橋"
薄香上,西肥自動車（株）,1032　田の浦薄香
天満宮前,西肥自動車（株）,550　平戸〜生月線（生月バス）
天満宮前,生月自動車（有）,"加勢川入口〜生月中学校前〜平戸桟橋, 加勢川入口〜生月中学校前〜古江〜平戸桟橋, 加勢川入口〜生月中学校前〜春日〜獅子〜平戸高校前"
薄香越,西肥自動車（株）,1032　田の浦薄香
梅崎,西肥自動車（株）,1032　田の浦薄香
平瀬,松浦市,星鹿地区循環
飛石,西肥自動車（株）,550　平戸〜生月線（生月バス）
飛石,生月自動車（有）,"加勢川入口〜生月中学校前〜平戸桟橋, 加勢川入口〜生月中学校前〜古江〜平戸桟橋, 加勢川入口〜生月中学校前〜春日〜獅子〜平戸高校前"
平戸市役所前,西肥自動車（株）,"1005　佐世保平戸, 1028　松浦平戸, 1007　平戸北松, 1006　平戸島内, 1032　田の浦薄香, 1008　北松農業高校, 550　平戸〜生月線（生月バス）"
平戸市役所前,生月自動車（有）,"加勢川入口〜生月中学校前〜平戸桟橋, 加勢川入口〜生月中学校前〜古江〜平戸桟橋"
薄香別道,西肥自動車（株）,"1032　田の浦薄香, 550　平戸〜生月線（生月バス）"
薄香別道,生月自動車（有）,"加勢川入口〜生月中学校前〜平戸桟橋, 加勢川入口〜生月中学校前〜古江〜平戸桟橋"
平戸赤坂,西肥自動車（株）,550　平戸〜生月線（生月バス）
平戸赤坂,生月自動車（有）,"加勢川入口〜生月中学校前〜平戸桟橋, 加勢川入口〜生月中学校前〜古江〜平戸桟橋"
御厨桟橋,松浦市,星鹿地区循環
日草,西肥自動車（株）,550　平戸〜生月線（生月バス）
日草,生月自動車（有）,"加勢川入口〜生月中学校前〜平戸桟橋, 加勢川入口〜生月中学校前〜古江〜平戸桟橋, 加勢川入口〜生月中学校前〜春日〜獅子〜平戸高校前"
二本松,西肥自動車（株）,550　平戸〜生月線（生月バス）
二本松,生月自動車（有）,"加勢川入口〜生月中学校前〜平戸桟橋, 加勢川入口〜生月中学校前〜古江〜平戸桟橋"
竜尾橋,西肥自動車（株）,1028　松浦平戸
平戸新町,生月自動車（有）,"加勢川入口〜生月中学校前〜平戸桟橋, 加勢川入口〜生月中学校前〜古江〜平戸桟橋"
大崎下,西肥自動車（株）,1028　松浦平戸
御厨駅前,西肥自動車（株）,1028　松浦平戸
御厨駅前,松浦市,"星鹿地区循環, 郭公尾〜寺ノ尾〜板橋〜御厨駅前, 郭公尾〜寺ノ尾〜中野〜御厨駅前, 御厨駅前〜西木場公民館前, 松浦交通センター〜天龍姫神社前〜御厨駅前"
雇尾入口,西肥自動車（株）,1025　伊万里松浦
鏡川,西肥自動車（株）,"1032　田の浦薄香, 550　平戸〜生月線（生月バス）"
鏡川,生月自動車（有）,"加勢川入口〜生月中学校前〜平戸桟橋, 加勢川入口〜生月中学校前〜古江〜平戸桟橋"
御厨,西肥自動車（株）,1028　松浦平戸
御厨,松浦市,星鹿地区循環
御厨郵便局前,松浦市,星鹿地区循環
平戸新町,西肥自動車（株）,"1005　佐世保平戸, 1028　松浦平戸, 1007　平戸北松, 1006　平戸島内, 1032　田の浦薄香, 1008　北松農業高校, 550　平戸〜生月線（生月バス）"
猶興館高校入口,西肥自動車（株）,"1005　佐世保平戸, 1028　松浦平戸, 1007　平戸北松, 1006　平戸島内, 1008　北松農業高校"
中瀬草原入口,西肥自動車（株）,"1028　松浦平戸, 1007　平戸北松, 1006　平戸島内"
舘浦,西肥自動車（株）,550　平戸〜生月線（生月バス）
舘浦,生月自動車（有）,"加勢川入口〜生月中学校前〜平戸桟橋, 加勢川入口〜生月中学校前〜古江〜平戸桟橋, 加勢川入口〜生月中学校前〜春日〜獅子〜平戸高校前"
浜の脇公民館前,松浦市,今福地区循環
大崎上,西肥自動車（株）,1028　松浦平戸
平戸口駅前,西肥自動車（株）,"1028　松浦平戸, 1007　平戸北松, 1006　平戸島内"
御厨浦,西肥自動車（株）,1028　松浦平戸
戸石川,西肥自動車（株）,1006　平戸島内
平戸口駅,西肥自動車（株）,"1007　平戸北松, 1006　平戸島内"
平戸口桟橋,西肥自動車（株）,"1005　佐世保平戸, 1028　松浦平戸, 1007　平戸北松, 1006　平戸島内, 1008　北松農業高校"
御厨小学校入口,松浦市,"郭公尾〜寺ノ尾〜板橋〜御厨駅前, 郭公尾〜寺ノ尾〜中野〜御厨駅前, 松浦交通センター〜天龍姫神社前〜御厨駅前"
御厨小学校前,松浦市,"郭公尾〜寺ノ尾〜板橋〜御厨駅前, 御厨駅前〜西木場公民館前"
今鶴,西肥自動車（株）,1025　伊万里松浦
舘浦魚協前,西肥自動車（株）,550　平戸〜生月線（生月バス）
舘浦漁協前,生月自動車（有）,"加勢川入口〜生月中学校前〜平戸桟橋, 加勢川入口〜生月中学校前〜古江〜平戸桟橋, 加勢川入口〜生月中学校前〜春日〜獅子〜平戸高校前"
平川橋,西肥自動車（株）,1028　松浦平戸
大小松,西肥自動車（株）,1025　伊万里松浦
小崎,西肥自動車（株）,1028　松浦平戸
屋敷町,西肥自動車（株）,550　平戸〜生月線（生月バス）
屋敷町,生月自動車（有）,"加勢川入口〜生月中学校前〜平戸桟橋, 加勢川入口〜生月中学校前〜古江〜平戸桟橋, 加勢川入口〜生月中学校前〜春日〜獅子〜平戸高校前"
木引入口,西肥自動車（株）,550　平戸〜生月線（生月バス）
木引入口,生月自動車（有）,"加勢川入口〜生月中学校前〜平戸桟橋, 加勢川入口〜生月中学校前〜古江〜平戸桟橋"
稗田馬場,西肥自動車（株）,"1005　佐世保平戸, 1028　松浦平戸, 1007　平戸北松, 1006　平戸島内, 1008　北松農業高校"
福崎入口,西肥自動車（株）,1028　松浦平戸
古江,生月自動車（有）,加勢川入口〜生月中学校前〜古江〜平戸桟橋
西木場公民館前,西肥自動車（株）,1028　松浦平戸
西木場公民館前,松浦市,御厨駅前〜西木場公民館前
田平支所前,西肥自動車（株）,1028　松浦平戸
大膳原,西肥自動車（株）,1006　平戸島内
北平,西肥自動車（株）,1028　松浦平戸
汐見町,西肥自動車（株）,550　平戸〜生月線（生月バス）
汐見町,生月自動車（有）,"加勢川入口〜生月中学校前〜平戸桟橋, 加勢川入口〜生月中学校前〜古江〜平戸桟橋, 加勢川入口〜生月中学校前〜春日〜獅子〜平戸高校前"
東田平,西肥自動車（株）,1028　松浦平戸
やよい幼稚園前,西肥自動車（株）,1028　松浦平戸
前田入口,松浦市,"郭公尾〜寺ノ尾〜板橋〜御厨駅前, 松浦交通センター〜天龍姫神社前〜御厨駅前"
大垣,西肥自動車（株）,1006　平戸島内
前浜,西肥自動車（株）,1025　伊万里松浦
平戸大橋東口,西肥自動車（株）,"1005　佐世保平戸, 1028　松浦平戸, 1007　平戸北松, 1006　平戸島内, 1008　北松農業高校"
千光寺,西肥自動車（株）,550　平戸〜生月線（生月バス）
千光寺,生月自動車（有）,"加勢川入口〜生月中学校前〜平戸桟橋, 加勢川入口〜生月中学校前〜古江〜平戸桟橋"
米の内,西肥自動車（株）,1028　松浦平戸
今福浦,西肥自動車（株）,1025　伊万里松浦
生月大橋公園前,生月自動車（有）,"加勢川入口〜生月中学校前〜平戸桟橋, 加勢川入口〜生月中学校前〜古江〜平戸桟橋, 加勢川入口〜生月中学校前〜春日〜獅子〜平戸高校前"
生月大橋公園前,西肥自動車（株）,550　平戸〜生月線（生月バス）
平戸大橋公園前,西肥自動車（株）,"1005　佐世保平戸, 1028　松浦平戸, 1007　平戸北松, 1006　平戸島内, 1008　北松農業高校"
土肥の浦,松浦市,今福地区循環
北小学校入口,西肥自動車（株）,"1005　佐世保平戸, 1007　平戸北松, 1008　北松農業高校"
西木場,西肥自動車（株）,1028　松浦平戸
西木場駅前,松浦市,御厨駅前〜西木場公民館前
上大垣,西肥自動車（株）,1006　平戸島内
円通寺前,西肥自動車（株）,1028　松浦平戸
一関,西肥自動車（株）,1028　松浦平戸
小島住宅入口,西肥自動車（株）,1025　伊万里松浦
中野,松浦市,郭公尾〜寺ノ尾〜中野〜御厨駅前
さかせ川,西肥自動車（株）,1028　松浦平戸
ぎぎが浜入口,西肥自動車（株）,1025　伊万里松浦
草切入口,西肥自動車（株）,1028　松浦平戸
下亀,西肥自動車（株）,1028　松浦平戸
神原,西肥自動車（株）,1028　松浦平戸
今福,西肥自動車（株）,1025　伊万里松浦
半元キャンプ場入口,生月自動車（有）,加勢川入口〜生月中学校前〜古江〜平戸桟橋
鞍掛,西肥自動車（株）,1006　平戸島内
坊田,西肥自動車（株）,"1007　平戸北松, 1008　北松農業高校"
今福支所前,西肥自動車（株）,1025　伊万里松浦
小手田,西肥自動車（株）,1005　佐世保平戸
江迎中央,西肥自動車（株）,1025　伊万里松浦
人柱,松浦市,今福地区循環
古江道,西肥自動車（株）,550　平戸〜生月線（生月バス）
古江道,生月自動車（有）,"加勢川入口〜生月中学校前〜平戸桟橋, 加勢川入口〜生月中学校前〜古江〜平戸桟橋"
下免,松浦市,調川地区循環線
調川駅前,西肥自動車（株）,1025　伊万里松浦
調川駅前,松浦市,調川地区循環線
日前,西肥自動車（株）,1028　松浦平戸
川内越,西肥自動車（株）,550　平戸〜生月線（生月バス）
川内越,生月自動車（有）,"加勢川入口〜生月中学校前〜平戸桟橋, 加勢川入口〜生月中学校前〜古江〜平戸桟橋"
白浜,西肥自動車（株）,1028　松浦平戸
小主師,西肥自動車（株）,550　平戸〜生月線（生月バス）
小主師,生月自動車（有）,"加勢川入口〜生月中学校前〜平戸桟橋, 加勢川入口〜生月中学校前〜古江〜平戸桟橋"
上平尾,松浦市,調川地区循環線
明川内,西肥自動車（株）,1006　平戸島内
岸浜,西肥自動車（株）,1028　松浦平戸
大川内免,松浦市,"郭公尾〜寺ノ尾〜板橋〜御厨駅前, 松浦交通センター〜天龍姫神社前〜御厨駅前"
調川,西肥自動車（株）,1025　伊万里松浦
松浦市消防本部前,西肥自動車（株）,1028　松浦平戸
小船公民館前,松浦市,御厨駅前〜西木場公民館前
今福駅前,松浦市,今福地区循環
白石,生月自動車（有）,"加勢川入口〜生月中学校前〜平戸桟橋, 加勢川入口〜生月中学校前〜古江〜平戸桟橋, 加勢川入口〜生月中学校前〜春日〜獅子〜平戸高校前"
白石,西肥自動車（株）,550　平戸〜生月線（生月バス）
主師,西肥自動車（株）,550　平戸〜生月線（生月バス）
主師,生月自動車（有）,"加勢川入口〜生月中学校前〜平戸桟橋, 加勢川入口〜生月中学校前〜古江〜平戸桟橋"
神曾根,西肥自動車（株）,550　平戸〜生月線（生月バス）
神曽根,生月自動車（有）,加勢川入口〜生月中学校前〜平戸桟橋
寺の尾中公民館,松浦市,"郭公尾〜寺ノ尾〜板橋〜御厨駅前, 郭公尾〜寺ノ尾〜中野〜御厨駅前"
羽古場,西肥自動車（株）,1025　伊万里松浦
大浜,西肥自動車（株）,1025　伊万里松浦
中免,松浦市,調川地区循環線
松浦発電所,西肥自動車（株）,1028　松浦平戸
川内峠登口,西肥自動車（株）,1006　平戸島内
恵比須崎,西肥自動車（株）,1028　松浦平戸
大浜西,西肥自動車（株）,1025　伊万里松浦
農業高校前,西肥自動車（株）,"1007　平戸北松, 1008　北松農業高校"
荻田,西肥自動車（株）,1005　佐世保平戸
箕の坪ダム入口,西肥自動車（株）,550　平戸〜生月線（生月バス）
箕の坪ダム入口,生月自動車（有）,"加勢川入口〜生月中学校前〜平戸桟橋, 加勢川入口〜生月中学校前〜古江〜平戸桟橋"
宮の前,西肥自動車（株）,1025　伊万里松浦
下中野,西肥自動車（株）,550　平戸〜生月線（生月バス）
下中野,生月自動車（有）,"加勢川入口〜生月中学校前〜平戸桟橋, 加勢川入口〜生月中学校前〜古江〜平戸桟橋"
樋渡,松浦市,"郭公尾〜寺ノ尾〜板橋〜御厨駅前, 松浦交通センター〜天龍姫神社前〜御厨駅前"
松浦警察署前,西肥自動車（株）,1028　松浦平戸
松浦駅前,西肥自動車（株）,"1009　佐世保松浦, 1022　世知原松浦, 1025　伊万里松浦, 1028　松浦平戸"
松浦交通センター,松浦市,松浦交通センター〜天龍姫神社前〜御厨駅前
川内,松浦市,御厨駅前〜西木場公民館前
大野公会堂前,西肥自動車（株）,1006　平戸島内
松浦商工会議所前,西肥自動車（株）,1028　松浦平戸
松浦商工会議所前,松浦市,松浦交通センター〜天龍姫神社前〜御厨駅前
肉用牛改良センター前,西肥自動車（株）,"1007　平戸北松, 1008　北松農業高校"
小春日,生月自動車（有）,加勢川入口〜生月中学校前〜春日〜獅子〜平戸高校前
上免公民館前,松浦市,調川地区循環線
三栄入口,松浦市,松浦交通センター〜天龍姫神社前〜御厨駅前
滑栄入口,西肥自動車（株）,1025　伊万里松浦
松浦市役所前,西肥自動車（株）,"1009　佐世保松浦, 1022　世知原松浦"
山野入口,西肥自動車（株）,550　平戸〜生月線（生月バス）
山野入口,生月自動車（有）,"加勢川入口〜生月中学校前〜平戸桟橋, 加勢川入口〜生月中学校前〜古江〜平戸桟橋"
中野,西肥自動車（株）,550　平戸〜生月線（生月バス）
中野,生月自動車（有）,"加勢川入口〜生月中学校前〜平戸桟橋, 加勢川入口〜生月中学校前〜古江〜平戸桟橋"
寺の尾上公民館,松浦市,郭公尾〜寺ノ尾〜中野〜御厨駅前
春日,生月自動車（有）,加勢川入口〜生月中学校前〜春日〜獅子〜平戸高校前
大平,松浦市,調川地区循環線
坊方,西肥自動車（株）,550　平戸〜生月線（生月バス）
坊方,生月自動車（有）,"加勢川入口〜生月中学校前〜平戸桟橋, 加勢川入口〜生月中学校前〜古江〜平戸桟橋"
寺の尾公民館前,松浦市,郭公尾〜寺ノ尾〜板橋〜御厨駅前
田代,松浦市,"郭公尾〜寺ノ尾〜板橋〜御厨駅前, 松浦交通センター〜天龍姫神社前〜御厨駅前"
白浜入口,松浦市,松浦交通センター〜天龍姫神社前〜御厨駅前
大野（平戸）,西肥自動車（株）,1006　平戸島内
天主堂前,西肥自動車（株）,"1007　平戸北松, 1008　北松農業高校"
寺上入口,松浦市,今福地区循環
御堂前,松浦市,"郭公尾〜寺ノ尾〜板橋〜御厨駅前, 松浦交通センター〜天龍姫神社前〜御厨駅前"
エミネント前,西肥自動車（株）,1009　佐世保松浦
原入口,松浦市,"郭公尾〜寺ノ尾〜板橋〜御厨駅前, 郭公尾〜寺ノ尾〜中野〜御厨駅前"
松浦里,西肥自動車（株）,1022　世知原松浦
坂野公民館前,松浦市,今福地区循環
田川入口,松浦市,"郭公尾〜寺ノ尾〜板橋〜御厨駅前, 松浦交通センター〜天龍姫神社前〜御厨駅前"
木場公民館,松浦市,郭公尾〜寺ノ尾〜板橋〜御厨駅前
大山,西肥自動車（株）,1006　平戸島内
白井,松浦市,調川地区循環線
大岳神社前,松浦市,"郭公尾〜寺ノ尾〜板橋〜御厨駅前, 松浦交通センター〜天龍姫神社前〜御厨駅前"
庄野,西肥自動車（株）,1009　佐世保松浦
生向,西肥自動車（株）,"1007　平戸北松, 1008　北松農業高校"
上里,西肥自動車（株）,1022　世知原松浦
西山公民館前,松浦市,松浦交通センター〜天龍姫神社前〜御厨駅前
板橋公民館前,松浦市,郭公尾〜寺ノ尾〜板橋〜御厨駅前
板橋,松浦市,"郭公尾〜寺ノ尾〜板橋〜御厨駅前, 松浦交通センター〜天龍姫神社前〜御厨駅前"
千里ケ浜,西肥自動車（株）,1006　平戸島内
川内,西肥自動車（株）,1006　平戸島内
下高野,西肥自動車（株）,1022　世知原松浦
寺の尾,松浦市,"郭公尾〜寺ノ尾〜板橋〜御厨駅前, 郭公尾〜寺ノ尾〜中野〜御厨駅前"
川内入口,西肥自動車（株）,1006　平戸島内
平原橋,西肥自動車（株）,1005　佐世保平戸
鄭成功記念館前,西肥自動車（株）,1006　平戸島内
神場,西肥自動車（株）,1006　平戸島内
上野,西肥自動車（株）,1009　佐世保松浦
木場公民館前,松浦市,今福地区循環
下寺,西肥自動車（株）,"1007　平戸北松, 1008　北松農業高校"
松山田公民館前,松浦市,調川地区循環線
記念碑前,松浦市,郭公尾〜寺ノ尾〜板橋〜御厨駅前
高野,西肥自動車（株）,1022　世知原松浦
高越,生月自動車（有）,加勢川入口〜生月中学校前〜春日〜獅子〜平戸高校前
道木入口,松浦市,松浦交通センター〜天龍姫神社前〜御厨駅前
上野入口,西肥自動車（株）,1009　佐世保松浦
水垂橋,西肥自動車（株）,1006　平戸島内
肥首,西肥自動車（株）,"1007　平戸北松, 1008　北松農業高校"
残念坂,西肥自動車（株）,"1007　平戸北松, 1008　北松農業高校"
滝入口,西肥自動車（株）,"1005　佐世保平戸, 1007　平戸北松, 1008　北松農業高校"
針木,生月自動車（有）,加勢川入口〜生月中学校前〜春日〜獅子〜平戸高校前
水垂,西肥自動車（株）,1006　平戸島内
田平南小学校,西肥自動車（株）,"1007　平戸北松, 1008　北松農業高校"
郭公尾公民館前,松浦市,"郭公尾〜寺ノ尾〜板橋〜御厨駅前, 郭公尾〜寺ノ尾〜中野〜御厨駅前, 松浦交通センター〜天龍姫神社前〜御厨駅前"
万場,西肥自動車（株）,"1005　佐世保平戸, 1007　平戸北松, 1008　北松農業高校"
栢の木,西肥自動車（株）,1009　佐世保松浦
赤木,西肥自動車（株）,1022　世知原松浦
馬の元,西肥自動車（株）,"1005　佐世保平戸, 1007　平戸北松, 1008　北松農業高校"
立道,西肥自動車（株）,1009　佐世保松浦
宮田口,西肥自動車（株）,1006　平戸島内
須毛,松浦市,松浦交通センター〜天龍姫神社前〜御厨駅前
末橘,西肥自動車（株）,"1005　佐世保平戸, 1007　平戸北松, 1008　北松農業高校"
天龍姫神社前,松浦市,松浦交通センター〜天龍姫神社前〜御厨駅前
おてや橋,西肥自動車（株）,1022　世知原松浦
獅子,生月自動車（有）,加勢川入口〜生月中学校前〜春日〜獅子〜平戸高校前
深川入口,平戸市,深川線
上屋敷,西肥自動車（株）,"1005　佐世保平戸, 1007　平戸北松, 1008　北松農業高校"
坂の角,生月自動車（有）,加勢川入口〜生月中学校前〜春日〜獅子〜平戸高校前
京崎鼻,西肥自動車（株）,1006　平戸島内
浄念寺前,西肥自動車（株）,"1005　佐世保平戸, 1007　平戸北松, 1008　北松農業高校"
記念碑前,西肥自動車（株）,1022　世知原松浦
江迎,西肥自動車（株）,"1030　平戸高校, 1029　楠泊, 1011　北村循環, 1005　佐世保平戸, 1007　平戸北松, 1008　北松農業高校"
大石脇入口,平戸市,深川線
江迎鹿町駅前,西肥自動車（株）,"1030　平戸高校, 1029　楠泊, 1011　北村循環, 1008　北松農業高校"
深川,平戸市,深川線
京崎,西肥自動車（株）,1006　平戸島内
神上,西肥自動車（株）,1006　平戸島内
神上,平戸市,田崎・宝亀線
深江,西肥自動車（株）,"1030　平戸高校, 1029　楠泊, 1011　北村循環, 1008　北松農業高校"
中田,西肥自動車（株）,1006　平戸島内
中田,平戸市,田崎・宝亀線
笛吹,西肥自動車（株）,1022　世知原松浦
笛吹,松浦市,上志佐地区循環線
辻田,西肥自動車（株）,1009　佐世保松浦
宝亀,西肥自動車（株）,1006　平戸島内
宝亀,平戸市,田崎・宝亀線
鹿町工高前,西肥自動車（株）,"1030　平戸高校, 1029　楠泊, 1011　北村循環, 1008　北松農業高校"
朶の原,平戸市,深川線
御堂,西肥自動車（株）,"1030　平戸高校, 1029　楠泊, 1011　北村循環, 1008　北松農業高校"
木場,西肥自動車（株）,1006　平戸島内
三浦,西肥自動車（株）,1005　佐世保平戸
八の尾,西肥自動車（株）,1022　世知原松浦
八の尾,松浦市,上志佐地区循環線
宝亀浦,平戸市,田崎・宝亀線
上福井,西肥自動車（株）,1009　佐世保松浦
横辺田公会堂,松浦市,上志佐地区循環線
黒岩橋入口,西肥自動車（株）,1022　世知原松浦
開拓前,生月自動車（有）,加勢川入口〜生月中学校前〜春日〜獅子〜平戸高校前
高岩,西肥自動車（株）,1005　佐世保平戸
横辺田,松浦市,上志佐地区循環線
北松中央病院前,西肥自動車（株）,1005　佐世保平戸
福井,西肥自動車（株）,1009　佐世保松浦
植松,西肥自動車（株）,"1030　平戸高校, 1029　楠泊, 1011　北村循環, 1008　北松農業高校"
下田ノ平,松浦市,上志佐地区循環線
火除入口,平戸市,深川線
長野,西肥自動車（株）,1022　世知原松浦
田ノ平,松浦市,上志佐地区循環線
田崎入口,西肥自動車（株）,1006　平戸島内
下田,松浦市,上志佐地区循環線
迎紐差,西肥自動車（株）,1006　平戸島内
迎紐差,平戸市,田崎・宝亀線
赤坂,西肥自動車（株）,1005　佐世保平戸
柿の木田,西肥自動車（株）,1022　世知原松浦
下福井,西肥自動車（株）,1009　佐世保松浦
獅子道,平戸市,深川線
獅子道,生月自動車（有）,加勢川入口〜生月中学校前〜春日〜獅子〜平戸高校前
田中,西肥自動車（株）,"1030　平戸高校, 1029　楠泊, 1011　北村循環, 1008　北松農業高校"
神鳥,平戸市,田崎・宝亀線
根獅子公会堂前,平戸市,飯良線
田崎公会堂,平戸市,田崎・宝亀線
下長坂,西肥自動車（株）,1022　世知原松浦
下馬込,平戸市,深川線
稗木場公民館,松浦市,上志佐地区循環線
下馬米,生月自動車（有）,加勢川入口〜生月中学校前〜春日〜獅子〜平戸高校前
神鳥公会堂,平戸市,田崎・宝亀線
紐差,平戸市,"田崎・宝亀線, 飯良線, 紐差・宮の浦線, 木ヶ津・大川原循環線：教会経由, 木ヶ津・大川原循環線：紐差循環"
紐差,西肥自動車（株）,1006　平戸島内
ふれあいセンター入口,西肥自動車（株）,1006　平戸島内
ふれあいセンター入口,生月自動車（有）,加勢川入口〜生月中学校前〜春日〜獅子〜平戸高校前
中部中学校入口,西肥自動車（株）,1006　平戸島内
中部中学校入口,生月自動車（有）,加勢川入口〜生月中学校前〜春日〜獅子〜平戸高校前
ふれあいセンター,平戸市,"深川線, 田崎・宝亀線, 飯良線, 紐差・宮の浦線, 木ヶ津・大川原循環線：教会経由"
中部中学校,平戸市,"深川線, 田崎・宝亀線, 飯良線, 紐差・宮の浦線, 木ヶ津・大川原循環線：教会経由"
根獅子,平戸市,飯良線
長坂,西肥自動車（株）,1022　世知原松浦
北原,西肥自動車（株）,1005　佐世保平戸
上直谷,西肥自動車（株）,1009　佐世保松浦
美野坂,平戸市,飯良線
松山,平戸市,飯良線
紐差小学校前,平戸市,"田崎・宝亀線, 木ヶ津・大川原循環線：教会経由, 木ヶ津・大川原循環線：紐差循環"
石原田,平戸市,"深川線, 田崎・宝亀線, 飯良線, 紐差・宮の浦線, 木ヶ津・大川原循環線：教会経由"
石原田,西肥自動車（株）,1006　平戸島内
石原田,生月自動車（有）,加勢川入口〜生月中学校前〜春日〜獅子〜平戸高校前
吉井北小学校前,西肥自動車（株）,1009　佐世保松浦
平戸市民病院,西肥自動車（株）,1006　平戸島内
平戸市民病院,生月自動車（有）,加勢川入口〜生月中学校前〜春日〜獅子〜平戸高校前
市民病院［平戸市］,平戸市,"深川線, 前津吉・市民病院線, 船木・早福線, 田崎・宝亀線, 飯良線, 紐差・宮の浦線, 木ヶ津・大川原循環線：教会経由"
田原林,西肥自動車（株）,"1030　平戸高校, 1029　楠泊, 1011　北村循環, 1008　北松農業高校"
柚木川内公民館,松浦市,上志佐地区循環線
志戸氏,西肥自動車（株）,1005　佐世保平戸
猪調,西肥自動車（株）,1005　佐世保平戸
平野,西肥自動車（株）,1005　佐世保平戸
田崎,平戸市,田崎・宝亀線
飯良公会堂,平戸市,飯良線
上志戸氏,西肥自動車（株）,1005　佐世保平戸
上猪調,西肥自動車（株）,1005　佐世保平戸
鎌の首,平戸市,木ヶ津・大川原循環線：教会経由
根獅子道,西肥自動車（株）,1006　平戸島内
根獅子道,平戸市,"船木・早福線, 飯良線, 紐差・宮の浦線"
根獅子道,生月自動車（有）,加勢川入口〜生月中学校前〜春日〜獅子〜平戸高校前
福井郵便局前,西肥自動車（株）,1009　佐世保松浦
飯良,平戸市,飯良線
潜竜,西肥自動車（株）,1005　佐世保平戸
直谷樋渡,西肥自動車（株）,1009　佐世保松浦
江迎町文化会館前,西肥自動車（株）,1005　佐世保平戸
松原町,西肥自動車（株）,1009　佐世保松浦
下直谷,西肥自動車（株）,1009　佐世保松浦
北平,平戸市,木ヶ津・大川原循環線：教会経由
本ケ浦,西肥自動車（株）,"1030　平戸高校, 1029　楠泊, 1011　北村循環, 1008　北松農業高校"
橋の元,西肥自動車（株）,"1030　平戸高校, 1029　楠泊, 1011　北村循環, 1008　北松農業高校"
田の元,西肥自動車（株）,"1009　佐世保松浦, 1005　佐世保平戸"
鹿町文化会館前,西肥自動車（株）,"1029　楠泊, 1011　北村循環"
木ヶ津,平戸市,木ヶ津・大川原循環線：教会経由
大屋入口,西肥自動車（株）,"1030　平戸高校, 1029　楠泊, 1011　北村循環, 1008　北松農業高校"
武道館前,平戸市,木ヶ津・大川原循環線：教会経由
椋呂路峠,西肥自動車（株）,1022　世知原松浦
舟の村,西肥自動車（株）,"1030　平戸高校, 1029　楠泊, 1011　北村循環, 1008　北松農業高校"
住吉,西肥自動車（株）,"1009　佐世保松浦, 1005　佐世保平戸"
歌ケ浦,西肥自動車（株）,"1030　平戸高校, 1029　楠泊, 1011　北村循環, 1008　北松農業高校"
鹿町郵便局前,西肥自動車（株）,"1030　平戸高校, 1029　楠泊, 1011　北村循環, 1008　北松農業高校"
赤松別道,平戸市,"木ヶ津・大川原循環線：教会経由, 木ヶ津・大川原循環線：紐差循環"
草積,平戸市,"船木・早福線, 紐差・宮の浦線"
草積,西肥自動車（株）,1006　平戸島内
草積,生月自動車（有）,加勢川入口〜生月中学校前〜春日〜獅子〜平戸高校前
立角,西肥自動車（株）,1022　世知原松浦
前加勢,西肥自動車（株）,"1030　平戸高校, 1029　楠泊, 1011　北村循環, 1008　北松農業高校"
吉井,西肥自動車（株）,"1009　佐世保松浦, 1012　知見寺, 1005　佐世保平戸, 1021　妙観寺"
平戸高校前,平戸市,"船木・早福線, 紐差・宮の浦線"
平戸高校前,西肥自動車（株）,1006　平戸島内
平戸高校前,生月自動車（有）,加勢川入口〜生月中学校前〜春日〜獅子〜平戸高校前
橋川内,西肥自動車（株）,1012　知見寺
吉井学校前,西肥自動車（株）,1012　知見寺
春の前,西肥自動車（株）,1012　知見寺
吉井河川公園前,西肥自動車（株）,1012　知見寺
御橋局前,西肥自動車（株）,1012　知見寺
踊瀬,西肥自動車（株）,1012　知見寺
上橋川内公民館前,西肥自動車（株）,1012　知見寺
樋口,西肥自動車（株）,"1012　知見寺, 1021　妙観寺"
御橋工業団地入口,西肥自動車（株）,1012　知見寺
祝橋,西肥自動車（株）,1012　知見寺
木浦原,西肥自動車（株）,1022　世知原松浦
加勢中央,西肥自動車（株）,"1030　平戸高校, 1029　楠泊, 1011　北村循環, 1008　北松農業高校"
大切,西肥自動車（株）,1021　妙観寺
木ヶ津教会,平戸市,木ヶ津・大川原循環線：教会経由
立石新町,西肥自動車（株）,"1009　佐世保松浦, 1005　佐世保平戸"
赤松入口,平戸市,木ヶ津・大川原循環線：教会経由
太田橋,西肥自動車（株）,1012　知見寺
堤小学校,平戸市,"堤・前津吉線, 前津吉・市民病院線"
坊主畑,平戸市,木ヶ津・大川原循環線：教会経由
轟,平戸市,"船木・早福線, 紐差・宮の浦線"
南ノ下,西肥自動車（株）,1022　世知原松浦
大川原小学校,平戸市,"木ヶ津・大川原循環線：教会経由, 木ヶ津・大川原循環線：紐差循環"
さざん花団地,西肥自動車（株）,"1009　佐世保松浦, 1005　佐世保平戸"
大加勢,西肥自動車（株）,"1030　平戸高校, 1029　楠泊, 1011　北村循環, 1008　北松農業高校"
堤,平戸市,"堤・前津吉線, 前津吉・市民病院線"
祝の原,西肥自動車（株）,1012　知見寺
吉元,西肥自動車（株）,1021　妙観寺
上笥瀬,西肥自動車（株）,1022　世知原松浦
佐々松瀬,西肥自動車（株）,"1009　佐世保松浦, 1005　佐世保平戸"
笥瀬,西肥自動車（株）,1012　知見寺
浜,平戸市,"堤・前津吉線, 前津吉・市民病院線"
布津原,平戸市,"木ヶ津・大川原循環線：教会経由, 木ヶ津・大川原循環線：紐差循環"
上吉田入口,西肥自動車（株）,1021　妙観寺
長串,西肥自動車（株）,"1030　平戸高校, 1029　楠泊, 1011　北村循環, 1008　北松農業高校"
雨久保,平戸市,木ヶ津・大川原循環線：教会経由
長串山つつじ公園入口,西肥自動車（株）,"1030　平戸高校, 1029　楠泊, 1011　北村循環, 1008　北松農業高校"
松浦病院前,西肥自動車（株）,1012　知見寺
世知原,西肥自動車（株）,"1022　世知原松浦, 1012　知見寺, 1023　菰田世知原"
後口,平戸市,"船木・早福線, 紐差・宮の浦線"
山手入口,西肥自動車（株）,1021　妙観寺
世知原支所,西肥自動車（株）,1012　知見寺
神林,西肥自動車（株）,"1030　平戸高校, 1029　楠泊, 1011　北村循環, 1008　北松農業高校"
弦掛観音入口,西肥自動車（株）,1023　菰田世知原
世知原小学校前,西肥自動車（株）,1012　知見寺
下羽付,西肥自動車（株）,1023　菰田世知原
羽付,西肥自動車（株）,1023　菰田世知原
小牟田,平戸市,"木ヶ津・大川原循環線：教会経由, 木ヶ津・大川原循環線：紐差循環"
市瀬,西肥自動車（株）,"1009　佐世保松浦, 1005　佐世保平戸"
大正町,西肥自動車（株）,1012　知見寺
長葉山,西肥自動車（株）,1021　妙観寺
運動場入口,西肥自動車（株）,1023　菰田世知原
朝地露入口,西肥自動車（株）,"1030　平戸高校, 1029　楠泊, 1011　北村循環, 1008　北松農業高校"
上中津良南口,平戸市,"船木・早福線, 紐差・宮の浦線"
井上入口,平戸市,"堤・前津吉線, 前津吉・市民病院線"
中通り,西肥自動車（株）,1012　知見寺
乙石尾,西肥自動車（株）,1021　妙観寺
小春,西肥自動車（株）,"1009　佐世保松浦, 1011　北村循環, 1005　佐世保平戸"
太郎ケ浦,西肥自動車（株）,"1030　平戸高校, 1029　楠泊, 1011　北村循環, 1008　北松農業高校"
猪渡谷,平戸市,"堤・前津吉線, 前津吉・市民病院線"
長田代,西肥自動車（株）,1023　菰田世知原
すずり,平戸市,"木ヶ津・大川原循環線：教会経由, 木ヶ津・大川原循環線：紐差循環"
西浜,平戸市,"堤・前津吉線, 前津吉・市民病院線"
槍巻,西肥自動車（株）,1012　知見寺
新立,西肥自動車（株）,"1030　平戸高校, 1029　楠泊, 1011　北村循環, 1008　北松農業高校"
江里峠,西肥自動車（株）,1023　菰田世知原
大川原,平戸市,"木ヶ津・大川原循環線：教会経由, 木ヶ津・大川原循環線：紐差循環"
上中津良公会堂,平戸市,"船木・早福線, 紐差・宮の浦線"
林道,西肥自動車（株）,1023　菰田世知原
長田代牟田,西肥自動車（株）,1023　菰田世知原
褥崎入口,西肥自動車（株）,"1030　平戸高校, 1029　楠泊, 1011　北村循環, 1008　北松農業高校"
新立,平戸市,"堤・前津吉線, 前津吉・市民病院線"
古川,西肥自動車（株）,"1009　佐世保松浦, 1011　北村循環, 1005　佐世保平戸"
尾崎,西肥自動車（株）,1012　知見寺
大川原迎,平戸市,"木ヶ津・大川原循環線：教会経由, 木ヶ津・大川原循環線：紐差循環"
江里,西肥自動車（株）,1023　菰田世知原
上中津良,平戸市,"船木・早福線, 紐差・宮の浦線"
親和入口,西肥自動車（株）,1012　知見寺
江里橋,西肥自動車（株）,1023　菰田世知原
上中津良消防署,平戸市,"前津吉・市民病院線, 船木・早福線, 紐差・宮の浦線"
菰田,西肥自動車（株）,1023　菰田世知原
上矢岳,西肥自動車（株）,"1030　平戸高校, 1029　楠泊, 1011　北村循環, 1008　北松農業高校"
菰田橋,西肥自動車（株）,1023　菰田世知原
深浦,西肥自動車（株）,"1030　平戸高校, 1029　楠泊, 1011　北村循環, 1008　北松農業高校"
下中津良,平戸市,"堤・前津吉線, 前津吉・市民病院線, 船木・早福線, 紐差・宮の浦線"
菰田水源地,西肥自動車（株）,1023　菰田世知原
津々良,西肥自動車（株）,1012　知見寺
佐々役場,西肥自動車（株）,"1009　佐世保松浦, 1011　北村循環, 1005　佐世保平戸"
上野原,西肥自動車（株）,1012　知見寺
若宮,平戸市,"堤・前津吉線, 前津吉・市民病院線, 船木・早福線, 紐差・宮の浦線"
敷佐,平戸市,前津吉・市民病院線
佐々バスセンター,西肥自動車（株）,"1004　相浦系統, 1001　佐世保市内, 1009　佐世保松浦, 1018　波佐見・嬉野, 1019　長崎空港, 1030　平戸高校, 1029　楠泊, 1011　北村循環, 1005　佐世保平戸, 1008　北松農業高校"
佐々中央,西肥自動車（株）,"1001　佐世保市内, 1009　佐世保松浦, 1018　波佐見・嬉野"
牟田,西肥自動車（株）,1012　知見寺
上小川内,西肥自動車（株）,1023　菰田世知原
敷佐入口,平戸市,前津吉・市民病院線
冷水岳入口,西肥自動車（株）,"1030　平戸高校, 1029　楠泊, 1011　北村循環, 1008　北松農業高校"
小川内公民館前,西肥自動車（株）,"1021　妙観寺, 1023　菰田世知原"
佐々新町,西肥自動車（株）,"1001　佐世保市内, 1009　佐世保松浦, 1018　波佐見・嬉野, 1005　佐世保平戸"
板山,西肥自動車（株）,1012　知見寺
佐々インター,西肥自動車（株）,"1004　相浦系統, 1001　佐世保市内, 1019　長崎空港, 1030　平戸高校, 1029　楠泊, 1011　北村循環, 1008　北松農業高校"
下矢岳,西肥自動車（株）,"1030　平戸高校, 1029　楠泊, 1011　北村循環, 1008　北松農業高校"
神船,平戸市,"堤・前津吉線, 前津吉・市民病院線, 船木・早福線, 紐差・宮の浦線"
白仁田,西肥自動車（株）,1021　妙観寺
岳下,西肥自動車（株）,"1030　平戸高校, 1029　楠泊, 1011　北村循環, 1008　北松農業高校"
口石別道,西肥自動車（株）,"1004　相浦系統, 1001　佐世保市内, 1030　平戸高校, 1029　楠泊, 1011　北村循環, 1008　北松農業高校"
田原,西肥自動車（株）,"1030　平戸高校, 1029　楠泊, 1011　北村循環, 1008　北松農業高校"
早福,平戸市,船木・早福線
小坂,西肥自動車（株）,1012　知見寺
牧の地,西肥自動車（株）,1023　菰田世知原
瀬垣原入口,西肥自動車（株）,1023　菰田世知原
佐々教会前,西肥自動車（株）,"1030　平戸高校, 1029　楠泊, 1011　北村循環, 1008　北松農業高校"
餅田,西肥自動車（株）,1021　妙観寺
西川内橋,西肥自動車（株）,"1030　平戸高校, 1029　楠泊, 1011　北村循環, 1008　北松農業高校"
口石,西肥自動車（株）,"1001　佐世保市内, 1009　佐世保松浦, 1018　波佐見・嬉野"
岩谷神社入口,平戸市,"堤・前津吉線, 前津吉・市民病院線, 船木・早福線, 紐差・宮の浦線"
小佐々幼稚園下,西肥自動車（株）,"1030　平戸高校, 1029　楠泊, 1011　北村循環, 1008　北松農業高校"
船木公会堂前,平戸市,船木・早福線
神崎入口,西肥自動車（株）,"1030　平戸高校, 1029　楠泊, 1011　北村循環, 1008　北松農業高校"
見返橋,西肥自動車（株）,"1030　平戸高校, 1029　楠泊, 1011　北村循環, 1008　北松農業高校"
二反田橋,西肥自動車（株）,"1021　妙観寺, 1023　菰田世知原"
塩釜町,西肥自動車（株）,"1030　平戸高校, 1029　楠泊, 1011　北村循環, 1008　北松農業高校"
ゴルフ場入口,西肥自動車（株）,1012　知見寺
南部中学校前,平戸市,"堤・前津吉線, 前津吉・市民病院線, 船木・早福線, 紐差・宮の浦線"
西川内,西肥自動車（株）,"1030　平戸高校, 1011　北村循環, 1008　北松農業高校"
知見寺耳切,西肥自動車（株）,1012　知見寺
堂の脇,西肥自動車（株）,1023　菰田世知原
小浦駅前,西肥自動車（株）,1004　相浦系統
知見寺岳下,西肥自動車（株）,1012　知見寺
サンビレッジ佐々,西肥自動車（株）,1001　佐世保市内
津吉橋,平戸市,"堤・前津吉線, 前津吉・市民病院線, 船木・早福線, 紐差・宮の浦線"
芳の浦,西肥自動車（株）,"1001　佐世保市内, 1009　佐世保松浦, 1018　波佐見・嬉野, 1005　佐世保平戸"
下長迫,西肥自動車（株）,"1030　平戸高校, 1029　楠泊, 1011　北村循環, 1008　北松農業高校"
上長迫,西肥自動車（株）,"1030　平戸高校, 1029　楠泊, 1011　北村循環, 1008　北松農業高校"
上楠木公民館,西肥自動車（株）,まめバス　才牟田線
長迫,西肥自動車（株）,"1030　平戸高校, 1029　楠泊, 1011　北村循環, 1008　北松農業高校"
亀瀬,西肥自動車（株）,"1030　平戸高校, 1029　楠泊, 1011　北村循環, 1008　北松農業高校"
赤崎,西肥自動車（株）,"1030　平戸高校, 1029　楠泊, 1011　北村循環, 1008　北松農業高校"
下田,西肥自動車（株）,1012　知見寺
臼の浦,西肥自動車（株）,"1030　平戸高校, 1029　楠泊, 1011　北村循環, 1008　北松農業高校"
津吉交流会館前,平戸市,"堤・前津吉線, 前津吉・市民病院線, 船木・早福線, 紐差・宮の浦線"
小島入口,西肥自動車（株）,"1030　平戸高校, 1029　楠泊, 1011　北村循環, 1008　北松農業高校"
船木入口,平戸市,船木・早福線
漁業センター入口,西肥自動車（株）,"1030　平戸高校, 1029　楠泊, 1011　北村循環, 1008　北松農業高校"
芳の浦別道,西肥自動車（株）,1004　相浦系統
下小川内,西肥自動車（株）,"1021　妙観寺, 1023　菰田世知原"
才牟田,西肥自動車（株）,まめバス　才牟田線
打越,西肥自動車（株）,1021　妙観寺
多目的センター,平戸市,堤・前津吉線
天の久保,西肥自動車（株）,1012　知見寺
十文野,西肥自動車（株）,1021　妙観寺
佐世保高等技術専門校,西肥自動車（株）,1001　佐世保市内
楠栖小学校,西肥自動車（株）,"1030　平戸高校, 1029　楠泊, 1011　北村循環, 1008　北松農業高校"
坂の上北区,西肥自動車（株）,まめバス　才牟田線
岩下洞穴前,西肥自動車（株）,まめバス　岩下洞穴・瀬戸越団地線
踊石入口,西肥自動車（株）,"1021　妙観寺, 1023　菰田世知原"
楠泊,西肥自動車（株）,"1030　平戸高校, 1029　楠泊, 1011　北村循環, 1008　北松農業高校"
北部営業所,西肥自動車（株）,1001　佐世保市内
津吉中央,平戸市,"堤・前津吉線, 前津吉・市民病院線, 船木・早福線, 紐差・宮の浦線"
楠木,西肥自動車（株）,1021　妙観寺
二十一分団詰所前,西肥自動車（株）,まめバス　才牟田線
峰一班,西肥自動車（株）,まめバス　岩下洞穴・瀬戸越団地線
小佐々支所,西肥自動車（株）,"1030　平戸高校, 1029　楠泊, 1011　北村循環, 1008　北松農業高校"
坂の上中央区,西肥自動車（株）,まめバス　才牟田線
新田溜池,西肥自動車（株）,1012　知見寺
峰二班,西肥自動車（株）,まめバス　岩下洞穴・瀬戸越団地線
坂の上西区二,西肥自動車（株）,まめバス　才牟田線
皆瀬小学校前,西肥自動車（株）,"1021　妙観寺, 1023　菰田世知原"
坂の上西区一,西肥自動車（株）,まめバス　才牟田線
前津吉入口,平戸市,"堤・前津吉線, 前津吉・市民病院線, 船木・早福線, 紐差・宮の浦線"
柚木元町,西肥自動車（株）,1001　佐世保市内
皆瀬駅下,西肥自動車（株）,"1004　相浦系統, 1001　佐世保市内, 1018　波佐見・嬉野, 1003　委託, 1021　妙観寺, 1023　菰田世知原"
峰公民館上,西肥自動車（株）,まめバス　岩下洞穴・瀬戸越団地線
坂の下北,西肥自動車（株）,まめバス　才牟田線
皆瀬局前,西肥自動車（株）,"1004　相浦系統, 1001　佐世保市内, 1018　波佐見・嬉野, 1003　委託, 1021　妙観寺, 1023　菰田世知原"
津吉田崎,平戸市,"堤・前津吉線, 前津吉・市民病院線, 船木・早福線"
高尾,西肥自動車（株）,1001　佐世保市内
池野,西肥自動車（株）,1001　佐世保市内
大野公民館前,西肥自動車（株）,1012　知見寺
津吉小学校,平戸市,"堤・前津吉線, 前津吉・市民病院線, 船木・早福線"
坂の上別道,西肥自動車（株）,まめバス　才牟田線
坂の上分道,西肥自動車（株）,1021　妙観寺
重石,西肥自動車（株）,1001　佐世保市内
真申入口,西肥自動車（株）,"1001　佐世保市内, 1009　佐世保松浦, 1018　波佐見・嬉野, 1005　佐世保平戸"
坂の下公民館上,西肥自動車（株）,まめバス　才牟田線
野中町,西肥自動車（株）,"1004　相浦系統, 1001　佐世保市内, 1018　波佐見・嬉野, 1003　委託, 1021　妙観寺, 1023　菰田世知原"
矢峰,西肥自動車（株）,"1001　佐世保市内, 1014　伊万里, 1018　波佐見・嬉野, 1003　委託"
吉岡橋,西肥自動車（株）,"1004　相浦系統, 1001　佐世保市内, 1009　佐世保松浦, 1016　西海橋, 1018　波佐見・嬉野, 1033　口木, 1003　委託"
橋輪谷,西肥自動車（株）,"1001　佐世保市内, 1018　波佐見・嬉野"
ふたつ岩,西肥自動車（株）,1001　佐世保市内
十郎井手,西肥自動車（株）,1001　佐世保市内
大野小学校上,西肥自動車（株）,1012　知見寺
中里皆瀬支所前,西肥自動車（株）,"1004　相浦系統, 1001　佐世保市内, 1018　波佐見・嬉野, 1003　委託"
中山,平戸市,紐差・宮の浦線
坂の下,西肥自動車（株）,1021　妙観寺
嘘越,西肥自動車（株）,"1001　佐世保市内, 1018　波佐見・嬉野"
峰郷,西肥自動車（株）,1001　佐世保市内
地蔵前,西肥自動車（株）,"1004　相浦系統, 1001　佐世保市内, 1018　波佐見・嬉野, 1003　委託, 1021　妙観寺, 1023　菰田世知原"
吉岡団地,西肥自動車（株）,"1004　相浦系統, 1001　佐世保市内, 1009　佐世保松浦, 1016　西海橋, 1018　波佐見・嬉野, 1033　口木, 1005　佐世保平戸, 1003　委託"
神社参道入口,西肥自動車（株）,まめバス　才牟田線
淀姫神社前,西肥自動車（株）,"1001　佐世保市内, 1014　伊万里, 1018　波佐見・嬉野, 1003　委託"
長泉寺,平戸市,"堤・前津吉線, 前津吉・市民病院線, 船木・早福線"
城の下,西肥自動車（株）,"1001　佐世保市内, 1014　伊万里, 1018　波佐見・嬉野, 1003　委託"
十三丘団地入口,西肥自動車（株）,"1004　相浦系統, 1001　佐世保市内, 1009　佐世保松浦, 1005　佐世保平戸, 1003　委託"
淀姫神社,西肥自動車（株）,まめバス　岩下洞穴・瀬戸越団地線
播磨橋,西肥自動車（株）,1001　佐世保市内
アソカ幼稚園上,西肥自動車（株）,まめバス　才牟田線
夫婦岩,西肥自動車（株）,"1001　佐世保市内, 1014　伊万里, 1018　波佐見・嬉野, 1003　委託"
柚木中央区,西肥自動車（株）,1001　佐世保市内
大河端,西肥自動車（株）,"1001　佐世保市内, 1014　伊万里, 1018　波佐見・嬉野, 1003　委託"
柿田原,西肥自動車（株）,"1004　相浦系統, 1001　佐世保市内, 1009　佐世保松浦, 1016　西海橋, 1018　波佐見・嬉野, 1033　口木, 1003　委託"
柚木支所前,西肥自動車（株）,1001　佐世保市内
大野中学校下,西肥自動車（株）,1001　佐世保市内
藤山神社入口,西肥自動車（株）,"1001　佐世保市内, 1014　伊万里, 1018　波佐見・嬉野, 1003　委託"
野手口,平戸市,"堤・前津吉線, 前津吉・市民病院線, 船木・早福線"
前津吉,平戸市,"堤・前津吉線, 前津吉・市民病院線, 船木・早福線"
柚木,西肥自動車（株）,"1001　佐世保市内, 1014　伊万里, 1018　波佐見・嬉野, 1003　委託"
川久保橋,西肥自動車（株）,"1001　佐世保市内, 1014　伊万里, 1018　波佐見・嬉野, 1003　委託"
前津吉桟橋,平戸市,"堤・前津吉線, 前津吉・市民病院線, 船木・早福線"
西高校前,西肥自動車（株）,1021　妙観寺
四条橋,西肥自動車（株）,"1001　佐世保市内, 1012　知見寺, まめバス　才牟田線"
上本山,西肥自動車（株）,"1004　相浦系統, 1001　佐世保市内, 1018　波佐見・嬉野, 1003　委託"
大野変電所前,西肥自動車（株）,"1004　相浦系統, 1001　佐世保市内, 1018　波佐見・嬉野, 1003　委託, 1021　妙観寺, 1023　菰田世知原"
水浦,西肥自動車（株）,1004　相浦系統
黒橋,西肥自動車（株）,"1004　相浦系統, 1001　佐世保市内, 1009　佐世保松浦, 1016　西海橋, 1018　波佐見・嬉野, 1033　口木, 1003　委託"
労災病院入口,西肥自動車（株）,"1001　佐世保市内, 1014　伊万里, 1018　波佐見・嬉野, 1003　委託"
転石入口,西肥自動車（株）,"1001　佐世保市内, 1014　伊万里, 1018　波佐見・嬉野, 1003　委託"
左石駅前,西肥自動車（株）,"1001　佐世保市内, 1012　知見寺, まめバス　才牟田線"
佐世保商業高校入口,西肥自動車（株）,"1004　相浦系統, 1001　佐世保市内, 1016　西海橋, 1018　波佐見・嬉野, 1033　口木, 1003　委託"
上本山住宅入口,西肥自動車（株）,"1004　相浦系統, 1001　佐世保市内, 1009　佐世保松浦, 1005　佐世保平戸, 1003　委託"
西高校入口,西肥自動車（株）,"1004　相浦系統, 1001　佐世保市内, 1009　佐世保松浦, 1016　西海橋, 1018　波佐見・嬉野, 1033　口木, 1003　委託, 1021　妙観寺, 1023　菰田世知原"
中里駅前,西肥自動車（株）,"1004　相浦系統, 1001　佐世保市内, 1018　波佐見・嬉野, 1003　委託"
工業高校前,西肥自動車（株）,"1001　佐世保市内, 1014　伊万里, 1018　波佐見・嬉野, 1003　委託, まめバス　岩下洞穴・瀬戸越団地線"
ポンプ場上,西肥自動車（株）,まめバス　岩下洞穴・瀬戸越団地線
本山,西肥自動車（株）,"1004　相浦系統, 1001　佐世保市内, 1018　波佐見・嬉野, 1003　委託"
公園前,西肥自動車（株）,まめバス　岩下洞穴・瀬戸越団地線
瀬戸越,西肥自動車（株）,"1001　佐世保市内, 1014　伊万里, 1018　波佐見・嬉野, 1003　委託"
上の角,西肥自動車（株）,"1001　佐世保市内, 1014　伊万里, 1018　波佐見・嬉野, 1003　委託"
佐世保商業高校,西肥自動車（株）,"1004　相浦系統, 1001　佐世保市内, 1016　西海橋, 1018　波佐見・嬉野, 1033　口木, 1003　委託"
真申,西肥自動車（株）,1004　相浦系統
大野モール,西肥自動車（株）,"まめバス　才牟田線, まめバス　岩下洞穴・瀬戸越団地線"
南区中央,西肥自動車（株）,まめバス　岩下洞穴・瀬戸越団地線
大野,西肥自動車（株）,"1004　相浦系統, 1001　佐世保市内, 1009　佐世保松浦, 1016　西海橋, 1018　波佐見・嬉野, 1033　口木, 1012　知見寺, 1005　佐世保平戸, 1003　委託, 1021　妙観寺, 1023　菰田世知原, まめバス　才牟田線"
バイパス本山,西肥自動車（株）,"1004　相浦系統, 1001　佐世保市内, 1009　佐世保松浦, 1005　佐世保平戸, 1003　委託"
真申駅前,西肥自動車（株）,1004　相浦系統
左石,西肥自動車（株）,"1004　相浦系統, 1001　佐世保市内, 1009　佐世保松浦, 1016　西海橋, 1014　伊万里, 1018　波佐見・嬉野, 1033　口木, 1012　知見寺, 1003　委託, 1021　妙観寺, 1023　菰田世知原"
白石アパート前,西肥自動車（株）,まめバス　岩下洞穴・瀬戸越団地線
南区峠,西肥自動車（株）,まめバス　岩下洞穴・瀬戸越団地線
中里,西肥自動車（株）,"1004　相浦系統, 1001　佐世保市内, 1003　委託"
緑町公民館前,西肥自動車（株）,1004　相浦系統
鴨の首,平戸市,紐差・宮の浦線
六条通り入口,西肥自動車（株）,1004　相浦系統
あたご荘前,西肥自動車（株）,"1004　相浦系統, 1001　佐世保市内, 1003　委託"
家畜保健所前,西肥自動車（株）,"1004　相浦系統, 1001　佐世保市内, 1003　委託"
五条通り,西肥自動車（株）,1004　相浦系統
堺木,西肥自動車（株）,"1004　相浦系統, 1001　佐世保市内, 1009　佐世保松浦, 1016　西海橋, 1014　伊万里, 1018　波佐見・嬉野, 1033　口木, 1012　知見寺, 1005　佐世保平戸, 1003　委託, 1021　妙観寺, 1023　菰田世知原"
一条通り,西肥自動車（株）,1004　相浦系統
平尾,平戸市,紐差・宮の浦線
相浦発電所入口,西肥自動車（株）,1004　相浦系統
第二ニュータウン,西肥自動車（株）,1004　相浦系統
桜木町,西肥自動車（株）,1003　委託
上桜木,西肥自動車（株）,1003　委託
中桜木,西肥自動車（株）,1003　委託
春日台入口,ラッキー自動車（株）（佐世保）,乗合タクシーふれあい号
愛宕町,西肥自動車（株）,"1004　相浦系統, 1001　佐世保市内, 1003　委託, 10004　相浦系統"
桜木岩下,西肥自動車（株）,1003　委託
横尾ハイツ入口,ラッキー自動車（株）（佐世保）,乗合タクシーふれあい号
志々伎小学校前,平戸市,紐差・宮の浦線
下桜木,西肥自動車（株）,1003　委託
棚方,西肥自動車（株）,1004　相浦系統
北地区公民館,ラッキー自動車（株）（佐世保）,乗合タクシーふれあい号
春日町,西肥自動車（株）,"1004　相浦系統, 1001　佐世保市内, 1009　佐世保松浦, 1016　西海橋, 1014　伊万里, 1018　波佐見・嬉野, 1033　口木, 1012　知見寺, 1005　佐世保平戸, 1003　委託, 1021　妙観寺, 1023　菰田世知原"
県職員住宅前,ラッキー自動車（株）（佐世保）,乗合タクシーふれあい号
志々伎児童館前,平戸市,紐差・宮の浦線
下池の窪,ラッキー自動車（株）（佐世保）,乗合タクシーふれあい号
志々伎,平戸市,紐差・宮の浦線
池の窪,ラッキー自動車（株）（佐世保）,乗合タクシーふれあい号
相浦栄町,西肥自動車（株）,"1004　相浦系統, 1001　佐世保市内, 1003　委託"
フォレストアウル前,ラッキー自動車（株）（佐世保）,乗合タクシーふれあい号
山の田,西肥自動車（株）,"1004　相浦系統, 1001　佐世保市内, 1009　佐世保松浦, 1016　西海橋, 1014　伊万里, 1018　波佐見・嬉野, 1033　口木, 1012　知見寺, 1003　委託, 1021　妙観寺, 1023　菰田世知原"
竹辺町,西肥自動車（株）,1003　委託
木宮町,西肥自動車（株）,"1004　相浦系統, 1001　佐世保市内, 1003　委託, 10004　相浦系統"
相浦郵便局前,西肥自動車（株）,"1004　相浦系統, 1001　佐世保市内, 1003　委託"
札所前,ラッキー自動車（株）（佐世保）,乗合タクシーふれあい号
肥,平戸市,紐差・宮の浦線
相浦小学校前,西肥自動車（株）,"1004　相浦系統, 1001　佐世保市内, 1003　委託, 10004　相浦系統"
こうもり岩,ラッキー自動車（株）（佐世保）,乗合タクシーふれあい号
学振前,ラッキー自動車（株）（佐世保）,乗合タクシーふれあい号
相浦,西肥自動車（株）,"1004　相浦系統, 1001　佐世保市内, 1003　委託"
南こうもり岩,ラッキー自動車（株）（佐世保）,乗合タクシーふれあい号
相浦桟橋,西肥自動車（株）,"1004　相浦系統, 1001　佐世保市内, 1003　委託"
宮の浦,平戸市,紐差・宮の浦線
大松マンション前,ラッキー自動車（株）（佐世保）,乗合タクシーふれあい号
岩渕新田,西肥自動車（株）,1003　委託
築町,西肥自動車（株）,1003　委託
マックスバリュ梅田店,ラッキー自動車（株）（佐世保）,乗合タクシーふれあい号
警察寮前,ラッキー自動車（株）（佐世保）,乗合タクシーふれあい号
梅田町,西肥自動車（株）,"1004　相浦系統, 1001　佐世保市内, 1009　佐世保松浦, 1016　西海橋, 1014　伊万里, 1018　波佐見・嬉野, 1033　口木, 1012　知見寺, 1003　委託, 1021　妙観寺, 1023　菰田世知原"
野子学校前,平戸市,紐差・宮の浦線
北梅田町,ラッキー自動車（株）（佐世保）,乗合タクシーふれあい号
上ハイムタウン,ラッキー自動車（株）（佐世保）,乗合タクシーふれあい号
ハイムタウン,ラッキー自動車（株）（佐世保）,乗合タクシーふれあい号
相浦中学校前,西肥自動車（株）,"1004　相浦系統, 1001　佐世保市内, 1003　委託, 10004　相浦系統"
中ハイムタウン,ラッキー自動車（株）（佐世保）,乗合タクシーふれあい号
上梅田町,ラッキー自動車（株）（佐世保）,乗合タクシーふれあい号
ハイムタウン入口,ラッキー自動車（株）（佐世保）,乗合タクシーふれあい号
水産市場入口,西肥自動車（株）,1003　委託
中梅田町,ラッキー自動車（株）（佐世保）,乗合タクシーふれあい号
小野橋,西肥自動車（株）,1003　委託
三つ目橋,ラッキー自動車（株）（佐世保）,乗合タクシーふれあい号
エスポワール入口,ラッキー自動車（株）（佐世保）,乗合タクシーふれあい号
新田団地,西肥自動車（株）,1003　委託
牟田,西肥自動車（株）,1003　委託
小野春陽台前,西肥自動車（株）,1003　委託
二つ目橋,ラッキー自動車（株）（佐世保）,乗合タクシーふれあい号
中通公会堂下,ラッキー自動車（株）（佐世保）,乗合タクシーふれあい号
上山手,西肥自動車（株）,1003　委託
梅田橋,ラッキー自動車（株）（佐世保）,乗合タクシーふれあい号
一つ目橋,ラッキー自動車（株）（佐世保）,乗合タクシーふれあい号
俵町商店街,ラッキー自動車（株）（佐世保）,乗合タクシーふれあい号
田代町,西肥自動車（株）,1003　委託
新清水小学校前,ラッキー自動車（株）（佐世保）,乗合タクシーふれあい号
大潟町,西肥自動車（株）,1003　委託
田代峠下,西肥自動車（株）,1003　委託
八尋岳入口,西肥自動車（株）,1003　委託
俵町,西肥自動車（株）,"1004　相浦系統, 1001　佐世保市内, 1009　佐世保松浦, 1016　西海橋, 1014　伊万里, 1018　波佐見・嬉野, 1033　口木, 1012　知見寺, 1005　佐世保平戸, 1003　委託, 1021　妙観寺, 1023　菰田世知原"
みどり入口,ラッキー自動車（株）（佐世保）,乗合タクシーふれあい号
折橋町,西肥自動車（株）,1003　委託
北佐世保駅前,西肥自動車（株）,1003　委託
上折橋,西肥自動車（株）,1003　委託
総合教育センター前,西肥自動車（株）,1003　委託
総合教育センター前,ラッキー自動車（株）（佐世保）,乗合タクシーふれあい号
福良,平戸市,紐差・宮の浦線
今里,西肥自動車（株）,1003　委託
徳蔵寺前,ラッキー自動車（株）（佐世保）,乗合タクシーふれあい号
野子,平戸市,紐差・宮の浦線
宮田橋,ラッキー自動車（株）（佐世保）,乗合タクシーふれあい号
保立町,西肥自動車（株）,1003　委託
長崎県立大学前,西肥自動車（株）,"1004　相浦系統, 1001　佐世保市内, 1003　委託, 10004　相浦系統"
宮田町,西肥自動車（株）,"1004　相浦系統, 1001　佐世保市内, 1009　佐世保松浦, 1016　西海橋, 1014　伊万里, 1018　波佐見・嬉野, 1033　口木, 1012　知見寺, 1003　委託, 1021　妙観寺, 1023　菰田世知原"
朝日ケ丘,西肥自動車（株）,"1004　相浦系統, 1003　委託"
山手町,西肥自動車（株）,1003　委託
官山入口,西肥自動車（株）,1003　委託
母ヶ浦町,西肥自動車（株）,1003　委託
志田,西肥自動車（株）,1004　相浦系統
山手町入口,西肥自動車（株）,1003　委託
下山手,西肥自動車（株）,1003　委託
清水町,西肥自動車（株）,1003　委託
飯田,平戸市,紐差・宮の浦線
東山手燿光病院入口,西肥自動車（株）,1003　委託
スポーツの里入口,西肥自動車（株）,1003　委託
城山町,西肥自動車（株）,"1004　相浦系統, 1001　佐世保市内, 1009　佐世保松浦, 1016　西海橋, 1014　伊万里, 1018　波佐見・嬉野, 1033　口木, 1012　知見寺, 1003　委託, 1021　妙観寺, 1023　菰田世知原"
花園町,西肥自動車（株）,1003　委託
向月,平戸市,紐差・宮の浦線
下母ヶ浦,西肥自動車（株）,1003　委託
福田町,西肥自動車（株）,1003　委託
名切町,西肥自動車（株）,1003　委託
美崎が丘,西肥自動車（株）,1004　相浦系統
花園町入口,西肥自動車（株）,1003　委託
佐世保市役所前,西肥自動車（株）,"1004　相浦系統, 1001　佐世保市内, 1009　佐世保松浦, 1016　西海橋, 1014　伊万里, 1018　波佐見・嬉野, 1033　口木, 1012　知見寺, 1005　佐世保平戸, 1003　委託, 1021　妙観寺, 1023　菰田世知原"
名切谷通,西肥自動車（株）,1003　委託
総合グランド前,西肥自動車（株）,"1004　相浦系統, 1001　佐世保市内, 1003　委託, 10004　相浦系統"
烏帽子,西肥自動車（株）,1003　委託
長崎短大九文高校,西肥自動車（株）,1003　委託
長短九文入口,西肥自動車（株）,1003　委託
船越,平戸市,紐差・宮の浦線
高梨公園前,西肥自動車（株）,1003　委託
弓張岳展望台,西肥自動車（株）,1003　委託
高梨町,西肥自動車（株）,1003　委託
佐世保実業高校入口,西肥自動車（株）,"1004　相浦系統, 1003　委託"
弓有,西肥自動車（株）,1003　委託
比良町,西肥自動車（株）,1003　委託
江楯,西肥自動車（株）,1004　相浦系統
佐世保実業高校,西肥自動車（株）,"1004　相浦系統, 1003　委託"
展望台下,西肥自動車（株）,1003　委託
椎木峠,西肥自動車（株）,"1004　相浦系統, 1003　委託"
大久保小学校上,西肥自動車（株）,1003　委託
交通安全学習館前,西肥自動車（株）,1003　委託
キャンプ場入口,西肥自動車（株）,1003　委託
西高梨,西肥自動車（株）,1003　委託
須佐町,西肥自動車（株）,1003　委託
谷郷町,西肥自動車（株）,"1004　相浦系統, 1001　佐世保市内, 1009　佐世保松浦, 1016　西海橋, 1014　伊万里, 1018　波佐見・嬉野, 1033　口木, 1012　知見寺, 1003　委託, 1021　妙観寺, 1023　菰田世知原"
相生橋,西肥自動車（株）,1003　委託
県境,西肥自動車（株）,1014　伊万里
東大久保町入口,西肥自動車（株）,1003　委託
うど越,西肥自動車（株）,1003　委託
大崎高岩,西肥自動車（株）,1004　相浦系統
沖田自衛隊入口,西肥自動車（株）,"1004　相浦系統, 1001　佐世保市内, 1003　委託, 10004　相浦系統"
上矢岳,西肥自動車（株）,1003　委託
笠松入口,西肥自動車（株）,1004　相浦系統
青少年の天地入口,西肥自動車（株）,1003　委託
西大久保,西肥自動車（株）,1003　委託
中弓張,西肥自動車（株）,1003　委託
下弓張,西肥自動車（株）,1003　委託
小佐世保小学校下,西肥自動車（株）,1003　委託
登山口,西肥自動車（株）,1003　委託
佐世保霊園前,西肥自動車（株）,1004　相浦系統
椎木町,西肥自動車（株）,"1004　相浦系統, 1003　委託"
星和台北,西肥自動車（株）,1003　委託
松浦町国際通り,西肥自動車（株）,"1004　相浦系統, 1001　佐世保市内, 1016　西海橋, 1017　川棚, 1019　長崎空港, 10001　佐世保市内, 1003　委託, 10004　相浦系統"
松浦町名切グランド前,西肥自動車（株）,1003　委託
中矢岳,西肥自動車（株）,1003　委託
松浦町中央公園口,西肥自動車（株）,"1004　相浦系統, 1001　佐世保市内, 1009　佐世保松浦, 1016　西海橋, 1014　伊万里, 1017　川棚, 1018　波佐見・嬉野, 1033　口木, 1012　知見寺, 10001　佐世保市内, 1005　佐世保平戸, 1003　委託, 1021　妙観寺, 1023　菰田世知原, 10004　相浦系統"
星和台入口,西肥自動車（株）,1003　委託
椎木町宿舎前,西肥自動車（株）,1003　委託
小佐世保町,西肥自動車（株）,1003　委託
美鳥ヶ丘,西肥自動車（株）,1003　委託
大崎分校前,西肥自動車（株）,1004　相浦系統
星和台南,西肥自動車（株）,1003　委託
春田橋,西肥自動車（株）,1003　委託
佐世保市総合医療センター,西肥自動車（株）,"1004　相浦系統, 1001　佐世保市内, 1016　西海橋, 1017　川棚, 10001　佐世保市内, 1003　委託, 10004　相浦系統"
祇園町,西肥自動車（株）,1003　委託
矢岳町,西肥自動車（株）,"1004　相浦系統, 1001　佐世保市内, 1003　委託"
佐世保市総合医療センター入口,西肥自動車（株）,"1004　相浦系統, 1001　佐世保市内, 1016　西海橋, 1017　川棚, 10001　佐世保市内, 1003　委託, 10004　相浦系統"
勝富町,西肥自動車（株）,1003　委託
中部地区公民館前,西肥自動車（株）,1003　委託
東うど越公民前,西肥自動車（株）,1003　委託
上今福,西肥自動車（株）,1003　委託
美鳥ヶ丘中央,西肥自動車（株）,1003　委託
日野小学校入口,西肥自動車（株）,"1004　相浦系統, 1001　佐世保市内, 1003　委託, 10004　相浦系統"
大崎公民館前,西肥自動車（株）,1004　相浦系統
白木町,西肥自動車（株）,1003　委託
島瀬町,西肥自動車（株）,"1004　相浦系統, 1001　佐世保市内, 1009　佐世保松浦, 1016　西海橋, 1014　伊万里, 1017　川棚, 1018　波佐見・嬉野, 1033　口木, 1019　長崎空港, 1012　知見寺, 10001　佐世保市内, 1005　佐世保平戸, 1003　委託, 1021　妙観寺, 1023　菰田世知原, 10004　相浦系統"
湊町,西肥自動車（株）,1003　委託
光月町,西肥自動車（株）,1003　委託
体育文化館前,西肥自動車（株）,1003　委託
東うど越,西肥自動車（株）,1003　委託
西うど越,西肥自動車（株）,1003　委託
ニミッツパーク入口,西肥自動車（株）,1003　委託
佐世保郵便局前,西肥自動車（株）,1003　委託
美鳥ヶ丘入口,西肥自動車（株）,1003　委託
日野中央,西肥自動車（株）,"1004　相浦系統, 1001　佐世保市内, 1003　委託, 10004　相浦系統"
今福町,西肥自動車（株）,"1004　相浦系統, 1001　佐世保市内, 1003　委託"
共済病院前,西肥自動車（株）,1003　委託
峰坂,西肥自動車（株）,1003　委託
桜道,西肥自動車（株）,1003　委託
金比良町,西肥自動車（株）,"1004　相浦系統, 1001　佐世保市内, 1003　委託"
京町,西肥自動車（株）,"1004　相浦系統, 1001　佐世保市内, 1009　佐世保松浦, 1016　西海橋, 1014　伊万里, 1017　川棚, 1018　波佐見・嬉野, 1033　口木, 1019　長崎空港, 1012　知見寺, 10001　佐世保市内, 1005　佐世保平戸, 1003　委託, 1021　妙観寺, 1023　菰田世知原, 10004　相浦系統"
大崎町,西肥自動車（株）,1004　相浦系統
総監部前,西肥自動車（株）,1003　委託
山祇町,西肥自動車（株）,1003　委託
戸尾中央通,西肥自動車（株）,1003　委託
御船町,西肥自動車（株）,"1004　相浦系統, 1001　佐世保市内, 1003　委託"
鹿子前入口,西肥自動車（株）,"1004　相浦系統, 1001　佐世保市内, 1003　委託, 10004　相浦系統"
木原口,西肥自動車（株）,1014　伊万里
小島町上,西肥自動車（株）,1003　委託
木場入口,西肥自動車（株）,1003　委託
平瀬橋,西肥自動車（株）,1003　委託
光海中学校前,西肥自動車（株）,1003　委託
長坂町,西肥自動車（株）,"1004　相浦系統, 1001　佐世保市内, 1003　委託"
黒髪山上,西肥自動車（株）,1003　委託
SSK北門口,西肥自動車（株）,1003　委託
戸尾町,西肥自動車（株）,"1004　相浦系統, 1001　佐世保市内, 1009　佐世保松浦, 1016　西海橋, 1014　伊万里, 1017　川棚, 1018　波佐見・嬉野, 1033　口木, 1012　知見寺, 10001　佐世保市内, 1003　委託, 1021　妙観寺, 1023　菰田世知原, 10004　相浦系統"
白南風町,西肥自動車（株）,1003　委託
白南風小学校下,西肥自動車（株）,1003　委託
日野峠,西肥自動車（株）,"1004　相浦系統, 1001　佐世保市内, 1003　委託"
西小島町,西肥自動車（株）,"1004　相浦系統, 1001　佐世保市内, 1003　委託"
木風町,西肥自動車（株）,1003　委託
山澄中学入口,西肥自動車（株）,1003　委託
東小島町,西肥自動車（株）,"1004　相浦系統, 1001　佐世保市内, 1003　委託"
神島町,西肥自動車（株）,"1004　相浦系統, 1001　佐世保市内, 1003　委託"
高野谷,西肥自動車（株）,1003　委託
鹿子前町,西肥自動車（株）,1003　委託
黒髪町二の二組公会堂前,西肥自動車（株）,1003　委託
釜須ヶ浦,西肥自動車（株）,1003　委託
須田尾町,西肥自動車（株）,1003　委託
山祇幼児園入口,西肥自動車（株）,1003　委託
江永口,西肥自動車（株）,1014　伊万里
SSK中央口,西肥自動車（株）,1003　委託
木風変電所入口,西肥自動車（株）,1003　委託
SSK船台口,西肥自動車（株）,1003　委託
佐世保駅前,西肥自動車（株）,"1004　相浦系統, 1001　佐世保市内, 1009　佐世保松浦, 1016　西海橋, 1014　伊万里, 1017　川棚, 1018　波佐見・嬉野, 1019　長崎空港, 1012　知見寺, 10001　佐世保市内, 1005　佐世保平戸, 1003　委託, 1021　妙観寺, 1023　菰田世知原, 10004　相浦系統"
緑坂,西肥自動車（株）,1003　委託
新みなとターミナル前,西肥自動車（株）,1003　委託
桜ヶ丘入口,西肥自動車（株）,"1001　佐世保市内, 1003　委託"
鹿子前橋,西肥自動車（株）,1003　委託
菫ヶ丘,西肥自動車（株）,1003　委託
下木風,西肥自動車（株）,1003　委託
木風橋,西肥自動車（株）,1003　委託
佐世保駅みなと口,西肥自動車（株）,1003　委託
潮見小入口,西肥自動車（株）,1003　委託
椿ヶ丘,西肥自動車（株）,"1001　佐世保市内, 1003　委託"
保育園上,西肥自動車（株）,1003　委託
下須田尾,西肥自動車（株）,1003　委託
第4ドック前,西肥自動車（株）,1003　委託
天石,西肥自動車（株）,1003　委託
須田尾町入口,西肥自動車（株）,1003　委託
口の尾,西肥自動車（株）,1014　伊万里
上椿ヶ丘,西肥自動車（株）,"1001　佐世保市内, 1003　委託"
藤原住宅入口,西肥自動車（株）,1003　委託
鯨瀬ターミナル前,西肥自動車（株）,1003　委託
若葉中央,西肥自動車（株）,1003　委託
黒髪,西肥自動車（株）,"1001　佐世保市内, 1003　委託"
鹿子前大芝生広場前,西肥自動車（株）,1003　委託
上若葉,西肥自動車（株）,1003　委託
木風町入口,西肥自動車（株）,"1001　佐世保市内, 1016　西海橋, 1014　伊万里, 1017　川棚, 1018　波佐見・嬉野, 1033　口木, 10001　佐世保市内, 1003　委託"
天石橋,西肥自動車（株）,1003　委託
黒髪アパート前,西肥自動車（株）,"1001　佐世保市内, 1003　委託"
赤崎小学校下,西肥自動車（株）,1003　委託
パールシーリゾート九十九島水族館,西肥自動車（株）,1003　委託
SSK西門口,西肥自動車（株）,1003　委託
北大和,西肥自動車（株）,"1001　佐世保市内, 1016　西海橋, 1014　伊万里, 1017　川棚, 1018　波佐見・嬉野, 1033　口木, 10001　佐世保市内, 1003　委託"
下若葉,西肥自動車（株）,1003　委託
変電所入口,西肥自動車（株）,"1001　佐世保市内, 1016　西海橋, 1014　伊万里, 1017　川棚, 1018　波佐見・嬉野, 1033　口木, 10001　佐世保市内, 1003　委託"
南高校前,西肥自動車（株）,"1001　佐世保市内, 1003　委託"
藤原町,西肥自動車（株）,1003　委託
もみじが丘住宅前,西肥自動車（株）,"1001　佐世保市内, 1003　委託"
牛買稲荷口,西肥自動車（株）,"1001　佐世保市内, 1016　西海橋, 1014　伊万里, 1017　川棚, 1018　波佐見・嬉野, 1033　口木, 10001　佐世保市内, 1003　委託"
観音裏,西肥自動車（株）,1003　委託
桜馬場,西肥自動車（株）,"1001　佐世保市内, 1016　西海橋, 1014　伊万里, 1017　川棚, 1018　波佐見・嬉野, 1033　口木, 10001　佐世保市内, 1003　委託"
大塔小学校前,西肥自動車（株）,"1001　佐世保市内, 1003　委託"
鴛の浦分道,西肥自動車（株）,1003　委託
もみじが丘,西肥自動車（株）,"1001　佐世保市内, 1003　委託"
松川橋入口,西肥自動車（株）,"1001　佐世保市内, 1016　西海橋, 1014　伊万里, 1017　川棚, 1018　波佐見・嬉野, 1033　口木, 10001　佐世保市内, 1003　委託"
猫山入口,西肥自動車（株）,"1001　佐世保市内, 1016　西海橋, 1014　伊万里, 1017　川棚, 1018　波佐見・嬉野, 1033　口木, 10001　佐世保市内, 1003　委託"
福石観音前,西肥自動車（株）,"1001　佐世保市内, 1016　西海橋, 1014　伊万里, 1017　川棚, 1018　波佐見・嬉野, 1033　口木, 10001　佐世保市内, 1003　委託"
業務隊前,西肥自動車（株）,1003　委託
藤原橋,西肥自動車（株）,"1001　佐世保市内, 1016　西海橋, 1014　伊万里, 1017　川棚, 1018　波佐見・嬉野, 1033　口木, 1019　長崎空港, 10001　佐世保市内, 1003　委託"
大和町,西肥自動車（株）,"1001　佐世保市内, 1016　西海橋, 1014　伊万里, 1017　川棚, 1018　波佐見・嬉野, 1033　口木, 10001　佐世保市内, 1003　委託"
福石町,西肥自動車（株）,1003　委託
大和町西龍橋,西肥自動車（株）,"1001　佐世保市内, 1003　委託"
赤崎団地公園前,西肥自動車（株）,1003　委託
稲荷町,西肥自動車（株）,"1001　佐世保市内, 1016　西海橋, 1014　伊万里, 1017　川棚, 1018　波佐見・嬉野, 1033　口木, 10001　佐世保市内, 1003　委託"
食品団地入口,西肥自動車（株）,"1001　佐世保市内, 1016　西海橋, 1014　伊万里, 1017　川棚, 1018　波佐見・嬉野, 1033　口木, 10001　佐世保市内, 1003　委託"
中央病院入口,西肥自動車（株）,"1001　佐世保市内, 1003　委託"
バイパス中央,西肥自動車（株）,"1001　佐世保市内, 1019　長崎空港, 1003　委託"
西大和,西肥自動車（株）,"1001　佐世保市内, 1003　委託"
日宇駅前,西肥自動車（株）,"1001　佐世保市内, 1016　西海橋, 1014　伊万里, 1017　川棚, 1018　波佐見・嬉野, 1033　口木, 1019　長崎空港, 10001　佐世保市内, 1003　委託"
大宮町,西肥自動車（株）,"1001　佐世保市内, 1003　委託"
愛宕中学校入口,西肥自動車（株）,1003　委託
赤崎団地,西肥自動車（株）,1003　委託
大宮市場下,西肥自動車（株）,"1001　佐世保市内, 1003　委託"
三川内小学校前,西肥自動車（株）,1014　伊万里
沖新町入口,西肥自動車（株）,"1001　佐世保市内, 1003　委託"
競輪場前,西肥自動車（株）,1003　委託
食品団地会館前,西肥自動車（株）,1003　委託
白岳町入口,西肥自動車（株）,"1001　佐世保市内, 1016　西海橋, 1014　伊万里, 1017　川棚, 1018　波佐見・嬉野, 1033　口木, 10001　佐世保市内, 1003　委託"
泉水田,西肥自動車（株）,1003　委託
福石小学校上,西肥自動車（株）,1003　委託
福石中学校前,西肥自動車（株）,1003　委託
天神二丁目入口,西肥自動車（株）,1003　委託
福祉センター,西肥自動車（株）,1003　委託
赤崎,西肥自動車（株）,1003　委託
日宇新田,西肥自動車（株）,1003　委託
卸本町入口,西肥自動車（株）,"1001　佐世保市内, 1016　西海橋, 1014　伊万里, 1017　川棚, 1018　波佐見・嬉野, 1033　口木, 1019　長崎空港, 10001　佐世保市内, 1003　委託"
東大和,西肥自動車（株）,1003　委託
上野,西肥自動車（株）,1003　委託
東天神,西肥自動車（株）,1003　委託
上東山,西肥自動車（株）,1003　委託
食肉センター前,西肥自動車（株）,1003　委託
三川内支所前,西肥自動車（株）,1014　伊万里
中大黒,西肥自動車（株）,1003　委託
工業団地前,西肥自動車（株）,1003　委託
東大黒,西肥自動車（株）,1003　委託
あかりさき前,西肥自動車（株）,1003　委託
土場,西肥自動車（株）,"1001　佐世保市内, 1003　委託"
天神二丁目,西肥自動車（株）,1003　委託
船越峠,西肥自動車（株）,1003　委託
干尽町,西肥自動車（株）,1003　委託
天神山入口,西肥自動車（株）,1003　委託
動植物園前,西肥自動車（株）,1003　委託
大塔町,西肥自動車（株）,"1001　佐世保市内, 1016　西海橋, 1014　伊万里, 1017　川棚, 1018　波佐見・嬉野, 1033　口木, 10001　佐世保市内"
卸本町,西肥自動車（株）,"1001　佐世保市内, 1003　委託"
卸団地南口,西肥自動車（株）,"1001　佐世保市内, 1003　委託"
前畑正門前,西肥自動車（株）,1003　委託
上大黒,西肥自動車（株）,1003　委託
自動車検査登録事務所前,西肥自動車（株）,1003　委託
三川内駅前,西肥自動車（株）,"1001　佐世保市内, 1018　波佐見・嬉野"
天神病院入口,西肥自動車（株）,1003　委託
大岳台東口,西肥自動車（株）,"1001　佐世保市内, 1003　委託"
陽光台入口,西肥自動車（株）,1003　委託
大岳中央,西肥自動車（株）,"1001　佐世保市内, 1003　委託"
天神小学校入口,西肥自動車（株）,1003　委託
上,西肥自動車（株）,1003　委託
上川谷,西肥自動車（株）,1003　委託
三川内駅入口,西肥自動車（株）,"1001　佐世保市内, 1014　伊万里, 1018　波佐見・嬉野"
川下,西肥自動車（株）,"1001　佐世保市内, 1003　委託"
天神中部,西肥自動車（株）,1003　委託
前畑,西肥自動車（株）,1003　委託
若竹台北公園,西肥自動車（株）,1001　佐世保市内
若竹台県営アパート,西肥自動車（株）,1001　佐世保市内
大塔インター口,西肥自動車（株）,"1001　佐世保市内, 1003　委託"
下尼潟,西肥自動車（株）,"1001　佐世保市内, 1003　委託"
高専グランド前,西肥自動車（株）,1003　委託
尼潟,西肥自動車（株）,"1001　佐世保市内, 1003　委託"
大塔新田,西肥自動車（株）,"1001　佐世保市内, 1016　西海橋, 1014　伊万里, 1017　川棚, 1018　波佐見・嬉野, 1033　口木, 10001　佐世保市内, 1003　委託"
天神三丁目分道,西肥自動車（株）,1003　委託
下牛石,西肥自動車（株）,"1001　佐世保市内, 1018　波佐見・嬉野"
船越郵便局前,西肥自動車（株）,1003　委託
若竹台東口,西肥自動車（株）,1001　佐世保市内
造船所前,西肥自動車（株）,"1001　佐世保市内, 1003　委託"
鯛の前,西肥自動車（株）,1003　委託
自衛隊官舎前,西肥自動車（株）,1003　委託
天神町,西肥自動車（株）,1003　委託
下川谷,西肥自動車（株）,1003　委託
三川内山入口,西肥自動車（株）,"1001　佐世保市内, 1014　伊万里, 1018　波佐見・嬉野"
若竹台中央,西肥自動車（株）,1001　佐世保市内
沖新町,西肥自動車（株）,1003　委託
桑木場,西肥自動車（株）,"1001　佐世保市内, 1014　伊万里, 1018　波佐見・嬉野"
エコスパ佐世保,西肥自動車（株）,1001　佐世保市内
上原水源地入口,西肥自動車（株）,"1001　佐世保市内, 1014　伊万里, 1018　波佐見・嬉野"
西天神公民館前,西肥自動車（株）,1003　委託
船越小学校前,西肥自動車（株）,1003　委託
汐入,西肥自動車（株）,1003　委託
二本松住宅下,西肥自動車（株）,"1001　佐世保市内, 1014　伊万里, 1018　波佐見・嬉野"
船越中央公民館下,西肥自動車（株）,1003　委託
西天神,西肥自動車（株）,1003　委託
若竹台入口,西肥自動車（株）,1001　佐世保市内
中船越,西肥自動車（株）,1003　委託
東の浦,西肥自動車（株）,1003　委託
花高二丁目,西肥自動車（株）,"1001　佐世保市内, 1017　川棚, 1002　宮津町"
轟,西肥自動車（株）,1003　委託
船越,西肥自動車（株）,1003　委託
山崎住宅入口,西肥自動車（株）,"1001　佐世保市内, 1018　波佐見・嬉野, 1020　川棚内海"
早岐警察署前,西肥自動車（株）,1001　佐世保市内
花高三丁目,西肥自動車（株）,"1001　佐世保市内, 1017　川棚, 1002　宮津町"
早岐中学校前,西肥自動車（株）,"1001　佐世保市内, 1014　伊万里, 1018　波佐見・嬉野"
二丁目アパート前,西肥自動車（株）,"1001　佐世保市内, 1017　川棚, 1002　宮津町"
陣の内,西肥自動車（株）,1001　佐世保市内
牛石,西肥自動車（株）,"1001　佐世保市内, 1018　波佐見・嬉野"
勝磯,西肥自動車（株）,"1001　佐世保市内, 1016　西海橋, 1014　伊万里, 1017　川棚, 1018　波佐見・嬉野, 1033　口木, 10001　佐世保市内, 1003　委託"
十郎原入口,西肥自動車（株）,1003　委託
上皿山,西肥自動車（株）,"1001　佐世保市内, 1018　波佐見・嬉野"
浦崎,西肥自動車（株）,1003　委託
西の原,西肥自動車（株）,"1001　佐世保市内, 1018　波佐見・嬉野, 1020　川棚内海"
皿山,西肥自動車（株）,"1001　佐世保市内, 1018　波佐見・嬉野"
花高四丁目,西肥自動車（株）,"1001　佐世保市内, 1017　川棚, 1002　宮津町"
やきもの公園前,西肥自動車（株）,"1001　佐世保市内, 1018　波佐見・嬉野, 1020　川棚内海"
花高一丁目,西肥自動車（株）,"1001　佐世保市内, 1017　川棚, 1002　宮津町"
大日,西肥自動車（株）,"1001　佐世保市内, 1018　波佐見・嬉野, 1020　川棚内海"
辻,西肥自動車（株）,1003　委託
辻の下,西肥自動車（株）,1003　委託
港小学校前,西肥自動車（株）,1003　委託
東舞相,西肥自動車（株）,"1001　佐世保市内, 1018　波佐見・嬉野, 1020　川棚内海"
早岐田子の浦,西肥自動車（株）,"1001　佐世保市内, 1016　西海橋, 1014　伊万里, 1017　川棚, 1018　波佐見・嬉野, 1033　口木, 1019　長崎空港, 10001　佐世保市内, 1003　委託"
長野入口,西肥自動車（株）,"1001　佐世保市内, 1018　波佐見・嬉野"
東浜公園入口,西肥自動車（株）,1003　委託
十郎新町,西肥自動車（株）,1003　委託
下内海,西肥自動車（株）,"1001　佐世保市内, 1018　波佐見・嬉野, 1020　川棚内海"
内海,西肥自動車（株）,"1001　佐世保市内, 1018　波佐見・嬉野, 1020　川棚内海"
花高東,西肥自動車（株）,"1001　佐世保市内, 1017　川棚, 1002　宮津町"
十郎原,西肥自動車（株）,1003　委託
クレールの丘北口,西肥自動車（株）,"1001　佐世保市内, 1015　江上小学校"
舞相,西肥自動車（株）,"1001　佐世保市内, 1018　波佐見・嬉野, 1020　川棚内海"
永尾山入口,西肥自動車（株）,1018　波佐見・嬉野
早岐中町,西肥自動車（株）,"1001　佐世保市内, 1016　西海橋, 1017　川棚, 1018　波佐見・嬉野, 1033　口木, 10001　佐世保市内, 1003　委託, 1002　宮津町"
稗木場,西肥自動車（株）,"1001　佐世保市内, 1018　波佐見・嬉野"
下船越,西肥自動車（株）,1003　委託
花高皆瀬,西肥自動車（株）,"1001　佐世保市内, 1017　川棚, 1002　宮津町"
波佐見役場前,西肥自動車（株）,"1001　佐世保市内, 1018　波佐見・嬉野, 1020　川棚内海"
観潮橋,西肥自動車（株）,"1001　佐世保市内, 1015　江上小学校, 1016　西海橋, 1033　口木"
早岐支所シルバーボウル前,西肥自動車（株）,"1001　佐世保市内, 1016　西海橋, 1017　川棚, 1018　波佐見・嬉野, 1033　口木, 10001　佐世保市内, 1003　委託, 1002　宮津町"
村木入口,西肥自動車（株）,"1001　佐世保市内, 1018　波佐見・嬉野"
東浜入口,西肥自動車（株）,1003　委託
下宿,西肥自動車（株）,"1001　佐世保市内, 1018　波佐見・嬉野, 1020　川棚内海"
花高南,西肥自動車（株）,"1001　佐世保市内, 1017　川棚, 1002　宮津町"
花高団地入口,西肥自動車（株）,"1001　佐世保市内, 1017　川棚, 1002　宮津町"
上小島,西肥自動車（株）,1003　委託
浄化センター,西肥自動車（株）,1003　委託
中波止,西肥自動車（株）,1003　委託
稗の尾,西肥自動車（株）,1018　波佐見・嬉野
クレールの丘中央,西肥自動車（株）,"1001　佐世保市内, 1015　江上小学校"
宿西,西肥自動車（株）,"1001　佐世保市内, 1018　波佐見・嬉野"
権常寺別道,西肥自動車（株）,"1001　佐世保市内, 1017　川棚, 1002　宮津町"
岩崎,西肥自動車（株）,"1001　佐世保市内, 1018　波佐見・嬉野"
梶の川,西肥自動車（株）,1003　委託
下原橋,西肥自動車（株）,1003　委託
宿,西肥自動車（株）,"1018　波佐見・嬉野, 1020　川棚内海"
権常寺,西肥自動車（株）,1003　委託
小島峠,西肥自動車（株）,1003　委託
東浜町,西肥自動車（株）,1003　委託
早岐駅東口前,西肥自動車（株）,"1001　佐世保市内, 1017　川棚, 1002　宮津町"
上有福,西肥自動車（株）,1015　江上小学校
早岐駅前,西肥自動車（株）,"1001　佐世保市内, 1016　西海橋, 1017　川棚, 1018　波佐見・嬉野, 1033　口木, 10001　佐世保市内, 1003　委託, 1002　宮津町"
八島,西肥自動車（株）,"1001　佐世保市内, 1018　波佐見・嬉野"
クレールの丘南口,西肥自動車（株）,"1001　佐世保市内, 1015　江上小学校"
権常寺新町,西肥自動車（株）,"1001　佐世保市内, 1017　川棚, 1002　宮津町"
三股入口,西肥自動車（株）,1018　波佐見・嬉野
古道,西肥自動車（株）,1015　江上小学校
下有福,西肥自動車（株）,1015　江上小学校
教育隊前,西肥自動車（株）,1003　委託
有福,西肥自動車（株）,"1001　佐世保市内, 1015　江上小学校, 1016　西海橋, 1033　口木"
中原町入口,西肥自動車（株）,1003　委託
永尾山,西肥自動車（株）,1018　波佐見・嬉野
展海峰,西肥自動車（株）,1003　委託
小森橋,西肥自動車（株）,1003　委託
早岐住宅入口,西肥自動車（株）,1003　委託
上田の頭,西肥自動車（株）,"1018　波佐見・嬉野, 1020　川棚内海"
上永尾,西肥自動車（株）,1018　波佐見・嬉野
住吉橋,西肥自動車（株）,"1001　佐世保市内, 1016　西海橋, 1017　川棚, 1018　波佐見・嬉野, 1033　口木, 10001　佐世保市内, 1002　宮津町"
椎木,西肥自動車（株）,1003　委託
下小森橋,西肥自動車（株）,"1001　佐世保市内, 1017　川棚, 1002　宮津町"
展海峰入口,西肥自動車（株）,1003　委託
三島神社入口,西肥自動車（株）,1001　佐世保市内
九十九島観光公園,西肥自動車（株）,1003　委託
田の頭,西肥自動車（株）,"1018　波佐見・嬉野, 1020　川棚内海"
佐世保東翔高校,西肥自動車（株）,"1001　佐世保市内, 1016　西海橋, 1033　口木, 1002　宮津町"
広田町,西肥自動車（株）,"1001　佐世保市内, 1016　西海橋, 1017　川棚, 1018　波佐見・嬉野, 1033　口木, 10001　佐世保市内, 1002　宮津町"
上宮崎橋,西肥自動車（株）,"1001　佐世保市内, 1017　川棚, 1002　宮津町"
庵浦,西肥自動車（株）,1003　委託
金田橋,西肥自動車（株）,"1001　佐世保市内, 1016　西海橋, 1002　宮津町"
庵浦小学校前,西肥自動車（株）,1003　委託
広田中学校前,西肥自動車（株）,"1001　佐世保市内, 1016　西海橋, 1002　宮津町"
宮崎橋,西肥自動車（株）,"1001　佐世保市内, 1016　西海橋, 1017　川棚, 1018　波佐見・嬉野, 1033　口木, 10001　佐世保市内, 1002　宮津町"
イオンタウン早岐,西肥自動車（株）,"1001　佐世保市内, 1017　川棚, 1002　宮津町"
城の谷,西肥自動車（株）,1003　委託
白浜,西肥自動車（株）,1003　委託
広田工業団地,西肥自動車（株）,1001　佐世保市内
米の山,西肥自動車（株）,"1018　波佐見・嬉野, 1020　川棚内海"
猪牧,西肥自動車（株）,1018　波佐見・嬉野
佐世保東翔高校入口,西肥自動車（株）,"1001　佐世保市内, 1016　西海橋, 1033　口木, 1002　宮津町"
広田駐在所前,西肥自動車（株）,"1001　佐世保市内, 1016　西海橋, 1018　波佐見・嬉野, 1033　口木, 10001　佐世保市内"
広田三丁目,西肥自動車（株）,"1001　佐世保市内, 1016　西海橋, 1017　川棚, 1018　波佐見・嬉野, 1033　口木, 10001　佐世保市内, 1002　宮津町"
俵浦小学校下,西肥自動車（株）,1003　委託
俵浦郵便局前,西肥自動車（株）,1003　委託
川内,西肥自動車（株）,"1018　波佐見・嬉野, 1020　川棚内海"
安東寺入口,西肥自動車（株）,1003　委託
パラダイスガーデン前,西肥自動車（株）,1001　佐世保市内
浦川内公民館前,西肥自動車（株）,"1001　佐世保市内, 1016　西海橋, 1017　川棚, 1018　波佐見・嬉野, 1033　口木, 10001　佐世保市内, 1002　宮津町"
俵浦中央,西肥自動車（株）,1003　委託
石浜,西肥自動車（株）,"1001　佐世保市内, 1017　川棚"
小庵浦,西肥自動車（株）,1003　委託
大久保,西肥自動車（株）,1003　委託
波佐見高校,西肥自動車（株）,1018　波佐見・嬉野
佐世保拘置支所前,西肥自動車（株）,"1001　佐世保市内, 1016　西海橋, 1017　川棚, 1018　波佐見・嬉野, 1033　口木, 10001　佐世保市内, 1002　宮津町"
深谷,西肥自動車（株）,"1001　佐世保市内, 1015　江上小学校, 1016　西海橋, 1033　口木"
天池,西肥自動車（株）,1003　委託
重尾,西肥自動車（株）,"1001　佐世保市内, 1016　西海橋, 1017　川棚, 1018　波佐見・嬉野, 1033　口木, 10001　佐世保市内, 1002　宮津町"
庵崎裏門,西肥自動車（株）,1003　委託
俵ヶ浦,西肥自動車（株）,1003　委託
万年橋,西肥自動車（株）,"1018　波佐見・嬉野, 1020　川棚内海"
野崎東,西肥自動車（株）,1003　委託
野崎,西肥自動車（株）,1003　委託
崎野崎,西肥自動車（株）,1003　委託
平瀬,西肥自動車（株）,1020　川棚内海
小島寺下,西肥自動車（株）,"1001　佐世保市内, 1015　江上小学校, 1016　西海橋, 1033　口木"
波佐美神社,西肥自動車（株）,1020　川棚内海
崎岡,西肥自動車（株）,"1001　佐世保市内, 1017　川棚"
小鳥居病院前,西肥自動車（株）,1020　川棚内海
東部営業所,西肥自動車（株）,1002　宮津町
指方,西肥自動車（株）,"1001　佐世保市内, 1015　江上小学校, 1016　西海橋, 1033　口木"
江上小学校,西肥自動車（株）,1015　江上小学校
番所峠,西肥自動車（株）,1002　宮津町
大手原,西肥自動車（株）,"1001　佐世保市内, 1017　川棚"
柳谷,西肥自動車（株）,1020　川棚内海
江上小学校入口,西肥自動車（株）,"1015　江上小学校, 1016　西海橋, 1033　口木"
佐世保情報産業プラザ,西肥自動車（株）,1017　川棚
東明中学校,西肥自動車（株）,"1016　西海橋, 1033　口木"
宮の浦,西肥自動車（株）,"1016　西海橋, 1033　口木"
鳥越,西肥自動車（株）,"1016　西海橋, 1033　口木"
金山,西肥自動車（株）,1015　江上小学校
長崎国際大学,西肥自動車（株）,"1001　佐世保市内, 1017　川棚"
瀬道入口,西肥自動車（株）,1002　宮津町
梅高野,西肥自動車（株）,1020　川棚内海
四郎丸,西肥自動車（株）,1002　宮津町
浦頭波止場前,西肥自動車（株）,1033　口木
塔の崎（長崎国際大学入口）,西肥自動車（株）,"1001　佐世保市内, 1017　川棚"
川畑,西肥自動車（株）,1033　口木
口木,西肥自動車（株）,1033　口木
岩下,西肥自動車（株）,1015　江上小学校
太田,西肥自動車（株）,1033　口木
浦頭,西肥自動車（株）,"1016　西海橋, 1033　口木"
針尾橋,西肥自動車（株）,"1001　佐世保市内, 1015　江上小学校"
日陰,西肥自動車（株）,1017　川棚
上城間,西肥自動車（株）,1002　宮津町
五反田,西肥自動車（株）,1020　川棚内海
城間,西肥自動車（株）,1002　宮津町
ハウステンボス前,西肥自動車（株）,1015　江上小学校
ハウステンボス駅前,西肥自動車（株）,1017　川棚
長田,西肥自動車（株）,1033　口木
ハウステンボス,西肥自動車（株）,"1001　佐世保市内, 1019　長崎空港"
ハウステンボスヒルズ前,西肥自動車（株）,"1001　佐世保市内, 1015　江上小学校"
下五反田,西肥自動車（株）,1020　川棚内海
岳の田,西肥自動車（株）,"1016　西海橋, 1033　口木"
南風崎駅入口,西肥自動車（株）,1017　川棚
ハウステンボス西門,西肥自動車（株）,1001　佐世保市内
宮前,西肥自動車（株）,1002　宮津町
南風崎中央,西肥自動車（株）,1017　川棚
宮支所入口,西肥自動車（株）,1017　川棚
長畑町,西肥自動車（株）,"1017　川棚, 1002　宮津町"
針尾米軍住宅,西肥自動車（株）,1015　江上小学校
成原,西肥自動車（株）,"1016　西海橋, 1033　口木"
横瀬桟橋,さいかい交通（株）,"瀬戸-太田和-横瀬-大串［さいかい交通］, 横瀬→横瀬桟橋［さいかい交通］"
横瀬桟橋,長崎自動車（株）,"瀬戸-太田和-横瀬-大串, 横瀬→横瀬桟橋"
鯛の浦入口,西肥自動車（株）,1033　口木
祐生園入口,西肥自動車（株）,1033　口木
畦津,西肥自動車（株）,1033　口木
蛭子谷,西肥自動車（株）,1033　口木
石木,西肥自動車（株）,1020　川棚内海
横瀬団地前,さいかい交通（株）,"瀬戸-太田和-横瀬-大串［さいかい交通］, 横瀬→横瀬桟橋［さいかい交通］"
昭和公民館前,西肥自動車（株）,1033　口木
横瀬,さいかい交通（株）,"瀬戸-太田和-横瀬-大串［さいかい交通］, 横瀬→横瀬桟橋［さいかい交通］"
横瀬,長崎自動車（株）,"瀬戸-太田和-横瀬-大串, 横瀬→横瀬桟橋"
北小学校前,さいかい交通（株）,"瀬戸-太田和-横瀬-大串［さいかい交通］, 面高農協前→面高［さいかい交通］"
中田,さいかい交通（株）,"瀬戸-太田和-横瀬-大串［さいかい交通］, 横瀬→横瀬桟橋［さいかい交通］"
中田,長崎自動車（株）,横瀬→横瀬桟橋
野辺田,西肥自動車（株）,1002　宮津町
針尾小学校前,西肥自動車（株）,1033　口木
面高,さいかい交通（株）,"瀬戸-太田和-横瀬-大串［さいかい交通］, 瀬戸-下山-大串・幸物［さいかい交通］, 面高農協前→面高［さいかい交通］"
横瀬保育所前,さいかい交通（株）,"瀬戸-太田和-横瀬-大串［さいかい交通］, 横瀬→横瀬桟橋［さいかい交通］"
横瀬保育所前,長崎自動車（株）,横瀬→横瀬桟橋
遠照院下,さいかい交通（株）,"瀬戸-太田和-横瀬-大串［さいかい交通］, 瀬戸-下山-大串・幸物［さいかい交通］, 面高農協前→面高［さいかい交通］"
葉山,西肥自動車（株）,"1016　西海橋, 1033　口木"
風南城跡,西肥自動車（株）,1020　川棚内海
面高農協前,さいかい交通（株）,"瀬戸-太田和-横瀬-大串［さいかい交通］, 瀬戸-下山-大串・幸物［さいかい交通］, 面高農協前→面高［さいかい交通］"
戸尺入口,西肥自動車（株）,1002　宮津町
宮津町,西肥自動車（株）,1002　宮津町
針尾公民館前,西肥自動車（株）,"1016　西海橋, 1033　口木"
山道橋,西肥自動車（株）,1020　川棚内海
中組,西肥自動車（株）,1020　川棚内海
横瀬入口,さいかい交通（株）,瀬戸-太田和-横瀬-大串［さいかい交通］
高畑,西肥自動車（株）,"1016　西海橋, 1033　口木"
熊野神社下,さいかい交通（株）,"瀬戸-太田和-横瀬-大串［さいかい交通］, 瀬戸-下山-大串・幸物［さいかい交通］"
川棚役場前,西肥自動車（株）,1020　川棚内海
天久保,さいかい交通（株）,"瀬戸-太田和-横瀬-大串［さいかい交通］, 瀬戸-下山-大串・幸物［さいかい交通］"
新谷,西肥自動車（株）,1017　川棚
川棚バスセンター,西肥自動車（株）,"1017　川棚, 1020　川棚内海, 1019　長崎空港"
石田,さいかい交通（株）,瀬戸-太田和-横瀬-大串［さいかい交通］
長崎川棚医療センター,西肥自動車（株）,"1017　川棚, 1020　川棚内海"
西小串,西肥自動車（株）,1017　川棚
切崎入口,西肥自動車（株）,"1016　西海橋, 1033　口木"
西海総合支所前,さいかい交通（株）,"瀬戸-太田和-横瀬-大串［さいかい交通］, 瀬戸-下山-大串・幸物［さいかい交通］"
川棚高校下,西肥自動車（株）,1020　川棚内海
川棚高校前,西肥自動車（株）,"1017　川棚, 1020　川棚内海"
小串,西肥自動車（株）,1017　川棚
崎辺,さいかい交通（株）,"瀬戸-太田和-横瀬-大串［さいかい交通］, 瀬戸-下山-大串・幸物［さいかい交通］"
小郡,さいかい交通（株）,瀬戸-太田和-横瀬-大串［さいかい交通］
西海中学校前,さいかい交通（株）,瀬戸-太田和-横瀬-大串［さいかい交通］
黒口,さいかい交通（株）,"瀬戸-太田和-横瀬-大串［さいかい交通］, 瀬戸-下山-大串・幸物［さいかい交通］"
黒口農協前,さいかい交通（株）,"瀬戸-太田和-横瀬-大串［さいかい交通］, 瀬戸-下山-大串・幸物［さいかい交通］"
折尾,さいかい交通（株）,瀬戸-太田和-横瀬-大串［さいかい交通］
水浦,さいかい交通（株）,瀬戸-太田和-横瀬-大串［さいかい交通］
俵坂,JR九州バス（株）,嬉野線　本線
馬石,さいかい交通（株）,瀬戸-太田和-横瀬-大串［さいかい交通］
古里,西肥自動車（株）,"1016　西海橋, 1033　口木"
下松,さいかい交通（株）,瀬戸-太田和-横瀬-大串［さいかい交通］
小串小学校入口,西肥自動車（株）,1017　川棚
江里,さいかい交通（株）,瀬戸-太田和-横瀬-大串［さいかい交通］
坂本郷,JR九州バス（株）,嬉野線　本線
白石,西肥自動車（株）,1017　川棚
高吉,JR九州バス（株）,嬉野線　本線
丹納,さいかい交通（株）,瀬戸-太田和-横瀬-大串［さいかい交通］
東小学校前,さいかい交通（株）,瀬戸-太田和-横瀬-大串［さいかい交通］
黒瀬農協前,さいかい交通（株）,大島・崎戸地区各線［さいかい交通］
大崎公園入口,西肥自動車（株）,1017　川棚
黒瀬入口,さいかい交通（株）,大島・崎戸地区各線［さいかい交通］
畑下,さいかい交通（株）,瀬戸-太田和-横瀬-大串［さいかい交通］
変電所前,さいかい交通（株）,"瀬戸-太田和-横瀬-大串［さいかい交通］, 瀬戸-下山-大串・幸物［さいかい交通］"
西海橋東口,西肥自動車（株）,"1016　西海橋, 1033　口木"
西海橋東口,さいかい交通（株）,"瀬戸-太田和-横瀬-大串［さいかい交通］, 瀬戸-下山-大串・幸物［さいかい交通］, 瀬川木場線［さいかい交通］, 小迎→西海橋東口［さいかい交通］"
神の川,さいかい交通（株）,大島・崎戸地区各線［さいかい交通］
菅無田郷,JR九州バス（株）,嬉野線　本線
法音寺,JR九州バス（株）,嬉野線　本線
内浦団地前,さいかい交通（株）,大島・崎戸地区各線［さいかい交通］
西大島,さいかい交通（株）,大島・崎戸地区各線［さいかい交通］
西大島,長崎自動車（株）,大島・崎戸地区各線
西海橋（崎針尾）,西肥自動車（株）,1016　西海橋
馬刀ヶ浦橋,さいかい交通（株）,大島・崎戸地区各線［さいかい交通］
大楠,JR九州バス（株）,嬉野線　本線
高地,さいかい交通（株）,瀬戸-太田和-横瀬-大串［さいかい交通］
西海橋コラソンホテル,西肥自動車（株）,1016　西海橋
大島西小前,さいかい交通（株）,大島・崎戸地区各線［さいかい交通］
池の川,さいかい交通（株）,瀬戸-太田和-横瀬-大串［さいかい交通］
樋口,JR九州バス（株）,嬉野線　本線
西海橋西口,西肥自動車（株）,"1016　西海橋, 1033　口木"
西海橋西口,さいかい交通（株）,"瀬戸-太田和-横瀬-大串［さいかい交通］, 瀬戸-下山-大串・幸物［さいかい交通］, 瀬川木場線［さいかい交通］, 小迎→西海橋東口［さいかい交通］"
八幡下,さいかい交通（株）,瀬戸-太田和-横瀬-大串［さいかい交通］
船家辻,さいかい交通（株）,大島・崎戸地区各線［さいかい交通］
田ノ浦,さいかい交通（株）,大島・崎戸地区各線［さいかい交通］
川内波止場,さいかい交通（株）,"瀬戸-太田和-横瀬-大串［さいかい交通］, 瀬川木場線［さいかい交通］"
池崎,さいかい交通（株）,"瀬戸-太田和-横瀬-大串［さいかい交通］, 瀬戸-下山-大串・幸物［さいかい交通］"
オリーブベイホテル前,さいかい交通（株）,大島・崎戸地区各線［さいかい交通］
山田口,JR九州バス（株）,嬉野線　本線
塩田,さいかい交通（株）,大島・崎戸地区各線［さいかい交通］
太田原,さいかい交通（株）,瀬川木場線［さいかい交通］
川内,さいかい交通（株）,"瀬戸-太田和-横瀬-大串［さいかい交通］, 瀬川木場線［さいかい交通］"
東馬込,さいかい交通（株）,大島・崎戸地区各線［さいかい交通］
伊の浦入口,さいかい交通（株）,"瀬戸-太田和-横瀬-大串［さいかい交通］, 瀬戸-下山-大串・幸物［さいかい交通］, 瀬川木場線［さいかい交通］, 小迎→西海橋東口［さいかい交通］"
瀬の脇,さいかい交通（株）,"瀬戸-太田和-横瀬-大串［さいかい交通］, 瀬戸-下山-大串・幸物［さいかい交通］, 瀬川木場線［さいかい交通］, 小迎→西海橋東口［さいかい交通］"
日守,さいかい交通（株）,瀬川木場線［さいかい交通］
妙法寺前,JR九州バス（株）,嬉野線　本線
瀬川木場,さいかい交通（株）,瀬川木場線［さいかい交通］
皆割石,さいかい交通（株）,"瀬戸-太田和-横瀬-大串［さいかい交通］, 瀬川木場線［さいかい交通］, 小迎→西海橋東口［さいかい交通］"
馬込桟橋前,さいかい交通（株）,"大島大橋線［さいかい交通］, 大島・崎戸地区各線［さいかい交通］"
中野原,さいかい交通（株）,瀬川木場線［さいかい交通］
太田和港,さいかい交通（株）,"瀬戸-太田和-横瀬-大串［さいかい交通］, 瀬戸-下山-大串・幸物［さいかい交通］, 瀬川木場線［さいかい交通］, 大島大橋線［さいかい交通］"
塔の尾向,さいかい交通（株）,大島・崎戸地区各線［さいかい交通］
小迎,さいかい交通（株）,"瀬戸-太田和-横瀬-大串［さいかい交通］, 瀬戸-下山-大串・幸物［さいかい交通］, 瀬川木場線［さいかい交通］, 小迎→西海橋東口［さいかい交通］"
奥野,さいかい交通（株）,瀬川木場線［さいかい交通］
大島営業所前,さいかい交通（株）,"大島大橋線［さいかい交通］, 大島・崎戸地区各線［さいかい交通］"
塔尾,さいかい交通（株）,大島・崎戸地区各線［さいかい交通］
百合ヶ岳公園入口,さいかい交通（株）,大島・崎戸地区各線［さいかい交通］
太田和,さいかい交通（株）,"瀬戸-太田和-横瀬-大串［さいかい交通］, 瀬戸-下山-大串・幸物［さいかい交通］, 瀬川木場線［さいかい交通］, 大島大橋線［さいかい交通］"
太田和,長崎自動車（株）,瀬戸-太田和-横瀬-大串
岳,さいかい交通（株）,瀬川木場線［さいかい交通］
浜町団地前,さいかい交通（株）,"大島大橋線［さいかい交通］, 大島・崎戸地区各線［さいかい交通］"
奥の谷,さいかい交通（株）,大島・崎戸地区各線［さいかい交通］
太田尾,さいかい交通（株）,大島・崎戸地区各線［さいかい交通］
柚木町,JR九州バス（株）,嬉野線　本線
製作所前,さいかい交通（株）,"大島大橋線［さいかい交通］, 大島・崎戸地区各線［さいかい交通］"
中央運動公園,さいかい交通（株）,大島・崎戸地区各線［さいかい交通］
彼杵駅,JR九州バス（株）,嬉野線　本線
大島郵便局前,さいかい交通（株）,大島・崎戸地区各線［さいかい交通］
深江,さいかい交通（株）,"瀬戸-太田和-横瀬-大串［さいかい交通］, 瀬戸-下山-大串・幸物［さいかい交通］, 瀬川木場線［さいかい交通］, 小迎→西海橋東口［さいかい交通］"
大島港,さいかい交通（株）,"大島大橋線［さいかい交通］, 大島・崎戸地区各線［さいかい交通］"
彼杵本町,JR九州バス（株）,嬉野線　本線
彼杵本町,西肥自動車（株）,1019　長崎空港
大島大橋公園前,さいかい交通（株）,大島大橋線［さいかい交通］
寺島,さいかい交通（株）,大島大橋線［さいかい交通］
城の越,さいかい交通（株）,"瀬戸-太田和-横瀬-大串［さいかい交通］, 瀬戸-下山-大串・幸物［さいかい交通］, 瀬川木場線［さいかい交通］"
真砂町,さいかい交通（株）,大島・崎戸地区各線［さいかい交通］
江頭,JR九州バス（株）,嬉野線　本線
西海小学校前,さいかい交通（株）,瀬川木場線［さいかい交通］
大島白浜,さいかい交通（株）,大島・崎戸地区各線［さいかい交通］
古子,さいかい交通（株）,"瀬戸-太田和-横瀬-大串［さいかい交通］, 瀬戸-下山-大串・幸物［さいかい交通］, 瀬川木場線［さいかい交通］"
道の駅「彼杵の荘」,JR九州バス（株）,嬉野線　本線
東町,さいかい交通（株）,大島・崎戸地区各線［さいかい交通］
間瀬,さいかい交通（株）,大島・崎戸地区各線［さいかい交通］
東徳万,さいかい交通（株）,大島・崎戸地区各線［さいかい交通］
徳万,さいかい交通（株）,大島・崎戸地区各線［さいかい交通］
徳万中央,さいかい交通（株）,大島・崎戸地区各線［さいかい交通］
中浦北,さいかい交通（株）,"瀬戸-太田和-横瀬-大串［さいかい交通］, 瀬戸-下山-大串・幸物［さいかい交通］"
蛤,さいかい交通（株）,大島・崎戸地区各線［さいかい交通］
中戸,さいかい交通（株）,大島・崎戸地区各線［さいかい交通］
中戸,長崎自動車（株）,大島・崎戸地区各線
大石,さいかい交通（株）,"瀬戸-太田和-横瀬-大串［さいかい交通］, 瀬戸-下山-大串・幸物［さいかい交通］, 瀬川木場線［さいかい交通］"
西中戸,さいかい交通（株）,大島・崎戸地区各線［さいかい交通］
大崎高校前,さいかい交通（株）,大島・崎戸地区各線［さいかい交通］
野田,さいかい交通（株）,大島・崎戸地区各線［さいかい交通］
旧崎戸中学校前,さいかい交通（株）,大島・崎戸地区各線［さいかい交通］
内鍬田,さいかい交通（株）,大島・崎戸地区各線［さいかい交通］
奥浦,さいかい交通（株）,大島・崎戸地区各線［さいかい交通］
七ツ釜鍾乳洞入口,さいかい交通（株）,"瀬戸-太田和-横瀬-大串［さいかい交通］, 瀬戸-下山-大串・幸物［さいかい交通］"
東中戸,さいかい交通（株）,大島・崎戸地区各線［さいかい交通］
製塩所前,さいかい交通（株）,大島・崎戸地区各線［さいかい交通］
蛎ノ浦,さいかい交通（株）,大島・崎戸地区各線［さいかい交通］
椿町,さいかい交通（株）,大島・崎戸地区各線［さいかい交通］
蛎ノ浦桟橋,さいかい交通（株）,大島・崎戸地区各線［さいかい交通］
福浦,さいかい交通（株）,大島・崎戸地区各線［さいかい交通］
八木原,さいかい交通（株）,"瀬戸-太田和-横瀬-大串［さいかい交通］, 瀬戸-下山-大串・幸物［さいかい交通］, 瀬川木場線［さいかい交通］"
中浦草住,さいかい交通（株）,"瀬戸-太田和-横瀬-大串［さいかい交通］, 瀬戸-下山-大串・幸物［さいかい交通］"
浅間町,さいかい交通（株）,大島・崎戸地区各線［さいかい交通］
福浦橋,さいかい交通（株）,大島・崎戸地区各線［さいかい交通］
高峰,さいかい交通（株）,大島・崎戸地区各線［さいかい交通］
中浦松山,さいかい交通（株）,"瀬戸-太田和-横瀬-大串［さいかい交通］, 瀬戸-下山-大串・幸物［さいかい交通］"
南八木原,さいかい交通（株）,"瀬戸-太田和-横瀬-大串［さいかい交通］, 瀬戸-下山-大串・幸物［さいかい交通］, 瀬川木場線［さいかい交通］"
東山,さいかい交通（株）,大島・崎戸地区各線［さいかい交通］
東峰,さいかい交通（株）,大島・崎戸地区各線［さいかい交通］
中浦局前,さいかい交通（株）,"瀬戸-太田和-横瀬-大串［さいかい交通］, 瀬戸-下山-大串・幸物［さいかい交通］"
永浦,さいかい交通（株）,大島・崎戸地区各線［さいかい交通］
中浦農協前,さいかい交通（株）,"瀬戸-太田和-横瀬-大串［さいかい交通］, 瀬戸-下山-大串・幸物［さいかい交通］"
末広,さいかい交通（株）,大島・崎戸地区各線［さいかい交通］
美崎,さいかい交通（株）,大島・崎戸地区各線［さいかい交通］
説教場下,さいかい交通（株）,"瀬戸-太田和-横瀬-大串［さいかい交通］, 瀬戸-下山-大串・幸物［さいかい交通］"
天見,さいかい交通（株）,大島・崎戸地区各線［さいかい交通］
横浦,さいかい交通（株）,"瀬戸-太田和-横瀬-大串［さいかい交通］, 瀬戸-下山-大串・幸物［さいかい交通］, 瀬川木場線［さいかい交通］"
浅浦,さいかい交通（株）,大島・崎戸地区各線［さいかい交通］
浄心,さいかい交通（株）,大島・崎戸地区各線［さいかい交通］
御床浜入口,さいかい交通（株）,大島・崎戸地区各線［さいかい交通］
宮浦,長崎自動車（株）,"1：長崎駅前-住吉-西海-三重・大串, 20：中央橋・長崎新地行き"
宮浦,さいかい交通（株）・長崎自動車（株）,20：大波止・中央橋・長崎新地行き［長崎バス・さいかい交通］
乗越,さいかい交通（株）,"瀬戸-太田和-横瀬-大串［さいかい交通］, 瀬戸-下山-大串・幸物［さいかい交通］"
ホテル咲き都,さいかい交通（株）,大島・崎戸地区各線［さいかい交通］
崎戸本郷,さいかい交通（株）,大島・崎戸地区各線［さいかい交通］
今泊,さいかい交通（株）,大島・崎戸地区各線［さいかい交通］
塩屋越,長崎自動車（株）,"1：長崎駅前-住吉-西海-三重・大串, 20：中央橋・長崎新地行き"
塩屋越,さいかい交通（株）・長崎自動車（株）,20：大波止・中央橋・長崎新地行き［長崎バス・さいかい交通］
大串,さいかい交通（株）,"瀬戸-太田和-横瀬-大串［さいかい交通］, 瀬戸-下山-大串・幸物［さいかい交通］, 瀬川木場線［さいかい交通］"
大串,長崎自動車（株）,"1：長崎駅前-住吉-西海-三重・大串, 時津-長与線, 瀬戸-太田和-横瀬-大串"
大串,さいかい交通（株）・長崎自動車（株）,20：大波止・中央橋・長崎新地行き［長崎バス・さいかい交通］
下岳,長崎自動車（株）,"1：長崎駅前-住吉-西海-三重・大串, 20：中央橋・長崎新地行き"
下岳,さいかい交通（株）・長崎自動車（株）,20：大波止・中央橋・長崎新地行き［長崎バス・さいかい交通］
浜河内,長崎自動車（株）,"1：長崎駅前-住吉-西海-三重・大串, 20：中央橋・長崎新地行き"
浜河内,さいかい交通（株）・長崎自動車（株）,20：大波止・中央橋・長崎新地行き［長崎バス・さいかい交通］
新石,長崎自動車（株）,"1：長崎駅前-住吉-西海-三重・大串, 20：中央橋・長崎新地行き"
新石,さいかい交通（株）・長崎自動車（株）,20：大波止・中央橋・長崎新地行き［長崎バス・さいかい交通］
呼崎,さいかい交通（株）,"瀬戸-太田和-横瀬-大串［さいかい交通］, 瀬戸-下山-大串・幸物［さいかい交通］"
大串小学校下,さいかい交通（株）,"瀬戸-太田和-横瀬-大串［さいかい交通］, 瀬戸-下山-大串・幸物［さいかい交通］, 瀬川木場線［さいかい交通］"
大串小学校下,長崎自動車（株）,"1：長崎駅前-住吉-西海-三重・大串, 時津-長与線"
大串小学校下,さいかい交通（株）・長崎自動車（株）,20：大波止・中央橋・長崎新地行き［長崎バス・さいかい交通］
首の田,さいかい交通（株）,"瀬戸-太田和-横瀬-大串［さいかい交通］, 瀬戸-下山-大串・幸物［さいかい交通］"
平山,さいかい交通（株）,瀬戸-下山-大串・幸物［さいかい交通］
柚子の川,さいかい交通（株）,"瀬戸-太田和-横瀬-大串［さいかい交通］, 瀬戸-下山-大串・幸物［さいかい交通］, 瀬川木場線［さいかい交通］"
柚子の川,長崎自動車（株）,"1：長崎駅前-住吉-西海-三重・大串, 時津-長与線"
柚子の川,さいかい交通（株）・長崎自動車（株）,20：大波止・中央橋・長崎新地行き［長崎バス・さいかい交通］
大潟,長崎自動車（株）,"1：長崎駅前-住吉-西海-三重・大串, 20：中央橋・長崎新地行き"
大潟,さいかい交通（株）・長崎自動車（株）,20：大波止・中央橋・長崎新地行き［長崎バス・さいかい交通］
中山,長崎自動車（株）,"1：長崎駅前-住吉-西海-三重・大串, 20：中央橋・長崎新地行き"
中山,さいかい交通（株）・長崎自動車（株）,20：大波止・中央橋・長崎新地行き［長崎バス・さいかい交通］
平島,さいかい交通（株）,"瀬戸-太田和-横瀬-大串［さいかい交通］, 瀬戸-下山-大串・幸物［さいかい交通］, 瀬川木場線［さいかい交通］"
平島,長崎自動車（株）,"1：長崎駅前-住吉-西海-三重・大串, 時津-長与線"
平島,さいかい交通（株）・長崎自動車（株）,20：大波止・中央橋・長崎新地行き［長崎バス・さいかい交通］
鳥崎,さいかい交通（株）,"瀬戸-太田和-横瀬-大串［さいかい交通］, 瀬戸-下山-大串・幸物［さいかい交通］"
長崎オランダ村,さいかい交通（株）,"瀬戸-太田和-横瀬-大串［さいかい交通］, 瀬戸-下山-大串・幸物［さいかい交通］, 瀬川木場線［さいかい交通］"
長崎オランダ村,長崎自動車（株）,"1：長崎駅前-住吉-西海-三重・大串, 時津-長与線"
長崎オランダ村,さいかい交通（株）・長崎自動車（株）,20：大波止・中央橋・長崎新地行き［長崎バス・さいかい交通］
亀浦,長崎自動車（株）,1：長崎駅前-住吉-西海-三重・大串
亀浦,さいかい交通（株）・長崎自動車（株）,20：大波止・中央橋・長崎新地行き［長崎バス・さいかい交通］
西彼中学校前,さいかい交通（株）,瀬戸-太田和-横瀬-大串［さいかい交通］
西彼中学校前,長崎自動車（株）,"1：長崎駅前-住吉-西海-三重・大串, 時津-長与線"
油の浦,さいかい交通（株）,"瀬戸-太田和-横瀬-大串［さいかい交通］, 瀬戸-下山-大串・幸物［さいかい交通］, 瀬川木場線［さいかい交通］"
油の浦,長崎自動車（株）,"1：長崎駅前-住吉-西海-三重・大串, 時津-長与線"
油の浦,さいかい交通（株）・長崎自動車（株）,20：大波止・中央橋・長崎新地行き［長崎バス・さいかい交通］
七ツ釜本郷,さいかい交通（株）,"瀬戸-太田和-横瀬-大串［さいかい交通］, 瀬戸-下山-大串・幸物［さいかい交通］"
中の島,さいかい交通（株）,"瀬戸-太田和-横瀬-大串［さいかい交通］, 瀬戸-下山-大串・幸物［さいかい交通］, 瀬川木場線［さいかい交通］"
中の島,長崎自動車（株）,"1：長崎駅前-住吉-西海-三重・大串, 時津-長与線"
中の島,さいかい交通（株）・長崎自動車（株）,20：大波止・中央橋・長崎新地行き［長崎バス・さいかい交通］
大平,さいかい交通（株）,瀬戸-下山-大串・幸物［さいかい交通］
大平,さいかい交通（株）・長崎自動車（株）,20：大波止・中央橋・長崎新地行き［長崎バス・さいかい交通］
御代橋,さいかい交通（株）,"瀬戸-太田和-横瀬-大串［さいかい交通］, 瀬戸-下山-大串・幸物［さいかい交通］"
迎後,長崎自動車（株）,"1：長崎駅前-住吉-西海-三重・大串, 20：中央橋・長崎新地行き"
迎後,さいかい交通（株）・長崎自動車（株）,20：大波止・中央橋・長崎新地行き［長崎バス・さいかい交通］
生長の家前,さいかい交通（株）,"瀬戸-太田和-横瀬-大串［さいかい交通］, 瀬戸-下山-大串・幸物［さいかい交通］, 瀬川木場線［さいかい交通］"
生長の家前,長崎自動車（株）,"1：長崎駅前-住吉-西海-三重・大串, 時津-長与線"
生長の家前,さいかい交通（株）・長崎自動車（株）,20：大波止・中央橋・長崎新地行き［長崎バス・さいかい交通］
鰐淵,長崎自動車（株）,"1：長崎駅前-住吉-西海-三重・大串, 20：中央橋・長崎新地行き"
鰐淵,さいかい交通（株）・長崎自動車（株）,20：大波止・中央橋・長崎新地行き［長崎バス・さいかい交通］
鳥加,さいかい交通（株）,"瀬戸-太田和-横瀬-大串［さいかい交通］, 瀬戸-下山-大串・幸物［さいかい交通］, 瀬川木場線［さいかい交通］"
鳥加,長崎自動車（株）,"1：長崎駅前-住吉-西海-三重・大串, 時津-長与線"
鳥加,さいかい交通（株）・長崎自動車（株）,20：大波止・中央橋・長崎新地行き［長崎バス・さいかい交通］
明喜田,長崎自動車（株）,"1：長崎駅前-住吉-西海-三重・大串, 20：中央橋・長崎新地行き"
明喜田,さいかい交通（株）・長崎自動車（株）,20：大波止・中央橋・長崎新地行き［長崎バス・さいかい交通］
バイオパーク,長崎自動車（株）,"1：長崎駅前-住吉-西海-三重・大串, 20：中央橋・長崎新地行き"
バイオパーク,さいかい交通（株）・長崎自動車（株）,20：大波止・中央橋・長崎新地行き［長崎バス・さいかい交通］
俵頭,さいかい交通（株）,"瀬戸-太田和-横瀬-大串［さいかい交通］, 瀬戸-下山-大串・幸物［さいかい交通］, 瀬川木場線［さいかい交通］"
俵頭,長崎自動車（株）,"1：長崎駅前-住吉-西海-三重・大串, 時津-長与線"
俵頭,さいかい交通（株）・長崎自動車（株）,20：大波止・中央橋・長崎新地行き［長崎バス・さいかい交通］
亀岳,さいかい交通（株）,"瀬戸-太田和-横瀬-大串［さいかい交通］, 瀬戸-下山-大串・幸物［さいかい交通］, 瀬川木場線［さいかい交通］"
亀岳,長崎自動車（株）,"1：長崎駅前-住吉-西海-三重・大串, 20：中央橋・長崎新地行き, 時津-長与線"
亀岳,さいかい交通（株）・長崎自動車（株）,20：大波止・中央橋・長崎新地行き［長崎バス・さいかい交通］
京崎,さいかい交通（株）,"瀬戸-太田和-横瀬-大串［さいかい交通］, 瀬戸-下山-大串・幸物［さいかい交通］"
木場,さいかい交通（株）,瀬戸-下山-大串・幸物［さいかい交通］
餅ノ浜,長崎県,"11野岳, 11諫早駅前"
柳,さいかい交通（株）,"瀬戸-太田和-横瀬-大串［さいかい交通］, 瀬戸-下山-大串・幸物［さいかい交通］"
二股,さいかい交通（株）,"瀬戸-太田和-横瀬-大串［さいかい交通］, 瀬戸-下山-大串・幸物［さいかい交通］, 瀬川木場線［さいかい交通］"
二股,長崎自動車（株）,"1：長崎駅前-住吉-西海-三重・大串, 20：中央橋・長崎新地行き, 時津-長与線"
二股,さいかい交通（株）・長崎自動車（株）,20：大波止・中央橋・長崎新地行き［長崎バス・さいかい交通］
風早,長崎自動車（株）,1：長崎駅前-住吉-西海-三重・大串
風早,さいかい交通（株）・長崎自動車（株）,20：大波止・中央橋・長崎新地行き［長崎バス・さいかい交通］
萱瀬ダム,長崎県,"3大村ターミナル大村インター, 3向木場大村インター, 3向木場大村インター・イオン大村, 3黒木大村インター, 3黒木"
黒木小学校前,長崎県,"3大村ターミナル大村インター, 3向木場大村インター, 3向木場大村インター・イオン大村, 3黒木大村インター, 3黒木"
岩屋口,長崎県,"3大村ターミナル大村インター, 3向木場大村インター, 3向木場大村インター・イオン大村, 3黒木大村インター, 3黒木"
鋤安,さいかい交通（株）,瀬戸-下山-大串・幸物［さいかい交通］
池河内,長崎自動車（株）,1：長崎駅前-住吉-西海-三重・大串
池河内,さいかい交通（株）・長崎自動車（株）,20：大波止・中央橋・長崎新地行き［長崎バス・さいかい交通］
松原（大村）,長崎県,"11野岳, 11諫早駅前"
板川内,長崎県,"3大村ターミナル大村インター, 3向木場大村インター, 3向木場大村インター・イオン大村, 3黒木大村インター, 3黒木"
清水,さいかい交通（株）,"瀬戸-下山-大串・幸物［さいかい交通］, 瀬川木場線［さいかい交通］"
清水,長崎自動車（株）,"1：長崎駅前-住吉-西海-三重・大串, 時津-長与線"
清水,さいかい交通（株）・長崎自動車（株）,20：大波止・中央橋・長崎新地行き［長崎バス・さいかい交通］
白西平,さいかい交通（株）,瀬戸-下山-大串・幸物［さいかい交通］
野岳湖,長崎県,"1大村ターミナル竹松駅前, 1大村ターミナル竹松駅前・市民病院, 1野岳湖竹松駅前, 1野岳湖長崎医療センター；イオン大村・竹松駅前, 1向木場竹松駅前, 1向木場竹松駅前・市民病院"
黒木,長崎県,"3大村ターミナル大村インター, 3向木場大村インター, 3向木場大村インター・イオン大村, 3黒木大村インター, 3黒木"
板小屋,長崎県,"3大村ターミナル大村インター, 3向木場大村インター, 3向木場大村インター・イオン大村, 3黒木大村インター, 3黒木"
団地入口,長崎県,"1大村ターミナル竹松駅前, 1大村ターミナル竹松駅前・市民病院, 1野岳湖竹松駅前, 1野岳湖長崎医療センター；イオン大村・竹松駅前, 1向木場竹松駅前, 1向木場竹松駅前・市民病院"
小岳入口,長崎県,"3大村ターミナル大村インター, 3向木場大村インター, 3向木場大村インター・イオン大村, 3黒木大村インター, 3黒木"
柳口,さいかい交通（株）,"瀬戸-太田和-横瀬-大串［さいかい交通］, 瀬戸-下山-大串・幸物［さいかい交通］"
東光寺,長崎県,"1大村ターミナル竹松駅前, 1大村ターミナル竹松駅前・市民病院, 1野岳湖竹松駅前, 1野岳湖長崎医療センター；イオン大村・竹松駅前, 1向木場竹松駅前, 1向木場竹松駅前・市民病院"
山中,さいかい交通（株）,瀬戸-下山-大串・幸物［さいかい交通］
山中,長崎自動車（株）,"1：長崎駅前-住吉-西海-三重・大串, 時津-長与線"
山中,さいかい交通（株）・長崎自動車（株）,20：大波止・中央橋・長崎新地行き［長崎バス・さいかい交通］
野岳入口,長崎県,"1野岳竹松駅前, 1大村ターミナル竹松駅前, 1大村ターミナル竹松駅前・市民病院, 1野岳湖竹松駅前, 2野岳協和町・富の原, 2大村ターミナル富の原・協和町, 11野岳, 11東厚生町, 1野岳長崎医療センター；イオン大村・竹松駅前, 11諫早駅前, 1野岳湖長崎医療センター；イオン大村・竹松駅前, 1向木場竹松駅前, 1向木場竹松駅前・市民病院, 1向木場竹松駅前・市民病院；イオン大村, 1野岳長崎医療センター；市民病院・竹松駅前"
切崎,長崎自動車（株）,1：長崎駅前-住吉-西海-三重・大串
切崎,さいかい交通（株）・長崎自動車（株）,20：大波止・中央橋・長崎新地行き［長崎バス・さいかい交通］
ダム下,長崎県,"3大村ターミナル大村インター, 3向木場大村インター, 3向木場大村インター・イオン大村, 3黒木大村インター, 3黒木"
公民館前（野岳）,長崎県,"1大村ターミナル竹松駅前, 1大村ターミナル竹松駅前・市民病院, 1野岳湖竹松駅前, 1野岳湖長崎医療センター；イオン大村・竹松駅前, 1向木場竹松駅前, 1向木場竹松駅前・市民病院"
大切間,長崎県,"1大村ターミナル竹松駅前, 1大村ターミナル竹松駅前・市民病院, 1野岳湖竹松駅前, 1野岳湖長崎医療センター；イオン大村・竹松駅前, 1向木場竹松駅前, 1向木場竹松駅前・市民病院"
松原小学校入口,長崎県,"1野岳竹松駅前, 1大村ターミナル竹松駅前, 1大村ターミナル竹松駅前・市民病院, 1野岳湖竹松駅前, 2野岳協和町・富の原, 2大村ターミナル富の原・協和町, 11野岳, 11東厚生町, 1野岳長崎医療センター；イオン大村・竹松駅前, 11諫早駅前, 1野岳湖長崎医療センター；イオン大村・竹松駅前, 1向木場竹松駅前, 1向木場竹松駅前・市民病院, 1向木場竹松駅前・市民病院；イオン大村, 1野岳長崎医療センター；市民病院・竹松駅前"
中尾（野岳）,長崎県,"1大村ターミナル竹松駅前, 1大村ターミナル竹松駅前・市民病院, 1野岳湖竹松駅前, 1野岳湖長崎医療センター；イオン大村・竹松駅前, 1向木場竹松駅前, 1向木場竹松駅前・市民病院"
山内,さいかい交通（株）,瀬戸-下山-大串・幸物［さいかい交通］
綿打,長崎自動車（株）,1：長崎駅前-住吉-西海-三重・大串
綿打,さいかい交通（株）・長崎自動車（株）,20：大波止・中央橋・長崎新地行き［長崎バス・さいかい交通］
下郷公民館,さいかい交通（株）,瀬戸-太田和-横瀬-大串［さいかい交通］
鼓石,長崎県,"1大村ターミナル竹松駅前, 1大村ターミナル竹松駅前・市民病院, 1野岳湖竹松駅前, 1野岳湖長崎医療センター；イオン大村・竹松駅前, 1向木場竹松駅前, 1向木場竹松駅前・市民病院"
鼓石橋,長崎県,"1大村ターミナル竹松駅前, 1大村ターミナル竹松駅前・市民病院, 1野岳湖竹松駅前, 1野岳湖長崎医療センター；イオン大村・竹松駅前, 1向木場竹松駅前, 1向木場竹松駅前・市民病院"
下多以良橋,さいかい交通（株）,"瀬戸-太田和-横瀬-大串［さいかい交通］, 瀬戸-下山-大串・幸物［さいかい交通］"
上久良原,長崎県,"3大村ターミナル大村インター, 3向木場大村インター, 3向木場大村インター・イオン大村, 3黒木大村インター, 3黒木"
峰口,さいかい交通（株）,瀬戸-下山-大串・幸物［さいかい交通］
峰口,長崎自動車（株）,"1：長崎駅前-住吉-西海-三重・大串, 時津-長与線"
峰口,さいかい交通（株）・長崎自動車（株）,20：大波止・中央橋・長崎新地行き［長崎バス・さいかい交通］
発電所前（大村）,長崎県,"1野岳竹松駅前, 1大村ターミナル竹松駅前, 1大村ターミナル竹松駅前・市民病院, 1野岳湖竹松駅前, 2野岳協和町・富の原, 2大村ターミナル富の原・協和町, 11野岳, 11東厚生町, 1野岳長崎医療センター；イオン大村・竹松駅前, 11諫早駅前, 1野岳湖長崎医療センター；イオン大村・竹松駅前, 1向木場竹松駅前, 1向木場竹松駅前・市民病院, 1向木場竹松駅前・市民病院；イオン大村, 1野岳長崎医療センター；市民病院・竹松駅前"
旧多以良学校前,さいかい交通（株）,瀬戸-太田和-横瀬-大串［さいかい交通］
白藤橋,さいかい交通（株）,瀬戸-下山-大串・幸物［さいかい交通］
多以良農協前,さいかい交通（株）,"瀬戸-太田和-横瀬-大串［さいかい交通］, 瀬戸-下山-大串・幸物［さいかい交通］"
久良原,長崎県,"3大村ターミナル大村インター, 3向木場大村インター, 3向木場大村インター・イオン大村, 3黒木大村インター, 3黒木"
元越,長崎自動車（株）,1：長崎駅前-住吉-西海-三重・大串
元越,さいかい交通（株）・長崎自動車（株）,20：大波止・中央橋・長崎新地行き［長崎バス・さいかい交通］
白似田,さいかい交通（株）,瀬戸-下山-大串・幸物［さいかい交通］
白似田,長崎自動車（株）,"1：長崎駅前-住吉-西海-三重・大串, 時津-長与線"
白似田,さいかい交通（株）・長崎自動車（株）,20：大波止・中央橋・長崎新地行き［長崎バス・さいかい交通］
福重,長崎県,"1野岳竹松駅前, 1大村ターミナル竹松駅前, 1大村ターミナル竹松駅前・市民病院, 1野岳湖竹松駅前, 2野岳協和町・富の原, 2大村ターミナル富の原・協和町, 11野岳, 11東厚生町, 1野岳長崎医療センター；イオン大村・竹松駅前, 11諫早駅前, 1野岳湖長崎医療センター；イオン大村・竹松駅前, 1向木場竹松駅前, 1向木場竹松駅前・市民病院, 1向木場竹松駅前・市民病院；イオン大村, 1野岳長崎医療センター；市民病院・竹松駅前"
駄留,長崎県,"3大村ターミナル大村インター, 3向木場大村インター, 3向木場大村インター・イオン大村, 3黒木大村インター, 3黒木"
大正橋,さいかい交通（株）,瀬戸-太田和-横瀬-大串［さいかい交通］
上多以良,さいかい交通（株）,"瀬戸-太田和-横瀬-大串［さいかい交通］, 瀬戸-下山-大串・幸物［さいかい交通］"
幸物橋,さいかい交通（株）,瀬戸-下山-大串・幸物［さいかい交通］
よきのひつ,長崎自動車（株）,1：長崎駅前-住吉-西海-三重・大串
よきのひつ,さいかい交通（株）・長崎自動車（株）,20：大波止・中央橋・長崎新地行き［長崎バス・さいかい交通］
山口,さいかい交通（株）,瀬戸-下山-大串・幸物［さいかい交通］
みさかえの園,長崎県,"みさかえの園競技場北口, 小長井駅前"
岩倉神社前,さいかい交通（株）,"瀬戸-太田和-横瀬-大串［さいかい交通］, 瀬戸-下山-大串・幸物［さいかい交通］"
郷の原,長崎自動車（株）,"1：長崎駅前-住吉-西海-三重・大串, 時津-長与線"
郷の原,さいかい交通（株）・長崎自動車（株）,20：大波止・中央橋・長崎新地行き［長崎バス・さいかい交通］
郡橋,長崎県,"1野岳竹松駅前, 1大村ターミナル竹松駅前, 1大村ターミナル竹松駅前・市民病院, 1野岳湖竹松駅前, 2野岳協和町・富の原, 2大村ターミナル富の原・協和町, 11野岳, 11東厚生町, 1野岳長崎医療センター；イオン大村・竹松駅前, 11諫早駅前, 1野岳湖長崎医療センター；イオン大村・竹松駅前, 1向木場竹松駅前, 1向木場竹松駅前・市民病院, 1向木場竹松駅前・市民病院；イオン大村, 1野岳長崎医療センター；市民病院・竹松駅前"
榎茶屋,長崎県,"3大村ターミナル大村インター, 3向木場大村インター, 3向木場大村インター・イオン大村, 3黒木大村インター, 3黒木"
梨の木,さいかい交通（株）,瀬戸-太田和-横瀬-大串［さいかい交通］
小河内,さいかい交通（株）,瀬戸-太田和-横瀬-大串［さいかい交通］
平倉集会所前,さいかい交通（株）,瀬戸-太田和-横瀬-大串［さいかい交通］
児童館入口,さいかい交通（株）,瀬戸-下山-大串・幸物［さいかい交通］
聖母の騎士,長崎県,"みさかえの園競技場北口, 小長井駅前"
集荷場前,さいかい交通（株）,瀬戸-下山-大串・幸物［さいかい交通］
猪の越,長崎自動車（株）,"1：長崎駅前-住吉-西海-三重・大串, 琴海尾戸線：自証寺前-長浦-形上-小口港, 明誠高スクール"
猪の越,さいかい交通（株）・長崎自動車（株）,20：大波止・中央橋・長崎新地行き［長崎バス・さいかい交通］
火引の浦,長崎自動車（株）,"1：長崎駅前-住吉-西海-三重・大串, 琴海尾戸線：自証寺前-長浦-形上-小口港, 明誠高スクール"
火引の浦,さいかい交通（株）・長崎自動車（株）,20：大波止・中央橋・長崎新地行き［長崎バス・さいかい交通］
立花,長崎県,"1野岳竹松駅前, 1大村ターミナル竹松駅前, 1大村ターミナル竹松駅前・市民病院, 1野岳湖竹松駅前, 2野岳協和町・富の原, 2大村ターミナル富の原・協和町, 11野岳, 11東厚生町, 1野岳長崎医療センター；イオン大村・竹松駅前, 11諫早駅前, 1野岳湖長崎医療センター；イオン大村・竹松駅前, 1向木場竹松駅前, 1向木場竹松駅前・市民病院, 1向木場竹松駅前・市民病院；イオン大村, 1野岳長崎医療センター；市民病院・竹松駅前"
阿弥陀崎,長崎県,"諫早日赤病院競技場北口, 県界競技場北口, 県界堂崎町・小長井支所前"
宮代町公民館,長崎県,"3大村ターミナル大村インター, 3向木場大村インター, 3向木場大村インター・イオン大村, 3黒木大村インター, 3黒木"
浦目,長崎自動車（株）,"1：長崎駅前-住吉-西海-三重・大串, 琴海尾戸線：自証寺前-長浦-形上-小口港, 明誠高スクール"
浦目,さいかい交通（株）・長崎自動車（株）,20：大波止・中央橋・長崎新地行き［長崎バス・さいかい交通］
田下,長崎県,"3大村ターミナル大村インター, 3向木場大村インター, 3向木場大村インター・イオン大村, 3黒木大村インター, 3黒木"
古泊,長崎自動車（株）,"琴海尾戸線：自証寺前-長浦-形上-小口港, 明誠高スクール"
大江,長崎自動車（株）,"1：長崎駅前-住吉-西海-三重・大串, 時津-長与線"
大江,さいかい交通（株）・長崎自動車（株）,20：大波止・中央橋・長崎新地行き［長崎バス・さいかい交通］
宮小路二丁目,長崎県,"1野岳竹松駅前, 1大村ターミナル竹松駅前, 1大村ターミナル竹松駅前・市民病院, 1野岳湖竹松駅前, 2野岳協和町・富の原, 2大村ターミナル富の原・協和町, 11野岳, 11東厚生町, 1野岳長崎医療センター；イオン大村・竹松駅前, 11諫早駅前, 1野岳湖長崎医療センター；イオン大村・竹松駅前, 1向木場竹松駅前, 1向木場竹松駅前・市民病院, 1向木場竹松駅前・市民病院；イオン大村, 1野岳長崎医療センター；市民病院・竹松駅前"
萱瀬小学校前,長崎県,"3大村ターミナル大村インター, 3向木場大村インター, 3向木場大村インター・イオン大村, 3黒木大村インター, 3黒木"
下田下,長崎県,"3大村ターミナル大村インター, 3向木場大村インター, 3向木場大村インター・イオン大村, 3黒木大村インター, 3黒木"
下山,さいかい交通（株）,瀬戸-下山-大串・幸物［さいかい交通］
富の原北,長崎県,"2野岳協和町・富の原, 2大村ターミナル富の原・協和町"
釜,長崎県,"諫早日赤病院競技場北口, 県界競技場北口, 県界堂崎町・小長井支所前"
旧幸物分校前,さいかい交通（株）,瀬戸-下山-大串・幸物［さいかい交通］
宮代,長崎県,"3大村ターミナル大村インター, 3向木場大村インター, 3向木場大村インター・イオン大村, 3黒木大村インター, 3黒木"
大江橋,長崎自動車（株）,"1：長崎駅前-住吉-西海-三重・大串, 琴海尾戸線：自証寺前-長浦-形上-小口港, 時津-長与線, 明誠高スクール"
大江橋,さいかい交通（株）・長崎自動車（株）,20：大波止・中央橋・長崎新地行き［長崎バス・さいかい交通］
宮小路,長崎県,"1野岳竹松駅前, 1大村ターミナル竹松駅前, 1大村ターミナル竹松駅前・市民病院, 1野岳湖竹松駅前, 11野岳, 11東厚生町, 1野岳長崎医療センター；イオン大村・竹松駅前, 11諫早駅前, 1野岳湖長崎医療センター；イオン大村・竹松駅前, 1向木場竹松駅前, 1向木場竹松駅前・市民病院, 1向木場竹松駅前・市民病院；イオン大村, 1野岳長崎医療センター；市民病院・竹松駅前"
黒丸入口,長崎県,"2野岳協和町・富の原, 2大村ターミナル富の原・協和町, 2黒丸協和町・富の原, 2大村ターミナル協和町"
城の川,さいかい交通（株）,瀬戸-下山-大串・幸物［さいかい交通］
張岳,長崎自動車（株）,"琴海尾戸線：自証寺前-長浦-形上-小口港, 明誠高スクール"
吉丸,長崎県,"3大村ターミナル大村インター, 3向木場大村インター, 3向木場大村インター・イオン大村, 3黒木大村インター, 3黒木"
平倉口,さいかい交通（株）,瀬戸-太田和-横瀬-大串［さいかい交通］
小次郎川,長崎県,"みさかえの園競技場北口, 小長井駅前"
眼鏡橋,さいかい交通（株）,瀬戸-下山-大串・幸物［さいかい交通］
田原,長崎県,"みさかえの園競技場北口, 小長井駅前"
竹松小学校前,長崎県,"1野岳竹松駅前, 1大村ターミナル竹松駅前, 1大村ターミナル竹松駅前・市民病院, 1野岳湖竹松駅前, 11野岳, 11東厚生町, 1野岳長崎医療センター；イオン大村・竹松駅前, 11諫早駅前, 1野岳湖長崎医療センター；イオン大村・竹松駅前, 1向木場竹松駅前, 1向木場竹松駅前・市民病院, 1向木場竹松駅前・市民病院；イオン大村, 1野岳長崎医療センター；市民病院・竹松駅前"
小板の浦,さいかい交通（株）,"瀬戸-太田和-横瀬-大串［さいかい交通］, 瀬戸-下山-大串・幸物［さいかい交通］"
形上,長崎自動車（株）,"1：長崎駅前-住吉-西海-三重・大串, 琴海尾戸線：自証寺前-長浦-形上-小口港, 時津-長与線, 明誠高スクール"
形上,さいかい交通（株）・長崎自動車（株）,20：大波止・中央橋・長崎新地行き［長崎バス・さいかい交通］
幸物,さいかい交通（株）,瀬戸-下山-大串・幸物［さいかい交通］
原郷,長崎県,"3大村ターミナル大村インター, 3向木場大村インター, 3向木場大村インター・イオン大村, 3黒木大村インター, 3黒木"
田原口,長崎県,"みさかえの園競技場北口, 小長井駅前"
富の原二丁目,長崎県,"2野岳協和町・富の原, 2大村ターミナル富の原・協和町, 2黒丸協和町・富の原, 2大村ターミナル協和町"
土井崎,長崎県,"諫早日赤病院競技場北口, 県界競技場北口, 県界堂崎町・小長井支所前"
板の浦,さいかい交通（株）,"瀬戸-太田和-横瀬-大串［さいかい交通］, 瀬戸-下山-大串・幸物［さいかい交通］"
板の浦,長崎自動車（株）,"1：長崎駅前-住吉-滑石-桜の里方面, 20：大波止・中央橋・長崎新地行き"
板の浦,さいかい交通（株）・長崎自動車（株）,20：大波止・中央橋・長崎新地行き［長崎バス・さいかい交通］
原郷山口,長崎県,"3大村ターミナル大村インター, 3向木場大村インター, 3向木場大村インター・イオン大村, 3黒木大村インター, 3黒木"
竹松局前,長崎県,"1野岳竹松駅前, 1大村ターミナル竹松駅前, 1大村ターミナル竹松駅前・市民病院, 1野岳湖竹松駅前, 11野岳, 11東厚生町, 1野岳長崎医療センター；イオン大村・竹松駅前, 11諫早駅前, 1野岳湖長崎医療センター；イオン大村・竹松駅前, 1向木場竹松駅前, 1向木場竹松駅前・市民病院, 1向木場竹松駅前・市民病院；イオン大村, 1野岳長崎医療センター；市民病院・竹松駅前"
竹松出張所,長崎県,"1野岳竹松駅前, 1大村ターミナル竹松駅前, 1大村ターミナル竹松駅前・市民病院, 1野岳湖竹松駅前, 1野岳長崎医療センター；イオン大村・竹松駅前, 1野岳湖長崎医療センター；イオン大村・竹松駅前, 1向木場竹松駅前, 1向木場竹松駅前・市民病院, 1向木場竹松駅前・市民病院；イオン大村, 1野岳長崎医療センター；市民病院・竹松駅前"
三彩の里,長崎県,"3大村ターミナル大村インター, 3三彩の里大村インター"
石割場,長崎県,"3大村ターミナル大村インター, 3向木場大村インター, 3向木場大村インター・イオン大村, 3黒木大村インター, 3黒木"
紫雲山登口,さいかい交通（株）,"瀬戸-太田和-横瀬-大串［さいかい交通］, 瀬戸-下山-大串・幸物［さいかい交通］"
紫雲山登口,長崎自動車（株）,1：長崎駅前-住吉-滑石-桜の里方面
紫雲山登口,さいかい交通（株）・長崎自動車（株）,20：大波止・中央橋・長崎新地行き［長崎バス・さいかい交通］
立小路,長崎県,"1野岳竹松駅前, 1大村ターミナル竹松駅前, 1大村ターミナル竹松駅前・市民病院, 1野岳湖竹松駅前, 1野岳長崎医療センター；イオン大村・竹松駅前, 1野岳湖長崎医療センター；イオン大村・竹松駅前, 1向木場竹松駅前, 1向木場竹松駅前・市民病院, 1向木場竹松駅前・市民病院；イオン大村, 1野岳長崎医療センター；市民病院・竹松駅前"
浦底,長崎自動車（株）,"琴海尾戸線：自証寺前-長浦-形上-小口港, 明誠高スクール"
築切,長崎県,"諫早日赤病院競技場北口, 県界競技場北口, 県界堂崎町・小長井支所前"
大瀬戸中学校前,さいかい交通（株）,"瀬戸-太田和-横瀬-大串［さいかい交通］, 瀬戸-下山-大串・幸物［さいかい交通］, 岳集会所前-大瀬戸中学校前［さいかい交通］"
坂口,長崎県,"3坂口大村インター, 3大村ターミナル大村インター, 3坂口イオン大村・大村インター, 3向木場大村インター, 3向木場大村インター・イオン大村, 3黒木大村インター, 3黒木"
大瀬戸中学校入口,さいかい交通（株）,瀬戸-下山-大串・幸物［さいかい交通］
富の原一丁目,長崎県,"2野岳協和町・富の原, 2大村ターミナル富の原・協和町, 2黒丸協和町・富の原, 2大村ターミナル協和町"
富の原入口,長崎県,"11野岳, 11東厚生町, 11諫早駅前"
ナーク前,長崎県,"3大村ターミナル大村インター, 3三彩の里大村インター"
竹松駅前,長崎県,"1野岳竹松駅前, 1大村ターミナル竹松駅前, 1大村ターミナル竹松駅前・市民病院, 1野岳湖竹松駅前, 1野岳長崎医療センター；イオン大村・竹松駅前, 1野岳湖長崎医療センター；イオン大村・竹松駅前, 1向木場竹松駅前, 1向木場竹松駅前・市民病院, 1向木場竹松駅前・市民病院；イオン大村, 1野岳長崎医療センター；市民病院・竹松駅前"
大子小浦,長崎自動車（株）,"1：長崎駅前-住吉-西海-三重・大串, 琴海尾戸線：自証寺前-長浦-形上-小口港, 時津-長与線, 明誠高スクール"
大子小浦,さいかい交通（株）・長崎自動車（株）,20：大波止・中央橋・長崎新地行き［長崎バス・さいかい交通］
農場前,長崎県,"みさかえの園競技場北口, 小長井駅前"
名串集会所,長崎自動車（株）,琴海尾戸線：自証寺前-長浦-形上-小口港
NTT大瀬戸,さいかい交通（株）,"瀬戸-太田和-横瀬-大串［さいかい交通］, 瀬戸-下山-大串・幸物［さいかい交通］"
NTT大瀬戸,長崎自動車（株）,1：長崎駅前-住吉-滑石-桜の里方面
NTT大瀬戸,さいかい交通（株）・長崎自動車（株）,20：大波止・中央橋・長崎新地行き［長崎バス・さいかい交通］
大久保（小長井）,長崎県,"諫早日赤病院競技場北口, 県界競技場北口, 県界堂崎町・小長井支所前"
上原口,長崎県,"1野岳竹松駅前, 1大村ターミナル竹松駅前, 1大村ターミナル竹松駅前・市民病院, 1野岳湖竹松駅前, 1野岳長崎医療センター；イオン大村・竹松駅前, 1野岳湖長崎医療センター；イオン大村・竹松駅前, 1向木場竹松駅前, 1向木場竹松駅前・市民病院, 1向木場竹松駅前・市民病院；イオン大村, 1野岳長崎医療センター；市民病院・竹松駅前"
小路口東,長崎県,4小路口東大佐古・池田新町
スカイパーク入口,長崎県,"3大村ターミナル大村インター, 3三彩の里大村インター"
工業技術センター,長崎県,"3大村ターミナル大村インター, 3三彩の里大村インター"
名串,長崎自動車（株）,"琴海尾戸線：自証寺前-長浦-形上-小口港, 明誠高スクール"
浄水場入口,長崎県,"3坂口大村インター, 3大村ターミナル大村インター, 3坂口イオン大村・大村インター, 3向木場大村インター, 3向木場大村インター・イオン大村, 3黒木大村インター, 3黒木"
児渕,長崎県,"3大村ターミナル大村インター, 3三彩の里大村インター"
西彼杵高校前,さいかい交通（株）,"瀬戸-太田和-横瀬-大串［さいかい交通］, 瀬戸-下山-大串・幸物［さいかい交通］, 岳集会所前-大瀬戸中学校前［さいかい交通］"
西彼杵高校前,長崎自動車（株）,"1：長崎駅前-住吉-滑石-桜の里方面, 20：中央橋・長崎新地行き"
西彼杵高校前,さいかい交通（株）・長崎自動車（株）,20：大波止・中央橋・長崎新地行き［長崎バス・さいかい交通］
農場入口,長崎県,"みさかえの園競技場北口, 小長井駅前"
浄水場前（大村）,長崎県,"3大村ターミナル大村インター, 3三彩の里大村インター"
原口,長崎県,"1野岳竹松駅前, 1大村ターミナル竹松駅前, 1大村ターミナル竹松駅前・市民病院, 1野岳湖竹松駅前, 11野岳, 11東厚生町, 1野岳長崎医療センター；イオン大村・竹松駅前, 11諫早駅前, 1野岳湖長崎医療センター；イオン大村・竹松駅前, 1向木場竹松駅前, 1向木場竹松駅前・市民病院, 1向木場竹松駅前・市民病院；イオン大村, 1野岳長崎医療センター；市民病院・竹松駅前"
雄ケ原,長崎県,"3大村ターミナル大村インター, 3三彩の里大村インター"
福里,長崎県,"2野岳協和町・富の原, 2黒丸協和町・富の原"
福里,長崎県,"2大村ターミナル富の原・協和町, 2大村ターミナル協和町"
上池田,長崎県,"3坂口大村インター, 3大村ターミナル大村インター, 3坂口イオン大村・大村インター, 3向木場大村インター, 3向木場大村インター・イオン大村, 3黒木大村インター, 3黒木"
小路口アパート前,長崎県,4小路口東大佐古・池田新町
松島行桟橋前,さいかい交通（株）,"瀬戸-太田和-横瀬-大串［さいかい交通］, 瀬戸-下山-大串・幸物［さいかい交通］"
松島行桟橋前,長崎自動車（株）,1：長崎駅前-住吉-滑石-桜の里方面
松島行桟橋前,さいかい交通（株）・長崎自動車（株）,20：大波止・中央橋・長崎新地行き［長崎バス・さいかい交通］
原口住宅前,長崎県,"1野岳竹松駅前, 1大村ターミナル竹松駅前, 1大村ターミナル竹松駅前・市民病院, 1野岳湖竹松駅前, 11野岳, 11東厚生町, 1野岳長崎医療センター；イオン大村・竹松駅前, 11諫早駅前, 1野岳湖長崎医療センター；イオン大村・竹松駅前, 1向木場竹松駅前, 1向木場竹松駅前・市民病院, 1向木場竹松駅前・市民病院；イオン大村, 1野岳長崎医療センター；市民病院・竹松駅前"
仏石,長崎県,"みさかえの園競技場北口, 小長井駅前"
樫の浦,さいかい交通（株）,"瀬戸-太田和-横瀬-大串［さいかい交通］, 瀬戸-下山-大串・幸物［さいかい交通］"
樫の浦,長崎自動車（株）,1：長崎駅前-住吉-滑石-桜の里方面
樫の浦,さいかい交通（株）・長崎自動車（株）,20：大波止・中央橋・長崎新地行き［長崎バス・さいかい交通］
大子,長崎自動車（株）,"1：長崎駅前-住吉-西海-三重・大串, 琴海尾戸線：自証寺前-長浦-形上-小口港, 時津-長与線, 明誠高スクール"
大子,さいかい交通（株）・長崎自動車（株）,20：大波止・中央橋・長崎新地行き［長崎バス・さいかい交通］
鳥居前,長崎県,"3坂口大村インター, 3大村ターミナル大村インター, 3坂口イオン大村・大村インター, 3向木場大村インター, 3向木場大村インター・イオン大村, 3黒木大村インター, 3三彩の里大村インター, 3黒木"
西海市役所前,さいかい交通（株）,"瀬戸-太田和-横瀬-大串［さいかい交通］, 瀬戸-下山-大串・幸物［さいかい交通］"
西海市役所前,長崎自動車（株）,1：長崎駅前-住吉-滑石-桜の里方面
西海市役所前,さいかい交通（株）・長崎自動車（株）,20：大波止・中央橋・長崎新地行き［長崎バス・さいかい交通］
安井前,長崎県,"1野岳竹松駅前, 1大村ターミナル竹松駅前, 1大村ターミナル竹松駅前・市民病院, 1野岳湖竹松駅前, 11野岳, 11東厚生町, 1野岳長崎医療センター；イオン大村・竹松駅前, 11諫早駅前, 1野岳湖長崎医療センター；イオン大村・竹松駅前, 1向木場竹松駅前, 1向木場竹松駅前・市民病院, 1向木場竹松駅前・市民病院；イオン大村, 1野岳長崎医療センター；市民病院・竹松駅前"
畜産センター前,長崎県,"みさかえの園競技場北口, 小長井駅前"
西浜,さいかい交通（株）,"瀬戸-太田和-横瀬-大串［さいかい交通］, 瀬戸-下山-大串・幸物［さいかい交通］"
西浜,長崎自動車（株）,"1：長崎駅前-住吉-滑石-桜の里方面, 20：中央橋・長崎新地行き"
西浜,さいかい交通（株）・長崎自動車（株）,20：大波止・中央橋・長崎新地行き［長崎バス・さいかい交通］
広谷公民館,諫早市,上大渡野線
白浜,さいかい交通（株）,"瀬戸-太田和-横瀬-大串［さいかい交通］, 瀬戸-下山-大串・幸物［さいかい交通］, 岳集会所前-大瀬戸中学校前［さいかい交通］"
白浜,長崎自動車（株）,"1：長崎駅前-住吉-滑石-桜の里方面, 20：中央橋・長崎新地行き"
白浜,さいかい交通（株）・長崎自動車（株）,20：大波止・中央橋・長崎新地行き［長崎バス・さいかい交通］
植松東,長崎県,"長崎空港【リムジン】浦上経由・試験場前, 長崎駅前【リムジン】試験場前・諫早インター；浦上経由"
大村インター,長崎県,"3坂口大村インター, 3大村ターミナル大村インター, 3坂口イオン大村・大村インター, 3向木場大村インター, 3向木場大村インター・イオン大村, 3黒木大村インター, 3三彩の里大村インター"
梅倉,長崎自動車（株）,"琴海尾戸線：自証寺前-長浦-形上-小口港, 明誠高スクール"
横山頭,長崎県,"6横山頭岩船, 6松山岩船"
池田一丁目北,長崎県,4小路口東大佐古・池田新町
東浜,さいかい交通（株）,岳集会所前-大瀬戸中学校前［さいかい交通］
東浜,長崎自動車（株）,1：長崎駅前-住吉-滑石-桜の里方面
東浜,さいかい交通（株）・長崎自動車（株）,20：大波止・中央橋・長崎新地行き［長崎バス・さいかい交通］
池田,長崎県,"3坂口大村インター, 3大村ターミナル大村インター, 3坂口イオン大村・大村インター, 3向木場大村インター, 3向木場大村インター・イオン大村, 3黒木大村インター, 3三彩の里大村インター, 3黒木"
上古賀島,長崎県,"2野岳協和町・富の原, 2大村ターミナル富の原・協和町, 2黒丸協和町・富の原, 2大村ターミナル協和町"
大多武,長崎県,"6横山頭岩船, 6松山岩船"
桜馬場（大村）,長崎県,"1野岳竹松駅前, 1大村ターミナル竹松駅前, 1大村ターミナル竹松駅前・市民病院, 1野岳湖竹松駅前, 11野岳, 長崎空港【リムジン】浦上経由・試験場前, 長崎駅前【リムジン】試験場前・諫早インター；浦上経由, 11東厚生町, 1野岳長崎医療センター；イオン大村・竹松駅前, 11諫早駅前, 1野岳湖長崎医療センター；イオン大村・竹松駅前, 1向木場竹松駅前, 1向木場竹松駅前・市民病院, 1向木場竹松駅前・市民病院；イオン大村, 1野岳長崎医療センター；市民病院・竹松駅前"
井崎,長崎県,"諫早日赤病院競技場北口, 県界競技場北口, 県界堂崎町・小長井支所前"
横山頭入口,長崎県,"6横山頭岩船, 6松山岩船"
神社前（大多武）,長崎県,"6横山頭岩船, 6松山岩船"
国立少年自然の家,長崎県,"諫早駅前, 国立少年自然の家"
公民館前（小長井）,長崎県,"みさかえの園競技場北口, 小長井駅前"
下池田,長崎県,"3坂口大村インター, 3大村ターミナル大村インター, 3坂口イオン大村・大村インター, 3向木場大村インター, 3向木場大村インター・イオン大村, 3黒木大村インター, 3三彩の里大村インター, 3黒木"
池田一丁目南,長崎県,4小路口東大佐古・池田新町
新田原,長崎県,"みさかえの園競技場北口, 小長井駅前"
藤の浦,長崎自動車（株）,"1：長崎駅前-住吉-西海-三重・大串, 琴海尾戸線：自証寺前-長浦-形上-小口港, 時津-長与線, 明誠高スクール"
藤の浦,さいかい交通（株）・長崎自動車（株）,20：大波止・中央橋・長崎新地行き［長崎バス・さいかい交通］
小長井支所前,長崎県,"小長井支所前, 中核団地西諫早ニュータウン"
植松様宅前,諫早市,上大渡野線
富川,長崎県,"富川棚掛, 諫早駅前棚掛, 東厚生町棚掛"
諏訪の本,長崎県,"3坂口大村インター, 3大村ターミナル大村インター, 3坂口イオン大村・大村インター, 3向木場大村インター, 3向木場大村インター・イオン大村, 3黒木大村インター, 3三彩の里大村インター, 3黒木"
出口,長崎県,"みさかえの園競技場北口, 小長井駅前"
小長井支所前,長崎県,"諫早日赤病院競技場北口, みさかえの園競技場北口, 県界競技場北口, 小長井駅前, 県界堂崎町・小長井支所前"
池田新町,長崎県,4小路口東大佐古・池田新町
小島の浦,長崎自動車（株）,"1：長崎駅前-住吉-西海-三重・大串, 琴海尾戸線：自証寺前-長浦-形上-小口港, 時津-長与線, 明誠高スクール"
小島の浦,さいかい交通（株）・長崎自動車（株）,20：大波止・中央橋・長崎新地行き［長崎バス・さいかい交通］
市民病院（大村）,長崎県,"1野岳竹松駅前, 1大村ターミナル竹松駅前・市民病院, 2野岳協和町・富の原, 2大村ターミナル富の原・協和町, 2黒丸協和町・富の原, 2大村ターミナル協和町, 1野岳長崎医療センター；イオン大村・竹松駅前, 1向木場竹松駅前・市民病院, 1向木場竹松駅前・市民病院；イオン大村, 1野岳長崎医療センター；市民病院・竹松駅前"
大村部隊前,長崎県,"1大村ターミナル竹松駅前, 11東厚生町, 11諫早駅前, 1向木場竹松駅前"
市民病院前（大村）,長崎県,"1野岳竹松駅前, 1大村ターミナル竹松駅前・市民病院, 10消防学校前, 10諫早駅前サンスパおおむら；消防学校前, 10長崎空港消防学校前；サンスパおおむら, 1野岳長崎医療センター；イオン大村・竹松駅前, 1向木場竹松駅前・市民病院, 1向木場竹松駅前・市民病院；イオン大村, 1野岳長崎医療センター；市民病院・竹松駅前"
小長井駅前,長崎県,"諫早日赤病院競技場北口, みさかえの園競技場北口, 小長井支所前, 県界競技場北口, 小長井駅前, 中核団地西諫早ニュータウン, 県界堂崎町・小長井支所前"
又兵衛,長崎自動車（株）,"琴海尾戸線：自証寺前-長浦-形上-小口港, 明誠高スクール"
中諏訪,長崎県,"3坂口大村インター, 3大村ターミナル大村インター, 3坂口イオン大村・大村インター, 3向木場大村インター, 3向木場大村インター・イオン大村, 3黒木大村インター, 3三彩の里大村インター, 3黒木"
片木,長崎県,"諫早駅前, 国立少年自然の家"
試験場前,西肥自動車（株）,1019　長崎空港
試験場前,長崎県,"2野岳協和町・富の原, 2大村ターミナル富の原・協和町, 2黒丸協和町・富の原, 2大村ターミナル協和町, 長崎空港【リムジン】浦上経由・試験場前, 長崎駅前【リムジン】試験場前・諫早インター；浦上経由, 10消防学校前, 10諫早駅前サンスパおおむら；消防学校前, 10長崎空港消防学校前；サンスパおおむら"
消防学校前,長崎県,"10消防学校前, 10諫早駅前サンスパおおむら；消防学校前, 10長崎空港消防学校前；サンスパおおむら"
松並公園前,長崎県,"1野岳竹松駅前, 1大村ターミナル竹松駅前, 1大村ターミナル竹松駅前・市民病院, 1野岳湖竹松駅前, 11野岳, 10消防学校前, 10諫早駅前サンスパおおむら；消防学校前, 10長崎空港消防学校前；サンスパおおむら, 11東厚生町, 1野岳長崎医療センター；イオン大村・竹松駅前, 11諫早駅前, 1野岳湖長崎医療センター；イオン大村・竹松駅前, 1向木場竹松駅前, 1向木場竹松駅前・市民病院, 1向木場竹松駅前・市民病院；イオン大村, 1野岳長崎医療センター；市民病院・竹松駅前"
下諏訪,長崎県,"3坂口大村インター, 3大村ターミナル大村インター, 3坂口イオン大村・大村インター, 3向木場大村インター, 3向木場大村インター・イオン大村, 3黒木大村インター, 3三彩の里大村インター, 3黒木"
公民館前（大多武）,長崎県,"6横山頭岩船, 6松山岩船"
上諏訪町,長崎県,4小路口東大佐古・池田新町
中央町,長崎県,"1野岳竹松駅前, 1大村ターミナル竹松駅前, 1大村ターミナル竹松駅前・市民病院, 1野岳湖竹松駅前, 11野岳, 10消防学校前, 10諫早駅前サンスパおおむら；消防学校前, 10長崎空港消防学校前；サンスパおおむら, 11東厚生町, 1野岳長崎医療センター；イオン大村・竹松駅前, 11諫早駅前, 1野岳湖長崎医療センター；イオン大村・竹松駅前, 1向木場竹松駅前, 1向木場竹松駅前・市民病院, 1向木場竹松駅前・市民病院；イオン大村, 1野岳長崎医療センター；市民病院・竹松駅前"
工業高校前,長崎県,"2野岳協和町・富の原, 2大村ターミナル富の原・協和町, 2黒丸協和町・富の原, 2大村ターミナル協和町"
丸小屋防火水槽前,諫早市,上大渡野線
平地蒔,長崎県,"富川棚掛, 諫早駅前棚掛, 東厚生町棚掛"
サンスパおおむら,長崎県,"10諫早駅前サンスパおおむら；消防学校前, 10長崎空港消防学校前；サンスパおおむら"
長戸（小長井）,長崎県,"諫早日赤病院競技場北口, みさかえの園競技場北口, 小長井支所前, 県界競技場北口, 中核団地西諫早ニュータウン, 県界堂崎町・小長井支所前"
下の釜,さいかい交通（株）,岳集会所前-大瀬戸中学校前［さいかい交通］
下の釜,長崎自動車（株）,1：長崎駅前-住吉-滑石-桜の里方面
下の釜,さいかい交通（株）・長崎自動車（株）,20：大波止・中央橋・長崎新地行き［長崎バス・さいかい交通］
古町,長崎県,"1野岳竹松駅前, 1大村ターミナル竹松駅前, 1大村ターミナル竹松駅前・市民病院, 1野岳湖竹松駅前, 11野岳, 10消防学校前, 10諫早駅前サンスパおおむら；消防学校前, 10長崎空港消防学校前；サンスパおおむら, 11東厚生町, 1野岳長崎医療センター；イオン大村・竹松駅前, 11諫早駅前, 1野岳湖長崎医療センター；イオン大村・竹松駅前, 1向木場竹松駅前, 1向木場竹松駅前・市民病院, 1向木場竹松駅前・市民病院；イオン大村, 1野岳長崎医療センター；市民病院・竹松駅前"
雪の浦,さいかい交通（株）,岳集会所前-大瀬戸中学校前［さいかい交通］
雪の浦,長崎自動車（株）,1：長崎駅前-住吉-滑石-桜の里方面
雪の浦,さいかい交通（株）・長崎自動車（株）,20：大波止・中央橋・長崎新地行き［長崎バス・さいかい交通］
裏馬場,長崎県,"3坂口大村インター, 3大村ターミナル大村インター, 3坂口イオン大村・大村インター, 3向木場大村インター, 3向木場大村インター・イオン大村, 3黒木大村インター, 3三彩の里大村インター, 3黒木"
協和町北,長崎県,"2野岳協和町・富の原, 2大村ターミナル富の原・協和町, 2黒丸協和町・富の原, 2大村ターミナル協和町"
下椎池,長崎県,"6横山頭岩船, 6松山岩船"
乾馬場,長崎県,"1野岳竹松駅前, 1大村ターミナル竹松駅前, 1大村ターミナル竹松駅前・市民病院, 1野岳湖竹松駅前, 11野岳, 3大村ターミナル大村インター, 10消防学校前, 10諫早駅前サンスパおおむら；消防学校前, 10長崎空港消防学校前；サンスパおおむら, 11東厚生町, 3向木場大村インター, 1野岳長崎医療センター；イオン大村・竹松駅前, 11諫早駅前, 1野岳湖長崎医療センター；イオン大村・竹松駅前, 1向木場竹松駅前, 3向木場大村インター・イオン大村, 1向木場竹松駅前・市民病院, 1向木場竹松駅前・市民病院；イオン大村, 1野岳長崎医療センター；市民病院・竹松駅前"
棚掛,長崎県,"富川棚掛, 諫早駅前棚掛, 東厚生町棚掛"
三城町北,長崎県,4小路口東大佐古・池田新町
小口港,長崎自動車（株）,"琴海尾戸線：自証寺前-長浦-形上-小口港, 明誠高スクール"
協和町中央,長崎県,"2野岳協和町・富の原, 2大村ターミナル富の原・協和町, 2黒丸協和町・富の原, 2大村ターミナル協和町"
本堂川橋,長崎県,"3坂口大村インター, 1野岳竹松駅前, 1大村ターミナル竹松駅前, 1大村ターミナル竹松駅前・市民病院, 1野岳湖竹松駅前, 11野岳, 3大村ターミナル大村インター, 10消防学校前, 10諫早駅前サンスパおおむら；消防学校前, 10長崎空港消防学校前；サンスパおおむら, 3坂口イオン大村・大村インター, 11東厚生町, 3向木場大村インター, 1野岳長崎医療センター；イオン大村・竹松駅前, 11諫早駅前, 1野岳湖長崎医療センター；イオン大村・竹松駅前, 1向木場竹松駅前, 3向木場大村インター・イオン大村, 1向木場竹松駅前・市民病院, 1向木場竹松駅前・市民病院；イオン大村, 1野岳長崎医療センター；市民病院・竹松駅前, 3黒木大村インター, 3三彩の里大村インター, 3黒木"
協和町南,長崎県,"2野岳協和町・富の原, 2大村ターミナル富の原・協和町, 2黒丸協和町・富の原, 2大村ターミナル協和町"
萩原公民館,諫早市,小江・深海線
平原,長崎県,"諫早日赤病院競技場北口, みさかえの園競技場北口, 小長井支所前, 県界競技場北口, 中核団地西諫早ニュータウン, 県界堂崎町・小長井支所前"
洞仙,長崎県,"富川棚掛, 諫早駅前棚掛, 東厚生町棚掛"
古場公民館,諫早市,上大渡野線
足角,長崎県,"諫早日赤病院競技場北口, みさかえの園競技場北口, 小長井支所前, 県界競技場北口, 中核団地西諫早ニュータウン, 県界堂崎町・小長井支所前"
小深井,長崎県,"諫早日赤病院競技場北口, みさかえの園競技場北口, 小長井支所前, 県界競技場北口, 中核団地西諫早ニュータウン, 県界堂崎町・小長井支所前"
三城町南,長崎県,4小路口東大佐古・池田新町
手崎,長崎自動車（株）,"1：長崎駅前-住吉-西海-三重・大串, 琴海尾戸線：自証寺前-長浦-形上-小口港, 時津-長与線, 明誠高スクール"
手崎,さいかい交通（株）・長崎自動車（株）,20：大波止・中央橋・長崎新地行き［長崎バス・さいかい交通］
萩原,諫早市,小江・深海線
長崎空港,長崎県,"長崎空港【リムジン】出島道路経由；長崎市内乗車のみ, 茂里町【リムジン】長崎駅前・出島道路経由, 長崎空港【リムジン】浦上経由・試験場前, 長崎駅前【リムジン】試験場前・諫早インター；浦上経由, 10諫早駅前サンスパおおむら；消防学校前, 10長崎空港消防学校前；サンスパおおむら"
長崎空港,西肥自動車（株）,1019　長崎空港
長崎空港,島原鉄道（株）,島原〜本諫早〜長崎空港線
烏帽子池,長崎県,"6横山頭岩船, 6松山岩船"
帆崎,長崎県,"諫早日赤病院競技場北口, みさかえの園競技場北口, 小長井支所前, 県界競技場北口, 中核団地西諫早ニュータウン, 県界堂崎町・小長井支所前"
向陽高校前,長崎県,"3坂口大村インター, 1野岳竹松駅前, 1大村ターミナル竹松駅前, 1大村ターミナル竹松駅前・市民病院, 1野岳湖竹松駅前, 11野岳, 3大村ターミナル大村インター, 10消防学校前, 10諫早駅前サンスパおおむら；消防学校前, 10長崎空港消防学校前；サンスパおおむら, 3坂口イオン大村・大村インター, 11東厚生町, 3向木場大村インター, 1野岳長崎医療センター；イオン大村・竹松駅前, 11諫早駅前, 1野岳湖長崎医療センター；イオン大村・竹松駅前, 1向木場竹松駅前, 3向木場大村インター・イオン大村, 1向木場竹松駅前・市民病院, 1向木場竹松駅前・市民病院；イオン大村, 1野岳長崎医療センター；市民病院・竹松駅前, 3黒木大村インター, 3三彩の里大村インター, 3黒木"
大佐古,長崎県,4小路口東大佐古・池田新町
百合野,長崎県,"富川棚掛, 諫早駅前棚掛, 東厚生町棚掛"
長里,長崎県,"諫早日赤病院競技場北口, みさかえの園競技場北口, 小長井支所前, 県界競技場北口, 中核団地西諫早ニュータウン, 県界堂崎町・小長井支所前"
川頭,長崎県,川頭金谷町
上徳泉,長崎県,"7三石大村中前, 7大村ターミナル大村中前"
瀬崎様宅前,諫早市,上大渡野線
9分団研修所前,諫早市,小江・深海線
白木峰高原,長崎県,"諫早駅前, 国立少年自然の家"
三石,長崎県,"7三石大村中前, 6松山岩船"
松山（大村）,長崎県,"5松山精神医療センター；長崎医療センター, 6横山頭岩船, 5今村長崎医療センター；精神医療センター, 6松山岩船"
赤佐古池,長崎県,"7三石大村中前, 7大村ターミナル大村中前"
殿崎,長崎県,"諫早日赤病院競技場北口, みさかえの園競技場北口, 小長井支所前, 県界競技場北口, 中核団地西諫早ニュータウン, 県界堂崎町・小長井支所前"
大村駅前,長崎県,"3坂口大村インター, 1野岳竹松駅前, 1大村ターミナル竹松駅前, 1大村ターミナル竹松駅前・市民病院, 1野岳湖竹松駅前, 11野岳, 3大村ターミナル大村インター, 10消防学校前, 10諫早駅前サンスパおおむら；消防学校前, 10長崎空港消防学校前；サンスパおおむら, 3坂口イオン大村・大村インター, 11東厚生町, 3向木場大村インター, 1野岳長崎医療センター；イオン大村・竹松駅前, 11諫早駅前, 5松山精神医療センター；長崎医療センター, 1野岳湖長崎医療センター；イオン大村・竹松駅前, 1向木場竹松駅前, 3向木場大村インター・イオン大村, 1向木場竹松駅前・市民病院, 6横山頭岩船, 1向木場竹松駅前・市民病院；イオン大村, 5今村長崎医療センター；精神医療センター, SR南部循環向木場；長崎医療センター・イオン大村, 7三石大村中前, 6松山岩船, 7大村ターミナル大村中前, SL南部循環イオン大村・長崎医療センター；向木場, 4小路口東大佐古・池田新町, 1野岳長崎医療センター；市民病院・竹松駅前, 3黒木大村インター, 3三彩の里大村インター, 3黒木"
大村ターミナル,長崎県,"3坂口大村インター, 1野岳竹松駅前, 1大村ターミナル竹松駅前, 1大村ターミナル竹松駅前・市民病院, 1野岳湖竹松駅前, 2野岳協和町・富の原, 2大村ターミナル富の原・協和町, 2黒丸協和町・富の原, 2大村ターミナル協和町, 11野岳, 3大村ターミナル大村インター, 10消防学校前, 10諫早駅前サンスパおおむら；消防学校前, 10長崎空港消防学校前；サンスパおおむら, 3坂口イオン大村・大村インター, 11東厚生町, 3向木場大村インター, 1野岳長崎医療センター；イオン大村・竹松駅前, 11諫早駅前, 5松山精神医療センター；長崎医療センター, 1野岳湖長崎医療センター；イオン大村・竹松駅前, 1向木場竹松駅前, 3向木場大村インター・イオン大村, 1向木場竹松駅前・市民病院, 6横山頭岩船, 1向木場竹松駅前・市民病院；イオン大村, 5今村長崎医療センター；精神医療センター, SR南部循環向木場；長崎医療センター・イオン大村, 7三石大村中前, 6松山岩船, 7大村ターミナル大村中前, SL南部循環イオン大村・長崎医療センター；向木場, 4小路口東大佐古・池田新町, 1野岳長崎医療センター；市民病院・竹松駅前, 3黒木大村インター, 3三彩の里大村インター, 3黒木"
新城入口,長崎県,"2野岳協和町・富の原, 2大村ターミナル富の原・協和町, 2黒丸協和町・富の原, 2大村ターミナル協和町, 5松山精神医療センター；長崎医療センター, 6横山頭岩船, 5今村長崎医療センター；精神医療センター, 6松山岩船"
コレモおおむら前,長崎県,"2野岳協和町・富の原, 2大村ターミナル富の原・協和町, 2黒丸協和町・富の原, 2大村ターミナル協和町, 5松山精神医療センター；長崎医療センター, 6横山頭岩船, 5今村長崎医療センター；精神医療センター, SR南部循環向木場；長崎医療センター・イオン大村, 6松山岩船, SL南部循環イオン大村・長崎医療センター；向木場"
山口（富川）,長崎県,"富川棚掛, 諫早駅前棚掛, 東厚生町棚掛"
パールハイム前,長崎県,"6横山頭岩船, 6松山岩船"
長浦,長崎自動車（株）,"1：長崎駅前-住吉-西海-三重・大串, 琴海尾戸線：自証寺前-長浦-形上-小口港, 時津-長与線, 北陽台高スクール, 明誠高スクール"
長浦,さいかい交通（株）・長崎自動車（株）,20：大波止・中央橋・長崎新地行き［長崎バス・さいかい交通］
ミライon,長崎県,"1野岳竹松駅前, 1野岳湖竹松駅前, 11野岳, 10消防学校前, 10諫早駅前サンスパおおむら；消防学校前, 10長崎空港消防学校前；サンスパおおむら, 3坂口イオン大村・大村インター, 11東厚生町, 3向木場大村インター, 1野岳長崎医療センター；イオン大村・竹松駅前, 11諫早駅前, 5松山精神医療センター；長崎医療センター, 1野岳湖長崎医療センター；イオン大村・竹松駅前, 1向木場竹松駅前, 3向木場大村インター・イオン大村, 1向木場竹松駅前・市民病院, 6横山頭岩船, 1向木場竹松駅前・市民病院；イオン大村, 5今村長崎医療センター；精神医療センター, SR南部循環向木場；長崎医療センター・イオン大村, 7三石大村中前, 6松山岩船, 7大村ターミナル大村中前, SL南部循環イオン大村・長崎医療センター；向木場, 1野岳長崎医療センター；市民病院・竹松駅前, 3黒木"
大村中前,長崎県,"7三石大村中前, 7大村ターミナル大村中前"
田の平橋,長崎県,"SR南部循環向木場；長崎医療センター・イオン大村, 7三石大村中前, 7大村ターミナル大村中前, SL南部循環イオン大村・長崎医療センター；向木場"
赤佐古入口,長崎県,"SR南部循環向木場；長崎医療センター・イオン大村, SL南部循環イオン大村・長崎医療センター；向木場"
こどもセンター前,長崎県,"2野岳協和町・富の原, 2大村ターミナル富の原・協和町, 2黒丸協和町・富の原, 2大村ターミナル協和町, 5松山精神医療センター；長崎医療センター, 6横山頭岩船, 5今村長崎医療センター；精神医療センター, SR南部循環向木場；長崎医療センター・イオン大村, 6松山岩船, SL南部循環イオン大村・長崎医療センター；向木場"
城の下,長崎県,"城の下, 諫早駅前, 諫早日赤病院競技場北口, みさかえの園競技場北口, 小長井支所前, 県界競技場北口, 中核団地西諫早ニュータウン, 県界堂崎町・小長井支所前"
清水川,長崎県,"6横山頭岩船, 6松山岩船"
水の浦（小長井）,長崎県,"諫早日赤病院競技場北口, みさかえの園競技場北口, 小長井支所前, 県界競技場北口, 中核団地西諫早ニュータウン, 県界堂崎町・小長井支所前"
岳集会所前,さいかい交通（株）,岳集会所前-大瀬戸中学校前［さいかい交通］
下川頭,長崎県,川頭金谷町
平田入口,諫早市,小江・深海線
川口,さいかい交通（株）,岳集会所前-大瀬戸中学校前［さいかい交通］
裁判所前（大村）,長崎県,"1野岳竹松駅前, 1野岳湖竹松駅前, 11野岳, 10消防学校前, 10諫早駅前サンスパおおむら；消防学校前, 10長崎空港消防学校前；サンスパおおむら, 3坂口イオン大村・大村インター, 11東厚生町, 3向木場大村インター, 1野岳長崎医療センター；イオン大村・竹松駅前, 11諫早駅前, 5松山精神医療センター；長崎医療センター, 1野岳湖長崎医療センター；イオン大村・竹松駅前, 1向木場竹松駅前, 3向木場大村インター・イオン大村, 1向木場竹松駅前・市民病院, 6横山頭岩船, 1向木場竹松駅前・市民病院；イオン大村, 5今村長崎医療センター；精神医療センター, 6松山岩船, 1野岳長崎医療センター；市民病院・竹松駅前, 3黒木"
琴海ふれあいセンター前,長崎自動車（株）,"1：長崎駅前-住吉-西海-三重・大串, 琴海尾戸線：自証寺前-長浦-形上-小口港, 時津-長与線, 北陽台高スクール, 明誠高スクール"
琴海ふれあいセンター前,さいかい交通（株）・長崎自動車（株）,20：大波止・中央橋・長崎新地行き［長崎バス・さいかい交通］
塚堂,さいかい交通（株）,岳集会所前-大瀬戸中学校前［さいかい交通］
塚堂,長崎自動車（株）,1：長崎駅前-住吉-滑石-桜の里方面
塚堂,さいかい交通（株）・長崎自動車（株）,20：大波止・中央橋・長崎新地行き［長崎バス・さいかい交通］
金崎,長崎県,"城の下, 諫早駅前, 諫早日赤病院競技場北口, みさかえの園競技場北口, 小長井支所前, 県界競技場北口, 中核団地西諫早ニュータウン, 県界堂崎町・小長井支所前"
学校入口,長崎県,"6横山頭岩船, 6松山岩船"
円能寺三ヶ倉,諫早市,上大渡野線
西本町,長崎県,"1野岳竹松駅前, 1野岳湖竹松駅前, 11野岳, 10消防学校前, 10諫早駅前サンスパおおむら；消防学校前, 10長崎空港消防学校前；サンスパおおむら, 3坂口イオン大村・大村インター, 11東厚生町, 3向木場大村インター, 1野岳長崎医療センター；イオン大村・竹松駅前, 11諫早駅前, 5松山精神医療センター；長崎医療センター, 1野岳湖長崎医療センター；イオン大村・竹松駅前, 1向木場竹松駅前, 3向木場大村インター・イオン大村, 1向木場竹松駅前・市民病院, 6横山頭岩船, 1向木場竹松駅前・市民病院；イオン大村, 5今村長崎医療センター；精神医療センター, 6松山岩船, 1野岳長崎医療センター；市民病院・竹松駅前, 3黒木"
須田ノ木中央,長崎県,"6横山頭岩船, 6松山岩船"
須田ノ木,長崎県,"6横山頭岩船, 6松山岩船"
須田ノ木北,長崎県,"SR南部循環向木場；長崎医療センター・イオン大村, SL南部循環イオン大村・長崎医療センター；向木場"
折山,諫早市,小江・深海線
豊寿園前,諫早市,小江・深海線
柳谷二（植松清治様宅前）,諫早市,本野線
湯江駅前,長崎県,"城の下, 諫早駅前, 諫早日赤病院競技場北口, みさかえの園競技場北口, 小長井支所前, 県界競技場北口, 中核団地西諫早ニュータウン, 県界堂崎町・小長井支所前"
溝口,長崎県,"城の下, 諫早駅前, 諫早日赤病院競技場北口, みさかえの園競技場北口, 小長井支所前, 県界競技場北口, 中核団地西諫早ニュータウン, 県界堂崎町・小長井支所前"
松浦様宅前,諫早市,上大渡野線
上小路,長崎県,"6横山頭岩船, 6松山岩船"
円能寺公民館,諫早市,上大渡野線
寿町,長崎県,"1野岳竹松駅前, 1野岳湖竹松駅前, 11野岳, 10消防学校前, 10諫早駅前サンスパおおむら；消防学校前, 10長崎空港消防学校前；サンスパおおむら, 3坂口イオン大村・大村インター, 11東厚生町, 3向木場大村インター, 1野岳長崎医療センター；イオン大村・竹松駅前, 11諫早駅前, 5松山精神医療センター；長崎医療センター, 1野岳湖長崎医療センター；イオン大村・竹松駅前, 1向木場竹松駅前, 1向木場竹松駅前・市民病院, 6横山頭岩船, 5今村長崎医療センター；精神医療センター, SR南部循環向木場；長崎医療センター・イオン大村, 6松山岩船, 1野岳長崎医療センター；市民病院・竹松駅前, 3黒木"
湯江宿,長崎県,"城の下, 諫早駅前, 諫早日赤病院競技場北口, みさかえの園競技場北口, 小長井支所前, 県界競技場北口, 中核団地西諫早ニュータウン, 県界堂崎町・小長井支所前"
6分団研修所前,諫早市,小江・深海線
建山,諫早市,小江・深海線
向木場入口,長崎県,"1野岳竹松駅前, 1野岳湖竹松駅前, 3坂口イオン大村・大村インター, 3向木場大村インター, 1野岳長崎医療センター；イオン大村・竹松駅前, 1野岳湖長崎医療センター；イオン大村・竹松駅前, 1向木場竹松駅前, 3向木場大村インター・イオン大村, 1向木場竹松駅前・市民病院, 1向木場竹松駅前・市民病院；イオン大村, SR南部循環向木場；長崎医療センター・イオン大村, 7大村ターミナル大村中前, SL南部循環イオン大村・長崎医療センター；向木場, 1野岳長崎医療センター；市民病院・竹松駅前, 3黒木"
折山入口,諫早市,小江・深海線
二股,長崎県,"富川棚掛, 諫早駅前棚掛, 東厚生町棚掛"
柳谷三（植松哲也様宅前）,諫早市,本野線
下坂様宅下,諫早市,上大渡野線
西村様宅側,諫早市,上大渡野線
須田ノ木南,長崎県,"SR南部循環向木場；長崎医療センター・イオン大村, SL南部循環イオン大村・長崎医療センター；向木場"
観音さん前,諫早市,小江・深海線
高速木場,長崎県,"長崎空港【リムジン】浦上経由・試験場前, 長崎駅前【リムジン】試験場前・諫早インター；浦上経由"
柳谷一（植松勝巳様宅前）,諫早市,本野線
岳口,長崎自動車（株）,扇山線
岩船,長崎県,"6横山頭岩船, 6松山岩船"
イオン大村店,長崎県,"3坂口イオン大村・大村インター, 1野岳長崎医療センター；イオン大村・竹松駅前, 1野岳湖長崎医療センター；イオン大村・竹松駅前, 3向木場大村インター・イオン大村, 1向木場竹松駅前・市民病院；イオン大村, SR南部循環向木場；長崎医療センター・イオン大村, SL南部循環イオン大村・長崎医療センター；向木場"
鍛冶屋尾,長崎県,"城の下, 諫早駅前, 諫早日赤病院競技場北口, みさかえの園競技場北口, 小長井支所前, 県界競技場北口, 中核団地西諫早ニュータウン, 県界堂崎町・小長井支所前"
白木峰,長崎県,"諫早駅前, 国立少年自然の家"
シーハットおおむら,長崎県,"3坂口イオン大村・大村インター, 1野岳長崎医療センター；イオン大村・竹松駅前, 1野岳湖長崎医療センター；イオン大村・竹松駅前, 3向木場大村インター・イオン大村, 1向木場竹松駅前・市民病院；イオン大村, SR南部循環向木場；長崎医療センター・イオン大村, SL南部循環イオン大村・長崎医療センター；向木場"
市役所前（大村）,長崎県,"1野岳竹松駅前, 1野岳湖竹松駅前, 11野岳, 10消防学校前, 10諫早駅前サンスパおおむら；消防学校前, 10長崎空港消防学校前；サンスパおおむら, 3坂口イオン大村・大村インター, 11東厚生町, 3向木場大村インター, 1野岳長崎医療センター；イオン大村・竹松駅前, 11諫早駅前, 5松山精神医療センター；長崎医療センター, 1野岳湖長崎医療センター；イオン大村・竹松駅前, 1向木場竹松駅前, 3向木場大村インター・イオン大村, 1向木場竹松駅前・市民病院, 6横山頭岩船, 1向木場竹松駅前・市民病院；イオン大村, 5今村長崎医療センター；精神医療センター, SR南部循環向木場；長崎医療センター・イオン大村, 6松山岩船, SL南部循環イオン大村・長崎医療センター；向木場, 1野岳長崎医療センター；市民病院・竹松駅前, 3黒木"
後木場,長崎県,"1野岳竹松駅前, 1野岳湖竹松駅前, 3坂口イオン大村・大村インター, 3向木場大村インター, 1野岳長崎医療センター；イオン大村・竹松駅前, 1野岳湖長崎医療センター；イオン大村・竹松駅前, 1向木場竹松駅前, 3向木場大村インター・イオン大村, 1向木場竹松駅前・市民病院, 1向木場竹松駅前・市民病院；イオン大村, SR南部循環向木場；長崎医療センター・イオン大村, 7大村ターミナル大村中前, SL南部循環イオン大村・長崎医療センター；向木場, 1野岳長崎医療センター；市民病院・竹松駅前, 3黒木"
御用堤,長崎自動車（株）,扇山線
中程,諫早市,小江・深海線
自証寺前,長崎自動車（株）,"1：長崎駅前-住吉-西海-三重・大串, 琴海尾戸線：自証寺前-長浦-形上-小口港, 時津-長与線, 北陽台高スクール, 明誠高スクール"
自証寺前,さいかい交通（株）・長崎自動車（株）,20：大波止・中央橋・長崎新地行き［長崎バス・さいかい交通］
野田神社前,長崎県,"SR南部循環向木場；長崎医療センター・イオン大村, SL南部循環イオン大村・長崎医療センター；向木場"
下岩船,長崎県,"6横山頭岩船, 6松山岩船"
ふれあい会館前,長崎県,"城の下, 諫早駅前, 諫早日赤病院競技場北口, みさかえの園競技場北口, 小長井支所前, 県界競技場北口, 中核団地西諫早ニュータウン, 県界堂崎町・小長井支所前"
田島川,長崎県,"城の下, 諫早駅前, 諫早日赤病院競技場北口, みさかえの園競技場北口, 小長井支所前, 県界競技場北口, 中核団地西諫早ニュータウン, 県界堂崎町・小長井支所前"
ワークやまびこ前,諫早市,本野線
本小路,長崎県,"6横山頭岩船, 6松山岩船"
北門前,長崎県,"1野岳竹松駅前, 1野岳湖竹松駅前, 10消防学校前, 10諫早駅前サンスパおおむら；消防学校前, 10長崎空港消防学校前；サンスパおおむら, 3坂口イオン大村・大村インター, 3向木場大村インター, 1野岳長崎医療センター；イオン大村・竹松駅前, 5松山精神医療センター；長崎医療センター, 1野岳湖長崎医療センター；イオン大村・竹松駅前, 1向木場竹松駅前, 3向木場大村インター・イオン大村, 1向木場竹松駅前・市民病院, 1向木場竹松駅前・市民病院；イオン大村, 5今村長崎医療センター；精神医療センター, SR南部循環向木場；長崎医療センター・イオン大村, 7大村ターミナル大村中前, SL南部循環イオン大村・長崎医療センター；向木場, 1野岳長崎医療センター；市民病院・竹松駅前, 3黒木"
公園入口,長崎県,"1野岳竹松駅前, 1野岳湖竹松駅前, 11野岳, 10消防学校前, 10諫早駅前サンスパおおむら；消防学校前, 10長崎空港消防学校前；サンスパおおむら, 3坂口イオン大村・大村インター, 11東厚生町, 3向木場大村インター, 1野岳長崎医療センター；イオン大村・竹松駅前, 11諫早駅前, 5松山精神医療センター；長崎医療センター, 1野岳湖長崎医療センター；イオン大村・竹松駅前, 1向木場竹松駅前, 3向木場大村インター・イオン大村, 1向木場竹松駅前・市民病院, 1向木場竹松駅前・市民病院；イオン大村, 5今村長崎医療センター；精神医療センター, SR南部循環向木場；長崎医療センター・イオン大村, SL南部循環イオン大村・長崎医療センター；向木場, 1野岳長崎医療センター；市民病院・竹松駅前, 3黒木"
荒木隆吉様宅前,諫早市,本野線
長崎医療センター前,長崎県,"1野岳竹松駅前, 1野岳湖竹松駅前, 10消防学校前, 10諫早駅前サンスパおおむら；消防学校前, 10長崎空港消防学校前；サンスパおおむら, 3坂口イオン大村・大村インター, 3向木場大村インター, 1野岳長崎医療センター；イオン大村・竹松駅前, 5松山精神医療センター；長崎医療センター, 1野岳湖長崎医療センター；イオン大村・竹松駅前, 1向木場竹松駅前, 3向木場大村インター・イオン大村, 1向木場竹松駅前・市民病院, 1向木場竹松駅前・市民病院；イオン大村, 5今村長崎医療センター；精神医療センター, SR南部循環向木場；長崎医療センター・イオン大村, SL南部循環イオン大村・長崎医療センター；向木場, 1野岳長崎医療センター；市民病院・竹松駅前, 3黒木"
琴川小橋前（中川建設前）,諫早市,本野線
川頭入口,長崎県,川頭金谷町
中班広場,諫早市,小江・深海線
大野構造改善センター前,諫早市,本野線
小船津,長崎県,"城の下, 諫早駅前, 諫早日赤病院競技場北口, みさかえの園競技場北口, 小長井支所前, 県界競技場北口, 中核団地西諫早ニュータウン, 県界堂崎町・小長井支所前"
大野,諫早市,本野線
長崎医療センター,長崎県,"10消防学校前, 10諫早駅前サンスパおおむら；消防学校前, 10長崎空港消防学校前；サンスパおおむら, 3坂口イオン大村・大村インター, 3向木場大村インター, 1野岳長崎医療センター；イオン大村・竹松駅前, 5松山精神医療センター；長崎医療センター, 1野岳湖長崎医療センター；イオン大村・竹松駅前, 1向木場竹松駅前, 3向木場大村インター・イオン大村, 1向木場竹松駅前・市民病院, 1向木場竹松駅前・市民病院；イオン大村, 5今村長崎医療センター；精神医療センター, SR南部循環向木場；長崎医療センター・イオン大村, 7大村ターミナル大村中前, SL南部循環イオン大村・長崎医療センター；向木場, 1野岳長崎医療センター；市民病院・竹松駅前"
上大渡野町公民館前,諫早市,上大渡野線
法月,長崎県,"諫早駅前, 国立少年自然の家"
本野学校前,長崎県,"富川棚掛, 諫早駅前棚掛, 東厚生町棚掛"
久原,長崎県,"1野岳竹松駅前, 1野岳湖竹松駅前, 11野岳, 10消防学校前, 10諫早駅前サンスパおおむら；消防学校前, 10長崎空港消防学校前；サンスパおおむら, 3坂口イオン大村・大村インター, 11東厚生町, 3向木場大村インター, 1野岳長崎医療センター；イオン大村・竹松駅前, 11諫早駅前, 5松山精神医療センター；長崎医療センター, 1野岳湖長崎医療センター；イオン大村・竹松駅前, 1向木場竹松駅前, 3向木場大村インター・イオン大村, 1向木場竹松駅前・市民病院, 1向木場竹松駅前・市民病院；イオン大村, 5今村長崎医療センター；精神医療センター, SR南部循環向木場；長崎医療センター・イオン大村, SL南部循環イオン大村・長崎医療センター；向木場, 1野岳長崎医療センター；市民病院・竹松駅前, 3黒木, 玖島中学校, 今村, 日焼"
田の頭,長崎自動車（株）,1：長崎駅前-住吉-滑石-桜の里方面
田の頭,さいかい交通（株）・長崎自動車（株）,20：大波止・中央橋・長崎新地行き［長崎バス・さいかい交通］
保育所前,諫早市,本野線
玖島中学校,長崎県,"5松山精神医療センター；長崎医療センター, 5今村長崎医療センター；精神医療センター, 玖島中学校, 今村, 日焼"
与崎,長崎県,"5松山精神医療センター；長崎医療センター, 5今村長崎医療センター；精神医療センター, 玖島中学校"
戸根橋,長崎自動車（株）,"1：長崎駅前-住吉-西海-三重・大串, 琴海尾戸線：自証寺前-長浦-形上-小口港, 時津-長与線, 北陽台高スクール, 明誠高スクール"
戸根橋,さいかい交通（株）・長崎自動車（株）,20：大波止・中央橋・長崎新地行き［長崎バス・さいかい交通］
旧扇山分校前,長崎自動車（株）,扇山線
下与公民館前,諫早市,小江・深海線
与崎,長崎県,"11野岳, 10消防学校前, 10諫早駅前サンスパおおむら；消防学校前, 10長崎空港消防学校前；サンスパおおむら, 11東厚生町, 11諫早駅前, 今村, 日焼"
下与,長崎県,"城の下, 諫早駅前, 諫早日赤病院競技場北口, みさかえの園競技場北口, 小長井支所前, 県界競技場北口, 中核団地西諫早ニュータウン, 県界堂崎町・小長井支所前"
小江駅,諫早市,小江・深海線
岩松駅前,長崎県,"11野岳, 10消防学校前, 10諫早駅前サンスパおおむら；消防学校前, 10長崎空港消防学校前；サンスパおおむら, 11東厚生町, 11諫早駅前, 玖島中学校, 日焼"
一里松公民館前,諫早市,小江・深海線
三鈴橋,長崎県,"5松山精神医療センター；長崎医療センター, 5今村長崎医療センター；精神医療センター, 玖島中学校, 今村"
御手水（諫早）,長崎県,"諫早駅前八幡神社前・金谷町, 御手水金谷町・八幡神社前, 中核団地八幡神社前・金谷町；競技場北口"
戸根,長崎自動車（株）,"1：長崎駅前-住吉-西海-三重・大串, 琴海尾戸線：自証寺前-長浦-形上-小口港, 時津-長与線, 北陽台高スクール, 明誠高スクール"
戸根,さいかい交通（株）・長崎自動車（株）,20：大波止・中央橋・長崎新地行き［長崎バス・さいかい交通］
小江駅前,長崎県,"城の下, 諫早駅前, 諫早日赤病院競技場北口, みさかえの園競技場北口, 小長井支所前, 県界競技場北口, 中核団地西諫早ニュータウン, 県界堂崎町・小長井支所前"
小江駅前,諫早市,小江・深海線
ゆめ会館前,諫早市,小江・深海線
釜の庭,長崎自動車（株）,扇山線
本野出張所,諫早市,本野線
本野出張所前,長崎県,"富川棚掛, 諫早駅前棚掛, 東厚生町棚掛"
本野出張所前,諫早市,上大渡野線
二本松,長崎県,"11野岳, 10消防学校前, 10諫早駅前サンスパおおむら；消防学校前, 10長崎空港消防学校前；サンスパおおむら, 11東厚生町, 11諫早駅前, 玖島中学校, 日焼"
Aコープ前,諫早市,小江・深海線
田久保,長崎県,"5松山精神医療センター；長崎医療センター, 5今村長崎医療センター；精神医療センター, 玖島中学校, 今村"
日焼（大村）,長崎県,"11野岳, 10消防学校前, 10諫早駅前サンスパおおむら；消防学校前, 10長崎空港消防学校前；サンスパおおむら, 11東厚生町, 11諫早駅前, 玖島中学校, 日焼"
鶴山,長崎自動車（株）,扇山線
四本松,長崎県,川頭金谷町
陀以良,長崎自動車（株）,扇山線
神浦ダム,長崎自動車（株）,扇山線
中古場（白木峰）,長崎県,"諫早駅前, 国立少年自然の家"
下屋敷,長崎自動車（株）,"1：長崎駅前-住吉-西海-三重・大串, 琴海尾戸線：自証寺前-長浦-形上-小口港, 時津-長与線, 北陽台高スクール, 明誠高スクール"
下屋敷,さいかい交通（株）・長崎自動車（株）,20：大波止・中央橋・長崎新地行き［長崎バス・さいかい交通］
釜川内,長崎県,"5松山精神医療センター；長崎医療センター, 5今村長崎医療センター；精神医療センター, 玖島中学校, 今村"
冨地戸,長崎県,"城の下, 諫早駅前, 諫早日赤病院競技場北口, みさかえの園競技場北口, 小長井支所前, 県界競技場北口, 中核団地西諫早ニュータウン, 県界堂崎町・小長井支所前"
大中尾1公民館前,長崎自動車（株）,扇山線
中沼,長崎自動車（株）,扇山線
八幡神社前,長崎県,"諫早駅前八幡神社前・金谷町, 御手水金谷町・八幡神社前, 中核団地八幡神社前・金谷町；競技場北口"
トンネル上,長崎県,"11野岳, 10消防学校前, 10諫早駅前サンスパおおむら；消防学校前, 10長崎空港消防学校前；サンスパおおむら, 11東厚生町, 11諫早駅前"
目代,長崎県,"川頭金谷町, 目代金谷町"
原,長崎自動車（株）,"1：長崎駅前-住吉-滑石-桜の里方面, 扇山線"
原,さいかい交通（株）・長崎自動車（株）,20：大波止・中央橋・長崎新地行き［長崎バス・さいかい交通］
箕ノ久保,長崎自動車（株）,扇山線
立石,長崎県,"諫早駅前八幡神社前・金谷町, 御手水金谷町・八幡神社前, 中核団地八幡神社前・金谷町；競技場北口"
深の海,長崎県,"城の下, 諫早駅前, 諫早日赤病院競技場北口, みさかえの園競技場北口, 小長井支所前, 県界競技場北口, 中核団地西諫早ニュータウン, 県界堂崎町・小長井支所前"
大石病院前,長崎自動車（株）,"1：長崎駅前-住吉-西海-三重・大串, 琴海尾戸線：自証寺前-長浦-形上-小口港, 時津-長与線, 北陽台高スクール, 明誠高スクール"
大石病院前,さいかい交通（株）・長崎自動車（株）,20：大波止・中央橋・長崎新地行き［長崎バス・さいかい交通］
椿ヶ丘荘前,長崎自動車（株）,扇山線
公民館前（目代）,長崎県,"川頭金谷町, 目代金谷町"
神の浦,長崎自動車（株）,"1：長崎駅前-住吉-滑石-桜の里方面, 扇山線"
猿崎,長崎県,"城の下, 諫早駅前, 諫早日赤病院競技場北口, みさかえの園競技場北口, 小長井支所前, 県界競技場北口, 中核団地西諫早ニュータウン, 中学校前, 県界堂崎町・小長井支所前"
神の浦,さいかい交通（株）・長崎自動車（株）,20：大波止・中央橋・長崎新地行き［長崎バス・さいかい交通］
神の浦,長崎自動車（株）,"1：長崎駅前-住吉-滑石-桜の里方面, 扇山線"
一の瀬,長崎県,"諫早駅前, 国立少年自然の家"
本野,長崎県,"11野岳, 富川棚掛, 諫早駅前棚掛, 本野西諫早ニュータウン・西部台, 西陵高校西諫早ニュータウン・西部台, 東厚生町棚掛, 10消防学校前, 10諫早駅前サンスパおおむら；消防学校前, 10長崎空港消防学校前；サンスパおおむら, 11東厚生町, 11諫早駅前"
菅牟田,長崎県,"諫早駅前八幡神社前・金谷町, 御手水金谷町・八幡神社前, 中核団地八幡神社前・金谷町；競技場北口"
古場関,長崎県,"諫早駅前八幡神社前・金谷町, 御手水金谷町・八幡神社前, 中核団地八幡神社前・金谷町；競技場北口"
神浦小学校前,長崎自動車（株）,扇山線
神の浦橋,長崎自動車（株）,"1：長崎駅前-住吉-滑石-桜の里方面, 扇山線"
神の浦橋,さいかい交通（株）・長崎自動車（株）,20：大波止・中央橋・長崎新地行き［長崎バス・さいかい交通］
上祝崎,長崎県,"5松山精神医療センター；長崎医療センター, 5今村長崎医療センター；精神医療センター, 玖島中学校, 今村"
神浦郵便局前,長崎自動車（株）,1：長崎駅前-住吉-滑石-桜の里方面
神浦郵便局前,さいかい交通（株）・長崎自動車（株）,20：大波止・中央橋・長崎新地行き［長崎バス・さいかい交通］
尾茂浜,島原鉄道（株）,島原〜多比良〜諫早行
旧外海行政センター前,長崎自動車（株）,扇山線
今出,島原鉄道（株）,島原〜多比良〜諫早行
国見塩屋,島原鉄道（株）,島原〜多比良〜諫早行
上高野,長崎県,"川頭金谷町, 目代金谷町"
菅牟田入口,長崎県,"諫早駅前八幡神社前・金谷町, 御手水金谷町・八幡神社前, 中核団地八幡神社前・金谷町；競技場北口"
吉の浦,長崎自動車（株）,"1：長崎駅前-住吉-西海-三重・大串, 琴海尾戸線：自証寺前-長浦-形上-小口港, 時津-長与線, 北陽台高スクール, 明誠高スクール"
吉の浦,さいかい交通（株）・長崎自動車（株）,20：大波止・中央橋・長崎新地行き［長崎バス・さいかい交通］
堂崎,長崎自動車（株）,"1：長崎駅前-住吉-榎の鼻-満永, 20：中央橋・長崎新地行き"
須の瀬,長崎県,"諫早駅前大草駅前・競技場北口, 大浦競技場北口・大草駅前, 大浦大草駅前, 東園大草駅前"
東里,島原鉄道（株）,島原〜多比良〜諫早行
白浜,長崎県,"城の下, 諫早駅前, 諫早日赤病院競技場北口, みさかえの園競技場北口, 小長井支所前, 県界競技場北口, 中核団地西諫早ニュータウン, 中学校前, 県界堂崎町・小長井支所前"
夏井,長崎自動車（株）,1：長崎駅前-住吉-滑石-桜の里方面
夏井,さいかい交通（株）・長崎自動車（株）,20：大波止・中央橋・長崎新地行き［長崎バス・さいかい交通］
多比良港,島原鉄道（株）,"島原〜多比良〜諫早行, 加津佐海水浴場前〜島原行"
船津（三浦）,長崎県,"5松山精神医療センター；長崎医療センター, 5今村長崎医療センター；精神医療センター, 玖島中学校, 今村"
祝崎,長崎県,"5松山精神医療センター；長崎医療センター, 5今村長崎医療センター；精神医療センター, 玖島中学校, 今村"
雲仙北交番前,島原鉄道（株）,島原〜多比良〜諫早行
神代,島原鉄道（株）,島原〜多比良〜諫早行
琴の海園,長崎自動車（株）,"1：長崎駅前-住吉-西海-三重・大串, 20：中央橋・長崎新地行き, 琴海尾戸線：自証寺前-長浦-形上-小口港, 時津-長与線, 北陽台高スクール, 明誠高スクール"
琴の海園,さいかい交通（株）・長崎自動車（株）,20：大波止・中央橋・長崎新地行き［長崎バス・さいかい交通］
蔦川内,長崎県,"5松山精神医療センター；長崎医療センター, 5今村長崎医療センター；精神医療センター, 玖島中学校, 今村"
高天町,長崎県,"城の下, 諫早駅前, 諫早日赤病院競技場北口, みさかえの園競技場北口, 小長井支所前, 県界競技場北口, 中核団地西諫早ニュータウン, 中学校前, 県界堂崎町・小長井支所前"
大橋（諫早）,長崎県,"11野岳, 富川棚掛, 諫早駅前棚掛, 本野西諫早ニュータウン・西部台, 西陵高校西諫早ニュータウン・西部台, 東厚生町棚掛, 10消防学校前, 10諫早駅前サンスパおおむら；消防学校前, 10長崎空港消防学校前；サンスパおおむら, 11東厚生町, 11諫早駅前"
西郷長浜,島原鉄道（株）,島原〜多比良〜諫早行
多比良駅前,島原鉄道（株）,"島原〜多比良〜諫早行, 加津佐海水浴場前〜島原行"
琴海ニュータウン,長崎自動車（株）,"1：長崎駅前-住吉-西海-三重・大串, 20：中央橋・長崎新地行き, 琴海尾戸線：自証寺前-長浦-形上-小口港, 時津-長与線, 長崎新地-川平BP-時津・長与・畝刈方面, 北陽台高スクール, 立神-銭座町-北部方面"
琴海ニュータウン,さいかい交通（株）・長崎自動車（株）,20：大波止・中央橋・長崎新地行き［長崎バス・さいかい交通］
西郷駅前,島原鉄道（株）,島原〜多比良〜諫早行
崎辺田,長崎県,"諫早駅前大草駅前・競技場北口, 大浦競技場北口・大草駅前, 大浦大草駅前, 東園大草駅前"
精神医療センター入口,長崎県,"5松山精神医療センター；長崎医療センター, 5今村長崎医療センター；精神医療センター, 玖島中学校, 今村"
神代長浜,島原鉄道（株）,島原〜多比良〜諫早行
上須の瀬,長崎県,"諫早駅前大草駅前・競技場北口, 大浦競技場北口・大草駅前, 大浦大草駅前, 東園大草駅前"
伊古,島原鉄道（株）,島原〜多比良〜諫早行
町下,島原鉄道（株）,"島原〜多比良〜諫早行, 加津佐海水浴場前〜島原行"
精神医療センター,長崎県,"5松山精神医療センター；長崎医療センター, 5今村長崎医療センター；精神医療センター"
正久寺,長崎県,"城の下, 諫早駅前, 諫早日赤病院競技場北口, みさかえの園競技場北口, 小長井支所前, 県界競技場北口, 中核団地西諫早ニュータウン, 中学校前, 県界堂崎町・小長井支所前"
破籠井,長崎県,上後古場農高前・栗面・土師野尾
小城寺,長崎自動車（株）,"1：長崎駅前-住吉-西海-三重・大串, 20：中央橋・長崎新地行き, 琴海尾戸線：自証寺前-長浦-形上-小口港, 時津-長与線, 長崎新地-川平BP-時津・長与・畝刈方面, 北陽台高スクール, 立神-銭座町-北部方面"
小城寺,さいかい交通（株）・長崎自動車（株）,20：大波止・中央橋・長崎新地行き［長崎バス・さいかい交通］
明峰中学校入口,長崎県,"11野岳, 富川棚掛, 諫早駅前棚掛, 本野西諫早ニュータウン・西部台, 西陵高校西諫早ニュータウン・西部台, 東厚生町棚掛, 10消防学校前, 10諫早駅前サンスパおおむら；消防学校前, 10長崎空港消防学校前；サンスパおおむら, 11東厚生町, 11諫早駅前"
鉱泉センター前,長崎自動車（株）,1：長崎駅前-住吉-滑石-桜の里方面
鉱泉センター前,さいかい交通（株）・長崎自動車（株）,20：大波止・中央橋・長崎新地行き［長崎バス・さいかい交通］
草木田,長崎県,"諫早駅前大草駅前・競技場北口, 大浦競技場北口・大草駅前, 大浦大草駅前, 東園大草駅前"
環境センター前,長崎県,"諫早駅前八幡神社前・金谷町, 御手水金谷町・八幡神社前, 中核団地八幡神社前・金谷町；競技場北口"
塩床,長崎自動車（株）,"1：長崎駅前-住吉-榎の鼻-満永, 20：中央橋・長崎新地行き"
香田,長崎県,"川頭金谷町, 目代金谷町"
大浦（多良見）,長崎県,"諫早駅前大草駅前・競技場北口, 大浦競技場北口・大草駅前, 大浦大草駅前, 東園大草駅前"
釘の頭,長崎県,"5松山精神医療センター；長崎医療センター, 5今村長崎医療センター；精神医療センター, 玖島中学校, 今村"
大浦,長崎自動車（株）,"1：長崎駅前-住吉-榎の鼻-満永, 20：中央橋・長崎新地行き"
五十石,長崎県,"諫早駅前大草駅前・競技場北口, 大浦競技場北口・大草駅前, 大浦大草駅前, 東園大草駅前"
江崎,長崎自動車（株）,"1：長崎駅前-住吉-西海-三重・大串, 20：中央橋・長崎新地行き, 琴海尾戸線：自証寺前-長浦-形上-小口港, 時津-長与線, 長崎新地-川平BP-時津・長与・畝刈方面, 北陽台高スクール, 立神-銭座町-北部方面"
江崎,さいかい交通（株）・長崎自動車（株）,20：大波止・中央橋・長崎新地行き［長崎バス・さいかい交通］
港町,島原鉄道（株）,"島原〜多比良〜諫早行, 加津佐海水浴場前〜島原行"
日守,島原鉄道（株）,島原〜多比良〜諫早行
村松,長崎自動車（株）,"1：長崎駅前-住吉-西海-三重・大串, 20：中央橋・長崎新地行き, 琴海尾戸線：自証寺前-長浦-形上-小口港, 時津-長与線, 長崎新地-川平BP-時津・長与・畝刈方面, 北陽台高スクール, 明誠高スクール, 立神-銭座町-北部方面"
村松,さいかい交通（株）・長崎自動車（株）,20：大波止・中央橋・長崎新地行き［長崎バス・さいかい交通］
国見高校前,島原鉄道（株）,"島原〜多比良〜諫早行, 加津佐海水浴場前〜島原行"
宮ノ下,長崎県,"諫早駅前大草駅前・競技場北口, 大浦競技場北口・大草駅前, 大浦大草駅前, 東園大草駅前"
白岩,長崎県,"諫早駅前大草駅前・競技場北口, 大浦競技場北口・大草駅前, 大浦大草駅前, 東園大草駅前"
下破籠井,長崎県,上後古場農高前・栗面・土師野尾
西ノ浜,島原鉄道（株）,"島原〜多比良〜諫早行, 加津佐海水浴場前〜島原行"
琴海タウン口,長崎自動車（株）,"1：長崎駅前-住吉-西海-三重・大串, 20：中央橋・長崎新地行き, 琴海尾戸線：自証寺前-長浦-形上-小口港, 時津-長与線, 長崎新地-川平BP-時津・長与・畝刈方面, 北陽台高スクール, 立神-銭座町-北部方面"
琴海タウン口,さいかい交通（株）・長崎自動車（株）,20：大波止・中央橋・長崎新地行き［長崎バス・さいかい交通］
中学校前（長田）,長崎県,"諫早駅前, 国立少年自然の家, 中学校前"
一軒茶屋,長崎県,"11野岳, 富川棚掛, 諫早駅前棚掛, 本野西諫早ニュータウン・西部台, 西陵高校西諫早ニュータウン・西部台, 東厚生町棚掛, 10消防学校前, 10諫早駅前サンスパおおむら；消防学校前, 10長崎空港消防学校前；サンスパおおむら, 11東厚生町, 11諫早駅前"
伊福,島原鉄道（株）,島原〜多比良〜諫早行
大堂平,長崎自動車（株）,"1：長崎駅前-住吉-榎の鼻-満永, 20：中央橋・長崎新地行き"
破籠井入口,長崎県,上後古場農高前・栗面・土師野尾
大野,長崎自動車（株）,1：長崎駅前-住吉-滑石-桜の里方面
大野,さいかい交通（株）・長崎自動車（株）,20：大波止・中央橋・長崎新地行き［長崎バス・さいかい交通］
潮井崎,長崎自動車（株）,"1：長崎駅前-住吉-榎の鼻-満永, 20：中央橋・長崎新地行き"
越首,長崎県,"諫早駅前大草駅前・競技場北口, 大浦競技場北口・大草駅前, 大浦大草駅前, 東園大草駅前"
高田,島原鉄道（株）,島原〜多比良〜諫早行
東長田,長崎県,"城の下, 諫早駅前, 諫早日赤病院競技場北口, みさかえの園競技場北口, 小長井支所前, 県界競技場北口, 中核団地西諫早ニュータウン, 中学校前, 県界堂崎町・小長井支所前"
日の出町公園前,長崎県,"川頭金谷町, 目代金谷町"
小学校前（三浦）,長崎県,"早見さつき台・西諫早ニュータウン；諫早病院・市役所, 今村有喜港・川床・市役所；諫早病院・西諫早ニュータウン, 5松山精神医療センター；長崎医療センター, 5今村長崎医療センター；精神医療センター, 玖島中学校, 今村"
今村,長崎県,"早見さつき台・西諫早ニュータウン；諫早病院・市役所, 今村有喜港・川床・市役所；諫早病院・西諫早ニュータウン, 5松山精神医療センター；長崎医療センター, 5今村長崎医療センター；精神医療センター, 玖島中学校, 今村"
日泊,長崎県,"5松山精神医療センター；長崎医療センター, 5今村長崎医療センター；精神医療センター, 玖島中学校, 今村"
釘崎,島原鉄道（株）,"島原〜多比良〜諫早行, 加津佐海水浴場前〜島原行"
東長田,長崎県,"諫早駅前, 国立少年自然の家, 不知火橋"
一本松,長崎自動車（株）,"1：長崎駅前-住吉-榎の鼻-満永, 20：中央橋・長崎新地行き"
寺畑,長崎県,"諫早駅前大草駅前・競技場北口, 大浦競技場北口・大草駅前, 大浦大草駅前, 東園大草駅前"
西栄田,長崎県,上後古場農高前・栗面・土師野尾
上栄田,長崎県,"11野岳, 富川棚掛, 諫早駅前棚掛, 本野西諫早ニュータウン・西部台, 西陵高校西諫早ニュータウン・西部台, 東厚生町棚掛, 10消防学校前, 10諫早駅前サンスパおおむら；消防学校前, 10長崎空港消防学校前；サンスパおおむら, 11東厚生町, 11諫早駅前"
ことのうみ,長崎自動車（株）,"1：長崎駅前-住吉-西海-三重・大串, 20：中央橋・長崎新地行き, 琴海尾戸線：自証寺前-長浦-形上-小口港, 時津-長与線, 長崎新地-川平BP-時津・長与・畝刈方面, 北高スクール, 北陽台高スクール, 明誠高スクール, 立神-銭座町-北部方面"
ことのうみ,さいかい交通（株）・長崎自動車（株）,20：大波止・中央橋・長崎新地行き［長崎バス・さいかい交通］
西海,長崎自動車（株）,"1：長崎駅前-住吉-西海-三重・大串, 20：中央橋・長崎新地行き, 明誠高スクール"
西海,さいかい交通（株）・長崎自動車（株）,20：大波止・中央橋・長崎新地行き［長崎バス・さいかい交通］
登呂福,長崎自動車（株）,"1：長崎駅前-住吉-西海-三重・大串, 20：中央橋・長崎新地行き, 琴海尾戸線：自証寺前-長浦-形上-小口港, 時津-長与線, 長崎新地-川平BP-時津・長与・畝刈方面, 北高スクール, 北陽台高スクール, 明誠高スクール, 立神-銭座町-北部方面"
登呂福,さいかい交通（株）・長崎自動車（株）,20：大波止・中央橋・長崎新地行き［長崎バス・さいかい交通］
古川,長崎県,"諫早駅前大草駅前・競技場北口, 大浦競技場北口・大草駅前, 大浦大草駅前, 東園大草駅前"
西海東口,長崎自動車（株）,"1：長崎駅前-住吉-西海-三重・大串, 時津-長与線, 長崎新地-川平BP-時津・長与・畝刈方面, 北陽台高スクール, 明誠高スクール, 立神-銭座町-北部方面"
西海東口,さいかい交通（株）・長崎自動車（株）,20：大波止・中央橋・長崎新地行き［長崎バス・さいかい交通］
西海,長崎自動車（株）,"1：長崎駅前-住吉-西海-三重・大串, 琴海尾戸線：自証寺前-長浦-形上-小口港, 時津-長与線, 長崎新地-川平BP-時津・長与・畝刈方面, 北陽台高スクール, 明誠高スクール, 立神-銭座町-北部方面"
大草駅前,長崎県,"諫早駅前大草駅前・競技場北口, 大浦競技場北口・大草駅前, 大浦大草駅前, 東園大草駅前"
大正駅前,島原鉄道（株）,島原〜多比良〜諫早行
牧野公民館上,長崎自動車（株）,牧野黒崎線
長崎明誠高校,長崎自動車（株）,明誠高スクール
子々川,長崎自動車（株）,"1：長崎駅前-住吉-西海-三重・大串, 1：長崎駅前-住吉-時津・溝川, 1：青雲学園前・中山ダム行き, 20：中央橋・長崎新地行き, 琴海尾戸線：自証寺前-長浦-形上-小口港, 時津-長与線, 長崎新地-川平BP-時津・長与・畝刈方面, 北高スクール, 北陽台高スクール, 明誠高スクール, 立神-銭座町-北部方面"
子々川,さいかい交通（株）・長崎自動車（株）,20：大波止・中央橋・長崎新地行き［長崎バス・さいかい交通］
船津（多良見）,長崎県,"諫早駅前大草駅前・競技場北口, 大浦競技場北口・大草駅前, 大浦大草駅前, 東園大草駅前"
日の出町,長崎県,"川頭金谷町, 目代金谷町"
湯江,島原鉄道（株）,"島原〜多比良〜諫早行, 加津佐海水浴場前〜島原行"
上中山（御手水）,長崎県,"諫早駅前八幡神社前・金谷町, 御手水金谷町・八幡神社前, 中核団地八幡神社前・金谷町；競技場北口"
岩詰,長崎自動車（株）,"1：長崎駅前-住吉-榎の鼻-満永, 20：中央橋・長崎新地行き"
先の谷,長崎県,"諫早駅前大草駅前・競技場北口, 大浦競技場北口・大草駅前, 大浦大草駅前, 東園大草駅前"
浜東,島原鉄道（株）,"島原〜多比良〜諫早行, 加津佐海水浴場前〜島原行"
伏尾,島原鉄道（株）,島原〜多比良〜諫早行
山境,長崎県,"5松山精神医療センター；長崎医療センター, 5今村長崎医療センター；精神医療センター, 玖島中学校, 今村"
牧野公民館下,長崎自動車（株）,牧野黒崎線
西長田,長崎県,"城の下, 諫早駅前, 国立少年自然の家, 不知火橋, 諫早日赤病院競技場北口, みさかえの園競技場北口, 小長井支所前, 県界競技場北口, 中核団地西諫早ニュータウン, 県界堂崎町・小長井支所前"
伊木力出張所前,長崎県,"諫早駅前大草駅前・競技場北口, 大浦競技場北口・大草駅前, 大浦大草駅前, 東園大草駅前"
熊野神社前（瑞穂）,島原鉄道（株）,島原〜多比良〜諫早行
鎮西高校前,長崎県,上後古場農高前・栗面・土師野尾
連蔵寺,長崎県,"早見さつき台・西諫早ニュータウン；諫早病院・市役所, 今村有喜港・川床・市役所；諫早病院・西諫早ニュータウン, 5松山精神医療センター；長崎医療センター, 5今村長崎医療センター；精神医療センター, 玖島中学校, 今村"
石垣,長崎自動車（株）,"1：長崎駅前-住吉-時津・溝川, 1：青雲学園前・中山ダム行き, 20：中央橋・長崎新地行き"
谷門,長崎自動車（株）,"1：長崎駅前-住吉-西海-三重・大串, 20：中央橋・長崎新地行き, 明誠高スクール"
下の谷,長崎県,"諫早駅前大草駅前・競技場北口, 大浦競技場北口・大草駅前, 大浦大草駅前, 東園大草駅前"
伊木力橋,長崎県,"諫早駅前大草駅前・競技場北口, 大浦競技場北口・大草駅前, 大浦大草駅前, 東園大草駅前"
不知火橋,長崎県,"諫早駅前, 国立少年自然の家, 諫早駅前東厚生町・金谷町, 不知火橋"
中学校前（多良見）,長崎県,"諫早駅前大草駅前・競技場北口, 大浦競技場北口・大草駅前, 大浦大草駅前, 東園大草駅前"
堀の内東,長崎県,"東厚生町西部台・真崎・市役所, 津水市役所・西部台・真崎, 本野西諫早ニュータウン・西部台, 西陵高校西諫早ニュータウン・西部台"
古部,島原鉄道（株）,島原〜多比良〜諫早行
堀の内中央,長崎県,"東厚生町西部台・真崎・市役所, 津水市役所・西部台・真崎, 本野西諫早ニュータウン・西部台, 西陵高校西諫早ニュータウン・西部台"
馬込,長崎自動車（株）,"1：長崎駅前-住吉-榎の鼻-満永, 20：中央橋・長崎新地行き"
下栄田,長崎県,"11野岳, 富川棚掛, 本野西諫早ニュータウン・西部台, 10消防学校前, 10長崎空港消防学校前；サンスパおおむら"
病院前（諫早）,長崎県,"川頭金谷町, 目代金谷町"
赤首,さいかい交通（株）・長崎自動車（株）,20：大波止・中央橋・長崎新地行き［長崎バス・さいかい交通］
赤首,長崎自動車（株）,1：長崎駅前-住吉-滑石-桜の里方面
大野浜,島原鉄道（株）,"島原〜多比良〜諫早行, 加津佐海水浴場前〜島原行"
バイパス木場崎,長崎自動車（株）,"1：長崎駅前-住吉-西海-三重・大串, 20：中央橋・長崎新地行き, 時津-長与線, 北高スクール, 北陽台高スクール"
バイパス木場崎,さいかい交通（株）・長崎自動車（株）,20：大波止・中央橋・長崎新地行き［長崎バス・さいかい交通］
金水,長崎自動車（株）,牧野黒崎線
社会保険事務所入口,長崎県,上後古場農高前・栗面・土師野尾
中山（御手水）,長崎県,市内縦断中央ルート
松の迫,長崎自動車（株）,"1：長崎駅前-住吉-西海-三重・大串, 20：中央橋・長崎新地行き, 明誠高スクール"
城ノ尾,長崎自動車（株）,"1：長崎駅前-住吉-時津・溝川, 1：青雲学園前・中山ダム行き, 20：中央橋・長崎新地行き"
堀の内西,長崎県,"東厚生町西部台・真崎・市役所, 津水市役所・西部台・真崎, 本野西諫早ニュータウン・西部台, 西陵高校西諫早ニュータウン・西部台"
小豆崎,長崎県,"城の下, 諫早駅前, 国立少年自然の家, 不知火橋, 諫早日赤病院競技場北口, みさかえの園競技場北口, 小長井支所前, 県界競技場北口, 中核団地西諫早ニュータウン, 県界堂崎町・小長井支所前"
木場崎,長崎自動車（株）,"1：長崎駅前-住吉-西海-三重・大串, 20：中央橋・長崎新地行き, 琴海尾戸線：自証寺前-長浦-形上-小口港, 時津-長与線, 長崎新地-川平BP-時津・長与・畝刈方面, 明誠高スクール, 立神-銭座町-北部方面"
木場崎,さいかい交通（株）・長崎自動車（株）,20：大波止・中央橋・長崎新地行き［長崎バス・さいかい交通］
諫早病院前,長崎県,"早見西諫早ニュータウン・諫早病院；市役所・川床・有喜港, 中核団地小ヶ倉・竹の下；諫早病院・西諫早ニュータウン, 早見さつき台・西諫早ニュータウン；諫早病院・市役所, 今村有喜港・川床・市役所；諫早病院・西諫早ニュータウン, 有喜港西諫早ニュータウン・諫早病院；農高前・小ヶ倉, 諫早営業所小ヶ倉・農高前；諫早病院・西諫早ニュータウン"
エスポアールそとめ,長崎自動車（株）,牧野黒崎線
城の平,長崎県,"諫早駅前大草駅前・競技場北口, 大浦大草駅前"
栄田,長崎県,"11野岳, 富川棚掛, 諫早駅前棚掛, 本野西諫早ニュータウン・西部台, 西陵高校西諫早ニュータウン・西部台, 早見西諫早ニュータウン・諫早病院；市役所・川床・有喜港, 中核団地小ヶ倉・竹の下；諫早病院・西諫早ニュータウン, 東厚生町棚掛, 早見さつき台・西諫早ニュータウン；諫早病院・市役所, 今村有喜港・川床・市役所；諫早病院・西諫早ニュータウン, 有喜港西諫早ニュータウン・諫早病院；農高前・小ヶ倉, 諫早営業所小ヶ倉・農高前；諫早病院・西諫早ニュータウン, 10消防学校前, 10諫早駅前サンスパおおむら；消防学校前, 10長崎空港消防学校前；サンスパおおむら, 11東厚生町, 11諫早駅前, 上後古場農高前・栗面・土師野尾"
中井原,長崎県,"東厚生町西部台・真崎・市役所, 津水市役所・西部台・真崎"
諫早駅前,長崎県,"長崎駅前競技場北口・藤棚, 諫早・東厚生町藤棚・競技場北口, 諫早・東厚生町つつじが丘・西諫早ニュータウン, 久山台ニュータウン競技場北口・青葉台, 長崎駅前西諫早ニュータウン・つつじが丘, 諫早駅前つつじが丘・西諫早ニュータウン, 11野岳, 諫早・東厚生町藤棚・西諫早ニュータウン；諫早市役所, 東厚生町西部台・真崎・市役所, 東厚生町堂崎町・市役所, 諫早日赤病院市役所・堂崎町, 津水市役所・西部台・真崎, 東厚生町西諫早ニュータウン・市役所, 諫早営業所有喜・唐比・諫早東高前；西諫早ニュータウン, 唐比車庫諫早東高前, 唐比車庫慶師野, 城の下, 諫早駅前, 諫早駅前上山・市役所, 川頭金谷町, 国立少年自然の家, 目代金谷町, 富川棚掛, 諫早駅前棚掛, 諫早駅前東厚生町・金谷町, 不知火橋, 柳原市役所・上山, 諫早・東厚生町三本松・競技場北口, 諫早日赤病院競技場北口, みさかえの園競技場北口, 小長井支所前, 諫早駅前西諫早駅・堂崎町, 県界競技場北口, 飯盛団地競技場北口・平山・江の浦, 東厚生町江の浦・平山・競技場北口, 川口, 早見西諫早ニュータウン・諫早病院；市役所・川床・有喜港, 中核団地小ヶ倉・竹の下；諫早病院・西諫早ニュータウン, 中核団地西諫早ニュータウン, 東厚生町棚掛, 早見さつき台・西諫早ニュータウン；諫早病院・市役所, 今村有喜港・川床・市役所；諫早病院・西諫早ニュータウン, 諫早営業所上山・市役所；西諫早ニュータウン, 夫婦木市役所・農高前, 有喜港西諫早ニュータウン・諫早病院；農高前・小ヶ倉, 諫早営業所小ヶ倉・農高前；諫早病院・西諫早ニュータウン, 西陵高校諫早東高前・競技場北口, 10消防学校前, 10諫早駅前サンスパおおむら；消防学校前, 10長崎空港消防学校前；サンスパおおむら, 11東厚生町, 11諫早駅前, 上後古場農高前・栗面・土師野尾, 諫早駅前大草駅前・競技場北口, 大浦競技場北口・大草駅前, 諫早営業所有喜・川床・市役所；西諫早ニュータウン, 諫早駅前競技場北口, 東厚生町白岩町・金谷町, 県界堂崎町・小長井支所前, 西諫早駅市役所前・堂崎町, 諫早駅前青葉台・競技場北口, 東厚生町青葉台・堂崎町・市役所, 久山台ニュータウン市役所・堂崎町・青葉台, 西川内競技場北口・青葉台；シーサイド・喜々津団地, 東厚生町喜々津シーサイド；青葉台・競技場北口, 諫早駅前八幡神社前・金谷町, 御手水金谷町・八幡神社前, 中核団地八幡神社前・金谷町；競技場北口, 諫早・東厚生町つつじが丘・競技場北口；諫早市役所, 戸石競技場北口・久山台・花ノ木, 東厚生町花ノ木・久山台・競技場北口"
諫早駅前,島原鉄道（株）,"島原〜本諫早〜長崎空港線, 島原〜雲仙〜小浜〜諫早行, 口之津〜小浜〜諫早行, 有家〜小浜・小浜高〜諫早行, 島原〜多比良〜諫早行, 小浜〜諫早行"
カリタス診療所前,長崎自動車（株）,牧野黒崎線
東諫早,長崎県,"城の下, 諫早駅前, 国立少年自然の家, 不知火橋, 諫早日赤病院競技場北口, みさかえの園競技場北口, 小長井支所前, 県界競技場北口, 中核団地西諫早ニュータウン, 県界堂崎町・小長井支所前"
北諫早中学校前,長崎県,"川頭金谷町, 目代金谷町, 諫早駅前東厚生町・金谷町, 東厚生町白岩町・金谷町, 諫早駅前八幡神社前・金谷町, 御手水金谷町・八幡神社前, 中核団地八幡神社前・金谷町；競技場北口"
中山入口（御手水）,長崎県,"諫早駅前八幡神社前・金谷町, 御手水金谷町・八幡神社前, 中核団地八幡神社前・金谷町；競技場北口"
道祖崎,島原鉄道（株）,島原〜多比良〜諫早行
西部台真崎,長崎県,"東厚生町西部台・真崎・市役所, 津水市役所・西部台・真崎"
清水谷,長崎県,"東厚生町西部台・真崎・市役所, 津水市役所・西部台・真崎, 本野西諫早ニュータウン・西部台, 西陵高校西諫早ニュータウン・西部台"
諫早特別支援学校,長崎県,"東厚生町西部台・真崎・市役所, 津水市役所・西部台・真崎"
時津北部ターミナル,長崎自動車（株）,"1：長崎駅前-住吉-西海-三重・大串, 20：中央橋・長崎新地行き, 時津-長与線, 長崎新地-川平BP-時津方面, 長商高スクール, 北高スクール, 北陽台高スクール, 立神-銭座町-北部方面"
時津北部ターミナル,さいかい交通（株）・長崎自動車（株）,20：大波止・中央橋・長崎新地行き［長崎バス・さいかい交通］
四谷河内,長崎自動車（株）,1：長崎駅前-住吉-滑石-桜の里方面
四谷河内,さいかい交通（株）・長崎自動車（株）,20：大波止・中央橋・長崎新地行き［長崎バス・さいかい交通］
真崎（西部台）,長崎県,"東厚生町西部台・真崎・市役所, 津水市役所・西部台・真崎"
下岡,長崎自動車（株）,"1：長崎駅前-住吉-榎の鼻-満永, 20：中央橋・長崎新地行き"
平尾橋,長崎自動車（株）,"1：長崎駅前-住吉-西海-三重・大串, 20：中央橋・長崎新地行き, 明誠高スクール"
福田神社前,長崎県,"諫早駅前東厚生町・金谷町, 東厚生町白岩町・金谷町, 諫早駅前八幡神社前・金谷町, 御手水金谷町・八幡神社前, 中核団地八幡神社前・金谷町；競技場北口"
中通（多良見）,長崎県,"諫早駅前大草駅前・競技場北口, 大浦大草駅前"
金谷町,長崎県,"川頭金谷町, 目代金谷町, 諫早駅前東厚生町・金谷町, 東厚生町白岩町・金谷町, 諫早駅前八幡神社前・金谷町, 御手水金谷町・八幡神社前, 中核団地八幡神社前・金谷町；競技場北口"
三室,島原鉄道（株）,島原〜多比良〜諫早行
バイパス日並,長崎自動車（株）,1：長崎駅前-住吉-西海-三重・大串
バイパス日並,さいかい交通（株）・長崎自動車（株）,20：大波止・中央橋・長崎新地行き［長崎バス・さいかい交通］
中山ダム,長崎自動車（株）,"1：長崎駅前-住吉-時津・溝川, 1：青雲学園前・中山ダム行き, 20：中央橋・長崎新地行き"
有明庁舎前,島原鉄道（株）,"島原〜多比良〜諫早行, 加津佐海水浴場前〜島原行"
永昌町,長崎県,"11野岳, 富川棚掛, 諫早駅前棚掛, 本野西諫早ニュータウン・西部台, 西陵高校西諫早ニュータウン・西部台, 早見西諫早ニュータウン・諫早病院；市役所・川床・有喜港, 東厚生町棚掛, 早見さつき台・西諫早ニュータウン；諫早病院・市役所, 有喜港西諫早ニュータウン・諫早病院；農高前・小ヶ倉, 10消防学校前, 10諫早駅前サンスパおおむら；消防学校前, 10長崎空港消防学校前；サンスパおおむら, 11東厚生町, 11諫早駅前, 上後古場農高前・栗面・土師野尾"
ふれあい広場前,長崎県,"東厚生町西部台・真崎・市役所, 津水市役所・西部台・真崎, 東厚生町白岩町・金谷町"
山の木,長崎県,"諫早駅前大草駅前・競技場北口, 大浦競技場北口・大草駅前, 大浦大草駅前, 東園大草駅前"
選果場前,長崎県,諫早駅前東厚生町・金谷町
中尾町（諫早）,長崎県,"諫早・東厚生町つつじが丘・西諫早ニュータウン, 長崎駅前西諫早ニュータウン・つつじが丘, 諫早駅前つつじが丘・西諫早ニュータウン, 諫早・東厚生町藤棚・西諫早ニュータウン；諫早市役所, 東厚生町堂崎町・市役所, 諫早日赤病院市役所・堂崎町, 東厚生町西諫早ニュータウン・市役所, 諫早営業所有喜・唐比・諫早東高前；西諫早ニュータウン, 本野西諫早ニュータウン・西部台, 西陵高校西諫早ニュータウン・西部台, 諫早駅前西諫早駅・堂崎町, 早見西諫早ニュータウン・諫早病院；市役所・川床・有喜港, 中核団地小ヶ倉・竹の下；諫早病院・西諫早ニュータウン, 中核団地西諫早ニュータウン, 早見さつき台・西諫早ニュータウン；諫早病院・市役所, 今村有喜港・川床・市役所；諫早病院・西諫早ニュータウン, 諫早営業所上山・市役所；西諫早ニュータウン, 有喜港西諫早ニュータウン・諫早病院；農高前・小ヶ倉, 諫早営業所小ヶ倉・農高前；諫早病院・西諫早ニュータウン, 諫早営業所有喜・川床・市役所；西諫早ニュータウン, 東厚生町白岩町・金谷町, 県界堂崎町・小長井支所前, 西諫早駅市役所前・堂崎町, 東厚生町青葉台・堂崎町・市役所, 久山台ニュータウン市役所・堂崎町・青葉台"
溝陸,長崎県,"早見さつき台・西諫早ニュータウン；諫早病院・市役所, 今村有喜港・川床・市役所；諫早病院・西諫早ニュータウン, 5松山精神医療センター；長崎医療センター, 5今村長崎医療センター；精神医療センター, 玖島中学校, 今村"
岡,長崎自動車（株）,"1：長崎駅前-住吉-榎の鼻-満永, 20：中央橋・長崎新地行き"
女乙石,長崎県,"諫早・東厚生町つつじが丘・西諫早ニュータウン, 長崎駅前西諫早ニュータウン・つつじが丘, 諫早駅前つつじが丘・西諫早ニュータウン, 諫早・東厚生町藤棚・西諫早ニュータウン；諫早市役所, 東厚生町西部台・真崎・市役所, 東厚生町堂崎町・市役所, 諫早日赤病院市役所・堂崎町, 津水市役所・西部台・真崎, 東厚生町西諫早ニュータウン・市役所, 諫早営業所有喜・唐比・諫早東高前；西諫早ニュータウン, 本野西諫早ニュータウン・西部台, 西陵高校西諫早ニュータウン・西部台, 諫早駅前西諫早駅・堂崎町, 早見西諫早ニュータウン・諫早病院；市役所・川床・有喜港, 中核団地小ヶ倉・竹の下；諫早病院・西諫早ニュータウン, 中核団地西諫早ニュータウン, 早見さつき台・西諫早ニュータウン；諫早病院・市役所, 今村有喜港・川床・市役所；諫早病院・西諫早ニュータウン, 諫早営業所上山・市役所；西諫早ニュータウン, 有喜港西諫早ニュータウン・諫早病院；農高前・小ヶ倉, 諫早営業所小ヶ倉・農高前；諫早病院・西諫早ニュータウン, 諫早営業所有喜・川床・市役所；西諫早ニュータウン, 東厚生町白岩町・金谷町, 県界堂崎町・小長井支所前, 西諫早駅市役所前・堂崎町, 東厚生町青葉台・堂崎町・市役所, 久山台ニュータウン市役所・堂崎町・青葉台"
火篭,長崎自動車（株）,"1：長崎駅前-住吉-西海-三重・大串, 20：中央橋・長崎新地行き, 琴海尾戸線：自証寺前-長浦-形上-小口港, 時津-長与線, 長崎新地-川平BP-時津・長与・畝刈方面, 長崎新地-川平BP-時津方面, 長商高スクール, 北高スクール, 北陽台高スクール, 明誠高スクール, 立神-銭座町-北部方面"
火篭,さいかい交通（株）・長崎自動車（株）,20：大波止・中央橋・長崎新地行き［長崎バス・さいかい交通］
山川町,長崎県,"諫早・東厚生町つつじが丘・西諫早ニュータウン, 長崎駅前西諫早ニュータウン・つつじが丘, 諫早駅前つつじが丘・西諫早ニュータウン, 諫早・東厚生町藤棚・西諫早ニュータウン；諫早市役所, 東厚生町堂崎町・市役所, 諫早日赤病院市役所・堂崎町, 東厚生町西諫早ニュータウン・市役所, 諫早営業所有喜・唐比・諫早東高前；西諫早ニュータウン, 本野西諫早ニュータウン・西部台, 西陵高校西諫早ニュータウン・西部台, 諫早駅前西諫早駅・堂崎町, 早見西諫早ニュータウン・諫早病院；市役所・川床・有喜港, 中核団地小ヶ倉・竹の下；諫早病院・西諫早ニュータウン, 中核団地西諫早ニュータウン, 早見さつき台・西諫早ニュータウン；諫早病院・市役所, 今村有喜港・川床・市役所；諫早病院・西諫早ニュータウン, 諫早営業所上山・市役所；西諫早ニュータウン, 有喜港西諫早ニュータウン・諫早病院；農高前・小ヶ倉, 諫早営業所小ヶ倉・農高前；諫早病院・西諫早ニュータウン, 諫早営業所有喜・川床・市役所；西諫早ニュータウン, 東厚生町白岩町・金谷町, 県界堂崎町・小長井支所前, 西諫早駅市役所前・堂崎町, 東厚生町青葉台・堂崎町・市役所, 久山台ニュータウン市役所・堂崎町・青葉台"
諫早商高前,長崎県,"諫早・東厚生町つつじが丘・西諫早ニュータウン, 長崎駅前西諫早ニュータウン・つつじが丘, 諫早駅前つつじが丘・西諫早ニュータウン, 諫早・東厚生町藤棚・西諫早ニュータウン；諫早市役所, 東厚生町西部台・真崎・市役所, 東厚生町堂崎町・市役所, 諫早日赤病院市役所・堂崎町, 津水市役所・西部台・真崎, 東厚生町西諫早ニュータウン・市役所, 諫早営業所有喜・唐比・諫早東高前；西諫早ニュータウン, 本野西諫早ニュータウン・西部台, 西陵高校西諫早ニュータウン・西部台, 諫早駅前西諫早駅・堂崎町, 早見西諫早ニュータウン・諫早病院；市役所・川床・有喜港, 中核団地小ヶ倉・竹の下；諫早病院・西諫早ニュータウン, 中核団地西諫早ニュータウン, 早見さつき台・西諫早ニュータウン；諫早病院・市役所, 今村有喜港・川床・市役所；諫早病院・西諫早ニュータウン, 諫早営業所上山・市役所；西諫早ニュータウン, 有喜港西諫早ニュータウン・諫早病院；農高前・小ヶ倉, 諫早営業所小ヶ倉・農高前；諫早病院・西諫早ニュータウン, 諫早営業所有喜・川床・市役所；西諫早ニュータウン, 東厚生町白岩町・金谷町, 県界堂崎町・小長井支所前, 西諫早駅市役所前・堂崎町, 東厚生町青葉台・堂崎町・市役所, 久山台ニュータウン市役所・堂崎町・青葉台"
出津公民館前,長崎自動車（株）,牧野黒崎線
白岩町,長崎県,東厚生町白岩町・金谷町
満永,長崎自動車（株）,"1：長崎駅前-住吉-榎の鼻-満永, 20：中央橋・長崎新地行き, 満永-長与駅, 長崎新地-川平BP-時津・長与・畝刈方面, 北陽台高スクール, 立神-銭座町-北部方面"
御館山,長崎県,"諫早・東厚生町つつじが丘・西諫早ニュータウン, 長崎駅前西諫早ニュータウン・つつじが丘, 諫早駅前つつじが丘・西諫早ニュータウン, 諫早・東厚生町藤棚・西諫早ニュータウン；諫早市役所, 東厚生町西部台・真崎・市役所, 東厚生町堂崎町・市役所, 諫早日赤病院市役所・堂崎町, 津水市役所・西部台・真崎, 東厚生町西諫早ニュータウン・市役所, 諫早営業所有喜・唐比・諫早東高前；西諫早ニュータウン, 本野西諫早ニュータウン・西部台, 西陵高校西諫早ニュータウン・西部台, 諫早駅前西諫早駅・堂崎町, 早見西諫早ニュータウン・諫早病院；市役所・川床・有喜港, 中核団地小ヶ倉・竹の下；諫早病院・西諫早ニュータウン, 中核団地西諫早ニュータウン, 早見さつき台・西諫早ニュータウン；諫早病院・市役所, 今村有喜港・川床・市役所；諫早病院・西諫早ニュータウン, 諫早営業所上山・市役所；西諫早ニュータウン, 有喜港西諫早ニュータウン・諫早病院；農高前・小ヶ倉, 諫早営業所小ヶ倉・農高前；諫早病院・西諫早ニュータウン, 諫早営業所有喜・川床・市役所；西諫早ニュータウン, 東厚生町白岩町・金谷町, 県界堂崎町・小長井支所前, 西諫早駅市役所前・堂崎町, 東厚生町青葉台・堂崎町・市役所, 久山台ニュータウン市役所・堂崎町・青葉台"
天満町,長崎県,"長崎駅前競技場北口・藤棚, 諫早・東厚生町藤棚・競技場北口, 諫早・東厚生町つつじが丘・西諫早ニュータウン, 長崎駅前西諫早ニュータウン・つつじが丘, 諫早・東厚生町藤棚・西諫早ニュータウン；諫早市役所, 諫早営業所有喜・唐比・諫早東高前；西諫早ニュータウン, 唐比車庫諫早東高前, 唐比車庫慶師野, 城の下, 諫早駅前, 国立少年自然の家, 富川棚掛, 不知火橋, 諫早・東厚生町三本松・競技場北口, 諫早日赤病院競技場北口, みさかえの園競技場北口, 小長井支所前, 県界競技場北口, 飯盛団地競技場北口・平山・江の浦, 東厚生町江の浦・平山・競技場北口, 川口, 中核団地小ヶ倉・竹の下；諫早病院・西諫早ニュータウン, 中核団地西諫早ニュータウン, 東厚生町棚掛, 夫婦木市役所・農高前, 有喜港西諫早ニュータウン・諫早病院；農高前・小ヶ倉, 諫早営業所小ヶ倉・農高前；諫早病院・西諫早ニュータウン, 西陵高校諫早東高前・競技場北口, 10消防学校前, 11東厚生町, 上後古場農高前・栗面・土師野尾, 県界堂崎町・小長井支所前, 西川内競技場北口・青葉台；シーサイド・喜々津団地, 東厚生町喜々津シーサイド；青葉台・競技場北口, 諫早・東厚生町つつじが丘・競技場北口；諫早市役所, 戸石競技場北口・久山台・花ノ木, 東厚生町花ノ木・久山台・競技場北口"
天満町,島原鉄道（株）,"口之津〜小浜〜諫早行, 有家〜小浜・小浜高〜諫早行, 島原〜多比良〜諫早行, 小浜〜諫早行"
先網代,長崎県,"5松山精神医療センター；長崎医療センター, 5今村長崎医療センター；精神医療センター, 玖島中学校, 今村"
福田町,長崎県,"城の下, 諫早駅前, 国立少年自然の家, 不知火橋, 諫早日赤病院競技場北口, みさかえの園競技場北口, 小長井支所前, 県界競技場北口, 中核団地西諫早ニュータウン, 県界堂崎町・小長井支所前"
岩本,長崎県,"諫早駅前大草駅前・競技場北口, 大浦大草駅前"
下川内（多良見）,長崎県,"諫早駅前大草駅前・競技場北口, 大浦大草駅前"
上川内,長崎県,"諫早駅前大草駅前・競技場北口, 大浦大草駅前"
幸仏,長崎県,"諫早駅前大草駅前・競技場北口, 大浦大草駅前"
津水,長崎県,"東厚生町西部台・真崎・市役所, 津水市役所・西部台・真崎, 東厚生町白岩町・金谷町"
野副（多良見）,長崎県,"諫早駅前大草駅前・競技場北口, 大浦競技場北口・大草駅前, 大浦大草駅前, 東園大草駅前"
西溝陸,長崎県,"早見さつき台・西諫早ニュータウン；諫早病院・市役所, 今村有喜港・川床・市役所；諫早病院・西諫早ニュータウン, 5松山精神医療センター；長崎医療センター, 5今村長崎医療センター；精神医療センター, 玖島中学校, 今村"
公民館前（多良見）,長崎県,"諫早駅前大草駅前・競技場北口, 大浦大草駅前"
泉町,長崎県,"諫早駅前東厚生町・金谷町, 東厚生町白岩町・金谷町"
上黒崎,長崎自動車（株）,牧野黒崎線
城見町,長崎県,"長崎駅前競技場北口・藤棚, 諫早・東厚生町藤棚・競技場北口, 諫早・東厚生町つつじが丘・西諫早ニュータウン, 長崎駅前西諫早ニュータウン・つつじが丘, 諫早・東厚生町藤棚・西諫早ニュータウン；諫早市役所, 諫早営業所有喜・唐比・諫早東高前；西諫早ニュータウン, 唐比車庫諫早東高前, 唐比車庫慶師野, 城の下, 諫早駅前, 国立少年自然の家, 富川棚掛, 不知火橋, 諫早・東厚生町三本松・競技場北口, 諫早日赤病院競技場北口, みさかえの園競技場北口, 小長井支所前, 県界競技場北口, 飯盛団地競技場北口・平山・江の浦, 東厚生町江の浦・平山・競技場北口, 川口, 中核団地小ヶ倉・竹の下；諫早病院・西諫早ニュータウン, 中核団地西諫早ニュータウン, 東厚生町棚掛, 夫婦木市役所・農高前, 有喜港西諫早ニュータウン・諫早病院；農高前・小ヶ倉, 諫早営業所小ヶ倉・農高前；諫早病院・西諫早ニュータウン, 西陵高校諫早東高前・競技場北口, 10消防学校前, 11東厚生町, 上後古場農高前・栗面・土師野尾, 県界堂崎町・小長井支所前, 西川内競技場北口・青葉台；シーサイド・喜々津団地, 東厚生町喜々津シーサイド；青葉台・競技場北口, 諫早・東厚生町つつじが丘・競技場北口；諫早市役所, 戸石競技場北口・久山台・花ノ木, 東厚生町花ノ木・久山台・競技場北口"
天満公園,長崎県,"東厚生町西部台・真崎・市役所, 東厚生町堂崎町・市役所, 諫早日赤病院市役所・堂崎町, 津水市役所・西部台・真崎, 東厚生町西諫早ニュータウン・市役所, 諫早駅前上山・市役所, 柳原市役所・上山, 早見西諫早ニュータウン・諫早病院；市役所・川床・有喜港, 早見さつき台・西諫早ニュータウン；諫早病院・市役所, 今村有喜港・川床・市役所；諫早病院・西諫早ニュータウン, 諫早営業所上山・市役所；西諫早ニュータウン, 諫早営業所有喜・川床・市役所；西諫早ニュータウン, 西諫早駅市役所前・堂崎町, 東厚生町青葉台・堂崎町・市役所, 久山台ニュータウン市役所・堂崎町・青葉台"
中山集会所前,長崎自動車（株）,"1：長崎駅前-住吉-時津・溝川, 1：青雲学園前・中山ダム行き, 20：中央橋・長崎新地行き"
天満公園前,島原鉄道（株）,"島原〜雲仙〜小浜〜諫早行, 島原〜多比良〜諫早行, 小浜〜諫早行"
竹の下,長崎県,"長崎駅前競技場北口・藤棚, 諫早・東厚生町藤棚・競技場北口, 諫早・東厚生町つつじが丘・西諫早ニュータウン, 長崎駅前西諫早ニュータウン・つつじが丘, 諫早営業所有喜・唐比・諫早東高前；西諫早ニュータウン, 唐比車庫諫早東高前, 唐比車庫慶師野, 城の下, 諫早駅前, 国立少年自然の家, 富川棚掛, 不知火橋, 諫早・東厚生町三本松・競技場北口, 諫早日赤病院競技場北口, みさかえの園競技場北口, 小長井支所前, 県界競技場北口, 飯盛団地競技場北口・平山・江の浦, 東厚生町江の浦・平山・競技場北口, 川口, 中核団地小ヶ倉・竹の下；諫早病院・西諫早ニュータウン, 中核団地西諫早ニュータウン, 東厚生町棚掛, 有喜港西諫早ニュータウン・諫早病院；農高前・小ヶ倉, 諫早営業所小ヶ倉・農高前；諫早病院・西諫早ニュータウン, 西陵高校諫早東高前・競技場北口, 10消防学校前, 11東厚生町, 上後古場農高前・栗面・土師野尾, 県界堂崎町・小長井支所前, 西川内競技場北口・青葉台；シーサイド・喜々津団地, 東厚生町喜々津シーサイド；青葉台・競技場北口, 戸石競技場北口・久山台・花ノ木, 東厚生町花ノ木・久山台・競技場北口"
竹ノ下,島原鉄道（株）,"口之津〜小浜〜諫早行, 有家〜小浜・小浜高〜諫早行, 島原〜多比良〜諫早行, 小浜〜諫早行"
総合公園,長崎自動車（株）,"1：長崎駅前-住吉-榎の鼻-満永, 20：中央橋・長崎新地行き, 満永-長与駅, 長崎新地-川平BP-時津・長与・畝刈方面, 北陽台高スクール, 立神-銭座町-北部方面"
日並,長崎自動車（株）,"1：長崎駅前-住吉-西海-三重・大串, 1：長崎駅前-住吉-時津・溝川, 1：青雲学園前・中山ダム行き, 20：中央橋・長崎新地行き, 琴海尾戸線：自証寺前-長浦-形上-小口港, 時津-長与線, 長崎新地-川平BP-時津・長与・畝刈方面, 長崎新地-川平BP-時津方面, 長商高スクール, 北高スクール, 北陽台高スクール, 明誠高スクール, 立神-銭座町-北部方面"
日並,さいかい交通（株）・長崎自動車（株）,20：大波止・中央橋・長崎新地行き［長崎バス・さいかい交通］
外海中学校前,長崎自動車（株）,牧野黒崎線
さつき台団地,長崎県,"早見さつき台・西諫早ニュータウン；諫早病院・市役所, 今村有喜港・川床・市役所；諫早病院・西諫早ニュータウン"
真崎小学校前,長崎県,"東厚生町堂崎町・市役所, 諫早日赤病院市役所・堂崎町, 諫早駅前西諫早駅・堂崎町, 県界堂崎町・小長井支所前, 西諫早駅市役所前・堂崎町, 東厚生町青葉台・堂崎町・市役所, 久山台ニュータウン市役所・堂崎町・青葉台"
大草出張所前,長崎県,"諫早駅前大草駅前・競技場北口, 大浦競技場北口・大草駅前, 大浦大草駅前, 東園大草駅前"
砥石崎,長崎自動車（株）,1：長崎駅前-住吉-滑石-桜の里方面
砥石崎,さいかい交通（株）・長崎自動車（株）,20：大波止・中央橋・長崎新地行き［長崎バス・さいかい交通］
重尾,長崎県,"諫早駅前大草駅前・競技場北口, 大浦大草駅前"
諫早公園前,島原鉄道（株）,"島原〜雲仙〜小浜〜諫早行, 島原〜多比良〜諫早行, 小浜〜諫早行"
諫早公園,長崎県,"東厚生町西部台・真崎・市役所, 東厚生町堂崎町・市役所, 諫早日赤病院市役所・堂崎町, 津水市役所・西部台・真崎, 東厚生町西諫早ニュータウン・市役所, 諫早駅前上山・市役所, 柳原市役所・上山, 早見西諫早ニュータウン・諫早病院；市役所・川床・有喜港, 早見さつき台・西諫早ニュータウン；諫早病院・市役所, 今村有喜港・川床・市役所；諫早病院・西諫早ニュータウン, 諫早営業所上山・市役所；西諫早ニュータウン, 諫早営業所有喜・川床・市役所；西諫早ニュータウン, 西諫早駅市役所前・堂崎町, 東厚生町青葉台・堂崎町・市役所, 久山台ニュータウン市役所・堂崎町・青葉台"
地区センター前,長崎県,"諫早・東厚生町つつじが丘・西諫早ニュータウン, 長崎駅前西諫早ニュータウン・つつじが丘, 諫早駅前つつじが丘・西諫早ニュータウン, 諫早・東厚生町藤棚・西諫早ニュータウン；諫早市役所, 東厚生町堂崎町・市役所, 諫早日赤病院市役所・堂崎町, 東厚生町西諫早ニュータウン・市役所, 諫早営業所有喜・唐比・諫早東高前；西諫早ニュータウン, 本野西諫早ニュータウン・西部台, 西陵高校西諫早ニュータウン・西部台, 諫早駅前西諫早駅・堂崎町, 早見西諫早ニュータウン・諫早病院；市役所・川床・有喜港, 中核団地小ヶ倉・竹の下；諫早病院・西諫早ニュータウン, 中核団地西諫早ニュータウン, 早見さつき台・西諫早ニュータウン；諫早病院・市役所, 今村有喜港・川床・市役所；諫早病院・西諫早ニュータウン, 諫早営業所上山・市役所；西諫早ニュータウン, 有喜港西諫早ニュータウン・諫早病院；農高前・小ヶ倉, 諫早営業所小ヶ倉・農高前；諫早病院・西諫早ニュータウン, 諫早営業所有喜・川床・市役所；西諫早ニュータウン, 県界堂崎町・小長井支所前, 西諫早駅市役所前・堂崎町, 東厚生町青葉台・堂崎町・市役所, 久山台ニュータウン市役所・堂崎町・青葉台"
真崎（多良見）,長崎県,"諫早駅前大草駅前・競技場北口, 大浦競技場北口・大草駅前"
あんねい橋,長崎自動車（株）,1：長崎駅前-住吉-滑石-桜の里方面
あんねい橋,さいかい交通（株）・長崎自動車（株）,20：大波止・中央橋・長崎新地行き［長崎バス・さいかい交通］
干拓の里前,長崎県,諫早駅前東厚生町・金谷町
新開北,長崎自動車（株）,"1：長崎駅前-住吉-西海-三重・大串, 1：長崎駅前-住吉-時津・溝川, 1：青雲学園前・中山ダム行き, 20：中央橋・長崎新地行き, 琴海尾戸線：自証寺前-長浦-形上-小口港, 時津-長与線, 長崎新地-川平BP-時津・長与・畝刈方面, 長崎新地-川平BP-時津方面, 長商高スクール, 北高スクール, 北陽台高スクール, 明誠高スクール, 立神-銭座町-北部方面"
新開北,さいかい交通（株）・長崎自動車（株）,20：大波止・中央橋・長崎新地行き［長崎バス・さいかい交通］
のぞみ会館入口,長崎県,"諫早駅前大草駅前・競技場北口, 大浦競技場北口・大草駅前"
東園,長崎県,"諫早駅前大草駅前・競技場北口, 大浦競技場北口・大草駅前, 大浦大草駅前, 東園大草駅前"
中和田,長崎自動車（株）,"1：長崎駅前-住吉-榎の鼻-満永, 20：中央橋・長崎新地行き, 満永-長与駅, 長崎新地-川平BP-時津・長与・畝刈方面, 北陽台高スクール, 立神-銭座町-北部方面"
守山,島原鉄道（株）,島原〜多比良〜諫早行
火ノ首,長崎自動車（株）,"1：長崎駅前-住吉-時津・溝川, 1：青雲学園前・中山ダム行き, 20：中央橋・長崎新地行き"
御館山公園口,長崎県,"長崎駅前競技場北口・藤棚, 諫早・東厚生町藤棚・競技場北口, 久山台ニュータウン競技場北口・青葉台, 諫早・東厚生町三本松・競技場北口, 諫早日赤病院競技場北口, みさかえの園競技場北口, 県界競技場北口, 飯盛団地競技場北口・平山・江の浦, 東厚生町江の浦・平山・競技場北口, 西陵高校諫早東高前・競技場北口, 諫早駅前大草駅前・競技場北口, 大浦競技場北口・大草駅前, 諫早駅前競技場北口, 諫早駅前青葉台・競技場北口, 西川内競技場北口・青葉台；シーサイド・喜々津団地, 東厚生町喜々津シーサイド；青葉台・競技場北口, 中核団地八幡神社前・金谷町；競技場北口, 諫早・東厚生町つつじが丘・競技場北口；諫早市役所, 戸石競技場北口・久山台・花ノ木, 東厚生町花ノ木・久山台・競技場北口"
中の島公園前,長崎自動車（株）,"1：長崎駅前-住吉-時津・溝川, 1：青雲学園前・中山ダム行き, 20：中央橋・長崎新地行き"
夕日ケ丘,長崎県,"東厚生町堂崎町・市役所, 諫早日赤病院市役所・堂崎町, 諫早駅前西諫早駅・堂崎町, 県界堂崎町・小長井支所前, 西諫早駅市役所前・堂崎町, 東厚生町青葉台・堂崎町・市役所, 久山台ニュータウン市役所・堂崎町・青葉台"
市役所前（諫早）,長崎県,"諫早・東厚生町藤棚・西諫早ニュータウン；諫早市役所, 東厚生町西部台・真崎・市役所, 東厚生町堂崎町・市役所, 諫早日赤病院市役所・堂崎町, 津水市役所・西部台・真崎, 東厚生町西諫早ニュータウン・市役所, 諫早駅前上山・市役所, 柳原市役所・上山, 早見西諫早ニュータウン・諫早病院；市役所・川床・有喜港, 早見さつき台・西諫早ニュータウン；諫早病院・市役所, 今村有喜港・川床・市役所；諫早病院・西諫早ニュータウン, 諫早営業所上山・市役所；西諫早ニュータウン, 夫婦木市役所・農高前, 諫早営業所有喜・川床・市役所；西諫早ニュータウン, 西諫早駅市役所前・堂崎町, 東厚生町青葉台・堂崎町・市役所, 久山台ニュータウン市役所・堂崎町・青葉台, 諫早・東厚生町つつじが丘・競技場北口；諫早市役所"
出津,長崎自動車（株）,"1：長崎駅前-住吉-滑石-桜の里方面, 牧野黒崎線"
出津,さいかい交通（株）・長崎自動車（株）,20：大波止・中央橋・長崎新地行き［長崎バス・さいかい交通］
市役所前,島原鉄道（株）,"島原〜雲仙〜小浜〜諫早行, 島原〜多比良〜諫早行, 小浜〜諫早行"
時津新開,長崎自動車（株）,"1：長崎駅前-住吉-西海-三重・大串, 1：長崎駅前-住吉-時津・溝川, 1：青雲学園前・中山ダム行き, 20：中央橋・長崎新地行き, 琴海尾戸線：自証寺前-長浦-形上-小口港, 時津-長与線, 長崎新地-川平BP-時津・長与・畝刈方面, 長崎新地-川平BP-時津方面, 長商高スクール, 北高スクール, 北陽台高スクール, 明誠高スクール, 立神-銭座町-北部方面"
時津新開,さいかい交通（株）・長崎自動車（株）,20：大波止・中央橋・長崎新地行き［長崎バス・さいかい交通］
大三東駅前,島原鉄道（株）,"島原〜多比良〜諫早行, 加津佐海水浴場前〜島原行"
諫早局前,長崎県,"長崎駅前競技場北口・藤棚, 諫早・東厚生町藤棚・競技場北口, 諫早・東厚生町つつじが丘・西諫早ニュータウン, 長崎駅前西諫早ニュータウン・つつじが丘, 諫早営業所有喜・唐比・諫早東高前；西諫早ニュータウン, 唐比車庫諫早東高前, 唐比車庫慶師野, 諫早駅前, 富川棚掛, 諫早駅前東厚生町・金谷町, 諫早・東厚生町三本松・競技場北口, 飯盛団地競技場北口・平山・江の浦, 東厚生町江の浦・平山・競技場北口, 川口, 中核団地小ヶ倉・竹の下；諫早病院・西諫早ニュータウン, 東厚生町棚掛, 有喜港西諫早ニュータウン・諫早病院；農高前・小ヶ倉, 諫早営業所小ヶ倉・農高前；諫早病院・西諫早ニュータウン, 西陵高校諫早東高前・競技場北口, 10消防学校前, 11東厚生町, 上後古場農高前・栗面・土師野尾, 東厚生町白岩町・金谷町, 西川内競技場北口・青葉台；シーサイド・喜々津団地, 東厚生町喜々津シーサイド；青葉台・競技場北口, 戸石競技場北口・久山台・花ノ木, 東厚生町花ノ木・久山台・競技場北口"
諫早局前,島原鉄道（株）,"口之津〜小浜〜諫早行, 有家〜小浜・小浜高〜諫早行, 島原〜多比良〜諫早行, 小浜〜諫早行"
小野島,長崎県,諫早駅前東厚生町・金谷町
小野島,島原鉄道（株）,"島原〜多比良〜諫早行, 小浜〜諫早行"
体育館前（諫早）,長崎県,"諫早駅前上山・市役所, 柳原市役所・上山, 諫早営業所上山・市役所；西諫早ニュータウン"
堂崎町,長崎県,"東厚生町堂崎町・市役所, 諫早日赤病院市役所・堂崎町, 諫早駅前西諫早駅・堂崎町, 県界堂崎町・小長井支所前, 西諫早駅市役所前・堂崎町, 東厚生町青葉台・堂崎町・市役所, 久山台ニュータウン市役所・堂崎町・青葉台"
西の浦,長崎県,"諫早駅前大草駅前・競技場北口, 大浦競技場北口・大草駅前"
時津北保育園前,長崎自動車（株）,"1：長崎駅前-住吉-時津・溝川, 1：青雲学園前・中山ダム行き, 20：中央橋・長崎新地行き"
上黒崎公民館前,長崎自動車（株）,牧野黒崎線
歴史民俗資料館,長崎自動車（株）,牧野黒崎線
つくも橋,長崎自動車（株）,"1：長崎駅前-住吉-西海-三重・大串, 20：中央橋・長崎新地行き, 明誠高スクール"
琴の尾登口,長崎自動車（株）,"1：長崎駅前-住吉-榎の鼻-琴の尾登口, 20：中央橋・長崎新地行き"
教会霊園前,長崎自動車（株）,"1：長崎駅前-住吉-滑石-桜の里方面, 牧野黒崎線"
教会霊園前,さいかい交通（株）・長崎自動車（株）,20：大波止・中央橋・長崎新地行き［長崎バス・さいかい交通］
小崎（多良見）,長崎県,"諫早駅前大草駅前・競技場北口, 大浦競技場北口・大草駅前"
浜崎,長崎自動車（株）,"1：長崎駅前-住吉-榎の鼻-満永, 20：中央橋・長崎新地行き, 満永-長与駅, 長崎新地-川平BP-時津・長与・畝刈方面, 北陽台高スクール, 立神-銭座町-北部方面"
高平,長崎自動車（株）,"1：長崎駅前-住吉-滑石-桜の里方面, 牧野黒崎線"
高平,さいかい交通（株）・長崎自動車（株）,20：大波止・中央橋・長崎新地行き［長崎バス・さいかい交通］
出津文化村,長崎自動車（株）,"1：長崎駅前-住吉-滑石-桜の里方面, 牧野黒崎線"
出津文化村,さいかい交通（株）・長崎自動車（株）,20：大波止・中央橋・長崎新地行き［長崎バス・さいかい交通］
本諫早駅前,長崎県,"諫早・東厚生町藤棚・西諫早ニュータウン；諫早市役所, 東厚生町西部台・真崎・市役所, 東厚生町堂崎町・市役所, 諫早日赤病院市役所・堂崎町, 津水市役所・西部台・真崎, 東厚生町西諫早ニュータウン・市役所, 早見西諫早ニュータウン・諫早病院；市役所・川床・有喜港, 早見さつき台・西諫早ニュータウン；諫早病院・市役所, 今村有喜港・川床・市役所；諫早病院・西諫早ニュータウン, 夫婦木市役所・農高前, 諫早営業所有喜・川床・市役所；西諫早ニュータウン, 西諫早駅市役所前・堂崎町, 東厚生町青葉台・堂崎町・市役所, 久山台ニュータウン市役所・堂崎町・青葉台, 諫早・東厚生町つつじが丘・競技場北口；諫早市役所"
本諫早駅前,島原鉄道（株）,"島原〜本諫早〜長崎空港線, 島原〜雲仙〜小浜〜諫早行, 島原〜多比良〜諫早行, 小浜〜諫早行"
諫早営業所,長崎県,"諫早営業所有喜・唐比・諫早東高前；西諫早ニュータウン, みさかえの園競技場北口, 早見西諫早ニュータウン・諫早病院；市役所・川床・有喜港, 早見さつき台・西諫早ニュータウン；諫早病院・市役所, 今村有喜港・川床・市役所；諫早病院・西諫早ニュータウン, 諫早営業所上山・市役所；西諫早ニュータウン, 有喜港西諫早ニュータウン・諫早病院；農高前・小ヶ倉, 諫早営業所小ヶ倉・農高前；諫早病院・西諫早ニュータウン, 諫早営業所有喜・川床・市役所；西諫早ニュータウン"
昭和通,長崎県,"長崎駅前競技場北口・藤棚, 諫早・東厚生町藤棚・競技場北口, 諫早・東厚生町つつじが丘・西諫早ニュータウン, 長崎駅前西諫早ニュータウン・つつじが丘, 諫早・東厚生町藤棚・西諫早ニュータウン；諫早市役所, 東厚生町西部台・真崎・市役所, 東厚生町堂崎町・市役所, 諫早日赤病院市役所・堂崎町, 津水市役所・西部台・真崎, 東厚生町西諫早ニュータウン・市役所, 西陵高校農高前, 諫早営業所有喜・唐比・諫早東高前；西諫早ニュータウン, 唐比車庫諫早東高前, 唐比車庫慶師野, 諫早駅前, 富川棚掛, 諫早駅前東厚生町・金谷町, 諫早・東厚生町三本松・競技場北口, 飯盛団地競技場北口・平山・江の浦, 東厚生町江の浦・平山・競技場北口, 川口, 早見西諫早ニュータウン・諫早病院；市役所・川床・有喜港, 東厚生町棚掛, 早見さつき台・西諫早ニュータウン；諫早病院・市役所, 今村有喜港・川床・市役所；諫早病院・西諫早ニュータウン, 西陵高校諫早東高前・競技場北口, 10消防学校前, 11東厚生町, 諫早営業所有喜・川床・市役所；西諫早ニュータウン, 東厚生町白岩町・金谷町, 東厚生町農高前, 西諫早駅市役所前・堂崎町, 東厚生町青葉台・堂崎町・市役所, 久山台ニュータウン市役所・堂崎町・青葉台, 西川内競技場北口・青葉台；シーサイド・喜々津団地, 東厚生町喜々津シーサイド；青葉台・競技場北口, 諫早・東厚生町つつじが丘・競技場北口；諫早市役所, 戸石競技場北口・久山台・花ノ木, 東厚生町花ノ木・久山台・競技場北口"
昭和通り,島原鉄道（株）,"島原〜雲仙〜小浜〜諫早行, 口之津〜小浜〜諫早行, 有家〜小浜・小浜高〜諫早行, 島原〜多比良〜諫早行, 小浜〜諫早行"
西諫早駅通,長崎県,"諫早・東厚生町つつじが丘・西諫早ニュータウン, 長崎駅前西諫早ニュータウン・つつじが丘, 諫早駅前つつじが丘・西諫早ニュータウン, 諫早・東厚生町藤棚・西諫早ニュータウン；諫早市役所, 東厚生町堂崎町・市役所, 諫早日赤病院市役所・堂崎町, 東厚生町西諫早ニュータウン・市役所, 諫早営業所有喜・唐比・諫早東高前；西諫早ニュータウン, 本野西諫早ニュータウン・西部台, 西陵高校西諫早ニュータウン・西部台, 諫早駅前西諫早駅・堂崎町, 早見西諫早ニュータウン・諫早病院；市役所・川床・有喜港, 中核団地小ヶ倉・竹の下；諫早病院・西諫早ニュータウン, 中核団地西諫早ニュータウン, 早見さつき台・西諫早ニュータウン；諫早病院・市役所, 今村有喜港・川床・市役所；諫早病院・西諫早ニュータウン, 諫早営業所上山・市役所；西諫早ニュータウン, 有喜港西諫早ニュータウン・諫早病院；農高前・小ヶ倉, 諫早営業所小ヶ倉・農高前；諫早病院・西諫早ニュータウン, 諫早営業所有喜・川床・市役所；西諫早ニュータウン, 県界堂崎町・小長井支所前, 西諫早駅市役所前・堂崎町, 東厚生町青葉台・堂崎町・市役所, 久山台ニュータウン市役所・堂崎町・青葉台"
競技場北口,長崎県,"長崎駅前競技場北口・藤棚, 諫早・東厚生町藤棚・競技場北口, 久山台ニュータウン競技場北口・青葉台, 諫早・東厚生町三本松・競技場北口, 諫早日赤病院競技場北口, みさかえの園競技場北口, 県界競技場北口, 飯盛団地競技場北口・平山・江の浦, 東厚生町江の浦・平山・競技場北口, 西陵高校諫早東高前・競技場北口, 諫早駅前大草駅前・競技場北口, 大浦競技場北口・大草駅前, 諫早駅前競技場北口, 諫早駅前青葉台・競技場北口, 西川内競技場北口・青葉台；シーサイド・喜々津団地, 東厚生町喜々津シーサイド；青葉台・競技場北口, 中核団地八幡神社前・金谷町；競技場北口, 諫早・東厚生町つつじが丘・競技場北口；諫早市役所, 戸石競技場北口・久山台・花ノ木, 東厚生町花ノ木・久山台・競技場北口"
喜々津シーサイド,長崎県,"長崎駅前つつじが丘・イオン東長崎, 喜々津シーサイドイオン東長崎・つつじが丘, 西川内競技場北口・青葉台；シーサイド・喜々津団地, 東厚生町喜々津シーサイド；青葉台・競技場北口, 中核団地喜々津駅前・久山台"
ポリテクセンター長崎前,長崎県,"長崎駅前競技場北口・藤棚, 諫早・東厚生町藤棚・競技場北口, 久山台ニュータウン競技場北口・青葉台, 西陵高校農高前, 諫早日赤病院競技場北口, みさかえの園競技場北口, 県界競技場北口, 西陵高校, 西陵高校諫早東高前・競技場北口, 諫早駅前大草駅前・競技場北口, 大浦競技場北口・大草駅前, 諫早駅前競技場北口, 諫早駅前青葉台・競技場北口, 西川内競技場北口・青葉台；シーサイド・喜々津団地, 東厚生町喜々津シーサイド；青葉台・競技場北口, 中核団地八幡神社前・金谷町；競技場北口, 諫早・東厚生町つつじが丘・競技場北口；諫早市役所, 戸石競技場北口・久山台・花ノ木, 東厚生町花ノ木・久山台・競技場北口"
栄町,長崎県,"西陵高校農高前, 中核団地小ヶ倉・竹の下；諫早病院・西諫早ニュータウン, 夫婦木市役所・農高前, 有喜港西諫早ニュータウン・諫早病院；農高前・小ヶ倉, 諫早営業所小ヶ倉・農高前；諫早病院・西諫早ニュータウン, 上後古場農高前・栗面・土師野尾, 東厚生町農高前"
二丁田,島原鉄道（株）,"島原〜多比良〜諫早行, 小浜〜諫早行"
河内,長崎自動車（株）,"1：長崎駅前-住吉-滑石-桜の里方面, 牧野黒崎線"
河内,さいかい交通（株）・長崎自動車（株）,20：大波止・中央橋・長崎新地行き［長崎バス・さいかい交通］
高峰,長崎県,"長崎駅前競技場北口・藤棚, 諫早・東厚生町藤棚・競技場北口, 久山台ニュータウン競技場北口・青葉台, 西陵高校農高前, 諫早日赤病院競技場北口, みさかえの園競技場北口, 県界競技場北口, 西陵高校, 西陵高校諫早東高前・競技場北口, 諫早駅前大草駅前・競技場北口, 大浦競技場北口・大草駅前, 諫早駅前競技場北口, 愛津, 東厚生町農高前, 諫早駅前青葉台・競技場北口, 西川内競技場北口・青葉台；シーサイド・喜々津団地, 東厚生町喜々津シーサイド；青葉台・競技場北口, 中核団地八幡神社前・金谷町；競技場北口, 諫早・東厚生町つつじが丘・競技場北口；諫早市役所, 戸石競技場北口・久山台・花ノ木, 東厚生町花ノ木・久山台・競技場北口"
東川向町,長崎県,諫早駅前東厚生町・金谷町
東川向,島原鉄道（株）,"島原〜多比良〜諫早行, 小浜〜諫早行"
七工区中央,長崎自動車（株）,"1：長崎駅前-住吉-時津・溝川, 20：中央橋・長崎新地行き, 上横尾-溝川-長与ニュータウン線, 北陽台高スクール"
日大高校前,長崎県,"諫早・東厚生町つつじが丘・西諫早ニュータウン, 長崎駅前西諫早ニュータウン・つつじが丘, 諫早駅前つつじが丘・西諫早ニュータウン, 諫早・東厚生町藤棚・西諫早ニュータウン；諫早市役所, 東厚生町堂崎町・市役所, 諫早日赤病院市役所・堂崎町, 東厚生町西諫早ニュータウン・市役所, 諫早営業所有喜・唐比・諫早東高前；西諫早ニュータウン, 本野西諫早ニュータウン・西部台, 西陵高校西諫早ニュータウン・西部台, みさかえの園競技場北口, 諫早駅前西諫早駅・堂崎町, 早見西諫早ニュータウン・諫早病院；市役所・川床・有喜港, 中核団地小ヶ倉・竹の下；諫早病院・西諫早ニュータウン, 中核団地西諫早ニュータウン, 早見さつき台・西諫早ニュータウン；諫早病院・市役所, 今村有喜港・川床・市役所；諫早病院・西諫早ニュータウン, 諫早営業所上山・市役所；西諫早ニュータウン, 有喜港西諫早ニュータウン・諫早病院；農高前・小ヶ倉, 諫早営業所小ヶ倉・農高前；諫早病院・西諫早ニュータウン, 諫早営業所有喜・川床・市役所；西諫早ニュータウン, 東厚生町青葉台・堂崎町・市役所, 久山台ニュータウン市役所・堂崎町・青葉台"
西諫早駅,長崎県,"東厚生町堂崎町・市役所, 諫早駅前西諫早駅・堂崎町, 中核団地小ヶ倉・竹の下；諫早病院・西諫早ニュータウン, 県界堂崎町・小長井支所前, 西諫早駅市役所前・堂崎町, 久山台ニュータウン市役所・堂崎町・青葉台"
大迫,長崎県,"諫早駅前大草駅前・競技場北口, 大浦競技場北口・大草駅前"
仏松,長崎自動車（株）,"1：長崎駅前-住吉-榎の鼻-琴の尾登口, 20：中央橋・長崎新地行き"
先久留里,長崎自動車（株）,"1：長崎駅前-住吉-西海-三重・大串, 1：長崎駅前-住吉-時津・溝川, 1：青雲学園前・中山ダム行き, 20：中央橋・長崎新地行き, 琴海尾戸線：自証寺前-長浦-形上-小口港, 時津-長与線, 長崎新地-川平BP-時津・長与・畝刈方面, 長崎新地-川平BP-時津方面, 長商高スクール, 北高スクール, 北陽台高スクール, 明誠高スクール, 立神-銭座町-北部方面"
先久留里,さいかい交通（株）・長崎自動車（株）,20：大波止・中央橋・長崎新地行き［長崎バス・さいかい交通］
吾妻駅前,島原鉄道（株）,島原〜多比良〜諫早行
警察署前,長崎県,"西陵高校農高前, 西陵高校, 愛津, 東厚生町農高前"
半田,島原鉄道（株）,"島原〜多比良〜諫早行, 加津佐海水浴場前〜島原行"
上山小学校前,長崎県,"諫早駅前上山・市役所, 柳原市役所・上山, 諫早営業所上山・市役所；西諫早ニュータウン"
上野町,長崎県,"西陵高校農高前, 中核団地小ヶ倉・竹の下；諫早病院・西諫早ニュータウン, 夫婦木市役所・農高前, 有喜港西諫早ニュータウン・諫早病院；農高前・小ヶ倉, 諫早営業所小ヶ倉・農高前；諫早病院・西諫早ニュータウン, 上後古場農高前・栗面・土師野尾, 東厚生町農高前"
厚生町,長崎県,"長崎駅前競技場北口・藤棚, 諫早・東厚生町藤棚・競技場北口, 諫早・東厚生町つつじが丘・西諫早ニュータウン, 長崎駅前西諫早ニュータウン・つつじが丘, 諫早・東厚生町藤棚・西諫早ニュータウン；諫早市役所, 東厚生町西部台・真崎・市役所, 東厚生町堂崎町・市役所, 諫早日赤病院市役所・堂崎町, 津水市役所・西部台・真崎, 東厚生町西諫早ニュータウン・市役所, 西陵高校農高前, 諫早営業所有喜・唐比・諫早東高前；西諫早ニュータウン, 唐比車庫諫早東高前, 唐比車庫慶師野, 諫早駅前, 富川棚掛, 諫早駅前東厚生町・金谷町, 諫早・東厚生町三本松・競技場北口, 飯盛団地競技場北口・平山・江の浦, 東厚生町江の浦・平山・競技場北口, 川口, 早見西諫早ニュータウン・諫早病院；市役所・川床・有喜港, 東厚生町棚掛, 早見さつき台・西諫早ニュータウン；諫早病院・市役所, 今村有喜港・川床・市役所；諫早病院・西諫早ニュータウン, 西陵高校諫早東高前・競技場北口, 10消防学校前, 11東厚生町, 諫早営業所有喜・川床・市役所；西諫早ニュータウン, 東厚生町白岩町・金谷町, 東厚生町農高前, 西諫早駅市役所前・堂崎町, 東厚生町青葉台・堂崎町・市役所, 久山台ニュータウン市役所・堂崎町・青葉台, 西川内競技場北口・青葉台；シーサイド・喜々津団地, 東厚生町喜々津シーサイド；青葉台・競技場北口, 諫早・東厚生町つつじが丘・競技場北口；諫早市役所, 戸石競技場北口・久山台・花ノ木, 東厚生町花ノ木・久山台・競技場北口"
厚生町,島原鉄道（株）,"島原〜雲仙〜小浜〜諫早行, 口之津〜小浜〜諫早行, 有家〜小浜・小浜高〜諫早行, 島原〜多比良〜諫早行, 小浜〜諫早行"
曙町,島原鉄道（株）,"島原〜多比良〜諫早行, 小浜〜諫早行"
黒崎教会前,長崎自動車（株）,"1：長崎駅前-住吉-滑石-桜の里方面, 牧野黒崎線"
黒崎教会前,さいかい交通（株）・長崎自動車（株）,20：大波止・中央橋・長崎新地行き［長崎バス・さいかい交通］
七工区,長崎自動車（株）,"1：長崎駅前-住吉-時津・溝川, 20：中央橋・長崎新地行き, 上横尾-溝川-長与ニュータウン線"
舟津橋,長崎自動車（株）,"1：長崎駅前-住吉-榎の鼻-満永, 20：中央橋・長崎新地行き, 満永-長与駅, 長崎新地-川平BP-時津・長与・畝刈方面, 北陽台高スクール, 立神-銭座町-北部方面"
東小学校前,長崎県,"長崎駅前つつじが丘・イオン東長崎, 喜々津シーサイドイオン東長崎・つつじが丘, 西川内競技場北口・青葉台；シーサイド・喜々津団地, 東厚生町喜々津シーサイド；青葉台・競技場北口, 中核団地喜々津駅前・久山台"
黒崎,長崎県,"諫早営業所有喜・唐比・諫早東高前；西諫早ニュータウン, 唐比車庫諫早東高前, 唐比車庫慶師野, 諫早駅前, 川口, 西陵高校, 西陵高校諫早東高前・競技場北口, 愛津"
黒崎,島原鉄道（株）,"島原〜雲仙〜小浜〜諫早行, 口之津〜小浜〜諫早行, 有家〜小浜・小浜高〜諫早行, 島原〜多比良〜諫早行, 小浜〜諫早行"
長与ダム,長崎自動車（株）,"1：長崎駅前-住吉-榎の鼻-琴の尾登口, 20：中央橋・長崎新地行き"
金堀団地,長崎自動車（株）,"1：長崎駅前-住吉-時津・溝川, 20：中央橋・長崎新地行き, 上横尾-溝川-長与ニュータウン線, 北陽台高スクール"
農林試験場前,長崎県,"長崎駅前競技場北口・藤棚, 諫早・東厚生町藤棚・競技場北口, 久山台ニュータウン競技場北口・青葉台, 西陵高校農高前, 諫早日赤病院競技場北口, みさかえの園競技場北口, 県界競技場北口, 西陵高校, 西陵高校諫早東高前・競技場北口, 諫早駅前大草駅前・競技場北口, 大浦競技場北口・大草駅前, 諫早駅前競技場北口, 愛津, 東厚生町農高前, 諫早駅前青葉台・競技場北口, 西川内競技場北口・青葉台；シーサイド・喜々津団地, 東厚生町喜々津シーサイド；青葉台・競技場北口, 中核団地八幡神社前・金谷町；競技場北口, 諫早・東厚生町つつじが丘・競技場北口；諫早市役所, 戸石競技場北口・久山台・花ノ木, 東厚生町花ノ木・久山台・競技場北口"
東厚生町,長崎県,"長崎駅前競技場北口・藤棚, 諫早・東厚生町藤棚・競技場北口, 諫早・東厚生町つつじが丘・西諫早ニュータウン, 長崎駅前西諫早ニュータウン・つつじが丘, 諫早・東厚生町藤棚・西諫早ニュータウン；諫早市役所, 東厚生町西部台・真崎・市役所, 東厚生町堂崎町・市役所, 諫早日赤病院市役所・堂崎町, 津水市役所・西部台・真崎, 東厚生町西諫早ニュータウン・市役所, 西陵高校農高前, 諫早営業所有喜・唐比・諫早東高前；西諫早ニュータウン, 唐比車庫諫早東高前, 唐比車庫慶師野, 諫早駅前, 富川棚掛, 諫早駅前東厚生町・金谷町, 諫早・東厚生町三本松・競技場北口, 飯盛団地競技場北口・平山・江の浦, 東厚生町江の浦・平山・競技場北口, 川口, 東厚生町棚掛, 西陵高校諫早東高前・競技場北口, 10消防学校前, 11東厚生町, 東厚生町白岩町・金谷町, 東厚生町農高前, 西諫早駅市役所前・堂崎町, 東厚生町青葉台・堂崎町・市役所, 久山台ニュータウン市役所・堂崎町・青葉台, 西川内競技場北口・青葉台；シーサイド・喜々津団地, 東厚生町喜々津シーサイド；青葉台・競技場北口, 諫早・東厚生町つつじが丘・競技場北口；諫早市役所, 戸石競技場北口・久山台・花ノ木, 東厚生町花ノ木・久山台・競技場北口"
飛岡,長崎県,"諫早・東厚生町三本松・競技場北口, 飯盛団地競技場北口・平山・江の浦, 東厚生町江の浦・平山・競技場北口"
川内町,島原鉄道（株）,"島原〜多比良〜諫早行, 小浜〜諫早行"
高尾,長崎自動車（株）,"1：長崎駅前-住吉-滑石-桜の里方面, 牧野黒崎線"
高尾,さいかい交通（株）・長崎自動車（株）,20：大波止・中央橋・長崎新地行き［長崎バス・さいかい交通］
貝津団地入口,長崎県,"長崎駅前競技場北口・藤棚, 諫早・東厚生町藤棚・競技場北口, 諫早・東厚生町つつじが丘・西諫早ニュータウン, 久山台ニュータウン競技場北口・青葉台, 長崎駅前西諫早ニュータウン・つつじが丘, 諫早駅前つつじが丘・西諫早ニュータウン, 諫早・東厚生町藤棚・西諫早ニュータウン；諫早市役所, 東厚生町堂崎町・市役所, 諫早日赤病院市役所・堂崎町, 東厚生町西諫早ニュータウン・市役所, 西陵高校農高前, 本野西諫早ニュータウン・西部台, 西陵高校西諫早ニュータウン・西部台, 諫早日赤病院競技場北口, みさかえの園競技場北口, 諫早駅前西諫早駅・堂崎町, 県界競技場北口, 中核団地小ヶ倉・竹の下；諫早病院・西諫早ニュータウン, 中核団地西諫早ニュータウン, 西陵高校, 西陵高校諫早東高前・競技場北口, 諫早駅前大草駅前・競技場北口, 大浦競技場北口・大草駅前, 諫早駅前競技場北口, 愛津, 東厚生町農高前, 諫早駅前青葉台・競技場北口, 東厚生町青葉台・堂崎町・市役所, 久山台ニュータウン市役所・堂崎町・青葉台, 西川内競技場北口・青葉台；シーサイド・喜々津団地, 東厚生町喜々津シーサイド；青葉台・競技場北口, 中核団地八幡神社前・金谷町；競技場北口, 諫早・東厚生町つつじが丘・競技場北口；諫早市役所, 戸石競技場北口・久山台・花ノ木, 東厚生町花ノ木・久山台・競技場北口"
崎木床,長崎県,"諫早駅前大草駅前・競技場北口, 大浦競技場北口・大草駅前"
諫早インター,長崎県,"長崎空港【リムジン】浦上経由・試験場前, 長崎駅前【リムジン】試験場前・諫早インター；浦上経由"
横島,長崎県,"長崎駅前競技場北口・藤棚, 諫早・東厚生町藤棚・競技場北口, 諫早・東厚生町つつじが丘・西諫早ニュータウン, 長崎駅前西諫早ニュータウン・つつじが丘, 諫早駅前つつじが丘・西諫早ニュータウン, 諫早・東厚生町藤棚・西諫早ニュータウン；諫早市役所, 東厚生町堂崎町・市役所, 諫早日赤病院市役所・堂崎町, 東厚生町西諫早ニュータウン・市役所, 西陵高校農高前, 本野西諫早ニュータウン・西部台, 西陵高校西諫早ニュータウン・西部台, 諫早日赤病院競技場北口, 西陵高校, 西陵高校諫早東高前・競技場北口, 諫早駅前大草駅前・競技場北口, 大浦競技場北口・大草駅前, 諫早駅前競技場北口, 愛津, 東厚生町農高前, 諫早・東厚生町つつじが丘・競技場北口；諫早市役所, 戸石競技場北口・久山台・花ノ木, 東厚生町花ノ木・久山台・競技場北口"
久留里,長崎自動車（株）,"1：長崎駅前-住吉-西海-三重・大串, 1：長崎駅前-住吉-時津・溝川, 1：青雲学園前・中山ダム行き, 20：中央橋・長崎新地行き, 琴海尾戸線：自証寺前-長浦-形上-小口港, 時津-長与線, 長崎新地-川平BP-時津・長与・畝刈方面, 長崎新地-川平BP-時津方面, 長商高スクール, 北高スクール, 北陽台高スクール, 明誠高スクール, 立神-銭座町-北部方面"
久留里,さいかい交通（株）・長崎自動車（株）,20：大波止・中央橋・長崎新地行き［長崎バス・さいかい交通］
松山（多良見）,長崎県,"諫早駅前大草駅前・競技場北口, 大浦競技場北口・大草駅前"
競技場前,長崎県,"西陵高校農高前, 西陵高校, 愛津, 東厚生町農高前"
雲仙市役所前,島原鉄道（株）,島原〜多比良〜諫早行
遠藤周作文学館,長崎自動車（株）,牧野黒崎線
盲学校入口,長崎自動車（株）,上横尾-溝川-長与ニュータウン線
農高前,長崎県,"西陵高校農高前, 中核団地小ヶ倉・竹の下；諫早病院・西諫早ニュータウン, 夫婦木市役所・農高前, 有喜港西諫早ニュータウン・諫早病院；農高前・小ヶ倉, 諫早営業所小ヶ倉・農高前；諫早病院・西諫早ニュータウン, 上後古場農高前・栗面・土師野尾, 東厚生町農高前"
尾崎（森山）,長崎県,"諫早営業所有喜・唐比・諫早東高前；西諫早ニュータウン, 唐比車庫諫早東高前, 唐比車庫慶師野, 諫早駅前, 諫早駅前東厚生町・金谷町, 川口, 西陵高校, 西陵高校諫早東高前・競技場北口, 愛津"
尾崎,島原鉄道（株）,"島原〜雲仙〜小浜〜諫早行, 口之津〜小浜〜諫早行, 有家〜小浜・小浜高〜諫早行, 島原〜多比良〜諫早行, 小浜〜諫早行"
大越,長崎自動車（株）,"1：長崎駅前-住吉-榎の鼻-琴の尾登口, 20：中央橋・長崎新地行き"
道の駅（文学館入口）,長崎自動車（株）,1：長崎駅前-住吉-滑石-桜の里方面
道の駅（文学館入口）,さいかい交通（株）・長崎自動車（株）,20：大波止・中央橋・長崎新地行き［長崎バス・さいかい交通］
田下,長崎自動車（株）,"1：長崎駅前-住吉-時津・溝川, 20：中央橋・長崎新地行き, 上横尾-溝川-長与ニュータウン線, 北陽台高スクール"
西時津,長崎自動車（株）,上横尾-溝川-長与ニュータウン線
斉藤,長崎自動車（株）,"1：長崎駅前-住吉-榎の鼻-満永, 20：中央橋・長崎新地行き, 満永-長与駅, 長崎新地-川平BP-時津・長与・畝刈方面, 北陽台高スクール, 立神-銭座町-北部方面"
半造,長崎県,"諫早営業所有喜・唐比・諫早東高前；西諫早ニュータウン, 唐比車庫諫早東高前, 唐比車庫慶師野, 諫早駅前, 諫早駅前東厚生町・金谷町, 川口, 西陵高校諫早東高前・競技場北口"
半造,島原鉄道（株）,"島原〜雲仙〜小浜〜諫早行, 口之津〜小浜〜諫早行, 有家〜小浜・小浜高〜諫早行, 島原〜多比良〜諫早行, 小浜〜諫早行"
貴船神社前,長崎県,"西陵高校農高前, 西陵高校, 愛津, 東厚生町農高前"
黒崎,長崎自動車（株）,"1：長崎駅前-住吉-滑石-桜の里方面, 牧野黒崎線"
黒崎,さいかい交通（株）・長崎自動車（株）,20：大波止・中央橋・長崎新地行き［長崎バス・さいかい交通］
西郷,長崎県,上後古場農高前・栗面・土師野尾
寺の下,長崎県,"諫早駅前大草駅前・競技場北口, 大浦競技場北口・大草駅前"
大島東,長崎県,"長崎駅前つつじが丘・イオン東長崎, 喜々津シーサイドイオン東長崎・つつじが丘, 西川内競技場北口・青葉台；シーサイド・喜々津団地, 東厚生町喜々津シーサイド；青葉台・競技場北口, 中核団地喜々津駅前・久山台"
大塚,島原鉄道（株）,島原〜多比良〜諫早行
森山駅前,長崎県,"諫早営業所有喜・唐比・諫早東高前；西諫早ニュータウン, 唐比車庫諫早東高前, 唐比車庫慶師野, 西陵高校, 西陵高校諫早東高前・競技場北口, 愛津"
森山駅前,島原鉄道（株）,"島原〜雲仙〜小浜〜諫早行, 口之津〜小浜〜諫早行, 有家〜小浜・小浜高〜諫早行, 島原〜多比良〜諫早行, 小浜〜諫早行"
森山支所前,長崎県,"諫早営業所有喜・唐比・諫早東高前；西諫早ニュータウン, 唐比車庫諫早東高前, 西陵高校, 西陵高校諫早東高前・競技場北口, 愛津"
森山支所前,島原鉄道（株）,"島原〜雲仙〜小浜〜諫早行, 口之津〜小浜〜諫早行, 有家〜小浜・小浜高〜諫早行, 島原〜多比良〜諫早行, 小浜〜諫早行"
ミスターマックス時津店,長崎自動車（株）,上横尾-溝川-長与ニュータウン線
三つ橋,長崎県,"諫早営業所有喜・唐比・諫早東高前；西諫早ニュータウン, 唐比車庫諫早東高前, 西陵高校, 西陵高校諫早東高前・競技場北口, 愛津"
三ツ橋,島原鉄道（株）,"島原〜雲仙〜小浜〜諫早行, 口之津〜小浜〜諫早行, 有家〜小浜・小浜高〜諫早行, 島原〜多比良〜諫早行, 小浜〜諫早行"
西時津ニュータウン,長崎自動車（株）,上横尾-溝川-長与ニュータウン線
本村,長崎県,"諫早営業所有喜・唐比・諫早東高前；西諫早ニュータウン, 唐比車庫諫早東高前, 唐比車庫慶師野, 諫早駅前, 諫早駅前東厚生町・金谷町, 川口, 西陵高校, 西陵高校諫早東高前・競技場北口, 愛津"
本村,島原鉄道（株）,"島原〜雲仙〜小浜〜諫早行, 口之津〜小浜〜諫早行, 有家〜小浜・小浜高〜諫早行, 島原〜多比良〜諫早行, 小浜〜諫早行"
左底,長崎自動車（株）,"1：長崎駅前-住吉-西海-三重・大串, 1：長崎駅前-住吉-時津・溝川, 1：青雲学園前・中山ダム行き, 20：中央橋・長崎新地行き, 上横尾-溝川-長与ニュータウン線, 琴海尾戸線：自証寺前-長浦-形上-小口港, 時津-長与線, 長崎新地-川平BP-時津・長与・畝刈方面, 長崎新地-川平BP-時津方面, 長商高スクール, 北高スクール, 北陽台高スクール, 明誠高スクール, 立神-銭座町-北部方面"
左底,さいかい交通（株）・長崎自動車（株）,20：大波止・中央橋・長崎新地行き［長崎バス・さいかい交通］
釜の鼻,長崎県,"諫早営業所有喜・唐比・諫早東高前；西諫早ニュータウン, 唐比車庫諫早東高前, 西陵高校, 西陵高校諫早東高前・競技場北口, 愛津"
わし崎,長崎県,"諫早駅前上山・市役所, 柳原市役所・上山, 早見西諫早ニュータウン・諫早病院；市役所・川床・有喜港, 早見さつき台・西諫早ニュータウン；諫早病院・市役所, 今村有喜港・川床・市役所；諫早病院・西諫早ニュータウン, 諫早営業所上山・市役所；西諫早ニュータウン, 西陵高校, 諫早営業所有喜・川床・市役所；西諫早ニュータウン, 愛津"
さくらの里団地口,長崎自動車（株）,"1：長崎駅前-住吉-滑石-桜の里方面, 3：長崎駅前-城栄町/春木町-下大橋・小江原・式見, 20：市役所・中央橋行き, 20：中央橋・長崎新地行き, 魚市場線, 立神-銭座町-北部方面"
さくらの里団地口,さいかい交通（株）・長崎自動車（株）,"20：大波止・中央橋・長崎新地行き［長崎バス・さいかい交通］, 光風台車庫行き［長崎バス・さいかい交通］"
新道,長崎県,"諫早駅前上山・市役所, 上後古場農高前・栗面・土師野尾"
釜ノ鼻,島原鉄道（株）,"島原〜雲仙〜小浜〜諫早行, 口之津〜小浜〜諫早行, 有家〜小浜・小浜高〜諫早行, 島原〜多比良〜諫早行, 小浜〜諫早行"
森山入口,長崎県,"諫早駅前, 川口"
豊洋台車庫,長崎自動車（株）,"1：長崎駅前-住吉-滑石-桜の里方面, 20：中央橋・長崎新地行き, 豊洋台車庫-桜の里ターミナル・樫山"
久山橋,長崎県,"長崎駅前競技場北口・藤棚, 諫早・東厚生町藤棚・競技場北口, 諫早・東厚生町つつじが丘・西諫早ニュータウン, 久山台ニュータウン競技場北口・青葉台, 長崎駅前西諫早ニュータウン・つつじが丘, 諫早駅前つつじが丘・西諫早ニュータウン, 諫早・東厚生町藤棚・西諫早ニュータウン；諫早市役所, 東厚生町堂崎町・市役所, 諫早日赤病院市役所・堂崎町, 東厚生町西諫早ニュータウン・市役所, 西陵高校農高前, 本野西諫早ニュータウン・西部台, 西陵高校西諫早ニュータウン・西部台, 諫早日赤病院競技場北口, 西陵高校, 西陵高校諫早東高前・競技場北口, 諫早駅前大草駅前・競技場北口, 大浦競技場北口・大草駅前, 諫早駅前競技場北口, 愛津, 東厚生町農高前, 久山台ニュータウン市役所・堂崎町・青葉台, 西川内競技場北口・青葉台；シーサイド・喜々津団地, 諫早・東厚生町つつじが丘・競技場北口；諫早市役所, 戸石競技場北口・久山台・花ノ木, 東厚生町花ノ木・久山台・競技場北口"
テニス場前,長崎県,"西陵高校農高前, 西陵高校, 愛津, 東厚生町農高前"
さくらの里運動公園口,長崎自動車（株）,"1：長崎駅前-住吉-滑石-桜の里方面, 3：長崎駅前-城栄町/春木町-下大橋・小江原・式見, 20：市役所・中央橋行き, 20：中央橋・長崎新地行き, 魚市場線, 立神-銭座町-北部方面"
さくらの里運動公園口,さいかい交通（株）・長崎自動車（株）,"20：大波止・中央橋・長崎新地行き［長崎バス・さいかい交通］, 光風台車庫行き［長崎バス・さいかい交通］"
時津中学校前,長崎自動車（株）,"1：長崎駅前-住吉-時津・溝川, 20：中央橋・長崎新地行き, 上横尾-溝川-長与ニュータウン線, 琴海尾戸線：自証寺前-長浦-形上-小口港, 時津-長与線, 長崎新地-川平BP-時津・長与・畝刈方面, 長商高スクール, 北陽台高スクール, 明誠高スクール, 立神-下大橋-北部方面, 立神-銭座町-北部方面"
小野,長崎県,"諫早営業所有喜・唐比・諫早東高前；西諫早ニュータウン, 唐比車庫諫早東高前, 唐比車庫慶師野, 諫早駅前, 諫早駅前東厚生町・金谷町, 川口, 西陵高校, 西陵高校諫早東高前・競技場北口, 愛津"
小野,島原鉄道（株）,"島原〜雲仙〜小浜〜諫早行, 口之津〜小浜〜諫早行, 有家〜小浜・小浜高〜諫早行, 島原〜多比良〜諫早行, 小浜〜諫早行"
松尾,島原鉄道（株）,"島原〜多比良〜諫早行, 加津佐海水浴場前〜島原行"
大手橋,長崎県,"諫早駅前上山・市役所, 柳原市役所・上山, 諫早営業所上山・市役所；西諫早ニュータウン, 西陵高校, 愛津"
浜田,長崎自動車（株）,"1：長崎駅前-住吉-時津・溝川, 20：中央橋・長崎新地行き, 琴海尾戸線：自証寺前-長浦-形上-小口港, 時津-長与線, 長崎新地-川平BP-時津・長与・畝刈方面, 長商高スクール, 北陽台高スクール, 明誠高スクール, 立神-下大橋-北部方面, 立神-銭座町-北部方面"
新道,長崎県,"西陵高校農高前, 柳原市役所・上山, 諫早営業所上山・市役所；西諫早ニュータウン, 西陵高校, 愛津, 東厚生町農高前"
小栗,長崎県,"西陵高校農高前, 諫早駅前上山・市役所, 柳原市役所・上山, 諫早営業所上山・市役所；西諫早ニュータウン, 夫婦木市役所・農高前, 有喜港西諫早ニュータウン・諫早病院；農高前・小ヶ倉, 西陵高校, 愛津, 東厚生町農高前"
喜々津駅前,長崎県,"西川内競技場北口・青葉台；シーサイド・喜々津団地, 東厚生町喜々津シーサイド；青葉台・競技場北口, 中核団地喜々津駅前・久山台"
寺の下,長崎自動車（株）,"20：中央橋・長崎新地行き, 満永-長与駅, 上横尾-溝川-長与ニュータウン線, 時津-長与線, 長崎新地-川平BP-時津・長与・畝刈方面, 長商高スクール, 北陽台高スクール, 明誠高スクール, 立神-銭座町-北部方面"
小野,長崎県,"諫早駅前上山・市役所, 柳原市役所・上山, 諫早営業所上山・市役所；西諫早ニュータウン"
多良見支所前,長崎県,"諫早駅前大草駅前・競技場北口, 大浦競技場北口・大草駅前, 西川内競技場北口・青葉台；シーサイド・喜々津団地, 東厚生町喜々津シーサイド；青葉台・競技場北口"
溝川,長崎自動車（株）,"1：長崎駅前-住吉-時津・溝川, 20：中央橋・長崎新地行き, 上横尾-溝川-長与ニュータウン線, 琴海尾戸線：自証寺前-長浦-形上-小口港, 時津-長与線, 長崎新地-川平BP-時津・長与・畝刈方面, 長商高スクール, 北陽台高スクール, 明誠高スクール, 立神-銭座町-北部方面"
センター公園前,長崎自動車（株）,"1：長崎駅前-住吉-滑石-桜の里方面, 3：長崎駅前-城栄町/春木町-下大橋・小江原・式見, 20：市役所・中央橋行き, 20：中央橋・長崎新地行き, 魚市場線, 立神-銭座町-北部方面"
センター公園前,さいかい交通（株）・長崎自動車（株）,"20：大波止・中央橋・長崎新地行き［長崎バス・さいかい交通］, 光風台車庫行き［長崎バス・さいかい交通］"
公民館前（平山）,長崎県,"諫早・東厚生町三本松・競技場北口, 飯盛団地競技場北口・平山・江の浦, 東厚生町江の浦・平山・競技場北口"
小島田,長崎自動車（株）,"上横尾-溝川-長与ニュータウン線, 時津-長与線, 長商高スクール, 北陽台高スクール, 明誠高スクール"
時津港入口,長崎自動車（株）,"1：長崎駅前-住吉-西海-三重・大串, 1：長崎駅前-住吉-時津・溝川, 1：青雲学園前・中山ダム行き, 20：中央橋・長崎新地行き, 上横尾-溝川-長与ニュータウン線, 琴海尾戸線：自証寺前-長浦-形上-小口港, 時津-長与線, 長崎新地-川平BP-時津・長与・畝刈方面, 長崎新地-川平BP-時津方面, 長商高スクール, 北高スクール, 北陽台高スクール, 明誠高スクール, 立神-銭座町-北部方面"
時津港入口,さいかい交通（株）・長崎自動車（株）,20：大波止・中央橋・長崎新地行き［長崎バス・さいかい交通］
小栗,長崎県,"中核団地小ヶ倉・竹の下；諫早病院・西諫早ニュータウン, 諫早営業所小ヶ倉・農高前；諫早病院・西諫早ニュータウン"
さくらの里1丁目,長崎自動車（株）,"1：長崎駅前-住吉-滑石-桜の里方面, 3：長崎駅前-城栄町/春木町-下大橋・小江原・式見, 20：市役所・中央橋行き, 20：中央橋・長崎新地行き, 魚市場線, 立神-銭座町-北部方面"
さくらの里1丁目,さいかい交通（株）・長崎自動車（株）,"20：大波止・中央橋・長崎新地行き［長崎バス・さいかい交通］, 光風台車庫行き［長崎バス・さいかい交通］"
本川内,長崎自動車（株）,"1：長崎駅前-住吉-榎の鼻-琴の尾登口, 20：中央橋・長崎新地行き"
永田浜,長崎自動車（株）,"1：長崎駅前-住吉-滑石-桜の里方面, 牧野黒崎線"
永田浜,さいかい交通（株）・長崎自動車（株）,20：大波止・中央橋・長崎新地行き［長崎バス・さいかい交通］
大熊,島原鉄道（株）,島原〜多比良〜諫早行
貝津団地前,長崎県,"東厚生町西諫早ニュータウン・市役所, 諫早駅前西諫早駅・堂崎町, 県界競技場北口, 中核団地小ヶ倉・竹の下；諫早病院・西諫早ニュータウン, 中核団地西諫早ニュータウン, 諫早駅前青葉台・競技場北口, 東厚生町青葉台・堂崎町・市役所, 東厚生町喜々津シーサイド；青葉台・競技場北口, 中核団地八幡神社前・金谷町；競技場北口"
上左底,長崎自動車（株）,"1：長崎駅前-住吉-時津・溝川, 1：青雲学園前・中山ダム行き, 20：中央橋・長崎新地行き, 上横尾-溝川-長与ニュータウン線, 時津-長与線"
喜々津駅通,長崎県,"長崎駅前つつじが丘・イオン東長崎, 喜々津シーサイドイオン東長崎・つつじが丘, 喜々津駅通つつじが丘, 諫早駅前大草駅前・競技場北口, 大浦競技場北口・大草駅前, 西川内競技場北口・青葉台；シーサイド・喜々津団地, 東厚生町喜々津シーサイド；青葉台・競技場北口, 中核団地喜々津駅前・久山台"
時津,長崎自動車（株）,"1：長崎駅前-住吉-西海-三重・大串, 1：長崎駅前-住吉-時津・溝川, 1：青雲学園前・中山ダム行き, 20：中央橋・長崎新地行き, 上横尾-溝川-長与ニュータウン線, 琴海尾戸線：自証寺前-長浦-形上-小口港, 時津-長与線, 長崎新地-川平BP-時津・長与・畝刈方面, 長崎新地-川平BP-時津方面, 長商高スクール, 北高スクール, 北陽台高スクール, 明誠高スクール, 立神-下大橋-北部方面, 立神-銭座町-北部方面, プレミアムライナー"
時津,さいかい交通（株）・長崎自動車（株）,20：大波止・中央橋・長崎新地行き［長崎バス・さいかい交通］
永田湿地公園,長崎自動車（株）,牧野黒崎線
栗面,長崎県,上後古場農高前・栗面・土師野尾
田尻,長崎県,"諫早営業所有喜・唐比・諫早東高前；西諫早ニュータウン, 唐比車庫諫早東高前, 西陵高校, 西陵高校諫早東高前・競技場北口, 愛津"
田尻,島原鉄道（株）,"島原〜雲仙〜小浜〜諫早行, 口之津〜小浜〜諫早行, 有家〜小浜・小浜高〜諫早行, 島原〜多比良〜諫早行, 小浜〜諫早行"
原,長崎県,"諫早駅前, 川口"
小栗小学校上,長崎県,夫婦木市役所・農高前
萬行寺前,長崎自動車（株）,上横尾-溝川-長与ニュータウン線
豊洋台中央,長崎自動車（株）,"1：長崎駅前-住吉-滑石-桜の里方面, 20：中央橋・長崎新地行き"
喜々津駅通,長崎県,"中央橋長崎バイパス・大波止, 長崎駅前競技場北口・藤棚, 諫早・東厚生町藤棚・競技場北口, 諫早・東厚生町つつじが丘・西諫早ニュータウン, 長崎駅前西諫早ニュータウン・つつじが丘, 諫早駅前つつじが丘・西諫早ニュータウン, 諫早・東厚生町藤棚・西諫早ニュータウン；諫早市役所, 諫早日赤病院市役所・堂崎町, 西陵高校日見公園前・つつじが丘, 網場・春日車庫前つつじが丘・高城台；日見公園前, 西陵高校高城台・つつじが丘, 東望道つつじが丘, 西陵高校ガーデンシティ・矢上団地, 諫早日赤病院競技場北口, 田結東矢上団地・ガーデンシティ, 東厚生町青葉台・堂崎町・市役所, 東厚生町喜々津シーサイド；青葉台・競技場北口, 久山台ニュータウン大波止・長崎バイパス, 諫早・東厚生町つつじが丘・競技場北口；諫早市役所"
定林橋,長崎自動車（株）,"1：長崎駅前-住吉-榎の鼻-満永, 20：中央橋・長崎新地行き, 満永-長与駅, 上横尾-溝川-長与ニュータウン線, 時津-長与線, 長崎新地-川平BP-時津・長与・畝刈方面, 長商高スクール, 北陽台高スクール, 明誠高スクール, 立神-銭座町-北部方面"
さくらの里2丁目,長崎自動車（株）,"1：長崎駅前-住吉-滑石-桜の里方面, 3：長崎駅前-城栄町/春木町-下大橋・小江原・式見, 20：市役所・中央橋行き, 20：中央橋・長崎新地行き, 魚市場線, 立神-銭座町-北部方面"
さくらの里2丁目,さいかい交通（株）・長崎自動車（株）,"20：大波止・中央橋・長崎新地行き［長崎バス・さいかい交通］, 光風台車庫行き［長崎バス・さいかい交通］"
青葉台,長崎県,"久山台ニュータウン競技場北口・青葉台, 東厚生町西諫早ニュータウン・市役所, 諫早駅前青葉台・競技場北口, 東厚生町青葉台・堂崎町・市役所, 久山台ニュータウン市役所・堂崎町・青葉台, 西川内競技場北口・青葉台；シーサイド・喜々津団地, 東厚生町喜々津シーサイド；青葉台・競技場北口"
中阿母,島原鉄道（株）,島原〜多比良〜諫早行
久山,長崎県,"長崎駅前競技場北口・藤棚, 諫早・東厚生町藤棚・競技場北口, 諫早・東厚生町つつじが丘・西諫早ニュータウン, 久山台ニュータウン競技場北口・青葉台, 長崎駅前西諫早ニュータウン・つつじが丘, 諫早駅前つつじが丘・西諫早ニュータウン, 諫早・東厚生町藤棚・西諫早ニュータウン；諫早市役所, 東厚生町堂崎町・市役所, 諫早日赤病院市役所・堂崎町, 東厚生町西諫早ニュータウン・市役所, 西陵高校農高前, 本野西諫早ニュータウン・西部台, 西陵高校西諫早ニュータウン・西部台, 諫早日赤病院競技場北口, 西陵高校, 西陵高校諫早東高前・競技場北口, 諫早駅前大草駅前・競技場北口, 大浦競技場北口・大草駅前, 諫早駅前競技場北口, 愛津, 東厚生町農高前, 諫早駅前青葉台・競技場北口, 東厚生町青葉台・堂崎町・市役所, 久山台ニュータウン市役所・堂崎町・青葉台, 西川内競技場北口・青葉台；シーサイド・喜々津団地, 東厚生町喜々津シーサイド；青葉台・競技場北口, 諫早・東厚生町つつじが丘・競技場北口；諫早市役所, 戸石競技場北口・久山台・花ノ木, 東厚生町花ノ木・久山台・競技場北口"
豊洋台一丁目,長崎自動車（株）,豊洋台車庫-桜の里ターミナル・樫山
道開,長崎自動車（株）,"1：長崎駅前-住吉-西海-三重・大串, 1：長崎駅前-住吉-滑石-桜の里方面, 3：長崎駅前-城栄町/春木町-下大橋・小江原・式見, 6：長崎駅前-飽の浦-福田, 20：市役所・中央橋行き, 20：中央橋・長崎新地行き, 豊洋台車庫-桜の里ターミナル・樫山, 北陽台高スクール, 明誠高スクール, 立神-銭座町-北部方面"
道開,さいかい交通（株）・長崎自動車（株）,"20：大波止・中央橋・長崎新地行き［長崎バス・さいかい交通］, 光風台車庫行き［長崎バス・さいかい交通］"
鼻ノ崎,島原鉄道（株）,"島原〜多比良〜諫早行, 加津佐海水浴場前〜島原行"
丸田温泉前,長崎自動車（株）,"1：長崎駅前-住吉-榎の鼻-満永, 20：中央橋・長崎新地行き"
青雲学園前,長崎自動車（株）,"1：長崎駅前-住吉-時津・溝川, 1：青雲学園前・中山ダム行き, 20：中央橋・長崎新地行き, 時津-長与線"
西陵高校入口,長崎県,"中央橋長崎バイパス・大波止, 長崎駅前競技場北口・藤棚, 諫早・東厚生町藤棚・競技場北口, 諫早・東厚生町つつじが丘・西諫早ニュータウン, 久山台ニュータウン競技場北口・青葉台, 長崎駅前西諫早ニュータウン・つつじが丘, 諫早駅前つつじが丘・西諫早ニュータウン, 諫早・東厚生町藤棚・西諫早ニュータウン；諫早市役所, 東厚生町堂崎町・市役所, 諫早日赤病院市役所・堂崎町, 東厚生町西諫早ニュータウン・市役所, 諫早日赤病院競技場北口, 西陵高校諫早東高前・競技場北口, 諫早駅前大草駅前・競技場北口, 大浦競技場北口・大草駅前, 諫早駅前競技場北口, 諫早駅前青葉台・競技場北口, 東厚生町青葉台・堂崎町・市役所, 久山台ニュータウン市役所・堂崎町・青葉台, 西川内競技場北口・青葉台；シーサイド・喜々津団地, 東厚生町喜々津シーサイド；青葉台・競技場北口, 久山台ニュータウン大波止・長崎バイパス, 諫早・東厚生町つつじが丘・競技場北口；諫早市役所, 中核団地喜々津駅前・久山台, 戸石競技場北口・久山台・花ノ木, 東厚生町花ノ木・久山台・競技場北口"
小川,長崎県,"中核団地小ヶ倉・竹の下；諫早病院・西諫早ニュータウン, 有喜港西諫早ニュータウン・諫早病院；農高前・小ヶ倉, 諫早営業所小ヶ倉・農高前；諫早病院・西諫早ニュータウン"
諫早日赤病院前,長崎県,"中央橋長崎バイパス・大波止, 長崎駅前競技場北口・藤棚, 諫早・東厚生町藤棚・競技場北口, 諫早・東厚生町つつじが丘・西諫早ニュータウン, 長崎駅前西諫早ニュータウン・つつじが丘, 諫早駅前つつじが丘・西諫早ニュータウン, 長崎駅前つつじが丘・イオン東長崎, 喜々津シーサイドイオン東長崎・つつじが丘, 諫早・東厚生町藤棚・西諫早ニュータウン；諫早市役所, 諫早日赤病院市役所・堂崎町, 喜々津駅通つつじが丘, 西陵高校日見公園前・つつじが丘, 網場・春日車庫前つつじが丘・高城台；日見公園前, 西陵高校高城台・つつじが丘, 東望道つつじが丘, 西陵高校ガーデンシティ・矢上団地, 諫早日赤病院競技場北口, 田結東矢上団地・ガーデンシティ, 久山台ニュータウン大波止・長崎バイパス, 諫早・東厚生町つつじが丘・競技場北口；諫早市役所"
豊洋台西口,長崎自動車（株）,豊洋台車庫-桜の里ターミナル・樫山
ひばりが丘,長崎県,夫婦木市役所・農高前
永田岡,長崎自動車（株）,1：長崎駅前-住吉-滑石-桜の里方面
永田岡,さいかい交通（株）・長崎自動車（株）,20：大波止・中央橋・長崎新地行き［長崎バス・さいかい交通］
喜々津農協前,長崎県,"西川内競技場北口・青葉台；シーサイド・喜々津団地, 東厚生町喜々津シーサイド；青葉台・競技場北口"
めだか橋,長崎自動車（株）,"1：長崎駅前-住吉-滑石-桜の里方面, 20：中央橋・長崎新地行き"
時津町役場,長崎自動車（株）,上横尾-溝川-長与ニュータウン線
中里公民館前,長崎県,"西川内競技場北口・青葉台；シーサイド・喜々津団地, 東厚生町喜々津シーサイド；青葉台・競技場北口"
若葉町（諫早）,長崎県,"久山台ニュータウン競技場北口・青葉台, 東厚生町西諫早ニュータウン・市役所, 諫早駅前青葉台・競技場北口, 東厚生町青葉台・堂崎町・市役所, 久山台ニュータウン市役所・堂崎町・青葉台, 西川内競技場北口・青葉台；シーサイド・喜々津団地, 東厚生町喜々津シーサイド；青葉台・競技場北口"
丸田,長崎自動車（株）,"1：長崎駅前-住吉-榎の鼻-満永, 20：中央橋・長崎新地行き"
阿母崎,島原鉄道（株）,島原〜多比良〜諫早行
一平,長崎自動車（株）,"1：長崎駅前-住吉-榎の鼻-琴の尾登口, 20：中央橋・長崎新地行き"
学校前,長崎県,"西川内競技場北口・青葉台；シーサイド・喜々津団地, 東厚生町喜々津シーサイド；青葉台・競技場北口"
豊洋台南,長崎自動車（株）,"1：長崎駅前-住吉-滑石-桜の里方面, 20：中央橋・長崎新地行き"
弁天,長崎自動車（株）,"1：長崎駅前-住吉-西海-三重・大串, 1：長崎駅前-住吉-滑石-桜の里方面, 3：長崎駅前-城栄町/春木町-下大橋・小江原・式見, 20：市役所・中央橋行き, 20：中央橋・長崎新地行き, 魚市場線, 豊洋台車庫-桜の里ターミナル・樫山, 北陽台高スクール, 明誠高スクール, 立神-銭座町-北部方面"
弁天,さいかい交通（株）・長崎自動車（株）,"20：大波止・中央橋・長崎新地行き［長崎バス・さいかい交通］, 光風台車庫行き［長崎バス・さいかい交通］"
中里蔭平,長崎県,"西川内競技場北口・青葉台；シーサイド・喜々津団地, 東厚生町喜々津シーサイド；青葉台・競技場北口"
平,長崎県,"諫早駅前上山・市役所, 柳原市役所・上山, 諫早営業所上山・市役所；西諫早ニュータウン"
野田,長崎自動車（株）,"1：長崎駅前-住吉-西海-三重・大串, 1：長崎駅前-住吉-時津・溝川, 20：中央橋・長崎新地行き, 長崎新地-川平BP-時津・長与・畝刈方面, 長崎新地-川平BP-時津方面, 北高スクール, 明誠高スクール, 立神-下大橋-北部方面, 立神-銭座町-北部方面"
野田,さいかい交通（株）・長崎自動車（株）,20：大波止・中央橋・長崎新地行き［長崎バス・さいかい交通］
西陵高校,長崎県,"諫早駅前つつじが丘・西諫早ニュータウン, 西陵高校農高前, 本野西諫早ニュータウン・西部台, 西陵高校日見公園前・つつじが丘, 西陵高校西諫早ニュータウン・西部台, 網場・春日車庫前つつじが丘・高城台；日見公園前, 西陵高校高城台・つつじが丘, 東望道つつじが丘, 西陵高校ガーデンシティ・矢上団地, 有喜江の浦, 西陵高校江の浦, 西陵高校, 田結東矢上団地・ガーデンシティ, 西陵高校諫早東高前・競技場北口, 諫早駅前競技場北口, 愛津, 東厚生町農高前"
京泊,長崎自動車（株）,"1：長崎駅前-住吉-西海-三重・大串, 1：長崎駅前-住吉-滑石-桜の里方面, 20：中央橋・長崎新地行き, 豊洋台車庫-桜の里ターミナル・樫山, 北陽台高スクール, 明誠高スクール"
京泊,さいかい交通（株）・長崎自動車（株）,20：大波止・中央橋・長崎新地行き［長崎バス・さいかい交通］
川床,長崎県,"早見西諫早ニュータウン・諫早病院；市役所・川床・有喜港, 早見さつき台・西諫早ニュータウン；諫早病院・市役所, 今村有喜港・川床・市役所；諫早病院・西諫早ニュータウン, 諫早営業所有喜・川床・市役所；西諫早ニュータウン"
なづみ団地口,長崎自動車（株）,上横尾-溝川-長与ニュータウン線
美南の丘,長崎県,夫婦木市役所・農高前
畝刈,長崎自動車（株）,"1：長崎駅前-住吉-滑石-桜の里方面, 3：長崎駅前-城栄町/春木町-下大橋・小江原・式見, 6：長崎駅前-飽の浦-福田, 20：市役所・中央橋行き, 北陽台高スクール, 明誠高スクール, 立神-銭座町-北部方面"
畝刈,さいかい交通（株）・長崎自動車（株）,"20：大波止・中央橋・長崎新地行き［長崎バス・さいかい交通］, 光風台車庫行き［長崎バス・さいかい交通］"
諫早日赤病院,長崎県,"諫早日赤病院市役所・堂崎町, 諫早日赤病院競技場北口, 東厚生町青葉台・堂崎町・市役所"
漁港入口,長崎自動車（株）,"1：長崎駅前-住吉-滑石-桜の里方面, 6：長崎駅前-飽の浦-福田, 20：中央橋・長崎新地行き, 魚市場線, 豊洋台車庫-桜の里ターミナル・樫山"
漁港入口,さいかい交通（株）・長崎自動車（株）,20：大波止・中央橋・長崎新地行き［長崎バス・さいかい交通］
皆前橋,長崎自動車（株）,"1：長崎駅前-住吉-榎の鼻-満永, 20：中央橋・長崎新地行き, 満永-長与駅, 上横尾-溝川-長与ニュータウン線, 時津-長与線, 長崎新地-川平BP-時津・長与・畝刈方面, 長商高スクール, 北陽台高スクール, 明誠高スクール, 立神-銭座町-北部方面"
峰,長崎県,"諫早駅前, 川口"
平山,長崎県,"諫早・東厚生町三本松・競技場北口, 飯盛団地競技場北口・平山・江の浦, 東厚生町江の浦・平山・競技場北口, 上後古場農高前・栗面・土師野尾"
平山団地前,長崎県,上後古場農高前・栗面・土師野尾
舞の浜,長崎自動車（株）,"1：長崎駅前-住吉-西海-三重・大串, 1：長崎駅前-住吉-滑石-桜の里方面, 6：長崎駅前-飽の浦-福田, 20：中央橋・長崎新地行き, 豊洋台車庫-桜の里ターミナル・樫山, 北陽台高スクール, 明誠高スクール"
舞の浜,さいかい交通（株）・長崎自動車（株）,20：大波止・中央橋・長崎新地行き［長崎バス・さいかい交通］
駄森,長崎県,上後古場農高前・栗面・土師野尾
緑ヶ丘団地,長崎自動車（株）,"1：長崎駅前-住吉-榎の鼻-琴の尾登口, 1：長崎駅前-住吉-女の都・緑ヶ丘団地, 20：市役所・中央橋・長崎新地行き, 20：中央橋・長崎新地行き, 長崎新地-川平BP-時津・長与・畝刈方面, 北陽台高スクール"
東上,長崎自動車（株）,"1：長崎駅前-住吉-滑石-桜の里方面, 20：中央橋・長崎新地行き"
東上,さいかい交通（株）・長崎自動車（株）,20：大波止・中央橋・長崎新地行き［長崎バス・さいかい交通］
桜の里ターミナル,長崎自動車（株）,"1：長崎駅前-住吉-西海-三重・大串, 1：長崎駅前-住吉-滑石-桜の里方面, 3：長崎駅前-城栄町/春木町-下大橋・小江原・式見, 6：長崎駅前-飽の浦-福田, 20：市役所・中央橋行き, 20：中央橋・長崎新地行き, 魚市場線, 豊洋台車庫-桜の里ターミナル・樫山, 北陽台高スクール, 明誠高スクール, 立神-銭座町-北部方面"
桜の里ターミナル,さいかい交通（株）・長崎自動車（株）,"20：大波止・中央橋・長崎新地行き［長崎バス・さいかい交通］, 光風台車庫行き［長崎バス・さいかい交通］"
森山図書館前,長崎県,唐比車庫慶師野
畝刈県住,長崎自動車（株）,"1：長崎駅前-住吉-滑石-桜の里方面, 6：長崎駅前-飽の浦-福田, 20：中央橋・長崎新地行き, 魚市場線, 豊洋台車庫-桜の里ターミナル・樫山"
畝刈県住,さいかい交通（株）・長崎自動車（株）,20：大波止・中央橋・長崎新地行き［長崎バス・さいかい交通］
県営住宅前,長崎県,"中核団地小ヶ倉・竹の下；諫早病院・西諫早ニュータウン, 有喜港西諫早ニュータウン・諫早病院；農高前・小ヶ倉, 諫早営業所小ヶ倉・農高前；諫早病院・西諫早ニュータウン"
久山台ニュータウン,長崎県,"中央橋長崎バイパス・大波止, 久山台ニュータウン競技場北口・青葉台, 諫早駅前つつじが丘・西諫早ニュータウン, 東厚生町堂崎町・市役所, 東厚生町西諫早ニュータウン・市役所, 諫早駅前青葉台・競技場北口, 久山台ニュータウン市役所・堂崎町・青葉台, 久山台ニュータウン大波止・長崎バイパス, 中核団地喜々津駅前・久山台, 戸石競技場北口・久山台・花ノ木, 東厚生町花ノ木・久山台・競技場北口"
川端,島原鉄道（株）,島原〜多比良〜諫早行
三菱工場前,長崎県,"諫早駅前西諫早駅・堂崎町, 県界競技場北口, 中核団地小ヶ倉・竹の下；諫早病院・西諫早ニュータウン, 中核団地西諫早ニュータウン, 中核団地八幡神社前・金谷町；競技場北口, 中核団地喜々津駅前・久山台"
北陽台団地北,長崎自動車（株）,"1：長崎駅前-住吉-榎の鼻-満永, 20：中央橋・長崎新地行き"
北陽台団地東,長崎自動車（株）,"1：長崎駅前-住吉-榎の鼻-満永, 20：中央橋・長崎新地行き"
舞の浜荘前,長崎自動車（株）,"1：長崎駅前-住吉-滑石-桜の里方面, 3：長崎駅前-城栄町/春木町-下大橋・小江原・式見, 豊洋台車庫-桜の里ターミナル・樫山"
舞の浜荘前,さいかい交通（株）・長崎自動車（株）,"20：大波止・中央橋・長崎新地行き［長崎バス・さいかい交通］, 光風台車庫行き［長崎バス・さいかい交通］"
洗切,長崎自動車（株）,"1：長崎駅前-住吉-榎の鼻-琴の尾登口, 20：中央橋・長崎新地行き"
洗切,島原鉄道（株）,"島原〜多比良〜諫早行, 加津佐海水浴場前〜島原行"
西川内,長崎県,"西川内競技場北口・青葉台；シーサイド・喜々津団地, 東厚生町喜々津シーサイド；青葉台・競技場北口"
諫早東高前,長崎県,"諫早営業所有喜・唐比・諫早東高前；西諫早ニュータウン, 唐比車庫諫早東高前, 西陵高校, 西陵高校諫早東高前・競技場北口, 愛津"
諫早東高前,島原鉄道（株）,"島原〜雲仙〜小浜〜諫早行, 口之津〜小浜〜諫早行, 有家〜小浜・小浜高〜諫早行, 島原〜多比良〜諫早行, 小浜〜諫早行"
中核団地入口,長崎県,"諫早駅前西諫早駅・堂崎町, 県界競技場北口, 中核団地小ヶ倉・竹の下；諫早病院・西諫早ニュータウン, 中核団地西諫早ニュータウン, 中核団地八幡神社前・金谷町；競技場北口, 中核団地喜々津駅前・久山台"
喜々津橋,長崎県,"中央橋長崎バイパス・大波止, 長崎駅前競技場北口・藤棚, 諫早・東厚生町藤棚・競技場北口, 諫早・東厚生町つつじが丘・西諫早ニュータウン, 長崎駅前西諫早ニュータウン・つつじが丘, 諫早駅前つつじが丘・西諫早ニュータウン, 長崎駅前つつじが丘・イオン東長崎, 喜々津シーサイドイオン東長崎・つつじが丘, 諫早・東厚生町藤棚・西諫早ニュータウン；諫早市役所, 喜々津駅通つつじが丘, 西陵高校日見公園前・つつじが丘, 網場・春日車庫前つつじが丘・高城台；日見公園前, 西陵高校高城台・つつじが丘, 東望道つつじが丘, 喜々津橋, 西陵高校ガーデンシティ・矢上団地, 田結東矢上団地・ガーデンシティ, 久山台ニュータウン大波止・長崎バイパス, 諫早・東厚生町つつじが丘・競技場北口；諫早市役所"
吉原,長崎自動車（株）,"3：長崎駅前-城栄町/春木町-下大橋・小江原・式見, 6：長崎駅前-飽の浦-福田, 20：中央橋・長崎新地行き"
吉原,さいかい交通（株）・長崎自動車（株）,20：大波止・中央橋・長崎新地行き［長崎バス・さいかい交通］
緑ヶ丘団地西,長崎自動車（株）,"1：長崎駅前-住吉-榎の鼻-琴の尾登口, 1：長崎駅前-住吉-女の都・緑ヶ丘団地, 20：市役所・中央橋・長崎新地行き, 20：中央橋・長崎新地行き, 長崎新地-川平BP-時津・長与・畝刈方面, 北陽台高スクール"
三重中学校前,長崎自動車（株）,"1：長崎駅前-住吉-滑石-桜の里方面, 3：長崎駅前-城栄町/春木町-下大橋・小江原・式見, 20：大波止・中央橋・長崎新地行き, 豊洋台車庫-桜の里ターミナル・樫山, 光風台車庫行き"
三重中学校前,さいかい交通（株）・長崎自動車（株）,"20：大波止・中央橋・長崎新地行き［長崎バス・さいかい交通］, 光風台車庫行き［長崎バス・さいかい交通］"
長与役場,長崎自動車（株）,"1：長崎駅前-住吉-榎の鼻-満永, 20：中央橋・長崎新地行き, 満永-長与駅, 上横尾-溝川-長与ニュータウン線, 時津-長与線, 長崎新地-川平BP-時津・長与・畝刈方面, 長商高スクール, 北陽台高スクール, 明誠高スクール, 立神-銭座町-北部方面"
喜々津団地,長崎県,"西川内競技場北口・青葉台；シーサイド・喜々津団地, 東厚生町喜々津シーサイド；青葉台・競技場北口"
畑ケ田,長崎県,"諫早駅前上山・市役所, 柳原市役所・上山, 諫早営業所上山・市役所；西諫早ニュータウン"
緑ヶ丘団地入口,長崎自動車（株）,"1：長崎駅前-住吉-榎の鼻-琴の尾登口, 1：長崎駅前-住吉-女の都・緑ヶ丘団地, 20：市役所・中央橋・長崎新地行き, 20：中央橋・長崎新地行き, 長崎新地-川平BP-時津・長与・畝刈方面, 北陽台高スクール"
北陽台公民館前,長崎自動車（株）,"1：長崎駅前-住吉-榎の鼻-満永, 20：中央橋・長崎新地行き"
徳洲会病院前,長崎自動車（株）,"1：長崎駅前-住吉-榎の鼻-満永, 20：中央橋・長崎新地行き"
北陽台団地入口,長崎自動車（株）,"1：長崎駅前-住吉-榎の鼻-満永, 20：中央橋・長崎新地行き"
京泊市住,長崎自動車（株）,"1：長崎駅前-住吉-滑石-桜の里方面, 6：長崎駅前-飽の浦-福田, 20：中央橋・長崎新地行き, 魚市場線, 豊洋台車庫-桜の里ターミナル・樫山"
京泊市住,さいかい交通（株）・長崎自動車（株）,20：大波止・中央橋・長崎新地行き［長崎バス・さいかい交通］
中核団地,長崎県,"諫早駅前西諫早駅・堂崎町, 県界競技場北口, 中核団地小ヶ倉・竹の下；諫早病院・西諫早ニュータウン, 中核団地西諫早ニュータウン, 中核団地八幡神社前・金谷町；競技場北口, 中核団地喜々津駅前・久山台"
仁反田,長崎県,"諫早駅前, 川口"
加工団地,長崎自動車（株）,"1：長崎駅前-住吉-滑石-桜の里方面, 6：長崎駅前-飽の浦-福田, 20：中央橋・長崎新地行き, 魚市場線, 豊洋台車庫-桜の里ターミナル・樫山"
加工団地,さいかい交通（株）・長崎自動車（株）,20：大波止・中央橋・長崎新地行き［長崎バス・さいかい交通］
長崎漁港,長崎自動車（株）,"1：長崎駅前-住吉-滑石-桜の里方面, 豊洋台車庫-桜の里ターミナル・樫山"
長崎漁港,さいかい交通（株）・長崎自動車（株）,20：大波止・中央橋・長崎新地行き［長崎バス・さいかい交通］
多以良,長崎自動車（株）,"1：長崎駅前-住吉-滑石-桜の里方面, 20：市役所・中央橋行き, 北陽台高スクール, 明誠高スクール, 立神-銭座町-北部方面"
多以良,さいかい交通（株）・長崎自動車（株）,"20：大波止・中央橋・長崎新地行き［長崎バス・さいかい交通］, 光風台車庫行き［長崎バス・さいかい交通］"
日当,長崎県,"西川内競技場北口・青葉台；シーサイド・喜々津団地, 東厚生町喜々津シーサイド；青葉台・競技場北口"
三重,長崎自動車（株）,"1：長崎駅前-住吉-滑石-桜の里方面, 20：中央橋・長崎新地行き, 豊洋台車庫-桜の里ターミナル・樫山"
三重,さいかい交通（株）・長崎自動車（株）,20：大波止・中央橋・長崎新地行き［長崎バス・さいかい交通］
光風台車庫,長崎自動車（株）,"1：長崎駅前-住吉-滑石-桜の里方面, 20：市役所・中央橋行き, 20：中央橋・長崎新地行き, 北陽台高スクール, 明誠高スクール, 立神-銭座町-北部方面, 光風台車庫行き"
光風台車庫,さいかい交通（株）・長崎自動車（株）,"20：大波止・中央橋・長崎新地行き［長崎バス・さいかい交通］, 光風台車庫行き［長崎バス・さいかい交通］"
茶屋入口,長崎県,中核団地喜々津駅前・久山台
野添,長崎自動車（株）,上横尾-溝川-長与ニュータウン線
榎の鼻,長崎自動車（株）,"1：長崎駅前-住吉-榎の鼻-満永, 20：中央橋・長崎新地行き, 満永-長与駅, 上横尾-溝川-長与ニュータウン線, 時津-長与線, 長崎新地-川平BP-時津・長与・畝刈方面, 長商高スクール, 北陽台高スクール, 明誠高スクール, 立神-銭座町-北部方面"
三重田,長崎自動車（株）,1：長崎駅前-住吉-滑石-桜の里方面
三重田,さいかい交通（株）・長崎自動車（株）,20：大波止・中央橋・長崎新地行き［長崎バス・さいかい交通］
北陽台高校前,長崎自動車（株）,北陽台高スクール
イオンタウン長与,長崎自動車（株）,上横尾-溝川-長与ニュータウン線
長崎魚市場,長崎自動車（株）,"1：長崎駅前-住吉-滑石-桜の里方面, 6：長崎駅前-飽の浦-福田, 20：中央橋・長崎新地行き, 魚市場線, 豊洋台車庫-桜の里ターミナル・樫山"
長崎魚市場,さいかい交通（株）・長崎自動車（株）,20：大波止・中央橋・長崎新地行き［長崎バス・さいかい交通］
城の平（新道分岐）,長崎自動車（株）,1：長崎駅前-住吉-榎の鼻-満永
刑務所前,長崎県,夫婦木市役所・農高前
二股橋,長崎自動車（株）,"1：長崎駅前-住吉-滑石-桜の里方面, 20：市役所・中央橋行き, 北陽台高スクール, 明誠高スクール, 立神-銭座町-北部方面"
二股橋,さいかい交通（株）・長崎自動車（株）,"20：大波止・中央橋・長崎新地行き［長崎バス・さいかい交通］, 光風台車庫行き［長崎バス・さいかい交通］"
隠川内,長崎自動車（株）,"1：長崎駅前-住吉-榎の鼻-琴の尾登口, 20：中央橋・長崎新地行き"
水の手,長崎県,"諫早駅前上山・市役所, 柳原市役所・上山, 諫早営業所上山・市役所；西諫早ニュータウン"
石原,長崎自動車（株）,"1：長崎駅前-住吉-滑石-桜の里方面, 20：中央橋・長崎新地行き, 豊洋台車庫-桜の里ターミナル・樫山"
石原,さいかい交通（株）・長崎自動車（株）,20：大波止・中央橋・長崎新地行き［長崎バス・さいかい交通］
あじろ橋,長崎自動車（株）,"1：長崎駅前-住吉-滑石-桜の里方面, 6：長崎駅前-飽の浦-福田, 20：中央橋・長崎新地行き, 魚市場線, 豊洋台車庫-桜の里ターミナル・樫山"
あじろ橋,さいかい交通（株）・長崎自動車（株）,20：大波止・中央橋・長崎新地行き［長崎バス・さいかい交通］
津久葉町,長崎県,"諫早駅前西諫早駅・堂崎町, 県界競技場北口, 中核団地小ヶ倉・竹の下；諫早病院・西諫早ニュータウン, 中核団地西諫早ニュータウン, 中核団地八幡神社前・金谷町；競技場北口, 中核団地喜々津駅前・久山台"
八反田公園前,長崎自動車（株）,"満永-長与駅, 上横尾-溝川-長与ニュータウン線"
団地南口,長崎県,"西川内競技場北口・青葉台；シーサイド・喜々津団地, 東厚生町喜々津シーサイド；青葉台・競技場北口"
上平,長崎自動車（株）,1：長崎駅前-住吉-滑石-桜の里方面
上平,さいかい交通（株）・長崎自動車（株）,20：大波止・中央橋・長崎新地行き［長崎バス・さいかい交通］
中核団地東,長崎県,"諫早駅前西諫早駅・堂崎町, 県界競技場北口, 中核団地小ヶ倉・竹の下；諫早病院・西諫早ニュータウン, 中核団地西諫早ニュータウン, 中核団地八幡神社前・金谷町；競技場北口, 中核団地喜々津駅前・久山台"
戸隠神社,長崎自動車（株）,"1：長崎駅前-住吉-榎の鼻-琴の尾登口, 1：長崎駅前-住吉-女の都・緑ヶ丘団地, 20：市役所・中央橋・長崎新地行き, 20：中央橋・長崎新地行き, 長崎新地-川平BP-時津・長与・畝刈方面, 北陽台高スクール"
継石,長崎自動車（株）,"1：長崎駅前-住吉-西海-三重・大串, 1：長崎駅前-住吉-時津・溝川, 20：中央橋・長崎新地行き, 長崎新地-川平BP-時津・長与・畝刈方面, 長崎新地-川平BP-時津方面, 北高スクール, 明誠高スクール, 立神-下大橋-北部方面, 立神-銭座町-北部方面"
継石,さいかい交通（株）・長崎自動車（株）,20：大波止・中央橋・長崎新地行き［長崎バス・さいかい交通］
小ヶ倉ダム入口,長崎県,"中核団地小ヶ倉・竹の下；諫早病院・西諫早ニュータウン, 有喜港西諫早ニュータウン・諫早病院；農高前・小ヶ倉, 諫早営業所小ヶ倉・農高前；諫早病院・西諫早ニュータウン"
慶師野,長崎県,唐比車庫慶師野
榎の鼻,長崎自動車（株）,1：長崎駅前-住吉-榎の鼻-琴の尾登口
中組（川床）,長崎県,"早見西諫早ニュータウン・諫早病院；市役所・川床・有喜港, 早見さつき台・西諫早ニュータウン；諫早病院・市役所, 今村有喜港・川床・市役所；諫早病院・西諫早ニュータウン, 諫早営業所有喜・川床・市役所；西諫早ニュータウン"
マリンヒル三京,長崎自動車（株）,"1：長崎駅前-住吉-滑石-桜の里方面, 豊洋台車庫-桜の里ターミナル・樫山"
マリンヒル三京,さいかい交通（株）・長崎自動車（株）,20：大波止・中央橋・長崎新地行き［長崎バス・さいかい交通］
城の平,長崎自動車（株）,"1：長崎駅前-住吉-榎の鼻-琴の尾登口, 20：中央橋・長崎新地行き, 北陽台高スクール, 立神-銭座町-北部方面"
尾崎,長崎自動車（株）,"1：長崎駅前-住吉-榎の鼻-琴の尾登口, 20：中央橋・長崎新地行き"
ソフトウェアセンター前,長崎県,"諫早駅前西諫早駅・堂崎町, 県界競技場北口, 中核団地小ヶ倉・竹の下；諫早病院・西諫早ニュータウン, 中核団地西諫早ニュータウン, 中核団地八幡神社前・金谷町；競技場北口, 中核団地喜々津駅前・久山台"
井手口,長崎県,"諫早駅前, 川口"
山田橋,長崎自動車（株）,"1：長崎駅前-住吉-榎の鼻-琴の尾登口, 20：中央橋・長崎新地行き"
光風台,長崎自動車（株）,"1：長崎駅前-住吉-滑石-桜の里方面, 20：市役所・中央橋行き, 20：中央橋・長崎新地行き, 北陽台高スクール, 明誠高スクール, 立神-銭座町-北部方面"
光風台,さいかい交通（株）・長崎自動車（株）,"20：大波止・中央橋・長崎新地行き［長崎バス・さいかい交通］, 光風台車庫行き［長崎バス・さいかい交通］"
鳴見台小学校前,長崎自動車（株）,"1：長崎駅前-住吉-滑石-桜の里方面, 20：中央橋・長崎新地行き, 北陽台高スクール, 明誠高スクール, 立神-銭座町-北部方面"
鳴見台小学校前,さいかい交通（株）・長崎自動車（株）,"20：大波止・中央橋・長崎新地行き［長崎バス・さいかい交通］, 光風台車庫行き［長崎バス・さいかい交通］"
小原,長崎自動車（株）,"1：長崎駅前-住吉-榎の鼻-琴の尾登口, 20：中央橋・長崎新地行き, 矢上-間の瀬-川平-小原-まなび野団地-長崎商業"
順手,島原鉄道（株）,島原〜多比良〜諫早行
北陽台高下,長崎自動車（株）,"1：長崎駅前-住吉-榎の鼻-満永, 1：長崎駅前-住吉-榎の鼻-琴の尾登口, 20：中央橋・長崎新地行き, 北陽台高スクール, 立神-銭座町-北部方面"
市布駅前,長崎県,"西川内競技場北口・青葉台；シーサイド・喜々津団地, 東厚生町喜々津シーサイド；青葉台・競技場北口"
平木場,長崎自動車（株）,"1：長崎駅前-住吉-榎の鼻-琴の尾登口, 20：中央橋・長崎新地行き"
夫婦木入口,長崎県,夫婦木市役所・農高前
中核団地南,長崎県,"諫早駅前西諫早駅・堂崎町, 県界競技場北口, 中核団地小ヶ倉・竹の下；諫早病院・西諫早ニュータウン, 中核団地西諫早ニュータウン, 中核団地八幡神社前・金谷町；競技場北口, 中核団地喜々津駅前・久山台"
土師野尾ダム入口,長崎県,"諫早・東厚生町三本松・競技場北口, 飯盛団地競技場北口・平山・江の浦, 東厚生町江の浦・平山・競技場北口, 上後古場農高前・栗面・土師野尾"
長与駅東口,長崎自動車（株）,"上横尾-溝川-長与ニュータウン線, 時津-長与線"
三会神社前,島原鉄道（株）,"島原〜多比良〜諫早行, 加津佐海水浴場前〜島原行"
旧茶屋,長崎県,"戸石競技場北口・久山台・花ノ木, 東厚生町花ノ木・久山台・競技場北口"
上長与公民館前,長崎自動車（株）,"1：長崎駅前-住吉-榎の鼻-琴の尾登口, 20：中央橋・長崎新地行き"
崎尾入口,長崎自動車（株）,"1：長崎駅前-住吉-女の都・緑ヶ丘団地, 1/9：昭和町-女の都・長与ニュータウン, 9：長崎駅前-純心校前-恵の丘・女の都方面, 20：市役所・中央橋・長崎新地行き, 20：中央橋・長崎新地行き, 上横尾-溝川-長与ニュータウン線, 時津-長与線, 北陽台高スクール, 明誠高スクール"
鳴見台口,長崎自動車（株）,"1：長崎駅前-住吉-滑石-桜の里方面, 20：市役所・中央橋行き, 北陽台高スクール, 明誠高スクール, 立神-銭座町-北部方面"
鳴見台口,さいかい交通（株）・長崎自動車（株）,20：大波止・中央橋・長崎新地行き［長崎バス・さいかい交通］
三根,長崎自動車（株）,"1：長崎駅前-住吉-榎の鼻-琴の尾登口, 1：長崎駅前-住吉-女の都・緑ヶ丘団地, 20：市役所・中央橋・長崎新地行き, 20：中央橋・長崎新地行き, 長崎新地-川平BP-時津・長与・畝刈方面, 北陽台高スクール, 矢上-間の瀬-川平-小原-まなび野団地-長崎商業"
長与駅,長崎自動車（株）,"満永-長与駅, 時津-長与線"
井手園,長崎自動車（株）,"1：長崎駅前-住吉-西海-三重・大串, 1：長崎駅前-住吉-時津・溝川, 20：中央橋・長崎新地行き, 北高スクール, 明誠高スクール, 立神-下大橋-北部方面, 立神-銭座町-北部方面"
井手園,さいかい交通（株）・長崎自動車（株）,20：大波止・中央橋・長崎新地行き［長崎バス・さいかい交通］
長与駅西口,長崎県,"長崎駅前まなび野団地；西山バイパス・大波止, 商業"
南陽台北口,長崎自動車（株）,"1：長崎駅前-住吉-榎の鼻-満永, 20：中央橋・長崎新地行き, 時津-長与線, 長崎新地-川平BP-時津・長与・畝刈方面, 明誠高スクール"
配水池下,長崎県,"諫早駅前西諫早駅・堂崎町, 県界競技場北口, 中核団地小ヶ倉・竹の下；諫早病院・西諫早ニュータウン, 中核団地西諫早ニュータウン, 中核団地八幡神社前・金谷町；競技場北口, 中核団地喜々津駅前・久山台"
谷角,長崎県,"西川内競技場北口・青葉台；シーサイド・喜々津団地, 東厚生町喜々津シーサイド；青葉台・競技場北口"
市布中央,長崎県,"西川内競技場北口・青葉台；シーサイド・喜々津団地, 東厚生町喜々津シーサイド；青葉台・競技場北口"
塚原,長崎県,"中央橋長崎バイパス・大波止, 長崎駅前競技場北口・藤棚, 諫早・東厚生町藤棚・競技場北口, 諫早・東厚生町つつじが丘・西諫早ニュータウン, 長崎駅前西諫早ニュータウン・つつじが丘, 諫早駅前つつじが丘・西諫早ニュータウン, 長崎駅前つつじが丘・イオン東長崎, 喜々津シーサイドイオン東長崎・つつじが丘, 諫早・東厚生町藤棚・西諫早ニュータウン；諫早市役所, 喜々津駅通つつじが丘, 西陵高校日見公園前・つつじが丘, 網場・春日車庫前つつじが丘・高城台；日見公園前, 西陵高校高城台・つつじが丘, 東望道つつじが丘, 喜々津橋, 西陵高校ガーデンシティ・矢上団地, 田結東矢上団地・ガーデンシティ, 久山台ニュータウン大波止・長崎バイパス, 諫早・東厚生町つつじが丘・競技場北口；諫早市役所"
鳴鼓トンネル口,長崎自動車（株）,20：中央橋・長崎新地行き
崎尾団地前,長崎自動車（株）,"1：長崎駅前-住吉-榎の鼻-満永, 1：長崎駅前-住吉-榎の鼻-琴の尾登口, 1：長崎駅前-住吉-女の都・緑ヶ丘団地, 1/9：昭和町-女の都・長与ニュータウン, 9：長崎駅前-純心校前-恵の丘・女の都方面, 20：市役所・中央橋・長崎新地行き, 20：中央橋・長崎新地行き, 時津-長与線, 長崎新地-川平BP-時津・長与・畝刈方面, 長商高スクール, 明誠高スクール"
愛野駅前,島原鉄道（株）,島原〜多比良〜諫早行
長与駅西口,長崎県,"長崎東高サニータウン；三原団地・西山台団地, まなび野団地西山台団地・三原団地；サニータウン, 長与駅西口西山バイパス；シーボルト校・まなび野"
長与駅西口,長崎自動車（株）,"1：長崎駅前-住吉-榎の鼻-琴の尾登口, 1：長崎駅前-住吉-女の都・緑ヶ丘団地, 1/9：昭和町-女の都・長与ニュータウン, 9：長崎駅前-純心校前-恵の丘・女の都方面, 20：市役所・中央橋・長崎新地行き, 20：中央橋・長崎新地行き, 時津-長与線, 長崎新地-川平BP-時津・長与・畝刈方面, 北陽台高スクール, 明誠高スクール, 矢上-間の瀬-川平-小原-まなび野団地-長崎商業"
平向,長崎県,"西川内競技場北口・青葉台；シーサイド・喜々津団地, 東厚生町喜々津シーサイド；青葉台・競技場北口"
長与南小前,長崎自動車（株）,"1：長崎駅前-住吉-榎の鼻-満永, 20：中央橋・長崎新地行き, 時津-長与線, 長崎新地-川平BP-時津・長与・畝刈方面, 明誠高スクール"
帯田平,長崎自動車（株）,"上横尾-溝川-長与ニュータウン線, 時津-長与線"
鳴見公民館前,長崎自動車（株）,"1：長崎駅前-住吉-滑石-桜の里方面, 20：市役所・中央橋行き, 北陽台高スクール, 明誠高スクール, 立神-銭座町-北部方面"
鳴見公民館前,さいかい交通（株）・長崎自動車（株）,20：大波止・中央橋・長崎新地行き［長崎バス・さいかい交通］
のぞみの杜入口,長崎自動車（株）,"1：長崎駅前-住吉-榎の鼻-琴の尾登口, 1：長崎駅前-住吉-女の都・緑ヶ丘団地, 20：市役所・中央橋・長崎新地行き, 20：中央橋・長崎新地行き, 長崎新地-川平BP-時津・長与・畝刈方面, 北陽台高スクール, 矢上-間の瀬-川平-小原-まなび野団地-長崎商業"
上横尾車庫,長崎自動車（株）,上横尾-溝川-長与ニュータウン線
沖平東,長崎自動車（株）,"3：長崎駅前-城栄町/春木町-下大橋・小江原・式見, 6：長崎駅前-飽の浦-福田, 20：中央橋・長崎新地行き"
沖平東,さいかい交通（株）・長崎自動車（株）,20：大波止・中央橋・長崎新地行き［長崎バス・さいかい交通］
愛野,島原鉄道（株）,島原〜多比良〜諫早行
遠の木場,長崎自動車（株）,"1：長崎駅前-住吉-滑石-桜の里方面, 20：市役所・中央橋行き"
遠の木場,さいかい交通（株）・長崎自動車（株）,20：大波止・中央橋・長崎新地行き［長崎バス・さいかい交通］
天満宮下,長崎自動車（株）,"1：長崎駅前-住吉-榎の鼻-満永, 1：長崎駅前-住吉-榎の鼻-琴の尾登口, 20：中央橋・長崎新地行き, 長崎新地-川平BP-時津・長与・畝刈方面, 北陽台高スクール, 立神-銭座町-北部方面"
秀路,長崎県,"早見西諫早ニュータウン・諫早病院；市役所・川床・有喜港, 早見さつき台・西諫早ニュータウン；諫早病院・市役所, 今村有喜港・川床・市役所；諫早病院・西諫早ニュータウン, 諫早営業所有喜・川床・市役所；西諫早ニュータウン"
長与ニュータウン,長崎自動車（株）,"1：長崎駅前-住吉-女の都・緑ヶ丘団地, 1/9：昭和町-女の都・長与ニュータウン, 9：長崎駅前-純心校前-恵の丘・女の都方面, 20：市役所・中央橋・長崎新地行き, 20：中央橋・長崎新地行き, 20：長与ニュータウン団地内方面, 上横尾-溝川-長与ニュータウン線, 時津-長与線, 明誠高スクール, 長与ニュータウン行き"
団地中央公園前,長崎自動車（株）,"1：長崎駅前-住吉-女の都・緑ヶ丘団地, 1/9：昭和町-女の都・長与ニュータウン, 9：長崎駅前-純心校前-恵の丘・女の都方面, 20：市役所・中央橋・長崎新地行き, 20：中央橋・長崎新地行き, 20：長与ニュータウン団地内方面, 上横尾-溝川-長与ニュータウン線, 時津-長与線, 明誠高スクール, 長与ニュータウン行き"
夫婦木,長崎県,夫婦木市役所・農高前
池原,長崎県,"長崎東高サニータウン；三原団地・西山台団地, まなび野団地西山台団地・三原団地；サニータウン"
池原,長崎自動車（株）,"1：長崎駅前-住吉-榎の鼻-琴の尾登口, 1：長崎駅前-住吉-女の都・緑ヶ丘団地, 1/9：昭和町-女の都・長与ニュータウン, 9：長崎駅前-純心校前-恵の丘・女の都方面, 20：市役所・中央橋・長崎新地行き, 20：中央橋・長崎新地行き, 上横尾-溝川-長与ニュータウン線, 時津-長与線, 長崎新地-川平BP-時津・長与・畝刈方面, 北陽台高スクール, 明誠高スクール, 矢上-間の瀬-川平-小原-まなび野団地-長崎商業, 長与ニュータウン行き"
梅の木,長崎県,"諫早駅前上山・市役所, 柳原市役所・上山, 諫早営業所上山・市役所；西諫早ニュータウン"
愛野保健福祉センター,長崎県,"諫早営業所有喜・唐比・諫早東高前；西諫早ニュータウン, 唐比車庫諫早東高前, 西陵高校, 西陵高校諫早東高前・競技場北口, 愛津"
後川内入口,長崎自動車（株）,"1：長崎駅前-住吉-榎の鼻-満永, 1：長崎駅前-住吉-榎の鼻-琴の尾登口, 1：長崎駅前-住吉-女の都・緑ヶ丘団地, 1/9：昭和町-女の都・長与ニュータウン, 9：長崎駅前-純心校前-恵の丘・女の都方面, 20：市役所・中央橋・長崎新地行き, 20：中央橋・長崎新地行き, 時津-長与線, 長崎新地-川平BP-時津・長与・畝刈方面, 長商高スクール, 明誠高スクール"
上横尾,長崎自動車（株）,"1：長崎駅前-住吉-上横尾, 20：市役所・中央橋行き, 上横尾-溝川-長与ニュータウン線, 北高スクール, 北陽台高スクール, プレミアムライナー"
団地東,長崎自動車（株）,"1：長崎駅前-住吉-女の都・緑ヶ丘団地, 1/9：昭和町-女の都・長与ニュータウン, 9：長崎駅前-純心校前-恵の丘・女の都方面, 20：市役所・中央橋・長崎新地行き, 20：中央橋・長崎新地行き, 上横尾-溝川-長与ニュータウン線, 時津-長与線, 明誠高スクール, 長与ニュータウン行き"
愛の夢未来センター前,島原鉄道（株）,"島原〜雲仙〜小浜〜諫早行, 口之津〜小浜〜諫早行, 有家〜小浜・小浜高〜諫早行, 島原〜多比良〜諫早行, 小浜〜諫早行"
江の下,長崎自動車（株）,"1：長崎駅前-住吉-女の都・緑ヶ丘団地, 1/9：昭和町-女の都・長与ニュータウン, 9：長崎駅前-純心校前-恵の丘・女の都方面, 20：市役所・中央橋・長崎新地行き, 20：中央橋・長崎新地行き, 上横尾-溝川-長与ニュータウン線, 時津-長与線, 明誠高スクール, 長与ニュータウン行き"
市布,長崎県,"長崎駅前競技場北口・藤棚, 諫早・東厚生町藤棚・競技場北口, 諫早・東厚生町つつじが丘・西諫早ニュータウン, 長崎駅前西諫早ニュータウン・つつじが丘, 諫早駅前つつじが丘・西諫早ニュータウン, 長崎駅前つつじが丘・イオン東長崎, 喜々津シーサイドイオン東長崎・つつじが丘, 諫早・東厚生町藤棚・西諫早ニュータウン；諫早市役所, 喜々津駅通つつじが丘, 西陵高校日見公園前・つつじが丘, 網場・春日車庫前つつじが丘・高城台；日見公園前, 西陵高校高城台・つつじが丘, 東望道つつじが丘, 喜々津橋, 西陵高校ガーデンシティ・矢上団地, 田結東矢上団地・ガーデンシティ, 諫早・東厚生町つつじが丘・競技場北口；諫早市役所"
畦別当上,長崎自動車（株）,矢上-間の瀬-川平-小原-まなび野団地-長崎商業
珍川,長崎自動車（株）,"1：長崎駅前-住吉-女の都・緑ヶ丘団地, 1/9：昭和町-女の都・長与ニュータウン, 9：長崎駅前-純心校前-恵の丘・女の都方面, 20：市役所・中央橋・長崎新地行き, 20：中央橋・長崎新地行き, 上横尾-溝川-長与ニュータウン線, 時津-長与線, 明誠高スクール, 長与ニュータウン行き"
長与第二中学校前,長崎県,"長崎東高サニータウン；三原団地・西山台団地, まなび野団地西山台団地・三原団地；サニータウン, 長与駅西口西山バイパス；シーボルト校・まなび野, 長崎駅前まなび野団地；西山バイパス・大波止, 商業"
長与第二中学校前,長崎自動車（株）,"1：長崎駅前-住吉-榎の鼻-琴の尾登口, 20：中央橋・長崎新地行き, 上横尾-溝川-長与ニュータウン線, 時津-長与線, 長崎新地-川平BP-時津・長与・畝刈方面, 北陽台高スクール, 矢上-間の瀬-川平-小原-まなび野団地-長崎商業"
南陽台中央,長崎自動車（株）,"1：長崎駅前-住吉-榎の鼻-満永, 20：中央橋・長崎新地行き, 時津-長与線, 長崎新地-川平BP-時津・長与・畝刈方面, 明誠高スクール"
横尾中学校口,長崎自動車（株）,"1：長崎駅前-住吉-上横尾, 20：市役所・中央橋行き, 上横尾-溝川-長与ニュータウン線, 北高スクール, 北陽台高スクール"
長崎外国語大学,長崎自動車（株）,長崎外国語大学行き
長崎外国語大学,さいかい交通（株）・長崎自動車（株）,20：大波止・中央橋・長崎新地行き［長崎バス・さいかい交通］
東高田,長崎自動車（株）,"1：長崎駅前-住吉-榎の鼻-満永, 1：長崎駅前-住吉-榎の鼻-琴の尾登口, 20：中央橋・長崎新地行き, 長崎新地-川平BP-時津・長与・畝刈方面, 北陽台高スクール, 立神-銭座町-北部方面"
大曽野,長崎自動車（株）,"1：長崎駅前-住吉-女の都・緑ヶ丘団地, 1/9：昭和町-女の都・長与ニュータウン, 9：長崎駅前-純心校前-恵の丘・女の都方面, 20：市役所・中央橋・長崎新地行き, 20：中央橋・長崎新地行き, 上横尾-溝川-長与ニュータウン線, 時津-長与線, 明誠高スクール, 長与ニュータウン行き"
正念,長崎県,"中央橋長崎バイパス・大波止, 長崎空港【リムジン】浦上経由・試験場前, 長崎駅前【リムジン】試験場前・諫早インター；浦上経由, 久山台ニュータウン大波止・長崎バイパス"
三会駅前,島原鉄道（株）,"島原〜多比良〜諫早行, 加津佐海水浴場前〜島原行"
元村,長崎自動車（株）,"1：長崎駅前-住吉-西海-三重・大串, 1：長崎駅前-住吉-時津・溝川, 20：中央橋・長崎新地行き, 北高スクール, 明誠高スクール, 立神-下大橋-北部方面, 立神-銭座町-北部方面"
元村,さいかい交通（株）・長崎自動車（株）,20：大波止・中央橋・長崎新地行き［長崎バス・さいかい交通］
鳴見ヶ丘,長崎自動車（株）,"1：長崎駅前-住吉-滑石-桜の里方面, 20：市役所・中央橋行き, 北陽台高スクール, 明誠高スクール, 立神-銭座町-北部方面"
鳴見ヶ丘,さいかい交通（株）・長崎自動車（株）,20：大波止・中央橋・長崎新地行き［長崎バス・さいかい交通］
百合野病院,長崎自動車（株）,ゆりちゃん
池山,長崎県,"長崎東高サニータウン；三原団地・西山台団地, まなび野団地西山台団地・三原団地；サニータウン"
池山,長崎自動車（株）,"1：長崎駅前-住吉-女の都・緑ヶ丘団地, 20：市役所・中央橋・長崎新地行き, 上横尾-溝川-長与ニュータウン線, 時津-長与線, 北陽台高スクール, 長与ニュータウン行き"
丸尾第二,長崎自動車（株）,ゆりちゃん
愛野中学校下,島原鉄道（株）,"島原〜雲仙〜小浜〜諫早行, 口之津〜小浜〜諫早行, 有家〜小浜・小浜高〜諫早行, 小浜〜諫早行"
横尾中央,長崎自動車（株）,"1：長崎駅前-住吉-上横尾, 20：市役所・中央橋行き, 北高スクール, 北陽台高スクール, プレミアムライナー"
樫山,長崎自動車（株）,"1：長崎駅前-住吉-滑石-桜の里方面, 豊洋台車庫-桜の里ターミナル・樫山"
樫山,さいかい交通（株）・長崎自動車（株）,20：大波止・中央橋・長崎新地行き［長崎バス・さいかい交通］
下土師野尾,長崎県,"諫早・東厚生町三本松・競技場北口, 飯盛団地競技場北口・平山・江の浦, 東厚生町江の浦・平山・競技場北口, 上後古場農高前・栗面・土師野尾"
丸尾第三,長崎自動車（株）,ゆりちゃん
青葉台団地,長崎自動車（株）,"1：長崎駅前-住吉-榎の鼻-満永, 1：長崎駅前-住吉-榎の鼻-琴の尾登口, 1：長崎駅前-住吉-女の都・緑ヶ丘団地, 1/9：昭和町-女の都・長与ニュータウン, 9：長崎駅前-純心校前-恵の丘・女の都方面, 20：市役所・中央橋・長崎新地行き, 20：中央橋・長崎新地行き, 時津-長与線, 長崎新地-川平BP-時津・長与・畝刈方面, 長商高スクール, 明誠高スクール"
善神,長崎県,"中核団地小ヶ倉・竹の下；諫早病院・西諫早ニュータウン, 有喜港西諫早ニュータウン・諫早病院；農高前・小ヶ倉, 諫早営業所小ヶ倉・農高前；諫早病院・西諫早ニュータウン"
横尾小学校前,長崎自動車（株）,"1：長崎駅前-住吉-上横尾, 20：市役所・中央橋行き, 上横尾-溝川-長与ニュータウン線, 北高スクール, 北陽台高スクール"
杉谷古場,長崎県,唐比車庫慶師野
まなび野北,長崎県,"長崎東高サニータウン；三原団地・西山台団地, まなび野団地西山台団地・三原団地；サニータウン, 長与駅西口西山バイパス；シーボルト校・まなび野, 長崎駅前まなび野団地；西山バイパス・大波止, 商業"
まなび野北,長崎自動車（株）,"1：長崎駅前-住吉-榎の鼻-琴の尾登口, 20：中央橋・長崎新地行き, 上横尾-溝川-長与ニュータウン線, 時津-長与線, 長崎新地-川平BP-時津・長与・畝刈方面, 北陽台高スクール, 矢上-間の瀬-川平-小原-まなび野団地-長崎商業"
サニータウン車庫,長崎県,"長崎東高サニータウン；三原団地・西山台団地, まなび野団地西山台団地・三原団地；サニータウン, 中央橋市役所, 中央橋市役所・中央公園前, 網場・春日車庫前大波止・ペンギン水族館, サニータウン市役所, サニータウン大波止"
丸尾中央,長崎自動車（株）,ゆりちゃん
外語大入口,長崎自動車（株）,長崎外国語大学行き
外語大入口,さいかい交通（株）・長崎自動車（株）,20：大波止・中央橋・長崎新地行き［長崎バス・さいかい交通］
本木,長崎自動車（株）,"1：長崎駅前-住吉-榎の鼻-満永, 1：長崎駅前-住吉-榎の鼻-琴の尾登口, 20：中央橋・長崎新地行き, 長崎新地-川平BP-時津・長与・畝刈方面, 北陽台高スクール, 立神-銭座町-北部方面"
野副（川床）,長崎県,"早見西諫早ニュータウン・諫早病院；市役所・川床・有喜港, 早見さつき台・西諫早ニュータウン；諫早病院・市役所, 今村有喜港・川床・市役所；諫早病院・西諫早ニュータウン, 諫早営業所有喜・川床・市役所；西諫早ニュータウン"
団地公園前,長崎自動車（株）,"1：長崎駅前-住吉-榎の鼻-満永, 1：長崎駅前-住吉-榎の鼻-琴の尾登口, 1：長崎駅前-住吉-女の都・緑ヶ丘団地, 1/9：昭和町-女の都・長与ニュータウン, 9：長崎駅前-純心校前-恵の丘・女の都方面, 20：市役所・中央橋・長崎新地行き, 20：中央橋・長崎新地行き, 時津-長与線, 長崎新地-川平BP-時津・長与・畝刈方面, 長商高スクール, 明誠高スクール"
秋寄,長崎自動車（株）,"1：長崎駅前-住吉-上横尾, 20：市役所・中央橋行き, 上横尾-溝川-長与ニュータウン線, 北高スクール, 北陽台高スクール"
丸尾公園前,長崎自動車（株）,ゆりちゃん
新港入口,島原鉄道（株）,"島原〜多比良〜諫早行, 加津佐海水浴場前〜島原行"
南陽台南口,長崎自動車（株）,"1：長崎駅前-住吉-榎の鼻-満永, 20：中央橋・長崎新地行き, 時津-長与線, 長崎新地-川平BP-時津・長与・畝刈方面, 明誠高スクール"
つつじが丘,長崎県,"立神大波止・旭大橋, 長崎駅前イオン東長崎・大波止, 立神大波止, 長崎商高大波止, 喜々津橋, 長崎県庁前夢彩都, 矢上, 長崎東高"
つつじが丘,長崎県,"諫早・東厚生町つつじが丘・西諫早ニュータウン, 長崎駅前西諫早ニュータウン・つつじが丘, 諫早駅前つつじが丘・西諫早ニュータウン, 藤棚つつじが丘, 長崎駅前つつじが丘・イオン東長崎, つつじが丘イオン東長崎, 喜々津シーサイドイオン東長崎・つつじが丘, つつじが丘日見公園前, 喜々津駅通つつじが丘, 西陵高校日見公園前・つつじが丘, 網場・春日車庫前つつじが丘・高城台；日見公園前, 西陵高校高城台・つつじが丘, 東望道つつじが丘, 諫早・東厚生町つつじが丘・競技場北口；諫早市役所"
つつじが丘,長崎自動車（株）,"100：ココウォーク茂里町行き, 90：矢上-古賀-つつじが丘, つつじが丘-イオン東長崎店, 南高スクール"
百合野が丘,長崎自動車（株）,ゆりちゃん
サニータウン北口,長崎県,"長崎東高サニータウン；三原団地・西山台団地, まなび野団地西山台団地・三原団地；サニータウン, 中央橋市役所, 中央橋市役所・中央公園前, 網場・春日車庫前大波止・ペンギン水族館, サニータウン市役所, サニータウン大波止"
サニータウン北口,長崎自動車（株）,"1：長崎駅前-住吉-女の都・緑ヶ丘団地, 20：市役所・中央橋・長崎新地行き, 上横尾-溝川-長与ニュータウン線, 時津-長与線, 北陽台高スクール, 長与ニュータウン行き"
沖平南,長崎自動車（株）,"3：長崎駅前-城栄町/春木町-下大橋・小江原・式見, 6：長崎駅前-飽の浦-福田, 20：中央橋・長崎新地行き"
沖平南,さいかい交通（株）・長崎自動車（株）,20：大波止・中央橋・長崎新地行き［長崎バス・さいかい交通］
畦別当,長崎県,"中央橋長崎バイパス・大波止, 長崎空港【リムジン】浦上経由・試験場前, 長崎駅前【リムジン】試験場前・諫早インター；浦上経由, 久山台ニュータウン大波止・長崎バイパス"
バイパス多良見,長崎県,"中央橋長崎バイパス・大波止, 長崎空港【リムジン】浦上経由・試験場前, 長崎駅前【リムジン】試験場前・諫早インター；浦上経由, 久山台ニュータウン大波止・長崎バイパス"
畦別当公民館下,長崎自動車（株）,矢上-間の瀬-川平-小原-まなび野団地-長崎商業
木場の上,長崎自動車（株）,"1：長崎駅前-住吉-滑石-桜の里方面, 20：市役所・中央橋行き, 北陽台高スクール, 明誠高スクール, 立神-銭座町-北部方面"
木場の上,さいかい交通（株）・長崎自動車（株）,20：大波止・中央橋・長崎新地行き［長崎バス・さいかい交通］
まなび野団地,長崎県,"長崎東高サニータウン；三原団地・西山台団地, まなび野団地西山台団地・三原団地；サニータウン, 長与駅西口西山バイパス；シーボルト校・まなび野, 長崎駅前まなび野団地；西山バイパス・大波止, 商業"
まなび野団地,長崎自動車（株）,"1：長崎駅前-住吉-榎の鼻-琴の尾登口, 20：中央橋・長崎新地行き, 上横尾-溝川-長与ニュータウン線, 時津-長与線, 長崎新地-川平BP-時津・長与・畝刈方面, 北陽台高スクール, 矢上-間の瀬-川平-小原-まなび野団地-長崎商業"
百合野中央,長崎自動車（株）,ゆりちゃん
八峰口,長崎県,"中央橋長崎バイパス・大波止, 長崎空港【リムジン】浦上経由・試験場前, 長崎駅前【リムジン】試験場前・諫早インター；浦上経由, 久山台ニュータウン大波止・長崎バイパス"
柳原,長崎県,"諫早駅前上山・市役所, 柳原市役所・上山, 諫早営業所上山・市役所；西諫早ニュータウン"
多良見団地,長崎県,"諫早・東厚生町つつじが丘・西諫早ニュータウン, 長崎駅前西諫早ニュータウン・つつじが丘, 諫早駅前つつじが丘・西諫早ニュータウン, 立神大波止・旭大橋, 藤棚つつじが丘, 長崎駅前イオン東長崎・大波止, 長崎駅前つつじが丘・イオン東長崎, つつじが丘イオン東長崎, 立神大波止, 長崎商高大波止, 喜々津シーサイドイオン東長崎・つつじが丘, つつじが丘日見公園前, 喜々津駅通つつじが丘, 西陵高校日見公園前・つつじが丘, 網場・春日車庫前つつじが丘・高城台；日見公園前, 西陵高校高城台・つつじが丘, 東望道つつじが丘, 長崎県庁前夢彩都, 矢上, 長崎東高, 諫早・東厚生町つつじが丘・競技場北口；諫早市役所"
多良見団地,長崎自動車（株）,"100：ココウォーク茂里町行き, 90：矢上-古賀-つつじが丘, つつじが丘-イオン東長崎店, 南高スクール"
上床,長崎自動車（株）,"1：長崎駅前-住吉-滑石-桜の里方面, 1：長崎駅前-住吉方面, 20：市役所・中央橋行き, シーボルト校スクール, 北陽台高スクール, 明誠高スクール, 立神-銭座町-北部方面"
上床,さいかい交通（株）・長崎自動車（株）,20：大波止・中央橋・長崎新地行き［長崎バス・さいかい交通］
新田頭,長崎自動車（株）,"100：ココウォーク茂里町行き, 90：矢上-間の瀬-新田頭"
広刈,長崎自動車（株）,"1：長崎駅前-住吉-滑石-桜の里方面, 1：長崎駅前-住吉方面, 20：市役所・中央橋行き, シーボルト校スクール, 北陽台高スクール, 明誠高スクール, 立神-銭座町-北部方面"
広刈,さいかい交通（株）・長崎自動車（株）,20：大波止・中央橋・長崎新地行き［長崎バス・さいかい交通］
杉谷中組,長崎県,唐比車庫慶師野
横尾口,長崎自動車（株）,"1：長崎駅前-住吉-上横尾, 20：市役所・中央橋行き, 北高スクール, 北陽台高スクール"
百合野公民館前,長崎自動車（株）,ゆりちゃん
藤棚,長崎県,"長崎駅前競技場北口・藤棚, 諫早・東厚生町藤棚・競技場北口, 藤棚つつじが丘, 諫早・東厚生町藤棚・西諫早ニュータウン；諫早市役所, 西陵高校ガーデンシティ・矢上団地, 田結東矢上団地・ガーデンシティ"
児童公園前,長崎自動車（株）,ゆりちゃん
小ヶ倉,長崎県,"中核団地小ヶ倉・竹の下；諫早病院・西諫早ニュータウン, 有喜港西諫早ニュータウン・諫早病院；農高前・小ヶ倉, 諫早営業所小ヶ倉・農高前；諫早病院・西諫早ニュータウン"
森山東小前,長崎県,唐比車庫慶師野
県立大学シーボルト校,長崎県,"長崎東高サニータウン；三原団地・西山台団地, まなび野団地西山台団地・三原団地；サニータウン, 長与駅西口西山バイパス；シーボルト校・まなび野, 長崎駅前まなび野団地；西山バイパス・大波止, 商業"
県立大学シーボルト校,長崎自動車（株）,"1：長崎駅前-住吉-榎の鼻-琴の尾登口, 1：長崎駅前-住吉-女の都・緑ヶ丘団地, 20：市役所・中央橋・長崎新地行き, 20：中央橋・長崎新地行き, シーボルト校スクール, 時津-長与線, 長崎新地-川平BP-時津・長与・畝刈方面, 矢上-間の瀬-川平-小原-まなび野団地-長崎商業"
玉の橋,長崎県,"諫早駅前, 川口"
百合野,長崎自動車（株）,"1：長崎駅前-住吉-榎の鼻-満永, 1：長崎駅前-住吉-榎の鼻-琴の尾登口, 20：中央橋・長崎新地行き, 北陽台高スクール, 立神-銭座町-北部方面"
三軒茶屋,長崎県,"諫早営業所有喜・唐比・諫早東高前；西諫早ニュータウン, 唐比車庫諫早東高前, 西陵高校諫早東高前・競技場北口"
八峰,長崎自動車（株）,"100：ココウォーク茂里町行き, 90：矢上-間の瀬-新田頭, 矢上-間の瀬-川平-小原-まなび野団地-長崎商業"
幸町（唐比）,長崎県,"諫早営業所有喜・唐比・諫早東高前；西諫早ニュータウン, 唐比車庫諫早東高前, 西陵高校諫早東高前・競技場北口"
商業入口,長崎県,"長与駅西口西山バイパス；シーボルト校・まなび野, 長崎駅前まなび野団地；西山バイパス・大波止, 商業"
商業入口,長崎自動車（株）,"1：長崎駅前-住吉-女の都・緑ヶ丘団地, 1/9：昭和町-女の都・長与ニュータウン, 9：長崎駅前-純心校前-恵の丘・女の都方面, 20：市役所・中央橋・長崎新地行き, 20：中央橋・長崎新地行き, シーボルト校スクール, 長崎新地-川平BP-時津・長与・畝刈方面, 長商高スクール, 矢上-間の瀬-川平-小原-まなび野団地-長崎商業"
打坂,長崎自動車（株）,"1：長崎駅前-住吉-西海-三重・大串, 1：長崎駅前-住吉-時津・溝川, 長崎外国語大学行き, 20：中央橋・長崎新地行き, 北高スクール, 明誠高スクール, 立神-下大橋-北部方面, 立神-銭座町-北部方面"
打坂,さいかい交通（株）・長崎自動車（株）,20：大波止・中央橋・長崎新地行き［長崎バス・さいかい交通］
百合野第一,長崎自動車（株）,ゆりちゃん
サニータウン,長崎県,"長崎東高サニータウン；三原団地・西山台団地, まなび野団地西山台団地・三原団地；サニータウン, 中央橋市役所, 中央橋市役所・中央公園前, 網場・春日車庫前大波止・ペンギン水族館, サニータウン市役所, サニータウン大波止"
サニータウン,長崎自動車（株）,"1：長崎駅前-住吉-女の都・緑ヶ丘団地, 20：市役所・中央橋・長崎新地行き, 上横尾-溝川-長与ニュータウン線, 時津-長与線, 北陽台高スクール, 長与ニュータウン行き"
余木,長崎県,"早見西諫早ニュータウン・諫早病院；市役所・川床・有喜港, 早見さつき台・西諫早ニュータウン；諫早病院・市役所, 今村有喜港・川床・市役所；諫早病院・西諫早ニュータウン, 諫早営業所有喜・川床・市役所；西諫早ニュータウン"
畦別当下,長崎自動車（株）,矢上-間の瀬-川平-小原-まなび野団地-長崎商業
寺川内,長崎自動車（株）,"1：長崎駅前-住吉-滑石-桜の里方面, 1：長崎駅前-住吉方面, 20：市役所・中央橋行き, シーボルト校スクール, 滑石-式見線, 長商高スクール, 北陽台高スクール, 明誠高スクール, 大橋-住吉-虹が丘-寺川内, 立神-下大橋-北部方面, 立神-銭座町-北部方面, プレミアムライナー"
寺川内,さいかい交通（株）・長崎自動車（株）,20：大波止・中央橋・長崎新地行き［長崎バス・さいかい交通］
長崎商高,長崎県,"長崎商高大波止, 中央橋市役所・中央公園前, 西山木場市役所, 長崎商高市役所"
長崎商高,長崎自動車（株）,"1：長崎駅前-住吉-女の都・緑ヶ丘団地, 20：市役所・中央橋・長崎新地行き, 20：中央橋・長崎新地行き, 長商高スクール, 長崎商業高校行き, 矢上-間の瀬-川平-小原-まなび野団地-長崎商業"
愛津,長崎県,"諫早営業所有喜・唐比・諫早東高前；西諫早ニュータウン, 唐比車庫諫早東高前, 西陵高校, 西陵高校諫早東高前・競技場北口, 愛津"
愛津,島原鉄道（株）,"島原〜雲仙〜小浜〜諫早行, 口之津〜小浜〜諫早行, 有家〜小浜・小浜高〜諫早行, 小浜〜諫早行"
丘の上公園前,長崎県,"長崎東高サニータウン；三原団地・西山台団地, まなび野団地西山台団地・三原団地；サニータウン, 中央橋市役所, 中央橋市役所・中央公園前, 網場・春日車庫前大波止・ペンギン水族館, サニータウン市役所, サニータウン大波止"
丘の上公園前,長崎自動車（株）,"1：長崎駅前-住吉-女の都・緑ヶ丘団地, 20：市役所・中央橋・長崎新地行き, 上横尾-溝川-長与ニュータウン線, 時津-長与線, 北陽台高スクール, 長与ニュータウン行き"
団地中央,長崎県,"諫早・東厚生町つつじが丘・西諫早ニュータウン, 長崎駅前西諫早ニュータウン・つつじが丘, 諫早駅前つつじが丘・西諫早ニュータウン, 立神大波止・旭大橋, 藤棚つつじが丘, 長崎駅前イオン東長崎・大波止, 長崎駅前つつじが丘・イオン東長崎, つつじが丘イオン東長崎, 立神大波止, 長崎商高大波止, 喜々津シーサイドイオン東長崎・つつじが丘, つつじが丘日見公園前, 喜々津駅通つつじが丘, 西陵高校日見公園前・つつじが丘, 網場・春日車庫前つつじが丘・高城台；日見公園前, 西陵高校高城台・つつじが丘, 東望道つつじが丘, 長崎県庁前夢彩都, 矢上, 長崎東高, 諫早・東厚生町つつじが丘・競技場北口；諫早市役所"
団地中央,長崎自動車（株）,"100：ココウォーク茂里町行き, 90：矢上-古賀-つつじが丘, つつじが丘-イオン東長崎店, 南高スクール"
百合野入口,長崎自動車（株）,ゆりちゃん
白髪,長崎自動車（株）,"1：長崎駅前-住吉-滑石-桜の里方面, 20：市役所・中央橋行き, 北陽台高スクール, 明誠高スクール, 立神-銭座町-北部方面"
白髪,さいかい交通（株）・長崎自動車（株）,20：大波止・中央橋・長崎新地行き［長崎バス・さいかい交通］
土師野尾,長崎県,"諫早・東厚生町三本松・競技場北口, 飯盛団地競技場北口・平山・江の浦, 東厚生町江の浦・平山・競技場北口, 上後古場農高前・栗面・土師野尾"
集会所前,長崎自動車（株）,"1：長崎駅前-住吉-滑石-桜の里方面, 滑石-式見線, 明誠高スクール, 立神-下大橋-北部方面, 立神-銭座町-北部方面"
集会所前,さいかい交通（株）・長崎自動車（株）,20：大波止・中央橋・長崎新地行き［長崎バス・さいかい交通］
大神宮前,長崎県,"長崎東高大波止・中央橋, 滑石団地中央橋・大波止・道の尾"
大神宮前,長崎自動車（株）,"1：長崎駅前-住吉-滑石-桜の里方面, 1：長崎駅前-住吉-上横尾, 1：長崎駅前-住吉方面, 20：市役所・中央橋行き, シーボルト校スクール, 長商高スクール, 北高スクール, 北陽台高スクール, 明誠高スクール, 立神-下大橋-北部方面, 立神-銭座町-北部方面, プレミアムライナー"
大神宮前,さいかい交通（株）・長崎自動車（株）,20：大波止・中央橋・長崎新地行き［長崎バス・さいかい交通］
流合橋,長崎自動車（株）,"1：長崎駅前-住吉-川平・恵の丘, 1/9：昭和町-西山台団地・恵の丘, 9：長崎駅前-純心校前-恵の丘・女の都方面, 20：市役所・中央橋・長崎新地行き, 20：中央橋・長崎新地行き, 北高スクール, 矢上-間の瀬-川平-小原-まなび野団地-長崎商業"
犬継,長崎自動車（株）,"1：長崎駅前-住吉-川平・恵の丘, 1/9：昭和町-西山台団地・恵の丘, 9：長崎駅前-純心校前-恵の丘・女の都方面, 20：市役所・中央橋・長崎新地行き, 20：中央橋・長崎新地行き, 北高スクール, 矢上-間の瀬-川平-小原-まなび野団地-長崎商業"
三宝橋,長崎自動車（株）,"1：長崎駅前-住吉-川平・恵の丘, 1/9：昭和町-西山台団地・恵の丘, 9：長崎駅前-純心校前-恵の丘・女の都方面, 20：市役所・中央橋・長崎新地行き, 20：中央橋・長崎新地行き, 北高スクール, 矢上-間の瀬-川平-小原-まなび野団地-長崎商業"
滑石口,長崎県,"長崎東高大波止・中央橋, 滑石団地中央橋・大波止・道の尾"
滑石口,長崎自動車（株）,"1：長崎駅前-住吉-滑石-桜の里方面, 1：長崎駅前-住吉-上横尾, 1：長崎駅前-住吉方面, 20：市役所・中央橋行き, シーボルト校スクール, 長商高スクール, 北高スクール, 北陽台高スクール, 明誠高スクール, 立神-下大橋-北部方面, 立神-銭座町-北部方面, プレミアムライナー"
滑石口,さいかい交通（株）・長崎自動車（株）,20：大波止・中央橋・長崎新地行き［長崎バス・さいかい交通］
横道,長崎県,"長崎東高大波止・中央橋, 滑石団地中央橋・大波止・道の尾"
横道,長崎自動車（株）,"1：長崎駅前-住吉-西海-三重・大串, 1：長崎駅前-住吉-時津・溝川, 1：長崎駅前-住吉-滑石-桜の里方面, 1：長崎駅前-住吉-上横尾, 1：長崎駅前-住吉方面, 20：市役所・中央橋行き, 20：中央橋・長崎新地行き, シーボルト校スクール, 長商高スクール, 北高スクール, 北陽台高スクール, 明誠高スクール, 立神-下大橋-北部方面, 立神-銭座町-北部方面"
横道,さいかい交通（株）・長崎自動車（株）,20：大波止・中央橋・長崎新地行き［長崎バス・さいかい交通］
島の本,長崎県,"長与駅西口西山バイパス；シーボルト校・まなび野, 長崎駅前まなび野団地；西山バイパス・大波止"
島の本,長崎自動車（株）,"1：長崎駅前-住吉-女の都・緑ヶ丘団地, 1/9：昭和町-女の都・長与ニュータウン, 9：長崎駅前-純心校前-恵の丘・女の都方面, 20：市役所・中央橋・長崎新地行き, 20：中央橋・長崎新地行き, シーボルト校スクール, 長崎新地-川平BP-時津・長与・畝刈方面, 長商高スクール, 長崎商業高校行き"
高田越,長崎自動車（株）,"1：長崎駅前-住吉-榎の鼻-満永, 1：長崎駅前-住吉-榎の鼻-琴の尾登口, 20：中央橋・長崎新地行き, ゆりちゃん, 北陽台高スクール, 立神-銭座町-北部方面"
日焼（土師野尾）,長崎県,上後古場農高前・栗面・土師野尾
前浜,島原鉄道（株）,"島原〜多比良〜諫早行, 加津佐海水浴場前〜島原行"
バイパス犬継,長崎県,"中央橋長崎バイパス・大波止, 長崎空港【リムジン】浦上経由・試験場前, 長崎駅前【リムジン】試験場前・諫早インター；浦上経由, 久山台ニュータウン大波止・長崎バイパス"
花ノ木,長崎県,"戸石競技場北口・久山台・花ノ木, 東厚生町花ノ木・久山台・競技場北口"
下木場,長崎自動車（株）,"1：長崎駅前-住吉-川平・恵の丘, 1/9：昭和町-西山台団地・恵の丘, 9：長崎駅前-純心校前-恵の丘・女の都方面, 20：市役所・中央橋・長崎新地行き, 20：中央橋・長崎新地行き, 北高スクール, 矢上-間の瀬-川平-小原-まなび野団地-長崎商業"
滑石ふれあいセンター前,長崎自動車（株）,滑石-式見線
滑石4丁目下,長崎自動車（株）,滑石-式見線
西の角,長崎県,"諫早駅前, 川口"
後古場,長崎県,上後古場農高前・栗面・土師野尾
古賀団地,長崎県,"諫早・東厚生町つつじが丘・西諫早ニュータウン, 長崎駅前西諫早ニュータウン・つつじが丘, 諫早駅前つつじが丘・西諫早ニュータウン, 立神大波止・旭大橋, 藤棚つつじが丘, 長崎駅前イオン東長崎・大波止, 長崎駅前つつじが丘・イオン東長崎, つつじが丘イオン東長崎, 立神大波止, 長崎商高大波止, 喜々津シーサイドイオン東長崎・つつじが丘, つつじが丘日見公園前, 喜々津駅通つつじが丘, 西陵高校日見公園前・つつじが丘, 網場・春日車庫前つつじが丘・高城台；日見公園前, 西陵高校高城台・つつじが丘, 東望道つつじが丘, 長崎県庁前夢彩都, 矢上, 長崎東高, 諫早・東厚生町つつじが丘・競技場北口；諫早市役所"
古賀団地,長崎自動車（株）,"100：ココウォーク茂里町行き, 90：矢上-古賀-つつじが丘, つつじが丘-イオン東長崎店, 南高スクール"
北陽小学校前,長崎県,"長崎東高大波止・中央橋, 滑石団地中央橋・大波止・道の尾"
北陽小学校前,長崎自動車（株）,"1：長崎駅前-住吉-滑石-桜の里方面, 1：長崎駅前-住吉方面, 20：市役所・中央橋行き, シーボルト校スクール, 長商高スクール, 北陽台高スクール, 大橋-住吉-虹が丘-寺川内, 立神-銭座町-北部方面"
北陽小学校前,さいかい交通（株）・長崎自動車（株）,20：大波止・中央橋・長崎新地行き［長崎バス・さいかい交通］
女の都小学校下,長崎県,"長崎東高サニータウン；三原団地・西山台団地, まなび野団地西山台団地・三原団地；サニータウン, 立神, 中央橋市役所, 女の都団地市役所, 中央橋市役所・中央公園前, 網場・春日車庫前大波止・ペンギン水族館, 女の都団地大波止, サニータウン市役所, 西山木場市役所, 西山木場ハートセンター・市役所, 女の都団地, サニータウン大波止, 女の都団地市役所・ハートセンター"
女の都小学校下,長崎自動車（株）,"1：長崎駅前-住吉-女の都・緑ヶ丘団地, 20：大波止・中央橋・長崎新地行き, 20：中央橋・長崎新地行き, 北高スクール"
日向平,長崎自動車（株）,"1：長崎駅前-住吉-川平・恵の丘, 1/9：昭和町-西山台団地・恵の丘, 9：長崎駅前-純心校前-恵の丘・女の都方面, 20：市役所・中央橋・長崎新地行き, 20：中央橋・長崎新地行き, 北高スクール"
川平六枚板入口,長崎自動車（株）,"1：長崎駅前-住吉-川平・恵の丘, 1/9：昭和町-西山台団地・恵の丘, 9：長崎駅前-純心校前-恵の丘・女の都方面, 20：市役所・中央橋・長崎新地行き, 20：中央橋・長崎新地行き, 北高スクール, 矢上-間の瀬-川平-小原-まなび野団地-長崎商業"
女の都三丁目,長崎県,"立神, 中央橋市役所, 女の都団地市役所, 中央橋市役所・中央公園前, 網場・春日車庫前大波止・ペンギン水族館, 女の都団地大波止, 西山木場市役所, 西山木場ハートセンター・市役所, 女の都団地, 女の都団地市役所・ハートセンター"
女の都三丁目,長崎自動車（株）,"1：長崎駅前-住吉-女の都・緑ヶ丘団地, 20：大波止・中央橋・長崎新地行き, 20：中央橋・長崎新地行き, 北高スクール"
日当野尾,長崎県,"長崎東高サニータウン；三原団地・西山台団地, まなび野団地西山台団地・三原団地；サニータウン, 立神, 中央橋市役所, 女の都団地市役所, 中央橋市役所・中央公園前, 網場・春日車庫前大波止・ペンギン水族館, 女の都団地大波止, サニータウン市役所, 西崎団地市役所, 西山木場市役所, 西山木場ハートセンター・市役所, 女の都団地, サニータウン大波止, 西崎団地大波止, 女の都団地市役所・ハートセンター"
日当野尾,長崎自動車（株）,"1：長崎駅前-住吉-女の都・緑ヶ丘団地, 20：大波止・中央橋・長崎新地行き, 20：中央橋・長崎新地行き, 住吉-泉町-西崎団地線, 北高スクール"
小原,長崎県,"諫早営業所有喜・唐比・諫早東高前；西諫早ニュータウン, 唐比車庫諫早東高前, 唐比車庫慶師野, 西陵高校諫早東高前・競技場北口"
滑石4丁目,長崎自動車（株）,滑石-式見線
上後古場,長崎県,上後古場農高前・栗面・土師野尾
つつじが丘入口,長崎県,"長崎駅前競技場北口・藤棚, 諫早・東厚生町藤棚・競技場北口, 諫早・東厚生町つつじが丘・西諫早ニュータウン, 長崎駅前西諫早ニュータウン・つつじが丘, 諫早駅前つつじが丘・西諫早ニュータウン, 長崎駅前大波止, 立神大波止・旭大橋, 藤棚つつじが丘, 長崎駅前イオン東長崎・大波止, 長崎駅前つつじが丘・イオン東長崎, つつじが丘イオン東長崎, 立神大波止, 長崎商高大波止, 喜々津シーサイドイオン東長崎・つつじが丘, 諫早・東厚生町藤棚・西諫早ニュータウン；諫早市役所, つつじが丘日見公園前, 喜々津駅通つつじが丘, 西陵高校日見公園前・つつじが丘, 網場・春日車庫前つつじが丘・高城台；日見公園前, 西陵高校高城台・つつじが丘, 東望道つつじが丘, 西陵高校ガーデンシティ・矢上団地, 長崎県庁前夢彩都, 矢上, 田結東矢上団地・ガーデンシティ, 長崎東高, 諫早・東厚生町つつじが丘・競技場北口；諫早市役所"
つつじが丘入口,長崎自動車（株）,"100：ココウォーク茂里町行き, 90：矢上-古賀-つつじが丘, つつじが丘-イオン東長崎店, 南高スクール"
大園小学校前,長崎県,"長崎東高大波止・中央橋, 滑石団地中央橋・大波止・道の尾"
大園小学校前,長崎自動車（株）,"1：長崎駅前-住吉-滑石-桜の里方面, 1：長崎駅前-住吉方面, 20：市役所・中央橋行き, シーボルト校スクール, 長商高スクール, 北陽台高スクール, 立神-銭座町-北部方面"
大園小学校前,さいかい交通（株）・長崎自動車（株）,20：大波止・中央橋・長崎新地行き［長崎バス・さいかい交通］
赤水平,長崎自動車（株）,"1：長崎駅前-住吉-川平・恵の丘, 1/9：昭和町-西山台団地・恵の丘, 9：長崎駅前-純心校前-恵の丘・女の都方面, 20：市役所・中央橋・長崎新地行き, 20：中央橋・長崎新地行き, 北高スクール"
バイパス川平,長崎県,"中央橋長崎バイパス・大波止, 長崎空港【リムジン】浦上経由・試験場前, 長崎駅前【リムジン】試験場前・諫早インター；浦上経由, 久山台ニュータウン大波止・長崎バイパス"
間の瀬,長崎自動車（株）,"100：ココウォーク茂里町行き, 90：矢上-間の瀬-新田頭, 矢上-間の瀬-川平-小原-まなび野団地-長崎商業"
あぐりの丘,長崎自動車（株）,"1：長崎駅前-住吉-滑石-桜の里方面, 20：市役所・中央橋行き"
幼稚園前,長崎県,"立神, 中央橋市役所, 女の都団地市役所, 中央橋市役所・中央公園前, 網場・春日車庫前大波止・ペンギン水族館, 女の都団地大波止, 西山木場市役所, 西山木場ハートセンター・市役所, 女の都団地, 女の都団地市役所・ハートセンター"
女の都幼稚園前,長崎自動車（株）,"1：長崎駅前-住吉-女の都・緑ヶ丘団地, 20：大波止・中央橋・長崎新地行き, 20：中央橋・長崎新地行き, 北高スクール"
二軒茶屋,島原鉄道（株）,"島原〜多比良〜諫早行, 加津佐海水浴場前〜島原行"
西崎団地中央,長崎県,"中央橋市役所・中央公園前, 西崎団地市役所, 西崎団地大波止"
西崎団地中央,長崎自動車（株）,住吉-泉町-西崎団地線
大見崎,長崎自動車（株）,"3：長崎駅前-城栄町/春木町-下大橋・小江原・式見, 6：長崎駅前-飽の浦-福田, 20：大波止・中央橋・長崎新地行き, 20：中央橋・長崎新地行き"
大見崎,さいかい交通（株）・長崎自動車（株）,20：大波止・中央橋・長崎新地行き［長崎バス・さいかい交通］
滑石中央幼稚園下,長崎自動車（株）,滑石-式見線
女の都入口,長崎県,"長崎東高サニータウン；三原団地・西山台団地, まなび野団地西山台団地・三原団地；サニータウン, 立神, 中央橋市役所, 長崎商高大波止, 女の都団地市役所, 中央橋市役所・中央公園前, 女の都イオン東長崎・市役所, 網場・春日車庫前大波止・ペンギン水族館, 女の都団地大波止, サニータウン市役所, 西崎団地市役所, 西山木場市役所, 西山木場ハートセンター・市役所, 女の都入口, 長崎商高市役所, 女の都団地, 女の都長崎県庁前, サニータウン大波止, 西崎団地大波止, 女の都団地市役所・ハートセンター"
女の都入口,長崎自動車（株）,"1：長崎駅前-住吉-女の都・緑ヶ丘団地, 1/9：昭和町-女の都・長与ニュータウン, 9：長崎駅前-純心校前-恵の丘・女の都方面, 20：大波止・中央橋・長崎新地行き, 20：市役所・中央橋・長崎新地行き, 20：中央橋・長崎新地行き, シーボルト校スクール, 住吉-泉町-西崎団地線, 長商高スクール, 北高スクール, 長崎商業高校行き"
飛田,長崎自動車（株）,"1：長崎駅前-住吉-川平・恵の丘, 1/9：昭和町-西山台団地・恵の丘, 9：長崎駅前-純心校前-恵の丘・女の都方面, 20：市役所・中央橋・長崎新地行き, 20：中央橋・長崎新地行き, 北高スクール, 矢上-間の瀬-川平-小原-まなび野団地-長崎商業"
道の尾,長崎県,"長崎東高大波止・中央橋, 滑石団地中央橋・大波止・道の尾"
道の尾,さいかい交通（株）・長崎自動車（株）,20：大波止・中央橋・長崎新地行き［長崎バス・さいかい交通］
道の尾,長崎自動車（株）,"1：長崎駅前-住吉-西海-三重・大串, 1：長崎駅前-住吉-時津・溝川, 1：長崎駅前-住吉-滑石-桜の里方面, 1：長崎駅前-住吉-上横尾, 1：長崎駅前-住吉方面, 20：中央橋・長崎新地行き, シーボルト校スクール, 長商高スクール, 北高スクール, 北陽台高スクール, 明誠高スクール, 立神-下大橋-北部方面, 立神-銭座町-北部方面"
道の尾,長崎自動車（株）,"1：長崎駅前-住吉-榎の鼻-満永, 1：長崎駅前-住吉-榎の鼻-琴の尾登口, 20：市役所・中央橋行き, 20：中央橋・長崎新地行き, ゆりちゃん, 北陽台高スクール, 立神-銭座町-北部方面"
高原ホテル,長崎自動車（株）,"1：長崎駅前-住吉-滑石-桜の里方面, 20：市役所・中央橋行き, 滑石-式見線"
道の尾温泉,長崎自動車（株）,住吉-泉町-西崎団地線
北栄町,長崎県,"長崎東高大波止・中央橋, 滑石団地中央橋・大波止・道の尾"
北栄町,長崎自動車（株）,"1：長崎駅前-住吉-滑石-桜の里方面, 1：長崎駅前-住吉方面, 20：市役所・中央橋行き, シーボルト校スクール, 長商高スクール, 北陽台高スクール, 大橋-住吉-虹が丘-寺川内, 立神-銭座町-北部方面"
北栄町,さいかい交通（株）・長崎自動車（株）,20：大波止・中央橋・長崎新地行き［長崎バス・さいかい交通］
滝の上,長崎自動車（株）,"100：ココウォーク茂里町行き, 90：矢上-間の瀬-新田頭, 矢上-間の瀬-川平-小原-まなび野団地-長崎商業"
葉山,長崎自動車（株）,"1：長崎駅前-住吉方面, 2：長崎駅前-西町-虹が丘, 20：市役所・中央橋行き, 北高スクール, 大橋-住吉-虹が丘-寺川内, 立神-下大橋-北部方面"
葉山,さいかい交通（株）・長崎自動車（株）,20：大波止・中央橋・長崎新地行き［長崎バス・さいかい交通］
高原ホテル入口,長崎自動車（株）,滑石-式見線
天神町,長崎県,"中核団地小ヶ倉・竹の下；諫早病院・西諫早ニュータウン, 有喜港西諫早ニュータウン・諫早病院；農高前・小ヶ倉, 諫早営業所小ヶ倉・農高前；諫早病院・西諫早ニュータウン"
女の都団地,長崎県,"立神, 中央橋市役所, 女の都団地市役所, 中央橋市役所・中央公園前, 網場・春日車庫前大波止・ペンギン水族館, 女の都団地大波止, 西山木場市役所, 西山木場ハートセンター・市役所, 女の都団地, 女の都団地市役所・ハートセンター"
女の都団地,長崎自動車（株）,"1：長崎駅前-住吉-女の都・緑ヶ丘団地, 20：大波止・中央橋・長崎新地行き, 20：中央橋・長崎新地行き, 北高スクール"
大宮町,長崎県,"長崎東高大波止・中央橋, 滑石団地中央橋・大波止・道の尾"
大宮町,長崎自動車（株）,"1：長崎駅前-住吉-滑石-桜の里方面, 1：長崎駅前-住吉方面, 20：市役所・中央橋行き, シーボルト校スクール, 長商高スクール, 北陽台高スクール, 大橋-住吉-虹が丘-寺川内, 立神-銭座町-北部方面"
大宮町,さいかい交通（株）・長崎自動車（株）,20：大波止・中央橋・長崎新地行き［長崎バス・さいかい交通］
井の下,長崎県,"長崎東高大波止・中央橋, 滑石団地中央橋・大波止・道の尾"
井の下,長崎自動車（株）,"1：長崎駅前-住吉-滑石-桜の里方面, 1：長崎駅前-住吉方面, 20：市役所・中央橋行き, シーボルト校スクール, 長商高スクール, 北陽台高スクール, 大橋-住吉-虹が丘-寺川内, 立神-銭座町-北部方面"
井の下,さいかい交通（株）・長崎自動車（株）,20：大波止・中央橋・長崎新地行き［長崎バス・さいかい交通］
おたけ公園前,長崎県,"立神, 中央橋市役所, 女の都団地市役所, 中央橋市役所・中央公園前, 網場・春日車庫前大波止・ペンギン水族館, 女の都団地大波止, 西山木場市役所, 西山木場ハートセンター・市役所, 女の都団地, 女の都団地市役所・ハートセンター"
おたけ公園前,長崎自動車（株）,"1：長崎駅前-住吉-女の都・緑ヶ丘団地, 20：大波止・中央橋・長崎新地行き, 20：中央橋・長崎新地行き, 北高スクール"
霊苑前,長崎自動車（株）,滑石-式見線
舟ノ尾,長崎自動車（株）,滑石-式見線
力馬坂,長崎自動車（株）,"1：長崎駅前-住吉-川平・恵の丘, 1/9：昭和町-西山台団地・恵の丘, 9：長崎駅前-純心校前-恵の丘・女の都方面, 20：市役所・中央橋・長崎新地行き, 20：中央橋・長崎新地行き, 北高スクール"
原爆ホーム入口,長崎自動車（株）,"1：長崎駅前-住吉-川平・恵の丘, 1/9：昭和町-西山台団地・恵の丘, 9：長崎駅前-純心校前-恵の丘・女の都方面, 20：市役所・中央橋・長崎新地行き, 20：中央橋・長崎新地行き, 北高スクール, 矢上-間の瀬-川平-小原-まなび野団地-長崎商業"
ガイアの里前,島原鉄道（株）,"島原〜雲仙〜小浜〜諫早行, 口之津〜小浜〜諫早行, 有家〜小浜・小浜高〜諫早行, 小浜〜諫早行"
唐比,長崎県,"諫早営業所有喜・唐比・諫早東高前；西諫早ニュータウン, 唐比車庫諫早東高前, 唐比車庫慶師野, 西陵高校諫早東高前・競技場北口"
岩屋通り,長崎自動車（株）,"2：長崎駅前-西町-虹が丘, 20：市役所・中央橋行き, 北高スクール, 立神-下大橋-北部方面"
岩屋通り,さいかい交通（株）・長崎自動車（株）,20：大波止・中央橋・長崎新地行き［長崎バス・さいかい交通］
栄野,長崎県,"諫早・東厚生町三本松・競技場北口, 飯盛団地競技場北口・平山・江の浦, 東厚生町江の浦・平山・競技場北口"
牧野,長崎自動車（株）,滑石-式見線
蓬来,長崎自動車（株）,住吉-泉町-西崎団地線
中屋敷,長崎県,"中核団地小ヶ倉・竹の下；諫早病院・西諫早ニュータウン, 有喜港西諫早ニュータウン・諫早病院；農高前・小ヶ倉, 諫早営業所小ヶ倉・農高前；諫早病院・西諫早ニュータウン"
西崎団地,長崎県,"中央橋市役所・中央公園前, 西崎団地市役所, 西崎団地大波止"
西崎団地,長崎自動車（株）,住吉-泉町-西崎団地線
岩屋口,長崎自動車（株）,"2：長崎駅前-西町-虹が丘, 20：市役所・中央橋行き, 北高スクール, 立神-下大橋-北部方面"
岩屋口,さいかい交通（株）・長崎自動車（株）,20：大波止・中央橋・長崎新地行き［長崎バス・さいかい交通］
四斗切,長崎自動車（株）,住吉-泉町-西崎団地線
北門,島原鉄道（株）,"島原〜多比良〜諫早行, 加津佐海水浴場前〜島原行"
園折,長崎県,"長崎東高サニータウン；三原団地・西山台団地, まなび野団地西山台団地・三原団地；サニータウン, 立神, 中央橋市役所, 長崎商高大波止, 女の都団地市役所, 中央橋市役所・中央公園前, 女の都イオン東長崎・市役所, 網場・春日車庫前大波止・ペンギン水族館, 女の都団地大波止, サニータウン市役所, 西崎団地市役所, 西山木場市役所, 西山木場ハートセンター・市役所, 女の都入口, 長崎商高市役所, 女の都団地, 女の都長崎県庁前, サニータウン大波止, 西崎団地大波止, 女の都団地市役所・ハートセンター"
園折,長崎自動車（株）,"1：長崎駅前-住吉-女の都・緑ヶ丘団地, 1/9：昭和町-女の都・長与ニュータウン, 9：長崎駅前-純心校前-恵の丘・女の都方面, 20：大波止・中央橋・長崎新地行き, 20：市役所・中央橋・長崎新地行き, 20：中央橋・長崎新地行き, シーボルト校スクール, 住吉-泉町-西崎団地線, 長商高スクール, 北高スクール, 長崎商業高校行き"
三反田,長崎県,"長崎駅前大波止, 古賀木場, 古賀木場イオン東長崎, 矢上"
先木場,長崎自動車（株）,滑石-式見線
二宗前,（有）住吉タクシー,乗り合いタクシー「西北地区（岩屋ルート）」
古賀,長崎県,"長崎駅前競技場北口・藤棚, 諫早・東厚生町藤棚・競技場北口, 諫早・東厚生町つつじが丘・西諫早ニュータウン, 長崎駅前西諫早ニュータウン・つつじが丘, 諫早駅前つつじが丘・西諫早ニュータウン, 長崎駅前大波止, 立神大波止・旭大橋, 藤棚つつじが丘, 長崎駅前イオン東長崎・大波止, 長崎駅前つつじが丘・イオン東長崎, つつじが丘イオン東長崎, 立神大波止, 長崎商高大波止, 喜々津シーサイドイオン東長崎・つつじが丘, 諫早・東厚生町藤棚・西諫早ニュータウン；諫早市役所, つつじが丘日見公園前, 喜々津駅通つつじが丘, 古賀木場, 古賀木場イオン東長崎, 網場・春日車庫前つつじが丘・高城台；日見公園前, 西陵高校高城台・つつじが丘, 東望道つつじが丘, 西陵高校ガーデンシティ・矢上団地, 長崎県庁前夢彩都, 矢上, 田結東矢上団地・ガーデンシティ, 長崎東高, 諫早・東厚生町つつじが丘・競技場北口；諫早市役所"
古賀,長崎自動車（株）,"100：ココウォーク茂里町行き, 90：矢上-古賀-つつじが丘, つつじが丘-イオン東長崎店, 南高スクール"
唐比国道,長崎県,"長崎駅前矢上大橋・奥山・大波止, 唐比車庫奥山・矢上大橋, 雲仙【特急】, 長崎駅前【特急】"
古賀木場,長崎県,"長崎駅前大波止, 古賀木場, 古賀木場イオン東長崎, 矢上"
工業高校前,長崎自動車（株）,"1：長崎駅前-住吉方面, 2：長崎駅前-西町-虹が丘, 20：市役所・中央橋行き, 大橋-住吉-虹が丘-寺川内, 立神-下大橋-北部方面"
工業高校前,さいかい交通（株）・長崎自動車（株）,20：大波止・中央橋・長崎新地行き［長崎バス・さいかい交通］
恵の丘,長崎自動車（株）,"1：長崎駅前-住吉-川平・恵の丘, 1/9：昭和町-西山台団地・恵の丘, 9：長崎駅前-純心校前-恵の丘・女の都方面, 20：市役所・中央橋・長崎新地行き, 20：中央橋・長崎新地行き, 北高スクール, 矢上-間の瀬-川平-小原-まなび野団地-長崎商業"
上部掲示板前,（有）住吉タクシー,乗り合いタクシー「西北地区（岩屋ルート）」
エルダーみずほ前,（有）住吉タクシー,乗り合いタクシー「西北地区（岩屋ルート）」
餅田,長崎自動車（株）,"1：長崎駅前-住吉-川平・恵の丘, 1/9：昭和町-西山台団地・恵の丘, 9：長崎駅前-純心校前-恵の丘・女の都方面, 20：市役所・中央橋・長崎新地行き, 20：中央橋・長崎新地行き, 北高スクール"
サテライト長崎前,長崎県,"諫早・東厚生町三本松・競技場北口, 飯盛団地競技場北口・平山・江の浦, 東厚生町江の浦・平山・競技場北口"
上部掲示板横,（有）住吉タクシー,乗り合いタクシー「西北地区（岩屋ルート）」
城内三丁目,島原鉄道（株）,島原〜多比良〜諫早行
虹が丘,長崎自動車（株）,"1：長崎駅前-住吉方面, 2：長崎駅前-西町-虹が丘, 20：市役所・中央橋行き, 大橋-住吉-虹が丘-寺川内, 立神-下大橋-北部方面"
虹が丘,さいかい交通（株）・長崎自動車（株）,20：大波止・中央橋・長崎新地行き［長崎バス・さいかい交通］
滝の観音,長崎自動車（株）,"100：ココウォーク茂里町行き, 90：矢上-間の瀬-新田頭, 矢上-間の瀬-川平-小原-まなび野団地-長崎商業"
川口,長崎県,"諫早駅前, 川口"
岩崎,長崎県,"長崎駅前矢上大橋・奥山・大波止, 早見西諫早ニュータウン・諫早病院；市役所・川床・有喜港, 早見さつき台・西諫早ニュータウン；諫早病院・市役所"
下新成橋,長崎自動車（株）,"2：長崎駅前-西町-虹が丘, 20：市役所・中央橋行き, 北高スクール, 立神-下大橋-北部方面"
下新成橋,さいかい交通（株）・長崎自動車（株）,20：大波止・中央橋・長崎新地行き［長崎バス・さいかい交通］
熊ヶ倉,（有）住吉タクシー,乗り合いタクシー「西北地区（岩屋ルート）」
下新成橋前,（有）住吉タクシー,乗り合いタクシー「西北地区（岩屋ルート）」
横山,長崎県,"諫早駅前, 川口"
石垣,長崎県,"長崎駅前大波止, 古賀木場, 古賀木場イオン東長崎, 矢上"
泉町,長崎自動車（株）,住吉-泉町-西崎団地線
虹が丘中央,長崎自動車（株）,"1：長崎駅前-住吉方面, 2：長崎駅前-西町-虹が丘, 20：市役所・中央橋行き, 大橋-住吉-虹が丘-寺川内, 立神-下大橋-北部方面"
虹が丘中央,さいかい交通（株）・長崎自動車（株）,20：大波止・中央橋・長崎新地行き［長崎バス・さいかい交通］
集会所前,（有）住吉タクシー,乗り合いタクシー「西北地区（岩屋ルート）」
椿川,長崎県,"諫早駅前, 川口"
ふれあいセンター前,（有）住吉タクシー,乗り合いタクシー「西北地区（岩屋ルート）」
西北AP前,（有）住吉タクシー,乗り合いタクシー「西北地区（岩屋ルート）」
筒水平,長崎自動車（株）,"1：長崎駅前-住吉-川平・恵の丘, 1/9：昭和町-西山台団地・恵の丘, 9：長崎駅前-純心校前-恵の丘・女の都方面, 20：市役所・中央橋・長崎新地行き, 20：中央橋・長崎新地行き, 北高スクール"
柏野入口,島原鉄道（株）,島原〜多比良〜諫早行
中木場,長崎自動車（株）,滑石-式見線
山本橋,長崎県,"中核団地小ヶ倉・竹の下；諫早病院・西諫早ニュータウン, 有喜港西諫早ニュータウン・諫早病院；農高前・小ヶ倉, 諫早営業所小ヶ倉・農高前；諫早病院・西諫早ニュータウン"
有喜,長崎県,"長崎駅前矢上大橋・奥山・大波止, 唐比車庫奥山・矢上大橋, 雲仙【特急】, 長崎駅前【特急】, 諫早営業所有喜・唐比・諫早東高前；西諫早ニュータウン, 有喜江の浦, 西陵高校江の浦, 早見西諫早ニュータウン・諫早病院；市役所・川床・有喜港, 早見さつき台・西諫早ニュータウン；諫早病院・市役所, 今村有喜港・川床・市役所；諫早病院・西諫早ニュータウン, 諫早営業所有喜・川床・市役所；西諫早ニュータウン"
けやき台,長崎自動車（株）,けやき台線
山口（土師野尾）,長崎県,"諫早・東厚生町三本松・競技場北口, 東厚生町江の浦・平山・競技場北口"
病院前,長崎県,"長崎駅前矢上大橋・奥山・大波止, 唐比車庫奥山・矢上大橋, 諫早営業所有喜・唐比・諫早東高前；西諫早ニュータウン"
平田,長崎県,"中核団地小ヶ倉・竹の下；諫早病院・西諫早ニュータウン, 有喜港西諫早ニュータウン・諫早病院；農高前・小ヶ倉, 諫早営業所小ヶ倉・農高前；諫早病院・西諫早ニュータウン"
六地蔵前,長崎県,"長崎東高大波止・中央橋, 滑石団地中央橋・大波止・道の尾"
六地蔵前,長崎自動車（株）,"1：長崎駅前-住吉-西海-三重・大串, 1：長崎駅前-住吉-時津・溝川, 1：長崎駅前-住吉-滑石-桜の里方面, 1：長崎駅前-住吉-上横尾, 1：長崎駅前-住吉-榎の鼻-満永, 1：長崎駅前-住吉-榎の鼻-琴の尾登口, 1：長崎駅前-住吉方面, 20：市役所・中央橋行き, 20：中央橋・長崎新地行き, ゆりちゃん, シーボルト校スクール, 長商高スクール, 北高スクール, 北陽台高スクール, 明誠高スクール, 大橋-住吉-虹が丘-寺川内, 立神-下大橋-北部方面, 立神-銭座町-北部方面"
六地蔵前,さいかい交通（株）・長崎自動車（株）,20：大波止・中央橋・長崎新地行き［長崎バス・さいかい交通］
大久保（有喜）,長崎県,"長崎駅前矢上大橋・奥山・大波止, 唐比車庫奥山・矢上大橋, 諫早営業所有喜・唐比・諫早東高前；西諫早ニュータウン"
西北小学校前,長崎自動車（株）,"2：長崎駅前-西町-虹が丘, 20：市役所・中央橋行き, 北高スクール, 立神-下大橋-北部方面"
西北小学校前,さいかい交通（株）・長崎自動車（株）,20：大波止・中央橋・長崎新地行き［長崎バス・さいかい交通］
松原（長崎）,長崎県,"長崎駅前競技場北口・藤棚, 諫早・東厚生町藤棚・競技場北口, 諫早・東厚生町つつじが丘・西諫早ニュータウン, 長崎駅前西諫早ニュータウン・つつじが丘, 諫早駅前つつじが丘・西諫早ニュータウン, 長崎駅前大波止, 立神大波止・旭大橋, 藤棚つつじが丘, 長崎駅前イオン東長崎・大波止, 長崎駅前つつじが丘・イオン東長崎, つつじが丘イオン東長崎, 立神大波止, 長崎商高大波止, 喜々津シーサイドイオン東長崎・つつじが丘, 諫早・東厚生町藤棚・西諫早ニュータウン；諫早市役所, つつじが丘日見公園前, 喜々津駅通つつじが丘, 古賀木場, 古賀木場イオン東長崎, 網場・春日車庫前つつじが丘・高城台；日見公園前, 西陵高校高城台・つつじが丘, 東望道つつじが丘, 西陵高校ガーデンシティ・矢上団地, 長崎県庁前夢彩都, 矢上, 田結東矢上団地・ガーデンシティ, 長崎東高, 諫早・東厚生町つつじが丘・競技場北口；諫早市役所"
泉2丁目,長崎自動車（株）,ニッキー
浦上水源池,長崎県,"長崎東高サニータウン；三原団地・西山台団地, まなび野団地西山台団地・三原団地；サニータウン, 立神, 中央橋市役所, 長崎商高大波止, 女の都団地市役所, 中央橋市役所・中央公園前, 女の都イオン東長崎・市役所, 網場・春日車庫前大波止・ペンギン水族館, 女の都団地大波止, サニータウン市役所, 西崎団地市役所, 西山木場市役所, 西山木場ハートセンター・市役所, 女の都入口, 長崎商高市役所, 女の都団地, 女の都長崎県庁前, サニータウン大波止, 西崎団地大波止, 女の都団地市役所・ハートセンター"
浦上水源池,長崎自動車（株）,"1：長崎駅前-住吉-女の都・緑ヶ丘団地, 1/9：昭和町-女の都・長与ニュータウン, 9：長崎駅前-純心校前-恵の丘・女の都方面, 20：大波止・中央橋・長崎新地行き, 20：市役所・中央橋・長崎新地行き, 20：中央橋・長崎新地行き, シーボルト校スクール, 長商高スクール, 北高スクール, 長崎商業高校行き"
郵便局前,長崎県,"早見西諫早ニュータウン・諫早病院；市役所・川床・有喜港, 中核団地小ヶ倉・竹の下；諫早病院・西諫早ニュータウン, 早見さつき台・西諫早ニュータウン；諫早病院・市役所, 今村有喜港・川床・市役所；諫早病院・西諫早ニュータウン, 有喜港西諫早ニュータウン・諫早病院；農高前・小ヶ倉, 諫早営業所小ヶ倉・農高前；諫早病院・西諫早ニュータウン"
郵便局前,諫早市,早見線
唐比車庫入口,長崎県,"長崎駅前矢上大橋・奥山・大波止, 唐比車庫奥山・矢上大橋, 雲仙【特急】, 長崎駅前【特急】, 唐比車庫諫早東高前, 唐比車庫慶師野, 西陵高校諫早東高前・競技場北口"
上けやき台,長崎自動車（株）,けやき台線
泉町西,長崎自動車（株）,"ニッキー, 住吉-泉町-西崎団地線"
山崎,長崎県,"早見西諫早ニュータウン・諫早病院；市役所・川床・有喜港, 中核団地小ヶ倉・竹の下；諫早病院・西諫早ニュータウン, 早見さつき台・西諫早ニュータウン；諫早病院・市役所, 今村有喜港・川床・市役所；諫早病院・西諫早ニュータウン, 有喜港西諫早ニュータウン・諫早病院；農高前・小ヶ倉, 諫早営業所小ヶ倉・農高前；諫早病院・西諫早ニュータウン"
山崎,諫早市,早見線
下住吉台,長崎自動車（株）,ニッキー
古賀松原,長崎自動車（株）,"100：ココウォーク茂里町行き, 90：矢上-古賀-つつじが丘, つつじが丘-イオン東長崎店, 南高スクール"
水晶観音前,長崎県,"長崎駅前矢上大橋・奥山・大波止, 唐比車庫奥山・矢上大橋, 唐比車庫諫早東高前, 唐比車庫慶師野, 西陵高校諫早東高前・競技場北口"
住吉の杜,長崎自動車（株）,ニッキー
運動場前,（有）住吉タクシー,乗り合いタクシー「西北地区（西北ルート）」
下中通,長崎県,"中核団地小ヶ倉・竹の下；諫早病院・西諫早ニュータウン, 有喜港西諫早ニュータウン・諫早病院；農高前・小ヶ倉, 諫早営業所小ヶ倉・農高前；諫早病院・西諫早ニュータウン"
松里町,長崎県,"早見西諫早ニュータウン・諫早病院；市役所・川床・有喜港, 中核団地小ヶ倉・竹の下；諫早病院・西諫早ニュータウン, 早見さつき台・西諫早ニュータウン；諫早病院・市役所, 今村有喜港・川床・市役所；諫早病院・西諫早ニュータウン, 有喜港西諫早ニュータウン・諫早病院；農高前・小ヶ倉, 諫早営業所小ヶ倉・農高前；諫早病院・西諫早ニュータウン"
菅無田,長崎自動車（株）,滑石-式見線
信用金庫前,諫早市,早見線
いこいの園,長崎自動車（株）,滑石-式見線
観音堂前,長崎自動車（株）,滑石-式見線
若竹橋,長崎自動車（株）,"2：長崎駅前-西町-虹が丘, 20：市役所・中央橋行き, 北高スクール, 立神-下大橋-北部方面"
若竹橋,さいかい交通（株）・長崎自動車（株）,20：大波止・中央橋・長崎新地行き［長崎バス・さいかい交通］
住吉台口,長崎自動車（株）,ニッキー
若竹AP中央,（有）住吉タクシー,乗り合いタクシー「西北地区（西北ルート）」
西北町7組,（有）住吉タクシー,乗り合いタクシー「西北地区（西北ルート）」
中通（小ヶ倉）,長崎県,"中核団地小ヶ倉・竹の下；諫早病院・西諫早ニュータウン, 有喜港西諫早ニュータウン・諫早病院；農高前・小ヶ倉, 諫早営業所小ヶ倉・農高前；諫早病院・西諫早ニュータウン"
住吉台中央,長崎自動車（株）,ニッキー
中けやき台,長崎自動車（株）,けやき台線
愛野展望所,長崎県,"雲仙【特急】, 長崎駅前【特急】"
愛野展望所,島原鉄道（株）,"島原〜雲仙〜小浜〜諫早行, 口之津〜小浜〜諫早行, 有家〜小浜・小浜高〜諫早行, 小浜〜諫早行"
田熊の浦,長崎自動車（株）,"3：長崎駅前-城栄町/春木町-下大橋・小江原・式見, 6：長崎駅前-飽の浦-福田, 20：大波止・中央橋・長崎新地行き, 20：中央橋・長崎新地行き"
田熊の浦,さいかい交通（株）・長崎自動車（株）,20：大波止・中央橋・長崎新地行き［長崎バス・さいかい交通］
若竹AP上,（有）住吉タクシー,乗り合いタクシー「西北地区（西北ルート）」
下けやき台,長崎自動車（株）,けやき台線
田町（島原）,島原鉄道（株）,"島原〜多比良〜諫早行, 加津佐海水浴場前〜島原行"
漁協前,長崎県,"早見西諫早ニュータウン・諫早病院；市役所・川床・有喜港, 中核団地小ヶ倉・竹の下；諫早病院・西諫早ニュータウン, 早見さつき台・西諫早ニュータウン；諫早病院・市役所, 今村有喜港・川床・市役所；諫早病院・西諫早ニュータウン, 有喜港西諫早ニュータウン・諫早病院；農高前・小ヶ倉, 諫早営業所小ヶ倉・農高前；諫早病院・西諫早ニュータウン"
せせらぎ公園前,長崎自動車（株）,ニッキー
井牟田口,長崎県,"長崎駅前矢上大橋・奥山・大波止, 唐比車庫奥山・矢上大橋, 諫早営業所有喜・唐比・諫早東高前；西諫早ニュータウン"
サーパス前,（有）住吉タクシー,乗り合いタクシー「西北地区（西北ルート）」
泉町公園前,長崎自動車（株）,"ニッキー, 住吉-泉町-西崎団地線"
南柏野,島原鉄道（株）,島原〜多比良〜諫早行
川平住宅前,長崎自動車（株）,"1：長崎駅前-住吉-川平・恵の丘, 1/9：昭和町-西山台団地・恵の丘, 9：長崎駅前-純心校前-恵の丘・女の都方面, 20：市役所・中央橋・長崎新地行き, 20：中央橋・長崎新地行き, 北高スクール"
鶴の尾団地西口,長崎自動車（株）,"100：ココウォーク茂里町行き, 90：矢上-間の瀬-新田頭, つつじが丘-イオン東長崎店, 矢上-間の瀬-川平-小原-まなび野団地-長崎商業"
明徳寺前,諫早市,早見線
若竹中央,（有）住吉タクシー,乗り合いタクシー「西北地区（若柳ルート）」
黒似田,長崎自動車（株）,滑石-式見線
赤迫,長崎県,"長崎東高大波止・中央橋, 滑石団地中央橋・大波止・道の尾"
赤迫,長崎自動車（株）,"1：長崎駅前-住吉-西海-三重・大串, 1：長崎駅前-住吉-時津・溝川, 1：長崎駅前-住吉-滑石-桜の里方面, 1：長崎駅前-住吉-上横尾, 1：長崎駅前-住吉-榎の鼻-満永, 1：長崎駅前-住吉-榎の鼻-琴の尾登口, 1：長崎駅前-住吉方面, 20：市役所・中央橋行き, 20：中央橋・長崎新地行き, ゆりちゃん, シーボルト校スクール, 長商高スクール, 北高スクール, 北陽台高スクール, 明誠高スクール, 大橋-住吉-虹が丘-寺川内, 立神-下大橋-北部方面, 立神-銭座町-北部方面"
赤迫,さいかい交通（株）・長崎自動車（株）,20：大波止・中央橋・長崎新地行き［長崎バス・さいかい交通］
住吉台,長崎自動車（株）,ニッキー
志賀神社前,長崎県,"有喜江の浦, 西陵高校江の浦, 戸石競技場北口・久山台・花ノ木, 東厚生町花ノ木・久山台・競技場北口"
下川平,長崎自動車（株）,"1：長崎駅前-住吉-川平・恵の丘, 1/9：昭和町-西山台団地・恵の丘, 9：長崎駅前-純心校前-恵の丘・女の都方面, 20：市役所・中央橋・長崎新地行き, 20：中央橋・長崎新地行き, けやき台線, 北高スクール"
三川橋,長崎自動車（株）,"1：長崎駅前-住吉-川平・恵の丘, 1/9：昭和町-西山台団地・恵の丘, 9：長崎駅前-純心校前-恵の丘・女の都方面, 20：市役所・中央橋・長崎新地行き, 20：中央橋・長崎新地行き, けやき台線, 北高スクール"
鶴の尾団地,長崎自動車（株）,"100：ココウォーク茂里町行き, つつじが丘-イオン東長崎店"
みどり幼稚園下,（有）住吉タクシー,乗り合いタクシー「西北地区（若柳ルート）」
泉入口,長崎自動車（株）,ニッキー
柳谷,長崎自動車（株）,"2：長崎駅前-西町-虹が丘, 20：市役所・中央橋行き, 北高スクール, 立神-下大橋-北部方面"
柳谷,さいかい交通（株）・長崎自動車（株）,20：大波止・中央橋・長崎新地行き［長崎バス・さいかい交通］
泉町中央,長崎自動車（株）,ニッキー
三角公園前,（有）住吉タクシー,乗り合いタクシー「西北地区（若柳ルート）」
めばえ公園前,長崎自動車（株）,ニッキー
住吉の杜入口,長崎自動車（株）,ニッキー
塩塚薬局前,（有）住吉タクシー,乗り合いタクシー「西北地区（若柳ルート）」
花丘町,長崎自動車（株）,"ニッキー, 住吉-泉町-西崎団地線"
川平入口,長崎自動車（株）,"1：長崎駅前-住吉-川平・恵の丘, 1/9：昭和町-西山台団地・恵の丘, 9：長崎駅前-純心校前-恵の丘・女の都方面, 20：市役所・中央橋・長崎新地行き, 20：中央橋・長崎新地行き, けやき台線, 北高スクール"
うき福祉村前,長崎県,"長崎駅前矢上大橋・奥山・大波止, 唐比車庫奥山・矢上大橋, 雲仙【特急】, 長崎駅前【特急】, 諫早営業所有喜・唐比・諫早東高前；西諫早ニュータウン, 有喜江の浦, 西陵高校江の浦, 早見西諫早ニュータウン・諫早病院；市役所・川床・有喜港, 早見さつき台・西諫早ニュータウン；諫早病院・市役所, 今村有喜港・川床・市役所；諫早病院・西諫早ニュータウン, 諫早営業所有喜・川床・市役所；西諫早ニュータウン"
有喜港,長崎県,"早見西諫早ニュータウン・諫早病院；市役所・川床・有喜港, 中核団地小ヶ倉・竹の下；諫早病院・西諫早ニュータウン, 早見さつき台・西諫早ニュータウン；諫早病院・市役所, 今村有喜港・川床・市役所；諫早病院・西諫早ニュータウン, 有喜港西諫早ニュータウン・諫早病院；農高前・小ヶ倉, 諫早営業所小ヶ倉・農高前；諫早病院・西諫早ニュータウン"
柳谷町駐車場前,（有）住吉タクシー,乗り合いタクシー「西北地区（若柳ルート）」
若竹県警AP上,（有）住吉タクシー,乗り合いタクシー「西北地区（若柳ルート）」
相川,長崎自動車（株）,"3：長崎駅前-城栄町/春木町-下大橋・小江原・式見, 長崎駅前-春木町-小江原・式見, 6：長崎駅前-飽の浦-福田, 20：大波止・中央橋・長崎新地行き, 20：中央橋・長崎新地行き, 立神-下大橋-北部方面"
相川,さいかい交通（株）・長崎自動車（株）,20：大波止・中央橋・長崎新地行き［長崎バス・さいかい交通］
現川,長崎県,"長崎駅前年の神・大波止, 現川駅前, 現川駅前高城台, 長崎駅前高城台・市役所"
現川,長崎自動車（株）,"100：ココウォーク茂里町行き, 彩が丘線"
宮ノ丁,島原鉄道（株）,"島原〜多比良〜諫早行, 加津佐海水浴場前〜島原行"
塩屋（千々石）,島原鉄道（株）,"島原〜雲仙〜小浜〜諫早行, 口之津〜小浜〜諫早行, 有家〜小浜・小浜高〜諫早行, 小浜〜諫早行"
附属特別支援学校下,（有）住吉タクシー,乗り合いタクシー「西北地区（若柳ルート）」
柿の木,島原鉄道（株）,島原〜多比良〜諫早行
唐比車庫,長崎県,"長崎駅前矢上大橋・奥山・大波止, 唐比車庫奥山・矢上大橋, 雲仙【特急】, 長崎駅前【特急】, 唐比車庫諫早東高前, 唐比車庫慶師野, 西陵高校諫早東高前・競技場北口"
鶴の尾,長崎県,"長崎駅前競技場北口・藤棚, 諫早・東厚生町藤棚・競技場北口, 諫早・東厚生町つつじが丘・西諫早ニュータウン, 長崎駅前西諫早ニュータウン・つつじが丘, 諫早駅前つつじが丘・西諫早ニュータウン, 長崎駅前大波止, 立神大波止・旭大橋, 藤棚つつじが丘, 長崎駅前イオン東長崎・大波止, 長崎駅前つつじが丘・イオン東長崎, つつじが丘イオン東長崎, 立神大波止, 長崎商高大波止, 喜々津シーサイドイオン東長崎・つつじが丘, 諫早・東厚生町藤棚・西諫早ニュータウン；諫早市役所, つつじが丘日見公園前, 喜々津駅通つつじが丘, 古賀木場, 古賀木場イオン東長崎, 網場・春日車庫前つつじが丘・高城台；日見公園前, 西陵高校高城台・つつじが丘, 東望道つつじが丘, 西陵高校ガーデンシティ・矢上団地, 長崎県庁前夢彩都, 矢上, 田結東矢上団地・ガーデンシティ, 長崎東高, 諫早・東厚生町つつじが丘・競技場北口；諫早市役所"
鶴の尾,長崎自動車（株）,"100：ココウォーク茂里町行き, 90：矢上-古賀-つつじが丘, つつじが丘-イオン東長崎店, 南高スクール"
大井手,長崎県,"中央橋長崎バイパス・大波止, 長崎東高サニータウン；三原団地・西山台団地, 立神, 中央橋市役所, 中央橋市役所・中央公園前, 網場・春日車庫前大波止・ペンギン水族館, 西山木場市役所, 西山木場ハートセンター・市役所"
大井手,長崎自動車（株）,"1：長崎駅前-住吉-川平・恵の丘, 1/9：昭和町-西山台団地・恵の丘, 9：長崎駅前-純心校前-恵の丘・女の都方面, 20：大波止・中央橋・長崎新地行き, 20：市役所・中央橋・長崎新地行き, 20：中央橋・長崎新地行き, けやき台線, 長商高スクール, 北高スクール"
文化会館,島原鉄道（株）,"島原〜雲仙〜小浜〜諫早行, 加津佐海水浴場前〜島原行"
柳谷高部,（有）住吉タクシー,乗り合いタクシー「西北地区（若柳ルート）」
南柳谷,長崎自動車（株）,"2：長崎駅前-西町-虹が丘, 20：市役所・中央橋行き, 北高スクール, 立神-下大橋-北部方面"
南柳谷,さいかい交通（株）・長崎自動車（株）,20：大波止・中央橋・長崎新地行き［長崎バス・さいかい交通］
中山（土師野尾）,長崎県,"諫早・東厚生町三本松・競技場北口, 飯盛団地競技場北口・平山・江の浦, 東厚生町江の浦・平山・競技場北口"
平間,長崎自動車（株）,"100：ココウォーク茂里町行き, つつじが丘-イオン東長崎店, 矢上-間の瀬-川平-小原-まなび野団地-長崎商業"
柳ヶ丘,（有）住吉タクシー,乗り合いタクシー「西北地区（若柳ルート）」
中園商店街前,（有）住吉タクシー,"乗り合いタクシー「西北地区（岩屋ルート）」, 乗り合いタクシー「西北地区（西北ルート）」, 乗り合いタクシー「西北地区（若柳ルート）」"
現川駅前,長崎県,"長崎駅前年の神・大波止, 現川駅前, 現川駅前高城台, 長崎駅前高城台・市役所"
現川駅前,長崎自動車（株）,"100：ココウォーク茂里町行き, 彩が丘線"
高木,長崎県,"長崎駅前年の神・大波止, 現川駅前, 現川駅前高城台, 長崎駅前高城台・市役所"
高木,長崎自動車（株）,"100：ココウォーク茂里町行き, 彩が丘線"
福寿園下,諫早市,早見線
住吉アパート前,長崎県,"平和町本原一丁目, 住吉昭和町"
住吉アパート前,長崎自動車（株）,"1：長崎駅前-住吉-川平・恵の丘, 1：長崎駅前-住吉-女の都・緑ヶ丘団地, 20：大波止・中央橋・長崎新地行き, 20：市役所・中央橋・長崎新地行き, 20：中央橋・長崎新地行き, けやき台線, ゆりちゃん, シーボルト校スクール, 元気くん, 長商高スクール, 北高スクール"
早見,長崎県,"長崎駅前矢上大橋・奥山・大波止, 唐比車庫奥山・矢上大橋, 諫早営業所有喜・唐比・諫早東高前；西諫早ニュータウン, 有喜江の浦, 西陵高校江の浦, 早見西諫早ニュータウン・諫早病院；市役所・川床・有喜港, 早見さつき台・西諫早ニュータウン；諫早病院・市役所, 今村有喜港・川床・市役所；諫早病院・西諫早ニュータウン, 諫早営業所有喜・川床・市役所；西諫早ニュータウン"
並原,長崎県,"長崎駅前矢上大橋・奥山・大波止, 唐比車庫奥山・矢上大橋, 諫早営業所有喜・唐比・諫早東高前；西諫早ニュータウン, 有喜江の浦, 西陵高校江の浦, 諫早営業所有喜・川床・市役所；西諫早ニュータウン"
住吉,長崎県,"住吉本原一丁目, 平和町本原一丁目"
西浦上中学校前,長崎県,"平和町本原一丁目, 住吉昭和町"
西浦上中学校前,長崎自動車（株）,"1：長崎駅前-住吉-川平・恵の丘, 1：長崎駅前-住吉-女の都・緑ヶ丘団地, 20：大波止・中央橋・長崎新地行き, 20：市役所・中央橋・長崎新地行き, 20：中央橋・長崎新地行き, けやき台線, ゆりちゃん, シーボルト校スクール, 元気くん, 長商高スクール, 北高スクール"
住吉,長崎県,"長崎東高大波止・中央橋, 滑石団地中央橋・大波止・道の尾, 三原団地本原一丁目, 住吉昭和町"
住吉,長崎自動車（株）,"1：長崎駅前-住吉-西海-三重・大串, 1：長崎駅前-住吉-時津・溝川, 1：長崎駅前-住吉-滑石-桜の里方面, 1：長崎駅前-住吉-上横尾, 1：長崎駅前-住吉-榎の鼻-満永, 1：長崎駅前-住吉-榎の鼻-琴の尾登口, 1：長崎駅前-住吉-川平・恵の丘, 1：長崎駅前-住吉-女の都・緑ヶ丘団地, 1：長崎駅前-住吉方面, 20：大波止・中央橋・長崎新地行き, 20：市役所・中央橋・長崎新地行き, 20：市役所・中央橋行き, 20：中央橋・長崎新地行き, けやき台線, ゆりちゃん, シーボルト校スクール, ニッキー, 元気くん, 住吉-泉町-西崎団地線, 長商高スクール, 北高スクール, 北陽台高スクール, 明誠高スクール, 大橋-住吉-虹が丘-寺川内, 立神-下大橋-北部方面, 立神-銭座町-北部方面"
住吉,さいかい交通（株）・長崎自動車（株）,20：大波止・中央橋・長崎新地行き［長崎バス・さいかい交通］
朝日橋,長崎自動車（株）,"1：長崎駅前-住吉-川平・恵の丘, 1/9：昭和町-西山台団地・恵の丘, 9：長崎駅前-純心校前-恵の丘・女の都方面, 20：市役所・中央橋・長崎新地行き, 20：中央橋・長崎新地行き"
館の上,長崎県,"長崎駅前矢上大橋・奥山・大波止, 唐比車庫奥山・矢上大橋, 諫早営業所有喜・唐比・諫早東高前；西諫早ニュータウン, 有喜江の浦, 西陵高校江の浦, 早見西諫早ニュータウン・諫早病院；市役所・川床・有喜港, 早見さつき台・西諫早ニュータウン；諫早病院・市役所, 今村有喜港・川床・市役所；諫早病院・西諫早ニュータウン, 諫早営業所有喜・川床・市役所；西諫早ニュータウン"
附属小学校前,長崎県,平和町本原一丁目
附属小学校前,長崎自動車（株）,"1：長崎駅前-住吉-川平・恵の丘, 1：長崎駅前-住吉-女の都・緑ヶ丘団地, 20：中央橋・長崎新地行き, けやき台線, ゆりちゃん, シーボルト校スクール, 元気くん, 長商高スクール"
昭和町,長崎県,"中央橋長崎バイパス・大波止, 長崎東高サニータウン；三原団地・西山台団地, まなび野団地西山台団地・三原団地；サニータウン, 立神, 中央橋市役所, 長崎商高大波止, 女の都団地市役所, 中央橋市役所・中央公園前, 女の都イオン東長崎・市役所, 網場・春日車庫前大波止・ペンギン水族館, 女の都団地大波止, サニータウン市役所, 西崎団地市役所, 長崎空港【リムジン】浦上経由・試験場前, 長崎駅前【リムジン】試験場前・諫早インター；浦上経由, 西山木場市役所, 西山木場ハートセンター・市役所, 女の都入口, 長崎商高市役所, 女の都団地, 女の都長崎県庁前, 平和町本原一丁目, 住吉昭和町, 久山台ニュータウン大波止・長崎バイパス, サニータウン大波止, 西崎団地大波止, 女の都団地市役所・ハートセンター"
昭和町,長崎自動車（株）,"1：長崎駅前-住吉-川平・恵の丘, 1：長崎駅前-住吉-女の都・緑ヶ丘団地, 1/9：昭和町-西山台団地・恵の丘, 1/9：昭和町-女の都・長与ニュータウン, 9：長崎駅前-純心校前-恵の丘・女の都方面, 20：大波止・中央橋・長崎新地行き, 20：市役所・中央橋・長崎新地行き, 20：中央橋・長崎新地行き, けやき台線, ゆりちゃん, シーボルト校スクール, 元気くん, 長商高スクール, 北高スクール, 長崎商業高校行き"
切通し,長崎自動車（株）,"2：長崎駅前-西町-虹が丘, 20：市役所・中央橋行き, 北高スクール, 立神-下大橋-北部方面"
切通し,さいかい交通（株）・長崎自動車（株）,20：大波止・中央橋・長崎新地行き［長崎バス・さいかい交通］
島原駅前,島原鉄道（株）,"島原〜雲仙〜小浜〜諫早行, 島原〜多比良〜諫早行, 加津佐海水浴場前〜島原行, 島原〜藤原〜有家〜須川港行, 島原病院〜島原駅前〜芝桜公園前行"
古場（田結）,長崎県,"長崎駅前矢上団地・大波止, 江の浦矢上団地, 長崎駅前矢上団地・市役所, 諫早・東厚生町三本松・競技場北口, 有喜江の浦, 西陵高校江の浦, 江の浦矢上団地；ガーデンシティ・飯盛団地, 戸石競技場北口・久山台・花ノ木, 東厚生町花ノ木・久山台・競技場北口"
宮崎喜弘様宅前,諫早市,早見線
中尾入口（宮崎一一様宅前）,諫早市,早見線
中河内団地,長崎自動車（株）,ニッキー
分団研修所前,諫早市,早見線
千々石海岸入口,島原鉄道（株）,"島原〜雲仙〜小浜〜諫早行, 口之津〜小浜〜諫早行, 有家〜小浜・小浜高〜諫早行, 小浜〜諫早行"
向町,長崎自動車（株）,滑石-式見線
下折橋,島原鉄道（株）,島原病院〜島原駅前〜芝桜公園前行
農高前,島原鉄道（株）,"島原〜雲仙〜小浜〜諫早行, 加津佐海水浴場前〜島原行, 島原〜藤原〜有家〜須川港行, 島原病院〜島原駅前〜芝桜公園前行"
錦3丁目,長崎自動車（株）,ニッキー
城見,島原鉄道（株）,島原〜多比良〜諫早行
防火水槽前,諫早市,早見線
錦2丁目,長崎自動車（株）,ニッキー
中尾先,長崎自動車（株）,"3：長崎駅前-城栄町/春木町-下大橋・小江原・式見, 長崎駅前-春木町-小江原・式見, 6：長崎駅前-飽の浦-福田, 20：大波止・中央橋・長崎新地行き, 20：中央橋・長崎新地行き, 立神-下大橋-北部方面"
中尾先,さいかい交通（株）・長崎自動車（株）,20：大波止・中央橋・長崎新地行き［長崎バス・さいかい交通］
芝桜公園前,島原鉄道（株）,島原病院〜島原駅前〜芝桜公園前行
貝田商店前,諫早市,早見線
辰元口,島原鉄道（株）,島原病院〜島原駅前〜芝桜公園前行
若葉町（長崎）,長崎県,"長崎東高大波止・中央橋, 滑石団地中央橋・大波止・道の尾, 三原団地本原一丁目, 住吉本原一丁目"
工業高校前,島原鉄道（株）,"島原〜雲仙〜小浜〜諫早行, 加津佐海水浴場前〜島原行, 島原〜藤原〜有家〜須川港行, 島原病院〜島原駅前〜芝桜公園前行"
若葉町,長崎自動車（株）,"1：長崎駅前-住吉-西海-三重・大串, 1：長崎駅前-住吉-時津・溝川, 1：長崎駅前-住吉-滑石-桜の里方面, 1：長崎駅前-住吉-上横尾, 1：長崎駅前-住吉-榎の鼻-満永, 1：長崎駅前-住吉-榎の鼻-琴の尾登口, 1：長崎駅前-住吉-川平・恵の丘, 1：長崎駅前-住吉-女の都・緑ヶ丘団地, 1：長崎駅前-住吉方面, 20：大波止・中央橋・長崎新地行き, 20：市役所・中央橋・長崎新地行き, 20：市役所・中央橋行き, 20：中央橋・長崎新地行き, ニッキー, 長商高スクール, 北高スクール, 北陽台高スクール, 明誠高スクール, 大橋-住吉-虹が丘-寺川内, 立神-下大橋-北部方面, 立神-銭座町-北部方面"
若葉町,さいかい交通（株）・長崎自動車（株）,20：大波止・中央橋・長崎新地行き［長崎バス・さいかい交通］
中尾,諫早市,早見線
大手,島原鉄道（株）,"島原〜雲仙〜小浜〜諫早行, 島原〜多比良〜諫早行, 加津佐海水浴場前〜島原行, 島原〜藤原〜有家〜須川港行, 島原病院〜島原駅前〜芝桜公園前行"
観音入口,長崎県,"長崎駅前競技場北口・藤棚, 諫早・東厚生町藤棚・競技場北口, 諫早・東厚生町つつじが丘・西諫早ニュータウン, 長崎駅前西諫早ニュータウン・つつじが丘, 諫早駅前つつじが丘・西諫早ニュータウン, 長崎駅前大波止, 立神大波止・旭大橋, 藤棚つつじが丘, 長崎駅前イオン東長崎・大波止, 長崎駅前つつじが丘・イオン東長崎, つつじが丘イオン東長崎, 立神大波止, 長崎商高大波止, 喜々津シーサイドイオン東長崎・つつじが丘, 諫早・東厚生町藤棚・西諫早ニュータウン；諫早市役所, つつじが丘日見公園前, 喜々津駅通つつじが丘, 古賀木場, 古賀木場イオン東長崎, 網場・春日車庫前つつじが丘・高城台；日見公園前, 西陵高校高城台・つつじが丘, 東望道つつじが丘, 西陵高校ガーデンシティ・矢上団地, 長崎県庁前夢彩都, 矢上, 田結東矢上団地・ガーデンシティ, 長崎東高, 諫早・東厚生町つつじが丘・競技場北口；諫早市役所"
観音入口,長崎自動車（株）,"100：ココウォーク茂里町行き, 90：矢上-古賀-つつじが丘, つつじが丘-イオン東長崎店, 南高スクール, 矢上-間の瀬-川平-小原-まなび野団地-長崎商業"
花咲ヶ丘,長崎自動車（株）,滑石-式見線
公民館,諫早市,早見線
千々石橋,島原鉄道（株）,"島原〜雲仙〜小浜〜諫早行, 口之津〜小浜〜諫早行, 有家〜小浜・小浜高〜諫早行, 小浜〜諫早行"
中尾［式見］,さいかい交通（株）・長崎自動車（株）,20：大波止・中央橋・長崎新地行き［長崎バス・さいかい交通］
彩が丘北口,長崎自動車（株）,"100：ココウォーク茂里町行き, 90：矢上-普賢神社口-彩が丘, 彩が丘線"
成和田,長崎自動車（株）,"1：長崎駅前-住吉-川平・恵の丘, 1/9：昭和町-西山台団地・恵の丘, 9：長崎駅前-純心校前-恵の丘・女の都方面, 20：市役所・中央橋・長崎新地行き, 20：中央橋・長崎新地行き"
中尾,長崎自動車（株）,"3：長崎駅前-城栄町/春木町-下大橋・小江原・式見, 長崎駅前-春木町-小江原・式見, 6：長崎駅前-飽の浦-福田, 20：大波止・中央橋・長崎新地行き, 20：中央橋・長崎新地行き, 立神-下大橋-北部方面"
瀬古,長崎自動車（株）,"100：ココウォーク茂里町行き, 90：矢上-普賢神社口-彩が丘, 彩が丘線"
西町集会所前,長崎自動車（株）,ニッキー
西町,長崎自動車（株）,"2：長崎駅前-西町-虹が丘, 20：市役所・中央橋行き, 北高スクール, 立神-下大橋-北部方面"
西町,さいかい交通（株）・長崎自動車（株）,20：大波止・中央橋・長崎新地行き［長崎バス・さいかい交通］
荒毛公園前,長崎自動車（株）,"3：長崎駅前-城栄町/春木町-下大橋・小江原・式見, 長崎駅前-春木町-小江原・式見, 6：長崎駅前-飽の浦-福田, 20：大波止・中央橋・長崎新地行き, 20：中央橋・長崎新地行き, 滑石-式見線, 立神-下大橋-北部方面"
荒毛公園前,さいかい交通（株）・長崎自動車（株）,20：大波止・中央橋・長崎新地行き［長崎バス・さいかい交通］
一宅,長崎県,"諫早・東厚生町三本松・競技場北口, 飯盛団地競技場北口・平山・江の浦, 東厚生町江の浦・平山・競技場北口"
上新丁,島原鉄道（株）,"島原〜雲仙〜小浜〜諫早行, 島原〜多比良〜諫早行, 加津佐海水浴場前〜島原行, 島原〜藤原〜有家〜須川港行, 島原病院〜島原駅前〜芝桜公園前行"
浦ノ川,島原鉄道（株）,"島原〜雲仙〜小浜〜諫早行, 島原〜多比良〜諫早行, 加津佐海水浴場前〜島原行, 島原〜藤原〜有家〜須川港行, 島原病院〜島原駅前〜芝桜公園前行"
文教町,長崎県,"中央橋長崎バイパス・大波止, 立神, 長崎商高大波止, 女の都団地市役所, 西山木場市役所, 女の都入口, 久山台ニュータウン大波止・長崎バイパス"
文教町,長崎自動車（株）,"9：長崎駅前-純心校前-恵の丘・女の都方面, 20：中央橋・長崎新地行き"
北原,島原鉄道（株）,"島原〜雲仙〜小浜〜諫早行, 島原〜多比良〜諫早行, 加津佐海水浴場前〜島原行, 島原〜藤原〜有家〜須川港行, 島原病院〜島原駅前〜芝桜公園前行"
東町,長崎自動車（株）,"100：ココウォーク茂里町行き, 90：矢上-普賢神社口-彩が丘, 彩が丘線"
牧野,長崎県,"長崎駅前矢上大橋・奥山・大波止, 唐比車庫奥山・矢上大橋, 諫早営業所有喜・唐比・諫早東高前；西諫早ニュータウン, 有喜江の浦, 西陵高校江の浦, 諫早営業所有喜・川床・市役所；西諫早ニュータウン"
式見地域センター前,長崎自動車（株）,"3：長崎駅前-城栄町/春木町-下大橋・小江原・式見, 長崎駅前-春木町-小江原・式見, 6：長崎駅前-飽の浦-福田, 20：大波止・中央橋・長崎新地行き, 20：中央橋・長崎新地行き, 滑石-式見線, 立神-下大橋-北部方面"
式見地域センター前,さいかい交通（株）・長崎自動車（株）,20：大波止・中央橋・長崎新地行き［長崎バス・さいかい交通］
三原団地,長崎県,"11循環西山台団地・三原団地；本原一丁目・大波止, 5循環西山台団地・三原団地；本原一丁目・市役所, 長崎東高サニータウン；三原団地・西山台団地, まなび野団地西山台団地・三原団地；サニータウン, 三原団地本原一丁目, 住吉本原一丁目, 6循環三原団地・西山台団地, 6循環市役所；三原団地・西山台団地, 12循環大波止；三原団地・西山台団地, フランシスコ病院前西山台団地・三原団地, 6西山台団地市役所・三原団地, 12西山台団地大波止・三原団地, 長崎東高三原団地・西山台団地"
彩が丘,長崎自動車（株）,"100：ココウォーク茂里町行き, 90：矢上-普賢神社口-彩が丘, 彩が丘線"
式見,長崎自動車（株）,"3：長崎駅前-城栄町/春木町-下大橋・小江原・式見, 長崎駅前-春木町-小江原・式見, 6：長崎駅前-飽の浦-福田, 20：大波止・中央橋・長崎新地行き, 20：中央橋・長崎新地行き, 滑石-式見線, 立神-下大橋-北部方面"
式見,さいかい交通（株）・長崎自動車（株）,20：大波止・中央橋・長崎新地行き［長崎バス・さいかい交通］
上石田,島原鉄道（株）,"島原〜雲仙〜小浜〜諫早行, 口之津〜小浜〜諫早行, 有家〜小浜・小浜高〜諫早行, 小浜〜諫早行"
上石田,雲仙市タクシー事業組合,雲仙市乗合タクシー上岳線
上の角,長崎自動車（株）,"1：長崎駅前-住吉-川平・恵の丘, 1/9：昭和町-西山台団地・恵の丘, 9：長崎駅前-純心校前-恵の丘・女の都方面, 20：市役所・中央橋・長崎新地行き, 20：中央橋・長崎新地行き"
石神町,長崎県,"長崎東高サニータウン；三原団地・西山台団地, まなび野団地西山台団地・三原団地；サニータウン, 立神, 中央橋市役所, 長崎商高大波止, 女の都団地市役所, 中央橋市役所・中央公園前, 女の都イオン東長崎・市役所, 網場・春日車庫前大波止・ペンギン水族館, 女の都団地大波止, サニータウン市役所, 西崎団地市役所, 西山木場市役所, 西山木場ハートセンター・市役所, 女の都入口, 長崎商高市役所, 女の都団地, 女の都長崎県庁前, 平和町本原一丁目, 住吉昭和町, サニータウン大波止, 西崎団地大波止, 女の都団地市役所・ハートセンター"
石神町,長崎自動車（株）,"ゆりちゃん, 元気くん"
平原,長崎自動車（株）,"100：ココウォーク茂里町行き, つつじが丘-イオン東長崎店"
下の角,長崎自動車（株）,"1：長崎駅前-住吉-川平・恵の丘, 1/9：昭和町-西山台団地・恵の丘, 9：長崎駅前-純心校前-恵の丘・女の都方面, 20：市役所・中央橋・長崎新地行き, 20：中央橋・長崎新地行き"
白鳥公園前,長崎自動車（株）,ニッキー
純心校前,長崎県,"中央橋長崎バイパス・大波止, 立神, 長崎商高大波止, 女の都団地市役所, 西山木場市役所, 女の都入口, 久山台ニュータウン大波止・長崎バイパス"
純心校前,長崎自動車（株）,"9：長崎駅前-純心校前-恵の丘・女の都方面, 20：中央橋・長崎新地行き"
商工会議所前,島原鉄道（株）,"島原〜雲仙〜小浜〜諫早行, 島原〜多比良〜諫早行, 加津佐海水浴場前〜島原行, 島原〜藤原〜有家〜須川港行, 島原病院〜島原駅前〜芝桜公園前行"
三川町,長崎自動車（株）,"1：長崎駅前-住吉-川平・恵の丘, 1/9：昭和町-西山台団地・恵の丘, 8：長崎駅前-医学部前-下大橋・三川町, 9：長崎駅前-純心校前-恵の丘・女の都方面, 20：市役所・中央橋・長崎新地行き, 20：中央橋・長崎新地行き, 北高スクール"
白鳥町,長崎自動車（株）,ニッキー
千々石小学校前,長崎県,"雲仙【特急】, 長崎駅前【特急】"
千々石小学校前,島原鉄道（株）,"島原〜雲仙〜小浜〜諫早行, 口之津〜小浜〜諫早行, 有家〜小浜・小浜高〜諫早行, 小浜〜諫早行"
千々石小学校前,雲仙市タクシー事業組合,雲仙市乗合タクシー上岳線
三原小学校前,長崎県,"11循環西山台団地・三原団地；本原一丁目・大波止, 5循環西山台団地・三原団地；本原一丁目・市役所, 長崎東高サニータウン；三原団地・西山台団地, まなび野団地西山台団地・三原団地；サニータウン, 三原団地本原一丁目, 住吉本原一丁目, 6循環三原団地・西山台団地, 6循環市役所；三原団地・西山台団地, 12循環大波止；三原団地・西山台団地, フランシスコ病院前西山台団地・三原団地, 6西山台団地市役所・三原団地, 12西山台団地大波止・三原団地, 長崎東高三原団地・西山台団地"
彩が丘入口,長崎自動車（株）,"100：ココウォーク茂里町行き, 90：矢上-普賢神社口-彩が丘, 彩が丘線"
向ヶ丘,長崎自動車（株）,"3：長崎駅前-城栄町/春木町-下大橋・小江原・式見, 長崎駅前-春木町-小江原・式見, 6：長崎駅前-飽の浦-福田, 20：大波止・中央橋・長崎新地行き, 20：中央橋・長崎新地行き, 滑石-式見線, 立神-下大橋-北部方面"
向ヶ丘,さいかい交通（株）・長崎自動車（株）,20：大波止・中央橋・長崎新地行き［長崎バス・さいかい交通］
上小江原,長崎自動車（株）,"3：長崎駅前-城栄町/春木町-下大橋・小江原・式見, 長崎駅前-春木町-小江原・式見, 20：大波止・中央橋・長崎新地行き, 20：市役所・中央橋・長崎新地行き, 20：中央橋・長崎新地行き, 立神-下大橋-北部方面"
上小江原,さいかい交通（株）・長崎自動車（株）,20：大波止・中央橋・長崎新地行き［長崎バス・さいかい交通］
長崎大学前,長崎県,"長崎東高大波止・中央橋, 滑石団地中央橋・大波止・道の尾, 三原団地本原一丁目, 住吉本原一丁目"
長崎大学前,長崎自動車（株）,"1：長崎駅前-住吉-西海-三重・大串, 1：長崎駅前-住吉-時津・溝川, 1：長崎駅前-住吉-滑石-桜の里方面, 1：長崎駅前-住吉-上横尾, 1：長崎駅前-住吉-榎の鼻-満永, 1：長崎駅前-住吉-榎の鼻-琴の尾登口, 1：長崎駅前-住吉-川平・恵の丘, 1：長崎駅前-住吉-女の都・緑ヶ丘団地, 1：長崎駅前-住吉方面, 20：大波止・中央橋・長崎新地行き, 20：市役所・中央橋・長崎新地行き, 20：市役所・中央橋行き, 20：中央橋・長崎新地行き, ニッキー, 長商高スクール, 北高スクール, 北陽台高スクール, 明誠高スクール, 大橋-住吉-虹が丘-寺川内, 立神-下大橋-北部方面, 立神-銭座町-北部方面"
長崎大学前,さいかい交通（株）・長崎自動車（株）,20：大波止・中央橋・長崎新地行き［長崎バス・さいかい交通］
榎木,長崎県,"長崎駅前年の神・大波止, 現川駅前, 現川駅前高城台, 長崎駅前高城台・市役所"
榎木,長崎自動車（株）,"100：ココウォーク茂里町行き, 彩が丘線"
狩場,長崎県,"長崎駅前矢上団地・大波止, 江の浦矢上団地, 長崎駅前矢上団地・市役所, 諫早・東厚生町三本松・競技場北口, 有喜江の浦, 西陵高校江の浦, 江の浦矢上団地；ガーデンシティ・飯盛団地"
長大東門前,長崎県,"中央橋長崎バイパス・大波止, 立神, 長崎商高大波止, 女の都団地市役所, 長崎空港【リムジン】浦上経由・試験場前, 長崎駅前【リムジン】試験場前・諫早インター；浦上経由, 西山木場市役所, 女の都入口, 久山台ニュータウン大波止・長崎バイパス"
長大東門前,長崎自動車（株）,"9：長崎駅前-純心校前-恵の丘・女の都方面, 20：中央橋・長崎新地行き"
橘神社前,島原鉄道（株）,"島原〜雲仙〜小浜〜諫早行, 口之津〜小浜〜諫早行, 有家〜小浜・小浜高〜諫早行, 小浜〜諫早行"
橘神社前,雲仙市タクシー事業組合,雲仙市乗合タクシー上岳線
銀行前,雲仙市タクシー事業組合,雲仙市乗合タクシー上岳線
西町市場前,長崎自動車（株）,"2：長崎駅前-西町-虹が丘, 20：市役所・中央橋行き, ニッキー, 北高スクール, 立神-下大橋-北部方面"
西町市場前,さいかい交通（株）・長崎自動車（株）,20：大波止・中央橋・長崎新地行き［長崎バス・さいかい交通］
長崎振興局前,長崎県,"滑石団地中央橋・大波止・道の尾, 住吉本原一丁目"
長崎振興局前,長崎自動車（株）,"1：長崎駅前-住吉-西海-三重・大串, 1：長崎駅前-住吉-時津・溝川, 1：長崎駅前-住吉-滑石-桜の里方面, 1：長崎駅前-住吉-上横尾, 1：長崎駅前-住吉-榎の鼻-満永, 1：長崎駅前-住吉-榎の鼻-琴の尾登口, 1：長崎駅前-住吉-川平・恵の丘, 1：長崎駅前-住吉-女の都・緑ヶ丘団地, 1：長崎駅前-住吉方面, ニッキー, 長商高スクール, 北高スクール, 北陽台高スクール, 明誠高スクール, 大橋-住吉-虹が丘-寺川内, 立神-下大橋-北部方面, 立神-銭座町-北部方面"
一本木,長崎県,"11循環西山台団地・三原団地；本原一丁目・大波止, 5循環西山台団地・三原団地；本原一丁目・市役所, 長崎東高サニータウン；三原団地・西山台団地, まなび野団地西山台団地・三原団地；サニータウン, 中央橋本原一丁目・市役所, 6循環三原団地・西山台団地, 6循環市役所；三原団地・西山台団地, 12循環大波止；三原団地・西山台団地, 立神西山台団地・本原一丁目, フランシスコ病院前西山台団地・三原団地, 6西山台団地市役所・三原団地, 12西山台団地大波止・三原団地, 西山台団地浦上駅前・本原一丁目, 長崎東高三原団地・西山台団地"
一本木,長崎自動車（株）,"8：長崎駅前-医学部前-下大橋・三川町, 20：中央橋・長崎新地行き, 北高スクール"
フランシスコ病院前,長崎県,"11循環西山台団地・三原団地；本原一丁目・大波止, 5循環西山台団地・三原団地；本原一丁目・市役所, 長崎東高サニータウン；三原団地・西山台団地, まなび野団地西山台団地・三原団地；サニータウン, 中央橋本原一丁目・市役所, 三原団地本原一丁目, 住吉本原一丁目, 6循環三原団地・西山台団地, 6循環市役所；三原団地・西山台団地, 12循環大波止；三原団地・西山台団地, 立神西山台団地・本原一丁目, フランシスコ病院前西山台団地・三原団地, 三原台みどり谷, 6西山台団地市役所・三原団地, 12西山台団地大波止・三原団地, 西山台団地浦上駅前・本原一丁目, 長崎東高三原団地・西山台団地"
フランシスコ病院前,長崎自動車（株）,"8：長崎駅前-医学部前-下大橋・三川町, 20：中央橋・長崎新地行き, 北高スクール"
小江原,長崎自動車（株）,"3：長崎駅前-城栄町/春木町-下大橋・小江原・式見, 長崎駅前-春木町-小江原・式見, 20：大波止・中央橋・長崎新地行き, 20：市役所・中央橋・長崎新地行き, 20：中央橋・長崎新地行き, 北高スクール, 立神-下大橋-北部方面"
小江原,さいかい交通（株）・長崎自動車（株）,20：大波止・中央橋・長崎新地行き［長崎バス・さいかい交通］
平の下,長崎県,"11循環西山台団地・三原団地；本原一丁目・大波止, 5循環西山台団地・三原団地；本原一丁目・市役所, 長崎東高サニータウン；三原団地・西山台団地, まなび野団地西山台団地・三原団地；サニータウン, 中央橋本原一丁目・市役所, 三原団地本原一丁目, 住吉本原一丁目, 6循環三原団地・西山台団地, 6循環市役所；三原団地・西山台団地, 12循環大波止；三原団地・西山台団地, 立神西山台団地・本原一丁目, フランシスコ病院前西山台団地・三原団地, 6西山台団地市役所・三原団地, 12西山台団地大波止・三原団地, 西山台団地浦上駅前・本原一丁目, 長崎東高三原団地・西山台団地"
平の下,長崎自動車（株）,"8：長崎駅前-医学部前-下大橋・三川町, 20：中央橋・長崎新地行き, 北高スクール"
扇町,長崎県,"長崎東高サニータウン；三原団地・西山台団地, まなび野団地西山台団地・三原団地；サニータウン, 立神, 中央橋市役所, 長崎商高大波止, 女の都団地市役所, 中央橋市役所・中央公園前, 女の都イオン東長崎・市役所, 網場・春日車庫前大波止・ペンギン水族館, 女の都団地大波止, サニータウン市役所, 西崎団地市役所, 西山木場市役所, 西山木場ハートセンター・市役所, 女の都入口, 長崎商高市役所, 女の都団地, 女の都長崎県庁前, 平和町本原一丁目, 住吉昭和町, サニータウン大波止, 西崎団地大波止, 女の都団地市役所・ハートセンター"
扇町,長崎自動車（株）,"ゆりちゃん, 元気くん"
三川公園,長崎自動車（株）,"1：長崎駅前-住吉-川平・恵の丘, 1/9：昭和町-西山台団地・恵の丘, 8：長崎駅前-医学部前-下大橋・三川町, 9：長崎駅前-純心校前-恵の丘・女の都方面, 20：市役所・中央橋・長崎新地行き, 20：中央橋・長崎新地行き, 北高スクール"
聖フランシスコ病院,長崎県,"三原団地本原一丁目, 住吉本原一丁目"
大平,さいかい交通（株）・長崎自動車（株）,20：大波止・中央橋・長崎新地行き［長崎バス・さいかい交通］
大平,長崎自動車（株）,"3：長崎駅前-城栄町/春木町-下大橋・小江原・式見, 20：中央橋・長崎新地行き"
登立口,長崎県,"11循環西山台団地・三原団地；本原一丁目・大波止, 5循環西山台団地・三原団地；本原一丁目・市役所, 長崎東高サニータウン；三原団地・西山台団地, まなび野団地西山台団地・三原団地；サニータウン, 中央橋本原一丁目・市役所, 三原団地本原一丁目, 住吉本原一丁目, 6循環三原団地・西山台団地, 6循環市役所；三原団地・西山台団地, 12循環大波止；三原団地・西山台団地, 立神西山台団地・本原一丁目, フランシスコ病院前西山台団地・三原団地, 6西山台団地市役所・三原団地, 12西山台団地大波止・三原団地, 西山台団地浦上駅前・本原一丁目, 長崎東高三原団地・西山台団地"
登立口,長崎自動車（株）,"8：長崎駅前-医学部前-下大橋・三川町, 20：中央橋・長崎新地行き, 北高スクール"
イオン島原店前,島原鉄道（株）,"島原〜雲仙〜小浜〜諫早行, 島原〜多比良〜諫早行, 加津佐海水浴場前〜島原行, 島原〜藤原〜有家〜須川港行, 島原病院〜島原駅前〜芝桜公園前行"
浦上署前,長崎県,"三原団地本原一丁目, 住吉本原一丁目"
平間公民館,長崎自動車（株）,"100：ココウォーク茂里町行き, つつじが丘-イオン東長崎店"
公民館下,長崎県,"三原団地本原一丁目, 住吉本原一丁目"
八郎橋,長崎自動車（株）,"100：ココウォーク茂里町行き, 90：矢上-普賢神社口-彩が丘, 彩が丘線"
トンネル口,長崎自動車（株）,"3：長崎駅前-城栄町/春木町-下大橋・小江原・式見, 長崎駅前-春木町-小江原・式見, 6：長崎駅前-飽の浦-福田, 20：大波止・中央橋・長崎新地行き, 20：中央橋・長崎新地行き, 立神-下大橋-北部方面"
トンネル口,さいかい交通（株）・長崎自動車（株）,20：大波止・中央橋・長崎新地行き［長崎バス・さいかい交通］
三芳町,長崎自動車（株）,"2：長崎駅前-西町-虹が丘, ニッキー"
石原道,長崎県,"長崎駅前矢上団地・大波止, 江の浦矢上団地, 長崎駅前矢上団地・市役所, 諫早・東厚生町三本松・競技場北口, 有喜江の浦, 西陵高校江の浦, 江の浦矢上団地；ガーデンシティ・飯盛団地"
小江原橋,長崎自動車（株）,"3：長崎駅前-城栄町/春木町-下大橋・小江原・式見, 長崎駅前-春木町-小江原・式見, 20：大波止・中央橋・長崎新地行き, 20：市役所・中央橋・長崎新地行き, 20：中央橋・長崎新地行き, 立神-下大橋-北部方面"
補伽,長崎県,"長崎駅前矢上団地・大波止, 江の浦矢上団地, 長崎駅前矢上団地・市役所, 諫早・東厚生町三本松・競技場北口, 江の浦矢上団地；ガーデンシティ・飯盛団地, 戸石競技場北口・久山台・花ノ木, 東厚生町花ノ木・久山台・競技場北口"
三原台,長崎県,"本原一丁目, 三原台高尾小学校前, 三原台みどり谷"
扇町公園前,長崎県,"三原団地本原一丁目, 住吉本原一丁目"
三本松,長崎県,"長崎駅前矢上団地・大波止, 江の浦矢上団地, 長崎駅前矢上団地・市役所, 諫早・東厚生町三本松・競技場北口, 飯盛団地競技場北口・平山・江の浦, 東厚生町江の浦・平山・競技場北口, 有喜江の浦, 西陵高校江の浦, 江の浦矢上団地；ガーデンシティ・飯盛団地"
第二団地入口,長崎自動車（株）,"3：長崎駅前-城栄町/春木町-下大橋・小江原・式見, 20：大波止・中央橋・長崎新地行き, 20：市役所・中央橋・長崎新地行き, 立神-下大橋-北部方面"
みどり谷,長崎県,三原台みどり谷
参道口,島原鉄道（株）,"島原〜雲仙〜小浜〜諫早行, 口之津〜小浜〜諫早行, 有家〜小浜・小浜高〜諫早行, 小浜〜諫早行"
参道口,雲仙市タクシー事業組合,雲仙市乗合タクシー上岳線
飯盛中学校前,長崎県,"長崎駅前矢上団地・大波止, 江の浦矢上団地, 長崎駅前矢上団地・市役所, 諫早・東厚生町三本松・競技場北口, 有喜江の浦, 西陵高校江の浦, 江の浦矢上団地；ガーデンシティ・飯盛団地"
上浦,長崎自動車（株）,"3：長崎駅前-城栄町/春木町-下大橋・小江原・式見, 長崎駅前-春木町-小江原・式見, 20：大波止・中央橋・長崎新地行き, 20：中央橋・長崎新地行き, 立神-下大橋-北部方面"
上浦,さいかい交通（株）・長崎自動車（株）,20：大波止・中央橋・長崎新地行き［長崎バス・さいかい交通］
小江原車庫前,長崎自動車（株）,"3：長崎駅前-城栄町/春木町-下大橋・小江原・式見, 20：中央橋・長崎新地行き"
小江原車庫前,さいかい交通（株）・長崎自動車（株）,20：大波止・中央橋・長崎新地行き［長崎バス・さいかい交通］
小峰公園,長崎県,"三原団地本原一丁目, 住吉本原一丁目, 本原一丁目"
中の橋,長崎県,"三原団地本原一丁目, 住吉本原一丁目"
鏡ヶ丘,長崎自動車（株）,"3：長崎駅前-城栄町/春木町-下大橋・小江原・式見, 20：大波止・中央橋・長崎新地行き, 20：市役所・中央橋・長崎新地行き, 20：中央橋・長崎新地行き, 北高スクール, 立神-下大橋-北部方面"
鏡ヶ丘,さいかい交通（株）・長崎自動車（株）,20：大波止・中央橋・長崎新地行き［長崎バス・さいかい交通］
ニュータウン中央,長崎自動車（株）,"3：長崎駅前-城栄町/春木町-下大橋・小江原・式見, 長崎駅前-春木町-小江原・式見, 20：大波止・中央橋・長崎新地行き, 20：市役所・中央橋・長崎新地行き, 20：中央橋・長崎新地行き, 立神-下大橋-北部方面"
ニュータウン中央,さいかい交通（株）・長崎自動車（株）,20：大波止・中央橋・長崎新地行き［長崎バス・さいかい交通］
西山台団地,長崎県,"11循環西山台団地・三原団地；本原一丁目・大波止, 5循環西山台団地・三原団地；本原一丁目・市役所, 長崎東高サニータウン；三原団地・西山台団地, まなび野団地西山台団地・三原団地；サニータウン, 中央橋本原一丁目・市役所, 立神大波止, 6循環三原団地・西山台団地, 6循環市役所；三原団地・西山台団地, 12循環大波止；三原団地・西山台団地, 立神市役所, 立神西山台団地・本原一丁目, フランシスコ病院前西山台団地・三原団地, 長崎商高市役所, 長崎県庁前夢彩都, 女の都長崎県庁前, 6西山台団地市役所・三原団地, 12西山台団地大波止・三原団地, 西山台団地浦上駅前・本原一丁目, 長崎東高三原団地・西山台団地"
西山台団地,長崎自動車（株）,"1：長崎駅前-住吉-川平・恵の丘, 1/9：昭和町-西山台団地・恵の丘, 8：長崎駅前-医学部前-下大橋・三川町, 9：長崎駅前-純心校前-恵の丘・女の都方面, 20：市役所・中央橋・長崎新地行き, 20：中央橋・長崎新地行き, 北高スクール"
NTT社宅前,長崎県,"本原一丁目, 三原台高尾小学校前, 三原台みどり谷"
本原一丁目,長崎県,"11循環西山台団地・三原団地；本原一丁目・大波止, 5循環西山台団地・三原団地；本原一丁目・市役所, 立神, 中央橋本原一丁目・市役所, 中央橋市役所, 長崎商高大波止, 三原団地本原一丁目, 住吉本原一丁目, 本原一丁目, 三原台高尾小学校前, 6循環三原団地・西山台団地, 6循環市役所；三原団地・西山台団地, 12循環大波止；三原団地・西山台団地, 女の都団地市役所, 中央橋市役所・中央公園前, 女の都イオン東長崎・市役所, 網場・春日車庫前大波止・ペンギン水族館, 女の都団地大波止, サニータウン市役所, 立神西山台団地・本原一丁目, 西崎団地市役所, 西山木場市役所, 西山木場ハートセンター・市役所, 女の都入口, 長崎商高市役所, 女の都団地, 三原台みどり谷, 女の都長崎県庁前, 中央橋長崎県庁前, 平和町本原一丁目, 住吉昭和町, 6西山台団地市役所・三原団地, 12西山台団地大波止・三原団地, 西山台団地浦上駅前・本原一丁目, サニータウン大波止, 西崎団地大波止, 女の都団地市役所・ハートセンター, 長崎東高三原団地・西山台団地"
本原一丁目,長崎自動車（株）,"8：長崎駅前-医学部前-下大橋・三川町, 20：中央橋・長崎新地行き, ゆりちゃん, 元気くん, 北高スクール"
金屋入口,雲仙市タクシー事業組合,雲仙市乗合タクシー上岳線
嵩,長崎県,"長崎駅前矢上大橋・奥山・大波止, 唐比車庫奥山・矢上大橋"
東長崎営業所,長崎自動車（株）,"100：ココウォーク茂里町行き, 90：長崎駅前-芒塚-矢上方面, つつじが丘-イオン東長崎店, 南高スクール, 矢上-茂木-田上"
野中,長崎県,"本原一丁目, 三原台高尾小学校前, 三原台みどり谷"
西山台二丁目,長崎県,"11循環西山台団地・三原団地；本原一丁目・大波止, 5循環西山台団地・三原団地；本原一丁目・市役所, 長崎東高サニータウン；三原団地・西山台団地, まなび野団地西山台団地・三原団地；サニータウン, 中央橋本原一丁目・市役所, 立神大波止, 6循環三原団地・西山台団地, 6循環市役所；三原団地・西山台団地, 12循環大波止；三原団地・西山台団地, 立神市役所, 立神西山台団地・本原一丁目, フランシスコ病院前西山台団地・三原団地, 長崎商高市役所, 長崎県庁前夢彩都, 女の都長崎県庁前, 6西山台団地市役所・三原団地, 12西山台団地大波止・三原団地, 西山台団地浦上駅前・本原一丁目, 長崎東高三原団地・西山台団地"
西山台二丁目,長崎自動車（株）,"8：長崎駅前-医学部前-下大橋・三川町, 20：市役所・中央橋・長崎新地行き, 20：中央橋・長崎新地行き, 北高スクール"
本原教会前,長崎県,"11循環西山台団地・三原団地；本原一丁目・大波止, 5循環西山台団地・三原団地；本原一丁目・市役所, 長崎東高サニータウン；三原団地・西山台団地, まなび野団地西山台団地・三原団地；サニータウン, 中央橋本原一丁目・市役所, 三原団地本原一丁目, 住吉本原一丁目, 6循環三原団地・西山台団地, 6循環市役所；三原団地・西山台団地, 12循環大波止；三原団地・西山台団地, 立神西山台団地・本原一丁目, フランシスコ病院前西山台団地・三原団地, 6西山台団地市役所・三原団地, 12西山台団地大波止・三原団地, 西山台団地浦上駅前・本原一丁目, 長崎東高三原団地・西山台団地"
本原教会前,長崎自動車（株）,"8：長崎駅前-医学部前-下大橋・三川町, 20：中央橋・長崎新地行き, 北高スクール"
三原台病院,長崎県,"本原一丁目, 三原台高尾小学校前, 三原台みどり谷"
峠の坂,長崎自動車（株）,"1：長崎駅前-住吉-川平・恵の丘, 1/9：昭和町-西山台団地・恵の丘, 8：長崎駅前-医学部前-下大橋・三川町, 9：長崎駅前-純心校前-恵の丘・女の都方面, 20：市役所・中央橋・長崎新地行き, 20：中央橋・長崎新地行き, 北高スクール"
開田,長崎自動車（株）,"3：長崎駅前-城栄町/春木町-下大橋・小江原・式見, 長崎駅前-春木町-小江原・式見, 20：大波止・中央橋・長崎新地行き, 20：中央橋・長崎新地行き, 立神-下大橋-北部方面"
開田,さいかい交通（株）・長崎自動車（株）,20：大波止・中央橋・長崎新地行き［長崎バス・さいかい交通］
普同寺下,長崎県,"長崎駅前矢上団地・大波止, 江の浦矢上団地, 長崎駅前矢上団地・市役所, 諫早・東厚生町三本松・競技場北口, 有喜江の浦, 西陵高校江の浦, 江の浦矢上団地；ガーデンシティ・飯盛団地"
岩屋橋,長崎県,"中央橋長崎バイパス・大波止, 立神, 長崎東高大波止・中央橋, 滑石団地中央橋・大波止・道の尾, 長崎商高大波止, 女の都団地市役所, 西山木場市役所, 女の都入口, 久山台ニュータウン大波止・長崎バイパス"
岩屋橋,長崎自動車（株）,"1：長崎駅前-住吉-西海-三重・大串, 1：長崎駅前-住吉-時津・溝川, 1：長崎駅前-住吉-滑石-桜の里方面, 1：長崎駅前-住吉-上横尾, 1：長崎駅前-住吉-榎の鼻-満永, 1：長崎駅前-住吉-榎の鼻-琴の尾登口, 1：長崎駅前-住吉-川平・恵の丘, 1：長崎駅前-住吉-女の都・緑ヶ丘団地, 1：長崎駅前-住吉方面, 9：長崎駅前-純心校前-恵の丘・女の都方面, 20：市役所・中央橋・長崎新地行き, 20：市役所・中央橋行き, 20：中央橋・長崎新地行き, ニッキー, 長商高スクール, 北高スクール, 北陽台高スクール, 明誠高スクール, 大橋-住吉-虹が丘-寺川内, 立神-下大橋-北部方面, 立神-銭座町-北部方面"
岩屋橋,さいかい交通（株）・長崎自動車（株）,20：大波止・中央橋・長崎新地行き［長崎バス・さいかい交通］
中央公園下,長崎県,"三原団地本原一丁目, 住吉本原一丁目"
年の神,長崎県,"長崎駅前年の神・大波止, 現川駅前, 網場・春日車庫前つつじが丘・高城台；日見公園前, 西陵高校高城台・つつじが丘, 東望道つつじが丘"
年の神,長崎自動車（株）,"100：ココウォーク茂里町行き, 南高スクール"
病院下,長崎県,本原一丁目
上浦東,長崎自動車（株）,"3：長崎駅前-城栄町/春木町-下大橋・小江原・式見, 長崎駅前-春木町-小江原・式見, 20：大波止・中央橋・長崎新地行き, 20：中央橋・長崎新地行き, 立神-下大橋-北部方面"
上浦東,さいかい交通（株）・長崎自動車（株）,20：大波止・中央橋・長崎新地行き［長崎バス・さいかい交通］
三原中央,長崎県,"三原団地本原一丁目, 住吉本原一丁目"
山新田,長崎県,"長崎駅前矢上大橋・奥山・大波止, 唐比車庫奥山・矢上大橋, 諫早営業所有喜・唐比・諫早東高前；西諫早ニュータウン, 有喜江の浦, 西陵高校江の浦, 諫早営業所有喜・川床・市役所；西諫早ニュータウン"
高尾小学校前,長崎県,"本原一丁目, 三原台高尾小学校前"
小江原ニュータウン,長崎自動車（株）,"3：長崎駅前-城栄町/春木町-下大橋・小江原・式見, 長崎駅前-春木町-小江原・式見, 20：大波止・中央橋・長崎新地行き, 20：市役所・中央橋・長崎新地行き, 20：中央橋・長崎新地行き, 立神-下大橋-北部方面"
小江原ニュータウン,さいかい交通（株）・長崎自動車（株）,20：大波止・中央橋・長崎新地行き［長崎バス・さいかい交通］
西山台入口,長崎県,"11循環西山台団地・三原団地；本原一丁目・大波止, 5循環西山台団地・三原団地；本原一丁目・市役所, 長崎東高サニータウン；三原団地・西山台団地, まなび野団地西山台団地・三原団地；サニータウン, 中央橋本原一丁目・市役所, 立神大波止, 6循環三原団地・西山台団地, 6循環市役所；三原団地・西山台団地, 12循環大波止；三原団地・西山台団地, 立神市役所, 立神西山台団地・本原一丁目, フランシスコ病院前西山台団地・三原団地, 長崎商高市役所, 長崎県庁前夢彩都, 女の都長崎県庁前, 6西山台団地市役所・三原団地, 12西山台団地大波止・三原団地, 西山台団地浦上駅前・本原一丁目, 長崎東高三原団地・西山台団地"
西山台入口,長崎自動車（株）,"8：長崎駅前-医学部前-下大橋・三川町, 20：中央橋・長崎新地行き, 北高スクール"
馬場（江の浦）国道,長崎県,"長崎駅前矢上大橋・奥山・大波止, 唐比車庫奥山・矢上大橋, 雲仙【特急】, 長崎駅前【特急】, 有喜江の浦, 西陵高校江の浦"
油木西,長崎自動車（株）,"3：長崎駅前-城栄町/春木町-下大橋・小江原・式見, 20：大波止・中央橋・長崎新地行き, 20：市役所・中央橋・長崎新地行き, 20：中央橋・長崎新地行き, 北高スクール, 立神-下大橋-北部方面"
油木西,さいかい交通（株）・長崎自動車（株）,20：大波止・中央橋・長崎新地行き［長崎バス・さいかい交通］
油木ヶ丘,長崎自動車（株）,"3：長崎駅前-城栄町/春木町-下大橋・小江原・式見, 20：大波止・中央橋・長崎新地行き, 20：市役所・中央橋・長崎新地行き, 20：中央橋・長崎新地行き, 北高スクール, 立神-下大橋-北部方面"
油木ヶ丘,さいかい交通（株）・長崎自動車（株）,20：大波止・中央橋・長崎新地行き［長崎バス・さいかい交通］
飯盛団地入口,長崎県,"長崎駅前矢上大橋・奥山・大波止, 唐比車庫奥山・矢上大橋, 長崎駅前矢上団地・大波止, 雲仙【特急】, 長崎駅前【特急】, 有喜江の浦"
馬場（矢上）,長崎県,"長崎駅前年の神・大波止, 現川駅前, 長崎駅前競技場北口・藤棚, 諫早・東厚生町藤棚・競技場北口, 諫早・東厚生町つつじが丘・西諫早ニュータウン, 長崎駅前西諫早ニュータウン・つつじが丘, 諫早駅前つつじが丘・西諫早ニュータウン, 長崎駅前大波止, 立神大波止・旭大橋, 藤棚つつじが丘, 長崎駅前イオン東長崎・大波止, 長崎駅前つつじが丘・イオン東長崎, つつじが丘イオン東長崎, 立神大波止, 長崎商高大波止, 喜々津シーサイドイオン東長崎・つつじが丘, 諫早・東厚生町藤棚・西諫早ニュータウン；諫早市役所, つつじが丘日見公園前, 喜々津駅通つつじが丘, 古賀木場, 古賀木場イオン東長崎, 西陵高校ガーデンシティ・矢上団地, 長崎県庁前夢彩都, 矢上, 田結東矢上団地・ガーデンシティ, 長崎東高, 諫早・東厚生町つつじが丘・競技場北口；諫早市役所"
馬場,長崎自動車（株）,"100：ココウォーク茂里町行き, 90：長崎駅前-芒塚-矢上方面, 90：矢上-古賀-つつじが丘, 彩が丘線, 南高スクール, 矢上-茂木-田上, 矢上-間の瀬-川平-小原-まなび野団地-長崎商業"
手熊小前,長崎自動車（株）,"3：長崎駅前-城栄町/春木町-下大橋・小江原・式見, 長崎駅前-春木町-小江原・式見, 20：大波止・中央橋・長崎新地行き, 20：中央橋・長崎新地行き, 立神-下大橋-北部方面"
手熊小前,さいかい交通（株）・長崎自動車（株）,20：大波止・中央橋・長崎新地行き［長崎バス・さいかい交通］
上大橋,長崎自動車（株）,"2：長崎駅前-西町-虹が丘, 20：市役所・中央橋行き, ニッキー, 北高スクール, 立神-下大橋-北部方面"
上大橋,さいかい交通（株）・長崎自動車（株）,20：大波止・中央橋・長崎新地行き［長崎バス・さいかい交通］
油木町,長崎自動車（株）,"3：長崎駅前-城栄町/春木町-下大橋・小江原・式見, 4：長崎駅前-西城山-下大橋, 20：中央橋行き, 40：長崎駅前-戸町/二本松口-ダイヤランド・柳営業所, 元気くん, 北高スクール, 立神-下大橋-北部方面"
角崎南,長崎県,"三原団地本原一丁目, 住吉本原一丁目"
第二団地東口,長崎自動車（株）,"3：長崎駅前-城栄町/春木町-下大橋・小江原・式見, 20：大波止・中央橋・長崎新地行き, 20：市役所・中央橋・長崎新地行き, 立神-下大橋-北部方面"
桃山,島原鉄道（株）,"島原〜雲仙〜小浜〜諫早行, 島原〜多比良〜諫早行, 加津佐海水浴場前〜島原行, 島原〜藤原〜有家〜須川港行, 島原病院〜島原駅前〜芝桜公園前行"
馬場（江の浦）,長崎県,"長崎駅前矢上団地・大波止, 江の浦矢上団地, 長崎駅前矢上団地・市役所, 諫早営業所有喜・唐比・諫早東高前；西諫早ニュータウン, 飯盛団地競技場北口・平山・江の浦, 東厚生町江の浦・平山・競技場北口, 有喜江の浦, 西陵高校江の浦, 江の浦矢上団地；ガーデンシティ・飯盛団地, 諫早営業所有喜・川床・市役所；西諫早ニュータウン"
棚荷尾,長崎県,"11循環西山台団地・三原団地；本原一丁目・大波止, 5循環西山台団地・三原団地；本原一丁目・市役所, 長崎東高サニータウン；三原団地・西山台団地, まなび野団地西山台団地・三原団地；サニータウン, 中央橋本原一丁目・市役所, 三原団地本原一丁目, 住吉本原一丁目, 6循環三原団地・西山台団地, 6循環市役所；三原団地・西山台団地, 12循環大波止；三原団地・西山台団地, 立神西山台団地・本原一丁目, フランシスコ病院前西山台団地・三原団地, 6西山台団地市役所・三原団地, 12西山台団地大波止・三原団地, 西山台団地浦上駅前・本原一丁目, 長崎東高三原団地・西山台団地"
棚荷尾,長崎自動車（株）,"8：長崎駅前-医学部前-下大橋・三川町, 20：中央橋・長崎新地行き, 北高スクール"
田結橋,長崎県,"長崎駅前矢上団地・大波止, 江の浦矢上団地, 長崎駅前矢上団地・市役所, 諫早・東厚生町三本松・競技場北口, 江の浦矢上団地；ガーデンシティ・飯盛団地, 戸石競技場北口・久山台・花ノ木, 東厚生町花ノ木・久山台・競技場北口"
寺井田,長崎県,"11循環西山台団地・三原団地；本原一丁目・大波止, 5循環西山台団地・三原団地；本原一丁目・市役所, 長崎東高サニータウン；三原団地・西山台団地, まなび野団地西山台団地・三原団地；サニータウン, 中央橋本原一丁目・市役所, 6循環三原団地・西山台団地, 6循環市役所；三原団地・西山台団地, 12循環大波止；三原団地・西山台団地, 立神西山台団地・本原一丁目, フランシスコ病院前西山台団地・三原団地, 6西山台団地市役所・三原団地, 12西山台団地大波止・三原団地, 西山台団地浦上駅前・本原一丁目, 長崎東高三原団地・西山台団地"
寺井田,長崎自動車（株）,"8：長崎駅前-医学部前-下大橋・三川町, 20：中央橋・長崎新地行き, 北高スクール"
山里中学校前,長崎県,"11循環西山台団地・三原団地；本原一丁目・大波止, 5循環西山台団地・三原団地；本原一丁目・市役所, 立神, 中央橋本原一丁目・市役所, 中央橋市役所, 長崎商高大波止, 本原一丁目, 三原台高尾小学校前, 6循環三原団地・西山台団地, 6循環市役所；三原団地・西山台団地, 12循環大波止；三原団地・西山台団地, 女の都団地市役所, 中央橋市役所・中央公園前, 女の都イオン東長崎・市役所, 網場・春日車庫前大波止・ペンギン水族館, 女の都団地大波止, サニータウン市役所, 立神西山台団地・本原一丁目, 西崎団地市役所, 西山木場市役所, 西山木場ハートセンター・市役所, 女の都入口, 長崎商高市役所, 女の都団地, 女の都長崎県庁前, 中央橋長崎県庁前, 平和町本原一丁目, 住吉昭和町, 6西山台団地市役所・三原団地, 12西山台団地大波止・三原団地, 西山台団地浦上駅前・本原一丁目, サニータウン大波止, 西崎団地大波止, 女の都団地市役所・ハートセンター, 長崎東高三原団地・西山台団地"
山里中学校前,長崎自動車（株）,"8：長崎駅前-医学部前-下大橋・三川町, 20：中央橋・長崎新地行き, ゆりちゃん, 元気くん, 北高スクール"
さくら通り,長崎自動車（株）,"3：長崎駅前-城栄町/春木町-下大橋・小江原・式見, 長崎駅前-春木町-小江原・式見, 20：中央橋・長崎新地行き"
三つ山口,長崎県,"11循環西山台団地・三原団地；本原一丁目・大波止, 5循環西山台団地・三原団地；本原一丁目・市役所, 長崎東高サニータウン；三原団地・西山台団地, まなび野団地西山台団地・三原団地；サニータウン, 立神大波止, 6循環三原団地・西山台団地, 6循環市役所；三原団地・西山台団地, 12循環大波止；三原団地・西山台団地, 立神市役所, 立神西山台団地・本原一丁目, フランシスコ病院前西山台団地・三原団地, 長崎商高市役所, 長崎県庁前夢彩都, 女の都長崎県庁前, 6西山台団地市役所・三原団地, 12西山台団地大波止・三原団地, 長崎東高三原団地・西山台団地"
山里小学校前,長崎自動車（株）,"8：長崎駅前-医学部前-下大橋・三川町, 20：中央橋・長崎新地行き"
第二団地西口,長崎自動車（株）,"3：長崎駅前-城栄町/春木町-下大橋・小江原・式見, 長崎駅前-春木町-小江原・式見, 20：大波止・中央橋・長崎新地行き, 20：市役所・中央橋・長崎新地行き, 20：中央橋・長崎新地行き, 立神-下大橋-北部方面"
交通公園前,長崎自動車（株）,"3：長崎駅前-城栄町/春木町-下大橋・小江原・式見, 4：長崎駅前-西城山-下大橋, 20：中央橋行き, 40：長崎駅前-戸町/二本松口-ダイヤランド・柳営業所, 元気くん, 北高スクール, 立神-下大橋-北部方面"
護国神社裏,長崎自動車（株）,"3：長崎駅前-城栄町/春木町-下大橋・小江原・式見, 4：長崎駅前-西城山-下大橋, 20：中央橋行き, 40：長崎駅前-戸町/二本松口-ダイヤランド・柳営業所, 元気くん, 北高スクール, 立神-下大橋-北部方面"
釜,雲仙市タクシー事業組合,雲仙市乗合タクシー上岳線
手熊,長崎自動車（株）,"3：長崎駅前-城栄町/春木町-下大橋・小江原・式見, 長崎駅前-春木町-小江原・式見, 6：長崎駅前-飽の浦-福田, 20：大波止・中央橋・長崎新地行き, 20：中央橋・長崎新地行き, 立神-下大橋-北部方面"
手熊,さいかい交通（株）・長崎自動車（株）,20：大波止・中央橋・長崎新地行き［長崎バス・さいかい交通］
如己堂下,長崎自動車（株）,"8：長崎駅前-医学部前-下大橋・三川町, 20：中央橋・長崎新地行き, ゆりちゃん"
角の尾,長崎自動車（株）,"3：長崎駅前-城栄町/春木町-下大橋・小江原・式見, 長崎駅前-春木町-小江原・式見, 20：大波止・中央橋・長崎新地行き, 20：中央橋・長崎新地行き, 立神-下大橋-北部方面"
角の尾,さいかい交通（株）・長崎自動車（株）,20：大波止・中央橋・長崎新地行き［長崎バス・さいかい交通］
大橋（長崎）,長崎県,"中央橋長崎バイパス・大波止, 立神, 長崎東高大波止・中央橋, 滑石団地中央橋・大波止・道の尾, 長崎商高大波止, 女の都団地市役所, 長崎空港【リムジン】浦上経由・試験場前, 長崎駅前【リムジン】試験場前・諫早インター；浦上経由, 西山木場市役所, 久山台ニュータウン大波止・長崎バイパス"
大橋,長崎自動車（株）,"1：長崎駅前-住吉-西海-三重・大串, 1：長崎駅前-住吉-時津・溝川, 1：長崎駅前-住吉-滑石-桜の里方面, 1：長崎駅前-住吉-上横尾, 1：長崎駅前-住吉-榎の鼻-満永, 1：長崎駅前-住吉-榎の鼻-琴の尾登口, 1：長崎駅前-住吉-川平・恵の丘, 1：長崎駅前-住吉-女の都・緑ヶ丘団地, 1：長崎駅前-住吉方面, 2：長崎駅前-西町-虹が丘, 8：長崎駅前-医学部前-下大橋・三川町, 9：長崎駅前-純心校前-恵の丘・女の都方面, 20：大波止・中央橋・長崎新地行き, 20：市役所・中央橋・長崎新地行き, 20：市役所・中央橋行き, 20：中央橋・長崎新地行き, ニッキー, 元気くん, 長商高スクール, 北高スクール, 北陽台高スクール, 明誠高スクール, 大橋-住吉-虹が丘-寺川内, 立神-下大橋-北部方面, 立神-銭座町-北部方面"
大橋,さいかい交通（株）・長崎自動車（株）,20：大波止・中央橋・長崎新地行き［長崎バス・さいかい交通］
高尾町,長崎県,"本原一丁目, 三原台高尾小学校前"
手熊,長崎自動車（株）,"長崎駅前-春木町-小江原・式見, 20：中央橋・長崎新地行き"
小江原アパート,長崎自動車（株）,"3：長崎駅前-城栄町/春木町-下大橋・小江原・式見, 20：大波止・中央橋・長崎新地行き, 20：市役所・中央橋・長崎新地行き, 立神-下大橋-北部方面"
橋口町,長崎自動車（株）,ゆりちゃん
浦田船津,島原鉄道（株）,"島原〜雲仙〜小浜〜諫早行, 島原〜多比良〜諫早行, 加津佐海水浴場前〜島原行, 島原〜藤原〜有家〜須川港行, 島原病院〜島原駅前〜芝桜公園前行"
大橋（長崎）,長崎県,"立神, 女の都入口"
下大橋,長崎県,"立神, 女の都入口"
下大橋,長崎自動車（株）,"3：長崎駅前-城栄町/春木町-下大橋・小江原・式見, 4：長崎駅前-西城山-下大橋, 8：長崎駅前-医学部前-下大橋・三川町, 20：中央橋・長崎新地行き, 20：中央橋行き, 40：長崎駅前-戸町/二本松口-ダイヤランド・柳営業所, 元気くん, 長商高スクール, 北高スクール, 立神-下大橋-北部方面"
高城台中央,長崎県,"現川駅前, 現川駅前高城台, 立神大波止・旭大橋, 長崎駅前高城台・市役所, 高城台, 長崎駅前市役所, 網場・春日車庫前つつじが丘・高城台；日見公園前, 西陵高校高城台・つつじが丘, 東望道つつじが丘, 長崎東高"
高城台中央,長崎自動車（株）,"100：ココウォーク茂里町行き, 90：矢上-馬場/高城台, 彩が丘線, 南高スクール"
コミュニティ会館前,長崎県,"長崎駅前矢上団地・大波止, 江の浦矢上団地, 長崎駅前矢上団地・市役所, 諫早営業所有喜・唐比・諫早東高前；西諫早ニュータウン, 飯盛団地競技場北口・平山・江の浦, 東厚生町江の浦・平山・競技場北口, 有喜江の浦, 西陵高校江の浦, 江の浦矢上団地；ガーデンシティ・飯盛団地, 諫早営業所有喜・川床・市役所；西諫早ニュータウン"
ワークビレッジ,長崎県,"11循環西山台団地・三原団地；本原一丁目・大波止, 5循環西山台団地・三原団地；本原一丁目・市役所, 長崎東高サニータウン；三原団地・西山台団地, まなび野団地西山台団地・三原団地；サニータウン, 立神大波止, 6循環市役所；三原団地・西山台団地, 12循環大波止；三原団地・西山台団地, 立神市役所, 長崎商高市役所, 長崎県庁前夢彩都, 女の都長崎県庁前, 6西山台団地市役所・三原団地, 12西山台団地大波止・三原団地, 長崎東高三原団地・西山台団地"
田の川内公民館前,長崎自動車（株）,中尾線
宮郷,長崎県,"現川駅前, 現川駅前高城台, 立神大波止・旭大橋, 長崎駅前高城台・市役所, 高城台, 長崎駅前市役所, 網場・春日車庫前つつじが丘・高城台；日見公園前, 西陵高校高城台・つつじが丘, 東望道つつじが丘, 長崎東高"
宮郷,長崎自動車（株）,"100：ココウォーク茂里町行き, 90：矢上-馬場/高城台, つつじが丘-イオン東長崎店, 彩が丘線, 中尾線, 南高スクール"
青山町,長崎自動車（株）,"3：長崎駅前-城栄町/春木町-下大橋・小江原・式見, 20：大波止・中央橋・長崎新地行き, 20：市役所・中央橋・長崎新地行き, 20：中央橋・長崎新地行き, 北高スクール, 立神-下大橋-北部方面"
青山町,さいかい交通（株）・長崎自動車（株）,20：大波止・中央橋・長崎新地行き［長崎バス・さいかい交通］
平和町商店街,長崎自動車（株）,ゆりちゃん
神学校前,長崎自動車（株）,"8：長崎駅前-医学部前-下大橋・三川町, 20：中央橋・長崎新地行き, ゆりちゃん"
カトリックセンター前,長崎県,"11循環西山台団地・三原団地；本原一丁目・大波止, 5循環西山台団地・三原団地；本原一丁目・市役所, 立神, 中央橋本原一丁目・市役所, 中央橋市役所, 長崎商高大波止, 6循環三原団地・西山台団地, 6循環市役所；三原団地・西山台団地, 12循環大波止；三原団地・西山台団地, 女の都団地市役所, 中央橋市役所・中央公園前, 女の都イオン東長崎・市役所, 網場・春日車庫前大波止・ペンギン水族館, 女の都団地大波止, サニータウン市役所, 立神西山台団地・本原一丁目, 西崎団地市役所, 西山木場市役所, 西山木場ハートセンター・市役所, 女の都入口, 長崎商高市役所, 女の都団地, 女の都長崎県庁前, 中央橋長崎県庁前, 平和町本原一丁目, 住吉昭和町, 6西山台団地市役所・三原団地, 12西山台団地大波止・三原団地, 西山台団地浦上駅前・本原一丁目, サニータウン大波止, 西崎団地大波止, 女の都団地市役所・ハートセンター, 長崎東高三原団地・西山台団地"
カトリックセンター前,長崎自動車（株）,"8：長崎駅前-医学部前-下大橋・三川町, 20：中央橋・長崎新地行き, ゆりちゃん, 元気くん, 北高スクール"
西明寺下,長崎県,"長崎駅前矢上大橋・奥山・大波止, 唐比車庫奥山・矢上大橋"
田の川内,長崎自動車（株）,中尾線
城戸岩,長崎自動車（株）,中尾線
第二団地南口,長崎自動車（株）,"3：長崎駅前-城栄町/春木町-下大橋・小江原・式見, 長崎駅前-春木町-小江原・式見, 20：大波止・中央橋・長崎新地行き, 20：市役所・中央橋・長崎新地行き, 20：中央橋・長崎新地行き, 立神-下大橋-北部方面"
普賢神社口,長崎県,"メディカルセンター中央橋, 長崎駅前矢上団地・大波止, 江の浦矢上団地, 田結東矢上団地, 臼の浦矢上団地, 長崎駅前矢上団地・市役所, 長崎駅前矢上団地・イオン東長崎；市役所, 矢上団地, 長崎駅前市役所, 諫早・東厚生町藤棚・西諫早ニュータウン；諫早市役所, 女の都イオン東長崎・市役所, ガーデンシティイオン東長崎・矢上；矢上団地, 長崎駅前矢上団地・矢上；イオン東長崎・大波止, 諫早・東厚生町三本松・競技場北口, 立神矢上団地・イオン東長崎；大波止・旭大橋, ガーデンシティ大波止・矢上団地, 立神矢上団地・長崎署, ガーデンシティ矢上団地, 西陵高校ガーデンシティ・矢上団地, 江の浦矢上団地；ガーデンシティ・飯盛団地, 南高前矢上団地・矢上；イオン東長崎, 戸石イオン・矢上；矢上団地・ガーデンシティ, 田結東矢上団地・ガーデンシティ, 長崎東高, 長崎東高ガーデンシティ・矢上団地, 南高前ガーデンシティ・矢上団地；矢上・イオン, 戸石矢上団地・ガーデンシティ, メディカルセンター矢上団地・矢上；イオン・中央橋"
普賢神社口,長崎自動車（株）,"100：ココウォーク茂里町行き, 90：矢上-普賢神社口-彩が丘, 彩が丘線"
高城台西,長崎県,"現川駅前, 現川駅前高城台, 立神大波止・旭大橋, 長崎駅前高城台・市役所, 高城台, 長崎駅前市役所, 網場・春日車庫前つつじが丘・高城台；日見公園前, 西陵高校高城台・つつじが丘, 東望道つつじが丘, 長崎東高"
高城台西,長崎自動車（株）,"100：ココウォーク茂里町行き, 90：矢上-馬場/高城台, 彩が丘線, 南高スクール"
マリア学院前,長崎自動車（株）,"3：長崎駅前-城栄町/春木町-下大橋・小江原・式見, 4：長崎駅前-西城山-下大橋, 20：大波止・中央橋・長崎新地行き, 20：市役所・中央橋・長崎新地行き, 20：中央橋・長崎新地行き, 20：中央橋行き, 40：長崎駅前-戸町/二本松口-ダイヤランド・柳営業所, 元気くん, 北高スクール, 立神-下大橋-北部方面"
マリア学院前,さいかい交通（株）・長崎自動車（株）,20：大波止・中央橋・長崎新地行き［長崎バス・さいかい交通］
発電所前,島原鉄道（株）,"島原〜雲仙〜小浜〜諫早行, 口之津〜小浜〜諫早行, 有家〜小浜・小浜高〜諫早行, 小浜〜諫早行"
発電所前,雲仙市タクシー事業組合,雲仙市乗合タクシー上岳線
浦上天主堂前,長崎県,"11循環西山台団地・三原団地；本原一丁目・大波止, 5循環西山台団地・三原団地；本原一丁目・市役所, 立神, 中央橋本原一丁目・市役所, 中央橋市役所, 長崎商高大波止, 6循環三原団地・西山台団地, 6循環市役所；三原団地・西山台団地, 12循環大波止；三原団地・西山台団地, 女の都団地市役所, 中央橋市役所・中央公園前, 女の都イオン東長崎・市役所, 網場・春日車庫前大波止・ペンギン水族館, 女の都団地大波止, サニータウン市役所, 立神西山台団地・本原一丁目, 西崎団地市役所, 西山木場市役所, 西山木場ハートセンター・市役所, 女の都入口, 長崎商高市役所, 女の都団地, 女の都長崎県庁前, 中央橋長崎県庁前, 平和町本原一丁目, 住吉昭和町, 6西山台団地市役所・三原団地, 12西山台団地大波止・三原団地, 西山台団地浦上駅前・本原一丁目, サニータウン大波止, 西崎団地大波止, 女の都団地市役所・ハートセンター, 長崎東高三原団地・西山台団地"
浦上天主堂前,長崎自動車（株）,"8：長崎駅前-医学部前-下大橋・三川町, 9：長崎駅前-純心校前-恵の丘・女の都方面, 20：中央橋・長崎新地行き, ゆりちゃん, 元気くん, 北高スクール"
上原,長崎県,"長崎駅前矢上団地・大波止, 江の浦矢上団地, 長崎駅前矢上団地・市役所, 諫早営業所有喜・唐比・諫早東高前；西諫早ニュータウン, 飯盛団地競技場北口・平山・江の浦, 東厚生町江の浦・平山・競技場北口, 有喜江の浦, 西陵高校江の浦, 江の浦矢上団地；ガーデンシティ・飯盛団地, 諫早営業所有喜・川床・市役所；西諫早ニュータウン"
下侍石,長崎県,"メディカルセンター中央橋, 長崎駅前矢上団地・大波止, 江の浦矢上団地, 田結東矢上団地, 臼の浦矢上団地, 長崎駅前矢上団地・市役所, 長崎駅前矢上団地・イオン東長崎；市役所, 矢上団地, 長崎駅前市役所, 諫早・東厚生町藤棚・西諫早ニュータウン；諫早市役所, 女の都イオン東長崎・市役所, ガーデンシティイオン東長崎・矢上；矢上団地, 長崎駅前矢上団地・矢上；イオン東長崎・大波止, 諫早・東厚生町三本松・競技場北口, 立神矢上団地・イオン東長崎；大波止・旭大橋, ガーデンシティ大波止・矢上団地, 立神矢上団地・長崎署, ガーデンシティ矢上団地, 西陵高校ガーデンシティ・矢上団地, 江の浦矢上団地；ガーデンシティ・飯盛団地, 南高前矢上団地・矢上；イオン東長崎, 戸石イオン・矢上；矢上団地・ガーデンシティ, 田結東矢上団地・ガーデンシティ, 長崎東高, 長崎東高ガーデンシティ・矢上団地, 南高前ガーデンシティ・矢上団地；矢上・イオン, 戸石矢上団地・ガーデンシティ, メディカルセンター矢上団地・矢上；イオン・中央橋"
矢上,長崎県,"長崎駅前年の神・大波止, メディカルセンター中央橋, 現川駅前, 長崎駅前競技場北口・藤棚, 諫早・東厚生町藤棚・競技場北口, 諫早・東厚生町つつじが丘・西諫早ニュータウン, 長崎駅前矢上団地・大波止, 江の浦矢上団地, 長崎駅前西諫早ニュータウン・つつじが丘, 諫早駅前つつじが丘・西諫早ニュータウン, 田結東矢上団地, 長崎駅前大波止, 現川駅前高城台, 立神大波止・旭大橋, 長崎駅前高城台・市役所, 高城台, 臼の浦矢上団地, 長崎駅前矢上団地・市役所, 藤棚つつじが丘, 矢上団地, 長崎駅前市役所, 長崎駅前イオン東長崎・大波止, 長崎駅前つつじが丘・イオン東長崎, つつじが丘イオン東長崎, 立神大波止, 長崎商高大波止, 喜々津シーサイドイオン東長崎・つつじが丘, 諫早・東厚生町藤棚・西諫早ニュータウン；諫早市役所, ガーデンシティイオン東長崎・矢上；矢上団地, 長崎駅前矢上団地・矢上；イオン東長崎・大波止, つつじが丘日見公園前, 喜々津駅通つつじが丘, 西陵高校日見公園前・つつじが丘, 古賀木場, 古賀木場イオン東長崎, 網場・春日車庫前つつじが丘・高城台；日見公園前, 西陵高校高城台・つつじが丘, 東望道つつじが丘, 諫早・東厚生町三本松・競技場北口, ガーデンシティ大波止・矢上団地, 立神矢上団地・長崎署, ガーデンシティ矢上団地, 長崎県庁前夢彩都, 江の浦矢上団地；ガーデンシティ・飯盛団地, 矢上, 南高前矢上団地・矢上；イオン東長崎, 戸石イオン・矢上；矢上団地・ガーデンシティ, 長崎東高, 長崎東高ガーデンシティ・矢上団地, 南高前ガーデンシティ・矢上団地；矢上・イオン, 戸石矢上団地・ガーデンシティ, メディカルセンター矢上団地・矢上；イオン・中央橋, 諫早・東厚生町つつじが丘・競技場北口；諫早市役所"
矢上,長崎自動車（株）,"100：ココウォーク茂里町行き, 90：長崎駅前-芒塚-矢上方面, 90：矢上-馬場/高城台, 90：矢上-古賀-つつじが丘, 90：矢上-普賢神社口-彩が丘, つつじが丘-イオン東長崎店, 彩が丘線, 中尾線, 南高スクール, 矢上-茂木-田上, 矢上-間の瀬-川平-小原-まなび野団地-長崎商業"
宇都口,長崎自動車（株）,"3：長崎駅前-城栄町/春木町-下大橋・小江原・式見, 長崎駅前-春木町-小江原・式見, 20：大波止・中央橋・長崎新地行き, 20：中央橋・長崎新地行き, 立神-下大橋-北部方面"
宇都口,さいかい交通（株）・長崎自動車（株）,20：大波止・中央橋・長崎新地行き［長崎バス・さいかい交通］
高城台南,長崎県,"現川駅前, 現川駅前高城台, 立神大波止・旭大橋, 長崎駅前高城台・市役所, 高城台, 長崎駅前市役所, 網場・春日車庫前つつじが丘・高城台；日見公園前, 西陵高校高城台・つつじが丘, 東望道つつじが丘, 長崎東高"
高城台南,長崎自動車（株）,"100：ココウォーク茂里町行き, 90：矢上-馬場/高城台, 彩が丘線, 南高スクール"
湊広馬場,島原鉄道（株）,"島原〜雲仙〜小浜〜諫早行, 島原〜多比良〜諫早行, 加津佐海水浴場前〜島原行, 島原〜藤原〜有家〜須川港行, 島原病院〜島原駅前〜芝桜公園前行"
八幡神社前,長崎自動車（株）,"3：長崎駅前-城栄町/春木町-下大橋・小江原・式見, 4：長崎駅前-西城山-下大橋, 20：大波止・中央橋・長崎新地行き, 20：市役所・中央橋・長崎新地行き, 20：中央橋・長崎新地行き, 20：中央橋行き, 40：長崎駅前-戸町/二本松口-ダイヤランド・柳営業所, 元気くん, 北高スクール, 立神-下大橋-北部方面"
八幡神社前,さいかい交通（株）・長崎自動車（株）,20：大波止・中央橋・長崎新地行き［長崎バス・さいかい交通］
仁田口,長崎県,"11循環西山台団地・三原団地；本原一丁目・大波止, 5循環西山台団地・三原団地；本原一丁目・市役所, 長崎東高サニータウン；三原団地・西山台団地, まなび野団地西山台団地・三原団地；サニータウン, 立神大波止, 6循環市役所；三原団地・西山台団地, 12循環大波止；三原団地・西山台団地, 立神市役所, 長崎商高市役所, 長崎県庁前夢彩都, 女の都長崎県庁前, 6西山台団地市役所・三原団地, 12西山台団地大波止・三原団地, 長崎東高三原団地・西山台団地"
城栄町,長崎県,"立神, 女の都入口"
城栄町,長崎自動車（株）,"3：長崎駅前-城栄町/春木町-下大橋・小江原・式見, 4：長崎駅前-西城山-下大橋, 20：大波止・中央橋・長崎新地行き, 20：市役所・中央橋・長崎新地行き, 20：中央橋・長崎新地行き, 20：中央橋行き, 元気くん, 長商高スクール, 福田-飽の浦-城栄町, 北高スクール, 立神-下大橋-北部方面"
城栄町,さいかい交通（株）・長崎自動車（株）,20：大波止・中央橋・長崎新地行き［長崎バス・さいかい交通］
城栄会公民館前,新城山交通（株）,乗り合いタクシー「金堀地区」
中村アパート横,新城山交通（株）,乗り合いタクシー「金堀地区」
平和町,長崎県,"11循環西山台団地・三原団地；本原一丁目・大波止, 5循環西山台団地・三原団地；本原一丁目・市役所, 立神, 中央橋本原一丁目・市役所, 中央橋市役所, 長崎商高大波止, 6循環三原団地・西山台団地, 6循環市役所；三原団地・西山台団地, 12循環大波止；三原団地・西山台団地, 女の都団地市役所, 中央橋市役所・中央公園前, 女の都イオン東長崎・市役所, 網場・春日車庫前大波止・ペンギン水族館, 女の都団地大波止, サニータウン市役所, 立神西山台団地・本原一丁目, 西崎団地市役所, 西山木場市役所, 西山木場ハートセンター・市役所, 女の都入口, 長崎商高市役所, 女の都団地, 女の都長崎県庁前, 中央橋長崎県庁前, 平和町本原一丁目, 住吉昭和町, 6西山台団地市役所・三原団地, 12西山台団地大波止・三原団地, 西山台団地浦上駅前・本原一丁目, サニータウン大波止, 西崎団地大波止, 女の都団地市役所・ハートセンター, 長崎東高三原団地・西山台団地"
平和町（スクールバスのみ）,長崎自動車（株）,北高スクール
本尾町,長崎自動車（株）,"8：長崎駅前-医学部前-下大橋・三川町, 20：中央橋・長崎新地行き, ゆりちゃん"
下川内（戸石）,長崎県,"長崎駅前矢上大橋・奥山・大波止, 唐比車庫奥山・矢上大橋"
城栄商店街P前,新城山交通（株）,乗り合いタクシー「金堀地区」
十八親和銀行横,新城山交通（株）,乗り合いタクシー「金堀地区」
笹の本,長崎自動車（株）,中尾線
江平3丁目,長崎自動車（株）,ゆりちゃん
侍石,長崎県,"メディカルセンター中央橋, 長崎駅前矢上団地・大波止, 江の浦矢上団地, 田結東矢上団地, 臼の浦矢上団地, 長崎駅前矢上団地・市役所, 長崎駅前矢上団地・イオン東長崎；市役所, 矢上団地, 長崎駅前市役所, 諫早・東厚生町藤棚・西諫早ニュータウン；諫早市役所, 女の都イオン東長崎・市役所, ガーデンシティイオン東長崎・矢上；矢上団地, 長崎駅前矢上団地・矢上；イオン東長崎・大波止, 諫早・東厚生町三本松・競技場北口, 立神矢上団地・イオン東長崎；大波止・旭大橋, ガーデンシティ大波止・矢上団地, 立神矢上団地・長崎署, ガーデンシティ矢上団地, 西陵高校ガーデンシティ・矢上団地, 江の浦矢上団地；ガーデンシティ・飯盛団地, 南高前矢上団地・矢上；イオン東長崎, 戸石イオン・矢上；矢上団地・ガーデンシティ, 田結東矢上団地・ガーデンシティ, 長崎東高, 長崎東高ガーデンシティ・矢上団地, 南高前ガーデンシティ・矢上団地；矢上・イオン, 戸石矢上団地・ガーデンシティ, メディカルセンター矢上団地・矢上；イオン・中央橋"
柿泊,長崎自動車（株）,"長崎駅前-春木町-小江原・式見, 6：長崎駅前-飽の浦-福田, 20：中央橋・長崎新地行き"
城栄商店街西口,新城山交通（株）,乗り合いタクシー「金堀地区」
遊ING駐車場裏,新城山交通（株）,乗り合いタクシー「金堀地区」
金堀公園下,新城山交通（株）,乗り合いタクシー「金堀地区」
飯盛団地,長崎県,"長崎駅前矢上団地・大波止, 江の浦矢上団地, 諫早営業所有喜・唐比・諫早東高前；西諫早ニュータウン, 飯盛団地競技場北口・平山・江の浦, 東厚生町江の浦・平山・競技場北口, 有喜江の浦, 西陵高校江の浦, 江の浦矢上団地；ガーデンシティ・飯盛団地"
築地橋,長崎自動車（株）,中尾線
若草町,長崎自動車（株）,"4：長崎駅前-西城山-下大橋, 40：長崎駅前-戸町/二本松口-ダイヤランド・柳営業所"
図書センター前,新城山交通（株）,乗り合いタクシー「金堀地区」
中尾新鮮市,長崎自動車（株）,中尾線
平和公園電停前,新城山交通（株）,乗り合いタクシー「金堀地区」
金堀峠,新城山交通（株）,乗り合いタクシー「金堀地区」
長崎市運動公園前,長崎自動車（株）,"3：長崎駅前-城栄町/春木町-下大橋・小江原・式見, 長崎駅前-春木町-小江原・式見, 20：大波止・中央橋・長崎新地行き, 20：中央橋・長崎新地行き, 立神-下大橋-北部方面"
長崎市運動公園前,さいかい交通（株）・長崎自動車（株）,20：大波止・中央橋・長崎新地行き［長崎バス・さいかい交通］
平和公園,長崎県,"滑石団地中央橋・大波止・道の尾, 長崎商高大波止, 女の都団地市役所, 久山台ニュータウン大波止・長崎バイパス"
平和公園,長崎県,"11循環西山台団地・三原団地；本原一丁目・大波止, 5循環西山台団地・三原団地；本原一丁目・市役所, 中央橋長崎バイパス・大波止, 立神, 中央橋本原一丁目・市役所, 中央橋市役所, 長崎東高大波止・中央橋, 長崎商高大波止, 6循環市役所；三原団地・西山台団地, 12循環大波止；三原団地・西山台団地, 女の都団地市役所, 中央橋市役所・中央公園前, 女の都イオン東長崎・市役所, 網場・春日車庫前大波止・ペンギン水族館, 女の都団地大波止, サニータウン市役所, 立神西山台団地・本原一丁目, 西崎団地市役所, 長崎空港【リムジン】浦上経由・試験場前, 長崎駅前【リムジン】試験場前・諫早インター；浦上経由, 西山木場市役所, 女の都入口, 長崎商高市役所, 女の都団地, 女の都長崎県庁前, 中央橋長崎県庁前, 久山台ニュータウン大波止・長崎バイパス, 6西山台団地市役所・三原団地, 12西山台団地大波止・三原団地, 西山台団地浦上駅前・本原一丁目, サニータウン大波止, 西崎団地大波止, 女の都団地市役所・ハートセンター, 長崎東高三原団地・西山台団地"
平和公園,長崎自動車（株）,"1：長崎駅前-住吉-西海-三重・大串, 1：長崎駅前-住吉-時津・溝川, 1：長崎駅前-住吉-滑石-桜の里方面, 1：長崎駅前-住吉-上横尾, 1：長崎駅前-住吉-榎の鼻-満永, 1：長崎駅前-住吉-榎の鼻-琴の尾登口, 1：長崎駅前-住吉-川平・恵の丘, 1：長崎駅前-住吉-女の都・緑ヶ丘団地, 1：長崎駅前-住吉方面, 2：長崎駅前-西町-虹が丘, 9：長崎駅前-純心校前-恵の丘・女の都方面, 20：大波止・中央橋・長崎新地行き, 20：市役所・中央橋・長崎新地行き, 20：市役所・中央橋行き, 20：中央橋・長崎新地行き, 元気くん, 北陽台高スクール, 明誠高スクール, 立神-銭座町-北部方面"
平和公園,さいかい交通（株）・長崎自動車（株）,20：大波止・中央橋・長崎新地行き［長崎バス・さいかい交通］
市民プール前,長崎県,"立神, 女の都入口"
市民プール前,長崎自動車（株）,"3：長崎駅前-城栄町/春木町-下大橋・小江原・式見, 4：長崎駅前-西城山-下大橋, 20：大波止・中央橋・長崎新地行き, 20：市役所・中央橋・長崎新地行き, 20：中央橋・長崎新地行き, 20：中央橋行き, 長商高スクール, 福田-飽の浦-城栄町, 北高スクール, 立神-下大橋-北部方面"
市民プール前,さいかい交通（株）・長崎自動車（株）,20：大波止・中央橋・長崎新地行き［長崎バス・さいかい交通］
水源池上,長崎県,"11循環西山台団地・三原団地；本原一丁目・大波止, 5循環西山台団地・三原団地；本原一丁目・市役所, 長崎東高サニータウン；三原団地・西山台団地, まなび野団地西山台団地・三原団地；サニータウン, 立神大波止, 6循環市役所；三原団地・西山台団地, 12循環大波止；三原団地・西山台団地, 立神市役所, 長崎商高市役所, 長崎県庁前夢彩都, 女の都長崎県庁前, 6西山台団地市役所・三原団地, 12西山台団地大波止・三原団地, 長崎東高三原団地・西山台団地"
田結東,長崎県,"長崎駅前矢上大橋・奥山・大波止, 唐比車庫奥山・矢上大橋, 長崎駅前矢上団地・大波止, 江の浦矢上団地, 田結東矢上団地, 長崎駅前矢上団地・市役所, 雲仙【特急】, 長崎駅前【特急】, 諫早・東厚生町三本松・競技場北口, 西陵高校ガーデンシティ・矢上団地, 江の浦矢上団地；ガーデンシティ・飯盛団地, 田結東矢上団地・ガーデンシティ, 戸石競技場北口・久山台・花ノ木, 東厚生町花ノ木・久山台・競技場北口"
江平町,長崎自動車（株）,"8：長崎駅前-医学部前-下大橋・三川町, 20：中央橋・長崎新地行き, ゆりちゃん"
江平高部,長崎自動車（株）,"8：長崎駅前-医学部前-下大橋・三川町, 9：長崎駅前-純心校前-恵の丘・女の都方面, 20：中央橋・長崎新地行き, ゆりちゃん"
普賢通,長崎県,"メディカルセンター中央橋, 現川駅前, 長崎駅前矢上団地・大波止, 江の浦矢上団地, 田結東矢上団地, 臼の浦矢上団地, 長崎駅前矢上団地・市役所, 長崎駅前矢上団地・イオン東長崎；市役所, 矢上団地, 長崎駅前市役所, 諫早・東厚生町藤棚・西諫早ニュータウン；諫早市役所, 女の都イオン東長崎・市役所, ガーデンシティイオン東長崎・矢上；矢上団地, 長崎駅前矢上団地・矢上；イオン東長崎・大波止, 立神矢上団地・イオン東長崎；大波止・旭大橋, ガーデンシティ大波止・矢上団地, 立神矢上団地・長崎署, ガーデンシティ矢上団地, 西陵高校ガーデンシティ・矢上団地, 長崎県庁前矢上大橋・夢彩都；網場道〜番所間不停車, 江の浦矢上団地；ガーデンシティ・飯盛団地, 南高前矢上団地・矢上；イオン東長崎, 戸石イオン・矢上；矢上団地・ガーデンシティ, 田結東矢上団地・ガーデンシティ, 長崎東高, 長崎東高ガーデンシティ・矢上団地, 南高前ガーデンシティ・矢上団地；矢上・イオン, 戸石矢上団地・ガーデンシティ, メディカルセンター矢上団地・矢上；イオン・中央橋"
折田建設駐車場前,新城山交通（株）,乗り合いタクシー「金堀地区」
かき道二丁目,長崎県,"メディカルセンター中央橋, 現川駅前, 長崎駅前矢上団地・大波止, 江の浦矢上団地, 田結東矢上団地, 臼の浦矢上団地, 長崎駅前矢上団地・市役所, 長崎駅前矢上団地・イオン東長崎；市役所, 矢上団地, 長崎駅前市役所, 諫早・東厚生町藤棚・西諫早ニュータウン；諫早市役所, 女の都イオン東長崎・市役所, ガーデンシティイオン東長崎・矢上；矢上団地, 長崎駅前矢上団地・矢上；イオン東長崎・大波止, 立神矢上団地・イオン東長崎；大波止・旭大橋, ガーデンシティ大波止・矢上団地, 立神矢上団地・長崎署, ガーデンシティ矢上団地, 西陵高校ガーデンシティ・矢上団地, 長崎県庁前矢上大橋・夢彩都；網場道〜番所間不停車, 江の浦矢上団地；ガーデンシティ・飯盛団地, 南高前矢上団地・矢上；イオン東長崎, 戸石イオン・矢上；矢上団地・ガーデンシティ, 田結東矢上団地・ガーデンシティ, 長崎東高, 長崎東高ガーデンシティ・矢上団地, 南高前ガーデンシティ・矢上団地；矢上・イオン, 戸石矢上団地・ガーデンシティ, メディカルセンター矢上団地・矢上；イオン・中央橋"
かき道三丁目,長崎県,"メディカルセンター中央橋, 現川駅前, 長崎駅前矢上団地・大波止, 江の浦矢上団地, 田結東矢上団地, 臼の浦矢上団地, 長崎駅前矢上団地・市役所, 長崎駅前矢上団地・イオン東長崎；市役所, 矢上団地, 長崎駅前市役所, 諫早・東厚生町藤棚・西諫早ニュータウン；諫早市役所, 女の都イオン東長崎・市役所, ガーデンシティイオン東長崎・矢上；矢上団地, 長崎駅前矢上団地・矢上；イオン東長崎・大波止, 立神矢上団地・イオン東長崎；大波止・旭大橋, ガーデンシティ大波止・矢上団地, 立神矢上団地・長崎署, ガーデンシティ矢上団地, 西陵高校ガーデンシティ・矢上団地, 長崎県庁前矢上大橋・夢彩都；網場道〜番所間不停車, 江の浦矢上団地；ガーデンシティ・飯盛団地, 南高前矢上団地・矢上；イオン東長崎, 戸石イオン・矢上；矢上団地・ガーデンシティ, 田結東矢上団地・ガーデンシティ, 長崎東高, 長崎東高ガーデンシティ・矢上団地, 南高前ガーデンシティ・矢上団地；矢上・イオン, 戸石矢上団地・ガーデンシティ, メディカルセンター矢上団地・矢上；イオン・中央橋"
江平登口,長崎自動車（株）,ゆりちゃん
東公園入口,長崎県,"長崎駅前矢上団地・大波止, 江の浦矢上団地, 田結東矢上団地, 臼の浦矢上団地, 長崎駅前矢上団地・市役所, 長崎駅前矢上団地・イオン東長崎；市役所, ガーデンシティイオン東長崎・矢上；矢上団地, 長崎駅前矢上団地・矢上；イオン東長崎・大波止, 諫早・東厚生町三本松・競技場北口, 立神矢上団地・イオン東長崎；大波止・旭大橋, ガーデンシティ大波止・矢上団地, 立神矢上団地・長崎署, ガーデンシティ矢上団地, 西陵高校ガーデンシティ・矢上団地, 江の浦矢上団地；ガーデンシティ・飯盛団地, 南高前矢上団地・矢上；イオン東長崎, 戸石イオン・矢上；矢上団地・ガーデンシティ, 田結東矢上団地・ガーデンシティ, 長崎東高ガーデンシティ・矢上団地, 南高前ガーデンシティ・矢上団地；矢上・イオン, 戸石矢上団地・ガーデンシティ, メディカルセンター矢上団地・矢上；イオン・中央橋"
赤松,長崎自動車（株）,中尾線
花園郵便局前,新城山交通（株）,乗り合いタクシー「金堀地区」
浄水場前,新城山交通（株）,乗り合いタクシー「金堀地区」
1丁目入口,新城山交通（株）,乗り合いタクシー「金堀地区」
後田口,長崎県,"長崎駅前矢上団地・大波止, 江の浦矢上団地, 長崎駅前矢上団地・市役所, 諫早営業所有喜・唐比・諫早東高前；西諫早ニュータウン, 飯盛団地競技場北口・平山・江の浦, 東厚生町江の浦・平山・競技場北口, 有喜江の浦, 西陵高校江の浦, 江の浦矢上団地；ガーデンシティ・飯盛団地, 諫早営業所有喜・川床・市役所；西諫早ニュータウン"
長谷,長崎県,"長崎駅前矢上団地・大波止, 江の浦矢上団地, 田結東矢上団地, 臼の浦矢上団地, 長崎駅前矢上団地・市役所, 長崎駅前矢上団地・イオン東長崎；市役所, ガーデンシティイオン東長崎・矢上；矢上団地, 長崎駅前矢上団地・矢上；イオン東長崎・大波止, 諫早・東厚生町三本松・競技場北口, 立神矢上団地・イオン東長崎；大波止・旭大橋, ガーデンシティ大波止・矢上団地, 立神矢上団地・長崎署, ガーデンシティ矢上団地, 西陵高校ガーデンシティ・矢上団地, 江の浦矢上団地；ガーデンシティ・飯盛団地, 南高前矢上団地・矢上；イオン東長崎, 戸石イオン・矢上；矢上団地・ガーデンシティ, 田結東矢上団地・ガーデンシティ, 長崎東高ガーデンシティ・矢上団地, 南高前ガーデンシティ・矢上団地；矢上・イオン, 戸石矢上団地・ガーデンシティ, メディカルセンター矢上団地・矢上；イオン・中央橋"
中尾,長崎自動車（株）,中尾線
医学部前,長崎自動車（株）,"8：長崎駅前-医学部前-下大橋・三川町, 9：長崎駅前-純心校前-恵の丘・女の都方面, 20：中央橋・長崎新地行き, 元気くん"
陣の内,長崎県,"長崎駅前矢上団地・大波止, 江の浦矢上団地, 田結東矢上団地, 臼の浦矢上団地, 長崎駅前矢上団地・市役所, 諫早・東厚生町三本松・競技場北口, 西陵高校ガーデンシティ・矢上団地, 江の浦矢上団地；ガーデンシティ・飯盛団地, 南高前矢上団地・矢上；イオン東長崎, 戸石イオン・矢上；矢上団地・ガーデンシティ, 田結東矢上団地・ガーデンシティ, 長崎東高ガーデンシティ・矢上団地, 南高前ガーデンシティ・矢上団地；矢上・イオン, 戸石矢上団地・ガーデンシティ"
城山台北口,長崎自動車（株）,"3：長崎駅前-城栄町/春木町-下大橋・小江原・式見, 長崎駅前-春木町-小江原・式見, 20：大波止・中央橋・長崎新地行き, 20：市役所・中央橋・長崎新地行き, 20：中央橋・長崎新地行き"
平和通,長崎県,"立神, 女の都入口"
平和通り,長崎自動車（株）,"3：長崎駅前-城栄町/春木町-下大橋・小江原・式見, 4：長崎駅前-西城山-下大橋, 20：大波止・中央橋・長崎新地行き, 20：市役所・中央橋・長崎新地行き, 20：中央橋・長崎新地行き, 20：中央橋行き, 長商高スクール, 福田-飽の浦-城栄町, 立神-下大橋-北部方面"
平和通,さいかい交通（株）・長崎自動車（株）,20：大波止・中央橋・長崎新地行き［長崎バス・さいかい交通］
西城山小学校下,新城山交通（株）,乗り合いタクシー「金堀地区」
金堀西部公園前,新城山交通（株）,乗り合いタクシー「金堀地区」
江平2丁目,長崎自動車（株）,ゆりちゃん
田之浦,長崎自動車（株）,中尾線
西城山小学校前,長崎自動車（株）,"4：長崎駅前-西城山-下大橋, 40：長崎駅前-戸町/二本松口-ダイヤランド・柳営業所, 立神-下大橋-北部方面"
かめやき公園前,新城山交通（株）,乗り合いタクシー「金堀地区」
城山住宅前,長崎自動車（株）,4：長崎駅前-西城山-下大橋
四丁目入口,長崎県,"11循環西山台団地・三原団地；本原一丁目・大波止, 5循環西山台団地・三原団地；本原一丁目・市役所, 長崎東高サニータウン；三原団地・西山台団地, まなび野団地西山台団地・三原団地；サニータウン, 立神大波止, 6循環市役所；三原団地・西山台団地, 12循環大波止；三原団地・西山台団地, 立神市役所, 長崎商高市役所, 長崎県庁前夢彩都, 女の都長崎県庁前, 6西山台団地市役所・三原団地, 12西山台団地大波止・三原団地, 長崎東高三原団地・西山台団地"
中組,島原鉄道（株）,"島原〜雲仙〜小浜〜諫早行, 島原〜多比良〜諫早行, 加津佐海水浴場前〜島原行, 島原〜藤原〜有家〜須川港行, 島原病院〜島原駅前〜芝桜公園前行"
1丁目中腹,新城山交通（株）,乗り合いタクシー「金堀地区」
番所橋,長崎県,"長崎駅前年の神・大波止, メディカルセンター中央橋, 長崎駅前競技場北口・藤棚, 諫早・東厚生町藤棚・競技場北口, 諫早・東厚生町つつじが丘・西諫早ニュータウン, 長崎駅前矢上団地・大波止, 江の浦矢上団地, 長崎駅前西諫早ニュータウン・つつじが丘, 諫早駅前つつじが丘・西諫早ニュータウン, 田結東矢上団地, 長崎駅前大波止, 現川駅前高城台, 立神大波止・旭大橋, 長崎駅前高城台・市役所, 高城台, 臼の浦矢上団地, 長崎駅前矢上団地・市役所, 矢上団地, 長崎駅前市役所, 立神大波止, 長崎商高大波止, 諫早・東厚生町藤棚・西諫早ニュータウン；諫早市役所, つつじが丘日見公園前, 喜々津駅通つつじが丘, 西陵高校日見公園前・つつじが丘, 古賀木場, 網場・春日車庫前つつじが丘・高城台；日見公園前, 西陵高校高城台・つつじが丘, 東望道つつじが丘, 諫早・東厚生町三本松・競技場北口, ガーデンシティ大波止・矢上団地, 立神矢上団地・長崎署, ガーデンシティ矢上団地, 長崎県庁前夢彩都, 江の浦矢上団地；ガーデンシティ・飯盛団地, 長崎東高, 長崎東高ガーデンシティ・矢上団地, 戸石矢上団地・ガーデンシティ, 諫早・東厚生町つつじが丘・競技場北口；諫早市役所"
番所橋,長崎自動車（株）,"100：ココウォーク茂里町行き, 90：長崎駅前-芒塚-矢上方面, 南高スクール, 矢上-間の瀬-川平-小原-まなび野団地-長崎商業"
中央通,長崎県,"メディカルセンター中央橋, 現川駅前, 長崎駅前矢上団地・大波止, 江の浦矢上団地, 田結東矢上団地, 臼の浦矢上団地, 長崎駅前矢上団地・市役所, 長崎駅前矢上団地・イオン東長崎；市役所, 矢上団地, 長崎駅前市役所, 諫早・東厚生町藤棚・西諫早ニュータウン；諫早市役所, 女の都イオン東長崎・市役所, ガーデンシティイオン東長崎・矢上；矢上団地, 長崎駅前矢上団地・矢上；イオン東長崎・大波止, 立神矢上団地・イオン東長崎；大波止・旭大橋, ガーデンシティ大波止・矢上団地, 立神矢上団地・長崎署, ガーデンシティ矢上団地, 西陵高校ガーデンシティ・矢上団地, 長崎県庁前矢上大橋・夢彩都；網場道〜番所間不停車, 江の浦矢上団地；ガーデンシティ・飯盛団地, 南高前矢上団地・矢上；イオン東長崎, 戸石イオン・矢上；矢上団地・ガーデンシティ, 田結東矢上団地・ガーデンシティ, 長崎東高, 長崎東高ガーデンシティ・矢上団地, 南高前ガーデンシティ・矢上団地；矢上・イオン, 戸石矢上団地・ガーデンシティ, メディカルセンター矢上団地・矢上；イオン・中央橋"
飯岳入口,島原鉄道（株）,"島原〜雲仙〜小浜〜諫早行, 口之津〜小浜〜諫早行, 有家〜小浜・小浜高〜諫早行, 小浜〜諫早行"
飯岳入口,雲仙市タクシー事業組合,雲仙市乗合タクシー上岳線
西山木場,長崎県,"長崎駅前市役所, 立神大波止, 立神市役所, 女の都団地市役所, 西山木場市役所, 西山木場ハートセンター・市役所, 女の都団地市役所・ハートセンター"
橘ふれあいセンター,長崎県,"メディカルセンター中央橋, 現川駅前, 長崎駅前矢上団地・大波止, 江の浦矢上団地, 田結東矢上団地, 臼の浦矢上団地, 長崎駅前矢上団地・市役所, 長崎駅前矢上団地・イオン東長崎；市役所, 矢上団地, 長崎駅前市役所, 諫早・東厚生町藤棚・西諫早ニュータウン；諫早市役所, 女の都イオン東長崎・市役所, ガーデンシティイオン東長崎・矢上；矢上団地, 長崎駅前矢上団地・矢上；イオン東長崎・大波止, 立神矢上団地・イオン東長崎；大波止・旭大橋, ガーデンシティ大波止・矢上団地, 立神矢上団地・長崎署, ガーデンシティ矢上団地, 西陵高校ガーデンシティ・矢上団地, 長崎県庁前矢上大橋・夢彩都；網場道〜番所間不停車, 江の浦矢上団地；ガーデンシティ・飯盛団地, 南高前矢上団地・矢上；イオン東長崎, 戸石イオン・矢上；矢上団地・ガーデンシティ, 田結東矢上団地・ガーデンシティ, 長崎東高, 長崎東高ガーデンシティ・矢上団地, 南高前ガーデンシティ・矢上団地；矢上・イオン, 戸石矢上団地・ガーデンシティ, メディカルセンター矢上団地・矢上；イオン・中央橋"
行合橋,長崎自動車（株）,中尾線
1丁目中央,新城山交通（株）,乗り合いタクシー「金堀地区」
東長崎農協前,長崎県,"現川駅前, 長崎駅前イオン東長崎・大波止, 長崎駅前つつじが丘・イオン東長崎, つつじが丘イオン東長崎, 喜々津シーサイドイオン東長崎・つつじが丘, ガーデンシティイオン東長崎・矢上；矢上団地, 長崎駅前矢上団地・矢上；イオン東長崎・大波止, 古賀木場イオン東長崎, 南高前矢上団地・矢上；イオン東長崎, 戸石イオン・矢上；矢上団地・ガーデンシティ, 南高前ガーデンシティ・矢上団地；矢上・イオン, メディカルセンター矢上団地・矢上；イオン・中央橋"
東長崎農協前,長崎自動車（株）,"100：ココウォーク茂里町行き, 90：長崎駅前-芒塚-矢上方面, つつじが丘-イオン東長崎店, 彩が丘線, 中尾線, 矢上-茂木-田上"
やまぶき公園前,新城山交通（株）,乗り合いタクシー「金堀地区」
花園町,長崎自動車（株）,"4：長崎駅前-西城山-下大橋, 40：長崎駅前-戸町/二本松口-ダイヤランド・柳営業所, 立神-下大橋-北部方面"
立岩通り,長崎自動車（株）,"4：長崎駅前-西城山-下大橋, 40：長崎駅前-戸町/二本松口-ダイヤランド・柳営業所, 立神-下大橋-北部方面"
かき道橋,長崎県,"現川駅前, 長崎駅前矢上団地・イオン東長崎；市役所, 長崎駅前イオン東長崎・大波止, 長崎駅前つつじが丘・イオン東長崎, つつじが丘イオン東長崎, 喜々津シーサイドイオン東長崎・つつじが丘, 女の都イオン東長崎・市役所, ガーデンシティイオン東長崎・矢上；矢上団地, 長崎駅前矢上団地・矢上；イオン東長崎・大波止, 古賀木場イオン東長崎, 立神矢上団地・イオン東長崎；大波止・旭大橋, 南高前矢上団地・矢上；イオン東長崎, 戸石イオン・矢上；矢上団地・ガーデンシティ, 南高前ガーデンシティ・矢上団地；矢上・イオン, メディカルセンター矢上団地・矢上；イオン・中央橋"
かき道橋,長崎自動車（株）,"100：ココウォーク茂里町行き, 90：長崎駅前-芒塚-矢上方面, つつじが丘-イオン東長崎店, 彩が丘線, 中尾線, 矢上-茂木-田上"
大学病院玄関前,長崎自動車（株）,元気くん
城山台中央,長崎自動車（株）,"3：長崎駅前-城栄町/春木町-下大橋・小江原・式見, 長崎駅前-春木町-小江原・式見, 20：大波止・中央橋・長崎新地行き, 20：市役所・中央橋・長崎新地行き, 20：中央橋・長崎新地行き"
立岩神社前,長崎自動車（株）,"4：長崎駅前-西城山-下大橋, 40：長崎駅前-戸町/二本松口-ダイヤランド・柳営業所, 立神-下大橋-北部方面"
農園前,長崎県,"長崎駅前市役所, 立神大波止, 立神市役所, 女の都団地市役所, 西山木場市役所, 西山木場ハートセンター・市役所, 女の都団地市役所・ハートセンター"
卸団地,長崎県,"高城台, 長崎駅前矢上団地・市役所, 矢上団地, 長崎駅前市役所, 立神矢上団地・イオン東長崎；大波止・旭大橋"
卸団地,長崎自動車（株）,"100：ココウォーク茂里町行き, 彩が丘線, 中尾線"
活水下,長崎県,"立神, 女の都入口"
活水下,長崎自動車（株）,"3：長崎駅前-城栄町/春木町-下大橋・小江原・式見, 4：長崎駅前-西城山-下大橋, 20：大波止・中央橋・長崎新地行き, 20：市役所・中央橋・長崎新地行き, 20：中央橋・長崎新地行き, 20：中央橋行き, 長商高スクール, 福田-飽の浦-城栄町, 立神-下大橋-北部方面"
活水下,さいかい交通（株）・長崎自動車（株）,20：大波止・中央橋・長崎新地行き［長崎バス・さいかい交通］
大学病院前,長崎自動車（株）,"8：長崎駅前-医学部前-下大橋・三川町, 20：中央橋・長崎新地行き"
江の浦,長崎県,"長崎駅前矢上団地・大波止, 江の浦矢上団地, 長崎駅前矢上団地・市役所, 諫早営業所有喜・唐比・諫早東高前；西諫早ニュータウン, 飯盛団地競技場北口・平山・江の浦, 東厚生町江の浦・平山・競技場北口, 有喜江の浦, 西陵高校江の浦, 江の浦矢上団地；ガーデンシティ・飯盛団地, 諫早営業所有喜・川床・市役所；西諫早ニュータウン"
矢筈,長崎自動車（株）,中尾線
東通り,長崎県,"メディカルセンター中央橋, 現川駅前, 長崎駅前矢上団地・大波止, 江の浦矢上団地, 田結東矢上団地, 臼の浦矢上団地, 長崎駅前矢上団地・市役所, 長崎駅前矢上団地・イオン東長崎；市役所, 矢上団地, 長崎駅前市役所, 諫早・東厚生町藤棚・西諫早ニュータウン；諫早市役所, 女の都イオン東長崎・市役所, ガーデンシティイオン東長崎・矢上；矢上団地, 長崎駅前矢上団地・矢上；イオン東長崎・大波止, 立神矢上団地・イオン東長崎；大波止・旭大橋, ガーデンシティ大波止・矢上団地, 立神矢上団地・長崎署, ガーデンシティ矢上団地, 西陵高校ガーデンシティ・矢上団地, 長崎県庁前矢上大橋・夢彩都；網場道〜番所間不停車, 江の浦矢上団地；ガーデンシティ・飯盛団地, 南高前矢上団地・矢上；イオン東長崎, 戸石イオン・矢上；矢上団地・ガーデンシティ, 田結東矢上団地・ガーデンシティ, 長崎東高, 長崎東高ガーデンシティ・矢上団地, 南高前ガーデンシティ・矢上団地；矢上・イオン, 戸石矢上団地・ガーデンシティ, メディカルセンター矢上団地・矢上；イオン・中央橋"
富士見町,長崎自動車（株）,"4：長崎駅前-西城山-下大橋, 40：長崎駅前-戸町/二本松口-ダイヤランド・柳営業所, 立神-下大橋-北部方面"
浜口町,長崎県,"11循環西山台団地・三原団地；本原一丁目・大波止, 5循環西山台団地・三原団地；本原一丁目・市役所, 中央橋長崎バイパス・大波止, 立神, 中央橋本原一丁目・市役所, 中央橋市役所, 長崎東高大波止・中央橋, 滑石団地中央橋・大波止・道の尾, 長崎商高大波止, 6循環市役所；三原団地・西山台団地, 12循環大波止；三原団地・西山台団地, 女の都団地市役所, 中央橋市役所・中央公園前, 女の都イオン東長崎・市役所, 網場・春日車庫前大波止・ペンギン水族館, 女の都団地大波止, サニータウン市役所, 立神西山台団地・本原一丁目, 西崎団地市役所, 長崎空港【リムジン】浦上経由・試験場前, 長崎駅前【リムジン】試験場前・諫早インター；浦上経由, 西山木場市役所, 女の都入口, 長崎商高市役所, 女の都団地, 女の都長崎県庁前, 中央橋長崎県庁前, 久山台ニュータウン大波止・長崎バイパス, 6西山台団地市役所・三原団地, 12西山台団地大波止・三原団地, 西山台団地浦上駅前・本原一丁目, サニータウン大波止, 西崎団地大波止, 長崎東高三原団地・西山台団地"
浜口町,長崎自動車（株）,"1：長崎駅前-住吉-西海-三重・大串, 1：長崎駅前-住吉-時津・溝川, 1：長崎駅前-住吉-滑石-桜の里方面, 1：長崎駅前-住吉-上横尾, 1：長崎駅前-住吉-榎の鼻-満永, 1：長崎駅前-住吉-榎の鼻-琴の尾登口, 1：長崎駅前-住吉-川平・恵の丘, 1：長崎駅前-住吉-女の都・緑ヶ丘団地, 1：長崎駅前-住吉方面, 2：長崎駅前-西町-虹が丘, 9：長崎駅前-純心校前-恵の丘・女の都方面, 20：大波止・中央橋・長崎新地行き, 20：市役所・中央橋・長崎新地行き, 20：市役所・中央橋行き, 20：中央橋・長崎新地行き, 北陽台高スクール, 明誠高スクール, 立神-銭座町-北部方面"
浜口町,さいかい交通（株）・長崎自動車（株）,20：大波止・中央橋・長崎新地行き［長崎バス・さいかい交通］
ガーデンシティ西,長崎県,"長崎駅前矢上団地・市役所, 長崎駅前矢上団地・イオン東長崎；市役所, ガーデンシティイオン東長崎・矢上；矢上団地, 長崎駅前矢上団地・矢上；イオン東長崎・大波止, 立神矢上団地・イオン東長崎；大波止・旭大橋, ガーデンシティ大波止・矢上団地, 立神矢上団地・長崎署, ガーデンシティ矢上団地, 西陵高校ガーデンシティ・矢上団地, 江の浦矢上団地；ガーデンシティ・飯盛団地, 南高前矢上団地・矢上；イオン東長崎, 戸石イオン・矢上；矢上団地・ガーデンシティ, 田結東矢上団地・ガーデンシティ, 長崎東高ガーデンシティ・矢上団地, 南高前ガーデンシティ・矢上団地；矢上・イオン, 戸石矢上団地・ガーデンシティ, メディカルセンター矢上団地・矢上；イオン・中央橋"
尾崎（戸石）,長崎県,"長崎駅前矢上団地・大波止, 江の浦矢上団地, 田結東矢上団地, 臼の浦矢上団地, 長崎駅前矢上団地・市役所, 諫早・東厚生町三本松・競技場北口, 西陵高校ガーデンシティ・矢上団地, 江の浦矢上団地；ガーデンシティ・飯盛団地, 南高前矢上団地・矢上；イオン東長崎, 戸石イオン・矢上；矢上団地・ガーデンシティ, 田結東矢上団地・ガーデンシティ, 長崎東高ガーデンシティ・矢上団地, 南高前ガーデンシティ・矢上団地；矢上・イオン, 戸石矢上団地・ガーデンシティ"
塩屋,長崎県,"諫早営業所有喜・唐比・諫早東高前；西諫早ニュータウン, 飯盛団地競技場北口・平山・江の浦, 東厚生町江の浦・平山・競技場北口, 有喜江の浦, 西陵高校江の浦"
城山台一丁目,長崎自動車（株）,"3：長崎駅前-城栄町/春木町-下大橋・小江原・式見, 20：大波止・中央橋・長崎新地行き, 20：市役所・中央橋・長崎新地行き, 20：中央橋・長崎新地行き"
島原病院入口,島原鉄道（株）,"島原〜多比良〜諫早行, 加津佐海水浴場前〜島原行, 島原病院〜島原駅前〜芝桜公園前行"
金刀比羅神社,島原鉄道（株）,"島原〜雲仙〜小浜〜諫早行, 島原〜多比良〜諫早行, 加津佐海水浴場前〜島原行, 島原〜藤原〜有家〜須川港行, 島原病院〜島原駅前〜芝桜公園前行"
田結出張所前,長崎県,"長崎駅前矢上団地・大波止, 江の浦矢上団地, 田結東矢上団地, 長崎駅前矢上団地・市役所, 諫早・東厚生町三本松・競技場北口, 西陵高校ガーデンシティ・矢上団地, 江の浦矢上団地；ガーデンシティ・飯盛団地, 田結東矢上団地・ガーデンシティ, 戸石競技場北口・久山台・花ノ木, 東厚生町花ノ木・久山台・競技場北口"
島原病院,島原鉄道（株）,"島原〜多比良〜諫早行, 加津佐海水浴場前〜島原行, 島原病院〜島原駅前〜芝桜公園前行"
たちばな小学校,長崎県,"メディカルセンター中央橋, 現川駅前, 長崎駅前矢上団地・大波止, 江の浦矢上団地, 田結東矢上団地, 臼の浦矢上団地, 長崎駅前矢上団地・市役所, 長崎駅前矢上団地・イオン東長崎；市役所, 矢上団地, 長崎駅前市役所, 諫早・東厚生町藤棚・西諫早ニュータウン；諫早市役所, 女の都イオン東長崎・市役所, ガーデンシティイオン東長崎・矢上；矢上団地, 長崎駅前矢上団地・矢上；イオン東長崎・大波止, 立神矢上団地・イオン東長崎；大波止・旭大橋, ガーデンシティ大波止・矢上団地, 立神矢上団地・長崎署, ガーデンシティ矢上団地, 西陵高校ガーデンシティ・矢上団地, 長崎県庁前矢上大橋・夢彩都；網場道〜番所間不停車, 江の浦矢上団地；ガーデンシティ・飯盛団地, 南高前矢上団地・矢上；イオン東長崎, 戸石イオン・矢上；矢上団地・ガーデンシティ, 田結東矢上団地・ガーデンシティ, 長崎東高, 長崎東高ガーデンシティ・矢上団地, 南高前ガーデンシティ・矢上団地；矢上・イオン, 戸石矢上団地・ガーデンシティ, メディカルセンター矢上団地・矢上；イオン・中央橋"
坂本町,長崎自動車（株）,"8：長崎駅前-医学部前-下大橋・三川町, 20：中央橋・長崎新地行き, 元気くん"
歯学部玄関前,長崎自動車（株）,元気くん
ガーデンシティ東,長崎県,"長崎駅前矢上団地・市役所, 長崎駅前矢上団地・イオン東長崎；市役所, ガーデンシティイオン東長崎・矢上；矢上団地, 長崎駅前矢上団地・矢上；イオン東長崎・大波止, 立神矢上団地・イオン東長崎；大波止・旭大橋, ガーデンシティ大波止・矢上団地, 立神矢上団地・長崎署, ガーデンシティ矢上団地, 西陵高校ガーデンシティ・矢上団地, 江の浦矢上団地；ガーデンシティ・飯盛団地, 南高前矢上団地・矢上；イオン東長崎, 戸石イオン・矢上；矢上団地・ガーデンシティ, 田結東矢上団地・ガーデンシティ, 長崎東高ガーデンシティ・矢上団地, 南高前ガーデンシティ・矢上団地；矢上・イオン, 戸石矢上団地・ガーデンシティ, メディカルセンター矢上団地・矢上；イオン・中央橋"
弁天白浜,長崎自動車（株）,"6：長崎駅前-飽の浦-福田, 20：中央橋・長崎新地行き"
尾崎（戸石）,長崎県,"長崎駅前矢上大橋・奥山・大波止, 唐比車庫奥山・矢上大橋, 長崎駅前大波止, 尾崎奥山・矢上大橋, 雲仙【特急】, 長崎駅前【特急】"
イオン東長崎店,長崎県,"長崎駅前矢上団地・イオン東長崎；市役所, 長崎駅前イオン東長崎・大波止, 長崎駅前つつじが丘・イオン東長崎, つつじが丘イオン東長崎, 喜々津シーサイドイオン東長崎・つつじが丘, 女の都イオン東長崎・市役所, ガーデンシティイオン東長崎・矢上；矢上団地, 長崎駅前矢上団地・矢上；イオン東長崎・大波止, 古賀木場イオン東長崎, 立神矢上団地・イオン東長崎；大波止・旭大橋, 南高前矢上団地・矢上；イオン東長崎, 戸石イオン・矢上；矢上団地・ガーデンシティ, 南高前ガーデンシティ・矢上団地；矢上・イオン, メディカルセンター矢上団地・矢上；イオン・中央橋"
イオン東長崎店,長崎自動車（株）,"100：ココウォーク茂里町行き, 90：長崎駅前-芒塚-矢上方面, つつじが丘-イオン東長崎店, 彩が丘線, 中尾線, 矢上-茂木-田上"
戸石学校前,長崎県,"長崎駅前矢上団地・大波止, 江の浦矢上団地, 田結東矢上団地, 臼の浦矢上団地, 長崎駅前矢上団地・市役所, 諫早・東厚生町三本松・競技場北口, 西陵高校ガーデンシティ・矢上団地, 江の浦矢上団地；ガーデンシティ・飯盛団地, 南高前矢上団地・矢上；イオン東長崎, 戸石イオン・矢上；矢上団地・ガーデンシティ, 田結東矢上団地・ガーデンシティ, 長崎東高ガーデンシティ・矢上団地, 南高前ガーデンシティ・矢上団地；矢上・イオン, 戸石矢上団地・ガーデンシティ"
城山台西口,長崎自動車（株）,"3：長崎駅前-城栄町/春木町-下大橋・小江原・式見, 長崎駅前-春木町-小江原・式見, 20：大波止・中央橋・長崎新地行き, 20：市役所・中央橋・長崎新地行き, 20：中央橋・長崎新地行き"
島原港駅前,島原鉄道（株）,"島原〜多比良〜諫早行, 加津佐海水浴場前〜島原行, 島原〜藤原〜有家〜須川港行, 島原病院〜島原駅前〜芝桜公園前行"
皿焼,長崎自動車（株）,"長崎駅前-春木町-小江原・式見, 20：中央橋・長崎新地行き"
岩見町,長崎自動車（株）,"4：長崎駅前-西城山-下大橋, 40：長崎駅前-戸町/二本松口-ダイヤランド・柳営業所, 立神-下大橋-北部方面"
岩見橋,長崎自動車（株）,"長崎駅前-春木町-小江原・式見, 20：中央橋・長崎新地行き"
下久保,長崎県,"諫早営業所有喜・唐比・諫早東高前；西諫早ニュータウン, 飯盛団地競技場北口・平山・江の浦, 東厚生町江の浦・平山・競技場北口, 有喜江の浦, 西陵高校江の浦"
かき道四丁目,長崎県,"メディカルセンター中央橋, 現川駅前, 長崎駅前矢上団地・大波止, 江の浦矢上団地, 田結東矢上団地, 臼の浦矢上団地, 長崎駅前矢上団地・市役所, 長崎駅前矢上団地・イオン東長崎；市役所, 矢上団地, 長崎駅前市役所, 諫早・東厚生町藤棚・西諫早ニュータウン；諫早市役所, 女の都イオン東長崎・市役所, ガーデンシティイオン東長崎・矢上；矢上団地, 長崎駅前矢上団地・矢上；イオン東長崎・大波止, 立神矢上団地・イオン東長崎；大波止・旭大橋, ガーデンシティ大波止・矢上団地, 立神矢上団地・長崎署, ガーデンシティ矢上団地, 西陵高校ガーデンシティ・矢上団地, 長崎県庁前矢上大橋・夢彩都；網場道〜番所間不停車, 江の浦矢上団地；ガーデンシティ・飯盛団地, 南高前矢上団地・矢上；イオン東長崎, 戸石イオン・矢上；矢上団地・ガーデンシティ, 田結東矢上団地・ガーデンシティ, 長崎東高, 長崎東高ガーデンシティ・矢上団地, 南高前ガーデンシティ・矢上団地；矢上・イオン, 戸石矢上団地・ガーデンシティ, メディカルセンター矢上団地・矢上；イオン・中央橋"
高部水源池,長崎県,"11循環西山台団地・三原団地；本原一丁目・大波止, 5循環西山台団地・三原団地；本原一丁目・市役所, まなび野団地西山台団地・三原団地；サニータウン"
高部水源池,長崎県,"長崎東高サニータウン；三原団地・西山台団地, 立神大波止, 6循環市役所；三原団地・西山台団地, 12循環大波止；三原団地・西山台団地, 立神市役所, 長崎商高市役所, 長崎駅前まなび野団地；西山バイパス・大波止, 長崎県庁前夢彩都, 女の都長崎県庁前, 6西山台団地市役所・三原団地, 12西山台団地大波止・三原団地, 長崎東高三原団地・西山台団地"
竹岩橋,長崎県,"立神, 女の都入口"
竹岩橋,長崎自動車（株）,"3：長崎駅前-城栄町/春木町-下大橋・小江原・式見, 4：長崎駅前-西城山-下大橋, 20：大波止・中央橋・長崎新地行き, 20：市役所・中央橋・長崎新地行き, 20：中央橋・長崎新地行き, 20：中央橋行き, 長商高スクール, 福田-飽の浦-城栄町, 立神-下大橋-北部方面"
竹岩橋,さいかい交通（株）・長崎自動車（株）,20：大波止・中央橋・長崎新地行き［長崎バス・さいかい交通］
島原港,島原鉄道（株）,"島原〜雲仙〜小浜〜諫早行, 島原〜多比良〜諫早行, 加津佐海水浴場前〜島原行, 島原〜藤原〜有家〜須川港行, 島原病院〜島原駅前〜芝桜公園前行"
岩川町,長崎県,"11循環西山台団地・三原団地；本原一丁目・大波止, 5循環西山台団地・三原団地；本原一丁目・市役所, 中央橋長崎バイパス・大波止, 立神, 中央橋本原一丁目・市役所, 中央橋市役所, 長崎東高大波止・中央橋, 滑石団地中央橋・大波止・道の尾, 長崎商高大波止, 6循環市役所；三原団地・西山台団地, 12循環大波止；三原団地・西山台団地, 女の都団地市役所, 中央橋市役所・中央公園前, 女の都イオン東長崎・市役所, 網場・春日車庫前大波止・ペンギン水族館, 女の都団地大波止, サニータウン市役所, 立神西山台団地・本原一丁目, 西崎団地市役所, 西山木場市役所, 女の都入口, 長崎商高市役所, 女の都団地, 女の都長崎県庁前, 中央橋長崎県庁前, 久山台ニュータウン大波止・長崎バイパス, 6西山台団地市役所・三原団地, 12西山台団地大波止・三原団地, 西山台団地浦上駅前・本原一丁目, サニータウン大波止, 西崎団地大波止, 長崎東高三原団地・西山台団地"
岩川町,長崎自動車（株）,"1：長崎駅前-住吉-西海-三重・大串, 1：長崎駅前-住吉-時津・溝川, 1：長崎駅前-住吉-滑石-桜の里方面, 1：長崎駅前-住吉-上横尾, 1：長崎駅前-住吉-榎の鼻-満永, 1：長崎駅前-住吉-榎の鼻-琴の尾登口, 1：長崎駅前-住吉-川平・恵の丘, 1：長崎駅前-住吉-女の都・緑ヶ丘団地, 1：長崎駅前-住吉方面, 2：長崎駅前-西町-虹が丘, 9：長崎駅前-純心校前-恵の丘・女の都方面, 20：大波止・中央橋・長崎新地行き, 20：市役所・中央橋・長崎新地行き, 20：市役所・中央橋行き, 20：中央橋・長崎新地行き, 北陽台高スクール, 明誠高スクール, 立神-銭座町-北部方面"
岩川町,さいかい交通（株）・長崎自動車（株）,20：大波止・中央橋・長崎新地行き［長崎バス・さいかい交通］
総合福祉センター前,長崎県,"西山木場ハートセンター・市役所, 女の都団地市役所・ハートセンター"
木津駅跡,雲仙市タクシー事業組合,雲仙市乗合タクシー上岳線
東望道,長崎県,"長崎駅前年の神・大波止, メディカルセンター中央橋, 長崎駅前競技場北口・藤棚, 諫早・東厚生町藤棚・競技場北口, 諫早・東厚生町つつじが丘・西諫早ニュータウン, 長崎駅前矢上団地・大波止, 江の浦矢上団地, 長崎駅前西諫早ニュータウン・つつじが丘, 諫早駅前つつじが丘・西諫早ニュータウン, 田結東矢上団地, 長崎駅前大波止, 現川駅前高城台, 立神大波止・旭大橋, 長崎駅前高城台・市役所, 高城台, 臼の浦矢上団地, 長崎駅前矢上団地・市役所, 矢上団地, 長崎駅前市役所, 立神大波止, 長崎商高大波止, 諫早・東厚生町藤棚・西諫早ニュータウン；諫早市役所, つつじが丘日見公園前, 喜々津駅通つつじが丘, 西陵高校日見公園前・つつじが丘, 古賀木場, 網場・春日車庫前つつじが丘・高城台；日見公園前, 西陵高校高城台・つつじが丘, 東望道つつじが丘, 諫早・東厚生町三本松・競技場北口, ガーデンシティ大波止・矢上団地, 立神矢上団地・長崎署, ガーデンシティ矢上団地, 長崎県庁前夢彩都, 江の浦矢上団地；ガーデンシティ・飯盛団地, 長崎東高, 長崎東高ガーデンシティ・矢上団地, 戸石矢上団地・ガーデンシティ, 諫早・東厚生町つつじが丘・競技場北口；諫早市役所"
東望道,長崎自動車（株）,"100：ココウォーク茂里町行き, 90：長崎駅前-芒塚-矢上方面, 南高スクール, 矢上-間の瀬-川平-小原-まなび野団地-長崎商業"
南通り,長崎県,"メディカルセンター中央橋, 現川駅前, 長崎駅前矢上団地・大波止, 江の浦矢上団地, 田結東矢上団地, 臼の浦矢上団地, 長崎駅前矢上団地・市役所, 長崎駅前矢上団地・イオン東長崎；市役所, 矢上団地, 長崎駅前市役所, 諫早・東厚生町藤棚・西諫早ニュータウン；諫早市役所, 女の都イオン東長崎・市役所, ガーデンシティイオン東長崎・矢上；矢上団地, 長崎駅前矢上団地・矢上；イオン東長崎・大波止, 立神矢上団地・イオン東長崎；大波止・旭大橋, ガーデンシティ大波止・矢上団地, 立神矢上団地・長崎署, ガーデンシティ矢上団地, 西陵高校ガーデンシティ・矢上団地, 長崎県庁前矢上大橋・夢彩都；網場道〜番所間不停車, 江の浦矢上団地；ガーデンシティ・飯盛団地, 南高前矢上団地・矢上；イオン東長崎, 戸石イオン・矢上；矢上団地・ガーデンシティ, 田結東矢上団地・ガーデンシティ, 長崎東高, 長崎東高ガーデンシティ・矢上団地, 南高前ガーデンシティ・矢上団地；矢上・イオン, 戸石矢上団地・ガーデンシティ, メディカルセンター矢上団地・矢上；イオン・中央橋"
西高裏,長崎自動車（株）,"4：長崎駅前-西城山-下大橋, 40：長崎駅前-戸町/二本松口-ダイヤランド・柳営業所, 立神-下大橋-北部方面"
組合会館前,長崎県,"高城台, 長崎駅前矢上団地・市役所, 矢上団地, 長崎駅前市役所, 立神矢上団地・イオン東長崎；大波止・旭大橋"
組合会館前,長崎自動車（株）,"100：ココウォーク茂里町行き, 彩が丘線, 中尾線"
戸石局前,長崎県,"長崎駅前矢上団地・大波止, 江の浦矢上団地, 田結東矢上団地, 臼の浦矢上団地, 長崎駅前矢上団地・市役所, 諫早・東厚生町三本松・競技場北口, 西陵高校ガーデンシティ・矢上団地, 江の浦矢上団地；ガーデンシティ・飯盛団地, 南高前矢上団地・矢上；イオン東長崎, 戸石イオン・矢上；矢上団地・ガーデンシティ, 田結東矢上団地・ガーデンシティ, 長崎東高ガーデンシティ・矢上団地, 南高前ガーデンシティ・矢上団地；矢上・イオン, 戸石矢上団地・ガーデンシティ"
下川尻（旧道）,島原鉄道（株）,"加津佐海水浴場前〜島原行, 島原〜藤原〜有家〜須川港行"
春木町,長崎自動車（株）,"長崎駅前-春木町-小江原・式見, 20：中央橋・長崎新地行き"
木場,島原鉄道（株）,"島原〜雲仙〜小浜〜諫早行, 口之津〜小浜〜諫早行, 有家〜小浜・小浜高〜諫早行, 小浜〜諫早行"
木場,雲仙市タクシー事業組合,雲仙市乗合タクシー上岳線
浦上駅前,長崎県,長崎東高目覚町
憩の家,長崎自動車（株）,100：ココウォーク茂里町行き
片渕丸尾,長崎県,"11循環西山台団地・三原団地；本原一丁目・大波止, 5循環西山台団地・三原団地；本原一丁目・市役所, 長崎東高サニータウン；三原団地・西山台団地, まなび野団地西山台団地・三原団地；サニータウン, 長崎駅前市役所, 立神大波止, 6循環市役所；三原団地・西山台団地, 12循環大波止；三原団地・西山台団地, 立神市役所, 女の都団地市役所, 西山木場市役所, 西山木場ハートセンター・市役所, 長崎商高市役所, 長与駅西口西山バイパス；シーボルト校・まなび野, 長崎駅前まなび野団地；西山バイパス・大波止, 長崎県庁前夢彩都, 女の都長崎県庁前, 6西山台団地市役所・三原団地, 12西山台団地大波止・三原団地, 女の都団地市役所・ハートセンター, 長崎東高三原団地・西山台団地"
下川尻（海側）,島原鉄道（株）,"島原〜雲仙〜小浜〜諫早行, 加津佐海水浴場前〜島原行"
西高前,長崎県,"立神, 女の都入口"
西高前,長崎自動車（株）,"3：長崎駅前-城栄町/春木町-下大橋・小江原・式見, 4：長崎駅前-西城山-下大橋, 20：大波止・中央橋・長崎新地行き, 20：市役所・中央橋・長崎新地行き, 20：中央橋・長崎新地行き, 20：中央橋行き, 長商高スクール, 福田-飽の浦-城栄町, 立神-下大橋-北部方面"
西高前,さいかい交通（株）・長崎自動車（株）,20：大波止・中央橋・長崎新地行き［長崎バス・さいかい交通］
合同庁舎前,長崎自動車（株）,"8：長崎駅前-医学部前-下大橋・三川町, 20：中央橋・長崎新地行き, 元気くん"
浦上駅前,長崎県,"11循環西山台団地・三原団地；本原一丁目・大波止, 5循環西山台団地・三原団地；本原一丁目・市役所, 中央橋長崎バイパス・大波止, 立神, 中央橋本原一丁目・市役所, 中央橋市役所, 長崎東高大波止・中央橋, 滑石団地中央橋・大波止・道の尾, 長崎商高大波止, 6循環市役所；三原団地・西山台団地, 12循環大波止；三原団地・西山台団地, 女の都団地市役所, 中央橋市役所・中央公園前, 女の都イオン東長崎・市役所, 網場・春日車庫前大波止・ペンギン水族館, 女の都団地大波止, サニータウン市役所, 立神西山台団地・本原一丁目, 西崎団地市役所, 長崎空港【リムジン】浦上経由・試験場前, 長崎駅前【リムジン】試験場前・諫早インター；浦上経由, 西山木場市役所, 女の都入口, 長崎商高市役所, 女の都団地, 浦上駅前中央橋・大波止, 浦上駅前長崎署, 女の都長崎県庁前, 中央橋長崎県庁前, 久山台ニュータウン大波止・長崎バイパス, 6西山台団地市役所・三原団地, 12西山台団地大波止・三原団地, 西山台団地浦上駅前・本原一丁目, サニータウン大波止, 西崎団地大波止, 長崎東高三原団地・西山台団地"
浦上駅前,長崎自動車（株）,"1：長崎駅前-住吉-西海-三重・大串, 1：長崎駅前-住吉-時津・溝川, 1：長崎駅前-住吉-滑石-桜の里方面, 1：長崎駅前-住吉-上横尾, 1：長崎駅前-住吉-榎の鼻-満永, 1：長崎駅前-住吉-榎の鼻-琴の尾登口, 1：長崎駅前-住吉-川平・恵の丘, 1：長崎駅前-住吉-女の都・緑ヶ丘団地, 1：長崎駅前-住吉方面, 2：長崎駅前-西町-虹が丘, 9：長崎駅前-純心校前-恵の丘・女の都方面, 20：大波止・中央橋・長崎新地行き, 20：市役所・中央橋・長崎新地行き, 20：市役所・中央橋行き, 20：中央橋・長崎新地行き, 元気くん, 福田-銭座町-北部方面, 北陽台高スクール, 明誠高スクール, 立神-銭座町-北部方面"
浦上駅前,さいかい交通（株）・長崎自動車（株）,20：大波止・中央橋・長崎新地行き［長崎バス・さいかい交通］
矢上大橋,長崎県,"長崎駅前矢上大橋・奥山・大波止, 唐比車庫奥山・矢上大橋, 長崎駅前大波止, 尾崎奥山・矢上大橋, 長崎県庁前矢上大橋・夢彩都；網場道〜番所間不停車"
原爆病院前,長崎県,"西山木場ハートセンター・市役所, 女の都団地市役所・ハートセンター"
淵中学校前,長崎自動車（株）,"長崎駅前-春木町-小江原・式見, 4：長崎駅前-西城山-下大橋, 20：中央橋・長崎新地行き, 40：長崎駅前-戸町/二本松口-ダイヤランド・柳営業所, 立神-下大橋-北部方面"
あじさい荘,長崎県,"立山目覚町, 中央橋目覚町・中央公園前, 長崎東高目覚町"
あじさい荘,長崎自動車（株）,立山線
毛屋,長崎県,"長崎駅前矢上大橋・奥山・大波止, 唐比車庫奥山・矢上大橋, 長崎駅前大波止, 尾崎奥山・矢上大橋, 雲仙【特急】, 長崎駅前【特急】"
戸石,長崎県,"長崎駅前矢上団地・大波止, 江の浦矢上団地, 田結東矢上団地, 臼の浦矢上団地, 長崎駅前矢上団地・市役所, 諫早・東厚生町三本松・競技場北口, 西陵高校ガーデンシティ・矢上団地, 江の浦矢上団地；ガーデンシティ・飯盛団地, 南高前矢上団地・矢上；イオン東長崎, 戸石イオン・矢上；矢上団地・ガーデンシティ, 田結東矢上団地・ガーデンシティ, 長崎東高ガーデンシティ・矢上団地, 南高前ガーデンシティ・矢上団地；矢上・イオン, 戸石矢上団地・ガーデンシティ, 戸石競技場北口・久山台・花ノ木, 東厚生町花ノ木・久山台・競技場北口"
木津漁港,雲仙市タクシー事業組合,雲仙市乗合タクシー上岳線
目覚町,長崎県,"立山目覚町, 中央橋目覚町・中央公園前, 長崎東高目覚町"
目覚町,長崎自動車（株）,"8：長崎駅前-医学部前-下大橋・三川町, 20：中央橋・長崎新地行き, 元気くん, 立山線"
東登山口（旧道）,島原鉄道（株）,"加津佐海水浴場前〜島原行, 島原〜藤原〜有家〜須川港行"
大曲,長崎県,"長崎駅前矢上大橋・奥山・大波止, 唐比車庫奥山・矢上大橋, 長崎駅前年の神・大波止, メディカルセンター中央橋, 長崎駅前競技場北口・藤棚, 諫早・東厚生町藤棚・競技場北口, 諫早・東厚生町つつじが丘・西諫早ニュータウン, 長崎駅前矢上団地・大波止, 江の浦矢上団地, 長崎駅前西諫早ニュータウン・つつじが丘, 諫早駅前つつじが丘・西諫早ニュータウン, 田結東矢上団地, 長崎駅前大波止, 現川駅前高城台, 立神大波止・旭大橋, 長崎駅前高城台・市役所, 高城台, 臼の浦矢上団地, 長崎駅前矢上団地・市役所, 長崎駅前矢上団地・イオン東長崎；市役所, 矢上団地, 長崎駅前市役所, 尾崎奥山・矢上大橋, 長崎駅前イオン東長崎・大波止, 長崎駅前つつじが丘・イオン東長崎, つつじが丘イオン東長崎, 立神大波止, 長崎商高大波止, 喜々津シーサイドイオン東長崎・つつじが丘, 女の都イオン東長崎・市役所, 女の都団地大波止, 西崎団地市役所, ガーデンシティイオン東長崎・矢上；矢上団地, 長崎駅前矢上団地・矢上；イオン東長崎・大波止, 西陵高校日見公園前・つつじが丘, 西陵高校高城台・つつじが丘, 立神矢上団地・イオン東長崎；大波止・旭大橋, ガーデンシティ大波止・矢上団地, 立神矢上団地・長崎署, ガーデンシティ矢上団地, 長崎県庁前夢彩都, 江の浦矢上団地；ガーデンシティ・飯盛団地, 南高前矢上団地・矢上；イオン東長崎, 戸石イオン・矢上；矢上団地・ガーデンシティ, 長崎東高, 長崎東高ガーデンシティ・矢上団地, 南高前ガーデンシティ・矢上団地；矢上・イオン, 戸石矢上団地・ガーデンシティ, メディカルセンター矢上団地・矢上；イオン・中央橋"
日見大曲,長崎自動車（株）,"100：ココウォーク茂里町行き, 200：中央橋・新地中華街行き, 90：長崎駅前-芒塚-矢上方面, 南高スクール"
大久保病院前,長崎県,"長崎駅前矢上団地・大波止, 臼の浦矢上団地"
休場,長崎県,"11循環西山台団地・三原団地；本原一丁目・大波止, 5循環西山台団地・三原団地；本原一丁目・市役所, 長崎東高サニータウン；三原団地・西山台団地, まなび野団地西山台団地・三原団地；サニータウン, 長崎駅前市役所, 立神大波止, 6循環市役所；三原団地・西山台団地, 12循環大波止；三原団地・西山台団地, 立神市役所, 女の都団地市役所, 西山木場市役所, 西山木場ハートセンター・市役所, 長崎商高市役所, 長与駅西口西山バイパス；シーボルト校・まなび野, 長崎駅前まなび野団地；西山バイパス・大波止, 長崎県庁前夢彩都, 女の都長崎県庁前, 6西山台団地市役所・三原団地, 12西山台団地大波止・三原団地, 女の都団地市役所・ハートセンター, 長崎東高三原団地・西山台団地"
東切通,長崎県,"長崎駅前年の神・大波止, メディカルセンター中央橋, 長崎駅前競技場北口・藤棚, 諫早・東厚生町藤棚・競技場北口, 諫早・東厚生町つつじが丘・西諫早ニュータウン, 長崎駅前矢上団地・大波止, 江の浦矢上団地, 長崎駅前西諫早ニュータウン・つつじが丘, 諫早駅前つつじが丘・西諫早ニュータウン, 田結東矢上団地, 長崎駅前大波止, 現川駅前高城台, 立神大波止・旭大橋, 長崎駅前高城台・市役所, 高城台, 臼の浦矢上団地, 長崎駅前矢上団地・市役所, 矢上団地, 長崎駅前市役所, 立神大波止, 長崎商高大波止, 諫早・東厚生町藤棚・西諫早ニュータウン；諫早市役所, つつじが丘日見公園前, 西陵高校日見公園前・つつじが丘, 古賀木場イオン東長崎, 網場・春日車庫前つつじが丘・高城台；日見公園前, 西陵高校高城台・つつじが丘, ガーデンシティ大波止・矢上団地, 立神矢上団地・長崎署, ガーデンシティ矢上団地, 長崎県庁前夢彩都, 江の浦矢上団地；ガーデンシティ・飯盛団地, 長崎東高, 長崎東高ガーデンシティ・矢上団地, 戸石矢上団地・ガーデンシティ, 諫早・東厚生町つつじが丘・競技場北口；諫早市役所"
東切通,長崎自動車（株）,"100：ココウォーク茂里町行き, 90：長崎駅前-芒塚-矢上方面, 南高スクール, 矢上-間の瀬-川平-小原-まなび野団地-長崎商業"
梁川公園前,長崎県,"立神, 女の都入口"
梁川公園前,長崎自動車（株）,"3：長崎駅前-城栄町/春木町-下大橋・小江原・式見, 長崎駅前-春木町-小江原・式見, 4：長崎駅前-西城山-下大橋, 20：大波止・中央橋・長崎新地行き, 20：市役所・中央橋・長崎新地行き, 20：中央橋・長崎新地行き, 20：中央橋行き, 40：長崎駅前-戸町/二本松口-ダイヤランド・柳営業所, 長商高スクール, 福田-飽の浦-城栄町, 立神-下大橋-北部方面"
梁川公園前,さいかい交通（株）・長崎自動車（株）,20：大波止・中央橋・長崎新地行き［長崎バス・さいかい交通］
ハートセンター前,長崎県,"西山木場ハートセンター・市役所, 女の都団地市役所・ハートセンター"
ハートセンター前,長崎自動車（株）,"長崎駅前-春木町-小江原・式見, 4：長崎駅前-西城山-下大橋, 20：中央橋・長崎新地行き, 40：長崎駅前-戸町/二本松口-ダイヤランド・柳営業所"
木津岩上,雲仙市タクシー事業組合,雲仙市乗合タクシー上岳線
団地前,長崎県,"長崎駅前大波止, 網場・春日車庫前ペンギン水族館, 長崎駅前市役所, 立神大波止, 長崎商高大波止, 諫早・東厚生町藤棚・西諫早ニュータウン；諫早市役所, 網場・春日車庫前大波止・ペンギン水族館, 女の都団地大波止, 西崎団地市役所, つつじが丘日見公園前, 西陵高校日見公園前・つつじが丘, 網場・春日車庫前つつじが丘・高城台；日見公園前, 西陵高校高城台・つつじが丘, 長崎県庁前夢彩都, 長崎東高, 諫早・東厚生町つつじが丘・競技場北口；諫早市役所"
団地前,長崎自動車（株）,"100：ココウォーク茂里町行き, 200：中央橋・新地中華街行き, 80：長崎駅前-芒塚-日見・潮見町, 彩が丘線"
東登山口（海側）,島原鉄道（株）,"島原〜雲仙〜小浜〜諫早行, 加津佐海水浴場前〜島原行"
緑町中部,長崎県,"立山目覚町, 中央橋目覚町・中央公園前, 長崎東高目覚町"
緑町中部,長崎自動車（株）,立山線
大門,長崎県,"長崎駅前矢上団地・大波止, 江の浦矢上団地, 田結東矢上団地, 長崎駅前矢上団地・市役所, 諫早・東厚生町三本松・競技場北口, 西陵高校ガーデンシティ・矢上団地, 江の浦矢上団地；ガーデンシティ・飯盛団地, 田結東矢上団地・ガーデンシティ, 戸石競技場北口・久山台・花ノ木, 東厚生町花ノ木・久山台・競技場北口"
ココウォーク茂里町,長崎自動車（株）,"1：長崎駅前-住吉-西海-三重・大串, 1：長崎駅前-住吉-時津・溝川, 1：長崎駅前-住吉-滑石-桜の里方面, 1：長崎駅前-住吉-上横尾, 1：長崎駅前-住吉-榎の鼻-満永, 1：長崎駅前-住吉-榎の鼻-琴の尾登口, 1：長崎駅前-住吉-川平・恵の丘, 1：長崎駅前-住吉-女の都・緑ヶ丘団地, 1：長崎駅前-住吉方面, 2：長崎駅前-西町-虹が丘, 長崎駅前-春木町-小江原・式見, 4：長崎駅前-西城山-下大橋, 8：長崎駅前-医学部前-下大橋・三川町, 9：長崎駅前-純心校前-恵の丘・女の都方面, 100：ココウォーク茂里町行き, 10：長崎駅前-愛宕町-田上-三景台・茂木, 20：大波止・中央橋・長崎新地行き, 20：市役所・中央橋・長崎新地行き, 20：市役所・中央橋行き, 20：中央橋・長崎新地行き, 30：長崎駅前-戸町-香焼・三和・野母崎, 30：長崎駅前-二本松口-香焼・三和・野母崎, 40：長崎駅前-戸町/二本松口-ダイヤランド・柳営業所, 50：長崎駅前-愛宕町-白木-風頭山・早坂・飯香の浦, 60：長崎駅前-大平橋-田上・上戸町, 80：長崎駅前-芒塚-日見・潮見町, 90：長崎駅前-芒塚-矢上方面, うみかぜ, 元気くん, 福田-銭座町-北部方面, 北陽台高スクール, 明誠高スクール, 立神-銭座町-北部方面"
ココウォーク茂里町,さいかい交通（株）・長崎自動車（株）,20：大波止・中央橋・長崎新地行き［長崎バス・さいかい交通］
小江小浦,長崎自動車（株）,"6：長崎駅前-飽の浦-福田, 20：中央橋・長崎新地行き"
茂里町,長崎県,"11循環西山台団地・三原団地；本原一丁目・大波止, 5循環西山台団地・三原団地；本原一丁目・市役所, 中央橋長崎バイパス・大波止, 立神, 中央橋本原一丁目・市役所, 中央橋市役所, 長崎東高大波止・中央橋, 滑石団地中央橋・大波止・道の尾, 長崎商高大波止, 6循環市役所；三原団地・西山台団地, 12循環大波止；三原団地・西山台団地, 女の都団地市役所, 中央橋市役所・中央公園前, 女の都イオン東長崎・市役所, 網場・春日車庫前大波止・ペンギン水族館, 女の都団地大波止, サニータウン市役所, 立神西山台団地・本原一丁目, 西崎団地市役所, 長崎駅前【リムジン】試験場前・諫早インター；浦上経由, 西山木場市役所, 西山木場ハートセンター・市役所, 女の都入口, 長崎商高市役所, 女の都団地, 浦上駅前中央橋・大波止, 浦上駅前長崎署, 女の都長崎県庁前, 中央橋長崎県庁前, 久山台ニュータウン大波止・長崎バイパス, 6西山台団地市役所・三原団地, 12西山台団地大波止・三原団地, 西山台団地浦上駅前・本原一丁目, サニータウン大波止, 西崎団地大波止, 女の都団地市役所・ハートセンター, 長崎東高三原団地・西山台団地"
第二小学校前,雲仙市タクシー事業組合,雲仙市乗合タクシー上岳線
銭座町高部,長崎県,"立山目覚町, 中央橋目覚町・中央公園前, 長崎東高目覚町"
銭座町高部,長崎自動車（株）,立山線
茂里町,長崎県,"長崎空港【リムジン】出島道路経由；長崎市内乗車のみ, 茂里町【リムジン】長崎駅前・出島道路経由"
青果市場前,長崎自動車（株）,"100：ココウォーク茂里町行き, 90：長崎駅前-芒塚-矢上方面, 彩が丘線, 矢上-茂木-田上"
青果市場前,長崎県,"長崎駅前矢上大橋・奥山・大波止, 唐比車庫奥山・矢上大橋, 長崎駅前大波止, 長崎駅前矢上団地・イオン東長崎；市役所, 尾崎奥山・矢上大橋, 長崎駅前イオン東長崎・大波止, 長崎駅前つつじが丘・イオン東長崎, つつじが丘イオン東長崎, 喜々津シーサイドイオン東長崎・つつじが丘, 女の都イオン東長崎・市役所, ガーデンシティイオン東長崎・矢上；矢上団地, 長崎駅前矢上団地・矢上；イオン東長崎・大波止, 古賀木場イオン東長崎, 立神矢上団地・イオン東長崎；大波止・旭大橋, 長崎県庁前矢上大橋・夢彩都；網場道〜番所間不停車, 南高前矢上団地・矢上；イオン東長崎, 戸石イオン・矢上；矢上団地・ガーデンシティ, 南高前ガーデンシティ・矢上団地；矢上・イオン, メディカルセンター矢上団地・矢上；イオン・中央橋"
緑町,長崎県,"立山目覚町, 中央橋目覚町・中央公園前, 長崎東高目覚町"
緑町,長崎自動車（株）,立山線
西山二丁目,長崎県,"長崎東高サニータウン；三原団地・西山台団地, まなび野団地西山台団地・三原団地；サニータウン, 長崎駅前東高下・市役所, 長崎駅前東高下・大波止, 長崎駅前大波止, 高城台, 長崎駅前市役所, 浜平・立山東高下, 長崎東高大波止・中央橋, 滑石団地中央橋・大波止・道の尾, 立神市役所, 浜平・立山市役所・東高下, 立神東高下・市役所, 浜平・立山大波止・東高下, 立神東高下・大波止, 神崎鼻口東高下・大波止, 長崎東高長崎署, つつじが丘日見公園前, ガーデンシティ矢上団地, 浦上駅前中央橋・大波止, 浦上駅前長崎署, 江の浦矢上団地；ガーデンシティ・飯盛団地, 長崎東高, 長崎東高ガーデンシティ・矢上団地, 戸石矢上団地・ガーデンシティ, 長崎東高旭大橋・長崎署, 長崎駅前長崎署, 長崎東高三原団地・西山台団地"
坂,長崎県,"長崎駅前矢上団地・大波止, 江の浦矢上団地, 田結東矢上団地, 長崎駅前矢上団地・市役所, 諫早・東厚生町三本松・競技場北口, 西陵高校ガーデンシティ・矢上団地, 江の浦矢上団地；ガーデンシティ・飯盛団地, 田結東矢上団地・ガーデンシティ, 戸石競技場北口・久山台・花ノ木, 東厚生町花ノ木・久山台・競技場北口"
水源池跡,長崎県,"11循環西山台団地・三原団地；本原一丁目・大波止, 5循環西山台団地・三原団地；本原一丁目・市役所, 長崎駅前東高下・市役所, 長崎駅前東高下・大波止, 長崎駅前大波止, 高城台, 長崎駅前市役所, 浜平・立山東高下, 立神大波止, 長崎東高大波止・中央橋, 滑石団地中央橋・大波止・道の尾, 長崎駅前片淵三丁目・諏訪神社前；中央橋・夢彩都, 6循環市役所；三原団地・西山台団地, 12循環大波止；三原団地・西山台団地, 立神市役所, 浜平・立山市役所・東高下, 立神東高下・市役所, 浜平・立山大波止・東高下, 立神東高下・大波止, 神崎鼻口東高下・大波止, 女の都団地市役所, 長崎東高長崎署, 西山木場市役所, 西山木場ハートセンター・市役所, 長崎商高市役所, つつじが丘日見公園前, ガーデンシティ矢上団地, 浦上駅前中央橋・大波止, 浦上駅前長崎署, 長与駅西口西山バイパス；シーボルト校・まなび野, 長崎駅前まなび野団地；西山バイパス・大波止, 長崎県庁前夢彩都, 女の都長崎県庁前, 江の浦矢上団地；ガーデンシティ・飯盛団地, 長崎東高, 長崎東高ガーデンシティ・矢上団地, 戸石矢上団地・ガーデンシティ, 水源池跡夢彩都・中央橋；諏訪神社前・片淵三丁目, 長崎東高旭大橋・長崎署, 長崎駅前長崎署, 6西山台団地市役所・三原団地, 12西山台団地大波止・三原団地, 女の都団地市役所・ハートセンター"
浜平北,長崎県,"立山目覚町, 中央橋目覚町・中央公園前, 長崎東高目覚町"
浜平北,長崎自動車（株）,立山線
小江,長崎自動車（株）,"6：長崎駅前-飽の浦-福田, 20：中央橋・長崎新地行き"
富津入口,島原鉄道（株）,"島原〜雲仙〜小浜〜諫早行, 口之津〜小浜〜諫早行, 有家〜小浜・小浜高〜諫早行, 小浜〜諫早行"
立山公園口,長崎県,"長崎東高サニータウン；三原団地・西山台団地, まなび野団地西山台団地・三原団地；サニータウン, 長崎駅前東高下・市役所, 長崎駅前東高下・大波止, 高城台, 長崎駅前市役所, 浜平・立山東高下, 長崎東高大波止・中央橋, 滑石団地中央橋・大波止・道の尾, 浜平・立山市役所・東高下, 立神東高下・市役所, 浜平・立山大波止・東高下, 立神東高下・大波止, 神崎鼻口東高下・大波止, 中央橋目覚町・中央公園前, 長崎東高目覚町, 長崎東高長崎署, つつじが丘日見公園前, ガーデンシティ矢上団地, 浦上駅前中央橋・大波止, 浦上駅前長崎署, 江の浦矢上団地；ガーデンシティ・飯盛団地, 長崎東高, 長崎東高ガーデンシティ・矢上団地, 戸石矢上団地・ガーデンシティ, 長崎東高旭大橋・長崎署, 長崎駅前長崎署, 長崎東高三原団地・西山台団地"
東高下,長崎県,"長崎東高サニータウン；三原団地・西山台団地, まなび野団地西山台団地・三原団地；サニータウン, 長崎駅前東高下・市役所, 長崎駅前東高下・大波止, 高城台, 長崎駅前市役所, 浜平・立山東高下, 長崎東高大波止・中央橋, 滑石団地中央橋・大波止・道の尾, 浜平・立山市役所・東高下, 立神東高下・市役所, 浜平・立山大波止・東高下, 立神東高下・大波止, 神崎鼻口東高下・大波止, 中央橋目覚町・中央公園前, 長崎東高目覚町, 長崎東高長崎署, つつじが丘日見公園前, ガーデンシティ矢上団地, 浦上駅前中央橋・大波止, 浦上駅前長崎署, 江の浦矢上団地；ガーデンシティ・飯盛団地, 長崎東高, 長崎東高ガーデンシティ・矢上団地, 戸石矢上団地・ガーデンシティ, 長崎東高旭大橋・長崎署, 長崎駅前長崎署, 長崎東高三原団地・西山台団地"
九十九ホテル前,島原鉄道（株）,"加津佐海水浴場前〜島原行, 島原〜藤原〜有家〜須川港行"
朝日ケ峰,長崎県,"長崎駅前矢上大橋・奥山・大波止, 唐比車庫奥山・矢上大橋, 長崎駅前年の神・大波止, メディカルセンター中央橋, 長崎駅前競技場北口・藤棚, 諫早・東厚生町藤棚・競技場北口, 諫早・東厚生町つつじが丘・西諫早ニュータウン, 長崎駅前矢上団地・大波止, 江の浦矢上団地, 長崎駅前西諫早ニュータウン・つつじが丘, 諫早駅前つつじが丘・西諫早ニュータウン, 田結東矢上団地, 長崎駅前大波止, 現川駅前高城台, 立神大波止・旭大橋, 長崎駅前高城台・市役所, 高城台, 臼の浦矢上団地, 長崎駅前矢上団地・市役所, 網場・春日車庫前ペンギン水族館, 長崎駅前矢上団地・イオン東長崎；市役所, 矢上団地, 長崎駅前市役所, 尾崎奥山・矢上大橋, 長崎駅前イオン東長崎・大波止, 長崎駅前つつじが丘・イオン東長崎, つつじが丘イオン東長崎, 立神大波止, 長崎商高大波止, 喜々津シーサイドイオン東長崎・つつじが丘, 女の都イオン東長崎・市役所, 網場・春日車庫前大波止・ペンギン水族館, 女の都団地大波止, 西崎団地市役所, ガーデンシティイオン東長崎・矢上；矢上団地, 長崎駅前矢上団地・矢上；イオン東長崎・大波止, つつじが丘日見公園前, 立神矢上団地・イオン東長崎；大波止・旭大橋, ガーデンシティ大波止・矢上団地, 立神矢上団地・長崎署, ガーデンシティ矢上団地, 長崎県庁前夢彩都, 江の浦矢上団地；ガーデンシティ・飯盛団地, 南高前矢上団地・矢上；イオン東長崎, 戸石イオン・矢上；矢上団地・ガーデンシティ, 長崎東高, 長崎東高ガーデンシティ・矢上団地, 南高前ガーデンシティ・矢上団地；矢上・イオン, 戸石矢上団地・ガーデンシティ, メディカルセンター矢上団地・矢上；イオン・中央橋"
朝日ケ峰,長崎自動車（株）,"100：ココウォーク茂里町行き, 200：中央橋・新地中華街行き, 80：長崎駅前-芒塚-日見・潮見町, 90：長崎駅前-芒塚-矢上方面, 南高スクール"
浜平,長崎県,"長崎駅前東高下・市役所, 長崎駅前東高下・大波止, 長崎駅前大波止, 長崎駅前市役所, 浜平・立山東高下, 立神市役所, 浜平・立山市役所・東高下, 立神東高下・市役所, 浜平・立山大波止・東高下, 立神東高下・大波止, 神崎鼻口東高下・大波止, 立山目覚町, 中央橋目覚町・中央公園前, 長崎東高目覚町"
浜平,長崎自動車（株）,立山線
東高,長崎県,"長崎東高サニータウン；三原団地・西山台団地, まなび野団地西山台団地・三原団地；サニータウン, 高城台, 長崎駅前市役所, 長崎東高大波止・中央橋, 滑石団地中央橋・大波止・道の尾, 長崎東高目覚町, 長崎東高長崎署, つつじが丘日見公園前, ガーデンシティ矢上団地, 浦上駅前中央橋・大波止, 浦上駅前長崎署, 江の浦矢上団地；ガーデンシティ・飯盛団地, 長崎東高, 長崎東高ガーデンシティ・矢上団地, 戸石矢上団地・ガーデンシティ, 長崎東高旭大橋・長崎署, 長崎駅前長崎署, 長崎東高三原団地・西山台団地"
岳,雲仙市タクシー事業組合,雲仙市乗合タクシー上岳線
片淵四丁目,長崎県,"長崎駅前片淵三丁目・諏訪神社前；中央橋・夢彩都, 水源池跡夢彩都・中央橋；諏訪神社前・片淵三丁目"
銭座市場入口,長崎県,"立山目覚町, 中央橋目覚町・中央公園前, 長崎東高目覚町"
銭座市場入口,長崎自動車（株）,立山線
親和町,島原鉄道（株）,島原〜雲仙〜小浜〜諫早行
八坂神社前,長崎県,"長崎駅前大波止, 網場・春日車庫前ペンギン水族館, 長崎駅前市役所, 立神大波止, 長崎商高大波止, 諫早・東厚生町藤棚・西諫早ニュータウン；諫早市役所, 網場・春日車庫前大波止・ペンギン水族館, 女の都団地大波止, 西崎団地市役所, つつじが丘日見公園前, 西陵高校日見公園前・つつじが丘, 網場・春日車庫前つつじが丘・高城台；日見公園前, 西陵高校高城台・つつじが丘, 長崎県庁前夢彩都, 長崎東高, 諫早・東厚生町つつじが丘・競技場北口；諫早市役所"
八坂神社前,長崎自動車（株）,"100：ココウォーク茂里町行き, 200：中央橋・新地中華街行き, 80：長崎駅前-芒塚-日見・潮見町, 彩が丘線"
渕町,長崎県,"立神, 女の都入口"
淵町,長崎自動車（株）,"3：長崎駅前-城栄町/春木町-下大橋・小江原・式見, 長崎駅前-春木町-小江原・式見, 4：長崎駅前-西城山-下大橋, 20：大波止・中央橋・長崎新地行き, 20：市役所・中央橋・長崎新地行き, 20：中央橋・長崎新地行き, 20：中央橋行き, 40：長崎駅前-戸町/二本松口-ダイヤランド・柳営業所, 長商高スクール, 福田-飽の浦-城栄町, 立神-下大橋-北部方面"
渕町,さいかい交通（株）・長崎自動車（株）,20：大波止・中央橋・長崎新地行き［長崎バス・さいかい交通］
切通,長崎県,"唐比車庫奥山・矢上大橋, 長崎駅前大波止, 長崎駅前矢上団地・イオン東長崎；市役所, 尾崎奥山・矢上大橋, 長崎駅前イオン東長崎・大波止, 長崎駅前つつじが丘・イオン東長崎, つつじが丘イオン東長崎, 喜々津シーサイドイオン東長崎・つつじが丘, 女の都イオン東長崎・市役所, ガーデンシティイオン東長崎・矢上；矢上団地, 長崎駅前矢上団地・矢上；イオン東長崎・大波止, 古賀木場イオン東長崎, 立神矢上団地・イオン東長崎；大波止・旭大橋, 長崎県庁前矢上大橋・夢彩都；網場道〜番所間不停車, 南高前矢上団地・矢上；イオン東長崎, 戸石イオン・矢上；矢上団地・ガーデンシティ, 南高前ガーデンシティ・矢上団地；矢上・イオン, メディカルセンター矢上団地・矢上；イオン・中央橋"
切通,長崎県,"長崎駅前矢上大橋・奥山・大波止, 長崎駅前年の神・大波止, メディカルセンター中央橋, 長崎駅前競技場北口・藤棚, 諫早・東厚生町藤棚・競技場北口, 諫早・東厚生町つつじが丘・西諫早ニュータウン, 長崎駅前矢上団地・大波止, 江の浦矢上団地, 長崎駅前西諫早ニュータウン・つつじが丘, 諫早駅前つつじが丘・西諫早ニュータウン, 田結東矢上団地, 長崎駅前大波止, 現川駅前高城台, 立神大波止・旭大橋, 長崎駅前高城台・市役所, 高城台, 臼の浦矢上団地, 長崎駅前矢上団地・市役所, 矢上団地, 長崎駅前市役所, 立神大波止, 長崎商高大波止, 諫早・東厚生町藤棚・西諫早ニュータウン；諫早市役所, つつじが丘日見公園前, 西陵高校日見公園前・つつじが丘, 古賀木場イオン東長崎, 網場・春日車庫前つつじが丘・高城台；日見公園前, 西陵高校高城台・つつじが丘, ガーデンシティ大波止・矢上団地, 立神矢上団地・長崎署, ガーデンシティ矢上団地, 長崎県庁前夢彩都, 江の浦矢上団地；ガーデンシティ・飯盛団地, 長崎東高, 長崎東高ガーデンシティ・矢上団地, 戸石矢上団地・ガーデンシティ, 諫早・東厚生町つつじが丘・競技場北口；諫早市役所"
切通,長崎自動車（株）,"100：ココウォーク茂里町行き, 90：長崎駅前-芒塚-矢上方面, 彩が丘線, 南高スクール, 矢上-茂木-田上, 矢上-間の瀬-川平-小原-まなび野団地-長崎商業"
網場道,長崎県,"長崎駅前矢上大橋・奥山・大波止, 唐比車庫奥山・矢上大橋, 長崎駅前年の神・大波止, メディカルセンター中央橋, 長崎駅前競技場北口・藤棚, 諫早・東厚生町藤棚・競技場北口, 諫早・東厚生町つつじが丘・西諫早ニュータウン, 長崎駅前矢上団地・大波止, 江の浦矢上団地, 長崎駅前西諫早ニュータウン・つつじが丘, 諫早駅前つつじが丘・西諫早ニュータウン, 田結東矢上団地, 長崎駅前大波止, 現川駅前高城台, 立神大波止・旭大橋, 長崎駅前高城台・市役所, 高城台, 臼の浦矢上団地, 長崎駅前矢上団地・市役所, 長崎駅前矢上団地・イオン東長崎；市役所, 矢上団地, 長崎駅前市役所, 尾崎奥山・矢上大橋, 長崎駅前イオン東長崎・大波止, 長崎駅前つつじが丘・イオン東長崎, つつじが丘イオン東長崎, 立神大波止, 長崎商高大波止, 喜々津シーサイドイオン東長崎・つつじが丘, 諫早・東厚生町藤棚・西諫早ニュータウン；諫早市役所, 女の都イオン東長崎・市役所, 雲仙【特急】, 長崎駅前【特急】, ガーデンシティイオン東長崎・矢上；矢上団地, 長崎駅前矢上団地・矢上；イオン東長崎・大波止, つつじが丘日見公園前, 西陵高校日見公園前・つつじが丘, 網場・春日車庫前つつじが丘・高城台；日見公園前, 西陵高校高城台・つつじが丘, 立神矢上団地・イオン東長崎；大波止・旭大橋, ガーデンシティ大波止・矢上団地, 立神矢上団地・長崎署, ガーデンシティ矢上団地, 長崎県庁前夢彩都, 江の浦矢上団地；ガーデンシティ・飯盛団地, 南高前矢上団地・矢上；イオン東長崎, 戸石イオン・矢上；矢上団地・ガーデンシティ, 長崎東高, 長崎東高ガーデンシティ・矢上団地, 南高前ガーデンシティ・矢上団地；矢上・イオン, 戸石矢上団地・ガーデンシティ, メディカルセンター矢上団地・矢上；イオン・中央橋, 諫早・東厚生町つつじが丘・競技場北口；諫早市役所"
網場道,長崎自動車（株）,"100：ココウォーク茂里町行き, 90：長崎駅前-芒塚-矢上方面, 彩が丘線, 南高スクール, 矢上-茂木-田上, 矢上-間の瀬-川平-小原-まなび野団地-長崎商業"
西山一丁目,長崎県,"長崎東高サニータウン；三原団地・西山台団地, まなび野団地西山台団地・三原団地；サニータウン, 長崎駅前東高下・市役所, 長崎駅前東高下・大波止, 長崎駅前大波止, 高城台, 長崎駅前市役所, 浜平・立山東高下, 長崎東高大波止・中央橋, 滑石団地中央橋・大波止・道の尾, 立神市役所, 浜平・立山市役所・東高下, 立神東高下・市役所, 浜平・立山大波止・東高下, 立神東高下・大波止, 神崎鼻口東高下・大波止, 長崎東高長崎署, つつじが丘日見公園前, ガーデンシティ矢上団地, 浦上駅前中央橋・大波止, 浦上駅前長崎署, 江の浦矢上団地；ガーデンシティ・飯盛団地, 長崎東高, 長崎東高ガーデンシティ・矢上団地, 戸石矢上団地・ガーデンシティ, 長崎東高旭大橋・長崎署, 長崎駅前長崎署, 長崎東高三原団地・西山台団地"
羽山橋,雲仙市タクシー事業組合,雲仙市乗合タクシー上岳線
銭座町,長崎県,"11循環西山台団地・三原団地；本原一丁目・大波止, 5循環西山台団地・三原団地；本原一丁目・市役所, 中央橋長崎バイパス・大波止, 立神, 中央橋本原一丁目・市役所, 長崎空港【リムジン】出島道路経由；長崎市内乗車のみ, 茂里町【リムジン】長崎駅前・出島道路経由, 中央橋市役所, 長崎東高大波止・中央橋, 滑石団地中央橋・大波止・道の尾, 長崎商高大波止, 6循環市役所；三原団地・西山台団地, 12循環大波止；三原団地・西山台団地, 女の都団地市役所, 中央橋市役所・中央公園前, 女の都イオン東長崎・市役所, 網場・春日車庫前大波止・ペンギン水族館, 女の都団地大波止, サニータウン市役所, 立神西山台団地・本原一丁目, 西崎団地市役所, 西山木場市役所, 西山木場ハートセンター・市役所, 女の都入口, 長崎商高市役所, 女の都団地, 浦上駅前中央橋・大波止, 浦上駅前長崎署, 女の都長崎県庁前, 中央橋長崎県庁前, 久山台ニュータウン大波止・長崎バイパス, 6西山台団地市役所・三原団地, 12西山台団地大波止・三原団地, 西山台団地浦上駅前・本原一丁目, サニータウン大波止, 西崎団地大波止, 女の都団地市役所・ハートセンター, 長崎東高三原団地・西山台団地"
銭座町,長崎自動車（株）,"1：長崎駅前-住吉-西海-三重・大串, 1：長崎駅前-住吉-時津・溝川, 1：長崎駅前-住吉-滑石-桜の里方面, 1：長崎駅前-住吉-上横尾, 1：長崎駅前-住吉-榎の鼻-満永, 1：長崎駅前-住吉-榎の鼻-琴の尾登口, 1：長崎駅前-住吉-川平・恵の丘, 1：長崎駅前-住吉-女の都・緑ヶ丘団地, 1：長崎駅前-住吉方面, 2：長崎駅前-西町-虹が丘, 長崎駅前-春木町-小江原・式見, 4：長崎駅前-西城山-下大橋, 8：長崎駅前-医学部前-下大橋・三川町, 9：長崎駅前-純心校前-恵の丘・女の都方面, 100：ココウォーク茂里町行き, 10：長崎駅前-愛宕町-田上-三景台・茂木, 20：大波止・中央橋・長崎新地行き, 20：市役所・中央橋・長崎新地行き, 20：市役所・中央橋行き, 20：中央橋・長崎新地行き, 30：長崎駅前-戸町-香焼・三和・野母崎, 30：長崎駅前-二本松口-香焼・三和・野母崎, 40：長崎駅前-戸町/二本松口-ダイヤランド・柳営業所, 50：長崎駅前-愛宕町-白木-風頭山・早坂・飯香の浦, 60：長崎駅前-大平橋-田上・上戸町, 80：長崎駅前-芒塚-日見・潮見町, 90：長崎駅前-芒塚-矢上方面, うみかぜ, 元気くん, 福田-銭座町-北部方面, 北陽台高スクール, 明誠高スクール, 立神-銭座町-北部方面"
銭座町,さいかい交通（株）・長崎自動車（株）,20：大波止・中央橋・長崎新地行き［長崎バス・さいかい交通］
日見宿跡,長崎県,"長崎駅前大波止, 網場・春日車庫前ペンギン水族館, 長崎駅前市役所, 立神大波止, 長崎商高大波止, 諫早・東厚生町藤棚・西諫早ニュータウン；諫早市役所, 網場・春日車庫前大波止・ペンギン水族館, 女の都団地大波止, 西崎団地市役所, つつじが丘日見公園前, 西陵高校日見公園前・つつじが丘, 網場・春日車庫前つつじが丘・高城台；日見公園前, 西陵高校高城台・つつじが丘, 長崎県庁前夢彩都, 長崎東高, 諫早・東厚生町つつじが丘・競技場北口；諫早市役所"
日見宿跡,長崎自動車（株）,"100：ココウォーク茂里町行き, 200：中央橋・新地中華街行き, 80：長崎駅前-芒塚-日見・潮見町, 彩が丘線"
富津学校前,雲仙市タクシー事業組合,雲仙市乗合タクシー上岳線
西山東部,長崎県,"長崎東高サニータウン；三原団地・西山台団地, まなび野団地西山台団地・三原団地；サニータウン, 長崎駅前東高下・市役所, 長崎駅前東高下・大波止, 長崎駅前大波止, 高城台, 長崎駅前市役所, 浜平・立山東高下, 長崎東高大波止・中央橋, 滑石団地中央橋・大波止・道の尾, 立神市役所, 浜平・立山市役所・東高下, 立神東高下・市役所, 浜平・立山大波止・東高下, 立神東高下・大波止, 神崎鼻口東高下・大波止, 長崎東高長崎署, つつじが丘日見公園前, ガーデンシティ矢上団地, 浦上駅前中央橋・大波止, 浦上駅前長崎署, 江の浦矢上団地；ガーデンシティ・飯盛団地, 長崎東高, 長崎東高ガーデンシティ・矢上団地, 戸石矢上団地・ガーデンシティ, 長崎東高旭大橋・長崎署, 長崎駅前長崎署, 長崎東高三原団地・西山台団地"
元分校前,雲仙市タクシー事業組合,雲仙市乗合タクシー上岳線
池下,長崎県,"長崎駅前矢上団地・大波止, 江の浦矢上団地, 田結東矢上団地, 長崎駅前矢上団地・市役所, 諫早・東厚生町三本松・競技場北口, 西陵高校ガーデンシティ・矢上団地, 江の浦矢上団地；ガーデンシティ・飯盛団地, 田結東矢上団地・ガーデンシティ, 戸石競技場北口・久山台・花ノ木, 東厚生町花ノ木・久山台・競技場北口"
牧戸橋,長崎県,"長崎駅前矢上団地・大波止, 臼の浦矢上団地"
日見山口,長崎県,"長崎駅前矢上大橋・奥山・大波止, 唐比車庫奥山・矢上大橋, 長崎駅前年の神・大波止, メディカルセンター中央橋, 長崎駅前競技場北口・藤棚, 諫早・東厚生町藤棚・競技場北口, 諫早・東厚生町つつじが丘・西諫早ニュータウン, 長崎駅前矢上団地・大波止, 江の浦矢上団地, 長崎駅前西諫早ニュータウン・つつじが丘, 諫早駅前つつじが丘・西諫早ニュータウン, 田結東矢上団地, 長崎駅前大波止, 現川駅前高城台, 立神大波止・旭大橋, 長崎駅前高城台・市役所, 高城台, 臼の浦矢上団地, 長崎駅前矢上団地・市役所, 網場・春日車庫前ペンギン水族館, 長崎駅前矢上団地・イオン東長崎；市役所, 矢上団地, 長崎駅前市役所, 尾崎奥山・矢上大橋, 長崎駅前イオン東長崎・大波止, 長崎駅前つつじが丘・イオン東長崎, つつじが丘イオン東長崎, 立神大波止, 長崎商高大波止, 喜々津シーサイドイオン東長崎・つつじが丘, 女の都イオン東長崎・市役所, 網場・春日車庫前大波止・ペンギン水族館, 女の都団地大波止, 西崎団地市役所, ガーデンシティイオン東長崎・矢上；矢上団地, 長崎駅前矢上団地・矢上；イオン東長崎・大波止, つつじが丘日見公園前, 立神矢上団地・イオン東長崎；大波止・旭大橋, ガーデンシティ大波止・矢上団地, 立神矢上団地・長崎署, ガーデンシティ矢上団地, 長崎県庁前夢彩都, 江の浦矢上団地；ガーデンシティ・飯盛団地, 南高前矢上団地・矢上；イオン東長崎, 戸石イオン・矢上；矢上団地・ガーデンシティ, 長崎東高, 長崎東高ガーデンシティ・矢上団地, 南高前ガーデンシティ・矢上団地；矢上・イオン, 戸石矢上団地・ガーデンシティ, メディカルセンター矢上団地・矢上；イオン・中央橋"
日見山口,長崎自動車（株）,"100：ココウォーク茂里町行き, 200：中央橋・新地中華街行き, 80：長崎駅前-芒塚-日見・潮見町, 90：長崎駅前-芒塚-矢上方面, 南高スクール"
小浦,雲仙市タクシー事業組合,雲仙市乗合タクシー上岳線
浜平南,長崎県,"長崎駅前東高下・市役所, 長崎駅前東高下・大波止, 長崎駅前大波止, 長崎駅前市役所, 浜平・立山東高下, 立神市役所, 浜平・立山市役所・東高下, 立神東高下・市役所, 浜平・立山大波止・東高下, 立神東高下・大波止, 神崎鼻口東高下・大波止, 立山目覚町, 中央橋目覚町・中央公園前, 長崎東高目覚町"
浜平南,長崎自動車（株）,立山線
岳口,雲仙市タクシー事業組合,雲仙市乗合タクシー上岳線
下岳,雲仙市タクシー事業組合,雲仙市乗合タクシー上岳線
日見公園前,長崎県,"長崎駅前大波止, 網場・春日車庫前ペンギン水族館, 長崎駅前市役所, 立神大波止, 長崎商高大波止, 諫早・東厚生町藤棚・西諫早ニュータウン；諫早市役所, 網場・春日車庫前大波止・ペンギン水族館, 女の都団地大波止, 西崎団地市役所, つつじが丘日見公園前, 西陵高校日見公園前・つつじが丘, 網場・春日車庫前つつじが丘・高城台；日見公園前, 西陵高校高城台・つつじが丘, 長崎県庁前夢彩都, 長崎東高, 諫早・東厚生町つつじが丘・競技場北口；諫早市役所"
日見公園前,長崎自動車（株）,"100：ココウォーク茂里町行き, 200：中央橋・新地中華街行き, 80：長崎駅前-芒塚-日見・潮見町, 矢上-茂木-田上"
宝町,長崎県,"11循環西山台団地・三原団地；本原一丁目・大波止, 5循環西山台団地・三原団地；本原一丁目・市役所, 中央橋長崎バイパス・大波止, 中央橋本原一丁目・市役所, 長崎空港【リムジン】出島道路経由；長崎市内乗車のみ, 茂里町【リムジン】長崎駅前・出島道路経由, 中央橋市役所, 立神大波止, 長崎東高大波止・中央橋, 滑石団地中央橋・大波止・道の尾, 長崎商高大波止, 6循環市役所；三原団地・西山台団地, 12循環大波止；三原団地・西山台団地, 立神市役所, 浜平・立山市役所・東高下, 立神東高下・市役所, 浜平・立山大波止・東高下, 立神東高下・大波止, 女の都団地市役所, 中央橋市役所・中央公園前, 女の都イオン東長崎・市役所, 網場・春日車庫前大波止・ペンギン水族館, 女の都団地大波止, サニータウン市役所, 立山目覚町, 中央橋目覚町・中央公園前, 長崎東高目覚町, 西崎団地市役所, 長崎東高長崎署, 長崎空港【リムジン】浦上経由・試験場前, 長崎駅前【リムジン】試験場前・諫早インター；浦上経由, 西山木場市役所, 西山木場ハートセンター・市役所, 女の都入口, 長崎商高市役所, 女の都団地, 立神矢上団地・長崎署, 浦上駅前中央橋・大波止, 浦上駅前長崎署, 女の都長崎県庁前, 久山台ニュータウン大波止・長崎バイパス, 6西山台団地市役所・三原団地, 12西山台団地大波止・三原団地, 西山台団地浦上駅前・本原一丁目, サニータウン大波止, 西崎団地大波止, 女の都団地市役所・ハートセンター"
宝町,長崎自動車（株）,"1：長崎駅前-住吉-西海-三重・大串, 1：長崎駅前-住吉-時津・溝川, 1：長崎駅前-住吉-滑石-桜の里方面, 1：長崎駅前-住吉-上横尾, 1：長崎駅前-住吉-榎の鼻-満永, 1：長崎駅前-住吉-榎の鼻-琴の尾登口, 1：長崎駅前-住吉-川平・恵の丘, 1：長崎駅前-住吉-女の都・緑ヶ丘団地, 1：長崎駅前-住吉方面, 2：長崎駅前-西町-虹が丘, 3：長崎駅前-城栄町/春木町-下大橋・小江原・式見, 長崎駅前-春木町-小江原・式見, 4：長崎駅前-西城山-下大橋, 5：大波止-長崎駅前-稲佐, 5：市役所-長崎駅前-稲佐, 5：長崎駅前-稲佐, 6：長崎駅前-飽の浦-福田, 6：市役所-長崎駅前-飽の浦-立神, 6：大波止-長崎駅前-飽の浦-立神, 6：田上-大平橋-立神, 6：長崎駅前-飽の浦-立神, 6：長崎駅前-飽の浦-立神・福田, 7：稲佐橋行き, 8：長崎駅前-医学部前-下大橋・三川町, 9：長崎駅前-純心校前-恵の丘・女の都方面, 100：ココウォーク茂里町行き, 10：長崎駅前-愛宕町-田上-三景台・茂木, 20：大波止・中央橋・長崎新地行き, 20：市役所・中央橋・長崎新地行き, 20：市役所・中央橋行き, 20：中央橋・長崎新地行き, 20：中央橋行き, 30：長崎駅前-戸町-香焼・三和・野母崎, 30：長崎駅前-二本松口-香焼・三和・野母崎, 40：長崎駅前-戸町/二本松口-ダイヤランド・柳営業所, 40：神の島-戸町/二本松口-ダイヤランド・柳営業所, 50：長崎駅前-愛宕町-白木-風頭山・早坂・飯香の浦, 60：長崎駅前-大平橋-田上・上戸町, 80：長崎駅前-芒塚-日見・潮見町, 90：長崎駅前-芒塚-矢上方面, うみかぜ, 元気くん, 稲佐橋-長崎署前-中川町-早坂, 南高スクール, 福田-銭座町-北部方面, 北陽台高スクール, 明誠高スクール, 立山線, 立神-銭座町-北部方面, 70：長崎駅前-中川町-風頭山・田上"
宝町,さいかい交通（株）・長崎自動車（株）,20：大波止・中央橋・長崎新地行き［長崎バス・さいかい交通］
稲佐山公園,長崎自動車（株）,"5：大波止-長崎駅前-稲佐, 5：市役所-長崎駅前-稲佐, 5：長崎駅前-稲佐, 10：長崎駅前-愛宕町-田上-三景台・茂木, 50：長崎駅前-愛宕町-白木-風頭山・早坂・飯香の浦, 70：長崎駅前-中川町-風頭山・田上"
片淵三丁目,長崎県,"長崎駅前片淵三丁目・諏訪神社前；中央橋・夢彩都, 水源池跡夢彩都・中央橋；諏訪神社前・片淵三丁目"
ロープウェイ前,長崎県,"立神, 女の都入口"
ロープウェイ前,長崎自動車（株）,"3：長崎駅前-城栄町/春木町-下大橋・小江原・式見, 4：長崎駅前-西城山-下大橋, 20：大波止・中央橋・長崎新地行き, 20：市役所・中央橋・長崎新地行き, 20：中央橋・長崎新地行き, 20：中央橋行き, 40：長崎駅前-戸町/二本松口-ダイヤランド・柳営業所, 長商高スクール, 福田-飽の浦-城栄町, 立神-下大橋-北部方面"
ロープウェイ前,さいかい交通（株）・長崎自動車（株）,20：大波止・中央橋・長崎新地行き［長崎バス・さいかい交通］
秩父ヶ浦,島原鉄道（株）,"加津佐海水浴場前〜島原行, 島原〜藤原〜有家〜須川港行"
長崎中学校前,長崎県,"長崎東高サニータウン；三原団地・西山台団地, まなび野団地西山台団地・三原団地；サニータウン, 長崎駅前東高下・市役所, 長崎駅前東高下・大波止, 長崎駅前大波止, 高城台, 長崎駅前市役所, 浜平・立山東高下, 長崎東高大波止・中央橋, 滑石団地中央橋・大波止・道の尾, 立神市役所, 浜平・立山市役所・東高下, 立神東高下・市役所, 浜平・立山大波止・東高下, 立神東高下・大波止, 神崎鼻口東高下・大波止, 長崎東高長崎署, つつじが丘日見公園前, ガーデンシティ矢上団地, 浦上駅前中央橋・大波止, 浦上駅前長崎署, 江の浦矢上団地；ガーデンシティ・飯盛団地, 長崎東高, 長崎東高ガーデンシティ・矢上団地, 戸石矢上団地・ガーデンシティ, 長崎東高旭大橋・長崎署, 長崎駅前長崎署, 長崎東高三原団地・西山台団地"
金比羅山入口,長崎県,"長崎駅前東高下・市役所, 長崎駅前東高下・大波止, 長崎駅前大波止, 長崎駅前市役所, 浜平・立山東高下, 立神市役所, 浜平・立山市役所・東高下, 立神東高下・市役所, 浜平・立山大波止・東高下, 立神東高下・大波止, 神崎鼻口東高下・大波止, 中央橋目覚町・中央公園前, 長崎東高目覚町"
経済学部前,長崎県,"11循環西山台団地・三原団地；本原一丁目・大波止, 5循環西山台団地・三原団地；本原一丁目・市役所, 長崎駅前東高下・市役所, 長崎駅前東高下・大波止, 長崎駅前大波止, 高城台, 長崎駅前市役所, 浜平・立山東高下, 立神大波止, 長崎東高大波止・中央橋, 滑石団地中央橋・大波止・道の尾, 6循環市役所；三原団地・西山台団地, 12循環大波止；三原団地・西山台団地, 立神市役所, 浜平・立山市役所・東高下, 立神東高下・市役所, 浜平・立山大波止・東高下, 立神東高下・大波止, 神崎鼻口東高下・大波止, 女の都団地市役所, 長崎東高長崎署, 西山木場市役所, 西山木場ハートセンター・市役所, 長崎商高市役所, つつじが丘日見公園前, ガーデンシティ矢上団地, 浦上駅前中央橋・大波止, 浦上駅前長崎署, 長与駅西口西山バイパス；シーボルト校・まなび野, 長崎駅前まなび野団地；西山バイパス・大波止, 長崎県庁前夢彩都, 女の都長崎県庁前, 江の浦矢上団地；ガーデンシティ・飯盛団地, 長崎東高, 長崎東高ガーデンシティ・矢上団地, 戸石矢上団地・ガーデンシティ, 長崎東高旭大橋・長崎署, 長崎駅前長崎署, 6西山台団地市役所・三原団地, 12西山台団地大波止・三原団地, 女の都団地市役所・ハートセンター"
経済学部前,長崎自動車（株）,"長崎新地-川平BP-時津・長与・畝刈方面, 長崎新地-川平BP-時津方面"
ペンギン水族館前,長崎県,"網場・春日車庫前ペンギン水族館, 網場・春日車庫前大波止・ペンギン水族館, 網場・春日車庫前つつじが丘・高城台；日見公園前"
ペンギン水族館前,長崎自動車（株）,"80：長崎駅前-芒塚-日見・潮見町, 矢上-茂木-田上"
上岳,雲仙市タクシー事業組合,雲仙市乗合タクシー上岳線
奥山,長崎県,"長崎駅前矢上大橋・奥山・大波止, 唐比車庫奥山・矢上大橋, 長崎駅前大波止, 長崎駅前矢上団地・イオン東長崎；市役所, 尾崎奥山・矢上大橋, ガーデンシティ矢上団地, 長崎県庁前夢彩都"
結の浜,長崎県,"長崎駅前矢上団地・大波止, 江の浦矢上団地, 田結東矢上団地, 長崎駅前矢上団地・市役所, 諫早・東厚生町三本松・競技場北口, 西陵高校ガーデンシティ・矢上団地, 江の浦矢上団地；ガーデンシティ・飯盛団地, 田結東矢上団地・ガーデンシティ, 戸石競技場北口・久山台・花ノ木, 東厚生町花ノ木・久山台・競技場北口"
下中木場,島原鉄道（株）,島原〜雲仙〜小浜〜諫早行
幸町（長崎）,長崎県,"浜平・立山市役所・東高下, 浜平・立山大波止・東高下, 女の都入口, 女の都長崎県庁前"
心田庵入口,長崎県,"長崎駅前片淵三丁目・諏訪神社前；中央橋・夢彩都, 水源池跡夢彩都・中央橋；諏訪神社前・片淵三丁目"
五社神社下,長崎県,"長崎駅前東高下・市役所, 長崎駅前東高下・大波止, 長崎駅前大波止, 長崎駅前市役所, 浜平・立山東高下, 立神市役所, 浜平・立山市役所・東高下, 立神東高下・市役所, 浜平・立山大波止・東高下, 立神東高下・大波止, 神崎鼻口東高下・大波止, 立山目覚町, 中央橋目覚町・中央公園前, 長崎東高目覚町"
五社神社下,長崎自動車（株）,立山線
幸町,長崎自動車（株）,"うみかぜ, 元気くん"
長総大前,長崎県,"長崎駅前大波止, 網場・春日車庫前ペンギン水族館, 長崎駅前市役所, 立神大波止, 長崎商高大波止, 網場・春日車庫前大波止・ペンギン水族館, 女の都団地大波止, 西崎団地市役所, 西陵高校日見公園前・つつじが丘, 網場・春日車庫前つつじが丘・高城台；日見公園前, 西陵高校高城台・つつじが丘, 長崎県庁前夢彩都"
長総大前,長崎自動車（株）,"100：ココウォーク茂里町行き, 200：中央橋・新地中華街行き, 80：長崎駅前-芒塚-日見・潮見町, 矢上-茂木-田上"
富津漁民センター前,雲仙市タクシー事業組合,雲仙市乗合タクシー上岳線
稲佐橋,長崎県,女の都入口
弁天口,雲仙市タクシー事業組合,雲仙市乗合タクシー上岳線
稲佐橋,長崎自動車（株）,"3：長崎駅前-城栄町/春木町-下大橋・小江原・式見, 4：長崎駅前-西城山-下大橋, 5：大波止-長崎駅前-稲佐, 5：市役所-長崎駅前-稲佐, 5：長崎駅前-稲佐, 6：長崎駅前-飽の浦-福田, 6：市役所-長崎駅前-飽の浦-立神, 6：大波止-長崎駅前-飽の浦-立神, 6：田上-大平橋-立神, 6：長崎駅前-飽の浦-立神, 6：長崎駅前-飽の浦-立神・福田, 7：稲佐橋行き, 10：長崎駅前-愛宕町-田上-三景台・茂木, 20：市役所・中央橋・長崎新地行き, 20：市役所・中央橋行き, 20：中央橋・長崎新地行き, 40：長崎駅前-戸町/二本松口-ダイヤランド・柳営業所, 40：神の島-戸町/二本松口-ダイヤランド・柳営業所, 50：長崎駅前-愛宕町-白木-風頭山・早坂・飯香の浦, 60：長崎駅前-大平橋-田上・上戸町, 稲佐橋-長崎署前-中川町-早坂, 長商高スクール, 南高スクール, 福田-銭座町-北部方面, 福田-飽の浦-城栄町, 立神-下大橋-北部方面, 立神-銭座町-北部方面, 70：長崎駅前-中川町-風頭山・田上"
稲佐橋,さいかい交通（株）・長崎自動車（株）,20：大波止・中央橋・長崎新地行き［長崎バス・さいかい交通］
幸町（長崎）,長崎県,中央橋長崎県庁前
島の前,長崎県,"長崎駅前矢上団地・大波止, 臼の浦矢上団地"
富津口,雲仙市タクシー事業組合,雲仙市乗合タクシー上岳線
八千代町,長崎県,"11循環西山台団地・三原団地；本原一丁目・大波止, 5循環西山台団地・三原団地；本原一丁目・市役所, 中央橋長崎バイパス・大波止, 中央橋本原一丁目・市役所, 長崎空港【リムジン】出島道路経由；長崎市内乗車のみ, 茂里町【リムジン】長崎駅前・出島道路経由, 中央橋市役所, 立神大波止, 長崎東高大波止・中央橋, 滑石団地中央橋・大波止・道の尾, 長崎商高大波止, 6循環市役所；三原団地・西山台団地, 12循環大波止；三原団地・西山台団地, 立神市役所, 浜平・立山市役所・東高下, 立神東高下・市役所, 浜平・立山大波止・東高下, 立神東高下・大波止, 女の都団地市役所, 中央橋市役所・中央公園前, 女の都イオン東長崎・市役所, 網場・春日車庫前大波止・ペンギン水族館, 女の都団地大波止, サニータウン市役所, 立山目覚町, 中央橋目覚町・中央公園前, 長崎東高目覚町, 西崎団地市役所, 長崎東高長崎署, 西山木場市役所, 西山木場ハートセンター・市役所, 長崎商高市役所, 女の都団地, 立神矢上団地・長崎署, 浦上駅前中央橋・大波止, 浦上駅前長崎署, 久山台ニュータウン大波止・長崎バイパス, 6西山台団地市役所・三原団地, 12西山台団地大波止・三原団地, 西山台団地浦上駅前・本原一丁目, サニータウン大波止, 西崎団地大波止, 女の都団地市役所・ハートセンター"
八千代町,長崎自動車（株）,"1：長崎駅前-住吉-西海-三重・大串, 1：長崎駅前-住吉-時津・溝川, 1：長崎駅前-住吉-滑石-桜の里方面, 1：長崎駅前-住吉-上横尾, 1：長崎駅前-住吉-榎の鼻-満永, 1：長崎駅前-住吉-榎の鼻-琴の尾登口, 1：長崎駅前-住吉-川平・恵の丘, 1：長崎駅前-住吉-女の都・緑ヶ丘団地, 1：長崎駅前-住吉方面, 2：長崎駅前-西町-虹が丘, 3：長崎駅前-城栄町/春木町-下大橋・小江原・式見, 4：長崎駅前-西城山-下大橋, 5：大波止-長崎駅前-稲佐, 5：市役所-長崎駅前-稲佐, 5：長崎駅前-稲佐, 6：長崎駅前-飽の浦-福田, 6：市役所-長崎駅前-飽の浦-立神, 6：大波止-長崎駅前-飽の浦-立神, 6：田上-大平橋-立神, 6：長崎駅前-飽の浦-立神, 6：長崎駅前-飽の浦-立神・福田, 7：稲佐橋行き, 8：長崎駅前-医学部前-下大橋・三川町, 9：長崎駅前-純心校前-恵の丘・女の都方面, 100：ココウォーク茂里町行き, 10：長崎駅前-愛宕町-田上-三景台・茂木, 20：大波止・中央橋・長崎新地行き, 20：市役所・中央橋・長崎新地行き, 20：市役所・中央橋行き, 20：中央橋・長崎新地行き, 20：中央橋行き, 30：長崎駅前-戸町-香焼・三和・野母崎, 30：長崎駅前-二本松口-香焼・三和・野母崎, 40：長崎駅前-戸町/二本松口-ダイヤランド・柳営業所, 50：長崎駅前-愛宕町-白木-風頭山・早坂・飯香の浦, 60：長崎駅前-大平橋-田上・上戸町, 80：長崎駅前-芒塚-日見・潮見町, 90：長崎駅前-芒塚-矢上方面, 元気くん, 稲佐橋-長崎署前-中川町-早坂, 南高スクール, 北陽台高スクール, 明誠高スクール, 立山線, 70：長崎駅前-中川町-風頭山・田上"
八千代町,さいかい交通（株）・長崎自動車（株）,20：大波止・中央橋・長崎新地行き［長崎バス・さいかい交通］
光町,長崎自動車（株）,"5：大波止-長崎駅前-稲佐, 5：市役所-長崎駅前-稲佐, 5：長崎駅前-稲佐, 10：長崎駅前-愛宕町-田上-三景台・茂木, 50：長崎駅前-愛宕町-白木-風頭山・早坂・飯香の浦, 南高スクール, 70：長崎駅前-中川町-風頭山・田上"
稲佐橋,長崎県,"立神, 立神大波止, 立神市役所, 浜平・立山市役所・東高下, 立神東高下・市役所, 浜平・立山大波止・東高下, 立神東高下・大波止, 立神西山台団地・本原一丁目, 女の都入口, 立神矢上団地・長崎署"
上長崎小学校前,長崎県,"11循環西山台団地・三原団地；本原一丁目・大波止, 5循環西山台団地・三原団地；本原一丁目・市役所, 長崎駅前東高下・市役所, 長崎駅前東高下・大波止, 長崎駅前大波止, 高城台, 長崎駅前市役所, 浜平・立山東高下, 立神大波止, 長崎東高大波止・中央橋, 滑石団地中央橋・大波止・道の尾, 6循環市役所；三原団地・西山台団地, 12循環大波止；三原団地・西山台団地, 立神市役所, 浜平・立山市役所・東高下, 立神東高下・市役所, 浜平・立山大波止・東高下, 立神東高下・大波止, 神崎鼻口東高下・大波止, 女の都団地市役所, 長崎東高長崎署, 西山木場市役所, 西山木場ハートセンター・市役所, 長崎商高市役所, つつじが丘日見公園前, ガーデンシティ矢上団地, 浦上駅前中央橋・大波止, 浦上駅前長崎署, 長与駅西口西山バイパス；シーボルト校・まなび野, 長崎駅前まなび野団地；西山バイパス・大波止, 長崎県庁前夢彩都, 女の都長崎県庁前, 江の浦矢上団地；ガーデンシティ・飯盛団地, 長崎東高, 長崎東高ガーデンシティ・矢上団地, 戸石矢上団地・ガーデンシティ, 長崎東高旭大橋・長崎署, 長崎駅前長崎署, 6西山台団地市役所・三原団地, 12西山台団地大波止・三原団地, 女の都団地市役所・ハートセンター"
上長崎小学校前,長崎自動車（株）,"長崎新地-川平BP-時津・長与・畝刈方面, 長崎新地-川平BP-時津方面"
立山,長崎県,"長崎駅前東高下・市役所, 長崎駅前東高下・大波止, 長崎駅前大波止, 長崎駅前市役所, 浜平・立山東高下, 立神市役所, 浜平・立山市役所・東高下, 立神東高下・市役所, 浜平・立山大波止・東高下, 立神東高下・大波止, 神崎鼻口東高下・大波止, 立山目覚町, 中央橋目覚町・中央公園前, 長崎東高目覚町"
立山,長崎自動車（株）,立山線
中央高校前,島原鉄道（株）,"島原〜多比良〜諫早行, 加津佐海水浴場前〜島原行, 島原〜藤原〜有家〜須川港行"
ふれあいセンター前,長崎県,"長崎駅前片淵三丁目・諏訪神社前；中央橋・夢彩都, 水源池跡夢彩都・中央橋；諏訪神社前・片淵三丁目"
曙町,長崎自動車（株）,"5：大波止-長崎駅前-稲佐, 5：市役所-長崎駅前-稲佐, 5：長崎駅前-稲佐, 10：長崎駅前-愛宕町-田上-三景台・茂木, 50：長崎駅前-愛宕町-白木-風頭山・早坂・飯香の浦, 南高スクール, 70：長崎駅前-中川町-風頭山・田上"
中木場,島原鉄道（株）,島原〜雲仙〜小浜〜諫早行
稲佐高部,長崎自動車（株）,"5：大波止-長崎駅前-稲佐, 5：市役所-長崎駅前-稲佐, 5：長崎駅前-稲佐, 10：長崎駅前-愛宕町-田上-三景台・茂木, 50：長崎駅前-愛宕町-白木-風頭山・早坂・飯香の浦, 70：長崎駅前-中川町-風頭山・田上"
網場,長崎県,"長崎駅前大波止, 網場・春日車庫前ペンギン水族館, 長崎駅前市役所, 立神大波止, 長崎商高大波止, 網場・春日車庫前大波止・ペンギン水族館, 女の都団地大波止, 西崎団地市役所, 西陵高校日見公園前・つつじが丘, 網場・春日車庫前つつじが丘・高城台；日見公園前, 西陵高校高城台・つつじが丘, 長崎県庁前夢彩都"
網場,長崎自動車（株）,"100：ココウォーク茂里町行き, 200：中央橋・新地中華街行き, 80：長崎駅前-芒塚-日見・潮見町, 矢上-茂木-田上"
芒塚,長崎県,"長崎駅前年の神・大波止, メディカルセンター中央橋, 長崎駅前競技場北口・藤棚, 諫早・東厚生町藤棚・競技場北口, 諫早・東厚生町つつじが丘・西諫早ニュータウン, 長崎駅前矢上団地・大波止, 江の浦矢上団地, 長崎駅前西諫早ニュータウン・つつじが丘, 諫早駅前つつじが丘・西諫早ニュータウン, 田結東矢上団地, 長崎駅前大波止, 現川駅前高城台, 立神大波止・旭大橋, 長崎駅前高城台・市役所, 高城台, 臼の浦矢上団地, 長崎駅前矢上団地・市役所, 網場・春日車庫前ペンギン水族館, 矢上団地, 長崎駅前市役所, 長崎駅前イオン東長崎・大波止, 長崎駅前つつじが丘・イオン東長崎, つつじが丘イオン東長崎, 立神大波止, 長崎商高大波止, 喜々津シーサイドイオン東長崎・つつじが丘, 女の都イオン東長崎・市役所, 網場・春日車庫前大波止・ペンギン水族館, 女の都団地大波止, 西崎団地市役所, 中川町, ガーデンシティイオン東長崎・矢上；矢上団地, 長崎駅前矢上団地・矢上；イオン東長崎・大波止, つつじが丘日見公園前, 立神矢上団地・イオン東長崎；大波止・旭大橋, ガーデンシティ大波止・矢上団地, 立神矢上団地・長崎署, ガーデンシティ矢上団地, 長崎県庁前夢彩都, 江の浦矢上団地；ガーデンシティ・飯盛団地, 南高前矢上団地・矢上；イオン東長崎, 戸石イオン・矢上；矢上団地・ガーデンシティ, 長崎東高, 長崎東高ガーデンシティ・矢上団地, 南高前ガーデンシティ・矢上団地；矢上・イオン, 戸石矢上団地・ガーデンシティ, メディカルセンター矢上団地・矢上；イオン・中央橋"
芒塚,長崎自動車（株）,"100：ココウォーク茂里町行き, 200：中央橋・新地中華街行き, 80：長崎駅前-芒塚-日見・潮見町, 90：長崎駅前-芒塚-矢上方面, 南高スクール"
長崎駅前,長崎県,"11循環西山台団地・三原団地；本原一丁目・大波止, 5循環西山台団地・三原団地；本原一丁目・市役所, 長崎駅前矢上大橋・奥山・大波止, 中央橋長崎バイパス・大波止, 長崎駅前年の神・大波止, 長崎駅前競技場北口・藤棚, 長崎駅前東高下・市役所, 長崎駅前東高下・大波止, 長崎駅前矢上団地・大波止, 長崎駅前西諫早ニュータウン・つつじが丘, 長崎駅前大波止, 長崎駅前高城台・市役所, 長崎駅前矢上団地・市役所, 長崎駅前矢上団地・イオン東長崎；市役所, 長崎駅前市役所, 中央橋本原一丁目・市役所, 長崎駅前イオン東長崎・大波止, 長崎駅前つつじが丘・イオン東長崎, 中央橋市役所, 立神大波止, 長崎東高大波止・中央橋, 滑石団地中央橋・大波止・道の尾, 長崎商高大波止, 長崎駅前片淵三丁目・諏訪神社前；中央橋・夢彩都, 6循環市役所；三原団地・西山台団地, 12循環大波止；三原団地・西山台団地, 立神市役所, 浜平・立山市役所・東高下, 立神東高下・市役所, 浜平・立山大波止・東高下, 立神東高下・大波止, 女の都団地市役所, 中央橋市役所・中央公園前, 女の都イオン東長崎・市役所, 長崎駅前【特急】, 網場・春日車庫前大波止・ペンギン水族館, 女の都団地大波止, サニータウン市役所, 立山目覚町, 中央橋目覚町・中央公園前, 長崎東高目覚町, 西崎団地市役所, 長崎東高長崎署, 西山木場市役所, 西山木場ハートセンター・市役所, 長崎商高市役所, 長崎駅前矢上団地・矢上；イオン東長崎・大波止, 女の都団地, 立神矢上団地・長崎署, 浦上駅前中央橋・大波止, 浦上駅前長崎署, 長崎駅前まなび野団地；西山バイパス・大波止, 風頭町長崎駅前, 風頭町夢彩都・歴史文化博物館, 風頭町夢彩都・長崎駅前, 夢彩都歴史文化博物館・長崎駅前, 水源池跡夢彩都・中央橋；諏訪神社前・片淵三丁目, 長崎東高旭大橋・長崎署, 長崎駅前長崎署, 久山台ニュータウン大波止・長崎バイパス, 6西山台団地市役所・三原団地, 12西山台団地大波止・三原団地, 西山台団地浦上駅前・本原一丁目, サニータウン大波止, 西崎団地大波止, 女の都団地市役所・ハートセンター"
長崎総合科学大学,長崎自動車（株）,"100：ココウォーク茂里町行き, 80：長崎駅前-芒塚-日見・潮見町"
稗田橋,長崎県,"立神, 立神大波止, 立神市役所, 浜平・立山市役所・東高下, 立神東高下・市役所, 浜平・立山大波止・東高下, 立神東高下・大波止, 立神西山台団地・本原一丁目, 女の都入口, 立神矢上団地・長崎署"
稗田橋,長崎自動車（株）,"6：長崎駅前-飽の浦-福田, 6：市役所-長崎駅前-飽の浦-立神, 6：大波止-長崎駅前-飽の浦-立神, 6：田上-大平橋-立神, 6：長崎駅前-飽の浦-立神, 6：長崎駅前-飽の浦-立神・福田, 10：長崎駅前-愛宕町-田上-三景台・茂木, 20：市役所・中央橋行き, 20：中央橋・長崎新地行き, 40：長崎駅前-戸町/二本松口-ダイヤランド・柳営業所, 40：神の島-戸町/二本松口-ダイヤランド・柳営業所, 50：長崎駅前-愛宕町-白木-風頭山・早坂・飯香の浦, 60：長崎駅前-大平橋-田上・上戸町, 長商高スクール, 福田-銭座町-北部方面, 福田-飽の浦-城栄町, 立神-下大橋-北部方面, 立神-銭座町-北部方面, 70：長崎駅前-中川町-風頭山・田上"
臼の浦,長崎県,"長崎駅前矢上団地・大波止, 臼の浦矢上団地"
観光ホテル前,長崎自動車（株）,"5：大波止-長崎駅前-稲佐, 5：市役所-長崎駅前-稲佐, 5：長崎駅前-稲佐, 10：長崎駅前-愛宕町-田上-三景台・茂木, 50：長崎駅前-愛宕町-白木-風頭山・早坂・飯香の浦, 70：長崎駅前-中川町-風頭山・田上"
長崎駅前,長崎県,"長崎空港【リムジン】出島道路経由；長崎市内乗車のみ, 茂里町【リムジン】長崎駅前・出島道路経由, 雲仙【特急】, 長崎空港【リムジン】浦上経由・試験場前, 長崎駅前【リムジン】試験場前・諫早インター；浦上経由"
道光,長崎県,"長崎駅前年の神・大波止, メディカルセンター中央橋, 長崎駅前競技場北口・藤棚, 諫早・東厚生町藤棚・競技場北口, 諫早・東厚生町つつじが丘・西諫早ニュータウン, 長崎駅前矢上団地・大波止, 江の浦矢上団地, 長崎駅前西諫早ニュータウン・つつじが丘, 諫早駅前つつじが丘・西諫早ニュータウン, 田結東矢上団地, 長崎駅前大波止, 現川駅前高城台, 立神大波止・旭大橋, 長崎駅前高城台・市役所, 高城台, 臼の浦矢上団地, 長崎駅前矢上団地・市役所, 網場・春日車庫前ペンギン水族館, 矢上団地, 長崎駅前市役所, 長崎駅前イオン東長崎・大波止, 長崎駅前つつじが丘・イオン東長崎, つつじが丘イオン東長崎, 立神大波止, 長崎商高大波止, 喜々津シーサイドイオン東長崎・つつじが丘, 女の都イオン東長崎・市役所, 網場・春日車庫前大波止・ペンギン水族館, 女の都団地大波止, 西崎団地市役所, 中川町, ガーデンシティイオン東長崎・矢上；矢上団地, 長崎駅前矢上団地・矢上；イオン東長崎・大波止, つつじが丘日見公園前, 立神矢上団地・イオン東長崎；大波止・旭大橋, ガーデンシティ大波止・矢上団地, 立神矢上団地・長崎署, ガーデンシティ矢上団地, 長崎県庁前夢彩都, 江の浦矢上団地；ガーデンシティ・飯盛団地, 南高前矢上団地・矢上；イオン東長崎, 戸石イオン・矢上；矢上団地・ガーデンシティ, 長崎東高, 長崎東高ガーデンシティ・矢上団地, 南高前ガーデンシティ・矢上団地；矢上・イオン, 戸石矢上団地・ガーデンシティ, メディカルセンター矢上団地・矢上；イオン・中央橋"
道光,長崎自動車（株）,"100：ココウォーク茂里町行き, 200：中央橋・新地中華街行き, 80：長崎駅前-芒塚-日見・潮見町, 90：長崎駅前-芒塚-矢上方面, 南高スクール"
西トンネル口,長崎県,"長崎駅前年の神・大波止, メディカルセンター中央橋, 長崎駅前競技場北口・藤棚, 諫早・東厚生町藤棚・競技場北口, 諫早・東厚生町つつじが丘・西諫早ニュータウン, 長崎駅前矢上団地・大波止, 江の浦矢上団地, 長崎駅前西諫早ニュータウン・つつじが丘, 諫早駅前つつじが丘・西諫早ニュータウン, 田結東矢上団地, 長崎駅前大波止, 現川駅前高城台, 立神大波止・旭大橋, 長崎駅前高城台・市役所, 高城台, 臼の浦矢上団地, 長崎駅前矢上団地・市役所, 網場・春日車庫前ペンギン水族館, 矢上団地, 長崎駅前市役所, 長崎駅前イオン東長崎・大波止, 長崎駅前つつじが丘・イオン東長崎, つつじが丘イオン東長崎, 立神大波止, 長崎商高大波止, 喜々津シーサイドイオン東長崎・つつじが丘, 女の都イオン東長崎・市役所, 網場・春日車庫前大波止・ペンギン水族館, 女の都団地大波止, 西崎団地市役所, 中川町, ガーデンシティイオン東長崎・矢上；矢上団地, 長崎駅前矢上団地・矢上；イオン東長崎・大波止, つつじが丘日見公園前, 立神矢上団地・イオン東長崎；大波止・旭大橋, ガーデンシティ大波止・矢上団地, 立神矢上団地・長崎署, ガーデンシティ矢上団地, 長崎県庁前夢彩都, 江の浦矢上団地；ガーデンシティ・飯盛団地, 南高前矢上団地・矢上；イオン東長崎, 戸石イオン・矢上；矢上団地・ガーデンシティ, 長崎東高, 長崎東高ガーデンシティ・矢上団地, 南高前ガーデンシティ・矢上団地；矢上・イオン, 戸石矢上団地・ガーデンシティ, メディカルセンター矢上団地・矢上；イオン・中央橋"
西トンネル口,長崎自動車（株）,"100：ココウォーク茂里町行き, 200：中央橋・新地中華街行き, 80：長崎駅前-芒塚-日見・潮見町, 90：長崎駅前-芒塚-矢上方面, 南高スクール"
妙相寺道,長崎県,"長崎駅前矢上大橋・奥山・大波止, 唐比車庫奥山・矢上大橋, 長崎駅前年の神・大波止, メディカルセンター中央橋, 長崎駅前競技場北口・藤棚, 諫早・東厚生町藤棚・競技場北口, 諫早・東厚生町つつじが丘・西諫早ニュータウン, 長崎駅前矢上団地・大波止, 江の浦矢上団地, 長崎駅前西諫早ニュータウン・つつじが丘, 諫早駅前つつじが丘・西諫早ニュータウン, 田結東矢上団地, 長崎駅前大波止, 現川駅前高城台, 立神大波止・旭大橋, 長崎駅前高城台・市役所, 高城台, 臼の浦矢上団地, 長崎駅前矢上団地・市役所, 網場・春日車庫前ペンギン水族館, 長崎駅前矢上団地・イオン東長崎；市役所, 矢上団地, 長崎駅前市役所, 尾崎奥山・矢上大橋, 長崎駅前イオン東長崎・大波止, 長崎駅前つつじが丘・イオン東長崎, つつじが丘イオン東長崎, 立神大波止, 長崎商高大波止, 喜々津シーサイドイオン東長崎・つつじが丘, 女の都イオン東長崎・市役所, 網場・春日車庫前大波止・ペンギン水族館, 女の都団地大波止, 西崎団地市役所, 中川町, ガーデンシティイオン東長崎・矢上；矢上団地, 長崎駅前矢上団地・矢上；イオン東長崎・大波止, つつじが丘日見公園前, 立神矢上団地・イオン東長崎；大波止・旭大橋, ガーデンシティ大波止・矢上団地, 立神矢上団地・長崎署, ガーデンシティ矢上団地, 長崎県庁前夢彩都, 江の浦矢上団地；ガーデンシティ・飯盛団地, 南高前矢上団地・矢上；イオン東長崎, 戸石イオン・矢上；矢上団地・ガーデンシティ, 長崎東高, 長崎東高ガーデンシティ・矢上団地, 南高前ガーデンシティ・矢上団地；矢上・イオン, 戸石矢上団地・ガーデンシティ, メディカルセンター矢上団地・矢上；イオン・中央橋"
妙相寺道,長崎自動車（株）,"100：ココウォーク茂里町行き, 200：中央橋・新地中華街行き, 80：長崎駅前-芒塚-日見・潮見町, 90：長崎駅前-芒塚-矢上方面, 南高スクール"
北安徳,島原鉄道（株）,"加津佐海水浴場前〜島原行, 島原〜藤原〜有家〜須川港行"
諏訪神社前,長崎県,"11循環西山台団地・三原団地；本原一丁目・大波止, 5循環西山台団地・三原団地；本原一丁目・市役所, 長崎駅前東高下・市役所, 長崎駅前東高下・大波止, 長崎駅前大波止, 浜平・立山東高下, 立神大波止, 長崎東高大波止・中央橋, 滑石団地中央橋・大波止・道の尾, 6循環市役所；三原団地・西山台団地, 12循環大波止；三原団地・西山台団地, 立神市役所, 浜平・立山市役所・東高下, 立神東高下・市役所, 浜平・立山大波止・東高下, 立神東高下・大波止, 神崎鼻口東高下・大波止, 女の都団地市役所, 長崎東高長崎署, 西山木場市役所, 西山木場ハートセンター・市役所, 長崎商高市役所, 浦上駅前中央橋・大波止, 浦上駅前長崎署, 長与駅西口西山バイパス；シーボルト校・まなび野, 長崎駅前まなび野団地；西山バイパス・大波止, 長崎県庁前夢彩都, 女の都長崎県庁前, 長崎東高, 長崎東高ガーデンシティ・矢上団地, 長崎東高旭大橋・長崎署, 長崎駅前長崎署, 6西山台団地市役所・三原団地, 12西山台団地大波止・三原団地, 女の都団地市役所・ハートセンター"
諏訪神社前,長崎自動車（株）,"6：長崎駅前-飽の浦-立神, 100：ココウォーク茂里町行き, 200：中央橋・新地中華街行き, 80：長崎駅前-芒塚-日見・潮見町, 90：長崎駅前-芒塚-矢上方面, 稲佐橋-長崎署前-中川町-早坂, 南高スクール, 70：長崎駅前-中川町-風頭山・田上"
悟真寺前,長崎自動車（株）,"5：大波止-長崎駅前-稲佐, 5：長崎駅前-稲佐, 10：長崎駅前-愛宕町-田上-三景台・茂木, 南高スクール, 70：長崎駅前-中川町-風頭山・田上"
長崎駅西口,長崎県,立神
長崎駅西口,長崎自動車（株）,"6：大波止-長崎駅前-飽の浦-立神, うみかぜ, 元気くん, ながさき観光ルートバス"
上曙,長崎自動車（株）,"5：大波止-長崎駅前-稲佐, 5：市役所-長崎駅前-稲佐, 5：長崎駅前-稲佐, 10：長崎駅前-愛宕町-田上-三景台・茂木, 50：長崎駅前-愛宕町-白木-風頭山・早坂・飯香の浦, 70：長崎駅前-中川町-風頭山・田上"
朝日小学校入口,長崎自動車（株）,"5：大波止-長崎駅前-稲佐, 5：市役所-長崎駅前-稲佐, 5：長崎駅前-稲佐, 10：長崎駅前-愛宕町-田上-三景台・茂木, 50：長崎駅前-愛宕町-白木-風頭山・早坂・飯香の浦, 70：長崎駅前-中川町-風頭山・田上"
諏訪神社前,長崎県,"長崎駅前矢上大橋・奥山・大波止, 唐比車庫奥山・矢上大橋, 長崎駅前年の神・大波止, メディカルセンター中央橋, 長崎駅前競技場北口・藤棚, 諫早・東厚生町藤棚・競技場北口, 諫早・東厚生町つつじが丘・西諫早ニュータウン, 長崎駅前矢上団地・大波止, 江の浦矢上団地, 長崎駅前西諫早ニュータウン・つつじが丘, 諫早駅前つつじが丘・西諫早ニュータウン, 田結東矢上団地, 長崎駅前大波止, 現川駅前高城台, 立神大波止・旭大橋, 長崎駅前高城台・市役所, 高城台, 臼の浦矢上団地, 長崎駅前矢上団地・市役所, 網場・春日車庫前ペンギン水族館, 長崎駅前矢上団地・イオン東長崎；市役所, 矢上団地, 長崎駅前市役所, 尾崎奥山・矢上大橋, 長崎駅前イオン東長崎・大波止, 長崎駅前つつじが丘・イオン東長崎, つつじが丘イオン東長崎, 立神大波止, 長崎商高大波止, 長崎駅前片淵三丁目・諏訪神社前；中央橋・夢彩都, 喜々津シーサイドイオン東長崎・つつじが丘, 女の都イオン東長崎・市役所, 雲仙【特急】, 長崎駅前【特急】, 網場・春日車庫前大波止・ペンギン水族館, 女の都団地大波止, 西崎団地市役所, ガーデンシティイオン東長崎・矢上；矢上団地, 長崎駅前矢上団地・矢上；イオン東長崎・大波止, つつじが丘日見公園前, 立神矢上団地・イオン東長崎；大波止・旭大橋, ガーデンシティ大波止・矢上団地, 立神矢上団地・長崎署, ガーデンシティ矢上団地, 長崎県庁前矢上大橋・夢彩都；網場道〜番所間不停車, 長崎県庁前夢彩都, 江の浦矢上団地；ガーデンシティ・飯盛団地, 風頭町長崎駅前, 風頭町夢彩都・歴史文化博物館, 風頭町夢彩都・長崎駅前, 戸石矢上団地・ガーデンシティ, メディカルセンター矢上団地・矢上；イオン・中央橋, 夢彩都歴史文化博物館・長崎駅前, 水源池跡夢彩都・中央橋；諏訪神社前・片淵三丁目, 夢彩都長崎駅前"
諏訪神社前バス停付近,愛宕交通（株）,乗り合いタクシー「矢の平・伊良林地区」
天満宮前,長崎県,"長崎駅前大波止, 網場・春日車庫前ペンギン水族館, 長崎駅前市役所, 立神大波止, 長崎商高大波止, 網場・春日車庫前大波止・ペンギン水族館, 女の都団地大波止, 西崎団地市役所, 西陵高校日見公園前・つつじが丘, 網場・春日車庫前つつじが丘・高城台；日見公園前, 西陵高校高城台・つつじが丘, 長崎県庁前夢彩都"
天満宮前,長崎自動車（株）,"100：ココウォーク茂里町行き, 200：中央橋・新地中華街行き, 80：長崎駅前-芒塚-日見・潮見町, 矢上-茂木-田上"
長崎駅前,長崎自動車（株）,"1：長崎駅前-住吉-西海-三重・大串, 1：長崎駅前-住吉-時津・溝川, 1：長崎駅前-住吉-滑石-桜の里方面, 1：長崎駅前-住吉-上横尾, 1：長崎駅前-住吉-榎の鼻-満永, 1：長崎駅前-住吉-榎の鼻-琴の尾登口, 1：長崎駅前-住吉-川平・恵の丘, 1：長崎駅前-住吉-女の都・緑ヶ丘団地, 1：長崎駅前-住吉方面, 2：長崎駅前-西町-虹が丘, 3：長崎駅前-城栄町/春木町-下大橋・小江原・式見, 4：長崎駅前-西城山-下大橋, 5：大波止-長崎駅前-稲佐, 5：市役所-長崎駅前-稲佐, 5：長崎駅前-稲佐, 6：長崎駅前-飽の浦-福田, 6：市役所-長崎駅前-飽の浦-立神, 6：大波止-長崎駅前-飽の浦-立神, 6：田上-大平橋-立神, 6：長崎駅前-飽の浦-立神, 6：長崎駅前-飽の浦-立神・福田, 7：稲佐橋行き, 8：長崎駅前-医学部前-下大橋・三川町, 9：長崎駅前-純心校前-恵の丘・女の都方面, 100：ココウォーク茂里町行き, 10：長崎駅前-愛宕町-田上-三景台・茂木, 10：長崎駅前-市役所-愛宕町-田上-三景台, 20：大波止・中央橋・長崎新地行き, 20：市役所・中央橋・長崎新地行き, 20：市役所・中央橋行き, 20：中央橋・長崎新地行き, 20：中央橋行き, 30：長崎駅前-戸町-香焼・三和・野母崎, 30：長崎駅前-二本松口-香焼・三和・野母崎, 40：長崎駅前-戸町/二本松口-ダイヤランド・柳営業所, 50：長崎駅前-愛宕町-白木-風頭山・早坂・飯香の浦, 60：長崎駅前-大平橋-田上・上戸町, 80：長崎駅前-芒塚-日見・潮見町, 90：長崎駅前-芒塚-矢上方面, 元気くん, 稲佐橋-長崎署前-中川町-早坂, 南高スクール, 北陽台高スクール, 明誠高スクール, 立山線, ながさき観光ルートバス, 70：長崎駅前-中川町-風頭山・田上"
長崎駅前,さいかい交通（株）・長崎自動車（株）,20：大波止・中央橋・長崎新地行き［長崎バス・さいかい交通］
番所,長崎県,"長崎駅前矢上大橋・奥山・大波止, 唐比車庫奥山・矢上大橋, 長崎駅前年の神・大波止, メディカルセンター中央橋, 長崎駅前競技場北口・藤棚, 諫早・東厚生町藤棚・競技場北口, 諫早・東厚生町つつじが丘・西諫早ニュータウン, 長崎駅前矢上団地・大波止, 江の浦矢上団地, 長崎駅前西諫早ニュータウン・つつじが丘, 諫早駅前つつじが丘・西諫早ニュータウン, 田結東矢上団地, 長崎駅前大波止, 現川駅前高城台, 立神大波止・旭大橋, 長崎駅前高城台・市役所, 高城台, 臼の浦矢上団地, 長崎駅前矢上団地・市役所, 網場・春日車庫前ペンギン水族館, 長崎駅前矢上団地・イオン東長崎；市役所, 矢上団地, 長崎駅前市役所, 尾崎奥山・矢上大橋, 長崎駅前イオン東長崎・大波止, 長崎駅前つつじが丘・イオン東長崎, つつじが丘イオン東長崎, 立神大波止, 長崎商高大波止, 喜々津シーサイドイオン東長崎・つつじが丘, 女の都イオン東長崎・市役所, 網場・春日車庫前大波止・ペンギン水族館, 女の都団地大波止, 西崎団地市役所, 中川町, ガーデンシティイオン東長崎・矢上；矢上団地, 長崎駅前矢上団地・矢上；イオン東長崎・大波止, つつじが丘日見公園前, 立神矢上団地・イオン東長崎；大波止・旭大橋, ガーデンシティ大波止・矢上団地, 立神矢上団地・長崎署, ガーデンシティ矢上団地, 長崎県庁前夢彩都, 江の浦矢上団地；ガーデンシティ・飯盛団地, 南高前矢上団地・矢上；イオン東長崎, 戸石イオン・矢上；矢上団地・ガーデンシティ, 長崎東高, 長崎東高ガーデンシティ・矢上団地, 南高前ガーデンシティ・矢上団地；矢上・イオン, 戸石矢上団地・ガーデンシティ, メディカルセンター矢上団地・矢上；イオン・中央橋"
番所,長崎自動車（株）,"100：ココウォーク茂里町行き, 200：中央橋・新地中華街行き, 80：長崎駅前-芒塚-日見・潮見町, 90：長崎駅前-芒塚-矢上方面, 南高スクール"
新大工町,長崎県,"長崎駅前矢上大橋・奥山・大波止, 唐比車庫奥山・矢上大橋, 長崎駅前年の神・大波止, メディカルセンター中央橋, 長崎駅前競技場北口・藤棚, 諫早・東厚生町藤棚・競技場北口, 諫早・東厚生町つつじが丘・西諫早ニュータウン, 長崎駅前矢上団地・大波止, 江の浦矢上団地, 長崎駅前西諫早ニュータウン・つつじが丘, 諫早駅前つつじが丘・西諫早ニュータウン, 田結東矢上団地, 長崎駅前大波止, 現川駅前高城台, 立神大波止・旭大橋, 長崎駅前高城台・市役所, 高城台, 臼の浦矢上団地, 長崎駅前矢上団地・市役所, 網場・春日車庫前ペンギン水族館, 長崎駅前矢上団地・イオン東長崎；市役所, 矢上団地, 長崎駅前市役所, 尾崎奥山・矢上大橋, 長崎駅前イオン東長崎・大波止, 長崎駅前つつじが丘・イオン東長崎, つつじが丘イオン東長崎, 立神大波止, 長崎商高大波止, 喜々津シーサイドイオン東長崎・つつじが丘, 女の都イオン東長崎・市役所, 網場・春日車庫前大波止・ペンギン水族館, 女の都団地大波止, 西崎団地市役所, ガーデンシティイオン東長崎・矢上；矢上団地, 長崎駅前矢上団地・矢上；イオン東長崎・大波止, つつじが丘日見公園前, 立神矢上団地・イオン東長崎；大波止・旭大橋, ガーデンシティ大波止・矢上団地, 立神矢上団地・長崎署, ガーデンシティ矢上団地, 長崎県庁前矢上大橋・夢彩都；網場道〜番所間不停車, 長崎県庁前夢彩都, 江の浦矢上団地；ガーデンシティ・飯盛団地, 風頭町長崎駅前, 風頭町夢彩都・歴史文化博物館, 風頭町夢彩都・長崎駅前, 長崎東高, 長崎東高ガーデンシティ・矢上団地, 戸石矢上団地・ガーデンシティ, メディカルセンター矢上団地・矢上；イオン・中央橋, 夢彩都歴史文化博物館・長崎駅前, 夢彩都長崎駅前"
新大工町,長崎自動車（株）,"6：長崎駅前-飽の浦-立神, 100：ココウォーク茂里町行き, 200：中央橋・新地中華街行き, 80：長崎駅前-芒塚-日見・潮見町, 90：長崎駅前-芒塚-矢上方面, 稲佐橋-長崎署前-中川町-早坂, 南高スクール, 70：長崎駅前-中川町-風頭山・田上"
新大工町,愛宕交通（株）,乗り合いタクシー「矢の平・伊良林地区」
中川町,長崎県,"長崎駅前矢上大橋・奥山・大波止, 唐比車庫奥山・矢上大橋, 長崎駅前年の神・大波止, メディカルセンター中央橋, 長崎駅前競技場北口・藤棚, 諫早・東厚生町藤棚・競技場北口, 諫早・東厚生町つつじが丘・西諫早ニュータウン, 長崎駅前矢上団地・大波止, 江の浦矢上団地, 長崎駅前西諫早ニュータウン・つつじが丘, 諫早駅前つつじが丘・西諫早ニュータウン, 田結東矢上団地, 長崎駅前大波止, 現川駅前高城台, 立神大波止・旭大橋, 長崎駅前高城台・市役所, 高城台, 臼の浦矢上団地, 長崎駅前矢上団地・市役所, 網場・春日車庫前ペンギン水族館, 長崎駅前矢上団地・イオン東長崎；市役所, 矢上団地, 長崎駅前市役所, 尾崎奥山・矢上大橋, 長崎駅前イオン東長崎・大波止, 長崎駅前つつじが丘・イオン東長崎, つつじが丘イオン東長崎, 立神大波止, 長崎商高大波止, 喜々津シーサイドイオン東長崎・つつじが丘, 女の都イオン東長崎・市役所, 網場・春日車庫前大波止・ペンギン水族館, 女の都団地大波止, 西崎団地市役所, 中川町, ガーデンシティイオン東長崎・矢上；矢上団地, 長崎駅前矢上団地・矢上；イオン東長崎・大波止, つつじが丘日見公園前, 立神矢上団地・イオン東長崎；大波止・旭大橋, ガーデンシティ大波止・矢上団地, 立神矢上団地・長崎署, ガーデンシティ矢上団地, 長崎県庁前矢上大橋・夢彩都；網場道〜番所間不停車, 長崎県庁前夢彩都, 江の浦矢上団地；ガーデンシティ・飯盛団地, 風頭町長崎駅前, 風頭町夢彩都・歴史文化博物館, 風頭町夢彩都・長崎駅前, 長崎東高, 長崎東高ガーデンシティ・矢上団地, 戸石矢上団地・ガーデンシティ, メディカルセンター矢上団地・矢上；イオン・中央橋, 夢彩都歴史文化博物館・長崎駅前, 夢彩都長崎駅前"
中川町,長崎自動車（株）,"6：長崎駅前-飽の浦-立神, 100：ココウォーク茂里町行き, 200：中央橋・新地中華街行き, 80：長崎駅前-芒塚-日見・潮見町, 90：長崎駅前-芒塚-矢上方面, 稲佐橋-長崎署前-中川町-早坂, 南高スクール, 70：長崎駅前-中川町-風頭山・田上"
歴史文化博物館,長崎県,"風頭町長崎駅前, 風頭町夢彩都・歴史文化博物館, 風頭町夢彩都・長崎駅前, 夢彩都歴史文化博物館・長崎駅前"
下山領,雲仙市タクシー事業組合,雲仙市乗合タクシー山領線
門内,島原鉄道（株）,島原〜雲仙〜小浜〜諫早行
山領,雲仙市タクシー事業組合,雲仙市乗合タクシー山領線
長崎駅前南口,長崎県,"11循環西山台団地・三原団地；本原一丁目・大波止, 唐比車庫奥山・矢上大橋, 中央橋長崎バイパス・大波止, 江の浦矢上団地, 臼の浦矢上団地, 網場・春日車庫前ペンギン水族館, 矢上団地, 尾崎奥山・矢上大橋, 浜平・立山東高下, 立神大波止, 長崎東高大波止・中央橋, 長崎商高大波止, 12循環大波止；三原団地・西山台団地, 浜平・立山大波止・東高下, 立神東高下・大波止, 網場・春日車庫前大波止・ペンギン水族館, 女の都団地大波止, ガーデンシティイオン東長崎・矢上；矢上団地, 女の都団地, ガーデンシティ矢上団地, 長与駅西口西山バイパス；シーボルト校・まなび野, 夢彩都歴史文化博物館・長崎駅前, 水源池跡夢彩都・中央橋；諏訪神社前・片淵三丁目, 夢彩都長崎駅前, 長崎東高旭大橋・長崎署, 12西山台団地大波止・三原団地, 西山台団地浦上駅前・本原一丁目, サニータウン大波止, 西崎団地大波止"
長崎駅前南口,長崎自動車（株）,"1：長崎駅前-住吉-西海-三重・大串, 1：長崎駅前-住吉-時津・溝川, 1：長崎駅前-住吉-滑石-桜の里方面, 1：長崎駅前-住吉-上横尾, 1：長崎駅前-住吉-榎の鼻-満永, 1：長崎駅前-住吉-榎の鼻-琴の尾登口, 1：長崎駅前-住吉-川平・恵の丘, 1：長崎駅前-住吉-女の都・緑ヶ丘団地, 1：長崎駅前-住吉方面, 3：長崎駅前-城栄町/春木町-下大橋・小江原・式見, 4：長崎駅前-西城山-下大橋, 5：大波止-長崎駅前-稲佐, 5：長崎駅前-稲佐, 6：長崎駅前-飽の浦-福田, 6：大波止-長崎駅前-飽の浦-立神, 6：長崎駅前-飽の浦-立神, 6：長崎駅前-飽の浦-立神・福田, 7：稲佐橋行き, 8：長崎駅前-医学部前-下大橋・三川町, 9：長崎駅前-純心校前-恵の丘・女の都方面, 100：ココウォーク茂里町行き, 10：長崎駅前-愛宕町-田上-三景台・茂木, 20：大波止・中央橋・長崎新地行き, 20：中央橋・長崎新地行き, 20：中央橋行き, 30：長崎駅前-戸町-香焼・三和・野母崎, 30：長崎駅前-二本松口-香焼・三和・野母崎, 40：長崎駅前-戸町/二本松口-ダイヤランド・柳営業所, 50：長崎駅前-愛宕町-白木-風頭山・早坂・飯香の浦, 60：長崎駅前-大平橋-田上・上戸町, 80：長崎駅前-芒塚-日見・潮見町, 90：長崎駅前-芒塚-矢上方面, 南高スクール, 70：長崎駅前-中川町-風頭山・田上"
長崎駅前南口,さいかい交通（株）・長崎自動車（株）,20：大波止・中央橋・長崎新地行き［長崎バス・さいかい交通］
長崎駅前東口,長崎県,"5循環西山台団地・三原団地；本原一丁目・市役所, 諫早・東厚生町藤棚・競技場北口, 諫早・東厚生町つつじが丘・西諫早ニュータウン, 江の浦矢上団地, 諫早駅前つつじが丘・西諫早ニュータウン, 田結東矢上団地, 現川駅前高城台, 高城台, 臼の浦矢上団地, 矢上団地, 中央橋本原一丁目・市役所, 中央橋市役所, 浜平・立山東高下, つつじが丘イオン東長崎, 喜々津シーサイドイオン東長崎・つつじが丘, 浜平・立山市役所・東高下, 中央橋市役所・中央公園前, 中央橋目覚町・中央公園前, 長崎東高長崎署, 西山木場市役所, 西山木場ハートセンター・市役所, ガーデンシティイオン東長崎・矢上；矢上団地, 風頭町長崎駅前, 風頭町夢彩都・歴史文化博物館, 風頭町夢彩都・長崎駅前, 長崎東高旭大橋・長崎署"
長崎駅前東口,長崎自動車（株）,"4：長崎駅前-西城山-下大橋, 10：長崎駅前-市役所-愛宕町-田上-三景台, 20：大波止・中央橋・長崎新地行き, 20：市役所・中央橋・長崎新地行き, 20：市役所・中央橋行き, 20：中央橋・長崎新地行き, 30：長崎駅前-戸町-香焼・三和・野母崎, 30：長崎駅前-二本松口-香焼・三和・野母崎, 40：長崎駅前-戸町/二本松口-ダイヤランド・柳営業所, 50：長崎駅前-愛宕町-白木-風頭山・早坂・飯香の浦, 60：長崎駅前-大平橋-田上・上戸町, 稲佐橋-長崎署前-中川町-早坂, 南高スクール, 立山線"
御手水（長崎）,長崎県,"長崎駅前年の神・大波止, メディカルセンター中央橋, 長崎駅前競技場北口・藤棚, 諫早・東厚生町藤棚・競技場北口, 諫早・東厚生町つつじが丘・西諫早ニュータウン, 長崎駅前矢上団地・大波止, 江の浦矢上団地, 長崎駅前西諫早ニュータウン・つつじが丘, 諫早駅前つつじが丘・西諫早ニュータウン, 田結東矢上団地, 長崎駅前大波止, 現川駅前高城台, 立神大波止・旭大橋, 長崎駅前高城台・市役所, 高城台, 臼の浦矢上団地, 長崎駅前矢上団地・市役所, 網場・春日車庫前ペンギン水族館, 矢上団地, 長崎駅前市役所, 長崎駅前イオン東長崎・大波止, 長崎駅前つつじが丘・イオン東長崎, つつじが丘イオン東長崎, 立神大波止, 長崎商高大波止, 喜々津シーサイドイオン東長崎・つつじが丘, 女の都イオン東長崎・市役所, 網場・春日車庫前大波止・ペンギン水族館, 女の都団地大波止, 西崎団地市役所, 中川町, ガーデンシティイオン東長崎・矢上；矢上団地, 長崎駅前矢上団地・矢上；イオン東長崎・大波止, つつじが丘日見公園前, 立神矢上団地・イオン東長崎；大波止・旭大橋, ガーデンシティ大波止・矢上団地, 立神矢上団地・長崎署, ガーデンシティ矢上団地, 長崎県庁前夢彩都, 江の浦矢上団地；ガーデンシティ・飯盛団地, 南高前矢上団地・矢上；イオン東長崎, 戸石イオン・矢上；矢上団地・ガーデンシティ, 長崎東高, 長崎東高ガーデンシティ・矢上団地, 南高前ガーデンシティ・矢上団地；矢上・イオン, 戸石矢上団地・ガーデンシティ, メディカルセンター矢上団地・矢上；イオン・中央橋"
御手水,長崎自動車（株）,"100：ココウォーク茂里町行き, 200：中央橋・新地中華街行き, 80：長崎駅前-芒塚-日見・潮見町, 90：長崎駅前-芒塚-矢上方面, 南高スクール"
桜町公園前,長崎県,"5循環西山台団地・三原団地；本原一丁目・市役所, 諫早・東厚生町藤棚・競技場北口, 諫早・東厚生町つつじが丘・西諫早ニュータウン, 江の浦矢上団地, 諫早駅前つつじが丘・西諫早ニュータウン, 田結東矢上団地, 現川駅前高城台, 高城台, 臼の浦矢上団地, 矢上団地, 中央橋本原一丁目・市役所, 中央橋市役所, 浜平・立山東高下, つつじが丘イオン東長崎, 喜々津シーサイドイオン東長崎・つつじが丘, 浜平・立山市役所・東高下, 中央橋市役所・中央公園前, 中央橋目覚町・中央公園前, 西山木場市役所, 西山木場ハートセンター・市役所, ガーデンシティイオン東長崎・矢上；矢上団地, 風頭町長崎駅前, 風頭町夢彩都・歴史文化博物館, 風頭町夢彩都・長崎駅前"
桜町公園前,長崎自動車（株）,"4：長崎駅前-西城山-下大橋, 10：長崎駅前-市役所-愛宕町-田上-三景台, 20：大波止・中央橋・長崎新地行き, 20：市役所・中央橋・長崎新地行き, 20：市役所・中央橋行き, 20：中央橋・長崎新地行き, 30：長崎駅前-戸町-香焼・三和・野母崎, 30：長崎駅前-二本松口-香焼・三和・野母崎, 40：長崎駅前-戸町/二本松口-ダイヤランド・柳営業所, 50：長崎駅前-愛宕町-白木-風頭山・早坂・飯香の浦, 60：長崎駅前-大平橋-田上・上戸町, 立山線"
旭町,長崎県,"立神, 立神大波止, 立神市役所, 浜平・立山市役所・東高下, 立神東高下・市役所, 浜平・立山大波止・東高下, 立神東高下・大波止, 立神西山台団地・本原一丁目, 女の都入口, 立神矢上団地・長崎署"
旭町,長崎自動車（株）,"6：長崎駅前-飽の浦-福田, 6：市役所-長崎駅前-飽の浦-立神, 6：大波止-長崎駅前-飽の浦-立神, 6：田上-大平橋-立神, 6：長崎駅前-飽の浦-立神, 6：長崎駅前-飽の浦-立神・福田, 10：長崎駅前-愛宕町-田上-三景台・茂木, 20：市役所・中央橋行き, 20：中央橋・長崎新地行き, 40：長崎駅前-戸町/二本松口-ダイヤランド・柳営業所, 50：長崎駅前-愛宕町-白木-風頭山・早坂・飯香の浦, 60：長崎駅前-大平橋-田上・上戸町, 長商高スクール, 福田-銭座町-北部方面, 福田-飽の浦-城栄町, 立神-下大橋-北部方面, 立神-銭座町-北部方面, 70：長崎駅前-中川町-風頭山・田上"
山領口,島原鉄道（株）,"島原〜雲仙〜小浜〜諫早行, 口之津〜小浜〜諫早行, 有家〜小浜・小浜高〜諫早行, 小浜〜諫早行"
桜町,長崎県,"5循環西山台団地・三原団地；本原一丁目・市役所, 長崎駅前競技場北口・藤棚, 諫早・東厚生町藤棚・競技場北口, 諫早・東厚生町つつじが丘・西諫早ニュータウン, 長崎駅前東高下・市役所, 江の浦矢上団地, 長崎駅前西諫早ニュータウン・つつじが丘, 諫早駅前つつじが丘・西諫早ニュータウン, 田結東矢上団地, 現川駅前高城台, 長崎駅前高城台・市役所, 高城台, 臼の浦矢上団地, 長崎駅前矢上団地・市役所, 長崎駅前矢上団地・イオン東長崎；市役所, 矢上団地, 長崎駅前市役所, 中央橋本原一丁目・市役所, 中央橋市役所, 浜平・立山東高下, つつじが丘イオン東長崎, 6循環市役所；三原団地・西山台団地, 喜々津シーサイドイオン東長崎・つつじが丘, 立神市役所, 浜平・立山市役所・東高下, 立神東高下・市役所, 女の都団地市役所, 中央橋市役所・中央公園前, 女の都イオン東長崎・市役所, サニータウン市役所, 立山目覚町, 中央橋目覚町・中央公園前, 長崎東高目覚町, 西崎団地市役所, 長崎東高長崎署, 西山木場市役所, 西山木場ハートセンター・市役所, ガーデンシティイオン東長崎・矢上；矢上団地, 長崎商高市役所, 立神矢上団地・長崎署, 浦上駅前長崎署, 風頭町長崎駅前, 風頭町夢彩都・歴史文化博物館, 風頭町夢彩都・長崎駅前, 夢彩都歴史文化博物館・長崎駅前, 夢彩都長崎駅前, 長崎東高旭大橋・長崎署, 長崎駅前長崎署, 6西山台団地市役所・三原団地, 女の都団地市役所・ハートセンター"
桜町,長崎自動車（株）,"1：長崎駅前-住吉-滑石-桜の里方面, 1：長崎駅前-住吉-上横尾, 1：長崎駅前-住吉-川平・恵の丘, 1：長崎駅前-住吉-女の都・緑ヶ丘団地, 1：長崎駅前-住吉方面, 2：長崎駅前-西町-虹が丘, 3：長崎駅前-城栄町/春木町-下大橋・小江原・式見, 4：長崎駅前-西城山-下大橋, 5：市役所-長崎駅前-稲佐, 6：市役所-長崎駅前-飽の浦-立神, 6：田上-大平橋-立神, 6：旭大橋-飽の浦-立神, 8：長崎駅前-医学部前-下大橋・三川町, 9：長崎駅前-純心校前-恵の丘・女の都方面, 100：ココウォーク茂里町行き, 10：長崎駅前-市役所-愛宕町-田上-三景台, 20：大波止・中央橋・長崎新地行き, 20：市役所・中央橋・長崎新地行き, 20：市役所・中央橋行き, 20：中央橋・長崎新地行き, 30：長崎駅前-戸町-香焼・三和・野母崎, 30：長崎駅前-二本松口-香焼・三和・野母崎, 40：長崎駅前-戸町/二本松口-ダイヤランド・柳営業所, 50：長崎駅前-愛宕町-白木-風頭山・早坂・飯香の浦, 60：長崎駅前-大平橋-田上・上戸町, 稲佐橋-長崎署前-中川町-早坂, 南高スクール, 立山線"
長崎県庁前,長崎県,"長崎県庁前矢上大橋・夢彩都；網場道〜番所間不停車, 長崎県庁前夢彩都, 女の都長崎県庁前, 中央橋長崎県庁前"
長崎県庁前,長崎自動車（株）,"1：長崎駅前-住吉-滑石-桜の里方面, 20：市役所・中央橋行き, うみかぜ, 元気くん, ながさき観光ルートバス"
古賀の川,雲仙市タクシー事業組合,雲仙市乗合タクシー上岳線
安徳,島原鉄道（株）,"加津佐海水浴場前〜島原行, 島原〜藤原〜有家〜須川港行"
蛍茶屋,長崎県,"長崎駅前矢上大橋・奥山・大波止, 唐比車庫奥山・矢上大橋, 長崎駅前年の神・大波止, メディカルセンター中央橋, 長崎駅前競技場北口・藤棚, 諫早・東厚生町藤棚・競技場北口, 諫早・東厚生町つつじが丘・西諫早ニュータウン, 長崎駅前矢上団地・大波止, 江の浦矢上団地, 長崎駅前西諫早ニュータウン・つつじが丘, 諫早駅前つつじが丘・西諫早ニュータウン, 田結東矢上団地, 長崎駅前大波止, 現川駅前高城台, 立神大波止・旭大橋, 長崎駅前高城台・市役所, 高城台, 臼の浦矢上団地, 長崎駅前矢上団地・市役所, 網場・春日車庫前ペンギン水族館, 長崎駅前矢上団地・イオン東長崎；市役所, 矢上団地, 長崎駅前市役所, 尾崎奥山・矢上大橋, 長崎駅前イオン東長崎・大波止, 長崎駅前つつじが丘・イオン東長崎, つつじが丘イオン東長崎, 立神大波止, 長崎商高大波止, 喜々津シーサイドイオン東長崎・つつじが丘, 女の都イオン東長崎・市役所, 雲仙【特急】, 長崎駅前【特急】, 網場・春日車庫前大波止・ペンギン水族館, 女の都団地大波止, 西崎団地市役所, 中川町, ガーデンシティイオン東長崎・矢上；矢上団地, 長崎駅前矢上団地・矢上；イオン東長崎・大波止, つつじが丘日見公園前, 立神矢上団地・イオン東長崎；大波止・旭大橋, ガーデンシティ大波止・矢上団地, 立神矢上団地・長崎署, ガーデンシティ矢上団地, 長崎県庁前矢上大橋・夢彩都；網場道〜番所間不停車, 長崎県庁前夢彩都, 江の浦矢上団地；ガーデンシティ・飯盛団地, 戸石イオン・矢上；矢上団地・ガーデンシティ, 長崎東高, 長崎東高ガーデンシティ・矢上団地, 戸石矢上団地・ガーデンシティ, メディカルセンター矢上団地・矢上；イオン・中央橋, 夢彩都歴史文化博物館・長崎駅前, 夢彩都長崎駅前"
蛍茶屋,長崎自動車（株）,"6：長崎駅前-飽の浦-立神, 100：ココウォーク茂里町行き, 200：中央橋・新地中華街行き, 80：長崎駅前-芒塚-日見・潮見町, 90：長崎駅前-芒塚-矢上方面, 南高スクール"
蛍茶屋,愛宕交通（株）,乗り合いタクシー「矢の平・伊良林地区」
丸尾中学校入口,長崎自動車（株）,"5：大波止-長崎駅前-稲佐, 5：市役所-長崎駅前-稲佐, 5：長崎駅前-稲佐, 10：長崎駅前-愛宕町-田上-三景台・茂木"
市役所前（長崎）,長崎県,"5循環西山台団地・三原団地；本原一丁目・市役所, 長崎駅前競技場北口・藤棚, 諫早・東厚生町藤棚・競技場北口, 諫早・東厚生町つつじが丘・西諫早ニュータウン, 長崎駅前東高下・市役所, 江の浦矢上団地, 長崎駅前西諫早ニュータウン・つつじが丘, 諫早駅前つつじが丘・西諫早ニュータウン, 田結東矢上団地, 現川駅前高城台, 長崎駅前高城台・市役所, 高城台, 臼の浦矢上団地, 長崎駅前矢上団地・市役所, 長崎駅前矢上団地・イオン東長崎；市役所, 矢上団地, 長崎駅前市役所, 中央橋本原一丁目・市役所, 中央橋市役所, 浜平・立山東高下, つつじが丘イオン東長崎, 6循環市役所；三原団地・西山台団地, 喜々津シーサイドイオン東長崎・つつじが丘, 立神市役所, 浜平・立山市役所・東高下, 立神東高下・市役所, 女の都団地市役所, 中央橋市役所・中央公園前, 女の都イオン東長崎・市役所, サニータウン市役所, 立山目覚町, 中央橋目覚町・中央公園前, 長崎東高目覚町, 西崎団地市役所, 西山木場市役所, 西山木場ハートセンター・市役所, ガーデンシティイオン東長崎・矢上；矢上団地, 長崎商高市役所, 6西山台団地市役所・三原団地, 女の都団地市役所・ハートセンター"
市役所前,長崎自動車（株）,"1：長崎駅前-住吉-滑石-桜の里方面, 1：長崎駅前-住吉-上横尾, 1：長崎駅前-住吉-川平・恵の丘, 1：長崎駅前-住吉-女の都・緑ヶ丘団地, 1：長崎駅前-住吉方面, 2：長崎駅前-西町-虹が丘, 3：長崎駅前-城栄町/春木町-下大橋・小江原・式見, 4：長崎駅前-西城山-下大橋, 5：市役所-長崎駅前-稲佐, 6：市役所-長崎駅前-飽の浦-立神, 6：田上-大平橋-立神, 6：旭大橋-飽の浦-立神, 8：長崎駅前-医学部前-下大橋・三川町, 9：長崎駅前-純心校前-恵の丘・女の都方面, 100：ココウォーク茂里町行き, 10：長崎駅前-市役所-愛宕町-田上-三景台, 20：大波止・中央橋・長崎新地行き, 20：市役所・中央橋・長崎新地行き, 20：市役所・中央橋行き, 20：中央橋・長崎新地行き, 30：長崎駅前-戸町-香焼・三和・野母崎, 30：長崎駅前-二本松口-香焼・三和・野母崎, 40：長崎駅前-戸町/二本松口-ダイヤランド・柳営業所, 50：長崎駅前-愛宕町-白木-風頭山・早坂・飯香の浦, 60：長崎駅前-大平橋-田上・上戸町, 長崎新地-川平BP-時津・長与・畝刈方面, 長崎新地-川平BP-時津方面, 立山線, プレミアムライナー"
五島町,長崎県,"11循環西山台団地・三原団地；本原一丁目・大波止, 長崎駅前矢上大橋・奥山・大波止, 唐比車庫奥山・矢上大橋, 中央橋長崎バイパス・大波止, 長崎駅前年の神・大波止, 長崎駅前東高下・大波止, 長崎駅前矢上団地・大波止, 江の浦矢上団地, 長崎駅前大波止, 立神大波止・旭大橋, 臼の浦矢上団地, 網場・春日車庫前ペンギン水族館, 矢上団地, 尾崎奥山・矢上大橋, 長崎駅前イオン東長崎・大波止, 長崎駅前つつじが丘・イオン東長崎, 長崎空港【リムジン】出島道路経由；長崎市内乗車のみ, 茂里町【リムジン】長崎駅前・出島道路経由, 浜平・立山東高下, 立神大波止, 長崎東高大波止・中央橋, 滑石団地中央橋・大波止・道の尾, 長崎商高大波止, 長崎駅前片淵三丁目・諏訪神社前；中央橋・夢彩都, 12循環大波止；三原団地・西山台団地, 浜平・立山大波止・東高下, 立神東高下・大波止, 神崎鼻口東高下・大波止, 網場・春日車庫前大波止・ペンギン水族館, 女の都団地大波止, ガーデンシティイオン東長崎・矢上；矢上団地, 長崎駅前矢上団地・矢上；イオン東長崎・大波止, 立神矢上団地・イオン東長崎；大波止・旭大橋, ガーデンシティ大波止・矢上団地, ガーデンシティ矢上団地, 浦上駅前中央橋・大波止, 長与駅西口西山バイパス；シーボルト校・まなび野, 長崎駅前まなび野団地；西山バイパス・大波止, 風頭町長崎駅前, 風頭町夢彩都・歴史文化博物館, 風頭町夢彩都・長崎駅前, 夢彩都歴史文化博物館・長崎駅前, 水源池跡夢彩都・中央橋；諏訪神社前・片淵三丁目, 夢彩都長崎駅前, 久山台ニュータウン大波止・長崎バイパス, 12西山台団地大波止・三原団地, サニータウン大波止, 西崎団地大波止"
五島町,長崎自動車（株）,"1：長崎駅前-住吉-西海-三重・大串, 1：長崎駅前-住吉-時津・溝川, 1：長崎駅前-住吉-滑石-桜の里方面, 1：長崎駅前-住吉-上横尾, 1：長崎駅前-住吉-榎の鼻-満永, 1：長崎駅前-住吉-榎の鼻-琴の尾登口, 1：長崎駅前-住吉-川平・恵の丘, 1：長崎駅前-住吉-女の都・緑ヶ丘団地, 1：長崎駅前-住吉方面, 3：長崎駅前-城栄町/春木町-下大橋・小江原・式見, 4：長崎駅前-西城山-下大橋, 5：大波止-長崎駅前-稲佐, 5：長崎駅前-稲佐, 6：長崎駅前-飽の浦-福田, 6：大波止-長崎駅前-飽の浦-立神, 6：長崎駅前-飽の浦-立神, 6：長崎駅前-飽の浦-立神・福田, 7：稲佐橋行き, 8：長崎駅前-医学部前-下大橋・三川町, 9：長崎駅前-純心校前-恵の丘・女の都方面, 100：ココウォーク茂里町行き, 10：長崎駅前-愛宕町-田上-三景台・茂木, 20：大波止・中央橋・長崎新地行き, 20：中央橋・長崎新地行き, 20：中央橋行き, 30：長崎駅前-戸町-香焼・三和・野母崎, 30：長崎駅前-二本松口-香焼・三和・野母崎, 40：長崎駅前-戸町/二本松口-ダイヤランド・柳営業所, 50：長崎駅前-愛宕町-白木-風頭山・早坂・飯香の浦, 60：長崎駅前-大平橋-田上・上戸町, 80：長崎駅前-芒塚-日見・潮見町, 90：長崎駅前-芒塚-矢上方面, 南高スクール, 70：長崎駅前-中川町-風頭山・田上"
五島町,さいかい交通（株）・長崎自動車（株）,20：大波止・中央橋・長崎新地行き［長崎バス・さいかい交通］
小崎（網場）,長崎県,"長崎駅前大波止, 網場・春日車庫前ペンギン水族館, 長崎駅前市役所, 立神大波止, 長崎商高大波止, 網場・春日車庫前大波止・ペンギン水族館, 女の都団地大波止, 西崎団地市役所, 西陵高校日見公園前・つつじが丘, 網場・春日車庫前つつじが丘・高城台；日見公園前, 西陵高校高城台・つつじが丘, 長崎県庁前夢彩都"
小崎（網場）,長崎自動車（株）,"100：ココウォーク茂里町行き, 200：中央橋・新地中華街行き, 80：長崎駅前-芒塚-日見・潮見町, 矢上-茂木-田上"
市民会館,長崎県,"11循環西山台団地・三原団地；本原一丁目・大波止, 5循環西山台団地・三原団地；本原一丁目・市役所, 長崎駅前矢上大橋・奥山・大波止, 唐比車庫奥山・矢上大橋, 長崎駅前年の神・大波止, メディカルセンター中央橋, 長崎駅前競技場北口・藤棚, 諫早・東厚生町藤棚・競技場北口, 諫早・東厚生町つつじが丘・西諫早ニュータウン, 長崎駅前東高下・市役所, 長崎駅前東高下・大波止, 長崎駅前矢上団地・大波止, 江の浦矢上団地, 長崎駅前西諫早ニュータウン・つつじが丘, 諫早駅前つつじが丘・西諫早ニュータウン, 田結東矢上団地, 長崎駅前大波止, 現川駅前高城台, 立神大波止・旭大橋, 長崎駅前高城台・市役所, 高城台, 臼の浦矢上団地, 長崎駅前矢上団地・市役所, 網場・春日車庫前ペンギン水族館, 長崎駅前矢上団地・イオン東長崎；市役所, 矢上団地, 長崎駅前市役所, 尾崎奥山・矢上大橋, 長崎駅前イオン東長崎・大波止, 長崎駅前つつじが丘・イオン東長崎, 浜平・立山東高下, つつじが丘イオン東長崎, 立神大波止, 長崎東高大波止・中央橋, 滑石団地中央橋・大波止・道の尾, 長崎商高大波止, 長崎駅前片淵三丁目・諏訪神社前；中央橋・夢彩都, 6循環市役所；三原団地・西山台団地, 喜々津シーサイドイオン東長崎・つつじが丘, 12循環大波止；三原団地・西山台団地, 立神市役所, 浜平・立山市役所・東高下, 立神東高下・市役所, 浜平・立山大波止・東高下, 立神東高下・大波止, 神崎鼻口東高下・大波止, 女の都団地市役所, 女の都イオン東長崎・市役所, 網場・春日車庫前大波止・ペンギン水族館, 女の都団地大波止, 西崎団地市役所, 西山木場市役所, 西山木場ハートセンター・市役所, ガーデンシティイオン東長崎・矢上；矢上団地, 長崎商高市役所, 長崎駅前矢上団地・矢上；イオン東長崎・大波止, 立神矢上団地・イオン東長崎；大波止・旭大橋, ガーデンシティ大波止・矢上団地, ガーデンシティ矢上団地, 浦上駅前中央橋・大波止, 長与駅西口西山バイパス；シーボルト校・まなび野, 長崎駅前まなび野団地；西山バイパス・大波止, 長崎県庁前矢上大橋・夢彩都；網場道〜番所間不停車, 長崎県庁前夢彩都, 女の都長崎県庁前, 長崎東高, メディカルセンター矢上団地・矢上；イオン・中央橋, 水源池跡夢彩都・中央橋；諏訪神社前・片淵三丁目, 6西山台団地市役所・三原団地, 12西山台団地大波止・三原団地, 女の都団地市役所・ハートセンター"
市民会館,長崎自動車（株）,"6：長崎駅前-飽の浦-立神, 100：ココウォーク茂里町行き, 200：中央橋・新地中華街行き, 80：長崎駅前-芒塚-日見・潮見町, 90：長崎駅前-芒塚-矢上方面, 稲佐橋-長崎署前-中川町-早坂, 南高スクール, 70：長崎駅前-中川町-風頭山・田上"
ゴルフ場入口,長崎自動車（株）,"6：長崎駅前-飽の浦-福田, 20：中央橋・長崎新地行き, 福田-銭座町-北部方面, 福田-飽の浦-城栄町"
WACセンター,長崎自動車（株）,"5：大波止-長崎駅前-稲佐, 5：市役所-長崎駅前-稲佐, 5：長崎駅前-稲佐, 10：長崎駅前-愛宕町-田上-三景台・茂木"
水の浦高部,長崎自動車（株）,"5：大波止-長崎駅前-稲佐, 5：市役所-長崎駅前-稲佐, 5：長崎駅前-稲佐, 10：長崎駅前-愛宕町-田上-三景台・茂木"
シンフォニー稲佐の森,長崎自動車（株）,"5：大波止-長崎駅前-稲佐, 5：市役所-長崎駅前-稲佐, 5：長崎駅前-稲佐, 10：長崎駅前-愛宕町-田上-三景台・茂木"
旭町桟橋前,長崎県,"立神大波止・旭大橋, 立神, 立神大波止, 立神市役所, 浜平・立山市役所・東高下, 立神東高下・市役所, 浜平・立山大波止・東高下, 立神東高下・大波止, 神崎鼻口東高下・大波止, 立神西山台団地・本原一丁目, 女の都入口, 女の都団地, 立神矢上団地・イオン東長崎；大波止・旭大橋, ガーデンシティ大波止・矢上団地, 立神矢上団地・長崎署, 長崎東高旭大橋・長崎署, 西山台団地浦上駅前・本原一丁目"
旭町桟橋前,長崎自動車（株）,"6：長崎駅前-飽の浦-福田, 6：市役所-長崎駅前-飽の浦-立神, 6：大波止-長崎駅前-飽の浦-立神, 6：田上-大平橋-立神, 6：長崎駅前-飽の浦-立神, 6：旭大橋-大迫, 6：長崎駅前-飽の浦-立神・福田, 6：旭大橋-飽の浦-立神, 10：長崎駅前-愛宕町-田上-三景台・茂木, 20：市役所・中央橋行き, 20：中央橋・長崎新地行き, 40：長崎駅前-戸町/二本松口-ダイヤランド・柳営業所, 50：長崎駅前-愛宕町-白木-風頭山・早坂・飯香の浦, 60：長崎駅前-大平橋-田上・上戸町, 長商高スクール, 福田-銭座町-北部方面, 福田-飽の浦-城栄町, 立神-下大橋-北部方面, 立神-銭座町-北部方面, 70：長崎駅前-中川町-風頭山・田上"
矢の平1丁目,愛宕交通（株）,乗り合いタクシー「矢の平・伊良林地区」
矢の平一丁目,長崎県,"風頭町長崎駅前, 風頭町夢彩都・歴史文化博物館, 風頭町夢彩都・長崎駅前, 南高前矢上団地・矢上；イオン東長崎, 戸石イオン・矢上；矢上団地・ガーデンシティ, 南高前ガーデンシティ・矢上団地；矢上・イオン, 夢彩都歴史文化博物館・長崎駅前, 夢彩都長崎駅前"
矢の平一丁目,長崎自動車（株）,"6：長崎駅前-飽の浦-立神, 稲佐橋-長崎署前-中川町-早坂, 南高スクール, 70：長崎駅前-中川町-風頭山・田上"
選果場前,雲仙市タクシー事業組合,雲仙市乗合タクシー上岳線
小浜高校前,島原鉄道（株）,"島原〜雲仙〜小浜〜諫早行, 口之津〜小浜〜諫早行, 有家〜小浜・小浜高〜諫早行, 小浜〜諫早行"
小浜高校前,雲仙市タクシー事業組合,雲仙市乗合タクシー山領線
興善町,長崎県,"5循環西山台団地・三原団地；本原一丁目・市役所, 長崎駅前競技場北口・藤棚, 諫早・東厚生町藤棚・競技場北口, 諫早・東厚生町つつじが丘・西諫早ニュータウン, 長崎駅前東高下・市役所, 江の浦矢上団地, 長崎駅前西諫早ニュータウン・つつじが丘, 諫早駅前つつじが丘・西諫早ニュータウン, 田結東矢上団地, 現川駅前高城台, 長崎駅前高城台・市役所, 高城台, 臼の浦矢上団地, 長崎駅前矢上団地・市役所, 長崎駅前矢上団地・イオン東長崎；市役所, 矢上団地, 長崎駅前市役所, 中央橋本原一丁目・市役所, 中央橋市役所, 浜平・立山東高下, つつじが丘イオン東長崎, 6循環市役所；三原団地・西山台団地, 喜々津シーサイドイオン東長崎・つつじが丘, 立神市役所, 浜平・立山市役所・東高下, 立神東高下・市役所, 女の都団地市役所, 中央橋市役所・中央公園前, 女の都イオン東長崎・市役所, サニータウン市役所, 立山目覚町, 中央橋目覚町・中央公園前, 長崎東高目覚町, 西崎団地市役所, 西山木場市役所, 西山木場ハートセンター・市役所, ガーデンシティイオン東長崎・矢上；矢上団地, 長崎商高市役所, 6西山台団地市役所・三原団地, 女の都団地市役所・ハートセンター"
興善町,長崎自動車（株）,"1：長崎駅前-住吉-滑石-桜の里方面, 1：長崎駅前-住吉-上横尾, 1：長崎駅前-住吉-川平・恵の丘, 1：長崎駅前-住吉-女の都・緑ヶ丘団地, 1：長崎駅前-住吉方面, 2：長崎駅前-西町-虹が丘, 3：長崎駅前-城栄町/春木町-下大橋・小江原・式見, 4：長崎駅前-西城山-下大橋, 5：市役所-長崎駅前-稲佐, 6：市役所-長崎駅前-飽の浦-立神, 6：田上-大平橋-立神, 6：旭大橋-飽の浦-立神, 8：長崎駅前-医学部前-下大橋・三川町, 9：長崎駅前-純心校前-恵の丘・女の都方面, 100：ココウォーク茂里町行き, 10：長崎駅前-市役所-愛宕町-田上-三景台, 20：大波止・中央橋・長崎新地行き, 20：市役所・中央橋・長崎新地行き, 20：市役所・中央橋行き, 20：中央橋・長崎新地行き, 30：長崎駅前-戸町-香焼・三和・野母崎, 30：長崎駅前-二本松口-香焼・三和・野母崎, 40：長崎駅前-戸町/二本松口-ダイヤランド・柳営業所, 50：長崎駅前-愛宕町-白木-風頭山・早坂・飯香の浦, 60：長崎駅前-大平橋-田上・上戸町, 長崎新地-川平BP-時津・長与・畝刈方面, 長崎新地-川平BP-時津方面, 立山線"
大谷町高部,長崎自動車（株）,"5：大波止-長崎駅前-稲佐, 5：市役所-長崎駅前-稲佐, 5：長崎駅前-稲佐, 10：長崎駅前-愛宕町-田上-三景台・茂木"
矢羽根グランドハイム前,愛宕交通（株）,乗り合いタクシー「矢の平・伊良林地区」
佐久間商店前,愛宕交通（株）,乗り合いタクシー「矢の平・伊良林地区」
鶴舞苑,長崎自動車（株）,"5：大波止-長崎駅前-稲佐, 5：市役所-長崎駅前-稲佐, 5：長崎駅前-稲佐, 10：長崎駅前-愛宕町-田上-三景台・茂木"
小浦,長崎自動車（株）,"6：長崎駅前-飽の浦-福田, 20：中央橋・長崎新地行き, 福田-銭座町-北部方面, 福田-飽の浦-城栄町, 福田-大曲-立神"
夢彩都,長崎県,"長崎駅前片淵三丁目・諏訪神社前；中央橋・夢彩都, 長崎県庁前矢上大橋・夢彩都；網場道〜番所間不停車, 長崎県庁前夢彩都, 女の都長崎県庁前, 中央橋長崎県庁前, 風頭町長崎駅前, 風頭町夢彩都・歴史文化博物館, 風頭町夢彩都・長崎駅前, 夢彩都歴史文化博物館・長崎駅前, 水源池跡夢彩都・中央橋；諏訪神社前・片淵三丁目, 夢彩都長崎駅前"
夢彩都,長崎自動車（株）,"1：長崎駅前-住吉-滑石-桜の里方面, 20：市役所・中央橋行き, うみかぜ"
電機前,長崎県,"立神大波止・旭大橋, 立神, 立神大波止, 立神市役所, 浜平・立山市役所・東高下, 立神東高下・市役所, 浜平・立山大波止・東高下, 立神東高下・大波止, 神崎鼻口東高下・大波止, 立神西山台団地・本原一丁目, 女の都入口, 女の都団地, 立神矢上団地・イオン東長崎；大波止・旭大橋, ガーデンシティ大波止・矢上団地, 立神矢上団地・長崎署, 長崎東高旭大橋・長崎署, 西山台団地浦上駅前・本原一丁目"
電機前,長崎自動車（株）,"6：長崎駅前-飽の浦-福田, 6：市役所-長崎駅前-飽の浦-立神, 6：大波止-長崎駅前-飽の浦-立神, 6：田上-大平橋-立神, 6：長崎駅前-飽の浦-立神, 6：旭大橋-大迫, 6：長崎駅前-飽の浦-立神・福田, 6：旭大橋-飽の浦-立神, 10：長崎駅前-愛宕町-田上-三景台・茂木, 20：市役所・中央橋行き, 20：中央橋・長崎新地行き, 40：長崎駅前-戸町/二本松口-ダイヤランド・柳営業所, 50：長崎駅前-愛宕町-白木-風頭山・早坂・飯香の浦, 60：長崎駅前-大平橋-田上・上戸町, 長商高スクール, 福田-銭座町-北部方面, 福田-飽の浦-城栄町, 立神-下大橋-北部方面, 立神-銭座町-北部方面, 70：長崎駅前-中川町-風頭山・田上"
中浦,長崎自動車（株）,"6：長崎駅前-飽の浦-福田, 20：中央橋・長崎新地行き, 福田-銭座町-北部方面, 福田-飽の浦-城栄町, 福田-大曲-立神"
尾上,長崎県,"長崎駅前大波止, 網場・春日車庫前ペンギン水族館, 長崎駅前市役所, 立神大波止, 長崎商高大波止, 網場・春日車庫前大波止・ペンギン水族館, 女の都団地大波止, 西崎団地市役所, 西陵高校日見公園前・つつじが丘, 網場・春日車庫前つつじが丘・高城台；日見公園前, 西陵高校高城台・つつじが丘, 長崎県庁前夢彩都"
尾上,長崎自動車（株）,"100：ココウォーク茂里町行き, 200：中央橋・新地中華街行き, 80：長崎駅前-芒塚-日見・潮見町, 矢上-茂木-田上"
中央公園前,長崎県,"中央橋市役所・中央公園前, 中央橋目覚町・中央公園前"
めがね橋,長崎自動車（株）,"6：田上-大平橋-立神, 6：長崎駅前-飽の浦-立神, 100：ココウォーク茂里町行き, 200：中央橋・新地中華街行き, 20：市役所・中央橋行き, 20：中央橋・長崎新地行き, 60：長崎駅前-大平橋-田上・上戸町, 80：長崎駅前-芒塚-日見・潮見町, 90：長崎駅前-芒塚-矢上方面, 南高スクール, 立山線, 70：長崎駅前-中川町-風頭山・田上"
大波止,長崎県,"11循環西山台団地・三原団地；本原一丁目・大波止, 長崎駅前矢上大橋・奥山・大波止, 唐比車庫奥山・矢上大橋, 中央橋長崎バイパス・大波止, 長崎駅前年の神・大波止, 長崎駅前東高下・大波止, 長崎駅前矢上団地・大波止, 江の浦矢上団地, 長崎駅前大波止, 立神大波止・旭大橋, 臼の浦矢上団地, 網場・春日車庫前ペンギン水族館, 矢上団地, 尾崎奥山・矢上大橋, 長崎駅前イオン東長崎・大波止, 長崎駅前つつじが丘・イオン東長崎, 長崎空港【リムジン】出島道路経由；長崎市内乗車のみ, 茂里町【リムジン】長崎駅前・出島道路経由, 浜平・立山東高下, 立神大波止, 長崎東高大波止・中央橋, 滑石団地中央橋・大波止・道の尾, 長崎商高大波止, 12循環大波止；三原団地・西山台団地, 浜平・立山大波止・東高下, 立神東高下・大波止, 神崎鼻口東高下・大波止, 網場・春日車庫前大波止・ペンギン水族館, 女の都団地大波止, ガーデンシティイオン東長崎・矢上；矢上団地, 長崎駅前矢上団地・矢上；イオン東長崎・大波止, 立神矢上団地・イオン東長崎；大波止・旭大橋, ガーデンシティ大波止・矢上団地, ガーデンシティ矢上団地, 浦上駅前中央橋・大波止, 長与駅西口西山バイパス；シーボルト校・まなび野, 長崎駅前まなび野団地；西山バイパス・大波止, 久山台ニュータウン大波止・長崎バイパス, 12西山台団地大波止・三原団地, サニータウン大波止, 西崎団地大波止"
大波止,長崎自動車（株）,"1：長崎駅前-住吉-西海-三重・大串, 1：長崎駅前-住吉-時津・溝川, 1：長崎駅前-住吉-滑石-桜の里方面, 1：長崎駅前-住吉-上横尾, 1：長崎駅前-住吉-榎の鼻-満永, 1：長崎駅前-住吉-榎の鼻-琴の尾登口, 1：長崎駅前-住吉-川平・恵の丘, 1：長崎駅前-住吉-女の都・緑ヶ丘団地, 1：長崎駅前-住吉方面, 3：長崎駅前-城栄町/春木町-下大橋・小江原・式見, 4：長崎駅前-西城山-下大橋, 5：大波止-長崎駅前-稲佐, 5：長崎駅前-稲佐, 6：長崎駅前-飽の浦-福田, 6：大波止-長崎駅前-飽の浦-立神, 6：長崎駅前-飽の浦-立神, 6：長崎駅前-飽の浦-立神・福田, 7：稲佐橋行き, 8：長崎駅前-医学部前-下大橋・三川町, 9：長崎駅前-純心校前-恵の丘・女の都方面, 100：ココウォーク茂里町行き, 10：長崎駅前-愛宕町-田上-三景台・茂木, 20：大波止・中央橋・長崎新地行き, 20：中央橋・長崎新地行き, 20：中央橋行き, 30：長崎駅前-戸町-香焼・三和・野母崎, 30：長崎駅前-二本松口-香焼・三和・野母崎, 40：長崎駅前-戸町/二本松口-ダイヤランド・柳営業所, 50：長崎駅前-愛宕町-白木-風頭山・早坂・飯香の浦, 60：長崎駅前-大平橋-田上・上戸町, 80：長崎駅前-芒塚-日見・潮見町, 90：長崎駅前-芒塚-矢上方面, 南高スクール, 70：長崎駅前-中川町-風頭山・田上"
大波止,さいかい交通（株）・長崎自動車（株）,20：大波止・中央橋・長崎新地行き［長崎バス・さいかい交通］
万才町,長崎県,"5循環西山台団地・三原団地；本原一丁目・市役所, 長崎駅前競技場北口・藤棚, 諫早・東厚生町藤棚・競技場北口, 諫早・東厚生町つつじが丘・西諫早ニュータウン, 長崎駅前東高下・市役所, 江の浦矢上団地, 長崎駅前西諫早ニュータウン・つつじが丘, 諫早駅前つつじが丘・西諫早ニュータウン, 田結東矢上団地, 現川駅前高城台, 長崎駅前高城台・市役所, 高城台, 臼の浦矢上団地, 長崎駅前矢上団地・市役所, 長崎駅前矢上団地・イオン東長崎；市役所, 矢上団地, 長崎駅前市役所, 中央橋本原一丁目・市役所, 中央橋市役所, 浜平・立山東高下, つつじが丘イオン東長崎, 6循環市役所；三原団地・西山台団地, 喜々津シーサイドイオン東長崎・つつじが丘, 立神市役所, 浜平・立山市役所・東高下, 立神東高下・市役所, 女の都団地市役所, 女の都イオン東長崎・市役所, サニータウン市役所, 立山目覚町, 長崎東高目覚町, 西崎団地市役所, 西山木場市役所, 西山木場ハートセンター・市役所, ガーデンシティイオン東長崎・矢上；矢上団地, 長崎商高市役所, 6西山台団地市役所・三原団地, 女の都団地市役所・ハートセンター"
万才町,長崎自動車（株）,"1：長崎駅前-住吉-滑石-桜の里方面, 1：長崎駅前-住吉-上横尾, 1：長崎駅前-住吉-川平・恵の丘, 1：長崎駅前-住吉-女の都・緑ヶ丘団地, 1：長崎駅前-住吉方面, 2：長崎駅前-西町-虹が丘, 3：長崎駅前-城栄町/春木町-下大橋・小江原・式見, 4：長崎駅前-西城山-下大橋, 5：市役所-長崎駅前-稲佐, 6：市役所-長崎駅前-飽の浦-立神, 6：旭大橋-飽の浦-立神, 8：長崎駅前-医学部前-下大橋・三川町, 9：長崎駅前-純心校前-恵の丘・女の都方面, 100：ココウォーク茂里町行き, 10：長崎駅前-市役所-愛宕町-田上-三景台, 20：大波止・中央橋・長崎新地行き, 20：市役所・中央橋・長崎新地行き, 20：中央橋・長崎新地行き, 30：長崎駅前-戸町-香焼・三和・野母崎, 30：長崎駅前-二本松口-香焼・三和・野母崎, 40：長崎駅前-戸町/二本松口-ダイヤランド・柳営業所, 50：長崎駅前-愛宕町-白木-風頭山・早坂・飯香の浦, 長崎新地-川平BP-時津・長与・畝刈方面, 長崎新地-川平BP-時津方面, 立山線"
マリナシティー長崎前,長崎自動車（株）,"6：長崎駅前-飽の浦-福田, 20：中央橋・長崎新地行き, 福田-銭座町-北部方面, 福田-飽の浦-城栄町, 福田-大曲-立神"
大波止ターミナル,長崎県,風頭町長崎駅前
大波止ターミナル（長崎港ターミナル）,長崎自動車（株）,"20：中央橋・長崎新地行き, 元気くん, ながさき観光ルートバス"
福田本町,長崎自動車（株）,"6：長崎駅前-飽の浦-福田, 20：中央橋・長崎新地行き, 福田-銭座町-北部方面, 福田-飽の浦-城栄町, 福田-大曲-立神"
復興アリーナ入口,島原鉄道（株）,"加津佐海水浴場前〜島原行, 島原〜藤原〜有家〜須川港行"
江戸町,長崎県,"茂里町【リムジン】長崎駅前・出島道路経由, 長崎駅前片淵三丁目・諏訪神社前；中央橋・夢彩都, 長崎県庁前矢上大橋・夢彩都；網場道〜番所間不停車, 長崎県庁前夢彩都, 女の都長崎県庁前"
江戸町,長崎自動車（株）,"1：長崎駅前-住吉-西海-三重・大串, 1：長崎駅前-住吉-時津・溝川, 1：長崎駅前-住吉-滑石-桜の里方面, 1：長崎駅前-住吉-上横尾, 1：長崎駅前-住吉-榎の鼻-満永, 1：長崎駅前-住吉-榎の鼻-琴の尾登口, 1：長崎駅前-住吉-川平・恵の丘, 1：長崎駅前-住吉-女の都・緑ヶ丘団地, 1：長崎駅前-住吉方面, 3：長崎駅前-城栄町/春木町-下大橋・小江原・式見, 4：長崎駅前-西城山-下大橋, 5：大波止-長崎駅前-稲佐, 5：長崎駅前-稲佐, 6：長崎駅前-飽の浦-福田, 6：大波止-長崎駅前-飽の浦-立神, 6：長崎駅前-飽の浦-立神, 6：長崎駅前-飽の浦-立神・福田, 7：稲佐橋行き, 8：長崎駅前-医学部前-下大橋・三川町, 9：長崎駅前-純心校前-恵の丘・女の都方面, 100：ココウォーク茂里町行き, うみかぜ"
福田,長崎自動車（株）,"6：長崎駅前-飽の浦-福田, 20：中央橋・長崎新地行き, 福田-銭座町-北部方面, 福田-飽の浦-城栄町, 福田-大曲-立神"
重工記念長崎病院,長崎県,"立神大波止・旭大橋, 立神, 立神大波止, 立神市役所, 浜平・立山市役所・東高下, 立神東高下・市役所, 浜平・立山大波止・東高下, 立神東高下・大波止, 神崎鼻口東高下・大波止, 立神西山台団地・本原一丁目, 女の都入口, 女の都団地, 立神矢上団地・イオン東長崎；大波止・旭大橋, ガーデンシティ大波止・矢上団地, 立神矢上団地・長崎署, 長崎東高旭大橋・長崎署, 西山台団地浦上駅前・本原一丁目"
重工記念長崎病院,長崎自動車（株）,"6：長崎駅前-飽の浦-福田, 6：市役所-長崎駅前-飽の浦-立神, 6：大波止-長崎駅前-飽の浦-立神, 6：田上-大平橋-立神, 6：長崎駅前-飽の浦-立神, 6：旭大橋-大迫, 6：長崎駅前-飽の浦-立神・福田, 6：旭大橋-飽の浦-立神, 10：長崎駅前-愛宕町-田上-三景台・茂木, 20：市役所・中央橋行き, 20：中央橋・長崎新地行き, 40：長崎駅前-戸町/二本松口-ダイヤランド・柳営業所, 50：長崎駅前-愛宕町-白木-風頭山・早坂・飯香の浦, 60：長崎駅前-大平橋-田上・上戸町, 長商高スクール, 福田-銭座町-北部方面, 福田-飽の浦-城栄町, 立神-下大橋-北部方面, 立神-銭座町-北部方面, 70：長崎駅前-中川町-風頭山・田上"
矢の平3丁目,愛宕交通（株）,乗り合いタクシー「矢の平・伊良林地区」
矢の平三丁目,長崎県,"風頭町長崎駅前, 風頭町夢彩都・歴史文化博物館, 風頭町夢彩都・長崎駅前, 南高前矢上団地・矢上；イオン東長崎, 戸石イオン・矢上；矢上団地・ガーデンシティ, 南高前ガーデンシティ・矢上団地；矢上・イオン, 夢彩都歴史文化博物館・長崎駅前, 夢彩都長崎駅前"
矢の平三丁目,長崎自動車（株）,"6：長崎駅前-飽の浦-立神, 稲佐橋-長崎署前-中川町-早坂, 南高スクール, 70：長崎駅前-中川町-風頭山・田上"
水の浦（立神）,長崎県,"立神大波止・旭大橋, 立神, 立神大波止, 立神市役所, 浜平・立山市役所・東高下, 立神東高下・市役所, 浜平・立山大波止・東高下, 立神東高下・大波止, 神崎鼻口東高下・大波止, 立神西山台団地・本原一丁目, 女の都入口, 女の都団地, 立神矢上団地・イオン東長崎；大波止・旭大橋, ガーデンシティ大波止・矢上団地, 立神矢上団地・長崎署, 長崎東高旭大橋・長崎署, 西山台団地浦上駅前・本原一丁目"
中央橋,長崎県,"長崎空港【リムジン】出島道路経由；長崎市内乗車のみ, 茂里町【リムジン】長崎駅前・出島道路経由"
水の浦,長崎自動車（株）,"6：長崎駅前-飽の浦-福田, 6：市役所-長崎駅前-飽の浦-立神, 6：大波止-長崎駅前-飽の浦-立神, 6：田上-大平橋-立神, 6：長崎駅前-飽の浦-立神, 6：旭大橋-大迫, 6：長崎駅前-飽の浦-立神・福田, 6：旭大橋-飽の浦-立神, 10：長崎駅前-愛宕町-田上-三景台・茂木, 20：市役所・中央橋行き, 20：中央橋・長崎新地行き, 40：長崎駅前-戸町/二本松口-ダイヤランド・柳営業所, 50：長崎駅前-愛宕町-白木-風頭山・早坂・飯香の浦, 60：長崎駅前-大平橋-田上・上戸町, 長商高スクール, 福田-銭座町-北部方面, 福田-飽の浦-城栄町, 立神-下大橋-北部方面, 立神-銭座町-北部方面, 70：長崎駅前-中川町-風頭山・田上"
田手原,長崎自動車（株）,"5：大波止-長崎駅前-稲佐, 6：長崎駅前-飽の浦-立神, 100：ココウォーク茂里町行き, 50：長崎駅前-愛宕町-白木-風頭山・早坂・飯香の浦"
大浜町,長崎自動車（株）,"6：長崎駅前-飽の浦-福田, 20：中央橋・長崎新地行き, 福田-銭座町-北部方面, 福田-飽の浦-城栄町, 福田-大曲-立神"
中央橋,長崎県,"11循環西山台団地・三原団地；本原一丁目・大波止, 5循環西山台団地・三原団地；本原一丁目・市役所, 長崎駅前矢上大橋・奥山・大波止, 唐比車庫奥山・矢上大橋, 中央橋長崎バイパス・大波止, 長崎駅前年の神・大波止, メディカルセンター中央橋, 長崎駅前競技場北口・藤棚, 諫早・東厚生町藤棚・競技場北口, 諫早・東厚生町つつじが丘・西諫早ニュータウン, 長崎駅前東高下・市役所, 長崎駅前東高下・大波止, 長崎駅前矢上団地・大波止, 江の浦矢上団地, 長崎駅前西諫早ニュータウン・つつじが丘, 諫早駅前つつじが丘・西諫早ニュータウン, 田結東矢上団地, 長崎駅前大波止, 現川駅前高城台, 立神大波止・旭大橋, 長崎駅前高城台・市役所, 高城台, 臼の浦矢上団地, 長崎駅前矢上団地・市役所, 網場・春日車庫前ペンギン水族館, 長崎駅前矢上団地・イオン東長崎；市役所, 矢上団地, 長崎駅前市役所, 中央橋本原一丁目・市役所, 尾崎奥山・矢上大橋, 長崎駅前イオン東長崎・大波止, 長崎駅前つつじが丘・イオン東長崎, 中央橋市役所, 浜平・立山東高下, つつじが丘イオン東長崎, 立神大波止, 長崎東高大波止・中央橋, 滑石団地中央橋・大波止・道の尾, 長崎商高大波止, 長崎駅前片淵三丁目・諏訪神社前；中央橋・夢彩都, 6循環市役所；三原団地・西山台団地, 喜々津シーサイドイオン東長崎・つつじが丘, 12循環大波止；三原団地・西山台団地, 立神市役所, 浜平・立山市役所・東高下, 立神東高下・市役所, 浜平・立山大波止・東高下, 立神東高下・大波止, 神崎鼻口東高下・大波止, 女の都団地市役所, 中央橋市役所・中央公園前, 女の都イオン東長崎・市役所, 雲仙【特急】, 長崎駅前【特急】, 網場・春日車庫前大波止・ペンギン水族館, 女の都団地大波止, サニータウン市役所, 立山目覚町, 中央橋目覚町・中央公園前, 長崎東高目覚町, 西崎団地市役所, 西山木場市役所, 西山木場ハートセンター・市役所, ガーデンシティイオン東長崎・矢上；矢上団地, 長崎商高市役所, 長崎駅前矢上団地・矢上；イオン東長崎・大波止, 立神矢上団地・イオン東長崎；大波止・旭大橋, ガーデンシティ大波止・矢上団地, ガーデンシティ矢上団地, 浦上駅前中央橋・大波止, 長与駅西口西山バイパス；シーボルト校・まなび野, 長崎駅前まなび野団地；西山バイパス・大波止, 長崎県庁前矢上大橋・夢彩都；網場道〜番所間不停車, 長崎県庁前夢彩都, 女の都長崎県庁前, 中央橋長崎県庁前, 長崎東高, メディカルセンター矢上団地・矢上；イオン・中央橋, 水源池跡夢彩都・中央橋；諏訪神社前・片淵三丁目, 久山台ニュータウン大波止・長崎バイパス, 6西山台団地市役所・三原団地, 12西山台団地大波止・三原団地, サニータウン大波止, 西崎団地大波止, 女の都団地市役所・ハートセンター"
中央橋,長崎自動車（株）,"1：長崎駅前-住吉-西海-三重・大串, 1：長崎駅前-住吉-時津・溝川, 1：長崎駅前-住吉-滑石-桜の里方面, 1：長崎駅前-住吉-上横尾, 1：長崎駅前-住吉-榎の鼻-満永, 1：長崎駅前-住吉-榎の鼻-琴の尾登口, 1：長崎駅前-住吉-川平・恵の丘, 1：長崎駅前-住吉-女の都・緑ヶ丘団地, 1：長崎駅前-住吉方面, 2：長崎駅前-西町-虹が丘, 3：長崎駅前-城栄町/春木町-下大橋・小江原・式見, 4：長崎駅前-西城山-下大橋, 5：大波止-長崎駅前-稲佐, 5：市役所-長崎駅前-稲佐, 5：長崎駅前-稲佐, 6：長崎駅前-飽の浦-福田, 6：市役所-長崎駅前-飽の浦-立神, 6：大波止-長崎駅前-飽の浦-立神, 6：田上-大平橋-立神, 6：長崎駅前-飽の浦-立神, 6：長崎駅前-飽の浦-立神・福田, 6：旭大橋-飽の浦-立神, 7：稲佐橋行き, 8：長崎駅前-医学部前-下大橋・三川町, 9：長崎駅前-純心校前-恵の丘・女の都方面, 100：ココウォーク茂里町行き, 200：中央橋・新地中華街行き, 10：長崎駅前-愛宕町-田上-三景台・茂木, 10：長崎駅前-市役所-愛宕町-田上-三景台, 20：大波止・中央橋・長崎新地行き, 20：市役所・中央橋・長崎新地行き, 20：市役所・中央橋行き, 20：中央橋・長崎新地行き, 20：中央橋行き, 30：長崎駅前-戸町-香焼・三和・野母崎, 30：長崎駅前-二本松口-香焼・三和・野母崎, 40：長崎駅前-戸町/二本松口-ダイヤランド・柳営業所, 50：長崎駅前-愛宕町-白木-風頭山・早坂・飯香の浦, 60：長崎駅前-大平橋-田上・上戸町, 80：長崎駅前-芒塚-日見・潮見町, 90：長崎駅前-芒塚-矢上方面, うみかぜ, 長崎新地-川平BP-時津・長与・畝刈方面, 長崎新地-川平BP-時津方面, 南高スクール, 立山線, 70：長崎駅前-中川町-風頭山・田上"
中央橋,さいかい交通（株）・長崎自動車（株）,20：大波止・中央橋・長崎新地行き［長崎バス・さいかい交通］
出島表門橋,長崎県,"11循環西山台団地・三原団地；本原一丁目・大波止, 長崎駅前矢上大橋・奥山・大波止, 唐比車庫奥山・矢上大橋, 中央橋長崎バイパス・大波止, 長崎駅前年の神・大波止, メディカルセンター中央橋, 長崎駅前東高下・大波止, 長崎駅前矢上団地・大波止, 江の浦矢上団地, 長崎駅前大波止, 立神大波止・旭大橋, 臼の浦矢上団地, 網場・春日車庫前ペンギン水族館, 矢上団地, 尾崎奥山・矢上大橋, 長崎駅前イオン東長崎・大波止, 長崎駅前つつじが丘・イオン東長崎, 浜平・立山東高下, 立神大波止, 長崎東高大波止・中央橋, 滑石団地中央橋・大波止・道の尾, 長崎商高大波止, 12循環大波止；三原団地・西山台団地, 浜平・立山大波止・東高下, 立神東高下・大波止, 神崎鼻口東高下・大波止, 網場・春日車庫前大波止・ペンギン水族館, 女の都団地大波止, ガーデンシティイオン東長崎・矢上；矢上団地, 長崎駅前矢上団地・矢上；イオン東長崎・大波止, 立神矢上団地・イオン東長崎；大波止・旭大橋, ガーデンシティ大波止・矢上団地, ガーデンシティ矢上団地, 浦上駅前中央橋・大波止, 長与駅西口西山バイパス；シーボルト校・まなび野, 長崎駅前まなび野団地；西山バイパス・大波止, メディカルセンター矢上団地・矢上；イオン・中央橋, 久山台ニュータウン大波止・長崎バイパス, 12西山台団地大波止・三原団地, サニータウン大波止, 西崎団地大波止"
出島表門橋,長崎自動車（株）,"100：ココウォーク茂里町行き, 20：大波止・中央橋・長崎新地行き, 20：中央橋・長崎新地行き, 20：中央橋行き, ながさき観光ルートバス"
出島表門橋,さいかい交通（株）・長崎自動車（株）,20：大波止・中央橋・長崎新地行き［長崎バス・さいかい交通］
入船が丘,長崎自動車（株）,"6：長崎駅前-飽の浦-福田, 20：中央橋・長崎新地行き, 福田-銭座町-北部方面, 福田-大曲-立神"
浜の町,長崎自動車（株）,"4：長崎駅前-西城山-下大橋, ながさき観光ルートバス"
上の坂,長崎自動車（株）,"6：長崎駅前-飽の浦-福田, 20：中央橋・長崎新地行き, 福田-銭座町-北部方面, 福田-大曲-立神"
秋月町入口,長崎自動車（株）,"6：長崎駅前-飽の浦-福田, 20：中央橋・長崎新地行き, 福田-銭座町-北部方面, 福田-大曲-立神"
木鉢入口,長崎自動車（株）,"6：長崎駅前-飽の浦-福田, 20：中央橋・長崎新地行き, 福田-銭座町-北部方面, 福田-大曲-立神"
福田車庫前,長崎自動車（株）,"6：長崎駅前-飽の浦-福田, 20：中央橋・長崎新地行き, 福田-銭座町-北部方面, 福田-飽の浦-城栄町, 福田-大曲-立神"
浜の町,長崎自動車（株）,"4：長崎駅前-西城山-下大橋, 5：大波止-長崎駅前-稲佐, 5：市役所-長崎駅前-稲佐, 5：長崎駅前-稲佐, 6：市役所-長崎駅前-飽の浦-立神, 6：大波止-長崎駅前-飽の浦-立神, 6：田上-大平橋-立神, 6：長崎駅前-飽の浦-立神, 6：長崎駅前-飽の浦-立神・福田, 6：旭大橋-飽の浦-立神, 7：稲佐橋行き, 8：長崎駅前-医学部前-下大橋・三川町, 100：ココウォーク茂里町行き, 10：長崎駅前-愛宕町-田上-三景台・茂木, 50：長崎駅前-愛宕町-白木-風頭山・早坂・飯香の浦, うみかぜ"
神社前（立神）,長崎県,"立神大波止・旭大橋, 立神, 立神大波止, 立神市役所, 浜平・立山市役所・東高下, 立神東高下・市役所, 浜平・立山大波止・東高下, 立神東高下・大波止, 神崎鼻口東高下・大波止, 立神西山台団地・本原一丁目, 女の都入口, 女の都団地, 立神矢上団地・イオン東長崎；大波止・旭大橋, ガーデンシティ大波止・矢上団地, 立神矢上団地・長崎署, 長崎東高旭大橋・長崎署, 西山台団地浦上駅前・本原一丁目"
飽の浦神社前,長崎自動車（株）,"6：長崎駅前-飽の浦-福田, 6：市役所-長崎駅前-飽の浦-立神, 6：大波止-長崎駅前-飽の浦-立神, 6：田上-大平橋-立神, 6：長崎駅前-飽の浦-立神, 6：旭大橋-大迫, 6：長崎駅前-飽の浦-立神・福田, 6：旭大橋-飽の浦-立神, 10：長崎駅前-愛宕町-田上-三景台・茂木, 20：市役所・中央橋行き, 20：中央橋・長崎新地行き, 40：長崎駅前-戸町/二本松口-ダイヤランド・柳営業所, 50：長崎駅前-愛宕町-白木-風頭山・早坂・飯香の浦, 60：長崎駅前-大平橋-田上・上戸町, 長商高スクール, 福田-銭座町-北部方面, 福田-飽の浦-城栄町, 立神-下大橋-北部方面, 立神-銭座町-北部方面, 70：長崎駅前-中川町-風頭山・田上"
大曲,長崎自動車（株）,"6：長崎駅前-飽の浦-福田, 20：中央橋・長崎新地行き, 福田-銭座町-北部方面, 福田-大曲-立神"
ゴルフ場,島原鉄道（株）,島原〜雲仙〜小浜〜諫早行
飽の浦,長崎県,"立神大波止・旭大橋, 立神, 立神大波止, 立神市役所, 浜平・立山市役所・東高下, 立神東高下・市役所, 浜平・立山大波止・東高下, 立神東高下・大波止, 神崎鼻口東高下・大波止, 立神西山台団地・本原一丁目, 女の都入口, 女の都団地, 立神矢上団地・イオン東長崎；大波止・旭大橋, ガーデンシティ大波止・矢上団地, 立神矢上団地・長崎署, 長崎東高旭大橋・長崎署, 西山台団地浦上駅前・本原一丁目"
飽の浦,長崎自動車（株）,"6：長崎駅前-飽の浦-福田, 6：市役所-長崎駅前-飽の浦-立神, 6：大波止-長崎駅前-飽の浦-立神, 6：田上-大平橋-立神, 6：長崎駅前-飽の浦-立神, 6：旭大橋-大迫, 6：長崎駅前-飽の浦-立神・福田, 6：旭大橋-飽の浦-立神, 10：長崎駅前-愛宕町-田上-三景台・茂木, 20：市役所・中央橋行き, 20：中央橋・長崎新地行き, 40：長崎駅前-戸町/二本松口-ダイヤランド・柳営業所, 50：長崎駅前-愛宕町-白木-風頭山・早坂・飯香の浦, 60：長崎駅前-大平橋-田上・上戸町, 長商高スクール, 福田-銭座町-北部方面, 福田-飽の浦-城栄町, 立神-下大橋-北部方面, 立神-銭座町-北部方面, 70：長崎駅前-中川町-風頭山・田上"
入船町,長崎自動車（株）,"6：長崎駅前-飽の浦-福田, 20：中央橋・長崎新地行き, 福田-銭座町-北部方面, 福田-大曲-立神"
別所口,島原鉄道（株）,島原〜雲仙〜小浜〜諫早行
北村,島原鉄道（株）,"島原〜雲仙〜小浜〜諫早行, 口之津〜小浜〜諫早行, 有家〜小浜・小浜高〜諫早行, 小浜〜諫早行"
北村,雲仙市タクシー事業組合,"雲仙市乗合タクシー山領線, 雲仙市乗合タクシー上岳線"
重篭,長崎自動車（株）,"5：大波止-長崎駅前-稲佐, 6：長崎駅前-飽の浦-立神, 100：ココウォーク茂里町行き, 50：長崎駅前-愛宕町-白木-風頭山・早坂・飯香の浦"
出島,長崎県,"メディカルセンター中央橋, ガーデンシティイオン東長崎・矢上；矢上団地, 風頭町夢彩都・長崎駅前, メディカルセンター矢上団地・矢上；イオン・中央橋"
出島,長崎自動車（株）,100：ココウォーク茂里町行き
春日車庫前,長崎県,"長崎駅前大波止, 網場・春日車庫前ペンギン水族館, 長崎駅前市役所, 立神大波止, 長崎商高大波止, 網場・春日車庫前大波止・ペンギン水族館, 女の都団地大波止, 西崎団地市役所, 西陵高校日見公園前・つつじが丘, 網場・春日車庫前つつじが丘・高城台；日見公園前, 西陵高校高城台・つつじが丘, 長崎県庁前夢彩都"
春日車庫前,長崎自動車（株）,"100：ココウォーク茂里町行き, 200：中央橋・新地中華街行き, 80：長崎駅前-芒塚-日見・潮見町, 矢上-茂木-田上"
南原,島原鉄道（株）,"加津佐海水浴場前〜島原行, 島原〜藤原〜有家〜須川港行"
飽の浦公園前,長崎県,"立神大波止・旭大橋, 立神, 立神大波止, 立神市役所, 浜平・立山市役所・東高下, 立神東高下・市役所, 浜平・立山大波止・東高下, 立神東高下・大波止, 神崎鼻口東高下・大波止, 立神西山台団地・本原一丁目, 女の都入口, 女の都団地, 立神矢上団地・イオン東長崎；大波止・旭大橋, ガーデンシティ大波止・矢上団地, 立神矢上団地・長崎署, 西山台団地浦上駅前・本原一丁目"
飽の浦公園前,長崎自動車（株）,"6：市役所-長崎駅前-飽の浦-立神, 6：大波止-長崎駅前-飽の浦-立神, 6：田上-大平橋-立神, 6：長崎駅前-飽の浦-立神, 6：長崎駅前-飽の浦-立神・福田, 6：旭大橋-飽の浦-立神, 10：長崎駅前-愛宕町-田上-三景台・茂木, 20：市役所・中央橋行き, 20：中央橋・長崎新地行き, 40：長崎駅前-戸町/二本松口-ダイヤランド・柳営業所, 50：長崎駅前-愛宕町-白木-風頭山・早坂・飯香の浦, 60：長崎駅前-大平橋-田上・上戸町, 長商高スクール, 福田-飽の浦-城栄町, 福田-大曲-立神, 立神-下大橋-北部方面, 立神-銭座町-北部方面, 70：長崎駅前-中川町-風頭山・田上"
大迫,長崎自動車（株）,"6：長崎駅前-飽の浦-福田, 6：旭大橋-大迫, 20：中央橋・長崎新地行き, 福田-銭座町-北部方面, 福田-飽の浦-城栄町, 福田-大曲-立神"
思案橋,長崎自動車（株）,"5：大波止-長崎駅前-稲佐, 5：市役所-長崎駅前-稲佐, 5：長崎駅前-稲佐, 6：市役所-長崎駅前-飽の浦-立神, 6：大波止-長崎駅前-飽の浦-立神, 6：長崎駅前-飽の浦-立神, 6：長崎駅前-飽の浦-立神・福田, 6：旭大橋-飽の浦-立神, 7：稲佐橋行き, 100：ココウォーク茂里町行き, 10：長崎駅前-愛宕町-田上-三景台・茂木, 50：長崎駅前-愛宕町-白木-風頭山・早坂・飯香の浦"
風頭町,長崎県,"風頭町長崎駅前, 風頭町夢彩都・歴史文化博物館, 風頭町夢彩都・長崎駅前, 夢彩都歴史文化博物館・長崎駅前, 夢彩都長崎駅前"
風頭山,長崎自動車（株）,"5：市役所-長崎駅前-稲佐, 6：市役所-長崎駅前-飽の浦-立神, 6：大波止-長崎駅前-飽の浦-立神, 6：長崎駅前-飽の浦-立神, 6：長崎駅前-飽の浦-立神・福田, 6：旭大橋-飽の浦-立神, 100：ココウォーク茂里町行き, 50：長崎駅前-愛宕町-白木-風頭山・早坂・飯香の浦, 南高スクール, 70：長崎駅前-中川町-風頭山・田上"
風頭町,愛宕交通（株）,乗り合いタクシー「矢の平・伊良林地区」
道路建設記念碑前,島原鉄道（株）,島原〜雲仙〜小浜〜諫早行
雲仙,長崎県,"雲仙【特急】, 長崎駅前【特急】"
雲仙,島原鉄道（株）,"島原〜雲仙〜小浜〜諫早行, 有家〜雲仙行"
塩浜町,長崎県,"立神大波止・旭大橋, 立神, 立神大波止, 立神市役所, 浜平・立山市役所・東高下, 立神東高下・市役所, 浜平・立山大波止・東高下, 立神東高下・大波止, 神崎鼻口東高下・大波止, 立神西山台団地・本原一丁目, 女の都入口, 女の都団地, 立神矢上団地・イオン東長崎；大波止・旭大橋, ガーデンシティ大波止・矢上団地, 立神矢上団地・長崎署, 西山台団地浦上駅前・本原一丁目"
塩浜町,長崎自動車（株）,"6：市役所-長崎駅前-飽の浦-立神, 6：大波止-長崎駅前-飽の浦-立神, 6：田上-大平橋-立神, 6：長崎駅前-飽の浦-立神, 6：長崎駅前-飽の浦-立神・福田, 6：旭大橋-飽の浦-立神, 10：長崎駅前-愛宕町-田上-三景台・茂木, 20：市役所・中央橋行き, 40：長崎駅前-戸町/二本松口-ダイヤランド・柳営業所, 50：長崎駅前-愛宕町-白木-風頭山・早坂・飯香の浦, 60：長崎駅前-大平橋-田上・上戸町, 長商高スクール, 福田-大曲-立神, 立神-下大橋-北部方面, 立神-銭座町-北部方面, 70：長崎駅前-中川町-風頭山・田上"
崇福寺入口,長崎自動車（株）,"5：大波止-長崎駅前-稲佐, 5：市役所-長崎駅前-稲佐, 5：長崎駅前-稲佐, 6：市役所-長崎駅前-飽の浦-立神, 6：大波止-長崎駅前-飽の浦-立神, 6：長崎駅前-飽の浦-立神, 6：長崎駅前-飽の浦-立神・福田, 6：旭大橋-飽の浦-立神, 7：稲佐橋行き, 100：ココウォーク茂里町行き, 10：長崎駅前-愛宕町-田上-三景台・茂木, 50：長崎駅前-愛宕町-白木-風頭山・早坂・飯香の浦"
長崎新地,長崎県,"長崎空港【リムジン】出島道路経由；長崎市内乗車のみ, 茂里町【リムジン】長崎駅前・出島道路経由"
新地中華街,長崎自動車（株）,"1：長崎駅前-住吉-西海-三重・大串, 1：長崎駅前-住吉-時津・溝川, 1：長崎駅前-住吉-滑石-桜の里方面, 1：長崎駅前-住吉-榎の鼻-満永, 1：長崎駅前-住吉-榎の鼻-琴の尾登口, 1：長崎駅前-住吉-川平・恵の丘, 1：長崎駅前-住吉-女の都・緑ヶ丘団地, 3：長崎駅前-城栄町/春木町-下大橋・小江原・式見, 4：長崎駅前-西城山-下大橋, 6：長崎駅前-飽の浦-福田, 6：田上-大平橋-立神, 8：長崎駅前-医学部前-下大橋・三川町, 9：長崎駅前-純心校前-恵の丘・女の都方面, 100：ココウォーク茂里町行き, 200：中央橋・新地中華街行き, 20：大波止・中央橋・長崎新地行き, 20：市役所・中央橋・長崎新地行き, 20：中央橋・長崎新地行き, 30：長崎駅前-戸町-香焼・三和・野母崎, 30：長崎駅前-二本松口-香焼・三和・野母崎, 40：長崎駅前-戸町/二本松口-ダイヤランド・柳営業所, 60：長崎駅前-大平橋-田上・上戸町, うみかぜ, 長崎新地-川平BP-時津・長与・畝刈方面, 長崎新地-川平BP-時津方面, ながさき観光ルートバス, プレミアムライナー"
新地中華街,さいかい交通（株）・長崎自動車（株）,20：大波止・中央橋・長崎新地行き［長崎バス・さいかい交通］
大浜団地前,長崎自動車（株）,"6：長崎駅前-飽の浦-福田, 20：中央橋・長崎新地行き, 福田-銭座町-北部方面, 福田-大曲-立神"
福本旅館前,文化タクシー（株）,乗り合いタクシー「北大浦地区（新地ルート）」
長崎県美術館,長崎県,"風頭町夢彩都・歴史文化博物館, 夢彩都歴史文化博物館・長崎駅前"
春日町,長崎自動車（株）,"100：ココウォーク茂里町行き, 200：中央橋・新地中華街行き, 80：長崎駅前-芒塚-日見・潮見町, 矢上-茂木-田上"
愛宕団地前,長崎県,"風頭町長崎駅前, 風頭町夢彩都・歴史文化博物館, 風頭町夢彩都・長崎駅前, 夢彩都歴史文化博物館・長崎駅前, 夢彩都長崎駅前"
愛宕団地前,長崎自動車（株）,"5：市役所-長崎駅前-稲佐, 6：市役所-長崎駅前-飽の浦-立神, 6：大波止-長崎駅前-飽の浦-立神, 6：長崎駅前-飽の浦-立神, 6：長崎駅前-飽の浦-立神・福田, 6：旭大橋-飽の浦-立神, 100：ココウォーク茂里町行き, 50：長崎駅前-愛宕町-白木-風頭山・早坂・飯香の浦, 南高スクール, 70：長崎駅前-中川町-風頭山・田上"
新地,文化タクシー（株）,乗り合いタクシー「北大浦地区（新地ルート）」
福田サンセットマリーナ,長崎自動車（株）,"6：長崎駅前-飽の浦-福田, 20：中央橋・長崎新地行き"
春日大石,長崎自動車（株）,"100：ココウォーク茂里町行き, 200：中央橋・新地中華街行き, 80：長崎駅前-芒塚-日見・潮見町, 矢上-茂木-田上"
矢の平四丁目,長崎県,"風頭町長崎駅前, 風頭町夢彩都・歴史文化博物館, 風頭町夢彩都・長崎駅前, 南高前矢上団地・矢上；イオン東長崎, 戸石イオン・矢上；矢上団地・ガーデンシティ, 南高前ガーデンシティ・矢上団地；矢上・イオン, 夢彩都歴史文化博物館・長崎駅前, 夢彩都長崎駅前"
矢の平四丁目,長崎自動車（株）,"6：長崎駅前-飽の浦-立神, 稲佐橋-長崎署前-中川町-早坂, 南高スクール, 70：長崎駅前-中川町-風頭山・田上"
樽水,長崎自動車（株）,"100：ココウォーク茂里町行き, 200：中央橋・新地中華街行き, 80：長崎駅前-芒塚-日見・潮見町, 矢上-茂木-田上"
石合浜,島原鉄道（株）,"島原〜雲仙〜小浜〜諫早行, 口之津〜小浜〜諫早行, 有家〜小浜・小浜高〜諫早行, 小浜〜諫早行"
石合浜,雲仙市タクシー事業組合,"雲仙市乗合タクシー山領線, 雲仙市乗合タクシー上岳線"
彦山の森,長崎自動車（株）,"5：大波止-長崎駅前-稲佐, 6：長崎駅前-飽の浦-立神, 100：ココウォーク茂里町行き, 50：長崎駅前-愛宕町-白木-風頭山・早坂・飯香の浦"
十善会病院前,文化タクシー（株）,乗り合いタクシー「北大浦地区（新地ルート）」
道の駅ふかえ,島原鉄道（株）,"加津佐海水浴場前〜島原行, 島原〜藤原〜有家〜須川港行"
メディカルセンター,長崎県,"メディカルセンター中央橋, ガーデンシティイオン東長崎・矢上；矢上団地, 風頭町夢彩都・長崎駅前, メディカルセンター矢上団地・矢上；イオン・中央橋"
メディカルセンター（オランダ坂入口）,長崎自動車（株）,"4：長崎駅前-西城山-下大橋, 6：田上-大平橋-立神, 100：ココウォーク茂里町行き, 20：市役所・中央橋・長崎新地行き, 20：中央橋・長崎新地行き, 30：長崎駅前-戸町-香焼・三和・野母崎, 30：長崎駅前-二本松口-香焼・三和・野母崎, 40：長崎駅前-戸町/二本松口-ダイヤランド・柳営業所, 60：長崎駅前-大平橋-田上・上戸町, うみかぜ, ながさき観光ルートバス"
メディカルセンター,さいかい交通（株）・長崎自動車（株）,20：大波止・中央橋・長崎新地行き［長崎バス・さいかい交通］
白木,長崎県,"南高前矢上団地・矢上；イオン東長崎, 戸石イオン・矢上；矢上団地・ガーデンシティ, 南高前ガーデンシティ・矢上団地；矢上・イオン"
白木,長崎自動車（株）,"5：大波止-長崎駅前-稲佐, 5：市役所-長崎駅前-稲佐, 6：市役所-長崎駅前-飽の浦-立神, 6：大波止-長崎駅前-飽の浦-立神, 6：長崎駅前-飽の浦-立神, 6：長崎駅前-飽の浦-立神・福田, 6：旭大橋-飽の浦-立神, 100：ココウォーク茂里町行き, 50：長崎駅前-愛宕町-白木-風頭山・早坂・飯香の浦, 南高スクール, 70：長崎駅前-中川町-風頭山・田上"
岩瀬道,長崎県,"立神大波止・旭大橋, 立神, 立神大波止, 立神市役所, 浜平・立山市役所・東高下, 立神東高下・市役所, 浜平・立山大波止・東高下, 立神東高下・大波止, 神崎鼻口東高下・大波止, 立神西山台団地・本原一丁目, 女の都入口, 女の都団地, 立神矢上団地・イオン東長崎；大波止・旭大橋, ガーデンシティ大波止・矢上団地, 立神矢上団地・長崎署, 西山台団地浦上駅前・本原一丁目"
岩瀬道町,長崎自動車（株）,"6：市役所-長崎駅前-飽の浦-立神, 6：大波止-長崎駅前-飽の浦-立神, 6：田上-大平橋-立神, 6：長崎駅前-飽の浦-立神, 6：長崎駅前-飽の浦-立神・福田, 6：旭大橋-飽の浦-立神, 10：長崎駅前-愛宕町-田上-三景台・茂木, 20：市役所・中央橋行き, 40：長崎駅前-戸町/二本松口-ダイヤランド・柳営業所, 50：長崎駅前-愛宕町-白木-風頭山・早坂・飯香の浦, 60：長崎駅前-大平橋-田上・上戸町, 長商高スクール, 福田-大曲-立神, 立神-下大橋-北部方面, 立神-銭座町-北部方面, 70：長崎駅前-中川町-風頭山・田上"
雲仙お山の情報館,長崎県,"雲仙【特急】, 長崎駅前【特急】"
雲仙お山の情報館,島原鉄道（株）,"島原〜雲仙〜小浜〜諫早行, 有家〜雲仙行"
東小島,長崎自動車（株）,"5：大波止-長崎駅前-稲佐, 5：市役所-長崎駅前-稲佐, 5：長崎駅前-稲佐, 6：市役所-長崎駅前-飽の浦-立神, 6：大波止-長崎駅前-飽の浦-立神, 6：長崎駅前-飽の浦-立神, 6：長崎駅前-飽の浦-立神・福田, 6：旭大橋-飽の浦-立神, 7：稲佐橋行き, 100：ココウォーク茂里町行き, 10：長崎駅前-愛宕町-田上-三景台・茂木, 50：長崎駅前-愛宕町-白木-風頭山・早坂・飯香の浦"
活水大学4号館前,文化タクシー（株）,"乗り合いタクシー「北大浦地区（新地ルート）」, 乗り合いタクシー「北大浦地区（石橋ルート）」"
白木団地前,長崎自動車（株）,"5：大波止-長崎駅前-稲佐, 5：市役所-長崎駅前-稲佐, 5：長崎駅前-稲佐, 6：市役所-長崎駅前-飽の浦-立神, 6：大波止-長崎駅前-飽の浦-立神, 6：長崎駅前-飽の浦-立神, 6：長崎駅前-飽の浦-立神・福田, 100：ココウォーク茂里町行き, 50：長崎駅前-愛宕町-白木-風頭山・早坂・飯香の浦, 稲佐橋-長崎署前-中川町-早坂"
潮見町,長崎自動車（株）,"100：ココウォーク茂里町行き, 200：中央橋・新地中華街行き, 80：長崎駅前-芒塚-日見・潮見町, 矢上-茂木-田上"
小地獄入口,長崎県,"雲仙【特急】, 長崎駅前【特急】"
小地獄入口,島原鉄道（株）,"島原〜雲仙〜小浜〜諫早行, 有家〜雲仙行"
六本松,長崎自動車（株）,"5：大波止-長崎駅前-稲佐, 5：市役所-長崎駅前-稲佐, 5：長崎駅前-稲佐, 6：市役所-長崎駅前-飽の浦-立神, 6：大波止-長崎駅前-飽の浦-立神, 6：長崎駅前-飽の浦-立神, 6：長崎駅前-飽の浦-立神・福田, 100：ココウォーク茂里町行き, 50：長崎駅前-愛宕町-白木-風頭山・早坂・飯香の浦, 50：長崎駅前-愛宕町-白木-早坂, 稲佐橋-長崎署前-中川町-早坂"
瀬野局前,島原鉄道（株）,"加津佐海水浴場前〜島原行, 島原〜藤原〜有家〜須川港行"
昭和会病院裏,文化タクシー（株）,"乗り合いタクシー「北大浦地区（新地ルート）」, 乗り合いタクシー「北大浦地区（石橋ルート）」"
白木車庫前,長崎自動車（株）,"5：大波止-長崎駅前-稲佐, 5：市役所-長崎駅前-稲佐, 5：長崎駅前-稲佐, 6：市役所-長崎駅前-飽の浦-立神, 6：大波止-長崎駅前-飽の浦-立神, 6：長崎駅前-飽の浦-立神, 6：長崎駅前-飽の浦-立神・福田, 100：ココウォーク茂里町行き, 50：長崎駅前-愛宕町-白木-風頭山・早坂・飯香の浦, 稲佐橋-長崎署前-中川町-早坂"
小島,長崎自動車（株）,"5：大波止-長崎駅前-稲佐, 5：市役所-長崎駅前-稲佐, 5：長崎駅前-稲佐, 6：市役所-長崎駅前-飽の浦-立神, 6：大波止-長崎駅前-飽の浦-立神, 6：長崎駅前-飽の浦-立神, 6：長崎駅前-飽の浦-立神・福田, 6：旭大橋-飽の浦-立神, 7：稲佐橋行き, 100：ココウォーク茂里町行き, 10：長崎駅前-愛宕町-田上-三景台・茂木, 50：長崎駅前-愛宕町-白木-風頭山・早坂・飯香の浦"
こしき岩,長崎自動車（株）,"5：大波止-長崎駅前-稲佐, 6：長崎駅前-飽の浦-立神, 100：ココウォーク茂里町行き, 50：長崎駅前-愛宕町-白木-風頭山・早坂・飯香の浦"
梅香崎中学校前,文化タクシー（株）,乗り合いタクシー「北大浦地区（石橋ルート）」
日吉自然の家入口,長崎自動車（株）,"5：大波止-長崎駅前-稲佐, 6：長崎駅前-飽の浦-立神, 100：ココウォーク茂里町行き, 50：長崎駅前-愛宕町-白木-風頭山・早坂・飯香の浦"
海星高校前,文化タクシー（株）,"乗り合いタクシー「北大浦地区（新地ルート）」, 乗り合いタクシー「北大浦地区（石橋ルート）」"
八軒家,長崎県,"立神大波止・旭大橋, 立神, 立神大波止, 立神市役所, 浜平・立山市役所・東高下, 立神東高下・市役所, 浜平・立山大波止・東高下, 立神東高下・大波止, 神崎鼻口東高下・大波止, 立神西山台団地・本原一丁目, 女の都入口, 女の都団地, 立神矢上団地・イオン東長崎；大波止・旭大橋, ガーデンシティ大波止・矢上団地, 立神矢上団地・長崎署, 西山台団地浦上駅前・本原一丁目"
八軒家,長崎自動車（株）,"6：市役所-長崎駅前-飽の浦-立神, 6：大波止-長崎駅前-飽の浦-立神, 6：田上-大平橋-立神, 6：長崎駅前-飽の浦-立神, 6：長崎駅前-飽の浦-立神・福田, 6：旭大橋-飽の浦-立神, 10：長崎駅前-愛宕町-田上-三景台・茂木, 20：市役所・中央橋行き, 40：長崎駅前-戸町/二本松口-ダイヤランド・柳営業所, 50：長崎駅前-愛宕町-白木-風頭山・早坂・飯香の浦, 60：長崎駅前-大平橋-田上・上戸町, 長商高スクール, 福田-大曲-立神, 立神-下大橋-北部方面, 立神-銭座町-北部方面, 70：長崎駅前-中川町-風頭山・田上"
松ヶ枝国際ターミナル,長崎自動車（株）,"4：長崎駅前-西城山-下大橋, 100：ココウォーク茂里町行き, 30：長崎駅前-戸町-香焼・三和・野母崎, 30：長崎駅前-二本松口-香焼・三和・野母崎, 40：長崎駅前-戸町/二本松口-ダイヤランド・柳営業所, うみかぜ, 香焼工場線, ながさき観光ルートバス"
海星修道院前,文化タクシー（株）,"乗り合いタクシー「北大浦地区（新地ルート）」, 乗り合いタクシー「北大浦地区（石橋ルート）」"
大浦天主堂下,長崎自動車（株）,"6：田上-大平橋-立神, 60：長崎駅前-大平橋-田上・上戸町, 香焼工場線"
NTT長崎病院前,文化タクシー（株）,乗り合いタクシー「北大浦地区（石橋ルート）」
グラバー園,長崎自動車（株）,ながさき観光ルートバス
ドック上,長崎県,"立神大波止・旭大橋, 立神, 立神大波止, 立神市役所, 浜平・立山市役所・東高下, 立神東高下・市役所, 浜平・立山大波止・東高下, 立神東高下・大波止, 神崎鼻口東高下・大波止, 立神西山台団地・本原一丁目, 女の都入口, 女の都団地, 立神矢上団地・イオン東長崎；大波止・旭大橋, ガーデンシティ大波止・矢上団地, 立神矢上団地・長崎署, 西山台団地浦上駅前・本原一丁目"
ドック上,長崎自動車（株）,"6：市役所-長崎駅前-飽の浦-立神, 6：大波止-長崎駅前-飽の浦-立神, 6：田上-大平橋-立神, 6：長崎駅前-飽の浦-立神, 6：長崎駅前-飽の浦-立神・福田, 6：旭大橋-飽の浦-立神, 10：長崎駅前-愛宕町-田上-三景台・茂木, 20：市役所・中央橋行き, 40：長崎駅前-戸町/二本松口-ダイヤランド・柳営業所, 50：長崎駅前-愛宕町-白木-風頭山・早坂・飯香の浦, 60：長崎駅前-大平橋-田上・上戸町, 長商高スクール, 福田-大曲-立神, 立神-下大橋-北部方面, 立神-銭座町-北部方面, 70：長崎駅前-中川町-風頭山・田上"
みなと坂（風の広場前）,長崎自動車（株）,"6：みなと坂行き, 10：長崎駅前-愛宕町-田上-三景台・茂木, 50：長崎駅前-愛宕町-白木-風頭山・早坂・飯香の浦, みなと坂-神の島, 70：長崎駅前-中川町-風頭山・田上"
上小島,長崎自動車（株）,"5：大波止-長崎駅前-稲佐, 5：市役所-長崎駅前-稲佐, 5：長崎駅前-稲佐, 6：市役所-長崎駅前-飽の浦-立神, 6：大波止-長崎駅前-飽の浦-立神, 6：長崎駅前-飽の浦-立神, 6：長崎駅前-飽の浦-立神・福田, 6：旭大橋-飽の浦-立神, 7：稲佐橋行き, 100：ココウォーク茂里町行き, 10：長崎駅前-愛宕町-田上-三景台・茂木, 50：長崎駅前-愛宕町-白木-風頭山・早坂・飯香の浦"
中瀬野,島原鉄道（株）,"加津佐海水浴場前〜島原行, 島原〜藤原〜有家〜須川港行"
愛宕町,長崎自動車（株）,"5：大波止-長崎駅前-稲佐, 5：市役所-長崎駅前-稲佐, 5：長崎駅前-稲佐, 6：市役所-長崎駅前-飽の浦-立神, 6：大波止-長崎駅前-飽の浦-立神, 6：長崎駅前-飽の浦-立神, 6：長崎駅前-飽の浦-立神・福田, 6：旭大橋-飽の浦-立神, 7：稲佐橋行き, 100：ココウォーク茂里町行き, 10：長崎駅前-愛宕町-田上-三景台・茂木, 50：長崎駅前-愛宕町-白木-風頭山・早坂・飯香の浦"
立神,長崎県,"立神大波止・旭大橋, 立神, 立神大波止, 立神市役所, 浜平・立山市役所・東高下, 立神東高下・市役所, 浜平・立山大波止・東高下, 立神東高下・大波止, 神崎鼻口東高下・大波止, 立神西山台団地・本原一丁目, 女の都入口, 女の都団地, 立神矢上団地・イオン東長崎；大波止・旭大橋, ガーデンシティ大波止・矢上団地, 立神矢上団地・長崎署, 西山台団地浦上駅前・本原一丁目"
立神,長崎自動車（株）,"6：市役所-長崎駅前-飽の浦-立神, 6：大波止-長崎駅前-飽の浦-立神, 6：田上-大平橋-立神, 6：長崎駅前-飽の浦-立神, 6：長崎駅前-飽の浦-立神・福田, 6：旭大橋-飽の浦-立神, 10：長崎駅前-愛宕町-田上-三景台・茂木, 20：市役所・中央橋行き, 40：長崎駅前-戸町/二本松口-ダイヤランド・柳営業所, 50：長崎駅前-愛宕町-白木-風頭山・早坂・飯香の浦, 60：長崎駅前-大平橋-田上・上戸町, 長商高スクール, 福田-大曲-立神, 立神-下大橋-北部方面, 立神-銭座町-北部方面, 70：長崎駅前-中川町-風頭山・田上"
白雲の池入口,島原鉄道（株）,"島原〜雲仙〜小浜〜諫早行, 有家〜雲仙行"
グランド入口,文化タクシー（株）,"乗り合いタクシー「北大浦地区（新地ルート）」, 乗り合いタクシー「北大浦地区（石橋ルート）」"
山川河内橋,長崎自動車（株）,"200：中央橋・新地中華街行き, 矢上-茂木-田上"
山川河内,長崎自動車（株）,"5：大波止-長崎駅前-稲佐, 6：長崎駅前-飽の浦-立神, 100：ココウォーク茂里町行き, 50：長崎駅前-愛宕町-白木-風頭山・早坂・飯香の浦"
大野木場,島原鉄道（株）,島原〜雲仙〜小浜〜諫早行
松ヶ枝営業所前,長崎自動車（株）,"4：長崎駅前-西城山-下大橋, 100：ココウォーク茂里町行き, うみかぜ"
白糸,長崎自動車（株）,"5：大波止-長崎駅前-稲佐, 5：市役所-長崎駅前-稲佐, 5：長崎駅前-稲佐, 6：市役所-長崎駅前-飽の浦-立神, 6：大波止-長崎駅前-飽の浦-立神, 6：長崎駅前-飽の浦-立神, 6：長崎駅前-飽の浦-立神・福田, 6：旭大橋-飽の浦-立神, 7：稲佐橋行き, 100：ココウォーク茂里町行き, 10：長崎駅前-愛宕町-田上-三景台・茂木, 50：長崎駅前-愛宕町-白木-風頭山・早坂・飯香の浦"
白木団地裏,長崎自動車（株）,"5：市役所-長崎駅前-稲佐, 5：長崎駅前-稲佐, 6：市役所-長崎駅前-飽の浦-立神, 6：大波止-長崎駅前-飽の浦-立神, 6：長崎駅前-飽の浦-立神・福田, 100：ココウォーク茂里町行き, 50：長崎駅前-愛宕町-白木-風頭山・早坂・飯香の浦, 50：長崎駅前-愛宕町-白木-早坂, 稲佐橋-長崎署前-中川町-早坂"
石橋,長崎自動車（株）,"6：田上-大平橋-立神, 60：長崎駅前-大平橋-田上・上戸町, 香焼工場線"
石橋,文化タクシー（株）,乗り合いタクシー「北大浦地区（石橋ルート）」
グランド横,文化タクシー（株）,"乗り合いタクシー「北大浦地区（新地ルート）」, 乗り合いタクシー「北大浦地区（石橋ルート）」"
山ノ寺,島原鉄道（株）,島原〜雲仙〜小浜〜諫早行
上愛宕,長崎自動車（株）,"5：大波止-長崎駅前-稲佐, 5：市役所-長崎駅前-稲佐, 5：長崎駅前-稲佐, 6：市役所-長崎駅前-飽の浦-立神, 6：大波止-長崎駅前-飽の浦-立神, 6：長崎駅前-飽の浦-立神・福田, 7：稲佐橋行き, 100：ココウォーク茂里町行き, 10：長崎駅前-愛宕町-田上-三景台・茂木"
小曽根,長崎自動車（株）,"4：長崎駅前-西城山-下大橋, 100：ココウォーク茂里町行き, 30：長崎駅前-戸町-香焼・三和・野母崎, 30：長崎駅前-二本松口-香焼・三和・野母崎, 40：長崎駅前-戸町/二本松口-ダイヤランド・柳営業所, うみかぜ, 香焼工場線"
愛宕四丁目,長崎県,"南高前矢上団地・矢上；イオン東長崎, 戸石イオン・矢上；矢上団地・ガーデンシティ, 南高前ガーデンシティ・矢上団地；矢上・イオン"
愛宕4丁目,長崎自動車（株）,"6：長崎駅前-飽の浦-立神, 南高スクール, 70：長崎駅前-中川町-風頭山・田上"
大浦中学校前,長崎自動車（株）,"6：田上-大平橋-立神, 60：長崎駅前-大平橋-田上・上戸町, 香焼工場線"
東山町,文化タクシー（株）,"乗り合いタクシー「北大浦地区（新地ルート）」, 乗り合いタクシー「北大浦地区（石橋ルート）」"
みなと坂中央,長崎自動車（株）,"6：みなと坂行き, 10：長崎駅前-愛宕町-田上-三景台・茂木, 50：長崎駅前-愛宕町-白木-風頭山・早坂・飯香の浦, みなと坂-神の島, 70：長崎駅前-中川町-風頭山・田上"
島鉄バス車庫入口,島原鉄道（株）,島原〜雲仙〜小浜〜諫早行
瀬野,島原鉄道（株）,"加津佐海水浴場前〜島原行, 島原〜藤原〜有家〜須川港行"
上田町,長崎自動車（株）,"6：田上-大平橋-立神, 60：長崎駅前-大平橋-田上・上戸町, 香焼工場線"
島原ニュータウン前,島原鉄道（株）,島原〜雲仙〜小浜〜諫早行
平松,島原鉄道（株）,"島原〜雲仙〜小浜〜諫早行, 口之津〜小浜〜諫早行, 有家〜小浜・小浜高〜諫早行, 小浜〜諫早行"
平松,雲仙市タクシー事業組合,"雲仙市乗合タクシー山領線, 雲仙市乗合タクシー上岳線"
愛宕3丁目,長崎自動車（株）,"5：大波止-長崎駅前-稲佐, 5：市役所-長崎駅前-稲佐, 5：長崎駅前-稲佐, 6：市役所-長崎駅前-飽の浦-立神, 6：大波止-長崎駅前-飽の浦-立神, 6：長崎駅前-飽の浦-立神・福田, 7：稲佐橋行き, 100：ココウォーク茂里町行き, 10：長崎駅前-愛宕町-田上-三景台・茂木"
小地獄,島原鉄道（株）,島原〜雲仙〜小浜〜諫早行
青雲荘,島原鉄道（株）,島原〜雲仙〜小浜〜諫早行
浪の平,長崎自動車（株）,"4：長崎駅前-西城山-下大橋, 100：ココウォーク茂里町行き, 30：長崎駅前-戸町-香焼・三和・野母崎, 30：長崎駅前-二本松口-香焼・三和・野母崎, 40：長崎駅前-戸町/二本松口-ダイヤランド・柳営業所, 40：長崎駅前-二本松口-ダイヤランド・柳営業所, うみかぜ, 香焼工場線"
西泊,長崎県,"立神大波止, 立神市役所, 浜平・立山市役所・東高下, 立神東高下・市役所, 浜平・立山大波止・東高下, 神崎鼻口東高下・大波止, 女の都団地"
西泊,長崎自動車（株）,"6：市役所-長崎駅前-飽の浦-立神, 6：大波止-長崎駅前-飽の浦-立神, 6：田上-大平橋-立神, 6：長崎駅前-飽の浦-立神, 6：長崎駅前-飽の浦-立神・福田, 6：みなと坂行き, 10：長崎駅前-愛宕町-田上-三景台・茂木, 20：市役所・中央橋行き, 40：長崎駅前-戸町/二本松口-ダイヤランド・柳営業所, 50：長崎駅前-愛宕町-白木-風頭山・早坂・飯香の浦, 60：長崎駅前-大平橋-田上・上戸町, 福田-大曲-立神, 立神-下大橋-北部方面, 立神-銭座町-北部方面, 70：長崎駅前-中川町-風頭山・田上"
川上町,長崎自動車（株）,"6：田上-大平橋-立神, 60：長崎駅前-大平橋-田上・上戸町, 香焼工場線"
丸尾神社下,長崎自動車（株）,"6：田上-大平橋-立神, 60：長崎駅前-大平橋-田上・上戸町, 香焼工場線"
早坂,長崎自動車（株）,"5：市役所-長崎駅前-稲佐, 5：長崎駅前-稲佐, 6：市役所-長崎駅前-飽の浦-立神, 6：大波止-長崎駅前-飽の浦-立神, 6：長崎駅前-飽の浦-立神・福田, 100：ココウォーク茂里町行き, 50：長崎駅前-愛宕町-白木-風頭山・早坂・飯香の浦, 50：長崎駅前-愛宕町-白木-早坂, 稲佐橋-長崎署前-中川町-早坂"
変電所上,長崎自動車（株）,"6：田上-大平橋-立神, 60：長崎駅前-大平橋-田上・上戸町, 香焼工場線"
南高前,長崎県,"南高前矢上団地・矢上；イオン東長崎, 戸石イオン・矢上；矢上団地・ガーデンシティ, 南高前ガーデンシティ・矢上団地；矢上・イオン"
南高前,長崎自動車（株）,"10：長崎駅前-愛宕町-田上-三景台・茂木, 南高スクール"
下瀬野,島原鉄道（株）,"加津佐海水浴場前〜島原行, 島原〜藤原〜有家〜須川港行"
みなと坂団地口,長崎自動車（株）,"6：みなと坂行き, 10：長崎駅前-愛宕町-田上-三景台・茂木, 50：長崎駅前-愛宕町-白木-風頭山・早坂・飯香の浦, みなと坂-神の島, 70：長崎駅前-中川町-風頭山・田上"
日の出町,長崎自動車（株）,"6：田上-大平橋-立神, 60：長崎駅前-大平橋-田上・上戸町, 香焼工場線"
古河町,長崎自動車（株）,"4：長崎駅前-西城山-下大橋, 100：ココウォーク茂里町行き, 30：長崎駅前-戸町-香焼・三和・野母崎, 30：長崎駅前-二本松口-香焼・三和・野母崎, 40：長崎駅前-戸町/二本松口-ダイヤランド・柳営業所, 40：長崎駅前-二本松口-ダイヤランド・柳営業所, うみかぜ, 香焼工場線"
椎の木川,長崎自動車（株）,"6：田上-大平橋-立神, 60：長崎駅前-大平橋-田上・上戸町, 香焼工場線"
深江運動場前,島原鉄道（株）,島原〜雲仙〜小浜〜諫早行
弥生町,長崎県,"南高前矢上団地・矢上；イオン東長崎, 戸石イオン・矢上；矢上団地・ガーデンシティ, 南高前ガーデンシティ・矢上団地；矢上・イオン"
弥生町,長崎自動車（株）,"6：長崎駅前-飽の浦-立神, 南高スクール, 70：長崎駅前-中川町-風頭山・田上"
木鉢公民館前,長崎自動車（株）,"6：市役所-長崎駅前-飽の浦-立神, 6：大波止-長崎駅前-飽の浦-立神, 6：田上-大平橋-立神, 6：長崎駅前-飽の浦-立神, 6：長崎駅前-飽の浦-立神・福田, 10：長崎駅前-愛宕町-田上-三景台・茂木, 20：市役所・中央橋行き, 40：長崎駅前-戸町/二本松口-ダイヤランド・柳営業所, 50：長崎駅前-愛宕町-白木-風頭山・早坂・飯香の浦, 60：長崎駅前-大平橋-田上・上戸町, 立神-下大橋-北部方面, 70：長崎駅前-中川町-風頭山・田上"
上方,長崎自動車（株）,"5：大波止-長崎駅前-稲佐, 6：長崎駅前-飽の浦-立神, 5/6：日吉→大田尾, 100：ココウォーク茂里町行き, 200：中央橋・新地中華街行き, 50：長崎駅前-愛宕町-白木-風頭山・早坂・飯香の浦, 矢上-茂木-田上"
太田尾,長崎県,"浜平・立山市役所・東高下, 立神東高下・市役所, 浜平・立山大波止・東高下, 神崎鼻口東高下・大波止"
公園通り,長崎自動車（株）,"6：みなと坂行き, 10：長崎駅前-愛宕町-田上-三景台・茂木, 50：長崎駅前-愛宕町-白木-風頭山・早坂・飯香の浦, みなと坂-神の島, 70：長崎駅前-中川町-風頭山・田上"
池平龍照寺前,島原鉄道（株）,島原〜雲仙〜小浜〜諫早行
南高裏門前,長崎自動車（株）,"6：田上-大平橋-立神, 60：長崎駅前-大平橋-田上・上戸町, 香焼工場線, 南高スクール"
雲仙みかどホテル本館前,島原鉄道（株）,島原〜雲仙〜小浜〜諫早行
弥生ヶ丘,長崎自動車（株）,"5：大波止-長崎駅前-稲佐, 5：市役所-長崎駅前-稲佐, 5：長崎駅前-稲佐, 6：市役所-長崎駅前-飽の浦-立神, 6：大波止-長崎駅前-飽の浦-立神, 6：長崎駅前-飽の浦-立神・福田, 7：稲佐橋行き, 7：長崎駅行き, 100：ココウォーク茂里町行き, 10：長崎駅前-愛宕町-田上-三景台・茂木"
神崎鼻口,長崎県,"浜平・立山市役所・東高下, 立神東高下・市役所, 浜平・立山大波止・東高下, 神崎鼻口東高下・大波止"
小浜,島原鉄道（株）,"島原〜雲仙〜小浜〜諫早行, 口之津〜小浜〜諫早行, 有家〜小浜・小浜高〜諫早行, 小浜〜諫早行"
小浜,雲仙市タクシー事業組合,"雲仙市乗合タクシー山領線, 雲仙市乗合タクシー上岳線"
上小島五丁目,長崎県,"南高前矢上団地・矢上；イオン東長崎, 戸石イオン・矢上；矢上団地・ガーデンシティ, 南高前ガーデンシティ・矢上団地；矢上・イオン"
上小島5丁目,長崎自動車（株）,"6：田上-大平橋-立神, 10：長崎駅前-愛宕町-田上-三景台・茂木, 60：長崎駅前-大平橋-田上・上戸町, 香焼工場線, 南高スクール"
南町,長崎自動車（株）,"6：田上-大平橋-立神, 60：長崎駅前-大平橋-田上・上戸町, 香焼工場線"
小浜,長崎県,"雲仙【特急】, 長崎駅前【特急】"
一本柱鳥居前,長崎県,"雲仙【特急】, 長崎駅前【特急】"
一本柱鳥居前,島原鉄道（株）,"島原〜雲仙〜小浜〜諫早行, 有家〜雲仙行"
太田尾公民館前,長崎自動車（株）,"5：大波止-長崎駅前-稲佐, 6：長崎駅前-飽の浦-立神, 5/6：日吉→大田尾, 100：ココウォーク茂里町行き, 200：中央橋・新地中華街行き, 50：長崎駅前-愛宕町-白木-風頭山・早坂・飯香の浦, 矢上-茂木-田上"
三景台公園,長崎自動車（株）,"5：市役所-長崎駅前-稲佐, 6：市役所-長崎駅前-飽の浦-立神, 5/6：三景台団地方面, 10：長崎駅前-愛宕町-田上-三景台・茂木, 10：三景台団地方面"
三景台入口,長崎自動車（株）,"5：市役所-長崎駅前-稲佐, 6：市役所-長崎駅前-飽の浦-立神, 10：長崎駅前-愛宕町-田上-三景台・茂木, 10：三景台団地方面"
大田尾（茂木）,長崎自動車（株）,"5：大波止-長崎駅前-稲佐, 6：長崎駅前-飽の浦-立神, 5/6：日吉→大田尾, 100：ココウォーク茂里町行き, 200：中央橋・新地中華街行き, 50：長崎駅前-愛宕町-白木-風頭山・早坂・飯香の浦, 矢上-茂木-田上"
大平橋,長崎自動車（株）,"6：田上-大平橋-立神, 60：長崎駅前-大平橋-田上・上戸町, 香焼工場線"
日吉,長崎自動車（株）,"5：大波止-長崎駅前-稲佐, 6：長崎駅前-飽の浦-立神, 5/6：日吉→大田尾, 100：ココウォーク茂里町行き, 50：長崎駅前-愛宕町-白木-風頭山・早坂・飯香の浦, 矢上-茂木-田上"
上弥生町,長崎自動車（株）,"5：市役所-長崎駅前-稲佐, 6：市役所-長崎駅前-飽の浦-立神, 10：長崎駅前-愛宕町-田上-三景台・茂木"
ほしぞら公園下,長崎自動車（株）,"6：みなと坂行き, 10：長崎駅前-愛宕町-田上-三景台・茂木, 50：長崎駅前-愛宕町-白木-風頭山・早坂・飯香の浦, みなと坂-神の島, 70：長崎駅前-中川町-風頭山・田上"
工業団地西,長崎自動車（株）,"6：市役所-長崎駅前-飽の浦-立神, 6：大波止-長崎駅前-飽の浦-立神, 6：長崎駅前-飽の浦-立神・福田, 10：長崎駅前-愛宕町-田上-三景台・茂木, 40：長崎駅前-戸町/二本松口-ダイヤランド・柳営業所, 60：長崎駅前-大平橋-田上・上戸町, 立神-下大橋-北部方面"
国立長崎病院,長崎県,"南高前矢上団地・矢上；イオン東長崎, 戸石イオン・矢上；矢上団地・ガーデンシティ, 南高前ガーデンシティ・矢上団地；矢上・イオン"
国立長崎病院,長崎自動車（株）,"6：田上-大平橋-立神, 10：長崎駅前-愛宕町-田上-三景台・茂木, 60：長崎駅前-大平橋-田上・上戸町, 香焼工場線, 南高スクール"
八景町,長崎自動車（株）,"6：田上-大平橋-立神, 60：長崎駅前-大平橋-田上・上戸町, 南高スクール"
桜木町,長崎県,"南高前矢上団地・矢上；イオン東長崎, 戸石イオン・矢上；矢上団地・ガーデンシティ, 南高前ガーデンシティ・矢上団地；矢上・イオン"
桜木町,長崎自動車（株）,"5：市役所-長崎駅前-稲佐, 6：市役所-長崎駅前-飽の浦-立神, 6：長崎駅前-飽の浦-立神, 6：長崎駅前-飽の浦-立神・福田, 10：長崎駅前-愛宕町-田上-三景台・茂木, 南高スクール, 70：長崎駅前-中川町-風頭山・田上"
神の島工業団地,長崎自動車（株）,"6：市役所-長崎駅前-飽の浦-立神, 6：大波止-長崎駅前-飽の浦-立神, 6：長崎駅前-飽の浦-立神・福田, 10：長崎駅前-愛宕町-田上-三景台・茂木, 40：長崎駅前-戸町/二本松口-ダイヤランド・柳営業所, 60：長崎駅前-大平橋-田上・上戸町, 立神-下大橋-北部方面"
瀬野追分,島原鉄道（株）,"加津佐海水浴場前〜島原行, 島原〜藤原〜有家〜須川港行"
小菅町,長崎自動車（株）,"4：長崎駅前-西城山-下大橋, 100：ココウォーク茂里町行き, 30：長崎駅前-戸町-香焼・三和・野母崎, 40：長崎駅前-戸町/二本松口-ダイヤランド・柳営業所, うみかぜ, 香焼工場線"
札の原,島原鉄道（株）,"島原〜雲仙〜小浜〜諫早行, 有家〜雲仙行"
長崎霊園下,長崎自動車（株）,"6：田上-大平橋-立神, 60：長崎駅前-大平橋-田上・上戸町, 南高スクール"
戸町番所跡,長崎自動車（株）,うみかぜ
小菅町,長崎自動車（株）,"4：長崎駅前-西城山-下大橋, 100：ココウォーク茂里町行き, 30：長崎駅前-二本松口-香焼・三和・野母崎, 40：長崎駅前-二本松口-ダイヤランド・柳営業所, うみかぜ"
三景台中央,長崎自動車（株）,"5：市役所-長崎駅前-稲佐, 6：市役所-長崎駅前-飽の浦-立神, 5/6：三景台団地方面, 10：長崎駅前-愛宕町-田上-三景台・茂木, 10：三景台団地方面"
田上,長崎自動車（株）,"5：大波止-長崎駅前-稲佐, 5：市役所-長崎駅前-稲佐, 5：長崎駅前-稲佐, 6：市役所-長崎駅前-飽の浦-立神, 6：大波止-長崎駅前-飽の浦-立神, 6：田上-大平橋-立神, 6：長崎駅前-飽の浦-立神, 7：稲佐橋行き, 7：長崎駅行き, 100：ココウォーク茂里町行き, 10：長崎駅前-愛宕町-田上-三景台・茂木, 60：長崎駅前-大平橋-田上・上戸町, 香焼工場線, 矢上-茂木-田上, 70：長崎駅前-中川町-風頭山・田上"
工業団地東,長崎自動車（株）,"6：市役所-長崎駅前-飽の浦-立神, 6：大波止-長崎駅前-飽の浦-立神, 6：長崎駅前-飽の浦-立神・福田, 10：長崎駅前-愛宕町-田上-三景台・茂木, 40：長崎駅前-戸町/二本松口-ダイヤランド・柳営業所, 60：長崎駅前-大平橋-田上・上戸町"
二本松A棟,長崎自動車（株）,うみかぜ
宮の下,長崎自動車（株）,"5：大波止-長崎駅前-稲佐, 6：長崎駅前-飽の浦-立神, 100：ココウォーク茂里町行き, 50：長崎駅前-愛宕町-白木-風頭山・早坂・飯香の浦, 矢上-茂木-田上"
木鉢浦,長崎自動車（株）,"6：市役所-長崎駅前-飽の浦-立神, 6：大波止-長崎駅前-飽の浦-立神, 6：田上-大平橋-立神, 6：長崎駅前-飽の浦-立神, 6：長崎駅前-飽の浦-立神・福田, 10：長崎駅前-愛宕町-田上-三景台・茂木, 20：市役所・中央橋行き, 40：長崎駅前-戸町/二本松口-ダイヤランド・柳営業所, 50：長崎駅前-愛宕町-白木-風頭山・早坂・飯香の浦, 60：長崎駅前-大平橋-田上・上戸町, みなと坂-神の島, 立神-下大橋-北部方面, 70：長崎駅前-中川町-風頭山・田上"
西登山口,島原鉄道（株）,"島原〜雲仙〜小浜〜諫早行, 口之津〜小浜〜諫早行, 有家〜小浜・小浜高〜諫早行"
二本松B棟,長崎自動車（株）,うみかぜ
田上,長崎自動車（株）,"6：長崎駅前-飽の浦-立神・福田, 10：長崎駅前-愛宕町-田上-三景台・茂木"
工業団地入口,長崎自動車（株）,"6：市役所-長崎駅前-飽の浦-立神, 6：大波止-長崎駅前-飽の浦-立神, 6：長崎駅前-飽の浦-立神・福田, 10：長崎駅前-愛宕町-田上-三景台・茂木, 40：長崎駅前-戸町/二本松口-ダイヤランド・柳営業所, 60：長崎駅前-大平橋-田上・上戸町, 立神-下大橋-北部方面"
三景台団地,長崎自動車（株）,"5：市役所-長崎駅前-稲佐, 6：市役所-長崎駅前-飽の浦-立神, 10：長崎駅前-愛宕町-田上-三景台・茂木"
小瀬戸西海岸通り,長崎自動車（株）,"6：市役所-長崎駅前-飽の浦-立神, 6：大波止-長崎駅前-飽の浦-立神, 6：田上-大平橋-立神, 6：長崎駅前-飽の浦-立神, 6：長崎駅前-飽の浦-立神・福田, 10：長崎駅前-愛宕町-田上-三景台・茂木, 20：市役所・中央橋行き, 40：長崎駅前-戸町/二本松口-ダイヤランド・柳営業所, 50：長崎駅前-愛宕町-白木-風頭山・早坂・飯香の浦, 60：長崎駅前-大平橋-田上・上戸町, みなと坂-神の島, 立神-下大橋-北部方面, 70：長崎駅前-中川町-風頭山・田上"
田上病院前,長崎自動車（株）,"5：大波止-長崎駅前-稲佐, 5：長崎駅前-稲佐, 6：大波止-長崎駅前-飽の浦-立神, 6：長崎駅前-飽の浦-立神・福田, 10：長崎駅前-愛宕町-田上-三景台・茂木"
出雲3丁目,長崎自動車（株）,"6：田上-大平橋-立神, 60：長崎駅前-大平橋-田上・上戸町, 南高スクール"
二本松中央,長崎自動車（株）,うみかぜ
神の島公園,長崎自動車（株）,"6：市役所-長崎駅前-飽の浦-立神, 6：大波止-長崎駅前-飽の浦-立神, 6：長崎駅前-飽の浦-立神・福田, 10：長崎駅前-愛宕町-田上-三景台・茂木, 40：長崎駅前-戸町/二本松口-ダイヤランド・柳営業所, 60：長崎駅前-大平橋-田上・上戸町"
二本松C棟,長崎自動車（株）,うみかぜ
国分町,長崎自動車（株）,うみかぜ
二本松団地,長崎自動車（株）,"6：田上-大平橋-立神, 60：長崎駅前-大平橋-田上・上戸町, うみかぜ, 南高スクール"
小瀬戸町,長崎自動車（株）,"6：市役所-長崎駅前-飽の浦-立神, 6：大波止-長崎駅前-飽の浦-立神, 6：田上-大平橋-立神, 6：長崎駅前-飽の浦-立神, 6：長崎駅前-飽の浦-立神・福田, 10：長崎駅前-愛宕町-田上-三景台・茂木, 20：市役所・中央橋行き, 40：長崎駅前-戸町/二本松口-ダイヤランド・柳営業所, 50：長崎駅前-愛宕町-白木-風頭山・早坂・飯香の浦, 60：長崎駅前-大平橋-田上・上戸町, みなと坂-神の島, 立神-下大橋-北部方面, 70：長崎駅前-中川町-風頭山・田上"
二本松D棟,長崎自動車（株）,うみかぜ
小菅公園,長崎自動車（株）,うみかぜ
道前,島原鉄道（株）,島原〜雲仙〜小浜〜諫早行
転石,長崎自動車（株）,"5：大波止-長崎駅前-稲佐, 6：大波止-長崎駅前-飽の浦-立神, 7：稲佐橋行き, 100：ココウォーク茂里町行き, 10：長崎駅前-愛宕町-田上-三景台・茂木, 矢上-茂木-田上"
飯香の浦,長崎自動車（株）,"5：大波止-長崎駅前-稲佐, 6：長崎駅前-飽の浦-立神, 100：ココウォーク茂里町行き, 50：長崎駅前-愛宕町-白木-風頭山・早坂・飯香の浦"
片峰,長崎自動車（株）,矢上-茂木-田上
神の島,長崎自動車（株）,"6：市役所-長崎駅前-飽の浦-立神, 6：田上-大平橋-立神, 6：長崎駅前-飽の浦-立神, 10：長崎駅前-愛宕町-田上-三景台・茂木, 20：市役所・中央橋行き, 50：長崎駅前-愛宕町-白木-風頭山・早坂・飯香の浦, 60：長崎駅前-大平橋-田上・上戸町, みなと坂-神の島, 立神-下大橋-北部方面, 70：長崎駅前-中川町-風頭山・田上"
二本松口,長崎自動車（株）,"4：長崎駅前-西城山-下大橋, 100：ココウォーク茂里町行き, 30：長崎駅前-二本松口-香焼・三和・野母崎, 40：長崎駅前-二本松口-ダイヤランド・柳営業所, うみかぜ"
新湯崎,島原鉄道（株）,"口之津〜小浜〜諫早行, 有家〜小浜・小浜高〜諫早行"
開,長崎自動車（株）,"5：大波止-長崎駅前-稲佐, 6：大波止-長崎駅前-飽の浦-立神, 10：長崎駅前-愛宕町-田上-三景台・茂木"
宮ノ前,島原鉄道（株）,"加津佐海水浴場前〜島原行, 島原〜藤原〜有家〜須川港行"
山の上,長崎県,"雲仙【特急】, 長崎駅前【特急】"
山の上,島原鉄道（株）,島原〜雲仙〜小浜〜諫早行
戸町,長崎自動車（株）,"4：長崎駅前-西城山-下大橋, 100：ココウォーク茂里町行き, 30：長崎駅前-戸町-香焼・三和・野母崎, 40：長崎駅前-戸町/二本松口-ダイヤランド・柳営業所, 香焼工場線"
上俵石,島原鉄道（株）,島原〜雲仙〜小浜〜諫早行
よろこびの里前,島原鉄道（株）,島原〜雲仙〜小浜〜諫早行
無線中継所前,長崎自動車（株）,"5：大波止-長崎駅前-稲佐, 10：長崎駅前-愛宕町-田上-三景台・茂木"
新小浜病院前,島原鉄道（株）,"口之津〜小浜〜諫早行, 有家〜小浜・小浜高〜諫早行"
神の島一丁目,長崎自動車（株）,"6：市役所-長崎駅前-飽の浦-立神, 6：田上-大平橋-立神, 6：長崎駅前-飽の浦-立神, 10：長崎駅前-愛宕町-田上-三景台・茂木, 20：市役所・中央橋行き, 50：長崎駅前-愛宕町-白木-風頭山・早坂・飯香の浦, 60：長崎駅前-大平橋-田上・上戸町, みなと坂-神の島, 立神-下大橋-北部方面, 70：長崎駅前-中川町-風頭山・田上"
女神,長崎自動車（株）,"100：ココウォーク茂里町行き, 30：長崎駅前-戸町-香焼・三和・野母崎, 香焼工場線"
布津入口,島原鉄道（株）,島原〜雲仙〜小浜〜諫早行
準堤観音下,長崎自動車（株）,"5：大波止-長崎駅前-稲佐, 6：大波止-長崎駅前-飽の浦-立神, 10：長崎駅前-愛宕町-田上-三景台・茂木"
星取,長崎自動車（株）,"5：大波止-長崎駅前-稲佐, 10：長崎駅前-愛宕町-田上-三景台・茂木"
金鍔,長崎自動車（株）,"100：ココウォーク茂里町行き, 30：長崎駅前-戸町-香焼・三和・野母崎, 香焼工場線"
戸町切通,長崎自動車（株）,100：ココウォーク茂里町行き
弁慶岩,長崎自動車（株）,"4：長崎駅前-西城山-下大橋, 100：ココウォーク茂里町行き, 30：長崎駅前-二本松口-香焼・三和・野母崎, 40：長崎駅前-二本松口-ダイヤランド・柳営業所, うみかぜ"
戸町二丁目,長崎自動車（株）,"4：長崎駅前-西城山-下大橋, 40：長崎駅前-戸町/二本松口-ダイヤランド・柳営業所"
神の島三丁目,長崎自動車（株）,"6：市役所-長崎駅前-飽の浦-立神, 6：田上-大平橋-立神, 60：長崎駅前-大平橋-田上・上戸町, みなと坂-神の島"
神の島二丁目,長崎自動車（株）,"6：市役所-長崎駅前-飽の浦-立神, 6：田上-大平橋-立神, 10：長崎駅前-愛宕町-田上-三景台・茂木, 20：市役所・中央橋行き, 60：長崎駅前-大平橋-田上・上戸町, みなと坂-神の島"
俵石,島原鉄道（株）,島原〜雲仙〜小浜〜諫早行
唐八景,長崎自動車（株）,"5：大波止-長崎駅前-稲佐, 6：大波止-長崎駅前-飽の浦-立神, 10：長崎駅前-愛宕町-田上-三景台・茂木"
南本町公民館前,島原鉄道（株）,"口之津〜小浜〜諫早行, 有家〜小浜・小浜高〜諫早行"
滑川,長崎自動車（株）,"5：大波止-長崎駅前-稲佐, 6：大波止-長崎駅前-飽の浦-立神, 7：稲佐橋行き, 100：ココウォーク茂里町行き, 10：長崎駅前-愛宕町-田上-三景台・茂木, 矢上-茂木-田上"
上戸町,長崎自動車（株）,"4：長崎駅前-西城山-下大橋, 6：田上-大平橋-立神, 100：ココウォーク茂里町行き, 30：長崎駅前-二本松口-香焼・三和・野母崎, 40：長崎駅前-二本松口-ダイヤランド・柳営業所, 60：長崎駅前-大平橋-田上・上戸町, うみかぜ, 南高スクール"
びん串,島原鉄道（株）,島原〜雲仙〜小浜〜諫早行
恵の家前,長崎自動車（株）,"6：市役所-長崎駅前-飽の浦-立神, 6：田上-大平橋-立神, 60：長崎駅前-大平橋-田上・上戸町, みなと坂-神の島"
泉川病院前,島原鉄道（株）,"加津佐海水浴場前〜島原行, 島原〜藤原〜有家〜須川港行"
篭立場,島原鉄道（株）,島原〜雲仙〜小浜〜諫早行
神の島教会下,長崎自動車（株）,"6：市役所-長崎駅前-飽の浦-立神, 6：田上-大平橋-立神, 10：長崎駅前-愛宕町-田上-三景台・茂木, 20：市役所・中央橋行き, 60：長崎駅前-大平橋-田上・上戸町, みなと坂-神の島"
戸町三丁目,長崎自動車（株）,"4：長崎駅前-西城山-下大橋, 40：長崎駅前-戸町/二本松口-ダイヤランド・柳営業所"
上戸町,長崎自動車（株）,"4：長崎駅前-西城山-下大橋, 40：長崎駅前-戸町/二本松口-ダイヤランド・柳営業所"
上須賀,島原鉄道（株）,"口之津〜小浜〜諫早行, 有家〜小浜・小浜高〜諫早行"
魚見山,長崎自動車（株）,"100：ココウォーク茂里町行き, 30：長崎駅前-戸町-香焼・三和・野母崎, 香焼工場線"
水源地下,長崎自動車（株）,"4：長崎駅前-西城山-下大橋, 100：ココウォーク茂里町行き, 30：長崎駅前-二本松口-香焼・三和・野母崎, 40：長崎駅前-戸町/二本松口-ダイヤランド・柳営業所, 40：長崎駅前-二本松口-ダイヤランド・柳営業所, 南高スクール"
塔坂入口,島原鉄道（株）,有家〜雲仙行
木指,島原鉄道（株）,"口之津〜小浜〜諫早行, 有家〜小浜・小浜高〜諫早行"
上戸町住宅前,長崎自動車（株）,"4：長崎駅前-西城山-下大橋, 40：長崎駅前-戸町/二本松口-ダイヤランド・柳営業所"
深江船津,島原鉄道（株）,"加津佐海水浴場前〜島原行, 島原〜藤原〜有家〜須川港行"
新戸町,長崎自動車（株）,"4：長崎駅前-西城山-下大橋, 40：長崎駅前-戸町/二本松口-ダイヤランド・柳営業所"
河平,長崎自動車（株）,"5：大波止-長崎駅前-稲佐, 6：大波止-長崎駅前-飽の浦-立神, 7：稲佐橋行き, 100：ココウォーク茂里町行き, 10：長崎駅前-愛宕町-田上-三景台・茂木, 矢上-茂木-田上"
北浦,長崎自動車（株）,"5：大波止-長崎駅前-稲佐, 6：大波止-長崎駅前-飽の浦-立神, 100：ココウォーク茂里町行き, 5/6/7/100：中央橋・長崎駅前方面, 10：茂木→松崎→北浦, 10：茂木→茂木港→北浦, 矢上-茂木-田上"
川原下,島原鉄道（株）,"加津佐海水浴場前〜島原行, 島原〜藤原〜有家〜須川港行"
小田山入口,島原鉄道（株）,島原〜雲仙〜小浜〜諫早行
笹の辻,島原鉄道（株）,島原〜雲仙〜小浜〜諫早行
白崎,長崎自動車（株）,"100：ココウォーク茂里町行き, 30：長崎駅前-戸町-香焼・三和・野母崎, 香焼工場線"
目永,長崎自動車（株）,矢上-茂木-田上
戸町中学校裏,長崎自動車（株）,"4：長崎駅前-西城山-下大橋, 100：ココウォーク茂里町行き, 30：長崎駅前-二本松口-香焼・三和・野母崎, 40：長崎駅前-戸町/二本松口-ダイヤランド・柳営業所, 40：長崎駅前-二本松口-ダイヤランド・柳営業所, 南高スクール"
蔭平口,島原鉄道（株）,島原〜雲仙〜小浜〜諫早行
丘町車庫,長崎自動車（株）,伊王島線
松崎,長崎自動車（株）,"100：ココウォーク茂里町行き, 5/6/7/100：中央橋・長崎駅前方面, 10：茂木→松崎→北浦"
座頭浜,長崎自動車（株）,矢上-茂木-田上
耳採,島原鉄道（株）,島原〜雲仙〜小浜〜諫早行
打越,長崎自動車（株）,"5：大波止-長崎駅前-稲佐, 6：大波止-長崎駅前-飽の浦-立神, 100：ココウォーク茂里町行き, 10：茂木→茂木港→北浦, 矢上-茂木-田上"
浜口,島原鉄道（株）,"口之津〜小浜〜諫早行, 有家〜小浜・小浜高〜諫早行"
大山入口,長崎自動車（株）,"4：長崎駅前-西城山-下大橋, 100：ココウォーク茂里町行き, 30：長崎駅前-二本松口-香焼・三和・野母崎, 40：長崎駅前-戸町/二本松口-ダイヤランド・柳営業所, 40：長崎駅前-二本松口-ダイヤランド・柳営業所, 南高スクール"
打越,長崎自動車（株）,"100：ココウォーク茂里町行き, 5/6/7/100：中央橋・長崎駅前方面, 10：茂木→松崎→北浦"
伊王島灯台,長崎自動車（株）,伊王島線
柳原,島原鉄道（株）,"加津佐海水浴場前〜島原行, 島原〜藤原〜有家〜須川港行"
上揚,長崎自動車（株）,"100：ココウォーク茂里町行き, 30：長崎駅前-戸町-香焼・三和・野母崎, 香焼工場線"
灯台入口,長崎自動車（株）,伊王島線
公営住宅下,長崎自動車（株）,伊王島線
多尾公住下,長崎自動車（株）,伊王島線
赤崎鼻,長崎自動車（株）,矢上-茂木-田上
新戸町団地,長崎自動車（株）,"4：長崎駅前-西城山-下大橋, 100：ココウォーク茂里町行き, 30：長崎駅前-二本松口-香焼・三和・野母崎, 40：長崎駅前-戸町/二本松口-ダイヤランド・柳営業所, 40：長崎駅前-二本松口-ダイヤランド・柳営業所, 南高スクール"
金浜,島原鉄道（株）,"口之津〜小浜〜諫早行, 有家〜小浜・小浜高〜諫早行"
大明寺教会下,長崎自動車（株）,伊王島線
ふれあい広場駐車場前,長崎自動車（株）,伊王島線
八手観音前,島原鉄道（株）,有家〜雲仙行
茂木港,長崎自動車（株）,"5：大波止-長崎駅前-稲佐, 6：大波止-長崎駅前-飽の浦-立神, 100：ココウォーク茂里町行き, 10：茂木→茂木港→北浦, 矢上-茂木-田上"
黒橋,長崎自動車（株）,"5：大波止-長崎駅前-稲佐, 6：大波止-長崎駅前-飽の浦-立神, 7：稲佐橋行き, 100：ココウォーク茂里町行き, 10：長崎駅前-愛宕町-田上-三景台・茂木, 矢上-茂木-田上"
天ヶ瀬,島原鉄道（株）,島原〜藤原〜有家〜須川港行
ダイヤランド入口,長崎自動車（株）,"4：長崎駅前-西城山-下大橋, 100：ココウォーク茂里町行き, 30：長崎駅前-二本松口-香焼・三和・野母崎, 40：長崎駅前-戸町/二本松口-ダイヤランド・柳営業所, 40：長崎駅前-二本松口-ダイヤランド・柳営業所, 南高スクール"
大明寺,長崎自動車（株）,伊王島線
高塩,島原鉄道（株）,"加津佐海水浴場前〜島原行, 島原〜藤原〜有家〜須川港行"
片町,長崎自動車（株）,"5：大波止-長崎駅前-稲佐, 6：大波止-長崎駅前-飽の浦-立神, 100：ココウォーク茂里町行き, 5/6/7/100：中央橋・長崎駅前方面, 10：茂木→松崎→北浦, 10：茂木→茂木港→北浦, 矢上-茂木-田上"
学校前,長崎自動車（株）,伊王島線
野中,島原鉄道（株）,有家〜小浜・小浜高〜諫早行
長戸,島原鉄道（株）,口之津〜小浜〜諫早行
小ヶ倉,長崎自動車（株）,"100：ココウォーク茂里町行き, 30：長崎駅前-戸町-香焼・三和・野母崎, 香焼工場線"
茂木小学校前,長崎自動車（株）,"5：大波止-長崎駅前-稲佐, 6：大波止-長崎駅前-飽の浦-立神, 7：稲佐橋行き, 100：ココウォーク茂里町行き, 10：長崎駅前-愛宕町-田上-三景台・茂木, 矢上-茂木-田上"
上住宅前,島原鉄道（株）,島原〜藤原〜有家〜須川港行
小ヶ倉団地,長崎自動車（株）,"100：ココウォーク茂里町行き, 30：長崎駅前-戸町-香焼・三和・野母崎, 30：小ヶ倉団地行き"
小ヶ倉,長崎自動車（株）,"100：ココウォーク茂里町行き, 30：長崎駅前-戸町-香焼・三和・野母崎, 30：長崎駅前-二本松口-香焼・三和・野母崎, 30：小ヶ倉団地行き, 南高スクール"
香焼外業,長崎自動車（株）,"100：ココウォーク茂里町行き, 30：深浦→長浜, 香焼工場線"
香焼修繕部,長崎自動車（株）,"100：ココウォーク茂里町行き, 30：深浦→長浜, 香焼工場線"
茂木,長崎自動車（株）,"5：大波止-長崎駅前-稲佐, 6：大波止-長崎駅前-飽の浦-立神, 7：稲佐橋行き, 100：ココウォーク茂里町行き, 5/6/7/100：中央橋・長崎駅前方面, 10：長崎駅前-愛宕町-田上-三景台・茂木, 10：茂木→松崎→北浦, 10：茂木→茂木港→北浦, 矢上-茂木-田上"
ターミナル前,長崎自動車（株）,伊王島線
菜切,島原鉄道（株）,口之津〜小浜〜諫早行
伊王島ターミナル,長崎自動車（株）,"100：ココウォーク茂里町行き, 30：深堀・香焼・伊王島方面"
ダイヤランドセンター,長崎自動車（株）,"4：長崎駅前-西城山-下大橋, 100：ココウォーク茂里町行き, 30：長崎駅前-二本松口-香焼・三和・野母崎, 40：長崎駅前-戸町/二本松口-ダイヤランド・柳営業所, 40：長崎駅前-二本松口-ダイヤランド・柳営業所, 南高スクール"
柳営業所入口,長崎自動車（株）,"100：ココウォーク茂里町行き, 40：長崎駅前-戸町/二本松口-ダイヤランド・柳営業所, 40：長崎駅前-二本松口-ダイヤランド・柳営業所"
柳,長崎自動車（株）,"100：ココウォーク茂里町行き, 30：長崎駅前-戸町-香焼・三和・野母崎, 30：長崎駅前-二本松口-香焼・三和・野母崎, 香焼工場線, 南高スクール"
湯川内,島原鉄道（株）,島原〜藤原〜有家〜須川港行
上野中,島原鉄道（株）,有家〜小浜・小浜高〜諫早行
観音下,長崎自動車（株）,"7：稲佐橋行き, 100：ココウォーク茂里町行き, 10：長崎駅前-愛宕町-田上-三景台・茂木"
下住宅前,島原鉄道（株）,島原〜藤原〜有家〜須川港行
ホテル唐船江,長崎自動車（株）,伊王島線
くすの木通り,長崎自動車（株）,"4：長崎駅前-西城山-下大橋, 100：ココウォーク茂里町行き, 30：長崎駅前-二本松口-香焼・三和・野母崎, 40：長崎駅前-戸町/二本松口-ダイヤランド・柳営業所, 40：長崎駅前-二本松口-ダイヤランド・柳営業所, 南高スクール"
新田橋,島原鉄道（株）,"加津佐海水浴場前〜島原行, 島原〜藤原〜有家〜須川港行"
磯道町,長崎自動車（株）,"100：ココウォーク茂里町行き, 30：長崎駅前-戸町-香焼・三和・野母崎, 30：長崎駅前-二本松口-香焼・三和・野母崎, 40：長崎駅前-戸町/二本松口-ダイヤランド・柳営業所, 40：長崎駅前-二本松口-ダイヤランド・柳営業所, 香焼工場線, 南高スクール"
横道,島原鉄道（株）,有家〜雲仙行
塩町団地,長崎自動車（株）,伊王島線
仲町トンネル口,長崎自動車（株）,"100：ココウォーク茂里町行き, 30：深堀・香焼・伊王島方面"
ダイヤランド西口,長崎自動車（株）,"100：ココウォーク茂里町行き, 30：長崎駅前-二本松口-香焼・三和・野母崎, 40：長崎駅前-戸町/二本松口-ダイヤランド・柳営業所, 40：長崎駅前-二本松口-ダイヤランド・柳営業所"
二見茶屋,長崎自動車（株）,"7：稲佐橋行き, 100：ココウォーク茂里町行き, 10：長崎駅前-愛宕町-田上-三景台・茂木"
香焼内業,長崎自動車（株）,"100：ココウォーク茂里町行き, 30：深浦→長浜, 香焼工場線"
馬手ヶ浦,長崎自動車（株）,香焼三和線
ダイヤランド,長崎自動車（株）,"4：長崎駅前-西城山-下大橋, 100：ココウォーク茂里町行き, 30：長崎駅前-二本松口-香焼・三和・野母崎, 40：長崎駅前-戸町/二本松口-ダイヤランド・柳営業所, 40：長崎駅前-二本松口-ダイヤランド・柳営業所, 南高スクール"
ダイヤランド車庫,長崎自動車（株）,"4：長崎駅前-西城山-下大橋, 100：ココウォーク茂里町行き, 40：長崎駅前-戸町/二本松口-ダイヤランド・柳営業所, 40：長崎駅前-二本松口-ダイヤランド・柳営業所, 南高スクール"
布津分校前,島原鉄道（株）,島原〜藤原〜有家〜須川港行
馬込生活館前,長崎自動車（株）,伊王島線
八重坂,島原鉄道（株）,島原〜藤原〜有家〜須川港行
毛井首工業団地,長崎自動車（株）,30：鶴見台・毛井首団地行き
布津蔭平,島原鉄道（株）,島原〜藤原〜有家〜須川港行
鹿尾橋,長崎自動車（株）,"100：ココウォーク茂里町行き, 30：長崎駅前-戸町-香焼・三和・野母崎, 30：長崎駅前-二本松口-香焼・三和・野母崎, 香焼工場線, 南高スクール"
三本松,島原鉄道（株）,島原〜藤原〜有家〜須川港行
立石,長崎自動車（株）,"7：稲佐橋行き, 100：ココウォーク茂里町行き, 10：長崎駅前-愛宕町-田上-三景台・茂木"
原,島原鉄道（株）,有家〜小浜・小浜高〜諫早行
沖之島教会下,長崎自動車（株）,"100：ココウォーク茂里町行き, 30：深堀・香焼・伊王島方面, 伊王島線"
植松,島原鉄道（株）,"加津佐海水浴場前〜島原行, 島原〜藤原〜有家〜須川港行"
長浜,長崎自動車（株）,"100：ココウォーク茂里町行き, 30：深堀・香焼・伊王島方面, 30：深浦→長浜, 香焼工場線, 香焼三和線, 南高スクール"
馬込浜,長崎自動車（株）,"100：ココウォーク茂里町行き, 30：深堀・香焼・伊王島方面, 伊王島線"
JA北串センター前,島原鉄道（株）,有家〜小浜・小浜高〜諫早行
飛子,島原鉄道（株）,口之津〜小浜〜諫早行
毛井首団地,長崎自動車（株）,"100：ココウォーク茂里町行き, 30：鶴見台・毛井首団地行き"
毛井首工業団地入口,長崎自動車（株）,30：鶴見台・毛井首団地行き
土井の首,長崎自動車（株）,"100：ココウォーク茂里町行き, 30：長崎駅前-戸町-香焼・三和・野母崎, 30：長崎駅前-二本松口-香焼・三和・野母崎, 香焼工場線, 南高スクール"
北串保育園前,島原鉄道（株）,有家〜小浜・小浜高〜諫早行
六郎木,島原鉄道（株）,島原〜藤原〜有家〜須川港行
上新切,島原鉄道（株）,島原〜藤原〜有家〜須川港行
小平池,島原鉄道（株）,有家〜小浜・小浜高〜諫早行
布津老人ホーム前,島原鉄道（株）,"加津佐海水浴場前〜島原行, 島原〜藤原〜有家〜須川港行"
毛井首公園前,長崎自動車（株）,"100：ココウォーク茂里町行き, 30：鶴見台・毛井首団地行き"
香焼教会下,長崎自動車（株）,香焼三和線
藤原,島原鉄道（株）,島原〜藤原〜有家〜須川港行
後山,島原鉄道（株）,口之津〜小浜〜諫早行
深浦,長崎自動車（株）,"100：ココウォーク茂里町行き, 30：深堀・香焼・伊王島方面, 30：深浦→長浜, 香焼工場線, 香焼三和線, 南高スクール"
毛井首,長崎自動車（株）,"100：ココウォーク茂里町行き, 30：鶴見台・毛井首団地行き"
中通口,島原鉄道（株）,島原〜藤原〜有家〜須川港行
栗辰,長崎自動車（株）,香焼三和線
白頭,島原鉄道（株）,口之津〜小浜〜諫早行
田ノ浦団地入口,長崎自動車（株）,香焼三和線
中尾口,島原鉄道（株）,有家〜雲仙行
布津庁舎前,島原鉄道（株）,"加津佐海水浴場前〜島原行, 島原〜藤原〜有家〜須川港行"
第3公園前,長崎自動車（株）,"100：ココウォーク茂里町行き, 30：鶴見台・毛井首団地行き"
東中山,島原鉄道（株）,島原〜藤原〜有家〜須川港行
平口田,島原鉄道（株）,島原〜藤原〜有家〜須川港行
伊王島大橋,長崎自動車（株）,"100：ココウォーク茂里町行き, 30：深堀・香焼・伊王島方面"
海老瀬,長崎自動車（株）,香焼三和線
香焼浦上,長崎自動車（株）,香焼三和線
松平,島原鉄道（株）,有家〜小浜・小浜高〜諫早行
新切,島原鉄道（株）,島原〜藤原〜有家〜須川港行
戸石川入口,島原鉄道（株）,有家〜雲仙行
平瀬町,長崎自動車（株）,"100：ココウォーク茂里町行き, 30：鶴見台・毛井首団地行き"
鶴見台東,長崎自動車（株）,"100：ココウォーク茂里町行き, 30：鶴見台・毛井首団地行き"
鶴見台西,長崎自動車（株）,"100：ココウォーク茂里町行き, 30：鶴見台・毛井首団地行き, 30：鶴見台団地"
田の浦,長崎自動車（株）,"100：ココウォーク茂里町行き, 30：深堀・香焼・伊王島方面, 香焼三和線, 南高スクール"
香焼口,長崎自動車（株）,"100：ココウォーク茂里町行き, 30：深堀・香焼・伊王島方面, 30：深浦→長浜, 香焼工場線, 南高スクール"
草住町,長崎自動車（株）,"100：ココウォーク茂里町行き, 30：長崎駅前-戸町-香焼・三和・野母崎, 30：長崎駅前-二本松口-香焼・三和・野母崎, 香焼工場線, 南高スクール"
湯田,島原鉄道（株）,加津佐海水浴場前〜島原行
香焼総合公園前,長崎自動車（株）,香焼三和線
白岩,長崎自動車（株）,"7：稲佐橋行き, 100：ココウォーク茂里町行き, 10：長崎駅前-愛宕町-田上-三景台・茂木"
円福寺前,長崎自動車（株）,香焼三和線
香焼地域センター,長崎自動車（株）,香焼三和線
なごみ荘前,長崎自動車（株）,香焼三和線
鍛冶町,長崎自動車（株）,"100：ココウォーク茂里町行き, 30：深堀・香焼・伊王島方面, 30：深堀（車庫）行き, 深堀-三和・野母崎方面, 香焼工場線, 香焼三和線, 南高スクール"
鶴見台団地,長崎自動車（株）,"100：ココウォーク茂里町行き, 30：鶴見台・毛井首団地行き, 30：鶴見台団地, 香焼三和線"
岩崎鼻,長崎自動車（株）,香焼三和線
香焼地域センター前,長崎自動車（株）,"100：ココウォーク茂里町行き, 30：深堀・香焼・伊王島方面, 南高スクール"
高貝野,島原鉄道（株）,有家〜雲仙行
南風泊,長崎自動車（株）,"100：ココウォーク茂里町行き, 30：深堀・香焼・伊王島方面, 南高スクール"
末石町,長崎自動車（株）,"100：ココウォーク茂里町行き, 30：深堀・香焼・伊王島方面, 南高スクール"
深堀二丁目,長崎自動車（株）,"100：ココウォーク茂里町行き, 30：深堀・香焼・伊王島方面, 深堀-三和・野母崎方面, 香焼工場線, 香焼三和線, 南高スクール"
大亀,島原鉄道（株）,有家〜小浜・小浜高〜諫早行
深堀,長崎自動車（株）,"100：ココウォーク茂里町行き, 30：深堀・香焼・伊王島方面, 30：深堀（車庫）行き, 深堀-三和・野母崎方面, 香焼工場線, 香焼三和線, 南高スクール"
江川橋,長崎自動車（株）,"100：ココウォーク茂里町行き, 30：深堀・香焼・伊王島方面, 香焼三和線, 南高スクール"
恵里,長崎自動車（株）,"100：ココウォーク茂里町行き, 30：深堀・香焼・伊王島方面, 30：安保→恵里, 南高スクール"
南柳田,長崎自動車（株）,"100：ココウォーク茂里町行き, 30：長崎駅前-戸町-香焼・三和・野母崎, 30：長崎駅前-二本松口-香焼・三和・野母崎, 30：深堀・香焼・伊王島方面, 30：平山台団地・晴海台高部行き, 30：鶴見台・毛井首団地行き, 30：鶴見台団地, 香焼工場線, 南高スクール"
香焼本村,長崎自動車（株）,"100：ココウォーク茂里町行き, 30：深堀・香焼・伊王島方面, 南高スクール"
有海,長崎自動車（株）,香焼三和線
御船手,長崎自動車（株）,"100：ココウォーク茂里町行き, 30：深堀・香焼・伊王島方面, 30：深堀団地, 南高スクール"
鶴洋高校前,長崎自動車（株）,"100：ココウォーク茂里町行き, 30：深堀・香焼・伊王島方面, 深堀-三和・野母崎方面, 香焼工場線, 香焼三和線, 南高スクール"
諏訪の池,島原鉄道（株）,有家〜小浜・小浜高〜諫早行
上丹馬,長崎自動車（株）,香焼三和線
ハマユリックス前,島原鉄道（株）,口之津〜小浜〜諫早行
江川,長崎自動車（株）,"100：ココウォーク茂里町行き, 30：深堀・香焼・伊王島方面, 香焼三和線, 南高スクール"
深堀一丁目,長崎自動車（株）,"100：ココウォーク茂里町行き, 30：深堀・香焼・伊王島方面, 30：深堀団地, 深堀-三和・野母崎方面, 香焼工場線, 香焼三和線, 南高スクール"
上戸泊,長崎自動車（株）,"100：ココウォーク茂里町行き, 30：深堀・香焼・伊王島方面, 深堀-三和・野母崎方面, 香焼工場線, 香焼三和線, 南高スクール"
深堀団地入口,長崎自動車（株）,"100：ココウォーク茂里町行き, 30：深堀・香焼・伊王島方面, 30：深堀団地"
江川,長崎自動車（株）,"100：ココウォーク茂里町行き, 30：深堀・香焼・伊王島方面, 深堀-三和・野母崎方面, 香焼工場線, 南高スクール"
椎ノ木川,島原鉄道（株）,口之津〜小浜〜諫早行
貝崎,島原鉄道（株）,加津佐海水浴場前〜島原行
安保,長崎自動車（株）,"100：ココウォーク茂里町行き, 30：深堀・香焼・伊王島方面, 30：安保→恵里, 南高スクール"
鍋川内,島原鉄道（株）,有家〜雲仙行
深堀団地,長崎自動車（株）,"100：ココウォーク茂里町行き, 30：深堀・香焼・伊王島方面, 30：深堀団地"
原山ドルメン,島原鉄道（株）,有家〜小浜・小浜高〜諫早行
宮摺,長崎自動車（株）,"7：稲佐橋行き, 100：ココウォーク茂里町行き, 10：長崎駅前-愛宕町-田上-三景台・茂木"
尾ノ上,長崎自動車（株）,"100：ココウォーク茂里町行き, 30：深堀・香焼・伊王島方面, 南高スクール"
深堀中学校下,長崎自動車（株）,"100：ココウォーク茂里町行き, 30：深堀・香焼・伊王島方面"
深堀センター,長崎自動車（株）,"100：ココウォーク茂里町行き, 30：深堀・香焼・伊王島方面"
中山入口,島原鉄道（株）,島原〜藤原〜有家〜須川港行
竹崎,長崎自動車（株）,"100：ココウォーク茂里町行き, 30：深堀・香焼・伊王島方面, 30：安保→恵里, 南高スクール"
土井首中学校前,長崎自動車（株）,"100：ココウォーク茂里町行き, 30：長崎駅前-戸町-香焼・三和・野母崎, 30：長崎駅前-二本松口-香焼・三和・野母崎, 30：平山台団地・晴海台高部行き, 深堀-三和・野母崎方面, 香焼三和線, 南高スクール"
南串中学校前,島原鉄道（株）,口之津〜小浜〜諫早行
寺田,島原鉄道（株）,加津佐海水浴場前〜島原行
京泊,島原鉄道（株）,口之津〜小浜〜諫早行
長野,島原鉄道（株）,有家〜雲仙行
尾ノ上,島原鉄道（株）,島原〜藤原〜有家〜須川港行
矢代,島原鉄道（株）,有家〜小浜・小浜高〜諫早行
原山,島原鉄道（株）,有家〜小浜・小浜高〜諫早行
布津野田,島原鉄道（株）,加津佐海水浴場前〜島原行
下長野,島原鉄道（株）,有家〜雲仙行
田ノ平,島原鉄道（株）,口之津〜小浜〜諫早行
大籠,長崎自動車（株）,香焼三和線
坂上,島原鉄道（株）,有家〜小浜・小浜高〜諫早行
水ノ浦,島原鉄道（株）,口之津〜小浜〜諫早行
有家桜馬場,島原鉄道（株）,島原〜藤原〜有家〜須川港行
竿の浦,長崎自動車（株）,"100：ココウォーク茂里町行き, 30：長崎駅前-戸町-香焼・三和・野母崎, 30：長崎駅前-二本松口-香焼・三和・野母崎, 30：平山台団地・晴海台高部行き, 深堀-三和・野母崎方面, 香焼三和線, 南高スクール"
揚,島原鉄道（株）,口之津〜小浜〜諫早行
赤間,島原鉄道（株）,口之津〜小浜〜諫早行
善長谷,長崎自動車（株）,香焼三和線
堂山,島原鉄道（株）,加津佐海水浴場前〜島原行
堤平,島原鉄道（株）,有家〜雲仙行
大籠公民館前,長崎自動車（株）,香焼三和線
堂崎,島原鉄道（株）,加津佐海水浴場前〜島原行
堂崎局前,島原鉄道（株）,加津佐海水浴場前〜島原行
山川,島原鉄道（株）,島原〜藤原〜有家〜須川港行
南竿の浦,長崎自動車（株）,"100：ココウォーク茂里町行き, 30：長崎駅前-戸町-香焼・三和・野母崎, 30：長崎駅前-二本松口-香焼・三和・野母崎, 30：平山台団地・晴海台高部行き, 深堀-三和・野母崎方面, 香焼三和線, 南高スクール"
荒田,島原鉄道（株）,有家〜小浜・小浜高〜諫早行
堂崎公民館前,島原鉄道（株）,加津佐海水浴場前〜島原行
大崎,長崎自動車（株）,"7：稲佐橋行き, 100：ココウォーク茂里町行き, 10：長崎駅前-愛宕町-田上-三景台・茂木"
有家田町,島原鉄道（株）,島原〜藤原〜有家〜須川港行
平山,長崎自動車（株）,"100：ココウォーク茂里町行き, 30：長崎駅前-戸町-香焼・三和・野母崎, 30：長崎駅前-二本松口-香焼・三和・野母崎, 30：平山台団地・晴海台高部行き, 深堀-三和・野母崎方面, 香焼三和線, 南高スクール"
上原,島原鉄道（株）,有家〜雲仙行
坂下,島原鉄道（株）,有家〜小浜・小浜高〜諫早行
里,長崎自動車（株）,"7：稲佐橋行き, 100：ココウォーク茂里町行き, 10：長崎駅前-愛宕町-田上-三景台・茂木"
池田,島原鉄道（株）,加津佐海水浴場前〜島原行
有家庁舎前,島原鉄道（株）,"有家〜小浜・小浜高〜諫早行, 島原〜藤原〜有家〜須川港行, 有家〜雲仙行"
蒲河,島原鉄道（株）,加津佐海水浴場前〜島原行
平山台2丁目,長崎自動車（株）,"100：ココウォーク茂里町行き, 30：平山台団地・晴海台高部行き, 30：平山台→川原, 香焼三和線"
平山台団地,長崎自動車（株）,"100：ココウォーク茂里町行き, 30：平山台団地・晴海台高部行き, 30：平山台→川原, 香焼三和線"
有家,島原鉄道（株）,"有家〜小浜・小浜高〜諫早行, 加津佐海水浴場前〜島原行, 島原〜藤原〜有家〜須川港行, 有家〜雲仙行"
晴海台中央,長崎自動車（株）,"100：ココウォーク茂里町行き, 30：晴海台団地行き, 香焼三和線"
白崎,島原鉄道（株）,"加津佐海水浴場前〜島原行, 島原〜藤原〜有家〜須川港行"
平山台入口,長崎自動車（株）,"100：ココウォーク茂里町行き, 30：長崎駅前-戸町-香焼・三和・野母崎, 30：長崎駅前-二本松口-香焼・三和・野母崎, 30：平山台団地・晴海台高部行き, 30：平山台→川原, 深堀-三和・野母崎方面, 香焼三和線, 南高スクール"
下原,島原鉄道（株）,有家〜雲仙行
平野,島原鉄道（株）,"有家〜小浜・小浜高〜諫早行, 加津佐海水浴場前〜島原行, 島原〜藤原〜有家〜須川港行, 有家〜雲仙行"
平山台1丁目,長崎自動車（株）,"100：ココウォーク茂里町行き, 30：平山台団地・晴海台高部行き, 30：平山台→川原, 香焼三和線"
晴海台団地,長崎自動車（株）,"100：ココウォーク茂里町行き, 30：晴海台団地行き, 香焼三和線"
下町,島原鉄道（株）,"有家〜小浜・小浜高〜諫早行, 加津佐海水浴場前〜島原行, 島原〜藤原〜有家〜須川港行, 有家〜雲仙行"
小津波見,島原鉄道（株）,口之津〜小浜〜諫早行
大丸,島原鉄道（株）,有家〜小浜・小浜高〜諫早行
晴海台口,長崎自動車（株）,"100：ココウォーク茂里町行き, 30：晴海台団地行き, 香焼三和線"
風呂川,島原鉄道（株）,有家〜雲仙行
南島原市役所前,島原鉄道（株）,"有家〜小浜・小浜高〜諫早行, 加津佐海水浴場前〜島原行, 島原〜藤原〜有家〜須川港行, 有家〜雲仙行"
南中学校下,長崎自動車（株）,"7：稲佐橋行き, 100：ココウォーク茂里町行き, 10：長崎駅前-愛宕町-田上-三景台・茂木"
晴海台高部,長崎自動車（株）,"100：ココウォーク茂里町行き, 30：平山台団地・晴海台高部行き, 香焼三和線"
西有家,島原鉄道（株）,"加津佐海水浴場前〜島原行, 島原〜藤原〜有家〜須川港行, 有家〜雲仙行"
布巻,長崎自動車（株）,"100：ココウォーク茂里町行き, 30：長崎駅前-戸町-香焼・三和・野母崎, 30：長崎駅前-二本松口-香焼・三和・野母崎, 深堀-三和・野母崎方面, 香焼三和線, 南高スクール"
千々,長崎自動車（株）,"7：稲佐橋行き, 100：ココウォーク茂里町行き, 10：長崎駅前-愛宕町-田上-三景台・茂木, 三和線"
西が股,長崎自動車（株）,三和線
橋口,島原鉄道（株）,"有家〜小浜・小浜高〜諫早行, 加津佐海水浴場前〜島原行"
翔南高校前,島原鉄道（株）,"加津佐海水浴場前〜島原行, 島原〜藤原〜有家〜須川港行, 有家〜雲仙行"
北有馬,島原鉄道（株）,"有家〜小浜・小浜高〜諫早行, 加津佐海水浴場前〜島原行"
上松尾,長崎自動車（株）,三和線
松尾,長崎自動車（株）,"100：ココウォーク茂里町行き, 30：晴海台団地行き, 香焼三和線, 三和線"
西有家中学校前,島原鉄道（株）,"有家〜小浜・小浜高〜諫早行, 有家〜雲仙行"
春日,島原鉄道（株）,"有家〜小浜・小浜高〜諫早行, 加津佐海水浴場前〜島原行"
千々平,長崎自動車（株）,三和線
轟川,島原鉄道（株）,有家〜小浜・小浜高〜諫早行
北有馬庁舎前,島原鉄道（株）,有家〜小浜・小浜高〜諫早行
北有馬郵便局前,島原鉄道（株）,有家〜小浜・小浜高〜諫早行
元宮公園,長崎自動車（株）,"100：ココウォーク茂里町行き, 30：長崎駅前-戸町-香焼・三和・野母崎, 30：長崎駅前-二本松口-香焼・三和・野母崎, 30：晴海台団地行き, 30：川原方面, 30：三和-野母崎, 深堀-三和・野母崎方面, 香焼三和線, 南高スクール"
小家橋,長崎自動車（株）,三和線
保健センター前,島原鉄道（株）,加津佐海水浴場前〜島原行
日野江城入口,島原鉄道（株）,加津佐海水浴場前〜島原行
鳥渕,島原鉄道（株）,有家〜小浜・小浜高〜諫早行
西正寺,島原鉄道（株）,有家〜小浜・小浜高〜諫早行
八石,島原鉄道（株）,口之津〜小浜〜諫早行
龍石,島原鉄道（株）,"有家〜小浜・小浜高〜諫早行, 加津佐海水浴場前〜島原行"
龍石橋,島原鉄道（株）,"有家〜小浜・小浜高〜諫早行, 加津佐海水浴場前〜島原行"
引無田,島原鉄道（株）,"有家〜小浜・小浜高〜諫早行, 加津佐海水浴場前〜島原行, 島原〜藤原〜有家〜須川港行, 有家〜雲仙行"
辻,島原鉄道（株）,有家〜小浜・小浜高〜諫早行
江村,長崎自動車（株）,三和線
田平,島原鉄道（株）,"有家〜小浜・小浜高〜諫早行, 加津佐海水浴場前〜島原行"
西ノ浦,島原鉄道（株）,"有家〜小浜・小浜高〜諫早行, 加津佐海水浴場前〜島原行"
長無田,島原鉄道（株）,"有家〜小浜・小浜高〜諫早行, 加津佐海水浴場前〜島原行"
蚊焼小学校前,長崎自動車（株）,"100：ココウォーク茂里町行き, 30：三和-野母崎, 三和線"
境橋,島原鉄道（株）,"有家〜小浜・小浜高〜諫早行, 加津佐海水浴場前〜島原行"
須川港,島原鉄道（株）,"有家〜小浜・小浜高〜諫早行, 加津佐海水浴場前〜島原行, 島原〜藤原〜有家〜須川港行, 有家〜雲仙行"
北岡橋,島原鉄道（株）,加津佐海水浴場前〜島原行
向,島原鉄道（株）,"有家〜小浜・小浜高〜諫早行, 有家〜雲仙行"
蚊焼入口,長崎自動車（株）,"100：ココウォーク茂里町行き, 30：長崎駅前-戸町-香焼・三和・野母崎, 30：長崎駅前-二本松口-香焼・三和・野母崎, 30：晴海台団地行き, 30：三和-野母崎, 深堀-三和・野母崎方面, 香焼三和線, 三和線"
栄上,長崎自動車（株）,"100：ココウォーク茂里町行き, 30：長崎駅前-戸町-香焼・三和・野母崎, 30：長崎駅前-二本松口-香焼・三和・野母崎, 30：晴海台団地行き, 30：川原方面, 30：三和-野母崎, 深堀-三和・野母崎方面, 香焼三和線, 三和線, 南高スクール"
蚊焼,長崎自動車（株）,"100：ココウォーク茂里町行き, 30：長崎駅前-二本松口-香焼・三和・野母崎, 30：三和-野母崎, 深堀-三和・野母崎方面, 三和線"
ハピネスさんわ,長崎自動車（株）,三和線
北岡四ツ角,島原鉄道（株）,加津佐海水浴場前〜島原行
椿が丘,長崎自動車（株）,"100：ココウォーク茂里町行き, 30：長崎駅前-戸町-香焼・三和・野母崎, 30：川原方面, 三和線, 南高スクール"
藤田尾下,長崎自動車（株）,三和線
椿が丘公民館上,長崎自動車（株）,三和線
椿が丘保育所前,長崎自動車（株）,三和線
藤田尾,長崎自動車（株）,三和線
藤田尾入口,長崎自動車（株）,三和線
津波見,島原鉄道（株）,口之津〜小浜〜諫早行
北岡南,島原鉄道（株）,加津佐海水浴場前〜島原行
折山,長崎自動車（株）,"100：ココウォーク茂里町行き, 30：長崎駅前-二本松口-香焼・三和・野母崎, 30：三和-野母崎, 深堀-三和・野母崎方面, 三和線"
老人集会所前,長崎自動車（株）,三和線
三和中学校前,長崎自動車（株）,"100：ココウォーク茂里町行き, 30：川原方面, 三和線, 南高スクール"
為石小学校前,長崎自動車（株）,三和線
塔ノ前,島原鉄道（株）,加津佐海水浴場前〜島原行
為石,長崎自動車（株）,"100：ココウォーク茂里町行き, 30：川原方面, 三和線, 南高スクール"
郷むかいあげ,長崎自動車（株）,三和線
為石公民館前,長崎自動車（株）,三和線
岳路海水浴場入口,長崎自動車（株）,"100：ココウォーク茂里町行き, 30：長崎駅前-二本松口-香焼・三和・野母崎, 30：三和-野母崎, 深堀-三和・野母崎方面, 三和線"
上岳路,長崎自動車（株）,三和線
浦田,島原鉄道（株）,加津佐海水浴場前〜島原行
江向,長崎自動車（株）,"100：ココウォーク茂里町行き, 30：川原方面, 三和線, 南高スクール"
権田,島原鉄道（株）,口之津〜小浜〜諫早行
岳路公民館前,長崎自動車（株）,三和線
浦田観音,島原鉄道（株）,加津佐海水浴場前〜島原行
上川コミュニティセンター前,長崎自動車（株）,三和線
岳路,長崎自動車（株）,"100：ココウォーク茂里町行き, 30：長崎駅前-二本松口-香焼・三和・野母崎, 30：三和-野母崎, 深堀-三和・野母崎方面, 三和線"
岳路南,長崎自動車（株）,三和線
原城前,島原鉄道（株）,加津佐海水浴場前〜島原行
串,島原鉄道（株）,口之津〜小浜〜諫早行
川原住吉神社前,長崎自動車（株）,三和線
川原本村,長崎自動車（株）,"100：ココウォーク茂里町行き, 30：川原方面, 三和線, 南高スクール"
彼浜,長崎自動車（株）,"100：ココウォーク茂里町行き, 30：川原方面, 南高スクール"
南有馬小学校前,島原鉄道（株）,加津佐海水浴場前〜島原行
泉ヶ丘団地前,島原鉄道（株）,口之津〜小浜〜諫早行
南有馬庁舎前,島原鉄道（株）,加津佐海水浴場前〜島原行
大江入口,島原鉄道（株）,加津佐海水浴場前〜島原行
黒浜,長崎自動車（株）,"100：ココウォーク茂里町行き, 30：長崎駅前-二本松口-香焼・三和・野母崎, 30：三和-野母崎, 深堀-三和・野母崎方面"
宮崎,長崎自動車（株）,"100：ココウォーク茂里町行き, 30：川原方面, 南高スクール"
野田（加津佐）,島原鉄道（株）,口之津〜小浜〜諫早行
岩戸前,島原鉄道（株）,口之津〜小浜〜諫早行
水月橋,島原鉄道（株）,口之津〜小浜〜諫早行
露田,島原鉄道（株）,加津佐海水浴場前〜島原行
川原公園前,長崎自動車（株）,"100：ココウォーク茂里町行き, 30：川原方面, 南高スクール"
加津佐,島原鉄道（株）,口之津〜小浜〜諫早行
加津佐海水浴場前,島原鉄道（株）,"口之津〜小浜〜諫早行, 加津佐海水浴場前〜島原行"
池田,長崎自動車（株）,"100：ココウォーク茂里町行き, 30：川原方面"
女島団地入口,島原鉄道（株）,"口之津〜小浜〜諫早行, 加津佐海水浴場前〜島原行"
崎町,島原鉄道（株）,加津佐海水浴場前〜島原行
夫婦岩,長崎自動車（株）,"100：ココウォーク茂里町行き, 30：長崎駅前-二本松口-香焼・三和・野母崎, 30：三和-野母崎, 深堀-三和・野母崎方面"
野馬水,島原鉄道（株）,"口之津〜小浜〜諫早行, 加津佐海水浴場前〜島原行"
有馬吉川,島原鉄道（株）,加津佐海水浴場前〜島原行
向小屋,島原鉄道（株）,加津佐海水浴場前〜島原行
口加高校前,島原鉄道（株）,"口之津〜小浜〜諫早行, 加津佐海水浴場前〜島原行"
後馬,長崎自動車（株）,"100：ココウォーク茂里町行き, 30：長崎駅前-二本松口-香焼・三和・野母崎, 30：三和-野母崎, 深堀-三和・野母崎方面"
川原木場,長崎自動車（株）,"100：ココウォーク茂里町行き, 30：川原方面"
野々串港口,長崎自動車（株）,"100：ココウォーク茂里町行き, 30：長崎駅前-二本松口-香焼・三和・野母崎, 30：三和-野母崎, 深堀-三和・野母崎方面"
久木山,島原鉄道（株）,"口之津〜小浜〜諫早行, 加津佐海水浴場前〜島原行"
口之津車庫前,島原鉄道（株）,"口之津〜小浜〜諫早行, 加津佐海水浴場前〜島原行, 口之津・早崎循環"
野々串,長崎自動車（株）,"100：ココウォーク茂里町行き, 30：長崎駅前-二本松口-香焼・三和・野母崎, 30：三和-野母崎, 深堀-三和・野母崎方面, 野母崎線"
貝瀬橋,島原鉄道（株）,加津佐海水浴場前〜島原行
浦上病院前,島原鉄道（株）,加津佐海水浴場前〜島原行
中橋入口,島原鉄道（株）,加津佐海水浴場前〜島原行
前方,島原鉄道（株）,加津佐海水浴場前〜島原行
田園,長崎自動車（株）,野母崎線
口之津港,島原鉄道（株）,"口之津〜小浜〜諫早行, 加津佐海水浴場前〜島原行, 口之津・早崎循環"
東方,島原鉄道（株）,"口之津〜小浜〜諫早行, 加津佐海水浴場前〜島原行, 口之津・早崎循環"
サンピア前,島原鉄道（株）,"口之津〜小浜〜諫早行, 加津佐海水浴場前〜島原行, 口之津・早崎循環"
大屋,島原鉄道（株）,加津佐海水浴場前〜島原行
木場公民館,長崎自動車（株）,"100：ココウォーク茂里町行き, 30：川原方面"
毛首,長崎自動車（株）,野母崎線
白浜,島原鉄道（株）,口之津・早崎循環
栄町,島原鉄道（株）,口之津・早崎循環
菖蒲田長浜,島原鉄道（株）,加津佐海水浴場前〜島原行
菖蒲田,島原鉄道（株）,加津佐海水浴場前〜島原行
高浜大野,長崎自動車（株）,野母崎線
玉成園前,島原鉄道（株）,口之津・早崎循環
高浜,長崎自動車（株）,"100：ココウォーク茂里町行き, 30：長崎駅前-二本松口-香焼・三和・野母崎, 30：三和-野母崎, 深堀-三和・野母崎方面, 野母崎線"
漁協口之津本所前,島原鉄道（株）,口之津・早崎循環
なんばん大橋,島原鉄道（株）,口之津・早崎循環
岬木場,長崎自動車（株）,"100：ココウォーク茂里町行き, 30：長崎駅前-戸町-香焼・三和・野母崎, 30：川原方面, 30：三和-野母崎, 深堀-三和・野母崎方面, 野母崎線"
高浜海水浴場前,長崎自動車（株）,"100：ココウォーク茂里町行き, 30：長崎駅前-二本松口-香焼・三和・野母崎, 30：三和-野母崎, 深堀-三和・野母崎方面, 野母崎線"
山明,長崎自動車（株）,野母崎線
灯台入口,島原鉄道（株）,口之津・早崎循環
根井路,長崎自動車（株）,"100：ココウォーク茂里町行き, 30：三和-野母崎, 深堀-三和・野母崎方面"
南大泊,島原鉄道（株）,口之津・早崎循環
古里,長崎自動車（株）,"100：ココウォーク茂里町行き, 30：長崎駅前-二本松口-香焼・三和・野母崎, 30：三和-野母崎, 深堀-三和・野母崎方面, 野母崎線"
おこんご,島原鉄道（株）,口之津・早崎循環
南古里,長崎自動車（株）,"100：ココウォーク茂里町行き, 30：長崎駅前-二本松口-香焼・三和・野母崎, 30：三和-野母崎, 深堀-三和・野母崎方面, 野母崎線"
野向,島原鉄道（株）,口之津・早崎循環
果樹試験場前,島原鉄道（株）,口之津・早崎循環
紫竹,島原鉄道（株）,口之津・早崎循環
早崎,島原鉄道（株）,口之津・早崎循環
長迫,長崎自動車（株）,"100：ココウォーク茂里町行き, 30：三和-野母崎, 深堀-三和・野母崎方面"
南越,長崎自動車（株）,"100：ココウォーク茂里町行き, 30：長崎駅前-二本松口-香焼・三和・野母崎, 30：三和-野母崎, 深堀-三和・野母崎方面, 野母崎線"
恐竜パーク前,長崎自動車（株）,"100：ココウォーク茂里町行き, 20：中央橋・長崎新地行き, 30：長崎駅前-二本松口-香焼・三和・野母崎, 30：三和-野母崎, 深堀-三和・野母崎方面, 野母崎線"
Nomon長崎,長崎自動車（株）,野母崎線
黒瀬,長崎自動車（株）,"100：ココウォーク茂里町行き, 30：三和-野母崎, 深堀-三和・野母崎方面"
出口,長崎自動車（株）,"100：ココウォーク茂里町行き, 30：長崎駅前-二本松口-香焼・三和・野母崎, 30：三和-野母崎, 深堀-三和・野母崎方面"
井上,長崎自動車（株）,"100：ココウォーク茂里町行き, 30：三和-野母崎, 深堀-三和・野母崎方面"
野母深浦,長崎自動車（株）,野母崎線
深浦口,長崎自動車（株）,"100：ココウォーク茂里町行き, 30：長崎駅前-二本松口-香焼・三和・野母崎, 30：三和-野母崎, 深堀-三和・野母崎方面"
釜ヶ浦,長崎自動車（株）,野母崎線
小泊,長崎自動車（株）,"100：ココウォーク茂里町行き, 30：三和-野母崎, 深堀-三和・野母崎方面"
北田,長崎自動車（株）,"100：ココウォーク茂里町行き, 30：長崎駅前-二本松口-香焼・三和・野母崎, 30：三和-野母崎, 深堀-三和・野母崎方面, 香焼-三和・野母崎方面"
製氷工場前,長崎自動車（株）,"100：ココウォーク茂里町行き, 30：脇岬→樺島, 30：三和-野母崎, 深堀-三和・野母崎方面, 香焼-三和・野母崎方面"
青潮学園前,長崎自動車（株）,"100：ココウォーク茂里町行き, 30：三和-野母崎, 深堀-三和・野母崎方面"
脇岬海水浴場前,長崎自動車（株）,"100：ココウォーク茂里町行き, 30：長崎駅前-二本松口-香焼・三和・野母崎, 30：三和-野母崎, 深堀-三和・野母崎方面, 香焼-三和・野母崎方面"
野母崎郵便局裏,長崎自動車（株）,野母崎線
野母崎地域センター前,長崎自動車（株）,"100：ココウォーク茂里町行き, 30：長崎駅前-二本松口-香焼・三和・野母崎, 30：野母→野母新港, 30：三和-野母崎, 深堀-三和・野母崎方面, 野母崎線, 香焼-三和・野母崎方面"
観音寺前,長崎自動車（株）,"100：ココウォーク茂里町行き, 30：長崎駅前-二本松口-香焼・三和・野母崎, 30：脇岬→樺島, 30：三和-野母崎, 深堀-三和・野母崎方面"
野母公民館前,長崎自動車（株）,野母崎線
野母,長崎自動車（株）,"100：ココウォーク茂里町行き, 30：長崎駅前-二本松口-香焼・三和・野母崎, 30：野母→野母新港, 30：三和-野母崎, 深堀-三和・野母崎方面, 野母崎線, 香焼-三和・野母崎方面"
諸町,長崎自動車（株）,"100：ココウォーク茂里町行き, 30：長崎駅前-二本松口-香焼・三和・野母崎, 30：脇岬→樺島, 30：三和-野母崎, 深堀-三和・野母崎方面, 香焼-三和・野母崎方面"
野母崎診療所,長崎自動車（株）,野母崎線
野母新港,長崎自動車（株）,"100：ココウォーク茂里町行き, 30：長崎駅前-二本松口-香焼・三和・野母崎, 30：野母→野母新港, 30：三和-野母崎, 深堀-三和・野母崎方面, 香焼-三和・野母崎方面"
脇岬,長崎自動車（株）,"100：ココウォーク茂里町行き, 30：長崎駅前-二本松口-香焼・三和・野母崎, 30：脇岬→樺島, 30：三和-野母崎, 深堀-三和・野母崎方面, 香焼-三和・野母崎方面"
松原,長崎自動車（株）,"100：ココウォーク茂里町行き, 30：脇岬→樺島, 30：三和-野母崎, 深堀-三和・野母崎方面, 香焼-三和・野母崎方面"
水崎,長崎自動車（株）,"100：ココウォーク茂里町行き, 30：脇岬→樺島, 30：三和-野母崎, 深堀-三和・野母崎方面, 香焼-三和・野母崎方面"
樺島,長崎自動車（株）,"100：ココウォーク茂里町行き, 30：脇岬→樺島, 30：三和-野母崎, 深堀-三和・野母崎方面, 香焼-三和・野母崎方面"
