停留所名,事業者名,バス系統
宮地獄神社,国東市,種田線
種田神社前,国東市,種田線
伊美港,大分交通（株）,"高田総合＿1, 竹田津"
天神社前,国東市,種田線
下浜中,大分交通（株）,"高田総合＿1, 竹田津"
峯組,国東市,種田線
松山,国東市,種田線
伊美,大分交通（株）,"伊美小, 高田総合＿1, 岐部, 赤根, 西方寺, 竹田津"
伊美,国東市,"小高島線, 種田線, 大熊毛・小熊毛線, 櫛来線, 熊毛・長瀬線, 鬼籠・櫛海線"
国見郵便局前,大分交通（株）,"伊美小, 高田総合＿1, 岐部, 赤根, 西方寺, 竹田津"
小野田,国東市,小高島線
国見中学校前,大分交通（株）,"伊美小, 高田総合＿1, 岐部, 赤根, 西方寺, 竹田津"
慈雲寺前,国東市,種田線
道の駅くにみ,国東市,"小高島線, 種田線, 大熊毛・小熊毛線, 櫛来線, 熊毛・長瀬線, 鬼籠・櫛海線"
国見海洋センター前,大分交通（株）,"伊美小, 岐部, 竹田津"
国見総合支所,国東市,"小高島線, 種田線, 大熊毛・小熊毛線, 櫛来線, 熊毛・長瀬線, 鬼籠・櫛海線"
竹田津港,大分交通（株）,"高田総合＿1, 竹田津"
国見支所前,大分交通（株）,"伊美小, 高田総合＿1, 赤根, 西方寺, 竹田津"
権現,大分交通（株）,"伊美小, 岐部, 竹田津"
小高島,国東市,小高島線
国見福祉センター前,大分交通（株）,"伊美小, 高田総合＿1, 赤根, 西方寺, 竹田津"
国見福祉センター前,国東市,"大熊毛・小熊毛線, 櫛来線, 熊毛・長瀬線, 鬼籠・櫛海線"
長瀬,国東市,熊毛・長瀬線
竹田津漁協前,大分交通（株）,"高田総合＿1, 竹田津"
櫛来,大分交通（株）,"伊美小, 岐部, 竹田津"
櫛来,国東市,櫛来線
双国高校前,大分交通（株）,"伊美小, 高田総合＿1, 赤根, 西方寺, 竹田津"
清水2,国東市,小高島線
飛見岬,国東市,小高島線
清水1,国東市,小高島線
古江,大分交通（株）,"伊美小, 岐部, 竹田津"
啝浦大師堂,国東市,熊毛・長瀬線
光西寺前,国東市,小高島線
櫛の海,大分交通（株）,"高田総合＿1, 西方寺, 竹田津"
鬼籠,大分交通（株）,"高田総合＿1, 西方寺, 竹田津"
熊毛港,国東市,熊毛・長瀬線
竹田津大橋,大分交通（株）,"高田総合＿1, 西方寺, 竹田津"
東櫛の海,大分交通（株）,"高田総合＿1, 西方寺, 竹田津"
サンクリニック,豊後高田市,"市民乗合タクシー　小畑線, 市民乗合タクシー　羽根線, 市民乗合タクシー　夷線"
下櫛来公民館,国東市,櫛来線
宮道,国東市,櫛来線
竹田津,大分交通（株）,"高田総合＿1, 西方寺"
竹田津,国東市,小高島線
国見中町,大分交通（株）,"伊美小, 高田総合＿1, 赤根, 西方寺, 竹田津"
櫛海橋,国東市,鬼籠・櫛海線
妙光寺前,国東市,鬼籠・櫛海線
浜殿,豊後高田市,市民乗合タクシー　夷線
鬼籠下,国東市,鬼籠・櫛海線
町上,国東市,櫛来線
羽迫,豊後高田市,市民乗合タクシー　夷線
貴船入口,豊後高田市,"市民乗合タクシー　小畑線, 市民乗合タクシー　羽根線, 市民乗合タクシー　夷線"
岡丸,国東市,小高島線
国見小学校前,大分交通（株）,"伊美小, 赤根"
東浜公民館,国東市,熊毛・長瀬線
長崎鼻キャンプ場入口,大分交通（株）,高田総合＿1
香々地,大分交通（株）,高田総合＿1
香々地,豊後高田市,"市民乗合タクシー　小畑線, 市民乗合タクシー　羽根線, 市民乗合タクシー　夷線"
新波止入口,豊後高田市,市民乗合タクシー　夷線
小江公民館,国東市,熊毛・長瀬線
西浜,国東市,"大熊毛・小熊毛線, 熊毛・長瀬線"
9区公民館,豊後高田市,市民乗合タクシー　夷線
新竹田橋,大分交通（株）,高田総合＿1
金丸下,国東市,櫛来線
岐部,大分交通（株）,"伊美小, 岐部, 竹田津"
影,国東市,熊毛・長瀬線
元兼,大分交通（株）,高田総合＿1
松原,大分交通（株）,高田総合＿1
松原,豊後高田市,"市民乗合タクシー　小畑線, 市民乗合タクシー　羽根線, 市民乗合タクシー　夷線"
松津,豊後高田市,"市民乗合タクシー　小畑線, 市民乗合タクシー　羽根線"
西浜,大分交通（株）,高田総合＿1
鬼籠中,国東市,鬼籠・櫛海線
金丸上,国東市,櫛来線
覚応寺前,国東市,鬼籠・櫛海線
内迫公民館,国東市,大熊毛・小熊毛線
香々地市民センター,豊後高田市,"市民乗合タクシー　小畑線, 市民乗合タクシー　羽根線, 市民乗合タクシー　夷線"
国見町営住宅前,大分交通（株）,赤根
香々地少年自然の家入口,大分交通（株）,高田総合＿1
堂園,大分交通（株）,高田総合＿1
西村,大分交通（株）,"高田総合＿1, 西方寺"
面木,国東市,熊毛・長瀬線
櫛来中部,国東市,櫛来線
須川下,国東市,櫛来線
櫛海中の上,国東市,鬼籠・櫛海線
近広,大分交通（株）,高田総合＿1
新涯,大分交通（株）,赤根
浜,国東市,熊毛・長瀬線
鬼籠公民館,国東市,鬼籠・櫛海線
内迫,大分交通（株）,"伊美小, 竹田津"
松津,大分交通（株）,高田総合＿1
高地下,国東市,櫛来線
岡井上,大分交通（株）,西方寺
長相,大分交通（株）,高田総合＿1
井上,大分交通（株）,高田総合＿1
岐部農協前,大分交通（株）,岐部
熊毛,大分交通（株）,"伊美小, 竹田津"
内園,大分交通（株）,赤根
中岐部,大分交通（株）,"伊美小, 竹田津"
消防倉庫前,国東市,大熊毛・小熊毛線
大熊毛公民館,国東市,"大熊毛・小熊毛線, 熊毛・長瀬線"
大熊毛,大分交通（株）,"伊美小, 竹田津"
高地上,国東市,櫛来線
池の平,大分交通（株）,"伊美小, 竹田津"
浄隆寺前,国東市,鬼籠・櫛海線
中河内,国東市,鬼籠・櫛海線
島田,大分交通（株）,"伊美小, 竹田津"
10-1構造改善センター,豊後高田市,市民乗合タクシー　夷線
西ノ上,大分交通（株）,"伊美小, 竹田津"
岐部小学校,大分交通（株）,岐部
岩付,国東市,櫛来線
石堂,大分交通（株）,赤根
小川原,大分交通（株）,高田総合＿1
羽根,大分交通（株）,高田総合＿1
羽根,豊後高田市,市民乗合タクシー　羽根線
伽藍,大分交通（株）,高田総合＿1
早田,豊後高田市,市民乗合タクシー　夷線
鬼籠上,国東市,鬼籠・櫛海線
大熊毛中,国東市,大熊毛・小熊毛線
小熊毛上,国東市,大熊毛・小熊毛線
大河内,国東市,鬼籠・櫛海線
羽根住宅,豊後高田市,"市民乗合タクシー　小畑線, 市民乗合タクシー　羽根線"
下川,大分交通（株）,西方寺
野田,大分交通（株）,赤根
大熊毛上,国東市,大熊毛・小熊毛線
向田,大分交通（株）,"伊美小, 竹田津"
西浜,国東市,向田・浜陽線
向田入口,国東市,向田・浜陽線
東浜,国東市,向田・浜陽線
今在家,大分交通（株）,岐部
小池,大分交通（株）,高田総合＿1
小池,豊後高田市,市民乗合タクシー　小畑線
上野田,大分交通（株）,赤根
羽根上公民館,豊後高田市,"市民乗合タクシー　小畑線, 市民乗合タクシー　羽根線"
山界,大分交通（株）,西方寺
法常商店,豊後高田市,市民乗合タクシー　夷線
向田中,国東市,向田・浜陽線
向田上,国東市,向田・浜陽線
西堅来,大分交通（株）,高田総合＿1
西堅来,豊後高田市,市民乗合タクシー　小畑線
中の迫,大分交通（株）,"伊美小, 竹田津"
粟嶋公園前,大分交通（株）,高田総合＿1
三浦郵便局,豊後高田市,市民乗合タクシー　小畑線
峯の下,大分交通（株）,西方寺
山口,大分交通（株）,赤根
秋光,豊後高田市,"市民乗合タクシー　羽根線, 市民乗合タクシー　夷線"
小林,大分交通（株）,高田総合＿1
上岐部,大分交通（株）,岐部
来浦日平,大分交通（株）,竹田津
三浦小学校入口,豊後高田市,市民乗合タクシー　小畑線
鼓,大分交通（株）,"岩戸寺, 竹田津"
浜公民館,国東市,向田・浜陽線
溝の上,国東市,向田・浜陽線
来浦浜,大分交通（株）,"岩戸寺, 竹田津"
西方寺公民館,大分交通（株）,西方寺
久保,大分交通（株）,赤根
旧農協支所前,国東市,向田・浜陽線
浜四つ角,国東市,向田・浜陽線
西迫,国東市,向田・浜陽線
来浦,大分交通（株）,岩戸寺
東浜,大分交通（株）,高田総合＿1
浜公民館,豊後高田市,市民乗合タクシー　臼野線
川原,大分交通（株）,西方寺
三浦2区公民館,豊後高田市,市民乗合タクシー　小畑線
政丸,大分交通（株）,岩戸寺
千灯,大分交通（株）,赤根
音,国東市,向田・浜陽線
谷尻,大分交通（株）,岩戸寺
不動口,大分交通（株）,赤根
臼野,大分交通（株）,高田総合＿1
瓜生野,国東市,向田・浜陽線
時安公民館,豊後高田市,市民乗合タクシー　臼野線
京来下,大分交通（株）,西方寺
宮の本,大分交通（株）,岩戸寺
行常,豊後高田市,市民乗合タクシー　小畑線
奈良原,大分交通（株）,"岩戸寺, 竹田津"
鶴川橋,大分交通（株）,岩戸寺
真寿苑,大分交通（株）,高田総合＿1
工寺,大分交通（株）,岩戸寺
西方寺,大分交通（株）,西方寺
金剛寺,大分交通（株）,岩戸寺
請,豊後高田市,市民乗合タクシー　小畑線
旧三重小学校,豊後高田市,"市民乗合タクシー　羽根線, 市民乗合タクシー　夷線"
臼野公民館,豊後高田市,市民乗合タクシー　臼野線
長野,大分交通（株）,岩戸寺
小畑,豊後高田市,市民乗合タクシー　小畑線
尾鷲,大分交通（株）,高田総合＿1
平原,大分交通（株）,岩戸寺
深江上,国東市,深江・寺山線
深江公民館,国東市,深江・寺山線
前田,豊後高田市,"市民乗合タクシー　小畑線, 市民乗合タクシー　羽根線, 市民乗合タクシー　夷線"
小畑公民館,豊後高田市,市民乗合タクシー　小畑線
秀石橋,大分交通（株）,赤根
中部公民館,豊後高田市,市民乗合タクシー　臼野線
比沙門,大分交通（株）,岩戸寺
深江入口,国東市,深江・寺山線
深江,大分交通（株）,"岩戸寺, 竹田津"
横内公民館,豊後高田市,市民乗合タクシー　臼野線
楽庭,豊後高田市,"市民乗合タクシー　小畑線, 市民乗合タクシー　羽根線, 市民乗合タクシー　夷線"
小畑上,豊後高田市,市民乗合タクシー　小畑線
泊,大分交通（株）,高田総合＿1
赤松,豊後高田市,市民乗合タクシー　臼野線
岩戸寺,大分交通（株）,岩戸寺
西夷公民館,豊後高田市,市民乗合タクシー　夷線
夷農村公園,豊後高田市,"市民乗合タクシー　小畑線, 市民乗合タクシー　羽根線, 市民乗合タクシー　夷線"
ホキ,国東市,堅来線
西泊,大分交通（株）,高田総合＿1
中畑,国東市,堅来線
花ノ木,国東市,堅来線
奥畑,国東市,堅来線
道園,豊後高田市,市民乗合タクシー　夷線
中受,国東市,堅来線
東堅来,大分交通（株）,"岩戸寺, 竹田津"
堅来公民館,国東市,堅来線
横山,豊後高田市,市民乗合タクシー　臼野線
塩屋西,国東市,堅来線
園田橋,国東市,堅来線
日向,国東市,堅来線
豆腐坂,大分交通（株）,文珠
明徳寺前,大分交通（株）,"岩戸寺, 竹田津"
岩戸寺上,大分交通（株）,岩戸寺
夫婦石,大分交通（株）,文珠
塩屋,国東市,堅来線
池の下,大分交通（株）,文珠
山畑,豊後高田市,市民乗合タクシー　臼野線
鳴,国東市,堅来線
横岳,豊後高田市,市民乗合タクシー　夷線
もみじ橋,大分交通（株）,文珠
真玉,大分交通（株）,高田総合＿1
真玉市民センター,豊後高田市,"市民乗合タクシー　黒土線, 市民乗合タクシー　臼野線"
鳥越,豊後高田市,"市民乗合タクシー　小畑線, 市民乗合タクシー　羽根線, 市民乗合タクシー　夷線"
真玉支所前,大分交通（株）,高田総合＿1
真玉郵便局,豊後高田市,市民乗合タクシー　黒土線
富来小学校前,大分交通（株）,"岩戸寺, 竹田津"
清水,大分交通（株）,文珠
原田医院,豊後高田市,"市民乗合タクシー　黒土線, 市民乗合タクシー　臼野線"
浜内新田,大分交通（株）,高田総合＿1
浜内新田,豊後高田市,"市民乗合タクシー　黒土線, 市民乗合タクシー　臼野線"
老人憩の家前,大分交通（株）,赤根
藁簑,大分交通（株）,文珠
スーパーまたま,豊後高田市,"市民乗合タクシー　黒土線, 市民乗合タクシー　臼野線"
夷谷温泉,豊後高田市,"市民乗合タクシー　小畑線, 市民乗合タクシー　羽根線, 市民乗合タクシー　夷線"
畑中,大分交通（株）,文珠
大村,大分交通（株）,高田総合＿1
赤根農協前,大分交通（株）,赤根
泉慶寺前,大分交通（株）,文珠
殿町,吉富町・上毛町,築上東部乗合タクシー
本富来,大分交通（株）,文珠
川中,大分交通（株）,文珠
蓑野,大分交通（株）,文珠
友僧,大分交通（株）,文珠
富来浦,大分交通（株）,"岩戸寺, 竹田津"
大恩寺,大分交通（株）,文珠
図書館入口,豊前市・吉富町・中津市,コミュニティバス　豊前・中津線
庄屋,豊後高田市,市民乗合タクシー　黒土線
有寺,豊後高田市,市民乗合タクシー　黒土線
赤根,大分交通（株）,赤根
富来橋,大分交通（株）,"文珠, 岩戸寺, 竹田津"
富来橋,国東市,"向田・浜陽線, 堅来線, 深江・寺山線"
中津公園地入口,吉富町・上毛町,築上東部乗合タクシー
東金屋,大分交通（株）,高田総合＿1
寺山入口,大分交通（株）,文珠
富来,大分交通（株）,文珠
富来中学校前,大分交通（株）,文珠
柳,大分交通（株）,文珠
新博多町,吉富町・上毛町,築上東部乗合タクシー
ゆめタウン前,豊前市・吉富町・中津市,コミュニティバス　豊前・中津線
ゆめタウン前,大分交通（株）,海岸中高
文珠,大分交通（株）,文珠
福沢通り,大分交通（株）,"海岸中高, 池永/車庫, 池永/八面山＿2"
金屋,大分交通（株）,高田総合＿1
常盤平,豊後高田市,市民乗合タクシー　黒土線
松原,大分交通（株）,"文珠, 岩戸寺, 竹田津"
東本町（中津駅北口）,豊前市・吉富町・中津市,コミュニティバス　豊前・中津線
東本町,大分交通（株）,"海岸中高, 池永/車庫, 池永/八面山＿2"
上寺山,国東市,深江・寺山線
西金屋,大分交通（株）,高田総合＿1
JR中津駅,吉富町・上毛町,築上東部乗合タクシー
中津合同庁舎入口,豊前市・吉富町・中津市,コミュニティバス　豊前・中津線
中津市役所前,大分交通（株）,"中安＿1, 中日＿2, 池永/八面山＿1, 深耶馬溪, 池永/田中＿2, 永添, 深秣, 沖代/女短, 池永/少年院, 中日＿5, 沖代/北高, 中安＿3"
中津駅前,大分交通（株）,"海岸中高, 中安＿1, 中日＿2, 池永/田中＿1, 池永/八面山＿1, 深耶馬溪, 池永/車庫, 池永/田中＿2, 永添, 池永/八面山＿2, 深秣, 沖代/女短, 池永/少年院, 中日＿5, 沖代/北高, 中安＿3, 中津空港線, 二豊"
中津駅前,中津市,中津市コミュニティバス　三保線
東新田入口,大分交通（株）,海岸中高
松寿園前,大分交通（株）,"文珠, 岩戸寺, 竹田津"
中殿,大分交通（株）,"海岸中高, 池永/車庫, 池永/八面山＿2"
五徳,国東市,深江・寺山線
豊田町二丁目,大分交通（株）,"中安＿1, 中日＿2, 池永/八面山＿1, 深耶馬溪, 池永/田中＿2, 永添, 深秣, 沖代/女短, 池永/少年院, 沖代/北高, 中安＿3"
ときわ,豊後高田市,市民乗合タクシー　黒土線
東浜,大分交通（株）,海岸中高
小河内,豊後高田市,市民乗合タクシー　黒土線
牛神,豊前市・吉富町・中津市,コミュニティバス　豊前・中津線
牛神,大分交通（株）,"海岸中高, 池永/車庫, 池永/八面山＿2"
赤坂,大分交通（株）,高田総合＿1
寺山公民館,国東市,深江・寺山線
小楠,大分交通（株）,"海岸中高, 池永/車庫, 池永/八面山＿2"
工科短大前,大分交通（株）,海岸中高
湯原,豊後高田市,市民乗合タクシー　黒土線
中央町1丁目,大分交通（株）,"中安＿1, 池永/八面山＿1, 池永/田中＿2, 沖代/女短, 池永/少年院, 沖代/北高, 中安＿3"
大新田,大分交通（株）,海岸中高
下寺山,国東市,深江・寺山線
東新田,大分交通（株）,海岸中高
宮永,大分交通（株）,"永添, 深秣"
一ツ松,豊前市・吉富町・中津市,コミュニティバス　豊前・中津線
一ツ松,大分交通（株）,"海岸中高, 池永/車庫, 池永/八面山＿2"
中津警察署前,大分交通（株）,"中安＿1, 池永/八面山＿1, 池永/田中＿2, 沖代/女短, 池永/少年院, 沖代/北高, 中安＿3"
下成仏,大分交通（株）,上国崎＿2
下成仏,国東市,上国崎線
新宮永,大分交通（株）,"中日＿2, 深耶馬溪"
中津総合庁舎入口,大分交通（株）,"中安＿1, 池永/八面山＿1, 池永/田中＿2, 沖代/女短, 池永/少年院, 中安＿3, 二豊"
猫石,大分交通（株）,高田総合＿1
浜崎,国東市,深江・寺山線
スパランド真玉,豊後高田市,市民乗合タクシー　黒土線
郷司前,大分交通（株）,上国崎＿2
郷司前,国東市,上国崎線
金湧,大分交通（株）,上国崎＿2
金湧,国東市,上国崎線
大岩屋,豊後高田市,市民乗合タクシー　黒土線
長浜,大分交通（株）,"文珠, 岩戸寺, 竹田津"
宮夫,豊前市・吉富町・中津市,コミュニティバス　豊前・中津線
宮夫,大分交通（株）,"海岸中高, 池永/車庫, 池永/八面山＿2"
田尻,大分交通（株）,海岸中高
宝蔵寺入口,大分交通（株）,"永添, 深秣"
中津児童相談所前,大分交通（株）,沖代/北高
体育館前,国東市,深江・寺山線
前山,国東市,深江・寺山線
浄円寺前,大分交通（株）,上国崎＿2
浄円寺前,国東市,上国崎線
石原,大分交通（株）,上国崎＿2
石原,国東市,上国崎線
見地,大分交通（株）,上国崎＿2
見地,国東市,上国崎線
東九州短大入口,大分交通（株）,"中安＿1, 池永/八面山＿1, 池永/田中＿2, 池永/少年院, 中安＿3"
上黒土,豊後高田市,市民乗合タクシー　黒土線
下城前,豊後高田市,市民乗合タクシー　黒土線
中津北高入口,大分交通（株）,"中日＿2, 深耶馬溪, 中日＿5"
成仏公民館前,大分交通（株）,上国崎＿2
成仏公民館前,国東市,上国崎線
中津市民病院,中津市,中津市コミュニティバス　三保線
一ツ松口,大分交通（株）,"中安＿1, 池永/八面山＿1, 池永/田中＿2, 池永/少年院, 中安＿3"
上宮永三丁目,大分交通（株）,"永添, 深秣"
仙人湯,豊後高田市,市民乗合タクシー　黒土線
錆矢堂,大分交通（株）,"池永/車庫, 池永/八面山＿2"
中津市民病院前,豊前市・吉富町・中津市,コミュニティバス　豊前・中津線
中津市民病院前,大分交通（株）,"海岸中高, 池永/田中＿1, 池永/八面山＿1, 池永/車庫, 池永/八面山＿2"
上成仏,大分交通（株）,上国崎＿2
上成仏,国東市,上国崎線
中津北高前,大分交通（株）,沖代/北高
坂口橋,大分交通（株）,上国崎＿2
坂口橋,国東市,上国崎線
東九州短大前,大分交通（株）,沖代/女短
東中津駅入口,大分交通（株）,海岸中高
中津市民病院入口,大分交通（株）,"中安＿1, 池永/田中＿2, 池永/少年院, 中安＿3, 中津空港線, 二豊"
見地中村,大分交通（株）,上国崎＿2
見地中村,国東市,上国崎線
中央町,大分交通（株）,沖代/北高
尾本,大分交通（株）,"文珠, 岩戸寺, 竹田津"
入川,大分交通（株）,高田総合＿1
中津放送局入口,大分交通（株）,"中安＿1, 池永/車庫, 池永/田中＿2, 池永/八面山＿2, 池永/少年院, 中安＿3"
中黒土,豊後高田市,市民乗合タクシー　黒土線
上城前,豊後高田市,市民乗合タクシー　黒土線
上真玉公民館,豊後高田市,市民乗合タクシー　黒土線
和田小学校前,大分交通（株）,海岸中高
沖代町二丁目,大分交通（株）,沖代/北高
下黒土,豊後高田市,市民乗合タクシー　黒土線
沖代町,大分交通（株）,沖代/女短
椿堂,豊後高田市,市民乗合タクシー　黒土線
下五領,大分交通（株）,"永添, 深秣"
無動寺,豊後高田市,市民乗合タクシー　黒土線
三畑公民館,豊後高田市,市民乗合タクシー　長岩屋線
沖代町一丁目,大分交通（株）,沖代/北高
下池永,大分交通（株）,"池永/車庫, 池永/田中＿2, 池永/八面山＿2, 池永/少年院"
全徳入口,大分交通（株）,"中安＿1, 中安＿3"
新五領,大分交通（株）,"中日＿2, 深耶馬溪"
中津東高校入口,大分交通（株）,"中安＿1, 中安＿3"
上中田,大分交通（株）,上国崎＿2
上中田,国東市,上国崎線
金手,大分交通（株）,"沖代/女短, 沖代/北高"
唯専寺前,大分交通（株）,海岸中高
小路,大分交通（株）,海岸中高
コカコウラ,国東市,高良線
五領,大分交通（株）,"永添, 深秣"
新開,大分交通（株）,高田総合＿1
東陶前,大分交通（株）,"中安＿1, 中安＿3, 中津空港線, 二豊"
諸田,大分交通（株）,海岸中高
五領住宅前,大分交通（株）,"中日＿2, 深耶馬溪"
精米所,国東市,高良線
長添,豊後高田市,市民乗合タクシー　草地線
今津,大分交通（株）,海岸中高
池永,大分交通（株）,"池永/車庫, 池永/田中＿2, 池永/八面山＿2, 池永/少年院"
北江,大分交通（株）,"文珠, 岩戸寺, 竹田津"
西鍋島,大分交通（株）,海岸中高
平六どん,国東市,高良線
中田,大分交通（株）,上国崎＿2
上池永,大分交通（株）,"池永/車庫, 池永/田中＿2, 池永/八面山＿2, 池永/少年院"
下万田,大分交通（株）,"永添, 深秣"
畑,豊後高田市,市民乗合タクシー　草地線
八光産業前,大分交通（株）,"中安＿1, 中安＿3"
園田,大分交通（株）,"沖代/女短, 沖代/北高"
中田,国東市,上国崎線
天念寺,豊後高田市,市民乗合タクシー　長岩屋線
呉崎,大分交通（株）,高田総合＿1
神宮寺,国東市,高良線
北原入口,大分交通（株）,"中安＿1, 中安＿3"
国東自動車学校前,大分交通（株）,"文珠, 岩戸寺, 竹田津"
万田,大分交通（株）,"永添, 深秣"
大貞病院前,大分交通（株）,"池永/車庫, 池永/田中＿2, 池永/八面山＿2, 池永/少年院"
長洲漁港,宇佐市,長洲・金屋線
小川,大分交通（株）,上国崎＿1
今宮,宇佐市,高家・天津線
殿道,豊後高田市,市民乗合タクシー　草地線
鍋島,大分交通（株）,海岸中高
新万田,大分交通（株）,"中日＿2, 深耶馬溪, 中日＿5"
高皿,大分交通（株）,上国崎＿1
古城老人憩いの家,豊後高田市,市民乗合タクシー　草地線
古城の坂,大分交通（株）,"沖代/女短, 沖代/北高"
西湯屋,大分交通（株）,"永添, 深秣"
双葉の里,宇佐市,"高家・天津線, 和気・佐野線"
泉福寺前,大分交通（株）,上国崎＿1
愛宕宮,宇佐市,高家・天津線
下中田,大分交通（株）,上国崎＿2
下中田,国東市,上国崎線
大嶽,国東市,高良線
浜高家,宇佐市,高家・天津線
国東中学校前,大分交通（株）,"国東中学校前-安岐町役場前, 国杵, 上国崎＿1, 上国崎＿2, 文珠, 岩戸寺, 国高, 系統：3361"
国東中学校入口,大分交通（株）,"文珠, 岩戸寺, 竹田津"
横手,大分交通（株）,上国崎＿1
久上,大分交通（株）,"沖代/女短, 沖代/北高"
鶴居郵便局前,大分交通（株）,"中日＿2, 深耶馬溪"
湯屋,大分交通（株）,"永添, 深秣"
高家神社,宇佐市,高家・天津2号線
八間道路前,宇佐市,長洲・金屋線
下中,宇佐市,高家・天津2号線
野路山,大分交通（株）,"中安＿1, 中安＿3"
中浜郵便局,宇佐市,長洲・金屋線
上万田,大分交通（株）,深秣
宮熊,宇佐市,高家・天津線
農協前（中津）,中津市,中津市コミュニティバス　三保線
向,豊後高田市,市民乗合タクシー　草地線
入津橋,豊後高田市,市民乗合タクシー　草地線
大日小橋,豊後高田市,市民乗合タクシー　並石線
下永添,大分交通（株）,"永添, 深秣"
豊崎小学校前,大分交通（株）,上国崎＿1
今津駅入口,大分交通（株）,海岸中高
平松集会所,宇佐市,長洲・金屋線
焼野,豊後高田市,市民乗合タクシー　草地線
乙女新田,宇佐市,高家・天津線
あさの,豊後高田市,市民乗合タクシー　草地線
稲川,大分交通（株）,上国崎＿1
八幡町,大分交通（株）,"池永/車庫, 池永/田中＿2, 池永/八面山＿2, 池永/少年院"
下庄,宇佐市,高家・天津2号線
中伏,大分交通（株）,高田総合＿1
中伏,豊後高田市,市民乗合タクシー　草地線
木原,中津市,中津市コミュニティバス　三保線
安ケ浜,大分交通（株）,"文珠, 岩戸寺, 竹田津"
永添,大分交通（株）,"永添, 深秣"
尾永井,宇佐市,高家・天津線
八幡前,大分交通（株）,"沖代/女短, 沖代/北高"
恒久橋,大分交通（株）,"中日＿2, 深耶馬溪, 深秣"
三保入口,大分交通（株）,"中安＿1, 中安＿3"
本村,豊後高田市,市民乗合タクシー　草地線
神子山区集会所,宇佐市,柳ヶ浦線
行入,大分交通（株）,上国崎＿1
近広,豊後高田市,市民乗合タクシー　草地線
近広,大分交通（株）,高田総合＿1
両子寺,大分交通（株）,両子寺
両小寺,国東市,両子線
高家小学校,宇佐市,高家・天津2号線
グリーンセンター,豊後高田市,市民乗合タクシー　草地線
上永添,大分交通（株）,"永添, 深秣"
立野橋,大分交通（株）,上国崎＿2
立野橋,国東市,上国崎線
順風新田,宇佐市,柳ヶ浦線
下町,宇佐市,長洲・金屋線
立野,大分交通（株）,"上国崎＿1, 上国崎＿2"
立野,国東市,上国崎線
東川原,大分交通（株）,"上国崎＿1, 上国崎＿2"
小畑,大分交通（株）,上国崎＿1
原入口,大分交通（株）,"上国崎＿1, 上国崎＿2"
水口,大分交通（株）,"上国崎＿1, 上国崎＿2"
新栄住宅前,大分交通（株）,高田総合＿1
大貞公園入口,大分交通（株）,"池永/車庫, 池永/八面山＿2, 沖代/女短, 沖代/北高"
落合,大分交通（株）,上国崎＿1
北原東,中津市,中津市コミュニティバス　三保線
友田,大分交通（株）,"上国崎＿1, 上国崎＿2"
長洲支所前,大分交通（株）,柳ヶ浦
長洲出張所,宇佐市,長洲・金屋線
大貞,大分交通（株）,"池永/車庫, 池永/田中＿2, 池永/八面山＿2, 池永/少年院"
住江,大分交通（株）,柳ヶ浦
住江,宇佐市,柳ヶ浦線
郡中新田西,宇佐市,柳ヶ浦線
吉木,大分交通（株）,"上国崎＿1, 上国崎＿2"
川原旧道口,国東市,上国崎線
貴船,宇佐市,柳ヶ浦線
犬丸,大分交通（株）,"中安＿1, 中安＿3"
国東港,大分交通（株）,"国東-大分駅前, 国東-杵築駅前, 国杵, 丸小野, 竹田津"
西高家,宇佐市,高家・天津2号線
住江西,大分交通（株）,柳ヶ浦
薦神社前,大分交通（株）,"池永/田中＿2, 池永/少年院"
旦過入口,大分交通（株）,"上国崎＿1, 上国崎＿2"
沖台,国東市,上国崎線
田深中町,大分交通（株）,"上国崎＿1, 上国崎＿2"
今津コミュニティセンター,大分交通（株）,海岸中高
三口,大分交通（株）,"中日＿2, 深耶馬溪, 深秣"
永添住宅入口,大分交通（株）,"永添, 深秣"
古柄入口,大分交通（株）,上国崎＿1
長洲小松橋,大分交通（株）,柳ヶ浦
大貞公園,大分交通（株）,"池永/車庫, 池永/八面山＿2, 沖代/女短, 沖代/北高"
田深上町,国東市,上国崎線
金剛頂寺,宇佐市,高家・天津2号線
田深郵便局前,国東市,上国崎線
田深,大分交通（株）,"国東-大分駅前, 国東中学校前-安岐町役場前, 国東-杵築駅前, 国杵, 上国崎＿1, 上国崎＿2, 文珠, 岩戸寺, 丸小野, 国高, 系統：3361, 竹田津"
高砂新田西,宇佐市,柳ヶ浦線
岩保新田,宇佐市,長洲・金屋線
せぐち内科,豊後高田市,市民乗合タクシー　草地線
広末老人憩いの家,宇佐市,柳ヶ浦線
高田高校前,大分交通（株）,高田総合＿1
風の丘斎場,大分交通（株）,深秣
福島,中津市,中津市コミュニティバス　三保線
柳ヶ浦小松橋,大分交通（株）,柳ヶ浦
総合体育館入口,大分交通（株）,"池永/車庫, 池永/八面山＿2, 沖代/女短, 沖代/北高"
沖の巣,大分交通（株）,柳ヶ浦
トキハ長洲店,宇佐市,柳ヶ浦線
大幡小学校前,大分交通（株）,池永/少年院
春玉神社,宇佐市,長洲・金屋線
並石,豊後高田市,市民乗合タクシー　並石線
柳ヶ浦,大分交通（株）,柳ヶ浦
鶴市神社前,大分交通（株）,"中日＿2, 深耶馬溪"
長洲中学校前,大分交通（株）,柳ヶ浦
一畑,豊後高田市,市民乗合タクシー　並石線
大貞車庫前,大分交通（株）,"池永/車庫, 永添, 深秣, 沖代/女短, 沖代/北高, 中津空港線"
犬丸工業団地,大分交通（株）,"中安＿1, 中安＿3, 中津空港線"
木原入口,大分交通（株）,池永/田中＿2
長洲駅前,大分交通（株）,柳ヶ浦
善光寺駅前,大分交通（株）,"善光寺＿1, 善光寺＿2"
豊前善光寺駅,宇佐市,和気・佐野線
岩屋,大分交通（株）,上国崎＿1
城川,大分交通（株）,上国崎＿1
前の台,国東市,赤松線
田深橋,大分交通（株）,"国東-大分駅前, 国東中学校前-安岐町役場前, 国東-杵築駅前, 国杵, 上国崎＿1, 上国崎＿2, 文珠, 岩戸寺, 丸小野, 国高, 系統：3361, 竹田津"
田深橋,国東市,"高良線, 上国崎線, 向田・浜陽線, 堅来線, 深江・寺山線"
下原,国東市,赤松線
柳ヶ浦駅,宇佐市,柳ヶ浦線
上高家,大分交通（株）,善光寺＿1
柳ヶ浦駅前,大分交通（株）,柳ヶ浦
大貞公園南,大分交通（株）,"池永/車庫, 池永/八面山＿2, 沖代/女短, 沖代/北高"
上高家住宅前,大分交通（株）,善光寺＿1
城崎中学校前,大分交通（株）,上国崎＿1
下敷田踏切,宇佐市,高家・天津線
三保,大分交通（株）,池永/田中＿2
戴星学園,豊後高田市,"市民乗合タクシー　並石線, 市民乗合タクシー　長岩屋線"
山の中,大分交通（株）,池永/田中＿2
山内,大分交通（株）,両子寺
山内,国東市,両子線
下松行,豊後高田市,"市民乗合タクシー　並石線, 市民乗合タクシー　長岩屋線"
松行,豊後高田市,"市民乗合タクシー　並石線, 市民乗合タクシー　長岩屋線"
長久寺前,大分交通（株）,池永/田中＿2
中島神社前,大分交通（株）,善光寺＿1
駅前公民館前,大分交通（株）,善光寺＿1
新町,大分交通（株）,竹田津
上植野,大分交通（株）,海岸中高
新貝［宇佐市下庄］,宇佐市,高家・天津2号線
小倉製作所,大分交通（株）,"池永/車庫, 沖代/女短, 沖代/北高"
築地,豊後高田市,"市民乗合タクシー　並石線, 市民乗合タクシー　長岩屋線"
北鶴田新田,宇佐市,長洲・金屋線
三沢住宅前,大分交通（株）,"池永/車庫, 池永/八面山＿2, 沖代/女短, 沖代/北高"
古森,大分交通（株）,池永/田中＿2
中山吹,国東市,赤松線
上安国寺,国東市,赤松線
下山吹,国東市,赤松線
新屋敷,大分交通（株）,高田総合＿1
ヤマサン団地前,大分交通（株）,池永/少年院
善光寺駅通り,大分交通（株）,善光寺＿2
上山吹,国東市,赤松線
稲荷神社［宇佐市江須賀］,宇佐市,柳ヶ浦線
八幡小学校前,大分交通（株）,善光寺＿2
乙女郵便局前,大分交通（株）,善光寺＿2
佐々礼市営住宅前,大分交通（株）,柳ヶ浦
スポーツカレッジ,宇佐市,長洲・金屋線
下築地,豊後高田市,"市民乗合タクシー　並石線, 市民乗合タクシー　長岩屋線"
港町,大分交通（株）,"国東-大分駅前, 国東-杵築駅前, 国杵, 丸小野, 竹田津"
アストくにさき,国東市,"高良線, 上国崎線, 向田・浜陽線, 堅来線, 小原線, 治郎丸線, 深江・寺山線, 赤松線"
新田,豊後高田市,市民乗合タクシー　並石線
八日市,大分交通（株）,池永/田中＿2
乙女,大分交通（株）,善光寺＿2
江須賀,大分交通（株）,柳ヶ浦
加来入口,大分交通（株）,"池永/車庫, 池永/八面山＿2, 沖代/女短, 沖代/北高"
安国寺公民館,国東市,赤松線
中津検診センター,大分交通（株）,深秣
北ノ迫,豊後高田市,市民乗合タクシー　並石線
横町,大分交通（株）,"国東-大分駅前, 国東-杵築駅前, 国杵, 丸小野, 竹田津"
荒尾,豊後高田市,"市民乗合タクシー　並石線, 市民乗合タクシー　長岩屋線"
国東市役所前,大分交通（株）,"国東-大分駅前, 国東中学校前-安岐町役場前, 国東-杵築駅前, 国杵, 上国崎＿1, 上国崎＿2, 文珠, 岩戸寺, 丸小野, 国高, 系統：3361, 竹田津"
大力,豊後高田市,市民乗合タクシー　長岩屋線
佐々礼,大分交通（株）,柳ヶ浦
鏡迫,豊後高田市,市民乗合タクシー　並石線
下安国寺,国東市,赤松線
山の中公民館,中津市,中津市コミュニティバス　三保線
富山公民館,宇佐市,高家・天津2号線
さ蕨前,大分交通（株）,海岸中高
桜町,大分交通（株）,"国東-大分駅前, 国東-杵築駅前, 国杵, 丸小野, 竹田津"
加礼川,豊後高田市,市民乗合タクシー　並石線
黒川,大分交通（株）,池永/田中＿2
玉津まちの駅,豊後高田市,"市民乗合タクシー　上野線, 市民乗合タクシー　熊野線, 市民乗合タクシー　並石線, 市民乗合タクシー　長岩屋線, 市民乗合タクシー　草地線"
中村商店,宇佐市,高家・天津線
高家原口,大分交通（株）,善光寺＿1
上の原入口,大分交通（株）,"中日＿2, 深耶馬溪"
上乙女,大分交通（株）,善光寺＿2
龍美寿し,宇佐市,長洲・金屋線
田中,大分交通（株）,池永/田中＿2
玉津商店街,大分交通（株）,高田総合＿1
地間,国東市,赤松線
上京一,国東市,赤松線
旧都甲小学校,豊後高田市,市民乗合タクシー　並石線
国東,大分交通（株）,"国東-大分駅前, 国東-杵築駅前, 国杵, 上国崎＿1, 上国崎＿2, 文珠, 岩戸寺, 丸小野, 竹田津"
松崎,大分交通（株）,柳ヶ浦
上払田,豊後高田市,"市民乗合タクシー　並石線, 市民乗合タクシー　長岩屋線"
植野,大分交通（株）,"中安＿1, 中安＿3"
国東バスターミナル,国東市,"高良線, 上国崎線, 向田・浜陽線, 堅来線, 小原線, 治郎丸線, 深江・寺山線, 赤松線"
金屋保育園,宇佐市,長洲・金屋線
上町,豊後高田市,"市民乗合タクシー　上野線, 市民乗合タクシー　熊野線, 市民乗合タクシー　並石線, 市民乗合タクシー　長岩屋線, 市民乗合タクシー　草地線"
払田,豊後高田市,"市民乗合タクシー　並石線, 市民乗合タクシー　長岩屋線"
桂橋,大分交通（株）,高田総合＿1
中京一,国東市,赤松線
イオン三光東口,大分交通（株）,"池永/八面山＿2, 深秣"
和間局前,大分交通（株）,柳ヶ浦
新城,豊後高田市,市民乗合タクシー　並石線
中須賀,宇佐市,柳ヶ浦線
中須賀,大分交通（株）,柳ヶ浦
稲男,大分交通（株）,池永/少年院
西新町,大分交通（株）,柳ヶ浦
有安,豊後高田市,市民乗合タクシー　長岩屋線
鶴谷橋,豊後高田市,市民乗合タクシー　並石線
京一,国東市,赤松線
新町,大分交通（株）,柳ヶ浦
中庄,宇佐市,高家・天津2号線
金屋集会所,宇佐市,長洲・金屋線
加来原,大分交通（株）,"池永/車庫, 池永/八面山＿2, 沖代/女短, 沖代/北高"
少年院官舎,大分交通（株）,池永/少年院
大東,国東市,赤松線
上乙女桜公園前,大分交通（株）,善光寺＿2
利生寺,国東市,赤松線
金剛寺,国東市,赤松線
亀山前,国東市,赤松線
恩祖,国東市,赤松線
富山お堂,宇佐市,高家・天津2号線
夏吉,豊後高田市,市民乗合タクシー　並石線
善隆寺前,中津市,中津市コミュニティバス　三保線
商工会議所,豊後高田市,"市民乗合タクシー　上野線, 市民乗合タクシー　熊野線, 市民乗合タクシー　並石線, 市民乗合タクシー　長岩屋線, 市民乗合タクシー　草地線"
払,大分交通（株）,両子寺
払,国東市,両子線
豊後高田バスターミナル,大分交通（株）,中津空港線
市立図書館前,大分交通（株）,高田総合＿1
宇佐胃腸病院,宇佐市,"長洲・金屋線, 柳ヶ浦線"
イオン三光東,大分交通（株）,"池永/八面山＿2, 深秣"
城土,中津市,中津市コミュニティバス　三保線
国宝善光寺,大分交通（株）,善光寺＿1
下上の原,大分交通（株）,"池永/八面山＿2, 深秣"
田中,中津市,中津市コミュニティバス　三保線
西大堀北,宇佐市,和間・高森線
イオン三光,大分交通（株）,"中日＿2, 深耶馬溪, 中日＿5"
イオン三光,中津市,中津市コミュニティバス　西秣線
イオンタウン豊後高田店,大分交通（株）,高田総合＿1
雷,豊後高田市,市民乗合タクシー　並石線
草場,中津市,中津市コミュニティバス　三保線
柳ケ浦高校前,大分交通（株）,柳ヶ浦
国東高校前,大分交通（株）,"国東-大分駅前, 国東中学校前-安岐町役場前, 国東-杵築駅前, 国杵, 上国崎＿1, 上国崎＿2, 文珠, 岩戸寺, 丸小野, 国高, 系統：3361, 竹田津"
中敷田公民館,宇佐市,高家・天津2号線
豊後高田市役所,大分交通（株）,"高田総合＿1, 中津空港線"
豊後高田,大分交通（株）,"高田総合＿1, 柳ヶ浦, 中安＿2, 高田総合＿2"
農村婦人の家,宇佐市,"高家・天津線, 和気・佐野線"
浜田,豊後高田市,市民乗合タクシー　並石線
夜泣の松,中津市,中津市コミュニティバス　三保線
豊後高田市役所,豊後高田市,"市民乗合タクシー　上野線, 市民乗合タクシー　熊野線, 市民乗合タクシー　並石線, 市民乗合タクシー　長岩屋線, 市民乗合タクシー　草地線"
蓮光寺南,宇佐市,柳ヶ浦線
高田本町,大分交通（株）,高田総合＿1
高田本町,豊後高田市,"市民乗合タクシー　上野線, 市民乗合タクシー　熊野線, 市民乗合タクシー　並石線, 市民乗合タクシー　長岩屋線, 市民乗合タクシー　草地線"
糸口保育園前,大分交通（株）,善光寺＿1
三光支所,中津市,中津市コミュニティバス　西秣線
梅ノ木,豊後高田市,市民乗合タクシー　並石線
浮殿橋,大分交通（株）,柳ヶ浦
水崎,大分交通（株）,柳ヶ浦
上の原,大分交通（株）,"池永/車庫, 池永/八面山＿2, 深秣, 沖代/女短, 沖代/北高"
加来,大分交通（株）,池永/少年院
高田中央病院,豊後高田市,"市民乗合タクシー　上野線, 市民乗合タクシー　熊野線, 市民乗合タクシー　並石線, 市民乗合タクシー　長岩屋線, 市民乗合タクシー　草地線"
高宇田,豊後高田市,市民乗合タクシー　長岩屋線
小平,中津市,中津市コミュニティバス　三保線
洞ノ上,中津市,中津市コミュニティバス　三保線
西川原,豊後高田市,市民乗合タクシー　並石線
宇佐中央内科,宇佐市,"長洲・金屋線, 柳ヶ浦線"
ナカノ重機前,中津市,中津市コミュニティバス　三保線
宇佐空の郷,宇佐市,和気・佐野線
中津少年院入口,大分交通（株）,深秣
下佐知,大分交通（株）,"中日＿2, 深耶馬溪"
西大堀,宇佐市,和間・高森線
上敷田入口,宇佐市,高家・天津2号線
江島神社,宇佐市,柳ヶ浦線
佐屋ノ元,豊後高田市,市民乗合タクシー　並石線
百々塚,豊後高田市,市民乗合タクシー　並石線
野部,豊後高田市,市民乗合タクシー　並石線
美和工業団地入口,大分交通（株）,中津空港線
青宇田,豊後高田市,市民乗合タクシー　並石線
大小路,豊後高田市,"市民乗合タクシー　上野線, 市民乗合タクシー　熊野線"
西大堀公民館,宇佐市,和間・高森線
甘木,豊後高田市,市民乗合タクシー　並石線
教覚寺,大分交通（株）,善光寺＿2
原口,大分交通（株）,"池永/車庫, 池永/八面山＿2, 深秣, 沖代/女短, 沖代/北高"
飛永,大分交通（株）,"中安＿1, 中安＿3, 高田総合＿2, 中津空港線"
糸口小学校前,大分交通（株）,善光寺＿1
横峯,大分交通（株）,両子寺
横峰,国東市,両子線
新地,大分交通（株）,"高田総合＿1, 中安＿2, 高田総合＿2"
智恩寺,豊後高田市,市民乗合タクシー　長岩屋線
琴ノ組,豊後高田市,市民乗合タクシー　並石線
佐知,大分交通（株）,"中日＿2, 深耶馬溪, 中日＿5"
野在,国東市,小原線
水取,豊後高田市,"市民乗合タクシー　上野線, 市民乗合タクシー　熊野線"
北部中核工業団地,大分交通（株）,中津空港線
黒水,大分交通（株）,深秣
新貝,国東市,小原線
池の端,大分交通（株）,"池永/車庫, 池永/八面山＿2, 沖代/女短, 沖代/北高"
石生入口,国東市,小原線
JAふれあい市場,宇佐市,長洲・金屋線
力堂,国東市,小原線
丸尾,宇佐市,長峰西部線
花いろ,豊後高田市,"市民乗合タクシー　上野線, 市民乗合タクシー　熊野線, 市民乗合タクシー　並石線, 市民乗合タクシー　長岩屋線"
高村,大分交通（株）,善光寺＿1
上庄,宇佐市,高家・天津線
丸小野上,大分交通（株）,丸小野
丸小野上,国東市,丸小野線
来縄,豊後高田市,"市民乗合タクシー　上野線, 市民乗合タクシー　熊野線"
明前,国東市,小原線
小原小学校,国東市,小原線
金林,国東市,小原線
楪,豊後高田市,市民乗合タクシー　並石線
明徳寺,宇佐市,高家・天津2号線
弁城,大分交通（株）,深秣
天満社,国東市,小原線
小原,大分交通（株）,"国東-大分駅前, 国東中学校前-安岐町役場前, 国東-杵築駅前, 国杵, 上国崎＿1, 上国崎＿2, 文珠, 岩戸寺, 丸小野, 国高, 系統：3361, 竹田津"
小原,国東市,"上国崎線, 向田・浜陽線, 堅来線, 治郎丸線, 深江・寺山線, 赤松線"
小原入口,国東市,小原線
公民館入口,国東市,小原線
下城井,大分交通（株）,善光寺＿2
森西口,豊後高田市,"市民乗合タクシー　上野線, 市民乗合タクシー　熊野線"
上来縄,豊後高田市,"市民乗合タクシー　上野線, 市民乗合タクシー　熊野線"
七巻神社,国東市,小原線
石田医院前,宇佐市,和間・高森線
小野内科病院,宇佐市,"高家・天津2号線, 高家・天津線, 長峰西部線, 長峰東部線, 末・下山下線"
樋田入口,大分交通（株）,"中安＿1, 中安＿3, 高田総合＿2"
上佐知,大分交通（株）,"中日＿2, 深耶馬溪"
西原口,大分交通（株）,池永/八面山＿2
上地北,宇佐市,和間・高森線
森山,大分交通（株）,深秣
森宮ノ元,豊後高田市,"市民乗合タクシー　上野線, 市民乗合タクシー　熊野線"
下川部,大分交通（株）,柳ヶ浦
蜷木,宇佐市,和間・高森線
徳代,大分交通（株）,両子寺
徳代,国東市,両子線
田原河内,杵築市,大田コース
犬田,大分交通（株）,"高田総合＿1, 中安＿2, 高田総合＿2"
蜷木東,宇佐市,和間・高森線
原口公民館,大分交通（株）,池永/八面山＿2
後田商店,宇佐市,"長峰西部線, 長峰東部線"
糸口中村,大分交通（株）,善光寺＿1
上地南,宇佐市,和間・高森線
上丸小野,大分交通（株）,丸小野
上丸小野,国東市,丸小野線
諸田,大分交通（株）,朝来
諸田,国東市,諸田線
南敷田,大分交通（株）,"中安＿1, 中安＿3, 高田総合＿2, 二豊"
森,豊後高田市,"市民乗合タクシー　上野線, 市民乗合タクシー　熊野線"
南平,大分交通（株）,深秣
高森公民館,宇佐市,和間・高森線
道の駅くにさき,国東市,"高良線, 上国崎線, 向田・浜陽線, 堅来線, 小原線, 治郎丸線, 深江・寺山線, 赤松線"
三光中学校入口,大分交通（株）,"池永/車庫, 沖代/女短, 沖代/北高"
長峰郵便局,宇佐市,"長峰西部線, 長峰東部線"
新村,宇佐市,和間・高森線
丸小野,大分交通（株）,丸小野
丸小野,国東市,丸小野線
城,大分交通（株）,善光寺＿2
川部,大分交通（株）,柳ヶ浦
蜷木二区公民館,宇佐市,和間・高森線
下平,宇佐市,長峰西部線
木部,宇佐市,長峰西部線
下ノ平,豊後高田市,市民乗合タクシー　上野線
倉迫,大分交通（株）,深秣
黒津崎国民休養地入口,大分交通（株）,"国杵, 国高, 系統：3361"
黒津公民館,国東市,小原線
黒津崎,大分交通（株）,"国東-大分駅前, 国東中学校前-安岐町役場前, 国東-杵築駅前, 国杵, 丸小野, 国高, 竹田津"
吉松入口,大分交通（株）,善光寺＿1
下今仁,宇佐市,長峰西部線
杉園,大分交通（株）,朝来
杉園,国東市,諸田線
宮の前,大分交通（株）,両子寺
宮の前,国東市,両子線
えびす様,国東市,狭間線
歴史博物館,大分交通（株）,高田総合＿2
上川内,国東市,治郎丸線
ふき陽平,豊後高田市,市民乗合タクシー　熊野線
迫田,豊後高田市,市民乗合タクシー　上野線
岡入口,大分交通（株）,丸小野
岡入口,国東市,丸小野線
成恒,大分交通（株）,池永/八面山＿2
横田,大分交通（株）,"高田総合＿1, 中安＿2, 高田総合＿2"
理容おかもと前,宇佐市,和間・高森線
川内,国東市,治郎丸線
砂防ダム,国東市,小俣線
笠松,大分交通（株）,"中安＿1, 中安＿3, 高田総合＿2, 中津空港線"
上諫山,大分交通（株）,"池永/車庫, 沖代/女短, 沖代/北高"
上仲吉,国東市,治郎丸線
柿園,大分交通（株）,丸小野
柿園,国東市,丸小野線
岡崎入口,中津市,中津市コミュニティバス　西秣線
本村,国東市,小原線
JA三光支店,中津市,中津市コミュニティバス　西秣線
仲吉,国東市,治郎丸線
猿渡,大分交通（株）,"中安＿1, 中安＿3, 高田総合＿2"
柑橘試験場前,大分交通（株）,"国杵, 国高, 系統：3361"
石川内,国東市,狭間線
北宇佐第二集会所,宇佐市,和間・高森線
長峰小学校入口,宇佐市,長峰西部線
上宮本,国東市,治郎丸線
柑橘試験場入口,大分交通（株）,"国東-大分駅前, 国東中学校前-安岐町役場前, 国東-杵築駅前, 国杵, 丸小野, 国高, 竹田津"
下秣,大分交通（株）,深秣
下台,大分交通（株）,朝来
下台,国東市,諸田線
金藤,大分交通（株）,丸小野
金藤,国東市,丸小野線
久保田橋,大分交通（株）,両子寺
久保田橋,国東市,両子線
城井住宅前,大分交通（株）,善光寺＿2
三光公民館,中津市,中津市コミュニティバス　西秣線
清水,宇佐市,長峰西部線
畑田,大分交通（株）,柳ヶ浦
黒津崎海岸,大分交通（株）,"国東-大分駅前, 国東中学校前-安岐町役場前, 国東-杵築駅前, 国杵, 丸小野, 国高, 竹田津"
小田原,豊後高田市,"市民乗合タクシー　上野線, 市民乗合タクシー　熊野線"
下宮本,国東市,治郎丸線
北宇佐団地,宇佐市,和間・高森線
福祉保健センター前,中津市,中津市コミュニティバス　西秣線
川床,国東市,小俣線
はちまんの郷宇佐,宇佐市,長洲・金屋線
はちまんの郷宇佐,大分交通（株）,高田総合＿2
上治郎丸中央,国東市,治郎丸線
二本杉,大分交通（株）,"中日＿2, 深耶馬溪, 中日＿5"
中狭間,国東市,狭間線
間熊,大分交通（株）,丸小野
間熊,国東市,丸小野線
総合運動場,宇佐市,"長洲・金屋線, 和間・高森線"
総合運動場前,大分交通（株）,高田総合＿2
富貴寺,豊後高田市,市民乗合タクシー　熊野線
上佐野,宇佐市,長峰東部線
西木,大分交通（株）,"高田総合＿1, 中安＿2, 高田総合＿2"
山下入口,大分交通（株）,"中安＿1, 中安＿3, 高田総合＿2"
下赤尾,宇佐市,長峰東部線
池部,中津市,中津市コミュニティバス　西秣線
小野集会所下,杵築市,大田コース
上小田原,豊後高田市,"市民乗合タクシー　上野線, 市民乗合タクシー　熊野線"
平林,大分交通（株）,池永/八面山＿2
皿池,中津市,中津市コミュニティバス　西秣線
糸口山,大分交通（株）,"中安＿1, 中安＿3, 高田総合＿2"
上治郎丸入口,国東市,治郎丸線
久保畑,国東市,狭間線
葛原入口,大分交通（株）,善光寺＿2
木崎,大分交通（株）,池永/八面山＿2
宇佐産業科学高校前,大分交通（株）,善光寺＿1
下小袋入口,大分交通（株）,"池永/車庫, 沖代/女短, 沖代/北高"
持永,大分交通（株）,丸小野
持永,国東市,丸小野線
佐野,豊後高田市,"市民乗合タクシー　上野線, 市民乗合タクシー　熊野線"
西秣入口,大分交通（株）,深秣
千源寺,大分交通（株）,"中安＿1, 中安＿3, 高田総合＿2"
千源寺,宇佐市,"高家・天津2号線, 高家・天津線, 長峰西部線, 長峰東部線"
勤労青少年ホーム前,大分交通（株）,"中安＿1, 善光寺＿1, 中安＿3, 高田総合＿2, 麻生, 中津空港線"
西秣住宅前,中津市,中津市コミュニティバス　西秣線
稲丸池,宇佐市,麻生・横山線
和気,大分交通（株）,"中安＿3, 高田総合＿2"
中台,国東市,小俣線
治郎丸,大分交通（株）,"国東-大分駅前, 国東中学校前-安岐町役場前, 国東-杵築駅前, 国杵, 丸小野, 国高, 系統：3361, 竹田津"
下治郎丸公民館,国東市,治郎丸線
下田口,大分交通（株）,池永/八面山＿2
岩崎,大分交通（株）,"高田総合＿1, 中安＿2, 中安＿3, 高田総合＿2"
真坂,大分交通（株）,"池永/車庫, 沖代/女短, 沖代/北高"
下小田原,豊後高田市,"市民乗合タクシー　上野線, 市民乗合タクシー　熊野線"
旧河内幼稚園,豊後高田市,"市民乗合タクシー　上野線, 市民乗合タクシー　熊野線"
下山下,宇佐市,"麻生・横山線, 末・下山下線"
地蔵様,国東市,治郎丸線
山下,豊後高田市,市民乗合タクシー　熊野線
門前東,国東市,治郎丸線
佐野,大分交通（株）,中津空港線
松ヶ迫,国東市,松ヶ迫・小ヶ倉線
四日市出張所,宇佐市,"高家・天津2号線, 高家・天津線, 上麻生線, 西馬城線, 長峰西部線, 長峰東部線, 麻生・横山線, 和間・高森線"
大内山墓地下,杵築市,大田コース
原畑上,国東市,狭間線
中赤尾,宇佐市,長峰東部線
東山下,宇佐市,麻生・横山線
宇佐中学校前,大分交通（株）,"中安＿3, 高田総合＿2"
平の下,豊後高田市,"市民乗合タクシー　上野線, 市民乗合タクシー　熊野線"
東上田,宇佐市,和間・高森線
ふき,大分交通（株）,中津空港線
ふき,豊後高田市,"市民乗合タクシー　上野線, 市民乗合タクシー　熊野線"
松ケ迫上,国東市,松ヶ迫・小ヶ倉線
土田,大分交通（株）,"中日＿2, 深耶馬溪"
四日市支所前,大分交通（株）,"中安＿1, 善光寺＿1, 善光寺＿2, 中安＿3, 高田総合＿2, 麻生"
東本町,宇佐市,"高家・天津2号線, 高家・天津線, 上麻生線, 長峰西部線, 長峰東部線, 麻生・横山線"
中畑,大分交通（株）,朝来
中畑,国東市,諸田線
西秣公民館前,中津市,中津市コミュニティバス　西秣線
西本町,宇佐市,上麻生線
西本町,大分交通（株）,麻生
宇佐駅前,大分交通（株）,"高田総合＿1, 中安＿2, 中安＿3, 高田総合＿2, 中津空港線"
真見寺,宇佐市,麻生・横山線
パナソニック前,大分交通（株）,"中安＿3, 高田総合＿2"
上田,大分交通（株）,柳ヶ浦
上田,宇佐市,"西馬城線, 和間・高森線"
稲荷神社［宇佐市南宇佐］,宇佐市,和間・高森線
宇佐市役所前（市役所）,大分交通（株）,"中安＿3, 高田総合＿2, 中津空港線"
市役所［宇佐市］,宇佐市,"高家・天津2号線, 高家・天津線, 上麻生線, 西馬城線, 長洲・金屋線, 長峰西部線, 長峰東部線, 麻生・横山線, 和間・高森線"
上秣,大分交通（株）,深秣
岩渕,大分交通（株）,両子寺
岩渕,国東市,両子線
原畑下,国東市,狭間線
門前広場,宇佐市,"高家・天津2号線, 高家・天津線, 上麻生線, 西馬城線, 長峰西部線, 長峰東部線, 麻生・横山線, 和間・高森線"
伊田利,宇佐市,北馬城線
四日市,大分交通（株）,"柳ヶ浦, 中安＿1, 善光寺＿1, 善光寺＿2, 中安＿3, 高田総合＿2, 麻生, 西椎屋＿2, 二豊"
北馬城郵便局,宇佐市,北馬城線
徳永,大分交通（株）,丸小野
徳永,国東市,丸小野線
野路,大分交通（株）,"中日＿2, 深耶馬溪, 池永/車庫, 沖代/女短, 中日＿5, 沖代/北高"
橋津神社,宇佐市,北馬城線
サンリブ前,宇佐市,"高家・天津2号線, 高家・天津線, 上麻生線, 西馬城線, 長峰西部線, 長峰東部線, 麻生・横山線, 和間・高森線"
アメニティタウンかみまくさ,大分交通（株）,深秣
日足入口,宇佐市,北馬城線
日足入口,大分交通（株）,"中安＿3, 高田総合＿2"
旭日小学校前,大分交通（株）,"国東-大分駅前, 国東中学校前-安岐町役場前, 国東-杵築駅前, 国杵, 丸小野, 国高, 系統：3361, 竹田津"
中野,宇佐市,麻生・横山線
妙見,宇佐市,麻生・横山線
上今仁,宇佐市,長峰東部線
仮宮,大分交通（株）,池永/八面山＿2
東新町,大分交通（株）,"柳ヶ浦, 中安＿1, 中安＿3, 高田総合＿2, 西椎屋＿2"
松ケ迫中,国東市,松ヶ迫・小ヶ倉線
西部中学校,大分交通（株）,麻生
西部中学校,宇佐市,上麻生線
黒田整形外科,宇佐市,"西馬城線, 長洲・金屋線, 和間・高森線"
小ケ倉公民館,国東市,松ヶ迫・小ヶ倉線
伏田,宇佐市,北馬城線
伏田,大分交通（株）,"中安＿3, 高田総合＿2"
東新町入口,宇佐市,"高家・天津2号線, 高家・天津線, 上麻生線, 西馬城線, 長峰西部線, 長峰東部線, 麻生・横山線, 和間・高森線"
狭間入口,大分交通（株）,丸小野
狭間入口,国東市,"狭間線, 丸小野線"
風土記の丘入口,大分交通（株）,"中安＿3, 高田総合＿2"
吉行,国東市,小俣線
上赤尾,宇佐市,長峰東部線
常徳入口,大分交通（株）,"柳ヶ浦, 中安＿1, 中安＿3, 高田総合＿2, 西椎屋＿2"
下法鏡寺,大分交通（株）,"柳ヶ浦, 中安＿3, 高田総合＿2"
市の尾,大分交通（株）,朝来
市の尾,国東市,諸田線
宇佐高校前,大分交通（株）,"中安＿3, 高田総合＿2"
宇佐高校,宇佐市,和気・佐野線
宇佐八幡,大分交通（株）,"中安＿3, 高田総合＿2, 中津空港線"
宇佐八幡,宇佐市,北馬城線
原,中津市,中津市コミュニティバス　西秣線
平和資料館,宇佐市,"高家・天津2号線, 高家・天津線, 上麻生線, 西馬城線, 長峰西部線, 長峰東部線, 麻生・横山線, 和間・高森線"
前田,大分交通（株）,"中安＿3, 高田総合＿2"
梅園橋,大分交通（株）,両子寺
梅園橋,国東市,両子線
小俣公民館前,国東市,小俣線
池部入口,豊後高田市,市民乗合タクシー　上野線
医師会病院,宇佐市,北馬城線
松ケ迫下,国東市,松ヶ迫・小ヶ倉線
宇佐上町,大分交通（株）,"中安＿3, 高田総合＿2"
中平,大分交通（株）,丸小野
中平,国東市,丸小野線
閤,大分交通（株）,"柳ヶ浦, 中安＿1, 中安＿3, 高田総合＿2, 西椎屋＿2"
綱井,大分交通（株）,"国東-大分駅前, 国東中学校前-安岐町役場前, 国東-杵築駅前, 国杵, 丸小野, 国高, 系統：3361, 竹田津"
台の原団地,宇佐市,上麻生線
台の原団地,大分交通（株）,麻生
駅川中学校前,大分交通（株）,"柳ヶ浦, 中安＿1, 中安＿3, 高田総合＿2, 西椎屋＿2"
紺屋,国東市,小俣線
三田,大分交通（株）,池永/八面山＿2
南赤尾,宇佐市,長峰東部線
日向,国東市,松ヶ迫・小ヶ倉線
麻田公民館前,大分交通（株）,丸小野
麻田公民館前,国東市,"狭間線, 丸小野線"
明治,大分交通（株）,朝来
明治,国東市,諸田線
法鏡寺前,宇佐市,長洲・金屋線
坂本,宇佐市,北馬城線
法鏡寺,大分交通（株）,"柳ヶ浦, 中安＿1, 中安＿3, 高田総合＿2, 中津空港線, 西椎屋＿2, 二豊"
法鏡寺,宇佐市,"高家・天津2号線, 高家・天津線, 上麻生線, 西馬城線, 長峰西部線, 長峰東部線, 麻生・横山線, 和間・高森線"
ミスターマックス,宇佐市,"西馬城線, 長洲・金屋線, 和間・高森線"
ミスターマックス,大分交通（株）,中安＿1
柚ノ木,大分交通（株）,朝来
柚木,国東市,諸田線
御幡,宇佐市,西馬城線
上野路,大分交通（株）,"中日＿2, 深耶馬溪"
吉広館,国東市,松ヶ迫・小ヶ倉線
日足北,宇佐市,北馬城線
迫,国東市,松ヶ迫・小ヶ倉線
山の下,大分交通（株）,池永/八面山＿2
山田入口,中津市,中津市コミュニティバス　西秣線
吉広城祉入口,国東市,松ヶ迫・小ヶ倉線
池部,豊後高田市,市民乗合タクシー　熊野線
阿弥陀寺,宇佐市,麻生・横山線
楽庭八幡宮,国東市,松ヶ迫・小ヶ倉線
出光公民館,宇佐市,北馬城線
富永,大分交通（株）,両子寺
富永,国東市,両子線
柳ヶ谷,豊後高田市,市民乗合タクシー　上野線
桶尻,大分交通（株）,深秣
武蔵西小学校,大分交通（株）,丸小野
武蔵西小学校,国東市,丸小野線
岩詰,大分交通（株）,朝来
岩詰,国東市,諸田線
小倉の池,大分交通（株）,麻生
小倉の池,宇佐市,上麻生線
馬場入口,国東市,松ヶ迫・小ヶ倉線
重藤,大分交通（株）,"国東-大分駅前, 国東中学校前-安岐町役場前, 国東-杵築駅前, 国杵, 丸小野, 国高, 系統：3361, 竹田津"
中武蔵農協,大分交通（株）,"丸小野, 系統：3801"
中武蔵郵便局前,国東市,"丸小野線, 松ヶ迫・小ヶ倉線"
小倉持,国東市,松ヶ迫・小ヶ倉線
杉山,国東市,松ヶ迫・小ヶ倉線
元重公民館,宇佐市,麻生・横山線
下別府,大分交通（株）,"中安＿1, 西椎屋＿2"
切畑,国東市,小俣線
中川原橋,宇佐市,北馬城線
金色橋,大分交通（株）,池永/八面山＿2
出光上,宇佐市,北馬城線
横嶺,豊後高田市,市民乗合タクシー　上野線
梅園の里,大分交通（株）,両子寺
別府,大分交通（株）,"中安＿1, 西椎屋＿2"
宮地,大分交通（株）,深秣
岸奈・広場前,杵築市,大田コース
横山郵便局,宇佐市,麻生・横山線
成道,大分交通（株）,朝来
成道,国東市,諸田線
小向野,宇佐市,西馬城線
長見,大分交通（株）,"丸小野, 系統：3801"
長見,国東市,丸小野線
中原,国東市,小俣線
成貞橋,宇佐市,北馬城線
金色妙見宮,大分交通（株）,池永/八面山＿2
穴野,杵築市,大田コース
恒清,大分交通（株）,両子寺
恒清,国東市,両子線
白木原集会所,杵築市,大田コース
新豊川,大分交通（株）,"中安＿1, 西椎屋＿2"
金色温泉,大分交通（株）,池永/八面山＿2
八面山平和公園前,大分交通（株）,池永/八面山＿2
手野公民館,大分交通（株）,"丸小野, 系統：3801"
手野公民館,国東市,"狭間線, 丸小野線, 松ヶ迫・小ヶ倉線"
馬場,宇佐市,麻生・横山線
田染中村,豊後高田市,市民乗合タクシー　上野線
深水公民館前,大分交通（株）,深秣
池の内,大分交通（株）,"国東-大分駅前, 国東中学校前-安岐町役場前, 国東-杵築駅前, 国杵, 丸小野, 国高, 系統：3361, 竹田津"
金丸公民館入口,宇佐市,北馬城線
田染郵便局前,豊後高田市,市民乗合タクシー　熊野線
上大塚入口,大分交通（株）,"中安＿1, 西椎屋＿2"
根比,中津市,中津市コミュニティバス　西秣線
久末,大分交通（株）,朝来
久末,国東市,諸田線
田染中村,大分交通（株）,中津空港線
中川上,国東市,松ヶ迫・小ヶ倉線
本谷,豊後高田市,市民乗合タクシー　上野線
日足南,宇佐市,北馬城線
鮎帰り,大分交通（株）,"中日＿2, 深耶馬溪"
荒堀,宇佐市,末・下山下線
長谷集会所前,中津市,中津市コミュニティバス　西秣線
中川下,国東市,松ヶ迫・小ヶ倉線
八面山荘,大分交通（株）,池永/八面山＿2
田染公民館,豊後高田市,市民乗合タクシー　上野線
松ケ本,大分交通（株）,深秣
弁畑,大分交通（株）,"丸小野, 系統：3801"
弁畑,国東市,丸小野線
船越,宇佐市,長峰東部線
下末,大分交通（株）,麻生
下末,宇佐市,上麻生線
井堀,中津市,中津市コミュニティバス　西秣線
大門,豊後高田市,市民乗合タクシー　熊野線
田染小崎,豊後高田市,市民乗合タクシー　上野線
楡木,宇佐市,北馬城線
渋見,大分交通（株）,"中日＿2, 深耶馬溪"
朝来小学校前,大分交通（株）,朝来
朝来小学校前,国東市,諸田線
小久保,大分交通（株）,両子寺
小久保,国東市,両子線
平原,国東市,小俣線
内田,大分交通（株）,"国東-大分駅前, 国東中学校前-安岐町役場前, 国東-杵築駅前, 国杵, 丸小野, 国高, 系統：3361, 竹田津"
今成公民館下,宇佐市,麻生・横山線
末,大分交通（株）,麻生
末,宇佐市,"上麻生線, 末・下山下線"
山本,大分交通（株）,"中安＿1, 西椎屋＿2"
中居,大分交通（株）,深秣
成吉上,国東市,松ヶ迫・小ヶ倉線
長谷寺前,中津市,中津市コミュニティバス　西秣線
相原,豊後高田市,市民乗合タクシー　上野線
朝来支所前,大分交通（株）,朝来
朝来支所前,国東市,諸田線
成吉公民館,国東市,松ヶ迫・小ヶ倉線
桧垣橋,宇佐市,西馬城線
矢野医院前,杵築市,大田コース
宮の前,国東市,松ヶ迫・小ヶ倉線
間戸,豊後高田市,市民乗合タクシー　熊野線
下拝田,大分交通（株）,"中安＿1, 西椎屋＿2"
下矢部公民館,宇佐市,西馬城線
板屋橋,大分交通（株）,深秣
専光寺,宇佐市,上麻生線
専光寺,大分交通（株）,麻生
西屋敷大橋,宇佐市,北馬城線
花山団地前,大分交通（株）,"国東-大分駅前, 国東中学校前-安岐町役場前, 国東-杵築駅前, 国杵, 丸小野, 国高, 系統：3361, 竹田津"
後野,杵築市,大田コース
志和利入口,大分交通（株）,"丸小野, 系統：3801"
志和利入口,国東市,"狭間線, 丸小野線"
寺野,国東市,小俣線
屋形入口,大分交通（株）,"中日＿2, 深耶馬溪"
屋形入口,中津市,中津市コミュニティバス　本耶馬渓・屋形コース
広瀬,大分交通（株）,"丸小野, 系統：3801"
広瀬,国東市,丸小野線
小園,国東市,志和利線
守谷医院前,中津市,"中津市コミュニティバス　本耶馬渓・東谷コース, 中津市コミュニティバス　本耶馬渓・西谷コース, 中津市コミュニティバス　本耶馬渓・屋形コース"
岩尾,大分交通（株）,朝来
岩尾,国東市,諸田線
樋田,大分交通（株）,"中日＿2, 深耶馬溪, 中日＿5"
今成,大分交通（株）,麻生
今成,宇佐市,上麻生線
黒堂橋,宇佐市,北馬城線
武蔵中学校前,大分交通（株）,"丸小野, 系統：3801"
志成学園前,国東市,"丸小野線, 松ヶ迫・小ヶ倉線"
江口商店,宇佐市,西馬城線
深水小学校前,大分交通（株）,深秣
光清,宇佐市,麻生・横山線
村,中津市,中津市コミュニティバス　本耶馬渓・屋形コース
下真木,豊後高田市,市民乗合タクシー　熊野線
糸永,大分交通（株）,両子寺
糸永,国東市,両子線
伊東歯科前,中津市,"中津市コミュニティバス　本耶馬渓・東谷コース, 中津市コミュニティバス　本耶馬渓・西谷コース, 中津市コミュニティバス　本耶馬渓・屋形コース"
上今市,大分交通（株）,"丸小野, 系統：3801"
上今市,国東市,"丸小野線, 松ヶ迫・小ヶ倉線"
平山,杵築市,立石向野線
下志和利,国東市,志和利線
平,豊後高田市,市民乗合タクシー　上野線
北俣水集会所,杵築市,大田コース
平,国東市,志和利線
下曽木入口,大分交通（株）,"中日＿2, 深耶馬溪"
上矢部公民館,宇佐市,西馬城線
拝田,大分交通（株）,"中安＿1, 西椎屋＿2"
大方橋,宇佐市,北馬城線
中村,国東市,志和利線
浜田住宅前,中津市,中津市コミュニティバス　本耶馬渓・屋形コース
大師堂前,大分交通（株）,朝来
大師堂前,国東市,諸田線
木内,大分交通（株）,麻生
木内,宇佐市,上麻生線
久保,大分交通（株）,深秣
一鍬前,国東市,小俣線
今市,大分交通（株）,"丸小野, 系統：3801"
今市,国東市,"狭間線, 丸小野線, 志和利線, 松ヶ迫・小ヶ倉線"
当官,国東市,志和利線
武蔵公民館,大分交通（株）,"丸小野, 系統：3801"
武蔵公民館,国東市,"小城線, 狭間線, 丸小野線, 志和利線, 松ヶ迫・小ヶ倉線"
武蔵隣保館,国東市,"小城線, 狭間線, 丸小野線, 志和利線, 松ヶ迫・小ヶ倉線"
武蔵,大分交通（株）,"国東-大分駅前, 国東中学校前-安岐町役場前, 国東-杵築駅前, 国杵, 丸小野, 国高, 系統：3361, 系統：3801, 竹田津"
武蔵,国東市,"小城線, 狭間線, 丸小野線, 志和利線, 松ヶ迫・小ヶ倉線"
八丸,杵築市,立石向野線
南渡,杵築市,大田コース
日切,杵築市,立石向野線
古市下,国東市,"小城線, 狭間線, 丸小野線, 志和利線, 松ヶ迫・小ヶ倉線"
真木大堂,豊後高田市,市民乗合タクシー　熊野線
青の洞門,大分交通（株）,"中日＿2, 深耶馬溪"
中,宇佐市,上麻生線
松尾,杵築市,立石向野線
上油留木上,国東市,油留木線
時枝,国東市,志和利線
仏供,杵築市,立石向野線
生目神社,宇佐市,西馬城線
横田氏宅前,中津市,中津市コミュニティバス　耶馬溪・城井線
椿八幡神社,国東市,志和利線
下糸永,大分交通（株）,両子寺
下糸永,国東市,両子線
弁分,大分交通（株）,朝来
弁分,国東市,諸田線
岡入口,大分交通（株）,深秣
瑞雲荘入口,杵築市,大田コース
下屋形下,中津市,中津市コミュニティバス　本耶馬渓・屋形コース
森の木,大分交通（株）,津民
森の木,中津市,"中津市コミュニティバス　耶馬溪・川原口線, 中津市コミュニティバス　耶馬溪・津民線"
東の前,大分交通（株）,津民
東の前,中津市,"中津市コミュニティバス　耶馬溪・川原口線, 中津市コミュニティバス　耶馬溪・津民線"
上野,豊後高田市,市民乗合タクシー　上野線
小屋の原,大分交通（株）,津民
小屋の原,中津市,"中津市コミュニティバス　耶馬溪・川原口線, 中津市コミュニティバス　耶馬溪・津民線"
相の原,大分交通（株）,津民
相の原,中津市,"中津市コミュニティバス　耶馬溪・川原口線, 中津市コミュニティバス　耶馬溪・津民線"
向野,杵築市,立石向野線
鷹栖観音,大分交通（株）,"中安＿1, 西椎屋＿2"
武蔵古市,大分交通（株）,"国東-大分駅前, 国東中学校前-安岐町役場前, 国東-杵築駅前, 国杵, 国高, 系統：3361, 竹田津"
むくのが丘,杵築市,立石向野線
本中氏宅前,中津市,中津市コミュニティバス　耶馬溪・城井線
永岩小学校前,大分交通（株）,津民
七郎公民館,国東市,吉松線
上福土,大分交通（株）,福土
川原口,大分交通（株）,津民
麻生中村,大分交通（株）,麻生
中公民館,宇佐市,麻生・横山線
長岩城址登山口,中津市,"中津市コミュニティバス　耶馬溪・川原口線, 中津市コミュニティバス　耶馬溪・津民線"
向野コミュニティセンター,杵築市,立石向野線
板山,杵築市,大田コース
上油留木公民館,国東市,油留木線
下糸原,大分交通（株）,"国東-大分駅前, 国東中学校前-安岐町役場前, 国東-杵築駅前, 国杵, 国高, 系統：3361, 竹田津"
迫入口,大分交通（株）,深秣
上矢部,宇佐市,西馬城線
中野,大分交通（株）,福土
中野,中津市,中津市コミュニティバス　耶馬溪・城井線
下屋形上,中津市,中津市コミュニティバス　本耶馬渓・屋形コース
朝登,大分交通（株）,福土
朝登,中津市,中津市コミュニティバス　耶馬溪・城井線
支所前,中津市,"中津市コミュニティバス　本耶馬渓・東谷コース, 中津市コミュニティバス　本耶馬渓・西谷コース, 中津市コミュニティバス　本耶馬渓・屋形コース"
浄土寺［向野］,杵築市,立石向野線
田染平野,豊後高田市,市民乗合タクシー　熊野線
土井,大分交通（株）,津民
杉山橋,大分交通（株）,両子寺
杉山橋,国東市,両子線
上油留木下,国東市,油留木線
青の洞門駐車場,大分交通（株）,"中日＿2, 深耶馬溪, 中日＿5"
中村,大分交通（株）,津民
中村,中津市,"中津市コミュニティバス　耶馬溪・川原口線, 中津市コミュニティバス　耶馬溪・津民線"
深泉寺前,大分交通（株）,深秣
八畝田,大分交通（株）,福土
大田支所前,大分交通（株）,中津空港線
大田庁舎,杵築市,"市内循環線, 大田コース"
糸原,大分交通（株）,"国東-大分駅前, 国東中学校前-安岐町役場前, 国東-杵築駅前, 国杵, 国高, 系統：3361, 竹田津"
青,大分交通（株）,"中日＿2, 深耶馬溪"
高畑,宇佐市,西馬城線
日野地［向野］,杵築市,立石向野線
日野地［国道］,杵築市,立石向野線
今原,杵築市,立石向野線
両午,大分交通（株）,津民
厳浄寺入口,中津市,中津市コミュニティバス　耶馬溪・川原口線
両午,中津市,中津市コミュニティバス　耶馬溪・津民線
岩鼻橋,大分交通（株）,麻生
岩鼻橋,宇佐市,"上麻生線, 麻生・横山線"
黒,宇佐市,麻生・横山線
今行,中津市,中津市コミュニティバス　本耶馬渓・屋形コース
中村,国東市,吉松線
毛谷村,中津市,中津市コミュニティバス　山国・槻木線
鳴,大分交通（株）,津民
鳴,中津市,"中津市コミュニティバス　耶馬溪・川原口線, 中津市コミュニティバス　耶馬溪・津民線"
辺割,大分交通（株）,深秣
中島,大分交通（株）,"中日＿2, 深耶馬溪, 中日＿5"
中島,中津市,"中津市コミュニティバス　本耶馬渓・東谷コース, 中津市コミュニティバス　本耶馬渓・西谷コース, 中津市コミュニティバス　本耶馬渓・屋形コース"
矢川,大分交通（株）,朝来
矢川,国東市,諸田線
出口橋,国東市,吉松線
影平,杵築市,立石向野線
つつじヶ丘団地前,大分交通（株）,"国東-大分駅前, 国東中学校前-安岐町役場前, 国東-杵築駅前, 国杵, 国高, 系統：3361, 竹田津"
中の川,大分交通（株）,朝田
竹野,大分交通（株）,福土
竹野,中津市,中津市コミュニティバス　耶馬溪・城井線
白岩,大分交通（株）,"中安＿1, 西椎屋＿2"
山袋,大分交通（株）,麻生
山袋,宇佐市,"上麻生線, 麻生・横山線"
泉,中津市,中津市コミュニティバス　山国・槻木線
三日月神社,大分交通（株）,"中日＿2, 深耶馬溪"
お堂前,国東市,吉松線
だんだん畑,杵築市,市内循環線
中学校前,中津市,"中津市コミュニティバス　本耶馬渓・東谷コース, 中津市コミュニティバス　本耶馬渓・西谷コース, 中津市コミュニティバス　本耶馬渓・屋形コース"
三坪,大分交通（株）,津民
三坪,中津市,"中津市コミュニティバス　耶馬溪・川原口線, 中津市コミュニティバス　耶馬溪・津民線"
枌,中津市,中津市コミュニティバス　本耶馬渓・屋形コース
俣水,大分交通（株）,朝田
俣水バス停,杵築市,大田コース
船,杵築市,立石向野線
一野,大分交通（株）,朝田
広岩石油店前,杵築市,大田コース
小城観音入口,国東市,小城線
上糸原,大分交通（株）,"国東-大分駅前, 国東中学校前-安岐町役場前, 国東-杵築駅前, 国杵, 国高, 竹田津"
上糸原,国東市,"諸田線, 小城線, 両子線, 狭間線, 丸小野線, 志和利線, 松ヶ迫・小ヶ倉線"
赤松橋,杵築市,大田コース
中台,国東市,油留木線
咄,大分交通（株）,深秣
芝原ほろんの郷,大分交通（株）,麻生
芝原ほろんの郷,宇佐市,麻生・横山線
小野本理容店前,杵築市,大田コース
二又橋,杵築市,大田コース
赤松,大分交通（株）,津民
赤松,中津市,"中津市コミュニティバス　耶馬溪・川原口線, 中津市コミュニティバス　耶馬溪・津民線"
中畑,杵築市,大田コース
柳原,大分交通（株）,福土
柳原,中津市,中津市コミュニティバス　耶馬溪・城井線
長上,杵築市,立石向野線
長瀬,大分交通（株）,"朝田, 朝来"
長瀬,国東市,諸田線
下台,国東市,油留木線
麻生局前,大分交通（株）,麻生
水取,中津市,"中津市コミュニティバス　本耶馬渓・東谷コース, 中津市コミュニティバス　本耶馬渓・西谷コース, 中津市コミュニティバス　本耶馬渓・屋形コース"
草場,国東市,吉松線
峠たていしの館,杵築市,立石向野線
小城,国東市,小城線
南糸原,大分交通（株）,"国東-大分駅前, 国東中学校前-安岐町役場前, 国東-杵築駅前, 国杵, 国高, 系統：3361, 竹田津"
陣内,宇佐市,麻生・横山線
立石上町,大分交通（株）,系統：4470・4480・4481
立石上町,杵築市,"内河野・西谷線, 立石・山浦線, 立石向野線"
藤ヶ谷,大分交通（株）,深秣
落合,大分交通（株）,津民
落合,中津市,中津市コミュニティバス　耶馬溪・津民線
神前橋,国東市,吉松線
熊・正覚寺公民館,宇佐市,西馬城線
合使入口,中津市,中津市コミュニティバス　山国・槻木線
門前,中津市,"中津市コミュニティバス　本耶馬渓・東谷コース, 中津市コミュニティバス　本耶馬渓・西谷コース, 中津市コミュニティバス　本耶馬渓・屋形コース"
鍛冶屋［山香町］,杵築市,立石向野線
尾崎氏宅前,中津市,"中津市コミュニティバス　耶馬溪・川原口線, 中津市コミュニティバス　耶馬溪・津民線"
生木,中津市,中津市コミュニティバス　本耶馬渓・屋形コース
三又川,大分交通（株）,"中安＿1, 西椎屋＿2"
力石,大分交通（株）,福土
力石,中津市,中津市コミュニティバス　耶馬溪・城井線
長野,大分交通（株）,両子寺
長野,国東市,両子線
芦木浄水場前,中津市,中津市コミュニティバス　耶馬溪・城井線
山浦,大分交通（株）,朝来
山浦,国東市,諸田線
立石郵便局,杵築市,"内河野・西谷線, 立石・山浦線, 立石向野線"
落合氏宅前,中津市,中津市コミュニティバス　耶馬溪・川原口線
長上入口,杵築市,立石向野線
正覚寺,宇佐市,西馬城線
南区集会所,杵築市,大田コース
岩屋公民館前,中津市,中津市コミュニティバス　耶馬溪・城井線
小城入口,大分交通（株）,"国東-大分駅前, 国東中学校前-安岐町役場前, 国東-杵築駅前, 国杵, 国高, 系統：3361, 竹田津"
立石支所前,大分交通（株）,系統：4470・4480・4481
波多方消防詰所前,杵築市,市内循環線
多志田農協前,大分交通（株）,"中日＿2, 深耶馬溪"
矢形,大分交通（株）,津民
矢形,中津市,"中津市コミュニティバス　耶馬溪・上ノ川内柾木線, 中津市コミュニティバス　耶馬溪・津民線"
田口上,国東市,吉松線
下波多方・大池,杵築市,大田コース
恵良商店,宇佐市,西馬城線
山浦大橋,大分交通（株）,朝来
山浦大橋,国東市,諸田線
立石,大分交通（株）,系統：4470・4480・4481
大月,大分交通（株）,系統：4470・4480・4481
大月,杵築市,"内河野・西谷線, 立石・山浦線"
立石駅前,大分交通（株）,系統：4470・4480・4481
立石駅前,杵築市,"内河野・西谷線, 立石・山浦線, 立石向野線"
上ノ川内防火水槽前,中津市,中津市コミュニティバス　耶馬溪・上ノ川内柾木線
柾木入口,大分交通（株）,津民
竜ケ尾,大分交通（株）,系統：4470・4480・4481
竜ケ尾,杵築市,"内河野・西谷線, 立石向野線"
多志田,大分交通（株）,"中日＿2, 深耶馬溪, 中日＿5"
下麻生,大分交通（株）,麻生
下麻生,宇佐市,麻生・横山線
鳴（武）氏宅前,中津市,中津市コミュニティバス　耶馬溪・上ノ川内柾木線
田口中,国東市,吉松線
小川内,大分交通（株）,深秣
辻,大分交通（株）,津民
ハイテクタウン向陽台,大分交通（株）,"国杵, 竹田津"
畑（墓地前）,杵築市,大田コース
羅漢寺,中津市,"中津市コミュニティバス　本耶馬渓・東谷コース, 中津市コミュニティバス　本耶馬渓・西谷コース, 中津市コミュニティバス　本耶馬渓・屋形コース"
尾川内,中津市,中津市コミュニティバス　耶馬溪・城井線
尾川内,大分交通（株）,福土
屋形簡易局前,中津市,中津市コミュニティバス　本耶馬渓・屋形コース
上分,杵築市,立石向野線
高塚,大分交通（株）,津民
高塚,中津市,"中津市コミュニティバス　耶馬溪・上ノ川内柾木線, 中津市コミュニティバス　耶馬溪・津民線"
農協前,中津市,"中津市コミュニティバス　本耶馬渓・東谷コース, 中津市コミュニティバス　本耶馬渓・西谷コース, 中津市コミュニティバス　本耶馬渓・屋形コース"
要橋,宇佐市,麻生・横山線
清水,大分交通（株）,津民
屋敷原,中津市,"中津市コミュニティバス　耶馬溪・上ノ川内柾木線, 中津市コミュニティバス　耶馬溪・津民線"
両川,大分交通（株）,"中安＿1, 西椎屋＿2, 二豊"
屋敷原,大分交通（株）,津民
道祖神橋,宇佐市,上麻生線
道祖神橋,大分交通（株）,麻生
中波多方,杵築市,大田コース
山志手,大分交通（株）,系統：4470・4480・4481
山志手,杵築市,"内河野・西谷線, 立石・山浦線"
芦木入口,大分交通（株）,福土
上ノ川内公民館前,中津市,中津市コミュニティバス　耶馬溪・上ノ川内柾木線
芋恵良,杵築市,内河野・西谷線
奥の院入口,中津市,中津市コミュニティバス　本耶馬渓・屋形コース
佐古氏宅前,中津市,中津市コミュニティバス　耶馬溪・上ノ川内柾木線
津民保育園前,大分交通（株）,津民
前鶴,中津市,中津市コミュニティバス　本耶馬渓・屋形コース
鵜戸橋,国東市,吉松線
中村営農センター入口,中津市,中津市コミュニティバス　耶馬溪・城井線
小瀬原,大分交通（株）,朝来
小瀬原,国東市,諸田線
ノーソン,中津市,"中津市コミュニティバス　耶馬溪・川原口線, 中津市コミュニティバス　耶馬溪・上ノ川内柾木線, 中津市コミュニティバス　耶馬溪・津民線"
津民診療所,中津市,"中津市コミュニティバス　耶馬溪・川原口線, 中津市コミュニティバス　耶馬溪・上ノ川内柾木線"
一ノ瀬公民館,国東市,吉松線
津民支所前,大分交通（株）,津民
三尾母,大分交通（株）,福土
三尾母,中津市,中津市コミュニティバス　耶馬溪・城井線
掛樋,大分交通（株）,"朝来, 両子寺"
山口入口,大分交通（株）,麻生
津民公民館入口,中津市,中津市コミュニティバス　耶馬溪・川原口線
浄正寺前,中津市,"中津市コミュニティバス　耶馬溪・川原口線, 中津市コミュニティバス　耶馬溪・上ノ川内柾木線"
大分空港,大分バス（株）,佐伯駅〜パークプレイス下〜大分空港
大分空港,大分交通（株）,"大分空港-新川, 大分空港-大分駅前, 国東-大分駅前, 国東中学校前-安岐町役場前, 別府駅前-大分空港, 国東-杵築駅前, 国杵, 国高, 系統：3361, 中津空港線, 竹田津"
山口,宇佐市,麻生・横山線
山口,大分交通（株）,"深秣, 麻生"
大下,大分交通（株）,"中安＿1, 西椎屋＿2"
仁王上,国東市,吉松線
坂山,大分交通（株）,津民
坂山,中津市,"中津市コミュニティバス　耶馬溪・上ノ川内柾木線, 中津市コミュニティバス　耶馬溪・津民線"
寺川内,中津市,中津市コミュニティバス　本耶馬渓・屋形コース
小野,大分交通（株）,"朝来, 両子寺"
小野,国東市,"諸田線, 両子線"
萩原,大分交通（株）,津民
萩原,中津市,"中津市コミュニティバス　耶馬溪・上ノ川内柾木線, 中津市コミュニティバス　耶馬溪・津民線"
屋那瀬,大分交通（株）,朝来
屋那瀬,国東市,諸田線
上大野,大分交通（株）,津民
上大野,中津市,"中津市コミュニティバス　耶馬溪・川原口線, 中津市コミュニティバス　耶馬溪・上ノ川内柾木線, 中津市コミュニティバス　耶馬溪・津民線"
庄部,大分交通（株）,麻生
庄部,宇佐市,麻生・横山線
台氏宅前,中津市,中津市コミュニティバス　耶馬溪・上ノ川内柾木線
荒谷,中津市,"中津市コミュニティバス　本耶馬渓・東谷コース, 中津市コミュニティバス　本耶馬渓・西谷コース, 中津市コミュニティバス　本耶馬渓・屋形コース"
掛樋,国東市,"諸田線, 両子線"
三尾母口,大分交通（株）,福土
鳴川,大分交通（株）,"朝来, 両子寺"
鳴川,国東市,"諸田線, 両子線"
道の上,大分交通（株）,麻生
道の上,宇佐市,麻生・横山線
萩原氏宅前,中津市,中津市コミュニティバス　耶馬溪・上ノ川内柾木線
芋尾,杵築市,大田コース
井原,中津市,"中津市コミュニティバス　本耶馬渓・東谷コース, 中津市コミュニティバス　本耶馬渓・西谷コース, 中津市コミュニティバス　本耶馬渓・屋形コース"
大野,大分交通（株）,津民
大野,中津市,"中津市コミュニティバス　耶馬溪・川原口線, 中津市コミュニティバス　耶馬溪・上ノ川内柾木線, 中津市コミュニティバス　耶馬溪・津民線"
奥畑,大分交通（株）,津民
奥畑,中津市,"中津市コミュニティバス　耶馬溪・上ノ川内柾木線, 中津市コミュニティバス　耶馬溪・津民線"
乙村入口,大分交通（株）,麻生
乙村入口,宇佐市,麻生・横山線
楓江団地前,大分交通（株）,"国東-大分駅前, 国東中学校前-安岐町役場前, 国東-杵築駅前, 国杵, 国高, 系統：3361, 竹田津"
城ケ谷,大分交通（株）,朝田
鮎帰,杵築市,市内循環線
安岐高校前,大分交通（株）,"朝来, 両子寺"
安岐高校前,国東市,"諸田線, 両子線"
平ケ倉,宇佐市,古川・平ケ倉線
金山,大分交通（株）,系統：4470・4480・4481
金山,杵築市,立石向野線
尾野氏宅前,中津市,中津市コミュニティバス　耶馬溪・城井線
香下,大分交通（株）,"中安＿1, 西椎屋＿2"
槍原山入口,大分交通（株）,津民
金山橋,杵築市,"内河野・西谷線, 立石・山浦線"
岩本氏宅前,中津市,中津市コミュニティバス　耶馬溪・上ノ川内柾木線
中畑,大分交通（株）,津民
中畑,中津市,"中津市コミュニティバス　耶馬溪・川原口線, 中津市コミュニティバス　耶馬溪・上ノ川内柾木線, 中津市コミュニティバス　耶馬溪・津民線"
桑原,中津市,中津市コミュニティバス　山国・槻木線
岡塚上,国東市,油留木線
大分キヤノン前,大分交通（株）,"国東-大分駅前, 国東中学校前-安岐町役場前, 国東-杵築駅前, 国杵, 国高, 系統：3361, 竹田津"
宮本氏宅前,中津市,中津市コミュニティバス　耶馬溪・上ノ川内柾木線
矢櫃入口,中津市,中津市コミュニティバス　本耶馬渓・屋形コース
唐見,大分交通（株）,"朝来, 両子寺"
唐見,国東市,"諸田線, 両子線"
町丈集会所前,中津市,中津市コミュニティバス　耶馬溪・城井線
町丈,大分交通（株）,福土
定野尾,杵築市,立石・山浦線
仁王下,国東市,吉松線
岡塚下,国東市,油留木線
小坂,宇佐市,南毛線
津民平原,大分交通（株）,津民
津民平原,中津市,"中津市コミュニティバス　耶馬溪・上ノ川内柾木線, 中津市コミュニティバス　耶馬溪・津民線"
野田,大分交通（株）,福土
野田,中津市,中津市コミュニティバス　耶馬溪・城井線
抽の木,大分交通（株）,津民
柚の木,中津市,"中津市コミュニティバス　耶馬溪・川原口線, 中津市コミュニティバス　耶馬溪・上ノ川内柾木線, 中津市コミュニティバス　耶馬溪・津民線"
荒平,大分交通（株）,系統：4470・4480・4481
荒平,杵築市,"内河野・西谷線, 立石・山浦線"
天堤,国東市,橋上線
中島氏宅前,中津市,中津市コミュニティバス　耶馬溪・城井線
仁王,国東市,吉松線
熊,宇佐市,大見尾・熊線
西安岐小学校,国東市,油留木線
平原（周）氏宅前,中津市,中津市コミュニティバス　耶馬溪・川原口線
平田局前,大分交通（株）,福土
平田（郵便局前）,中津市,中津市コミュニティバス　耶馬溪・城井線
平田,大分交通（株）,"中日＿2, 深耶馬溪, 福土, 中日＿5"
穐枝前,大分交通（株）,福土
平原入口,中津市,中津市コミュニティバス　本耶馬渓・屋形コース
城井公民館前,中津市,中津市コミュニティバス　耶馬溪・城井線
明戸木,国東市,橋上線
町民グラウンド入口,中津市,中津市コミュニティバス　耶馬溪・城井線
凪の橋,宇佐市,麻生・横山線
小川,国東市,"吉松線, 油留木線"
神社前,国東市,橋上線
Yショップ先,中津市,中津市コミュニティバス　耶馬溪・城井線
ポケットパークはだかた,杵築市,市内循環線
屋敷,宇佐市,古川・平ケ倉線
平田診療所,中津市,中津市コミュニティバス　耶馬溪・城井線
高野堂,大分交通（株）,麻生
安岐農協前,大分交通（株）,"南安岐, 朝来, 両子寺"
JAあき,国東市,吉松線
栃木,大分交通（株）,津民
栃木,中津市,"中津市コミュニティバス　耶馬溪・川原口線, 中津市コミュニティバス　耶馬溪・上ノ川内柾木線, 中津市コミュニティバス　耶馬溪・津民線"
城井小学校前,大分交通（株）,福土
城井小学校前,中津市,中津市コミュニティバス　耶馬溪・城井線
正月屋敷,国東市,橋上線
耶馬渓高校前,大分交通（株）,"中日＿2, 深耶馬溪, 福土, 中日＿5"
松林,国東市,橋上線
万里,宇佐市,麻生・横山線
願教寺,杵築市,内河野・西谷線
耶馬渓農協センター前,大分交通（株）,"中日＿2, 深耶馬溪, 福土"
上馬場,大分交通（株）,"南安岐, 朝来, 両子寺"
国東市民病院前,大分交通（株）,"国東-大分駅前, 国東中学校前-安岐町役場前, 国東-杵築駅前, 国杵, 南安岐, 国高, 系統：3361, 朝来, 両子寺, 竹田津"
国東市民病院前,国東市,"諸田線, 両子線, 狭間線, 丸小野線, 橋上線, 小俣線, 吉松線, 山口線, 志和利線, 松ヶ迫・小ヶ倉線, 油留木線"
大道,国東市,"吉松線, 油留木線"
明星ストア前,中津市,中津市コミュニティバス　耶馬溪・城井線
上戸原,大分交通（株）,"中日＿2, 深耶馬溪, 福土"
高並屋敷,大分交通（株）,麻生
板木,国東市,橋上線
蔦巻,国東市,橋上線
安岐町役場入口,大分交通（株）,"南安岐, 系統：3361, 朝来, 両子寺"
安岐町役場入口,国東市,"諸田線, 両子線"
下,大分交通（株）,系統：4470・4480・4481
下,杵築市,立石向野線
掛,大分交通（株）,"中安＿1, 西椎屋＿2"
柚ノ迫,杵築市,上畑・小武線
中園,国東市,油留木線
米子瀬,杵築市,"内河野・西谷線, 立石・山浦線"
速内,大分交通（株）,系統：4470・4480・4481
速内,杵築市,"内河野・西谷線, 立石・山浦線"
安岐総合支所,国東市,"諸田線, 両子線, 橋上線, 小俣線, 吉松線, 山口線, 油留木線"
出河内,杵築市,立石・山浦線
下井の川,宇佐市,麻生・横山線
安岐町役場,大分交通（株）,国東中学校前-安岐町役場前
馬場,大分交通（株）,"南安岐, 朝来, 両子寺"
安岐町役場前,大分交通（株）,"南安岐, 国高, 中津空港線, 朝来, 両子寺"
旧麻生小前,大分交通（株）,麻生
高原,国東市,油留木線
岩谷,大分交通（株）,朝田
八所センター前,中津市,中津市コミュニティバス　本耶馬渓・屋形コース
井出ノ原,宇佐市,南毛線
上中村,大分交通（株）,"南安岐, 朝来, 両子寺"
安岐中学校前,大分交通（株）,"南安岐, 朝来, 両子寺"
中村,大分交通（株）,"南安岐, 朝来, 両子寺"
宮前,大分交通（株）,津民
宮前,中津市,"中津市コミュニティバス　耶馬溪・川原口線, 中津市コミュニティバス　耶馬溪・上ノ川内柾木線, 中津市コミュニティバス　耶馬溪・津民線"
柚木氏宅前,中津市,中津市コミュニティバス　耶馬溪・川原口線
熊中,宇佐市,大見尾・熊線
仲尾,杵築市,内河野・西谷線
青木氏宅前,中津市,中津市コミュニティバス　耶馬溪・城井線
下原,大分交通（株）,"南安岐, 朝来, 両子寺"
中川原,国東市,油留木線
簾堂,大分交通（株）,麻生
簾堂,宇佐市,上麻生線
上津小前,中津市,"中津市コミュニティバス　本耶馬渓・東谷コース, 中津市コミュニティバス　本耶馬渓・西谷コース, 中津市コミュニティバス　本耶馬渓・屋形コース"
新道上り口,大分交通（株）,"南安岐, 朝来, 両子寺"
峠,杵築市,"小谷又井線, 内河野・西谷線"
津民,大分交通（株）,津民
津民,中津市,"中津市コミュニティバス　耶馬溪・川原口線, 中津市コミュニティバス　耶馬溪・上ノ川内柾木線, 中津市コミュニティバス　耶馬溪・津民線"
中井の川,宇佐市,麻生・横山線
日陽,国東市,山口線
谷の前,中津市,中津市コミュニティバス　本耶馬渓・屋形コース
安岐湊局前,大分交通（株）,"国東-大分駅前, 国東中学校前-安岐町役場前, 国東-杵築駅前, 国杵, 南安岐, 国高, 系統：3361, 朝来, 両子寺"
床並入口,宇佐市,麻生・横山線
轟,中津市,中津市コミュニティバス　山国・槻木線
南酒造前,国東市,山口線
下櫛野,大分交通（株）,"中安＿1, 西椎屋＿2"
西谷,杵築市,内河野・西谷線
徳瀬下,宇佐市,古川・平ケ倉線
津民入口,中津市,"中津市コミュニティバス　耶馬溪・川原口線, 中津市コミュニティバス　耶馬溪・上ノ川内柾木線, 中津市コミュニティバス　耶馬溪・津民線"
日陽入口,国東市,山口線
恵比須町,大分交通（株）,"国東-大分駅前, 国東中学校前-安岐町役場前, 国東-杵築駅前, 国杵, 南安岐, 国高, 系統：3361, 朝来, 両子寺"
高内,中津市,中津市コミュニティバス　山国・槻木線
相良氏宅入口,中津市,中津市コミュニティバス　耶馬溪・城井線
下山口,大分交通（株）,南安岐
木野入口,国東市,山口線
津民入口,大分交通（株）,"中日＿2, 深耶馬溪, 福土, 中日＿5, 津民"
沢掛,国東市,油留木線
原,杵築市,"内河野・西谷線, 立石・山浦線"
上林,国東市,山口線
西岳,杵築市,上畑・小武線
樋村,国東市,山口線
麻生金山,宇佐市,上麻生線
麻生金山,大分交通（株）,麻生
山口公民館,国東市,山口線
神田酒店前,国東市,山口線
越井,杵築市,上畑・小武線
折元,中津市,"中津市コミュニティバス　本耶馬渓・東谷コース, 中津市コミュニティバス　本耶馬渓・西谷コース, 中津市コミュニティバス　本耶馬渓・屋形コース"
鳥の江,大分交通（株）,系統：4470・4480・4481
鳥の江,杵築市,"小谷又井線, 内河野・西谷線, 立石・山浦線"
房ケ畑,宇佐市,古川・平ケ倉線
熊南,宇佐市,大見尾・熊線
八坂神社前,国東市,山口線
吉野渡,杵築市,内河野・西谷線
上畑公民館,杵築市,上畑・小武線
田中,国東市,山口線
階巡り,大分交通（株）,系統：4470・4480・4481
上井の川,宇佐市,麻生・横山線
長田石風呂前,大分交通（株）,系統：4470・4480・4481
榎鶴,中津市,中津市コミュニティバス　山国・槻木線
長田［山浦］,杵築市,"内河野・西谷線, 立石・山浦線"
ホームセンターセブン,杵築市,"内河野・西谷線, 立石向野線"
会舞,国東市,山口線
広瀬,宇佐市,南毛線
小原井,中津市,中津市コミュニティバス　山国・槻木線
下西本,国東市,山口線
安岐,大分交通（株）,"国東-大分駅前, 国東中学校前-安岐町役場前, 国東-杵築駅前, 国杵, 南安岐, 系統：2561, 国高, 系統：3361, 朝来, 両子寺"
安岐,国東市,"諸田線, 両子線, 橋上線, 小俣線, 吉松線, 山口線, 油留木線"
山浦コミュニティセンター,杵築市,"内河野・西谷線, 立石・山浦線"
沢掛入口,国東市,"諸田線, 両子線, 吉松線, 山口線, 油留木線"
床並,宇佐市,麻生・横山線
那留,大分交通（株）,系統：4470・4480・4481
那留,杵築市,"内河野・西谷線, 立石・山浦線"
南安岐小学校,国東市,山口線
山浦支所前,大分交通（株）,系統：4470・4480・4481
麻生,大分交通（株）,麻生
麻生,宇佐市,上麻生線
苅屋,中津市,中津市コミュニティバス　山国・槻木線
吉岡氏宅前,中津市,中津市コミュニティバス　耶馬溪・川原口線
内河野,杵築市,"小谷又井線, 内河野・西谷線"
刈屋,杵築市,上畑・小武線
福祉センター前,中津市,"中津市コミュニティバス　本耶馬渓・東谷コース, 中津市コミュニティバス　本耶馬渓・西谷コース, 中津市コミュニティバス　本耶馬渓・屋形コース"
山香温泉風の郷,杵築市,"井手の上・下切線, 下村・大久線, 市内循環線, 小谷又井線, 上畑・小武線, 浄土寺・富田線, 仲尾台・元河内線, 津山・鹿鳴越線, 内河野・西谷線, 立石・山浦線, 立石向野線"
山浦郵便局,杵築市,"内河野・西谷線, 立石・山浦線"
三郎丸入口,国東市,山口線
高平,大分交通（株）,朝田
山口,大分交通（株）,南安岐
山浦,大分交通（株）,系統：4470・4480・4481
竹尾氏宅入口,中津市,中津市コミュニティバス　耶馬溪・城井線
伊地野入口,宇佐市,上麻生線
上麻生,大分交通（株）,麻生
浦篠,杵築市,内河野・西谷線
南毛,宇佐市,南毛線
上櫛野,大分交通（株）,"中安＿1, 西椎屋＿2"
筒木,大分交通（株）,朝田
階巡り,杵築市,"内河野・西谷線, 立石・山浦線, 立石向野線"
飛松,杵築市,内河野・西谷線
槻木郵便局前,中津市,中津市コミュニティバス　山国・槻木線
梅ノ木瀬,中津市,"中津市コミュニティバス　本耶馬渓・東谷コース, 中津市コミュニティバス　本耶馬渓・西谷コース, 中津市コミュニティバス　本耶馬渓・屋形コース"
鶴成入口,杵築市,"小谷又井線, 内河野・西谷線"
倉成,杵築市,"下村・大久線, 上畑・小武線, 津山・鹿鳴越線"
Aコープ入口,杵築市,"井手の上・下切線, 下村・大久線, 小谷又井線, 上畑・小武線, 浄土寺・富田線, 仲尾台・元河内線, 津山・鹿鳴越線, 内河野・西谷線, 立石・山浦線, 立石向野線"
山蔵,宇佐市,古川・平ケ倉線
谷,杵築市,"内河野・西谷線, 立石・山浦線"
柿園橋,宇佐市,古川・平ケ倉線
耶馬渓支所前,大分交通（株）,"中日＿2, 深耶馬溪, 福土, 津民"
耶馬溪支所前,中津市,"中津市コミュニティバス　耶馬溪・川原口線, 中津市コミュニティバス　耶馬溪・上ノ川内柾木線, 中津市コミュニティバス　耶馬溪・樋山路鎌城線, 中津市コミュニティバス　耶馬溪・大島台金吉線, 中津市コミュニティバス　耶馬溪・大島伊福線, 中津市コミュニティバス　耶馬溪・深耶馬東線, 中津市コミュニティバス　耶馬溪・深耶馬西線, 中津市コミュニティバス　耶馬溪・山移北線, 中津市コミュニティバス　耶馬溪・山移南線"
山口［杵築市山香町］,杵築市,上畑・小武線
仙人入口,宇佐市,上麻生線
塩屋,大分交通（株）,"国東-大分駅前, 国東-杵築駅前, 国杵, 系統：2561, 国高"
円座,大分交通（株）,"中安＿1, 西椎屋＿1, 西椎屋＿2"
円座,宇佐市,高並線
小武寺,杵築市,上畑・小武線
本村大倉氏宅前,中津市,中津市コミュニティバス　耶馬溪・城井線
神田楽市前,杵築市,"井手の上・下切線, 下村・大久線, 市内循環線, 小谷又井線, 上畑・小武線, 浄土寺・富田線, 仲尾台・元河内線, 津山・鹿鳴越線, 立石・山浦線, 立石向野線"
神田楽市,大分交通（株）,"系統：4251, 系統：4470・4480・4481"
鳥越,中津市,中津市コミュニティバス　本耶馬渓・東谷コース
落合宮前,中津市,"中津市コミュニティバス　本耶馬渓・東谷コース, 中津市コミュニティバス　本耶馬渓・西谷コース, 中津市コミュニティバス　本耶馬渓・屋形コース"
新谷,中津市,"中津市コミュニティバス　山国・槻木線, 中津市コミュニティバス山国・毛谷村線"
柿坂,大分交通（株）,"中日＿2, 中日＿3, 深耶馬溪, 裏耶馬溪, 樋山路, 福土, 中日＿4, 中日＿5, 津民"
柿坂,中津市,"中津市コミュニティバス　耶馬溪・津民線, 中津市コミュニティバス　耶馬溪・裏耶馬溪線"
山の内植垣氏宅前,中津市,中津市コミュニティバス　耶馬溪・城井線
向野入口,杵築市,上畑・小武線
尾上,大分交通（株）,770・771
尾上,杵築市,市内循環線
山口入口,杵築市,"下村・大久線, 津山・鹿鳴越線"
中津屋入口,大分交通（株）,朝田
山口,杵築市,大田コース
中津屋,杵築市,市内循環線
山香下市,大分交通（株）,"系統：4251, 系統：4470・4480・4481"
大久保,宇佐市,古川・平ケ倉線
福原歯科（駐車場）,中津市,"中津市コミュニティバス　耶馬溪・川原口線, 中津市コミュニティバス　耶馬溪・上ノ川内柾木線, 中津市コミュニティバス　耶馬溪・樋山路鎌城線, 中津市コミュニティバス　耶馬溪・大島台金吉線, 中津市コミュニティバス　耶馬溪・大島伊福線, 中津市コミュニティバス　耶馬溪・深耶馬東線, 中津市コミュニティバス　耶馬溪・深耶馬西線, 中津市コミュニティバス　耶馬溪・山移北線, 中津市コミュニティバス　耶馬溪・山移南線"
小谷公民館,杵築市,小谷又井線
楠原,杵築市,内河野・西谷線
佐田温泉,宇佐市,大見尾・熊線
中尾［宇佐市灘］,宇佐市,上麻生線
台金入口,大分交通（株）,深耶馬溪
樋桶山登山口,中津市,"中津市コミュニティバス　耶馬溪・樋山路鎌城線, 中津市コミュニティバス　耶馬溪・裏耶馬溪線"
樋桶山登山口,大分交通（株）,樋山路
中灘,宇佐市,上麻生線
岩伏,中津市,中津市コミュニティバス　山国・市平・奥谷線
且尾,宇佐市,"古川・平ケ倉線, 大見尾・熊線, 大内・広谷線, 大内・広谷線（短縮経路）"
旦尾,大分交通（株）,佐田
小武,杵築市,上畑・小武線
旧農協中支所,杵築市,"井手の上・下切線, 下村・大久線, 小谷又井線, 上畑・小武線, 浄土寺・富田線, 仲尾台・元河内線, 津山・鹿鳴越線, 内河野・西谷線, 立石・山浦線, 立石向野線"
上灘,宇佐市,上麻生線
今畑,杵築市,上畑・小武線
両畑,中津市,"中津市コミュニティバス　耶馬溪・樋山路鎌城線, 中津市コミュニティバス　耶馬溪・裏耶馬溪線"
両畑,大分交通（株）,樋山路
雲西寺前,中津市,"中津市コミュニティバス　本耶馬渓・東谷コース, 中津市コミュニティバス　本耶馬渓・屋形コース"
本篠,杵築市,立石・山浦線
内川野下,宇佐市,古川・平ケ倉線
高並公民館,宇佐市,高並線
秋満前,大分交通（株）,深耶馬溪
横井医院前,中津市,"中津市コミュニティバス　本耶馬渓・東谷コース, 中津市コミュニティバス　本耶馬渓・西谷コース, 中津市コミュニティバス　本耶馬渓・屋形コース"
上円座,大分交通（株）,"中安＿1, 西椎屋＿1, 西椎屋＿2"
耶馬渓中学校前,大分交通（株）,"中日＿2, 中日＿3, 深耶馬溪, 裏耶馬溪, 樋山路, 中日＿4"
高取,大分交通（株）,系統：4251
高取,杵築市,"下村・大久線, 市内循環線, 上畑・小武線"
小狭間,杵築市,大内線
矢崎,大分交通（株）,佐田
矢崎,宇佐市,"古川・平ケ倉線, 大見尾・熊線, 大内・広谷線, 大内・広谷線（短縮経路）"
中山香駅前,大分交通（株）,系統：4470・4480・4481
中山香駅前,杵築市,市内循環線
中の原,大分交通（株）,樋山路
中の原,中津市,"中津市コミュニティバス　耶馬溪・樋山路鎌城線, 中津市コミュニティバス　耶馬溪・裏耶馬溪線"
藤原,中津市,中津市コミュニティバス　山国・槻木線
中山香,大分交通（株）,"系統：4251, 系統：4470・4480・4481"
中山香,杵築市,"井手の上・下切線, 下村・大久線, 小谷又井線, 上畑・小武線, 浄土寺・富田線, 仲尾台・元河内線, 津山・鹿鳴越線, 内河野・西谷線, 立石・山浦線, 立石向野線"
法照寺,杵築市,小谷又井線
恒道,大分交通（株）,"系統：4251, 系統：4470・4480・4481"
恒道,杵築市,"井手の上・下切線, 下村・大久線, 小谷又井線, 上畑・小武線, 浄土寺・富田線, 仲尾台・元河内線, 津山・鹿鳴越線, 内河野・西谷線, 立石・山浦線, 立石向野線"
高並永原橋,宇佐市,高並線
耶馬溪中学前,中津市,"中津市コミュニティバス　耶馬溪・津民線, 中津市コミュニティバス　耶馬溪・裏耶馬溪線"
若宮,大分交通（株）,"系統：4251, 系統：4470・4480・4481"
三光坊,杵築市,大内線
三ヶ村下,中津市,中津市コミュニティバス　本耶馬渓・東谷コース
下佐田,大分交通（株）,佐田
下佐田,宇佐市,"大見尾・熊線, 大内・広谷線, 大内・広谷線（短縮経路）"
九人ヶ峠,大分交通（株）,"中安＿1, 西椎屋＿1, 西椎屋＿2"
内川野,宇佐市,古川・平ケ倉線
尾ヶ篠,大分交通（株）,深耶馬溪
飯田,宇佐市,"古川・平ケ倉線, 松本・上ノ原線, 大見尾・熊線, 大内・広谷線, 大内・広谷線（短縮経路）, 松本・上ノ原線（短縮経路）"
飯田,大分交通（株）,佐田
椿入口,中津市,中津市コミュニティバス　本耶馬渓・東谷コース
安心院IC,宇佐市,"古川・平ケ倉線, 松本・上ノ原線, 大見尾・熊線, 大内・広谷線, 大内・広谷線（短縮経路）, 松本・上ノ原線（短縮経路）"
柚ノ木,中津市,"中津市コミュニティバス　山国・槻木線, 中津市コミュニティバス山国・毛谷村線"
台,中津市,中津市コミュニティバス　山国・市平・奥谷線
高速安心院,大分交通（株）,二豊
久井田,大分交通（株）,佐田
久井田,宇佐市,"古川・平ケ倉線, 大見尾・熊線, 大内・広谷線, 大内・広谷線（短縮経路）"
三ヶ村上,中津市,中津市コミュニティバス　本耶馬渓・東谷コース
山香町役場前,大分交通（株）,"系統：4251, 系統：4470・4480・4481"
奥畑入口（本耶馬渓）,中津市,中津市コミュニティバス　本耶馬渓・東谷コース
志口,大分交通（株）,"国東-大分駅前, 国東-杵築駅前, 国杵, 系統：2561, 国高"
山香庁舎,杵築市,"井手の上・下切線, 下村・大久線, 市内循環線, 小谷又井線, 上畑・小武線, 浄土寺・富田線, 仲尾台・元河内線, 津山・鹿鳴越線, 内河野・西谷線, 立石・山浦線, 立石向野線"
（耶馬溪）旬菜館,大分交通（株）,"中日＿2, 中日＿3"
旬菜館,中津市,"中津市コミュニティバス　耶馬溪・川原口線, 中津市コミュニティバス　耶馬溪・上ノ川内柾木線, 中津市コミュニティバス　耶馬溪・樋山路鎌城線, 中津市コミュニティバス　耶馬溪・大島台金吉線, 中津市コミュニティバス　耶馬溪・大島伊福線, 中津市コミュニティバス　耶馬溪・深耶馬東線, 中津市コミュニティバス　耶馬溪・深耶馬西線, 中津市コミュニティバス　耶馬溪・山移北線, 中津市コミュニティバス　耶馬溪・山移南線"
山香病院前,大分交通（株）,系統：4470・4480・4481
折野,中津市,"中津市コミュニティバス　本耶馬渓・西谷コース, 中津市コミュニティバス　本耶馬渓・屋形コース"
杉畑,大分交通（株）,"中日＿2, 中日＿3, 裏耶馬溪, 樋山路, 中日＿4"
石山ダム口,大分交通（株）,770・771
杵築市立山香病院前,杵築市,"井手の上・下切線, 下村・大久線, 市内循環線, 小谷又井線, 上畑・小武線, 浄土寺・富田線, 仲尾台・元河内線, 津山・鹿鳴越線, 内河野・西谷線, 立石・山浦線, 立石向野線"
下船木消防機庫,宇佐市,高並線
六田,中津市,中津市コミュニティバス　本耶馬渓・東谷コース
手月,中津市,中津市コミュニティバス　本耶馬渓・東谷コース
物部,大分交通（株）,深耶馬溪
知野,大分交通（株）,西椎屋＿1
石河野,杵築市,立石・山浦線
二日市,大分交通（株）,"中安＿1, 西椎屋＿2"
四辻［杵築市山香町］,杵築市,仲尾台・元河内線
大鴨川,大分交通（株）,朝田
上船木公民館,宇佐市,高並線
白土,大分交通（株）,樋山路
白土,中津市,"中津市コミュニティバス　耶馬溪・樋山路鎌城線, 中津市コミュニティバス　耶馬溪・裏耶馬溪線"
川出原,中津市,中津市コミュニティバス　本耶馬渓・東谷コース
大添,大分交通（株）,南安岐
東谷局前,中津市,中津市コミュニティバス　本耶馬渓・東谷コース
古川下,宇佐市,古川・平ケ倉線
新興,杵築市,大内線
下船木中,宇佐市,高並線
羽高,中津市,中津市コミュニティバス　山国・市平・奥谷線
山香中学校前,杵築市,市内循環線
辷り三叉路,中津市,中津市コミュニティバス　耶馬溪・城井線
野原,杵築市,"井手の上・下切線, 下村・大久線, 小谷又井線, 上畑・小武線, 浄土寺・富田線, 内河野・西谷線, 立石・山浦線, 立石向野線"
今畑公民館,杵築市,上畑・小武線
尾伏池,杵築市,大内線
津留,大分交通（株）,"中日＿2, 中日＿3, 裏耶馬溪, 樋山路, 中日＿4"
新原,大分交通（株）,佐田
新原,宇佐市,"古川・平ケ倉線, 松本・上ノ原線, 大見尾・熊線, 大内・広谷線, 大内・広谷線（短縮経路）, 松本・上ノ原線（短縮経路）"
川出原入口,中津市,中津市コミュニティバス　本耶馬渓・東谷コース
佐田中村,大分交通（株）,佐田
佐田中村,宇佐市,大見尾・熊線
北の原,杵築市,"下村・大久線, 津山・鹿鳴越線"
舞野,大分交通（株）,樋山路
白土公民館前,中津市,"中津市コミュニティバス　耶馬溪・樋山路鎌城線, 中津市コミュニティバス　耶馬溪・裏耶馬溪線"
大井手橋,杵築市,"下村・大久線, 市内循環線, 上畑・小武線"
下越,大分交通（株）,樋山路
山香農業高校入口,大分交通（株）,系統：4251
大平,大分交通（株）,南安岐
上二日市,大分交通（株）,"中安＿1, 西椎屋＿2"
小瀬戸,中津市,"中津市コミュニティバス　山国・槻木線, 中津市コミュニティバス山国・毛谷村線"
下笹ケ平,大分交通（株）,佐田
下笹ケ平,宇佐市,大見尾・熊線
井出脇,中津市,"中津市コミュニティバス　本耶馬渓・西谷コース, 中津市コミュニティバス　本耶馬渓・屋形コース"
古川神社,宇佐市,古川・平ケ倉線
小野川内田平,宇佐市,高並線
下山,杵築市,立石・山浦線
川床,杵築市,立石・山浦線
木裳,大分交通（株）,佐田
村上医院,宇佐市,"院内谷線, 萱籠・筌ノ口線, 恵良谷下線, 恵良谷上線, 古川・平ケ倉線, 高並線, 松本・上ノ原線, 西椎屋線, 大見尾・熊線, 大内・広谷線, 中山・新貝線, 田所線, 南毛線, 日岳・五名線, 福貴野・上内河野線, 余谷線, 大内・広谷線（短縮経路）, 萱籠・筌ノ口線（短縮経路）, 松本・上ノ原線（短縮経路）"
安心院整形外科,宇佐市,"院内谷線, 萱籠・筌ノ口線, 恵良谷下線, 恵良谷上線, 古川・平ケ倉線, 高並線, 松本・上ノ原線, 西椎屋線, 大見尾・熊線, 大内・広谷線, 中山・新貝線, 田所線, 南毛線, 日岳・五名線, 福貴野・上内河野線, 余谷線, 大内・広谷線（短縮経路）, 萱籠・筌ノ口線（短縮経路）, 松本・上ノ原線（短縮経路）"
内川野入口,宇佐市,大見尾・熊線
内川野入口,大分交通（株）,佐田
安心院クリニック,宇佐市,"高並線, 南毛線"
笹ケ平,大分交通（株）,佐田
笹ケ平,宇佐市,大見尾・熊線
密柑山下,大分交通（株）,南安岐
下貫井,杵築市,"井手の上・下切線, 浄土寺・富田線, 立石・山浦線"
広瀬,大分交通（株）,系統：4251
狐平,大分交通（株）,南安岐
柿瀬,大分交通（株）,深耶馬溪
上貫井,杵築市,"井手の上・下切線, 浄土寺・富田線, 立石・山浦線"
志村,大分交通（株）,南安岐
高並多目的集会所,宇佐市,高並線
安心院,大分交通（株）,"佐田, 中安＿1, 西椎屋＿1, 津房, 明治, 日の岳, 定別当"
安心院支所,宇佐市,"院内谷線, 萱籠・筌ノ口線, 恵良谷下線, 恵良谷上線, 古川・平ケ倉線, 高並線, 松本・上ノ原線, 西椎屋線, 大見尾・熊線, 大内・広谷線, 中山・新貝線, 田所線, 南毛線, 日岳・五名線, 福貴野・上内河野線, 余谷線, 大内・広谷線（短縮経路）, 萱籠・筌ノ口線（短縮経路）, 松本・上ノ原線（短縮経路）"
安心院支所前,大分交通（株）,"中安＿1, 津房, 明治"
柿瀬防火水槽前,中津市,中津市コミュニティバス　耶馬溪・山移北線
広谷,宇佐市,"大内・広谷線, 大内・広谷線（短縮経路）"
古川上,宇佐市,古川・平ケ倉線
保健福祉センター,宇佐市,"院内谷線, 萱籠・筌ノ口線, 恵良谷下線, 恵良谷上線, 古川・平ケ倉線, 高並線, 松本・上ノ原線, 西椎屋線, 大見尾・熊線, 大内・広谷線, 中山・新貝線, 田所線, 南毛線, 日岳・五名線, 福貴野・上内河野線, 余谷線, 大内・広谷線（短縮経路）, 萱籠・筌ノ口線（短縮経路）, 松本・上ノ原線（短縮経路）"
保健福祉センター,大分交通（株）,"佐田, 中安＿1, 津房, 明治, 日の岳, 定別当"
大和,杵築市,仲尾台・元河内線
中畑（本耶馬渓）,中津市,"中津市コミュニティバス　本耶馬渓・西谷コース, 中津市コミュニティバス　本耶馬渓・屋形コース"
重永,杵築市,立石・山浦線
室屋,大分交通（株）,"国東-大分駅前, 国東-杵築駅前, 国杵, 系統：2561, 国高"
北杵築小学校前,杵築市,市内循環線
大曲橋,中津市,"中津市コミュニティバス　山国・槻木線, 中津市コミュニティバス山国・毛谷村線"
安心院農協前（JAおおいた安心院）,大分交通（株）,"佐田, 津房, 明治"
二瀬,大分交通（株）,樋山路
二瀬,中津市,"中津市コミュニティバス　耶馬溪・樋山路鎌城線, 中津市コミュニティバス　耶馬溪・裏耶馬溪線"
JAおおいた安心院,宇佐市,"院内谷線, 萱籠・筌ノ口線, 恵良谷下線, 恵良谷上線, 古川・平ケ倉線, 高並線, 松本・上ノ原線, 西椎屋線, 大見尾・熊線, 大内・広谷線, 中山・新貝線, 田所線, 南毛線, 日岳・五名線, 福貴野・上内河野線, 余谷線, 大内・広谷線（短縮経路）, 萱籠・筌ノ口線（短縮経路）, 松本・上ノ原線（短縮経路）"
上笹ケ平,大分交通（株）,佐田
上笹ケ平,宇佐市,大見尾・熊線
篠原,杵築市,大内線
藤の川,大分交通（株）,南安岐
茅場,大分交通（株）,南安岐
上新原,宇佐市,"松本・上ノ原線, 松本・上ノ原線（短縮経路）"
安心院高校前,大分交通（株）,"中安＿1, 日の岳, 定別当"
古荘医院,宇佐市,"院内谷線, 恵良谷下線, 恵良谷上線, 高並線, 西椎屋線, 中山・新貝線, 田所線, 日岳・五名線, 余谷線"
上ノ原,宇佐市,"松本・上ノ原線, 松本・上ノ原線（短縮経路）"
福林,杵築市,"仲尾台・元河内線, 津山・鹿鳴越線"
鴨川コミュニティセンター,杵築市,市内循環線
上ノ原中,宇佐市,"松本・上ノ原線, 松本・上ノ原線（短縮経路）"
落合橋,宇佐市,高並線
田良川,中津市,"中津市コミュニティバス　山国・槻木線, 中津市コミュニティバス山国・毛谷村線"
一の尾,杵築市,上畑・小武線
勢場,杵築市,立石・山浦線
藤川公民館前,大分交通（株）,南安岐
奥の鶴入口,大分交通（株）,"中日＿2, 中日＿3, 裏耶馬溪, 樋山路, 中日＿4, 中日＿5"
東山香地区公民館,杵築市,"下村・大久線, 市内循環線, 津山・鹿鳴越線"
広瀬,杵築市,"下村・大久線, 上畑・小武線"
広谷上,宇佐市,"大内・広谷線, 大内・広谷線（短縮経路）"
鴨川,大分交通（株）,朝田
割子谷,中津市,"中津市コミュニティバス　本耶馬渓・西谷コース, 中津市コミュニティバス　本耶馬渓・屋形コース"
野尻,大分交通（株）,"中安＿1, 西椎屋＿2"
鹿嵐茶屋入口三叉路,宇佐市,高並線
安心院中学校,大分交通（株）,"津房, 明治"
小狭間入口,大分交通（株）,南安岐
四辻,大分交通（株）,770・771
四辻［杵築市溝井］,杵築市,市内循環線
引水,中津市,中津市コミュニティバス　本耶馬渓・東谷コース
尾花,杵築市,"井手の上・下切線, 浄土寺・富田線"
北奈多,大分交通（株）,"国東-大分駅前, 国東-杵築駅前, 国杵, 系統：2561, 国高"
折敷田,大分交通（株）,"中安＿1, 日の岳, 定別当"
中荘,大分交通（株）,津房
随雲寺,大分交通（株）,"中日＿2, 中日＿3, 裏耶馬溪, 樋山路, 中日＿4"
樋掛公民館,杵築市,仲尾台・元河内線
瀬口,大分交通（株）,系統：4251
瀬口,杵築市,"下村・大久線, 市内循環線, 上畑・小武線"
黒法師入口,大分交通（株）,樋山路
黒法師入口,中津市,"中津市コミュニティバス　耶馬溪・樋山路鎌城線, 中津市コミュニティバス　耶馬溪・裏耶馬溪線"
中詰,中津市,中津市コミュニティバス　山国・市平・奥谷線
上ノ原公民館,宇佐市,"松本・上ノ原線, 松本・上ノ原線（短縮経路）"
小稲公民館,宇佐市,高並線
菅尾公民館前,杵築市,大内線
小鳥,杵築市,仲尾台・元河内線
下副,大分交通（株）,"中安＿1, 西椎屋＿2"
鴨川橋,大分交通（株）,朝田
小稲消防機庫,宇佐市,高並線
百田,大分交通（株）,深耶馬溪
下筈,中津市,"中津市コミュニティバス　本耶馬渓・西谷コース, 中津市コミュニティバス　本耶馬渓・屋形コース"
草本,中津市,"中津市コミュニティバス　山国・槻木線, 中津市コミュニティバス山国・毛谷村線"
上荘,大分交通（株）,津房
貞曽,大分交通（株）,樋山路
園の木,杵築市,立石・山浦線
溝井,大分交通（株）,770・771
溝井,杵築市,市内循環線
大佛,大分交通（株）,"中安＿1, 日の岳, 定別当"
大久,杵築市,下村・大久線
岩下,中津市,中津市コミュニティバス　本耶馬渓・東谷コース
矢津,大分交通（株）,佐田
矢津,宇佐市,大見尾・熊線
両宮,中津市,中津市コミュニティバス　山国・両宮線
平ケ倉,杵築市,立石・山浦線
奥畑入口（山国）,中津市,中津市コミュニティバス　山国・市平・奥谷線
樋掛,杵築市,仲尾台・元河内線
副,大分交通（株）,"中安＿1, 西椎屋＿2"
口ノ坪下,宇佐市,"大内・広谷線, 大内・広谷線（短縮経路）"
寺の下,中津市,"中津市コミュニティバス　山国・槻木線, 中津市コミュニティバス山国・毛谷村線"
五田,大分交通（株）,朝田
長田［日指］,杵築市,"井手の上・下切線, 浄土寺・富田線"
下郷診療所,中津市,"中津市コミュニティバス　耶馬溪・樋山路鎌城線, 中津市コミュニティバス　耶馬溪・大島台金吉線, 中津市コミュニティバス　耶馬溪・大島伊福線"
下郷農協,中津市,"中津市コミュニティバス　耶馬溪・樋山路鎌城線, 中津市コミュニティバス　耶馬溪・大島台金吉線, 中津市コミュニティバス　耶馬溪・大島伊福線"
篠原入口,大分交通（株）,朝田
南部公民館,杵築市,津山・鹿鳴越線
菅尾入口,杵築市,大内線
柴田上野氏宅入口,中津市,中津市コミュニティバス　耶馬溪・大島台金吉線
下安佐津,宇佐市,"松本・上ノ原線, 松本・上ノ原線（短縮経路）"
仲尾台入口,杵築市,仲尾台・元河内線
妻垣入口,大分交通（株）,明治
高山橋,大分交通（株）,朝田
口ノ坪上,宇佐市,"大内・広谷線, 大内・広谷線（短縮経路）"
下郷保育園前,大分交通（株）,樋山路
宮平,杵築市,"井手の上・下切線, 浄土寺・富田線"
旧農高農場入口,杵築市,津山・鹿鳴越線
中の原,大分交通（株）,770・771
中の原,杵築市,市内循環線
裏耶馬渓入口,大分交通（株）,中日＿5
下郷,大分交通（株）,"中日＿2, 中日＿3, 中日＿4"
轟,杵築市,津山・鹿鳴越線
島,大分交通（株）,"中日＿2, 中日＿3, 裏耶馬溪, 樋山路, 中日＿4"
島,中津市,中津市コミュニティバス　耶馬溪・裏耶馬溪線
大川司,大分交通（株）,系統：4251
大川司,杵築市,"下村・大久線, 市内循環線"
草場,大分交通（株）,朝田
草場,杵築市,大内線
上副,大分交通（株）,"中安＿1, 日の岳, 定別当, 西椎屋＿2"
上副,宇佐市,"院内谷線, 恵良谷下線, 恵良谷上線, 高並線, 西椎屋線, 田所線, 日岳・五名線, 余谷線"
大重見上,宇佐市,高並線
皿山,日田バス（株）,小鹿田線
古市,大分交通（株）,明治
日指,杵築市,"井手の上・下切線, 浄土寺・富田線"
吉祥寺下,宇佐市,高並線
金吉,大分交通（株）,裏耶馬溪
金吉,中津市,"中津市コミュニティバス　耶馬溪・大島台金吉線, 中津市コミュニティバス　耶馬溪・大島伊福線, 中津市コミュニティバス　耶馬溪・裏耶馬溪線"
所小野入口,中津市,"中津市コミュニティバス　山国・所小野線, 中津市コミュニティバス山国・毛谷村線"
辻,大分交通（株）,"中安＿1, 日の岳, 定別当"
岩屋下,中津市,中津市コミュニティバス　本耶馬渓・東谷コース
梅田,杵築市,"井手の上・下切線, 浄土寺・富田線"
鷹丸,大分交通（株）,深耶馬溪
今村,日田バス（株）,小鹿田線
杵築IC入口,杵築市,市内循環線
幸田入口,大分交通（株）,裏耶馬溪
幸田入口,中津市,"中津市コミュニティバス　耶馬溪・大島台金吉線, 中津市コミュニティバス　耶馬溪・大島伊福線, 中津市コミュニティバス　耶馬溪・裏耶馬溪線"
竹の弦,大分交通（株）,深耶馬溪
秋永,中津市,"中津市コミュニティバス　本耶馬渓・西谷コース, 中津市コミュニティバス　本耶馬渓・屋形コース"
江渕入口,大分交通（株）,"中日＿2, 中日＿3, 中日＿4, 中日＿5"
大内,大分交通（株）,南安岐
大内,杵築市,大内線
杵築インター,大分交通（株）,"大分空港-新川, 別府駅前-大分空港"
大内小学校前,大分交通（株）,南安岐
宮園,大分交通（株）,"中日＿2, 中日＿3, 中日＿4"
奈多八幡,大分交通（株）,"国東-大分駅前, 国東-杵築駅前, 国杵, 系統：2561, 国高"
吉野,中津市,"中津市コミュニティバス　山国・槻木線, 中津市コミュニティバス山国・毛谷村線"
岩屋上,中津市,中津市コミュニティバス　本耶馬渓・東谷コース
西谷温泉,中津市,"中津市コミュニティバス　本耶馬渓・西谷コース, 中津市コミュニティバス　本耶馬渓・屋形コース"
竜王,大分交通（株）,明治
内山入口,中津市,"中津市コミュニティバス　耶馬溪・大島台金吉線, 中津市コミュニティバス　耶馬溪・大島伊福線, 中津市コミュニティバス　耶馬溪・裏耶馬溪線"
内山入口,大分交通（株）,裏耶馬溪
中尾平,杵築市,"井手の上・下切線, 浄土寺・富田線"
小野尾,杵築市,仲尾台・元河内線
野末,大分交通（株）,"中安＿1, 日の岳, 定別当"
荒瀬,大分交通（株）,"中安＿1, 日の岳, 定別当, 西椎屋＿2"
道の駅いんない,宇佐市,"院内谷線, 恵良谷下線, 恵良谷上線, 高並線, 西椎屋線, 田所線, 日岳・五名線, 余谷線"
道の駅いんない,大分交通（株）,中安＿1
津山,杵築市,津山・鹿鳴越線
小杉,杵築市,浄土寺・富田線
いこいの村,杵築市,大内線
上安佐津,宇佐市,"松本・上ノ原線, 松本・上ノ原線（短縮経路）"
仲尾台,杵築市,仲尾台・元河内線
市平上1,中津市,中津市コミュニティバス　山国・市平・奥谷線
市平上2,中津市,中津市コミュニティバス　山国・市平・奥谷線
下吉野,中津市,"中津市コミュニティバス　山国・槻木線, 中津市コミュニティバス山国・毛谷村線"
轟橋,日田バス（株）,小鹿田線
上地区公民館,杵築市,"井手の上・下切線, 浄土寺・富田線"
谷組,中津市,"中津市コミュニティバス　山国・所小野線, 中津市コミュニティバス山国・毛谷村線"
一ツ戸,大分交通（株）,"中日＿2, 中日＿3, 中日＿4"
屋田ヶ瀬橋,中津市,中津市コミュニティバス　山国・所小野線
王子,大分交通（株）,"国東-大分駅前, 国東-杵築駅前, 国杵, 美濃崎, 系統：2561, 国高"
戸方,大分交通（株）,津房
中野（本耶馬渓）,中津市,中津市コミュニティバス　本耶馬渓・西谷コース
院内中央医院,宇佐市,"院内谷線, 恵良谷下線, 恵良谷上線, 高並線, 西椎屋線, 田所線, 日岳・五名線, 余谷線"
永代橋,大分交通（株）,"朝田, 南安岐"
塔尾入口,大分交通（株）,佐田
馬場尾,杵築市,市内循環線
薄原,杵築市,"井手の上・下切線, 浄土寺・富田線"
鹿熊お宮の下,中津市,中津市コミュニティバス　耶馬溪・大島台金吉線
大見尾,宇佐市,大見尾・熊線
大見尾,大分交通（株）,佐田
所小野,中津市,中津市コミュニティバス　山国・所小野線
大副,大分交通（株）,"中安＿1, 日の岳, 定別当, 西椎屋＿2"
新大内,大分交通（株）,"国東-大分駅前, 国東-杵築駅前, 国杵, 美濃崎, 系統：2561, 国高"
溝部農協前,中津市,"中津市コミュニティバス　山国・槻木線, 中津市コミュニティバス山国・毛谷村線"
上田の口,大分交通（株）,"中安＿1, 日の岳, 定別当"
美里,大分交通（株）,"国東-大分駅前, 国東-杵築駅前, 国杵, 系統：2561, 国高"
鹿倉倉本氏宅前,中津市,中津市コミュニティバス　耶馬溪・大島台金吉線
若宮入口,大分交通（株）,"国東-杵築駅前, 杵築＿2, 国杵, 系統：2561"
屋田川,中津市,中津市コミュニティバス　山国・所小野線
大塚,大分交通（株）,"国東-大分駅前, 国東-杵築駅前, 国杵, 系統：2561, 国高"
守江,大分交通（株）,"国東-大分駅前, 国東-杵築駅前, 国杵, 美濃崎, 系統：2561, 国高"
口戸,大分交通（株）,明治
大西,大分交通（株）,"国東-大分駅前, 国東-杵築駅前, 国杵, 美濃崎, 系統：2561, 国高"
小重見,杵築市,下村・大久線
上川久保,大分交通（株）,系統：4251
上川久保,日出町,藤原赤松線
神谷,中津市,中津市コミュニティバス　山国・両宮線
西仲尾入口,杵築市,仲尾台・元河内線
下田の口,大分交通（株）,"中安＿1, 日の岳, 定別当"
羽門の滝入口,杵築市,津山・鹿鳴越線
守末,大分交通（株）,"国東-杵築駅前, 杵築＿2, 国杵, 系統：2561"
立岩,杵築市,"井手の上・下切線, 浄土寺・富田線"
神谷入口,大分交通（株）,"中日＿2, 中日＿3, 中日＿4"
内山,中津市,中津市コミュニティバス　耶馬溪・大島台金吉線
灘手,大分交通（株）,"国東-大分駅前, 国東-杵築駅前, 国杵, 美濃崎, 系統：2561, 国高"
臥温,大分交通（株）,"国東-杵築駅前, 杵築＿2, 国杵, 系統：2561"
原井団地,大分交通（株）,深耶馬溪
原井団地,中津市,"中津市コミュニティバス　耶馬溪・深耶馬東線, 中津市コミュニティバス　耶馬溪・深耶馬西線, 中津市コミュニティバス　耶馬溪・山移北線, 中津市コミュニティバス　耶馬溪・山移南線"
中平,大分交通（株）,"国東-杵築駅前, 杵築＿2, 国杵, 系統：2561"
西仲尾,杵築市,仲尾台・元河内線
狩宿,大分交通（株）,"国東-大分駅前, 国東-杵築駅前, 国杵, 系統：2561, 国高"
共和,中津市,中津市コミュニティバス　山国・所小野線
上金吉,中津市,"中津市コミュニティバス　耶馬溪・大島台金吉線, 中津市コミュニティバス　耶馬溪・大島伊福線, 中津市コミュニティバス　耶馬溪・裏耶馬溪線"
上金吉,大分交通（株）,裏耶馬溪
熊野入口,宇佐市,日岳・五名線
西畑部,杵築市,井手の上・下切線
岡,大分交通（株）,津房
西谷局前,中津市,中津市コミュニティバス　本耶馬渓・西谷コース
寺山,宇佐市,"萱籠・筌ノ口線, 萱籠・筌ノ口線（短縮経路）"
日の岳,大分交通（株）,日の岳
和田,日田バス（株）,小鹿田線
天村,大分交通（株）,"国東-大分駅前, 国東-杵築駅前, 国杵, 美濃崎, 系統：2561, 国高"
祇園,大分交通（株）,"国東-杵築駅前, 杵築＿2, 国杵, 系統：2561"
院内支所前,大分交通（株）,"中安＿1, 日の岳, 定別当, 西椎屋＿2"
院内支所,宇佐市,"院内谷線, 恵良谷下線, 恵良谷上線, 高並線, 西椎屋線, 田所線, 日岳・五名線, 余谷線"
下長谷鎌野橋三叉路,中津市,中津市コミュニティバス　耶馬溪・山移北線
戸崎前,中津市,"中津市コミュニティバス　山国・槻木線, 中津市コミュニティバス山国・毛谷村線"
上大見尾,大分交通（株）,佐田
上大見尾,宇佐市,大見尾・熊線
院内中学校,宇佐市,"院内谷線, 恵良谷下線, 恵良谷上線, 高並線, 西椎屋線, 田所線, 日岳・五名線, 余谷線"
杵築バスターミナル,大分交通（株）,"国東-大分駅前, 国東-杵築駅前, 杵築＿1, 別杵, 杵築＿2, 杵築＿3, 国杵, 美濃崎, 770・771, 朝田, 南安岐, 暘谷高, 系統：2561, 国高, 真那井, 系統：3562・3563"
杵築バスターミナル,杵築市,"市内循環線, 大内線, 東線"
緑町,大分交通（株）,"国東-大分駅前, 国東-杵築駅前, 国杵, 国高"
杵築高校前,大分交通（株）,"美濃崎, 南安岐"
公民館下三叉路,中津市,中津市コミュニティバス　山国・市平・奥谷線
菅原内科前,杵築市,市内循環線
日岳寺,宇佐市,日岳・五名線
日の岳寺前,大分交通（株）,日の岳
住吉浜入口,大分交通（株）,"国東-大分駅前, 国東-杵築駅前, 国杵, 美濃崎, 系統：2561, 国高"
穴井,大分交通（株）,"国東-杵築駅前, 杵築＿2, 杵築＿3, 国杵"
原井,大分交通（株）,深耶馬溪
原井,中津市,"中津市コミュニティバス　耶馬溪・深耶馬東線, 中津市コミュニティバス　耶馬溪・深耶馬西線, 中津市コミュニティバス　耶馬溪・山移北線, 中津市コミュニティバス　耶馬溪・山移南線"
下中摩,大分交通（株）,"中日＿2, 中日＿3, 中日＿4, 中日＿5"
杵築中学校前,大分交通（株）,"国東-大分駅前, 国東-杵築駅前, 国杵, 美濃崎, 系統：2561, 国高"
田野尾,中津市,中津市コミュニティバス　山国・市平・奥谷線
杵築幼稚園前,大分交通（株）,770・771
杵築高校入口,大分交通（株）,"杵築＿3, 美濃崎, 南安岐"
総合運動公園,杵築市,市内循環線
杵築商工会前,大分交通（株）,"杵築＿3, 美濃崎, 南安岐"
杵築市商工会前,杵築市,"市内循環線, 東線"
杵築市役所,杵築市,"市内循環線, 東線"
宗近,大分交通（株）,"杵築＿3, 美濃崎, 南安岐"
杵築市役所前,大分交通（株）,"杵築＿3, 美濃崎, 南安岐"
JAおおいた院内,大分交通（株）,"日の岳, 定別当, 西椎屋＿2"
JAおおいた院内,宇佐市,"院内谷線, 恵良谷下線, 恵良谷上線, 高並線, 西椎屋線, 田所線, 日岳・五名線, 余谷線"
新道,大分交通（株）,"杵築＿3, 美濃崎, 770・771, 南安岐"
合敷お宮前,中津市,中津市コミュニティバス　耶馬溪・大島台金吉線
板垣,杵築市,"井手の上・下切線, 浄土寺・富田線"
元河内,杵築市,仲尾台・元河内線
仙の岩,大分交通（株）,明治
法務局前,杵築市,"市内循環線, 大内線, 東線"
桧木,中津市,中津市コミュニティバス　本耶馬渓・西谷コース
称名寺前,日出町,藤原赤松線
小竹林,中津市,"中津市コミュニティバス　山国・槻木線, 中津市コミュニティバス山国・毛谷村線"
本庄,大分交通（株）,"国東-杵築駅前, 杵築＿2, 杵築＿3, 国杵"
酢屋の坂,大分交通（株）,"杵築＿3, 美濃崎, 南安岐"
市立図書館前,杵築市,東線
上の原堂様裏広場,中津市,中津市コミュニティバス　耶馬溪・大島台金吉線
正和,中津市,中津市コミュニティバス　山国・所小野線
杵築城入口,大分交通（株）,"国東-大分駅前, 杵築＿1, 別杵, 杵築＿3, 美濃崎, 770・771, 南安岐, 暘谷高, 真那井, 系統：3562・3563"
蒋田,杵築市,"井手の上・下切線, 浄土寺・富田線"
中山下,宇佐市,中山・新貝線
市平下,中津市,中津市コミュニティバス　山国・市平・奥谷線
神場,大分交通（株）,美濃崎
県信用組合前,大分交通（株）,"杵築＿3, 美濃崎, 南安岐"
県信用組合前,杵築市,"市内循環線, 東線"
舟ケ尾,杵築市,下村・大久線
仲尾,宇佐市,"大内・広谷線, 大内・広谷線（短縮経路）"
下川久保,日出町,藤原赤松線
塔尾消防機庫,宇佐市,"大内・広谷線, 大内・広谷線（短縮経路）"
魚町,大分交通（株）,"国東-大分駅前, 杵築＿1, 別杵, 770・771, 暘谷高, 真那井, 系統：3562・3563"
大口田,宇佐市,"萱籠・筌ノ口線, 萱籠・筌ノ口線（短縮経路）"
熊野,宇佐市,日岳・五名線
庄屋村,中津市,中津市コミュニティバス　山国・両宮線
平尾台団地入口,杵築市,市内循環線
三反田,大分交通（株）,佐田
原口宮の前,大分交通（株）,日の岳
旧農協肥育センター入口,杵築市,津山・鹿鳴越線
古荘医院原口診療所,宇佐市,日岳・五名線
鎌野堂様前,中津市,中津市コミュニティバス　耶馬溪・山移北線
平小野,中津市,"中津市コミュニティバス　山国・槻木線, 中津市コミュニティバス山国・毛谷村線"
八坂,大分交通（株）,"国東-杵築駅前, 杵築＿2, 杵築＿3, 国杵"
原口,大分交通（株）,"日の岳, 定別当, 西椎屋＿2"
原口,宇佐市,"院内谷線, 恵良谷下線, 恵良谷上線, 西椎屋線, 田所線, 日岳・五名線, 余谷線"
千福,大分交通（株）,津房
山移小学校前,中津市,"中津市コミュニティバス　耶馬溪・深耶馬東線, 中津市コミュニティバス　耶馬溪・深耶馬西線, 中津市コミュニティバス　耶馬溪・山移北線, 中津市コミュニティバス　耶馬溪・山移南線"
藤原橋,大分交通（株）,日の岳
据場,大分交通（株）,"国東-大分駅前, 杵築＿1, 別杵, 770・771, 暘谷高, 真那井, 系統：3562・3563"
元組,中津市,中津市コミュニティバス　山国・所小野線
床波,大分交通（株）,裏耶馬溪
床波,中津市,"中津市コミュニティバス　耶馬溪・大島台金吉線, 中津市コミュニティバス　耶馬溪・大島伊福線, 中津市コミュニティバス　耶馬溪・裏耶馬溪線"
山ノ内,中津市,中津市コミュニティバス　本耶馬渓・西谷コース
山移,大分交通（株）,深耶馬溪
五名,大分交通（株）,日の岳
五名,宇佐市,日岳・五名線
上出平,大分交通（株）,日の岳
上出平,宇佐市,日岳・五名線
庄屋村入口,大分交通（株）,"中日＿2, 中日＿3, 中日＿4"
下川久保,大分交通（株）,"杵築＿2, ハーモニーランド"
美濃山,大分交通（株）,美濃崎
中山神社,宇佐市,中山・新貝線
赤松,杵築市,市内循環線
錦江橋北詰,大分交通（株）,"国東-大分駅前, 杵築＿1, 別杵, 770・771, 暘谷高, 真那井, 系統：3562・3563"
三間屋,大分交通（株）,美濃崎
向尾下,中津市,中津市コミュニティバス　本耶馬渓・西谷コース
赤松,大分交通（株）,"杵築＿2, ハーモニーランド, 系統：4251"
大左右,大分交通（株）,"杵築＿2, ハーモニーランド"
大左右,杵築市,市内循環線
下河内公民館,杵築市,浄土寺・富田線
上大口田,宇佐市,"萱籠・筌ノ口線, 萱籠・筌ノ口線（短縮経路）"
池ノ塚防火水槽前,中津市,中津市コミュニティバス　耶馬溪・大島台金吉線
ことといの里前,日田バス（株）,小鹿田線
杵築消防署前,大分交通（株）,770・771
中入口,宇佐市,"萱籠・筌ノ口線, 萱籠・筌ノ口線（短縮経路）"
鳥越,大分交通（株）,明治
楢本,大分交通（株）,津房
杵築駅前,大分交通（株）,"国東-杵築駅前, 杵築＿2, 杵築＿3, 国杵, ハーモニーランド"
余房,大分交通（株）,"定別当, 西椎屋＿2"
熊丸,大分交通（株）,"国東-杵築駅前, 杵築＿2, 杵築＿3, 国杵"
小杉岩本氏宅前,中津市,中津市コミュニティバス　耶馬溪・山移北線
田の中,中津市,"中津市コミュニティバス　山国・槻木線, 中津市コミュニティバス山国・毛谷村線"
下五名,宇佐市,日岳・五名線
下五名,大分交通（株）,日の岳
内川野入口,中津市,中津市コミュニティバス　耶馬溪・山移南線
小迫防火水槽前,中津市,中津市コミュニティバス　耶馬溪・山移南線
竹ノ元,中津市,中津市コミュニティバス　本耶馬渓・西谷コース
塔尾上,宇佐市,"大内・広谷線, 大内・広谷線（短縮経路）"
下浄土寺,大分交通（株）,佐田
下浄土寺,杵築市,"井手の上・下切線, 浄土寺・富田線"
尾立営団,宇佐市,松本・上ノ原線
樅木,中津市,中津市コミュニティバス　本耶馬渓・西谷コース
高橋,大分交通（株）,"定別当, 西椎屋＿2"
高橋,宇佐市,"院内谷線, 恵良谷下線, 恵良谷上線, 西椎屋線, 田所線, 余谷線"
中山中,宇佐市,中山・新貝線
灰床防火水槽前,中津市,中津市コミュニティバス　耶馬溪・大島台金吉線
堀江,中津市,中津市コミュニティバス　山国・所小野線
錦江橋,大分交通（株）,"国東-大分駅前, 杵築＿1, 別杵, 暘谷高, 真那井, 系統：3562・3563"
三川,杵築市,東線
要,中津市,中津市コミュニティバス　本耶馬渓・西谷コース
天神前,中津市,"中津市コミュニティバス　山国・槻木線, 中津市コミュニティバス山国・毛谷村線"
長藪,宇佐市,院内谷線
御幸橋,大分交通（株）,"中日＿2, 中日＿3, 中日＿4"
美濃崎,大分交通（株）,美濃崎
清水公民館前,日出町,藤原赤松線
行広,大分交通（株）,裏耶馬溪
行広,中津市,"中津市コミュニティバス　耶馬溪・大島伊福線, 中津市コミュニティバス　耶馬溪・裏耶馬溪線"
宮尾牧場入口,杵築市,津山・鹿鳴越線
持田,大分交通（株）,深耶馬溪
畑入口,大分交通（株）,佐田
上鳥越,大分交通（株）,明治
グリーンエコランド,杵築市,津山・鹿鳴越線
須崎,大分交通（株）,"真那井, 系統：3562・3563"
須崎,杵築市,東線
片野入口,大分交通（株）,"真那井, 系統：3562・3563"
片野入口,杵築市,東線
上中摩,大分交通（株）,"中日＿2, 中日＿3, 中日＿4, 中日＿5"
山移診療所,中津市,"中津市コミュニティバス　耶馬溪・深耶馬東線, 中津市コミュニティバス　耶馬溪・深耶馬西線, 中津市コミュニティバス　耶馬溪・山移北線, 中津市コミュニティバス　耶馬溪・山移南線"
上河内公民館,杵築市,浄土寺・富田線
杵築東郵便局前,杵築市,東線
納屋,大分交通（株）,"真那井, 系統：3562・3563"
仲尾上,宇佐市,"大内・広谷線, 大内・広谷線（短縮経路）"
富士見橋,宇佐市,"院内谷線, 恵良谷下線, 恵良谷上線, 西椎屋線, 田所線, 余谷線"
肥前屋,大分交通（株）,古後
美濃崎港,大分交通（株）,美濃崎
犬王丸,大分交通（株）,"中日＿2, 中日＿3, 中日＿4"
松本下,宇佐市,松本・上ノ原線
中摩,大分交通（株）,古後
野山,宇佐市,"萱籠・筌ノ口線, 萱籠・筌ノ口線（短縮経路）"
三川,大分交通（株）,"国東-大分駅前, 杵築＿1, 別杵, 暘谷高"
殿町,日田バス（株）,小鹿田線
白地,大分交通（株）,古後
飛瀬,大分交通（株）,裏耶馬溪
飛瀬,中津市,"中津市コミュニティバス　耶馬溪・大島伊福線, 中津市コミュニティバス　耶馬溪・裏耶馬溪線"
浄土寺,大分交通（株）,佐田
浄土寺［久木野尾］,杵築市,"井手の上・下切線, 浄土寺・富田線"
守実,大分交通（株）,中日＿5
新藤野坂田氏宅前,中津市,中津市コミュニティバス　耶馬溪・大島台金吉線
花房橋,中津市,"中津市コミュニティバス　山国・槻木線, 中津市コミュニティバス　山国・所小野線, 中津市コミュニティバス　山国・市平・奥谷線, 中津市コミュニティバス　山国・長尾野線, 中津市コミュニティバス　山国・フケ原・大石峠線, 中津市コミュニティバス　山国・両宮線, 中津市コミュニティバス山国・毛谷村線"
花房橋,大分交通（株）,"中日＿1, 中日＿3, 中日＿4, 中日＿5"
宇治見橋,中津市,"中津市コミュニティバス　山国・槻木線, 中津市コミュニティバス　山国・所小野線, 中津市コミュニティバス　山国・市平・奥谷線, 中津市コミュニティバス　山国・長尾野線, 中津市コミュニティバス　山国・フケ原・大石峠線, 中津市コミュニティバス　山国・両宮線, 中津市コミュニティバス山国・毛谷村線"
納屋埋立,杵築市,東線
山国町民広場,大分交通（株）,"中日＿1, 中日＿3, 中日＿4"
熊谷医院前,大分交通（株）,古後
竜王郵便局前,大分交通（株）,明治
龍岩寺茶屋,宇佐市,院内谷線
富田入口,杵築市,浄土寺・富田線
中山上,宇佐市,中山・新貝線
和泉原防火水槽前,中津市,中津市コミュニティバス　耶馬溪・大島伊福線
向尾上,中津市,中津市コミュニティバス　本耶馬渓・西谷コース
高須,大分交通（株）,"真那井, 系統：3562・3563"
高須,杵築市,東線
尾立,大分交通（株）,津房
三河入口,大分交通（株）,"国東-大分駅前, 杵築＿1, 別杵, 暘谷高"
上小竹,日田バス（株）,小鹿田線
中山,日出町,藤原一北線
守実温泉（商工会前）,大分交通（株）,"中日＿1, 中日＿2, 中日＿3, 古後, 中日＿4"
商工会前,中津市,"中津市コミュニティバス　山国・槻木線, 中津市コミュニティバス　山国・所小野線, 中津市コミュニティバス　山国・市平・奥谷線, 中津市コミュニティバス　山国・長尾野線, 中津市コミュニティバス　山国・フケ原・大石峠線, 中津市コミュニティバス　山国・両宮線, 中津市コミュニティバス山国・毛谷村線"
山国役場前,大分交通（株）,"中日＿2, 中日＿3, 古後, 中日＿4"
朴の木防火水槽前,中津市,中津市コミュニティバス　耶馬溪・山移南線
旧JA東支所前,杵築市,東線
朝陽橋,大分交通（株）,"中日＿2, 中日＿3, 古後, 中日＿4, 中日＿5"
西鹿鳴越給水所,杵築市,津山・鹿鳴越線
役場前,中津市,"中津市コミュニティバス　山国・槻木線, 中津市コミュニティバス　山国・所小野線, 中津市コミュニティバス　山国・市平・奥谷線, 中津市コミュニティバス　山国・長尾野線, 中津市コミュニティバス　山国・フケ原・大石峠線, 中津市コミュニティバス　山国・両宮線, 中津市コミュニティバス山国・毛谷村線"
三郷保育園前,大分交通（株）,"中日＿2, 中日＿3, 古後, 中日＿4"
院内郵便局,宇佐市,"院内谷線, 恵良谷下線, 恵良谷上線, 西椎屋線, 田所線, 余谷線"
乙鎌城台入口三叉路,中津市,中津市コミュニティバス　耶馬溪・樋山路鎌城線
松本中,宇佐市,松本・上ノ原線
上の畑公民館前,中津市,中津市コミュニティバス　耶馬溪・山移北線
中間下,宇佐市,大内・広谷線
宇曽,大分交通（株）,"中日＿2, 中日＿3, 古後, 中日＿4, 中日＿5"
小唐川,宇佐市,大内・広谷線
上村,大分交通（株）,"中日＿2, 中日＿3, 古後, 中日＿4"
山国社会福祉センター,中津市,"中津市コミュニティバス　山国・槻木線, 中津市コミュニティバス　山国・所小野線, 中津市コミュニティバス　山国・市平・奥谷線, 中津市コミュニティバス　山国・長尾野線, 中津市コミュニティバス　山国・フケ原・大石峠線, 中津市コミュニティバス　山国・両宮線, 中津市コミュニティバス山国・毛谷村線"
森,大分交通（株）,明治
沼津入口,大分交通（株）,"杵築＿2, ハーモニーランド, 系統：4251"
宮の原,大分交通（株）,定別当
東下,宇佐市,余谷線
沼津地域活性化センター前,日出町,藤原赤松線
諸趾垣,宇佐市,院内谷線
斎藤,大分交通（株）,"定別当, 西椎屋＿2"
上尾立,大分交通（株）,津房
元正寺前,大分交通（株）,定別当
宮原公民館,宇佐市,院内谷線
上影平,大分交通（株）,定別当
上景平,宇佐市,院内谷線
山浦,大分交通（株）,裏耶馬溪
山浦,中津市,"中津市コミュニティバス　耶馬溪・大島伊福線, 中津市コミュニティバス　耶馬溪・裏耶馬溪線"
上河内,大分交通（株）,佐田
影平,大分交通（株）,定別当
景平,宇佐市,院内谷線
定別当神社,宇佐市,院内谷線
やすらぎの郷,中津市,"中津市コミュニティバス　山国・槻木線, 中津市コミュニティバス　山国・所小野線, 中津市コミュニティバス　山国・市平・奥谷線, 中津市コミュニティバス　山国・長尾野線, 中津市コミュニティバス　山国・フケ原・大石峠線, 中津市コミュニティバス　山国・両宮線, 中津市コミュニティバス山国・毛谷村線"
小河内林道入口,宇佐市,院内谷線
舟板,宇佐市,中山・新貝線
口野尾,杵築市,"井手の上・下切線, 浄土寺・富田線"
猪尾口,大分交通（株）,"国東-大分駅前, 杵築＿1, 別杵, 暘谷高"
笹掛地蔵尊前,大分交通（株）,古後
八木蒔,大分交通（株）,深耶馬溪
八木蒔,中津市,"中津市コミュニティバス　耶馬溪・深耶馬東線, 中津市コミュニティバス　耶馬溪・深耶馬西線"
竹尾橋,日田バス（株）,小鹿田線
ハーモニーランド,大分交通（株）,ハーモニーランド
国宝竜岩寺口,大分交通（株）,定別当
小池氏宅前,中津市,中津市コミュニティバス　耶馬溪・樋山路鎌城線
下野田,大分交通（株）,"国東-大分駅前, 杵築＿1, 別杵, 暘谷高"
口ノ原下,宇佐市,"萱籠・筌ノ口線, 萱籠・筌ノ口線（短縮経路）"
ハーモニーランド入口,大分交通（株）,"杵築＿2, ハーモニーランド, 系統：4251"
郷宮,大分交通（株）,定別当
大村,大分交通（株）,明治
権現下,大分交通（株）,"中日＿1, 中日＿3, 中日＿4"
龍,中津市,中津市コミュニティバス　山国・フケ原・大石峠線
松本口,宇佐市,松本・上ノ原線
下月の俣,大分交通（株）,定別当
尾本,杵築市,東線
徳田,杵築市,津山・鹿鳴越線
神の原入口三叉路,中津市,中津市コミュニティバス　耶馬溪・山移南線
唐川,杵築市,井手の上・下切線
平山,宇佐市,中山・新貝線
陣ノ辻公民館前,日出町,藤原一北線
松本三叉路,宇佐市,松本・上ノ原線
上野田,大分交通（株）,"国東-大分駅前, 杵築＿1, 別杵, 暘谷高"
津房保育園前,大分交通（株）,津房
中間上,宇佐市,大内・広谷線
畑小屋,大分交通（株）,中日＿4
定別当集落センター,宇佐市,院内谷線
野田,大分交通（株）,"国東-大分駅前, 杵築＿1, 別杵, 暘谷高"
定別当,大分交通（株）,定別当
下百谷堂様前,中津市,中津市コミュニティバス　耶馬溪・山移南線
竜森橋,大分交通（株）,定別当
午王,日田バス（株）,小鹿田線
納持,大分交通（株）,西椎屋＿2
納持,宇佐市,"恵良谷下線, 恵良谷上線, 西椎屋線, 田所線, 余谷線"
原北,大分交通（株）,"真那井, 系統：3562・3563"
原北,杵築市,東線
東集会所,宇佐市,余谷線
月俣公民館,宇佐市,院内谷線
上志川入口,大分交通（株）,中日＿4
鎌城防火水槽前,中津市,中津市コミュニティバス　耶馬溪・樋山路鎌城線
みのり村前,大分交通（株）,"国東-大分駅前, 杵築＿1, 別杵, 暘谷高"
茸木,大分交通（株）,中日＿4
茸木,中津市,中津市コミュニティバス　山国・フケ原・大石峠線
目久保入口,杵築市,"井手の上・下切線, 浄土寺・富田線"
水の口,杵築市,浄土寺・富田線
深見コミュニティセンター,宇佐市,福貴野・上内河野線
川崎公民館,宇佐市,松本・上ノ原線
月の俣,大分交通（株）,定別当
程川,杵築市,東線
掛地,大分交通（株）,古後
照川,大分交通（株）,"国東-大分駅前, 杵築＿1, 別杵, 暘谷高"
時増氏宅前,中津市,中津市コミュニティバス　耶馬溪・大島伊福線
口ノ原上,宇佐市,"萱籠・筌ノ口線, 萱籠・筌ノ口線（短縮経路）"
月俣橋,宇佐市,院内谷線
平山三叉路,宇佐市,中山・新貝線
深見小学校前,大分交通（株）,明治
奥江堂様前,中津市,中津市コミュニティバス　耶馬溪・大島伊福線
津房農協前,大分交通（株）,津房
飯塚,大分交通（株）,西椎屋＿2
飯塚,宇佐市,"恵良谷下線, 恵良谷上線, 西椎屋線, 田所線, 余谷線"
大坪,大分交通（株）,"中日＿1, 中日＿3"
龍南運送入口,日出町,大神線
出羽,大分交通（株）,中日＿4
出羽,中津市,中津市コミュニティバス　山国・フケ原・大石峠線
新谷,大分交通（株）,定別当
中会,日田バス（株）,小鹿田線
東上,宇佐市,余谷線
中相原,日出町,藤原一北線
中間入口,宇佐市,大内・広谷線
上院内小学校前,大分交通（株）,定別当
上院内小学校,宇佐市,院内谷線
新貝［安心院町］,宇佐市,中山・新貝線
山田,杵築市,東線
富田,杵築市,浄土寺・富田線
六郎丸,大分交通（株）,津房
板場,宇佐市,松本・上ノ原線
月俣無線塔,宇佐市,院内谷線
寺川,大分交通（株）,古後
倉谷入口,中津市,中津市コミュニティバス　山国・フケ原・大石峠線
耶馬渓平原,大分交通（株）,深耶馬溪
岳切,宇佐市,院内谷線
立花,大分交通（株）,"真那井, 系統：3562・3563"
立花,杵築市,東線
自然郷東,日出町,"藤原赤松線, 藤原一北線"
藤原小入口,大分交通（株）,"杵築＿2, ハーモニーランド, 系統：4251"
提鶴,大分交通（株）,裏耶馬溪
提鶴,中津市,"中津市コミュニティバス　耶馬溪・大島伊福線, 中津市コミュニティバス　耶馬溪・裏耶馬溪線"
土肥上,宇佐市,"萱籠・筌ノ口線, 萱籠・筌ノ口線（短縮経路）"
相原,大分交通（株）,"国東-大分駅前, 杵築＿1, 別杵, 暘谷高"
平原,中津市,"中津市コミュニティバス　耶馬溪・深耶馬東線, 中津市コミュニティバス　耶馬溪・深耶馬西線, 中津市コミュニティバス　耶馬溪・山移南線"
藤原小学校,日出町,藤原一北線
自然郷西,日出町,"藤原赤松線, 藤原一北線"
田代,宇佐市,"萱籠・筌ノ口線, 萱籠・筌ノ口線（短縮経路）"
藤野木,中津市,中津市コミュニティバス　山国・長尾野線
梛野,日田バス（株）,小鹿田線
分寺中,宇佐市,田所線
奥畑堂様前,中津市,中津市コミュニティバス　耶馬溪・大島伊福線
下五郎丸,大分交通（株）,津房
篠矢,大分交通（株）,古後
堤,中津市,中津市コミュニティバス　山国・長尾野線
深見温泉前,大分交通（株）,明治
田中氏宅前,中津市,中津市コミュニティバス　耶馬溪・樋山路鎌城線
目久保公民館,杵築市,浄土寺・富田線
假屋,大分交通（株）,中日＿4
上納持公民館,宇佐市,余谷線
豆岳珈琲前,中津市,中津市コミュニティバス　耶馬溪・大島伊福線
分寺南,宇佐市,田所線
下切神社,杵築市,井手の上・下切線
上長谷入口,中津市,中津市コミュニティバス　耶馬溪・大島伊福線
土肥下,宇佐市,"萱籠・筌ノ口線, 萱籠・筌ノ口線（短縮経路）"
分寺,大分交通（株）,西椎屋＿2
境ノ坪,宇佐市,中山・新貝線
下余,宇佐市,余谷線
下余,大分交通（株）,西椎屋＿2
上提鶴,大分交通（株）,裏耶馬溪
岩下,大分交通（株）,西椎屋＿2
岩下,宇佐市,西椎屋線
提鶴上,中津市,"中津市コミュニティバス　耶馬溪・大島伊福線, 中津市コミュニティバス　耶馬溪・裏耶馬溪線"
倉谷,中津市,中津市コミュニティバス　山国・フケ原・大石峠線
倉谷,大分交通（株）,中日＿4
加貫入口,大分交通（株）,"真那井, 系統：3562・3563"
加貫入口,杵築市,東線
温見宮の下,大分交通（株）,西椎屋＿2
温見宮の下,宇佐市,西椎屋線
草野河内,中津市,中津市コミュニティバス　山国・長尾野線
釈迦堂,大分交通（株）,"杵築＿2, ハーモニーランド, 系統：4251"
矢畑,大分交通（株）,明治
中江,宇佐市,西椎屋線
中江,大分交通（株）,西椎屋＿2
上志川,大分交通（株）,"中日＿1, 中日＿3, 中日＿5"
岩屋堂様前,中津市,中津市コミュニティバス　耶馬溪・深耶馬東線
五郎丸,大分交通（株）,津房
久留見入口,中津市,中津市コミュニティバス　耶馬溪・深耶馬東線
奥鍋,大分交通（株）,西椎屋＿2
奥鍋,宇佐市,田所線
小田下,宇佐市,大内・広谷線
河野（利）氏宅前,中津市,"中津市コミュニティバス　耶馬溪・深耶馬東線, 中津市コミュニティバス　耶馬溪・深耶馬西線"
大黒原下,宇佐市,中山・新貝線
日出総合高校,大分交通（株）,"杵築＿1, 別杵, 暘谷高"
もみじの湯,中津市,"中津市コミュニティバス　耶馬溪・深耶馬東線, 中津市コミュニティバス　耶馬溪・深耶馬西線"
立野,日出町,藤原一北線
今畑,日出町,南端線
下恵良,大分交通（株）,西椎屋＿2
南院内郵便局,宇佐市,"恵良谷下線, 恵良谷上線"
川底,宇佐市,中山・新貝線
月の俣入口,大分交通（株）,西椎屋＿2
月の俣入口,宇佐市,田所線
野路入口,大分交通（株）,西椎屋＿2
野地入口,宇佐市,西椎屋線
田平,大分交通（株）,古後
市の尾相原氏宅下,中津市,中津市コミュニティバス　耶馬溪・深耶馬西線
中鍋,宇佐市,田所線
中鍋,大分交通（株）,西椎屋＿2
中百谷曽我氏宅前,中津市,中津市コミュニティバス　耶馬溪・山移南線
下切,杵築市,井手の上・下切線
鴫良温泉前,大分交通（株）,深耶馬溪
鴫良中屋前,中津市,"中津市コミュニティバス　耶馬溪・深耶馬東線, 中津市コミュニティバス　耶馬溪・深耶馬西線"
杉山,大分交通（株）,中日＿4
所澤氏宅前,中津市,中津市コミュニティバス　耶馬溪・樋山路鎌城線
南部小学校前,大分交通（株）,西椎屋＿2
本村,宇佐市,"萱籠・筌ノ口線, 萱籠・筌ノ口線（短縮経路）"
迫東,日出町,藤原一北線
カジヤ［熊野］,杵築市,東線
大神駅前,大分交通（株）,"国東-大分駅前, 杵築＿1, 別杵, 暘谷高"
大黒原,宇佐市,中山・新貝線
東入口,大分交通（株）,古後
鍜治屋,大分交通（株）,"真那井, 系統：3562・3563"
堀切,大分交通（株）,西椎屋＿2
堀切,宇佐市,余谷線
大神駅前,日出町,大神線
広連,大分交通（株）,明治
有馬氏宅前,中津市,中津市コミュニティバス　耶馬溪・樋山路鎌城線
重尾,中津市,中津市コミュニティバス　山国・長尾野線
上百谷公民館前,中津市,中津市コミュニティバス　耶馬溪・山移南線
上恵良下,宇佐市,恵良谷下線
朝小野,大分交通（株）,古後
今村,大分交通（株）,"深江＿1, 深江＿2, 深江＿3, 深江＿4, 深江＿5, 真那井"
今村,日出町,大神線
芋の岳田中氏宅前,中津市,中津市コミュニティバス　耶馬溪・深耶馬東線
原南,大分交通（株）,"真那井, 系統：3562・3563"
原南,杵築市,東線
野地下,宇佐市,西椎屋線
下温見野,大分交通（株）,西椎屋＿2
下温見野,宇佐市,田所線
スクボ塚,大分交通（株）,佐田
スクボ塚,杵築市,浄土寺・富田線
下小竹,日田バス（株）,小鹿田線
赤松,宇佐市,福貴野・上内河野線
年田,大分交通（株）,"真那井, 系統：3562・3563"
年田,杵築市,東線
中野尾,杵築市,井手の上・下切線
フケ原,中津市,中津市コミュニティバス　山国・フケ原・大石峠線
折戸温泉前,中津市,中津市コミュニティバス　耶馬溪・深耶馬東線
横津,日出町,藤原赤松線
井手の上,杵築市,井手の上・下切線
和泉,大分交通（株）,"杵築＿2, ハーモニーランド, 系統：4251"
上鴫良,大分交通（株）,深耶馬溪
木下,大分交通（株）,津房
伏木,大分交通（株）,中日＿4
北大神公民館下,日出町,大神線
大坪十字路,宇佐市,余谷線
大坪,大分交通（株）,西椎屋＿2
上広連,大分交通（株）,明治
片原津入口,日出町,大神線
若林上,宇佐市,大内・広谷線
温見野,大分交通（株）,西椎屋＿2
温見野,宇佐市,田所線
梶ヶ浜,杵築市,東線
上恵良公民館,大分交通（株）,西椎屋＿2
加貫公民館前,大分交通（株）,"真那井, 系統：3562・3563"
加貫公民館前,杵築市,東線
加貫出口,大分交通（株）,真那井
加貫出口,杵築市,東線
梶ヶ浜,大分交通（株）,真那井
年ノ上神社,大分交通（株）,"真那井, 系統：3562・3563"
平原公民館下,宇佐市,余谷線
田の平,大分交通（株）,"中日＿1, 中日＿3"
小浜,大分交通（株）,"真那井, 系統：3562・3563"
日出保健福祉センター,大分交通（株）,"深江＿1, 深江＿2, 深江＿3, 深江＿4, 深江＿5, 真那井"
保健福祉センター,日出町,"南端線, 豊岡線, 川崎線, 大神線, 藤原赤松線, 藤原一北線"
花月橋,大分交通（株）,中日＿4
仏木,宇佐市,中山・新貝線
白禿,大分交通（株）,"真那井, 系統：3562・3563"
少年旅行村,大分交通（株）,裏耶馬溪
上恵良,大分交通（株）,西椎屋＿2
上恵良温泉,宇佐市,"恵良谷下線, 恵良谷上線"
片原津公民館前,日出町,大神線
水車,大分交通（株）,明治
野地公民館,宇佐市,西椎屋線
富田入口,大分交通（株）,佐田
梶原,大分交通（株）,古後
本村中,宇佐市,"萱籠・筌ノ口線, 萱籠・筌ノ口線（短縮経路）"
水家,大分交通（株）,"国東-大分駅前, 杵築＿1, 別杵"
無田,大分交通（株）,"国東-大分駅前, 杵築＿1, 別杵"
千騎,大分交通（株）,"国東-大分駅前, 杵築＿1, 別杵"
大神,大分交通（株）,"国東-大分駅前, 杵築＿1, 別杵"
加貫中下,大分交通（株）,真那井
加貫中下,杵築市,東線
小浜,杵築市,東線
鰐沢,大分交通（株）,"杵築＿2, ハーモニーランド, 系統：4251"
若林,大分交通（株）,津房
古池前,日出町,豊岡線
深耶馬渓駐車場前,大分交通（株）,深耶馬溪
村部,宇佐市,中山・新貝線
長尾野,中津市,中津市コミュニティバス　山国・長尾野線
仁王住宅前,日出町,豊岡線
加貫,大分交通（株）,"真那井, 系統：3562・3563"
加貫,杵築市,東線
藤木公民館前,中津市,中津市コミュニティバス　耶馬溪・山移南線
余温泉,宇佐市,余谷線
大城広場,中津市,中津市コミュニティバス　耶馬溪・深耶馬東線
真那井,大分交通（株）,"真那井, 系統：3562・3563"
野地上,宇佐市,西椎屋線
専道,大分交通（株）,古後
小内原,杵築市,井手の上・下切線
下,大分交通（株）,"真那井, 系統：3562・3563"
上林寺前,日出町,"豊岡線, 川崎線, 大神線, 藤原赤松線, 藤原一北線"
足ケ迫,大分交通（株）,中日＿4
別府ゴルフ場入口,大分交通（株）,佐田
別府ゴルフ場入口,杵築市,浄土寺・富田線
会下,大分交通（株）,"会下-亀川駅, 国東-大分駅前, 杵築＿1, 別杵, 深江＿1, 深江＿2, 深江＿3, 深江＿4, 深江＿5, 杵築＿2, 辻間団地, 真那井, 系統：3562・3563"
葛灰,大分交通（株）,西椎屋＿2
生常,大分交通（株）,真那井
生常,杵築市,東線
温泉プール入口,大分交通（株）,裏耶馬溪
伊福展望所入口,中津市,"中津市コミュニティバス　耶馬溪・大島伊福線, 中津市コミュニティバス　耶馬溪・裏耶馬溪線"
上野地入口,宇佐市,田所線
大平,大分交通（株）,真那井
大平,杵築市,東線
浜入口,大分交通（株）,"真那井, 系統：3562・3563"
中屋敷,宇佐市,恵良谷下線
中屋敷,大分交通（株）,西椎屋＿2
上野路入口,大分交通（株）,西椎屋＿2
神原,大分交通（株）,古後
真那井塩屋,大分交通（株）,"真那井, 系統：3562・3563"
小田上,宇佐市,大内・広谷線
ホームワイド前,大分交通（株）,"深江＿1, 深江＿2, 深江＿3, 深江＿4, 深江＿5, 真那井"
大坪上,宇佐市,余谷線
長野,日出町,豊岡線
法花寺,日出町,豊岡線
原,大分交通（株）,古後
八代,大分交通（株）,"真那井, 系統：3562・3563"
丸尾橋,大分交通（株）,"真那井, 系統：3562・3563"
荻迫交差点,宇佐市,恵良谷下線
本村上,宇佐市,"萱籠・筌ノ口線, 萱籠・筌ノ口線（短縮経路）"
中村公民館,日出町,大神線
ホームワイド前,日出町,"南端線, 豊岡線, 川崎線, 大神線, 藤原赤松線, 藤原一北線"
榎,大分交通（株）,"会下-亀川駅, 国東-大分駅前, 杵築＿1, 別杵, 深江＿1, 深江＿2, 深江＿3, 深江＿4, 深江＿5, 杵築＿2, 辻間団地, 真那井, 系統：3562・3563"
道迫,大分交通（株）,古後
赤山,大分交通（株）,"会下-亀川駅, 辻間団地"
加倉,大分交通（株）,西椎屋＿2
中央公民館前,大分交通（株）,"会下-亀川駅, 深江＿1, 深江＿2, 深江＿3, 深江＿4, 深江＿5, 辻間団地, 真那井"
西椎屋,宇佐市,田所線
西椎屋,大分交通（株）,西椎屋＿2
マルショク日出前,日出町,"南端線, 豊岡線, 川崎線, 大神線, 藤原赤松線, 藤原一北線"
成行天満宮前,日出町,川崎線
大石峠,大分交通（株）,"中日＿1, 中日＿3, 中日＿5"
下原,宇佐市,福貴野・上内河野線
大田公園前,日出町,"南端線, 豊岡線, 川崎線, 大神線, 藤原赤松線, 藤原一北線"
耶馬渓温泉センター,大分交通（株）,深耶馬溪
南端地区公民館前,日出町,南端線
伊福,大分交通（株）,裏耶馬溪
伊福,中津市,"中津市コミュニティバス　耶馬溪・大島伊福線, 中津市コミュニティバス　耶馬溪・裏耶馬溪線"
上神田,大分交通（株）,"会下-亀川駅, 亀川駅-辻間団地, 辻間団地"
原道,日出町,大神線
団地東区,大分交通（株）,"会下-亀川駅, 亀川駅-辻間団地, 辻間団地"
土岩屋,大分交通（株）,西椎屋＿2
土岩屋上,宇佐市,恵良谷下線
小柿山旧郵便局前,中津市,中津市コミュニティバス　耶馬溪・深耶馬東線
十ヶ平公民館,宇佐市,恵良谷下線
団地西区,日出町,豊岡線
中央公民館,日出町,"南端線, 豊岡線, 川崎線, 大神線, 藤原赤松線, 藤原一北線"
坂の辻,大分交通（株）,中日＿4
福元,大分交通（株）,"深江＿3, 真那井, 系統：3562・3563"
西櫃,大分交通（株）,"深江＿3, 真那井, 系統：3562・3563"
日出,大分交通（株）,"大分空港-新川, 会下-亀川駅, 国東-大分駅前, 別府駅前-大分空港, 杵築＿1, 別杵, 深江＿1, 深江＿2, 深江＿3, 深江＿4, 深江＿5, 杵築＿2, 辻間団地, 真那井, 系統：3562・3563, ハーモニーランド, 系統：4251"
日吉神社前,大分交通（株）,明治
上余［小平入口］,宇佐市,余谷線
深耶馬溪温泉,大分交通（株）,深耶馬溪
杉山,大分交通（株）,古後
中伊福,大分交通（株）,裏耶馬溪
中伊福,中津市,"中津市コミュニティバス　耶馬溪・大島伊福線, 中津市コミュニティバス　耶馬溪・裏耶馬溪線"
辻間団地,大分交通（株）,"会下-亀川駅, 辻間団地-医療セン前, 亀川駅-辻間団地, 辻間団地"
櫃,大分交通（株）,"深江＿3, 真那井, 系統：3562・3563"
上の原,日出町,豊岡線
田平公民館,宇佐市,恵良谷下線
西河内,日田バス（株）,小鹿田線
原山,大分交通（株）,"深江＿3, 真那井, 系統：3562・3563"
東椎屋の滝入口,大分交通（株）,津房
大石峠,中津市,中津市コミュニティバス　山国・フケ原・大石峠線
団地南区,大分交通（株）,"会下-亀川駅, 辻間団地-医療セン前, 亀川駅-辻間団地, 辻間団地"
中尾,日出町,川崎線
和田平,宇佐市,田所線
和田平,大分交通（株）,西椎屋＿2
トキハ前,日出町,"南端線, 豊岡線, 川崎線, 大神線, 藤原赤松線, 藤原一北線"
暘谷駅前,大分交通（株）,"会下-亀川駅, 深江＿1, 深江＿2, 深江＿3, 深江＿4, 深江＿5, 辻間団地, 真那井, ハーモニーランド"
大神小学校西口,大分交通（株）,"深江＿1, 深江＿3, 深江＿5, 真那井, 系統：3562・3563"
酒井病院前,日出町,"南端線, 豊岡線, 川崎線, 大神線, 藤原赤松線, 藤原一北線"
松屋寺入口,大分交通（株）,国東-大分駅前
大石峠3,中津市,中津市コミュニティバス　山国・フケ原・大石峠線
西椎屋神社,宇佐市,西椎屋線
大神小学校前,大分交通（株）,"深江＿1, 深江＿3, 深江＿5, 真那井, 系統：3562・3563"
松田氏宅前,中津市,中津市コミュニティバス　耶馬溪・大島伊福線
東大峯,大分交通（株）,"深江＿1, 深江＿3, 深江＿5, 真那井, 系統：3562・3563"
古後保育園前,大分交通（株）,古後
暘谷駅前,日出町,"南端線, 豊岡線, 川崎線, 大神線, 藤原赤松線, 藤原一北線"
小林,大分交通（株）,"深江＿1, 深江＿3, 深江＿5, 真那井, 系統：3562・3563"
日出本町,大分交通（株）,"会下-亀川駅, 杵築＿1, 別杵, 深江＿1, 深江＿2, 辻間団地, 真那井, 系統：3562・3563, ハーモニーランド, 系統：4251"
土橋,大分交通（株）,佐田
大石峠2,中津市,中津市コミュニティバス　山国・フケ原・大石峠線
田平,大分交通（株）,西椎屋＿2
田平,宇佐市,田所線
鬼屋敷,大分交通（株）,明治
日出町役場,日出町,"南端線, 豊岡線, 川崎線, 大神線, 藤原赤松線, 藤原一北線"
ホテルソラージュ前,大分交通（株）,"深江＿3, 真那井"
日出郵便局前,大分交通（株）,"杵築＿1, 別杵"
八日市,大分交通（株）,"杵築＿1, 別杵"
川崎大峯,大分交通（株）,"深江＿1, 深江＿3, 深江＿5, 真那井, 系統：3562・3563"
日出町役場前,大分交通（株）,"深江＿1, 深江＿2, 深江＿3, 深江＿4, 深江＿5, 真那井"
日出役場前,大分交通（株）,"会下-亀川駅, 杵築＿1, 別杵, 辻間団地, ハーモニーランド, 系統：4251"
中野,大分交通（株）,古後
太田,大分交通（株）,"国東-大分駅前, 杵築＿1, 別杵"
台三叉路,宇佐市,恵良谷上線
日出駅前,大分交通（株）,"深江＿1, 深江＿2, 深江＿3, 深江＿4, 深江＿5, 真那井, 系統：3562・3563, ハーモニーランド"
東河内,日田バス（株）,小鹿田線
八幡社前,大分交通（株）,"深江＿1, 深江＿2, 深江＿3, 深江＿4, 深江＿5, 真那井, 系統：3562・3563, ハーモニーランド"
辻間団地入口,大分交通（株）,"会下-亀川駅, 辻間団地-医療セン前, 亀川駅-辻間団地, 辻間団地"
下伊福,大分交通（株）,裏耶馬溪
下伊福,中津市,中津市コミュニティバス　耶馬溪・裏耶馬溪線
日出下町,大分交通（株）,"深江＿1, 深江＿2, 深江＿3, 深江＿4, 深江＿5, 真那井, 系統：3562・3563, ハーモニーランド"
来鉢公民館,宇佐市,恵良谷下線
小河内,大分交通（株）,"中日＿1, 中日＿3, 中日＿5"
辻の下,大分交通（株）,"深江＿1, 深江＿3, 深江＿5, 真那井, 系統：3562・3563"
羯諦寺前,日出町,豊岡線
日出児玉病院前,日出町,川崎線
一の瀬,大分交通（株）,中日＿4
上中野,大分交通（株）,古後
秋原,大分交通（株）,中日＿4
金井田橋,日出町,川崎線
田所宮の下,宇佐市,田所線
田所宮の下,大分交通（株）,西椎屋＿2
是城,大分交通（株）,"会下-亀川駅, 辻間団地-医療セン前, 亀川駅-辻間団地, 辻間団地"
堤,大分交通（株）,"深江＿1, 深江＿5"
辻間,大分交通（株）,"国東-大分駅前, 杵築＿1, 別杵"
川崎農協前,大分交通（株）,"深江＿1, 深江＿2, 深江＿3, 深江＿4, 深江＿5, 真那井, 系統：3562・3563"
鶴,大分交通（株）,津房
三尺山公民館,日出町,川崎線
辻の尾,大分交通（株）,"深江＿1, 深江＿3, 深江＿4, 深江＿5, 真那井, 系統：3562・3563"
上一の瀬,大分交通（株）,"中日＿1, 中日＿3"
鬼丸,大分交通（株）,"会下-亀川駅, 辻間団地-医療セン前, 亀川駅-辻間団地, 辻間団地"
下小河内,大分交通（株）,"中日＿1, 中日＿3"
山の口,大分交通（株）,"中日＿1, 中日＿3, 中日＿5"
豊岡小学校,日出町,南端線
大内,宇佐市,大内・広谷線
岡,宇佐市,余谷線
平原,大分交通（株）,"深江＿1, 深江＿3, 深江＿4, 深江＿5, 真那井, 系統：3562・3563"
下一の瀬,大分交通（株）,"中日＿1, 中日＿3, 中日＿5"
滝貞入口,宇佐市,余谷線
一つ家,大分交通（株）,深耶馬溪
寺小野公民館前,中津市,中津市コミュニティバス　耶馬溪・深耶馬西線
田所,大分交通（株）,西椎屋＿2
田所,宇佐市,田所線
秋原入口,大分交通（株）,"中日＿1, 中日＿3, 中日＿5"
小平三叉路,宇佐市,余谷線
古後中学校前,大分交通（株）,古後
糸ヶ浜入口,大分交通（株）,深江＿3
新田,日田バス（株）,小鹿田線
藤山,大分交通（株）,中日＿4
宮川橋,大分交通（株）,"国東-大分駅前, 杵築＿1, 別杵"
軒の井入口,大分交通（株）,"深江＿1, 深江＿5"
豊岡小学校前,大分交通（株）,"会下-亀川駅, 辻間団地-医療セン前, 亀川駅-辻間団地, 辻間団地"
下畳石,大分交通（株）,明治
グリーンヒルズ前,大分交通（株）,佐田
長田,大分交通（株）,古後
笹尾,日出町,川崎線
川崎運動公園入口,大分交通（株）,深江＿4
内野,大分交通（株）,深江＿2
豊岡小学校入口,大分交通（株）,"国東-大分駅前, 杵築＿1, 別杵"
畳石,大分交通（株）,明治
家籠堂様前,中津市,中津市コミュニティバス　耶馬溪・深耶馬西線
軍艦岩,大分交通（株）,深耶馬溪
丸田,大分交通（株）,津房
井手下,大分交通（株）,"深江＿1, 深江＿5"
豊岡駅口,大分交通（株）,"国東-大分駅前, 杵築＿1, 別杵"
豊岡西区公民館前,日出町,南端線
豊岡駅前,大分交通（株）,"会下-亀川駅, 辻間団地-医療セン前, 亀川駅-辻間団地, 辻間団地"
古間地,宇佐市,福貴野・上内河野線
戸山中学校前,大分交通（株）,"中日＿1, 中日＿3, 中日＿5"
下藤山,大分交通（株）,中日＿4
下藤山,日田バス（株）,小鹿田線
豊後豊岡駅前,日出町,南端線
安免団地,日出町,川崎線
田向,日出町,川崎線
御立山,大分交通（株）,深江＿4
陽林防,大分交通（株）,深江＿5
平原,日出町,川崎線
小布倉,日出町,南端線
安部氏宅前,中津市,中津市コミュニティバス　耶馬溪・深耶馬西線
西照寺入口,宇佐市,福貴野・上内河野線
豊岡コミュニティーセンター前,日出町,南端線
筒井向,大分交通（株）,深江＿5
新貝,大分交通（株）,深江＿4
豊岡,大分交通（株）,"会下-亀川駅, 辻間団地-医療セン前, 亀川駅-辻間団地, 辻間団地"
稲荷前,大分交通（株）,深江＿2
南端コミュニティセンター前,日出町,南端線
豊岡,大分交通（株）,"国東-大分駅前, 杵築＿1, 別杵"
山神平,日出町,川崎線
通戸,大分交通（株）,中日＿4
通戸,日田バス（株）,小鹿田線
南風隠,大分交通（株）,"深江＿3, 深江＿5"
高平,大分交通（株）,佐田
小迫,玖珠町,古後線
切分,日出町,川崎線
表,大分交通（株）,深江＿1
一の坂,日出町,南端線
早水台,大分交通（株）,深江＿2
灰原,大分交通（株）,古後
西小深江,大分交通（株）,深江＿2
小浦,大分交通（株）,"会下-亀川駅, 辻間団地-医療セン前, 亀川駅-辻間団地, 辻間団地"
小浦,大分交通（株）,"国東-大分駅前, 杵築＿1, 別杵"
平原入口,大分交通（株）,古後
高平配水池下,日出町,南端線
鳥屋（善専寺前）,玖珠町,鳥屋線
西小深江公民館前,大分交通（株）,深江＿2
山の口,大分交通（株）,明治
目刈公民館,日出町,南端線
平原,大分交通（株）,古後
前,宇佐市,恵良谷上線
南端小学校前,大分交通（株）,佐田
松の木,大分交通（株）,"深江＿1, 深江＿3, 深江＿5"
別府湾RH,大分交通（株）,"大分空港-新川, 別府駅前-大分空港"
辻,大分交通（株）,"深江＿3, 深江＿5"
財津口,大分交通（株）,"中日＿1, 中日＿3, 中日＿5"
東小深江,大分交通（株）,深江＿2
吉野渡入口,宇佐市,恵良谷上線
財津,大分交通（株）,中日＿4
財津,日田バス（株）,小鹿田線
三花農協前,大分交通（株）,中日＿4
三花農協前,日田バス（株）,小鹿田線
中ノ滝,大分交通（株）,"深江＿3, 深江＿5"
深江,大分交通（株）,"深江＿1, 深江＿3, 深江＿5"
立箱,大分交通（株）,津房
小平,宇佐市,"萱籠・筌ノ口線, 萱籠・筌ノ口線（短縮経路）"
深江港,大分交通（株）,"深江＿1, 深江＿2, 深江＿3, 深江＿4, 深江＿5"
向浜,大分交通（株）,深江＿3
西小深江,日出町,川崎線
和田公民館,宇佐市,恵良谷上線
目刈,大分交通（株）,佐田
目刈,日出町,南端線
東小深江公民館,日出町,川崎線
西高尾,大分交通（株）,"深江＿2, 深江＿4"
日比の浦入口,大分交通（株）,"深江＿1, 深江＿2, 深江＿4"
錦雲峡入口,大分交通（株）,深耶馬溪
柳ノ池,大分交通（株）,"深江＿3, 深江＿5"
壁野,大分交通（株）,中日＿4
壁野,日田バス（株）,小鹿田線
住吉・回天神社入口,大分交通（株）,"深江＿3, 深江＿5"
瀬の上,大分交通（株）,"深江＿2, 深江＿4"
高尾,大分交通（株）,"深江＿1, 深江＿2, 深江＿4"
柚の木,大分交通（株）,古後
福貴野,大分交通（株）,明治
午王橋,玖珠町,古後線
財津南,大分交通（株）,"中日＿1, 中日＿3, 中日＿5"
羽馬礼分校,宇佐市,恵良谷上線
目刈口,亀の井バス（株）,41　サファリ線
大所,大分交通（株）,佐田
高野山霊園前,大分交通（株）,佐田
牧の内公民館前,大分交通（株）,"深江＿3, 深江＿5"
小平上,宇佐市,"萱籠・筌ノ口線, 萱籠・筌ノ口線（短縮経路）"
午王,玖珠町,古後線
三和小前,日田バス（株）,小鹿田線
サファリ,亀の井バス（株）,41　サファリ線
三和小学校,大分交通（株）,中日＿4
羽馬礼三叉路,宇佐市,恵良谷上線
大池,玖珠町,古後線
仙人田茶屋,大分交通（株）,津房
仙人田茶屋,宇佐市,萱籠・筌ノ口線
小畑,大分交通（株）,佐田
福貴野,宇佐市,福貴野・上内河野線
三和団地,大分交通（株）,"中日＿1, 中日＿3, 中日＿5"
胡麻ヶ坂,大分交通（株）,"会下-亀川駅, 辻間団地-医療セン前, 亀川駅-辻間団地, 国東-大分駅前, 杵築＿1, 別杵, 辻間団地"
三和団地前,大分交通（株）,中日＿4
三和団地,日田バス（株）,小鹿田線
上福貴野,宇佐市,福貴野・上内河野線
森入口,大分交通（株）,"APU-別府駅前, APU-大分駅前, APU-観光港, 亀川駅-APU, 別大, 別府市内, APU"
萱籠消防機庫,宇佐市,萱籠・筌ノ口線
済生会病院入口,日田バス（株）,小鹿田線
大所,亀の井バス（株）,41　サファリ線
済生会,大分交通（株）,"中日＿1, 中日＿3, 中日＿5"
萱籠入口,宇佐市,萱籠・筌ノ口線
森交差点,大分交通（株）,"APU-別府駅前, APU-大分駅前, APU-観光港, 亀川駅-APU, 別大, 佐田, APU"
小坂入口,大分交通（株）,"APU-別府駅前, APU-大分駅前, APU-観光港, 亀川駅-APU, 別大, 別府市内, APU"
用松,大分交通（株）,中日＿4
用松,日田バス（株）,小鹿田線
福貴野滝駐車場,宇佐市,福貴野・上内河野線
シーサイドタウン関の江入口,大分交通（株）,"亀川駅-亀川駅, 関の江団地"
関の江大交車庫前,大分交通（株）,"関の江車庫-大分駅前, 別大, 別府市内, 羽室, 辻間団地, 関の江団地, APU"
北新田,大分交通（株）,"関の江車庫-大分駅前, 会下-亀川駅, 辻間団地-医療セン前, 亀川駅-辻間団地, APU-別府駅前, 国東-大分駅前, 亀川駅-亀川駅, APU-大分駅前, APU-観光港, 亀川駅-APU, 杵築＿1, 別杵, 別大, 別府市内, 羽室, 辻間団地, APU"
堀の口,亀の井バス（株）,41　サファリ線
池の尾,大分交通（株）,古後
シーサイドタウン関の江公園前,大分交通（株）,"亀川駅-亀川駅, 関の江団地"
シーサイドタウン関の江三丁目,大分交通（株）,"亀川駅-亀川駅, 関の江団地"
関の江海水浴場前,大分交通（株）,"関の江車庫-大分駅前, 会下-亀川駅, 辻間団地-医療セン前, 亀川駅-辻間団地, APU-別府駅前, 国東-大分駅前, 亀川駅-亀川駅, APU-大分駅前, APU-観光港, 亀川駅-APU, 杵築＿1, 別杵, 別大, 別府市内, 羽室, 辻間団地, APU"
鶴ケ原,大分交通（株）,古後
天間草原別府霊園前,亀の井バス（株）,41　サファリ線
日出生公民館前,玖珠町,日出生線
温水入口,大分交通（株）,"亀川駅-亀川駅, 関の江団地"
羽野,大分交通（株）,中日＿4
羽野,日田バス（株）,小鹿田線
崩ケ迫,宇佐市,萱籠・筌ノ口線
山田入口,日田市,市内循環バス（ひたはしり号）Cコース
立羽田,大分交通（株）,古後
日出生小前,玖珠町,日出生線
朝日小学校前,日田市,市内循環バス（ひたはしり号）Cコース
豊海入口,大分交通（株）,"亀川駅-亀川駅, 関の江団地"
日吉神社前,玖珠町,日出生線
温水団地入口,大分交通（株）,"亀川駅-亀川駅, 関の江団地"
大平,宇佐市,福貴野・上内河野線
天神町,大分交通（株）,中日＿4
天神町,日田バス（株）,小鹿田線
新天神町,大分交通（株）,"中日＿1, 中日＿3, 中日＿5"
日出生本村,玖珠町,日出生線
朝日町入口,日田市,市内循環バス（ひたはしり号）Cコース
坂の上,大分交通（株）,古後
尾内公民館,玖珠町,日出生線
豊海公園前,大分交通（株）,"亀川駅-亀川駅, 関の江団地"
古市,大分交通（株）,"関の江車庫-大分駅前, 大分空港-新川, 会下-亀川駅, 辻間団地-医療セン前, 亀川駅-辻間団地, APU-別府駅前, 国東-大分駅前, 亀川駅-亀川駅, 別府駅前-大分空港, APU-大分駅前, APU-観光港, 亀川駅-APU, 杵築＿1, 別杵, 別大, 別府市内, 羽室, 辻間団地, APU"
立命館アジア太平洋大学APU,大分交通（株）,"APU-別府駅前, APU-大分駅前, APU-観光港, 亀川駅-APU, 別大, 別府市内, APU, 系統：90090・90091"
立命館アジア太平洋大学,亀の井バス（株）,"5　野口原経由APU線, 24　新港町経由APU線, 41　サファリ線"
APハウス前,大分交通（株）,"APU-別府駅前, APU-大分駅前, APU-観光港, 亀川駅-APU, 別大, 別府市内, APU"
笹川,大分交通（株）,"亀川駅-亀川駅, 関の江団地"
スパランド豊海入口,大分交通（株）,"亀川駅-亀川駅, 佐田, 関の江団地"
清岸寺町,日田市,市内循環バス（ひたはしり号）Cコース
実盛,宇佐市,"萱籠・筌ノ口線, 萱籠・筌ノ口線（短縮経路）"
馬勢,玖珠町,鳥屋線
中尾［安心院町］,宇佐市,萱籠・筌ノ口線
鹿倉,大分交通（株）,深耶馬溪
日の出町スイミングスクール前,日田市,市内循環バス（ひたはしり号）Cコース
日の出町スイミングスクール前,日田バス（株）,小鹿田線
内竃,大分交通（株）,"亀川駅-亀川駅, 佐田, 関の江団地"
こじかこどもクリニック前,日田市,市内循環バス（ひたはしり号）Cコース
日の出町,大分交通（株）,"中日＿1, 中日＿3, 中日＿4, 中日＿5"
古市入江橋,大分交通（株）,"関の江車庫-大分駅前, 会下-亀川駅, 辻間団地-医療セン前, 亀川駅-辻間団地, APU-別府駅前, 国東-大分駅前, 亀川駅-亀川駅, APU-大分駅前, APU-観光港, 亀川駅-APU, 杵築＿1, 別杵, 別大, 別府市内, 羽室, 辻間団地, APU"
日田インター口,日田市,市内循環バス（ひたはしり号）Cコース
宇戸,玖珠町,日出生線
朝日ヶ丘団地,日田市,市内循環バス（ひたはしり号）Cコース
小迫町,日田市,市内循環バス（ひたはしり号）Cコース
月隈団地,日田市,市内循環バス（ひたはしり号）Cコース
日田リハビリテーション病院,日田市,市内循環バス（ひたはしり号）Cコース
清岸寺入口,日田市,市内循環バス（ひたはしり号）Cコース
小迫町コミュニティ広場前,日田市,市内循環バス（ひたはしり号）Cコース
亀川浜田,大分交通（株）,関の江団地
亀川浜田,亀の井バス（株）,"16A　外廻り循環線, 26A　外廻り循環線"
野平公民館,玖珠町,古後線
矢黒入口,大分交通（株）,"亀川駅-亀川駅, 佐田, 関の江団地"
小橋,大分交通（株）,古後
林工西口,日田市,市内循環バス（ひたはしり号）Cコース
昭和学園前,日田市,市内循環バス（ひたはしり号）Cコース
昭和学園前,日田バス（株）,小鹿田線
園部,大分交通（株）,深耶馬溪
坂登地区生活改善センター,玖珠町,鳥屋線
柿木,玖珠町,日出生線
八幡川底,大分交通（株）,古後
小迫入口,日田市,市内循環バス（ひたはしり号）Cコース
老舞,玖珠町,日出生線
月隈公園,日田市,市内循環バス（ひたはしり号）Cコース
谷の河内,玖珠町,日出生線
三隈高校前,日田市,市内循環バス（ひたはしり号）Cコース
別府医療センター前,大分交通（株）,"辻間団地-医療セン前, 亀川駅-亀川駅, 佐田, 辻間団地, 関の江団地, 系統：90230・90231・90232・90233"
別府医療センター,亀の井バス（株）,"6　別府駅西口石垣線, 16　外廻り循環線, 16A　外廻り循環線, 23　石垣線, 26外廻り循環線, 26A　外廻り循環線, 29　血の池地獄経由別府医療センター線"
亀川駅,大分交通（株）,"関の江車庫-大分駅前, 会下-亀川駅, 辻間団地-医療セン前, 亀川駅-辻間団地, APU-別府駅前, 国東-大分駅前, 亀川駅-亀川駅, 別府駅前-大分空港, APU-大分駅前, APU-観光港, 亀川駅-APU, 別大, 佐田, 石垣, 別府市内, 関の江団地, APU, 系統：90230・90231・90232・90233"
亀川駅,亀の井バス（株）,"6　別府駅西口石垣線, 23　石垣線"
内匠,玖珠町,鳥屋線
太陽の家,大分交通（株）,関の江団地
太陽の家,亀の井バス（株）,"16A　外廻り循環線, 26A　外廻り循環線"
亀川駅前,大分交通（株）,"亀川駅-亀川駅, 杵築＿1, 別杵, 別大, 別府市内, 羽室, 辻間団地, 二豊"
亀川駅前,亀の井バス（株）,"16　外廻り循環線, 16A　外廻り循環線, 26外廻り循環線, 26A　外廻り循環線"
別府医療センター入口,大分交通（株）,"亀川駅-亀川駅, 佐田, 関の江団地"
内竈入口,亀の井バス（株）,"6　別府駅西口石垣線, 16　外廻り循環線, 16A　外廻り循環線, 23　石垣線, 26外廻り循環線, 26A　外廻り循環線, 29　血の池地獄経由別府医療センター線"
十文字原展望台前,亀の井バス（株）,"5　野口原経由APU線, 24　新港町経由APU線, 41　サファリ線"
吹上公民館前,日田市,市内循環バス（ひたはしり号）Cコース
慈眼山前,日田市,市内循環バス（ひたはしり号）Cコース
慈眼山前,日田バス（株）,小鹿田線
丸山町,大分交通（株）,"中日＿1, 中日＿3, 中日＿4, 中日＿5"
湯の森,亀の井バス（株）,"16　外廻り循環線, 16A　外廻り循環線, 26外廻り循環線, 26A　外廻り循環線, 29　血の池地獄経由別府医療センター線"
須山,大分交通（株）,深耶馬溪
吹上住宅,日田市,市内循環バス（ひたはしり号）Cコース
溝部女子短大前,大分交通（株）,"辻間団地-医療セン前, 亀川駅-亀川駅"
別府溝部学園短大前,大分交通（株）,"佐田, 辻間団地, 関の江団地"
別府溝部学園短大前,亀の井バス（株）,"6　別府駅西口石垣線, 16　外廻り循環線, 16A　外廻り循環線, 23　石垣線, 26外廻り循環線, 26A　外廻り循環線"
馬勢入口,大分交通（株）,古後
御幸橋,日田市,市内循環バス（ひたはしり号）Cコース
小場,玖珠町,日出生線
光岡駅前,日田市,市内循環バス（ひたはしり号）Cコース
光岡小学校前,日田市,市内循環バス（ひたはしり号）Cコース
城の内,亀の井バス（株）,"16　外廻り循環線, 16A　外廻り循環線, 26外廻り循環線, 26A　外廻り循環線, 29　血の池地獄経由別府医療センター線"
上町通り,大分交通（株）,"中日＿1, 中日＿3, 中日＿4"
亀川新川,大分交通（株）,"関の江車庫-大分駅前, 辻間団地-医療セン前, APU-別府駅前, 国東-大分駅前, 亀川駅-亀川駅, APU-大分駅前, APU-観光港, 杵築＿1, 別杵, 別大, 佐田, 石垣, 別府市内, 羽室, 辻間団地, 関の江団地, APU"
亀川新川,亀の井バス（株）,"6　別府駅西口石垣線, 16　外廻り循環線, 16A　外廻り循環線, 23　石垣線, 26外廻り循環線, 26A　外廻り循環線"
血の池地獄前,亀の井バス（株）,"16　外廻り循環線, 16A　外廻り循環線, 26外廻り循環線, 26A　外廻り循環線, 29　血の池地獄経由別府医療センター線"
城町一丁目,日田市,市内循環バス（ひたはしり号）Cコース
城町一丁目,日田バス（株）,小鹿田線
末松,玖珠町,日出生線
豆田町,日田市,市内循環バス（ひたはしり号）Cコース
内山,大分交通（株）,深耶馬溪
小野原,玖珠町,日出生線
柴石温泉入口,亀の井バス（株）,"16　外廻り循環線, 16A　外廻り循環線, 26外廻り循環線, 26A　外廻り循環線, 29　血の池地獄経由別府医療センター線"
亀陽泉,大分交通（株）,"石垣, 羽室"
亀陽泉,亀の井バス（株）,"6　別府駅西口石垣線, 23　石垣線"
日出生南部公民館,玖珠町,日出生線
堤・車谷公民館,玖珠町,日出生線
射撃場入口,亀の井バス（株）,"5　野口原経由APU線, 24　新港町経由APU線, 41　サファリ線"
亀川亀陽泉前,大分交通（株）,"関の江車庫-大分駅前, APU-別府駅前, 国東-大分駅前, APU-大分駅前, APU-観光港, 杵築＿1, 別杵, 別大, 石垣, 別府市内, 辻間団地, 関の江団地, APU"
亀川亀陽泉前,亀の井バス（株）,"16　外廻り循環線, 16A　外廻り循環線, 26外廻り循環線, 26A　外廻り循環線"
北部中学校入口,大分交通（株）,羽室
中篠,大分交通（株）,"中日＿1, 中日＿3, 中日＿4"
片草,玖珠町,日出生線
アオーゼ前,日田市,市内循環バス（ひたはしり号）Bコース
上城内,日田市,市内循環バス（ひたはしり号）Bコース
湯山,亀の井バス（株）,"5　野口原経由APU線, 24　新港町経由APU線, 41　サファリ線"
城内・豆田入口,日田市,"市内循環バス（ひたはしり号）Bコース, 市内循環バス（ひたはしり号）Cコース"
城内・豆田入口,日田バス（株）,小鹿田線
港町,日田市,市内循環バス（ひたはしり号）Cコース
弁天前,大分交通（株）,"関の江車庫-大分駅前, APU-別府駅前, 国東-大分駅前, APU-大分駅前, APU-観光港, 杵築＿1, 別杵, 別大, 石垣, 別府市内, 辻間団地, 関の江団地, APU"
弁天前,亀の井バス（株）,"16　外廻り循環線, 16A　外廻り循環線, 26外廻り循環線, 26A　外廻り循環線"
松信,大分交通（株）,古後
三反畑,日田市,市内循環バス（ひたはしり号）Bコース
野田,亀の井バス（株）,"16　外廻り循環線, 16A　外廻り循環線, 26外廻り循環線, 26A　外廻り循環線, 29　血の池地獄経由別府医療センター線"
亀川中町,大分交通（株）,"石垣, 羽室"
亀川中町,亀の井バス（株）,"6　別府駅西口石垣線, 23　石垣線"
弁天橋,大分交通（株）,深耶馬溪
城内団地,日田市,市内循環バス（ひたはしり号）Bコース
日田高前,日田市,市内循環バス（ひたはしり号）Bコース
静雲荘前,亀の井バス（株）,"5　野口原経由APU線, 24　新港町経由APU線, 41　サファリ線"
新治,日田市,市内循環バス（ひたはしり号）Aコース
警察署前,日田市,"市内循環バス（ひたはしり号）Bコース, 市内循環バス（ひたはしり号）Cコース"
警察署前,日田バス（株）,小鹿田線
十二町,日田市,市内循環バス（ひたはしり号）Aコース
咸宜園前,日田市,市内循環バス（ひたはしり号）Cコース
寒水開拓,宇佐市,"萱籠・筌ノ口線, 萱籠・筌ノ口線（短縮経路）"
玉川町,日田市,市内循環バス（ひたはしり号）Aコース
四の湯,大分交通（株）,"石垣, 羽室"
四の湯,亀の井バス（株）,"6　別府駅西口石垣線, 23　石垣線"
岩尾整形外科病院前,日田市,市内循環バス（ひたはしり号）Aコース
城内団地上,日田市,市内循環バス（ひたはしり号）Bコース
小原,大分交通（株）,古後
田能原,大分交通（株）,古後
中原,大分交通（株）,古後
向新治,日田市,市内循環バス（ひたはしり号）Aコース
儀丁場,大分交通（株）,石垣
儀丁場,亀の井バス（株）,"6　別府駅西口石垣線, 23　石垣線"
商工会議所前,日田市,市内循環バス（ひたはしり号）Aコース
大波羅前,大分交通（株）,"中日＿1, 中日＿3, 中日＿4, 中日＿5"
大原前,日田市,市内循環バス（ひたはしり号）Bコース
大原前,日田バス（株）,小鹿田線
竹内牧場,由布市,"スクールバス塚原コース, 塚原コース"
中原入口,大分交通（株）,古後
北鉄輪,亀の井バス（株）,"16　外廻り循環線, 16A　外廻り循環線, 26外廻り循環線, 26A　外廻り循環線, 29　血の池地獄経由別府医療センター線"
市役所前,日田市,"市内循環バス（ひたはしり号）Bコース, 市内循環バス（ひたはしり号）Cコース"
市役所前,日田バス（株）,小鹿田線
照波園（別府競輪場前）,大分交通（株）,"関の江車庫-大分駅前, APU-別府駅前, 国東-大分駅前, APU-大分駅前, APU-観光港, 杵築＿1, 別杵, 別大, 石垣, 別府市内, 辻間団地, 関の江団地, APU"
照波園,亀の井バス（株）,"16　外廻り循環線, 16A　外廻り循環線, 26外廻り循環線, 26A　外廻り循環線"
羽室台高校,大分交通（株）,羽室
三本松,日田市,市内循環バス（ひたはしり号）Cコース
大原裏口,日田市,市内循環バス（ひたはしり号）Bコース
羽室台高校前,大分交通（株）,羽室
山下,大分交通（株）,古後
総合運動公園,日田市,市内循環バス（ひたはしり号）Bコース
ANAインターコンチネンタル別府前,亀の井バス（株）,"5　野口原経由APU線, 24　新港町経由APU線, 41　サファリ線"
長小野入口,大分交通（株）,古後
パトリア前,日田市,市内循環バス（ひたはしり号）Aコース
中央通り,日田市,"市内循環バス（ひたはしり号）Aコース, 市内循環バス（ひたはしり号）Bコース, 市内循環バス（ひたはしり号）Cコース"
中央通り,日田バス（株）,小鹿田線
中央通り,大分交通（株）,"中日＿1, 中日＿3, 中日＿4, 中日＿5"
大九郎,大分交通（株）,深耶馬溪
貴船,大分交通（株）,羽室
貴船城入口,亀の井バス（株）,"16　外廻り循環線, 16A　外廻り循環線, 26外廻り循環線, 26A　外廻り循環線, 29　血の池地獄経由別府医療センター線"
地蔵湯前,亀の井バス（株）,"5　野口原経由APU線, 24　新港町経由APU線, 41　サファリ線"
日田駅北広場,日田市,市内循環バス（ひたはしり号）Cコース
平田,大分交通（株）,石垣
平田,亀の井バス（株）,"6　別府駅西口石垣線, 23　石垣線"
鉄輪温泉東口,亀の井バス（株）,"16　外廻り循環線, 16A　外廻り循環線, 26外廻り循環線, 26A　外廻り循環線, 29　血の池地獄経由別府医療センター線"
高橋公民館,玖珠町,岩室線
中釣町北,日田市,市内循環バス（ひたはしり号）Aコース
太田,大分交通（株）,古後
聖陵岩里病院,日田市,市内循環バス（ひたはしり号）Aコース
清水瀑園,玖珠町,日出生線
田島一丁目,日田市,市内循環バス（ひたはしり号）Cコース
AMANERESORT前,大分交通（株）,"関の江車庫-大分駅前, APU-別府駅前, 国東-大分駅前, APU-大分駅前, APU-観光港, 杵築＿1, 別杵, 別大, 石垣, 別府市内, 辻間団地, 関の江団地, APU"
AMANERESORT前,亀の井バス（株）,"16　外廻り循環線, 16A　外廻り循環線, 26外廻り循環線, 26A　外廻り循環線"
三隈橋北,日田市,市内循環バス（ひたはしり号）Aコース
明礬,亀の井バス（株）,"5　野口原経由APU線, 24　新港町経由APU線, 41　サファリ線"
仲田,玖珠町,岩室線
上人小学校前,大分交通（株）,石垣
上人小学校前,亀の井バス（株）,"6　別府駅西口石垣線, 23　石垣線"
三隈中前,日田市,市内循環バス（ひたはしり号）Aコース
鉄輪温泉,大分交通（株）,"鉄輪温泉-大分駅前, 鉄輪温泉-別府駅前"
日田バスターミナル,大分交通（株）,"中日＿1, 中日＿3, 中日＿4, 中日＿5"
日田バスターミナル,日田市,"市内循環バス（ひたはしり号）Aコース, 市内循環バス（ひたはしり号）Bコース, 市内循環バス（ひたはしり号）Cコース"
日田バスターミナル,日田バス（株）,"杖立線, 小鹿田線, 森町線, 五馬線"
田島町,日田市,市内循環バス（ひたはしり号）Bコース
中釣町南,日田市,市内循環バス（ひたはしり号）Aコース
田島団地入口,日田市,市内循環バス（ひたはしり号）Bコース
大平井,亀の井バス（株）,20　別府大学経由鉄輪線
地獄原・ひょうたん温泉,大分交通（株）,"鉄輪温泉-大分駅前, 鉄輪温泉-別府駅前"
地獄原,亀の井バス（株）,20　別府大学経由鉄輪線
本町,日田市,市内循環バス（ひたはしり号）Bコース
日隈公民館前,日田市,市内循環バス（ひたはしり号）Aコース
イトーピア,大分交通（株）,羽室
海地獄前,亀の井バス（株）,"1竹の内経由鉄輪線（九大別府病院不寄り）, 2竹の内経由鉄輪線（九大別府病院経由）, 5　野口原経由APU線, 7　野口原経由別府リハビリ線, 16A　外廻り循環線, 24　新港町経由APU線, 26A　外廻り循環線, 41　サファリ線"
塚原牧場,由布市,スクールバス塚原コース
上人ヶ浜公園前,大分交通（株）,"関の江車庫-大分駅前, APU-別府駅前, 国東-大分駅前, APU-大分駅前, APU-観光港, 杵築＿1, 別杵, 別大, 石垣, 別府市内, 辻間団地, 関の江団地, APU"
上人ヶ浜公園前,亀の井バス（株）,"16　外廻り循環線, 16A　外廻り循環線, 26外廻り循環線, 26A　外廻り循環線"
工業団地入口,日田市,市内循環バス（ひたはしり号）Aコース
元町,日田市,"市内循環バス（ひたはしり号）Aコース, 市内循環バス（ひたはしり号）Bコース"
元町,日田バス（株）,"杖立線, 森町線, 五馬線"
小野,玖珠町,日出生線
紺屋地獄前,亀の井バス（株）,"5　野口原経由APU線, 24　新港町経由APU線, 41　サファリ線"
比佐津トンネル北,日田市,市内循環バス（ひたはしり号）Bコース
平井入口,大分交通（株）,古後
別府リハビリテーションセンター,亀の井バス（株）,"7　野口原経由別府リハビリ線, 16A　外廻り循環線, 26A　外廻り循環線"
鉄輪東公園前,亀の井バス（株）,20　別府大学経由鉄輪線
隈町入口,日田市,市内循環バス（ひたはしり号）Bコース
鉄輪,亀の井バス（株）,"1竹の内経由鉄輪線（九大別府病院不寄り）, 2竹の内経由鉄輪線（九大別府病院経由）, 5　野口原経由APU線, 7　野口原経由別府リハビリ線, 15　ラクテンチ経由鉄輪線, 16　外廻り循環線, 16A　外廻り循環線, 17　山の手経由鉄輪線, 20　別府大学経由鉄輪線, 24　新港町経由APU線, 25　鶴見病院経由鉄輪線, 26外廻り循環線, 26A　外廻り循環線, 29　血の池地獄経由別府医療センター線, 41　サファリ線"
石井,日田市,市内循環バス（ひたはしり号）Aコース
霊園入口,亀の井バス（株）,"5　野口原経由APU線, 24　新港町経由APU線, 41　サファリ線"
北中,亀の井バス（株）,"20　別府大学経由鉄輪線, 24　新港町経由APU線"
中ノ島町,日田市,市内循環バス（ひたはしり号）Aコース
屋形平,玖珠町,日出生線
南元町,日田市,市内循環バス（ひたはしり号）Bコース
日田天領水の宿,日田市,市内循環バス（ひたはしり号）Aコース
朝日,亀の井バス（株）,"5　野口原経由APU線, 7　野口原経由別府リハビリ線, 15　ラクテンチ経由鉄輪線, 16　外廻り循環線, 16A　外廻り循環線, 17　山の手経由鉄輪線, 25　鶴見病院経由鉄輪線, 26外廻り循環線, 26A　外廻り循環線, 41　サファリ線"
湯の川,亀の井バス（株）,20　別府大学経由鉄輪線
別大前,亀の井バス（株）,20　別府大学経由鉄輪線
別府リハビリテーションセンター入口,亀の井バス（株）,"1竹の内経由鉄輪線（九大別府病院不寄り）, 2竹の内経由鉄輪線（九大別府病院経由）, 5　野口原経由APU線, 7　野口原経由別府リハビリ線, 16A　外廻り循環線, 24　新港町経由APU線, 26A　外廻り循環線, 41　サファリ線"
八幡小学校前,大分交通（株）,古後
砂原,亀の井バス（株）,24　新港町経由APU線
六勝園・別府海浜砂湯前,大分交通（株）,"関の江車庫-大分駅前, APU-別府駅前, 国東-大分駅前, 別府駅前-大分空港, APU-大分駅前, APU-観光港, 杵築＿1, 別杵, 別大, 石垣, 別府市内, 辻間団地, 関の江団地, APU"
六勝園・別府海浜砂湯前,亀の井バス（株）,"16　外廻り循環線, 16A　外廻り循環線, 20　別府大学経由鉄輪線, 26外廻り循環線, 26A　外廻り循環線"
比佐津トンネル南,日田市,市内循環バス（ひたはしり号）Bコース
別大駅前,亀の井バス（株）,20　別府大学経由鉄輪線
宝連寺,亀の井バス（株）,20　別府大学経由鉄輪線
別府大学下,大分交通（株）,"石垣, 系統：90230・90231・90232・90233"
別府大学下,亀の井バス（株）,"6　別府駅西口石垣線, 20　別府大学経由鉄輪線, 23　石垣線"
五和振興センター前,日田市,市内循環バス（ひたはしり号）Aコース
隈温泉旅館街,日田市,市内循環バス（ひたはしり号）Bコース
老人福祉センター,日田市,市内循環バス（ひたはしり号）Aコース
湯の川口,大分交通（株）,羽室
湯の川口,亀の井バス（株）,24　新港町経由APU線
大石・大分香りの博物館,亀の井バス（株）,20　別府大学経由鉄輪線
朝日中学校前,亀の井バス（株）,"1竹の内経由鉄輪線（九大別府病院不寄り）, 2竹の内経由鉄輪線（九大別府病院経由）, 5　野口原経由APU線, 24　新港町経由APU線, 41　サファリ線"
火売町,亀の井バス（株）,"5　野口原経由APU線, 7　野口原経由別府リハビリ線, 15　ラクテンチ経由鉄輪線, 16　外廻り循環線, 16A　外廻り循環線, 17　山の手経由鉄輪線, 25　鶴見病院経由鉄輪線, 26外廻り循環線, 26A　外廻り循環線, 41　サファリ線"
一ノ宮病院前,日田市,"市内循環バス（ひたはしり号）Aコース, 市内循環バス（ひたはしり号）Bコース"
一ノ宮病院前,日田バス（株）,"杖立線, 五馬線"
別府総合庁舎前,大分交通（株）,羽室
別府総合庁舎前,亀の井バス（株）,24　新港町経由APU線
北中町,大分交通（株）,"鉄輪温泉-大分駅前, 鉄輪温泉-別府駅前"
鬼丸,玖珠町,日出生線
リック入口,由布市,スクールバス塚原コース
若宮病院前,日田市,市内循環バス（ひたはしり号）Bコース
相の迫,玖珠町,岩室線
サンホール前,大分交通（株）,古後
本坊主,亀の井バス（株）,"1竹の内経由鉄輪線（九大別府病院不寄り）, 2竹の内経由鉄輪線（九大別府病院経由）, 5　野口原経由APU線, 24　新港町経由APU線, 41　サファリ線"
石井町一丁目,日田市,市内循環バス（ひたはしり号）Aコース
桜ケ丘,大分交通（株）,石垣
桜ヶ丘,亀の井バス（株）,"6　別府駅西口石垣線, 23　石垣線"
三隈川・川原町,日田市,市内循環バス（ひたはしり号）Bコース
小清原交差点,玖珠町,大野原線
北中町南,大分交通（株）,"鉄輪温泉-大分駅前, 鉄輪温泉-別府駅前"
泉（中川泌尿器科前）,日田市,市内循環バス（ひたはしり号）Aコース
竹田新町,日田市,"市内循環バス（ひたはしり号）Aコース, 市内循環バス（ひたはしり号）Bコース"
竹田新町,日田バス（株）,"杖立線, 五馬線"
朝日小学校前,亀の井バス（株）,"5　野口原経由APU線, 7　野口原経由別府リハビリ線, 15　ラクテンチ経由鉄輪線, 16　外廻り循環線, 16A　外廻り循環線, 17　山の手経由鉄輪線, 25　鶴見病院経由鉄輪線, 26外廻り循環線, 26A　外廻り循環線, 41　サファリ線"
照湯,亀の井バス（株）,"5　野口原経由APU線, 24　新港町経由APU線, 41　サファリ線"
鏡坂,日田市,市内循環バス（ひたはしり号）Aコース
長者原団地第二,日田市,市内循環バス（ひたはしり号）Aコース
銭渕橋,日田市,市内循環バス（ひたはしり号）Aコース
深町,大分交通（株）,"関の江車庫-大分駅前, APU-別府駅前, 国東-大分駅前, APU-大分駅前, APU-観光港, 杵築＿1, 別杵, 別大, 石垣, 別府市内, 辻間団地, 関の江団地, APU"
深町,亀の井バス（株）,"16　外廻り循環線, 16A　外廻り循環線, 20　別府大学経由鉄輪線, 26外廻り循環線, 26A　外廻り循環線"
竹田公園前,日田バス（株）,"杖立線, 五馬線"
中須賀,大分交通（株）,石垣
中須賀,亀の井バス（株）,"6　別府駅西口石垣線, 23　石垣線"
五反田病院,日田市,市内循環バス（ひたはしり号）Bコース
ベネフィットフォーユー前,亀の井バス（株）,"1竹の内経由鉄輪線（九大別府病院不寄り）, 2竹の内経由鉄輪線（九大別府病院経由）"
杉塚,玖珠町,大野原線
若宮町,日田バス（株）,"杖立線, 五馬線"
国土交通省前,日田バス（株）,"杖立線, 森町線"
長者原団地第一,日田市,市内循環バス（ひたはしり号）Aコース
相の迫公民館,玖珠町,岩室線
ログハウス村入口,由布市,塚原コース
塚原,由布市,"スクールバス塚原コース, 塚原コース"
本村,大分交通（株）,古後
八重垣,大分交通（株）,深耶馬溪
八重垣,玖珠町,日出生線
古寺,大分交通（株）,羽室
古寺,亀の井バス（株）,24　新港町経由APU線
木牟田公民館,玖珠町,大野原線
平松,大分交通（株）,古後
黒笠木,由布市,"スクールバス塚原コース, 塚原コース"
下井手,日田バス（株）,"杖立線, 森町線"
井川道,玖珠町,大野原線
新別府,大分交通（株）,"鉄輪温泉-大分駅前, 鉄輪温泉-別府駅前"
新別府,亀の井バス（株）,25　鶴見病院経由鉄輪線
森山,大分交通（株）,"鉄輪温泉-大分駅前, 鉄輪温泉-別府駅前"
小清原公民館,玖珠町,大野原線
馬場,亀の井バス（株）,25　鶴見病院経由鉄輪線
鶴見ヶ丘団地東口,亀の井バス（株）,"1竹の内経由鉄輪線（九大別府病院不寄り）, 2竹の内経由鉄輪線（九大別府病院経由）"
下井手入口,日田バス（株）,"杖立線, 五馬線"
上銭渕,日田市,市内循環バス（ひたはしり号）Bコース
新別府口,亀の井バス（株）,"5　野口原経由APU線, 7　野口原経由別府リハビリ線, 15　ラクテンチ経由鉄輪線, 16　外廻り循環線, 16A　外廻り循環線, 17　山の手経由鉄輪線, 25　鶴見病院経由鉄輪線, 26外廻り循環線, 26A　外廻り循環線, 41　サファリ線"
春木川,大分交通（株）,"関の江車庫-大分駅前, APU-別府駅前, 国東-大分駅前, APU-大分駅前, APU-観光港, 杵築＿1, 別杵, 別大, 別府市内, 辻間団地, 関の江団地, APU"
春木川,亀の井バス（株）,"16　外廻り循環線, 16A　外廻り循環線, 20　別府大学経由鉄輪線, 26外廻り循環線, 26A　外廻り循環線"
実相寺,大分交通（株）,"鉄輪温泉-大分駅前, 鉄輪温泉-別府駅前"
井川道交差点,玖珠町,大野原線
下高瀬本町,日田市,市内循環バス（ひたはしり号）Bコース
川向,由布市,"スクールバス塚原コース, 塚原コース"
ゆふらぎ村,由布市,スクールバス塚原コース
市の原,大分交通（株）,"鉄輪温泉-大分駅前, 鉄輪温泉-別府駅前"
春木,大分交通（株）,"鉄輪温泉-大分駅前, 鉄輪温泉-別府駅前, 石垣, 羽室, 系統：90230・90231・90232・90233"
春木,亀の井バス（株）,"6　別府駅西口石垣線, 23　石垣線"
塚原小学校前,由布市,"スクールバス塚原コース, 塚原コース"
今井,亀の井バス（株）,"1竹の内経由鉄輪線（九大別府病院不寄り）, 2竹の内経由鉄輪線（九大別府病院経由）"
朝見,玖珠町,大野原線
清田川公民館,玖珠町,大野原線
汐見町,大分交通（株）,"APU-別府駅前, 石垣"
汐見町,亀の井バス（株）,24　新港町経由APU線
娘田,大分交通（株）,"APU-別府駅前, 石垣"
娘田,亀の井バス（株）,24　新港町経由APU線
大藪,大分交通（株）,"APU-別府駅前, 石垣"
大藪,亀の井バス（株）,24　新港町経由APU線
北石垣,大分交通（株）,"鉄輪温泉-大分駅前, 鉄輪温泉-別府駅前, 石垣, 系統：90090・90091"
北石垣,亀の井バス（株）,"23　石垣線, 24　新港町経由APU線"
高瀬,日田市,市内循環バス（ひたはしり号）Bコース
霧島神社前,由布市,"スクールバス塚原コース, 塚原コース"
三芳,日田バス（株）,"杖立線, 森町線"
元畑入口,大分交通（株）,古後
西法寺,亀の井バス（株）,25　鶴見病院経由鉄輪線
小渕一丁目,日田バス（株）,"杖立線, 五馬線"
出切開拓団,由布市,"スクールバス塚原コース, 塚原コース"
竹の内,亀の井バス（株）,"1竹の内経由鉄輪線（九大別府病院不寄り）, 2竹の内経由鉄輪線（九大別府病院経由）"
ふくろうの小径,由布市,塚原コース
下畑,亀の井バス（株）,"5　野口原経由APU線, 7　野口原経由別府リハビリ線, 15　ラクテンチ経由鉄輪線, 16　外廻り循環線, 16A　外廻り循環線, 17　山の手経由鉄輪線, 26外廻り循環線, 26A　外廻り循環線, 41　サファリ線"
上伏原,大分交通（株）,古後
港中央通り,亀の井バス（株）,24　新港町経由APU線
石垣9丁目,亀の井バス（株）,23　石垣線
石垣九丁目,大分交通（株）,"鉄輪温泉-大分駅前, 鉄輪温泉-別府駅前, APU-別府駅前, 石垣, 系統：90090・90091"
大畑,亀の井バス（株）,"1竹の内経由鉄輪線（九大別府病院不寄り）, 2竹の内経由鉄輪線（九大別府病院経由）"
扇山団地,亀の井バス（株）,3扇山線
塚原口,由布市,"スクールバス塚原コース, 塚原コース"
童話碑入口,大分交通（株）,深耶馬溪
童話碑入口,玖珠町,まちなか循環バス
日高町,日田バス（株）,森町線
南須賀入口,大分交通（株）,"関の江車庫-大分駅前, APU-別府駅前, 国東-大分駅前, APU-大分駅前, APU-観光港, 杵築＿1, 別杵, 別大, 別府市内, 辻間団地, APU"
別府国際観光港・フェリーさんふらわあ前,大分交通（株）,"関の江車庫-大分駅前, APU-観光港, 別府市内, フェリー＿1, 関の江団地"
別府国際観光港・フェリーさんふらわあ前,亀の井バス（株）,"16　外廻り循環線, 16A　外廻り循環線, 20　別府大学経由鉄輪線, 26外廻り循環線, 26A　外廻り循環線"
小渕,日田バス（株）,"杖立線, 五馬線"
誠和町公民館前,日田市,市内循環バス（ひたはしり号）Bコース
琴平町,日田市,市内循環バス（ひたはしり号）Bコース
是定,大分交通（株）,"鉄輪温泉-大分駅前, 鉄輪温泉-別府駅前, 羽室"
是定,亀の井バス（株）,6　別府駅西口石垣線
わらべの館前,玖珠町,まちなか循環バス
伏原,大分交通（株）,古後
平和記念塔入口,亀の井バス（株）,25　鶴見病院経由鉄輪線
森町,大分交通（株）,古後
出切,由布市,"スクールバス塚原コース, 塚原コース"
船小路,亀の井バス（株）,24　新港町経由APU線
草の入江,玖珠町,大野原線
扇山団地入口,亀の井バス（株）,3扇山線
石垣8丁目,亀の井バス（株）,23　石垣線
石垣八丁目,大分交通（株）,"鉄輪温泉-大分駅前, 鉄輪温泉-別府駅前, APU-別府駅前, 石垣, 系統：90090・90091, 系統：90230・90231・90232・90233"
大宮町入口,日田市,市内循環バス（ひたはしり号）Bコース
第三埠頭入口,大分交通（株）,"関の江車庫-大分駅前, APU-別府駅前, 国東-大分駅前, APU-大分駅前, APU-観光港, 杵築＿1, 別杵, 別大, 別府市内, 辻間団地, フェリー＿1, 関の江団地, APU"
第三埠頭入口,亀の井バス（株）,"16　外廻り循環線, 16A　外廻り循環線, 20　別府大学経由鉄輪線, 26外廻り循環線, 26A　外廻り循環線"
誠和町,日田市,市内循環バス（ひたはしり号）Bコース
ゴルフ場入口,亀の井バス（株）,3扇山線
桃山町（日田自動車学校）,日田バス（株）,五馬線
原,亀の井バス（株）,"5　野口原経由APU線, 7　野口原経由別府リハビリ線, 15　ラクテンチ経由鉄輪線, 16　外廻り循環線, 16A　外廻り循環線, 17　山の手経由鉄輪線, 26外廻り循環線, 26A　外廻り循環線, 41　サファリ線"
森横町,大分交通（株）,深耶馬溪
森横町,玖珠町,"古後線, まちなか循環バス"
山の口公民館,玖珠町,大野原線
綾垣,大分交通（株）,古後
森郵便局前,玖珠町,"日出生線, 鳥屋線"
原（新別府病院前）,亀の井バス（株）,"1竹の内経由鉄輪線（九大別府病院不寄り）, 2竹の内経由鉄輪線（九大別府病院経由）, 5　野口原経由APU線, 7　野口原経由別府リハビリ線, 41　サファリ線"
下大部,日田バス（株）,杖立線
森本町,大分交通（株）,古後
森本町,玖珠町,まちなか循環バス
琴平公民館前,日田市,市内循環バス（ひたはしり号）Bコース
山中道路記念碑前,玖珠町,大野原線
鶴見台中学校前,大分交通（株）,"鉄輪温泉-大分駅前, 鉄輪温泉-別府駅前, 羽室"
鶴見台中学校前,亀の井バス（株）,6　別府駅西口石垣線
森町,日田バス（株）,森町線
老人ホーム前,亀の井バス（株）,"1竹の内経由鉄輪線（九大別府病院不寄り）, 2竹の内経由鉄輪線（九大別府病院経由）, 5　野口原経由APU線, 7　野口原経由別府リハビリ線, 41　サファリ線"
大野原公民館,玖珠町,大野原線
自動車学校下,日田バス（株）,五馬線
森二葉町,玖珠町,まちなか循環バス
吉弘神社前,大分交通（株）,"鉄輪温泉-大分駅前, 鉄輪温泉-別府駅前, APU-別府駅前, 石垣, 系統：90090・90091"
吉弘神社前,亀の井バス（株）,23　石垣線
別府交通センター,大分交通（株）,"関の江車庫-大分駅前, 大分空港-新川, APU-別府駅前, 国東-大分駅前, 別府駅前-大分空港, APU-大分駅前, 杵築＿1, 別杵, 別大, 別府市内, 辻間団地, フェリー＿1, 関の江団地, APU"
別府交通センター,亀の井バス（株）,"16　外廻り循環線, 16A　外廻り循環線, 20　別府大学経由鉄輪線, 26外廻り循環線, 26A　外廻り循環線"
新港町,亀の井バス（株）,24　新港町経由APU線
竹細工伝産会館前,亀の井バス（株）,25　鶴見病院経由鉄輪線
二葉町,大分交通（株）,"深耶馬溪, 古後"
上小ヶ瀬,日田バス（株）,森町線
鶴見病院前,亀の井バス（株）,25　鶴見病院経由鉄輪線
南原,亀の井バス（株）,"4　九大別府病院経由南原線, 25　鶴見病院経由鉄輪線"
市営サッカー場前,亀の井バス（株）,25　鶴見病院経由鉄輪線
小ヶ瀬,日田バス（株）,森町線
綾垣丸塚,大分交通（株）,古後
鶴見病院東口,大分交通（株）,"鉄輪温泉-大分駅前, 鉄輪温泉-別府駅前, 羽室"
鶴見病院東口,亀の井バス（株）,"6　別府駅西口石垣線, 25　鶴見病院経由鉄輪線"
森御幸町,大分交通（株）,"深耶馬溪, 古後"
森御幸町,玖珠町,まちなか循環バス
森御幸町,日田バス（株）,森町線
高塚,日田バス（株）,森町線
荘園住宅前,亀の井バス（株）,"1竹の内経由鉄輪線（九大別府病院不寄り）, 2竹の内経由鉄輪線（九大別府病院経由）, 5　野口原経由APU線, 7　野口原経由別府リハビリ線, 41　サファリ線"
代太郎,日田バス（株）,森町線
別府発達医療センター前,亀の井バス（株）,"15　ラクテンチ経由鉄輪線, 16　外廻り循環線, 16A　外廻り循環線, 17　山の手経由鉄輪線, 26外廻り循環線, 26A　外廻り循環線"
吉弘温泉前,大分交通（株）,"鉄輪温泉-大分駅前, 鉄輪温泉-別府駅前, APU-別府駅前, 石垣, 系統：90090・90091"
吉弘温泉前,亀の井バス（株）,23　石垣線
大部,日田バス（株）,杖立線
自衛隊前,亀の井バス（株）,3扇山線
榎釣,日田バス（株）,森町線
女子畑発電所前,日田バス（株）,森町線
獺野尾,日田バス（株）,森町線
扇山23組,亀の井バス（株）,3扇山線
扇山町,亀の井バス（株）,3扇山線
田の平公民館,玖珠町,大野原線
栂野,日田バス（株）,森町線
上代太郎,日田バス（株）,森町線
扇山公民館前,亀の井バス（株）,3扇山線
別府郵便局前,大分交通（株）,"関の江車庫-大分駅前, APU-別府駅前, 国東-大分駅前, APU-大分駅前, 杵築＿1, 別杵, 別大, 別府市内, 辻間団地, フェリー＿1, 関の江団地, APU"
別府郵便局前,亀の井バス（株）,"16　外廻り循環線, 16A　外廻り循環線, 20　別府大学経由鉄輪線, 26外廻り循環線, 26A　外廻り循環線"
光の園前,亀の井バス（株）,"1竹の内経由鉄輪線（九大別府病院不寄り）, 2竹の内経由鉄輪線（九大別府病院経由）, 4　九大別府病院経由南原線, 5　野口原経由APU線, 7　野口原経由別府リハビリ線, 41　サファリ線"
森中央小学校前,大分交通（株）,"深耶馬溪, 古後"
森中央小学校前,玖珠町,"日出生線, まちなか循環バス"
餅ヶ浜2組,亀の井バス（株）,24　新港町経由APU線
石畳,日田バス（株）,森町線
下綾垣,大分交通（株）,古後
森中央小前,日田バス（株）,森町線
田代,玖珠町,岩室線
館石団地前,亀の井バス（株）,3扇山線
宝泉寺,大分交通（株）,"鉄輪温泉-大分駅前, 鉄輪温泉-別府駅前, APU-別府駅前, 石垣, 系統：90090・90091"
宝泉寺,亀の井バス（株）,23　石垣線
米山,玖珠町,大野原線
扇山温泉下,亀の井バス（株）,3扇山線
鶴高正門前,大分交通（株）,"鉄輪温泉-大分駅前, 鉄輪温泉-別府駅前, 羽室"
鶴高正門前,亀の井バス（株）,"6　別府駅西口石垣線, 25　鶴見病院経由鉄輪線"
鶴見原,亀の井バス（株）,"1竹の内経由鉄輪線（九大別府病院不寄り）, 2竹の内経由鉄輪線（九大別府病院経由）, 4　九大別府病院経由南原線, 5　野口原経由APU線, 7　野口原経由別府リハビリ線, 41　サファリ線"
地蔵,日田バス（株）,五馬線
金場,日田バス（株）,森町線
九大別府病院,亀の井バス（株）,"2竹の内経由鉄輪線（九大別府病院経由）, 4　九大別府病院経由南原線"
寅丸,日田バス（株）,森町線
米山入口,玖珠町,大野原線
西別府橋,亀の井バス（株）,28　餅ヶ浜経由南立石2区線
餅ヶ浜,大分交通（株）,"関の江車庫-大分駅前, APU-別府駅前, 国東-大分駅前, 別府駅前-大分空港, APU-大分駅前, 杵築＿1, 別杵, 別大, 別府市内, 辻間団地, フェリー＿1, 二豊, 関の江団地, APU"
餅ヶ浜,亀の井バス（株）,"16　外廻り循環線, 16A　外廻り循環線, 20　別府大学経由鉄輪線, 24　新港町経由APU線, 25　鶴見病院経由鉄輪線, 26外廻り循環線, 26A　外廻り循環線, 28　餅ヶ浜経由南立石2区線"
西別府病院正門前,亀の井バス（株）,"3扇山線, 28　餅ヶ浜経由南立石2区線"
館石,亀の井バス（株）,28　餅ヶ浜経由南立石2区線
西別府病院下,亀の井バス（株）,"3扇山線, 15　ラクテンチ経由鉄輪線, 16　外廻り循環線, 16A　外廻り循環線, 17　山の手経由鉄輪線, 26外廻り循環線, 26A　外廻り循環線, 28　餅ヶ浜経由南立石2区線"
栄町,大分交通（株）,"深耶馬溪, 古後, 森町"
栄町,玖珠町,まちなか循環バス
栄町,日田バス（株）,森町線
下田中,亀の井バス（株）,"25　鶴見病院経由鉄輪線, 28　餅ヶ浜経由南立石2区線"
北平,日田バス（株）,森町線
南石垣,大分交通（株）,"鉄輪温泉-大分駅前, 鉄輪温泉-別府駅前, APU-別府駅前, 石垣, 羽室, 系統：90090・90091, 系統：90230・90231・90232・90233"
南石垣,亀の井バス（株）,"23　石垣線, 25　鶴見病院経由鉄輪線, 28　餅ヶ浜経由南立石2区線"
中部中学校前,大分交通（株）,"鉄輪温泉-大分駅前, 鉄輪温泉-別府駅前, 羽室"
中部中学校前,亀の井バス（株）,"6　別府駅西口石垣線, 25　鶴見病院経由鉄輪線, 28　餅ヶ浜経由南立石2区線"
荘園町,亀の井バス（株）,"1竹の内経由鉄輪線（九大別府病院不寄り）, 2竹の内経由鉄輪線（九大別府病院経由）, 4　九大別府病院経由南原線"
森中前,日田バス（株）,森町線
森中学校前,大分交通（株）,"深耶馬溪, 古後"
森中学校前,玖珠町,まちなか循環バス
旧森中学校前,玖珠町,日出生線
荘園郵便局前,亀の井バス（株）,28　餅ヶ浜経由南立石2区線
藪の不動尊入口,日田バス（株）,森町線
生目町,亀の井バス（株）,28　餅ヶ浜経由南立石2区線
西別府団地温泉前,亀の井バス（株）,28　餅ヶ浜経由南立石2区線
朝日橋,亀の井バス（株）,"1竹の内経由鉄輪線（九大別府病院不寄り）, 2竹の内経由鉄輪線（九大別府病院経由）, 4　九大別府病院経由南原線, 5　野口原経由APU線, 7　野口原経由別府リハビリ線, 28　餅ヶ浜経由南立石2区線, 41　サファリ線"
野口原児童公園前,亀の井バス（株）,28　餅ヶ浜経由南立石2区線
池の原,大分交通（株）,古後
川原,日田バス（株）,森町線
田の口,玖珠町,大野原線
道の駅,玖珠町,まちなか循環バス
やまなみ苑前,亀の井バス（株）,36　湯布院線
石垣幸橋,大分交通（株）,"鉄輪温泉-大分駅前, 鉄輪温泉-別府駅前, APU-別府駅前, 石垣, 羽室, 系統：90090・90091"
石垣幸橋,亀の井バス（株）,23　石垣線
板の平向井病院前,亀の井バス（株）,36　湯布院線
玖珠自衛隊入口,大分交通（株）,"深耶馬溪, 古後"
玖珠自衛隊入口,玖珠町,まちなか循環バス
南立石二区,亀の井バス（株）,28　餅ヶ浜経由南立石2区線
自衛隊入口,日田バス（株）,森町線
恵下,亀の井バス（株）,36　湯布院線
南立石公園前,亀の井バス（株）,"3扇山線, 15　ラクテンチ経由鉄輪線, 16　外廻り循環線, 16A　外廻り循環線, 17　山の手経由鉄輪線, 26外廻り循環線, 26A　外廻り循環線"
西別府団地,亀の井バス（株）,36　湯布院線
江良,日田バス（株）,杖立線
生目神社前,亀の井バス（株）,36　湯布院線
境川小学校前,大分交通（株）,"鉄輪温泉-大分駅前, 鉄輪温泉-別府駅前"
境川小学校前,亀の井バス（株）,6　別府駅西口石垣線
敬天荘前,日田バス（株）,五馬線
南立石小学校前,亀の井バス（株）,"3扇山線, 15　ラクテンチ経由鉄輪線, 16　外廻り循環線, 16A　外廻り循環線, 17　山の手経由鉄輪線, 26外廻り循環線, 26A　外廻り循環線"
萩ヶ原,日田バス（株）,森町線
高釣,日田バス（株）,森町線
野口原,亀の井バス（株）,"1竹の内経由鉄輪線（九大別府病院不寄り）, 2竹の内経由鉄輪線（九大別府病院経由）, 4　九大別府病院経由南原線, 5　野口原経由APU線, 7　野口原経由別府リハビリ線, 41　サファリ線"
堀田温泉前,亀の井バス（株）,36　湯布院線
上の市,大分交通（株）,"深耶馬溪, 古後"
上の市,玖珠町,まちなか循環バス
上の市,日田バス（株）,森町線
円徳野,日田バス（株）,森町線
下矢瀬,日田バス（株）,森町線
井尻町営住宅前,大分交通（株）,古後
天満町,大分交通（株）,"鉄輪温泉-大分駅前, 鉄輪温泉-別府駅前"
天満町,亀の井バス（株）,6　別府駅西口石垣線
京町,大分交通（株）,"関の江車庫-大分駅前, APU-別府駅前, 国東-大分駅前, APU-大分駅前, 杵築＿1, 別杵, 別大, 別府市内, 辻間団地, フェリー＿1, 関の江団地, APU"
京町,亀の井バス（株）,"16　外廻り循環線, 16A　外廻り循環線, 20　別府大学経由鉄輪線, 24　新港町経由APU線, 25　鶴見病院経由鉄輪線, 26外廻り循環線, 26A　外廻り循環線, 28　餅ヶ浜経由南立石2区線"
堀田,亀の井バス（株）,36　湯布院線
栃の木,日田バス（株）,森町線
本町,亀の井バス（株）,36　湯布院線
塩井,日田バス（株）,森町線
高取,日田バス（株）,五馬線
霊泉寺,亀の井バス（株）,"3扇山線, 15　ラクテンチ経由鉄輪線, 16　外廻り循環線, 16A　外廻り循環線, 17　山の手経由鉄輪線, 26外廻り循環線, 26A　外廻り循環線, 36　湯布院線"
内河野,日田バス（株）,森町線
幸通り,大分交通（株）,"鉄輪温泉-大分駅前, 鉄輪温泉-別府駅前, APU-別府駅前, 石垣, 羽室, 系統：90090・90091, 系統：90230・90231・90232・90233"
幸通り,亀の井バス（株）,23　石垣線
矢瀬,日田バス（株）,森町線
見寄,日田バス（株）,五馬線
大畑入口,玖珠町,まちなか循環バス
乙師上,玖珠町,岩室線
別府市役所下,大分交通（株）,"鉄輪温泉-大分駅前, 鉄輪温泉-別府駅前"
別府市役所下,亀の井バス（株）,6　別府駅西口石垣線
十の釣,大分交通（株）,古後
上野口（市役所北口）,亀の井バス（株）,"1竹の内経由鉄輪線（九大別府病院不寄り）, 2竹の内経由鉄輪線（九大別府病院経由）, 4　九大別府病院経由南原線, 5　野口原経由APU線, 7　野口原経由別府リハビリ線, 41　サファリ線"
小麦河野,日田バス（株）,森町線
下内河野,日田バス（株）,森町線
鷹巣,大分交通（株）,古後
中川駅前,日田バス（株）,森町線
富士見三丁目,大分交通（株）,"鉄輪温泉-大分駅前, 鉄輪温泉-別府駅前, APU-別府駅前, 石垣, 羽室"
北山田小,玖珠町,山浦線
北山田小,日田バス（株）,森町線
富士見3丁目,亀の井バス（株）,23　石垣線
乙師下,玖珠町,岩室線
富士見四丁目,大分交通（株）,"鉄輪温泉-大分駅前, 鉄輪温泉-別府駅前, APU-別府駅前, 石垣, 羽室"
富士見4丁目,亀の井バス（株）,23　石垣線
栃の木公民館,玖珠町,鏡山線
的ヶ浜公園前,大分交通（株）,"鉄輪温泉-大分駅前, 関の江車庫-大分駅前, 鉄輪温泉-別府駅前, APU-別府駅前, 国東-大分駅前, APU-大分駅前, 杵築＿1, 別杵, 別大, 石垣, 別府市内, 羽室, 辻間団地, フェリー＿1, 関の江団地, APU"
的ヶ浜公園前,亀の井バス（株）,"16　外廻り循環線, 16A　外廻り循環線, 20　別府大学経由鉄輪線, 23　石垣線, 24　新港町経由APU線, 25　鶴見病院経由鉄輪線, 26外廻り循環線, 26A　外廻り循環線, 28　餅ヶ浜経由南立石2区線"
中津留,亀の井バス（株）,"3扇山線, 8　別府駅西口観海寺線, 15　ラクテンチ経由鉄輪線, 16　外廻り循環線, 16A　外廻り循環線, 17　山の手経由鉄輪線, 26外廻り循環線, 26A　外廻り循環線, 36　湯布院線"
富士見六丁目,大分交通（株）,"鉄輪温泉-大分駅前, 鉄輪温泉-別府駅前, APU-別府駅前, 石垣, 羽室"
富士見6丁目,亀の井バス（株）,23　石垣線
スギノイパレス,亀の井バス（株）,"8　別府駅西口観海寺線, 17　山の手経由鉄輪線"
富士見九丁目,大分交通（株）,"鉄輪温泉-大分駅前, 鉄輪温泉-別府駅前"
富士見9丁目,亀の井バス（株）,"1竹の内経由鉄輪線（九大別府病院不寄り）, 2竹の内経由鉄輪線（九大別府病院経由）, 4　九大別府病院経由南原線"
観海寺入口,亀の井バス（株）,"3扇山線, 8　別府駅西口観海寺線, 15　ラクテンチ経由鉄輪線, 16　外廻り循環線, 16A　外廻り循環線, 17　山の手経由鉄輪線, 26外廻り循環線, 26A　外廻り循環線, 36　湯布院線"
十文字,大分交通（株）,"深耶馬溪, 古後, 栃木宮の原"
十文字,玖珠町,"日出生線, まちなか循環バス"
十文字,日田バス（株）,森町線
石櫃,玖珠町,大野原線
市役所前,亀の井バス（株）,"3扇山線, 36　湯布院線"
四日市公民館,玖珠町,鏡山線
ビーコンプラザ前,亀の井バス（株）,"3扇山線, 8　別府駅西口観海寺線, 16　外廻り循環線, 16A　外廻り循環線, 17　山の手経由鉄輪線, 26外廻り循環線, 26A　外廻り循環線, 36　湯布院線"
別府公園前,亀の井バス（株）,"3扇山線, 5　野口原経由APU線, 6　別府駅西口石垣線, 7　野口原経由別府リハビリ線, 36　湯布院線, 41　サファリ線"
明豊キャンパス前,亀の井バス（株）,"3扇山線, 8　別府駅西口観海寺線, 15　ラクテンチ経由鉄輪線, 16　外廻り循環線, 16A　外廻り循環線, 17　山の手経由鉄輪線, 26外廻り循環線, 26A　外廻り循環線, 36　湯布院線"
西野口,亀の井バス（株）,"1竹の内経由鉄輪線（九大別府病院不寄り）, 2竹の内経由鉄輪線（九大別府病院経由）, 4　九大別府病院経由南原線"
森駅前,日田バス（株）,森町線
豊後森駅,大分交通（株）,"深耶馬溪, 古後, 森町, 栃木宮の原"
豊後森駅前,玖珠町,"日出生線, 山浦線, まちなか循環バス"
玖珠町役場,玖珠町,"日出生線, 山浦線, 大野原線, 伐株線, 鳥屋線, 岩室線, 鏡山線, 小田線, 古後線, まちなか循環バス"
観海寺橋,亀の井バス（株）,"8　別府駅西口観海寺線, 17　山の手経由鉄輪線"
北山田小前,玖珠町,山浦線
北山田小前,日田バス（株）,森町線
二本木,日田バス（株）,五馬線
春日町,玖珠町,"日出生線, 山浦線, 大野原線, 伐株線, 鳥屋線, 岩室線, 鏡山線, 小田線, 古後線, まちなか循環バス"
春日町,日田バス（株）,森町線
春日町,大分交通（株）,"深耶馬溪, 古後, 栃木宮の原"
玖珠郵便局前,大分交通（株）,森町
玖珠郵便局前,玖珠町,まちなか循環バス
木の花ガルテン前,日田バス（株）,杖立線
北山田中前,玖珠町,山浦線
北山田中前,日田バス（株）,森町線
平川,玖珠町,鏡山線
平川,日田バス（株）,森町線
別府タワー前,大分交通（株）,"鉄輪温泉-大分駅前, 関の江車庫-大分駅前, 鉄輪温泉-別府駅前, APU-別府駅前, 国東-大分駅前, APU-大分駅前, 杵築＿1, 別杵, 別大, 石垣, 別府市内, 羽室, 辻間団地, フェリー＿1, 関の江団地, APU"
別府タワー前,亀の井バス（株）,"16　外廻り循環線, 16A　外廻り循環線, 20　別府大学経由鉄輪線, 23　石垣線, 24　新港町経由APU線, 25　鶴見病院経由鉄輪線, 26外廻り循環線, 26A　外廻り循環線, 28　餅ヶ浜経由南立石2区線"
上新宅,亀の井バス（株）,15　ラクテンチ経由鉄輪線
北山田駅前,玖珠町,"山浦線, 大野原線"
北山田駅前,日田バス（株）,森町線
福祉センター,玖珠町,"日出生線, 山浦線, 大野原線, 伐株線, 鳥屋線, 岩室線, 鏡山線, 小田線, 古後線"
北山田駅,玖珠町,鏡山線
メルサンホール前,玖珠町,まちなか循環バス
谷上,玖珠町,岩室線
駅東,日田バス（株）,森町線
下本村,日田バス（株）,五馬線
別府公園西入口,亀の井バス（株）,"8　別府駅西口観海寺線, 16　外廻り循環線, 16A　外廻り循環線, 17　山の手経由鉄輪線, 26外廻り循環線, 26A　外廻り循環線"
本村,日田バス（株）,五馬線
戸畑,日田バス（株）,森町線
農協前,玖珠町,"山浦線, 大野原線"
めがねばし,玖珠町,鏡山線
農協本店前,玖珠町,まちなか循環バス
北山田自治会館前,玖珠町,鏡山線
ホテル白菊前,亀の井バス（株）,"3扇山線, 5　野口原経由APU線, 6　別府駅西口石垣線, 7　野口原経由別府リハビリ線, 8　別府駅西口観海寺線, 36　湯布院線, 41　サファリ線"
下千丈,日田バス（株）,杖立線
上戸畑,日田バス（株）,森町線
青山町,亀の井バス（株）,8　別府駅西口観海寺線
谷公民館前,玖珠町,岩室線
小田入口,玖珠町,大野原線
別府駅西口,大分交通（株）,"系統：90090・90091, 系統：90230・90231・90232・90233"
別府駅西口,亀の井バス（株）,"1竹の内経由鉄輪線（九大別府病院不寄り）, 2竹の内経由鉄輪線（九大別府病院経由）, 3扇山線, 4　九大別府病院経由南原線, 5　野口原経由APU線, 6　別府駅西口石垣線, 7　野口原経由別府リハビリ線, 8　別府駅西口観海寺線, 10　別府駅西口浜脇線, 36　湯布院線, 41　サファリ線"
広瀬,日田バス（株）,森町線
前原,亀の井バス（株）,15　ラクテンチ経由鉄輪線
北山田郵便局前,玖珠町,鏡山線
中山田,玖珠町,大野原線
中山田,日田バス（株）,森町線
別府警察署前,亀の井バス（株）,10　別府駅西口浜脇線
栄農協前,日田バス（株）,森町線
別府北浜,大分交通（株）,"鉄輪温泉-大分駅前, 関の江車庫-大分駅前, 大分空港-新川, 鉄輪温泉-別府駅前, APU-別府駅前, 国東-大分駅前, 別府駅前-大分空港, APU-大分駅前, 杵築＿1, 別杵, 別大, 石垣, 別府市内, 羽室, 辻間団地, フェリー＿1, 二豊, 関の江団地, APU"
別府北浜,亀の井バス（株）,"15　ラクテンチ経由鉄輪線, 16　外廻り循環線, 16A　外廻り循環線, 17　山の手経由鉄輪線, 20　別府大学経由鉄輪線, 23　石垣線, 24　新港町経由APU線, 25　鶴見病院経由鉄輪線, 26外廻り循環線, 26A　外廻り循環線, 28　餅ヶ浜経由南立石2区線"
老健はね,玖珠町,山浦線
銀座街入口,大分交通（株）,"鉄輪温泉-大分駅前, 別杵, 石垣, 別府市内, 羽室, 辻間団地, フェリー＿1, フェリー＿2, 関の江団地"
駅前本町,大分交通（株）,"鉄輪温泉-大分駅前, 鉄輪温泉-別府駅前, APU-別府駅前, 別杵, 石垣, 別府市内, 羽室, 辻間団地, フェリー＿1, 関の江団地, APU"
駅前本町,亀の井バス（株）,"15　ラクテンチ経由鉄輪線, 16　外廻り循環線, 16A　外廻り循環線, 17　山の手経由鉄輪線, 20　別府大学経由鉄輪線, 23　石垣線, 24　新港町経由APU線, 25　鶴見病院経由鉄輪線, 26外廻り循環線, 26A　外廻り循環線, 28　餅ヶ浜経由南立石2区線"
別府駅前,大分交通（株）,"鉄輪温泉-大分駅前, 鉄輪温泉-別府駅前, APU-別府駅前, 別府駅前-大分空港, 別杵, 石垣, 別府市内, 羽室, 辻間団地, フェリー＿1, フェリー＿2, 関の江団地, APU"
別府駅前,亀の井バス（株）,"15　ラクテンチ経由鉄輪線, 16　外廻り循環線, 16A　外廻り循環線, 17　山の手経由鉄輪線, 20　別府大学経由鉄輪線, 23　石垣線, 24　新港町経由APU線, 25　鶴見病院経由鉄輪線, 26外廻り循環線, 26A　外廻り循環線, 28　餅ヶ浜経由南立石2区線"
上原町,亀の井バス（株）,"8　別府駅西口観海寺線, 16　外廻り循環線, 16A　外廻り循環線, 17　山の手経由鉄輪線, 26外廻り循環線, 26A　外廻り循環線"
くす温泉,玖珠町,"山浦線, 小田線"
くす温泉,日田バス（株）,森町線
塚脇本町,大分交通（株）,"深耶馬溪, 古後, 栃木宮の原"
塚脇本町,玖珠町,まちなか循環バス
田の湯,亀の井バス（株）,10　別府駅西口浜脇線
運動公園,玖珠町,"岩室線, 古後線, まちなか循環バス"
長刎,玖珠町,岩室線
金迫,日田バス（株）,五馬線
小中病院,玖珠町,大野原線
谷の瀬,玖珠町,鏡山線
小中病院前,玖珠町,山浦線
門出,玖珠町,"山浦線, まちなか循環バス"
門出,日田バス（株）,森町線
総合体育館前,亀の井バス（株）,8　別府駅西口観海寺線
谷の瀬,日田バス（株）,森町線
別府ロープウェイ,亀の井バス（株）,36　湯布院線
鳥越入口,由布市,"スクールバス塚原コース, 塚原コース"
総合体育館入口,亀の井バス（株）,"8　別府駅西口観海寺線, 16　外廻り循環線, 16A　外廻り循環線, 17　山の手経由鉄輪線, 26外廻り循環線, 26A　外廻り循環線"
塚脇,大分交通（株）,"深耶馬溪, 古後, 栃木宮の原"
塚脇,玖珠町,"日出生線, 山浦線, 大野原線, 伐株線, 鳥屋線, 岩室線, 鏡山線, 小田線, 古後線, まちなか循環バス"
塚脇,日田バス（株）,森町線
公会堂前,亀の井バス（株）,10　別府駅西口浜脇線
雲泉寺橋,亀の井バス（株）,15　ラクテンチ経由鉄輪線
流川ゆめタウン前,大分交通（株）,"鉄輪温泉-大分駅前, 関の江車庫-大分駅前, 国東-大分駅前, APU-大分駅前, 杵築＿1, 別杵, 別大, 羽室"
流川ゆめタウン前,亀の井バス（株）,"15　ラクテンチ経由鉄輪線, 16　外廻り循環線, 16A　外廻り循環線, 17　山の手経由鉄輪線, 26外廻り循環線, 26A　外廻り循環線"
流川2丁目,亀の井バス（株）,"15　ラクテンチ経由鉄輪線, 16　外廻り循環線, 16A　外廻り循環線, 17　山の手経由鉄輪線, 26外廻り循環線, 26A　外廻り循環線"
流川5丁目,亀の井バス（株）,"15　ラクテンチ経由鉄輪線, 16　外廻り循環線, 16A　外廻り循環線, 17　山の手経由鉄輪線, 26外廻り循環線, 26A　外廻り循環線"
流川6丁目,亀の井バス（株）,"15　ラクテンチ経由鉄輪線, 16　外廻り循環線, 16A　外廻り循環線, 17　山の手経由鉄輪線, 26外廻り循環線, 26A　外廻り循環線"
烏帽子,玖珠町,小田線
流川8丁目,亀の井バス（株）,"10　別府駅西口浜脇線, 15　ラクテンチ経由鉄輪線, 16　外廻り循環線, 16A　外廻り循環線, 17　山の手経由鉄輪線, 26外廻り循環線, 26A　外廻り循環線"
玖珠公民館前,大分交通（株）,"深耶馬溪, 古後, 栃木宮の原"
寺山,玖珠町,まちなか循環バス
千丈,日田バス（株）,杖立線
中泊里,玖珠町,山浦線
流川12丁目,亀の井バス（株）,"15　ラクテンチ経由鉄輪線, 16　外廻り循環線, 16A　外廻り循環線, 17　山の手経由鉄輪線, 26外廻り循環線, 26A　外廻り循環線"
下引治（烏帽子西側三差路）,玖珠町,小田線
下引治三差路,玖珠町,小田線
岩室,玖珠町,岩室線
流川14丁目,亀の井バス（株）,15　ラクテンチ経由鉄輪線
流川16丁目,亀の井バス（株）,15　ラクテンチ経由鉄輪線
原の瀬,玖珠町,山浦線
流川18丁目,亀の井バス（株）,15　ラクテンチ経由鉄輪線
ラクテンチ,亀の井バス（株）,15　ラクテンチ経由鉄輪線
玖珠警察署前,大分交通（株）,"深耶馬溪, 古後, 栃木宮の原"
玖珠警察署前,玖珠町,まちなか循環バス
猪の瀬戸,亀の井バス（株）,36　湯布院線
玖珠記念病院,玖珠町,"山浦線, 大野原線"
旗の台,亀の井バス（株）,36　湯布院線
十五駄1公民館前,玖珠町,岩室線
別府浜町,大分交通（株）,"鉄輪温泉-大分駅前, 関の江車庫-大分駅前, 国東-大分駅前, APU-大分駅前, 杵築＿1, 別杵, 別大, 羽室"
佐土原上,由布市,"スクールバス塚原コース, 塚原コース"
泊里,玖珠町,山浦線
妙大寺,玖珠町,山浦線
美晴,日田バス（株）,杖立線
妙大寺入口上,玖珠町,小田線
丸山,日田バス（株）,森町線
十五駄1上,玖珠町,岩室線
下長野,大分交通（株）,"深耶馬溪, 古後, 栃木宮の原"
下長野,玖珠町,"伐株線, 岩室線, まちなか循環バス"
なかよし公園前,大分交通（株）,"鉄輪温泉-大分駅前, 関の江車庫-大分駅前, 国東-大分駅前, APU-大分駅前, 杵築＿1, 別杵, 別大, 羽室"
永石温泉前,亀の井バス（株）,10　別府駅西口浜脇線
永石6丁目,亀の井バス（株）,10　別府駅西口浜脇線
滝瀬温泉,日田バス（株）,森町線
中通り,玖珠町,山浦線
十五駄2上,玖珠町,岩室線
妙大寺公民館入口下,玖珠町,小田線
小田小学校入口,玖珠町,小田線
御幸橋,亀の井バス（株）,10　別府駅西口浜脇線
板屋,玖珠町,山浦線
妙大寺公民館入口,玖珠町,小田線
南町,亀の井バス（株）,10　別府駅西口浜脇線
長野,大分交通（株）,栃木宮の原
下引治公民館前,玖珠町,小田線
矢野,玖珠町,鏡山線
滝瀬,玖珠町,山浦線
滝瀬,日田バス（株）,森町線
片瀬古,日田バス（株）,杖立線
十五駄2下,玖珠町,岩室線
佐土原,由布市,"スクールバス塚原コース, 塚原コース"
小田小学校前,玖珠町,小田線
井原入口,玖珠町,鏡山線
塔の本,日田バス（株）,五馬線
上長野,大分交通（株）,栃木宮の原
浜脇,大分交通（株）,"鉄輪温泉-大分駅前, 関の江車庫-大分駅前, 国東-大分駅前, APU-大分駅前, 杵築＿1, 別杵, 別大, 羽室"
トンネル口,亀の井バス（株）,36　湯布院線
鳥居,亀の井バス（株）,36　湯布院線
片山,亀の井バス（株）,36　湯布院線
上引治構造改善センター前,玖珠町,小田線
湯都ピア浜脇,亀の井バス（株）,10　別府駅西口浜脇線
上の釣,日田バス（株）,森町線
上引治入口,玖珠町,小田線
岳本,亀の井バス（株）,36　湯布院線
城島高原,亀の井バス（株）,36　湯布院線
東別府駅前,大分交通（株）,"鉄輪温泉-大分駅前, 関の江車庫-大分駅前, 国東-大分駅前, APU-大分駅前, 杵築＿1, 別杵, 別大, 羽室"
伝切,日田バス（株）,五馬線
北大隈,大分交通（株）,栃木宮の原
横道,玖珠町,小田線
矢野釣,玖珠町,山浦線
矢野釣,日田バス（株）,森町線
湯の坪,亀の井バス（株）,36　湯布院線
城島高原パーク,亀の井バス（株）,36　湯布院線
由布見通り入口,由布市,"スクールバス塚原コース, 奥江コース, 塚原コース, 湯平コース, 畑倉コース"
由布見通り入口,亀の井バス（株）,36　湯布院線
岩男病院前,由布市,"スクールバス塚原コース, 奥江コース, 下津々良コース, 水地コース, 塚原コース, 湯平コース, 畑倉コース"
岩男病院前,亀の井バス（株）,36　湯布院線
杉河内,玖珠町,山浦線
杉河内,日田バス（株）,森町線
乙丸,亀の井バス（株）,37　牧の戸峠線
川原,日田バス（株）,杖立線
両郡橋,大分交通（株）,"鉄輪温泉-大分駅前, 関の江車庫-大分駅前, 国東-大分駅前, APU-大分駅前, 杵築＿1, 別大"
由布登山口,亀の井バス（株）,36　湯布院線
下横尾,玖珠町,伐株線
若宮八幡,由布市,奥江コース
荒木,亀の井バス（株）,37　牧の戸峠線
上庄屋甲公民館前,玖珠町,小田線
寺村公民館前,玖珠町,伐株線
早水,玖珠町,山浦線
山浦早水,玖珠町,山浦線
花香,日田バス（株）,五馬線
鎗水,玖珠町,伐株線
湯布院庁舎前,由布市,"奥江コース, 下津々良コース, 水地コース, 塚原コース, 湯平コース, 畑倉コース"
下川原水天宮前,日田バス（株）,杖立線
農協前［湯布院町］,由布市,"奥江コース, 下津々良コース, 水地コース, 塚原コース, 湯平コース, 畑倉コース"
上庄屋甲,玖珠町,小田線
由布院駅前バスセンター,由布市,"シャトルバス：温泉館〜庄内庁舎, スクールバス湯平コース, スクールバス塚原コース, 塚原コース, 湯平コース"
由布院駅前バスセンター,亀の井バス（株）,"36　湯布院線, 37　牧の戸峠線"
荒木佐藤商店前,由布市,奥江コース
石武,亀の井バス（株）,37　牧の戸峠線
由布院駅,由布市,"奥江コース, 下津々良コース, 水地コース, 畑倉コース"
大隈,大分交通（株）,栃木宮の原
福祉センター前,由布市,"シャトルバス：温泉館〜庄内庁舎, 奥江コース, 下津々良コース, 水地コース, 塚原コース, 湯平コース, 畑倉コース"
山浦農協前,玖珠町,山浦線
湯布高原,亀の井バス（株）,37　牧の戸峠線
下川原,日田バス（株）,杖立線
三佐,大分バス（株）,"大分駅前〜三佐〜鶴崎支所, 大分駅前〜三佐〜鶴崎（裏）, 大分駅前〜三佐〜鶴崎"
健康温泉館前,由布市,"シャトルバス：温泉館〜庄内庁舎, 奥江コース, 下津々良コース, 水地コース, 塚原コース, 湯平コース, 畑倉コース"
市の村,玖珠町,鏡山線
唐杉公民館前,玖珠町,伐株線
湯の釣,日田バス（株）,森町線
道の駅ゆふいん,亀の井バス（株）,37　牧の戸峠線
山の釣,日田バス（株）,森町線
元組上（亀都起神社前）,玖珠町,伐株線
穴森,玖珠町,山浦線
中川原,日田バス（株）,杖立線
下田中市,由布市,"シャトルバス：温泉館〜庄内庁舎, 水地コース, 塚原コース, 湯平コース"
渡辺医院前,日田バス（株）,杖立線
農民研修センター［湯布院町川北］,由布市,奥江コース
長因寺前,由布市,畑倉コース
養鱒場前,日田バス（株）,森町線
中の原,亀の井バス（株）,36　湯布院線
5号地大交車庫,大分交通（株）,"5号地車庫-県立図書館前, 5号地車庫-柞原, 5号地車庫-大分駅前, 机張原-5号地車庫, 八幡"
金粟院入口,玖珠町,伐株線
杉河内小前,玖珠町,山浦線
大山農協前,日田バス（株）,杖立線
高崎山,大分交通（株）,"鉄輪温泉-大分駅前, 関の江車庫-大分駅前, 国東-大分駅前, APU-大分駅前, 杵築＿1, 別大, スクール, フェリー＿2, 二豊"
新港,大分バス（株）,"大分駅前〜三佐〜鶴崎支所, 大分駅前〜三佐〜鶴崎（裏）, 大分駅前〜三佐〜鶴崎"
神杉野,西鉄バス久留米（株）,コミュニティC〜杷木
石武中,由布市,畑倉コース
土穴,玖珠町,山浦線
ゆふの丘プラザ,亀の井バス（株）,37　牧の戸峠線
大山振興局前,日田バス（株）,杖立線
日野病院前,由布市,"シャトルバス：温泉館〜庄内庁舎, 奥江コース, 下津々良コース, 水地コース, 塚原コース, 湯平コース, 畑倉コース"
田の浦,大分交通（株）,"鉄輪温泉-大分駅前, 関の江車庫-大分駅前, 国東-大分駅前, APU-大分駅前, 杵築＿1, 別大, スクール"
湯布院病院正門前,由布市,"奥江コース, 下津々良コース, 水地コース, 塚原コース, 湯平コース, 畑倉コース"
弁天三丁目,大分交通（株）,"5号地車庫-県立図書館前, 5号地車庫-柞原, 5号地車庫-大分駅前, 机張原-5号地車庫, 八幡"
神の釣,日田バス（株）,森町線
小松屋前,日田バス（株）,森町線
湯布院中学校,由布市,"スクールバス湯平コース, スクールバス塚原コース, 奥江コース"
南由布クリニック前,由布市,"奥江コース, 下津々良コース, 水地コース"
卸売市場前,大分交通（株）,"5号地車庫-県立図書館前, 5号地車庫-柞原, 5号地車庫-大分駅前, 机張原-5号地車庫, 八幡"
天瀬駅前,日田バス（株）,森町線
千蔵木入口,西鉄バス久留米（株）,コミュニティC〜杷木
中大山,日田バス（株）,杖立線
天瀬振興局前,日田バス（株）,森町線
粟野,大分交通（株）,栃木宮の原
天瀬温泉,日田バス（株）,森町線
三佐小入口,大分バス（株）,"大分駅前〜三佐〜鶴崎支所, 大分駅前〜三佐〜鶴崎（裏）, 大分駅前〜三佐〜鶴崎"
八坂,大分バス（株）,"大分駅前〜三佐〜鶴崎支所, 大分駅前〜三佐〜鶴崎（裏）, 大分駅前〜三佐〜鶴崎"
大鳥,日田バス（株）,五馬線
石松,由布市,"シャトルバス：温泉館〜庄内庁舎, 下津々良コース, 湯平コース"
三海橋,大分バス（株）,"大分駅前〜三佐〜鶴崎支所, 大分駅前〜三佐〜鶴崎（裏）, 大分駅前〜三佐〜鶴崎"
下石武,由布市,畑倉コース
白木,大分交通（株）,"鉄輪温泉-大分駅前, 関の江車庫-大分駅前, 国東-大分駅前, APU-大分駅前, 杵築＿1, 別大, スクール"
三ッ川新町,大分バス（株）,"大分駅前〜三佐〜鶴崎支所, 大分駅前〜三佐〜鶴崎（裏）, 大分駅前〜三佐〜鶴崎"
豊海三丁目,大分交通（株）,"5号地車庫-県立図書館前, 5号地車庫-柞原, 5号地車庫-大分駅前, 机張原-5号地車庫, 八幡"
大分医療センター,大分バス（株）,（急）大分駅〜鶴崎〜医療C〜幸崎〜佐賀関
興梠建設前,由布市,"奥江コース, 下津々良コース, 水地コース"
原（大分）,大分バス（株）,"大分駅前〜三佐〜鶴崎支所, 大分駅前〜三佐〜鶴崎（裏）, 大分駅前〜三佐〜鶴崎"
小平,日田バス（株）,杖立線
新井,由布市,"シャトルバス：温泉館〜庄内庁舎, 下津々良コース, 湯平コース"
板屋町,大分バス（株）,"大分駅前〜三佐〜鶴崎支所, 大分駅前〜三佐〜鶴崎（裏）, 大分駅前〜三佐〜鶴崎"
日岡,大分バス（株）,"大分駅前〜三佐〜鶴崎支所, 大分駅前〜三佐〜鶴崎（裏）, 大分駅前〜三佐〜鶴崎"
コミュニティセンター,西鉄バス久留米（株）,コミュニティC〜杷木
大分土木事務所前,大分バス（株）,"大分駅前〜三佐〜鶴崎支所, 大分駅前〜三佐〜鶴崎（裏）, 大分駅前〜三佐〜鶴崎"
幼稚園前［湯布院町］,由布市,"シャトルバス：温泉館〜庄内庁舎, 湯平コース"
辛幸,大分バス（株）,"（急）大分駅前〜鶴崎〜幸崎駅〜佐賀関, （各停）佐賀関〜幸崎駅〜鶴崎〜大分駅前, （急）大分駅〜鶴崎〜医療C〜幸崎〜佐賀関"
浜浦,大分バス（株）,"大分駅前〜萩原堺町〜海原橋東〜鶴崎支所, 大分駅前〜萩原堺町〜海原橋東〜鶴崎"
日本製鉄正門前,大分バス（株）,"大分駅前〜三佐〜鶴崎支所, 大分駅前〜三佐〜鶴崎（裏）, 大分駅前〜三佐〜鶴崎"
弁天1丁目,大分交通（株）,"5号地車庫-県立図書館前, 5号地車庫-柞原, 5号地車庫-大分駅前, 机張原-5号地車庫, 八幡"
三佐郵便局前,大分バス（株）,"大分駅前〜萩原堺町〜海原橋東〜鶴崎支所, 大分駅前〜萩原堺町〜海原橋東〜鶴崎"
秋,大分バス（株）,"大分駅前〜萩原堺町〜海原橋東〜鶴崎支所, 大分駅前〜萩原堺町〜海原橋東〜鶴崎"
西入口,大分交通（株）,栃木宮の原
文政開,大分バス（株）,"大分駅前〜三佐〜鶴崎支所, 大分駅前〜三佐〜鶴崎（裏）, 大分駅前〜三佐〜鶴崎"
平,由布市,"シャトルバス：温泉館〜庄内庁舎, 湯平コース"
西新地二丁目,大分バス（株）,"上野〜大洲運動公園〜上野, 大分駅前〜大洲〜上野, 大分駅前〜大洲〜大分駅前, 大分駅前〜大洲〜岩田〜大分駅前, すくすく〜富士見〜木〜商業高校, すくすく〜富士見〜松が丘〜商業高校"
西新地二丁目,大分交通（株）,大洲循環
海原橋東,大分バス（株）,"大分駅前〜萩原堺町〜海原橋東〜鶴崎支所, 大分駅前〜萩原堺町〜海原橋東〜鶴崎"
鼠谷,日田バス（株）,五馬線
泉町,大分交通（株）,"5号地車庫-県立図書館前, 5号地車庫-柞原, 5号地車庫-大分駅前, 机張原-5号地車庫, 八幡"
東中浜（大分）,大分バス（株）,"大分駅前〜三佐〜鶴崎支所, 大分駅前〜三佐〜鶴崎（裏）, 大分駅前〜三佐〜鶴崎"
海原橋西,大分バス（株）,"大分駅前〜萩原堺町〜海原橋東〜鶴崎支所, 大分駅前〜萩原堺町〜海原橋東〜鶴崎"
弁天宮前,大分交通（株）,5号地車庫-大分駅前
西新地入口,大分バス（株）,"上野〜大洲運動公園〜上野, 大分駅前〜大洲〜上野, 大分駅前〜大洲〜大分駅前, 大分駅前〜大洲〜岩田〜大分駅前, すくすく〜富士見〜木〜商業高校, すくすく〜富士見〜松が丘〜商業高校"
西新地入口,大分交通（株）,大洲循環
水分峠,亀の井バス（株）,37　牧の戸峠線
西中浜,大分バス（株）,"大分駅前〜三佐〜鶴崎支所, 大分駅前〜三佐〜鶴崎（裏）, 大分駅前〜三佐〜鶴崎"
豊町,大分交通（株）,"5号地車庫-県立図書館前, 5号地車庫-柞原, 5号地車庫-大分駅前, 机張原-5号地車庫, 八幡"
大洲運動公園前,大分バス（株）,"上野〜大洲運動公園〜上野, 大分駅前〜大洲〜上野, 大分駅前〜大洲〜大分駅前, 大分駅前〜大洲〜岩田〜大分駅前, すくすく〜富士見〜木〜商業高校, すくすく〜富士見〜松が丘〜商業高校"
大洲運動公園前,大分交通（株）,大洲循環
中洲,大分バス（株）,"大分駅前〜三佐〜鶴崎支所, 大分駅前〜三佐〜鶴崎（裏）, 大分駅前〜三佐〜鶴崎, 大分駅前〜萩原堺町〜海原橋東〜鶴崎支所, 大分駅前〜萩原堺町〜海原橋東〜鶴崎"
温水園入口,由布市,奥江コース
佐賀関,臼津交通（株）,臼関線
佐賀関病院,臼津交通（株）,臼関線
須賀,大分バス（株）,"横塚東〜鶴崎〜大分駅前, （急）大分駅前〜鶴崎〜幸崎駅〜佐賀関, （各停）佐賀関〜幸崎駅〜鶴崎〜大分駅前, （急）大分駅〜鶴崎〜医療C〜幸崎〜佐賀関, 横塚東〜大在駅前〜豊饒〜畑中"
合同庁舎稲荷前,大分交通（株）,5号地車庫-大分駅前
中台入口,由布市,七蔵司コース
古宮,大分バス（株）,"（急）大分駅前〜鶴崎〜幸崎駅〜佐賀関, （各停）佐賀関〜幸崎駅〜鶴崎〜大分駅前, （急）大分駅〜鶴崎〜医療C〜幸崎〜佐賀関"
三ッ川下,大分バス（株）,"花高松〜三ツ川〜萩原堺町〜城南西町, 大分駅前〜萩原堺町〜海原橋東〜鶴崎支所, 大分駅前〜萩原堺町〜海原橋東〜鶴崎"
久保,大分バス（株）,"横塚東〜鶴崎〜大分駅前, （急）大分駅前〜鶴崎〜幸崎駅〜佐賀関, （各停）佐賀関〜幸崎駅〜鶴崎〜大分駅前, （急）大分駅〜鶴崎〜医療C〜幸崎〜佐賀関, 横塚東〜大在駅前〜豊饒〜畑中"
大洲浜,大分バス（株）,"大分駅前〜三佐〜鶴崎支所, 大分駅前〜三佐〜鶴崎（裏）, 大分駅前〜三佐〜鶴崎"
小志生木,大分バス（株）,"（急）大分駅前〜鶴崎〜幸崎駅〜佐賀関, （各停）佐賀関〜幸崎駅〜鶴崎〜大分駅前, （急）大分駅〜鶴崎〜医療C〜幸崎〜佐賀関"
日岡橋,大分バス（株）,花高松〜三ツ川〜萩原堺町〜城南西町
北公園前,大分バス（株）,"横塚東〜鶴崎〜大分駅前, （急）大分駅前〜鶴崎〜幸崎駅〜佐賀関, （各停）佐賀関〜幸崎駅〜鶴崎〜大分駅前, （急）大分駅〜鶴崎〜医療C〜幸崎〜佐賀関, 横塚東〜大在駅前〜豊饒〜畑中"
金山,大分バス（株）,"（急）大分駅前〜鶴崎〜幸崎駅〜佐賀関, （各停）佐賀関〜幸崎駅〜鶴崎〜大分駅前, （急）大分駅〜鶴崎〜医療C〜幸崎〜佐賀関"
金山,臼津交通（株）,臼関線
佐賀関,大分バス（株）,"（急）大分駅前〜鶴崎〜幸崎駅〜佐賀関, （各停）佐賀関〜幸崎駅〜鶴崎〜大分駅前, （急）大分駅〜鶴崎〜医療C〜幸崎〜佐賀関"
一本松,大分交通（株）,5号地車庫-大分駅前
水辺の郷おおやま前,日田バス（株）,杖立線
運輸支局前,大分バス（株）,"大分駅前〜三佐〜鶴崎支所, 大分駅前〜三佐〜鶴崎（裏）, 大分駅前〜三佐〜鶴崎"
前横田,大分バス（株）,"横塚東〜鶴崎〜大分駅前, （急）大分駅前〜鶴崎〜幸崎駅〜佐賀関, （各停）佐賀関〜幸崎駅〜鶴崎〜大分駅前, （急）大分駅〜鶴崎〜医療C〜幸崎〜佐賀関, 横塚東〜大在駅前〜豊饒〜畑中"
花高松,大分バス（株）,"花高松〜萩原堺町〜裏川・東浜〜城南西町, 花高松〜萩原堺町〜城南西町, 大分駅前〜萩原堺町〜花高松, 大分駅前〜萩原堺町〜花高松〜天然塚東, 城南西町〜萩原堺町〜花高松〜天然塚東, 花高松〜三ツ川〜萩原堺町〜城南西町, 大分駅前〜萩原堺町〜海原橋東〜鶴崎支所, 大分駅前〜萩原堺町〜海原橋東〜鶴崎"
大津町一丁目,大分バス（株）,"上野〜大洲運動公園〜上野, 大分駅前〜大洲〜上野, 大分駅前〜大洲〜大分駅前, 大分駅前〜大洲〜岩田〜大分駅前, すくすく〜富士見〜木〜商業高校, すくすく〜富士見〜松が丘〜商業高校"
大津町一丁目,大分交通（株）,大洲循環
花香,玖珠町,山浦線
大空団地,大分バス（株）,"上野〜大洲運動公園〜上野, 大分駅前〜大洲〜上野, 大分駅前〜大洲〜大分駅前, 大分駅前〜大洲〜岩田〜大分駅前, 大分駅前〜三佐〜鶴崎支所, 大分駅前〜三佐〜鶴崎（裏）, 大分駅前〜三佐〜鶴崎, すくすく〜富士見〜木〜商業高校, すくすく〜富士見〜松が丘〜商業高校"
大空団地,大分交通（株）,大洲循環
新高松,大分バス（株）,"花高松〜萩原堺町〜裏川・東浜〜城南西町, 花高松〜萩原堺町〜城南西町, 大分駅前〜萩原堺町〜花高松, 大分駅前〜萩原堺町〜花高松〜天然塚東, 城南西町〜萩原堺町〜花高松〜天然塚東, 花高松〜三ツ川〜萩原堺町〜城南西町, 大分駅前〜萩原堺町〜海原橋東〜鶴崎支所, 大分駅前〜萩原堺町〜海原橋東〜鶴崎"
花高松,大分バス（株）,花高松〜三ツ川〜萩原堺町〜城南西町
十条,大分交通（株）,"5号地車庫-県立図書館前, 5号地車庫-柞原, 5号地車庫-大分駅前, 机張原-5号地車庫, 八幡"
三川下公民館前,大分バス（株）,"花高松〜三ツ川〜萩原堺町〜城南西町, 大分駅前〜萩原堺町〜海原橋東〜鶴崎支所, 大分駅前〜萩原堺町〜海原橋東〜鶴崎"
大在小学校前,大分バス（株）,"横塚東〜鶴崎〜大分駅前, （急）大分駅前〜鶴崎〜幸崎駅〜佐賀関, （各停）佐賀関〜幸崎駅〜鶴崎〜大分駅前, （急）大分駅〜鶴崎〜医療C〜幸崎〜佐賀関, 横塚東〜大在駅前〜豊饒〜畑中"
横町,大分バス（株）,"花高松〜萩原堺町〜裏川・東浜〜城南西町, 花高松〜萩原堺町〜城南西町, 大分駅前〜萩原堺町〜花高松, 大分駅前〜萩原堺町〜花高松〜天然塚東, 城南西町〜萩原堺町〜花高松〜天然塚東, 花高松〜三ツ川〜萩原堺町〜城南西町, 大分駅前〜萩原堺町〜海原橋東〜鶴崎支所, 大分駅前〜萩原堺町〜海原橋東〜鶴崎"
日吉公園前,大分バス（株）,"花高松〜三ツ川〜萩原堺町〜城南西町, 大分駅前〜萩原堺町〜海原橋東〜鶴崎支所, 大分駅前〜萩原堺町〜海原橋東〜鶴崎"
かんたん,大分交通（株）,"鉄輪温泉-大分駅前, 関の江車庫-大分駅前, 中大山-大分駅前, 5号地車庫-柞原, 国東-大分駅前, 机張原-5号地車庫, 大分駅前-下坂本, APU-大分駅前, 杵築＿1, 別大, 八幡, スクール"
大志生木,大分バス（株）,"（急）大分駅前〜鶴崎〜幸崎駅〜佐賀関, （各停）佐賀関〜幸崎駅〜鶴崎〜大分駅前, （急）大分駅〜鶴崎〜医療C〜幸崎〜佐賀関"
浄安寺前,大分バス（株）,"花高松〜萩原堺町〜裏川・東浜〜城南西町, 花高松〜萩原堺町〜城南西町, 大分駅前〜萩原堺町〜花高松, 大分駅前〜萩原堺町〜花高松〜天然塚東, 城南西町〜萩原堺町〜花高松〜天然塚東, 花高松〜三ツ川〜萩原堺町〜城南西町, 大分駅前〜萩原堺町〜海原橋東〜鶴崎支所, 大分駅前〜萩原堺町〜海原橋東〜鶴崎"
大志生木西,大分バス（株）,"（急）大分駅前〜鶴崎〜幸崎駅〜佐賀関, （各停）佐賀関〜幸崎駅〜鶴崎〜大分駅前, （急）大分駅〜鶴崎〜医療C〜幸崎〜佐賀関"
道の駅さがのせき,大分バス（株）,"（急）大分駅前〜鶴崎〜幸崎駅〜佐賀関, （各停）佐賀関〜幸崎駅〜鶴崎〜大分駅前, （急）大分駅〜鶴崎〜医療C〜幸崎〜佐賀関"
三川下一丁目,大分バス（株）,"花高松〜三ツ川〜萩原堺町〜城南西町, 大分駅前〜萩原堺町〜海原橋東〜鶴崎支所, 大分駅前〜萩原堺町〜海原橋東〜鶴崎"
東浜,大分バス（株）,"花高松〜萩原堺町〜裏川・東浜〜城南西町, 城南西町〜裏川・東浜〜大分駅前"
新貝天満社前,大分バス（株）,"花高松〜萩原堺町〜裏川・東浜〜城南西町, 花高松〜萩原堺町〜城南西町, 大分駅前〜萩原堺町〜花高松, 大分駅前〜萩原堺町〜花高松〜天然塚東, 城南西町〜萩原堺町〜花高松〜天然塚東, 花高松〜三ツ川〜萩原堺町〜城南西町, 大分駅前〜萩原堺町〜海原橋東〜鶴崎支所, 大分駅前〜萩原堺町〜海原橋東〜鶴崎"
中依,由布市,"シャトルバス：温泉館〜庄内庁舎, スクールバス湯平コース, 下津々良コース, 湯平コース"
かんたん港園,大分交通（株）,"別大, フェリー＿3"
東浜入口,大分バス（株）,"花高松〜萩原堺町〜裏川・東浜〜城南西町, 城南西町〜裏川・東浜〜大分駅前"
下大平,大分バス（株）,"（急）大分駅前〜鶴崎〜幸崎駅〜佐賀関, （各停）佐賀関〜幸崎駅〜鶴崎〜大分駅前, （急）大分駅〜鶴崎〜医療C〜幸崎〜佐賀関"
大在政所,大分バス（株）,（急）大分駅〜鶴崎〜医療C〜幸崎〜佐賀関
春日浦,大分交通（株）,"鉄輪温泉-大分駅前, 関の江車庫-大分駅前, 中大山-大分駅前, 大分駅前-虹ケ丘西公園, 国東-大分駅前, 高崎4丁目-大分駅前, APU-大分駅前, 杵築＿1, 別大, 八幡, 系統：3080, 青葉/新川, フェリー＿3"
新貝西,大分バス（株）,"花高松〜萩原堺町〜裏川・東浜〜城南西町, 花高松〜萩原堺町〜城南西町, 大分駅前〜萩原堺町〜花高松, 大分駅前〜萩原堺町〜花高松〜天然塚東, 城南西町〜萩原堺町〜花高松〜天然塚東, 花高松〜三ツ川〜萩原堺町〜城南西町, 大分駅前〜萩原堺町〜海原橋東〜鶴崎支所, 大分駅前〜萩原堺町〜海原橋東〜鶴崎"
西大分,大分交通（株）,"鉄輪温泉-大分駅前, 関の江車庫-大分駅前, 中大山-大分駅前, 5号地車庫-柞原, 国東-大分駅前, 机張原-5号地車庫, APU-大分駅前, 杵築＿1, 別大, 八幡, スクール"
浜町,大分交通（株）,"鉄輪温泉-大分駅前, 関の江車庫-大分駅前, 中大山-大分駅前, 大分駅前-虹ケ丘西公園, 国東-大分駅前, 高崎4丁目-大分駅前, APU-大分駅前, 杵築＿1, 別大, 八幡, 系統：3080, 青葉/新川, フェリー＿3"
寺崎町一丁目,大分バス（株）,"花高松〜三ツ川〜萩原堺町〜城南西町, 大分駅前〜萩原堺町〜海原橋東〜鶴崎支所, 大分駅前〜萩原堺町〜海原橋東〜鶴崎"
商業高校前,大分バス（株）,"上野〜大洲運動公園〜上野, 大分駅前〜大洲〜上野, 大分駅前〜大洲〜大分駅前, 大分駅前〜大洲〜岩田〜大分駅前, 大分駅前〜三佐〜鶴崎支所, 大分駅前〜三佐〜鶴崎（裏）, 大分駅前〜三佐〜鶴崎, すくすく〜富士見〜木〜商業高校, すくすく〜富士見〜松が丘〜商業高校"
商業高校前,大分交通（株）,大洲循環
西大分駅前,大分交通（株）,"5号地車庫-柞原, 机張原-5号地車庫, 大分駅前-下坂本, 八幡"
一の坂,大分交通（株）,"中大山-大分駅前, 5号地車庫-柞原, 机張原-5号地車庫, 大分駅前-下坂本, 八幡"
寺崎町二丁目,大分バス（株）,"花高松〜三ツ川〜萩原堺町〜城南西町, 大分駅前〜萩原堺町〜海原橋東〜鶴崎支所, 大分駅前〜萩原堺町〜海原橋東〜鶴崎"
前徳野公民館入口,由布市,"奥江コース, 畑倉コース"
大在駅前,大分バス（株）,"横塚東〜鶴崎〜大分駅前, （急）大分駅前〜鶴崎〜幸崎駅〜佐賀関, （各停）佐賀関〜幸崎駅〜鶴崎〜大分駅前, （急）大分駅〜鶴崎〜医療C〜幸崎〜佐賀関, 横塚東〜大在駅前〜豊饒〜畑中"
萩原東町,大分バス（株）,"花高松〜萩原堺町〜裏川・東浜〜城南西町, 花高松〜萩原堺町〜城南西町, 大分駅前〜萩原堺町〜花高松, 大分駅前〜萩原堺町〜花高松〜天然塚東, 城南西町〜萩原堺町〜花高松〜天然塚東, 花高松〜三ツ川〜萩原堺町〜城南西町, 大分駅前〜萩原堺町〜海原橋東〜鶴崎支所, 大分駅前〜萩原堺町〜海原橋東〜鶴崎"
ダイヤモンドフェリーのりば,大分交通（株）,"フェリー＿2, フェリー＿3"
競技場前,大分バス（株）,"上野〜大洲運動公園〜上野, 大分駅前〜大洲〜上野, 大分駅前〜大洲〜大分駅前, 大分駅前〜大洲〜岩田〜大分駅前, すくすく〜富士見〜木〜商業高校, すくすく〜富士見〜松が丘〜商業高校"
競技場前,大分交通（株）,大洲循環
極楽寺,大分バス（株）,"横塚東〜鶴崎〜大分駅前, （急）大分駅前〜鶴崎〜幸崎駅〜佐賀関, （各停）佐賀関〜幸崎駅〜鶴崎〜大分駅前, （急）大分駅〜鶴崎〜医療C〜幸崎〜佐賀関, 横塚東〜大在駅前〜豊饒〜畑中"
八条,大分交通（株）,"5号地車庫-県立図書館前, 5号地車庫-柞原, 5号地車庫-大分駅前, 机張原-5号地車庫, 八幡"
萩原本町,大分バス（株）,"花高松〜萩原堺町〜裏川・東浜〜城南西町, 花高松〜萩原堺町〜城南西町, 大分駅前〜萩原堺町〜花高松, 大分駅前〜萩原堺町〜花高松〜天然塚東, 城南西町〜萩原堺町〜花高松〜天然塚東, 花高松〜三ツ川〜萩原堺町〜城南西町, 大分駅前〜萩原堺町〜海原橋東〜鶴崎支所, 大分駅前〜萩原堺町〜海原橋東〜鶴崎"
新川,大分交通（株）,"鉄輪温泉-大分駅前, 関の江車庫-大分駅前, 中大山-大分駅前, 大分空港-新川, 大分駅前-虹ケ丘西公園, 国東-大分駅前, 5号地車庫-大分駅前, 高崎4丁目-大分駅前, APU-大分駅前, 杵築＿1, 別大, 八幡, 系統：3080, 青葉/新川, フェリー＿3"
大平,大分バス（株）,"（急）大分駅前〜鶴崎〜幸崎駅〜佐賀関, （各停）佐賀関〜幸崎駅〜鶴崎〜大分駅前, （急）大分駅〜鶴崎〜医療C〜幸崎〜佐賀関"
牧口,大分交通（株）,栃木宮の原
萩原住吉町,大分バス（株）,"花高松〜萩原堺町〜裏川・東浜〜城南西町, 花高松〜萩原堺町〜城南西町, 大分駅前〜萩原堺町〜花高松, 大分駅前〜萩原堺町〜花高松〜天然塚東, 城南西町〜萩原堺町〜花高松〜天然塚東, 花高松〜三ツ川〜萩原堺町〜城南西町, 大分駅前〜萩原堺町〜海原橋東〜鶴崎支所, 大分駅前〜萩原堺町〜海原橋東〜鶴崎"
生石,大分交通（株）,"鉄輪温泉-大分駅前, 関の江車庫-大分駅前, 中大山-大分駅前, 大分空港-新川, 5号地車庫-柞原, 国東-大分駅前, 机張原-5号地車庫, 大分駅前-下坂本, APU-大分駅前, 杵築＿1, 別大, 八幡, スクール, フェリー＿3"
大分港入口,大分交通（株）,別大
小学校前,臼津交通（株）,臼関線
角子原,大分バス（株）,大分駅前〜鶴崎〜城原
下野瀬部,日田バス（株）,杖立線
野瀬部入口,日田バス（株）,杖立線
天満宮入口,大分バス（株）,"花高松〜萩原堺町〜裏川・東浜〜城南西町, 城南西町〜裏川・東浜〜大分駅前"
仲西町,大分バス（株）,"鶴崎支所〜城南西町, 鶴崎〜城南西町, 大分駅前〜鶴崎支所, 大分駅前〜鶴崎（裏）, 大分駅前〜鶴崎, 横塚東〜鶴崎〜大分駅前, （急）大分駅前〜鶴崎〜幸崎駅〜佐賀関, （各停）佐賀関〜幸崎駅〜鶴崎〜大分駅前, （急）大分駅〜鶴崎〜医療C〜幸崎〜佐賀関, 大分駅前〜鶴崎〜城原, 大分駅前〜鶴崎〜種具〜宮河内, 大分駅前〜鶴崎〜堂園〜丸亀, 大分駅前〜鶴崎〜堂園〜高田小, 大分駅前〜皆春団地〜森町〜横尾, 菰田〜森町〜皆春団地〜大分駅前, 敷戸北〜元町〜鶴崎支所, 鶴崎〜元町〜敷戸北, 鶴崎支所〜元町〜敷戸北〜大分工業高校, 大分工業高校〜敷戸北〜元町〜鶴崎, 鶴崎支所〜大道〜敷戸北, 鶴崎〜大道〜敷戸北, 敷戸北〜県病〜鶴崎（裏）, 敷戸北〜県病〜鶴崎, 鶴崎支所〜大道〜敷戸北〜大分工業高校, 富士見（GP北）〜木〜鶴崎支所, 鶴崎支所〜木〜富〜すくすくいきいき村, 鶴崎支所〜松が丘〜富士見（GP北）, すくすくいきいき村〜富〜松〜鶴崎支所, 田尻GH北〜ふじが丘〜明磧〜鶴崎支所, 鶴崎支所〜豊饒〜畑中, 畑中〜豊饒〜鶴崎（裏）, 鶴崎〜豊饒〜畑中, 鶴崎支所〜県病〜畑中, 畑中〜県病〜鶴崎（裏）, 鶴崎〜県病〜畑中, 横塚東〜大在駅前〜豊饒〜畑中, 向之原駅〜大学病院〜鶴崎支所, すくいき村〜向之原駅〜大学病院〜鶴崎支所"
鷹松神社前,大分バス（株）,"鶴崎支所〜城南西町, 鶴崎〜城南西町, 大分駅前〜鶴崎支所, 大分駅前〜鶴崎（裏）, 大分駅前〜鶴崎, 横塚東〜鶴崎〜大分駅前, （急）大分駅前〜鶴崎〜幸崎駅〜佐賀関, （各停）佐賀関〜幸崎駅〜鶴崎〜大分駅前, （急）大分駅〜鶴崎〜医療C〜幸崎〜佐賀関, 大分駅前〜鶴崎〜城原, 要町〜高城〜池の平〜PP〜京が丘, 要町〜高城〜池の平〜PP〜浄雲寺, 要町〜高城〜池の平〜PP, 菰田〜PP〜池の平〜高城〜要町, 免許C〜PP〜池の平〜高城〜要町, 大分駅前〜鶴崎〜種具〜宮河内, 大分駅前〜鶴崎〜堂園〜丸亀, 大分駅前〜鶴崎〜堂園〜高田小, 大分駅前〜皆春団地〜森町〜横尾, 菰田〜森町〜皆春団地〜大分駅前, 敷戸北〜元町〜鶴崎支所, 鶴崎〜元町〜敷戸北, 鶴崎支所〜元町〜敷戸北〜大分工業高校, 大分工業高校〜敷戸北〜元町〜鶴崎, 鶴崎支所〜大道〜敷戸北, 鶴崎〜大道〜敷戸北, 敷戸北〜県病〜鶴崎（裏）, 敷戸北〜県病〜鶴崎, 鶴崎支所〜大道〜敷戸北〜大分工業高校, 富士見（GP北）〜木〜鶴崎支所, 鶴崎支所〜木〜富〜すくすくいきいき村, 鶴崎支所〜松が丘〜富士見（GP北）, すくすくいきいき村〜富〜松〜鶴崎支所, 田尻GH北〜ふじが丘〜明磧〜鶴崎支所, 鶴崎支所〜豊饒〜畑中, 畑中〜豊饒〜鶴崎（裏）, 鶴崎〜豊饒〜畑中, 鶴崎支所〜県病〜畑中, 畑中〜県病〜鶴崎（裏）, 鶴崎〜県病〜畑中, 横塚東〜大在駅前〜豊饒〜畑中, 向之原駅〜大学病院〜鶴崎支所, すくいき村〜向之原駅〜大学病院〜鶴崎支所"
裏川,大分バス（株）,"花高松〜萩原堺町〜裏川・東浜〜城南西町, 城南西町〜裏川・東浜〜大分駅前"
住友前,大分バス（株）,"大分駅前〜三佐〜鶴崎支所, 大分駅前〜三佐〜鶴崎（裏）, 大分駅前〜三佐〜鶴崎, 大分駅前〜萩原堺町〜海原橋東〜鶴崎支所, 大分駅前〜萩原堺町〜海原橋東〜鶴崎"
山津,大分バス（株）,"鶴崎支所〜城南西町, 鶴崎〜城南西町, 大分駅前〜鶴崎支所, 大分駅前〜鶴崎（裏）, 大分駅前〜鶴崎, 横塚東〜鶴崎〜大分駅前, （急）大分駅前〜鶴崎〜幸崎駅〜佐賀関, （各停）佐賀関〜幸崎駅〜鶴崎〜大分駅前, （急）大分駅〜鶴崎〜医療C〜幸崎〜佐賀関, 大分駅前〜鶴崎〜城原, 大分駅前〜鶴崎〜種具〜宮河内, 大分駅前〜鶴崎〜堂園〜丸亀, 大分駅前〜鶴崎〜堂園〜高田小, 大分駅前〜皆春団地〜森町〜横尾, 菰田〜森町〜皆春団地〜大分駅前, 敷戸北〜元町〜鶴崎支所, 鶴崎〜元町〜敷戸北, 鶴崎支所〜元町〜敷戸北〜大分工業高校, 大分工業高校〜敷戸北〜元町〜鶴崎, 鶴崎支所〜大道〜敷戸北, 鶴崎〜大道〜敷戸北, 敷戸北〜県病〜鶴崎（裏）, 敷戸北〜県病〜鶴崎, 鶴崎支所〜大道〜敷戸北〜大分工業高校, 富士見（GP北）〜木〜鶴崎支所, 鶴崎支所〜木〜富〜すくすくいきいき村, 鶴崎支所〜松が丘〜富士見（GP北）, すくすくいきいき村〜富〜松〜鶴崎支所, 田尻GH北〜ふじが丘〜明磧〜鶴崎支所, 鶴崎支所〜豊饒〜畑中, 畑中〜豊饒〜鶴崎（裏）, 鶴崎〜豊饒〜畑中, 鶴崎支所〜県病〜畑中, 畑中〜県病〜鶴崎（裏）, 鶴崎〜県病〜畑中, 横塚東〜大在駅前〜豊饒〜畑中, 向之原駅〜大学病院〜鶴崎支所, すくいき村〜向之原駅〜大学病院〜鶴崎支所"
王子港町,大分交通（株）,"鉄輪温泉-大分駅前, 関の江車庫-大分駅前, 中大山-大分駅前, 大分駅前-虹ケ丘西公園, 国東-大分駅前, 高崎4丁目-大分駅前, APU-大分駅前, 杵築＿1, 別大, 八幡, 系統：3080, 青葉/新川, フェリー＿3"
六条,大分交通（株）,"5号地車庫-県立図書館前, 5号地車庫-柞原, 5号地車庫-大分駅前, 机張原-5号地車庫, 八幡"
西大平,大分バス（株）,"（急）大分駅前〜鶴崎〜幸崎駅〜佐賀関, （各停）佐賀関〜幸崎駅〜鶴崎〜大分駅前, （急）大分駅〜鶴崎〜医療C〜幸崎〜佐賀関"
浜天満社前,大分バス（株）,"横塚東〜鶴崎〜大分駅前, （急）大分駅前〜鶴崎〜幸崎駅〜佐賀関, （各停）佐賀関〜幸崎駅〜鶴崎〜大分駅前, （急）大分駅〜鶴崎〜医療C〜幸崎〜佐賀関, 横塚東〜大在駅前〜豊饒〜畑中"
王子町,大分交通（株）,"鉄輪温泉-大分駅前, 関の江車庫-大分駅前, 中大山-大分駅前, 大分駅前-虹ケ丘西公園, 国東-大分駅前, 高崎4丁目-大分駅前, APU-大分駅前, 杵築＿1, 別大, 八幡, 系統：3080, 青葉/新川, フェリー＿3"
富士紡社宅前,大分交通（株）,"中大山-大分駅前, 5号地車庫-柞原, 机張原-5号地車庫, 大分駅前-下坂本, 八幡"
中向,大分バス（株）,"横塚東〜鶴崎〜大分駅前, （急）大分駅前〜鶴崎〜幸崎駅〜佐賀関, （各停）佐賀関〜幸崎駅〜鶴崎〜大分駅前, （急）大分駅〜鶴崎〜医療C〜幸崎〜佐賀関, 横塚東〜大在駅前〜豊饒〜畑中"
高城,大分バス（株）,"鶴崎支所〜城南西町, 鶴崎〜城南西町, 大分駅前〜鶴崎支所, 大分駅前〜鶴崎（裏）, 大分駅前〜鶴崎, 横塚東〜鶴崎〜大分駅前, （急）大分駅前〜鶴崎〜幸崎駅〜佐賀関, （各停）佐賀関〜幸崎駅〜鶴崎〜大分駅前, （急）大分駅〜鶴崎〜医療C〜幸崎〜佐賀関, 大分駅前〜鶴崎〜城原, 要町〜高城〜池の平〜PP〜京が丘, 要町〜高城〜池の平〜PP〜浄雲寺, 要町〜高城〜池の平〜PP, 菰田〜PP〜池の平〜高城〜要町, 免許C〜PP〜池の平〜高城〜要町, 大分駅前〜鶴崎〜種具〜宮河内, 大分駅前〜鶴崎〜堂園〜丸亀, 大分駅前〜鶴崎〜堂園〜高田小, 大分駅前〜皆春団地〜森町〜横尾, 菰田〜森町〜皆春団地〜大分駅前, 敷戸北〜元町〜鶴崎支所, 鶴崎〜元町〜敷戸北, 鶴崎支所〜元町〜敷戸北〜大分工業高校, 大分工業高校〜敷戸北〜元町〜鶴崎, 鶴崎支所〜大道〜敷戸北, 鶴崎〜大道〜敷戸北, 敷戸北〜県病〜鶴崎（裏）, 敷戸北〜県病〜鶴崎, 鶴崎支所〜大道〜敷戸北〜大分工業高校, 富士見（GP北）〜木〜鶴崎支所, 鶴崎支所〜木〜富〜すくすくいきいき村, 鶴崎支所〜松が丘〜富士見（GP北）, すくすくいきいき村〜富〜松〜鶴崎支所, 田尻GH北〜ふじが丘〜明磧〜鶴崎支所, 鶴崎支所〜豊饒〜畑中, 畑中〜豊饒〜鶴崎（裏）, 鶴崎〜豊饒〜畑中, 鶴崎支所〜県病〜畑中, 畑中〜県病〜鶴崎（裏）, 鶴崎〜県病〜畑中, 横塚東〜大在駅前〜豊饒〜畑中, 向之原駅〜大学病院〜鶴崎支所, すくいき村〜向之原駅〜大学病院〜鶴崎支所"
大山中前,日田バス（株）,杖立線
日赤病院入口,大分交通（株）,"鉄輪温泉-大分駅前, 関の江車庫-大分駅前, 中大山-大分駅前, 大分駅前-虹ケ丘西公園, 国東-大分駅前, 5号地車庫-大分駅前, 高崎4丁目-大分駅前, APU-大分駅前, 杵築＿1, 別大, 八幡, 系統：3080, 青葉/新川, フェリー＿3"
中台公民館,由布市,七蔵司コース
萩原堺町,大分バス（株）,"花高松〜萩原堺町〜裏川・東浜〜城南西町, 花高松〜萩原堺町〜城南西町, 大分駅前〜萩原堺町〜花高松, 大分駅前〜萩原堺町〜花高松〜天然塚東, 城南西町〜萩原堺町〜花高松〜天然塚東, 花高松〜三ツ川〜萩原堺町〜城南西町, 大分駅前〜萩原堺町〜海原橋東〜鶴崎支所, 大分駅前〜萩原堺町〜海原橋東〜鶴崎"
王子神社前,大分交通（株）,5号地車庫-県立図書館前
王子中町,大分交通（株）,5号地車庫-県立図書館前
八幡小学校前,大分交通（株）,"中大山-大分駅前, 5号地車庫-柞原, 机張原-5号地車庫, 大分駅前-下坂本, 八幡"
春日神社前,大分交通（株）,5号地車庫-県立図書館前
前徳野中,由布市,畑倉コース
新貝,大分バス（株）,"鶴崎支所〜城南西町, 鶴崎〜城南西町, 高城駅前〜大分駅前, 大分駅前〜鶴崎支所, 大分駅前〜鶴崎（裏）, 大分駅前〜鶴崎, 横塚東〜鶴崎〜大分駅前, （各停）佐賀関〜幸崎駅〜鶴崎〜大分駅前, 大分駅前〜鶴崎〜城原, 要町〜高城〜池の平〜PP〜京が丘, 要町〜高城〜池の平〜PP〜浄雲寺, 要町〜高城〜池の平〜PP, 菰田〜PP〜池の平〜高城〜要町, 免許C〜PP〜池の平〜高城〜要町, 大分駅前〜鶴崎〜種具〜宮河内, 大分駅前〜鶴崎〜堂園〜丸亀, 大分駅前〜鶴崎〜堂園〜高田小, 大分駅前〜皆春団地〜森町〜横尾, 菰田〜森町〜皆春団地〜大分駅前, 敷戸北〜元町〜鶴崎支所, 鶴崎〜元町〜敷戸北, 鶴崎支所〜元町〜敷戸北〜大分工業高校, 大分工業高校〜敷戸北〜元町〜鶴崎, 鶴崎支所〜大道〜敷戸北, 鶴崎〜大道〜敷戸北, 敷戸北〜県病〜鶴崎（裏）, 敷戸北〜県病〜鶴崎, 鶴崎支所〜大道〜敷戸北〜大分工業高校, 富士見（GP北）〜木〜鶴崎支所, 鶴崎支所〜木〜富〜すくすくいきいき村, 鶴崎支所〜松が丘〜富士見（GP北）, すくすくいきいき村〜富〜松〜鶴崎支所, 田尻GH北〜ふじが丘〜明磧〜鶴崎支所, 鶴崎支所〜豊饒〜畑中, 畑中〜豊饒〜鶴崎（裏）, 鶴崎〜豊饒〜畑中, 鶴崎支所〜県病〜畑中, 畑中〜県病〜鶴崎（裏）, 鶴崎〜県病〜畑中, 横塚東〜大在駅前〜豊饒〜畑中, 向之原駅〜大学病院〜鶴崎支所, すくいき村〜向之原駅〜大学病院〜鶴崎支所"
東生石,大分交通（株）,"関の江車庫-大分駅前, 5号地車庫-柞原, 机張原-5号地車庫, 大分駅前-下坂本, 高崎4丁目-大分駅前, 八幡, 青葉/西春日, 青葉/田室"
中津留一丁目,大分バス（株）,"上野〜大洲運動公園〜上野, 大分駅前〜大洲〜上野, 大分駅前〜大洲〜大分駅前, 大分駅前〜大洲〜岩田〜大分駅前, 大分駅前〜三佐〜鶴崎支所, 大分駅前〜三佐〜鶴崎（裏）, 大分駅前〜三佐〜鶴崎"
中津留一丁目,大分交通（株）,大洲循環
米山,由布市,七蔵司コース
内徳野,由布市,畑倉コース
高城駅前,大分バス（株）,高城駅前〜大分駅前
平野,大分バス（株）,"横塚東〜鶴崎〜大分駅前, （急）大分駅前〜鶴崎〜幸崎駅〜佐賀関, （各停）佐賀関〜幸崎駅〜鶴崎〜大分駅前, （急）大分駅〜鶴崎〜医療C〜幸崎〜佐賀関, 横塚東〜大在駅前〜豊饒〜畑中"
上野瀬部,日田バス（株）,杖立線
舞鶴高校前,大分バス（株）,"上野〜大洲運動公園〜上野, 大分駅前〜大洲〜上野, 大分駅前〜大洲〜大分駅前, 大分駅前〜大洲〜岩田〜大分駅前, すくすく〜富士見〜木〜商業高校, すくすく〜富士見〜松が丘〜商業高校"
舞鶴高校前,大分交通（株）,大洲循環
生石一丁目,大分交通（株）,"大分駅前-虹ケ丘西公園, 高崎4丁目-大分駅前, 大分駅前-生石1丁目, 系統：3080, 青葉/西春日, 青葉/田室, スクール, 青葉/新川"
ソフトパーク前,大分交通（株）,5号地車庫-県立図書館前
三条,大分交通（株）,"5号地車庫-県立図書館前, 5号地車庫-柞原, 5号地車庫-大分駅前, 机張原-5号地車庫, 八幡"
浜東,大分バス（株）,"横塚東〜鶴崎〜大分駅前, （急）大分駅前〜鶴崎〜幸崎駅〜佐賀関, （各停）佐賀関〜幸崎駅〜鶴崎〜大分駅前, （急）大分駅〜鶴崎〜医療C〜幸崎〜佐賀関, 横塚東〜大在駅前〜豊饒〜畑中"
大在駅裏,大分バス（株）,大分駅前〜鶴崎〜城原
王子西町,大分交通（株）,"関の江車庫-大分駅前, 5号地車庫-柞原, 机張原-5号地車庫, 大分駅前-下坂本, 高崎4丁目-大分駅前, 八幡, 青葉/西春日, 青葉/田室"
浜入口,大分バス（株）,"横塚東〜鶴崎〜大分駅前, （急）大分駅前〜鶴崎〜幸崎駅〜佐賀関, （各停）佐賀関〜幸崎駅〜鶴崎〜大分駅前, （急）大分駅〜鶴崎〜医療C〜幸崎〜佐賀関, 横塚東〜大在駅前〜豊饒〜畑中"
萩原,大分バス（株）,"鶴崎支所〜城南西町, 鶴崎〜城南西町, 高城駅前〜大分駅前, 大分駅前〜鶴崎支所, 大分駅前〜鶴崎（裏）, 大分駅前〜鶴崎, 横塚東〜鶴崎〜大分駅前, （急）大分駅前〜鶴崎〜幸崎駅〜佐賀関, （各停）佐賀関〜幸崎駅〜鶴崎〜大分駅前, （急）大分駅〜鶴崎〜医療C〜幸崎〜佐賀関, 大分駅前〜鶴崎〜城原, 要町〜萩原〜明野東口〜大分高, 大分高校〜明野東口〜萩原〜要町（考査）, 情報科学高〜明野東口〜萩原〜要町, 要町〜萩原〜明野西町〜大分高, 大分駅前〜萩原〜公商〜米良BP〜大分駅前, 県庁正門〜米良BP〜情商公〜萩原〜大分駅, 大分駅前〜萩原〜公園通り東, 公園通り中央〜萩原〜大分駅前, 要町〜高城〜池の平〜PP〜京が丘, 要町〜高城〜池の平〜PP〜浄雲寺, 要町〜高城〜池の平〜PP, 菰田〜PP〜池の平〜高城〜要町, 免許C〜PP〜池の平〜高城〜要町, 大分駅前〜鶴崎〜種具〜宮河内, 大分駅前〜鶴崎〜堂園〜丸亀, 大分駅前〜鶴崎〜堂園〜高田小, 大分駅前〜皆春団地〜森町〜横尾, 菰田〜森町〜皆春団地〜大分駅前, 敷戸北〜元町〜鶴崎支所, 鶴崎〜元町〜敷戸北, 鶴崎支所〜元町〜敷戸北〜大分工業高校, 大分工業高校〜敷戸北〜元町〜鶴崎, 鶴崎支所〜大道〜敷戸北, 鶴崎〜大道〜敷戸北, 敷戸北〜県病〜鶴崎（裏）, 敷戸北〜県病〜鶴崎, 鶴崎支所〜大道〜敷戸北〜大分工業高校, 富士見（GP北）〜木〜鶴崎支所, 鶴崎支所〜木〜富〜すくすくいきいき村, 鶴崎支所〜松が丘〜富士見（GP北）, すくすくいきいき村〜富〜松〜鶴崎支所, 田尻GH北〜ふじが丘〜明磧〜鶴崎支所, 鶴崎支所〜豊饒〜畑中, 畑中〜豊饒〜鶴崎（裏）, 鶴崎〜豊饒〜畑中, 鶴崎支所〜県病〜畑中, 畑中〜県病〜鶴崎（裏）, 鶴崎〜県病〜畑中, 横塚東〜大在駅前〜豊饒〜畑中, 向之原駅〜大学病院〜鶴崎支所, すくいき村〜向之原駅〜大学病院〜鶴崎支所"
都町四丁目,大分交通（株）,5号地車庫-県立図書館前
庄境,大分バス（株）,大分駅前〜鶴崎〜城原
花津留,大分バス（株）,"花高松〜萩原堺町〜裏川・東浜〜城南西町, 花高松〜萩原堺町〜城南西町, 鶴崎支所〜城南西町, 鶴崎〜城南西町, 大分駅前〜萩原堺町〜花高松, 大分駅前〜萩原堺町〜花高松〜天然塚東, 城南西町〜萩原堺町〜花高松〜天然塚東, 花高松〜三ツ川〜萩原堺町〜城南西町, 城南西町〜裏川・東浜〜大分駅前, 高城駅前〜大分駅前, 大分駅前〜鶴崎支所, 大分駅前〜鶴崎（裏）, 大分駅前〜鶴崎, 横塚東〜鶴崎〜大分駅前, （急）大分駅前〜鶴崎〜幸崎駅〜佐賀関, （各停）佐賀関〜幸崎駅〜鶴崎〜大分駅前, （急）大分駅〜鶴崎〜医療C〜幸崎〜佐賀関, 大分駅前〜鶴崎〜城原, 大分駅前〜萩原堺町〜海原橋東〜鶴崎支所, 大分駅前〜萩原堺町〜海原橋東〜鶴崎, 要町〜牧〜一里塚, 要町〜萩原〜明野東口〜大分高, 大分高校〜明野東口〜萩原〜要町（考査）, 情報科学高〜明野東口〜萩原〜要町, 要町〜萩原〜明野西町〜大分高, 大分駅前〜萩原〜公商〜米良BP〜大分駅前, 県庁正門〜米良BP〜情商公〜萩原〜大分駅, 大分駅前〜萩原〜公園通り東, 公園通り中央〜萩原〜大分駅前, 要町〜高城〜池の平〜PP〜京が丘, 要町〜高城〜池の平〜PP〜浄雲寺, 要町〜高城〜池の平〜PP, 菰田〜PP〜池の平〜高城〜要町, 免許C〜PP〜池の平〜高城〜要町, 大分駅前〜鶴崎〜種具〜宮河内, 大分駅前〜鶴崎〜堂園〜丸亀, 大分駅前〜鶴崎〜堂園〜高田小, 大分駅前〜皆春団地〜森町〜横尾, 菰田〜森町〜皆春団地〜大分駅前, 敷戸北〜元町〜鶴崎支所, 鶴崎〜元町〜敷戸北, 鶴崎支所〜元町〜敷戸北〜大分工業高校, 大分工業高校〜敷戸北〜元町〜鶴崎, 鶴崎支所〜大道〜敷戸北, 鶴崎〜大道〜敷戸北, 敷戸北〜県病〜鶴崎（裏）, 敷戸北〜県病〜鶴崎, 鶴崎支所〜大道〜敷戸北〜大分工業高校, 富士見（GP北）〜木〜鶴崎支所, 鶴崎支所〜木〜富〜すくすくいきいき村, 鶴崎支所〜松が丘〜富士見（GP北）, すくすくいきいき村〜富〜松〜鶴崎支所, 田尻GH北〜ふじが丘〜明磧〜鶴崎支所, 鶴崎支所〜豊饒〜畑中, 畑中〜豊饒〜鶴崎（裏）, 鶴崎〜豊饒〜畑中, 鶴崎支所〜県病〜畑中, 畑中〜県病〜鶴崎（裏）, 鶴崎〜県病〜畑中, 横塚東〜大在駅前〜豊饒〜畑中, 向之原駅〜大学病院〜鶴崎支所, すくいき村〜向之原駅〜大学病院〜鶴崎支所"
都町三丁目,大分交通（株）,5号地車庫-県立図書館前
下依,由布市,"シャトルバス：温泉館〜庄内庁舎, スクールバス湯平コース, 下津々良コース, 湯平コース"
千才下,大分バス（株）,"鶴崎支所〜城南西町, 鶴崎〜城南西町, 大分駅前〜鶴崎支所, 大分駅前〜鶴崎（裏）, 大分駅前〜鶴崎, 横塚東〜鶴崎〜大分駅前, （急）大分駅前〜鶴崎〜幸崎駅〜佐賀関, （各停）佐賀関〜幸崎駅〜鶴崎〜大分駅前, （急）大分駅〜鶴崎〜医療C〜幸崎〜佐賀関, 大分駅前〜鶴崎〜城原, 大分駅前〜鶴崎〜種具〜宮河内, 大分駅前〜鶴崎〜堂園〜丸亀, 大分駅前〜鶴崎〜堂園〜高田小, 大分駅前〜皆春団地〜森町〜横尾, 菰田〜森町〜皆春団地〜大分駅前, 敷戸北〜元町〜鶴崎支所, 鶴崎〜元町〜敷戸北, 鶴崎支所〜元町〜敷戸北〜大分工業高校, 大分工業高校〜敷戸北〜元町〜鶴崎, 鶴崎支所〜大道〜敷戸北, 鶴崎〜大道〜敷戸北, 敷戸北〜県病〜鶴崎（裏）, 敷戸北〜県病〜鶴崎, 鶴崎支所〜大道〜敷戸北〜大分工業高校, 富士見（GP北）〜木〜鶴崎支所, 鶴崎支所〜木〜富〜すくすくいきいき村, 鶴崎支所〜松が丘〜富士見（GP北）, すくすくいきいき村〜富〜松〜鶴崎支所, 田尻GH北〜ふじが丘〜明磧〜鶴崎支所, 鶴崎支所〜豊饒〜畑中, 畑中〜豊饒〜鶴崎（裏）, 鶴崎〜豊饒〜畑中, 鶴崎支所〜県病〜畑中, 畑中〜県病〜鶴崎（裏）, 鶴崎〜県病〜畑中, 横塚東〜大在駅前〜豊饒〜畑中, 向之原駅〜大学病院〜鶴崎支所, すくいき村〜向之原駅〜大学病院〜鶴崎支所"
真光寺,大分バス（株）,要町〜牧〜一里塚
中野,玖珠町,山浦線
仲西町（牧一里塚線）,大分バス（株）,要町〜牧〜一里塚
中津留（大分）,大分バス（株）,"花高松〜萩原堺町〜裏川・東浜〜城南西町, 花高松〜萩原堺町〜城南西町, 鶴崎支所〜城南西町, 鶴崎〜城南西町, 大分駅前〜萩原堺町〜花高松, 大分駅前〜萩原堺町〜花高松〜天然塚東, 城南西町〜萩原堺町〜花高松〜天然塚東, 花高松〜三ツ川〜萩原堺町〜城南西町, 城南西町〜裏川・東浜〜大分駅前, 高城駅前〜大分駅前, 大分駅前〜鶴崎支所, 大分駅前〜鶴崎（裏）, 大分駅前〜鶴崎, 横塚東〜鶴崎〜大分駅前, （各停）佐賀関〜幸崎駅〜鶴崎〜大分駅前, 大分駅前〜鶴崎〜城原, 大分駅前〜萩原堺町〜海原橋東〜鶴崎支所, 大分駅前〜萩原堺町〜海原橋東〜鶴崎, 要町〜牧〜一里塚, 要町〜萩原〜明野東口〜大分高, 大分高校〜明野東口〜萩原〜要町（考査）, 情報科学高〜明野東口〜萩原〜要町, 要町〜萩原〜明野西町〜大分高, 大分駅前〜萩原〜公商〜米良BP〜大分駅前, 県庁正門〜米良BP〜情商公〜萩原〜大分駅, 大分駅前〜萩原〜公園通り東, 公園通り中央〜萩原〜大分駅前, 要町〜高城〜池の平〜PP〜京が丘, 要町〜高城〜池の平〜PP〜浄雲寺, 要町〜高城〜池の平〜PP, 菰田〜PP〜池の平〜高城〜要町, 免許C〜PP〜池の平〜高城〜要町, 大分駅前〜鶴崎〜種具〜宮河内, 大分駅前〜鶴崎〜堂園〜丸亀, 大分駅前〜鶴崎〜堂園〜高田小, 大分駅前〜皆春団地〜森町〜横尾, 菰田〜森町〜皆春団地〜大分駅前, 敷戸北〜元町〜鶴崎支所, 鶴崎〜元町〜敷戸北, 鶴崎支所〜元町〜敷戸北〜大分工業高校, 大分工業高校〜敷戸北〜元町〜鶴崎, 鶴崎支所〜大道〜敷戸北, 鶴崎〜大道〜敷戸北, 敷戸北〜県病〜鶴崎（裏）, 敷戸北〜県病〜鶴崎, 鶴崎支所〜大道〜敷戸北〜大分工業高校, 富士見（GP北）〜木〜鶴崎支所, 鶴崎支所〜木〜富〜すくすくいきいき村, 鶴崎支所〜松が丘〜富士見（GP北）, すくすくいきいき村〜富〜松〜鶴崎支所, 田尻GH北〜ふじが丘〜明磧〜鶴崎支所, 鶴崎支所〜豊饒〜畑中, 畑中〜豊饒〜鶴崎（裏）, 鶴崎〜豊饒〜畑中, 鶴崎支所〜県病〜畑中, 畑中〜県病〜鶴崎（裏）, 鶴崎〜県病〜畑中, 横塚東〜大在駅前〜豊饒〜畑中, 向之原駅〜大学病院〜鶴崎支所, すくいき村〜向之原駅〜大学病院〜鶴崎支所"
高城南町,大分バス（株）,要町〜牧〜一里塚
西萩原,大分バス（株）,"鶴崎支所〜城南西町, 鶴崎〜城南西町, 高城駅前〜大分駅前, 大分駅前〜鶴崎支所, 大分駅前〜鶴崎（裏）, 大分駅前〜鶴崎, 横塚東〜鶴崎〜大分駅前, （各停）佐賀関〜幸崎駅〜鶴崎〜大分駅前, 大分駅前〜鶴崎〜城原, 要町〜萩原〜明野東口〜大分高, 大分高校〜明野東口〜萩原〜要町（考査）, 情報科学高〜明野東口〜萩原〜要町, 要町〜萩原〜明野西町〜大分高, 大分駅前〜萩原〜公商〜米良BP〜大分駅前, 県庁正門〜米良BP〜情商公〜萩原〜大分駅, 大分駅前〜萩原〜公園通り東, 公園通り中央〜萩原〜大分駅前, 要町〜高城〜池の平〜PP〜京が丘, 要町〜高城〜池の平〜PP〜浄雲寺, 要町〜高城〜池の平〜PP, 菰田〜PP〜池の平〜高城〜要町, 免許C〜PP〜池の平〜高城〜要町, 大分駅前〜鶴崎〜種具〜宮河内, 大分駅前〜鶴崎〜堂園〜丸亀, 大分駅前〜鶴崎〜堂園〜高田小, 大分駅前〜皆春団地〜森町〜横尾, 菰田〜森町〜皆春団地〜大分駅前, 敷戸北〜元町〜鶴崎支所, 鶴崎〜元町〜敷戸北, 鶴崎支所〜元町〜敷戸北〜大分工業高校, 大分工業高校〜敷戸北〜元町〜鶴崎, 鶴崎支所〜大道〜敷戸北, 鶴崎〜大道〜敷戸北, 敷戸北〜県病〜鶴崎（裏）, 敷戸北〜県病〜鶴崎, 鶴崎支所〜大道〜敷戸北〜大分工業高校, 富士見（GP北）〜木〜鶴崎支所, 鶴崎支所〜木〜富〜すくすくいきいき村, 鶴崎支所〜松が丘〜富士見（GP北）, すくすくいきいき村〜富〜松〜鶴崎支所, 田尻GH北〜ふじが丘〜明磧〜鶴崎支所, 鶴崎支所〜豊饒〜畑中, 畑中〜豊饒〜鶴崎（裏）, 鶴崎〜豊饒〜畑中, 鶴崎支所〜県病〜畑中, 畑中〜県病〜鶴崎（裏）, 鶴崎〜県病〜畑中, 横塚東〜大在駅前〜豊饒〜畑中, 向之原駅〜大学病院〜鶴崎支所, すくいき村〜向之原駅〜大学病院〜鶴崎支所"
秋の江,臼津交通（株）,臼関線
乗越,大分バス（株）,"鶴崎支所〜城南西町, 鶴崎〜城南西町, 高城駅前〜大分駅前, 大分駅前〜鶴崎支所, 大分駅前〜鶴崎（裏）, 大分駅前〜鶴崎, 横塚東〜鶴崎〜大分駅前, （急）大分駅前〜鶴崎〜幸崎駅〜佐賀関, （各停）佐賀関〜幸崎駅〜鶴崎〜大分駅前, （急）大分駅〜鶴崎〜医療C〜幸崎〜佐賀関, 大分駅前〜鶴崎〜城原, 要町〜萩原〜明野東口〜大分高, 大分高校〜明野東口〜萩原〜要町（考査）, 情報科学高〜明野東口〜萩原〜要町, 要町〜萩原〜明野西町〜大分高, 大分駅前〜萩原〜公商〜米良BP〜大分駅前, 県庁正門〜米良BP〜情商公〜萩原〜大分駅, 大分駅前〜萩原〜公園通り東, 公園通り中央〜萩原〜大分駅前, 要町〜高城〜池の平〜PP〜京が丘, 要町〜高城〜池の平〜PP〜浄雲寺, 要町〜高城〜池の平〜PP, 菰田〜PP〜池の平〜高城〜要町, 免許C〜PP〜池の平〜高城〜要町, 大分駅前〜鶴崎〜種具〜宮河内, 大分駅前〜鶴崎〜堂園〜丸亀, 大分駅前〜鶴崎〜堂園〜高田小, 大分駅前〜皆春団地〜森町〜横尾, 菰田〜森町〜皆春団地〜大分駅前, 敷戸北〜元町〜鶴崎支所, 鶴崎〜元町〜敷戸北, 鶴崎支所〜元町〜敷戸北〜大分工業高校, 大分工業高校〜敷戸北〜元町〜鶴崎, 鶴崎支所〜大道〜敷戸北, 鶴崎〜大道〜敷戸北, 敷戸北〜県病〜鶴崎（裏）, 敷戸北〜県病〜鶴崎, 鶴崎支所〜大道〜敷戸北〜大分工業高校, 富士見（GP北）〜木〜鶴崎支所, 鶴崎支所〜木〜富〜すくすくいきいき村, 鶴崎支所〜松が丘〜富士見（GP北）, すくすくいきいき村〜富〜松〜鶴崎支所, 田尻GH北〜ふじが丘〜明磧〜鶴崎支所, 鶴崎支所〜豊饒〜畑中, 畑中〜豊饒〜鶴崎（裏）, 鶴崎〜豊饒〜畑中, 鶴崎支所〜県病〜畑中, 畑中〜県病〜鶴崎（裏）, 鶴崎〜県病〜畑中, 横塚東〜大在駅前〜豊饒〜畑中, 向之原駅〜大学病院〜鶴崎支所, すくいき村〜向之原駅〜大学病院〜鶴崎支所"
桑屋,由布市,"シャトルバス：温泉館〜庄内庁舎, スクールバス湯平コース, 奥江コース, 下津々良コース, 水地コース, 湯平コース, 畑倉コース"
桑屋中,由布市,畑倉コース
南生石,大分交通（株）,"大分駅前-虹ケ丘西公園, 高崎4丁目-大分駅前, 大分駅前-生石1丁目, 系統：3080, 青葉/西春日, 青葉/田室, スクール, 青葉/新川"
南由布駅前,由布市,"シャトルバス：温泉館〜庄内庁舎, スクールバス湯平コース, 下津々良コース, 湯平コース"
寺司公民館入口,大分バス（株）,"大分駅前〜三佐〜鶴崎支所, 大分駅前〜三佐〜鶴崎（裏）, 大分駅前〜三佐〜鶴崎, 大分駅前〜萩原堺町〜海原橋東〜鶴崎支所, 大分駅前〜萩原堺町〜海原橋東〜鶴崎"
（裏）鶴崎駅前,大分バス（株）,"大分駅前〜鶴崎（裏）, 大分駅前〜三佐〜鶴崎（裏）, 県庁正門前〜加納〜猪野〜森町〜鶴崎（裏）, 大分駅前〜加納〜猪野〜森町〜鶴崎（裏）, 県庁正門前〜加納〜猪野〜桃園〜鶴崎（裏）, 大分駅〜加納〜猪野〜桃園〜鶴崎（裏）, PP〜中筋〜森町〜別保〜鶴崎支所（裏）, 敷戸北〜県病〜鶴崎（裏）, 畑中〜豊饒〜鶴崎（裏）, 畑中〜県病〜鶴崎（裏）"
中の原（大分）,大分バス（株）,"（急）大分駅前〜鶴崎〜幸崎駅〜佐賀関, （各停）佐賀関〜幸崎駅〜鶴崎〜大分駅前, （急）大分駅〜鶴崎〜医療C〜幸崎〜佐賀関"
小切畑,日田バス（株）,杖立線
駄の原豊和銀行前,大分交通（株）,"大分駅前-虹ケ丘西公園, 5号地車庫-柞原, 机張原-5号地車庫, 大分駅前-下坂本, 高崎4丁目-大分駅前, 八幡, 青葉/西春日, 青葉/田室"
大分中央署前,大分交通（株）,"鉄輪温泉-大分駅前, 関の江車庫-大分駅前, 中大山-大分駅前, 5号地車庫-県立図書館前, 大分駅前-虹ケ丘西公園, 国東-大分駅前, 5号地車庫-大分駅前, 高崎4丁目-大分駅前, APU-大分駅前, 杵築＿1, 別大, 八幡, 系統：3080, 青葉/新川, フェリー＿3"
下八幡,大分交通（株）,"中大山-大分駅前, 5号地車庫-柞原, 机張原-5号地車庫, 大分駅前-下坂本, 八幡"
河内入口（大分）,大分バス（株）,"（急）大分駅前〜鶴崎〜幸崎駅〜佐賀関, （各停）佐賀関〜幸崎駅〜鶴崎〜大分駅前, （急）大分駅〜鶴崎〜医療C〜幸崎〜佐賀関"
（裏）西町,大分バス（株）,"大分駅前〜鶴崎（裏）, 大分駅前〜三佐〜鶴崎（裏）, 県庁正門前〜加納〜猪野〜森町〜鶴崎（裏）, 大分駅前〜加納〜猪野〜森町〜鶴崎（裏）, 県庁正門前〜加納〜猪野〜桃園〜鶴崎（裏）, 大分駅〜加納〜猪野〜桃園〜鶴崎（裏）, PP〜中筋〜森町〜別保〜鶴崎支所（裏）, 敷戸北〜県病〜鶴崎（裏）, 畑中〜豊饒〜鶴崎（裏）, 畑中〜県病〜鶴崎（裏）"
仲西橋,大分バス（株）,"大分駅前〜萩原堺町〜花高松〜天然塚東, 城南西町〜萩原堺町〜花高松〜天然塚東, 要町〜高城〜池の平〜PP〜京が丘, 要町〜高城〜池の平〜PP〜浄雲寺, 要町〜高城〜池の平〜PP, 菰田〜PP〜池の平〜高城〜要町, 免許C〜PP〜池の平〜高城〜要町"
王子南町,大分交通（株）,"関の江車庫-大分駅前, 5号地車庫-県立図書館前, 大分駅前-虹ケ丘西公園, 5号地車庫-柞原, 机張原-5号地車庫, 八幡"
乙津港町,大分バス（株）,"鶴崎支所〜城南西町, 鶴崎〜城南西町, 大分駅前〜鶴崎支所, 大分駅前〜鶴崎（裏）, 大分駅前〜鶴崎, 横塚東〜鶴崎〜大分駅前, （急）大分駅前〜鶴崎〜幸崎駅〜佐賀関, （各停）佐賀関〜幸崎駅〜鶴崎〜大分駅前, （急）大分駅〜鶴崎〜医療C〜幸崎〜佐賀関, 大分駅前〜鶴崎〜城原, 大分駅前〜鶴崎〜種具〜宮河内, 大分駅前〜鶴崎〜堂園〜丸亀, 大分駅前〜鶴崎〜堂園〜高田小, 大分駅前〜皆春団地〜森町〜横尾, 菰田〜森町〜皆春団地〜大分駅前, 敷戸北〜元町〜鶴崎支所, 鶴崎〜元町〜敷戸北, 鶴崎支所〜元町〜敷戸北〜大分工業高校, 大分工業高校〜敷戸北〜元町〜鶴崎, 鶴崎支所〜大道〜敷戸北, 鶴崎〜大道〜敷戸北, 敷戸北〜県病〜鶴崎（裏）, 敷戸北〜県病〜鶴崎, 鶴崎支所〜大道〜敷戸北〜大分工業高校, 富士見（GP北）〜木〜鶴崎支所, 鶴崎支所〜木〜富〜すくすくいきいき村, 鶴崎支所〜松が丘〜富士見（GP北）, すくすくいきいき村〜富〜松〜鶴崎支所, 田尻GH北〜ふじが丘〜明磧〜鶴崎支所, 鶴崎支所〜豊饒〜畑中, 畑中〜豊饒〜鶴崎（裏）, 鶴崎〜豊饒〜畑中, 鶴崎支所〜県病〜畑中, 畑中〜県病〜鶴崎（裏）, 鶴崎〜県病〜畑中, 横塚東〜大在駅前〜豊饒〜畑中, 向之原駅〜大学病院〜鶴崎支所, すくいき村〜向之原駅〜大学病院〜鶴崎支所"
舞鶴橋（大洲線）,大分バス（株）,"上野〜大洲運動公園〜上野, 大分駅前〜大洲〜上野, 大分駅前〜大洲〜大分駅前, 大分駅前〜大洲〜岩田〜大分駅前, すくすく〜富士見〜木〜商業高校, すくすく〜富士見〜松が丘〜商業高校"
河野精米所前,由布市,畑倉コース
岡（大分）,大分バス（株）,要町〜牧〜一里塚
横塚中央,大分バス（株）,"横塚東〜鶴崎〜大分駅前, （急）大分駅前〜鶴崎〜幸崎駅〜佐賀関, （各停）佐賀関〜幸崎駅〜鶴崎〜大分駅前, （急）大分駅〜鶴崎〜医療C〜幸崎〜佐賀関, 横塚東〜大在駅前〜豊饒〜畑中"
寺司,大分バス（株）,"鶴崎支所〜城南西町, 鶴崎〜城南西町, 大分駅前〜鶴崎支所, 大分駅前〜鶴崎（裏）, 大分駅前〜鶴崎, 横塚東〜鶴崎〜大分駅前, （急）大分駅前〜鶴崎〜幸崎駅〜佐賀関, （各停）佐賀関〜幸崎駅〜鶴崎〜大分駅前, （急）大分駅〜鶴崎〜医療C〜幸崎〜佐賀関, 大分駅前〜鶴崎〜城原, 大分駅前〜三佐〜鶴崎支所, 大分駅前〜三佐〜鶴崎（裏）, 大分駅前〜三佐〜鶴崎, 大分駅前〜萩原堺町〜海原橋東〜鶴崎支所, 大分駅前〜萩原堺町〜海原橋東〜鶴崎, 大分駅前〜鶴崎〜種具〜宮河内, 大分駅前〜鶴崎〜堂園〜丸亀, 大分駅前〜鶴崎〜堂園〜高田小, 敷戸北〜元町〜鶴崎支所, 鶴崎〜元町〜敷戸北, 鶴崎支所〜元町〜敷戸北〜大分工業高校, 大分工業高校〜敷戸北〜元町〜鶴崎, 鶴崎支所〜大道〜敷戸北, 鶴崎〜大道〜敷戸北, 敷戸北〜県病〜鶴崎（裏）, 敷戸北〜県病〜鶴崎, 鶴崎支所〜大道〜敷戸北〜大分工業高校, 富士見（GP北）〜木〜鶴崎支所, 鶴崎支所〜木〜富〜すくすくいきいき村, 鶴崎支所〜松が丘〜富士見（GP北）, すくすくいきいき村〜富〜松〜鶴崎支所, 田尻GH北〜ふじが丘〜明磧〜鶴崎支所, 鶴崎支所〜豊饒〜畑中, 畑中〜豊饒〜鶴崎（裏）, 鶴崎〜豊饒〜畑中, 鶴崎支所〜県病〜畑中, 畑中〜県病〜鶴崎（裏）, 鶴崎〜県病〜畑中, 横塚東〜大在駅前〜豊饒〜畑中, 向之原駅〜大学病院〜鶴崎支所, すくいき村〜向之原駅〜大学病院〜鶴崎支所"
小ヶ倉トンネル下,由布市,畑倉コース
東津留,大分バス（株）,"大分駅前〜岩田〜大分駅前, 大分駅前〜岩田〜上野, 大分駅前〜大洲〜岩田〜大分駅前"
乙津,大分バス（株）,"鶴崎支所〜城南西町, 鶴崎〜城南西町, 大分駅前〜鶴崎支所, 大分駅前〜鶴崎（裏）, 大分駅前〜鶴崎, 横塚東〜鶴崎〜大分駅前, （急）大分駅前〜鶴崎〜幸崎駅〜佐賀関, （各停）佐賀関〜幸崎駅〜鶴崎〜大分駅前, （急）大分駅〜鶴崎〜医療C〜幸崎〜佐賀関, 大分駅前〜鶴崎〜城原, 大分駅前〜鶴崎〜種具〜宮河内, 大分駅前〜鶴崎〜堂園〜丸亀, 大分駅前〜鶴崎〜堂園〜高田小, 大分駅前〜皆春団地〜森町〜横尾, 菰田〜森町〜皆春団地〜大分駅前, 敷戸北〜元町〜鶴崎支所, 鶴崎〜元町〜敷戸北, 鶴崎支所〜元町〜敷戸北〜大分工業高校, 大分工業高校〜敷戸北〜元町〜鶴崎, 鶴崎支所〜大道〜敷戸北, 鶴崎〜大道〜敷戸北, 敷戸北〜県病〜鶴崎（裏）, 敷戸北〜県病〜鶴崎, 鶴崎支所〜大道〜敷戸北〜大分工業高校, 富士見（GP北）〜木〜鶴崎支所, 鶴崎支所〜木〜富〜すくすくいきいき村, 鶴崎支所〜松が丘〜富士見（GP北）, すくすくいきいき村〜富〜松〜鶴崎支所, 田尻GH北〜ふじが丘〜明磧〜鶴崎支所, 鶴崎支所〜豊饒〜畑中, 畑中〜豊饒〜鶴崎（裏）, 鶴崎〜豊饒〜畑中, 鶴崎支所〜県病〜畑中, 畑中〜県病〜鶴崎（裏）, 鶴崎〜県病〜畑中, 横塚東〜大在駅前〜豊饒〜畑中, 向之原駅〜大学病院〜鶴崎支所, すくいき村〜向之原駅〜大学病院〜鶴崎支所"
大分放送前,大分バス（株）,"上野〜大洲運動公園〜上野, 大分駅前〜大洲〜上野, 大分駅前〜大洲〜大分駅前, 大分駅前〜岩田〜大分駅前, 大分駅前〜岩田〜上野, 花高松〜萩原堺町〜裏川・東浜〜城南西町, 花高松〜萩原堺町〜城南西町, 鶴崎支所〜城南西町, 鶴崎〜城南西町, 大分駅前〜萩原堺町〜花高松, 大分駅前〜萩原堺町〜花高松〜天然塚東, 城南西町〜萩原堺町〜花高松〜天然塚東, 花高松〜三ツ川〜萩原堺町〜城南西町, 城南西町〜裏川・東浜〜大分駅前, 高城駅前〜大分駅前, 大分駅前〜鶴崎支所, 大分駅前〜鶴崎（裏）, 大分駅前〜鶴崎, 横塚東〜鶴崎〜大分駅前, （急）大分駅前〜鶴崎〜幸崎駅〜佐賀関, （各停）佐賀関〜幸崎駅〜鶴崎〜大分駅前, （急）大分駅〜鶴崎〜医療C〜幸崎〜佐賀関, 大分駅前〜鶴崎〜城原, 大分駅前〜三佐〜鶴崎支所, 大分駅前〜三佐〜鶴崎（裏）, 大分駅前〜三佐〜鶴崎, 大分駅前〜萩原堺町〜海原橋東〜鶴崎支所, 大分駅前〜萩原堺町〜海原橋東〜鶴崎, 要町〜牧〜一里塚, 要町〜萩原〜明野東口〜大分高, 大分高校〜明野東口〜萩原〜要町（考査）, 情報科学高〜明野東口〜萩原〜要町, 要町〜萩原〜明野西町〜大分高, 大分駅前〜萩原〜公商〜米良BP〜大分駅前, 県庁正門〜米良BP〜情商公〜萩原〜大分駅, 大分駅前〜萩原〜公園通り東, 公園通り中央〜萩原〜大分駅前, 要町〜高城〜池の平〜PP〜京が丘, 要町〜高城〜池の平〜PP〜浄雲寺, 要町〜高城〜池の平〜PP, 菰田〜PP〜池の平〜高城〜要町, 免許C〜PP〜池の平〜高城〜要町, 大分駅前〜鶴崎〜種具〜宮河内, 大分駅前〜鶴崎〜堂園〜丸亀, 大分駅前〜鶴崎〜堂園〜高田小, 大分駅前〜皆春団地〜森町〜横尾, 菰田〜森町〜皆春団地〜大分駅前, 敷戸北〜元町〜鶴崎支所, 鶴崎〜元町〜敷戸北, 鶴崎支所〜元町〜敷戸北〜大分工業高校, 大分工業高校〜敷戸北〜元町〜鶴崎, 鶴崎支所〜大道〜敷戸北, 鶴崎〜大道〜敷戸北, 敷戸北〜県病〜鶴崎（裏）, 敷戸北〜県病〜鶴崎, 鶴崎支所〜大道〜敷戸北〜大分工業高校, 富士見（GP北）〜木〜鶴崎支所, 鶴崎支所〜木〜富〜すくすくいきいき村, 鶴崎支所〜松が丘〜富士見（GP北）, すくすくいきいき村〜富〜松〜鶴崎支所, 田尻GH北〜ふじが丘〜明磧〜鶴崎支所, 鶴崎支所〜豊饒〜畑中, 畑中〜豊饒〜鶴崎（裏）, 鶴崎〜豊饒〜畑中, 鶴崎支所〜県病〜畑中, 畑中〜県病〜鶴崎（裏）, 鶴崎〜県病〜畑中, 横塚東〜大在駅前〜豊饒〜畑中, 向之原駅〜大学病院〜鶴崎支所, すくいき村〜向之原駅〜大学病院〜鶴崎支所"
大分放送前,大分交通（株）,大洲循環
西春日町,大分交通（株）,"大分駅前-虹ケ丘西公園, 5号地車庫-柞原, 机張原-5号地車庫, 大分駅前-下坂本, 高崎4丁目-大分駅前, 八幡, 青葉/西春日, 青葉/田室"
前徳野,由布市,"シャトルバス：温泉館〜庄内庁舎, スクールバス湯平コース, 下津々良コース, 湯平コース"
鶴崎駅前,大分バス（株）,"鶴崎支所〜城南西町, 鶴崎〜城南西町, 大分駅前〜鶴崎支所, 大分駅前〜鶴崎, 横塚東〜鶴崎〜大分駅前, （急）大分駅前〜鶴崎〜幸崎駅〜佐賀関, （各停）佐賀関〜幸崎駅〜鶴崎〜大分駅前, （急）大分駅〜鶴崎〜医療C〜幸崎〜佐賀関, 大分駅前〜鶴崎〜城原, 大分駅前〜三佐〜鶴崎支所, 大分駅前〜三佐〜鶴崎, 大分駅前〜萩原堺町〜海原橋東〜鶴崎支所, 大分駅前〜萩原堺町〜海原橋東〜鶴崎, 県庁正門前〜加納〜猪野〜森町〜鶴崎支所, 鶴崎支所〜森町〜猪野〜加納〜大分駅前, 県庁正門前〜加納〜猪野〜森町〜鶴崎, 鶴崎〜森町〜猪野〜加納〜大分駅前, 県庁正門前〜加納〜猪野〜桃園〜鶴崎支所, 鶴崎支所〜桃園〜猪野〜加納〜大分駅前, 県庁正門前〜加納〜猪野〜桃園〜鶴崎, 鶴崎〜桃園〜猪野〜加納〜大分駅前, ホルト〜県庁〜加納〜猪野〜桃園〜鶴崎, 鶴崎〜桃園〜加納〜駅〜駅南（金池南）, 大分駅前〜鶴崎〜種具〜宮河内, 大分駅前〜鶴崎〜堂園〜丸亀, 丸亀〜堂園〜鶴崎駅前, 大分駅前〜鶴崎〜堂園〜高田小, 鶴崎支所〜別保橋〜森町〜中筋〜PP, 鶴崎〜別保橋〜森町〜中筋〜PP, 敷戸北〜元町〜鶴崎支所, 鶴崎〜元町〜敷戸北, 鶴崎支所〜元町〜敷戸北〜大分工業高校, 大分工業高校〜敷戸北〜元町〜鶴崎, 鶴崎支所〜大道〜敷戸北, 鶴崎〜大道〜敷戸北, 敷戸北〜県病〜鶴崎, 鶴崎支所〜大道〜敷戸北〜大分工業高校, 富士見（GP北）〜木〜鶴崎支所, 鶴崎支所〜木〜富〜すくすくいきいき村, 鶴崎支所〜松が丘〜富士見（GP北）, すくすくいきいき村〜富〜松〜鶴崎支所, 田尻GH北〜ふじが丘〜明磧〜鶴崎支所, 鶴崎支所〜豊饒〜畑中, 鶴崎〜豊饒〜畑中, 鶴崎支所〜県病〜畑中, 鶴崎〜県病〜畑中, 横塚東〜大在駅前〜豊饒〜畑中, 向之原駅〜大学病院〜鶴崎支所, すくいき村〜向之原駅〜大学病院〜鶴崎支所"
横塚東,大分バス（株）,"横塚東〜鶴崎〜大分駅前, （急）大分駅前〜鶴崎〜幸崎駅〜佐賀関, （各停）佐賀関〜幸崎駅〜鶴崎〜大分駅前, （急）大分駅〜鶴崎〜医療C〜幸崎〜佐賀関, 横塚東〜大在駅前〜豊饒〜畑中"
城東中学校前（明野団地線）,大分バス（株）,"要町〜萩原〜明野東口〜大分高, 大分高校〜明野東口〜萩原〜要町（考査）, 情報科学高〜明野東口〜萩原〜要町, 要町〜萩原〜明野西町〜大分高, 大分駅前〜萩原〜公商〜米良BP〜大分駅前, 県庁正門〜米良BP〜情商公〜萩原〜大分駅, 大分駅前〜萩原〜公園通り東, 公園通り中央〜萩原〜大分駅前"
後迫,日田バス（株）,杖立線
鶴崎支所前,大分バス（株）,"鶴崎支所〜城南西町, 大分駅前〜鶴崎支所, 大分駅前〜鶴崎（裏）, 大分駅前〜三佐〜鶴崎支所, 大分駅前〜三佐〜鶴崎（裏）, 大分駅前〜萩原堺町〜海原橋東〜鶴崎支所, 県庁正門前〜加納〜猪野〜森町〜鶴崎支所, 鶴崎支所〜森町〜猪野〜加納〜大分駅前, 県庁正門前〜加納〜猪野〜森町〜鶴崎（裏）, 大分駅前〜加納〜猪野〜森町〜鶴崎（裏）, 県庁正門前〜加納〜猪野〜桃園〜鶴崎支所, 鶴崎支所〜桃園〜猪野〜加納〜大分駅前, 県庁正門前〜加納〜猪野〜桃園〜鶴崎（裏）, 大分駅〜加納〜猪野〜桃園〜鶴崎（裏）, PP〜中筋〜森町〜別保〜鶴崎支所（裏）, 鶴崎支所〜別保橋〜森町〜中筋〜PP, 敷戸北〜元町〜鶴崎支所, 鶴崎支所〜元町〜敷戸北〜大分工業高校, 鶴崎支所〜大道〜敷戸北, 敷戸北〜県病〜鶴崎（裏）, 鶴崎支所〜大道〜敷戸北〜大分工業高校, 富士見（GP北）〜木〜鶴崎支所, 鶴崎支所〜木〜富〜すくすくいきいき村, 鶴崎支所〜松が丘〜富士見（GP北）, すくすくいきいき村〜富〜松〜鶴崎支所, 田尻GH北〜ふじが丘〜明磧〜鶴崎支所, 鶴崎支所〜豊饒〜畑中, 畑中〜豊饒〜鶴崎（裏）, 鶴崎支所〜県病〜畑中, 畑中〜県病〜鶴崎（裏）, 向之原駅〜大学病院〜鶴崎支所, すくいき村〜向之原駅〜大学病院〜鶴崎支所"
古園,玖珠町,山浦線
尾崎,大分バス（株）,大分駅前〜鶴崎〜城原
高城東,大分バス（株）,要町〜牧〜一里塚
一条,大分交通（株）,"5号地車庫-県立図書館前, 5号地車庫-柞原, 5号地車庫-大分駅前, 机張原-5号地車庫, 八幡"
荷揚町,大分交通（株）,"鉄輪温泉-大分駅前, 関の江車庫-大分駅前, 中大山-大分駅前, 大分空港-新川, 5号地車庫-県立図書館前, 大分駅前-虹ケ丘西公園, 国東-大分駅前, 5号地車庫-大分駅前, 高崎4丁目-大分駅前, APU-大分駅前, 杵築＿1, 別大, 八幡, 系統：3080, 青葉/新川, フェリー＿3"
西町,大分バス（株）,"鶴崎支所〜城南西町, 鶴崎〜城南西町, 大分駅前〜鶴崎支所, 大分駅前〜鶴崎, 横塚東〜鶴崎〜大分駅前, （急）大分駅前〜鶴崎〜幸崎駅〜佐賀関, （各停）佐賀関〜幸崎駅〜鶴崎〜大分駅前, （急）大分駅〜鶴崎〜医療C〜幸崎〜佐賀関, 大分駅前〜鶴崎〜城原, 大分駅前〜三佐〜鶴崎支所, 大分駅前〜三佐〜鶴崎, 大分駅前〜萩原堺町〜海原橋東〜鶴崎支所, 大分駅前〜萩原堺町〜海原橋東〜鶴崎, 県庁正門前〜加納〜猪野〜森町〜鶴崎支所, 鶴崎支所〜森町〜猪野〜加納〜大分駅前, 県庁正門前〜加納〜猪野〜森町〜鶴崎, 鶴崎〜森町〜猪野〜加納〜大分駅前, 県庁正門前〜加納〜猪野〜桃園〜鶴崎支所, 鶴崎支所〜桃園〜猪野〜加納〜大分駅前, 県庁正門前〜加納〜猪野〜桃園〜鶴崎, 鶴崎〜桃園〜猪野〜加納〜大分駅前, ホルト〜県庁〜加納〜猪野〜桃園〜鶴崎, 鶴崎〜桃園〜加納〜駅〜駅南（金池南）, 大分駅前〜鶴崎〜種具〜宮河内, 大分駅前〜鶴崎〜堂園〜丸亀, 丸亀〜堂園〜鶴崎駅前, 大分駅前〜鶴崎〜堂園〜高田小, 鶴崎支所〜別保橋〜森町〜中筋〜PP, 鶴崎〜別保橋〜森町〜中筋〜PP, 敷戸北〜元町〜鶴崎支所, 鶴崎〜元町〜敷戸北, 鶴崎支所〜元町〜敷戸北〜大分工業高校, 大分工業高校〜敷戸北〜元町〜鶴崎, 鶴崎支所〜大道〜敷戸北, 鶴崎〜大道〜敷戸北, 敷戸北〜県病〜鶴崎, 鶴崎支所〜大道〜敷戸北〜大分工業高校, 富士見（GP北）〜木〜鶴崎支所, 鶴崎支所〜木〜富〜すくすくいきいき村, 鶴崎支所〜松が丘〜富士見（GP北）, すくすくいきいき村〜富〜松〜鶴崎支所, 田尻GH北〜ふじが丘〜明磧〜鶴崎支所, 鶴崎支所〜豊饒〜畑中, 鶴崎〜豊饒〜畑中, 鶴崎支所〜県病〜畑中, 鶴崎〜県病〜畑中, 横塚東〜大在駅前〜豊饒〜畑中, 向之原駅〜大学病院〜鶴崎支所, すくいき村〜向之原駅〜大学病院〜鶴崎支所"
川西交流センター,由布市,奥江コース
舞鶴橋,大分バス（株）,"上野〜大洲運動公園〜上野, 大分駅前〜大洲〜上野, 大分駅前〜大洲〜大分駅前, 大分駅前〜岩田〜大分駅前, 大分駅前〜岩田〜上野, 大分駅前〜大洲〜岩田〜大分駅前, 花高松〜萩原堺町〜裏川・東浜〜城南西町, 花高松〜萩原堺町〜城南西町, 鶴崎支所〜城南西町, 鶴崎〜城南西町, 大分駅前〜萩原堺町〜花高松, 大分駅前〜萩原堺町〜花高松〜天然塚東, 城南西町〜萩原堺町〜花高松〜天然塚東, 花高松〜三ツ川〜萩原堺町〜城南西町, 城南西町〜裏川・東浜〜大分駅前, 高城駅前〜大分駅前, 大分駅前〜鶴崎支所, 大分駅前〜鶴崎（裏）, 大分駅前〜鶴崎, 横塚東〜鶴崎〜大分駅前, （各停）佐賀関〜幸崎駅〜鶴崎〜大分駅前, 大分駅前〜鶴崎〜城原, 大分駅前〜三佐〜鶴崎支所, 大分駅前〜三佐〜鶴崎（裏）, 大分駅前〜三佐〜鶴崎, 大分駅前〜萩原堺町〜海原橋東〜鶴崎支所, 大分駅前〜萩原堺町〜海原橋東〜鶴崎, 要町〜牧〜一里塚, 要町〜萩原〜明野東口〜大分高, 大分高校〜明野東口〜萩原〜要町（考査）, 情報科学高〜明野東口〜萩原〜要町, 要町〜萩原〜明野西町〜大分高, 大分駅前〜萩原〜公商〜米良BP〜大分駅前, 県庁正門〜米良BP〜情商公〜萩原〜大分駅, 大分駅前〜萩原〜公園通り東, 公園通り中央〜萩原〜大分駅前, 要町〜高城〜池の平〜PP〜京が丘, 要町〜高城〜池の平〜PP〜浄雲寺, 要町〜高城〜池の平〜PP, 菰田〜PP〜池の平〜高城〜要町, 免許C〜PP〜池の平〜高城〜要町, 大分駅前〜鶴崎〜種具〜宮河内, 大分駅前〜鶴崎〜堂園〜丸亀, 大分駅前〜鶴崎〜堂園〜高田小, 大分駅前〜皆春団地〜森町〜横尾, 菰田〜森町〜皆春団地〜大分駅前, 敷戸北〜元町〜鶴崎支所, 鶴崎〜元町〜敷戸北, 鶴崎支所〜元町〜敷戸北〜大分工業高校, 大分工業高校〜敷戸北〜元町〜鶴崎, 鶴崎支所〜大道〜敷戸北, 鶴崎〜大道〜敷戸北, 敷戸北〜県病〜鶴崎（裏）, 敷戸北〜県病〜鶴崎, 鶴崎支所〜大道〜敷戸北〜大分工業高校, 富士見（GP北）〜木〜鶴崎支所, 鶴崎支所〜木〜富〜すくすくいきいき村, 鶴崎支所〜松が丘〜富士見（GP北）, すくすくいきいき村〜富〜松〜鶴崎支所, 田尻GH北〜ふじが丘〜明磧〜鶴崎支所, 鶴崎支所〜豊饒〜畑中, 畑中〜豊饒〜鶴崎（裏）, 鶴崎〜豊饒〜畑中, 鶴崎支所〜県病〜畑中, 畑中〜県病〜鶴崎（裏）, 鶴崎〜県病〜畑中, 横塚東〜大在駅前〜豊饒〜畑中, 向之原駅〜大学病院〜鶴崎支所, すくいき村〜向之原駅〜大学病院〜鶴崎支所"
舞鶴橋,大分交通（株）,大洲循環
井手,大分交通（株）,栃木宮の原
別保橋,大分バス（株）,"県庁正門前〜加納〜猪野〜森町〜鶴崎支所, 鶴崎支所〜森町〜猪野〜加納〜大分駅前, 県庁正門前〜加納〜猪野〜森町〜鶴崎（裏）, 県庁正門前〜加納〜猪野〜森町〜鶴崎, 鶴崎〜森町〜猪野〜加納〜大分駅前, 大分駅前〜加納〜猪野〜森町〜鶴崎（裏）, 県庁正門前〜加納〜猪野〜桃園〜鶴崎支所, 鶴崎支所〜桃園〜猪野〜加納〜大分駅前, 県庁正門前〜加納〜猪野〜桃園〜鶴崎（裏）, 県庁正門前〜加納〜猪野〜桃園〜鶴崎, 鶴崎〜桃園〜猪野〜加納〜大分駅前, ホルト〜県庁〜加納〜猪野〜桃園〜鶴崎, 鶴崎〜桃園〜加納〜駅〜駅南（金池南）, 大分駅〜加納〜猪野〜桃園〜鶴崎（裏）, PP〜中筋〜森町〜別保〜鶴崎支所（裏）, 鶴崎支所〜別保橋〜森町〜中筋〜PP, 鶴崎〜別保橋〜森町〜中筋〜PP"
春日町小学校前,大分交通（株）,"大分駅前-虹ケ丘西公園, 5号地車庫-柞原, 机張原-5号地車庫, 大分駅前-下坂本, 高崎4丁目-大分駅前, 八幡, 青葉/西春日, 青葉/田室"
鶴崎,大分バス（株）,"鶴崎支所〜城南西町, 鶴崎〜城南西町, 大分駅前〜鶴崎支所, 大分駅前〜鶴崎, 横塚東〜鶴崎〜大分駅前, （急）大分駅前〜鶴崎〜幸崎駅〜佐賀関, （各停）佐賀関〜幸崎駅〜鶴崎〜大分駅前, （急）大分駅〜鶴崎〜医療C〜幸崎〜佐賀関, 大分駅前〜鶴崎〜城原, 大分駅前〜三佐〜鶴崎支所, 大分駅前〜三佐〜鶴崎, 大分駅前〜萩原堺町〜海原橋東〜鶴崎支所, 大分駅前〜萩原堺町〜海原橋東〜鶴崎, 県庁正門前〜加納〜猪野〜森町〜鶴崎支所, 鶴崎支所〜森町〜猪野〜加納〜大分駅前, 県庁正門前〜加納〜猪野〜森町〜鶴崎, 鶴崎〜森町〜猪野〜加納〜大分駅前, 県庁正門前〜加納〜猪野〜桃園〜鶴崎支所, 鶴崎支所〜桃園〜猪野〜加納〜大分駅前, 県庁正門前〜加納〜猪野〜桃園〜鶴崎, 鶴崎〜桃園〜猪野〜加納〜大分駅前, ホルト〜県庁〜加納〜猪野〜桃園〜鶴崎, 鶴崎〜桃園〜加納〜駅〜駅南（金池南）, 大分駅前〜鶴崎〜種具〜宮河内, 大分駅前〜鶴崎〜堂園〜丸亀, 丸亀〜堂園〜鶴崎駅前, 大分駅前〜鶴崎〜堂園〜高田小, 鶴崎支所〜別保橋〜森町〜中筋〜PP, 鶴崎〜別保橋〜森町〜中筋〜PP, 敷戸北〜元町〜鶴崎支所, 鶴崎〜元町〜敷戸北, 鶴崎支所〜元町〜敷戸北〜大分工業高校, 大分工業高校〜敷戸北〜元町〜鶴崎, 鶴崎支所〜大道〜敷戸北, 鶴崎〜大道〜敷戸北, 敷戸北〜県病〜鶴崎, 鶴崎支所〜大道〜敷戸北〜大分工業高校, 富士見（GP北）〜木〜鶴崎支所, 鶴崎支所〜木〜富〜すくすくいきいき村, 鶴崎支所〜松が丘〜富士見（GP北）, すくすくいきいき村〜富〜松〜鶴崎支所, 田尻GH北〜ふじが丘〜明磧〜鶴崎支所, 鶴崎支所〜豊饒〜畑中, 鶴崎〜豊饒〜畑中, 鶴崎支所〜県病〜畑中, 鶴崎〜県病〜畑中, 横塚東〜大在駅前〜豊饒〜畑中, 向之原駅〜大学病院〜鶴崎支所, すくいき村〜向之原駅〜大学病院〜鶴崎支所"
古ヶ鶴一丁目,大分バス（株）,"大分駅前〜岩田〜大分駅前, 大分駅前〜岩田〜上野, 大分駅前〜大洲〜岩田〜大分駅前"
畑倉,由布市,畑倉コース
馬場（大分）,大分バス（株）,"（急）大分駅前〜鶴崎〜幸崎駅〜佐賀関, （各停）佐賀関〜幸崎駅〜鶴崎〜大分駅前, （急）大分駅〜鶴崎〜医療C〜幸崎〜佐賀関"
高城西,大分バス（株）,要町〜牧〜一里塚
築山古墳入口,大分バス（株）,"（急）大分駅前〜鶴崎〜幸崎駅〜佐賀関, （各停）佐賀関〜幸崎駅〜鶴崎〜大分駅前, （急）大分駅〜鶴崎〜医療C〜幸崎〜佐賀関"
志村,大分バス（株）,"横塚東〜鶴崎〜大分駅前, （急）大分駅前〜鶴崎〜幸崎駅〜佐賀関, （各停）佐賀関〜幸崎駅〜鶴崎〜大分駅前, （急）大分駅〜鶴崎〜医療C〜幸崎〜佐賀関, 大分駅前〜鶴崎〜城原, 横塚東〜大在駅前〜豊饒〜畑中"
津留小学校前,大分バス（株）,"大分駅前〜岩田〜大分駅前, 大分駅前〜岩田〜上野, 大分駅前〜大洲〜岩田〜大分駅前"
城崎,大分バス（株）,"上野〜大洲運動公園〜上野, 大分駅前〜大洲〜上野, 大分駅前〜大洲〜大分駅前, 大分駅前〜岩田〜大分駅前, 大分駅前〜岩田〜上野, 大分駅前〜大洲〜岩田〜大分駅前, 花高松〜萩原堺町〜裏川・東浜〜城南西町, 花高松〜萩原堺町〜城南西町, 鶴崎支所〜城南西町, 鶴崎〜城南西町, 大分駅前〜萩原堺町〜花高松, 大分駅前〜萩原堺町〜花高松〜天然塚東, 城南西町〜萩原堺町〜花高松〜天然塚東, 花高松〜三ツ川〜萩原堺町〜城南西町, 城南西町〜裏川・東浜〜大分駅前, 高城駅前〜大分駅前, 大分駅前〜鶴崎支所, 大分駅前〜鶴崎（裏）, 大分駅前〜鶴崎, 横塚東〜鶴崎〜大分駅前, （各停）佐賀関〜幸崎駅〜鶴崎〜大分駅前, 大分駅前〜鶴崎〜城原, 大分駅前〜三佐〜鶴崎支所, 大分駅前〜三佐〜鶴崎（裏）, 大分駅前〜三佐〜鶴崎, 大分駅前〜萩原堺町〜海原橋東〜鶴崎支所, 大分駅前〜萩原堺町〜海原橋東〜鶴崎, 要町〜牧〜一里塚, 要町〜萩原〜明野東口〜大分高, 大分高校〜明野東口〜萩原〜要町（考査）, 情報科学高〜明野東口〜萩原〜要町, 要町〜萩原〜明野西町〜大分高, 大分駅前〜萩原〜公商〜米良BP〜大分駅前, 県庁正門〜米良BP〜情商公〜萩原〜大分駅, 大分駅前〜萩原〜公園通り東, 公園通り中央〜萩原〜大分駅前, 要町〜高城〜池の平〜PP〜京が丘, 要町〜高城〜池の平〜PP〜浄雲寺, 要町〜高城〜池の平〜PP, 菰田〜PP〜池の平〜高城〜要町, 免許C〜PP〜池の平〜高城〜要町, 大分駅前〜鶴崎〜種具〜宮河内, 大分駅前〜鶴崎〜堂園〜丸亀, 大分駅前〜鶴崎〜堂園〜高田小, 大分駅前〜皆春団地〜森町〜横尾, 菰田〜森町〜皆春団地〜大分駅前, 敷戸北〜元町〜鶴崎支所, 鶴崎〜元町〜敷戸北, 鶴崎支所〜元町〜敷戸北〜大分工業高校, 大分工業高校〜敷戸北〜元町〜鶴崎, 鶴崎支所〜大道〜敷戸北, 鶴崎〜大道〜敷戸北, 敷戸北〜県病〜鶴崎（裏）, 敷戸北〜県病〜鶴崎, 鶴崎支所〜大道〜敷戸北〜大分工業高校, 富士見（GP北）〜木〜鶴崎支所, 鶴崎支所〜木〜富〜すくすくいきいき村, すくすく〜富士見〜木〜商業高校, 鶴崎支所〜松が丘〜富士見（GP北）, すくすくいきいき村〜富〜松〜鶴崎支所, すくすく〜富士見〜松が丘〜商業高校, 田尻GH北〜ふじが丘〜明磧〜鶴崎支所, 鶴崎支所〜豊饒〜畑中, 畑中〜豊饒〜鶴崎（裏）, 鶴崎〜豊饒〜畑中, 鶴崎支所〜県病〜畑中, 畑中〜県病〜鶴崎（裏）, 鶴崎〜県病〜畑中, 横塚東〜大在駅前〜豊饒〜畑中, 向之原駅〜大学病院〜鶴崎支所, すくいき村〜向之原駅〜大学病院〜鶴崎支所"
城崎,大分交通（株）,大洲循環
中細,大分バス（株）,"（急）大分駅前〜鶴崎〜幸崎駅〜佐賀関, （各停）佐賀関〜幸崎駅〜鶴崎〜大分駅前, （急）大分駅〜鶴崎〜医療C〜幸崎〜佐賀関"
県庁前,大分バス（株）,"上野〜大洲運動公園〜上野, 大分駅前〜大洲〜上野, 大分駅前〜大洲〜大分駅前, 大分駅前〜岩田〜大分駅前, 大分駅前〜岩田〜上野, 大分駅前〜大洲〜岩田〜大分駅前, 花高松〜萩原堺町〜裏川・東浜〜城南西町, 花高松〜萩原堺町〜城南西町, 鶴崎支所〜城南西町, 鶴崎〜城南西町, 大分駅前〜萩原堺町〜花高松, 大分駅前〜萩原堺町〜花高松〜天然塚東, 城南西町〜萩原堺町〜花高松〜天然塚東, 花高松〜三ツ川〜萩原堺町〜城南西町, 城南西町〜裏川・東浜〜大分駅前, 高城駅前〜大分駅前, 大分駅前〜鶴崎支所, 大分駅前〜鶴崎（裏）, 大分駅前〜鶴崎, 横塚東〜鶴崎〜大分駅前, （急）大分駅前〜鶴崎〜幸崎駅〜佐賀関, （各停）佐賀関〜幸崎駅〜鶴崎〜大分駅前, （急）大分駅〜鶴崎〜医療C〜幸崎〜佐賀関, 大分駅前〜鶴崎〜城原, 大分駅前〜三佐〜鶴崎支所, 大分駅前〜三佐〜鶴崎（裏）, 大分駅前〜三佐〜鶴崎, 大分駅前〜萩原堺町〜海原橋東〜鶴崎支所, 大分駅前〜萩原堺町〜海原橋東〜鶴崎, 要町〜牧〜一里塚, 要町〜萩原〜明野東口〜大分高, 大分高校〜明野東口〜萩原〜要町（考査）, 情報科学高〜明野東口〜萩原〜要町, 要町〜萩原〜明野西町〜大分高, 大分駅前〜萩原〜公商〜米良BP〜大分駅前, 県庁正門〜米良BP〜情商公〜萩原〜大分駅, 大分駅前〜萩原〜公園通り東, 公園通り中央〜萩原〜大分駅前, 要町〜高城〜池の平〜PP〜京が丘, 要町〜高城〜池の平〜PP〜浄雲寺, 要町〜高城〜池の平〜PP, 菰田〜PP〜池の平〜高城〜要町, 免許C〜PP〜池の平〜高城〜要町, 大分駅前〜鶴崎〜種具〜宮河内, 大分駅前〜鶴崎〜堂園〜丸亀, 大分駅前〜鶴崎〜堂園〜高田小, 大分駅前〜皆春団地〜森町〜横尾, 菰田〜森町〜皆春団地〜大分駅前, 敷戸北〜元町〜鶴崎支所, 鶴崎〜元町〜敷戸北, 鶴崎支所〜元町〜敷戸北〜大分工業高校, 大分工業高校〜敷戸北〜元町〜鶴崎, 鶴崎支所〜大道〜敷戸北, 鶴崎〜大道〜敷戸北, 敷戸北〜県病〜鶴崎（裏）, 敷戸北〜県病〜鶴崎, 鶴崎支所〜大道〜敷戸北〜大分工業高校, 富士見（GP北）〜木〜鶴崎支所, 鶴崎支所〜木〜富〜すくすくいきいき村, すくすく〜富士見〜木〜商業高校, 鶴崎支所〜松が丘〜富士見（GP北）, すくすくいきいき村〜富〜松〜鶴崎支所, すくすく〜富士見〜松が丘〜商業高校, 田尻GH北〜ふじが丘〜明磧〜鶴崎支所, 鶴崎支所〜豊饒〜畑中, 畑中〜豊饒〜鶴崎（裏）, 鶴崎〜豊饒〜畑中, 鶴崎支所〜県病〜畑中, 畑中〜県病〜鶴崎（裏）, 鶴崎〜県病〜畑中, 横塚東〜大在駅前〜豊饒〜畑中, 向之原駅〜大学病院〜鶴崎支所, すくいき村〜向之原駅〜大学病院〜鶴崎支所"
県庁前,大分交通（株）,"5号地車庫-県立図書館前, 5号地車庫-柞原, 5号地車庫-大分駅前, 机張原-5号地車庫, 八幡, 大洲循環, 二豊"
鶴崎橋,大分バス（株）,"横塚東〜鶴崎〜大分駅前, （急）大分駅前〜鶴崎〜幸崎駅〜佐賀関, （各停）佐賀関〜幸崎駅〜鶴崎〜大分駅前, （急）大分駅〜鶴崎〜医療C〜幸崎〜佐賀関, 大分駅前〜鶴崎〜城原, 大分駅前〜鶴崎〜種具〜宮河内, 横塚東〜大在駅前〜豊饒〜畑中"
合同新聞社前,大分交通（株）,"八幡, 大洲循環"
大分市役所合同新聞社,大分バス（株）,"県庁正門〜上野, 上野〜大洲運動公園〜上野, 大分駅前〜大洲〜上野, 大分駅前〜大洲〜大分駅前, 大分駅前〜岩田〜大分駅前, 大分駅前〜岩田〜上野, 大分駅前〜大洲〜岩田〜大分駅前, 要町〜竹町〜市美術館〜オアシス〜要町, 要町〜竹町〜市美術館〜大友氏館跡〜要町, 県庁正門〜六坊〜元町〜古国府〜コンパル, 県庁正門〜大道〜古国府〜六坊〜大分駅前, 大分駅〜大道〜古国府〜六坊〜大分駅前, 県庁正門前〜元町〜羽田〜下郡〜大分駅前, 県庁正門〜下郡BP〜羽田〜下郡〜大分駅前, 大分駅前〜下郡BP〜羽田〜下郡〜大分駅前, 米良〜大分駅前, 県庁正門〜米良, 県庁正門〜城南西町, ホルト〜県庁正門〜城南西町, 花高松〜萩原堺町〜裏川・東浜〜城南西町, 花高松〜萩原堺町〜城南西町, 鶴崎支所〜城南西町, 鶴崎〜城南西町, 大分駅前〜萩原堺町〜花高松, 大分駅前〜萩原堺町〜花高松〜天然塚東, 城南西町〜萩原堺町〜花高松〜天然塚東, 花高松〜三ツ川〜萩原堺町〜城南西町, 城南西町〜裏川・東浜〜大分駅前, 高城駅前〜大分駅前, 大分駅前〜鶴崎支所, 大分駅前〜鶴崎（裏）, 大分駅前〜鶴崎, 横塚東〜鶴崎〜大分駅前, （急）大分駅前〜鶴崎〜幸崎駅〜佐賀関, （各停）佐賀関〜幸崎駅〜鶴崎〜大分駅前, （急）大分駅〜鶴崎〜医療C〜幸崎〜佐賀関, 大分駅前〜鶴崎〜城原, 大分駅前〜三佐〜鶴崎支所, 大分駅前〜三佐〜鶴崎（裏）, 大分駅前〜三佐〜鶴崎, 大分駅前〜萩原堺町〜海原橋東〜鶴崎支所, 大分駅前〜萩原堺町〜海原橋東〜鶴崎, 要町〜牧〜一里塚, 免許C〜西小前〜加納〜大分駅前, 要町〜萩原〜明野東口〜大分高, 大分高校〜明野東口〜萩原〜要町（考査）, 情報科学高〜明野東口〜萩原〜要町, 要町〜萩原〜明野西町〜大分高, 大分駅前〜萩原〜公商〜米良BP〜大分駅前, 県庁正門〜米良BP〜情商公〜萩原〜大分駅, 県庁正門〜米良BP〜商〜公園通り東, 公園通り中央〜商〜米良BP〜大分駅前, パークプレイス〜米良BP〜大分駅前, 大分駅前〜萩原〜公園通り東, 公園通り中央〜萩原〜大分駅前, 県庁正門〜加納〜大分高〜旭町〜大分駅前, 大分駅〜加納〜大分高〜旭町〜大分駅前, 県庁正門〜加納〜大分高〜旭町, 明野中学校〜大分高〜旭町〜大分駅前, 大分高〜旭町〜大分駅前, 県庁正門〜明野西町〜法勝台〜大分駅前, 県庁正門〜明野西町〜法勝台一, 法勝台三〜明野西町〜大分駅前, 要町〜高城〜池の平〜PP〜京が丘, 要町〜高城〜池の平〜PP〜浄雲寺, 要町〜高城〜池の平〜PP, 菰田〜PP〜池の平〜高城〜要町, 免許C〜PP〜池の平〜高城〜要町, 県庁正門〜加納〜猪野〜けやき台四, けやき台四〜猪野〜加納〜大分駅前, けやき台〜猪野〜加納〜駅〜駅南（金池南）, JSC前（東芝）〜猪野〜加納〜大分駅前, 県庁正門前〜猪野〜丸亀, 県庁正門前〜加納〜猪野〜森町〜鶴崎支所, 鶴崎支所〜森町〜猪野〜加納〜大分駅前, 県庁正門前〜加納〜猪野〜森町〜鶴崎（裏）, 県庁正門前〜加納〜猪野〜森町〜鶴崎, 鶴崎〜森町〜猪野〜加納〜大分駅前, 県庁正門前〜加納〜猪野〜桃園〜鶴崎支所, 鶴崎支所〜桃園〜猪野〜加納〜大分駅前, 県庁正門前〜加納〜猪野〜桃園〜鶴崎（裏）, 県庁正門前〜加納〜猪野〜桃園〜鶴崎, 鶴崎〜桃園〜猪野〜加納〜大分駅前, ホルト〜県庁〜加納〜猪野〜桃園〜鶴崎, 鶴崎〜桃園〜加納〜駅〜駅南（金池南）, 県庁正門前〜加納〜猪野〜宮河内ハイランド, 宮河内一〜猪野〜加納〜大分駅前, 大分駅前〜鶴崎〜種具〜宮河内, 大分駅前〜鶴崎〜堂園〜丸亀, 大分駅前〜鶴崎〜堂園〜高田小, 大分駅前〜皆春団地〜森町〜横尾, 菰田〜森町〜皆春団地〜大分駅前, 県庁正門前〜元町〜戸次, 戸次〜元町〜大分駅前, 梅が丘〜元町〜大分駅前, 金池ターミナル〜大道〜榎峠〜臼杵駅, 県庁正門〜県病〜戸次, 金池ターミナル〜県病〜榎峠〜臼杵駅, 金池タ〜県病〜榎峠〜臼杵駅〜臼杵港, 金池タ〜大道〜榎峠〜臼杵駅〜臼杵港, 南高校〜猪野〜加納〜大分駅前, 県庁正門〜元町〜分大〜高江〜大南団地北, 大南団地北〜高江〜分大〜元町〜大分駅前, ホルト〜県庁〜元町〜分大〜高江〜大南, 県庁正門〜元町〜高江〜大南団地北, 大南団地北〜高江〜元町〜大分駅前, 大南団地北〜高江〜元町〜駅〜駅南（金池南）, 県庁正門〜大道〜分大〜高江〜大南団地北, 県庁正門〜大道〜高江〜大南団地北, 県庁正門〜県病〜分大〜大南団地北, 旦野原〜米良BP〜大分駅（快米良BP停）, 県庁正門〜元町〜敷戸北, 敷戸北〜元町〜大分駅前, 敷戸北〜元町〜大分駅前〜駅南（金池南）, 県庁正門〜元町〜大分工業高校, 県庁正門前〜元町〜敷戸〜大分工業高校, 大分工業高校〜敷戸〜元町〜大分駅前, 敷戸北〜元町〜鶴崎支所, 鶴崎〜元町〜敷戸北, 鶴崎支所〜元町〜敷戸北〜大分工業高校, 大分工業高校〜敷戸北〜元町〜鶴崎, 県庁正門前〜大道〜敷戸北, 県庁正門〜県病〜敷戸北, 県庁正門〜大道〜敷戸〜大分工業高校, 県庁正門〜県病〜敷戸北〜大分工業高校, 鶴崎支所〜大道〜敷戸北, 鶴崎〜大道〜敷戸北, 敷戸北〜県病〜鶴崎（裏）, 敷戸北〜県病〜鶴崎, 鶴崎支所〜大道〜敷戸北〜大分工業高校, 県庁正門前〜木の上〜野津原公民館, 県庁正門前〜わさだタウン〜野津原公民館, 県庁正門〜木〜南営業所, 県庁正門〜木〜富士見（GP北）, ホルト〜県庁正門〜木〜富士見（GP北）, 県庁正門前〜木〜看護大学前, 県庁正門〜木〜富〜すくすくいきいき村, 富士見（GP北）〜木〜鶴崎支所, 鶴崎支所〜木〜富〜すくすくいきいき村, すくすく〜富士見〜木〜商業高校, 県庁正門〜松が丘〜南営業所, 県庁正門〜松が丘〜富士見が丘（GP北）, ホルト〜県庁〜松が丘〜富士見（GP北）, 県庁正門〜松〜看護大学前, 県庁正門〜松〜富〜すくすくいきいき村, 鶴崎支所〜松が丘〜富士見（GP北）, すくすくいきいき村〜富〜松〜鶴崎支所, すくすくいきいき村〜富〜松〜オア〜コン, すくすく〜富士見〜松が丘〜商業高校, 県庁正門〜明磧〜田尻南2丁目, 県庁正門〜下田尻〜わ〜三愛〜田尻南2丁目, 県庁正門〜明磧〜ふじが丘山手, 県庁正門〜明磧〜ふじが丘〜田尻GH北, 県庁正門〜明磧〜ふじが丘〜田尻南2丁目, 田尻GH北〜ふじが丘〜明磧〜鶴崎支所, 県庁〜下田尻〜わ〜三愛〜ふ〜田尻南2丁目, 県庁正門〜元町〜寒田〜ふじが丘山手, ふじが丘山手〜寒田〜元町〜大分駅前, 県庁正門前〜元町〜寒田〜田尻G北, 田尻GH北〜寒田〜元町〜大分駅前, 県庁正門〜大道〜寒田〜ふじが丘山手, 県庁正門〜県病〜寒田〜ふじが丘山手, 県庁正門〜大道〜寒田〜ふじが丘〜田尻G北, 県庁正門〜県病〜寒田〜ふじが丘〜田尻G北, 県庁正門〜二豊団地東〜萌葱台, 県庁正門〜二豊団地東〜萌葱台〜わさだT, 県庁正門〜豊饒〜畑中, 鶴崎支所〜豊饒〜畑中, 畑中〜豊饒〜鶴崎（裏）, 鶴崎〜豊饒〜畑中, 鶴崎支所〜県病〜畑中, 畑中〜県病〜鶴崎（裏）, 鶴崎〜県病〜畑中, 横塚東〜大在駅前〜豊饒〜畑中, 県庁正門前〜木の上〜向之原駅, 県庁正門〜大学病院〜向之原駅, 県庁正門〜大学病院〜向之原駅〜すくいき村, 向之原駅〜大学病院〜鶴崎支所, すくいき村〜向之原駅〜大学病院〜鶴崎支所, 県庁正門〜大学病院, 県庁正門〜大学病院〜野田入口, 県庁正門〜大学病院〜野田入口〜国新〜国団, 県庁〜大学病院〜野田入口〜国新〜富士見, 県庁正門〜大学病院〜赤野, 県庁正門〜大道〜わさだT〜三愛MC, 県庁正門〜明磧〜わさだT〜三愛メディカル, 県庁正門〜わさだ〜三愛M〜富〜すくいき村"
大分市役所合同新聞社前,大分交通（株）,"5号地車庫-県立図書館前, 5号地車庫-柞原, 5号地車庫-大分駅前, 机張原-5号地車庫"
大分市役所合同新聞社前,大分市,大分きゃんバス
大分市役所前,大分交通（株）,"八幡, 大洲循環"
舞鶴町,大分バス（株）,"上野〜大洲運動公園〜上野, 大分駅前〜大洲〜上野, 大分駅前〜大洲〜大分駅前, 大分駅前〜岩田〜大分駅前, 大分駅前〜岩田〜上野, 大分駅前〜大洲〜岩田〜大分駅前, 花高松〜萩原堺町〜裏川・東浜〜城南西町, 花高松〜萩原堺町〜城南西町, 鶴崎支所〜城南西町, 鶴崎〜城南西町, 大分駅前〜萩原堺町〜花高松, 大分駅前〜萩原堺町〜花高松〜天然塚東, 城南西町〜萩原堺町〜花高松〜天然塚東, 花高松〜三ツ川〜萩原堺町〜城南西町, 城南西町〜裏川・東浜〜大分駅前, 高城駅前〜大分駅前, 大分駅前〜鶴崎支所, 大分駅前〜鶴崎（裏）, 大分駅前〜鶴崎, 横塚東〜鶴崎〜大分駅前, （急）大分駅前〜鶴崎〜幸崎駅〜佐賀関, （各停）佐賀関〜幸崎駅〜鶴崎〜大分駅前, （急）大分駅〜鶴崎〜医療C〜幸崎〜佐賀関, 大分駅前〜鶴崎〜城原, 大分駅前〜三佐〜鶴崎支所, 大分駅前〜三佐〜鶴崎（裏）, 大分駅前〜三佐〜鶴崎, 大分駅前〜萩原堺町〜海原橋東〜鶴崎支所, 大分駅前〜萩原堺町〜海原橋東〜鶴崎, 要町〜牧〜一里塚, 要町〜萩原〜明野東口〜大分高, 大分高校〜明野東口〜萩原〜要町（考査）, 情報科学高〜明野東口〜萩原〜要町, 要町〜萩原〜明野西町〜大分高, 大分駅前〜萩原〜公商〜米良BP〜大分駅前, 県庁正門〜米良BP〜情商公〜萩原〜大分駅, 大分駅前〜萩原〜公園通り東, 公園通り中央〜萩原〜大分駅前, 要町〜高城〜池の平〜PP〜京が丘, 要町〜高城〜池の平〜PP〜浄雲寺, 要町〜高城〜池の平〜PP, 菰田〜PP〜池の平〜高城〜要町, 免許C〜PP〜池の平〜高城〜要町, 大分駅前〜鶴崎〜種具〜宮河内, 大分駅前〜鶴崎〜堂園〜丸亀, 大分駅前〜鶴崎〜堂園〜高田小, 大分駅前〜皆春団地〜森町〜横尾, 菰田〜森町〜皆春団地〜大分駅前, 敷戸北〜元町〜鶴崎支所, 鶴崎〜元町〜敷戸北, 鶴崎支所〜元町〜敷戸北〜大分工業高校, 大分工業高校〜敷戸北〜元町〜鶴崎, 鶴崎支所〜大道〜敷戸北, 鶴崎〜大道〜敷戸北, 敷戸北〜県病〜鶴崎（裏）, 敷戸北〜県病〜鶴崎, 鶴崎支所〜大道〜敷戸北〜大分工業高校, 富士見（GP北）〜木〜鶴崎支所, 鶴崎支所〜木〜富〜すくすくいきいき村, すくすく〜富士見〜木〜商業高校, 鶴崎支所〜松が丘〜富士見（GP北）, すくすくいきいき村〜富〜松〜鶴崎支所, すくすく〜富士見〜松が丘〜商業高校, 田尻GH北〜ふじが丘〜明磧〜鶴崎支所, 鶴崎支所〜豊饒〜畑中, 畑中〜豊饒〜鶴崎（裏）, 鶴崎〜豊饒〜畑中, 鶴崎支所〜県病〜畑中, 畑中〜県病〜鶴崎（裏）, 鶴崎〜県病〜畑中, 横塚東〜大在駅前〜豊饒〜畑中, 向之原駅〜大学病院〜鶴崎支所, すくいき村〜向之原駅〜大学病院〜鶴崎支所"
舞鶴町,大分交通（株）,大洲循環
昭和通り,大分バス（株）,"要町〜竹町〜市美術館〜オアシス〜要町, 要町〜竹町〜市美術館〜大友氏館跡〜要町, 城南西町〜オアシス〜コンパル入口, すくすくいきいき村〜富〜松〜オア〜コン"
昭和通り,大分交通（株）,"関の江車庫-大分駅前, 県立図書館前-大分駅前, 5号地車庫-県立図書館前, 大分駅前-虹ケ丘西公園, 5号地車庫-柞原, 机張原-5号地車庫, 大分駅前-下坂本, 高崎4丁目-大分駅前, 大分駅前-生石1丁目, 八幡, 大洲循環, 青葉/西春日, 青葉/田室"
昭和通り,大分市,大分きゃんバス
オアシスひろば前,大分バス（株）,"要町〜竹町〜市美術館〜オアシス〜要町, 要町〜竹町〜市美術館〜大友氏館跡〜要町"
オアシスひろば前,大分交通（株）,"関の江車庫-大分駅前, 県立図書館前-大分駅前, 5号地車庫-県立図書館前, 大分駅前-虹ケ丘西公園, 5号地車庫-柞原, 机張原-5号地車庫, 大分駅前-下坂本, 高崎4丁目-大分駅前, 大分駅前-生石1丁目, 八幡, 大洲循環, 青葉/西春日, 青葉/田室"
細,大分バス（株）,"（急）大分駅前〜鶴崎〜幸崎駅〜佐賀関, （各停）佐賀関〜幸崎駅〜鶴崎〜大分駅前, （急）大分駅〜鶴崎〜医療C〜幸崎〜佐賀関"
オアシスひろば前（県立美術館南）,大分市,大分きゃんバス
高砂町,大分交通（株）,"関の江車庫-大分駅前, 県立図書館前-大分駅前, 5号地車庫-県立図書館前, 大分駅前-虹ケ丘西公園, 5号地車庫-柞原, 机張原-5号地車庫, 大分駅前-下坂本, 高崎4丁目-大分駅前, 大分駅前-生石1丁目, 八幡, 大洲循環, 青葉/西春日, 青葉/田室"
中大山,大分交通（株）,"中大山-大分駅前, 5号地車庫-柞原, 八幡"
県立図書館前,大分交通（株）,"県立図書館前-大分駅前, 5号地車庫-県立図書館前, 大分駅前-虹ケ丘西公園, 大洲循環"
牧（大分）,大分バス（株）,要町〜牧〜一里塚
附属特別支援学校前,大分交通（株）,"関の江車庫-大分駅前, 県立図書館前-大分駅前, 5号地車庫-県立図書館前, 大分駅前-虹ケ丘西公園, 5号地車庫-柞原, 机張原-5号地車庫, 八幡, 大洲循環"
城東中学校前（牧一里塚線）,大分バス（株）,要町〜牧〜一里塚
川上豆腐店前,由布市,"奥江コース, 畑倉コース"
ガレリア竹町西,大分バス（株）,要町〜竹町〜市美術館〜オアシス〜要町
東八幡,大分交通（株）,"机張原-5号地車庫, 大分駅前-下坂本, 八幡"
本神崎,大分バス（株）,"（急）大分駅前〜鶴崎〜幸崎駅〜佐賀関, （各停）佐賀関〜幸崎駅〜鶴崎〜大分駅前, （急）大分駅〜鶴崎〜医療C〜幸崎〜佐賀関"
東久原,大分バス（株）,"（急）大分駅前〜鶴崎〜幸崎駅〜佐賀関, （各停）佐賀関〜幸崎駅〜鶴崎〜大分駅前, （急）大分駅〜鶴崎〜医療C〜幸崎〜佐賀関"
岩田学園,大分バス（株）,"大分駅前〜岩田〜大分駅前, 大分駅前〜岩田〜上野, 大分駅前〜大洲〜岩田〜大分駅前"
竹町大分銀行前,大分交通（株）,"鉄輪温泉-大分駅前, 関の江車庫-大分駅前, 中大山-大分駅前, 県立図書館前-大分駅前, 5号地車庫-県立図書館前, 大分駅前-虹ケ丘西公園, 5号地車庫-柞原, 国東-大分駅前, 5号地車庫-大分駅前, 机張原-5号地車庫, 大分駅前-下坂本, 高崎4丁目-大分駅前, APU-大分駅前, 大分駅前-生石1丁目, 杵築＿1, 別大, 八幡, 大洲循環, 系統：3080, 青葉/西春日, 青葉/田室, 青葉/新川, フェリー＿3, 二豊"
小池原,大分バス（株）,要町〜牧〜一里塚
国宗,大分バス（株）,"大分駅前〜鶴崎〜堂園〜丸亀, 丸亀〜堂園〜鶴崎駅前, 大分駅前〜鶴崎〜堂園〜高田小"
日吉原レジャープール,大分バス（株）,"（急）大分駅前〜鶴崎〜幸崎駅〜佐賀関, （各停）佐賀関〜幸崎駅〜鶴崎〜大分駅前, （急）大分駅〜鶴崎〜医療C〜幸崎〜佐賀関"
古ヶ鶴公民館入口,大分バス（株）,"大分駅前〜岩田〜大分駅前, 大分駅前〜岩田〜上野, 大分駅前〜大洲〜岩田〜大分駅前"
神崎中学校前,大分バス（株）,"（急）大分駅前〜鶴崎〜幸崎駅〜佐賀関, （各停）佐賀関〜幸崎駅〜鶴崎〜大分駅前, （急）大分駅〜鶴崎〜医療C〜幸崎〜佐賀関"
オアシス広場前（東側）,大分バス（株）,"城南西町〜オアシス〜コンパル入口, すくすくいきいき村〜富〜松〜オア〜コン"
ひびきの郷入口,日田バス（株）,杖立線
志村（川添方面）,大分バス（株）,大分駅前〜鶴崎〜種具〜宮河内
大分県庁正門前,佐伯市,伯大線
県庁正門前,大分バス（株）,"県庁正門〜上野, 上野〜コンパル入口, 要町〜竹町〜市美術館〜オアシス〜要町, 要町〜竹町〜市美術館〜大友氏館跡〜要町, 県庁正門〜六坊〜元町〜古国府〜コンパル, 県庁正門〜大道〜古国府〜六坊〜大分駅前, 大分駅〜六坊〜元町〜古国府〜コンパル, 大分駅〜大道〜古国府〜六坊〜大分駅前, 県庁正門前〜元町〜羽田〜下郡〜大分駅前, 県庁正門〜下郡BP〜羽田〜下郡〜大分駅前, 大分駅前〜下郡BP〜羽田〜下郡〜大分駅前, 米良〜大分駅前, 県庁正門〜米良, 県庁正門〜城南西町, 城南西町〜コンパル入口, 城南西町〜オアシス〜コンパル入口, ホルト〜県庁正門〜城南西町, 免許C〜西小前〜加納〜大分駅前, 大分駅前〜萩原〜公商〜米良BP〜大分駅前, 県庁正門〜米良BP〜情商公〜萩原〜大分駅, 県庁正門〜米良BP〜商〜公園通り東, 公園通り中央〜商〜米良BP〜大分駅前, パークプレイス〜米良BP〜大分駅前, 県庁正門〜加納〜大分高〜旭町〜大分駅前, 大分駅〜加納〜大分高〜旭町〜大分駅前, 県庁正門〜加納〜大分高〜旭町, 明野中学校〜大分高〜旭町〜大分駅前, 大分高〜旭町〜大分駅前, 県庁正門〜明野西町〜法勝台〜大分駅前, 県庁正門〜明野西町〜法勝台一, 法勝台三〜明野西町〜大分駅前, 県庁正門〜加納〜猪野〜けやき台四, けやき台四〜猪野〜加納〜大分駅前, けやき台〜猪野〜加納〜駅〜駅南（金池南）, JSC前（東芝）〜猪野〜加納〜大分駅前, 県庁正門前〜猪野〜丸亀, 県庁正門前〜加納〜猪野〜森町〜鶴崎支所, 鶴崎支所〜森町〜猪野〜加納〜大分駅前, 県庁正門前〜加納〜猪野〜森町〜鶴崎（裏）, 県庁正門前〜加納〜猪野〜森町〜鶴崎, 鶴崎〜森町〜猪野〜加納〜大分駅前, 県庁正門前〜加納〜猪野〜桃園〜鶴崎支所, 鶴崎支所〜桃園〜猪野〜加納〜大分駅前, 県庁正門前〜加納〜猪野〜桃園〜鶴崎（裏）, 県庁正門前〜加納〜猪野〜桃園〜鶴崎, 鶴崎〜桃園〜猪野〜加納〜大分駅前, ホルト〜県庁〜加納〜猪野〜桃園〜鶴崎, 鶴崎〜桃園〜加納〜駅〜駅南（金池南）, 県庁正門前〜加納〜猪野〜宮河内ハイランド, 宮河内一〜猪野〜加納〜大分駅前, 金池タ〜戸次〜各停〜佐伯駅（急行・太停）, 佐伯駅〜各停〜戸次〜コンパル（急・太停）, 金池タ〜県病〜各停〜佐伯駅（急行・太停）, 佐伯駅〜各停〜県病〜コンパル（急・太停）, 金池〜県病〜コスモ〜佐伯駅（急）, 佐伯駅〜コスモ〜県病〜コンパル（急）, 県庁正門前〜元町〜戸次, 戸次〜元町〜大分駅前, 梅が丘〜元町〜大分駅前, 辻〜榎峠〜大道〜コンパル入口, 金池ターミナル〜大道〜榎峠〜臼杵駅, 臼杵駅〜榎峠〜大道〜コンパル入口, 県庁正門〜県病〜戸次, 戸次〜県病〜コンパル, 金池ターミナル〜県病〜榎峠〜臼杵駅, 臼杵駅〜榎峠〜県病〜コンパル入口, 金池タ〜県病〜榎峠〜臼杵駅〜臼杵港, 臼杵港〜臼杵駅〜榎峠〜県病〜コンパル入口, 金池タ〜大道〜榎峠〜臼杵駅〜臼杵港, 臼杵港〜臼杵駅〜榎峠〜大道〜コンパル入口, 平清水〜榎峠〜大道〜コンパル入口（特急）, 南高校〜猪野〜加納〜大分駅前, 県庁正門〜元町〜分大〜高江〜大南団地北, 大南団地北〜高江〜分大〜元町〜大分駅前, ホルト〜県庁〜元町〜分大〜高江〜大南, 県庁正門〜元町〜高江〜大南団地北, 大南団地北〜高江〜元町〜大分駅前, 大南団地北〜高江〜元町〜駅〜駅南（金池南）, 県庁正門〜大道〜分大〜高江〜大南団地北, 大南団地北〜高江〜分大〜大道〜コンパル, 県庁正門〜大道〜高江〜大南団地北, 大南団地北〜高江〜大道〜コンパル, 県庁正門〜県病〜分大〜大南団地北, 大南団地北〜分大〜県病〜コンパル, 旦野原〜米良BP〜大分駅（快米良BP停）, 県庁正門〜元町〜敷戸北, 敷戸北〜元町〜大分駅前, 敷戸北〜元町〜大分駅前〜駅南（金池南）, 県庁正門〜元町〜大分工業高校, 県庁正門前〜元町〜敷戸〜大分工業高校, 大分工業高校〜敷戸〜元町〜大分駅前, 県庁正門前〜大道〜敷戸北, 敷戸北〜大道〜コンパル入口, 県庁正門〜県病〜敷戸北, 敷戸北〜県病〜コンパル入口, 県庁正門〜大道〜敷戸〜大分工業高校, 大分工業高校〜敷戸北〜大道〜コンパル入口, 県庁正門〜県病〜敷戸北〜大分工業高校, 大分工業高校〜敷戸北〜県病〜コンパル入口, 県庁正門前〜木の上〜野津原公民館, 野津原公民館〜木の上〜コンパル入口, 県庁正門前〜わさだタウン〜野津原公民館, 野津原公民館〜わさだタウン〜コンパル, 県庁正門〜木〜南営業所, 南営業所〜木〜コンパル, 県庁正門〜木〜富士見（GP北）, 富士見（GP北）〜木〜コンパル, ホルト〜県庁正門〜木〜富士見（GP北）, 富士見（GP北）〜看〜木〜コンパル, 県庁正門前〜木〜看護大学前, 県庁正門〜木〜富〜すくすくいきいき村, すくすくいきいき村〜富〜木〜コンパル, 県庁正門〜松が丘〜南営業所, 南営業所〜松が丘〜コンパル, 県庁正門〜松が丘〜富士見が丘（GP北）, 富士見（GP北）〜松が丘〜コンパル, ホルト〜県庁〜松が丘〜富士見（GP北）, 県庁正門〜松〜看護大学前, 県庁正門〜松〜富〜すくすくいきいき村, すくすくいきいき村〜富〜松〜コンパル, すくすくいきいき村〜富〜松〜オア〜コン, 田尻GH北〜田尻NT〜明磧〜コンパル, 県庁正門〜明磧〜田尻南2丁目, 田尻南2丁目〜明磧〜コンパル, 県庁正門〜下田尻〜わ〜三愛〜田尻南2丁目, 田尻南2丁目〜わ〜三愛〜下田尻〜コンパル, 県庁正門〜明磧〜ふじが丘山手, ふじが丘山手〜明磧〜コンパル, 県庁正門〜明磧〜ふじが丘〜田尻GH北, 田尻GH北〜ふじが丘〜明磧〜コンパル, 県庁正門〜明磧〜ふじが丘〜田尻南2丁目, 田尻南2丁目〜ふじが丘〜明磧〜コンパル, ふじが丘山手〜わ〜三愛〜下田尻〜コンパル, 田尻G西〜ふ〜わ〜三愛〜下田尻〜コンパル, 県庁〜下田尻〜わ〜三愛〜ふ〜田尻南2丁目, 田尻南2丁目〜ふじが丘〜わさだ〜コンパル, 田尻G北〜ふ〜光吉台中央〜県病〜コンパル, 田尻G西〜ふ〜光吉台中央〜県病〜コンパル, 県庁正門〜元町〜寒田〜ふじが丘山手, ふじが丘山手〜寒田〜元町〜大分駅前, 県庁正門前〜元町〜寒田〜田尻G北, 田尻GH北〜寒田〜元町〜大分駅前, 県庁正門〜大道〜寒田〜ふじが丘山手, ふじが丘山手〜寒田〜大道〜コンパル, 県庁正門〜県病〜寒田〜ふじが丘山手, ふじが丘山手〜寒田〜県病〜コンパル, 県庁正門〜大道〜寒田〜ふじが丘〜田尻G北, 田尻G北〜ふじが丘〜寒田〜大道〜コンパル, 県庁正門〜県病〜寒田〜ふじが丘〜田尻G北, 県庁正門〜二豊団地東〜萌葱台, 萌葱台〜二豊団地東〜コンパル, 県庁正門〜二豊団地東〜萌葱台〜わさだT, わさだT〜萌葱台〜二豊団地東〜コンパル, 向之原駅〜松が丘〜宗方台中央〜コンパル, 県庁正門〜豊饒〜畑中, 畑中〜豊饒〜コンパル入口, 県庁正門前〜木の上〜向之原駅, 向之原駅〜木の上〜コンパルホール入口, 向之原駅〜国分〜賀来新川〜コンパルホール入口, 県庁正門〜大学病院〜向之原駅, 向之原駅〜大学病院〜コンパルホール入口, 県庁正門〜大学病院〜向之原駅〜すくいき村, すくいき村〜向之原駅〜大学病院〜コンパル, 県庁正門〜大学病院, 大学病院〜コンパル, 県庁正門〜大学病院〜野田入口, 野田入口〜大学病院〜コンパル, 県庁正門〜大学病院〜野田入口〜国新〜国団, 県庁〜大学病院〜野田入口〜国新〜富士見, 富士見〜国新〜野田入口〜大学病院〜コン, 県庁正門〜大学病院〜赤野, 赤野〜大学病院〜コンパル, 県庁正門〜大道〜わさだT〜三愛MC, わさだT〜三愛MC〜大道〜コンパル入口, 県庁正門〜明磧〜わさだT〜三愛メディカル, わさだT〜三愛メディカル〜明磧〜コンパル, 県庁正門〜わさだ〜三愛M〜富〜すくいき村, すくいき村〜富〜わさだ〜三愛M〜コンパル"
県庁正門前,大分市,大分きゃんバス
竹町赤レンガ通り,大分市,大分きゃんバス
春日町,大分交通（株）,"関の江車庫-大分駅前, 県立図書館前-大分駅前, 5号地車庫-県立図書館前, 大分駅前-虹ケ丘西公園, 5号地車庫-柞原, 机張原-5号地車庫, 大分駅前-生石1丁目, 八幡, 大洲循環, 青葉/田室"
佐藤商店前,由布市,奥江コース
大山入口,大分交通（株）,"5号地車庫-柞原, 八幡"
西部公民館入口,大分交通（株）,"県立図書館前-大分駅前, 5号地車庫-県立図書館前, 大分駅前-虹ケ丘西公園, 大洲循環"
城原（大分）,大分バス（株）,大分駅前〜鶴崎〜城原
川道団地前,大分交通（株）,栃木宮の原
曙台入口,大分バス（株）,大分駅前〜鶴崎〜城原
奥江入口,由布市,"シャトルバス：温泉館〜庄内庁舎, スクールバス湯平コース, 下津々良コース, 水地コース, 湯平コース"
平（大分）,大分バス（株）,要町〜牧〜一里塚
竹町,大分バス（株）,"県庁正門〜上野, 上野〜コンパル入口, 上野〜大洲運動公園〜上野, 大分駅前〜大洲〜上野, 大分駅前〜大洲〜大分駅前, 大分駅前〜岩田〜大分駅前, 大分駅前〜岩田〜上野, 大分駅前〜大洲〜岩田〜大分駅前, 要町〜竹町〜市美術館〜オアシス〜要町, 要町〜竹町〜市美術館〜大友氏館跡〜要町, 県庁正門〜六坊〜元町〜古国府〜コンパル, 県庁正門〜大道〜古国府〜六坊〜大分駅前, 大分駅〜六坊〜元町〜古国府〜コンパル, 大分駅〜大道〜古国府〜六坊〜大分駅前, 県庁正門前〜元町〜羽田〜下郡〜大分駅前, 県庁正門〜下郡BP〜羽田〜下郡〜大分駅前, 大分駅前〜下郡BP〜羽田〜下郡〜大分駅前, 米良〜大分駅前, 県庁正門〜米良, 県庁正門〜城南西町, 城南西町〜コンパル入口, ホルト〜県庁正門〜城南西町, 花高松〜萩原堺町〜裏川・東浜〜城南西町, 花高松〜萩原堺町〜城南西町, 鶴崎支所〜城南西町, 鶴崎〜城南西町, 大分駅前〜萩原堺町〜花高松, 大分駅前〜萩原堺町〜花高松〜天然塚東, 城南西町〜萩原堺町〜花高松〜天然塚東, 花高松〜三ツ川〜萩原堺町〜城南西町, 城南西町〜裏川・東浜〜大分駅前, 高城駅前〜大分駅前, 大分駅前〜鶴崎支所, 大分駅前〜鶴崎（裏）, 大分駅前〜鶴崎, 横塚東〜鶴崎〜大分駅前, （急）大分駅前〜鶴崎〜幸崎駅〜佐賀関, （各停）佐賀関〜幸崎駅〜鶴崎〜大分駅前, （急）大分駅〜鶴崎〜医療C〜幸崎〜佐賀関, 大分駅前〜鶴崎〜城原, 大分駅前〜三佐〜鶴崎支所, 大分駅前〜三佐〜鶴崎（裏）, 大分駅前〜三佐〜鶴崎, 大分駅前〜萩原堺町〜海原橋東〜鶴崎支所, 大分駅前〜萩原堺町〜海原橋東〜鶴崎, 要町〜牧〜一里塚, 免許C〜西小前〜加納〜大分駅前, 要町〜萩原〜明野東口〜大分高, 大分高校〜明野東口〜萩原〜要町（考査）, 情報科学高〜明野東口〜萩原〜要町, 要町〜萩原〜明野西町〜大分高, 大分駅前〜萩原〜公商〜米良BP〜大分駅前, 県庁正門〜米良BP〜情商公〜萩原〜大分駅, 県庁正門〜米良BP〜商〜公園通り東, 公園通り中央〜商〜米良BP〜大分駅前, パークプレイス〜米良BP〜大分駅前, 大分駅前〜萩原〜公園通り東, 公園通り中央〜萩原〜大分駅前, 県庁正門〜加納〜大分高〜旭町〜大分駅前, 大分駅〜加納〜大分高〜旭町〜大分駅前, 県庁正門〜加納〜大分高〜旭町, 明野中学校〜大分高〜旭町〜大分駅前, 大分高〜旭町〜大分駅前, 県庁正門〜明野西町〜法勝台〜大分駅前, 県庁正門〜明野西町〜法勝台一, 法勝台三〜明野西町〜大分駅前, 要町〜高城〜池の平〜PP〜京が丘, 要町〜高城〜池の平〜PP〜浄雲寺, 要町〜高城〜池の平〜PP, 菰田〜PP〜池の平〜高城〜要町, 免許C〜PP〜池の平〜高城〜要町, 県庁正門〜加納〜猪野〜けやき台四, けやき台四〜猪野〜加納〜大分駅前, けやき台〜猪野〜加納〜駅〜駅南（金池南）, JSC前（東芝）〜猪野〜加納〜大分駅前, 県庁正門前〜猪野〜丸亀, 県庁正門前〜加納〜猪野〜森町〜鶴崎支所, 鶴崎支所〜森町〜猪野〜加納〜大分駅前, 県庁正門前〜加納〜猪野〜森町〜鶴崎（裏）, 県庁正門前〜加納〜猪野〜森町〜鶴崎, 鶴崎〜森町〜猪野〜加納〜大分駅前, 県庁正門前〜加納〜猪野〜桃園〜鶴崎支所, 鶴崎支所〜桃園〜猪野〜加納〜大分駅前, 県庁正門前〜加納〜猪野〜桃園〜鶴崎（裏）, 県庁正門前〜加納〜猪野〜桃園〜鶴崎, 鶴崎〜桃園〜猪野〜加納〜大分駅前, ホルト〜県庁〜加納〜猪野〜桃園〜鶴崎, 鶴崎〜桃園〜加納〜駅〜駅南（金池南）, 県庁正門前〜加納〜猪野〜宮河内ハイランド, 宮河内一〜猪野〜加納〜大分駅前, 大分駅前〜鶴崎〜種具〜宮河内, 大分駅前〜鶴崎〜堂園〜丸亀, 大分駅前〜鶴崎〜堂園〜高田小, 大分駅前〜皆春団地〜森町〜横尾, 菰田〜森町〜皆春団地〜大分駅前, 佐伯駅〜各停〜戸次〜コンパル（急・太停）, 佐伯駅〜各停〜県病〜コンパル（急・太停）, 佐伯駅〜コスモ〜県病〜コンパル（急）, 県庁正門前〜元町〜戸次, 戸次〜元町〜大分駅前, 梅が丘〜元町〜大分駅前, 辻〜榎峠〜大道〜コンパル入口, 金池ターミナル〜大道〜榎峠〜臼杵駅, 臼杵駅〜榎峠〜大道〜コンパル入口, 県庁正門〜県病〜戸次, 戸次〜県病〜コンパル, 金池ターミナル〜県病〜榎峠〜臼杵駅, 臼杵駅〜榎峠〜県病〜コンパル入口, 金池タ〜県病〜榎峠〜臼杵駅〜臼杵港, 臼杵港〜臼杵駅〜榎峠〜県病〜コンパル入口, 金池タ〜大道〜榎峠〜臼杵駅〜臼杵港, 臼杵港〜臼杵駅〜榎峠〜大道〜コンパル入口, 平清水〜榎峠〜大道〜コンパル入口（特急）, 南高校〜猪野〜加納〜大分駅前, 県庁正門〜元町〜分大〜高江〜大南団地北, 大南団地北〜高江〜分大〜元町〜大分駅前, ホルト〜県庁〜元町〜分大〜高江〜大南, 県庁正門〜元町〜高江〜大南団地北, 大南団地北〜高江〜元町〜大分駅前, 大南団地北〜高江〜元町〜駅〜駅南（金池南）, 県庁正門〜大道〜分大〜高江〜大南団地北, 大南団地北〜高江〜分大〜大道〜コンパル, 県庁正門〜大道〜高江〜大南団地北, 大南団地北〜高江〜大道〜コンパル, 県庁正門〜県病〜分大〜大南団地北, 大南団地北〜分大〜県病〜コンパル, 旦野原〜米良BP〜大分駅（快米良BP停）, 県庁正門〜元町〜敷戸北, 敷戸北〜元町〜大分駅前, 敷戸北〜元町〜大分駅前〜駅南（金池南）, 県庁正門〜元町〜大分工業高校, 県庁正門前〜元町〜敷戸〜大分工業高校, 大分工業高校〜敷戸〜元町〜大分駅前, 敷戸北〜元町〜鶴崎支所, 鶴崎〜元町〜敷戸北, 鶴崎支所〜元町〜敷戸北〜大分工業高校, 大分工業高校〜敷戸北〜元町〜鶴崎, 県庁正門前〜大道〜敷戸北, 敷戸北〜大道〜コンパル入口, 県庁正門〜県病〜敷戸北, 敷戸北〜県病〜コンパル入口, 県庁正門〜大道〜敷戸〜大分工業高校, 大分工業高校〜敷戸北〜大道〜コンパル入口, 県庁正門〜県病〜敷戸北〜大分工業高校, 大分工業高校〜敷戸北〜県病〜コンパル入口, 鶴崎支所〜大道〜敷戸北, 鶴崎〜大道〜敷戸北, 敷戸北〜県病〜鶴崎（裏）, 敷戸北〜県病〜鶴崎, 鶴崎支所〜大道〜敷戸北〜大分工業高校, 県庁正門前〜木の上〜野津原公民館, 野津原公民館〜木の上〜コンパル入口, 県庁正門前〜わさだタウン〜野津原公民館, 野津原公民館〜わさだタウン〜コンパル, 県庁正門〜木〜南営業所, 南営業所〜木〜コンパル, 県庁正門〜木〜富士見（GP北）, 富士見（GP北）〜木〜コンパル, ホルト〜県庁正門〜木〜富士見（GP北）, 富士見（GP北）〜看〜木〜コンパル, 県庁正門前〜木〜看護大学前, 県庁正門〜木〜富〜すくすくいきいき村, すくすくいきいき村〜富〜木〜コンパル, 富士見（GP北）〜木〜鶴崎支所, 鶴崎支所〜木〜富〜すくすくいきいき村, すくすく〜富士見〜木〜商業高校, 県庁正門〜松が丘〜南営業所, 南営業所〜松が丘〜コンパル, 県庁正門〜松が丘〜富士見が丘（GP北）, 富士見（GP北）〜松が丘〜コンパル, ホルト〜県庁〜松が丘〜富士見（GP北）, 県庁正門〜松〜看護大学前, 県庁正門〜松〜富〜すくすくいきいき村, すくすくいきいき村〜富〜松〜コンパル, 鶴崎支所〜松が丘〜富士見（GP北）, すくすくいきいき村〜富〜松〜鶴崎支所, すくすく〜富士見〜松が丘〜商業高校, 田尻GH北〜田尻NT〜明磧〜コンパル, 県庁正門〜明磧〜田尻南2丁目, 田尻南2丁目〜明磧〜コンパル, 県庁正門〜下田尻〜わ〜三愛〜田尻南2丁目, 田尻南2丁目〜わ〜三愛〜下田尻〜コンパル, 県庁正門〜明磧〜ふじが丘山手, ふじが丘山手〜明磧〜コンパル, 県庁正門〜明磧〜ふじが丘〜田尻GH北, 田尻GH北〜ふじが丘〜明磧〜コンパル, 県庁正門〜明磧〜ふじが丘〜田尻南2丁目, 田尻南2丁目〜ふじが丘〜明磧〜コンパル, 田尻GH北〜ふじが丘〜明磧〜鶴崎支所, ふじが丘山手〜わ〜三愛〜下田尻〜コンパル, 田尻G西〜ふ〜わ〜三愛〜下田尻〜コンパル, 県庁〜下田尻〜わ〜三愛〜ふ〜田尻南2丁目, 田尻南2丁目〜ふじが丘〜わさだ〜コンパル, 田尻G北〜ふ〜光吉台中央〜県病〜コンパル, 田尻G西〜ふ〜光吉台中央〜県病〜コンパル, 県庁正門〜元町〜寒田〜ふじが丘山手, ふじが丘山手〜寒田〜元町〜大分駅前, 県庁正門前〜元町〜寒田〜田尻G北, 田尻GH北〜寒田〜元町〜大分駅前, 県庁正門〜大道〜寒田〜ふじが丘山手, ふじが丘山手〜寒田〜大道〜コンパル, 県庁正門〜県病〜寒田〜ふじが丘山手, ふじが丘山手〜寒田〜県病〜コンパル, 県庁正門〜大道〜寒田〜ふじが丘〜田尻G北, 田尻G北〜ふじが丘〜寒田〜大道〜コンパル, 県庁正門〜県病〜寒田〜ふじが丘〜田尻G北, 県庁正門〜二豊団地東〜萌葱台, 萌葱台〜二豊団地東〜コンパル, 県庁正門〜二豊団地東〜萌葱台〜わさだT, わさだT〜萌葱台〜二豊団地東〜コンパル, 向之原駅〜松が丘〜宗方台中央〜コンパル, 県庁正門〜豊饒〜畑中, 畑中〜豊饒〜コンパル入口, 鶴崎支所〜豊饒〜畑中, 畑中〜豊饒〜鶴崎（裏）, 鶴崎〜豊饒〜畑中, 鶴崎支所〜県病〜畑中, 畑中〜県病〜鶴崎（裏）, 鶴崎〜県病〜畑中, 横塚東〜大在駅前〜豊饒〜畑中, 県庁正門前〜木の上〜向之原駅, 向之原駅〜木の上〜コンパルホール入口, 向之原駅〜国分〜賀来新川〜コンパルホール入口, 県庁正門〜大学病院〜向之原駅, 向之原駅〜大学病院〜コンパルホール入口, 県庁正門〜大学病院〜向之原駅〜すくいき村, すくいき村〜向之原駅〜大学病院〜コンパル, 向之原駅〜大学病院〜鶴崎支所, すくいき村〜向之原駅〜大学病院〜鶴崎支所, 県庁正門〜大学病院, 大学病院〜コンパル, 県庁正門〜大学病院〜野田入口, 野田入口〜大学病院〜コンパル, 県庁正門〜大学病院〜野田入口〜国新〜国団, 県庁〜大学病院〜野田入口〜国新〜富士見, 富士見〜国新〜野田入口〜大学病院〜コン, 県庁正門〜大学病院〜赤野, 赤野〜大学病院〜コンパル, 県庁正門〜大道〜わさだT〜三愛MC, わさだT〜三愛MC〜大道〜コンパル入口, 県庁正門〜明磧〜わさだT〜三愛メディカル, わさだT〜三愛メディカル〜明磧〜コンパル, 県庁正門〜わさだ〜三愛M〜富〜すくいき村, すくいき村〜富〜わさだ〜三愛M〜コンパル"
竹町,大分市,大分きゃんバス
竹町,大分交通（株）,"5号地車庫-県立図書館前, 5号地車庫-柞原, 机張原-5号地車庫, 大洲循環"
皆春団地,大分バス（株）,"大分駅前〜皆春団地〜森町〜横尾, 菰田〜森町〜皆春団地〜大分駅前"
附属中学校前,大分交通（株）,"関の江車庫-大分駅前, 県立図書館前-大分駅前, 5号地車庫-県立図書館前, 大分駅前-虹ケ丘西公園, 5号地車庫-柞原, 机張原-5号地車庫, 八幡, 大洲循環"
古ヶ鶴二丁目,大分バス（株）,"大分駅前〜岩田〜大分駅前, 大分駅前〜岩田〜上野, 大分駅前〜大洲〜岩田〜大分駅前"
スカイタウン高崎入口,大分交通（株）,"大分駅前-虹ケ丘西公園, 高崎4丁目-大分駅前, 大分駅前-生石1丁目, 系統：3080, 青葉/西春日, 青葉/田室, スクール, 青葉/新川"
大迫（大分）,大分バス（株）,要町〜牧〜一里塚
下坂本,大分交通（株）,"机張原-5号地車庫, 大分駅前-下坂本, 八幡"
末広町,大分バス（株）,"県庁正門〜六坊〜元町〜古国府〜コンパル, 県庁正門〜大道〜古国府〜六坊〜大分駅前, 大分駅〜六坊〜元町〜古国府〜コンパル, 大分駅〜大道〜古国府〜六坊〜大分駅前, 県庁正門〜城南西町, 城南西町〜コンパル入口, ホルト〜県庁正門〜城南西町, 花高松〜萩原堺町〜裏川・東浜〜城南西町, 花高松〜萩原堺町〜城南西町, 鶴崎支所〜城南西町, 鶴崎〜城南西町, 城南西町〜萩原堺町〜花高松〜天然塚東, 花高松〜三ツ川〜萩原堺町〜城南西町, 城南西町〜裏川・東浜〜大分駅前, 佐伯駅〜各停〜戸次〜コンパル（急・太停）, 佐伯駅〜各停〜県病〜コンパル（急・太停）, 佐伯駅〜コスモ〜県病〜コンパル（急）, 辻〜榎峠〜大道〜コンパル入口, 金池ターミナル〜大道〜榎峠〜臼杵駅, 臼杵駅〜榎峠〜大道〜コンパル入口, 県庁正門〜県病〜戸次, 戸次〜県病〜コンパル, 金池ターミナル〜県病〜榎峠〜臼杵駅, 臼杵駅〜榎峠〜県病〜コンパル入口, 金池タ〜県病〜榎峠〜臼杵駅〜臼杵港, 臼杵港〜臼杵駅〜榎峠〜県病〜コンパル入口, 金池タ〜大道〜榎峠〜臼杵駅〜臼杵港, 臼杵港〜臼杵駅〜榎峠〜大道〜コンパル入口, 県庁正門〜大道〜分大〜高江〜大南団地北, 大南団地北〜高江〜分大〜大道〜コンパル, 県庁正門〜大道〜高江〜大南団地北, 大南団地北〜高江〜大道〜コンパル, 大分駅前〜大道〜高江〜大南団地北, 県庁正門〜県病〜分大〜大南団地北, 大南団地北〜分大〜県病〜コンパル, 県庁正門前〜大道〜敷戸北, 敷戸北〜大道〜コンパル入口, 県庁正門〜県病〜敷戸北, 敷戸北〜県病〜コンパル入口, 県庁正門〜大道〜敷戸〜大分工業高校, 大分工業高校〜敷戸北〜大道〜コンパル入口, 県庁正門〜県病〜敷戸北〜大分工業高校, 大分工業高校〜敷戸北〜県病〜コンパル入口, 鶴崎支所〜大道〜敷戸北, 鶴崎〜大道〜敷戸北, 敷戸北〜県病〜鶴崎（裏）, 敷戸北〜県病〜鶴崎, 鶴崎支所〜大道〜敷戸北〜大分工業高校, 県庁正門前〜木の上〜野津原公民館, 野津原公民館〜木の上〜コンパル入口, 県庁正門前〜わさだタウン〜野津原公民館, 野津原公民館〜わさだタウン〜コンパル, 県庁正門〜木〜南営業所, 南営業所〜木〜コンパル, 県庁正門〜木〜富士見（GP北）, 富士見（GP北）〜木〜コンパル, ホルト〜県庁正門〜木〜富士見（GP北）, 富士見（GP北）〜看〜木〜コンパル, 県庁正門前〜木〜看護大学前, 県庁正門〜木〜富〜すくすくいきいき村, すくすくいきいき村〜富〜木〜コンパル, 富士見（GP北）〜木〜鶴崎支所, 鶴崎支所〜木〜富〜すくすくいきいき村, すくすく〜富士見〜木〜商業高校, 県庁正門〜松が丘〜南営業所, 南営業所〜松が丘〜コンパル, 県庁正門〜松が丘〜富士見が丘（GP北）, 富士見（GP北）〜松が丘〜コンパル, ホルト〜県庁〜松が丘〜富士見（GP北）, 県庁正門〜松〜看護大学前, 県庁正門〜松〜富〜すくすくいきいき村, すくすくいきいき村〜富〜松〜コンパル, 鶴崎支所〜松が丘〜富士見（GP北）, すくすくいきいき村〜富〜松〜鶴崎支所, すくすく〜富士見〜松が丘〜商業高校, 田尻GH北〜田尻NT〜明磧〜コンパル, 県庁正門〜明磧〜田尻南2丁目, 田尻南2丁目〜明磧〜コンパル, 県庁正門〜下田尻〜わ〜三愛〜田尻南2丁目, 田尻南2丁目〜わ〜三愛〜下田尻〜コンパル, 県庁正門〜明磧〜ふじが丘山手, ふじが丘山手〜明磧〜コンパル, 県庁正門〜明磧〜ふじが丘〜田尻GH北, 田尻GH北〜ふじが丘〜明磧〜コンパル, 県庁正門〜明磧〜ふじが丘〜田尻南2丁目, 田尻南2丁目〜ふじが丘〜明磧〜コンパル, 田尻GH北〜ふじが丘〜明磧〜鶴崎支所, ふじが丘山手〜わ〜三愛〜下田尻〜コンパル, 田尻G西〜ふ〜わ〜三愛〜下田尻〜コンパル, 県庁〜下田尻〜わ〜三愛〜ふ〜田尻南2丁目, 田尻南2丁目〜ふじが丘〜わさだ〜コンパル, 田尻G北〜ふ〜光吉台中央〜県病〜コンパル, 田尻G西〜ふ〜光吉台中央〜県病〜コンパル, 県庁正門〜大道〜寒田〜ふじが丘山手, ふじが丘山手〜寒田〜大道〜コンパル, 県庁正門〜県病〜寒田〜ふじが丘山手, ふじが丘山手〜寒田〜県病〜コンパル, 県庁正門〜大道〜寒田〜ふじが丘〜田尻G北, 田尻G北〜ふじが丘〜寒田〜大道〜コンパル, 県庁正門〜県病〜寒田〜ふじが丘〜田尻G北, 県庁正門〜二豊団地東〜萌葱台, 萌葱台〜二豊団地東〜コンパル, 県庁正門〜二豊団地東〜萌葱台〜わさだT, わさだT〜萌葱台〜二豊団地東〜コンパル, 向之原駅〜松が丘〜宗方台中央〜コンパル, 県庁正門〜豊饒〜畑中, 畑中〜豊饒〜コンパル入口, 鶴崎支所〜豊饒〜畑中, 畑中〜豊饒〜鶴崎（裏）, 鶴崎〜豊饒〜畑中, 鶴崎支所〜県病〜畑中, 畑中〜県病〜鶴崎（裏）, 鶴崎〜県病〜畑中, 横塚東〜大在駅前〜豊饒〜畑中, 県庁正門前〜木の上〜向之原駅, 向之原駅〜木の上〜コンパルホール入口, 向之原駅〜国分〜賀来新川〜コンパルホール入口, 県庁正門〜大学病院〜向之原駅, 向之原駅〜大学病院〜コンパルホール入口, 大分駅前〜大学病院〜向之原駅, 県庁正門〜大学病院〜向之原駅〜すくいき村, すくいき村〜向之原駅〜大学病院〜コンパル, 向之原駅〜大学病院〜鶴崎支所, すくいき村〜向之原駅〜大学病院〜鶴崎支所, 県庁正門〜大学病院, 大学病院〜コンパル, 県庁正門〜大学病院〜野田入口, 野田入口〜大学病院〜コンパル, 県庁正門〜大学病院〜野田入口〜国新〜国団, 県庁〜大学病院〜野田入口〜国新〜富士見, 富士見〜国新〜野田入口〜大学病院〜コン, 県庁正門〜大学病院〜赤野, 赤野〜大学病院〜コンパル, 県庁正門〜大道〜わさだT〜三愛MC, わさだT〜三愛MC〜大道〜コンパル入口, 県庁正門〜明磧〜わさだT〜三愛メディカル, わさだT〜三愛メディカル〜明磧〜コンパル, 県庁正門〜わさだ〜三愛M〜富〜すくいき村, すくいき村〜富〜わさだ〜三愛M〜コンパル"
岩田町三丁目,大分バス（株）,"大分駅前〜岩田〜大分駅前, 大分駅前〜岩田〜上野, 大分駅前〜大洲〜岩田〜大分駅前"
池の平,大分バス（株）,"大分駅前〜萩原堺町〜花高松〜天然塚東, 城南西町〜萩原堺町〜花高松〜天然塚東, 要町〜高城〜池の平〜PP〜京が丘, 要町〜高城〜池の平〜PP〜浄雲寺, 要町〜高城〜池の平〜PP, 菰田〜PP〜池の平〜高城〜要町, 免許C〜PP〜池の平〜高城〜要町"
柞原,大分交通（株）,"5号地車庫-柞原, 八幡"
久原（大分）,大分バス（株）,"（急）大分駅前〜鶴崎〜幸崎駅〜佐賀関, （各停）佐賀関〜幸崎駅〜鶴崎〜大分駅前, （急）大分駅〜鶴崎〜医療C〜幸崎〜佐賀関"
岩田町一丁目,大分バス（株）,"大分駅前〜岩田〜大分駅前, 大分駅前〜岩田〜上野, 大分駅前〜大洲〜岩田〜大分駅前"
中央通り,佐伯市,伯大線
中央通り,大分バス（株）,"県庁正門〜上野, 上野〜コンパル入口, 上野〜大洲運動公園〜上野, 大分駅前〜大洲〜上野, 大分駅前〜大洲〜大分駅前, 大分駅前〜岩田〜大分駅前, 大分駅前〜岩田〜上野, 大分駅前〜大洲〜岩田〜大分駅前, 要町〜竹町〜市美術館〜オアシス〜要町, 要町〜竹町〜市美術館〜大友氏館跡〜要町, 県庁正門〜六坊〜元町〜古国府〜コンパル, 県庁正門〜大道〜古国府〜六坊〜大分駅前, 大分駅〜六坊〜元町〜古国府〜コンパル, 大分駅〜大道〜古国府〜六坊〜大分駅前, 県庁正門前〜元町〜羽田〜下郡〜大分駅前, 県庁正門〜下郡BP〜羽田〜下郡〜大分駅前, 大分駅前〜下郡BP〜羽田〜下郡〜大分駅前, 米良〜大分駅前, 県庁正門〜米良, 県庁正門〜城南西町, 城南西町〜コンパル入口, ホルト〜県庁正門〜城南西町, 花高松〜萩原堺町〜裏川・東浜〜城南西町, 花高松〜萩原堺町〜城南西町, 鶴崎支所〜城南西町, 鶴崎〜城南西町, 大分駅前〜萩原堺町〜花高松, 大分駅前〜萩原堺町〜花高松〜天然塚東, 城南西町〜萩原堺町〜花高松〜天然塚東, 花高松〜三ツ川〜萩原堺町〜城南西町, 城南西町〜裏川・東浜〜大分駅前, 高城駅前〜大分駅前, 大分駅前〜鶴崎支所, 大分駅前〜鶴崎（裏）, 大分駅前〜鶴崎, 横塚東〜鶴崎〜大分駅前, （急）大分駅前〜鶴崎〜幸崎駅〜佐賀関, （各停）佐賀関〜幸崎駅〜鶴崎〜大分駅前, （急）大分駅〜鶴崎〜医療C〜幸崎〜佐賀関, 大分駅前〜鶴崎〜城原, 大分駅前〜三佐〜鶴崎支所, 大分駅前〜三佐〜鶴崎（裏）, 大分駅前〜三佐〜鶴崎, 大分駅前〜萩原堺町〜海原橋東〜鶴崎支所, 大分駅前〜萩原堺町〜海原橋東〜鶴崎, 要町〜牧〜一里塚, 免許C〜西小前〜加納〜大分駅前, 要町〜萩原〜明野東口〜大分高, 大分高校〜明野東口〜萩原〜要町（考査）, 情報科学高〜明野東口〜萩原〜要町, 要町〜萩原〜明野西町〜大分高, 大分駅前〜萩原〜公商〜米良BP〜大分駅前, 県庁正門〜米良BP〜情商公〜萩原〜大分駅, 県庁正門〜米良BP〜商〜公園通り東, 公園通り中央〜商〜米良BP〜大分駅前, パークプレイス〜米良BP〜大分駅前, 大分駅前〜萩原〜公園通り東, 公園通り中央〜萩原〜大分駅前, 県庁正門〜加納〜大分高〜旭町〜大分駅前, 大分駅〜加納〜大分高〜旭町〜大分駅前, 県庁正門〜加納〜大分高〜旭町, 明野中学校〜大分高〜旭町〜大分駅前, 大分高〜旭町〜大分駅前, 県庁正門〜明野西町〜法勝台〜大分駅前, 県庁正門〜明野西町〜法勝台一, 法勝台三〜明野西町〜大分駅前, 要町〜高城〜池の平〜PP〜京が丘, 要町〜高城〜池の平〜PP〜浄雲寺, 要町〜高城〜池の平〜PP, 菰田〜PP〜池の平〜高城〜要町, 免許C〜PP〜池の平〜高城〜要町, 県庁正門〜加納〜猪野〜けやき台四, けやき台四〜猪野〜加納〜大分駅前, けやき台〜猪野〜加納〜駅〜駅南（金池南）, JSC前（東芝）〜猪野〜加納〜大分駅前, 県庁正門前〜猪野〜丸亀, 県庁正門前〜加納〜猪野〜森町〜鶴崎支所, 鶴崎支所〜森町〜猪野〜加納〜大分駅前, 県庁正門前〜加納〜猪野〜森町〜鶴崎（裏）, 県庁正門前〜加納〜猪野〜森町〜鶴崎, 鶴崎〜森町〜猪野〜加納〜大分駅前, 県庁正門前〜加納〜猪野〜桃園〜鶴崎支所, 鶴崎支所〜桃園〜猪野〜加納〜大分駅前, 県庁正門前〜加納〜猪野〜桃園〜鶴崎（裏）, 県庁正門前〜加納〜猪野〜桃園〜鶴崎, 鶴崎〜桃園〜猪野〜加納〜大分駅前, ホルト〜県庁〜加納〜猪野〜桃園〜鶴崎, 鶴崎〜桃園〜加納〜駅〜駅南（金池南）, 県庁正門前〜加納〜猪野〜宮河内ハイランド, 宮河内一〜猪野〜加納〜大分駅前, 大分駅前〜鶴崎〜種具〜宮河内, 大分駅前〜鶴崎〜堂園〜丸亀, 大分駅前〜鶴崎〜堂園〜高田小, 大分駅前〜皆春団地〜森町〜横尾, 菰田〜森町〜皆春団地〜大分駅前, 金池タ〜戸次〜各停〜佐伯駅（急行・太停）, 佐伯駅〜各停〜戸次〜コンパル（急・太停）, 金池タ〜県病〜各停〜佐伯駅（急行・太停）, 佐伯駅〜各停〜県病〜コンパル（急・太停）, 金池〜県病〜コスモ〜佐伯駅（急）, 佐伯駅〜コスモ〜県病〜コンパル（急）, 県庁正門前〜元町〜戸次, 戸次〜元町〜大分駅前, 梅が丘〜元町〜大分駅前, 辻〜榎峠〜大道〜コンパル入口, 金池ターミナル〜大道〜榎峠〜臼杵駅, 臼杵駅〜榎峠〜大道〜コンパル入口, 県庁正門〜県病〜戸次, 戸次〜県病〜コンパル, 金池ターミナル〜県病〜榎峠〜臼杵駅, 臼杵駅〜榎峠〜県病〜コンパル入口, 金池タ〜県病〜榎峠〜臼杵駅〜臼杵港, 臼杵港〜臼杵駅〜榎峠〜県病〜コンパル入口, 金池タ〜大道〜榎峠〜臼杵駅〜臼杵港, 臼杵港〜臼杵駅〜榎峠〜大道〜コンパル入口, 平清水〜榎峠〜大道〜コンパル入口（特急）, 南高校〜猪野〜加納〜大分駅前, 県庁正門〜元町〜分大〜高江〜大南団地北, 大南団地北〜高江〜分大〜元町〜大分駅前, ホルト〜県庁〜元町〜分大〜高江〜大南, 県庁正門〜元町〜高江〜大南団地北, 大南団地北〜高江〜元町〜大分駅前, 大南団地北〜高江〜元町〜駅〜駅南（金池南）, 県庁正門〜大道〜分大〜高江〜大南団地北, 大南団地北〜高江〜分大〜大道〜コンパル, 県庁正門〜大道〜高江〜大南団地北, 大南団地北〜高江〜大道〜コンパル, 県庁正門〜県病〜分大〜大南団地北, 大南団地北〜分大〜県病〜コンパル, 旦野原〜米良BP〜大分駅（快米良BP停）, 県庁正門〜元町〜敷戸北, 敷戸北〜元町〜大分駅前, 敷戸北〜元町〜大分駅前〜駅南（金池南）, 県庁正門〜元町〜大分工業高校, 県庁正門前〜元町〜敷戸〜大分工業高校, 大分工業高校〜敷戸〜元町〜大分駅前, 敷戸北〜元町〜鶴崎支所, 鶴崎〜元町〜敷戸北, 鶴崎支所〜元町〜敷戸北〜大分工業高校, 大分工業高校〜敷戸北〜元町〜鶴崎, 県庁正門前〜大道〜敷戸北, 敷戸北〜大道〜コンパル入口, 県庁正門〜県病〜敷戸北, 敷戸北〜県病〜コンパル入口, 県庁正門〜大道〜敷戸〜大分工業高校, 大分工業高校〜敷戸北〜大道〜コンパル入口, 県庁正門〜県病〜敷戸北〜大分工業高校, 大分工業高校〜敷戸北〜県病〜コンパル入口, 鶴崎支所〜大道〜敷戸北, 鶴崎〜大道〜敷戸北, 敷戸北〜県病〜鶴崎（裏）, 敷戸北〜県病〜鶴崎, 鶴崎支所〜大道〜敷戸北〜大分工業高校, 県庁正門前〜木の上〜野津原公民館, 野津原公民館〜木の上〜コンパル入口, 県庁正門前〜わさだタウン〜野津原公民館, 野津原公民館〜わさだタウン〜コンパル, 県庁正門〜木〜南営業所, 南営業所〜木〜コンパル, 県庁正門〜木〜富士見（GP北）, 富士見（GP北）〜木〜コンパル, ホルト〜県庁正門〜木〜富士見（GP北）, 富士見（GP北）〜看〜木〜コンパル, 県庁正門前〜木〜看護大学前, 県庁正門〜木〜富〜すくすくいきいき村, すくすくいきいき村〜富〜木〜コンパル, 富士見（GP北）〜木〜鶴崎支所, 鶴崎支所〜木〜富〜すくすくいきいき村, すくすく〜富士見〜木〜商業高校, 県庁正門〜松が丘〜南営業所, 南営業所〜松が丘〜コンパル, 県庁正門〜松が丘〜富士見が丘（GP北）, 富士見（GP北）〜松が丘〜コンパル, ホルト〜県庁〜松が丘〜富士見（GP北）, 県庁正門〜松〜看護大学前, 県庁正門〜松〜富〜すくすくいきいき村, すくすくいきいき村〜富〜松〜コンパル, 鶴崎支所〜松が丘〜富士見（GP北）, すくすくいきいき村〜富〜松〜鶴崎支所, すくすく〜富士見〜松が丘〜商業高校, 田尻GH北〜田尻NT〜明磧〜コンパル, 県庁正門〜明磧〜田尻南2丁目, 田尻南2丁目〜明磧〜コンパル, 県庁正門〜下田尻〜わ〜三愛〜田尻南2丁目, 田尻南2丁目〜わ〜三愛〜下田尻〜コンパル, 県庁正門〜明磧〜ふじが丘山手, ふじが丘山手〜明磧〜コンパル, 県庁正門〜明磧〜ふじが丘〜田尻GH北, 田尻GH北〜ふじが丘〜明磧〜コンパル, 県庁正門〜明磧〜ふじが丘〜田尻南2丁目, 田尻南2丁目〜ふじが丘〜明磧〜コンパル, 田尻GH北〜ふじが丘〜明磧〜鶴崎支所, ふじが丘山手〜わ〜三愛〜下田尻〜コンパル, 田尻G西〜ふ〜わ〜三愛〜下田尻〜コンパル, 県庁〜下田尻〜わ〜三愛〜ふ〜田尻南2丁目, 田尻南2丁目〜ふじが丘〜わさだ〜コンパル, 田尻G北〜ふ〜光吉台中央〜県病〜コンパル, 田尻G西〜ふ〜光吉台中央〜県病〜コンパル, 県庁正門〜元町〜寒田〜ふじが丘山手, ふじが丘山手〜寒田〜元町〜大分駅前, 県庁正門前〜元町〜寒田〜田尻G北, 田尻GH北〜寒田〜元町〜大分駅前, 県庁正門〜大道〜寒田〜ふじが丘山手, ふじが丘山手〜寒田〜大道〜コンパル, 県庁正門〜県病〜寒田〜ふじが丘山手, ふじが丘山手〜寒田〜県病〜コンパル, 県庁正門〜大道〜寒田〜ふじが丘〜田尻G北, 田尻G北〜ふじが丘〜寒田〜大道〜コンパル, 県庁正門〜県病〜寒田〜ふじが丘〜田尻G北, 県庁正門〜二豊団地東〜萌葱台, 萌葱台〜二豊団地東〜コンパル, 県庁正門〜二豊団地東〜萌葱台〜わさだT, わさだT〜萌葱台〜二豊団地東〜コンパル, 向之原駅〜松が丘〜宗方台中央〜コンパル, 県庁正門〜豊饒〜畑中, 畑中〜豊饒〜コンパル入口, 鶴崎支所〜豊饒〜畑中, 畑中〜豊饒〜鶴崎（裏）, 鶴崎〜豊饒〜畑中, 鶴崎支所〜県病〜畑中, 畑中〜県病〜鶴崎（裏）, 鶴崎〜県病〜畑中, 横塚東〜大在駅前〜豊饒〜畑中, 県庁正門前〜木の上〜向之原駅, 向之原駅〜木の上〜コンパルホール入口, 向之原駅〜国分〜賀来新川〜コンパルホール入口, 県庁正門〜大学病院〜向之原駅, 向之原駅〜大学病院〜コンパルホール入口, 県庁正門〜大学病院〜向之原駅〜すくいき村, すくいき村〜向之原駅〜大学病院〜コンパル, 向之原駅〜大学病院〜鶴崎支所, すくいき村〜向之原駅〜大学病院〜鶴崎支所, 県庁正門〜大学病院, 大学病院〜コンパル, 県庁正門〜大学病院〜野田入口, 野田入口〜大学病院〜コンパル, 県庁正門〜大学病院〜野田入口〜国新〜国団, 県庁〜大学病院〜野田入口〜国新〜富士見, 富士見〜国新〜野田入口〜大学病院〜コン, 県庁正門〜大学病院〜赤野, 赤野〜大学病院〜コンパル, 県庁正門〜大道〜わさだT〜三愛MC, わさだT〜三愛MC〜大道〜コンパル入口, 県庁正門〜明磧〜わさだT〜三愛メディカル, わさだT〜三愛メディカル〜明磧〜コンパル, 県庁正門〜わさだ〜三愛M〜富〜すくいき村, すくいき村〜富〜わさだ〜三愛M〜コンパル"
中央通り,大分交通（株）,"鉄輪温泉-大分駅前, 関の江車庫-大分駅前, 県立図書館前-大分駅前, 5号地車庫-県立図書館前, 大分駅前-虹ケ丘西公園, 5号地車庫-柞原, 国東-大分駅前, 5号地車庫-大分駅前, 机張原-5号地車庫, 大分駅前-下坂本, 高崎4丁目-大分駅前, APU-大分駅前, 大分駅前-生石1丁目, 杵築＿1, 別大, 八幡, 大洲循環, 系統：3080, 青葉/西春日, 青葉/田室, 青葉/新川, フェリー＿3, 二豊"
天神前,大分交通（株）,"5号地車庫-柞原, 八幡"
下園上,玖珠町,山浦線
皆春,大分バス（株）,"県庁正門前〜加納〜猪野〜森町〜鶴崎支所, 鶴崎支所〜森町〜猪野〜加納〜大分駅前, 県庁正門前〜加納〜猪野〜森町〜鶴崎（裏）, 県庁正門前〜加納〜猪野〜森町〜鶴崎, 鶴崎〜森町〜猪野〜加納〜大分駅前, 大分駅前〜加納〜猪野〜森町〜鶴崎（裏）, 県庁正門前〜加納〜猪野〜桃園〜鶴崎支所, 鶴崎支所〜桃園〜猪野〜加納〜大分駅前, 県庁正門前〜加納〜猪野〜桃園〜鶴崎（裏）, 県庁正門前〜加納〜猪野〜桃園〜鶴崎, 鶴崎〜桃園〜猪野〜加納〜大分駅前, ホルト〜県庁〜加納〜猪野〜桃園〜鶴崎, 鶴崎〜桃園〜加納〜駅〜駅南（金池南）, 大分駅〜加納〜猪野〜桃園〜鶴崎（裏）, PP〜中筋〜森町〜別保〜鶴崎支所（裏）, 鶴崎支所〜別保橋〜森町〜中筋〜PP, 鶴崎〜別保橋〜森町〜中筋〜PP"
下園下,玖珠町,山浦線
岩田町二丁目,大分バス（株）,"大分駅前〜岩田〜大分駅前, 大分駅前〜岩田〜上野, 大分駅前〜大洲〜岩田〜大分駅前"
王の瀬,大分バス（株）,"（急）大分駅前〜鶴崎〜幸崎駅〜佐賀関, （各停）佐賀関〜幸崎駅〜鶴崎〜大分駅前, （急）大分駅〜鶴崎〜医療C〜幸崎〜佐賀関"
尾西,大分バス（株）,要町〜牧〜一里塚
コンパルホール入口,大分バス（株）,"上野〜コンパル入口, 要町〜竹町〜市美術館〜オアシス〜要町, 要町〜竹町〜市美術館〜大友氏館跡〜要町, 県庁正門〜六坊〜元町〜古国府〜コンパル, 県庁正門〜大道〜古国府〜六坊〜大分駅前, 大分駅〜六坊〜元町〜古国府〜コンパル, 大分駅〜大道〜古国府〜六坊〜大分駅前, 県庁正門前〜元町〜羽田〜下郡〜大分駅前, 県庁正門〜下郡BP〜羽田〜下郡〜大分駅前, 大分駅前〜下郡BP〜羽田〜下郡〜大分駅前, 米良〜大分駅前, 城南西町〜コンパル入口, 城南西町〜オアシス〜コンパル入口, ホルト〜県庁正門〜城南西町, 免許C〜西小前〜加納〜大分駅前, 大分駅前〜萩原〜公商〜米良BP〜大分駅前, 公園通り中央〜商〜米良BP〜大分駅前, パークプレイス〜米良BP〜大分駅前, 県庁正門〜加納〜大分高〜旭町〜大分駅前, 大分駅〜加納〜大分高〜旭町〜大分駅前, 明野中学校〜大分高〜旭町〜大分駅前, 大分高〜旭町〜大分駅前, 県庁正門〜明野西町〜法勝台〜大分駅前, 法勝台三〜明野西町〜大分駅前, けやき台四〜猪野〜加納〜大分駅前, けやき台〜猪野〜加納〜駅〜駅南（金池南）, JSC前（東芝）〜猪野〜加納〜大分駅前, 鶴崎支所〜森町〜猪野〜加納〜大分駅前, 鶴崎〜森町〜猪野〜加納〜大分駅前, 鶴崎支所〜桃園〜猪野〜加納〜大分駅前, 鶴崎〜桃園〜猪野〜加納〜大分駅前, ホルト〜県庁〜加納〜猪野〜桃園〜鶴崎, 鶴崎〜桃園〜加納〜駅〜駅南（金池南）, 宮河内一〜猪野〜加納〜大分駅前, 佐伯駅〜各停〜戸次〜コンパル（急・太停）, 佐伯駅〜各停〜県病〜コンパル（急・太停）, 佐伯駅〜コスモ〜県病〜コンパル（急）, 戸次〜元町〜大分駅前, 梅が丘〜元町〜大分駅前, 辻〜榎峠〜大道〜コンパル入口, 臼杵駅〜榎峠〜大道〜コンパル入口, 戸次〜県病〜コンパル, 臼杵駅〜榎峠〜県病〜コンパル入口, 臼杵港〜臼杵駅〜榎峠〜県病〜コンパル入口, 臼杵港〜臼杵駅〜榎峠〜大道〜コンパル入口, 平清水〜榎峠〜大道〜コンパル入口（特急）, 南高校〜猪野〜加納〜大分駅前, 大南団地北〜高江〜分大〜元町〜大分駅前, ホルト〜県庁〜元町〜分大〜高江〜大南, 大南団地北〜高江〜元町〜大分駅前, 大南団地北〜高江〜元町〜駅〜駅南（金池南）, 大南団地北〜高江〜分大〜大道〜コンパル, 大南団地北〜高江〜大道〜コンパル, 大南団地北〜分大〜県病〜コンパル, 旦野原〜米良BP〜大分駅（快米良BP停）, 敷戸北〜元町〜大分駅前, 敷戸北〜元町〜大分駅前〜駅南（金池南）, 大分工業高校〜敷戸〜元町〜大分駅前, 敷戸北〜大道〜コンパル入口, 敷戸北〜県病〜コンパル入口, 大分工業高校〜敷戸北〜大道〜コンパル入口, 大分工業高校〜敷戸北〜県病〜コンパル入口, 野津原公民館〜木の上〜コンパル入口, 野津原公民館〜わさだタウン〜コンパル, 南営業所〜木〜コンパル, 富士見（GP北）〜木〜コンパル, ホルト〜県庁正門〜木〜富士見（GP北）, 富士見（GP北）〜看〜木〜コンパル, すくすくいきいき村〜富〜木〜コンパル, 南営業所〜松が丘〜コンパル, 富士見（GP北）〜松が丘〜コンパル, ホルト〜県庁〜松が丘〜富士見（GP北）, すくすくいきいき村〜富〜松〜コンパル, すくすくいきいき村〜富〜松〜オア〜コン, 田尻GH北〜田尻NT〜明磧〜コンパル, 田尻南2丁目〜明磧〜コンパル, 田尻南2丁目〜わ〜三愛〜下田尻〜コンパル, ふじが丘山手〜明磧〜コンパル, 田尻GH北〜ふじが丘〜明磧〜コンパル, 田尻南2丁目〜ふじが丘〜明磧〜コンパル, ふじが丘山手〜わ〜三愛〜下田尻〜コンパル, 田尻G西〜ふ〜わ〜三愛〜下田尻〜コンパル, 田尻南2丁目〜ふじが丘〜わさだ〜コンパル, 田尻G北〜ふ〜光吉台中央〜県病〜コンパル, 田尻G西〜ふ〜光吉台中央〜県病〜コンパル, ふじが丘山手〜寒田〜元町〜大分駅前, 田尻GH北〜寒田〜元町〜大分駅前, ふじが丘山手〜寒田〜大道〜コンパル, ふじが丘山手〜寒田〜県病〜コンパル, 田尻G北〜ふじが丘〜寒田〜大道〜コンパル, 萌葱台〜二豊団地東〜コンパル, わさだT〜萌葱台〜二豊団地東〜コンパル, 向之原駅〜松が丘〜宗方台中央〜コンパル, 畑中〜豊饒〜コンパル入口, 向之原駅〜木の上〜コンパルホール入口, 向之原駅〜国分〜賀来新川〜コンパルホール入口, 向之原駅〜大学病院〜コンパルホール入口, すくいき村〜向之原駅〜大学病院〜コンパル, 大学病院〜コンパル, 野田入口〜大学病院〜コンパル, 富士見〜国新〜野田入口〜大学病院〜コン, 赤野〜大学病院〜コンパル, わさだT〜三愛MC〜大道〜コンパル入口, わさだT〜三愛メディカル〜明磧〜コンパル, すくいき村〜富〜わさだ〜三愛M〜コンパル"
コンパルホール入口,大分市,大分きゃんバス
中央通り⑥,大分市,大分きゃんバス
北大津留,由布市,"スクールバス大津留コース, 小挾間・柚の木コース"
志生場,大分バス（株）,"（急）大分駅前〜鶴崎〜幸崎駅〜佐賀関, （各停）佐賀関〜幸崎駅〜鶴崎〜大分駅前, （急）大分駅〜鶴崎〜医療C〜幸崎〜佐賀関"
桃園団地中,大分バス（株）,"県庁正門前〜加納〜猪野〜桃園〜鶴崎支所, 鶴崎支所〜桃園〜猪野〜加納〜大分駅前, 県庁正門前〜加納〜猪野〜桃園〜鶴崎（裏）, 県庁正門前〜加納〜猪野〜桃園〜鶴崎, 鶴崎〜桃園〜猪野〜加納〜大分駅前, ホルト〜県庁〜加納〜猪野〜桃園〜鶴崎, 鶴崎〜桃園〜加納〜駅〜駅南（金池南）, 大分駅〜加納〜猪野〜桃園〜鶴崎（裏）"
中央通り④,大分市,大分きゃんバス
川西小学校前,由布市,"シャトルバス：温泉館〜庄内庁舎, スクールバス湯平コース, 下津々良コース, 水地コース, 湯平コース"
坂の市,大分バス（株）,"（急）大分駅前〜鶴崎〜幸崎駅〜佐賀関, （各停）佐賀関〜幸崎駅〜鶴崎〜大分駅前, （急）大分駅〜鶴崎〜医療C〜幸崎〜佐賀関"
長水入口,大分交通（株）,"県立図書館前-大分駅前, 5号地車庫-県立図書館前, 大分駅前-虹ケ丘西公園, 大洲循環"
かなりや公園前,大分交通（株）,"高崎4丁目-大分駅前, 系統：3080, スクール"
坂の市小学校前,大分バス（株）,"（急）大分駅前〜鶴崎〜幸崎駅〜佐賀関, （各停）佐賀関〜幸崎駅〜鶴崎〜大分駅前, （急）大分駅〜鶴崎〜医療C〜幸崎〜佐賀関"
大分金池ターミナル,佐伯市,伯大線
高崎一丁目,大分交通（株）,"大分駅前-虹ケ丘西公園, 高崎4丁目-大分駅前, 大分駅前-生石1丁目, 系統：3080, 青葉/西春日, 青葉/田室, スクール, 青葉/新川"
金池ターミナル,大分バス（株）,"金池タ〜戸次〜各停〜佐伯駅（急行・太停）, 金池タ〜県病〜各停〜佐伯駅（急行・太停）, 金池〜県病〜コスモ〜佐伯駅（急）, 金池ターミナル〜大道〜榎峠〜臼杵駅, 金池ターミナル〜県病〜榎峠〜臼杵駅, 金池タ〜県病〜榎峠〜臼杵駅〜臼杵港, 金池タ〜大道〜榎峠〜臼杵駅〜臼杵港"
上国宗,大分バス（株）,"大分駅前〜鶴崎〜堂園〜丸亀, 丸亀〜堂園〜鶴崎駅前, 大分駅前〜鶴崎〜堂園〜高田小"
北中,大分交通（株）,"5号地車庫-柞原, 八幡"
明治北団地中,大分バス（株）,"県庁正門前〜加納〜猪野〜桃園〜鶴崎支所, 鶴崎支所〜桃園〜猪野〜加納〜大分駅前, 県庁正門前〜加納〜猪野〜桃園〜鶴崎（裏）, 県庁正門前〜加納〜猪野〜桃園〜鶴崎, 鶴崎〜桃園〜猪野〜加納〜大分駅前, ホルト〜県庁〜加納〜猪野〜桃園〜鶴崎, 鶴崎〜桃園〜加納〜駅〜駅南（金池南）, 大分駅〜加納〜猪野〜桃園〜鶴崎（裏）"
東原,大分バス（株）,"要町〜萩原〜明野東口〜大分高, 大分高校〜明野東口〜萩原〜要町（考査）, 情報科学高〜明野東口〜萩原〜要町, 要町〜萩原〜明野西町〜大分高, 大分駅前〜萩原〜公商〜米良BP〜大分駅前, 県庁正門〜米良BP〜情商公〜萩原〜大分駅, 大分駅前〜萩原〜公園通り東, 公園通り中央〜萩原〜大分駅前"
田室町,大分交通（株）,"関の江車庫-大分駅前, 県立図書館前-大分駅前, 5号地車庫-県立図書館前, 大分駅前-虹ケ丘西公園, 5号地車庫-柞原, 机張原-5号地車庫, 大分駅前-生石1丁目, 八幡, 大洲循環, 青葉/田室"
大分市営グランド前,大分交通（株）,"関の江車庫-大分駅前, 県立図書館前-大分駅前, 5号地車庫-県立図書館前, 大分駅前-虹ケ丘西公園, 5号地車庫-柞原, 机張原-5号地車庫, 大分駅前-生石1丁目, 八幡, 大洲循環, 青葉/田室"
南春日町,大分交通（株）,"関の江車庫-大分駅前, 県立図書館前-大分駅前, 5号地車庫-県立図書館前, 大分駅前-虹ケ丘西公園, 5号地車庫-柞原, 机張原-5号地車庫, 大分駅前-生石1丁目, 八幡, 大洲循環, 青葉/田室"
桃園団地東入口,大分バス（株）,"県庁正門前〜加納〜猪野〜桃園〜鶴崎支所, 鶴崎支所〜桃園〜猪野〜加納〜大分駅前, 県庁正門前〜加納〜猪野〜桃園〜鶴崎（裏）, 県庁正門前〜加納〜猪野〜桃園〜鶴崎, 鶴崎〜桃園〜猪野〜加納〜大分駅前, ホルト〜県庁〜加納〜猪野〜桃園〜鶴崎, 鶴崎〜桃園〜加納〜駅〜駅南（金池南）, 大分駅〜加納〜猪野〜桃園〜鶴崎（裏）"
山口［挾間町］,由布市,七蔵司コース
富迫,大分交通（株）,栃木宮の原
丸田（大分）,大分バス（株）,要町〜牧〜一里塚
大道校区公民館前,大分バス（株）,"要町〜竹町〜市美術館〜オアシス〜要町, 要町〜竹町〜市美術館〜大友氏館跡〜要町"
大道校区公民館前,大分市,大分きゃんバス
天神の木,日田バス（株）,五馬線
七蔵司,由布市,"シャトルバス：スクール石城系統, 七蔵司コース"
高畑（大分）,大分バス（株）,"県庁正門前〜加納〜猪野〜桃園〜鶴崎支所, 鶴崎支所〜桃園〜猪野〜加納〜大分駅前, 県庁正門前〜加納〜猪野〜桃園〜鶴崎（裏）, 県庁正門前〜加納〜猪野〜桃園〜鶴崎, 鶴崎〜桃園〜猪野〜加納〜大分駅前, ホルト〜県庁〜加納〜猪野〜桃園〜鶴崎, 鶴崎〜桃園〜加納〜駅〜駅南（金池南）, 大分駅〜加納〜猪野〜桃園〜鶴崎（裏）, 大分駅前〜皆春団地〜森町〜横尾, 菰田〜森町〜皆春団地〜大分駅前"
小平［挾間町］,由布市,朴木コース
大分西高校前,大分交通（株）,"県立図書館前-大分駅前, 5号地車庫-県立図書館前, 大分駅前-虹ケ丘西公園, 大分駅前-生石1丁目, 大洲循環, 青葉/田室"
高尾台2丁目,大分交通（株）,大分駅前-虹ケ丘西公園
後田,大分バス（株）,"県庁正門前〜加納〜猪野〜桃園〜鶴崎支所, 鶴崎支所〜桃園〜猪野〜加納〜大分駅前, 県庁正門前〜加納〜猪野〜桃園〜鶴崎（裏）, 県庁正門前〜加納〜猪野〜桃園〜鶴崎, 鶴崎〜桃園〜猪野〜加納〜大分駅前, ホルト〜県庁〜加納〜猪野〜桃園〜鶴崎, 鶴崎〜桃園〜加納〜駅〜駅南（金池南）, 大分駅〜加納〜猪野〜桃園〜鶴崎（裏）, 大分駅前〜皆春団地〜森町〜横尾, 菰田〜森町〜皆春団地〜大分駅前"
幸崎駅,大分バス（株）,"（急）大分駅前〜鶴崎〜幸崎駅〜佐賀関, （各停）佐賀関〜幸崎駅〜鶴崎〜大分駅前, （急）大分駅〜鶴崎〜医療C〜幸崎〜佐賀関"
大分駅前7番,大分市,大分きゃんバス
大分駅前,佐伯市,伯大線
大分駅前,大分バス（株）,"県庁正門〜上野, 上野〜コンパル入口, 上野〜大洲運動公園〜上野, 大分駅前〜大洲〜上野, 大分駅前〜大洲〜大分駅前, 大分駅前〜岩田〜大分駅前, 大分駅前〜岩田〜上野, 大分駅前〜大洲〜岩田〜大分駅前, 要町〜竹町〜市美術館〜オアシス〜要町, 要町〜竹町〜市美術館〜大友氏館跡〜要町, 県庁正門〜六坊〜元町〜古国府〜コンパル, 県庁正門〜大道〜古国府〜六坊〜大分駅前, 大分駅〜六坊〜元町〜古国府〜コンパル, 大分駅〜大道〜古国府〜六坊〜大分駅前, 県庁正門前〜元町〜羽田〜下郡〜大分駅前, 県庁正門〜下郡BP〜羽田〜下郡〜大分駅前, 大分駅前〜下郡BP〜羽田〜下郡〜大分駅前, 米良〜大分駅前, 県庁正門〜米良, 県庁正門〜城南西町, 城南西町〜コンパル入口, ホルト〜県庁正門〜城南西町, 花高松〜萩原堺町〜裏川・東浜〜城南西町, 花高松〜萩原堺町〜城南西町, 鶴崎支所〜城南西町, 鶴崎〜城南西町, 大分駅前〜萩原堺町〜花高松, 大分駅前〜萩原堺町〜花高松〜天然塚東, 城南西町〜萩原堺町〜花高松〜天然塚東, 花高松〜三ツ川〜萩原堺町〜城南西町, 城南西町〜裏川・東浜〜大分駅前, 高城駅前〜大分駅前, 大分駅前〜鶴崎支所, 大分駅前〜鶴崎（裏）, 大分駅前〜鶴崎, 横塚東〜鶴崎〜大分駅前, （急）大分駅前〜鶴崎〜幸崎駅〜佐賀関, （各停）佐賀関〜幸崎駅〜鶴崎〜大分駅前, （急）大分駅〜鶴崎〜医療C〜幸崎〜佐賀関, 大分駅前〜鶴崎〜城原, 大分駅前〜三佐〜鶴崎支所, 大分駅前〜三佐〜鶴崎（裏）, 大分駅前〜三佐〜鶴崎, 大分駅前〜萩原堺町〜海原橋東〜鶴崎支所, 大分駅前〜萩原堺町〜海原橋東〜鶴崎, 要町〜牧〜一里塚, 大分駅〜加納〜西小前〜大分高, 大分駅〜加納〜西小前〜免許C, 免許C〜西小前〜加納〜大分駅前, 要町〜萩原〜明野東口〜大分高, 大分高校〜明野東口〜萩原〜要町（考査）, 情報科学高〜明野東口〜萩原〜要町, 要町〜萩原〜明野西町〜大分高, 大分駅前〜萩原〜公商〜米良BP〜大分駅前, 県庁正門〜米良BP〜情商公〜萩原〜大分駅, 県庁正門〜米良BP〜商〜公園通り東, 公園通り中央〜商〜米良BP〜大分駅前, パークプレイス〜米良BP〜大分駅前, 大分駅前〜米良BP〜商〜公園通り東, 大分駅前〜萩原〜公園通り東, 公園通り中央〜萩原〜大分駅前, 県庁正門〜加納〜大分高〜旭町〜大分駅前, 大分駅〜加納〜大分高〜旭町〜大分駅前, 県庁正門〜加納〜大分高〜旭町, 明野中学校〜大分高〜旭町〜大分駅前, 大分高〜旭町〜大分駅前, 県庁正門〜明野西町〜法勝台〜大分駅前, 県庁正門〜明野西町〜法勝台一, 法勝台三〜明野西町〜大分駅前, 要町〜高城〜池の平〜PP〜京が丘, 要町〜高城〜池の平〜PP〜浄雲寺, 要町〜高城〜池の平〜PP, 菰田〜PP〜池の平〜高城〜要町, 免許C〜PP〜池の平〜高城〜要町, 県庁正門〜加納〜猪野〜けやき台四, けやき台四〜猪野〜加納〜大分駅前, けやき台〜猪野〜加納〜駅〜駅南（金池南）, JSC前（東芝）〜猪野〜加納〜大分駅前, 県庁正門前〜猪野〜丸亀, 県庁正門前〜加納〜猪野〜森町〜鶴崎支所, 鶴崎支所〜森町〜猪野〜加納〜大分駅前, 県庁正門前〜加納〜猪野〜森町〜鶴崎（裏）, 県庁正門前〜加納〜猪野〜森町〜鶴崎, 鶴崎〜森町〜猪野〜加納〜大分駅前, 大分駅前〜加納〜猪野〜森町〜鶴崎（裏）, 県庁正門前〜加納〜猪野〜桃園〜鶴崎支所, 鶴崎支所〜桃園〜猪野〜加納〜大分駅前, 県庁正門前〜加納〜猪野〜桃園〜鶴崎（裏）, 県庁正門前〜加納〜猪野〜桃園〜鶴崎, 鶴崎〜桃園〜猪野〜加納〜大分駅前, ホルト〜県庁〜加納〜猪野〜桃園〜鶴崎, 鶴崎〜桃園〜加納〜駅〜駅南（金池南）, 大分駅〜加納〜猪野〜桃園〜鶴崎（裏）, 県庁正門前〜加納〜猪野〜宮河内ハイランド, 宮河内一〜猪野〜加納〜大分駅前, 大分駅〜加納〜猪野〜宮河内（東高休校）, 大分駅前〜加納〜猪野〜金の手〜横尾, 大分駅前〜鶴崎〜種具〜宮河内, 大分駅前〜鶴崎〜堂園〜丸亀, 大分駅前〜鶴崎〜堂園〜高田小, 大分駅前〜皆春団地〜森町〜横尾, 菰田〜森町〜皆春団地〜大分駅前, 金池タ〜戸次〜各停〜佐伯駅（急行・太停）, 佐伯駅〜各停〜戸次〜コンパル（急・太停）, 金池タ〜県病〜各停〜佐伯駅（急行・太停）, 佐伯駅〜各停〜県病〜コンパル（急・太停）, 金池〜県病〜コスモ〜佐伯駅（急）, 佐伯駅〜コスモ〜県病〜コンパル（急）, 県庁正門前〜元町〜戸次, 戸次〜元町〜大分駅前, 梅が丘〜元町〜大分駅前, 辻〜榎峠〜大道〜コンパル入口, 金池ターミナル〜大道〜榎峠〜臼杵駅, 臼杵駅〜榎峠〜大道〜コンパル入口, 県庁正門〜県病〜戸次, 戸次〜県病〜コンパル, 金池ターミナル〜県病〜榎峠〜臼杵駅, 臼杵駅〜榎峠〜県病〜コンパル入口, 金池タ〜県病〜榎峠〜臼杵駅〜臼杵港, 臼杵港〜臼杵駅〜榎峠〜県病〜コンパル入口, 金池タ〜大道〜榎峠〜臼杵駅〜臼杵港, 臼杵港〜臼杵駅〜榎峠〜大道〜コンパル入口, 平清水〜榎峠〜大道〜コンパル入口（特急）, 南高校〜猪野〜加納〜大分駅前, 大分駅〜加納〜猪野〜南高校, 県庁正門〜元町〜分大〜高江〜大南団地北, 大南団地北〜高江〜分大〜元町〜大分駅前, ホルト〜県庁〜元町〜分大〜高江〜大南, 県庁正門〜元町〜高江〜大南団地北, 大南団地北〜高江〜元町〜大分駅前, 大南団地北〜高江〜元町〜駅〜駅南（金池南）, 県庁正門〜大道〜分大〜高江〜大南団地北, 大南団地北〜高江〜分大〜大道〜コンパル, 県庁正門〜大道〜高江〜大南団地北, 大南団地北〜高江〜大道〜コンパル, 大分駅前〜大道〜高江〜大南団地北, 県庁正門〜県病〜分大〜大南団地北, 大南団地北〜分大〜県病〜コンパル, 旦野原〜米良BP〜大分駅（快米良BP停）, 県庁正門〜元町〜敷戸北, 敷戸北〜元町〜大分駅前, 敷戸北〜元町〜大分駅前〜駅南（金池南）, 県庁正門〜元町〜大分工業高校, 大分駅前〜元町〜大分工業高校, 県庁正門前〜元町〜敷戸〜大分工業高校, 大分工業高校〜敷戸〜元町〜大分駅前, 敷戸北〜元町〜鶴崎支所, 鶴崎〜元町〜敷戸北, 鶴崎支所〜元町〜敷戸北〜大分工業高校, 大分工業高校〜敷戸北〜元町〜鶴崎, 県庁正門前〜大道〜敷戸北, 敷戸北〜大道〜コンパル入口, 県庁正門〜県病〜敷戸北, 敷戸北〜県病〜コンパル入口, 県庁正門〜大道〜敷戸〜大分工業高校, 大分工業高校〜敷戸北〜大道〜コンパル入口, 県庁正門〜県病〜敷戸北〜大分工業高校, 大分工業高校〜敷戸北〜県病〜コンパル入口, 鶴崎支所〜大道〜敷戸北, 鶴崎〜大道〜敷戸北, 敷戸北〜県病〜鶴崎（裏）, 敷戸北〜県病〜鶴崎, 鶴崎支所〜大道〜敷戸北〜大分工業高校, 県庁正門前〜木の上〜野津原公民館, 野津原公民館〜木の上〜コンパル入口, 県庁正門前〜わさだタウン〜野津原公民館, 野津原公民館〜わさだタウン〜コンパル, 県庁正門〜木〜南営業所, 南営業所〜木〜コンパル, 県庁正門〜木〜富士見（GP北）, 富士見（GP北）〜木〜コンパル, ホルト〜県庁正門〜木〜富士見（GP北）, 富士見（GP北）〜看〜木〜コンパル, 県庁正門前〜木〜看護大学前, 県庁正門〜木〜富〜すくすくいきいき村, すくすくいきいき村〜富〜木〜コンパル, 富士見（GP北）〜木〜鶴崎支所, 鶴崎支所〜木〜富〜すくすくいきいき村, すくすく〜富士見〜木〜商業高校, 県庁正門〜松が丘〜南営業所, 南営業所〜松が丘〜コンパル, 県庁正門〜松が丘〜富士見が丘（GP北）, 富士見（GP北）〜松が丘〜コンパル, ホルト〜県庁〜松が丘〜富士見（GP北）, 県庁正門〜松〜看護大学前, 県庁正門〜松〜富〜すくすくいきいき村, すくすくいきいき村〜富〜松〜コンパル, 鶴崎支所〜松が丘〜富士見（GP北）, すくすくいきいき村〜富〜松〜鶴崎支所, すくすく〜富士見〜松が丘〜商業高校, 田尻GH北〜田尻NT〜明磧〜コンパル, 県庁正門〜明磧〜田尻南2丁目, 田尻南2丁目〜明磧〜コンパル, 県庁正門〜下田尻〜わ〜三愛〜田尻南2丁目, 田尻南2丁目〜わ〜三愛〜下田尻〜コンパル, 県庁正門〜明磧〜ふじが丘山手, ふじが丘山手〜明磧〜コンパル, 県庁正門〜明磧〜ふじが丘〜田尻GH北, 田尻GH北〜ふじが丘〜明磧〜コンパル, 県庁正門〜明磧〜ふじが丘〜田尻南2丁目, 田尻南2丁目〜ふじが丘〜明磧〜コンパル, 田尻GH北〜ふじが丘〜明磧〜鶴崎支所, ふじが丘山手〜わ〜三愛〜下田尻〜コンパル, 田尻G西〜ふ〜わ〜三愛〜下田尻〜コンパル, 県庁〜下田尻〜わ〜三愛〜ふ〜田尻南2丁目, 田尻南2丁目〜ふじが丘〜わさだ〜コンパル, 田尻G北〜ふ〜光吉台中央〜県病〜コンパル, 田尻G西〜ふ〜光吉台中央〜県病〜コンパル, 県庁正門〜元町〜寒田〜ふじが丘山手, ふじが丘山手〜寒田〜元町〜大分駅前, 大分駅〜元町〜寒田〜ふじが丘山手, 県庁正門前〜元町〜寒田〜田尻G北, 田尻GH北〜寒田〜元町〜大分駅前, 県庁正門〜大道〜寒田〜ふじが丘山手, ふじが丘山手〜寒田〜大道〜コンパル, 県庁正門〜県病〜寒田〜ふじが丘山手, ふじが丘山手〜寒田〜県病〜コンパル, 県庁正門〜大道〜寒田〜ふじが丘〜田尻G北, 田尻G北〜ふじが丘〜寒田〜大道〜コンパル, 県庁正門〜県病〜寒田〜ふじが丘〜田尻G北, 県庁正門〜二豊団地東〜萌葱台, 萌葱台〜二豊団地東〜コンパル, 県庁正門〜二豊団地東〜萌葱台〜わさだT, わさだT〜萌葱台〜二豊団地東〜コンパル, 向之原駅〜松が丘〜宗方台中央〜コンパル, 県庁正門〜豊饒〜畑中, 畑中〜豊饒〜コンパル入口, 鶴崎支所〜豊饒〜畑中, 畑中〜豊饒〜鶴崎（裏）, 鶴崎〜豊饒〜畑中, 鶴崎支所〜県病〜畑中, 畑中〜県病〜鶴崎（裏）, 鶴崎〜県病〜畑中, 横塚東〜大在駅前〜豊饒〜畑中, 県庁正門前〜木の上〜向之原駅, 向之原駅〜木の上〜コンパルホール入口, 向之原駅〜国分〜賀来新川〜コンパルホール入口, 県庁正門〜大学病院〜向之原駅, 向之原駅〜大学病院〜コンパルホール入口, 大分駅前〜大学病院〜向之原駅, 県庁正門〜大学病院〜向之原駅〜すくいき村, すくいき村〜向之原駅〜大学病院〜コンパル, 向之原駅〜大学病院〜鶴崎支所, すくいき村〜向之原駅〜大学病院〜鶴崎支所, 県庁正門〜大学病院, 大学病院〜コンパル, 県庁正門〜大学病院〜野田入口, 野田入口〜大学病院〜コンパル, 県庁正門〜大学病院〜野田入口〜国新〜国団, 県庁〜大学病院〜野田入口〜国新〜富士見, 富士見〜国新〜野田入口〜大学病院〜コン, 県庁正門〜大学病院〜赤野, 赤野〜大学病院〜コンパル, 県庁正門〜大道〜わさだT〜三愛MC, わさだT〜三愛MC〜大道〜コンパル入口, 県庁正門〜明磧〜わさだT〜三愛メディカル, わさだT〜三愛メディカル〜明磧〜コンパル, 県庁正門〜わさだ〜三愛M〜富〜すくいき村, すくいき村〜富〜わさだ〜三愛M〜コンパル"
大分駅前,大分交通（株）,"鉄輪温泉-大分駅前, 関の江車庫-大分駅前, 中大山-大分駅前, 県立図書館前-大分駅前, 大分空港-新川, 5号地車庫-県立図書館前, 大分空港-大分駅前, 大分駅前-虹ケ丘西公園, 5号地車庫-柞原, 国東-大分駅前, 5号地車庫-大分駅前, 机張原-5号地車庫, 大分駅前-下坂本, 高崎4丁目-大分駅前, APU-大分駅前, 大分駅前-生石1丁目, 杵築＿1, 別大, 八幡, 大洲循環, 系統：3080, 青葉/西春日, 青葉/田室, 青葉/新川, フェリー＿3, 二豊"
大分駅前,大分市,大分きゃんバス
大分駅前,竹田市,大分駅線
王子山の手公園前,大分交通（株）,大分駅前-虹ケ丘西公園
山口［湯布院町］,由布市,奥江コース
高尾台入口,大分交通（株）,"県立図書館前-大分駅前, 5号地車庫-県立図書館前, 大分駅前-虹ケ丘西公園, 大洲循環"
高尾台公民館入口,大分交通（株）,大分駅前-虹ケ丘西公園
特養柞原の里前,大分交通（株）,"5号地車庫-柞原, 八幡"
高松,大分交通（株）,"5号地車庫-柞原, 八幡"
平原上三差路,由布市,小挾間・柚の木コース
上坂本,大分交通（株）,"机張原-5号地車庫, 八幡"
高崎3丁目,大分交通（株）,"高崎4丁目-大分駅前, 系統：3080"
津々良森,由布市,奥江コース
しらさぎ公園前,大分交通（株）,"大分駅前-虹ケ丘西公園, 高崎4丁目-大分駅前, 大分駅前-生石1丁目, 系統：3080, 青葉/西春日, 青葉/田室, 青葉/新川"
高崎4丁目,大分交通（株）,"高崎4丁目-大分駅前, 系統：3080, スクール"
門田（大分）,大分バス（株）,"県庁正門前〜加納〜猪野〜森町〜鶴崎支所, 鶴崎支所〜森町〜猪野〜加納〜大分駅前, 県庁正門前〜加納〜猪野〜森町〜鶴崎（裏）, 県庁正門前〜加納〜猪野〜森町〜鶴崎, 鶴崎〜森町〜猪野〜加納〜大分駅前, 大分駅前〜加納〜猪野〜森町〜鶴崎（裏）, 大分駅前〜皆春団地〜森町〜横尾, 菰田〜森町〜皆春団地〜大分駅前, PP〜中筋〜森町〜別保〜鶴崎支所（裏）, 鶴崎支所〜別保橋〜森町〜中筋〜PP, 鶴崎〜別保橋〜森町〜中筋〜PP"
大道小学校前,大分バス（株）,"県庁正門〜六坊〜元町〜古国府〜コンパル, 県庁正門〜大道〜古国府〜六坊〜大分駅前, 大分駅〜六坊〜元町〜古国府〜コンパル, 大分駅〜大道〜古国府〜六坊〜大分駅前, 県庁正門〜城南西町, 城南西町〜コンパル入口, 城南西町〜オアシス〜コンパル入口, ホルト〜県庁正門〜城南西町, 花高松〜萩原堺町〜裏川・東浜〜城南西町, 花高松〜萩原堺町〜城南西町, 鶴崎支所〜城南西町, 鶴崎〜城南西町, 城南西町〜萩原堺町〜花高松〜天然塚東, 花高松〜三ツ川〜萩原堺町〜城南西町, 城南西町〜裏川・東浜〜大分駅前, 辻〜榎峠〜大道〜コンパル入口, 金池ターミナル〜大道〜榎峠〜臼杵駅, 臼杵駅〜榎峠〜大道〜コンパル入口, 県庁正門〜県病〜戸次, 戸次〜県病〜コンパル, 金池ターミナル〜県病〜榎峠〜臼杵駅, 臼杵駅〜榎峠〜県病〜コンパル入口, 金池タ〜県病〜榎峠〜臼杵駅〜臼杵港, 臼杵港〜臼杵駅〜榎峠〜県病〜コンパル入口, 金池タ〜大道〜榎峠〜臼杵駅〜臼杵港, 臼杵港〜臼杵駅〜榎峠〜大道〜コンパル入口, 県庁正門〜大道〜分大〜高江〜大南団地北, 大南団地北〜高江〜分大〜大道〜コンパル, 県庁正門〜大道〜高江〜大南団地北, 大南団地北〜高江〜大道〜コンパル, 大分駅前〜大道〜高江〜大南団地北, 県庁正門〜県病〜分大〜大南団地北, 大南団地北〜分大〜県病〜コンパル, 県庁正門前〜大道〜敷戸北, 敷戸北〜大道〜コンパル入口, 県庁正門〜県病〜敷戸北, 敷戸北〜県病〜コンパル入口, 県庁正門〜大道〜敷戸〜大分工業高校, 大分工業高校〜敷戸北〜大道〜コンパル入口, 県庁正門〜県病〜敷戸北〜大分工業高校, 大分工業高校〜敷戸北〜県病〜コンパル入口, 鶴崎支所〜大道〜敷戸北, 鶴崎〜大道〜敷戸北, 敷戸北〜県病〜鶴崎（裏）, 敷戸北〜県病〜鶴崎, 鶴崎支所〜大道〜敷戸北〜大分工業高校, 県庁正門前〜木の上〜野津原公民館, 野津原公民館〜木の上〜コンパル入口, 県庁正門前〜わさだタウン〜野津原公民館, 野津原公民館〜わさだタウン〜コンパル, 県庁正門〜木〜南営業所, 南営業所〜木〜コンパル, 県庁正門〜木〜富士見（GP北）, 富士見（GP北）〜木〜コンパル, ホルト〜県庁正門〜木〜富士見（GP北）, 富士見（GP北）〜看〜木〜コンパル, 県庁正門前〜木〜看護大学前, 県庁正門〜木〜富〜すくすくいきいき村, すくすくいきいき村〜富〜木〜コンパル, 富士見（GP北）〜木〜鶴崎支所, 鶴崎支所〜木〜富〜すくすくいきいき村, すくすく〜富士見〜木〜商業高校, 県庁正門〜松が丘〜南営業所, 南営業所〜松が丘〜コンパル, 県庁正門〜松が丘〜富士見が丘（GP北）, 富士見（GP北）〜松が丘〜コンパル, ホルト〜県庁〜松が丘〜富士見（GP北）, 県庁正門〜松〜看護大学前, 県庁正門〜松〜富〜すくすくいきいき村, すくすくいきいき村〜富〜松〜コンパル, 鶴崎支所〜松が丘〜富士見（GP北）, すくすくいきいき村〜富〜松〜鶴崎支所, すくすくいきいき村〜富〜松〜オア〜コン, すくすく〜富士見〜松が丘〜商業高校, 田尻GH北〜田尻NT〜明磧〜コンパル, 県庁正門〜明磧〜田尻南2丁目, 田尻南2丁目〜明磧〜コンパル, 県庁正門〜下田尻〜わ〜三愛〜田尻南2丁目, 田尻南2丁目〜わ〜三愛〜下田尻〜コンパル, 県庁正門〜明磧〜ふじが丘山手, ふじが丘山手〜明磧〜コンパル, 県庁正門〜明磧〜ふじが丘〜田尻GH北, 田尻GH北〜ふじが丘〜明磧〜コンパル, 県庁正門〜明磧〜ふじが丘〜田尻南2丁目, 田尻南2丁目〜ふじが丘〜明磧〜コンパル, 田尻GH北〜ふじが丘〜明磧〜鶴崎支所, ふじが丘山手〜わ〜三愛〜下田尻〜コンパル, 田尻G西〜ふ〜わ〜三愛〜下田尻〜コンパル, 県庁〜下田尻〜わ〜三愛〜ふ〜田尻南2丁目, 田尻南2丁目〜ふじが丘〜わさだ〜コンパル, 田尻G北〜ふ〜光吉台中央〜県病〜コンパル, 田尻G西〜ふ〜光吉台中央〜県病〜コンパル, 県庁正門〜大道〜寒田〜ふじが丘山手, ふじが丘山手〜寒田〜大道〜コンパル, 県庁正門〜県病〜寒田〜ふじが丘山手, ふじが丘山手〜寒田〜県病〜コンパル, 県庁正門〜大道〜寒田〜ふじが丘〜田尻G北, 田尻G北〜ふじが丘〜寒田〜大道〜コンパル, 県庁正門〜県病〜寒田〜ふじが丘〜田尻G北, 県庁正門〜二豊団地東〜萌葱台, 萌葱台〜二豊団地東〜コンパル, 県庁正門〜二豊団地東〜萌葱台〜わさだT, わさだT〜萌葱台〜二豊団地東〜コンパル, 向之原駅〜松が丘〜宗方台中央〜コンパル, 県庁正門〜豊饒〜畑中, 畑中〜豊饒〜コンパル入口, 鶴崎支所〜豊饒〜畑中, 畑中〜豊饒〜鶴崎（裏）, 鶴崎〜豊饒〜畑中, 鶴崎支所〜県病〜畑中, 畑中〜県病〜鶴崎（裏）, 鶴崎〜県病〜畑中, 横塚東〜大在駅前〜豊饒〜畑中, 県庁正門前〜木の上〜向之原駅, 向之原駅〜木の上〜コンパルホール入口, 向之原駅〜国分〜賀来新川〜コンパルホール入口, 県庁正門〜大学病院〜向之原駅, 向之原駅〜大学病院〜コンパルホール入口, 大分駅前〜大学病院〜向之原駅, 県庁正門〜大学病院〜向之原駅〜すくいき村, すくいき村〜向之原駅〜大学病院〜コンパル, 向之原駅〜大学病院〜鶴崎支所, すくいき村〜向之原駅〜大学病院〜鶴崎支所, 県庁正門〜大学病院, 大学病院〜コンパル, 県庁正門〜大学病院〜野田入口, 野田入口〜大学病院〜コンパル, 県庁正門〜大学病院〜野田入口〜国新〜国団, 県庁〜大学病院〜野田入口〜国新〜富士見, 富士見〜国新〜野田入口〜大学病院〜コン, 県庁正門〜大学病院〜赤野, 赤野〜大学病院〜コンパル, 県庁正門〜大道〜わさだT〜三愛MC, わさだT〜三愛MC〜大道〜コンパル入口, 県庁正門〜明磧〜わさだT〜三愛メディカル, わさだT〜三愛メディカル〜明磧〜コンパル, 県庁正門〜わさだ〜三愛M〜富〜すくいき村, すくいき村〜富〜わさだ〜三愛M〜コンパル"
朴木猿渡,由布市,朴木コース
要町,大分バス（株）,"要町〜竹町〜市美術館〜オアシス〜要町, 要町〜竹町〜市美術館〜大友氏館跡〜要町, 要町〜牧〜一里塚, 要町〜萩原〜明野東口〜大分高, 大分高校〜明野東口〜萩原〜要町（考査）, 情報科学高〜明野東口〜萩原〜要町, 要町〜萩原〜明野西町〜大分高, 要町〜高城〜池の平〜PP〜京が丘, 要町〜高城〜池の平〜PP〜浄雲寺, 要町〜高城〜池の平〜PP, 菰田〜PP〜池の平〜高城〜要町, 免許C〜PP〜池の平〜高城〜要町"
要町,大分市,大分きゃんバス
大分高専,大分バス（株）,"要町〜萩原〜明野東口〜大分高, 大分高校〜明野東口〜萩原〜要町（考査）, 情報科学高〜明野東口〜萩原〜要町, 要町〜萩原〜明野西町〜大分高, 大分駅前〜萩原〜公商〜米良BP〜大分駅前, 県庁正門〜米良BP〜情商公〜萩原〜大分駅, 大分駅前〜萩原〜公園通り東, 公園通り中央〜萩原〜大分駅前"
白木,臼津交通（株）,臼関線
平原入口,由布市,"スクールバス大津留コース, 小挾間・柚の木コース"
北団地入口,大分バス（株）,"県庁正門前〜加納〜猪野〜桃園〜鶴崎支所, 鶴崎支所〜桃園〜猪野〜加納〜大分駅前, 県庁正門前〜加納〜猪野〜桃園〜鶴崎（裏）, 県庁正門前〜加納〜猪野〜桃園〜鶴崎, 鶴崎〜桃園〜猪野〜加納〜大分駅前, ホルト〜県庁〜加納〜猪野〜桃園〜鶴崎, 鶴崎〜桃園〜加納〜駅〜駅南（金池南）, 大分駅〜加納〜猪野〜桃園〜鶴崎（裏）"
大分駅上野の森口,大分バス（株）,"要町〜竹町〜市美術館〜オアシス〜要町, 要町〜竹町〜市美術館〜大友氏館跡〜要町"
大分駅上野の森口,大分市,大分きゃんバス
スカイタウン高崎グランド前,大分交通（株）,"高崎4丁目-大分駅前, 系統：3080"
スカイタウン高崎センター前,大分交通（株）,"大分駅前-虹ケ丘西公園, 高崎4丁目-大分駅前, 大分駅前-生石1丁目, 系統：3080, 青葉/西春日, 青葉/田室, 青葉/新川"
金池,大分バス（株）,"要町〜竹町〜市美術館〜オアシス〜要町, 県庁正門〜六坊〜元町〜古国府〜コンパル, 県庁正門〜大道〜古国府〜六坊〜大分駅前, 大分駅〜六坊〜元町〜古国府〜コンパル, 大分駅〜大道〜古国府〜六坊〜大分駅前, 県庁正門前〜元町〜羽田〜下郡〜大分駅前, 県庁正門〜下郡BP〜羽田〜下郡〜大分駅前, 大分駅前〜下郡BP〜羽田〜下郡〜大分駅前, 米良〜大分駅前, 県庁正門〜米良, ホルト〜県庁正門〜城南西町, 大分駅〜加納〜西小前〜大分高, 大分駅〜加納〜西小前〜免許C, 免許C〜西小前〜加納〜大分駅前, 大分駅前〜萩原〜公商〜米良BP〜大分駅前, 県庁正門〜米良BP〜情商公〜萩原〜大分駅, 県庁正門〜米良BP〜商〜公園通り東, 公園通り中央〜商〜米良BP〜大分駅前, パークプレイス〜米良BP〜大分駅前, 大分駅前〜米良BP〜商〜公園通り東, 県庁正門〜加納〜大分高〜旭町〜大分駅前, 大分駅〜加納〜大分高〜旭町〜大分駅前, 県庁正門〜加納〜大分高〜旭町, 明野中学校〜大分高〜旭町〜大分駅前, 大分高〜旭町〜大分駅前, 県庁正門〜明野西町〜法勝台〜大分駅前, 県庁正門〜明野西町〜法勝台一, 法勝台三〜明野西町〜大分駅前, 県庁正門〜加納〜猪野〜けやき台四, けやき台四〜猪野〜加納〜大分駅前, けやき台〜猪野〜加納〜駅〜駅南（金池南）, JSC前（東芝）〜猪野〜加納〜大分駅前, 県庁正門前〜猪野〜丸亀, 県庁正門前〜加納〜猪野〜森町〜鶴崎支所, 鶴崎支所〜森町〜猪野〜加納〜大分駅前, 県庁正門前〜加納〜猪野〜森町〜鶴崎（裏）, 県庁正門前〜加納〜猪野〜森町〜鶴崎, 鶴崎〜森町〜猪野〜加納〜大分駅前, 大分駅前〜加納〜猪野〜森町〜鶴崎（裏）, 県庁正門前〜加納〜猪野〜桃園〜鶴崎支所, 鶴崎支所〜桃園〜猪野〜加納〜大分駅前, 県庁正門前〜加納〜猪野〜桃園〜鶴崎（裏）, 県庁正門前〜加納〜猪野〜桃園〜鶴崎, 鶴崎〜桃園〜猪野〜加納〜大分駅前, ホルト〜県庁〜加納〜猪野〜桃園〜鶴崎, 鶴崎〜桃園〜加納〜駅〜駅南（金池南）, 大分駅〜加納〜猪野〜桃園〜鶴崎（裏）, 県庁正門前〜加納〜猪野〜宮河内ハイランド, 宮河内一〜猪野〜加納〜大分駅前, 大分駅〜加納〜猪野〜宮河内（東高休校）, 大分駅前〜加納〜猪野〜金の手〜横尾, 県庁正門前〜元町〜戸次, 戸次〜元町〜大分駅前, 梅が丘〜元町〜大分駅前, 南高校〜猪野〜加納〜大分駅前, 大分駅〜加納〜猪野〜南高校, 県庁正門〜元町〜分大〜高江〜大南団地北, 大南団地北〜高江〜分大〜元町〜大分駅前, ホルト〜県庁〜元町〜分大〜高江〜大南, 県庁正門〜元町〜高江〜大南団地北, 大南団地北〜高江〜元町〜大分駅前, 大南団地北〜高江〜元町〜駅〜駅南（金池南）, 旦野原〜米良BP〜大分駅（快米良BP停）, 県庁正門〜元町〜敷戸北, 敷戸北〜元町〜大分駅前, 敷戸北〜元町〜大分駅前〜駅南（金池南）, 県庁正門〜元町〜大分工業高校, 大分駅前〜元町〜大分工業高校, 県庁正門前〜元町〜敷戸〜大分工業高校, 大分工業高校〜敷戸〜元町〜大分駅前, 敷戸北〜元町〜鶴崎支所, 鶴崎〜元町〜敷戸北, 鶴崎支所〜元町〜敷戸北〜大分工業高校, 大分工業高校〜敷戸北〜元町〜鶴崎, ホルト〜県庁正門〜木〜富士見（GP北）, ホルト〜県庁〜松が丘〜富士見（GP北）, 県庁正門〜元町〜寒田〜ふじが丘山手, ふじが丘山手〜寒田〜元町〜大分駅前, 大分駅〜元町〜寒田〜ふじが丘山手, 県庁正門前〜元町〜寒田〜田尻G北, 田尻GH北〜寒田〜元町〜大分駅前"
顕徳町,大分バス（株）,"県庁正門〜六坊〜元町〜古国府〜コンパル, 県庁正門〜大道〜古国府〜六坊〜大分駅前, 大分駅〜六坊〜元町〜古国府〜コンパル, 大分駅〜大道〜古国府〜六坊〜大分駅前, 県庁正門前〜元町〜羽田〜下郡〜大分駅前, 県庁正門〜下郡BP〜羽田〜下郡〜大分駅前, 大分駅前〜下郡BP〜羽田〜下郡〜大分駅前, 米良〜大分駅前, 県庁正門〜米良, 大分駅〜加納〜西小前〜大分高, 大分駅〜加納〜西小前〜免許C, 免許C〜西小前〜加納〜大分駅前, 大分駅前〜萩原〜公商〜米良BP〜大分駅前, 県庁正門〜米良BP〜情商公〜萩原〜大分駅, 県庁正門〜米良BP〜商〜公園通り東, 公園通り中央〜商〜米良BP〜大分駅前, パークプレイス〜米良BP〜大分駅前, 大分駅前〜米良BP〜商〜公園通り東, 県庁正門〜加納〜大分高〜旭町〜大分駅前, 大分駅〜加納〜大分高〜旭町〜大分駅前, 県庁正門〜加納〜大分高〜旭町, 明野中学校〜大分高〜旭町〜大分駅前, 大分高〜旭町〜大分駅前, 県庁正門〜明野西町〜法勝台〜大分駅前, 県庁正門〜明野西町〜法勝台一, 法勝台三〜明野西町〜大分駅前, 県庁正門〜加納〜猪野〜けやき台四, けやき台四〜猪野〜加納〜大分駅前, けやき台〜猪野〜加納〜駅〜駅南（金池南）, JSC前（東芝）〜猪野〜加納〜大分駅前, 県庁正門前〜猪野〜丸亀, 県庁正門前〜加納〜猪野〜森町〜鶴崎支所, 鶴崎支所〜森町〜猪野〜加納〜大分駅前, 県庁正門前〜加納〜猪野〜森町〜鶴崎（裏）, 県庁正門前〜加納〜猪野〜森町〜鶴崎, 鶴崎〜森町〜猪野〜加納〜大分駅前, 大分駅前〜加納〜猪野〜森町〜鶴崎（裏）, 県庁正門前〜加納〜猪野〜桃園〜鶴崎支所, 鶴崎支所〜桃園〜猪野〜加納〜大分駅前, 県庁正門前〜加納〜猪野〜桃園〜鶴崎（裏）, 県庁正門前〜加納〜猪野〜桃園〜鶴崎, 鶴崎〜桃園〜猪野〜加納〜大分駅前, ホルト〜県庁〜加納〜猪野〜桃園〜鶴崎, 鶴崎〜桃園〜加納〜駅〜駅南（金池南）, 大分駅〜加納〜猪野〜桃園〜鶴崎（裏）, 県庁正門前〜加納〜猪野〜宮河内ハイランド, 宮河内一〜猪野〜加納〜大分駅前, 大分駅〜加納〜猪野〜宮河内（東高休校）, 大分駅前〜加納〜猪野〜金の手〜横尾, 県庁正門前〜元町〜戸次, 戸次〜元町〜大分駅前, 梅が丘〜元町〜大分駅前, 南高校〜猪野〜加納〜大分駅前, 大分駅〜加納〜猪野〜南高校, 県庁正門〜元町〜分大〜高江〜大南団地北, 大南団地北〜高江〜分大〜元町〜大分駅前, ホルト〜県庁〜元町〜分大〜高江〜大南, 県庁正門〜元町〜高江〜大南団地北, 大南団地北〜高江〜元町〜大分駅前, 大南団地北〜高江〜元町〜駅〜駅南（金池南）, 旦野原〜米良BP〜大分駅（快米良BP停）, 県庁正門〜元町〜敷戸北, 敷戸北〜元町〜大分駅前, 敷戸北〜元町〜大分駅前〜駅南（金池南）, 県庁正門〜元町〜大分工業高校, 大分駅前〜元町〜大分工業高校, 県庁正門前〜元町〜敷戸〜大分工業高校, 大分工業高校〜敷戸〜元町〜大分駅前, 敷戸北〜元町〜鶴崎支所, 鶴崎〜元町〜敷戸北, 鶴崎支所〜元町〜敷戸北〜大分工業高校, 大分工業高校〜敷戸北〜元町〜鶴崎, 県庁正門〜元町〜寒田〜ふじが丘山手, ふじが丘山手〜寒田〜元町〜大分駅前, 大分駅〜元町〜寒田〜ふじが丘山手, 県庁正門前〜元町〜寒田〜田尻G北, 田尻GH北〜寒田〜元町〜大分駅前"
猪野団地入口,大分バス（株）,"大分駅前〜萩原堺町〜花高松〜天然塚東, 城南西町〜萩原堺町〜花高松〜天然塚東, 県庁正門〜明野西町〜法勝台〜大分駅前, 県庁正門〜明野西町〜法勝台一, 法勝台三〜明野西町〜大分駅前, 要町〜高城〜池の平〜PP〜京が丘, 要町〜高城〜池の平〜PP〜浄雲寺, 要町〜高城〜池の平〜PP, 菰田〜PP〜池の平〜高城〜要町, 免許C〜PP〜池の平〜高城〜要町"
堀塚,大分交通（株）,"机張原-5号地車庫, 八幡"
滝尾橋東,大分バス（株）,"米良〜大分駅前, 県庁正門〜米良, 大分駅〜加納〜西小前〜大分高, 大分駅〜加納〜西小前〜免許C, 免許C〜西小前〜加納〜大分駅前, 大分駅前〜萩原〜公商〜米良BP〜大分駅前, 県庁正門〜米良BP〜情商公〜萩原〜大分駅, 県庁正門〜米良BP〜商〜公園通り東, 公園通り中央〜商〜米良BP〜大分駅前, パークプレイス〜米良BP〜大分駅前, 大分駅前〜米良BP〜商〜公園通り東, 県庁正門〜加納〜大分高〜旭町〜大分駅前, 大分駅〜加納〜大分高〜旭町〜大分駅前, 県庁正門〜加納〜大分高〜旭町, 明野中学校〜大分高〜旭町〜大分駅前, 大分高〜旭町〜大分駅前, 県庁正門〜明野西町〜法勝台〜大分駅前, 県庁正門〜明野西町〜法勝台一, 法勝台三〜明野西町〜大分駅前, 県庁正門〜加納〜猪野〜けやき台四, けやき台四〜猪野〜加納〜大分駅前, けやき台〜猪野〜加納〜駅〜駅南（金池南）, JSC前（東芝）〜猪野〜加納〜大分駅前, 県庁正門前〜猪野〜丸亀, 県庁正門前〜加納〜猪野〜森町〜鶴崎支所, 鶴崎支所〜森町〜猪野〜加納〜大分駅前, 県庁正門前〜加納〜猪野〜森町〜鶴崎（裏）, 県庁正門前〜加納〜猪野〜森町〜鶴崎, 鶴崎〜森町〜猪野〜加納〜大分駅前, 大分駅前〜加納〜猪野〜森町〜鶴崎（裏）, 県庁正門前〜加納〜猪野〜桃園〜鶴崎支所, 鶴崎支所〜桃園〜猪野〜加納〜大分駅前, 県庁正門前〜加納〜猪野〜桃園〜鶴崎（裏）, 県庁正門前〜加納〜猪野〜桃園〜鶴崎, 鶴崎〜桃園〜猪野〜加納〜大分駅前, ホルト〜県庁〜加納〜猪野〜桃園〜鶴崎, 鶴崎〜桃園〜加納〜駅〜駅南（金池南）, 大分駅〜加納〜猪野〜桃園〜鶴崎（裏）, 県庁正門前〜加納〜猪野〜宮河内ハイランド, 宮河内一〜猪野〜加納〜大分駅前, 大分駅〜加納〜猪野〜宮河内（東高休校）, 大分駅前〜加納〜猪野〜金の手〜横尾, 南高校〜猪野〜加納〜大分駅前, 大分駅〜加納〜猪野〜南高校"
錦町三丁目,大分バス（株）,"県庁正門前〜元町〜羽田〜下郡〜大分駅前, 県庁正門〜下郡BP〜羽田〜下郡〜大分駅前, 大分駅前〜下郡BP〜羽田〜下郡〜大分駅前, 米良〜大分駅前, 県庁正門〜米良, 大分駅〜加納〜西小前〜大分高, 大分駅〜加納〜西小前〜免許C, 免許C〜西小前〜加納〜大分駅前, 大分駅前〜萩原〜公商〜米良BP〜大分駅前, 県庁正門〜米良BP〜情商公〜萩原〜大分駅, 県庁正門〜米良BP〜商〜公園通り東, 公園通り中央〜商〜米良BP〜大分駅前, パークプレイス〜米良BP〜大分駅前, 大分駅前〜米良BP〜商〜公園通り東, 県庁正門〜加納〜大分高〜旭町〜大分駅前, 大分駅〜加納〜大分高〜旭町〜大分駅前, 県庁正門〜加納〜大分高〜旭町, 明野中学校〜大分高〜旭町〜大分駅前, 大分高〜旭町〜大分駅前, 県庁正門〜明野西町〜法勝台〜大分駅前, 県庁正門〜明野西町〜法勝台一, 法勝台三〜明野西町〜大分駅前, 県庁正門〜加納〜猪野〜けやき台四, けやき台四〜猪野〜加納〜大分駅前, けやき台〜猪野〜加納〜駅〜駅南（金池南）, JSC前（東芝）〜猪野〜加納〜大分駅前, 県庁正門前〜猪野〜丸亀, 県庁正門前〜加納〜猪野〜森町〜鶴崎支所, 鶴崎支所〜森町〜猪野〜加納〜大分駅前, 県庁正門前〜加納〜猪野〜森町〜鶴崎（裏）, 県庁正門前〜加納〜猪野〜森町〜鶴崎, 鶴崎〜森町〜猪野〜加納〜大分駅前, 大分駅前〜加納〜猪野〜森町〜鶴崎（裏）, 県庁正門前〜加納〜猪野〜桃園〜鶴崎支所, 鶴崎支所〜桃園〜猪野〜加納〜大分駅前, 県庁正門前〜加納〜猪野〜桃園〜鶴崎（裏）, 県庁正門前〜加納〜猪野〜桃園〜鶴崎, 鶴崎〜桃園〜猪野〜加納〜大分駅前, ホルト〜県庁〜加納〜猪野〜桃園〜鶴崎, 鶴崎〜桃園〜加納〜駅〜駅南（金池南）, 大分駅〜加納〜猪野〜桃園〜鶴崎（裏）, 県庁正門前〜加納〜猪野〜宮河内ハイランド, 宮河内一〜猪野〜加納〜大分駅前, 大分駅〜加納〜猪野〜宮河内（東高休校）, 大分駅前〜加納〜猪野〜金の手〜横尾, 南高校〜猪野〜加納〜大分駅前, 大分駅〜加納〜猪野〜南高校"
志手,大分交通（株）,"県立図書館前-大分駅前, 5号地車庫-県立図書館前, 大分駅前-虹ケ丘西公園, 大洲循環"
小迫,日田バス（株）,五馬線
北下郡,大分バス（株）,"米良〜大分駅前, 県庁正門〜米良, 大分駅〜加納〜西小前〜大分高, 大分駅〜加納〜西小前〜免許C, 免許C〜西小前〜加納〜大分駅前, 大分駅前〜萩原〜公商〜米良BP〜大分駅前, 県庁正門〜米良BP〜情商公〜萩原〜大分駅, 県庁正門〜米良BP〜商〜公園通り東, 公園通り中央〜商〜米良BP〜大分駅前, パークプレイス〜米良BP〜大分駅前, 大分駅前〜米良BP〜商〜公園通り東, 県庁正門〜加納〜大分高〜旭町〜大分駅前, 大分駅〜加納〜大分高〜旭町〜大分駅前, 県庁正門〜加納〜大分高〜旭町, 明野中学校〜大分高〜旭町〜大分駅前, 大分高〜旭町〜大分駅前, 県庁正門〜明野西町〜法勝台〜大分駅前, 県庁正門〜明野西町〜法勝台一, 法勝台三〜明野西町〜大分駅前, 県庁正門〜加納〜猪野〜けやき台四, けやき台四〜猪野〜加納〜大分駅前, けやき台〜猪野〜加納〜駅〜駅南（金池南）, JSC前（東芝）〜猪野〜加納〜大分駅前, 県庁正門前〜猪野〜丸亀, 県庁正門前〜加納〜猪野〜森町〜鶴崎支所, 鶴崎支所〜森町〜猪野〜加納〜大分駅前, 県庁正門前〜加納〜猪野〜森町〜鶴崎（裏）, 県庁正門前〜加納〜猪野〜森町〜鶴崎, 鶴崎〜森町〜猪野〜加納〜大分駅前, 大分駅前〜加納〜猪野〜森町〜鶴崎（裏）, 県庁正門前〜加納〜猪野〜桃園〜鶴崎支所, 鶴崎支所〜桃園〜猪野〜加納〜大分駅前, 県庁正門前〜加納〜猪野〜桃園〜鶴崎（裏）, 県庁正門前〜加納〜猪野〜桃園〜鶴崎, 鶴崎〜桃園〜猪野〜加納〜大分駅前, ホルト〜県庁〜加納〜猪野〜桃園〜鶴崎, 鶴崎〜桃園〜加納〜駅〜駅南（金池南）, 大分駅〜加納〜猪野〜桃園〜鶴崎（裏）, 県庁正門前〜加納〜猪野〜宮河内ハイランド, 宮河内一〜猪野〜加納〜大分駅前, 大分駅〜加納〜猪野〜宮河内（東高休校）, 大分駅前〜加納〜猪野〜金の手〜横尾, 南高校〜猪野〜加納〜大分駅前, 大分駅〜加納〜猪野〜南高校"
上北下郡,大分バス（株）,"米良〜大分駅前, 県庁正門〜米良, 大分駅〜加納〜西小前〜大分高, 大分駅〜加納〜西小前〜免許C, 免許C〜西小前〜加納〜大分駅前, 大分駅前〜萩原〜公商〜米良BP〜大分駅前, 県庁正門〜米良BP〜情商公〜萩原〜大分駅, 県庁正門〜米良BP〜商〜公園通り東, 公園通り中央〜商〜米良BP〜大分駅前, パークプレイス〜米良BP〜大分駅前, 大分駅前〜米良BP〜商〜公園通り東, 県庁正門〜加納〜大分高〜旭町〜大分駅前, 大分駅〜加納〜大分高〜旭町〜大分駅前, 県庁正門〜加納〜大分高〜旭町, 明野中学校〜大分高〜旭町〜大分駅前, 大分高〜旭町〜大分駅前, 県庁正門〜明野西町〜法勝台〜大分駅前, 県庁正門〜明野西町〜法勝台一, 法勝台三〜明野西町〜大分駅前, 県庁正門〜加納〜猪野〜けやき台四, けやき台四〜猪野〜加納〜大分駅前, けやき台〜猪野〜加納〜駅〜駅南（金池南）, JSC前（東芝）〜猪野〜加納〜大分駅前, 県庁正門前〜猪野〜丸亀, 県庁正門前〜加納〜猪野〜森町〜鶴崎支所, 鶴崎支所〜森町〜猪野〜加納〜大分駅前, 県庁正門前〜加納〜猪野〜森町〜鶴崎（裏）, 県庁正門前〜加納〜猪野〜森町〜鶴崎, 鶴崎〜森町〜猪野〜加納〜大分駅前, 大分駅前〜加納〜猪野〜森町〜鶴崎（裏）, 県庁正門前〜加納〜猪野〜桃園〜鶴崎支所, 鶴崎支所〜桃園〜猪野〜加納〜大分駅前, 県庁正門前〜加納〜猪野〜桃園〜鶴崎（裏）, 県庁正門前〜加納〜猪野〜桃園〜鶴崎, 鶴崎〜桃園〜猪野〜加納〜大分駅前, ホルト〜県庁〜加納〜猪野〜桃園〜鶴崎, 鶴崎〜桃園〜加納〜駅〜駅南（金池南）, 大分駅〜加納〜猪野〜桃園〜鶴崎（裏）, 県庁正門前〜加納〜猪野〜宮河内ハイランド, 宮河内一〜猪野〜加納〜大分駅前, 大分駅〜加納〜猪野〜宮河内（東高休校）, 大分駅前〜加納〜猪野〜金の手〜横尾, 南高校〜猪野〜加納〜大分駅前, 大分駅〜加納〜猪野〜南高校"
紅陽台,大分バス（株）,"県庁正門〜明野西町〜法勝台〜大分駅前, 県庁正門〜明野西町〜法勝台一, 法勝台三〜明野西町〜大分駅前, 要町〜高城〜池の平〜PP〜京が丘, 要町〜高城〜池の平〜PP〜浄雲寺, 要町〜高城〜池の平〜PP, 菰田〜PP〜池の平〜高城〜要町, 免許C〜PP〜池の平〜高城〜要町"
加納,大分バス（株）,"米良〜大分駅前, 県庁正門〜米良, 大分駅〜加納〜西小前〜大分高, 大分駅〜加納〜西小前〜免許C, 免許C〜西小前〜加納〜大分駅前, 県庁正門〜加納〜大分高〜旭町〜大分駅前, 大分駅〜加納〜大分高〜旭町〜大分駅前, 県庁正門〜加納〜大分高〜旭町, 明野中学校〜大分高〜旭町〜大分駅前, 大分高〜旭町〜大分駅前, 県庁正門〜明野西町〜法勝台〜大分駅前, 県庁正門〜明野西町〜法勝台一, 法勝台三〜明野西町〜大分駅前, 県庁正門〜加納〜猪野〜けやき台四, けやき台四〜猪野〜加納〜大分駅前, けやき台〜猪野〜加納〜駅〜駅南（金池南）, JSC前（東芝）〜猪野〜加納〜大分駅前, 県庁正門前〜猪野〜丸亀, 県庁正門前〜加納〜猪野〜森町〜鶴崎支所, 鶴崎支所〜森町〜猪野〜加納〜大分駅前, 県庁正門前〜加納〜猪野〜森町〜鶴崎（裏）, 県庁正門前〜加納〜猪野〜森町〜鶴崎, 鶴崎〜森町〜猪野〜加納〜大分駅前, 大分駅前〜加納〜猪野〜森町〜鶴崎（裏）, 県庁正門前〜加納〜猪野〜桃園〜鶴崎支所, 鶴崎支所〜桃園〜猪野〜加納〜大分駅前, 県庁正門前〜加納〜猪野〜桃園〜鶴崎（裏）, 県庁正門前〜加納〜猪野〜桃園〜鶴崎, 鶴崎〜桃園〜猪野〜加納〜大分駅前, ホルト〜県庁〜加納〜猪野〜桃園〜鶴崎, 鶴崎〜桃園〜加納〜駅〜駅南（金池南）, 大分駅〜加納〜猪野〜桃園〜鶴崎（裏）, 県庁正門前〜加納〜猪野〜宮河内ハイランド, 宮河内一〜猪野〜加納〜大分駅前, 大分駅〜加納〜猪野〜宮河内（東高休校）, 大分駅前〜加納〜猪野〜金の手〜横尾, 南高校〜猪野〜加納〜大分駅前, 大分駅〜加納〜猪野〜南高校"
堺,由布市,小挾間・柚の木コース
上皆春,大分バス（株）,"県庁正門前〜加納〜猪野〜森町〜鶴崎支所, 鶴崎支所〜森町〜猪野〜加納〜大分駅前, 県庁正門前〜加納〜猪野〜森町〜鶴崎（裏）, 県庁正門前〜加納〜猪野〜森町〜鶴崎, 鶴崎〜森町〜猪野〜加納〜大分駅前, 大分駅前〜加納〜猪野〜森町〜鶴崎（裏）, 大分駅前〜皆春団地〜森町〜横尾, 菰田〜森町〜皆春団地〜大分駅前, PP〜中筋〜森町〜別保〜鶴崎支所（裏）, 鶴崎支所〜別保橋〜森町〜中筋〜PP, 鶴崎〜別保橋〜森町〜中筋〜PP"
上春日町,大分交通（株）,"大分駅前-虹ケ丘西公園, 大分駅前-生石1丁目, 青葉/田室"
下鎌手,日田バス（株）,杖立線
夫婦岩,由布市,"スクールバス大津留コース, 小挾間・柚の木コース"
滝尾橋東（滝尾循環線）,大分バス（株）,"県庁正門前〜元町〜羽田〜下郡〜大分駅前, 県庁正門〜下郡BP〜羽田〜下郡〜大分駅前, 大分駅前〜下郡BP〜羽田〜下郡〜大分駅前"
ひまわり団地,大分バス（株）,"県庁正門前〜加納〜猪野〜桃園〜鶴崎支所, 鶴崎支所〜桃園〜猪野〜加納〜大分駅前, 県庁正門前〜加納〜猪野〜桃園〜鶴崎（裏）, 県庁正門前〜加納〜猪野〜桃園〜鶴崎, 鶴崎〜桃園〜猪野〜加納〜大分駅前, ホルト〜県庁〜加納〜猪野〜桃園〜鶴崎, 鶴崎〜桃園〜加納〜駅〜駅南（金池南）, 大分駅〜加納〜猪野〜桃園〜鶴崎（裏）"
石堂,由布市,七蔵司コース
富迫トンネル口,大分交通（株）,栃木宮の原
ホルトホール大分,大分バス（株）,"要町〜竹町〜市美術館〜オアシス〜要町, 要町〜竹町〜市美術館〜大友氏館跡〜要町, ホルト〜県庁正門〜城南西町, けやき台〜猪野〜加納〜駅〜駅南（金池南）, ホルト〜県庁〜加納〜猪野〜桃園〜鶴崎, 鶴崎〜桃園〜加納〜駅〜駅南（金池南）, ホルト〜県庁〜元町〜分大〜高江〜大南, 大南団地北〜高江〜元町〜駅〜駅南（金池南）, 敷戸北〜元町〜大分駅前〜駅南（金池南）, ホルト〜県庁正門〜木〜富士見（GP北）, ホルト〜県庁〜松が丘〜富士見（GP北）"
ホルトホール大分,大分市,大分きゃんバス
朴木上,由布市,朴木コース
金谷迫,大分交通（株）,"机張原-5号地車庫, 八幡"
小畑,由布市,朴木コース
東大道1丁目,大分バス（株）,"要町〜竹町〜市美術館〜オアシス〜要町, 要町〜竹町〜市美術館〜大友氏館跡〜要町"
東大道1丁目,大分市,大分きゃんバス
にじが丘入口,大分交通（株）,"大分駅前-虹ケ丘西公園, 大分駅前-生石1丁目, 青葉/西春日, 青葉/田室, 青葉/新川"
大友氏館跡西側入口,大分バス（株）,要町〜竹町〜市美術館〜大友氏館跡〜要町
大友氏館跡西側入口,大分市,大分きゃんバス
明野北町,大分バス（株）,"要町〜萩原〜明野東口〜大分高, 大分高校〜明野東口〜萩原〜要町（考査）, 情報科学高〜明野東口〜萩原〜要町, 要町〜萩原〜明野西町〜大分高, 大分駅前〜萩原〜公商〜米良BP〜大分駅前, 県庁正門〜米良BP〜情商公〜萩原〜大分駅, 大分駅前〜萩原〜公園通り東, 公園通り中央〜萩原〜大分駅前"
米良バイパス入口,大分バス（株）,"大分駅前〜萩原〜公商〜米良BP〜大分駅前, 県庁正門〜米良BP〜情商公〜萩原〜大分駅, 県庁正門〜米良BP〜商〜公園通り東, 公園通り中央〜商〜米良BP〜大分駅前, パークプレイス〜米良BP〜大分駅前, 大分駅前〜米良BP〜商〜公園通り東, 旦野原〜米良BP〜大分駅（快米良BP停）"
にじが丘公民館前,大分交通（株）,"大分駅前-虹ケ丘西公園, 大分駅前-生石1丁目, 青葉/西春日, 青葉/田室, 青葉/新川"
一木,由布市,"シャトルバス：スクール石城系統, 七蔵司コース"
明野北小学校前,大分バス（株）,"県庁正門〜明野西町〜法勝台〜大分駅前, 県庁正門〜明野西町〜法勝台一, 法勝台三〜明野西町〜大分駅前, 要町〜高城〜池の平〜PP〜京が丘, 要町〜高城〜池の平〜PP〜浄雲寺, 要町〜高城〜池の平〜PP, 菰田〜PP〜池の平〜高城〜要町, 免許C〜PP〜池の平〜高城〜要町"
大道四丁目,大分バス（株）,"県庁正門〜六坊〜元町〜古国府〜コンパル, 県庁正門〜大道〜古国府〜六坊〜大分駅前, 大分駅〜六坊〜元町〜古国府〜コンパル, 大分駅〜大道〜古国府〜六坊〜大分駅前, 県庁正門〜城南西町, 城南西町〜コンパル入口, 城南西町〜オアシス〜コンパル入口, ホルト〜県庁正門〜城南西町, 花高松〜萩原堺町〜裏川・東浜〜城南西町, 花高松〜萩原堺町〜城南西町, 鶴崎支所〜城南西町, 鶴崎〜城南西町, 城南西町〜萩原堺町〜花高松〜天然塚東, 花高松〜三ツ川〜萩原堺町〜城南西町, 城南西町〜裏川・東浜〜大分駅前, 辻〜榎峠〜大道〜コンパル入口, 金池ターミナル〜大道〜榎峠〜臼杵駅, 臼杵駅〜榎峠〜大道〜コンパル入口, 県庁正門〜県病〜戸次, 戸次〜県病〜コンパル, 金池ターミナル〜県病〜榎峠〜臼杵駅, 臼杵駅〜榎峠〜県病〜コンパル入口, 金池タ〜県病〜榎峠〜臼杵駅〜臼杵港, 臼杵港〜臼杵駅〜榎峠〜県病〜コンパル入口, 金池タ〜大道〜榎峠〜臼杵駅〜臼杵港, 臼杵港〜臼杵駅〜榎峠〜大道〜コンパル入口, 県庁正門〜大道〜分大〜高江〜大南団地北, 大南団地北〜高江〜分大〜大道〜コンパル, 県庁正門〜大道〜高江〜大南団地北, 大南団地北〜高江〜大道〜コンパル, 大分駅前〜大道〜高江〜大南団地北, 県庁正門〜県病〜分大〜大南団地北, 大南団地北〜分大〜県病〜コンパル, 県庁正門前〜大道〜敷戸北, 敷戸北〜大道〜コンパル入口, 県庁正門〜県病〜敷戸北, 敷戸北〜県病〜コンパル入口, 県庁正門〜大道〜敷戸〜大分工業高校, 大分工業高校〜敷戸北〜大道〜コンパル入口, 県庁正門〜県病〜敷戸北〜大分工業高校, 大分工業高校〜敷戸北〜県病〜コンパル入口, 鶴崎支所〜大道〜敷戸北, 鶴崎〜大道〜敷戸北, 敷戸北〜県病〜鶴崎（裏）, 敷戸北〜県病〜鶴崎, 鶴崎支所〜大道〜敷戸北〜大分工業高校, 県庁正門前〜木の上〜野津原公民館, 野津原公民館〜木の上〜コンパル入口, 県庁正門前〜わさだタウン〜野津原公民館, 野津原公民館〜わさだタウン〜コンパル, 県庁正門〜木〜南営業所, 南営業所〜木〜コンパル, 県庁正門〜木〜富士見（GP北）, 富士見（GP北）〜木〜コンパル, ホルト〜県庁正門〜木〜富士見（GP北）, 富士見（GP北）〜看〜木〜コンパル, 県庁正門前〜木〜看護大学前, 県庁正門〜木〜富〜すくすくいきいき村, すくすくいきいき村〜富〜木〜コンパル, 富士見（GP北）〜木〜鶴崎支所, 鶴崎支所〜木〜富〜すくすくいきいき村, すくすく〜富士見〜木〜商業高校, 県庁正門〜松が丘〜南営業所, 南営業所〜松が丘〜コンパル, 県庁正門〜松が丘〜富士見が丘（GP北）, 富士見（GP北）〜松が丘〜コンパル, ホルト〜県庁〜松が丘〜富士見（GP北）, 県庁正門〜松〜看護大学前, 県庁正門〜松〜富〜すくすくいきいき村, すくすくいきいき村〜富〜松〜コンパル, 鶴崎支所〜松が丘〜富士見（GP北）, すくすくいきいき村〜富〜松〜鶴崎支所, すくすくいきいき村〜富〜松〜オア〜コン, すくすく〜富士見〜松が丘〜商業高校, 田尻GH北〜田尻NT〜明磧〜コンパル, 県庁正門〜明磧〜田尻南2丁目, 田尻南2丁目〜明磧〜コンパル, 県庁正門〜下田尻〜わ〜三愛〜田尻南2丁目, 田尻南2丁目〜わ〜三愛〜下田尻〜コンパル, 県庁正門〜明磧〜ふじが丘山手, ふじが丘山手〜明磧〜コンパル, 県庁正門〜明磧〜ふじが丘〜田尻GH北, 田尻GH北〜ふじが丘〜明磧〜コンパル, 県庁正門〜明磧〜ふじが丘〜田尻南2丁目, 田尻南2丁目〜ふじが丘〜明磧〜コンパル, 田尻GH北〜ふじが丘〜明磧〜鶴崎支所, ふじが丘山手〜わ〜三愛〜下田尻〜コンパル, 田尻G西〜ふ〜わ〜三愛〜下田尻〜コンパル, 県庁〜下田尻〜わ〜三愛〜ふ〜田尻南2丁目, 田尻南2丁目〜ふじが丘〜わさだ〜コンパル, 田尻G北〜ふ〜光吉台中央〜県病〜コンパル, 田尻G西〜ふ〜光吉台中央〜県病〜コンパル, 県庁正門〜大道〜寒田〜ふじが丘山手, ふじが丘山手〜寒田〜大道〜コンパル, 県庁正門〜県病〜寒田〜ふじが丘山手, ふじが丘山手〜寒田〜県病〜コンパル, 県庁正門〜大道〜寒田〜ふじが丘〜田尻G北, 田尻G北〜ふじが丘〜寒田〜大道〜コンパル, 県庁正門〜県病〜寒田〜ふじが丘〜田尻G北, 県庁正門〜二豊団地東〜萌葱台, 萌葱台〜二豊団地東〜コンパル, 県庁正門〜二豊団地東〜萌葱台〜わさだT, わさだT〜萌葱台〜二豊団地東〜コンパル, 向之原駅〜松が丘〜宗方台中央〜コンパル, 県庁正門〜豊饒〜畑中, 畑中〜豊饒〜コンパル入口, 鶴崎支所〜豊饒〜畑中, 畑中〜豊饒〜鶴崎（裏）, 鶴崎〜豊饒〜畑中, 鶴崎支所〜県病〜畑中, 畑中〜県病〜鶴崎（裏）, 鶴崎〜県病〜畑中, 横塚東〜大在駅前〜豊饒〜畑中, 県庁正門前〜木の上〜向之原駅, 向之原駅〜木の上〜コンパルホール入口, 向之原駅〜国分〜賀来新川〜コンパルホール入口, 県庁正門〜大学病院〜向之原駅, 向之原駅〜大学病院〜コンパルホール入口, 大分駅前〜大学病院〜向之原駅, 県庁正門〜大学病院〜向之原駅〜すくいき村, すくいき村〜向之原駅〜大学病院〜コンパル, 向之原駅〜大学病院〜鶴崎支所, すくいき村〜向之原駅〜大学病院〜鶴崎支所, 県庁正門〜大学病院, 大学病院〜コンパル, 県庁正門〜大学病院〜野田入口, 野田入口〜大学病院〜コンパル, 県庁正門〜大学病院〜野田入口〜国新〜国団, 県庁〜大学病院〜野田入口〜国新〜富士見, 富士見〜国新〜野田入口〜大学病院〜コン, 県庁正門〜大学病院〜赤野, 赤野〜大学病院〜コンパル, 県庁正門〜大道〜わさだT〜三愛MC, わさだT〜三愛MC〜大道〜コンパル入口, 県庁正門〜明磧〜わさだT〜三愛メディカル, わさだT〜三愛メディカル〜明磧〜コンパル, 県庁正門〜わさだ〜三愛M〜富〜すくいき村, すくいき村〜富〜わさだ〜三愛M〜コンパル"
青葉台北,大分交通（株）,"大分駅前-虹ケ丘西公園, 大分駅前-生石1丁目, 青葉/西春日, 青葉/田室, 青葉/新川"
金池南2丁目,大分バス（株）,"県庁正門〜上野, 上野〜コンパル入口, 上野〜大洲運動公園〜上野, 大分駅前〜大洲〜上野, 大分駅前〜岩田〜上野, けやき台〜猪野〜加納〜駅〜駅南（金池南）, 鶴崎〜桃園〜加納〜駅〜駅南（金池南）, 大南団地北〜高江〜元町〜駅〜駅南（金池南）, 敷戸北〜元町〜大分駅前〜駅南（金池南）"
松原（大分）,大分バス（株）,要町〜牧〜一里塚
志手南,大分交通（株）,"大分駅前-虹ケ丘西公園, 大分駅前-生石1丁目, 青葉/田室, 二豊"
東大道2丁目,大分バス（株）,"要町〜竹町〜市美術館〜オアシス〜要町, 要町〜竹町〜市美術館〜大友氏館跡〜要町"
東大道2丁目,大分市,大分きゃんバス
明野北町（明野北小側）,大分バス（株）,"県庁正門〜明野西町〜法勝台〜大分駅前, 県庁正門〜明野西町〜法勝台一, 法勝台三〜明野西町〜大分駅前, 要町〜高城〜池の平〜PP〜京が丘, 要町〜高城〜池の平〜PP〜浄雲寺, 要町〜高城〜池の平〜PP, 菰田〜PP〜池の平〜高城〜要町, 免許C〜PP〜池の平〜高城〜要町"
末野,玖珠町,山浦線
奥山公園前,大分バス（株）,"要町〜萩原〜明野西町〜大分高, 県庁正門〜明野西町〜法勝台〜大分駅前, 県庁正門〜明野西町〜法勝台一, 法勝台三〜明野西町〜大分駅前"
明野緑町,大分バス（株）,"要町〜萩原〜明野西町〜大分高, 県庁正門〜明野西町〜法勝台〜大分駅前, 県庁正門〜明野西町〜法勝台一, 法勝台三〜明野西町〜大分駅前"
下郡工業団地,大分バス（株）,"県庁正門前〜元町〜羽田〜下郡〜大分駅前, 県庁正門〜下郡BP〜羽田〜下郡〜大分駅前, 大分駅前〜下郡BP〜羽田〜下郡〜大分駅前"
ユニスター前,日田バス（株）,五馬線
森町下,大分バス（株）,"県庁正門前〜加納〜猪野〜森町〜鶴崎支所, 鶴崎支所〜森町〜猪野〜加納〜大分駅前, 県庁正門前〜加納〜猪野〜森町〜鶴崎（裏）, 県庁正門前〜加納〜猪野〜森町〜鶴崎, 鶴崎〜森町〜猪野〜加納〜大分駅前, 大分駅前〜加納〜猪野〜森町〜鶴崎（裏）, 大分駅前〜皆春団地〜森町〜横尾, 菰田〜森町〜皆春団地〜大分駅前, PP〜中筋〜森町〜別保〜鶴崎支所（裏）, 鶴崎支所〜別保橋〜森町〜中筋〜PP, 鶴崎〜別保橋〜森町〜中筋〜PP"
法勝台入口,大分バス（株）,"大分駅前〜萩原堺町〜花高松〜天然塚東, 城南西町〜萩原堺町〜花高松〜天然塚東, 県庁正門〜明野西町〜法勝台〜大分駅前, 法勝台三〜明野西町〜大分駅前"
玉井,臼津交通（株）,臼関線
法勝台3丁目,大分バス（株）,"県庁正門〜明野西町〜法勝台〜大分駅前, 県庁正門〜明野西町〜法勝台一, 法勝台三〜明野西町〜大分駅前"
平床,由布市,北田代コース
にじが丘北,大分交通（株）,大分駅前-虹ケ丘西公園
机張原,大分交通（株）,"机張原-5号地車庫, 八幡"
引治駅前,大分交通（株）,栃木宮の原
中鎌手,日田バス（株）,杖立線
中原,大分交通（株）,"机張原-5号地車庫, 八幡"
九重町役場前,大分交通（株）,栃木宮の原
変電所正門前,大分バス（株）,"米良〜大分駅前, 県庁正門〜米良"
浜田入口,大分バス（株）,"県庁正門前〜加納〜猪野〜桃園〜鶴崎支所, 鶴崎支所〜桃園〜猪野〜加納〜大分駅前, 県庁正門前〜加納〜猪野〜桃園〜鶴崎（裏）, 県庁正門前〜加納〜猪野〜桃園〜鶴崎, 鶴崎〜桃園〜猪野〜加納〜大分駅前, ホルト〜県庁〜加納〜猪野〜桃園〜鶴崎, 鶴崎〜桃園〜加納〜駅〜駅南（金池南）, 大分駅〜加納〜猪野〜桃園〜鶴崎（裏）"
東元町,大分バス（株）,"県庁正門前〜元町〜羽田〜下郡〜大分駅前, 県庁正門前〜元町〜戸次, 戸次〜元町〜大分駅前, 梅が丘〜元町〜大分駅前, 県庁正門〜元町〜分大〜高江〜大南団地北, 大南団地北〜高江〜分大〜元町〜大分駅前, ホルト〜県庁〜元町〜分大〜高江〜大南, 県庁正門〜元町〜高江〜大南団地北, 大南団地北〜高江〜元町〜大分駅前, 大南団地北〜高江〜元町〜駅〜駅南（金池南）, 県庁正門〜元町〜敷戸北, 敷戸北〜元町〜大分駅前, 敷戸北〜元町〜大分駅前〜駅南（金池南）, 県庁正門〜元町〜大分工業高校, 大分駅前〜元町〜大分工業高校, 県庁正門前〜元町〜敷戸〜大分工業高校, 大分工業高校〜敷戸〜元町〜大分駅前, 敷戸北〜元町〜鶴崎支所, 鶴崎〜元町〜敷戸北, 鶴崎支所〜元町〜敷戸北〜大分工業高校, 大分工業高校〜敷戸北〜元町〜鶴崎, 県庁正門〜元町〜寒田〜ふじが丘山手, ふじが丘山手〜寒田〜元町〜大分駅前, 大分駅〜元町〜寒田〜ふじが丘山手, 県庁正門前〜元町〜寒田〜田尻G北, 田尻GH北〜寒田〜元町〜大分駅前"
木田重機前,大分バス（株）,大分駅前〜鶴崎〜種具〜宮河内
上野ヶ丘中学校前,大分バス（株）,"県庁正門〜上野, 上野〜コンパル入口, 上野〜大洲運動公園〜上野, 大分駅前〜大洲〜上野, 大分駅前〜岩田〜上野, ホルト〜県庁正門〜城南西町, けやき台〜猪野〜加納〜駅〜駅南（金池南）, ホルト〜県庁〜加納〜猪野〜桃園〜鶴崎, 鶴崎〜桃園〜加納〜駅〜駅南（金池南）, ホルト〜県庁〜元町〜分大〜高江〜大南, 大南団地北〜高江〜元町〜駅〜駅南（金池南）, 敷戸北〜元町〜大分駅前〜駅南（金池南）, ホルト〜県庁正門〜木〜富士見（GP北）, ホルト〜県庁〜松が丘〜富士見（GP北）"
平床入口,由布市,北田代コース
明野西町,大分バス（株）,"要町〜萩原〜明野西町〜大分高, 県庁正門〜明野西町〜法勝台〜大分駅前, 県庁正門〜明野西町〜法勝台一, 法勝台三〜明野西町〜大分駅前"
あおば公園前,大分交通（株）,"大分駅前-虹ケ丘西公園, 大分駅前-生石1丁目, 青葉/西春日, 青葉/田室, 青葉/新川"
にじが丘西公園前,大分交通（株）,"大分駅前-虹ケ丘西公園, 大分駅前-生石1丁目, 青葉/西春日, 青葉/田室, 青葉/新川"
引治,大分交通（株）,栃木宮の原
六坊町,大分バス（株）,"県庁正門〜六坊〜元町〜古国府〜コンパル, 県庁正門〜大道〜古国府〜六坊〜大分駅前, 大分駅〜六坊〜元町〜古国府〜コンパル, 大分駅〜大道〜古国府〜六坊〜大分駅前"
西の台入口,大分交通（株）,"大分駅前-虹ケ丘西公園, 大分駅前-生石1丁目, 青葉/田室"
金谷迫公民館前,大分交通（株）,"机張原-5号地車庫, 八幡"
上村,大分交通（株）,"机張原-5号地車庫, 八幡"
西山公園下,大分バス（株）,"ホルト〜県庁正門〜城南西町, けやき台〜猪野〜加納〜駅〜駅南（金池南）, ホルト〜県庁〜加納〜猪野〜桃園〜鶴崎, 鶴崎〜桃園〜加納〜駅〜駅南（金池南）, ホルト〜県庁〜元町〜分大〜高江〜大南, 大南団地北〜高江〜元町〜駅〜駅南（金池南）, 敷戸北〜元町〜大分駅前〜駅南（金池南）, ホルト〜県庁正門〜木〜富士見（GP北）, ホルト〜県庁〜松が丘〜富士見（GP北）"
高崎後,由布市,七蔵司コース
別保小学校入口,大分バス（株）,"県庁正門前〜加納〜猪野〜森町〜鶴崎支所, 鶴崎支所〜森町〜猪野〜加納〜大分駅前, 県庁正門前〜加納〜猪野〜森町〜鶴崎（裏）, 県庁正門前〜加納〜猪野〜森町〜鶴崎, 鶴崎〜森町〜猪野〜加納〜大分駅前, 大分駅前〜加納〜猪野〜森町〜鶴崎（裏）, 大分駅前〜皆春団地〜森町〜横尾, 菰田〜森町〜皆春団地〜大分駅前, PP〜中筋〜森町〜別保〜鶴崎支所（裏）, 鶴崎支所〜別保橋〜森町〜中筋〜PP, 鶴崎〜別保橋〜森町〜中筋〜PP"
青葉台南,大分交通（株）,"大分駅前-虹ケ丘西公園, 大分駅前-生石1丁目, 青葉/西春日, 青葉/田室, 青葉/新川"
楊志館高校前,大分バス（株）,"ホルト〜県庁正門〜城南西町, けやき台〜猪野〜加納〜駅〜駅南（金池南）, ホルト〜県庁〜加納〜猪野〜桃園〜鶴崎, 鶴崎〜桃園〜加納〜駅〜駅南（金池南）, ホルト〜県庁〜元町〜分大〜高江〜大南, 大南団地北〜高江〜元町〜駅〜駅南（金池南）, 敷戸北〜元町〜大分駅前〜駅南（金池南）, ホルト〜県庁正門〜木〜富士見（GP北）, ホルト〜県庁〜松が丘〜富士見（GP北）"
御馬山,大分交通（株）,"机張原-5号地車庫, 八幡"
菜の本,大分バス（株）,"ホルト〜県庁正門〜城南西町, けやき台〜猪野〜加納〜駅〜駅南（金池南）, ホルト〜県庁〜加納〜猪野〜桃園〜鶴崎, 鶴崎〜桃園〜加納〜駅〜駅南（金池南）, ホルト〜県庁〜元町〜分大〜高江〜大南, 大南団地北〜高江〜元町〜駅〜駅南（金池南）, 敷戸北〜元町〜大分駅前〜駅南（金池南）, ホルト〜県庁正門〜木〜富士見（GP北）, ホルト〜県庁〜松が丘〜富士見（GP北）"
にじが丘東公園前,大分交通（株）,"大分駅前-虹ケ丘西公園, 大分駅前-生石1丁目, 青葉/田室"
上金谷迫,大分交通（株）,"机張原-5号地車庫, 八幡"
下郡,大分バス（株）,"県庁正門前〜元町〜羽田〜下郡〜大分駅前, 県庁正門〜下郡BP〜羽田〜下郡〜大分駅前, 大分駅前〜下郡BP〜羽田〜下郡〜大分駅前"
椎迫入口,佐伯市,伯大線
椎迫入口,大分バス（株）,"県庁正門〜六坊〜元町〜古国府〜コンパル, 県庁正門〜大道〜古国府〜六坊〜大分駅前, 大分駅〜六坊〜元町〜古国府〜コンパル, 大分駅〜大道〜古国府〜六坊〜大分駅前, 県庁正門〜城南西町, 城南西町〜コンパル入口, 城南西町〜オアシス〜コンパル入口, ホルト〜県庁正門〜城南西町, 花高松〜萩原堺町〜裏川・東浜〜城南西町, 花高松〜萩原堺町〜城南西町, 鶴崎支所〜城南西町, 鶴崎〜城南西町, 城南西町〜萩原堺町〜花高松〜天然塚東, 花高松〜三ツ川〜萩原堺町〜城南西町, 城南西町〜裏川・東浜〜大分駅前, 金池タ〜戸次〜各停〜佐伯駅（急行・太停）, 佐伯駅〜各停〜戸次〜コンパル（急・太停）, 金池タ〜県病〜各停〜佐伯駅（急行・太停）, 佐伯駅〜各停〜県病〜コンパル（急・太停）, 金池〜県病〜コスモ〜佐伯駅（急）, 佐伯駅〜コスモ〜県病〜コンパル（急）, 辻〜榎峠〜大道〜コンパル入口, 金池ターミナル〜大道〜榎峠〜臼杵駅, 臼杵駅〜榎峠〜大道〜コンパル入口, 県庁正門〜県病〜戸次, 戸次〜県病〜コンパル, 金池ターミナル〜県病〜榎峠〜臼杵駅, 臼杵駅〜榎峠〜県病〜コンパル入口, 金池タ〜県病〜榎峠〜臼杵駅〜臼杵港, 臼杵港〜臼杵駅〜榎峠〜県病〜コンパル入口, 金池タ〜大道〜榎峠〜臼杵駅〜臼杵港, 臼杵港〜臼杵駅〜榎峠〜大道〜コンパル入口, 平清水〜榎峠〜大道〜コンパル入口（特急）, 県庁正門〜大道〜分大〜高江〜大南団地北, 大南団地北〜高江〜分大〜大道〜コンパル, 県庁正門〜大道〜高江〜大南団地北, 大南団地北〜高江〜大道〜コンパル, 大分駅前〜大道〜高江〜大南団地北, 県庁正門〜県病〜分大〜大南団地北, 大南団地北〜分大〜県病〜コンパル, 県庁正門前〜大道〜敷戸北, 敷戸北〜大道〜コンパル入口, 県庁正門〜県病〜敷戸北, 敷戸北〜県病〜コンパル入口, 県庁正門〜大道〜敷戸〜大分工業高校, 大分工業高校〜敷戸北〜大道〜コンパル入口, 県庁正門〜県病〜敷戸北〜大分工業高校, 大分工業高校〜敷戸北〜県病〜コンパル入口, 鶴崎支所〜大道〜敷戸北, 鶴崎〜大道〜敷戸北, 敷戸北〜県病〜鶴崎（裏）, 敷戸北〜県病〜鶴崎, 鶴崎支所〜大道〜敷戸北〜大分工業高校, 県庁正門前〜木の上〜野津原公民館, 野津原公民館〜木の上〜コンパル入口, 県庁正門前〜わさだタウン〜野津原公民館, 野津原公民館〜わさだタウン〜コンパル, 県庁正門〜木〜南営業所, 南営業所〜木〜コンパル, 県庁正門〜木〜富士見（GP北）, 富士見（GP北）〜木〜コンパル, ホルト〜県庁正門〜木〜富士見（GP北）, 富士見（GP北）〜看〜木〜コンパル, 県庁正門前〜木〜看護大学前, 県庁正門〜木〜富〜すくすくいきいき村, すくすくいきいき村〜富〜木〜コンパル, 富士見（GP北）〜木〜鶴崎支所, 鶴崎支所〜木〜富〜すくすくいきいき村, すくすく〜富士見〜木〜商業高校, 県庁正門〜松が丘〜南営業所, 南営業所〜松が丘〜コンパル, 県庁正門〜松が丘〜富士見が丘（GP北）, 富士見（GP北）〜松が丘〜コンパル, ホルト〜県庁〜松が丘〜富士見（GP北）, 県庁正門〜松〜看護大学前, 県庁正門〜松〜富〜すくすくいきいき村, すくすくいきいき村〜富〜松〜コンパル, 鶴崎支所〜松が丘〜富士見（GP北）, すくすくいきいき村〜富〜松〜鶴崎支所, すくすくいきいき村〜富〜松〜オア〜コン, すくすく〜富士見〜松が丘〜商業高校, 田尻GH北〜田尻NT〜明磧〜コンパル, 県庁正門〜明磧〜田尻南2丁目, 田尻南2丁目〜明磧〜コンパル, 県庁正門〜下田尻〜わ〜三愛〜田尻南2丁目, 田尻南2丁目〜わ〜三愛〜下田尻〜コンパル, 県庁正門〜明磧〜ふじが丘山手, ふじが丘山手〜明磧〜コンパル, 県庁正門〜明磧〜ふじが丘〜田尻GH北, 田尻GH北〜ふじが丘〜明磧〜コンパル, 県庁正門〜明磧〜ふじが丘〜田尻南2丁目, 田尻南2丁目〜ふじが丘〜明磧〜コンパル, 田尻GH北〜ふじが丘〜明磧〜鶴崎支所, ふじが丘山手〜わ〜三愛〜下田尻〜コンパル, 田尻G西〜ふ〜わ〜三愛〜下田尻〜コンパル, 県庁〜下田尻〜わ〜三愛〜ふ〜田尻南2丁目, 田尻南2丁目〜ふじが丘〜わさだ〜コンパル, 田尻G北〜ふ〜光吉台中央〜県病〜コンパル, 田尻G西〜ふ〜光吉台中央〜県病〜コンパル, 県庁正門〜大道〜寒田〜ふじが丘山手, ふじが丘山手〜寒田〜大道〜コンパル, 県庁正門〜県病〜寒田〜ふじが丘山手, ふじが丘山手〜寒田〜県病〜コンパル, 県庁正門〜大道〜寒田〜ふじが丘〜田尻G北, 田尻G北〜ふじが丘〜寒田〜大道〜コンパル, 県庁正門〜県病〜寒田〜ふじが丘〜田尻G北, 県庁正門〜二豊団地東〜萌葱台, 萌葱台〜二豊団地東〜コンパル, 県庁正門〜二豊団地東〜萌葱台〜わさだT, わさだT〜萌葱台〜二豊団地東〜コンパル, 向之原駅〜松が丘〜宗方台中央〜コンパル, 県庁正門〜豊饒〜畑中, 畑中〜豊饒〜コンパル入口, 鶴崎支所〜豊饒〜畑中, 畑中〜豊饒〜鶴崎（裏）, 鶴崎〜豊饒〜畑中, 鶴崎支所〜県病〜畑中, 畑中〜県病〜鶴崎（裏）, 鶴崎〜県病〜畑中, 横塚東〜大在駅前〜豊饒〜畑中, 県庁正門前〜木の上〜向之原駅, 向之原駅〜木の上〜コンパルホール入口, 向之原駅〜国分〜賀来新川〜コンパルホール入口, 県庁正門〜大学病院〜向之原駅, 向之原駅〜大学病院〜コンパルホール入口, 大分駅前〜大学病院〜向之原駅, 県庁正門〜大学病院〜向之原駅〜すくいき村, すくいき村〜向之原駅〜大学病院〜コンパル, 向之原駅〜大学病院〜鶴崎支所, すくいき村〜向之原駅〜大学病院〜鶴崎支所, 県庁正門〜大学病院, 大学病院〜コンパル, 県庁正門〜大学病院〜野田入口, 野田入口〜大学病院〜コンパル, 県庁正門〜大学病院〜野田入口〜国新〜国団, 県庁〜大学病院〜野田入口〜国新〜富士見, 富士見〜国新〜野田入口〜大学病院〜コン, 県庁正門〜大学病院〜赤野, 赤野〜大学病院〜コンパル, 県庁正門〜大道〜わさだT〜三愛MC, わさだT〜三愛MC〜大道〜コンパル入口, 県庁正門〜明磧〜わさだT〜三愛メディカル, わさだT〜三愛メディカル〜明磧〜コンパル, 県庁正門〜わさだ〜三愛M〜富〜すくいき村, すくいき村〜富〜わさだ〜三愛M〜コンパル"
ダイ,由布市,北田代コース
法勝台公園前,大分バス（株）,"県庁正門〜明野西町〜法勝台〜大分駅前, 県庁正門〜明野西町〜法勝台一, 法勝台三〜明野西町〜大分駅前"
竹藤,大分バス（株）,"大分駅前〜鶴崎〜堂園〜丸亀, 丸亀〜堂園〜鶴崎駅前, 大分駅前〜鶴崎〜堂園〜高田小"
柚の木,由布市,"スクールバス大津留コース, 小挾間・柚の木コース"
奥詰,由布市,朴木コース
上小挾間,由布市,小挾間・柚の木コース
寺川,由布市,下津々良コース
五馬農協前,日田バス（株）,五馬線
上野丘公園,大分バス（株）,"要町〜竹町〜市美術館〜オアシス〜要町, 要町〜竹町〜市美術館〜大友氏館跡〜要町"
上野丘公園,大分市,大分きゃんバス
朴木板平,由布市,朴木コース
秡谷,大分交通（株）,"机張原-5号地車庫, 八幡"
季の坂入口,大分交通（株）,"大分駅前-虹ケ丘西公園, 大分駅前-生石1丁目, 青葉/田室"
上鎌手,日田バス（株）,杖立線
六坊南町,大分バス（株）,"県庁正門〜六坊〜元町〜古国府〜コンパル, 県庁正門〜大道〜古国府〜六坊〜大分駅前, 大分駅〜六坊〜元町〜古国府〜コンパル, 大分駅〜大道〜古国府〜六坊〜大分駅前"
明野元町,大分バス（株）,"要町〜萩原〜明野東口〜大分高, 大分高校〜明野東口〜萩原〜要町（考査）, 情報科学高〜明野東口〜萩原〜要町, 大分駅前〜萩原〜公商〜米良BP〜大分駅前, 県庁正門〜米良BP〜情商公〜萩原〜大分駅, 大分駅前〜萩原〜公園通り東, 公園通り中央〜萩原〜大分駅前, 要町〜高城〜池の平〜PP〜京が丘, 要町〜高城〜池の平〜PP〜浄雲寺, 要町〜高城〜池の平〜PP, 菰田〜PP〜池の平〜高城〜要町, 免許C〜PP〜池の平〜高城〜要町"
法勝台1丁目,大分バス（株）,"県庁正門〜明野西町〜法勝台〜大分駅前, 県庁正門〜明野西町〜法勝台一, 法勝台三〜明野西町〜大分駅前"
花の木団地入口,大分バス（株）,"県庁正門前〜加納〜猪野〜森町〜鶴崎支所, 鶴崎支所〜森町〜猪野〜加納〜大分駅前, 県庁正門前〜加納〜猪野〜森町〜鶴崎（裏）, 県庁正門前〜加納〜猪野〜森町〜鶴崎, 鶴崎〜森町〜猪野〜加納〜大分駅前, 大分駅前〜加納〜猪野〜森町〜鶴崎（裏）, 大分駅前〜皆春団地〜森町〜横尾, 菰田〜森町〜皆春団地〜大分駅前, PP〜中筋〜森町〜別保〜鶴崎支所（裏）, 鶴崎支所〜別保橋〜森町〜中筋〜PP, 鶴崎〜別保橋〜森町〜中筋〜PP"
天然塚東,大分バス（株）,"大分駅前〜萩原堺町〜花高松〜天然塚東, 城南西町〜萩原堺町〜花高松〜天然塚東"
網代,由布市,"シャトルバス：温泉館〜庄内庁舎, スクールバス湯平コース, 水地コース, 湯平コース"
そうず川,由布市,下詰コース
明野南町,大分バス（株）,"大分駅〜加納〜西小前〜大分高, 大分駅〜加納〜西小前〜免許C, 免許C〜西小前〜加納〜大分駅前, 要町〜萩原〜明野西町〜大分高, 県庁正門〜加納〜大分高〜旭町〜大分駅前, 大分駅〜加納〜大分高〜旭町〜大分駅前, 県庁正門〜加納〜大分高〜旭町, 明野中学校〜大分高〜旭町〜大分駅前, 大分高〜旭町〜大分駅前, 県庁正門〜明野西町〜法勝台〜大分駅前, 県庁正門〜明野西町〜法勝台一, 法勝台三〜明野西町〜大分駅前, 県庁正門〜加納〜猪野〜けやき台四, けやき台四〜猪野〜加納〜大分駅前, けやき台〜猪野〜加納〜駅〜駅南（金池南）, JSC前（東芝）〜猪野〜加納〜大分駅前, 県庁正門前〜猪野〜丸亀, 県庁正門前〜加納〜猪野〜森町〜鶴崎支所, 鶴崎支所〜森町〜猪野〜加納〜大分駅前, 県庁正門前〜加納〜猪野〜森町〜鶴崎（裏）, 県庁正門前〜加納〜猪野〜森町〜鶴崎, 鶴崎〜森町〜猪野〜加納〜大分駅前, 大分駅前〜加納〜猪野〜森町〜鶴崎（裏）, 県庁正門前〜加納〜猪野〜桃園〜鶴崎支所, 鶴崎支所〜桃園〜猪野〜加納〜大分駅前, 県庁正門前〜加納〜猪野〜桃園〜鶴崎（裏）, 県庁正門前〜加納〜猪野〜桃園〜鶴崎, 鶴崎〜桃園〜猪野〜加納〜大分駅前, ホルト〜県庁〜加納〜猪野〜桃園〜鶴崎, 鶴崎〜桃園〜加納〜駅〜駅南（金池南）, 大分駅〜加納〜猪野〜桃園〜鶴崎（裏）, 県庁正門前〜加納〜猪野〜宮河内ハイランド, 宮河内一〜猪野〜加納〜大分駅前, 大分駅〜加納〜猪野〜宮河内（東高休校）, 大分駅前〜加納〜猪野〜金の手〜横尾, 南高校〜猪野〜加納〜大分駅前, 大分駅〜加納〜猪野〜南高校"
下郡バイパス入口,大分バス（株）,"県庁正門〜下郡BP〜羽田〜下郡〜大分駅前, 大分駅前〜下郡BP〜羽田〜下郡〜大分駅前"
明野北1丁目,大分バス（株）,"要町〜萩原〜明野西町〜大分高, 県庁正門〜加納〜大分高〜旭町〜大分駅前, 大分駅〜加納〜大分高〜旭町〜大分駅前, 明野中学校〜大分高〜旭町〜大分駅前, 大分高〜旭町〜大分駅前, 県庁正門〜加納〜猪野〜けやき台四, けやき台四〜猪野〜加納〜大分駅前, けやき台〜猪野〜加納〜駅〜駅南（金池南）, JSC前（東芝）〜猪野〜加納〜大分駅前, 県庁正門前〜猪野〜丸亀, 県庁正門前〜加納〜猪野〜森町〜鶴崎支所, 鶴崎支所〜森町〜猪野〜加納〜大分駅前, 県庁正門前〜加納〜猪野〜森町〜鶴崎（裏）, 県庁正門前〜加納〜猪野〜森町〜鶴崎, 鶴崎〜森町〜猪野〜加納〜大分駅前, 大分駅前〜加納〜猪野〜森町〜鶴崎（裏）, 県庁正門前〜加納〜猪野〜桃園〜鶴崎支所, 鶴崎支所〜桃園〜猪野〜加納〜大分駅前, 県庁正門前〜加納〜猪野〜桃園〜鶴崎（裏）, 県庁正門前〜加納〜猪野〜桃園〜鶴崎, 鶴崎〜桃園〜猪野〜加納〜大分駅前, ホルト〜県庁〜加納〜猪野〜桃園〜鶴崎, 鶴崎〜桃園〜加納〜駅〜駅南（金池南）, 大分駅〜加納〜猪野〜桃園〜鶴崎（裏）, 県庁正門前〜加納〜猪野〜宮河内ハイランド, 宮河内一〜猪野〜加納〜大分駅前, 大分駅〜加納〜猪野〜宮河内（東高休校）, 大分駅前〜加納〜猪野〜金の手〜横尾, 南高校〜猪野〜加納〜大分駅前, 大分駅〜加納〜猪野〜南高校"
下郡東,大分バス（株）,"米良〜大分駅前, 県庁正門〜米良"
妻ケ城,由布市,七蔵司コース
万年山登山口,大分交通（株）,栃木宮の原
天然塚,大分バス（株）,"要町〜萩原〜明野西町〜大分高, 県庁正門〜加納〜大分高〜旭町〜大分駅前, 大分駅〜加納〜大分高〜旭町〜大分駅前, 明野中学校〜大分高〜旭町〜大分駅前, 大分高〜旭町〜大分駅前, 県庁正門〜加納〜猪野〜けやき台四, けやき台四〜猪野〜加納〜大分駅前, けやき台〜猪野〜加納〜駅〜駅南（金池南）, JSC前（東芝）〜猪野〜加納〜大分駅前, 県庁正門前〜猪野〜丸亀, 県庁正門前〜加納〜猪野〜森町〜鶴崎支所, 鶴崎支所〜森町〜猪野〜加納〜大分駅前, 県庁正門前〜加納〜猪野〜森町〜鶴崎（裏）, 県庁正門前〜加納〜猪野〜森町〜鶴崎, 鶴崎〜森町〜猪野〜加納〜大分駅前, 大分駅前〜加納〜猪野〜森町〜鶴崎（裏）, 県庁正門前〜加納〜猪野〜桃園〜鶴崎支所, 鶴崎支所〜桃園〜猪野〜加納〜大分駅前, 県庁正門前〜加納〜猪野〜桃園〜鶴崎（裏）, 県庁正門前〜加納〜猪野〜桃園〜鶴崎, 鶴崎〜桃園〜猪野〜加納〜大分駅前, ホルト〜県庁〜加納〜猪野〜桃園〜鶴崎, 鶴崎〜桃園〜加納〜駅〜駅南（金池南）, 大分駅〜加納〜猪野〜桃園〜鶴崎（裏）, 県庁正門前〜加納〜猪野〜宮河内ハイランド, 宮河内一〜猪野〜加納〜大分駅前, 大分駅〜加納〜猪野〜宮河内（東高休校）, 大分駅前〜加納〜猪野〜金の手〜横尾, 南高校〜猪野〜加納〜大分駅前, 大分駅〜加納〜猪野〜南高校"
猪野下,大分バス（株）,要町〜牧〜一里塚
下郡中央,大分バス（株）,"県庁正門前〜元町〜羽田〜下郡〜大分駅前, 県庁正門〜下郡BP〜羽田〜下郡〜大分駅前, 大分駅前〜下郡BP〜羽田〜下郡〜大分駅前"
旧西部小学校前,由布市,北田代コース
アクロス入口,大分バス（株）,"要町〜萩原〜明野西町〜大分高, 県庁正門〜加納〜大分高〜旭町〜大分駅前, 大分駅〜加納〜大分高〜旭町〜大分駅前, 明野中学校〜大分高〜旭町〜大分駅前, 大分高〜旭町〜大分駅前, 県庁正門〜加納〜猪野〜けやき台四, けやき台四〜猪野〜加納〜大分駅前, けやき台〜猪野〜加納〜駅〜駅南（金池南）, JSC前（東芝）〜猪野〜加納〜大分駅前, 県庁正門前〜猪野〜丸亀, 県庁正門前〜加納〜猪野〜森町〜鶴崎支所, 鶴崎支所〜森町〜猪野〜加納〜大分駅前, 県庁正門前〜加納〜猪野〜森町〜鶴崎（裏）, 県庁正門前〜加納〜猪野〜森町〜鶴崎, 鶴崎〜森町〜猪野〜加納〜大分駅前, 大分駅前〜加納〜猪野〜森町〜鶴崎（裏）, 県庁正門前〜加納〜猪野〜桃園〜鶴崎支所, 鶴崎支所〜桃園〜猪野〜加納〜大分駅前, 県庁正門前〜加納〜猪野〜桃園〜鶴崎（裏）, 県庁正門前〜加納〜猪野〜桃園〜鶴崎, 鶴崎〜桃園〜猪野〜加納〜大分駅前, ホルト〜県庁〜加納〜猪野〜桃園〜鶴崎, 鶴崎〜桃園〜加納〜駅〜駅南（金池南）, 大分駅〜加納〜猪野〜桃園〜鶴崎（裏）, 県庁正門前〜加納〜猪野〜宮河内ハイランド, 宮河内一〜猪野〜加納〜大分駅前, 大分駅〜加納〜猪野〜宮河内（東高休校）, 大分駅前〜加納〜猪野〜金の手〜横尾, 南高校〜猪野〜加納〜大分駅前, 大分駅〜加納〜猪野〜南高校"
上野丘一丁目,大分バス（株）,"県庁正門〜上野, 上野〜コンパル入口, 上野〜大洲運動公園〜上野, 大分駅前〜大洲〜上野, 大分駅前〜岩田〜上野"
朴木平,由布市,朴木コース
コニヨフ入口,由布市,北田代コース
詰公民館,由布市,下詰コース
下詰,由布市,下詰コース
下郡南,大分バス（株）,"大分駅前〜萩原〜公商〜米良BP〜大分駅前, 県庁正門〜米良BP〜情商公〜萩原〜大分駅, 県庁正門〜米良BP〜商〜公園通り東, 公園通り中央〜商〜米良BP〜大分駅前, パークプレイス〜米良BP〜大分駅前, 大分駅前〜米良BP〜商〜公園通り東, 旦野原〜米良BP〜大分駅（快米良BP停）"
下詰上,由布市,下詰コース
森町,大分バス（株）,"県庁正門前〜加納〜猪野〜森町〜鶴崎支所, 鶴崎支所〜森町〜猪野〜加納〜大分駅前, 県庁正門前〜加納〜猪野〜森町〜鶴崎（裏）, 県庁正門前〜加納〜猪野〜森町〜鶴崎, 鶴崎〜森町〜猪野〜加納〜大分駅前, 大分駅前〜加納〜猪野〜森町〜鶴崎（裏）, 大分駅前〜皆春団地〜森町〜横尾, 菰田〜森町〜皆春団地〜大分駅前, PP〜中筋〜森町〜別保〜鶴崎支所（裏）, 鶴崎支所〜別保橋〜森町〜中筋〜PP, 鶴崎〜別保橋〜森町〜中筋〜PP"
迫（大分）,大分バス（株）,大分駅前〜鶴崎〜種具〜宮河内
秋畑下,玖珠町,山浦線
高崎西,由布市,七蔵司コース
椚山,由布市,北田代コース
惟福寺横,由布市,七蔵司コース
栗流,大分バス（株）,"県庁正門前〜加納〜猪野〜桃園〜鶴崎支所, 鶴崎支所〜桃園〜猪野〜加納〜大分駅前, 県庁正門前〜加納〜猪野〜桃園〜鶴崎（裏）, 県庁正門前〜加納〜猪野〜桃園〜鶴崎, 鶴崎〜桃園〜猪野〜加納〜大分駅前, ホルト〜県庁〜加納〜猪野〜桃園〜鶴崎, 鶴崎〜桃園〜加納〜駅〜駅南（金池南）, 大分駅〜加納〜猪野〜桃園〜鶴崎（裏）"
陽光台北,大分バス（株）,大分駅前〜鶴崎〜種具〜宮河内
田代公民館,由布市,南田代コース
荻尾,由布市,北田代コース
柚の木橋,由布市,"スクールバス大津留コース, 小挾間・柚の木コース"
旭町（大分）,大分バス（株）,"要町〜萩原〜明野西町〜大分高, 県庁正門〜加納〜大分高〜旭町〜大分駅前, 大分駅〜加納〜大分高〜旭町〜大分駅前, 県庁正門〜加納〜大分高〜旭町, 明野中学校〜大分高〜旭町〜大分駅前, 大分高〜旭町〜大分駅前"
芦松,由布市,北田代コース
大分市美術館,大分バス（株）,"要町〜竹町〜市美術館〜オアシス〜要町, 要町〜竹町〜市美術館〜大友氏館跡〜要町"
大分市美術館,大分市,大分きゃんバス
上野丘高校前,大分バス（株）,"県庁正門〜上野, 上野〜コンパル入口, 上野〜大洲運動公園〜上野, 大分駅前〜大洲〜上野, 大分駅前〜岩田〜上野"
石鎚山前,大分バス（株）,"米良〜大分駅前, 県庁正門〜米良"
落合,由布市,七蔵司コース
下小挾間,由布市,小挾間・柚の木コース
元町,大分バス（株）,"県庁正門〜六坊〜元町〜古国府〜コンパル, 県庁正門〜大道〜古国府〜六坊〜大分駅前, 大分駅〜六坊〜元町〜古国府〜コンパル, 大分駅〜大道〜古国府〜六坊〜大分駅前, 県庁正門前〜元町〜羽田〜下郡〜大分駅前, 県庁正門前〜元町〜戸次, 戸次〜元町〜大分駅前, 梅が丘〜元町〜大分駅前, 県庁正門〜元町〜分大〜高江〜大南団地北, 大南団地北〜高江〜分大〜元町〜大分駅前, ホルト〜県庁〜元町〜分大〜高江〜大南, 県庁正門〜元町〜高江〜大南団地北, 大南団地北〜高江〜元町〜大分駅前, 大南団地北〜高江〜元町〜駅〜駅南（金池南）, 県庁正門〜元町〜敷戸北, 敷戸北〜元町〜大分駅前, 敷戸北〜元町〜大分駅前〜駅南（金池南）, 県庁正門〜元町〜大分工業高校, 大分駅前〜元町〜大分工業高校, 県庁正門前〜元町〜敷戸〜大分工業高校, 大分工業高校〜敷戸〜元町〜大分駅前, 敷戸北〜元町〜鶴崎支所, 鶴崎〜元町〜敷戸北, 鶴崎支所〜元町〜敷戸北〜大分工業高校, 大分工業高校〜敷戸北〜元町〜鶴崎, 県庁正門〜元町〜寒田〜ふじが丘山手, ふじが丘山手〜寒田〜元町〜大分駅前, 大分駅〜元町〜寒田〜ふじが丘山手, 県庁正門前〜元町〜寒田〜田尻G北, 田尻GH北〜寒田〜元町〜大分駅前"
中畑［挾間町］,由布市,北田代コース
不論ノ迫,由布市,南田代コース
アクロス前,大分バス（株）,"要町〜萩原〜明野東口〜大分高, 大分高校〜明野東口〜萩原〜要町（考査）, 情報科学高〜明野東口〜萩原〜要町, 大分駅前〜萩原〜公商〜米良BP〜大分駅前, 県庁正門〜米良BP〜情商公〜萩原〜大分駅, 大分駅前〜萩原〜公園通り東, 公園通り中央〜萩原〜大分駅前, 県庁正門〜加納〜大分高〜旭町〜大分駅前, 大分駅〜加納〜大分高〜旭町〜大分駅前, 県庁正門〜加納〜大分高〜旭町, 要町〜高城〜池の平〜PP〜京が丘, 要町〜高城〜池の平〜PP〜浄雲寺, 要町〜高城〜池の平〜PP, 菰田〜PP〜池の平〜高城〜要町, 免許C〜PP〜池の平〜高城〜要町"
上野,大分バス（株）,"県庁正門〜上野, 上野〜コンパル入口, 上野〜大洲運動公園〜上野, 大分駅前〜大洲〜上野, 大分駅前〜岩田〜上野"
猪野,大分バス（株）,"県庁正門〜加納〜猪野〜けやき台四, けやき台四〜猪野〜加納〜大分駅前, けやき台〜猪野〜加納〜駅〜駅南（金池南）, JSC前（東芝）〜猪野〜加納〜大分駅前, 県庁正門前〜猪野〜丸亀, 県庁正門前〜加納〜猪野〜森町〜鶴崎支所, 鶴崎支所〜森町〜猪野〜加納〜大分駅前, 県庁正門前〜加納〜猪野〜森町〜鶴崎（裏）, 県庁正門前〜加納〜猪野〜森町〜鶴崎, 鶴崎〜森町〜猪野〜加納〜大分駅前, 大分駅前〜加納〜猪野〜森町〜鶴崎（裏）, 県庁正門前〜加納〜猪野〜桃園〜鶴崎支所, 鶴崎支所〜桃園〜猪野〜加納〜大分駅前, 県庁正門前〜加納〜猪野〜桃園〜鶴崎（裏）, 県庁正門前〜加納〜猪野〜桃園〜鶴崎, 鶴崎〜桃園〜猪野〜加納〜大分駅前, ホルト〜県庁〜加納〜猪野〜桃園〜鶴崎, 鶴崎〜桃園〜加納〜駅〜駅南（金池南）, 大分駅〜加納〜猪野〜桃園〜鶴崎（裏）, 県庁正門前〜加納〜猪野〜宮河内ハイランド, 宮河内一〜猪野〜加納〜大分駅前, 大分駅〜加納〜猪野〜宮河内（東高休校）, 大分駅前〜加納〜猪野〜金の手〜横尾, 南高校〜猪野〜加納〜大分駅前, 大分駅〜加納〜猪野〜南高校"
朴木,由布市,朴木コース
谷平,由布市,"シャトルバス：温泉館〜庄内庁舎, スクールバス湯平コース, 水地コース, 湯平コース"
川原,由布市,下津々良コース
陽光台東,大分バス（株）,大分駅前〜鶴崎〜種具〜宮河内
石城小学校前,由布市,シャトルバス：スクール石城系統
羽田入口,大分バス（株）,"県庁正門前〜元町〜羽田〜下郡〜大分駅前, 県庁正門〜下郡BP〜羽田〜下郡〜大分駅前, 大分駅前〜下郡BP〜羽田〜下郡〜大分駅前"
堂園,大分バス（株）,"大分駅前〜鶴崎〜堂園〜丸亀, 丸亀〜堂園〜鶴崎駅前, 大分駅前〜鶴崎〜堂園〜高田小"
三船平,由布市,七蔵司コース
明野西小前,大分バス（株）,"大分駅〜加納〜西小前〜大分高, 大分駅〜加納〜西小前〜免許C, 免許C〜西小前〜加納〜大分駅前"
猪野（牧一里塚線）,大分バス（株）,要町〜牧〜一里塚
下釣,日田バス（株）,杖立線
陽光台南,大分バス（株）,大分駅前〜鶴崎〜種具〜宮河内
石原,由布市,大津留コース
下笠,由布市,下詰コース
明野中町,大分バス（株）,"要町〜萩原〜明野東口〜大分高, 大分高校〜明野東口〜萩原〜要町（考査）, 情報科学高〜明野東口〜萩原〜要町, 大分駅前〜萩原〜公商〜米良BP〜大分駅前, 県庁正門〜米良BP〜情商公〜萩原〜大分駅, 大分駅前〜萩原〜公園通り東, 公園通り中央〜萩原〜大分駅前, 県庁正門〜加納〜大分高〜旭町〜大分駅前, 大分駅〜加納〜大分高〜旭町〜大分駅前, 県庁正門〜加納〜大分高〜旭町, 要町〜高城〜池の平〜PP〜京が丘, 要町〜高城〜池の平〜PP〜浄雲寺, 要町〜高城〜池の平〜PP, 菰田〜PP〜池の平〜高城〜要町, 免許C〜PP〜池の平〜高城〜要町"
室生,臼津交通（株）,臼関線
森中村,大分バス（株）,"県庁正門前〜加納〜猪野〜森町〜鶴崎支所, 鶴崎支所〜森町〜猪野〜加納〜大分駅前, 県庁正門前〜加納〜猪野〜森町〜鶴崎（裏）, 県庁正門前〜加納〜猪野〜森町〜鶴崎, 鶴崎〜森町〜猪野〜加納〜大分駅前, 大分駅前〜加納〜猪野〜森町〜鶴崎（裏）, 大分駅前〜皆春団地〜森町〜横尾, 菰田〜森町〜皆春団地〜大分駅前, PP〜中筋〜森町〜別保〜鶴崎支所（裏）, 鶴崎支所〜別保橋〜森町〜中筋〜PP, 鶴崎〜別保橋〜森町〜中筋〜PP"
だいかく病院前,大分バス（株）,"米良〜大分駅前, 県庁正門〜米良"
バイパス羽田,大分バス（株）,"県庁正門〜下郡BP〜羽田〜下郡〜大分駅前, 大分駅前〜下郡BP〜羽田〜下郡〜大分駅前"
影の木,由布市,北田代コース
袋尾,由布市,北田代コース
朴木中,由布市,朴木コース
朴木宮,由布市,朴木コース
薬師堂前,大分バス（株）,"県庁正門〜六坊〜元町〜古国府〜コンパル, 県庁正門〜大道〜古国府〜六坊〜大分駅前, 大分駅〜六坊〜元町〜古国府〜コンパル, 大分駅〜大道〜古国府〜六坊〜大分駅前, 県庁正門前〜元町〜羽田〜下郡〜大分駅前, 県庁正門前〜元町〜戸次, 戸次〜元町〜大分駅前, 梅が丘〜元町〜大分駅前, 県庁正門〜元町〜分大〜高江〜大南団地北, 大南団地北〜高江〜分大〜元町〜大分駅前, ホルト〜県庁〜元町〜分大〜高江〜大南, 県庁正門〜元町〜高江〜大南団地北, 大南団地北〜高江〜元町〜大分駅前, 大南団地北〜高江〜元町〜駅〜駅南（金池南）, 県庁正門〜元町〜敷戸北, 敷戸北〜元町〜大分駅前, 敷戸北〜元町〜大分駅前〜駅南（金池南）, 県庁正門〜元町〜大分工業高校, 大分駅前〜元町〜大分工業高校, 県庁正門前〜元町〜敷戸〜大分工業高校, 大分工業高校〜敷戸〜元町〜大分駅前, 敷戸北〜元町〜鶴崎支所, 鶴崎〜元町〜敷戸北, 鶴崎支所〜元町〜敷戸北〜大分工業高校, 大分工業高校〜敷戸北〜元町〜鶴崎, 県庁正門〜元町〜寒田〜ふじが丘山手, ふじが丘山手〜寒田〜元町〜大分駅前, 大分駅〜元町〜寒田〜ふじが丘山手, 県庁正門前〜元町〜寒田〜田尻G北, 田尻GH北〜寒田〜元町〜大分駅前"
三船本村,由布市,七蔵司コース
森,大分バス（株）,"県庁正門前〜加納〜猪野〜森町〜鶴崎支所, 鶴崎支所〜森町〜猪野〜加納〜大分駅前, 県庁正門前〜加納〜猪野〜森町〜鶴崎（裏）, 県庁正門前〜加納〜猪野〜森町〜鶴崎, 鶴崎〜森町〜猪野〜加納〜大分駅前, 大分駅前〜加納〜猪野〜森町〜鶴崎（裏）, 大分駅前〜皆春団地〜森町〜横尾, 菰田〜森町〜皆春団地〜大分駅前, PP〜中筋〜森町〜別保〜鶴崎支所（裏）, 鶴崎支所〜別保橋〜森町〜中筋〜PP, 鶴崎〜別保橋〜森町〜中筋〜PP"
明野中央病院前,大分バス（株）,"要町〜萩原〜明野東口〜大分高, 大分高校〜明野東口〜萩原〜要町（考査）, 情報科学高〜明野東口〜萩原〜要町, 大分駅前〜萩原〜公商〜米良BP〜大分駅前, 県庁正門〜米良BP〜情商公〜萩原〜大分駅, 大分駅前〜萩原〜公園通り東, 公園通り中央〜萩原〜大分駅前, 要町〜高城〜池の平〜PP〜京が丘, 要町〜高城〜池の平〜PP〜浄雲寺, 要町〜高城〜池の平〜PP, 菰田〜PP〜池の平〜高城〜要町, 免許C〜PP〜池の平〜高城〜要町"
三船泉,由布市,七蔵司コース
東小入口,大分バス（株）,"要町〜萩原〜明野東口〜大分高, 大分高校〜明野東口〜萩原〜要町（考査）, 情報科学高〜明野東口〜萩原〜要町, 要町〜萩原〜明野西町〜大分高, 大分駅前〜萩原〜公商〜米良BP〜大分駅前, 県庁正門〜米良BP〜情商公〜萩原〜大分駅, 大分駅前〜萩原〜公園通り東, 公園通り中央〜萩原〜大分駅前, 県庁正門〜加納〜大分高〜旭町〜大分駅前, 大分駅〜加納〜大分高〜旭町〜大分駅前, 県庁正門〜加納〜大分高〜旭町, 明野中学校〜大分高〜旭町〜大分駅前, 大分高〜旭町〜大分駅前, 要町〜高城〜池の平〜PP〜京が丘, 要町〜高城〜池の平〜PP〜浄雲寺, 要町〜高城〜池の平〜PP, 菰田〜PP〜池の平〜高城〜要町, 免許C〜PP〜池の平〜高城〜要町"
城東下,由布市,北田代コース
長谷町（米良線）,大分バス（株）,"米良〜大分駅前, 県庁正門〜米良, 大分駅前〜萩原〜公商〜米良BP〜大分駅前, 県庁正門〜米良BP〜情商公〜萩原〜大分駅, 県庁正門〜米良BP〜商〜公園通り東, 公園通り中央〜商〜米良BP〜大分駅前, パークプレイス〜米良BP〜大分駅前, 大分駅前〜米良BP〜商〜公園通り東, 旦野原〜米良BP〜大分駅（快米良BP停）"
明野中学校,大分バス（株）,"県庁正門〜加納〜大分高〜旭町〜大分駅前, 大分駅〜加納〜大分高〜旭町〜大分駅前, 県庁正門〜加納〜大分高〜旭町, 明野中学校〜大分高〜旭町〜大分駅前"
小挾間大橋,由布市,"スクールバス大津留コース, 小挾間・柚の木コース"
城南センター前,大分バス（株）,"県庁正門〜城南西町, 城南西町〜コンパル入口, 城南西町〜オアシス〜コンパル入口, ホルト〜県庁正門〜城南西町, 花高松〜萩原堺町〜裏川・東浜〜城南西町, 花高松〜萩原堺町〜城南西町, 鶴崎支所〜城南西町, 鶴崎〜城南西町, 城南西町〜萩原堺町〜花高松〜天然塚東, 花高松〜三ツ川〜萩原堺町〜城南西町, 城南西町〜裏川・東浜〜大分駅前"
水地上,由布市,水地コース
明野中学校（明野西小側）,大分バス（株）,"大分駅〜加納〜西小前〜大分高, 大分駅〜加納〜西小前〜免許C, 免許C〜西小前〜加納〜大分駅前"
中屋敷,由布市,大津留コース
埴坪入口,由布市,朴木コース
朴木岡,由布市,朴木コース
三船,由布市,シャトルバス：スクール石城系統
城南公園入口,大分バス（株）,"県庁正門〜城南西町, 城南西町〜コンパル入口, 城南西町〜オアシス〜コンパル入口, ホルト〜県庁正門〜城南西町, 花高松〜萩原堺町〜裏川・東浜〜城南西町, 花高松〜萩原堺町〜城南西町, 鶴崎支所〜城南西町, 鶴崎〜城南西町, 城南西町〜萩原堺町〜花高松〜天然塚東, 花高松〜三ツ川〜萩原堺町〜城南西町, 城南西町〜裏川・東浜〜大分駅前"
無田,由布市,北田代コース
古国府,大分バス（株）,"県庁正門〜六坊〜元町〜古国府〜コンパル, 県庁正門〜大道〜古国府〜六坊〜大分駅前, 大分駅〜六坊〜元町〜古国府〜コンパル, 大分駅〜大道〜古国府〜六坊〜大分駅前"
南山田小学校前,大分交通（株）,栃木宮の原
常行北,大分バス（株）,"大分駅前〜鶴崎〜堂園〜丸亀, 丸亀〜堂園〜鶴崎駅前, 大分駅前〜鶴崎〜堂園〜高田小"
種具,大分バス（株）,大分駅前〜鶴崎〜種具〜宮河内
南太平寺,佐伯市,伯大線
南太平寺,大分バス（株）,"県庁正門〜六坊〜元町〜古国府〜コンパル, 県庁正門〜大道〜古国府〜六坊〜大分駅前, 大分駅〜六坊〜元町〜古国府〜コンパル, 大分駅〜大道〜古国府〜六坊〜大分駅前, 県庁正門〜城南西町, 城南西町〜コンパル入口, 城南西町〜オアシス〜コンパル入口, ホルト〜県庁正門〜城南西町, 花高松〜萩原堺町〜裏川・東浜〜城南西町, 花高松〜萩原堺町〜城南西町, 鶴崎支所〜城南西町, 鶴崎〜城南西町, 城南西町〜萩原堺町〜花高松〜天然塚東, 花高松〜三ツ川〜萩原堺町〜城南西町, 城南西町〜裏川・東浜〜大分駅前, 金池タ〜戸次〜各停〜佐伯駅（急行・太停）, 佐伯駅〜各停〜戸次〜コンパル（急・太停）, 金池タ〜県病〜各停〜佐伯駅（急行・太停）, 佐伯駅〜各停〜県病〜コンパル（急・太停）, 金池〜県病〜コスモ〜佐伯駅（急）, 佐伯駅〜コスモ〜県病〜コンパル（急）, 辻〜榎峠〜大道〜コンパル入口, 金池ターミナル〜大道〜榎峠〜臼杵駅, 臼杵駅〜榎峠〜大道〜コンパル入口, 県庁正門〜県病〜戸次, 戸次〜県病〜コンパル, 金池ターミナル〜県病〜榎峠〜臼杵駅, 臼杵駅〜榎峠〜県病〜コンパル入口, 金池タ〜県病〜榎峠〜臼杵駅〜臼杵港, 臼杵港〜臼杵駅〜榎峠〜県病〜コンパル入口, 金池タ〜大道〜榎峠〜臼杵駅〜臼杵港, 臼杵港〜臼杵駅〜榎峠〜大道〜コンパル入口, 県庁正門〜大道〜分大〜高江〜大南団地北, 大南団地北〜高江〜分大〜大道〜コンパル, 県庁正門〜大道〜高江〜大南団地北, 大南団地北〜高江〜大道〜コンパル, 大分駅前〜大道〜高江〜大南団地北, 県庁正門〜県病〜分大〜大南団地北, 大南団地北〜分大〜県病〜コンパル, 県庁正門前〜大道〜敷戸北, 敷戸北〜大道〜コンパル入口, 県庁正門〜県病〜敷戸北, 敷戸北〜県病〜コンパル入口, 県庁正門〜大道〜敷戸〜大分工業高校, 大分工業高校〜敷戸北〜大道〜コンパル入口, 県庁正門〜県病〜敷戸北〜大分工業高校, 大分工業高校〜敷戸北〜県病〜コンパル入口, 鶴崎支所〜大道〜敷戸北, 鶴崎〜大道〜敷戸北, 敷戸北〜県病〜鶴崎（裏）, 敷戸北〜県病〜鶴崎, 鶴崎支所〜大道〜敷戸北〜大分工業高校, 県庁正門前〜木の上〜野津原公民館, 野津原公民館〜木の上〜コンパル入口, 県庁正門前〜わさだタウン〜野津原公民館, 野津原公民館〜わさだタウン〜コンパル, 県庁正門〜木〜南営業所, 南営業所〜木〜コンパル, 県庁正門〜木〜富士見（GP北）, 富士見（GP北）〜木〜コンパル, ホルト〜県庁正門〜木〜富士見（GP北）, 富士見（GP北）〜看〜木〜コンパル, 県庁正門前〜木〜看護大学前, 県庁正門〜木〜富〜すくすくいきいき村, すくすくいきいき村〜富〜木〜コンパル, 富士見（GP北）〜木〜鶴崎支所, 鶴崎支所〜木〜富〜すくすくいきいき村, すくすく〜富士見〜木〜商業高校, 県庁正門〜松が丘〜南営業所, 南営業所〜松が丘〜コンパル, 県庁正門〜松が丘〜富士見が丘（GP北）, 富士見（GP北）〜松が丘〜コンパル, ホルト〜県庁〜松が丘〜富士見（GP北）, 県庁正門〜松〜看護大学前, 県庁正門〜松〜富〜すくすくいきいき村, すくすくいきいき村〜富〜松〜コンパル, 鶴崎支所〜松が丘〜富士見（GP北）, すくすくいきいき村〜富〜松〜鶴崎支所, すくすくいきいき村〜富〜松〜オア〜コン, すくすく〜富士見〜松が丘〜商業高校, 田尻GH北〜田尻NT〜明磧〜コンパル, 県庁正門〜明磧〜田尻南2丁目, 田尻南2丁目〜明磧〜コンパル, 県庁正門〜下田尻〜わ〜三愛〜田尻南2丁目, 田尻南2丁目〜わ〜三愛〜下田尻〜コンパル, 県庁正門〜明磧〜ふじが丘山手, ふじが丘山手〜明磧〜コンパル, 県庁正門〜明磧〜ふじが丘〜田尻GH北, 田尻GH北〜ふじが丘〜明磧〜コンパル, 県庁正門〜明磧〜ふじが丘〜田尻南2丁目, 田尻南2丁目〜ふじが丘〜明磧〜コンパル, 田尻GH北〜ふじが丘〜明磧〜鶴崎支所, ふじが丘山手〜わ〜三愛〜下田尻〜コンパル, 田尻G西〜ふ〜わ〜三愛〜下田尻〜コンパル, 県庁〜下田尻〜わ〜三愛〜ふ〜田尻南2丁目, 田尻南2丁目〜ふじが丘〜わさだ〜コンパル, 田尻G北〜ふ〜光吉台中央〜県病〜コンパル, 田尻G西〜ふ〜光吉台中央〜県病〜コンパル, 県庁正門〜大道〜寒田〜ふじが丘山手, ふじが丘山手〜寒田〜大道〜コンパル, 県庁正門〜県病〜寒田〜ふじが丘山手, ふじが丘山手〜寒田〜県病〜コンパル, 県庁正門〜大道〜寒田〜ふじが丘〜田尻G北, 田尻G北〜ふじが丘〜寒田〜大道〜コンパル, 県庁正門〜県病〜寒田〜ふじが丘〜田尻G北, 県庁正門〜二豊団地東〜萌葱台, 萌葱台〜二豊団地東〜コンパル, 県庁正門〜二豊団地東〜萌葱台〜わさだT, わさだT〜萌葱台〜二豊団地東〜コンパル, 向之原駅〜松が丘〜宗方台中央〜コンパル, 県庁正門〜豊饒〜畑中, 畑中〜豊饒〜コンパル入口, 鶴崎支所〜豊饒〜畑中, 畑中〜豊饒〜鶴崎（裏）, 鶴崎〜豊饒〜畑中, 鶴崎支所〜県病〜畑中, 畑中〜県病〜鶴崎（裏）, 鶴崎〜県病〜畑中, 横塚東〜大在駅前〜豊饒〜畑中, 県庁正門前〜木の上〜向之原駅, 向之原駅〜木の上〜コンパルホール入口, 向之原駅〜国分〜賀来新川〜コンパルホール入口, 県庁正門〜大学病院〜向之原駅, 向之原駅〜大学病院〜コンパルホール入口, 大分駅前〜大学病院〜向之原駅, 県庁正門〜大学病院〜向之原駅〜すくいき村, すくいき村〜向之原駅〜大学病院〜コンパル, 向之原駅〜大学病院〜鶴崎支所, すくいき村〜向之原駅〜大学病院〜鶴崎支所, 県庁正門〜大学病院, 大学病院〜コンパル, 県庁正門〜大学病院〜野田入口, 野田入口〜大学病院〜コンパル, 県庁正門〜大学病院〜野田入口〜国新〜国団, 県庁〜大学病院〜野田入口〜国新〜富士見, 富士見〜国新〜野田入口〜大学病院〜コン, 県庁正門〜大学病院〜赤野, 赤野〜大学病院〜コンパル, 県庁正門〜大道〜わさだT〜三愛MC, わさだT〜三愛MC〜大道〜コンパル入口, 県庁正門〜明磧〜わさだT〜三愛メディカル, わさだT〜三愛メディカル〜明磧〜コンパル, 県庁正門〜わさだ〜三愛M〜富〜すくいき村, すくいき村〜富〜わさだ〜三愛M〜コンパル"
羽田,大分バス（株）,"県庁正門前〜元町〜羽田〜下郡〜大分駅前, 県庁正門〜下郡BP〜羽田〜下郡〜大分駅前, 大分駅前〜下郡BP〜羽田〜下郡〜大分駅前"
城南東町,大分バス（株）,"県庁正門〜城南西町, 城南西町〜コンパル入口, 城南西町〜オアシス〜コンパル入口, ホルト〜県庁正門〜城南西町, 花高松〜萩原堺町〜裏川・東浜〜城南西町, 花高松〜萩原堺町〜城南西町, 鶴崎支所〜城南西町, 鶴崎〜城南西町, 城南西町〜萩原堺町〜花高松〜天然塚東, 花高松〜三ツ川〜萩原堺町〜城南西町, 城南西町〜裏川・東浜〜大分駅前"
三福寺前,大分バス（株）,"県庁正門〜六坊〜元町〜古国府〜コンパル, 県庁正門〜大道〜古国府〜六坊〜大分駅前, 大分駅〜六坊〜元町〜古国府〜コンパル, 大分駅〜大道〜古国府〜六坊〜大分駅前"
勝負,大分バス（株）,"県庁正門前〜猪野〜丸亀, 県庁正門前〜加納〜猪野〜森町〜鶴崎支所, 鶴崎支所〜森町〜猪野〜加納〜大分駅前, 県庁正門前〜加納〜猪野〜森町〜鶴崎（裏）, 県庁正門前〜加納〜猪野〜森町〜鶴崎, 鶴崎〜森町〜猪野〜加納〜大分駅前, 大分駅前〜加納〜猪野〜森町〜鶴崎（裏）, 県庁正門前〜加納〜猪野〜宮河内ハイランド, 宮河内一〜猪野〜加納〜大分駅前, 大分駅〜加納〜猪野〜宮河内（東高休校）, 大分駅前〜加納〜猪野〜金の手〜横尾"
朴木辻,由布市,朴木コース
城南西町,大分バス（株）,"県庁正門〜城南西町, 城南西町〜コンパル入口, 城南西町〜オアシス〜コンパル入口, ホルト〜県庁正門〜城南西町, 花高松〜萩原堺町〜裏川・東浜〜城南西町, 花高松〜萩原堺町〜城南西町, 鶴崎支所〜城南西町, 鶴崎〜城南西町, 城南西町〜萩原堺町〜花高松〜天然塚東, 花高松〜三ツ川〜萩原堺町〜城南西町, 城南西町〜裏川・東浜〜大分駅前"
明治農協前,大分バス（株）,"要町〜牧〜一里塚, 県庁正門〜加納〜猪野〜けやき台四, けやき台四〜猪野〜加納〜大分駅前, けやき台〜猪野〜加納〜駅〜駅南（金池南）, JSC前（東芝）〜猪野〜加納〜大分駅前, 南高校〜猪野〜加納〜大分駅前, 大分駅〜加納〜猪野〜南高校"
朴木大下,由布市,朴木コース
戦川,由布市,下津々良コース
岩屋寺,大分バス（株）,"県庁正門前〜元町〜羽田〜下郡〜大分駅前, 県庁正門前〜元町〜戸次, 戸次〜元町〜大分駅前, 梅が丘〜元町〜大分駅前, 県庁正門〜元町〜分大〜高江〜大南団地北, 大南団地北〜高江〜分大〜元町〜大分駅前, ホルト〜県庁〜元町〜分大〜高江〜大南, 県庁正門〜元町〜高江〜大南団地北, 大南団地北〜高江〜元町〜大分駅前, 大南団地北〜高江〜元町〜駅〜駅南（金池南）, 県庁正門〜元町〜敷戸北, 敷戸北〜元町〜大分駅前, 敷戸北〜元町〜大分駅前〜駅南（金池南）, 県庁正門〜元町〜大分工業高校, 大分駅前〜元町〜大分工業高校, 県庁正門前〜元町〜敷戸〜大分工業高校, 大分工業高校〜敷戸〜元町〜大分駅前, 敷戸北〜元町〜鶴崎支所, 鶴崎〜元町〜敷戸北, 鶴崎支所〜元町〜敷戸北〜大分工業高校, 大分工業高校〜敷戸北〜元町〜鶴崎, 県庁正門〜元町〜寒田〜ふじが丘山手, ふじが丘山手〜寒田〜元町〜大分駅前, 大分駅〜元町〜寒田〜ふじが丘山手, 県庁正門前〜元町〜寒田〜田尻G北, 田尻GH北〜寒田〜元町〜大分駅前"
殉教公園前,大分バス（株）,"県庁正門前〜猪野〜丸亀, 県庁正門前〜加納〜猪野〜森町〜鶴崎支所, 鶴崎支所〜森町〜猪野〜加納〜大分駅前, 県庁正門前〜加納〜猪野〜森町〜鶴崎（裏）, 県庁正門前〜加納〜猪野〜森町〜鶴崎, 鶴崎〜森町〜猪野〜加納〜大分駅前, 大分駅前〜加納〜猪野〜森町〜鶴崎（裏）, 県庁正門前〜加納〜猪野〜宮河内ハイランド, 宮河内一〜猪野〜加納〜大分駅前, 大分駅〜加納〜猪野〜宮河内（東高休校）, 大分駅前〜加納〜猪野〜金の手〜横尾"
藤の台入口,大分バス（株）,"大分駅前〜萩原〜公商〜米良BP〜大分駅前, 県庁正門〜米良BP〜情商公〜萩原〜大分駅, 県庁正門〜米良BP〜商〜公園通り東, 公園通り中央〜商〜米良BP〜大分駅前, パークプレイス〜米良BP〜大分駅前, 大分駅前〜米良BP〜商〜公園通り東"
さつき町,大分バス（株）,"要町〜萩原〜明野東口〜大分高, 大分高校〜明野東口〜萩原〜要町（考査）, 情報科学高〜明野東口〜萩原〜要町, 要町〜萩原〜明野西町〜大分高, 大分駅前〜萩原〜公商〜米良BP〜大分駅前, 県庁正門〜米良BP〜情商公〜萩原〜大分駅, 大分駅前〜萩原〜公園通り東, 公園通り中央〜萩原〜大分駅前, 県庁正門〜加納〜大分高〜旭町〜大分駅前, 大分駅〜加納〜大分高〜旭町〜大分駅前, 県庁正門〜加納〜大分高〜旭町, 明野中学校〜大分高〜旭町〜大分駅前, 大分高〜旭町〜大分駅前, 要町〜高城〜池の平〜PP〜京が丘, 要町〜高城〜池の平〜PP〜浄雲寺, 要町〜高城〜池の平〜PP, 菰田〜PP〜池の平〜高城〜要町, 免許C〜PP〜池の平〜高城〜要町"
バイパス片島,大分バス（株）,"県庁正門〜下郡BP〜羽田〜下郡〜大分駅前, 大分駅前〜下郡BP〜羽田〜下郡〜大分駅前"
竹道円,由布市,大津留コース
南山田交流センター,大分交通（株）,栃木宮の原
秋畑上,玖珠町,山浦線
ボンエルフ前,大分バス（株）,"大分駅〜加納〜西小前〜大分高, 大分駅〜加納〜西小前〜免許C, 免許C〜西小前〜加納〜大分駅前, 県庁正門〜加納〜大分高〜旭町〜大分駅前, 大分駅〜加納〜大分高〜旭町〜大分駅前, 県庁正門〜加納〜大分高〜旭町, 明野中学校〜大分高〜旭町〜大分駅前"
西辺,由布市,南田代コース
仏光寺前,大分バス（株）,"県庁正門〜六坊〜元町〜古国府〜コンパル, 県庁正門〜大道〜古国府〜六坊〜大分駅前, 大分駅〜六坊〜元町〜古国府〜コンパル, 大分駅〜大道〜古国府〜六坊〜大分駅前"
市営団地入口,大分バス（株）,"米良〜大分駅前, 県庁正門〜米良"
大東団地入口,大分バス（株）,"県庁正門前〜加納〜猪野〜森町〜鶴崎支所, 鶴崎支所〜森町〜猪野〜加納〜大分駅前, 県庁正門前〜加納〜猪野〜森町〜鶴崎（裏）, 県庁正門前〜加納〜猪野〜森町〜鶴崎, 鶴崎〜森町〜猪野〜加納〜大分駅前, 大分駅前〜加納〜猪野〜森町〜鶴崎（裏）, 大分駅前〜皆春団地〜森町〜横尾, 菰田〜森町〜皆春団地〜大分駅前, PP〜中筋〜森町〜別保〜鶴崎支所（裏）, 鶴崎支所〜別保橋〜森町〜中筋〜PP, 鶴崎〜別保橋〜森町〜中筋〜PP"
影戸,由布市,"スクールバス大津留コース, 小挾間・柚の木コース"
水地公民館,由布市,水地コース
南太平寺入口,大分バス（株）,"県庁正門〜六坊〜元町〜古国府〜コンパル, 県庁正門〜大道〜古国府〜六坊〜大分駅前, 大分駅〜六坊〜元町〜古国府〜コンパル, 大分駅〜大道〜古国府〜六坊〜大分駅前"
近原,日田バス（株）,五馬線
農協前［挾間町］,由布市,北田代コース
古原,由布市,七蔵司コース
滝尾校区公民館,大分市,"たきおコミュニティバス　津守中経由, たきおコミュニティバス　曲経由"
片島中,大分バス（株）,"県庁正門前〜元町〜羽田〜下郡〜大分駅前, 県庁正門〜下郡BP〜羽田〜下郡〜大分駅前, 大分駅前〜下郡BP〜羽田〜下郡〜大分駅前"
二又（大分）,大分バス（株）,"県庁正門〜城南西町, 城南西町〜コンパル入口, 城南西町〜オアシス〜コンパル入口, ホルト〜県庁正門〜城南西町, 花高松〜萩原堺町〜裏川・東浜〜城南西町, 花高松〜萩原堺町〜城南西町, 鶴崎支所〜城南西町, 鶴崎〜城南西町, 城南西町〜萩原堺町〜花高松〜天然塚東, 花高松〜三ツ川〜萩原堺町〜城南西町, 城南西町〜裏川・東浜〜大分駅前"
東行,由布市,下詰コース
葛木入口,大分バス（株）,"県庁正門前〜猪野〜丸亀, 県庁正門前〜加納〜猪野〜森町〜鶴崎支所, 鶴崎支所〜森町〜猪野〜加納〜大分駅前, 県庁正門前〜加納〜猪野〜森町〜鶴崎（裏）, 県庁正門前〜加納〜猪野〜森町〜鶴崎, 鶴崎〜森町〜猪野〜加納〜大分駅前, 大分駅前〜加納〜猪野〜森町〜鶴崎（裏）, 県庁正門前〜加納〜猪野〜宮河内ハイランド, 宮河内一〜猪野〜加納〜大分駅前, 大分駅〜加納〜猪野〜宮河内（東高休校）, 大分駅前〜加納〜猪野〜金の手〜横尾"
滝尾校区公民館前,大分バス（株）,"県庁正門前〜元町〜羽田〜下郡〜大分駅前, 県庁正門〜下郡BP〜羽田〜下郡〜大分駅前, 大分駅前〜下郡BP〜羽田〜下郡〜大分駅前"
目の子迫,由布市,七蔵司コース
中畑［湯布院町］,由布市,"シャトルバス：温泉館〜庄内庁舎, スクールバス湯平コース, 水地コース, 湯平コース"
上田町,大分バス（株）,"県庁正門〜六坊〜元町〜古国府〜コンパル, 県庁正門〜大道〜古国府〜六坊〜大分駅前, 大分駅〜六坊〜元町〜古国府〜コンパル, 大分駅〜大道〜古国府〜六坊〜大分駅前"
明野高尾一丁目,大分バス（株）,"大分駅〜加納〜西小前〜大分高, 大分駅〜加納〜西小前〜免許C, 免許C〜西小前〜加納〜大分駅前, 要町〜萩原〜明野東口〜大分高, 大分高校〜明野東口〜萩原〜要町（考査）, 情報科学高〜明野東口〜萩原〜要町, 要町〜萩原〜明野西町〜大分高, 県庁正門〜加納〜大分高〜旭町〜大分駅前, 大分駅〜加納〜大分高〜旭町〜大分駅前, 県庁正門〜加納〜大分高〜旭町, 明野中学校〜大分高〜旭町〜大分駅前, 大分高〜旭町〜大分駅前"
広瀬橋,大分バス（株）,県庁正門前〜元町〜羽田〜下郡〜大分駅前
福徳学院高校前,大分バス（株）,"県庁正門〜城南西町, 城南西町〜コンパル入口, 城南西町〜オアシス〜コンパル入口, ホルト〜県庁正門〜城南西町, 花高松〜萩原堺町〜裏川・東浜〜城南西町, 花高松〜萩原堺町〜城南西町, 鶴崎支所〜城南西町, 鶴崎〜城南西町, 城南西町〜萩原堺町〜花高松〜天然塚東, 花高松〜三ツ川〜萩原堺町〜城南西町, 城南西町〜裏川・東浜〜大分駅前"
文化体育センター前,大分バス（株）,"要町〜萩原〜明野東口〜大分高, 要町〜萩原〜明野西町〜大分高, 大分駅前〜萩原〜公商〜米良BP〜大分駅前, 大分駅前〜萩原〜公園通り東, 要町〜高城〜池の平〜PP〜京が丘, 要町〜高城〜池の平〜PP〜浄雲寺, 要町〜高城〜池の平〜PP"
町田,大分交通（株）,栃木宮の原
常行,大分バス（株）,"大分駅前〜鶴崎〜堂園〜丸亀, 丸亀〜堂園〜鶴崎駅前, 大分駅前〜鶴崎〜堂園〜高田小"
柚木,日田バス（株）,杖立線
大分こども病院前,大分バス（株）,県庁正門前〜元町〜羽田〜下郡〜大分駅前
大分こども病院前,大分市,たきおコミュニティバス　津守中経由
金の手,大分バス（株）,"県庁正門前〜猪野〜丸亀, 県庁正門前〜加納〜猪野〜森町〜鶴崎支所, 鶴崎支所〜森町〜猪野〜加納〜大分駅前, 県庁正門前〜加納〜猪野〜森町〜鶴崎（裏）, 県庁正門前〜加納〜猪野〜森町〜鶴崎, 鶴崎〜森町〜猪野〜加納〜大分駅前, 大分駅前〜加納〜猪野〜森町〜鶴崎（裏）, 県庁正門前〜加納〜猪野〜宮河内ハイランド, 宮河内一〜猪野〜加納〜大分駅前, 大分駅〜加納〜猪野〜宮河内（東高休校）, 大分駅前〜加納〜猪野〜金の手〜横尾"
上新田（大分）,大分バス（株）,"県庁正門前〜元町〜戸次, 戸次〜元町〜大分駅前, 梅が丘〜元町〜大分駅前, 県庁正門〜元町〜分大〜高江〜大南団地北, 大南団地北〜高江〜分大〜元町〜大分駅前, ホルト〜県庁〜元町〜分大〜高江〜大南, 県庁正門〜元町〜高江〜大南団地北, 大南団地北〜高江〜元町〜大分駅前, 大南団地北〜高江〜元町〜駅〜駅南（金池南）, 県庁正門〜元町〜敷戸北, 敷戸北〜元町〜大分駅前, 敷戸北〜元町〜大分駅前〜駅南（金池南）, 県庁正門〜元町〜大分工業高校, 大分駅前〜元町〜大分工業高校, 県庁正門前〜元町〜敷戸〜大分工業高校, 大分工業高校〜敷戸〜元町〜大分駅前, 敷戸北〜元町〜鶴崎支所, 鶴崎〜元町〜敷戸北, 鶴崎支所〜元町〜敷戸北〜大分工業高校, 大分工業高校〜敷戸北〜元町〜鶴崎, 県庁正門〜元町〜寒田〜ふじが丘山手, ふじが丘山手〜寒田〜元町〜大分駅前, 大分駅〜元町〜寒田〜ふじが丘山手, 県庁正門前〜元町〜寒田〜田尻G北, 田尻GH北〜寒田〜元町〜大分駅前"
奥江公民館入口,由布市,奥江コース
小牛野,由布市,下津々良コース
サントピア古野公園,由布市,七蔵司コース
水地中,由布市,水地コース
滝尾小学校前,大分バス（株）,"米良〜大分駅前, 県庁正門〜米良"
下来鉢,由布市,"南田代コース, 北田代コース"
三ヶ田町,大分バス（株）,"県庁正門〜城南西町, 城南西町〜コンパル入口, 城南西町〜オアシス〜コンパル入口, ホルト〜県庁正門〜城南西町, 花高松〜萩原堺町〜裏川・東浜〜城南西町, 花高松〜萩原堺町〜城南西町, 鶴崎支所〜城南西町, 鶴崎〜城南西町, 城南西町〜萩原堺町〜花高松〜天然塚東, 花高松〜三ツ川〜萩原堺町〜城南西町, 城南西町〜裏川・東浜〜大分駅前"
見折谷,日田バス（株）,五馬線
藤の台,大分バス（株）,"大分駅前〜萩原〜公商〜米良BP〜大分駅前, 県庁正門〜米良BP〜情商公〜萩原〜大分駅, 県庁正門〜米良BP〜商〜公園通り東, 公園通り中央〜商〜米良BP〜大分駅前, パークプレイス〜米良BP〜大分駅前, 大分駅前〜米良BP〜商〜公園通り東"
下来鉢奥,由布市,南田代コース
高尾山公園入口,大分バス（株）,"要町〜萩原〜明野東口〜大分高, 大分高校〜明野東口〜萩原〜要町（考査）, 情報科学高〜明野東口〜萩原〜要町, 要町〜萩原〜明野西町〜大分高, 県庁正門〜加納〜大分高〜旭町〜大分駅前, 大分駅〜加納〜大分高〜旭町〜大分駅前, 県庁正門〜加納〜大分高〜旭町, 明野中学校〜大分高〜旭町〜大分駅前, 大分高〜旭町〜大分駅前"
奥江,由布市,奥江コース
城南団地入口,大分バス（株）,"県庁正門〜城南西町, 城南西町〜コンパル入口, 城南西町〜オアシス〜コンパル入口, ホルト〜県庁正門〜城南西町, 花高松〜萩原堺町〜裏川・東浜〜城南西町, 花高松〜萩原堺町〜城南西町, 鶴崎支所〜城南西町, 鶴崎〜城南西町, 城南西町〜萩原堺町〜花高松〜天然塚東, 花高松〜三ツ川〜萩原堺町〜城南西町, 城南西町〜裏川・東浜〜大分駅前"
金の手南,大分バス（株）,"大分駅前〜加納〜猪野〜金の手〜横尾, 大分駅前〜皆春団地〜森町〜横尾, 菰田〜森町〜皆春団地〜大分駅前, PP〜中筋〜森町〜別保〜鶴崎支所（裏）, 鶴崎支所〜別保橋〜森町〜中筋〜PP, 鶴崎〜別保橋〜森町〜中筋〜PP"
二目川下,大分バス（株）,"要町〜牧〜一里塚, 県庁正門〜加納〜猪野〜けやき台四, けやき台四〜猪野〜加納〜大分駅前, けやき台〜猪野〜加納〜駅〜駅南（金池南）, JSC前（東芝）〜猪野〜加納〜大分駅前, 南高校〜猪野〜加納〜大分駅前, 大分駅〜加納〜猪野〜南高校"
奥江入口,亀の井バス（株）,37　牧の戸峠線
大分自動車学校入口,大分バス（株）,県庁正門前〜元町〜羽田〜下郡〜大分駅前
大分自動車学校入口,大分市,たきおコミュニティバス　津守中経由
サントピア古野入口,由布市,七蔵司コース
明野東口,大分バス（株）,"要町〜萩原〜明野東口〜大分高, 大分高校〜明野東口〜萩原〜要町（考査）, 情報科学高〜明野東口〜萩原〜要町, 要町〜萩原〜明野西町〜大分高, 大分駅前〜萩原〜公商〜米良BP〜大分駅前, 県庁正門〜米良BP〜情商公〜萩原〜大分駅, 大分駅前〜萩原〜公園通り東, 公園通り中央〜萩原〜大分駅前, 県庁正門〜加納〜大分高〜旭町〜大分駅前, 大分駅〜加納〜大分高〜旭町〜大分駅前, 県庁正門〜加納〜大分高〜旭町, 明野中学校〜大分高〜旭町〜大分駅前, 大分高〜旭町〜大分駅前, 要町〜高城〜池の平〜PP〜京が丘, 要町〜高城〜池の平〜PP〜浄雲寺, 要町〜高城〜池の平〜PP, 菰田〜PP〜池の平〜高城〜要町, 免許C〜PP〜池の平〜高城〜要町"
片島,大分市,"たきおコミュニティバス　津守中経由, たきおコミュニティバス　曲経由"
大分自動車学校前,大分バス（株）,県庁正門前〜元町〜羽田〜下郡〜大分駅前
羽屋入口,大分バス（株）,"県庁正門前〜木の上〜野津原公民館, 野津原公民館〜木の上〜コンパル入口, 県庁正門前〜わさだタウン〜野津原公民館, 野津原公民館〜わさだタウン〜コンパル, 県庁正門〜木〜南営業所, 南営業所〜木〜コンパル, 県庁正門〜木〜富士見（GP北）, 富士見（GP北）〜木〜コンパル, ホルト〜県庁正門〜木〜富士見（GP北）, 富士見（GP北）〜看〜木〜コンパル, 県庁正門前〜木〜看護大学前, 県庁正門〜木〜富〜すくすくいきいき村, すくすくいきいき村〜富〜木〜コンパル, 富士見（GP北）〜木〜鶴崎支所, 鶴崎支所〜木〜富〜すくすくいきいき村, すくすく〜富士見〜木〜商業高校, 県庁正門〜松が丘〜南営業所, 南営業所〜松が丘〜コンパル, 県庁正門〜松が丘〜富士見が丘（GP北）, 富士見（GP北）〜松が丘〜コンパル, ホルト〜県庁〜松が丘〜富士見（GP北）, 県庁正門〜松〜看護大学前, 県庁正門〜松〜富〜すくすくいきいき村, すくすくいきいき村〜富〜松〜コンパル, 鶴崎支所〜松が丘〜富士見（GP北）, すくすくいきいき村〜富〜松〜鶴崎支所, すくすくいきいき村〜富〜松〜オア〜コン, すくすく〜富士見〜松が丘〜商業高校, 田尻GH北〜田尻NT〜明磧〜コンパル, 県庁正門〜明磧〜田尻南2丁目, 田尻南2丁目〜明磧〜コンパル, 県庁正門〜下田尻〜わ〜三愛〜田尻南2丁目, 田尻南2丁目〜わ〜三愛〜下田尻〜コンパル, 県庁正門〜明磧〜ふじが丘山手, ふじが丘山手〜明磧〜コンパル, 県庁正門〜明磧〜ふじが丘〜田尻GH北, 田尻GH北〜ふじが丘〜明磧〜コンパル, 県庁正門〜明磧〜ふじが丘〜田尻南2丁目, 田尻南2丁目〜ふじが丘〜明磧〜コンパル, 田尻GH北〜ふじが丘〜明磧〜鶴崎支所, ふじが丘山手〜わ〜三愛〜下田尻〜コンパル, 田尻G西〜ふ〜わ〜三愛〜下田尻〜コンパル, 県庁〜下田尻〜わ〜三愛〜ふ〜田尻南2丁目, 田尻南2丁目〜ふじが丘〜わさだ〜コンパル, 県庁正門〜二豊団地東〜萌葱台, 萌葱台〜二豊団地東〜コンパル, 県庁正門〜二豊団地東〜萌葱台〜わさだT, わさだT〜萌葱台〜二豊団地東〜コンパル, 向之原駅〜松が丘〜宗方台中央〜コンパル, 県庁正門〜豊饒〜畑中, 畑中〜豊饒〜コンパル入口, 鶴崎支所〜豊饒〜畑中, 畑中〜豊饒〜鶴崎（裏）, 鶴崎〜豊饒〜畑中, 横塚東〜大在駅前〜豊饒〜畑中, 県庁正門前〜木の上〜向之原駅, 向之原駅〜木の上〜コンパルホール入口, 向之原駅〜国分〜賀来新川〜コンパルホール入口, 県庁正門〜大学病院〜向之原駅, 向之原駅〜大学病院〜コンパルホール入口, 大分駅前〜大学病院〜向之原駅, 県庁正門〜大学病院〜向之原駅〜すくいき村, すくいき村〜向之原駅〜大学病院〜コンパル, 向之原駅〜大学病院〜鶴崎支所, すくいき村〜向之原駅〜大学病院〜鶴崎支所, 県庁正門〜大学病院, 大学病院〜コンパル, 県庁正門〜大学病院〜野田入口, 野田入口〜大学病院〜コンパル, 県庁正門〜大学病院〜野田入口〜国新〜国団, 県庁〜大学病院〜野田入口〜国新〜富士見, 富士見〜国新〜野田入口〜大学病院〜コン, 県庁正門〜大学病院〜赤野, 赤野〜大学病院〜コンパル, 県庁正門〜明磧〜わさだT〜三愛メディカル, わさだT〜三愛メディカル〜明磧〜コンパル, 県庁正門〜わさだ〜三愛M〜富〜すくいき村, すくいき村〜富〜わさだ〜三愛M〜コンパル"
大分高校前,大分バス（株）,"大分駅〜加納〜西小前〜大分高, 大分駅〜加納〜西小前〜免許C, 免許C〜西小前〜加納〜大分駅前, 要町〜萩原〜明野東口〜大分高, 大分高校〜明野東口〜萩原〜要町（考査）, 情報科学高〜明野東口〜萩原〜要町, 要町〜萩原〜明野西町〜大分高, 大分駅前〜萩原〜公商〜米良BP〜大分駅前, 県庁正門〜米良BP〜情商公〜萩原〜大分駅, 県庁正門〜米良BP〜商〜公園通り東, 公園通り中央〜商〜米良BP〜大分駅前, パークプレイス〜米良BP〜大分駅前, 大分駅前〜米良BP〜商〜公園通り東, 県庁正門〜加納〜大分高〜旭町〜大分駅前, 大分駅〜加納〜大分高〜旭町〜大分駅前, 県庁正門〜加納〜大分高〜旭町, 明野中学校〜大分高〜旭町〜大分駅前, 大分高〜旭町〜大分駅前"
中の瀬団地入口,大分バス（株）,"向之原駅〜国分〜賀来新川〜コンパルホール入口, 県庁正門〜大学病院〜向之原駅, 向之原駅〜大学病院〜コンパルホール入口, 大分駅前〜大学病院〜向之原駅, 県庁正門〜大学病院〜向之原駅〜すくいき村, すくいき村〜向之原駅〜大学病院〜コンパル, 向之原駅〜大学病院〜鶴崎支所, すくいき村〜向之原駅〜大学病院〜鶴崎支所, 県庁正門〜大学病院, 大学病院〜コンパル, 県庁正門〜大学病院〜野田入口, 野田入口〜大学病院〜コンパル, 県庁正門〜大学病院〜野田入口〜国新〜国団, 県庁〜大学病院〜野田入口〜国新〜富士見, 富士見〜国新〜野田入口〜大学病院〜コン, 県庁正門〜大学病院〜赤野, 赤野〜大学病院〜コンパル"
関門（鶴崎方面）,大分バス（株）,"大分駅前〜鶴崎〜堂園〜丸亀, 丸亀〜堂園〜鶴崎駅前, 大分駅前〜鶴崎〜堂園〜高田小"
こども・女性センター前,大分バス（株）,"向之原駅〜国分〜賀来新川〜コンパルホール入口, 県庁正門〜大学病院〜向之原駅, 向之原駅〜大学病院〜コンパルホール入口, 大分駅前〜大学病院〜向之原駅, 県庁正門〜大学病院〜向之原駅〜すくいき村, すくいき村〜向之原駅〜大学病院〜コンパル, 向之原駅〜大学病院〜鶴崎支所, すくいき村〜向之原駅〜大学病院〜鶴崎支所, 県庁正門〜大学病院, 大学病院〜コンパル, 県庁正門〜大学病院〜野田入口, 野田入口〜大学病院〜コンパル, 県庁正門〜大学病院〜野田入口〜国新〜国団, 県庁〜大学病院〜野田入口〜国新〜富士見, 富士見〜国新〜野田入口〜大学病院〜コン, 県庁正門〜大学病院〜赤野, 赤野〜大学病院〜コンパル"
滝尾小学校入口,大分バス（株）,"米良〜大分駅前, 県庁正門〜米良"
高田南,大分バス（株）,"県庁正門前〜猪野〜丸亀, 県庁正門前〜加納〜猪野〜宮河内ハイランド, 宮河内一〜猪野〜加納〜大分駅前, 大分駅〜加納〜猪野〜宮河内（東高休校）"
久保山下,大分バス（株）,"PP〜中筋〜森町〜別保〜鶴崎支所（裏）, 鶴崎支所〜別保橋〜森町〜中筋〜PP, 鶴崎〜別保橋〜森町〜中筋〜PP"
JA全農おおいた,大分バス（株）,"県庁正門前〜元町〜戸次, 戸次〜元町〜大分駅前, 梅が丘〜元町〜大分駅前, 県庁正門〜元町〜分大〜高江〜大南団地北, 大南団地北〜高江〜分大〜元町〜大分駅前, ホルト〜県庁〜元町〜分大〜高江〜大南, 県庁正門〜元町〜高江〜大南団地北, 大南団地北〜高江〜元町〜大分駅前, 大南団地北〜高江〜元町〜駅〜駅南（金池南）, 県庁正門〜元町〜敷戸北, 敷戸北〜元町〜大分駅前, 敷戸北〜元町〜大分駅前〜駅南（金池南）, 県庁正門〜元町〜大分工業高校, 大分駅前〜元町〜大分工業高校, 県庁正門前〜元町〜敷戸〜大分工業高校, 大分工業高校〜敷戸〜元町〜大分駅前, 敷戸北〜元町〜鶴崎支所, 鶴崎〜元町〜敷戸北, 鶴崎支所〜元町〜敷戸北〜大分工業高校, 大分工業高校〜敷戸北〜元町〜鶴崎, 県庁正門〜元町〜寒田〜ふじが丘山手, ふじが丘山手〜寒田〜元町〜大分駅前, 大分駅〜元町〜寒田〜ふじが丘山手, 県庁正門前〜元町〜寒田〜田尻G北, 田尻GH北〜寒田〜元町〜大分駅前"
柚の木,大分交通（株）,栃木宮の原
賀来入口,大分バス（株）,"向之原駅〜国分〜賀来新川〜コンパルホール入口, 県庁正門〜大学病院〜向之原駅, 向之原駅〜大学病院〜コンパルホール入口, 大分駅前〜大学病院〜向之原駅, 県庁正門〜大学病院〜向之原駅〜すくいき村, すくいき村〜向之原駅〜大学病院〜コンパル, 向之原駅〜大学病院〜鶴崎支所, すくいき村〜向之原駅〜大学病院〜鶴崎支所, 県庁正門〜大学病院, 大学病院〜コンパル, 県庁正門〜大学病院〜野田入口, 野田入口〜大学病院〜コンパル, 県庁正門〜大学病院〜野田入口〜国新〜国団, 県庁〜大学病院〜野田入口〜国新〜富士見, 富士見〜国新〜野田入口〜大学病院〜コン, 県庁正門〜大学病院〜赤野, 赤野〜大学病院〜コンパル"
荏隈,大分バス（株）,"向之原駅〜国分〜賀来新川〜コンパルホール入口, 県庁正門〜大学病院〜向之原駅, 向之原駅〜大学病院〜コンパルホール入口, 大分駅前〜大学病院〜向之原駅, 県庁正門〜大学病院〜向之原駅〜すくいき村, すくいき村〜向之原駅〜大学病院〜コンパル, 向之原駅〜大学病院〜鶴崎支所, すくいき村〜向之原駅〜大学病院〜鶴崎支所, 県庁正門〜大学病院, 大学病院〜コンパル, 県庁正門〜大学病院〜野田入口, 野田入口〜大学病院〜コンパル, 県庁正門〜大学病院〜野田入口〜国新〜国団, 県庁〜大学病院〜野田入口〜国新〜富士見, 富士見〜国新〜野田入口〜大学病院〜コン, 県庁正門〜大学病院〜赤野, 赤野〜大学病院〜コンパル"
埴坪,由布市,朴木コース
羽屋新町,佐伯市,伯大線
羽屋新町,大分バス（株）,"金池タ〜戸次〜各停〜佐伯駅（急行・太停）, 佐伯駅〜各停〜戸次〜コンパル（急・太停）, 金池タ〜県病〜各停〜佐伯駅（急行・太停）, 佐伯駅〜各停〜県病〜コンパル（急・太停）, 金池〜県病〜コスモ〜佐伯駅（急）, 佐伯駅〜コスモ〜県病〜コンパル（急）, 辻〜榎峠〜大道〜コンパル入口, 金池ターミナル〜大道〜榎峠〜臼杵駅, 臼杵駅〜榎峠〜大道〜コンパル入口, 県庁正門〜県病〜戸次, 戸次〜県病〜コンパル, 金池ターミナル〜県病〜榎峠〜臼杵駅, 臼杵駅〜榎峠〜県病〜コンパル入口, 金池タ〜県病〜榎峠〜臼杵駅〜臼杵港, 臼杵港〜臼杵駅〜榎峠〜県病〜コンパル入口, 金池タ〜大道〜榎峠〜臼杵駅〜臼杵港, 臼杵港〜臼杵駅〜榎峠〜大道〜コンパル入口, 平清水〜榎峠〜大道〜コンパル入口（特急）, 県庁正門〜大道〜分大〜高江〜大南団地北, 大南団地北〜高江〜分大〜大道〜コンパル, 県庁正門〜大道〜高江〜大南団地北, 大南団地北〜高江〜大道〜コンパル, 大分駅前〜大道〜高江〜大南団地北, 県庁正門〜県病〜分大〜大南団地北, 大南団地北〜分大〜県病〜コンパル, 県庁正門前〜大道〜敷戸北, 敷戸北〜大道〜コンパル入口, 県庁正門〜県病〜敷戸北, 敷戸北〜県病〜コンパル入口, 県庁正門〜大道〜敷戸〜大分工業高校, 大分工業高校〜敷戸北〜大道〜コンパル入口, 県庁正門〜県病〜敷戸北〜大分工業高校, 大分工業高校〜敷戸北〜県病〜コンパル入口, 鶴崎支所〜大道〜敷戸北, 鶴崎〜大道〜敷戸北, 敷戸北〜県病〜鶴崎（裏）, 敷戸北〜県病〜鶴崎, 鶴崎支所〜大道〜敷戸北〜大分工業高校, 田尻G北〜ふ〜光吉台中央〜県病〜コンパル, 田尻G西〜ふ〜光吉台中央〜県病〜コンパル, 県庁正門〜大道〜寒田〜ふじが丘山手, ふじが丘山手〜寒田〜大道〜コンパル, 県庁正門〜県病〜寒田〜ふじが丘山手, ふじが丘山手〜寒田〜県病〜コンパル, 県庁正門〜大道〜寒田〜ふじが丘〜田尻G北, 田尻G北〜ふじが丘〜寒田〜大道〜コンパル, 県庁正門〜県病〜寒田〜ふじが丘〜田尻G北, 鶴崎支所〜県病〜畑中, 畑中〜県病〜鶴崎（裏）, 鶴崎〜県病〜畑中, 県庁正門〜大道〜わさだT〜三愛MC, わさだT〜三愛MC〜大道〜コンパル入口"
ゆめが丘,大分バス（株）,"大分駅前〜萩原〜公商〜米良BP〜大分駅前, 県庁正門〜米良BP〜情商公〜萩原〜大分駅, 県庁正門〜米良BP〜商〜公園通り東, 公園通り中央〜商〜米良BP〜大分駅前, パークプレイス〜米良BP〜大分駅前, 大分駅前〜米良BP〜商〜公園通り東"
戸刈田,日田バス（株）,五馬線
馬渡,由布市,"シャトルバス：温泉館〜庄内庁舎, スクールバス湯平コース, 水地コース, 湯平コース"
水地下,由布市,水地コース
田の浦,臼津交通（株）,臼関線
桑原下,大分バス（株）,"県庁正門〜大学病院〜向之原駅, 向之原駅〜大学病院〜コンパルホール入口, 大分駅前〜大学病院〜向之原駅, 県庁正門〜大学病院〜向之原駅〜すくいき村, すくいき村〜向之原駅〜大学病院〜コンパル, 向之原駅〜大学病院〜鶴崎支所, すくいき村〜向之原駅〜大学病院〜鶴崎支所, 県庁正門〜大学病院, 大学病院〜コンパル, 県庁正門〜大学病院〜野田入口, 野田入口〜大学病院〜コンパル, 県庁正門〜大学病院〜野田入口〜国新〜国団, 県庁〜大学病院〜野田入口〜国新〜富士見, 富士見〜国新〜野田入口〜大学病院〜コン, 県庁正門〜大学病院〜赤野, 赤野〜大学病院〜コンパル"
大石町一丁目,大分バス（株）,"向之原駅〜国分〜賀来新川〜コンパルホール入口, 県庁正門〜大学病院〜向之原駅, 向之原駅〜大学病院〜コンパルホール入口, 大分駅前〜大学病院〜向之原駅, 県庁正門〜大学病院〜向之原駅〜すくいき村, すくいき村〜向之原駅〜大学病院〜コンパル, 向之原駅〜大学病院〜鶴崎支所, すくいき村〜向之原駅〜大学病院〜鶴崎支所, 県庁正門〜大学病院, 大学病院〜コンパル, 県庁正門〜大学病院〜野田入口, 野田入口〜大学病院〜コンパル, 県庁正門〜大学病院〜野田入口〜国新〜国団, 県庁〜大学病院〜野田入口〜国新〜富士見, 富士見〜国新〜野田入口〜大学病院〜コン, 県庁正門〜大学病院〜赤野, 赤野〜大学病院〜コンパル"
上餅田,大分バス（株）,"県庁正門〜大学病院〜向之原駅, 向之原駅〜大学病院〜コンパルホール入口, 大分駅前〜大学病院〜向之原駅, 県庁正門〜大学病院〜向之原駅〜すくいき村, すくいき村〜向之原駅〜大学病院〜コンパル, 向之原駅〜大学病院〜鶴崎支所, すくいき村〜向之原駅〜大学病院〜鶴崎支所, 県庁正門〜大学病院, 大学病院〜コンパル, 県庁正門〜大学病院〜野田入口, 野田入口〜大学病院〜コンパル, 県庁正門〜大学病院〜野田入口〜国新〜国団, 県庁〜大学病院〜野田入口〜国新〜富士見, 富士見〜国新〜野田入口〜大学病院〜コン, 県庁正門〜大学病院〜赤野, 赤野〜大学病院〜コンパル"
関門,大分バス（株）,"県庁正門前〜猪野〜丸亀, 県庁正門前〜加納〜猪野〜宮河内ハイランド, 宮河内一〜猪野〜加納〜大分駅前, 大分駅〜加納〜猪野〜宮河内（東高休校）"
宗寿寺上,由布市,大津留コース
馬渡橋上,由布市,下津々良コース
船橋,大分市,"たきおコミュニティバス　津守中経由, たきおコミュニティバス　曲経由"
鹿出,由布市,下津々良コース
津守新町,大分市,"たきおコミュニティバス　津守中経由, たきおコミュニティバス　曲経由"
桑原上,大分バス（株）,"県庁正門〜大学病院〜向之原駅, 向之原駅〜大学病院〜コンパルホール入口, 大分駅前〜大学病院〜向之原駅, 県庁正門〜大学病院〜向之原駅〜すくいき村, すくいき村〜向之原駅〜大学病院〜コンパル, 向之原駅〜大学病院〜鶴崎支所, すくいき村〜向之原駅〜大学病院〜鶴崎支所, 県庁正門〜大学病院, 大学病院〜コンパル, 県庁正門〜大学病院〜野田入口, 野田入口〜大学病院〜コンパル, 県庁正門〜大学病院〜野田入口〜国新〜国団, 県庁〜大学病院〜野田入口〜国新〜富士見, 富士見〜国新〜野田入口〜大学病院〜コン, 県庁正門〜大学病院〜赤野, 赤野〜大学病院〜コンパル"
田中北,大分バス（株）,"向之原駅〜国分〜賀来新川〜コンパルホール入口, 県庁正門〜大学病院〜向之原駅, 向之原駅〜大学病院〜コンパルホール入口, 大分駅前〜大学病院〜向之原駅, 県庁正門〜大学病院〜向之原駅〜すくいき村, すくいき村〜向之原駅〜大学病院〜コンパル, 向之原駅〜大学病院〜鶴崎支所, すくいき村〜向之原駅〜大学病院〜鶴崎支所, 県庁正門〜大学病院, 大学病院〜コンパル, 県庁正門〜大学病院〜野田入口, 野田入口〜大学病院〜コンパル, 県庁正門〜大学病院〜野田入口〜国新〜国団, 県庁〜大学病院〜野田入口〜国新〜富士見, 富士見〜国新〜野田入口〜大学病院〜コン, 県庁正門〜大学病院〜赤野, 赤野〜大学病院〜コンパル"
江ゴ,大分バス（株）,"大分駅前〜萩原〜公商〜米良BP〜大分駅前, 県庁正門〜米良BP〜情商公〜萩原〜大分駅, 大分駅前〜萩原〜公園通り東, 公園通り中央〜萩原〜大分駅前, 要町〜高城〜池の平〜PP〜京が丘, 要町〜高城〜池の平〜PP〜浄雲寺, 要町〜高城〜池の平〜PP, 菰田〜PP〜池の平〜高城〜要町, 免許C〜PP〜池の平〜高城〜要町"
下角の前,大分バス（株）,"県庁正門〜大学病院〜向之原駅, 向之原駅〜大学病院〜コンパルホール入口, 大分駅前〜大学病院〜向之原駅, 県庁正門〜大学病院〜向之原駅〜すくいき村, すくいき村〜向之原駅〜大学病院〜コンパル, 向之原駅〜大学病院〜鶴崎支所, すくいき村〜向之原駅〜大学病院〜鶴崎支所, 県庁正門〜大学病院, 大学病院〜コンパル, 県庁正門〜大学病院〜野田入口, 野田入口〜大学病院〜コンパル, 県庁正門〜大学病院〜野田入口〜国新〜国団, 県庁〜大学病院〜野田入口〜国新〜富士見, 富士見〜国新〜野田入口〜大学病院〜コン, 県庁正門〜大学病院〜赤野, 赤野〜大学病院〜コンパル"
上古野,大分バス（株）,"県庁正門〜大学病院〜赤野, 赤野〜大学病院〜コンパル"
上古野,由布市,七蔵司コース
大津留交流センター,由布市,"スクールバス大津留コース, 小挾間・柚の木コース"
丸田,由布市,下詰コース
由布川交流センター,由布市,七蔵司コース
宗寿寺,由布市,大津留コース
賀来新川,大分バス（株）,向之原駅〜国分〜賀来新川〜コンパルホール入口
新屋敷,大分バス（株）,"県庁正門〜大学病院〜向之原駅, 向之原駅〜大学病院〜コンパルホール入口, 大分駅前〜大学病院〜向之原駅, 県庁正門〜大学病院〜向之原駅〜すくいき村, すくいき村〜向之原駅〜大学病院〜コンパル, 向之原駅〜大学病院〜鶴崎支所, すくいき村〜向之原駅〜大学病院〜鶴崎支所, 県庁正門〜大学病院, 大学病院〜コンパル, 県庁正門〜大学病院〜野田入口, 野田入口〜大学病院〜コンパル, 県庁正門〜大学病院〜野田入口〜国新〜国団, 県庁〜大学病院〜野田入口〜国新〜富士見, 富士見〜国新〜野田入口〜大学病院〜コン, 県庁正門〜大学病院〜赤野, 赤野〜大学病院〜コンパル"
羽屋,大分バス（株）,"県庁正門〜豊饒〜畑中, 畑中〜豊饒〜コンパル入口, 鶴崎支所〜豊饒〜畑中, 畑中〜豊饒〜鶴崎（裏）, 鶴崎〜豊饒〜畑中, 横塚東〜大在駅前〜豊饒〜畑中"
古野,由布市,シャトルバス：スクール石城系統
古野,大分バス（株）,"県庁正門〜大学病院〜赤野, 赤野〜大学病院〜コンパル"
喜多里団地,大分バス（株）,"県庁正門〜大学病院〜赤野, 赤野〜大学病院〜コンパル"
喜多里,由布市,七蔵司コース
田中（大分）,大分バス（株）,"県庁正門前〜木の上〜野津原公民館, 野津原公民館〜木の上〜コンパル入口, 県庁正門前〜わさだタウン〜野津原公民館, 野津原公民館〜わさだタウン〜コンパル, 県庁正門〜木〜南営業所, 南営業所〜木〜コンパル, 県庁正門〜木〜富士見（GP北）, 富士見（GP北）〜木〜コンパル, ホルト〜県庁正門〜木〜富士見（GP北）, 富士見（GP北）〜看〜木〜コンパル, 県庁正門前〜木〜看護大学前, 県庁正門〜木〜富〜すくすくいきいき村, すくすくいきいき村〜富〜木〜コンパル, 富士見（GP北）〜木〜鶴崎支所, 鶴崎支所〜木〜富〜すくすくいきいき村, すくすく〜富士見〜木〜商業高校, 県庁正門〜松が丘〜南営業所, 南営業所〜松が丘〜コンパル, 県庁正門〜松が丘〜富士見が丘（GP北）, 富士見（GP北）〜松が丘〜コンパル, ホルト〜県庁〜松が丘〜富士見（GP北）, 県庁正門〜松〜看護大学前, 県庁正門〜松〜富〜すくすくいきいき村, すくすくいきいき村〜富〜松〜コンパル, 鶴崎支所〜松が丘〜富士見（GP北）, すくすくいきいき村〜富〜松〜鶴崎支所, すくすくいきいき村〜富〜松〜オア〜コン, すくすく〜富士見〜松が丘〜商業高校, 田尻GH北〜田尻NT〜明磧〜コンパル, 県庁正門〜明磧〜田尻南2丁目, 田尻南2丁目〜明磧〜コンパル, 県庁正門〜下田尻〜わ〜三愛〜田尻南2丁目, 田尻南2丁目〜わ〜三愛〜下田尻〜コンパル, 県庁正門〜明磧〜ふじが丘山手, ふじが丘山手〜明磧〜コンパル, 県庁正門〜明磧〜ふじが丘〜田尻GH北, 田尻GH北〜ふじが丘〜明磧〜コンパル, 県庁正門〜明磧〜ふじが丘〜田尻南2丁目, 田尻南2丁目〜ふじが丘〜明磧〜コンパル, 田尻GH北〜ふじが丘〜明磧〜鶴崎支所, ふじが丘山手〜わ〜三愛〜下田尻〜コンパル, 田尻G西〜ふ〜わ〜三愛〜下田尻〜コンパル, 県庁〜下田尻〜わ〜三愛〜ふ〜田尻南2丁目, 田尻南2丁目〜ふじが丘〜わさだ〜コンパル, 県庁正門〜二豊団地東〜萌葱台, 萌葱台〜二豊団地東〜コンパル, 県庁正門〜二豊団地東〜萌葱台〜わさだT, わさだT〜萌葱台〜二豊団地東〜コンパル, 向之原駅〜松が丘〜宗方台中央〜コンパル, 県庁正門前〜木の上〜向之原駅, 向之原駅〜木の上〜コンパルホール入口, 県庁正門〜明磧〜わさだT〜三愛メディカル, わさだT〜三愛メディカル〜明磧〜コンパル, 県庁正門〜わさだ〜三愛M〜富〜すくいき村, すくいき村〜富〜わさだ〜三愛M〜コンパル"
由布川ハイツ前,由布市,下詰コース
東行山田,由布市,朴木コース
稲葉,大分バス（株）,"辻〜榎峠〜大道〜コンパル入口, 金池ターミナル〜大道〜榎峠〜臼杵駅, 臼杵駅〜榎峠〜大道〜コンパル入口, 県庁正門〜県病〜戸次, 戸次〜県病〜コンパル, 金池ターミナル〜県病〜榎峠〜臼杵駅, 臼杵駅〜榎峠〜県病〜コンパル入口, 金池タ〜県病〜榎峠〜臼杵駅〜臼杵港, 臼杵港〜臼杵駅〜榎峠〜県病〜コンパル入口, 金池タ〜大道〜榎峠〜臼杵駅〜臼杵港, 臼杵港〜臼杵駅〜榎峠〜大道〜コンパル入口, 県庁正門〜大道〜分大〜高江〜大南団地北, 大南団地北〜高江〜分大〜大道〜コンパル, 県庁正門〜大道〜高江〜大南団地北, 大南団地北〜高江〜大道〜コンパル, 大分駅前〜大道〜高江〜大南団地北, 県庁正門〜県病〜分大〜大南団地北, 大南団地北〜分大〜県病〜コンパル, 県庁正門前〜大道〜敷戸北, 敷戸北〜大道〜コンパル入口, 県庁正門〜県病〜敷戸北, 敷戸北〜県病〜コンパル入口, 県庁正門〜大道〜敷戸〜大分工業高校, 大分工業高校〜敷戸北〜大道〜コンパル入口, 県庁正門〜県病〜敷戸北〜大分工業高校, 大分工業高校〜敷戸北〜県病〜コンパル入口, 鶴崎支所〜大道〜敷戸北, 鶴崎〜大道〜敷戸北, 敷戸北〜県病〜鶴崎（裏）, 敷戸北〜県病〜鶴崎, 鶴崎支所〜大道〜敷戸北〜大分工業高校, 田尻G北〜ふ〜光吉台中央〜県病〜コンパル, 田尻G西〜ふ〜光吉台中央〜県病〜コンパル, 県庁正門〜大道〜寒田〜ふじが丘山手, ふじが丘山手〜寒田〜大道〜コンパル, 県庁正門〜県病〜寒田〜ふじが丘山手, ふじが丘山手〜寒田〜県病〜コンパル, 県庁正門〜大道〜寒田〜ふじが丘〜田尻G北, 田尻G北〜ふじが丘〜寒田〜大道〜コンパル, 県庁正門〜県病〜寒田〜ふじが丘〜田尻G北, 鶴崎支所〜県病〜畑中, 畑中〜県病〜鶴崎（裏）, 鶴崎〜県病〜畑中, 県庁正門〜大道〜わさだT〜三愛MC, わさだT〜三愛MC〜大道〜コンパル入口"
下河原,大分バス（株）,向之原駅〜国分〜賀来新川〜コンパルホール入口
上片島,大分バス（株）,"米良〜大分駅前, 県庁正門〜米良"
川崎内科,由布市,七蔵司コース
教育会館入口,大分バス（株）,"大分駅前〜萩原〜公商〜米良BP〜大分駅前, 県庁正門〜米良BP〜情商公〜萩原〜大分駅, 県庁正門〜米良BP〜商〜公園通り東, 公園通り中央〜商〜米良BP〜大分駅前, パークプレイス〜米良BP〜大分駅前, 大分駅前〜米良BP〜商〜公園通り東"
小原,大分バス（株）,"県庁正門〜大学病院〜向之原駅, 向之原駅〜大学病院〜コンパルホール入口, 大分駅前〜大学病院〜向之原駅, 県庁正門〜大学病院〜向之原駅〜すくいき村, すくいき村〜向之原駅〜大学病院〜コンパル, 向之原駅〜大学病院〜鶴崎支所, すくいき村〜向之原駅〜大学病院〜鶴崎支所, 県庁正門〜大学病院, 大学病院〜コンパル, 県庁正門〜大学病院〜野田入口, 野田入口〜大学病院〜コンパル, 県庁正門〜大学病院〜野田入口〜国新〜国団, 県庁〜大学病院〜野田入口〜国新〜富士見, 富士見〜国新〜野田入口〜大学病院〜コン, 県庁正門〜大学病院〜赤野, 赤野〜大学病院〜コンパル"
花園,大分バス（株）,"県庁正門前〜元町〜戸次, 戸次〜元町〜大分駅前, 梅が丘〜元町〜大分駅前, 県庁正門〜元町〜分大〜高江〜大南団地北, 大南団地北〜高江〜分大〜元町〜大分駅前, ホルト〜県庁〜元町〜分大〜高江〜大南, 県庁正門〜元町〜高江〜大南団地北, 大南団地北〜高江〜元町〜大分駅前, 大南団地北〜高江〜元町〜駅〜駅南（金池南）, 県庁正門〜元町〜敷戸北, 敷戸北〜元町〜大分駅前, 敷戸北〜元町〜大分駅前〜駅南（金池南）, 県庁正門〜元町〜大分工業高校, 大分駅前〜元町〜大分工業高校, 県庁正門前〜元町〜敷戸〜大分工業高校, 大分工業高校〜敷戸〜元町〜大分駅前, 敷戸北〜元町〜鶴崎支所, 鶴崎〜元町〜敷戸北, 鶴崎支所〜元町〜敷戸北〜大分工業高校, 大分工業高校〜敷戸北〜元町〜鶴崎, 県庁正門〜元町〜寒田〜ふじが丘山手, ふじが丘山手〜寒田〜元町〜大分駅前, 大分駅〜元町〜寒田〜ふじが丘山手, 県庁正門前〜元町〜寒田〜田尻G北, 田尻GH北〜寒田〜元町〜大分駅前"
二目川,大分バス（株）,"要町〜牧〜一里塚, 県庁正門〜加納〜猪野〜けやき台四, けやき台四〜猪野〜加納〜大分駅前, けやき台〜猪野〜加納〜駅〜駅南（金池南）, JSC前（東芝）〜猪野〜加納〜大分駅前, 南高校〜猪野〜加納〜大分駅前, 大分駅〜加納〜猪野〜南高校"
新賀来橋,大分バス（株）,"県庁正門〜大学病院〜向之原駅, 向之原駅〜大学病院〜コンパルホール入口, 大分駅前〜大学病院〜向之原駅, 県庁正門〜大学病院〜向之原駅〜すくいき村, すくいき村〜向之原駅〜大学病院〜コンパル, 向之原駅〜大学病院〜鶴崎支所, すくいき村〜向之原駅〜大学病院〜鶴崎支所, 県庁正門〜大学病院, 大学病院〜コンパル, 県庁正門〜大学病院〜野田入口, 野田入口〜大学病院〜コンパル, 県庁正門〜大学病院〜野田入口〜国新〜国団, 県庁〜大学病院〜野田入口〜国新〜富士見, 富士見〜国新〜野田入口〜大学病院〜コン, 県庁正門〜大学病院〜赤野, 赤野〜大学病院〜コンパル"
パークシティ明野SC,大分バス（株）,"大分駅前〜萩原〜公商〜米良BP〜大分駅前, 県庁正門〜米良BP〜情商公〜萩原〜大分駅, 県庁正門〜米良BP〜商〜公園通り東, 公園通り中央〜商〜米良BP〜大分駅前, パークプレイス〜米良BP〜大分駅前, 大分駅前〜米良BP〜商〜公園通り東"
下組公民館前,大分バス（株）,"PP〜中筋〜森町〜別保〜鶴崎支所（裏）, 鶴崎支所〜別保橋〜森町〜中筋〜PP, 鶴崎〜別保橋〜森町〜中筋〜PP"
津守上,大分市,"たきおコミュニティバス　津守中経由, たきおコミュニティバス　曲経由"
茅場,由布市,時松コース
のぞみ園,由布市,下詰コース
小学校前（由布川）,大分バス（株）,"県庁正門〜大学病院〜赤野, 赤野〜大学病院〜コンパル"
小学校前［由布川小］,由布市,"シャトルバス：スクール石城系統, 七蔵司コース"
高田小学校前,大分バス（株）,"県庁正門前〜猪野〜丸亀, 県庁正門前〜加納〜猪野〜宮河内ハイランド, 宮河内一〜猪野〜加納〜大分駅前, 大分駅〜加納〜猪野〜宮河内（東高休校）, 大分駅前〜鶴崎〜堂園〜丸亀, 丸亀〜堂園〜鶴崎駅前, 大分駅前〜鶴崎〜堂園〜高田小"
パークシティ明野中央,大分バス（株）,"大分駅前〜萩原〜公商〜米良BP〜大分駅前, 県庁正門〜米良BP〜情商公〜萩原〜大分駅, 県庁正門〜米良BP〜商〜公園通り東, 公園通り中央〜商〜米良BP〜大分駅前, パークプレイス〜米良BP〜大分駅前, 大分駅前〜米良BP〜商〜公園通り東"
医大ヶ丘1丁目,大分バス（株）,"県庁正門〜大学病院〜赤野, 赤野〜大学病院〜コンパル"
医大ヶ丘1丁目,由布市,シャトルバス：スクール石城系統
富岡,大分市,"たきおコミュニティバス　津守中経由, たきおコミュニティバス　曲経由"
農協倉庫前,由布市,七蔵司コース
農協前（挾間）,大分バス（株）,"県庁正門〜大学病院〜赤野, 赤野〜大学病院〜コンパル"
津守中,大分市,たきおコミュニティバス　津守中経由
中尾（大分）,大分バス（株）,"県庁正門〜大学病院〜向之原駅, 向之原駅〜大学病院〜コンパルホール入口, 大分駅前〜大学病院〜向之原駅, 県庁正門〜大学病院〜向之原駅〜すくいき村, すくいき村〜向之原駅〜大学病院〜コンパル, 向之原駅〜大学病院〜鶴崎支所, すくいき村〜向之原駅〜大学病院〜鶴崎支所, 県庁正門〜大学病院, 大学病院〜コンパル, 県庁正門〜大学病院〜野田入口, 野田入口〜大学病院〜コンパル, 県庁正門〜大学病院〜野田入口〜国新〜国団, 県庁〜大学病院〜野田入口〜国新〜富士見, 富士見〜国新〜野田入口〜大学病院〜コン, 県庁正門〜大学病院〜赤野, 赤野〜大学病院〜コンパル"
滝尾駅前,大分市,"たきおコミュニティバス　津守中経由, たきおコミュニティバス　曲経由"
赤野,大分バス（株）,"県庁正門〜大学病院〜赤野, 赤野〜大学病院〜コンパル"
赤野,由布市,"下詰コース, 七蔵司コース, 南田代コース, 北田代コース"
パークシティ明野西,大分バス（株）,"大分駅前〜萩原〜公商〜米良BP〜大分駅前, 県庁正門〜米良BP〜情商公〜萩原〜大分駅, 県庁正門〜米良BP〜商〜公園通り東, 公園通り中央〜商〜米良BP〜大分駅前, パークプレイス〜米良BP〜大分駅前, 大分駅前〜米良BP〜商〜公園通り東"
小田の池,亀の井バス（株）,37　牧の戸峠線
大学病院,大分バス（株）,"県庁正門〜大学病院〜向之原駅, 向之原駅〜大学病院〜コンパルホール入口, 大分駅前〜大学病院〜向之原駅, 県庁正門〜大学病院〜向之原駅〜すくいき村, すくいき村〜向之原駅〜大学病院〜コンパル, 向之原駅〜大学病院〜鶴崎支所, すくいき村〜向之原駅〜大学病院〜鶴崎支所, 県庁正門〜大学病院, 大学病院〜コンパル, 県庁正門〜大学病院〜野田入口, 野田入口〜大学病院〜コンパル, 県庁正門〜大学病院〜野田入口〜国新〜国団, 県庁〜大学病院〜野田入口〜国新〜富士見, 富士見〜国新〜野田入口〜大学病院〜コン, 県庁正門〜大学病院〜赤野, 赤野〜大学病院〜コンパル"
大学病院,由布市,"シャトルバス：スクール石城系統, シャトルバス：庁舎〜大学病院, 下詰コース, 時松コース, 七蔵司コース, 酒野コース, 筒口コース, 南田代コース, 片野コース, 北田代コース, 朴木コース"
西寺,大分バス（株）,"大分駅前〜加納〜猪野〜金の手〜横尾, 大分駅前〜皆春団地〜森町〜横尾, 菰田〜森町〜皆春団地〜大分駅前"
潜石,大分交通（株）,栃木宮の原
中島,大分バス（株）,向之原駅〜国分〜賀来新川〜コンパルホール入口
湯の上,由布市,"シャトルバス：温泉館〜庄内庁舎, スクールバス湯平コース, 水地コース, 湯平コース"
上瀬口,由布市,"スクールバス大津留コース, 小挾間・柚の木コース"
茅場公民館,由布市,時松コース
竹の首,日田バス（株）,杖立線
田口原,由布市,大津留コース
土橋（大分）,大分バス（株）,"要町〜牧〜一里塚, 県庁正門〜加納〜猪野〜けやき台四, けやき台四〜猪野〜加納〜大分駅前, けやき台〜猪野〜加納〜駅〜駅南（金池南）, JSC前（東芝）〜猪野〜加納〜大分駅前, 南高校〜猪野〜加納〜大分駅前, 大分駅〜加納〜猪野〜南高校"
田中南,大分バス（株）,"県庁正門前〜木の上〜野津原公民館, 野津原公民館〜木の上〜コンパル入口, 県庁正門前〜わさだタウン〜野津原公民館, 野津原公民館〜わさだタウン〜コンパル, 県庁正門〜木〜南営業所, 南営業所〜木〜コンパル, 県庁正門〜木〜富士見（GP北）, 富士見（GP北）〜木〜コンパル, ホルト〜県庁正門〜木〜富士見（GP北）, 富士見（GP北）〜看〜木〜コンパル, 県庁正門前〜木〜看護大学前, 県庁正門〜木〜富〜すくすくいきいき村, すくすくいきいき村〜富〜木〜コンパル, 富士見（GP北）〜木〜鶴崎支所, 鶴崎支所〜木〜富〜すくすくいきいき村, すくすく〜富士見〜木〜商業高校, 県庁正門〜松が丘〜南営業所, 南営業所〜松が丘〜コンパル, 県庁正門〜松が丘〜富士見が丘（GP北）, 富士見（GP北）〜松が丘〜コンパル, ホルト〜県庁〜松が丘〜富士見（GP北）, 県庁正門〜松〜看護大学前, 県庁正門〜松〜富〜すくすくいきいき村, すくすくいきいき村〜富〜松〜コンパル, 鶴崎支所〜松が丘〜富士見（GP北）, すくすくいきいき村〜富〜松〜鶴崎支所, すくすくいきいき村〜富〜松〜オア〜コン, すくすく〜富士見〜松が丘〜商業高校, 田尻GH北〜田尻NT〜明磧〜コンパル, 県庁正門〜明磧〜田尻南2丁目, 田尻南2丁目〜明磧〜コンパル, 県庁正門〜下田尻〜わ〜三愛〜田尻南2丁目, 田尻南2丁目〜わ〜三愛〜下田尻〜コンパル, 県庁正門〜明磧〜ふじが丘山手, ふじが丘山手〜明磧〜コンパル, 県庁正門〜明磧〜ふじが丘〜田尻GH北, 田尻GH北〜ふじが丘〜明磧〜コンパル, 県庁正門〜明磧〜ふじが丘〜田尻南2丁目, 田尻南2丁目〜ふじが丘〜明磧〜コンパル, 田尻GH北〜ふじが丘〜明磧〜鶴崎支所, ふじが丘山手〜わ〜三愛〜下田尻〜コンパル, 田尻G西〜ふ〜わ〜三愛〜下田尻〜コンパル, 県庁〜下田尻〜わ〜三愛〜ふ〜田尻南2丁目, 田尻南2丁目〜ふじが丘〜わさだ〜コンパル, 県庁正門〜二豊団地東〜萌葱台, 萌葱台〜二豊団地東〜コンパル, 県庁正門〜二豊団地東〜萌葱台〜わさだT, わさだT〜萌葱台〜二豊団地東〜コンパル, 向之原駅〜松が丘〜宗方台中央〜コンパル, 県庁正門前〜木の上〜向之原駅, 向之原駅〜木の上〜コンパルホール入口, 県庁正門〜明磧〜わさだT〜三愛メディカル, わさだT〜三愛メディカル〜明磧〜コンパル, 県庁正門〜わさだ〜三愛M〜富〜すくいき村, すくいき村〜富〜わさだ〜三愛M〜コンパル"
下徳丸,大分バス（株）,"県庁正門前〜猪野〜丸亀, 大分駅前〜鶴崎〜堂園〜丸亀, 丸亀〜堂園〜鶴崎駅前"
学園台,大分バス（株）,"県庁正門〜大学病院〜向之原駅, 向之原駅〜大学病院〜コンパルホール入口, 大分駅前〜大学病院〜向之原駅, 県庁正門〜大学病院〜向之原駅〜すくいき村, すくいき村〜向之原駅〜大学病院〜コンパル, 向之原駅〜大学病院〜鶴崎支所, すくいき村〜向之原駅〜大学病院〜鶴崎支所, 県庁正門〜大学病院, 大学病院〜コンパル, 県庁正門〜大学病院〜野田入口, 野田入口〜大学病院〜コンパル, 県庁正門〜大学病院〜野田入口〜国新〜国団, 県庁〜大学病院〜野田入口〜国新〜富士見, 富士見〜国新〜野田入口〜大学病院〜コン, 県庁正門〜大学病院〜赤野, 赤野〜大学病院〜コンパル"
四辻,由布市,時松コース
時松,由布市,時松コース
鳥越入口,日田バス（株）,五馬線
県立病院入口,佐伯市,伯大線
県立病院入口,大分バス（株）,"金池タ〜戸次〜各停〜佐伯駅（急行・太停）, 佐伯駅〜各停〜戸次〜コンパル（急・太停）, 金池タ〜県病〜各停〜佐伯駅（急行・太停）, 佐伯駅〜各停〜県病〜コンパル（急・太停）, 金池〜県病〜コスモ〜佐伯駅（急）, 佐伯駅〜コスモ〜県病〜コンパル（急）, 辻〜榎峠〜大道〜コンパル入口, 金池ターミナル〜大道〜榎峠〜臼杵駅, 臼杵駅〜榎峠〜大道〜コンパル入口, 県庁正門〜県病〜戸次, 戸次〜県病〜コンパル, 金池ターミナル〜県病〜榎峠〜臼杵駅, 臼杵駅〜榎峠〜県病〜コンパル入口, 金池タ〜県病〜榎峠〜臼杵駅〜臼杵港, 臼杵港〜臼杵駅〜榎峠〜県病〜コンパル入口, 金池タ〜大道〜榎峠〜臼杵駅〜臼杵港, 臼杵港〜臼杵駅〜榎峠〜大道〜コンパル入口, 平清水〜榎峠〜大道〜コンパル入口（特急）, 県庁正門〜大道〜分大〜高江〜大南団地北, 大南団地北〜高江〜分大〜大道〜コンパル, 県庁正門〜大道〜高江〜大南団地北, 大南団地北〜高江〜大道〜コンパル, 大分駅前〜大道〜高江〜大南団地北, 県庁正門〜県病〜分大〜大南団地北, 大南団地北〜分大〜県病〜コンパル, 県庁正門前〜大道〜敷戸北, 敷戸北〜大道〜コンパル入口, 県庁正門〜県病〜敷戸北, 敷戸北〜県病〜コンパル入口, 県庁正門〜大道〜敷戸〜大分工業高校, 大分工業高校〜敷戸北〜大道〜コンパル入口, 県庁正門〜県病〜敷戸北〜大分工業高校, 大分工業高校〜敷戸北〜県病〜コンパル入口, 鶴崎支所〜大道〜敷戸北, 鶴崎〜大道〜敷戸北, 敷戸北〜県病〜鶴崎（裏）, 敷戸北〜県病〜鶴崎, 鶴崎支所〜大道〜敷戸北〜大分工業高校, 田尻G北〜ふ〜光吉台中央〜県病〜コンパル, 田尻G西〜ふ〜光吉台中央〜県病〜コンパル, 県庁正門〜大道〜寒田〜ふじが丘山手, ふじが丘山手〜寒田〜大道〜コンパル, 県庁正門〜県病〜寒田〜ふじが丘山手, ふじが丘山手〜寒田〜県病〜コンパル, 県庁正門〜大道〜寒田〜ふじが丘〜田尻G北, 田尻G北〜ふじが丘〜寒田〜大道〜コンパル, 県庁正門〜県病〜寒田〜ふじが丘〜田尻G北, 鶴崎支所〜県病〜畑中, 畑中〜県病〜鶴崎（裏）, 鶴崎〜県病〜畑中, 県庁正門〜大道〜わさだT〜三愛MC, わさだT〜三愛MC〜大道〜コンパル入口"
百堂,大分バス（株）,大分駅前〜鶴崎〜種具〜宮河内
高尾水分神社前,大分バス（株）,"大分駅前〜萩原〜公商〜米良BP〜大分駅前, 県庁正門〜米良BP〜情商公〜萩原〜大分駅, 大分駅前〜萩原〜公園通り東, 公園通り中央〜萩原〜大分駅前, 要町〜高城〜池の平〜PP〜京が丘, 要町〜高城〜池の平〜PP〜浄雲寺, 要町〜高城〜池の平〜PP, 菰田〜PP〜池の平〜高城〜要町, 免許C〜PP〜池の平〜高城〜要町"
津守南,大分市,たきおコミュニティバス　曲経由
上富岡,大分市,たきおコミュニティバス　曲経由
豊饒,大分バス（株）,"県庁正門〜豊饒〜畑中, 畑中〜豊饒〜コンパル入口, 鶴崎支所〜豊饒〜畑中, 畑中〜豊饒〜鶴崎（裏）, 鶴崎〜豊饒〜畑中, 横塚東〜大在駅前〜豊饒〜畑中"
大分県立病院,大分バス（株）,"金池タ〜県病〜各停〜佐伯駅（急行・太停）, 佐伯駅〜各停〜県病〜コンパル（急・太停）, 金池〜県病〜コスモ〜佐伯駅（急）, 佐伯駅〜コスモ〜県病〜コンパル（急）, 県庁正門〜県病〜戸次, 戸次〜県病〜コンパル, 金池ターミナル〜県病〜榎峠〜臼杵駅, 臼杵駅〜榎峠〜県病〜コンパル入口, 金池タ〜県病〜榎峠〜臼杵駅〜臼杵港, 臼杵港〜臼杵駅〜榎峠〜県病〜コンパル入口, 県庁正門〜県病〜分大〜大南団地北, 大南団地北〜分大〜県病〜コンパル, 県庁正門〜県病〜敷戸北, 敷戸北〜県病〜コンパル入口, 県庁正門〜県病〜敷戸北〜大分工業高校, 大分工業高校〜敷戸北〜県病〜コンパル入口, 敷戸北〜県病〜鶴崎（裏）, 敷戸北〜県病〜鶴崎, 田尻G北〜ふ〜光吉台中央〜県病〜コンパル, 田尻G西〜ふ〜光吉台中央〜県病〜コンパル, 県庁正門〜県病〜寒田〜ふじが丘山手, ふじが丘山手〜寒田〜県病〜コンパル, 県庁正門〜県病〜寒田〜ふじが丘〜田尻G北, 鶴崎支所〜県病〜畑中, 畑中〜県病〜鶴崎（裏）, 鶴崎〜県病〜畑中"
大分県立病院,竹田市,大分駅線
賀来神社前,大分バス（株）,向之原駅〜国分〜賀来新川〜コンパルホール入口
下中村,日田バス（株）,五馬線
宮田団地入口,由布市,"下詰コース, 七蔵司コース, 南田代コース, 北田代コース"
学園台西,大分バス（株）,"県庁正門〜大学病院〜向之原駅, 向之原駅〜大学病院〜コンパルホール入口, 大分駅前〜大学病院〜向之原駅, 県庁正門〜大学病院〜向之原駅〜すくいき村, すくいき村〜向之原駅〜大学病院〜コンパル, 向之原駅〜大学病院〜鶴崎支所, すくいき村〜向之原駅〜大学病院〜鶴崎支所, 県庁正門〜大学病院〜野田入口, 野田入口〜大学病院〜コンパル, 県庁正門〜大学病院〜野田入口〜国新〜国団, 県庁〜大学病院〜野田入口〜国新〜富士見, 富士見〜国新〜野田入口〜大学病院〜コン"
滝尾保養院前,大分バス（株）,"米良〜大分駅前, 県庁正門〜米良"
県立病院西口,大分バス（株）,"県庁正門〜豊饒〜畑中, 畑中〜豊饒〜コンパル入口, 鶴崎支所〜豊饒〜畑中, 畑中〜豊饒〜鶴崎（裏）, 鶴崎〜豊饒〜畑中, 横塚東〜大在駅前〜豊饒〜畑中"
中筋,大分バス（株）,"PP〜中筋〜森町〜別保〜鶴崎支所（裏）, 鶴崎支所〜別保橋〜森町〜中筋〜PP, 鶴崎〜別保橋〜森町〜中筋〜PP"
興聖寺前,大分バス（株）,"県庁正門前〜加納〜猪野〜宮河内ハイランド, 宮河内一〜猪野〜加納〜大分駅前, 大分駅〜加納〜猪野〜宮河内（東高休校）"
江後,由布市,長野コース
一里塚,大分バス（株）,"要町〜牧〜一里塚, 県庁正門〜加納〜猪野〜けやき台四, けやき台四〜猪野〜加納〜大分駅前, けやき台〜猪野〜加納〜駅〜駅南（金池南）, JSC前（東芝）〜猪野〜加納〜大分駅前, 南高校〜猪野〜加納〜大分駅前, 大分駅〜加納〜猪野〜南高校"
上種具,大分バス（株）,大分駅前〜鶴崎〜種具〜宮河内
海老毛,由布市,朴木コース
茅場下,由布市,時松コース
明磧,大分バス（株）,"県庁正門前〜木の上〜野津原公民館, 野津原公民館〜木の上〜コンパル入口, 県庁正門前〜わさだタウン〜野津原公民館, 野津原公民館〜わさだタウン〜コンパル, 県庁正門〜木〜南営業所, 南営業所〜木〜コンパル, 県庁正門〜木〜富士見（GP北）, 富士見（GP北）〜木〜コンパル, ホルト〜県庁正門〜木〜富士見（GP北）, 富士見（GP北）〜看〜木〜コンパル, 県庁正門前〜木〜看護大学前, 県庁正門〜木〜富〜すくすくいきいき村, すくすくいきいき村〜富〜木〜コンパル, 富士見（GP北）〜木〜鶴崎支所, 鶴崎支所〜木〜富〜すくすくいきいき村, すくすく〜富士見〜木〜商業高校, 県庁正門〜松が丘〜南営業所, 南営業所〜松が丘〜コンパル, 県庁正門〜松が丘〜富士見が丘（GP北）, 富士見（GP北）〜松が丘〜コンパル, ホルト〜県庁〜松が丘〜富士見（GP北）, 県庁正門〜松〜看護大学前, 県庁正門〜松〜富〜すくすくいきいき村, すくすくいきいき村〜富〜松〜コンパル, 鶴崎支所〜松が丘〜富士見（GP北）, すくすくいきいき村〜富〜松〜鶴崎支所, すくすくいきいき村〜富〜松〜オア〜コン, すくすく〜富士見〜松が丘〜商業高校, 田尻GH北〜田尻NT〜明磧〜コンパル, 県庁正門〜明磧〜田尻南2丁目, 田尻南2丁目〜明磧〜コンパル, 県庁正門〜下田尻〜わ〜三愛〜田尻南2丁目, 田尻南2丁目〜わ〜三愛〜下田尻〜コンパル, 県庁正門〜明磧〜ふじが丘山手, ふじが丘山手〜明磧〜コンパル, 県庁正門〜明磧〜ふじが丘〜田尻GH北, 田尻GH北〜ふじが丘〜明磧〜コンパル, 県庁正門〜明磧〜ふじが丘〜田尻南2丁目, 田尻南2丁目〜ふじが丘〜明磧〜コンパル, 田尻GH北〜ふじが丘〜明磧〜鶴崎支所, ふじが丘山手〜わ〜三愛〜下田尻〜コンパル, 田尻G西〜ふ〜わ〜三愛〜下田尻〜コンパル, 県庁〜下田尻〜わ〜三愛〜ふ〜田尻南2丁目, 田尻南2丁目〜ふじが丘〜わさだ〜コンパル, 県庁正門〜二豊団地東〜萌葱台, 萌葱台〜二豊団地東〜コンパル, 県庁正門〜二豊団地東〜萌葱台〜わさだT, わさだT〜萌葱台〜二豊団地東〜コンパル, 向之原駅〜松が丘〜宗方台中央〜コンパル, 県庁正門前〜木の上〜向之原駅, 向之原駅〜木の上〜コンパルホール入口, 県庁正門〜明磧〜わさだT〜三愛メディカル, わさだT〜三愛メディカル〜明磧〜コンパル, 県庁正門〜わさだ〜三愛M〜富〜すくいき村, すくいき村〜富〜わさだ〜三愛M〜コンパル"
曲下,大分市,たきおコミュニティバス　曲経由
宮田団地,由布市,"七蔵司コース, 南田代コース, 北田代コース"
下市入口,由布市,"シャトルバス：スクール石城系統, シャトルバス：庁舎〜大学病院, 下詰コース, 時松コース, 七蔵司コース, 酒野コース, 筒口コース, 南田代コース, 片野コース, 北田代コース, 朴木コース"
下角,大分バス（株）,"県庁正門〜大学病院〜向之原駅, 向之原駅〜大学病院〜コンパルホール入口, 大分駅前〜大学病院〜向之原駅, 県庁正門〜大学病院〜向之原駅〜すくいき村, すくいき村〜向之原駅〜大学病院〜コンパル, 向之原駅〜大学病院〜鶴崎支所, すくいき村〜向之原駅〜大学病院〜鶴崎支所"
医大3丁目,由布市,"シャトルバス：スクール石城系統, シャトルバス：庁舎〜大学病院, 下詰コース, 時松コース, 七蔵司コース, 酒野コース, 筒口コース, 南田代コース, 片野コース, 北田代コース, 朴木コース"
イオン挾間店,由布市,"時松コース, 七蔵司コース, 筒口コース, 南田代コース, 片野コース, 北田代コース, 朴木コース"
汗入場,日田バス（株）,杖立線
時松公民館,由布市,時松コース
中尾公民館,由布市,大津留コース
中村,日田バス（株）,五馬線
府内大橋,佐伯市,伯大線
府内大橋,大分バス（株）,"金池タ〜戸次〜各停〜佐伯駅（急行・太停）, 佐伯駅〜各停〜戸次〜コンパル（急・太停）, 金池タ〜県病〜各停〜佐伯駅（急行・太停）, 佐伯駅〜各停〜県病〜コンパル（急・太停）, 金池〜県病〜コスモ〜佐伯駅（急）, 佐伯駅〜コスモ〜県病〜コンパル（急）, 県庁正門前〜元町〜戸次, 戸次〜元町〜大分駅前, 梅が丘〜元町〜大分駅前, 辻〜榎峠〜大道〜コンパル入口, 金池ターミナル〜大道〜榎峠〜臼杵駅, 臼杵駅〜榎峠〜大道〜コンパル入口, 県庁正門〜県病〜戸次, 戸次〜県病〜コンパル, 金池ターミナル〜県病〜榎峠〜臼杵駅, 臼杵駅〜榎峠〜県病〜コンパル入口, 金池タ〜県病〜榎峠〜臼杵駅〜臼杵港, 臼杵港〜臼杵駅〜榎峠〜県病〜コンパル入口, 金池タ〜大道〜榎峠〜臼杵駅〜臼杵港, 臼杵港〜臼杵駅〜榎峠〜大道〜コンパル入口, 平清水〜榎峠〜大道〜コンパル入口（特急）, 県庁正門〜元町〜分大〜高江〜大南団地北, 大南団地北〜高江〜分大〜元町〜大分駅前, ホルト〜県庁〜元町〜分大〜高江〜大南, 県庁正門〜元町〜高江〜大南団地北, 大南団地北〜高江〜元町〜大分駅前, 大南団地北〜高江〜元町〜駅〜駅南（金池南）, 県庁正門〜大道〜分大〜高江〜大南団地北, 大南団地北〜高江〜分大〜大道〜コンパル, 県庁正門〜大道〜高江〜大南団地北, 大南団地北〜高江〜大道〜コンパル, 大分駅前〜大道〜高江〜大南団地北, 県庁正門〜県病〜分大〜大南団地北, 大南団地北〜分大〜県病〜コンパル, 県庁正門〜元町〜敷戸北, 敷戸北〜元町〜大分駅前, 敷戸北〜元町〜大分駅前〜駅南（金池南）, 県庁正門〜元町〜大分工業高校, 大分駅前〜元町〜大分工業高校, 県庁正門前〜元町〜敷戸〜大分工業高校, 大分工業高校〜敷戸〜元町〜大分駅前, 敷戸北〜元町〜鶴崎支所, 鶴崎〜元町〜敷戸北, 鶴崎支所〜元町〜敷戸北〜大分工業高校, 大分工業高校〜敷戸北〜元町〜鶴崎, 県庁正門前〜大道〜敷戸北, 敷戸北〜大道〜コンパル入口, 県庁正門〜県病〜敷戸北, 敷戸北〜県病〜コンパル入口, 県庁正門〜大道〜敷戸〜大分工業高校, 大分工業高校〜敷戸北〜大道〜コンパル入口, 県庁正門〜県病〜敷戸北〜大分工業高校, 大分工業高校〜敷戸北〜県病〜コンパル入口, 鶴崎支所〜大道〜敷戸北, 鶴崎〜大道〜敷戸北, 敷戸北〜県病〜鶴崎（裏）, 敷戸北〜県病〜鶴崎, 鶴崎支所〜大道〜敷戸北〜大分工業高校, 田尻G北〜ふ〜光吉台中央〜県病〜コンパル, 田尻G西〜ふ〜光吉台中央〜県病〜コンパル, 県庁正門〜元町〜寒田〜ふじが丘山手, ふじが丘山手〜寒田〜元町〜大分駅前, 大分駅〜元町〜寒田〜ふじが丘山手, 県庁正門前〜元町〜寒田〜田尻G北, 田尻GH北〜寒田〜元町〜大分駅前, 県庁正門〜大道〜寒田〜ふじが丘山手, ふじが丘山手〜寒田〜大道〜コンパル, 県庁正門〜県病〜寒田〜ふじが丘山手, ふじが丘山手〜寒田〜県病〜コンパル, 県庁正門〜大道〜寒田〜ふじが丘〜田尻G北, 田尻G北〜ふじが丘〜寒田〜大道〜コンパル, 県庁正門〜県病〜寒田〜ふじが丘〜田尻G北, 鶴崎支所〜県病〜畑中, 畑中〜県病〜鶴崎（裏）, 鶴崎〜県病〜畑中, 県庁正門〜大道〜わさだT〜三愛MC, わさだT〜三愛MC〜大道〜コンパル入口"
渡司,由布市,"シャトルバス：温泉館〜庄内庁舎, スクールバス湯平コース, 水地コース, 湯平コース"
情報科学高校入口,大分バス（株）,"大分駅〜加納〜西小前〜免許C, 免許C〜西小前〜加納〜大分駅前, 大分駅前〜萩原〜公商〜米良BP〜大分駅前, 県庁正門〜米良BP〜情商公〜萩原〜大分駅, 県庁正門〜米良BP〜商〜公園通り東, 公園通り中央〜商〜米良BP〜大分駅前, パークプレイス〜米良BP〜大分駅前, 大分駅前〜米良BP〜商〜公園通り東"
北方入口,由布市,"シャトルバス：スクール石城系統, シャトルバス：庁舎〜大学病院, 下詰コース, 時松コース, 七蔵司コース, 酒野コース, 筒口コース, 南田代コース, 片野コース, 北田代コース, 朴木コース"
北方入口,大分バス（株）,"県庁正門〜大学病院〜向之原駅, 向之原駅〜大学病院〜コンパルホール入口, 大分駅前〜大学病院〜向之原駅, 県庁正門〜大学病院〜向之原駅〜すくいき村, すくいき村〜向之原駅〜大学病院〜コンパル, 向之原駅〜大学病院〜鶴崎支所, すくいき村〜向之原駅〜大学病院〜鶴崎支所"
出口保育所前,日田バス（株）,五馬線
壁湯,大分交通（株）,栃木宮の原
森の木,大分バス（株）,向之原駅〜国分〜賀来新川〜コンパルホール入口
上浦,臼津交通（株）,臼関線
横枚,由布市,長野コース
三段畑,大分バス（株）,"県庁正門〜豊饒〜畑中, 畑中〜豊饒〜コンパル入口, 鶴崎支所〜豊饒〜畑中, 畑中〜豊饒〜鶴崎（裏）, 鶴崎〜豊饒〜畑中, 鶴崎支所〜県病〜畑中, 畑中〜県病〜鶴崎（裏）, 鶴崎〜県病〜畑中, 横塚東〜大在駅前〜豊饒〜畑中"
米良入口,大分バス（株）,"米良〜大分駅前, 県庁正門〜米良"
上徳丸,大分バス（株）,"県庁正門前〜加納〜猪野〜宮河内ハイランド, 宮河内一〜猪野〜加納〜大分駅前, 大分駅〜加納〜猪野〜宮河内（東高休校）"
横尾,大分バス（株）,"大分駅前〜加納〜猪野〜金の手〜横尾, 大分駅前〜皆春団地〜森町〜横尾, 菰田〜森町〜皆春団地〜大分駅前"
野田入口（大分）,大分バス（株）,"県庁正門〜大学病院〜野田入口, 野田入口〜大学病院〜コンパル, 県庁正門〜大学病院〜野田入口〜国新〜国団, 県庁〜大学病院〜野田入口〜国新〜富士見, 富士見〜国新〜野田入口〜大学病院〜コン"
有田下,大分バス（株）,"PP〜中筋〜森町〜別保〜鶴崎支所（裏）, 鶴崎支所〜別保橋〜森町〜中筋〜PP, 鶴崎〜別保橋〜森町〜中筋〜PP"
何松医院,由布市,"下詰コース, 七蔵司コース, 南田代コース, 北田代コース, 朴木コース"
芋作入口,日田バス（株）,五馬線
長野上組,由布市,長野コース
森本整形,由布市,"シャトルバス：スクール石城系統, シャトルバス：庁舎〜大学病院, 下詰コース, 時松コース, 七蔵司コース, 酒野コース, 筒口コース, 南田代コース, 片野コース, 北田代コース, 朴木コース"
情報科学高校,大分バス（株）,"情報科学高〜明野東口〜萩原〜要町, 県庁正門〜米良BP〜情商公〜萩原〜大分駅"
名小迫,由布市,長野コース
榎迫,日田バス（株）,五馬線
上村入口,大分市,たきおコミュニティバス　曲経由
中園,日田バス（株）,五馬線
畑中,大分バス（株）,"県庁正門〜豊饒〜畑中, 畑中〜豊饒〜コンパル入口, 鶴崎支所〜豊饒〜畑中, 畑中〜豊饒〜鶴崎（裏）, 鶴崎〜豊饒〜畑中, 鶴崎支所〜県病〜畑中, 畑中〜県病〜鶴崎（裏）, 鶴崎〜県病〜畑中, 横塚東〜大在駅前〜豊饒〜畑中"
川添橋,大分バス（株）,大分駅前〜鶴崎〜種具〜宮河内
杉田林業前,由布市,平石コース
大分スポーツ公園東,大分バス（株）,"大分駅前〜萩原〜公商〜米良BP〜大分駅前, 県庁正門〜米良BP〜情商公〜萩原〜大分駅, 大分駅前〜萩原〜公園通り東, 公園通り中央〜萩原〜大分駅前, 要町〜高城〜池の平〜PP〜京が丘, 要町〜高城〜池の平〜PP〜浄雲寺, 要町〜高城〜池の平〜PP, 菰田〜PP〜池の平〜高城〜要町, 免許C〜PP〜池の平〜高城〜要町"
丸亀,大分バス（株）,"県庁正門前〜猪野〜丸亀, 大分駅前〜鶴崎〜堂園〜丸亀, 丸亀〜堂園〜鶴崎駅前"
願行寺前,由布市,長野コース
栗の木,由布市,朴木コース
一尺屋支所前,臼津交通（株）,臼関線
トリスガリ,由布市,時松コース
曲,大分市,たきおコミュニティバス　曲経由
葛原上,由布市,長野コース
上宗方,大分バス（株）,"県庁正門前〜木の上〜野津原公民館, 野津原公民館〜木の上〜コンパル入口, 県庁正門前〜わさだタウン〜野津原公民館, 野津原公民館〜わさだタウン〜コンパル, 県庁正門〜木〜南営業所, 南営業所〜木〜コンパル, 県庁正門〜木〜富士見（GP北）, 富士見（GP北）〜木〜コンパル, ホルト〜県庁正門〜木〜富士見（GP北）, 富士見（GP北）〜看〜木〜コンパル, 県庁正門前〜木〜看護大学前, 県庁正門〜木〜富〜すくすくいきいき村, すくすくいきいき村〜富〜木〜コンパル, 富士見（GP北）〜木〜鶴崎支所, 鶴崎支所〜木〜富〜すくすくいきいき村, すくすく〜富士見〜木〜商業高校, 県庁正門〜松が丘〜南営業所, 南営業所〜松が丘〜コンパル, 県庁正門〜松が丘〜富士見が丘（GP北）, 富士見（GP北）〜松が丘〜コンパル, ホルト〜県庁〜松が丘〜富士見（GP北）, 県庁正門〜松〜看護大学前, 県庁正門〜松〜富〜すくすくいきいき村, すくすくいきいき村〜富〜松〜コンパル, 鶴崎支所〜松が丘〜富士見（GP北）, すくすくいきいき村〜富〜松〜鶴崎支所, すくすくいきいき村〜富〜松〜オア〜コン, すくすく〜富士見〜松が丘〜商業高校, 田尻GH北〜田尻NT〜明磧〜コンパル, 県庁正門〜明磧〜田尻南2丁目, 田尻南2丁目〜明磧〜コンパル, 県庁正門〜下田尻〜わ〜三愛〜田尻南2丁目, 田尻南2丁目〜わ〜三愛〜下田尻〜コンパル, 県庁正門〜明磧〜ふじが丘山手, ふじが丘山手〜明磧〜コンパル, 県庁正門〜明磧〜ふじが丘〜田尻GH北, 田尻GH北〜ふじが丘〜明磧〜コンパル, 県庁正門〜明磧〜ふじが丘〜田尻南2丁目, 田尻南2丁目〜ふじが丘〜明磧〜コンパル, 田尻GH北〜ふじが丘〜明磧〜鶴崎支所, ふじが丘山手〜わ〜三愛〜下田尻〜コンパル, 田尻G西〜ふ〜わ〜三愛〜下田尻〜コンパル, 県庁〜下田尻〜わ〜三愛〜ふ〜田尻南2丁目, 田尻南2丁目〜ふじが丘〜わさだ〜コンパル, 県庁正門〜二豊団地東〜萌葱台, 萌葱台〜二豊団地東〜コンパル, 県庁正門〜二豊団地東〜萌葱台〜わさだT, わさだT〜萌葱台〜二豊団地東〜コンパル, 向之原駅〜松が丘〜宗方台中央〜コンパル, 県庁正門前〜木の上〜向之原駅, 向之原駅〜木の上〜コンパルホール入口, 県庁正門〜明磧〜わさだT〜三愛メディカル, わさだT〜三愛メディカル〜明磧〜コンパル, 県庁正門〜わさだ〜三愛M〜富〜すくいき村, すくいき村〜富〜わさだ〜三愛M〜コンパル"
芳河原入口,大分市,たきおコミュニティバス　曲経由
松が丘中央,大分バス（株）,"県庁正門〜松が丘〜南営業所, 南営業所〜松が丘〜コンパル, 県庁正門〜松が丘〜富士見が丘（GP北）, 富士見（GP北）〜松が丘〜コンパル, ホルト〜県庁〜松が丘〜富士見（GP北）, 県庁正門〜松〜看護大学前, 県庁正門〜松〜富〜すくすくいきいき村, すくすくいきいき村〜富〜松〜コンパル, 鶴崎支所〜松が丘〜富士見（GP北）, すくすくいきいき村〜富〜松〜鶴崎支所, すくすくいきいき村〜富〜松〜オア〜コン, すくすく〜富士見〜松が丘〜商業高校, 向之原駅〜松が丘〜宗方台中央〜コンパル, わさだ〜松が丘中央〜宗方台〜三愛MC, 二豊団地東〜松が丘〜宗方台〜三愛MC"
下瀬口,由布市,"スクールバス大津留コース, 小挾間・柚の木コース"
中尾四差路,由布市,"大津留コース, 長野コース"
光吉入口,大分バス（株）,"県庁正門前〜元町〜戸次, 戸次〜元町〜大分駅前, 梅が丘〜元町〜大分駅前, 辻〜榎峠〜大道〜コンパル入口, 金池ターミナル〜大道〜榎峠〜臼杵駅, 臼杵駅〜榎峠〜大道〜コンパル入口, 県庁正門〜県病〜戸次, 戸次〜県病〜コンパル, 金池ターミナル〜県病〜榎峠〜臼杵駅, 臼杵駅〜榎峠〜県病〜コンパル入口, 金池タ〜県病〜榎峠〜臼杵駅〜臼杵港, 臼杵港〜臼杵駅〜榎峠〜県病〜コンパル入口, 金池タ〜大道〜榎峠〜臼杵駅〜臼杵港, 臼杵港〜臼杵駅〜榎峠〜大道〜コンパル入口, 県庁正門〜元町〜分大〜高江〜大南団地北, 大南団地北〜高江〜分大〜元町〜大分駅前, ホルト〜県庁〜元町〜分大〜高江〜大南, 県庁正門〜元町〜高江〜大南団地北, 大南団地北〜高江〜元町〜大分駅前, 大南団地北〜高江〜元町〜駅〜駅南（金池南）, 県庁正門〜大道〜分大〜高江〜大南団地北, 大南団地北〜高江〜分大〜大道〜コンパル, 県庁正門〜大道〜高江〜大南団地北, 大南団地北〜高江〜大道〜コンパル, 大分駅前〜大道〜高江〜大南団地北, 県庁正門〜県病〜分大〜大南団地北, 大南団地北〜分大〜県病〜コンパル, 県庁正門〜元町〜敷戸北, 敷戸北〜元町〜大分駅前, 敷戸北〜元町〜大分駅前〜駅南（金池南）, 県庁正門〜元町〜大分工業高校, 大分駅前〜元町〜大分工業高校, 県庁正門前〜元町〜敷戸〜大分工業高校, 大分工業高校〜敷戸〜元町〜大分駅前, 敷戸北〜元町〜鶴崎支所, 鶴崎〜元町〜敷戸北, 鶴崎支所〜元町〜敷戸北〜大分工業高校, 大分工業高校〜敷戸北〜元町〜鶴崎, 県庁正門前〜大道〜敷戸北, 敷戸北〜大道〜コンパル入口, 県庁正門〜県病〜敷戸北, 敷戸北〜県病〜コンパル入口, 県庁正門〜大道〜敷戸〜大分工業高校, 大分工業高校〜敷戸北〜大道〜コンパル入口, 県庁正門〜県病〜敷戸北〜大分工業高校, 大分工業高校〜敷戸北〜県病〜コンパル入口, 鶴崎支所〜大道〜敷戸北, 鶴崎〜大道〜敷戸北, 敷戸北〜県病〜鶴崎（裏）, 敷戸北〜県病〜鶴崎, 鶴崎支所〜大道〜敷戸北〜大分工業高校, 田尻G北〜ふ〜光吉台中央〜県病〜コンパル, 田尻G西〜ふ〜光吉台中央〜県病〜コンパル, 県庁正門〜元町〜寒田〜ふじが丘山手, ふじが丘山手〜寒田〜元町〜大分駅前, 大分駅〜元町〜寒田〜ふじが丘山手, 県庁正門前〜元町〜寒田〜田尻G北, 田尻GH北〜寒田〜元町〜大分駅前, 県庁正門〜大道〜寒田〜ふじが丘山手, ふじが丘山手〜寒田〜大道〜コンパル, 県庁正門〜県病〜寒田〜ふじが丘山手, ふじが丘山手〜寒田〜県病〜コンパル, 県庁正門〜大道〜寒田〜ふじが丘〜田尻G北, 田尻G北〜ふじが丘〜寒田〜大道〜コンパル, 県庁正門〜県病〜寒田〜ふじが丘〜田尻G北, 県庁正門〜大道〜わさだT〜三愛MC, わさだT〜三愛MC〜大道〜コンパル入口"
米良,大分バス（株）,"米良〜大分駅前, 県庁正門〜米良"
平石中群,由布市,平石コース
松が丘西,大分バス（株）,"県庁正門〜松が丘〜南営業所, 南営業所〜松が丘〜コンパル, 県庁正門〜松が丘〜富士見が丘（GP北）, 富士見（GP北）〜松が丘〜コンパル, ホルト〜県庁〜松が丘〜富士見（GP北）, 県庁正門〜松〜看護大学前, 県庁正門〜松〜富〜すくすくいきいき村, すくすくいきいき村〜富〜松〜コンパル, 鶴崎支所〜松が丘〜富士見（GP北）, すくすくいきいき村〜富〜松〜鶴崎支所, すくすくいきいき村〜富〜松〜オア〜コン, すくすく〜富士見〜松が丘〜商業高校, 向之原駅〜松が丘〜宗方台中央〜コンパル, わさだ〜松が丘中央〜宗方台〜三愛MC, 二豊団地東〜松が丘〜宗方台〜三愛MC"
挾間保育所前,由布市,"下詰コース, 七蔵司コース, 南田代コース, 北田代コース, 朴木コース"
国分団地,大分バス（株）,"向之原駅〜国分〜賀来新川〜コンパルホール入口, 県庁正門〜大学病院〜野田入口〜国新〜国団"
上市本村,大分バス（株）,"県庁正門〜大学病院〜向之原駅, 向之原駅〜大学病院〜コンパルホール入口, 大分駅前〜大学病院〜向之原駅, 県庁正門〜大学病院〜向之原駅〜すくいき村, すくいき村〜向之原駅〜大学病院〜コンパル, 向之原駅〜大学病院〜鶴崎支所, すくいき村〜向之原駅〜大学病院〜鶴崎支所"
川添小学校前,大分バス（株）,"県庁正門前〜加納〜猪野〜宮河内ハイランド, 宮河内一〜猪野〜加納〜大分駅前, 大分駅〜加納〜猪野〜宮河内（東高休校）, 大分駅前〜鶴崎〜種具〜宮河内"
平石公民館前,由布市,平石コース
上市,由布市,"シャトルバス：スクール石城系統, シャトルバス：庁舎〜大学病院, 下詰コース, 時松コース, 七蔵司コース, 酒野コース, 筒口コース, 南田代コース, 片野コース, 北田代コース, 朴木コース"
ゲートボール場前,日田バス（株）,五馬線
小松寮,由布市,平石コース
岡原,大分バス（株）,"県庁正門〜加納〜猪野〜けやき台四, けやき台四〜猪野〜加納〜大分駅前, けやき台〜猪野〜加納〜駅〜駅南（金池南）, JSC前（東芝）〜猪野〜加納〜大分駅前, 南高校〜猪野〜加納〜大分駅前, 大分駅〜加納〜猪野〜南高校"
幸野川北,由布市,水地コース
岡ノ平,由布市,長野コース
宗方台北,大分バス（株）,"向之原駅〜松が丘〜宗方台中央〜コンパル, わさだ〜松が丘中央〜宗方台〜三愛MC, 二豊団地東〜松が丘〜宗方台〜三愛MC"
医大バイパス入口,大分バス（株）,"向之原駅〜松が丘〜宗方台中央〜コンパル, 県庁正門前〜木の上〜向之原駅, 向之原駅〜木の上〜コンパルホール入口, 向之原駅〜国分〜賀来新川〜コンパルホール入口, 県庁正門〜大学病院〜向之原駅〜すくいき村, すくいき村〜向之原駅〜大学病院〜コンパル, すくいき村〜向之原駅〜大学病院〜鶴崎支所"
大分バス団地入口,大分バス（株）,"県庁正門〜松が丘〜南営業所, 南営業所〜松が丘〜コンパル, 県庁正門〜松が丘〜富士見が丘（GP北）, 富士見（GP北）〜松が丘〜コンパル, ホルト〜県庁〜松が丘〜富士見（GP北）, 県庁正門〜松〜看護大学前, 県庁正門〜松〜富〜すくすくいきいき村, すくすくいきいき村〜富〜松〜コンパル, 鶴崎支所〜松が丘〜富士見（GP北）, すくすくいきいき村〜富〜松〜鶴崎支所, すくすくいきいき村〜富〜松〜オア〜コン, すくすく〜富士見〜松が丘〜商業高校"
陣屋の村,由布市,時松コース
上市,大分バス（株）,"向之原駅〜松が丘〜宗方台中央〜コンパル, 県庁正門前〜木の上〜向之原駅, 向之原駅〜木の上〜コンパルホール入口, 向之原駅〜国分〜賀来新川〜コンパルホール入口, 県庁正門〜大学病院〜向之原駅〜すくいき村, すくいき村〜向之原駅〜大学病院〜コンパル, すくいき村〜向之原駅〜大学病院〜鶴崎支所"
下松原,日田バス（株）,杖立線
下久木野,日田バス（株）,五馬線
向の原,大分バス（株）,"向之原駅〜松が丘〜宗方台中央〜コンパル, 県庁正門前〜木の上〜向之原駅, 向之原駅〜木の上〜コンパルホール入口, 向之原駅〜国分〜賀来新川〜コンパルホール入口, 県庁正門〜大学病院〜向之原駅, 向之原駅〜大学病院〜コンパルホール入口, 大分駅前〜大学病院〜向之原駅, 県庁正門〜大学病院〜向之原駅〜すくいき村, すくいき村〜向之原駅〜大学病院〜コンパル, 向之原駅〜大学病院〜鶴崎支所, すくいき村〜向之原駅〜大学病院〜鶴崎支所"
向の原,竹田市,大分駅線
挾間郵便局前,由布市,"シャトルバス：スクール石城系統, シャトルバス：庁舎〜大学病院, 下詰コース, 時松コース, 七蔵司コース, 酒野コース, 筒口コース, 南田代コース, 片野コース, 北田代コース, 朴木コース"
生竜,大分交通（株）,栃木宮の原
野田（大分）,大分バス（株）,"県庁正門〜大学病院〜野田入口〜国新〜国団, 県庁〜大学病院〜野田入口〜国新〜富士見, 富士見〜国新〜野田入口〜大学病院〜コン"
岡原団地入口,大分バス（株）,"菰田〜森町〜皆春団地〜大分駅前, PP〜中筋〜森町〜別保〜鶴崎支所（裏）, 鶴崎支所〜別保橋〜森町〜中筋〜PP, 鶴崎〜別保橋〜森町〜中筋〜PP"
猪野原四差路,由布市,長野コース
下櫟木,由布市,"シャトルバス：スクール石城系統, シャトルバス：庁舎〜大学病院"
下檪木,竹田市,大分駅線
国分新町入口,大分バス（株）,"県庁正門〜大学病院〜野田入口〜国新〜国団, 県庁〜大学病院〜野田入口〜国新〜富士見, 富士見〜国新〜野田入口〜大学病院〜コン"
旧農協倉庫前,由布市,平石コース
鶴田入口,大分バス（株）,"向之原駅〜松が丘〜宗方台中央〜コンパル, 県庁正門前〜木の上〜向之原駅, 向之原駅〜木の上〜コンパルホール入口, 向之原駅〜国分〜賀来新川〜コンパルホール入口, 県庁正門〜大学病院〜向之原駅〜すくいき村, すくいき村〜向之原駅〜大学病院〜コンパル, すくいき村〜向之原駅〜大学病院〜鶴崎支所"
御旅所前,大分バス（株）,"向之原駅〜国分〜賀来新川〜コンパルホール入口, 県庁正門〜大学病院〜野田入口〜国新〜国団"
池上,由布市,"シャトルバス：スクール石城系統, シャトルバス：庁舎〜大学病院"
池の上,竹田市,大分駅線
長野公民館前,由布市,長野コース
木山中,由布市,みの草コース
松が丘南,大分バス（株）,"県庁正門〜松が丘〜南営業所, 南営業所〜松が丘〜コンパル, 県庁正門〜松が丘〜富士見が丘（GP北）, 富士見（GP北）〜松が丘〜コンパル, ホルト〜県庁〜松が丘〜富士見（GP北）, 県庁正門〜松〜看護大学前, 県庁正門〜松〜富〜すくすくいきいき村, すくすくいきいき村〜富〜松〜コンパル, 鶴崎支所〜松が丘〜富士見（GP北）, すくすくいきいき村〜富〜松〜鶴崎支所, すくすくいきいき村〜富〜松〜オア〜コン, すくすく〜富士見〜松が丘〜商業高校, 向之原駅〜松が丘〜宗方台中央〜コンパル, わさだ〜松が丘中央〜宗方台〜三愛MC, 二豊団地東〜松が丘〜宗方台〜三愛MC"
弓袋女,由布市,平石コース
中防火用水前,由布市,平石コース
宗方台中央,大分バス（株）,"向之原駅〜松が丘〜宗方台中央〜コンパル, わさだ〜松が丘中央〜宗方台〜三愛MC, 二豊団地東〜松が丘〜宗方台〜三愛MC"
挾間中学校入口,由布市,"シャトルバス：スクール石城系統, シャトルバス：庁舎〜大学病院, 酒野コース"
狭間中学校入口,竹田市,大分駅線
挾間庁舎,由布市,"時松コース, 七蔵司コース, 筒口コース, 南田代コース, 片野コース, 北田代コース, 朴木コース"
小野鶴東,大分バス（株）,"県庁正門〜松が丘〜南営業所, 南営業所〜松が丘〜コンパル, 県庁正門〜松が丘〜富士見が丘（GP北）, 富士見（GP北）〜松が丘〜コンパル, ホルト〜県庁〜松が丘〜富士見（GP北）, 県庁正門〜松〜看護大学前, 県庁正門〜松〜富〜すくすくいきいき村, すくすくいきいき村〜富〜松〜コンパル, 鶴崎支所〜松が丘〜富士見（GP北）, すくすくいきいき村〜富〜松〜鶴崎支所, すくすくいきいき村〜富〜松〜オア〜コン, すくすく〜富士見〜松が丘〜商業高校, 向之原駅〜松が丘〜宗方台中央〜コンパル, わさだ〜松が丘中央〜宗方台〜三愛MC, 二豊団地東〜松が丘〜宗方台〜三愛MC"
挾間小学校前,大分バス（株）,"向之原駅〜松が丘〜宗方台中央〜コンパル, 県庁正門前〜木の上〜向之原駅, 向之原駅〜木の上〜コンパルホール入口, 向之原駅〜国分〜賀来新川〜コンパルホール入口, 県庁正門〜大学病院〜向之原駅, 向之原駅〜大学病院〜コンパルホール入口, 大分駅前〜大学病院〜向之原駅, 県庁正門〜大学病院〜向之原駅〜すくいき村, すくいき村〜向之原駅〜大学病院〜コンパル, 向之原駅〜大学病院〜鶴崎支所, すくいき村〜向之原駅〜大学病院〜鶴崎支所"
挾間小学校前,由布市,"下詰コース, 酒野コース"
西ノ園,由布市,平石コース
下宗方,大分バス（株）,"田尻GH北〜田尻NT〜明磧〜コンパル, 県庁正門〜明磧〜田尻南2丁目, 田尻南2丁目〜明磧〜コンパル, 県庁正門〜下田尻〜わ〜三愛〜田尻南2丁目, 田尻南2丁目〜わ〜三愛〜下田尻〜コンパル, 県庁正門〜明磧〜ふじが丘山手, ふじが丘山手〜明磧〜コンパル, 県庁正門〜明磧〜ふじが丘〜田尻GH北, 田尻GH北〜ふじが丘〜明磧〜コンパル, 県庁正門〜明磧〜ふじが丘〜田尻南2丁目, 田尻南2丁目〜ふじが丘〜明磧〜コンパル, 田尻GH北〜ふじが丘〜明磧〜鶴崎支所, ふじが丘山手〜わ〜三愛〜下田尻〜コンパル, 田尻G西〜ふ〜わ〜三愛〜下田尻〜コンパル, 県庁〜下田尻〜わ〜三愛〜ふ〜田尻南2丁目, 田尻南2丁目〜ふじが丘〜わさだ〜コンパル"
宗方,大分バス（株）,"県庁正門前〜木の上〜野津原公民館, 野津原公民館〜木の上〜コンパル入口, 県庁正門〜木〜南営業所, 南営業所〜木〜コンパル, 県庁正門〜木〜富士見（GP北）, 富士見（GP北）〜木〜コンパル, ホルト〜県庁正門〜木〜富士見（GP北）, 富士見（GP北）〜看〜木〜コンパル, 県庁正門前〜木〜看護大学前, 県庁正門〜木〜富〜すくすくいきいき村, すくすくいきいき村〜富〜木〜コンパル, 富士見（GP北）〜木〜鶴崎支所, 鶴崎支所〜木〜富〜すくすくいきいき村, すくすく〜富士見〜木〜商業高校, 県庁正門〜二豊団地東〜萌葱台, 萌葱台〜二豊団地東〜コンパル, 県庁正門〜二豊団地東〜萌葱台〜わさだT, わさだT〜萌葱台〜二豊団地東〜コンパル, 向之原駅〜松が丘〜宗方台中央〜コンパル, 県庁正門前〜木の上〜向之原駅, 向之原駅〜木の上〜コンパルホール入口"
ごとう医院,由布市,"時松コース, 七蔵司コース, 筒口コース, 南田代コース, 片野コース, 北田代コース, 朴木コース"
金谷,大分バス（株）,"県庁正門前〜加納〜猪野〜宮河内ハイランド, 宮河内一〜猪野〜加納〜大分駅前, 大分駅〜加納〜猪野〜宮河内（東高休校）, 大分駅前〜鶴崎〜種具〜宮河内"
秋吉医院,由布市,水地コース
立石三差路,由布市,平石コース
マルヒロ前,由布市,"シャトルバス：温泉館〜庄内庁舎, 水地コース"
九大車両前,由布市,みの草コース
宮崎西,大分バス（株）,"田尻G北〜ふ〜光吉台中央〜県病〜コンパル, 田尻G西〜ふ〜光吉台中央〜県病〜コンパル, 県庁正門〜元町〜寒田〜ふじが丘山手, ふじが丘山手〜寒田〜元町〜大分駅前, 大分駅〜元町〜寒田〜ふじが丘山手, 県庁正門前〜元町〜寒田〜田尻G北, 田尻GH北〜寒田〜元町〜大分駅前, 県庁正門〜大道〜寒田〜ふじが丘山手, ふじが丘山手〜寒田〜大道〜コンパル, 県庁正門〜県病〜寒田〜ふじが丘山手, ふじが丘山手〜寒田〜県病〜コンパル, 県庁正門〜大道〜寒田〜ふじが丘〜田尻G北, 田尻G北〜ふじが丘〜寒田〜大道〜コンパル, 県庁正門〜県病〜寒田〜ふじが丘〜田尻G北"
湯平駅上,由布市,シャトルバス：温泉館〜庄内庁舎
天神橋（挾間）,大分バス（株）,"向之原駅〜松が丘〜宗方台中央〜コンパル, 県庁正門前〜木の上〜向之原駅, 向之原駅〜木の上〜コンパルホール入口, 向之原駅〜国分〜賀来新川〜コンパルホール入口, 県庁正門〜大学病院〜向之原駅〜すくいき村, すくいき村〜向之原駅〜大学病院〜コンパル, すくいき村〜向之原駅〜大学病院〜鶴崎支所"
小野鶴西,大分バス（株）,"県庁正門〜松が丘〜南営業所, 南営業所〜松が丘〜コンパル, 県庁正門〜松が丘〜富士見が丘（GP北）, 富士見（GP北）〜松が丘〜コンパル, ホルト〜県庁〜松が丘〜富士見（GP北）, 県庁正門〜松〜看護大学前, 県庁正門〜松〜富〜すくすくいきいき村, すくすくいきいき村〜富〜松〜コンパル, 鶴崎支所〜松が丘〜富士見（GP北）, すくすくいきいき村〜富〜松〜鶴崎支所, すくすくいきいき村〜富〜松〜オア〜コン, すくすく〜富士見〜松が丘〜商業高校, 向之原駅〜松が丘〜宗方台中央〜コンパル"
湯平駅前,由布市,"スクールバス湯平コース, 水地コース, 湯平コース"
岩田商店前,由布市,長野コース
影平,由布市,水地コース
湯平スタンド前,由布市,"スクールバス湯平コース, 湯平コース"
杉の子前,由布市,"シャトルバス：温泉館〜庄内庁舎, 水地コース"
宗方台東,大分バス（株）,"向之原駅〜松が丘〜宗方台中央〜コンパル, わさだ〜松が丘中央〜宗方台〜三愛MC, 二豊団地東〜松が丘〜宗方台〜三愛MC"
奥,臼津交通（株）,臼関線
柏野入口,由布市,"シャトルバス：スクール石城系統, シャトルバス：庁舎〜大学病院, 時松コース"
柏野入口,竹田市,大分駅線
下鬼崎,大分バス（株）,"向之原駅〜松が丘〜宗方台中央〜コンパル, 県庁正門前〜木の上〜向之原駅, 向之原駅〜木の上〜コンパルホール入口, 向之原駅〜国分〜賀来新川〜コンパルホール入口, 県庁正門〜大学病院〜向之原駅〜すくいき村, すくいき村〜向之原駅〜大学病院〜コンパル, すくいき村〜向之原駅〜大学病院〜鶴崎支所"
久木野,日田バス（株）,五馬線
向之原駅,大分バス（株）,"向之原駅〜松が丘〜宗方台中央〜コンパル, 県庁正門前〜木の上〜向之原駅, 向之原駅〜木の上〜コンパルホール入口, 向之原駅〜国分〜賀来新川〜コンパルホール入口, 県庁正門〜大学病院〜向之原駅, 向之原駅〜大学病院〜コンパルホール入口, 大分駅前〜大学病院〜向之原駅, 県庁正門〜大学病院〜向之原駅〜すくいき村, すくいき村〜向之原駅〜大学病院〜コンパル, 向之原駅〜大学病院〜鶴崎支所, すくいき村〜向之原駅〜大学病院〜鶴崎支所"
向原駅,由布市,"下詰コース, 時松コース, 七蔵司コース, 酒野コース, 筒口コース, 南田代コース, 片野コース, 北田代コース, 朴木コース"
下原入口,由布市,"スクールバス大津留コース, 小挾間・柚の木コース"
茶園畑,由布市,"シャトルバス：スクール石城系統, シャトルバス：庁舎〜大学病院, 時松コース"
茶園畑,竹田市,大分駅線
みの草東,由布市,みの草コース
宝泉寺温泉入口,大分交通（株）,栃木宮の原
宗方（わさだタウン線）,大分バス（株）,"県庁正門前〜わさだタウン〜野津原公民館, 野津原公民館〜わさだタウン〜コンパル, 県庁正門〜明磧〜わさだT〜三愛メディカル, わさだT〜三愛メディカル〜明磧〜コンパル, 県庁正門〜わさだ〜三愛M〜富〜すくいき村, すくいき村〜富〜わさだ〜三愛M〜コンパル, わさだ〜松が丘中央〜宗方台〜三愛MC, 二豊団地東〜松が丘〜宗方台〜三愛MC"
雄城台高校入口,大分バス（株）,"県庁正門前〜木の上〜野津原公民館, 野津原公民館〜木の上〜コンパル入口, 県庁正門〜木〜南営業所, 南営業所〜木〜コンパル, 県庁正門〜木〜富士見（GP北）, 富士見（GP北）〜木〜コンパル, ホルト〜県庁正門〜木〜富士見（GP北）, 富士見（GP北）〜看〜木〜コンパル, 県庁正門前〜木〜看護大学前, 県庁正門〜木〜富〜すくすくいきいき村, すくすくいきいき村〜富〜木〜コンパル, 富士見（GP北）〜木〜鶴崎支所, 鶴崎支所〜木〜富〜すくすくいきいき村, すくすく〜富士見〜木〜商業高校, 県庁正門〜二豊団地東〜萌葱台, 萌葱台〜二豊団地東〜コンパル, 県庁正門〜二豊団地東〜萌葱台〜わさだT, わさだT〜萌葱台〜二豊団地東〜コンパル, 向之原駅〜松が丘〜宗方台中央〜コンパル, 県庁正門前〜木の上〜向之原駅, 向之原駅〜木の上〜コンパルホール入口, わさだ〜松が丘中央〜宗方台〜三愛MC, 二豊団地東〜松が丘〜宗方台〜三愛MC"
大分高等技術専門校,大分バス（株）,"田尻GH北〜田尻NT〜明磧〜コンパル, 県庁正門〜明磧〜田尻南2丁目, 田尻南2丁目〜明磧〜コンパル, 県庁正門〜下田尻〜わ〜三愛〜田尻南2丁目, 田尻南2丁目〜わ〜三愛〜下田尻〜コンパル, 県庁正門〜明磧〜ふじが丘山手, ふじが丘山手〜明磧〜コンパル, 県庁正門〜明磧〜ふじが丘〜田尻GH北, 田尻GH北〜ふじが丘〜明磧〜コンパル, 県庁正門〜明磧〜ふじが丘〜田尻南2丁目, 田尻南2丁目〜ふじが丘〜明磧〜コンパル, 田尻GH北〜ふじが丘〜明磧〜鶴崎支所, ふじが丘山手〜わ〜三愛〜下田尻〜コンパル, 田尻G西〜ふ〜わ〜三愛〜下田尻〜コンパル, 県庁〜下田尻〜わ〜三愛〜ふ〜田尻南2丁目, 田尻南2丁目〜ふじが丘〜わさだ〜コンパル"
篠原春の段,由布市,片野コース
情和園,由布市,"スクールバス大津留コース, 小挾間・柚の木コース"
開拓選果場,由布市,平石コース
パークプレイス下,大分バス（株）,佐伯駅〜パークプレイス下〜大分空港
畑,由布市,水地コース
小野鶴南一丁目,大分バス（株）,"県庁正門〜松が丘〜南営業所, 南営業所〜松が丘〜コンパル, 県庁正門〜松が丘〜富士見が丘（GP北）, 富士見（GP北）〜松が丘〜コンパル, ホルト〜県庁〜松が丘〜富士見（GP北）, 県庁正門〜松〜看護大学前, 県庁正門〜松〜富〜すくすくいきいき村, すくすくいきいき村〜富〜松〜コンパル, 鶴崎支所〜松が丘〜富士見（GP北）, すくすくいきいき村〜富〜松〜鶴崎支所, すくすくいきいき村〜富〜松〜オア〜コン, すくすく〜富士見〜松が丘〜商業高校, 向之原駅〜松が丘〜宗方台中央〜コンパル"
パークプレイス大分,大分バス（株）,"佐伯駅〜パークプレイス下〜大分空港, 大分駅前〜萩原〜公商〜米良BP〜大分駅前, 県庁正門〜米良BP〜情商公〜萩原〜大分駅, 県庁正門〜米良BP〜商〜公園通り東, 公園通り中央〜商〜米良BP〜大分駅前, パークプレイス〜米良BP〜大分駅前, 大分駅前〜米良BP〜商〜公園通り東, 要町〜高城〜池の平〜PP〜京が丘, 要町〜高城〜池の平〜PP〜浄雲寺, 要町〜高城〜池の平〜PP, 菰田〜PP〜池の平〜高城〜要町, 免許C〜PP〜池の平〜高城〜要町, PP〜中筋〜森町〜別保〜鶴崎支所（裏）, 鶴崎支所〜別保橋〜森町〜中筋〜PP, 鶴崎〜別保橋〜森町〜中筋〜PP, PP大分〜敷戸北〜宮崎台〜わさだT〜三愛, わさだタウン〜宮崎台〜敷戸北, 敷戸北〜PP大分"
みの草西,由布市,みの草コース
歴史資料館入口,大分バス（株）,"県庁正門〜大学病院〜野田入口〜国新〜国団, 県庁〜大学病院〜野田入口〜国新〜富士見, 富士見〜国新〜野田入口〜大学病院〜コン"
下浦,臼津交通（株）,臼関線
椿が丘団地入口,大分バス（株）,"県庁正門〜二豊団地東〜萌葱台, 萌葱台〜二豊団地東〜コンパル, 県庁正門〜二豊団地東〜萌葱台〜わさだT, わさだT〜萌葱台〜二豊団地東〜コンパル, わさだ〜松が丘中央〜宗方台〜三愛MC, 二豊団地東〜松が丘〜宗方台〜三愛MC"
幸野公民館前,由布市,"スクールバス湯平コース, 湯平コース"
葛原下,由布市,長野コース
宮崎,佐伯市,伯大線
宮崎,大分バス（株）,"金池タ〜戸次〜各停〜佐伯駅（急行・太停）, 佐伯駅〜各停〜戸次〜コンパル（急・太停）, 金池タ〜県病〜各停〜佐伯駅（急行・太停）, 佐伯駅〜各停〜県病〜コンパル（急・太停）, 金池〜県病〜コスモ〜佐伯駅（急）, 佐伯駅〜コスモ〜県病〜コンパル（急）, 県庁正門前〜元町〜戸次, 戸次〜元町〜大分駅前, 梅が丘〜元町〜大分駅前, 辻〜榎峠〜大道〜コンパル入口, 金池ターミナル〜大道〜榎峠〜臼杵駅, 臼杵駅〜榎峠〜大道〜コンパル入口, 県庁正門〜県病〜戸次, 戸次〜県病〜コンパル, 金池ターミナル〜県病〜榎峠〜臼杵駅, 臼杵駅〜榎峠〜県病〜コンパル入口, 金池タ〜県病〜榎峠〜臼杵駅〜臼杵港, 臼杵港〜臼杵駅〜榎峠〜県病〜コンパル入口, 金池タ〜大道〜榎峠〜臼杵駅〜臼杵港, 臼杵港〜臼杵駅〜榎峠〜大道〜コンパル入口, 平清水〜榎峠〜大道〜コンパル入口（特急）, 県庁正門〜元町〜分大〜高江〜大南団地北, 大南団地北〜高江〜分大〜元町〜大分駅前, ホルト〜県庁〜元町〜分大〜高江〜大南, 県庁正門〜元町〜高江〜大南団地北, 大南団地北〜高江〜元町〜大分駅前, 大南団地北〜高江〜元町〜駅〜駅南（金池南）, 県庁正門〜大道〜分大〜高江〜大南団地北, 大南団地北〜高江〜分大〜大道〜コンパル, 県庁正門〜大道〜高江〜大南団地北, 大南団地北〜高江〜大道〜コンパル, 大分駅前〜大道〜高江〜大南団地北, 県庁正門〜県病〜分大〜大南団地北, 大南団地北〜分大〜県病〜コンパル, 県庁正門〜元町〜敷戸北, 敷戸北〜元町〜大分駅前, 敷戸北〜元町〜大分駅前〜駅南（金池南）, 県庁正門〜元町〜大分工業高校, 大分駅前〜元町〜大分工業高校, 県庁正門前〜元町〜敷戸〜大分工業高校, 大分工業高校〜敷戸〜元町〜大分駅前, 敷戸北〜元町〜鶴崎支所, 鶴崎〜元町〜敷戸北, 鶴崎支所〜元町〜敷戸北〜大分工業高校, 大分工業高校〜敷戸北〜元町〜鶴崎, 県庁正門前〜大道〜敷戸北, 敷戸北〜大道〜コンパル入口, 県庁正門〜県病〜敷戸北, 敷戸北〜県病〜コンパル入口, 県庁正門〜大道〜敷戸〜大分工業高校, 大分工業高校〜敷戸北〜大道〜コンパル入口, 県庁正門〜県病〜敷戸北〜大分工業高校, 大分工業高校〜敷戸北〜県病〜コンパル入口, 鶴崎支所〜大道〜敷戸北, 鶴崎〜大道〜敷戸北, 敷戸北〜県病〜鶴崎（裏）, 敷戸北〜県病〜鶴崎, 鶴崎支所〜大道〜敷戸北〜大分工業高校"
光吉公民館入口,大分バス（株）,"県庁正門〜大道〜わさだT〜三愛MC, わさだT〜三愛MC〜大道〜コンパル入口"
二豊団地北,大分バス（株）,"県庁正門〜二豊団地東〜萌葱台, 萌葱台〜二豊団地東〜コンパル, 県庁正門〜二豊団地東〜萌葱台〜わさだT, わさだT〜萌葱台〜二豊団地東〜コンパル, わさだ〜松が丘中央〜宗方台〜三愛MC, 二豊団地東〜松が丘〜宗方台〜三愛MC"
佐平治上,由布市,長野コース
椿が丘団地,大分バス（株）,"県庁正門〜二豊団地東〜萌葱台, 萌葱台〜二豊団地東〜コンパル, 県庁正門〜二豊団地東〜萌葱台〜わさだT, わさだT〜萌葱台〜二豊団地東〜コンパル"
渡辺酒店前,由布市,水地コース
芳河原台入口,大分バス（株）,"県庁正門〜元町〜大分工業高校, 大分駅前〜元町〜大分工業高校, 県庁正門前〜元町〜敷戸〜大分工業高校, 大分工業高校〜敷戸〜元町〜大分駅前, 鶴崎支所〜元町〜敷戸北〜大分工業高校, 大分工業高校〜敷戸北〜元町〜鶴崎, 県庁正門〜大道〜敷戸〜大分工業高校, 大分工業高校〜敷戸北〜大道〜コンパル入口, 県庁正門〜県病〜敷戸北〜大分工業高校, 大分工業高校〜敷戸北〜県病〜コンパル入口, 鶴崎支所〜大道〜敷戸北〜大分工業高校"
よしの本橋,由布市,"スクールバス湯平コース, 湯平コース"
みの草下,由布市,みの草コース
渡辺酒店下,由布市,"スクールバス湯平コース, 湯平コース"
光吉台入口,大分バス（株）,"田尻G北〜ふ〜光吉台中央〜県病〜コンパル, 田尻G西〜ふ〜光吉台中央〜県病〜コンパル, 県庁正門〜元町〜寒田〜ふじが丘山手, ふじが丘山手〜寒田〜元町〜大分駅前, 大分駅〜元町〜寒田〜ふじが丘山手, 県庁正門前〜元町〜寒田〜田尻G北, 田尻GH北〜寒田〜元町〜大分駅前, 県庁正門〜大道〜寒田〜ふじが丘山手, ふじが丘山手〜寒田〜大道〜コンパル, 県庁正門〜県病〜寒田〜ふじが丘山手, ふじが丘山手〜寒田〜県病〜コンパル, 県庁正門〜大道〜寒田〜ふじが丘〜田尻G北, 田尻G北〜ふじが丘〜寒田〜大道〜コンパル, 県庁正門〜県病〜寒田〜ふじが丘〜田尻G北"
大分工業高校,大分バス（株）,"県庁正門〜元町〜大分工業高校, 大分駅前〜元町〜大分工業高校, 県庁正門前〜元町〜敷戸〜大分工業高校, 大分工業高校〜敷戸〜元町〜大分駅前, 鶴崎支所〜元町〜敷戸北〜大分工業高校, 大分工業高校〜敷戸北〜元町〜鶴崎, 県庁正門〜大道〜敷戸〜大分工業高校, 大分工業高校〜敷戸北〜大道〜コンパル入口, 県庁正門〜県病〜敷戸北〜大分工業高校, 大分工業高校〜敷戸北〜県病〜コンパル入口, 鶴崎支所〜大道〜敷戸北〜大分工業高校"
平田,由布市,大津留コース
竹ノ下入口,由布市,長野コース
宝泉寺,大分交通（株）,栃木宮の原
公園西インター入口,大分バス（株）,"大分駅〜加納〜西小前〜免許C, 免許C〜西小前〜加納〜大分駅前, 大分駅前〜萩原〜公商〜米良BP〜大分駅前, 県庁正門〜米良BP〜情商公〜萩原〜大分駅, 県庁正門〜米良BP〜商〜公園通り東, 公園通り中央〜商〜米良BP〜大分駅前, パークプレイス〜米良BP〜大分駅前, 大分駅前〜米良BP〜商〜公園通り東"
国分,大分バス（株）,"向之原駅〜国分〜賀来新川〜コンパルホール入口, 県庁正門〜大学病院〜野田入口〜国新〜国団"
神屋敷,由布市,片野コース
二瀬,大分交通（株）,栃木宮の原
同尻橋,由布市,"筒口コース, 片野コース"
国分新町,大分バス（株）,"県庁正門〜大学病院〜野田入口〜国新〜国団, 県庁〜大学病院〜野田入口〜国新〜富士見, 富士見〜国新〜野田入口〜大学病院〜コン"
パークプレイス入口,大分バス（株）,"大分駅前〜萩原〜公商〜米良BP〜大分駅前, 県庁正門〜米良BP〜情商公〜萩原〜大分駅, 県庁正門〜米良BP〜商〜公園通り東, 公園通り中央〜商〜米良BP〜大分駅前, 大分駅前〜米良BP〜商〜公園通り東, 大分駅前〜萩原〜公園通り東, 公園通り中央〜萩原〜大分駅前"
相浜,臼津交通（株）,臼関線
松原,日田バス（株）,杖立線
中山,由布市,"スクールバス湯平コース, 湯平コース"
芳河原台,大分バス（株）,"県庁正門〜元町〜大分工業高校, 大分駅前〜元町〜大分工業高校, 県庁正門前〜元町〜敷戸〜大分工業高校, 大分工業高校〜敷戸〜元町〜大分駅前, 鶴崎支所〜元町〜敷戸北〜大分工業高校, 大分工業高校〜敷戸北〜元町〜鶴崎, 県庁正門〜大道〜敷戸〜大分工業高校, 大分工業高校〜敷戸北〜大道〜コンパル入口, 県庁正門〜県病〜敷戸北〜大分工業高校, 大分工業高校〜敷戸北〜県病〜コンパル入口, 鶴崎支所〜大道〜敷戸北〜大分工業高校"
宝勝寺,由布市,"スクールバス湯平コース, 水地コース, 湯平コース"
篠原入口,由布市,"シャトルバス：スクール石城系統, シャトルバス：庁舎〜大学病院"
篠原入口,竹田市,大分駅線
歴史資料館前,大分バス（株）,"県庁正門〜大学病院〜野田入口〜国新〜国団, 県庁〜大学病院〜野田入口〜国新〜富士見, 富士見〜国新〜野田入口〜大学病院〜コン"
八幡田,大分バス（株）,"田尻GH北〜田尻NT〜明磧〜コンパル, 県庁正門〜明磧〜田尻南2丁目, 田尻南2丁目〜明磧〜コンパル, 県庁正門〜下田尻〜わ〜三愛〜田尻南2丁目, 田尻南2丁目〜わ〜三愛〜下田尻〜コンパル, 県庁正門〜明磧〜ふじが丘山手, ふじが丘山手〜明磧〜コンパル, 県庁正門〜明磧〜ふじが丘〜田尻GH北, 田尻GH北〜ふじが丘〜明磧〜コンパル, 県庁正門〜明磧〜ふじが丘〜田尻南2丁目, 田尻南2丁目〜ふじが丘〜明磧〜コンパル, 田尻GH北〜ふじが丘〜明磧〜鶴崎支所, ふじが丘山手〜わ〜三愛〜下田尻〜コンパル, 田尻G西〜ふ〜わ〜三愛〜下田尻〜コンパル, 県庁〜下田尻〜わ〜三愛〜ふ〜田尻南2丁目, 田尻南2丁目〜ふじが丘〜わさだ〜コンパル"
嬉し乃食堂前,由布市,"スクールバス湯平コース, 湯平コース"
小平公民館上,由布市,"スクールバス湯平コース, 湯平コース"
二豊団地東,大分バス（株）,"県庁正門〜二豊団地東〜萌葱台, 萌葱台〜二豊団地東〜コンパル, 県庁正門〜二豊団地東〜萌葱台〜わさだT, わさだT〜萌葱台〜二豊団地東〜コンパル, わさだ〜松が丘中央〜宗方台〜三愛MC, 二豊団地東〜松が丘〜宗方台〜三愛MC"
みの草上,由布市,シャトルバス：温泉館〜庄内庁舎
同尻,由布市,筒口コース
二豊団地入口,大分バス（株）,"県庁正門前〜木の上〜野津原公民館, 野津原公民館〜木の上〜コンパル入口, 県庁正門〜木〜南営業所, 南営業所〜木〜コンパル, 県庁正門〜木〜富士見（GP北）, 富士見（GP北）〜木〜コンパル, ホルト〜県庁正門〜木〜富士見（GP北）, 富士見（GP北）〜看〜木〜コンパル, 県庁正門前〜木〜看護大学前, 県庁正門〜木〜富〜すくすくいきいき村, すくすくいきいき村〜富〜木〜コンパル, 富士見（GP北）〜木〜鶴崎支所, 鶴崎支所〜木〜富〜すくすくいきいき村, すくすく〜富士見〜木〜商業高校, 県庁正門〜二豊団地東〜萌葱台, 萌葱台〜二豊団地東〜コンパル, 県庁正門〜二豊団地東〜萌葱台〜わさだT, わさだT〜萌葱台〜二豊団地東〜コンパル, 県庁正門前〜木の上〜向之原駅, 向之原駅〜木の上〜コンパルホール入口"
公民館前（狭間）,竹田市,大分駅線
鬼瀬,由布市,"シャトルバス：スクール石城系統, シャトルバス：庁舎〜大学病院"
鬼崎,大分バス（株）,"向之原駅〜松が丘〜宗方台中央〜コンパル, 県庁正門前〜木の上〜向之原駅, 向之原駅〜木の上〜コンパルホール入口, 向之原駅〜国分〜賀来新川〜コンパルホール入口, 県庁正門〜大学病院〜向之原駅〜すくいき村, すくいき村〜向之原駅〜大学病院〜コンパル, すくいき村〜向之原駅〜大学病院〜鶴崎支所"
生田原,由布市,片野コース
佐平治下,由布市,長野コース
毛井,大分バス（株）,"県庁正門〜加納〜猪野〜けやき台四, けやき台四〜猪野〜加納〜大分駅前, けやき台〜猪野〜加納〜駅〜駅南（金池南）, JSC前（東芝）〜猪野〜加納〜大分駅前, 菰田〜森町〜皆春団地〜大分駅前, PP〜中筋〜森町〜別保〜鶴崎支所（裏）, 鶴崎支所〜別保橋〜森町〜中筋〜PP, 鶴崎〜別保橋〜森町〜中筋〜PP, 南高校〜猪野〜加納〜大分駅前, 大分駅〜加納〜猪野〜南高校"
小平［湯布院町］,由布市,"スクールバス湯平コース, 湯平コース"
水足上四差路,由布市,平石コース
萌葱台入口,大分バス（株）,"県庁正門〜二豊団地東〜萌葱台, 萌葱台〜二豊団地東〜コンパル, 県庁正門〜二豊団地東〜萌葱台〜わさだT, わさだT〜萌葱台〜二豊団地東〜コンパル"
下桐木,大分交通（株）,栃木宮の原
雲取下,由布市,平石コース
見晴し入口,由布市,"スクールバス湯平コース, 湯平コース"
底鶴,由布市,片野コース
光吉台,大分バス（株）,"田尻G北〜ふ〜光吉台中央〜県病〜コンパル, 田尻G西〜ふ〜光吉台中央〜県病〜コンパル, 県庁正門〜元町〜寒田〜ふじが丘山手, ふじが丘山手〜寒田〜元町〜大分駅前, 大分駅〜元町〜寒田〜ふじが丘山手, 県庁正門前〜元町〜寒田〜田尻G北, 田尻GH北〜寒田〜元町〜大分駅前, 県庁正門〜大道〜寒田〜ふじが丘山手, ふじが丘山手〜寒田〜大道〜コンパル, 県庁正門〜県病〜寒田〜ふじが丘山手, ふじが丘山手〜寒田〜県病〜コンパル, 県庁正門〜大道〜寒田〜ふじが丘〜田尻G北, 田尻G北〜ふじが丘〜寒田〜大道〜コンパル, 県庁正門〜県病〜寒田〜ふじが丘〜田尻G北, PP大分〜敷戸北〜宮崎台〜わさだT〜三愛, 敷戸北〜宮崎台〜わさだT〜三愛, わさだタウン〜宮崎台〜敷戸北"
芝尾,由布市,酒野コース
宮河内団地入口,大分バス（株）,"県庁正門前〜加納〜猪野〜宮河内ハイランド, 宮河内一〜猪野〜加納〜大分駅前, 大分駅〜加納〜猪野〜宮河内（東高休校）, 大分駅前〜鶴崎〜種具〜宮河内"
みの草,由布市,"シャトルバス：温泉館〜庄内庁舎, みの草コース"
旧小学校前,由布市,"スクールバス湯平コース, 湯平コース"
小野鶴南二丁目,大分バス（株）,"県庁正門〜松が丘〜南営業所, 南営業所〜松が丘〜コンパル, 県庁正門〜松が丘〜富士見が丘（GP北）, 富士見（GP北）〜松が丘〜コンパル, ホルト〜県庁〜松が丘〜富士見（GP北）, 県庁正門〜松〜看護大学前, 県庁正門〜松〜富〜すくすくいきいき村, すくすくいきいき村〜富〜松〜コンパル, 鶴崎支所〜松が丘〜富士見（GP北）, すくすくいきいき村〜富〜松〜鶴崎支所, すくすくいきいき村〜富〜松〜オア〜コン, すくすく〜富士見〜松が丘〜商業高校, 向之原駅〜松が丘〜宗方台中央〜コンパル"
下袋,日田バス（株）,五馬線
篠原鶴組,由布市,片野コース
国分紺屋,大分バス（株）,"県庁正門〜大学病院〜野田入口〜国新〜国団, 県庁〜大学病院〜野田入口〜国新〜富士見, 富士見〜国新〜野田入口〜大学病院〜コン"
篠原中組,由布市,片野コース
竜泉寺前,大分バス（株）,"県庁正門〜加納〜猪野〜けやき台四, けやき台四〜猪野〜加納〜大分駅前, けやき台〜猪野〜加納〜駅〜駅南（金池南）, JSC前（東芝）〜猪野〜加納〜大分駅前, 菰田〜森町〜皆春団地〜大分駅前, PP〜中筋〜森町〜別保〜鶴崎支所（裏）, 鶴崎支所〜別保橋〜森町〜中筋〜PP, 鶴崎〜別保橋〜森町〜中筋〜PP, 南高校〜猪野〜加納〜大分駅前, 大分駅〜加納〜猪野〜南高校"
星和台,大分バス（株）,"県庁正門〜元町〜大分工業高校, 大分駅前〜元町〜大分工業高校, 県庁正門前〜元町〜敷戸〜大分工業高校, 大分工業高校〜敷戸〜元町〜大分駅前, 鶴崎支所〜元町〜敷戸北〜大分工業高校, 大分工業高校〜敷戸北〜元町〜鶴崎, 県庁正門〜大道〜敷戸〜大分工業高校, 大分工業高校〜敷戸北〜大道〜コンパル入口, 県庁正門〜県病〜敷戸北〜大分工業高校, 大分工業高校〜敷戸北〜県病〜コンパル入口, 鶴崎支所〜大道〜敷戸北〜大分工業高校"
田ノ小野下,由布市,筒口コース
久保,由布市,"スクールバス大津留コース, 小挾間・柚の木コース"
緑が丘入口,大分バス（株）,"県庁正門〜木〜南営業所, 南営業所〜木〜コンパル, 県庁正門〜木〜富〜すくすくいきいき村, すくすくいきいき村〜富〜木〜コンパル, 鶴崎支所〜木〜富〜すくすくいきいき村, すくすく〜富士見〜木〜商業高校, 県庁正門〜松が丘〜南営業所, 南営業所〜松が丘〜コンパル, 県庁正門〜松〜富〜すくすくいきいき村, すくすくいきいき村〜富〜松〜コンパル, すくすくいきいき村〜富〜松〜鶴崎支所, すくすくいきいき村〜富〜松〜オア〜コン, すくすく〜富士見〜松が丘〜商業高校, 県庁正門〜大学病院〜向之原駅〜すくいき村, すくいき村〜向之原駅〜大学病院〜コンパル, すくいき村〜向之原駅〜大学病院〜鶴崎支所, すくいき村〜富〜わさだタウン〜三愛MC, 県庁正門〜わさだ〜三愛M〜富〜すくいき村, すくいき村〜富〜わさだ〜三愛M〜コンパル"
猪野,由布市,大津留コース
佐平治南上,由布市,長野コース
軒田,大分バス（株）,"県庁正門前〜元町〜戸次, 戸次〜元町〜大分駅前, 梅が丘〜元町〜大分駅前, 辻〜榎峠〜大道〜コンパル入口, 金池ターミナル〜大道〜榎峠〜臼杵駅, 臼杵駅〜榎峠〜大道〜コンパル入口, 県庁正門〜県病〜戸次, 戸次〜県病〜コンパル, 金池ターミナル〜県病〜榎峠〜臼杵駅, 臼杵駅〜榎峠〜県病〜コンパル入口, 金池タ〜県病〜榎峠〜臼杵駅〜臼杵港, 臼杵港〜臼杵駅〜榎峠〜県病〜コンパル入口, 金池タ〜大道〜榎峠〜臼杵駅〜臼杵港, 臼杵港〜臼杵駅〜榎峠〜大道〜コンパル入口, 県庁正門〜元町〜分大〜高江〜大南団地北, 大南団地北〜高江〜分大〜元町〜大分駅前, ホルト〜県庁〜元町〜分大〜高江〜大南, 県庁正門〜元町〜高江〜大南団地北, 大南団地北〜高江〜元町〜大分駅前, 大南団地北〜高江〜元町〜駅〜駅南（金池南）, 県庁正門〜大道〜分大〜高江〜大南団地北, 大南団地北〜高江〜分大〜大道〜コンパル, 県庁正門〜大道〜高江〜大南団地北, 大南団地北〜高江〜大道〜コンパル, 大分駅前〜大道〜高江〜大南団地北, 県庁正門〜県病〜分大〜大南団地北, 大南団地北〜分大〜県病〜コンパル, 県庁正門〜元町〜敷戸北, 敷戸北〜元町〜大分駅前, 敷戸北〜元町〜大分駅前〜駅南（金池南）, 県庁正門〜元町〜大分工業高校, 大分駅前〜元町〜大分工業高校, 県庁正門前〜元町〜敷戸〜大分工業高校, 大分工業高校〜敷戸〜元町〜大分駅前, 敷戸北〜元町〜鶴崎支所, 鶴崎〜元町〜敷戸北, 鶴崎支所〜元町〜敷戸北〜大分工業高校, 大分工業高校〜敷戸北〜元町〜鶴崎, 県庁正門前〜大道〜敷戸北, 敷戸北〜大道〜コンパル入口, 県庁正門〜県病〜敷戸北, 敷戸北〜県病〜コンパル入口, 県庁正門〜大道〜敷戸〜大分工業高校, 大分工業高校〜敷戸北〜大道〜コンパル入口, 県庁正門〜県病〜敷戸北〜大分工業高校, 大分工業高校〜敷戸北〜県病〜コンパル入口, 鶴崎支所〜大道〜敷戸北, 鶴崎〜大道〜敷戸北, 敷戸北〜県病〜鶴崎（裏）, 敷戸北〜県病〜鶴崎, 鶴崎支所〜大道〜敷戸北〜大分工業高校, PP大分〜敷戸北〜宮崎台〜わさだT〜三愛, 敷戸北〜宮崎台〜わさだT〜三愛, わさだタウン〜宮崎台〜敷戸北"
新生支援学校前,大分バス（株）,"県庁正門前〜わさだタウン〜野津原公民館, 野津原公民館〜わさだタウン〜コンパル, 県庁正門〜明磧〜わさだT〜三愛メディカル, わさだT〜三愛メディカル〜明磧〜コンパル, 県庁正門〜わさだ〜三愛M〜富〜すくいき村, すくいき村〜富〜わさだ〜三愛M〜コンパル, わさだ〜松が丘中央〜宗方台〜三愛MC, 二豊団地東〜松が丘〜宗方台〜三愛MC"
田ノ小野上,由布市,筒口コース
秋吉商店前,由布市,"スクールバス湯平コース, 湯平コース"
櫟木ダム入口,由布市,"シャトルバス：スクール石城系統, シャトルバス：庁舎〜大学病院, 小挾間・柚の木コース"
檪木ダム入口,竹田市,大分駅線
宮河内団地一丁目,大分バス（株）,"県庁正門前〜加納〜猪野〜宮河内ハイランド, 宮河内一〜猪野〜加納〜大分駅前, 大分駅〜加納〜猪野〜宮河内（東高休校）, 大分駅前〜鶴崎〜種具〜宮河内"
宮崎台,大分バス（株）,"県庁正門〜元町〜寒田〜ふじが丘山手, ふじが丘山手〜寒田〜元町〜大分駅前, 大分駅〜元町〜寒田〜ふじが丘山手, 県庁正門前〜元町〜寒田〜田尻G北, 田尻GH北〜寒田〜元町〜大分駅前, 県庁正門〜大道〜寒田〜ふじが丘山手, ふじが丘山手〜寒田〜大道〜コンパル, 県庁正門〜県病〜寒田〜ふじが丘山手, ふじが丘山手〜寒田〜県病〜コンパル, 県庁正門〜大道〜寒田〜ふじが丘〜田尻G北, 田尻G北〜ふじが丘〜寒田〜大道〜コンパル, 県庁正門〜県病〜寒田〜ふじが丘〜田尻G北, PP大分〜敷戸北〜宮崎台〜わさだT〜三愛, 敷戸北〜宮崎台〜わさだT〜三愛, わさだタウン〜宮崎台〜敷戸北"
下田尻,大分バス（株）,"田尻GH北〜田尻NT〜明磧〜コンパル, 県庁正門〜明磧〜田尻南2丁目, 田尻南2丁目〜明磧〜コンパル, 県庁正門〜下田尻〜わ〜三愛〜田尻南2丁目, 田尻南2丁目〜わ〜三愛〜下田尻〜コンパル, 県庁正門〜明磧〜ふじが丘山手, ふじが丘山手〜明磧〜コンパル, 県庁正門〜明磧〜ふじが丘〜田尻GH北, 田尻GH北〜ふじが丘〜明磧〜コンパル, 県庁正門〜明磧〜ふじが丘〜田尻南2丁目, 田尻南2丁目〜ふじが丘〜明磧〜コンパル, 田尻GH北〜ふじが丘〜明磧〜鶴崎支所, ふじが丘山手〜わ〜三愛〜下田尻〜コンパル, 田尻G西〜ふ〜わ〜三愛〜下田尻〜コンパル, 県庁〜下田尻〜わ〜三愛〜ふ〜田尻南2丁目, 田尻南2丁目〜ふじが丘〜わさだ〜コンパル"
熊の墓,亀の井バス（株）,37　牧の戸峠線
田伏入口,由布市,"スクールバス湯平コース, 湯平コース"
ハイランド郵便局前,大分バス（株）,"県庁正門前〜加納〜猪野〜宮河内ハイランド, 宮河内一〜猪野〜加納〜大分駅前, 大分駅〜加納〜猪野〜宮河内（東高休校）, 大分駅前〜鶴崎〜種具〜宮河内"
上武宮上,由布市,みの草コース
萌葱台中央,大分バス（株）,"県庁正門〜二豊団地東〜萌葱台, 萌葱台〜二豊団地東〜コンパル, 県庁正門〜二豊団地東〜萌葱台〜わさだT, わさだT〜萌葱台〜二豊団地東〜コンパル"
井手淵,大分バス（株）,"県庁正門〜木〜南営業所, 南営業所〜木〜コンパル, 県庁正門〜木〜富〜すくすくいきいき村, すくすくいきいき村〜富〜木〜コンパル, 鶴崎支所〜木〜富〜すくすくいきいき村, すくすく〜富士見〜木〜商業高校, 県庁正門〜松が丘〜南営業所, 南営業所〜松が丘〜コンパル, 県庁正門〜松〜富〜すくすくいきいき村, すくすくいきいき村〜富〜松〜コンパル, すくすくいきいき村〜富〜松〜鶴崎支所, すくすくいきいき村〜富〜松〜オア〜コン, すくすく〜富士見〜松が丘〜商業高校, 向之原駅〜松が丘〜宗方台中央〜コンパル, 県庁正門前〜木の上〜向之原駅, 向之原駅〜木の上〜コンパルホール入口, 向之原駅〜国分〜賀来新川〜コンパルホール入口, すくいき村〜富〜わさだタウン〜三愛MC, 県庁正門〜わさだ〜三愛M〜富〜すくいき村, すくいき村〜富〜わさだ〜三愛M〜コンパル"
井手淵,竹田市,大分駅線
山添,由布市,平石コース
光吉台中央,大分バス（株）,"田尻G北〜ふ〜光吉台中央〜県病〜コンパル, 田尻G西〜ふ〜光吉台中央〜県病〜コンパル, PP大分〜敷戸北〜宮崎台〜わさだT〜三愛, 敷戸北〜宮崎台〜わさだT〜三愛, わさだタウン〜宮崎台〜敷戸北"
星とぴあ前入口,由布市,シャトルバス：温泉館〜庄内庁舎
宮河内団地二丁目,大分バス（株）,"県庁正門前〜加納〜猪野〜宮河内ハイランド, 宮河内一〜猪野〜加納〜大分駅前, 大分駅〜加納〜猪野〜宮河内（東高休校）, 大分駅前〜鶴崎〜種具〜宮河内"
玖珠福祉センター前,大分交通（株）,栃木宮の原
生田原入口,由布市,酒野コース
星とぴあ入口,由布市,みの草コース
稙田西中学校前,大分バス（株）,"県庁正門〜松が丘〜南営業所, 南営業所〜松が丘〜コンパル, 県庁正門〜松が丘〜富士見が丘（GP北）, 富士見（GP北）〜松が丘〜コンパル, ホルト〜県庁〜松が丘〜富士見（GP北）, 県庁正門〜松〜看護大学前, 県庁正門〜松〜富〜すくすくいきいき村, すくすくいきいき村〜富〜松〜コンパル, 鶴崎支所〜松が丘〜富士見（GP北）, すくすくいきいき村〜富〜松〜鶴崎支所, すくすくいきいき村〜富〜松〜オア〜コン, すくすく〜富士見〜松が丘〜商業高校, 向之原駅〜松が丘〜宗方台中央〜コンパル"
串野下,大分交通（株）,栃木宮の原
五反田,由布市,酒野コース
寒田北町一丁目,大分バス（株）,"県庁正門〜元町〜寒田〜ふじが丘山手, ふじが丘山手〜寒田〜元町〜大分駅前, 大分駅〜元町〜寒田〜ふじが丘山手, 県庁正門前〜元町〜寒田〜田尻G北, 田尻GH北〜寒田〜元町〜大分駅前, 県庁正門〜大道〜寒田〜ふじが丘山手, ふじが丘山手〜寒田〜大道〜コンパル, 県庁正門〜県病〜寒田〜ふじが丘山手, ふじが丘山手〜寒田〜県病〜コンパル, 県庁正門〜大道〜寒田〜ふじが丘〜田尻G北, 田尻G北〜ふじが丘〜寒田〜大道〜コンパル, 県庁正門〜県病〜寒田〜ふじが丘〜田尻G北, PP大分〜敷戸北〜宮崎台〜わさだT〜三愛, 敷戸北〜宮崎台〜わさだT〜三愛, わさだタウン〜宮崎台〜敷戸北"
敷戸北,大分バス（株）,"県庁正門〜元町〜敷戸北, 敷戸北〜元町〜大分駅前, 敷戸北〜元町〜大分駅前〜駅南（金池南）, 県庁正門前〜元町〜敷戸〜大分工業高校, 大分工業高校〜敷戸〜元町〜大分駅前, 敷戸北〜元町〜鶴崎支所, 鶴崎〜元町〜敷戸北, 鶴崎支所〜元町〜敷戸北〜大分工業高校, 大分工業高校〜敷戸北〜元町〜鶴崎, 県庁正門前〜大道〜敷戸北, 敷戸北〜大道〜コンパル入口, 県庁正門〜県病〜敷戸北, 敷戸北〜県病〜コンパル入口, 県庁正門〜大道〜敷戸〜大分工業高校, 大分工業高校〜敷戸北〜大道〜コンパル入口, 県庁正門〜県病〜敷戸北〜大分工業高校, 大分工業高校〜敷戸北〜県病〜コンパル入口, 鶴崎支所〜大道〜敷戸北, 鶴崎〜大道〜敷戸北, 敷戸北〜県病〜鶴崎（裏）, 敷戸北〜県病〜鶴崎, 鶴崎支所〜大道〜敷戸北〜大分工業高校, PP大分〜敷戸北〜宮崎台〜わさだT〜三愛, 敷戸北〜宮崎台〜わさだT〜三愛, わさだタウン〜宮崎台〜敷戸北, 敷戸北〜PP大分"
良因寺前,由布市,片野コース
佐平治南下,由布市,長野コース
萌葱台,大分バス（株）,"県庁正門〜二豊団地東〜萌葱台, 萌葱台〜二豊団地東〜コンパル, 県庁正門〜二豊団地東〜萌葱台〜わさだT, わさだT〜萌葱台〜二豊団地東〜コンパル"
わんぱく公園前,大分バス（株）,"田尻G北〜ふ〜光吉台中央〜県病〜コンパル, 田尻G西〜ふ〜光吉台中央〜県病〜コンパル, PP大分〜敷戸北〜宮崎台〜わさだT〜三愛, 敷戸北〜宮崎台〜わさだT〜三愛, わさだタウン〜宮崎台〜敷戸北"
大分南署前,大分バス（株）,"県庁正門〜木〜南営業所, 南営業所〜木〜コンパル, 県庁正門〜木〜富〜すくすくいきいき村, すくすくいきいき村〜富〜木〜コンパル, 鶴崎支所〜木〜富〜すくすくいきいき村, すくすく〜富士見〜木〜商業高校, 県庁正門〜松が丘〜南営業所, 南営業所〜松が丘〜コンパル, 県庁正門〜松〜富〜すくすくいきいき村, すくすくいきいき村〜富〜松〜コンパル, すくすくいきいき村〜富〜松〜鶴崎支所, すくすくいきいき村〜富〜松〜オア〜コン, すくすく〜富士見〜松が丘〜商業高校, 向之原駅〜松が丘〜宗方台中央〜コンパル, 県庁正門前〜木の上〜向之原駅, 向之原駅〜木の上〜コンパルホール入口, 向之原駅〜国分〜賀来新川〜コンパルホール入口, すくいき村〜富〜わさだタウン〜三愛MC, 県庁正門〜わさだ〜三愛M〜富〜すくいき村, すくいき村〜富〜わさだ〜三愛M〜コンパル"
下芹,大分バス（株）,"県庁正門前〜木の上〜野津原公民館, 野津原公民館〜木の上〜コンパル入口, 県庁正門〜木〜南営業所, 南営業所〜木〜コンパル, 県庁正門〜木〜富士見（GP北）, 富士見（GP北）〜木〜コンパル, ホルト〜県庁正門〜木〜富士見（GP北）, 富士見（GP北）〜看〜木〜コンパル, 県庁正門前〜木〜看護大学前, 県庁正門〜木〜富〜すくすくいきいき村, すくすくいきいき村〜富〜木〜コンパル, 富士見（GP北）〜木〜鶴崎支所, 鶴崎支所〜木〜富〜すくすくいきいき村, すくすく〜富士見〜木〜商業高校, 県庁正門前〜木の上〜向之原駅, 向之原駅〜木の上〜コンパルホール入口, わさだ〜松が丘中央〜宗方台〜三愛MC"
公園通り中央,大分バス（株）,"大分駅前〜萩原〜公商〜米良BP〜大分駅前, 県庁正門〜米良BP〜情商公〜萩原〜大分駅, 県庁正門〜米良BP〜商〜公園通り東, 公園通り中央〜商〜米良BP〜大分駅前, 大分駅前〜米良BP〜商〜公園通り東, 大分駅前〜萩原〜公園通り東, 公園通り中央〜萩原〜大分駅前"
間田入口,由布市,大津留コース
緑が丘一丁目,大分バス（株）,"県庁正門〜木〜南営業所, 南営業所〜木〜コンパル, 県庁正門〜木〜富〜すくすくいきいき村, すくすくいきいき村〜富〜木〜コンパル, 鶴崎支所〜木〜富〜すくすくいきいき村, すくすく〜富士見〜木〜商業高校, 県庁正門〜松が丘〜南営業所, 南営業所〜松が丘〜コンパル, 県庁正門〜松〜富〜すくすくいきいき村, すくすくいきいき村〜富〜松〜コンパル, すくすくいきいき村〜富〜松〜鶴崎支所, すくすくいきいき村〜富〜松〜オア〜コン, すくすく〜富士見〜松が丘〜商業高校, 県庁正門〜大学病院〜向之原駅〜すくいき村, すくいき村〜向之原駅〜大学病院〜コンパル, すくいき村〜向之原駅〜大学病院〜鶴崎支所, すくいき村〜富〜わさだタウン〜三愛MC, 県庁正門〜わさだ〜三愛M〜富〜すくいき村, すくいき村〜富〜わさだ〜三愛M〜コンパル"
星和台入口,大分バス（株）,"県庁正門〜元町〜大分工業高校, 大分駅前〜元町〜大分工業高校, 県庁正門前〜元町〜敷戸〜大分工業高校, 大分工業高校〜敷戸〜元町〜大分駅前, 鶴崎支所〜元町〜敷戸北〜大分工業高校, 大分工業高校〜敷戸北〜元町〜鶴崎, 県庁正門〜大道〜敷戸〜大分工業高校, 大分工業高校〜敷戸北〜大道〜コンパル入口, 県庁正門〜県病〜敷戸北〜大分工業高校, 大分工業高校〜敷戸北〜県病〜コンパル入口, 鶴崎支所〜大道〜敷戸北〜大分工業高校"
トキハわさだタウン,大分バス（株）,"県庁正門前〜わさだタウン〜野津原公民館, 野津原公民館〜わさだタウン〜コンパル, 県庁正門〜下田尻〜わ〜三愛〜田尻南2丁目, 田尻南2丁目〜わ〜三愛〜下田尻〜コンパル, ふじが丘山手〜わ〜三愛〜下田尻〜コンパル, 田尻G西〜ふ〜わ〜三愛〜下田尻〜コンパル, 県庁〜下田尻〜わ〜三愛〜ふ〜田尻南2丁目, 田尻南2丁目〜ふじが丘〜わさだ〜コンパル, 県庁正門〜二豊団地東〜萌葱台〜わさだT, わさだT〜萌葱台〜二豊団地東〜コンパル, 県庁正門〜大道〜わさだT〜三愛MC, わさだT〜三愛MC〜大道〜コンパル入口, 県庁正門〜明磧〜わさだT〜三愛メディカル, わさだT〜三愛メディカル〜明磧〜コンパル, すくいき村〜富〜わさだタウン〜三愛MC, 県庁正門〜わさだ〜三愛M〜富〜すくいき村, すくいき村〜富〜わさだ〜三愛M〜コンパル, わさだ〜松が丘中央〜宗方台〜三愛MC, 二豊団地東〜松が丘〜宗方台〜三愛MC, わさだタウン〜寒田〜ふじが丘〜わ〜三愛, PP大分〜敷戸北〜宮崎台〜わさだT〜三愛, 敷戸北〜宮崎台〜わさだT〜三愛, わさだタウン〜宮崎台〜敷戸北"
トキハわさだタウン,竹田市,大分駅線
山添住宅,由布市,平石コース
運転免許センター,大分バス（株）,"大分駅〜加納〜西小前〜免許C, 免許C〜西小前〜加納〜大分駅前, 要町〜高城〜池の平〜PP〜京が丘, 要町〜高城〜池の平〜PP〜浄雲寺, 菰田〜PP〜池の平〜高城〜要町, 免許C〜PP〜池の平〜高城〜要町"
宮河内団地四丁目,大分バス（株）,"県庁正門前〜加納〜猪野〜宮河内ハイランド, 宮河内一〜猪野〜加納〜大分駅前, 大分駅〜加納〜猪野〜宮河内（東高休校）, 大分駅前〜鶴崎〜種具〜宮河内"
平石入口,由布市,シャトルバス：温泉館〜庄内庁舎
上横瀬,大分バス（株）,"県庁正門〜木〜南営業所, 南営業所〜木〜コンパル, 県庁正門〜木〜富〜すくすくいきいき村, すくすくいきいき村〜富〜木〜コンパル, 鶴崎支所〜木〜富〜すくすくいきいき村, すくすく〜富士見〜木〜商業高校, 県庁正門〜松が丘〜南営業所, 南営業所〜松が丘〜コンパル, 県庁正門〜松〜富〜すくすくいきいき村, すくすくいきいき村〜富〜松〜コンパル, すくすくいきいき村〜富〜松〜鶴崎支所, すくすくいきいき村〜富〜松〜オア〜コン, すくすく〜富士見〜松が丘〜商業高校, 向之原駅〜松が丘〜宗方台中央〜コンパル, 県庁正門前〜木の上〜向之原駅, 向之原駅〜木の上〜コンパルホール入口, 向之原駅〜国分〜賀来新川〜コンパルホール入口, すくいき村〜富〜わさだタウン〜三愛MC, 県庁正門〜わさだ〜三愛M〜富〜すくいき村, すくいき村〜富〜わさだ〜三愛M〜コンパル"
宮河内団地三丁目,大分バス（株）,"県庁正門前〜加納〜猪野〜宮河内ハイランド, 宮河内一〜猪野〜加納〜大分駅前, 大分駅〜加納〜猪野〜宮河内（東高休校）, 大分駅前〜鶴崎〜種具〜宮河内"
小網代,臼津交通（株）,臼関線
櫟木,由布市,"シャトルバス：スクール石城系統, シャトルバス：庁舎〜大学病院, 小挾間・柚の木コース"
檪木,竹田市,大分駅線
稙田市民行政センター,大分バス（株）,"県庁正門前〜わさだタウン〜野津原公民館, 野津原公民館〜わさだタウン〜コンパル, 県庁正門〜下田尻〜わ〜三愛〜田尻南2丁目, 田尻南2丁目〜わ〜三愛〜下田尻〜コンパル, ふじが丘山手〜わ〜三愛〜下田尻〜コンパル, 田尻G西〜ふ〜わ〜三愛〜下田尻〜コンパル, 県庁〜下田尻〜わ〜三愛〜ふ〜田尻南2丁目, 田尻南2丁目〜ふじが丘〜わさだ〜コンパル, 県庁正門〜二豊団地東〜萌葱台〜わさだT, わさだT〜萌葱台〜二豊団地東〜コンパル, 県庁正門〜大道〜わさだT〜三愛MC, わさだT〜三愛MC〜大道〜コンパル入口, 県庁正門〜明磧〜わさだT〜三愛メディカル, わさだT〜三愛メディカル〜明磧〜コンパル, すくいき村〜富〜わさだタウン〜三愛MC, 県庁正門〜わさだ〜三愛M〜富〜すくいき村, すくいき村〜富〜わさだ〜三愛M〜コンパル, わさだ〜松が丘中央〜宗方台〜三愛MC, 二豊団地東〜松が丘〜宗方台〜三愛MC, わさだタウン〜寒田〜ふじが丘〜わ〜三愛, PP大分〜敷戸北〜宮崎台〜わさだT〜三愛, 敷戸北〜宮崎台〜わさだT〜三愛, わさだタウン〜宮崎台〜敷戸北"
光吉公園前,大分バス（株）,"県庁正門〜明磧〜ふじが丘山手, ふじが丘山手〜明磧〜コンパル, 県庁正門〜明磧〜ふじが丘〜田尻GH北, 田尻GH北〜ふじが丘〜明磧〜コンパル, 県庁正門〜明磧〜ふじが丘〜田尻南2丁目, 田尻南2丁目〜ふじが丘〜明磧〜コンパル, 田尻GH北〜ふじが丘〜明磧〜鶴崎支所, ふじが丘山手〜わ〜三愛〜下田尻〜コンパル, 田尻G西〜ふ〜わ〜三愛〜下田尻〜コンパル, 県庁〜下田尻〜わ〜三愛〜ふ〜田尻南2丁目, 田尻南2丁目〜ふじが丘〜わさだ〜コンパル, わさだタウン〜寒田〜ふじが丘〜わ〜三愛, PP大分〜敷戸北〜宮崎台〜わさだT〜三愛, 敷戸北〜宮崎台〜わさだT〜三愛, わさだタウン〜宮崎台〜敷戸北"
公園通り東,大分バス（株）,"大分駅前〜萩原〜公商〜米良BP〜大分駅前, 県庁正門〜米良BP〜情商公〜萩原〜大分駅, 県庁正門〜米良BP〜商〜公園通り東, 公園通り中央〜商〜米良BP〜大分駅前, 大分駅前〜米良BP〜商〜公園通り東, 大分駅前〜萩原〜公園通り東, 公園通り中央〜萩原〜大分駅前"
ジャパンセミコンダクター入口,大分バス（株）,佐伯駅〜パークプレイス下〜大分空港
敷戸東,大分バス（株）,"県庁正門〜元町〜敷戸北, 敷戸北〜元町〜大分駅前, 敷戸北〜元町〜大分駅前〜駅南（金池南）, 県庁正門前〜元町〜敷戸〜大分工業高校, 大分工業高校〜敷戸〜元町〜大分駅前, 敷戸北〜元町〜鶴崎支所, 鶴崎〜元町〜敷戸北, 鶴崎支所〜元町〜敷戸北〜大分工業高校, 大分工業高校〜敷戸北〜元町〜鶴崎, 県庁正門前〜大道〜敷戸北, 敷戸北〜大道〜コンパル入口, 県庁正門〜県病〜敷戸北, 敷戸北〜県病〜コンパル入口, 県庁正門〜大道〜敷戸〜大分工業高校, 大分工業高校〜敷戸北〜大道〜コンパル入口, 県庁正門〜県病〜敷戸北〜大分工業高校, 大分工業高校〜敷戸北〜県病〜コンパル入口, 鶴崎支所〜大道〜敷戸北, 鶴崎〜大道〜敷戸北, 敷戸北〜県病〜鶴崎（裏）, 敷戸北〜県病〜鶴崎, 鶴崎支所〜大道〜敷戸北〜大分工業高校, PP大分〜敷戸北〜宮崎台〜わさだT〜三愛, 敷戸北〜宮崎台〜わさだT〜三愛, わさだタウン〜宮崎台〜敷戸北, 敷戸北〜PP大分"
敷戸駅前,大分バス（株）,"県庁正門前〜元町〜戸次, 戸次〜元町〜大分駅前, 梅が丘〜元町〜大分駅前, 辻〜榎峠〜大道〜コンパル入口, 金池ターミナル〜大道〜榎峠〜臼杵駅, 臼杵駅〜榎峠〜大道〜コンパル入口, 県庁正門〜県病〜戸次, 戸次〜県病〜コンパル, 金池ターミナル〜県病〜榎峠〜臼杵駅, 臼杵駅〜榎峠〜県病〜コンパル入口, 金池タ〜県病〜榎峠〜臼杵駅〜臼杵港, 臼杵港〜臼杵駅〜榎峠〜県病〜コンパル入口, 金池タ〜大道〜榎峠〜臼杵駅〜臼杵港, 臼杵港〜臼杵駅〜榎峠〜大道〜コンパル入口, 県庁正門〜元町〜分大〜高江〜大南団地北, 大南団地北〜高江〜分大〜元町〜大分駅前, ホルト〜県庁〜元町〜分大〜高江〜大南, 県庁正門〜元町〜高江〜大南団地北, 大南団地北〜高江〜元町〜大分駅前, 大南団地北〜高江〜元町〜駅〜駅南（金池南）, 県庁正門〜大道〜分大〜高江〜大南団地北, 大南団地北〜高江〜分大〜大道〜コンパル, 県庁正門〜大道〜高江〜大南団地北, 大南団地北〜高江〜大道〜コンパル, 大分駅前〜大道〜高江〜大南団地北, 県庁正門〜県病〜分大〜大南団地北, 大南団地北〜分大〜県病〜コンパル, PP大分〜敷戸北〜宮崎台〜わさだT〜三愛, わさだタウン〜宮崎台〜敷戸北, 敷戸北〜PP大分"
寒田北町二丁目,大分バス（株）,"県庁正門〜元町〜寒田〜ふじが丘山手, ふじが丘山手〜寒田〜元町〜大分駅前, 大分駅〜元町〜寒田〜ふじが丘山手, 県庁正門前〜元町〜寒田〜田尻G北, 田尻GH北〜寒田〜元町〜大分駅前, 県庁正門〜大道〜寒田〜ふじが丘山手, ふじが丘山手〜寒田〜大道〜コンパル, 県庁正門〜県病〜寒田〜ふじが丘山手, ふじが丘山手〜寒田〜県病〜コンパル, 県庁正門〜大道〜寒田〜ふじが丘〜田尻G北, 田尻G北〜ふじが丘〜寒田〜大道〜コンパル, 県庁正門〜県病〜寒田〜ふじが丘〜田尻G北"
五馬入口,日田バス（株）,"杖立線, 五馬線"
蛇口公民館前,由布市,大津留コース
緑が丘二丁目,大分バス（株）,"県庁正門〜木〜南営業所, 南営業所〜木〜コンパル, 県庁正門〜木〜富〜すくすくいきいき村, すくすくいきいき村〜富〜木〜コンパル, 鶴崎支所〜木〜富〜すくすくいきいき村, すくすく〜富士見〜木〜商業高校, 県庁正門〜松が丘〜南営業所, 南営業所〜松が丘〜コンパル, 県庁正門〜松〜富〜すくすくいきいき村, すくすくいきいき村〜富〜松〜コンパル, すくすくいきいき村〜富〜松〜鶴崎支所, すくすくいきいき村〜富〜松〜オア〜コン, すくすく〜富士見〜松が丘〜商業高校, 県庁正門〜大学病院〜向之原駅〜すくいき村, すくいき村〜向之原駅〜大学病院〜コンパル, すくいき村〜向之原駅〜大学病院〜鶴崎支所, すくいき村〜富〜わさだタウン〜三愛MC, 県庁正門〜わさだ〜三愛M〜富〜すくいき村, すくいき村〜富〜わさだ〜三愛M〜コンパル"
片嶺,大分バス（株）,"県庁正門〜加納〜猪野〜けやき台四, けやき台四〜猪野〜加納〜大分駅前, けやき台〜猪野〜加納〜駅〜駅南（金池南）, JSC前（東芝）〜猪野〜加納〜大分駅前, 菰田〜森町〜皆春団地〜大分駅前, 南高校〜猪野〜加納〜大分駅前, 大分駅〜加納〜猪野〜南高校"
田原入口,大分バス（株）,"県庁正門〜松が丘〜南営業所, 南営業所〜松が丘〜コンパル, 県庁正門〜松が丘〜富士見が丘（GP北）, 富士見（GP北）〜松が丘〜コンパル, ホルト〜県庁〜松が丘〜富士見（GP北）, 県庁正門〜松〜看護大学前, 県庁正門〜松〜富〜すくすくいきいき村, すくすくいきいき村〜富〜松〜コンパル, 鶴崎支所〜松が丘〜富士見（GP北）, すくすくいきいき村〜富〜松〜鶴崎支所, すくすくいきいき村〜富〜松〜オア〜コン, すくすく〜富士見〜松が丘〜商業高校, 向之原駅〜松が丘〜宗方台中央〜コンパル"
横瀬,大分バス（株）,"県庁正門〜木〜南営業所, 南営業所〜木〜コンパル, 県庁正門〜木〜富〜すくすくいきいき村, すくすくいきいき村〜富〜木〜コンパル, 鶴崎支所〜木〜富〜すくすくいきいき村, すくすく〜富士見〜木〜商業高校, 県庁正門〜松が丘〜南営業所, 南営業所〜松が丘〜コンパル, 県庁正門〜松〜富〜すくすくいきいき村, すくすくいきいき村〜富〜松〜コンパル, すくすくいきいき村〜富〜松〜鶴崎支所, すくすくいきいき村〜富〜松〜オア〜コン, すくすく〜富士見〜松が丘〜商業高校, 向之原駅〜松が丘〜宗方台中央〜コンパル, 県庁正門前〜木の上〜向之原駅, 向之原駅〜木の上〜コンパルホール入口, 向之原駅〜国分〜賀来新川〜コンパルホール入口, すくいき村〜富〜わさだタウン〜三愛MC, 県庁正門〜わさだ〜三愛M〜富〜すくいき村, すくいき村〜富〜わさだ〜三愛M〜コンパル"
梅の木,由布市,片野コース
東ノ山,由布市,"酒野コース, 筒口コース"
農民研修センター［湯布院町湯平］,由布市,"スクールバス湯平コース, 湯平コース"
馬場中組,由布市,小袋コース
田尻（大分）,大分バス（株）,"田尻GH北〜田尻NT〜明磧〜コンパル, 県庁正門〜明磧〜田尻南2丁目, 田尻南2丁目〜明磧〜コンパル, 県庁正門〜下田尻〜わ〜三愛〜田尻南2丁目, 田尻南2丁目〜わ〜三愛〜下田尻〜コンパル, 県庁正門〜明磧〜ふじが丘山手, ふじが丘山手〜明磧〜コンパル, 県庁正門〜明磧〜ふじが丘〜田尻GH北, 田尻GH北〜ふじが丘〜明磧〜コンパル, 県庁正門〜明磧〜ふじが丘〜田尻南2丁目, 田尻南2丁目〜ふじが丘〜明磧〜コンパル, 田尻GH北〜ふじが丘〜明磧〜鶴崎支所, ふじが丘山手〜わ〜三愛〜下田尻〜コンパル, 田尻G西〜ふ〜わ〜三愛〜下田尻〜コンパル, 県庁〜下田尻〜わ〜三愛〜ふ〜田尻南2丁目, 田尻南2丁目〜ふじが丘〜わさだ〜コンパル, わさだタウン〜寒田〜ふじが丘〜わ〜三愛, PP大分〜敷戸北〜宮崎台〜わさだT〜三愛, 敷戸北〜宮崎台〜わさだT〜三愛, わさだタウン〜宮崎台〜敷戸北"
鳴沢四差路,由布市,平石コース
長宝団地,由布市,大津留コース
国分入口,大分バス（株）,"県庁正門〜木〜南営業所, 南営業所〜木〜コンパル, 県庁正門〜松が丘〜南営業所, 南営業所〜松が丘〜コンパル, 向之原駅〜松が丘〜宗方台中央〜コンパル, 県庁正門前〜木の上〜向之原駅, 向之原駅〜木の上〜コンパルホール入口, 向之原駅〜国分〜賀来新川〜コンパルホール入口"
光吉新町,大分バス（株）,"県庁正門〜明磧〜ふじが丘山手, ふじが丘山手〜明磧〜コンパル, 県庁正門〜明磧〜ふじが丘〜田尻GH北, 田尻GH北〜ふじが丘〜明磧〜コンパル, 県庁正門〜明磧〜ふじが丘〜田尻南2丁目, 田尻南2丁目〜ふじが丘〜明磧〜コンパル, 田尻GH北〜ふじが丘〜明磧〜鶴崎支所, ふじが丘山手〜わ〜三愛〜下田尻〜コンパル, 田尻G西〜ふ〜わ〜三愛〜下田尻〜コンパル, 県庁〜下田尻〜わ〜三愛〜ふ〜田尻南2丁目, 田尻南2丁目〜ふじが丘〜わさだ〜コンパル, 田尻G北〜ふ〜光吉台中央〜県病〜コンパル, 田尻G西〜ふ〜光吉台中央〜県病〜コンパル, わさだタウン〜寒田〜ふじが丘〜わ〜三愛"
下横瀬,大分バス（株）,"県庁正門〜木〜南営業所, 南営業所〜木〜コンパル, 県庁正門〜松が丘〜南営業所, 南営業所〜松が丘〜コンパル, 向之原駅〜松が丘〜宗方台中央〜コンパル, 県庁正門前〜木の上〜向之原駅, 向之原駅〜木の上〜コンパルホール入口, 向之原駅〜国分〜賀来新川〜コンパルホール入口"
稙田農協前,大分バス（株）,"県庁正門前〜木の上〜野津原公民館, 野津原公民館〜木の上〜コンパル入口, 県庁正門前〜わさだタウン〜野津原公民館, 野津原公民館〜わさだタウン〜コンパル, 県庁正門〜木〜南営業所, 南営業所〜木〜コンパル, 県庁正門〜木〜富士見（GP北）, 富士見（GP北）〜木〜コンパル, ホルト〜県庁正門〜木〜富士見（GP北）, 富士見（GP北）〜看〜木〜コンパル, 県庁正門前〜木〜看護大学前, 県庁正門〜木〜富〜すくすくいきいき村, すくすくいきいき村〜富〜木〜コンパル, 富士見（GP北）〜木〜鶴崎支所, 鶴崎支所〜木〜富〜すくすくいきいき村, すくすく〜富士見〜木〜商業高校, 県庁正門前〜木の上〜向之原駅, 向之原駅〜木の上〜コンパルホール入口, すくいき村〜富〜わさだタウン〜三愛MC, 県庁正門〜わさだ〜三愛M〜富〜すくいき村, すくいき村〜富〜わさだ〜三愛M〜コンパル"
天神山駅,由布市,"スクールバス阿蘇野コース, スクールバス大津留コース, みの草コース, 大津留コース"
寒田北町三丁目,大分バス（株）,"県庁正門〜元町〜寒田〜ふじが丘山手, ふじが丘山手〜寒田〜元町〜大分駅前, 大分駅〜元町〜寒田〜ふじが丘山手, 県庁正門前〜元町〜寒田〜田尻G北, 田尻GH北〜寒田〜元町〜大分駅前, 県庁正門〜大道〜寒田〜ふじが丘山手, ふじが丘山手〜寒田〜大道〜コンパル, 県庁正門〜県病〜寒田〜ふじが丘山手, ふじが丘山手〜寒田〜県病〜コンパル, 県庁正門〜大道〜寒田〜ふじが丘〜田尻G北, 田尻G北〜ふじが丘〜寒田〜大道〜コンパル, 県庁正門〜県病〜寒田〜ふじが丘〜田尻G北"
袋,日田バス（株）,五馬線
敷戸西,大分バス（株）,"県庁正門〜元町〜敷戸北, 敷戸北〜元町〜大分駅前, 敷戸北〜元町〜大分駅前〜駅南（金池南）, 県庁正門前〜元町〜敷戸〜大分工業高校, 大分工業高校〜敷戸〜元町〜大分駅前, 敷戸北〜元町〜鶴崎支所, 鶴崎〜元町〜敷戸北, 鶴崎支所〜元町〜敷戸北〜大分工業高校, 大分工業高校〜敷戸北〜元町〜鶴崎, 県庁正門前〜大道〜敷戸北, 敷戸北〜大道〜コンパル入口, 県庁正門〜県病〜敷戸北, 敷戸北〜県病〜コンパル入口, 県庁正門〜大道〜敷戸〜大分工業高校, 大分工業高校〜敷戸北〜大道〜コンパル入口, 県庁正門〜県病〜敷戸北〜大分工業高校, 大分工業高校〜敷戸北〜県病〜コンパル入口, 鶴崎支所〜大道〜敷戸北, 鶴崎〜大道〜敷戸北, 敷戸北〜県病〜鶴崎（裏）, 敷戸北〜県病〜鶴崎, 鶴崎支所〜大道〜敷戸北〜大分工業高校, PP大分〜敷戸北〜宮崎台〜わさだT〜三愛, 敷戸北〜宮崎台〜わさだT〜三愛, わさだタウン〜宮崎台〜敷戸北, 敷戸北〜PP大分"
阿鉢公民館,由布市,片野コース
長浜,臼津交通（株）,臼関線
敷戸中央,大分バス（株）,"県庁正門〜元町〜敷戸北, 敷戸北〜元町〜大分駅前, 敷戸北〜元町〜大分駅前〜駅南（金池南）, 県庁正門前〜元町〜敷戸〜大分工業高校, 大分工業高校〜敷戸〜元町〜大分駅前, 敷戸北〜元町〜鶴崎支所, 鶴崎〜元町〜敷戸北, 鶴崎支所〜元町〜敷戸北〜大分工業高校, 大分工業高校〜敷戸北〜元町〜鶴崎, 県庁正門前〜大道〜敷戸北, 敷戸北〜大道〜コンパル入口, 県庁正門〜県病〜敷戸北, 敷戸北〜県病〜コンパル入口, 県庁正門〜大道〜敷戸〜大分工業高校, 大分工業高校〜敷戸北〜大道〜コンパル入口, 県庁正門〜県病〜敷戸北〜大分工業高校, 大分工業高校〜敷戸北〜県病〜コンパル入口, 鶴崎支所〜大道〜敷戸北, 鶴崎〜大道〜敷戸北, 敷戸北〜県病〜鶴崎（裏）, 敷戸北〜県病〜鶴崎, 鶴崎支所〜大道〜敷戸北〜大分工業高校, PP大分〜敷戸北〜宮崎台〜わさだT〜三愛, 敷戸北〜宮崎台〜わさだT〜三愛, わさだタウン〜宮崎台〜敷戸北, 敷戸北〜PP大分"
川底温泉,大分交通（株）,栃木宮の原
三愛メディカルセンター,大分バス（株）,"県庁正門前〜わさだタウン〜野津原公民館, 野津原公民館〜わさだタウン〜コンパル, 県庁正門〜下田尻〜わ〜三愛〜田尻南2丁目, 田尻南2丁目〜わ〜三愛〜下田尻〜コンパル, ふじが丘山手〜わ〜三愛〜下田尻〜コンパル, 田尻G西〜ふ〜わ〜三愛〜下田尻〜コンパル, 県庁〜下田尻〜わ〜三愛〜ふ〜田尻南2丁目, 田尻南2丁目〜ふじが丘〜わさだ〜コンパル, 県庁正門〜二豊団地東〜萌葱台〜わさだT, わさだT〜萌葱台〜二豊団地東〜コンパル, 県庁正門〜大道〜わさだT〜三愛MC, わさだT〜三愛MC〜大道〜コンパル入口, 県庁正門〜明磧〜わさだT〜三愛メディカル, わさだT〜三愛メディカル〜明磧〜コンパル, すくいき村〜富〜わさだタウン〜三愛MC, 県庁正門〜わさだ〜三愛M〜富〜すくいき村, すくいき村〜富〜わさだ〜三愛M〜コンパル, わさだ〜松が丘中央〜宗方台〜三愛MC, 二豊団地東〜松が丘〜宗方台〜三愛MC, わさだタウン〜寒田〜ふじが丘〜わ〜三愛, PP大分〜敷戸北〜宮崎台〜わさだT〜三愛, 敷戸北〜宮崎台〜わさだT〜三愛, わさだタウン〜宮崎台〜敷戸北"
小袋,由布市,小袋コース
星南大橋,由布市,みの草コース
覚勝寺前,由布市,みの草コース
みどり団地前,由布市,"みの草コース, 小袋コース, 小挾間・柚の木コース, 上切畑コース, 大津留コース, 長野コース, 平石コース"
天神山,由布市,"スクールバス阿蘇野コース, スクールバス大津留コース, みの草コース, 大津留コース"
真願寺前,由布市,小袋コース
谷馬籠,由布市,筒口コース
花の里前,由布市,みの草コース
敷戸南,大分バス（株）,"県庁正門〜元町〜敷戸北, 敷戸北〜元町〜大分駅前, 敷戸北〜元町〜大分駅前〜駅南（金池南）, 県庁正門前〜元町〜敷戸〜大分工業高校, 大分工業高校〜敷戸〜元町〜大分駅前, 敷戸北〜元町〜鶴崎支所, 鶴崎〜元町〜敷戸北, 鶴崎支所〜元町〜敷戸北〜大分工業高校, 大分工業高校〜敷戸北〜元町〜鶴崎, 県庁正門前〜大道〜敷戸北, 敷戸北〜大道〜コンパル入口, 県庁正門〜県病〜敷戸北, 敷戸北〜県病〜コンパル入口, 県庁正門〜大道〜敷戸〜大分工業高校, 大分工業高校〜敷戸北〜大道〜コンパル入口, 県庁正門〜県病〜敷戸北〜大分工業高校, 大分工業高校〜敷戸北〜県病〜コンパル入口, 鶴崎支所〜大道〜敷戸北, 鶴崎〜大道〜敷戸北, 敷戸北〜県病〜鶴崎（裏）, 敷戸北〜県病〜鶴崎, 鶴崎支所〜大道〜敷戸北〜大分工業高校, PP大分〜敷戸北〜宮崎台〜わさだT〜三愛, 敷戸北〜宮崎台〜わさだT〜三愛, わさだタウン〜宮崎台〜敷戸北, 敷戸北〜PP大分"
ひぜんや前,日田バス（株）,杖立線
亀甲橋,由布市,"スクールバス阿蘇野コース, スクールバス大津留コース, 小袋コース, 小挾間・柚の木コース, 上切畑コース, 長野コース, 平石コース"
緑が丘三丁目,大分バス（株）,"県庁正門〜木〜南営業所, 南営業所〜木〜コンパル, 県庁正門〜木〜富〜すくすくいきいき村, すくすくいきいき村〜富〜木〜コンパル, 鶴崎支所〜木〜富〜すくすくいきいき村, すくすく〜富士見〜木〜商業高校, 県庁正門〜松が丘〜南営業所, 南営業所〜松が丘〜コンパル, 県庁正門〜松〜富〜すくすくいきいき村, すくすくいきいき村〜富〜松〜コンパル, すくすくいきいき村〜富〜松〜鶴崎支所, すくすくいきいき村〜富〜松〜オア〜コン, すくすく〜富士見〜松が丘〜商業高校, 県庁正門〜大学病院〜向之原駅〜すくいき村, すくいき村〜向之原駅〜大学病院〜コンパル, すくいき村〜向之原駅〜大学病院〜鶴崎支所, すくいき村〜富〜わさだタウン〜三愛MC, 県庁正門〜わさだ〜三愛M〜富〜すくいき村, すくいき村〜富〜わさだ〜三愛M〜コンパル"
小原団地入口,大分バス（株）,わさだタウン〜寒田〜ふじが丘〜わ〜三愛
旧庄内公民館,由布市,"スクールバス阿蘇野コース, スクールバス大津留コース, みの草コース, 大津留コース"
下武宮,由布市,"シャトルバス：温泉館〜庄内庁舎, みの草コース"
サンリブわさだ前,大分バス（株）,"県庁正門前〜わさだタウン〜野津原公民館, 野津原公民館〜わさだタウン〜コンパル, 県庁正門〜二豊団地東〜萌葱台〜わさだT, わさだT〜萌葱台〜二豊団地東〜コンパル, すくいき村〜富〜わさだタウン〜三愛MC, 県庁正門〜わさだ〜三愛M〜富〜すくいき村, すくいき村〜富〜わさだ〜三愛M〜コンパル, わさだ〜松が丘中央〜宗方台〜三愛MC"
下五福,由布市,"シャトルバス：スクール石城系統, シャトルバス：庁舎〜大学病院, 小挾間・柚の木コース"
下五福,竹田市,大分駅線
中天神山,由布市,"スクールバス阿蘇野コース, スクールバス大津留コース, みの草コース, 大津留コース"
串野,大分交通（株）,栃木宮の原
富士見が丘入口,大分バス（株）,"県庁正門〜木〜富士見（GP北）, 富士見（GP北）〜木〜コンパル, ホルト〜県庁正門〜木〜富士見（GP北）, 富士見（GP北）〜看〜木〜コンパル, 県庁正門前〜木〜看護大学前, 県庁正門〜木〜富〜すくすくいきいき村, すくすくいきいき村〜富〜木〜コンパル, 富士見（GP北）〜木〜鶴崎支所, 鶴崎支所〜木〜富〜すくすくいきいき村, すくすく〜富士見〜木〜商業高校, 県庁正門〜松が丘〜富士見が丘（GP北）, 富士見（GP北）〜松が丘〜コンパル, ホルト〜県庁〜松が丘〜富士見（GP北）, 県庁正門〜松〜看護大学前, 県庁正門〜松〜富〜すくすくいきいき村, すくすくいきいき村〜富〜松〜コンパル, 鶴崎支所〜松が丘〜富士見（GP北）, すくすくいきいき村〜富〜松〜鶴崎支所, すくすくいきいき村〜富〜松〜オア〜コン, すくすく〜富士見〜松が丘〜商業高校, 県庁〜大学病院〜野田入口〜国新〜富士見, 富士見〜国新〜野田入口〜大学病院〜コン, すくいき村〜富〜わさだタウン〜三愛MC, 県庁正門〜わさだ〜三愛M〜富〜すくいき村, すくいき村〜富〜わさだ〜三愛M〜コンパル"
小野屋駅裏,由布市,"スクールバス大津留コース, 小挾間・柚の木コース"
田原（大分）,大分バス（株）,"県庁正門〜木〜南営業所, 南営業所〜木〜コンパル, 県庁正門〜木〜富士見（GP北）, 富士見（GP北）〜木〜コンパル, ホルト〜県庁正門〜木〜富士見（GP北）, 富士見（GP北）〜看〜木〜コンパル, 県庁正門前〜木〜看護大学前, 県庁正門〜木〜富〜すくすくいきいき村, すくすくいきいき村〜富〜木〜コンパル, 富士見（GP北）〜木〜鶴崎支所, 鶴崎支所〜木〜富〜すくすくいきいき村, すくすく〜富士見〜木〜商業高校, 県庁正門前〜木の上〜向之原駅, 向之原駅〜木の上〜コンパルホール入口, すくいき村〜富〜わさだタウン〜三愛MC, 県庁正門〜わさだ〜三愛M〜富〜すくいき村, すくいき村〜富〜わさだ〜三愛M〜コンパル"
高津,由布市,大津留コース
小倉野,由布市,片野コース
橋爪公民館前,由布市,みの草コース
大分三愛メディカルセンター,竹田市,大分駅線
木の上,大分バス（株）,"県庁正門前〜木の上〜野津原公民館, 野津原公民館〜木の上〜コンパル入口, 県庁正門前〜わさだタウン〜野津原公民館, 野津原公民館〜わさだタウン〜コンパル, 県庁正門〜木〜南営業所, 南営業所〜木〜コンパル, 県庁正門〜木〜富士見（GP北）, 富士見（GP北）〜木〜コンパル, ホルト〜県庁正門〜木〜富士見（GP北）, 富士見（GP北）〜看〜木〜コンパル, 県庁正門前〜木〜看護大学前, 県庁正門〜木〜富〜すくすくいきいき村, すくすくいきいき村〜富〜木〜コンパル, 富士見（GP北）〜木〜鶴崎支所, 鶴崎支所〜木〜富〜すくすくいきいき村, すくすく〜富士見〜木〜商業高校, 県庁正門前〜木の上〜向之原駅, 向之原駅〜木の上〜コンパルホール入口, すくいき村〜富〜わさだタウン〜三愛MC, 県庁正門〜わさだ〜三愛M〜富〜すくいき村, すくいき村〜富〜わさだ〜三愛M〜コンパル"
敷戸,大分バス（株）,"県庁正門前〜元町〜戸次, 戸次〜元町〜大分駅前, 梅が丘〜元町〜大分駅前, 辻〜榎峠〜大道〜コンパル入口, 金池ターミナル〜大道〜榎峠〜臼杵駅, 臼杵駅〜榎峠〜大道〜コンパル入口, 県庁正門〜県病〜戸次, 戸次〜県病〜コンパル, 金池ターミナル〜県病〜榎峠〜臼杵駅, 臼杵駅〜榎峠〜県病〜コンパル入口, 金池タ〜県病〜榎峠〜臼杵駅〜臼杵港, 臼杵港〜臼杵駅〜榎峠〜県病〜コンパル入口, 金池タ〜大道〜榎峠〜臼杵駅〜臼杵港, 臼杵港〜臼杵駅〜榎峠〜大道〜コンパル入口, 県庁正門〜元町〜分大〜高江〜大南団地北, 大南団地北〜高江〜分大〜元町〜大分駅前, ホルト〜県庁〜元町〜分大〜高江〜大南, 県庁正門〜元町〜高江〜大南団地北, 大南団地北〜高江〜元町〜大分駅前, 大南団地北〜高江〜元町〜駅〜駅南（金池南）, 県庁正門〜大道〜分大〜高江〜大南団地北, 大南団地北〜高江〜分大〜大道〜コンパル, 県庁正門〜大道〜高江〜大南団地北, 大南団地北〜高江〜大道〜コンパル, 大分駅前〜大道〜高江〜大南団地北, 県庁正門〜県病〜分大〜大南団地北, 大南団地北〜分大〜県病〜コンパル, PP大分〜敷戸北〜宮崎台〜わさだT〜三愛, わさだタウン〜宮崎台〜敷戸北, 敷戸北〜PP大分"
横瀬小学校入口,大分バス（株）,"県庁正門〜木〜富〜すくすくいきいき村, すくすくいきいき村〜富〜木〜コンパル, 鶴崎支所〜木〜富〜すくすくいきいき村, すくすく〜富士見〜木〜商業高校, 県庁正門〜松〜富〜すくすくいきいき村, すくすくいきいき村〜富〜松〜コンパル, すくすくいきいき村〜富〜松〜鶴崎支所, すくすくいきいき村〜富〜松〜オア〜コン, すくすく〜富士見〜松が丘〜商業高校, すくいき村〜富〜わさだタウン〜三愛MC, 県庁正門〜わさだ〜三愛M〜富〜すくいき村, すくいき村〜富〜わさだ〜三愛M〜コンパル"
阿鉢一木,由布市,片野コース
ジャパンセミコンダクター前,大分バス（株）,JSC前（東芝）〜猪野〜加納〜大分駅前
ふじが丘入口,大分バス（株）,"県庁正門〜明磧〜ふじが丘山手, ふじが丘山手〜明磧〜コンパル, 県庁正門〜明磧〜ふじが丘〜田尻GH北, 田尻GH北〜ふじが丘〜明磧〜コンパル, 県庁正門〜明磧〜ふじが丘〜田尻南2丁目, 田尻南2丁目〜ふじが丘〜明磧〜コンパル, 田尻GH北〜ふじが丘〜明磧〜鶴崎支所, ふじが丘山手〜わ〜三愛〜下田尻〜コンパル, 田尻G西〜ふ〜わ〜三愛〜下田尻〜コンパル, 県庁〜下田尻〜わ〜三愛〜ふ〜田尻南2丁目, 田尻南2丁目〜ふじが丘〜わさだ〜コンパル, 田尻G北〜ふ〜光吉台中央〜県病〜コンパル, 田尻G西〜ふ〜光吉台中央〜県病〜コンパル, わさだタウン〜寒田〜ふじが丘〜わ〜三愛"
庄内中学校,由布市,"スクールバス阿蘇野コース, スクールバス大津留コース"
深谷踏切上,由布市,平石コース
深谷公民館前,由布市,"みの草コース, 長野コース"
緑が丘大通り,大分バス（株）,"県庁正門〜木〜南営業所, 南営業所〜木〜コンパル, 県庁正門〜木〜富〜すくすくいきいき村, すくすくいきいき村〜富〜木〜コンパル, 鶴崎支所〜木〜富〜すくすくいきいき村, すくすく〜富士見〜木〜商業高校, 県庁正門〜松が丘〜南営業所, 南営業所〜松が丘〜コンパル, 県庁正門〜松〜富〜すくすくいきいき村, すくすくいきいき村〜富〜松〜コンパル, すくすくいきいき村〜富〜松〜鶴崎支所, すくすくいきいき村〜富〜松〜オア〜コン, すくすく〜富士見〜松が丘〜商業高校, 県庁正門〜大学病院〜向之原駅〜すくいき村, すくいき村〜向之原駅〜大学病院〜コンパル, すくいき村〜向之原駅〜大学病院〜鶴崎支所, すくいき村〜富〜わさだタウン〜三愛MC, 県庁正門〜わさだ〜三愛M〜富〜すくいき村, すくいき村〜富〜わさだ〜三愛M〜コンパル"
小野屋駅,由布市,"小挾間・柚の木コース, 大津留コース, 長野コース, 平石コース"
五福上住宅前,由布市,大津留コース
中恵,由布市,"酒野コース, 筒口コース"
上小原団地,由布市,みの草コース
庄内駅前,由布市,"みの草コース, 小袋コース, 上切畑コース, 長野コース, 平石コース"
緑が丘四丁目,大分バス（株）,"県庁正門〜木〜南営業所, 南営業所〜木〜コンパル, 県庁正門〜木〜富〜すくすくいきいき村, すくすくいきいき村〜富〜木〜コンパル, 鶴崎支所〜木〜富〜すくすくいきいき村, すくすく〜富士見〜木〜商業高校, 県庁正門〜松が丘〜南営業所, 南営業所〜松が丘〜コンパル, 県庁正門〜松〜富〜すくすくいきいき村, すくすくいきいき村〜富〜松〜コンパル, すくすくいきいき村〜富〜松〜鶴崎支所, すくすくいきいき村〜富〜松〜オア〜コン, すくすく〜富士見〜松が丘〜商業高校, 県庁正門〜大学病院〜向之原駅〜すくいき村, すくいき村〜向之原駅〜大学病院〜コンパル, すくいき村〜向之原駅〜大学病院〜鶴崎支所, すくいき村〜富〜わさだタウン〜三愛MC, 県庁正門〜わさだ〜三愛M〜富〜すくいき村, すくいき村〜富〜わさだ〜三愛M〜コンパル"
小野屋駅前,由布市,"スクールバス阿蘇野コース, スクールバス大津留コース, みの草コース, 阿蘇野コース, 小袋コース, 上切畑コース, 大津留コース, 長野コース, 平石コース"
小野屋駅前,竹田市,大分駅線
稙田小学校前,大分バス（株）,"県庁正門〜木〜南営業所, 南営業所〜木〜コンパル, 県庁正門〜木〜富士見（GP北）, 富士見（GP北）〜木〜コンパル, ホルト〜県庁正門〜木〜富士見（GP北）, 富士見（GP北）〜看〜木〜コンパル, 県庁正門前〜木〜看護大学前, 県庁正門〜木〜富〜すくすくいきいき村, すくすくいきいき村〜富〜木〜コンパル, 富士見（GP北）〜木〜鶴崎支所, 鶴崎支所〜木〜富〜すくすくいきいき村, すくすく〜富士見〜木〜商業高校, 県庁正門前〜木の上〜向之原駅, 向之原駅〜木の上〜コンパルホール入口, すくいき村〜富〜わさだタウン〜三愛MC, 県庁正門〜わさだ〜三愛M〜富〜すくいき村, すくいき村〜富〜わさだ〜三愛M〜コンパル"
寒田南町一丁目,大分バス（株）,"県庁正門〜元町〜寒田〜ふじが丘山手, ふじが丘山手〜寒田〜元町〜大分駅前, 大分駅〜元町〜寒田〜ふじが丘山手, 県庁正門前〜元町〜寒田〜田尻G北, 田尻GH北〜寒田〜元町〜大分駅前, 県庁正門〜大道〜寒田〜ふじが丘山手, ふじが丘山手〜寒田〜大道〜コンパル, 県庁正門〜県病〜寒田〜ふじが丘山手, ふじが丘山手〜寒田〜県病〜コンパル, 県庁正門〜大道〜寒田〜ふじが丘〜田尻G北, 田尻G北〜ふじが丘〜寒田〜大道〜コンパル, 県庁正門〜県病〜寒田〜ふじが丘〜田尻G北, わさだタウン〜寒田〜ふじが丘〜わ〜三愛"
小野屋,由布市,"小袋コース, 上切畑コース, 長野コース, 平石コース"
小野屋,竹田市,大分駅線
ストア前,大分バス（株）,"県庁正門〜木〜南営業所, 南営業所〜木〜コンパル, 県庁正門〜木〜富〜すくすくいきいき村, すくすくいきいき村〜富〜木〜コンパル, 鶴崎支所〜木〜富〜すくすくいきいき村, すくすく〜富士見〜木〜商業高校, 県庁正門〜松が丘〜南営業所, 南営業所〜松が丘〜コンパル, 県庁正門〜松〜富〜すくすくいきいき村, すくすくいきいき村〜富〜松〜コンパル, すくすくいきいき村〜富〜松〜鶴崎支所, すくすくいきいき村〜富〜松〜オア〜コン, すくすく〜富士見〜松が丘〜商業高校, 県庁正門〜大学病院〜向之原駅〜すくいき村, すくいき村〜向之原駅〜大学病院〜コンパル, すくいき村〜向之原駅〜大学病院〜鶴崎支所, すくいき村〜富〜わさだタウン〜三愛MC, 県庁正門〜わさだ〜三愛M〜富〜すくいき村, すくいき村〜富〜わさだ〜三愛M〜コンパル"
串野温泉前,大分交通（株）,栃木宮の原
谷中村泉,由布市,筒口コース
馬籠,由布市,筒口コース
西庄内小前,由布市,"みの草コース, 長野コース"
おざきクリニック,由布市,"みの草コース, 小袋コース, 小挾間・柚の木コース, 上切畑コース, 大津留コース, 長野コース, 平石コース"
松岡,大分バス（株）,"県庁正門〜加納〜猪野〜けやき台四, けやき台四〜猪野〜加納〜大分駅前, けやき台〜猪野〜加納〜駅〜駅南（金池南）, JSC前（東芝）〜猪野〜加納〜大分駅前, 菰田〜森町〜皆春団地〜大分駅前, 南高校〜猪野〜加納〜大分駅前, 大分駅〜加納〜猪野〜南高校"
谷中村,由布市,片野コース
下柿木,由布市,小袋コース
茶屋場,由布市,"スクールバス阿蘇野コース, スクールバス大津留コース, みの草コース"
五福,由布市,"シャトルバス：スクール石城系統, シャトルバス：庁舎〜大学病院, 小挾間・柚の木コース, 平石コース"
五福,竹田市,大分駅線
下松岡,大分バス（株）,JSC前（東芝）〜猪野〜加納〜大分駅前
新竜橋,竹田市,大分駅線
ふじが丘北,大分バス（株）,"県庁正門〜明磧〜ふじが丘山手, ふじが丘山手〜明磧〜コンパル, 県庁正門〜明磧〜ふじが丘〜田尻GH北, 田尻GH北〜ふじが丘〜明磧〜コンパル, 県庁正門〜明磧〜ふじが丘〜田尻南2丁目, 田尻南2丁目〜ふじが丘〜明磧〜コンパル, 田尻GH北〜ふじが丘〜明磧〜鶴崎支所, ふじが丘山手〜わ〜三愛〜下田尻〜コンパル, 田尻G西〜ふ〜わ〜三愛〜下田尻〜コンパル, 県庁〜下田尻〜わ〜三愛〜ふ〜田尻南2丁目, 田尻南2丁目〜ふじが丘〜わさだ〜コンパル, 田尻G北〜ふ〜光吉台中央〜県病〜コンパル, 田尻G西〜ふ〜光吉台中央〜県病〜コンパル, わさだタウン〜寒田〜ふじが丘〜わ〜三愛"
ほのぼの温泉,由布市,"みの草コース, 阿蘇野コース, 小袋コース, 小挾間・柚の木コース, 上切畑コース, 大津留コース, 長野コース, 平石コース"
山田,由布市,筒口コース
ほのぼの温泉前,由布市,シャトルバス：温泉館〜庄内庁舎
谷郵便局前,由布市,筒口コース
富士見が丘東,大分バス（株）,"県庁正門〜木〜富士見（GP北）, 富士見（GP北）〜木〜コンパル, ホルト〜県庁正門〜木〜富士見（GP北）, 富士見（GP北）〜看〜木〜コンパル, 県庁正門前〜木〜看護大学前, 県庁正門〜木〜富〜すくすくいきいき村, すくすくいきいき村〜富〜木〜コンパル, 富士見（GP北）〜木〜鶴崎支所, 鶴崎支所〜木〜富〜すくすくいきいき村, すくすく〜富士見〜木〜商業高校, 県庁正門〜松が丘〜富士見が丘（GP北）, 富士見（GP北）〜松が丘〜コンパル, ホルト〜県庁〜松が丘〜富士見（GP北）, 県庁正門〜松〜看護大学前, 県庁正門〜松〜富〜すくすくいきいき村, すくすくいきいき村〜富〜松〜コンパル, 鶴崎支所〜松が丘〜富士見（GP北）, すくすくいきいき村〜富〜松〜鶴崎支所, すくすくいきいき村〜富〜松〜オア〜コン, すくすく〜富士見〜松が丘〜商業高校, 県庁〜大学病院〜野田入口〜国新〜富士見, 富士見〜国新〜野田入口〜大学病院〜コン, すくいき村〜富〜わさだタウン〜三愛MC, 県庁正門〜わさだ〜三愛M〜富〜すくいき村, すくいき村〜富〜わさだ〜三愛M〜コンパル"
上田尻,大分バス（株）,"田尻GH北〜田尻NT〜明磧〜コンパル, 県庁正門〜明磧〜田尻南2丁目, 田尻南2丁目〜明磧〜コンパル, 県庁正門〜下田尻〜わ〜三愛〜田尻南2丁目, 田尻南2丁目〜わ〜三愛〜下田尻〜コンパル"
由布高校入口,由布市,"シャトルバス：スクール石城系統, シャトルバス：庁舎〜大学病院, 小袋コース, 小挾間・柚の木コース, 上切畑コース, 長野コース, 平石コース"
川久保,大分バス（株）,"県庁正門前〜元町〜戸次, 戸次〜元町〜大分駅前, 梅が丘〜元町〜大分駅前, 辻〜榎峠〜大道〜コンパル入口, 金池ターミナル〜大道〜榎峠〜臼杵駅, 臼杵駅〜榎峠〜大道〜コンパル入口, 県庁正門〜県病〜戸次, 戸次〜県病〜コンパル, 金池ターミナル〜県病〜榎峠〜臼杵駅, 臼杵駅〜榎峠〜県病〜コンパル入口, 金池タ〜県病〜榎峠〜臼杵駅〜臼杵港, 臼杵港〜臼杵駅〜榎峠〜県病〜コンパル入口, 金池タ〜大道〜榎峠〜臼杵駅〜臼杵港, 臼杵港〜臼杵駅〜榎峠〜大道〜コンパル入口, 県庁正門〜元町〜分大〜高江〜大南団地北, 大南団地北〜高江〜分大〜元町〜大分駅前, ホルト〜県庁〜元町〜分大〜高江〜大南, 県庁正門〜元町〜高江〜大南団地北, 大南団地北〜高江〜元町〜大分駅前, 大南団地北〜高江〜元町〜駅〜駅南（金池南）, 県庁正門〜大道〜分大〜高江〜大南団地北, 大南団地北〜高江〜分大〜大道〜コンパル, 県庁正門〜大道〜高江〜大南団地北, 大南団地北〜高江〜大道〜コンパル, 大分駅前〜大道〜高江〜大南団地北, 県庁正門〜県病〜分大〜大南団地北, 大南団地北〜分大〜県病〜コンパル, PP大分〜敷戸北〜宮崎台〜わさだT〜三愛, わさだタウン〜宮崎台〜敷戸北, 敷戸北〜PP大分"
中畑屋敷,由布市,小袋コース
グリーンプラザ北,大分バス（株）,"県庁正門〜木〜富士見（GP北）, 富士見（GP北）〜木〜コンパル, ホルト〜県庁正門〜木〜富士見（GP北）, 富士見（GP北）〜看〜木〜コンパル, 県庁正門〜木〜富〜すくすくいきいき村, すくすくいきいき村〜富〜木〜コンパル, 富士見（GP北）〜木〜鶴崎支所, 鶴崎支所〜木〜富〜すくすくいきいき村, すくすく〜富士見〜木〜商業高校, 県庁正門〜松が丘〜富士見が丘（GP北）, 富士見（GP北）〜松が丘〜コンパル, ホルト〜県庁〜松が丘〜富士見（GP北）, 県庁正門〜松〜富〜すくすくいきいき村, すくすくいきいき村〜富〜松〜コンパル, 鶴崎支所〜松が丘〜富士見（GP北）, すくすくいきいき村〜富〜松〜鶴崎支所, すくすくいきいき村〜富〜松〜オア〜コン, すくすく〜富士見〜松が丘〜商業高校, 県庁〜大学病院〜野田入口〜国新〜富士見, 富士見〜国新〜野田入口〜大学病院〜コン, すくいき村〜富〜わさだタウン〜三愛MC, 県庁正門〜わさだ〜三愛M〜富〜すくいき村, すくいき村〜富〜わさだ〜三愛M〜コンパル"
松岡小学校前,大分バス（株）,"県庁正門〜加納〜猪野〜けやき台四, けやき台四〜猪野〜加納〜大分駅前, けやき台〜猪野〜加納〜駅〜駅南（金池南）, JSC前（東芝）〜猪野〜加納〜大分駅前, 菰田〜森町〜皆春団地〜大分駅前, 南高校〜猪野〜加納〜大分駅前, 大分駅〜加納〜猪野〜南高校"
庄内診療所前,由布市,"スクールバス阿蘇野コース, スクールバス大津留コース, みの草コース, 小袋コース, 小挾間・柚の木コース, 上切畑コース, 大津留コース, 長野コース, 平石コース"
富士見が丘中央通り,大分バス（株）,"県庁正門〜木〜富士見（GP北）, 富士見（GP北）〜木〜コンパル, ホルト〜県庁正門〜木〜富士見（GP北）, 富士見（GP北）〜看〜木〜コンパル, 県庁正門前〜木〜看護大学前, 県庁正門〜木〜富〜すくすくいきいき村, すくすくいきいき村〜富〜木〜コンパル, 富士見（GP北）〜木〜鶴崎支所, 鶴崎支所〜木〜富〜すくすくいきいき村, すくすく〜富士見〜木〜商業高校, 県庁正門〜松が丘〜富士見が丘（GP北）, 富士見（GP北）〜松が丘〜コンパル, ホルト〜県庁〜松が丘〜富士見（GP北）, 県庁正門〜松〜看護大学前, 県庁正門〜松〜富〜すくすくいきいき村, すくすくいきいき村〜富〜松〜コンパル, 鶴崎支所〜松が丘〜富士見（GP北）, すくすくいきいき村〜富〜松〜鶴崎支所, すくすくいきいき村〜富〜松〜オア〜コン, すくすく〜富士見〜松が丘〜商業高校, 県庁〜大学病院〜野田入口〜国新〜富士見, 富士見〜国新〜野田入口〜大学病院〜コン, すくいき村〜富〜わさだタウン〜三愛MC, 県庁正門〜わさだ〜三愛M〜富〜すくいき村, すくいき村〜富〜わさだ〜三愛M〜コンパル"
田尻GH東,大分バス（株）,"田尻GH北〜田尻NT〜明磧〜コンパル, 県庁正門〜明磧〜田尻南2丁目, 田尻南2丁目〜明磧〜コンパル, 県庁正門〜下田尻〜わ〜三愛〜田尻南2丁目, 田尻南2丁目〜わ〜三愛〜下田尻〜コンパル, 県庁正門〜明磧〜ふじが丘〜田尻GH北, 田尻GH北〜ふじが丘〜明磧〜コンパル, 県庁正門〜明磧〜ふじが丘〜田尻南2丁目, 田尻南2丁目〜ふじが丘〜明磧〜コンパル, 田尻GH北〜ふじが丘〜明磧〜鶴崎支所, 田尻G西〜ふ〜わ〜三愛〜下田尻〜コンパル, 県庁〜下田尻〜わ〜三愛〜ふ〜田尻南2丁目, 田尻南2丁目〜ふじが丘〜わさだ〜コンパル, 田尻G北〜ふ〜光吉台中央〜県病〜コンパル, 田尻G西〜ふ〜光吉台中央〜県病〜コンパル, 県庁正門前〜元町〜寒田〜田尻G北, 田尻GH北〜寒田〜元町〜大分駅前, 県庁正門〜大道〜寒田〜ふじが丘〜田尻G北, 田尻G北〜ふじが丘〜寒田〜大道〜コンパル, 県庁正門〜県病〜寒田〜ふじが丘〜田尻G北"
甲斐田三差路,由布市,長野コース
山本,由布市,小袋コース
田尻GH北,大分バス（株）,"田尻GH北〜田尻NT〜明磧〜コンパル, 県庁正門〜明磧〜ふじが丘〜田尻GH北, 田尻GH北〜ふじが丘〜明磧〜コンパル, 田尻GH北〜ふじが丘〜明磧〜鶴崎支所, 田尻G北〜ふ〜光吉台中央〜県病〜コンパル, 県庁正門前〜元町〜寒田〜田尻G北, 田尻GH北〜寒田〜元町〜大分駅前, 県庁正門〜大道〜寒田〜ふじが丘〜田尻G北, 田尻G北〜ふじが丘〜寒田〜大道〜コンパル, 県庁正門〜県病〜寒田〜ふじが丘〜田尻G北"
緑が丘五丁目,大分バス（株）,"県庁正門〜木〜南営業所, 南営業所〜木〜コンパル, 県庁正門〜木〜富〜すくすくいきいき村, すくすくいきいき村〜富〜木〜コンパル, 鶴崎支所〜木〜富〜すくすくいきいき村, すくすく〜富士見〜木〜商業高校, 県庁正門〜松が丘〜南営業所, 南営業所〜松が丘〜コンパル, 県庁正門〜松〜富〜すくすくいきいき村, すくすくいきいき村〜富〜松〜コンパル, すくすくいきいき村〜富〜松〜鶴崎支所, すくすくいきいき村〜富〜松〜オア〜コン, すくすく〜富士見〜松が丘〜商業高校, 県庁正門〜大学病院〜向之原駅〜すくいき村, すくいき村〜向之原駅〜大学病院〜コンパル, すくいき村〜向之原駅〜大学病院〜鶴崎支所, すくいき村〜富〜わさだタウン〜三愛MC, 県庁正門〜わさだ〜三愛M〜富〜すくいき村, すくいき村〜富〜わさだ〜三愛M〜コンパル"
寒田南町二丁目,大分バス（株）,"県庁正門〜元町〜寒田〜ふじが丘山手, ふじが丘山手〜寒田〜元町〜大分駅前, 大分駅〜元町〜寒田〜ふじが丘山手, 県庁正門前〜元町〜寒田〜田尻G北, 田尻GH北〜寒田〜元町〜大分駅前, 県庁正門〜大道〜寒田〜ふじが丘山手, ふじが丘山手〜寒田〜大道〜コンパル, 県庁正門〜県病〜寒田〜ふじが丘山手, ふじが丘山手〜寒田〜県病〜コンパル, 県庁正門〜大道〜寒田〜ふじが丘〜田尻G北, 田尻G北〜ふじが丘〜寒田〜大道〜コンパル, 県庁正門〜県病〜寒田〜ふじが丘〜田尻G北, わさだタウン〜寒田〜ふじが丘〜わ〜三愛"
大柳,大分バス（株）,"県庁正門前〜木の上〜野津原公民館, 野津原公民館〜木の上〜コンパル入口, 県庁正門前〜わさだタウン〜野津原公民館, 野津原公民館〜わさだタウン〜コンパル"
富士見が丘センター前,大分バス（株）,"県庁正門〜木〜富士見（GP北）, 富士見（GP北）〜木〜コンパル, ホルト〜県庁正門〜木〜富士見（GP北）, 富士見（GP北）〜看〜木〜コンパル, 県庁正門前〜木〜看護大学前, 県庁正門〜木〜富〜すくすくいきいき村, すくすくいきいき村〜富〜木〜コンパル, 富士見（GP北）〜木〜鶴崎支所, 鶴崎支所〜木〜富〜すくすくいきいき村, すくすく〜富士見〜木〜商業高校, 県庁正門〜松が丘〜富士見が丘（GP北）, 富士見（GP北）〜松が丘〜コンパル, ホルト〜県庁〜松が丘〜富士見（GP北）, 県庁正門〜松〜看護大学前, 県庁正門〜松〜富〜すくすくいきいき村, すくすくいきいき村〜富〜松〜コンパル, 鶴崎支所〜松が丘〜富士見（GP北）, すくすくいきいき村〜富〜松〜鶴崎支所, すくすくいきいき村〜富〜松〜オア〜コン, すくすく〜富士見〜松が丘〜商業高校, 県庁〜大学病院〜野田入口〜国新〜富士見, 富士見〜国新〜野田入口〜大学病院〜コン, すくいき村〜富〜わさだタウン〜三愛MC, 県庁正門〜わさだ〜三愛M〜富〜すくいき村, すくいき村〜富〜わさだ〜三愛M〜コンパル"
富士見が丘グリーン前,大分バス（株）,"県庁正門〜木〜富士見（GP北）, 富士見（GP北）〜木〜コンパル, ホルト〜県庁正門〜木〜富士見（GP北）, 富士見（GP北）〜看〜木〜コンパル, 県庁正門前〜木〜看護大学前, 県庁正門〜木〜富〜すくすくいきいき村, すくすくいきいき村〜富〜木〜コンパル, 富士見（GP北）〜木〜鶴崎支所, 鶴崎支所〜木〜富〜すくすくいきいき村, すくすく〜富士見〜木〜商業高校, 県庁正門〜松が丘〜富士見が丘（GP北）, 富士見（GP北）〜松が丘〜コンパル, ホルト〜県庁〜松が丘〜富士見（GP北）, 県庁正門〜松〜看護大学前, 県庁正門〜松〜富〜すくすくいきいき村, すくすくいきいき村〜富〜松〜コンパル, 鶴崎支所〜松が丘〜富士見（GP北）, すくすくいきいき村〜富〜松〜鶴崎支所, すくすくいきいき村〜富〜松〜オア〜コン, すくすく〜富士見〜松が丘〜商業高校, 県庁〜大学病院〜野田入口〜国新〜富士見, 富士見〜国新〜野田入口〜大学病院〜コン, すくいき村〜富〜わさだタウン〜三愛MC, 県庁正門〜わさだ〜三愛M〜富〜すくいき村, すくいき村〜富〜わさだ〜三愛M〜コンパル"
上切畑入口,由布市,上切畑コース
麻生釣,大分交通（株）,栃木宮の原
田尻GH西入口,大分バス（株）,"田尻GH北〜田尻NT〜明磧〜コンパル, 県庁正門〜明磧〜田尻南2丁目, 県庁正門〜下田尻〜わ〜三愛〜田尻南2丁目, 県庁正門〜明磧〜ふじが丘〜田尻GH北, 田尻GH北〜ふじが丘〜明磧〜コンパル, 県庁正門〜明磧〜ふじが丘〜田尻南2丁目, 田尻GH北〜ふじが丘〜明磧〜鶴崎支所, 県庁〜下田尻〜わ〜三愛〜ふ〜田尻南2丁目, 田尻G北〜ふ〜光吉台中央〜県病〜コンパル, 県庁正門前〜元町〜寒田〜田尻G北, 田尻GH北〜寒田〜元町〜大分駅前, 県庁正門〜大道〜寒田〜ふじが丘〜田尻G北, 田尻G北〜ふじが丘〜寒田〜大道〜コンパル, 県庁正門〜県病〜寒田〜ふじが丘〜田尻G北"
黒島入口,臼杵市,佐志生線
黒島入口,臼津交通（株）,臼関線
田尻GH中央,大分バス（株）,"田尻GH北〜田尻NT〜明磧〜コンパル, 県庁正門〜明磧〜田尻南2丁目, 県庁正門〜下田尻〜わ〜三愛〜田尻南2丁目, 県庁正門〜明磧〜ふじが丘〜田尻GH北, 田尻GH北〜ふじが丘〜明磧〜コンパル, 県庁正門〜明磧〜ふじが丘〜田尻南2丁目, 田尻GH北〜ふじが丘〜明磧〜鶴崎支所, 県庁〜下田尻〜わ〜三愛〜ふ〜田尻南2丁目, 田尻G北〜ふ〜光吉台中央〜県病〜コンパル, 県庁正門前〜元町〜寒田〜田尻G北, 田尻GH北〜寒田〜元町〜大分駅前, 県庁正門〜大道〜寒田〜ふじが丘〜田尻G北, 田尻G北〜ふじが丘〜寒田〜大道〜コンパル, 県庁正門〜県病〜寒田〜ふじが丘〜田尻G北"
田尻GH入口,大分バス（株）,"田尻GH北〜田尻NT〜明磧〜コンパル, 県庁正門〜明磧〜田尻南2丁目, 田尻南2丁目〜明磧〜コンパル, 県庁正門〜下田尻〜わ〜三愛〜田尻南2丁目, 田尻南2丁目〜わ〜三愛〜下田尻〜コンパル, 田尻GH北〜ふじが丘〜明磧〜コンパル, 田尻南2丁目〜ふじが丘〜明磧〜コンパル, 田尻GH北〜ふじが丘〜明磧〜鶴崎支所, 田尻G西〜ふ〜わ〜三愛〜下田尻〜コンパル, 田尻南2丁目〜ふじが丘〜わさだ〜コンパル, 田尻G北〜ふ〜光吉台中央〜県病〜コンパル, 田尻G西〜ふ〜光吉台中央〜県病〜コンパル, 田尻GH北〜寒田〜元町〜大分駅前, 田尻G北〜ふじが丘〜寒田〜大道〜コンパル"
下津留,大分交通（株）,栃木宮の原
富士見が丘スポーツ公園前,大分バス（株）,"県庁正門〜木〜富士見（GP北）, 富士見（GP北）〜木〜コンパル, ホルト〜県庁正門〜木〜富士見（GP北）, 富士見（GP北）〜看〜木〜コンパル, 県庁正門〜木〜富〜すくすくいきいき村, すくすくいきいき村〜富〜木〜コンパル, 富士見（GP北）〜木〜鶴崎支所, 鶴崎支所〜木〜富〜すくすくいきいき村, すくすく〜富士見〜木〜商業高校, 県庁正門〜松が丘〜富士見が丘（GP北）, 富士見（GP北）〜松が丘〜コンパル, ホルト〜県庁〜松が丘〜富士見（GP北）, 県庁正門〜松〜富〜すくすくいきいき村, すくすくいきいき村〜富〜松〜コンパル, 鶴崎支所〜松が丘〜富士見（GP北）, すくすくいきいき村〜富〜松〜鶴崎支所, すくすくいきいき村〜富〜松〜オア〜コン, すくすく〜富士見〜松が丘〜商業高校, 県庁〜大学病院〜野田入口〜国新〜富士見, 富士見〜国新〜野田入口〜大学病院〜コン, すくいき村〜富〜わさだタウン〜三愛MC, 県庁正門〜わさだ〜三愛M〜富〜すくいき村, すくいき村〜富〜わさだ〜三愛M〜コンパル"
小野公民館,由布市,片野コース
大石原,亀の井バス（株）,37　牧の戸峠線
佐藤医院入口,由布市,"みの草コース, 阿蘇野コース, 小袋コース, 小挾間・柚の木コース, 上切畑コース, 大津留コース, 長野コース, 平石コース"
佐藤医院入口,竹田市,大分駅線
大分大学入口,佐伯市,伯大線
大分大学入口,大分バス（株）,"金池タ〜戸次〜各停〜佐伯駅（急行・太停）, 佐伯駅〜各停〜戸次〜コンパル（急・太停）, 金池タ〜県病〜各停〜佐伯駅（急行・太停）, 佐伯駅〜各停〜県病〜コンパル（急・太停）, 金池〜県病〜コスモ〜佐伯駅（急）, 佐伯駅〜コスモ〜県病〜コンパル（急）, 県庁正門前〜元町〜戸次, 戸次〜元町〜大分駅前, 梅が丘〜元町〜大分駅前, 辻〜榎峠〜大道〜コンパル入口, 金池ターミナル〜大道〜榎峠〜臼杵駅, 臼杵駅〜榎峠〜大道〜コンパル入口, 県庁正門〜県病〜戸次, 戸次〜県病〜コンパル, 金池ターミナル〜県病〜榎峠〜臼杵駅, 臼杵駅〜榎峠〜県病〜コンパル入口, 金池タ〜県病〜榎峠〜臼杵駅〜臼杵港, 臼杵港〜臼杵駅〜榎峠〜県病〜コンパル入口, 金池タ〜大道〜榎峠〜臼杵駅〜臼杵港, 臼杵港〜臼杵駅〜榎峠〜大道〜コンパル入口, 平清水〜榎峠〜大道〜コンパル入口（特急）"
田尻GH南,大分バス（株）,"田尻GH北〜田尻NT〜明磧〜コンパル, 田尻南2丁目〜明磧〜コンパル, 田尻南2丁目〜わ〜三愛〜下田尻〜コンパル, 県庁正門〜明磧〜ふじが丘〜田尻GH北, 田尻GH北〜ふじが丘〜明磧〜コンパル, 田尻南2丁目〜ふじが丘〜明磧〜コンパル, 田尻GH北〜ふじが丘〜明磧〜鶴崎支所, 田尻G西〜ふ〜わ〜三愛〜下田尻〜コンパル, 田尻南2丁目〜ふじが丘〜わさだ〜コンパル, 田尻G北〜ふ〜光吉台中央〜県病〜コンパル, 田尻G西〜ふ〜光吉台中央〜県病〜コンパル, 県庁正門前〜元町〜寒田〜田尻G北, 田尻GH北〜寒田〜元町〜大分駅前, 県庁正門〜大道〜寒田〜ふじが丘〜田尻G北, 田尻G北〜ふじが丘〜寒田〜大道〜コンパル, 県庁正門〜県病〜寒田〜ふじが丘〜田尻G北"
宮崎医院前,由布市,"シャトルバス：スクール石城系統, シャトルバス：庁舎〜大学病院, みの草コース, 小袋コース, 小挾間・柚の木コース, 上切畑コース, 大津留コース, 長野コース, 平石コース"
渕団地,由布市,小袋コース
ふじが丘東,大分バス（株）,"県庁正門〜明磧〜ふじが丘山手, ふじが丘山手〜明磧〜コンパル, 県庁正門〜明磧〜ふじが丘〜田尻GH北, 田尻GH北〜ふじが丘〜明磧〜コンパル, 県庁正門〜明磧〜ふじが丘〜田尻南2丁目, 田尻南2丁目〜ふじが丘〜明磧〜コンパル, 田尻GH北〜ふじが丘〜明磧〜鶴崎支所, ふじが丘山手〜わ〜三愛〜下田尻〜コンパル, 田尻G西〜ふ〜わ〜三愛〜下田尻〜コンパル, 県庁〜下田尻〜わ〜三愛〜ふ〜田尻南2丁目, 田尻南2丁目〜ふじが丘〜わさだ〜コンパル, 田尻G北〜ふ〜光吉台中央〜県病〜コンパル, 田尻G西〜ふ〜光吉台中央〜県病〜コンパル, わさだタウン〜寒田〜ふじが丘〜わ〜三愛"
田尻GH入口（ふじが丘山手側）,大分バス（株）,"県庁正門〜明磧〜ふじが丘〜田尻GH北, 田尻GH北〜ふじが丘〜明磧〜コンパル, 県庁正門〜明磧〜ふじが丘〜田尻南2丁目, 田尻南2丁目〜ふじが丘〜明磧〜コンパル, 田尻GH北〜ふじが丘〜明磧〜鶴崎支所, 田尻G西〜ふ〜わ〜三愛〜下田尻〜コンパル, 県庁〜下田尻〜わ〜三愛〜ふ〜田尻南2丁目, 田尻南2丁目〜ふじが丘〜わさだ〜コンパル, 田尻G北〜ふ〜光吉台中央〜県病〜コンパル, 田尻G西〜ふ〜光吉台中央〜県病〜コンパル, 県庁正門前〜元町〜寒田〜田尻G北, 田尻GH北〜寒田〜元町〜大分駅前, 県庁正門〜大道〜寒田〜ふじが丘〜田尻G北, 田尻G北〜ふじが丘〜寒田〜大道〜コンパル, 県庁正門〜県病〜寒田〜ふじが丘〜田尻G北, わさだタウン〜寒田〜ふじが丘〜わ〜三愛"
木の上峠,大分バス（株）,"県庁正門前〜木の上〜野津原公民館, 野津原公民館〜木の上〜コンパル入口, 県庁正門前〜わさだタウン〜野津原公民館, 野津原公民館〜わさだタウン〜コンパル"
片野入口,由布市,片野コース
庄内庁舎,由布市,"シャトルバス：スクール石城系統, シャトルバス：庁舎〜大学病院, シャトルバス：温泉館〜庄内庁舎, スクールバス阿蘇野コース, スクールバス大津留コース, みの草コース, 阿蘇野コース, 小袋コース, 小挾間・柚の木コース, 上切畑コース, 大津留コース, 長野コース, 平石コース"
上切畑,由布市,上切畑コース
下原,由布市,筒口コース
高津原東入口,由布市,上切畑コース
かぐらちゃや前,由布市,"シャトルバス：スクール石城系統, シャトルバス：庁舎〜大学病院, みの草コース, 阿蘇野コース, 小袋コース, 小挾間・柚の木コース, 上切畑コース, 大津留コース, 長野コース, 平石コース"
大龍原口,由布市,"みの草コース, 阿蘇野コース, 小袋コース, 小挾間・柚の木コース, 上切畑コース, 大津留コース, 長野コース, 平石コース"
原口（庄内）,竹田市,大分駅線
渕大橋,由布市,小袋コース
ふじが丘西,大分バス（株）,わさだタウン〜寒田〜ふじが丘〜わ〜三愛
大分南営業所,大分バス（株）,"県庁正門〜木〜南営業所, 南営業所〜木〜コンパル, 県庁正門〜木〜富〜すくすくいきいき村, すくすくいきいき村〜富〜木〜コンパル, 鶴崎支所〜木〜富〜すくすくいきいき村, すくすく〜富士見〜木〜商業高校, 県庁正門〜松が丘〜南営業所, 南営業所〜松が丘〜コンパル, 県庁正門〜松〜富〜すくすくいきいき村, すくすくいきいき村〜富〜松〜コンパル, すくすくいきいき村〜富〜松〜鶴崎支所, すくすくいきいき村〜富〜松〜オア〜コン, すくすく〜富士見〜松が丘〜商業高校, 県庁正門〜大学病院〜向之原駅〜すくいき村, すくいき村〜向之原駅〜大学病院〜コンパル, すくいき村〜向之原駅〜大学病院〜鶴崎支所, すくいき村〜富〜わさだタウン〜三愛MC, 県庁正門〜わさだ〜三愛M〜富〜すくいき村, すくいき村〜富〜わさだ〜三愛M〜コンパル"
高津原［庄内町渕］,由布市,上切畑コース
富士見が丘北,大分バス（株）,"県庁正門〜木〜富士見（GP北）, 富士見（GP北）〜木〜コンパル, ホルト〜県庁正門〜木〜富士見（GP北）, 富士見（GP北）〜看〜木〜コンパル, 県庁正門〜木〜富〜すくすくいきいき村, すくすくいきいき村〜富〜木〜コンパル, 富士見（GP北）〜木〜鶴崎支所, 鶴崎支所〜木〜富〜すくすくいきいき村, すくすく〜富士見〜木〜商業高校, 県庁正門〜松が丘〜富士見が丘（GP北）, 富士見（GP北）〜松が丘〜コンパル, ホルト〜県庁〜松が丘〜富士見（GP北）, 県庁正門〜松〜富〜すくすくいきいき村, すくすくいきいき村〜富〜松〜コンパル, 鶴崎支所〜松が丘〜富士見（GP北）, すくすくいきいき村〜富〜松〜鶴崎支所, すくすくいきいき村〜富〜松〜オア〜コン, すくすく〜富士見〜松が丘〜商業高校, 県庁〜大学病院〜野田入口〜国新〜富士見, 富士見〜国新〜野田入口〜大学病院〜コン, すくいき村〜富〜わさだタウン〜三愛MC, 県庁正門〜わさだ〜三愛M〜富〜すくいき村, すくいき村〜富〜わさだ〜三愛M〜コンパル"
田尻GH西,大分バス（株）,"田尻GH北〜田尻NT〜明磧〜コンパル, 県庁正門〜明磧〜田尻南2丁目, 県庁正門〜下田尻〜わ〜三愛〜田尻南2丁目, 県庁正門〜明磧〜ふじが丘〜田尻GH北, 田尻GH北〜ふじが丘〜明磧〜コンパル, 県庁正門〜明磧〜ふじが丘〜田尻南2丁目, 田尻GH北〜ふじが丘〜明磧〜鶴崎支所, 田尻G西〜ふ〜わ〜三愛〜下田尻〜コンパル, 県庁〜下田尻〜わ〜三愛〜ふ〜田尻南2丁目, 田尻G北〜ふ〜光吉台中央〜県病〜コンパル, 田尻G西〜ふ〜光吉台中央〜県病〜コンパル, 県庁正門前〜元町〜寒田〜田尻G北, 田尻GH北〜寒田〜元町〜大分駅前, 県庁正門〜大道〜寒田〜ふじが丘〜田尻G北, 田尻G北〜ふじが丘〜寒田〜大道〜コンパル, 県庁正門〜県病〜寒田〜ふじが丘〜田尻G北"
白岳,由布市,酒野コース
公民館前（田尻GH）,大分バス（株）,"田尻GH北〜田尻NT〜明磧〜コンパル, 田尻南2丁目〜明磧〜コンパル, 田尻南2丁目〜わ〜三愛〜下田尻〜コンパル, 県庁正門〜明磧〜ふじが丘〜田尻GH北, 田尻GH北〜ふじが丘〜明磧〜コンパル, 田尻南2丁目〜ふじが丘〜明磧〜コンパル, 田尻GH北〜ふじが丘〜明磧〜鶴崎支所, 田尻G西〜ふ〜わ〜三愛〜下田尻〜コンパル, 田尻南2丁目〜ふじが丘〜わさだ〜コンパル, 田尻G北〜ふ〜光吉台中央〜県病〜コンパル, 田尻G西〜ふ〜光吉台中央〜県病〜コンパル, 県庁正門前〜元町〜寒田〜田尻G北, 田尻GH北〜寒田〜元町〜大分駅前, 県庁正門〜大道〜寒田〜ふじが丘〜田尻G北, 田尻G北〜ふじが丘〜寒田〜大道〜コンパル, 県庁正門〜県病〜寒田〜ふじが丘〜田尻G北"
瓜生田,由布市,"シャトルバス：温泉館〜庄内庁舎, 阿蘇野コース, 小袋コース, 小挾間・柚の木コース, 上切畑コース, 大津留コース, 長野コース, 平石コース"
ふじが丘中央,大分バス（株）,"県庁正門〜明磧〜ふじが丘山手, ふじが丘山手〜明磧〜コンパル, 県庁正門〜明磧〜ふじが丘〜田尻GH北, 田尻GH北〜ふじが丘〜明磧〜コンパル, 県庁正門〜明磧〜ふじが丘〜田尻南2丁目, 田尻南2丁目〜ふじが丘〜明磧〜コンパル, 田尻GH北〜ふじが丘〜明磧〜鶴崎支所, ふじが丘山手〜わ〜三愛〜下田尻〜コンパル, 田尻G西〜ふ〜わ〜三愛〜下田尻〜コンパル, 県庁〜下田尻〜わ〜三愛〜ふ〜田尻南2丁目, 田尻南2丁目〜ふじが丘〜わさだ〜コンパル, 田尻G北〜ふ〜光吉台中央〜県病〜コンパル, 田尻G西〜ふ〜光吉台中央〜県病〜コンパル, わさだタウン〜寒田〜ふじが丘〜わ〜三愛"
谷口,由布市,片野コース
バリュー庄内店,由布市,"みの草コース, 小袋コース, 小挾間・柚の木コース, 上切畑コース, 大津留コース, 長野コース, 平石コース"
寒田南町四丁目,大分バス（株）,"県庁正門〜元町〜寒田〜ふじが丘山手, ふじが丘山手〜寒田〜元町〜大分駅前, 大分駅〜元町〜寒田〜ふじが丘山手, 県庁正門前〜元町〜寒田〜田尻G北, 田尻GH北〜寒田〜元町〜大分駅前, 県庁正門〜大道〜寒田〜ふじが丘山手, ふじが丘山手〜寒田〜大道〜コンパル, 県庁正門〜県病〜寒田〜ふじが丘山手, ふじが丘山手〜寒田〜県病〜コンパル, 県庁正門〜大道〜寒田〜ふじが丘〜田尻G北, 田尻G北〜ふじが丘〜寒田〜大道〜コンパル, 県庁正門〜県病〜寒田〜ふじが丘〜田尻G北, わさだタウン〜寒田〜ふじが丘〜わ〜三愛"
山本入口,由布市,小袋コース
尾本,臼杵市,佐志生線
尾本,臼津交通（株）,臼関線
瓜生田中,由布市,"シャトルバス：温泉館〜庄内庁舎, 阿蘇野コース, 小袋コース, 小挾間・柚の木コース, 上切畑コース, 大津留コース, 長野コース, 平石コース"
宮崎酒店前,由布市,上切畑コース
富士見が丘南,大分バス（株）,"県庁正門〜木〜富士見（GP北）, 富士見（GP北）〜木〜コンパル, ホルト〜県庁正門〜木〜富士見（GP北）, 富士見（GP北）〜看〜木〜コンパル, 県庁正門前〜木〜看護大学前, 県庁正門〜木〜富〜すくすくいきいき村, すくすくいきいき村〜富〜木〜コンパル, 富士見（GP北）〜木〜鶴崎支所, 鶴崎支所〜木〜富〜すくすくいきいき村, すくすく〜富士見〜木〜商業高校, 県庁正門〜松が丘〜富士見が丘（GP北）, 富士見（GP北）〜松が丘〜コンパル, ホルト〜県庁〜松が丘〜富士見（GP北）, 県庁正門〜松〜看護大学前, 県庁正門〜松〜富〜すくすくいきいき村, すくすくいきいき村〜富〜松〜コンパル, 鶴崎支所〜松が丘〜富士見（GP北）, すくすくいきいき村〜富〜松〜鶴崎支所, すくすくいきいき村〜富〜松〜オア〜コン, すくすく〜富士見〜松が丘〜商業高校, 県庁〜大学病院〜野田入口〜国新〜富士見, 富士見〜国新〜野田入口〜大学病院〜コン, すくいき村〜富〜わさだタウン〜三愛MC, 県庁正門〜わさだ〜三愛M〜富〜すくいき村, すくいき村〜富〜わさだ〜三愛M〜コンパル"
庄内公民館,由布市,"みの草コース, 阿蘇野コース, 小袋コース, 小挾間・柚の木コース, 上切畑コース, 大津留コース, 長野コース, 平石コース"
仮家,大分交通（株）,栃木宮の原
塚原入口,大分バス（株）,JSC前（東芝）〜猪野〜加納〜大分駅前
大分大学正門,大分バス（株）,"県庁正門〜元町〜分大〜高江〜大南団地北, 大南団地北〜高江〜分大〜元町〜大分駅前, ホルト〜県庁〜元町〜分大〜高江〜大南, 県庁正門〜元町〜高江〜大南団地北, 大南団地北〜高江〜元町〜大分駅前, 大南団地北〜高江〜元町〜駅〜駅南（金池南）, 県庁正門〜大道〜分大〜高江〜大南団地北, 大南団地北〜高江〜分大〜大道〜コンパル, 県庁正門〜大道〜高江〜大南団地北, 大南団地北〜高江〜大道〜コンパル, 大分駅前〜大道〜高江〜大南団地北, 県庁正門〜県病〜分大〜大南団地北, 大南団地北〜分大〜県病〜コンパル, PP大分〜敷戸北〜宮崎台〜わさだT〜三愛, わさだタウン〜宮崎台〜敷戸北, 敷戸北〜PP大分"
原組,由布市,筒口コース
少林寺前,大分バス（株）,"県庁正門前〜木の上〜野津原公民館, 野津原公民館〜木の上〜コンパル入口, 県庁正門前〜わさだタウン〜野津原公民館, 野津原公民館〜わさだタウン〜コンパル"
岩戸公園,日田バス（株）,杖立線
寒田団地南口,大分バス（株）,"県庁正門〜元町〜寒田〜ふじが丘山手, ふじが丘山手〜寒田〜元町〜大分駅前, 大分駅〜元町〜寒田〜ふじが丘山手, 県庁正門前〜元町〜寒田〜田尻G北, 田尻GH北〜寒田〜元町〜大分駅前, 県庁正門〜大道〜寒田〜ふじが丘山手, ふじが丘山手〜寒田〜大道〜コンパル, 県庁正門〜県病〜寒田〜ふじが丘山手, ふじが丘山手〜寒田〜県病〜コンパル, 県庁正門〜大道〜寒田〜ふじが丘〜田尻G北, 田尻G北〜ふじが丘〜寒田〜大道〜コンパル, 県庁正門〜県病〜寒田〜ふじが丘〜田尻G北, わさだタウン〜寒田〜ふじが丘〜わ〜三愛"
菰田,大分バス（株）,"菰田〜PP〜池の平〜高城〜要町, 県庁正門〜加納〜猪野〜けやき台四, けやき台四〜猪野〜加納〜大分駅前, けやき台〜猪野〜加納〜駅〜駅南（金池南）, JSC前（東芝）〜猪野〜加納〜大分駅前, 菰田〜森町〜皆春団地〜大分駅前, 南高校〜猪野〜加納〜大分駅前, 大分駅〜加納〜猪野〜南高校"
田尻NT入口,大分バス（株）,"田尻GH北〜田尻NT〜明磧〜コンパル, 県庁正門〜明磧〜田尻南2丁目, 田尻南2丁目〜明磧〜コンパル, 県庁正門〜下田尻〜わ〜三愛〜田尻南2丁目, 田尻南2丁目〜わ〜三愛〜下田尻〜コンパル, 県庁正門〜明磧〜ふじが丘〜田尻南2丁目, 田尻南2丁目〜ふじが丘〜明磧〜コンパル, 県庁〜下田尻〜わ〜三愛〜ふ〜田尻南2丁目, 田尻南2丁目〜ふじが丘〜わさだ〜コンパル"
東庄内農協前,竹田市,大分駅線
奈良田入口,由布市,上切畑コース
富士見が丘西入口,大分バス（株）,"県庁正門〜木〜富士見（GP北）, 富士見（GP北）〜木〜コンパル, ホルト〜県庁正門〜木〜富士見（GP北）, 富士見（GP北）〜看〜木〜コンパル, 県庁正門〜木〜富〜すくすくいきいき村, すくすくいきいき村〜富〜木〜コンパル, 富士見（GP北）〜木〜鶴崎支所, 鶴崎支所〜木〜富〜すくすくいきいき村, すくすく〜富士見〜木〜商業高校, 県庁正門〜松が丘〜富士見が丘（GP北）, 富士見（GP北）〜松が丘〜コンパル, ホルト〜県庁〜松が丘〜富士見（GP北）, 県庁正門〜松〜富〜すくすくいきいき村, すくすくいきいき村〜富〜松〜コンパル, 鶴崎支所〜松が丘〜富士見（GP北）, すくすくいきいき村〜富〜松〜鶴崎支所, すくすくいきいき村〜富〜松〜オア〜コン, すくすく〜富士見〜松が丘〜商業高校, 県庁〜大学病院〜野田入口〜国新〜富士見, 富士見〜国新〜野田入口〜大学病院〜コン, すくいき村〜富〜わさだタウン〜三愛MC, 県庁正門〜わさだ〜三愛M〜富〜すくいき村, すくいき村〜富〜わさだ〜三愛M〜コンパル"
桑原,臼杵市,佐志生線
桑原,臼津交通（株）,臼関線
船本入口,大分バス（株）,"県庁正門〜加納〜猪野〜けやき台四, けやき台四〜猪野〜加納〜大分駅前, けやき台〜猪野〜加納〜駅〜駅南（金池南）, JSC前（東芝）〜猪野〜加納〜大分駅前"
中渕公民館前,由布市,小袋コース
大分大学前駅,大分バス（株）,"県庁正門〜元町〜分大〜高江〜大南団地北, 大南団地北〜高江〜分大〜元町〜大分駅前, ホルト〜県庁〜元町〜分大〜高江〜大南, 県庁正門〜元町〜高江〜大南団地北, 大南団地北〜高江〜元町〜大分駅前, 大南団地北〜高江〜元町〜駅〜駅南（金池南）, 県庁正門〜大道〜分大〜高江〜大南団地北, 大南団地北〜高江〜分大〜大道〜コンパル, 県庁正門〜大道〜高江〜大南団地北, 大南団地北〜高江〜大道〜コンパル, 大分駅前〜大道〜高江〜大南団地北, 県庁正門〜県病〜分大〜大南団地北, 大南団地北〜分大〜県病〜コンパル, PP大分〜敷戸北〜宮崎台〜わさだT〜三愛, わさだタウン〜宮崎台〜敷戸北, 敷戸北〜PP大分"
すくすくいきいき村,大分バス（株）,"県庁正門〜木〜富〜すくすくいきいき村, すくすくいきいき村〜富〜木〜コンパル, 鶴崎支所〜木〜富〜すくすくいきいき村, すくすく〜富士見〜木〜商業高校, 県庁正門〜松〜富〜すくすくいきいき村, すくすくいきいき村〜富〜松〜コンパル, すくすくいきいき村〜富〜松〜鶴崎支所, すくすくいきいき村〜富〜松〜オア〜コン, すくすく〜富士見〜松が丘〜商業高校, 県庁正門〜大学病院〜向之原駅〜すくいき村, すくいき村〜向之原駅〜大学病院〜コンパル, すくいき村〜向之原駅〜大学病院〜鶴崎支所, すくいき村〜富〜わさだタウン〜三愛MC, 県庁正門〜わさだ〜三愛M〜富〜すくいき村, すくいき村〜富〜わさだ〜三愛M〜コンパル"
ふじが丘東口,大分バス（株）,"県庁正門〜元町〜寒田〜ふじが丘山手, ふじが丘山手〜寒田〜元町〜大分駅前, 大分駅〜元町〜寒田〜ふじが丘山手, 県庁正門前〜元町〜寒田〜田尻G北, 田尻GH北〜寒田〜元町〜大分駅前, 県庁正門〜大道〜寒田〜ふじが丘山手, ふじが丘山手〜寒田〜大道〜コンパル, 県庁正門〜県病〜寒田〜ふじが丘山手, ふじが丘山手〜寒田〜県病〜コンパル, 県庁正門〜大道〜寒田〜ふじが丘〜田尻G北, 田尻G北〜ふじが丘〜寒田〜大道〜コンパル, 県庁正門〜県病〜寒田〜ふじが丘〜田尻G北, わさだタウン〜寒田〜ふじが丘〜わ〜三愛"
葛小野［挾間町］,由布市,筒口コース
浄雲寺,大分バス（株）,"要町〜高城〜池の平〜PP〜浄雲寺, 菰田〜PP〜池の平〜高城〜要町"
入小野,由布市,小袋コース
山井中,由布市,小袋コース
成松,大分バス（株）,"県庁正門〜加納〜猪野〜けやき台四, けやき台四〜猪野〜加納〜大分駅前, けやき台〜猪野〜加納〜駅〜駅南（金池南）, JSC前（東芝）〜猪野〜加納〜大分駅前"
富士見が丘西,大分バス（株）,"県庁正門〜木〜富士見（GP北）, 富士見（GP北）〜木〜コンパル, ホルト〜県庁正門〜木〜富士見（GP北）, 富士見（GP北）〜看〜木〜コンパル, 県庁正門〜木〜富〜すくすくいきいき村, すくすくいきいき村〜富〜木〜コンパル, 富士見（GP北）〜木〜鶴崎支所, 鶴崎支所〜木〜富〜すくすくいきいき村, すくすく〜富士見〜木〜商業高校, 県庁正門〜松が丘〜富士見が丘（GP北）, 富士見（GP北）〜松が丘〜コンパル, ホルト〜県庁〜松が丘〜富士見（GP北）, 県庁正門〜松〜富〜すくすくいきいき村, すくすくいきいき村〜富〜松〜コンパル, 鶴崎支所〜松が丘〜富士見（GP北）, すくすくいきいき村〜富〜松〜鶴崎支所, すくすくいきいき村〜富〜松〜オア〜コン, すくすく〜富士見〜松が丘〜商業高校, 県庁〜大学病院〜野田入口〜国新〜富士見, 富士見〜国新〜野田入口〜大学病院〜コン, すくいき村〜富〜わさだタウン〜三愛MC, 県庁正門〜わさだ〜三愛M〜富〜すくいき村, すくいき村〜富〜わさだ〜三愛M〜コンパル"
渕神社入口,由布市,上切畑コース
葛小野入口,由布市,筒口コース
下田上,由布市,"スクールバス阿蘇野コース, 阿蘇野コース"
大分大学,大分バス（株）,"県庁正門〜元町〜分大〜高江〜大南団地北, 大南団地北〜高江〜分大〜元町〜大分駅前, ホルト〜県庁〜元町〜分大〜高江〜大南, 県庁正門〜大道〜分大〜高江〜大南団地北, 大南団地北〜高江〜分大〜大道〜コンパル, 県庁正門〜県病〜分大〜大南団地北, 大南団地北〜分大〜県病〜コンパル"
京地,大分バス（株）,"県庁正門〜加納〜猪野〜けやき台四, けやき台四〜猪野〜加納〜大分駅前, けやき台〜猪野〜加納〜駅〜駅南（金池南）, JSC前（東芝）〜猪野〜加納〜大分駅前"
塚野温泉入口,大分バス（株）,"県庁正門前〜木の上〜野津原公民館, 野津原公民館〜木の上〜コンパル入口, 県庁正門前〜わさだタウン〜野津原公民館, 野津原公民館〜わさだタウン〜コンパル"
ふじが丘南,大分バス（株）,"県庁正門〜明磧〜ふじが丘山手, ふじが丘山手〜明磧〜コンパル, 県庁正門〜明磧〜ふじが丘〜田尻GH北, 田尻GH北〜ふじが丘〜明磧〜コンパル, 県庁正門〜明磧〜ふじが丘〜田尻南2丁目, 田尻南2丁目〜ふじが丘〜明磧〜コンパル, 田尻GH北〜ふじが丘〜明磧〜鶴崎支所, ふじが丘山手〜わ〜三愛〜下田尻〜コンパル, 田尻G西〜ふ〜わ〜三愛〜下田尻〜コンパル, 県庁〜下田尻〜わ〜三愛〜ふ〜田尻南2丁目, 田尻南2丁目〜ふじが丘〜わさだ〜コンパル, 田尻G北〜ふ〜光吉台中央〜県病〜コンパル, 田尻G西〜ふ〜光吉台中央〜県病〜コンパル, 県庁正門〜元町〜寒田〜ふじが丘山手, ふじが丘山手〜寒田〜元町〜大分駅前, 大分駅〜元町〜寒田〜ふじが丘山手, 県庁正門前〜元町〜寒田〜田尻G北, 田尻GH北〜寒田〜元町〜大分駅前, 県庁正門〜大道〜寒田〜ふじが丘山手, ふじが丘山手〜寒田〜大道〜コンパル, 県庁正門〜県病〜寒田〜ふじが丘山手, ふじが丘山手〜寒田〜県病〜コンパル, 県庁正門〜大道〜寒田〜ふじが丘〜田尻G北, 田尻G北〜ふじが丘〜寒田〜大道〜コンパル, 県庁正門〜県病〜寒田〜ふじが丘〜田尻G北, わさだタウン〜寒田〜ふじが丘〜わ〜三愛"
京が丘コスモ公園,大分バス（株）,"要町〜高城〜池の平〜PP〜京が丘, 要町〜高城〜池の平〜PP〜浄雲寺, 菰田〜PP〜池の平〜高城〜要町"
山井入口,由布市,小袋コース
東庄内公民館前,竹田市,大分駅線
田尻みなみ公園,大分バス（株）,"田尻GH北〜田尻NT〜明磧〜コンパル, 県庁正門〜明磧〜田尻南2丁目, 田尻南2丁目〜明磧〜コンパル, 県庁正門〜下田尻〜わ〜三愛〜田尻南2丁目, 田尻南2丁目〜わ〜三愛〜下田尻〜コンパル, 県庁正門〜明磧〜ふじが丘〜田尻南2丁目, 田尻南2丁目〜ふじが丘〜明磧〜コンパル, 県庁〜下田尻〜わ〜三愛〜ふ〜田尻南2丁目, 田尻南2丁目〜ふじが丘〜わさだ〜コンパル"
ふじが丘山手,大分バス（株）,"県庁正門〜明磧〜ふじが丘山手, ふじが丘山手〜明磧〜コンパル, 県庁正門〜明磧〜ふじが丘〜田尻GH北, 田尻GH北〜ふじが丘〜明磧〜コンパル, 県庁正門〜明磧〜ふじが丘〜田尻南2丁目, 田尻南2丁目〜ふじが丘〜明磧〜コンパル, 田尻GH北〜ふじが丘〜明磧〜鶴崎支所, ふじが丘山手〜わ〜三愛〜下田尻〜コンパル, 田尻G西〜ふ〜わ〜三愛〜下田尻〜コンパル, 県庁〜下田尻〜わ〜三愛〜ふ〜田尻南2丁目, 田尻南2丁目〜ふじが丘〜わさだ〜コンパル, 田尻G北〜ふ〜光吉台中央〜県病〜コンパル, 田尻G西〜ふ〜光吉台中央〜県病〜コンパル, 県庁正門〜元町〜寒田〜ふじが丘山手, ふじが丘山手〜寒田〜元町〜大分駅前, 大分駅〜元町〜寒田〜ふじが丘山手, 県庁正門前〜元町〜寒田〜田尻G北, 田尻GH北〜寒田〜元町〜大分駅前, 県庁正門〜大道〜寒田〜ふじが丘山手, ふじが丘山手〜寒田〜大道〜コンパル, 県庁正門〜県病〜寒田〜ふじが丘山手, ふじが丘山手〜寒田〜県病〜コンパル, 県庁正門〜大道〜寒田〜ふじが丘〜田尻G北, 田尻G北〜ふじが丘〜寒田〜大道〜コンパル, 県庁正門〜県病〜寒田〜ふじが丘〜田尻G北, わさだタウン〜寒田〜ふじが丘〜わ〜三愛"
大南団地北,大分バス（株）,"県庁正門〜元町〜分大〜高江〜大南団地北, 大南団地北〜高江〜分大〜元町〜大分駅前, ホルト〜県庁〜元町〜分大〜高江〜大南, 県庁正門〜元町〜高江〜大南団地北, 大南団地北〜高江〜元町〜大分駅前, 大南団地北〜高江〜元町〜駅〜駅南（金池南）, 県庁正門〜大道〜分大〜高江〜大南団地北, 大南団地北〜高江〜分大〜大道〜コンパル, 県庁正門〜大道〜高江〜大南団地北, 大南団地北〜高江〜大道〜コンパル, 大分駅前〜大道〜高江〜大南団地北, 県庁正門〜県病〜分大〜大南団地北, 大南団地北〜分大〜県病〜コンパル, PP大分〜敷戸北〜宮崎台〜わさだT〜三愛, わさだタウン〜宮崎台〜敷戸北, 敷戸北〜PP大分"
看護大学前,大分バス（株）,"富士見（GP北）〜看〜木〜コンパル, 県庁正門前〜木〜看護大学前, 県庁正門〜松〜看護大学前"
上筒口公民館,由布市,筒口コース
中渕倉庫前,由布市,上切畑コース
青山,由布市,筒口コース
京が丘センターハウス,大分バス（株）,"要町〜高城〜池の平〜PP〜京が丘, 要町〜高城〜池の平〜PP〜浄雲寺, 菰田〜PP〜池の平〜高城〜要町"
菅原,大分交通（株）,栃木宮の原
池の上,大分バス（株）,"南高校〜猪野〜加納〜大分駅前, 大分駅〜加納〜猪野〜南高校"
田尻南2丁目,大分バス（株）,"田尻GH北〜田尻NT〜明磧〜コンパル, 県庁正門〜明磧〜田尻南2丁目, 田尻南2丁目〜明磧〜コンパル, 県庁正門〜下田尻〜わ〜三愛〜田尻南2丁目, 田尻南2丁目〜わ〜三愛〜下田尻〜コンパル, 県庁正門〜明磧〜ふじが丘〜田尻南2丁目, 田尻南2丁目〜ふじが丘〜明磧〜コンパル, 県庁〜下田尻〜わ〜三愛〜ふ〜田尻南2丁目, 田尻南2丁目〜ふじが丘〜わさだ〜コンパル"
酒野,由布市,酒野コース
教育センター前,大分バス（株）,"県庁正門〜元町〜分大〜高江〜大南団地北, 大南団地北〜高江〜分大〜元町〜大分駅前, ホルト〜県庁〜元町〜分大〜高江〜大南, 県庁正門〜元町〜高江〜大南団地北, 大南団地北〜高江〜元町〜大分駅前, 大南団地北〜高江〜元町〜駅〜駅南（金池南）, 県庁正門〜大道〜分大〜高江〜大南団地北, 大南団地北〜高江〜分大〜大道〜コンパル, 県庁正門〜大道〜高江〜大南団地北, 大南団地北〜高江〜大道〜コンパル, 大分駅前〜大道〜高江〜大南団地北, 県庁正門〜県病〜分大〜大南団地北, 大南団地北〜分大〜県病〜コンパル, PP大分〜敷戸北〜宮崎台〜わさだT〜三愛, わさだタウン〜宮崎台〜敷戸北, 敷戸北〜PP大分"
高江ハイツ入口,大分バス（株）,"県庁正門前〜元町〜戸次, 戸次〜元町〜大分駅前, 梅が丘〜元町〜大分駅前, 辻〜榎峠〜大道〜コンパル入口, 金池ターミナル〜大道〜榎峠〜臼杵駅, 臼杵駅〜榎峠〜大道〜コンパル入口, 県庁正門〜県病〜戸次, 戸次〜県病〜コンパル, 金池ターミナル〜県病〜榎峠〜臼杵駅, 臼杵駅〜榎峠〜県病〜コンパル入口, 金池タ〜県病〜榎峠〜臼杵駅〜臼杵港, 臼杵港〜臼杵駅〜榎峠〜県病〜コンパル入口, 金池タ〜大道〜榎峠〜臼杵駅〜臼杵港, 臼杵港〜臼杵駅〜榎峠〜大道〜コンパル入口"
藤田,臼杵市,佐志生線
藤田,臼津交通（株）,臼関線
旦の原,大分バス（株）,"県庁正門〜元町〜分大〜高江〜大南団地北, 大南団地北〜高江〜分大〜元町〜大分駅前, ホルト〜県庁〜元町〜分大〜高江〜大南, 県庁正門〜元町〜高江〜大南団地北, 大南団地北〜高江〜元町〜大分駅前, 大南団地北〜高江〜元町〜駅〜駅南（金池南）, 県庁正門〜大道〜分大〜高江〜大南団地北, 大南団地北〜高江〜分大〜大道〜コンパル, 県庁正門〜大道〜高江〜大南団地北, 大南団地北〜高江〜大道〜コンパル, 大分駅前〜大道〜高江〜大南団地北, 県庁正門〜県病〜分大〜大南団地北, 大南団地北〜分大〜県病〜コンパル, 旦野原〜米良BP〜大分駅（快米良BP停）, PP大分〜敷戸北〜宮崎台〜わさだT〜三愛, わさだタウン〜宮崎台〜敷戸北, 敷戸北〜PP大分"
京が丘ペガサス公園,大分バス（株）,"要町〜高城〜池の平〜PP〜京が丘, 要町〜高城〜池の平〜PP〜浄雲寺, 菰田〜PP〜池の平〜高城〜要町"
林,竹田市,大分駅線
旧南庄内小下,由布市,上切畑コース
大南団地中央,大分バス（株）,"県庁正門〜元町〜分大〜高江〜大南団地北, 大南団地北〜高江〜分大〜元町〜大分駅前, ホルト〜県庁〜元町〜分大〜高江〜大南, 県庁正門〜元町〜高江〜大南団地北, 大南団地北〜高江〜元町〜大分駅前, 大南団地北〜高江〜元町〜駅〜駅南（金池南）, 県庁正門〜大道〜分大〜高江〜大南団地北, 大南団地北〜高江〜分大〜大道〜コンパル, 県庁正門〜大道〜高江〜大南団地北, 大南団地北〜高江〜大道〜コンパル, 大分駅前〜大道〜高江〜大南団地北, 県庁正門〜県病〜分大〜大南団地北, 大南団地北〜分大〜県病〜コンパル, PP大分〜敷戸北〜宮崎台〜わさだT〜三愛, わさだタウン〜宮崎台〜敷戸北, 敷戸北〜PP大分"
朝日台,亀の井バス（株）,37　牧の戸峠線
仁瀬坂,由布市,"スクールバス阿蘇野コース, 阿蘇野コース"
田吹橋,大分バス（株）,"県庁正門前〜木の上〜野津原公民館, 野津原公民館〜木の上〜コンパル入口, 県庁正門前〜わさだタウン〜野津原公民館, 野津原公民館〜わさだタウン〜コンパル"
南園三差路,由布市,上切畑コース
片野,由布市,片野コース
高江北1丁目,大分バス（株）,"県庁正門〜元町〜分大〜高江〜大南団地北, 大南団地北〜高江〜分大〜元町〜大分駅前, ホルト〜県庁〜元町〜分大〜高江〜大南, 県庁正門〜元町〜高江〜大南団地北, 大南団地北〜高江〜元町〜大分駅前, 大南団地北〜高江〜元町〜駅〜駅南（金池南）, 県庁正門〜大道〜分大〜高江〜大南団地北, 大南団地北〜高江〜分大〜大道〜コンパル, 県庁正門〜大道〜高江〜大南団地北, 大南団地北〜高江〜大道〜コンパル, 大分駅前〜大道〜高江〜大南団地北, 県庁正門〜県病〜分大〜大南団地北, 大南団地北〜分大〜県病〜コンパル, 旦野原〜米良BP〜大分駅（快米良BP停）, PP大分〜敷戸北〜宮崎台〜わさだT〜三愛, わさだタウン〜宮崎台〜敷戸北, 敷戸北〜PP大分"
高江,大分バス（株）,"県庁正門前〜元町〜戸次, 戸次〜元町〜大分駅前, 梅が丘〜元町〜大分駅前, 辻〜榎峠〜大道〜コンパル入口, 金池ターミナル〜大道〜榎峠〜臼杵駅, 臼杵駅〜榎峠〜大道〜コンパル入口, 県庁正門〜県病〜戸次, 戸次〜県病〜コンパル, 金池ターミナル〜県病〜榎峠〜臼杵駅, 臼杵駅〜榎峠〜県病〜コンパル入口, 金池タ〜県病〜榎峠〜臼杵駅〜臼杵港, 臼杵港〜臼杵駅〜榎峠〜県病〜コンパル入口, 金池タ〜大道〜榎峠〜臼杵駅〜臼杵港, 臼杵港〜臼杵駅〜榎峠〜大道〜コンパル入口"
九重夢大吊橋,亀の井バス（株）,37　牧の戸峠線
大南団地南,大分バス（株）,"県庁正門〜元町〜分大〜高江〜大南団地北, 大南団地北〜高江〜分大〜元町〜大分駅前, ホルト〜県庁〜元町〜分大〜高江〜大南, 県庁正門〜元町〜高江〜大南団地北, 大南団地北〜高江〜元町〜大分駅前, 大南団地北〜高江〜元町〜駅〜駅南（金池南）, 県庁正門〜大道〜分大〜高江〜大南団地北, 大南団地北〜高江〜分大〜大道〜コンパル, 県庁正門〜大道〜高江〜大南団地北, 大南団地北〜高江〜大道〜コンパル, 大分駅前〜大道〜高江〜大南団地北, 県庁正門〜県病〜分大〜大南団地北, 大南団地北〜分大〜県病〜コンパル, PP大分〜敷戸北〜宮崎台〜わさだT〜三愛, わさだタウン〜宮崎台〜敷戸北, 敷戸北〜PP大分"
高江北2丁目,大分バス（株）,"県庁正門〜元町〜分大〜高江〜大南団地北, 大南団地北〜高江〜分大〜元町〜大分駅前, ホルト〜県庁〜元町〜分大〜高江〜大南, 県庁正門〜元町〜高江〜大南団地北, 大南団地北〜高江〜元町〜大分駅前, 大南団地北〜高江〜元町〜駅〜駅南（金池南）, 県庁正門〜大道〜分大〜高江〜大南団地北, 大南団地北〜高江〜分大〜大道〜コンパル, 県庁正門〜大道〜高江〜大南団地北, 大南団地北〜高江〜大道〜コンパル, 大分駅前〜大道〜高江〜大南団地北, 県庁正門〜県病〜分大〜大南団地北, 大南団地北〜分大〜県病〜コンパル, 旦野原〜米良BP〜大分駅（快米良BP停）, PP大分〜敷戸北〜宮崎台〜わさだT〜三愛, わさだタウン〜宮崎台〜敷戸北, 敷戸北〜PP大分"
廻栖,大分バス（株）,"県庁正門前〜木の上〜野津原公民館, 野津原公民館〜木の上〜コンパル入口, 県庁正門前〜わさだタウン〜野津原公民館, 野津原公民館〜わさだタウン〜コンパル"
大南団地西,大分バス（株）,"県庁正門〜元町〜分大〜高江〜大南団地北, 大南団地北〜高江〜分大〜元町〜大分駅前, ホルト〜県庁〜元町〜分大〜高江〜大南, 県庁正門〜元町〜高江〜大南団地北, 大南団地北〜高江〜元町〜大分駅前, 大南団地北〜高江〜元町〜駅〜駅南（金池南）, 県庁正門〜大道〜分大〜高江〜大南団地北, 大南団地北〜高江〜分大〜大道〜コンパル, 県庁正門〜大道〜高江〜大南団地北, 大南団地北〜高江〜大道〜コンパル, 大分駅前〜大道〜高江〜大南団地北, 県庁正門〜県病〜分大〜大南団地北, 大南団地北〜分大〜県病〜コンパル, 旦野原〜米良BP〜大分駅（快米良BP停）, PP大分〜敷戸北〜宮崎台〜わさだT〜三愛, わさだタウン〜宮崎台〜敷戸北, 敷戸北〜PP大分"
大南団地入口,大分バス（株）,"県庁正門前〜元町〜戸次, 戸次〜元町〜大分駅前, 梅が丘〜元町〜大分駅前, 辻〜榎峠〜大道〜コンパル入口, 金池ターミナル〜大道〜榎峠〜臼杵駅, 臼杵駅〜榎峠〜大道〜コンパル入口, 県庁正門〜県病〜戸次, 戸次〜県病〜コンパル, 金池ターミナル〜県病〜榎峠〜臼杵駅, 臼杵駅〜榎峠〜県病〜コンパル入口, 金池タ〜県病〜榎峠〜臼杵駅〜臼杵港, 臼杵港〜臼杵駅〜榎峠〜県病〜コンパル入口, 金池タ〜大道〜榎峠〜臼杵駅〜臼杵港, 臼杵港〜臼杵駅〜榎峠〜大道〜コンパル入口"
栗の木（庄内）,竹田市,大分駅線
片野,大分バス（株）,"南高校〜猪野〜加納〜大分駅前, 大分駅〜加納〜猪野〜南高校"
小ヶ倉,由布市,上切畑コース
昆布刈橋,大分バス（株）,"県庁正門前〜元町〜戸次, 戸次〜元町〜大分駅前, 梅が丘〜元町〜大分駅前, 辻〜榎峠〜大道〜コンパル入口, 金池ターミナル〜大道〜榎峠〜臼杵駅, 臼杵駅〜榎峠〜大道〜コンパル入口, 県庁正門〜県病〜戸次, 戸次〜県病〜コンパル, 金池ターミナル〜県病〜榎峠〜臼杵駅, 臼杵駅〜榎峠〜県病〜コンパル入口, 金池タ〜県病〜榎峠〜臼杵駅〜臼杵港, 臼杵港〜臼杵駅〜榎峠〜県病〜コンパル入口, 金池タ〜大道〜榎峠〜臼杵駅〜臼杵港, 臼杵港〜臼杵駅〜榎峠〜大道〜コンパル入口, 南高校〜猪野〜加納〜大分駅前, 大分駅〜加納〜猪野〜南高校"
桑鶴入口,由布市,酒野コース
産業科学技術センター,大分バス（株）,"県庁正門〜元町〜分大〜高江〜大南団地北, 大南団地北〜高江〜分大〜元町〜大分駅前, ホルト〜県庁〜元町〜分大〜高江〜大南, 県庁正門〜元町〜高江〜大南団地北, 大南団地北〜高江〜元町〜大分駅前, 大南団地北〜高江〜元町〜駅〜駅南（金池南）, 県庁正門〜大道〜分大〜高江〜大南団地北, 大南団地北〜高江〜分大〜大道〜コンパル, 県庁正門〜大道〜高江〜大南団地北, 大南団地北〜高江〜大道〜コンパル, 大分駅前〜大道〜高江〜大南団地北, 県庁正門〜県病〜分大〜大南団地北, 大南団地北〜分大〜県病〜コンパル, 旦野原〜米良BP〜大分駅（快米良BP停）, PP大分〜敷戸北〜宮崎台〜わさだT〜三愛, わさだタウン〜宮崎台〜敷戸北, 敷戸北〜PP大分"
判田中学校前,大分バス（株）,"南高校〜猪野〜加納〜大分駅前, 大分駅〜加納〜猪野〜南高校, 県庁正門〜元町〜分大〜高江〜大南団地北, 大南団地北〜高江〜分大〜元町〜大分駅前, ホルト〜県庁〜元町〜分大〜高江〜大南, 県庁正門〜元町〜高江〜大南団地北, 大南団地北〜高江〜元町〜大分駅前, 大南団地北〜高江〜元町〜駅〜駅南（金池南）, 県庁正門〜大道〜分大〜高江〜大南団地北, 大南団地北〜高江〜分大〜大道〜コンパル, 県庁正門〜大道〜高江〜大南団地北, 大南団地北〜高江〜大道〜コンパル, 大分駅前〜大道〜高江〜大南団地北, 県庁正門〜県病〜分大〜大南団地北, 大南団地北〜分大〜県病〜コンパル, 旦野原〜米良BP〜大分駅（快米良BP停）, PP大分〜敷戸北〜宮崎台〜わさだT〜三愛, わさだタウン〜宮崎台〜敷戸北, 敷戸北〜PP大分"
判田局前,佐伯市,伯大線
判田局前,大分バス（株）,"金池タ〜戸次〜各停〜佐伯駅（急行・太停）, 佐伯駅〜各停〜戸次〜コンパル（急・太停）, 金池タ〜県病〜各停〜佐伯駅（急行・太停）, 佐伯駅〜各停〜県病〜コンパル（急・太停）, 金池〜県病〜コスモ〜佐伯駅（急）, 佐伯駅〜コスモ〜県病〜コンパル（急）, 県庁正門前〜元町〜戸次, 戸次〜元町〜大分駅前, 梅が丘〜元町〜大分駅前, 辻〜榎峠〜大道〜コンパル入口, 金池ターミナル〜大道〜榎峠〜臼杵駅, 臼杵駅〜榎峠〜大道〜コンパル入口, 県庁正門〜県病〜戸次, 戸次〜県病〜コンパル, 金池ターミナル〜県病〜榎峠〜臼杵駅, 臼杵駅〜榎峠〜県病〜コンパル入口, 金池タ〜県病〜榎峠〜臼杵駅〜臼杵港, 臼杵港〜臼杵駅〜榎峠〜県病〜コンパル入口, 金池タ〜大道〜榎峠〜臼杵駅〜臼杵港, 臼杵港〜臼杵駅〜榎峠〜大道〜コンパル入口, 平清水〜榎峠〜大道〜コンパル入口（特急）, 南高校〜猪野〜加納〜大分駅前, 大分駅〜加納〜猪野〜南高校"
室小野,竹田市,大分駅線
山際,大分バス（株）,"県庁正門前〜木の上〜野津原公民館, 野津原公民館〜木の上〜コンパル入口, 県庁正門前〜わさだタウン〜野津原公民館, 野津原公民館〜わさだタウン〜コンパル"
豊洋中学校前,臼杵市,佐志生線
豊洋中学校前,臼津交通（株）,臼関線
桑鶴,由布市,筒口コース
尾津留,大分バス（株）,"県庁正門〜加納〜猪野〜けやき台四, けやき台四〜猪野〜加納〜大分駅前, けやき台〜猪野〜加納〜駅〜駅南（金池南）"
高江中央1丁目,大分バス（株）,"県庁正門〜元町〜分大〜高江〜大南団地北, 大南団地北〜高江〜分大〜元町〜大分駅前, ホルト〜県庁〜元町〜分大〜高江〜大南, 県庁正門〜元町〜高江〜大南団地北, 大南団地北〜高江〜元町〜大分駅前, 大南団地北〜高江〜元町〜駅〜駅南（金池南）, 県庁正門〜大道〜分大〜高江〜大南団地北, 大南団地北〜高江〜分大〜大道〜コンパル, 県庁正門〜大道〜高江〜大南団地北, 大南団地北〜高江〜大道〜コンパル, 大分駅前〜大道〜高江〜大南団地北, 県庁正門〜県病〜分大〜大南団地北, 大南団地北〜分大〜県病〜コンパル, 旦野原〜米良BP〜大分駅（快米良BP停）, PP大分〜敷戸北〜宮崎台〜わさだT〜三愛, わさだタウン〜宮崎台〜敷戸北, 敷戸北〜PP大分"
居村,大分バス（株）,"南高校〜猪野〜加納〜大分駅前, 大分駅〜加納〜猪野〜南高校"
恵良,大分バス（株）,"県庁正門前〜木の上〜野津原公民館, 野津原公民館〜木の上〜コンパル入口, 県庁正門前〜わさだタウン〜野津原公民館, 野津原公民館〜わさだタウン〜コンパル"
判田橋,大分バス（株）,"県庁正門前〜元町〜戸次, 戸次〜元町〜大分駅前, 梅が丘〜元町〜大分駅前, 辻〜榎峠〜大道〜コンパル入口, 金池ターミナル〜大道〜榎峠〜臼杵駅, 臼杵駅〜榎峠〜大道〜コンパル入口, 県庁正門〜県病〜戸次, 戸次〜県病〜コンパル, 金池ターミナル〜県病〜榎峠〜臼杵駅, 臼杵駅〜榎峠〜県病〜コンパル入口, 金池タ〜県病〜榎峠〜臼杵駅〜臼杵港, 臼杵港〜臼杵駅〜榎峠〜県病〜コンパル入口, 金池タ〜大道〜榎峠〜臼杵駅〜臼杵港, 臼杵港〜臼杵駅〜榎峠〜大道〜コンパル入口, 南高校〜猪野〜加納〜大分駅前, 大分駅〜加納〜猪野〜南高校"
高江中央2丁目,大分バス（株）,"県庁正門〜元町〜分大〜高江〜大南団地北, 大南団地北〜高江〜分大〜元町〜大分駅前, ホルト〜県庁〜元町〜分大〜高江〜大南, 県庁正門〜元町〜高江〜大南団地北, 大南団地北〜高江〜元町〜大分駅前, 大南団地北〜高江〜元町〜駅〜駅南（金池南）, 県庁正門〜大道〜分大〜高江〜大南団地北, 大南団地北〜高江〜分大〜大道〜コンパル, 県庁正門〜大道〜高江〜大南団地北, 大南団地北〜高江〜大道〜コンパル, 大分駅前〜大道〜高江〜大南団地北, 県庁正門〜県病〜分大〜大南団地北, 大南団地北〜分大〜県病〜コンパル, 旦野原〜米良BP〜大分駅（快米良BP停）, PP大分〜敷戸北〜宮崎台〜わさだT〜三愛, わさだタウン〜宮崎台〜敷戸北, 敷戸北〜PP大分"
内山,由布市,"スクールバス阿蘇野コース, 阿蘇野コース"
入蔵入口,大分バス（株）,"県庁正門前〜木の上〜野津原公民館, 野津原公民館〜木の上〜コンパル入口, 県庁正門前〜わさだタウン〜野津原公民館, 野津原公民館〜わさだタウン〜コンパル"
高江中央公園前,大分バス（株）,"県庁正門〜元町〜分大〜高江〜大南団地北, 大南団地北〜高江〜分大〜元町〜大分駅前, ホルト〜県庁〜元町〜分大〜高江〜大南, 県庁正門〜元町〜高江〜大南団地北, 大南団地北〜高江〜元町〜大分駅前, 大南団地北〜高江〜元町〜駅〜駅南（金池南）, 県庁正門〜大道〜分大〜高江〜大南団地北, 大南団地北〜高江〜分大〜大道〜コンパル, 県庁正門〜大道〜高江〜大南団地北, 大南団地北〜高江〜大道〜コンパル, 大分駅前〜大道〜高江〜大南団地北, 県庁正門〜県病〜分大〜大南団地北, 大南団地北〜分大〜県病〜コンパル, 旦野原〜米良BP〜大分駅（快米良BP停）, PP大分〜敷戸北〜宮崎台〜わさだT〜三愛, わさだタウン〜宮崎台〜敷戸北, 敷戸北〜PP大分"
野津原,大分バス（株）,"県庁正門前〜木の上〜野津原公民館, 野津原公民館〜木の上〜コンパル入口, 県庁正門前〜わさだタウン〜野津原公民館, 野津原公民館〜わさだタウン〜コンパル"
判田橋（松岡方面）,大分バス（株）,"南高校〜猪野〜加納〜大分駅前, 大分駅〜加納〜猪野〜南高校"
迫,大分市,のつはるコミュニティバス　今畑線
判田台団地,大分バス（株）,"南高校〜猪野〜加納〜大分駅前, 大分駅〜加納〜猪野〜南高校, 県庁正門〜元町〜分大〜高江〜大南団地北, 大南団地北〜高江〜分大〜元町〜大分駅前, ホルト〜県庁〜元町〜分大〜高江〜大南, 県庁正門〜元町〜高江〜大南団地北, 大南団地北〜高江〜元町〜大分駅前, 大南団地北〜高江〜元町〜駅〜駅南（金池南）, 県庁正門〜大道〜分大〜高江〜大南団地北, 大南団地北〜高江〜分大〜大道〜コンパル, 県庁正門〜大道〜高江〜大南団地北, 大南団地北〜高江〜大道〜コンパル, 大分駅前〜大道〜高江〜大南団地北, 県庁正門〜県病〜分大〜大南団地北, 大南団地北〜分大〜県病〜コンパル, 旦野原〜米良BP〜大分駅（快米良BP停）, PP大分〜敷戸北〜宮崎台〜わさだT〜三愛, わさだタウン〜宮崎台〜敷戸北, 敷戸北〜PP大分"
恵良入口,大分バス（株）,"県庁正門前〜木の上〜野津原公民館, 野津原公民館〜木の上〜コンパル入口, 県庁正門前〜わさだタウン〜野津原公民館, 野津原公民館〜わさだタウン〜コンパル"
福城寺前,大分バス（株）,"県庁正門前〜木の上〜野津原公民館, 野津原公民館〜木の上〜コンパル入口, 県庁正門前〜わさだタウン〜野津原公民館, 野津原公民館〜わさだタウン〜コンパル"
上中尾,由布市,筒口コース
楠木生,大分バス（株）,"県庁正門〜加納〜猪野〜けやき台四, けやき台四〜猪野〜加納〜大分駅前, けやき台〜猪野〜加納〜駅〜駅南（金池南）"
新良橋,大分バス（株）,"県庁正門〜元町〜分大〜高江〜大南団地北, 大南団地北〜高江〜分大〜元町〜大分駅前, ホルト〜県庁〜元町〜分大〜高江〜大南, 県庁正門〜元町〜高江〜大南団地北, 大南団地北〜高江〜元町〜大分駅前, 大南団地北〜高江〜元町〜駅〜駅南（金池南）, 県庁正門〜大道〜分大〜高江〜大南団地北, 大南団地北〜高江〜分大〜大道〜コンパル, 県庁正門〜大道〜高江〜大南団地北, 大南団地北〜高江〜大道〜コンパル, 大分駅前〜大道〜高江〜大南団地北, 県庁正門〜県病〜分大〜大南団地北, 大南団地北〜分大〜県病〜コンパル, 旦野原〜米良BP〜大分駅（快米良BP停）, PP大分〜敷戸北〜宮崎台〜わさだT〜三愛, わさだタウン〜宮崎台〜敷戸北, 敷戸北〜PP大分"
福宗,大分市,のつはるコミュニティバス　今畑線
篭の台,大分市,のつはるコミュニティバス　今畑線
野津原新町,大分バス（株）,"県庁正門前〜木の上〜野津原公民館, 野津原公民館〜木の上〜コンパル入口, 県庁正門前〜わさだタウン〜野津原公民館, 野津原公民館〜わさだタウン〜コンパル"
野津原支所,大分市,"のつはるコミュニティバス　上原線, のつはるコミュニティバス　今市線, のつはるコミュニティバス　下詰線, のつはるコミュニティバス　今畑線"
上篭の台,大分市,のつはるコミュニティバス　今畑線
本福宗入口,大分市,のつはるコミュニティバス　今畑線
白滝橋,大分バス（株）,"県庁正門前〜元町〜戸次, 戸次〜元町〜大分駅前, 梅が丘〜元町〜大分駅前, 辻〜榎峠〜大道〜コンパル入口, 金池ターミナル〜大道〜榎峠〜臼杵駅, 臼杵駅〜榎峠〜大道〜コンパル入口, 県庁正門〜県病〜戸次, 戸次〜県病〜コンパル, 金池ターミナル〜県病〜榎峠〜臼杵駅, 臼杵駅〜榎峠〜県病〜コンパル入口, 金池タ〜県病〜榎峠〜臼杵駅〜臼杵港, 臼杵港〜臼杵駅〜榎峠〜県病〜コンパル入口, 金池タ〜大道〜榎峠〜臼杵駅〜臼杵港, 臼杵港〜臼杵駅〜榎峠〜大道〜コンパル入口"
大分南高校,大分バス（株）,"南高校〜猪野〜加納〜大分駅前, 大分駅〜加納〜猪野〜南高校, 県庁正門〜元町〜分大〜高江〜大南団地北, 大南団地北〜高江〜分大〜元町〜大分駅前, ホルト〜県庁〜元町〜分大〜高江〜大南, 県庁正門〜元町〜高江〜大南団地北, 大南団地北〜高江〜元町〜大分駅前, 大南団地北〜高江〜元町〜駅〜駅南（金池南）, 県庁正門〜大道〜分大〜高江〜大南団地北, 大南団地北〜高江〜分大〜大道〜コンパル, 県庁正門〜大道〜高江〜大南団地北, 大南団地北〜高江〜大道〜コンパル, 大分駅前〜大道〜高江〜大南団地北, 県庁正門〜県病〜分大〜大南団地北, 大南団地北〜分大〜県病〜コンパル, 旦野原〜米良BP〜大分駅（快米良BP停）, PP大分〜敷戸北〜宮崎台〜わさだT〜三愛, わさだタウン〜宮崎台〜敷戸北, 敷戸北〜PP大分"
三国境,由布市,筒口コース
三国境,大分市,のつはるコミュニティバス　今畑線
一の瀬（野津原）,大分バス（株）,"県庁正門前〜木の上〜野津原公民館, 野津原公民館〜木の上〜コンパル入口, 県庁正門前〜わさだタウン〜野津原公民館, 野津原公民館〜わさだタウン〜コンパル"
野津原公民館,大分バス（株）,"県庁正門前〜木の上〜野津原公民館, 野津原公民館〜木の上〜コンパル入口, 県庁正門前〜わさだタウン〜野津原公民館, 野津原公民館〜わさだタウン〜コンパル"
野津原公民館,大分市,"のつはるコミュニティバス　上原線, のつはるコミュニティバス　今市線, のつはるコミュニティバス　下詰線, のつはるコミュニティバス　今畑線"
鹿倉,由布市,"スクールバス阿蘇野コース, 阿蘇野コース"
浜田,臼杵市,佐志生線
浜田,臼津交通（株）,臼関線
けやき台入口,大分バス（株）,"県庁正門〜加納〜猪野〜けやき台四, けやき台四〜猪野〜加納〜大分駅前, けやき台〜猪野〜加納〜駅〜駅南（金池南）"
ふれあいセンター前,臼杵市,佐志生線
ふれあいセンター前,臼津交通（株）,臼関線
高津野,由布市,"スクールバス阿蘇野コース, 阿蘇野コース"
川床（大分）,大分バス（株）,"県庁正門前〜元町〜戸次, 戸次〜元町〜大分駅前, 梅が丘〜元町〜大分駅前, 辻〜榎峠〜大道〜コンパル入口, 金池ターミナル〜大道〜榎峠〜臼杵駅, 臼杵駅〜榎峠〜大道〜コンパル入口, 県庁正門〜県病〜戸次, 戸次〜県病〜コンパル, 金池ターミナル〜県病〜榎峠〜臼杵駅, 臼杵駅〜榎峠〜県病〜コンパル入口, 金池タ〜県病〜榎峠〜臼杵駅〜臼杵港, 臼杵港〜臼杵駅〜榎峠〜県病〜コンパル入口, 金池タ〜大道〜榎峠〜臼杵駅〜臼杵港, 臼杵港〜臼杵駅〜榎峠〜大道〜コンパル入口"
下ノ江駅前,臼杵市,佐志生線
下の江駅前,臼津交通（株）,臼関線
飯田高原ドライブイン,亀の井バス（株）,37　牧の戸峠線
下ノ江浦,臼杵市,佐志生線
下の江浦,臼津交通（株）,臼関線
今畑,大分市,のつはるコミュニティバス　今畑線
矢貫,大分市,のつはるコミュニティバス　今畑線
井岡入口,臼杵市,佐志生線
井岡入口,臼津交通（株）,臼関線
野津原中学校前,大分市,"のつはるコミュニティバス　上原線, のつはるコミュニティバス　今市線, のつはるコミュニティバス　下詰線, のつはるコミュニティバス　今畑線"
汐浜,臼杵市,佐志生線
汐浜,臼津交通（株）,臼関線
けやき台公園前,大分バス（株）,"県庁正門〜加納〜猪野〜けやき台四, けやき台四〜猪野〜加納〜大分駅前, けやき台〜猪野〜加納〜駅〜駅南（金池南）"
牧ノ原,由布市,"スクールバス阿蘇野コース, 阿蘇野コース"
竹の内,大分市,"のつはるコミュニティバス　上原線, のつはるコミュニティバス　今市線, のつはるコミュニティバス　下詰線, のつはるコミュニティバス　今畑線"
けやき台1丁目,大分バス（株）,"県庁正門〜加納〜猪野〜けやき台四, けやき台四〜猪野〜加納〜大分駅前, けやき台〜猪野〜加納〜駅〜駅南（金池南）"
へつぎ病院前,佐伯市,伯大線
へつぎ病院前,大分バス（株）,"金池タ〜戸次〜各停〜佐伯駅（急行・太停）, 佐伯駅〜各停〜戸次〜コンパル（急・太停）, 金池タ〜県病〜各停〜佐伯駅（急行・太停）, 佐伯駅〜各停〜県病〜コンパル（急・太停）, 金池〜県病〜コスモ〜佐伯駅（急）, 佐伯駅〜コスモ〜県病〜コンパル（急）, 県庁正門前〜元町〜戸次, 戸次〜元町〜大分駅前, 梅が丘〜元町〜大分駅前, 辻〜榎峠〜大道〜コンパル入口, 金池ターミナル〜大道〜榎峠〜臼杵駅, 臼杵駅〜榎峠〜大道〜コンパル入口, 県庁正門〜県病〜戸次, 戸次〜県病〜コンパル, 金池ターミナル〜県病〜榎峠〜臼杵駅, 臼杵駅〜榎峠〜県病〜コンパル入口, 金池タ〜県病〜榎峠〜臼杵駅〜臼杵港, 臼杵港〜臼杵駅〜榎峠〜県病〜コンパル入口, 金池タ〜大道〜榎峠〜臼杵駅〜臼杵港, 臼杵港〜臼杵駅〜榎峠〜大道〜コンパル入口, 平清水〜榎峠〜大道〜コンパル入口（特急）"
大野,臼杵市,佐志生線
大野,臼津交通（株）,臼関線
けやき台2丁目,大分バス（株）,"県庁正門〜加納〜猪野〜けやき台四, けやき台四〜猪野〜加納〜大分駅前, けやき台〜猪野〜加納〜駅〜駅南（金池南）"
宮脇,大分市,"のつはるコミュニティバス　上原線, のつはるコミュニティバス　今市線, のつはるコミュニティバス　下詰線"
けやき台4丁目,大分バス（株）,"県庁正門〜加納〜猪野〜けやき台四, けやき台四〜猪野〜加納〜大分駅前, けやき台〜猪野〜加納〜駅〜駅南（金池南）"
戸次,佐伯市,伯大線
戸次,大分バス（株）,"金池タ〜戸次〜各停〜佐伯駅（急行・太停）, 佐伯駅〜各停〜戸次〜コンパル（急・太停）, 金池タ〜県病〜各停〜佐伯駅（急行・太停）, 佐伯駅〜各停〜県病〜コンパル（急・太停）, 金池〜県病〜コスモ〜佐伯駅（急）, 佐伯駅〜コスモ〜県病〜コンパル（急）, 県庁正門前〜元町〜戸次, 戸次〜元町〜大分駅前, 梅が丘〜元町〜大分駅前, 辻〜榎峠〜大道〜コンパル入口, 金池ターミナル〜大道〜榎峠〜臼杵駅, 臼杵駅〜榎峠〜大道〜コンパル入口, 県庁正門〜県病〜戸次, 戸次〜県病〜コンパル, 金池ターミナル〜県病〜榎峠〜臼杵駅, 臼杵駅〜榎峠〜県病〜コンパル入口, 金池タ〜県病〜榎峠〜臼杵駅〜臼杵港, 臼杵港〜臼杵駅〜榎峠〜県病〜コンパル入口, 金池タ〜大道〜榎峠〜臼杵駅〜臼杵港, 臼杵港〜臼杵駅〜榎峠〜大道〜コンパル入口, 平清水〜榎峠〜大道〜コンパル入口（特急）"
原,臼杵市,佐志生線
原,臼津交通（株）,臼関線
下直野,由布市,"スクールバス阿蘇野コース, 阿蘇野コース"
岩崎,臼杵市,佐志生線
岩崎,臼津交通（株）,臼関線
前田,佐伯市,伯大線
前田,大分バス（株）,"金池タ〜戸次〜各停〜佐伯駅（急行・太停）, 佐伯駅〜各停〜戸次〜コンパル（急・太停）, 金池タ〜県病〜各停〜佐伯駅（急行・太停）, 佐伯駅〜各停〜県病〜コンパル（急・太停）, 金池〜県病〜コスモ〜佐伯駅（急）, 佐伯駅〜コスモ〜県病〜コンパル（急）, 梅が丘〜元町〜大分駅前, 辻〜榎峠〜大道〜コンパル入口, 金池ターミナル〜大道〜榎峠〜臼杵駅, 臼杵駅〜榎峠〜大道〜コンパル入口, 金池ターミナル〜県病〜榎峠〜臼杵駅, 臼杵駅〜榎峠〜県病〜コンパル入口, 金池タ〜県病〜榎峠〜臼杵駅〜臼杵港, 臼杵港〜臼杵駅〜榎峠〜県病〜コンパル入口, 金池タ〜大道〜榎峠〜臼杵駅〜臼杵港, 臼杵港〜臼杵駅〜榎峠〜大道〜コンパル入口"
矢の原,大分市,"のつはるコミュニティバス　上原線, のつはるコミュニティバス　今市線, のつはるコミュニティバス　下詰線"
上重,由布市,"スクールバス阿蘇野コース, 阿蘇野コース"
岩下,由布市,阿蘇野コース
太田入口,大分市,"のつはるコミュニティバス　上原線, のつはるコミュニティバス　今市線, のつはるコミュニティバス　下詰線"
中津留,佐伯市,伯大線
中津留（戸次）,大分バス（株）,"金池タ〜戸次〜各停〜佐伯駅（急行・太停）, 佐伯駅〜各停〜戸次〜コンパル（急・太停）, 金池タ〜県病〜各停〜佐伯駅（急行・太停）, 佐伯駅〜各停〜県病〜コンパル（急・太停）, 金池〜県病〜コスモ〜佐伯駅（急）, 佐伯駅〜コスモ〜県病〜コンパル（急）, 梅が丘〜元町〜大分駅前, 辻〜榎峠〜大道〜コンパル入口, 金池ターミナル〜大道〜榎峠〜臼杵駅, 臼杵駅〜榎峠〜大道〜コンパル入口, 金池ターミナル〜県病〜榎峠〜臼杵駅, 臼杵駅〜榎峠〜県病〜コンパル入口, 金池タ〜県病〜榎峠〜臼杵駅〜臼杵港, 臼杵港〜臼杵駅〜榎峠〜県病〜コンパル入口, 金池タ〜大道〜榎峠〜臼杵駅〜臼杵港, 臼杵港〜臼杵駅〜榎峠〜大道〜コンパル入口"
上原,大分市,"のつはるコミュニティバス　上原線, のつはるコミュニティバス　今市線"
下北小学校入口,臼杵市,佐志生線
下北小学校入口,臼津交通（株）,臼関線
通峠,臼杵市,上松線
芹川ダム,竹田市,大分駅線
飛竜野入口,竹田市,大分駅線
小岩戸,大分市,"のつはるコミュニティバス　今市線, のつはるコミュニティバス　下詰線"
中津浦,臼津交通（株）,中津浦線
漢の浦,臼津交通（株）,中津浦線
下北農協前,臼杵市,佐志生線
下北農協前,臼津交通（株）,臼関線
鍛冶屋,臼杵市,上松線
香堂入口,臼杵市,上松線
通,臼杵市,上松線
上北小学校前,臼杵市,上松線
井手下,由布市,"スクールバス阿蘇野コース, 阿蘇野コース"
熊崎支所前,臼杵市,佐志生線
熊崎支所前,臼津交通（株）,臼関線
病院前,臼杵市,上松線
大浜,臼津交通（株）,中津浦線
松原,臼杵市,上松線
原村,大分市,"のつはるコミュニティバス　今市線, のつはるコミュニティバス　下詰線"
平園（直入）,竹田市,大分駅線
嶺,大分バス（株）,"梅が丘〜元町〜大分駅前, 辻〜榎峠〜大道〜コンパル入口, 金池ターミナル〜大道〜榎峠〜臼杵駅, 臼杵駅〜榎峠〜大道〜コンパル入口, 金池ターミナル〜県病〜榎峠〜臼杵駅, 臼杵駅〜榎峠〜県病〜コンパル入口, 金池タ〜県病〜榎峠〜臼杵駅〜臼杵港, 臼杵港〜臼杵駅〜榎峠〜県病〜コンパル入口, 金池タ〜大道〜榎峠〜臼杵駅〜臼杵港, 臼杵港〜臼杵駅〜榎峠〜大道〜コンパル入口"
一里松,臼杵市,上松線
白川病院,臼杵市,上松線
小学校前［旧阿蘇野小］,由布市,"スクールバス阿蘇野コース, 阿蘇野コース"
小学校前,臼津交通（株）,中津浦線
迫（直入）,竹田市,大分駅線
利光,佐伯市,伯大線
日ヶ暮下,由布市,阿蘇野コース
利光,大分バス（株）,"金池タ〜戸次〜各停〜佐伯駅（急行・太停）, 佐伯駅〜各停〜戸次〜コンパル（急・太停）, 金池タ〜県病〜各停〜佐伯駅（急行・太停）, 佐伯駅〜各停〜県病〜コンパル（急・太停）, 金池〜県病〜コスモ〜佐伯駅（急）, 佐伯駅〜コスモ〜県病〜コンパル（急）"
大浜峠,臼津交通（株）,中津浦線
熊崎駅前,臼杵市,佐志生線
熊崎駅前,臼津交通（株）,臼関線
梅園,臼杵市,上松線
小津留,竹田市,大分駅線
津留,臼津交通（株）,中津浦線
岩下,大分市,"のつはるコミュニティバス　今市線, のつはるコミュニティバス　下詰線"
局前,臼津交通（株）,中津浦線
北中学校前,臼杵市,佐志生線
北中学校前,臼津交通（株）,臼関線
湛水,大分市,のつはるコミュニティバス　今市線
若葉区,臼津交通（株）,中津浦線
日ヶ暮上,由布市,阿蘇野コース
地蔵前,臼杵市,上松線
阿蘇野支所前,由布市,"スクールバス阿蘇野コース, 阿蘇野コース"
支所,臼津交通（株）,中津浦線
上利光,佐伯市,伯大線
上利光,大分バス（株）,"金池タ〜戸次〜各停〜佐伯駅（急行・太停）, 佐伯駅〜各停〜戸次〜コンパル（急・太停）, 金池タ〜県病〜各停〜佐伯駅（急行・太停）, 佐伯駅〜各停〜県病〜コンパル（急・太停）, 金池〜県病〜コスモ〜佐伯駅（急）, 佐伯駅〜コスモ〜県病〜コンパル（急）"
一の井手,臼杵市,上松線
弥生,臼杵市,佐志生線
弥生,臼津交通（株）,臼関線
谷（直入）,竹田市,大分駅線
江無田苑,臼杵市,市内循環線
十合野,由布市,阿蘇野コース
久木小野,臼杵市,上松線
第1木保佐,臼杵市,"市内循環線, 南津留線"
住宅前,臼津交通（株）,中津浦線
中中村,由布市,"スクールバス阿蘇野コース, 阿蘇野コース"
長者原温泉,亀の井バス（株）,37　牧の戸峠線
江無田,臼杵市,"市内循環線, 南津留線, 上松線, 佐志生線"
江無田,臼津交通（株）,臼関線
下詰,大分市,"のつはるコミュニティバス　今市線, のつはるコミュニティバス　下詰線"
泊ヶ内,臼津交通（株）,泊ヶ内線
銅尻,佐伯市,伯大線
銅尻,大分バス（株）,"金池タ〜戸次〜各停〜佐伯駅（急行・太停）, 佐伯駅〜各停〜戸次〜コンパル（急・太停）, 金池タ〜県病〜各停〜佐伯駅（急行・太停）, 佐伯駅〜各停〜県病〜コンパル（急・太停）, 金池〜県病〜コスモ〜佐伯駅（急）, 佐伯駅〜コスモ〜県病〜コンパル（急）"
中村,由布市,"スクールバス阿蘇野コース, 阿蘇野コース"
永畑,由布市,阿蘇野コース
サンリブ臼杵,臼杵市,"市内循環線, 南津留線"
臼杵港フェリーターミナル,大分バス（株）,"金池タ〜県病〜榎峠〜臼杵駅〜臼杵港, 臼杵港〜臼杵駅〜榎峠〜県病〜コンパル入口, 金池タ〜大道〜榎峠〜臼杵駅〜臼杵港, 臼杵港〜臼杵駅〜榎峠〜大道〜コンパル入口"
臼杵港フェリーターミナル,臼津交通（株）,臼三線
臼杵港フェリーターミナル,大野竹田バス（株）,臼三線
深江,臼津交通（株）,泊ヶ内線
臼杵市役所,臼杵市,"上松線, 佐志生線"
高津原［庄内町阿蘇野］,由布市,"スクールバス阿蘇野コース, 阿蘇野コース"
葛小野［庄内町］,由布市,"スクールバス阿蘇野コース, 阿蘇野コース"
保健所前,臼杵市,"上松線, 佐志生線"
清水,臼津交通（株）,泊ヶ内線
新地中通り,臼杵市,"市内循環線, 上松線, 佐志生線"
新地中通り,臼津交通（株）,臼関線
塩手入口,竹田市,大分駅線
坪江,臼津交通（株）,泊ヶ内線
コスモス病院,臼杵市,"市内循環線, 南津留線"
川野入口,臼杵市,上松線
古宮,由布市,"スクールバス阿蘇野コース, 阿蘇野コース"
伊小野,由布市,阿蘇野コース
河津原,大分市,のつはるコミュニティバス　今市線
阿蘇野,由布市,"スクールバス阿蘇野コース, 阿蘇野コース"
所小野,由布市,"スクールバス阿蘇野コース, 阿蘇野コース"
中央公民館,臼杵市,市内循環線
公民館前（臼杵）,大分バス（株）,"金池タ〜県病〜榎峠〜臼杵駅〜臼杵港, 臼杵港〜臼杵駅〜榎峠〜県病〜コンパル入口, 金池タ〜大道〜榎峠〜臼杵駅〜臼杵港, 臼杵港〜臼杵駅〜榎峠〜大道〜コンパル入口"
公民館前,臼津交通（株）,臼三線
公民館前,大野竹田バス（株）,臼三線
柿の浦,臼津交通（株）,泊ヶ内線
あすとぴあ,臼杵市,"市内循環線, 南津留線"
城北,大分バス（株）,"金池ターミナル〜大道〜榎峠〜臼杵駅, 臼杵駅〜榎峠〜大道〜コンパル入口, 金池ターミナル〜県病〜榎峠〜臼杵駅, 臼杵駅〜榎峠〜県病〜コンパル入口, 金池タ〜県病〜榎峠〜臼杵駅〜臼杵港, 臼杵港〜臼杵駅〜榎峠〜県病〜コンパル入口, 金池タ〜大道〜榎峠〜臼杵駅〜臼杵港, 臼杵港〜臼杵駅〜榎峠〜大道〜コンパル入口"
城北,臼杵市,"市内循環線, 上松線, 佐志生線"
城北,臼津交通（株）,"臼津線, 泊ヶ内線, 中津浦線, 割後場線, 臼関線, 臼三線"
城北,大野竹田バス（株）,臼三線
破磯,臼津交通（株）,泊ヶ内線
ロングヒル入口,大分バス（株）,"梅が丘〜元町〜大分駅前, 辻〜榎峠〜大道〜コンパル入口, 金池ターミナル〜大道〜榎峠〜臼杵駅, 臼杵駅〜榎峠〜大道〜コンパル入口, 金池ターミナル〜県病〜榎峠〜臼杵駅, 臼杵駅〜榎峠〜県病〜コンパル入口, 金池タ〜県病〜榎峠〜臼杵駅〜臼杵港, 臼杵港〜臼杵駅〜榎峠〜県病〜コンパル入口, 金池タ〜大道〜榎峠〜臼杵駅〜臼杵港, 臼杵港〜臼杵駅〜榎峠〜大道〜コンパル入口, 平清水〜榎峠〜大道〜コンパル入口（特急）"
農協倉庫前（直入）,竹田市,大分駅線
新地,臼津交通（株）,"中津浦線, 臼関線"
鯖代,臼津交通（株）,泊ヶ内線
新地,臼杵市,"上松線, 佐志生線"
辻口,大分バス（株）,"辻〜榎峠〜大道〜コンパル入口, 金池ターミナル〜大道〜榎峠〜臼杵駅, 臼杵駅〜榎峠〜大道〜コンパル入口, 金池ターミナル〜県病〜榎峠〜臼杵駅, 臼杵駅〜榎峠〜県病〜コンパル入口, 金池タ〜県病〜榎峠〜臼杵駅〜臼杵港, 臼杵港〜臼杵駅〜榎峠〜県病〜コンパル入口, 金池タ〜大道〜榎峠〜臼杵駅〜臼杵港, 臼杵港〜臼杵駅〜榎峠〜大道〜コンパル入口"
辻口,臼杵市,"上松線, 佐志生線"
辻口,臼津交通（株）,"臼津線, 泊ヶ内線, 中津浦線, 割後場線, 臼関線, 臼三線"
辻口,大野竹田バス（株）,臼三線
梅が丘二丁目北,大分バス（株）,"梅が丘〜元町〜大分駅前, 辻〜榎峠〜大道〜コンパル入口, 金池ターミナル〜大道〜榎峠〜臼杵駅, 臼杵駅〜榎峠〜大道〜コンパル入口, 金池ターミナル〜県病〜榎峠〜臼杵駅, 臼杵駅〜榎峠〜県病〜コンパル入口, 金池タ〜県病〜榎峠〜臼杵駅〜臼杵港, 臼杵港〜臼杵駅〜榎峠〜県病〜コンパル入口, 金池タ〜大道〜榎峠〜臼杵駅〜臼杵港, 臼杵港〜臼杵駅〜榎峠〜大道〜コンパル入口, 平清水〜榎峠〜大道〜コンパル入口（特急）"
台（直入）,竹田市,大分駅線
苙場,臼津交通（株）,泊ヶ内線
水ヶ浦,臼津交通（株）,泊ヶ内線
久保浦,臼津交通（株）,泊ヶ内線
下市浜,臼杵市,市内循環線
城南,大分バス（株）,"金池ターミナル〜大道〜榎峠〜臼杵駅, 臼杵駅〜榎峠〜大道〜コンパル入口, 金池ターミナル〜県病〜榎峠〜臼杵駅, 臼杵駅〜榎峠〜県病〜コンパル入口, 金池タ〜県病〜榎峠〜臼杵駅〜臼杵港, 臼杵港〜臼杵駅〜榎峠〜県病〜コンパル入口, 金池タ〜大道〜榎峠〜臼杵駅〜臼杵港, 臼杵港〜臼杵駅〜榎峠〜大道〜コンパル入口"
城南,臼杵市,市内循環線
城南,臼津交通（株）,"臼津線, 泊ヶ内線, 中津浦線, 割後場線, 臼関線, 臼三線"
城南,大野竹田バス（株）,臼三線
板知屋,臼津交通（株）,泊ヶ内線
梅が丘一丁目,大分バス（株）,"梅が丘〜元町〜大分駅前, 辻〜榎峠〜大道〜コンパル入口, 金池ターミナル〜大道〜榎峠〜臼杵駅, 臼杵駅〜榎峠〜大道〜コンパル入口, 金池ターミナル〜県病〜榎峠〜臼杵駅, 臼杵駅〜榎峠〜県病〜コンパル入口, 金池タ〜県病〜榎峠〜臼杵駅〜臼杵港, 臼杵港〜臼杵駅〜榎峠〜県病〜コンパル入口, 金池タ〜大道〜榎峠〜臼杵駅〜臼杵港, 臼杵港〜臼杵駅〜榎峠〜大道〜コンパル入口, 平清水〜榎峠〜大道〜コンパル入口（特急）"
上詰,大分市,のつはるコミュニティバス　今市線
下り松,臼津交通（株）,泊ヶ内線
下町,大分市,のつはるコミュニティバス　今市線
観光交流プラザ,臼杵市,"市内循環線, 南津留線"
仲村,竹田市,大分駅線
螺貝,竹田市,大分駅線
清流橋,臼津交通（株）,泊ヶ内線
梅が丘二丁目南,大分バス（株）,"梅が丘〜元町〜大分駅前, 辻〜榎峠〜大道〜コンパル入口, 金池ターミナル〜大道〜榎峠〜臼杵駅, 臼杵駅〜榎峠〜大道〜コンパル入口, 金池ターミナル〜県病〜榎峠〜臼杵駅, 臼杵駅〜榎峠〜県病〜コンパル入口, 金池タ〜県病〜榎峠〜臼杵駅〜臼杵港, 臼杵港〜臼杵駅〜榎峠〜県病〜コンパル入口, 金池タ〜大道〜榎峠〜臼杵駅〜臼杵港, 臼杵港〜臼杵駅〜榎峠〜大道〜コンパル入口, 平清水〜榎峠〜大道〜コンパル入口（特急）"
板川野,臼杵市,上松線
辻（臼杵）,大分バス（株）,"辻〜榎峠〜大道〜コンパル入口, 臼杵駅〜榎峠〜大道〜コンパル入口, 臼杵駅〜榎峠〜県病〜コンパル入口, 臼杵港〜臼杵駅〜榎峠〜県病〜コンパル入口, 臼杵港〜臼杵駅〜榎峠〜大道〜コンパル入口"
辻,臼津交通（株）,"臼津線, 泊ヶ内線, 中津浦線, 割後場線, 臼関線, 臼三線"
辻,大野竹田バス（株）,臼三線
鳴川,臼津交通（株）,泊ヶ内線
臼津交通本社前,臼杵市,城崎線
辻,臼杵市,"市内循環線, 上松線, 佐志生線"
市浜,臼杵市,"上松線, 佐志生線"
市浜,臼津交通（株）,"臼津線, 中津浦線, 臼関線"
萩原入口,竹田市,大分駅線
サーラ・デ・うすき,臼杵市,市内循環線
住吉橋,大分バス（株）,"辻〜榎峠〜大道〜コンパル入口, 金池ターミナル〜大道〜榎峠〜臼杵駅, 臼杵駅〜榎峠〜大道〜コンパル入口, 金池ターミナル〜県病〜榎峠〜臼杵駅, 臼杵駅〜榎峠〜県病〜コンパル入口, 金池タ〜県病〜榎峠〜臼杵駅〜臼杵港, 臼杵港〜臼杵駅〜榎峠〜県病〜コンパル入口, 金池タ〜大道〜榎峠〜臼杵駅〜臼杵港, 臼杵港〜臼杵駅〜榎峠〜大道〜コンパル入口"
住吉橋,臼杵市,"市内循環線, 上松線, 佐志生線"
住吉橋,臼津交通（株）,"臼津線, 中津浦線, 割後場線, 臼関線, 臼三線"
住吉橋,大野竹田バス（株）,臼三線
臼杵市歴史資料館,臼杵市,市内循環線
本丁,臼杵市,市内循環線
本丁,臼津交通（株）,臼津線
梅が丘公園前,大分バス（株）,"梅が丘〜元町〜大分駅前, 辻〜榎峠〜大道〜コンパル入口, 金池ターミナル〜大道〜榎峠〜臼杵駅, 臼杵駅〜榎峠〜大道〜コンパル入口, 金池ターミナル〜県病〜榎峠〜臼杵駅, 臼杵駅〜榎峠〜県病〜コンパル入口, 金池タ〜県病〜榎峠〜臼杵駅〜臼杵港, 臼杵港〜臼杵駅〜榎峠〜県病〜コンパル入口, 金池タ〜大道〜榎峠〜臼杵駅〜臼杵港, 臼杵港〜臼杵駅〜榎峠〜大道〜コンパル入口, 平清水〜榎峠〜大道〜コンパル入口（特急）"
大塔,佐伯市,伯大線
大塔,大分バス（株）,"金池タ〜戸次〜各停〜佐伯駅（急行・太停）, 佐伯駅〜各停〜戸次〜コンパル（急・太停）, 金池タ〜県病〜各停〜佐伯駅（急行・太停）, 佐伯駅〜各停〜県病〜コンパル（急・太停）, 金池〜県病〜コスモ〜佐伯駅（急）, 佐伯駅〜コスモ〜県病〜コンパル（急）"
畳屋町駐車場前,臼杵市,市内循環線
臼杵駅,大分バス（株）,"金池ターミナル〜大道〜榎峠〜臼杵駅, 臼杵駅〜榎峠〜大道〜コンパル入口, 金池ターミナル〜県病〜榎峠〜臼杵駅, 臼杵駅〜榎峠〜県病〜コンパル入口, 金池タ〜県病〜榎峠〜臼杵駅〜臼杵港, 臼杵港〜臼杵駅〜榎峠〜県病〜コンパル入口, 金池タ〜大道〜榎峠〜臼杵駅〜臼杵港, 臼杵港〜臼杵駅〜榎峠〜大道〜コンパル入口"
臼杵駅,臼杵市,市内循環線
臼杵駅,臼津交通（株）,"臼津線, 泊ヶ内線, 中津浦線, 割後場線, 臼関線, 臼三線"
臼杵駅,大野竹田バス（株）,臼三線
上浦緑の園前,臼津交通（株）,泊ヶ内線
田町,臼杵市,市内循環線
上藤目,竹田市,大分駅線
くじゅう登山口,亀の井バス（株）,37　牧の戸峠線
横網代,臼津交通（株）,泊ヶ内線
北海添,臼杵市,市内循環線
市浜コミュニティセンター,臼杵市,市内循環線
市浜入口,臼杵市,"市内循環線, 上松線, 佐志生線"
市浜入口,臼津交通（株）,"臼津線, 中津浦線, 臼関線"
海添,臼津交通（株）,臼津線
平清水,大分バス（株）,"辻〜榎峠〜大道〜コンパル入口, 金池ターミナル〜大道〜榎峠〜臼杵駅, 臼杵駅〜榎峠〜大道〜コンパル入口, 金池ターミナル〜県病〜榎峠〜臼杵駅, 臼杵駅〜榎峠〜県病〜コンパル入口, 金池タ〜県病〜榎峠〜臼杵駅〜臼杵港, 臼杵港〜臼杵駅〜榎峠〜県病〜コンパル入口, 金池タ〜大道〜榎峠〜臼杵駅〜臼杵港, 臼杵港〜臼杵駅〜榎峠〜大道〜コンパル入口, 平清水〜榎峠〜大道〜コンパル入口（特急）"
平清水,臼杵市,"城崎線, 上松線, 佐志生線"
平清水,臼津交通（株）,"臼津線, 中津浦線, 割後場線, 臼関線, 臼三線"
平清水,大野竹田バス（株）,臼三線
九重登山口花山酔前,亀の井バス（株）,37　牧の戸峠線
下藤目,竹田市,大分駅線
杉原,大分バス（株）,"辻〜榎峠〜大道〜コンパル入口, 金池ターミナル〜大道〜榎峠〜臼杵駅, 臼杵駅〜榎峠〜大道〜コンパル入口, 金池ターミナル〜県病〜榎峠〜臼杵駅, 臼杵駅〜榎峠〜県病〜コンパル入口, 金池タ〜県病〜榎峠〜臼杵駅〜臼杵港, 臼杵港〜臼杵駅〜榎峠〜県病〜コンパル入口, 金池タ〜大道〜榎峠〜臼杵駅〜臼杵港, 臼杵港〜臼杵駅〜榎峠〜大道〜コンパル入口, 平清水〜榎峠〜大道〜コンパル入口（特急）"
塩田公民館前,臼杵市,市内循環線
井上,臼杵市,上松線
須郷入口,竹田市,大分駅線
梶屋,竹田市,大分駅線
西海添,臼杵市,市内循環線
奥（吉野）,大分バス（株）,"辻〜榎峠〜大道〜コンパル入口, 金池ターミナル〜大道〜榎峠〜臼杵駅, 臼杵駅〜榎峠〜大道〜コンパル入口, 金池ターミナル〜県病〜榎峠〜臼杵駅, 臼杵駅〜榎峠〜県病〜コンパル入口, 金池タ〜県病〜榎峠〜臼杵駅〜臼杵港, 臼杵港〜臼杵駅〜榎峠〜県病〜コンパル入口, 金池タ〜大道〜榎峠〜臼杵駅〜臼杵港, 臼杵港〜臼杵駅〜榎峠〜大道〜コンパル入口"
楠屋,臼津交通（株）,"楠屋・堅浦線, 楠屋・堅浦線　四浦線"
中洲住宅前,臼杵市,市内循環線
今市,大分市,のつはるコミュニティバス　今市線
風成,臼津交通（株）,泊ヶ内線
下山中,大分市,のつはるコミュニティバス　今市線
平田（大分）,大分バス（株）,"辻〜榎峠〜大道〜コンパル入口, 金池ターミナル〜大道〜榎峠〜臼杵駅, 臼杵駅〜榎峠〜大道〜コンパル入口, 金池ターミナル〜県病〜榎峠〜臼杵駅, 臼杵駅〜榎峠〜県病〜コンパル入口, 金池タ〜県病〜榎峠〜臼杵駅〜臼杵港, 臼杵港〜臼杵駅〜榎峠〜県病〜コンパル入口, 金池タ〜大道〜榎峠〜臼杵駅〜臼杵港, 臼杵港〜臼杵駅〜榎峠〜大道〜コンパル入口, 平清水〜榎峠〜大道〜コンパル入口（特急）"
大泊,臼津交通（株）,泊ヶ内線
藤目,竹田市,大分駅線
南海添,臼杵市,市内循環線
筒井,佐伯市,伯大線
筒井（大分）,大分バス（株）,"金池タ〜戸次〜各停〜佐伯駅（急行・太停）, 佐伯駅〜各停〜戸次〜コンパル（急・太停）, 金池タ〜県病〜各停〜佐伯駅（急行・太停）, 佐伯駅〜各停〜県病〜コンパル（急・太停）, 金池〜県病〜コスモ〜佐伯駅（急）, 佐伯駅〜コスモ〜県病〜コンパル（急）"
上松,臼杵市,上松線
よしの診療所入口,大分バス（株）,"辻〜榎峠〜大道〜コンパル入口, 金池ターミナル〜大道〜榎峠〜臼杵駅, 臼杵駅〜榎峠〜大道〜コンパル入口, 金池ターミナル〜県病〜榎峠〜臼杵駅, 臼杵駅〜榎峠〜県病〜コンパル入口, 金池タ〜県病〜榎峠〜臼杵駅〜臼杵港, 臼杵港〜臼杵駅〜榎峠〜県病〜コンパル入口, 金池タ〜大道〜榎峠〜臼杵駅〜臼杵港, 臼杵港〜臼杵駅〜榎峠〜大道〜コンパル入口"
土橋,大分バス（株）,"辻〜榎峠〜大道〜コンパル入口, 金池ターミナル〜大道〜榎峠〜臼杵駅, 臼杵駅〜榎峠〜大道〜コンパル入口, 金池ターミナル〜県病〜榎峠〜臼杵駅, 臼杵駅〜榎峠〜県病〜コンパル入口, 金池タ〜県病〜榎峠〜臼杵駅〜臼杵港, 臼杵港〜臼杵駅〜榎峠〜県病〜コンパル入口, 金池タ〜大道〜榎峠〜臼杵駅〜臼杵港, 臼杵港〜臼杵駅〜榎峠〜大道〜コンパル入口, 平清水〜榎峠〜大道〜コンパル入口（特急）"
土橋,臼杵市,城崎線
土橋,臼津交通（株）,"割後場線, 臼三線"
土橋,大野竹田バス（株）,臼三線
バイパス市浜,臼杵市,市内循環線
寒の地獄,亀の井バス（株）,37　牧の戸峠線
月形（大分）,大分バス（株）,"辻〜榎峠〜大道〜コンパル入口, 金池ターミナル〜大道〜榎峠〜臼杵駅, 臼杵駅〜榎峠〜大道〜コンパル入口, 金池ターミナル〜県病〜榎峠〜臼杵駅, 臼杵駅〜榎峠〜県病〜コンパル入口, 金池タ〜県病〜榎峠〜臼杵駅〜臼杵港, 臼杵港〜臼杵駅〜榎峠〜県病〜コンパル入口, 金池タ〜大道〜榎峠〜臼杵駅〜臼杵港, 臼杵港〜臼杵駅〜榎峠〜大道〜コンパル入口"
上松,大分バス（株）,"辻〜榎峠〜大道〜コンパル入口, 金池ターミナル〜大道〜榎峠〜臼杵駅, 臼杵駅〜榎峠〜大道〜コンパル入口, 金池ターミナル〜県病〜榎峠〜臼杵駅, 臼杵駅〜榎峠〜県病〜コンパル入口, 金池タ〜県病〜榎峠〜臼杵駅〜臼杵港, 臼杵港〜臼杵駅〜榎峠〜県病〜コンパル入口, 金池タ〜大道〜榎峠〜臼杵駅〜臼杵港, 臼杵港〜臼杵駅〜榎峠〜大道〜コンパル入口"
二又（直入）,竹田市,大分駅線
上塩田,臼杵市,市内循環線
吉野,大分バス（株）,"辻〜榎峠〜大道〜コンパル入口, 金池ターミナル〜大道〜榎峠〜臼杵駅, 臼杵駅〜榎峠〜大道〜コンパル入口, 金池ターミナル〜県病〜榎峠〜臼杵駅, 臼杵駅〜榎峠〜県病〜コンパル入口, 金池タ〜県病〜榎峠〜臼杵駅〜臼杵港, 臼杵港〜臼杵駅〜榎峠〜県病〜コンパル入口, 金池タ〜大道〜榎峠〜臼杵駅〜臼杵港, 臼杵港〜臼杵駅〜榎峠〜大道〜コンパル入口, 平清水〜榎峠〜大道〜コンパル入口（特急）"
柳原橋,臼津交通（株）,臼津線
上町,大分市,のつはるコミュニティバス　今市線
温井入口,大分バス（株）,"辻〜榎峠〜大道〜コンパル入口, 金池ターミナル〜大道〜榎峠〜臼杵駅, 臼杵駅〜榎峠〜大道〜コンパル入口, 金池ターミナル〜県病〜榎峠〜臼杵駅, 臼杵駅〜榎峠〜県病〜コンパル入口, 金池タ〜県病〜榎峠〜臼杵駅〜臼杵港, 臼杵港〜臼杵駅〜榎峠〜県病〜コンパル入口, 金池タ〜大道〜榎峠〜臼杵駅〜臼杵港, 臼杵港〜臼杵駅〜榎峠〜大道〜コンパル入口, 平清水〜榎峠〜大道〜コンパル入口（特急）"
温井入口,臼杵市,城崎線
温井入口,臼津交通（株）,"割後場線, 臼三線"
温井入口,大野竹田バス（株）,臼三線
星生温泉,亀の井バス（株）,37　牧の戸峠線
鍛治屋橋（臼杵）,大分バス（株）,"辻〜榎峠〜大道〜コンパル入口, 金池ターミナル〜大道〜榎峠〜臼杵駅, 臼杵駅〜榎峠〜大道〜コンパル入口, 金池ターミナル〜県病〜榎峠〜臼杵駅, 臼杵駅〜榎峠〜県病〜コンパル入口, 金池タ〜県病〜榎峠〜臼杵駅〜臼杵港, 臼杵港〜臼杵駅〜榎峠〜県病〜コンパル入口, 金池タ〜大道〜榎峠〜臼杵駅〜臼杵港, 臼杵港〜臼杵駅〜榎峠〜大道〜コンパル入口, 平清水〜榎峠〜大道〜コンパル入口（特急）"
石川野,大分バス（株）,"辻〜榎峠〜大道〜コンパル入口, 金池ターミナル〜大道〜榎峠〜臼杵駅, 臼杵駅〜榎峠〜大道〜コンパル入口, 金池ターミナル〜県病〜榎峠〜臼杵駅, 臼杵駅〜榎峠〜県病〜コンパル入口, 金池タ〜県病〜榎峠〜臼杵駅〜臼杵港, 臼杵港〜臼杵駅〜榎峠〜県病〜コンパル入口, 金池タ〜大道〜榎峠〜臼杵駅〜臼杵港, 臼杵港〜臼杵駅〜榎峠〜大道〜コンパル入口"
野田商業通り,臼杵市,"市内循環線, 南津留線"
山中,大分市,のつはるコミュニティバス　今市線
明法寺,大分バス（株）,"辻〜榎峠〜大道〜コンパル入口, 金池ターミナル〜大道〜榎峠〜臼杵駅, 臼杵駅〜榎峠〜大道〜コンパル入口, 金池ターミナル〜県病〜榎峠〜臼杵駅, 臼杵駅〜榎峠〜県病〜コンパル入口, 金池タ〜県病〜榎峠〜臼杵駅〜臼杵港, 臼杵港〜臼杵駅〜榎峠〜県病〜コンパル入口, 金池タ〜大道〜榎峠〜臼杵駅〜臼杵港, 臼杵港〜臼杵駅〜榎峠〜大道〜コンパル入口"
手無地蔵,大分バス（株）,"辻〜榎峠〜大道〜コンパル入口, 金池ターミナル〜大道〜榎峠〜臼杵駅, 臼杵駅〜榎峠〜大道〜コンパル入口, 金池ターミナル〜県病〜榎峠〜臼杵駅, 臼杵駅〜榎峠〜県病〜コンパル入口, 金池タ〜県病〜榎峠〜臼杵駅〜臼杵港, 臼杵港〜臼杵駅〜榎峠〜県病〜コンパル入口, 金池タ〜大道〜榎峠〜臼杵駅〜臼杵港, 臼杵港〜臼杵駅〜榎峠〜大道〜コンパル入口"
手無地蔵,臼杵市,城崎線
手無地蔵,臼津交通（株）,"割後場線, 臼三線"
手無地蔵,大野竹田バス（株）,臼三線
釜戸,臼津交通（株）,"楠屋・堅浦線, 楠屋・堅浦線　四浦線"
臼杵インター,大分バス（株）,佐伯駅〜パークプレイス下〜大分空港
野田入口（臼杵）,大分バス（株）,"辻〜榎峠〜大道〜コンパル入口, 金池ターミナル〜大道〜榎峠〜臼杵駅, 臼杵駅〜榎峠〜大道〜コンパル入口, 金池ターミナル〜県病〜榎峠〜臼杵駅, 臼杵駅〜榎峠〜県病〜コンパル入口, 金池タ〜県病〜榎峠〜臼杵駅〜臼杵港, 臼杵港〜臼杵駅〜榎峠〜県病〜コンパル入口, 金池タ〜大道〜榎峠〜臼杵駅〜臼杵港, 臼杵港〜臼杵駅〜榎峠〜大道〜コンパル入口"
野田入口,臼杵市,城崎線
野田入口,臼津交通（株）,"割後場線, 臼三線"
野田入口,大野竹田バス（株）,臼三線
くじゅう温泉やまなみ荘前,亀の井バス（株）,37　牧の戸峠線
日向,大分市,のつはるコミュニティバス　今市線
長目小学校前,臼津交通（株）,"楠屋・堅浦線, 楠屋・堅浦線　四浦線"
久保浦,臼津交通（株）,"楠屋・堅浦線, 楠屋・堅浦線　四浦線"
今市入口,大分市,のつはるコミュニティバス　今市線
白馬渓,大分バス（株）,"辻〜榎峠〜大道〜コンパル入口, 金池ターミナル〜大道〜榎峠〜臼杵駅, 臼杵駅〜榎峠〜大道〜コンパル入口, 金池ターミナル〜県病〜榎峠〜臼杵駅, 臼杵駅〜榎峠〜県病〜コンパル入口, 金池タ〜県病〜榎峠〜臼杵駅〜臼杵港, 臼杵港〜臼杵駅〜榎峠〜県病〜コンパル入口, 金池タ〜大道〜榎峠〜臼杵駅〜臼杵港, 臼杵港〜臼杵駅〜榎峠〜大道〜コンパル入口"
白馬渓,臼杵市,城崎線
白馬渓,臼津交通（株）,"割後場線, 臼三線"
白馬渓,大野竹田バス（株）,臼三線
牧の戸温泉入口,亀の井バス（株）,37　牧の戸峠線
長目,臼津交通（株）,"楠屋・堅浦線, 楠屋・堅浦線　四浦線"
釘小野,竹田市,大分駅線
影の木,佐伯市,伯大線
影の木,大分バス（株）,"金池タ〜戸次〜各停〜佐伯駅（急行・太停）, 佐伯駅〜各停〜戸次〜コンパル（急・太停）, 金池タ〜県病〜各停〜佐伯駅（急行・太停）, 佐伯駅〜各停〜県病〜コンパル（急・太停）, 金池〜県病〜コスモ〜佐伯駅（急）, 佐伯駅〜コスモ〜県病〜コンパル（急）"
岩屋川,大分バス（株）,"辻〜榎峠〜大道〜コンパル入口, 金池ターミナル〜大道〜榎峠〜臼杵駅, 臼杵駅〜榎峠〜大道〜コンパル入口, 金池ターミナル〜県病〜榎峠〜臼杵駅, 臼杵駅〜榎峠〜県病〜コンパル入口, 金池タ〜県病〜榎峠〜臼杵駅〜臼杵港, 臼杵港〜臼杵駅〜榎峠〜県病〜コンパル入口, 金池タ〜大道〜榎峠〜臼杵駅〜臼杵港, 臼杵港〜臼杵駅〜榎峠〜大道〜コンパル入口"
今市連絡所前,大分市,のつはるコミュニティバス　今市線
伊崎,臼津交通（株）,"楠屋・堅浦線, 楠屋・堅浦線　四浦線"
清太郎,大分バス（株）,"辻〜榎峠〜大道〜コンパル入口, 金池ターミナル〜大道〜榎峠〜臼杵駅, 臼杵駅〜榎峠〜大道〜コンパル入口, 金池ターミナル〜県病〜榎峠〜臼杵駅, 臼杵駅〜榎峠〜県病〜コンパル入口, 金池タ〜県病〜榎峠〜臼杵駅〜臼杵港, 臼杵港〜臼杵駅〜榎峠〜県病〜コンパル入口, 金池タ〜大道〜榎峠〜臼杵駅〜臼杵港, 臼杵港〜臼杵駅〜榎峠〜大道〜コンパル入口, 平清水〜榎峠〜大道〜コンパル入口（特急）"
清太郎,臼杵市,城崎線
清太郎,臼津交通（株）,"割後場線, 臼三線"
清太郎,大野竹田バス（株）,臼三線
貫原,豊後大野市,"安藤線, 貫原・菅田線"
貫原,大野竹田バス（株）,貫原線
長目入口,臼津交通（株）,"楠屋・堅浦線, 楠屋・堅浦線　四浦線"
石合原,大分市,のつはるコミュニティバス　今市線
中臼杵,大分バス（株）,"辻〜榎峠〜大道〜コンパル入口, 金池ターミナル〜大道〜榎峠〜臼杵駅, 臼杵駅〜榎峠〜大道〜コンパル入口, 金池ターミナル〜県病〜榎峠〜臼杵駅, 臼杵駅〜榎峠〜県病〜コンパル入口, 金池タ〜県病〜榎峠〜臼杵駅〜臼杵港, 臼杵港〜臼杵駅〜榎峠〜県病〜コンパル入口, 金池タ〜大道〜榎峠〜臼杵駅〜臼杵港, 臼杵港〜臼杵駅〜榎峠〜大道〜コンパル入口"
名子山,竹田市,大分駅線
浦代,臼津交通（株）,"楠屋・堅浦線, 楠屋・堅浦線　四浦線"
内畑,臼津交通（株）,臼津線
上リ尾,佐伯市,伯大線
上り尾,大分バス（株）,"金池タ〜戸次〜各停〜佐伯駅（急行・太停）, 佐伯駅〜各停〜戸次〜コンパル（急・太停）, 金池タ〜県病〜各停〜佐伯駅（急行・太停）, 佐伯駅〜各停〜県病〜コンパル（急・太停）, 金池〜県病〜コスモ〜佐伯駅（急）, 佐伯駅〜コスモ〜県病〜コンパル（急）"
粟手原,大分バス（株）,"辻〜榎峠〜大道〜コンパル入口, 金池ターミナル〜大道〜榎峠〜臼杵駅, 臼杵駅〜榎峠〜大道〜コンパル入口, 金池ターミナル〜県病〜榎峠〜臼杵駅, 臼杵駅〜榎峠〜県病〜コンパル入口, 金池タ〜県病〜榎峠〜臼杵駅〜臼杵港, 臼杵港〜臼杵駅〜榎峠〜県病〜コンパル入口, 金池タ〜大道〜榎峠〜臼杵駅〜臼杵港, 臼杵港〜臼杵駅〜榎峠〜大道〜コンパル入口"
粟手原,臼杵市,城崎線
粟手原,臼津交通（株）,"割後場線, 臼三線"
粟手原,大野竹田バス（株）,臼三線
向谷,竹田市,大分駅線
とよみ園,臼津交通（株）,"楠屋・堅浦線, 楠屋・堅浦線　四浦線"
広原,大分バス（株）,"辻〜榎峠〜大道〜コンパル入口, 金池ターミナル〜大道〜榎峠〜臼杵駅, 臼杵駅〜榎峠〜大道〜コンパル入口, 金池ターミナル〜県病〜榎峠〜臼杵駅, 臼杵駅〜榎峠〜県病〜コンパル入口, 金池タ〜県病〜榎峠〜臼杵駅〜臼杵港, 臼杵港〜臼杵駅〜榎峠〜県病〜コンパル入口, 金池タ〜大道〜榎峠〜臼杵駅〜臼杵港, 臼杵港〜臼杵駅〜榎峠〜大道〜コンパル入口"
薮園,大野竹田バス（株）,貫原線
望月,大分バス（株）,"辻〜榎峠〜大道〜コンパル入口, 金池ターミナル〜大道〜榎峠〜臼杵駅, 臼杵駅〜榎峠〜大道〜コンパル入口, 金池ターミナル〜県病〜榎峠〜臼杵駅, 臼杵駅〜榎峠〜県病〜コンパル入口, 金池タ〜県病〜榎峠〜臼杵駅〜臼杵港, 臼杵港〜臼杵駅〜榎峠〜県病〜コンパル入口, 金池タ〜大道〜榎峠〜臼杵駅〜臼杵港, 臼杵港〜臼杵駅〜榎峠〜大道〜コンパル入口"
望月,臼杵市,城崎線
望月,臼津交通（株）,"割後場線, 臼三線"
望月,大野竹田バス（株）,臼三線
立花海岸,臼津交通（株）,"楠屋・堅浦線, 楠屋・堅浦線　四浦線"
一本杉,豊後大野市,"安藤線, 貫原・菅田線"
一本杉,大野竹田バス（株）,貫原線
牧の戸峠,亀の井バス（株）,37　牧の戸峠線
安藤,豊後大野市,"安藤線, 貫原・菅田線"
安藤,大野竹田バス（株）,貫原線
間元,臼津交通（株）,四浦線
篭の瀬,大分バス（株）,"辻〜榎峠〜大道〜コンパル入口, 金池ターミナル〜大道〜榎峠〜臼杵駅, 臼杵駅〜榎峠〜大道〜コンパル入口, 金池ターミナル〜県病〜榎峠〜臼杵駅, 臼杵駅〜榎峠〜県病〜コンパル入口, 金池タ〜県病〜榎峠〜臼杵駅〜臼杵港, 臼杵港〜臼杵駅〜榎峠〜県病〜コンパル入口, 金池タ〜大道〜榎峠〜臼杵駅〜臼杵港, 臼杵港〜臼杵駅〜榎峠〜大道〜コンパル入口"
籠の瀬,臼津交通（株）,臼三線
籠の瀬,大野竹田バス（株）,臼三線
立花,臼津交通（株）,"楠屋・堅浦線, 楠屋・堅浦線　四浦線"
深田（臼杵）,大分バス（株）,"辻〜榎峠〜大道〜コンパル入口, 金池ターミナル〜大道〜榎峠〜臼杵駅, 臼杵駅〜榎峠〜大道〜コンパル入口, 金池ターミナル〜県病〜榎峠〜臼杵駅, 臼杵駅〜榎峠〜県病〜コンパル入口, 金池タ〜県病〜榎峠〜臼杵駅〜臼杵港, 臼杵港〜臼杵駅〜榎峠〜県病〜コンパル入口, 金池タ〜大道〜榎峠〜臼杵駅〜臼杵港, 臼杵港〜臼杵駅〜榎峠〜大道〜コンパル入口, 平清水〜榎峠〜大道〜コンパル入口（特急）"
深田,臼杵市,城崎線
深田,臼津交通（株）,"割後場線, 臼三線"
深田,大野竹田バス（株）,臼三線
萩迫入口,竹田市,大分駅線
南津留コミュニティセンター,臼杵市,南津留線
竹場,大分バス（株）,"辻〜榎峠〜大道〜コンパル入口, 金池ターミナル〜大道〜榎峠〜臼杵駅, 臼杵駅〜榎峠〜大道〜コンパル入口, 金池ターミナル〜県病〜榎峠〜臼杵駅, 臼杵駅〜榎峠〜県病〜コンパル入口, 金池タ〜県病〜榎峠〜臼杵駅〜臼杵港, 臼杵港〜臼杵駅〜榎峠〜県病〜コンパル入口, 金池タ〜大道〜榎峠〜臼杵駅〜臼杵港, 臼杵港〜臼杵駅〜榎峠〜大道〜コンパル入口, 平清水〜榎峠〜大道〜コンパル入口（特急）"
竹場,臼杵市,城崎線
竹場,大野竹田バス（株）,臼三線
竹場,臼津交通（株）,"割後場線, 臼三線"
西泊,臼津交通（株）,四浦線
堅浦,臼津交通（株）,"楠屋・堅浦線, 楠屋・堅浦線　四浦線"
障子岩,大分バス（株）,"辻〜榎峠〜大道〜コンパル入口, 金池ターミナル〜大道〜榎峠〜臼杵駅, 臼杵駅〜榎峠〜大道〜コンパル入口, 金池ターミナル〜県病〜榎峠〜臼杵駅, 臼杵駅〜榎峠〜県病〜コンパル入口, 金池タ〜県病〜榎峠〜臼杵駅〜臼杵港, 臼杵港〜臼杵駅〜榎峠〜県病〜コンパル入口, 金池タ〜大道〜榎峠〜臼杵駅〜臼杵港, 臼杵港〜臼杵駅〜榎峠〜大道〜コンパル入口, 平清水〜榎峠〜大道〜コンパル入口（特急）"
障子岩,臼津交通（株）,臼三線
障子岩,大野竹田バス（株）,臼三線
田附,豊後大野市,"安藤線, 貫原・菅田線"
田附,大野竹田バス（株）,貫原線
中央線入口,竹田市,大分駅線
学校前,臼津交通（株）,"楠屋・堅浦線, 楠屋・堅浦線　四浦線"
久保浦団地,臼津交通（株）,"楠屋・堅浦線, 楠屋・堅浦線　四浦線"
木ケ畑橋,臼津交通（株）,臼三線
木ケ畑橋,大野竹田バス（株）,臼三線
臼杵石仏,大分バス（株）,"辻〜榎峠〜大道〜コンパル入口, 金池ターミナル〜大道〜榎峠〜臼杵駅, 臼杵駅〜榎峠〜大道〜コンパル入口, 金池ターミナル〜県病〜榎峠〜臼杵駅, 臼杵駅〜榎峠〜県病〜コンパル入口, 金池タ〜県病〜榎峠〜臼杵駅〜臼杵港, 臼杵港〜臼杵駅〜榎峠〜県病〜コンパル入口, 金池タ〜大道〜榎峠〜臼杵駅〜臼杵港, 臼杵港〜臼杵駅〜榎峠〜大道〜コンパル入口"
臼杵石仏,臼津交通（株）,臼三線
臼杵石仏,大野竹田バス（株）,臼三線
浜,臼津交通（株）,"楠屋・堅浦線, 楠屋・堅浦線　四浦線"
宮田,臼津交通（株）,"楠屋・堅浦線, 楠屋・堅浦線　四浦線"
南小学校前,臼杵市,城崎線
南津留小学校前,臼津交通（株）,割後場線
徳浦,臼津交通（株）,"楠屋・堅浦線, 楠屋・堅浦線　四浦線"
川原,佐伯市,伯大線
川原,大分バス（株）,"金池タ〜戸次〜各停〜佐伯駅（急行・太停）, 佐伯駅〜各停〜戸次〜コンパル（急・太停）, 金池タ〜県病〜各停〜佐伯駅（急行・太停）, 佐伯駅〜各停〜県病〜コンパル（急・太停）, 金池〜県病〜コスモ〜佐伯駅（急）, 佐伯駅〜コスモ〜県病〜コンパル（急）"
大元,臼津交通（株）,四浦線
赤崎,臼津交通（株）,四浦線
下,臼津交通（株）,"楠屋・堅浦線, 楠屋・堅浦線　四浦線"
馬門,竹田市,大分駅線
内名,臼津交通（株）,"楠屋・堅浦線, 楠屋・堅浦線　四浦線"
勘場,臼津交通（株）,臼三線
勘場,大野竹田バス（株）,臼三線
中土師,豊後大野市,"安藤線, 貫原・菅田線"
中土師,大野竹田バス（株）,貫原線
合の元,臼津交通（株）,"楠屋・堅浦線, 楠屋・堅浦線　四浦線"
土師公民館,豊後大野市,"安藤線, 貫原・菅田線"
小川野入口,豊後大野市,小川野・志屋線
狩床,臼津交通（株）,四浦線
下野住宅,豊後大野市,宇津尾木線
冬田,竹田市,大分駅線
左津留,臼杵市,城崎線
左津留,臼津交通（株）,割後場線
第二工場前,臼津交通（株）,"楠屋・堅浦線, 楠屋・堅浦線　四浦線"
宇津尾木,豊後大野市,宇津尾木線
蔵富,臼津交通（株）,臼津線
道尾,臼津交通（株）,臼津線
下野上村,豊後大野市,宇津尾木線
野首,豊後大野市,宇津尾木線
一ノ瀬,臼津交通（株）,臼三線
一ノ瀬,大野竹田バス（株）,臼三線
下野,豊後大野市,宇津尾木線
野島,臼津交通（株）,"楠屋・堅浦線, 楠屋・堅浦線　四浦線"
直入中学校前,竹田市,大分駅線
原,臼津交通（株）,臼津線
師田木峠,豊後大野市,"安藤線, 貫原・菅田線"
師田木峠,大野竹田バス（株）,貫原線
平岩,臼津交通（株）,臼津線
松田,豊後大野市,西寒田線
越智小学校前,津久見市,落の浦〜大浜線
越智小学校前,臼津交通（株）,四浦線
沢田,豊後大野市,沢田線
高浜,津久見市,落の浦〜大浜線
高浜,臼津交通（株）,四浦線
小川野,豊後大野市,小川野・志屋線
JA直入支店前,竹田市,大分駅線
松ケ浦,臼津交通（株）,四浦線
松ヶ浦,津久見市,落の浦〜大浜線
払川,臼杵市,城崎線
払川,臼津交通（株）,割後場線
阿原,豊後大野市,宇津尾木線
栄町,臼津交通（株）,"川内線　四浦線, 川内線"
上沢田,豊後大野市,沢田線
垣篭,臼津交通（株）,"川内線　四浦線, 川内線"
長野,臼津交通（株）,"川内線　四浦線, 川内線"
入船,臼津交通（株）,"楠屋・堅浦線, 楠屋・堅浦線　四浦線"
中町,臼津交通（株）,"川内線　四浦線, 川内線"
公民館前（直入）,竹田市,大分駅線
師田原,豊後大野市,"安藤線, 貫原・菅田線"
師田原,大野竹田バス（株）,貫原線
鬼丸,臼津交通（株）,"川内線　四浦線, 川内線"
引地,豊後大野市,梨原線
塚田,豊後大野市,西寒田線
岩屋口,臼津交通（株）,"川内線　四浦線, 川内線"
細口,豊後大野市,西寒田線
直入支所入口,竹田市,大分駅線
運動公園,臼津交通（株）,"川内線　四浦線, 四浦線, 楠屋・堅浦線　四浦線"
三成,豊後大野市,梨原線
栗の木,大野竹田バス（株）,河面線
犬飼駅前,豊後大野市,"宇津尾木線, 西寒田線, 高津原線, 田原・戸上線"
犬飼駅,大野竹田バス（株）,"河面線, 高添線/高添経由犬飼線, 菅尾経由　犬飼駅線"
中村屋,臼津交通（株）,"臼津線, 川内線　四浦線, 川内線"
井野,豊後大野市,沢田線
直入支所前,竹田市,高伏〜直入線
直入支所前,大野竹田バス（株）,長湯線
摺木,津久見市,落の浦〜大浜線
摺木,臼津交通（株）,四浦線
上津尾住宅,豊後大野市,"宇津尾木線, 田原・戸上線"
セメント町,臼津交通（株）,"臼津線, 川内線　四浦線, 楠屋・堅浦線, 川内線, 楠屋・堅浦線　四浦線"
内河,豊後大野市,"宇津尾木線, 田原・戸上線"
松崎,臼津交通（株）,"臼津線, 川内線　四浦線, 川内線"
川内入口,臼津交通（株）,"川内線　四浦線, 川内線"
警固屋,臼津交通（株）,"臼津線, 川内線　四浦線, 楠屋・堅浦線, 川内線, 楠屋・堅浦線　四浦線"
桜が瀬,臼津交通（株）,"臼津線, 川内線　四浦線, 川内線"
旭町,臼津交通（株）,"川内線　四浦線, 四浦線, 楠屋・堅浦線　四浦線"
門前,臼津交通（株）,"臼津線, 川内線　四浦線, 川内線"
一ノ瀬酒店,津久見市,中央病院〜津久見駅線
さとうふとん店,津久見市,中央病院〜津久見駅線
やすらぎ交差点,豊後大野市,梨原線
やすらぎ交差点,大野竹田バス（株）,やすらぎ交差点線
市民会館前,臼津交通（株）,"川内線　四浦線, 四浦線, 楠屋・堅浦線　四浦線"
警固屋公園,津久見市,中央病院〜津久見駅線
つくみん公園,津久見市,中央病院〜津久見駅線
つくみん公園,臼津交通（株）,"川内線　四浦線, 楠屋・堅浦線, 四浦線, 楠屋・堅浦線　四浦線"
赤崎入口,臼津交通（株）,四浦線
社会福祉協議会,津久見市,中央病院〜津久見駅線
社会福祉協議会,臼津交通（株）,"川内線　四浦線, 楠屋・堅浦線, 四浦線, 楠屋・堅浦線　四浦線"
下川内,臼津交通（株）,"川内線　四浦線, 川内線"
津久見港,臼津交通（株）,"臼津線, 川内線　四浦線, 楠屋・堅浦線, 川内線, 楠屋・堅浦線　四浦線"
大分銀行前,津久見市,中央病院〜津久見駅線
広浦,臼津交通（株）,"川内線　四浦線, 四浦線, 楠屋・堅浦線　四浦線"
久原住宅,豊後大野市,西寒田線
竹の里前,豊後大野市,沢田線
中川内,臼津交通（株）,"川内線　四浦線, 川内線"
芋の迫,竹田市,"高伏〜直入線, 大分駅線"
芋の迫,大野竹田バス（株）,長湯線
高洲町,臼津交通（株）,"川内線　四浦線, 四浦線, 楠屋・堅浦線　四浦線"
株の木,臼杵市,城崎線
株の木,臼津交通（株）,割後場線
新地,臼津交通（株）,"川内線　四浦線, 四浦線, 楠屋・堅浦線　四浦線"
田の浦,津久見市,落の浦〜大浜線
田の浦,臼津交通（株）,四浦線
天神町,豊後大野市,"宇津尾木線, 西寒田線, 高津原線, 田原・戸上線"
久原上,豊後大野市,西寒田線
天神町,大野竹田バス（株）,"河面線, 高添線/高添経由犬飼線, 菅尾経由　犬飼駅線"
江の浦,臼津交通（株）,四浦線
江の浦越,臼津交通（株）,四浦線
駅前通り,津久見市,中央病院〜津久見駅線
駅前通り,臼津交通（株）,"臼津線, 川内線　四浦線, 楠屋・堅浦線, 四浦線, 川内線, 楠屋・堅浦線　四浦線"
風抜,臼津交通（株）,"川内線　四浦線, 川内線"
岩杉,豊後大野市,岩杉線
千怒農協前,臼津交通（株）,"川内線　四浦線, 四浦線, 楠屋・堅浦線　四浦線"
神社前,大野竹田バス（株）,河面線
津久見駅,津久見市,中央病院〜津久見駅線
津久見駅,臼津交通（株）,"臼津線, 川内線　四浦線, 楠屋・堅浦線, 四浦線, 中西循環線, 川内線, 楠屋・堅浦線　四浦線"
津久見駅南口,津久見市,中央病院〜津久見駅線
川内,臼津交通（株）,"川内線　四浦線, 川内線"
津久見市役所前,津久見市,中央病院〜津久見駅線
犬飼久原,佐伯市,伯大線
犬飼久原,豊後大野市,西寒田線
犬飼久原,大分バス（株）,"金池タ〜戸次〜各停〜佐伯駅（急行・太停）, 佐伯駅〜各停〜戸次〜コンパル（急・太停）, 金池タ〜県病〜各停〜佐伯駅（急行・太停）, 佐伯駅〜各停〜県病〜コンパル（急・太停）, 金池〜県病〜コスモ〜佐伯駅（急）, 佐伯駅〜コスモ〜県病〜コンパル（急）"
造船所前,臼津交通（株）,四浦線
真萱,豊後大野市,田原・戸上線
岩屋橋,臼津交通（株）,中西循環線
温見,豊後大野市,"小川野・志屋線, 梨原線, 鳥屋線"
中央病院,津久見市,中央病院〜津久見駅線
犬飼,大野竹田バス（株）,"河面線, 高添線/高添経由犬飼線, 菅尾経由　犬飼駅線"
津久見中央病院,臼津交通（株）,"川内線　四浦線, 四浦線, 楠屋・堅浦線　四浦線"
犬飼支所,豊後大野市,"宇津尾木線, 西寒田線, 高津原線, 田原・戸上線"
道の駅ながゆ温泉,竹田市,"高伏〜直入線, 大分駅線"
道の駅長湯温泉,大野竹田バス（株）,長湯線
鹿の浦,臼津交通（株）,四浦線
新飼,大野竹田バス（株）,河面線
高野公民館前,豊後大野市,沢田線
太田,津久見市,中央病院〜津久見駅線
太田,臼津交通（株）,"川内線　四浦線, 四浦線, 楠屋・堅浦線　四浦線"
釣戸,豊後大野市,西寒田線
山田,大野竹田バス（株）,河面線
町口,大野竹田バス（株）,"河面線, 高添線/高添経由犬飼線"
明光保育園,津久見市,中央病院〜津久見駅線
犬飼公民館前,大野竹田バス（株）,"河面線, 高添線/高添経由犬飼線"
長湯,竹田市,"高伏〜直入線, 大分駅線"
長湯,大野竹田バス（株）,長湯線
体育館前,臼津交通（株）,中西循環線
鍛治屋橋,臼津交通（株）,"川内線　四浦線, 四浦線"
犬飼遊船のりば,佐伯市,伯大線
犬飼遊船のりば,大分バス（株）,"金池タ〜戸次〜各停〜佐伯駅（急行・太停）, 佐伯駅〜各停〜戸次〜コンパル（急・太停）, 金池タ〜県病〜各停〜佐伯駅（急行・太停）, 佐伯駅〜各停〜県病〜コンパル（急・太停）, 金池〜県病〜コスモ〜佐伯駅（急）, 佐伯駅〜コスモ〜県病〜コンパル（急）"
吐合橋,佐伯市,伯大線
吐合橋,大分バス（株）,"金池タ〜戸次〜各停〜佐伯駅（急行・太停）, 佐伯駅〜各停〜戸次〜コンパル（急・太停）, 金池タ〜県病〜各停〜佐伯駅（急行・太停）, 佐伯駅〜各停〜県病〜コンパル（急・太停）, 金池〜県病〜コスモ〜佐伯駅（急）, 佐伯駅〜コスモ〜県病〜コンパル（急）"
生の原,臼津交通（株）,臼三線
生の原,大野竹田バス（株）,臼三線
中山,豊後大野市,岩杉線
中山,大野竹田バス（株）,河面線
河面,豊後大野市,岩杉線
高津原,豊後大野市,田原・戸上線
河面,大野竹田バス（株）,河面線
つくみイルカ島,臼津交通（株）,四浦線
黒松,大野竹田バス（株）,河面線
落の浦,津久見市,落の浦〜大浜線
落の浦,臼津交通（株）,四浦線
畑ヶ川,豊後大野市,田原・戸上線
そこばえ,臼津交通（株）,四浦線
梨小,豊後大野市,"小川野・志屋線, 梨原線, 鳥屋線"
荒代,臼津交通（株）,四浦線
山脇,竹田市,"高伏〜直入線, 大分駅線"
山脇,大野竹田バス（株）,長湯線
河面橋,豊後大野市,岩杉線
河面橋,大野竹田バス（株）,河面線
小福手,豊後大野市,高津原線
小福手,大野竹田バス（株）,菅尾経由　犬飼駅線
山田橋,臼津交通（株）,"川内線　四浦線, 四浦線"
彦の内入口,臼津交通（株）,中西循環線
竹の下,大野竹田バス（株）,河面線
山内,大野竹田バス（株）,河面線
田口酒店,津久見市,中央病院〜津久見駅線
倉橋,竹田市,大分駅線
倉橋,大野竹田バス（株）,長湯線
港,臼津交通（株）,四浦線
鳩浦,臼津交通（株）,四浦線
千怒,臼津交通（株）,"川内線　四浦線, 四浦線"
クアパーク長湯,竹田市,"高伏〜直入線, 大分駅線"
クアパーク長湯,大野竹田バス（株）,長湯線
日見,臼津交通（株）,四浦線
くず淵温泉,竹田市,"高伏〜直入線, 大分駅線"
くず淵温泉,大野竹田バス（株）,長湯線
高校前,臼津交通（株）,中西循環線
三船,竹田市,大分駅線
三船,大野竹田バス（株）,長湯線
津井越,臼津交通（株）,四浦線
日代駅前,臼津交通（株）,四浦線
下り松,臼津交通（株）,臼三線
下り松,大野竹田バス（株）,臼三線
やすらぎ住宅団地,豊後大野市,小川野・志屋線
上十時,豊後大野市,"安藤線, 貫原・菅田線"
上十時,大野竹田バス（株）,貫原線
刀自ヶ浦,臼津交通（株）,四浦線
柴北,大野竹田バス（株）,河面線
桑畑,竹田市,"高伏〜直入線, 大分駅線"
桑畑,大野竹田バス（株）,長湯線
田の尻,豊後大野市,"小川野・志屋線, 梨原線, 鳥屋線"
田の尻,大野竹田バス（株）,やすらぎ交差点線
仙水小学校前,臼津交通（株）,四浦線
落合,大野竹田バス（株）,河面線
荻原,豊後大野市,西寒田線
犬飼原,豊後大野市,高津原線
網代,臼津交通（株）,四浦線
大浜入口,佐伯市,上浦線
大浜入口,津久見市,落の浦〜大浜線
小学校前,臼津交通（株）,中西循環線
あべ商店,津久見市,中央病院〜津久見駅線
犬飼公民館,豊後大野市,"宇津尾木線, 西寒田線, 高津原線, 田原・戸上線"
犬飼公民館,大野竹田バス（株）,"河面線, 高添線/高添経由犬飼線"
鍋田,佐伯市,伯大線
鍋田,大分バス（株）,"金池タ〜戸次〜各停〜佐伯駅（急行・太停）, 佐伯駅〜各停〜戸次〜コンパル（急・太停）, 金池タ〜県病〜各停〜佐伯駅（急行・太停）, 佐伯駅〜各停〜県病〜コンパル（急・太停）, 金池〜県病〜コスモ〜佐伯駅（急）, 佐伯駅〜コスモ〜県病〜コンパル（急）"
西舞入口,豊後大野市,沢田線
新橋,竹田市,高伏〜直入線
池原,臼津交通（株）,臼三線
池原,大野竹田バス（株）,臼三線
乙見,臼杵市,城崎線
乙見,臼津交通（株）,割後場線
新田,竹田市,大分駅線
新田,大野竹田バス（株）,長湯線
栗ヶ畑入口,大野竹田バス（株）,河面線
久保泊,臼津交通（株）,四浦線
上新田（直入）,竹田市,大分駅線
上新田,大野竹田バス（株）,長湯線
下の原,大野竹田バス（株）,"河面線, 高添線/高添経由犬飼線"
神野口,臼杵市,城崎線
神野口,臼津交通（株）,割後場線
神宿橋,大野竹田バス（株）,河面線
坊ヶ迫,臼津交通（株）,中西循環線
長幸,臼津交通（株）,中西循環線
中間橋,臼津交通（株）,中西循環線
ダム入口,臼杵市,城崎線
ダム入口,臼津交通（株）,割後場線
栃原入口,竹田市,高伏〜直入線
出屋,臼津交通（株）,中西循環線
千束,大野竹田バス（株）,河面線
長尾野入口,大野竹田バス（株）,河面線
試験場前,臼津交通（株）,中西循環線
十時,豊後大野市,"安藤線, 貫原・菅田線"
十時,大野竹田バス（株）,貫原線
トンネル口,大野竹田バス（株）,菅尾経由　犬飼駅線
須崎,竹田市,大分駅線
須崎,大野竹田バス（株）,長湯線
彦の内公会堂,津久見市,中央病院〜津久見駅線
藤小野,佐伯市,伯大線
藤小野,大分バス（株）,"金池タ〜戸次〜各停〜佐伯駅（急行・太停）, 佐伯駅〜各停〜戸次〜コンパル（急・太停）, 金池タ〜県病〜各停〜佐伯駅（急行・太停）, 佐伯駅〜各停〜県病〜コンパル（急・太停）, 金池〜県病〜コスモ〜佐伯駅（急）, 佐伯駅〜コスモ〜県病〜コンパル（急）"
両村橋,大野竹田バス（株）,河面線
名本,大野竹田バス（株）,河面線
葛川,豊後大野市,田原・戸上線
深良津,臼津交通（株）,四浦線
志屋,豊後大野市,小川野・志屋線
神角寺入口,豊後大野市,"小川野・志屋線, 梨原線, 鳥屋線"
神角寺入口,大野竹田バス（株）,やすらぎ交差点線
西の内,臼津交通（株）,中西循環線
岩道橋,臼津交通（株）,中西循環線
野津筒井,臼津交通（株）,臼三線
野津筒井,大野竹田バス（株）,臼三線
筒井,竹田市,高伏〜直入線
小切畑,豊後大野市,岩杉線
馬場入口,竹田市,大分駅線
馬場入口,大野竹田バス（株）,長湯線
戸上,豊後大野市,高津原線
神鉢入口,竹田市,高伏〜直入線
田尾,臼津交通（株）,中西循環線
城崎,臼杵市,城崎線
城崎,臼津交通（株）,割後場線
田原公民館前,豊後大野市,高津原線
津留,大野竹田バス（株）,菅尾経由　犬飼駅線
蒲戸崎展望台入口,佐伯市,上浦線
犬飼津留,豊後大野市,高津原線
羽田野宅前,豊後大野市,鳥屋線
上重,豊後大野市,高津原線
都野,竹田市,大分駅線
都野,大野竹田バス（株）,長湯線
八里合乗降場,臼杵市,西神野線
天神山,臼津交通（株）,中西循環線
水ヶ田尾,豊後大野市,安藤線
水ヶ田尾,大野竹田バス（株）,貫原線
羽原入口,豊後大野市,"小川野・志屋線, 梨原線, 鳥屋線"
羽原入口,大野竹田バス（株）,やすらぎ交差点線
農協支所前,竹田市,大分駅線
農協支所前,大野竹田バス（株）,長湯線
高添公民館,豊後大野市,石田・大高線
赤迫,臼津交通（株）,臼三線
赤迫,大野竹田バス（株）,臼三線
高添,豊後大野市,石田・大高線
蒲戸,佐伯市,上浦線
波津久,佐伯市,伯大線
波津久,大分バス（株）,"金池タ〜戸次〜各停〜佐伯駅（急行・太停）, 佐伯駅〜各停〜戸次〜コンパル（急・太停）, 金池タ〜県病〜各停〜佐伯駅（急行・太停）, 佐伯駅〜各停〜県病〜コンパル（急・太停）, 金池〜県病〜コスモ〜佐伯駅（急）, 佐伯駅〜コスモ〜県病〜コンパル（急）"
小切畑支線入口,豊後大野市,岩杉線
都野局前,竹田市,大分駅線
都野局前,大野竹田バス（株）,長湯線
田口,豊後大野市,船田線
心行院前,臼津交通（株）,臼三線
心行院前,大野竹田バス（株）,臼三線
牧原,佐伯市,伯大線
牧原,大分バス（株）,"金池タ〜戸次〜各停〜佐伯駅（急行・太停）, 佐伯駅〜各停〜戸次〜コンパル（急・太停）, 金池タ〜県病〜各停〜佐伯駅（急行・太停）, 佐伯駅〜各停〜県病〜コンパル（急・太停）, 金池〜県病〜コスモ〜佐伯駅（急）, 佐伯駅〜コスモ〜県病〜コンパル（急）"
乙丸橋,臼津交通（株）,臼三線
乙丸橋,大野竹田バス（株）,臼三線
藤浪公民館前,豊後大野市,藤浪線
折戸橋,豊後大野市,"岩杉線, 貫原・菅田線"
高添,大野竹田バス（株）,高添線/高添経由犬飼線
発電所入口,大野竹田バス（株）,菅尾経由　犬飼駅線
八里合,臼杵市,城崎線
八里合,臼津交通（株）,割後場線
府手橋,豊後大野市,沢田線
尾ノ平,豊後大野市,石田・大高線
藤浪,豊後大野市,藤浪線
久住高原農業高校前,竹田市,大分駅線
久住高原農業高校前,大野竹田バス（株）,長湯線
岡倉橋,豊後大野市,藤浪線
下町,竹田市,高伏〜直入線
夏井じげ,佐伯市,上浦線
横脇,豊後大野市,船田線
尺間登山口,臼津交通（株）,中西循環線
津井,佐伯市,上浦線
土木園,豊後大野市,石田・大高線
福泊,佐伯市,上浦線
夏井大地ヶ浦,佐伯市,上浦線
上浦振興局前,佐伯市,上浦線
宮原,豊後大野市,安藤線
宮原,大野竹田バス（株）,貫原線
鳥屋東入口,豊後大野市,鳥屋線
海洋水産研究センター,佐伯市,上浦線
通山,豊後大野市,高津原線
日当,佐伯市,伯大線
日当,大分バス（株）,"金池タ〜戸次〜各停〜佐伯駅（急行・太停）, 佐伯駅〜各停〜戸次〜コンパル（急・太停）, 金池タ〜県病〜各停〜佐伯駅（急行・太停）, 佐伯駅〜各停〜県病〜コンパル（急・太停）, 金池〜県病〜コスモ〜佐伯駅（急）, 佐伯駅〜コスモ〜県病〜コンパル（急）"
日当,臼津交通（株）,臼三線
日当,大野竹田バス（株）,臼三線
津井入口,佐伯市,上浦線
田尾入口,豊後大野市,藤浪線
藤北公民館入口,豊後大野市,沢田線
瀬会海水浴場,佐伯市,上浦線
北平,豊後大野市,船田線
上町,竹田市,高伏〜直入線
石井,豊後大野市,高津原線
長田,佐伯市,上浦線
中石田,豊後大野市,石田・大高線
名塚,臼杵市,城崎線
名塚,臼津交通（株）,割後場線
高無礼出口,豊後大野市,牧原・広戸線
柚の木入口,竹田市,大分駅線
柚の木入口,大野竹田バス（株）,長湯線
岩下,大野竹田バス（株）,高添線/高添経由犬飼線
牧原西公民館,豊後大野市,牧原・広戸線
光昌寺公民館入口,豊後大野市,岩杉線
上野入口,竹田市,高伏〜直入線
夏井横平,佐伯市,上浦線
福良木,臼杵市,城崎線
福良木,臼津交通（株）,割後場線
高松,大野竹田バス（株）,菅尾経由　犬飼駅線
平野寺橋,豊後大野市,藤浪線
石田新道,豊後大野市,石田・大高線
若宮堤,豊後大野市,藤浪線
木原入口,豊後大野市,沢田線
大迫,大野竹田バス（株）,高添線/高添経由犬飼線
地福寺,豊後大野市,岩杉線
栗栖上,豊後大野市,綿田線
中央橋,豊後大野市,高津原線
東雲校前,佐伯市,上浦線
中央ライスセンター前,豊後大野市,石田・大高線
四歩一,豊後大野市,牧原・広戸線
田夫時,豊後大野市,田夫時線
名塚原,臼杵市,城崎線
名塚原,臼津交通（株）,割後場線
新殿住宅,豊後大野市,石田・大高線
野津北町,臼津交通（株）,臼三線
野津北町,大野竹田バス（株）,臼三線
千歳保育園,豊後大野市,石田・大高線
下谷,豊後大野市,石田・大高線
宮本,豊後大野市,安藤線
宮本,大野竹田バス（株）,貫原線
若宮,豊後大野市,藤浪線
栗栖,豊後大野市,"小川野・志屋線, 梨原線, 綿田線, 鳥屋線"
栗栖,大野竹田バス（株）,やすらぎ交差点線
奥保,豊後大野市,高津原線
山奥,大野竹田バス（株）,菅尾経由　犬飼駅線
牧原東,豊後大野市,牧原・広戸線
上浦地区公民館前,佐伯市,上浦線
栗栖公民館前,豊後大野市,綿田線
栖木野,大野竹田バス（株）,高添線/高添経由犬飼線
福祉センター,豊後大野市,"高柴線, 石田・大高線, 下山・前田線, 船田線"
土橋,臼津交通（株）,割後場線
土橋,臼杵市,城崎線
野津辻,臼津交通（株）,臼三線
野津辻,大野竹田バス（株）,臼三線
北公民館前,豊後大野市,沢田線
浅草,豊後大野市,"安藤線, 貫原・菅田線"
浅草,大野竹田バス（株）,貫原線
古中熊,豊後大野市,綿田線
キツネ迫,豊後大野市,石田・大高線
長峰原,豊後大野市,石田・大高線
もみじが丘入口,豊後大野市,藤浪線
八熊,臼杵市,城崎線
野津市,臼杵市,"南野津・東谷線, 西神野線, 城崎線, 白岩線"
野津市,臼津交通（株）,臼三線
野津市,大野竹田バス（株）,臼三線
親所,豊後大野市,綿田線
浅海井,佐伯市,上浦線
南区,豊後大野市,"安藤線, 貫原・菅田線"
長迫,豊後大野市,牧原・広戸線
南区,大野竹田バス（株）,貫原線
持丸入口,臼杵市,城崎線
新殿,豊後大野市,"高柴線, 下山・前田線, 船田線"
野津南,佐伯市,伯大線
新殿,大野竹田バス（株）,高添線/高添経由犬飼線
野津南,大分バス（株）,"金池タ〜戸次〜各停〜佐伯駅（急行・太停）, 佐伯駅〜各停〜戸次〜コンパル（急・太停）, 金池タ〜県病〜各停〜佐伯駅（急行・太停）, 佐伯駅〜各停〜県病〜コンパル（急・太停）, 金池〜県病〜コスモ〜佐伯駅（急）, 佐伯駅〜コスモ〜県病〜コンパル（急）"
野津南,臼杵市,"南野津・東谷線, 白岩線"
野津南,臼津交通（株）,臼三線
野津南,大野竹田バス（株）,臼三線
稗田橋,豊後大野市,藤浪線
南公民館入口,豊後大野市,沢田線
小倉峠,竹田市,大分駅線
小倉峠,大野竹田バス（株）,長湯線
竹部入口,臼杵市,城崎線
野津第一内科,臼杵市,南野津・東谷線
菅田郵便局前,豊後大野市,"牧原・広戸線, 木浦畑線, 岩杉線, 貫原・菅田線"
田中橋,豊後大野市,"田中・市民病院線, 沢田線, 牧原・広戸線, 古殿線, 木浦畑線, 岩杉線, 藤浪線, 安藤線, 貫原・菅田線"
西田中,大野竹田バス（株）,（竹田〜）田中線
南原入口,竹田市,高伏〜直入線
町,豊後大野市,"田中・市民病院線, 沢田線, 牧原・広戸線, 古殿線, 木浦畑線, 岩杉線, 藤浪線, 安藤線, 貫原・菅田線"
塚田,臼杵市,城崎線
塚田,臼津交通（株）,割後場線
千歳支所,豊後大野市,"高柴線, 石田・大高線, 下山・前田線, 船田線"
跨道橋,豊後大野市,牧原・広戸線
戸ノ口,大野竹田バス（株）,菅尾経由　犬飼駅線
野津南保育園前,佐伯市,伯大線
野津南保育園前,大分バス（株）,"金池タ〜戸次〜各停〜佐伯駅（急行・太停）, 佐伯駅〜各停〜戸次〜コンパル（急・太停）, 金池タ〜県病〜各停〜佐伯駅（急行・太停）, 佐伯駅〜各停〜県病〜コンパル（急・太停）, 金池〜県病〜コスモ〜佐伯駅（急）, 佐伯駅〜コスモ〜県病〜コンパル（急）"
野津南保育園前,臼杵市,"南野津・東谷線, 白岩線"
野津南保育園前,臼津交通（株）,臼三線
野津南保育園前,大野竹田バス（株）,臼三線
醍醐寺前,豊後大野市,藤浪線
酒井寺西,豊後大野市,藤浪線
田中,大野竹田バス（株）,"貫原線, （三重町〜）田中線, （竹田〜）田中線, （緒方〜）田中線"
岡,豊後大野市,牧原・広戸線
千歳小学校前,大野竹田バス（株）,高添線/高添経由犬飼線
福祉センター前,大野竹田バス（株）,（竹田〜）田中線
福地入口,豊後大野市,綿田線
四ツ口,竹田市,高伏〜直入線
上山奥集会所前,豊後大野市,高津原線
大野公民館,豊後大野市,"田中・市民病院線, 沢田線, 牧原・広戸線, 古殿線, 木浦畑線, 岩杉線, 藤浪線, 安藤線, 貫原・菅田線, 矢田線"
田中,臼杵市,城崎線
Aコープのつ,臼杵市,南野津・東谷線
王子,臼杵市,城崎線
王子,臼津交通（株）,割後場線
深野,大野竹田バス（株）,菅尾経由　犬飼駅線
豊後犬山,豊後大野市,牧原・広戸線
板屋,佐伯市,伯大線
板屋（野津）,大分バス（株）,"金池タ〜戸次〜各停〜佐伯駅（急行・太停）, 佐伯駅〜各停〜戸次〜コンパル（急・太停）, 金池タ〜県病〜各停〜佐伯駅（急行・太停）, 佐伯駅〜各停〜県病〜コンパル（急・太停）, 金池〜県病〜コスモ〜佐伯駅（急）, 佐伯駅〜コスモ〜県病〜コンパル（急）"
板屋,臼杵市,"南野津・東谷線, 西神野線, 白岩線"
板屋,臼津交通（株）,臼三線
板屋,大野竹田バス（株）,臼三線
道の駅おおの,豊後大野市,"田中・市民病院線, 沢田線, 牧原・広戸線, 古殿線, 木浦畑線, 岩杉線, 藤浪線, 安藤線, 貫原・菅田線, 矢田線"
道の駅おおの,大野竹田バス（株）,"（三重町〜）田中線, （竹田〜）田中線, （緒方〜）田中線"
代の原,大野竹田バス（株）,（竹田〜）田中線
原口,豊後大野市,"石田・大高線, 船田線"
大内,臼津交通（株）,割後場線
臼木,豊後大野市,"小川野・志屋線, 梨原線, 鳥屋線"
臼木,大野竹田バス（株）,やすらぎ交差点線
境川,竹田市,大分駅線
境川,大野竹田バス（株）,長湯線
漆生,大野竹田バス（株）,高添線/高添経由犬飼線
中道公民館,豊後大野市,牧原・広戸線
柴山下,豊後大野市,"石田・大高線, 船田線"
城岳線入口,豊後大野市,"臼木線, 小川野・志屋線, 梨原線, 鳥屋線"
穴井公民館前,豊後大野市,木浦畑線
山路,竹田市,高伏〜直入線
野口,佐伯市,伯大線
野口,大分バス（株）,"金池タ〜戸次〜各停〜佐伯駅（急行・太停）, 佐伯駅〜各停〜戸次〜コンパル（急・太停）, 金池タ〜県病〜各停〜佐伯駅（急行・太停）, 佐伯駅〜各停〜県病〜コンパル（急・太停）, 金池〜県病〜コスモ〜佐伯駅（急）, 佐伯駅〜コスモ〜県病〜コンパル（急）"
野口,臼杵市,"南野津・東谷線, 白岩線"
野口,臼津交通（株）,臼三線
野口,大野竹田バス（株）,臼三線
郷野,豊後大野市,綿田線
臼木公民館前,豊後大野市,臼木線
今川,豊後大野市,矢田線
高畑大迫,豊後大野市,高柴線
今川,大野竹田バス（株）,（三重町〜）田中線
土家,豊後大野市,古殿線
運動公園前,佐伯市,上浦線
運動公園前,豊後大野市,田中・市民病院線
運動公園前,大野竹田バス（株）,（緒方〜）田中線
田尾崎入口,豊後大野市,"田夫時線, 小川野・志屋線, 梨原線, 鳥屋線"
田尾崎入口,大野竹田バス（株）,やすらぎ交差点線
水池,臼津交通（株）,割後場線
柴山公民館前,豊後大野市,"高柴線, 下山・前田線"
川北,豊後大野市,矢田線
川北,大野竹田バス（株）,（三重町〜）田中線
代間,豊後大野市,古殿線
古殿,豊後大野市,古殿線
栗の木,豊後大野市,綿田線
古殿公民館入口,豊後大野市,古殿線
黒岩,竹田市,大分駅線
黒岩,大野竹田バス（株）,長湯線
浪太,佐伯市,上浦線
大原,豊後大野市,田中・市民病院線
大原,大野竹田バス（株）,（緒方〜）田中線
下津留,大野竹田バス（株）,（竹田〜）田中線
平成大橋前,豊後大野市,"高柴線, 石田・大高線, 下山・前田線, 船田線"
西ノ口,臼杵市,南野津・東谷線
西ノ口,臼津交通（株）,臼三線
西ノ口,大野竹田バス（株）,臼三線
小迫入口,豊後大野市,古殿線
有田,豊後大野市,菅尾線
小名川,豊後大野市,"高柴線, 下山・前田線"
笹枝地区集落,臼杵市,南野津・東谷線
道の駅みえ,豊後大野市,菅尾線
高畑,豊後大野市,"高柴線, 下山・前田線"
高畑,大野竹田バス（株）,高添線/高添経由犬飼線
北平,豊後大野市,綿田線
芝尾,臼杵市,南野津・東谷線
辻,豊後大野市,古殿線
砕石場入口,豊後大野市,古殿線
朝倉文夫記念館,豊後大野市,"北部幹線, 古殿線"
北園公民館前,豊後大野市,古殿線
高畑公民館前,豊後大野市,"高柴線, 下山・前田線"
新屋敷入口,竹田市,高伏〜直入線
鏡石,豊後大野市,"田夫時線, 小川野・志屋線, 梨原線, 鳥屋線"
北園神社前,豊後大野市,古殿線
鏡石,大野竹田バス（株）,やすらぎ交差点線
加原,豊後大野市,古殿線
小鹿,豊後大野市,田中・市民病院線
小鹿,大野竹田バス（株）,（緒方〜）田中線
桑原,豊後大野市,古殿線
後河内入口,臼杵市,南野津・東谷線
溜水,臼津交通（株）,割後場線
一ツ木,臼杵市,南野津・東谷線
井野入口,豊後大野市,木浦畑線
宮尾入口,大野竹田バス（株）,菅尾経由　犬飼駅線
住吉,大野竹田バス（株）,（竹田〜）田中線
宇対瀬,豊後大野市,"高柴線, 船田線"
田代,豊後大野市,矢田線
田代,大野竹田バス（株）,（三重町〜）田中線
大木,大野竹田バス（株）,高添線/高添経由犬飼線
広戸公民館,豊後大野市,牧原・広戸線
宮尾公民館前,豊後大野市,菅尾線
宮入口,豊後大野市,"臼木線, 綿田線"
加原入口,豊後大野市,古殿線
笹枝,臼杵市,南野津・東谷線
綿田農協倉庫前,豊後大野市,"臼木線, 綿田線"
正法寺前,竹田市,大分駅線
正法寺前,大野竹田バス（株）,長湯線
田尾,豊後大野市,木浦畑線
養老,大野竹田バス（株）,（竹田〜）田中線
上西神野,臼杵市,西神野線
晞干,佐伯市,上浦線
前河内,臼津交通（株）,臼三線
前河内,大野竹田バス（株）,臼三線
相ヶ迫入口,豊後大野市,木浦畑線
住吉公民館前,豊後大野市,田中・市民病院線
片島,豊後大野市,木浦畑線
新町,竹田市,大分駅線
新町,大野竹田バス（株）,長湯線
田尾,豊後大野市,下山・前田線
古江,佐伯市,上浦線
石上,臼杵市,南野津・東谷線
尾峰,豊後大野市,北部幹線
脇清水,豊後大野市,菅尾線
原口,臼津交通（株）,臼三線
原口,大野竹田バス（株）,臼三線
綿田公民館前,豊後大野市,"臼木線, 綿田線"
下落谷,大分バス（株）,"金池タ〜戸次〜各停〜佐伯駅（急行・太停）, 佐伯駅〜各停〜戸次〜コンパル（急・太停）, 金池タ〜県病〜各停〜佐伯駅（急行・太停）, 佐伯駅〜各停〜県病〜コンパル（急・太停）, 金池〜県病〜コスモ〜佐伯駅（急）, 佐伯駅〜コスモ〜県病〜コンパル（急）"
下落谷,佐伯市,伯大線
下落谷,臼杵市,白岩線
久住支所,大野竹田バス（株）,梅の木線
栄寿荘前,臼津交通（株）,割後場線
倉波公民館前,豊後大野市,下山・前田線
原田,豊後大野市,下山・前田線
原田,大野竹田バス（株）,高添線/高添経由犬飼線
久住支所前,竹田市,大分駅線
久住支所前,大野竹田バス（株）,長湯線
片島地福寺,豊後大野市,木浦畑線
戸崎（大野）,豊後大野市,"北部幹線, 古殿線"
戸崎,大野竹田バス（株）,（竹田〜）田中線
大久保,臼津交通（株）,臼三線
大久保,大野竹田バス（株）,臼三線
神松,豊後大野市,田中・市民病院線
神松,大野竹田バス（株）,（緒方〜）田中線
堤田,豊後大野市,矢田線
堤田,大野竹田バス（株）,（三重町〜）田中線
栗の木,豊後大野市,下山・前田線
久住,竹田市,大分駅線
久住,大野竹田バス（株）,"長湯線, 梅の木線"
斑瀬,豊後大野市,北部幹線
菅尾小学校入口,大野竹田バス（株）,菅尾経由　犬飼駅線
戸崎,豊後大野市,北部幹線
代,豊後大野市,木浦畑線
落谷,佐伯市,伯大線
落谷,大分バス（株）,"金池タ〜戸次〜各停〜佐伯駅（急行・太停）, 佐伯駅〜各停〜戸次〜コンパル（急・太停）, 金池タ〜県病〜各停〜佐伯駅（急行・太停）, 佐伯駅〜各停〜県病〜コンパル（急・太停）, 金池〜県病〜コスモ〜佐伯駅（急）, 佐伯駅〜コスモ〜県病〜コンパル（急）"
落谷,臼杵市,白岩線
落谷,臼津交通（株）,割後場線
浅水改善センター前,豊後大野市,菅尾線
風無,佐伯市,上浦線
窪,豊後大野市,田中・市民病院線
窪,大野竹田バス（株）,（緒方〜）田中線
車,佐伯市,上浦線
川平,臼津交通（株）,臼三線
川平,大野竹田バス（株）,臼三線
桜馬場,大野竹田バス（株）,"長湯線, 梅の木線"
南野津公民館,臼杵市,南野津・東谷線
七辻,豊後大野市,木浦畑線
真竹,豊後大野市,"田夫時線, 小川野・志屋線, 梨原線, 鳥屋線"
真竹,大野竹田バス（株）,やすらぎ交差点線
田村公民館前,豊後大野市,北部幹線
池在線入口,豊後大野市,北部幹線
長谷橋,豊後大野市,"臼木線, 綿田線"
井上,豊後大野市,北部幹線
阿蔵野,大野竹田バス（株）,梅の木線
上高伏,竹田市,高伏〜直入線
池田橋,豊後大野市,北部幹線
菅尾駅,豊後大野市,"菅尾線, 高柴線, 石田・大高線, 下山・前田線, 船田線"
下津留,大野竹田バス（株）,高添線/高添経由犬飼線
尾原入口,臼津交通（株）,臼三線
尾原入口,大野竹田バス（株）,臼三線
菅尾駅前,豊後大野市,"菅尾線, 高柴線, 石田・大高線, 下山・前田線, 船田線"
菅尾駅前,臼杵市,南野津・東谷線
菅尾駅前,臼津交通（株）,臼三線
菅尾駅前,大野竹田バス（株）,"菅尾経由　犬飼駅線, 臼三線"
三五,豊後大野市,木浦畑線
狩生,佐伯市,上浦線
小畑下,豊後大野市,"北部幹線, 古殿線"
小畑下,大野竹田バス（株）,（竹田〜）田中線
町公民館,豊後大野市,北部幹線
焼野,豊後大野市,"臼木線, 綿田線"
森迫,豊後大野市,菅尾線
原田原,豊後大野市,下山・前田線
尾原,臼杵市,南野津・東谷線
緑ヶ丘,臼津交通（株）,臼三線
緑ヶ丘,大野竹田バス（株）,臼三線
東光寺中道,臼杵市,南野津・東谷線
神馬,大野竹田バス（株）,梅の木線
小川,大野竹田バス（株）,"長湯線, 梅の木線"
久保,佐伯市,久保線
野間,豊後大野市,"臼木線, 綿田線"
朝地小・中学校入口,豊後大野市,"田夫時線, 小川野・志屋線, 梨原線, 北部幹線, 綿田線, 近地・善光寺線, 鳥屋線"
中原公民館前,豊後大野市,木浦畑線
学校入口,大野竹田バス（株）,やすらぎ交差点線
野津黒土,佐伯市,伯大線
野津黒土,大分バス（株）,"金池タ〜戸次〜各停〜佐伯駅（急行・太停）, 佐伯駅〜各停〜戸次〜コンパル（急・太停）, 金池タ〜県病〜各停〜佐伯駅（急行・太停）, 佐伯駅〜各停〜県病〜コンパル（急・太停）, 金池〜県病〜コスモ〜佐伯駅（急）, 佐伯駅〜コスモ〜県病〜コンパル（急）"
野津黒土,臼杵市,白岩線
野津黒土,臼津交通（株）,割後場線
高伏,竹田市,高伏〜直入線
葛手トンネル,豊後大野市,北部幹線
宮の内,佐伯市,上浦線
宮原,大野竹田バス（株）,梅の木線
亀の甲,臼津交通（株）,臼三線
亀の甲,大野竹田バス（株）,"菅尾経由　犬飼駅線, 臼三線"
又井,豊後大野市,菅尾線
板井迫名免利,豊後大野市,北部幹線
柳井瀬,臼津交通（株）,臼三線
柳井瀬,大野竹田バス（株）,臼三線
滝の上,豊後大野市,"南部幹線, 北部幹線"
滝の上,大野竹田バス（株）,（竹田〜）田中線
上田原,大野竹田バス（株）,高添線/高添経由犬飼線
一の鳥居,佐伯市,久保線
白丹,大野竹田バス（株）,梅の木線
栃原,臼津交通（株）,臼三線
栃原,大野竹田バス（株）,臼三線
丸山,大野竹田バス（株）,梅の木線
鍛冶屋町,豊後大野市,"田夫時線, 臼木線, 小川野・志屋線, 梨原線, 北部幹線, 綿田線, 近地・善光寺線, 鳥屋線"
和田鶴橋,豊後大野市,南部幹線
鍛治屋町,大野竹田バス（株）,やすらぎ交差点線
毛後屋トンネル,豊後大野市,北部幹線
東光寺,臼津交通（株）,臼三線
東光寺,大野竹田バス（株）,臼三線
森屋,竹田市,高伏〜直入線
清水原,佐伯市,伯大線
清水原,大分バス（株）,"金池タ〜戸次〜各停〜佐伯駅（急行・太停）, 佐伯駅〜各停〜戸次〜コンパル（急・太停）, 金池タ〜県病〜各停〜佐伯駅（急行・太停）, 佐伯駅〜各停〜県病〜コンパル（急・太停）, 金池〜県病〜コスモ〜佐伯駅（急）, 佐伯駅〜コスモ〜県病〜コンパル（急）"
清水原,臼杵市,白岩線
清水原,臼津交通（株）,割後場線
うるしま,大野竹田バス（株）,梅の木線
仲原入口,大野竹田バス（株）,梅の木線
宇藤木,佐伯市,宇藤木線
郡山,豊後大野市,田中・市民病院線
郡山,大野竹田バス（株）,（緒方〜）田中線
中原,豊後大野市,矢田線
中原,大野竹田バス（株）,（三重町〜）田中線
中河原,佐伯市,上浦線
梅の木,大野竹田バス（株）,梅の木線
朝地クリニック前,豊後大野市,"南部幹線, 田夫時線, 臼木線, 小川野・志屋線, 梨原線, 朝地・市民病院線, 北部幹線, 綿田線, 近地・善光寺線, 鳥屋線"
朝地,大野竹田バス（株）,やすらぎ交差点線
朝地支所,豊後大野市,"南部幹線, 田夫時線, 臼木線, 小川野・志屋線, 梨原線, 朝地・市民病院線, 北部幹線, 綿田線, 近地・善光寺線, 鳥屋線"
内平,佐伯市,伯大線
内平,大分バス（株）,"金池タ〜戸次〜各停〜佐伯駅（急行・太停）, 佐伯駅〜各停〜戸次〜コンパル（急・太停）, 金池タ〜県病〜各停〜佐伯駅（急行・太停）, 佐伯駅〜各停〜県病〜コンパル（急・太停）, 金池〜県病〜コスモ〜佐伯駅（急）, 佐伯駅〜コスモ〜県病〜コンパル（急）"
内平,臼津交通（株）,割後場線
鼓石,臼杵市,南野津・東谷線
鼓石,臼津交通（株）,臼三線
鼓石,大野竹田バス（株）,臼三線
浦久保入口,大野竹田バス（株）,"長湯線, 梅の木線"
川登小学校前,佐伯市,伯大線
川登小学校前,大分バス（株）,"金池タ〜戸次〜各停〜佐伯駅（急行・太停）, 佐伯駅〜各停〜戸次〜コンパル（急・太停）, 金池タ〜県病〜各停〜佐伯駅（急行・太停）, 佐伯駅〜各停〜県病〜コンパル（急・太停）, 金池〜県病〜コスモ〜佐伯駅（急）, 佐伯駅〜コスモ〜県病〜コンパル（急）"
川登小学校前,臼津交通（株）,割後場線
金田公民館前,豊後大野市,菅尾線
今俵,佐伯市,伯大線
今俵,大分バス（株）,"金池タ〜戸次〜各停〜佐伯駅（急行・太停）, 佐伯駅〜各停〜戸次〜コンパル（急・太停）, 金池タ〜県病〜各停〜佐伯駅（急行・太停）, 佐伯駅〜各停〜県病〜コンパル（急・太停）, 金池〜県病〜コスモ〜佐伯駅（急）, 佐伯駅〜コスモ〜県病〜コンパル（急）"
今俵,臼津交通（株）,割後場線
十文,臼杵市,白岩線
朝地駅前,大野竹田バス（株）,（竹田〜）田中線
小倉木,豊後大野市,木浦畑線
風連鍾乳洞入口,佐伯市,伯大線
風連鍾乳洞入口,大分バス（株）,"金池タ〜戸次〜各停〜佐伯駅（急行・太停）, 佐伯駅〜各停〜戸次〜コンパル（急・太停）, 金池タ〜県病〜各停〜佐伯駅（急行・太停）, 佐伯駅〜各停〜県病〜コンパル（急・太停）, 金池〜県病〜コスモ〜佐伯駅（急）, 佐伯駅〜コスモ〜県病〜コンパル（急）"
風連鍾乳洞入口,臼津交通（株）,割後場線
農協前,豊後大野市,"南部幹線, 田夫時線, 臼木線, 小川野・志屋線, 梨原線, 朝地・市民病院線, 北部幹線, 綿田線, 近地・善光寺線, 鳥屋線"
下平井,豊後大野市,"南部幹線, 北部幹線"
下平井,大野竹田バス（株）,（竹田〜）田中線
花香,臼津交通（株）,臼三線
花香,大野竹田バス（株）,臼三線
西部学校給食調理場前,豊後大野市,朝地・市民病院線
四辻,大野竹田バス（株）,梅の木線
辻迫,竹田市,高伏〜直入線
矢射渡,豊後大野市,木浦畑線
水無,佐伯市,久保線
椎原,臼杵市,南野津・東谷線
和田,豊後大野市,"南部幹線, 北部幹線"
代後,佐伯市,上浦線
大恩寺前,豊後大野市,"南部幹線, 田夫時線, 臼木線, 小川野・志屋線, 梨原線, 朝地・市民病院線, 北部幹線, 綿田線, 近地・善光寺線, 鳥屋線"
中の谷橋,大分バス（株）,"金池タ〜戸次〜各停〜佐伯駅（急行・太停）, 佐伯駅〜各停〜戸次〜コンパル（急・太停）, 金池タ〜県病〜各停〜佐伯駅（急行・太停）, 佐伯駅〜各停〜県病〜コンパル（急・太停）, 金池〜県病〜コスモ〜佐伯駅（急）, 佐伯駅〜コスモ〜県病〜コンパル（急）"
中の谷橋,佐伯市,"伯大線, 宇藤木線"
大恩寺前,大野竹田バス（株）,（竹田〜）田中線
近地,豊後大野市,近地・善光寺線
平井,豊後大野市,"南部幹線, 北部幹線"
西原,豊後大野市,川辺・向野線
平井,大野竹田バス（株）,（竹田〜）田中線
西原,大野竹田バス（株）,平線
源勝寺前,大野竹田バス（株）,"（竹田〜）田中線, やすらぎ交差点線"
稲葉,大野竹田バス（株）,梅の木線
道の駅あさじ,豊後大野市,"南部幹線, 田夫時線, 臼木線, 小川野・志屋線, 梨原線, 朝地・市民病院線, 北部幹線, 綿田線, 近地・善光寺線, 鳥屋線"
道の駅あさじ,大野竹田バス（株）,（竹田〜）田中線
笹川,大野竹田バス（株）,"長湯線, 梅の木線"
笹良目,佐伯市,上浦線
戸穴,佐伯市,上浦線
堀家幹線入口,豊後大野市,朝地・市民病院線
横入様前,竹田市,高伏〜直入線
辻,豊後大野市,川辺・向野線
堂の前,豊後大野市,川辺・向野線
堂の前,大野竹田バス（株）,平線
金田入口,臼津交通（株）,臼三線
金田入口,大野竹田バス（株）,"菅尾経由　犬飼駅線, 臼三線"
八幡公民館前,佐伯市,上浦線
遠久原,佐伯市,伯大線
遠久原,大分バス（株）,"金池タ〜戸次〜各停〜佐伯駅（急行・太停）, 佐伯駅〜各停〜戸次〜コンパル（急・太停）, 金池タ〜県病〜各停〜佐伯駅（急行・太停）, 佐伯駅〜各停〜県病〜コンパル（急・太停）, 金池〜県病〜コスモ〜佐伯駅（急）, 佐伯駅〜コスモ〜県病〜コンパル（急）"
遠久原,臼津交通（株）,割後場線
椎原集落センター,臼杵市,南野津・東谷線
奥畑,臼杵市,南野津・東谷線
辰の口,豊後大野市,川辺・向野線
辰の口,大野竹田バス（株）,平線
法泉庵,豊後大野市,川辺・向野線
法泉庵,大野竹田バス（株）,平線
百枝入口,大野竹田バス（株）,"高添線/高添経由犬飼線, 平線"
川中,大分バス（株）,"金池タ〜戸次〜各停〜佐伯駅（急行・太停）, 佐伯駅〜各停〜戸次〜コンパル（急・太停）, 金池タ〜県病〜各停〜佐伯駅（急行・太停）, 佐伯駅〜各停〜県病〜コンパル（急・太停）, 金池〜県病〜コスモ〜佐伯駅（急）, 佐伯駅〜コスモ〜県病〜コンパル（急）"
川中,佐伯市,"伯大線, 宇藤木線"
垣河内,佐伯市,伯大線
垣河内,大分バス（株）,"金池タ〜戸次〜各停〜佐伯駅（急行・太停）, 佐伯駅〜各停〜戸次〜コンパル（急・太停）, 金池タ〜県病〜各停〜佐伯駅（急行・太停）, 佐伯駅〜各停〜県病〜コンパル（急・太停）, 金池〜県病〜コスモ〜佐伯駅（急）, 佐伯駅〜コスモ〜県病〜コンパル（急）"
垣河内,臼津交通（株）,割後場線
床木公民館前,佐伯市,久保線
神田,大野竹田バス（株）,"長湯線, 梅の木線"
境橋,豊後大野市,矢田線
境橋,大野竹田バス（株）,（三重町〜）田中線
折立,臼杵市,南野津・東谷線
田中入口,臼杵市,南野津・東谷線
向野公民館前,豊後大野市,川辺・向野線
長慶,竹田市,高伏〜直入線
平,大野竹田バス（株）,平線
岩の下,佐伯市,久保線
岩上,豊後大野市,木浦畑線
下三宅,大野竹田バス（株）,"（竹田〜）田中線, やすらぎ交差点線"
百枝,豊後大野市,川辺・向野線
板井畑,大分バス（株）,"金池タ〜戸次〜各停〜佐伯駅（急行・太停）, 佐伯駅〜各停〜戸次〜コンパル（急・太停）, 金池タ〜県病〜各停〜佐伯駅（急行・太停）, 佐伯駅〜各停〜県病〜コンパル（急・太停）, 金池〜県病〜コスモ〜佐伯駅（急）, 佐伯駅〜コスモ〜県病〜コンパル（急）"
板井畑,臼津交通（株）,割後場線
坂井畑,佐伯市,伯大線
下尾塚公民館,豊後大野市,近地・善光寺線
下堀家,豊後大野市,"南部幹線, 近地・善光寺線"
堀家隧道上,豊後大野市,"南部幹線, 近地・善光寺線"
志賀ゲートボール場,豊後大野市,"南部幹線, 朝地・市民病院線, 近地・善光寺線"
年の神,大分バス（株）,"金池タ〜戸次〜各停〜佐伯駅（急行・太停）, 佐伯駅〜各停〜戸次〜コンパル（急・太停）, 金池タ〜県病〜各停〜佐伯駅（急行・太停）, 佐伯駅〜各停〜県病〜コンパル（急・太停）, 金池〜県病〜コスモ〜佐伯駅（急）, 佐伯駅〜コスモ〜県病〜コンパル（急）"
年の神,佐伯市,"伯大線, 宇藤木線"
両家,豊後大野市,田中・市民病院線
両家,大野竹田バス（株）,（緒方〜）田中線
大山,臼杵市,南野津・東谷線
芦刈尾崎,豊後大野市,菅尾線
大山公民館,臼杵市,南野津・東谷線
割後場,佐伯市,伯大線
割後場,大分バス（株）,"金池タ〜戸次〜各停〜佐伯駅（急行・太停）, 佐伯駅〜各停〜戸次〜コンパル（急・太停）, 金池タ〜県病〜各停〜佐伯駅（急行・太停）, 佐伯駅〜各停〜県病〜コンパル（急・太停）, 金池〜県病〜コスモ〜佐伯駅（急）, 佐伯駅〜コスモ〜県病〜コンパル（急）"
割後場,臼津交通（株）,割後場線
中野,臼杵市,白岩線
若宮支所前,豊後大野市,"南部幹線, 朝地・市民病院線"
鍛治屋,大野竹田バス（株）,"長湯線, 梅の木線"
海崎駅,佐伯市,上浦線
矢田,豊後大野市,田中・市民病院線
三重の原,臼津交通（株）,臼三線
三重の原,大野竹田バス（株）,"菅尾経由　犬飼駅線, 臼三線"
尾平,豊後大野市,"南部幹線, 北部幹線"
用作公園,豊後大野市,近地・善光寺線
芦刈公民館前,豊後大野市,菅尾線
深野,豊後大野市,木浦畑線
木浦畑公民館前,豊後大野市,木浦畑線
長迫,大野竹田バス（株）,"高添線/高添経由犬飼線, 平線"
高尾,竹田市,高伏〜直入線
下尾塚通山,豊後大野市,近地・善光寺線
生木入口,豊後大野市,"南部幹線, 朝地・市民病院線"
尺間登山口（弥生）,大分バス（株）,"金池タ〜戸次〜各停〜佐伯駅（急行・太停）, 佐伯駅〜各停〜戸次〜コンパル（急・太停）, 金池タ〜県病〜各停〜佐伯駅（急行・太停）, 佐伯駅〜各停〜県病〜コンパル（急・太停）, 金池〜県病〜コスモ〜佐伯駅（急）, 佐伯駅〜コスモ〜県病〜コンパル（急）"
尺間登山口（弥生）,佐伯市,宇藤木線
尺間登山口,佐伯市,伯大線
黒土,大分バス（株）,"金池タ〜戸次〜各停〜佐伯駅（急行・太停）, 佐伯駅〜各停〜戸次〜コンパル（急・太停）, 金池タ〜県病〜各停〜佐伯駅（急行・太停）, 佐伯駅〜各停〜県病〜コンパル（急・太停）, 金池〜県病〜コスモ〜佐伯駅（急）, 佐伯駅〜コスモ〜県病〜コンパル（急）"
黒土,佐伯市,"伯大線, 宇藤木線"
用作線入口,豊後大野市,近地・善光寺線
入城,臼杵市,南野津・東谷線
東営住宅前,臼津交通（株）,臼三線
東営住宅前,大野竹田バス（株）,"菅尾経由　犬飼駅線, 臼三線"
旧南部小学校前,豊後大野市,矢田線
矢田,大野竹田バス（株）,（三重町〜）田中線
細枝,臼杵市,南野津・東谷線
小坂柳井瀬,豊後大野市,"高柴線, 石田・大高線, 下山・前田線, 船田線"
仙床寺前,佐伯市,久保線
轟,大野竹田バス（株）,"長湯線, 梅の木線"
三宅,大野竹田バス（株）,"（竹田〜）田中線, やすらぎ交差点線"
鍵小野,竹田市,雉が平線
雉が平,竹田市,雉が平線
小野入口,豊後大野市,近地・善光寺線
上尾塚児童公園前,豊後大野市,近地・善光寺線
岩屋,臼杵市,白岩線
一の瀬,佐伯市,久保線
加良目,大野竹田バス（株）,"高添線/高添経由犬飼線, 平線"
谷川原,臼津交通（株）,臼三線
谷川原,大野竹田バス（株）,"菅尾経由　犬飼駅線, 臼三線"
上細枝,臼杵市,南野津・東谷線
JA三重支店前,豊後大野市,"高柴線, 石田・大高線, 下山・前田線, 船田線"
中角,豊後大野市,木浦畑線
三本松,豊後大野市,近地・善光寺線
志賀,豊後大野市,"南部幹線, 近地・善光寺線"
海崎入口,佐伯市,上浦線
尾平線入口,豊後大野市,"南部幹線, 北部幹線"
津留,豊後大野市,田中・市民病院線
津留,大野竹田バス（株）,（緒方〜）田中線
城原,大野竹田バス（株）,"長湯線, 梅の木線"
宇土線入口,豊後大野市,"南部幹線, 朝地・市民病院線, 北部幹線"
下津留,臼杵市,白岩線
佐渕,豊後大野市,木浦畑線
原山,大野竹田バス（株）,"高添線/高添経由犬飼線, 平線"
上折立,竹田市,雉が平線
谷（竹田）,竹田市,雉が平線
権現堂,臼津交通（株）,臼三線
権現堂,大野竹田バス（株）,"菅尾経由　犬飼駅線, 臼三線"
刈小野,竹田市,刈小野線
小仲尾,竹田市,雉が平線
田中神社前,臼杵市,南野津・東谷線
小学校前（明治）,竹田市,雉が平線
下赤嶺東区,豊後大野市,菅尾線
六田,佐伯市,久保線
津留公民館前,豊後大野市,田中・市民病院線
片山入口,佐伯市,上浦線
疣水,竹田市,"高伏〜直入線, 雉が平線"
殿成,臼杵市,南野津・東谷線
グランド前,大野竹田バス（株）,"高添線/高添経由犬飼線, 平線"
川辺西原,豊後大野市,川辺・向野線
内ヶ倉入口,竹田市,雉が平線
踏切下,大野竹田バス（株）,"（竹田〜）田中線, やすらぎ交差点線"
豊倉,臼杵市,白岩線
有縁寺前,豊後大野市,近地・善光寺線
下赤嶺東,豊後大野市,菅尾線
百枝,佐伯市,上浦線
下赤嶺東,臼津交通（株）,臼三線
下赤嶺東,大野竹田バス（株）,"菅尾経由　犬飼駅線, 臼三線"
下赤嶺中の原,豊後大野市,"高柴線, 石田・大高線, 下山・前田線, 船田線"
中高,竹田市,刈小野線
高尾入口,豊後大野市,田中・市民病院線
下折立,竹田市,雉が平線
上河原,大分バス（株）,"金池タ〜戸次〜各停〜佐伯駅（急行・太停）, 佐伯駅〜各停〜戸次〜コンパル（急・太停）, 金池タ〜県病〜各停〜佐伯駅（急行・太停）, 佐伯駅〜各停〜県病〜コンパル（急・太停）, 金池〜県病〜コスモ〜佐伯駅（急）, 佐伯駅〜コスモ〜県病〜コンパル（急）"
上河原,佐伯市,"伯大線, 宇藤木線"
地蔵原,大野竹田バス（株）,"長湯線, 梅の木線"
川辺公民館前,豊後大野市,川辺・向野線
宮生東瓜生下,豊後大野市,田中・市民病院線
原入口,豊後大野市,田中・市民病院線
桶井戸入口,竹田市,"高伏〜直入線, 雉が平線"
高尾,大野竹田バス（株）,（緒方〜）田中線
農協前（竹田）,竹田市,刈小野線
川辺,豊後大野市,川辺・向野線
市の坪,豊後大野市,"菅尾線, 高柴線, 石田・大高線, 下山・前田線, 船田線"
市の坪,臼津交通（株）,臼三線
市の坪,大野竹田バス（株）,"菅尾経由　犬飼駅線, 臼三線"
炭竈,竹田市,刈小野線
上坂田新橋,竹田市,刈小野線
元田,大分バス（株）,"金池タ〜戸次〜各停〜佐伯駅（急行・太停）, 佐伯駅〜各停〜戸次〜コンパル（急・太停）, 金池タ〜県病〜各停〜佐伯駅（急行・太停）, 佐伯駅〜各停〜県病〜コンパル（急・太停）, 金池〜県病〜コスモ〜佐伯駅（急）, 佐伯駅〜コスモ〜県病〜コンパル（急）"
元田,佐伯市,"伯大線, 宇藤木線"
岡田,佐伯市,久保線
宮城台小学校入口,竹田市,刈小野線
普光寺駐車場,豊後大野市,近地・善光寺線
上赤嶺二区公民館前,豊後大野市,川辺・向野線
宮生入口,大野竹田バス（株）,（緒方〜）田中線
長谷,臼杵市,白岩線
うしろご,豊後大野市,小坂線
上小坂公民館前,豊後大野市,小坂線
ニト台,豊後大野市,小坂線
枝入口,竹田市,"高伏〜直入線, 雉が平線"
松迫,豊後大野市,小富士線
大野竹田バス本社前,豊後大野市,川辺・向野線
大野竹田バス本社,佐伯市,柿木線
大野竹田バス本社,臼津交通（株）,臼三線
大野竹田バス本社,大野竹田バス（株）,"（三重町〜）田中線, 高添線/高添経由犬飼線, 平線, 向田団地線, 市民病院線, 菅尾経由　犬飼駅線, 柿木線, 内山観音線, 内田循環線, 臼三線"
今市,豊後大野市,"小坂線, 菅尾線, 高柴線, 石田・大高線, 下山・前田線, 船田線"
今市,臼津交通（株）,臼三線
今市,大野竹田バス（株）,"菅尾経由　犬飼駅線, 臼三線"
大野橋,豊後大野市,矢田線
大野橋,大野竹田バス（株）,（三重町〜）田中線
下玉田,豊後大野市,川辺・向野線
米納,大野竹田バス（株）,"長湯線, 梅の木線"
三重町駅,豊後大野市,"矢田線, 山田線, 内田線, 川辺・向野線, 小坂線, 菅尾線, 高柴線, 石田・大高線, 下山・前田線, 船田線"
松尾,竹田市,刈小野線
植松,大分バス（株）,"金池タ〜戸次〜各停〜佐伯駅（急行・太停）, 佐伯駅〜各停〜戸次〜コンパル（急・太停）, 金池タ〜県病〜各停〜佐伯駅（急行・太停）, 佐伯駅〜各停〜県病〜コンパル（急・太停）, 金池〜県病〜コスモ〜佐伯駅（急）, 佐伯駅〜コスモ〜県病〜コンパル（急）"
植松,佐伯市,"伯大線, 宇藤木線"
市場六区,豊後大野市,"内田線, 小坂線, 菅尾線, 高柴線, 石田・大高線, 下山・前田線, 船田線"
市場六区,臼津交通（株）,臼三線
市場六区,大野竹田バス（株）,"菅尾経由　犬飼駅線, 内田循環線, 臼三線"
竹峰,佐伯市,久保線
紙漉,大野竹田バス（株）,"長湯線, 梅の木線"
三重町駅前通り,豊後大野市,"山田線, 内田線, 川辺・向野線, 小坂線, 菅尾線, 高柴線, 石田・大高線, 下山・前田線, 船田線"
三重町駅前,佐伯市,柿木線
三重町駅前,臼津交通（株）,臼三線
三重町駅前,大野竹田バス（株）,"（三重町〜）田中線, 高添線/高添経由犬飼線, 平線, 向田団地線, 市民病院線, 菅尾経由　犬飼駅線, 柿木線, 内山観音線, 内田循環線, 臼三線"
学校跡,竹田市,"高伏〜直入線, 雉が平線"
濁淵,大野竹田バス（株）,"（竹田〜）田中線, やすらぎ交差点線"
岩戸,豊後大野市,矢田線
岩戸,大野竹田バス（株）,"（三重町〜）田中線, 市民病院線"
相原,竹田市,刈小野線
下赤嶺下区公民館前,豊後大野市,小坂線
下辻,豊後大野市,矢田線
下辻,大野竹田バス（株）,"（三重町〜）田中線, 市民病院線"
ロータリートキハ前,豊後大野市,"内田線, 小坂線, 菅尾線, 高柴線, 石田・大高線, 下山・前田線, 船田線"
ロータリートキハ前,臼津交通（株）,臼三線
ロータリートキハ前,大野竹田バス（株）,"菅尾経由　犬飼駅線, 内田循環線, 臼三線"
内田,豊後大野市,内田線
内田,大野竹田バス（株）,内田循環線
切水入口,佐伯市,久保線
中津留,豊後大野市,"朝地・市民病院線, 北部幹線"
坂の浦,佐伯市,上浦線
臼尾,大野竹田バス（株）,市民病院線
ロータリー,佐伯市,柿木線
ロータリー,臼津交通（株）,臼三線
ロータリー,大野竹田バス（株）,"（三重町〜）田中線, 高添線/高添経由犬飼線, 平線, 市民病院線, 菅尾経由　犬飼駅線, 柿木線, 内山観音線, 臼三線"
長沢,大野竹田バス（株）,向田団地線
千引,竹田市,"高伏〜直入線, 雉が平線"
市原,豊後大野市,山田線
本町,豊後大野市,山田線
本町,大野竹田バス（株）,向田団地線
濁淵橋,大野竹田バス（株）,"（竹田〜）田中線, やすらぎ交差点線"
市原団地前,大野竹田バス（株）,向田団地線
大渡,豊後大野市,田中・市民病院線
大渡,大野竹田バス（株）,（緒方〜）田中線
三重トキハ前,豊後大野市,"高柴線, 石田・大高線, 下山・前田線, 船田線"
三重幼稚園前,大野竹田バス（株）,向田団地線
三重トキハ前,大野竹田バス（株）,"向田団地線, 内田循環線"
戸屋平,臼杵市,白岩線
四ツ割,豊後大野市,矢田線
四ッ割,大野竹田バス（株）,"（三重町〜）田中線, 市民病院線"
九電三重営業所前,豊後大野市,"矢田線, 山田線, 内田線, 川辺・向野線, 小坂線, 菅尾線, 高柴線, 石田・大高線, 下山・前田線, 船田線"
大鷺,豊後大野市,内田線
大鷺,大野竹田バス（株）,内田循環線
葛港,大分バス（株）,西田病院〜コスモタウン〜葛港
葛港,佐伯市,"宇目・直川線, 本匠線, コスモタウン線"
十一,大野竹田バス（株）,"長湯線, 梅の木線"
板屋,豊後大野市,小富士線
市原,大野竹田バス（株）,向田団地線
木の瀬,大分バス（株）,"金池タ〜戸次〜各停〜佐伯駅（急行・太停）, 佐伯駅〜各停〜戸次〜コンパル（急・太停）, 金池タ〜県病〜各停〜佐伯駅（急行・太停）, 佐伯駅〜各停〜県病〜コンパル（急・太停）, 金池〜県病〜コスモ〜佐伯駅（急）, 佐伯駅〜コスモ〜県病〜コンパル（急）"
木の瀬,佐伯市,"伯大線, 宇藤木線"
小崎台団地,佐伯市,久保線
下井手,竹田市,刈小野線
市役所前,豊後大野市,"矢田線, 山田線, 内田線, 川辺・向野線, 小坂線, 菅尾線, 高柴線, 石田・大高線, 下山・前田線, 船田線"
市役所前,大野竹田バス（株）,向田団地線
監督署前,豊後大野市,"矢田線, 山田線, 内田線, 川辺・向野線, 小坂線, 菅尾線, 高柴線, 石田・大高線, 下山・前田線, 船田線"
監督署前,臼津交通（株）,臼三線
監督署前,大野竹田バス（株）,"（三重町〜）田中線, 高添線/高添経由犬飼線, 平線, 市民病院線, 菅尾経由　犬飼駅線, 柿木線, 内山観音線, 臼三線"
監督署前,佐伯市,柿木線
春日通り,大分バス（株）,西田病院〜コスモタウン〜葛港
春日通り,佐伯市,"宇目・直川線, 本匠線, コスモタウン線"
戸ノ口,豊後大野市,矢田線
戸の口,大野竹田バス（株）,"（三重町〜）田中線, 市民病院線"
県営百合ヶ丘住宅前,豊後大野市,"長谷川線, 長谷川・南部線"
みつば台,大野竹田バス（株）,内田循環線
三重中学校,大野竹田バス（株）,内田循環線
黒枝,豊後大野市,内田線
黒枝,大野竹田バス（株）,内田循環線
改善センター入口,大野竹田バス（株）,向田団地線
総合運動公園,豊後大野市,"長谷川線, 上緒方線, 長谷川・南部線, 上緒方・小富士線"
市場,豊後大野市,矢田線
市場,大野竹田バス（株）,"（三重町〜）田中線, 市民病院線"
高平,大野竹田バス（株）,"長湯線, 梅の木線"
新道,豊後大野市,矢田線
新道,大野竹田バス（株）,"（三重町〜）田中線, 市民病院線"
野尻公民館前,豊後大野市,清川・市民病院線
徳尾,竹田市,久保線
満徳寺前,竹田市,"高伏〜直入線, 雉が平線"
嶋田集会所前,豊後大野市,内田線
重政,大野竹田バス（株）,内田循環線
田の浦,佐伯市,上浦線
下志土知,竹田市,刈小野線
下自在,大野竹田バス（株）,岡城・原尻の滝線
三重総合高校,豊後大野市,"山田線, 内田線, 川辺・向野線, 小坂線, 菅尾線"
紫雲荘,豊後大野市,矢田線
紫雲荘,大野竹田バス（株）,"（三重町〜）田中線, 向田団地線, 市民病院線"
三重総合高校前,佐伯市,柿木線
三重総合高校前,臼津交通（株）,臼三線
三重総合高校前,大野竹田バス（株）,"（三重町〜）田中線, 高添線/高添経由犬飼線, 柿木線, 内山観音線, 臼三線"
玉田,豊後大野市,矢田線
玉田,大野竹田バス（株）,"（三重町〜）田中線, 市民病院線"
久保入口,竹田市,久保線
石丸,大分バス（株）,"金池タ〜戸次〜各停〜佐伯駅（急行・太停）, 佐伯駅〜各停〜戸次〜コンパル（急・太停）, 金池タ〜県病〜各停〜佐伯駅（急行・太停）, 佐伯駅〜各停〜県病〜コンパル（急・太停）, 金池〜県病〜コスモ〜佐伯駅（急）, 佐伯駅〜コスモ〜県病〜コンパル（急）"
石丸,佐伯市,"伯大線, 宇藤木線"
越生,豊後大野市,田中・市民病院線
越生,大野竹田バス（株）,（緒方〜）田中線
港公園入口,大分バス（株）,西田病院〜コスモタウン〜葛港
港公園入口,佐伯市,"宇目・直川線, 本匠線, コスモタウン線"
平田,大野竹田バス（株）,"長湯線, 梅の木線"
横田,豊後大野市,内田線
駅下住宅前,大野竹田バス（株）,市民病院線
九州藤華看護専門学校,大野竹田バス（株）,内田循環線
赤坂,竹田市,"高伏〜直入線, 雉が平線"
向田団地前,豊後大野市,矢田線
向田団地前,大野竹田バス（株）,"（三重町〜）田中線, 向田団地線, 市民病院線"
平村,大野竹田バス（株）,"長湯線, 梅の木線"
才神橋,竹田市,久保線
久保（竹田）,竹田市,久保線
安養寺,豊後大野市,矢田線
安養寺,大野竹田バス（株）,"（三重町〜）田中線, 向田団地線, 市民病院線"
小野入口,大野竹田バス（株）,岡城・原尻の滝線
軸丸入口,大野竹田バス（株）,岡城・原尻の滝線
内田集会所前,豊後大野市,内田線
上市用,竹田市,"久保線, 刈小野線"
竹田中学校前,大野竹田バス（株）,"長湯線, 梅の木線"
市用,竹田市,"久保線, 刈小野線"
栗戸,竹田市,久保線
上鹿口,大野竹田バス（株）,"長湯線, 梅の木線"
竹田市役所,竹田市,"岩本線, 馬背野線, 渡瀬線"
竹田市役所,大野竹田バス（株）,甘橡線
清川駅,豊後大野市,"通学西小線, 通学東小線, 清川・市民病院線"
ちゅうりっぷガーデン,豊後大野市,"朝地・市民病院線, 北部幹線, 近地・善光寺線, 南部東線, 南部西線, 長谷川線, 小富士線, 上緒方線, 長谷川・南部線, 上緒方・小富士線"
清川駅,大野竹田バス（株）,市民病院線
炭焼,豊後大野市,"小富士線, 上緒方・小富士線"
門前,佐伯市,久保線
支所入口,大野竹田バス（株）,岡城・原尻の滝線
佐伯駅,大分バス（株）,"佐伯駅〜パークプレイス下〜大分空港, 金池タ〜戸次〜各停〜佐伯駅（急行・太停）, 佐伯駅〜各停〜戸次〜コンパル（急・太停）, 金池タ〜県病〜各停〜佐伯駅（急行・太停）, 佐伯駅〜各停〜県病〜コンパル（急・太停）, 金池〜県病〜コスモ〜佐伯駅（急）, 佐伯駅〜コスモ〜県病〜コンパル（急）, 西田病院〜コスモタウン〜葛港"
佐伯駅,佐伯市,"宇目・直川線, 鶴見線（佐伯市）, 米水津線, 本匠線, コスモタウン線, 上浦線, 青山経由浦江線, 畑野裏経由浦江線, 伯大線, 宇藤木線"
紫雲会,大野竹田バス（株）,向田団地線
松山団地入口,大野竹田バス（株）,（緒方〜）田中線
中鹿口,大野竹田バス（株）,"長湯線, 梅の木線"
城北町,大野竹田バス（株）,"（竹田〜）田中線, やすらぎ交差点線"
道の駅きよかわ・清川支所,豊後大野市,"通学西小線, 通学東小線, 清川・市民病院線"
入楽寺前,大野竹田バス（株）,岡城・原尻の滝線
養護老人ホームながと前,大分バス（株）,"金池タ〜戸次〜各停〜佐伯駅（急行・太停）, 佐伯駅〜各停〜戸次〜コンパル（急・太停）, 金池タ〜県病〜各停〜佐伯駅（急行・太停）, 佐伯駅〜各停〜県病〜コンパル（急・太停）, 金池〜県病〜コスモ〜佐伯駅（急）, 佐伯駅〜コスモ〜県病〜コンパル（急）"
養護老人ホームながと前,佐伯市,"伯大線, 宇藤木線"
ごりょう神社前,佐伯市,柿木線
ごりょう神社前,大野竹田バス（株）,"柿木線, 内山観音線"
大久保,豊後大野市,"小富士線, 上緒方・小富士線"
大久保,大野竹田バス（株）,岡城・原尻の滝線
徳部,大野竹田バス（株）,市民病院線
白岩,臼杵市,白岩線
緒方駅,豊後大野市,"朝地・市民病院線, 北部幹線, 近地・善光寺線, 南部東線, 南部西線, 長谷川線, 小富士線, 上緒方線, 長谷川・南部線, 上緒方・小富士線, 田中・市民病院線, 清川・市民病院線"
平原（竹田）,竹田市,久保線
緒方駅前,大野竹田バス（株）,"市民病院線, （緒方〜）田中線, 岡城・原尻の滝線"
鹿口,大野竹田バス（株）,"長湯線, 梅の木線"
本城,豊後大野市,山田線
藤田,豊後大野市,山田線
上三砂,竹田市,"久保線, 刈小野線"
上三砂,大野竹田バス（株）,"長湯線, 梅の木線"
石田（竹田）,竹田市,久保線
竹田温泉花水月,竹田市,"岩本線, 馬背野線, 渡瀬線"
竹田温泉花水月,大野竹田バス（株）,"（竹田〜）田中線, 甘橡線, やすらぎ交差点線"
奥内田,豊後大野市,内田線
常楽荘前,大野竹田バス（株）,（緒方〜）田中線
野尻,大野竹田バス（株）,市民病院線
草ヶ代,竹田市,久保線
上自在公民館前,豊後大野市,"上緒方線, 上緒方・小富士線"
長迫,大野竹田バス（株）,市民病院線
中の迫,竹田市,久保線
平園（竹田）,竹田市,久保線
緒方支所,豊後大野市,"朝地・市民病院線, 北部幹線, 近地・善光寺線, 南部東線, 南部西線, 長谷川線, 小富士線, 上緒方線, 長谷川・南部線, 上緒方・小富士線, 田中・市民病院線, 清川・市民病院線"
肝煎,豊後大野市,山田線
上自在,大野竹田バス（株）,岡城・原尻の滝線
竹田駅前,竹田市,"高伏〜直入線, 岩本線, 馬背野線, 久保線, 刈小野線, 渡瀬線, 雉が平線"
竹田駅前,大野竹田バス（株）,"（竹田〜）田中線, 甘橡線, 岡城・原尻の滝線, 長湯線, 梅の木線, やすらぎ交差点線"
緒方支所前,大野竹田バス（株）,"市民病院線, （緒方〜）田中線, 岡城・原尻の滝線"
下木,竹田市,"久保線, 刈小野線"
下木,大野竹田バス（株）,"長湯線, 梅の木線"
営林署前,大野竹田バス（株）,"（竹田〜）田中線, やすらぎ交差点線"
三砂,竹田市,"久保線, 刈小野線"
三砂,大野竹田バス（株）,"長湯線, 梅の木線"
下平田,竹田市,"久保線, 刈小野線"
大畑入口,竹田市,久保線
新田小学校前,豊後大野市,山田線
平野入口,大分バス（株）,"金池タ〜戸次〜各停〜佐伯駅（急行・太停）, 佐伯駅〜各停〜戸次〜コンパル（急・太停）, 金池タ〜県病〜各停〜佐伯駅（急行・太停）, 佐伯駅〜各停〜県病〜コンパル（急・太停）, 金池〜県病〜コスモ〜佐伯駅（急）, 佐伯駅〜コスモ〜県病〜コンパル（急）, 西田病院〜コスモタウン〜葛港"
平野入口,佐伯市,"宇目・直川線, 鶴見線（佐伯市）, 米水津線, 本匠線, コスモタウン線, 上浦線, 青山経由浦江線, 畑野裏経由浦江線, 伯大線, 宇藤木線"
草深野,大野竹田バス（株）,岡城・原尻の滝線
横舞入口,竹田市,"久保線, 刈小野線"
馬場東,大野竹田バス（株）,"市民病院線, （緒方〜）田中線"
山田内,佐伯市,本匠線
市民病院,豊後大野市,"朝地・市民病院線, 北部幹線, 近地・善光寺線, 南部東線, 南部西線, 長谷川線, 小富士線, 上緒方線, 長谷川・南部線, 上緒方・小富士線, 田中・市民病院線, 清川・市民病院線"
市民病院,大野竹田バス（株）,"市民病院線, （緒方〜）田中線, 岡城・原尻の滝線"
深田公民館前,豊後大野市,山田線
古町,竹田市,"高伏〜直入線, 岩本線, 馬背野線, 久保線, 刈小野線, 渡瀬線, 雉が平線"
古町,大野竹田バス（株）,"（竹田〜）田中線, 甘橡線, 岡城・原尻の滝線, 長湯線, 梅の木線, やすらぎ交差点線"
角門,豊後大野市,山田線
大福寺前,大野竹田バス（株）,市民病院線
井上公民館前,豊後大野市,清川・市民病院線
鬼塚,佐伯市,柿木線
鬼塚,大野竹田バス（株）,"柿木線, 内山観音線"
井上,大野竹田バス（株）,市民病院線
下原,大野竹田バス（株）,岡城・原尻の滝線
山梨子入口,佐伯市,本匠線
後山田,豊後大野市,山田線
清川診療所,豊後大野市,"通学西小線, 通学東小線"
柄柄,大野竹田バス（株）,岡城・原尻の滝線
岩鼻,大野竹田バス（株）,市民病院線
南橋,佐伯市,久保線
天神,大野竹田バス（株）,市民病院線
水道口,大野竹田バス（株）,市民病院線
羽飛,豊後大野市,山田線
畑木,大分バス（株）,"金池タ〜戸次〜各停〜佐伯駅（急行・太停）, 佐伯駅〜各停〜戸次〜コンパル（急・太停）, 金池タ〜県病〜各停〜佐伯駅（急行・太停）, 佐伯駅〜各停〜県病〜コンパル（急・太停）, 金池〜県病〜コスモ〜佐伯駅（急）, 佐伯駅〜コスモ〜県病〜コンパル（急）"
畑木,佐伯市,"本匠線, 伯大線, 宇藤木線"
竹田本町,竹田市,"高伏〜直入線, 岩本線, 馬背野線, 久保線, 刈小野線, 渡瀬線, 雉が平線"
竹田本町,大野竹田バス（株）,"（竹田〜）田中線, 甘橡線, 岡城・原尻の滝線, 長湯線, 梅の木線, やすらぎ交差点線"
大泉寺下,竹田市,"久保線, 刈小野線"
税務署前,大分バス（株）,"金池タ〜戸次〜各停〜佐伯駅（急行・太停）, 佐伯駅〜各停〜戸次〜コンパル（急・太停）, 金池タ〜県病〜各停〜佐伯駅（急行・太停）, 佐伯駅〜各停〜県病〜コンパル（急・太停）, 金池〜県病〜コスモ〜佐伯駅（急）, 佐伯駅〜コスモ〜県病〜コンパル（急）, 西田病院〜コスモタウン〜葛港"
税務署前,佐伯市,"宇目・直川線, 鶴見線（佐伯市）, 米水津線, 本匠線, コスモタウン線, 上浦線, 青山経由浦江線, 畑野裏経由浦江線, 伯大線, 宇藤木線"
砂田下,豊後大野市,通学東小線
下市,大野竹田バス（株）,市民病院線
農林センター前,竹田市,"久保線, 刈小野線"
草深野,豊後大野市,"小富士線, 上緒方・小富士線"
清川小学校前,豊後大野市,"通学西小線, 通学東小線"
清川小学校前,大野竹田バス（株）,市民病院線
高校入口,大野竹田バス（株）,岡城・原尻の滝線
豊南高校前,佐伯市,"本匠線, 青山経由浦江線, 畑野裏経由浦江線, 宇藤木線"
砂田,大野竹田バス（株）,市民病院線
原尻の滝入口,大野竹田バス（株）,岡城・原尻の滝線
新田地区改善センター前,豊後大野市,山田線
谷口,佐伯市,本匠線
道の駅原尻の滝,豊後大野市,"小富士線, 上緒方線, 上緒方・小富士線"
岡城,大野竹田バス（株）,岡城・原尻の滝線
道の駅やよい前,大分バス（株）,"金池タ〜戸次〜各停〜佐伯駅（急行・太停）, 佐伯駅〜各停〜戸次〜コンパル（急・太停）, 金池タ〜県病〜各停〜佐伯駅（急行・太停）, 佐伯駅〜各停〜県病〜コンパル（急・太停）, 金池〜県病〜コスモ〜佐伯駅（急）, 佐伯駅〜コスモ〜県病〜コンパル（急）"
道の駅やよい前,佐伯市,伯大線
山川,竹田市,"高伏〜直入線, 岩本線, 馬背野線, 久保線, 刈小野線, 渡瀬線, 雉が平線"
山川,大野竹田バス（株）,"（竹田〜）田中線, 甘橡線, 長湯線, 梅の木線, やすらぎ交差点線"
岡城入口,大野竹田バス（株）,岡城・原尻の滝線
山王,竹田市,"久保線, 刈小野線"
中央通り四丁目,大分バス（株）,"金池タ〜戸次〜各停〜佐伯駅（急行・太停）, 佐伯駅〜各停〜戸次〜コンパル（急・太停）, 金池タ〜県病〜各停〜佐伯駅（急行・太停）, 佐伯駅〜各停〜県病〜コンパル（急・太停）, 金池〜県病〜コスモ〜佐伯駅（急）, 佐伯駅〜コスモ〜県病〜コンパル（急）, 西田病院〜コスモタウン〜葛港"
中央通り四丁目,佐伯市,"宇目・直川線, 鶴見線（佐伯市）, 米水津線, 本匠線, コスモタウン線, 上浦線, 青山経由浦江線, 畑野裏経由浦江線, 伯大線, 宇藤木線"
間戸,豊後大野市,"小富士線, 上緒方・小富士線"
原尻の滝,豊後大野市,小富士線
原尻の滝,大野竹田バス（株）,岡城・原尻の滝線
高畑,佐伯市,"本匠線, 青山経由浦江線, 畑野裏経由浦江線, 宇藤木線"
滑瀬,大野竹田バス（株）,岡城・原尻の滝線
多良志,豊後大野市,山田線
道の駅やよい,佐伯市,"本匠線, 宇藤木線"
野仲,豊後大野市,長谷川線
山手,竹田市,"高伏〜直入線, 岩本線, 馬背野線, 久保線, 刈小野線, 渡瀬線, 雉が平線"
山手,大野竹田バス（株）,"（竹田〜）田中線, 甘橡線, 長湯線, 梅の木線, やすらぎ交差点線"
浄運寺前,佐伯市,柿木線
浄運寺前,大野竹田バス（株）,"柿木線, 内山観音線"
長畑,豊後大野市,通学西小線
上飛田川,竹田市,"久保線, 刈小野線"
中央通り三丁目,大分バス（株）,"金池タ〜戸次〜各停〜佐伯駅（急行・太停）, 佐伯駅〜各停〜戸次〜コンパル（急・太停）, 金池タ〜県病〜各停〜佐伯駅（急行・太停）, 佐伯駅〜各停〜県病〜コンパル（急・太停）, 金池〜県病〜コスモ〜佐伯駅（急）, 佐伯駅〜コスモ〜県病〜コンパル（急）, 西田病院〜コスモタウン〜葛港"
中央通り三丁目,佐伯市,"宇目・直川線, 鶴見線（佐伯市）, 米水津線, 本匠線, コスモタウン線, 上浦線, 青山経由浦江線, 畑野裏経由浦江線, 伯大線, 宇藤木線"
中尾,豊後大野市,山田線
白山（弥生）,佐伯市,本匠線
年野,豊後大野市,小富士線
古市入口,佐伯市,久保線
知田公民館前,豊後大野市,南部西線
荒牧入口,竹田市,"久保線, 刈小野線"
宮迫石仏,豊後大野市,長谷川線
高寺,豊後大野市,山田線
坂山,佐伯市,"本匠線, 青山経由浦江線, 畑野裏経由浦江線, 宇藤木線"
飛田川,竹田市,"久保線, 刈小野線"
鳥越,竹田市,"高伏〜直入線, 岩本線, 馬背野線"
鳥越（竹田）,竹田市,"久保線, 刈小野線, 渡瀬線, 雉が平線"
鳥越,大野竹田バス（株）,"（竹田〜）田中線, 甘橡線, 長湯線, 梅の木線, やすらぎ交差点線"
深田,豊後大野市,山田線
権現,佐伯市,本匠線
宮の下,豊後大野市,南部西線
中央通り二丁目,大分バス（株）,"金池タ〜戸次〜各停〜佐伯駅（急行・太停）, 佐伯駅〜各停〜戸次〜コンパル（急・太停）, 金池タ〜県病〜各停〜佐伯駅（急行・太停）, 佐伯駅〜各停〜県病〜コンパル（急・太停）, 金池〜県病〜コスモ〜佐伯駅（急）, 佐伯駅〜コスモ〜県病〜コンパル（急）, 西田病院〜コスモタウン〜葛港"
中央通り二丁目,佐伯市,"宇目・直川線, 鶴見線（佐伯市）, 米水津線, 本匠線, コスモタウン線, 上浦線, 青山経由浦江線, 畑野裏経由浦江線, 伯大線, 宇藤木線"
田代,大野竹田バス（株）,甘橡線
コスモタウン,大分バス（株）,佐伯駅〜コスモ〜県病〜コンパル（急）
コスモタウン,佐伯市,"宇目・直川線, 本匠線, コスモタウン線, 上浦線, 青山経由浦江線, 畑野裏経由浦江線, 伯大線, 宇藤木線"
佐伯コスモタウン前,大分バス（株）,"佐伯駅〜パークプレイス下〜大分空港, 金池〜県病〜コスモ〜佐伯駅（急）, 西田病院〜コスモタウン〜葛港"
佐伯コスモタウン前,佐伯市,"宇目・直川線, 本匠線"
稲垣,大分バス（株）,"金池〜県病〜コスモ〜佐伯駅（急）, 佐伯駅〜コスモ〜県病〜コンパル（急）"
稲垣,佐伯市,"宇目・直川線, 本匠線, 伯大線"
宇田姫社前,豊後大野市,通学東小線
原尻公民館前,豊後大野市,上緒方線
倉園,豊後大野市,"小富士線, 上緒方線, 上緒方・小富士線"
中高寺,豊後大野市,山田線
鶴岡小学校前,佐伯市,"本匠線, 上浦線, 青山経由浦江線, 畑野裏経由浦江線, 宇藤木線"
かみでん,豊後大野市,"南部東線, 長谷川・南部線"
田良原,豊後大野市,"小富士線, 上緒方・小富士線"
竹田営業所,竹田市,"高伏〜直入線, 岩本線, 馬背野線, 久保線, 刈小野線, 渡瀬線, 雉が平線"
竹田営業所,大野竹田バス（株）,"（竹田〜）田中線, 甘橡線, 長湯線, 梅の木線, やすらぎ交差点線"
中央通り一丁目,大分バス（株）,"金池タ〜戸次〜各停〜佐伯駅（急行・太停）, 佐伯駅〜各停〜戸次〜コンパル（急・太停）, 金池タ〜県病〜各停〜佐伯駅（急行・太停）, 佐伯駅〜各停〜県病〜コンパル（急・太停）, 金池〜県病〜コスモ〜佐伯駅（急）, 佐伯駅〜コスモ〜県病〜コンパル（急）, 西田病院〜コスモタウン〜葛港"
中央通り一丁目,佐伯市,"宇目・直川線, 鶴見線（佐伯市）, 米水津線, 本匠線, コスモタウン線, 上浦線, 青山経由浦江線, 畑野裏経由浦江線, 伯大線, 宇藤木線"
西田病院,大分バス（株）,"金池〜県病〜コスモ〜佐伯駅（急）, 佐伯駅〜コスモ〜県病〜コンパル（急）, 西田病院〜コスモタウン〜葛港"
西田病院,佐伯市,"宇目・直川線, 久保線, 本匠線, コスモタウン線, 上浦線, 青山経由浦江線, 畑野裏経由浦江線, 伯大線, 宇藤木線"
下川成,大分バス（株）,"金池タ〜戸次〜各停〜佐伯駅（急行・太停）, 佐伯駅〜各停〜戸次〜コンパル（急・太停）, 金池タ〜県病〜各停〜佐伯駅（急行・太停）, 佐伯駅〜各停〜県病〜コンパル（急・太停）"
下川成,佐伯市,"伯大線, 宇藤木線"
グランツたけた,竹田市,"高伏〜直入線, 岩本線, 馬背野線, 久保線, 刈小野線, 渡瀬線, 雉が平線"
グランツたけた,大野竹田バス（株）,"（竹田〜）田中線, 甘橡線, 長湯線, 梅の木線, やすらぎ交差点線"
勝尾,大分バス（株）,"金池タ〜戸次〜各停〜佐伯駅（急行・太停）, 佐伯駅〜各停〜戸次〜コンパル（急・太停）, 金池タ〜県病〜各停〜佐伯駅（急行・太停）, 佐伯駅〜各停〜県病〜コンパル（急・太停）, 金池〜県病〜コスモ〜佐伯駅（急）, 佐伯駅〜コスモ〜県病〜コンパル（急）, 西田病院〜コスモタウン〜葛港"
勝尾,佐伯市,"宇目・直川線, 本匠線, コスモタウン線, 上浦線, 青山経由浦江線, 畑野裏経由浦江線, 伯大線"
風戸入口,佐伯市,本匠線
天神,豊後大野市,南部東線
小田,大分バス（株）,"金池タ〜戸次〜各停〜佐伯駅（急行・太停）, 佐伯駅〜各停〜戸次〜コンパル（急・太停）, 金池タ〜県病〜各停〜佐伯駅（急行・太停）, 佐伯駅〜各停〜県病〜コンパル（急・太停）, 金池〜県病〜コスモ〜佐伯駅（急）, 佐伯駅〜コスモ〜県病〜コンパル（急）"
小田,佐伯市,"本匠線, 伯大線, 宇藤木線"
内町入口,大分バス（株）,"金池タ〜戸次〜各停〜佐伯駅（急行・太停）, 佐伯駅〜各停〜戸次〜コンパル（急・太停）, 金池タ〜県病〜各停〜佐伯駅（急行・太停）, 佐伯駅〜各停〜県病〜コンパル（急・太停）, 金池〜県病〜コスモ〜佐伯駅（急）, 佐伯駅〜コスモ〜県病〜コンパル（急）, 西田病院〜コスモタウン〜葛港"
内町入口,佐伯市,"宇目・直川線, 鶴見線（佐伯市）, 米水津線, 本匠線, コスモタウン線, 上浦線, 青山経由浦江線, 畑野裏経由浦江線, 伯大線, 宇藤木線"
内山,佐伯市,柿木線
内山,大野竹田バス（株）,"柿木線, 内山観音線"
平井,大野竹田バス（株）,甘橡線
川入,豊後大野市,小富士線
藤原,大分バス（株）,"金池タ〜戸次〜各停〜佐伯駅（急行・太停）, 佐伯駅〜各停〜戸次〜コンパル（急・太停）, 金池タ〜県病〜各停〜佐伯駅（急行・太停）, 佐伯駅〜各停〜県病〜コンパル（急・太停）, 金池〜県病〜コスモ〜佐伯駅（急）, 佐伯駅〜コスモ〜県病〜コンパル（急）, 西田病院〜コスモタウン〜葛港"
藤原,佐伯市,"宇目・直川線, 本匠線, コスモタウン線, 上浦線, 青山経由浦江線, 畑野裏経由浦江線, 伯大線, 宇藤木線"
保健所前（佐伯）,佐伯市,鶴見線（佐伯市）
内山観音前,佐伯市,柿木線
一本松（佐伯）,大分バス（株）,"金池タ〜戸次〜各停〜佐伯駅（急行・太停）, 佐伯駅〜各停〜戸次〜コンパル（急・太停）, 金池タ〜県病〜各停〜佐伯駅（急行・太停）, 佐伯駅〜各停〜県病〜コンパル（急・太停）"
一本松,佐伯市,"伯大線, 宇藤木線"
番匠,大分バス（株）,"金池タ〜戸次〜各停〜佐伯駅（急行・太停）, 佐伯駅〜各停〜戸次〜コンパル（急・太停）, 金池タ〜県病〜各停〜佐伯駅（急行・太停）, 佐伯駅〜各停〜県病〜コンパル（急・太停）, 金池〜県病〜コスモ〜佐伯駅（急）, 佐伯駅〜コスモ〜県病〜コンパル（急）"
番匠,佐伯市,"宇目・直川線, 本匠線, 伯大線, 宇藤木線"
スポーツ公園前（本匠）,佐伯市,本匠線
鯛網代,佐伯市,鶴見線（佐伯市）
豊南,大分バス（株）,"金池タ〜戸次〜各停〜佐伯駅（急行・太停）, 佐伯駅〜各停〜戸次〜コンパル（急・太停）, 金池タ〜県病〜各停〜佐伯駅（急行・太停）, 佐伯駅〜各停〜県病〜コンパル（急・太停）, 金池〜県病〜コスモ〜佐伯駅（急）, 佐伯駅〜コスモ〜県病〜コンパル（急）, 西田病院〜コスモタウン〜葛港"
豊南,佐伯市,"宇目・直川線, 本匠線, コスモタウン線, 上浦線, 青山経由浦江線, 畑野裏経由浦江線, 伯大線, 宇藤木線"
上高寺,豊後大野市,山田線
茶屋場,豊後大野市,通学西小線
常盤橋,竹田市,"高伏〜直入線, 岩本線, 馬背野線, 渡瀬線"
常盤橋,大野竹田バス（株）,"（竹田〜）田中線, 甘橡線, 長湯線, 梅の木線"
甘橡,大野竹田バス（株）,甘橡線
上菅生,大野竹田バス（株）,甘橡線
小富士地区館,豊後大野市,"小富士線, 上緒方・小富士線"
菅生小学校前,大野竹田バス（株）,甘橡線
内山観音前,大野竹田バス（株）,"柿木線, 内山観音線"
下菅生,大野竹田バス（株）,甘橡線
大手前,大分バス（株）,"佐伯駅〜パークプレイス下〜大分空港, 金池タ〜戸次〜各停〜佐伯駅（急行・太停）, 佐伯駅〜各停〜戸次〜コンパル（急・太停）, 金池タ〜県病〜各停〜佐伯駅（急行・太停）, 佐伯駅〜各停〜県病〜コンパル（急・太停）, 金池〜県病〜コスモ〜佐伯駅（急）, 佐伯駅〜コスモ〜県病〜コンパル（急）, 西田病院〜コスモタウン〜葛港"
大手前,佐伯市,"宇目・直川線, 黒沢・岸河内線, 鶴見線（佐伯市）, 米水津線, 本匠線, 下堅田・青山線, コスモタウン線, 上浦線, 青山経由浦江線, 畑野裏経由浦江線, 伯大線, 宇藤木線"
角石,大分バス（株）,"金池タ〜戸次〜各停〜佐伯駅（急行・太停）, 佐伯駅〜各停〜戸次〜コンパル（急・太停）, 金池タ〜県病〜各停〜佐伯駅（急行・太停）, 佐伯駅〜各停〜県病〜コンパル（急・太停）, 金池〜県病〜コスモ〜佐伯駅（急）, 佐伯駅〜コスモ〜県病〜コンパル（急）, 西田病院〜コスモタウン〜葛港"
角石,佐伯市,"宇目・直川線, 本匠線, コスモタウン線, 上浦線, 青山経由浦江線, 畑野裏経由浦江線, 伯大線, 宇藤木線"
上岡,大分バス（株）,"金池タ〜戸次〜各停〜佐伯駅（急行・太停）, 佐伯駅〜各停〜戸次〜コンパル（急・太停）, 金池タ〜県病〜各停〜佐伯駅（急行・太停）, 佐伯駅〜各停〜県病〜コンパル（急・太停）"
上岡,佐伯市,"伯大線, 宇藤木線"
広小路,佐伯市,"黒沢・岸河内線, 米水津線, 下堅田・青山線, 青山経由浦江線, 畑野裏経由浦江線"
塩屋橋,佐伯市,鶴見線（佐伯市）
前辻,豊後大野市,上緒方線
扇森稲荷神社,大野竹田バス（株）,"（竹田〜）田中線, 長湯線, 梅の木線"
大河原,佐伯市,鶴見線（佐伯市）
石井,大野竹田バス（株）,甘橡線
下小倉,大分バス（株）,"金池タ〜戸次〜各停〜佐伯駅（急行・太停）, 佐伯駅〜各停〜戸次〜コンパル（急・太停）, 金池タ〜県病〜各停〜佐伯駅（急行・太停）, 佐伯駅〜各停〜県病〜コンパル（急・太停）"
下小倉,佐伯市,"伯大線, 宇藤木線"
下の浜,佐伯市,鶴見線（佐伯市）
中の島東町,佐伯市,鶴見線（佐伯市）
笠掛,佐伯市,本匠線
左草,豊後大野市,通学東小線
船頭町,佐伯市,"黒沢・岸河内線, 米水津線, 下堅田・青山線, 青山経由浦江線, 畑野裏経由浦江線"
松ヶ迫,佐伯市,本匠線
堀切,竹田市,"高伏〜直入線, 岩本線, 馬背野線, 渡瀬線"
堀切,大野竹田バス（株）,"（竹田〜）田中線, 甘橡線, 長湯線, 梅の木線"
樫野入口,大分バス（株）,"金池タ〜戸次〜各停〜佐伯駅（急行・太停）, 佐伯駅〜各停〜戸次〜コンパル（急・太停）, 金池タ〜県病〜各停〜佐伯駅（急行・太停）, 佐伯駅〜各停〜県病〜コンパル（急・太停）"
樫野入口,佐伯市,"伯大線, 宇藤木線"
央区前,佐伯市,鶴見線（佐伯市）
畝割,大野竹田バス（株）,甘橡線
君が園,竹田市,渡瀬線
君が園,大野竹田バス（株）,甘橡線
長野（本匠）,佐伯市,本匠線
今山入口,豊後大野市,南部西線
おおこんさこ,豊後大野市,"南部東線, 長谷川・南部線"
東灘,佐伯市,鶴見線（佐伯市）
玉来,竹田市,"高伏〜直入線, 岩本線, 馬背野線, 渡瀬線"
玉来,大野竹田バス（株）,"（竹田〜）田中線, 甘橡線, 長湯線, 梅の木線"
竹田玉来,大野竹田バス（株）,"（竹田〜）田中線, 長湯線, 梅の木線"
池船,佐伯市,"黒沢・岸河内線, 米水津線, 下堅田・青山線, 青山経由浦江線, 畑野裏経由浦江線"
辻,豊後大野市,"上緒方線, 上緒方・小富士線"
塚山,大野竹田バス（株）,甘橡線
門田（弥生）,佐伯市,宇目・直川線
松本,竹田市,渡瀬線
松本,大野竹田バス（株）,甘橡線
吹浦,佐伯市,鶴見線（佐伯市）
本匠地区公民館前,佐伯市,本匠線
穴井迫（渡瀬線）,竹田市,渡瀬線
穴井迫,大野竹田バス（株）,甘橡線
戸上,大野竹田バス（株）,甘橡線
久土知入口,豊後大野市,長谷川線
二柱神社前,大野竹田バス（株）,甘橡線
女島橋,佐伯市,鶴見線（佐伯市）
小宛,豊後大野市,"小富士線, 上緒方・小富士線"
原山,大野竹田バス（株）,甘橡線
西玉来,竹田市,"馬背野線, 渡瀬線"
西玉来,大野竹田バス（株）,"（竹田〜）田中線, 甘橡線, 長湯線, 梅の木線"
南部小学校前,竹田市,渡瀬線
南部小学校前,大野竹田バス（株）,甘橡線
三九郎谷,佐伯市,鶴見線（佐伯市）
本匠振興局前,佐伯市,本匠線
外小浦,佐伯市,鶴見線（佐伯市）
上年野,豊後大野市,"上緒方線, 上緒方・小富士線"
宇田枝,豊後大野市,通学東小線
敷場,佐伯市,梶寄線
東中,竹田市,岩本線
上新道,竹田市,馬背野線
大水車の郷入口,佐伯市,本匠線
中小浦,佐伯市,鶴見線（佐伯市）
丹賀,佐伯市,梶寄線
三迫,大野竹田バス（株）,甘橡線
小川入口,佐伯市,本匠線
鮪浦,佐伯市,梶寄線
小半,佐伯市,本匠線
玉来駅前,竹田市,岩本線
上門田,佐伯市,宇目・直川線
二本松,大野竹田バス（株）,甘橡線
農協前,佐伯市,青山経由浦江線
大川,佐伯市,梶寄線
政所公民館前,竹田市,"岩本線, 馬背野線"
東入口,佐伯市,鶴見線（佐伯市）
蛇崎西,佐伯市,"黒沢・岸河内線, 米水津線, 下堅田・青山線, 畑野裏経由浦江線"
広浦,佐伯市,梶寄線
入江橋,佐伯市,鶴見線（佐伯市）
牧原入口,豊後大野市,"上緒方線, 上緒方・小富士線"
久土知前平,豊後大野市,長谷川線
地松浦入口,佐伯市,鶴見線（佐伯市）
荒瀬,佐伯市,本匠線
下馬背畑,豊後大野市,南部東線
八幡社前,竹田市,岩本線
高山（本匠）,佐伯市,本匠線
小半入口,佐伯市,本匠線
宇土,竹田市,渡瀬線
蛇崎,佐伯市,"鶴見線（佐伯市）, 米水津線, 下堅田・青山線, 畑野裏経由浦江線"
匠南団地入口,佐伯市,青山経由浦江線
あざみ,竹田市,渡瀬線
敷場入口,佐伯市,梶寄線
大行事八幡社前,豊後大野市,南部西線
鳥越（佐伯）,佐伯市,鶴見線（佐伯市）
地松浦,佐伯市,鶴見線（佐伯市）
鮪浦入口,佐伯市,梶寄線
楠木,佐伯市,本匠線
トキハインダストリー,佐伯市,"黒沢・岸河内線, 下堅田・青山線"
牧原,豊後大野市,"上緒方線, 上緒方・小富士線"
梶寄,佐伯市,梶寄線
井ノ上公民館前,佐伯市,本匠線
鶴見振興局入口,佐伯市,鶴見線（佐伯市）
宝生寺入口,豊後大野市,通学東小線
久土入口,佐伯市,宇目・直川線
井ノ上（本匠）,佐伯市,本匠線
馬渡,竹田市,"岩本線, 馬背野線"
茶屋ヶ鼻（鶴見線）,佐伯市,鶴見線（佐伯市）
松谷,佐伯市,柿木線
松谷,大野竹田バス（株）,柿木線
渡瀬,竹田市,渡瀬線
中野入口,豊後大野市,通学東小線
宮迫,豊後大野市,通学東小線
羽出,佐伯市,梶寄線
茶屋ヶ鼻,佐伯市,"米水津線, 畑野裏経由浦江線"
寺原,豊後大野市,"上緒方線, 上緒方・小富士線"
Aコープ鶴見店前,佐伯市,米水津・鶴見線
上村,竹田市,岩本線
鶴御崎燈台登り口,佐伯市,梶寄線
中山,佐伯市,青山経由浦江線
鶴見地区公民館前,佐伯市,"鶴見線（佐伯市）, 梶寄線, 米水津・鶴見線"
下梶寄,佐伯市,梶寄線
中犬塚,豊後大野市,南部西線
すだし,佐伯市,梶寄線
帆波浦,佐伯市,梶寄線
鶴見診療所,佐伯市,米水津・鶴見線
桑野浦,佐伯市,梶寄線
祇園,佐伯市,宇目・直川線
作網代,佐伯市,梶寄線
伏野,豊後大野市,通学東小線
津志河内橋,佐伯市,"米水津線, 畑野裏経由浦江線"
JA清川支店,豊後大野市,"通学西小線, 南部東線"
柚木,豊後大野市,"上緒方線, 上緒方・小富士線"
上祇園,佐伯市,宇目・直川線
御霊八社,豊後大野市,"南部東線, 長谷川・南部線"
政所,竹田市,"岩本線, 馬背野線"
尾迫,豊後大野市,"上緒方線, 上緒方・小富士線"
日野浦,佐伯市,梶寄線
東中山,佐伯市,青山経由浦江線
新赤川トンネル,豊後大野市,"上緒方線, 上緒方・小富士線"
川原,佐伯市,黒沢・岸河内線
小石原,竹田市,馬背野線
猿戸,佐伯市,梶寄線
津留,豊後大野市,通学東小線
江良,佐伯市,宇目・直川線
中浦校前,佐伯市,梶寄線
猿口,竹田市,岩本線
公明堂,豊後大野市,通学西小線
島江,佐伯市,梶寄線
田淵,佐伯市,青山経由浦江線
元越,佐伯市,黒沢・岸河内線
谷,佐伯市,黒沢・岸河内線
野添,佐伯市,黒沢・岸河内線
下冬原前,豊後大野市,"上緒方線, 上緒方・小富士線"
地蔵前,竹田市,馬背野線
田渕,佐伯市,黒沢・岸河内線
須留木,佐伯市,"米水津線, 畑野裏経由浦江線"
観喜,佐伯市,黒沢・岸河内線
小島・長陽会前,佐伯市,下堅田・青山線
中原,豊後大野市,通学東小線
堤内,佐伯市,宇目・直川線
佐伯南中学校,佐伯市,黒沢・岸河内線
小岩本,竹田市,岩本線
田代,竹田市,"岩本線, 馬背野線"
山中入口,佐伯市,柿木線
山中入口,大野竹田バス（株）,柿木線
小島公民館入口,佐伯市,下堅田・青山線
南部地区館,豊後大野市,"南部東線, 長谷川・南部線"
下徳田,豊後大野市,"上緒方線, 上緒方・小富士線"
松内,佐伯市,本匠線
小原入口,豊後大野市,通学西小線
日平センター前,佐伯市,本匠線
小畑,竹田市,"岩本線, 馬背野線"
天神尾,豊後大野市,"南部東線, 南部西線, 長谷川線, 長谷川・南部線"
中越,佐伯市,梶寄線
羽木川,佐伯市,本匠線
美ヶ草,豊後大野市,南部東線
土井,佐伯市,"米水津線, 畑野裏経由浦江線"
汐月,佐伯市,青山経由浦江線
馬場,竹田市,"岩本線, 馬背野線"
馬背野,竹田市,馬背野線
津志河内公民館前,佐伯市,下堅田・青山線
小谷,佐伯市,黒沢・岸河内線
上犬塚,豊後大野市,"長谷川線, 長谷川・南部線"
高鼻公園前,竹田市,馬背野線
角道,佐伯市,畑野裏経由浦江線
築良田,佐伯市,米水津線
柏江,佐伯市,下堅田・青山線
宇山,佐伯市,青山経由浦江線
岩本,竹田市,岩本線
木野原,豊後大野市,"上緒方線, 上緒方・小富士線"
坂本,佐伯市,柿木線
坂本,大野竹田バス（株）,柿木線
小原,豊後大野市,通学西小線
下の口,佐伯市,宇目・直川線
泥谷口,佐伯市,黒沢・岸河内線
因尾診療所前,佐伯市,本匠線
中学校前,竹田市,"岩本線, 馬背野線"
花木沢,豊後大野市,"長谷川線, 長谷川・南部線"
岡山入口,佐伯市,畑野裏経由浦江線
因尾出張所前,佐伯市,本匠線
中畑,竹田市,岩本線
堂ノ間グラウンド前,佐伯市,本匠線
直見駅前,佐伯市,宇目・直川線
鹿屋入口,豊後大野市,南部西線
下津江,竹田市,馬背野線
小迫,豊後大野市,長谷川線
岡の下,佐伯市,米水津線
総合体育館前,佐伯市,黒沢・岸河内線
豊後荻駅前,竹田市,"岩本線, 馬背野線"
松浦越,佐伯市,米水津線
板屋（本匠）,佐伯市,本匠線
井戸入口,竹田市,馬背野線
木野原入口,豊後大野市,"上緒方線, 上緒方・小富士線"
岡,佐伯市,米水津線
下堅田地区公民館前,佐伯市,下堅田・青山線
市谷,佐伯市,下堅田・青山線
下の原,竹田市,馬背野線
大野,佐伯市,"米水津線, 青山経由浦江線"
巣石入口,豊後大野市,"上緒方線, 上緒方・小富士線"
高岩,竹田市,岩本線
原,佐伯市,米水津線
板屋松葉,佐伯市,本匠線
泥谷,佐伯市,"下堅田・青山線, 青山経由浦江線"
桜町,竹田市,"岩本線, 馬背野線"
河原立,竹田市,岩本線
上緒方郵便局,豊後大野市,"上緒方線, 上緒方・小富士線"
広石,豊後大野市,南部西線
恵良原,竹田市,馬背野線
竹の浦,佐伯市,"米水津線, 米水津・鶴見線"
徳尾入口,豊後大野市,南部西線
潮月寺下,佐伯市,"米水津線, 米水津・鶴見線"
狐窪,佐伯市,畑野裏経由浦江線
柳の元,竹田市,"岩本線, 馬背野線"
津久馬,竹田市,馬背野線
浦代東,佐伯市,"米水津線, 米水津・鶴見線"
米山,豊後大野市,"長谷川線, 上緒方線, 上緒方・小富士線"
柿迫,豊後大野市,"南部西線, 長谷川・南部線"
樫の浦,佐伯市,"米水津線, 米水津・鶴見線"
萩支所福祉健康エリア前,竹田市,馬背野線
米水津小学校前,佐伯市,"米水津線, 米水津・鶴見線"
冬原,豊後大野市,長谷川線
木場,佐伯市,"米水津線, 米水津・鶴見線"
蔵内,豊後大野市,通学西小線
道越入口,佐伯市,宇目・直川線
浦代,佐伯市,"米水津線, 米水津・鶴見線"
久保浦,佐伯市,"米水津線, 米水津・鶴見線"
粟嶋神社前,佐伯市,"米水津線, 米水津・鶴見線"
鍛冶屋,佐伯市,黒沢・岸河内線
米水津振興局,佐伯市,"米水津線, 米水津・鶴見線"
川床,竹田市,岩本線
西の平,佐伯市,畑野裏経由浦江線
小浦,佐伯市,"米水津線, 米水津・鶴見線"
鹿渕,佐伯市,本匠線
波越,佐伯市,"下堅田・青山線, 青山経由浦江線"
長小野,豊後大野市,南部西線
加賀知,豊後大野市,"南部西線, 長谷川・南部線"
遠野,豊後大野市,長谷川線
田鶴音,佐伯市,"米水津線, 米水津・鶴見線"
岸河内,佐伯市,黒沢・岸河内線
桟敷,佐伯市,畑野裏経由浦江線
岩戸,竹田市,岩本線
開拓,豊後大野市,"上緒方線, 上緒方・小富士線"
鴫田,竹田市,岩本線
西野入口,佐伯市,"下堅田・青山線, 青山経由浦江線"
左右知,豊後大野市,通学西小線
尾首入口,豊後大野市,南部西線
米水津中学校前,佐伯市,"米水津線, 米水津・鶴見線"
柏野公会堂下,豊後大野市,通学西小線
牛ヶ迫,豊後大野市,"上緒方線, 上緒方・小富士線"
鴫田公民館前,竹田市,岩本線
虫月,佐伯市,本匠線
真茅,豊後大野市,南部西線
向津留入口,佐伯市,畑野裏経由浦江線
波越入口,佐伯市,"下堅田・青山線, 青山経由浦江線"
水口入口,佐伯市,宇目・直川線
波越常楽寺前,佐伯市,下堅田・青山線
奥畑入口,佐伯市,柿木線
奥畑入口,大野竹田バス（株）,柿木線
土入,豊後大野市,南部西線
黒野入口,竹田市,岩本線
舞次,竹田市,岩本線
姥社,豊後大野市,"南部西線, 長谷川・南部線"
水口,竹田市,岩本線
瓜作,竹田市,岩本線
間庭,佐伯市,宇目・直川線
永野,佐伯市,畑野裏経由浦江線
中野,豊後大野市,"上緒方線, 上緒方・小富士線"
長谷緒井路,豊後大野市,"長谷川線, 長谷川・南部線"
栗生明王寺前,豊後大野市,長谷川・南部線
石打,佐伯市,"下堅田・青山線, 青山経由浦江線"
大越入口（森の木橋前）,佐伯市,黒沢・岸河内線
西福寺,竹田市,岩本線
河内入口（直川）,佐伯市,宇目・直川線
馬場,豊後大野市,"上緒方線, 上緒方・小富士線"
東福寺,竹田市,岩本線
小中尾入口,佐伯市,畑野裏経由浦江線
向原,竹田市,岩本線
公民館前,竹田市,岩本線
下府坂,佐伯市,"下堅田・青山線, 青山経由浦江線"
湯迫,豊後大野市,"長谷川線, 長谷川・南部線"
石打区公民館前,佐伯市,下堅田・青山線
うえ原,竹田市,岩本線
大中尾,佐伯市,畑野裏経由浦江線
府坂,佐伯市,"下堅田・青山線, 青山経由浦江線"
宮平,竹田市,岩本線
八屋,豊後大野市,"上緒方線, 上緒方・小富士線"
竹ノ下（本匠）,佐伯市,本匠線
中津留（直川）,佐伯市,宇目・直川線
堂の内,豊後大野市,"長谷川線, 長谷川・南部線"
樫峰入口,佐伯市,柿木線
樫峰入口,大野竹田バス（株）,柿木線
竹角,佐伯市,"黒沢・岸河内線, 下堅田・青山線, 青山経由浦江線"
宮の下（直川）,佐伯市,宇目・直川線
大内浦,佐伯市,"米水津線, 米水津・鶴見線"
直川駅前,佐伯市,宇目・直川線
向船場,佐伯市,宇目・直川線
上津川,佐伯市,本匠線
小原,豊後大野市,"長谷川線, 長谷川・南部線"
直川振興局,佐伯市,宇目・直川線
神の原橋,佐伯市,宇目・直川線
直川中学校前,佐伯市,宇目・直川線
直川振興局入口,佐伯市,宇目・直川線
棚野,佐伯市,"黒沢・岸河内線, 下堅田・青山線, 青山経由浦江線"
宮の下,佐伯市,"米水津線, 米水津・鶴見線"
大鶴入口,佐伯市,宇目・直川線
棚野カサ,佐伯市,下堅田・青山線
羽木入口,佐伯市,宇目・直川線
色利,佐伯市,"米水津線, 米水津・鶴見線"
大鶴,佐伯市,宇目・直川線
月形（直川）,佐伯市,宇目・直川線
古庵,佐伯市,"米水津線, 米水津・鶴見線"
宮ノ浦,佐伯市,"米水津線, 米水津・鶴見線"
市福所,佐伯市,"黒沢・岸河内線, 下堅田・青山線, 青山経由浦江線"
下滞迫,豊後大野市,"長谷川線, 長谷川・南部線"
色宮小学校入口,佐伯市,米水津線
色宮小学校前,佐伯市,米水津・鶴見線
水産基地前,佐伯市,"米水津線, 米水津・鶴見線"
栗林,豊後大野市,長谷川線
川井,佐伯市,青山経由浦江線
青山地区公民館前,佐伯市,"黒沢・岸河内線, 下堅田・青山線"
大津留（直川）,佐伯市,宇目・直川線
又江,佐伯市,宇目・直川線
柚の原,佐伯市,宇目・直川線
尾ノ上,佐伯市,宇目・直川線
上津小野,佐伯市,柿木線
上津小野,大野竹田バス（株）,柿木線
庵の木,佐伯市,宇目・直川線
上の地,佐伯市,宇目・直川線
大村,豊後大野市,長谷川線
伏木入口,佐伯市,黒沢・岸河内線
うだき,佐伯市,下堅田・青山線
谷川,佐伯市,青山経由浦江線
上滞迫,豊後大野市,"長谷川線, 長谷川・南部線"
岸の上,佐伯市,宇目・直川線
大石,佐伯市,宇目・直川線
山口地下,佐伯市,下堅田・青山線
山口,佐伯市,青山経由浦江線
柚の木,佐伯市,柿木線
柚の木,大野竹田バス（株）,柿木線
市野野,佐伯市,黒沢・岸河内線
尾浦トンネル入口,佐伯市,畑野裏経由浦江線
尾浦,佐伯市,畑野裏経由浦江線
黒沢,佐伯市,黒沢・岸河内線
傾山登山口,豊後大野市,長谷川線
釘戸,佐伯市,柿木線
釘戸,大野竹田バス（株）,柿木線
見明,佐伯市,宇目・直川線
下城,佐伯市,宇目・直川線
市営住宅尾浦団地前,佐伯市,畑野裏経由浦江線
福網代,佐伯市,畑野裏経由浦江線
山口橋,佐伯市,青山経由浦江線
上畑,豊後大野市,長谷川線
平瀬橋,佐伯市,柿木線
平瀬橋,大野竹田バス（株）,柿木線
椛ヶ原,佐伯市,宇目・直川線
中津留,佐伯市,畑野裏経由浦江線
船形,佐伯市,黒沢・岸河内線
上爪,佐伯市,宇目・直川線
地蔵前（宇目）,佐伯市,宇目・直川線
地蔵前,佐伯市,柿木線
地蔵前,大野竹田バス（株）,柿木線
緑豊中学校前,佐伯市,"宇目・直川線, 柿木線"
緑豊中学校前,大野竹田バス（株）,柿木線
家畜市場,佐伯市,"宇目・直川線, 柿木線"
家畜市場,大野竹田バス（株）,柿木線
振興局前,佐伯市,柿木線
うめタウン326,佐伯市,宇目・直川線
緑豊小学校入口,佐伯市,"宇目・直川線, 柿木線"
緑豊小学校入口,大野竹田バス（株）,柿木線
花木,佐伯市,宇目・直川線
杭の内,佐伯市,宇目・直川線
上小野市,佐伯市,柿木線
上小野市,大野竹田バス（株）,柿木線
宇目振興局前,佐伯市,宇目・直川線
宇目振興局前,大野竹田バス（株）,柿木線
上千束,佐伯市,"宇目・直川線, 柿木線"
上千束,大野竹田バス（株）,柿木線
田中,佐伯市,畑野裏経由浦江線
三軒家,佐伯市,青山経由浦江線
柿木,佐伯市,"宇目・直川線, 柿木線"
柿木,大野竹田バス（株）,柿木線
くわ津留,佐伯市,"宇目・直川線, 柿木線"
桑津留,大野竹田バス（株）,柿木線
新徳寺,佐伯市,"宇目・直川線, 柿木線"
新徳寺,大野竹田バス（株）,柿木線
小野市,佐伯市,"宇目・直川線, 柿木線"
小野市,大野竹田バス（株）,柿木線
畑野浦,佐伯市,畑野裏経由浦江線
井手野津留,佐伯市,"宇目・直川線, 柿木線"
井手野津留,大野竹田バス（株）,柿木線
小野市保育所前,佐伯市,宇目・直川線
千束（宇目）,佐伯市,宇目・直川線
千束,佐伯市,柿木線
千束,大野竹田バス（株）,柿木線
楢の木,佐伯市,宇目・直川線
船付場,佐伯市,畑野裏経由浦江線
中津留入口,佐伯市,宇目・直川線
ふれあいセンター宇目,佐伯市,宇目・直川線
塩見園,佐伯市,宇目・直川線
市場前,佐伯市,畑野裏経由浦江線
内田（宇目）,佐伯市,宇目・直川線
打水,佐伯市,宇目・直川線
一本橋,佐伯市,畑野裏経由浦江線
仲山,佐伯市,宇目・直川線
ドライブイン前,佐伯市,宇目・直川線
大原（宇目）,佐伯市,宇目・直川線
土岩,豊後大野市,長谷川線
重岡駅,佐伯市,宇目・直川線
大向,佐伯市,畑野裏経由浦江線
楠本,佐伯市,畑野裏経由浦江線
小金,佐伯市,畑野裏経由浦江線
下の谷,佐伯市,畑野裏経由浦江線
下尾平,豊後大野市,長谷川線
灘,佐伯市,畑野裏経由浦江線
仲川原,佐伯市,"畑野裏経由浦江線, 波当津・仲川原線"
轟峠,佐伯市,青山経由浦江線
西野浦東,佐伯市,"畑野裏経由浦江線, 波当津・仲川原線"
西集会場前,佐伯市,"畑野裏経由浦江線, 波当津・仲川原線"
越ノ浦,佐伯市,"畑野裏経由浦江線, 波当津・仲川原線"
ひめみぎ,佐伯市,畑野裏経由浦江線
くぶら,佐伯市,"畑野裏経由浦江線, 波当津・仲川原線"
尾平鉱山,豊後大野市,長谷川線
東中浜,佐伯市,"畑野裏経由浦江線, 波当津・仲川原線"
河内,佐伯市,"畑野裏経由浦江線, 波当津・仲川原線"
下入津局前,佐伯市,波当津・仲川原線
野々河内,佐伯市,波当津・仲川原線
高山トンネル入口,佐伯市,波当津・仲川原線
坪入口,佐伯市,波当津・仲川原線
高山,佐伯市,波当津・仲川原線
元猿海水浴場前,佐伯市,波当津・仲川原線
インターパーク前,佐伯市,"青山経由浦江線, 波当津・仲川原線"
森崎,佐伯市,"青山経由浦江線, 波当津・仲川原線"
上河内,佐伯市,青山経由浦江線
元猿集会所前,佐伯市,波当津・仲川原線
翔南学園,佐伯市,波当津・仲川原線
下河内,佐伯市,青山経由浦江線
猪串,佐伯市,"青山経由浦江線, 波当津・仲川原線"
道の駅かまえ,佐伯市,"青山経由浦江線, 波当津・仲川原線"
蒲江トンネル入口,佐伯市,青山経由浦江線
鷲谷住宅前,佐伯市,"青山経由浦江線, 波当津・仲川原線"
蒲江郵便局前,佐伯市,"青山経由浦江線, 波当津・仲川原線"
蒲江振興局,佐伯市,波当津・仲川原線
船付,佐伯市,波当津・仲川原線
長津留,佐伯市,"青山経由浦江線, 波当津・仲川原線"
共栄橋,佐伯市,"青山経由浦江線, 波当津・仲川原線"
蒲江,佐伯市,"青山経由浦江線, 波当津・仲川原線"
小向,佐伯市,"青山経由浦江線, 波当津・仲川原線"
中村入口,佐伯市,"青山経由浦江線, 波当津・仲川原線"
福戸鼻,佐伯市,"青山経由浦江線, 波当津・仲川原線"
地下東,佐伯市,波当津・仲川原線
西ノ崎公園前,佐伯市,波当津・仲川原線
小蒲江,佐伯市,"青山経由浦江線, 波当津・仲川原線"
カバネ,佐伯市,波当津・仲川原線
越田尾,佐伯市,"青山経由浦江線, 波当津・仲川原線"
田尾の下,佐伯市,"青山経由浦江線, 波当津・仲川原線"
名護屋漁協前,佐伯市,"青山経由浦江線, 波当津・仲川原線"
丸市尾,佐伯市,"青山経由浦江線, 波当津・仲川原線"
浦ノ迫,佐伯市,波当津・仲川原線
葛原,佐伯市,波当津・仲川原線
波当津集会所前,佐伯市,波当津・仲川原線
荒網代東（地下）,佐伯市,大入島線
荒網代西（由ケ浦）,佐伯市,大入島線
荒網代西区公民館前,佐伯市,大入島線
石間地区公民館前,佐伯市,大入島線
田中酒店前,佐伯市,大入島線
フェリー乗り場,佐伯市,大入島線
